Email,Description,Project,Start date,Start time,Duration
stefano.crapanzano@chu.ulg.ac.be,Administrateur : Perl (command line) - python  main.py,IT,2021-09-15,08:35:15,00:00:02
stefano.crapanzano@chu.ulg.ac.be,Envoyés - erp.sai@chuliege.be - Mozilla Thunderbird,Helpdesk général,2021-09-15,08:35:17,00:00:04
stefano.crapanzano@chu.ulg.ac.be,Envoyés - erp.sai@chuliege.be - Mozilla Thunderbird,Helpdesk général,2021-09-15,09:03:09,00:01:34
stefano.crapanzano@chu.ulg.ac.be,Envoyés - erp.sai@chuliege.be - Mozilla Thunderbird,Helpdesk général,2021-09-15,09:25:56,00:02:15
stefano.crapanzano@chu.ulg.ac.be,Envoyés - erp.sai@chuliege.be - Mozilla Thunderbird,Helpdesk général,2021-09-15,09:50:09,00:00:34
stefano.crapanzano@chu.ulg.ac.be,Envoyés - erp.sai@chuliege.be - Mozilla Thunderbird,Helpdesk général,2021-09-15,09:50:48,00:00:04
stefano.crapanzano@chu.ulg.ac.be,Envoyés - erp.sai@chuliege.be - Mozilla Thunderbird,Helpdesk général,2021-09-15,09:51:07,00:01:06
stefano.crapanzano@chu.ulg.ac.be,Envoyés - erp.sai@chuliege.be - Mozilla Thunderbird,Helpdesk général,2021-09-15,09:54:32,00:00:03
stefano.crapanzano@chu.ulg.ac.be,Envoyés - erp.sai@chuliege.be - Mozilla Thunderbird,Helpdesk général,2021-09-15,10:21:52,00:00:15
stefano.crapanzano@chu.ulg.ac.be,Envoyés - erp.sai@chuliege.be - Mozilla Thunderbird,Helpdesk général,2021-09-15,10:55:16,00:00:04
stefano.crapanzano@chu.ulg.ac.be,Envoyés - erp.sai@chuliege.be - Mozilla Thunderbird,Helpdesk général,2021-09-15,11:00:47,00:00:41
stefano.crapanzano@chu.ulg.ac.be,Envoyés - erp.sai@chuliege.be - Mozilla Thunderbird,Helpdesk général,2021-09-15,11:03:50,00:00:03
stefano.crapanzano@chu.ulg.ac.be,Courrier entrant - erp.sai@chuliege.be - Mozilla Thunderbird,Helpdesk général,2021-09-15,08:35:22,00:00:33
stefano.crapanzano@chu.ulg.ac.be,Courrier entrant - erp.sai@chuliege.be - Mozilla Thunderbird,Helpdesk général,2021-09-15,08:35:58,00:00:04
stefano.crapanzano@chu.ulg.ac.be,Courrier entrant - erp.sai@chuliege.be - Mozilla Thunderbird,Helpdesk général,2021-09-15,08:36:43,00:01:34
stefano.crapanzano@chu.ulg.ac.be,Courrier entrant - erp.sai@chuliege.be - Mozilla Thunderbird,Helpdesk général,2021-09-15,08:52:04,00:00:06
stefano.crapanzano@chu.ulg.ac.be,Courrier entrant - erp.sai@chuliege.be - Mozilla Thunderbird,Helpdesk général,2021-09-15,08:56:13,00:00:07
stefano.crapanzano@chu.ulg.ac.be,Courrier entrant - erp.sai@chuliege.be - Mozilla Thunderbird,Helpdesk général,2021-09-15,08:59:18,00:00:03
stefano.crapanzano@chu.ulg.ac.be,Courrier entrant - erp.sai@chuliege.be - Mozilla Thunderbird,Helpdesk général,2021-09-15,08:59:22,00:00:06
stefano.crapanzano@chu.ulg.ac.be,Courrier entrant - erp.sai@chuliege.be - Mozilla Thunderbird,Helpdesk général,2021-09-15,09:00:00,00:00:04
stefano.crapanzano@chu.ulg.ac.be,Courrier entrant - erp.sai@chuliege.be - Mozilla Thunderbird,Helpdesk général,2021-09-15,09:03:03,00:00:06
stefano.crapanzano@chu.ulg.ac.be,Courrier entrant - erp.sai@chuliege.be - Mozilla Thunderbird,Helpdesk général,2021-09-15,09:04:44,00:04:54
stefano.crapanzano@chu.ulg.ac.be,Courrier entrant - erp.sai@chuliege.be - Mozilla Thunderbird,Helpdesk général,2021-09-15,09:20:23,00:01:04
stefano.crapanzano@chu.ulg.ac.be,Courrier entrant - erp.sai@chuliege.be - Mozilla Thunderbird,Helpdesk général,2021-09-15,09:25:13,00:00:04
stefano.crapanzano@chu.ulg.ac.be,Courrier entrant - erp.sai@chuliege.be - Mozilla Thunderbird,Helpdesk général,2021-09-15,09:25:22,00:00:02
stefano.crapanzano@chu.ulg.ac.be,Courrier entrant - erp.sai@chuliege.be - Mozilla Thunderbird,Helpdesk général,2021-09-15,09:28:13,00:00:02
stefano.crapanzano@chu.ulg.ac.be,Courrier entrant - erp.sai@chuliege.be - Mozilla Thunderbird,Helpdesk général,2021-09-15,09:48:31,00:00:02
stefano.crapanzano@chu.ulg.ac.be,Courrier entrant - erp.sai@chuliege.be - Mozilla Thunderbird,Helpdesk général,2021-09-15,09:49:59,00:00:02
stefano.crapanzano@chu.ulg.ac.be,Courrier entrant - erp.sai@chuliege.be - Mozilla Thunderbird,Helpdesk général,2021-09-15,09:50:07,00:00:02
stefano.crapanzano@chu.ulg.ac.be,Courrier entrant - erp.sai@chuliege.be - Mozilla Thunderbird,Helpdesk général,2021-09-15,10:12:46,00:00:14
stefano.crapanzano@chu.ulg.ac.be,Courrier entrant - erp.sai@chuliege.be - Mozilla Thunderbird,Helpdesk général,2021-09-15,10:13:09,00:00:02
stefano.crapanzano@chu.ulg.ac.be,Courrier entrant - erp.sai@chuliege.be - Mozilla Thunderbird,Helpdesk général,2021-09-15,10:13:42,00:01:44
stefano.crapanzano@chu.ulg.ac.be,Courrier entrant - erp.sai@chuliege.be - Mozilla Thunderbird,Helpdesk général,2021-09-15,10:15:28,00:00:34
stefano.crapanzano@chu.ulg.ac.be,Courrier entrant - erp.sai@chuliege.be - Mozilla Thunderbird,Helpdesk général,2021-09-15,10:16:07,00:00:22
stefano.crapanzano@chu.ulg.ac.be,Courrier entrant - erp.sai@chuliege.be - Mozilla Thunderbird,Helpdesk général,2021-09-15,10:17:45,00:00:02
stefano.crapanzano@chu.ulg.ac.be,Courrier entrant - erp.sai@chuliege.be - Mozilla Thunderbird,Helpdesk général,2021-09-15,10:19:49,00:00:53
stefano.crapanzano@chu.ulg.ac.be,Courrier entrant - erp.sai@chuliege.be - Mozilla Thunderbird,Helpdesk général,2021-09-15,10:21:43,00:00:08
stefano.crapanzano@chu.ulg.ac.be,Courrier entrant - erp.sai@chuliege.be - Mozilla Thunderbird,Helpdesk général,2021-09-15,10:22:08,00:00:17
stefano.crapanzano@chu.ulg.ac.be,Courrier entrant - erp.sai@chuliege.be - Mozilla Thunderbird,Helpdesk général,2021-09-15,10:52:09,00:02:22
stefano.crapanzano@chu.ulg.ac.be,Courrier entrant - erp.sai@chuliege.be - Mozilla Thunderbird,Helpdesk général,2021-09-15,10:54:33,00:00:40
stefano.crapanzano@chu.ulg.ac.be,Courrier entrant - erp.sai@chuliege.be - Mozilla Thunderbird,Helpdesk général,2021-09-15,10:55:21,00:00:03
stefano.crapanzano@chu.ulg.ac.be,Courrier entrant - erp.sai@chuliege.be - Mozilla Thunderbird,Helpdesk général,2021-09-15,10:58:04,00:00:15
stefano.crapanzano@chu.ulg.ac.be,Courrier entrant - erp.sai@chuliege.be - Mozilla Thunderbird,Helpdesk général,2021-09-15,10:58:36,00:00:30
stefano.crapanzano@chu.ulg.ac.be,Courrier entrant - erp.sai@chuliege.be - Mozilla Thunderbird,Helpdesk général,2021-09-15,10:59:24,00:00:02
stefano.crapanzano@chu.ulg.ac.be,Courrier entrant - erp.sai@chuliege.be - Mozilla Thunderbird,Helpdesk général,2021-09-15,11:00:24,00:00:04
stefano.crapanzano@chu.ulg.ac.be,Courrier entrant - erp.sai@chuliege.be - Mozilla Thunderbird,Helpdesk général,2021-09-15,11:00:30,00:00:14
stefano.crapanzano@chu.ulg.ac.be,Courrier entrant - erp.sai@chuliege.be - Mozilla Thunderbird,Helpdesk général,2021-09-15,11:03:53,00:00:06
stefano.crapanzano@chu.ulg.ac.be,Courrier entrant - erp.sai@chuliege.be - Mozilla Thunderbird,Helpdesk général,2021-09-15,11:04:00,00:00:04
stefano.crapanzano@chu.ulg.ac.be,Courrier entrant - erp.sai@chuliege.be - Mozilla Thunderbird,Helpdesk général,2021-09-15,11:10:56,00:00:02
stefano.crapanzano@chu.ulg.ac.be,Courrier entrant - erp.sai@chuliege.be - Mozilla Thunderbird,Helpdesk général,2021-09-15,11:21:55,00:00:07
stefano.crapanzano@chu.ulg.ac.be,Courrier entrant - erp.sai@chuliege.be - Mozilla Thunderbird,Helpdesk général,2021-09-15,11:23:39,00:00:19
stefano.crapanzano@chu.ulg.ac.be,Courrier entrant - erp.sai@chuliege.be - Mozilla Thunderbird,Helpdesk général,2021-09-15,11:24:58,00:00:03
stefano.crapanzano@chu.ulg.ac.be,Courrier entrant - erp.sai@chuliege.be - Mozilla Thunderbird,Helpdesk général,2021-09-15,11:25:45,00:00:04
stefano.crapanzano@chu.ulg.ac.be,Courrier entrant - erp.sai@chuliege.be - Mozilla Thunderbird,Helpdesk général,2021-09-15,11:26:25,00:00:45
stefano.crapanzano@chu.ulg.ac.be,Courrier entrant - erp.sai@chuliege.be - Mozilla Thunderbird,Helpdesk général,2021-09-15,11:32:06,00:00:07
stefano.crapanzano@chu.ulg.ac.be,Courrier entrant - erp.sai@chuliege.be - Mozilla Thunderbird,Helpdesk général,2021-09-15,11:43:36,00:00:02
stefano.crapanzano@chu.ulg.ac.be,Courrier entrant - erp.sai@chuliege.be - Mozilla Thunderbird,Helpdesk général,2021-09-15,11:44:42,00:00:03
stefano.crapanzano@chu.ulg.ac.be,Courrier entrant - erp.sai@chuliege.be - Mozilla Thunderbird,Helpdesk général,2021-09-15,11:44:48,00:00:02
stefano.crapanzano@chu.ulg.ac.be,Courrier entrant - erp.sai@chuliege.be - Mozilla Thunderbird,Helpdesk général,2021-09-15,11:52:47,00:00:02
stefano.crapanzano@chu.ulg.ac.be,Courrier entrant - erp.sai@chuliege.be - Mozilla Thunderbird,Helpdesk général,2021-09-15,12:01:34,00:00:07
stefano.crapanzano@chu.ulg.ac.be,Courrier entrant - erp.sai@chuliege.be - Mozilla Thunderbird,Helpdesk général,2021-09-15,12:14:16,00:00:02
stefano.crapanzano@chu.ulg.ac.be,Courrier entrant - erp.sai@chuliege.be - Mozilla Thunderbird,Helpdesk général,2021-09-15,12:24:09,00:00:33
stefano.crapanzano@chu.ulg.ac.be,Courrier entrant - stefano.crapanzano@chuliege.be - Mozilla Thunderbird,Helpdesk général,2021-09-15,08:35:55,00:00:02
stefano.crapanzano@chu.ulg.ac.be,Courrier entrant - stefano.crapanzano@chuliege.be - Mozilla Thunderbird,Helpdesk général,2021-09-15,09:20:21,00:00:02
stefano.crapanzano@chu.ulg.ac.be,Courrier entrant - stefano.crapanzano@chuliege.be - Mozilla Thunderbird,Helpdesk général,2021-09-15,09:32:12,00:00:18
stefano.crapanzano@chu.ulg.ac.be,Courrier entrant - stefano.crapanzano@chuliege.be - Mozilla Thunderbird,Helpdesk général,2021-09-15,09:49:57,00:00:02
stefano.crapanzano@chu.ulg.ac.be,Courrier entrant - stefano.crapanzano@chuliege.be - Mozilla Thunderbird,Helpdesk général,2021-09-15,09:50:45,00:00:02
stefano.crapanzano@chu.ulg.ac.be,Courrier entrant - stefano.crapanzano@chuliege.be - Mozilla Thunderbird,Helpdesk général,2021-09-15,09:54:37,00:00:03
stefano.crapanzano@chu.ulg.ac.be,Courrier entrant - stefano.crapanzano@chuliege.be - Mozilla Thunderbird,Helpdesk général,2021-09-15,11:00:45,00:00:02
stefano.crapanzano@chu.ulg.ac.be,Courrier entrant - stefano.crapanzano@chuliege.be - Mozilla Thunderbird,Helpdesk général,2021-09-15,11:21:52,00:00:02
stefano.crapanzano@chu.ulg.ac.be,Navigation système de fichier,IT,2021-09-15,08:36:03,00:00:02
stefano.crapanzano@chu.ulg.ac.be,Navigation système de fichier,IT,2021-09-15,09:00:04,00:00:02
stefano.crapanzano@chu.ulg.ac.be,Navigation système de fichier,IT,2021-09-15,09:09:50,00:00:02
stefano.crapanzano@chu.ulg.ac.be,Navigation système de fichier,IT,2021-09-15,09:14:37,00:03:30
stefano.crapanzano@chu.ulg.ac.be,Navigation système de fichier,IT,2021-09-15,09:25:26,00:00:08
stefano.crapanzano@chu.ulg.ac.be,Navigation système de fichier,IT,2021-09-15,09:28:15,00:00:02
stefano.crapanzano@chu.ulg.ac.be,Navigation système de fichier,IT,2021-09-15,09:50:01,00:00:02
stefano.crapanzano@chu.ulg.ac.be,Navigation système de fichier,IT,2021-09-15,09:58:12,00:01:02
stefano.crapanzano@chu.ulg.ac.be,Navigation système de fichier,IT,2021-09-15,09:59:50,00:00:03
stefano.crapanzano@chu.ulg.ac.be,Navigation système de fichier,IT,2021-09-15,10:00:09,00:00:14
stefano.crapanzano@chu.ulg.ac.be,Navigation système de fichier,IT,2021-09-15,10:00:29,00:00:42
stefano.crapanzano@chu.ulg.ac.be,Navigation système de fichier,IT,2021-09-15,10:01:49,00:00:25
stefano.crapanzano@chu.ulg.ac.be,Navigation système de fichier,IT,2021-09-15,10:02:22,00:00:03
stefano.crapanzano@chu.ulg.ac.be,Navigation système de fichier,IT,2021-09-15,10:02:57,00:00:55
stefano.crapanzano@chu.ulg.ac.be,Navigation système de fichier,IT,2021-09-15,10:03:57,00:00:17
stefano.crapanzano@chu.ulg.ac.be,Navigation système de fichier,IT,2021-09-15,10:04:47,00:00:08
stefano.crapanzano@chu.ulg.ac.be,Navigation système de fichier,IT,2021-09-15,10:04:59,00:00:03
stefano.crapanzano@chu.ulg.ac.be,Navigation système de fichier,IT,2021-09-15,10:08:06,00:00:11
stefano.crapanzano@chu.ulg.ac.be,Navigation système de fichier,IT,2021-09-15,10:08:21,00:00:17
stefano.crapanzano@chu.ulg.ac.be,Navigation système de fichier,IT,2021-09-15,10:17:48,00:01:51
stefano.crapanzano@chu.ulg.ac.be,Navigation système de fichier,IT,2021-09-15,10:22:26,00:00:02
stefano.crapanzano@chu.ulg.ac.be,Navigation système de fichier,IT,2021-09-15,10:22:48,00:00:08
stefano.crapanzano@chu.ulg.ac.be,Navigation système de fichier,IT,2021-09-15,10:22:59,00:00:07
stefano.crapanzano@chu.ulg.ac.be,Navigation système de fichier,IT,2021-09-15,10:23:11,00:00:06
stefano.crapanzano@chu.ulg.ac.be,Navigation système de fichier,IT,2021-09-15,10:23:19,00:00:08
stefano.crapanzano@chu.ulg.ac.be,Navigation système de fichier,IT,2021-09-15,10:24:02,00:00:27
stefano.crapanzano@chu.ulg.ac.be,Navigation système de fichier,IT,2021-09-15,10:24:42,00:00:03
stefano.crapanzano@chu.ulg.ac.be,Navigation système de fichier,IT,2021-09-15,10:25:11,00:00:34
stefano.crapanzano@chu.ulg.ac.be,Navigation système de fichier,IT,2021-09-15,10:25:54,00:00:05
stefano.crapanzano@chu.ulg.ac.be,Navigation système de fichier,IT,2021-09-15,10:26:20,00:00:08
stefano.crapanzano@chu.ulg.ac.be,Navigation système de fichier,IT,2021-09-15,10:26:37,00:00:06
stefano.crapanzano@chu.ulg.ac.be,Navigation système de fichier,IT,2021-09-15,10:28:27,00:00:19
stefano.crapanzano@chu.ulg.ac.be,Navigation système de fichier,IT,2021-09-15,10:29:00,00:00:13
stefano.crapanzano@chu.ulg.ac.be,Navigation système de fichier,IT,2021-09-15,10:29:54,00:00:23
stefano.crapanzano@chu.ulg.ac.be,Navigation système de fichier,IT,2021-09-15,10:30:36,00:00:08
stefano.crapanzano@chu.ulg.ac.be,Navigation système de fichier,IT,2021-09-15,10:30:46,00:00:02
stefano.crapanzano@chu.ulg.ac.be,Navigation système de fichier,IT,2021-09-15,10:31:56,00:00:04
stefano.crapanzano@chu.ulg.ac.be,Navigation système de fichier,IT,2021-09-15,10:33:20,00:01:56
stefano.crapanzano@chu.ulg.ac.be,Navigation système de fichier,IT,2021-09-15,10:36:23,00:00:54
stefano.crapanzano@chu.ulg.ac.be,Navigation système de fichier,IT,2021-09-15,10:43:32,00:00:53
stefano.crapanzano@chu.ulg.ac.be,Navigation système de fichier,IT,2021-09-15,10:46:41,00:02:36
stefano.crapanzano@chu.ulg.ac.be,Navigation système de fichier,IT,2021-09-15,10:55:35,00:00:25
stefano.crapanzano@chu.ulg.ac.be,Navigation système de fichier,IT,2021-09-15,10:56:51,00:00:16
stefano.crapanzano@chu.ulg.ac.be,Navigation système de fichier,IT,2021-09-15,10:57:17,00:00:46
stefano.crapanzano@chu.ulg.ac.be,Navigation système de fichier,IT,2021-09-15,10:58:19,00:00:02
stefano.crapanzano@chu.ulg.ac.be,Navigation système de fichier,IT,2021-09-15,10:58:23,00:00:02
stefano.crapanzano@chu.ulg.ac.be,Navigation système de fichier,IT,2021-09-15,11:02:54,00:00:10
stefano.crapanzano@chu.ulg.ac.be,Navigation système de fichier,IT,2021-09-15,11:03:06,00:00:06
stefano.crapanzano@chu.ulg.ac.be,Navigation système de fichier,IT,2021-09-15,11:03:38,00:00:05
stefano.crapanzano@chu.ulg.ac.be,Navigation système de fichier,IT,2021-09-15,11:04:06,00:00:06
stefano.crapanzano@chu.ulg.ac.be,Navigation système de fichier,IT,2021-09-15,11:08:53,00:00:06
stefano.crapanzano@chu.ulg.ac.be,Navigation système de fichier,IT,2021-09-15,11:10:34,00:00:04
stefano.crapanzano@chu.ulg.ac.be,Navigation système de fichier,IT,2021-09-15,11:14:24,00:00:11
stefano.crapanzano@chu.ulg.ac.be,Navigation système de fichier,IT,2021-09-15,11:14:58,00:00:05
stefano.crapanzano@chu.ulg.ac.be,Navigation système de fichier,IT,2021-09-15,11:15:08,00:00:03
stefano.crapanzano@chu.ulg.ac.be,Navigation système de fichier,IT,2021-09-15,11:18:29,00:00:13
stefano.crapanzano@chu.ulg.ac.be,Navigation système de fichier,IT,2021-09-15,11:18:50,00:00:14
stefano.crapanzano@chu.ulg.ac.be,Navigation système de fichier,IT,2021-09-15,11:20:05,00:00:14
stefano.crapanzano@chu.ulg.ac.be,Navigation système de fichier,IT,2021-09-15,11:20:28,00:00:02
stefano.crapanzano@chu.ulg.ac.be,Navigation système de fichier,IT,2021-09-15,11:20:33,00:00:04
stefano.crapanzano@chu.ulg.ac.be,Navigation système de fichier,IT,2021-09-15,11:20:50,00:00:08
stefano.crapanzano@chu.ulg.ac.be,Navigation système de fichier,IT,2021-09-15,11:21:03,00:00:03
stefano.crapanzano@chu.ulg.ac.be,Navigation système de fichier,IT,2021-09-15,11:21:11,00:00:02
stefano.crapanzano@chu.ulg.ac.be,Navigation système de fichier,IT,2021-09-15,11:21:24,00:00:04
stefano.crapanzano@chu.ulg.ac.be,Navigation système de fichier,IT,2021-09-15,11:21:33,00:00:02
stefano.crapanzano@chu.ulg.ac.be,Navigation système de fichier,IT,2021-09-15,11:21:48,00:00:04
stefano.crapanzano@chu.ulg.ac.be,Navigation système de fichier,IT,2021-09-15,11:23:20,00:00:02
stefano.crapanzano@chu.ulg.ac.be,Navigation système de fichier,IT,2021-09-15,11:23:25,00:00:14
stefano.crapanzano@chu.ulg.ac.be,Navigation système de fichier,IT,2021-09-15,11:24:31,00:00:02
stefano.crapanzano@chu.ulg.ac.be,Navigation système de fichier,IT,2021-09-15,11:24:36,00:00:03
stefano.crapanzano@chu.ulg.ac.be,Navigation système de fichier,IT,2021-09-15,11:24:42,00:00:03
stefano.crapanzano@chu.ulg.ac.be,Navigation système de fichier,IT,2021-09-15,11:24:47,00:00:03
stefano.crapanzano@chu.ulg.ac.be,Navigation système de fichier,IT,2021-09-15,11:24:53,00:00:04
stefano.crapanzano@chu.ulg.ac.be,Navigation système de fichier,IT,2021-09-15,11:25:01,00:00:02
stefano.crapanzano@chu.ulg.ac.be,Navigation système de fichier,IT,2021-09-15,11:25:05,00:00:03
stefano.crapanzano@chu.ulg.ac.be,Navigation système de fichier,IT,2021-09-15,11:25:09,00:00:26
stefano.crapanzano@chu.ulg.ac.be,Navigation système de fichier,IT,2021-09-15,11:26:20,00:00:03
stefano.crapanzano@chu.ulg.ac.be,Navigation système de fichier,IT,2021-09-15,11:31:10,00:00:33
stefano.crapanzano@chu.ulg.ac.be,Navigation système de fichier,IT,2021-09-15,11:31:45,00:00:04
stefano.crapanzano@chu.ulg.ac.be,Navigation système de fichier,IT,2021-09-15,11:31:59,00:00:06
stefano.crapanzano@chu.ulg.ac.be,Navigation système de fichier,IT,2021-09-15,11:43:57,00:00:21
stefano.crapanzano@chu.ulg.ac.be,Navigation système de fichier,IT,2021-09-15,11:52:28,00:00:03
stefano.crapanzano@chu.ulg.ac.be,Navigation système de fichier,IT,2021-09-15,11:52:34,00:00:03
stefano.crapanzano@chu.ulg.ac.be,Navigation système de fichier,IT,2021-09-15,11:52:39,00:00:07
stefano.crapanzano@chu.ulg.ac.be,Navigation système de fichier,IT,2021-09-15,11:53:21,00:00:02
stefano.crapanzano@chu.ulg.ac.be,Navigation système de fichier,IT,2021-09-15,11:53:25,00:00:16
stefano.crapanzano@chu.ulg.ac.be,Navigation système de fichier,IT,2021-09-15,11:54:13,00:00:28
stefano.crapanzano@chu.ulg.ac.be,Navigation système de fichier,IT,2021-09-15,11:54:49,00:00:11
stefano.crapanzano@chu.ulg.ac.be,Navigation système de fichier,IT,2021-09-15,11:55:05,00:00:17
stefano.crapanzano@chu.ulg.ac.be,Navigation système de fichier,IT,2021-09-15,11:55:25,00:00:27
stefano.crapanzano@chu.ulg.ac.be,Navigation système de fichier,IT,2021-09-15,11:56:00,00:00:31
stefano.crapanzano@chu.ulg.ac.be,Navigation système de fichier,IT,2021-09-15,11:59:02,00:00:02
stefano.crapanzano@chu.ulg.ac.be,Navigation système de fichier,IT,2021-09-15,11:59:09,00:00:34
stefano.crapanzano@chu.ulg.ac.be,Navigation système de fichier,IT,2021-09-15,12:00:14,00:00:06
stefano.crapanzano@chu.ulg.ac.be,Navigation système de fichier,IT,2021-09-15,12:00:22,00:00:06
stefano.crapanzano@chu.ulg.ac.be,Navigation système de fichier,IT,2021-09-15,12:00:41,00:00:06
stefano.crapanzano@chu.ulg.ac.be,Navigation système de fichier,IT,2021-09-15,12:00:55,00:00:17
stefano.crapanzano@chu.ulg.ac.be,Navigation système de fichier,IT,2021-09-15,12:01:41,00:00:02
stefano.crapanzano@chu.ulg.ac.be,Navigation système de fichier,IT,2021-09-15,12:01:45,00:00:36
stefano.crapanzano@chu.ulg.ac.be,Navigation système de fichier,IT,2021-09-15,12:02:24,00:00:07
stefano.crapanzano@chu.ulg.ac.be,Navigation système de fichier,IT,2021-09-15,12:02:38,00:01:44
stefano.crapanzano@chu.ulg.ac.be,Navigation système de fichier,IT,2021-09-15,12:05:35,00:00:10
stefano.crapanzano@chu.ulg.ac.be,Navigation système de fichier,IT,2021-09-15,12:05:58,00:00:14
stefano.crapanzano@chu.ulg.ac.be,Navigation système de fichier,IT,2021-09-15,12:06:23,00:00:02
stefano.crapanzano@chu.ulg.ac.be,Navigation système de fichier,IT,2021-09-15,12:06:35,00:00:07
stefano.crapanzano@chu.ulg.ac.be,Navigation système de fichier,IT,2021-09-15,12:06:44,00:00:15
stefano.crapanzano@chu.ulg.ac.be,Navigation système de fichier,IT,2021-09-15,12:07:10,00:00:23
stefano.crapanzano@chu.ulg.ac.be,Navigation système de fichier,IT,2021-09-15,12:07:41,00:00:06
stefano.crapanzano@chu.ulg.ac.be,Navigation système de fichier,IT,2021-09-15,12:07:54,00:00:10
stefano.crapanzano@chu.ulg.ac.be,Navigation système de fichier,IT,2021-09-15,12:08:09,00:00:19
stefano.crapanzano@chu.ulg.ac.be,Navigation système de fichier,IT,2021-09-15,12:08:41,00:00:35
stefano.crapanzano@chu.ulg.ac.be,Navigation système de fichier,IT,2021-09-15,12:10:04,00:00:02
stefano.crapanzano@chu.ulg.ac.be,Navigation système de fichier,IT,2021-09-15,12:10:16,00:00:06
stefano.crapanzano@chu.ulg.ac.be,Navigation système de fichier,IT,2021-09-15,12:11:38,00:00:03
stefano.crapanzano@chu.ulg.ac.be,Navigation système de fichier,IT,2021-09-15,12:12:52,00:00:23
stefano.crapanzano@chu.ulg.ac.be,Navigation système de fichier,IT,2021-09-15,12:13:54,00:00:05
stefano.crapanzano@chu.ulg.ac.be,Navigation système de fichier,IT,2021-09-15,12:14:54,00:03:41
stefano.crapanzano@chu.ulg.ac.be,Navigation système de fichier,IT,2021-09-15,12:19:30,00:00:15
stefano.crapanzano@chu.ulg.ac.be,Navigation système de fichier,IT,2021-09-15,12:20:43,00:00:38
stefano.crapanzano@chu.ulg.ac.be,Navigation système de fichier,IT,2021-09-15,12:21:27,00:00:07
stefano.crapanzano@chu.ulg.ac.be,Navigation système de fichier,IT,2021-09-15,12:21:43,00:00:18
stefano.crapanzano@chu.ulg.ac.be,Navigation système de fichier,IT,2021-09-15,12:22:17,00:00:13
stefano.crapanzano@chu.ulg.ac.be,Navigation système de fichier,IT,2021-09-15,12:23:04,00:00:22
stefano.crapanzano@chu.ulg.ac.be,Navigation système de fichier,IT,2021-09-15,12:23:42,00:00:04
stefano.crapanzano@chu.ulg.ac.be,Navigation système de fichier,IT,2021-09-15,12:23:50,00:00:18
stefano.crapanzano@chu.ulg.ac.be,Navigation système de fichier,IT,2021-09-15,12:24:49,00:00:40
stefano.crapanzano@chu.ulg.ac.be,Navigation système de fichier,IT,2021-09-15,12:25:36,00:00:28
stefano.crapanzano@chu.ulg.ac.be,Navigation système de fichier,IT,2021-09-15,12:26:08,00:00:04
stefano.crapanzano@chu.ulg.ac.be,Navigation système de fichier,IT,2021-09-15,12:26:53,00:00:17
stefano.crapanzano@chu.ulg.ac.be,Navigation système de fichier,IT,2021-09-15,12:27:13,00:00:02
stefano.crapanzano@chu.ulg.ac.be,SAP Easy Access Menu de base Applications financières-économiques,Exploration SAP,2021-09-15,08:36:07,00:00:06
stefano.crapanzano@chu.ulg.ac.be,SAP Easy Access Menu de base Applications financières-économiques,Exploration SAP,2021-09-15,08:55:05,00:00:04
stefano.crapanzano@chu.ulg.ac.be,SAP Easy Access Menu de base Applications financières-économiques,Exploration SAP,2021-09-15,08:55:28,00:00:12
stefano.crapanzano@chu.ulg.ac.be,Nom de l'utilisateur ds fiche utilisateur (1),Exploration SAP,2021-09-15,08:36:14,00:00:04
stefano.crapanzano@chu.ulg.ac.be,Nom de l'utilisateur ds fiche utilisateur (1)    1 Entrée trouvée,Exploration SAP,2021-09-15,08:36:19,00:00:02
stefano.crapanzano@chu.ulg.ac.be,Afficher utilisateur,Exploration SAP,2021-09-15,08:36:23,00:00:20
stefano.crapanzano@chu.ulg.ac.be,Afficher utilisateur,Exploration SAP,2021-09-15,08:38:18,00:00:38
stefano.crapanzano@chu.ulg.ac.be,Affichage de rôles,Exploration SAP,2021-09-15,08:38:57,00:00:04
stefano.crapanzano@chu.ulg.ac.be,Affichage de rôles,Exploration SAP,2021-09-15,08:55:15,00:00:13
stefano.crapanzano@chu.ulg.ac.be,Informations,Exploration SAP,2021-09-15,08:39:01,00:00:02
stefano.crapanzano@chu.ulg.ac.be,Afficher rôle : autorisations,Exploration SAP,2021-09-15,08:39:04,00:13:00
stefano.crapanzano@chu.ulg.ac.be,QUA2030U0MMSSPBA - Mozilla Thunderbird,Helpdesk général,2021-09-15,08:52:10,00:00:06
stefano.crapanzano@chu.ulg.ac.be,QUA2030U0MMSSPBA - Mozilla Thunderbird,Helpdesk général,2021-09-15,09:48:16,00:00:06
stefano.crapanzano@chu.ulg.ac.be,SDERP-18193 : ZHUL053323 - Mozilla Thunderbird,Helpdesk général,2021-09-15,08:52:16,00:02:45
stefano.crapanzano@chu.ulg.ac.be,SDERP-18193 : ZHUL053323 - Mozilla Thunderbird,Helpdesk général,2021-09-15,09:48:22,00:00:02
stefano.crapanzano@chu.ulg.ac.be,Gestion des rôles,Exploration SAP,2021-09-15,08:55:10,00:00:04
stefano.crapanzano@chu.ulg.ac.be,User Information System,Exploration SAP,2021-09-15,08:55:40,00:00:08
stefano.crapanzano@chu.ulg.ac.be,Transactions exécutables (toutes les possibilités de sélection),Exploration SAP,2021-09-15,08:55:48,00:00:13
stefano.crapanzano@chu.ulg.ac.be,Transactions exécutables (toutes les possibilités de sélection),Helpdesk général,2021-09-15,08:56:07,00:00:04
stefano.crapanzano@chu.ulg.ac.be,Greenshot capture form,Helpdesk général,2021-09-15,08:56:01,00:00:05
stefano.crapanzano@chu.ulg.ac.be,Rédaction : Fwd: SDERP-18928 P203 CHU Panier non visible dans l'historique des paniers - Thunderbird,Helpdesk général,2021-09-15,08:56:21,00:02:54
stefano.crapanzano@chu.ulg.ac.be,Vérification de l’orthographe,Helpdesk général,2021-09-15,10:21:40,00:00:02
stefano.crapanzano@chu.ulg.ac.be,Model: menu.Ingredient - Google Chrome,Tâches diverses,2021-09-15,08:59:28,00:00:08
stefano.crapanzano@chu.ulg.ac.be,Model: menu.Ingredient - Google Chrome,Tâches diverses,2021-09-15,09:28:17,00:00:02
stefano.crapanzano@chu.ulg.ac.be,Model: menu.Ingredient - Google Chrome,Tâches diverses,2021-09-15,09:50:04,00:00:02
stefano.crapanzano@chu.ulg.ac.be,Model: menu.Ingredient - Google Chrome,Tâches diverses,2021-09-15,11:27:36,00:00:02
stefano.crapanzano@chu.ulg.ac.be,Model: menu.Ingredient - Google Chrome,Tâches diverses,2021-09-15,11:32:52,00:00:02
stefano.crapanzano@chu.ulg.ac.be,Service MT - Google Chrome,Tâches diverses,2021-09-15,08:59:45,00:00:14
stefano.crapanzano@chu.ulg.ac.be,Service MT - Google Chrome,Tâches diverses,2021-09-15,09:09:38,00:00:10
stefano.crapanzano@chu.ulg.ac.be,Service MT - Google Chrome,Tâches diverses,2021-09-15,09:18:07,00:02:08
stefano.crapanzano@chu.ulg.ac.be,Service MT - Google Chrome,Tâches diverses,2021-09-15,09:25:08,00:00:02
stefano.crapanzano@chu.ulg.ac.be,Service MT - Google Chrome,Tâches diverses,2021-09-15,09:25:18,00:00:02
stefano.crapanzano@chu.ulg.ac.be,Service MT - Google Chrome,Tâches diverses,2021-09-15,11:33:10,00:00:07
stefano.crapanzano@chu.ulg.ac.be,Identification - Google Chrome,Tâches diverses,2021-09-15,08:59:38,00:00:06
stefano.crapanzano@chu.ulg.ac.be,POST data - Google Chrome,Tâches diverses,2021-09-15,10:31:20,00:00:07
stefano.crapanzano@chu.ulg.ac.be,Programmation,IT,2021-09-15,09:00:07,00:02:56
stefano.crapanzano@chu.ulg.ac.be,Programmation,IT,2021-09-15,09:25:24,00:00:02
stefano.crapanzano@chu.ulg.ac.be,Programmation,IT,2021-09-15,09:25:35,00:00:18
stefano.crapanzano@chu.ulg.ac.be,Programmation,IT,2021-09-15,09:54:45,00:03:27
stefano.crapanzano@chu.ulg.ac.be,Programmation,IT,2021-09-15,10:05:03,00:00:04
stefano.crapanzano@chu.ulg.ac.be,Programmation,IT,2021-09-15,10:05:18,00:00:26
stefano.crapanzano@chu.ulg.ac.be,Programmation,IT,2021-09-15,10:05:48,00:00:23
stefano.crapanzano@chu.ulg.ac.be,Programmation,IT,2021-09-15,10:06:16,00:00:19
stefano.crapanzano@chu.ulg.ac.be,Programmation,IT,2021-09-15,10:06:39,00:00:33
stefano.crapanzano@chu.ulg.ac.be,Programmation,IT,2021-09-15,10:07:16,00:00:08
stefano.crapanzano@chu.ulg.ac.be,Programmation,IT,2021-09-15,10:07:27,00:00:14
stefano.crapanzano@chu.ulg.ac.be,Programmation,IT,2021-09-15,10:09:02,00:00:22
stefano.crapanzano@chu.ulg.ac.be,Programmation,IT,2021-09-15,10:09:42,00:03:03
stefano.crapanzano@chu.ulg.ac.be,Programmation,IT,2021-09-15,10:13:00,00:00:09
stefano.crapanzano@chu.ulg.ac.be,Programmation,IT,2021-09-15,10:13:24,00:00:06
stefano.crapanzano@chu.ulg.ac.be,Programmation,IT,2021-09-15,10:16:50,00:00:06
stefano.crapanzano@chu.ulg.ac.be,Programmation,IT,2021-09-15,10:17:05,00:00:06
stefano.crapanzano@chu.ulg.ac.be,Programmation,IT,2021-09-15,10:17:18,00:00:07
stefano.crapanzano@chu.ulg.ac.be,Programmation,IT,2021-09-15,10:17:30,00:00:05
stefano.crapanzano@chu.ulg.ac.be,Programmation,IT,2021-09-15,10:19:39,00:00:10
stefano.crapanzano@chu.ulg.ac.be,Programmation,IT,2021-09-15,10:22:28,00:00:19
stefano.crapanzano@chu.ulg.ac.be,Programmation,IT,2021-09-15,10:22:57,00:00:02
stefano.crapanzano@chu.ulg.ac.be,Programmation,IT,2021-09-15,10:23:07,00:00:04
stefano.crapanzano@chu.ulg.ac.be,Programmation,IT,2021-09-15,10:23:28,00:00:34
stefano.crapanzano@chu.ulg.ac.be,Programmation,IT,2021-09-15,10:24:29,00:00:05
stefano.crapanzano@chu.ulg.ac.be,Programmation,IT,2021-09-15,10:24:36,00:00:05
stefano.crapanzano@chu.ulg.ac.be,Programmation,IT,2021-09-15,10:24:45,00:00:25
stefano.crapanzano@chu.ulg.ac.be,Programmation,IT,2021-09-15,10:25:45,00:00:08
stefano.crapanzano@chu.ulg.ac.be,Programmation,IT,2021-09-15,10:25:59,00:00:20
stefano.crapanzano@chu.ulg.ac.be,Programmation,IT,2021-09-15,10:26:29,00:00:07
stefano.crapanzano@chu.ulg.ac.be,Programmation,IT,2021-09-15,10:26:43,00:01:43
stefano.crapanzano@chu.ulg.ac.be,Programmation,IT,2021-09-15,10:29:35,00:00:16
stefano.crapanzano@chu.ulg.ac.be,Programmation,IT,2021-09-15,10:32:42,00:00:38
stefano.crapanzano@chu.ulg.ac.be,Programmation,IT,2021-09-15,10:55:31,00:00:04
stefano.crapanzano@chu.ulg.ac.be,Programmation,IT,2021-09-15,10:56:03,00:00:48
stefano.crapanzano@chu.ulg.ac.be,Programmation,IT,2021-09-15,10:57:08,00:00:09
stefano.crapanzano@chu.ulg.ac.be,Programmation,IT,2021-09-15,10:58:25,00:00:11
stefano.crapanzano@chu.ulg.ac.be,Programmation,IT,2021-09-15,10:59:29,00:00:07
stefano.crapanzano@chu.ulg.ac.be,Programmation,IT,2021-09-15,11:00:00,00:00:03
stefano.crapanzano@chu.ulg.ac.be,Programmation,IT,2021-09-15,11:01:29,00:00:31
stefano.crapanzano@chu.ulg.ac.be,Programmation,IT,2021-09-15,11:03:35,00:00:03
stefano.crapanzano@chu.ulg.ac.be,Programmation,IT,2021-09-15,11:03:44,00:00:05
stefano.crapanzano@chu.ulg.ac.be,Programmation,IT,2021-09-15,11:08:20,00:00:33
stefano.crapanzano@chu.ulg.ac.be,Programmation,IT,2021-09-15,11:08:59,00:01:34
stefano.crapanzano@chu.ulg.ac.be,Programmation,IT,2021-09-15,11:10:38,00:00:17
stefano.crapanzano@chu.ulg.ac.be,Programmation,IT,2021-09-15,11:10:59,00:03:15
stefano.crapanzano@chu.ulg.ac.be,Programmation,IT,2021-09-15,11:14:16,00:00:07
stefano.crapanzano@chu.ulg.ac.be,Programmation,IT,2021-09-15,11:14:35,00:00:23
stefano.crapanzano@chu.ulg.ac.be,Programmation,IT,2021-09-15,11:15:04,00:00:04
stefano.crapanzano@chu.ulg.ac.be,Programmation,IT,2021-09-15,11:15:11,00:02:27
stefano.crapanzano@chu.ulg.ac.be,Programmation,IT,2021-09-15,11:18:23,00:00:05
stefano.crapanzano@chu.ulg.ac.be,Programmation,IT,2021-09-15,11:18:42,00:00:07
stefano.crapanzano@chu.ulg.ac.be,Programmation,IT,2021-09-15,11:19:04,00:01:00
stefano.crapanzano@chu.ulg.ac.be,Programmation,IT,2021-09-15,11:20:25,00:00:03
stefano.crapanzano@chu.ulg.ac.be,Programmation,IT,2021-09-15,11:20:37,00:00:04
stefano.crapanzano@chu.ulg.ac.be,Programmation,IT,2021-09-15,11:21:13,00:00:11
stefano.crapanzano@chu.ulg.ac.be,Programmation,IT,2021-09-15,11:21:35,00:00:06
stefano.crapanzano@chu.ulg.ac.be,Programmation,IT,2021-09-15,11:22:03,00:01:17
stefano.crapanzano@chu.ulg.ac.be,Programmation,IT,2021-09-15,11:23:58,00:00:33
stefano.crapanzano@chu.ulg.ac.be,Programmation,IT,2021-09-15,11:26:10,00:00:09
stefano.crapanzano@chu.ulg.ac.be,Programmation,IT,2021-09-15,11:27:10,00:00:04
stefano.crapanzano@chu.ulg.ac.be,Programmation,IT,2021-09-15,11:31:06,00:00:03
stefano.crapanzano@chu.ulg.ac.be,Programmation,IT,2021-09-15,11:31:50,00:00:03
stefano.crapanzano@chu.ulg.ac.be,Programmation,IT,2021-09-15,11:32:13,00:00:06
stefano.crapanzano@chu.ulg.ac.be,Programmation,IT,2021-09-15,11:33:34,00:00:13
stefano.crapanzano@chu.ulg.ac.be,Programmation,IT,2021-09-15,11:43:03,00:00:03
stefano.crapanzano@chu.ulg.ac.be,Programmation,IT,2021-09-15,11:50:09,00:00:04
stefano.crapanzano@chu.ulg.ac.be,Programmation,IT,2021-09-15,11:52:31,00:00:03
stefano.crapanzano@chu.ulg.ac.be,Programmation,IT,2021-09-15,11:53:05,00:00:15
stefano.crapanzano@chu.ulg.ac.be,Programmation,IT,2021-09-15,11:55:52,00:00:07
stefano.crapanzano@chu.ulg.ac.be,Programmation,IT,2021-09-15,11:56:32,00:02:29
stefano.crapanzano@chu.ulg.ac.be,Programmation,IT,2021-09-15,12:00:48,00:00:06
stefano.crapanzano@chu.ulg.ac.be,Programmation,IT,2021-09-15,12:01:12,00:00:18
stefano.crapanzano@chu.ulg.ac.be,Programmation,IT,2021-09-15,12:01:32,00:00:02
stefano.crapanzano@chu.ulg.ac.be,Programmation,IT,2021-09-15,12:02:21,00:00:03
stefano.crapanzano@chu.ulg.ac.be,Programmation,IT,2021-09-15,12:22:02,00:00:15
stefano.crapanzano@chu.ulg.ac.be,Programmation,IT,2021-09-15,12:22:31,00:00:33
stefano.crapanzano@chu.ulg.ac.be,Programmation,IT,2021-09-15,12:23:26,00:00:15
stefano.crapanzano@chu.ulg.ac.be,Programmation,IT,2021-09-15,12:24:44,00:00:04
stefano.crapanzano@chu.ulg.ac.be,Lecture documentation,Tâches diverses,2021-09-15,09:09:53,00:04:44
stefano.crapanzano@chu.ulg.ac.be,Lecture documentation,Tâches diverses,2021-09-15,11:02:01,00:00:52
stefano.crapanzano@chu.ulg.ac.be,Lecture documentation,Tâches diverses,2021-09-15,11:04:13,00:04:05
stefano.crapanzano@chu.ulg.ac.be,Lecture documentation,Tâches diverses,2021-09-15,11:26:04,00:00:06
stefano.crapanzano@chu.ulg.ac.be,Lecture documentation,Tâches diverses,2021-09-15,11:34:05,00:01:44
stefano.crapanzano@chu.ulg.ac.be,Lecture documentation,Tâches diverses,2021-09-15,11:40:40,00:00:10
stefano.crapanzano@chu.ulg.ac.be,Lecture documentation,Tâches diverses,2021-09-15,11:44:50,00:05:19
stefano.crapanzano@chu.ulg.ac.be,Lecture documentation,Tâches diverses,2021-09-15,11:50:15,00:02:05
stefano.crapanzano@chu.ulg.ac.be,Demandes - Service d'assistance - Google Chrome,Tâches diverses,2021-09-15,09:21:29,00:00:12
stefano.crapanzano@chu.ulg.ac.be,Demandes - Service d'assistance - Google Chrome,Tâches diverses,2021-09-15,09:21:50,00:01:09
stefano.crapanzano@chu.ulg.ac.be,Demandes - Service d'assistance - Google Chrome,Tâches diverses,2021-09-15,09:23:05,00:00:02
stefano.crapanzano@chu.ulg.ac.be,Demandes - Service d'assistance - Google Chrome,Tâches diverses,2021-09-15,09:23:15,00:00:23
stefano.crapanzano@chu.ulg.ac.be,Demandes - Service d'assistance - Google Chrome,Tâches diverses,2021-09-15,09:23:43,00:00:03
stefano.crapanzano@chu.ulg.ac.be,Demandes - Service d'assistance - Google Chrome,Tâches diverses,2021-09-15,09:23:55,00:01:04
stefano.crapanzano@chu.ulg.ac.be,Demandes - Service d'assistance - Google Chrome,Tâches diverses,2021-09-15,09:29:34,00:00:13
stefano.crapanzano@chu.ulg.ac.be,Demandes - Service d'assistance - Google Chrome,Tâches diverses,2021-09-15,09:29:49,00:00:02
stefano.crapanzano@chu.ulg.ac.be,Demandes - Service d'assistance - Google Chrome,Tâches diverses,2021-09-15,09:30:01,00:00:06
stefano.crapanzano@chu.ulg.ac.be,Demandes - Service d'assistance - Google Chrome,Tâches diverses,2021-09-15,09:35:22,00:00:10
stefano.crapanzano@chu.ulg.ac.be,Demandes - Service d'assistance - Google Chrome,Tâches diverses,2021-09-15,09:42:10,00:00:03
stefano.crapanzano@chu.ulg.ac.be,Demandes - Service d'assistance - Google Chrome,Tâches diverses,2021-09-15,09:42:39,00:00:22
stefano.crapanzano@chu.ulg.ac.be,Demandes - Service d'assistance - Google Chrome,Tâches diverses,2021-09-15,09:43:17,00:00:06
stefano.crapanzano@chu.ulg.ac.be,Demandes - Service d'assistance - Google Chrome,Tâches diverses,2021-09-15,09:44:16,00:00:10
stefano.crapanzano@chu.ulg.ac.be,Demandes - Service d'assistance - Google Chrome,Tâches diverses,2021-09-15,09:44:33,00:00:07
stefano.crapanzano@chu.ulg.ac.be,Demandes - Service d'assistance - Google Chrome,Tâches diverses,2021-09-15,09:46:06,00:00:28
stefano.crapanzano@chu.ulg.ac.be,Demandes - Service d'assistance - Google Chrome,Tâches diverses,2021-09-15,09:51:02,00:00:02
stefano.crapanzano@chu.ulg.ac.be,Demandes - Service d'assistance - Google Chrome,Tâches diverses,2021-09-15,11:27:28,00:00:02
stefano.crapanzano@chu.ulg.ac.be,Demandes - Service d'assistance - Google Chrome,Tâches diverses,2021-09-15,11:27:39,00:00:02
stefano.crapanzano@chu.ulg.ac.be,Demandes - Service d'assistance - Google Chrome,Tâches diverses,2021-09-15,11:27:52,00:00:04
stefano.crapanzano@chu.ulg.ac.be,Log in - Service Desk - Google Chrome,Tâches diverses,2021-09-15,09:21:41,00:00:08
stefano.crapanzano@chu.ulg.ac.be,Comment accéder à Fiori pour l'approbation des DA et CA sur X01 ? - Xperthis ERP4HC 2.0 Rollout - Service d'assistance - Google Chrome,Tâches diverses,2021-09-15,09:22:59,00:00:06
stefano.crapanzano@chu.ulg.ac.be,Comment accéder à Fiori pour l'approbation des DA et CA sur X01 ? - Xperthis ERP4HC 2.0 Rollout - Service d'assistance - Google Chrome,Tâches diverses,2021-09-15,09:23:38,00:00:04
stefano.crapanzano@chu.ulg.ac.be,Comment accéder à SAP Libération des factures (Workflow approval) sur X01 ? - Xperthis ERP4HC 2.0 Rollout - Service d'assistance - Google Chrome,Tâches diverses,2021-09-15,09:23:08,00:00:07
stefano.crapanzano@chu.ulg.ac.be,Comment accéder à SAP Libération des factures (Workflow approval) sur X01 ? - Xperthis ERP4HC 2.0 Rollout - Service d'assistance - Google Chrome,Tâches diverses,2021-09-15,09:23:47,00:00:08
stefano.crapanzano@chu.ulg.ac.be,Qu'est-ce que Kibana ? | Elastic - Google Chrome,Tâches diverses,2021-09-15,09:25:00,00:00:02
stefano.crapanzano@chu.ulg.ac.be,3 Best Free and Open Source Wireframe Software - Google Chrome,Tâches diverses,2021-09-15,11:27:42,00:00:04
stefano.crapanzano@chu.ulg.ac.be,Nouvel onglet - Google Chrome,Tâches diverses,2021-09-15,09:52:16,00:00:04
stefano.crapanzano@chu.ulg.ac.be,Nouvel onglet - Google Chrome,Tâches diverses,2021-09-15,10:31:13,00:00:07
stefano.crapanzano@chu.ulg.ac.be,Nouvel onglet - Google Chrome,Tâches diverses,2021-09-15,11:17:40,00:00:07
stefano.crapanzano@chu.ulg.ac.be,Nouvel onglet - Google Chrome,Tâches diverses,2021-09-15,11:32:21,00:00:20
stefano.crapanzano@chu.ulg.ac.be,Nouvel onglet - Google Chrome,Tâches diverses,2021-09-15,11:32:42,00:00:02
stefano.crapanzano@chu.ulg.ac.be,Nouvel onglet - Google Chrome,Tâches diverses,2021-09-15,11:33:01,00:00:02
stefano.crapanzano@chu.ulg.ac.be,Nouvel onglet - Google Chrome,Tâches diverses,2021-09-15,11:33:48,00:00:02
stefano.crapanzano@chu.ulg.ac.be,Nouvel onglet - Google Chrome,Tâches diverses,2021-09-15,11:33:57,00:00:08
stefano.crapanzano@chu.ulg.ac.be,Nouvel onglet - Google Chrome,Tâches diverses,2021-09-15,11:35:50,00:00:02
stefano.crapanzano@chu.ulg.ac.be,Nouvel onglet - Google Chrome,Tâches diverses,2021-09-15,11:39:15,00:01:25
stefano.crapanzano@chu.ulg.ac.be,Nouvel onglet - Google Chrome,Tâches diverses,2021-09-15,11:40:50,00:01:54
stefano.crapanzano@chu.ulg.ac.be,Nouvel onglet - Google Chrome,Tâches diverses,2021-09-15,12:04:24,00:00:10
stefano.crapanzano@chu.ulg.ac.be,Création de formulaires à partir de modèles | Documentation de Django | Django - Google Chrome,Tâches diverses,2021-09-15,09:25:05,00:00:03
stefano.crapanzano@chu.ulg.ac.be,Création de formulaires à partir de modèles | Documentation de Django | Django - Google Chrome,Tâches diverses,2021-09-15,11:27:34,00:00:02
stefano.crapanzano@chu.ulg.ac.be,SAM-DB - Google Chrome,Tâches diverses,2021-09-15,09:28:21,00:01:01
stefano.crapanzano@chu.ulg.ac.be,SAM-DB - Google Chrome,Tâches diverses,2021-09-15,09:47:40,00:00:10
stefano.crapanzano@chu.ulg.ac.be,SAM-DB - Google Chrome,Tâches diverses,2021-09-15,09:48:35,00:00:29
stefano.crapanzano@chu.ulg.ac.be,SAM-DB - Google Chrome,Tâches diverses,2021-09-15,09:49:30,00:00:24
stefano.crapanzano@chu.ulg.ac.be,SAM-DB - Google Chrome,Tâches diverses,2021-09-15,09:51:04,00:00:02
stefano.crapanzano@chu.ulg.ac.be,SAM-DB - Google Chrome,Tâches diverses,2021-09-15,09:52:13,00:00:03
stefano.crapanzano@chu.ulg.ac.be,SAM-DB - Google Chrome,Tâches diverses,2021-09-15,09:53:58,00:00:33
stefano.crapanzano@chu.ulg.ac.be,SAM-DB - Google Chrome,Tâches diverses,2021-09-15,09:54:42,00:00:03
stefano.crapanzano@chu.ulg.ac.be,SAM-DB - Google Chrome,Tâches diverses,2021-09-15,11:27:22,00:00:06
stefano.crapanzano@chu.ulg.ac.be,SAM-DB : Test ERP 2.0 Factures APO sur X01 - Google Chrome,Tâches diverses,2021-09-15,09:29:23,00:00:10
stefano.crapanzano@chu.ulg.ac.be,SAM-DB : Test ERP 2.0 Factures APO sur X01 - Google Chrome,Tâches diverses,2021-09-15,09:29:51,00:00:04
stefano.crapanzano@chu.ulg.ac.be,SAM-DB : Test ERP 2.0 Factures APO sur X01 - Google Chrome,Tâches diverses,2021-09-15,09:29:57,00:00:03
stefano.crapanzano@chu.ulg.ac.be,SAM-DB : Test ERP 2.0 Factures APO sur X01 - Google Chrome,Tâches diverses,2021-09-15,09:41:57,00:00:09
stefano.crapanzano@chu.ulg.ac.be,SAM-DB : Test ERP 2.0 Factures APO sur X01 - Google Chrome,Tâches diverses,2021-09-15,09:42:14,00:00:04
stefano.crapanzano@chu.ulg.ac.be,SAM-DB : Test ERP 2.0 Factures APO sur X01 - Google Chrome,Tâches diverses,2021-09-15,09:46:35,00:01:05
stefano.crapanzano@chu.ulg.ac.be,X01-203 CHU Tests de la transaction ZAPO sur X01: les factures - Xperthis ERP4HC 2.0 Rollout - Service d'assistance - Google Chrome,Tâches diverses,2021-09-15,09:30:07,00:02:03
stefano.crapanzano@chu.ulg.ac.be,X01-203 CHU Tests de la transaction ZAPO sur X01: les factures - Xperthis ERP4HC 2.0 Rollout - Service d'assistance - Google Chrome,Tâches diverses,2021-09-15,09:35:19,00:00:03
stefano.crapanzano@chu.ulg.ac.be,X01-203 CHU Tests de la transaction ZAPO sur X01: les factures - Xperthis ERP4HC 2.0 Rollout - Service d'assistance - Google Chrome,Tâches diverses,2021-09-15,09:44:40,00:01:25
stefano.crapanzano@chu.ulg.ac.be,3 way match - Mozilla Thunderbird,Helpdesk général,2021-09-15,09:32:30,00:00:04
stefano.crapanzano@chu.ulg.ac.be,3 way match - Mozilla Thunderbird,Helpdesk général,2021-09-15,09:32:38,00:00:13
stefano.crapanzano@chu.ulg.ac.be,3 way match - Mozilla Thunderbird,Helpdesk général,2021-09-15,09:33:33,00:00:09
stefano.crapanzano@chu.ulg.ac.be,3 way match - Mozilla Thunderbird,Helpdesk général,2021-09-15,09:37:52,00:00:15
stefano.crapanzano@chu.ulg.ac.be,3 way match - Mozilla Thunderbird,Helpdesk général,2021-09-15,09:39:19,00:00:22
stefano.crapanzano@chu.ulg.ac.be,3 way match - Mozilla Thunderbird,Helpdesk général,2021-09-15,09:41:24,00:00:28
stefano.crapanzano@chu.ulg.ac.be,Diagramme 3 way match - Mozilla Thunderbird,Helpdesk général,2021-09-15,09:32:34,00:00:03
stefano.crapanzano@chu.ulg.ac.be,Problème SAP - Mozilla Thunderbird,Helpdesk général,2021-09-15,09:32:51,00:00:42
stefano.crapanzano@chu.ulg.ac.be,Problème SAP - Mozilla Thunderbird,Helpdesk général,2021-09-15,09:39:42,00:01:39
stefano.crapanzano@chu.ulg.ac.be,Problème SAP - Mozilla Thunderbird,Helpdesk général,2021-09-15,09:48:25,00:00:02
stefano.crapanzano@chu.ulg.ac.be,CoPro du 18 juin 2018 - test du 3-way match - Mozilla Thunderbird,Helpdesk général,2021-09-15,09:33:43,00:01:36
stefano.crapanzano@chu.ulg.ac.be,CoPro du 18 juin 2018 - test du 3-way match - Mozilla Thunderbird,Helpdesk général,2021-09-15,09:36:37,00:01:14
stefano.crapanzano@chu.ulg.ac.be,Accès à LIEGE_CHU pour tous les utilisateurs de JIRA - Xperthis ERP4HC 2.0 Rollout - Service d'assistance - Google Chrome,Tâches diverses,2021-09-15,09:35:33,00:01:02
stefano.crapanzano@chu.ulg.ac.be,Accès à LIEGE_CHU pour tous les utilisateurs de JIRA - Xperthis ERP4HC 2.0 Rollout - Service d'assistance - Google Chrome,Helpdesk général,2021-09-15,09:41:53,00:00:03
stefano.crapanzano@chu.ulg.ac.be,Accès à LIEGE_CHU pour tous les utilisateurs de JIRA - Xperthis ERP4HC 2.0 Rollout - Service d'assistance - Google Chrome,Tâches diverses,2021-09-15,09:42:06,00:00:03
stefano.crapanzano@chu.ulg.ac.be,TR: statut: flux d'approbation de factures et communication aux chefs de service - Mozilla Thunderbird,Helpdesk général,2021-09-15,09:38:07,00:01:12
stefano.crapanzano@chu.ulg.ac.be,Messge d'erreur lors de l'injection de la paie dans X01 - Xperthis ERP4HC 2.0 Rollout - Service d'assistance - Google Chrome,Tâches diverses,2021-09-15,09:42:18,00:00:20
stefano.crapanzano@chu.ulg.ac.be,Messge d'erreur lors de l'injection de la paie dans X01 - Xperthis ERP4HC 2.0 Rollout - Service d'assistance - Google Chrome,Tâches diverses,2021-09-15,12:11:21,00:00:03
stefano.crapanzano@chu.ulg.ac.be,P203 CHR Transfert d'approbation de DA en cas d'absence de l'approbateur - Xperthis ERP4HC 1.0 - Service d'assistance - Google Chrome,Tâches diverses,2021-09-15,09:43:02,00:00:15
stefano.crapanzano@chu.ulg.ac.be,Impossible de traiter une facture dans X01 - Xperthis ERP4HC 2.0 Rollout - Service d'assistance - Google Chrome,Tâches diverses,2021-09-15,09:43:23,00:00:52
stefano.crapanzano@chu.ulg.ac.be,Transaction ENGR non accessible sur X01 - Xperthis ERP4HC 2.0 Rollout - Service d'assistance - Google Chrome,Tâches diverses,2021-09-15,09:44:27,00:00:06
stefano.crapanzano@chu.ulg.ac.be,SAM-DB : Test ERP 2.0 GOAL Création de commande depuis GLIMS vers X01 - Google Chrome,Tâches diverses,2021-09-15,09:47:52,00:00:10
stefano.crapanzano@chu.ulg.ac.be,SAM-DB : Test ERP 2.0 GOAL Création de commande depuis GLIMS vers X01 - Google Chrome,Tâches diverses,2021-09-15,09:48:33,00:00:02
stefano.crapanzano@chu.ulg.ac.be,SAM-DB : Test ERP 2.0 GOAL Création de commande depuis GLIMS vers X01 - Google Chrome,Tâches diverses,2021-09-15,09:50:54,00:00:08
stefano.crapanzano@chu.ulg.ac.be,SAM-DB : Test ERP 2.0 GOAL Création de commande depuis GLIMS vers X01 - Google Chrome,Tâches diverses,2021-09-15,09:53:52,00:00:06
stefano.crapanzano@chu.ulg.ac.be,Factures CHR non injectées dans KOFAX - Mozilla Thunderbird,Helpdesk général,2021-09-15,09:48:05,00:00:03
stefano.crapanzano@chu.ulg.ac.be,STERPBE-2074 - Mozilla Thunderbird,Helpdesk général,2021-09-15,09:48:09,00:00:02
stefano.crapanzano@chu.ulg.ac.be,proesmans - Mozilla Thunderbird,Helpdesk général,2021-09-15,09:48:12,00:00:02
stefano.crapanzano@chu.ulg.ac.be,SAM-DB : Test ERP 2.0 Impression via environnement X01 - Google Chrome,Tâches diverses,2021-09-15,09:49:05,00:00:25
stefano.crapanzano@chu.ulg.ac.be,Google Agenda – Installez la nouvelle application pour Android et pour iPhone - Google Chrome,Tâches diverses,2021-09-15,09:52:22,00:00:07
stefano.crapanzano@chu.ulg.ac.be,Google Agenda - Début prévu le mercredi  15 septembre 2021 - Google Chrome,Tâches diverses,2021-09-15,09:52:30,00:00:02
stefano.crapanzano@chu.ulg.ac.be,Google Agenda - Début prévu le mercredi  15 septembre 2021 - Google Chrome,Tâches diverses,2021-09-15,09:53:48,00:00:04
stefano.crapanzano@chu.ulg.ac.be,Google Agenda - Début prévu le mercredi  15 septembre 2021 - Google Chrome,Tâches diverses,2021-09-15,11:25:39,00:00:06
stefano.crapanzano@chu.ulg.ac.be,Google Agenda - Début prévu le mercredi  15 septembre 2021 - Google Chrome,Tâches diverses,2021-09-15,11:27:17,00:00:04
stefano.crapanzano@chu.ulg.ac.be,Google Agenda - Début prévu le mercredi  15 septembre 2021 - Google Chrome,Tâches diverses,2021-09-15,11:32:54,00:00:02
stefano.crapanzano@chu.ulg.ac.be,Google Agenda - Début prévu le mardi  21 septembre 2021 - Google Chrome,Tâches diverses,2021-09-15,09:52:32,00:01:15
stefano.crapanzano@chu.ulg.ac.be,\\filesrv04.st.chulg\DSL\Achats\STATISTIQUES\Intrastat\DECLARATIONS\Déclarations 2021\envoyé\202106.sdf - Notepad++ [Administrator],IT,2021-09-15,09:59:31,00:00:02
stefano.crapanzano@chu.ulg.ac.be,\\ERPFTP.st.chulg\ERP\Log\Serv940SapOk-SapPE2203-MmOplbarcodeInput.log - Notepad++ [Administrator],IT,2021-09-15,09:59:16,00:00:14
stefano.crapanzano@chu.ulg.ac.be,Save,IT,2021-09-15,09:59:35,00:00:06
stefano.crapanzano@chu.ulg.ac.be,I:\Informatique\ERP\Securite\Utilisateurs\PDA\USERPDA_20170926.csv - Notepad++ [Administrator],IT,2021-09-15,09:59:41,00:00:02
stefano.crapanzano@chu.ulg.ac.be,\\appsaiadm.st.chulg\ERP\Config\saplogon.ini - Notepad++ [Administrator],IT,2021-09-15,09:59:44,00:00:03
stefano.crapanzano@chu.ulg.ac.be,new 1 - Notepad++ [Administrator],IT,2021-09-15,11:33:54,00:00:02
stefano.crapanzano@chu.ulg.ac.be,\\ERPFTP.st.chulg\ERP\Log\Rapport_Surveillance_PMP.log - Notepad++ [Administrator],IT,2021-09-15,09:59:55,00:00:14
stefano.crapanzano@chu.ulg.ac.be,\\ERPFTP.st.chulg\ERP\Log\Rapport_Surveillance_PMP.log - Notepad++ [Administrator],IT,2021-09-15,10:00:25,00:00:04
stefano.crapanzano@chu.ulg.ac.be,\\ERPFTP.st.chulg\ERP\Log\ArchiveLogsERPFTP.bat - Notepad++ [Administrator],IT,2021-09-15,10:01:12,00:00:37
stefano.crapanzano@chu.ulg.ac.be,\\ERPFTP.st.chulg\ERP\Log\ArchiveLogsERPFTP.bat - Notepad++ [Administrator],IT,2021-09-15,10:02:14,00:00:08
stefano.crapanzano@chu.ulg.ac.be,\\ERPFTP.st.chulg\ERP\Log\ArchiveLogsERPFTP.bat - Notepad++ [Administrator],IT,2021-09-15,11:33:25,00:00:08
stefano.crapanzano@chu.ulg.ac.be,\\ERPFTP.st.chulg\ERP\Log\Iepacs_file_Pdf-Kofaxchu_PHCI_Pdf.log - Notepad++ [Administrator],IT,2021-09-15,10:02:34,00:00:22
stefano.crapanzano@chu.ulg.ac.be,\\ERPFTP.st.chulg\ERP\Log\Iepacs_file_Pdf-Kofaxchu_PHCI_Pdf.log - Notepad++ [Administrator],IT,2021-09-15,10:03:52,00:00:04
stefano.crapanzano@chu.ulg.ac.be,Commit,IT,2021-09-15,10:04:15,00:00:04
stefano.crapanzano@chu.ulg.ac.be,\\filesrv01.st.chulg\oazis_prod\APPL_PROD\SOURCES\PERL - Commit - TortoiseSVN,IT,2021-09-15,10:04:19,00:00:27
stefano.crapanzano@chu.ulg.ac.be,\\filesrv01.st.chulg\oazis_prod\APPL_PROD\SOURCES\PERL - Commit - TortoiseSVN,IT,2021-09-15,10:04:56,00:00:03
stefano.crapanzano@chu.ulg.ac.be,\\filesrv01.st.chulg\oazis_prod\APPL_PROD\SOURCES\PERL - Commit - TortoiseSVN,IT,2021-09-15,10:05:07,00:00:03
stefano.crapanzano@chu.ulg.ac.be,\\filesrv01.st.chulg\oazis_prod\APPL_PROD\SOURCES\PERL - Commit - TortoiseSVN,IT,2021-09-15,10:05:12,00:00:05
stefano.crapanzano@chu.ulg.ac.be,\\filesrv01.st.chulg\oazis_prod\APPL_PROD\SOURCES\PERL - Commit - TortoiseSVN,IT,2021-09-15,10:05:44,00:00:03
stefano.crapanzano@chu.ulg.ac.be,\\filesrv01.st.chulg\oazis_prod\APPL_PROD\SOURCES\PERL - Commit - TortoiseSVN,IT,2021-09-15,10:06:11,00:00:04
stefano.crapanzano@chu.ulg.ac.be,\\filesrv01.st.chulg\oazis_prod\APPL_PROD\SOURCES\PERL - Commit - TortoiseSVN,IT,2021-09-15,10:06:36,00:00:03
stefano.crapanzano@chu.ulg.ac.be,\\filesrv01.st.chulg\oazis_prod\APPL_PROD\SOURCES\PERL - Commit - TortoiseSVN,IT,2021-09-15,10:07:12,00:00:03
stefano.crapanzano@chu.ulg.ac.be,\\filesrv01.st.chulg\oazis_prod\APPL_PROD\SOURCES\PERL - Commit - TortoiseSVN,IT,2021-09-15,10:07:25,00:00:02
stefano.crapanzano@chu.ulg.ac.be,\\filesrv01.st.chulg\oazis_prod\APPL_PROD\SOURCES\PERL - Commit - TortoiseSVN,IT,2021-09-15,10:07:42,00:00:03
stefano.crapanzano@chu.ulg.ac.be,\\filesrv01.st.chulg\oazis_prod\APPL_PROD\SOURCES\PERL - Commit - TortoiseSVN,IT,2021-09-15,10:07:50,00:00:15
stefano.crapanzano@chu.ulg.ac.be,\\filesrv01.st.chulg\oazis_prod\APPL_PROD\SOURCES\PERL - Commit - TortoiseSVN,IT,2021-09-15,10:08:43,00:00:19
stefano.crapanzano@chu.ulg.ac.be,\\filesrv01.st.chulg\oazis_prod\APPL_PROD\SOURCES\PERL - Commit - TortoiseSVN,IT,2021-09-15,10:09:24,00:00:17
stefano.crapanzano@chu.ulg.ac.be,\\filesrv01.st.chulg\oazis_prod\APPL_PROD\SOURCES\PERL - Commit - TortoiseSVN,IT,2021-09-15,10:13:12,00:00:11
stefano.crapanzano@chu.ulg.ac.be,\\filesrv01.st.chulg\oazis_prod\APPL_PROD\SOURCES\PERL - Commit - TortoiseSVN,IT,2021-09-15,10:13:30,00:00:12
stefano.crapanzano@chu.ulg.ac.be,\\filesrv01.st.chulg\oazis_prod\APPL_PROD\SOURCES\PERL - Commit - TortoiseSVN,Helpdesk général,2021-09-15,10:16:30,00:00:20
stefano.crapanzano@chu.ulg.ac.be,\\filesrv01.st.chulg\oazis_prod\APPL_PROD\SOURCES\PERL - Commit - TortoiseSVN,IT,2021-09-15,10:16:57,00:00:08
stefano.crapanzano@chu.ulg.ac.be,\\filesrv01.st.chulg\oazis_prod\APPL_PROD\SOURCES\PERL - Commit - TortoiseSVN,IT,2021-09-15,10:17:12,00:00:05
stefano.crapanzano@chu.ulg.ac.be,\\filesrv01.st.chulg\oazis_prod\APPL_PROD\SOURCES\PERL - Commit - TortoiseSVN,IT,2021-09-15,10:17:25,00:00:04
stefano.crapanzano@chu.ulg.ac.be,\\filesrv01.st.chulg\oazis_prod\APPL_PROD\SOURCES\PERL - Commit - TortoiseSVN,IT,2021-09-15,10:17:36,00:00:09
stefano.crapanzano@chu.ulg.ac.be,TortoiseSVN,IT,2021-09-15,10:07:45,00:00:04
stefano.crapanzano@chu.ulg.ac.be,TortoiseSVN,IT,2021-09-15,11:03:13,00:00:13
stefano.crapanzano@chu.ulg.ac.be,TortoiseSVN,IT,2021-09-15,11:03:31,00:00:03
stefano.crapanzano@chu.ulg.ac.be,\\filesrv01.st.chulg\oazis_prod\APPL_PROD\SOURCES\PERL\ERP\test.pl.bak - Notepad++ [Administrator],IT,2021-09-15,10:08:17,00:00:03
stefano.crapanzano@chu.ulg.ac.be,Log History,IT,2021-09-15,10:08:39,00:00:03
stefano.crapanzano@chu.ulg.ac.be,Rédaction : Fwd: Placeholder : ERP4HC2.00 BP + Intrastat + ? nouveautés Finance - Thunderbird,Helpdesk général,2021-09-15,10:20:43,00:00:57
stefano.crapanzano@chu.ulg.ac.be,Settings - TortoiseSVN,IT,2021-09-15,10:28:47,00:00:13
stefano.crapanzano@chu.ulg.ac.be,Settings - TortoiseSVN,IT,2021-09-15,11:03:04,00:00:02
stefano.crapanzano@chu.ulg.ac.be,\\filesrv01.st.chulg\oazis_prod\APPL_PROD\SOURCES\BAT - Repository Browser - TortoiseSVN,IT,2021-09-15,10:29:13,00:00:20
stefano.crapanzano@chu.ulg.ac.be,\\filesrv01.st.chulg\oazis_prod\APPL_PROD\SOURCES\BAT - Repository Browser - TortoiseSVN,IT,2021-09-15,10:30:17,00:00:19
stefano.crapanzano@chu.ulg.ac.be,\\filesrv01.st.chulg\oazis_prod\APPL_PROD\SOURCES\BAT - Repository Browser - TortoiseSVN,IT,2021-09-15,10:46:37,00:00:02
stefano.crapanzano@chu.ulg.ac.be,\\filesrv01.st.chulg\oazis_prod\APPL_PROD\SOURCES\PYTHON\ERP\ACHAT - Commit - TortoiseSVN,IT,2021-09-15,10:30:48,00:00:23
stefano.crapanzano@chu.ulg.ac.be,\\filesrv01.st.chulg\oazis_prod\APPL_PROD\SOURCES\PYTHON\ERP\ACHAT - Commit - TortoiseSVN,Helpdesk général,2021-09-15,10:46:33,00:00:02
stefano.crapanzano@chu.ulg.ac.be,\\filesrv01.st.chulg\oazis_prod\APPL_PROD\SOURCES\PYTHON\ERP\ACHAT - Commit - TortoiseSVN,IT,2021-09-15,11:20:20,00:00:03
stefano.crapanzano@chu.ulg.ac.be,Catalogue - CHU - Google Chrome,Tâches diverses,2021-09-15,10:31:27,00:00:02
stefano.crapanzano@chu.ulg.ac.be,Catalogue - CHU - Google Chrome,Tâches diverses,2021-09-15,10:31:31,00:00:24
stefano.crapanzano@chu.ulg.ac.be,Catalogue - CHU - Google Chrome,Tâches diverses,2021-09-15,10:46:20,00:00:08
stefano.crapanzano@chu.ulg.ac.be,Catalogue - CHU - Google Chrome,Tâches diverses,2021-09-15,10:49:18,00:00:02
stefano.crapanzano@chu.ulg.ac.be,Catalogue - CHU - Google Chrome,Tâches diverses,2021-09-15,10:55:27,00:00:02
stefano.crapanzano@chu.ulg.ac.be,Catalogue - CHU - Google Chrome,Tâches diverses,2021-09-15,11:27:57,00:00:02
stefano.crapanzano@chu.ulg.ac.be,Catalogue - CHU - Google Chrome,Tâches diverses,2021-09-15,11:32:57,00:00:02
stefano.crapanzano@chu.ulg.ac.be,Netop Invité,Helpdesk général,2021-09-15,10:32:01,00:00:03
stefano.crapanzano@chu.ulg.ac.be,Connexion à l'aide de l'authentification Windows,Helpdesk général,2021-09-15,10:32:06,00:00:02
stefano.crapanzano@chu.ulg.ac.be,erpftp - Netop Remote Control,Helpdesk général,2021-09-15,10:32:09,00:00:32
stefano.crapanzano@chu.ulg.ac.be,erpftp - Netop Remote Control,Helpdesk général,2021-09-15,10:46:30,00:00:03
stefano.crapanzano@chu.ulg.ac.be,erpftp - Netop Remote Control,Helpdesk général,2021-09-15,10:46:39,00:00:02
stefano.crapanzano@chu.ulg.ac.be,DoX,Tâches diverses,2021-09-15,11:43:42,00:00:14
stefano.crapanzano@chu.ulg.ac.be,DoX @ CHU-ULiège - Google Chrome,Tâches diverses,2021-09-15,10:44:27,00:00:14
stefano.crapanzano@chu.ulg.ac.be,Fichiers - DoX @ CHU-ULiège - Google Chrome,Tâches diverses,2021-09-15,10:44:42,00:00:08
stefano.crapanzano@chu.ulg.ac.be,Fichiers - DoX @ CHU-ULiège - Google Chrome,Tâches diverses,2021-09-15,10:45:30,00:00:04
stefano.crapanzano@chu.ulg.ac.be,Fichiers - DoX @ CHU-ULiège - Google Chrome,Tâches diverses,2021-09-15,10:45:37,00:00:02
stefano.crapanzano@chu.ulg.ac.be,Fichiers - DoX @ CHU-ULiège - Google Chrome,Tâches diverses,2021-09-15,10:45:45,00:00:04
stefano.crapanzano@chu.ulg.ac.be,Fichiers - DoX @ CHU-ULiège - Google Chrome,Tâches diverses,2021-09-15,10:49:20,00:00:03
stefano.crapanzano@chu.ulg.ac.be,Fichiers - DoX @ CHU-ULiège - Google Chrome,Tâches diverses,2021-09-15,10:49:30,00:00:40
stefano.crapanzano@chu.ulg.ac.be,Fichiers - DoX @ CHU-ULiège - Google Chrome,Tâches diverses,2021-09-15,10:51:04,00:00:18
stefano.crapanzano@chu.ulg.ac.be,Fichiers - DoX @ CHU-ULiège - Google Chrome,Tâches diverses,2021-09-15,10:51:28,00:00:31
stefano.crapanzano@chu.ulg.ac.be,Fichiers - DoX @ CHU-ULiège - Google Chrome,Tâches diverses,2021-09-15,10:52:01,00:00:02
stefano.crapanzano@chu.ulg.ac.be,Fichiers - DoX @ CHU-ULiège - Google Chrome,Tâches diverses,2021-09-15,10:55:25,00:00:02
stefano.crapanzano@chu.ulg.ac.be,ERP - Fichiers - DoX @ CHU-ULiège - Google Chrome,Tâches diverses,2021-09-15,10:44:54,00:00:15
stefano.crapanzano@chu.ulg.ac.be,C:\Users\c158492\Downloads\CHL_ERP_ENCOURS.bak - Notepad++ [Administrator],IT,2021-09-15,10:45:09,00:00:02
stefano.crapanzano@chu.ulg.ac.be,CHL_ERP_COMP_DENOMINATION_ARTICLE_LABO_vs_SAP.py - Fichiers - DoX @ CHU-ULiège - Google Chrome,Tâches diverses,2021-09-15,10:45:21,00:00:08
stefano.crapanzano@chu.ulg.ac.be,CHL_ERP_COMP_DENOMINATION_ARTICLE_LABO_vs_SAP.py - Fichiers - DoX @ CHU-ULiège - Google Chrome,Tâches diverses,2021-09-15,10:45:35,00:00:02
stefano.crapanzano@chu.ulg.ac.be,Partagés avec d'autres - DoX @ CHU-ULiège - Google Chrome,Tâches diverses,2021-09-15,10:45:41,00:00:04
stefano.crapanzano@chu.ulg.ac.be,Paramètres - DoX @ CHU-ULiège - Google Chrome,Tâches diverses,2021-09-15,10:45:50,00:00:29
stefano.crapanzano@chu.ulg.ac.be,PYTHON_SAI_W_047 - Fichiers - DoX @ CHU-ULiège - Google Chrome,Tâches diverses,2021-09-15,10:51:22,00:00:02
stefano.crapanzano@chu.ulg.ac.be,logarchiver - Fichiers - DoX @ CHU-ULiège - Google Chrome,Tâches diverses,2021-09-15,10:49:25,00:00:03
stefano.crapanzano@chu.ulg.ac.be,logarchiver.py - Fichiers - DoX @ CHU-ULiège - Google Chrome,Tâches diverses,2021-09-15,10:51:25,00:00:02
stefano.crapanzano@chu.ulg.ac.be,logarchiver.py - Fichiers - DoX @ CHU-ULiège - Google Chrome,Tâches diverses,2021-09-15,10:51:59,00:00:02
stefano.crapanzano@chu.ulg.ac.be,SAPGERA - Fichiers - DoX @ CHU-ULiège - Google Chrome,Tâches diverses,2021-09-15,10:50:12,00:00:02
stefano.crapanzano@chu.ulg.ac.be,SAPGERA - Fichiers - DoX @ CHU-ULiège - Google Chrome,Tâches diverses,2021-09-15,10:50:59,00:00:04
stefano.crapanzano@chu.ulg.ac.be,Formations - Fichiers - DoX @ CHU-ULiège - Google Chrome,Tâches diverses,2021-09-15,10:50:14,00:00:07
stefano.crapanzano@chu.ulg.ac.be,Formations - Fichiers - DoX @ CHU-ULiège - Google Chrome,Tâches diverses,2021-09-15,10:50:26,00:00:02
stefano.crapanzano@chu.ulg.ac.be,FIP_GERA_FORMATION_APPRO_v_1_1_cl.xlsx - Bureau - DoX @ CHU-ULiège - Google Chrome,Tâches diverses,2021-09-15,10:50:21,00:00:04
stefano.crapanzano@chu.ulg.ac.be,FIP_GERA_FORMATION_APPRO_v_1_1_cl.xlsx - Bureau - DoX @ CHU-ULiège - Google Chrome,Tâches diverses,2021-09-15,10:50:28,00:00:29
stefano.crapanzano@chu.ulg.ac.be,Rédaction : Re: Placeholder : ERP4HC2.00 BP + Intrastat + ? nouveautés Finance - Thunderbird,Helpdesk général,2021-09-15,10:59:06,00:00:18
stefano.crapanzano@chu.ulg.ac.be,zfi04,Exploration SAP,2021-09-15,10:59:36,00:00:21
stefano.crapanzano@chu.ulg.ac.be,Check For Updates,IT,2021-09-15,11:03:26,00:00:04
stefano.crapanzano@chu.ulg.ac.be,pycharm remove a folder from svn - Recherche Google - Google Chrome,Tâches diverses,2021-09-15,11:17:47,00:00:08
stefano.crapanzano@chu.ulg.ac.be,How do I remove a folder from version control (but not delete it) using Intellij IDEA? - Stack Overflow - Google Chrome,Tâches diverses,2021-09-15,11:17:56,00:00:26
stefano.crapanzano@chu.ulg.ac.be,How do I remove a folder from version control (but not delete it) using Intellij IDEA? - Stack Overflow - Google Chrome,Tâches diverses,2021-09-15,11:25:36,00:00:03
stefano.crapanzano@chu.ulg.ac.be,How do I remove a folder from version control (but not delete it) using Intellij IDEA? - Stack Overflow - Google Chrome,Tâches diverses,2021-09-15,11:28:00,00:00:03
stefano.crapanzano@chu.ulg.ac.be,Update Finished!,IT,2021-09-15,11:20:31,00:00:02
stefano.crapanzano@chu.ulg.ac.be,Update Finished!,IT,2021-09-15,11:20:43,00:00:07
stefano.crapanzano@chu.ulg.ac.be,Update Finished!,IT,2021-09-15,11:20:59,00:00:03
stefano.crapanzano@chu.ulg.ac.be,Update Finished!,IT,2021-09-15,11:21:06,00:00:04
stefano.crapanzano@chu.ulg.ac.be,Update Finished!,IT,2021-09-15,11:21:28,00:00:04
stefano.crapanzano@chu.ulg.ac.be,Update Finished!,IT,2021-09-15,11:24:34,00:00:02
stefano.crapanzano@chu.ulg.ac.be,Update Finished!,IT,2021-09-15,11:24:39,00:00:02
stefano.crapanzano@chu.ulg.ac.be,Update Finished!,IT,2021-09-15,11:24:51,00:00:02
stefano.crapanzano@chu.ulg.ac.be,Update Finished!,IT,2021-09-15,11:43:08,00:00:02
stefano.crapanzano@chu.ulg.ac.be,Update Finished!,IT,2021-09-15,11:53:23,00:00:02
stefano.crapanzano@chu.ulg.ac.be,Update Finished!,IT,2021-09-15,12:26:04,00:00:03
stefano.crapanzano@chu.ulg.ac.be,\\filesrv01.st.chulg\oazis_prod\APPL_PROD\SOURCES\PY...\catalogue_project - Commit - TortoiseSVN,IT,2021-09-15,12:07:34,00:00:07
stefano.crapanzano@chu.ulg.ac.be,\\filesrv01.st.chulg\oazis_prod\APPL_PROD\SOURCES\PY...\catalogue_project - Commit - TortoiseSVN,IT,2021-09-15,12:08:06,00:00:03
stefano.crapanzano@chu.ulg.ac.be,\\filesrv01.st.chulg\oazis_prod\APPL_PROD\SOURCES\PY...\catalogue_project - Commit - TortoiseSVN,IT,2021-09-15,12:21:34,00:00:08
stefano.crapanzano@chu.ulg.ac.be,prix barrette ram 32go - Recherche Google - Google Chrome,Tâches diverses,2021-09-15,11:27:47,00:00:04
stefano.crapanzano@chu.ulg.ac.be,Django_TravelBlog/base.html at master · arindam31/Django_TravelBlog · GitHub - Google Chrome,Tâches diverses,2021-09-15,11:35:57,00:00:03
stefano.crapanzano@chu.ulg.ac.be,Installation — django-crispy-forms 1.11.1 documentation - Google Chrome,Tâches diverses,2021-09-15,11:28:05,00:00:03
stefano.crapanzano@chu.ulg.ac.be,Installation — django-crispy-forms 1.11.1 documentation - Google Chrome,Helpdesk général,2021-09-15,11:28:10,00:02:56
stefano.crapanzano@chu.ulg.ac.be,Installation — django-crispy-forms 1.11.1 documentation - Google Chrome,Tâches diverses,2021-09-15,11:33:04,00:00:03
stefano.crapanzano@chu.ulg.ac.be,\\filesrv01.st.chulg\oazis_prod\APPL_PROD\SOURCES\PYTHON\ERP\ACHAT - Update - TortoiseSVN,IT,2021-09-15,12:23:46,00:00:02
stefano.crapanzano@chu.ulg.ac.be,cas.uliege.be - Google Chrome,Tâches diverses,2021-09-15,11:32:45,00:00:02
stefano.crapanzano@chu.ulg.ac.be,Writing and appending to zip archives in Python - TechRepublic - Google Chrome,Tâches diverses,2021-09-15,11:32:47,00:00:02
stefano.crapanzano@chu.ulg.ac.be,Writing and appending to zip archives in Python - TechRepublic - Google Chrome,Tâches diverses,2021-09-15,11:36:06,00:03:07
stefano.crapanzano@chu.ulg.ac.be,Doodle | Tests interface SSP de ERP4HC 2.0 dans l'environnement X01 - Google Chrome,Tâches diverses,2021-09-15,11:33:07,00:00:02
stefano.crapanzano@chu.ulg.ac.be,Doodle | Tests interface SSP de ERP4HC 2.0 dans l'environnement X01 - Google Chrome,Tâches diverses,2021-09-15,11:36:02,00:00:04
stefano.crapanzano@chu.ulg.ac.be,Django Packages : Forms - Google Chrome,Tâches diverses,2021-09-15,11:35:52,00:00:02
stefano.crapanzano@chu.ulg.ac.be,multiple vcs for one folder - Recherche Google - Google Chrome,Tâches diverses,2021-09-15,11:42:44,00:00:12
stefano.crapanzano@chu.ulg.ac.be,pycharm multiple vcs for one folder - Recherche Google - Google Chrome,Tâches diverses,2021-09-15,11:42:56,00:00:03
stefano.crapanzano@chu.ulg.ac.be,pycharm multiple vcs for one folder - Recherche Google - Google Chrome,Tâches diverses,2021-09-15,11:43:30,00:00:06
stefano.crapanzano@chu.ulg.ac.be,pycharm multiple vcs for one folder - Recherche Google - Google Chrome,Tâches diverses,2021-09-15,11:43:40,00:00:02
stefano.crapanzano@chu.ulg.ac.be,pycharm multiple vcs for one folder - Recherche Google - Google Chrome,Tâches diverses,2021-09-15,11:52:49,00:00:04
stefano.crapanzano@chu.ulg.ac.be,pycharm multiple vcs for one folder - Recherche Google - Google Chrome,Tâches diverses,2021-09-15,11:52:56,00:00:08
stefano.crapanzano@chu.ulg.ac.be,How to use more than one vcs in a project? – IDEs Support (IntelliJ Platform) | JetBrains - Google Chrome,Tâches diverses,2021-09-15,11:43:00,00:00:03
stefano.crapanzano@chu.ulg.ac.be,How to use more than one vcs in a project? – IDEs Support (IntelliJ Platform) | JetBrains - Google Chrome,Tâches diverses,2021-09-15,11:43:12,00:00:18
stefano.crapanzano@chu.ulg.ac.be,\\filesrv01.st.chulg\oazis_prod\APPL_PROD\SOURCES\PY...\catalogue_project - Update - TortoiseSVN,IT,2021-09-15,11:53:42,00:00:31
stefano.crapanzano@chu.ulg.ac.be,\\filesrv01.st.chulg\oazis_prod\APPL_PROD\SOURCES\PY...\catalogue_project - Update - TortoiseSVN,IT,2021-09-15,11:54:42,00:00:07
stefano.crapanzano@chu.ulg.ac.be,\\filesrv01.st.chulg\oazis_prod\APPL_PROD\SOURCES\PY...\catalogue_project - Update - TortoiseSVN,IT,2021-09-15,11:55:00,00:00:03
stefano.crapanzano@chu.ulg.ac.be,\\filesrv01.st.chulg\oazis_prod\APPL_PROD\SOURCES\PY...\catalogue_project - Update - TortoiseSVN,IT,2021-09-15,11:59:04,00:00:03
stefano.crapanzano@chu.ulg.ac.be,\\filesrv01.st.chulg\oazis_prod\APPL_PROD\SOURCES\PY...\catalogue_project - Update - TortoiseSVN,IT,2021-09-15,12:07:47,00:00:06
stefano.crapanzano@chu.ulg.ac.be,\\filesrv01.st.chulg\oazis_prod\APPL_PROD\SOURCES\PY...\catalogue_project - Update - TortoiseSVN,IT,2021-09-15,12:21:22,00:00:02
stefano.crapanzano@chu.ulg.ac.be,Update Failed!,IT,2021-09-15,11:55:23,00:00:02
stefano.crapanzano@chu.ulg.ac.be,Update Failed!,IT,2021-09-15,12:21:24,00:00:02
stefano.crapanzano@chu.ulg.ac.be,\\filesrv01.st.chulg\oazis_prod\APPL_PRO...\catalogue_project - Repository Browser - TortoiseSVN,IT,2021-09-15,11:59:43,00:00:31
stefano.crapanzano@chu.ulg.ac.be,\\filesrv01.st.chulg\oazis_prod\APPL_PROD\SOURCES\PY...\catalogue_project - Revert - TortoiseSVN,IT,2021-09-15,12:00:28,00:00:09
stefano.crapanzano@chu.ulg.ac.be,Administrateur : C:\Windows\system32\cmd.exe,IT,2021-09-15,12:02:32,00:00:05
stefano.crapanzano@chu.ulg.ac.be,Administrateur : C:\Windows\system32\cmd.exe,IT,2021-09-15,12:04:53,00:00:04
stefano.crapanzano@chu.ulg.ac.be,Administrateur : C:\Windows\system32\cmd.exe,IT,2021-09-15,12:05:28,00:00:07
stefano.crapanzano@chu.ulg.ac.be,Administrateur : C:\Windows\system32\cmd.exe,IT,2021-09-15,12:05:45,00:00:13
stefano.crapanzano@chu.ulg.ac.be,Administrateur : C:\Windows\system32\cmd.exe,IT,2021-09-15,12:06:13,00:00:09
stefano.crapanzano@chu.ulg.ac.be,Administrateur : C:\Windows\system32\cmd.exe,IT,2021-09-15,12:06:26,00:00:07
stefano.crapanzano@chu.ulg.ac.be,Administrateur : C:\Windows\system32\cmd.exe,IT,2021-09-15,12:09:22,00:00:06
stefano.crapanzano@chu.ulg.ac.be,Administrateur : C:\Windows\system32\cmd.exe,IT,2021-09-15,12:09:53,00:00:02
stefano.crapanzano@chu.ulg.ac.be,Administrateur : C:\Windows\system32\cmd.exe,IT,2021-09-15,12:09:57,00:00:07
stefano.crapanzano@chu.ulg.ac.be,Administrateur : C:\Windows\system32\cmd.exe,IT,2021-09-15,12:10:07,00:00:08
stefano.crapanzano@chu.ulg.ac.be,Administrateur : C:\Windows\system32\cmd.exe,IT,2021-09-15,12:10:23,00:00:13
stefano.crapanzano@chu.ulg.ac.be,Administrateur : C:\Windows\system32\cmd.exe,IT,2021-09-15,12:25:30,00:00:02
stefano.crapanzano@chu.ulg.ac.be,powershell force delete folder path too long - Recherche Google - Google Chrome,Tâches diverses,2021-09-15,12:04:35,00:00:09
stefano.crapanzano@chu.ulg.ac.be,powershell force delete folder path too long - Recherche Google - Google Chrome,Tâches diverses,2021-09-15,12:12:36,00:00:03
stefano.crapanzano@chu.ulg.ac.be,powershell - Delete directory regardless of 260 char limit - Stack Overflow - Google Chrome,Tâches diverses,2021-09-15,12:04:44,00:00:07
stefano.crapanzano@chu.ulg.ac.be,powershell - Delete directory regardless of 260 char limit - Stack Overflow - Google Chrome,Tâches diverses,2021-09-15,12:04:58,00:00:30
stefano.crapanzano@chu.ulg.ac.be,powershell - Delete directory regardless of 260 char limit - Stack Overflow - Google Chrome,Tâches diverses,2021-09-15,12:09:16,00:00:04
stefano.crapanzano@chu.ulg.ac.be,powershell - Delete directory regardless of 260 char limit - Stack Overflow - Google Chrome,Tâches diverses,2021-09-15,12:09:28,00:00:16
stefano.crapanzano@chu.ulg.ac.be,powershell - Delete directory regardless of 260 char limit - Stack Overflow - Google Chrome,Tâches diverses,2021-09-15,12:10:53,00:00:25
stefano.crapanzano@chu.ulg.ac.be,powershell - Delete directory regardless of 260 char limit - Stack Overflow - Google Chrome,Tâches diverses,2021-09-15,12:11:28,00:00:08
stefano.crapanzano@chu.ulg.ac.be,Administrateur : C:\Windows\system32\cmd.exe - robocopy  C:\temp\some_temp_dir C:\Users\c158492\ProjetBoulot\PYTHON\ACHAT\catalogue_project\catalogue_project /MIR,IT,2021-09-15,12:06:33,00:00:02
stefano.crapanzano@chu.ulg.ac.be,Administrateur : C:\Windows\system32\cmd.exe - robocopy  C:\temp\some_temp_dir C:\Users\c158492\ProjetBoulot\PYTHON\ACHAT\catalogue_project\catalogue_project /MIR,IT,2021-09-15,12:07:02,00:00:08
stefano.crapanzano@chu.ulg.ac.be,Administrateur : C:\Windows\system32\cmd.exe - robocopy  C:\temp\some_temp_dir C:\Users\c158492\ProjetBoulot\PYTHON\ACHAT\catalogue_project\catalogue_project /MIR,IT,2021-09-15,12:08:29,00:00:11
stefano.crapanzano@chu.ulg.ac.be,windows - How to delete directories with path/names too long for normal delete - Super User - Google Chrome,Tâches diverses,2021-09-15,12:09:45,00:00:07
stefano.crapanzano@chu.ulg.ac.be,windows - How to delete directories with path/names too long for normal delete - Super User - Google Chrome,Tâches diverses,2021-09-15,12:10:37,00:00:15
stefano.crapanzano@chu.ulg.ac.be,windows - How to delete directories with path/names too long for normal delete - Super User - Google Chrome,Tâches diverses,2021-09-15,12:12:42,00:00:09
stefano.crapanzano@chu.ulg.ac.be,windows - How to delete directories with path/names too long for normal delete - Super User - Google Chrome,Tâches diverses,2021-09-15,12:14:20,00:00:31
stefano.crapanzano@chu.ulg.ac.be,windows - How to delete directories with path/names too long for normal delete - Super User - Google Chrome,Tâches diverses,2021-09-15,12:27:15,00:00:03
stefano.crapanzano@chu.ulg.ac.be,Total Commander (x64) 9.0a - PAS ENREGISTRÉ,Tâches diverses,2021-09-15,12:11:43,00:00:09
stefano.crapanzano@chu.ulg.ac.be,Total Commander (x64) 9.0a - PAS ENREGISTRÉ,Tâches diverses,2021-09-15,12:12:01,00:00:34
stefano.crapanzano@chu.ulg.ac.be,Supprimer le dossier,Tâches diverses,2021-09-15,12:11:53,00:00:02
stefano.crapanzano@chu.ulg.ac.be,Chemin d’accès de destination trop long,Tâches diverses,2021-09-15,12:11:55,00:00:03
stefano.crapanzano@chu.ulg.ac.be,Chemin d’accès source trop long,Tâches diverses,2021-09-15,12:11:59,00:00:02
stefano.crapanzano@chu.ulg.ac.be,force delete folder path too long - Recherche Google - Google Chrome,Tâches diverses,2021-09-15,12:12:40,00:00:02
stefano.crapanzano@chu.ulg.ac.be,\\filesrv01.st.chulg\oazis_prod\APPL_PROD\SOURCES\PYTHON\ERP\ACHAT - Log Messages - TortoiseSVN,IT,2021-09-15,12:26:12,00:00:40
