Email,Description,Project,Start date,Start time,Duration
stefano.crapanzano@chu.ulg.ac.be,Administrateur : Perl (command line) - python  main.py,IT,2021-09-16,08:29:03,00:00:03
stefano.crapanzano@chu.ulg.ac.be,Courrier entrant - stefano.crapanzano@chuliege.be - Mozilla Thunderbird,Helpdesk général,2021-09-16,08:29:06,00:00:12
stefano.crapanzano@chu.ulg.ac.be,Courrier entrant - stefano.crapanzano@chuliege.be - Mozilla Thunderbird,Helpdesk général,2021-09-16,08:29:22,00:00:12
stefano.crapanzano@chu.ulg.ac.be,Courrier entrant - stefano.crapanzano@chuliege.be - Mozilla Thunderbird,Helpdesk général,2021-09-16,08:34:34,00:00:04
stefano.crapanzano@chu.ulg.ac.be,Courrier entrant - stefano.crapanzano@chuliege.be - Mozilla Thunderbird,Helpdesk général,2021-09-16,08:36:05,00:00:04
stefano.crapanzano@chu.ulg.ac.be,Courrier entrant - stefano.crapanzano@chuliege.be - Mozilla Thunderbird,Helpdesk général,2021-09-16,11:43:34,00:00:04
stefano.crapanzano@chu.ulg.ac.be,Courrier entrant - stefano.crapanzano@chuliege.be - Mozilla Thunderbird,Helpdesk général,2021-09-16,11:43:41,00:00:09
stefano.crapanzano@chu.ulg.ac.be,Courrier entrant - stefano.crapanzano@chuliege.be - Mozilla Thunderbird,Helpdesk général,2021-09-16,11:53:47,00:00:19
stefano.crapanzano@chu.ulg.ac.be,Courrier entrant - stefano.crapanzano@chuliege.be - Mozilla Thunderbird,Helpdesk général,2021-09-16,11:58:10,00:00:02
stefano.crapanzano@chu.ulg.ac.be,Courrier entrant - stefano.crapanzano@chuliege.be - Mozilla Thunderbird,Helpdesk général,2021-09-16,11:58:16,00:00:03
stefano.crapanzano@chu.ulg.ac.be,Courrier entrant - stefano.crapanzano@chuliege.be - Mozilla Thunderbird,Helpdesk général,2021-09-16,12:12:55,00:00:02
stefano.crapanzano@chu.ulg.ac.be,Courrier entrant - stefano.crapanzano@chuliege.be - Mozilla Thunderbird,Helpdesk général,2021-09-16,15:21:16,00:00:02
stefano.crapanzano@chu.ulg.ac.be,Courrier entrant - stefano.crapanzano@chuliege.be - Mozilla Thunderbird,Helpdesk général,2021-09-16,16:23:08,00:00:02
stefano.crapanzano@chu.ulg.ac.be,Courrier entrant - stefano.crapanzano@chuliege.be - Mozilla Thunderbird,Helpdesk général,2021-09-16,16:48:36,00:01:04
stefano.crapanzano@chu.ulg.ac.be,SAP GUI for Windows 760,Exploration SAP,2021-09-16,08:29:18,00:00:03
stefano.crapanzano@chu.ulg.ac.be,Courrier entrant - erp.sai@chuliege.be - Mozilla Thunderbird,Helpdesk général,2021-09-16,08:29:34,00:00:48
stefano.crapanzano@chu.ulg.ac.be,Courrier entrant - erp.sai@chuliege.be - Mozilla Thunderbird,Helpdesk général,2021-09-16,08:30:52,00:00:10
stefano.crapanzano@chu.ulg.ac.be,Courrier entrant - erp.sai@chuliege.be - Mozilla Thunderbird,Helpdesk général,2021-09-16,08:32:24,00:00:08
stefano.crapanzano@chu.ulg.ac.be,Courrier entrant - erp.sai@chuliege.be - Mozilla Thunderbird,Helpdesk général,2021-09-16,08:36:10,00:18:46
stefano.crapanzano@chu.ulg.ac.be,Courrier entrant - erp.sai@chuliege.be - Mozilla Thunderbird,Helpdesk général,2021-09-16,11:10:58,00:00:02
stefano.crapanzano@chu.ulg.ac.be,Courrier entrant - erp.sai@chuliege.be - Mozilla Thunderbird,Helpdesk général,2021-09-16,11:43:32,00:00:02
stefano.crapanzano@chu.ulg.ac.be,Courrier entrant - erp.sai@chuliege.be - Mozilla Thunderbird,Helpdesk général,2021-09-16,11:58:12,00:00:03
stefano.crapanzano@chu.ulg.ac.be,Courrier entrant - erp.sai@chuliege.be - Mozilla Thunderbird,Helpdesk général,2021-09-16,11:58:20,00:04:29
stefano.crapanzano@chu.ulg.ac.be,Courrier entrant - erp.sai@chuliege.be - Mozilla Thunderbird,Helpdesk général,2021-09-16,12:03:14,00:00:02
stefano.crapanzano@chu.ulg.ac.be,Courrier entrant - erp.sai@chuliege.be - Mozilla Thunderbird,Helpdesk général,2021-09-16,12:12:41,00:00:14
stefano.crapanzano@chu.ulg.ac.be,Courrier entrant - erp.sai@chuliege.be - Mozilla Thunderbird,Helpdesk général,2021-09-16,12:12:57,00:00:03
stefano.crapanzano@chu.ulg.ac.be,Courrier entrant - erp.sai@chuliege.be - Mozilla Thunderbird,Helpdesk général,2021-09-16,12:33:17,00:00:04
stefano.crapanzano@chu.ulg.ac.be,Courrier entrant - erp.sai@chuliege.be - Mozilla Thunderbird,Helpdesk général,2021-09-16,14:02:14,00:04:37
stefano.crapanzano@chu.ulg.ac.be,Courrier entrant - erp.sai@chuliege.be - Mozilla Thunderbird,Helpdesk général,2021-09-16,14:28:01,00:06:18
stefano.crapanzano@chu.ulg.ac.be,Courrier entrant - erp.sai@chuliege.be - Mozilla Thunderbird,Helpdesk général,2021-09-16,14:53:13,00:06:32
stefano.crapanzano@chu.ulg.ac.be,Courrier entrant - erp.sai@chuliege.be - Mozilla Thunderbird,Helpdesk général,2021-09-16,15:21:10,00:00:06
stefano.crapanzano@chu.ulg.ac.be,Courrier entrant - erp.sai@chuliege.be - Mozilla Thunderbird,Helpdesk général,2021-09-16,15:21:18,00:00:15
stefano.crapanzano@chu.ulg.ac.be,Courrier entrant - erp.sai@chuliege.be - Mozilla Thunderbird,Helpdesk général,2021-09-16,15:21:46,00:00:03
stefano.crapanzano@chu.ulg.ac.be,Courrier entrant - erp.sai@chuliege.be - Mozilla Thunderbird,Helpdesk général,2021-09-16,15:21:51,00:00:39
stefano.crapanzano@chu.ulg.ac.be,Courrier entrant - erp.sai@chuliege.be - Mozilla Thunderbird,Helpdesk général,2021-09-16,15:24:11,00:00:09
stefano.crapanzano@chu.ulg.ac.be,Courrier entrant - erp.sai@chuliege.be - Mozilla Thunderbird,Helpdesk général,2021-09-16,15:36:02,00:00:15
stefano.crapanzano@chu.ulg.ac.be,Courrier entrant - erp.sai@chuliege.be - Mozilla Thunderbird,Helpdesk général,2021-09-16,16:16:28,00:00:16
stefano.crapanzano@chu.ulg.ac.be,Courrier entrant - erp.sai@chuliege.be - Mozilla Thunderbird,Helpdesk général,2021-09-16,16:22:51,00:00:16
stefano.crapanzano@chu.ulg.ac.be,Courrier entrant - erp.sai@chuliege.be - Mozilla Thunderbird,Helpdesk général,2021-09-16,16:23:10,00:03:02
stefano.crapanzano@chu.ulg.ac.be,Courrier entrant - erp.sai@chuliege.be - Mozilla Thunderbird,Helpdesk général,2021-09-16,16:26:15,00:22:21
stefano.crapanzano@chu.ulg.ac.be,erp.sai - erp.sai@chuliege.be - Mozilla Thunderbird,Helpdesk général,2021-09-16,08:30:22,00:00:30
stefano.crapanzano@chu.ulg.ac.be,erp.sai - erp.sai@chuliege.be - Mozilla Thunderbird,Helpdesk général,2021-09-16,08:32:32,00:00:19
stefano.crapanzano@chu.ulg.ac.be,erp.sai - erp.sai@chuliege.be - Mozilla Thunderbird,Helpdesk général,2021-09-16,08:33:07,00:01:26
stefano.crapanzano@chu.ulg.ac.be,erp.sai - erp.sai@chuliege.be - Mozilla Thunderbird,Helpdesk général,2021-09-16,11:11:00,00:01:19
stefano.crapanzano@chu.ulg.ac.be,erp.sai - erp.sai@chuliege.be - Mozilla Thunderbird,Helpdesk général,2021-09-16,11:33:45,00:00:16
stefano.crapanzano@chu.ulg.ac.be,erp.sai - erp.sai@chuliege.be - Mozilla Thunderbird,Helpdesk général,2021-09-16,11:43:29,00:00:02
stefano.crapanzano@chu.ulg.ac.be,windows - How to delete directories with path/names too long for normal delete - Super User - Google Chrome,Tâches diverses,2021-09-16,08:31:03,00:00:02
stefano.crapanzano@chu.ulg.ac.be,Nouvel onglet - Google Chrome,Tâches diverses,2021-09-16,08:56:11,00:00:06
stefano.crapanzano@chu.ulg.ac.be,Nouvel onglet - Google Chrome,Tâches diverses,2021-09-16,11:03:14,00:00:06
stefano.crapanzano@chu.ulg.ac.be,Nouvel onglet - Google Chrome,Tâches diverses,2021-09-16,11:26:10,00:00:03
stefano.crapanzano@chu.ulg.ac.be,Nouvel onglet - Google Chrome,Tâches diverses,2021-09-16,11:28:34,00:00:13
stefano.crapanzano@chu.ulg.ac.be,Nouvel onglet - Google Chrome,Tâches diverses,2021-09-16,11:36:57,00:00:03
stefano.crapanzano@chu.ulg.ac.be,Nouvel onglet - Google Chrome,Tâches diverses,2021-09-16,12:02:56,00:00:02
stefano.crapanzano@chu.ulg.ac.be,Nouvel onglet - Google Chrome,Tâches diverses,2021-09-16,14:19:40,00:00:02
stefano.crapanzano@chu.ulg.ac.be,Nouvel onglet - Google Chrome,Tâches diverses,2021-09-16,14:19:44,00:00:03
stefano.crapanzano@chu.ulg.ac.be,Nouvel onglet - Google Chrome,Tâches diverses,2021-09-16,15:07:32,00:00:03
stefano.crapanzano@chu.ulg.ac.be,Service MT - Google Chrome,Tâches diverses,2021-09-16,08:31:15,00:00:07
stefano.crapanzano@chu.ulg.ac.be,Service MT - Google Chrome,Tâches diverses,2021-09-16,08:31:24,00:00:03
stefano.crapanzano@chu.ulg.ac.be,Service MT - Google Chrome,Tâches diverses,2021-09-16,08:32:55,00:00:12
stefano.crapanzano@chu.ulg.ac.be,Service MT - Google Chrome,Tâches diverses,2021-09-16,08:34:38,00:00:04
stefano.crapanzano@chu.ulg.ac.be,Service MT - Google Chrome,Tâches diverses,2021-09-16,08:55:45,00:00:15
stefano.crapanzano@chu.ulg.ac.be,Service MT - Google Chrome,Tâches diverses,2021-09-16,08:56:08,00:00:02
stefano.crapanzano@chu.ulg.ac.be,Service MT - Google Chrome,Tâches diverses,2021-09-16,11:35:32,00:00:29
stefano.crapanzano@chu.ulg.ac.be,Service MT - Google Chrome,Tâches diverses,2021-09-16,11:36:09,00:00:25
stefano.crapanzano@chu.ulg.ac.be,Service MT - Google Chrome,Tâches diverses,2021-09-16,11:36:55,00:00:02
stefano.crapanzano@chu.ulg.ac.be,Identification - Google Chrome,Tâches diverses,2021-09-16,08:31:07,00:00:07
stefano.crapanzano@chu.ulg.ac.be,Navigation système de fichier,IT,2021-09-16,08:31:22,00:00:02
stefano.crapanzano@chu.ulg.ac.be,Navigation système de fichier,IT,2021-09-16,08:32:51,00:00:03
stefano.crapanzano@chu.ulg.ac.be,Navigation système de fichier,IT,2021-09-16,08:56:01,00:00:02
stefano.crapanzano@chu.ulg.ac.be,Navigation système de fichier,IT,2021-09-16,11:03:00,00:00:12
stefano.crapanzano@chu.ulg.ac.be,Navigation système de fichier,IT,2021-09-16,11:07:59,00:00:02
stefano.crapanzano@chu.ulg.ac.be,Navigation système de fichier,IT,2021-09-16,11:08:24,00:00:02
stefano.crapanzano@chu.ulg.ac.be,Navigation système de fichier,IT,2021-09-16,11:08:56,00:00:04
stefano.crapanzano@chu.ulg.ac.be,Navigation système de fichier,IT,2021-09-16,11:10:14,00:00:10
stefano.crapanzano@chu.ulg.ac.be,Navigation système de fichier,IT,2021-09-16,11:10:43,00:00:04
stefano.crapanzano@chu.ulg.ac.be,Navigation système de fichier,IT,2021-09-16,11:10:53,00:00:02
stefano.crapanzano@chu.ulg.ac.be,Navigation système de fichier,IT,2021-09-16,11:12:19,00:03:12
stefano.crapanzano@chu.ulg.ac.be,Navigation système de fichier,IT,2021-09-16,11:16:43,00:00:19
stefano.crapanzano@chu.ulg.ac.be,Navigation système de fichier,IT,2021-09-16,11:17:07,00:00:07
stefano.crapanzano@chu.ulg.ac.be,Navigation système de fichier,IT,2021-09-16,11:17:18,00:00:08
stefano.crapanzano@chu.ulg.ac.be,Navigation système de fichier,IT,2021-09-16,11:18:14,00:00:07
stefano.crapanzano@chu.ulg.ac.be,Navigation système de fichier,IT,2021-09-16,11:18:25,00:00:03
stefano.crapanzano@chu.ulg.ac.be,Navigation système de fichier,IT,2021-09-16,11:21:57,00:00:56
stefano.crapanzano@chu.ulg.ac.be,Navigation système de fichier,IT,2021-09-16,11:22:59,00:00:49
stefano.crapanzano@chu.ulg.ac.be,Navigation système de fichier,IT,2021-09-16,11:28:26,00:00:03
stefano.crapanzano@chu.ulg.ac.be,Navigation système de fichier,IT,2021-09-16,11:29:36,00:00:33
stefano.crapanzano@chu.ulg.ac.be,Navigation système de fichier,IT,2021-09-16,11:30:13,00:00:06
stefano.crapanzano@chu.ulg.ac.be,Navigation système de fichier,IT,2021-09-16,11:30:52,00:00:02
stefano.crapanzano@chu.ulg.ac.be,Navigation système de fichier,IT,2021-09-16,11:43:51,00:00:02
stefano.crapanzano@chu.ulg.ac.be,Navigation système de fichier,IT,2021-09-16,11:48:09,00:00:18
stefano.crapanzano@chu.ulg.ac.be,Navigation système de fichier,IT,2021-09-16,11:48:47,00:00:03
stefano.crapanzano@chu.ulg.ac.be,Navigation système de fichier,IT,2021-09-16,11:49:24,00:00:03
stefano.crapanzano@chu.ulg.ac.be,Navigation système de fichier,IT,2021-09-16,11:51:43,00:00:04
stefano.crapanzano@chu.ulg.ac.be,Navigation système de fichier,IT,2021-09-16,11:54:07,00:00:02
stefano.crapanzano@chu.ulg.ac.be,Navigation système de fichier,IT,2021-09-16,12:02:49,00:00:02
stefano.crapanzano@chu.ulg.ac.be,Navigation système de fichier,IT,2021-09-16,12:17:45,00:00:03
stefano.crapanzano@chu.ulg.ac.be,Navigation système de fichier,IT,2021-09-16,12:30:36,00:00:02
stefano.crapanzano@chu.ulg.ac.be,Navigation système de fichier,IT,2021-09-16,12:33:22,01:05:28
stefano.crapanzano@chu.ulg.ac.be,Navigation système de fichier,IT,2021-09-16,14:20:44,00:00:02
stefano.crapanzano@chu.ulg.ac.be,Navigation système de fichier,IT,2021-09-16,14:20:47,00:01:00
stefano.crapanzano@chu.ulg.ac.be,Navigation système de fichier,IT,2021-09-16,14:21:50,00:00:06
stefano.crapanzano@chu.ulg.ac.be,Navigation système de fichier,IT,2021-09-16,14:22:00,00:00:06
stefano.crapanzano@chu.ulg.ac.be,Navigation système de fichier,IT,2021-09-16,14:22:25,00:00:06
stefano.crapanzano@chu.ulg.ac.be,Navigation système de fichier,IT,2021-09-16,14:23:28,00:00:02
stefano.crapanzano@chu.ulg.ac.be,Navigation système de fichier,IT,2021-09-16,14:25:12,00:00:11
stefano.crapanzano@chu.ulg.ac.be,Navigation système de fichier,IT,2021-09-16,14:26:34,00:00:14
stefano.crapanzano@chu.ulg.ac.be,Navigation système de fichier,IT,2021-09-16,14:34:20,00:00:02
stefano.crapanzano@chu.ulg.ac.be,Navigation système de fichier,IT,2021-09-16,15:00:49,00:00:03
stefano.crapanzano@chu.ulg.ac.be,Navigation système de fichier,IT,2021-09-16,15:10:00,00:00:02
stefano.crapanzano@chu.ulg.ac.be,Navigation système de fichier,IT,2021-09-16,15:11:15,00:00:19
stefano.crapanzano@chu.ulg.ac.be,Navigation système de fichier,IT,2021-09-16,15:11:43,00:00:02
stefano.crapanzano@chu.ulg.ac.be,Navigation système de fichier,IT,2021-09-16,15:15:39,00:00:03
stefano.crapanzano@chu.ulg.ac.be,Navigation système de fichier,IT,2021-09-16,15:18:04,00:00:02
stefano.crapanzano@chu.ulg.ac.be,Navigation système de fichier,IT,2021-09-16,15:22:36,00:00:02
stefano.crapanzano@chu.ulg.ac.be,Navigation système de fichier,IT,2021-09-16,15:45:33,00:00:02
stefano.crapanzano@chu.ulg.ac.be,Navigation système de fichier,IT,2021-09-16,15:45:45,00:00:03
stefano.crapanzano@chu.ulg.ac.be,Navigation système de fichier,IT,2021-09-16,16:16:45,00:00:03
stefano.crapanzano@chu.ulg.ac.be,Navigation système de fichier,IT,2021-09-16,16:22:42,00:00:02
stefano.crapanzano@chu.ulg.ac.be,Netop Invité,Helpdesk général,2021-09-16,08:31:29,00:00:02
stefano.crapanzano@chu.ulg.ac.be,Netop Invité,Helpdesk général,2021-09-16,11:03:12,00:00:02
stefano.crapanzano@chu.ulg.ac.be,Netop Invité,Helpdesk général,2021-09-16,11:03:31,00:00:02
stefano.crapanzano@chu.ulg.ac.be,Netop Invité,Helpdesk général,2021-09-16,11:09:16,00:00:55
stefano.crapanzano@chu.ulg.ac.be,Netop Invité,Helpdesk général,2021-09-16,11:10:24,00:00:07
stefano.crapanzano@chu.ulg.ac.be,Netop Invité,Helpdesk général,2021-09-16,11:10:48,00:00:04
stefano.crapanzano@chu.ulg.ac.be,Netop Invité,Helpdesk général,2021-09-16,11:34:02,00:00:03
stefano.crapanzano@chu.ulg.ac.be,Netop Invité,Helpdesk général,2021-09-16,11:49:27,00:00:03
stefano.crapanzano@chu.ulg.ac.be,Netop Invité,Helpdesk général,2021-09-16,11:53:44,00:00:02
stefano.crapanzano@chu.ulg.ac.be,Netop Invité,Helpdesk général,2021-09-16,12:13:49,00:00:02
stefano.crapanzano@chu.ulg.ac.be,Netop Invité,Helpdesk général,2021-09-16,14:59:46,00:00:16
stefano.crapanzano@chu.ulg.ac.be,Netop Invité,Helpdesk général,2021-09-16,15:36:19,00:00:03
stefano.crapanzano@chu.ulg.ac.be,Netop Invité,Helpdesk général,2021-09-16,16:20:18,00:00:02
stefano.crapanzano@chu.ulg.ac.be,Netop Invité,Helpdesk général,2021-09-16,16:51:48,00:05:25
stefano.crapanzano@chu.ulg.ac.be,Netop,Helpdesk général,2021-09-16,11:49:31,00:00:02
stefano.crapanzano@chu.ulg.ac.be,Connexion à l'aide de l'authentification Windows,Helpdesk général,2021-09-16,08:31:33,00:00:02
stefano.crapanzano@chu.ulg.ac.be,Connexion à l'aide de l'authentification Windows,Helpdesk général,2021-09-16,11:03:34,00:00:03
stefano.crapanzano@chu.ulg.ac.be,Connexion à l'aide de l'authentification Windows,Helpdesk général,2021-09-16,11:34:07,00:00:02
stefano.crapanzano@chu.ulg.ac.be,Connexion à l'aide de l'authentification Windows,Helpdesk général,2021-09-16,11:49:33,00:00:02
stefano.crapanzano@chu.ulg.ac.be,Connexion à l'aide de l'authentification Windows,Helpdesk général,2021-09-16,15:00:03,00:00:02
stefano.crapanzano@chu.ulg.ac.be,Connexion à l'aide de l'authentification Windows,Helpdesk général,2021-09-16,15:36:24,00:00:02
stefano.crapanzano@chu.ulg.ac.be,erpftp - Netop Remote Control,Helpdesk général,2021-09-16,08:31:37,00:00:47
stefano.crapanzano@chu.ulg.ac.be,erpftp - Netop Remote Control,Helpdesk général,2021-09-16,11:34:11,00:01:16
stefano.crapanzano@chu.ulg.ac.be,erpftp - Netop Remote Control,Helpdesk général,2021-09-16,11:36:03,00:00:06
stefano.crapanzano@chu.ulg.ac.be,erpftp - Netop Remote Control,Helpdesk général,2021-09-16,11:36:38,00:00:15
stefano.crapanzano@chu.ulg.ac.be,erpftp - Netop Remote Control,Helpdesk général,2021-09-16,11:37:12,00:00:13
stefano.crapanzano@chu.ulg.ac.be,erpftp - Netop Remote Control,Helpdesk général,2021-09-16,11:37:35,00:00:02
stefano.crapanzano@chu.ulg.ac.be,erpftp - Netop Remote Control,Helpdesk général,2021-09-16,11:37:51,00:00:22
stefano.crapanzano@chu.ulg.ac.be,erpftp - Netop Remote Control,Helpdesk général,2021-09-16,11:39:22,00:00:33
stefano.crapanzano@chu.ulg.ac.be,Doodle | Tests interface SSP de ERP4HC 2.0 dans l'environnement X01 - Google Chrome,Tâches diverses,2021-09-16,08:34:43,00:01:21
stefano.crapanzano@chu.ulg.ac.be,Doodle | Tests interface SSP de ERP4HC 2.0 dans l'environnement X01 - Google Chrome,Tâches diverses,2021-09-16,08:55:39,00:00:02
stefano.crapanzano@chu.ulg.ac.be,mise en service x01 - Mozilla Thunderbird,Helpdesk général,2021-09-16,08:54:57,00:00:07
stefano.crapanzano@chu.ulg.ac.be,mise en service x01 - Mozilla Thunderbird,Helpdesk général,2021-09-16,11:10:56,00:00:02
stefano.crapanzano@chu.ulg.ac.be,Messge d'erreur lors de l'injection de la paie dans X01 - Xperthis ERP4HC 2.0 Rollout - Service d'assistance - Google Chrome,Tâches diverses,2021-09-16,08:55:42,00:00:03
stefano.crapanzano@chu.ulg.ac.be,Messge d'erreur lors de l'injection de la paie dans X01 - Xperthis ERP4HC 2.0 Rollout - Service d'assistance - Google Chrome,Tâches diverses,2021-09-16,15:16:42,00:00:03
stefano.crapanzano@chu.ulg.ac.be,Connectez-vous à votre compte - Google Chrome,Tâches diverses,2021-09-16,08:56:17,00:00:10
stefano.crapanzano@chu.ulg.ac.be,Home - Google Chrome,Tâches diverses,2021-09-16,08:56:27,00:00:04
stefano.crapanzano@chu.ulg.ac.be,Customer Portal - Home - Google Chrome,Tâches diverses,2021-09-16,08:56:32,00:00:08
stefano.crapanzano@chu.ulg.ac.be,Centre Hospitalier Universitaire de Liège - Client Documents - Google Chrome,Tâches diverses,2021-09-16,08:56:40,00:00:06
stefano.crapanzano@chu.ulg.ac.be,ERP4HC2.0_post-kickoff_203_20210210 - CHU.xlsx - Google Chrome,Tâches diverses,2021-09-16,08:56:47,02:06:13
stefano.crapanzano@chu.ulg.ac.be,Helpdesk ATI - Db Hardware Prod - Google Chrome,Tâches diverses,2021-09-16,11:03:20,00:00:09
stefano.crapanzano@chu.ulg.ac.be,Helpdesk ATI - Db Hardware Prod - Google Chrome,Tâches diverses,2021-09-16,11:10:12,00:00:02
stefano.crapanzano@chu.ulg.ac.be,Helpdesk ATI - Db Hardware Prod - Google Chrome,IT,2021-09-16,11:26:05,00:00:04
stefano.crapanzano@chu.ulg.ac.be,dsl-wx-0044 - Netop Remote Control,Helpdesk général,2021-09-16,11:03:39,00:04:18
stefano.crapanzano@chu.ulg.ac.be,dsl-wx-0044 - Netop Remote Control,Helpdesk général,2021-09-16,11:08:22,00:00:02
stefano.crapanzano@chu.ulg.ac.be,dsl-wx-0044 - Netop Remote Control,Helpdesk général,2021-09-16,11:08:37,00:00:19
stefano.crapanzano@chu.ulg.ac.be,dsl-wx-0044 - Netop Remote Control,Helpdesk général,2021-09-16,11:09:06,00:00:07
stefano.crapanzano@chu.ulg.ac.be,Greenshot capture form,Helpdesk général,2021-09-16,11:08:02,00:00:12
stefano.crapanzano@chu.ulg.ac.be,Greenshot capture form,Helpdesk général,2021-09-16,11:08:27,00:00:09
stefano.crapanzano@chu.ulg.ac.be,Greenshot capture form,Helpdesk général,2021-09-16,11:09:00,00:00:06
stefano.crapanzano@chu.ulg.ac.be,Greenshot capture form,Helpdesk général,2021-09-16,15:00:52,00:00:06
stefano.crapanzano@chu.ulg.ac.be,Greenshot capture form,Helpdesk général,2021-09-16,15:06:42,00:00:08
stefano.crapanzano@chu.ulg.ac.be,Greenshot capture form,Helpdesk général,2021-09-16,15:22:39,00:00:09
stefano.crapanzano@chu.ulg.ac.be,Gestionnaire des tâches de Windows,Helpdesk général,2021-09-16,11:10:32,00:00:09
stefano.crapanzano@chu.ulg.ac.be,SVN_LOCAL – test_file_exist.pl [PERL] (Administrator),IT,2021-09-16,11:15:32,00:00:18
stefano.crapanzano@chu.ulg.ac.be,SVN_LOCAL – CHL_ERP_MAIL_MEDNUC_MONITORING.pl [SVN_LOCAL] (Administrator),IT,2021-09-16,11:15:50,00:00:52
stefano.crapanzano@chu.ulg.ac.be,SVN_LOCAL – CHL_ERP_MAIL_MEDNUC_MONITORING.pl [SVN_LOCAL] (Administrator),IT,2021-09-16,11:17:03,00:00:04
stefano.crapanzano@chu.ulg.ac.be,SVN_LOCAL – CHL_ERP_MAIL_MEDNUC_MONITORING.pl [SVN_LOCAL] (Administrator),IT,2021-09-16,11:17:14,00:00:03
stefano.crapanzano@chu.ulg.ac.be,SVN_LOCAL – CHL_ERP_MAIL_MEDNUC_MONITORING.pl [SVN_LOCAL] (Administrator),IT,2021-09-16,11:17:26,00:00:47
stefano.crapanzano@chu.ulg.ac.be,SVN_LOCAL – CHL_ERP_MAIL_MEDNUC_MONITORING.pl [SVN_LOCAL] (Administrator),IT,2021-09-16,11:18:22,00:00:03
stefano.crapanzano@chu.ulg.ac.be,SVN_LOCAL – CHL_ERP_MAIL_MEDNUC_MONITORING.pl [SVN_LOCAL] (Administrator),IT,2021-09-16,11:18:28,00:00:26
stefano.crapanzano@chu.ulg.ac.be,SVN_LOCAL – CHL_ERP_MAIL_MEDNUC_MONITORING.pl [SVN_LOCAL] (Administrator),IT,2021-09-16,11:19:01,00:00:20
stefano.crapanzano@chu.ulg.ac.be,SVN_LOCAL – CHL_ERP_MAIL_MEDNUC_MONITORING.pl [SVN_LOCAL] (Administrator),IT,2021-09-16,11:19:24,00:01:26
stefano.crapanzano@chu.ulg.ac.be,SVN_LOCAL – CHL_ERP_MAIL_MEDNUC_MONITORING.pl [SVN_LOCAL] (Administrator),IT,2021-09-16,11:21:25,00:00:31
stefano.crapanzano@chu.ulg.ac.be,SVN_LOCAL – CHL_ERP_MAIL_MEDNUC_MONITORING.pl [SVN_LOCAL] (Administrator),IT,2021-09-16,11:22:54,00:00:05
stefano.crapanzano@chu.ulg.ac.be,SVN_LOCAL – CHL_ERP_MAIL_MEDNUC_MONITORING.pl [SVN_LOCAL] (Administrator),IT,2021-09-16,11:23:58,00:02:07
stefano.crapanzano@chu.ulg.ac.be,SVN_LOCAL – CHL_ERP_MAIL_MEDNUC_MONITORING.pl [SVN_LOCAL] (Administrator),IT,2021-09-16,11:26:27,00:00:06
stefano.crapanzano@chu.ulg.ac.be,SVN_LOCAL – CHL_ERP_MAIL_MEDNUC_MONITORING.pl [SVN_LOCAL] (Administrator),IT,2021-09-16,11:26:50,00:00:25
stefano.crapanzano@chu.ulg.ac.be,SVN_LOCAL – CHL_ERP_MAIL_MEDNUC_MONITORING.pl [SVN_LOCAL] (Administrator),IT,2021-09-16,11:31:07,00:02:38
stefano.crapanzano@chu.ulg.ac.be,SVN_LOCAL – CHL_ERP_MAIL_MEDNUC_MONITORING.pl [SVN_LOCAL] (Administrator),IT,2021-09-16,12:15:06,00:01:18
stefano.crapanzano@chu.ulg.ac.be,SVN_LOCAL – CHL_ERP_MAIL_MEDNUC_MONITORING.pl [SVN_LOCAL] (Administrator),IT,2021-09-16,12:17:49,00:00:36
stefano.crapanzano@chu.ulg.ac.be,SVN_LOCAL – CHL_ERP_MAIL_MEDNUC_MONITORING.pl [SVN_LOCAL] (Administrator),IT,2021-09-16,12:18:37,00:07:34
stefano.crapanzano@chu.ulg.ac.be,SVN_LOCAL – CHL_ERP_MAIL_MEDNUC_MONITORING.pl [SVN_LOCAL] (Administrator),IT,2021-09-16,12:30:15,00:00:06
stefano.crapanzano@chu.ulg.ac.be,SVN_LOCAL – CHL_ERP_MAIL_MEDNUC_MONITORING.pl [SVN_LOCAL] (Administrator),IT,2021-09-16,12:31:50,00:00:07
stefano.crapanzano@chu.ulg.ac.be,SVN_LOCAL – CHL_ERP_MAIL_MEDNUC_MONITORING.pl [SVN_LOCAL] (Administrator),IT,2021-09-16,12:33:10,00:00:07
stefano.crapanzano@chu.ulg.ac.be,SVN_LOCAL – CHL_ERP_MAIL_MEDNUC_MONITORING.pl [SVN_LOCAL] (Administrator),IT,2021-09-16,13:38:52,00:21:47
stefano.crapanzano@chu.ulg.ac.be,SVN_LOCAL – CHL_ERP_MAIL_MEDNUC_MONITORING.pl [SVN_LOCAL] (Administrator),IT,2021-09-16,14:06:52,00:12:40
stefano.crapanzano@chu.ulg.ac.be,SVN_LOCAL – CHL_ERP_MAIL_MEDNUC_MONITORING.pl [SVN_LOCAL] (Administrator),IT,2021-09-16,14:34:22,00:18:50
stefano.crapanzano@chu.ulg.ac.be,SAP Logon 760,Exploration SAP,2021-09-16,11:18:55,00:00:06
stefano.crapanzano@chu.ulg.ac.be,SAP Logon 760,IT,2021-09-16,11:20:51,00:00:03
stefano.crapanzano@chu.ulg.ac.be,SAP Logon 760,Exploration SAP,2021-09-16,14:21:57,00:00:02
stefano.crapanzano@chu.ulg.ac.be,SAP Logon 760,Exploration SAP,2021-09-16,14:24:25,00:00:02
stefano.crapanzano@chu.ulg.ac.be,SAP Logon 760,Tâches diverses,2021-09-16,14:24:33,00:00:07
stefano.crapanzano@chu.ulg.ac.be,SAP Logon 760,Exploration SAP,2021-09-16,14:26:00,00:00:03
stefano.crapanzano@chu.ulg.ac.be,SAP Logon 760,Exploration SAP,2021-09-16,14:26:17,00:00:03
stefano.crapanzano@chu.ulg.ac.be,SAP Easy Access Menu de base Applications financières-économiques,Exploration SAP,2021-09-16,11:20:54,00:00:03
stefano.crapanzano@chu.ulg.ac.be,SAPconnect : ordres d'envoi de 15.09.2021 à 16.09.2021,Exploration SAP,2021-09-16,11:20:58,00:00:20
stefano.crapanzano@chu.ulg.ac.be,SAPconnect : ordres d'envoi de 15.09.2021 à 16.09.2021,Exploration SAP,2021-09-16,11:21:19,00:00:04
stefano.crapanzano@chu.ulg.ac.be,I:\Informatique\ERP\Exploitation\SURVEILLANCE\SOST\sost_16_09_2021_09_00_00_09_59_59.csv - Notepad++ [Administrator],IT,2021-09-16,11:23:50,00:00:02
stefano.crapanzano@chu.ulg.ac.be,I:\Informatique\ERP\Exploitation\SURVEILLANCE\SOST\sost_16_09_2021_10_00_00_10_59_59.csv - Notepad++ [Administrator],IT,2021-09-16,11:23:54,00:00:02
stefano.crapanzano@chu.ulg.ac.be,intellij idea - Recherche Google - Google Chrome,Tâches diverses,2021-09-16,11:26:14,00:00:02
stefano.crapanzano@chu.ulg.ac.be,IntelliJ IDEA : l'IDE Java performant et ergonomique de JetBrains - Google Chrome,Tâches diverses,2021-09-16,11:26:17,00:00:03
stefano.crapanzano@chu.ulg.ac.be,Télécharger IntelliJ IDEA: l'IDE Java performant et ergonomique de JetBrains - Google Chrome,Tâches diverses,2021-09-16,11:26:20,00:00:06
stefano.crapanzano@chu.ulg.ac.be,Télécharger IntelliJ IDEA: l'IDE Java performant et ergonomique de JetBrains - Google Chrome,Tâches diverses,2021-09-16,11:28:29,00:00:04
stefano.crapanzano@chu.ulg.ac.be,Settings,IT,2021-09-16,11:26:33,00:00:14
stefano.crapanzano@chu.ulg.ac.be,Settings,IT,2021-09-16,12:26:12,00:04:02
stefano.crapanzano@chu.ulg.ac.be,Settings,IT,2021-09-16,12:31:57,00:01:12
stefano.crapanzano@chu.ulg.ac.be,SVN_LOCAL – test_bat.bat [PERL] (Administrator),IT,2021-09-16,11:27:16,00:00:38
stefano.crapanzano@chu.ulg.ac.be,SVN_LOCAL – test_bat.bat [PERL] (Administrator),IT,2021-09-16,11:28:01,00:00:08
stefano.crapanzano@chu.ulg.ac.be,SVN_LOCAL – test_bat.bat [PERL] (Administrator),IT,2021-09-16,11:30:55,00:00:12
stefano.crapanzano@chu.ulg.ac.be,activestate perl - Recherche Google - Google Chrome,Tâches diverses,2021-09-16,11:28:47,00:00:03
stefano.crapanzano@chu.ulg.ac.be,Download & Install Perl - ActiveState - Google Chrome,Tâches diverses,2021-09-16,11:28:51,00:00:05
stefano.crapanzano@chu.ulg.ac.be,Download & Install Perl - ActiveState - Google Chrome,Tâches diverses,2021-09-16,11:29:10,00:00:24
stefano.crapanzano@chu.ulg.ac.be,Download & Install Perl - ActiveState - Google Chrome,Tâches diverses,2021-09-16,11:30:27,00:00:12
stefano.crapanzano@chu.ulg.ac.be,Download & Install Perl - ActiveState - Google Chrome,Tâches diverses,2021-09-16,11:35:29,00:00:03
stefano.crapanzano@chu.ulg.ac.be,S:\perl\debugger\Keywords.txt - Notepad++ [Administrator],IT,2021-09-16,11:30:20,00:00:02
stefano.crapanzano@chu.ulg.ac.be,POST data - Google Chrome,Tâches diverses,2021-09-16,12:02:59,00:00:02
stefano.crapanzano@chu.ulg.ac.be,GOAL - LABO - Google Chrome,Tâches diverses,2021-09-16,11:37:02,00:00:09
stefano.crapanzano@chu.ulg.ac.be,GOAL - LABO - Google Chrome,Tâches diverses,2021-09-16,11:37:25,00:00:09
stefano.crapanzano@chu.ulg.ac.be,GOAL - LABO - Google Chrome,Tâches diverses,2021-09-16,11:37:37,00:00:13
stefano.crapanzano@chu.ulg.ac.be,GOAL - LABO - Google Chrome,Helpdesk général,2021-09-16,11:38:13,00:00:39
stefano.crapanzano@chu.ulg.ac.be,GOAL - LABO - Google Chrome,Tâches diverses,2021-09-16,11:38:54,00:00:27
stefano.crapanzano@chu.ulg.ac.be,GOAL - LABO - Google Chrome,Tâches diverses,2021-09-16,11:39:55,00:00:08
stefano.crapanzano@chu.ulg.ac.be,Lancement de l’application,Helpdesk général,2021-09-16,11:43:39,00:00:02
stefano.crapanzano@chu.ulg.ac.be,SAI-Réunion service-20210916.pdf - Google Chrome,Tâches diverses,2021-09-16,11:43:53,00:00:02
stefano.crapanzano@chu.ulg.ac.be,SAI-Réunion service-20210916 - Google Chrome,Tâches diverses,2021-09-16,11:43:56,00:04:13
stefano.crapanzano@chu.ulg.ac.be,SAI-Réunion service-20210916 - Google Chrome,Tâches diverses,2021-09-16,12:02:51,00:00:04
stefano.crapanzano@chu.ulg.ac.be,2021-09-16 11_08_26-dsl-wx-0044 - Netop Remote Control.png - IrfanView (Zoom: 1510 x 959),Helpdesk général,2021-09-16,11:50:31,00:00:02
stefano.crapanzano@chu.ulg.ac.be,si-s-serv503 - Netop Remote Control,Helpdesk général,2021-09-16,11:49:37,00:00:54
stefano.crapanzano@chu.ulg.ac.be,si-s-serv503 - Netop Remote Control,Helpdesk général,2021-09-16,11:50:39,00:00:42
stefano.crapanzano@chu.ulg.ac.be,si-s-serv503 - Netop Remote Control,Helpdesk général,2021-09-16,11:51:48,00:01:55
stefano.crapanzano@chu.ulg.ac.be,si-s-serv503 - Netop Remote Control,Helpdesk général,2021-09-16,15:00:07,00:00:42
stefano.crapanzano@chu.ulg.ac.be,si-s-serv503 - Netop Remote Control,Helpdesk général,2021-09-16,15:00:58,00:05:41
stefano.crapanzano@chu.ulg.ac.be,si-s-serv503 - Netop Remote Control,Helpdesk général,2021-09-16,15:06:50,00:00:34
stefano.crapanzano@chu.ulg.ac.be,si-s-serv503 - Netop Remote Control,Helpdesk général,2021-09-16,15:10:02,00:00:31
stefano.crapanzano@chu.ulg.ac.be,si-s-serv503 - Netop Remote Control,Helpdesk général,2021-09-16,15:11:46,00:00:12
stefano.crapanzano@chu.ulg.ac.be,si-s-serv503 - Netop Remote Control,Helpdesk général,2021-09-16,15:14:45,00:00:03
stefano.crapanzano@chu.ulg.ac.be,si-s-serv503 - Netop Remote Control,Helpdesk général,2021-09-16,15:15:37,00:00:02
stefano.crapanzano@chu.ulg.ac.be,si-s-serv503 - Netop Remote Control,Helpdesk général,2021-09-16,15:18:06,00:02:54
stefano.crapanzano@chu.ulg.ac.be,si-s-serv503 - Netop Remote Control,Helpdesk général,2021-09-16,15:21:02,00:00:03
stefano.crapanzano@chu.ulg.ac.be,si-s-serv503 - Netop Remote Control,Helpdesk général,2021-09-16,15:21:36,00:00:09
stefano.crapanzano@chu.ulg.ac.be,si-s-serv503 - Netop Remote Control,Helpdesk général,2021-09-16,15:22:32,00:00:04
stefano.crapanzano@chu.ulg.ac.be,si-s-serv503 - Netop Remote Control,Helpdesk général,2021-09-16,15:22:48,00:00:02
stefano.crapanzano@chu.ulg.ac.be,si-s-serv503 - Netop Remote Control,Tâches diverses,2021-09-16,15:24:02,00:00:07
stefano.crapanzano@chu.ulg.ac.be,si-s-serv503 - Netop Remote Control,Helpdesk général,2021-09-16,15:36:28,00:00:16
stefano.crapanzano@chu.ulg.ac.be,si-s-serv503 - Netop Remote Control,Helpdesk général,2021-09-16,15:37:00,00:00:03
stefano.crapanzano@chu.ulg.ac.be,si-s-serv503 - Netop Remote Control,Helpdesk général,2021-09-16,15:37:18,00:07:58
stefano.crapanzano@chu.ulg.ac.be,si-s-serv503 - Netop Remote Control,Helpdesk général,2021-09-16,16:16:18,00:00:10
stefano.crapanzano@chu.ulg.ac.be,si-s-serv503 - Netop Remote Control,Helpdesk général,2021-09-16,16:16:48,00:03:29
stefano.crapanzano@chu.ulg.ac.be,start [DokuWiki ERP] - Google Chrome,Tâches diverses,2021-09-16,12:03:01,00:00:02
stefano.crapanzano@chu.ulg.ac.be,start [DokuWiki ERP] - Google Chrome,Tâches diverses,2021-09-16,12:12:05,00:00:36
stefano.crapanzano@chu.ulg.ac.be,start [DokuWiki ERP] - Google Chrome,Tâches diverses,2021-09-16,14:19:32,00:00:07
stefano.crapanzano@chu.ulg.ac.be,Tâches planifiées [DokuWiki ERP] - Google Chrome,Tâches diverses,2021-09-16,12:03:03,00:00:03
stefano.crapanzano@chu.ulg.ac.be,Tâches planifiées [DokuWiki ERP] - Google Chrome,Tâches diverses,2021-09-16,12:03:53,00:00:04
stefano.crapanzano@chu.ulg.ac.be,Tâches planifiées [DokuWiki ERP] - Google Chrome,Tâches diverses,2021-09-16,12:04:23,00:00:04
stefano.crapanzano@chu.ulg.ac.be,Tâches planifiées [DokuWiki ERP] - Google Chrome,Tâches diverses,2021-09-16,12:09:07,00:00:04
stefano.crapanzano@chu.ulg.ac.be,Tâches planifiées [DokuWiki ERP] - Google Chrome,Tâches diverses,2021-09-16,12:09:42,00:00:03
stefano.crapanzano@chu.ulg.ac.be,Tâches planifiées [DokuWiki ERP] - Google Chrome,Tâches diverses,2021-09-16,12:11:35,00:00:06
stefano.crapanzano@chu.ulg.ac.be,Tâches planifiées [DokuWiki ERP] - Google Chrome,Tâches diverses,2021-09-16,12:11:46,00:00:02
stefano.crapanzano@chu.ulg.ac.be,Tâches planifiées [DokuWiki ERP] - Google Chrome,Tâches diverses,2021-09-16,12:11:54,00:00:04
stefano.crapanzano@chu.ulg.ac.be,Tâches planifiées [DokuWiki ERP] - Google Chrome,Tâches diverses,2021-09-16,12:12:01,00:00:03
stefano.crapanzano@chu.ulg.ac.be,CHL_ERP_MAIL_MEDNUC_MONITORING - Surveillance des mails envoyés par la Médecine Nucléaire aux fournisseurs via SOST [DokuWiki ERP] - Google Chrome,Tâches diverses,2021-09-16,12:03:07,00:00:07
stefano.crapanzano@chu.ulg.ac.be,CHL_ERP_MAIL_MEDNUC_MONITORING - Surveillance des mails envoyés par la Médecine Nucléaire aux fournisseurs via SOST [DokuWiki ERP] - Google Chrome,Tâches diverses,2021-09-16,12:03:51,00:00:02
stefano.crapanzano@chu.ulg.ac.be,CHL_ERP_MAIL_MEDNUC_MONITORING - Surveillance des mails envoyés par la Médecine Nucléaire aux fournisseurs via SOST [DokuWiki ERP] - Google Chrome,Tâches diverses,2021-09-16,12:04:28,00:01:20
stefano.crapanzano@chu.ulg.ac.be,CHL_ERP_MAIL_MEDNUC_MONITORING - Surveillance des mails envoyés par la Médecine Nucléaire aux fournisseurs via SOST [DokuWiki ERP] - Google Chrome,Tâches diverses,2021-09-16,12:05:51,00:00:03
stefano.crapanzano@chu.ulg.ac.be,CHL_ERP_MAIL_MEDNUC_MONITORING - Surveillance des mails envoyés par la Médecine Nucléaire aux fournisseurs via SOST [DokuWiki ERP] - Google Chrome,Tâches diverses,2021-09-16,12:06:21,00:02:45
stefano.crapanzano@chu.ulg.ac.be,CHL_ERP_MAIL_MEDNUC_MONITORING - Surveillance des mails envoyés par la Médecine Nucléaire aux fournisseurs via SOST [DokuWiki ERP] - Google Chrome,Tâches diverses,2021-09-16,12:11:59,00:00:02
stefano.crapanzano@chu.ulg.ac.be,Rédaction : (pas de sujet) - Thunderbird,Helpdesk général,2021-09-16,12:03:18,00:00:02
stefano.crapanzano@chu.ulg.ac.be,Rédaction : Documentation sur les tâches planifiées - Thunderbird,Helpdesk général,2021-09-16,12:03:28,00:00:21
stefano.crapanzano@chu.ulg.ac.be,Rédaction : Documentation sur les tâches planifiées - Thunderbird,Helpdesk général,2021-09-16,12:03:59,00:00:22
stefano.crapanzano@chu.ulg.ac.be,Rédaction : Documentation sur les tâches planifiées - Thunderbird,Helpdesk général,2021-09-16,12:05:55,00:00:26
stefano.crapanzano@chu.ulg.ac.be,CHL_ERP_JOB_MONITORING - Surveillance des Jobs SAP [DokuWiki ERP] - Google Chrome,Tâches diverses,2021-09-16,12:09:12,00:00:30
stefano.crapanzano@chu.ulg.ac.be,CHL_ERP_COPIE_FACTURES_PAR_UB - Copie des factures ZHUL et distribution par UB / CFR + Gestion des droits d'accès [DokuWiki ERP] - Google Chrome,Tâches diverses,2021-09-16,12:09:46,00:01:49
stefano.crapanzano@chu.ulg.ac.be,Contrôle de l'exécution des tâches utilisant un fichier xltm [DokuWiki ERP] - Google Chrome,Tâches diverses,2021-09-16,12:11:42,00:00:04
stefano.crapanzano@chu.ulg.ac.be,CHL_ERP_ZI54_MONITORING - Surveillance des paramètres définis dans ZI54 [DokuWiki ERP] - Google Chrome,Tâches diverses,2021-09-16,12:11:49,00:00:04
stefano.crapanzano@chu.ulg.ac.be,Envoyés - erp.sai@chuliege.be - Mozilla Thunderbird,Helpdesk général,2021-09-16,12:13:01,00:00:43
stefano.crapanzano@chu.ulg.ac.be,Envoyés - erp.sai@chuliege.be - Mozilla Thunderbird,Helpdesk général,2021-09-16,12:17:16,00:00:03
stefano.crapanzano@chu.ulg.ac.be,\\filesrv01.st.chulg\oazis_prod\APPL_PROD\SOURCES\PY...\catalogue_project - Commit - TortoiseSVN,IT,2021-09-16,12:13:47,00:00:02
stefano.crapanzano@chu.ulg.ac.be,Lecture documentation,Tâches diverses,2021-09-16,12:13:56,00:01:02
stefano.crapanzano@chu.ulg.ac.be,Lecture documentation,Tâches diverses,2021-09-16,12:15:04,00:00:02
stefano.crapanzano@chu.ulg.ac.be,Lecture documentation,Tâches diverses,2021-09-16,12:16:26,00:00:45
stefano.crapanzano@chu.ulg.ac.be,Lecture documentation,Tâches diverses,2021-09-16,12:17:22,00:00:23
stefano.crapanzano@chu.ulg.ac.be,Lecture documentation,Tâches diverses,2021-09-16,12:30:38,00:01:10
stefano.crapanzano@chu.ulg.ac.be,Commit Changes,IT,2021-09-16,12:18:25,00:00:12
stefano.crapanzano@chu.ulg.ac.be,Project Structure,IT,2021-09-16,12:30:21,00:00:14
stefano.crapanzano@chu.ulg.ac.be,SAM-DB - Google Chrome,Tâches diverses,2021-09-16,14:19:48,00:00:05
stefano.crapanzano@chu.ulg.ac.be,SAM-DB : Test ERP 2.0 Vérification des robots SAPScript sur X01 - Google Chrome,Tâches diverses,2021-09-16,14:19:53,00:00:49
stefano.crapanzano@chu.ulg.ac.be,SAM-DB : Test ERP 2.0 Vérification des robots SAPScript sur X01 - Google Chrome,Tâches diverses,2021-09-16,15:07:25,00:00:07
stefano.crapanzano@chu.ulg.ac.be,\\filesrv01.st.chulg\oazis_prod\APPL_PROD\SOURCES\BAT\ERP\CHL_ERP_ZI54_MONITORING_X01.bat - Notepad++ [Administrator],IT,2021-09-16,14:21:48,00:00:02
stefano.crapanzano@chu.ulg.ac.be,\\filesrv01.st.chulg\oazis_prod\APPL_PROD\SOURCES\BAT\ERP\CHL_ERP_ZI54_MONITORING_X01.bat - Notepad++ [Administrator],IT,2021-09-16,14:22:14,00:00:02
stefano.crapanzano@chu.ulg.ac.be,\\filesrv01.st.chulg\oazis_prod\APPL_PROD\SOURCES\BAT\ERP\CHL_ERP_ZI54_MONITORING_X01.bat - Notepad++ [Administrator],IT,2021-09-16,14:23:15,00:00:13
stefano.crapanzano@chu.ulg.ac.be,\\filesrv01.st.chulg\oazis_prod\APPL_PROD\SOURCES\BAT\ERP\CHL_ERP_ZI54_MONITORING_X01.bat - Notepad++ [Administrator],IT,2021-09-16,14:23:37,00:00:07
stefano.crapanzano@chu.ulg.ac.be,\\filesrv01.st.chulg\oazis_prod\APPL_PROD\SOURCES\BAT\ERP\CHL_ERP_IDOC_MONITORING_X01.bat - Notepad++ [Administrator],IT,2021-09-16,14:22:07,00:00:07
stefano.crapanzano@chu.ulg.ac.be,*\\filesrv01.st.chulg\oazis_prod\APPL_PROD\SOURCES\BAT\ERP\CHL_ERP_ZI54_MONITORING_X01.bat - Notepad++ [Administrator],IT,2021-09-16,14:22:17,00:00:07
stefano.crapanzano@chu.ulg.ac.be,Administrateur : C:\Windows\System32\cmd.exe,IT,2021-09-16,14:22:32,00:00:02
stefano.crapanzano@chu.ulg.ac.be,Administrateur : C:\Windows\System32\cmd.exe,IT,2021-09-16,14:22:36,00:00:25
stefano.crapanzano@chu.ulg.ac.be,Administrateur : C:\Windows\System32\cmd.exe,IT,2021-09-16,14:23:03,00:00:10
stefano.crapanzano@chu.ulg.ac.be,Administrateur : C:\Windows\System32\cmd.exe,IT,2021-09-16,14:23:30,00:00:07
stefano.crapanzano@chu.ulg.ac.be,Administrateur : C:\Windows\system32\cmd.exe,IT,2021-09-16,14:23:44,00:00:03
stefano.crapanzano@chu.ulg.ac.be,Administrateur : C:\Windows\system32\cmd.exe,IT,2021-09-16,14:24:49,00:00:02
stefano.crapanzano@chu.ulg.ac.be,Administrateur : C:\Windows\system32\cmd.exe - \\filesrv01.st.chulg\oazis_prod\APPL_PROD\SOURCES\BAT\ERP\CHL_ERP_ZI54_MONITORING_X01.bat,IT,2021-09-16,14:23:48,00:00:27
stefano.crapanzano@chu.ulg.ac.be,Administrateur : C:\Windows\system32\cmd.exe - \\filesrv01.st.chulg\oazis_prod\APPL_PROD\SOURCES\BAT\ERP\CHL_ERP_ZI54_MONITORING_X01.bat,IT,2021-09-16,14:24:52,00:00:13
stefano.crapanzano@chu.ulg.ac.be,Microsoft Visual Basic,Exploration SAP,2021-09-16,14:24:16,00:00:02
stefano.crapanzano@chu.ulg.ac.be,Microsoft Visual Basic,Tâches diverses,2021-09-16,14:24:30,00:00:02
stefano.crapanzano@chu.ulg.ac.be,Microsoft Visual Basic,Tâches diverses,2021-09-16,14:26:15,00:00:02
stefano.crapanzano@chu.ulg.ac.be,Microsoft Visual Basic pour Applications - MONITORING_ZI54_SAP1 [arrêt] - [Module1 (Code)],Tâches diverses,2021-09-16,14:24:19,00:00:06
stefano.crapanzano@chu.ulg.ac.be,Microsoft Visual Basic pour Applications - MONITORING_ZI54_SAP1 [arrêt] - [Module1 (Code)],Tâches diverses,2021-09-16,14:24:28,00:00:02
stefano.crapanzano@chu.ulg.ac.be,Microsoft Visual Basic pour Applications - MONITORING_ZI54_SAP1 [arrêt] - [Module1 (Code)],Exploration SAP,2021-09-16,14:25:06,00:00:05
stefano.crapanzano@chu.ulg.ac.be,Microsoft Visual Basic pour Applications - MONITORING_ZI54_SAP1 [arrêt] - [Module1 (Code)],Tâches diverses,2021-09-16,14:25:23,00:00:35
stefano.crapanzano@chu.ulg.ac.be,Microsoft Visual Basic pour Applications - MONITORING_ZI54_SAP1 [arrêt] - [Module1 (Code)],Tâches diverses,2021-09-16,14:26:05,00:00:09
stefano.crapanzano@chu.ulg.ac.be,SAP,Exploration SAP,2021-09-16,14:24:40,00:00:08
stefano.crapanzano@chu.ulg.ac.be,SAP,Exploration SAP,2021-09-16,14:26:23,00:00:10
stefano.crapanzano@chu.ulg.ac.be,SAP,Exploration SAP,2021-09-16,14:26:54,00:01:07
stefano.crapanzano@chu.ulg.ac.be,I:\Informatique\ERP\Securite\security\CHL_ERP_CONNEXION_SAP_X01.info - Notepad++ [Administrator],IT,2021-09-16,14:26:48,00:00:04
stefano.crapanzano@chu.ulg.ac.be,ZORGI Help Center - Service d'assistance - Google Chrome,Tâches diverses,2021-09-16,15:07:36,00:00:03
stefano.crapanzano@chu.ulg.ac.be,ZORGI Help Center - Service d'assistance - Google Chrome,Tâches diverses,2021-09-16,15:16:31,00:00:03
stefano.crapanzano@chu.ulg.ac.be,Incident ERP for HealthCare - Xperthis ERP4HC 2.0 Rollout - Service d'assistance - Google Chrome,Tâches diverses,2021-09-16,15:07:40,00:02:19
stefano.crapanzano@chu.ulg.ac.be,Incident ERP for HealthCare - Xperthis ERP4HC 2.0 Rollout - Service d'assistance - Google Chrome,Tâches diverses,2021-09-16,15:10:33,00:00:42
stefano.crapanzano@chu.ulg.ac.be,Incident ERP for HealthCare - Xperthis ERP4HC 2.0 Rollout - Service d'assistance - Google Chrome,Tâches diverses,2021-09-16,15:11:35,00:00:08
stefano.crapanzano@chu.ulg.ac.be,Incident ERP for HealthCare - Xperthis ERP4HC 2.0 Rollout - Service d'assistance - Google Chrome,Tâches diverses,2021-09-16,15:11:58,00:02:07
stefano.crapanzano@chu.ulg.ac.be,Incident ERP for HealthCare - Xperthis ERP4HC 2.0 Rollout - Service d'assistance - Google Chrome,Tâches diverses,2021-09-16,15:14:10,00:00:32
stefano.crapanzano@chu.ulg.ac.be,Incident ERP for HealthCare - Xperthis ERP4HC 2.0 Rollout - Service d'assistance - Google Chrome,Helpdesk général,2021-09-16,15:14:49,00:00:03
stefano.crapanzano@chu.ulg.ac.be,Incident ERP for HealthCare - Xperthis ERP4HC 2.0 Rollout - Service d'assistance - Google Chrome,Helpdesk général,2021-09-16,15:14:54,00:00:41
stefano.crapanzano@chu.ulg.ac.be,Incident ERP for HealthCare - Xperthis ERP4HC 2.0 Rollout - Service d'assistance - Google Chrome,Tâches diverses,2021-09-16,15:15:51,00:00:20
stefano.crapanzano@chu.ulg.ac.be,Ouvrir,Tâches diverses,2021-09-16,15:14:05,00:00:04
stefano.crapanzano@chu.ulg.ac.be,Ouvrir,Tâches diverses,2021-09-16,15:17:10,00:00:03
stefano.crapanzano@chu.ulg.ac.be,Ouvrir,Tâches diverses,2021-09-16,15:22:56,00:00:03
stefano.crapanzano@chu.ulg.ac.be,KOFAX ARCO - Traitement des factures papiers ne fonctionne pas - Xperthis ERP4HC 2.0 Rollout - Service d'assistance - Google Chrome,Tâches diverses,2021-09-16,15:16:12,00:00:18
stefano.crapanzano@chu.ulg.ac.be,KOFAX ARCO - Traitement des factures papiers ne fonctionne pas - Xperthis ERP4HC 2.0 Rollout - Service d'assistance - Google Chrome,Tâches diverses,2021-09-16,15:16:49,00:00:12
stefano.crapanzano@chu.ulg.ac.be,KOFAX ARCO - Traitement des factures papiers ne fonctionne pas - Xperthis ERP4HC 2.0 Rollout - Service d'assistance - Google Chrome,Tâches diverses,2021-09-16,15:17:23,00:00:39
stefano.crapanzano@chu.ulg.ac.be,Demandes - Service d'assistance - Google Chrome,Tâches diverses,2021-09-16,15:16:46,00:00:02
stefano.crapanzano@chu.ulg.ac.be,Incident ERP for HealthCare - Xperthis ERP4HC 1.0 - Service d'assistance - Google Chrome,Tâches diverses,2021-09-16,15:16:36,00:00:06
stefano.crapanzano@chu.ulg.ac.be,Incident ERP for HealthCare - Xperthis ERP4HC 1.0 - Service d'assistance - Google Chrome,Tâches diverses,2021-09-16,15:17:01,00:00:09
stefano.crapanzano@chu.ulg.ac.be,Incident ERP for HealthCare - Xperthis ERP4HC 1.0 - Service d'assistance - Google Chrome,Tâches diverses,2021-09-16,15:17:14,00:00:09
stefano.crapanzano@chu.ulg.ac.be,KOFAX ARCO - Traitement des factures papiers ne fonctionne pas - Xperthis ERP4HC 1.0 - Service d'assistance - Google Chrome,Tâches diverses,2021-09-16,15:22:52,00:00:04
stefano.crapanzano@chu.ulg.ac.be,KOFAX ARCO - Traitement des factures papiers ne fonctionne pas - Xperthis ERP4HC 1.0 - Service d'assistance - Google Chrome,Tâches diverses,2021-09-16,15:23:00,00:01:02
stefano.crapanzano@chu.ulg.ac.be,KOFAX ARCO - Traitement des factures papiers ne fonctionne pas - Xperthis ERP4HC 1.0 - Service d'assistance - Google Chrome,Tâches diverses,2021-09-16,15:24:20,00:11:42
stefano.crapanzano@chu.ulg.ac.be,KOFAX ARCO - Traitement des factures papiers ne fonctionne pas - Xperthis ERP4HC 1.0 - Service d'assistance - Google Chrome,Tâches diverses,2021-09-16,16:22:45,00:00:02
stefano.crapanzano@chu.ulg.ac.be,KOFAX ARCO - Traitement des factures papiers ne fonctionne pas - Xperthis ERP4HC 1.0 - Service d'assistance - Google Chrome,Tâches diverses,2021-09-16,16:49:40,00:00:02
stefano.crapanzano@chu.ulg.ac.be,KOFAX ARCO - Traitement des factures papiers ne fonctionne pas - Xperthis ERP4HC 1.0 - Service d'assistance - Google Chrome,Helpdesk général,2021-09-16,16:49:44,00:02:03
stefano.crapanzano@chu.ulg.ac.be,Rédaction : Re: Ticket 20210919855084 ((JIARCO-1370) P203 CHU KOFAX ARCO - Traitement des factures papiers ne fonctionne pas) - Thunderbird,Helpdesk général,2021-09-16,15:36:46,00:00:13
stefano.crapanzano@chu.ulg.ac.be,Rédaction : Re: Ticket 20210919855084 ((JIARCO-1370) P203 CHU KOFAX ARCO - Traitement des factures papiers ne fonctionne pas) - Thunderbird,Helpdesk général,2021-09-16,15:37:03,00:00:10
stefano.crapanzano@chu.ulg.ac.be,Rédaction : Re: Ticket 20210919855084 ((JIARCO-1370) P203 CHU KOFAX ARCO - Traitement des factures papiers ne fonctionne pas) - Thunderbird,Helpdesk général,2021-09-16,16:20:24,00:00:38
stefano.crapanzano@chu.ulg.ac.be,Vérification de l’orthographe,Helpdesk général,2021-09-16,15:37:14,00:00:02
stefano.crapanzano@chu.ulg.ac.be,Vérification de l’orthographe,Helpdesk général,2021-09-16,16:21:03,00:00:02
stefano.crapanzano@chu.ulg.ac.be,Erreur,Helpdesk général,2021-09-16,15:45:16,00:00:16
stefano.crapanzano@chu.ulg.ac.be,Erreur,Helpdesk général,2021-09-16,15:45:48,00:30:29
stefano.crapanzano@chu.ulg.ac.be,Ticket 20210919855084 ((JIARCO-1370) P203 CHU KOFAX ARCO - Traitement des factures papiers ne fonctionne pas) - Mozilla Thunderbird,Helpdesk général,2021-09-16,16:20:22,00:00:02
stefano.crapanzano@chu.ulg.ac.be,Ticket 20210919855084 ((JIARCO-1370) P203 CHU KOFAX ARCO - Traitement des factures papiers ne fonctionne pas) - Mozilla Thunderbird,Helpdesk général,2021-09-16,16:21:10,00:01:32
stefano.crapanzano@chu.ulg.ac.be,Ticket 20210919855084 ((JIARCO-1370) P203 CHU KOFAX ARCO - Traitement des factures papiers ne fonctionne pas) - Mozilla Thunderbird,Helpdesk général,2021-09-16,16:22:47,00:00:03
stefano.crapanzano@chu.ulg.ac.be,Programmation,IT,2021-09-16,16:26:12,00:00:02
