Email,Description,Project,Start date,Start time,Duration
stefano.crapanzano@chu.ulg.ac.be,Administrateur : C:\Windows\system32\cmd.exe - python  main.py,IT,2021-09-17,17:06:19,00:00:02
stefano.crapanzano@chu.ulg.ac.be,pyodbc.OperationalError: ('08004'  '[08004] [Oracle][ODBC][Ora]ORA-12154: TNS:could not resolve the connect identifier specified\n (12154) (SQLDriverConnect)') - Recherche Google - Google Chrome,Tâches diverses,2021-09-17,14:29:27,00:00:11
stefano.crapanzano@chu.ulg.ac.be,pyodbc.OperationalError: ('08004'  '[08004] [Oracle][ODBC][Ora]ORA-12154: TNS:could not resolve the connect identifier specified\n (12154) (SQLDriverConnect)') - Recherche Google - Google Chrome,Tâches diverses,2021-09-17,14:30:08,00:00:06
stefano.crapanzano@chu.ulg.ac.be,pyodbc.OperationalError: ('08004'  '[08004] [Oracle][ODBC][Ora]ORA-12154: TNS:could not resolve the connect identifier specified\n (12154) (SQLDriverConnect)') - Recherche Google - Google Chrome,Tâches diverses,2021-09-17,14:30:48,00:00:23
stefano.crapanzano@chu.ulg.ac.be,pyodbc.OperationalError: ('08004'  '[08004] [Oracle][ODBC][Ora]ORA-12154: TNS:could not resolve the connect identifier specified\n (12154) (SQLDriverConnect)') - Recherche Google - Google Chrome,Tâches diverses,2021-09-17,14:53:49,00:00:02
stefano.crapanzano@chu.ulg.ac.be,pyodbc.OperationalError: ('08004'  '[08004] [Oracle][ODBC][Ora]ORA-12154: TNS:could not resolve the connect identifier specified\n (12154) (SQLDriverConnect)') - Recherche Google - Google Chrome,Tâches diverses,2021-09-17,16:24:58,00:00:02
stefano.crapanzano@chu.ulg.ac.be,08004:[oracle][odbc][ora]ora-12154: TNS: could not resolve the connect .... | SAP Community - Google Chrome,Tâches diverses,2021-09-17,14:29:39,00:00:29
stefano.crapanzano@chu.ulg.ac.be,Programmation,IT,2021-09-17,14:30:16,00:00:18
stefano.crapanzano@chu.ulg.ac.be,Programmation,IT,2021-09-17,14:31:11,00:00:31
stefano.crapanzano@chu.ulg.ac.be,Programmation,IT,2021-09-17,14:31:49,00:00:12
stefano.crapanzano@chu.ulg.ac.be,Programmation,IT,2021-09-17,14:55:39,00:00:09
stefano.crapanzano@chu.ulg.ac.be,Programmation,IT,2021-09-17,15:11:36,00:00:02
stefano.crapanzano@chu.ulg.ac.be,Programmation,IT,2021-09-17,15:17:19,00:01:15
stefano.crapanzano@chu.ulg.ac.be,Navigation système de fichier,IT,2021-09-17,14:30:34,00:00:02
stefano.crapanzano@chu.ulg.ac.be,Navigation système de fichier,IT,2021-09-17,14:30:38,00:00:10
stefano.crapanzano@chu.ulg.ac.be,Navigation système de fichier,IT,2021-09-17,14:35:06,00:00:02
stefano.crapanzano@chu.ulg.ac.be,Navigation système de fichier,IT,2021-09-17,14:41:10,00:00:13
stefano.crapanzano@chu.ulg.ac.be,Navigation système de fichier,IT,2021-09-17,14:43:59,00:00:07
stefano.crapanzano@chu.ulg.ac.be,Navigation système de fichier,IT,2021-09-17,14:49:44,00:00:02
stefano.crapanzano@chu.ulg.ac.be,Navigation système de fichier,IT,2021-09-17,14:50:10,00:00:02
stefano.crapanzano@chu.ulg.ac.be,Navigation système de fichier,IT,2021-09-17,14:50:57,00:00:03
stefano.crapanzano@chu.ulg.ac.be,Navigation système de fichier,IT,2021-09-17,14:51:08,00:00:06
stefano.crapanzano@chu.ulg.ac.be,Navigation système de fichier,IT,2021-09-17,14:52:52,00:00:08
stefano.crapanzano@chu.ulg.ac.be,Navigation système de fichier,IT,2021-09-17,15:05:57,00:00:04
stefano.crapanzano@chu.ulg.ac.be,Navigation système de fichier,IT,2021-09-17,15:08:14,00:00:02
stefano.crapanzano@chu.ulg.ac.be,Navigation système de fichier,IT,2021-09-17,15:10:16,00:00:21
stefano.crapanzano@chu.ulg.ac.be,Navigation système de fichier,IT,2021-09-17,15:11:03,00:00:05
stefano.crapanzano@chu.ulg.ac.be,Navigation système de fichier,IT,2021-09-17,15:19:28,00:00:03
stefano.crapanzano@chu.ulg.ac.be,Navigation système de fichier,IT,2021-09-17,16:23:39,00:00:02
stefano.crapanzano@chu.ulg.ac.be,Navigation système de fichier,IT,2021-09-17,16:23:44,00:00:02
stefano.crapanzano@chu.ulg.ac.be,Navigation système de fichier,IT,2021-09-17,16:23:55,00:00:17
stefano.crapanzano@chu.ulg.ac.be,GOAL - LABO - Google Chrome,Tâches diverses,2021-09-17,14:31:44,00:00:03
stefano.crapanzano@chu.ulg.ac.be,GOAL - LABO - Google Chrome,Tâches diverses,2021-09-17,14:32:21,00:00:39
stefano.crapanzano@chu.ulg.ac.be,GOAL - LABO - Google Chrome,Tâches diverses,2021-09-17,14:55:17,00:00:22
stefano.crapanzano@chu.ulg.ac.be,GOAL - LABO - Google Chrome,Tâches diverses,2021-09-17,15:08:17,00:00:02
stefano.crapanzano@chu.ulg.ac.be,GOAL - LABO - Google Chrome,Tâches diverses,2021-09-17,15:18:38,00:00:04
stefano.crapanzano@chu.ulg.ac.be,SAP Logon 760,Exploration SAP,2021-09-17,14:32:13,00:00:07
stefano.crapanzano@chu.ulg.ac.be,SAP Logon 760,Helpdesk général,2021-09-17,14:40:35,00:00:02
stefano.crapanzano@chu.ulg.ac.be,SAP Logon 760,Exploration SAP,2021-09-17,15:09:18,00:00:02
stefano.crapanzano@chu.ulg.ac.be,Valeur par Type de Magasin,Exploration SAP,2021-09-17,14:32:04,00:00:02
stefano.crapanzano@chu.ulg.ac.be,Gewaardeerde voorraad,Exploration SAP,2021-09-17,14:32:06,00:00:03
stefano.crapanzano@chu.ulg.ac.be,Sécurité SAP GUI,Exploration SAP,2021-09-17,14:32:10,00:00:02
stefano.crapanzano@chu.ulg.ac.be,Courrier entrant - erp.sai@chuliege.be - Mozilla Thunderbird,Helpdesk général,2021-09-17,14:33:00,00:00:09
stefano.crapanzano@chu.ulg.ac.be,Courrier entrant - erp.sai@chuliege.be - Mozilla Thunderbird,Tâches diverses,2021-09-17,14:33:27,00:00:02
stefano.crapanzano@chu.ulg.ac.be,Courrier entrant - erp.sai@chuliege.be - Mozilla Thunderbird,Helpdesk général,2021-09-17,14:49:20,00:00:05
stefano.crapanzano@chu.ulg.ac.be,Courrier entrant - erp.sai@chuliege.be - Mozilla Thunderbird,Helpdesk général,2021-09-17,15:09:23,00:00:52
stefano.crapanzano@chu.ulg.ac.be,Courrier entrant - erp.sai@chuliege.be - Mozilla Thunderbird,Helpdesk général,2021-09-17,15:11:49,00:00:03
stefano.crapanzano@chu.ulg.ac.be,Courrier entrant - erp.sai@chuliege.be - Mozilla Thunderbird,Helpdesk général,2021-09-17,15:14:48,00:00:15
stefano.crapanzano@chu.ulg.ac.be,Courrier entrant - erp.sai@chuliege.be - Mozilla Thunderbird,Helpdesk général,2021-09-17,15:15:17,00:00:14
stefano.crapanzano@chu.ulg.ac.be,Courrier entrant - erp.sai@chuliege.be - Mozilla Thunderbird,Helpdesk général,2021-09-17,15:17:08,00:00:06
stefano.crapanzano@chu.ulg.ac.be,Courrier entrant - erp.sai@chuliege.be - Mozilla Thunderbird,Helpdesk général,2021-09-17,15:42:20,00:00:37
stefano.crapanzano@chu.ulg.ac.be,Courrier entrant - erp.sai@chuliege.be - Mozilla Thunderbird,Helpdesk général,2021-09-17,15:42:59,00:00:32
stefano.crapanzano@chu.ulg.ac.be,Courrier entrant - erp.sai@chuliege.be - Mozilla Thunderbird,Helpdesk général,2021-09-17,16:11:50,00:02:50
stefano.crapanzano@chu.ulg.ac.be,Courrier entrant - erp.sai@chuliege.be - Mozilla Thunderbird,Helpdesk général,2021-09-17,16:14:47,00:00:17
stefano.crapanzano@chu.ulg.ac.be,Courrier entrant - erp.sai@chuliege.be - Mozilla Thunderbird,Helpdesk général,2021-09-17,16:15:07,00:04:56
stefano.crapanzano@chu.ulg.ac.be,Courrier entrant - erp.sai@chuliege.be - Mozilla Thunderbird,Helpdesk général,2021-09-17,16:24:14,00:00:42
stefano.crapanzano@chu.ulg.ac.be,Courrier entrant - erp.sai@chuliege.be - Mozilla Thunderbird,Helpdesk général,2021-09-17,16:42:01,00:00:13
stefano.crapanzano@chu.ulg.ac.be,Courrier entrant - erp.sai@chuliege.be - Mozilla Thunderbird,Helpdesk général,2021-09-17,16:42:27,00:00:02
stefano.crapanzano@chu.ulg.ac.be,Courrier entrant - erp.sai@chuliege.be - Mozilla Thunderbird,Helpdesk général,2021-09-17,16:42:49,00:00:02
stefano.crapanzano@chu.ulg.ac.be,Courrier entrant - erp.sai@chuliege.be - Mozilla Thunderbird,Helpdesk général,2021-09-17,17:04:20,00:00:09
stefano.crapanzano@chu.ulg.ac.be,https://par0022wi.xperthis.be/sap/bc/webflow/wshandler - Google Chrome,Tâches diverses,2021-09-17,14:33:09,00:00:15
stefano.crapanzano@chu.ulg.ac.be,https://par0022wi.xperthis.be/sap/bc/webflow/wshandler - Google Chrome,Tâches diverses,2021-09-17,14:33:30,00:00:48
stefano.crapanzano@chu.ulg.ac.be,https://par0022wi.xperthis.be/sap/bc/webflow/wshandler - Google Chrome,Tâches diverses,2021-09-17,14:34:23,00:00:09
stefano.crapanzano@chu.ulg.ac.be,https://par0022wi.xperthis.be/sap/bc/webflow/wshandler - Google Chrome,Tâches diverses,2021-09-17,14:34:35,00:00:03
stefano.crapanzano@chu.ulg.ac.be,https://par0022wi.xperthis.be/sap/bc/webflow/wshandler - Google Chrome,Tâches diverses,2021-09-17,14:36:40,00:00:03
stefano.crapanzano@chu.ulg.ac.be,https://par0022wi.xperthis.be/sap/bc/webflow/wshandler - Google Chrome,Tâches diverses,2021-09-17,14:38:23,00:00:02
stefano.crapanzano@chu.ulg.ac.be,https://par0022wi.xperthis.be/sap/bc/webflow/wshandler - Google Chrome,Tâches diverses,2021-09-17,16:25:01,00:00:10
stefano.crapanzano@chu.ulg.ac.be,Logon Error Message - Google Chrome,Tâches diverses,2021-09-17,14:34:32,00:00:03
stefano.crapanzano@chu.ulg.ac.be,Comment accéder à SAP Libération des factures (Workflow approval) sur X01 ? - Xperthis ERP4HC 2.0 Rollout - Service d'assistance - Google Chrome,Tâches diverses,2021-09-17,14:34:39,00:00:23
stefano.crapanzano@chu.ulg.ac.be,Comment accéder à SAP Libération des factures (Workflow approval) sur X01 ? - Xperthis ERP4HC 2.0 Rollout - Service d'assistance - Google Chrome,Tâches diverses,2021-09-17,14:35:34,00:00:18
stefano.crapanzano@chu.ulg.ac.be,Comment accéder à SAP Libération des factures (Workflow approval) sur X01 ? - Xperthis ERP4HC 2.0 Rollout - Service d'assistance - Google Chrome,Tâches diverses,2021-09-17,14:36:05,00:00:34
stefano.crapanzano@chu.ulg.ac.be,Comment accéder à SAP Libération des factures (Workflow approval) sur X01 ? - Xperthis ERP4HC 2.0 Rollout - Service d'assistance - Google Chrome,Tâches diverses,2021-09-17,14:36:44,00:00:05
stefano.crapanzano@chu.ulg.ac.be,Comment accéder à SAP Libération des factures (Workflow approval) sur X01 ? - Xperthis ERP4HC 2.0 Rollout - Service d'assistance - Google Chrome,Tâches diverses,2021-09-17,14:37:00,00:00:09
stefano.crapanzano@chu.ulg.ac.be,Comment accéder à SAP Libération des factures (Workflow approval) sur X01 ? - Xperthis ERP4HC 2.0 Rollout - Service d'assistance - Google Chrome,Helpdesk général,2021-09-17,14:37:16,00:00:03
stefano.crapanzano@chu.ulg.ac.be,Comment accéder à SAP Libération des factures (Workflow approval) sur X01 ? - Xperthis ERP4HC 2.0 Rollout - Service d'assistance - Google Chrome,Tâches diverses,2021-09-17,14:37:22,00:00:05
stefano.crapanzano@chu.ulg.ac.be,Comment accéder à SAP Libération des factures (Workflow approval) sur X01 ? - Xperthis ERP4HC 2.0 Rollout - Service d'assistance - Google Chrome,Tâches diverses,2021-09-17,14:37:52,00:00:02
stefano.crapanzano@chu.ulg.ac.be,Comment accéder à SAP Libération des factures (Workflow approval) sur X01 ? - Xperthis ERP4HC 2.0 Rollout - Service d'assistance - Google Chrome,Tâches diverses,2021-09-17,14:37:56,00:00:21
stefano.crapanzano@chu.ulg.ac.be,Comment accéder à SAP Libération des factures (Workflow approval) sur X01 ? - Xperthis ERP4HC 2.0 Rollout - Service d'assistance - Google Chrome,Tâches diverses,2021-09-17,14:38:36,00:01:53
stefano.crapanzano@chu.ulg.ac.be,Comment accéder à SAP Libération des factures (Workflow approval) sur X01 ? - Xperthis ERP4HC 2.0 Rollout - Service d'assistance - Google Chrome,Tâches diverses,2021-09-17,14:40:32,00:00:02
stefano.crapanzano@chu.ulg.ac.be,Comment accéder à SAP Libération des factures (Workflow approval) sur X01 ? - Xperthis ERP4HC 2.0 Rollout - Service d'assistance - Google Chrome,Tâches diverses,2021-09-17,14:45:59,00:00:02
stefano.crapanzano@chu.ulg.ac.be,Comment accéder à SAP Libération des factures (Workflow approval) sur X01 ? - Xperthis ERP4HC 2.0 Rollout - Service d'assistance - Google Chrome,Tâches diverses,2021-09-17,14:46:20,00:00:02
stefano.crapanzano@chu.ulg.ac.be,Comment accéder à SAP Libération des factures (Workflow approval) sur X01 ? - Xperthis ERP4HC 2.0 Rollout - Service d'assistance - Google Chrome,Tâches diverses,2021-09-17,16:25:13,00:00:05
stefano.crapanzano@chu.ulg.ac.be,Comment accéder à SAP Libération des factures (Workflow approval) sur X01 ? - Xperthis ERP4HC 2.0 Rollout - Service d'assistance - Google Chrome,Tâches diverses,2021-09-17,16:25:51,00:00:05
stefano.crapanzano@chu.ulg.ac.be,https://par0022wi.xperthis.be/sap/bc/webflow/wshandler - Internet Explorer,Tâches diverses,2021-09-17,14:36:49,00:00:03
stefano.crapanzano@chu.ulg.ac.be,Greenshot capture form,Helpdesk général,2021-09-17,14:37:09,00:00:07
stefano.crapanzano@chu.ulg.ac.be,Greenshot capture form,Tâches diverses,2021-09-17,14:37:27,00:00:05
stefano.crapanzano@chu.ulg.ac.be,Ouvrir,Tâches diverses,2021-09-17,14:36:00,00:00:05
stefano.crapanzano@chu.ulg.ac.be,Cette page ne peut pas s’afficher - Internet Explorer,Tâches diverses,2021-09-17,14:38:29,00:00:03
stefano.crapanzano@chu.ulg.ac.be,Greenshot Éditeur d'Image,Helpdesk général,2021-09-17,14:37:34,00:00:17
stefano.crapanzano@chu.ulg.ac.be,par0112wi.xperthis.be - Google Chrome,Tâches diverses,2021-09-17,14:38:25,00:00:03
stefano.crapanzano@chu.ulg.ac.be,par0112wi.xperthis.be - Google Chrome,Tâches diverses,2021-09-17,14:38:33,00:00:02
stefano.crapanzano@chu.ulg.ac.be,par0112wi.xperthis.be - Google Chrome,Tâches diverses,2021-09-17,14:40:29,00:00:02
stefano.crapanzano@chu.ulg.ac.be,Courrier entrant - stefano.crapanzano@chuliege.be - Mozilla Thunderbird,Helpdesk général,2021-09-17,14:40:37,00:00:33
stefano.crapanzano@chu.ulg.ac.be,Courrier entrant - stefano.crapanzano@chuliege.be - Mozilla Thunderbird,Helpdesk général,2021-09-17,14:42:26,00:00:07
stefano.crapanzano@chu.ulg.ac.be,Courrier entrant - stefano.crapanzano@chuliege.be - Mozilla Thunderbird,Helpdesk général,2021-09-17,14:42:51,00:00:02
stefano.crapanzano@chu.ulg.ac.be,Courrier entrant - stefano.crapanzano@chuliege.be - Mozilla Thunderbird,Helpdesk général,2021-09-17,14:44:59,00:00:07
stefano.crapanzano@chu.ulg.ac.be,Courrier entrant - stefano.crapanzano@chuliege.be - Mozilla Thunderbird,Helpdesk général,2021-09-17,14:46:24,00:00:03
stefano.crapanzano@chu.ulg.ac.be,Courrier entrant - stefano.crapanzano@chuliege.be - Mozilla Thunderbird,Helpdesk général,2021-09-17,14:47:11,00:00:05
stefano.crapanzano@chu.ulg.ac.be,Courrier entrant - stefano.crapanzano@chuliege.be - Mozilla Thunderbird,Helpdesk général,2021-09-17,14:48:30,00:00:07
stefano.crapanzano@chu.ulg.ac.be,Courrier entrant - stefano.crapanzano@chuliege.be - Mozilla Thunderbird,Helpdesk général,2021-09-17,14:53:09,00:00:02
stefano.crapanzano@chu.ulg.ac.be,Courrier entrant - stefano.crapanzano@chuliege.be - Mozilla Thunderbird,Helpdesk général,2021-09-17,14:54:22,00:00:10
stefano.crapanzano@chu.ulg.ac.be,Courrier entrant - stefano.crapanzano@chuliege.be - Mozilla Thunderbird,Helpdesk général,2021-09-17,14:55:50,00:04:13
stefano.crapanzano@chu.ulg.ac.be,Courrier entrant - stefano.crapanzano@chuliege.be - Mozilla Thunderbird,Helpdesk général,2021-09-17,15:09:20,00:00:02
stefano.crapanzano@chu.ulg.ac.be,Courrier entrant - stefano.crapanzano@chuliege.be - Mozilla Thunderbird,Helpdesk général,2021-09-17,15:18:54,00:00:25
stefano.crapanzano@chu.ulg.ac.be,Courrier entrant - stefano.crapanzano@chuliege.be - Mozilla Thunderbird,Helpdesk général,2021-09-17,15:19:22,00:00:05
stefano.crapanzano@chu.ulg.ac.be,Courrier entrant - stefano.crapanzano@chuliege.be - Mozilla Thunderbird,Helpdesk général,2021-09-17,16:15:04,00:00:02
stefano.crapanzano@chu.ulg.ac.be,Courrier entrant - stefano.crapanzano@chuliege.be - Mozilla Thunderbird,Helpdesk général,2021-09-17,16:20:03,00:00:07
stefano.crapanzano@chu.ulg.ac.be,Courrier entrant - stefano.crapanzano@chuliege.be - Mozilla Thunderbird,Helpdesk général,2021-09-17,16:23:30,00:00:03
stefano.crapanzano@chu.ulg.ac.be,Courrier entrant - stefano.crapanzano@chuliege.be - Mozilla Thunderbird,Helpdesk général,2021-09-17,16:42:30,00:00:19
stefano.crapanzano@chu.ulg.ac.be,Courrier entrant - stefano.crapanzano@chuliege.be - Mozilla Thunderbird,Helpdesk général,2021-09-17,16:42:52,00:00:03
stefano.crapanzano@chu.ulg.ac.be,Courrier entrant - stefano.crapanzano@chuliege.be - Mozilla Thunderbird,Helpdesk général,2021-09-17,16:44:37,00:00:05
stefano.crapanzano@chu.ulg.ac.be,Ouverture -Excel,Tâches diverses,2021-09-17,14:41:24,00:00:05
stefano.crapanzano@chu.ulg.ac.be,Ouverture -Excel,Tâches diverses,2021-09-17,14:49:46,00:00:03
stefano.crapanzano@chu.ulg.ac.be,Ouverture -Excel,Tâches diverses,2021-09-17,14:50:13,00:00:03
stefano.crapanzano@chu.ulg.ac.be,Ouverture -Excel,Tâches diverses,2021-09-17,14:50:31,00:00:04
stefano.crapanzano@chu.ulg.ac.be,Ouverture -Excel,Tâches diverses,2021-09-17,14:51:15,00:00:03
stefano.crapanzano@chu.ulg.ac.be,Responsabilites-V011.xlsx  [Lecture seule] - Excel,Tâches diverses,2021-09-17,14:41:29,00:00:55
stefano.crapanzano@chu.ulg.ac.be,Responsabilites-V011.xlsx  [Lecture seule] - Excel,Tâches diverses,2021-09-17,14:49:50,00:00:16
stefano.crapanzano@chu.ulg.ac.be,Responsabilites-V011.xlsx  [Lecture seule] - Excel,Tâches diverses,2021-09-17,14:50:17,00:00:09
stefano.crapanzano@chu.ulg.ac.be,Responsabilites-V011.xlsx  [Lecture seule] - Excel,Tâches diverses,2021-09-17,14:51:19,00:00:38
stefano.crapanzano@chu.ulg.ac.be,Netop Invité,Helpdesk général,2021-09-17,14:42:35,00:00:02
stefano.crapanzano@chu.ulg.ac.be,Connexion à l'aide de l'authentification Windows,Helpdesk général,2021-09-17,14:42:38,00:00:02
stefano.crapanzano@chu.ulg.ac.be,Connexion à l'aide de l'authentification Windows,Helpdesk général,2021-09-17,14:42:56,00:00:02
stefano.crapanzano@chu.ulg.ac.be,si-s-serv1102 - Netop Remote Control,Helpdesk général,2021-09-17,14:42:42,00:00:06
stefano.crapanzano@chu.ulg.ac.be,si-s-serv810 - Netop Remote Control,Helpdesk général,2021-09-17,14:43:01,00:00:57
stefano.crapanzano@chu.ulg.ac.be,si-s-serv810 - Netop Remote Control,Helpdesk général,2021-09-17,14:44:24,00:00:34
stefano.crapanzano@chu.ulg.ac.be,Rédaction : Re: infos sur 2 serveurs - Thunderbird,Helpdesk général,2021-09-17,14:45:07,00:00:51
stefano.crapanzano@chu.ulg.ac.be,Rédaction : Re: infos sur 2 serveurs - Thunderbird,Helpdesk général,2021-09-17,14:46:28,00:00:41
stefano.crapanzano@chu.ulg.ac.be,Rédaction : Re: infos sur 2 serveurs - Thunderbird,Helpdesk général,2021-09-17,14:47:56,00:00:34
stefano.crapanzano@chu.ulg.ac.be,Rédaction : Re: infos sur 2 serveurs - Thunderbird,Helpdesk général,2021-09-17,14:49:36,00:00:07
stefano.crapanzano@chu.ulg.ac.be,Rédaction : Re: infos sur 2 serveurs - Thunderbird,Helpdesk général,2021-09-17,14:51:00,00:00:07
stefano.crapanzano@chu.ulg.ac.be,Rédaction : Re: infos sur 2 serveurs - Thunderbird,Tâches diverses,2021-09-17,14:51:57,00:00:49
stefano.crapanzano@chu.ulg.ac.be,Rédaction : Re: infos sur 2 serveurs - Thunderbird,Tâches diverses,2021-09-17,14:52:48,00:00:02
stefano.crapanzano@chu.ulg.ac.be,Nouvel onglet - Google Chrome,Tâches diverses,2021-09-17,15:00:06,00:00:04
stefano.crapanzano@chu.ulg.ac.be,Nouvel onglet - Google Chrome,Tâches diverses,2021-09-17,15:00:26,00:00:02
stefano.crapanzano@chu.ulg.ac.be,Nouvel onglet - Google Chrome,Tâches diverses,2021-09-17,15:12:44,00:00:02
stefano.crapanzano@chu.ulg.ac.be,Nouvel onglet - Google Chrome,Tâches diverses,2021-09-17,15:12:52,00:00:05
stefano.crapanzano@chu.ulg.ac.be,Identification - Google Chrome,Tâches diverses,2021-09-17,14:46:03,00:00:05
stefano.crapanzano@chu.ulg.ac.be,SAM-DB - Google Chrome,Tâches diverses,2021-09-17,14:46:08,00:00:12
stefano.crapanzano@chu.ulg.ac.be,SAM-DB - Google Chrome,Tâches diverses,2021-09-17,15:12:27,00:00:16
stefano.crapanzano@chu.ulg.ac.be,si-s-serv810 - Mozilla Thunderbird,Helpdesk général,2021-09-17,14:47:16,00:00:07
stefano.crapanzano@chu.ulg.ac.be,Mise à jour des serveurs - Mozilla Thunderbird,Helpdesk général,2021-09-17,14:47:24,00:00:30
stefano.crapanzano@chu.ulg.ac.be,si-s-serv1102 - Mozilla Thunderbird,Helpdesk général,2021-09-17,14:48:38,00:00:08
stefano.crapanzano@chu.ulg.ac.be,si-s-serv1102 - Mozilla Thunderbird,Helpdesk général,2021-09-17,14:49:10,00:00:07
stefano.crapanzano@chu.ulg.ac.be,si-s-serv1102 - Mozilla Thunderbird,Helpdesk général,2021-09-17,14:49:25,00:00:10
stefano.crapanzano@chu.ulg.ac.be,Rapport du scan de vulnerabilites  Scan Trimestriel - DMZ-SAI-Priv  - Mozilla Thunderbird,Helpdesk général,2021-09-17,14:48:47,00:00:02
stefano.crapanzano@chu.ulg.ac.be,Rapport du scan de vulnerabilites  Scan Trimestriel - DMZ-SAI-Priv  - Mozilla Thunderbird,Helpdesk général,2021-09-17,14:48:52,00:00:18
stefano.crapanzano@chu.ulg.ac.be,Authentification requise - Mozilla Thunderbird,Helpdesk général,2021-09-17,14:48:49,00:00:02
stefano.crapanzano@chu.ulg.ac.be,Microsoft Excel,Tâches diverses,2021-09-17,14:50:26,00:00:02
stefano.crapanzano@chu.ulg.ac.be,Applications-SAI-Internet.xlsx  [Lecture seule] - Excel,Tâches diverses,2021-09-17,14:50:35,00:00:21
stefano.crapanzano@chu.ulg.ac.be,Envoyés - stefano.crapanzano@chuliege.be - Mozilla Thunderbird,Helpdesk général,2021-09-17,14:53:11,00:00:34
stefano.crapanzano@chu.ulg.ac.be,Envoyés - stefano.crapanzano@chuliege.be - Mozilla Thunderbird,Helpdesk général,2021-09-17,14:54:36,00:00:33
stefano.crapanzano@chu.ulg.ac.be,TNS Service Name drop list empty in Windows 10 64-Bit — oracle-tech - Google Chrome,Tâches diverses,2021-09-17,15:08:26,00:00:50
stefano.crapanzano@chu.ulg.ac.be,Téléchargements - Google Chrome,Tâches diverses,2021-09-17,14:53:51,00:00:02
stefano.crapanzano@chu.ulg.ac.be,installation - Installing Oracle Instant Client - Stack Overflow - Google Chrome,Tâches diverses,2021-09-17,14:53:54,00:00:20
stefano.crapanzano@chu.ulg.ac.be,installation - Installing Oracle Instant Client - Stack Overflow - Google Chrome,Tâches diverses,2021-09-17,14:55:09,00:00:02
stefano.crapanzano@chu.ulg.ac.be,installation - Installing Oracle Instant Client - Stack Overflow - Google Chrome,Tâches diverses,2021-09-17,16:41:58,00:00:02
stefano.crapanzano@chu.ulg.ac.be,Envoyés - erp.sai@chuliege.be - Mozilla Thunderbird,Helpdesk général,2021-09-17,14:54:32,00:00:03
stefano.crapanzano@chu.ulg.ac.be,Envoyés - erp.sai@chuliege.be - Mozilla Thunderbird,Helpdesk général,2021-09-17,15:15:03,00:00:13
stefano.crapanzano@chu.ulg.ac.be,Envoyés - erp.sai@chuliege.be - Mozilla Thunderbird,Helpdesk général,2021-09-17,15:15:31,00:00:12
stefano.crapanzano@chu.ulg.ac.be,Envoyés - erp.sai@chuliege.be - Mozilla Thunderbird,Helpdesk général,2021-09-17,15:17:04,00:00:03
stefano.crapanzano@chu.ulg.ac.be,OperationalError at /stock/article/600002/from/sap - Google Chrome,Tâches diverses,2021-09-17,14:55:12,00:00:05
stefano.crapanzano@chu.ulg.ac.be,1307 - Recherche Google - Google Chrome,Tâches diverses,2021-09-17,15:00:10,00:00:02
stefano.crapanzano@chu.ulg.ac.be,1307 L'annuaire téléphonique en Belgique | 1307.be - Google Chrome,Tâches diverses,2021-09-17,15:00:13,00:00:13
stefano.crapanzano@chu.ulg.ac.be,1307 L'annuaire téléphonique en Belgique | 1307.be - Google Chrome,Tâches diverses,2021-09-17,16:23:36,00:00:02
stefano.crapanzano@chu.ulg.ac.be,043303480 - Recherche Google - Google Chrome,Tâches diverses,2021-09-17,15:00:29,00:00:02
stefano.crapanzano@chu.ulg.ac.be,043303480 - Recherche Google - Google Chrome,Tâches diverses,2021-09-17,15:00:36,00:00:17
stefano.crapanzano@chu.ulg.ac.be,043303480 – Numéro inconnu  téléphone - Google Chrome,Tâches diverses,2021-09-17,15:00:31,00:00:04
stefano.crapanzano@chu.ulg.ac.be,04330 belgique - Recherche Google - Google Chrome,Tâches diverses,2021-09-17,15:00:53,00:00:02
stefano.crapanzano@chu.ulg.ac.be,04330 belgique - Recherche Google - Google Chrome,Tâches diverses,2021-09-17,15:01:10,00:04:46
stefano.crapanzano@chu.ulg.ac.be,Qui m'appelle du 04330 de Liège | Score numéro de téléphone: 5 - +324330 tellows - Google Chrome,Tâches diverses,2021-09-17,15:00:55,00:00:14
stefano.crapanzano@chu.ulg.ac.be,Lecture documentation,Tâches diverses,2021-09-17,15:06:02,00:02:12
stefano.crapanzano@chu.ulg.ac.be,Lecture documentation,Tâches diverses,2021-09-17,15:19:33,00:22:46
stefano.crapanzano@chu.ulg.ac.be,Lecture documentation,Tâches diverses,2021-09-17,15:43:32,00:28:18
stefano.crapanzano@chu.ulg.ac.be,Lecture documentation,Tâches diverses,2021-09-17,16:20:11,00:03:18
stefano.crapanzano@chu.ulg.ac.be,Lecture documentation,Tâches diverses,2021-09-17,16:44:47,00:01:11
stefano.crapanzano@chu.ulg.ac.be,Lecture documentation,Tâches diverses,2021-09-17,16:46:00,00:18:19
stefano.crapanzano@chu.ulg.ac.be,Lecture documentation,Tâches diverses,2021-09-17,17:04:29,00:01:49
stefano.crapanzano@chu.ulg.ac.be,Lecture documentation,Tâches diverses,2021-09-17,17:06:21,00:04:05
stefano.crapanzano@chu.ulg.ac.be,oracle11g - How to uninstall / completely remove Oracle 11g (client)? - Stack Overflow - Google Chrome,Tâches diverses,2021-09-17,15:08:19,00:00:06
stefano.crapanzano@chu.ulg.ac.be,ODBC - Instant client ODBC installation probem — oracle-tech - Google Chrome,Tâches diverses,2021-09-17,15:18:50,00:00:02
stefano.crapanzano@chu.ulg.ac.be,Total Commander,Tâches diverses,2021-09-17,15:10:38,00:00:02
stefano.crapanzano@chu.ulg.ac.be,erpmanager - Total Commander (x64) 9.0a - NOT REGISTERED,Tâches diverses,2021-09-17,15:10:41,00:00:21
stefano.crapanzano@chu.ulg.ac.be,erpmanager - Total Commander (x64) 9.0a - NOT REGISTERED,Tâches diverses,2021-09-17,15:11:10,00:00:24
stefano.crapanzano@chu.ulg.ac.be,erpmanager - Total Commander (x64) 9.0a - NOT REGISTERED,Tâches diverses,2021-09-17,15:11:38,00:00:02
stefano.crapanzano@chu.ulg.ac.be,erpmanager - Total Commander (x64) 9.0a - NOT REGISTERED,Tâches diverses,2021-09-17,15:14:40,00:00:06
stefano.crapanzano@chu.ulg.ac.be,Propriétés de : ENVELOPPESDEXIASOFT,Tâches diverses,2021-09-17,15:11:41,00:00:06
stefano.crapanzano@chu.ulg.ac.be,Rédaction : Re: TR: Formation consultants - Thunderbird,Helpdesk général,2021-09-17,15:11:53,00:00:31
stefano.crapanzano@chu.ulg.ac.be,Rédaction : Re: TR: Formation consultants - Thunderbird,Tâches diverses,2021-09-17,15:13:45,00:00:42
stefano.crapanzano@chu.ulg.ac.be,myCHU - Google Chrome,Tâches diverses,2021-09-17,15:12:46,00:00:02
stefano.crapanzano@chu.ulg.ac.be,CHU de Liège - Google Chrome,Tâches diverses,2021-09-17,15:12:49,00:00:02
stefano.crapanzano@chu.ulg.ac.be,CHU de Liège - Intranet - Google Chrome,Tâches diverses,2021-09-17,15:12:57,00:00:06
stefano.crapanzano@chu.ulg.ac.be,CHU de Liège - Intranet - Google Chrome,Tâches diverses,2021-09-17,15:13:40,00:00:02
stefano.crapanzano@chu.ulg.ac.be,CHU de Liège - Intranet - Google Chrome,Tâches diverses,2021-09-17,16:25:23,00:00:27
stefano.crapanzano@chu.ulg.ac.be,CHU de Liège - Intranet - Google Chrome,Tâches diverses,2021-09-17,16:44:43,00:00:02
stefano.crapanzano@chu.ulg.ac.be,SAM CHU - Google Chrome,Tâches diverses,2021-09-17,15:13:04,00:00:35
stefano.crapanzano@chu.ulg.ac.be,SAM CHU - Google Chrome,Tâches diverses,2021-09-17,15:13:42,00:00:02
stefano.crapanzano@chu.ulg.ac.be,SAM CHU - Google Chrome,Helpdesk général,2021-09-17,15:14:28,00:00:11
stefano.crapanzano@chu.ulg.ac.be,SAM CHU - Google Chrome,Tâches diverses,2021-09-17,15:15:43,00:01:09
stefano.crapanzano@chu.ulg.ac.be,SAM CHU - Google Chrome,Tâches diverses,2021-09-17,15:17:02,00:00:02
stefano.crapanzano@chu.ulg.ac.be,SAM CHU - Google Chrome,Tâches diverses,2021-09-17,16:14:41,00:00:05
stefano.crapanzano@chu.ulg.ac.be,unable to connect sqlstate=08004 ora-12154 tns - Recherche Google - Google Chrome,Tâches diverses,2021-09-17,15:18:43,00:00:05
stefano.crapanzano@chu.ulg.ac.be,C:\PGM\instant_client_11_2_64\network\admin\tnsnames.ora - Notepad++ [Administrator],IT,2021-09-17,16:23:41,00:00:02
stefano.crapanzano@chu.ulg.ac.be,C:\PGM\instant_client_11_2_64\network\admin\tnsnames.ora - Notepad++ [Administrator],IT,2021-09-17,16:23:48,00:00:06
stefano.crapanzano@chu.ulg.ac.be,Demandes - Service d'assistance - Google Chrome,Tâches diverses,2021-09-17,16:25:56,00:00:27
stefano.crapanzano@chu.ulg.ac.be,Demandes - Service d'assistance - Google Chrome,Tâches diverses,2021-09-17,16:26:57,00:00:11
stefano.crapanzano@chu.ulg.ac.be,Demandes - Service d'assistance - Google Chrome,Tâches diverses,2021-09-17,16:28:22,00:00:07
stefano.crapanzano@chu.ulg.ac.be,Demandes - Service d'assistance - Google Chrome,Tâches diverses,2021-09-17,16:28:54,00:00:07
stefano.crapanzano@chu.ulg.ac.be,Demandes - Service d'assistance - Google Chrome,Tâches diverses,2021-09-17,16:29:40,00:00:21
stefano.crapanzano@chu.ulg.ac.be,Demandes - Service d'assistance - Google Chrome,Tâches diverses,2021-09-17,16:30:40,00:00:14
stefano.crapanzano@chu.ulg.ac.be,Demandes - Service d'assistance - Google Chrome,Tâches diverses,2021-09-17,16:31:12,00:00:14
stefano.crapanzano@chu.ulg.ac.be,Demandes - Service d'assistance - Google Chrome,Tâches diverses,2021-09-17,16:32:17,00:00:07
stefano.crapanzano@chu.ulg.ac.be,Demandes - Service d'assistance - Google Chrome,Tâches diverses,2021-09-17,16:32:43,00:00:26
stefano.crapanzano@chu.ulg.ac.be,Demandes - Service d'assistance - Google Chrome,Tâches diverses,2021-09-17,16:33:43,00:00:27
stefano.crapanzano@chu.ulg.ac.be,Demandes - Service d'assistance - Google Chrome,Tâches diverses,2021-09-17,16:34:36,00:00:05
stefano.crapanzano@chu.ulg.ac.be,Demandes - Service d'assistance - Google Chrome,Tâches diverses,2021-09-17,16:34:44,00:00:05
stefano.crapanzano@chu.ulg.ac.be,Demandes - Service d'assistance - Google Chrome,Tâches diverses,2021-09-17,16:35:28,00:00:13
stefano.crapanzano@chu.ulg.ac.be,Demandes - Service d'assistance - Google Chrome,Tâches diverses,2021-09-17,16:39:12,00:00:14
stefano.crapanzano@chu.ulg.ac.be,Demandes - Service d'assistance - Google Chrome,Tâches diverses,2021-09-17,16:40:33,00:00:11
stefano.crapanzano@chu.ulg.ac.be,Demandes - Service d'assistance - Google Chrome,Tâches diverses,2021-09-17,16:41:19,00:00:38
stefano.crapanzano@chu.ulg.ac.be,Intégration de prestations TRANS par webservice - Xperthis Oazis - Service d'assistance - Google Chrome,Tâches diverses,2021-09-17,16:26:24,00:00:33
stefano.crapanzano@chu.ulg.ac.be,Impression courrier texte cellule tableau à cheval sur 2 pages - Service Desk - OmniPro Hospitals - Service d'assistance - Google Chrome,Tâches diverses,2021-09-17,16:27:10,00:01:11
stefano.crapanzano@chu.ulg.ac.be,ancien droit pm.add et pm.signature - Service Desk - OmniPro Hospitals - Service d'assistance - Google Chrome,Tâches diverses,2021-09-17,16:28:30,00:00:23
stefano.crapanzano@chu.ulg.ac.be,qualifications médecins - Xperthis Oazis - Service d'assistance - Google Chrome,Tâches diverses,2021-09-17,16:29:02,00:00:38
stefano.crapanzano@chu.ulg.ac.be,Problème affichage libellés - Xperthis Oazis - Service d'assistance - Google Chrome,Tâches diverses,2021-09-17,16:30:02,00:00:38
stefano.crapanzano@chu.ulg.ac.be,Code ATC manquant - Xperthis Oazis - Service d'assistance - Google Chrome,Tâches diverses,2021-09-17,16:30:55,00:00:17
stefano.crapanzano@chu.ulg.ac.be,RSW - Différents affichage bio sur le RSW - Service Desk - OmniPro Hospitals - Service d'assistance - Google Chrome,Tâches diverses,2021-09-17,16:31:26,00:00:50
stefano.crapanzano@chu.ulg.ac.be,WS RSW 3.6.10 - Nouveautés - Service Desk - OmniPro Hospitals - Service d'assistance - Google Chrome,Tâches diverses,2021-09-17,16:32:25,00:00:18
stefano.crapanzano@chu.ulg.ac.be,Possibilité d¿insérer des photos - Service Desk - OmniPro Hospitals - Service d'assistance - Google Chrome,Tâches diverses,2021-09-17,16:33:10,00:00:33
stefano.crapanzano@chu.ulg.ac.be,SSP CHU 203 - Meerdere bedrijfsnummers - Xperthis ERP4HC 2.0 Rollout - Service d'assistance - Google Chrome,Tâches diverses,2021-09-17,16:34:11,00:00:25
stefano.crapanzano@chu.ulg.ac.be,SSP CHU 203 - Min/Max voor WART en OART - Xperthis ERP4HC 2.0 Rollout - Service d'assistance - Google Chrome,Tâches diverses,2021-09-17,16:34:41,00:00:02
stefano.crapanzano@chu.ulg.ac.be,SQVI - extraction de BSAD en date du 31.1.2021 - Xperthis ERP4HC 2.0 Rollout - Service d'assistance - Google Chrome,Tâches diverses,2021-09-17,16:34:49,00:00:38
stefano.crapanzano@chu.ulg.ac.be,Test des Messages HL7 en provenance d'OAZIS - Xperthis ERP4HC 2.0 Rollout - Service d'assistance - Google Chrome,Tâches diverses,2021-09-17,16:35:41,00:03:31
stefano.crapanzano@chu.ulg.ac.be,BP (ZB08) - Comment créer un fournisseur de type MARK - Xperthis ERP4HC 2.0 Rollout - Service d'assistance - Google Chrome,Tâches diverses,2021-09-17,16:39:26,00:01:06
stefano.crapanzano@chu.ulg.ac.be,ME21N - Modifications dans la demande d'achat qui entraine des erreurs - Xperthis ERP4HC 2.0 Rollout - Service d'assistance - Google Chrome,Tâches diverses,2021-09-17,16:40:45,00:00:34
stefano.crapanzano@chu.ulg.ac.be,Rédaction : Fwd: Placeholder : ERP4HC2.00 BP + Intrastat + ? nouveautés Finance - Thunderbird,Helpdesk général,2021-09-17,16:42:14,00:00:07
stefano.crapanzano@chu.ulg.ac.be,Vérification de l’orthographe,Helpdesk général,2021-09-17,16:42:22,00:00:02
stefano.crapanzano@chu.ulg.ac.be,Envoi du message - Fwd: Placeholder : ERP4HC2.00 BP + Intrastat + ? nouveautés Finance,Helpdesk général,2021-09-17,16:42:24,00:00:02
stefano.crapanzano@chu.ulg.ac.be,Importer des évènements et des tâches dans un agenda,Helpdesk général,2021-09-17,16:42:59,00:01:38
stefano.crapanzano@chu.ulg.ac.be,Administrateur : Perl (command line) - python  main.py,IT,2021-09-17,08:35:57,00:00:02
stefano.crapanzano@chu.ulg.ac.be,Courrier entrant - erp.sai@chuliege.be - Mozilla Thunderbird,Helpdesk général,2021-09-17,08:35:59,00:00:12
stefano.crapanzano@chu.ulg.ac.be,Courrier entrant - erp.sai@chuliege.be - Mozilla Thunderbird,Helpdesk général,2021-09-17,08:36:13,00:00:19
stefano.crapanzano@chu.ulg.ac.be,Courrier entrant - erp.sai@chuliege.be - Mozilla Thunderbird,IT,2021-09-17,08:36:34,00:00:02
stefano.crapanzano@chu.ulg.ac.be,Courrier entrant - erp.sai@chuliege.be - Mozilla Thunderbird,Tâches diverses,2021-09-17,08:36:56,00:01:25
stefano.crapanzano@chu.ulg.ac.be,Courrier entrant - erp.sai@chuliege.be - Mozilla Thunderbird,Helpdesk général,2021-09-17,08:38:38,00:00:19
stefano.crapanzano@chu.ulg.ac.be,Courrier entrant - erp.sai@chuliege.be - Mozilla Thunderbird,Helpdesk général,2021-09-17,08:40:40,00:00:18
stefano.crapanzano@chu.ulg.ac.be,Courrier entrant - erp.sai@chuliege.be - Mozilla Thunderbird,Helpdesk général,2021-09-17,08:41:00,00:00:16
stefano.crapanzano@chu.ulg.ac.be,Courrier entrant - erp.sai@chuliege.be - Mozilla Thunderbird,Tâches diverses,2021-09-17,08:42:48,00:00:51
stefano.crapanzano@chu.ulg.ac.be,Courrier entrant - erp.sai@chuliege.be - Mozilla Thunderbird,Helpdesk général,2021-09-17,08:44:14,00:00:13
stefano.crapanzano@chu.ulg.ac.be,Courrier entrant - erp.sai@chuliege.be - Mozilla Thunderbird,Helpdesk général,2021-09-17,08:44:46,00:00:02
stefano.crapanzano@chu.ulg.ac.be,Courrier entrant - erp.sai@chuliege.be - Mozilla Thunderbird,Helpdesk général,2021-09-17,08:54:16,00:01:06
stefano.crapanzano@chu.ulg.ac.be,Courrier entrant - erp.sai@chuliege.be - Mozilla Thunderbird,Helpdesk général,2021-09-17,08:55:23,00:00:52
stefano.crapanzano@chu.ulg.ac.be,Courrier entrant - erp.sai@chuliege.be - Mozilla Thunderbird,Helpdesk général,2021-09-17,08:57:18,00:00:39
stefano.crapanzano@chu.ulg.ac.be,Courrier entrant - erp.sai@chuliege.be - Mozilla Thunderbird,Helpdesk général,2021-09-17,09:04:24,00:00:02
stefano.crapanzano@chu.ulg.ac.be,Courrier entrant - erp.sai@chuliege.be - Mozilla Thunderbird,Helpdesk général,2021-09-17,09:04:28,00:00:05
stefano.crapanzano@chu.ulg.ac.be,Courrier entrant - erp.sai@chuliege.be - Mozilla Thunderbird,Helpdesk général,2021-09-17,09:05:23,00:00:06
stefano.crapanzano@chu.ulg.ac.be,Courrier entrant - erp.sai@chuliege.be - Mozilla Thunderbird,Helpdesk général,2021-09-17,09:08:41,00:00:02
stefano.crapanzano@chu.ulg.ac.be,Courrier entrant - erp.sai@chuliege.be - Mozilla Thunderbird,Helpdesk général,2021-09-17,10:17:17,00:00:55
stefano.crapanzano@chu.ulg.ac.be,Courrier entrant - erp.sai@chuliege.be - Mozilla Thunderbird,Helpdesk général,2021-09-17,10:18:14,00:00:08
stefano.crapanzano@chu.ulg.ac.be,Courrier entrant - erp.sai@chuliege.be - Mozilla Thunderbird,Helpdesk général,2021-09-17,10:19:21,00:00:02
stefano.crapanzano@chu.ulg.ac.be,Courrier entrant - erp.sai@chuliege.be - Mozilla Thunderbird,Helpdesk général,2021-09-17,10:20:10,00:00:09
stefano.crapanzano@chu.ulg.ac.be,Courrier entrant - erp.sai@chuliege.be - Mozilla Thunderbird,Helpdesk général,2021-09-17,10:20:22,00:00:04
stefano.crapanzano@chu.ulg.ac.be,Courrier entrant - erp.sai@chuliege.be - Mozilla Thunderbird,Helpdesk général,2021-09-17,10:28:54,00:01:15
stefano.crapanzano@chu.ulg.ac.be,Courrier entrant - erp.sai@chuliege.be - Mozilla Thunderbird,Helpdesk général,2021-09-17,10:42:00,00:00:08
stefano.crapanzano@chu.ulg.ac.be,SVN_LOCAL – CHL_ERP_MAIL_MEDNUC_MONITORING.pl [SVN_LOCAL] (Administrator),IT,2021-09-17,08:36:32,00:00:02
stefano.crapanzano@chu.ulg.ac.be,Rapporteur de plantage de Mozilla,Helpdesk général,2021-09-17,08:36:40,00:00:02
stefano.crapanzano@chu.ulg.ac.be,KOFAX ARCO - Traitement des factures papiers ne fonctionne pas - Xperthis ERP4HC 1.0 - Service d'assistance - Google Chrome,Tâches diverses,2021-09-17,08:36:45,00:00:03
stefano.crapanzano@chu.ulg.ac.be,Demandes - Service d'assistance - Google Chrome,Tâches diverses,2021-09-17,08:36:49,00:00:07
stefano.crapanzano@chu.ulg.ac.be,Demandes - Service d'assistance - Google Chrome,Tâches diverses,2021-09-17,08:38:23,00:00:02
stefano.crapanzano@chu.ulg.ac.be,Demandes - Service d'assistance - Google Chrome,Tâches diverses,2021-09-17,08:41:17,00:00:14
stefano.crapanzano@chu.ulg.ac.be,Demandes - Service d'assistance - Google Chrome,Tâches diverses,2021-09-17,08:41:36,00:00:03
stefano.crapanzano@chu.ulg.ac.be,Demandes - Service d'assistance - Google Chrome,Tâches diverses,2021-09-17,08:41:46,00:00:03
stefano.crapanzano@chu.ulg.ac.be,Demandes - Service d'assistance - Google Chrome,Tâches diverses,2021-09-17,08:41:59,00:00:04
stefano.crapanzano@chu.ulg.ac.be,Demandes - Service d'assistance - Google Chrome,Tâches diverses,2021-09-17,08:42:11,00:00:18
stefano.crapanzano@chu.ulg.ac.be,Demandes - Service d'assistance - Google Chrome,Tâches diverses,2021-09-17,08:42:36,00:00:12
stefano.crapanzano@chu.ulg.ac.be,Demandes - Service d'assistance - Google Chrome,Tâches diverses,2021-09-17,08:44:02,00:00:02
stefano.crapanzano@chu.ulg.ac.be,Demandes - Service d'assistance - Google Chrome,Tâches diverses,2021-09-17,08:56:18,00:00:18
stefano.crapanzano@chu.ulg.ac.be,Demandes - Service d'assistance - Google Chrome,Tâches diverses,2021-09-17,08:56:53,00:00:03
stefano.crapanzano@chu.ulg.ac.be,Demandes - Service d'assistance - Google Chrome,Tâches diverses,2021-09-17,08:58:01,00:00:02
stefano.crapanzano@chu.ulg.ac.be,Demandes - Service d'assistance - Google Chrome,Tâches diverses,2021-09-17,09:05:35,00:00:03
stefano.crapanzano@chu.ulg.ac.be,Demandes - Service d'assistance - Google Chrome,Tâches diverses,2021-09-17,09:06:56,00:00:04
stefano.crapanzano@chu.ulg.ac.be,Demandes - Service d'assistance - Google Chrome,Tâches diverses,2021-09-17,10:21:26,00:00:27
stefano.crapanzano@chu.ulg.ac.be,Demandes - Service d'assistance - Google Chrome,Tâches diverses,2021-09-17,10:21:56,00:00:16
stefano.crapanzano@chu.ulg.ac.be,Demandes - Service d'assistance - Google Chrome,Tâches diverses,2021-09-17,10:22:26,00:00:16
stefano.crapanzano@chu.ulg.ac.be,Demandes - Service d'assistance - Google Chrome,Tâches diverses,2021-09-17,10:22:48,00:00:37
stefano.crapanzano@chu.ulg.ac.be,Identification - Google Chrome,Tâches diverses,2021-09-17,08:38:25,00:00:04
stefano.crapanzano@chu.ulg.ac.be,Identification - Google Chrome,Tâches diverses,2021-09-17,09:07:42,00:00:06
stefano.crapanzano@chu.ulg.ac.be,POST data - Google Chrome,Tâches diverses,2021-09-17,09:07:48,00:00:06
stefano.crapanzano@chu.ulg.ac.be,Service MT - Google Chrome,Tâches diverses,2021-09-17,08:38:31,00:00:06
stefano.crapanzano@chu.ulg.ac.be,Ouverture de SSP.pdf,Helpdesk général,2021-09-17,08:39:28,00:00:02
stefano.crapanzano@chu.ulg.ac.be,SSP-1.pdf - Google Chrome,Tâches diverses,2021-09-17,08:39:00,00:00:08
stefano.crapanzano@chu.ulg.ac.be,Sans titre - Google Chrome,Tâches diverses,2021-09-17,08:39:12,00:00:09
stefano.crapanzano@chu.ulg.ac.be,Sans titre - Google Chrome,Tâches diverses,2021-09-17,08:39:30,00:00:03
stefano.crapanzano@chu.ulg.ac.be,SSP.pdf - Mozilla Thunderbird,Helpdesk général,2021-09-17,08:39:35,00:01:04
stefano.crapanzano@chu.ulg.ac.be,Courrier entrant - stefano.crapanzano@chuliege.be - Mozilla Thunderbird,Helpdesk général,2021-09-17,08:40:58,00:00:02
stefano.crapanzano@chu.ulg.ac.be,Courrier entrant - stefano.crapanzano@chuliege.be - Mozilla Thunderbird,Helpdesk général,2021-09-17,08:44:48,00:02:26
stefano.crapanzano@chu.ulg.ac.be,Courrier entrant - stefano.crapanzano@chuliege.be - Mozilla Thunderbird,Helpdesk général,2021-09-17,08:54:13,00:00:02
stefano.crapanzano@chu.ulg.ac.be,Courrier entrant - stefano.crapanzano@chuliege.be - Mozilla Thunderbird,Helpdesk général,2021-09-17,10:27:51,00:00:06
stefano.crapanzano@chu.ulg.ac.be,P203 CHU Panier non visible dans l'historique des paniers - Xperthis ERP4HC 1.0 - Service d'assistance - Google Chrome,Tâches diverses,2021-09-17,08:41:31,00:00:04
stefano.crapanzano@chu.ulg.ac.be,Impression via ZWM_REPRINT_HU ne fonctionne pas - Xperthis ERP4HC 2.0 Rollout - Service d'assistance - Google Chrome,Tâches diverses,2021-09-17,08:41:40,00:00:06
stefano.crapanzano@chu.ulg.ac.be,P203 CHU IDoc 332504 en statut 51 pour article 601839 - Xperthis ERP4HC 1.0 - Service d'assistance - Google Chrome,Tâches diverses,2021-09-17,08:41:49,00:00:09
stefano.crapanzano@chu.ulg.ac.be,P203 CHU ERREUR transaction MMAM - Xperthis ERP4HC 1.0 - Service d'assistance - Google Chrome,Tâches diverses,2021-09-17,08:42:04,00:00:07
stefano.crapanzano@chu.ulg.ac.be,P203 CHU Commande 4000205977 ne contient rien dans le champs  notre référence  dans l'onglet communication - Xperthis ERP4HC 1.0 - Service d'assistance - Google Chrome,Tâches diverses,2021-09-17,08:42:29,00:00:07
stefano.crapanzano@chu.ulg.ac.be,Navigation système de fichier,IT,2021-09-17,08:43:40,00:00:04
stefano.crapanzano@chu.ulg.ac.be,Navigation système de fichier,IT,2021-09-17,08:47:26,00:00:02
stefano.crapanzano@chu.ulg.ac.be,Navigation système de fichier,IT,2021-09-17,09:05:39,00:00:05
stefano.crapanzano@chu.ulg.ac.be,Navigation système de fichier,IT,2021-09-17,09:06:05,00:00:05
stefano.crapanzano@chu.ulg.ac.be,Navigation système de fichier,IT,2021-09-17,09:06:13,00:00:28
stefano.crapanzano@chu.ulg.ac.be,Navigation système de fichier,IT,2021-09-17,09:08:43,00:00:34
stefano.crapanzano@chu.ulg.ac.be,Navigation système de fichier,IT,2021-09-17,09:09:22,00:01:12
stefano.crapanzano@chu.ulg.ac.be,Navigation système de fichier,IT,2021-09-17,09:20:13,00:00:13
stefano.crapanzano@chu.ulg.ac.be,Navigation système de fichier,IT,2021-09-17,09:20:42,00:00:10
stefano.crapanzano@chu.ulg.ac.be,Navigation système de fichier,IT,2021-09-17,09:20:58,00:00:15
stefano.crapanzano@chu.ulg.ac.be,Navigation système de fichier,IT,2021-09-17,09:21:30,00:00:15
stefano.crapanzano@chu.ulg.ac.be,Navigation système de fichier,IT,2021-09-17,09:22:05,00:00:37
stefano.crapanzano@chu.ulg.ac.be,Navigation système de fichier,IT,2021-09-17,09:22:54,00:00:21
stefano.crapanzano@chu.ulg.ac.be,Navigation système de fichier,IT,2021-09-17,09:26:57,00:00:43
stefano.crapanzano@chu.ulg.ac.be,Navigation système de fichier,IT,2021-09-17,09:28:20,00:00:32
stefano.crapanzano@chu.ulg.ac.be,Navigation système de fichier,IT,2021-09-17,09:29:27,00:00:16
stefano.crapanzano@chu.ulg.ac.be,Navigation système de fichier,IT,2021-09-17,09:29:46,00:00:08
stefano.crapanzano@chu.ulg.ac.be,Navigation système de fichier,IT,2021-09-17,09:30:00,00:00:07
stefano.crapanzano@chu.ulg.ac.be,Navigation système de fichier,IT,2021-09-17,09:30:11,00:00:03
stefano.crapanzano@chu.ulg.ac.be,Navigation système de fichier,IT,2021-09-17,09:30:27,00:00:07
stefano.crapanzano@chu.ulg.ac.be,Navigation système de fichier,IT,2021-09-17,09:46:02,00:00:24
stefano.crapanzano@chu.ulg.ac.be,Navigation système de fichier,IT,2021-09-17,09:46:41,00:00:06
stefano.crapanzano@chu.ulg.ac.be,Navigation système de fichier,IT,2021-09-17,09:46:50,00:01:07
stefano.crapanzano@chu.ulg.ac.be,Navigation système de fichier,IT,2021-09-17,09:47:58,00:00:27
stefano.crapanzano@chu.ulg.ac.be,Navigation système de fichier,IT,2021-09-17,09:48:27,00:00:10
stefano.crapanzano@chu.ulg.ac.be,Navigation système de fichier,IT,2021-09-17,09:48:38,00:01:09
stefano.crapanzano@chu.ulg.ac.be,Navigation système de fichier,IT,2021-09-17,09:49:56,00:00:20
stefano.crapanzano@chu.ulg.ac.be,Navigation système de fichier,IT,2021-09-17,09:52:27,00:00:12
stefano.crapanzano@chu.ulg.ac.be,Navigation système de fichier,IT,2021-09-17,09:52:54,00:00:03
stefano.crapanzano@chu.ulg.ac.be,Navigation système de fichier,IT,2021-09-17,09:53:07,00:00:07
stefano.crapanzano@chu.ulg.ac.be,Navigation système de fichier,IT,2021-09-17,09:53:46,00:00:04
stefano.crapanzano@chu.ulg.ac.be,Navigation système de fichier,IT,2021-09-17,09:53:59,00:00:02
stefano.crapanzano@chu.ulg.ac.be,Navigation système de fichier,IT,2021-09-17,09:54:50,00:00:02
stefano.crapanzano@chu.ulg.ac.be,Navigation système de fichier,IT,2021-09-17,09:55:08,00:00:03
stefano.crapanzano@chu.ulg.ac.be,Navigation système de fichier,IT,2021-09-17,09:55:28,00:00:03
stefano.crapanzano@chu.ulg.ac.be,Navigation système de fichier,IT,2021-09-17,09:55:40,00:00:04
stefano.crapanzano@chu.ulg.ac.be,Navigation système de fichier,IT,2021-09-17,09:55:55,00:00:16
stefano.crapanzano@chu.ulg.ac.be,Navigation système de fichier,IT,2021-09-17,09:56:16,00:01:00
stefano.crapanzano@chu.ulg.ac.be,Navigation système de fichier,IT,2021-09-17,09:57:20,00:00:18
stefano.crapanzano@chu.ulg.ac.be,Navigation système de fichier,IT,2021-09-17,10:13:21,00:00:31
stefano.crapanzano@chu.ulg.ac.be,Navigation système de fichier,IT,2021-09-17,10:15:10,00:00:07
stefano.crapanzano@chu.ulg.ac.be,Navigation système de fichier,IT,2021-09-17,10:15:24,00:00:08
stefano.crapanzano@chu.ulg.ac.be,Navigation système de fichier,IT,2021-09-17,10:20:49,00:00:02
stefano.crapanzano@chu.ulg.ac.be,Navigation système de fichier,IT,2021-09-17,10:25:21,00:00:36
stefano.crapanzano@chu.ulg.ac.be,Navigation système de fichier,IT,2021-09-17,10:26:34,00:00:02
stefano.crapanzano@chu.ulg.ac.be,Navigation système de fichier,IT,2021-09-17,10:27:14,00:00:13
stefano.crapanzano@chu.ulg.ac.be,Navigation système de fichier,IT,2021-09-17,10:28:33,00:00:02
stefano.crapanzano@chu.ulg.ac.be,Navigation système de fichier,IT,2021-09-17,10:28:39,00:00:14
stefano.crapanzano@chu.ulg.ac.be,Navigation système de fichier,IT,2021-09-17,10:30:10,00:00:02
stefano.crapanzano@chu.ulg.ac.be,Navigation système de fichier,IT,2021-09-17,10:30:17,00:00:13
stefano.crapanzano@chu.ulg.ac.be,Navigation système de fichier,IT,2021-09-17,10:30:42,00:00:03
stefano.crapanzano@chu.ulg.ac.be,Navigation système de fichier,IT,2021-09-17,10:31:24,00:00:06
stefano.crapanzano@chu.ulg.ac.be,Navigation système de fichier,IT,2021-09-17,10:31:50,00:00:05
stefano.crapanzano@chu.ulg.ac.be,Navigation système de fichier,IT,2021-09-17,10:32:00,00:00:08
stefano.crapanzano@chu.ulg.ac.be,Navigation système de fichier,IT,2021-09-17,10:33:16,00:00:03
stefano.crapanzano@chu.ulg.ac.be,Navigation système de fichier,IT,2021-09-17,10:33:25,00:00:03
stefano.crapanzano@chu.ulg.ac.be,Navigation système de fichier,IT,2021-09-17,10:33:47,00:00:25
stefano.crapanzano@chu.ulg.ac.be,Navigation système de fichier,IT,2021-09-17,10:34:23,00:00:13
stefano.crapanzano@chu.ulg.ac.be,Navigation système de fichier,IT,2021-09-17,10:35:03,00:00:03
stefano.crapanzano@chu.ulg.ac.be,Navigation système de fichier,IT,2021-09-17,10:38:08,00:00:27
stefano.crapanzano@chu.ulg.ac.be,Navigation système de fichier,IT,2021-09-17,10:41:32,00:00:02
stefano.crapanzano@chu.ulg.ac.be,Navigation système de fichier,IT,2021-09-17,10:41:55,00:00:02
stefano.crapanzano@chu.ulg.ac.be,Navigation système de fichier,IT,2021-09-17,10:42:08,00:00:05
stefano.crapanzano@chu.ulg.ac.be,3 Best Free and Open Source Wireframe Software - Google Chrome,Tâches diverses,2021-09-17,08:43:45,00:00:03
stefano.crapanzano@chu.ulg.ac.be,3 Best Free and Open Source Wireframe Software - Google Chrome,Tâches diverses,2021-09-17,08:56:36,00:00:02
stefano.crapanzano@chu.ulg.ac.be,SAI-Réunion service-20210916 - Google Chrome,Tâches diverses,2021-09-17,08:43:54,00:00:04
stefano.crapanzano@chu.ulg.ac.be,start [DokuWiki ERP] - Google Chrome,Tâches diverses,2021-09-17,08:43:59,00:00:02
stefano.crapanzano@chu.ulg.ac.be,Model: menu.Ingredient - Google Chrome,Tâches diverses,2021-09-17,08:44:05,00:00:06
stefano.crapanzano@chu.ulg.ac.be,windows - How to delete directories with path/names too long for normal delete - Super User - Google Chrome,Tâches diverses,2021-09-17,08:44:12,00:00:02
stefano.crapanzano@chu.ulg.ac.be,windows - How to delete directories with path/names too long for normal delete - Super User - Google Chrome,Tâches diverses,2021-09-17,08:56:49,00:00:03
stefano.crapanzano@chu.ulg.ac.be,ASP - Application EDI SaaS - Google Chrome,Tâches diverses,2021-09-17,08:44:31,00:00:02
stefano.crapanzano@chu.ulg.ac.be,faire rappel à kris saerens ou maertens concernant les impressions qui ne marchent pas sur X01 - To Do - Google Chrome,Tâches diverses,2021-09-17,09:07:01,00:00:08
stefano.crapanzano@chu.ulg.ac.be,400 Bad Request - Google Chrome,Tâches diverses,2021-09-17,08:44:35,00:00:03
stefano.crapanzano@chu.ulg.ac.be,Création de formulaires à partir de modèles | Documentation de Django | Django - Google Chrome,Tâches diverses,2021-09-17,08:47:24,00:00:02
stefano.crapanzano@chu.ulg.ac.be,Création de formulaires à partir de modèles | Documentation de Django | Django - Google Chrome,Tâches diverses,2021-09-17,08:56:16,00:00:02
stefano.crapanzano@chu.ulg.ac.be,Doodle | Tests interface SSP de ERP4HC 2.0 dans l'environnement X01 - Google Chrome,Tâches diverses,2021-09-17,08:57:59,00:00:02
stefano.crapanzano@chu.ulg.ac.be,Catalogue - CHU - Google Chrome,Tâches diverses,2021-09-17,08:47:21,00:00:02
stefano.crapanzano@chu.ulg.ac.be,How do I remove a folder from version control (but not delete it) using Intellij IDEA? - Stack Overflow - Google Chrome,Tâches diverses,2021-09-17,08:47:16,00:00:04
stefano.crapanzano@chu.ulg.ac.be,Lecture documentation,Tâches diverses,2021-09-17,08:47:32,00:03:27
stefano.crapanzano@chu.ulg.ac.be,Lecture documentation,Tâches diverses,2021-09-17,08:51:04,00:03:09
stefano.crapanzano@chu.ulg.ac.be,Lecture documentation,Tâches diverses,2021-09-17,08:56:57,00:00:18
stefano.crapanzano@chu.ulg.ac.be,Lecture documentation,Tâches diverses,2021-09-17,08:58:05,00:06:19
stefano.crapanzano@chu.ulg.ac.be,Lecture documentation,Tâches diverses,2021-09-17,09:04:34,00:00:49
stefano.crapanzano@chu.ulg.ac.be,Lecture documentation,Tâches diverses,2021-09-17,09:05:54,00:00:11
stefano.crapanzano@chu.ulg.ac.be,Lecture documentation,Tâches diverses,2021-09-17,09:13:15,00:00:42
stefano.crapanzano@chu.ulg.ac.be,Lecture documentation,Tâches diverses,2021-09-17,09:15:54,00:03:53
stefano.crapanzano@chu.ulg.ac.be,Lecture documentation,Tâches diverses,2021-09-17,09:20:35,00:00:07
stefano.crapanzano@chu.ulg.ac.be,Lecture documentation,Tâches diverses,2021-09-17,09:30:49,00:06:31
stefano.crapanzano@chu.ulg.ac.be,Lecture documentation,Tâches diverses,2021-09-17,10:02:50,00:00:22
stefano.crapanzano@chu.ulg.ac.be,Lecture documentation,Tâches diverses,2021-09-17,10:09:57,00:00:28
stefano.crapanzano@chu.ulg.ac.be,Lecture documentation,Tâches diverses,2021-09-17,10:10:46,00:01:50
stefano.crapanzano@chu.ulg.ac.be,Lecture documentation,Tâches diverses,2021-09-17,10:12:52,00:00:16
stefano.crapanzano@chu.ulg.ac.be,Lecture documentation,Tâches diverses,2021-09-17,10:15:18,00:00:05
stefano.crapanzano@chu.ulg.ac.be,Lecture documentation,Tâches diverses,2021-09-17,10:16:33,00:00:44
stefano.crapanzano@chu.ulg.ac.be,Lecture documentation,Tâches diverses,2021-09-17,10:19:24,00:00:05
stefano.crapanzano@chu.ulg.ac.be,Lecture documentation,Tâches diverses,2021-09-17,10:35:06,00:00:02
stefano.crapanzano@chu.ulg.ac.be,Lecture documentation,Tâches diverses,2021-09-17,10:39:28,00:01:14
stefano.crapanzano@chu.ulg.ac.be,Projet Fédéral IFIC - Google Chrome,Tâches diverses,2021-09-17,08:56:43,00:00:03
stefano.crapanzano@chu.ulg.ac.be,Nouvel onglet - Google Chrome,Tâches diverses,2021-09-17,09:05:45,00:00:06
stefano.crapanzano@chu.ulg.ac.be,Nouvel onglet - Google Chrome,Tâches diverses,2021-09-17,09:07:37,00:00:04
stefano.crapanzano@chu.ulg.ac.be,Nouvel onglet - Google Chrome,Tâches diverses,2021-09-17,09:23:42,00:00:04
stefano.crapanzano@chu.ulg.ac.be,Nouvel onglet - Google Chrome,Tâches diverses,2021-09-17,09:28:56,00:00:08
stefano.crapanzano@chu.ulg.ac.be,Nouvel onglet - Google Chrome,Tâches diverses,2021-09-17,10:06:35,00:00:05
stefano.crapanzano@chu.ulg.ac.be,Nouvel onglet - Google Chrome,Tâches diverses,2021-09-17,10:19:30,00:00:15
stefano.crapanzano@chu.ulg.ac.be,Planifié - To Do - Google Chrome,Tâches diverses,2021-09-17,09:07:09,00:00:27
stefano.crapanzano@chu.ulg.ac.be,Intrastat - Google Chrome,Tâches diverses,2021-09-17,09:07:54,00:00:46
stefano.crapanzano@chu.ulg.ac.be,Intrastat - Google Chrome,Tâches diverses,2021-09-17,09:10:34,00:01:16
stefano.crapanzano@chu.ulg.ac.be,Intrastat - Google Chrome,Tâches diverses,2021-09-17,09:11:52,00:00:03
stefano.crapanzano@chu.ulg.ac.be,Programmation,IT,2021-09-17,09:09:17,00:00:04
stefano.crapanzano@chu.ulg.ac.be,Programmation,IT,2021-09-17,09:11:56,00:01:19
stefano.crapanzano@chu.ulg.ac.be,Programmation,IT,2021-09-17,09:13:58,00:01:55
stefano.crapanzano@chu.ulg.ac.be,Programmation,IT,2021-09-17,09:19:47,00:00:14
stefano.crapanzano@chu.ulg.ac.be,Programmation,IT,2021-09-17,09:20:06,00:00:06
stefano.crapanzano@chu.ulg.ac.be,Programmation,IT,2021-09-17,09:20:26,00:00:08
stefano.crapanzano@chu.ulg.ac.be,Programmation,IT,2021-09-17,09:21:28,00:00:02
stefano.crapanzano@chu.ulg.ac.be,Programmation,IT,2021-09-17,09:37:20,00:08:20
stefano.crapanzano@chu.ulg.ac.be,Programmation,IT,2021-09-17,09:50:16,00:02:11
stefano.crapanzano@chu.ulg.ac.be,Programmation,IT,2021-09-17,09:52:39,00:00:15
stefano.crapanzano@chu.ulg.ac.be,Programmation,IT,2021-09-17,09:53:15,00:00:30
stefano.crapanzano@chu.ulg.ac.be,Programmation,IT,2021-09-17,09:54:01,00:00:49
stefano.crapanzano@chu.ulg.ac.be,Programmation,IT,2021-09-17,09:55:11,00:00:16
stefano.crapanzano@chu.ulg.ac.be,Programmation,IT,2021-09-17,09:57:39,00:05:11
stefano.crapanzano@chu.ulg.ac.be,Programmation,IT,2021-09-17,10:03:12,00:03:11
stefano.crapanzano@chu.ulg.ac.be,Programmation,IT,2021-09-17,10:13:53,00:00:49
stefano.crapanzano@chu.ulg.ac.be,Programmation,IT,2021-09-17,10:14:59,00:00:11
stefano.crapanzano@chu.ulg.ac.be,Programmation,IT,2021-09-17,10:15:32,00:01:01
stefano.crapanzano@chu.ulg.ac.be,Programmation,IT,2021-09-17,10:20:45,00:00:04
stefano.crapanzano@chu.ulg.ac.be,Programmation,IT,2021-09-17,10:24:56,00:00:13
stefano.crapanzano@chu.ulg.ac.be,Programmation,IT,2021-09-17,10:32:09,00:01:06
stefano.crapanzano@chu.ulg.ac.be,Programmation,IT,2021-09-17,10:35:43,00:02:25
stefano.crapanzano@chu.ulg.ac.be,Programmation,IT,2021-09-17,10:38:36,00:00:51
stefano.crapanzano@chu.ulg.ac.be,Programmation,IT,2021-09-17,10:40:42,00:00:48
stefano.crapanzano@chu.ulg.ac.be,TortoiseSVN,IT,2021-09-17,09:20:54,00:00:04
stefano.crapanzano@chu.ulg.ac.be,TortoiseSVN,IT,2021-09-17,09:30:08,00:00:02
stefano.crapanzano@chu.ulg.ac.be,Repository created,IT,2021-09-17,09:21:14,00:00:13
stefano.crapanzano@chu.ulg.ac.be,C:\Users\c158492\ProjetBoulot\PYTHON\ACHAT\catalogue_project - Import - TortoiseSVN,IT,2021-09-17,09:21:46,00:00:19
stefano.crapanzano@chu.ulg.ac.be,C:\Users\c158492\ProjetBoulot\PYTHON\ACHAT\catalogue_project - Import - TortoiseSVN,IT,2021-09-17,09:22:42,00:00:04
stefano.crapanzano@chu.ulg.ac.be,C:\Users\c158492\ProjetBoulot\PYTHON\ACHAT\catalogue_project - Import - TortoiseSVN,IT,2021-09-17,09:22:48,00:00:02
stefano.crapanzano@chu.ulg.ac.be,Import Failed!,IT,2021-09-17,09:22:51,00:00:03
stefano.crapanzano@chu.ulg.ac.be,Administrateur : C:\Windows\system32\cmd.exe,IT,2021-09-17,09:23:15,00:00:25
stefano.crapanzano@chu.ulg.ac.be,Administrateur : C:\Windows\system32\cmd.exe,IT,2021-09-17,09:24:09,00:00:27
stefano.crapanzano@chu.ulg.ac.be,Administrateur : C:\Windows\system32\cmd.exe,IT,2021-09-17,09:25:29,00:00:09
stefano.crapanzano@chu.ulg.ac.be,Administrateur : C:\Windows\system32\cmd.exe,IT,2021-09-17,09:26:50,00:00:03
stefano.crapanzano@chu.ulg.ac.be,Administrateur : C:\Windows\system32\cmd.exe,IT,2021-09-17,09:27:40,00:00:02
stefano.crapanzano@chu.ulg.ac.be,Administrateur : C:\Windows\system32\cmd.exe,IT,2021-09-17,09:27:44,00:00:35
stefano.crapanzano@chu.ulg.ac.be,create a svn repository - Recherche Google - Google Chrome,Tâches diverses,2021-09-17,09:23:47,00:00:02
stefano.crapanzano@chu.ulg.ac.be,create a svn repository - Recherche Google - Google Chrome,Tâches diverses,2021-09-17,09:24:50,00:00:20
stefano.crapanzano@chu.ulg.ac.be,svn Tutorial => Creating A New Repo - Google Chrome,Tâches diverses,2021-09-17,09:23:49,00:00:19
stefano.crapanzano@chu.ulg.ac.be,svn Tutorial => Creating A New Repo - Google Chrome,Tâches diverses,2021-09-17,09:24:37,00:00:13
stefano.crapanzano@chu.ulg.ac.be,create a svn repository empty - Recherche Google - Google Chrome,Tâches diverses,2021-09-17,09:25:11,00:00:18
stefano.crapanzano@chu.ulg.ac.be,create a svn repository empty - Recherche Google - Google Chrome,Tâches diverses,2021-09-17,09:25:38,00:00:07
stefano.crapanzano@chu.ulg.ac.be,create a svn repository empty - Recherche Google - Google Chrome,Tâches diverses,2021-09-17,09:26:01,00:00:15
stefano.crapanzano@chu.ulg.ac.be,tortoisesvn - How can I add an empty directory to a SVN repository? - Stack Overflow - Google Chrome,Tâches diverses,2021-09-17,09:25:45,00:00:15
stefano.crapanzano@chu.ulg.ac.be,Git - git-svn Documentation - Google Chrome,Tâches diverses,2021-09-17,09:26:17,00:00:32
stefano.crapanzano@chu.ulg.ac.be,Git - git-svn Documentation - Google Chrome,Tâches diverses,2021-09-17,09:28:52,00:00:03
stefano.crapanzano@chu.ulg.ac.be,Administrateur : C:\Windows\system32\cmd.exe - git  svn init .,IT,2021-09-17,09:26:54,00:00:03
stefano.crapanzano@chu.ulg.ac.be,svn init empty folder - Recherche Google - Google Chrome,Tâches diverses,2021-09-17,09:29:04,00:00:09
stefano.crapanzano@chu.ulg.ac.be,svn - How to have Subversion store an empty directory - Stack Overflow - Google Chrome,Tâches diverses,2021-09-17,09:29:14,00:00:13
stefano.crapanzano@chu.ulg.ac.be,svn - How to have Subversion store an empty directory - Stack Overflow - Google Chrome,Tâches diverses,2021-09-17,09:29:43,00:00:02
stefano.crapanzano@chu.ulg.ac.be,svn - How to have Subversion store an empty directory - Stack Overflow - Google Chrome,Tâches diverses,2021-09-17,09:30:14,00:00:13
stefano.crapanzano@chu.ulg.ac.be,svn - How to have Subversion store an empty directory - Stack Overflow - Google Chrome,Tâches diverses,2021-09-17,10:06:32,00:00:02
stefano.crapanzano@chu.ulg.ac.be,\\filesrv01.st.chulg\oazis_prod\APPL_PRO...\catalogue_project - Repository Browser - TortoiseSVN,IT,2021-09-17,09:29:56,00:00:04
stefano.crapanzano@chu.ulg.ac.be,Export,IT,2021-09-17,09:30:35,00:00:14
stefano.crapanzano@chu.ulg.ac.be,Export,IT,2021-09-17,09:45:42,00:00:20
stefano.crapanzano@chu.ulg.ac.be,Export,IT,2021-09-17,09:46:48,00:00:02
stefano.crapanzano@chu.ulg.ac.be,\\filesrv01.st.chulg\oazis_prod\APPL_PROD\SOURCES\PYTHON\ERP\ACHAT - Commit - TortoiseSVN,IT,2021-09-17,09:46:27,00:00:13
stefano.crapanzano@chu.ulg.ac.be,Commit,IT,2021-09-17,09:49:47,00:00:06
stefano.crapanzano@chu.ulg.ac.be,C:\Users\c158492\ProjetBoulot\SVN_LOCAL\PYTHON\ERP\A...\catalogue_project - Commit - TortoiseSVN,IT,2021-09-17,09:49:53,00:00:02
stefano.crapanzano@chu.ulg.ac.be,C:\Users\c158492\ProjetBoulot\SVN_LOCAL\PYTHON\ERP\A...\catalogue_project - Commit - TortoiseSVN,IT,2021-09-17,09:52:58,00:00:09
stefano.crapanzano@chu.ulg.ac.be,C:\Users\c158492\ProjetBoulot\SVN_LOCAL\PYTHON\ERP\A...\catalogue_project - Commit - TortoiseSVN,IT,2021-09-17,09:53:50,00:00:08
stefano.crapanzano@chu.ulg.ac.be,C:\Users\c158492\ProjetBoulot\SVN_LOCAL\PYTHON\ERP\A...\catalogue_project - Commit - TortoiseSVN,IT,2021-09-17,09:54:53,00:00:15
stefano.crapanzano@chu.ulg.ac.be,C:\Users\c158492\ProjetBoulot\SVN_LOCAL\PYTHON\ERP\A...\catalogue_project - Commit - TortoiseSVN,IT,2021-09-17,09:55:31,00:00:08
stefano.crapanzano@chu.ulg.ac.be,C:\Users\c158492\ProjetBoulot\SVN_LOCAL\PYTHON\ERP\A...\catalogue_project - Commit - TortoiseSVN,IT,2021-09-17,09:55:44,00:00:08
stefano.crapanzano@chu.ulg.ac.be,\\filesrv01.st.chulg\oazis_prod\APPL_PROD\SOURCES\PY...\catalogue_project - Update - TortoiseSVN,IT,2021-09-17,09:56:11,00:00:03
stefano.crapanzano@chu.ulg.ac.be,\\filesrv01.st.chulg\oazis_prod\APPL_PROD\SOURCES\PY...\catalogue_project - Update - TortoiseSVN,IT,2021-09-17,09:57:17,00:00:02
stefano.crapanzano@chu.ulg.ac.be,pycharm a cessé de fonctionner - Recherche Google - Google Chrome,Tâches diverses,2021-09-17,10:06:41,00:00:13
stefano.crapanzano@chu.ulg.ac.be,pycharm a cessé de fonctionner appcrash - Recherche Google - Google Chrome,Tâches diverses,2021-09-17,10:06:54,00:00:04
stefano.crapanzano@chu.ulg.ac.be,pycharm a cessé de fonctionner appcrash - Recherche Google - Google Chrome,Tâches diverses,2021-09-17,10:08:31,00:00:20
stefano.crapanzano@chu.ulg.ac.be,Comment Résoudre le Problème APPCRASH ? [6 Solutions ] - Google Chrome,Tâches diverses,2021-09-17,10:06:59,00:01:32
stefano.crapanzano@chu.ulg.ac.be,pycharm a cessé de fonctionner appcrash python.exe ucrtbase.dll - Recherche Google - Google Chrome,Tâches diverses,2021-09-17,10:08:52,00:00:02
stefano.crapanzano@chu.ulg.ac.be,pycharm a cessé de fonctionner appcrash python.exe ucrtbase.dll - Recherche Google - Google Chrome,Tâches diverses,2021-09-17,10:09:12,00:00:06
stefano.crapanzano@chu.ulg.ac.be,tensorflow - Crashes python.exe: ucrtbase.DLL - Stack Overflow - Google Chrome,Tâches diverses,2021-09-17,10:08:54,00:00:18
stefano.crapanzano@chu.ulg.ac.be,Anomalie 29908 : Inconsistent crashing with an access violation - Python tracker - Google Chrome,Tâches diverses,2021-09-17,10:09:18,00:00:37
stefano.crapanzano@chu.ulg.ac.be,Anomalie 29908 : Inconsistent crashing with an access violation - Python tracker - Google Chrome,Tâches diverses,2021-09-17,10:21:20,00:00:02
stefano.crapanzano@chu.ulg.ac.be,Python 3.9.7 (64-bit)_20210917101024.log - Bloc-notes,IT,2021-09-17,10:10:31,00:00:14
stefano.crapanzano@chu.ulg.ac.be,Demande accès sharepoint X01 - Xperthis ERP4HC 2.0 Rollout - Service d'assistance - Google Chrome,Tâches diverses,2021-09-17,10:18:24,00:00:57
stefano.crapanzano@chu.ulg.ac.be,Demande accès sharepoint X01 - Xperthis ERP4HC 2.0 Rollout - Service d'assistance - Google Chrome,Tâches diverses,2021-09-17,10:20:51,00:00:12
stefano.crapanzano@chu.ulg.ac.be,Demande accès sharepoint X01 - Xperthis ERP4HC 2.0 Rollout - Service d'assistance - Google Chrome,Tâches diverses,2021-09-17,10:21:07,00:00:13
stefano.crapanzano@chu.ulg.ac.be,Demande accès sharepoint X01 - Xperthis ERP4HC 2.0 Rollout - Service d'assistance - Google Chrome,Tâches diverses,2021-09-17,10:21:23,00:00:02
stefano.crapanzano@chu.ulg.ac.be,Connectez-vous à votre compte - Google Chrome,Tâches diverses,2021-09-17,10:19:47,00:00:09
stefano.crapanzano@chu.ulg.ac.be,Study Groups - Home - Google Chrome,Tâches diverses,2021-09-17,10:19:58,00:00:08
stefano.crapanzano@chu.ulg.ac.be,Centre Hospitalier Universitaire de Liège - Client Documents - Google Chrome,Tâches diverses,2021-09-17,10:20:06,00:00:03
stefano.crapanzano@chu.ulg.ac.be,Centre Hospitalier Universitaire de Liège - Client Documents - Google Chrome,Tâches diverses,2021-09-17,10:21:03,00:00:03
stefano.crapanzano@chu.ulg.ac.be,Rechercher - Mozilla Thunderbird,Helpdesk général,2021-09-17,10:20:20,00:00:02
stefano.crapanzano@chu.ulg.ac.be,boerboom sharepoint - Mozilla Thunderbird,Helpdesk général,2021-09-17,10:20:27,00:00:04
stefano.crapanzano@chu.ulg.ac.be,P203 CHU ARCO 20210919855084 KOFAX - Traitement des factures papiers ne fonctionne pas - Xperthis ERP4HC 1.0 - Service d'assistance - Google Chrome,Tâches diverses,2021-09-17,10:21:54,00:00:02
stefano.crapanzano@chu.ulg.ac.be,SSP CHU 203 - Min/Max voor WART en OART - Xperthis ERP4HC 2.0 Rollout - Service d'assistance - Google Chrome,Tâches diverses,2021-09-17,10:22:13,00:00:13
stefano.crapanzano@chu.ulg.ac.be,Champs articles de PE2 non repris dans X01 - Xperthis ERP4HC 2.0 Rollout - Service d'assistance - Google Chrome,Tâches diverses,2021-09-17,10:22:43,00:00:04
stefano.crapanzano@chu.ulg.ac.be,SQVI - extraction de BSAD en date du 31.1.2021 - Xperthis ERP4HC 2.0 Rollout - Service d'assistance - Google Chrome,Tâches diverses,2021-09-17,10:23:25,00:01:30
stefano.crapanzano@chu.ulg.ac.be,Python 3.8.1 (32-bit) Setup,IT,2021-09-17,10:31:21,00:00:02
stefano.crapanzano@chu.ulg.ac.be,*new 1 - Notepad++ [Administrator],IT,2021-09-17,10:30:47,00:00:03
stefano.crapanzano@chu.ulg.ac.be,*new 1 - Notepad++ [Administrator],IT,2021-09-17,10:30:58,00:00:09
stefano.crapanzano@chu.ulg.ac.be,*new 1 - Notepad++ [Administrator],IT,2021-09-17,10:31:10,00:00:03
stefano.crapanzano@chu.ulg.ac.be,*new 1 - Notepad++ [Administrator],IT,2021-09-17,10:31:18,00:00:03
stefano.crapanzano@chu.ulg.ac.be,Rechercher,IT,2021-09-17,10:30:50,00:00:07
stefano.crapanzano@chu.ulg.ac.be,Rechercher,IT,2021-09-17,10:31:07,00:00:02
stefano.crapanzano@chu.ulg.ac.be,Programmation,IT,2021-09-17,12:02:19,00:00:02
stefano.crapanzano@chu.ulg.ac.be,Administrateur : Perl (command line) - python  main.py,IT,2021-09-17,12:03:10,00:00:04
stefano.crapanzano@chu.ulg.ac.be,Administrateur : Perl (command line) - python  main.py,IT,2021-09-17,12:03:36,00:00:14
stefano.crapanzano@chu.ulg.ac.be,Administrateur : Perl (command line) - python  main.py,Helpdesk général,2021-09-17,12:08:01,00:00:03
stefano.crapanzano@chu.ulg.ac.be,Administrateur : Perl (command line) - python  main.py,IT,2021-09-17,12:58:23,00:00:06
stefano.crapanzano@chu.ulg.ac.be,win32gui · PyPI - Google Chrome,Tâches diverses,2021-09-17,12:03:51,00:00:06
stefano.crapanzano@chu.ulg.ac.be,Courrier entrant - erp.sai@chuliege.be - Mozilla Thunderbird,Helpdesk général,2021-09-17,12:03:57,00:00:30
stefano.crapanzano@chu.ulg.ac.be,Courrier entrant - erp.sai@chuliege.be - Mozilla Thunderbird,Helpdesk général,2021-09-17,12:05:03,00:00:03
stefano.crapanzano@chu.ulg.ac.be,Courrier entrant - erp.sai@chuliege.be - Mozilla Thunderbird,IT,2021-09-17,12:05:27,00:00:36
stefano.crapanzano@chu.ulg.ac.be,Courrier entrant - erp.sai@chuliege.be - Mozilla Thunderbird,Helpdesk général,2021-09-17,12:06:51,00:00:11
stefano.crapanzano@chu.ulg.ac.be,Courrier entrant - erp.sai@chuliege.be - Mozilla Thunderbird,Helpdesk général,2021-09-17,12:07:49,00:00:03
stefano.crapanzano@chu.ulg.ac.be,Courrier entrant - erp.sai@chuliege.be - Mozilla Thunderbird,Helpdesk général,2021-09-17,12:07:56,00:00:02
stefano.crapanzano@chu.ulg.ac.be,Courrier entrant - erp.sai@chuliege.be - Mozilla Thunderbird,Helpdesk général,2021-09-17,12:08:17,00:00:03
stefano.crapanzano@chu.ulg.ac.be,Courrier entrant - erp.sai@chuliege.be - Mozilla Thunderbird,Helpdesk général,2021-09-17,12:30:29,00:00:24
stefano.crapanzano@chu.ulg.ac.be,Courrier entrant - erp.sai@chuliege.be - Mozilla Thunderbird,Helpdesk général,2021-09-17,12:30:56,00:00:17
stefano.crapanzano@chu.ulg.ac.be,Courrier entrant - erp.sai@chuliege.be - Mozilla Thunderbird,Helpdesk général,2021-09-17,12:54:40,00:00:17
stefano.crapanzano@chu.ulg.ac.be,Courrier entrant - erp.sai@chuliege.be - Mozilla Thunderbird,Helpdesk général,2021-09-17,12:58:09,00:00:03
stefano.crapanzano@chu.ulg.ac.be,Courrier entrant - erp.sai@chuliege.be - Mozilla Thunderbird,Helpdesk général,2021-09-17,12:58:15,00:00:02
stefano.crapanzano@chu.ulg.ac.be,Navigation système de fichier,IT,2021-09-17,12:04:27,00:00:02
stefano.crapanzano@chu.ulg.ac.be,Navigation système de fichier,IT,2021-09-17,12:10:41,00:00:31
stefano.crapanzano@chu.ulg.ac.be,Navigation système de fichier,IT,2021-09-17,12:48:37,00:00:07
stefano.crapanzano@chu.ulg.ac.be,Navigation système de fichier,IT,2021-09-17,12:50:07,00:00:02
stefano.crapanzano@chu.ulg.ac.be,Navigation système de fichier,IT,2021-09-17,12:54:57,00:00:04
stefano.crapanzano@chu.ulg.ac.be,Navigation système de fichier,IT,2021-09-17,12:55:36,00:00:17
stefano.crapanzano@chu.ulg.ac.be,Navigation système de fichier,IT,2021-09-17,12:56:02,00:01:46
stefano.crapanzano@chu.ulg.ac.be,I:\Informatique\ERP\Securite\security\CHL_ERP_CONNEXION_SAP_X01.info - Notepad++ [Administrator],IT,2021-09-17,12:04:30,00:00:02
stefano.crapanzano@chu.ulg.ac.be,\\filesrv01.st.chulg\oazis_prod\APPL_PROD\SOURCES\BAT\ERP\CHL_ERP_IDOC_MONITORING_X01.bat - Notepad++ [Administrator],IT,2021-09-17,12:04:33,00:00:03
stefano.crapanzano@chu.ulg.ac.be,*new 1 - Notepad++ [Administrator],IT,2021-09-17,12:04:38,00:00:25
stefano.crapanzano@chu.ulg.ac.be,*new 1 - Notepad++ [Administrator],IT,2021-09-17,12:05:07,00:00:19
stefano.crapanzano@chu.ulg.ac.be,*new 1 - Notepad++ [Administrator],IT,2021-09-17,12:48:13,00:00:02
stefano.crapanzano@chu.ulg.ac.be,Accès à LIEGE_CHU pour tous les utilisateurs de JIRA - Xperthis ERP4HC 2.0 Rollout - Service d'assistance - Google Chrome,Tâches diverses,2021-09-17,12:06:05,00:00:45
stefano.crapanzano@chu.ulg.ac.be,Accès à LIEGE_CHU pour tous les utilisateurs de JIRA - Xperthis ERP4HC 2.0 Rollout - Service d'assistance - Google Chrome,Tâches diverses,2021-09-17,12:07:03,00:00:02
stefano.crapanzano@chu.ulg.ac.be,Accès à LIEGE_CHU pour tous les utilisateurs de JIRA - Xperthis ERP4HC 2.0 Rollout - Service d'assistance - Google Chrome,Tâches diverses,2021-09-17,12:07:07,00:00:31
stefano.crapanzano@chu.ulg.ac.be,Accès à LIEGE_CHU pour tous les utilisateurs de JIRA - Xperthis ERP4HC 2.0 Rollout - Service d'assistance - Google Chrome,Tâches diverses,2021-09-17,12:08:43,00:00:31
stefano.crapanzano@chu.ulg.ac.be,Demandes - Service d'assistance - Google Chrome,Tâches diverses,2021-09-17,12:07:39,00:00:10
stefano.crapanzano@chu.ulg.ac.be,Demandes - Service d'assistance - Google Chrome,Tâches diverses,2021-09-17,12:08:38,00:00:05
stefano.crapanzano@chu.ulg.ac.be,Courrier entrant - stefano.crapanzano@chuliege.be - Mozilla Thunderbird,Helpdesk général,2021-09-17,12:07:53,00:00:02
stefano.crapanzano@chu.ulg.ac.be,Courrier entrant - stefano.crapanzano@chuliege.be - Mozilla Thunderbird,Helpdesk général,2021-09-17,12:30:53,00:00:02
stefano.crapanzano@chu.ulg.ac.be,Administrateur : Perl (command line),Helpdesk général,2021-09-17,12:07:58,00:00:02
stefano.crapanzano@chu.ulg.ac.be,Programmation,IT,2021-09-17,12:08:12,00:00:04
stefano.crapanzano@chu.ulg.ac.be,Programmation,IT,2021-09-17,12:09:16,00:01:24
stefano.crapanzano@chu.ulg.ac.be,Programmation,IT,2021-09-17,12:11:12,00:08:58
stefano.crapanzano@chu.ulg.ac.be,Programmation,IT,2021-09-17,12:21:51,00:03:58
stefano.crapanzano@chu.ulg.ac.be,Programmation,IT,2021-09-17,12:26:27,00:00:06
stefano.crapanzano@chu.ulg.ac.be,Programmation,IT,2021-09-17,12:27:09,00:00:26
stefano.crapanzano@chu.ulg.ac.be,Programmation,IT,2021-09-17,12:30:24,00:00:04
stefano.crapanzano@chu.ulg.ac.be,Programmation,IT,2021-09-17,12:42:36,00:00:03
stefano.crapanzano@chu.ulg.ac.be,Programmation,IT,2021-09-17,12:46:17,00:01:56
stefano.crapanzano@chu.ulg.ac.be,Programmation,IT,2021-09-17,12:48:15,00:00:03
stefano.crapanzano@chu.ulg.ac.be,Programmation,IT,2021-09-17,12:48:22,00:00:02
stefano.crapanzano@chu.ulg.ac.be,Programmation,IT,2021-09-17,12:48:44,00:01:22
stefano.crapanzano@chu.ulg.ac.be,Programmation,IT,2021-09-17,12:50:10,00:00:48
stefano.crapanzano@chu.ulg.ac.be,Programmation,IT,2021-09-17,12:53:14,00:01:23
stefano.crapanzano@chu.ulg.ac.be,Programmation,IT,2021-09-17,12:57:49,00:00:04
stefano.crapanzano@chu.ulg.ac.be,Sans titre - Google Chrome,Tâches diverses,2021-09-17,12:08:21,00:00:04
stefano.crapanzano@chu.ulg.ac.be,Demande accès sharepoint X01 - Xperthis ERP4HC 2.0 Rollout - Service d'assistance - Google Chrome,Tâches diverses,2021-09-17,12:08:26,00:00:11
stefano.crapanzano@chu.ulg.ac.be,Nouvel onglet - Google Chrome,Tâches diverses,2021-09-17,12:45:11,00:00:03
stefano.crapanzano@chu.ulg.ac.be,ModuleNotFoundError: No module named 'django_extensions' - Recherche Google - Google Chrome,Tâches diverses,2021-09-17,12:20:15,00:00:02
stefano.crapanzano@chu.ulg.ac.be,ModuleNotFoundError: No module named 'django_extensions' - Recherche Google - Google Chrome,Tâches diverses,2021-09-17,12:20:19,00:00:06
stefano.crapanzano@chu.ulg.ac.be,ModuleNotFoundError: No module named 'django_extensions' · Issue #1618 · django-extensions/django-extensions · GitHub - Google Chrome,Tâches diverses,2021-09-17,12:20:26,00:01:24
stefano.crapanzano@chu.ulg.ac.be,ModuleNotFoundError: No module named 'django_extensions' · Issue #1618 · django-extensions/django-extensions · GitHub - Google Chrome,Tâches diverses,2021-09-17,12:42:52,00:00:08
stefano.crapanzano@chu.ulg.ac.be,Intrastat - Google Chrome,Tâches diverses,2021-09-17,12:25:49,00:00:36
stefano.crapanzano@chu.ulg.ac.be,Intrastat - Google Chrome,Tâches diverses,2021-09-17,12:26:33,00:00:32
stefano.crapanzano@chu.ulg.ac.be,Intrastat - Google Chrome,Tâches diverses,2021-09-17,12:27:35,00:02:48
stefano.crapanzano@chu.ulg.ac.be,Intrastat - Google Chrome,Tâches diverses,2021-09-17,12:42:49,00:00:02
stefano.crapanzano@chu.ulg.ac.be,Stefano CRAPANZANO - erp.sai@chuliege.be - Mozilla Thunderbird,Helpdesk général,2021-09-17,12:31:13,00:01:34
stefano.crapanzano@chu.ulg.ac.be,Stefano CRAPANZANO - erp.sai@chuliege.be - Mozilla Thunderbird,Helpdesk général,2021-09-17,12:32:59,00:00:49
stefano.crapanzano@chu.ulg.ac.be,Stefano CRAPANZANO - erp.sai@chuliege.be - Mozilla Thunderbird,Helpdesk général,2021-09-17,12:33:50,00:08:45
stefano.crapanzano@chu.ulg.ac.be,P203 CHU Articles bloqués - Xperthis ERP4HC 1.0 - Service d'assistance - Google Chrome,Tâches diverses,2021-09-17,12:32:47,00:00:11
stefano.crapanzano@chu.ulg.ac.be,python - win32gui get the current active application name - Stack Overflow - Google Chrome,Tâches diverses,2021-09-17,12:42:45,00:00:02
stefano.crapanzano@chu.ulg.ac.be,Netop Invité,Helpdesk général,2021-09-17,12:43:04,00:00:02
stefano.crapanzano@chu.ulg.ac.be,Connexion à l'aide de l'authentification Windows,Helpdesk général,2021-09-17,12:43:06,00:00:04
stefano.crapanzano@chu.ulg.ac.be,erpftp - Netop Remote Control,Helpdesk général,2021-09-17,12:43:10,00:02:00
stefano.crapanzano@chu.ulg.ac.be,erpftp - Netop Remote Control,Helpdesk général,2021-09-17,12:50:58,00:02:16
stefano.crapanzano@chu.ulg.ac.be,Identification - Google Chrome,Tâches diverses,2021-09-17,12:45:15,00:00:06
stefano.crapanzano@chu.ulg.ac.be,Administration du site | Site d’administration de Django - Google Chrome,Tâches diverses,2021-09-17,12:45:23,00:00:02
stefano.crapanzano@chu.ulg.ac.be,Sélectionnez l’objet task retrieve stock from sap à changer | Site d’administration de Django - Google Chrome,Tâches diverses,2021-09-17,12:45:26,00:00:51
stefano.crapanzano@chu.ulg.ac.be,Sélectionnez l’objet task retrieve stock from sap à changer | Site d’administration de Django - Google Chrome,Tâches diverses,2021-09-17,12:57:55,00:00:07
stefano.crapanzano@chu.ulg.ac.be,Enregistrer sous,IT,2021-09-17,12:48:24,00:00:06
stefano.crapanzano@chu.ulg.ac.be,C:\Users\c158492\Desktop\new.txt - Notepad++ [Administrator],IT,2021-09-17,12:48:35,00:00:02
stefano.crapanzano@chu.ulg.ac.be,Python Releases for Windows | Python.org - Google Chrome,Tâches diverses,2021-09-17,12:55:05,00:00:03
stefano.crapanzano@chu.ulg.ac.be,Release v2.9.378.0 · dnGrep/dnGrep · GitHub - Google Chrome,Tâches diverses,2021-09-17,12:55:10,00:00:02
stefano.crapanzano@chu.ulg.ac.be,Service MT - Google Chrome,Tâches diverses,2021-09-17,12:55:15,00:00:19
stefano.crapanzano@chu.ulg.ac.be,Envoyés - erp.sai@chuliege.be - Mozilla Thunderbird,Helpdesk général,2021-09-17,12:58:13,00:00:02
