Email,Description,Project,Start date,Start time,Duration
stefano.crapanzano@chu.ulg.ac.be,Administrateur : Perl (command line) - python  main.py,IT,2021-09-13,08:28:48,00:00:03
stefano.crapanzano@chu.ulg.ac.be,Administrateur : Perl (command line) - python  main.py,IT,2021-09-13,16:49:06,00:00:02
stefano.crapanzano@chu.ulg.ac.be,Courrier entrant - erp.sai@chuliege.be - Mozilla Thunderbird,Helpdesk général,2021-09-13,08:28:52,00:03:18
stefano.crapanzano@chu.ulg.ac.be,Courrier entrant - erp.sai@chuliege.be - Mozilla Thunderbird,Helpdesk général,2021-09-13,08:38:00,00:01:27
stefano.crapanzano@chu.ulg.ac.be,Courrier entrant - erp.sai@chuliege.be - Mozilla Thunderbird,Helpdesk général,2021-09-13,08:40:29,00:00:31
stefano.crapanzano@chu.ulg.ac.be,Courrier entrant - erp.sai@chuliege.be - Mozilla Thunderbird,Helpdesk général,2021-09-13,08:41:02,00:00:03
stefano.crapanzano@chu.ulg.ac.be,Courrier entrant - erp.sai@chuliege.be - Mozilla Thunderbird,Helpdesk général,2021-09-13,08:41:08,00:17:22
stefano.crapanzano@chu.ulg.ac.be,Courrier entrant - erp.sai@chuliege.be - Mozilla Thunderbird,Helpdesk général,2021-09-13,09:16:16,00:08:27
stefano.crapanzano@chu.ulg.ac.be,Courrier entrant - erp.sai@chuliege.be - Mozilla Thunderbird,Helpdesk général,2021-09-13,09:24:46,00:00:13
stefano.crapanzano@chu.ulg.ac.be,Courrier entrant - erp.sai@chuliege.be - Mozilla Thunderbird,Helpdesk général,2021-09-13,09:25:01,00:01:41
stefano.crapanzano@chu.ulg.ac.be,Courrier entrant - erp.sai@chuliege.be - Mozilla Thunderbird,Helpdesk général,2021-09-13,09:28:37,00:00:30
stefano.crapanzano@chu.ulg.ac.be,Courrier entrant - erp.sai@chuliege.be - Mozilla Thunderbird,Helpdesk général,2021-09-13,09:29:10,00:00:51
stefano.crapanzano@chu.ulg.ac.be,Courrier entrant - erp.sai@chuliege.be - Mozilla Thunderbird,Helpdesk général,2021-09-13,09:30:14,00:05:25
stefano.crapanzano@chu.ulg.ac.be,Courrier entrant - erp.sai@chuliege.be - Mozilla Thunderbird,Helpdesk général,2021-09-13,09:35:40,00:00:15
stefano.crapanzano@chu.ulg.ac.be,Courrier entrant - erp.sai@chuliege.be - Mozilla Thunderbird,Helpdesk général,2021-09-13,09:35:57,00:00:02
stefano.crapanzano@chu.ulg.ac.be,Courrier entrant - erp.sai@chuliege.be - Mozilla Thunderbird,Helpdesk général,2021-09-13,09:36:13,00:00:08
stefano.crapanzano@chu.ulg.ac.be,Courrier entrant - erp.sai@chuliege.be - Mozilla Thunderbird,Helpdesk général,2021-09-13,09:36:22,00:00:19
stefano.crapanzano@chu.ulg.ac.be,Courrier entrant - erp.sai@chuliege.be - Mozilla Thunderbird,Helpdesk général,2021-09-13,09:36:58,00:00:04
stefano.crapanzano@chu.ulg.ac.be,Courrier entrant - erp.sai@chuliege.be - Mozilla Thunderbird,Helpdesk général,2021-09-13,09:38:25,00:00:03
stefano.crapanzano@chu.ulg.ac.be,Courrier entrant - erp.sai@chuliege.be - Mozilla Thunderbird,Helpdesk général,2021-09-13,09:38:31,00:00:05
stefano.crapanzano@chu.ulg.ac.be,Courrier entrant - erp.sai@chuliege.be - Mozilla Thunderbird,Helpdesk général,2021-09-13,09:39:11,00:00:22
stefano.crapanzano@chu.ulg.ac.be,Courrier entrant - erp.sai@chuliege.be - Mozilla Thunderbird,Helpdesk général,2021-09-13,09:40:21,00:00:08
stefano.crapanzano@chu.ulg.ac.be,Courrier entrant - erp.sai@chuliege.be - Mozilla Thunderbird,Helpdesk général,2021-09-13,09:40:31,00:00:06
stefano.crapanzano@chu.ulg.ac.be,Courrier entrant - erp.sai@chuliege.be - Mozilla Thunderbird,Helpdesk général,2021-09-13,09:40:39,00:00:14
stefano.crapanzano@chu.ulg.ac.be,Courrier entrant - erp.sai@chuliege.be - Mozilla Thunderbird,Helpdesk général,2021-09-13,09:40:56,00:00:02
stefano.crapanzano@chu.ulg.ac.be,Courrier entrant - erp.sai@chuliege.be - Mozilla Thunderbird,Helpdesk général,2021-09-13,09:58:22,00:00:06
stefano.crapanzano@chu.ulg.ac.be,Courrier entrant - erp.sai@chuliege.be - Mozilla Thunderbird,Helpdesk général,2021-09-13,09:58:38,00:00:02
stefano.crapanzano@chu.ulg.ac.be,Courrier entrant - erp.sai@chuliege.be - Mozilla Thunderbird,Helpdesk général,2021-09-13,10:02:22,00:01:03
stefano.crapanzano@chu.ulg.ac.be,Courrier entrant - erp.sai@chuliege.be - Mozilla Thunderbird,Helpdesk général,2021-09-13,10:03:49,00:00:04
stefano.crapanzano@chu.ulg.ac.be,Courrier entrant - erp.sai@chuliege.be - Mozilla Thunderbird,Helpdesk général,2021-09-13,10:03:57,00:01:46
stefano.crapanzano@chu.ulg.ac.be,Courrier entrant - erp.sai@chuliege.be - Mozilla Thunderbird,Helpdesk général,2021-09-13,10:05:55,00:00:04
stefano.crapanzano@chu.ulg.ac.be,Courrier entrant - erp.sai@chuliege.be - Mozilla Thunderbird,Helpdesk général,2021-09-13,10:06:12,00:12:09
stefano.crapanzano@chu.ulg.ac.be,Courrier entrant - erp.sai@chuliege.be - Mozilla Thunderbird,Helpdesk général,2021-09-13,10:18:59,00:00:02
stefano.crapanzano@chu.ulg.ac.be,Courrier entrant - erp.sai@chuliege.be - Mozilla Thunderbird,Helpdesk général,2021-09-13,10:20:24,00:00:21
stefano.crapanzano@chu.ulg.ac.be,Courrier entrant - erp.sai@chuliege.be - Mozilla Thunderbird,Helpdesk général,2021-09-13,10:21:02,00:00:15
stefano.crapanzano@chu.ulg.ac.be,Courrier entrant - erp.sai@chuliege.be - Mozilla Thunderbird,Helpdesk général,2021-09-13,10:21:35,00:00:07
stefano.crapanzano@chu.ulg.ac.be,Courrier entrant - erp.sai@chuliege.be - Mozilla Thunderbird,Helpdesk général,2021-09-13,10:23:20,00:00:02
stefano.crapanzano@chu.ulg.ac.be,Courrier entrant - erp.sai@chuliege.be - Mozilla Thunderbird,Helpdesk général,2021-09-13,10:23:24,00:00:13
stefano.crapanzano@chu.ulg.ac.be,Courrier entrant - erp.sai@chuliege.be - Mozilla Thunderbird,Helpdesk général,2021-09-13,10:27:06,00:00:06
stefano.crapanzano@chu.ulg.ac.be,Courrier entrant - erp.sai@chuliege.be - Mozilla Thunderbird,Helpdesk général,2021-09-13,10:31:26,00:00:07
stefano.crapanzano@chu.ulg.ac.be,Courrier entrant - erp.sai@chuliege.be - Mozilla Thunderbird,Helpdesk général,2021-09-13,10:43:24,00:00:21
stefano.crapanzano@chu.ulg.ac.be,Courrier entrant - erp.sai@chuliege.be - Mozilla Thunderbird,Helpdesk général,2021-09-13,10:47:03,00:00:02
stefano.crapanzano@chu.ulg.ac.be,Courrier entrant - erp.sai@chuliege.be - Mozilla Thunderbird,Helpdesk général,2021-09-13,10:49:44,00:00:07
stefano.crapanzano@chu.ulg.ac.be,Courrier entrant - erp.sai@chuliege.be - Mozilla Thunderbird,Helpdesk général,2021-09-13,10:50:43,00:00:02
stefano.crapanzano@chu.ulg.ac.be,Courrier entrant - erp.sai@chuliege.be - Mozilla Thunderbird,Helpdesk général,2021-09-13,12:52:49,00:00:18
stefano.crapanzano@chu.ulg.ac.be,Courrier entrant - erp.sai@chuliege.be - Mozilla Thunderbird,Helpdesk général,2021-09-13,12:54:44,00:00:02
stefano.crapanzano@chu.ulg.ac.be,Courrier entrant - erp.sai@chuliege.be - Mozilla Thunderbird,Helpdesk général,2021-09-13,12:54:49,00:00:03
stefano.crapanzano@chu.ulg.ac.be,Courrier entrant - erp.sai@chuliege.be - Mozilla Thunderbird,Helpdesk général,2021-09-13,12:57:22,00:00:45
stefano.crapanzano@chu.ulg.ac.be,Courrier entrant - erp.sai@chuliege.be - Mozilla Thunderbird,Helpdesk général,2021-09-13,12:58:23,00:00:15
stefano.crapanzano@chu.ulg.ac.be,Courrier entrant - erp.sai@chuliege.be - Mozilla Thunderbird,Helpdesk général,2021-09-13,12:58:41,00:20:54
stefano.crapanzano@chu.ulg.ac.be,Courrier entrant - erp.sai@chuliege.be - Mozilla Thunderbird,Helpdesk général,2021-09-13,13:34:47,00:00:15
stefano.crapanzano@chu.ulg.ac.be,Courrier entrant - erp.sai@chuliege.be - Mozilla Thunderbird,Helpdesk général,2021-09-13,13:36:26,00:00:04
stefano.crapanzano@chu.ulg.ac.be,Courrier entrant - erp.sai@chuliege.be - Mozilla Thunderbird,Helpdesk général,2021-09-13,13:52:39,00:00:02
stefano.crapanzano@chu.ulg.ac.be,Courrier entrant - erp.sai@chuliege.be - Mozilla Thunderbird,Helpdesk général,2021-09-13,13:52:43,00:17:20
stefano.crapanzano@chu.ulg.ac.be,Courrier entrant - erp.sai@chuliege.be - Mozilla Thunderbird,Helpdesk général,2021-09-13,14:11:07,00:00:06
stefano.crapanzano@chu.ulg.ac.be,Courrier entrant - erp.sai@chuliege.be - Mozilla Thunderbird,Helpdesk général,2021-09-13,14:24:53,00:00:44
stefano.crapanzano@chu.ulg.ac.be,Courrier entrant - erp.sai@chuliege.be - Mozilla Thunderbird,Helpdesk général,2021-09-13,14:27:19,00:00:09
stefano.crapanzano@chu.ulg.ac.be,Courrier entrant - erp.sai@chuliege.be - Mozilla Thunderbird,Helpdesk général,2021-09-13,14:30:39,00:01:11
stefano.crapanzano@chu.ulg.ac.be,Courrier entrant - erp.sai@chuliege.be - Mozilla Thunderbird,Helpdesk général,2021-09-13,14:32:32,00:00:08
stefano.crapanzano@chu.ulg.ac.be,Courrier entrant - erp.sai@chuliege.be - Mozilla Thunderbird,Helpdesk général,2021-09-13,14:32:44,00:00:06
stefano.crapanzano@chu.ulg.ac.be,Courrier entrant - erp.sai@chuliege.be - Mozilla Thunderbird,Helpdesk général,2021-09-13,14:33:08,00:00:09
stefano.crapanzano@chu.ulg.ac.be,Courrier entrant - erp.sai@chuliege.be - Mozilla Thunderbird,Helpdesk général,2021-09-13,14:34:27,00:00:17
stefano.crapanzano@chu.ulg.ac.be,Courrier entrant - erp.sai@chuliege.be - Mozilla Thunderbird,Helpdesk général,2021-09-13,14:34:52,00:04:11
stefano.crapanzano@chu.ulg.ac.be,Courrier entrant - erp.sai@chuliege.be - Mozilla Thunderbird,Helpdesk général,2021-09-13,14:39:45,00:00:03
stefano.crapanzano@chu.ulg.ac.be,Courrier entrant - erp.sai@chuliege.be - Mozilla Thunderbird,Helpdesk général,2021-09-13,14:41:18,00:00:02
stefano.crapanzano@chu.ulg.ac.be,Courrier entrant - erp.sai@chuliege.be - Mozilla Thunderbird,Helpdesk général,2021-09-13,15:13:58,00:01:02
stefano.crapanzano@chu.ulg.ac.be,Courrier entrant - erp.sai@chuliege.be - Mozilla Thunderbird,Helpdesk général,2021-09-13,15:15:02,00:08:20
stefano.crapanzano@chu.ulg.ac.be,Courrier entrant - erp.sai@chuliege.be - Mozilla Thunderbird,Helpdesk général,2021-09-13,16:16:12,00:00:02
stefano.crapanzano@chu.ulg.ac.be,Courrier entrant - erp.sai@chuliege.be - Mozilla Thunderbird,Helpdesk général,2021-09-13,16:21:51,00:02:06
stefano.crapanzano@chu.ulg.ac.be,Courrier entrant - erp.sai@chuliege.be - Mozilla Thunderbird,Helpdesk général,2021-09-13,16:24:17,00:00:05
stefano.crapanzano@chu.ulg.ac.be,Courrier entrant - erp.sai@chuliege.be - Mozilla Thunderbird,Helpdesk général,2021-09-13,16:25:21,00:00:02
stefano.crapanzano@chu.ulg.ac.be,Courrier entrant - erp.sai@chuliege.be - Mozilla Thunderbird,Helpdesk général,2021-09-13,16:26:05,00:00:06
stefano.crapanzano@chu.ulg.ac.be,Courrier entrant - erp.sai@chuliege.be - Mozilla Thunderbird,Helpdesk général,2021-09-13,16:26:16,00:22:48
stefano.crapanzano@chu.ulg.ac.be,Courrier entrant - erp.sai@chuliege.be - Mozilla Thunderbird,Helpdesk général,2021-09-13,16:49:09,00:10:16
stefano.crapanzano@chu.ulg.ac.be,Courrier entrant - stefano.crapanzano@chuliege.be - Mozilla Thunderbird,Helpdesk général,2021-09-13,08:32:10,00:00:32
stefano.crapanzano@chu.ulg.ac.be,Courrier entrant - stefano.crapanzano@chuliege.be - Mozilla Thunderbird,Helpdesk général,2021-09-13,08:37:56,00:00:04
stefano.crapanzano@chu.ulg.ac.be,Courrier entrant - stefano.crapanzano@chuliege.be - Mozilla Thunderbird,Helpdesk général,2021-09-13,08:41:00,00:00:02
stefano.crapanzano@chu.ulg.ac.be,Courrier entrant - stefano.crapanzano@chuliege.be - Mozilla Thunderbird,Helpdesk général,2021-09-13,09:40:37,00:00:02
stefano.crapanzano@chu.ulg.ac.be,Courrier entrant - stefano.crapanzano@chuliege.be - Mozilla Thunderbird,Helpdesk général,2021-09-13,10:01:13,00:01:01
stefano.crapanzano@chu.ulg.ac.be,Courrier entrant - stefano.crapanzano@chuliege.be - Mozilla Thunderbird,Helpdesk général,2021-09-13,10:02:16,00:00:06
stefano.crapanzano@chu.ulg.ac.be,Courrier entrant - stefano.crapanzano@chuliege.be - Mozilla Thunderbird,Helpdesk général,2021-09-13,10:03:54,00:00:03
stefano.crapanzano@chu.ulg.ac.be,Courrier entrant - stefano.crapanzano@chuliege.be - Mozilla Thunderbird,Helpdesk général,2021-09-13,10:06:00,00:00:02
stefano.crapanzano@chu.ulg.ac.be,Courrier entrant - stefano.crapanzano@chuliege.be - Mozilla Thunderbird,Helpdesk général,2021-09-13,10:21:42,00:00:03
stefano.crapanzano@chu.ulg.ac.be,Courrier entrant - stefano.crapanzano@chuliege.be - Mozilla Thunderbird,Helpdesk général,2021-09-13,10:22:18,00:00:03
stefano.crapanzano@chu.ulg.ac.be,Courrier entrant - stefano.crapanzano@chuliege.be - Mozilla Thunderbird,Helpdesk général,2021-09-13,10:22:23,00:00:56
stefano.crapanzano@chu.ulg.ac.be,Courrier entrant - stefano.crapanzano@chuliege.be - Mozilla Thunderbird,Helpdesk général,2021-09-13,10:37:48,00:04:27
stefano.crapanzano@chu.ulg.ac.be,Courrier entrant - stefano.crapanzano@chuliege.be - Mozilla Thunderbird,Helpdesk général,2021-09-13,10:42:44,00:00:08
stefano.crapanzano@chu.ulg.ac.be,Courrier entrant - stefano.crapanzano@chuliege.be - Mozilla Thunderbird,Helpdesk général,2021-09-13,10:43:46,00:00:15
stefano.crapanzano@chu.ulg.ac.be,Courrier entrant - stefano.crapanzano@chuliege.be - Mozilla Thunderbird,Helpdesk général,2021-09-13,10:44:04,00:00:13
stefano.crapanzano@chu.ulg.ac.be,Courrier entrant - stefano.crapanzano@chuliege.be - Mozilla Thunderbird,Helpdesk général,2021-09-13,10:45:47,00:01:12
stefano.crapanzano@chu.ulg.ac.be,Courrier entrant - stefano.crapanzano@chuliege.be - Mozilla Thunderbird,Helpdesk général,2021-09-13,10:47:05,00:00:03
stefano.crapanzano@chu.ulg.ac.be,Courrier entrant - stefano.crapanzano@chuliege.be - Mozilla Thunderbird,Helpdesk général,2021-09-13,10:49:13,00:00:31
stefano.crapanzano@chu.ulg.ac.be,Courrier entrant - stefano.crapanzano@chuliege.be - Mozilla Thunderbird,Helpdesk général,2021-09-13,12:53:08,00:00:54
stefano.crapanzano@chu.ulg.ac.be,Courrier entrant - stefano.crapanzano@chuliege.be - Mozilla Thunderbird,Helpdesk général,2021-09-13,12:54:38,00:00:02
stefano.crapanzano@chu.ulg.ac.be,Courrier entrant - stefano.crapanzano@chuliege.be - Mozilla Thunderbird,Helpdesk général,2021-09-13,12:54:41,00:00:02
stefano.crapanzano@chu.ulg.ac.be,Courrier entrant - stefano.crapanzano@chuliege.be - Mozilla Thunderbird,Helpdesk général,2021-09-13,12:58:39,00:00:02
stefano.crapanzano@chu.ulg.ac.be,Courrier entrant - stefano.crapanzano@chuliege.be - Mozilla Thunderbird,Helpdesk général,2021-09-13,13:19:36,00:15:11
stefano.crapanzano@chu.ulg.ac.be,Courrier entrant - stefano.crapanzano@chuliege.be - Mozilla Thunderbird,Helpdesk général,2021-09-13,14:47:42,00:00:08
stefano.crapanzano@chu.ulg.ac.be,Courrier entrant - stefano.crapanzano@chuliege.be - Mozilla Thunderbird,Helpdesk général,2021-09-13,14:50:25,00:00:02
stefano.crapanzano@chu.ulg.ac.be,Courrier entrant - stefano.crapanzano@chuliege.be - Mozilla Thunderbird,Helpdesk général,2021-09-13,15:13:54,00:00:03
stefano.crapanzano@chu.ulg.ac.be,Courrier entrant - stefano.crapanzano@chuliege.be - Mozilla Thunderbird,Helpdesk général,2021-09-13,15:15:00,00:00:02
stefano.crapanzano@chu.ulg.ac.be,Courrier entrant - stefano.crapanzano@chuliege.be - Mozilla Thunderbird,Helpdesk général,2021-09-13,16:16:15,00:00:04
stefano.crapanzano@chu.ulg.ac.be,Courrier entrant - stefano.crapanzano@chuliege.be - Mozilla Thunderbird,Helpdesk général,2021-09-13,16:16:35,00:05:15
stefano.crapanzano@chu.ulg.ac.be,Courrier entrant - stefano.crapanzano@chuliege.be - Mozilla Thunderbird,Helpdesk général,2021-09-13,16:23:57,00:00:13
stefano.crapanzano@chu.ulg.ac.be,Navigation système de fichier,IT,2021-09-13,08:32:42,00:03:31
stefano.crapanzano@chu.ulg.ac.be,Navigation système de fichier,IT,2021-09-13,09:04:29,00:00:05
stefano.crapanzano@chu.ulg.ac.be,Navigation système de fichier,IT,2021-09-13,09:16:06,00:00:05
stefano.crapanzano@chu.ulg.ac.be,Navigation système de fichier,IT,2021-09-13,09:40:58,00:15:25
stefano.crapanzano@chu.ulg.ac.be,Navigation système de fichier,IT,2021-09-13,10:05:44,00:00:04
stefano.crapanzano@chu.ulg.ac.be,Navigation système de fichier,IT,2021-09-13,10:05:51,00:00:04
stefano.crapanzano@chu.ulg.ac.be,Navigation système de fichier,IT,2021-09-13,10:50:46,01:57:00
stefano.crapanzano@chu.ulg.ac.be,Navigation système de fichier,IT,2021-09-13,13:36:34,00:16:01
stefano.crapanzano@chu.ulg.ac.be,Navigation système de fichier,IT,2021-09-13,14:10:08,00:00:02
stefano.crapanzano@chu.ulg.ac.be,Navigation système de fichier,IT,2021-09-13,14:10:38,00:00:02
stefano.crapanzano@chu.ulg.ac.be,Navigation système de fichier,IT,2021-09-13,14:24:49,00:00:02
stefano.crapanzano@chu.ulg.ac.be,Navigation système de fichier,IT,2021-09-13,14:50:27,00:00:03
stefano.crapanzano@chu.ulg.ac.be,Navigation système de fichier,IT,2021-09-13,15:23:23,00:25:55
stefano.crapanzano@chu.ulg.ac.be,Navigation système de fichier,IT,2021-09-13,16:06:09,00:00:02
stefano.crapanzano@chu.ulg.ac.be,Navigation système de fichier,IT,2021-09-13,16:24:27,00:00:14
stefano.crapanzano@chu.ulg.ac.be,Navigation système de fichier,IT,2021-09-13,16:49:04,00:00:02
stefano.crapanzano@chu.ulg.ac.be,Accueil - Mozilla Thunderbird,Helpdesk général,2021-09-13,14:41:32,00:00:02
stefano.crapanzano@chu.ulg.ac.be,rapports d'activité - Mozilla Thunderbird,Helpdesk général,2021-09-13,08:36:15,00:00:03
stefano.crapanzano@chu.ulg.ac.be,rapports d'activité - Mozilla Thunderbird,Helpdesk général,2021-09-13,08:37:02,00:00:54
stefano.crapanzano@chu.ulg.ac.be,Rédaction : Re: rapports d'activité - Thunderbird,Helpdesk général,2021-09-13,08:36:18,00:00:04
stefano.crapanzano@chu.ulg.ac.be,Rédaction : Re: rapports d'activité - Thunderbird,Helpdesk général,2021-09-13,08:36:35,00:00:22
stefano.crapanzano@chu.ulg.ac.be,Joindre les fichiers,Helpdesk général,2021-09-13,08:36:23,00:00:12
stefano.crapanzano@chu.ulg.ac.be,Vérification de l’orthographe,Helpdesk général,2021-09-13,10:19:59,00:00:02
stefano.crapanzano@chu.ulg.ac.be,Vérification de l’orthographe,Helpdesk général,2021-09-13,10:20:18,00:00:02
stefano.crapanzano@chu.ulg.ac.be,Vérification de l’orthographe,Helpdesk général,2021-09-13,10:45:44,00:00:02
stefano.crapanzano@chu.ulg.ac.be,Envoi du message - Re: rapports d'activité,Helpdesk général,2021-09-13,08:36:59,00:00:02
stefano.crapanzano@chu.ulg.ac.be,myCHU - Google Chrome,Tâches diverses,2021-09-13,08:39:28,00:00:02
stefano.crapanzano@chu.ulg.ac.be,myCHU - Google Chrome,Tâches diverses,2021-09-13,08:39:40,00:00:49
stefano.crapanzano@chu.ulg.ac.be,myCHU - Google Chrome,Tâches diverses,2021-09-13,09:08:00,00:00:02
stefano.crapanzano@chu.ulg.ac.be,myCHU - Google Chrome,Tâches diverses,2021-09-13,09:36:41,00:00:02
stefano.crapanzano@chu.ulg.ac.be,myCHU - Google Chrome,Tâches diverses,2021-09-13,12:58:11,00:00:02
stefano.crapanzano@chu.ulg.ac.be,myCHU - Google Chrome,Tâches diverses,2021-09-13,13:35:20,00:00:02
stefano.crapanzano@chu.ulg.ac.be,Identification - Google Chrome,Tâches diverses,2021-09-13,08:39:30,00:00:07
stefano.crapanzano@chu.ulg.ac.be,Netop Invité,Helpdesk général,2021-09-13,08:58:31,00:00:15
stefano.crapanzano@chu.ulg.ac.be,Netop Invité,Helpdesk général,2021-09-13,08:58:50,00:00:08
stefano.crapanzano@chu.ulg.ac.be,Netop Invité,Helpdesk général,2021-09-13,09:07:56,00:00:03
stefano.crapanzano@chu.ulg.ac.be,Netop Invité,Helpdesk général,2021-09-13,09:13:27,00:00:06
stefano.crapanzano@chu.ulg.ac.be,Netop Invité,Helpdesk général,2021-09-13,09:16:12,00:00:02
stefano.crapanzano@chu.ulg.ac.be,Lecture documentation,Tâches diverses,2021-09-13,08:58:47,00:00:03
stefano.crapanzano@chu.ulg.ac.be,Lecture documentation,Tâches diverses,2021-09-13,16:16:19,00:00:11
stefano.crapanzano@chu.ulg.ac.be,Lecture documentation,Tâches diverses,2021-09-13,16:16:32,00:00:03
stefano.crapanzano@chu.ulg.ac.be,Netop,Helpdesk général,2021-09-13,08:59:02,00:00:38
stefano.crapanzano@chu.ulg.ac.be,Netop,Helpdesk général,2021-09-13,08:59:47,00:00:19
stefano.crapanzano@chu.ulg.ac.be,Connexion à l'aide de l'authentification Windows,Helpdesk général,2021-09-13,08:59:00,00:00:02
stefano.crapanzano@chu.ulg.ac.be,Connexion à l'aide de l'authentification Windows,Helpdesk général,2021-09-13,08:59:43,00:00:03
stefano.crapanzano@chu.ulg.ac.be,Mot de passe,Helpdesk général,2021-09-13,08:59:41,00:00:02
stefano.crapanzano@chu.ulg.ac.be,192.168.78.211 - Netop Remote Control,Helpdesk général,2021-09-13,09:00:06,00:01:00
stefano.crapanzano@chu.ulg.ac.be,192.168.78.211 - Netop Remote Control,Helpdesk général,2021-09-13,09:01:16,00:00:19
stefano.crapanzano@chu.ulg.ac.be,192.168.78.211 - Netop Remote Control,Helpdesk général,2021-09-13,09:01:40,00:00:38
stefano.crapanzano@chu.ulg.ac.be,192.168.78.211 - Netop Remote Control,Helpdesk général,2021-09-13,09:02:26,00:01:40
stefano.crapanzano@chu.ulg.ac.be,192.168.78.211 - Netop Remote Control,Helpdesk général,2021-09-13,09:04:17,00:00:11
stefano.crapanzano@chu.ulg.ac.be,192.168.78.211 - Netop Remote Control,Helpdesk général,2021-09-13,09:04:34,00:00:27
stefano.crapanzano@chu.ulg.ac.be,192.168.78.211 - Netop Remote Control,Helpdesk général,2021-09-13,09:05:05,00:00:03
stefano.crapanzano@chu.ulg.ac.be,192.168.78.211 - Netop Remote Control,Helpdesk général,2021-09-13,09:05:11,00:02:21
stefano.crapanzano@chu.ulg.ac.be,192.168.78.211 - Netop Remote Control,Helpdesk général,2021-09-13,09:07:47,00:00:08
stefano.crapanzano@chu.ulg.ac.be,\\appsaiadm.st.chulg\ERP\Config\sapgui_launcher.bat - Notepad++ [Administrator],IT,2021-09-13,09:01:06,00:00:06
stefano.crapanzano@chu.ulg.ac.be,\\appsaiadm.st.chulg\ERP\Config\sapgui_launcher.bat - Notepad++ [Administrator],IT,2021-09-13,09:01:35,00:00:02
stefano.crapanzano@chu.ulg.ac.be,\\appsaiadm.st.chulg\ERP\Config\sapgui_launcher.bat - Notepad++ [Administrator],IT,2021-09-13,09:02:18,00:00:07
stefano.crapanzano@chu.ulg.ac.be,\\appsaiadm.st.chulg\ERP\Config\sapgui_launcher.bat - Notepad++ [Administrator],IT,2021-09-13,09:04:07,00:00:09
stefano.crapanzano@chu.ulg.ac.be,\\appsaiadm.st.chulg\ERP\Config\sapgui_launcher.bat - Notepad++ [Administrator],IT,2021-09-13,09:05:02,00:00:02
stefano.crapanzano@chu.ulg.ac.be,\\appsaiadm.st.chulg\ERP\Config\sapgui_launcher.bat - Notepad++ [Administrator],IT,2021-09-13,09:05:08,00:00:02
stefano.crapanzano@chu.ulg.ac.be,\\appsaiadm.st.chulg\ERP\Config\sapgui_launcher.bat - Notepad++ [Administrator],IT,2021-09-13,09:10:44,00:00:03
stefano.crapanzano@chu.ulg.ac.be,\\appsaiadm.st.chulg\ERP\Config\sapgui_launcher.bat - Notepad++ [Administrator],IT,2021-09-13,09:10:56,00:00:04
stefano.crapanzano@chu.ulg.ac.be,\\appsaiadm.st.chulg\ERP\Config\sapgui_launcher.bat - Notepad++ [Administrator],IT,2021-09-13,09:11:33,00:00:05
stefano.crapanzano@chu.ulg.ac.be,\\appsaiadm.st.chulg\ERP\Config\sapgui_launcher.bat - Notepad++ [Administrator],IT,2021-09-13,10:06:07,00:00:02
stefano.crapanzano@chu.ulg.ac.be,\\appsaiadm.st.chulg\ERP\Config\sapgui_launcher.bat - Notepad++ [Administrator],IT,2021-09-13,14:10:46,00:00:04
stefano.crapanzano@chu.ulg.ac.be,*\\appsaiadm.st.chulg\ERP\Config\sapgui_launcher.bat - Notepad++ [Administrator],IT,2021-09-13,09:01:12,00:00:02
stefano.crapanzano@chu.ulg.ac.be,new 2 - Notepad++ [Administrator],IT,2021-09-13,09:07:34,00:00:10
stefano.crapanzano@chu.ulg.ac.be,*new 2 - Notepad++ [Administrator],IT,2021-09-13,09:10:41,00:00:02
stefano.crapanzano@chu.ulg.ac.be,SAM-DB - Google Chrome,Tâches diverses,2021-09-13,09:08:03,00:02:37
stefano.crapanzano@chu.ulg.ac.be,SAM-DB - Google Chrome,Tâches diverses,2021-09-13,09:10:47,00:00:08
stefano.crapanzano@chu.ulg.ac.be,SAM-DB - Google Chrome,Tâches diverses,2021-09-13,09:11:00,00:00:31
stefano.crapanzano@chu.ulg.ac.be,SAM-DB - Google Chrome,Tâches diverses,2021-09-13,09:11:40,00:01:08
stefano.crapanzano@chu.ulg.ac.be,SAM-DB - Google Chrome,Tâches diverses,2021-09-13,09:12:52,00:00:33
stefano.crapanzano@chu.ulg.ac.be,SAM-DB - Google Chrome,Tâches diverses,2021-09-13,09:15:02,00:00:12
stefano.crapanzano@chu.ulg.ac.be,SAM-DB - Google Chrome,Tâches diverses,2021-09-13,09:15:20,00:00:39
stefano.crapanzano@chu.ulg.ac.be,SAM-DB - Google Chrome,Tâches diverses,2021-09-13,09:16:04,00:00:02
stefano.crapanzano@chu.ulg.ac.be,SAM-DB - Google Chrome,Tâches diverses,2021-09-13,09:16:14,00:00:02
stefano.crapanzano@chu.ulg.ac.be,SAM-DB - Google Chrome,Tâches diverses,2021-09-13,09:26:44,00:00:02
stefano.crapanzano@chu.ulg.ac.be,SAM-DB - Google Chrome,Tâches diverses,2021-09-13,09:28:05,00:00:06
stefano.crapanzano@chu.ulg.ac.be,SAM-DB - Google Chrome,Tâches diverses,2021-09-13,09:28:28,00:00:09
stefano.crapanzano@chu.ulg.ac.be,SAM-DB - Google Chrome,Tâches diverses,2021-09-13,09:30:01,00:00:10
stefano.crapanzano@chu.ulg.ac.be,SAM-DB - Google Chrome,Tâches diverses,2021-09-13,09:56:26,00:00:29
stefano.crapanzano@chu.ulg.ac.be,SAM-DB - Google Chrome,Tâches diverses,2021-09-13,09:57:39,00:00:14
stefano.crapanzano@chu.ulg.ac.be,SAM-DB - Google Chrome,Tâches diverses,2021-09-13,10:23:41,00:03:18
stefano.crapanzano@chu.ulg.ac.be,SAM-DB - Google Chrome,Tâches diverses,2021-09-13,10:31:35,00:06:13
stefano.crapanzano@chu.ulg.ac.be,SAM-DB - Google Chrome,Tâches diverses,2021-09-13,14:39:07,00:00:12
stefano.crapanzano@chu.ulg.ac.be,SAM-DB - Google Chrome,Tâches diverses,2021-09-13,14:41:06,00:00:05
stefano.crapanzano@chu.ulg.ac.be,SAM-DB - Google Chrome,Tâches diverses,2021-09-13,14:42:09,00:00:31
stefano.crapanzano@chu.ulg.ac.be,SAM-DB - Google Chrome,Tâches diverses,2021-09-13,14:42:44,00:00:26
stefano.crapanzano@chu.ulg.ac.be,SAM-DB - Google Chrome,Tâches diverses,2021-09-13,14:44:44,00:01:13
stefano.crapanzano@chu.ulg.ac.be,SAM-DB - Google Chrome,Tâches diverses,2021-09-13,14:46:42,00:00:31
stefano.crapanzano@chu.ulg.ac.be,SAM-DB - Google Chrome,Tâches diverses,2021-09-13,14:47:36,00:00:02
stefano.crapanzano@chu.ulg.ac.be,SAM-DB - Google Chrome,Tâches diverses,2021-09-13,14:47:50,00:00:14
stefano.crapanzano@chu.ulg.ac.be,SAM-DB - Google Chrome,Tâches diverses,2021-09-13,14:48:21,00:00:09
stefano.crapanzano@chu.ulg.ac.be,SAM-DB - Google Chrome,Tâches diverses,2021-09-13,14:49:09,00:00:10
stefano.crapanzano@chu.ulg.ac.be,SAM-DB - Google Chrome,Tâches diverses,2021-09-13,14:50:45,00:00:21
stefano.crapanzano@chu.ulg.ac.be,SAM-DB - Google Chrome,Tâches diverses,2021-09-13,14:52:14,00:21:40
stefano.crapanzano@chu.ulg.ac.be,192.168.78.211 - Lecture des enregistrements,Helpdesk général,2021-09-13,09:13:33,00:01:16
stefano.crapanzano@chu.ulg.ac.be,192.168.78.211 - Lecture des enregistrements,Helpdesk général,2021-09-13,09:14:58,00:00:04
stefano.crapanzano@chu.ulg.ac.be,192.168.78.211 - Lecture des enregistrements,Helpdesk général,2021-09-13,09:16:01,00:00:02
stefano.crapanzano@chu.ulg.ac.be,Greenshot capture form,Helpdesk général,2021-09-13,09:14:49,00:00:08
stefano.crapanzano@chu.ulg.ac.be,Greenshot capture form,Helpdesk général,2021-09-13,09:39:42,00:00:13
stefano.crapanzano@chu.ulg.ac.be,Greenshot capture form,Helpdesk général,2021-09-13,12:55:34,00:00:06
stefano.crapanzano@chu.ulg.ac.be,Greenshot capture form,Helpdesk général,2021-09-13,14:32:51,00:00:07
stefano.crapanzano@chu.ulg.ac.be,Greenshot capture form,Helpdesk général,2021-09-13,14:33:38,00:00:09
stefano.crapanzano@chu.ulg.ac.be,Ouvrir,Tâches diverses,2021-09-13,09:15:14,00:00:06
stefano.crapanzano@chu.ulg.ac.be,Ouvrir,Tâches diverses,2021-09-13,09:40:08,00:00:02
stefano.crapanzano@chu.ulg.ac.be,Ouvrir,Tâches diverses,2021-09-13,14:33:03,00:00:03
stefano.crapanzano@chu.ulg.ac.be,Ouvrir,Tâches diverses,2021-09-13,14:33:51,00:00:02
stefano.crapanzano@chu.ulg.ac.be,Authentification requise - Mozilla Thunderbird,Helpdesk général,2021-09-13,09:24:44,00:00:02
stefano.crapanzano@chu.ulg.ac.be,Authentification requise - Mozilla Thunderbird,Helpdesk général,2021-09-13,09:29:07,00:00:02
stefano.crapanzano@chu.ulg.ac.be,SAM-DB : Profil utilisateur dans un dossier C104444.CHULG au lieu de C014444 - Google Chrome,Tâches diverses,2021-09-13,09:26:46,00:01:19
stefano.crapanzano@chu.ulg.ac.be,SAM-DB : Profil utilisateur dans un dossier C104444.CHULG au lieu de C014444 - Google Chrome,Tâches diverses,2021-09-13,09:28:13,00:00:14
stefano.crapanzano@chu.ulg.ac.be,Sans titre - Google Chrome,Tâches diverses,2021-09-13,10:20:46,00:00:02
stefano.crapanzano@chu.ulg.ac.be,Sans titre - Google Chrome,Tâches diverses,2021-09-13,14:49:23,00:00:06
stefano.crapanzano@chu.ulg.ac.be,2 Traité - erp.sai@chuliege.be - Mozilla Thunderbird,Helpdesk général,2021-09-13,09:35:59,00:00:03
stefano.crapanzano@chu.ulg.ac.be,2 Traité - erp.sai@chuliege.be - Mozilla Thunderbird,Helpdesk général,2021-09-13,09:36:09,00:00:03
stefano.crapanzano@chu.ulg.ac.be,2 Traité - erp.sai@chuliege.be - Mozilla Thunderbird,Helpdesk général,2021-09-13,09:58:41,00:00:20
stefano.crapanzano@chu.ulg.ac.be,2 Traité - erp.sai@chuliege.be - Mozilla Thunderbird,Helpdesk général,2021-09-13,09:59:33,00:00:07
stefano.crapanzano@chu.ulg.ac.be,2 Traité - erp.sai@chuliege.be - Mozilla Thunderbird,Helpdesk général,2021-09-13,10:01:10,00:00:02
stefano.crapanzano@chu.ulg.ac.be,P203 CHU IDoc 332504 en statut 51 pour article 601839 - Xperthis ERP4HC 1.0 - Service d'assistance - Google Chrome,Tâches diverses,2021-09-13,09:36:04,00:00:03
stefano.crapanzano@chu.ulg.ac.be,Demandes - Service d'assistance - Google Chrome,Tâches diverses,2021-09-13,09:36:44,00:00:14
stefano.crapanzano@chu.ulg.ac.be,Demandes - Service d'assistance - Google Chrome,Tâches diverses,2021-09-13,09:37:04,00:00:21
stefano.crapanzano@chu.ulg.ac.be,Demandes - Service d'assistance - Google Chrome,Tâches diverses,2021-09-13,09:37:40,00:00:11
stefano.crapanzano@chu.ulg.ac.be,Demandes - Service d'assistance - Google Chrome,Tâches diverses,2021-09-13,09:38:43,00:00:08
stefano.crapanzano@chu.ulg.ac.be,Demandes - Service d'assistance - Google Chrome,Tâches diverses,2021-09-13,10:03:34,00:00:03
stefano.crapanzano@chu.ulg.ac.be,Demandes - Service d'assistance - Google Chrome,Tâches diverses,2021-09-13,12:47:56,00:00:09
stefano.crapanzano@chu.ulg.ac.be,Demandes - Service d'assistance - Google Chrome,Tâches diverses,2021-09-13,12:48:25,00:00:06
stefano.crapanzano@chu.ulg.ac.be,Demandes - Service d'assistance - Google Chrome,Tâches diverses,2021-09-13,12:49:12,00:00:05
stefano.crapanzano@chu.ulg.ac.be,Demandes - Service d'assistance - Google Chrome,Tâches diverses,2021-09-13,12:52:22,00:00:27
stefano.crapanzano@chu.ulg.ac.be,Demandes - Service d'assistance - Google Chrome,Tâches diverses,2021-09-13,12:54:02,00:00:12
stefano.crapanzano@chu.ulg.ac.be,Demandes - Service d'assistance - Google Chrome,Tâches diverses,2021-09-13,12:54:16,00:00:13
stefano.crapanzano@chu.ulg.ac.be,Demandes - Service d'assistance - Google Chrome,Tâches diverses,2021-09-13,13:35:50,00:00:02
stefano.crapanzano@chu.ulg.ac.be,Demandes - Service d'assistance - Google Chrome,Tâches diverses,2021-09-13,14:10:57,00:00:05
stefano.crapanzano@chu.ulg.ac.be,Demandes - Service d'assistance - Google Chrome,Tâches diverses,2021-09-13,14:31:58,00:00:05
stefano.crapanzano@chu.ulg.ac.be,Demandes - Service d'assistance - Google Chrome,Tâches diverses,2021-09-13,14:43:27,00:00:09
stefano.crapanzano@chu.ulg.ac.be,Demandes - Service d'assistance - Google Chrome,Tâches diverses,2021-09-13,16:15:00,00:00:10
stefano.crapanzano@chu.ulg.ac.be,Demandes - Service d'assistance - Google Chrome,Tâches diverses,2021-09-13,16:15:21,00:00:25
stefano.crapanzano@chu.ulg.ac.be,Demandes - Service d'assistance - Google Chrome,Tâches diverses,2021-09-13,16:16:10,00:00:02
stefano.crapanzano@chu.ulg.ac.be,Demandes - Service d'assistance - Google Chrome,Tâches diverses,2021-09-13,16:24:22,00:00:04
stefano.crapanzano@chu.ulg.ac.be,Demandes - Service d'assistance - Google Chrome,Helpdesk général,2021-09-13,16:25:24,00:00:03
stefano.crapanzano@chu.ulg.ac.be,Validation données TE5 - X01 - Xperthis ERP4HC 2.0 Rollout - Service d'assistance - Google Chrome,Tâches diverses,2021-09-13,09:37:26,00:00:14
stefano.crapanzano@chu.ulg.ac.be,Validation données TE5 - X01 - Xperthis ERP4HC 2.0 Rollout - Service d'assistance - Google Chrome,Tâches diverses,2021-09-13,16:15:11,00:00:09
stefano.crapanzano@chu.ulg.ac.be,Accès à X01 pour un utilisateur - Xperthis ERP4HC 2.0 Rollout - Service d'assistance - Google Chrome,Tâches diverses,2021-09-13,09:37:52,00:00:33
stefano.crapanzano@chu.ulg.ac.be,Accès à X01 pour un utilisateur - Xperthis ERP4HC 2.0 Rollout - Service d'assistance - Google Chrome,Tâches diverses,2021-09-13,09:38:38,00:00:04
stefano.crapanzano@chu.ulg.ac.be,Accès à X01 pour un utilisateur - Xperthis ERP4HC 2.0 Rollout - Service d'assistance - Google Chrome,Tâches diverses,2021-09-13,10:20:48,00:00:04
stefano.crapanzano@chu.ulg.ac.be,Accès à X01 pour un utilisateur - Xperthis ERP4HC 2.0 Rollout - Service d'assistance - Google Chrome,Tâches diverses,2021-09-13,13:35:22,00:00:03
stefano.crapanzano@chu.ulg.ac.be,P203 CHU Caractères manquants concernant l'emplacement affiché sur les PDAs - suite du ticket SDERP-18663 - Xperthis ERP4HC 1.0 - Service d'assistance - Google Chrome,Tâches diverses,2021-09-13,09:38:52,00:00:19
stefano.crapanzano@chu.ulg.ac.be,P203 CHU Caractères manquants concernant l'emplacement affiché sur les PDAs - suite du ticket SDERP-18663 - Xperthis ERP4HC 1.0 - Service d'assistance - Google Chrome,Tâches diverses,2021-09-13,09:39:57,00:00:10
stefano.crapanzano@chu.ulg.ac.be,P203 CHU Caractères manquants concernant l'emplacement affiché sur les PDAs - suite du ticket SDERP-18663 - Xperthis ERP4HC 1.0 - Service d'assistance - Google Chrome,Tâches diverses,2021-09-13,09:40:10,00:00:08
stefano.crapanzano@chu.ulg.ac.be,P203 CHU Caractères manquants concernant l'emplacement affiché sur les PDAs - suite du ticket SDERP-18663 - Xperthis ERP4HC 1.0 - Service d'assistance - Google Chrome,Tâches diverses,2021-09-13,09:56:23,00:00:02
stefano.crapanzano@chu.ulg.ac.be,P203 CHU Caractères manquants concernant l'emplacement affiché sur les PDAs - suite du ticket SDERP-18663 - Xperthis ERP4HC 1.0 - Service d'assistance - Google Chrome,Tâches diverses,2021-09-13,10:03:29,00:00:05
stefano.crapanzano@chu.ulg.ac.be,affichage pda des emplacements froids - Mozilla Thunderbird,Helpdesk général,2021-09-13,09:39:36,00:00:06
stefano.crapanzano@chu.ulg.ac.be,affichage pda des emplacements froids - Mozilla Thunderbird,Helpdesk général,2021-09-13,09:40:19,00:00:02
stefano.crapanzano@chu.ulg.ac.be,SAM-DB : Test ERP 2.0 Charg des photos sur SSP - Google Chrome,Tâches diverses,2021-09-13,09:56:57,00:00:42
stefano.crapanzano@chu.ulg.ac.be,SAM-DB : Test ERP 2.0 Charg fichier (MUT  PAT  NC) du home de Seny sur X01 - Google Chrome,Tâches diverses,2021-09-13,09:57:54,00:00:04
stefano.crapanzano@chu.ulg.ac.be,SAM-DB : Test ERP 2.0 Charg fichier (MUT  PAT  NC) du home de Seny sur X01 - Google Chrome,Tâches diverses,2021-09-13,09:58:00,00:00:21
stefano.crapanzano@chu.ulg.ac.be,SAM-DB : Test ERP 2.0 Charg fichier (MUT  PAT  NC) du home de Seny sur X01 - Google Chrome,Tâches diverses,2021-09-13,09:58:28,00:00:02
stefano.crapanzano@chu.ulg.ac.be,SAM-DB : Test ERP 2.0 Charg fichier (MUT  PAT  NC) du home de Seny sur X01 - Google Chrome,Tâches diverses,2021-09-13,09:58:31,00:00:05
stefano.crapanzano@chu.ulg.ac.be,SAM-DB : Test ERP 2.0 Charg fichier (MUT  PAT  NC) du home de Seny sur X01 - Google Chrome,Tâches diverses,2021-09-13,09:59:01,00:00:31
stefano.crapanzano@chu.ulg.ac.be,SAM-DB : Test ERP 2.0 Charg fichier (MUT  PAT  NC) du home de Seny sur X01 - Google Chrome,Tâches diverses,2021-09-13,10:03:26,00:00:02
stefano.crapanzano@chu.ulg.ac.be,SAM-DB : Test ERP 2.0 Charg fichier (MUT  PAT  NC) du home de Seny sur X01 - Google Chrome,Tâches diverses,2021-09-13,14:41:11,00:00:03
stefano.crapanzano@chu.ulg.ac.be,SAM-DB : Test ERP 2.0 Charg fichier (MUT  PAT  NC) du home de Seny sur X01 - Google Chrome,Tâches diverses,2021-09-13,14:41:24,00:00:04
stefano.crapanzano@chu.ulg.ac.be,SAM-DB : Test ERP 2.0 Charg fichier (MUT  PAT  NC) du home de Seny sur X01 - Google Chrome,Tâches diverses,2021-09-13,14:41:49,00:00:19
stefano.crapanzano@chu.ulg.ac.be,parmantier x01 seny - Mozilla Thunderbird,Helpdesk général,2021-09-13,09:59:40,00:00:02
stefano.crapanzano@chu.ulg.ac.be,test ERP 2.0 - Chargement de fichiers venant de Seny - Mozilla Thunderbird,Helpdesk général,2021-09-13,09:59:42,00:00:12
stefano.crapanzano@chu.ulg.ac.be,test ERP 2.0 - Chargement de fichiers venant de Seny - Mozilla Thunderbird,Helpdesk général,2021-09-13,10:01:07,00:00:03
stefano.crapanzano@chu.ulg.ac.be,test ERP 2.0 - Chargement de fichiers venant de Seny - Mozilla Thunderbird,Helpdesk général,2021-09-13,10:18:23,00:00:02
stefano.crapanzano@chu.ulg.ac.be,test ERP 2.0 - Chargement de fichiers venant de Seny - Mozilla Thunderbird,Helpdesk général,2021-09-13,10:18:55,00:00:03
stefano.crapanzano@chu.ulg.ac.be,test ERP 2.0 - Chargement de fichiers venant de Seny - Mozilla Thunderbird,Helpdesk général,2021-09-13,10:19:01,00:00:03
stefano.crapanzano@chu.ulg.ac.be,test ERP 2.0 - Chargement de fichiers venant de Seny - Mozilla Thunderbird,Helpdesk général,2021-09-13,10:20:22,00:00:02
stefano.crapanzano@chu.ulg.ac.be,Rédaction : Fwd: test ERP 2.0 - Chargement de fichiers venant de Seny - Thunderbird,Helpdesk général,2021-09-13,09:59:56,00:01:08
stefano.crapanzano@chu.ulg.ac.be,Rédaction : Fwd: test ERP 2.0 - Chargement de fichiers venant de Seny - Thunderbird,Helpdesk général,2021-09-13,10:29:09,00:00:13
stefano.crapanzano@chu.ulg.ac.be,Notification par courrier électronique,Helpdesk général,2021-09-13,10:02:14,00:00:02
stefano.crapanzano@chu.ulg.ac.be,Champs articles de PE2 non repris dans X01 - Xperthis ERP4HC 2.0 Rollout - Service d'assistance - Google Chrome,Tâches diverses,2021-09-13,10:03:38,00:00:11
stefano.crapanzano@chu.ulg.ac.be,Champs articles de PE2 non repris dans X01 - Xperthis ERP4HC 2.0 Rollout - Service d'assistance - Google Chrome,Tâches diverses,2021-09-13,10:22:13,00:00:02
stefano.crapanzano@chu.ulg.ac.be,Champs articles de PE2 non repris dans X01 - Xperthis ERP4HC 2.0 Rollout - Service d'assistance - Google Chrome,Tâches diverses,2021-09-13,12:58:13,00:00:04
stefano.crapanzano@chu.ulg.ac.be,Champs articles de PE2 non repris dans X01 - Xperthis ERP4HC 2.0 Rollout - Service d'assistance - Google Chrome,Tâches diverses,2021-09-13,13:35:07,00:00:10
stefano.crapanzano@chu.ulg.ac.be,\\oazisusers.st.chulg\oazis_users\Informatique\ERP\Exploitation\SURVEILLANCE\JOB\jobs_13_09_2021_09_00_00_09_59_59.csv_nok - Notepad++ [Administrator],IT,2021-09-13,10:05:48,00:00:02
stefano.crapanzano@chu.ulg.ac.be,*new 1 - Notepad++ [Administrator],IT,2021-09-13,14:10:40,00:00:06
stefano.crapanzano@chu.ulg.ac.be,Rédaction : Re: test ERP 2.0 - Chargement de fichiers venant de Seny - Thunderbird,Helpdesk général,2021-09-13,10:18:25,00:00:28
stefano.crapanzano@chu.ulg.ac.be,Rédaction : Re: test ERP 2.0 - Chargement de fichiers venant de Seny - Thunderbird,Helpdesk général,2021-09-13,10:19:05,00:00:54
stefano.crapanzano@chu.ulg.ac.be,Rédaction : Re: test ERP 2.0 - Chargement de fichiers venant de Seny - Thunderbird,Helpdesk général,2021-09-13,10:20:01,00:00:16
stefano.crapanzano@chu.ulg.ac.be,Doodle | Tests interface SSP de ERP4HC 2.0 dans l'environnement X01 - Google Chrome,Tâches diverses,2021-09-13,10:20:55,00:00:05
stefano.crapanzano@chu.ulg.ac.be,Doodle | Tests interface SSP de ERP4HC 2.0 dans l'environnement X01 - Google Chrome,Tâches diverses,2021-09-13,16:25:27,00:00:06
stefano.crapanzano@chu.ulg.ac.be,Doodle | Tests interface SSP de ERP4HC 2.0 dans l'environnement X01 - Google Chrome,Tâches diverses,2021-09-13,16:25:34,00:00:30
stefano.crapanzano@chu.ulg.ac.be,P203 CHU Commande 4000205977 ne contient rien dans le champs  notre référence  dans l'onglet communication - Xperthis ERP4HC 1.0 - Service d'assistance - Google Chrome,Tâches diverses,2021-09-13,10:21:18,00:00:16
stefano.crapanzano@chu.ulg.ac.be,P203 CHU Commande 4000205977 ne contient rien dans le champs  notre référence  dans l'onglet communication - Xperthis ERP4HC 1.0 - Service d'assistance - Google Chrome,Tâches diverses,2021-09-13,10:21:47,00:00:21
stefano.crapanzano@chu.ulg.ac.be,P203 CHU Commande 4000205977 ne contient rien dans le champs  notre référence  dans l'onglet communication - Xperthis ERP4HC 1.0 - Service d'assistance - Google Chrome,Tâches diverses,2021-09-13,10:22:11,00:00:02
stefano.crapanzano@chu.ulg.ac.be,P203 CHU Commande 4000205977 ne contient rien dans le champs  notre référence  dans l'onglet communication - Xperthis ERP4HC 1.0 - Service d'assistance - Google Chrome,Tâches diverses,2021-09-13,12:47:49,00:00:07
stefano.crapanzano@chu.ulg.ac.be,P203 CHU Articles bloqués - Xperthis ERP4HC 1.0 - Service d'assistance - Google Chrome,Tâches diverses,2021-09-13,10:22:16,00:00:02
stefano.crapanzano@chu.ulg.ac.be,P203 CHU Articles bloqués - Xperthis ERP4HC 1.0 - Service d'assistance - Google Chrome,Tâches diverses,2021-09-13,12:58:18,00:00:04
stefano.crapanzano@chu.ulg.ac.be,P203 CHU Articles bloqués - Xperthis ERP4HC 1.0 - Service d'assistance - Google Chrome,Tâches diverses,2021-09-13,13:35:05,00:00:02
stefano.crapanzano@chu.ulg.ac.be,P203 CHU Articles bloqués - Xperthis ERP4HC 1.0 - Service d'assistance - Google Chrome,Tâches diverses,2021-09-13,13:35:31,00:00:03
stefano.crapanzano@chu.ulg.ac.be,P203 CHU Articles bloqués - Xperthis ERP4HC 1.0 - Service d'assistance - Google Chrome,Tâches diverses,2021-09-13,14:43:15,00:00:06
stefano.crapanzano@chu.ulg.ac.be,Confirmer,Helpdesk général,2021-09-13,10:23:22,00:00:02
stefano.crapanzano@chu.ulg.ac.be,Envoyés - erp.sai@chuliege.be - Mozilla Thunderbird,Helpdesk général,2021-09-13,10:27:01,00:00:04
stefano.crapanzano@chu.ulg.ac.be,Envoyés - erp.sai@chuliege.be - Mozilla Thunderbird,Helpdesk général,2021-09-13,10:27:12,00:01:56
stefano.crapanzano@chu.ulg.ac.be,Envoyés - erp.sai@chuliege.be - Mozilla Thunderbird,Helpdesk général,2021-09-13,10:31:23,00:00:03
stefano.crapanzano@chu.ulg.ac.be,Envoyés - erp.sai@chuliege.be - Mozilla Thunderbird,Helpdesk général,2021-09-13,10:46:59,00:00:03
stefano.crapanzano@chu.ulg.ac.be,Envoyés - erp.sai@chuliege.be - Mozilla Thunderbird,Helpdesk général,2021-09-13,16:24:10,00:00:07
stefano.crapanzano@chu.ulg.ac.be,Envoyés - erp.sai@chuliege.be - Mozilla Thunderbird,Helpdesk général,2021-09-13,16:26:11,00:00:04
stefano.crapanzano@chu.ulg.ac.be,Rédaction : Fwd: test ERP 2.0 - Chargement de fichierspour la paie - Thunderbird,Helpdesk général,2021-09-13,10:29:24,00:00:02
stefano.crapanzano@chu.ulg.ac.be,Rédaction : Fwd: test ERP 2.0 - Chargement de fichiers pour la paie - Thunderbird,Helpdesk général,2021-09-13,10:29:26,00:01:50
stefano.crapanzano@chu.ulg.ac.be,Envoi du message - Fwd: test ERP 2.0 - Chargement de fichiers pour la paie,Helpdesk général,2021-09-13,10:31:18,00:00:03
stefano.crapanzano@chu.ulg.ac.be,Ouverture de image20210913_1035180001.pdf,Helpdesk général,2021-09-13,10:42:16,00:00:02
stefano.crapanzano@chu.ulg.ac.be,image20210913_1035180001.pdf - Google Chrome,Tâches diverses,2021-09-13,10:42:18,00:00:22
stefano.crapanzano@chu.ulg.ac.be,image20210913_1035180001.pdf - Google Chrome,Tâches diverses,2021-09-13,10:42:54,00:00:30
stefano.crapanzano@chu.ulg.ac.be,image20210913_1035180001.pdf - Google Chrome,Tâches diverses,2021-09-13,10:44:02,00:00:02
stefano.crapanzano@chu.ulg.ac.be,image20210913_1035180001.pdf - Google Chrome,Tâches diverses,2021-09-13,10:50:10,00:00:28
stefano.crapanzano@chu.ulg.ac.be,image20210913_1035180001.pdf - Google Chrome,Tâches diverses,2021-09-13,10:50:40,00:00:02
stefano.crapanzano@chu.ulg.ac.be,Rédaction : Fwd: Changement de compte en banque - Thunderbird,Helpdesk général,2021-09-13,10:44:17,00:01:26
stefano.crapanzano@chu.ulg.ac.be,Envoyés - stefano.crapanzano@chuliege.be - Mozilla Thunderbird,Helpdesk général,2021-09-13,10:47:09,00:02:03
stefano.crapanzano@chu.ulg.ac.be,Programmation,IT,2021-09-13,10:49:51,00:00:18
stefano.crapanzano@chu.ulg.ac.be,Programmation,IT,2021-09-13,14:10:10,00:00:27
stefano.crapanzano@chu.ulg.ac.be,Programmation,IT,2021-09-13,16:24:41,00:00:39
stefano.crapanzano@chu.ulg.ac.be,Le problème arrive sur l’environnement test X01 lorsque je tente de réactiver la réservation dans la transaction MB22. - Xperthis ERP4HC 2.0 Rollout - Service d'assistance - Google Chrome,Tâches diverses,2021-09-13,12:48:06,00:00:19
stefano.crapanzano@chu.ulg.ac.be,Pas d'autorisation à la transaction SOST - Xperthis ERP4HC 2.0 Rollout - Service d'assistance - Google Chrome,Tâches diverses,2021-09-13,12:48:31,00:00:40
stefano.crapanzano@chu.ulg.ac.be,P203 CHU Panier non visible dans l'historique des paniers - Xperthis ERP4HC 1.0 - Service d'assistance - Google Chrome,Tâches diverses,2021-09-13,12:49:17,00:03:05
stefano.crapanzano@chu.ulg.ac.be,P203 CHU Panier non visible dans l'historique des paniers - Xperthis ERP4HC 1.0 - Service d'assistance - Google Chrome,Tâches diverses,2021-09-13,12:54:29,00:00:07
stefano.crapanzano@chu.ulg.ac.be,P203 CHU Panier non visible dans l'historique des paniers - Xperthis ERP4HC 1.0 - Service d'assistance - Google Chrome,Tâches diverses,2021-09-13,12:54:46,00:00:02
stefano.crapanzano@chu.ulg.ac.be,P203 CHU Panier non visible dans l'historique des paniers - Xperthis ERP4HC 1.0 - Service d'assistance - Google Chrome,Tâches diverses,2021-09-13,12:55:30,00:00:04
stefano.crapanzano@chu.ulg.ac.be,P203 CHU Panier non visible dans l'historique des paniers - Xperthis ERP4HC 1.0 - Service d'assistance - Google Chrome,Tâches diverses,2021-09-13,12:55:47,00:00:06
stefano.crapanzano@chu.ulg.ac.be,P203 CHU Panier non visible dans l'historique des paniers - Xperthis ERP4HC 1.0 - Service d'assistance - Google Chrome,Tâches diverses,2021-09-13,12:56:28,00:00:07
stefano.crapanzano@chu.ulg.ac.be,P203 CHU Panier non visible dans l'historique des paniers - Xperthis ERP4HC 1.0 - Service d'assistance - Google Chrome,Tâches diverses,2021-09-13,12:57:17,00:00:02
stefano.crapanzano@chu.ulg.ac.be,P203 CHU Panier non visible dans l'historique des paniers - Xperthis ERP4HC 1.0 - Service d'assistance - Google Chrome,Tâches diverses,2021-09-13,12:58:07,00:00:02
stefano.crapanzano@chu.ulg.ac.be,P203 CHU Panier non visible dans l'historique des paniers - Xperthis ERP4HC 1.0 - Service d'assistance - Google Chrome,Tâches diverses,2021-09-13,13:35:27,00:00:03
stefano.crapanzano@chu.ulg.ac.be,P203 CHU Panier non visible dans l'historique des paniers - Xperthis ERP4HC 1.0 - Service d'assistance - Google Chrome,Tâches diverses,2021-09-13,13:36:23,00:00:02
stefano.crapanzano@chu.ulg.ac.be,P203 CHU Panier non visible dans l'historique des paniers - Xperthis ERP4HC 1.0 - Service d'assistance - Google Chrome,Tâches diverses,2021-09-13,13:52:36,00:00:03
stefano.crapanzano@chu.ulg.ac.be,P203 CHU Panier non visible dans l'historique des paniers - Xperthis ERP4HC 1.0 - Service d'assistance - Google Chrome,Tâches diverses,2021-09-13,14:10:04,00:00:02
stefano.crapanzano@chu.ulg.ac.be,P203 CHU Panier non visible dans l'historique des paniers - Xperthis ERP4HC 1.0 - Service d'assistance - Google Chrome,Tâches diverses,2021-09-13,14:10:52,00:00:05
stefano.crapanzano@chu.ulg.ac.be,P203 CHU Panier non visible dans l'historique des paniers - Xperthis ERP4HC 1.0 - Service d'assistance - Google Chrome,Tâches diverses,2021-09-13,14:32:03,00:00:19
stefano.crapanzano@chu.ulg.ac.be,P203 CHU Panier non visible dans l'historique des paniers - Xperthis ERP4HC 1.0 - Service d'assistance - Google Chrome,Tâches diverses,2021-09-13,14:32:25,00:00:07
stefano.crapanzano@chu.ulg.ac.be,P203 CHU Panier non visible dans l'historique des paniers - Xperthis ERP4HC 1.0 - Service d'assistance - Google Chrome,Tâches diverses,2021-09-13,14:32:41,00:00:03
stefano.crapanzano@chu.ulg.ac.be,P203 CHU Panier non visible dans l'historique des paniers - Xperthis ERP4HC 1.0 - Service d'assistance - Google Chrome,Tâches diverses,2021-09-13,14:33:00,00:00:03
stefano.crapanzano@chu.ulg.ac.be,P203 CHU Panier non visible dans l'historique des paniers - Xperthis ERP4HC 1.0 - Service d'assistance - Google Chrome,Tâches diverses,2021-09-13,14:34:05,00:00:19
stefano.crapanzano@chu.ulg.ac.be,P203 CHU Panier non visible dans l'historique des paniers - Xperthis ERP4HC 1.0 - Service d'assistance - Google Chrome,Tâches diverses,2021-09-13,14:34:46,00:00:03
stefano.crapanzano@chu.ulg.ac.be,P203 CHU Panier non visible dans l'historique des paniers - Xperthis ERP4HC 1.0 - Service d'assistance - Google Chrome,Tâches diverses,2021-09-13,14:43:22,00:00:04
stefano.crapanzano@chu.ulg.ac.be,sderp-18928 - Mozilla Thunderbird,Helpdesk général,2021-09-13,12:54:52,00:00:14
stefano.crapanzano@chu.ulg.ac.be,SDERP-18928 - SSP - Panier non visible dans l'historique des paniers - Mozilla Thunderbird,Helpdesk général,2021-09-13,12:55:07,00:00:03
stefano.crapanzano@chu.ulg.ac.be,SDERP-18928 - SSP - Panier non visible dans l'historique des paniers - Mozilla Thunderbird,Helpdesk général,2021-09-13,12:57:19,00:00:02
stefano.crapanzano@chu.ulg.ac.be,SDERP-18928 - SSP - Panier non visible dans l'historique des paniers - Mozilla Thunderbird,Helpdesk général,2021-09-13,14:33:19,00:00:18
stefano.crapanzano@chu.ulg.ac.be,SDERP-18928 - SSP - Panier non visible dans l'historique des paniers - Mozilla Thunderbird,Helpdesk général,2021-09-13,14:33:55,00:00:09
stefano.crapanzano@chu.ulg.ac.be,SDERP-18928 - SSP - Panier non visible dans l'historique des paniers - Mozilla Thunderbird,Helpdesk général,2021-09-13,14:34:25,00:00:02
stefano.crapanzano@chu.ulg.ac.be,Rédaction : Re: SDERP-18928 - SSP - Panier non visible dans l'historique des paniers - Thunderbird,Helpdesk général,2021-09-13,12:55:10,00:00:18
stefano.crapanzano@chu.ulg.ac.be,Rédaction : Re: SDERP-18928 - SSP - Panier non visible dans l'historique des paniers - Thunderbird,Helpdesk général,2021-09-13,12:55:43,00:00:03
stefano.crapanzano@chu.ulg.ac.be,Rédaction : Re: SDERP-18928 - SSP - Panier non visible dans l'historique des paniers - Thunderbird,Helpdesk général,2021-09-13,12:55:54,00:00:33
stefano.crapanzano@chu.ulg.ac.be,Rédaction : Re: SDERP-18928 - SSP - Panier non visible dans l'historique des paniers - Thunderbird,Helpdesk général,2021-09-13,12:56:36,00:00:37
stefano.crapanzano@chu.ulg.ac.be,Envoi du message - Re: SDERP-18928 - SSP - Panier non visible dans l'historique des paniers,Helpdesk général,2021-09-13,12:57:14,00:00:02
stefano.crapanzano@chu.ulg.ac.be,cas.uliege.be - Google Chrome,Tâches diverses,2021-09-13,13:35:38,00:00:02
stefano.crapanzano@chu.ulg.ac.be,Django_TravelBlog/base.html at master · arindam31/Django_TravelBlog · GitHub - Google Chrome,Tâches diverses,2021-09-13,13:35:44,00:00:02
stefano.crapanzano@chu.ulg.ac.be,AlamoudiAM/django-crispy-forms - githubmemory - Google Chrome,Tâches diverses,2021-09-13,13:35:47,00:00:02
stefano.crapanzano@chu.ulg.ac.be,Service MT - Google Chrome,Tâches diverses,2021-09-13,13:35:54,00:00:21
stefano.crapanzano@chu.ulg.ac.be,Configuration SAP [DokuWiki ERP] - Google Chrome,Tâches diverses,2021-09-13,13:36:18,00:00:04
stefano.crapanzano@chu.ulg.ac.be,Impression via ZWM_REPRINT_HU ne fonctionne pas - Xperthis ERP4HC 2.0 Rollout - Service d'assistance - Google Chrome,Tâches diverses,2021-09-13,14:11:14,00:04:00
stefano.crapanzano@chu.ulg.ac.be,Impression via ZWM_REPRINT_HU ne fonctionne pas - Xperthis ERP4HC 2.0 Rollout - Service d'assistance - Google Chrome,Tâches diverses,2021-09-13,14:15:47,00:09:01
stefano.crapanzano@chu.ulg.ac.be,Impression via ZWM_REPRINT_HU ne fonctionne pas - Xperthis ERP4HC 2.0 Rollout - Service d'assistance - Google Chrome,Tâches diverses,2021-09-13,14:24:51,00:00:02
stefano.crapanzano@chu.ulg.ac.be,Impression via ZWM_REPRINT_HU ne fonctionne pas - Xperthis ERP4HC 2.0 Rollout - Service d'assistance - Google Chrome,Tâches diverses,2021-09-13,14:25:39,00:00:03
stefano.crapanzano@chu.ulg.ac.be,Impression via ZWM_REPRINT_HU ne fonctionne pas - Xperthis ERP4HC 2.0 Rollout - Service d'assistance - Google Chrome,Tâches diverses,2021-09-13,14:25:45,00:01:33
stefano.crapanzano@chu.ulg.ac.be,Impression via ZWM_REPRINT_HU ne fonctionne pas - Xperthis ERP4HC 2.0 Rollout - Service d'assistance - Google Chrome,Tâches diverses,2021-09-13,14:27:38,00:02:57
stefano.crapanzano@chu.ulg.ac.be,Impression via ZWM_REPRINT_HU ne fonctionne pas - Xperthis ERP4HC 2.0 Rollout - Service d'assistance - Google Chrome,Tâches diverses,2021-09-13,14:31:52,00:00:06
stefano.crapanzano@chu.ulg.ac.be,Impression via ZWM_REPRINT_HU ne fonctionne pas - Xperthis ERP4HC 2.0 Rollout - Service d'assistance - Google Chrome,Tâches diverses,2021-09-13,14:43:37,00:00:13
stefano.crapanzano@chu.ulg.ac.be,Impression via ZWM_REPRINT_HU ne fonctionne pas - Xperthis ERP4HC 2.0 Rollout - Service d'assistance - Google Chrome,Tâches diverses,2021-09-13,14:44:05,00:00:04
stefano.crapanzano@chu.ulg.ac.be,Impression via ZWM_REPRINT_HU ne fonctionne pas - Xperthis ERP4HC 2.0 Rollout - Service d'assistance - Google Chrome,Tâches diverses,2021-09-13,14:44:20,00:00:05
stefano.crapanzano@chu.ulg.ac.be,Impression via ZWM_REPRINT_HU ne fonctionne pas - Xperthis ERP4HC 2.0 Rollout - Service d'assistance - Google Chrome,Tâches diverses,2021-09-13,16:14:53,00:00:07
stefano.crapanzano@chu.ulg.ac.be,Nouvel onglet - Google Chrome,Tâches diverses,2021-09-13,14:15:14,00:00:03
stefano.crapanzano@chu.ulg.ac.be,whatismyip - Recherche Google - Google Chrome,Tâches diverses,2021-09-13,14:15:18,00:00:02
stefano.crapanzano@chu.ulg.ac.be,Quel Est Mon IP - WhatIsMyIP.com® - Google Chrome,Tâches diverses,2021-09-13,14:15:20,00:00:07
stefano.crapanzano@chu.ulg.ac.be,Rechercher - Mozilla Thunderbird,Helpdesk général,2021-09-13,14:27:28,00:00:09
stefano.crapanzano@chu.ulg.ac.be,Rechercher - Mozilla Thunderbird,Helpdesk général,2021-09-13,14:30:36,00:00:03
stefano.crapanzano@chu.ulg.ac.be,SAM-DB : Test ERP 2.0 Vérif fonctionnement webservices GERA vers SAP X01 - Google Chrome,Tâches diverses,2021-09-13,14:39:20,00:00:25
stefano.crapanzano@chu.ulg.ac.be,SAM-DB : Test ERP 2.0 Vérif fonctionnement webservices GERA vers SAP X01 - Google Chrome,Tâches diverses,2021-09-13,14:40:21,00:00:24
stefano.crapanzano@chu.ulg.ac.be,SAM-DB : Test ERP 2.0 Vérif fonctionnement webservices GERA vers SAP X01 - Google Chrome,Tâches diverses,2021-09-13,14:40:47,00:00:02
stefano.crapanzano@chu.ulg.ac.be,SAM-DB : Test ERP 2.0 Vérif fonctionnement webservices GERA vers SAP X01 - Google Chrome,Tâches diverses,2021-09-13,14:40:52,00:00:13
stefano.crapanzano@chu.ulg.ac.be,gera - Mozilla Thunderbird,Helpdesk général,2021-09-13,14:39:49,00:00:14
stefano.crapanzano@chu.ulg.ac.be,X01 - Application GERA - Mozilla Thunderbird,Helpdesk général,2021-09-13,14:40:03,00:00:16
stefano.crapanzano@chu.ulg.ac.be,X01 - Application GERA - Mozilla Thunderbird,Helpdesk général,2021-09-13,14:40:50,00:00:02
stefano.crapanzano@chu.ulg.ac.be,X01 - Application GERA - Mozilla Thunderbird,Helpdesk général,2021-09-13,14:41:16,00:00:02
stefano.crapanzano@chu.ulg.ac.be,Stefano CRAPANZANO - erp.sai@chuliege.be - Mozilla Thunderbird,Helpdesk général,2021-09-13,14:41:35,00:00:13
stefano.crapanzano@chu.ulg.ac.be,Stefano CRAPANZANO - erp.sai@chuliege.be - Mozilla Thunderbird,Helpdesk général,2021-09-13,14:47:39,00:00:02
stefano.crapanzano@chu.ulg.ac.be,SAM-DB : erreur à l'ouverture du panier - Google Chrome,Tâches diverses,2021-09-13,14:42:42,00:00:02
stefano.crapanzano@chu.ulg.ac.be,SAM-DB : erreur à l'ouverture du panier - Google Chrome,Tâches diverses,2021-09-13,14:45:58,00:00:44
stefano.crapanzano@chu.ulg.ac.be,SAM-DB : Test ERP 2.0 Impression via environnement X01 - Google Chrome,Tâches diverses,2021-09-13,14:43:54,00:00:07
stefano.crapanzano@chu.ulg.ac.be,SAM-DB : Test ERP 2.0 Impression via environnement X01 - Google Chrome,Tâches diverses,2021-09-13,14:44:12,00:00:04
stefano.crapanzano@chu.ulg.ac.be,SAM-DB : Test ERP 2.0 Impression via environnement X01 - Google Chrome,Tâches diverses,2021-09-13,14:44:31,00:00:09
stefano.crapanzano@chu.ulg.ac.be,SAM-DB : Messages intempestifs  Insérer une carte à puce  - Google Chrome,Tâches diverses,2021-09-13,14:47:13,00:00:22
stefano.crapanzano@chu.ulg.ac.be,SAM-DB : Impossibilité de se connecter aux serveurs doma en eval et en producti - Google Chrome,Tâches diverses,2021-09-13,14:48:05,00:00:15
stefano.crapanzano@chu.ulg.ac.be,SAM-DB : Installation SAP GUI 760 - Google Chrome,Tâches diverses,2021-09-13,14:48:31,00:00:38
stefano.crapanzano@chu.ulg.ac.be,SAM-DB : Installation SAP GUI 760 - Google Chrome,Tâches diverses,2021-09-13,14:50:30,00:00:14
stefano.crapanzano@chu.ulg.ac.be,SAM : Demande 331045 - Google Chrome,Tâches diverses,2021-09-13,14:49:30,00:00:21
stefano.crapanzano@chu.ulg.ac.be,SAM-DB : Connexion des Guns (ERP4HC 2.0) - Google Chrome,Tâches diverses,2021-09-13,14:51:08,00:01:06
stefano.crapanzano@chu.ulg.ac.be,SAP Logon 750,Exploration SAP,2021-09-13,15:49:19,00:00:03
stefano.crapanzano@chu.ulg.ac.be,SAP Logon 750,Exploration SAP,2021-09-13,16:06:13,00:00:02
stefano.crapanzano@chu.ulg.ac.be,SAP,Exploration SAP,2021-09-13,15:49:22,00:00:09
stefano.crapanzano@chu.ulg.ac.be,Info licence en cas de connexion multiple,Exploration SAP,2021-09-13,15:49:32,00:00:05
stefano.crapanzano@chu.ulg.ac.be,SAP Easy Access Menu de base Applications financières-économiques,Exploration SAP,2021-09-13,15:49:37,00:00:24
stefano.crapanzano@chu.ulg.ac.be,SAP Easy Access Menu de base Applications financières-économiques,Exploration SAP,2021-09-13,15:50:26,00:13:32
stefano.crapanzano@chu.ulg.ac.be,SAP Easy Access Menu de base Applications financières-économiques,Exploration SAP,2021-09-13,16:03:59,00:02:09
stefano.crapanzano@chu.ulg.ac.be,SAP Easy Access Menu de base Applications financières-économiques,Exploration SAP,2021-09-13,16:06:16,00:00:08
stefano.crapanzano@chu.ulg.ac.be,SAP Easy Access Menu de base Applications financières-économiques,Exploration SAP,2021-09-13,16:14:49,00:00:02
stefano.crapanzano@chu.ulg.ac.be,Recherche dans arborescence des menus,Exploration SAP,2021-09-13,15:50:01,00:00:06
stefano.crapanzano@chu.ulg.ac.be,Gestion tables SSP suivant scenario,Exploration SAP,2021-09-13,15:50:09,00:00:10
stefano.crapanzano@chu.ulg.ac.be,Gestion tables SSP suivant scenario,Exploration SAP,2021-09-13,15:50:22,00:00:03
stefano.crapanzano@chu.ulg.ac.be,Société (1)    6 Entrées trouvées,Exploration SAP,2021-09-13,15:50:20,00:00:02
stefano.crapanzano@chu.ulg.ac.be,Attributs généraux (BBP) Modifier,Exploration SAP,2021-09-13,16:06:24,00:00:13
stefano.crapanzano@chu.ulg.ac.be,Attributs généraux (BBP) Modifier,Exploration SAP,2021-09-13,16:06:52,00:00:20
stefano.crapanzano@chu.ulg.ac.be,Attributs généraux (BBP) Modifier,Exploration SAP,2021-09-13,16:07:28,00:00:25
stefano.crapanzano@chu.ulg.ac.be,Attributs généraux (BBP) Modifier,Exploration SAP,2021-09-13,16:08:06,00:06:42
stefano.crapanzano@chu.ulg.ac.be,Type d'objet (1)    6 Entrées trouvées,Exploration SAP,2021-09-13,16:06:37,00:00:07
stefano.crapanzano@chu.ulg.ac.be,Type d'objet (1)    6 Entrées trouvées,Exploration SAP,2021-09-13,16:07:12,00:00:04
stefano.crapanzano@chu.ulg.ac.be,Type d'objet (1)    6 Entrées trouvées,Exploration SAP,2021-09-13,16:07:53,00:00:02
stefano.crapanzano@chu.ulg.ac.be,Poste (1),Exploration SAP,2021-09-13,16:06:45,00:00:04
stefano.crapanzano@chu.ulg.ac.be,Poste (1),Exploration SAP,2021-09-13,16:07:17,00:00:06
stefano.crapanzano@chu.ulg.ac.be,Poste (1),Exploration SAP,2021-09-13,16:07:56,00:00:04
stefano.crapanzano@chu.ulg.ac.be,Poste (1)    1 Entrée trouvée,Exploration SAP,2021-09-13,16:06:49,00:00:02
stefano.crapanzano@chu.ulg.ac.be,Poste (1)    1 Entrée trouvée,Exploration SAP,2021-09-13,16:07:23,00:00:03
stefano.crapanzano@chu.ulg.ac.be,Poste (1)    1 Entrée trouvée,Exploration SAP,2021-09-13,16:08:00,00:00:06
stefano.crapanzano@chu.ulg.ac.be,Accès à LIEGE_CHU pour tous les utilisateurs de JIRA - Xperthis ERP4HC 2.0 Rollout - Service d'assistance - Google Chrome,Tâches diverses,2021-09-13,16:15:46,00:00:24
