Email,Description,Project,Start date,Start time,Duration
stefano.crapanzano@chu.ulg.ac.be,Courrier entrant - erp.sai@chuliege.be - Mozilla Thunderbird,Helpdesk général,2021-10-06,08:42:44,00:01:03
stefano.crapanzano@chu.ulg.ac.be,Courrier entrant - erp.sai@chuliege.be - Mozilla Thunderbird,Helpdesk général,2021-10-06,08:44:16,00:00:05
stefano.crapanzano@chu.ulg.ac.be,Courrier entrant - erp.sai@chuliege.be - Mozilla Thunderbird,Helpdesk général,2021-10-06,08:44:33,00:00:06
stefano.crapanzano@chu.ulg.ac.be,Courrier entrant - erp.sai@chuliege.be - Mozilla Thunderbird,Helpdesk général,2021-10-06,08:44:51,00:00:04
stefano.crapanzano@chu.ulg.ac.be,Courrier entrant - erp.sai@chuliege.be - Mozilla Thunderbird,Helpdesk général,2021-10-06,08:45:00,00:00:04
stefano.crapanzano@chu.ulg.ac.be,Courrier entrant - erp.sai@chuliege.be - Mozilla Thunderbird,Exploration SAP,2021-10-06,08:49:56,00:00:13
stefano.crapanzano@chu.ulg.ac.be,Courrier entrant - erp.sai@chuliege.be - Mozilla Thunderbird,Helpdesk général,2021-10-06,08:56:32,00:00:12
stefano.crapanzano@chu.ulg.ac.be,Courrier entrant - erp.sai@chuliege.be - Mozilla Thunderbird,Helpdesk général,2021-10-06,08:57:37,00:00:17
stefano.crapanzano@chu.ulg.ac.be,Courrier entrant - erp.sai@chuliege.be - Mozilla Thunderbird,Helpdesk général,2021-10-06,09:01:12,00:00:07
stefano.crapanzano@chu.ulg.ac.be,Courrier entrant - erp.sai@chuliege.be - Mozilla Thunderbird,Helpdesk général,2021-10-06,09:04:23,00:02:12
stefano.crapanzano@chu.ulg.ac.be,Courrier entrant - erp.sai@chuliege.be - Mozilla Thunderbird,Helpdesk général,2021-10-06,09:07:51,00:00:11
stefano.crapanzano@chu.ulg.ac.be,Courrier entrant - erp.sai@chuliege.be - Mozilla Thunderbird,Helpdesk général,2021-10-06,09:17:35,00:00:48
stefano.crapanzano@chu.ulg.ac.be,Courrier entrant - erp.sai@chuliege.be - Mozilla Thunderbird,Helpdesk général,2021-10-06,09:25:20,00:00:02
stefano.crapanzano@chu.ulg.ac.be,Courrier entrant - erp.sai@chuliege.be - Mozilla Thunderbird,Helpdesk général,2021-10-06,09:38:20,00:00:14
stefano.crapanzano@chu.ulg.ac.be,Courrier entrant - erp.sai@chuliege.be - Mozilla Thunderbird,Helpdesk général,2021-10-06,09:51:24,00:01:02
stefano.crapanzano@chu.ulg.ac.be,Courrier entrant - erp.sai@chuliege.be - Mozilla Thunderbird,Helpdesk général,2021-10-06,09:52:41,00:00:02
stefano.crapanzano@chu.ulg.ac.be,Courrier entrant - erp.sai@chuliege.be - Mozilla Thunderbird,Helpdesk général,2021-10-06,09:53:26,00:00:02
stefano.crapanzano@chu.ulg.ac.be,Courrier entrant - erp.sai@chuliege.be - Mozilla Thunderbird,Tâches diverses,2021-10-06,10:12:36,00:00:06
stefano.crapanzano@chu.ulg.ac.be,Courrier entrant - erp.sai@chuliege.be - Mozilla Thunderbird,Helpdesk général,2021-10-06,10:12:44,00:00:06
stefano.crapanzano@chu.ulg.ac.be,Courrier entrant - erp.sai@chuliege.be - Mozilla Thunderbird,Helpdesk général,2021-10-06,10:13:54,00:00:04
stefano.crapanzano@chu.ulg.ac.be,Courrier entrant - erp.sai@chuliege.be - Mozilla Thunderbird,Helpdesk général,2021-10-06,10:14:57,00:00:03
stefano.crapanzano@chu.ulg.ac.be,Courrier entrant - erp.sai@chuliege.be - Mozilla Thunderbird,Helpdesk général,2021-10-06,10:17:57,00:00:42
stefano.crapanzano@chu.ulg.ac.be,Courrier entrant - erp.sai@chuliege.be - Mozilla Thunderbird,Helpdesk général,2021-10-06,10:18:43,00:00:15
stefano.crapanzano@chu.ulg.ac.be,Courrier entrant - erp.sai@chuliege.be - Mozilla Thunderbird,Helpdesk général,2021-10-06,10:19:52,00:00:26
stefano.crapanzano@chu.ulg.ac.be,Courrier entrant - erp.sai@chuliege.be - Mozilla Thunderbird,Helpdesk général,2021-10-06,10:25:36,00:00:04
stefano.crapanzano@chu.ulg.ac.be,Courrier entrant - erp.sai@chuliege.be - Mozilla Thunderbird,Helpdesk général,2021-10-06,10:26:46,00:00:02
stefano.crapanzano@chu.ulg.ac.be,Courrier entrant - erp.sai@chuliege.be - Mozilla Thunderbird,Helpdesk général,2021-10-06,10:27:43,00:00:05
stefano.crapanzano@chu.ulg.ac.be,Courrier entrant - erp.sai@chuliege.be - Mozilla Thunderbird,Helpdesk général,2021-10-06,10:32:59,00:00:12
stefano.crapanzano@chu.ulg.ac.be,Courrier entrant - erp.sai@chuliege.be - Mozilla Thunderbird,Helpdesk général,2021-10-06,10:35:52,00:02:08
stefano.crapanzano@chu.ulg.ac.be,Courrier entrant - erp.sai@chuliege.be - Mozilla Thunderbird,Helpdesk général,2021-10-06,10:38:49,00:00:05
stefano.crapanzano@chu.ulg.ac.be,Courrier entrant - erp.sai@chuliege.be - Mozilla Thunderbird,Helpdesk général,2021-10-06,10:39:42,00:00:05
stefano.crapanzano@chu.ulg.ac.be,Courrier entrant - erp.sai@chuliege.be - Mozilla Thunderbird,Helpdesk général,2021-10-06,10:40:02,00:00:05
stefano.crapanzano@chu.ulg.ac.be,Courrier entrant - erp.sai@chuliege.be - Mozilla Thunderbird,Helpdesk général,2021-10-06,10:51:17,00:00:06
stefano.crapanzano@chu.ulg.ac.be,Courrier entrant - erp.sai@chuliege.be - Mozilla Thunderbird,Helpdesk général,2021-10-06,10:52:41,00:00:38
stefano.crapanzano@chu.ulg.ac.be,Courrier entrant - erp.sai@chuliege.be - Mozilla Thunderbird,Helpdesk général,2021-10-06,10:53:29,00:00:53
stefano.crapanzano@chu.ulg.ac.be,Courrier entrant - erp.sai@chuliege.be - Mozilla Thunderbird,Helpdesk général,2021-10-06,10:57:43,00:00:02
stefano.crapanzano@chu.ulg.ac.be,Courrier entrant - erp.sai@chuliege.be - Mozilla Thunderbird,Helpdesk général,2021-10-06,11:12:06,00:00:04
stefano.crapanzano@chu.ulg.ac.be,Courrier entrant - erp.sai@chuliege.be - Mozilla Thunderbird,Helpdesk général,2021-10-06,11:12:15,00:01:03
stefano.crapanzano@chu.ulg.ac.be,Courrier entrant - erp.sai@chuliege.be - Mozilla Thunderbird,Tâches diverses,2021-10-06,11:13:23,00:00:02
stefano.crapanzano@chu.ulg.ac.be,Courrier entrant - erp.sai@chuliege.be - Mozilla Thunderbird,Helpdesk général,2021-10-06,11:13:33,00:00:02
stefano.crapanzano@chu.ulg.ac.be,Courrier entrant - erp.sai@chuliege.be - Mozilla Thunderbird,Helpdesk général,2021-10-06,11:13:43,00:00:05
stefano.crapanzano@chu.ulg.ac.be,Courrier entrant - erp.sai@chuliege.be - Mozilla Thunderbird,Helpdesk général,2021-10-06,11:23:54,00:00:06
stefano.crapanzano@chu.ulg.ac.be,Courrier entrant - erp.sai@chuliege.be - Mozilla Thunderbird,Helpdesk général,2021-10-06,11:28:09,00:00:10
stefano.crapanzano@chu.ulg.ac.be,Courrier entrant - erp.sai@chuliege.be - Mozilla Thunderbird,Helpdesk général,2021-10-06,11:28:35,00:01:10
stefano.crapanzano@chu.ulg.ac.be,Courrier entrant - erp.sai@chuliege.be - Mozilla Thunderbird,Helpdesk général,2021-10-06,11:31:26,00:00:04
stefano.crapanzano@chu.ulg.ac.be,Courrier entrant - erp.sai@chuliege.be - Mozilla Thunderbird,Helpdesk général,2021-10-06,11:34:18,00:02:07
stefano.crapanzano@chu.ulg.ac.be,Courrier entrant - erp.sai@chuliege.be - Mozilla Thunderbird,Helpdesk général,2021-10-06,11:36:29,00:00:22
stefano.crapanzano@chu.ulg.ac.be,Courrier entrant - erp.sai@chuliege.be - Mozilla Thunderbird,Helpdesk général,2021-10-06,11:39:42,00:00:04
stefano.crapanzano@chu.ulg.ac.be,Courrier entrant - erp.sai@chuliege.be - Mozilla Thunderbird,Helpdesk général,2021-10-06,11:40:29,00:00:17
stefano.crapanzano@chu.ulg.ac.be,Courrier entrant - erp.sai@chuliege.be - Mozilla Thunderbird,Helpdesk général,2021-10-06,11:43:19,00:00:04
stefano.crapanzano@chu.ulg.ac.be,Courrier entrant - erp.sai@chuliege.be - Mozilla Thunderbird,Helpdesk général,2021-10-06,11:43:50,00:00:03
stefano.crapanzano@chu.ulg.ac.be,Courrier entrant - erp.sai@chuliege.be - Mozilla Thunderbird,Helpdesk général,2021-10-06,11:44:11,00:00:03
stefano.crapanzano@chu.ulg.ac.be,Courrier entrant - erp.sai@chuliege.be - Mozilla Thunderbird,Helpdesk général,2021-10-06,11:46:17,00:00:02
stefano.crapanzano@chu.ulg.ac.be,Courrier entrant - erp.sai@chuliege.be - Mozilla Thunderbird,Helpdesk général,2021-10-06,11:47:39,00:00:03
stefano.crapanzano@chu.ulg.ac.be,Courrier entrant - erp.sai@chuliege.be - Mozilla Thunderbird,Helpdesk général,2021-10-06,11:47:56,00:00:02
stefano.crapanzano@chu.ulg.ac.be,Courrier entrant - erp.sai@chuliege.be - Mozilla Thunderbird,Helpdesk général,2021-10-06,11:55:07,00:00:02
stefano.crapanzano@chu.ulg.ac.be,Courrier entrant - erp.sai@chuliege.be - Mozilla Thunderbird,Helpdesk général,2021-10-06,12:00:36,00:00:02
stefano.crapanzano@chu.ulg.ac.be,Courrier entrant - erp.sai@chuliege.be - Mozilla Thunderbird,Helpdesk général,2021-10-06,12:00:56,00:00:02
stefano.crapanzano@chu.ulg.ac.be,Courrier entrant - erp.sai@chuliege.be - Mozilla Thunderbird,Helpdesk général,2021-10-06,12:04:44,00:01:12
stefano.crapanzano@chu.ulg.ac.be,Courrier entrant - erp.sai@chuliege.be - Mozilla Thunderbird,Helpdesk général,2021-10-06,12:07:16,00:00:42
stefano.crapanzano@chu.ulg.ac.be,Courrier entrant - erp.sai@chuliege.be - Mozilla Thunderbird,Helpdesk général,2021-10-06,12:09:12,00:00:02
stefano.crapanzano@chu.ulg.ac.be,Courrier entrant - erp.sai@chuliege.be - Mozilla Thunderbird,Helpdesk général,2021-10-06,12:13:57,00:02:01
stefano.crapanzano@chu.ulg.ac.be,Courrier entrant - stefano.crapanzano@chuliege.be - Mozilla Thunderbird,Helpdesk général,2021-10-06,08:43:47,00:00:28
stefano.crapanzano@chu.ulg.ac.be,Courrier entrant - stefano.crapanzano@chuliege.be - Mozilla Thunderbird,Helpdesk général,2021-10-06,09:01:20,00:00:04
stefano.crapanzano@chu.ulg.ac.be,Courrier entrant - stefano.crapanzano@chuliege.be - Mozilla Thunderbird,Helpdesk général,2021-10-06,09:03:27,00:00:10
stefano.crapanzano@chu.ulg.ac.be,Courrier entrant - stefano.crapanzano@chuliege.be - Mozilla Thunderbird,Helpdesk général,2021-10-06,09:38:35,00:00:30
stefano.crapanzano@chu.ulg.ac.be,Courrier entrant - stefano.crapanzano@chuliege.be - Mozilla Thunderbird,Helpdesk général,2021-10-06,09:40:33,00:00:02
stefano.crapanzano@chu.ulg.ac.be,Courrier entrant - stefano.crapanzano@chuliege.be - Mozilla Thunderbird,Helpdesk général,2021-10-06,09:48:54,00:00:02
stefano.crapanzano@chu.ulg.ac.be,Courrier entrant - stefano.crapanzano@chuliege.be - Mozilla Thunderbird,Helpdesk général,2021-10-06,09:51:20,00:00:04
stefano.crapanzano@chu.ulg.ac.be,Courrier entrant - stefano.crapanzano@chuliege.be - Mozilla Thunderbird,Helpdesk général,2021-10-06,09:53:29,00:00:03
stefano.crapanzano@chu.ulg.ac.be,Courrier entrant - stefano.crapanzano@chuliege.be - Mozilla Thunderbird,Helpdesk général,2021-10-06,10:34:36,00:01:15
stefano.crapanzano@chu.ulg.ac.be,Courrier entrant - stefano.crapanzano@chuliege.be - Mozilla Thunderbird,Helpdesk général,2021-10-06,10:38:00,00:00:03
stefano.crapanzano@chu.ulg.ac.be,Courrier entrant - stefano.crapanzano@chuliege.be - Mozilla Thunderbird,Helpdesk général,2021-10-06,10:38:07,00:00:31
stefano.crapanzano@chu.ulg.ac.be,Courrier entrant - stefano.crapanzano@chuliege.be - Mozilla Thunderbird,Helpdesk général,2021-10-06,10:41:12,00:00:03
stefano.crapanzano@chu.ulg.ac.be,Courrier entrant - stefano.crapanzano@chuliege.be - Mozilla Thunderbird,Helpdesk général,2021-10-06,10:41:19,00:00:17
stefano.crapanzano@chu.ulg.ac.be,Courrier entrant - stefano.crapanzano@chuliege.be - Mozilla Thunderbird,Helpdesk général,2021-10-06,10:41:44,00:09:33
stefano.crapanzano@chu.ulg.ac.be,Courrier entrant - stefano.crapanzano@chuliege.be - Mozilla Thunderbird,Helpdesk général,2021-10-06,10:59:58,00:00:18
stefano.crapanzano@chu.ulg.ac.be,Courrier entrant - stefano.crapanzano@chuliege.be - Mozilla Thunderbird,Helpdesk général,2021-10-06,11:13:26,00:00:06
stefano.crapanzano@chu.ulg.ac.be,Courrier entrant - stefano.crapanzano@chuliege.be - Mozilla Thunderbird,Helpdesk général,2021-10-06,11:13:35,00:00:08
stefano.crapanzano@chu.ulg.ac.be,Courrier entrant - stefano.crapanzano@chuliege.be - Mozilla Thunderbird,Helpdesk général,2021-10-06,11:47:58,00:00:02
stefano.crapanzano@chu.ulg.ac.be,SSP Modifications terminologies_écrans SSP_211005 - Xperthis ERP4HC 2.0 Rollout - Service d'assistance - Google Chrome,Tâches diverses,2021-10-06,08:44:22,00:00:10
stefano.crapanzano@chu.ulg.ac.be,SSP Modifications terminologies_écrans SSP_211005 - Xperthis ERP4HC 2.0 Rollout - Service d'assistance - Google Chrome,Tâches diverses,2021-10-06,09:21:16,00:00:02
stefano.crapanzano@chu.ulg.ac.be,Navigation système de fichier,IT,2021-10-06,08:44:42,00:00:05
stefano.crapanzano@chu.ulg.ac.be,Navigation système de fichier,IT,2021-10-06,09:01:24,00:02:02
stefano.crapanzano@chu.ulg.ac.be,Navigation système de fichier,IT,2021-10-06,09:06:35,00:00:55
stefano.crapanzano@chu.ulg.ac.be,Navigation système de fichier,IT,2021-10-06,09:07:35,00:00:10
stefano.crapanzano@chu.ulg.ac.be,Navigation système de fichier,IT,2021-10-06,09:18:43,00:00:02
stefano.crapanzano@chu.ulg.ac.be,Navigation système de fichier,IT,2021-10-06,09:18:48,00:00:49
stefano.crapanzano@chu.ulg.ac.be,Navigation système de fichier,IT,2021-10-06,09:19:42,00:00:05
stefano.crapanzano@chu.ulg.ac.be,Navigation système de fichier,IT,2021-10-06,09:19:54,00:00:06
stefano.crapanzano@chu.ulg.ac.be,Navigation système de fichier,IT,2021-10-06,09:39:24,00:00:26
stefano.crapanzano@chu.ulg.ac.be,Navigation système de fichier,IT,2021-10-06,09:42:49,00:00:05
stefano.crapanzano@chu.ulg.ac.be,Navigation système de fichier,IT,2021-10-06,09:45:39,00:00:06
stefano.crapanzano@chu.ulg.ac.be,Navigation système de fichier,IT,2021-10-06,09:46:34,00:00:02
stefano.crapanzano@chu.ulg.ac.be,Navigation système de fichier,IT,2021-10-06,09:46:43,00:00:06
stefano.crapanzano@chu.ulg.ac.be,Navigation système de fichier,IT,2021-10-06,09:53:10,00:00:02
stefano.crapanzano@chu.ulg.ac.be,Navigation système de fichier,IT,2021-10-06,10:09:30,00:00:10
stefano.crapanzano@chu.ulg.ac.be,Navigation système de fichier,IT,2021-10-06,10:09:59,00:00:18
stefano.crapanzano@chu.ulg.ac.be,Navigation système de fichier,IT,2021-10-06,10:11:26,00:00:02
stefano.crapanzano@chu.ulg.ac.be,Navigation système de fichier,IT,2021-10-06,10:14:30,00:00:22
stefano.crapanzano@chu.ulg.ac.be,Navigation système de fichier,IT,2021-10-06,10:15:00,00:02:56
stefano.crapanzano@chu.ulg.ac.be,Navigation système de fichier,IT,2021-10-06,10:20:45,00:00:02
stefano.crapanzano@chu.ulg.ac.be,Navigation système de fichier,IT,2021-10-06,10:34:31,00:00:03
stefano.crapanzano@chu.ulg.ac.be,Navigation système de fichier,IT,2021-10-06,11:27:40,00:00:07
stefano.crapanzano@chu.ulg.ac.be,Programmation,IT,2021-10-06,09:40:28,00:00:04
stefano.crapanzano@chu.ulg.ac.be,Programmation,IT,2021-10-06,11:27:50,00:00:18
stefano.crapanzano@chu.ulg.ac.be,SSP Libellé incorrect - Xperthis ERP4HC 2.0 Rollout - Service d'assistance - Google Chrome,Tâches diverses,2021-10-06,08:45:29,00:00:04
stefano.crapanzano@chu.ulg.ac.be,SSP Libellé incorrect - Xperthis ERP4HC 2.0 Rollout - Service d'assistance - Google Chrome,Tâches diverses,2021-10-06,08:56:46,00:00:12
stefano.crapanzano@chu.ulg.ac.be,sam.uliege.be - Google Chrome,Tâches diverses,2021-10-06,08:45:05,00:00:02
stefano.crapanzano@chu.ulg.ac.be,Identification - Google Chrome,Tâches diverses,2021-10-06,08:45:08,00:00:05
stefano.crapanzano@chu.ulg.ac.be,POST data - Google Chrome,Tâches diverses,2021-10-06,11:19:20,00:00:02
stefano.crapanzano@chu.ulg.ac.be,SAM-DB - Google Chrome,Tâches diverses,2021-10-06,08:45:14,00:00:10
stefano.crapanzano@chu.ulg.ac.be,SAM-DB - Google Chrome,Tâches diverses,2021-10-06,09:40:37,00:00:07
stefano.crapanzano@chu.ulg.ac.be,SSP Quantité à commander ne vient pas de ZMMARTIKEL - Xperthis ERP4HC 2.0 Rollout - Service d'assistance - Google Chrome,Tâches diverses,2021-10-06,08:45:25,00:00:04
stefano.crapanzano@chu.ulg.ac.be,SSP Quantité à commander ne vient pas de ZMMARTIKEL - Xperthis ERP4HC 2.0 Rollout - Service d'assistance - Google Chrome,Tâches diverses,2021-10-06,10:27:51,00:05:05
stefano.crapanzano@chu.ulg.ac.be,SSP Quantité à commander ne vient pas de ZMMARTIKEL - Xperthis ERP4HC 2.0 Rollout - Service d'assistance - Google Chrome,Tâches diverses,2021-10-06,10:34:09,00:00:02
stefano.crapanzano@chu.ulg.ac.be,SSP Quantité à commander ne vient pas de ZMMARTIKEL - Xperthis ERP4HC 2.0 Rollout - Service d'assistance - Google Chrome,Tâches diverses,2021-10-06,10:34:25,00:00:02
stefano.crapanzano@chu.ulg.ac.be,SSP Quantité à commander ne vient pas de ZMMARTIKEL - Xperthis ERP4HC 2.0 Rollout - Service d'assistance - Google Chrome,Tâches diverses,2021-10-06,10:41:39,00:00:03
stefano.crapanzano@chu.ulg.ac.be,SSP Quantité à commander ne vient pas de ZMMARTIKEL - Xperthis ERP4HC 2.0 Rollout - Service d'assistance - Google Chrome,Tâches diverses,2021-10-06,10:51:28,00:00:03
stefano.crapanzano@chu.ulg.ac.be,SSP Quantité à commander ne vient pas de ZMMARTIKEL - Xperthis ERP4HC 2.0 Rollout - Service d'assistance - Google Chrome,Tâches diverses,2021-10-06,10:54:24,00:00:04
stefano.crapanzano@chu.ulg.ac.be,SSP Quantité à commander ne vient pas de ZMMARTIKEL - Xperthis ERP4HC 2.0 Rollout - Service d'assistance - Google Chrome,Tâches diverses,2021-10-06,11:05:00,00:00:09
stefano.crapanzano@chu.ulg.ac.be,SSP Quantité à commander ne vient pas de ZMMARTIKEL - Xperthis ERP4HC 2.0 Rollout - Service d'assistance - Google Chrome,Tâches diverses,2021-10-06,11:31:02,00:00:13
stefano.crapanzano@chu.ulg.ac.be,Demandes - Service d'assistance - Google Chrome,Tâches diverses,2021-10-06,08:45:33,00:01:50
stefano.crapanzano@chu.ulg.ac.be,Demandes - Service d'assistance - Google Chrome,Tâches diverses,2021-10-06,08:47:26,00:00:53
stefano.crapanzano@chu.ulg.ac.be,Demandes - Service d'assistance - Google Chrome,Tâches diverses,2021-10-06,08:48:21,00:00:02
stefano.crapanzano@chu.ulg.ac.be,Demandes - Service d'assistance - Google Chrome,Tâches diverses,2021-10-06,08:48:33,00:00:02
stefano.crapanzano@chu.ulg.ac.be,Demandes - Service d'assistance - Google Chrome,Tâches diverses,2021-10-06,08:48:38,00:00:05
stefano.crapanzano@chu.ulg.ac.be,Demandes - Service d'assistance - Google Chrome,Tâches diverses,2021-10-06,08:56:58,00:00:02
stefano.crapanzano@chu.ulg.ac.be,Demandes - Service d'assistance - Google Chrome,Tâches diverses,2021-10-06,08:57:30,00:00:05
stefano.crapanzano@chu.ulg.ac.be,Demandes - Service d'assistance - Google Chrome,Tâches diverses,2021-10-06,09:21:18,00:00:12
stefano.crapanzano@chu.ulg.ac.be,Demandes - Service d'assistance - Google Chrome,Tâches diverses,2021-10-06,09:21:33,00:00:08
stefano.crapanzano@chu.ulg.ac.be,Demandes - Service d'assistance - Google Chrome,Tâches diverses,2021-10-06,09:21:44,00:00:09
stefano.crapanzano@chu.ulg.ac.be,Demandes - Service d'assistance - Google Chrome,Tâches diverses,2021-10-06,09:22:16,00:00:03
stefano.crapanzano@chu.ulg.ac.be,Demandes - Service d'assistance - Google Chrome,Tâches diverses,2021-10-06,10:13:11,00:00:02
stefano.crapanzano@chu.ulg.ac.be,Demandes - Service d'assistance - Google Chrome,Tâches diverses,2021-10-06,10:13:24,00:00:09
stefano.crapanzano@chu.ulg.ac.be,Demandes - Service d'assistance - Google Chrome,Tâches diverses,2021-10-06,10:13:47,00:00:06
stefano.crapanzano@chu.ulg.ac.be,Demandes - Service d'assistance - Google Chrome,Tâches diverses,2021-10-06,10:20:51,00:00:02
stefano.crapanzano@chu.ulg.ac.be,Demandes - Service d'assistance - Google Chrome,Tâches diverses,2021-10-06,10:26:56,00:00:02
stefano.crapanzano@chu.ulg.ac.be,Demandes - Service d'assistance - Google Chrome,Tâches diverses,2021-10-06,10:27:48,00:00:02
stefano.crapanzano@chu.ulg.ac.be,Demandes - Service d'assistance - Google Chrome,Tâches diverses,2021-10-06,10:33:43,00:00:05
stefano.crapanzano@chu.ulg.ac.be,Demandes - Service d'assistance - Google Chrome,Tâches diverses,2021-10-06,10:54:28,00:00:09
stefano.crapanzano@chu.ulg.ac.be,Demandes - Service d'assistance - Google Chrome,Tâches diverses,2021-10-06,10:54:54,00:00:08
stefano.crapanzano@chu.ulg.ac.be,Demandes - Service d'assistance - Google Chrome,Tâches diverses,2021-10-06,11:04:07,00:00:22
stefano.crapanzano@chu.ulg.ac.be,Demandes - Service d'assistance - Google Chrome,Tâches diverses,2021-10-06,11:04:42,00:00:17
stefano.crapanzano@chu.ulg.ac.be,Demandes - Service d'assistance - Google Chrome,Tâches diverses,2021-10-06,11:05:09,00:00:15
stefano.crapanzano@chu.ulg.ac.be,Demandes - Service d'assistance - Google Chrome,Tâches diverses,2021-10-06,11:05:30,00:00:53
stefano.crapanzano@chu.ulg.ac.be,Demandes - Service d'assistance - Google Chrome,Tâches diverses,2021-10-06,11:13:18,00:00:05
stefano.crapanzano@chu.ulg.ac.be,Demandes - Service d'assistance - Google Chrome,Tâches diverses,2021-10-06,11:13:49,00:01:03
stefano.crapanzano@chu.ulg.ac.be,Demandes - Service d'assistance - Google Chrome,Tâches diverses,2021-10-06,11:15:28,00:00:16
stefano.crapanzano@chu.ulg.ac.be,Demandes - Service d'assistance - Google Chrome,Tâches diverses,2021-10-06,11:15:48,00:00:02
stefano.crapanzano@chu.ulg.ac.be,Demandes - Service d'assistance - Google Chrome,Tâches diverses,2021-10-06,11:15:54,00:00:12
stefano.crapanzano@chu.ulg.ac.be,Demandes - Service d'assistance - Google Chrome,Tâches diverses,2021-10-06,11:16:22,00:00:13
stefano.crapanzano@chu.ulg.ac.be,Demandes - Service d'assistance - Google Chrome,Tâches diverses,2021-10-06,11:16:38,00:00:02
stefano.crapanzano@chu.ulg.ac.be,Demandes - Service d'assistance - Google Chrome,Tâches diverses,2021-10-06,11:16:44,00:00:05
stefano.crapanzano@chu.ulg.ac.be,Demandes - Service d'assistance - Google Chrome,Tâches diverses,2021-10-06,11:16:52,00:00:05
stefano.crapanzano@chu.ulg.ac.be,Demandes - Service d'assistance - Google Chrome,Tâches diverses,2021-10-06,11:17:01,00:00:05
stefano.crapanzano@chu.ulg.ac.be,Demandes - Service d'assistance - Google Chrome,Tâches diverses,2021-10-06,11:17:37,00:00:13
stefano.crapanzano@chu.ulg.ac.be,Demandes - Service d'assistance - Google Chrome,Tâches diverses,2021-10-06,11:17:57,00:00:06
stefano.crapanzano@chu.ulg.ac.be,Demandes - Service d'assistance - Google Chrome,Tâches diverses,2021-10-06,11:18:07,00:00:34
stefano.crapanzano@chu.ulg.ac.be,Demandes - Service d'assistance - Google Chrome,Tâches diverses,2021-10-06,11:24:10,00:00:09
stefano.crapanzano@chu.ulg.ac.be,Demandes - Service d'assistance - Google Chrome,Tâches diverses,2021-10-06,11:24:50,00:00:10
stefano.crapanzano@chu.ulg.ac.be,Demandes - Service d'assistance - Google Chrome,Tâches diverses,2021-10-06,11:26:40,00:00:08
stefano.crapanzano@chu.ulg.ac.be,Demandes - Service d'assistance - Google Chrome,Tâches diverses,2021-10-06,11:27:04,00:00:36
stefano.crapanzano@chu.ulg.ac.be,Demandes - Service d'assistance - Google Chrome,Helpdesk général,2021-10-06,11:29:46,00:00:06
stefano.crapanzano@chu.ulg.ac.be,Demandes - Service d'assistance - Google Chrome,Tâches diverses,2021-10-06,11:29:55,00:00:06
stefano.crapanzano@chu.ulg.ac.be,Demandes - Service d'assistance - Google Chrome,Tâches diverses,2021-10-06,11:30:12,00:00:31
stefano.crapanzano@chu.ulg.ac.be,Demandes - Service d'assistance - Google Chrome,Tâches diverses,2021-10-06,12:08:25,00:00:40
stefano.crapanzano@chu.ulg.ac.be,Hôte Netop - Exécution,Tâches diverses,2021-10-06,08:47:23,00:00:02
stefano.crapanzano@chu.ulg.ac.be,Transaction PPOMA_BBP indisponible dans X01 - Xperthis ERP4HC 2.0 Rollout - Service d'assistance - Google Chrome,Tâches diverses,2021-10-06,08:48:36,00:00:02
stefano.crapanzano@chu.ulg.ac.be,Transaction PPOMA_BBP indisponible dans X01 - Xperthis ERP4HC 2.0 Rollout - Service d'assistance - Google Chrome,Tâches diverses,2021-10-06,08:48:44,00:00:36
stefano.crapanzano@chu.ulg.ac.be,Transaction PPOMA_BBP indisponible dans X01 - Xperthis ERP4HC 2.0 Rollout - Service d'assistance - Google Chrome,Tâches diverses,2021-10-06,08:54:13,00:02:12
stefano.crapanzano@chu.ulg.ac.be,Transaction PPOMA_BBP indisponible dans X01 - Xperthis ERP4HC 2.0 Rollout - Service d'assistance - Google Chrome,Tâches diverses,2021-10-06,09:22:27,00:00:02
stefano.crapanzano@chu.ulg.ac.be,Transaction PPOMA_BBP indisponible dans X01 - Xperthis ERP4HC 2.0 Rollout - Service d'assistance - Google Chrome,Tâches diverses,2021-10-06,11:48:07,00:00:02
stefano.crapanzano@chu.ulg.ac.be,SSP NOUVELLE VERSION SAP PPOMA - Xperthis ERP4HC 2.0 Rollout - Service d'assistance - Google Chrome,Tâches diverses,2021-10-06,08:48:23,00:00:09
stefano.crapanzano@chu.ulg.ac.be,SAP Logon 760,Exploration SAP,2021-10-06,08:49:20,00:00:02
stefano.crapanzano@chu.ulg.ac.be,SAP Logon 760,Exploration SAP,2021-10-06,09:19:47,00:00:06
stefano.crapanzano@chu.ulg.ac.be,SAP Logon 760,Exploration SAP,2021-10-06,09:20:00,00:00:05
stefano.crapanzano@chu.ulg.ac.be,SAP Logon 760,Exploration SAP,2021-10-06,09:20:17,00:00:02
stefano.crapanzano@chu.ulg.ac.be,SAP Logon 760,Exploration SAP,2021-10-06,09:20:21,00:00:05
stefano.crapanzano@chu.ulg.ac.be,SAP Logon 760,Exploration SAP,2021-10-06,09:20:47,00:00:07
stefano.crapanzano@chu.ulg.ac.be,SAP Logon 760,Exploration SAP,2021-10-06,09:23:15,00:00:02
stefano.crapanzano@chu.ulg.ac.be,SAP Logon 760,Exploration SAP,2021-10-06,09:39:05,00:00:18
stefano.crapanzano@chu.ulg.ac.be,SAP Easy Access Menu de base Applications financières-économiques,Exploration SAP,2021-10-06,08:49:23,00:00:05
stefano.crapanzano@chu.ulg.ac.be,SAP Easy Access Menu de base Applications financières-économiques,Exploration SAP,2021-10-06,09:53:57,00:00:20
stefano.crapanzano@chu.ulg.ac.be,SAP Easy Access Menu de base Applications financières-économiques,Exploration SAP,2021-10-06,09:54:51,00:00:05
stefano.crapanzano@chu.ulg.ac.be,SAP Easy Access Menu de base Applications financières-économiques,Exploration SAP,2021-10-06,09:55:00,00:00:36
stefano.crapanzano@chu.ulg.ac.be,SAP Easy Access Menu de base Applications financières-économiques,Exploration SAP,2021-10-06,09:56:30,00:00:20
stefano.crapanzano@chu.ulg.ac.be,SAP Easy Access Menu de base Applications financières-économiques,Exploration SAP,2021-10-06,09:57:02,00:00:16
stefano.crapanzano@chu.ulg.ac.be,SAP Easy Access Menu de base Applications financières-économiques,Exploration SAP,2021-10-06,09:57:22,00:00:10
stefano.crapanzano@chu.ulg.ac.be,SAP Easy Access Menu de base Applications financières-économiques,Exploration SAP,2021-10-06,09:57:38,00:00:10
stefano.crapanzano@chu.ulg.ac.be,SAP Easy Access Menu de base Applications financières-économiques,Exploration SAP,2021-10-06,09:58:50,00:00:05
stefano.crapanzano@chu.ulg.ac.be,SAP Easy Access Menu de base Applications financières-économiques,Exploration SAP,2021-10-06,09:58:57,00:00:06
stefano.crapanzano@chu.ulg.ac.be,SAP Easy Access Menu de base Applications financières-économiques,Exploration SAP,2021-10-06,10:06:02,00:00:08
stefano.crapanzano@chu.ulg.ac.be,SAP Easy Access Menu de base Applications financières-économiques,Exploration SAP,2021-10-06,11:01:49,00:00:04
stefano.crapanzano@chu.ulg.ac.be,SAP Easy Access Menu de base Applications financières-économiques,Exploration SAP,2021-10-06,11:03:29,00:00:05
stefano.crapanzano@chu.ulg.ac.be,SAP Easy Access Menu de base Applications financières-économiques,Exploration SAP,2021-10-06,11:31:54,00:00:04
stefano.crapanzano@chu.ulg.ac.be,Gestion des utilisateurs : écran initial,Exploration SAP,2021-10-06,08:49:28,00:00:09
stefano.crapanzano@chu.ulg.ac.be,Gestion des utilisateurs : écran initial,Exploration SAP,2021-10-06,08:53:22,00:00:17
stefano.crapanzano@chu.ulg.ac.be,Afficher utilisateur,Exploration SAP,2021-10-06,08:49:38,00:00:18
stefano.crapanzano@chu.ulg.ac.be,Afficher utilisateur,Exploration SAP,2021-10-06,08:53:07,00:00:05
stefano.crapanzano@chu.ulg.ac.be,lambert - Mozilla Thunderbird,Helpdesk général,2021-10-06,08:50:09,00:00:09
stefano.crapanzano@chu.ulg.ac.be,licence Laura Simioli c194833 - Mozilla Thunderbird,Helpdesk général,2021-10-06,08:50:19,00:02:47
stefano.crapanzano@chu.ulg.ac.be,licence Laura Simioli c194833 - Mozilla Thunderbird,Helpdesk général,2021-10-06,08:53:40,00:00:08
stefano.crapanzano@chu.ulg.ac.be,licence Laura Simioli c194833 - Mozilla Thunderbird,Helpdesk général,2021-10-06,08:53:50,00:00:23
stefano.crapanzano@chu.ulg.ac.be,Gérer utilisateur,Exploration SAP,2021-10-06,08:53:13,00:00:09
stefano.crapanzano@chu.ulg.ac.be,par0019wi.xperthis.be - Google Chrome,Tâches diverses,2021-10-06,08:56:25,00:00:04
stefano.crapanzano@chu.ulg.ac.be,SSP Accès au reporting dans SSP 2.0 - Xperthis ERP4HC 2.0 Rollout - Service d'assistance - Google Chrome,Tâches diverses,2021-10-06,08:57:00,00:00:10
stefano.crapanzano@chu.ulg.ac.be,SSP Accès au reporting dans SSP 2.0 - Xperthis ERP4HC 2.0 Rollout - Service d'assistance - Google Chrome,Tâches diverses,2021-10-06,08:57:26,00:00:04
stefano.crapanzano@chu.ulg.ac.be,Service MT - Google Chrome,Tâches diverses,2021-10-06,08:57:56,00:03:16
stefano.crapanzano@chu.ulg.ac.be,Service MT - Google Chrome,Tâches diverses,2021-10-06,10:55:02,00:00:17
stefano.crapanzano@chu.ulg.ac.be,Service MT - Google Chrome,Tâches diverses,2021-10-06,11:39:14,00:00:05
stefano.crapanzano@chu.ulg.ac.be,Service MT - Google Chrome,Tâches diverses,2021-10-06,11:43:35,00:00:02
stefano.crapanzano@chu.ulg.ac.be,Rédaction : Re: rapports d'activité - Thunderbird,Helpdesk général,2021-10-06,09:03:37,00:00:05
stefano.crapanzano@chu.ulg.ac.be,Rédaction : Re: rapports d'activité - Thunderbird,Helpdesk général,2021-10-06,09:03:55,00:00:24
stefano.crapanzano@chu.ulg.ac.be,Joindre les fichiers,Helpdesk général,2021-10-06,09:03:43,00:00:11
stefano.crapanzano@chu.ulg.ac.be,Joindre les fichiers,Helpdesk général,2021-10-06,10:11:23,00:00:02
stefano.crapanzano@chu.ulg.ac.be,Joindre les fichiers,Helpdesk général,2021-10-06,10:11:28,00:00:02
stefano.crapanzano@chu.ulg.ac.be,Vérification de l’orthographe,Helpdesk général,2021-10-06,11:43:10,00:00:02
stefano.crapanzano@chu.ulg.ac.be,\\appsaiadm.st.chulg\ERP\Config\saplogon.ini - Notepad++ [Administrator],IT,2021-10-06,09:07:30,00:00:02
stefano.crapanzano@chu.ulg.ac.be,*nouveau 8 - Notepad++ [Administrator],IT,2021-10-06,09:07:33,00:00:02
stefano.crapanzano@chu.ulg.ac.be,C:\Users\c158492\Desktop\saplogon.ini - Notepad++ [Administrator],IT,2021-10-06,09:07:45,00:00:03
stefano.crapanzano@chu.ulg.ac.be,C:\Users\c158492\Desktop\saplogon.ini - Notepad++ [Administrator],IT,2021-10-06,09:18:41,00:00:02
stefano.crapanzano@chu.ulg.ac.be,C:\Users\c158492\Desktop\saplogon.ini - Notepad++ [Administrator],IT,2021-10-06,09:33:02,00:00:13
stefano.crapanzano@chu.ulg.ac.be,TR: ERP4HC2.0 - environnements cycle 3 / omgevingen test cyclus 3 - Mozilla Thunderbird,Helpdesk général,2021-10-06,09:08:03,00:00:07
stefano.crapanzano@chu.ulg.ac.be,TR: ERP4HC2.0 - environnements cycle 3 / omgevingen test cyclus 3 - Mozilla Thunderbird,Helpdesk général,2021-10-06,09:08:39,00:00:24
stefano.crapanzano@chu.ulg.ac.be,TR: ERP4HC2.0 - environnements cycle 3 / omgevingen test cyclus 3 - Mozilla Thunderbird,Helpdesk général,2021-10-06,09:09:14,00:00:04
stefano.crapanzano@chu.ulg.ac.be,TR: ERP4HC2.0 - environnements cycle 3 / omgevingen test cyclus 3 - Mozilla Thunderbird,Helpdesk général,2021-10-06,09:09:22,00:00:02
stefano.crapanzano@chu.ulg.ac.be,Imprimer,Helpdesk général,2021-10-06,09:08:11,00:00:03
stefano.crapanzano@chu.ulg.ac.be,Impression,Helpdesk général,2021-10-06,09:08:15,00:00:02
stefano.crapanzano@chu.ulg.ac.be,Sélectionner un emplacement dans OneNote,Helpdesk général,2021-10-06,09:08:19,00:00:03
stefano.crapanzano@chu.ulg.ac.be,Greenshot capture form,Helpdesk général,2021-10-06,09:09:18,00:00:03
stefano.crapanzano@chu.ulg.ac.be,Greenshot capture form,Helpdesk général,2021-10-06,09:21:07,00:00:06
stefano.crapanzano@chu.ulg.ac.be,Greenshot capture form,Tâches diverses,2021-10-06,10:24:41,00:00:06
stefano.crapanzano@chu.ulg.ac.be,*C:\Users\c158492\Desktop\saplogon.ini - Notepad++ [Administrator],IT,2021-10-06,09:09:57,00:01:28
stefano.crapanzano@chu.ulg.ac.be,*C:\Users\c158492\Desktop\saplogon.ini - Notepad++ [Administrator],Helpdesk général,2021-10-06,09:11:29,00:00:06
stefano.crapanzano@chu.ulg.ac.be,*C:\Users\c158492\Desktop\saplogon.ini - Notepad++ [Administrator],IT,2021-10-06,09:11:40,00:05:53
stefano.crapanzano@chu.ulg.ac.be,*C:\Users\c158492\Desktop\saplogon.ini - Notepad++ [Administrator],IT,2021-10-06,09:18:23,00:00:17
stefano.crapanzano@chu.ulg.ac.be,Rédaction : Re: Licence ARCO - Thunderbird,Helpdesk général,2021-10-06,09:11:26,00:00:02
stefano.crapanzano@chu.ulg.ac.be,Lecture documentation,Tâches diverses,2021-10-06,09:18:46,00:00:02
stefano.crapanzano@chu.ulg.ac.be,Lecture documentation,Tâches diverses,2021-10-06,10:51:36,00:00:58
stefano.crapanzano@chu.ulg.ac.be,Lecture documentation,Tâches diverses,2021-10-06,11:06:24,00:05:40
stefano.crapanzano@chu.ulg.ac.be,Lecture documentation,Tâches diverses,2021-10-06,11:39:51,00:00:37
stefano.crapanzano@chu.ulg.ac.be,Lecture documentation,Tâches diverses,2021-10-06,11:44:37,00:01:37
stefano.crapanzano@chu.ulg.ac.be,Lecture documentation,Tâches diverses,2021-10-06,11:46:41,00:00:54
stefano.crapanzano@chu.ulg.ac.be,Lecture documentation,Tâches diverses,2021-10-06,11:48:09,00:06:57
stefano.crapanzano@chu.ulg.ac.be,Lecture documentation,Tâches diverses,2021-10-06,11:55:10,00:05:26
stefano.crapanzano@chu.ulg.ac.be,Lecture documentation,Tâches diverses,2021-10-06,12:00:39,00:00:17
stefano.crapanzano@chu.ulg.ac.be,Lecture documentation,Tâches diverses,2021-10-06,12:01:49,00:02:55
stefano.crapanzano@chu.ulg.ac.be,Lecture documentation,Tâches diverses,2021-10-06,12:05:58,00:00:14
stefano.crapanzano@chu.ulg.ac.be,Lecture documentation,Tâches diverses,2021-10-06,12:06:14,00:01:02
stefano.crapanzano@chu.ulg.ac.be,Lecture documentation,Tâches diverses,2021-10-06,12:07:59,00:00:04
stefano.crapanzano@chu.ulg.ac.be,Lecture documentation,Tâches diverses,2021-10-06,12:09:07,00:00:05
stefano.crapanzano@chu.ulg.ac.be,Lecture documentation,Tâches diverses,2021-10-06,12:10:03,00:03:54
stefano.crapanzano@chu.ulg.ac.be,Lecture documentation,Tâches diverses,2021-10-06,12:16:02,00:12:54
stefano.crapanzano@chu.ulg.ac.be,Sapgui Splash Screen,Exploration SAP,2021-10-06,09:20:05,00:00:09
stefano.crapanzano@chu.ulg.ac.be,Sapgui Splash Screen,Exploration SAP,2021-10-06,09:20:27,00:00:10
stefano.crapanzano@chu.ulg.ac.be,Sapgui Splash Screen,Exploration SAP,2021-10-06,09:20:55,00:00:09
stefano.crapanzano@chu.ulg.ac.be,Sapgui Splash Screen,Exploration SAP,2021-10-06,09:22:59,00:00:10
stefano.crapanzano@chu.ulg.ac.be,Sapgui Splash Screen,Exploration SAP,2021-10-06,09:23:18,00:00:09
stefano.crapanzano@chu.ulg.ac.be,SAP GUI for Windows 760,Exploration SAP,2021-10-06,09:20:15,00:00:02
stefano.crapanzano@chu.ulg.ac.be,SAP GUI for Windows 760,Exploration SAP,2021-10-06,09:20:38,00:00:09
stefano.crapanzano@chu.ulg.ac.be,SAP GUI for Windows 760,Exploration SAP,2021-10-06,09:23:10,00:00:05
stefano.crapanzano@chu.ulg.ac.be,SAP,Exploration SAP,2021-10-06,11:01:41,00:00:08
stefano.crapanzano@chu.ulg.ac.be,Connexion à TE5 impossible pour tout le monde - Xperthis ERP4HC 2.0 Rollout - Service d'assistance - Google Chrome,Tâches diverses,2021-10-06,09:21:30,00:00:02
stefano.crapanzano@chu.ulg.ac.be,P203 CHU Compte pour se connecter à X01 et TE5 le 26/7 - Xperthis ERP4HC 1.0 - Service d'assistance - Google Chrome,Tâches diverses,2021-10-06,09:21:41,00:00:02
stefano.crapanzano@chu.ulg.ac.be,P203 CHU Connexion à ERP4HC 2.0 : IP 153.89.126.135 non accessible + connexions SAPLOGON - Xperthis ERP4HC 1.0 - Service d'assistance - Google Chrome,Tâches diverses,2021-10-06,09:21:53,00:00:22
stefano.crapanzano@chu.ulg.ac.be,P203 CHU Connexion à ERP4HC 2.0 : IP 153.89.126.135 non accessible + connexions SAPLOGON - Xperthis ERP4HC 1.0 - Service d'assistance - Google Chrome,Tâches diverses,2021-10-06,09:22:29,00:00:12
stefano.crapanzano@chu.ulg.ac.be,P203 CHU Connexion à ERP4HC 2.0 : IP 153.89.126.135 non accessible + connexions SAPLOGON - Xperthis ERP4HC 1.0 - Service d'assistance - Google Chrome,Tâches diverses,2021-10-06,09:25:04,00:00:16
stefano.crapanzano@chu.ulg.ac.be,P203 CHU Connexion à ERP4HC 2.0 : IP 153.89.126.135 non accessible + connexions SAPLOGON - Xperthis ERP4HC 1.0 - Service d'assistance - Google Chrome,Tâches diverses,2021-10-06,09:29:52,00:00:12
stefano.crapanzano@chu.ulg.ac.be,ZORGI Help Center - Service d'assistance - Google Chrome,Tâches diverses,2021-10-06,09:22:20,00:00:06
stefano.crapanzano@chu.ulg.ac.be,Incident ERP for HealthCare - Xperthis ERP4HC 2.0 Rollout - Service d'assistance - Google Chrome,Tâches diverses,2021-10-06,09:22:44,00:00:09
stefano.crapanzano@chu.ulg.ac.be,Incident ERP for HealthCare - Xperthis ERP4HC 2.0 Rollout - Service d'assistance - Google Chrome,Tâches diverses,2021-10-06,09:23:30,00:01:33
stefano.crapanzano@chu.ulg.ac.be,Incident ERP for HealthCare - Xperthis ERP4HC 2.0 Rollout - Service d'assistance - Google Chrome,Tâches diverses,2021-10-06,09:32:57,00:00:05
stefano.crapanzano@chu.ulg.ac.be,Incident ERP for HealthCare - Xperthis ERP4HC 2.0 Rollout - Service d'assistance - Google Chrome,Tâches diverses,2021-10-06,09:35:15,00:00:17
stefano.crapanzano@chu.ulg.ac.be,Incident ERP for HealthCare - Xperthis ERP4HC 2.0 Rollout - Service d'assistance - Google Chrome,Tâches diverses,2021-10-06,09:35:36,00:02:00
stefano.crapanzano@chu.ulg.ac.be,SDERP-18907 - Mozilla Thunderbird,Helpdesk général,2021-10-06,09:25:22,00:00:33
stefano.crapanzano@chu.ulg.ac.be,SDERP-18907 - Mozilla Thunderbird,Helpdesk général,2021-10-06,09:26:16,00:00:41
stefano.crapanzano@chu.ulg.ac.be,SDERP-18907 - Mozilla Thunderbird,Helpdesk général,2021-10-06,09:28:21,00:01:29
stefano.crapanzano@chu.ulg.ac.be,SDERP-18907 - Mozilla Thunderbird,Helpdesk général,2021-10-06,09:30:06,00:00:06
stefano.crapanzano@chu.ulg.ac.be,STERPBE-2209 L'adresse IP 153.89.126.135 n'est (toujours) pas accessible  malgré la demande faite dans le ticket SDERP-18907 - Mozilla Thunderbird,Helpdesk général,2021-10-06,09:25:56,00:00:20
stefano.crapanzano@chu.ulg.ac.be,SDERP-18936 P203 CHU Connexion à TE5 et X01 impossible en VPN - message d'erreur identique au ticket SDERP-18907 - Mozilla Thunderbird,Helpdesk général,2021-10-06,09:26:57,00:01:23
stefano.crapanzano@chu.ulg.ac.be,nrb - Mozilla Thunderbird,Helpdesk général,2021-10-06,09:30:12,00:01:07
stefano.crapanzano@chu.ulg.ac.be,SDERP-18936 - connection issue CHU TE5/X01 - Mozilla Thunderbird,Helpdesk général,2021-10-06,09:31:19,00:01:11
stefano.crapanzano@chu.ulg.ac.be,SDERP-18936 - connection issue CHU TE5/X01 - Mozilla Thunderbird,Helpdesk général,2021-10-06,09:38:18,00:00:02
stefano.crapanzano@chu.ulg.ac.be,SDERP-18936 - connection issue CHU TE5/X01 - Mozilla Thunderbird,Helpdesk général,2021-10-06,10:40:59,00:00:02
stefano.crapanzano@chu.ulg.ac.be,Rédaction : Re: SDERP-18936 - connection issue CHU TE5/X01 - Thunderbird,Helpdesk général,2021-10-06,09:32:33,00:00:08
stefano.crapanzano@chu.ulg.ac.be,Rédaction : Re: SDERP-18936 - connection issue CHU TE6/A03 - Thunderbird,Helpdesk général,2021-10-06,09:32:43,00:00:05
stefano.crapanzano@chu.ulg.ac.be,Rédaction : Re: SDERP-18936 - connection issue CHU TE6/A03 - Thunderbird,Helpdesk général,2021-10-06,09:32:51,00:00:04
stefano.crapanzano@chu.ulg.ac.be,Rédaction : Re: SDERP-18936 - connection issue CHU TE6/A03 - Thunderbird,Helpdesk général,2021-10-06,09:33:17,00:01:48
stefano.crapanzano@chu.ulg.ac.be,Rédaction : Re: connection issue CHU TE6/A03 - Thunderbird,Helpdesk général,2021-10-06,09:35:05,00:00:05
stefano.crapanzano@chu.ulg.ac.be,Ouvrir,Tâches diverses,2021-10-06,09:35:32,00:00:04
stefano.crapanzano@chu.ulg.ac.be,Connexion à TE6 et A03 impossible. Problème identique au ticket SDERP-18907 - Xperthis ERP4HC 2.0 Rollout - Service d'assistance - Google Chrome,Tâches diverses,2021-10-06,09:37:36,00:00:41
stefano.crapanzano@chu.ulg.ac.be,Connexion à TE6 et A03 impossible. Problème identique au ticket SDERP-18907 - Xperthis ERP4HC 2.0 Rollout - Service d'assistance - Google Chrome,Helpdesk général,2021-10-06,09:40:35,00:00:02
stefano.crapanzano@chu.ulg.ac.be,Connexion à TE6 et A03 impossible. Problème identique au ticket SDERP-18907 - Xperthis ERP4HC 2.0 Rollout - Service d'assistance - Google Chrome,Tâches diverses,2021-10-06,10:12:51,00:00:20
stefano.crapanzano@chu.ulg.ac.be,Connexion à TE6 et A03 impossible. Problème identique au ticket SDERP-18907 - Xperthis ERP4HC 2.0 Rollout - Service d'assistance - Google Chrome,Tâches diverses,2021-10-06,10:24:38,00:00:02
stefano.crapanzano@chu.ulg.ac.be,Connexion à TE6 et A03 impossible. Problème identique au ticket SDERP-18907 - Xperthis ERP4HC 2.0 Rollout - Service d'assistance - Google Chrome,Helpdesk général,2021-10-06,10:26:48,00:00:07
stefano.crapanzano@chu.ulg.ac.be,Connexion à TE6 et A03 impossible. Problème identique au ticket SDERP-18907 - Xperthis ERP4HC 2.0 Rollout - Service d'assistance - Google Chrome,Tâches diverses,2021-10-06,10:33:34,00:00:09
stefano.crapanzano@chu.ulg.ac.be,Connexion à TE6 et A03 impossible. Problème identique au ticket SDERP-18907 - Xperthis ERP4HC 2.0 Rollout - Service d'assistance - Google Chrome,Tâches diverses,2021-10-06,10:54:37,00:00:16
stefano.crapanzano@chu.ulg.ac.be,FOURNISSEUR_DOUBLON_TVA.xltm - Excel,Tâches diverses,2021-10-06,09:39:52,00:00:04
stefano.crapanzano@chu.ulg.ac.be,Propriétés de connexion,Tâches diverses,2021-10-06,09:39:56,00:00:10
stefano.crapanzano@chu.ulg.ac.be,Microsoft Excel,Tâches diverses,2021-10-06,10:10:18,00:00:06
stefano.crapanzano@chu.ulg.ac.be,SAM-DB : Manque de mémoire sur PC fixe - Google Chrome,Tâches diverses,2021-10-06,09:40:45,00:02:03
stefano.crapanzano@chu.ulg.ac.be,SAM-DB : Manque de mémoire sur PC fixe - Google Chrome,Tâches diverses,2021-10-06,09:42:54,00:01:45
stefano.crapanzano@chu.ulg.ac.be,informations SAP listing - Mozilla Thunderbird,Helpdesk général,2021-10-06,09:45:47,00:00:02
stefano.crapanzano@chu.ulg.ac.be,informations SAP listing - Mozilla Thunderbird,Helpdesk général,2021-10-06,09:46:30,00:00:03
stefano.crapanzano@chu.ulg.ac.be,Rédaction : Re: informations SAP listing - Thunderbird,Helpdesk général,2021-10-06,09:45:50,00:00:40
stefano.crapanzano@chu.ulg.ac.be,Rédaction : Re: informations SAP listing - Thunderbird,Helpdesk général,2021-10-06,10:11:31,00:00:16
stefano.crapanzano@chu.ulg.ac.be,Harpège Download_tables_SaaS_SAP_V13.xlsx - Excel,Tâches diverses,2021-10-06,09:46:50,00:00:04
stefano.crapanzano@chu.ulg.ac.be,Harpège Download_tables_SaaS_SAP_V13.xlsx - Excel,Tâches diverses,2021-10-06,09:47:33,00:00:02
stefano.crapanzano@chu.ulg.ac.be,Harpège Download_tables_SaaS_SAP_V13.xlsx - Excel,Tâches diverses,2021-10-06,09:47:58,00:00:07
stefano.crapanzano@chu.ulg.ac.be,Harpège Download_tables_SaaS_SAP_V13.xlsx - Excel,Tâches diverses,2021-10-06,09:53:13,00:00:05
stefano.crapanzano@chu.ulg.ac.be,Activer,Tâches diverses,2021-10-06,09:46:54,00:00:31
stefano.crapanzano@chu.ulg.ac.be,Activer,Tâches diverses,2021-10-06,09:47:36,00:00:21
stefano.crapanzano@chu.ulg.ac.be,lfas - Mozilla Thunderbird,Helpdesk général,2021-10-06,09:48:56,00:00:18
stefano.crapanzano@chu.ulg.ac.be,lfas - Mozilla Thunderbird,Helpdesk général,2021-10-06,09:50:29,00:00:17
stefano.crapanzano@chu.ulg.ac.be,SDERP-9672 - SDERP-9601: Fournisseurs introuvables avec numéro de tva - Mozilla Thunderbird,Helpdesk général,2021-10-06,09:49:15,00:01:13
stefano.crapanzano@chu.ulg.ac.be,SDERP-9672 - SDERP-9601: Fournisseurs introuvables avec numéro de tva - Mozilla Thunderbird,Helpdesk général,2021-10-06,10:38:59,00:00:02
stefano.crapanzano@chu.ulg.ac.be,Envoyés - erp.sai@chuliege.be - Mozilla Thunderbird,Helpdesk général,2021-10-06,09:53:33,00:00:20
stefano.crapanzano@chu.ulg.ac.be,Envoyés - erp.sai@chuliege.be - Mozilla Thunderbird,Helpdesk général,2021-10-06,09:55:36,00:00:07
stefano.crapanzano@chu.ulg.ac.be,Envoyés - erp.sai@chuliege.be - Mozilla Thunderbird,Helpdesk général,2021-10-06,10:05:11,00:00:50
stefano.crapanzano@chu.ulg.ac.be,Envoyés - erp.sai@chuliege.be - Mozilla Thunderbird,Helpdesk général,2021-10-06,10:06:10,00:00:22
stefano.crapanzano@chu.ulg.ac.be,Envoyés - erp.sai@chuliege.be - Mozilla Thunderbird,Helpdesk général,2021-10-06,10:11:16,00:00:05
stefano.crapanzano@chu.ulg.ac.be,Envoyés - erp.sai@chuliege.be - Mozilla Thunderbird,Helpdesk général,2021-10-06,10:11:52,00:00:06
stefano.crapanzano@chu.ulg.ac.be,Envoyés - erp.sai@chuliege.be - Mozilla Thunderbird,Helpdesk général,2021-10-06,10:12:00,00:00:02
stefano.crapanzano@chu.ulg.ac.be,Envoyés - erp.sai@chuliege.be - Mozilla Thunderbird,Helpdesk général,2021-10-06,10:12:16,00:00:04
stefano.crapanzano@chu.ulg.ac.be,Envoyés - erp.sai@chuliege.be - Mozilla Thunderbird,Helpdesk général,2021-10-06,10:13:58,00:00:30
stefano.crapanzano@chu.ulg.ac.be,Envoyés - erp.sai@chuliege.be - Mozilla Thunderbird,Helpdesk général,2021-10-06,10:14:52,00:00:04
stefano.crapanzano@chu.ulg.ac.be,Envoyés - erp.sai@chuliege.be - Mozilla Thunderbird,Helpdesk général,2021-10-06,10:18:40,00:00:02
stefano.crapanzano@chu.ulg.ac.be,Envoyés - erp.sai@chuliege.be - Mozilla Thunderbird,Helpdesk général,2021-10-06,10:18:59,00:00:09
stefano.crapanzano@chu.ulg.ac.be,Envoyés - erp.sai@chuliege.be - Mozilla Thunderbird,Helpdesk général,2021-10-06,10:25:40,00:01:05
stefano.crapanzano@chu.ulg.ac.be,Envoyés - erp.sai@chuliege.be - Mozilla Thunderbird,Helpdesk général,2021-10-06,10:27:03,00:00:40
stefano.crapanzano@chu.ulg.ac.be,Envoyés - erp.sai@chuliege.be - Mozilla Thunderbird,Helpdesk général,2021-10-06,10:33:11,00:00:21
stefano.crapanzano@chu.ulg.ac.be,Envoyés - erp.sai@chuliege.be - Mozilla Thunderbird,Helpdesk général,2021-10-06,10:33:48,00:00:17
stefano.crapanzano@chu.ulg.ac.be,Envoyés - erp.sai@chuliege.be - Mozilla Thunderbird,Helpdesk général,2021-10-06,10:51:24,00:00:03
stefano.crapanzano@chu.ulg.ac.be,Envoyés - erp.sai@chuliege.be - Mozilla Thunderbird,Helpdesk général,2021-10-06,10:52:34,00:00:06
stefano.crapanzano@chu.ulg.ac.be,Envoyés - erp.sai@chuliege.be - Mozilla Thunderbird,Helpdesk général,2021-10-06,10:57:46,00:00:53
stefano.crapanzano@chu.ulg.ac.be,Envoyés - erp.sai@chuliege.be - Mozilla Thunderbird,Helpdesk général,2021-10-06,10:58:40,00:01:16
stefano.crapanzano@chu.ulg.ac.be,Envoyés - erp.sai@chuliege.be - Mozilla Thunderbird,Helpdesk général,2021-10-06,11:12:11,00:00:03
stefano.crapanzano@chu.ulg.ac.be,Envoyés - erp.sai@chuliege.be - Mozilla Thunderbird,Helpdesk général,2021-10-06,11:28:20,00:00:14
stefano.crapanzano@chu.ulg.ac.be,Envoyés - erp.sai@chuliege.be - Mozilla Thunderbird,Helpdesk général,2021-10-06,11:43:23,00:00:10
stefano.crapanzano@chu.ulg.ac.be,Envoyés - erp.sai@chuliege.be - Mozilla Thunderbird,Helpdesk général,2021-10-06,11:43:43,00:00:03
stefano.crapanzano@chu.ulg.ac.be,Envoyés - erp.sai@chuliege.be - Mozilla Thunderbird,Helpdesk général,2021-10-06,11:43:54,00:00:17
stefano.crapanzano@chu.ulg.ac.be,Envoyés - erp.sai@chuliege.be - Mozilla Thunderbird,Helpdesk général,2021-10-06,11:44:25,00:00:09
stefano.crapanzano@chu.ulg.ac.be,Envoyés - erp.sai@chuliege.be - Mozilla Thunderbird,Helpdesk général,2021-10-06,11:46:15,00:00:02
stefano.crapanzano@chu.ulg.ac.be,Envoyés - erp.sai@chuliege.be - Mozilla Thunderbird,Helpdesk général,2021-10-06,11:46:20,00:00:21
stefano.crapanzano@chu.ulg.ac.be,Envoyés - erp.sai@chuliege.be - Mozilla Thunderbird,Helpdesk général,2021-10-06,11:47:36,00:00:02
stefano.crapanzano@chu.ulg.ac.be,Envoyés - erp.sai@chuliege.be - Mozilla Thunderbird,Helpdesk général,2021-10-06,11:47:43,00:00:13
stefano.crapanzano@chu.ulg.ac.be,Envoyés - erp.sai@chuliege.be - Mozilla Thunderbird,Helpdesk général,2021-10-06,12:00:59,00:00:48
stefano.crapanzano@chu.ulg.ac.be,Envoyés - erp.sai@chuliege.be - Mozilla Thunderbird,Helpdesk général,2021-10-06,12:09:15,00:00:46
stefano.crapanzano@chu.ulg.ac.be,Comparaison comptes fournisseurs,Exploration SAP,2021-10-06,09:54:17,00:00:33
stefano.crapanzano@chu.ulg.ac.be,Fournisseur Afficher : écran initial,Exploration SAP,2021-10-06,09:54:56,00:00:03
stefano.crapanzano@chu.ulg.ac.be,Fournisseur Afficher : écran initial,Exploration SAP,2021-10-06,09:59:04,00:06:03
stefano.crapanzano@chu.ulg.ac.be,gera - Mozilla Thunderbird,Helpdesk général,2021-10-06,09:55:44,00:00:06
stefano.crapanzano@chu.ulg.ac.be,gera - Mozilla Thunderbird,Helpdesk général,2021-10-06,10:38:55,00:00:02
stefano.crapanzano@chu.ulg.ac.be,gera - Mozilla Thunderbird,Helpdesk général,2021-10-06,10:39:01,00:00:05
stefano.crapanzano@chu.ulg.ac.be,gera - Mozilla Thunderbird,Helpdesk général,2021-10-06,10:40:07,00:00:52
stefano.crapanzano@chu.ulg.ac.be,Migration ERP4HC 2.0 & GERA - Mozilla Thunderbird,Helpdesk général,2021-10-06,09:55:51,00:00:38
stefano.crapanzano@chu.ulg.ac.be,Migration ERP4HC 2.0 & GERA - Mozilla Thunderbird,Exploration SAP,2021-10-06,10:05:07,00:00:03
stefano.crapanzano@chu.ulg.ac.be,Migration ERP4HC 2.0 & GERA - Mozilla Thunderbird,Helpdesk général,2021-10-06,10:39:06,00:00:18
stefano.crapanzano@chu.ulg.ac.be,Migration ERP4HC 2.0 & GERA - Mozilla Thunderbird,Helpdesk général,2021-10-06,10:39:27,00:00:10
stefano.crapanzano@chu.ulg.ac.be,Migration ERP4HC 2.0 & GERA - Mozilla Thunderbird,Helpdesk général,2021-10-06,10:39:39,00:00:02
stefano.crapanzano@chu.ulg.ac.be,Arbre applications Sélection état Fourniss.,Exploration SAP,2021-10-06,09:56:50,00:00:12
stefano.crapanzano@chu.ulg.ac.be,Afficher/confirmer modifications fournisseurs critiques,Exploration SAP,2021-10-06,09:57:18,00:00:03
stefano.crapanzano@chu.ulg.ac.be,Aperçu des postes par créditeur,Exploration SAP,2021-10-06,09:57:33,00:00:05
stefano.crapanzano@chu.ulg.ac.be,Nouvel onglet - Google Chrome,Tâches diverses,2021-10-06,10:08:25,00:00:02
stefano.crapanzano@chu.ulg.ac.be,Nouvel onglet - Google Chrome,Tâches diverses,2021-10-06,11:19:16,00:00:04
stefano.crapanzano@chu.ulg.ac.be,convert sql - Recherche Google - Google Chrome,Tâches diverses,2021-10-06,10:08:28,00:00:02
stefano.crapanzano@chu.ulg.ac.be,SQL CONVERT() (MySQL et SQL Server) - SQL - Google Chrome,Tâches diverses,2021-10-06,10:08:31,00:00:05
stefano.crapanzano@chu.ulg.ac.be,SQL CONVERT() (MySQL et SQL Server) - SQL - Google Chrome,Tâches diverses,2021-10-06,10:12:25,00:00:10
stefano.crapanzano@chu.ulg.ac.be,lfa1_202110061009.csv - Excel,Tâches diverses,2021-10-06,10:09:42,00:00:17
stefano.crapanzano@chu.ulg.ac.be,lfa1_202110061009.csv - Excel,Tâches diverses,2021-10-06,10:10:24,00:00:16
stefano.crapanzano@chu.ulg.ac.be,Enregistrer sous,Tâches diverses,2021-10-06,10:10:40,00:00:32
stefano.crapanzano@chu.ulg.ac.be,liste_fournisseurs_202110061009.xlsx - Excel,Tâches diverses,2021-10-06,10:11:13,00:00:02
stefano.crapanzano@chu.ulg.ac.be,liste_fournisseurs_202110061009.xlsx - Excel,Tâches diverses,2021-10-06,10:12:04,00:00:10
stefano.crapanzano@chu.ulg.ac.be,Extract BO - Xperthis ERP4HC 2.0 Rollout - Service d'assistance - Google Chrome,Tâches diverses,2021-10-06,10:13:14,00:00:10
stefano.crapanzano@chu.ulg.ac.be,SSP création d'un panier - possibilité de sauvegarder temporairement - Xperthis ERP4HC 2.0 Rollout - Service d'assistance - Google Chrome,Tâches diverses,2021-10-06,10:13:34,00:00:13
stefano.crapanzano@chu.ulg.ac.be,2 Traité - erp.sai@chuliege.be - Mozilla Thunderbird,Helpdesk général,2021-10-06,10:19:08,00:00:43
stefano.crapanzano@chu.ulg.ac.be,2 Traité - erp.sai@chuliege.be - Mozilla Thunderbird,Helpdesk général,2021-10-06,10:39:47,00:00:05
stefano.crapanzano@chu.ulg.ac.be,Rédaction : Fwd: STERPBE-2731 Connexion à TE6 et A03 impossible. Problème identique au ticket SDERP-18907 - Thunderbird,Helpdesk général,2021-10-06,10:20:19,00:00:26
stefano.crapanzano@chu.ulg.ac.be,Rédaction : Fwd: STERPBE-2731 Connexion à TE6 et A03 impossible. Problème identique au ticket SDERP-18907 - Thunderbird,Helpdesk général,2021-10-06,10:20:56,00:02:05
stefano.crapanzano@chu.ulg.ac.be,Rédaction : Fwd: STERPBE-2731 Connexion à TE6 et A03 impossible. Problème identique au ticket SDERP-18907 - Thunderbird,Helpdesk général,2021-10-06,10:23:29,00:01:08
stefano.crapanzano@chu.ulg.ac.be,Rédaction : Fwd: STERPBE-2731 Connexion à TE6 et A03 impossible. Problème identique au ticket SDERP-18907 - Thunderbird,Helpdesk général,2021-10-06,10:24:49,00:00:44
stefano.crapanzano@chu.ulg.ac.be,Centre Hospitalier Universitaire de Liège - SSP Rôles d'autorisation_FR.pdf - Tous les documents - Google Chrome,Tâches diverses,2021-10-06,10:34:11,00:00:06
stefano.crapanzano@chu.ulg.ac.be,Message d'erreur en néerlandais - Xperthis ERP4HC 2.0 Rollout - Service d'assistance - Google Chrome,Helpdesk général,2021-10-06,10:41:36,00:00:02
stefano.crapanzano@chu.ulg.ac.be,Message d'erreur en néerlandais - Xperthis ERP4HC 2.0 Rollout - Service d'assistance - Google Chrome,Tâches diverses,2021-10-06,12:08:15,00:00:05
stefano.crapanzano@chu.ulg.ac.be,Notification par courrier électronique,Helpdesk général,2021-10-06,10:38:04,00:00:02
stefano.crapanzano@chu.ulg.ac.be,Notification par courrier électronique,Helpdesk général,2021-10-06,10:41:16,00:00:02
stefano.crapanzano@chu.ulg.ac.be,commers - Mozilla Thunderbird,Helpdesk général,2021-10-06,10:38:39,00:00:09
stefano.crapanzano@chu.ulg.ac.be,Corbeille - erp.sai@chuliege.be - Mozilla Thunderbird,Helpdesk général,2021-10-06,10:39:54,00:00:07
stefano.crapanzano@chu.ulg.ac.be,Standaardinstellingen - Google Chrome,Tâches diverses,2021-10-06,10:51:32,00:00:03
stefano.crapanzano@chu.ulg.ac.be,Rédaction : Re: SDERP-19264 / SDERP-19287. Kofax Capture - Thunderbird,Helpdesk général,2021-10-06,10:53:20,00:00:08
stefano.crapanzano@chu.ulg.ac.be,Rédaction : Re: SDERP-19264 / SDERP-19287. Kofax Capture - Thunderbird,Helpdesk général,2021-10-06,10:55:34,00:02:06
stefano.crapanzano@chu.ulg.ac.be,Problème lors de la création d'une DA ou réservation à partir d'un fichier Glims - Xperthis ERP4HC 2.0 Rollout - Service d'assistance - Google Chrome,Tâches diverses,2021-10-06,11:00:19,00:01:19
stefano.crapanzano@chu.ulg.ac.be,Problème lors de la création d'une DA ou réservation à partir d'un fichier Glims - Xperthis ERP4HC 2.0 Rollout - Service d'assistance - Google Chrome,Tâches diverses,2021-10-06,11:02:07,00:00:02
stefano.crapanzano@chu.ulg.ac.be,Problème lors de la création d'une DA ou réservation à partir d'un fichier Glims - Xperthis ERP4HC 2.0 Rollout - Service d'assistance - Google Chrome,Tâches diverses,2021-10-06,11:02:49,00:00:10
stefano.crapanzano@chu.ulg.ac.be,Problème lors de la création d'une DA ou réservation à partir d'un fichier Glims - Xperthis ERP4HC 2.0 Rollout - Service d'assistance - Google Chrome,Tâches diverses,2021-10-06,11:03:51,00:00:16
stefano.crapanzano@chu.ulg.ac.be,Synthèse IDocs,Exploration SAP,2021-10-06,11:01:56,00:00:10
stefano.crapanzano@chu.ulg.ac.be,AE2_203 - sftp://AE2U2FTP@153.89.110.38 - FileZilla,Helpdesk général,2021-10-06,11:02:11,00:00:28
stefano.crapanzano@chu.ulg.ac.be,AE2_203 - sftp://AE2U2FTP@153.89.110.38 - FileZilla,Helpdesk général,2021-10-06,11:02:41,00:00:08
stefano.crapanzano@chu.ulg.ac.be,https://jira.zorgi.be/servicedesk/customershim/secure/attachment/1091227/1091227_SAP202106090031.txt?fromIssue=676424 - Google Chrome,Tâches diverses,2021-10-06,11:02:59,00:00:08
stefano.crapanzano@chu.ulg.ac.be,https://jira.zorgi.be/servicedesk/customershim/secure/attachment/1091228/1091228_SAP202106090037.txt?fromIssue=676424 - Google Chrome,Tâches diverses,2021-10-06,11:03:09,00:00:05
stefano.crapanzano@chu.ulg.ac.be,https://jira.zorgi.be/servicedesk/customershim/secure/attachment/1091229/1091229_SAP202110060031.txt?fromIssue=676424 - Google Chrome,Tâches diverses,2021-10-06,11:03:16,00:00:02
stefano.crapanzano@chu.ulg.ac.be,https://jira.zorgi.be/servicedesk/customershim/secure/attachment/1091229/1091229_SAP202110060031.txt?fromIssue=676424 - Google Chrome,Tâches diverses,2021-10-06,11:03:24,00:00:03
stefano.crapanzano@chu.ulg.ac.be,https://jira.zorgi.be/servicedesk/customershim/secure/attachment/1091229/1091229_SAP202110060031.txt?fromIssue=676424 - Google Chrome,Tâches diverses,2021-10-06,11:03:47,00:00:04
stefano.crapanzano@chu.ulg.ac.be,https://jira.zorgi.be/servicedesk/customershim/secure/attachment/1091226/1091226_SAP202110060037.txt?fromIssue=676424 - Google Chrome,Tâches diverses,2021-10-06,11:03:20,00:00:02
stefano.crapanzano@chu.ulg.ac.be,Afficher article 600022 (ARTICLE WM Stock),Exploration SAP,2021-10-06,11:03:40,00:00:06
stefano.crapanzano@chu.ulg.ac.be,X01-203 - Comment paramétrer les sous gamme dans la fiche fournisseur - Xperthis ERP4HC 2.0 Rollout - Service d'assistance - Google Chrome,Tâches diverses,2021-10-06,11:04:30,00:00:12
stefano.crapanzano@chu.ulg.ac.be,visualisation JIRA - Xperthis ERP4HC 2.0 Rollout - Service d'assistance - Google Chrome,Tâches diverses,2021-10-06,11:05:25,00:00:05
stefano.crapanzano@chu.ulg.ac.be,Page d'accueil - Google Chrome,Tâches diverses,2021-10-06,11:14:52,00:00:04
stefano.crapanzano@chu.ulg.ac.be,Page d'accueil - Google Chrome,Tâches diverses,2021-10-06,11:15:13,00:00:04
stefano.crapanzano@chu.ulg.ac.be,Page d'accueil - Google Chrome,Tâches diverses,2021-10-06,11:15:20,00:00:04
stefano.crapanzano@chu.ulg.ac.be,Page d'accueil - Google Chrome,Tâches diverses,2021-10-06,11:15:25,00:00:02
stefano.crapanzano@chu.ulg.ac.be,Page d'accueil - Google Chrome,Tâches diverses,2021-10-06,11:17:12,00:00:08
stefano.crapanzano@chu.ulg.ac.be,Page d'accueil - Google Chrome,Tâches diverses,2021-10-06,11:17:33,00:00:02
stefano.crapanzano@chu.ulg.ac.be,Page d'accueil - Google Chrome,Tâches diverses,2021-10-06,11:31:32,00:00:06
stefano.crapanzano@chu.ulg.ac.be,Connexion - Google Chrome,Tâches diverses,2021-10-06,11:14:56,00:00:16
stefano.crapanzano@chu.ulg.ac.be,Ma boîte de réception - Google Chrome,Tâches diverses,2021-10-06,11:15:17,00:00:02
stefano.crapanzano@chu.ulg.ac.be,*nouveau 9 - Notepad++ [Administrator],IT,2021-10-06,11:16:36,00:00:02
stefano.crapanzano@chu.ulg.ac.be,*nouveau 9 - Notepad++ [Administrator],IT,2021-10-06,11:16:57,00:00:04
stefano.crapanzano@chu.ulg.ac.be,*nouveau 9 - Notepad++ [Administrator],IT,2021-10-06,11:17:07,00:00:05
stefano.crapanzano@chu.ulg.ac.be,*nouveau 9 - Notepad++ [Administrator],IT,2021-10-06,11:17:20,00:00:13
stefano.crapanzano@chu.ulg.ac.be,*nouveau 9 - Notepad++ [Administrator],IT,2021-10-06,11:18:04,00:00:02
stefano.crapanzano@chu.ulg.ac.be,*nouveau 9 - Notepad++ [Administrator],IT,2021-10-06,11:19:35,00:00:06
stefano.crapanzano@chu.ulg.ac.be,*nouveau 9 - Notepad++ [Administrator],IT,2021-10-06,11:24:06,00:00:04
stefano.crapanzano@chu.ulg.ac.be,*nouveau 9 - Notepad++ [Administrator],IT,2021-10-06,11:24:20,00:00:29
stefano.crapanzano@chu.ulg.ac.be,*nouveau 9 - Notepad++ [Administrator],IT,2021-10-06,11:26:48,00:00:16
stefano.crapanzano@chu.ulg.ac.be,*nouveau 9 - Notepad++ [Administrator],IT,2021-10-06,11:30:02,00:00:10
stefano.crapanzano@chu.ulg.ac.be,*nouveau 9 - Notepad++ [Administrator],Tâches diverses,2021-10-06,11:31:16,00:00:10
stefano.crapanzano@chu.ulg.ac.be,*nouveau 9 - Notepad++ [Administrator],IT,2021-10-06,11:44:34,00:00:02
stefano.crapanzano@chu.ulg.ac.be,SSP - Approbation de DA non visible dans l'interface - Xperthis ERP4HC 2.0 Rollout - Service d'assistance - Google Chrome,Tâches diverses,2021-10-06,11:15:51,00:00:02
stefano.crapanzano@chu.ulg.ac.be,SSP - Approbation de DA non visible dans l'interface - Xperthis ERP4HC 2.0 Rollout - Service d'assistance - Google Chrome,Tâches diverses,2021-10-06,12:08:21,00:00:04
stefano.crapanzano@chu.ulg.ac.be,Cycle 3 ERP 2.0 - Xperthis ERP4HC 2.0 Rollout - Service d'assistance - Google Chrome,Tâches diverses,2021-10-06,11:16:06,00:00:16
stefano.crapanzano@chu.ulg.ac.be,Test de GERA sur ERP 2.0 - Xperthis ERP4HC 2.0 Rollout - Service d'assistance - Google Chrome,Tâches diverses,2021-10-06,11:16:41,00:00:02
stefano.crapanzano@chu.ulg.ac.be,Approbation de commandes d'achat - Xperthis ERP4HC 2.0 Rollout - Service d'assistance - Google Chrome,Tâches diverses,2021-10-06,11:16:49,00:00:02
stefano.crapanzano@chu.ulg.ac.be,SSP - Recherche d'un article par le numéro d'article - Xperthis ERP4HC 2.0 Rollout - Service d'assistance - Google Chrome,Tâches diverses,2021-10-06,11:17:51,00:00:06
stefano.crapanzano@chu.ulg.ac.be,Extended My Requests - All requests - Service Desk - Google Chrome,Tâches diverses,2021-10-06,11:18:43,00:00:06
stefano.crapanzano@chu.ulg.ac.be,Extended My Requests - All requests - Service Desk - Google Chrome,Tâches diverses,2021-10-06,11:18:56,00:00:16
stefano.crapanzano@chu.ulg.ac.be,Extended My Requests - All requests - Service Desk - Google Chrome,Tâches diverses,2021-10-06,11:19:14,00:00:02
stefano.crapanzano@chu.ulg.ac.be,Extended My Requests - All requests - Service Desk - Google Chrome,Tâches diverses,2021-10-06,11:29:52,00:00:02
stefano.crapanzano@chu.ulg.ac.be,Extended My Requests - All requests - Service Desk - Google Chrome,Tâches diverses,2021-10-06,11:30:56,00:00:06
stefano.crapanzano@chu.ulg.ac.be,P203 CHU Problème à l'enregistrement des factures et adaptation du workflow - Xperthis ERP4HC 1.0 - Service d'assistance - Google Chrome,Tâches diverses,2021-10-06,11:18:50,00:00:05
stefano.crapanzano@chu.ulg.ac.be,ERP-WIKI [DokuWiki ERP] - Google Chrome,Tâches diverses,2021-10-06,11:19:23,00:00:04
stefano.crapanzano@chu.ulg.ac.be,Configuration SAP [DokuWiki ERP] - Google Chrome,Tâches diverses,2021-10-06,11:19:27,00:00:02
stefano.crapanzano@chu.ulg.ac.be,Rôle nécessaire pour les approbateurs de commande d'achat (CA) et demande d'achat (DA) sur X01 [DokuWiki ERP] - Google Chrome,Tâches diverses,2021-10-06,11:19:30,00:00:05
stefano.crapanzano@chu.ulg.ac.be,Rôle nécessaire pour les approbateurs de commande d'achat (CA) et demande d'achat (DA) sur X01 [DokuWiki ERP] - Google Chrome,Tâches diverses,2021-10-06,11:19:42,00:00:04
stefano.crapanzano@chu.ulg.ac.be,Rôle nécessaire pour les approbateurs de commande d'achat (CA) et demande d'achat (DA) sur X01 [DokuWiki ERP] - Google Chrome,Tâches diverses,2021-10-06,11:20:36,00:00:05
stefano.crapanzano@chu.ulg.ac.be,Rôle nécessaire pour les approbateurs de commande d'achat (CA) et demande d'achat (DA) sur X01 [DokuWiki ERP] - Google Chrome,Tâches diverses,2021-10-06,11:24:01,00:00:05
stefano.crapanzano@chu.ulg.ac.be,CHR/U - CHU - URL's PE2 + AE2 + X01 - OneNote,Tâches diverses,2021-10-06,11:23:36,00:00:16
stefano.crapanzano@chu.ulg.ac.be,Comment accéder à SAP Libération des factures (Workflow approval) sur X01 ? - Xperthis ERP4HC 2.0 Rollout - Service d'assistance - Google Chrome,Tâches diverses,2021-10-06,11:25:00,00:01:39
stefano.crapanzano@chu.ulg.ac.be,Unité dans SSP incorrecte - Elle doit venir de ZMMARTIKEL - Xperthis ERP4HC 2.0 Rollout - Service d'assistance - Google Chrome,Tâches diverses,2021-10-06,11:30:43,00:00:12
stefano.crapanzano@chu.ulg.ac.be,Unité dans SSP incorrecte - Elle doit venir de ZMMARTIKEL - Xperthis ERP4HC 2.0 Rollout - Service d'assistance - Google Chrome,Tâches diverses,2021-10-06,11:44:23,00:00:02
stefano.crapanzano@chu.ulg.ac.be,Unité dans SSP incorrecte - Elle doit venir de ZMMARTIKEL - Xperthis ERP4HC 2.0 Rollout - Service d'assistance - Google Chrome,Tâches diverses,2021-10-06,11:48:01,00:00:03
stefano.crapanzano@chu.ulg.ac.be,Créer une demande d'achat - Google Chrome,Tâches diverses,2021-10-06,11:31:38,00:00:14
stefano.crapanzano@chu.ulg.ac.be,Créer une demande d'achat - Google Chrome,Tâches diverses,2021-10-06,11:32:08,00:00:05
stefano.crapanzano@chu.ulg.ac.be,Créer une demande d'achat - Google Chrome,Exploration SAP,2021-10-06,11:33:21,00:00:05
stefano.crapanzano@chu.ulg.ac.be,Créer une demande d'achat - Google Chrome,Tâches diverses,2021-10-06,11:36:26,00:00:02
stefano.crapanzano@chu.ulg.ac.be,Exporter/importer Lien entre article-centre de coûts et quantité,Exploration SAP,2021-10-06,11:31:58,00:00:09
stefano.crapanzano@chu.ulg.ac.be,Exporter/importer Lien entre article-centre de coûts et quantité,Exploration SAP,2021-10-06,11:32:13,00:01:07
stefano.crapanzano@chu.ulg.ac.be,Exporter/importer Lien entre article-centre de coûts et quantité,Exploration SAP,2021-10-06,11:33:26,00:00:49
stefano.crapanzano@chu.ulg.ac.be,Exporter/importer Lien entre article-centre de coûts et quantité,Exploration SAP,2021-10-06,11:39:46,00:00:05
stefano.crapanzano@chu.ulg.ac.be,Rédaction : Fwd: SDERP-19264 / SDERP-19287. Kofax Capture - Thunderbird,Helpdesk général,2021-10-06,11:36:51,00:02:20
stefano.crapanzano@chu.ulg.ac.be,Rédaction : Fwd: SDERP-19264 / SDERP-19287. Kofax Capture - Thunderbird,Helpdesk général,2021-10-06,11:39:19,00:00:20
stefano.crapanzano@chu.ulg.ac.be,Rédaction : Fwd: SDERP-19264 / SDERP-19287. Kofax Capture - Thunderbird,Helpdesk général,2021-10-06,11:40:46,00:02:23
stefano.crapanzano@chu.ulg.ac.be,Rappel pour les pièces jointes,Helpdesk général,2021-10-06,11:43:13,00:00:05
