Email,Description,Project,Start date,Start time,Duration
stefano.crapanzano@chu.ulg.ac.be,Administrateur : C:\Windows\system32\cmd.exe - python  main.py,Helpdesk général,2021-10-08,15:21:20,00:00:02
stefano.crapanzano@chu.ulg.ac.be,Navigation système de fichier,IT,2021-10-08,10:05:14,00:00:02
stefano.crapanzano@chu.ulg.ac.be,Navigation système de fichier,IT,2021-10-08,10:05:25,00:00:26
stefano.crapanzano@chu.ulg.ac.be,Navigation système de fichier,IT,2021-10-08,10:19:09,00:00:02
stefano.crapanzano@chu.ulg.ac.be,Navigation système de fichier,IT,2021-10-08,10:19:22,00:00:04
stefano.crapanzano@chu.ulg.ac.be,Navigation système de fichier,IT,2021-10-08,10:21:18,00:00:05
stefano.crapanzano@chu.ulg.ac.be,Navigation système de fichier,IT,2021-10-08,10:22:14,00:00:02
stefano.crapanzano@chu.ulg.ac.be,Navigation système de fichier,IT,2021-10-08,10:28:07,00:00:05
stefano.crapanzano@chu.ulg.ac.be,Navigation système de fichier,IT,2021-10-08,10:32:24,00:00:02
stefano.crapanzano@chu.ulg.ac.be,Navigation système de fichier,IT,2021-10-08,10:49:07,00:00:09
stefano.crapanzano@chu.ulg.ac.be,Navigation système de fichier,IT,2021-10-08,10:55:38,00:00:03
stefano.crapanzano@chu.ulg.ac.be,Navigation système de fichier,IT,2021-10-08,10:55:43,00:00:02
stefano.crapanzano@chu.ulg.ac.be,Navigation système de fichier,IT,2021-10-08,13:08:35,00:00:03
stefano.crapanzano@chu.ulg.ac.be,Navigation système de fichier,IT,2021-10-08,14:29:33,00:00:08
stefano.crapanzano@chu.ulg.ac.be,Navigation système de fichier,IT,2021-10-08,14:40:18,00:00:03
stefano.crapanzano@chu.ulg.ac.be,Navigation système de fichier,IT,2021-10-08,15:45:03,00:00:09
stefano.crapanzano@chu.ulg.ac.be,Navigation système de fichier,IT,2021-10-08,15:45:15,00:00:33
stefano.crapanzano@chu.ulg.ac.be,Courrier entrant - erp.sai@chuliege.be - Mozilla Thunderbird,Helpdesk général,2021-10-08,09:00:07,00:00:02
stefano.crapanzano@chu.ulg.ac.be,Courrier entrant - erp.sai@chuliege.be - Mozilla Thunderbird,Helpdesk général,2021-10-08,09:00:15,00:00:10
stefano.crapanzano@chu.ulg.ac.be,Courrier entrant - erp.sai@chuliege.be - Mozilla Thunderbird,Helpdesk général,2021-10-08,09:01:07,00:00:34
stefano.crapanzano@chu.ulg.ac.be,Courrier entrant - erp.sai@chuliege.be - Mozilla Thunderbird,Helpdesk général,2021-10-08,09:01:43,00:00:02
stefano.crapanzano@chu.ulg.ac.be,Courrier entrant - erp.sai@chuliege.be - Mozilla Thunderbird,Helpdesk général,2021-10-08,09:01:47,00:00:06
stefano.crapanzano@chu.ulg.ac.be,Courrier entrant - erp.sai@chuliege.be - Mozilla Thunderbird,Helpdesk général,2021-10-08,09:03:25,00:00:05
stefano.crapanzano@chu.ulg.ac.be,Courrier entrant - erp.sai@chuliege.be - Mozilla Thunderbird,Helpdesk général,2021-10-08,09:03:33,00:00:02
stefano.crapanzano@chu.ulg.ac.be,Courrier entrant - erp.sai@chuliege.be - Mozilla Thunderbird,Helpdesk général,2021-10-08,09:04:03,00:01:00
stefano.crapanzano@chu.ulg.ac.be,Courrier entrant - erp.sai@chuliege.be - Mozilla Thunderbird,Helpdesk général,2021-10-08,09:05:37,00:00:04
stefano.crapanzano@chu.ulg.ac.be,Courrier entrant - erp.sai@chuliege.be - Mozilla Thunderbird,Helpdesk général,2021-10-08,09:09:12,00:00:03
stefano.crapanzano@chu.ulg.ac.be,Courrier entrant - erp.sai@chuliege.be - Mozilla Thunderbird,Helpdesk général,2021-10-08,09:26:29,00:00:04
stefano.crapanzano@chu.ulg.ac.be,Courrier entrant - erp.sai@chuliege.be - Mozilla Thunderbird,Helpdesk général,2021-10-08,09:26:35,00:03:19
stefano.crapanzano@chu.ulg.ac.be,Courrier entrant - erp.sai@chuliege.be - Mozilla Thunderbird,Helpdesk général,2021-10-08,09:44:38,00:00:02
stefano.crapanzano@chu.ulg.ac.be,Courrier entrant - erp.sai@chuliege.be - Mozilla Thunderbird,Helpdesk général,2021-10-08,09:44:49,00:00:10
stefano.crapanzano@chu.ulg.ac.be,Courrier entrant - erp.sai@chuliege.be - Mozilla Thunderbird,Helpdesk général,2021-10-08,09:46:06,00:00:11
stefano.crapanzano@chu.ulg.ac.be,Courrier entrant - erp.sai@chuliege.be - Mozilla Thunderbird,Helpdesk général,2021-10-08,09:46:46,00:00:27
stefano.crapanzano@chu.ulg.ac.be,Courrier entrant - erp.sai@chuliege.be - Mozilla Thunderbird,Helpdesk général,2021-10-08,09:48:08,00:00:13
stefano.crapanzano@chu.ulg.ac.be,Courrier entrant - erp.sai@chuliege.be - Mozilla Thunderbird,Helpdesk général,2021-10-08,09:49:54,00:00:02
stefano.crapanzano@chu.ulg.ac.be,Courrier entrant - erp.sai@chuliege.be - Mozilla Thunderbird,Helpdesk général,2021-10-08,09:51:50,00:00:35
stefano.crapanzano@chu.ulg.ac.be,Courrier entrant - erp.sai@chuliege.be - Mozilla Thunderbird,Helpdesk général,2021-10-08,09:53:44,00:00:15
stefano.crapanzano@chu.ulg.ac.be,Courrier entrant - erp.sai@chuliege.be - Mozilla Thunderbird,Helpdesk général,2021-10-08,09:54:03,00:03:10
stefano.crapanzano@chu.ulg.ac.be,Courrier entrant - erp.sai@chuliege.be - Mozilla Thunderbird,Tâches diverses,2021-10-08,09:59:27,00:00:02
stefano.crapanzano@chu.ulg.ac.be,Courrier entrant - erp.sai@chuliege.be - Mozilla Thunderbird,Helpdesk général,2021-10-08,10:02:06,00:00:05
stefano.crapanzano@chu.ulg.ac.be,Courrier entrant - erp.sai@chuliege.be - Mozilla Thunderbird,Helpdesk général,2021-10-08,10:02:17,00:00:02
stefano.crapanzano@chu.ulg.ac.be,Courrier entrant - erp.sai@chuliege.be - Mozilla Thunderbird,Helpdesk général,2021-10-08,10:14:40,00:00:14
stefano.crapanzano@chu.ulg.ac.be,Courrier entrant - erp.sai@chuliege.be - Mozilla Thunderbird,Helpdesk général,2021-10-08,10:17:01,00:00:46
stefano.crapanzano@chu.ulg.ac.be,Courrier entrant - erp.sai@chuliege.be - Mozilla Thunderbird,Helpdesk général,2021-10-08,10:22:50,00:00:10
stefano.crapanzano@chu.ulg.ac.be,Courrier entrant - erp.sai@chuliege.be - Mozilla Thunderbird,Helpdesk général,2021-10-08,10:26:25,00:00:06
stefano.crapanzano@chu.ulg.ac.be,Courrier entrant - erp.sai@chuliege.be - Mozilla Thunderbird,Helpdesk général,2021-10-08,10:34:10,00:00:07
stefano.crapanzano@chu.ulg.ac.be,Courrier entrant - erp.sai@chuliege.be - Mozilla Thunderbird,Tâches diverses,2021-10-08,10:37:09,00:00:02
stefano.crapanzano@chu.ulg.ac.be,Courrier entrant - erp.sai@chuliege.be - Mozilla Thunderbird,Helpdesk général,2021-10-08,10:40:59,00:00:02
stefano.crapanzano@chu.ulg.ac.be,Courrier entrant - erp.sai@chuliege.be - Mozilla Thunderbird,Helpdesk général,2021-10-08,10:43:15,00:00:26
stefano.crapanzano@chu.ulg.ac.be,Courrier entrant - erp.sai@chuliege.be - Mozilla Thunderbird,Helpdesk général,2021-10-08,10:43:47,00:00:09
stefano.crapanzano@chu.ulg.ac.be,Courrier entrant - erp.sai@chuliege.be - Mozilla Thunderbird,Helpdesk général,2021-10-08,10:44:26,00:00:07
stefano.crapanzano@chu.ulg.ac.be,Courrier entrant - erp.sai@chuliege.be - Mozilla Thunderbird,Helpdesk général,2021-10-08,10:48:03,00:01:04
stefano.crapanzano@chu.ulg.ac.be,Courrier entrant - erp.sai@chuliege.be - Mozilla Thunderbird,Helpdesk général,2021-10-08,10:50:50,00:02:01
stefano.crapanzano@chu.ulg.ac.be,Courrier entrant - erp.sai@chuliege.be - Mozilla Thunderbird,Helpdesk général,2021-10-08,10:52:54,00:00:27
stefano.crapanzano@chu.ulg.ac.be,Courrier entrant - erp.sai@chuliege.be - Mozilla Thunderbird,Helpdesk général,2021-10-08,10:53:23,00:00:04
stefano.crapanzano@chu.ulg.ac.be,Courrier entrant - erp.sai@chuliege.be - Mozilla Thunderbird,Helpdesk général,2021-10-08,10:53:41,00:00:02
stefano.crapanzano@chu.ulg.ac.be,Courrier entrant - erp.sai@chuliege.be - Mozilla Thunderbird,Helpdesk général,2021-10-08,10:53:45,00:00:02
stefano.crapanzano@chu.ulg.ac.be,Courrier entrant - erp.sai@chuliege.be - Mozilla Thunderbird,Helpdesk général,2021-10-08,10:55:50,00:00:04
stefano.crapanzano@chu.ulg.ac.be,Courrier entrant - erp.sai@chuliege.be - Mozilla Thunderbird,Helpdesk général,2021-10-08,11:03:06,00:01:21
stefano.crapanzano@chu.ulg.ac.be,Courrier entrant - erp.sai@chuliege.be - Mozilla Thunderbird,Helpdesk général,2021-10-08,11:04:30,00:00:06
stefano.crapanzano@chu.ulg.ac.be,Courrier entrant - erp.sai@chuliege.be - Mozilla Thunderbird,Helpdesk général,2021-10-08,11:04:38,00:00:29
stefano.crapanzano@chu.ulg.ac.be,Courrier entrant - erp.sai@chuliege.be - Mozilla Thunderbird,Helpdesk général,2021-10-08,11:05:10,00:00:02
stefano.crapanzano@chu.ulg.ac.be,Courrier entrant - erp.sai@chuliege.be - Mozilla Thunderbird,Helpdesk général,2021-10-08,11:06:17,00:00:18
stefano.crapanzano@chu.ulg.ac.be,Courrier entrant - erp.sai@chuliege.be - Mozilla Thunderbird,Helpdesk général,2021-10-08,11:08:28,00:00:03
stefano.crapanzano@chu.ulg.ac.be,Courrier entrant - erp.sai@chuliege.be - Mozilla Thunderbird,Helpdesk général,2021-10-08,11:14:51,00:00:13
stefano.crapanzano@chu.ulg.ac.be,Courrier entrant - erp.sai@chuliege.be - Mozilla Thunderbird,Helpdesk général,2021-10-08,12:01:48,00:00:09
stefano.crapanzano@chu.ulg.ac.be,Courrier entrant - erp.sai@chuliege.be - Mozilla Thunderbird,Helpdesk général,2021-10-08,12:02:11,00:12:24
stefano.crapanzano@chu.ulg.ac.be,Courrier entrant - erp.sai@chuliege.be - Mozilla Thunderbird,Helpdesk général,2021-10-08,12:14:37,00:02:51
stefano.crapanzano@chu.ulg.ac.be,Courrier entrant - erp.sai@chuliege.be - Mozilla Thunderbird,Helpdesk général,2021-10-08,12:34:23,00:02:32
stefano.crapanzano@chu.ulg.ac.be,Courrier entrant - erp.sai@chuliege.be - Mozilla Thunderbird,Helpdesk général,2021-10-08,12:40:21,00:00:03
stefano.crapanzano@chu.ulg.ac.be,Courrier entrant - erp.sai@chuliege.be - Mozilla Thunderbird,Tâches diverses,2021-10-08,12:40:27,00:00:02
stefano.crapanzano@chu.ulg.ac.be,Courrier entrant - erp.sai@chuliege.be - Mozilla Thunderbird,Helpdesk général,2021-10-08,12:41:45,00:00:02
stefano.crapanzano@chu.ulg.ac.be,Courrier entrant - erp.sai@chuliege.be - Mozilla Thunderbird,Helpdesk général,2021-10-08,12:42:43,00:00:08
stefano.crapanzano@chu.ulg.ac.be,Courrier entrant - erp.sai@chuliege.be - Mozilla Thunderbird,Helpdesk général,2021-10-08,12:42:55,00:00:02
stefano.crapanzano@chu.ulg.ac.be,Courrier entrant - erp.sai@chuliege.be - Mozilla Thunderbird,Helpdesk général,2021-10-08,12:43:24,00:00:02
stefano.crapanzano@chu.ulg.ac.be,Courrier entrant - erp.sai@chuliege.be - Mozilla Thunderbird,Helpdesk général,2021-10-08,12:45:03,00:00:04
stefano.crapanzano@chu.ulg.ac.be,Courrier entrant - erp.sai@chuliege.be - Mozilla Thunderbird,Helpdesk général,2021-10-08,12:45:14,00:00:02
stefano.crapanzano@chu.ulg.ac.be,Courrier entrant - erp.sai@chuliege.be - Mozilla Thunderbird,Helpdesk général,2021-10-08,12:45:19,00:00:07
stefano.crapanzano@chu.ulg.ac.be,Courrier entrant - erp.sai@chuliege.be - Mozilla Thunderbird,Helpdesk général,2021-10-08,12:46:10,00:00:03
stefano.crapanzano@chu.ulg.ac.be,Courrier entrant - erp.sai@chuliege.be - Mozilla Thunderbird,Helpdesk général,2021-10-08,12:48:35,00:00:03
stefano.crapanzano@chu.ulg.ac.be,Courrier entrant - erp.sai@chuliege.be - Mozilla Thunderbird,Helpdesk général,2021-10-08,12:48:41,00:00:10
stefano.crapanzano@chu.ulg.ac.be,Courrier entrant - erp.sai@chuliege.be - Mozilla Thunderbird,Helpdesk général,2021-10-08,13:03:33,00:00:03
stefano.crapanzano@chu.ulg.ac.be,Courrier entrant - erp.sai@chuliege.be - Mozilla Thunderbird,Helpdesk général,2021-10-08,13:03:39,00:00:33
stefano.crapanzano@chu.ulg.ac.be,Courrier entrant - erp.sai@chuliege.be - Mozilla Thunderbird,Helpdesk général,2021-10-08,13:07:31,00:00:23
stefano.crapanzano@chu.ulg.ac.be,Courrier entrant - erp.sai@chuliege.be - Mozilla Thunderbird,Helpdesk général,2021-10-08,13:13:00,00:00:03
stefano.crapanzano@chu.ulg.ac.be,Courrier entrant - erp.sai@chuliege.be - Mozilla Thunderbird,Helpdesk général,2021-10-08,13:15:05,00:00:02
stefano.crapanzano@chu.ulg.ac.be,Courrier entrant - erp.sai@chuliege.be - Mozilla Thunderbird,Helpdesk général,2021-10-08,13:18:19,00:00:02
stefano.crapanzano@chu.ulg.ac.be,Courrier entrant - erp.sai@chuliege.be - Mozilla Thunderbird,Helpdesk général,2021-10-08,13:18:24,00:00:05
stefano.crapanzano@chu.ulg.ac.be,Courrier entrant - erp.sai@chuliege.be - Mozilla Thunderbird,Helpdesk général,2021-10-08,13:20:42,00:00:09
stefano.crapanzano@chu.ulg.ac.be,Courrier entrant - erp.sai@chuliege.be - Mozilla Thunderbird,Helpdesk général,2021-10-08,13:21:17,00:00:05
stefano.crapanzano@chu.ulg.ac.be,Courrier entrant - erp.sai@chuliege.be - Mozilla Thunderbird,Helpdesk général,2021-10-08,13:22:32,00:00:05
stefano.crapanzano@chu.ulg.ac.be,Courrier entrant - erp.sai@chuliege.be - Mozilla Thunderbird,Helpdesk général,2021-10-08,13:25:31,00:00:02
stefano.crapanzano@chu.ulg.ac.be,Courrier entrant - erp.sai@chuliege.be - Mozilla Thunderbird,Helpdesk général,2021-10-08,13:25:48,00:00:05
stefano.crapanzano@chu.ulg.ac.be,Courrier entrant - erp.sai@chuliege.be - Mozilla Thunderbird,Helpdesk général,2021-10-08,13:45:25,00:00:22
stefano.crapanzano@chu.ulg.ac.be,Courrier entrant - erp.sai@chuliege.be - Mozilla Thunderbird,Helpdesk général,2021-10-08,14:06:03,00:00:07
stefano.crapanzano@chu.ulg.ac.be,Courrier entrant - erp.sai@chuliege.be - Mozilla Thunderbird,Helpdesk général,2021-10-08,14:06:14,00:00:23
stefano.crapanzano@chu.ulg.ac.be,Courrier entrant - erp.sai@chuliege.be - Mozilla Thunderbird,Helpdesk général,2021-10-08,14:07:19,00:00:02
stefano.crapanzano@chu.ulg.ac.be,Courrier entrant - erp.sai@chuliege.be - Mozilla Thunderbird,Helpdesk général,2021-10-08,14:08:43,00:00:18
stefano.crapanzano@chu.ulg.ac.be,Courrier entrant - erp.sai@chuliege.be - Mozilla Thunderbird,Tâches diverses,2021-10-08,14:09:04,00:00:03
stefano.crapanzano@chu.ulg.ac.be,Courrier entrant - erp.sai@chuliege.be - Mozilla Thunderbird,Helpdesk général,2021-10-08,14:09:10,00:00:03
stefano.crapanzano@chu.ulg.ac.be,Courrier entrant - erp.sai@chuliege.be - Mozilla Thunderbird,Helpdesk général,2021-10-08,14:17:19,00:00:27
stefano.crapanzano@chu.ulg.ac.be,Courrier entrant - erp.sai@chuliege.be - Mozilla Thunderbird,Helpdesk général,2021-10-08,14:17:54,00:00:03
stefano.crapanzano@chu.ulg.ac.be,Courrier entrant - erp.sai@chuliege.be - Mozilla Thunderbird,Helpdesk général,2021-10-08,14:18:00,00:00:02
stefano.crapanzano@chu.ulg.ac.be,Courrier entrant - erp.sai@chuliege.be - Mozilla Thunderbird,Helpdesk général,2021-10-08,14:18:52,00:00:02
stefano.crapanzano@chu.ulg.ac.be,Courrier entrant - erp.sai@chuliege.be - Mozilla Thunderbird,Tâches diverses,2021-10-08,14:19:44,00:00:02
stefano.crapanzano@chu.ulg.ac.be,Courrier entrant - erp.sai@chuliege.be - Mozilla Thunderbird,Helpdesk général,2021-10-08,14:20:36,00:00:09
stefano.crapanzano@chu.ulg.ac.be,Courrier entrant - erp.sai@chuliege.be - Mozilla Thunderbird,Helpdesk général,2021-10-08,14:20:48,00:00:02
stefano.crapanzano@chu.ulg.ac.be,Courrier entrant - erp.sai@chuliege.be - Mozilla Thunderbird,Tâches diverses,2021-10-08,14:31:56,00:00:02
stefano.crapanzano@chu.ulg.ac.be,Courrier entrant - erp.sai@chuliege.be - Mozilla Thunderbird,Helpdesk général,2021-10-08,14:36:37,00:00:53
stefano.crapanzano@chu.ulg.ac.be,Courrier entrant - erp.sai@chuliege.be - Mozilla Thunderbird,Tâches diverses,2021-10-08,14:47:16,00:00:34
stefano.crapanzano@chu.ulg.ac.be,Courrier entrant - erp.sai@chuliege.be - Mozilla Thunderbird,Tâches diverses,2021-10-08,14:48:44,00:00:04
stefano.crapanzano@chu.ulg.ac.be,Courrier entrant - erp.sai@chuliege.be - Mozilla Thunderbird,Helpdesk général,2021-10-08,14:49:26,00:00:09
stefano.crapanzano@chu.ulg.ac.be,Courrier entrant - erp.sai@chuliege.be - Mozilla Thunderbird,Helpdesk général,2021-10-08,14:50:09,00:00:02
stefano.crapanzano@chu.ulg.ac.be,Courrier entrant - erp.sai@chuliege.be - Mozilla Thunderbird,Helpdesk général,2021-10-08,14:51:12,00:00:18
stefano.crapanzano@chu.ulg.ac.be,Courrier entrant - erp.sai@chuliege.be - Mozilla Thunderbird,Helpdesk général,2021-10-08,14:51:32,00:00:29
stefano.crapanzano@chu.ulg.ac.be,Courrier entrant - erp.sai@chuliege.be - Mozilla Thunderbird,Helpdesk général,2021-10-08,14:52:03,00:00:29
stefano.crapanzano@chu.ulg.ac.be,Courrier entrant - erp.sai@chuliege.be - Mozilla Thunderbird,Helpdesk général,2021-10-08,14:52:35,00:00:06
stefano.crapanzano@chu.ulg.ac.be,Courrier entrant - erp.sai@chuliege.be - Mozilla Thunderbird,Helpdesk général,2021-10-08,15:01:45,00:07:01
stefano.crapanzano@chu.ulg.ac.be,Courrier entrant - erp.sai@chuliege.be - Mozilla Thunderbird,Helpdesk général,2021-10-08,15:15:30,00:00:10
stefano.crapanzano@chu.ulg.ac.be,Courrier entrant - erp.sai@chuliege.be - Mozilla Thunderbird,Helpdesk général,2021-10-08,15:15:43,00:00:22
stefano.crapanzano@chu.ulg.ac.be,Courrier entrant - erp.sai@chuliege.be - Mozilla Thunderbird,Helpdesk général,2021-10-08,15:21:24,00:00:45
stefano.crapanzano@chu.ulg.ac.be,Courrier entrant - erp.sai@chuliege.be - Mozilla Thunderbird,Helpdesk général,2021-10-08,15:22:12,00:00:02
stefano.crapanzano@chu.ulg.ac.be,Courrier entrant - erp.sai@chuliege.be - Mozilla Thunderbird,Helpdesk général,2021-10-08,15:22:21,00:00:18
stefano.crapanzano@chu.ulg.ac.be,Courrier entrant - erp.sai@chuliege.be - Mozilla Thunderbird,Helpdesk général,2021-10-08,15:22:44,00:00:02
stefano.crapanzano@chu.ulg.ac.be,Courrier entrant - erp.sai@chuliege.be - Mozilla Thunderbird,IT,2021-10-08,15:23:11,00:00:04
stefano.crapanzano@chu.ulg.ac.be,Courrier entrant - erp.sai@chuliege.be - Mozilla Thunderbird,Helpdesk général,2021-10-08,15:23:41,00:00:38
stefano.crapanzano@chu.ulg.ac.be,Courrier entrant - erp.sai@chuliege.be - Mozilla Thunderbird,Helpdesk général,2021-10-08,15:24:47,00:00:16
stefano.crapanzano@chu.ulg.ac.be,Courrier entrant - erp.sai@chuliege.be - Mozilla Thunderbird,Helpdesk général,2021-10-08,15:33:36,00:00:05
stefano.crapanzano@chu.ulg.ac.be,Courrier entrant - erp.sai@chuliege.be - Mozilla Thunderbird,Helpdesk général,2021-10-08,15:34:26,00:00:08
stefano.crapanzano@chu.ulg.ac.be,Courrier entrant - erp.sai@chuliege.be - Mozilla Thunderbird,Helpdesk général,2021-10-08,15:36:53,00:00:58
stefano.crapanzano@chu.ulg.ac.be,Courrier entrant - erp.sai@chuliege.be - Mozilla Thunderbird,Helpdesk général,2021-10-08,15:39:45,00:00:05
stefano.crapanzano@chu.ulg.ac.be,Courrier entrant - erp.sai@chuliege.be - Mozilla Thunderbird,Helpdesk général,2021-10-08,15:40:12,00:00:14
stefano.crapanzano@chu.ulg.ac.be,Courrier entrant - erp.sai@chuliege.be - Mozilla Thunderbird,Helpdesk général,2021-10-08,15:42:02,00:00:05
stefano.crapanzano@chu.ulg.ac.be,Courrier entrant - erp.sai@chuliege.be - Mozilla Thunderbird,Tâches diverses,2021-10-08,15:42:11,00:00:05
stefano.crapanzano@chu.ulg.ac.be,Courrier entrant - erp.sai@chuliege.be - Mozilla Thunderbird,Helpdesk général,2021-10-08,15:46:09,00:00:38
stefano.crapanzano@chu.ulg.ac.be,Courrier entrant - erp.sai@chuliege.be - Mozilla Thunderbird,Helpdesk général,2021-10-08,16:30:29,00:00:10
stefano.crapanzano@chu.ulg.ac.be,Courrier entrant - erp.sai@chuliege.be - Mozilla Thunderbird,Helpdesk général,2021-10-08,16:32:21,00:00:31
stefano.crapanzano@chu.ulg.ac.be,Courrier entrant - erp.sai@chuliege.be - Mozilla Thunderbird,Helpdesk général,2021-10-08,16:33:07,00:00:02
stefano.crapanzano@chu.ulg.ac.be,Courrier entrant - erp.sai@chuliege.be - Mozilla Thunderbird,Helpdesk général,2021-10-08,16:33:13,00:00:12
stefano.crapanzano@chu.ulg.ac.be,Courrier entrant - stefano.crapanzano@chuliege.be - Mozilla Thunderbird,Helpdesk général,2021-10-08,09:00:10,00:00:02
stefano.crapanzano@chu.ulg.ac.be,Courrier entrant - stefano.crapanzano@chuliege.be - Mozilla Thunderbird,Helpdesk général,2021-10-08,09:03:30,00:00:02
stefano.crapanzano@chu.ulg.ac.be,Courrier entrant - stefano.crapanzano@chuliege.be - Mozilla Thunderbird,Helpdesk général,2021-10-08,09:29:54,00:14:43
stefano.crapanzano@chu.ulg.ac.be,Courrier entrant - stefano.crapanzano@chuliege.be - Mozilla Thunderbird,Helpdesk général,2021-10-08,09:44:41,00:00:07
stefano.crapanzano@chu.ulg.ac.be,Courrier entrant - stefano.crapanzano@chuliege.be - Mozilla Thunderbird,Helpdesk général,2021-10-08,09:46:01,00:00:05
stefano.crapanzano@chu.ulg.ac.be,Courrier entrant - stefano.crapanzano@chuliege.be - Mozilla Thunderbird,Helpdesk général,2021-10-08,09:47:51,00:00:17
stefano.crapanzano@chu.ulg.ac.be,Courrier entrant - stefano.crapanzano@chuliege.be - Mozilla Thunderbird,Helpdesk général,2021-10-08,10:00:19,00:00:02
stefano.crapanzano@chu.ulg.ac.be,Courrier entrant - stefano.crapanzano@chuliege.be - Mozilla Thunderbird,Helpdesk général,2021-10-08,10:01:04,00:00:25
stefano.crapanzano@chu.ulg.ac.be,Courrier entrant - stefano.crapanzano@chuliege.be - Mozilla Thunderbird,Helpdesk général,2021-10-08,10:01:30,00:00:31
stefano.crapanzano@chu.ulg.ac.be,Courrier entrant - stefano.crapanzano@chuliege.be - Mozilla Thunderbird,Helpdesk général,2021-10-08,10:02:12,00:00:05
stefano.crapanzano@chu.ulg.ac.be,Courrier entrant - stefano.crapanzano@chuliege.be - Mozilla Thunderbird,Helpdesk général,2021-10-08,10:26:31,00:00:26
stefano.crapanzano@chu.ulg.ac.be,Courrier entrant - stefano.crapanzano@chuliege.be - Mozilla Thunderbird,Exploration SAP,2021-10-08,10:31:19,00:00:09
stefano.crapanzano@chu.ulg.ac.be,Courrier entrant - stefano.crapanzano@chuliege.be - Mozilla Thunderbird,Helpdesk général,2021-10-08,10:43:00,00:00:02
stefano.crapanzano@chu.ulg.ac.be,Courrier entrant - stefano.crapanzano@chuliege.be - Mozilla Thunderbird,Helpdesk général,2021-10-08,10:43:09,00:00:06
stefano.crapanzano@chu.ulg.ac.be,Courrier entrant - stefano.crapanzano@chuliege.be - Mozilla Thunderbird,Helpdesk général,2021-10-08,11:05:08,00:00:02
stefano.crapanzano@chu.ulg.ac.be,Courrier entrant - stefano.crapanzano@chuliege.be - Mozilla Thunderbird,Helpdesk général,2021-10-08,12:01:44,00:00:03
stefano.crapanzano@chu.ulg.ac.be,Courrier entrant - stefano.crapanzano@chuliege.be - Mozilla Thunderbird,Helpdesk général,2021-10-08,12:42:51,00:00:04
stefano.crapanzano@chu.ulg.ac.be,Courrier entrant - stefano.crapanzano@chuliege.be - Mozilla Thunderbird,Helpdesk général,2021-10-08,12:44:14,00:00:02
stefano.crapanzano@chu.ulg.ac.be,Courrier entrant - stefano.crapanzano@chuliege.be - Mozilla Thunderbird,Helpdesk général,2021-10-08,12:45:11,00:00:02
stefano.crapanzano@chu.ulg.ac.be,Courrier entrant - stefano.crapanzano@chuliege.be - Mozilla Thunderbird,Helpdesk général,2021-10-08,12:45:27,00:00:36
stefano.crapanzano@chu.ulg.ac.be,Courrier entrant - stefano.crapanzano@chuliege.be - Mozilla Thunderbird,Helpdesk général,2021-10-08,12:46:07,00:00:02
stefano.crapanzano@chu.ulg.ac.be,Courrier entrant - stefano.crapanzano@chuliege.be - Mozilla Thunderbird,Helpdesk général,2021-10-08,13:01:02,00:02:31
stefano.crapanzano@chu.ulg.ac.be,Courrier entrant - stefano.crapanzano@chuliege.be - Mozilla Thunderbird,Helpdesk général,2021-10-08,13:14:57,00:00:07
stefano.crapanzano@chu.ulg.ac.be,Courrier entrant - stefano.crapanzano@chuliege.be - Mozilla Thunderbird,Helpdesk général,2021-10-08,13:18:16,00:00:02
stefano.crapanzano@chu.ulg.ac.be,Courrier entrant - stefano.crapanzano@chuliege.be - Mozilla Thunderbird,Helpdesk général,2021-10-08,13:24:49,00:00:02
stefano.crapanzano@chu.ulg.ac.be,Courrier entrant - stefano.crapanzano@chuliege.be - Mozilla Thunderbird,Helpdesk général,2021-10-08,14:06:11,00:00:02
stefano.crapanzano@chu.ulg.ac.be,Courrier entrant - stefano.crapanzano@chuliege.be - Mozilla Thunderbird,Helpdesk général,2021-10-08,14:17:47,00:00:06
stefano.crapanzano@chu.ulg.ac.be,Courrier entrant - stefano.crapanzano@chuliege.be - Mozilla Thunderbird,Helpdesk général,2021-10-08,14:19:47,00:00:02
stefano.crapanzano@chu.ulg.ac.be,Courrier entrant - stefano.crapanzano@chuliege.be - Mozilla Thunderbird,Helpdesk général,2021-10-08,14:20:29,00:00:02
stefano.crapanzano@chu.ulg.ac.be,Courrier entrant - stefano.crapanzano@chuliege.be - Mozilla Thunderbird,Helpdesk général,2021-10-08,14:20:45,00:00:02
stefano.crapanzano@chu.ulg.ac.be,Courrier entrant - stefano.crapanzano@chuliege.be - Mozilla Thunderbird,Helpdesk général,2021-10-08,14:31:59,00:04:38
stefano.crapanzano@chu.ulg.ac.be,Courrier entrant - stefano.crapanzano@chuliege.be - Mozilla Thunderbird,Helpdesk général,2021-10-08,14:52:56,00:00:02
stefano.crapanzano@chu.ulg.ac.be,Courrier entrant - stefano.crapanzano@chuliege.be - Mozilla Thunderbird,Helpdesk général,2021-10-08,15:22:14,00:00:02
stefano.crapanzano@chu.ulg.ac.be,Courrier entrant - stefano.crapanzano@chuliege.be - Mozilla Thunderbird,Helpdesk général,2021-10-08,15:23:15,00:00:02
stefano.crapanzano@chu.ulg.ac.be,Courrier entrant - stefano.crapanzano@chuliege.be - Mozilla Thunderbird,Helpdesk général,2021-10-08,15:41:43,00:00:02
stefano.crapanzano@chu.ulg.ac.be,Courrier entrant - stefano.crapanzano@chuliege.be - Mozilla Thunderbird,Helpdesk général,2021-10-08,15:46:47,00:00:21
stefano.crapanzano@chu.ulg.ac.be,Courrier entrant - stefano.crapanzano@chuliege.be - Mozilla Thunderbird,Helpdesk général,2021-10-08,15:47:16,00:00:02
stefano.crapanzano@chu.ulg.ac.be,Courrier entrant - stefano.crapanzano@chuliege.be - Mozilla Thunderbird,Helpdesk général,2021-10-08,16:32:52,00:00:14
stefano.crapanzano@chu.ulg.ac.be,Courrier entrant - stefano.crapanzano@chuliege.be - Mozilla Thunderbird,Helpdesk général,2021-10-08,16:40:03,00:00:02
stefano.crapanzano@chu.ulg.ac.be,Courrier entrant - stefano.crapanzano@chuliege.be - Mozilla Thunderbird,Helpdesk général,2021-10-08,16:48:15,00:00:02
stefano.crapanzano@chu.ulg.ac.be,Envoyés - erp.sai@chuliege.be - Mozilla Thunderbird,Helpdesk général,2021-10-08,09:00:13,00:00:02
stefano.crapanzano@chu.ulg.ac.be,Envoyés - erp.sai@chuliege.be - Mozilla Thunderbird,Helpdesk général,2021-10-08,09:04:00,00:00:02
stefano.crapanzano@chu.ulg.ac.be,Envoyés - erp.sai@chuliege.be - Mozilla Thunderbird,Helpdesk général,2021-10-08,09:09:16,00:00:14
stefano.crapanzano@chu.ulg.ac.be,Envoyés - erp.sai@chuliege.be - Mozilla Thunderbird,Helpdesk général,2021-10-08,09:10:23,00:00:15
stefano.crapanzano@chu.ulg.ac.be,Envoyés - erp.sai@chuliege.be - Mozilla Thunderbird,Helpdesk général,2021-10-08,09:11:03,00:00:34
stefano.crapanzano@chu.ulg.ac.be,Envoyés - erp.sai@chuliege.be - Mozilla Thunderbird,Helpdesk général,2021-10-08,09:26:33,00:00:02
stefano.crapanzano@chu.ulg.ac.be,Envoyés - erp.sai@chuliege.be - Mozilla Thunderbird,Helpdesk général,2021-10-08,10:41:02,00:01:56
stefano.crapanzano@chu.ulg.ac.be,Envoyés - erp.sai@chuliege.be - Mozilla Thunderbird,Helpdesk général,2021-10-08,10:43:45,00:00:02
stefano.crapanzano@chu.ulg.ac.be,Envoyés - erp.sai@chuliege.be - Mozilla Thunderbird,Helpdesk général,2021-10-08,10:43:57,00:00:29
stefano.crapanzano@chu.ulg.ac.be,Envoyés - erp.sai@chuliege.be - Mozilla Thunderbird,Helpdesk général,2021-10-08,10:53:27,00:00:13
stefano.crapanzano@chu.ulg.ac.be,Envoyés - erp.sai@chuliege.be - Mozilla Thunderbird,Helpdesk général,2021-10-08,11:04:28,00:00:02
stefano.crapanzano@chu.ulg.ac.be,Envoyés - erp.sai@chuliege.be - Mozilla Thunderbird,Helpdesk général,2021-10-08,11:08:32,00:00:27
stefano.crapanzano@chu.ulg.ac.be,Envoyés - erp.sai@chuliege.be - Mozilla Thunderbird,Helpdesk général,2021-10-08,11:09:12,00:01:15
stefano.crapanzano@chu.ulg.ac.be,Envoyés - erp.sai@chuliege.be - Mozilla Thunderbird,Helpdesk général,2021-10-08,11:15:05,00:01:27
stefano.crapanzano@chu.ulg.ac.be,Envoyés - erp.sai@chuliege.be - Mozilla Thunderbird,Helpdesk général,2021-10-08,12:01:36,00:00:06
stefano.crapanzano@chu.ulg.ac.be,Envoyés - erp.sai@chuliege.be - Mozilla Thunderbird,Helpdesk général,2021-10-08,12:41:48,00:00:04
stefano.crapanzano@chu.ulg.ac.be,Envoyés - erp.sai@chuliege.be - Mozilla Thunderbird,Helpdesk général,2021-10-08,12:42:58,00:00:03
stefano.crapanzano@chu.ulg.ac.be,Envoyés - erp.sai@chuliege.be - Mozilla Thunderbird,Helpdesk général,2021-10-08,12:44:16,00:00:46
stefano.crapanzano@chu.ulg.ac.be,Envoyés - erp.sai@chuliege.be - Mozilla Thunderbird,Helpdesk général,2021-10-08,12:45:07,00:00:02
stefano.crapanzano@chu.ulg.ac.be,Envoyés - erp.sai@chuliege.be - Mozilla Thunderbird,Helpdesk général,2021-10-08,12:45:16,00:00:02
stefano.crapanzano@chu.ulg.ac.be,Envoyés - erp.sai@chuliege.be - Mozilla Thunderbird,Helpdesk général,2021-10-08,12:46:14,00:02:20
stefano.crapanzano@chu.ulg.ac.be,Envoyés - erp.sai@chuliege.be - Mozilla Thunderbird,Helpdesk général,2021-10-08,12:48:39,00:00:02
stefano.crapanzano@chu.ulg.ac.be,Envoyés - erp.sai@chuliege.be - Mozilla Thunderbird,Helpdesk général,2021-10-08,13:13:04,00:01:53
stefano.crapanzano@chu.ulg.ac.be,Envoyés - erp.sai@chuliege.be - Mozilla Thunderbird,Helpdesk général,2021-10-08,13:15:07,00:03:07
stefano.crapanzano@chu.ulg.ac.be,Envoyés - erp.sai@chuliege.be - Mozilla Thunderbird,Helpdesk général,2021-10-08,13:18:22,00:00:02
stefano.crapanzano@chu.ulg.ac.be,Envoyés - erp.sai@chuliege.be - Mozilla Thunderbird,Helpdesk général,2021-10-08,13:18:29,00:02:12
stefano.crapanzano@chu.ulg.ac.be,Envoyés - erp.sai@chuliege.be - Mozilla Thunderbird,Helpdesk général,2021-10-08,13:21:22,00:01:08
stefano.crapanzano@chu.ulg.ac.be,Envoyés - erp.sai@chuliege.be - Mozilla Thunderbird,Helpdesk général,2021-10-08,13:22:37,00:02:11
stefano.crapanzano@chu.ulg.ac.be,Envoyés - erp.sai@chuliege.be - Mozilla Thunderbird,Helpdesk général,2021-10-08,13:24:53,00:00:37
stefano.crapanzano@chu.ulg.ac.be,Envoyés - erp.sai@chuliege.be - Mozilla Thunderbird,Helpdesk général,2021-10-08,13:25:34,00:00:14
stefano.crapanzano@chu.ulg.ac.be,Envoyés - erp.sai@chuliege.be - Mozilla Thunderbird,Helpdesk général,2021-10-08,14:06:52,00:00:26
stefano.crapanzano@chu.ulg.ac.be,Envoyés - erp.sai@chuliege.be - Mozilla Thunderbird,Helpdesk général,2021-10-08,14:07:23,00:00:02
stefano.crapanzano@chu.ulg.ac.be,Envoyés - erp.sai@chuliege.be - Mozilla Thunderbird,Helpdesk général,2021-10-08,14:09:08,00:00:02
stefano.crapanzano@chu.ulg.ac.be,Envoyés - erp.sai@chuliege.be - Mozilla Thunderbird,Helpdesk général,2021-10-08,14:17:58,00:00:02
stefano.crapanzano@chu.ulg.ac.be,Envoyés - erp.sai@chuliege.be - Mozilla Thunderbird,Helpdesk général,2021-10-08,14:18:55,00:00:27
stefano.crapanzano@chu.ulg.ac.be,Envoyés - erp.sai@chuliege.be - Mozilla Thunderbird,Helpdesk général,2021-10-08,14:19:49,00:00:38
stefano.crapanzano@chu.ulg.ac.be,Envoyés - erp.sai@chuliege.be - Mozilla Thunderbird,Helpdesk général,2021-10-08,14:20:32,00:00:03
stefano.crapanzano@chu.ulg.ac.be,Envoyés - erp.sai@chuliege.be - Mozilla Thunderbird,Helpdesk général,2021-10-08,15:15:40,00:00:02
stefano.crapanzano@chu.ulg.ac.be,Envoyés - erp.sai@chuliege.be - Mozilla Thunderbird,Helpdesk général,2021-10-08,15:22:17,00:00:03
stefano.crapanzano@chu.ulg.ac.be,Envoyés - erp.sai@chuliege.be - Mozilla Thunderbird,Helpdesk général,2021-10-08,15:37:52,00:01:52
stefano.crapanzano@chu.ulg.ac.be,Envoyés - erp.sai@chuliege.be - Mozilla Thunderbird,Helpdesk général,2021-10-08,15:39:50,00:00:18
stefano.crapanzano@chu.ulg.ac.be,Envoyés - erp.sai@chuliege.be - Mozilla Thunderbird,Helpdesk général,2021-10-08,15:41:46,00:00:15
stefano.crapanzano@chu.ulg.ac.be,Envoyés - erp.sai@chuliege.be - Mozilla Thunderbird,Helpdesk général,2021-10-08,15:47:19,00:00:25
stefano.crapanzano@chu.ulg.ac.be,Envoyés - erp.sai@chuliege.be - Mozilla Thunderbird,Helpdesk général,2021-10-08,16:33:09,00:00:04
stefano.crapanzano@chu.ulg.ac.be,Envoyés - erp.sai@chuliege.be - Mozilla Thunderbird,Helpdesk général,2021-10-08,16:40:05,00:00:02
stefano.crapanzano@chu.ulg.ac.be,Envoyés - erp.sai@chuliege.be - Mozilla Thunderbird,Helpdesk général,2021-10-08,16:48:17,00:01:13
stefano.crapanzano@chu.ulg.ac.be,Service MT - Google Chrome,Tâches diverses,2021-10-08,10:16:46,00:00:14
stefano.crapanzano@chu.ulg.ac.be,Service MT - Google Chrome,Tâches diverses,2021-10-08,10:53:52,00:00:08
stefano.crapanzano@chu.ulg.ac.be,Service MT - Google Chrome,Tâches diverses,2021-10-08,14:06:42,00:00:08
stefano.crapanzano@chu.ulg.ac.be,Problème lors de la création d'une DA ou réservation à partir d'un fichier Glims - Xperthis ERP4HC 2.0 Rollout - Service d'assistance - Google Chrome,Tâches diverses,2021-10-08,09:00:27,00:00:02
stefano.crapanzano@chu.ulg.ac.be,Problème lors de la création d'une DA ou réservation à partir d'un fichier Glims - Xperthis ERP4HC 2.0 Rollout - Service d'assistance - Google Chrome,Tâches diverses,2021-10-08,09:06:14,00:00:02
stefano.crapanzano@chu.ulg.ac.be,SSP NOUVELLE VERSION SAP PPOMA - Xperthis ERP4HC 2.0 Rollout - Service d'assistance - Google Chrome,Tâches diverses,2021-10-08,10:02:25,00:00:06
stefano.crapanzano@chu.ulg.ac.be,SSP NOUVELLE VERSION SAP PPOMA - Xperthis ERP4HC 2.0 Rollout - Service d'assistance - Google Chrome,Tâches diverses,2021-10-08,13:27:06,00:00:08
stefano.crapanzano@chu.ulg.ac.be,SSP NOUVELLE VERSION SAP PPOMA - Xperthis ERP4HC 2.0 Rollout - Service d'assistance - Google Chrome,Tâches diverses,2021-10-08,13:27:25,00:00:02
stefano.crapanzano@chu.ulg.ac.be,P203 CHU ARCO 20211019904948 KOFAX - Problème avec les factures mails ZHUL (code barre généré) - Xperthis ERP4HC 1.0 - Service d'assistance - Google Chrome,Tâches diverses,2021-10-08,09:00:31,00:00:04
stefano.crapanzano@chu.ulg.ac.be,P203 CHU ARCO 20211019904948 KOFAX - Problème avec les factures mails ZHUL (code barre généré) - Xperthis ERP4HC 1.0 - Service d'assistance - Google Chrome,Tâches diverses,2021-10-08,11:17:18,00:00:07
stefano.crapanzano@chu.ulg.ac.be,P203 CHU ARCO 20211019904948 KOFAX - Problème avec les factures mails ZHUL (code barre généré) - Xperthis ERP4HC 1.0 - Service d'assistance - Google Chrome,Tâches diverses,2021-10-08,11:19:29,00:01:41
stefano.crapanzano@chu.ulg.ac.be,P203 CHU ARCO 20211019904948 KOFAX - Problème avec les factures mails ZHUL (code barre généré) - Xperthis ERP4HC 1.0 - Service d'assistance - Google Chrome,Tâches diverses,2021-10-08,11:21:20,00:06:50
stefano.crapanzano@chu.ulg.ac.be,P203 CHU ARCO 20211019904948 KOFAX - Problème avec les factures mails ZHUL (code barre généré) - Xperthis ERP4HC 1.0 - Service d'assistance - Google Chrome,Helpdesk général,2021-10-08,11:29:16,00:00:02
stefano.crapanzano@chu.ulg.ac.be,P203 CHU ARCO 20211019904948 KOFAX - Problème avec les factures mails ZHUL (code barre généré) - Xperthis ERP4HC 1.0 - Service d'assistance - Google Chrome,Helpdesk général,2021-10-08,11:32:50,00:03:51
stefano.crapanzano@chu.ulg.ac.be,P203 CHU ARCO 20211019904948 KOFAX - Problème avec les factures mails ZHUL (code barre généré) - Xperthis ERP4HC 1.0 - Service d'assistance - Google Chrome,Tâches diverses,2021-10-08,13:26:47,00:00:05
stefano.crapanzano@chu.ulg.ac.be,P203 CHU ARCO 20211019904948 KOFAX - Problème avec les factures mails ZHUL (code barre généré) - Xperthis ERP4HC 1.0 - Service d'assistance - Google Chrome,Tâches diverses,2021-10-08,13:26:54,00:00:12
stefano.crapanzano@chu.ulg.ac.be,P203 CHU ARCO 20211019904948 KOFAX - Problème avec les factures mails ZHUL (code barre généré) - Xperthis ERP4HC 1.0 - Service d'assistance - Google Chrome,Tâches diverses,2021-10-08,13:27:18,00:00:04
stefano.crapanzano@chu.ulg.ac.be,P203 CHU ARCO 20211019904948 KOFAX - Problème avec les factures mails ZHUL (code barre généré) - Xperthis ERP4HC 1.0 - Service d'assistance - Google Chrome,Tâches diverses,2021-10-08,13:27:31,00:00:02
stefano.crapanzano@chu.ulg.ac.be,Transaction PPOMA_BBP indisponible dans X01 - Xperthis ERP4HC 2.0 Rollout - Service d'assistance - Google Chrome,Tâches diverses,2021-10-08,09:00:35,00:00:32
stefano.crapanzano@chu.ulg.ac.be,Transaction PPOMA_BBP indisponible dans X01 - Xperthis ERP4HC 2.0 Rollout - Service d'assistance - Google Chrome,Helpdesk général,2021-10-08,09:06:12,00:00:02
stefano.crapanzano@chu.ulg.ac.be,Transaction PPOMA_BBP indisponible dans X01 - Xperthis ERP4HC 2.0 Rollout - Service d'assistance - Google Chrome,Tâches diverses,2021-10-08,13:26:43,00:00:04
stefano.crapanzano@chu.ulg.ac.be,Transaction PPOMA_BBP indisponible dans X01 - Xperthis ERP4HC 2.0 Rollout - Service d'assistance - Google Chrome,Tâches diverses,2021-10-08,13:27:34,00:00:07
stefano.crapanzano@chu.ulg.ac.be,Transaction PPOMA_BBP indisponible dans X01 - Xperthis ERP4HC 2.0 Rollout - Service d'assistance - Google Chrome,Tâches diverses,2021-10-08,14:07:51,00:00:34
stefano.crapanzano@chu.ulg.ac.be,Transaction PPOMA_BBP indisponible dans X01 - Xperthis ERP4HC 2.0 Rollout - Service d'assistance - Google Chrome,Tâches diverses,2021-10-08,15:18:22,00:00:03
stefano.crapanzano@chu.ulg.ac.be,Netop Invité,Helpdesk général,2021-10-08,09:01:55,00:00:02
stefano.crapanzano@chu.ulg.ac.be,Netop Invité,Helpdesk général,2021-10-08,11:07:01,00:00:02
stefano.crapanzano@chu.ulg.ac.be,Netop Invité,Helpdesk général,2021-10-08,12:37:03,00:03:15
stefano.crapanzano@chu.ulg.ac.be,Netop Invité,Helpdesk général,2021-10-08,12:40:44,00:00:17
stefano.crapanzano@chu.ulg.ac.be,Netop Invité,Helpdesk général,2021-10-08,12:43:02,00:00:02
stefano.crapanzano@chu.ulg.ac.be,Netop Invité,Helpdesk général,2021-10-08,12:43:20,00:00:02
stefano.crapanzano@chu.ulg.ac.be,Netop Invité,Helpdesk général,2021-10-08,13:04:12,00:00:06
stefano.crapanzano@chu.ulg.ac.be,Netop Invité,Helpdesk général,2021-10-08,15:21:18,00:00:02
stefano.crapanzano@chu.ulg.ac.be,Connexion à l'aide de l'authentification Windows,Helpdesk général,2021-10-08,09:01:58,00:00:04
stefano.crapanzano@chu.ulg.ac.be,Connexion à l'aide de l'authentification Windows,Helpdesk général,2021-10-08,09:02:03,00:00:02
stefano.crapanzano@chu.ulg.ac.be,Connexion à l'aide de l'authentification Windows,Helpdesk général,2021-10-08,11:07:04,00:00:02
stefano.crapanzano@chu.ulg.ac.be,Connexion à l'aide de l'authentification Windows,Helpdesk général,2021-10-08,12:17:32,00:00:04
stefano.crapanzano@chu.ulg.ac.be,Connexion à l'aide de l'authentification Windows,Helpdesk général,2021-10-08,12:43:04,00:00:03
stefano.crapanzano@chu.ulg.ac.be,Connexion à l'aide de l'authentification Windows,Helpdesk général,2021-10-08,13:04:20,00:00:05
stefano.crapanzano@chu.ulg.ac.be,si-s-serv503 - Netop Remote Control,Helpdesk général,2021-10-08,09:02:07,00:00:18
stefano.crapanzano@chu.ulg.ac.be,si-s-serv503 - Netop Remote Control,Helpdesk général,2021-10-08,09:03:36,00:00:23
stefano.crapanzano@chu.ulg.ac.be,si-s-serv503 - Netop Remote Control,Helpdesk général,2021-10-08,11:07:08,00:00:25
stefano.crapanzano@chu.ulg.ac.be,si-s-serv503 - Netop Remote Control,Helpdesk général,2021-10-08,11:07:39,00:00:04
stefano.crapanzano@chu.ulg.ac.be,si-s-serv503 - Netop Remote Control,Helpdesk général,2021-10-08,11:08:19,00:00:09
stefano.crapanzano@chu.ulg.ac.be,si-s-serv503 - Netop Remote Control,Helpdesk général,2021-10-08,11:09:01,00:00:10
stefano.crapanzano@chu.ulg.ac.be,si-s-serv503 - Netop Remote Control,Helpdesk général,2021-10-08,11:10:27,00:04:23
stefano.crapanzano@chu.ulg.ac.be,si-s-serv503 - Netop Remote Control,Helpdesk général,2021-10-08,11:16:32,00:00:33
stefano.crapanzano@chu.ulg.ac.be,si-s-serv503 - Netop Remote Control,Helpdesk général,2021-10-08,11:17:26,00:02:03
stefano.crapanzano@chu.ulg.ac.be,si-s-serv503 - Netop Remote Control,Tâches diverses,2021-10-08,11:21:10,00:00:02
stefano.crapanzano@chu.ulg.ac.be,si-s-serv503 - Netop Remote Control,Tâches diverses,2021-10-08,11:28:10,00:01:06
stefano.crapanzano@chu.ulg.ac.be,si-s-serv503 - Netop Remote Control,Helpdesk général,2021-10-08,11:29:19,00:03:30
stefano.crapanzano@chu.ulg.ac.be,si-s-serv503 - Netop Remote Control,Tâches diverses,2021-10-08,11:36:41,00:00:40
stefano.crapanzano@chu.ulg.ac.be,si-s-serv503 - Netop Remote Control,Helpdesk général,2021-10-08,11:38:54,00:00:03
stefano.crapanzano@chu.ulg.ac.be,si-s-serv503 - Netop Remote Control,Helpdesk général,2021-10-08,11:39:22,00:06:02
stefano.crapanzano@chu.ulg.ac.be,si-s-serv503 - Netop Remote Control,Helpdesk général,2021-10-08,11:46:42,00:03:42
stefano.crapanzano@chu.ulg.ac.be,si-s-serv503 - Netop Remote Control,Helpdesk général,2021-10-08,11:50:26,00:06:17
stefano.crapanzano@chu.ulg.ac.be,si-s-serv503 - Netop Remote Control,Helpdesk général,2021-10-08,12:01:04,00:00:32
stefano.crapanzano@chu.ulg.ac.be,si-s-serv503 - Netop Remote Control,Helpdesk général,2021-10-08,12:01:58,00:00:13
stefano.crapanzano@chu.ulg.ac.be,si-s-serv503 - Netop Remote Control,Helpdesk général,2021-10-08,12:17:38,00:16:45
stefano.crapanzano@chu.ulg.ac.be,si-s-serv503 - Netop Remote Control,Helpdesk général,2021-10-08,12:43:10,00:00:10
stefano.crapanzano@chu.ulg.ac.be,Rédaction : Re: Problème Kofax - Thunderbird,Helpdesk général,2021-10-08,09:02:27,00:00:52
stefano.crapanzano@chu.ulg.ac.be,Vérification de l’orthographe,Helpdesk général,2021-10-08,10:33:50,00:00:02
stefano.crapanzano@chu.ulg.ac.be,Vérification de l’orthographe,Helpdesk général,2021-10-08,13:12:33,00:00:02
stefano.crapanzano@chu.ulg.ac.be,Envoi du message - Re: Problème Kofax,Helpdesk général,2021-10-08,09:03:21,00:00:02
stefano.crapanzano@chu.ulg.ac.be,Rédaction : (pas de sujet) - Thunderbird,Helpdesk général,2021-10-08,09:05:04,00:00:06
stefano.crapanzano@chu.ulg.ac.be,Rédaction : (pas de sujet) - Thunderbird,Helpdesk général,2021-10-08,09:05:41,00:00:05
stefano.crapanzano@chu.ulg.ac.be,Rédaction : (pas de sujet) - Thunderbird,Helpdesk général,2021-10-08,09:06:04,00:00:06
stefano.crapanzano@chu.ulg.ac.be,Rédaction : (pas de sujet) - Thunderbird,Helpdesk général,2021-10-08,10:37:13,00:00:05
stefano.crapanzano@chu.ulg.ac.be,Rédaction : GERA ERP 2.0 - Thunderbird,Helpdesk général,2021-10-08,09:05:13,00:00:06
stefano.crapanzano@chu.ulg.ac.be,Rédaction : GERA EVAL vers ERP 2.0 - Thunderbird,Helpdesk général,2021-10-08,09:05:21,00:00:02
stefano.crapanzano@chu.ulg.ac.be,Rédaction : GERA EVAL et ERP 2.0 - Thunderbird,Helpdesk général,2021-10-08,09:05:25,00:00:10
stefano.crapanzano@chu.ulg.ac.be,SAP Logon 760,Helpdesk général,2021-10-08,09:05:47,00:00:02
stefano.crapanzano@chu.ulg.ac.be,SAP Logon 760,Exploration SAP,2021-10-08,10:28:12,00:00:03
stefano.crapanzano@chu.ulg.ac.be,SAP Logon 760,Exploration SAP,2021-10-08,14:47:58,00:00:02
stefano.crapanzano@chu.ulg.ac.be,Sapgui Splash Screen,Exploration SAP,2021-10-08,09:05:49,00:00:06
stefano.crapanzano@chu.ulg.ac.be,SAP GUI for Windows 760,Exploration SAP,2021-10-08,12:36:56,00:00:05
stefano.crapanzano@chu.ulg.ac.be,Demandes - Service d'assistance - Google Chrome,Tâches diverses,2021-10-08,09:06:17,00:00:05
stefano.crapanzano@chu.ulg.ac.be,Demandes - Service d'assistance - Google Chrome,Tâches diverses,2021-10-08,09:06:30,00:00:04
stefano.crapanzano@chu.ulg.ac.be,Demandes - Service d'assistance - Google Chrome,Tâches diverses,2021-10-08,09:57:19,00:00:48
stefano.crapanzano@chu.ulg.ac.be,Demandes - Service d'assistance - Google Chrome,Tâches diverses,2021-10-08,09:58:42,00:00:44
stefano.crapanzano@chu.ulg.ac.be,Demandes - Service d'assistance - Google Chrome,Tâches diverses,2021-10-08,10:02:31,00:00:09
stefano.crapanzano@chu.ulg.ac.be,Demandes - Service d'assistance - Google Chrome,Tâches diverses,2021-10-08,10:15:32,00:00:02
stefano.crapanzano@chu.ulg.ac.be,Demandes - Service d'assistance - Google Chrome,Tâches diverses,2021-10-08,10:16:12,00:00:30
stefano.crapanzano@chu.ulg.ac.be,Demandes - Service d'assistance - Google Chrome,Tâches diverses,2021-10-08,10:18:00,00:00:06
stefano.crapanzano@chu.ulg.ac.be,Demandes - Service d'assistance - Google Chrome,Tâches diverses,2021-10-08,10:44:39,00:00:02
stefano.crapanzano@chu.ulg.ac.be,Demandes - Service d'assistance - Google Chrome,Tâches diverses,2021-10-08,10:44:54,00:00:09
stefano.crapanzano@chu.ulg.ac.be,Demandes - Service d'assistance - Google Chrome,Tâches diverses,2021-10-08,10:45:13,00:00:10
stefano.crapanzano@chu.ulg.ac.be,Demandes - Service d'assistance - Google Chrome,Tâches diverses,2021-10-08,10:45:37,00:00:54
stefano.crapanzano@chu.ulg.ac.be,Demandes - Service d'assistance - Google Chrome,Tâches diverses,2021-10-08,10:46:47,00:00:13
stefano.crapanzano@chu.ulg.ac.be,Demandes - Service d'assistance - Google Chrome,Tâches diverses,2021-10-08,10:54:09,00:00:32
stefano.crapanzano@chu.ulg.ac.be,Demandes - Service d'assistance - Google Chrome,Tâches diverses,2021-10-08,11:00:41,00:00:04
stefano.crapanzano@chu.ulg.ac.be,Demandes - Service d'assistance - Google Chrome,Tâches diverses,2021-10-08,11:00:52,00:00:56
stefano.crapanzano@chu.ulg.ac.be,Demandes - Service d'assistance - Google Chrome,Tâches diverses,2021-10-08,11:02:15,00:00:51
stefano.crapanzano@chu.ulg.ac.be,Demandes - Service d'assistance - Google Chrome,Tâches diverses,2021-10-08,11:17:10,00:00:08
stefano.crapanzano@chu.ulg.ac.be,Demandes - Service d'assistance - Google Chrome,Tâches diverses,2021-10-08,12:41:08,00:00:18
stefano.crapanzano@chu.ulg.ac.be,Demandes - Service d'assistance - Google Chrome,Tâches diverses,2021-10-08,12:41:28,00:00:06
stefano.crapanzano@chu.ulg.ac.be,Demandes - Service d'assistance - Google Chrome,Tâches diverses,2021-10-08,12:41:39,00:00:04
stefano.crapanzano@chu.ulg.ac.be,Demandes - Service d'assistance - Google Chrome,Tâches diverses,2021-10-08,12:43:27,00:00:06
stefano.crapanzano@chu.ulg.ac.be,Demandes - Service d'assistance - Google Chrome,Tâches diverses,2021-10-08,12:43:35,00:00:37
stefano.crapanzano@chu.ulg.ac.be,Demandes - Service d'assistance - Google Chrome,Tâches diverses,2021-10-08,12:49:03,00:00:02
stefano.crapanzano@chu.ulg.ac.be,Demandes - Service d'assistance - Google Chrome,Tâches diverses,2021-10-08,12:49:28,00:00:04
stefano.crapanzano@chu.ulg.ac.be,Demandes - Service d'assistance - Google Chrome,Tâches diverses,2021-10-08,12:50:17,00:00:37
stefano.crapanzano@chu.ulg.ac.be,Demandes - Service d'assistance - Google Chrome,Tâches diverses,2021-10-08,12:51:06,00:00:12
stefano.crapanzano@chu.ulg.ac.be,Demandes - Service d'assistance - Google Chrome,Tâches diverses,2021-10-08,12:51:30,00:00:06
stefano.crapanzano@chu.ulg.ac.be,Demandes - Service d'assistance - Google Chrome,Tâches diverses,2021-10-08,12:52:23,00:00:12
stefano.crapanzano@chu.ulg.ac.be,Demandes - Service d'assistance - Google Chrome,Tâches diverses,2021-10-08,13:25:55,00:00:34
stefano.crapanzano@chu.ulg.ac.be,Demandes - Service d'assistance - Google Chrome,Tâches diverses,2021-10-08,13:26:35,00:00:07
stefano.crapanzano@chu.ulg.ac.be,Demandes - Service d'assistance - Google Chrome,Tâches diverses,2021-10-08,13:27:42,00:00:14
stefano.crapanzano@chu.ulg.ac.be,Demandes - Service d'assistance - Google Chrome,Tâches diverses,2021-10-08,14:07:31,00:00:19
stefano.crapanzano@chu.ulg.ac.be,Demandes - Service d'assistance - Google Chrome,Tâches diverses,2021-10-08,14:08:25,00:00:14
stefano.crapanzano@chu.ulg.ac.be,Demandes - Service d'assistance - Google Chrome,Tâches diverses,2021-10-08,14:10:14,00:00:17
stefano.crapanzano@chu.ulg.ac.be,Demandes - Service d'assistance - Google Chrome,Tâches diverses,2021-10-08,14:10:47,00:00:13
stefano.crapanzano@chu.ulg.ac.be,Demandes - Service d'assistance - Google Chrome,Tâches diverses,2021-10-08,14:14:07,00:00:45
stefano.crapanzano@chu.ulg.ac.be,Demandes - Service d'assistance - Google Chrome,Tâches diverses,2021-10-08,14:15:12,00:00:06
stefano.crapanzano@chu.ulg.ac.be,Demandes - Service d'assistance - Google Chrome,Tâches diverses,2021-10-08,14:15:28,00:00:31
stefano.crapanzano@chu.ulg.ac.be,Demandes - Service d'assistance - Google Chrome,Tâches diverses,2021-10-08,14:16:17,00:00:11
stefano.crapanzano@chu.ulg.ac.be,Demandes - Service d'assistance - Google Chrome,Tâches diverses,2021-10-08,14:16:33,00:00:10
stefano.crapanzano@chu.ulg.ac.be,Demandes - Service d'assistance - Google Chrome,Tâches diverses,2021-10-08,14:16:45,00:00:02
stefano.crapanzano@chu.ulg.ac.be,Demandes - Service d'assistance - Google Chrome,Tâches diverses,2021-10-08,14:16:50,00:00:07
stefano.crapanzano@chu.ulg.ac.be,Demandes - Service d'assistance - Google Chrome,Tâches diverses,2021-10-08,14:17:01,00:00:18
stefano.crapanzano@chu.ulg.ac.be,Demandes - Service d'assistance - Google Chrome,Tâches diverses,2021-10-08,14:18:03,00:00:49
stefano.crapanzano@chu.ulg.ac.be,Demandes - Service d'assistance - Google Chrome,Helpdesk général,2021-10-08,14:19:24,00:00:19
stefano.crapanzano@chu.ulg.ac.be,Demandes - Service d'assistance - Google Chrome,Tâches diverses,2021-10-08,14:39:02,00:00:06
stefano.crapanzano@chu.ulg.ac.be,Demandes - Service d'assistance - Google Chrome,Tâches diverses,2021-10-08,14:39:15,00:00:12
stefano.crapanzano@chu.ulg.ac.be,Demandes - Service d'assistance - Google Chrome,Tâches diverses,2021-10-08,14:39:49,00:00:17
stefano.crapanzano@chu.ulg.ac.be,Demandes - Service d'assistance - Google Chrome,Tâches diverses,2021-10-08,14:44:14,00:00:05
stefano.crapanzano@chu.ulg.ac.be,Demandes - Service d'assistance - Google Chrome,Tâches diverses,2021-10-08,14:52:51,00:00:05
stefano.crapanzano@chu.ulg.ac.be,Demandes - Service d'assistance - Google Chrome,Helpdesk général,2021-10-08,14:53:07,00:00:02
stefano.crapanzano@chu.ulg.ac.be,Demandes - Service d'assistance - Google Chrome,Tâches diverses,2021-10-08,15:10:06,00:00:10
stefano.crapanzano@chu.ulg.ac.be,Demandes - Service d'assistance - Google Chrome,Tâches diverses,2021-10-08,15:14:24,00:00:11
stefano.crapanzano@chu.ulg.ac.be,Demandes - Service d'assistance - Google Chrome,Tâches diverses,2021-10-08,15:15:26,00:00:04
stefano.crapanzano@chu.ulg.ac.be,Demandes - Service d'assistance - Google Chrome,Tâches diverses,2021-10-08,15:16:06,00:00:08
stefano.crapanzano@chu.ulg.ac.be,Demandes - Service d'assistance - Google Chrome,Tâches diverses,2021-10-08,15:16:39,00:00:08
stefano.crapanzano@chu.ulg.ac.be,Demandes - Service d'assistance - Google Chrome,Tâches diverses,2021-10-08,15:17:46,00:00:04
stefano.crapanzano@chu.ulg.ac.be,Demandes - Service d'assistance - Google Chrome,Tâches diverses,2021-10-08,15:18:06,00:00:16
stefano.crapanzano@chu.ulg.ac.be,Demandes - Service d'assistance - Google Chrome,Tâches diverses,2021-10-08,15:18:26,00:00:40
stefano.crapanzano@chu.ulg.ac.be,Demandes - Service d'assistance - Google Chrome,Tâches diverses,2021-10-08,15:21:12,00:00:05
stefano.crapanzano@chu.ulg.ac.be,Demandes - Service d'assistance - Google Chrome,Tâches diverses,2021-10-08,15:23:19,00:00:22
stefano.crapanzano@chu.ulg.ac.be,Demandes - Service d'assistance - Google Chrome,Helpdesk général,2021-10-08,15:24:20,00:00:03
stefano.crapanzano@chu.ulg.ac.be,Demandes - Service d'assistance - Google Chrome,Tâches diverses,2021-10-08,15:28:53,00:00:04
stefano.crapanzano@chu.ulg.ac.be,Demandes - Service d'assistance - Google Chrome,Tâches diverses,2021-10-08,15:41:03,00:00:12
stefano.crapanzano@chu.ulg.ac.be,Demandes - Service d'assistance - Google Chrome,Tâches diverses,2021-10-08,15:41:32,00:00:09
stefano.crapanzano@chu.ulg.ac.be,Demandes - Service d'assistance - Google Chrome,Tâches diverses,2021-10-08,15:44:47,00:00:14
stefano.crapanzano@chu.ulg.ac.be,Demandes - Service d'assistance - Google Chrome,Tâches diverses,2021-10-08,15:45:48,00:00:20
stefano.crapanzano@chu.ulg.ac.be,Demandes - Service d'assistance - Google Chrome,Tâches diverses,2021-10-08,15:47:46,00:00:02
stefano.crapanzano@chu.ulg.ac.be,Demandes - Service d'assistance - Google Chrome,Tâches diverses,2021-10-08,15:50:25,00:00:05
stefano.crapanzano@chu.ulg.ac.be,Demandes - Service d'assistance - Google Chrome,Tâches diverses,2021-10-08,16:31:00,00:01:21
stefano.crapanzano@chu.ulg.ac.be,Cycle 3 ERP 2.0 - Xperthis ERP4HC 2.0 Rollout - Service d'assistance - Google Chrome,Tâches diverses,2021-10-08,09:06:25,00:00:05
stefano.crapanzano@chu.ulg.ac.be,Cycle 3 ERP 2.0 - Xperthis ERP4HC 2.0 Rollout - Service d'assistance - Google Chrome,Tâches diverses,2021-10-08,10:46:32,00:00:14
stefano.crapanzano@chu.ulg.ac.be,Connexion à TE6 et A03 impossible. Problème identique au ticket SDERP-18907 - Xperthis ERP4HC 2.0 Rollout - Service d'assistance - Google Chrome,Tâches diverses,2021-10-08,09:08:29,00:00:04
stefano.crapanzano@chu.ulg.ac.be,Connexion à TE6 et A03 impossible. Problème identique au ticket SDERP-18907 - Xperthis ERP4HC 2.0 Rollout - Service d'assistance - Google Chrome,Tâches diverses,2021-10-08,09:09:39,00:00:42
stefano.crapanzano@chu.ulg.ac.be,Connexion à TE6 et A03 impossible. Problème identique au ticket SDERP-18907 - Xperthis ERP4HC 2.0 Rollout - Service d'assistance - Google Chrome,Tâches diverses,2021-10-08,09:10:40,00:00:22
stefano.crapanzano@chu.ulg.ac.be,Connexion à TE6 et A03 impossible. Problème identique au ticket SDERP-18907 - Xperthis ERP4HC 2.0 Rollout - Service d'assistance - Google Chrome,Tâches diverses,2021-10-08,09:12:28,00:00:02
stefano.crapanzano@chu.ulg.ac.be,Connexion à TE6 et A03 impossible. Problème identique au ticket SDERP-18907 - Xperthis ERP4HC 2.0 Rollout - Service d'assistance - Google Chrome,Tâches diverses,2021-10-08,09:12:33,00:11:34
stefano.crapanzano@chu.ulg.ac.be,Connexion à TE6 et A03 impossible. Problème identique au ticket SDERP-18907 - Xperthis ERP4HC 2.0 Rollout - Service d'assistance - Google Chrome,Tâches diverses,2021-10-08,09:24:08,00:02:17
stefano.crapanzano@chu.ulg.ac.be,Connexion à TE6 et A03 impossible. Problème identique au ticket SDERP-18907 - Xperthis ERP4HC 2.0 Rollout - Service d'assistance - Google Chrome,Tâches diverses,2021-10-08,09:57:16,00:00:02
stefano.crapanzano@chu.ulg.ac.be,Connexion à TE6 et A03 impossible. Problème identique au ticket SDERP-18907 - Xperthis ERP4HC 2.0 Rollout - Service d'assistance - Google Chrome,Tâches diverses,2021-10-08,10:14:55,00:00:37
stefano.crapanzano@chu.ulg.ac.be,Connexion à TE6 et A03 impossible. Problème identique au ticket SDERP-18907 - Xperthis ERP4HC 2.0 Rollout - Service d'assistance - Google Chrome,Tâches diverses,2021-10-08,10:45:03,00:00:09
stefano.crapanzano@chu.ulg.ac.be,Connexion à TE6 et A03 impossible. Problème identique au ticket SDERP-18907 - Xperthis ERP4HC 2.0 Rollout - Service d'assistance - Google Chrome,Tâches diverses,2021-10-08,13:26:30,00:00:05
stefano.crapanzano@chu.ulg.ac.be,Rédaction : Cycle 3 connexion à A03 et TE6 - Thunderbird,Helpdesk général,2021-10-08,09:06:45,00:01:42
stefano.crapanzano@chu.ulg.ac.be,Rédaction : Cycle 3 connexion à A03 et TE6 - Thunderbird,Helpdesk général,2021-10-08,09:08:35,00:00:18
stefano.crapanzano@chu.ulg.ac.be,P203 CHU Connexion à ERP4HC 2.0 : IP 153.89.126.135 non accessible + connexions SAPLOGON - Xperthis ERP4HC 1.0 - Service d'assistance - Google Chrome,Tâches diverses,2021-10-08,09:08:56,00:00:15
stefano.crapanzano@chu.ulg.ac.be,P203 CHU Connexion à ERP4HC 2.0 : IP 153.89.126.135 non accessible + connexions SAPLOGON - Xperthis ERP4HC 1.0 - Service d'assistance - Google Chrome,Tâches diverses,2021-10-08,09:09:32,00:00:06
stefano.crapanzano@chu.ulg.ac.be,P203 CHU Connexion à ERP4HC 2.0 : IP 153.89.126.135 non accessible + connexions SAPLOGON - Xperthis ERP4HC 1.0 - Service d'assistance - Google Chrome,Tâches diverses,2021-10-08,09:11:38,00:00:48
stefano.crapanzano@chu.ulg.ac.be,Standaardinstellingen - Google Chrome,Tâches diverses,2021-10-08,10:03:04,00:00:08
stefano.crapanzano@chu.ulg.ac.be,Standaardinstellingen - Google Chrome,Tâches diverses,2021-10-08,10:04:34,00:00:12
stefano.crapanzano@chu.ulg.ac.be,Standaardinstellingen - Google Chrome,Tâches diverses,2021-10-08,10:06:08,00:00:14
stefano.crapanzano@chu.ulg.ac.be,Standaardinstellingen - Google Chrome,Tâches diverses,2021-10-08,13:27:22,00:00:02
stefano.crapanzano@chu.ulg.ac.be,Rédaction : Fwd: Ticket 20211019904948 ((JIARCO-1388) P203 CHU KOFAX - Problème avec les factures mails ZHUL (code barre généré)) - Thunderbird,Helpdesk général,2021-10-08,09:45:00,00:00:06
stefano.crapanzano@chu.ulg.ac.be,Rédaction : Fwd: Ticket 20211019904948 ((JIARCO-1388) P203 CHU KOFAX - Problème avec les factures mails ZHUL (code barre généré)) - Thunderbird,Helpdesk général,2021-10-08,10:43:04,00:00:02
stefano.crapanzano@chu.ulg.ac.be,Rédaction : Fwd: Ticket 20211019904948 ((JIARCO-1388) P203 CHU KOFAX - Problème avec les factures mails ZHUL (code barre généré)) - Thunderbird,Helpdesk général,2021-10-08,13:07:55,00:00:39
stefano.crapanzano@chu.ulg.ac.be,Rédaction : Fwd: Ticket 20211019904948 ((JIARCO-1388) P203 CHU KOFAX - Problème avec les factures mails ZHUL (code barre généré)) - Thunderbird,Helpdesk général,2021-10-08,13:08:43,00:03:50
stefano.crapanzano@chu.ulg.ac.be,KOFAX / Problème de reconnaissance de code-barre sur factures mail - Mozilla Thunderbird,Helpdesk général,2021-10-08,09:45:58,00:00:02
stefano.crapanzano@chu.ulg.ac.be,Rédaction : Re: KOFAX / Problème de reconnaissance de code-barre sur factures mail - Thunderbird,Helpdesk général,2021-10-08,09:45:11,00:00:43
stefano.crapanzano@chu.ulg.ac.be,SAM-DB - Google Chrome,Tâches diverses,2021-10-08,09:46:18,00:00:17
stefano.crapanzano@chu.ulg.ac.be,SAM-DB - Google Chrome,Tâches diverses,2021-10-08,09:53:31,00:00:09
stefano.crapanzano@chu.ulg.ac.be,SAM-DB - Google Chrome,Helpdesk général,2021-10-08,09:57:14,00:00:02
stefano.crapanzano@chu.ulg.ac.be,SAM-DB - Google Chrome,Tâches diverses,2021-10-08,14:51:09,00:00:02
stefano.crapanzano@chu.ulg.ac.be,SAM-DB - Google Chrome,Tâches diverses,2021-10-08,14:52:43,00:00:06
stefano.crapanzano@chu.ulg.ac.be,SAM-DB - Google Chrome,Tâches diverses,2021-10-08,15:19:38,00:00:05
stefano.crapanzano@chu.ulg.ac.be,SAM-DB - Google Chrome,Tâches diverses,2021-10-08,15:42:08,00:00:02
stefano.crapanzano@chu.ulg.ac.be,SAM-DB : Création de deux matricules F - Google Chrome,Tâches diverses,2021-10-08,09:46:35,00:00:09
stefano.crapanzano@chu.ulg.ac.be,SAM-DB : Création de deux matricules F - Google Chrome,Tâches diverses,2021-10-08,09:49:57,00:00:15
stefano.crapanzano@chu.ulg.ac.be,SAM-DB : Création de deux matricules F - Google Chrome,Tâches diverses,2021-10-08,09:52:57,00:00:33
stefano.crapanzano@chu.ulg.ac.be,SAM-DB : Création de deux matricules F - Google Chrome,Tâches diverses,2021-10-08,10:26:58,00:01:04
stefano.crapanzano@chu.ulg.ac.be,SAM-DB : Création de deux matricules F - Google Chrome,Tâches diverses,2021-10-08,10:32:27,00:00:06
stefano.crapanzano@chu.ulg.ac.be,SAM-DB : Création de deux matricules F - Google Chrome,Tâches diverses,2021-10-08,10:33:54,00:00:02
stefano.crapanzano@chu.ulg.ac.be,SAM-DB : Création de deux matricules F - Google Chrome,Tâches diverses,2021-10-08,11:05:16,00:00:03
stefano.crapanzano@chu.ulg.ac.be,SAM-DB : Création de deux matricules F - Google Chrome,Tâches diverses,2021-10-08,12:48:55,00:00:03
stefano.crapanzano@chu.ulg.ac.be,moons - Mozilla Thunderbird,Helpdesk général,2021-10-08,09:47:15,00:00:09
stefano.crapanzano@chu.ulg.ac.be,moons - Mozilla Thunderbird,Helpdesk général,2021-10-08,09:47:34,00:00:15
stefano.crapanzano@chu.ulg.ac.be,moons - Mozilla Thunderbird,Helpdesk général,2021-10-08,09:48:21,00:00:18
stefano.crapanzano@chu.ulg.ac.be,moons - Mozilla Thunderbird,Helpdesk général,2021-10-08,09:49:02,00:00:13
stefano.crapanzano@chu.ulg.ac.be,moons - Mozilla Thunderbird,Helpdesk général,2021-10-08,09:49:22,00:00:31
stefano.crapanzano@chu.ulg.ac.be,moons - Mozilla Thunderbird,Helpdesk général,2021-10-08,10:53:21,00:00:02
stefano.crapanzano@chu.ulg.ac.be,Accès serveur CHU - Mozilla Thunderbird,Helpdesk général,2021-10-08,09:47:24,00:00:09
stefano.crapanzano@chu.ulg.ac.be,Accès serveur CHU - Mozilla Thunderbird,Helpdesk général,2021-10-08,09:48:40,00:00:22
stefano.crapanzano@chu.ulg.ac.be,Corriger fournisseurs/clients avant Go-live - Mozilla Thunderbird,Helpdesk général,2021-10-08,09:49:16,00:00:06
stefano.crapanzano@chu.ulg.ac.be,par0112wi.xperthis.be:8081/sap/bc/webflow/wshandler?sap-client=203&saml2=disabled - Google Chrome,Helpdesk général,2021-10-08,09:51:21,00:00:02
stefano.crapanzano@chu.ulg.ac.be,Connexion impossible - Google Chrome,Tâches diverses,2021-10-08,09:51:23,00:00:02
stefano.crapanzano@chu.ulg.ac.be,Didier BARE - erp.sai@chuliege.be - Mozilla Thunderbird,Helpdesk général,2021-10-08,09:52:26,00:00:29
stefano.crapanzano@chu.ulg.ac.be,Didier BARE - erp.sai@chuliege.be - Mozilla Thunderbird,Tâches diverses,2021-10-08,09:53:41,00:00:02
stefano.crapanzano@chu.ulg.ac.be,Didier BARE - erp.sai@chuliege.be - Mozilla Thunderbird,Helpdesk général,2021-10-08,10:31:29,00:00:39
stefano.crapanzano@chu.ulg.ac.be,Didier BARE - erp.sai@chuliege.be - Mozilla Thunderbird,Helpdesk général,2021-10-08,10:33:58,00:00:02
stefano.crapanzano@chu.ulg.ac.be,Marquer comme lus par date,Helpdesk général,2021-10-08,09:54:00,00:00:02
stefano.crapanzano@chu.ulg.ac.be,Approbation de commandes d'achat - Xperthis ERP4HC 2.0 Rollout - Service d'assistance - Google Chrome,Tâches diverses,2021-10-08,09:58:07,00:00:34
stefano.crapanzano@chu.ulg.ac.be,Approbation de commandes d'achat - Xperthis ERP4HC 2.0 Rollout - Service d'assistance - Google Chrome,Tâches diverses,2021-10-08,10:18:07,00:00:02
stefano.crapanzano@chu.ulg.ac.be,Approbation de commandes d'achat - Xperthis ERP4HC 2.0 Rollout - Service d'assistance - Google Chrome,Tâches diverses,2021-10-08,10:20:28,00:00:03
stefano.crapanzano@chu.ulg.ac.be,Approbation de commandes d'achat - Xperthis ERP4HC 2.0 Rollout - Service d'assistance - Google Chrome,Tâches diverses,2021-10-08,10:20:37,00:00:40
stefano.crapanzano@chu.ulg.ac.be,Approbation de commandes d'achat - Xperthis ERP4HC 2.0 Rollout - Service d'assistance - Google Chrome,Tâches diverses,2021-10-08,10:22:17,00:00:02
stefano.crapanzano@chu.ulg.ac.be,Approbation de commandes d'achat - Xperthis ERP4HC 2.0 Rollout - Service d'assistance - Google Chrome,Tâches diverses,2021-10-08,10:22:25,00:00:17
stefano.crapanzano@chu.ulg.ac.be,Approbation de commandes d'achat - Xperthis ERP4HC 2.0 Rollout - Service d'assistance - Google Chrome,Tâches diverses,2021-10-08,10:44:35,00:00:04
stefano.crapanzano@chu.ulg.ac.be,Approbation de commandes d'achat - Xperthis ERP4HC 2.0 Rollout - Service d'assistance - Google Chrome,Tâches diverses,2021-10-08,10:44:42,00:00:12
stefano.crapanzano@chu.ulg.ac.be,Approbation de commandes d'achat - Xperthis ERP4HC 2.0 Rollout - Service d'assistance - Google Chrome,Tâches diverses,2021-10-08,11:00:45,00:00:06
stefano.crapanzano@chu.ulg.ac.be,Approbation de commandes d'achat - Xperthis ERP4HC 2.0 Rollout - Service d'assistance - Google Chrome,Tâches diverses,2021-10-08,12:51:18,00:00:12
stefano.crapanzano@chu.ulg.ac.be,Envoyés - stefano.crapanzano@chuliege.be - Mozilla Thunderbird,Helpdesk général,2021-10-08,09:59:31,00:00:46
stefano.crapanzano@chu.ulg.ac.be,Envoyés - stefano.crapanzano@chuliege.be - Mozilla Thunderbird,Helpdesk général,2021-10-08,10:00:23,00:00:41
stefano.crapanzano@chu.ulg.ac.be,SAP Easy Access Menu de base Applications financières-économiques,Exploration SAP,2021-10-08,10:03:30,00:00:02
stefano.crapanzano@chu.ulg.ac.be,SAP Easy Access Menu de base Applications financières-économiques,Exploration SAP,2021-10-08,10:09:01,00:00:11
stefano.crapanzano@chu.ulg.ac.be,SAP Easy Access Menu de base Applications financières-économiques,Exploration SAP,2021-10-08,10:09:27,00:00:05
stefano.crapanzano@chu.ulg.ac.be,SAP Easy Access Menu de base Applications financières-économiques,Exploration SAP,2021-10-08,10:18:10,00:00:02
stefano.crapanzano@chu.ulg.ac.be,SAP Easy Access Menu de base Applications financières-économiques,Exploration SAP,2021-10-08,10:19:58,00:00:02
stefano.crapanzano@chu.ulg.ac.be,SAP Easy Access Menu de base Applications financières-économiques,Exploration SAP,2021-10-08,10:28:02,00:00:05
stefano.crapanzano@chu.ulg.ac.be,SAP Easy Access Menu de base Applications financières-économiques,Exploration SAP,2021-10-08,10:28:16,00:01:38
stefano.crapanzano@chu.ulg.ac.be,SAP Easy Access Menu de base Applications financières-économiques,Exploration SAP,2021-10-08,10:30:44,00:00:05
stefano.crapanzano@chu.ulg.ac.be,SAP Easy Access Menu de base Applications financières-économiques,Exploration SAP,2021-10-08,10:31:05,00:00:05
stefano.crapanzano@chu.ulg.ac.be,SAP Easy Access Menu de base Applications financières-économiques,Exploration SAP,2021-10-08,10:57:35,00:00:14
stefano.crapanzano@chu.ulg.ac.be,SAP Easy Access Menu de base Applications financières-économiques,Exploration SAP,2021-10-08,10:58:43,00:00:02
stefano.crapanzano@chu.ulg.ac.be,SAP Easy Access Menu de base Applications financières-économiques,Helpdesk général,2021-10-08,13:55:46,00:10:16
stefano.crapanzano@chu.ulg.ac.be,SAP Easy Access Menu de base Applications financières-économiques,Helpdesk général,2021-10-08,14:47:51,00:00:02
stefano.crapanzano@chu.ulg.ac.be,SAP Easy Access Menu de base Applications financières-économiques,Exploration SAP,2021-10-08,14:48:01,00:00:05
stefano.crapanzano@chu.ulg.ac.be,SAP Easy Access Menu de base Applications financières-économiques,Exploration SAP,2021-10-08,14:49:36,00:00:03
stefano.crapanzano@chu.ulg.ac.be,SAP Easy Access Menu de base Applications financières-économiques,Exploration SAP,2021-10-08,14:49:42,00:00:03
stefano.crapanzano@chu.ulg.ac.be,Chargement photo d'un article sur SSP - Xperthis ERP4HC 2.0 Rollout - Service d'assistance - Google Chrome,Tâches diverses,2021-10-08,10:02:41,00:00:22
stefano.crapanzano@chu.ulg.ac.be,Chargement photo d'un article sur SSP - Xperthis ERP4HC 2.0 Rollout - Service d'assistance - Google Chrome,Tâches diverses,2021-10-08,10:03:13,00:00:15
stefano.crapanzano@chu.ulg.ac.be,Chargement photo d'un article sur SSP - Xperthis ERP4HC 2.0 Rollout - Service d'assistance - Google Chrome,Exploration SAP,2021-10-08,10:03:41,00:00:03
stefano.crapanzano@chu.ulg.ac.be,Chargement photo d'un article sur SSP - Xperthis ERP4HC 2.0 Rollout - Service d'assistance - Google Chrome,Tâches diverses,2021-10-08,10:03:50,00:00:06
stefano.crapanzano@chu.ulg.ac.be,Chargement photo d'un article sur SSP - Xperthis ERP4HC 2.0 Rollout - Service d'assistance - Google Chrome,Tâches diverses,2021-10-08,10:04:02,00:00:04
stefano.crapanzano@chu.ulg.ac.be,Chargement photo d'un article sur SSP - Xperthis ERP4HC 2.0 Rollout - Service d'assistance - Google Chrome,Tâches diverses,2021-10-08,10:04:28,00:00:06
stefano.crapanzano@chu.ulg.ac.be,Chargement photo d'un article sur SSP - Xperthis ERP4HC 2.0 Rollout - Service d'assistance - Google Chrome,Tâches diverses,2021-10-08,10:11:44,00:00:18
stefano.crapanzano@chu.ulg.ac.be,Chargement photo d'un article sur SSP - Xperthis ERP4HC 2.0 Rollout - Service d'assistance - Google Chrome,Exploration SAP,2021-10-08,10:12:05,00:00:09
stefano.crapanzano@chu.ulg.ac.be,Chargement photo d'un article sur SSP - Xperthis ERP4HC 2.0 Rollout - Service d'assistance - Google Chrome,Tâches diverses,2021-10-08,10:12:26,00:01:31
stefano.crapanzano@chu.ulg.ac.be,Chargement photo d'un article sur SSP - Xperthis ERP4HC 2.0 Rollout - Service d'assistance - Google Chrome,Tâches diverses,2021-10-08,10:14:02,00:00:36
stefano.crapanzano@chu.ulg.ac.be,Chargement photo d'un article sur SSP - Xperthis ERP4HC 2.0 Rollout - Service d'assistance - Google Chrome,Tâches diverses,2021-10-08,10:15:35,00:00:14
stefano.crapanzano@chu.ulg.ac.be,Chargement photo d'un article sur SSP - Xperthis ERP4HC 2.0 Rollout - Service d'assistance - Google Chrome,Tâches diverses,2021-10-08,10:15:57,00:00:14
stefano.crapanzano@chu.ulg.ac.be,Chargement photo d'un article sur SSP - Xperthis ERP4HC 2.0 Rollout - Service d'assistance - Google Chrome,Tâches diverses,2021-10-08,12:48:59,00:00:04
stefano.crapanzano@chu.ulg.ac.be,Chargement photo d'un article sur SSP - Xperthis ERP4HC 2.0 Rollout - Service d'assistance - Google Chrome,Tâches diverses,2021-10-08,12:51:37,00:00:45
stefano.crapanzano@chu.ulg.ac.be,Chargement photo d'un article sur SSP - Xperthis ERP4HC 2.0 Rollout - Service d'assistance - Google Chrome,Tâches diverses,2021-10-08,14:39:27,00:00:21
stefano.crapanzano@chu.ulg.ac.be,Valoriser objets dans matrice,Exploration SAP,2021-10-08,10:03:34,00:00:06
stefano.crapanzano@chu.ulg.ac.be,Valoriser objets dans matrice,Exploration SAP,2021-10-08,10:03:45,00:00:05
stefano.crapanzano@chu.ulg.ac.be,Valoriser objets dans matrice,Exploration SAP,2021-10-08,10:03:57,00:00:05
stefano.crapanzano@chu.ulg.ac.be,Valoriser objets dans matrice,Exploration SAP,2021-10-08,10:04:06,00:00:21
stefano.crapanzano@chu.ulg.ac.be,Valoriser objets dans matrice,Exploration SAP,2021-10-08,10:04:46,00:00:02
stefano.crapanzano@chu.ulg.ac.be,Valoriser objets dans matrice,Exploration SAP,2021-10-08,10:05:18,00:00:06
stefano.crapanzano@chu.ulg.ac.be,Valoriser objets dans matrice,Exploration SAP,2021-10-08,10:07:21,00:00:08
stefano.crapanzano@chu.ulg.ac.be,Valoriser objets dans matrice,Exploration SAP,2021-10-08,10:10:15,00:00:10
stefano.crapanzano@chu.ulg.ac.be,Valoriser objets dans matrice,Exploration SAP,2021-10-08,10:11:10,00:00:03
stefano.crapanzano@chu.ulg.ac.be,Valoriser objets dans matrice,Exploration SAP,2021-10-08,10:12:03,00:00:02
stefano.crapanzano@chu.ulg.ac.be,Valoriser objets dans matrice,Exploration SAP,2021-10-08,10:12:15,00:00:05
stefano.crapanzano@chu.ulg.ac.be,Z_FIGURE01 part 1,Exploration SAP,2021-10-08,10:04:49,00:00:25
stefano.crapanzano@chu.ulg.ac.be,Z_FIGURE01 part 1,Exploration SAP,2021-10-08,10:05:52,00:00:16
stefano.crapanzano@chu.ulg.ac.be,Z_FIGURE01 part 1,Helpdesk général,2021-10-08,10:07:12,00:00:02
stefano.crapanzano@chu.ulg.ac.be,Z_FIGURE01 part 1,Exploration SAP,2021-10-08,10:07:19,00:00:02
stefano.crapanzano@chu.ulg.ac.be,Z_FIGURE01 part 1,Exploration SAP,2021-10-08,10:10:26,00:00:08
stefano.crapanzano@chu.ulg.ac.be,Z_FIGURE01 part 1,Exploration SAP,2021-10-08,10:10:44,00:00:26
stefano.crapanzano@chu.ulg.ac.be,AE2_203 - sftp://AE2U2FTP@153.89.110.38 - FileZilla,Helpdesk général,2021-10-08,10:06:23,00:00:02
stefano.crapanzano@chu.ulg.ac.be,PE2_203 - sftp://PE2U2FTP@153.89.110.38 - FileZilla,Helpdesk général,2021-10-08,10:06:26,00:00:45
stefano.crapanzano@chu.ulg.ac.be,PE2_203 - sftp://PE2U2FTP@153.89.110.38 - FileZilla,Helpdesk général,2021-10-08,10:07:15,00:00:04
stefano.crapanzano@chu.ulg.ac.be,PE2_203 - sftp://PE2U2FTP@153.89.110.38 - FileZilla,Helpdesk général,2021-10-08,10:08:12,00:00:02
stefano.crapanzano@chu.ulg.ac.be,PE2_203 - sftp://PE2U2FTP@153.89.110.38 - FileZilla,Helpdesk général,2021-10-08,10:10:34,00:00:09
stefano.crapanzano@chu.ulg.ac.be,PE2_203 - sftp://PE2U2FTP@153.89.110.38 - FileZilla,Tâches diverses,2021-10-08,14:20:52,00:00:02
stefano.crapanzano@chu.ulg.ac.be,Page d'accueil - Google Chrome,Tâches diverses,2021-10-08,10:07:32,00:00:04
stefano.crapanzano@chu.ulg.ac.be,Page d'accueil - Google Chrome,Tâches diverses,2021-10-08,10:07:47,00:00:03
stefano.crapanzano@chu.ulg.ac.be,Page d'accueil - Google Chrome,Tâches diverses,2021-10-08,10:17:51,00:00:02
stefano.crapanzano@chu.ulg.ac.be,Page d'accueil - Google Chrome,Tâches diverses,2021-10-08,10:34:26,00:00:02
stefano.crapanzano@chu.ulg.ac.be,Connexion - Google Chrome,Tâches diverses,2021-10-08,10:07:36,00:00:09
stefano.crapanzano@chu.ulg.ac.be,Connexion - Google Chrome,Tâches diverses,2021-10-08,11:05:36,00:00:21
stefano.crapanzano@chu.ulg.ac.be,Créer une demande d'achat - Google Chrome,Tâches diverses,2021-10-08,10:07:51,00:00:16
stefano.crapanzano@chu.ulg.ac.be,Créer une demande d'achat - Google Chrome,Tâches diverses,2021-10-08,10:08:31,00:00:06
stefano.crapanzano@chu.ulg.ac.be,Créer une demande d'achat - Google Chrome,Tâches diverses,2021-10-08,10:08:47,00:00:13
stefano.crapanzano@chu.ulg.ac.be,Créer une demande d'achat - Google Chrome,Tâches diverses,2021-10-08,10:09:50,00:00:09
stefano.crapanzano@chu.ulg.ac.be,Créer une demande d'achat - Google Chrome,Tâches diverses,2021-10-08,10:11:17,00:00:02
stefano.crapanzano@chu.ulg.ac.be,Créer une demande d'achat - Google Chrome,Tâches diverses,2021-10-08,10:11:21,00:00:21
stefano.crapanzano@chu.ulg.ac.be,Créer une demande d'achat - Google Chrome,Tâches diverses,2021-10-08,10:15:50,00:00:07
stefano.crapanzano@chu.ulg.ac.be,Créer une demande d'achat - Google Chrome,Tâches diverses,2021-10-08,10:17:48,00:00:02
stefano.crapanzano@chu.ulg.ac.be,Créer une demande d'achat - Google Chrome,Tâches diverses,2021-10-08,10:34:28,00:00:21
stefano.crapanzano@chu.ulg.ac.be,Créer une demande d'achat - Google Chrome,Tâches diverses,2021-10-08,11:05:25,00:00:10
stefano.crapanzano@chu.ulg.ac.be,Créer une demande d'achat - Google Chrome,Tâches diverses,2021-10-08,11:05:58,00:00:17
stefano.crapanzano@chu.ulg.ac.be,Créer une demande d'achat - Google Chrome,Tâches diverses,2021-10-08,13:27:15,00:00:02
stefano.crapanzano@chu.ulg.ac.be,Créer une demande d'achat - Google Chrome,Tâches diverses,2021-10-08,15:22:41,00:00:02
stefano.crapanzano@chu.ulg.ac.be,Détails du produit - Google Chrome,Tâches diverses,2021-10-08,10:08:07,00:00:05
stefano.crapanzano@chu.ulg.ac.be,Détails du produit - Google Chrome,Tâches diverses,2021-10-08,10:08:25,00:00:06
stefano.crapanzano@chu.ulg.ac.be,Détails du produit - Google Chrome,Tâches diverses,2021-10-08,10:08:38,00:00:09
stefano.crapanzano@chu.ulg.ac.be,Changement de tâche,Tâches diverses,2021-10-08,10:22:42,00:00:02
stefano.crapanzano@chu.ulg.ac.be,Afficher article (Initial Screen),Exploration SAP,2021-10-08,10:09:13,00:00:02
stefano.crapanzano@chu.ulg.ac.be,Afficher article (Initial Screen),Exploration SAP,2021-10-08,10:09:25,00:00:02
stefano.crapanzano@chu.ulg.ac.be,Afficher article 501129 (ARTICLE WM Stock),Exploration SAP,2021-10-08,10:09:18,00:00:06
stefano.crapanzano@chu.ulg.ac.be,Afficher fiche infos-achats : écran initial,Exploration SAP,2021-10-08,10:09:33,00:00:02
stefano.crapanzano@chu.ulg.ac.be,Afficher fiche infos-achats : écran initial,Exploration SAP,2021-10-08,10:10:10,00:00:03
stefano.crapanzano@chu.ulg.ac.be,Numéro de la fiche infos-achats (3),Exploration SAP,2021-10-08,10:09:35,00:00:14
stefano.crapanzano@chu.ulg.ac.be,Numéro de la fiche infos-achats (3),Tâches diverses,2021-10-08,10:09:59,00:00:08
stefano.crapanzano@chu.ulg.ac.be,Numéro de la fiche infos-achats (3)    1 Entrée trouvée,Exploration SAP,2021-10-08,10:10:08,00:00:02
stefano.crapanzano@chu.ulg.ac.be,Greenshot capture form,Helpdesk général,2021-10-08,10:12:20,00:00:04
stefano.crapanzano@chu.ulg.ac.be,Greenshot capture form,Exploration SAP,2021-10-08,10:18:32,00:00:09
stefano.crapanzano@chu.ulg.ac.be,Greenshot capture form,Helpdesk général,2021-10-08,10:22:05,00:00:07
stefano.crapanzano@chu.ulg.ac.be,Greenshot capture form,Helpdesk général,2021-10-08,14:50:51,00:00:05
stefano.crapanzano@chu.ulg.ac.be,Greenshot capture form,Helpdesk général,2021-10-08,15:19:09,00:00:07
stefano.crapanzano@chu.ulg.ac.be,Greenshot capture form,Helpdesk général,2021-10-08,15:19:52,00:00:07
stefano.crapanzano@chu.ulg.ac.be,Ouvrir,Tâches diverses,2021-10-08,10:13:57,00:00:02
stefano.crapanzano@chu.ulg.ac.be,Ouvrir,Tâches diverses,2021-10-08,10:20:32,00:00:05
stefano.crapanzano@chu.ulg.ac.be,Ouvrir,Tâches diverses,2021-10-08,10:22:20,00:00:05
stefano.crapanzano@chu.ulg.ac.be,(1) Planifié - To Do - Google Chrome,Tâches diverses,2021-10-08,10:16:43,00:00:02
stefano.crapanzano@chu.ulg.ac.be,Ma boîte de réception - Google Chrome,Tâches diverses,2021-10-08,10:17:54,00:00:04
stefano.crapanzano@chu.ulg.ac.be,Ma boîte de réception - Google Chrome,Tâches diverses,2021-10-08,10:19:48,00:00:10
stefano.crapanzano@chu.ulg.ac.be,Ma boîte de réception - Google Chrome,Tâches diverses,2021-10-08,10:34:19,00:00:02
stefano.crapanzano@chu.ulg.ac.be,Afficher données d'autorisation de l'utilisateur CHUC158492,Exploration SAP,2021-10-08,10:18:12,00:00:19
stefano.crapanzano@chu.ulg.ac.be,Afficher données d'autorisation de l'utilisateur CHUC158492,Exploration SAP,2021-10-08,10:18:49,00:00:09
stefano.crapanzano@chu.ulg.ac.be,Afficher données d'autorisation de l'utilisateur CHUC158492,Exploration SAP,2021-10-08,10:19:06,00:00:02
stefano.crapanzano@chu.ulg.ac.be,Afficher données d'autorisation de l'utilisateur CHUC158492,Exploration SAP,2021-10-08,10:19:30,00:00:13
stefano.crapanzano@chu.ulg.ac.be,Afficher données d'autorisation de l'utilisateur CHUC158492,Exploration SAP,2021-10-08,10:20:01,00:00:26
stefano.crapanzano@chu.ulg.ac.be,Enregistrer sous,Exploration SAP,2021-10-08,10:18:46,00:00:02
stefano.crapanzano@chu.ulg.ac.be,Enregistrer sous,Exploration SAP,2021-10-08,10:18:58,00:00:06
stefano.crapanzano@chu.ulg.ac.be,Enregistrer sous,Exploration SAP,2021-10-08,10:36:20,00:00:14
stefano.crapanzano@chu.ulg.ac.be,su53.HTML - Google Chrome,Tâches diverses,2021-10-08,10:19:11,00:00:09
stefano.crapanzano@chu.ulg.ac.be,su53.HTML - Google Chrome,Tâches diverses,2021-10-08,10:21:23,00:00:41
stefano.crapanzano@chu.ulg.ac.be,su53.HTML - Google Chrome,Tâches diverses,2021-10-08,10:22:46,00:00:03
stefano.crapanzano@chu.ulg.ac.be,Rédaction : Re: Surveillance n'affiche pas le bon nombre de fichiers en alerte - Thunderbird,Helpdesk général,2021-10-08,10:23:01,00:03:19
stefano.crapanzano@chu.ulg.ac.be,Management d'utilisateurs,Exploration SAP,2021-10-08,10:29:54,00:00:13
stefano.crapanzano@chu.ulg.ac.be,Management d'utilisateurs,Exploration SAP,2021-10-08,10:30:12,00:00:21
stefano.crapanzano@chu.ulg.ac.be,Management d'utilisateurs,Exploration SAP,2021-10-08,10:30:36,00:00:07
stefano.crapanzano@chu.ulg.ac.be,Management d'utilisateurs,Exploration SAP,2021-10-08,10:30:49,00:00:02
stefano.crapanzano@chu.ulg.ac.be,Management d'utilisateurs,Exploration SAP,2021-10-08,10:30:53,00:00:12
stefano.crapanzano@chu.ulg.ac.be,Management d'utilisateurs,Exploration SAP,2021-10-08,10:31:11,00:00:08
stefano.crapanzano@chu.ulg.ac.be,Management d'utilisateurs,Exploration SAP,2021-10-08,10:34:01,00:00:09
stefano.crapanzano@chu.ulg.ac.be,Gestion de la fiche utilisateur : groupe d'utilisateurs (1)    5 Entrées trouvées,Exploration SAP,2021-10-08,10:30:08,00:00:04
stefano.crapanzano@chu.ulg.ac.be,Nom de l'utilisateur ds fiche utilisateur (1)  500 Entrées trouvées,Exploration SAP,2021-10-08,10:30:33,00:00:02
stefano.crapanzano@chu.ulg.ac.be,Rédaction : Re: Accès serveur CHU - Thunderbird,Helpdesk général,2021-10-08,10:32:10,00:00:13
stefano.crapanzano@chu.ulg.ac.be,Rédaction : Re: Accès serveur CHU - Thunderbird,Helpdesk général,2021-10-08,10:32:35,00:01:15
stefano.crapanzano@chu.ulg.ac.be,Rapport utilisateurs,Exploration SAP,2021-10-08,10:34:50,00:00:14
stefano.crapanzano@chu.ulg.ac.be,Rapport utilisateurs,Exploration SAP,2021-10-08,10:35:07,00:00:05
stefano.crapanzano@chu.ulg.ac.be,Rapport utilisateurs,Exploration SAP,2021-10-08,10:35:14,00:01:03
stefano.crapanzano@chu.ulg.ac.be,Définir valeurs pour critères de filtre,Exploration SAP,2021-10-08,10:35:05,00:00:02
stefano.crapanzano@chu.ulg.ac.be,Sélection du calcul avec tableur,Exploration SAP,2021-10-08,10:36:17,00:00:02
stefano.crapanzano@chu.ulg.ac.be,relais_achat_pe2.XLSX - Excel,Tâches diverses,2021-10-08,10:36:38,00:00:27
stefano.crapanzano@chu.ulg.ac.be,relais_achat_pe2.XLSX - Excel,Tâches diverses,2021-10-08,10:49:17,00:01:33
stefano.crapanzano@chu.ulg.ac.be,Harpège Download_tables_SaaS_SAP_V13.xlsx - Excel,Tâches diverses,2021-10-08,10:37:06,00:00:02
stefano.crapanzano@chu.ulg.ac.be,Harpège Download_tables_SaaS_SAP_V13.xlsx - Excel,Tâches diverses,2021-10-08,10:55:45,00:00:03
stefano.crapanzano@chu.ulg.ac.be,Rédaction : Relais Achat PE2 - Thunderbird,Helpdesk général,2021-10-08,10:37:22,00:00:17
stefano.crapanzano@chu.ulg.ac.be,Rédaction : Relais Achat PE2 - Thunderbird,Helpdesk général,2021-10-08,10:37:46,00:03:04
stefano.crapanzano@chu.ulg.ac.be,Joindre les fichiers,Helpdesk général,2021-10-08,10:37:39,00:00:06
stefano.crapanzano@chu.ulg.ac.be,Envoi du message - Relais Achat PE2,Helpdesk général,2021-10-08,10:40:52,00:00:06
stefano.crapanzano@chu.ulg.ac.be,Problème de visibilité des information liées à la réception - Xperthis ERP4HC 2.0 Rollout - Service d'assistance - Google Chrome,Tâches diverses,2021-10-08,10:45:23,00:00:13
stefano.crapanzano@chu.ulg.ac.be,X01-203 commande arrivée à la signature sans le budget nécessaire - Xperthis ERP4HC 2.0 Rollout - Service d'assistance - Google Chrome,Tâches diverses,2021-10-08,10:47:00,00:01:03
stefano.crapanzano@chu.ulg.ac.be,X01-203 commande arrivée à la signature sans le budget nécessaire - Xperthis ERP4HC 2.0 Rollout - Service d'assistance - Google Chrome,Tâches diverses,2021-10-08,10:53:48,00:00:02
stefano.crapanzano@chu.ulg.ac.be,X01-203 commande arrivée à la signature sans le budget nécessaire - Xperthis ERP4HC 2.0 Rollout - Service d'assistance - Google Chrome,Tâches diverses,2021-10-08,10:54:42,00:00:18
stefano.crapanzano@chu.ulg.ac.be,X01-203 commande arrivée à la signature sans le budget nécessaire - Xperthis ERP4HC 2.0 Rollout - Service d'assistance - Google Chrome,Tâches diverses,2021-10-08,10:55:25,00:00:11
stefano.crapanzano@chu.ulg.ac.be,X01-203 commande arrivée à la signature sans le budget nécessaire - Xperthis ERP4HC 2.0 Rollout - Service d'assistance - Google Chrome,Tâches diverses,2021-10-08,10:57:19,00:00:08
stefano.crapanzano@chu.ulg.ac.be,X01-203 commande arrivée à la signature sans le budget nécessaire - Xperthis ERP4HC 2.0 Rollout - Service d'assistance - Google Chrome,Tâches diverses,2021-10-08,11:05:20,00:00:02
stefano.crapanzano@chu.ulg.ac.be,X01-203 commande arrivée à la signature sans le budget nécessaire - Xperthis ERP4HC 2.0 Rollout - Service d'assistance - Google Chrome,Tâches diverses,2021-10-08,11:17:07,00:00:02
stefano.crapanzano@chu.ulg.ac.be,X01-203 commande arrivée à la signature sans le budget nécessaire - Xperthis ERP4HC 2.0 Rollout - Service d'assistance - Google Chrome,Tâches diverses,2021-10-08,12:41:03,00:00:05
stefano.crapanzano@chu.ulg.ac.be,Connectez-vous à votre compte - Google Chrome,Tâches diverses,2021-10-08,10:54:01,00:00:04
stefano.crapanzano@chu.ulg.ac.be,ARCO - KOFAX - License de NOUVEAU expirée alors que le problème a déjà été signalé - Xperthis ERP4HC 1.0 - Service d'assistance - Google Chrome,Tâches diverses,2021-10-08,10:54:06,00:00:02
stefano.crapanzano@chu.ulg.ac.be,ARCO - KOFAX - License de NOUVEAU expirée alors que le problème a déjà été signalé - Xperthis ERP4HC 1.0 - Service d'assistance - Google Chrome,Tâches diverses,2021-10-08,14:14:52,00:00:19
stefano.crapanzano@chu.ulg.ac.be,ARCO - KOFAX - License de NOUVEAU expirée alors que le problème a déjà été signalé - Xperthis ERP4HC 1.0 - Service d'assistance - Google Chrome,Tâches diverses,2021-10-08,16:30:41,00:00:18
stefano.crapanzano@chu.ulg.ac.be,Microsoft Windows,Helpdesk général,2021-10-08,15:19:17,00:00:02
stefano.crapanzano@chu.ulg.ac.be,Lecture documentation,Tâches diverses,2021-10-08,10:56:12,00:00:09
stefano.crapanzano@chu.ulg.ac.be,Lecture documentation,Tâches diverses,2021-10-08,12:40:30,00:00:02
stefano.crapanzano@chu.ulg.ac.be,Lecture documentation,Tâches diverses,2021-10-08,13:28:05,00:17:20
stefano.crapanzano@chu.ulg.ac.be,Lecture documentation,Tâches diverses,2021-10-08,14:20:54,00:08:38
stefano.crapanzano@chu.ulg.ac.be,Lecture documentation,Tâches diverses,2021-10-08,14:53:10,00:08:34
stefano.crapanzano@chu.ulg.ac.be,Lecture documentation,Tâches diverses,2021-10-08,15:42:16,00:02:26
stefano.crapanzano@chu.ulg.ac.be,Lecture documentation,Tâches diverses,2021-10-08,15:45:13,00:00:02
stefano.crapanzano@chu.ulg.ac.be,Lecture documentation,Tâches diverses,2021-10-08,15:47:09,00:00:07
stefano.crapanzano@chu.ulg.ac.be,Lecture documentation,Tâches diverses,2021-10-08,15:50:32,00:39:57
stefano.crapanzano@chu.ulg.ac.be,Lecture documentation,Tâches diverses,2021-10-08,16:33:26,00:06:36
stefano.crapanzano@chu.ulg.ac.be,Lecture documentation,Tâches diverses,2021-10-08,16:40:09,00:08:05
stefano.crapanzano@chu.ulg.ac.be,Sélectionner document,Exploration SAP,2021-10-08,10:57:51,00:00:02
stefano.crapanzano@chu.ulg.ac.be,Commande interv. 41 4100002723 créée par Karin DERWA,Exploration SAP,2021-10-08,10:57:53,00:00:10
stefano.crapanzano@chu.ulg.ac.be,Commande interv. 41 4100002723 créée par Karin DERWA,Exploration SAP,2021-10-08,10:58:35,00:00:08
stefano.crapanzano@chu.ulg.ac.be,Modifications Commande achat 4100002723 Poste 10,Exploration SAP,2021-10-08,10:58:04,00:00:30
stefano.crapanzano@chu.ulg.ac.be,ERP 2.0 test SSP - quantité max en commande - Xperthis ERP4HC 2.0 Rollout - Service d'assistance - Google Chrome,Tâches diverses,2021-10-08,11:01:48,00:00:27
stefano.crapanzano@chu.ulg.ac.be,Rédaction : Re: Ticket 20211019904948 ((JIARCO-1388) P203 CHU KOFAX - Problème avec les factures mails ZHUL (code barre généré)) - Thunderbird,Helpdesk général,2021-10-08,11:06:36,00:00:25
stefano.crapanzano@chu.ulg.ac.be,Rédaction : Re: Ticket 20211019904948 ((JIARCO-1388) P203 CHU KOFAX - Problème avec les factures mails ZHUL (code barre généré)) - Thunderbird,Helpdesk général,2021-10-08,11:07:33,00:00:05
stefano.crapanzano@chu.ulg.ac.be,Rédaction : Re: Ticket 20211019904948 ((JIARCO-1388) P203 CHU KOFAX - Problème avec les factures mails ZHUL (code barre généré)) - Thunderbird,Helpdesk général,2021-10-08,11:07:43,00:00:32
stefano.crapanzano@chu.ulg.ac.be,Envoi du message - Re: Ticket 20211019904948 ((JIARCO-1388) P203 CHU KOFAX - Problème avec les factures mails ZHUL (code barre généré)),Helpdesk général,2021-10-08,11:08:16,00:00:02
stefano.crapanzano@chu.ulg.ac.be,si-s-serv503 - Conversation Netop,Helpdesk général,2021-10-08,11:21:13,00:00:05
stefano.crapanzano@chu.ulg.ac.be,si-s-serv503 - Conversation Netop,Helpdesk général,2021-10-08,11:56:46,00:01:52
stefano.crapanzano@chu.ulg.ac.be,Erreur à la création d'une fiche info-achats - Xperthis ERP4HC 2.0 Rollout - Service d'assistance - Google Chrome,Tâches diverses,2021-10-08,12:49:32,00:00:44
stefano.crapanzano@chu.ulg.ac.be,X01-203 - BP par XK02 rattacher PART au CRED - Xperthis ERP4HC 2.0 Rollout - Service d'assistance - Google Chrome,Tâches diverses,2021-10-08,12:41:35,00:00:04
stefano.crapanzano@chu.ulg.ac.be,X01-203 - BP par XK02 rattacher PART au CRED - Xperthis ERP4HC 2.0 Rollout - Service d'assistance - Google Chrome,Tâches diverses,2021-10-08,15:16:47,00:00:58
stefano.crapanzano@chu.ulg.ac.be,SDERP - CHR - Transaction KSB1 - données dans colonne Cpt. c-part - Xperthis ERP4HC 1.0 - Service d'assistance - Google Chrome,Tâches diverses,2021-10-08,12:49:05,00:00:22
stefano.crapanzano@chu.ulg.ac.be,SSP Impossible de créer une demande d'achat (panier) à partir de n'importe quel article (dans X01) - Xperthis ERP4HC 2.0 Rollout - Service d'assistance - Google Chrome,Tâches diverses,2021-10-08,12:50:54,00:00:12
stefano.crapanzano@chu.ulg.ac.be,X01-203 CHR ZSCAN_INVOICE  pas de répertoire - Xperthis ERP4HC 2.0 Rollout - Service d'assistance - Google Chrome,Tâches diverses,2021-10-08,12:52:35,00:08:27
stefano.crapanzano@chu.ulg.ac.be,X01-203 CHR ZSCAN_INVOICE  pas de répertoire - Xperthis ERP4HC 2.0 Rollout - Service d'assistance - Google Chrome,Tâches diverses,2021-10-08,14:06:39,00:00:02
stefano.crapanzano@chu.ulg.ac.be,X01-203 CHR ZSCAN_INVOICE  pas de répertoire - Xperthis ERP4HC 2.0 Rollout - Service d'assistance - Google Chrome,Tâches diverses,2021-10-08,14:09:16,00:00:58
stefano.crapanzano@chu.ulg.ac.be,dsl-wx-0044 - Netop Remote Control,Helpdesk général,2021-10-08,13:04:27,00:03:01
stefano.crapanzano@chu.ulg.ac.be,Envoi du message - Fwd: Ticket 20211019904948 ((JIARCO-1388) P203 CHU KOFAX - Problème avec les factures mails ZHUL (code barre généré)),Helpdesk général,2021-10-08,13:12:37,00:00:13
stefano.crapanzano@chu.ulg.ac.be,Envoi du message - Fwd: Ticket 20211019904948 ((JIARCO-1388) P203 CHU KOFAX - Problème avec les factures mails ZHUL (code barre généré)),Helpdesk général,2021-10-08,13:12:53,00:00:06
stefano.crapanzano@chu.ulg.ac.be,Rédaction : Re: SDERP-19264 / SDERP-19287. Kofax Capture - Thunderbird,Helpdesk général,2021-10-08,13:20:51,00:00:25
stefano.crapanzano@chu.ulg.ac.be,SSP - Approbation de DA non visible dans l'interface - Xperthis ERP4HC 2.0 Rollout - Service d'assistance - Google Chrome,Tâches diverses,2021-10-08,13:45:49,00:00:34
stefano.crapanzano@chu.ulg.ac.be,SSP - Approbation de DA non visible dans l'interface - Xperthis ERP4HC 2.0 Rollout - Service d'assistance - Google Chrome,Tâches diverses,2021-10-08,14:07:28,00:00:02
stefano.crapanzano@chu.ulg.ac.be,SSP - Approbation de DA non visible dans l'interface - Xperthis ERP4HC 2.0 Rollout - Service d'assistance - Google Chrome,Tâches diverses,2021-10-08,14:37:31,00:01:31
stefano.crapanzano@chu.ulg.ac.be,SSP Quantité à commander ne vient pas de ZMMARTIKEL - Xperthis ERP4HC 2.0 Rollout - Service d'assistance - Google Chrome,Tâches diverses,2021-10-08,14:10:31,00:00:15
stefano.crapanzano@chu.ulg.ac.be,Test de GERA sur ERP 2.0 - Xperthis ERP4HC 2.0 Rollout - Service d'assistance - Google Chrome,Tâches diverses,2021-10-08,14:11:01,00:03:05
stefano.crapanzano@chu.ulg.ac.be,Test de GERA sur ERP 2.0 - Xperthis ERP4HC 2.0 Rollout - Service d'assistance - Google Chrome,Tâches diverses,2021-10-08,15:16:14,00:00:22
stefano.crapanzano@chu.ulg.ac.be,Test de GERA sur ERP 2.0 - Xperthis ERP4HC 2.0 Rollout - Service d'assistance - Google Chrome,Helpdesk général,2021-10-08,15:44:43,00:00:04
stefano.crapanzano@chu.ulg.ac.be,Accès à Jira pour Christelle Proesmans - Xperthis ERP4HC 2.0 Rollout - Service d'assistance - Google Chrome,Tâches diverses,2021-10-08,14:15:18,00:00:09
stefano.crapanzano@chu.ulg.ac.be,Transaction ENGR non accessible sur X01 - Xperthis ERP4HC 2.0 Rollout - Service d'assistance - Google Chrome,Tâches diverses,2021-10-08,14:15:59,00:00:17
stefano.crapanzano@chu.ulg.ac.be,Transaction ENGR non accessible sur X01 - Xperthis ERP4HC 2.0 Rollout - Service d'assistance - Google Chrome,Tâches diverses,2021-10-08,14:44:20,00:00:04
stefano.crapanzano@chu.ulg.ac.be,P203 CHU Job C203_ZHUL_EDICOM interrompu - Xperthis ERP4HC 1.0 - Service d'assistance - Google Chrome,Tâches diverses,2021-10-08,14:16:29,00:00:03
stefano.crapanzano@chu.ulg.ac.be,P203 CHU Paniers toujours visible dans SSP - Xperthis ERP4HC 1.0 - Service d'assistance - Google Chrome,Tâches diverses,2021-10-08,14:16:47,00:00:02
stefano.crapanzano@chu.ulg.ac.be,P203 CHU Demande de configuration de 3 terminaux bancontact - Xperthis ERP4HC 1.0 - Service d'assistance - Google Chrome,Tâches diverses,2021-10-08,14:16:58,00:00:02
stefano.crapanzano@chu.ulg.ac.be,Télétravail (à partir du 11-01-21).xlsx - Excel,Tâches diverses,2021-10-08,14:29:44,00:02:11
stefano.crapanzano@chu.ulg.ac.be,STERPBE-P203- CC 153 manquant dan DDL - Xperthis ERP4HC 2.0 Rollout - Service d'assistance - Google Chrome,Tâches diverses,2021-10-08,14:39:09,00:00:06
stefano.crapanzano@chu.ulg.ac.be,Extended My Requests - All requests - Service Desk - Google Chrome,Tâches diverses,2021-10-08,14:40:08,00:00:10
stefano.crapanzano@chu.ulg.ac.be,Extended My Requests - All requests - Service Desk - Google Chrome,Tâches diverses,2021-10-08,14:48:38,00:00:05
stefano.crapanzano@chu.ulg.ac.be,Extended My Requests - All requests - Service Desk - Google Chrome,Tâches diverses,2021-10-08,15:10:03,00:00:02
stefano.crapanzano@chu.ulg.ac.be,My_Requests_08_10_2021_14_40.csv - Excel,Tâches diverses,2021-10-08,14:40:23,00:00:13
stefano.crapanzano@chu.ulg.ac.be,My_Requests_08_10_2021_14_40.csv - Excel,Tâches diverses,2021-10-08,14:40:41,00:00:24
stefano.crapanzano@chu.ulg.ac.be,My_Requests_08_10_2021_14_40.csv - Excel,Tâches diverses,2021-10-08,14:41:08,00:03:05
stefano.crapanzano@chu.ulg.ac.be,My_Requests_08_10_2021_14_40.csv - Excel,Tâches diverses,2021-10-08,14:44:25,00:02:51
stefano.crapanzano@chu.ulg.ac.be,Filtre automatique personnalisé,Tâches diverses,2021-10-08,14:40:37,00:00:04
stefano.crapanzano@chu.ulg.ac.be,Gestion des utilisateurs : écran initial,Exploration SAP,2021-10-08,14:48:06,00:00:05
stefano.crapanzano@chu.ulg.ac.be,Gestion des utilisateurs : écran initial,Exploration SAP,2021-10-08,14:48:33,00:00:04
stefano.crapanzano@chu.ulg.ac.be,Gestion des utilisateurs : écran initial,Exploration SAP,2021-10-08,14:49:40,00:00:02
stefano.crapanzano@chu.ulg.ac.be,Afficher utilisateur,Exploration SAP,2021-10-08,14:48:12,00:00:16
stefano.crapanzano@chu.ulg.ac.be,Gérer utilisateur,Exploration SAP,2021-10-08,14:48:28,00:00:05
stefano.crapanzano@chu.ulg.ac.be,u40 - Mozilla Thunderbird,Helpdesk général,2021-10-08,14:48:48,00:00:13
stefano.crapanzano@chu.ulg.ac.be,DEMANDE MODIFICATION - C206806 - R2VISION FACTURE U40 à la place du U10 - Mozilla Thunderbird,Helpdesk général,2021-10-08,14:49:01,00:00:19
stefano.crapanzano@chu.ulg.ac.be,Attributs généraux (BBP) Modifier,Exploration SAP,2021-10-08,14:49:46,00:00:03
stefano.crapanzano@chu.ulg.ac.be,Attributs généraux (BBP) Modifier,Exploration SAP,2021-10-08,14:49:54,00:00:14
stefano.crapanzano@chu.ulg.ac.be,Rechercher Poste,Exploration SAP,2021-10-08,14:49:50,00:00:03
stefano.crapanzano@chu.ulg.ac.be,SAM-DB : Nouvelle licence - SIMIOLI Laura - Google Chrome,Tâches diverses,2021-10-08,14:50:12,00:00:37
stefano.crapanzano@chu.ulg.ac.be,SAM-DB : Nouvelle licence - SIMIOLI Laura - Google Chrome,Tâches diverses,2021-10-08,14:50:57,00:00:12
stefano.crapanzano@chu.ulg.ac.be,Programmation,IT,2021-10-08,14:52:01,00:00:02
stefano.crapanzano@chu.ulg.ac.be,Programmation,IT,2021-10-08,14:52:32,00:00:02
stefano.crapanzano@chu.ulg.ac.be,Fin de session,Exploration SAP,2021-10-08,14:53:02,00:00:02
stefano.crapanzano@chu.ulg.ac.be,ERP 2.0 test SSP - Xperthis ERP4HC 2.0 Rollout - Service d'assistance - Google Chrome,Tâches diverses,2021-10-08,15:08:47,00:01:16
stefano.crapanzano@chu.ulg.ac.be,ERP 2.0 test SSP - Xperthis ERP4HC 2.0 Rollout - Service d'assistance - Google Chrome,Tâches diverses,2021-10-08,15:10:23,00:02:52
stefano.crapanzano@chu.ulg.ac.be,ERP 2.0 test SSP - Xperthis ERP4HC 2.0 Rollout - Service d'assistance - Google Chrome,Tâches diverses,2021-10-08,15:13:25,00:00:16
stefano.crapanzano@chu.ulg.ac.be,ERP 2.0 test SSP - Xperthis ERP4HC 2.0 Rollout - Service d'assistance - Google Chrome,Tâches diverses,2021-10-08,15:14:36,00:00:07
stefano.crapanzano@chu.ulg.ac.be,ERP 2.0 test SSP - Xperthis ERP4HC 2.0 Rollout - Service d'assistance - Google Chrome,Tâches diverses,2021-10-08,15:16:36,00:00:02
stefano.crapanzano@chu.ulg.ac.be,ERP 2.0 test SSP - Xperthis ERP4HC 2.0 Rollout - Service d'assistance - Google Chrome,Tâches diverses,2021-10-08,15:24:24,00:00:22
stefano.crapanzano@chu.ulg.ac.be,ERP 2.0 test SSP - Xperthis ERP4HC 2.0 Rollout - Service d'assistance - Google Chrome,Helpdesk général,2021-10-08,15:25:03,00:03:49
stefano.crapanzano@chu.ulg.ac.be,ERP 2.0 test SSP - Xperthis ERP4HC 2.0 Rollout - Service d'assistance - Google Chrome,Tâches diverses,2021-10-08,15:28:57,00:04:39
stefano.crapanzano@chu.ulg.ac.be,ERP 2.0 test SSP - Xperthis ERP4HC 2.0 Rollout - Service d'assistance - Google Chrome,Tâches diverses,2021-10-08,15:35:19,00:00:12
stefano.crapanzano@chu.ulg.ac.be,ERP 2.0 test SSP - Xperthis ERP4HC 2.0 Rollout - Service d'assistance - Google Chrome,Tâches diverses,2021-10-08,15:40:27,00:00:36
stefano.crapanzano@chu.ulg.ac.be,ERP 2.0 test SSP - Xperthis ERP4HC 2.0 Rollout - Service d'assistance - Google Chrome,Tâches diverses,2021-10-08,15:47:49,00:02:36
stefano.crapanzano@chu.ulg.ac.be,SSP non-respect unités ZMMARTIKEL_création DA/réservation - Xperthis ERP4HC 2.0 Rollout - Service d'assistance - Google Chrome,Tâches diverses,2021-10-08,15:10:16,00:00:06
stefano.crapanzano@chu.ulg.ac.be,SSP non-respect unités ZMMARTIKEL_création DA/réservation - Xperthis ERP4HC 2.0 Rollout - Service d'assistance - Google Chrome,Tâches diverses,2021-10-08,15:13:15,00:00:09
stefano.crapanzano@chu.ulg.ac.be,SSP non-respect unités ZMMARTIKEL_création DA/réservation - Xperthis ERP4HC 2.0 Rollout - Service d'assistance - Google Chrome,Tâches diverses,2021-10-08,15:13:41,00:00:43
stefano.crapanzano@chu.ulg.ac.be,SSP non-respect unités ZMMARTIKEL_création DA/réservation - Xperthis ERP4HC 2.0 Rollout - Service d'assistance - Google Chrome,Tâches diverses,2021-10-08,15:14:46,00:00:39
stefano.crapanzano@chu.ulg.ac.be,SSP non-respect unités ZMMARTIKEL_création DA/réservation - Xperthis ERP4HC 2.0 Rollout - Service d'assistance - Google Chrome,Tâches diverses,2021-10-08,15:17:50,00:00:16
stefano.crapanzano@chu.ulg.ac.be,SSP non-respect unités ZMMARTIKEL_création DA/réservation - Xperthis ERP4HC 2.0 Rollout - Service d'assistance - Google Chrome,Tâches diverses,2021-10-08,15:41:15,00:00:17
stefano.crapanzano@chu.ulg.ac.be,SAM-DB : Manque de mémoire sur PC fixe - Google Chrome,Tâches diverses,2021-10-08,15:19:21,00:00:17
stefano.crapanzano@chu.ulg.ac.be,SAM-DB : Manque de mémoire sur PC fixe - Google Chrome,Tâches diverses,2021-10-08,15:20:03,00:00:14
stefano.crapanzano@chu.ulg.ac.be,SAM-DB : Manque de mémoire sur PC fixe - Google Chrome,Tâches diverses,2021-10-08,15:20:19,00:00:05
stefano.crapanzano@chu.ulg.ac.be,SAM-DB : Manque de mémoire sur PC fixe - Google Chrome,Tâches diverses,2021-10-08,15:21:04,00:00:08
stefano.crapanzano@chu.ulg.ac.be,*nouveau 10 - Notepad++ [Administrator],IT,2021-10-08,15:22:47,00:00:02
stefano.crapanzano@chu.ulg.ac.be,*nouveau 9 - Notepad++ [Administrator],IT,2021-10-08,15:22:49,00:00:02
stefano.crapanzano@chu.ulg.ac.be,*nouveau 7 - Notepad++ [Administrator],IT,2021-10-08,15:22:56,00:00:06
stefano.crapanzano@chu.ulg.ac.be,*nouveau 7 - Notepad++ [Administrator],IT,2021-10-08,15:23:08,00:00:02
stefano.crapanzano@chu.ulg.ac.be,*nouveau 5 - Notepad++ [Administrator],IT,2021-10-08,15:23:03,00:00:04
stefano.crapanzano@chu.ulg.ac.be,Rédaction : Re: Fwd: STERPBE-2658 ERP 2.0 test SSP - Thunderbird,Helpdesk général,2021-10-08,15:33:42,00:00:44
stefano.crapanzano@chu.ulg.ac.be,Rédaction : Re: Fwd: STERPBE-2658 ERP 2.0 test SSP - Thunderbird,Helpdesk général,2021-10-08,15:34:35,00:00:42
stefano.crapanzano@chu.ulg.ac.be,Rédaction : Re: Fwd: STERPBE-2658 ERP 2.0 test SSP - Thunderbird,Helpdesk général,2021-10-08,15:35:33,00:01:18
