Email,Description,Project,Start date,Start time,Duration
stefano.crapanzano@chu.ulg.ac.be,Administrateur : C:\Windows\system32\cmd.exe - python  main.py,IT,2021-10-07,08:23:49,00:00:02
stefano.crapanzano@chu.ulg.ac.be,Administrateur : C:\Windows\system32\cmd.exe - python  main.py,Tâches diverses,2021-10-07,14:40:12,00:00:03
stefano.crapanzano@chu.ulg.ac.be,Navigation système de fichier,IT,2021-10-07,08:23:52,00:00:30
stefano.crapanzano@chu.ulg.ac.be,Navigation système de fichier,IT,2021-10-07,08:46:03,00:00:03
stefano.crapanzano@chu.ulg.ac.be,Navigation système de fichier,IT,2021-10-07,08:52:46,00:00:03
stefano.crapanzano@chu.ulg.ac.be,Navigation système de fichier,IT,2021-10-07,09:07:50,00:00:04
stefano.crapanzano@chu.ulg.ac.be,Navigation système de fichier,IT,2021-10-07,09:09:25,00:00:02
stefano.crapanzano@chu.ulg.ac.be,Navigation système de fichier,IT,2021-10-07,10:15:54,00:00:02
stefano.crapanzano@chu.ulg.ac.be,Navigation système de fichier,IT,2021-10-07,10:20:45,00:00:02
stefano.crapanzano@chu.ulg.ac.be,Navigation système de fichier,IT,2021-10-07,10:43:16,00:00:05
stefano.crapanzano@chu.ulg.ac.be,Navigation système de fichier,IT,2021-10-07,10:49:51,00:00:02
stefano.crapanzano@chu.ulg.ac.be,Navigation système de fichier,IT,2021-10-07,11:37:54,00:00:02
stefano.crapanzano@chu.ulg.ac.be,Navigation système de fichier,IT,2021-10-07,11:38:02,00:00:02
stefano.crapanzano@chu.ulg.ac.be,Navigation système de fichier,IT,2021-10-07,13:54:44,00:01:01
stefano.crapanzano@chu.ulg.ac.be,Navigation système de fichier,IT,2021-10-07,14:57:17,00:00:07
stefano.crapanzano@chu.ulg.ac.be,Navigation système de fichier,IT,2021-10-07,14:57:27,00:00:11
stefano.crapanzano@chu.ulg.ac.be,Navigation système de fichier,IT,2021-10-07,15:05:51,00:00:19
stefano.crapanzano@chu.ulg.ac.be,Navigation système de fichier,IT,2021-10-07,15:07:26,00:00:02
stefano.crapanzano@chu.ulg.ac.be,Navigation système de fichier,IT,2021-10-07,15:12:04,00:00:02
stefano.crapanzano@chu.ulg.ac.be,Navigation système de fichier,IT,2021-10-07,15:17:34,00:00:02
stefano.crapanzano@chu.ulg.ac.be,Navigation système de fichier,IT,2021-10-07,15:22:34,00:00:02
stefano.crapanzano@chu.ulg.ac.be,Navigation système de fichier,IT,2021-10-07,15:32:25,01:06:13
stefano.crapanzano@chu.ulg.ac.be,Navigation système de fichier,IT,2021-10-07,16:41:11,00:00:03
stefano.crapanzano@chu.ulg.ac.be,Navigation système de fichier,IT,2021-10-07,16:53:42,00:01:11
stefano.crapanzano@chu.ulg.ac.be,Navigation système de fichier,IT,2021-10-07,17:01:06,00:00:19
stefano.crapanzano@chu.ulg.ac.be,Programmation,IT,2021-10-07,08:24:22,00:00:12
stefano.crapanzano@chu.ulg.ac.be,Envoyés - erp.sai@chuliege.be - Mozilla Thunderbird,Helpdesk général,2021-10-07,08:24:34,00:00:07
stefano.crapanzano@chu.ulg.ac.be,Envoyés - erp.sai@chuliege.be - Mozilla Thunderbird,Helpdesk général,2021-10-07,08:25:58,00:00:07
stefano.crapanzano@chu.ulg.ac.be,Envoyés - erp.sai@chuliege.be - Mozilla Thunderbird,Helpdesk général,2021-10-07,08:31:11,00:00:07
stefano.crapanzano@chu.ulg.ac.be,Envoyés - erp.sai@chuliege.be - Mozilla Thunderbird,Helpdesk général,2021-10-07,15:25:55,00:00:34
stefano.crapanzano@chu.ulg.ac.be,Envoyés - erp.sai@chuliege.be - Mozilla Thunderbird,Helpdesk général,2021-10-07,15:26:33,00:00:40
stefano.crapanzano@chu.ulg.ac.be,Envoyés - erp.sai@chuliege.be - Mozilla Thunderbird,Tâches diverses,2021-10-07,15:27:20,00:00:17
stefano.crapanzano@chu.ulg.ac.be,Envoyés - erp.sai@chuliege.be - Mozilla Thunderbird,Helpdesk général,2021-10-07,15:27:58,00:00:02
stefano.crapanzano@chu.ulg.ac.be,Courrier entrant - erp.sai@chuliege.be - Mozilla Thunderbird,Helpdesk général,2021-10-07,08:24:42,00:00:07
stefano.crapanzano@chu.ulg.ac.be,Courrier entrant - erp.sai@chuliege.be - Mozilla Thunderbird,Helpdesk général,2021-10-07,08:25:24,00:00:13
stefano.crapanzano@chu.ulg.ac.be,Courrier entrant - erp.sai@chuliege.be - Mozilla Thunderbird,Helpdesk général,2021-10-07,08:25:39,00:00:19
stefano.crapanzano@chu.ulg.ac.be,Courrier entrant - erp.sai@chuliege.be - Mozilla Thunderbird,Helpdesk général,2021-10-07,08:31:18,00:00:20
stefano.crapanzano@chu.ulg.ac.be,Courrier entrant - erp.sai@chuliege.be - Mozilla Thunderbird,Helpdesk général,2021-10-07,08:33:10,00:00:02
stefano.crapanzano@chu.ulg.ac.be,Courrier entrant - erp.sai@chuliege.be - Mozilla Thunderbird,Helpdesk général,2021-10-07,08:43:01,00:00:09
stefano.crapanzano@chu.ulg.ac.be,Courrier entrant - erp.sai@chuliege.be - Mozilla Thunderbird,Helpdesk général,2021-10-07,08:43:18,00:00:06
stefano.crapanzano@chu.ulg.ac.be,Courrier entrant - erp.sai@chuliege.be - Mozilla Thunderbird,Helpdesk général,2021-10-07,08:49:04,00:00:09
stefano.crapanzano@chu.ulg.ac.be,Courrier entrant - erp.sai@chuliege.be - Mozilla Thunderbird,Helpdesk général,2021-10-07,08:52:42,00:00:03
stefano.crapanzano@chu.ulg.ac.be,Courrier entrant - erp.sai@chuliege.be - Mozilla Thunderbird,Helpdesk général,2021-10-07,08:54:22,00:00:02
stefano.crapanzano@chu.ulg.ac.be,Courrier entrant - erp.sai@chuliege.be - Mozilla Thunderbird,Helpdesk général,2021-10-07,08:54:47,00:13:02
stefano.crapanzano@chu.ulg.ac.be,Courrier entrant - erp.sai@chuliege.be - Mozilla Thunderbird,Helpdesk général,2021-10-07,11:42:40,00:00:03
stefano.crapanzano@chu.ulg.ac.be,Courrier entrant - erp.sai@chuliege.be - Mozilla Thunderbird,Helpdesk général,2021-10-07,12:12:58,01:14:59
stefano.crapanzano@chu.ulg.ac.be,Courrier entrant - erp.sai@chuliege.be - Mozilla Thunderbird,Helpdesk général,2021-10-07,13:28:36,00:00:26
stefano.crapanzano@chu.ulg.ac.be,Courrier entrant - erp.sai@chuliege.be - Mozilla Thunderbird,Helpdesk général,2021-10-07,13:30:55,00:00:02
stefano.crapanzano@chu.ulg.ac.be,Courrier entrant - erp.sai@chuliege.be - Mozilla Thunderbird,Helpdesk général,2021-10-07,13:37:32,00:00:06
stefano.crapanzano@chu.ulg.ac.be,Courrier entrant - erp.sai@chuliege.be - Mozilla Thunderbird,Helpdesk général,2021-10-07,13:44:42,00:00:29
stefano.crapanzano@chu.ulg.ac.be,Courrier entrant - erp.sai@chuliege.be - Mozilla Thunderbird,Helpdesk général,2021-10-07,13:46:42,00:00:38
stefano.crapanzano@chu.ulg.ac.be,Courrier entrant - erp.sai@chuliege.be - Mozilla Thunderbird,Helpdesk général,2021-10-07,13:52:22,00:02:21
stefano.crapanzano@chu.ulg.ac.be,Courrier entrant - erp.sai@chuliege.be - Mozilla Thunderbird,Helpdesk général,2021-10-07,13:55:46,00:02:07
stefano.crapanzano@chu.ulg.ac.be,Courrier entrant - erp.sai@chuliege.be - Mozilla Thunderbird,Helpdesk général,2021-10-07,13:58:42,00:00:02
stefano.crapanzano@chu.ulg.ac.be,Courrier entrant - erp.sai@chuliege.be - Mozilla Thunderbird,Helpdesk général,2021-10-07,14:04:51,00:00:03
stefano.crapanzano@chu.ulg.ac.be,Courrier entrant - erp.sai@chuliege.be - Mozilla Thunderbird,Helpdesk général,2021-10-07,14:08:13,00:00:10
stefano.crapanzano@chu.ulg.ac.be,Courrier entrant - erp.sai@chuliege.be - Mozilla Thunderbird,Helpdesk général,2021-10-07,14:18:36,00:00:14
stefano.crapanzano@chu.ulg.ac.be,Courrier entrant - erp.sai@chuliege.be - Mozilla Thunderbird,Helpdesk général,2021-10-07,14:18:53,00:00:02
stefano.crapanzano@chu.ulg.ac.be,Courrier entrant - erp.sai@chuliege.be - Mozilla Thunderbird,Helpdesk général,2021-10-07,14:18:59,00:00:06
stefano.crapanzano@chu.ulg.ac.be,Courrier entrant - erp.sai@chuliege.be - Mozilla Thunderbird,Helpdesk général,2021-10-07,14:19:12,00:00:17
stefano.crapanzano@chu.ulg.ac.be,Courrier entrant - erp.sai@chuliege.be - Mozilla Thunderbird,Helpdesk général,2021-10-07,14:20:18,00:00:06
stefano.crapanzano@chu.ulg.ac.be,Courrier entrant - erp.sai@chuliege.be - Mozilla Thunderbird,Helpdesk général,2021-10-07,15:19:35,00:00:16
stefano.crapanzano@chu.ulg.ac.be,Courrier entrant - erp.sai@chuliege.be - Mozilla Thunderbird,Helpdesk général,2021-10-07,15:25:19,00:00:35
stefano.crapanzano@chu.ulg.ac.be,Courrier entrant - erp.sai@chuliege.be - Mozilla Thunderbird,Helpdesk général,2021-10-07,15:28:18,00:00:02
stefano.crapanzano@chu.ulg.ac.be,Courrier entrant - erp.sai@chuliege.be - Mozilla Thunderbird,Helpdesk général,2021-10-07,16:38:42,00:01:47
stefano.crapanzano@chu.ulg.ac.be,Courrier entrant - erp.sai@chuliege.be - Mozilla Thunderbird,Helpdesk général,2021-10-07,16:48:39,00:05:02
stefano.crapanzano@chu.ulg.ac.be,SSP_Scenarios_tests_interservices_statuts.xlsx - Excel,Tâches diverses,2021-10-07,09:07:55,00:00:02
stefano.crapanzano@chu.ulg.ac.be,SSP_Scenarios_tests_interservices_statuts.xlsx - Excel,Tâches diverses,2021-10-07,09:07:59,00:01:25
stefano.crapanzano@chu.ulg.ac.be,SSP_Scenarios_tests_interservices_statuts.xlsx - Excel,Tâches diverses,2021-10-07,09:12:32,00:00:59
stefano.crapanzano@chu.ulg.ac.be,SSP_Scenarios_tests_interservices_statuts.xlsx - Excel,Tâches diverses,2021-10-07,09:19:08,00:00:55
stefano.crapanzano@chu.ulg.ac.be,SSP_Scenarios_tests_interservices_statuts.xlsx - Excel,Tâches diverses,2021-10-07,09:26:05,00:00:14
stefano.crapanzano@chu.ulg.ac.be,SSP_Scenarios_tests_interservices_statuts.xlsx - Excel,Tâches diverses,2021-10-07,09:26:21,00:04:49
stefano.crapanzano@chu.ulg.ac.be,SSP_Scenarios_tests_interservices_statuts.xlsx - Excel,Tâches diverses,2021-10-07,09:55:41,00:00:30
stefano.crapanzano@chu.ulg.ac.be,SSP_Scenarios_tests_interservices_statuts.xlsx - Excel,Tâches diverses,2021-10-07,09:56:21,00:00:10
stefano.crapanzano@chu.ulg.ac.be,SSP_Scenarios_tests_interservices_statuts.xlsx - Excel,Tâches diverses,2021-10-07,10:43:21,00:00:07
stefano.crapanzano@chu.ulg.ac.be,SSP_Scenarios_tests_interservices_statuts.xlsx - Excel,Tâches diverses,2021-10-07,10:45:50,00:00:22
stefano.crapanzano@chu.ulg.ac.be,SSP_Scenarios_tests_interservices_statuts.xlsx - Excel,Tâches diverses,2021-10-07,10:46:18,00:00:03
stefano.crapanzano@chu.ulg.ac.be,Demandes - Service d'assistance - Google Chrome,Tâches diverses,2021-10-07,08:26:06,00:00:03
stefano.crapanzano@chu.ulg.ac.be,Demandes - Service d'assistance - Google Chrome,Tâches diverses,2021-10-07,10:00:43,00:00:26
stefano.crapanzano@chu.ulg.ac.be,Demandes - Service d'assistance - Google Chrome,Tâches diverses,2021-10-07,10:01:21,00:00:07
stefano.crapanzano@chu.ulg.ac.be,Demandes - Service d'assistance - Google Chrome,Tâches diverses,2021-10-07,10:01:32,00:00:13
stefano.crapanzano@chu.ulg.ac.be,Demandes - Service d'assistance - Google Chrome,Tâches diverses,2021-10-07,11:38:12,00:00:06
stefano.crapanzano@chu.ulg.ac.be,Demandes - Service d'assistance - Google Chrome,Tâches diverses,2021-10-07,11:39:15,00:00:38
stefano.crapanzano@chu.ulg.ac.be,Demandes - Service d'assistance - Google Chrome,Tâches diverses,2021-10-07,11:40:10,00:00:09
stefano.crapanzano@chu.ulg.ac.be,Demandes - Service d'assistance - Google Chrome,Tâches diverses,2021-10-07,11:40:31,00:00:08
stefano.crapanzano@chu.ulg.ac.be,Demandes - Service d'assistance - Google Chrome,Tâches diverses,2021-10-07,11:40:40,00:00:12
stefano.crapanzano@chu.ulg.ac.be,Demandes - Service d'assistance - Google Chrome,Tâches diverses,2021-10-07,11:41:41,00:00:34
stefano.crapanzano@chu.ulg.ac.be,Demandes - Service d'assistance - Google Chrome,Tâches diverses,2021-10-07,11:42:29,00:00:10
stefano.crapanzano@chu.ulg.ac.be,Demandes - Service d'assistance - Google Chrome,Tâches diverses,2021-10-07,13:37:24,00:00:05
stefano.crapanzano@chu.ulg.ac.be,Demandes - Service d'assistance - Google Chrome,Tâches diverses,2021-10-07,13:37:39,00:00:21
stefano.crapanzano@chu.ulg.ac.be,Demandes - Service d'assistance - Google Chrome,Tâches diverses,2021-10-07,13:38:03,00:00:09
stefano.crapanzano@chu.ulg.ac.be,Demandes - Service d'assistance - Google Chrome,Tâches diverses,2021-10-07,13:39:00,00:00:09
stefano.crapanzano@chu.ulg.ac.be,Demandes - Service d'assistance - Google Chrome,Tâches diverses,2021-10-07,13:39:11,00:01:04
stefano.crapanzano@chu.ulg.ac.be,Demandes - Service d'assistance - Google Chrome,Tâches diverses,2021-10-07,13:40:21,00:01:15
stefano.crapanzano@chu.ulg.ac.be,Demandes - Service d'assistance - Google Chrome,Tâches diverses,2021-10-07,13:45:19,00:00:09
stefano.crapanzano@chu.ulg.ac.be,Demandes - Service d'assistance - Google Chrome,Tâches diverses,2021-10-07,13:47:24,00:00:21
stefano.crapanzano@chu.ulg.ac.be,Demandes - Service d'assistance - Google Chrome,Tâches diverses,2021-10-07,15:12:21,00:00:06
stefano.crapanzano@chu.ulg.ac.be,Demandes - Service d'assistance - Google Chrome,Tâches diverses,2021-10-07,15:17:58,00:00:13
stefano.crapanzano@chu.ulg.ac.be,Demandes - Service d'assistance - Google Chrome,Tâches diverses,2021-10-07,15:18:16,00:00:08
stefano.crapanzano@chu.ulg.ac.be,Demandes - Service d'assistance - Google Chrome,Tâches diverses,2021-10-07,15:22:45,00:00:06
stefano.crapanzano@chu.ulg.ac.be,Identification - Google Chrome,Tâches diverses,2021-10-07,08:26:10,00:00:09
stefano.crapanzano@chu.ulg.ac.be,Service MT - Google Chrome,Tâches diverses,2021-10-07,08:26:19,00:00:05
stefano.crapanzano@chu.ulg.ac.be,Service MT - Google Chrome,Helpdesk général,2021-10-07,08:27:43,00:00:23
stefano.crapanzano@chu.ulg.ac.be,Service MT - Google Chrome,Tâches diverses,2021-10-07,08:28:20,00:00:11
stefano.crapanzano@chu.ulg.ac.be,Service MT - Google Chrome,IT,2021-10-07,09:15:21,00:00:02
stefano.crapanzano@chu.ulg.ac.be,Netop Invité,Helpdesk général,2021-10-07,08:26:25,00:00:03
stefano.crapanzano@chu.ulg.ac.be,Netop Invité,Helpdesk général,2021-10-07,08:28:13,00:00:06
stefano.crapanzano@chu.ulg.ac.be,Netop Invité,Helpdesk général,2021-10-07,08:28:32,00:00:03
stefano.crapanzano@chu.ulg.ac.be,Netop Invité,Helpdesk général,2021-10-07,14:04:56,00:00:02
stefano.crapanzano@chu.ulg.ac.be,Netop Invité,Helpdesk général,2021-10-07,14:18:34,00:00:02
stefano.crapanzano@chu.ulg.ac.be,Netop Invité,Helpdesk général,2021-10-07,14:19:06,00:00:05
stefano.crapanzano@chu.ulg.ac.be,Netop Invité,Helpdesk général,2021-10-07,14:19:36,00:00:42
stefano.crapanzano@chu.ulg.ac.be,Netop,Helpdesk général,2021-10-07,14:18:27,00:00:04
stefano.crapanzano@chu.ulg.ac.be,Netop,Helpdesk général,2021-10-07,14:19:30,00:00:05
stefano.crapanzano@chu.ulg.ac.be,Netop,Helpdesk général,2021-10-07,14:20:35,00:00:03
stefano.crapanzano@chu.ulg.ac.be,Connexion à l'aide de l'authentification Windows,Helpdesk général,2021-10-07,08:26:30,00:00:02
stefano.crapanzano@chu.ulg.ac.be,Connexion à l'aide de l'authentification Windows,Helpdesk général,2021-10-07,08:28:36,00:00:02
stefano.crapanzano@chu.ulg.ac.be,Connexion à l'aide de l'authentification Windows,Helpdesk général,2021-10-07,14:04:59,00:00:02
stefano.crapanzano@chu.ulg.ac.be,Connexion à l'aide de l'authentification Windows,Helpdesk général,2021-10-07,14:20:39,00:00:03
stefano.crapanzano@chu.ulg.ac.be,erpftp - Netop Remote Control,Helpdesk général,2021-10-07,08:26:34,00:01:09
stefano.crapanzano@chu.ulg.ac.be,erpftp - Netop Remote Control,Helpdesk général,2021-10-07,08:28:07,00:00:05
stefano.crapanzano@chu.ulg.ac.be,si-s-serv503 - Netop Remote Control,Helpdesk général,2021-10-07,08:28:40,00:02:30
stefano.crapanzano@chu.ulg.ac.be,si-s-serv503 - Netop Remote Control,Helpdesk général,2021-10-07,08:33:15,00:09:46
stefano.crapanzano@chu.ulg.ac.be,si-s-serv503 - Netop Remote Control,Helpdesk général,2021-10-07,08:43:53,00:02:09
stefano.crapanzano@chu.ulg.ac.be,si-s-serv503 - Netop Remote Control,Helpdesk général,2021-10-07,08:51:31,00:00:33
stefano.crapanzano@chu.ulg.ac.be,si-s-serv503 - Netop Remote Control,Helpdesk général,2021-10-07,14:05:03,00:03:10
stefano.crapanzano@chu.ulg.ac.be,si-s-serv503 - Netop Remote Control,Helpdesk général,2021-10-07,14:09:30,00:00:25
stefano.crapanzano@chu.ulg.ac.be,si-s-serv503 - Netop Remote Control,Helpdesk général,2021-10-07,14:10:25,00:08:02
stefano.crapanzano@chu.ulg.ac.be,si-s-serv503 - Netop Remote Control,Helpdesk général,2021-10-07,14:20:45,00:14:17
stefano.crapanzano@chu.ulg.ac.be,si-s-serv503 - Netop Remote Control,Helpdesk général,2021-10-07,14:35:18,00:04:44
stefano.crapanzano@chu.ulg.ac.be,si-s-serv503 - Netop Remote Control,Helpdesk général,2021-10-07,15:12:07,00:00:09
stefano.crapanzano@chu.ulg.ac.be,si-s-serv503 - Netop Remote Control,Helpdesk général,2021-10-07,15:28:22,00:01:50
stefano.crapanzano@chu.ulg.ac.be,Rédaction : Re: Ticket 20211019904948 ((JIARCO-1388) P203 CHU KOFAX - Problème avec les factures mails ZHUL (code barre généré)) - Thunderbird,Helpdesk général,2021-10-07,08:31:39,00:01:17
stefano.crapanzano@chu.ulg.ac.be,Rédaction : Re: Ticket 20211019904948 ((JIARCO-1388) P203 CHU KOFAX - Problème avec les factures mails ZHUL (code barre généré)) - Thunderbird,Helpdesk général,2021-10-07,08:32:59,00:00:07
stefano.crapanzano@chu.ulg.ac.be,Rédaction : Re: Ticket 20211019904948 ((JIARCO-1388) P203 CHU KOFAX - Problème avec les factures mails ZHUL (code barre généré)) - Thunderbird,Helpdesk général,2021-10-07,15:21:43,00:00:49
stefano.crapanzano@chu.ulg.ac.be,Rédaction : Re: Ticket 20211019904948 ((JIARCO-1388) P203 CHU KOFAX - Problème avec les factures mails ZHUL (code barre généré)) - Thunderbird,Helpdesk général,2021-10-07,15:22:37,00:00:02
stefano.crapanzano@chu.ulg.ac.be,Rédaction : Re: Ticket 20211019904948 ((JIARCO-1388) P203 CHU KOFAX - Problème avec les factures mails ZHUL (code barre généré)) - Thunderbird,Helpdesk général,2021-10-07,15:22:54,00:02:15
stefano.crapanzano@chu.ulg.ac.be,Vérification de l’orthographe,Helpdesk général,2021-10-07,08:32:57,00:00:02
stefano.crapanzano@chu.ulg.ac.be,Courrier entrant - stefano.crapanzano@chuliege.be - Mozilla Thunderbird,Helpdesk général,2021-10-07,08:43:11,00:00:07
stefano.crapanzano@chu.ulg.ac.be,Courrier entrant - stefano.crapanzano@chuliege.be - Mozilla Thunderbird,Helpdesk général,2021-10-07,08:49:14,00:02:12
stefano.crapanzano@chu.ulg.ac.be,Courrier entrant - stefano.crapanzano@chuliege.be - Mozilla Thunderbird,Helpdesk général,2021-10-07,08:52:05,00:00:05
stefano.crapanzano@chu.ulg.ac.be,Courrier entrant - stefano.crapanzano@chuliege.be - Mozilla Thunderbird,Helpdesk général,2021-10-07,08:52:31,00:00:02
stefano.crapanzano@chu.ulg.ac.be,Courrier entrant - stefano.crapanzano@chuliege.be - Mozilla Thunderbird,Helpdesk général,2021-10-07,08:52:38,00:00:03
stefano.crapanzano@chu.ulg.ac.be,Courrier entrant - stefano.crapanzano@chuliege.be - Mozilla Thunderbird,Helpdesk général,2021-10-07,13:28:28,00:00:07
stefano.crapanzano@chu.ulg.ac.be,Courrier entrant - stefano.crapanzano@chuliege.be - Mozilla Thunderbird,Helpdesk général,2021-10-07,14:18:56,00:00:02
stefano.crapanzano@chu.ulg.ac.be,Courrier entrant - stefano.crapanzano@chuliege.be - Mozilla Thunderbird,Helpdesk général,2021-10-07,15:28:15,00:00:02
stefano.crapanzano@chu.ulg.ac.be,Courrier entrant - stefano.crapanzano@chuliege.be - Mozilla Thunderbird,Helpdesk général,2021-10-07,16:40:29,00:00:41
stefano.crapanzano@chu.ulg.ac.be,Rédaction : Fwd: TR: BE 0232988060: Centre hospitalier universitaire de Liège - IS - 1 (ref:69945/22987097) - Thunderbird,Helpdesk général,2021-10-07,08:43:25,00:00:23
stefano.crapanzano@chu.ulg.ac.be,Exporter/importer Lien entre article-centre de coûts et quantité,Exploration SAP,2021-10-07,08:46:07,00:00:10
stefano.crapanzano@chu.ulg.ac.be,Exporter/importer Lien entre article-centre de coûts et quantité,Exploration SAP,2021-10-07,15:15:01,00:00:06
stefano.crapanzano@chu.ulg.ac.be,Exporter/importer Lien entre article-centre de coûts et quantité,Tâches diverses,2021-10-07,15:15:09,00:00:44
stefano.crapanzano@chu.ulg.ac.be,Exporter/importer Lien entre article-centre de coûts et quantité,Exploration SAP,2021-10-07,15:15:54,00:00:14
stefano.crapanzano@chu.ulg.ac.be,Exporter/importer Lien entre article-centre de coûts et quantité,Exploration SAP,2021-10-07,15:16:12,00:00:18
stefano.crapanzano@chu.ulg.ac.be,Exporter/importer Lien entre article-centre de coûts et quantité,Exploration SAP,2021-10-07,15:16:32,00:00:36
stefano.crapanzano@chu.ulg.ac.be,SAP Easy Access Menu de base Applications financières-économiques,Exploration SAP,2021-10-07,08:46:17,00:00:03
stefano.crapanzano@chu.ulg.ac.be,SAP Easy Access Menu de base Applications financières-économiques,Exploration SAP,2021-10-07,08:46:34,00:00:03
stefano.crapanzano@chu.ulg.ac.be,SAP Easy Access Menu de base Applications financières-économiques,Exploration SAP,2021-10-07,08:46:46,00:00:32
stefano.crapanzano@chu.ulg.ac.be,SAP Easy Access Menu de base Applications financières-économiques,Exploration SAP,2021-10-07,08:47:22,00:00:03
stefano.crapanzano@chu.ulg.ac.be,SAP Easy Access Menu de base Applications financières-économiques,Exploration SAP,2021-10-07,08:47:39,00:00:06
stefano.crapanzano@chu.ulg.ac.be,SAP Easy Access Menu de base Applications financières-économiques,Exploration SAP,2021-10-07,08:47:50,00:00:11
stefano.crapanzano@chu.ulg.ac.be,SAP Easy Access Menu de base Applications financières-économiques,Exploration SAP,2021-10-07,08:48:39,00:00:03
stefano.crapanzano@chu.ulg.ac.be,SAP Easy Access Menu de base Applications financières-économiques,Exploration SAP,2021-10-07,08:51:27,00:00:02
stefano.crapanzano@chu.ulg.ac.be,SAP Easy Access Menu de base Applications financières-économiques,Exploration SAP,2021-10-07,09:31:12,00:00:04
stefano.crapanzano@chu.ulg.ac.be,SAP Easy Access Menu de base Applications financières-économiques,Exploration SAP,2021-10-07,09:31:18,00:00:02
stefano.crapanzano@chu.ulg.ac.be,SAP Easy Access Menu de base Applications financières-économiques,Exploration SAP,2021-10-07,10:12:07,00:00:03
stefano.crapanzano@chu.ulg.ac.be,SAP Easy Access Menu de base Applications financières-économiques,Exploration SAP,2021-10-07,10:15:59,00:00:03
stefano.crapanzano@chu.ulg.ac.be,SAP Easy Access Menu de base Applications financières-économiques,Exploration SAP,2021-10-07,10:19:34,00:00:02
stefano.crapanzano@chu.ulg.ac.be,SAP Easy Access Menu de base Applications financières-économiques,Exploration SAP,2021-10-07,10:24:40,00:00:20
stefano.crapanzano@chu.ulg.ac.be,SAP Easy Access Menu de base Applications financières-économiques,Exploration SAP,2021-10-07,15:14:42,00:00:09
stefano.crapanzano@chu.ulg.ac.be,Edition message,Exploration SAP,2021-10-07,08:46:21,00:00:12
stefano.crapanzano@chu.ulg.ac.be,Edition message,Exploration SAP,2021-10-07,08:47:45,00:00:04
stefano.crapanzano@chu.ulg.ac.be,Recherche dans arborescence des menus,Exploration SAP,2021-10-07,08:46:38,00:00:05
stefano.crapanzano@chu.ulg.ac.be,Saisie manuelle d'une transaction,Exploration SAP,2021-10-07,08:47:18,00:00:03
stefano.crapanzano@chu.ulg.ac.be,Lancer Commande interv. 45 4500003886,Exploration SAP,2021-10-07,08:47:26,00:00:12
stefano.crapanzano@chu.ulg.ac.be,Lancer Commande interv. 45 4500003886,Exploration SAP,2021-10-07,08:48:42,00:00:02
stefano.crapanzano@chu.ulg.ac.be,Lancer Commande interv. 45 4500003886,Exploration SAP,2021-10-07,09:31:21,00:00:03
stefano.crapanzano@chu.ulg.ac.be,Lancer Commande interv. 45 4500003886,Exploration SAP,2021-10-07,10:12:10,00:00:03
stefano.crapanzano@chu.ulg.ac.be,Lancer Commande interv. 45 4500003886,Exploration SAP,2021-10-07,10:34:24,00:00:03
stefano.crapanzano@chu.ulg.ac.be,Sélectionner document,Exploration SAP,2021-10-07,08:48:45,00:00:03
stefano.crapanzano@chu.ulg.ac.be,Sélectionner document,Exploration SAP,2021-10-07,09:31:24,00:00:07
stefano.crapanzano@chu.ulg.ac.be,Sélectionner document,Exploration SAP,2021-10-07,10:11:55,00:00:02
stefano.crapanzano@chu.ulg.ac.be,Sélectionner document,Exploration SAP,2021-10-07,10:12:14,00:00:02
stefano.crapanzano@chu.ulg.ac.be,Sélectionner document,Exploration SAP,2021-10-07,10:25:02,00:00:05
stefano.crapanzano@chu.ulg.ac.be,Sélectionner document,Exploration SAP,2021-10-07,10:26:45,00:00:03
stefano.crapanzano@chu.ulg.ac.be,Sélectionner document,Exploration SAP,2021-10-07,10:30:41,00:00:02
stefano.crapanzano@chu.ulg.ac.be,Sélectionner document,Exploration SAP,2021-10-07,10:33:04,00:00:06
stefano.crapanzano@chu.ulg.ac.be,Sélectionner document,Exploration SAP,2021-10-07,10:33:44,00:00:05
stefano.crapanzano@chu.ulg.ac.be,Sélectionner document,Exploration SAP,2021-10-07,10:34:16,00:00:03
stefano.crapanzano@chu.ulg.ac.be,Sélectionner document,Exploration SAP,2021-10-07,10:36:30,00:00:02
stefano.crapanzano@chu.ulg.ac.be,Sélectionner document,Exploration SAP,2021-10-07,10:47:03,00:00:05
stefano.crapanzano@chu.ulg.ac.be,Sélectionner document,Exploration SAP,2021-10-07,10:49:55,00:00:08
stefano.crapanzano@chu.ulg.ac.be,Sélectionner document,Exploration SAP,2021-10-07,10:51:55,00:00:06
stefano.crapanzano@chu.ulg.ac.be,Sélectionner document,Exploration SAP,2021-10-07,10:55:29,00:00:03
stefano.crapanzano@chu.ulg.ac.be,Sélectionner document,Exploration SAP,2021-10-07,11:02:21,00:00:05
stefano.crapanzano@chu.ulg.ac.be,Sélectionner document,Exploration SAP,2021-10-07,11:04:38,00:00:02
stefano.crapanzano@chu.ulg.ac.be,Lancer Demande d'achat 5300000096,Exploration SAP,2021-10-07,08:48:49,00:00:10
stefano.crapanzano@chu.ulg.ac.be,Tests interface SSP de ERP4HC 2.0 dans l'environnement X01 (réunion 3),Helpdesk général,2021-10-07,08:52:10,00:00:21
stefano.crapanzano@chu.ulg.ac.be,Tests interface SSP de ERP4HC 2.0 dans l'environnement X01 (réunion 3),Helpdesk général,2021-10-07,08:54:25,00:00:22
stefano.crapanzano@chu.ulg.ac.be,Tests interface SSP de ERP4HC 2.0 dans l'environnement X01 (réunion 3) - Mozilla Thunderbird,Helpdesk général,2021-10-07,08:52:34,00:00:03
stefano.crapanzano@chu.ulg.ac.be,Boîte de Réception - Zimbra - Stefano Crapanzano - Outlook,Helpdesk général,2021-10-07,08:52:51,00:00:04
stefano.crapanzano@chu.ulg.ac.be,Boîte de Réception - Zimbra - Stefano Crapanzano - Outlook,Helpdesk général,2021-10-07,08:52:56,00:00:05
stefano.crapanzano@chu.ulg.ac.be,Calendrier - Zimbra - Stefano Crapanzano - Outlook,Helpdesk général,2021-10-07,08:53:02,00:00:04
stefano.crapanzano@chu.ulg.ac.be,Tests interface SSP de ERP4HC 2.0 dans l'environnement X01 (réunion 3) - Réunion,Helpdesk général,2021-10-07,08:53:06,00:00:13
stefano.crapanzano@chu.ulg.ac.be,Tests interface SSP de ERP4HC 2.0 dans l'environnement X01 (réunion 3) - Réunion,Helpdesk général,2021-10-07,08:53:26,00:00:52
stefano.crapanzano@chu.ulg.ac.be,Tests interface SSP de ERP4HC 2.0 dans l'environnement X01 - Message (HTML),Helpdesk général,2021-10-07,08:53:19,00:00:06
stefano.crapanzano@chu.ulg.ac.be,2 rappel(s),Helpdesk général,2021-10-07,08:54:18,00:00:03
stefano.crapanzano@chu.ulg.ac.be,*nouveau 9 - Notepad++ [Administrator],IT,2021-10-07,09:09:27,00:03:03
stefano.crapanzano@chu.ulg.ac.be,*nouveau 9 - Notepad++ [Administrator],IT,2021-10-07,09:13:33,00:01:47
stefano.crapanzano@chu.ulg.ac.be,Transaction PPOMA_BBP indisponible dans X01 - Xperthis ERP4HC 2.0 Rollout - Service d'assistance - Google Chrome,Tâches diverses,2021-10-07,09:15:23,00:03:43
stefano.crapanzano@chu.ulg.ac.be,Transaction PPOMA_BBP indisponible dans X01 - Xperthis ERP4HC 2.0 Rollout - Service d'assistance - Google Chrome,Tâches diverses,2021-10-07,09:20:04,00:05:59
stefano.crapanzano@chu.ulg.ac.be,Transaction PPOMA_BBP indisponible dans X01 - Xperthis ERP4HC 2.0 Rollout - Service d'assistance - Google Chrome,Tâches diverses,2021-10-07,09:32:29,00:00:02
stefano.crapanzano@chu.ulg.ac.be,Transaction PPOMA_BBP indisponible dans X01 - Xperthis ERP4HC 2.0 Rollout - Service d'assistance - Google Chrome,Tâches diverses,2021-10-07,10:00:39,00:00:04
stefano.crapanzano@chu.ulg.ac.be,Transaction PPOMA_BBP indisponible dans X01 - Xperthis ERP4HC 2.0 Rollout - Service d'assistance - Google Chrome,Tâches diverses,2021-10-07,13:38:00,00:00:02
stefano.crapanzano@chu.ulg.ac.be,Transaction PPOMA_BBP indisponible dans X01 - Xperthis ERP4HC 2.0 Rollout - Service d'assistance - Google Chrome,Tâches diverses,2021-10-07,13:45:28,00:00:44
stefano.crapanzano@chu.ulg.ac.be,Transaction PPOMA_BBP indisponible dans X01 - Xperthis ERP4HC 2.0 Rollout - Service d'assistance - Google Chrome,Tâches diverses,2021-10-07,13:46:14,00:00:13
stefano.crapanzano@chu.ulg.ac.be,Transaction PPOMA_BBP indisponible dans X01 - Xperthis ERP4HC 2.0 Rollout - Service d'assistance - Google Chrome,Tâches diverses,2021-10-07,13:50:14,00:00:04
stefano.crapanzano@chu.ulg.ac.be,Transaction PPOMA_BBP indisponible dans X01 - Xperthis ERP4HC 2.0 Rollout - Service d'assistance - Google Chrome,Tâches diverses,2021-10-07,13:50:46,00:01:36
stefano.crapanzano@chu.ulg.ac.be,Transaction PPOMA_BBP indisponible dans X01 - Xperthis ERP4HC 2.0 Rollout - Service d'assistance - Google Chrome,Helpdesk général,2021-10-07,13:58:45,00:01:13
stefano.crapanzano@chu.ulg.ac.be,Transaction PPOMA_BBP indisponible dans X01 - Xperthis ERP4HC 2.0 Rollout - Service d'assistance - Google Chrome,Tâches diverses,2021-10-07,14:00:04,00:00:10
stefano.crapanzano@chu.ulg.ac.be,Transaction PPOMA_BBP indisponible dans X01 - Xperthis ERP4HC 2.0 Rollout - Service d'assistance - Google Chrome,Tâches diverses,2021-10-07,14:00:20,00:00:33
stefano.crapanzano@chu.ulg.ac.be,Transaction PPOMA_BBP indisponible dans X01 - Xperthis ERP4HC 2.0 Rollout - Service d'assistance - Google Chrome,Tâches diverses,2021-10-07,14:01:01,00:01:26
stefano.crapanzano@chu.ulg.ac.be,Transaction PPOMA_BBP indisponible dans X01 - Xperthis ERP4HC 2.0 Rollout - Service d'assistance - Google Chrome,Tâches diverses,2021-10-07,14:03:04,00:01:46
stefano.crapanzano@chu.ulg.ac.be,Transaction PPOMA_BBP indisponible dans X01 - Xperthis ERP4HC 2.0 Rollout - Service d'assistance - Google Chrome,Helpdesk général,2021-10-07,14:35:02,00:00:16
stefano.crapanzano@chu.ulg.ac.be,Transaction PPOMA_BBP indisponible dans X01 - Xperthis ERP4HC 2.0 Rollout - Service d'assistance - Google Chrome,Tâches diverses,2021-10-07,14:40:03,00:00:09
stefano.crapanzano@chu.ulg.ac.be,Transaction PPOMA_BBP indisponible dans X01 - Xperthis ERP4HC 2.0 Rollout - Service d'assistance - Google Chrome,Tâches diverses,2021-10-07,15:12:17,00:00:04
stefano.crapanzano@chu.ulg.ac.be,TypeAheadPopup,Exploration SAP,2021-10-07,10:19:42,00:00:03
stefano.crapanzano@chu.ulg.ac.be,TypeAheadPopup,Exploration SAP,2021-10-07,10:19:56,00:00:05
stefano.crapanzano@chu.ulg.ac.be,TypeAheadPopup,Exploration SAP,2021-10-07,10:20:10,00:00:09
stefano.crapanzano@chu.ulg.ac.be,TypeAheadPopup,Exploration SAP,2021-10-07,10:23:04,00:00:06
stefano.crapanzano@chu.ulg.ac.be,TypeAheadPopup,Exploration SAP,2021-10-07,10:23:25,00:00:03
stefano.crapanzano@chu.ulg.ac.be,TypeAheadPopup,Exploration SAP,2021-10-07,10:33:10,00:00:02
stefano.crapanzano@chu.ulg.ac.be,TypeAheadPopup,Exploration SAP,2021-10-07,10:34:20,00:00:02
stefano.crapanzano@chu.ulg.ac.be,TypeAheadPopup,Exploration SAP,2021-10-07,10:34:29,00:00:10
stefano.crapanzano@chu.ulg.ac.be,TypeAheadPopup,Exploration SAP,2021-10-07,10:36:33,00:00:05
stefano.crapanzano@chu.ulg.ac.be,Lancer Demande d'achat 5300000105,Exploration SAP,2021-10-07,09:31:35,00:00:09
stefano.crapanzano@chu.ulg.ac.be,Afficher Demande d'achat 5300000105,Exploration SAP,2021-10-07,09:31:44,00:00:44
stefano.crapanzano@chu.ulg.ac.be,Afficher Demande d'achat 5300000105,Exploration SAP,2021-10-07,10:11:52,00:00:02
stefano.crapanzano@chu.ulg.ac.be,Créer une demande d'achat - Google Chrome,Tâches diverses,2021-10-07,09:32:31,00:00:02
stefano.crapanzano@chu.ulg.ac.be,Créer une demande d'achat - Google Chrome,Tâches diverses,2021-10-07,09:32:46,00:00:05
stefano.crapanzano@chu.ulg.ac.be,Connexion - Google Chrome,Tâches diverses,2021-10-07,09:32:34,00:00:10
stefano.crapanzano@chu.ulg.ac.be,Page d'accueil - Google Chrome,Tâches diverses,2021-10-07,09:32:51,00:00:03
stefano.crapanzano@chu.ulg.ac.be,Options par défaut pour utilisateurs - Google Chrome,Tâches diverses,2021-10-07,09:32:55,00:00:51
stefano.crapanzano@chu.ulg.ac.be,Options par défaut pour utilisateurs - Google Chrome,Tâches diverses,2021-10-07,09:34:20,00:00:13
stefano.crapanzano@chu.ulg.ac.be,Options par défaut pour utilisateurs - Google Chrome,Tâches diverses,2021-10-07,09:35:02,00:00:41
stefano.crapanzano@chu.ulg.ac.be,Options par défaut pour utilisateurs - Google Chrome,Tâches diverses,2021-10-07,09:35:51,00:19:48
stefano.crapanzano@chu.ulg.ac.be,Options par défaut pour utilisateurs - Google Chrome,Tâches diverses,2021-10-07,09:56:12,00:00:02
stefano.crapanzano@chu.ulg.ac.be,Options par défaut pour utilisateurs - Google Chrome,Tâches diverses,2021-10-07,09:56:16,00:00:02
stefano.crapanzano@chu.ulg.ac.be,Options par défaut pour utilisateurs - Google Chrome,Tâches diverses,2021-10-07,09:56:33,00:04:05
stefano.crapanzano@chu.ulg.ac.be,Active Directory Users and Computers,IT,2021-10-07,09:33:55,00:00:02
stefano.crapanzano@chu.ulg.ac.be,Active Directory Users and Computers,IT,2021-10-07,11:37:59,00:00:02
stefano.crapanzano@chu.ulg.ac.be,Rechercher Utilisateurs  contacts et groupes,IT,2021-10-07,09:33:58,00:00:05
stefano.crapanzano@chu.ulg.ac.be,Rechercher Utilisateurs  contacts et groupes,IT,2021-10-07,10:15:11,00:00:14
stefano.crapanzano@chu.ulg.ac.be,Rechercher Utilisateurs  contacts et groupes,IT,2021-10-07,11:37:56,00:00:02
stefano.crapanzano@chu.ulg.ac.be,Propriétés de : c163991,IT,2021-10-07,09:34:03,00:00:16
stefano.crapanzano@chu.ulg.ac.be,Propriétés de : c163991,IT,2021-10-07,09:35:48,00:00:02
stefano.crapanzano@chu.ulg.ac.be,Traiter options par défaut pour utilisateurs - Google Chrome,Tâches diverses,2021-10-07,09:34:33,00:00:29
stefano.crapanzano@chu.ulg.ac.be,Traiter options par défaut pour utilisateurs - Google Chrome,Tâches diverses,2021-10-07,09:35:43,00:00:03
stefano.crapanzano@chu.ulg.ac.be,Affichage demande d'achat en SAP-GUI ME53N - Xperthis ERP4HC 2.0 Rollout - Service d'assistance - Google Chrome,Tâches diverses,2021-10-07,10:01:09,00:00:11
stefano.crapanzano@chu.ulg.ac.be,Affichage demande d'achat en SAP-GUI ME53N - Xperthis ERP4HC 2.0 Rollout - Service d'assistance - Google Chrome,Tâches diverses,2021-10-07,10:02:33,00:02:34
stefano.crapanzano@chu.ulg.ac.be,Affichage demande d'achat en SAP-GUI ME53N - Xperthis ERP4HC 2.0 Rollout - Service d'assistance - Google Chrome,Tâches diverses,2021-10-07,10:05:09,00:06:43
stefano.crapanzano@chu.ulg.ac.be,Affichage demande d'achat en SAP-GUI ME53N - Xperthis ERP4HC 2.0 Rollout - Service d'assistance - Google Chrome,Tâches diverses,2021-10-07,10:14:04,00:00:44
stefano.crapanzano@chu.ulg.ac.be,Affichage demande d'achat en SAP-GUI ME53N - Xperthis ERP4HC 2.0 Rollout - Service d'assistance - Google Chrome,Tâches diverses,2021-10-07,11:38:04,00:00:08
stefano.crapanzano@chu.ulg.ac.be,Affichage demande d'achat en SAP-GUI ME53N - Xperthis ERP4HC 2.0 Rollout - Service d'assistance - Google Chrome,Tâches diverses,2021-10-07,11:40:52,00:00:48
stefano.crapanzano@chu.ulg.ac.be,Affichage demande d'achat en SAP-GUI ME53N - Xperthis ERP4HC 2.0 Rollout - Service d'assistance - Google Chrome,Tâches diverses,2021-10-07,15:18:12,00:00:04
stefano.crapanzano@chu.ulg.ac.be,Affichage demande d'achat en SAP-GUI ME53N - Xperthis ERP4HC 2.0 Rollout - Service d'assistance - Google Chrome,Tâches diverses,2021-10-07,15:18:24,00:01:02
stefano.crapanzano@chu.ulg.ac.be,Affichage demande d'achat en SAP-GUI ME53N - Xperthis ERP4HC 2.0 Rollout - Service d'assistance - Google Chrome,Tâches diverses,2021-10-07,15:22:41,00:00:04
stefano.crapanzano@chu.ulg.ac.be,Extended My Requests - ZORGI Jira - Google Chrome,Tâches diverses,2021-10-07,10:01:45,00:00:02
stefano.crapanzano@chu.ulg.ac.be,Extended My Requests - All requests - Service Desk - Google Chrome,Tâches diverses,2021-10-07,10:01:48,00:00:22
stefano.crapanzano@chu.ulg.ac.be,Extended My Requests - All requests - Service Desk - Google Chrome,Tâches diverses,2021-10-07,13:42:23,00:01:15
stefano.crapanzano@chu.ulg.ac.be,Extended My Requests - All requests - Service Desk - Google Chrome,Tâches diverses,2021-10-07,13:43:43,00:00:02
stefano.crapanzano@chu.ulg.ac.be,Extended My Requests - All requests - Service Desk - Google Chrome,Tâches diverses,2021-10-07,13:45:13,00:00:05
stefano.crapanzano@chu.ulg.ac.be,ERP2.0 test SSP : Flux WOAR incorrect - Xperthis ERP4HC 2.0 Rollout - Service d'assistance - Google Chrome,Tâches diverses,2021-10-07,10:02:10,00:00:22
stefano.crapanzano@chu.ulg.ac.be,ERP2.0 test SSP : Flux WOAR incorrect - Xperthis ERP4HC 2.0 Rollout - Service d'assistance - Google Chrome,Tâches diverses,2021-10-07,15:17:41,00:00:14
stefano.crapanzano@chu.ulg.ac.be,Afficher Demande d'achat 5300000107,Exploration SAP,2021-10-07,10:11:59,00:00:07
stefano.crapanzano@chu.ulg.ac.be,Afficher Demande d'achat 5300000107,Exploration SAP,2021-10-07,10:12:18,00:01:44
stefano.crapanzano@chu.ulg.ac.be,Afficher Demande d'achat 5300000107,Exploration SAP,2021-10-07,10:14:49,00:00:22
stefano.crapanzano@chu.ulg.ac.be,Afficher Demande d'achat 5300000107,Exploration SAP,2021-10-07,10:15:26,00:00:28
stefano.crapanzano@chu.ulg.ac.be,Afficher Demande d'achat 5300000107,Exploration SAP,2021-10-07,10:15:56,00:00:02
stefano.crapanzano@chu.ulg.ac.be,Afficher Demande d'achat 5300000107,Exploration SAP,2021-10-07,10:16:26,00:01:31
stefano.crapanzano@chu.ulg.ac.be,Liste des utilisateurs,Exploration SAP,2021-10-07,10:16:03,00:00:09
stefano.crapanzano@chu.ulg.ac.be,Liste des utilisateurs,Exploration SAP,2021-10-07,10:16:16,00:00:07
stefano.crapanzano@chu.ulg.ac.be,Liste des utilisateurs,Exploration SAP,2021-10-07,10:18:00,00:01:33
stefano.crapanzano@chu.ulg.ac.be,Lancement groupé des demandes d'achat,Exploration SAP,2021-10-07,10:19:36,00:00:05
stefano.crapanzano@chu.ulg.ac.be,Lancement groupé des demandes d'achat,Exploration SAP,2021-10-07,10:19:46,00:00:04
stefano.crapanzano@chu.ulg.ac.be,Lancement groupé des demandes d'achat,Exploration SAP,2021-10-07,10:19:54,00:00:02
stefano.crapanzano@chu.ulg.ac.be,Lancement groupé des demandes d'achat,Exploration SAP,2021-10-07,10:20:02,00:00:07
stefano.crapanzano@chu.ulg.ac.be,Lancement groupé des demandes d'achat,Exploration SAP,2021-10-07,10:20:19,00:00:10
stefano.crapanzano@chu.ulg.ac.be,Lancement groupé des demandes d'achat,Exploration SAP,2021-10-07,10:20:37,00:00:07
stefano.crapanzano@chu.ulg.ac.be,Lancement groupé des demandes d'achat,Exploration SAP,2021-10-07,10:20:48,00:02:16
stefano.crapanzano@chu.ulg.ac.be,Lancement groupé des demandes d'achat,Exploration SAP,2021-10-07,10:23:11,00:00:14
stefano.crapanzano@chu.ulg.ac.be,Lancement groupé des demandes d'achat,Exploration SAP,2021-10-07,10:24:38,00:00:02
stefano.crapanzano@chu.ulg.ac.be,Clé de lancement (2)   18 Entrées trouvées,Exploration SAP,2021-10-07,10:19:50,00:00:02
stefano.crapanzano@chu.ulg.ac.be,*nouveau 10 - Notepad++ [Administrator],IT,2021-10-07,10:20:31,00:00:06
stefano.crapanzano@chu.ulg.ac.be,*nouveau 10 - Notepad++ [Administrator],IT,2021-10-07,10:23:30,00:01:05
stefano.crapanzano@chu.ulg.ac.be,*nouveau 10 - Notepad++ [Administrator],IT,2021-10-07,10:26:55,00:00:22
stefano.crapanzano@chu.ulg.ac.be,*nouveau 10 - Notepad++ [Administrator],IT,2021-10-07,10:33:14,00:00:08
stefano.crapanzano@chu.ulg.ac.be,*nouveau 10 - Notepad++ [Administrator],IT,2021-10-07,10:33:24,00:00:17
stefano.crapanzano@chu.ulg.ac.be,*nouveau 10 - Notepad++ [Administrator],IT,2021-10-07,10:36:51,00:01:29
stefano.crapanzano@chu.ulg.ac.be,*nouveau 10 - Notepad++ [Administrator],IT,2021-10-07,10:41:23,00:00:11
stefano.crapanzano@chu.ulg.ac.be,*nouveau 10 - Notepad++ [Administrator],IT,2021-10-07,10:41:36,00:00:12
stefano.crapanzano@chu.ulg.ac.be,*nouveau 10 - Notepad++ [Administrator],IT,2021-10-07,10:42:07,00:01:08
stefano.crapanzano@chu.ulg.ac.be,*nouveau 10 - Notepad++ [Administrator],IT,2021-10-07,10:43:30,00:00:19
stefano.crapanzano@chu.ulg.ac.be,*nouveau 10 - Notepad++ [Administrator],IT,2021-10-07,10:43:51,00:01:24
stefano.crapanzano@chu.ulg.ac.be,*nouveau 10 - Notepad++ [Administrator],IT,2021-10-07,10:45:17,00:00:11
stefano.crapanzano@chu.ulg.ac.be,*nouveau 10 - Notepad++ [Administrator],IT,2021-10-07,10:45:30,00:00:18
stefano.crapanzano@chu.ulg.ac.be,*nouveau 10 - Notepad++ [Administrator],IT,2021-10-07,10:46:14,00:00:02
stefano.crapanzano@chu.ulg.ac.be,*nouveau 10 - Notepad++ [Administrator],IT,2021-10-07,10:46:23,00:00:23
stefano.crapanzano@chu.ulg.ac.be,*nouveau 10 - Notepad++ [Administrator],IT,2021-10-07,10:46:48,00:00:11
stefano.crapanzano@chu.ulg.ac.be,*nouveau 10 - Notepad++ [Administrator],IT,2021-10-07,10:47:12,00:00:19
stefano.crapanzano@chu.ulg.ac.be,*nouveau 10 - Notepad++ [Administrator],IT,2021-10-07,10:48:34,00:01:17
stefano.crapanzano@chu.ulg.ac.be,*nouveau 10 - Notepad++ [Administrator],IT,2021-10-07,10:52:21,00:00:09
stefano.crapanzano@chu.ulg.ac.be,*nouveau 10 - Notepad++ [Administrator],IT,2021-10-07,10:59:17,00:00:07
stefano.crapanzano@chu.ulg.ac.be,*nouveau 10 - Notepad++ [Administrator],IT,2021-10-07,11:02:37,00:00:07
stefano.crapanzano@chu.ulg.ac.be,*nouveau 10 - Notepad++ [Administrator],IT,2021-10-07,11:05:52,00:00:08
stefano.crapanzano@chu.ulg.ac.be,*nouveau 10 - Notepad++ [Administrator],IT,2021-10-07,11:06:01,00:00:28
stefano.crapanzano@chu.ulg.ac.be,*nouveau 10 - Notepad++ [Administrator],Exploration SAP,2021-10-07,11:06:37,00:01:18
stefano.crapanzano@chu.ulg.ac.be,*nouveau 10 - Notepad++ [Administrator],IT,2021-10-07,11:08:12,00:00:10
stefano.crapanzano@chu.ulg.ac.be,*nouveau 10 - Notepad++ [Administrator],Exploration SAP,2021-10-07,11:09:21,00:00:03
stefano.crapanzano@chu.ulg.ac.be,*nouveau 10 - Notepad++ [Administrator],IT,2021-10-07,11:09:48,00:00:09
stefano.crapanzano@chu.ulg.ac.be,*nouveau 10 - Notepad++ [Administrator],IT,2021-10-07,11:09:59,00:00:53
stefano.crapanzano@chu.ulg.ac.be,*nouveau 10 - Notepad++ [Administrator],Exploration SAP,2021-10-07,11:10:53,00:00:08
stefano.crapanzano@chu.ulg.ac.be,*nouveau 10 - Notepad++ [Administrator],IT,2021-10-07,11:12:52,00:16:45
stefano.crapanzano@chu.ulg.ac.be,*nouveau 10 - Notepad++ [Administrator],IT,2021-10-07,11:29:39,00:08:14
stefano.crapanzano@chu.ulg.ac.be,*nouveau 10 - Notepad++ [Administrator],IT,2021-10-07,15:07:28,00:00:02
stefano.crapanzano@chu.ulg.ac.be,Afficher Demande d'achat 5300000108,Exploration SAP,2021-10-07,10:25:07,00:00:06
stefano.crapanzano@chu.ulg.ac.be,Afficher Demande d'achat 5300000108,Exploration SAP,2021-10-07,10:25:23,00:00:10
stefano.crapanzano@chu.ulg.ac.be,Afficher Demande d'achat 5300000108,Exploration SAP,2021-10-07,10:25:47,00:00:58
stefano.crapanzano@chu.ulg.ac.be,Afficher Demande d'achat 5300000108,Exploration SAP,2021-10-07,10:31:00,00:00:02
stefano.crapanzano@chu.ulg.ac.be,Afficher Demande d'achat 5300000108,Exploration SAP,2021-10-07,10:33:49,00:00:13
stefano.crapanzano@chu.ulg.ac.be,Afficher Demande d'achat 5300000108,Exploration SAP,2021-10-07,10:34:04,00:00:12
stefano.crapanzano@chu.ulg.ac.be,Afficher Demande d'achat 5300000108,Exploration SAP,2021-10-07,10:47:08,00:00:03
stefano.crapanzano@chu.ulg.ac.be,Afficher Demande d'achat 5300000108,Exploration SAP,2021-10-07,10:47:32,00:01:00
stefano.crapanzano@chu.ulg.ac.be,Lancer Demande d'achat 5300000108,Exploration SAP,2021-10-07,10:25:14,00:00:09
stefano.crapanzano@chu.ulg.ac.be,Lancer Demande d'achat 5300000108,Exploration SAP,2021-10-07,10:25:34,00:00:13
stefano.crapanzano@chu.ulg.ac.be,Lancer Demande d'achat 5300000108,Exploration SAP,2021-10-07,10:30:45,00:00:03
stefano.crapanzano@chu.ulg.ac.be,Lancer Demande d'achat 5300000108,Exploration SAP,2021-10-07,10:30:56,00:00:03
stefano.crapanzano@chu.ulg.ac.be,Lancer Demande d'achat 5300000109,Exploration SAP,2021-10-07,10:26:49,00:00:05
stefano.crapanzano@chu.ulg.ac.be,Lancer Demande d'achat 5300000109,Exploration SAP,2021-10-07,10:27:23,00:00:03
stefano.crapanzano@chu.ulg.ac.be,Afficher Demande d'achat 5300000109,Exploration SAP,2021-10-07,10:27:19,00:00:04
stefano.crapanzano@chu.ulg.ac.be,Afficher Demande d'achat 5300000109,Exploration SAP,2021-10-07,10:27:27,00:03:14
stefano.crapanzano@chu.ulg.ac.be,Afficher article 800463 (ARTICLE non Stock),Exploration SAP,2021-10-07,10:30:49,00:00:03
stefano.crapanzano@chu.ulg.ac.be,Afficher article 800463 (ARTICLE non Stock),Exploration SAP,2021-10-07,10:31:02,00:00:02
stefano.crapanzano@chu.ulg.ac.be,Afficher article 800463 (ARTICLE non Stock),Exploration SAP,2021-10-07,10:31:06,00:01:56
stefano.crapanzano@chu.ulg.ac.be,Lancer Commande interv. 40 4000020936,Exploration SAP,2021-10-07,10:34:41,00:00:03
stefano.crapanzano@chu.ulg.ac.be,Commande interv. 40 4000020936 créée par Sandrine NICOLAI,Exploration SAP,2021-10-07,10:34:45,00:00:42
stefano.crapanzano@chu.ulg.ac.be,Commande interv. 40 4000020936 créée par Sandrine NICOLAI,Exploration SAP,2021-10-07,10:35:29,00:00:49
stefano.crapanzano@chu.ulg.ac.be,Commande interv. 40 4000020936 créée par Sandrine NICOLAI,Exploration SAP,2021-10-07,10:36:20,00:00:10
stefano.crapanzano@chu.ulg.ac.be,Commande interv. 40 4000209369 créée par Noéline COLSON,Exploration SAP,2021-10-07,10:36:38,00:00:13
stefano.crapanzano@chu.ulg.ac.be,Commande interv. 40 4000209369 créée par Noéline COLSON,Exploration SAP,2021-10-07,10:38:23,00:00:43
stefano.crapanzano@chu.ulg.ac.be,Commande interv. 40 4000209369 créée par Noéline COLSON,Exploration SAP,2021-10-07,10:39:20,00:02:03
stefano.crapanzano@chu.ulg.ac.be,Commande interv. 40 4000209369 créée par Noéline COLSON,Exploration SAP,2021-10-07,10:41:50,00:00:17
stefano.crapanzano@chu.ulg.ac.be,Afficher le document de facturation 100032484 2021,Exploration SAP,2021-10-07,10:39:07,00:00:07
stefano.crapanzano@chu.ulg.ac.be,Afficher le document de facturation 100032484 2021,Exploration SAP,2021-10-07,10:39:17,00:00:02
stefano.crapanzano@chu.ulg.ac.be,Service : Liste des pièces jointes,Exploration SAP,2021-10-07,10:39:14,00:00:02
stefano.crapanzano@chu.ulg.ac.be,Afficher Demande d'achat 5300000110,Exploration SAP,2021-10-07,10:50:07,00:00:02
stefano.crapanzano@chu.ulg.ac.be,Afficher Demande d'achat 5300000110,Exploration SAP,2021-10-07,10:50:15,00:01:40
stefano.crapanzano@chu.ulg.ac.be,Lancer Demande d'achat 5300000110,Exploration SAP,2021-10-07,10:50:09,00:00:05
stefano.crapanzano@chu.ulg.ac.be,Commande interv. 40 4000209372 créée par Noéline COLSON,Exploration SAP,2021-10-07,10:52:03,00:00:10
stefano.crapanzano@chu.ulg.ac.be,Commande interv. 40 4000209372 créée par Noéline COLSON,Exploration SAP,2021-10-07,10:52:16,00:00:03
stefano.crapanzano@chu.ulg.ac.be,Commande interv. 40 4000209372 créée par Noéline COLSON,Exploration SAP,2021-10-07,10:52:31,00:00:27
stefano.crapanzano@chu.ulg.ac.be,Commande interv. 40 4000209372 créée par Noéline COLSON,Exploration SAP,2021-10-07,10:53:00,00:02:29
stefano.crapanzano@chu.ulg.ac.be,Afficher article 91000585 (ARTICLE Générique),Exploration SAP,2021-10-07,10:52:13,00:00:02
stefano.crapanzano@chu.ulg.ac.be,Lancer Demande d'achat 5300000111,Exploration SAP,2021-10-07,10:55:36,00:00:05
stefano.crapanzano@chu.ulg.ac.be,Afficher Demande d'achat 5300000111,Exploration SAP,2021-10-07,10:55:41,00:03:36
stefano.crapanzano@chu.ulg.ac.be,Afficher Demande d'achat 5300000111,Exploration SAP,2021-10-07,10:59:25,00:02:55
stefano.crapanzano@chu.ulg.ac.be,Commande interv. 40 4000209373 créée par Noéline COLSON,Exploration SAP,2021-10-07,11:02:27,00:00:09
stefano.crapanzano@chu.ulg.ac.be,Commande interv. 40 4000209373 créée par Noéline COLSON,Exploration SAP,2021-10-07,11:02:46,00:00:54
stefano.crapanzano@chu.ulg.ac.be,Commande interv. 40 4000209373 créée par Noéline COLSON,Exploration SAP,2021-10-07,11:03:42,00:00:55
stefano.crapanzano@chu.ulg.ac.be,Commande interv. 40 4000209371 créée par Noéline COLSON,Exploration SAP,2021-10-07,11:04:42,00:00:02
stefano.crapanzano@chu.ulg.ac.be,Commande interv. 40 4000209371 créée par Noéline COLSON,Exploration SAP,2021-10-07,11:04:46,00:00:16
stefano.crapanzano@chu.ulg.ac.be,Commande interv. 40 4000209371 créée par Noéline COLSON,Exploration SAP,2021-10-07,11:05:04,00:00:46
stefano.crapanzano@chu.ulg.ac.be,Commande interv. 40 4000209371 créée par Noéline COLSON,Exploration SAP,2021-10-07,11:06:33,00:00:03
stefano.crapanzano@chu.ulg.ac.be,Commande interv. 40 4000209371 créée par Noéline COLSON,Exploration SAP,2021-10-07,11:07:55,00:00:03
stefano.crapanzano@chu.ulg.ac.be,Commande interv. 40 4000209371 créée par Noéline COLSON,Exploration SAP,2021-10-07,11:08:00,00:00:10
stefano.crapanzano@chu.ulg.ac.be,Commande interv. 40 4000209371 créée par Noéline COLSON,Exploration SAP,2021-10-07,11:08:24,00:00:54
stefano.crapanzano@chu.ulg.ac.be,Commande interv. 40 4000209371 créée par Noéline COLSON,Exploration SAP,2021-10-07,11:09:26,00:00:22
stefano.crapanzano@chu.ulg.ac.be,Commande interv. 40 4000209371 créée par Noéline COLSON,Exploration SAP,2021-10-07,11:11:02,00:01:50
stefano.crapanzano@chu.ulg.ac.be,Commande interv. 40 4000209371 créée par Noéline COLSON,Tâches diverses,2021-10-07,15:14:37,00:00:04
stefano.crapanzano@chu.ulg.ac.be,X01-203 CHR MIRO- encodage des factures - Xperthis ERP4HC 2.0 Rollout - Service d'assistance - Google Chrome,Tâches diverses,2021-10-07,11:38:19,00:00:45
stefano.crapanzano@chu.ulg.ac.be,Problème de traduction néerlandais -> français - Xperthis ERP4HC 2.0 Rollout - Service d'assistance - Google Chrome,Tâches diverses,2021-10-07,11:39:54,00:00:10
stefano.crapanzano@chu.ulg.ac.be,Problème de traduction néerlandais -> français - Xperthis ERP4HC 2.0 Rollout - Service d'assistance - Google Chrome,Tâches diverses,2021-10-07,11:40:06,00:00:03
stefano.crapanzano@chu.ulg.ac.be,BP par XK02 rattacher PART au CRED - Xperthis ERP4HC 2.0 Rollout - Service d'assistance - Google Chrome,Tâches diverses,2021-10-07,11:40:19,00:00:11
stefano.crapanzano@chu.ulg.ac.be,Comment accéder à SAP Libération des factures (Workflow approval) sur X01 ? - Xperthis ERP4HC 2.0 Rollout - Service d'assistance - Google Chrome,Tâches diverses,2021-10-07,11:42:16,00:00:13
stefano.crapanzano@chu.ulg.ac.be,TR: GERA & ERP4HC2.0,Helpdesk général,2021-10-07,11:42:44,00:30:14
stefano.crapanzano@chu.ulg.ac.be,SAP Logon 760,Helpdesk général,2021-10-07,13:27:58,00:00:02
stefano.crapanzano@chu.ulg.ac.be,SAP Logon 760,Exploration SAP,2021-10-07,13:28:12,00:00:02
stefano.crapanzano@chu.ulg.ac.be,Sapgui Splash Screen,Exploration SAP,2021-10-07,13:28:01,00:00:10
stefano.crapanzano@chu.ulg.ac.be,Sapgui Splash Screen,Exploration SAP,2021-10-07,13:28:15,00:00:10
stefano.crapanzano@chu.ulg.ac.be,P203 CHU UNILAB : Distribution articles périmés - Xperthis ERP4HC 1.0 - Service d'assistance - Google Chrome,Tâches diverses,2021-10-07,13:29:04,00:01:51
stefano.crapanzano@chu.ulg.ac.be,P203 CHU UNILAB : Distribution articles périmés - Xperthis ERP4HC 1.0 - Service d'assistance - Google Chrome,Tâches diverses,2021-10-07,13:31:58,00:00:09
stefano.crapanzano@chu.ulg.ac.be,P203 CHU UNILAB : Distribution articles périmés - Xperthis ERP4HC 1.0 - Service d'assistance - Google Chrome,Tâches diverses,2021-10-07,13:32:34,00:04:50
stefano.crapanzano@chu.ulg.ac.be,SDERP-19042 - Mozilla Thunderbird,Helpdesk général,2021-10-07,13:30:58,00:00:12
stefano.crapanzano@chu.ulg.ac.be,UNILAB : Distribution articles périmés - Mozilla Thunderbird,Helpdesk général,2021-10-07,13:31:10,00:00:44
stefano.crapanzano@chu.ulg.ac.be,UNILAB : Distribution articles périmés - Mozilla Thunderbird,Helpdesk général,2021-10-07,13:37:30,00:00:02
stefano.crapanzano@chu.ulg.ac.be,SSP NOUVELLE VERSION SAP PPOMA - Xperthis ERP4HC 2.0 Rollout - Service d'assistance - Google Chrome,Tâches diverses,2021-10-07,13:38:12,00:00:17
stefano.crapanzano@chu.ulg.ac.be,SSP NOUVELLE VERSION SAP PPOMA - Xperthis ERP4HC 2.0 Rollout - Service d'assistance - Google Chrome,Tâches diverses,2021-10-07,13:38:54,00:00:06
stefano.crapanzano@chu.ulg.ac.be,SSP NOUVELLE VERSION SAP PPOMA - Xperthis ERP4HC 2.0 Rollout - Service d'assistance - Google Chrome,Tâches diverses,2021-10-07,13:47:45,00:02:29
stefano.crapanzano@chu.ulg.ac.be,SSP NOUVELLE VERSION SAP PPOMA - Xperthis ERP4HC 2.0 Rollout - Service d'assistance - Google Chrome,Tâches diverses,2021-10-07,13:50:18,00:00:26
stefano.crapanzano@chu.ulg.ac.be,SSP NOUVELLE VERSION SAP PPOMA - Xperthis ERP4HC 2.0 Rollout - Service d'assistance - Google Chrome,Tâches diverses,2021-10-07,13:59:58,00:00:05
stefano.crapanzano@chu.ulg.ac.be,SSP NOUVELLE VERSION SAP PPOMA - Xperthis ERP4HC 2.0 Rollout - Service d'assistance - Google Chrome,Tâches diverses,2021-10-07,14:00:14,00:00:05
stefano.crapanzano@chu.ulg.ac.be,SSP NOUVELLE VERSION SAP PPOMA - Xperthis ERP4HC 2.0 Rollout - Service d'assistance - Google Chrome,Tâches diverses,2021-10-07,14:00:54,00:00:06
stefano.crapanzano@chu.ulg.ac.be,SSP NOUVELLE VERSION SAP PPOMA - Xperthis ERP4HC 2.0 Rollout - Service d'assistance - Google Chrome,Tâches diverses,2021-10-07,14:02:27,00:00:37
stefano.crapanzano@chu.ulg.ac.be,SSP NOUVELLE VERSION SAP PPOMA - Xperthis ERP4HC 2.0 Rollout - Service d'assistance - Google Chrome,Tâches diverses,2021-10-07,15:17:37,00:00:03
stefano.crapanzano@chu.ulg.ac.be,Standaardinstellingen - Google Chrome,Tâches diverses,2021-10-07,13:38:31,00:00:22
stefano.crapanzano@chu.ulg.ac.be,Standaardinstellingen - Google Chrome,Tâches diverses,2021-10-07,13:43:45,00:00:09
stefano.crapanzano@chu.ulg.ac.be,Standaardinstellingen - Google Chrome,Tâches diverses,2021-10-07,13:44:01,00:00:40
stefano.crapanzano@chu.ulg.ac.be,Standaardinstellingen - Google Chrome,Tâches diverses,2021-10-07,13:46:30,00:00:10
stefano.crapanzano@chu.ulg.ac.be,Standaardinstellingen - Google Chrome,Tâches diverses,2021-10-07,13:47:21,00:00:02
stefano.crapanzano@chu.ulg.ac.be,Comment accéder à Fiori pour l'approbation des DA et CA sur X01 ? - Xperthis ERP4HC 2.0 Rollout - Service d'assistance - Google Chrome,Tâches diverses,2021-10-07,13:40:15,00:00:05
stefano.crapanzano@chu.ulg.ac.be,SSP - Approbation de DA non visible dans l'interface - Xperthis ERP4HC 2.0 Rollout - Service d'assistance - Google Chrome,Tâches diverses,2021-10-07,13:41:37,00:00:45
stefano.crapanzano@chu.ulg.ac.be,Connectez-vous à votre compte - Google Chrome,Tâches diverses,2021-10-07,13:43:55,00:00:05
stefano.crapanzano@chu.ulg.ac.be,erp.sai - erp.sai@chuliege.be - Mozilla Thunderbird,Helpdesk général,2021-10-07,13:57:53,00:00:48
stefano.crapanzano@chu.ulg.ac.be,si-s-serv503,Helpdesk général,2021-10-07,14:18:31,00:00:02
stefano.crapanzano@chu.ulg.ac.be,Rédaction : Re: Problème Kofax - Thunderbird,Helpdesk général,2021-10-07,14:08:24,00:01:04
stefano.crapanzano@chu.ulg.ac.be,Rédaction : Re: Problème Kofax - Thunderbird,Helpdesk général,2021-10-07,14:09:57,00:00:13
stefano.crapanzano@chu.ulg.ac.be,Rédaction : Re: Problème Kofax - Thunderbird,Helpdesk général,2021-10-07,14:10:14,00:00:09
stefano.crapanzano@chu.ulg.ac.be,[ CHL_ERP_TRANSFER_FILE_SC ] Probleme de transfert des fichiers - Mozilla Thunderbird,Helpdesk général,2021-10-07,14:20:25,00:00:09
stefano.crapanzano@chu.ulg.ac.be,[ CHL_ERP_TRANSFER_FILE_SC ] Probleme de transfert des fichiers - Mozilla Thunderbird,Helpdesk général,2021-10-07,15:19:27,00:00:03
stefano.crapanzano@chu.ulg.ac.be,[ CHL_ERP_TRANSFER_FILE_SC ] Probleme de transfert des fichiers - Mozilla Thunderbird,Helpdesk général,2021-10-07,15:19:33,00:00:02
stefano.crapanzano@chu.ulg.ac.be,Lecture documentation,Tâches diverses,2021-10-07,14:40:15,00:03:34
stefano.crapanzano@chu.ulg.ac.be,Lecture documentation,Tâches diverses,2021-10-07,14:43:51,00:12:06
stefano.crapanzano@chu.ulg.ac.be,Lecture documentation,Tâches diverses,2021-10-07,14:56:29,00:00:48
stefano.crapanzano@chu.ulg.ac.be,Lecture documentation,Tâches diverses,2021-10-07,14:57:38,00:08:12
stefano.crapanzano@chu.ulg.ac.be,Lecture documentation,Tâches diverses,2021-10-07,15:06:11,00:01:14
stefano.crapanzano@chu.ulg.ac.be,Lecture documentation,Tâches diverses,2021-10-07,15:07:32,00:00:03
stefano.crapanzano@chu.ulg.ac.be,Lecture documentation,Tâches diverses,2021-10-07,15:07:38,00:00:03
stefano.crapanzano@chu.ulg.ac.be,Lecture documentation,Tâches diverses,2021-10-07,15:07:44,00:00:02
stefano.crapanzano@chu.ulg.ac.be,Lecture documentation,Tâches diverses,2021-10-07,15:07:48,00:00:02
stefano.crapanzano@chu.ulg.ac.be,Lecture documentation,Tâches diverses,2021-10-07,15:07:52,00:00:08
stefano.crapanzano@chu.ulg.ac.be,Lecture documentation,Tâches diverses,2021-10-07,15:08:02,00:00:02
stefano.crapanzano@chu.ulg.ac.be,Lecture documentation,Tâches diverses,2021-10-07,15:08:06,00:00:02
stefano.crapanzano@chu.ulg.ac.be,Lecture documentation,Tâches diverses,2021-10-07,15:08:15,00:00:08
stefano.crapanzano@chu.ulg.ac.be,Lecture documentation,Tâches diverses,2021-10-07,15:08:25,00:00:03
stefano.crapanzano@chu.ulg.ac.be,Lecture documentation,Tâches diverses,2021-10-07,15:08:30,00:03:33
stefano.crapanzano@chu.ulg.ac.be,Greenshot capture form,Helpdesk général,2021-10-07,14:55:57,00:00:16
stefano.crapanzano@chu.ulg.ac.be,Greenshot capture form,Helpdesk général,2021-10-07,14:56:17,00:00:10
stefano.crapanzano@chu.ulg.ac.be,*nouveau 11 - Notepad++ [Administrator],IT,2021-10-07,15:30:13,00:02:12
stefano.crapanzano@chu.ulg.ac.be,Problème lors de la création d'une DA ou réservation à partir d'un fichier Glims - Xperthis ERP4HC 2.0 Rollout - Service d'assistance - Google Chrome,Tâches diverses,2021-10-07,15:12:27,00:02:09
stefano.crapanzano@chu.ulg.ac.be,Problème lors de la création d'une DA ou réservation à partir d'un fichier Glims - Xperthis ERP4HC 2.0 Rollout - Service d'assistance - Google Chrome,Tâches diverses,2021-10-07,15:14:53,00:00:08
stefano.crapanzano@chu.ulg.ac.be,Problème lors de la création d'une DA ou réservation à partir d'un fichier Glims - Xperthis ERP4HC 2.0 Rollout - Service d'assistance - Google Chrome,Tâches diverses,2021-10-07,15:16:09,00:00:02
stefano.crapanzano@chu.ulg.ac.be,Problème lors de la création d'une DA ou réservation à partir d'un fichier Glims - Xperthis ERP4HC 2.0 Rollout - Service d'assistance - Google Chrome,Tâches diverses,2021-10-07,15:17:08,00:00:25
stefano.crapanzano@chu.ulg.ac.be,Stefano CRAPANZANO - erp.sai@chuliege.be - Mozilla Thunderbird,Helpdesk général,2021-10-07,15:19:51,00:01:50
stefano.crapanzano@chu.ulg.ac.be,Stefano CRAPANZANO - erp.sai@chuliege.be - Mozilla Thunderbird,Helpdesk général,2021-10-07,15:25:17,00:00:02
stefano.crapanzano@chu.ulg.ac.be,P203 CHU ARCO 20211019904948 KOFAX - Problème avec les factures mails ZHUL (code barre généré) - Xperthis ERP4HC 1.0 - Service d'assistance - Google Chrome,Tâches diverses,2021-10-07,15:22:51,00:00:02
stefano.crapanzano@chu.ulg.ac.be,P203 CHU ARCO 20211019904948 KOFAX - Problème avec les factures mails ZHUL (code barre généré) - Xperthis ERP4HC 1.0 - Service d'assistance - Google Chrome,Tâches diverses,2021-10-07,15:27:14,00:00:05
stefano.crapanzano@chu.ulg.ac.be,P203 CHU ARCO 20211019904948 KOFAX - Problème avec les factures mails ZHUL (code barre généré) - Xperthis ERP4HC 1.0 - Service d'assistance - Google Chrome,Tâches diverses,2021-10-07,15:27:39,00:00:17
stefano.crapanzano@chu.ulg.ac.be,P203 CHU ARCO 20211019904948 KOFAX - Problème avec les factures mails ZHUL (code barre généré) - Xperthis ERP4HC 1.0 - Service d'assistance - Google Chrome,Tâches diverses,2021-10-07,15:28:02,00:00:11
