Email,Description,Project,Start date,Start time,Duration
stefano.crapanzano@chu.ulg.ac.be,Navigation système de fichier,IT,2021-03-02,08:39:37,00:00:03
stefano.crapanzano@chu.ulg.ac.be,Navigation système de fichier,IT,2021-03-02,08:52:43,00:00:02
stefano.crapanzano@chu.ulg.ac.be,Navigation système de fichier,IT,2021-03-02,08:54:21,00:14:34
stefano.crapanzano@chu.ulg.ac.be,Navigation système de fichier,IT,2021-03-02,09:09:16,00:02:16
stefano.crapanzano@chu.ulg.ac.be,Navigation système de fichier,IT,2021-03-02,09:11:52,00:00:04
stefano.crapanzano@chu.ulg.ac.be,Navigation système de fichier,IT,2021-03-02,09:13:20,00:01:42
stefano.crapanzano@chu.ulg.ac.be,Navigation système de fichier,IT,2021-03-02,09:15:53,00:00:06
stefano.crapanzano@chu.ulg.ac.be,Navigation système de fichier,IT,2021-03-02,09:20:41,00:00:02
stefano.crapanzano@chu.ulg.ac.be,Navigation système de fichier,IT,2021-03-02,09:25:02,00:00:04
stefano.crapanzano@chu.ulg.ac.be,Navigation système de fichier,IT,2021-03-02,09:25:11,00:00:41
stefano.crapanzano@chu.ulg.ac.be,Navigation système de fichier,IT,2021-03-02,09:26:23,00:00:13
stefano.crapanzano@chu.ulg.ac.be,Navigation système de fichier,IT,2021-03-02,09:27:15,00:01:02
stefano.crapanzano@chu.ulg.ac.be,Navigation système de fichier,IT,2021-03-02,09:29:50,00:00:25
stefano.crapanzano@chu.ulg.ac.be,Navigation système de fichier,IT,2021-03-02,09:30:39,00:00:32
stefano.crapanzano@chu.ulg.ac.be,Navigation système de fichier,IT,2021-03-02,09:34:02,00:00:03
stefano.crapanzano@chu.ulg.ac.be,Navigation système de fichier,IT,2021-03-02,09:49:03,00:00:02
stefano.crapanzano@chu.ulg.ac.be,Navigation système de fichier,IT,2021-03-02,09:52:14,00:00:02
stefano.crapanzano@chu.ulg.ac.be,Navigation système de fichier,IT,2021-03-02,09:53:24,00:00:03
stefano.crapanzano@chu.ulg.ac.be,Navigation système de fichier,IT,2021-03-02,09:53:29,00:00:02
stefano.crapanzano@chu.ulg.ac.be,Navigation système de fichier,IT,2021-03-02,10:06:55,00:00:03
stefano.crapanzano@chu.ulg.ac.be,Navigation système de fichier,IT,2021-03-02,10:09:08,00:00:03
stefano.crapanzano@chu.ulg.ac.be,Navigation système de fichier,IT,2021-03-02,10:29:42,00:00:06
stefano.crapanzano@chu.ulg.ac.be,Navigation système de fichier,IT,2021-03-02,10:33:47,00:00:03
stefano.crapanzano@chu.ulg.ac.be,Navigation système de fichier,IT,2021-03-02,10:52:26,00:00:02
stefano.crapanzano@chu.ulg.ac.be,Navigation système de fichier,IT,2021-03-02,11:07:24,00:00:36
stefano.crapanzano@chu.ulg.ac.be,Navigation système de fichier,IT,2021-03-02,11:08:49,00:02:42
stefano.crapanzano@chu.ulg.ac.be,Navigation système de fichier,IT,2021-03-02,11:11:58,00:00:22
stefano.crapanzano@chu.ulg.ac.be,Navigation système de fichier,IT,2021-03-02,11:12:37,00:00:10
stefano.crapanzano@chu.ulg.ac.be,Navigation système de fichier,IT,2021-03-02,11:12:53,00:00:02
stefano.crapanzano@chu.ulg.ac.be,Navigation système de fichier,IT,2021-03-02,11:17:27,00:00:04
stefano.crapanzano@chu.ulg.ac.be,Navigation système de fichier,IT,2021-03-02,11:17:44,00:00:11
stefano.crapanzano@chu.ulg.ac.be,Navigation système de fichier,IT,2021-03-02,11:18:26,00:00:32
stefano.crapanzano@chu.ulg.ac.be,Navigation système de fichier,IT,2021-03-02,11:19:49,00:01:45
stefano.crapanzano@chu.ulg.ac.be,Navigation système de fichier,IT,2021-03-02,11:21:44,00:00:16
stefano.crapanzano@chu.ulg.ac.be,Navigation système de fichier,IT,2021-03-02,11:22:27,00:00:41
stefano.crapanzano@chu.ulg.ac.be,Navigation système de fichier,IT,2021-03-02,11:23:11,00:00:02
stefano.crapanzano@chu.ulg.ac.be,Navigation système de fichier,IT,2021-03-02,11:26:20,00:00:24
stefano.crapanzano@chu.ulg.ac.be,Navigation système de fichier,IT,2021-03-02,11:27:12,00:01:46
stefano.crapanzano@chu.ulg.ac.be,Navigation système de fichier,IT,2021-03-02,11:29:30,00:00:02
stefano.crapanzano@chu.ulg.ac.be,Navigation système de fichier,IT,2021-03-02,11:30:47,00:00:02
stefano.crapanzano@chu.ulg.ac.be,Navigation système de fichier,IT,2021-03-02,11:44:25,00:00:02
stefano.crapanzano@chu.ulg.ac.be,Navigation système de fichier,IT,2021-03-02,11:45:48,00:00:02
stefano.crapanzano@chu.ulg.ac.be,Navigation système de fichier,IT,2021-03-02,11:53:07,00:00:02
stefano.crapanzano@chu.ulg.ac.be,Navigation système de fichier,IT,2021-03-02,11:58:54,00:00:03
stefano.crapanzano@chu.ulg.ac.be,Navigation système de fichier,IT,2021-03-02,12:21:52,00:00:03
stefano.crapanzano@chu.ulg.ac.be,Navigation système de fichier,IT,2021-03-02,12:27:00,00:00:02
stefano.crapanzano@chu.ulg.ac.be,Navigation système de fichier,IT,2021-03-02,12:27:32,00:00:02
stefano.crapanzano@chu.ulg.ac.be,Navigation système de fichier,IT,2021-03-02,12:29:31,00:00:02
stefano.crapanzano@chu.ulg.ac.be,Navigation système de fichier,IT,2021-03-02,12:30:41,00:00:03
stefano.crapanzano@chu.ulg.ac.be,Navigation système de fichier,IT,2021-03-02,12:32:18,00:00:02
stefano.crapanzano@chu.ulg.ac.be,Navigation système de fichier,IT,2021-03-02,12:36:28,00:00:02
stefano.crapanzano@chu.ulg.ac.be,Navigation système de fichier,IT,2021-03-02,12:40:49,00:00:02
stefano.crapanzano@chu.ulg.ac.be,Navigation système de fichier,IT,2021-03-02,12:53:32,00:00:02
stefano.crapanzano@chu.ulg.ac.be,Navigation système de fichier,IT,2021-03-02,13:17:39,00:00:04
stefano.crapanzano@chu.ulg.ac.be,Navigation système de fichier,IT,2021-03-02,13:18:30,00:00:02
stefano.crapanzano@chu.ulg.ac.be,Navigation système de fichier,IT,2021-03-02,13:41:25,00:00:02
stefano.crapanzano@chu.ulg.ac.be,Navigation système de fichier,IT,2021-03-02,13:44:52,00:00:02
stefano.crapanzano@chu.ulg.ac.be,Navigation système de fichier,IT,2021-03-02,13:48:02,00:00:03
stefano.crapanzano@chu.ulg.ac.be,Navigation système de fichier,IT,2021-03-02,13:48:07,00:00:29
stefano.crapanzano@chu.ulg.ac.be,Navigation système de fichier,IT,2021-03-02,13:48:41,00:00:05
stefano.crapanzano@chu.ulg.ac.be,Navigation système de fichier,IT,2021-03-02,13:52:16,00:00:03
stefano.crapanzano@chu.ulg.ac.be,Navigation système de fichier,IT,2021-03-02,13:58:21,00:00:02
stefano.crapanzano@chu.ulg.ac.be,Navigation système de fichier,IT,2021-03-02,14:00:20,00:00:04
stefano.crapanzano@chu.ulg.ac.be,Navigation système de fichier,IT,2021-03-02,14:00:31,00:00:04
stefano.crapanzano@chu.ulg.ac.be,Navigation système de fichier,IT,2021-03-02,14:03:07,00:00:02
stefano.crapanzano@chu.ulg.ac.be,Navigation système de fichier,IT,2021-03-02,14:16:48,00:00:02
stefano.crapanzano@chu.ulg.ac.be,Navigation système de fichier,IT,2021-03-02,14:18:00,00:00:03
stefano.crapanzano@chu.ulg.ac.be,Navigation système de fichier,IT,2021-03-02,14:19:06,00:00:18
stefano.crapanzano@chu.ulg.ac.be,Navigation système de fichier,IT,2021-03-02,14:20:38,00:00:02
stefano.crapanzano@chu.ulg.ac.be,Navigation système de fichier,IT,2021-03-02,14:21:01,00:00:07
stefano.crapanzano@chu.ulg.ac.be,Navigation système de fichier,IT,2021-03-02,14:21:24,00:00:08
stefano.crapanzano@chu.ulg.ac.be,Navigation système de fichier,IT,2021-03-02,14:24:40,00:00:03
stefano.crapanzano@chu.ulg.ac.be,Navigation système de fichier,IT,2021-03-02,14:25:10,00:00:08
stefano.crapanzano@chu.ulg.ac.be,Navigation système de fichier,IT,2021-03-02,14:27:43,00:00:05
stefano.crapanzano@chu.ulg.ac.be,Navigation système de fichier,IT,2021-03-02,14:28:00,00:00:06
stefano.crapanzano@chu.ulg.ac.be,Navigation système de fichier,IT,2021-03-02,14:28:19,00:00:04
stefano.crapanzano@chu.ulg.ac.be,Navigation système de fichier,IT,2021-03-02,14:31:41,00:00:04
stefano.crapanzano@chu.ulg.ac.be,Navigation système de fichier,IT,2021-03-02,14:53:06,00:00:12
stefano.crapanzano@chu.ulg.ac.be,Navigation système de fichier,IT,2021-03-02,14:54:01,00:00:02
stefano.crapanzano@chu.ulg.ac.be,Navigation système de fichier,IT,2021-03-02,14:54:16,00:00:02
stefano.crapanzano@chu.ulg.ac.be,Navigation système de fichier,IT,2021-03-02,14:55:12,00:00:02
stefano.crapanzano@chu.ulg.ac.be,Navigation système de fichier,IT,2021-03-02,14:55:25,00:00:02
stefano.crapanzano@chu.ulg.ac.be,Navigation système de fichier,IT,2021-03-02,14:56:25,00:00:02
stefano.crapanzano@chu.ulg.ac.be,Navigation système de fichier,IT,2021-03-02,15:01:40,00:00:02
stefano.crapanzano@chu.ulg.ac.be,Navigation système de fichier,IT,2021-03-02,15:07:02,00:00:02
stefano.crapanzano@chu.ulg.ac.be,Navigation système de fichier,IT,2021-03-02,15:08:15,00:00:02
stefano.crapanzano@chu.ulg.ac.be,Navigation système de fichier,IT,2021-03-02,15:11:23,00:00:04
stefano.crapanzano@chu.ulg.ac.be,Navigation système de fichier,IT,2021-03-02,15:23:57,00:00:02
stefano.crapanzano@chu.ulg.ac.be,Navigation système de fichier,IT,2021-03-02,15:29:37,00:00:02
stefano.crapanzano@chu.ulg.ac.be,Navigation système de fichier,IT,2021-03-02,15:30:31,00:00:04
stefano.crapanzano@chu.ulg.ac.be,Navigation système de fichier,IT,2021-03-02,15:40:36,00:00:24
stefano.crapanzano@chu.ulg.ac.be,Navigation système de fichier,IT,2021-03-02,15:45:13,00:00:02
stefano.crapanzano@chu.ulg.ac.be,Navigation système de fichier,IT,2021-03-02,15:53:49,00:00:04
stefano.crapanzano@chu.ulg.ac.be,Navigation système de fichier,IT,2021-03-02,15:55:34,00:00:03
stefano.crapanzano@chu.ulg.ac.be,Navigation système de fichier,IT,2021-03-02,16:05:15,00:00:02
stefano.crapanzano@chu.ulg.ac.be,Navigation système de fichier,IT,2021-03-02,16:05:22,00:00:14
stefano.crapanzano@chu.ulg.ac.be,Navigation système de fichier,IT,2021-03-02,16:05:37,00:00:03
stefano.crapanzano@chu.ulg.ac.be,Navigation système de fichier,IT,2021-03-02,16:05:48,00:00:03
stefano.crapanzano@chu.ulg.ac.be,Navigation système de fichier,IT,2021-03-02,16:09:19,00:00:02
stefano.crapanzano@chu.ulg.ac.be,Navigation système de fichier,IT,2021-03-02,16:38:30,00:00:02
stefano.crapanzano@chu.ulg.ac.be,Navigation système de fichier,IT,2021-03-02,17:07:21,00:00:30
stefano.crapanzano@chu.ulg.ac.be,Envoyé - Zimbra - Stefano Crapanzano - Outlook,Helpdesk général,2021-03-02,08:39:41,00:00:03
stefano.crapanzano@chu.ulg.ac.be,Boîte de Réception - Zimbra - Stefano Crapanzano - Outlook,Helpdesk général,2021-03-02,08:39:44,00:00:09
stefano.crapanzano@chu.ulg.ac.be,Boîte de Réception - Zimbra - Stefano Crapanzano - Outlook,Helpdesk général,2021-03-02,11:05:11,00:00:21
stefano.crapanzano@chu.ulg.ac.be,Boîte de Réception - Zimbra - Stefano Crapanzano - Outlook,Helpdesk général,2021-03-02,11:06:32,00:00:36
stefano.crapanzano@chu.ulg.ac.be,Boîte de Réception - Zimbra - Stefano Crapanzano - Outlook,Helpdesk général,2021-03-02,11:30:09,00:00:02
stefano.crapanzano@chu.ulg.ac.be,Boîte de Réception - Zimbra - Stefano Crapanzano - Outlook,Helpdesk général,2021-03-02,11:59:10,00:00:12
stefano.crapanzano@chu.ulg.ac.be,Boîte de Réception - Zimbra - Stefano Crapanzano - Outlook,Helpdesk général,2021-03-02,12:53:34,00:00:03
stefano.crapanzano@chu.ulg.ac.be,Boîte de Réception - Zimbra - Stefano Crapanzano - Outlook,Helpdesk général,2021-03-02,14:16:53,00:00:03
stefano.crapanzano@chu.ulg.ac.be,Boîte de Réception - Zimbra - Stefano Crapanzano - Outlook,Helpdesk général,2021-03-02,15:01:45,00:00:03
stefano.crapanzano@chu.ulg.ac.be,Boîte de Réception - Zimbra - Stefano Crapanzano - Outlook,Helpdesk général,2021-03-02,15:10:51,00:00:02
stefano.crapanzano@chu.ulg.ac.be,Boîte de Réception - Zimbra - Stefano Crapanzano - Outlook,Helpdesk général,2021-03-02,15:29:47,00:00:03
stefano.crapanzano@chu.ulg.ac.be,Boîte de Réception - Zimbra - Stefano Crapanzano - Outlook,Helpdesk général,2021-03-02,15:54:01,00:00:34
stefano.crapanzano@chu.ulg.ac.be,Boîte de Réception - Zimbra - Stefano Crapanzano - Outlook,Helpdesk général,2021-03-02,15:56:08,00:01:54
stefano.crapanzano@chu.ulg.ac.be,Boîte de Réception - Zimbra - Stefano Crapanzano - Outlook,Helpdesk général,2021-03-02,16:46:59,00:00:04
stefano.crapanzano@chu.ulg.ac.be,Boîte de réception - erp.sai@chuliege.be - Outlook,Helpdesk général,2021-03-02,08:39:54,00:00:19
stefano.crapanzano@chu.ulg.ac.be,Boîte de réception - erp.sai@chuliege.be - Outlook,Helpdesk général,2021-03-02,08:42:06,00:00:37
stefano.crapanzano@chu.ulg.ac.be,Boîte de réception - erp.sai@chuliege.be - Outlook,Helpdesk général,2021-03-02,08:43:34,00:00:04
stefano.crapanzano@chu.ulg.ac.be,Boîte de réception - erp.sai@chuliege.be - Outlook,Helpdesk général,2021-03-02,08:43:55,00:00:06
stefano.crapanzano@chu.ulg.ac.be,Boîte de réception - erp.sai@chuliege.be - Outlook,Helpdesk général,2021-03-02,11:07:09,00:00:15
stefano.crapanzano@chu.ulg.ac.be,Boîte de réception - erp.sai@chuliege.be - Outlook,Helpdesk général,2021-03-02,11:11:31,00:00:07
stefano.crapanzano@chu.ulg.ac.be,Boîte de réception - erp.sai@chuliege.be - Outlook,Helpdesk général,2021-03-02,11:14:00,00:00:02
stefano.crapanzano@chu.ulg.ac.be,Boîte de réception - erp.sai@chuliege.be - Outlook,Tâches diverses,2021-03-02,11:30:05,00:00:03
stefano.crapanzano@chu.ulg.ac.be,Boîte de réception - erp.sai@chuliege.be - Outlook,Helpdesk général,2021-03-02,11:30:11,00:00:24
stefano.crapanzano@chu.ulg.ac.be,Boîte de réception - erp.sai@chuliege.be - Outlook,Helpdesk général,2021-03-02,12:53:38,00:00:03
stefano.crapanzano@chu.ulg.ac.be,Boîte de réception - erp.sai@chuliege.be - Outlook,Helpdesk général,2021-03-02,14:16:56,00:00:33
stefano.crapanzano@chu.ulg.ac.be,Boîte de réception - erp.sai@chuliege.be - Outlook,Helpdesk général,2021-03-02,15:01:42,00:00:02
stefano.crapanzano@chu.ulg.ac.be,Boîte de réception - erp.sai@chuliege.be - Outlook,Helpdesk général,2021-03-02,15:10:45,00:00:06
stefano.crapanzano@chu.ulg.ac.be,Boîte de réception - erp.sai@chuliege.be - Outlook,Helpdesk général,2021-03-02,15:10:53,00:00:19
stefano.crapanzano@chu.ulg.ac.be,Boîte de réception - erp.sai@chuliege.be - Outlook,Helpdesk général,2021-03-02,15:24:06,00:00:14
stefano.crapanzano@chu.ulg.ac.be,Boîte de réception - erp.sai@chuliege.be - Outlook,Helpdesk général,2021-03-02,15:29:40,00:00:07
stefano.crapanzano@chu.ulg.ac.be,Boîte de réception - erp.sai@chuliege.be - Outlook,Helpdesk général,2021-03-02,15:29:51,00:00:18
stefano.crapanzano@chu.ulg.ac.be,Boîte de réception - erp.sai@chuliege.be - Outlook,Helpdesk général,2021-03-02,15:53:54,00:00:07
stefano.crapanzano@chu.ulg.ac.be,Boîte de réception - erp.sai@chuliege.be - Outlook,Helpdesk général,2021-03-02,15:58:02,00:00:09
stefano.crapanzano@chu.ulg.ac.be,Boîte de réception - erp.sai@chuliege.be - Outlook,Helpdesk général,2021-03-02,15:58:22,00:00:19
stefano.crapanzano@chu.ulg.ac.be,Boîte de réception - erp.sai@chuliege.be - Outlook,Helpdesk général,2021-03-02,16:38:32,00:00:07
stefano.crapanzano@chu.ulg.ac.be,Boîte de réception - erp.sai@chuliege.be - Outlook,Helpdesk général,2021-03-02,16:46:56,00:00:02
stefano.crapanzano@chu.ulg.ac.be,Boîte de réception - erp.sai@chuliege.be - Outlook,Helpdesk général,2021-03-02,16:47:03,00:00:09
stefano.crapanzano@chu.ulg.ac.be,Boîte de réception - erp.sai@chuliege.be - Outlook,Helpdesk général,2021-03-02,17:09:33,00:00:10
stefano.crapanzano@chu.ulg.ac.be,Netop Invité,Helpdesk général,2021-03-02,08:40:13,00:00:02
stefano.crapanzano@chu.ulg.ac.be,Netop Invité,Helpdesk général,2021-03-02,09:16:08,00:00:02
stefano.crapanzano@chu.ulg.ac.be,Netop Invité,Helpdesk général,2021-03-02,11:15:03,00:00:10
stefano.crapanzano@chu.ulg.ac.be,Netop Invité,Helpdesk général,2021-03-02,11:17:25,00:00:02
stefano.crapanzano@chu.ulg.ac.be,Netop Invité,Helpdesk général,2021-03-02,11:17:32,00:00:03
stefano.crapanzano@chu.ulg.ac.be,Netop Invité,Helpdesk général,2021-03-02,11:17:40,00:00:02
stefano.crapanzano@chu.ulg.ac.be,Netop Invité,Helpdesk général,2021-03-02,11:18:18,00:00:02
stefano.crapanzano@chu.ulg.ac.be,Netop Invité,Helpdesk général,2021-03-02,13:18:33,00:00:02
stefano.crapanzano@chu.ulg.ac.be,Connexion à l'aide de l'authentification Windows,Helpdesk général,2021-03-02,08:40:15,00:00:02
stefano.crapanzano@chu.ulg.ac.be,Connexion à l'aide de l'authentification Windows,Helpdesk général,2021-03-02,09:16:12,00:00:02
stefano.crapanzano@chu.ulg.ac.be,Connexion à l'aide de l'authentification Windows,Helpdesk général,2021-03-02,13:18:35,00:00:02
stefano.crapanzano@chu.ulg.ac.be,erpftp - Netop Remote Control,Helpdesk général,2021-03-02,08:40:19,00:01:08
stefano.crapanzano@chu.ulg.ac.be,erpftp - Netop Remote Control,Helpdesk général,2021-03-02,08:41:58,00:00:07
stefano.crapanzano@chu.ulg.ac.be,erpftp - Netop Remote Control,Helpdesk général,2021-03-02,09:16:15,00:03:44
stefano.crapanzano@chu.ulg.ac.be,erpftp - Netop Remote Control,Helpdesk général,2021-03-02,09:20:02,00:00:15
stefano.crapanzano@chu.ulg.ac.be,erpftp - Netop Remote Control,Helpdesk général,2021-03-02,09:20:24,00:00:16
stefano.crapanzano@chu.ulg.ac.be,erpftp - Netop Remote Control,IT,2021-03-02,09:21:02,00:00:52
stefano.crapanzano@chu.ulg.ac.be,erpftp - Netop Remote Control,Helpdesk général,2021-03-02,09:22:14,00:00:15
stefano.crapanzano@chu.ulg.ac.be,erpftp - Netop Remote Control,Helpdesk général,2021-03-02,09:28:17,00:01:32
stefano.crapanzano@chu.ulg.ac.be,erpftp - Netop Remote Control,Helpdesk général,2021-03-02,09:30:16,00:00:22
stefano.crapanzano@chu.ulg.ac.be,erpftp - Netop Remote Control,Helpdesk général,2021-03-02,09:31:11,00:02:50
stefano.crapanzano@chu.ulg.ac.be,erpftp - Netop Remote Control,Helpdesk général,2021-03-02,09:34:09,00:00:08
stefano.crapanzano@chu.ulg.ac.be,erpftp - Netop Remote Control,Helpdesk général,2021-03-02,09:34:44,00:08:04
stefano.crapanzano@chu.ulg.ac.be,erpftp - Netop Remote Control,Helpdesk général,2021-03-02,09:43:05,00:00:52
stefano.crapanzano@chu.ulg.ac.be,erpftp - Netop Remote Control,Helpdesk général,2021-03-02,09:44:02,00:00:06
stefano.crapanzano@chu.ulg.ac.be,erpftp - Netop Remote Control,Helpdesk général,2021-03-02,09:44:13,00:04:49
stefano.crapanzano@chu.ulg.ac.be,erpftp - Netop Remote Control,Helpdesk général,2021-03-02,09:57:53,00:09:02
stefano.crapanzano@chu.ulg.ac.be,erpftp - Netop Remote Control,Helpdesk général,2021-03-02,10:37:25,00:04:48
stefano.crapanzano@chu.ulg.ac.be,erpftp - Netop Remote Control,Helpdesk général,2021-03-02,10:43:00,00:00:13
stefano.crapanzano@chu.ulg.ac.be,erpftp - Netop Remote Control,Tâches diverses,2021-03-02,10:43:23,00:05:03
stefano.crapanzano@chu.ulg.ac.be,erpftp - Netop Remote Control,Helpdesk général,2021-03-02,10:50:14,00:02:12
stefano.crapanzano@chu.ulg.ac.be,erpftp - Netop Remote Control,Helpdesk général,2021-03-02,10:53:17,00:11:46
stefano.crapanzano@chu.ulg.ac.be,erpftp - Netop Remote Control,Helpdesk général,2021-03-02,11:08:01,00:00:47
stefano.crapanzano@chu.ulg.ac.be,erpftp - Netop Remote Control,Helpdesk général,2021-03-02,11:12:20,00:00:16
stefano.crapanzano@chu.ulg.ac.be,erpftp - Netop Remote Control,Helpdesk général,2021-03-02,11:12:47,00:00:05
stefano.crapanzano@chu.ulg.ac.be,erpftp - Netop Remote Control,Helpdesk général,2021-03-02,11:12:55,00:00:58
stefano.crapanzano@chu.ulg.ac.be,erpftp - Netop Remote Control,Helpdesk général,2021-03-02,11:18:21,00:00:04
stefano.crapanzano@chu.ulg.ac.be,erpftp - Netop Remote Control,Helpdesk général,2021-03-02,11:19:46,00:00:02
stefano.crapanzano@chu.ulg.ac.be,erpftp - Netop Remote Control,Helpdesk général,2021-03-02,11:23:31,00:00:33
stefano.crapanzano@chu.ulg.ac.be,erpftp - Netop Remote Control,IT,2021-03-02,11:26:10,00:00:09
stefano.crapanzano@chu.ulg.ac.be,erpftp - Netop Remote Control,Helpdesk général,2021-03-02,11:33:07,00:04:31
stefano.crapanzano@chu.ulg.ac.be,erpftp - Netop Remote Control,Helpdesk général,2021-03-02,11:44:27,00:00:50
stefano.crapanzano@chu.ulg.ac.be,erpftp - Netop Remote Control,Helpdesk général,2021-03-02,11:45:50,00:07:16
stefano.crapanzano@chu.ulg.ac.be,erpftp - Netop Remote Control,Tâches diverses,2021-03-02,12:04:26,00:10:44
stefano.crapanzano@chu.ulg.ac.be,erpftp - Netop Remote Control,Helpdesk général,2021-03-02,12:15:28,00:00:39
stefano.crapanzano@chu.ulg.ac.be,erpftp - Netop Remote Control,Helpdesk général,2021-03-02,12:16:40,00:00:25
stefano.crapanzano@chu.ulg.ac.be,erpftp - Netop Remote Control,Helpdesk général,2021-03-02,12:17:11,00:00:36
stefano.crapanzano@chu.ulg.ac.be,erpftp - Netop Remote Control,Tâches diverses,2021-03-02,12:17:50,00:00:12
stefano.crapanzano@chu.ulg.ac.be,erpftp - Netop Remote Control,Helpdesk général,2021-03-02,12:21:02,00:00:49
stefano.crapanzano@chu.ulg.ac.be,erpftp - Netop Remote Control,Helpdesk général,2021-03-02,12:23:53,00:00:20
stefano.crapanzano@chu.ulg.ac.be,erpftp - Netop Remote Control,Helpdesk général,2021-03-02,12:24:24,00:02:36
stefano.crapanzano@chu.ulg.ac.be,erpftp - Netop Remote Control,Helpdesk général,2021-03-02,12:27:16,00:00:15
stefano.crapanzano@chu.ulg.ac.be,erpftp - Netop Remote Control,Helpdesk général,2021-03-02,12:28:55,00:00:35
stefano.crapanzano@chu.ulg.ac.be,erpftp - Netop Remote Control,Helpdesk général,2021-03-02,12:30:51,00:00:20
stefano.crapanzano@chu.ulg.ac.be,erpftp - Netop Remote Control,Helpdesk général,2021-03-02,12:32:30,00:03:57
stefano.crapanzano@chu.ulg.ac.be,erpftp - Netop Remote Control,Helpdesk général,2021-03-02,12:39:29,00:00:19
stefano.crapanzano@chu.ulg.ac.be,erpftp - Netop Remote Control,Helpdesk général,2021-03-02,12:39:50,00:00:02
stefano.crapanzano@chu.ulg.ac.be,erpftp - Netop Remote Control,Helpdesk général,2021-03-02,12:40:47,00:00:02
stefano.crapanzano@chu.ulg.ac.be,erpftp - Netop Remote Control,Helpdesk général,2021-03-02,12:41:28,00:00:03
stefano.crapanzano@chu.ulg.ac.be,erpftp - Netop Remote Control,Helpdesk général,2021-03-02,13:18:39,00:00:40
stefano.crapanzano@chu.ulg.ac.be,erpftp - Netop Remote Control,Helpdesk général,2021-03-02,13:19:25,00:00:02
stefano.crapanzano@chu.ulg.ac.be,erpftp - Netop Remote Control,Helpdesk général,2021-03-02,13:21:47,00:02:03
stefano.crapanzano@chu.ulg.ac.be,erpftp - Netop Remote Control,Helpdesk général,2021-03-02,13:24:05,00:16:40
stefano.crapanzano@chu.ulg.ac.be,erpftp - Netop Remote Control,Helpdesk général,2021-03-02,13:41:28,00:03:10
stefano.crapanzano@chu.ulg.ac.be,erpftp - Netop Remote Control,Helpdesk général,2021-03-02,13:45:39,00:00:16
stefano.crapanzano@chu.ulg.ac.be,erpftp - Netop Remote Control,Helpdesk général,2021-03-02,13:50:50,00:00:19
stefano.crapanzano@chu.ulg.ac.be,Intrastat - Google Chrome,Tâches diverses,2021-03-02,08:41:28,00:00:02
stefano.crapanzano@chu.ulg.ac.be,Intrastat - Google Chrome,Tâches diverses,2021-03-02,12:16:10,00:00:02
stefano.crapanzano@chu.ulg.ac.be,Intrastat - Google Chrome,Tâches diverses,2021-03-02,12:16:20,00:00:20
stefano.crapanzano@chu.ulg.ac.be,Intrastat - Google Chrome,Tâches diverses,2021-03-02,12:17:05,00:00:06
stefano.crapanzano@chu.ulg.ac.be,Intrastat - Google Chrome,Tâches diverses,2021-03-02,12:17:47,00:00:02
stefano.crapanzano@chu.ulg.ac.be,Intrastat - Google Chrome,Tâches diverses,2021-03-02,12:18:02,00:00:07
stefano.crapanzano@chu.ulg.ac.be,Intrastat - Google Chrome,Tâches diverses,2021-03-02,12:18:14,00:02:47
stefano.crapanzano@chu.ulg.ac.be,Intrastat - Google Chrome,Tâches diverses,2021-03-02,12:30:45,00:00:04
stefano.crapanzano@chu.ulg.ac.be,Intrastat - Google Chrome,Tâches diverses,2021-03-02,12:31:11,00:01:07
stefano.crapanzano@chu.ulg.ac.be,Intrastat - Google Chrome,Tâches diverses,2021-03-02,12:38:01,00:00:06
stefano.crapanzano@chu.ulg.ac.be,Intrastat - Google Chrome,Tâches diverses,2021-03-02,12:38:26,00:00:03
stefano.crapanzano@chu.ulg.ac.be,Intrastat - Google Chrome,Tâches diverses,2021-03-02,12:39:24,00:00:03
stefano.crapanzano@chu.ulg.ac.be,Intrastat - Google Chrome,Tâches diverses,2021-03-02,12:42:35,00:00:12
stefano.crapanzano@chu.ulg.ac.be,Intrastat - Google Chrome,Tâches diverses,2021-03-02,12:43:04,00:00:08
stefano.crapanzano@chu.ulg.ac.be,Intrastat - Google Chrome,Tâches diverses,2021-03-02,12:43:22,00:00:07
stefano.crapanzano@chu.ulg.ac.be,Intrastat - Google Chrome,Tâches diverses,2021-03-02,12:43:37,00:00:55
stefano.crapanzano@chu.ulg.ac.be,Intrastat - Google Chrome,Tâches diverses,2021-03-02,12:46:04,00:00:02
stefano.crapanzano@chu.ulg.ac.be,Intrastat - Google Chrome,Tâches diverses,2021-03-02,13:02:44,00:00:02
stefano.crapanzano@chu.ulg.ac.be,Intrastat - Google Chrome,Tâches diverses,2021-03-02,13:02:49,00:01:11
stefano.crapanzano@chu.ulg.ac.be,Intrastat - Google Chrome,Tâches diverses,2021-03-02,13:04:25,00:09:44
stefano.crapanzano@chu.ulg.ac.be,Intrastat - Google Chrome,Tâches diverses,2021-03-02,13:15:16,00:00:02
stefano.crapanzano@chu.ulg.ac.be,Intrastat - Google Chrome,Tâches diverses,2021-03-02,15:15:28,00:00:07
stefano.crapanzano@chu.ulg.ac.be,Intrastat - Google Chrome,Tâches diverses,2021-03-02,15:32:55,00:00:07
stefano.crapanzano@chu.ulg.ac.be,Intrastat - Google Chrome,Tâches diverses,2021-03-02,15:33:27,00:00:12
stefano.crapanzano@chu.ulg.ac.be,Intrastat - Google Chrome,Tâches diverses,2021-03-02,15:33:55,00:00:21
stefano.crapanzano@chu.ulg.ac.be,Intrastat - Google Chrome,Tâches diverses,2021-03-02,15:34:56,00:00:03
stefano.crapanzano@chu.ulg.ac.be,Intrastat - Google Chrome,Tâches diverses,2021-03-02,15:35:56,00:00:19
stefano.crapanzano@chu.ulg.ac.be,Intrastat - Google Chrome,Tâches diverses,2021-03-02,15:36:19,00:00:05
stefano.crapanzano@chu.ulg.ac.be,Intrastat - Google Chrome,Tâches diverses,2021-03-02,15:36:27,00:00:03
stefano.crapanzano@chu.ulg.ac.be,Intrastat - Google Chrome,Tâches diverses,2021-03-02,15:37:04,00:00:02
stefano.crapanzano@chu.ulg.ac.be,Intrastat - Google Chrome,Tâches diverses,2021-03-02,16:05:41,00:00:07
stefano.crapanzano@chu.ulg.ac.be,Intrastat - Google Chrome,Tâches diverses,2021-03-02,16:07:56,00:00:06
stefano.crapanzano@chu.ulg.ac.be,Intrastat - Google Chrome,Tâches diverses,2021-03-02,16:08:35,00:00:08
stefano.crapanzano@chu.ulg.ac.be,Intrastat - Google Chrome,Tâches diverses,2021-03-02,16:11:25,00:00:03
stefano.crapanzano@chu.ulg.ac.be,Intrastat - Google Chrome,Tâches diverses,2021-03-02,16:12:10,00:00:03
stefano.crapanzano@chu.ulg.ac.be,Intrastat - Google Chrome,Helpdesk général,2021-03-02,16:12:18,00:00:02
stefano.crapanzano@chu.ulg.ac.be,Intrastat - Google Chrome,Tâches diverses,2021-03-02,16:17:44,00:00:05
stefano.crapanzano@chu.ulg.ac.be,Intrastat - Google Chrome,Tâches diverses,2021-03-02,16:33:26,00:00:06
stefano.crapanzano@chu.ulg.ac.be,Nouvel onglet - Google Chrome,Tâches diverses,2021-03-02,08:41:30,00:00:03
stefano.crapanzano@chu.ulg.ac.be,Nouvel onglet - Google Chrome,Tâches diverses,2021-03-02,10:07:10,00:00:16
stefano.crapanzano@chu.ulg.ac.be,Nouvel onglet - Google Chrome,Tâches diverses,2021-03-02,10:42:16,00:00:08
stefano.crapanzano@chu.ulg.ac.be,Nouvel onglet - Google Chrome,Tâches diverses,2021-03-02,10:48:29,00:00:08
stefano.crapanzano@chu.ulg.ac.be,Nouvel onglet - Google Chrome,Tâches diverses,2021-03-02,10:49:37,00:00:10
stefano.crapanzano@chu.ulg.ac.be,Nouvel onglet - Google Chrome,Tâches diverses,2021-03-02,11:38:07,00:00:07
stefano.crapanzano@chu.ulg.ac.be,Nouvel onglet - Google Chrome,Tâches diverses,2021-03-02,12:15:13,00:00:03
stefano.crapanzano@chu.ulg.ac.be,Nouvel onglet - Google Chrome,Tâches diverses,2021-03-02,12:38:07,00:00:03
stefano.crapanzano@chu.ulg.ac.be,Nouvel onglet - Google Chrome,Tâches diverses,2021-03-02,12:56:36,00:00:06
stefano.crapanzano@chu.ulg.ac.be,Nouvel onglet - Google Chrome,Tâches diverses,2021-03-02,13:53:07,00:00:06
stefano.crapanzano@chu.ulg.ac.be,Identification - Google Chrome,Tâches diverses,2021-03-02,08:41:34,00:00:08
stefano.crapanzano@chu.ulg.ac.be,Service MT - Google Chrome,Tâches diverses,2021-03-02,08:41:43,00:00:14
stefano.crapanzano@chu.ulg.ac.be,Service MT - Google Chrome,Tâches diverses,2021-03-02,08:53:56,00:00:03
stefano.crapanzano@chu.ulg.ac.be,Service MT - Google Chrome,Tâches diverses,2021-03-02,08:54:01,00:00:03
stefano.crapanzano@chu.ulg.ac.be,Service MT - Google Chrome,Tâches diverses,2021-03-02,10:07:07,00:00:02
stefano.crapanzano@chu.ulg.ac.be,Service MT - Google Chrome,Tâches diverses,2021-03-02,11:29:35,00:00:30
stefano.crapanzano@chu.ulg.ac.be,Service MT - Google Chrome,Tâches diverses,2021-03-02,11:38:04,00:00:02
stefano.crapanzano@chu.ulg.ac.be,Lecture documentation,Tâches diverses,2021-03-02,08:42:43,00:00:07
stefano.crapanzano@chu.ulg.ac.be,Lecture documentation,Tâches diverses,2021-03-02,08:45:39,00:07:03
stefano.crapanzano@chu.ulg.ac.be,Lecture documentation,Tâches diverses,2021-03-02,08:54:05,00:00:16
stefano.crapanzano@chu.ulg.ac.be,Lecture documentation,Tâches diverses,2021-03-02,10:10:27,00:18:42
stefano.crapanzano@chu.ulg.ac.be,Lecture documentation,Tâches diverses,2021-03-02,10:29:20,00:00:05
stefano.crapanzano@chu.ulg.ac.be,Lecture documentation,Tâches diverses,2021-03-02,10:29:27,00:00:15
stefano.crapanzano@chu.ulg.ac.be,Lecture documentation,Tâches diverses,2021-03-02,10:29:50,00:00:24
stefano.crapanzano@chu.ulg.ac.be,Lecture documentation,Tâches diverses,2021-03-02,10:30:16,00:00:31
stefano.crapanzano@chu.ulg.ac.be,Lecture documentation,Tâches diverses,2021-03-02,10:31:23,00:02:24
stefano.crapanzano@chu.ulg.ac.be,Lecture documentation,Tâches diverses,2021-03-02,10:34:45,00:00:56
stefano.crapanzano@chu.ulg.ac.be,Lecture documentation,Tâches diverses,2021-03-02,10:35:44,00:00:02
stefano.crapanzano@chu.ulg.ac.be,Lecture documentation,Tâches diverses,2021-03-02,11:21:34,00:00:09
stefano.crapanzano@chu.ulg.ac.be,Lecture documentation,Tâches diverses,2021-03-02,11:32:10,00:00:56
stefano.crapanzano@chu.ulg.ac.be,Lecture documentation,Tâches diverses,2021-03-02,13:44:41,00:00:11
stefano.crapanzano@chu.ulg.ac.be,Lecture documentation,Tâches diverses,2021-03-02,13:46:41,00:00:23
stefano.crapanzano@chu.ulg.ac.be,Lecture documentation,Tâches diverses,2021-03-02,13:47:56,00:00:06
stefano.crapanzano@chu.ulg.ac.be,Lecture documentation,Tâches diverses,2021-03-02,13:50:39,00:00:02
stefano.crapanzano@chu.ulg.ac.be,Lecture documentation,Tâches diverses,2021-03-02,13:51:33,00:00:12
stefano.crapanzano@chu.ulg.ac.be,Lecture documentation,Tâches diverses,2021-03-02,13:52:07,00:00:06
stefano.crapanzano@chu.ulg.ac.be,Lecture documentation,Tâches diverses,2021-03-02,13:52:20,00:00:35
stefano.crapanzano@chu.ulg.ac.be,Lecture documentation,Tâches diverses,2021-03-02,13:54:24,00:00:21
stefano.crapanzano@chu.ulg.ac.be,Lecture documentation,Tâches diverses,2021-03-02,13:55:38,00:00:31
stefano.crapanzano@chu.ulg.ac.be,Lecture documentation,Tâches diverses,2021-03-02,13:57:45,00:00:06
stefano.crapanzano@chu.ulg.ac.be,Lecture documentation,Tâches diverses,2021-03-02,13:58:05,00:00:15
stefano.crapanzano@chu.ulg.ac.be,Lecture documentation,Tâches diverses,2021-03-02,13:59:04,00:01:15
stefano.crapanzano@chu.ulg.ac.be,Lecture documentation,Tâches diverses,2021-03-02,14:00:24,00:00:06
stefano.crapanzano@chu.ulg.ac.be,Lecture documentation,Tâches diverses,2021-03-02,14:02:31,00:00:33
stefano.crapanzano@chu.ulg.ac.be,Lecture documentation,Tâches diverses,2021-03-02,14:04:17,00:00:11
stefano.crapanzano@chu.ulg.ac.be,Lecture documentation,Tâches diverses,2021-03-02,14:17:30,00:00:29
stefano.crapanzano@chu.ulg.ac.be,Lecture documentation,Tâches diverses,2021-03-02,14:20:41,00:00:07
stefano.crapanzano@chu.ulg.ac.be,Lecture documentation,Tâches diverses,2021-03-02,15:38:22,00:02:13
stefano.crapanzano@chu.ulg.ac.be,Lecture documentation,Tâches diverses,2021-03-02,15:41:01,00:02:15
stefano.crapanzano@chu.ulg.ac.be,Lecture documentation,Tâches diverses,2021-03-02,15:43:18,00:00:54
stefano.crapanzano@chu.ulg.ac.be,Lecture documentation,Tâches diverses,2021-03-02,15:44:13,00:00:59
stefano.crapanzano@chu.ulg.ac.be,Lecture documentation,Tâches diverses,2021-03-02,15:45:16,00:01:32
stefano.crapanzano@chu.ulg.ac.be,Lecture documentation,Tâches diverses,2021-03-02,15:46:50,00:06:59
stefano.crapanzano@chu.ulg.ac.be,Lecture documentation,Tâches diverses,2021-03-02,15:54:43,00:00:50
stefano.crapanzano@chu.ulg.ac.be,Lecture documentation,Tâches diverses,2021-03-02,16:05:17,00:00:04
stefano.crapanzano@chu.ulg.ac.be,Lecture documentation,Tâches diverses,2021-03-02,16:20:25,00:00:05
stefano.crapanzano@chu.ulg.ac.be,PE2203 ZWM_KAMO variant IMPRIMERIE.xlsx  [Lecture seule] - Excel,Tâches diverses,2021-03-02,08:42:51,00:00:22
stefano.crapanzano@chu.ulg.ac.be,Enregistrer sous,Tâches diverses,2021-03-02,08:43:14,00:00:15
stefano.crapanzano@chu.ulg.ac.be,Enregistrer sous,IT,2021-03-02,14:20:02,00:00:09
stefano.crapanzano@chu.ulg.ac.be,Enregistrer sous,IT,2021-03-02,14:23:30,00:00:13
stefano.crapanzano@chu.ulg.ac.be,Enregistrer sous,IT,2021-03-02,14:23:45,00:00:03
stefano.crapanzano@chu.ulg.ac.be,Enregistrer sous,IT,2021-03-02,14:29:07,00:00:09
stefano.crapanzano@chu.ulg.ac.be,Enregistrer sous,IT,2021-03-02,14:30:02,00:00:05
stefano.crapanzano@chu.ulg.ac.be,Enregistrer sous,Tâches diverses,2021-03-02,14:31:06,00:00:30
stefano.crapanzano@chu.ulg.ac.be,Enregistrer sous,IT,2021-03-02,14:56:31,00:00:10
stefano.crapanzano@chu.ulg.ac.be,PE2203 ZWM_KAMO variant IMPRIMERIE.xlsx - Excel,Tâches diverses,2021-03-02,08:43:29,00:00:03
stefano.crapanzano@chu.ulg.ac.be,PE2203 ZWM_KAMO variant IMPRIMERIE.xlsx - Excel,Tâches diverses,2021-03-02,13:04:21,00:00:02
stefano.crapanzano@chu.ulg.ac.be,Stefano CRAPANZANO - erp.sai@chuliege.be - Outlook,Helpdesk général,2021-03-02,08:43:39,00:00:15
stefano.crapanzano@chu.ulg.ac.be,Stefano CRAPANZANO - erp.sai@chuliege.be - Outlook,Helpdesk général,2021-03-02,11:30:35,00:00:11
stefano.crapanzano@chu.ulg.ac.be,Stefano CRAPANZANO - erp.sai@chuliege.be - Outlook,Helpdesk général,2021-03-02,11:59:06,00:00:03
stefano.crapanzano@chu.ulg.ac.be,Stefano CRAPANZANO - erp.sai@chuliege.be - Outlook,Helpdesk général,2021-03-02,15:54:37,00:00:05
stefano.crapanzano@chu.ulg.ac.be,Stefano CRAPANZANO - erp.sai@chuliege.be - Outlook,Helpdesk général,2021-03-02,15:55:37,00:00:02
stefano.crapanzano@chu.ulg.ac.be,Stefano CRAPANZANO - erp.sai@chuliege.be - Outlook,Helpdesk général,2021-03-02,15:56:05,00:00:02
stefano.crapanzano@chu.ulg.ac.be,Stefano CRAPANZANO - erp.sai@chuliege.be - Outlook,Helpdesk général,2021-03-02,15:58:11,00:00:10
stefano.crapanzano@chu.ulg.ac.be,Sent - erp.sai@chuliege.be - Outlook,Helpdesk général,2021-03-02,08:44:01,00:00:15
stefano.crapanzano@chu.ulg.ac.be,Sent - erp.sai@chuliege.be - Outlook,Helpdesk général,2021-03-02,09:08:56,00:00:03
stefano.crapanzano@chu.ulg.ac.be,Sent - erp.sai@chuliege.be - Outlook,Helpdesk général,2021-03-02,12:53:42,00:00:53
stefano.crapanzano@chu.ulg.ac.be,Sent - erp.sai@chuliege.be - Outlook,Helpdesk général,2021-03-02,12:54:44,00:01:46
stefano.crapanzano@chu.ulg.ac.be,Sent - erp.sai@chuliege.be - Outlook,Helpdesk général,2021-03-02,12:57:40,00:00:06
stefano.crapanzano@chu.ulg.ac.be,Sent - erp.sai@chuliege.be - Outlook,Helpdesk général,2021-03-02,12:59:00,00:00:19
stefano.crapanzano@chu.ulg.ac.be,Sent - erp.sai@chuliege.be - Outlook,Helpdesk général,2021-03-02,13:01:08,00:00:56
stefano.crapanzano@chu.ulg.ac.be,Sent - erp.sai@chuliege.be - Outlook,Tâches diverses,2021-03-02,13:14:09,00:00:57
stefano.crapanzano@chu.ulg.ac.be,Sent - erp.sai@chuliege.be - Outlook,Helpdesk général,2021-03-02,13:15:10,00:00:06
stefano.crapanzano@chu.ulg.ac.be,Sent - erp.sai@chuliege.be - Outlook,Helpdesk général,2021-03-02,14:16:50,00:00:02
stefano.crapanzano@chu.ulg.ac.be,Sent - erp.sai@chuliege.be - Outlook,Helpdesk général,2021-03-02,15:01:48,00:00:29
stefano.crapanzano@chu.ulg.ac.be,Sent - erp.sai@chuliege.be - Outlook,Helpdesk général,2021-03-02,15:02:22,00:00:11
stefano.crapanzano@chu.ulg.ac.be,Sent - erp.sai@chuliege.be - Outlook,Helpdesk général,2021-03-02,15:03:05,00:00:03
stefano.crapanzano@chu.ulg.ac.be,Sent - erp.sai@chuliege.be - Outlook,Helpdesk général,2021-03-02,15:08:17,00:00:03
stefano.crapanzano@chu.ulg.ac.be,Sent - erp.sai@chuliege.be - Outlook,Helpdesk général,2021-03-02,15:08:25,00:00:02
stefano.crapanzano@chu.ulg.ac.be,Sent - erp.sai@chuliege.be - Outlook,Helpdesk général,2021-03-02,15:11:12,00:00:10
stefano.crapanzano@chu.ulg.ac.be,Sent - erp.sai@chuliege.be - Outlook,Helpdesk général,2021-03-02,15:24:00,00:00:04
stefano.crapanzano@chu.ulg.ac.be,Sent - erp.sai@chuliege.be - Outlook,Helpdesk général,2021-03-02,16:38:40,00:08:16
stefano.crapanzano@chu.ulg.ac.be,Sent - erp.sai@chuliege.be - Outlook,Helpdesk général,2021-03-02,16:47:13,00:20:07
stefano.crapanzano@chu.ulg.ac.be,Sent - erp.sai@chuliege.be - Outlook,Helpdesk général,2021-03-02,17:07:52,00:01:40
stefano.crapanzano@chu.ulg.ac.be,Sent - erp.sai@chuliege.be - Outlook,Helpdesk général,2021-03-02,17:09:44,00:04:42
stefano.crapanzano@chu.ulg.ac.be,Sent - erp.sai@chuliege.be - Outlook,Helpdesk général,2021-03-02,17:14:30,00:05:01
stefano.crapanzano@chu.ulg.ac.be,SDERP-17870 - Extraction articles dans variante ZWM_KAMO - Message (HTML),Helpdesk général,2021-03-02,08:44:17,00:00:03
stefano.crapanzano@chu.ulg.ac.be,SDERP-17870 - Extraction articles dans variante ZWM_KAMO - Message (HTML),Helpdesk général,2021-03-02,08:45:31,00:00:07
stefano.crapanzano@chu.ulg.ac.be,TR: SDERP-17870 - Extraction articles dans variante ZWM_KAMO - Message (HTML),Helpdesk général,2021-03-02,08:44:20,00:00:08
stefano.crapanzano@chu.ulg.ac.be,TR: SDERP-17870 - Extraction articles dans variante ZWM_KAMO - Message (HTML),Helpdesk général,2021-03-02,08:44:36,00:00:52
stefano.crapanzano@chu.ulg.ac.be,Insérer un fichier,Helpdesk général,2021-03-02,08:44:29,00:00:07
stefano.crapanzano@chu.ulg.ac.be,Orthographe : Français (Belgique),Helpdesk général,2021-03-02,12:52:28,00:00:02
stefano.crapanzano@chu.ulg.ac.be,Orthographe : Français (Belgique),Helpdesk général,2021-03-02,16:38:08,00:00:02
stefano.crapanzano@chu.ulg.ac.be,Microsoft Outlook,Helpdesk général,2021-03-02,12:16:17,00:00:02
stefano.crapanzano@chu.ulg.ac.be,Microsoft Outlook,Helpdesk général,2021-03-02,12:18:11,00:00:02
stefano.crapanzano@chu.ulg.ac.be,Microsoft Outlook,Helpdesk général,2021-03-02,15:29:34,00:00:02
stefano.crapanzano@chu.ulg.ac.be,Exporter/importer Lien entre article-centre de coûts et quantité,Exploration SAP,2021-03-02,08:52:45,00:00:03
stefano.crapanzano@chu.ulg.ac.be,SAP Easy Access Menu de base Applications financières-économiques,Exploration SAP,2021-03-02,08:52:49,00:00:20
stefano.crapanzano@chu.ulg.ac.be,SAP Easy Access Menu de base Applications financières-économiques,Exploration SAP,2021-03-02,08:53:53,00:00:03
stefano.crapanzano@chu.ulg.ac.be,SAP Easy Access Menu de base Applications financières-économiques,Exploration SAP,2021-03-02,09:52:17,00:01:07
stefano.crapanzano@chu.ulg.ac.be,SAP Easy Access Menu de base Applications financières-économiques,Exploration SAP,2021-03-02,11:14:47,00:00:13
stefano.crapanzano@chu.ulg.ac.be,SAP Easy Access Menu de base Applications financières-économiques,Exploration SAP,2021-03-02,14:18:03,00:00:04
stefano.crapanzano@chu.ulg.ac.be,SAP Easy Access Menu de base Applications financières-économiques,Exploration SAP,2021-03-02,14:18:21,00:00:09
stefano.crapanzano@chu.ulg.ac.be,SAP Easy Access Menu de base Applications financières-économiques,Exploration SAP,2021-03-02,14:18:54,00:00:03
stefano.crapanzano@chu.ulg.ac.be,SAP Easy Access Menu de base Applications financières-économiques,Exploration SAP,2021-03-02,14:19:02,00:00:04
stefano.crapanzano@chu.ulg.ac.be,SAP Easy Access Menu de base Applications financières-économiques,Exploration SAP,2021-03-02,14:20:18,00:00:03
stefano.crapanzano@chu.ulg.ac.be,SAP Easy Access Menu de base Applications financières-économiques,Exploration SAP,2021-03-02,14:20:36,00:00:02
stefano.crapanzano@chu.ulg.ac.be,SAP Easy Access Menu de base Applications financières-économiques,Exploration SAP,2021-03-02,14:20:48,00:00:04
stefano.crapanzano@chu.ulg.ac.be,SAP Easy Access Menu de base Applications financières-économiques,Exploration SAP,2021-03-02,14:24:47,00:00:20
stefano.crapanzano@chu.ulg.ac.be,SAP Easy Access Menu de base Applications financières-économiques,Exploration SAP,2021-03-02,14:26:00,00:00:06
stefano.crapanzano@chu.ulg.ac.be,SAP Easy Access Menu de base Applications financières-économiques,Exploration SAP,2021-03-02,14:26:07,00:00:03
stefano.crapanzano@chu.ulg.ac.be,SAP Easy Access Menu de base Applications financières-économiques,Exploration SAP,2021-03-02,14:27:30,00:00:04
stefano.crapanzano@chu.ulg.ac.be,SAP Easy Access Menu de base Applications financières-économiques,Exploration SAP,2021-03-02,14:55:30,00:00:05
stefano.crapanzano@chu.ulg.ac.be,SAP Easy Access Menu de base Applications financières-économiques,Exploration SAP,2021-03-02,14:57:37,00:00:03
stefano.crapanzano@chu.ulg.ac.be,SAP Easy Access Menu de base Applications financières-économiques,Exploration SAP,2021-03-02,14:58:42,00:00:04
stefano.crapanzano@chu.ulg.ac.be,SAP Easy Access Menu de base Applications financières-économiques,Exploration SAP,2021-03-02,15:04:38,00:00:19
stefano.crapanzano@chu.ulg.ac.be,SAP Easy Access Menu de base Applications financières-économiques,Exploration SAP,2021-03-02,15:05:30,00:00:20
stefano.crapanzano@chu.ulg.ac.be,SAP Easy Access Menu de base Applications financières-économiques,Exploration SAP,2021-03-02,15:05:52,00:00:04
stefano.crapanzano@chu.ulg.ac.be,SAP Easy Access Menu de base Applications financières-économiques,Exploration SAP,2021-03-02,15:06:05,00:00:04
stefano.crapanzano@chu.ulg.ac.be,Modifier vue  Comm. ext. : nomenclature combinée / n° tarif douanier ,Exploration SAP,2021-03-02,08:53:09,00:00:43
stefano.crapanzano@chu.ulg.ac.be,Modifier vue  Comm. ext. : nomenclature combinée / n° tarif douanier ,Exploration SAP,2021-03-02,14:18:08,00:00:09
stefano.crapanzano@chu.ulg.ac.be,Modifier vue  Comm. ext. : nomenclature combinée / n° tarif douanier ,Exploration SAP,2021-03-02,14:18:30,00:00:24
stefano.crapanzano@chu.ulg.ac.be,Modifier vue  Comm. ext. : nomenclature combinée / n° tarif douanier ,Exploration SAP,2021-03-02,14:20:25,00:00:10
stefano.crapanzano@chu.ulg.ac.be,Modifier vue  Comm. ext. : nomenclature combinée / n° tarif douanier ,Exploration SAP,2021-03-02,14:25:08,00:00:02
stefano.crapanzano@chu.ulg.ac.be,Modifier vue  Comm. ext. : nomenclature combinée / n° tarif douanier ,Exploration SAP,2021-03-02,14:27:34,00:00:08
stefano.crapanzano@chu.ulg.ac.be,Modifier vue  Comm. ext. : nomenclature combinée / n° tarif douanier ,Exploration SAP,2021-03-02,14:55:27,00:00:03
stefano.crapanzano@chu.ulg.ac.be,Modifier vue  Comm. ext. : nomenclature combinée / n° tarif douanier ,Exploration SAP,2021-03-02,15:04:57,00:00:28
stefano.crapanzano@chu.ulg.ac.be,Trash - erp.sai@chuliege.be - Outlook,Helpdesk général,2021-03-02,09:09:00,00:00:16
stefano.crapanzano@chu.ulg.ac.be,Trash - erp.sai@chuliege.be - Outlook,Helpdesk général,2021-03-02,09:49:05,00:00:03
stefano.crapanzano@chu.ulg.ac.be,Trash - erp.sai@chuliege.be - Outlook,Helpdesk général,2021-03-02,11:05:07,00:00:03
stefano.crapanzano@chu.ulg.ac.be,\\ERPFTP.st.chulg\ERP\Security\KOFAX-KofaxCaptureSVReleaseProdZhul-PdfXml_SAP203-WfInput-PdfXml.info - Notepad++ [Administrator],IT,2021-03-02,09:11:33,00:00:18
stefano.crapanzano@chu.ulg.ac.be,\\ERPFTP.st.chulg\ERP\Security\KOFAX-KofaxCaptureSVReleaseProdZhul-PdfXml_SAP203-WfInput-PdfXml.info - Notepad++ [Administrator],IT,2021-03-02,09:20:45,00:00:16
stefano.crapanzano@chu.ulg.ac.be,\\ERPFTP.st.chulg\ERP\Security\KOFAX-KofaxCaptureSVReleaseProdZhul-PdfXml_SAP203-WfInput-PdfXml.info - Notepad++ [Administrator],IT,2021-03-02,09:21:55,00:00:17
stefano.crapanzano@chu.ulg.ac.be,\\ERPFTP.st.chulg\ERP\Security\KOFAX-KofaxCaptureSVReleaseProdZhul-PdfXml_SAP203-WfInput-PdfXml.info - Notepad++ [Administrator],IT,2021-03-02,09:22:30,00:00:24
stefano.crapanzano@chu.ulg.ac.be,\\ERPFTP.st.chulg\ERP\Security\KOFAX-KofaxCaptureSVReleaseProdZhul-PdfXml_SAP203-WfInput-PdfXml.info - Notepad++ [Administrator],IT,2021-03-02,09:26:37,00:00:37
stefano.crapanzano@chu.ulg.ac.be,\\ERPFTP.st.chulg\ERP\Security\KOFAX-KofaxCaptureSVReleaseProdZhul-PdfXml_SAP203-WfInput-PdfXml.info - Notepad++ [Administrator],IT,2021-03-02,11:17:55,00:00:04
stefano.crapanzano@chu.ulg.ac.be,\\ERPFTP.st.chulg\ERP\Security\KOFAX-KofaxCaptureSVReleaseProdZhul-PdfXml_SAP203-WfInput-PdfXml.info - Notepad++ [Administrator],IT,2021-03-02,11:29:23,00:00:07
stefano.crapanzano@chu.ulg.ac.be,\\ERPFTP.st.chulg\ERP\Security\KOFAX-KofaxCaptureSVReleaseProdZhul-PdfXml_SAP203-WfInput-PdfXml.info - Notepad++ [Administrator],IT,2021-03-02,14:53:59,00:00:02
stefano.crapanzano@chu.ulg.ac.be,Iepacs - sftp://kofaxchu@iepacs.chu.ulg.ac.be - FileZilla,Helpdesk général,2021-03-02,09:11:56,00:00:03
stefano.crapanzano@chu.ulg.ac.be,Gestionnaire de Sites,Helpdesk général,2021-03-02,09:12:00,00:00:06
stefano.crapanzano@chu.ulg.ac.be,Déjà connecté,Helpdesk général,2021-03-02,09:12:06,00:00:02
stefano.crapanzano@chu.ulg.ac.be,PE2_203 - sftp://PE2U2FTP@153.89.110.38 - FileZilla,Helpdesk général,2021-03-02,09:12:08,00:01:11
stefano.crapanzano@chu.ulg.ac.be,PE2_203 - sftp://PE2U2FTP@153.89.110.38 - FileZilla,Helpdesk général,2021-03-02,09:20:00,00:00:02
stefano.crapanzano@chu.ulg.ac.be,PE2_203 - sftp://PE2U2FTP@153.89.110.38 - FileZilla,Helpdesk général,2021-03-02,09:20:18,00:00:06
stefano.crapanzano@chu.ulg.ac.be,\\ERPFTP.st.chulg\ERP\Log\KOFAX-KofaxCaptureSVReleaseProdZhul-PdfXml_SAP203-WfInput-PdfXml.log - Notepad++ [Administrator],IT,2021-03-02,09:15:04,00:00:49
stefano.crapanzano@chu.ulg.ac.be,\\ERPFTP.st.chulg\ERP\Log\KOFAX-KofaxCaptureSVReleaseProdZhul-PdfXml_SAP203-WfInput-PdfXml.log - Notepad++ [Administrator],IT,2021-03-02,09:16:00,00:00:04
stefano.crapanzano@chu.ulg.ac.be,\\ERPFTP.st.chulg\ERP\Log\KOFAX-KofaxCaptureSVReleaseProdZhul-PdfXml_SAP203-WfInput-PdfXml.log - Notepad++ [Administrator],IT,2021-03-02,09:20:43,00:00:02
stefano.crapanzano@chu.ulg.ac.be,\\ERPFTP.st.chulg\ERP\Log\KOFAX-KofaxCaptureSVReleaseProdZhul-PdfXml_SAP203-WfInput-PdfXml.log - Notepad++ [Administrator],IT,2021-03-02,09:22:54,00:02:08
stefano.crapanzano@chu.ulg.ac.be,\\ERPFTP.st.chulg\ERP\Log\KOFAX-KofaxCaptureSVReleaseProdZhul-PdfXml_SAP203-WfInput-PdfXml.log - Notepad++ [Administrator],IT,2021-03-02,09:25:06,00:00:04
stefano.crapanzano@chu.ulg.ac.be,\\ERPFTP.st.chulg\ERP\Log\KOFAX-KofaxCaptureSVReleaseProdZhul-PdfXml_SAP203-WfInput-PdfXml.log - Notepad++ [Administrator],IT,2021-03-02,09:25:53,00:00:29
stefano.crapanzano@chu.ulg.ac.be,erpftp,Helpdesk général,2021-03-02,09:16:06,00:00:02
stefano.crapanzano@chu.ulg.ac.be,Active Directory Users and Computers,IT,2021-03-02,09:34:27,00:00:04
stefano.crapanzano@chu.ulg.ac.be,Active Directory Users and Computers,IT,2021-03-02,12:52:48,00:00:02
stefano.crapanzano@chu.ulg.ac.be,Active Directory Users and Computers,IT,2021-03-02,12:52:54,00:00:03
stefano.crapanzano@chu.ulg.ac.be,Rechercher Utilisateurs  contacts et groupes,IT,2021-03-02,09:34:32,00:00:12
stefano.crapanzano@chu.ulg.ac.be,Rechercher Utilisateurs  contacts et groupes,IT,2021-03-02,12:52:46,00:00:02
stefano.crapanzano@chu.ulg.ac.be,Calendrier - Zimbra - Stefano Crapanzano - Outlook,Helpdesk général,2021-03-02,09:49:08,00:00:07
stefano.crapanzano@chu.ulg.ac.be,Calendrier - Zimbra - Stefano Crapanzano - Outlook,Helpdesk général,2021-03-02,11:05:05,00:00:02
stefano.crapanzano@chu.ulg.ac.be,Calendrier - Zimbra - Stefano Crapanzano - Outlook,Helpdesk général,2021-03-02,11:30:51,00:00:07
stefano.crapanzano@chu.ulg.ac.be,Calendrier - Zimbra - Stefano Crapanzano - Outlook,Helpdesk général,2021-03-02,11:58:58,00:00:08
stefano.crapanzano@chu.ulg.ac.be,Calendrier - Zimbra - Stefano Crapanzano - Outlook,Helpdesk général,2021-03-02,15:55:40,00:00:25
stefano.crapanzano@chu.ulg.ac.be,TR: GOAL : outils SAI - Réunion,Helpdesk général,2021-03-02,09:49:16,00:02:58
stefano.crapanzano@chu.ulg.ac.be,TR: GOAL : outils SAI - Réunion,Helpdesk général,2021-03-02,09:53:31,00:04:20
stefano.crapanzano@chu.ulg.ac.be,TR: GOAL : outils SAI - Réunion,Helpdesk général,2021-03-02,11:30:58,00:01:11
stefano.crapanzano@chu.ulg.ac.be,Programmation,IT,2021-03-02,10:06:58,00:00:09
stefano.crapanzano@chu.ulg.ac.be,Programmation,IT,2021-03-02,10:07:58,00:00:10
stefano.crapanzano@chu.ulg.ac.be,Programmation,IT,2021-03-02,10:09:11,00:01:15
stefano.crapanzano@chu.ulg.ac.be,Programmation,IT,2021-03-02,10:29:10,00:00:09
stefano.crapanzano@chu.ulg.ac.be,Programmation,IT,2021-03-02,10:30:48,00:00:34
stefano.crapanzano@chu.ulg.ac.be,Programmation,IT,2021-03-02,10:33:50,00:00:54
stefano.crapanzano@chu.ulg.ac.be,Programmation,IT,2021-03-02,10:35:41,00:00:02
stefano.crapanzano@chu.ulg.ac.be,Programmation,IT,2021-03-02,10:35:46,00:01:38
stefano.crapanzano@chu.ulg.ac.be,Programmation,IT,2021-03-02,10:52:28,00:00:47
stefano.crapanzano@chu.ulg.ac.be,Programmation,IT,2021-03-02,11:37:40,00:00:24
stefano.crapanzano@chu.ulg.ac.be,Programmation,IT,2021-03-02,11:41:07,00:03:13
stefano.crapanzano@chu.ulg.ac.be,Programmation,IT,2021-03-02,11:45:19,00:00:28
stefano.crapanzano@chu.ulg.ac.be,Programmation,IT,2021-03-02,11:53:09,00:05:45
stefano.crapanzano@chu.ulg.ac.be,Programmation,IT,2021-03-02,12:00:23,00:02:21
stefano.crapanzano@chu.ulg.ac.be,Programmation,IT,2021-03-02,12:21:55,00:01:57
stefano.crapanzano@chu.ulg.ac.be,Programmation,IT,2021-03-02,12:24:14,00:00:08
stefano.crapanzano@chu.ulg.ac.be,Programmation,IT,2021-03-02,12:27:02,00:00:13
stefano.crapanzano@chu.ulg.ac.be,Programmation,IT,2021-03-02,12:27:34,00:01:19
stefano.crapanzano@chu.ulg.ac.be,Programmation,IT,2021-03-02,12:29:33,00:01:07
stefano.crapanzano@chu.ulg.ac.be,Programmation,IT,2021-03-02,12:32:21,00:00:07
stefano.crapanzano@chu.ulg.ac.be,Programmation,IT,2021-03-02,12:52:58,00:00:05
stefano.crapanzano@chu.ulg.ac.be,Programmation,IT,2021-03-02,13:17:44,00:00:22
stefano.crapanzano@chu.ulg.ac.be,Programmation,IT,2021-03-02,13:18:12,00:00:18
stefano.crapanzano@chu.ulg.ac.be,Programmation,IT,2021-03-02,13:19:19,00:00:05
stefano.crapanzano@chu.ulg.ac.be,Programmation,IT,2021-03-02,13:19:27,00:02:18
stefano.crapanzano@chu.ulg.ac.be,Programmation,IT,2021-03-02,13:23:50,00:00:14
stefano.crapanzano@chu.ulg.ac.be,Programmation,IT,2021-03-02,13:40:45,00:00:39
stefano.crapanzano@chu.ulg.ac.be,Programmation,IT,2021-03-02,13:44:38,00:00:02
stefano.crapanzano@chu.ulg.ac.be,Programmation,IT,2021-03-02,13:44:54,00:00:43
stefano.crapanzano@chu.ulg.ac.be,Programmation,IT,2021-03-02,13:45:55,00:00:45
stefano.crapanzano@chu.ulg.ac.be,Programmation,IT,2021-03-02,13:47:06,00:00:49
stefano.crapanzano@chu.ulg.ac.be,Programmation,IT,2021-03-02,13:48:47,00:00:43
stefano.crapanzano@chu.ulg.ac.be,Programmation,IT,2021-03-02,13:49:31,00:01:07
stefano.crapanzano@chu.ulg.ac.be,Programmation,IT,2021-03-02,13:50:42,00:00:06
stefano.crapanzano@chu.ulg.ac.be,Programmation,IT,2021-03-02,13:51:09,00:00:22
stefano.crapanzano@chu.ulg.ac.be,Programmation,IT,2021-03-02,13:51:45,00:00:20
stefano.crapanzano@chu.ulg.ac.be,Programmation,IT,2021-03-02,13:52:14,00:00:02
stefano.crapanzano@chu.ulg.ac.be,Programmation,IT,2021-03-02,13:52:55,00:00:08
stefano.crapanzano@chu.ulg.ac.be,Programmation,IT,2021-03-02,13:53:35,00:00:06
stefano.crapanzano@chu.ulg.ac.be,Programmation,IT,2021-03-02,13:53:43,00:00:02
stefano.crapanzano@chu.ulg.ac.be,Programmation,IT,2021-03-02,13:53:46,00:00:12
stefano.crapanzano@chu.ulg.ac.be,Programmation,IT,2021-03-02,13:54:01,00:00:20
stefano.crapanzano@chu.ulg.ac.be,Programmation,IT,2021-03-02,13:54:47,00:00:50
stefano.crapanzano@chu.ulg.ac.be,Programmation,IT,2021-03-02,13:56:11,00:00:47
stefano.crapanzano@chu.ulg.ac.be,Programmation,IT,2021-03-02,13:57:31,00:00:13
stefano.crapanzano@chu.ulg.ac.be,Programmation,IT,2021-03-02,13:57:51,00:00:13
stefano.crapanzano@chu.ulg.ac.be,Programmation,IT,2021-03-02,13:58:23,00:00:39
stefano.crapanzano@chu.ulg.ac.be,Programmation,IT,2021-03-02,14:00:35,00:01:52
stefano.crapanzano@chu.ulg.ac.be,Programmation,IT,2021-03-02,14:03:51,00:00:25
stefano.crapanzano@chu.ulg.ac.be,Programmation,IT,2021-03-02,14:04:28,00:12:19
stefano.crapanzano@chu.ulg.ac.be,Programmation,IT,2021-03-02,15:30:36,00:00:47
stefano.crapanzano@chu.ulg.ac.be,django remote user backend don't create user - Recherche Google - Google Chrome,Tâches diverses,2021-03-02,10:07:27,00:00:16
stefano.crapanzano@chu.ulg.ac.be,django.contrib.auth | Documentation de Django | Django - Google Chrome,Tâches diverses,2021-03-02,10:07:44,00:00:13
stefano.crapanzano@chu.ulg.ac.be,django.contrib.auth | Documentation de Django | Django - Google Chrome,Tâches diverses,2021-03-02,10:08:09,00:00:13
stefano.crapanzano@chu.ulg.ac.be,django.contrib.auth | Documentation de Django | Django - Google Chrome,Tâches diverses,2021-03-02,10:48:48,00:00:48
stefano.crapanzano@chu.ulg.ac.be,django.contrib.auth | Documentation de Django | Django - Google Chrome,Tâches diverses,2021-03-02,11:38:30,00:00:15
stefano.crapanzano@chu.ulg.ac.be,remoteusermiddleware django user created - Recherche Google - Google Chrome,Tâches diverses,2021-03-02,10:08:22,00:00:07
stefano.crapanzano@chu.ulg.ac.be,Authentification avec REMOTE_USER | Documentation de Django | Django - Google Chrome,Tâches diverses,2021-03-02,10:08:29,00:00:38
stefano.crapanzano@chu.ulg.ac.be,Authentification avec REMOTE_USER | Documentation de Django | Django - Google Chrome,Tâches diverses,2021-03-02,10:42:14,00:00:02
stefano.crapanzano@chu.ulg.ac.be,Authentification avec REMOTE_USER | Documentation de Django | Django - Google Chrome,Tâches diverses,2021-03-02,10:48:42,00:00:06
stefano.crapanzano@chu.ulg.ac.be,set user django staff shell - Recherche Google - Google Chrome,Tâches diverses,2021-03-02,10:42:25,00:00:08
stefano.crapanzano@chu.ulg.ac.be,set user django staff shell - Recherche Google - Google Chrome,Tâches diverses,2021-03-02,10:42:48,00:00:03
stefano.crapanzano@chu.ulg.ac.be,python - Create staff user in Django - Stack Overflow - Google Chrome,Tâches diverses,2021-03-02,10:42:33,00:00:14
stefano.crapanzano@chu.ulg.ac.be,python - How to create user from django shell - Stack Overflow - Google Chrome,Tâches diverses,2021-03-02,10:42:51,00:00:07
stefano.crapanzano@chu.ulg.ac.be,python - How to create user from django shell - Stack Overflow - Google Chrome,Tâches diverses,2021-03-02,10:43:13,00:00:09
stefano.crapanzano@chu.ulg.ac.be,python - How to create user from django shell - Stack Overflow - Google Chrome,Tâches diverses,2021-03-02,10:48:26,00:00:02
stefano.crapanzano@chu.ulg.ac.be,python - How to create user from django shell - Stack Overflow - Google Chrome,Tâches diverses,2021-03-02,13:53:18,00:00:15
stefano.crapanzano@chu.ulg.ac.be,python - How to create user from django shell - Stack Overflow - Google Chrome,Tâches diverses,2021-03-02,13:53:59,00:00:02
stefano.crapanzano@chu.ulg.ac.be,remoteuserbackend django redirect - Recherche Google - Google Chrome,Tâches diverses,2021-03-02,10:48:37,00:00:04
stefano.crapanzano@chu.ulg.ac.be,remoteuserbackend redirect to accounts/login$ - Recherche Google - Google Chrome,Tâches diverses,2021-03-02,10:49:47,00:00:04
stefano.crapanzano@chu.ulg.ac.be,remoteuserbackend redirect to accounts/login - Recherche Google - Google Chrome,Tâches diverses,2021-03-02,10:49:52,00:00:04
stefano.crapanzano@chu.ulg.ac.be,python - RemoteUserMiddleware is not working  it just redirects me to /accounts/login/?next= - Stack Overflow - Google Chrome,Tâches diverses,2021-03-02,10:49:57,00:00:15
stefano.crapanzano@chu.ulg.ac.be,python - RemoteUserMiddleware is not working  it just redirects me to /accounts/login/?next= - Stack Overflow - Google Chrome,Tâches diverses,2021-03-02,11:13:55,00:00:03
stefano.crapanzano@chu.ulg.ac.be,python - RemoteUserMiddleware is not working  it just redirects me to /accounts/login/?next= - Stack Overflow - Google Chrome,Tâches diverses,2021-03-02,11:29:32,00:00:02
stefano.crapanzano@chu.ulg.ac.be,Re: SSO - Message (HTML),Helpdesk général,2021-03-02,11:05:32,00:01:00
stefano.crapanzano@chu.ulg.ac.be,Sans titre - Message (HTML),Helpdesk général,2021-03-02,11:11:38,00:00:19
stefano.crapanzano@chu.ulg.ac.be,Sans titre - Message (HTML),Helpdesk général,2021-03-02,11:14:02,00:00:37
stefano.crapanzano@chu.ulg.ac.be,Sans titre - Message (HTML),Helpdesk général,2021-03-02,11:17:35,00:00:03
stefano.crapanzano@chu.ulg.ac.be,Sans titre - Message (HTML),Helpdesk général,2021-03-02,11:59:22,00:00:16
stefano.crapanzano@chu.ulg.ac.be,Sans titre - Message (HTML),Helpdesk général,2021-03-02,12:16:12,00:00:04
stefano.crapanzano@chu.ulg.ac.be,Sans titre - Message (HTML),Tâches diverses,2021-03-02,12:18:09,00:00:02
stefano.crapanzano@chu.ulg.ac.be,Sans titre - Message (HTML),Helpdesk général,2021-03-02,15:30:09,00:00:12
stefano.crapanzano@chu.ulg.ac.be,SAP Logon 750,Helpdesk général,2021-03-02,11:14:39,00:00:07
stefano.crapanzano@chu.ulg.ac.be,SAP Logon 750,Exploration SAP,2021-03-02,14:18:18,00:00:02
stefano.crapanzano@chu.ulg.ac.be,Connexion à l'aide de l'authentification Netop,Helpdesk général,2021-03-02,11:16:03,00:00:04
stefano.crapanzano@chu.ulg.ac.be,192.168.225.178 - Netop Remote Control,Helpdesk général,2021-03-02,11:16:08,00:01:16
stefano.crapanzano@chu.ulg.ac.be,\\ERPFTP.st.chulg\ERP\Log\Iepacs_file_Pdf-Kofaxchu_ZHCI_Pdf.log - Notepad++ [Administrator],IT,2021-03-02,11:18:07,00:00:09
stefano.crapanzano@chu.ulg.ac.be,\\ERPFTP.st.chulg\ERP\Log\Iepacs_file_Pdf-Kofaxchu_ZHCI_Pdf.log - Notepad++ [Administrator],IT,2021-03-02,11:19:26,00:00:19
stefano.crapanzano@chu.ulg.ac.be,\\ERPFTP.st.chulg\ERP\Log\Iepacs_file_Pdf-Kofaxchu_ZHCI_Pdf.log - Notepad++ [Administrator],IT,2021-03-02,11:22:19,00:00:08
stefano.crapanzano@chu.ulg.ac.be,\\ERPFTP.st.chulg\ERP\Log\Iepacs_file_Pdf-Kofaxchu_ZHCI_Pdf.log - Notepad++ [Administrator],IT,2021-03-02,11:25:37,00:00:09
stefano.crapanzano@chu.ulg.ac.be,\\ERPFTP.st.chulg\ERP\Log\Iepacs_file_Pdf-Kofaxchu_ZHCI_Pdf.log - Notepad++ [Administrator],IT,2021-03-02,11:29:05,00:00:12
stefano.crapanzano@chu.ulg.ac.be,\\ERPFTP.st.chulg\ERP\Security\Iepacs_file_Pdf-Kofaxchu_ZHCI_Pdf.info - Notepad++ [Administrator],IT,2021-03-02,11:18:58,00:00:27
stefano.crapanzano@chu.ulg.ac.be,\\ERPFTP.st.chulg\ERP\Security\Iepacs_file_Pdf-Kofaxchu_ZHCI_Pdf.info - Notepad++ [Administrator],IT,2021-03-02,11:23:17,00:00:13
stefano.crapanzano@chu.ulg.ac.be,\\ERPFTP.st.chulg\ERP\Security\Iepacs_file_Pdf-Kofaxchu_ZHCI_Pdf.info - Notepad++ [Administrator],IT,2021-03-02,11:24:05,00:00:28
stefano.crapanzano@chu.ulg.ac.be,\\ERPFTP.st.chulg\ERP\Security\Iepacs_file_Pdf-Kofaxchu_ZHCI_Pdf.info - Notepad++ [Administrator],IT,2021-03-02,11:29:17,00:00:04
stefano.crapanzano@chu.ulg.ac.be,Rechercher,IT,2021-03-02,11:22:02,00:00:16
stefano.crapanzano@chu.ulg.ac.be,Rechercher,IT,2021-03-02,11:24:36,00:00:30
stefano.crapanzano@chu.ulg.ac.be,Rechercher,IT,2021-03-02,11:25:09,00:00:02
stefano.crapanzano@chu.ulg.ac.be,Rechercher,IT,2021-03-02,11:26:49,00:00:04
stefano.crapanzano@chu.ulg.ac.be,Rechercher,IT,2021-03-02,14:19:42,00:00:02
stefano.crapanzano@chu.ulg.ac.be,Rechercher,IT,2021-03-02,14:54:33,00:00:02
stefano.crapanzano@chu.ulg.ac.be,\\filesrv01.st.chulg\oazis_prod\APPL_PROD\SOURCES\PERL\ERP\CHL_ERP_TRANSFER_FILE_SC.pl - Notepad++ [Administrator],IT,2021-03-02,11:23:09,00:00:02
stefano.crapanzano@chu.ulg.ac.be,\\filesrv01.st.chulg\oazis_prod\APPL_PROD\SOURCES\PERL\ERP\CHL_ERP_TRANSFER_FILE_SC.pl - Notepad++ [Administrator],IT,2021-03-02,11:23:14,00:00:03
stefano.crapanzano@chu.ulg.ac.be,\\filesrv01.st.chulg\oazis_prod\APPL_PROD\SOURCES\PERL\ERP\CHL_ERP_TRANSFER_FILE_SC.pl - Notepad++ [Administrator],IT,2021-03-02,11:24:34,00:00:02
stefano.crapanzano@chu.ulg.ac.be,\\filesrv01.st.chulg\oazis_prod\APPL_PROD\SOURCES\PERL\ERP\CHL_ERP_TRANSFER_FILE_SC.pl - Notepad++ [Administrator],IT,2021-03-02,11:25:06,00:00:02
stefano.crapanzano@chu.ulg.ac.be,\\filesrv01.st.chulg\oazis_prod\APPL_PROD\SOURCES\PERL\ERP\CHL_ERP_TRANSFER_FILE_SC.pl - Notepad++ [Administrator],IT,2021-03-02,11:25:11,00:00:22
stefano.crapanzano@chu.ulg.ac.be,\\filesrv01.st.chulg\oazis_prod\APPL_PROD\SOURCES\PERL\ERP\CHL_ERP_TRANSFER_FILE_SC.pl - Notepad++ [Administrator],IT,2021-03-02,11:25:46,00:00:23
stefano.crapanzano@chu.ulg.ac.be,\\filesrv01.st.chulg\oazis_prod\APPL_PROD\SOURCES\PERL\ERP\CHL_ERP_TRANSFER_FILE_SC.pl - Notepad++ [Administrator],IT,2021-03-02,11:26:54,00:00:06
stefano.crapanzano@chu.ulg.ac.be,\\filesrv01.st.chulg\oazis_prod\APPL_PROD\SOURCES\PERL\ERP\CHL_ERP_TRANSFER_FILE_SC.pl - Notepad++ [Administrator],IT,2021-03-02,11:27:04,00:00:08
stefano.crapanzano@chu.ulg.ac.be,\\filesrv01.st.chulg\oazis_prod\APPL_PROD\SOURCES\PERL\ERP\CHL_ERP_TRANSFER_FILE_SC.pl - Notepad++ [Administrator],IT,2021-03-02,11:28:59,00:00:06
stefano.crapanzano@chu.ulg.ac.be,\\filesrv01.st.chulg\oazis_prod\APPL_PROD\SOURCES\BAT\ERP\Iepacs_file_Pdf-Kofaxchu_ZHCI_Pdf.bat - Notepad++ [Administrator],IT,2021-03-02,11:26:46,00:00:03
stefano.crapanzano@chu.ulg.ac.be,*\\filesrv01.st.chulg\oazis_prod\APPL_PROD\SOURCES\PERL\ERP\CHL_ERP_TRANSFER_FILE_SC.pl - Notepad++ [Administrator],IT,2021-03-02,11:27:00,00:00:03
stefano.crapanzano@chu.ulg.ac.be,change is_active django user - Recherche Google - Google Chrome,Tâches diverses,2021-03-02,11:38:14,00:00:10
stefano.crapanzano@chu.ulg.ac.be,change is_active django user remoteuser - Recherche Google - Google Chrome,Tâches diverses,2021-03-02,11:38:25,00:00:04
stefano.crapanzano@chu.ulg.ac.be,change is_active django user remoteuser - Recherche Google - Google Chrome,Tâches diverses,2021-03-02,11:38:46,00:00:10
stefano.crapanzano@chu.ulg.ac.be,change is_active django user remoteusermiddleware - Recherche Google - Google Chrome,Tâches diverses,2021-03-02,11:38:57,00:00:04
stefano.crapanzano@chu.ulg.ac.be,change is_active django user remoteusermiddleware - Recherche Google - Google Chrome,Tâches diverses,2021-03-02,11:40:37,00:00:26
stefano.crapanzano@chu.ulg.ac.be,Utilisation du système d’authentification de Django | Documentation de Django | Django - Google Chrome,Tâches diverses,2021-03-02,11:39:02,00:00:31
stefano.crapanzano@chu.ulg.ac.be,Utilisation du système d’authentification de Django | Documentation de Django | Django - Google Chrome,Tâches diverses,2021-03-02,11:39:34,00:00:19
stefano.crapanzano@chu.ulg.ac.be,Utilisation du système d’authentification de Django | Documentation de Django | Django - Google Chrome,Tâches diverses,2021-03-02,11:40:32,00:00:04
stefano.crapanzano@chu.ulg.ac.be,Réglages | Documentation de Django | Django - Google Chrome,Tâches diverses,2021-03-02,11:39:54,00:00:38
stefano.crapanzano@chu.ulg.ac.be,Réglages | Documentation de Django | Django - Google Chrome,Tâches diverses,2021-03-02,12:02:56,00:01:30
stefano.crapanzano@chu.ulg.ac.be,Réglages | Documentation de Django | Django - Google Chrome,Helpdesk général,2021-03-02,12:15:11,00:00:02
stefano.crapanzano@chu.ulg.ac.be,Personnalisation de l’authentification dans Django | Documentation de Django | Django - Google Chrome,Tâches diverses,2021-03-02,11:41:03,00:00:03
stefano.crapanzano@chu.ulg.ac.be,Personnalisation de l’authentification dans Django | Documentation de Django | Django - Google Chrome,Tâches diverses,2021-03-02,11:44:23,00:00:02
stefano.crapanzano@chu.ulg.ac.be,Personnalisation de l’authentification dans Django | Documentation de Django | Django - Google Chrome,Tâches diverses,2021-03-02,12:02:45,00:00:10
stefano.crapanzano@chu.ulg.ac.be,Personnalisation de l’authentification dans Django | Documentation de Django | Django - Google Chrome,Tâches diverses,2021-03-02,13:57:17,00:00:11
stefano.crapanzano@chu.ulg.ac.be,Personnalisation de l’authentification dans Django | Documentation de Django | Django - Google Chrome,Tâches diverses,2021-03-02,14:03:12,00:00:31
stefano.crapanzano@chu.ulg.ac.be,Personnalisation de l’authentification dans Django | Documentation de Django | Django - Google Chrome,Tâches diverses,2021-03-02,15:08:07,00:00:07
stefano.crapanzano@chu.ulg.ac.be,Personnalisation de l’authentification dans Django | Documentation de Django | Django - Google Chrome,Tâches diverses,2021-03-02,15:15:26,00:00:02
stefano.crapanzano@chu.ulg.ac.be,intrastat.chuliege.be - Message (HTML),Helpdesk général,2021-03-02,11:59:38,00:00:43
stefano.crapanzano@chu.ulg.ac.be,intrastat.chuliege.be - Message (HTML),Helpdesk général,2021-03-02,12:36:30,00:01:29
stefano.crapanzano@chu.ulg.ac.be,intrastat.chuliege.be - Message (HTML),Helpdesk général,2021-03-02,12:38:40,00:00:44
stefano.crapanzano@chu.ulg.ac.be,intrastat.chuliege.be - Message (HTML),Helpdesk général,2021-03-02,12:40:52,00:00:36
stefano.crapanzano@chu.ulg.ac.be,intrastat.chuliege.be - Message (HTML),Helpdesk général,2021-03-02,12:41:31,00:01:03
stefano.crapanzano@chu.ulg.ac.be,intrastat.chuliege.be - Message (HTML),Helpdesk général,2021-03-02,12:44:34,00:01:29
stefano.crapanzano@chu.ulg.ac.be,intrastat.chuliege.be - Message (HTML),Helpdesk général,2021-03-02,12:46:21,00:06:06
stefano.crapanzano@chu.ulg.ac.be,intrastat.chuliege.be - Message (HTML),Helpdesk général,2021-03-02,12:57:46,00:00:07
stefano.crapanzano@chu.ulg.ac.be,intrastat.chuliege.be - Message (HTML),Helpdesk général,2021-03-02,12:58:55,00:00:05
stefano.crapanzano@chu.ulg.ac.be,intrastat.chuliege.be - Message (HTML),Helpdesk général,2021-03-02,15:30:21,00:00:10
stefano.crapanzano@chu.ulg.ac.be,intrastat.chuliege.be - Message (HTML),Helpdesk général,2021-03-02,15:31:24,00:01:16
stefano.crapanzano@chu.ulg.ac.be,intrastat.chuliege.be - Message (HTML),Helpdesk général,2021-03-02,15:34:26,00:00:30
stefano.crapanzano@chu.ulg.ac.be,intrastat.chuliege.be - Message (HTML),Helpdesk général,2021-03-02,15:35:00,00:00:56
stefano.crapanzano@chu.ulg.ac.be,intrastat.chuliege.be - Message (HTML),Helpdesk général,2021-03-02,15:36:15,00:00:03
stefano.crapanzano@chu.ulg.ac.be,intrastat.chuliege.be - Message (HTML),Helpdesk général,2021-03-02,15:36:44,00:00:20
stefano.crapanzano@chu.ulg.ac.be,intrastat.chuliege.be - Message (HTML),Helpdesk général,2021-03-02,15:37:07,00:00:51
stefano.crapanzano@chu.ulg.ac.be,intrastat.chuliege.be - Message (HTML),Helpdesk général,2021-03-02,15:58:43,00:06:32
stefano.crapanzano@chu.ulg.ac.be,intrastat.chuliege.be - Message (HTML),Helpdesk général,2021-03-02,16:05:51,00:02:03
stefano.crapanzano@chu.ulg.ac.be,intrastat.chuliege.be - Message (HTML),Helpdesk général,2021-03-02,16:08:11,00:00:22
stefano.crapanzano@chu.ulg.ac.be,intrastat.chuliege.be - Message (HTML),Helpdesk général,2021-03-02,16:09:21,00:02:02
stefano.crapanzano@chu.ulg.ac.be,intrastat.chuliege.be - Message (HTML),Helpdesk général,2021-03-02,16:11:50,00:00:19
stefano.crapanzano@chu.ulg.ac.be,intrastat.chuliege.be - Message (HTML),Helpdesk général,2021-03-02,16:12:44,00:04:59
stefano.crapanzano@chu.ulg.ac.be,intrastat.chuliege.be - Message (HTML),Helpdesk général,2021-03-02,16:17:51,00:02:33
stefano.crapanzano@chu.ulg.ac.be,intrastat.chuliege.be - Message (HTML),Helpdesk général,2021-03-02,16:20:30,00:04:48
stefano.crapanzano@chu.ulg.ac.be,intrastat.chuliege.be - Message (HTML),Helpdesk général,2021-03-02,16:25:48,00:07:35
stefano.crapanzano@chu.ulg.ac.be,intrastat.chuliege.be - Message (HTML),Helpdesk général,2021-03-02,16:33:49,00:04:19
stefano.crapanzano@chu.ulg.ac.be,mailto html - Recherche Google - Google Chrome,Tâches diverses,2021-03-02,12:15:17,00:00:03
stefano.crapanzano@chu.ulg.ac.be,Liens email | MDN - Google Chrome,Tâches diverses,2021-03-02,12:15:21,00:00:05
stefano.crapanzano@chu.ulg.ac.be,Liens email | MDN - Google Chrome,Tâches diverses,2021-03-02,13:48:39,00:00:02
stefano.crapanzano@chu.ulg.ac.be,Liens email | MDN - Google Chrome,Tâches diverses,2021-03-02,13:53:04,00:00:03
stefano.crapanzano@chu.ulg.ac.be,Liens email | MDN - Google Chrome,Tâches diverses,2021-03-02,13:57:00,00:00:07
stefano.crapanzano@chu.ulg.ac.be,Site administration | Django site admin - Google Chrome,Tâches diverses,2021-03-02,12:38:11,00:00:02
stefano.crapanzano@chu.ulg.ac.be,Site administration | Django site admin - Google Chrome,Tâches diverses,2021-03-02,12:42:47,00:00:03
stefano.crapanzano@chu.ulg.ac.be,Site administration | Django site admin - Google Chrome,Tâches diverses,2021-03-02,16:33:32,00:00:02
stefano.crapanzano@chu.ulg.ac.be,Select user to change | Django site admin - Google Chrome,Tâches diverses,2021-03-02,12:43:01,00:00:02
stefano.crapanzano@chu.ulg.ac.be,Select user to change | Django site admin - Google Chrome,Tâches diverses,2021-03-02,12:43:12,00:00:02
stefano.crapanzano@chu.ulg.ac.be,Select user to change | Django site admin - Google Chrome,Tâches diverses,2021-03-02,12:53:07,00:00:25
stefano.crapanzano@chu.ulg.ac.be,Select user to change | Django site admin - Google Chrome,Tâches diverses,2021-03-02,12:54:35,00:00:09
stefano.crapanzano@chu.ulg.ac.be,Select user to change | Django site admin - Google Chrome,Tâches diverses,2021-03-02,12:56:32,00:00:03
stefano.crapanzano@chu.ulg.ac.be,Select user to change | Django site admin - Google Chrome,Tâches diverses,2021-03-02,12:59:23,00:01:39
stefano.crapanzano@chu.ulg.ac.be,Select user to change | Django site admin - Google Chrome,Tâches diverses,2021-03-02,13:02:09,00:00:34
stefano.crapanzano@chu.ulg.ac.be,Select user to change | Django site admin - Google Chrome,Tâches diverses,2021-03-02,13:15:19,00:02:20
stefano.crapanzano@chu.ulg.ac.be,Select user to change | Django site admin - Google Chrome,Tâches diverses,2021-03-02,13:18:07,00:00:04
stefano.crapanzano@chu.ulg.ac.be,Select user to change | Django site admin - Google Chrome,Tâches diverses,2021-03-02,15:15:37,00:00:50
stefano.crapanzano@chu.ulg.ac.be,Select user to change | Django site admin - Google Chrome,Tâches diverses,2021-03-02,15:16:40,00:00:13
stefano.crapanzano@chu.ulg.ac.be,Select user to change | Django site admin - Google Chrome,Tâches diverses,2021-03-02,15:17:20,00:06:37
stefano.crapanzano@chu.ulg.ac.be,Select user to change | Django site admin - Google Chrome,Tâches diverses,2021-03-02,15:32:43,00:00:02
stefano.crapanzano@chu.ulg.ac.be,Select user to change | Django site admin - Google Chrome,Tâches diverses,2021-03-02,15:32:47,00:00:02
stefano.crapanzano@chu.ulg.ac.be,Select user to change | Django site admin - Google Chrome,Tâches diverses,2021-03-02,15:33:02,00:00:02
stefano.crapanzano@chu.ulg.ac.be,Select user to change | Django site admin - Google Chrome,Tâches diverses,2021-03-02,15:33:25,00:00:02
stefano.crapanzano@chu.ulg.ac.be,Select user to change | Django site admin - Google Chrome,Tâches diverses,2021-03-02,15:33:39,00:00:02
stefano.crapanzano@chu.ulg.ac.be,Select user to change | Django site admin - Google Chrome,Tâches diverses,2021-03-02,16:33:35,00:00:02
stefano.crapanzano@chu.ulg.ac.be,Select user to change | Django site admin - Google Chrome,Tâches diverses,2021-03-02,16:38:22,00:00:02
stefano.crapanzano@chu.ulg.ac.be,Change user | Django site admin - Google Chrome,Tâches diverses,2021-03-02,12:38:14,00:00:04
stefano.crapanzano@chu.ulg.ac.be,Change user | Django site admin - Google Chrome,Tâches diverses,2021-03-02,12:42:52,00:00:09
stefano.crapanzano@chu.ulg.ac.be,Change user | Django site admin - Google Chrome,Tâches diverses,2021-03-02,12:43:15,00:00:06
stefano.crapanzano@chu.ulg.ac.be,Change user | Django site admin - Google Chrome,Tâches diverses,2021-03-02,12:43:30,00:00:06
stefano.crapanzano@chu.ulg.ac.be,Change user | Django site admin - Google Chrome,Tâches diverses,2021-03-02,12:46:08,00:00:04
stefano.crapanzano@chu.ulg.ac.be,Change user | Django site admin - Google Chrome,Tâches diverses,2021-03-02,12:52:32,00:00:12
stefano.crapanzano@chu.ulg.ac.be,Change user | Django site admin - Google Chrome,Tâches diverses,2021-03-02,12:53:03,00:00:03
stefano.crapanzano@chu.ulg.ac.be,Change user | Django site admin - Google Chrome,Tâches diverses,2021-03-02,13:01:03,00:00:03
stefano.crapanzano@chu.ulg.ac.be,Change user | Django site admin - Google Chrome,Tâches diverses,2021-03-02,13:02:05,00:00:03
stefano.crapanzano@chu.ulg.ac.be,Change user | Django site admin - Google Chrome,Tâches diverses,2021-03-02,15:16:27,00:00:13
stefano.crapanzano@chu.ulg.ac.be,Change user | Django site admin - Google Chrome,Tâches diverses,2021-03-02,15:16:53,00:00:26
stefano.crapanzano@chu.ulg.ac.be,Change user | Django site admin - Google Chrome,Tâches diverses,2021-03-02,15:32:50,00:00:04
stefano.crapanzano@chu.ulg.ac.be,Change user | Django site admin - Google Chrome,Tâches diverses,2021-03-02,15:33:04,00:00:09
stefano.crapanzano@chu.ulg.ac.be,Change user | Django site admin - Google Chrome,Tâches diverses,2021-03-02,15:33:16,00:00:02
stefano.crapanzano@chu.ulg.ac.be,Change user | Django site admin - Google Chrome,Tâches diverses,2021-03-02,15:33:20,00:00:04
stefano.crapanzano@chu.ulg.ac.be,Change user | Django site admin - Google Chrome,Tâches diverses,2021-03-02,16:33:37,00:00:03
stefano.crapanzano@chu.ulg.ac.be,Change user | Django site admin - Google Chrome,Tâches diverses,2021-03-02,16:38:14,00:00:02
stefano.crapanzano@chu.ulg.ac.be,Change user | Django site admin - Google Chrome,Tâches diverses,2021-03-02,16:38:18,00:00:03
stefano.crapanzano@chu.ulg.ac.be,Log in | Django site admin - Google Chrome,Tâches diverses,2021-03-02,12:38:19,00:00:07
stefano.crapanzano@chu.ulg.ac.be,Greenshot capture form,Helpdesk général,2021-03-02,12:38:30,00:00:07
stefano.crapanzano@chu.ulg.ac.be,Greenshot capture form,Helpdesk général,2021-03-02,12:39:54,00:00:22
stefano.crapanzano@chu.ulg.ac.be,Greenshot capture form,Helpdesk général,2021-03-02,12:46:13,00:00:06
stefano.crapanzano@chu.ulg.ac.be,Greenshot capture form,Helpdesk général,2021-03-02,15:34:16,00:00:07
stefano.crapanzano@chu.ulg.ac.be,Greenshot capture form,Helpdesk général,2021-03-02,15:36:31,00:00:11
stefano.crapanzano@chu.ulg.ac.be,Greenshot capture form,Helpdesk général,2021-03-02,16:08:02,00:00:06
stefano.crapanzano@chu.ulg.ac.be,Greenshot capture form,Helpdesk général,2021-03-02,16:08:43,00:00:11
stefano.crapanzano@chu.ulg.ac.be,Greenshot capture form,Helpdesk général,2021-03-02,16:11:29,00:00:10
stefano.crapanzano@chu.ulg.ac.be,Greenshot capture form,Helpdesk général,2021-03-02,16:12:14,00:00:04
stefano.crapanzano@chu.ulg.ac.be,Greenshot capture form,Helpdesk général,2021-03-02,16:12:20,00:00:09
stefano.crapanzano@chu.ulg.ac.be,Greenshot capture form,Helpdesk général,2021-03-02,16:33:41,00:00:06
stefano.crapanzano@chu.ulg.ac.be,Greenshot Éditeur d'Image,Helpdesk général,2021-03-02,12:40:17,00:00:28
stefano.crapanzano@chu.ulg.ac.be,Greenshot Éditeur d'Image,Helpdesk général,2021-03-02,12:52:51,00:00:03
stefano.crapanzano@chu.ulg.ac.be,Greenshot Éditeur d'Image,Helpdesk général,2021-03-02,16:08:55,00:00:23
stefano.crapanzano@chu.ulg.ac.be,Greenshot Éditeur d'Image,Helpdesk général,2021-03-02,16:11:39,00:00:10
stefano.crapanzano@chu.ulg.ac.be,Greenshot Éditeur d'Image,Helpdesk général,2021-03-02,16:12:29,00:00:13
stefano.crapanzano@chu.ulg.ac.be,create user without password django - Recherche Google - Google Chrome,Tâches diverses,2021-03-02,12:56:42,00:00:03
stefano.crapanzano@chu.ulg.ac.be,python - Django create new user without password - Stack Overflow - Google Chrome,Tâches diverses,2021-03-02,12:56:46,00:00:52
stefano.crapanzano@chu.ulg.ac.be,python - Django create new user without password - Stack Overflow - Google Chrome,Tâches diverses,2021-03-02,12:59:21,00:00:02
stefano.crapanzano@chu.ulg.ac.be,RE: intrastat.chuliege.be - Message (HTML),Helpdesk général,2021-03-02,12:57:53,00:01:01
stefano.crapanzano@chu.ulg.ac.be,Intrastat (2).xlsx  [Mode protégé] - Excel,Tâches diverses,2021-03-02,13:04:02,00:00:19
stefano.crapanzano@chu.ulg.ac.be,SAP GUI for Windows 750,Exploration SAP,2021-03-02,13:15:07,00:00:03
stefano.crapanzano@chu.ulg.ac.be,SAP GUI for Windows 750,Exploration SAP,2021-03-02,17:14:26,00:00:03
stefano.crapanzano@chu.ulg.ac.be,create a user from shell django - Recherche Google - Google Chrome,Tâches diverses,2021-03-02,13:53:13,00:00:04
stefano.crapanzano@chu.ulg.ac.be,modeluserbackend django - Recherche Google - Google Chrome,Tâches diverses,2021-03-02,13:57:08,00:00:09
stefano.crapanzano@chu.ulg.ac.be,nom-f-21(1).asc - Bloc-notes,IT,2021-03-02,14:19:25,00:00:16
stefano.crapanzano@chu.ulg.ac.be,nom-f-21(1).asc - Bloc-notes,IT,2021-03-02,14:19:44,00:00:02
stefano.crapanzano@chu.ulg.ac.be,nom-f-21(1).asc - Bloc-notes,IT,2021-03-02,14:19:59,00:00:03
stefano.crapanzano@chu.ulg.ac.be,nom-f-21(1).asc - Bloc-notes,IT,2021-03-02,14:27:48,00:00:11
stefano.crapanzano@chu.ulg.ac.be,nom-f-21(1).asc - Bloc-notes,IT,2021-03-02,14:28:24,00:00:07
stefano.crapanzano@chu.ulg.ac.be,nom-f-21(1).asc - Bloc-notes,IT,2021-03-02,14:29:02,00:00:04
stefano.crapanzano@chu.ulg.ac.be,Remplacer,IT,2021-03-02,14:19:47,00:00:12
stefano.crapanzano@chu.ulg.ac.be,Remplacer,IT,2021-03-02,14:25:39,00:00:14
stefano.crapanzano@chu.ulg.ac.be,Remplacer,IT,2021-03-02,14:28:31,00:00:31
stefano.crapanzano@chu.ulg.ac.be,Remplacer,IT,2021-03-02,14:32:01,00:00:08
stefano.crapanzano@chu.ulg.ac.be,Remplacer,IT,2021-03-02,14:54:35,00:00:07
stefano.crapanzano@chu.ulg.ac.be,test_nom-f-21.asc - Bloc-notes,IT,2021-03-02,14:20:12,00:00:06
stefano.crapanzano@chu.ulg.ac.be,test_nom-f-21.asc - Bloc-notes,IT,2021-03-02,14:21:59,00:00:15
stefano.crapanzano@chu.ulg.ac.be,test_nom-f-21.asc - Bloc-notes,IT,2021-03-02,14:22:23,00:00:03
stefano.crapanzano@chu.ulg.ac.be,test_nom-f-21.asc - Bloc-notes,IT,2021-03-02,14:23:26,00:00:03
stefano.crapanzano@chu.ulg.ac.be,Téléchargement des nomenclatures combinées pour pays de l'UE,Exploration SAP,2021-03-02,14:20:53,00:00:08
stefano.crapanzano@chu.ulg.ac.be,Téléchargement des nomenclatures combinées pour pays de l'UE,Exploration SAP,2021-03-02,14:21:09,00:00:10
stefano.crapanzano@chu.ulg.ac.be,Téléchargement des nomenclatures combinées pour pays de l'UE,Exploration SAP,2021-03-02,14:21:21,00:00:02
stefano.crapanzano@chu.ulg.ac.be,Téléchargement des nomenclatures combinées pour pays de l'UE,Exploration SAP,2021-03-02,14:21:32,00:00:09
stefano.crapanzano@chu.ulg.ac.be,Téléchargement des nomenclatures combinées pour pays de l'UE,Exploration SAP,2021-03-02,14:21:43,00:00:14
stefano.crapanzano@chu.ulg.ac.be,Téléchargement des nomenclatures combinées pour pays de l'UE,Exploration SAP,2021-03-02,14:22:14,00:00:07
stefano.crapanzano@chu.ulg.ac.be,Téléchargement des nomenclatures combinées pour pays de l'UE,Exploration SAP,2021-03-02,14:22:26,00:00:48
stefano.crapanzano@chu.ulg.ac.be,Téléchargement des nomenclatures combinées pour pays de l'UE,Exploration SAP,2021-03-02,14:23:18,00:00:07
stefano.crapanzano@chu.ulg.ac.be,Téléchargement des nomenclatures combinées pour pays de l'UE,Exploration SAP,2021-03-02,14:23:53,00:00:08
stefano.crapanzano@chu.ulg.ac.be,Téléchargement des nomenclatures combinées pour pays de l'UE,Exploration SAP,2021-03-02,14:26:11,00:00:02
stefano.crapanzano@chu.ulg.ac.be,Téléchargement des nomenclatures combinées pour pays de l'UE,Exploration SAP,2021-03-02,14:26:15,00:00:24
stefano.crapanzano@chu.ulg.ac.be,Téléchargement des nomenclatures combinées pour pays de l'UE,Exploration SAP,2021-03-02,14:55:36,00:00:02
stefano.crapanzano@chu.ulg.ac.be,Téléchargement des nomenclatures combinées pour pays de l'UE,Exploration SAP,2021-03-02,14:55:40,00:00:20
stefano.crapanzano@chu.ulg.ac.be,Téléchargement des nomenclatures combinées pour pays de l'UE,Exploration SAP,2021-03-02,14:56:18,00:00:06
stefano.crapanzano@chu.ulg.ac.be,Téléchargement des nomenclatures combinées pour pays de l'UE,Exploration SAP,2021-03-02,14:56:45,00:00:06
stefano.crapanzano@chu.ulg.ac.be,Téléchargement des nomenclatures combinées pour pays de l'UE,Exploration SAP,2021-03-02,14:57:21,00:00:04
stefano.crapanzano@chu.ulg.ac.be,Téléchargement des nomenclatures combinées pour pays de l'UE,Exploration SAP,2021-03-02,14:57:45,00:00:10
stefano.crapanzano@chu.ulg.ac.be,Téléchargement des nomenclatures combinées pour pays de l'UE,Exploration SAP,2021-03-02,14:58:27,00:00:07
stefano.crapanzano@chu.ulg.ac.be,Téléchargement des nomenclatures combinées pour pays de l'UE,Exploration SAP,2021-03-02,14:58:47,00:00:02
stefano.crapanzano@chu.ulg.ac.be,Téléchargement des nomenclatures combinées pour pays de l'UE,Exploration SAP,2021-03-02,14:58:51,00:00:15
stefano.crapanzano@chu.ulg.ac.be,Téléchargement des nomenclatures combinées pour pays de l'UE,Exploration SAP,2021-03-02,14:59:17,00:00:02
stefano.crapanzano@chu.ulg.ac.be,Téléchargement des nomenclatures combinées pour pays de l'UE,Exploration SAP,2021-03-02,14:59:22,00:00:09
stefano.crapanzano@chu.ulg.ac.be,Téléchargement des nomenclatures combinées pour pays de l'UE,Exploration SAP,2021-03-02,15:00:00,00:00:06
stefano.crapanzano@chu.ulg.ac.be,Téléchargement des nomenclatures combinées pour pays de l'UE,Exploration SAP,2021-03-02,15:04:33,00:00:04
stefano.crapanzano@chu.ulg.ac.be,Téléchargement des nomenclatures combinées pour pays de l'UE,Exploration SAP,2021-03-02,15:05:57,00:00:02
stefano.crapanzano@chu.ulg.ac.be,Téléchargement des nomenclatures combinées pour pays de l'UE,Exploration SAP,2021-03-02,15:06:10,00:00:02
stefano.crapanzano@chu.ulg.ac.be,Téléchargement des nomenclatures combinées pour pays de l'UE,Exploration SAP,2021-03-02,15:06:17,00:00:02
stefano.crapanzano@chu.ulg.ac.be,Téléchargement des nomenclatures combinées pour pays de l'UE,Exploration SAP,2021-03-02,15:06:22,00:00:06
stefano.crapanzano@chu.ulg.ac.be,Téléchargement des nomenclatures combinées pour pays de l'UE,Exploration SAP,2021-03-02,15:06:30,00:00:06
stefano.crapanzano@chu.ulg.ac.be,Téléchargement des nomenclatures combinées pour pays de l'UE,Exploration SAP,2021-03-02,15:06:39,00:00:10
stefano.crapanzano@chu.ulg.ac.be,Téléchargement des nomenclatures combinées pour pays de l'UE,Exploration SAP,2021-03-02,15:06:50,00:00:11
stefano.crapanzano@chu.ulg.ac.be,Téléchargement des nomenclatures combinées pour pays de l'UE,Exploration SAP,2021-03-02,15:07:05,00:00:07
stefano.crapanzano@chu.ulg.ac.be,Téléchargement des nomenclatures combinées pour pays de l'UE,Exploration SAP,2021-03-02,15:07:13,00:00:14
stefano.crapanzano@chu.ulg.ac.be,Téléchargement des nomenclatures combinées pour pays de l'UE,Exploration SAP,2021-03-02,15:13:49,00:00:02
stefano.crapanzano@chu.ulg.ac.be,Téléchargement des nomenclatures combinées pour pays de l'UE,Exploration SAP,2021-03-02,15:13:55,00:00:03
stefano.crapanzano@chu.ulg.ac.be,Téléchargement des nomenclatures combinées pour pays de l'UE,Exploration SAP,2021-03-02,15:14:07,00:01:19
stefano.crapanzano@chu.ulg.ac.be,TypeAheadPopup,Exploration SAP,2021-03-02,15:06:19,00:00:02
stefano.crapanzano@chu.ulg.ac.be,TypeAheadPopup,Exploration SAP,2021-03-02,15:06:36,00:00:02
stefano.crapanzano@chu.ulg.ac.be,ABAP : catalogue des variantes du programme RVEXSOVA,Exploration SAP,2021-03-02,14:23:14,00:00:03
stefano.crapanzano@chu.ulg.ac.be,ABAP : catalogue des variantes du programme RVEXSOVA,Exploration SAP,2021-03-02,14:26:13,00:00:02
stefano.crapanzano@chu.ulg.ac.be,ABAP : catalogue des variantes du programme RVEXSOVA,Exploration SAP,2021-03-02,14:55:38,00:00:02
stefano.crapanzano@chu.ulg.ac.be,ABAP : catalogue des variantes du programme RVEXSOVA,Exploration SAP,2021-03-02,14:57:42,00:00:02
stefano.crapanzano@chu.ulg.ac.be,ABAP : catalogue des variantes du programme RVEXSOVA,Exploration SAP,2021-03-02,14:59:19,00:00:02
stefano.crapanzano@chu.ulg.ac.be,ABAP : catalogue des variantes du programme RVEXSOVA,Exploration SAP,2021-03-02,15:05:59,00:00:04
stefano.crapanzano@chu.ulg.ac.be,ABAP : catalogue des variantes du programme RVEXSOVA,Exploration SAP,2021-03-02,15:06:12,00:00:02
stefano.crapanzano@chu.ulg.ac.be,ABAP : catalogue des variantes du programme RVEXSOVA,Exploration SAP,2021-03-02,15:06:28,00:00:02
stefano.crapanzano@chu.ulg.ac.be,ABAP : catalogue des variantes du programme RVEXSOVA,Exploration SAP,2021-03-02,15:13:51,00:00:03
stefano.crapanzano@chu.ulg.ac.be,Confirmer l’enregistrement,IT,2021-03-02,14:23:43,00:00:02
stefano.crapanzano@chu.ulg.ac.be,nomenclature.csv - Bloc-notes,IT,2021-03-02,14:23:50,00:00:02
stefano.crapanzano@chu.ulg.ac.be,nomenclature.csv - Bloc-notes,IT,2021-03-02,14:24:18,00:00:03
stefano.crapanzano@chu.ulg.ac.be,nomenclature.csv - Bloc-notes,IT,2021-03-02,14:25:19,00:00:20
stefano.crapanzano@chu.ulg.ac.be,nomenclature.csv - Bloc-notes,IT,2021-03-02,14:25:54,00:00:06
stefano.crapanzano@chu.ulg.ac.be,nomenclature.csv - Bloc-notes,IT,2021-03-02,14:26:50,00:00:16
stefano.crapanzano@chu.ulg.ac.be,Téléchargement,Exploration SAP,2021-03-02,14:24:01,00:00:02
stefano.crapanzano@chu.ulg.ac.be,Téléchargement,Exploration SAP,2021-03-02,14:26:39,00:00:02
stefano.crapanzano@chu.ulg.ac.be,Téléchargement,Exploration SAP,2021-03-02,14:56:51,00:00:02
stefano.crapanzano@chu.ulg.ac.be,Téléchargement,Exploration SAP,2021-03-02,14:57:26,00:00:02
stefano.crapanzano@chu.ulg.ac.be,Téléchargement,Exploration SAP,2021-03-02,14:57:32,00:00:02
stefano.crapanzano@chu.ulg.ac.be,Téléchargement,Exploration SAP,2021-03-02,14:59:06,00:00:02
stefano.crapanzano@chu.ulg.ac.be,Téléchargement,Exploration SAP,2021-03-02,14:59:31,00:00:02
stefano.crapanzano@chu.ulg.ac.be,Téléchargement,Exploration SAP,2021-03-02,15:07:28,00:00:02
stefano.crapanzano@chu.ulg.ac.be,Nomenclature comb.,Exploration SAP,2021-03-02,14:24:03,00:00:03
stefano.crapanzano@chu.ulg.ac.be,Nomenclature comb.,Exploration SAP,2021-03-02,14:26:42,00:00:02
stefano.crapanzano@chu.ulg.ac.be,Nomenclature comb.,Exploration SAP,2021-03-02,14:56:53,00:00:02
stefano.crapanzano@chu.ulg.ac.be,Nomenclature comb.,Exploration SAP,2021-03-02,14:57:57,00:00:02
stefano.crapanzano@chu.ulg.ac.be,Nomenclature comb.,Exploration SAP,2021-03-02,14:59:09,00:00:02
stefano.crapanzano@chu.ulg.ac.be,Nomenclature comb.,Exploration SAP,2021-03-02,14:59:34,00:00:02
stefano.crapanzano@chu.ulg.ac.be,Nomenclature comb.,Exploration SAP,2021-03-02,15:00:08,00:00:02
stefano.crapanzano@chu.ulg.ac.be,Nomenclature comb.,Exploration SAP,2021-03-02,15:07:30,00:00:02
stefano.crapanzano@chu.ulg.ac.be,Sécurité SAP GUI,Exploration SAP,2021-03-02,14:24:08,00:00:02
stefano.crapanzano@chu.ulg.ac.be,Sécurité SAP GUI,Exploration SAP,2021-03-02,14:26:44,00:00:02
stefano.crapanzano@chu.ulg.ac.be,Sécurité SAP GUI,Exploration SAP,2021-03-02,14:58:36,00:00:02
stefano.crapanzano@chu.ulg.ac.be,Sécurité SAP GUI,Exploration SAP,2021-03-02,15:07:32,00:00:03
stefano.crapanzano@chu.ulg.ac.be,Upload des nomenclatures combinées,Exploration SAP,2021-03-02,14:24:11,00:00:05
stefano.crapanzano@chu.ulg.ac.be,Upload des nomenclatures combinées,Exploration SAP,2021-03-02,14:24:21,00:00:04
stefano.crapanzano@chu.ulg.ac.be,Upload des nomenclatures combinées,Exploration SAP,2021-03-02,14:24:29,00:00:04
stefano.crapanzano@chu.ulg.ac.be,Upload des nomenclatures combinées,Exploration SAP,2021-03-02,14:24:44,00:00:02
stefano.crapanzano@chu.ulg.ac.be,Upload des nomenclatures combinées,Exploration SAP,2021-03-02,14:26:47,00:00:02
stefano.crapanzano@chu.ulg.ac.be,Upload des nomenclatures combinées,Exploration SAP,2021-03-02,14:27:07,00:00:06
stefano.crapanzano@chu.ulg.ac.be,Upload des nomenclatures combinées,Exploration SAP,2021-03-02,14:27:18,00:00:08
stefano.crapanzano@chu.ulg.ac.be,Upload des nomenclatures combinées,Exploration SAP,2021-03-02,14:56:58,00:00:22
stefano.crapanzano@chu.ulg.ac.be,Upload des nomenclatures combinées,Exploration SAP,2021-03-02,14:58:01,00:00:25
stefano.crapanzano@chu.ulg.ac.be,Upload des nomenclatures combinées,Exploration SAP,2021-03-02,14:59:12,00:00:04
stefano.crapanzano@chu.ulg.ac.be,Upload des nomenclatures combinées,Exploration SAP,2021-03-02,14:59:39,00:00:21
stefano.crapanzano@chu.ulg.ac.be,Upload des nomenclatures combinées,Exploration SAP,2021-03-02,15:00:12,00:00:32
stefano.crapanzano@chu.ulg.ac.be,Upload des nomenclatures combinées,Exploration SAP,2021-03-02,15:04:30,00:00:02
stefano.crapanzano@chu.ulg.ac.be,Upload des nomenclatures combinées,Exploration SAP,2021-03-02,15:07:37,00:00:12
stefano.crapanzano@chu.ulg.ac.be,Upload des nomenclatures combinées,Exploration SAP,2021-03-02,15:11:30,00:02:18
stefano.crapanzano@chu.ulg.ac.be,Information,Exploration SAP,2021-03-02,14:24:26,00:00:02
stefano.crapanzano@chu.ulg.ac.be,Information,Exploration SAP,2021-03-02,14:24:37,00:00:02
stefano.crapanzano@chu.ulg.ac.be,Information,Exploration SAP,2021-03-02,15:04:28,00:00:02
stefano.crapanzano@chu.ulg.ac.be,Information,Exploration SAP,2021-03-02,15:11:28,00:00:02
stefano.crapanzano@chu.ulg.ac.be,Insérer table,Exploration SAP,2021-03-02,14:24:33,00:00:03
stefano.crapanzano@chu.ulg.ac.be,Insérer table,Exploration SAP,2021-03-02,14:27:13,00:00:03
stefano.crapanzano@chu.ulg.ac.be,Insérer table,Exploration SAP,2021-03-02,15:00:45,00:00:19
stefano.crapanzano@chu.ulg.ac.be,Insérer table,Exploration SAP,2021-03-02,15:01:06,00:00:03
stefano.crapanzano@chu.ulg.ac.be,Insérer table,Exploration SAP,2021-03-02,15:01:12,00:00:09
stefano.crapanzano@chu.ulg.ac.be,Insérer table,Exploration SAP,2021-03-02,15:01:24,00:00:15
stefano.crapanzano@chu.ulg.ac.be,Insérer table,Exploration SAP,2021-03-02,15:02:19,00:00:02
stefano.crapanzano@chu.ulg.ac.be,Insérer table,Exploration SAP,2021-03-02,15:02:37,00:00:27
stefano.crapanzano@chu.ulg.ac.be,Insérer table,Exploration SAP,2021-03-02,15:03:09,00:00:06
stefano.crapanzano@chu.ulg.ac.be,Insérer table,Exploration SAP,2021-03-02,15:07:49,00:00:18
stefano.crapanzano@chu.ulg.ac.be,Classeur1 - Excel,Tâches diverses,2021-03-02,14:28:07,00:00:06
stefano.crapanzano@chu.ulg.ac.be,Classeur1 - Excel,Tâches diverses,2021-03-02,14:29:19,00:00:04
stefano.crapanzano@chu.ulg.ac.be,Classeur1 - Excel,Tâches diverses,2021-03-02,14:30:51,00:00:14
stefano.crapanzano@chu.ulg.ac.be,Importer Fichier Texte,Tâches diverses,2021-03-02,14:28:13,00:00:04
stefano.crapanzano@chu.ulg.ac.be,Importer Fichier Texte,Tâches diverses,2021-03-02,14:29:24,00:00:33
stefano.crapanzano@chu.ulg.ac.be,Importer Fichier Texte,Tâches diverses,2021-03-02,14:30:09,00:00:12
stefano.crapanzano@chu.ulg.ac.be,nom-f-21_sans_guillemet.asc - Bloc-notes,IT,2021-03-02,14:29:16,00:00:02
stefano.crapanzano@chu.ulg.ac.be,nom-f-21_sans_guillemet.asc - Bloc-notes,IT,2021-03-02,14:29:57,00:00:04
stefano.crapanzano@chu.ulg.ac.be,Assistant Importation de texte - Étape 1 sur 3,Tâches diverses,2021-03-02,14:30:22,00:00:09
stefano.crapanzano@chu.ulg.ac.be,Assistant Importation de texte - Étape 2 sur 3,Tâches diverses,2021-03-02,14:30:32,00:00:06
stefano.crapanzano@chu.ulg.ac.be,Assistant Importation de texte - Étape 3 sur 3,Tâches diverses,2021-03-02,14:30:38,00:00:12
stefano.crapanzano@chu.ulg.ac.be,Microsoft Excel,Tâches diverses,2021-03-02,14:31:36,00:00:02
stefano.crapanzano@chu.ulg.ac.be,Microsoft Excel,Tâches diverses,2021-03-02,14:55:15,00:00:02
stefano.crapanzano@chu.ulg.ac.be,nom_21.csv - Excel,Tâches diverses,2021-03-02,14:31:38,00:00:02
stefano.crapanzano@chu.ulg.ac.be,nom_21.csv - Excel,Tâches diverses,2021-03-02,14:54:04,00:00:10
stefano.crapanzano@chu.ulg.ac.be,C:\Users\c158492\Downloads\nom_21.csv - Notepad++ [Administrator],IT,2021-03-02,14:31:45,00:00:14
stefano.crapanzano@chu.ulg.ac.be,C:\Users\c158492\Downloads\nom_21.csv - Notepad++ [Administrator],IT,2021-03-02,14:53:39,00:00:20
stefano.crapanzano@chu.ulg.ac.be,C:\Users\c158492\Downloads\nom_21.csv - Notepad++ [Administrator],IT,2021-03-02,14:54:18,00:00:14
stefano.crapanzano@chu.ulg.ac.be,C:\Users\c158492\Downloads\nom_21.csv - Notepad++ [Administrator],IT,2021-03-02,14:55:18,00:00:07
stefano.crapanzano@chu.ulg.ac.be,C:\Users\c158492\Downloads\nom_21.csv - Notepad++ [Administrator],IT,2021-03-02,14:56:27,00:00:03
stefano.crapanzano@chu.ulg.ac.be,*C:\Users\c158492\Downloads\nom_21.csv - Notepad++ [Administrator],IT,2021-03-02,14:32:09,00:20:56
stefano.crapanzano@chu.ulg.ac.be,*C:\Users\c158492\Downloads\nom_21.csv - Notepad++ [Administrator],IT,2021-03-02,14:53:18,00:00:20
stefano.crapanzano@chu.ulg.ac.be,*C:\Users\c158492\Downloads\nom_21.csv - Notepad++ [Administrator],IT,2021-03-02,14:54:42,00:00:29
stefano.crapanzano@chu.ulg.ac.be,Attributs de variante,Exploration SAP,2021-03-02,14:56:01,00:00:16
stefano.crapanzano@chu.ulg.ac.be,Attributs de variante,Exploration SAP,2021-03-02,15:13:58,00:00:08
stefano.crapanzano@chu.ulg.ac.be,C:\nomenclature.csv - Notepad++ [Administrator],IT,2021-03-02,15:01:10,00:00:02
stefano.crapanzano@chu.ulg.ac.be,Interruption d'une application SAP,Exploration SAP,2021-03-02,14:57:34,00:00:02
stefano.crapanzano@chu.ulg.ac.be,Interruption d'une application SAP,Exploration SAP,2021-03-02,14:58:40,00:00:02
stefano.crapanzano@chu.ulg.ac.be,Re: Base de données pour l'équipe ERP - Message (HTML),Helpdesk général,2021-03-02,15:03:16,00:01:12
stefano.crapanzano@chu.ulg.ac.be,Re: Base de données pour l'équipe ERP - Message (HTML),Helpdesk général,2021-03-02,15:08:29,00:00:15
stefano.crapanzano@chu.ulg.ac.be,Re: Base de données pour l'équipe ERP - Message (HTML),Helpdesk général,2021-03-02,15:10:39,00:00:06
stefano.crapanzano@chu.ulg.ac.be,Re: Base de données pour l'équipe ERP - Message (HTML),Helpdesk général,2021-03-02,15:24:20,00:00:08
stefano.crapanzano@chu.ulg.ac.be,Base de données pour l'équipe ERP - Message (HTML),Helpdesk général,2021-03-02,15:08:20,00:00:04
stefano.crapanzano@chu.ulg.ac.be,RE: Base de données pour l'équipe ERP - Message (HTML),Helpdesk général,2021-03-02,15:08:45,00:01:54
stefano.crapanzano@chu.ulg.ac.be,RE: Base de données pour l'équipe ERP - Message (HTML),Helpdesk général,2021-03-02,15:24:29,00:05:05
stefano.crapanzano@chu.ulg.ac.be,Add groupe acheteur | Django site admin - Google Chrome,Tâches diverses,2021-03-02,15:33:14,00:00:02
stefano.crapanzano@chu.ulg.ac.be,Select month to change | Django site admin - Google Chrome,Tâches diverses,2021-03-02,15:33:42,00:00:07
stefano.crapanzano@chu.ulg.ac.be,Select month to change | Django site admin - Google Chrome,Tâches diverses,2021-03-02,16:38:24,00:00:03
stefano.crapanzano@chu.ulg.ac.be,Change month | Django site admin - Google Chrome,Tâches diverses,2021-03-02,15:33:49,00:00:04
stefano.crapanzano@chu.ulg.ac.be,[MON SUIVI] : Impossible de se connecter à SAP via SAPGUI 750 sur portable Lenovo - Message (HTML),Helpdesk général,2021-03-02,15:38:00,00:00:21
stefano.crapanzano@chu.ulg.ac.be,SDERP-17895 P203 CHU Mise à jour des dates d'affectation dans PPOMA en fonction des modifications des dates de validité de licence ERP4HC - Message (HTML),Helpdesk général,2021-03-02,16:25:19,00:00:26
stefano.crapanzano@chu.ulg.ac.be,SDERP-17895 P203 CHU Mise à jour des dates d'affectation dans PPOMA en fonction des modifications des dates de validité de licence ERP4HC - Message (HTML),Helpdesk général,2021-03-02,16:38:12,00:00:02
stefano.crapanzano@chu.ulg.ac.be,SDERP-17895 P203 CHU Mise à jour des dates d'affectation dans PPOMA en fonction des modifications des dates de validité de licence ERP4HC - Message (HTML),Helpdesk général,2021-03-02,16:38:28,00:00:02
