Email,Description,Project,Start date,Start time,Duration
stefano.crapanzano@chu.ulg.ac.be,Administrateur : C:\Windows\System32\cmd.exe - python  main.py,IT,2021-03-04,08:29:50,00:00:05
stefano.crapanzano@chu.ulg.ac.be,Navigation système de fichier,IT,2021-03-04,08:29:56,00:00:02
stefano.crapanzano@chu.ulg.ac.be,Navigation système de fichier,IT,2021-03-04,08:44:36,00:00:22
stefano.crapanzano@chu.ulg.ac.be,Navigation système de fichier,IT,2021-03-04,08:44:59,00:00:22
stefano.crapanzano@chu.ulg.ac.be,Navigation système de fichier,IT,2021-03-04,08:45:31,00:00:02
stefano.crapanzano@chu.ulg.ac.be,Navigation système de fichier,IT,2021-03-04,08:49:07,00:00:03
stefano.crapanzano@chu.ulg.ac.be,Navigation système de fichier,IT,2021-03-04,08:50:59,00:00:02
stefano.crapanzano@chu.ulg.ac.be,Navigation système de fichier,IT,2021-03-04,09:08:48,00:00:02
stefano.crapanzano@chu.ulg.ac.be,Navigation système de fichier,IT,2021-03-04,09:12:30,00:00:04
stefano.crapanzano@chu.ulg.ac.be,Navigation système de fichier,IT,2021-03-04,09:16:34,00:00:02
stefano.crapanzano@chu.ulg.ac.be,Navigation système de fichier,IT,2021-03-04,09:21:30,00:00:03
stefano.crapanzano@chu.ulg.ac.be,Navigation système de fichier,IT,2021-03-04,09:22:11,00:00:10
stefano.crapanzano@chu.ulg.ac.be,Navigation système de fichier,IT,2021-03-04,09:22:50,00:00:03
stefano.crapanzano@chu.ulg.ac.be,Navigation système de fichier,IT,2021-03-04,09:22:57,00:00:02
stefano.crapanzano@chu.ulg.ac.be,Navigation système de fichier,IT,2021-03-04,09:30:28,00:00:02
stefano.crapanzano@chu.ulg.ac.be,Navigation système de fichier,IT,2021-03-04,09:30:36,00:00:02
stefano.crapanzano@chu.ulg.ac.be,Navigation système de fichier,IT,2021-03-04,09:36:06,00:00:03
stefano.crapanzano@chu.ulg.ac.be,Navigation système de fichier,IT,2021-03-04,09:40:24,00:00:03
stefano.crapanzano@chu.ulg.ac.be,Navigation système de fichier,IT,2021-03-04,09:50:46,00:00:03
stefano.crapanzano@chu.ulg.ac.be,Navigation système de fichier,IT,2021-03-04,09:56:53,00:00:04
stefano.crapanzano@chu.ulg.ac.be,Navigation système de fichier,IT,2021-03-04,09:59:59,00:00:02
stefano.crapanzano@chu.ulg.ac.be,Navigation système de fichier,IT,2021-03-04,10:00:45,00:00:04
stefano.crapanzano@chu.ulg.ac.be,Navigation système de fichier,IT,2021-03-04,10:01:13,00:00:02
stefano.crapanzano@chu.ulg.ac.be,Navigation système de fichier,IT,2021-03-04,10:01:17,00:00:04
stefano.crapanzano@chu.ulg.ac.be,Navigation système de fichier,IT,2021-03-04,10:02:12,00:00:02
stefano.crapanzano@chu.ulg.ac.be,Navigation système de fichier,IT,2021-03-04,10:06:39,00:00:02
stefano.crapanzano@chu.ulg.ac.be,Navigation système de fichier,IT,2021-03-04,10:06:45,00:00:03
stefano.crapanzano@chu.ulg.ac.be,Navigation système de fichier,IT,2021-03-04,10:07:49,00:00:02
stefano.crapanzano@chu.ulg.ac.be,Navigation système de fichier,IT,2021-03-04,10:08:34,00:00:02
stefano.crapanzano@chu.ulg.ac.be,Navigation système de fichier,IT,2021-03-04,10:10:25,00:00:02
stefano.crapanzano@chu.ulg.ac.be,Navigation système de fichier,IT,2021-03-04,10:10:49,00:00:04
stefano.crapanzano@chu.ulg.ac.be,Navigation système de fichier,IT,2021-03-04,10:13:22,00:00:02
stefano.crapanzano@chu.ulg.ac.be,Navigation système de fichier,IT,2021-03-04,10:23:36,00:00:02
stefano.crapanzano@chu.ulg.ac.be,Navigation système de fichier,IT,2021-03-04,10:29:26,00:00:02
stefano.crapanzano@chu.ulg.ac.be,Navigation système de fichier,IT,2021-03-04,10:37:31,00:00:02
stefano.crapanzano@chu.ulg.ac.be,Navigation système de fichier,IT,2021-03-04,10:41:07,00:00:03
stefano.crapanzano@chu.ulg.ac.be,Navigation système de fichier,IT,2021-03-04,10:50:10,00:00:02
stefano.crapanzano@chu.ulg.ac.be,Navigation système de fichier,IT,2021-03-04,10:50:56,00:00:02
stefano.crapanzano@chu.ulg.ac.be,Navigation système de fichier,IT,2021-03-04,10:53:17,00:00:02
stefano.crapanzano@chu.ulg.ac.be,Navigation système de fichier,IT,2021-03-04,10:54:07,00:00:02
stefano.crapanzano@chu.ulg.ac.be,Navigation système de fichier,IT,2021-03-04,11:02:01,00:00:14
stefano.crapanzano@chu.ulg.ac.be,Navigation système de fichier,IT,2021-03-04,11:41:50,00:00:03
stefano.crapanzano@chu.ulg.ac.be,Navigation système de fichier,IT,2021-03-04,11:48:14,00:00:02
stefano.crapanzano@chu.ulg.ac.be,Navigation système de fichier,IT,2021-03-04,12:41:52,00:00:02
stefano.crapanzano@chu.ulg.ac.be,Navigation système de fichier,IT,2021-03-04,12:52:34,00:00:02
stefano.crapanzano@chu.ulg.ac.be,Navigation système de fichier,IT,2021-03-04,12:53:55,00:00:02
stefano.crapanzano@chu.ulg.ac.be,Navigation système de fichier,IT,2021-03-04,12:54:23,00:00:03
stefano.crapanzano@chu.ulg.ac.be,Navigation système de fichier,IT,2021-03-04,12:55:39,00:00:02
stefano.crapanzano@chu.ulg.ac.be,Navigation système de fichier,IT,2021-03-04,12:55:55,00:00:02
stefano.crapanzano@chu.ulg.ac.be,Navigation système de fichier,IT,2021-03-04,12:56:54,00:00:03
stefano.crapanzano@chu.ulg.ac.be,Navigation système de fichier,IT,2021-03-04,12:57:00,00:00:04
stefano.crapanzano@chu.ulg.ac.be,Navigation système de fichier,IT,2021-03-04,13:00:30,00:00:02
stefano.crapanzano@chu.ulg.ac.be,Navigation système de fichier,IT,2021-03-04,13:01:01,00:00:02
stefano.crapanzano@chu.ulg.ac.be,Navigation système de fichier,IT,2021-03-04,13:03:09,00:03:52
stefano.crapanzano@chu.ulg.ac.be,Navigation système de fichier,IT,2021-03-04,13:08:01,00:00:02
stefano.crapanzano@chu.ulg.ac.be,Navigation système de fichier,IT,2021-03-04,13:18:48,00:00:08
stefano.crapanzano@chu.ulg.ac.be,Navigation système de fichier,IT,2021-03-04,13:19:09,00:00:28
stefano.crapanzano@chu.ulg.ac.be,Navigation système de fichier,IT,2021-03-04,13:19:46,00:00:35
stefano.crapanzano@chu.ulg.ac.be,Navigation système de fichier,IT,2021-03-04,13:28:53,00:00:06
stefano.crapanzano@chu.ulg.ac.be,Navigation système de fichier,IT,2021-03-04,13:29:59,00:00:04
stefano.crapanzano@chu.ulg.ac.be,Navigation système de fichier,IT,2021-03-04,13:30:12,00:00:02
stefano.crapanzano@chu.ulg.ac.be,Navigation système de fichier,IT,2021-03-04,13:32:48,00:00:02
stefano.crapanzano@chu.ulg.ac.be,Navigation système de fichier,IT,2021-03-04,13:34:12,00:00:02
stefano.crapanzano@chu.ulg.ac.be,Navigation système de fichier,IT,2021-03-04,14:08:06,00:00:02
stefano.crapanzano@chu.ulg.ac.be,Navigation système de fichier,IT,2021-03-04,14:11:08,00:00:02
stefano.crapanzano@chu.ulg.ac.be,Navigation système de fichier,IT,2021-03-04,14:11:11,00:00:02
stefano.crapanzano@chu.ulg.ac.be,Navigation système de fichier,IT,2021-03-04,14:11:20,00:00:02
stefano.crapanzano@chu.ulg.ac.be,Navigation système de fichier,IT,2021-03-04,14:12:54,00:00:02
stefano.crapanzano@chu.ulg.ac.be,Navigation système de fichier,IT,2021-03-04,14:14:29,00:00:04
stefano.crapanzano@chu.ulg.ac.be,Navigation système de fichier,IT,2021-03-04,14:15:46,00:00:02
stefano.crapanzano@chu.ulg.ac.be,Navigation système de fichier,IT,2021-03-04,14:19:44,00:00:02
stefano.crapanzano@chu.ulg.ac.be,Navigation système de fichier,IT,2021-03-04,14:26:05,00:00:08
stefano.crapanzano@chu.ulg.ac.be,Navigation système de fichier,IT,2021-03-04,14:33:38,00:00:37
stefano.crapanzano@chu.ulg.ac.be,Navigation système de fichier,IT,2021-03-04,14:34:34,00:00:02
stefano.crapanzano@chu.ulg.ac.be,Navigation système de fichier,IT,2021-03-04,14:37:18,00:00:02
stefano.crapanzano@chu.ulg.ac.be,Navigation système de fichier,IT,2021-03-04,14:45:49,00:00:03
stefano.crapanzano@chu.ulg.ac.be,Navigation système de fichier,IT,2021-03-04,14:48:57,00:00:02
stefano.crapanzano@chu.ulg.ac.be,Navigation système de fichier,IT,2021-03-04,15:13:34,00:00:02
stefano.crapanzano@chu.ulg.ac.be,Navigation système de fichier,IT,2021-03-04,15:13:51,00:00:04
stefano.crapanzano@chu.ulg.ac.be,Navigation système de fichier,IT,2021-03-04,15:14:01,00:00:03
stefano.crapanzano@chu.ulg.ac.be,Navigation système de fichier,IT,2021-03-04,15:14:54,00:00:02
stefano.crapanzano@chu.ulg.ac.be,Navigation système de fichier,IT,2021-03-04,15:14:58,00:00:02
stefano.crapanzano@chu.ulg.ac.be,Navigation système de fichier,IT,2021-03-04,15:15:03,00:00:02
stefano.crapanzano@chu.ulg.ac.be,Navigation système de fichier,IT,2021-03-04,15:26:39,00:00:02
stefano.crapanzano@chu.ulg.ac.be,Navigation système de fichier,IT,2021-03-04,15:29:10,00:00:03
stefano.crapanzano@chu.ulg.ac.be,Navigation système de fichier,IT,2021-03-04,15:37:42,00:00:02
stefano.crapanzano@chu.ulg.ac.be,Navigation système de fichier,IT,2021-03-04,15:38:15,00:00:02
stefano.crapanzano@chu.ulg.ac.be,Navigation système de fichier,IT,2021-03-04,15:43:08,00:00:02
stefano.crapanzano@chu.ulg.ac.be,Navigation système de fichier,IT,2021-03-04,16:03:43,00:00:04
stefano.crapanzano@chu.ulg.ac.be,Navigation système de fichier,IT,2021-03-04,16:04:06,00:00:02
stefano.crapanzano@chu.ulg.ac.be,Navigation système de fichier,IT,2021-03-04,16:04:59,00:00:26
stefano.crapanzano@chu.ulg.ac.be,Navigation système de fichier,IT,2021-03-04,16:06:23,00:01:01
stefano.crapanzano@chu.ulg.ac.be,Navigation système de fichier,IT,2021-03-04,16:07:33,00:00:03
stefano.crapanzano@chu.ulg.ac.be,Navigation système de fichier,IT,2021-03-04,16:10:16,00:00:02
stefano.crapanzano@chu.ulg.ac.be,Navigation système de fichier,IT,2021-03-04,16:15:21,00:00:15
stefano.crapanzano@chu.ulg.ac.be,Navigation système de fichier,IT,2021-03-04,16:18:05,00:00:21
stefano.crapanzano@chu.ulg.ac.be,Navigation système de fichier,IT,2021-03-04,16:18:40,00:00:10
stefano.crapanzano@chu.ulg.ac.be,Navigation système de fichier,IT,2021-03-04,16:19:58,00:00:02
stefano.crapanzano@chu.ulg.ac.be,Navigation système de fichier,IT,2021-03-04,16:21:50,00:00:02
stefano.crapanzano@chu.ulg.ac.be,Navigation système de fichier,IT,2021-03-04,16:23:23,00:00:10
stefano.crapanzano@chu.ulg.ac.be,Navigation système de fichier,IT,2021-03-04,16:23:47,00:00:10
stefano.crapanzano@chu.ulg.ac.be,Navigation système de fichier,IT,2021-03-04,16:24:12,00:00:10
stefano.crapanzano@chu.ulg.ac.be,Navigation système de fichier,IT,2021-03-04,16:26:28,00:00:02
stefano.crapanzano@chu.ulg.ac.be,Navigation système de fichier,IT,2021-03-04,16:26:46,00:00:03
stefano.crapanzano@chu.ulg.ac.be,Navigation système de fichier,IT,2021-03-04,16:27:10,00:00:13
stefano.crapanzano@chu.ulg.ac.be,Navigation système de fichier,IT,2021-03-04,16:33:07,00:00:03
stefano.crapanzano@chu.ulg.ac.be,Navigation système de fichier,IT,2021-03-04,16:33:31,00:00:15
stefano.crapanzano@chu.ulg.ac.be,Navigation système de fichier,IT,2021-03-04,16:34:10,00:00:02
stefano.crapanzano@chu.ulg.ac.be,Navigation système de fichier,IT,2021-03-04,16:39:19,00:00:02
stefano.crapanzano@chu.ulg.ac.be,Navigation système de fichier,IT,2021-03-04,16:40:23,00:00:02
stefano.crapanzano@chu.ulg.ac.be,Navigation système de fichier,IT,2021-03-04,16:52:26,00:00:03
stefano.crapanzano@chu.ulg.ac.be,Navigation système de fichier,IT,2021-03-04,16:53:45,00:00:03
stefano.crapanzano@chu.ulg.ac.be,Navigation système de fichier,IT,2021-03-04,16:55:58,00:00:02
stefano.crapanzano@chu.ulg.ac.be,Navigation système de fichier,IT,2021-03-04,16:59:35,00:00:02
stefano.crapanzano@chu.ulg.ac.be,Navigation système de fichier,IT,2021-03-04,17:00:04,00:00:03
stefano.crapanzano@chu.ulg.ac.be,Sent - erp.sai@chuliege.be - Outlook,Helpdesk général,2021-03-04,08:29:58,00:00:03
stefano.crapanzano@chu.ulg.ac.be,Sent - erp.sai@chuliege.be - Outlook,Helpdesk général,2021-03-04,09:58:10,00:01:49
stefano.crapanzano@chu.ulg.ac.be,Sent - erp.sai@chuliege.be - Outlook,Helpdesk général,2021-03-04,10:03:20,00:00:03
stefano.crapanzano@chu.ulg.ac.be,Sent - erp.sai@chuliege.be - Outlook,Helpdesk général,2021-03-04,10:10:57,00:00:44
stefano.crapanzano@chu.ulg.ac.be,Sent - erp.sai@chuliege.be - Outlook,Helpdesk général,2021-03-04,10:11:58,00:00:10
stefano.crapanzano@chu.ulg.ac.be,Sent - erp.sai@chuliege.be - Outlook,Helpdesk général,2021-03-04,10:12:34,00:00:20
stefano.crapanzano@chu.ulg.ac.be,Sent - erp.sai@chuliege.be - Outlook,Helpdesk général,2021-03-04,10:35:33,00:00:02
stefano.crapanzano@chu.ulg.ac.be,Sent - erp.sai@chuliege.be - Outlook,Helpdesk général,2021-03-04,12:47:29,00:01:01
stefano.crapanzano@chu.ulg.ac.be,Boîte de Réception - Zimbra - Stefano Crapanzano - Outlook,Helpdesk général,2021-03-04,08:30:07,00:00:03
stefano.crapanzano@chu.ulg.ac.be,Boîte de Réception - Zimbra - Stefano Crapanzano - Outlook,Helpdesk général,2021-03-04,09:19:49,00:00:35
stefano.crapanzano@chu.ulg.ac.be,Boîte de Réception - Zimbra - Stefano Crapanzano - Outlook,Helpdesk général,2021-03-04,09:53:54,00:00:04
stefano.crapanzano@chu.ulg.ac.be,Boîte de Réception - Zimbra - Stefano Crapanzano - Outlook,Helpdesk général,2021-03-04,09:58:03,00:00:03
stefano.crapanzano@chu.ulg.ac.be,Boîte de Réception - Zimbra - Stefano Crapanzano - Outlook,Helpdesk général,2021-03-04,10:03:26,00:00:18
stefano.crapanzano@chu.ulg.ac.be,Boîte de Réception - Zimbra - Stefano Crapanzano - Outlook,Helpdesk général,2021-03-04,10:10:54,00:00:03
stefano.crapanzano@chu.ulg.ac.be,Boîte de Réception - Zimbra - Stefano Crapanzano - Outlook,Helpdesk général,2021-03-04,11:44:50,00:00:02
stefano.crapanzano@chu.ulg.ac.be,Boîte de Réception - Zimbra - Stefano Crapanzano - Outlook,Helpdesk général,2021-03-04,12:48:30,00:00:03
stefano.crapanzano@chu.ulg.ac.be,Boîte de Réception - Zimbra - Stefano Crapanzano - Outlook,Helpdesk général,2021-03-04,13:31:06,00:00:02
stefano.crapanzano@chu.ulg.ac.be,Boîte de Réception - Zimbra - Stefano Crapanzano - Outlook,Helpdesk général,2021-03-04,13:33:05,00:00:07
stefano.crapanzano@chu.ulg.ac.be,Boîte de Réception - Zimbra - Stefano Crapanzano - Outlook,Helpdesk général,2021-03-04,13:41:48,00:00:26
stefano.crapanzano@chu.ulg.ac.be,Boîte de Réception - Zimbra - Stefano Crapanzano - Outlook,Helpdesk général,2021-03-04,14:04:18,00:00:23
stefano.crapanzano@chu.ulg.ac.be,Boîte de Réception - Zimbra - Stefano Crapanzano - Outlook,Helpdesk général,2021-03-04,14:14:34,00:00:03
stefano.crapanzano@chu.ulg.ac.be,Boîte de Réception - Zimbra - Stefano Crapanzano - Outlook,Helpdesk général,2021-03-04,16:04:14,00:00:03
stefano.crapanzano@chu.ulg.ac.be,Boîte de Réception - Zimbra - Stefano Crapanzano - Outlook,Helpdesk général,2021-03-04,16:24:47,00:00:02
stefano.crapanzano@chu.ulg.ac.be,SAP GUI for Windows 750,Exploration SAP,2021-03-04,08:30:03,00:00:03
stefano.crapanzano@chu.ulg.ac.be,SAP GUI for Windows 750,Exploration SAP,2021-03-04,08:49:49,00:00:02
stefano.crapanzano@chu.ulg.ac.be,SAP GUI for Windows 750,Exploration SAP,2021-03-04,15:34:42,00:00:03
stefano.crapanzano@chu.ulg.ac.be,Boîte de réception - erp.sai@chuliege.be - Outlook,Helpdesk général,2021-03-04,08:30:10,00:04:16
stefano.crapanzano@chu.ulg.ac.be,Boîte de réception - erp.sai@chuliege.be - Outlook,Helpdesk général,2021-03-04,09:04:16,00:00:21
stefano.crapanzano@chu.ulg.ac.be,Boîte de réception - erp.sai@chuliege.be - Outlook,Helpdesk général,2021-03-04,09:05:25,00:03:22
stefano.crapanzano@chu.ulg.ac.be,Boîte de réception - erp.sai@chuliege.be - Outlook,Helpdesk général,2021-03-04,09:08:51,00:00:02
stefano.crapanzano@chu.ulg.ac.be,Boîte de réception - erp.sai@chuliege.be - Outlook,Helpdesk général,2021-03-04,09:14:30,00:00:10
stefano.crapanzano@chu.ulg.ac.be,Boîte de réception - erp.sai@chuliege.be - Outlook,Helpdesk général,2021-03-04,09:19:46,00:00:02
stefano.crapanzano@chu.ulg.ac.be,Boîte de réception - erp.sai@chuliege.be - Outlook,Helpdesk général,2021-03-04,09:53:58,00:00:03
stefano.crapanzano@chu.ulg.ac.be,Boîte de réception - erp.sai@chuliege.be - Outlook,Helpdesk général,2021-03-04,09:58:06,00:00:03
stefano.crapanzano@chu.ulg.ac.be,Boîte de réception - erp.sai@chuliege.be - Outlook,Helpdesk général,2021-03-04,10:03:23,00:00:02
stefano.crapanzano@chu.ulg.ac.be,Boîte de réception - erp.sai@chuliege.be - Outlook,Helpdesk général,2021-03-04,10:12:09,00:00:02
stefano.crapanzano@chu.ulg.ac.be,Boîte de réception - erp.sai@chuliege.be - Outlook,Helpdesk général,2021-03-04,10:12:17,00:00:16
stefano.crapanzano@chu.ulg.ac.be,Boîte de réception - erp.sai@chuliege.be - Outlook,Helpdesk général,2021-03-04,10:35:36,00:00:15
stefano.crapanzano@chu.ulg.ac.be,Boîte de réception - erp.sai@chuliege.be - Outlook,Helpdesk général,2021-03-04,10:39:17,00:01:19
stefano.crapanzano@chu.ulg.ac.be,Boîte de réception - erp.sai@chuliege.be - Outlook,Helpdesk général,2021-03-04,11:00:50,00:00:24
stefano.crapanzano@chu.ulg.ac.be,Boîte de réception - erp.sai@chuliege.be - Outlook,Helpdesk général,2021-03-04,11:01:25,00:00:10
stefano.crapanzano@chu.ulg.ac.be,Boîte de réception - erp.sai@chuliege.be - Outlook,Helpdesk général,2021-03-04,11:27:30,00:00:16
stefano.crapanzano@chu.ulg.ac.be,Boîte de réception - erp.sai@chuliege.be - Outlook,Helpdesk général,2021-03-04,11:41:54,00:02:55
stefano.crapanzano@chu.ulg.ac.be,Boîte de réception - erp.sai@chuliege.be - Outlook,Helpdesk général,2021-03-04,11:44:52,00:00:13
stefano.crapanzano@chu.ulg.ac.be,Boîte de réception - erp.sai@chuliege.be - Outlook,Helpdesk général,2021-03-04,11:45:08,00:02:32
stefano.crapanzano@chu.ulg.ac.be,Boîte de réception - erp.sai@chuliege.be - Outlook,Helpdesk général,2021-03-04,12:44:55,00:00:03
stefano.crapanzano@chu.ulg.ac.be,Boîte de réception - erp.sai@chuliege.be - Outlook,Helpdesk général,2021-03-04,12:47:26,00:00:02
stefano.crapanzano@chu.ulg.ac.be,Boîte de réception - erp.sai@chuliege.be - Outlook,Helpdesk général,2021-03-04,12:48:34,00:01:20
stefano.crapanzano@chu.ulg.ac.be,Boîte de réception - erp.sai@chuliege.be - Outlook,Helpdesk général,2021-03-04,12:54:20,00:00:02
stefano.crapanzano@chu.ulg.ac.be,Boîte de réception - erp.sai@chuliege.be - Outlook,Helpdesk général,2021-03-04,13:08:03,00:00:12
stefano.crapanzano@chu.ulg.ac.be,Boîte de réception - erp.sai@chuliege.be - Outlook,Helpdesk général,2021-03-04,13:31:11,00:00:02
stefano.crapanzano@chu.ulg.ac.be,Boîte de réception - erp.sai@chuliege.be - Outlook,Helpdesk général,2021-03-04,13:32:54,00:00:10
stefano.crapanzano@chu.ulg.ac.be,Boîte de réception - erp.sai@chuliege.be - Outlook,Helpdesk général,2021-03-04,14:14:38,00:00:10
stefano.crapanzano@chu.ulg.ac.be,Boîte de réception - erp.sai@chuliege.be - Outlook,Helpdesk général,2021-03-04,14:18:13,00:00:16
stefano.crapanzano@chu.ulg.ac.be,Boîte de réception - erp.sai@chuliege.be - Outlook,Helpdesk général,2021-03-04,14:34:15,00:00:02
stefano.crapanzano@chu.ulg.ac.be,Boîte de réception - erp.sai@chuliege.be - Outlook,Helpdesk général,2021-03-04,14:34:29,00:00:04
stefano.crapanzano@chu.ulg.ac.be,Boîte de réception - erp.sai@chuliege.be - Outlook,Helpdesk général,2021-03-04,14:41:13,00:00:14
stefano.crapanzano@chu.ulg.ac.be,Boîte de réception - erp.sai@chuliege.be - Outlook,Helpdesk général,2021-03-04,16:04:09,00:00:05
stefano.crapanzano@chu.ulg.ac.be,Boîte de réception - erp.sai@chuliege.be - Outlook,Helpdesk général,2021-03-04,16:24:50,00:00:55
stefano.crapanzano@chu.ulg.ac.be,Programmation,IT,2021-03-04,08:34:29,00:00:06
stefano.crapanzano@chu.ulg.ac.be,Programmation,IT,2021-03-04,08:45:34,00:01:10
stefano.crapanzano@chu.ulg.ac.be,Programmation,IT,2021-03-04,08:46:59,00:00:06
stefano.crapanzano@chu.ulg.ac.be,Programmation,IT,2021-03-04,08:47:14,00:00:09
stefano.crapanzano@chu.ulg.ac.be,Programmation,IT,2021-03-04,09:09:03,00:01:28
stefano.crapanzano@chu.ulg.ac.be,Programmation,IT,2021-03-04,09:10:40,00:01:50
stefano.crapanzano@chu.ulg.ac.be,Programmation,IT,2021-03-04,09:13:23,00:00:11
stefano.crapanzano@chu.ulg.ac.be,Programmation,IT,2021-03-04,09:13:38,00:00:50
stefano.crapanzano@chu.ulg.ac.be,Programmation,IT,2021-03-04,09:14:42,00:01:51
stefano.crapanzano@chu.ulg.ac.be,Programmation,IT,2021-03-04,09:16:44,00:00:42
stefano.crapanzano@chu.ulg.ac.be,Programmation,IT,2021-03-04,09:17:34,00:00:45
stefano.crapanzano@chu.ulg.ac.be,Programmation,IT,2021-03-04,09:18:27,00:00:57
stefano.crapanzano@chu.ulg.ac.be,Programmation,IT,2021-03-04,09:19:32,00:00:13
stefano.crapanzano@chu.ulg.ac.be,Programmation,IT,2021-03-04,09:20:24,00:00:26
stefano.crapanzano@chu.ulg.ac.be,Programmation,IT,2021-03-04,09:20:55,00:00:08
stefano.crapanzano@chu.ulg.ac.be,Programmation,IT,2021-03-04,09:22:59,00:00:06
stefano.crapanzano@chu.ulg.ac.be,Programmation,IT,2021-03-04,09:23:08,00:01:37
stefano.crapanzano@chu.ulg.ac.be,Programmation,IT,2021-03-04,09:24:47,00:00:02
stefano.crapanzano@chu.ulg.ac.be,Programmation,IT,2021-03-04,09:25:00,00:00:12
stefano.crapanzano@chu.ulg.ac.be,Programmation,IT,2021-03-04,09:25:28,00:00:07
stefano.crapanzano@chu.ulg.ac.be,Programmation,IT,2021-03-04,09:25:38,00:00:25
stefano.crapanzano@chu.ulg.ac.be,Programmation,IT,2021-03-04,09:26:13,00:01:31
stefano.crapanzano@chu.ulg.ac.be,Programmation,IT,2021-03-04,09:27:48,00:01:09
stefano.crapanzano@chu.ulg.ac.be,Programmation,IT,2021-03-04,09:29:17,00:00:46
stefano.crapanzano@chu.ulg.ac.be,Programmation,IT,2021-03-04,09:30:10,00:00:17
stefano.crapanzano@chu.ulg.ac.be,Programmation,IT,2021-03-04,09:30:38,00:00:08
stefano.crapanzano@chu.ulg.ac.be,Programmation,IT,2021-03-04,09:30:50,00:00:24
stefano.crapanzano@chu.ulg.ac.be,Programmation,IT,2021-03-04,09:31:22,00:00:02
stefano.crapanzano@chu.ulg.ac.be,Programmation,IT,2021-03-04,09:31:28,00:02:15
stefano.crapanzano@chu.ulg.ac.be,Programmation,IT,2021-03-04,09:33:49,00:00:44
stefano.crapanzano@chu.ulg.ac.be,Programmation,IT,2021-03-04,09:34:40,00:00:09
stefano.crapanzano@chu.ulg.ac.be,Programmation,IT,2021-03-04,09:35:00,00:00:32
stefano.crapanzano@chu.ulg.ac.be,Programmation,IT,2021-03-04,09:36:00,00:00:06
stefano.crapanzano@chu.ulg.ac.be,Programmation,IT,2021-03-04,09:36:29,00:00:26
stefano.crapanzano@chu.ulg.ac.be,Programmation,IT,2021-03-04,09:37:01,00:00:41
stefano.crapanzano@chu.ulg.ac.be,Programmation,IT,2021-03-04,09:38:11,00:00:21
stefano.crapanzano@chu.ulg.ac.be,Programmation,IT,2021-03-04,09:38:56,00:00:04
stefano.crapanzano@chu.ulg.ac.be,Programmation,IT,2021-03-04,09:39:42,00:00:10
stefano.crapanzano@chu.ulg.ac.be,Programmation,IT,2021-03-04,09:40:04,00:00:12
stefano.crapanzano@chu.ulg.ac.be,Programmation,IT,2021-03-04,09:40:27,00:00:21
stefano.crapanzano@chu.ulg.ac.be,Programmation,IT,2021-03-04,09:41:09,00:00:21
stefano.crapanzano@chu.ulg.ac.be,Programmation,IT,2021-03-04,09:41:50,00:00:13
stefano.crapanzano@chu.ulg.ac.be,Programmation,IT,2021-03-04,09:42:10,00:00:08
stefano.crapanzano@chu.ulg.ac.be,Programmation,IT,2021-03-04,09:42:32,00:00:36
stefano.crapanzano@chu.ulg.ac.be,Programmation,IT,2021-03-04,09:43:32,00:00:02
stefano.crapanzano@chu.ulg.ac.be,Programmation,IT,2021-03-04,09:43:37,00:00:11
stefano.crapanzano@chu.ulg.ac.be,Programmation,IT,2021-03-04,09:44:45,00:00:17
stefano.crapanzano@chu.ulg.ac.be,Programmation,IT,2021-03-04,09:45:11,00:00:32
stefano.crapanzano@chu.ulg.ac.be,Programmation,IT,2021-03-04,09:50:50,00:02:52
stefano.crapanzano@chu.ulg.ac.be,Programmation,IT,2021-03-04,10:02:15,00:00:21
stefano.crapanzano@chu.ulg.ac.be,Programmation,IT,2021-03-04,10:02:58,00:00:05
stefano.crapanzano@chu.ulg.ac.be,Programmation,IT,2021-03-04,10:04:36,00:00:58
stefano.crapanzano@chu.ulg.ac.be,Programmation,IT,2021-03-04,10:15:53,00:01:36
stefano.crapanzano@chu.ulg.ac.be,Programmation,IT,2021-03-04,10:17:31,00:00:33
stefano.crapanzano@chu.ulg.ac.be,Programmation,IT,2021-03-04,10:18:09,00:00:20
stefano.crapanzano@chu.ulg.ac.be,Programmation,IT,2021-03-04,10:18:32,00:00:05
stefano.crapanzano@chu.ulg.ac.be,Programmation,IT,2021-03-04,10:18:44,00:00:13
stefano.crapanzano@chu.ulg.ac.be,Programmation,IT,2021-03-04,10:19:01,00:00:18
stefano.crapanzano@chu.ulg.ac.be,Programmation,IT,2021-03-04,10:20:15,00:00:05
stefano.crapanzano@chu.ulg.ac.be,Programmation,IT,2021-03-04,10:20:27,00:00:13
stefano.crapanzano@chu.ulg.ac.be,Programmation,IT,2021-03-04,10:20:43,00:00:08
stefano.crapanzano@chu.ulg.ac.be,Programmation,IT,2021-03-04,10:22:31,00:00:09
stefano.crapanzano@chu.ulg.ac.be,Programmation,IT,2021-03-04,10:22:50,00:00:45
stefano.crapanzano@chu.ulg.ac.be,Programmation,IT,2021-03-04,10:23:38,00:00:14
stefano.crapanzano@chu.ulg.ac.be,Programmation,IT,2021-03-04,10:23:54,00:02:30
stefano.crapanzano@chu.ulg.ac.be,Programmation,IT,2021-03-04,10:26:30,00:00:41
stefano.crapanzano@chu.ulg.ac.be,Programmation,IT,2021-03-04,10:27:15,00:01:50
stefano.crapanzano@chu.ulg.ac.be,Programmation,IT,2021-03-04,10:29:12,00:00:02
stefano.crapanzano@chu.ulg.ac.be,Programmation,IT,2021-03-04,10:29:28,00:00:12
stefano.crapanzano@chu.ulg.ac.be,Programmation,IT,2021-03-04,10:29:44,00:01:33
stefano.crapanzano@chu.ulg.ac.be,Programmation,IT,2021-03-04,10:31:46,00:00:24
stefano.crapanzano@chu.ulg.ac.be,Programmation,IT,2021-03-04,10:32:24,00:00:02
stefano.crapanzano@chu.ulg.ac.be,Programmation,IT,2021-03-04,10:32:31,00:00:02
stefano.crapanzano@chu.ulg.ac.be,Programmation,IT,2021-03-04,10:32:36,00:00:19
stefano.crapanzano@chu.ulg.ac.be,Programmation,IT,2021-03-04,10:32:59,00:00:12
stefano.crapanzano@chu.ulg.ac.be,Programmation,IT,2021-03-04,10:33:13,00:00:03
stefano.crapanzano@chu.ulg.ac.be,Programmation,IT,2021-03-04,10:33:27,00:01:04
stefano.crapanzano@chu.ulg.ac.be,Programmation,IT,2021-03-04,10:34:42,00:00:38
stefano.crapanzano@chu.ulg.ac.be,Programmation,IT,2021-03-04,10:36:07,00:00:04
stefano.crapanzano@chu.ulg.ac.be,Programmation,IT,2021-03-04,10:36:36,00:00:20
stefano.crapanzano@chu.ulg.ac.be,Programmation,IT,2021-03-04,10:37:04,00:00:14
stefano.crapanzano@chu.ulg.ac.be,Programmation,IT,2021-03-04,10:37:23,00:00:08
stefano.crapanzano@chu.ulg.ac.be,Programmation,IT,2021-03-04,10:37:34,00:01:32
stefano.crapanzano@chu.ulg.ac.be,Programmation,IT,2021-03-04,10:41:10,00:01:17
stefano.crapanzano@chu.ulg.ac.be,Programmation,IT,2021-03-04,10:42:45,00:00:04
stefano.crapanzano@chu.ulg.ac.be,Programmation,IT,2021-03-04,10:46:19,00:01:01
stefano.crapanzano@chu.ulg.ac.be,Programmation,IT,2021-03-04,10:48:48,00:00:52
stefano.crapanzano@chu.ulg.ac.be,Programmation,IT,2021-03-04,10:50:15,00:00:03
stefano.crapanzano@chu.ulg.ac.be,Programmation,IT,2021-03-04,10:50:25,00:00:09
stefano.crapanzano@chu.ulg.ac.be,Programmation,IT,2021-03-04,10:50:36,00:00:11
stefano.crapanzano@chu.ulg.ac.be,Programmation,IT,2021-03-04,10:50:58,00:00:10
stefano.crapanzano@chu.ulg.ac.be,Programmation,IT,2021-03-04,10:51:25,00:00:22
stefano.crapanzano@chu.ulg.ac.be,Programmation,IT,2021-03-04,10:51:48,00:00:16
stefano.crapanzano@chu.ulg.ac.be,Programmation,IT,2021-03-04,10:52:16,00:00:02
stefano.crapanzano@chu.ulg.ac.be,Programmation,IT,2021-03-04,10:52:22,00:00:11
stefano.crapanzano@chu.ulg.ac.be,Programmation,IT,2021-03-04,10:52:38,00:00:12
stefano.crapanzano@chu.ulg.ac.be,Programmation,IT,2021-03-04,10:54:09,00:00:18
stefano.crapanzano@chu.ulg.ac.be,Programmation,IT,2021-03-04,10:54:46,00:00:15
stefano.crapanzano@chu.ulg.ac.be,Programmation,IT,2021-03-04,10:55:03,00:00:09
stefano.crapanzano@chu.ulg.ac.be,Programmation,IT,2021-03-04,10:55:49,00:00:11
stefano.crapanzano@chu.ulg.ac.be,Programmation,IT,2021-03-04,10:56:09,00:00:15
stefano.crapanzano@chu.ulg.ac.be,Programmation,IT,2021-03-04,10:56:27,00:00:08
stefano.crapanzano@chu.ulg.ac.be,Programmation,IT,2021-03-04,10:56:37,00:00:27
stefano.crapanzano@chu.ulg.ac.be,Programmation,IT,2021-03-04,10:57:34,00:00:57
stefano.crapanzano@chu.ulg.ac.be,Programmation,IT,2021-03-04,10:59:12,00:00:02
stefano.crapanzano@chu.ulg.ac.be,Programmation,IT,2021-03-04,10:59:17,00:00:11
stefano.crapanzano@chu.ulg.ac.be,Programmation,IT,2021-03-04,11:02:23,00:00:09
stefano.crapanzano@chu.ulg.ac.be,Programmation,IT,2021-03-04,11:02:52,00:00:42
stefano.crapanzano@chu.ulg.ac.be,Programmation,IT,2021-03-04,11:04:21,00:00:15
stefano.crapanzano@chu.ulg.ac.be,Programmation,IT,2021-03-04,11:04:45,00:08:50
stefano.crapanzano@chu.ulg.ac.be,Programmation,IT,2021-03-04,11:14:09,00:01:38
stefano.crapanzano@chu.ulg.ac.be,Programmation,IT,2021-03-04,11:16:15,00:00:02
stefano.crapanzano@chu.ulg.ac.be,Programmation,IT,2021-03-04,11:16:23,00:00:11
stefano.crapanzano@chu.ulg.ac.be,Programmation,IT,2021-03-04,11:16:43,00:00:09
stefano.crapanzano@chu.ulg.ac.be,Programmation,IT,2021-03-04,11:17:29,00:00:42
stefano.crapanzano@chu.ulg.ac.be,Programmation,IT,2021-03-04,11:18:43,00:00:59
stefano.crapanzano@chu.ulg.ac.be,Programmation,IT,2021-03-04,11:20:08,00:00:36
stefano.crapanzano@chu.ulg.ac.be,Programmation,IT,2021-03-04,11:21:09,00:00:07
stefano.crapanzano@chu.ulg.ac.be,Programmation,IT,2021-03-04,11:48:17,00:00:57
stefano.crapanzano@chu.ulg.ac.be,Programmation,IT,2021-03-04,11:49:18,00:00:17
stefano.crapanzano@chu.ulg.ac.be,Programmation,IT,2021-03-04,11:50:02,00:00:07
stefano.crapanzano@chu.ulg.ac.be,Programmation,IT,2021-03-04,11:50:36,00:00:10
stefano.crapanzano@chu.ulg.ac.be,Programmation,IT,2021-03-04,11:54:11,00:00:34
stefano.crapanzano@chu.ulg.ac.be,Programmation,IT,2021-03-04,11:56:36,00:01:42
stefano.crapanzano@chu.ulg.ac.be,Programmation,IT,2021-03-04,11:58:38,00:00:42
stefano.crapanzano@chu.ulg.ac.be,Programmation,IT,2021-03-04,11:59:31,00:03:37
stefano.crapanzano@chu.ulg.ac.be,Programmation,IT,2021-03-04,12:03:21,00:01:19
stefano.crapanzano@chu.ulg.ac.be,Programmation,IT,2021-03-04,12:05:04,00:00:49
stefano.crapanzano@chu.ulg.ac.be,Programmation,IT,2021-03-04,12:07:04,00:00:27
stefano.crapanzano@chu.ulg.ac.be,Programmation,IT,2021-03-04,12:08:05,00:01:32
stefano.crapanzano@chu.ulg.ac.be,Programmation,IT,2021-03-04,12:09:47,00:00:03
stefano.crapanzano@chu.ulg.ac.be,Programmation,IT,2021-03-04,12:10:00,00:00:02
stefano.crapanzano@chu.ulg.ac.be,Programmation,IT,2021-03-04,12:10:03,00:00:21
stefano.crapanzano@chu.ulg.ac.be,Programmation,IT,2021-03-04,12:10:26,00:00:05
stefano.crapanzano@chu.ulg.ac.be,Programmation,IT,2021-03-04,12:11:15,00:00:23
stefano.crapanzano@chu.ulg.ac.be,Programmation,IT,2021-03-04,12:12:26,00:01:36
stefano.crapanzano@chu.ulg.ac.be,Programmation,IT,2021-03-04,12:14:08,00:00:30
stefano.crapanzano@chu.ulg.ac.be,Programmation,IT,2021-03-04,12:14:57,00:12:52
stefano.crapanzano@chu.ulg.ac.be,Programmation,IT,2021-03-04,12:28:05,00:00:10
stefano.crapanzano@chu.ulg.ac.be,Programmation,IT,2021-03-04,12:28:43,00:00:05
stefano.crapanzano@chu.ulg.ac.be,Programmation,IT,2021-03-04,12:28:57,00:00:02
stefano.crapanzano@chu.ulg.ac.be,Programmation,IT,2021-03-04,12:29:04,00:00:06
stefano.crapanzano@chu.ulg.ac.be,Programmation,IT,2021-03-04,13:20:22,00:00:31
stefano.crapanzano@chu.ulg.ac.be,Programmation,IT,2021-03-04,13:21:45,00:00:38
stefano.crapanzano@chu.ulg.ac.be,Programmation,IT,2021-03-04,13:22:25,00:05:38
stefano.crapanzano@chu.ulg.ac.be,Programmation,IT,2021-03-04,13:33:12,00:01:00
stefano.crapanzano@chu.ulg.ac.be,Programmation,IT,2021-03-04,14:08:11,00:00:46
stefano.crapanzano@chu.ulg.ac.be,Programmation,IT,2021-03-04,14:09:13,00:00:28
stefano.crapanzano@chu.ulg.ac.be,Programmation,IT,2021-03-04,14:11:31,00:00:05
stefano.crapanzano@chu.ulg.ac.be,Programmation,IT,2021-03-04,14:11:47,00:00:02
stefano.crapanzano@chu.ulg.ac.be,Programmation,IT,2021-03-04,14:12:20,00:00:03
stefano.crapanzano@chu.ulg.ac.be,Programmation,IT,2021-03-04,14:15:49,00:00:06
stefano.crapanzano@chu.ulg.ac.be,Programmation,IT,2021-03-04,14:16:57,00:00:35
stefano.crapanzano@chu.ulg.ac.be,Programmation,IT,2021-03-04,14:17:36,00:00:14
stefano.crapanzano@chu.ulg.ac.be,Programmation,IT,2021-03-04,14:17:55,00:00:16
stefano.crapanzano@chu.ulg.ac.be,Programmation,IT,2021-03-04,14:18:30,00:00:51
stefano.crapanzano@chu.ulg.ac.be,Programmation,IT,2021-03-04,14:19:32,00:00:07
stefano.crapanzano@chu.ulg.ac.be,Programmation,IT,2021-03-04,14:19:42,00:00:02
stefano.crapanzano@chu.ulg.ac.be,Programmation,IT,2021-03-04,14:19:46,00:00:21
stefano.crapanzano@chu.ulg.ac.be,Programmation,IT,2021-03-04,14:20:10,00:03:17
stefano.crapanzano@chu.ulg.ac.be,Programmation,IT,2021-03-04,14:23:37,00:01:18
stefano.crapanzano@chu.ulg.ac.be,Programmation,IT,2021-03-04,14:25:04,00:00:25
stefano.crapanzano@chu.ulg.ac.be,Programmation,IT,2021-03-04,14:25:38,00:00:26
stefano.crapanzano@chu.ulg.ac.be,Programmation,IT,2021-03-04,14:26:14,00:00:48
stefano.crapanzano@chu.ulg.ac.be,Programmation,IT,2021-03-04,14:27:32,00:01:39
stefano.crapanzano@chu.ulg.ac.be,Programmation,IT,2021-03-04,14:34:45,00:00:20
stefano.crapanzano@chu.ulg.ac.be,Programmation,IT,2021-03-04,14:35:31,00:01:17
stefano.crapanzano@chu.ulg.ac.be,Programmation,IT,2021-03-04,14:37:21,00:00:54
stefano.crapanzano@chu.ulg.ac.be,Programmation,IT,2021-03-04,14:38:21,00:00:07
stefano.crapanzano@chu.ulg.ac.be,Programmation,IT,2021-03-04,14:39:33,00:00:47
stefano.crapanzano@chu.ulg.ac.be,Programmation,IT,2021-03-04,14:40:38,00:00:34
stefano.crapanzano@chu.ulg.ac.be,Programmation,IT,2021-03-04,14:41:28,00:01:52
stefano.crapanzano@chu.ulg.ac.be,Programmation,IT,2021-03-04,14:43:41,00:01:53
stefano.crapanzano@chu.ulg.ac.be,Programmation,IT,2021-03-04,14:45:53,00:00:21
stefano.crapanzano@chu.ulg.ac.be,Programmation,IT,2021-03-04,14:47:31,00:00:37
stefano.crapanzano@chu.ulg.ac.be,Programmation,IT,2021-03-04,14:48:20,00:00:11
stefano.crapanzano@chu.ulg.ac.be,Programmation,IT,2021-03-04,14:49:00,00:00:44
stefano.crapanzano@chu.ulg.ac.be,Programmation,IT,2021-03-04,14:50:13,00:01:11
stefano.crapanzano@chu.ulg.ac.be,Programmation,IT,2021-03-04,15:01:42,00:01:48
stefano.crapanzano@chu.ulg.ac.be,Programmation,IT,2021-03-04,15:03:40,00:00:11
stefano.crapanzano@chu.ulg.ac.be,Programmation,IT,2021-03-04,15:03:54,00:00:52
stefano.crapanzano@chu.ulg.ac.be,Programmation,IT,2021-03-04,15:05:11,00:00:50
stefano.crapanzano@chu.ulg.ac.be,Programmation,IT,2021-03-04,15:06:36,00:00:15
stefano.crapanzano@chu.ulg.ac.be,Programmation,IT,2021-03-04,15:06:56,00:00:47
stefano.crapanzano@chu.ulg.ac.be,Programmation,IT,2021-03-04,15:08:58,00:01:05
stefano.crapanzano@chu.ulg.ac.be,Programmation,IT,2021-03-04,15:15:00,00:00:02
stefano.crapanzano@chu.ulg.ac.be,Programmation,IT,2021-03-04,15:16:21,00:00:35
stefano.crapanzano@chu.ulg.ac.be,Programmation,IT,2021-03-04,15:17:01,00:02:00
stefano.crapanzano@chu.ulg.ac.be,Programmation,IT,2021-03-04,15:19:14,00:00:42
stefano.crapanzano@chu.ulg.ac.be,Programmation,IT,2021-03-04,15:20:00,00:00:42
stefano.crapanzano@chu.ulg.ac.be,Programmation,IT,2021-03-04,15:20:53,00:00:05
stefano.crapanzano@chu.ulg.ac.be,Programmation,IT,2021-03-04,15:21:02,00:00:13
stefano.crapanzano@chu.ulg.ac.be,Programmation,IT,2021-03-04,15:21:32,00:00:04
stefano.crapanzano@chu.ulg.ac.be,Programmation,IT,2021-03-04,15:21:41,00:00:34
stefano.crapanzano@chu.ulg.ac.be,Programmation,IT,2021-03-04,15:22:24,00:00:02
stefano.crapanzano@chu.ulg.ac.be,Programmation,IT,2021-03-04,15:22:28,00:00:06
stefano.crapanzano@chu.ulg.ac.be,Programmation,IT,2021-03-04,15:22:41,00:00:05
stefano.crapanzano@chu.ulg.ac.be,Programmation,IT,2021-03-04,15:23:02,00:01:02
stefano.crapanzano@chu.ulg.ac.be,Programmation,IT,2021-03-04,15:24:10,00:00:06
stefano.crapanzano@chu.ulg.ac.be,Programmation,IT,2021-03-04,15:24:19,00:00:03
stefano.crapanzano@chu.ulg.ac.be,Programmation,IT,2021-03-04,15:24:28,00:00:04
stefano.crapanzano@chu.ulg.ac.be,Programmation,IT,2021-03-04,15:24:52,00:00:10
stefano.crapanzano@chu.ulg.ac.be,Programmation,IT,2021-03-04,15:25:09,00:00:11
stefano.crapanzano@chu.ulg.ac.be,Programmation,IT,2021-03-04,15:26:42,00:00:11
stefano.crapanzano@chu.ulg.ac.be,Programmation,IT,2021-03-04,15:27:42,00:00:05
stefano.crapanzano@chu.ulg.ac.be,Programmation,IT,2021-03-04,15:28:03,00:00:09
stefano.crapanzano@chu.ulg.ac.be,Programmation,IT,2021-03-04,15:29:34,00:00:14
stefano.crapanzano@chu.ulg.ac.be,Programmation,IT,2021-03-04,15:33:06,00:00:44
stefano.crapanzano@chu.ulg.ac.be,Programmation,IT,2021-03-04,15:36:54,00:00:47
stefano.crapanzano@chu.ulg.ac.be,Programmation,IT,2021-03-04,15:40:48,00:00:03
stefano.crapanzano@chu.ulg.ac.be,Programmation,IT,2021-03-04,15:43:10,00:00:02
stefano.crapanzano@chu.ulg.ac.be,Programmation,IT,2021-03-04,15:43:13,00:00:11
stefano.crapanzano@chu.ulg.ac.be,Programmation,IT,2021-03-04,15:43:32,00:00:05
stefano.crapanzano@chu.ulg.ac.be,Programmation,IT,2021-03-04,16:10:19,00:00:03
stefano.crapanzano@chu.ulg.ac.be,Programmation,IT,2021-03-04,16:10:53,00:00:34
stefano.crapanzano@chu.ulg.ac.be,Programmation,IT,2021-03-04,16:15:55,00:01:05
stefano.crapanzano@chu.ulg.ac.be,Programmation,IT,2021-03-04,16:17:10,00:00:51
stefano.crapanzano@chu.ulg.ac.be,Programmation,IT,2021-03-04,16:19:12,00:00:46
stefano.crapanzano@chu.ulg.ac.be,Programmation,IT,2021-03-04,16:20:46,00:00:04
stefano.crapanzano@chu.ulg.ac.be,Programmation,IT,2021-03-04,16:21:00,00:00:28
stefano.crapanzano@chu.ulg.ac.be,Programmation,IT,2021-03-04,16:21:32,00:00:02
stefano.crapanzano@chu.ulg.ac.be,Programmation,IT,2021-03-04,16:21:41,00:00:09
stefano.crapanzano@chu.ulg.ac.be,Programmation,IT,2021-03-04,16:21:54,00:01:25
stefano.crapanzano@chu.ulg.ac.be,Programmation,IT,2021-03-04,16:26:30,00:00:14
stefano.crapanzano@chu.ulg.ac.be,Programmation,IT,2021-03-04,16:28:00,00:00:41
stefano.crapanzano@chu.ulg.ac.be,Programmation,IT,2021-03-04,16:28:50,00:01:00
stefano.crapanzano@chu.ulg.ac.be,Programmation,IT,2021-03-04,16:29:54,00:00:11
stefano.crapanzano@chu.ulg.ac.be,Programmation,IT,2021-03-04,16:30:24,00:00:09
stefano.crapanzano@chu.ulg.ac.be,Programmation,IT,2021-03-04,16:30:35,00:00:09
stefano.crapanzano@chu.ulg.ac.be,Programmation,IT,2021-03-04,16:30:46,00:00:27
stefano.crapanzano@chu.ulg.ac.be,Programmation,IT,2021-03-04,16:32:03,00:00:07
stefano.crapanzano@chu.ulg.ac.be,Programmation,IT,2021-03-04,16:32:20,00:00:47
stefano.crapanzano@chu.ulg.ac.be,Programmation,IT,2021-03-04,16:33:21,00:00:10
stefano.crapanzano@chu.ulg.ac.be,Programmation,IT,2021-03-04,16:34:13,00:02:49
stefano.crapanzano@chu.ulg.ac.be,Programmation,IT,2021-03-04,16:37:13,00:01:05
stefano.crapanzano@chu.ulg.ac.be,Programmation,IT,2021-03-04,16:38:34,00:00:20
stefano.crapanzano@chu.ulg.ac.be,Programmation,IT,2021-03-04,16:39:21,00:00:07
stefano.crapanzano@chu.ulg.ac.be,Programmation,IT,2021-03-04,16:39:49,00:00:03
stefano.crapanzano@chu.ulg.ac.be,Programmation,IT,2021-03-04,16:39:54,00:00:28
stefano.crapanzano@chu.ulg.ac.be,Programmation,IT,2021-03-04,16:40:46,00:00:10
stefano.crapanzano@chu.ulg.ac.be,Programmation,IT,2021-03-04,16:40:57,00:00:31
stefano.crapanzano@chu.ulg.ac.be,Programmation,IT,2021-03-04,16:41:45,00:00:07
stefano.crapanzano@chu.ulg.ac.be,Programmation,IT,2021-03-04,16:43:50,00:00:22
stefano.crapanzano@chu.ulg.ac.be,Programmation,IT,2021-03-04,16:44:17,00:00:31
stefano.crapanzano@chu.ulg.ac.be,Programmation,IT,2021-03-04,16:45:04,00:00:06
stefano.crapanzano@chu.ulg.ac.be,Programmation,IT,2021-03-04,16:45:14,00:00:05
stefano.crapanzano@chu.ulg.ac.be,Programmation,IT,2021-03-04,16:45:40,00:00:04
stefano.crapanzano@chu.ulg.ac.be,Programmation,IT,2021-03-04,16:47:24,00:01:13
stefano.crapanzano@chu.ulg.ac.be,Programmation,IT,2021-03-04,16:48:43,00:00:03
stefano.crapanzano@chu.ulg.ac.be,Programmation,IT,2021-03-04,16:48:48,00:00:39
stefano.crapanzano@chu.ulg.ac.be,Programmation,IT,2021-03-04,16:49:36,00:00:07
stefano.crapanzano@chu.ulg.ac.be,Programmation,IT,2021-03-04,16:50:23,00:00:35
stefano.crapanzano@chu.ulg.ac.be,Programmation,IT,2021-03-04,16:51:24,00:00:50
stefano.crapanzano@chu.ulg.ac.be,Programmation,IT,2021-03-04,16:53:49,00:00:02
stefano.crapanzano@chu.ulg.ac.be,Programmation,IT,2021-03-04,16:54:11,00:00:34
stefano.crapanzano@chu.ulg.ac.be,Programmation,IT,2021-03-04,16:54:49,00:01:08
stefano.crapanzano@chu.ulg.ac.be,Programmation,IT,2021-03-04,16:56:00,00:00:10
stefano.crapanzano@chu.ulg.ac.be,Programmation,IT,2021-03-04,16:56:48,00:01:30
stefano.crapanzano@chu.ulg.ac.be,Programmation,IT,2021-03-04,16:58:31,00:00:22
stefano.crapanzano@chu.ulg.ac.be,Programmation,IT,2021-03-04,16:59:17,00:00:11
stefano.crapanzano@chu.ulg.ac.be,Programmation,IT,2021-03-04,16:59:37,00:00:11
stefano.crapanzano@chu.ulg.ac.be,Programmation,IT,2021-03-04,16:59:51,00:00:12
stefano.crapanzano@chu.ulg.ac.be,Programmation,IT,2021-03-04,17:00:07,00:00:45
stefano.crapanzano@chu.ulg.ac.be,Programmation,IT,2021-03-04,17:01:42,00:00:22
stefano.crapanzano@chu.ulg.ac.be,Intrastat - Google Chrome,Tâches diverses,2021-03-04,08:34:35,00:00:04
stefano.crapanzano@chu.ulg.ac.be,Intrastat - Google Chrome,Tâches diverses,2021-03-04,08:34:43,00:00:04
stefano.crapanzano@chu.ulg.ac.be,Intrastat - Google Chrome,Tâches diverses,2021-03-04,08:35:03,00:00:10
stefano.crapanzano@chu.ulg.ac.be,Intrastat - Google Chrome,Tâches diverses,2021-03-04,08:35:55,00:01:25
stefano.crapanzano@chu.ulg.ac.be,Intrastat - Google Chrome,Helpdesk général,2021-03-04,08:38:03,00:05:26
stefano.crapanzano@chu.ulg.ac.be,Lecture documentation,Tâches diverses,2021-03-04,08:34:40,00:00:03
stefano.crapanzano@chu.ulg.ac.be,Lecture documentation,Tâches diverses,2021-03-04,09:04:38,00:00:46
stefano.crapanzano@chu.ulg.ac.be,Lecture documentation,Tâches diverses,2021-03-04,09:21:04,00:00:19
stefano.crapanzano@chu.ulg.ac.be,Lecture documentation,Tâches diverses,2021-03-04,09:21:42,00:00:14
stefano.crapanzano@chu.ulg.ac.be,Lecture documentation,Tâches diverses,2021-03-04,09:22:54,00:00:03
stefano.crapanzano@chu.ulg.ac.be,Lecture documentation,Tâches diverses,2021-03-04,09:25:14,00:00:12
stefano.crapanzano@chu.ulg.ac.be,Lecture documentation,Tâches diverses,2021-03-04,09:26:05,00:00:08
stefano.crapanzano@chu.ulg.ac.be,Lecture documentation,Tâches diverses,2021-03-04,09:27:44,00:00:03
stefano.crapanzano@chu.ulg.ac.be,Lecture documentation,Tâches diverses,2021-03-04,09:28:57,00:00:18
stefano.crapanzano@chu.ulg.ac.be,Lecture documentation,Tâches diverses,2021-03-04,09:30:05,00:00:04
stefano.crapanzano@chu.ulg.ac.be,Lecture documentation,Tâches diverses,2021-03-04,09:31:16,00:00:04
stefano.crapanzano@chu.ulg.ac.be,Lecture documentation,Tâches diverses,2021-03-04,09:31:24,00:00:02
stefano.crapanzano@chu.ulg.ac.be,Lecture documentation,Tâches diverses,2021-03-04,09:33:43,00:00:04
stefano.crapanzano@chu.ulg.ac.be,Lecture documentation,Tâches diverses,2021-03-04,09:34:34,00:00:04
stefano.crapanzano@chu.ulg.ac.be,Lecture documentation,Tâches diverses,2021-03-04,09:34:51,00:00:07
stefano.crapanzano@chu.ulg.ac.be,Lecture documentation,Tâches diverses,2021-03-04,09:35:33,00:00:26
stefano.crapanzano@chu.ulg.ac.be,Lecture documentation,Tâches diverses,2021-03-04,09:36:23,00:00:05
stefano.crapanzano@chu.ulg.ac.be,Lecture documentation,Tâches diverses,2021-03-04,09:36:56,00:00:04
stefano.crapanzano@chu.ulg.ac.be,Lecture documentation,Tâches diverses,2021-03-04,09:37:43,00:00:28
stefano.crapanzano@chu.ulg.ac.be,Lecture documentation,Tâches diverses,2021-03-04,09:38:33,00:00:18
stefano.crapanzano@chu.ulg.ac.be,Lecture documentation,Tâches diverses,2021-03-04,09:38:52,00:00:02
stefano.crapanzano@chu.ulg.ac.be,Lecture documentation,Tâches diverses,2021-03-04,09:39:53,00:00:08
stefano.crapanzano@chu.ulg.ac.be,Lecture documentation,Tâches diverses,2021-03-04,09:40:18,00:00:05
stefano.crapanzano@chu.ulg.ac.be,Lecture documentation,Tâches diverses,2021-03-04,09:40:49,00:00:20
stefano.crapanzano@chu.ulg.ac.be,Lecture documentation,Tâches diverses,2021-03-04,09:41:31,00:00:17
stefano.crapanzano@chu.ulg.ac.be,Lecture documentation,Tâches diverses,2021-03-04,09:42:05,00:00:05
stefano.crapanzano@chu.ulg.ac.be,Lecture documentation,Tâches diverses,2021-03-04,09:42:19,00:00:12
stefano.crapanzano@chu.ulg.ac.be,Lecture documentation,Tâches diverses,2021-03-04,09:43:09,00:00:22
stefano.crapanzano@chu.ulg.ac.be,Lecture documentation,Tâches diverses,2021-03-04,09:43:49,00:00:55
stefano.crapanzano@chu.ulg.ac.be,Lecture documentation,Tâches diverses,2021-03-04,09:45:04,00:00:07
stefano.crapanzano@chu.ulg.ac.be,Lecture documentation,Tâches diverses,2021-03-04,09:45:45,00:05:01
stefano.crapanzano@chu.ulg.ac.be,Lecture documentation,Tâches diverses,2021-03-04,09:53:43,00:00:09
stefano.crapanzano@chu.ulg.ac.be,Lecture documentation,Tâches diverses,2021-03-04,10:00:01,00:00:43
stefano.crapanzano@chu.ulg.ac.be,Lecture documentation,Tâches diverses,2021-03-04,10:00:50,00:00:22
stefano.crapanzano@chu.ulg.ac.be,Lecture documentation,Tâches diverses,2021-03-04,10:01:15,00:00:02
stefano.crapanzano@chu.ulg.ac.be,Lecture documentation,Tâches diverses,2021-03-04,10:01:21,00:00:17
stefano.crapanzano@chu.ulg.ac.be,Lecture documentation,Tâches diverses,2021-03-04,10:02:38,00:00:18
stefano.crapanzano@chu.ulg.ac.be,Lecture documentation,Tâches diverses,2021-03-04,10:03:03,00:00:15
stefano.crapanzano@chu.ulg.ac.be,Lecture documentation,Tâches diverses,2021-03-04,10:03:45,00:00:49
stefano.crapanzano@chu.ulg.ac.be,Lecture documentation,Tâches diverses,2021-03-04,10:05:36,00:00:13
stefano.crapanzano@chu.ulg.ac.be,Lecture documentation,Tâches diverses,2021-03-04,10:07:15,00:00:06
stefano.crapanzano@chu.ulg.ac.be,Lecture documentation,Tâches diverses,2021-03-04,10:07:38,00:00:11
stefano.crapanzano@chu.ulg.ac.be,Lecture documentation,Tâches diverses,2021-03-04,10:09:13,00:00:05
stefano.crapanzano@chu.ulg.ac.be,Lecture documentation,Tâches diverses,2021-03-04,10:09:32,00:00:14
stefano.crapanzano@chu.ulg.ac.be,Lecture documentation,Tâches diverses,2021-03-04,10:13:24,00:00:03
stefano.crapanzano@chu.ulg.ac.be,Lecture documentation,Tâches diverses,2021-03-04,10:13:38,00:00:50
stefano.crapanzano@chu.ulg.ac.be,Lecture documentation,Tâches diverses,2021-03-04,10:14:34,00:00:02
stefano.crapanzano@chu.ulg.ac.be,Lecture documentation,Tâches diverses,2021-03-04,10:15:47,00:00:04
stefano.crapanzano@chu.ulg.ac.be,Lecture documentation,Tâches diverses,2021-03-04,10:18:04,00:00:04
stefano.crapanzano@chu.ulg.ac.be,Lecture documentation,Tâches diverses,2021-03-04,10:18:29,00:00:03
stefano.crapanzano@chu.ulg.ac.be,Lecture documentation,Tâches diverses,2021-03-04,10:18:41,00:00:02
stefano.crapanzano@chu.ulg.ac.be,Lecture documentation,Tâches diverses,2021-03-04,10:18:58,00:00:03
stefano.crapanzano@chu.ulg.ac.be,Lecture documentation,Tâches diverses,2021-03-04,10:19:20,00:00:55
stefano.crapanzano@chu.ulg.ac.be,Lecture documentation,Tâches diverses,2021-03-04,10:20:21,00:00:04
stefano.crapanzano@chu.ulg.ac.be,Lecture documentation,Tâches diverses,2021-03-04,10:20:41,00:00:02
stefano.crapanzano@chu.ulg.ac.be,Lecture documentation,Tâches diverses,2021-03-04,10:20:52,00:01:37
stefano.crapanzano@chu.ulg.ac.be,Lecture documentation,Tâches diverses,2021-03-04,10:22:41,00:00:09
stefano.crapanzano@chu.ulg.ac.be,Lecture documentation,Tâches diverses,2021-03-04,10:26:25,00:00:04
stefano.crapanzano@chu.ulg.ac.be,Lecture documentation,Tâches diverses,2021-03-04,10:29:07,00:00:05
stefano.crapanzano@chu.ulg.ac.be,Lecture documentation,Tâches diverses,2021-03-04,10:29:15,00:00:10
stefano.crapanzano@chu.ulg.ac.be,Lecture documentation,Tâches diverses,2021-03-04,10:29:41,00:00:02
stefano.crapanzano@chu.ulg.ac.be,Lecture documentation,Tâches diverses,2021-03-04,10:31:17,00:00:27
stefano.crapanzano@chu.ulg.ac.be,Lecture documentation,Tâches diverses,2021-03-04,10:32:11,00:00:13
stefano.crapanzano@chu.ulg.ac.be,Lecture documentation,Tâches diverses,2021-03-04,10:32:27,00:00:03
stefano.crapanzano@chu.ulg.ac.be,Lecture documentation,Tâches diverses,2021-03-04,10:32:33,00:00:03
stefano.crapanzano@chu.ulg.ac.be,Lecture documentation,Tâches diverses,2021-03-04,10:32:56,00:00:02
stefano.crapanzano@chu.ulg.ac.be,Lecture documentation,Tâches diverses,2021-03-04,10:33:11,00:00:02
stefano.crapanzano@chu.ulg.ac.be,Lecture documentation,Tâches diverses,2021-03-04,10:33:17,00:00:10
stefano.crapanzano@chu.ulg.ac.be,Lecture documentation,Tâches diverses,2021-03-04,10:34:31,00:00:09
stefano.crapanzano@chu.ulg.ac.be,Lecture documentation,Tâches diverses,2021-03-04,10:35:20,00:00:07
stefano.crapanzano@chu.ulg.ac.be,Lecture documentation,Tâches diverses,2021-03-04,10:35:30,00:00:02
stefano.crapanzano@chu.ulg.ac.be,Lecture documentation,Tâches diverses,2021-03-04,10:35:52,00:00:12
stefano.crapanzano@chu.ulg.ac.be,Lecture documentation,Tâches diverses,2021-03-04,10:36:13,00:00:22
stefano.crapanzano@chu.ulg.ac.be,Lecture documentation,Tâches diverses,2021-03-04,10:36:58,00:00:05
stefano.crapanzano@chu.ulg.ac.be,Lecture documentation,Tâches diverses,2021-03-04,10:37:19,00:00:03
stefano.crapanzano@chu.ulg.ac.be,Lecture documentation,Tâches diverses,2021-03-04,10:39:08,00:00:09
stefano.crapanzano@chu.ulg.ac.be,Lecture documentation,Tâches diverses,2021-03-04,10:40:36,00:00:30
stefano.crapanzano@chu.ulg.ac.be,Lecture documentation,Tâches diverses,2021-03-04,10:42:27,00:00:17
stefano.crapanzano@chu.ulg.ac.be,Lecture documentation,Tâches diverses,2021-03-04,10:42:50,00:03:27
stefano.crapanzano@chu.ulg.ac.be,Lecture documentation,Tâches diverses,2021-03-04,10:49:41,00:00:29
stefano.crapanzano@chu.ulg.ac.be,Lecture documentation,Tâches diverses,2021-03-04,10:50:18,00:00:06
stefano.crapanzano@chu.ulg.ac.be,Lecture documentation,Tâches diverses,2021-03-04,10:50:47,00:00:08
stefano.crapanzano@chu.ulg.ac.be,Lecture documentation,Tâches diverses,2021-03-04,10:51:09,00:00:04
stefano.crapanzano@chu.ulg.ac.be,Lecture documentation,Tâches diverses,2021-03-04,10:51:16,00:00:07
stefano.crapanzano@chu.ulg.ac.be,Lecture documentation,Tâches diverses,2021-03-04,10:52:05,00:00:09
stefano.crapanzano@chu.ulg.ac.be,Lecture documentation,Tâches diverses,2021-03-04,10:52:19,00:00:03
stefano.crapanzano@chu.ulg.ac.be,Lecture documentation,Tâches diverses,2021-03-04,10:52:33,00:00:04
stefano.crapanzano@chu.ulg.ac.be,Lecture documentation,Tâches diverses,2021-03-04,10:52:51,00:00:25
stefano.crapanzano@chu.ulg.ac.be,Lecture documentation,Tâches diverses,2021-03-04,10:53:19,00:00:36
stefano.crapanzano@chu.ulg.ac.be,Lecture documentation,Tâches diverses,2021-03-04,10:53:57,00:00:10
stefano.crapanzano@chu.ulg.ac.be,Lecture documentation,Tâches diverses,2021-03-04,10:54:29,00:00:16
stefano.crapanzano@chu.ulg.ac.be,Lecture documentation,Tâches diverses,2021-03-04,10:55:14,00:00:33
stefano.crapanzano@chu.ulg.ac.be,Lecture documentation,Tâches diverses,2021-03-04,10:56:01,00:00:06
stefano.crapanzano@chu.ulg.ac.be,Lecture documentation,Tâches diverses,2021-03-04,10:56:24,00:00:02
stefano.crapanzano@chu.ulg.ac.be,Lecture documentation,Tâches diverses,2021-03-04,10:57:04,00:00:27
stefano.crapanzano@chu.ulg.ac.be,Lecture documentation,Tâches diverses,2021-03-04,10:58:33,00:00:37
stefano.crapanzano@chu.ulg.ac.be,Lecture documentation,Tâches diverses,2021-03-04,10:59:14,00:00:02
stefano.crapanzano@chu.ulg.ac.be,Lecture documentation,Tâches diverses,2021-03-04,10:59:30,00:00:10
stefano.crapanzano@chu.ulg.ac.be,Lecture documentation,Tâches diverses,2021-03-04,10:59:42,00:01:06
stefano.crapanzano@chu.ulg.ac.be,Lecture documentation,Tâches diverses,2021-03-04,11:01:37,00:00:08
stefano.crapanzano@chu.ulg.ac.be,Lecture documentation,Tâches diverses,2021-03-04,11:01:48,00:00:13
stefano.crapanzano@chu.ulg.ac.be,Lecture documentation,Tâches diverses,2021-03-04,11:02:16,00:00:05
stefano.crapanzano@chu.ulg.ac.be,Lecture documentation,Tâches diverses,2021-03-04,11:02:33,00:00:17
stefano.crapanzano@chu.ulg.ac.be,Lecture documentation,Tâches diverses,2021-03-04,11:03:35,00:00:45
stefano.crapanzano@chu.ulg.ac.be,Lecture documentation,Tâches diverses,2021-03-04,11:04:37,00:00:06
stefano.crapanzano@chu.ulg.ac.be,Lecture documentation,Tâches diverses,2021-03-04,11:13:36,00:00:31
stefano.crapanzano@chu.ulg.ac.be,Lecture documentation,Tâches diverses,2021-03-04,11:15:49,00:00:26
stefano.crapanzano@chu.ulg.ac.be,Lecture documentation,Tâches diverses,2021-03-04,11:16:17,00:00:04
stefano.crapanzano@chu.ulg.ac.be,Lecture documentation,Tâches diverses,2021-03-04,11:16:35,00:00:07
stefano.crapanzano@chu.ulg.ac.be,Lecture documentation,Tâches diverses,2021-03-04,11:16:54,00:00:34
stefano.crapanzano@chu.ulg.ac.be,Lecture documentation,Tâches diverses,2021-03-04,11:18:12,00:00:28
stefano.crapanzano@chu.ulg.ac.be,Lecture documentation,Tâches diverses,2021-03-04,11:19:44,00:00:24
stefano.crapanzano@chu.ulg.ac.be,Lecture documentation,Tâches diverses,2021-03-04,11:20:45,00:00:23
stefano.crapanzano@chu.ulg.ac.be,Lecture documentation,Tâches diverses,2021-03-04,11:21:16,00:06:12
stefano.crapanzano@chu.ulg.ac.be,Lecture documentation,Tâches diverses,2021-03-04,11:47:40,00:00:34
stefano.crapanzano@chu.ulg.ac.be,Lecture documentation,Tâches diverses,2021-03-04,11:49:36,00:00:25
stefano.crapanzano@chu.ulg.ac.be,Lecture documentation,Tâches diverses,2021-03-04,11:50:12,00:00:23
stefano.crapanzano@chu.ulg.ac.be,Lecture documentation,Tâches diverses,2021-03-04,11:50:47,00:03:22
stefano.crapanzano@chu.ulg.ac.be,Lecture documentation,Tâches diverses,2021-03-04,11:54:46,00:01:47
stefano.crapanzano@chu.ulg.ac.be,Lecture documentation,Tâches diverses,2021-03-04,11:58:18,00:00:04
stefano.crapanzano@chu.ulg.ac.be,Lecture documentation,Tâches diverses,2021-03-04,11:58:25,00:00:12
stefano.crapanzano@chu.ulg.ac.be,Lecture documentation,Tâches diverses,2021-03-04,11:59:21,00:00:08
stefano.crapanzano@chu.ulg.ac.be,Lecture documentation,Tâches diverses,2021-03-04,12:04:41,00:00:22
stefano.crapanzano@chu.ulg.ac.be,Lecture documentation,Tâches diverses,2021-03-04,12:06:03,00:00:32
stefano.crapanzano@chu.ulg.ac.be,Lecture documentation,Tâches diverses,2021-03-04,12:06:38,00:00:25
stefano.crapanzano@chu.ulg.ac.be,Lecture documentation,Tâches diverses,2021-03-04,12:07:33,00:00:31
stefano.crapanzano@chu.ulg.ac.be,Lecture documentation,Tâches diverses,2021-03-04,12:09:38,00:00:08
stefano.crapanzano@chu.ulg.ac.be,Lecture documentation,Tâches diverses,2021-03-04,12:09:50,00:00:08
stefano.crapanzano@chu.ulg.ac.be,Lecture documentation,Tâches diverses,2021-03-04,12:10:45,00:00:03
stefano.crapanzano@chu.ulg.ac.be,Lecture documentation,Tâches diverses,2021-03-04,12:11:06,00:00:05
stefano.crapanzano@chu.ulg.ac.be,Lecture documentation,Tâches diverses,2021-03-04,12:11:39,00:00:45
stefano.crapanzano@chu.ulg.ac.be,Lecture documentation,Tâches diverses,2021-03-04,12:14:02,00:00:04
stefano.crapanzano@chu.ulg.ac.be,Lecture documentation,Tâches diverses,2021-03-04,12:14:40,00:00:17
stefano.crapanzano@chu.ulg.ac.be,Lecture documentation,Tâches diverses,2021-03-04,12:27:51,00:00:14
stefano.crapanzano@chu.ulg.ac.be,Lecture documentation,Tâches diverses,2021-03-04,12:30:44,00:01:03
stefano.crapanzano@chu.ulg.ac.be,Lecture documentation,Tâches diverses,2021-03-04,13:42:15,00:22:02
stefano.crapanzano@chu.ulg.ac.be,Lecture documentation,Tâches diverses,2021-03-04,14:04:41,00:00:07
stefano.crapanzano@chu.ulg.ac.be,Lecture documentation,Tâches diverses,2021-03-04,14:08:08,00:00:03
stefano.crapanzano@chu.ulg.ac.be,Lecture documentation,Tâches diverses,2021-03-04,14:08:59,00:00:12
stefano.crapanzano@chu.ulg.ac.be,Lecture documentation,Tâches diverses,2021-03-04,14:09:42,00:00:46
stefano.crapanzano@chu.ulg.ac.be,Lecture documentation,Tâches diverses,2021-03-04,14:11:00,00:00:02
stefano.crapanzano@chu.ulg.ac.be,Lecture documentation,Tâches diverses,2021-03-04,14:11:13,00:00:06
stefano.crapanzano@chu.ulg.ac.be,Lecture documentation,Tâches diverses,2021-03-04,14:11:26,00:00:03
stefano.crapanzano@chu.ulg.ac.be,Lecture documentation,Tâches diverses,2021-03-04,14:11:37,00:00:07
stefano.crapanzano@chu.ulg.ac.be,Lecture documentation,Tâches diverses,2021-03-04,14:12:35,00:00:04
stefano.crapanzano@chu.ulg.ac.be,Lecture documentation,Tâches diverses,2021-03-04,14:13:06,00:00:02
stefano.crapanzano@chu.ulg.ac.be,Lecture documentation,Tâches diverses,2021-03-04,14:15:40,00:00:06
stefano.crapanzano@chu.ulg.ac.be,Lecture documentation,Tâches diverses,2021-03-04,14:15:57,00:00:58
stefano.crapanzano@chu.ulg.ac.be,Lecture documentation,Tâches diverses,2021-03-04,14:17:33,00:00:02
stefano.crapanzano@chu.ulg.ac.be,Lecture documentation,Tâches diverses,2021-03-04,14:17:51,00:00:03
stefano.crapanzano@chu.ulg.ac.be,Lecture documentation,Tâches diverses,2021-03-04,14:19:23,00:00:07
stefano.crapanzano@chu.ulg.ac.be,Lecture documentation,Tâches diverses,2021-03-04,14:20:07,00:00:02
stefano.crapanzano@chu.ulg.ac.be,Lecture documentation,Tâches diverses,2021-03-04,14:23:28,00:00:07
stefano.crapanzano@chu.ulg.ac.be,Lecture documentation,Tâches diverses,2021-03-04,14:24:56,00:00:06
stefano.crapanzano@chu.ulg.ac.be,Lecture documentation,Tâches diverses,2021-03-04,14:25:31,00:00:06
stefano.crapanzano@chu.ulg.ac.be,Lecture documentation,Tâches diverses,2021-03-04,14:27:04,00:00:27
stefano.crapanzano@chu.ulg.ac.be,Lecture documentation,Tâches diverses,2021-03-04,14:34:39,00:00:05
stefano.crapanzano@chu.ulg.ac.be,Lecture documentation,Tâches diverses,2021-03-04,14:35:06,00:00:24
stefano.crapanzano@chu.ulg.ac.be,Lecture documentation,Tâches diverses,2021-03-04,14:36:50,00:00:28
stefano.crapanzano@chu.ulg.ac.be,Lecture documentation,Tâches diverses,2021-03-04,14:38:16,00:00:04
stefano.crapanzano@chu.ulg.ac.be,Lecture documentation,Tâches diverses,2021-03-04,14:38:30,00:01:01
stefano.crapanzano@chu.ulg.ac.be,Lecture documentation,Tâches diverses,2021-03-04,14:40:20,00:00:16
stefano.crapanzano@chu.ulg.ac.be,Lecture documentation,Tâches diverses,2021-03-04,14:43:21,00:00:05
stefano.crapanzano@chu.ulg.ac.be,Lecture documentation,Tâches diverses,2021-03-04,14:43:29,00:00:11
stefano.crapanzano@chu.ulg.ac.be,Lecture documentation,Tâches diverses,2021-03-04,14:45:36,00:00:13
stefano.crapanzano@chu.ulg.ac.be,Lecture documentation,Tâches diverses,2021-03-04,14:46:16,00:01:15
stefano.crapanzano@chu.ulg.ac.be,Lecture documentation,Tâches diverses,2021-03-04,14:48:09,00:00:09
stefano.crapanzano@chu.ulg.ac.be,Lecture documentation,Tâches diverses,2021-03-04,14:48:33,00:00:24
stefano.crapanzano@chu.ulg.ac.be,Lecture documentation,Tâches diverses,2021-03-04,14:49:45,00:00:23
stefano.crapanzano@chu.ulg.ac.be,Lecture documentation,Tâches diverses,2021-03-04,14:51:25,00:10:15
stefano.crapanzano@chu.ulg.ac.be,Lecture documentation,Tâches diverses,2021-03-04,15:03:30,00:00:10
stefano.crapanzano@chu.ulg.ac.be,Lecture documentation,Tâches diverses,2021-03-04,15:03:51,00:00:02
stefano.crapanzano@chu.ulg.ac.be,Lecture documentation,Tâches diverses,2021-03-04,15:04:47,00:00:24
stefano.crapanzano@chu.ulg.ac.be,Lecture documentation,Tâches diverses,2021-03-04,15:06:03,00:00:33
stefano.crapanzano@chu.ulg.ac.be,Lecture documentation,Tâches diverses,2021-03-04,15:06:52,00:00:02
stefano.crapanzano@chu.ulg.ac.be,Lecture documentation,Tâches diverses,2021-03-04,15:07:45,00:01:13
stefano.crapanzano@chu.ulg.ac.be,Lecture documentation,Tâches diverses,2021-03-04,15:10:04,00:03:30
stefano.crapanzano@chu.ulg.ac.be,Lecture documentation,Tâches diverses,2021-03-04,15:15:05,00:01:14
stefano.crapanzano@chu.ulg.ac.be,Lecture documentation,Tâches diverses,2021-03-04,15:16:58,00:00:03
stefano.crapanzano@chu.ulg.ac.be,Lecture documentation,Tâches diverses,2021-03-04,15:19:03,00:00:09
stefano.crapanzano@chu.ulg.ac.be,Lecture documentation,Tâches diverses,2021-03-04,15:19:56,00:00:02
stefano.crapanzano@chu.ulg.ac.be,Lecture documentation,Tâches diverses,2021-03-04,15:20:42,00:00:10
stefano.crapanzano@chu.ulg.ac.be,Lecture documentation,Tâches diverses,2021-03-04,15:20:58,00:00:03
stefano.crapanzano@chu.ulg.ac.be,Lecture documentation,Tâches diverses,2021-03-04,15:21:15,00:00:16
stefano.crapanzano@chu.ulg.ac.be,Lecture documentation,Tâches diverses,2021-03-04,15:21:37,00:00:04
stefano.crapanzano@chu.ulg.ac.be,Lecture documentation,Tâches diverses,2021-03-04,15:22:16,00:00:08
stefano.crapanzano@chu.ulg.ac.be,Lecture documentation,Tâches diverses,2021-03-04,15:22:26,00:00:02
stefano.crapanzano@chu.ulg.ac.be,Lecture documentation,Tâches diverses,2021-03-04,15:22:36,00:00:04
stefano.crapanzano@chu.ulg.ac.be,Lecture documentation,Tâches diverses,2021-03-04,15:22:46,00:00:12
stefano.crapanzano@chu.ulg.ac.be,Lecture documentation,Tâches diverses,2021-03-04,15:24:05,00:00:04
stefano.crapanzano@chu.ulg.ac.be,Lecture documentation,Tâches diverses,2021-03-04,15:24:22,00:00:05
stefano.crapanzano@chu.ulg.ac.be,Lecture documentation,Tâches diverses,2021-03-04,15:24:32,00:00:18
stefano.crapanzano@chu.ulg.ac.be,Lecture documentation,Tâches diverses,2021-03-04,15:25:02,00:00:05
stefano.crapanzano@chu.ulg.ac.be,Lecture documentation,Tâches diverses,2021-03-04,15:25:21,00:00:51
stefano.crapanzano@chu.ulg.ac.be,Lecture documentation,Tâches diverses,2021-03-04,15:26:15,00:00:24
stefano.crapanzano@chu.ulg.ac.be,Lecture documentation,Tâches diverses,2021-03-04,15:26:54,00:00:47
stefano.crapanzano@chu.ulg.ac.be,Lecture documentation,Tâches diverses,2021-03-04,15:27:49,00:00:13
stefano.crapanzano@chu.ulg.ac.be,Lecture documentation,Tâches diverses,2021-03-04,15:28:12,00:00:58
stefano.crapanzano@chu.ulg.ac.be,Lecture documentation,Tâches diverses,2021-03-04,15:29:15,00:00:17
stefano.crapanzano@chu.ulg.ac.be,Lecture documentation,Tâches diverses,2021-03-04,15:29:49,00:03:17
stefano.crapanzano@chu.ulg.ac.be,Lecture documentation,Tâches diverses,2021-03-04,15:33:52,00:00:49
stefano.crapanzano@chu.ulg.ac.be,Lecture documentation,Tâches diverses,2021-03-04,15:34:45,00:02:09
stefano.crapanzano@chu.ulg.ac.be,Lecture documentation,Tâches diverses,2021-03-04,15:37:44,00:00:30
stefano.crapanzano@chu.ulg.ac.be,Lecture documentation,Tâches diverses,2021-03-04,15:38:17,00:02:08
stefano.crapanzano@chu.ulg.ac.be,Lecture documentation,Tâches diverses,2021-03-04,15:40:30,00:00:18
stefano.crapanzano@chu.ulg.ac.be,Lecture documentation,Tâches diverses,2021-03-04,15:40:52,00:02:16
stefano.crapanzano@chu.ulg.ac.be,Lecture documentation,Tâches diverses,2021-03-04,15:43:26,00:00:05
stefano.crapanzano@chu.ulg.ac.be,Lecture documentation,Tâches diverses,2021-03-04,15:43:39,00:20:03
stefano.crapanzano@chu.ulg.ac.be,Lecture documentation,Tâches diverses,2021-03-04,16:33:11,00:00:09
stefano.crapanzano@chu.ulg.ac.be,Lecture documentation,Tâches diverses,2021-03-04,16:38:20,00:00:13
stefano.crapanzano@chu.ulg.ac.be,Lecture documentation,Tâches diverses,2021-03-04,16:38:54,00:00:09
stefano.crapanzano@chu.ulg.ac.be,Lecture documentation,Tâches diverses,2021-03-04,16:40:25,00:00:06
stefano.crapanzano@chu.ulg.ac.be,Lecture documentation,Tâches diverses,2021-03-04,16:41:30,00:00:11
stefano.crapanzano@chu.ulg.ac.be,Lecture documentation,Tâches diverses,2021-03-04,16:41:43,00:00:02
stefano.crapanzano@chu.ulg.ac.be,Lecture documentation,Tâches diverses,2021-03-04,16:43:16,00:00:33
stefano.crapanzano@chu.ulg.ac.be,Lecture documentation,Tâches diverses,2021-03-04,16:44:12,00:00:04
stefano.crapanzano@chu.ulg.ac.be,Lecture documentation,Tâches diverses,2021-03-04,16:44:50,00:00:14
stefano.crapanzano@chu.ulg.ac.be,Lecture documentation,Tâches diverses,2021-03-04,16:45:11,00:00:03
stefano.crapanzano@chu.ulg.ac.be,Lecture documentation,Tâches diverses,2021-03-04,16:45:20,00:00:20
stefano.crapanzano@chu.ulg.ac.be,Lecture documentation,Tâches diverses,2021-03-04,16:45:44,00:01:39
stefano.crapanzano@chu.ulg.ac.be,Lecture documentation,Tâches diverses,2021-03-04,16:48:37,00:00:05
stefano.crapanzano@chu.ulg.ac.be,Lecture documentation,Tâches diverses,2021-03-04,16:49:28,00:00:06
stefano.crapanzano@chu.ulg.ac.be,Lecture documentation,Tâches diverses,2021-03-04,16:49:45,00:00:36
stefano.crapanzano@chu.ulg.ac.be,Lecture documentation,Tâches diverses,2021-03-04,16:50:59,00:00:23
stefano.crapanzano@chu.ulg.ac.be,Lecture documentation,Tâches diverses,2021-03-04,16:52:18,00:00:07
stefano.crapanzano@chu.ulg.ac.be,Lecture documentation,Tâches diverses,2021-03-04,16:52:29,00:01:16
stefano.crapanzano@chu.ulg.ac.be,Lecture documentation,Tâches diverses,2021-03-04,16:53:51,00:00:18
stefano.crapanzano@chu.ulg.ac.be,Lecture documentation,Tâches diverses,2021-03-04,16:54:45,00:00:03
stefano.crapanzano@chu.ulg.ac.be,Lecture documentation,Tâches diverses,2021-03-04,16:56:12,00:00:35
stefano.crapanzano@chu.ulg.ac.be,Lecture documentation,Tâches diverses,2021-03-04,16:58:19,00:00:11
stefano.crapanzano@chu.ulg.ac.be,Lecture documentation,Tâches diverses,2021-03-04,16:58:54,00:00:21
stefano.crapanzano@chu.ulg.ac.be,Lecture documentation,Tâches diverses,2021-03-04,16:59:28,00:00:06
stefano.crapanzano@chu.ulg.ac.be,Lecture documentation,Tâches diverses,2021-03-04,16:59:49,00:00:02
stefano.crapanzano@chu.ulg.ac.be,Lecture documentation,Tâches diverses,2021-03-04,17:00:53,00:00:47
stefano.crapanzano@chu.ulg.ac.be,Lecture documentation,Tâches diverses,2021-03-04,17:02:06,00:07:06
stefano.crapanzano@chu.ulg.ac.be,Identification - Google Chrome,Tâches diverses,2021-03-04,08:34:48,00:00:07
stefano.crapanzano@chu.ulg.ac.be,POST data - Google Chrome,Tâches diverses,2021-03-04,08:34:56,00:00:07
stefano.crapanzano@chu.ulg.ac.be,Site administration | Django site admin - Google Chrome,Tâches diverses,2021-03-04,08:35:14,00:00:20
stefano.crapanzano@chu.ulg.ac.be,Site administration | Django site admin - Google Chrome,Tâches diverses,2021-03-04,08:43:30,00:00:02
stefano.crapanzano@chu.ulg.ac.be,Select user to change | Django site admin - Google Chrome,Tâches diverses,2021-03-04,08:35:34,00:00:03
stefano.crapanzano@chu.ulg.ac.be,Select user to change | Django site admin - Google Chrome,Tâches diverses,2021-03-04,08:35:44,00:00:10
stefano.crapanzano@chu.ulg.ac.be,Select user to change | Django site admin - Google Chrome,Tâches diverses,2021-03-04,08:43:32,00:00:03
stefano.crapanzano@chu.ulg.ac.be,Change user | Django site admin - Google Chrome,Tâches diverses,2021-03-04,08:35:38,00:00:06
stefano.crapanzano@chu.ulg.ac.be,Change user | Django site admin - Google Chrome,Tâches diverses,2021-03-04,08:43:36,00:00:08
stefano.crapanzano@chu.ulg.ac.be,Netop Invité,Helpdesk général,2021-03-04,08:37:20,00:00:03
stefano.crapanzano@chu.ulg.ac.be,Netop Invité,Helpdesk général,2021-03-04,12:31:47,00:00:33
stefano.crapanzano@chu.ulg.ac.be,Netop Invité,Helpdesk général,2021-03-04,12:44:14,00:00:04
stefano.crapanzano@chu.ulg.ac.be,Netop Invité,Helpdesk général,2021-03-04,12:49:54,00:00:03
stefano.crapanzano@chu.ulg.ac.be,Netop Invité,Helpdesk général,2021-03-04,12:58:33,00:00:07
stefano.crapanzano@chu.ulg.ac.be,Connexion à l'aide de l'authentification Windows,Helpdesk général,2021-03-04,08:37:23,00:00:02
stefano.crapanzano@chu.ulg.ac.be,Connexion à l'aide de l'authentification Windows,Helpdesk général,2021-03-04,12:32:21,00:00:02
stefano.crapanzano@chu.ulg.ac.be,Connexion à l'aide de l'authentification Windows,Helpdesk général,2021-03-04,12:49:58,00:00:03
stefano.crapanzano@chu.ulg.ac.be,Netop,Helpdesk général,2021-03-04,12:44:12,00:00:02
stefano.crapanzano@chu.ulg.ac.be,erpftp - Netop Remote Control,Helpdesk général,2021-03-04,08:37:27,00:00:34
stefano.crapanzano@chu.ulg.ac.be,Study Groups - LOG_MM_MD_USR_Process automation tools_NL.pdf - Tous les documents - Google Chrome,Tâches diverses,2021-03-04,08:43:44,00:00:03
stefano.crapanzano@chu.ulg.ac.be,Personnalisation de l’authentification dans Django | Documentation de Django | Django - Google Chrome,Tâches diverses,2021-03-04,08:43:51,00:00:07
stefano.crapanzano@chu.ulg.ac.be,Nouvel onglet - Google Chrome,Tâches diverses,2021-03-04,08:43:58,00:00:08
stefano.crapanzano@chu.ulg.ac.be,Nouvel onglet - Google Chrome,Tâches diverses,2021-03-04,09:39:01,00:00:12
stefano.crapanzano@chu.ulg.ac.be,Nouvel onglet - Google Chrome,Tâches diverses,2021-03-04,10:47:23,00:00:06
stefano.crapanzano@chu.ulg.ac.be,Nouvel onglet - Google Chrome,Tâches diverses,2021-03-04,13:15:45,00:00:05
stefano.crapanzano@chu.ulg.ac.be,LABO - Stock article - Google Chrome,Tâches diverses,2021-03-04,08:44:06,00:00:30
stefano.crapanzano@chu.ulg.ac.be,LABO - Stock article - Google Chrome,Tâches diverses,2021-03-04,08:45:22,00:00:09
stefano.crapanzano@chu.ulg.ac.be,LABO - Stock article - Google Chrome,Tâches diverses,2021-03-04,08:46:46,00:00:11
stefano.crapanzano@chu.ulg.ac.be,LABO - Stock article - Google Chrome,Tâches diverses,2021-03-04,08:47:07,00:00:07
stefano.crapanzano@chu.ulg.ac.be,LABO - Stock article - Google Chrome,Tâches diverses,2021-03-04,08:47:25,00:01:41
stefano.crapanzano@chu.ulg.ac.be,LABO - Stock article - Google Chrome,Tâches diverses,2021-03-04,09:08:53,00:00:08
stefano.crapanzano@chu.ulg.ac.be,LABO - Stock article - Google Chrome,Tâches diverses,2021-03-04,09:10:32,00:00:08
stefano.crapanzano@chu.ulg.ac.be,LABO - Stock article - Google Chrome,Tâches diverses,2021-03-04,09:16:36,00:00:06
stefano.crapanzano@chu.ulg.ac.be,LABO - Stock article - Google Chrome,Tâches diverses,2021-03-04,09:17:28,00:00:06
stefano.crapanzano@chu.ulg.ac.be,LABO - Stock article - Google Chrome,Tâches diverses,2021-03-04,09:18:21,00:00:05
stefano.crapanzano@chu.ulg.ac.be,LABO - Stock article - Google Chrome,Tâches diverses,2021-03-04,09:19:26,00:00:04
stefano.crapanzano@chu.ulg.ac.be,SAP Logon 750,Exploration SAP,2021-03-04,08:49:53,00:00:02
stefano.crapanzano@chu.ulg.ac.be,SAP Logon 750,Exploration SAP,2021-03-04,10:07:36,00:00:02
stefano.crapanzano@chu.ulg.ac.be,SAP Logon 750,Exploration SAP,2021-03-04,10:10:10,00:00:03
stefano.crapanzano@chu.ulg.ac.be,SAP Logon 750,Exploration SAP,2021-03-04,12:36:44,00:00:03
stefano.crapanzano@chu.ulg.ac.be,SAP Logon 750,Exploration SAP,2021-03-04,14:34:37,00:00:02
stefano.crapanzano@chu.ulg.ac.be,Gewaardeerde voorraad,Exploration SAP,2021-03-04,08:49:11,00:00:38
stefano.crapanzano@chu.ulg.ac.be,Gewaardeerde voorraad,Exploration SAP,2021-03-04,08:50:19,00:00:39
stefano.crapanzano@chu.ulg.ac.be,Gewaardeerde voorraad,Exploration SAP,2021-03-04,09:02:38,00:01:37
stefano.crapanzano@chu.ulg.ac.be,Gewaardeerde voorraad,Exploration SAP,2021-03-04,09:21:34,00:00:07
stefano.crapanzano@chu.ulg.ac.be,Gewaardeerde voorraad,Exploration SAP,2021-03-04,09:22:01,00:00:02
stefano.crapanzano@chu.ulg.ac.be,Gewaardeerde voorraad,Exploration SAP,2021-03-04,09:30:32,00:00:03
stefano.crapanzano@chu.ulg.ac.be,Gewaardeerde voorraad,Exploration SAP,2021-03-04,09:30:47,00:00:02
stefano.crapanzano@chu.ulg.ac.be,Gewaardeerde voorraad,Exploration SAP,2021-03-04,10:06:49,00:00:06
stefano.crapanzano@chu.ulg.ac.be,Gewaardeerde voorraad,Exploration SAP,2021-03-04,10:07:06,00:00:08
stefano.crapanzano@chu.ulg.ac.be,Gewaardeerde voorraad,Exploration SAP,2021-03-04,10:07:26,00:00:04
stefano.crapanzano@chu.ulg.ac.be,Gewaardeerde voorraad,Exploration SAP,2021-03-04,10:08:36,00:00:07
stefano.crapanzano@chu.ulg.ac.be,Gewaardeerde voorraad,Exploration SAP,2021-03-04,10:09:05,00:00:07
stefano.crapanzano@chu.ulg.ac.be,Gewaardeerde voorraad,Exploration SAP,2021-03-04,10:09:24,00:00:04
stefano.crapanzano@chu.ulg.ac.be,Gewaardeerde voorraad,Exploration SAP,2021-03-04,10:09:48,00:00:20
stefano.crapanzano@chu.ulg.ac.be,Gewaardeerde voorraad,Exploration SAP,2021-03-04,10:10:23,00:00:02
stefano.crapanzano@chu.ulg.ac.be,Gewaardeerde voorraad,Exploration SAP,2021-03-04,10:10:43,00:00:05
stefano.crapanzano@chu.ulg.ac.be,Gewaardeerde voorraad,Exploration SAP,2021-03-04,10:11:43,00:00:14
stefano.crapanzano@chu.ulg.ac.be,Gewaardeerde voorraad,Exploration SAP,2021-03-04,10:12:55,00:00:26
stefano.crapanzano@chu.ulg.ac.be,Gewaardeerde voorraad,Exploration SAP,2021-03-04,10:13:27,00:00:09
stefano.crapanzano@chu.ulg.ac.be,Gewaardeerde voorraad,Exploration SAP,2021-03-04,15:13:56,00:00:04
stefano.crapanzano@chu.ulg.ac.be,SAP,Exploration SAP,2021-03-04,08:49:55,00:00:10
stefano.crapanzano@chu.ulg.ac.be,SAP Easy Access Menu de base Applications financières-économiques,Exploration SAP,2021-03-04,08:50:06,00:00:03
stefano.crapanzano@chu.ulg.ac.be,SAP Easy Access Menu de base Applications financières-économiques,Exploration SAP,2021-03-04,12:36:48,00:00:15
stefano.crapanzano@chu.ulg.ac.be,SAP Easy Access Menu de base Applications financières-économiques,Exploration SAP,2021-03-04,12:37:28,00:00:06
stefano.crapanzano@chu.ulg.ac.be,SAP Easy Access Menu de base Applications financières-économiques,Exploration SAP,2021-03-04,12:42:07,00:00:12
stefano.crapanzano@chu.ulg.ac.be,SAP Easy Access Menu de base Applications financières-économiques,Exploration SAP,2021-03-04,12:42:28,00:00:09
stefano.crapanzano@chu.ulg.ac.be,SAP Easy Access Menu de base Applications financières-économiques,Exploration SAP,2021-03-04,12:42:40,00:00:09
stefano.crapanzano@chu.ulg.ac.be,SAP Easy Access Menu de base Applications financières-économiques,Exploration SAP,2021-03-04,12:53:38,00:00:02
stefano.crapanzano@chu.ulg.ac.be,SAP Easy Access Menu de base Applications financières-économiques,Exploration SAP,2021-03-04,12:53:52,00:00:03
stefano.crapanzano@chu.ulg.ac.be,SAP Easy Access Menu de base Applications financières-économiques,Exploration SAP,2021-03-04,12:54:00,00:00:03
stefano.crapanzano@chu.ulg.ac.be,SAP Easy Access Menu de base Applications financières-économiques,Exploration SAP,2021-03-04,12:55:18,00:00:02
stefano.crapanzano@chu.ulg.ac.be,SAP Easy Access Menu de base Applications financières-économiques,Exploration SAP,2021-03-04,13:00:37,00:00:09
stefano.crapanzano@chu.ulg.ac.be,SAP Easy Access Menu de base Applications financières-économiques,Exploration SAP,2021-03-04,13:34:16,00:00:02
stefano.crapanzano@chu.ulg.ac.be,Valeur par Type de Magasin,Exploration SAP,2021-03-04,08:50:09,00:00:09
stefano.crapanzano@chu.ulg.ac.be,Valeur par Type de Magasin,Exploration SAP,2021-03-04,10:07:24,00:00:02
stefano.crapanzano@chu.ulg.ac.be,C:\inetpub\wwwroot\intrastat\log\debug.log - Notepad++ [Administrator],IT,2021-03-04,09:12:35,00:00:20
stefano.crapanzano@chu.ulg.ac.be,C:\temp\rapport_stock_article_2021_03_04_08_44_32_600173.txt - Notepad++ [Administrator],IT,2021-03-04,09:12:55,00:00:27
stefano.crapanzano@chu.ulg.ac.be,C:\temp\rapport_stock_article_2021_03_04_08_44_32_600173.txt - Notepad++ [Administrator],IT,2021-03-04,09:13:34,00:00:03
stefano.crapanzano@chu.ulg.ac.be,C:\temp\rapport_stock_article_2021_03_04_08_44_32_600173.txt - Notepad++ [Administrator],IT,2021-03-04,09:20:52,00:00:03
stefano.crapanzano@chu.ulg.ac.be,C:\temp\rapport_stock_article_2021_03_04_08_44_32_600173.txt - Notepad++ [Administrator],IT,2021-03-04,09:21:24,00:00:04
stefano.crapanzano@chu.ulg.ac.be,C:\temp\rapport_stock_article_2021_03_04_09_21_52_10656.txt - Notepad++ [Administrator],IT,2021-03-04,09:22:21,00:00:29
stefano.crapanzano@chu.ulg.ac.be,C:\temp\rapport_stock_article_2021_03_04_09_21_52_10656.txt - Notepad++ [Administrator],IT,2021-03-04,09:24:51,00:00:09
stefano.crapanzano@chu.ulg.ac.be,C:\temp\rapport_stock_article_2021_03_04_09_21_52_10656.txt - Notepad++ [Administrator],IT,2021-03-04,09:36:10,00:00:10
stefano.crapanzano@chu.ulg.ac.be,bootstrap panel danger - Recherche Google - Google Chrome,Tâches diverses,2021-03-04,09:39:13,00:00:02
stefano.crapanzano@chu.ulg.ac.be,bootstrap panel danger - Recherche Google - Google Chrome,Tâches diverses,2021-03-04,09:39:34,00:00:05
stefano.crapanzano@chu.ulg.ac.be,Bootstrap Panels - Google Chrome,Tâches diverses,2021-03-04,09:39:16,00:00:18
stefano.crapanzano@chu.ulg.ac.be,Alerts · Bootstrap - Google Chrome,Tâches diverses,2021-03-04,10:47:20,00:00:02
stefano.crapanzano@chu.ulg.ac.be,Sans titre - Message (HTML),Helpdesk général,2021-03-04,09:54:02,00:00:21
stefano.crapanzano@chu.ulg.ac.be,Sans titre - Message (HTML),Helpdesk général,2021-03-04,12:44:59,00:00:22
stefano.crapanzano@chu.ulg.ac.be,Sans titre - Message (HTML),Helpdesk général,2021-03-04,12:45:29,00:00:20
stefano.crapanzano@chu.ulg.ac.be,Sans titre - Message (HTML),Helpdesk général,2021-03-04,13:31:13,00:00:10
stefano.crapanzano@chu.ulg.ac.be,Sans titre - Message (HTML),Helpdesk général,2021-03-04,13:31:30,00:00:07
stefano.crapanzano@chu.ulg.ac.be,Paramètre indiquant qu'il s'agit d'un article de labo - Message (HTML),Helpdesk général,2021-03-04,09:54:24,00:00:15
stefano.crapanzano@chu.ulg.ac.be,Paramètre article de labo dans SAP - Message (HTML),Helpdesk général,2021-03-04,09:54:39,00:02:14
stefano.crapanzano@chu.ulg.ac.be,Paramètre article de labo dans SAP - Message (HTML),Helpdesk général,2021-03-04,09:57:03,00:00:56
stefano.crapanzano@chu.ulg.ac.be,TR: GOAL : outils SAI - Réunion,Helpdesk général,2021-03-04,09:56:58,00:00:04
stefano.crapanzano@chu.ulg.ac.be,TR: GOAL : outils SAI - Réunion,Helpdesk général,2021-03-04,09:57:59,00:00:03
stefano.crapanzano@chu.ulg.ac.be,TR: GOAL : outils SAI - Réunion,Helpdesk général,2021-03-04,13:21:41,00:00:03
stefano.crapanzano@chu.ulg.ac.be,DBeaver 7.2.1 - <GLIMS9.ST.CHULG> Script-1,Helpdesk général,2021-03-04,13:02:42,00:00:22
stefano.crapanzano@chu.ulg.ac.be,Définir valeurs pour critères de filtre,Exploration SAP,2021-03-04,10:06:55,00:00:02
stefano.crapanzano@chu.ulg.ac.be,Définir valeurs pour critères de filtre,Exploration SAP,2021-03-04,10:07:03,00:00:02
stefano.crapanzano@chu.ulg.ac.be,Définir valeurs pour critères de filtre,Exploration SAP,2021-03-04,10:08:43,00:00:04
stefano.crapanzano@chu.ulg.ac.be,Définir valeurs pour critères de filtre,Exploration SAP,2021-03-04,12:57:42,00:00:02
stefano.crapanzano@chu.ulg.ac.be,Sélection multiple pour Article,Exploration SAP,2021-03-04,10:06:57,00:00:06
stefano.crapanzano@chu.ulg.ac.be,Sélection multiple pour Article,Exploration SAP,2021-03-04,10:08:48,00:00:05
stefano.crapanzano@chu.ulg.ac.be,Sélection multiple pour Article,Exploration SAP,2021-03-04,10:08:59,00:00:04
stefano.crapanzano@chu.ulg.ac.be,2 Traité - erp.sai@chuliege.be - Outlook,Helpdesk général,2021-03-04,10:12:11,00:00:06
stefano.crapanzano@chu.ulg.ac.be,javascript get value from url - Recherche Google - Google Chrome,Tâches diverses,2021-03-04,10:47:29,00:00:02
stefano.crapanzano@chu.ulg.ac.be,javascript get value from url - Recherche Google - Google Chrome,Tâches diverses,2021-03-04,10:48:10,00:00:12
stefano.crapanzano@chu.ulg.ac.be,Quick Tip: Get URL Parameters with JavaScript - SitePoint - Google Chrome,Tâches diverses,2021-03-04,10:47:31,00:00:38
stefano.crapanzano@chu.ulg.ac.be,javascript get value from url / - Recherche Google - Google Chrome,Tâches diverses,2021-03-04,10:48:22,00:00:25
stefano.crapanzano@chu.ulg.ac.be,javascript get value from url / - Recherche Google - Google Chrome,Tâches diverses,2021-03-04,12:59:05,00:00:02
stefano.crapanzano@chu.ulg.ac.be,RE: Paramètre article de labo dans SAP - Message (HTML),Helpdesk général,2021-03-04,11:01:14,00:00:07
stefano.crapanzano@chu.ulg.ac.be,Orthographe : Anglais (États-Unis),Helpdesk général,2021-03-04,11:01:21,00:00:02
stefano.crapanzano@chu.ulg.ac.be,Microsoft Outlook,Helpdesk général,2021-03-04,11:45:05,00:00:02
stefano.crapanzano@chu.ulg.ac.be,Microsoft Outlook,Helpdesk général,2021-03-04,13:21:37,00:00:04
stefano.crapanzano@chu.ulg.ac.be,Ouverture d'une pièce jointe,Helpdesk général,2021-03-04,11:27:47,00:00:02
stefano.crapanzano@chu.ulg.ac.be,C:\Users\c158492\AppData\Local\Microsoft\Windows\Temporary Internet Files\Content.Outlook\SUHESELV\20210301-1050.csv - Notepad++ [Administrator],IT,2021-03-04,11:27:49,00:14:01
stefano.crapanzano@chu.ulg.ac.be,192.168.192.86 - Netop Remote Control,Helpdesk général,2021-03-04,12:32:25,00:04:18
stefano.crapanzano@chu.ulg.ac.be,192.168.192.86 - Netop Remote Control,Helpdesk général,2021-03-04,12:37:50,00:04:02
stefano.crapanzano@chu.ulg.ac.be,192.168.192.86 - Netop Remote Control,Helpdesk général,2021-03-04,12:42:19,00:00:07
stefano.crapanzano@chu.ulg.ac.be,192.168.192.86 - Netop Remote Control,Helpdesk général,2021-03-04,12:42:51,00:01:20
stefano.crapanzano@chu.ulg.ac.be,192.168.192.86 - Netop Remote Control,Helpdesk général,2021-03-04,12:50:03,00:01:25
stefano.crapanzano@chu.ulg.ac.be,192.168.192.86 - Netop Remote Control,Helpdesk général,2021-03-04,12:51:45,00:00:48
stefano.crapanzano@chu.ulg.ac.be,192.168.192.86 - Netop Remote Control,Helpdesk général,2021-03-04,12:53:12,00:00:22
stefano.crapanzano@chu.ulg.ac.be,192.168.192.86 - Netop Remote Control,Helpdesk général,2021-03-04,12:53:58,00:00:02
stefano.crapanzano@chu.ulg.ac.be,192.168.192.86 - Netop Remote Control,Helpdesk général,2021-03-04,12:55:59,00:00:55
stefano.crapanzano@chu.ulg.ac.be,Affichage des listes de demandes d'achat,Exploration SAP,2021-03-04,12:37:03,00:00:25
stefano.crapanzano@chu.ulg.ac.be,Affichage des listes de demandes d'achat,Exploration SAP,2021-03-04,12:42:26,00:00:02
stefano.crapanzano@chu.ulg.ac.be,Gestion des utilisateurs : écran initial,Exploration SAP,2021-03-04,12:37:34,00:00:03
stefano.crapanzano@chu.ulg.ac.be,Gestion des utilisateurs : écran initial,Exploration SAP,2021-03-04,12:41:58,00:00:08
stefano.crapanzano@chu.ulg.ac.be,Gestion des utilisateurs : écran initial,Exploration SAP,2021-03-04,12:53:41,00:00:08
stefano.crapanzano@chu.ulg.ac.be,Gestion des utilisateurs : écran initial,Exploration SAP,2021-03-04,12:54:04,00:00:15
stefano.crapanzano@chu.ulg.ac.be,Gestion des utilisateurs : écran initial,Exploration SAP,2021-03-04,12:54:33,00:00:18
stefano.crapanzano@chu.ulg.ac.be,Gestion des utilisateurs : écran initial,Exploration SAP,2021-03-04,13:29:00,00:00:02
stefano.crapanzano@chu.ulg.ac.be,Nom de l'utilisateur ds fiche utilisateur (2),Exploration SAP,2021-03-04,12:37:38,00:00:06
stefano.crapanzano@chu.ulg.ac.be,Nom de l'utilisateur ds fiche utilisateur (2)    1 Entrée trouvée,Exploration SAP,2021-03-04,12:37:44,00:00:04
stefano.crapanzano@chu.ulg.ac.be,Nom de l'utilisateur ds fiche utilisateur (2)    1 Entrée trouvée,Exploration SAP,2021-03-04,12:41:55,00:00:03
stefano.crapanzano@chu.ulg.ac.be,Rapport historique de paniers,Exploration SAP,2021-03-04,12:42:38,00:00:02
stefano.crapanzano@chu.ulg.ac.be,Rapport historique de paniers,Exploration SAP,2021-03-04,12:44:19,00:00:06
stefano.crapanzano@chu.ulg.ac.be,Rapport historique de paniers,Exploration SAP,2021-03-04,12:44:31,00:00:09
stefano.crapanzano@chu.ulg.ac.be,Rapport historique de paniers,Helpdesk général,2021-03-04,12:44:52,00:00:02
stefano.crapanzano@chu.ulg.ac.be,Rapport historique de paniers,Exploration SAP,2021-03-04,12:45:23,00:00:04
stefano.crapanzano@chu.ulg.ac.be,Rapport historique de paniers,Exploration SAP,2021-03-04,12:45:50,00:00:09
stefano.crapanzano@chu.ulg.ac.be,Rapport historique de paniers,Exploration SAP,2021-03-04,12:51:32,00:00:11
stefano.crapanzano@chu.ulg.ac.be,Rapport historique de paniers,Exploration SAP,2021-03-04,12:52:36,00:00:34
stefano.crapanzano@chu.ulg.ac.be,Rapport historique de paniers,Exploration SAP,2021-03-04,12:53:35,00:00:03
stefano.crapanzano@chu.ulg.ac.be,Rapport historique de paniers,Exploration SAP,2021-03-04,12:57:05,00:00:37
stefano.crapanzano@chu.ulg.ac.be,Rapport historique de paniers,Exploration SAP,2021-03-04,12:57:45,00:00:47
stefano.crapanzano@chu.ulg.ac.be,Rapport historique de paniers,Exploration SAP,2021-03-04,13:00:32,00:00:04
stefano.crapanzano@chu.ulg.ac.be,Rapport historique de paniers,Exploration SAP,2021-03-04,13:00:46,00:00:07
stefano.crapanzano@chu.ulg.ac.be,Rapport historique de paniers,Exploration SAP,2021-03-04,13:01:48,00:00:41
stefano.crapanzano@chu.ulg.ac.be,Rapport historique de paniers,Exploration SAP,2021-03-04,13:03:05,00:00:03
stefano.crapanzano@chu.ulg.ac.be,Rapport historique de paniers,Exploration SAP,2021-03-04,13:07:01,00:00:18
stefano.crapanzano@chu.ulg.ac.be,Rapport historique de paniers,Exploration SAP,2021-03-04,13:28:12,00:00:02
stefano.crapanzano@chu.ulg.ac.be,Zone système ABAP : nom de l'utilisateur actuel (1),Exploration SAP,2021-03-04,12:44:25,00:00:04
stefano.crapanzano@chu.ulg.ac.be,Greenshot capture form,Helpdesk général,2021-03-04,12:44:41,00:00:10
stefano.crapanzano@chu.ulg.ac.be,Greenshot capture form,Helpdesk général,2021-03-04,12:58:53,00:00:09
stefano.crapanzano@chu.ulg.ac.be,Greenshot capture form,Helpdesk général,2021-03-04,13:00:54,00:00:06
stefano.crapanzano@chu.ulg.ac.be,Greenshot capture form,Helpdesk général,2021-03-04,13:02:29,00:00:13
stefano.crapanzano@chu.ulg.ac.be,Greenshot capture form,Exploration SAP,2021-03-04,13:28:14,00:00:06
stefano.crapanzano@chu.ulg.ac.be,Greenshot capture form,Helpdesk général,2021-03-04,13:30:06,00:00:05
stefano.crapanzano@chu.ulg.ac.be,Afficher utilisateur,Exploration SAP,2021-03-04,12:53:49,00:00:02
stefano.crapanzano@chu.ulg.ac.be,Afficher utilisateur,Exploration SAP,2021-03-04,12:54:26,00:00:05
stefano.crapanzano@chu.ulg.ac.be,Afficher utilisateur,Exploration SAP,2021-03-04,12:54:51,00:00:26
stefano.crapanzano@chu.ulg.ac.be,Afficher utilisateur,Exploration SAP,2021-03-04,12:55:42,00:00:06
stefano.crapanzano@chu.ulg.ac.be,Afficher utilisateur,Exploration SAP,2021-03-04,13:28:46,00:00:07
stefano.crapanzano@chu.ulg.ac.be,Gestion des rôles,Exploration SAP,2021-03-04,12:55:20,00:00:02
stefano.crapanzano@chu.ulg.ac.be,Gestion des rôles,Exploration SAP,2021-03-04,12:55:31,00:00:08
stefano.crapanzano@chu.ulg.ac.be,Gestion des rôles,Exploration SAP,2021-03-04,12:56:58,00:00:02
stefano.crapanzano@chu.ulg.ac.be,Dialogue,Exploration SAP,2021-03-04,12:55:27,00:00:03
stefano.crapanzano@chu.ulg.ac.be,TypeAheadPopup,Exploration SAP,2021-03-04,12:55:24,00:00:03
stefano.crapanzano@chu.ulg.ac.be,Gérer utilisateur,Exploration SAP,2021-03-04,12:55:48,00:00:06
stefano.crapanzano@chu.ulg.ac.be,192.168.192.86 - Lecture des enregistrements,Helpdesk général,2021-03-04,12:58:40,00:00:12
stefano.crapanzano@chu.ulg.ac.be,192.168.192.86 - Lecture des enregistrements,Helpdesk général,2021-03-04,12:59:02,00:00:02
stefano.crapanzano@chu.ulg.ac.be,192.168.192.86 - Lecture des enregistrements,Helpdesk général,2021-03-04,13:07:20,00:00:40
stefano.crapanzano@chu.ulg.ac.be,192.168.192.86 - Lecture des enregistrements,Helpdesk général,2021-03-04,13:30:03,00:00:02
stefano.crapanzano@chu.ulg.ac.be,192.168.192.86 - Lecture des enregistrements,Helpdesk général,2021-03-04,13:32:50,00:00:02
stefano.crapanzano@chu.ulg.ac.be,Log in - Service Desk - Google Chrome,Tâches diverses,2021-03-04,12:59:09,00:00:07
stefano.crapanzano@chu.ulg.ac.be,Bienvenue! Vous pouvez poser une demande de Service Desk ERP for HealthCare parmi les options fournies. - Service d'assistance - Google Chrome,Tâches diverses,2021-03-04,12:59:18,00:00:02
stefano.crapanzano@chu.ulg.ac.be,Incident ERP for HealthCare - Bienvenue! Vous pouvez poser une demande de Service Desk ERP for HealthCare parmi les options fournies. - Service d'assistance - Google Chrome,Tâches diverses,2021-03-04,12:59:20,00:01:09
stefano.crapanzano@chu.ulg.ac.be,Incident ERP for HealthCare - Bienvenue! Vous pouvez poser une demande de Service Desk ERP for HealthCare parmi les options fournies. - Service d'assistance - Google Chrome,Tâches diverses,2021-03-04,13:01:04,00:00:04
stefano.crapanzano@chu.ulg.ac.be,Incident ERP for HealthCare - Bienvenue! Vous pouvez poser une demande de Service Desk ERP for HealthCare parmi les options fournies. - Service d'assistance - Google Chrome,Tâches diverses,2021-03-04,13:01:17,00:00:29
stefano.crapanzano@chu.ulg.ac.be,Incident ERP for HealthCare - Bienvenue! Vous pouvez poser une demande de Service Desk ERP for HealthCare parmi les options fournies. - Service d'assistance - Google Chrome,Tâches diverses,2021-03-04,13:08:23,00:00:13
stefano.crapanzano@chu.ulg.ac.be,Incident ERP for HealthCare - Bienvenue! Vous pouvez poser une demande de Service Desk ERP for HealthCare parmi les options fournies. - Service d'assistance - Google Chrome,Tâches diverses,2021-03-04,13:08:37,00:07:07
stefano.crapanzano@chu.ulg.ac.be,Incident ERP for HealthCare - Bienvenue! Vous pouvez poser une demande de Service Desk ERP for HealthCare parmi les options fournies. - Service d'assistance - Google Chrome,Tâches diverses,2021-03-04,13:17:53,00:00:33
stefano.crapanzano@chu.ulg.ac.be,Incident ERP for HealthCare - Bienvenue! Vous pouvez poser une demande de Service Desk ERP for HealthCare parmi les options fournies. - Service d'assistance - Google Chrome,Tâches diverses,2021-03-04,13:28:08,00:00:02
stefano.crapanzano@chu.ulg.ac.be,Incident ERP for HealthCare - Bienvenue! Vous pouvez poser une demande de Service Desk ERP for HealthCare parmi les options fournies. - Service d'assistance - Google Chrome,Tâches diverses,2021-03-04,13:28:27,00:00:17
stefano.crapanzano@chu.ulg.ac.be,Incident ERP for HealthCare - Bienvenue! Vous pouvez poser une demande de Service Desk ERP for HealthCare parmi les options fournies. - Service d'assistance - Google Chrome,Tâches diverses,2021-03-04,13:29:02,00:00:56
stefano.crapanzano@chu.ulg.ac.be,Incident ERP for HealthCare - Bienvenue! Vous pouvez poser une demande de Service Desk ERP for HealthCare parmi les options fournies. - Service d'assistance - Google Chrome,Tâches diverses,2021-03-04,13:30:14,00:00:02
stefano.crapanzano@chu.ulg.ac.be,Incident ERP for HealthCare - Bienvenue! Vous pouvez poser une demande de Service Desk ERP for HealthCare parmi les options fournies. - Service d'assistance - Google Chrome,Tâches diverses,2021-03-04,13:30:18,00:00:36
stefano.crapanzano@chu.ulg.ac.be,Ouvrir,Tâches diverses,2021-03-04,13:01:08,00:00:08
stefano.crapanzano@chu.ulg.ac.be,Ouvrir,Tâches diverses,2021-03-04,13:18:26,00:00:16
stefano.crapanzano@chu.ulg.ac.be,Ouvrir,Tâches diverses,2021-03-04,13:28:03,00:00:04
stefano.crapanzano@chu.ulg.ac.be,Ouvrir,Tâches diverses,2021-03-04,13:28:25,00:00:02
stefano.crapanzano@chu.ulg.ac.be,Bureau - Google Sheets - Google Chrome,Tâches diverses,2021-03-04,13:15:51,00:01:59
stefano.crapanzano@chu.ulg.ac.be,Bureau - Google Sheets - Google Chrome,Tâches diverses,2021-03-04,14:05:13,00:02:52
stefano.crapanzano@chu.ulg.ac.be,Bureau - Google Sheets - Google Chrome,Tâches diverses,2021-03-04,14:29:12,00:04:25
stefano.crapanzano@chu.ulg.ac.be,C:\temp\screenshots\2021-03-04 13_00_53-Rapport historique de paniers.png - IrfanView,Tâches diverses,2021-03-04,13:18:43,00:00:02
stefano.crapanzano@chu.ulg.ac.be,Gestionnaire des tâches de Windows,IT,2021-03-04,13:19:38,00:00:08
stefano.crapanzano@chu.ulg.ac.be,Affichage ZSSP_REP_SC_HISTORY vide pour Anne Loneux - Bienvenue! Vous pouvez poser une demande de Service Desk ERP for HealthCare parmi les options fournies. - Service d'assistance - Google Chrome,Tâches diverses,2021-03-04,13:30:54,00:00:09
stefano.crapanzano@chu.ulg.ac.be,Affichage ZSSP_REP_SC_HISTORY vide pour Anne Loneux - Bienvenue! Vous pouvez poser une demande de Service Desk ERP for HealthCare parmi les options fournies. - Service d'assistance - Google Chrome,Tâches diverses,2021-03-04,13:31:25,00:00:04
stefano.crapanzano@chu.ulg.ac.be,Affichage ZSSP_REP_SC_HISTORY vide pour Anne Loneux - Bienvenue! Vous pouvez poser une demande de Service Desk ERP for HealthCare parmi les options fournies. - Service d'assistance - Google Chrome,Tâches diverses,2021-03-04,13:32:31,00:00:16
stefano.crapanzano@chu.ulg.ac.be,Affichage ZSSP_REP_SC_HISTORY vide pour Anne Loneux - Bienvenue! Vous pouvez poser une demande de Service Desk ERP for HealthCare parmi les options fournies. - Service d'assistance - Google Chrome,Tâches diverses,2021-03-04,13:34:29,00:07:19
stefano.crapanzano@chu.ulg.ac.be,Affichage ZSSP_REP_SC_HISTORY vide pour Anne Loneux - Bienvenue! Vous pouvez poser une demande de Service Desk ERP for HealthCare parmi les options fournies. - Service d'assistance - Google Chrome,Tâches diverses,2021-03-04,14:04:49,00:00:24
stefano.crapanzano@chu.ulg.ac.be,Ouverture -Outlook,Helpdesk général,2021-03-04,13:31:03,00:00:02
stefano.crapanzano@chu.ulg.ac.be,Zimbra État de l’opération Envoyer/Recevoir,Helpdesk général,2021-03-04,13:31:08,00:00:02
stefano.crapanzano@chu.ulg.ac.be,SDERP-18020 - Affichage ZSSP_REP_SC_HISTORY vide pour Anne Loneux - Message (HTML),Helpdesk général,2021-03-04,13:31:37,00:00:54
stefano.crapanzano@chu.ulg.ac.be,Calendrier - Zimbra - Stefano Crapanzano - Outlook,Helpdesk général,2021-03-04,14:34:17,00:00:12
stefano.crapanzano@chu.ulg.ac.be,Conserver un fichier non existant,IT,2021-03-04,15:14:04,00:00:02
stefano.crapanzano@chu.ulg.ac.be,*new 2 - Notepad++ [Administrator],IT,2021-03-04,15:14:09,00:00:14
stefano.crapanzano@chu.ulg.ac.be,Ouverture -Excel,Tâches diverses,2021-03-04,15:14:24,00:00:03
stefano.crapanzano@chu.ulg.ac.be,Excel,Tâches diverses,2021-03-04,15:14:27,00:00:02
stefano.crapanzano@chu.ulg.ac.be,Classeur1 - Excel,Tâches diverses,2021-03-04,15:14:30,00:00:16
stefano.crapanzano@chu.ulg.ac.be,Classeur1 - Excel,Tâches diverses,2021-03-04,15:14:50,00:00:03
stefano.crapanzano@chu.ulg.ac.be,Classeur1 - Excel,Tâches diverses,2021-03-04,16:18:01,00:00:03
stefano.crapanzano@chu.ulg.ac.be,Supprimer les doublons,Tâches diverses,2021-03-04,15:14:47,00:00:02
stefano.crapanzano@chu.ulg.ac.be,Microsoft Excel,Tâches diverses,2021-03-04,16:05:43,00:00:02
stefano.crapanzano@chu.ulg.ac.be,Microsoft Excel,Tâches diverses,2021-03-04,16:19:07,00:00:02
stefano.crapanzano@chu.ulg.ac.be,Stefano CRAPANZANO - erp.sai@chuliege.be - Outlook,Helpdesk général,2021-03-04,16:04:17,00:00:28
stefano.crapanzano@chu.ulg.ac.be,Stefano CRAPANZANO - erp.sai@chuliege.be - Outlook,Helpdesk général,2021-03-04,16:24:42,00:00:04
stefano.crapanzano@chu.ulg.ac.be,GOAL_COMMANDES_EN_COURS_LABO.xltm - Excel,Tâches diverses,2021-03-04,16:05:29,00:00:03
stefano.crapanzano@chu.ulg.ac.be,GOAL_COMMANDES_EN_COURS_LABO.xltm - Excel,Tâches diverses,2021-03-04,16:05:39,00:00:03
stefano.crapanzano@chu.ulg.ac.be,GOAL_COMMANDES_EN_COURS_LABO.xltm - Excel,Tâches diverses,2021-03-04,16:18:51,00:00:04
stefano.crapanzano@chu.ulg.ac.be,GOAL_COMMANDES_EN_COURS_LABO.xltm - Excel,Tâches diverses,2021-03-04,16:19:05,00:00:02
stefano.crapanzano@chu.ulg.ac.be,Connexions du classeur,Tâches diverses,2021-03-04,16:18:56,00:00:02
stefano.crapanzano@chu.ulg.ac.be,Propriétés de connexion,Tâches diverses,2021-03-04,16:05:34,00:00:04
stefano.crapanzano@chu.ulg.ac.be,Propriétés de connexion,Tâches diverses,2021-03-04,16:18:59,00:00:06
stefano.crapanzano@chu.ulg.ac.be,\\filesrv01.st.chulg\oazis_prod\APPL_PROD\SOURCES\BAT\ERP\CHL_ERP_GOAL_EXTRACT_ARTICLES_AE2_LABO.bat - Notepad++ [Administrator],IT,2021-03-04,16:07:25,00:00:08
stefano.crapanzano@chu.ulg.ac.be,\\filesrv01.st.chulg\oazis_prod\APPL_PROD\SOURCES\BAT\ERP\CHL_ERP_GOAL_EXTRACT_ARTICLES_AE2_LABO.bat - Notepad++ [Administrator],IT,2021-03-04,16:23:21,00:00:02
stefano.crapanzano@chu.ulg.ac.be,C:\Users\c158492\ProjetBoulot\PYTHON\service_achat\project\1_import_codes.py - Notepad++ [Administrator],IT,2021-03-04,16:15:37,00:00:15
stefano.crapanzano@chu.ulg.ac.be,C:\Users\c158492\ProjetBoulot\PYTHON\service_achat\project\1_import_codes.py - Notepad++ [Administrator],IT,2021-03-04,16:17:01,00:00:08
stefano.crapanzano@chu.ulg.ac.be,C:\Users\c158492\ProjetBoulot\PYTHON\service_achat\project\1_import_codes.py - Notepad++ [Administrator],IT,2021-03-04,16:23:33,00:00:13
stefano.crapanzano@chu.ulg.ac.be,C:\Users\c158492\ProjetBoulot\PYTHON\service_achat\project\1_import_codes.py - Notepad++ [Administrator],IT,2021-03-04,16:27:23,00:00:35
stefano.crapanzano@chu.ulg.ac.be,C:\Users\c158492\ProjetBoulot\PYTHON\service_achat\project\1_import_codes.py - Notepad++ [Administrator],IT,2021-03-04,16:28:43,00:00:07
stefano.crapanzano@chu.ulg.ac.be,C:\Users\c158492\ProjetBoulot\PYTHON\service_achat\project\1_import_codes.py - Notepad++ [Administrator],IT,2021-03-04,16:29:50,00:00:02
stefano.crapanzano@chu.ulg.ac.be,C:\Users\c158492\ProjetBoulot\PYTHON\service_achat\project\1_import_codes.py - Notepad++ [Administrator],IT,2021-03-04,16:30:06,00:00:03
stefano.crapanzano@chu.ulg.ac.be,C:\Users\c158492\ProjetBoulot\PYTHON\service_achat\project\1_import_codes.py - Notepad++ [Administrator],IT,2021-03-04,16:30:12,00:00:02
stefano.crapanzano@chu.ulg.ac.be,RAPPORT_STOCK_ARTICLE.xltm - Excel,Tâches diverses,2021-03-04,16:18:26,00:00:13
stefano.crapanzano@chu.ulg.ac.be,C:\Users\c158492\ProjetBoulot\PYTHON\service_achat\project\2_import_in_intrastat_detail.py - Notepad++ [Administrator],IT,2021-03-04,16:24:01,00:00:09
stefano.crapanzano@chu.ulg.ac.be,Rechercher,IT,2021-03-04,16:23:59,00:00:02
stefano.crapanzano@chu.ulg.ac.be,Rechercher,IT,2021-03-04,16:24:23,00:00:06
stefano.crapanzano@chu.ulg.ac.be,Rechercher,IT,2021-03-04,16:30:10,00:00:02
stefano.crapanzano@chu.ulg.ac.be,Rechercher,IT,2021-03-04,16:30:16,00:00:02
stefano.crapanzano@chu.ulg.ac.be,Rechercher,IT,2021-03-04,16:33:47,00:00:14
stefano.crapanzano@chu.ulg.ac.be,Rechercher,IT,2021-03-04,16:39:08,00:00:03
stefano.crapanzano@chu.ulg.ac.be,Rechercher,IT,2021-03-04,16:39:31,00:00:03
stefano.crapanzano@chu.ulg.ac.be,Rechercher,IT,2021-03-04,16:40:34,00:00:07
stefano.crapanzano@chu.ulg.ac.be,Rechercher,IT,2021-03-04,16:42:56,00:00:02
stefano.crapanzano@chu.ulg.ac.be,C:\Users\c158492\ProjetBoulot\PYTHON\service_achat\project\intrastat\tasks.py - Notepad++ [Administrator],IT,2021-03-04,16:24:29,00:00:11
stefano.crapanzano@chu.ulg.ac.be,C:\Users\c158492\ProjetBoulot\PYTHON\service_achat\project\intrastat\tasks.py - Notepad++ [Administrator],IT,2021-03-04,16:25:46,00:00:41
stefano.crapanzano@chu.ulg.ac.be,C:\Users\c158492\ProjetBoulot\PYTHON\service_achat\project\intrastat\tasks.py - Notepad++ [Administrator],IT,2021-03-04,16:26:49,00:00:20
stefano.crapanzano@chu.ulg.ac.be,C:\Users\c158492\ProjetBoulot\PYTHON\service_achat\project\intrastat\tasks.py - Notepad++ [Administrator],IT,2021-03-04,16:30:19,00:00:04
stefano.crapanzano@chu.ulg.ac.be,C:\Users\c158492\ProjetBoulot\PYTHON\service_achat\project\intrastat\tasks.py - Notepad++ [Administrator],IT,2021-03-04,16:31:59,00:00:02
stefano.crapanzano@chu.ulg.ac.be,C:\Users\c158492\ProjetBoulot\PYTHON\service_achat\project\templates\show_intrastat_lines_to_dispatch.html - Notepad++ [Administrator],IT,2021-03-04,16:34:02,00:00:08
stefano.crapanzano@chu.ulg.ac.be,C:\Users\c158492\ProjetBoulot\PYTHON\service_achat\project\templates\show_intrastat_lines_to_dispatch.html - Notepad++ [Administrator],IT,2021-03-04,16:37:04,00:00:09
stefano.crapanzano@chu.ulg.ac.be,C:\Users\c158492\ProjetBoulot\PYTHON\service_achat\project\templates\show_intrastat_lines_to_dispatch.html - Notepad++ [Administrator],IT,2021-03-04,16:39:06,00:00:02
stefano.crapanzano@chu.ulg.ac.be,C:\Users\c158492\ProjetBoulot\PYTHON\service_achat\project\templates\show_intrastat_lines_to_dispatch.html - Notepad++ [Administrator],IT,2021-03-04,16:39:12,00:00:07
stefano.crapanzano@chu.ulg.ac.be,C:\Users\c158492\ProjetBoulot\PYTHON\service_achat\project\templates\show_intrastat_lines_to_dispatch.html - Notepad++ [Administrator],IT,2021-03-04,16:39:29,00:00:02
stefano.crapanzano@chu.ulg.ac.be,C:\Users\c158492\ProjetBoulot\PYTHON\service_achat\project\templates\show_intrastat_lines_to_dispatch.html - Notepad++ [Administrator],IT,2021-03-04,16:39:35,00:00:14
stefano.crapanzano@chu.ulg.ac.be,C:\Users\c158492\ProjetBoulot\PYTHON\service_achat\project\templates\show_intrastat_lines_to_dispatch.html - Notepad++ [Administrator],IT,2021-03-04,16:40:41,00:00:03
stefano.crapanzano@chu.ulg.ac.be,C:\Users\c158492\ProjetBoulot\PYTHON\service_achat\project\templates\show_intrastat_lines_to_dispatch.html - Notepad++ [Administrator],IT,2021-03-04,16:41:54,00:01:01
stefano.crapanzano@chu.ulg.ac.be,C:\Users\c158492\ProjetBoulot\PYTHON\service_achat\project\templates\show_intrastat_lines_to_dispatch.html - Notepad++ [Administrator],IT,2021-03-04,16:42:58,00:00:14
