Email,Description,Project,Start date,Start time,Duration
stefano.crapanzano@chu.ulg.ac.be,Administrateur : C:\Windows\System32\cmd.exe - python  main.py,IT,2021-03-05,08:36:13,00:00:15
stefano.crapanzano@chu.ulg.ac.be,Lecture documentation,Tâches diverses,2021-03-05,08:36:28,00:00:57
stefano.crapanzano@chu.ulg.ac.be,Lecture documentation,Tâches diverses,2021-03-05,08:43:45,00:02:51
stefano.crapanzano@chu.ulg.ac.be,Lecture documentation,Tâches diverses,2021-03-05,08:47:01,00:00:13
stefano.crapanzano@chu.ulg.ac.be,Lecture documentation,Tâches diverses,2021-03-05,08:47:27,00:00:02
stefano.crapanzano@chu.ulg.ac.be,Lecture documentation,Tâches diverses,2021-03-05,08:47:42,00:11:26
stefano.crapanzano@chu.ulg.ac.be,Lecture documentation,Tâches diverses,2021-03-05,09:00:06,00:00:49
stefano.crapanzano@chu.ulg.ac.be,Lecture documentation,Tâches diverses,2021-03-05,09:07:28,00:00:56
stefano.crapanzano@chu.ulg.ac.be,Lecture documentation,Tâches diverses,2021-03-05,09:08:58,00:00:59
stefano.crapanzano@chu.ulg.ac.be,Lecture documentation,Tâches diverses,2021-03-05,09:10:24,00:00:08
stefano.crapanzano@chu.ulg.ac.be,Lecture documentation,Tâches diverses,2021-03-05,09:11:01,00:00:20
stefano.crapanzano@chu.ulg.ac.be,Lecture documentation,Tâches diverses,2021-03-05,09:13:36,00:00:02
stefano.crapanzano@chu.ulg.ac.be,Lecture documentation,Tâches diverses,2021-03-05,09:15:17,00:01:13
stefano.crapanzano@chu.ulg.ac.be,Lecture documentation,Tâches diverses,2021-03-05,09:16:52,00:00:12
stefano.crapanzano@chu.ulg.ac.be,Lecture documentation,Tâches diverses,2021-03-05,09:17:07,00:00:06
stefano.crapanzano@chu.ulg.ac.be,Lecture documentation,Tâches diverses,2021-03-05,09:17:29,00:00:06
stefano.crapanzano@chu.ulg.ac.be,Lecture documentation,Tâches diverses,2021-03-05,09:17:38,00:00:02
stefano.crapanzano@chu.ulg.ac.be,Lecture documentation,Tâches diverses,2021-03-05,09:17:52,00:00:18
stefano.crapanzano@chu.ulg.ac.be,Lecture documentation,Tâches diverses,2021-03-05,09:19:47,00:00:12
stefano.crapanzano@chu.ulg.ac.be,Lecture documentation,Tâches diverses,2021-03-05,09:20:14,00:00:34
stefano.crapanzano@chu.ulg.ac.be,Lecture documentation,Tâches diverses,2021-03-05,09:23:49,00:00:12
stefano.crapanzano@chu.ulg.ac.be,Lecture documentation,Tâches diverses,2021-03-05,09:24:06,00:00:02
stefano.crapanzano@chu.ulg.ac.be,Lecture documentation,Tâches diverses,2021-03-05,09:31:47,00:00:08
stefano.crapanzano@chu.ulg.ac.be,Lecture documentation,Tâches diverses,2021-03-05,09:32:05,00:00:50
stefano.crapanzano@chu.ulg.ac.be,Lecture documentation,Tâches diverses,2021-03-05,09:33:07,00:00:07
stefano.crapanzano@chu.ulg.ac.be,Lecture documentation,Tâches diverses,2021-03-05,09:34:36,00:00:19
stefano.crapanzano@chu.ulg.ac.be,Lecture documentation,Tâches diverses,2021-03-05,09:35:05,00:00:04
stefano.crapanzano@chu.ulg.ac.be,Lecture documentation,Tâches diverses,2021-03-05,09:35:13,00:00:04
stefano.crapanzano@chu.ulg.ac.be,Lecture documentation,Tâches diverses,2021-03-05,09:35:26,00:00:18
stefano.crapanzano@chu.ulg.ac.be,Lecture documentation,Tâches diverses,2021-03-05,09:36:15,00:00:05
stefano.crapanzano@chu.ulg.ac.be,Lecture documentation,Tâches diverses,2021-03-05,09:36:45,00:00:09
stefano.crapanzano@chu.ulg.ac.be,Lecture documentation,Tâches diverses,2021-03-05,09:37:02,00:00:09
stefano.crapanzano@chu.ulg.ac.be,Lecture documentation,Tâches diverses,2021-03-05,09:37:14,00:01:02
stefano.crapanzano@chu.ulg.ac.be,Lecture documentation,Tâches diverses,2021-03-05,09:38:36,00:00:04
stefano.crapanzano@chu.ulg.ac.be,Lecture documentation,Tâches diverses,2021-03-05,09:38:57,00:00:08
stefano.crapanzano@chu.ulg.ac.be,Lecture documentation,Tâches diverses,2021-03-05,09:39:49,00:00:02
stefano.crapanzano@chu.ulg.ac.be,Lecture documentation,Tâches diverses,2021-03-05,09:39:54,00:00:08
stefano.crapanzano@chu.ulg.ac.be,Lecture documentation,Tâches diverses,2021-03-05,09:41:27,00:00:09
stefano.crapanzano@chu.ulg.ac.be,Lecture documentation,Tâches diverses,2021-03-05,09:42:30,00:00:24
stefano.crapanzano@chu.ulg.ac.be,Lecture documentation,Tâches diverses,2021-03-05,09:42:58,00:00:28
stefano.crapanzano@chu.ulg.ac.be,Lecture documentation,Tâches diverses,2021-03-05,09:43:51,00:00:02
stefano.crapanzano@chu.ulg.ac.be,Lecture documentation,Tâches diverses,2021-03-05,09:43:59,00:00:10
stefano.crapanzano@chu.ulg.ac.be,Lecture documentation,Tâches diverses,2021-03-05,09:44:18,00:00:17
stefano.crapanzano@chu.ulg.ac.be,Lecture documentation,Tâches diverses,2021-03-05,09:44:43,00:00:02
stefano.crapanzano@chu.ulg.ac.be,Lecture documentation,Tâches diverses,2021-03-05,09:44:48,00:00:14
stefano.crapanzano@chu.ulg.ac.be,Lecture documentation,Tâches diverses,2021-03-05,09:46:41,00:00:20
stefano.crapanzano@chu.ulg.ac.be,Lecture documentation,Tâches diverses,2021-03-05,09:47:49,00:00:09
stefano.crapanzano@chu.ulg.ac.be,Lecture documentation,Tâches diverses,2021-03-05,09:48:04,00:00:06
stefano.crapanzano@chu.ulg.ac.be,Lecture documentation,Tâches diverses,2021-03-05,09:48:19,00:00:53
stefano.crapanzano@chu.ulg.ac.be,Lecture documentation,Tâches diverses,2021-03-05,09:49:27,00:00:12
stefano.crapanzano@chu.ulg.ac.be,Lecture documentation,Tâches diverses,2021-03-05,09:50:13,00:00:05
stefano.crapanzano@chu.ulg.ac.be,Lecture documentation,Tâches diverses,2021-03-05,09:50:45,00:00:06
stefano.crapanzano@chu.ulg.ac.be,Lecture documentation,Tâches diverses,2021-03-05,09:51:23,00:00:28
stefano.crapanzano@chu.ulg.ac.be,Lecture documentation,Tâches diverses,2021-03-05,10:00:46,00:01:11
stefano.crapanzano@chu.ulg.ac.be,Lecture documentation,Tâches diverses,2021-03-05,10:01:59,00:00:47
stefano.crapanzano@chu.ulg.ac.be,Lecture documentation,Tâches diverses,2021-03-05,10:03:43,00:00:08
stefano.crapanzano@chu.ulg.ac.be,Lecture documentation,Tâches diverses,2021-03-05,10:04:20,00:00:05
stefano.crapanzano@chu.ulg.ac.be,Lecture documentation,Tâches diverses,2021-03-05,10:05:01,00:00:04
stefano.crapanzano@chu.ulg.ac.be,Lecture documentation,Tâches diverses,2021-03-05,10:05:34,00:06:02
stefano.crapanzano@chu.ulg.ac.be,Lecture documentation,Tâches diverses,2021-03-05,10:11:38,00:00:49
stefano.crapanzano@chu.ulg.ac.be,Lecture documentation,Tâches diverses,2021-03-05,10:13:28,00:00:05
stefano.crapanzano@chu.ulg.ac.be,Lecture documentation,Tâches diverses,2021-03-05,10:13:38,00:00:03
stefano.crapanzano@chu.ulg.ac.be,Lecture documentation,Tâches diverses,2021-03-05,10:18:07,00:00:23
stefano.crapanzano@chu.ulg.ac.be,Lecture documentation,Tâches diverses,2021-03-05,10:18:50,00:00:06
stefano.crapanzano@chu.ulg.ac.be,Lecture documentation,Tâches diverses,2021-03-05,10:19:04,00:00:02
stefano.crapanzano@chu.ulg.ac.be,Lecture documentation,Tâches diverses,2021-03-05,10:22:13,00:00:06
stefano.crapanzano@chu.ulg.ac.be,Lecture documentation,Tâches diverses,2021-03-05,10:22:33,00:00:04
stefano.crapanzano@chu.ulg.ac.be,Lecture documentation,Tâches diverses,2021-03-05,10:23:09,00:00:05
stefano.crapanzano@chu.ulg.ac.be,Lecture documentation,Tâches diverses,2021-03-05,10:23:28,00:00:02
stefano.crapanzano@chu.ulg.ac.be,Lecture documentation,Tâches diverses,2021-03-05,10:24:20,00:00:05
stefano.crapanzano@chu.ulg.ac.be,Lecture documentation,Tâches diverses,2021-03-05,10:25:12,00:00:04
stefano.crapanzano@chu.ulg.ac.be,Lecture documentation,Tâches diverses,2021-03-05,10:25:22,00:00:03
stefano.crapanzano@chu.ulg.ac.be,Lecture documentation,Tâches diverses,2021-03-05,10:27:55,00:00:04
stefano.crapanzano@chu.ulg.ac.be,Lecture documentation,Tâches diverses,2021-03-05,10:31:21,00:00:06
stefano.crapanzano@chu.ulg.ac.be,Lecture documentation,Tâches diverses,2021-03-05,10:31:37,00:00:24
stefano.crapanzano@chu.ulg.ac.be,Lecture documentation,Tâches diverses,2021-03-05,10:32:06,00:01:22
stefano.crapanzano@chu.ulg.ac.be,Lecture documentation,Tâches diverses,2021-03-05,10:35:12,00:00:25
stefano.crapanzano@chu.ulg.ac.be,Lecture documentation,Tâches diverses,2021-03-05,10:36:00,00:00:33
stefano.crapanzano@chu.ulg.ac.be,Lecture documentation,Tâches diverses,2021-03-05,10:39:03,00:00:41
stefano.crapanzano@chu.ulg.ac.be,Lecture documentation,Tâches diverses,2021-03-05,10:40:16,00:00:04
stefano.crapanzano@chu.ulg.ac.be,Lecture documentation,Tâches diverses,2021-03-05,10:42:00,00:00:09
stefano.crapanzano@chu.ulg.ac.be,Lecture documentation,Tâches diverses,2021-03-05,10:42:12,00:00:10
stefano.crapanzano@chu.ulg.ac.be,Lecture documentation,Tâches diverses,2021-03-05,10:42:46,00:02:15
stefano.crapanzano@chu.ulg.ac.be,Lecture documentation,Tâches diverses,2021-03-05,10:45:09,00:02:28
stefano.crapanzano@chu.ulg.ac.be,Lecture documentation,Tâches diverses,2021-03-05,10:50:29,00:00:09
stefano.crapanzano@chu.ulg.ac.be,Lecture documentation,Tâches diverses,2021-03-05,10:50:44,00:00:04
stefano.crapanzano@chu.ulg.ac.be,Lecture documentation,Tâches diverses,2021-03-05,10:51:23,00:00:16
stefano.crapanzano@chu.ulg.ac.be,Lecture documentation,Tâches diverses,2021-03-05,10:52:59,00:00:14
stefano.crapanzano@chu.ulg.ac.be,Lecture documentation,Tâches diverses,2021-03-05,10:53:28,00:00:12
stefano.crapanzano@chu.ulg.ac.be,Lecture documentation,Tâches diverses,2021-03-05,10:54:22,00:00:04
stefano.crapanzano@chu.ulg.ac.be,Lecture documentation,Tâches diverses,2021-03-05,10:55:48,00:01:21
stefano.crapanzano@chu.ulg.ac.be,Lecture documentation,Tâches diverses,2021-03-05,10:57:13,00:00:03
stefano.crapanzano@chu.ulg.ac.be,Lecture documentation,Tâches diverses,2021-03-05,10:57:26,00:04:19
stefano.crapanzano@chu.ulg.ac.be,Lecture documentation,Tâches diverses,2021-03-05,11:03:19,00:00:16
stefano.crapanzano@chu.ulg.ac.be,Lecture documentation,Tâches diverses,2021-03-05,11:03:48,00:01:10
stefano.crapanzano@chu.ulg.ac.be,Lecture documentation,Tâches diverses,2021-03-05,11:05:49,00:00:09
stefano.crapanzano@chu.ulg.ac.be,Lecture documentation,Tâches diverses,2021-03-05,11:25:19,00:00:06
stefano.crapanzano@chu.ulg.ac.be,Lecture documentation,Tâches diverses,2021-03-05,11:25:48,00:02:09
stefano.crapanzano@chu.ulg.ac.be,Lecture documentation,Tâches diverses,2021-03-05,11:29:24,00:00:28
stefano.crapanzano@chu.ulg.ac.be,Lecture documentation,Tâches diverses,2021-03-05,11:31:05,00:00:29
stefano.crapanzano@chu.ulg.ac.be,Lecture documentation,Tâches diverses,2021-03-05,11:31:39,00:00:03
stefano.crapanzano@chu.ulg.ac.be,Lecture documentation,Tâches diverses,2021-03-05,11:32:40,00:00:05
stefano.crapanzano@chu.ulg.ac.be,Lecture documentation,Tâches diverses,2021-03-05,11:33:18,00:00:03
stefano.crapanzano@chu.ulg.ac.be,Lecture documentation,Tâches diverses,2021-03-05,11:35:33,00:00:06
stefano.crapanzano@chu.ulg.ac.be,Lecture documentation,Tâches diverses,2021-03-05,11:36:22,00:00:04
stefano.crapanzano@chu.ulg.ac.be,Lecture documentation,Tâches diverses,2021-03-05,11:37:50,00:01:04
stefano.crapanzano@chu.ulg.ac.be,Lecture documentation,Tâches diverses,2021-03-05,11:39:12,00:00:04
stefano.crapanzano@chu.ulg.ac.be,Lecture documentation,Tâches diverses,2021-03-05,11:39:20,00:00:03
stefano.crapanzano@chu.ulg.ac.be,Lecture documentation,Tâches diverses,2021-03-05,11:39:24,00:05:31
stefano.crapanzano@chu.ulg.ac.be,Lecture documentation,Tâches diverses,2021-03-05,11:44:59,00:01:20
stefano.crapanzano@chu.ulg.ac.be,Lecture documentation,Tâches diverses,2021-03-05,11:47:07,00:01:14
stefano.crapanzano@chu.ulg.ac.be,Lecture documentation,Tâches diverses,2021-03-05,11:48:57,00:00:17
stefano.crapanzano@chu.ulg.ac.be,Lecture documentation,Tâches diverses,2021-03-05,11:49:27,00:00:14
stefano.crapanzano@chu.ulg.ac.be,Lecture documentation,Tâches diverses,2021-03-05,11:50:03,00:01:30
stefano.crapanzano@chu.ulg.ac.be,Lecture documentation,Tâches diverses,2021-03-05,11:53:25,00:00:03
stefano.crapanzano@chu.ulg.ac.be,Lecture documentation,Tâches diverses,2021-03-05,11:54:13,00:00:13
stefano.crapanzano@chu.ulg.ac.be,Lecture documentation,Tâches diverses,2021-03-05,11:54:28,00:00:04
stefano.crapanzano@chu.ulg.ac.be,Lecture documentation,Tâches diverses,2021-03-05,11:55:06,00:01:40
stefano.crapanzano@chu.ulg.ac.be,Lecture documentation,Tâches diverses,2021-03-05,11:58:04,00:01:04
stefano.crapanzano@chu.ulg.ac.be,Lecture documentation,Tâches diverses,2021-03-05,11:59:16,00:00:13
stefano.crapanzano@chu.ulg.ac.be,Lecture documentation,Tâches diverses,2021-03-05,11:59:39,00:00:30
stefano.crapanzano@chu.ulg.ac.be,Lecture documentation,Tâches diverses,2021-03-05,12:00:21,00:06:41
stefano.crapanzano@chu.ulg.ac.be,Lecture documentation,Tâches diverses,2021-03-05,12:07:58,00:18:37
stefano.crapanzano@chu.ulg.ac.be,Lecture documentation,Tâches diverses,2021-03-05,12:28:14,00:00:02
stefano.crapanzano@chu.ulg.ac.be,Lecture documentation,Tâches diverses,2021-03-05,12:28:41,00:27:08
stefano.crapanzano@chu.ulg.ac.be,Lecture documentation,Tâches diverses,2021-03-05,12:55:56,00:03:25
stefano.crapanzano@chu.ulg.ac.be,Lecture documentation,Tâches diverses,2021-03-05,12:59:36,00:00:02
stefano.crapanzano@chu.ulg.ac.be,Lecture documentation,Tâches diverses,2021-03-05,12:59:54,00:00:15
stefano.crapanzano@chu.ulg.ac.be,Lecture documentation,Tâches diverses,2021-03-05,13:11:33,00:13:05
stefano.crapanzano@chu.ulg.ac.be,Lecture documentation,Tâches diverses,2021-03-05,13:24:44,00:00:05
stefano.crapanzano@chu.ulg.ac.be,Lecture documentation,Tâches diverses,2021-03-05,13:24:56,00:02:26
stefano.crapanzano@chu.ulg.ac.be,Lecture documentation,Tâches diverses,2021-03-05,13:27:25,00:00:02
stefano.crapanzano@chu.ulg.ac.be,Lecture documentation,Tâches diverses,2021-03-05,13:27:31,00:01:13
stefano.crapanzano@chu.ulg.ac.be,Lecture documentation,Tâches diverses,2021-03-05,13:29:27,00:00:39
stefano.crapanzano@chu.ulg.ac.be,Lecture documentation,Tâches diverses,2021-03-05,13:34:30,00:00:05
stefano.crapanzano@chu.ulg.ac.be,Lecture documentation,Tâches diverses,2021-03-05,13:37:50,00:00:12
stefano.crapanzano@chu.ulg.ac.be,Lecture documentation,Tâches diverses,2021-03-05,13:50:24,00:00:04
stefano.crapanzano@chu.ulg.ac.be,Lecture documentation,Tâches diverses,2021-03-05,13:50:34,00:00:07
stefano.crapanzano@chu.ulg.ac.be,Lecture documentation,Tâches diverses,2021-03-05,13:50:49,00:00:23
stefano.crapanzano@chu.ulg.ac.be,Lecture documentation,Tâches diverses,2021-03-05,13:51:15,00:03:51
stefano.crapanzano@chu.ulg.ac.be,Lecture documentation,Tâches diverses,2021-03-05,14:05:20,01:32:47
stefano.crapanzano@chu.ulg.ac.be,Lecture documentation,Tâches diverses,2021-03-05,15:38:10,00:00:33
stefano.crapanzano@chu.ulg.ac.be,Lecture documentation,Tâches diverses,2021-03-05,15:38:44,00:00:51
stefano.crapanzano@chu.ulg.ac.be,Lecture documentation,Tâches diverses,2021-03-05,16:56:03,00:00:03
stefano.crapanzano@chu.ulg.ac.be,Boîte de réception - erp.sai@chuliege.be - Outlook,Helpdesk général,2021-03-05,08:37:26,00:00:03
stefano.crapanzano@chu.ulg.ac.be,Boîte de réception - erp.sai@chuliege.be - Outlook,Helpdesk général,2021-03-05,08:37:36,00:04:38
stefano.crapanzano@chu.ulg.ac.be,Boîte de réception - erp.sai@chuliege.be - Outlook,Helpdesk général,2021-03-05,10:57:19,00:00:03
stefano.crapanzano@chu.ulg.ac.be,Boîte de réception - erp.sai@chuliege.be - Outlook,Helpdesk général,2021-03-05,13:01:04,00:00:21
stefano.crapanzano@chu.ulg.ac.be,Boîte de réception - erp.sai@chuliege.be - Outlook,Helpdesk général,2021-03-05,13:55:11,00:10:02
stefano.crapanzano@chu.ulg.ac.be,Boîte de réception - erp.sai@chuliege.be - Outlook,Helpdesk général,2021-03-05,15:39:37,00:00:02
stefano.crapanzano@chu.ulg.ac.be,Boîte de réception - erp.sai@chuliege.be - Outlook,Helpdesk général,2021-03-05,15:39:44,00:00:15
stefano.crapanzano@chu.ulg.ac.be,Boîte de réception - erp.sai@chuliege.be - Outlook,Helpdesk général,2021-03-05,15:40:09,01:15:49
stefano.crapanzano@chu.ulg.ac.be,Boîte de réception - erp.sai@chuliege.be - Outlook,Helpdesk général,2021-03-05,16:57:45,00:04:41
stefano.crapanzano@chu.ulg.ac.be,Boîte de Réception - Zimbra - Stefano Crapanzano - Outlook,Helpdesk général,2021-03-05,08:37:30,00:00:06
stefano.crapanzano@chu.ulg.ac.be,Boîte de Réception - Zimbra - Stefano Crapanzano - Outlook,Helpdesk général,2021-03-05,08:42:14,00:00:12
stefano.crapanzano@chu.ulg.ac.be,Boîte de Réception - Zimbra - Stefano Crapanzano - Outlook,Helpdesk général,2021-03-05,08:43:03,00:00:39
stefano.crapanzano@chu.ulg.ac.be,Boîte de Réception - Zimbra - Stefano Crapanzano - Outlook,Helpdesk général,2021-03-05,10:57:16,00:00:02
stefano.crapanzano@chu.ulg.ac.be,Boîte de Réception - Zimbra - Stefano Crapanzano - Outlook,Helpdesk général,2021-03-05,10:57:22,00:00:03
stefano.crapanzano@chu.ulg.ac.be,Boîte de Réception - Zimbra - Stefano Crapanzano - Outlook,Helpdesk général,2021-03-05,13:01:00,00:00:03
stefano.crapanzano@chu.ulg.ac.be,Boîte de Réception - Zimbra - Stefano Crapanzano - Outlook,Helpdesk général,2021-03-05,15:39:39,00:00:04
stefano.crapanzano@chu.ulg.ac.be,Boîte de Réception - Zimbra - Stefano Crapanzano - Outlook,Helpdesk général,2021-03-05,16:55:58,00:00:03
stefano.crapanzano@chu.ulg.ac.be,Boîte de Réception - Zimbra - Stefano Crapanzano - Outlook,Helpdesk général,2021-03-05,16:57:39,00:00:06
stefano.crapanzano@chu.ulg.ac.be,Bureau - Google Sheets - Google Chrome,Tâches diverses,2021-03-05,08:42:26,00:00:37
stefano.crapanzano@chu.ulg.ac.be,Bureau - Google Sheets - Google Chrome,Tâches diverses,2021-03-05,08:59:09,00:00:02
stefano.crapanzano@chu.ulg.ac.be,Bureau - Google Sheets - Google Chrome,Tâches diverses,2021-03-05,09:57:29,00:03:16
stefano.crapanzano@chu.ulg.ac.be,Bureau - Google Sheets - Google Chrome,Tâches diverses,2021-03-05,11:28:01,00:00:02
stefano.crapanzano@chu.ulg.ac.be,Navigation système de fichier,IT,2021-03-05,08:43:43,00:00:02
stefano.crapanzano@chu.ulg.ac.be,Navigation système de fichier,IT,2021-03-05,09:10:17,00:00:02
stefano.crapanzano@chu.ulg.ac.be,Navigation système de fichier,IT,2021-03-05,09:27:14,00:00:02
stefano.crapanzano@chu.ulg.ac.be,Navigation système de fichier,IT,2021-03-05,09:34:06,00:00:02
stefano.crapanzano@chu.ulg.ac.be,Navigation système de fichier,IT,2021-03-05,09:34:23,00:00:02
stefano.crapanzano@chu.ulg.ac.be,Navigation système de fichier,IT,2021-03-05,09:35:45,00:00:03
stefano.crapanzano@chu.ulg.ac.be,Navigation système de fichier,IT,2021-03-05,09:35:57,00:00:02
stefano.crapanzano@chu.ulg.ac.be,Navigation système de fichier,IT,2021-03-05,09:36:13,00:00:02
stefano.crapanzano@chu.ulg.ac.be,Navigation système de fichier,IT,2021-03-05,10:01:57,00:00:02
stefano.crapanzano@chu.ulg.ac.be,Navigation système de fichier,IT,2021-03-05,10:02:47,00:00:02
stefano.crapanzano@chu.ulg.ac.be,Navigation système de fichier,IT,2021-03-05,10:03:01,00:00:06
stefano.crapanzano@chu.ulg.ac.be,Navigation système de fichier,IT,2021-03-05,10:03:18,00:00:06
stefano.crapanzano@chu.ulg.ac.be,Navigation système de fichier,IT,2021-03-05,10:04:07,00:00:03
stefano.crapanzano@chu.ulg.ac.be,Navigation système de fichier,IT,2021-03-05,10:04:17,00:00:02
stefano.crapanzano@chu.ulg.ac.be,Navigation système de fichier,IT,2021-03-05,10:04:25,00:00:02
stefano.crapanzano@chu.ulg.ac.be,Navigation système de fichier,IT,2021-03-05,10:04:59,00:00:02
stefano.crapanzano@chu.ulg.ac.be,Navigation système de fichier,IT,2021-03-05,10:05:05,00:00:06
stefano.crapanzano@chu.ulg.ac.be,Navigation système de fichier,IT,2021-03-05,10:05:32,00:00:02
stefano.crapanzano@chu.ulg.ac.be,Navigation système de fichier,IT,2021-03-05,10:13:34,00:00:04
stefano.crapanzano@chu.ulg.ac.be,Navigation système de fichier,IT,2021-03-05,10:19:32,00:00:08
stefano.crapanzano@chu.ulg.ac.be,Navigation système de fichier,IT,2021-03-05,10:23:20,00:00:04
stefano.crapanzano@chu.ulg.ac.be,Navigation système de fichier,IT,2021-03-05,10:24:17,00:00:02
stefano.crapanzano@chu.ulg.ac.be,Navigation système de fichier,IT,2021-03-05,10:28:08,00:00:02
stefano.crapanzano@chu.ulg.ac.be,Navigation système de fichier,IT,2021-03-05,10:28:22,00:00:02
stefano.crapanzano@chu.ulg.ac.be,Navigation système de fichier,IT,2021-03-05,10:30:45,00:00:04
stefano.crapanzano@chu.ulg.ac.be,Navigation système de fichier,IT,2021-03-05,10:32:01,00:00:03
stefano.crapanzano@chu.ulg.ac.be,Navigation système de fichier,IT,2021-03-05,10:33:28,00:00:04
stefano.crapanzano@chu.ulg.ac.be,Navigation système de fichier,IT,2021-03-05,10:41:10,00:00:02
stefano.crapanzano@chu.ulg.ac.be,Navigation système de fichier,IT,2021-03-05,10:45:02,00:00:03
stefano.crapanzano@chu.ulg.ac.be,Navigation système de fichier,IT,2021-03-05,10:50:39,00:00:04
stefano.crapanzano@chu.ulg.ac.be,Navigation système de fichier,IT,2021-03-05,10:52:57,00:00:02
stefano.crapanzano@chu.ulg.ac.be,Navigation système de fichier,IT,2021-03-05,10:57:09,00:00:03
stefano.crapanzano@chu.ulg.ac.be,Navigation système de fichier,IT,2021-03-05,11:04:59,00:00:02
stefano.crapanzano@chu.ulg.ac.be,Navigation système de fichier,IT,2021-03-05,11:27:57,00:00:03
stefano.crapanzano@chu.ulg.ac.be,Navigation système de fichier,IT,2021-03-05,11:29:53,00:00:10
stefano.crapanzano@chu.ulg.ac.be,Navigation système de fichier,IT,2021-03-05,11:30:06,00:00:02
stefano.crapanzano@chu.ulg.ac.be,Navigation système de fichier,IT,2021-03-05,11:30:54,00:00:02
stefano.crapanzano@chu.ulg.ac.be,Navigation système de fichier,IT,2021-03-05,11:31:35,00:00:04
stefano.crapanzano@chu.ulg.ac.be,Navigation système de fichier,IT,2021-03-05,11:48:38,00:00:09
stefano.crapanzano@chu.ulg.ac.be,Navigation système de fichier,IT,2021-03-05,12:55:49,00:00:02
stefano.crapanzano@chu.ulg.ac.be,Navigation système de fichier,IT,2021-03-05,12:59:22,00:00:03
stefano.crapanzano@chu.ulg.ac.be,Navigation système de fichier,IT,2021-03-05,12:59:30,00:00:05
stefano.crapanzano@chu.ulg.ac.be,Navigation système de fichier,IT,2021-03-05,12:59:39,00:00:15
stefano.crapanzano@chu.ulg.ac.be,Navigation système de fichier,IT,2021-03-05,13:27:23,00:00:02
stefano.crapanzano@chu.ulg.ac.be,Navigation système de fichier,IT,2021-03-05,13:28:45,00:00:05
stefano.crapanzano@chu.ulg.ac.be,Navigation système de fichier,IT,2021-03-05,13:31:35,00:00:02
stefano.crapanzano@chu.ulg.ac.be,Navigation système de fichier,IT,2021-03-05,13:33:21,00:00:03
stefano.crapanzano@chu.ulg.ac.be,Navigation système de fichier,IT,2021-03-05,13:34:28,00:00:02
stefano.crapanzano@chu.ulg.ac.be,Navigation système de fichier,IT,2021-03-05,13:35:31,00:00:02
stefano.crapanzano@chu.ulg.ac.be,Navigation système de fichier,IT,2021-03-05,13:37:47,00:00:02
stefano.crapanzano@chu.ulg.ac.be,Navigation système de fichier,IT,2021-03-05,13:41:54,00:00:02
stefano.crapanzano@chu.ulg.ac.be,Navigation système de fichier,IT,2021-03-05,13:42:36,00:00:02
stefano.crapanzano@chu.ulg.ac.be,Navigation système de fichier,IT,2021-03-05,13:50:22,00:00:02
stefano.crapanzano@chu.ulg.ac.be,Navigation système de fichier,IT,2021-03-05,13:50:29,00:00:02
stefano.crapanzano@chu.ulg.ac.be,Navigation système de fichier,IT,2021-03-05,13:55:06,00:00:02
stefano.crapanzano@chu.ulg.ac.be,Navigation système de fichier,IT,2021-03-05,16:57:30,00:00:02
stefano.crapanzano@chu.ulg.ac.be,Programmation,IT,2021-03-05,08:46:36,00:00:24
stefano.crapanzano@chu.ulg.ac.be,Programmation,IT,2021-03-05,08:47:15,00:00:12
stefano.crapanzano@chu.ulg.ac.be,Programmation,IT,2021-03-05,08:47:29,00:00:13
stefano.crapanzano@chu.ulg.ac.be,Programmation,IT,2021-03-05,08:59:45,00:00:10
stefano.crapanzano@chu.ulg.ac.be,Programmation,IT,2021-03-05,08:59:58,00:00:06
stefano.crapanzano@chu.ulg.ac.be,Programmation,IT,2021-03-05,09:00:56,00:00:03
stefano.crapanzano@chu.ulg.ac.be,Programmation,IT,2021-03-05,09:02:17,00:05:09
stefano.crapanzano@chu.ulg.ac.be,Programmation,IT,2021-03-05,09:08:26,00:00:06
stefano.crapanzano@chu.ulg.ac.be,Programmation,IT,2021-03-05,09:08:37,00:00:19
stefano.crapanzano@chu.ulg.ac.be,Programmation,IT,2021-03-05,09:10:19,00:00:03
stefano.crapanzano@chu.ulg.ac.be,Programmation,IT,2021-03-05,09:10:57,00:00:03
stefano.crapanzano@chu.ulg.ac.be,Programmation,IT,2021-03-05,09:11:22,00:02:13
stefano.crapanzano@chu.ulg.ac.be,Programmation,IT,2021-03-05,09:13:39,00:01:37
stefano.crapanzano@chu.ulg.ac.be,Programmation,IT,2021-03-05,09:16:31,00:00:19
stefano.crapanzano@chu.ulg.ac.be,Programmation,IT,2021-03-05,09:17:05,00:00:02
stefano.crapanzano@chu.ulg.ac.be,Programmation,IT,2021-03-05,09:17:15,00:00:14
stefano.crapanzano@chu.ulg.ac.be,Programmation,IT,2021-03-05,09:17:36,00:00:02
stefano.crapanzano@chu.ulg.ac.be,Programmation,IT,2021-03-05,09:17:40,00:00:11
stefano.crapanzano@chu.ulg.ac.be,Programmation,IT,2021-03-05,09:18:12,00:01:35
stefano.crapanzano@chu.ulg.ac.be,Programmation,IT,2021-03-05,09:20:00,00:00:14
stefano.crapanzano@chu.ulg.ac.be,Programmation,IT,2021-03-05,09:20:49,00:02:59
stefano.crapanzano@chu.ulg.ac.be,Programmation,IT,2021-03-05,09:24:02,00:00:04
stefano.crapanzano@chu.ulg.ac.be,Programmation,IT,2021-03-05,09:24:08,00:01:57
stefano.crapanzano@chu.ulg.ac.be,Programmation,IT,2021-03-05,09:26:07,00:01:07
stefano.crapanzano@chu.ulg.ac.be,Programmation,IT,2021-03-05,09:27:18,00:04:26
stefano.crapanzano@chu.ulg.ac.be,Programmation,IT,2021-03-05,09:31:55,00:00:09
stefano.crapanzano@chu.ulg.ac.be,Programmation,IT,2021-03-05,09:32:57,00:00:09
stefano.crapanzano@chu.ulg.ac.be,Programmation,IT,2021-03-05,09:33:16,00:00:49
stefano.crapanzano@chu.ulg.ac.be,Programmation,IT,2021-03-05,09:34:25,00:00:09
stefano.crapanzano@chu.ulg.ac.be,Programmation,IT,2021-03-05,09:34:55,00:00:08
stefano.crapanzano@chu.ulg.ac.be,Programmation,IT,2021-03-05,09:35:10,00:00:02
stefano.crapanzano@chu.ulg.ac.be,Programmation,IT,2021-03-05,09:35:18,00:00:06
stefano.crapanzano@chu.ulg.ac.be,Programmation,IT,2021-03-05,09:35:48,00:00:09
stefano.crapanzano@chu.ulg.ac.be,Programmation,IT,2021-03-05,09:35:59,00:00:13
stefano.crapanzano@chu.ulg.ac.be,Programmation,IT,2021-03-05,09:36:21,00:00:21
stefano.crapanzano@chu.ulg.ac.be,Programmation,IT,2021-03-05,09:36:55,00:00:06
stefano.crapanzano@chu.ulg.ac.be,Programmation,IT,2021-03-05,09:38:17,00:00:18
stefano.crapanzano@chu.ulg.ac.be,Programmation,IT,2021-03-05,09:38:41,00:00:15
stefano.crapanzano@chu.ulg.ac.be,Programmation,IT,2021-03-05,09:39:06,00:00:41
stefano.crapanzano@chu.ulg.ac.be,Programmation,IT,2021-03-05,09:39:52,00:00:02
stefano.crapanzano@chu.ulg.ac.be,Programmation,IT,2021-03-05,09:40:04,00:00:31
stefano.crapanzano@chu.ulg.ac.be,Programmation,IT,2021-03-05,09:40:37,00:00:48
stefano.crapanzano@chu.ulg.ac.be,Programmation,IT,2021-03-05,09:41:40,00:00:49
stefano.crapanzano@chu.ulg.ac.be,Programmation,IT,2021-03-05,09:42:55,00:00:02
stefano.crapanzano@chu.ulg.ac.be,Programmation,IT,2021-03-05,09:43:28,00:00:23
stefano.crapanzano@chu.ulg.ac.be,Programmation,IT,2021-03-05,09:43:53,00:00:05
stefano.crapanzano@chu.ulg.ac.be,Programmation,IT,2021-03-05,09:44:09,00:00:08
stefano.crapanzano@chu.ulg.ac.be,Programmation,IT,2021-03-05,09:44:37,00:00:06
stefano.crapanzano@chu.ulg.ac.be,Programmation,IT,2021-03-05,09:44:46,00:00:02
stefano.crapanzano@chu.ulg.ac.be,Programmation,IT,2021-03-05,09:45:02,00:01:38
stefano.crapanzano@chu.ulg.ac.be,Programmation,IT,2021-03-05,09:47:01,00:00:46
stefano.crapanzano@chu.ulg.ac.be,Programmation,IT,2021-03-05,09:47:58,00:00:06
stefano.crapanzano@chu.ulg.ac.be,Programmation,IT,2021-03-05,09:48:11,00:00:07
stefano.crapanzano@chu.ulg.ac.be,Programmation,IT,2021-03-05,09:49:14,00:00:12
stefano.crapanzano@chu.ulg.ac.be,Programmation,IT,2021-03-05,09:49:40,00:00:32
stefano.crapanzano@chu.ulg.ac.be,Programmation,IT,2021-03-05,09:50:19,00:00:25
stefano.crapanzano@chu.ulg.ac.be,Programmation,IT,2021-03-05,09:50:52,00:00:27
stefano.crapanzano@chu.ulg.ac.be,Programmation,IT,2021-03-05,09:51:21,00:00:02
stefano.crapanzano@chu.ulg.ac.be,Programmation,IT,2021-03-05,09:51:52,00:04:23
stefano.crapanzano@chu.ulg.ac.be,Programmation,IT,2021-03-05,09:56:18,00:01:08
stefano.crapanzano@chu.ulg.ac.be,Programmation,IT,2021-03-05,10:05:12,00:00:19
stefano.crapanzano@chu.ulg.ac.be,Programmation,IT,2021-03-05,10:11:36,00:00:02
stefano.crapanzano@chu.ulg.ac.be,Programmation,IT,2021-03-05,10:12:28,00:01:00
stefano.crapanzano@chu.ulg.ac.be,Programmation,IT,2021-03-05,10:13:43,00:04:23
stefano.crapanzano@chu.ulg.ac.be,Programmation,IT,2021-03-05,10:18:30,00:00:19
stefano.crapanzano@chu.ulg.ac.be,Programmation,IT,2021-03-05,10:18:57,00:00:05
stefano.crapanzano@chu.ulg.ac.be,Programmation,IT,2021-03-05,10:19:06,00:00:23
stefano.crapanzano@chu.ulg.ac.be,Programmation,IT,2021-03-05,10:19:45,00:00:40
stefano.crapanzano@chu.ulg.ac.be,Programmation,IT,2021-03-05,10:20:31,00:00:03
stefano.crapanzano@chu.ulg.ac.be,Programmation,IT,2021-03-05,10:20:36,00:00:21
stefano.crapanzano@chu.ulg.ac.be,Programmation,IT,2021-03-05,10:21:00,00:00:10
stefano.crapanzano@chu.ulg.ac.be,Programmation,IT,2021-03-05,10:21:32,00:00:05
stefano.crapanzano@chu.ulg.ac.be,Programmation,IT,2021-03-05,10:21:40,00:00:03
stefano.crapanzano@chu.ulg.ac.be,Programmation,IT,2021-03-05,10:21:49,00:00:23
stefano.crapanzano@chu.ulg.ac.be,Programmation,IT,2021-03-05,10:22:22,00:00:05
stefano.crapanzano@chu.ulg.ac.be,Programmation,IT,2021-03-05,10:22:38,00:00:29
stefano.crapanzano@chu.ulg.ac.be,Programmation,IT,2021-03-05,10:23:14,00:00:05
stefano.crapanzano@chu.ulg.ac.be,Programmation,IT,2021-03-05,10:23:31,00:00:46
stefano.crapanzano@chu.ulg.ac.be,Programmation,IT,2021-03-05,10:24:27,00:00:06
stefano.crapanzano@chu.ulg.ac.be,Programmation,IT,2021-03-05,10:24:37,00:00:34
stefano.crapanzano@chu.ulg.ac.be,Programmation,IT,2021-03-05,10:25:17,00:00:03
stefano.crapanzano@chu.ulg.ac.be,Programmation,IT,2021-03-05,10:25:25,00:00:49
stefano.crapanzano@chu.ulg.ac.be,Programmation,IT,2021-03-05,10:26:17,00:01:36
stefano.crapanzano@chu.ulg.ac.be,Programmation,IT,2021-03-05,10:28:01,00:00:06
stefano.crapanzano@chu.ulg.ac.be,Programmation,IT,2021-03-05,10:28:10,00:00:11
stefano.crapanzano@chu.ulg.ac.be,Programmation,IT,2021-03-05,10:28:36,00:00:04
stefano.crapanzano@chu.ulg.ac.be,Programmation,IT,2021-03-05,10:28:48,00:00:09
stefano.crapanzano@chu.ulg.ac.be,Programmation,IT,2021-03-05,10:28:59,00:01:45
stefano.crapanzano@chu.ulg.ac.be,Programmation,IT,2021-03-05,10:30:55,00:00:24
stefano.crapanzano@chu.ulg.ac.be,Programmation,IT,2021-03-05,10:31:29,00:00:06
stefano.crapanzano@chu.ulg.ac.be,Programmation,IT,2021-03-05,10:33:33,00:01:37
stefano.crapanzano@chu.ulg.ac.be,Programmation,IT,2021-03-05,10:36:34,00:02:28
stefano.crapanzano@chu.ulg.ac.be,Programmation,IT,2021-03-05,10:39:46,00:00:29
stefano.crapanzano@chu.ulg.ac.be,Programmation,IT,2021-03-05,10:40:21,00:00:48
stefano.crapanzano@chu.ulg.ac.be,Programmation,IT,2021-03-05,10:41:12,00:00:47
stefano.crapanzano@chu.ulg.ac.be,Programmation,IT,2021-03-05,10:42:09,00:00:02
stefano.crapanzano@chu.ulg.ac.be,Programmation,IT,2021-03-05,10:42:22,00:00:23
stefano.crapanzano@chu.ulg.ac.be,Programmation,IT,2021-03-05,10:47:39,00:02:49
stefano.crapanzano@chu.ulg.ac.be,Programmation,IT,2021-03-05,10:50:49,00:00:32
stefano.crapanzano@chu.ulg.ac.be,Programmation,IT,2021-03-05,10:51:40,00:01:16
stefano.crapanzano@chu.ulg.ac.be,Programmation,IT,2021-03-05,10:53:15,00:00:12
stefano.crapanzano@chu.ulg.ac.be,Programmation,IT,2021-03-05,10:53:40,00:00:42
stefano.crapanzano@chu.ulg.ac.be,Programmation,IT,2021-03-05,10:54:28,00:01:19
stefano.crapanzano@chu.ulg.ac.be,Programmation,IT,2021-03-05,11:01:47,00:01:30
stefano.crapanzano@chu.ulg.ac.be,Programmation,IT,2021-03-05,11:03:35,00:00:13
stefano.crapanzano@chu.ulg.ac.be,Programmation,IT,2021-03-05,11:05:01,00:00:45
stefano.crapanzano@chu.ulg.ac.be,Programmation,IT,2021-03-05,11:05:58,00:19:20
stefano.crapanzano@chu.ulg.ac.be,Programmation,IT,2021-03-05,11:25:26,00:00:21
stefano.crapanzano@chu.ulg.ac.be,Programmation,IT,2021-03-05,11:28:43,00:00:40
stefano.crapanzano@chu.ulg.ac.be,Programmation,IT,2021-03-05,11:31:44,00:00:33
stefano.crapanzano@chu.ulg.ac.be,Programmation,IT,2021-03-05,11:32:20,00:00:20
stefano.crapanzano@chu.ulg.ac.be,Programmation,IT,2021-03-05,11:32:46,00:00:32
stefano.crapanzano@chu.ulg.ac.be,Programmation,IT,2021-03-05,11:33:22,00:02:11
stefano.crapanzano@chu.ulg.ac.be,Programmation,IT,2021-03-05,11:35:40,00:00:41
stefano.crapanzano@chu.ulg.ac.be,Programmation,IT,2021-03-05,11:36:27,00:01:21
stefano.crapanzano@chu.ulg.ac.be,Programmation,IT,2021-03-05,11:38:56,00:00:16
stefano.crapanzano@chu.ulg.ac.be,Programmation,IT,2021-03-05,11:39:16,00:00:03
stefano.crapanzano@chu.ulg.ac.be,Programmation,IT,2021-03-05,11:46:20,00:00:46
stefano.crapanzano@chu.ulg.ac.be,Programmation,IT,2021-03-05,11:51:39,00:01:45
stefano.crapanzano@chu.ulg.ac.be,Programmation,IT,2021-03-05,11:53:28,00:00:05
stefano.crapanzano@chu.ulg.ac.be,Programmation,IT,2021-03-05,11:53:36,00:00:36
stefano.crapanzano@chu.ulg.ac.be,Programmation,IT,2021-03-05,11:54:26,00:00:02
stefano.crapanzano@chu.ulg.ac.be,Programmation,IT,2021-03-05,11:54:33,00:00:33
stefano.crapanzano@chu.ulg.ac.be,Programmation,IT,2021-03-05,11:56:46,00:00:23
stefano.crapanzano@chu.ulg.ac.be,Programmation,IT,2021-03-05,11:57:13,00:00:51
stefano.crapanzano@chu.ulg.ac.be,Programmation,IT,2021-03-05,11:59:09,00:00:06
stefano.crapanzano@chu.ulg.ac.be,Programmation,IT,2021-03-05,11:59:31,00:00:06
stefano.crapanzano@chu.ulg.ac.be,Programmation,IT,2021-03-05,12:00:11,00:00:09
stefano.crapanzano@chu.ulg.ac.be,Programmation,IT,2021-03-05,12:07:04,00:00:54
stefano.crapanzano@chu.ulg.ac.be,Programmation,IT,2021-03-05,12:26:37,00:01:08
stefano.crapanzano@chu.ulg.ac.be,Programmation,IT,2021-03-05,12:27:47,00:00:27
stefano.crapanzano@chu.ulg.ac.be,Programmation,IT,2021-03-05,12:28:17,00:00:22
stefano.crapanzano@chu.ulg.ac.be,Programmation,IT,2021-03-05,13:00:09,00:00:50
stefano.crapanzano@chu.ulg.ac.be,Programmation,IT,2021-03-05,16:56:07,00:01:22
stefano.crapanzano@chu.ulg.ac.be,Nouvel onglet - Google Chrome,Tâches diverses,2021-03-05,08:59:11,00:00:04
stefano.crapanzano@chu.ulg.ac.be,Nouvel onglet - Google Chrome,Tâches diverses,2021-03-05,09:01:03,00:00:10
stefano.crapanzano@chu.ulg.ac.be,django template round - Recherche Google - Google Chrome,Tâches diverses,2021-03-05,08:59:16,00:00:02
stefano.crapanzano@chu.ulg.ac.be,How can i round a value in django template without using the filter - Stack Overflow - Google Chrome,Tâches diverses,2021-03-05,08:59:19,00:00:11
stefano.crapanzano@chu.ulg.ac.be,Built-in template tags and filters | Django documentation | Django - Google Chrome,Tâches diverses,2021-03-05,08:59:30,00:00:14
stefano.crapanzano@chu.ulg.ac.be,select2 event on select - Recherche Google - Google Chrome,Tâches diverses,2021-03-05,09:01:14,00:00:02
stefano.crapanzano@chu.ulg.ac.be,Events | Select2 - The jQuery replacement for select boxes - Google Chrome,Tâches diverses,2021-03-05,09:01:17,00:00:58
stefano.crapanzano@chu.ulg.ac.be,Events | Select2 - The jQuery replacement for select boxes - Google Chrome,Tâches diverses,2021-03-05,09:08:34,00:00:02
stefano.crapanzano@chu.ulg.ac.be,Events | Select2 - The jQuery replacement for select boxes - Google Chrome,Tâches diverses,2021-03-05,09:09:59,00:00:17
stefano.crapanzano@chu.ulg.ac.be,Events | Select2 - The jQuery replacement for select boxes - Google Chrome,Tâches diverses,2021-03-05,09:10:34,00:00:21
stefano.crapanzano@chu.ulg.ac.be,Events | Select2 - The jQuery replacement for select boxes - Google Chrome,Tâches diverses,2021-03-05,09:34:08,00:00:14
stefano.crapanzano@chu.ulg.ac.be,Events | Select2 - The jQuery replacement for select boxes - Google Chrome,Tâches diverses,2021-03-05,09:57:26,00:00:02
stefano.crapanzano@chu.ulg.ac.be,Events | Select2 - The jQuery replacement for select boxes - Google Chrome,Tâches diverses,2021-03-05,11:28:04,00:00:08
stefano.crapanzano@chu.ulg.ac.be,Gewaardeerde voorraad,Exploration SAP,2021-03-05,10:02:49,00:00:11
stefano.crapanzano@chu.ulg.ac.be,Gewaardeerde voorraad,Exploration SAP,2021-03-05,10:03:13,00:00:04
stefano.crapanzano@chu.ulg.ac.be,Gewaardeerde voorraad,Exploration SAP,2021-03-05,10:03:53,00:00:14
stefano.crapanzano@chu.ulg.ac.be,Gewaardeerde voorraad,Exploration SAP,2021-03-05,10:22:29,00:00:02
stefano.crapanzano@chu.ulg.ac.be,Gewaardeerde voorraad,Exploration SAP,2021-03-05,10:23:24,00:00:02
stefano.crapanzano@chu.ulg.ac.be,Gewaardeerde voorraad,Exploration SAP,2021-03-05,13:31:38,00:00:04
stefano.crapanzano@chu.ulg.ac.be,C:\temp\rapport_stock_article_2021_03_05_10_01_46_254055.txt - Notepad++ [Administrator],IT,2021-03-05,10:03:07,00:00:03
stefano.crapanzano@chu.ulg.ac.be,C:\temp\rapport_stock_article_2021_03_05_10_01_46_254055.txt - Notepad++ [Administrator],IT,2021-03-05,10:03:25,00:00:16
stefano.crapanzano@chu.ulg.ac.be,C:\temp\rapport_stock_article_2021_03_05_10_01_46_254055.txt - Notepad++ [Administrator],IT,2021-03-05,10:04:10,00:00:07
stefano.crapanzano@chu.ulg.ac.be,C:\Users\c158492\ProjetBoulot\PYTHON\service_achat\project\templates\show_intrastat_lines_to_dispatch.html - Notepad++ [Administrator],IT,2021-03-05,10:03:11,00:00:02
stefano.crapanzano@chu.ulg.ac.be,C:\temp\rapport_stock_article_2021_03_05_10_18_55_600012.txt - Notepad++ [Administrator],IT,2021-03-05,10:19:41,00:00:02
stefano.crapanzano@chu.ulg.ac.be,C:\temp\rapport_stock_article_2021_03_05_10_18_55_600012.txt - Notepad++ [Administrator],IT,2021-03-05,10:20:27,00:00:03
stefano.crapanzano@chu.ulg.ac.be,C:\temp\rapport_stock_article_2021_03_05_10_18_55_600012.txt - Notepad++ [Administrator],IT,2021-03-05,10:20:57,00:00:02
stefano.crapanzano@chu.ulg.ac.be,C:\temp\rapport_stock_article_2021_03_05_10_18_55_600012.txt - Notepad++ [Administrator],IT,2021-03-05,10:21:10,00:00:21
stefano.crapanzano@chu.ulg.ac.be,C:\temp\rapport_stock_article_2021_03_05_10_18_55_600012.txt - Notepad++ [Administrator],IT,2021-03-05,10:21:38,00:00:02
stefano.crapanzano@chu.ulg.ac.be,C:\temp\rapport_stock_article_2021_03_05_10_18_55_600012.txt - Notepad++ [Administrator],IT,2021-03-05,10:21:44,00:00:04
stefano.crapanzano@chu.ulg.ac.be,C:\temp\rapport_stock_article_2021_03_05_10_07_49_600173.txt - Notepad++ [Administrator],IT,2021-03-05,10:30:50,00:00:04
stefano.crapanzano@chu.ulg.ac.be,Classeur1 - Excel,Tâches diverses,2021-03-05,10:45:05,00:00:03
stefano.crapanzano@chu.ulg.ac.be,Classeur1 - Excel,Tâches diverses,2021-03-05,11:44:56,00:00:03
stefano.crapanzano@chu.ulg.ac.be,Classeur1 - Excel,Tâches diverses,2021-03-05,12:55:51,00:00:03
stefano.crapanzano@chu.ulg.ac.be,Classeur1 - Excel,Tâches diverses,2021-03-05,13:24:39,00:00:03
stefano.crapanzano@chu.ulg.ac.be,Classeur1 - Excel,Tâches diverses,2021-03-05,13:24:50,00:00:03
stefano.crapanzano@chu.ulg.ac.be,Classeur1 - Excel,Tâches diverses,2021-03-05,13:27:27,00:00:03
stefano.crapanzano@chu.ulg.ac.be,Classeur1 - Excel,Tâches diverses,2021-03-05,13:32:42,00:00:03
stefano.crapanzano@chu.ulg.ac.be,Classeur1 - Excel,Tâches diverses,2021-03-05,13:50:31,00:00:03
stefano.crapanzano@chu.ulg.ac.be,Classeur1 - Excel,Tâches diverses,2021-03-05,13:50:42,00:00:04
stefano.crapanzano@chu.ulg.ac.be,Classeur1 - Excel,Tâches diverses,2021-03-05,14:05:17,00:00:02
stefano.crapanzano@chu.ulg.ac.be,select2 empty selection - Recherche Google - Google Chrome,Tâches diverses,2021-03-05,11:28:12,00:00:14
stefano.crapanzano@chu.ulg.ac.be,jquery - Reset select2 value and show placeholder - Stack Overflow - Google Chrome,Tâches diverses,2021-03-05,11:28:26,00:00:15
stefano.crapanzano@chu.ulg.ac.be,*new 3 - Notepad++ [Administrator],IT,2021-03-05,11:48:25,00:00:02
stefano.crapanzano@chu.ulg.ac.be,*new 3 - Notepad++ [Administrator],IT,2021-03-05,11:48:30,00:00:08
stefano.crapanzano@chu.ulg.ac.be,*new 3 - Notepad++ [Administrator],IT,2021-03-05,11:48:49,00:00:08
stefano.crapanzano@chu.ulg.ac.be,*new 3 - Notepad++ [Administrator],IT,2021-03-05,11:49:15,00:00:11
stefano.crapanzano@chu.ulg.ac.be,*new 3 - Notepad++ [Administrator],IT,2021-03-05,11:49:42,00:00:03
stefano.crapanzano@chu.ulg.ac.be,*new 3 - Notepad++ [Administrator],IT,2021-03-05,11:49:51,00:00:11
stefano.crapanzano@chu.ulg.ac.be,*new 3 - Notepad++ [Administrator],IT,2021-03-05,11:51:34,00:00:02
stefano.crapanzano@chu.ulg.ac.be,Rechercher,IT,2021-03-05,11:48:27,00:00:02
stefano.crapanzano@chu.ulg.ac.be,Rechercher,IT,2021-03-05,11:49:46,00:00:04
stefano.crapanzano@chu.ulg.ac.be,Netop Invité,Helpdesk général,2021-03-05,12:59:25,00:00:04
stefano.crapanzano@chu.ulg.ac.be,Sent - erp.sai@chuliege.be - Outlook,Helpdesk général,2021-03-05,13:01:26,00:10:06
stefano.crapanzano@chu.ulg.ac.be,Sent - erp.sai@chuliege.be - Outlook,Helpdesk général,2021-03-05,13:33:24,00:00:26
stefano.crapanzano@chu.ulg.ac.be,Sent - erp.sai@chuliege.be - Outlook,Helpdesk général,2021-03-05,13:42:31,00:00:02
stefano.crapanzano@chu.ulg.ac.be,Sent - erp.sai@chuliege.be - Outlook,Helpdesk général,2021-03-05,13:55:09,00:00:02
stefano.crapanzano@chu.ulg.ac.be,SAP Easy Access Menu de base Applications financières-économiques,Exploration SAP,2021-03-05,13:31:43,00:00:07
stefano.crapanzano@chu.ulg.ac.be,SAP Easy Access Menu de base Applications financières-économiques,Exploration SAP,2021-03-05,13:32:50,00:00:06
stefano.crapanzano@chu.ulg.ac.be,SAP Easy Access Menu de base Applications financières-économiques,Exploration SAP,2021-03-05,13:35:01,00:00:06
stefano.crapanzano@chu.ulg.ac.be,Afficher article (Initial Screen),Exploration SAP,2021-03-05,13:31:50,00:00:02
stefano.crapanzano@chu.ulg.ac.be,Select View(s),Exploration SAP,2021-03-05,13:31:52,00:00:04
stefano.crapanzano@chu.ulg.ac.be,Select View(s),Exploration SAP,2021-03-05,13:32:57,00:00:02
stefano.crapanzano@chu.ulg.ac.be,TypeAheadPopup,Exploration SAP,2021-03-05,13:31:58,00:00:03
stefano.crapanzano@chu.ulg.ac.be,Afficher article 20217 (ARTICLE WM Stock),Exploration SAP,2021-03-05,13:32:02,00:00:03
stefano.crapanzano@chu.ulg.ac.be,Catégorie de classe 4 Entrées,Exploration SAP,2021-03-05,13:32:06,00:00:08
stefano.crapanzano@chu.ulg.ac.be,classification,Exploration SAP,2021-03-05,13:32:14,00:00:26
stefano.crapanzano@chu.ulg.ac.be,classification,Exploration SAP,2021-03-05,13:32:46,00:00:03
stefano.crapanzano@chu.ulg.ac.be,classification,Exploration SAP,2021-03-05,13:33:06,00:00:15
stefano.crapanzano@chu.ulg.ac.be,classification,Exploration SAP,2021-03-05,13:33:52,00:00:03
stefano.crapanzano@chu.ulg.ac.be,classification,Exploration SAP,2021-03-05,13:33:57,00:00:04
stefano.crapanzano@chu.ulg.ac.be,classification,Exploration SAP,2021-03-05,13:34:03,00:00:25
stefano.crapanzano@chu.ulg.ac.be,classification,Exploration SAP,2021-03-05,13:34:37,00:00:08
stefano.crapanzano@chu.ulg.ac.be,classification,Exploration SAP,2021-03-05,13:34:46,00:00:14
stefano.crapanzano@chu.ulg.ac.be,Afficher article 600406 (ARTICLE WM Stock),Exploration SAP,2021-03-05,13:33:02,00:00:03
stefano.crapanzano@chu.ulg.ac.be,Ecran initial du Quickviewer,Exploration SAP,2021-03-05,13:35:07,00:00:22
stefano.crapanzano@chu.ulg.ac.be,Ecran initial du Quickviewer,Exploration SAP,2021-03-05,13:38:28,00:00:09
stefano.crapanzano@chu.ulg.ac.be,Ecran initial du Quickviewer,Exploration SAP,2021-03-05,15:40:03,00:00:04
stefano.crapanzano@chu.ulg.ac.be,AUSP,Exploration SAP,2021-03-05,13:38:38,00:00:02
stefano.crapanzano@chu.ulg.ac.be,AUSP,Exploration SAP,2021-03-05,13:38:45,00:00:10
stefano.crapanzano@chu.ulg.ac.be,AUSP,Exploration SAP,2021-03-05,13:38:59,00:00:03
stefano.crapanzano@chu.ulg.ac.be,AUSP,Exploration SAP,2021-03-05,13:39:10,00:00:19
stefano.crapanzano@chu.ulg.ac.be,AUSP,Exploration SAP,2021-03-05,13:39:32,00:00:31
stefano.crapanzano@chu.ulg.ac.be,AUSP,Exploration SAP,2021-03-05,13:40:04,00:00:16
stefano.crapanzano@chu.ulg.ac.be,AUSP,Exploration SAP,2021-03-05,13:40:32,00:00:11
stefano.crapanzano@chu.ulg.ac.be,AUSP,Exploration SAP,2021-03-05,13:41:56,00:00:08
stefano.crapanzano@chu.ulg.ac.be,AUSP,Exploration SAP,2021-03-05,13:42:13,00:00:07
stefano.crapanzano@chu.ulg.ac.be,AUSP,Helpdesk général,2021-03-05,13:42:29,00:00:02
stefano.crapanzano@chu.ulg.ac.be,AUSP,Exploration SAP,2021-03-05,13:45:50,00:00:21
stefano.crapanzano@chu.ulg.ac.be,AUSP,Exploration SAP,2021-03-05,15:40:00,00:00:03
stefano.crapanzano@chu.ulg.ac.be,Limitation des accès à la base de données,Exploration SAP,2021-03-05,13:38:40,00:00:04
stefano.crapanzano@chu.ulg.ac.be,Définir valeurs pour critères de filtre,Exploration SAP,2021-03-05,13:39:29,00:00:02
stefano.crapanzano@chu.ulg.ac.be,Définir valeurs pour critères de filtre,Exploration SAP,2021-03-05,13:40:21,00:00:10
stefano.crapanzano@chu.ulg.ac.be,Greenshot capture form,Helpdesk général,2021-03-05,13:42:20,00:00:08
stefano.crapanzano@chu.ulg.ac.be,Sans titre - Message (HTML),Helpdesk général,2021-03-05,13:42:53,00:02:55
stefano.crapanzano@chu.ulg.ac.be,Sans titre - Message (HTML),Helpdesk général,2021-03-05,13:46:11,00:04:10
stefano.crapanzano@chu.ulg.ac.be,Sans titre - Message (HTML),Helpdesk général,2021-03-05,16:57:32,00:00:02
stefano.crapanzano@chu.ulg.ac.be,Microsoft Outlook,Helpdesk général,2021-03-05,16:57:35,00:00:02
