Email,Description,Project,Start date,Start time,Duration
stefano.crapanzano@chu.ulg.ac.be,Administrateur : C:\Windows\system32\cmd.exe - python  main.py,IT,2021-06-23,13:47:41,00:00:06
stefano.crapanzano@chu.ulg.ac.be,Administrateur : C:\Windows\system32\cmd.exe - python  main.py,IT,2021-06-23,13:54:20,00:00:02
stefano.crapanzano@chu.ulg.ac.be,Administrateur : C:\Windows\system32\cmd.exe - python  main.py,IT,2021-06-23,15:33:00,00:00:02
stefano.crapanzano@chu.ulg.ac.be,Administrateur : C:\Windows\system32\cmd.exe - python  main.py,IT,2021-06-23,16:54:11,00:00:02
stefano.crapanzano@chu.ulg.ac.be,GOAL - LABO - Google Chrome,IT,2021-06-23,13:47:47,00:00:02
stefano.crapanzano@chu.ulg.ac.be,GOAL - LABO - Google Chrome,Tâches diverses,2021-06-23,13:48:01,00:00:07
stefano.crapanzano@chu.ulg.ac.be,GOAL - LABO - Google Chrome,Tâches diverses,2021-06-23,13:48:27,00:00:27
stefano.crapanzano@chu.ulg.ac.be,GOAL - LABO - Google Chrome,Tâches diverses,2021-06-23,13:51:01,00:00:07
stefano.crapanzano@chu.ulg.ac.be,GOAL - LABO - Google Chrome,Tâches diverses,2021-06-23,13:51:47,00:00:08
stefano.crapanzano@chu.ulg.ac.be,GOAL - LABO - Google Chrome,Tâches diverses,2021-06-23,13:51:58,00:00:22
stefano.crapanzano@chu.ulg.ac.be,GOAL - LABO - Google Chrome,Tâches diverses,2021-06-23,13:53:27,00:00:26
stefano.crapanzano@chu.ulg.ac.be,GOAL - LABO - Google Chrome,Tâches diverses,2021-06-23,13:53:57,00:00:22
stefano.crapanzano@chu.ulg.ac.be,GOAL - LABO - Google Chrome,Tâches diverses,2021-06-23,13:54:35,00:00:06
stefano.crapanzano@chu.ulg.ac.be,GOAL - LABO - Google Chrome,Tâches diverses,2021-06-23,13:54:43,00:00:20
stefano.crapanzano@chu.ulg.ac.be,GOAL - LABO - Google Chrome,Tâches diverses,2021-06-23,13:58:05,00:04:51
stefano.crapanzano@chu.ulg.ac.be,GOAL - LABO - Google Chrome,Tâches diverses,2021-06-23,14:52:37,00:00:03
stefano.crapanzano@chu.ulg.ac.be,GOAL - LABO - Google Chrome,Tâches diverses,2021-06-23,15:06:23,00:00:03
stefano.crapanzano@chu.ulg.ac.be,GOAL - LABO - Google Chrome,Helpdesk général,2021-06-23,15:06:28,00:00:03
stefano.crapanzano@chu.ulg.ac.be,GOAL - LABO - Google Chrome,Tâches diverses,2021-06-23,16:25:33,00:00:17
stefano.crapanzano@chu.ulg.ac.be,GOAL - LABO - Google Chrome,Tâches diverses,2021-06-23,16:25:58,00:00:08
stefano.crapanzano@chu.ulg.ac.be,GOAL - LABO - Google Chrome,Tâches diverses,2021-06-23,16:26:23,00:00:32
stefano.crapanzano@chu.ulg.ac.be,GOAL - LABO - Google Chrome,Tâches diverses,2021-06-23,16:34:08,00:00:13
stefano.crapanzano@chu.ulg.ac.be,GOAL - LABO - Google Chrome,Tâches diverses,2021-06-23,16:34:32,00:00:10
stefano.crapanzano@chu.ulg.ac.be,GOAL - LABO - Google Chrome,Tâches diverses,2021-06-23,16:34:47,00:00:19
stefano.crapanzano@chu.ulg.ac.be,GOAL - LABO - Google Chrome,Tâches diverses,2021-06-23,16:35:25,00:00:36
stefano.crapanzano@chu.ulg.ac.be,GOAL - LABO - Google Chrome,Tâches diverses,2021-06-23,16:37:43,00:01:10
stefano.crapanzano@chu.ulg.ac.be,GOAL - LABO - Google Chrome,Tâches diverses,2021-06-23,16:40:04,00:00:28
stefano.crapanzano@chu.ulg.ac.be,GOAL - LABO - Google Chrome,Tâches diverses,2021-06-23,16:40:55,00:00:15
stefano.crapanzano@chu.ulg.ac.be,GOAL - LABO - Google Chrome,Tâches diverses,2021-06-23,16:43:24,00:00:04
stefano.crapanzano@chu.ulg.ac.be,GOAL - LABO - Google Chrome,Tâches diverses,2021-06-23,16:43:40,00:00:04
stefano.crapanzano@chu.ulg.ac.be,GOAL - LABO - Google Chrome,Tâches diverses,2021-06-23,16:43:49,00:00:03
stefano.crapanzano@chu.ulg.ac.be,GOAL - LABO - Google Chrome,Tâches diverses,2021-06-23,16:43:57,00:00:15
stefano.crapanzano@chu.ulg.ac.be,GOAL - LABO - Google Chrome,Tâches diverses,2021-06-23,16:44:19,00:00:23
stefano.crapanzano@chu.ulg.ac.be,GOAL - LABO - Google Chrome,Tâches diverses,2021-06-23,16:45:02,00:02:13
stefano.crapanzano@chu.ulg.ac.be,GOAL - LABO - Google Chrome,Tâches diverses,2021-06-23,16:48:43,00:00:12
stefano.crapanzano@chu.ulg.ac.be,GOAL - LABO - Google Chrome,Tâches diverses,2021-06-23,16:49:26,00:00:24
stefano.crapanzano@chu.ulg.ac.be,GOAL - LABO - Google Chrome,Tâches diverses,2021-06-23,16:50:08,00:00:18
stefano.crapanzano@chu.ulg.ac.be,GOAL - LABO - Google Chrome,Tâches diverses,2021-06-23,16:50:30,00:00:04
stefano.crapanzano@chu.ulg.ac.be,GOAL - LABO - Google Chrome,Tâches diverses,2021-06-23,16:50:38,00:00:16
stefano.crapanzano@chu.ulg.ac.be,GOAL - LABO - Google Chrome,Tâches diverses,2021-06-23,16:50:57,00:00:03
stefano.crapanzano@chu.ulg.ac.be,GOAL - LABO - Google Chrome,Tâches diverses,2021-06-23,16:51:08,00:00:40
stefano.crapanzano@chu.ulg.ac.be,GOAL - LABO - Google Chrome,Tâches diverses,2021-06-23,16:51:52,00:00:02
stefano.crapanzano@chu.ulg.ac.be,GOAL - LABO - Google Chrome,Tâches diverses,2021-06-23,16:53:14,00:00:56
stefano.crapanzano@chu.ulg.ac.be,GOAL - LABO - Google Chrome,Tâches diverses,2021-06-23,16:54:26,00:01:19
stefano.crapanzano@chu.ulg.ac.be,GOAL - LABO - Google Chrome,Tâches diverses,2021-06-23,16:55:52,00:00:02
stefano.crapanzano@chu.ulg.ac.be,Navigation système de fichier,IT,2021-06-23,13:52:21,00:00:02
stefano.crapanzano@chu.ulg.ac.be,Navigation système de fichier,IT,2021-06-23,14:16:21,00:00:02
stefano.crapanzano@chu.ulg.ac.be,Navigation système de fichier,IT,2021-06-23,14:16:53,00:00:04
stefano.crapanzano@chu.ulg.ac.be,Navigation système de fichier,IT,2021-06-23,14:17:26,00:00:02
stefano.crapanzano@chu.ulg.ac.be,Navigation système de fichier,IT,2021-06-23,14:21:18,00:00:02
stefano.crapanzano@chu.ulg.ac.be,Navigation système de fichier,IT,2021-06-23,14:21:22,00:00:03
stefano.crapanzano@chu.ulg.ac.be,Navigation système de fichier,IT,2021-06-23,14:24:44,00:00:03
stefano.crapanzano@chu.ulg.ac.be,Navigation système de fichier,IT,2021-06-23,14:55:16,00:00:06
stefano.crapanzano@chu.ulg.ac.be,Navigation système de fichier,IT,2021-06-23,15:04:36,00:00:05
stefano.crapanzano@chu.ulg.ac.be,Navigation système de fichier,IT,2021-06-23,15:04:58,00:00:03
stefano.crapanzano@chu.ulg.ac.be,Navigation système de fichier,IT,2021-06-23,15:06:31,00:00:02
stefano.crapanzano@chu.ulg.ac.be,Navigation système de fichier,IT,2021-06-23,15:09:11,00:00:03
stefano.crapanzano@chu.ulg.ac.be,Navigation système de fichier,IT,2021-06-23,15:09:50,00:00:02
stefano.crapanzano@chu.ulg.ac.be,Programmation,IT,2021-06-23,13:47:50,00:00:11
stefano.crapanzano@chu.ulg.ac.be,Programmation,IT,2021-06-23,13:48:08,00:00:18
stefano.crapanzano@chu.ulg.ac.be,Programmation,IT,2021-06-23,13:51:20,00:00:24
stefano.crapanzano@chu.ulg.ac.be,Programmation,IT,2021-06-23,13:51:55,00:00:03
stefano.crapanzano@chu.ulg.ac.be,Programmation,IT,2021-06-23,13:52:23,00:00:24
stefano.crapanzano@chu.ulg.ac.be,Programmation,IT,2021-06-23,13:55:03,00:03:01
stefano.crapanzano@chu.ulg.ac.be,Programmation,IT,2021-06-23,14:02:58,00:03:45
stefano.crapanzano@chu.ulg.ac.be,Programmation,IT,2021-06-23,14:52:57,00:00:27
stefano.crapanzano@chu.ulg.ac.be,Programmation,IT,2021-06-23,14:58:31,00:04:45
stefano.crapanzano@chu.ulg.ac.be,Programmation,IT,2021-06-23,15:12:57,00:00:12
stefano.crapanzano@chu.ulg.ac.be,Programmation,IT,2021-06-23,15:27:31,00:03:10
stefano.crapanzano@chu.ulg.ac.be,Programmation,IT,2021-06-23,15:31:38,00:01:21
stefano.crapanzano@chu.ulg.ac.be,Programmation,IT,2021-06-23,15:33:03,00:08:06
stefano.crapanzano@chu.ulg.ac.be,Programmation,IT,2021-06-23,15:41:13,00:09:47
stefano.crapanzano@chu.ulg.ac.be,Programmation,IT,2021-06-23,15:52:20,00:03:42
stefano.crapanzano@chu.ulg.ac.be,Programmation,IT,2021-06-23,16:15:08,00:03:48
stefano.crapanzano@chu.ulg.ac.be,Programmation,IT,2021-06-23,16:20:28,00:00:53
stefano.crapanzano@chu.ulg.ac.be,Programmation,IT,2021-06-23,16:21:41,00:01:08
stefano.crapanzano@chu.ulg.ac.be,Programmation,IT,2021-06-23,16:22:57,00:01:38
stefano.crapanzano@chu.ulg.ac.be,Programmation,IT,2021-06-23,16:24:46,00:00:44
stefano.crapanzano@chu.ulg.ac.be,Programmation,IT,2021-06-23,16:25:51,00:00:07
stefano.crapanzano@chu.ulg.ac.be,Programmation,IT,2021-06-23,16:26:07,00:00:16
stefano.crapanzano@chu.ulg.ac.be,Programmation,IT,2021-06-23,16:31:18,00:00:03
stefano.crapanzano@chu.ulg.ac.be,Programmation,IT,2021-06-23,16:32:04,00:02:01
stefano.crapanzano@chu.ulg.ac.be,Programmation,IT,2021-06-23,16:34:21,00:00:11
stefano.crapanzano@chu.ulg.ac.be,Programmation,IT,2021-06-23,16:34:43,00:00:04
stefano.crapanzano@chu.ulg.ac.be,Programmation,IT,2021-06-23,16:35:06,00:00:18
stefano.crapanzano@chu.ulg.ac.be,Programmation,IT,2021-06-23,16:37:00,00:00:43
stefano.crapanzano@chu.ulg.ac.be,Programmation,IT,2021-06-23,16:38:54,00:00:50
stefano.crapanzano@chu.ulg.ac.be,Programmation,IT,2021-06-23,16:40:33,00:00:22
stefano.crapanzano@chu.ulg.ac.be,Programmation,IT,2021-06-23,16:41:10,00:01:08
stefano.crapanzano@chu.ulg.ac.be,Programmation,IT,2021-06-23,16:42:47,00:00:34
stefano.crapanzano@chu.ulg.ac.be,Programmation,IT,2021-06-23,16:43:29,00:00:11
stefano.crapanzano@chu.ulg.ac.be,Programmation,IT,2021-06-23,16:43:44,00:00:04
stefano.crapanzano@chu.ulg.ac.be,Programmation,IT,2021-06-23,16:43:52,00:00:04
stefano.crapanzano@chu.ulg.ac.be,Programmation,IT,2021-06-23,16:44:13,00:00:06
stefano.crapanzano@chu.ulg.ac.be,Programmation,IT,2021-06-23,16:44:43,00:00:18
stefano.crapanzano@chu.ulg.ac.be,Programmation,IT,2021-06-23,16:54:15,00:00:09
stefano.crapanzano@chu.ulg.ac.be,Programmation,IT,2021-06-23,16:59:13,00:00:05
stefano.crapanzano@chu.ulg.ac.be,Programmation,IT,2021-06-23,16:59:31,00:00:02
stefano.crapanzano@chu.ulg.ac.be,Nouvel onglet - Google Chrome,Tâches diverses,2021-06-23,13:48:55,00:00:04
stefano.crapanzano@chu.ulg.ac.be,Nouvel onglet - Google Chrome,Tâches diverses,2021-06-23,13:51:44,00:00:02
stefano.crapanzano@chu.ulg.ac.be,Nouvel onglet - Google Chrome,Tâches diverses,2021-06-23,16:26:56,00:00:03
stefano.crapanzano@chu.ulg.ac.be,Nouvel onglet - Google Chrome,Tâches diverses,2021-06-23,16:29:56,00:00:06
stefano.crapanzano@chu.ulg.ac.be,Nouvel onglet - Google Chrome,Tâches diverses,2021-06-23,16:42:19,00:00:07
stefano.crapanzano@chu.ulg.ac.be,Friconix | Free and beautiful vector icons - Google Chrome,Tâches diverses,2021-06-23,13:49:01,00:00:04
stefano.crapanzano@chu.ulg.ac.be,Friconix | Free and beautiful vector icons - Google Chrome,Tâches diverses,2021-06-23,13:49:34,00:00:42
stefano.crapanzano@chu.ulg.ac.be,Friconix | Free and beautiful vector icons - Google Chrome,Tâches diverses,2021-06-23,13:50:22,00:00:04
stefano.crapanzano@chu.ulg.ac.be,Results for disable | Friconix - Google Chrome,Tâches diverses,2021-06-23,13:49:06,00:00:06
stefano.crapanzano@chu.ulg.ac.be,Results for disable | Friconix - Google Chrome,Tâches diverses,2021-06-23,13:49:32,00:00:02
stefano.crapanzano@chu.ulg.ac.be,Results for block | Friconix - Google Chrome,Tâches diverses,2021-06-23,13:49:12,00:00:15
stefano.crapanzano@chu.ulg.ac.be,Results for deactivate | Friconix - Google Chrome,Tâches diverses,2021-06-23,13:49:27,00:00:04
stefano.crapanzano@chu.ulg.ac.be,Team solid icon by Friconix (fi-xnsuxl-team-solid) normal solid users group people team-solid team community - Google Chrome,Tâches diverses,2021-06-23,13:50:16,00:00:06
stefano.crapanzano@chu.ulg.ac.be,User solid icon by Friconix (fi-xnsuxl-user-solid) normal solid user man woman person user-solid - Google Chrome,Tâches diverses,2021-06-23,13:50:27,00:00:24
stefano.crapanzano@chu.ulg.ac.be,User solid icon by Friconix (fi-xwpuxl-user-solid) line wide user man woman person prohibited user-solid - Google Chrome,Tâches diverses,2021-06-23,13:50:51,00:00:09
stefano.crapanzano@chu.ulg.ac.be,User solid icon by Friconix (fi-xwpuxl-user-solid) line wide user man woman person prohibited user-solid - Google Chrome,Tâches diverses,2021-06-23,13:51:08,00:00:10
stefano.crapanzano@chu.ulg.ac.be,User solid icon by Friconix (fi-xwpuxl-user-solid) line wide user man woman person prohibited user-solid - Google Chrome,Tâches diverses,2021-06-23,13:53:54,00:00:03
stefano.crapanzano@chu.ulg.ac.be,User solid icon by Friconix (fi-xwpuxl-user-solid) line wide user man woman person prohibited user-solid - Google Chrome,Tâches diverses,2021-06-23,13:54:41,00:00:02
stefano.crapanzano@chu.ulg.ac.be,Connexion à l'aide de l'authentification Windows,Helpdesk général,2021-06-23,13:52:48,00:00:02
stefano.crapanzano@chu.ulg.ac.be,Connexion à l'aide de l'authentification Windows,Helpdesk général,2021-06-23,13:53:02,00:00:02
stefano.crapanzano@chu.ulg.ac.be,Connexion à l'aide de l'authentification Windows,Helpdesk général,2021-06-23,16:39:48,00:00:02
stefano.crapanzano@chu.ulg.ac.be,Netop,Helpdesk général,2021-06-23,13:52:50,00:00:08
stefano.crapanzano@chu.ulg.ac.be,Netop Invité,Helpdesk général,2021-06-23,13:52:58,00:00:02
stefano.crapanzano@chu.ulg.ac.be,erpftp - Netop Remote Control,Helpdesk général,2021-06-23,13:53:06,00:00:21
stefano.crapanzano@chu.ulg.ac.be,erpftp - Netop Remote Control,Helpdesk général,2021-06-23,16:39:52,00:00:12
stefano.crapanzano@chu.ulg.ac.be,Sélectionnez l’objet task retrieve stock from sap à changer | Site d’administration de Django - Google Chrome,Tâches diverses,2021-06-23,13:54:23,00:00:06
stefano.crapanzano@chu.ulg.ac.be,Sélectionnez l’objet task retrieve stock from sap à changer | Site d’administration de Django - Google Chrome,Tâches diverses,2021-06-23,14:52:42,00:00:07
stefano.crapanzano@chu.ulg.ac.be,Sélectionnez l’objet task retrieve stock from sap à changer | Site d’administration de Django - Google Chrome,Tâches diverses,2021-06-23,15:06:18,00:00:04
stefano.crapanzano@chu.ulg.ac.be,Sélectionnez l’objet task retrieve stock from sap à changer | Site d’administration de Django - Google Chrome,Tâches diverses,2021-06-23,16:49:50,00:00:18
stefano.crapanzano@chu.ulg.ac.be,Sélectionnez l’objet task retrieve stock from sap à changer | Site d’administration de Django - Google Chrome,Tâches diverses,2021-06-23,16:50:26,00:00:03
stefano.crapanzano@chu.ulg.ac.be,Sélectionnez l’objet task retrieve stock from sap à changer | Site d’administration de Django - Google Chrome,Tâches diverses,2021-06-23,16:50:34,00:00:03
stefano.crapanzano@chu.ulg.ac.be,Sélectionnez l’objet task retrieve stock from sap à changer | Site d’administration de Django - Google Chrome,Tâches diverses,2021-06-23,16:50:55,00:00:02
stefano.crapanzano@chu.ulg.ac.be,Sélectionnez l’objet task retrieve stock from sap à changer | Site d’administration de Django - Google Chrome,Tâches diverses,2021-06-23,16:51:01,00:00:07
stefano.crapanzano@chu.ulg.ac.be,Sélectionnez l’objet task retrieve stock from sap à changer | Site d’administration de Django - Google Chrome,Tâches diverses,2021-06-23,16:51:49,00:00:03
stefano.crapanzano@chu.ulg.ac.be,043667089 tél belgique - Recherche Google - Google Chrome,Tâches diverses,2021-06-23,13:54:31,00:00:02
stefano.crapanzano@chu.ulg.ac.be,Lecture documentation,Tâches diverses,2021-06-23,14:06:43,00:08:54
stefano.crapanzano@chu.ulg.ac.be,Lecture documentation,Tâches diverses,2021-06-23,14:22:07,00:02:37
stefano.crapanzano@chu.ulg.ac.be,Lecture documentation,Tâches diverses,2021-06-23,14:24:58,00:07:43
stefano.crapanzano@chu.ulg.ac.be,Lecture documentation,Tâches diverses,2021-06-23,14:32:57,00:02:14
stefano.crapanzano@chu.ulg.ac.be,Lecture documentation,Tâches diverses,2021-06-23,14:35:38,00:00:08
stefano.crapanzano@chu.ulg.ac.be,Lecture documentation,Tâches diverses,2021-06-23,14:37:37,00:12:23
stefano.crapanzano@chu.ulg.ac.be,Lecture documentation,Tâches diverses,2021-06-23,14:50:47,00:01:46
stefano.crapanzano@chu.ulg.ac.be,Lecture documentation,Tâches diverses,2021-06-23,14:52:54,00:00:02
stefano.crapanzano@chu.ulg.ac.be,Lecture documentation,Tâches diverses,2021-06-23,14:53:25,00:01:51
stefano.crapanzano@chu.ulg.ac.be,Lecture documentation,Tâches diverses,2021-06-23,14:55:50,00:01:08
stefano.crapanzano@chu.ulg.ac.be,Lecture documentation,Tâches diverses,2021-06-23,14:58:14,00:00:13
stefano.crapanzano@chu.ulg.ac.be,Lecture documentation,Tâches diverses,2021-06-23,15:06:34,00:02:37
stefano.crapanzano@chu.ulg.ac.be,Lecture documentation,Tâches diverses,2021-06-23,15:10:41,00:02:13
stefano.crapanzano@chu.ulg.ac.be,Lecture documentation,Tâches diverses,2021-06-23,15:13:09,00:08:05
stefano.crapanzano@chu.ulg.ac.be,Lecture documentation,Tâches diverses,2021-06-23,15:21:23,00:06:07
stefano.crapanzano@chu.ulg.ac.be,Lecture documentation,Tâches diverses,2021-06-23,15:30:41,00:00:57
stefano.crapanzano@chu.ulg.ac.be,Lecture documentation,Tâches diverses,2021-06-23,15:41:10,00:00:03
stefano.crapanzano@chu.ulg.ac.be,Lecture documentation,Tâches diverses,2021-06-23,16:18:57,00:01:31
stefano.crapanzano@chu.ulg.ac.be,Lecture documentation,Tâches diverses,2021-06-23,16:21:22,00:00:07
stefano.crapanzano@chu.ulg.ac.be,Lecture documentation,Tâches diverses,2021-06-23,16:21:31,00:00:09
stefano.crapanzano@chu.ulg.ac.be,Lecture documentation,Tâches diverses,2021-06-23,16:22:49,00:00:07
stefano.crapanzano@chu.ulg.ac.be,Lecture documentation,Tâches diverses,2021-06-23,16:24:35,00:00:11
stefano.crapanzano@chu.ulg.ac.be,Courrier entrant - erp.sai@chuliege.be - Mozilla Thunderbird,Helpdesk général,2021-06-23,14:15:38,00:00:43
stefano.crapanzano@chu.ulg.ac.be,Courrier entrant - erp.sai@chuliege.be - Mozilla Thunderbird,Helpdesk général,2021-06-23,14:21:59,00:00:04
stefano.crapanzano@chu.ulg.ac.be,Courrier entrant - erp.sai@chuliege.be - Mozilla Thunderbird,Helpdesk général,2021-06-23,15:03:16,00:00:08
stefano.crapanzano@chu.ulg.ac.be,Courrier entrant - erp.sai@chuliege.be - Mozilla Thunderbird,Helpdesk général,2021-06-23,15:05:59,00:00:07
stefano.crapanzano@chu.ulg.ac.be,Courrier entrant - erp.sai@chuliege.be - Mozilla Thunderbird,Helpdesk général,2021-06-23,15:06:09,00:00:03
stefano.crapanzano@chu.ulg.ac.be,Courrier entrant - erp.sai@chuliege.be - Mozilla Thunderbird,Helpdesk général,2021-06-23,15:09:56,00:00:02
stefano.crapanzano@chu.ulg.ac.be,Courrier entrant - erp.sai@chuliege.be - Mozilla Thunderbird,Helpdesk général,2021-06-23,15:10:01,00:00:39
stefano.crapanzano@chu.ulg.ac.be,Courrier entrant - erp.sai@chuliege.be - Mozilla Thunderbird,Helpdesk général,2021-06-23,15:21:15,00:00:07
stefano.crapanzano@chu.ulg.ac.be,Courrier entrant - erp.sai@chuliege.be - Mozilla Thunderbird,Helpdesk général,2021-06-23,16:14:57,00:00:03
stefano.crapanzano@chu.ulg.ac.be,Courrier entrant - erp.sai@chuliege.be - Mozilla Thunderbird,Helpdesk général,2021-06-23,16:15:03,00:00:02
stefano.crapanzano@chu.ulg.ac.be,Courrier entrant - erp.sai@chuliege.be - Mozilla Thunderbird,Helpdesk général,2021-06-23,16:47:19,00:00:20
stefano.crapanzano@chu.ulg.ac.be,Courrier entrant - erp.sai@chuliege.be - Mozilla Thunderbird,Helpdesk général,2021-06-23,16:48:38,00:00:02
stefano.crapanzano@chu.ulg.ac.be,Courrier entrant - erp.sai@chuliege.be - Mozilla Thunderbird,Helpdesk général,2021-06-23,16:48:56,00:00:02
stefano.crapanzano@chu.ulg.ac.be,Courrier entrant - erp.sai@chuliege.be - Mozilla Thunderbird,Helpdesk général,2021-06-23,16:52:01,00:00:03
stefano.crapanzano@chu.ulg.ac.be,Courrier entrant - erp.sai@chuliege.be - Mozilla Thunderbird,Helpdesk général,2021-06-23,16:52:07,00:00:45
stefano.crapanzano@chu.ulg.ac.be,Courrier entrant - erp.sai@chuliege.be - Mozilla Thunderbird,Helpdesk général,2021-06-23,16:55:55,00:00:38
stefano.crapanzano@chu.ulg.ac.be,Courrier entrant - erp.sai@chuliege.be - Mozilla Thunderbird,Helpdesk général,2021-06-23,16:57:06,00:00:02
stefano.crapanzano@chu.ulg.ac.be,Courrier entrant - erp.sai@chuliege.be - Mozilla Thunderbird,Helpdesk général,2021-06-23,16:58:52,00:00:12
stefano.crapanzano@chu.ulg.ac.be,Courrier entrant - erp.sai@chuliege.be - Mozilla Thunderbird,Helpdesk général,2021-06-23,16:59:07,00:00:05
stefano.crapanzano@chu.ulg.ac.be,Courrier entrant - erp.sai@chuliege.be - Mozilla Thunderbird,Helpdesk général,2021-06-23,16:59:18,00:00:13
stefano.crapanzano@chu.ulg.ac.be,P203 CHU IDoc 332504 en statut 51 pour article 601839 - Bienvenue! Vous pouvez poser une demande de Service Desk ERP for HealthCare parmi les options fournies. - Service d'assistance - Google Chrome,Tâches diverses,2021-06-23,14:16:26,00:00:04
stefano.crapanzano@chu.ulg.ac.be,P203 CHU Problème rappel - Bienvenue! Vous pouvez poser une demande de Service Desk ERP for HealthCare parmi les options fournies. - Service d'assistance - Google Chrome,Tâches diverses,2021-06-23,14:16:32,00:00:03
stefano.crapanzano@chu.ulg.ac.be,P203 CHU Problème rappel - Bienvenue! Vous pouvez poser une demande de Service Desk ERP for HealthCare parmi les options fournies. - Service d'assistance - Google Chrome,Tâches diverses,2021-06-23,14:17:29,00:01:22
stefano.crapanzano@chu.ulg.ac.be,P203 CHU Problème rappel - Bienvenue! Vous pouvez poser une demande de Service Desk ERP for HealthCare parmi les options fournies. - Service d'assistance - Google Chrome,Exploration SAP,2021-06-23,14:19:48,00:00:06
stefano.crapanzano@chu.ulg.ac.be,P203 CHU Problème rappel - Bienvenue! Vous pouvez poser une demande de Service Desk ERP for HealthCare parmi les options fournies. - Service d'assistance - Google Chrome,Tâches diverses,2021-06-23,14:22:03,00:00:03
stefano.crapanzano@chu.ulg.ac.be,P203 CHU Problème rappel - Bienvenue! Vous pouvez poser une demande de Service Desk ERP for HealthCare parmi les options fournies. - Service d'assistance - Google Chrome,Tâches diverses,2021-06-23,16:56:39,00:00:03
stefano.crapanzano@chu.ulg.ac.be,Greenshot capture form,Helpdesk général,2021-06-23,14:16:35,00:00:05
stefano.crapanzano@chu.ulg.ac.be,Greenshot capture form,Helpdesk général,2021-06-23,16:57:12,00:00:07
stefano.crapanzano@chu.ulg.ac.be,Problème rappel - Mozilla Thunderbird,Helpdesk général,2021-06-23,14:16:44,00:00:02
stefano.crapanzano@chu.ulg.ac.be,Rédaction : Re: Problème rappel - Thunderbird,Helpdesk général,2021-06-23,14:16:47,00:00:05
stefano.crapanzano@chu.ulg.ac.be,Rédaction : Re: Problème rappel - Thunderbird,Helpdesk général,2021-06-23,14:17:04,00:00:21
stefano.crapanzano@chu.ulg.ac.be,Rédaction : Re: Problème rappel - Thunderbird,Helpdesk général,2021-06-23,14:21:41,00:00:14
stefano.crapanzano@chu.ulg.ac.be,SAP Logon 750,Exploration SAP,2021-06-23,14:16:57,00:00:02
stefano.crapanzano@chu.ulg.ac.be,SAP Easy Access Menu de base Applications financières-économiques,Exploration SAP,2021-06-23,14:16:59,00:00:04
stefano.crapanzano@chu.ulg.ac.be,SAP Easy Access Menu de base Applications financières-économiques,Tâches diverses,2021-06-23,14:18:52,00:00:09
stefano.crapanzano@chu.ulg.ac.be,SAP Easy Access Menu de base Applications financières-économiques,Exploration SAP,2021-06-23,14:21:15,00:00:02
stefano.crapanzano@chu.ulg.ac.be,Client Afficher : écran initial,Exploration SAP,2021-06-23,14:19:02,00:00:03
stefano.crapanzano@chu.ulg.ac.be,Client Afficher : écran initial,Exploration SAP,2021-06-23,14:19:36,00:00:02
stefano.crapanzano@chu.ulg.ac.be,Afficher client : Donn. générales,Exploration SAP,2021-06-23,14:19:05,00:00:07
stefano.crapanzano@chu.ulg.ac.be,Afficher client : Donn. générales,Exploration SAP,2021-06-23,14:19:18,00:00:18
stefano.crapanzano@chu.ulg.ac.be,Afficher client : Donn. générales,Exploration SAP,2021-06-23,14:19:39,00:00:03
stefano.crapanzano@chu.ulg.ac.be,Afficher client : Donn. générales,Exploration SAP,2021-06-23,14:19:45,00:00:03
stefano.crapanzano@chu.ulg.ac.be,Afficher client : Donn. générales,Exploration SAP,2021-06-23,14:19:54,00:00:02
stefano.crapanzano@chu.ulg.ac.be,Afficher client : Donn. générales,Exploration SAP,2021-06-23,14:21:10,00:00:03
stefano.crapanzano@chu.ulg.ac.be,Afficher client : Données générales (étendues),Exploration SAP,2021-06-23,14:19:12,00:00:06
stefano.crapanzano@chu.ulg.ac.be,Afficher client : Données générales (étendues),Exploration SAP,2021-06-23,14:19:42,00:00:02
stefano.crapanzano@chu.ulg.ac.be,Modifications client : Zones modifiées,Exploration SAP,2021-06-23,14:21:08,00:00:02
stefano.crapanzano@chu.ulg.ac.be,Modifications client : Aperçu,Exploration SAP,2021-06-23,14:19:58,00:00:04
stefano.crapanzano@chu.ulg.ac.be,Modifications client : Aperçu,Exploration SAP,2021-06-23,14:20:05,00:00:10
stefano.crapanzano@chu.ulg.ac.be,Modifications client : Aperçu,Exploration SAP,2021-06-23,14:20:23,00:00:21
stefano.crapanzano@chu.ulg.ac.be,Modifications client : Aperçu,Exploration SAP,2021-06-23,14:20:50,00:00:14
stefano.crapanzano@chu.ulg.ac.be,Détail,Exploration SAP,2021-06-23,14:20:03,00:00:02
stefano.crapanzano@chu.ulg.ac.be,Détail,Exploration SAP,2021-06-23,14:20:16,00:00:07
stefano.crapanzano@chu.ulg.ac.be,Détail,Exploration SAP,2021-06-23,14:20:45,00:00:04
stefano.crapanzano@chu.ulg.ac.be,Détail,Exploration SAP,2021-06-23,14:21:04,00:00:02
stefano.crapanzano@chu.ulg.ac.be,Rédaction : Re: AW: Migration connecteur Kardex S4H Acceptance - Thunderbird,Helpdesk général,2021-06-23,14:21:25,00:00:02
stefano.crapanzano@chu.ulg.ac.be,Rédaction : Re: vue commande WOAR - Thunderbird,Helpdesk général,2021-06-23,14:21:31,00:00:02
stefano.crapanzano@chu.ulg.ac.be,Rédaction : Re: vue commande WOAR - Thunderbird,Helpdesk général,2021-06-23,14:21:55,00:00:02
stefano.crapanzano@chu.ulg.ac.be,Rédaction : (pas de sujet) - Thunderbird,Helpdesk général,2021-06-23,14:21:35,00:00:03
stefano.crapanzano@chu.ulg.ac.be,Accueil - Mozilla Thunderbird,Helpdesk général,2021-06-23,15:03:24,00:00:02
stefano.crapanzano@chu.ulg.ac.be,erreur chargement - Mozilla Thunderbird,Helpdesk général,2021-06-23,15:03:26,00:00:20
stefano.crapanzano@chu.ulg.ac.be,erreur chargement - Mozilla Thunderbird,Helpdesk général,2021-06-23,15:05:27,00:00:02
stefano.crapanzano@chu.ulg.ac.be,erreur chargement - Mozilla Thunderbird,Helpdesk général,2021-06-23,15:05:54,00:00:04
stefano.crapanzano@chu.ulg.ac.be,C:\Users\c158492\ProjetBoulot\PYTHON\automatic_toggl\app_logged.csv - Notepad++ [Administrator],IT,2021-06-23,15:03:48,00:00:04
stefano.crapanzano@chu.ulg.ac.be,*new 1 - Notepad++ [Administrator],IT,2021-06-23,15:09:44,00:00:05
stefano.crapanzano@chu.ulg.ac.be,new 2 - Notepad++ [Administrator],IT,2021-06-23,15:03:57,00:00:03
stefano.crapanzano@chu.ulg.ac.be,*new 2 - Notepad++ [Administrator],IT,2021-06-23,15:04:01,00:00:34
stefano.crapanzano@chu.ulg.ac.be,*new 2 - Notepad++ [Administrator],IT,2021-06-23,15:09:38,00:00:03
stefano.crapanzano@chu.ulg.ac.be,PE2_203_IDMGMT - sftp://PE2U2FTPID@153.89.110.38 - FileZilla,Helpdesk général,2021-06-23,15:05:01,00:00:02
stefano.crapanzano@chu.ulg.ac.be,PE2_203 - sftp://PE2U2FTP@153.89.110.38 - FileZilla,Helpdesk général,2021-06-23,15:05:04,00:00:21
stefano.crapanzano@chu.ulg.ac.be,Rédaction : Re: erreur chargement - Thunderbird,Helpdesk général,2021-06-23,15:05:30,00:00:21
stefano.crapanzano@chu.ulg.ac.be,Courrier entrant - stefano.crapanzano@chuliege.be - Mozilla Thunderbird,Helpdesk général,2021-06-23,15:09:54,00:00:02
stefano.crapanzano@chu.ulg.ac.be,Courrier entrant - stefano.crapanzano@chuliege.be - Mozilla Thunderbird,Helpdesk général,2021-06-23,16:15:01,00:00:02
stefano.crapanzano@chu.ulg.ac.be,Courrier entrant - stefano.crapanzano@chuliege.be - Mozilla Thunderbird,Helpdesk général,2021-06-23,16:52:04,00:00:02
stefano.crapanzano@chu.ulg.ac.be,Active Directory Users and Computers,IT,2021-06-23,15:09:36,00:00:02
stefano.crapanzano@chu.ulg.ac.be,Save,IT,2021-06-23,15:09:42,00:00:02
stefano.crapanzano@chu.ulg.ac.be,Envoyés - erp.sai@chuliege.be - Mozilla Thunderbird,Helpdesk général,2021-06-23,16:15:06,00:00:02
stefano.crapanzano@chu.ulg.ac.be,Envoyés - erp.sai@chuliege.be - Mozilla Thunderbird,Helpdesk général,2021-06-23,16:47:15,00:00:02
stefano.crapanzano@chu.ulg.ac.be,Envoyés - erp.sai@chuliege.be - Mozilla Thunderbird,Helpdesk général,2021-06-23,16:48:58,00:00:25
stefano.crapanzano@chu.ulg.ac.be,Envoyés - erp.sai@chuliege.be - Mozilla Thunderbird,Helpdesk général,2021-06-23,16:52:52,00:00:19
stefano.crapanzano@chu.ulg.ac.be,Envoyés - erp.sai@chuliege.be - Mozilla Thunderbird,Helpdesk général,2021-06-23,16:59:04,00:00:02
stefano.crapanzano@chu.ulg.ac.be,Classeur1 - Excel,Tâches diverses,2021-06-23,15:56:02,00:09:45
stefano.crapanzano@chu.ulg.ac.be,Classeur1 - Excel,Tâches diverses,2021-06-23,16:05:49,00:09:07
stefano.crapanzano@chu.ulg.ac.be,sweetalert django - Recherche Google - Google Chrome,Tâches diverses,2021-06-23,16:26:59,00:00:06
stefano.crapanzano@chu.ulg.ac.be,sweetalert django - Recherche Google - Google Chrome,Tâches diverses,2021-06-23,16:28:41,00:00:04
stefano.crapanzano@chu.ulg.ac.be,sweetalert django - Recherche Google - Google Chrome,Tâches diverses,2021-06-23,16:29:23,00:00:04
stefano.crapanzano@chu.ulg.ac.be,sweetalert django - Recherche Google - Google Chrome,Tâches diverses,2021-06-23,16:29:40,00:00:15
stefano.crapanzano@chu.ulg.ac.be,GitHub - Atrox/sweetify-django: SweetAlert integration for Django - Google Chrome,Tâches diverses,2021-06-23,16:27:05,00:01:36
stefano.crapanzano@chu.ulg.ac.be,SweetAlert2 · Volt Django Dashboard Documentation - Google Chrome,Tâches diverses,2021-06-23,16:28:46,00:00:37
stefano.crapanzano@chu.ulg.ac.be,SweetAlert for Bootstrap - Google Chrome,Tâches diverses,2021-06-23,16:29:28,00:00:12
stefano.crapanzano@chu.ulg.ac.be,django messages bootstrap - Recherche Google - Google Chrome,Tâches diverses,2021-06-23,16:30:02,00:00:04
stefano.crapanzano@chu.ulg.ac.be,How to use Django Messages Framework - Google Chrome,Tâches diverses,2021-06-23,16:30:07,00:01:11
stefano.crapanzano@chu.ulg.ac.be,How to use Django Messages Framework - Google Chrome,Tâches diverses,2021-06-23,16:31:22,00:00:02
stefano.crapanzano@chu.ulg.ac.be,How to use Django Messages Framework - Google Chrome,Tâches diverses,2021-06-23,16:31:25,00:00:38
stefano.crapanzano@chu.ulg.ac.be,How to use Django Messages Framework - Google Chrome,Tâches diverses,2021-06-23,16:36:01,00:00:15
stefano.crapanzano@chu.ulg.ac.be,how to hide bootstrap alert after time - Recherche Google - Google Chrome,Tâches diverses,2021-06-23,16:36:17,00:00:03
stefano.crapanzano@chu.ulg.ac.be,javascript - Bootstrap Alert Auto Close - Stack Overflow - Google Chrome,Tâches diverses,2021-06-23,16:36:20,00:00:39
stefano.crapanzano@chu.ulg.ac.be,template django for else - Recherche Google - Google Chrome,Tâches diverses,2021-06-23,16:42:26,00:00:06
stefano.crapanzano@chu.ulg.ac.be,python - Django Template Language: Using a for loop with else - Stack Overflow - Google Chrome,Tâches diverses,2021-06-23,16:42:32,00:00:08
stefano.crapanzano@chu.ulg.ac.be,Built-in template tags and filters | Django documentation | Django - Google Chrome,Tâches diverses,2021-06-23,16:42:40,00:00:07
stefano.crapanzano@chu.ulg.ac.be,Rédaction : Re: SDERP-18769 P203 CHU Accès à BMBC sur PE2 pour Olivier Tomsin - Thunderbird,Helpdesk général,2021-06-23,16:47:39,00:00:56
stefano.crapanzano@chu.ulg.ac.be,sam.uliege.be - Google Chrome,Tâches diverses,2021-06-23,16:55:46,00:00:02
stefano.crapanzano@chu.ulg.ac.be,Enregistrer l’image,Helpdesk général,2021-06-23,16:56:33,00:00:03
stefano.crapanzano@chu.ulg.ac.be,P203 CHU Accès à BMBC sur PE2 pour Olivier Tomsin - Bienvenue! Vous pouvez poser une demande de Service Desk ERP for HealthCare parmi les options fournies. - Service d'assistance - Google Chrome,Tâches diverses,2021-06-23,16:56:44,00:00:02
stefano.crapanzano@chu.ulg.ac.be,P203 CHU Accès à BMBC sur PE2 pour Olivier Tomsin - Bienvenue! Vous pouvez poser une demande de Service Desk ERP for HealthCare parmi les options fournies. - Service d'assistance - Google Chrome,Tâches diverses,2021-06-23,16:57:03,00:00:02
stefano.crapanzano@chu.ulg.ac.be,P203 CHU Accès à BMBC sur PE2 pour Olivier Tomsin - Bienvenue! Vous pouvez poser une demande de Service Desk ERP for HealthCare parmi les options fournies. - Service d'assistance - Google Chrome,Tâches diverses,2021-06-23,16:57:20,00:00:02
stefano.crapanzano@chu.ulg.ac.be,P203 CHU Accès à BMBC sur PE2 pour Olivier Tomsin - Bienvenue! Vous pouvez poser une demande de Service Desk ERP for HealthCare parmi les options fournies. - Service d'assistance - Google Chrome,Tâches diverses,2021-06-23,16:57:25,00:00:20
stefano.crapanzano@chu.ulg.ac.be,Ouvrir,Tâches diverses,2021-06-23,16:56:46,00:00:08
stefano.crapanzano@chu.ulg.ac.be,Ouvrir,Tâches diverses,2021-06-23,16:57:22,00:00:02
stefano.crapanzano@chu.ulg.ac.be,Fichier ouvert,Tâches diverses,2021-06-23,16:56:55,00:00:02
stefano.crapanzano@chu.ulg.ac.be,SDERP-18769 P203 CHU Accès à BMBC sur PE2 pour Olivier Tomsin - Mozilla Thunderbird,Helpdesk général,2021-06-23,16:57:08,00:00:03
stefano.crapanzano@chu.ulg.ac.be,SDERP-18769 P203 CHU Accès à BMBC sur PE2 pour Olivier Tomsin - Mozilla Thunderbird,Helpdesk général,2021-06-23,16:57:46,00:00:59
