Email,Description,Project,Start date,Start time,Duration
stefano.crapanzano@chu.ulg.ac.be,Administrateur : Perl (command line) - python  main.py,IT,2021-11-17,08:32:41,00:00:02
stefano.crapanzano@chu.ulg.ac.be,Administrateur : Perl (command line) - python  main.py,IT,2021-11-17,11:24:02,00:00:13
stefano.crapanzano@chu.ulg.ac.be,Identification - Google Chrome,Tâches diverses,2021-11-17,08:32:44,00:00:05
stefano.crapanzano@chu.ulg.ac.be,Identification - Google Chrome,Tâches diverses,2021-11-17,09:42:39,00:00:17
stefano.crapanzano@chu.ulg.ac.be,Identification - Google Chrome,Tâches diverses,2021-11-17,11:49:43,00:00:06
stefano.crapanzano@chu.ulg.ac.be,Service MT - Google Chrome,Tâches diverses,2021-11-17,08:32:49,00:00:58
stefano.crapanzano@chu.ulg.ac.be,Service MT - Google Chrome,Tâches diverses,2021-11-17,09:43:21,00:00:16
stefano.crapanzano@chu.ulg.ac.be,Service MT - Google Chrome,Tâches diverses,2021-11-17,09:44:08,00:00:13
stefano.crapanzano@chu.ulg.ac.be,Service MT - Google Chrome,Tâches diverses,2021-11-17,11:03:22,00:00:05
stefano.crapanzano@chu.ulg.ac.be,Service MT - Google Chrome,Tâches diverses,2021-11-17,11:12:05,00:00:08
stefano.crapanzano@chu.ulg.ac.be,Service MT - Google Chrome,Tâches diverses,2021-11-17,11:19:42,00:00:16
stefano.crapanzano@chu.ulg.ac.be,Service MT - Google Chrome,Tâches diverses,2021-11-17,11:49:49,00:00:13
stefano.crapanzano@chu.ulg.ac.be,Service MT - Google Chrome,Tâches diverses,2021-11-17,11:50:05,00:00:02
stefano.crapanzano@chu.ulg.ac.be,Service MT - Google Chrome,Tâches diverses,2021-11-17,11:50:40,00:00:05
stefano.crapanzano@chu.ulg.ac.be,Service MT - Google Chrome,Tâches diverses,2021-11-17,11:51:02,00:00:04
stefano.crapanzano@chu.ulg.ac.be,Service MT - Google Chrome,Tâches diverses,2021-11-17,11:51:09,00:00:02
stefano.crapanzano@chu.ulg.ac.be,Service MT - Google Chrome,Tâches diverses,2021-11-17,11:52:05,00:00:02
stefano.crapanzano@chu.ulg.ac.be,Service MT - Google Chrome,Tâches diverses,2021-11-17,11:55:23,00:00:15
stefano.crapanzano@chu.ulg.ac.be,Service MT - Google Chrome,Tâches diverses,2021-11-17,12:01:57,00:00:10
stefano.crapanzano@chu.ulg.ac.be,Service MT - Google Chrome,Helpdesk général,2021-11-17,12:16:10,00:00:02
stefano.crapanzano@chu.ulg.ac.be,Courrier entrant - erp.sai@chuliege.be - Mozilla Thunderbird,Helpdesk général,2021-11-17,08:33:52,00:00:13
stefano.crapanzano@chu.ulg.ac.be,Courrier entrant - erp.sai@chuliege.be - Mozilla Thunderbird,Helpdesk général,2021-11-17,08:34:08,00:00:10
stefano.crapanzano@chu.ulg.ac.be,Courrier entrant - erp.sai@chuliege.be - Mozilla Thunderbird,Helpdesk général,2021-11-17,08:38:39,00:00:04
stefano.crapanzano@chu.ulg.ac.be,Courrier entrant - erp.sai@chuliege.be - Mozilla Thunderbird,Helpdesk général,2021-11-17,08:42:36,00:00:02
stefano.crapanzano@chu.ulg.ac.be,Courrier entrant - erp.sai@chuliege.be - Mozilla Thunderbird,Helpdesk général,2021-11-17,08:42:42,00:00:06
stefano.crapanzano@chu.ulg.ac.be,Courrier entrant - erp.sai@chuliege.be - Mozilla Thunderbird,Helpdesk général,2021-11-17,08:48:10,00:00:21
stefano.crapanzano@chu.ulg.ac.be,Courrier entrant - erp.sai@chuliege.be - Mozilla Thunderbird,Helpdesk général,2021-11-17,08:53:14,00:00:09
stefano.crapanzano@chu.ulg.ac.be,Courrier entrant - erp.sai@chuliege.be - Mozilla Thunderbird,Helpdesk général,2021-11-17,08:54:30,00:00:06
stefano.crapanzano@chu.ulg.ac.be,Courrier entrant - erp.sai@chuliege.be - Mozilla Thunderbird,Helpdesk général,2021-11-17,08:54:42,00:00:08
stefano.crapanzano@chu.ulg.ac.be,Courrier entrant - erp.sai@chuliege.be - Mozilla Thunderbird,Helpdesk général,2021-11-17,09:14:31,00:00:13
stefano.crapanzano@chu.ulg.ac.be,Courrier entrant - erp.sai@chuliege.be - Mozilla Thunderbird,Helpdesk général,2021-11-17,09:18:25,00:00:10
stefano.crapanzano@chu.ulg.ac.be,Courrier entrant - erp.sai@chuliege.be - Mozilla Thunderbird,Helpdesk général,2021-11-17,09:29:02,00:00:29
stefano.crapanzano@chu.ulg.ac.be,Courrier entrant - erp.sai@chuliege.be - Mozilla Thunderbird,Helpdesk général,2021-11-17,09:32:16,00:00:35
stefano.crapanzano@chu.ulg.ac.be,Courrier entrant - erp.sai@chuliege.be - Mozilla Thunderbird,Helpdesk général,2021-11-17,09:34:11,00:00:20
stefano.crapanzano@chu.ulg.ac.be,Courrier entrant - erp.sai@chuliege.be - Mozilla Thunderbird,Helpdesk général,2021-11-17,09:34:33,00:03:43
stefano.crapanzano@chu.ulg.ac.be,Courrier entrant - erp.sai@chuliege.be - Mozilla Thunderbird,Helpdesk général,2021-11-17,09:38:18,00:00:43
stefano.crapanzano@chu.ulg.ac.be,Courrier entrant - erp.sai@chuliege.be - Mozilla Thunderbird,Helpdesk général,2021-11-17,09:41:44,00:00:36
stefano.crapanzano@chu.ulg.ac.be,Courrier entrant - erp.sai@chuliege.be - Mozilla Thunderbird,Helpdesk général,2021-11-17,09:44:35,00:00:41
stefano.crapanzano@chu.ulg.ac.be,Courrier entrant - erp.sai@chuliege.be - Mozilla Thunderbird,Helpdesk général,2021-11-17,09:45:19,00:00:03
stefano.crapanzano@chu.ulg.ac.be,Courrier entrant - erp.sai@chuliege.be - Mozilla Thunderbird,Tâches diverses,2021-11-17,09:51:30,00:01:09
stefano.crapanzano@chu.ulg.ac.be,Courrier entrant - erp.sai@chuliege.be - Mozilla Thunderbird,Tâches diverses,2021-11-17,09:54:11,00:00:02
stefano.crapanzano@chu.ulg.ac.be,Courrier entrant - erp.sai@chuliege.be - Mozilla Thunderbird,Helpdesk général,2021-11-17,10:01:31,00:00:08
stefano.crapanzano@chu.ulg.ac.be,Courrier entrant - erp.sai@chuliege.be - Mozilla Thunderbird,Helpdesk général,2021-11-17,10:15:46,00:00:04
stefano.crapanzano@chu.ulg.ac.be,Courrier entrant - erp.sai@chuliege.be - Mozilla Thunderbird,Helpdesk général,2021-11-17,10:15:54,00:00:08
stefano.crapanzano@chu.ulg.ac.be,Courrier entrant - erp.sai@chuliege.be - Mozilla Thunderbird,Helpdesk général,2021-11-17,10:16:27,00:00:02
stefano.crapanzano@chu.ulg.ac.be,Courrier entrant - erp.sai@chuliege.be - Mozilla Thunderbird,Helpdesk général,2021-11-17,10:24:26,00:00:26
stefano.crapanzano@chu.ulg.ac.be,Courrier entrant - erp.sai@chuliege.be - Mozilla Thunderbird,Helpdesk général,2021-11-17,10:36:16,00:00:13
stefano.crapanzano@chu.ulg.ac.be,Courrier entrant - erp.sai@chuliege.be - Mozilla Thunderbird,Helpdesk général,2021-11-17,10:40:53,00:00:04
stefano.crapanzano@chu.ulg.ac.be,Courrier entrant - erp.sai@chuliege.be - Mozilla Thunderbird,Helpdesk général,2021-11-17,10:41:00,00:00:08
stefano.crapanzano@chu.ulg.ac.be,Courrier entrant - erp.sai@chuliege.be - Mozilla Thunderbird,Helpdesk général,2021-11-17,10:41:30,00:00:08
stefano.crapanzano@chu.ulg.ac.be,Courrier entrant - erp.sai@chuliege.be - Mozilla Thunderbird,Helpdesk général,2021-11-17,10:44:20,00:00:16
stefano.crapanzano@chu.ulg.ac.be,Courrier entrant - erp.sai@chuliege.be - Mozilla Thunderbird,Helpdesk général,2021-11-17,10:50:23,00:00:05
stefano.crapanzano@chu.ulg.ac.be,Courrier entrant - erp.sai@chuliege.be - Mozilla Thunderbird,Helpdesk général,2021-11-17,10:50:48,00:00:02
stefano.crapanzano@chu.ulg.ac.be,Courrier entrant - erp.sai@chuliege.be - Mozilla Thunderbird,Helpdesk général,2021-11-17,10:50:52,00:00:32
stefano.crapanzano@chu.ulg.ac.be,Courrier entrant - erp.sai@chuliege.be - Mozilla Thunderbird,Helpdesk général,2021-11-17,10:51:48,00:00:06
stefano.crapanzano@chu.ulg.ac.be,Courrier entrant - erp.sai@chuliege.be - Mozilla Thunderbird,Helpdesk général,2021-11-17,11:03:34,00:00:47
stefano.crapanzano@chu.ulg.ac.be,Courrier entrant - erp.sai@chuliege.be - Mozilla Thunderbird,Helpdesk général,2021-11-17,11:11:20,00:00:10
stefano.crapanzano@chu.ulg.ac.be,Courrier entrant - erp.sai@chuliege.be - Mozilla Thunderbird,Helpdesk général,2021-11-17,11:24:34,00:00:38
stefano.crapanzano@chu.ulg.ac.be,Courrier entrant - erp.sai@chuliege.be - Mozilla Thunderbird,Helpdesk général,2021-11-17,11:25:14,00:00:02
stefano.crapanzano@chu.ulg.ac.be,Courrier entrant - erp.sai@chuliege.be - Mozilla Thunderbird,Helpdesk général,2021-11-17,11:29:16,00:00:16
stefano.crapanzano@chu.ulg.ac.be,Courrier entrant - erp.sai@chuliege.be - Mozilla Thunderbird,Tâches diverses,2021-11-17,11:30:03,00:00:02
stefano.crapanzano@chu.ulg.ac.be,Courrier entrant - erp.sai@chuliege.be - Mozilla Thunderbird,Helpdesk général,2021-11-17,11:30:24,00:00:03
stefano.crapanzano@chu.ulg.ac.be,Courrier entrant - erp.sai@chuliege.be - Mozilla Thunderbird,Helpdesk général,2021-11-17,11:30:39,00:00:03
stefano.crapanzano@chu.ulg.ac.be,Courrier entrant - erp.sai@chuliege.be - Mozilla Thunderbird,Helpdesk général,2021-11-17,11:35:16,00:01:25
stefano.crapanzano@chu.ulg.ac.be,Lecture documentation,Tâches diverses,2021-11-17,11:36:44,00:01:32
stefano.crapanzano@chu.ulg.ac.be,Courrier entrant - erp.sai@chuliege.be - Mozilla Thunderbird,Helpdesk général,2021-11-17,11:41:01,00:00:02
stefano.crapanzano@chu.ulg.ac.be,Courrier entrant - erp.sai@chuliege.be - Mozilla Thunderbird,Helpdesk général,2021-11-17,11:41:08,00:06:17
stefano.crapanzano@chu.ulg.ac.be,Courrier entrant - erp.sai@chuliege.be - Mozilla Thunderbird,Helpdesk général,2021-11-17,11:51:18,00:00:46
stefano.crapanzano@chu.ulg.ac.be,Lecture documentation,Tâches diverses,2021-11-17,12:01:53,00:00:04
stefano.crapanzano@chu.ulg.ac.be,Courrier entrant - stefano.crapanzano@chuliege.be - Mozilla Thunderbird,Helpdesk général,2021-11-17,08:33:49,00:00:02
stefano.crapanzano@chu.ulg.ac.be,Courrier entrant - stefano.crapanzano@chuliege.be - Mozilla Thunderbird,Helpdesk général,2021-11-17,08:37:43,00:00:16
stefano.crapanzano@chu.ulg.ac.be,Courrier entrant - stefano.crapanzano@chuliege.be - Mozilla Thunderbird,Helpdesk général,2021-11-17,08:38:24,00:00:08
stefano.crapanzano@chu.ulg.ac.be,Courrier entrant - stefano.crapanzano@chuliege.be - Mozilla Thunderbird,Helpdesk général,2021-11-17,08:42:39,00:00:02
stefano.crapanzano@chu.ulg.ac.be,Courrier entrant - stefano.crapanzano@chuliege.be - Mozilla Thunderbird,Helpdesk général,2021-11-17,09:42:21,00:00:04
stefano.crapanzano@chu.ulg.ac.be,Courrier entrant - stefano.crapanzano@chuliege.be - Mozilla Thunderbird,Helpdesk général,2021-11-17,09:44:32,00:00:02
stefano.crapanzano@chu.ulg.ac.be,Courrier entrant - stefano.crapanzano@chuliege.be - Mozilla Thunderbird,Helpdesk général,2021-11-17,10:01:29,00:00:02
stefano.crapanzano@chu.ulg.ac.be,Courrier entrant - stefano.crapanzano@chuliege.be - Mozilla Thunderbird,Helpdesk général,2021-11-17,10:40:57,00:00:02
stefano.crapanzano@chu.ulg.ac.be,Courrier entrant - stefano.crapanzano@chuliege.be - Mozilla Thunderbird,Helpdesk général,2021-11-17,10:51:55,00:00:25
stefano.crapanzano@chu.ulg.ac.be,Courrier entrant - stefano.crapanzano@chuliege.be - Mozilla Thunderbird,Helpdesk général,2021-11-17,11:03:28,00:00:05
stefano.crapanzano@chu.ulg.ac.be,Courrier entrant - stefano.crapanzano@chuliege.be - Mozilla Thunderbird,Helpdesk général,2021-11-17,11:11:31,00:00:02
stefano.crapanzano@chu.ulg.ac.be,Courrier entrant - stefano.crapanzano@chuliege.be - Mozilla Thunderbird,Helpdesk général,2021-11-17,11:12:38,00:00:08
stefano.crapanzano@chu.ulg.ac.be,Courrier entrant - stefano.crapanzano@chuliege.be - Mozilla Thunderbird,Helpdesk général,2021-11-17,11:30:05,00:00:02
stefano.crapanzano@chu.ulg.ac.be,Courrier entrant - stefano.crapanzano@chuliege.be - Mozilla Thunderbird,Helpdesk général,2021-11-17,11:31:02,00:00:02
stefano.crapanzano@chu.ulg.ac.be,Courrier entrant - stefano.crapanzano@chuliege.be - Mozilla Thunderbird,Helpdesk général,2021-11-17,11:50:59,00:00:02
stefano.crapanzano@chu.ulg.ac.be,Courrier entrant - stefano.crapanzano@chuliege.be - Mozilla Thunderbird,Helpdesk général,2021-11-17,12:15:40,00:00:17
stefano.crapanzano@chu.ulg.ac.be,Envoyés - erp.sai@chuliege.be - Mozilla Thunderbird,Helpdesk général,2021-11-17,08:34:06,00:00:02
stefano.crapanzano@chu.ulg.ac.be,Envoyés - erp.sai@chuliege.be - Mozilla Thunderbird,Helpdesk général,2021-11-17,10:21:38,00:00:08
stefano.crapanzano@chu.ulg.ac.be,Envoyés - erp.sai@chuliege.be - Mozilla Thunderbird,Helpdesk général,2021-11-17,10:22:46,00:00:07
stefano.crapanzano@chu.ulg.ac.be,Envoyés - erp.sai@chuliege.be - Mozilla Thunderbird,Helpdesk général,2021-11-17,10:24:55,00:00:20
stefano.crapanzano@chu.ulg.ac.be,Envoyés - erp.sai@chuliege.be - Mozilla Thunderbird,Helpdesk général,2021-11-17,10:35:54,00:00:20
stefano.crapanzano@chu.ulg.ac.be,Envoyés - erp.sai@chuliege.be - Mozilla Thunderbird,Helpdesk général,2021-11-17,11:04:22,00:00:10
stefano.crapanzano@chu.ulg.ac.be,Envoyés - erp.sai@chuliege.be - Mozilla Thunderbird,Helpdesk général,2021-11-17,11:11:16,00:00:02
stefano.crapanzano@chu.ulg.ac.be,Envoyés - erp.sai@chuliege.be - Mozilla Thunderbird,Helpdesk général,2021-11-17,11:30:08,00:00:16
stefano.crapanzano@chu.ulg.ac.be,Envoyés - erp.sai@chuliege.be - Mozilla Thunderbird,Helpdesk général,2021-11-17,11:41:04,00:00:04
stefano.crapanzano@chu.ulg.ac.be,Envoyés - erp.sai@chuliege.be - Mozilla Thunderbird,Helpdesk général,2021-11-17,11:50:29,00:00:05
stefano.crapanzano@chu.ulg.ac.be,Envoyés - erp.sai@chuliege.be - Mozilla Thunderbird,Helpdesk général,2021-11-17,12:15:58,00:00:02
stefano.crapanzano@chu.ulg.ac.be,Lecture documentation,Tâches diverses,2021-11-17,08:34:19,00:03:21
stefano.crapanzano@chu.ulg.ac.be,Lecture documentation,Tâches diverses,2021-11-17,08:38:46,00:03:50
stefano.crapanzano@chu.ulg.ac.be,Lecture documentation,Tâches diverses,2021-11-17,08:42:52,00:00:02
stefano.crapanzano@chu.ulg.ac.be,Lecture documentation,Tâches diverses,2021-11-17,10:25:21,00:01:02
stefano.crapanzano@chu.ulg.ac.be,Lecture documentation,Tâches diverses,2021-11-17,10:26:29,00:00:53
stefano.crapanzano@chu.ulg.ac.be,Lecture documentation,Tâches diverses,2021-11-17,10:27:28,00:03:40
stefano.crapanzano@chu.ulg.ac.be,Lecture documentation,Tâches diverses,2021-11-17,10:31:13,00:04:41
stefano.crapanzano@chu.ulg.ac.be,Lecture documentation,Tâches diverses,2021-11-17,10:36:33,00:04:20
stefano.crapanzano@chu.ulg.ac.be,Lecture documentation,Tâches diverses,2021-11-17,10:43:35,00:00:45
stefano.crapanzano@chu.ulg.ac.be,Lecture documentation,Tâches diverses,2021-11-17,10:44:36,00:05:46
stefano.crapanzano@chu.ulg.ac.be,Lecture documentation,Tâches diverses,2021-11-17,10:50:28,00:00:15
stefano.crapanzano@chu.ulg.ac.be,Lecture documentation,Tâches diverses,2021-11-17,11:14:34,00:00:24
stefano.crapanzano@chu.ulg.ac.be,Lecture documentation,Tâches diverses,2021-11-17,11:15:06,00:01:43
stefano.crapanzano@chu.ulg.ac.be,Lecture documentation,Tâches diverses,2021-11-17,11:19:58,00:01:13
stefano.crapanzano@chu.ulg.ac.be,Lecture documentation,Tâches diverses,2021-11-17,11:23:05,00:00:03
stefano.crapanzano@chu.ulg.ac.be,Lecture documentation,Tâches diverses,2021-11-17,11:25:19,00:00:03
stefano.crapanzano@chu.ulg.ac.be,Doodle | Visite CALA - Google Chrome,Tâches diverses,2021-11-17,08:38:00,00:00:14
stefano.crapanzano@chu.ulg.ac.be,Doodle | Visite CALA - Google Chrome,Tâches diverses,2021-11-17,08:43:11,00:00:29
stefano.crapanzano@chu.ulg.ac.be,Doodle | Visite CALA - Google Chrome,Tâches diverses,2021-11-17,08:45:29,00:00:04
stefano.crapanzano@chu.ulg.ac.be,Doodle | Visite CALA - Google Chrome,Tâches diverses,2021-11-17,11:05:03,00:00:22
stefano.crapanzano@chu.ulg.ac.be,Programmation,IT,2021-11-17,08:38:15,00:00:09
stefano.crapanzano@chu.ulg.ac.be,Programmation,IT,2021-11-17,08:38:32,00:00:03
stefano.crapanzano@chu.ulg.ac.be,Programmation,IT,2021-11-17,08:42:54,00:00:03
stefano.crapanzano@chu.ulg.ac.be,Programmation,IT,2021-11-17,09:26:30,00:00:15
stefano.crapanzano@chu.ulg.ac.be,Programmation,IT,2021-11-17,10:26:24,00:00:05
stefano.crapanzano@chu.ulg.ac.be,Programmation,IT,2021-11-17,10:27:23,00:00:05
stefano.crapanzano@chu.ulg.ac.be,Programmation,IT,2021-11-17,10:57:11,00:00:07
stefano.crapanzano@chu.ulg.ac.be,Programmation,IT,2021-11-17,11:50:45,00:00:14
stefano.crapanzano@chu.ulg.ac.be,Navigation système de fichier,IT,2021-11-17,09:03:48,00:00:02
stefano.crapanzano@chu.ulg.ac.be,Navigation système de fichier,IT,2021-11-17,09:04:32,00:00:16
stefano.crapanzano@chu.ulg.ac.be,Navigation système de fichier,IT,2021-11-17,09:04:51,00:00:05
stefano.crapanzano@chu.ulg.ac.be,Navigation système de fichier,IT,2021-11-17,09:20:34,00:00:22
stefano.crapanzano@chu.ulg.ac.be,Navigation système de fichier,IT,2021-11-17,09:26:14,00:00:16
stefano.crapanzano@chu.ulg.ac.be,Navigation système de fichier,IT,2021-11-17,09:26:45,00:00:25
stefano.crapanzano@chu.ulg.ac.be,Navigation système de fichier,IT,2021-11-17,09:27:47,00:00:17
stefano.crapanzano@chu.ulg.ac.be,Navigation système de fichier,IT,2021-11-17,09:28:24,00:00:02
stefano.crapanzano@chu.ulg.ac.be,Navigation système de fichier,IT,2021-11-17,09:29:32,00:00:06
stefano.crapanzano@chu.ulg.ac.be,Navigation système de fichier,IT,2021-11-17,09:32:51,00:00:02
stefano.crapanzano@chu.ulg.ac.be,Navigation système de fichier,IT,2021-11-17,09:39:02,00:00:02
stefano.crapanzano@chu.ulg.ac.be,Navigation système de fichier,IT,2021-11-17,09:45:16,00:00:02
stefano.crapanzano@chu.ulg.ac.be,Navigation système de fichier,IT,2021-11-17,10:03:42,00:00:03
stefano.crapanzano@chu.ulg.ac.be,Navigation système de fichier,IT,2021-11-17,10:05:09,00:00:19
stefano.crapanzano@chu.ulg.ac.be,Navigation système de fichier,IT,2021-11-17,10:11:33,00:00:05
stefano.crapanzano@chu.ulg.ac.be,Navigation système de fichier,IT,2021-11-17,10:12:44,00:00:09
stefano.crapanzano@chu.ulg.ac.be,Navigation système de fichier,IT,2021-11-17,10:13:44,00:00:28
stefano.crapanzano@chu.ulg.ac.be,Navigation système de fichier,IT,2021-11-17,10:14:34,00:00:02
stefano.crapanzano@chu.ulg.ac.be,Navigation système de fichier,IT,2021-11-17,10:15:52,00:00:02
stefano.crapanzano@chu.ulg.ac.be,Navigation système de fichier,IT,2021-11-17,10:20:49,00:00:18
stefano.crapanzano@chu.ulg.ac.be,Navigation système de fichier,IT,2021-11-17,10:21:09,00:00:28
stefano.crapanzano@chu.ulg.ac.be,Navigation système de fichier,IT,2021-11-17,10:22:43,00:00:02
stefano.crapanzano@chu.ulg.ac.be,Navigation système de fichier,IT,2021-11-17,10:41:08,00:00:02
stefano.crapanzano@chu.ulg.ac.be,Navigation système de fichier,IT,2021-11-17,10:41:12,00:00:10
stefano.crapanzano@chu.ulg.ac.be,Navigation système de fichier,IT,2021-11-17,10:53:07,00:00:17
stefano.crapanzano@chu.ulg.ac.be,Navigation système de fichier,IT,2021-11-17,10:53:25,00:00:05
stefano.crapanzano@chu.ulg.ac.be,Navigation système de fichier,IT,2021-11-17,10:58:20,00:00:26
stefano.crapanzano@chu.ulg.ac.be,Navigation système de fichier,IT,2021-11-17,10:59:35,00:00:02
stefano.crapanzano@chu.ulg.ac.be,Navigation système de fichier,IT,2021-11-17,10:59:47,00:00:06
stefano.crapanzano@chu.ulg.ac.be,Navigation système de fichier,IT,2021-11-17,11:00:24,00:00:51
stefano.crapanzano@chu.ulg.ac.be,Navigation système de fichier,IT,2021-11-17,11:02:59,00:00:15
stefano.crapanzano@chu.ulg.ac.be,Navigation système de fichier,IT,2021-11-17,11:22:42,00:00:06
stefano.crapanzano@chu.ulg.ac.be,Navigation système de fichier,IT,2021-11-17,11:23:09,00:00:06
stefano.crapanzano@chu.ulg.ac.be,Navigation système de fichier,IT,2021-11-17,11:24:00,00:00:02
stefano.crapanzano@chu.ulg.ac.be,Navigation système de fichier,IT,2021-11-17,11:24:15,00:00:08
stefano.crapanzano@chu.ulg.ac.be,Navigation système de fichier,IT,2021-11-17,11:25:16,00:00:02
stefano.crapanzano@chu.ulg.ac.be,Navigation système de fichier,IT,2021-11-17,11:25:22,00:00:12
stefano.crapanzano@chu.ulg.ac.be,Navigation système de fichier,IT,2021-11-17,11:30:45,00:00:14
stefano.crapanzano@chu.ulg.ac.be,Navigation système de fichier,IT,2021-11-17,11:32:28,00:00:05
stefano.crapanzano@chu.ulg.ac.be,Navigation système de fichier,IT,2021-11-17,11:50:11,00:00:05
stefano.crapanzano@chu.ulg.ac.be,Navigation système de fichier,IT,2021-11-17,11:50:19,00:00:05
stefano.crapanzano@chu.ulg.ac.be,Navigation système de fichier,IT,2021-11-17,12:17:17,00:00:46
stefano.crapanzano@chu.ulg.ac.be,Navigation système de fichier,IT,2021-11-17,12:18:06,00:00:05
stefano.crapanzano@chu.ulg.ac.be,Navigation système de fichier,IT,2021-11-17,12:19:09,00:00:06
stefano.crapanzano@chu.ulg.ac.be,Administrateur : C:\Windows\system32\cmd.exe - ftp,IT,2021-11-17,08:43:02,00:00:02
stefano.crapanzano@chu.ulg.ac.be,Nouvel onglet - Google Chrome,Tâches diverses,2021-11-17,08:46:43,00:00:14
stefano.crapanzano@chu.ulg.ac.be,Nouvel onglet - Google Chrome,Tâches diverses,2021-11-17,09:42:25,00:00:05
stefano.crapanzano@chu.ulg.ac.be,Nouvel onglet - Google Chrome,Tâches diverses,2021-11-17,09:51:04,00:00:11
stefano.crapanzano@chu.ulg.ac.be,Nouvel onglet - Google Chrome,Tâches diverses,2021-11-17,11:06:08,00:00:12
stefano.crapanzano@chu.ulg.ac.be,Nouvel onglet - Google Chrome,Tâches diverses,2021-11-17,11:21:13,00:00:04
stefano.crapanzano@chu.ulg.ac.be,Nouvel onglet - Google Chrome,Tâches diverses,2021-11-17,11:49:38,00:00:04
stefano.crapanzano@chu.ulg.ac.be,connect to ftp via command line - Recherche Google - Google Chrome,Tâches diverses,2021-11-17,08:43:40,00:00:02
stefano.crapanzano@chu.ulg.ac.be,SAM-DB - Google Chrome,Tâches diverses,2021-11-17,08:43:45,00:00:26
stefano.crapanzano@chu.ulg.ac.be,SAM-DB - Google Chrome,Tâches diverses,2021-11-17,09:43:52,00:00:02
stefano.crapanzano@chu.ulg.ac.be,SAM-DB - Google Chrome,Tâches diverses,2021-11-17,10:02:18,00:00:11
stefano.crapanzano@chu.ulg.ac.be,SAM-DB - Google Chrome,Tâches diverses,2021-11-17,10:02:38,00:00:09
stefano.crapanzano@chu.ulg.ac.be,SAM-DB - Google Chrome,Tâches diverses,2021-11-17,10:02:54,00:00:28
stefano.crapanzano@chu.ulg.ac.be,SAM-DB - Google Chrome,Tâches diverses,2021-11-17,10:03:34,00:00:08
stefano.crapanzano@chu.ulg.ac.be,SAM-DB - Google Chrome,Tâches diverses,2021-11-17,10:04:42,00:00:05
stefano.crapanzano@chu.ulg.ac.be,SAM-DB - Google Chrome,Tâches diverses,2021-11-17,10:05:02,00:00:05
stefano.crapanzano@chu.ulg.ac.be,SAM-DB - Google Chrome,Tâches diverses,2021-11-17,10:05:28,00:00:02
stefano.crapanzano@chu.ulg.ac.be,SAM-DB - Google Chrome,Tâches diverses,2021-11-17,10:05:32,00:02:28
stefano.crapanzano@chu.ulg.ac.be,SAM-DB - Google Chrome,Tâches diverses,2021-11-17,10:09:51,00:00:02
stefano.crapanzano@chu.ulg.ac.be,SAM-DB : Approbation SAP - Google Chrome,Tâches diverses,2021-11-17,08:44:11,00:00:05
stefano.crapanzano@chu.ulg.ac.be,SAM-DB : Approbation SAP - Google Chrome,Tâches diverses,2021-11-17,08:44:32,00:00:47
stefano.crapanzano@chu.ulg.ac.be,SAM-DB : Approbation SAP - Google Chrome,Tâches diverses,2021-11-17,08:45:21,00:00:06
stefano.crapanzano@chu.ulg.ac.be,Demandes - Service d'assistance - Google Chrome,Tâches diverses,2021-11-17,08:44:17,00:00:12
stefano.crapanzano@chu.ulg.ac.be,Demandes - Service d'assistance - Google Chrome,Tâches diverses,2021-11-17,08:45:43,00:00:05
stefano.crapanzano@chu.ulg.ac.be,Demandes - Service d'assistance - Google Chrome,Tâches diverses,2021-11-17,09:45:38,00:00:17
stefano.crapanzano@chu.ulg.ac.be,Demandes - Service d'assistance - Google Chrome,Tâches diverses,2021-11-17,09:49:58,00:00:06
stefano.crapanzano@chu.ulg.ac.be,Demandes - Service d'assistance - Google Chrome,Tâches diverses,2021-11-17,09:51:00,00:00:04
stefano.crapanzano@chu.ulg.ac.be,Demandes - Service d'assistance - Google Chrome,Tâches diverses,2021-11-17,09:51:17,00:00:12
stefano.crapanzano@chu.ulg.ac.be,Demandes - Service d'assistance - Google Chrome,Tâches diverses,2021-11-17,09:52:39,00:00:02
stefano.crapanzano@chu.ulg.ac.be,Demandes - Service d'assistance - Google Chrome,Tâches diverses,2021-11-17,09:55:04,00:00:09
stefano.crapanzano@chu.ulg.ac.be,Demandes - Service d'assistance - Google Chrome,Tâches diverses,2021-11-17,09:55:21,00:00:09
stefano.crapanzano@chu.ulg.ac.be,Demandes - Service d'assistance - Google Chrome,Tâches diverses,2021-11-17,09:56:42,00:00:31
stefano.crapanzano@chu.ulg.ac.be,Demandes - Service d'assistance - Google Chrome,Tâches diverses,2021-11-17,10:01:01,00:00:08
stefano.crapanzano@chu.ulg.ac.be,Demandes - Service d'assistance - Google Chrome,Tâches diverses,2021-11-17,11:12:13,00:00:08
stefano.crapanzano@chu.ulg.ac.be,P203 CHU Accès à SSP  SAP Libération des factures et Fiori impossible en VPN - Xperthis ERP4HC 1.0 - Service d'assistance - Google Chrome,Tâches diverses,2021-11-17,08:44:29,00:00:02
stefano.crapanzano@chu.ulg.ac.be,P203 CHU Accès à SSP  SAP Libération des factures et Fiori impossible en VPN - Xperthis ERP4HC 1.0 - Service d'assistance - Google Chrome,Tâches diverses,2021-11-17,08:45:33,00:00:09
stefano.crapanzano@chu.ulg.ac.be,P203 CHU Accès à SSP  SAP Libération des factures et Fiori impossible en VPN - Xperthis ERP4HC 1.0 - Service d'assistance - Google Chrome,Tâches diverses,2021-11-17,09:57:14,00:03:47
stefano.crapanzano@chu.ulg.ac.be,P203 CHU Accès à SSP  SAP Libération des factures et Fiori impossible en VPN - Xperthis ERP4HC 1.0 - Service d'assistance - Google Chrome,Tâches diverses,2021-11-17,10:01:09,00:00:09
stefano.crapanzano@chu.ulg.ac.be,P203 CHU Accès à SSP  SAP Libération des factures et Fiori impossible en VPN - Xperthis ERP4HC 1.0 - Service d'assistance - Google Chrome,Helpdesk général,2021-11-17,10:01:40,00:00:38
stefano.crapanzano@chu.ulg.ac.be,P203 CHU Accès à SSP  SAP Libération des factures et Fiori impossible en VPN - Xperthis ERP4HC 1.0 - Service d'assistance - Google Chrome,Tâches diverses,2021-11-17,10:02:29,00:00:08
stefano.crapanzano@chu.ulg.ac.be,P203 CHU Accès à SSP  SAP Libération des factures et Fiori impossible en VPN - Xperthis ERP4HC 1.0 - Service d'assistance - Google Chrome,Tâches diverses,2021-11-17,10:02:47,00:00:07
stefano.crapanzano@chu.ulg.ac.be,P203 CHU Accès à SSP  SAP Libération des factures et Fiori impossible en VPN - Xperthis ERP4HC 1.0 - Service d'assistance - Google Chrome,Tâches diverses,2021-11-17,10:03:48,00:00:37
stefano.crapanzano@chu.ulg.ac.be,SSP - Interface vide sur A03 - Xperthis ERP4HC 2.0 Rollout - Service d'assistance - Google Chrome,Tâches diverses,2021-11-17,08:45:48,00:00:13
stefano.crapanzano@chu.ulg.ac.be,SSP - Interface vide sur A03 - Xperthis ERP4HC 2.0 Rollout - Service d'assistance - Google Chrome,Tâches diverses,2021-11-17,08:46:16,00:00:26
stefano.crapanzano@chu.ulg.ac.be,SSP - Interface vide sur A03 - Xperthis ERP4HC 2.0 Rollout - Service d'assistance - Google Chrome,Tâches diverses,2021-11-17,09:43:05,00:00:04
stefano.crapanzano@chu.ulg.ac.be,SSP - Interface vide sur A03 - Xperthis ERP4HC 2.0 Rollout - Service d'assistance - Google Chrome,Tâches diverses,2021-11-17,09:45:33,00:00:04
stefano.crapanzano@chu.ulg.ac.be,SSP - Interface vide sur A03 - Xperthis ERP4HC 2.0 Rollout - Service d'assistance - Google Chrome,Tâches diverses,2021-11-17,09:50:05,00:00:55
stefano.crapanzano@chu.ulg.ac.be,SSP - Interface vide sur A03 - Xperthis ERP4HC 2.0 Rollout - Service d'assistance - Google Chrome,Helpdesk général,2021-11-17,11:11:34,00:00:29
stefano.crapanzano@chu.ulg.ac.be,POST data - Google Chrome,Tâches diverses,2021-11-17,09:44:22,00:00:02
stefano.crapanzano@chu.ulg.ac.be,https://par0105wi.xperthis.be:8443/sap/saml2/sp/acs/203 - Google Chrome,Tâches diverses,2021-11-17,08:46:04,00:00:02
stefano.crapanzano@chu.ulg.ac.be,Page d'accueil - Google Chrome,Tâches diverses,2021-11-17,08:46:06,00:00:09
stefano.crapanzano@chu.ulg.ac.be,Page d'accueil - Google Chrome,Tâches diverses,2021-11-17,08:47:08,00:00:21
stefano.crapanzano@chu.ulg.ac.be,Page d'accueil - Google Chrome,Tâches diverses,2021-11-17,09:42:36,00:00:02
stefano.crapanzano@chu.ulg.ac.be,Page d'accueil - Google Chrome,Tâches diverses,2021-11-17,09:42:59,00:00:05
stefano.crapanzano@chu.ulg.ac.be,Connectez-vous à votre compte - Google Chrome,Tâches diverses,2021-11-17,08:46:57,00:00:08
stefano.crapanzano@chu.ulg.ac.be,Connectez-vous à votre compte - Google Chrome,Tâches diverses,2021-11-17,09:44:04,00:00:02
stefano.crapanzano@chu.ulg.ac.be,Study Groups - Home - Google Chrome,Tâches diverses,2021-11-17,08:47:30,00:00:05
stefano.crapanzano@chu.ulg.ac.be,Centre Hospitalier Universitaire de Liège - Client Documents - Google Chrome,Tâches diverses,2021-11-17,08:47:35,00:00:12
stefano.crapanzano@chu.ulg.ac.be,ERP4HC2.0_post-kickoff_203_20210210 - CHU.xlsx - Google Chrome,Tâches diverses,2021-11-17,08:47:47,00:00:21
stefano.crapanzano@chu.ulg.ac.be,Netop Invité,Helpdesk général,2021-11-17,08:48:33,00:00:04
stefano.crapanzano@chu.ulg.ac.be,Netop Invité,Helpdesk général,2021-11-17,09:14:56,00:00:02
stefano.crapanzano@chu.ulg.ac.be,Netop Invité,Helpdesk général,2021-11-17,09:33:20,00:00:02
stefano.crapanzano@chu.ulg.ac.be,Netop,Helpdesk général,2021-11-17,09:14:53,00:00:02
stefano.crapanzano@chu.ulg.ac.be,Connexion à l'aide de l'authentification Windows,Helpdesk général,2021-11-17,08:48:38,00:00:02
stefano.crapanzano@chu.ulg.ac.be,Connexion à l'aide de l'authentification Windows,Helpdesk général,2021-11-17,08:53:26,00:00:02
stefano.crapanzano@chu.ulg.ac.be,Connexion à l'aide de l'authentification Windows,Helpdesk général,2021-11-17,09:15:00,00:00:02
stefano.crapanzano@chu.ulg.ac.be,Connexion à l'aide de l'authentification Windows,Helpdesk général,2021-11-17,09:33:22,00:00:02
stefano.crapanzano@chu.ulg.ac.be,erpftp - Netop Remote Control,Helpdesk général,2021-11-17,08:48:43,00:04:31
stefano.crapanzano@chu.ulg.ac.be,erpftp - Netop Remote Control,Helpdesk général,2021-11-17,08:53:31,00:00:59
stefano.crapanzano@chu.ulg.ac.be,erpftp - Netop Remote Control,Helpdesk général,2021-11-17,08:54:52,00:08:55
stefano.crapanzano@chu.ulg.ac.be,erpftp - Netop Remote Control,Helpdesk général,2021-11-17,09:03:50,00:00:41
stefano.crapanzano@chu.ulg.ac.be,erpftp - Netop Remote Control,Helpdesk général,2021-11-17,09:04:48,00:00:02
stefano.crapanzano@chu.ulg.ac.be,erpftp - Netop Remote Control,Helpdesk général,2021-11-17,09:04:56,00:09:34
stefano.crapanzano@chu.ulg.ac.be,erpftp - Netop Remote Control,Helpdesk général,2021-11-17,09:14:45,00:00:08
stefano.crapanzano@chu.ulg.ac.be,erpftp - Netop Remote Control,Helpdesk général,2021-11-17,09:15:04,00:03:21
stefano.crapanzano@chu.ulg.ac.be,erpftp - Netop Remote Control,Helpdesk général,2021-11-17,09:18:36,00:01:56
stefano.crapanzano@chu.ulg.ac.be,erpftp - Netop Remote Control,Helpdesk général,2021-11-17,09:21:51,00:04:22
stefano.crapanzano@chu.ulg.ac.be,erpftp - Netop Remote Control,Helpdesk général,2021-11-17,09:28:26,00:00:35
stefano.crapanzano@chu.ulg.ac.be,erpftp - Netop Remote Control,Helpdesk général,2021-11-17,09:30:10,00:02:05
stefano.crapanzano@chu.ulg.ac.be,erpftp - Netop Remote Control,Helpdesk général,2021-11-17,09:32:54,00:00:24
stefano.crapanzano@chu.ulg.ac.be,\\ERPFTP.st.chulg\ERP\Security\KOFAX-KofaxCaptureSVReleaseProdPhci-PdfXml_SAP203Phci-ApoInput-PdfXml.info - Notepad++ [Administrator],IT,2021-11-17,08:54:37,00:00:05
stefano.crapanzano@chu.ulg.ac.be,C:\Users\c158492\ProjetBoulot\SVN_LOCAL\PERL\ERP\CHL_ERP_MAIL_MEDNUC_MONITORING.pl - Notepad++ [Administrator],IT,2021-11-17,09:20:57,00:00:53
stefano.crapanzano@chu.ulg.ac.be,C:\Users\c158492\ProjetBoulot\SVN_LOCAL\PERL\ERP\CHL_ERP_MAIL_MEDNUC_MONITORING.pl - Notepad++ [Administrator],Helpdesk général,2021-11-17,10:41:38,00:00:02
stefano.crapanzano@chu.ulg.ac.be,Ouverture -Excel,Tâches diverses,2021-11-17,09:27:11,00:00:06
stefano.crapanzano@chu.ulg.ac.be,Ouverture -Excel,Tâches diverses,2021-11-17,09:28:05,00:00:04
stefano.crapanzano@chu.ulg.ac.be,Ouverture -Excel,Tâches diverses,2021-11-17,09:40:04,00:00:04
stefano.crapanzano@chu.ulg.ac.be,Ouverture -Excel,Tâches diverses,2021-11-17,10:11:38,00:00:10
stefano.crapanzano@chu.ulg.ac.be,Ouverture -Excel,Tâches diverses,2021-11-17,10:12:53,00:00:08
stefano.crapanzano@chu.ulg.ac.be,Ouverture -Excel,Tâches diverses,2021-11-17,10:51:27,00:00:05
stefano.crapanzano@chu.ulg.ac.be,MONITORING_MAIL_MEDNUC_VERS_FOURNISSEUR.xltm - Excel,Tâches diverses,2021-11-17,09:27:17,00:00:03
stefano.crapanzano@chu.ulg.ac.be,MONITORING_MAIL_MEDNUC_VERS_FOURNISSEUR.xltm - Excel,Tâches diverses,2021-11-17,09:28:09,00:00:04
stefano.crapanzano@chu.ulg.ac.be,Microsoft Visual Basic pour Applications - MONITORING_MAIL_MEDNUC_VERS_FOURNISSEUR.xltm - [Module1 (Code)],Tâches diverses,2021-11-17,09:27:21,00:00:02
stefano.crapanzano@chu.ulg.ac.be,Microsoft Visual Basic pour Applications - MONITORING_MAIL_MEDNUC_VERS_FOURNISSEUR.xltm - [Module1 (Code)],Tâches diverses,2021-11-17,09:27:31,00:00:13
stefano.crapanzano@chu.ulg.ac.be,Microsoft Visual Basic pour Applications - MONITORING_MAIL_MEDNUC_VERS_FOURNISSEUR.xltm - [Module1 (Code)],Tâches diverses,2021-11-17,09:28:17,00:00:05
stefano.crapanzano@chu.ulg.ac.be,Rechercher,Tâches diverses,2021-11-17,09:27:24,00:00:06
stefano.crapanzano@chu.ulg.ac.be,Rechercher,Tâches diverses,2021-11-17,09:28:14,00:00:02
stefano.crapanzano@chu.ulg.ac.be,SAP Easy Access Menu de base Applications financières-économiques,Exploration SAP,2021-11-17,09:29:41,00:00:05
stefano.crapanzano@chu.ulg.ac.be,SAP Easy Access Menu de base Applications financières-économiques,Exploration SAP,2021-11-17,09:39:06,00:00:04
stefano.crapanzano@chu.ulg.ac.be,SAP Easy Access Menu de base Applications financières-économiques,Exploration SAP,2021-11-17,09:45:25,00:00:06
stefano.crapanzano@chu.ulg.ac.be,SAP Easy Access Menu de base Applications financières-économiques,Exploration SAP,2021-11-17,11:17:58,00:00:04
stefano.crapanzano@chu.ulg.ac.be,SAP Easy Access Menu de base Applications financières-économiques,Exploration SAP,2021-11-17,11:19:28,00:00:02
stefano.crapanzano@chu.ulg.ac.be,Commande interv. 40 4000236820 créée par WEBUSERCHU,Exploration SAP,2021-11-17,09:29:49,00:00:18
stefano.crapanzano@chu.ulg.ac.be,si-s-serv503 - Netop Remote Control,Helpdesk général,2021-11-17,09:33:27,00:00:44
stefano.crapanzano@chu.ulg.ac.be,SAPconnect : ordres d'envoi de 16.11.2021 à 17.11.2021,Exploration SAP,2021-11-17,09:39:10,00:00:12
stefano.crapanzano@chu.ulg.ac.be,SAPconnect : ordres d'envoi de 17.11.2021 à 17.11.2021,Exploration SAP,2021-11-17,09:39:22,00:00:34
stefano.crapanzano@chu.ulg.ac.be,SAPconnect : ordres d'envoi de 17.11.2021 à 17.11.2021,Exploration SAP,2021-11-17,09:40:12,00:00:21
stefano.crapanzano@chu.ulg.ac.be,SAPconnect : ordres d'envoi de 17.11.2021 à 17.11.2021,Exploration SAP,2021-11-17,09:40:35,00:00:06
stefano.crapanzano@chu.ulg.ac.be,SAPconnect : ordres d'envoi de 17.11.2021 à 17.11.2021,Exploration SAP,2021-11-17,09:40:44,00:00:23
stefano.crapanzano@chu.ulg.ac.be,Enregistrer sous,Exploration SAP,2021-11-17,09:39:58,00:00:02
stefano.crapanzano@chu.ulg.ac.be,Enregistrer sous,Tâches diverses,2021-11-17,10:57:43,00:00:20
stefano.crapanzano@chu.ulg.ac.be,Lecture documentation,Tâches diverses,2021-11-17,12:23:42,00:00:02
stefano.crapanzano@chu.ulg.ac.be,Sécurité SAP GUI,Exploration SAP,2021-11-17,09:40:02,00:00:02
stefano.crapanzano@chu.ulg.ac.be,export.XLSX - Excel,Tâches diverses,2021-11-17,09:40:08,00:00:02
stefano.crapanzano@chu.ulg.ac.be,Microsoft Excel,Tâches diverses,2021-11-17,10:58:03,00:00:05
stefano.crapanzano@chu.ulg.ac.be,Microsoft Excel,Tâches diverses,2021-11-17,10:58:12,00:00:02
stefano.crapanzano@chu.ulg.ac.be,Microsoft Excel,Tâches diverses,2021-11-17,11:14:22,00:00:04
stefano.crapanzano@chu.ulg.ac.be,SAPconnect : ordres d'envoi de 10.11.2021 à 10.11.2021,Exploration SAP,2021-11-17,09:41:07,00:00:36
stefano.crapanzano@chu.ulg.ac.be,VisualSVN Server - Google Chrome,Tâches diverses,2021-11-17,09:43:11,00:00:02
stefano.crapanzano@chu.ulg.ac.be,SAM-DB : Monitoring des processus sur si-s-serv503 - Google Chrome,Tâches diverses,2021-11-17,09:43:40,00:00:10
stefano.crapanzano@chu.ulg.ac.be,Intrastat - Google Chrome,Tâches diverses,2021-11-17,09:43:55,00:00:06
stefano.crapanzano@chu.ulg.ac.be,Intrastat - Google Chrome,Tâches diverses,2021-11-17,11:04:33,00:00:24
stefano.crapanzano@chu.ulg.ac.be,Intrastat - Google Chrome,Helpdesk général,2021-11-17,11:07:32,00:03:43
stefano.crapanzano@chu.ulg.ac.be,ERP-WIKI [DokuWiki ERP] - Google Chrome,Tâches diverses,2021-11-17,09:44:25,00:00:04
stefano.crapanzano@chu.ulg.ac.be,Handling Unit Flow Monitor,Helpdesk général,2021-11-17,09:45:22,00:00:02
stefano.crapanzano@chu.ulg.ac.be,CLONE - P203 CHU IDoc 329798 statut 51 car un article est en statut bloqué : toute la demande de réapprovisionnement est bloquée - Xperthis ERP4HC 1.0 - Service d'assistance - Google Chrome,Tâches diverses,2021-11-17,09:45:56,00:04:02
stefano.crapanzano@chu.ulg.ac.be,CLONE - P203 CHU IDoc 329798 statut 51 car un article est en statut bloqué : toute la demande de réapprovisionnement est bloquée - Xperthis ERP4HC 1.0 - Service d'assistance - Google Chrome,Tâches diverses,2021-11-17,09:52:42,00:00:11
stefano.crapanzano@chu.ulg.ac.be,CLONE - P203 CHU IDoc 329798 statut 51 car un article est en statut bloqué : toute la demande de réapprovisionnement est bloquée - Xperthis ERP4HC 1.0 - Service d'assistance - Google Chrome,Helpdesk général,2021-11-17,09:52:54,00:01:16
stefano.crapanzano@chu.ulg.ac.be,CLONE - P203 CHU IDoc 329798 statut 51 car un article est en statut bloqué : toute la demande de réapprovisionnement est bloquée - Xperthis ERP4HC 1.0 - Service d'assistance - Google Chrome,Tâches diverses,2021-11-17,09:54:13,00:00:51
stefano.crapanzano@chu.ulg.ac.be,A03-203 CHU optimalisation gestion des immos - Xperthis ERP4HC 2.0 Rollout - Service d'assistance - Google Chrome,Tâches diverses,2021-11-17,09:55:14,00:00:06
stefano.crapanzano@chu.ulg.ac.be,Test ERP4HC 2.0 - Test scan impossible - Xperthis ERP4HC 2.0 Rollout - Service d'assistance - Google Chrome,Tâches diverses,2021-11-17,09:55:31,00:01:11
stefano.crapanzano@chu.ulg.ac.be,Machine console kofax - OneNote,Tâches diverses,2021-11-17,10:03:23,00:00:06
stefano.crapanzano@chu.ulg.ac.be,CHR/U - CHU - URL's PE2 + AE2 + X01 - OneNote,Tâches diverses,2021-11-17,11:17:11,00:00:04
stefano.crapanzano@chu.ulg.ac.be,Ouvrir,Tâches diverses,2021-11-17,10:04:48,00:00:13
stefano.crapanzano@chu.ulg.ac.be,SAM-DB : Accès à SSP  SAP Libération des factures et Fiori impossible en VPN - Google Chrome,Tâches diverses,2021-11-17,10:08:01,00:00:18
stefano.crapanzano@chu.ulg.ac.be,SAM-DB : Accès à SSP  SAP Libération des factures et Fiori impossible en VPN - Google Chrome,Tâches diverses,2021-11-17,10:09:30,00:00:19
stefano.crapanzano@chu.ulg.ac.be,SAM-DB : Accès à SSP  SAP Libération des factures et Fiori impossible en VPN - Google Chrome,Tâches diverses,2021-11-17,10:31:09,00:00:02
stefano.crapanzano@chu.ulg.ac.be,SAM-DB : Accès à SSP  SAP Libération des factures et Fiori impossible en VPN - Google Chrome,Tâches diverses,2021-11-17,10:50:44,00:00:04
stefano.crapanzano@chu.ulg.ac.be,P203 CHU Accès à SSP  SAP Libération de...this ERP4HC 1.0 - Service d_assistance - Google Chrome,Tâches diverses,2021-11-17,10:08:20,00:01:09
stefano.crapanzano@chu.ulg.ac.be,intrastat_intrastatdetail_202111171011.csv - Excel,Tâches diverses,2021-11-17,10:11:49,00:00:16
stefano.crapanzano@chu.ulg.ac.be,intrastat_intrastatdetail_202111171012.csv - Excel,Tâches diverses,2021-11-17,10:13:01,00:00:40
stefano.crapanzano@chu.ulg.ac.be,Demande extraction INTRASTAT 2020-2021 - Mozilla Thunderbird,Helpdesk général,2021-11-17,10:14:12,00:00:02
stefano.crapanzano@chu.ulg.ac.be,Demande extraction INTRASTAT 2020-2021 - Mozilla Thunderbird,Helpdesk général,2021-11-17,10:16:33,00:00:02
stefano.crapanzano@chu.ulg.ac.be,Rédaction : Re: Demande extraction INTRASTAT 2020-2021 - Thunderbird,Helpdesk général,2021-11-17,10:14:15,00:00:17
stefano.crapanzano@chu.ulg.ac.be,Rédaction : Re: Demande extraction INTRASTAT 2020-2021 - Thunderbird,Helpdesk général,2021-11-17,10:14:40,00:00:04
stefano.crapanzano@chu.ulg.ac.be,Rédaction : Re: Demande extraction INTRASTAT 2020-2021 - Thunderbird,Helpdesk général,2021-11-17,10:14:47,00:00:43
stefano.crapanzano@chu.ulg.ac.be,Rédaction : Re: Demande extraction INTRASTAT 2020-2021 - Thunderbird,Helpdesk général,2021-11-17,10:15:38,00:00:06
stefano.crapanzano@chu.ulg.ac.be,Rédaction : Re: Demande extraction INTRASTAT 2020-2021 - Thunderbird,Helpdesk général,2021-11-17,10:16:36,00:00:35
stefano.crapanzano@chu.ulg.ac.be,Rédaction : Re: Demande extraction INTRASTAT 2020-2021 - Thunderbird,Helpdesk général,2021-11-17,10:22:28,00:00:15
stefano.crapanzano@chu.ulg.ac.be,Joindre les fichiers,Helpdesk général,2021-11-17,10:14:37,00:00:02
stefano.crapanzano@chu.ulg.ac.be,Ne pas télécharger mes fichiers vers un service de stockage en ligne,Helpdesk général,2021-11-17,10:14:44,00:00:02
stefano.crapanzano@chu.ulg.ac.be,Vérification de l’orthographe,Helpdesk général,2021-11-17,10:22:16,00:00:05
stefano.crapanzano@chu.ulg.ac.be,Envoi du message - Re: Demande extraction INTRASTAT 2020-2021,Helpdesk général,2021-11-17,10:15:31,00:00:06
stefano.crapanzano@chu.ulg.ac.be,export_intrastat_20211117.csv - Excel,Tâches diverses,2021-11-17,10:16:04,00:00:23
stefano.crapanzano@chu.ulg.ac.be,export_intrastat_20211117.csv - Excel,Tâches diverses,2021-11-17,10:17:16,00:00:23
stefano.crapanzano@chu.ulg.ac.be,export_intrastat_20211117.csv - Excel,Tâches diverses,2021-11-17,10:20:20,00:00:08
stefano.crapanzano@chu.ulg.ac.be,2 Traité - erp.sai@chuliege.be - Mozilla Thunderbird,Helpdesk général,2021-11-17,10:16:30,00:00:02
stefano.crapanzano@chu.ulg.ac.be,DBeaver 21.0.0 - <ErpToolsDb.st.chulg> Script-8,Helpdesk général,2021-11-17,10:22:53,00:01:31
stefano.crapanzano@chu.ulg.ac.be,Confirmer,Helpdesk général,2021-11-17,10:22:23,00:00:05
stefano.crapanzano@chu.ulg.ac.be,\\ERPFTP.st.chulg\ERP\Security\Iepacs_file_Pdf-Kofaxchu_ZHCI_Pdf.info - Notepad++ [Administrator],IT,2021-11-17,10:41:44,00:00:02
stefano.crapanzano@chu.ulg.ac.be,\\filesrv01.st.chulg\oazis_prod\APPL_PROD\SOURCES\BAT\ERP\CHL_ERP_DEPASSEMENT_DOTATION.bat - Notepad++ [Administrator],IT,2021-11-17,10:41:55,00:00:02
stefano.crapanzano@chu.ulg.ac.be,*new 1 - Notepad++ [Administrator],IT,2021-11-17,10:42:00,00:00:02
stefano.crapanzano@chu.ulg.ac.be,new 1 - Notepad++ [Administrator],IT,2021-11-17,10:42:10,00:01:25
stefano.crapanzano@chu.ulg.ac.be,carenet 500 775 c.XLSX  [Mode protégé] - Excel,Tâches diverses,2021-11-17,10:51:34,00:00:14
stefano.crapanzano@chu.ulg.ac.be,TR: Intégrations octobre - Mozilla Thunderbird,Helpdesk général,2021-11-17,10:52:21,00:00:08
stefano.crapanzano@chu.ulg.ac.be,TR: Intégrations octobre - Mozilla Thunderbird,Helpdesk général,2021-11-17,10:53:01,00:00:04
stefano.crapanzano@chu.ulg.ac.be,TR: Intégrations octobre - Mozilla Thunderbird,Helpdesk général,2021-11-17,11:01:51,00:00:04
stefano.crapanzano@chu.ulg.ac.be,Enregistrer la pièce jointe,Helpdesk général,2021-11-17,10:52:29,00:00:25
stefano.crapanzano@chu.ulg.ac.be,Enregistrer la pièce jointe,Helpdesk général,2021-11-17,10:52:56,00:00:02
stefano.crapanzano@chu.ulg.ac.be,Résidents présents 2021 10.xlsx - Excel,Tâches diverses,2021-11-17,10:53:40,00:00:55
stefano.crapanzano@chu.ulg.ac.be,Résidents présents 2021 10.xlsx - Excel,Tâches diverses,2021-11-17,10:54:38,00:00:32
stefano.crapanzano@chu.ulg.ac.be,Résidents présents 2021 10.xlsx - Excel,Tâches diverses,2021-11-17,10:55:19,00:00:30
stefano.crapanzano@chu.ulg.ac.be,Résidents présents 2021 10.xlsx - Excel,Tâches diverses,2021-11-17,10:55:57,00:00:46
stefano.crapanzano@chu.ulg.ac.be,Résidents présents 2021 10.xlsx - Excel,Tâches diverses,2021-11-17,10:56:45,00:00:25
stefano.crapanzano@chu.ulg.ac.be,Résidents présents 2021 10.xlsx - Excel,Tâches diverses,2021-11-17,10:57:18,00:00:24
stefano.crapanzano@chu.ulg.ac.be,Résidents sortis 2021 10.xlsx - Excel,Tâches diverses,2021-11-17,10:53:31,00:00:09
stefano.crapanzano@chu.ulg.ac.be,Résidents sortis 2021 10.xlsx - Excel,Tâches diverses,2021-11-17,10:58:18,00:00:02
stefano.crapanzano@chu.ulg.ac.be,Valeurs en double,Tâches diverses,2021-11-17,10:54:35,00:00:02
stefano.crapanzano@chu.ulg.ac.be,Tri,Tâches diverses,2021-11-17,10:55:10,00:00:09
stefano.crapanzano@chu.ulg.ac.be,Tri,Tâches diverses,2021-11-17,10:55:50,00:00:06
stefano.crapanzano@chu.ulg.ac.be,Residents presents 2021 10.csv - Excel,Tâches diverses,2021-11-17,10:58:08,00:00:04
stefano.crapanzano@chu.ulg.ac.be,\\filesrv01.st.chulg\oazis_prod\APPL_PROD\SOURCES\BAT\ERP\CHL_ERP_PSRL_COMPTA_HOME_SENY_PAT_VERS_SAP.bat - Notepad++ [Administrator],IT,2021-11-17,10:58:47,00:00:04
stefano.crapanzano@chu.ulg.ac.be,\\filesrv01.st.chulg\oazis_prod\APPL_PROD\SOURCES\BAT\ERP\CHL_ERP_PSRL_COMPTA_HOME_SENY_PAT_VERS_SAP.bat - Notepad++ [Administrator],IT,2021-11-17,10:59:30,00:00:04
stefano.crapanzano@chu.ulg.ac.be,\\filesrv01.st.chulg\oazis_prod\APPL_PROD\SOURCES\BAT\ERP\CHL_ERP_PSRL_COMPTA_HOME_SENY_PAT_VERS_SAP.bat - Notepad++ [Administrator],IT,2021-11-17,11:00:07,00:00:02
stefano.crapanzano@chu.ulg.ac.be,\\filesrv01.st.chulg\oazis_prod\APPL_PROD\SOURCES\BAT\ERP\CHL_ERP_PSRL_COMPTA_HOME_SENY_PAT_VERS_SAP.bat - Notepad++ [Administrator],IT,2021-11-17,11:03:16,00:00:02
stefano.crapanzano@chu.ulg.ac.be,*\\filesrv01.st.chulg\oazis_prod\APPL_PROD\SOURCES\BAT\ERP\CHL_ERP_PSRL_COMPTA_HOME_SENY_PAT_VERS_SAP.bat - Notepad++ [Administrator],IT,2021-11-17,10:58:51,00:00:38
stefano.crapanzano@chu.ulg.ac.be,Administrateur : Perl (command line),IT,2021-11-17,10:59:37,00:00:02
stefano.crapanzano@chu.ulg.ac.be,Administrateur : Perl (command line),IT,2021-11-17,11:00:20,00:00:03
stefano.crapanzano@chu.ulg.ac.be,Administrateur : Perl (command line) - \\filesrv01.st.chulg\oazis_prod\APPL_PROD\SOURCES\BAT\ERP\CHL_ERP_PSRL_COMPTA_HOME_SENY_PAT_VERS_SAP.bat,IT,2021-11-17,10:59:40,00:00:05
stefano.crapanzano@chu.ulg.ac.be,Administrateur : Perl (command line) - \\filesrv01.st.chulg\oazis_prod\APPL_PROD\SOURCES\BAT\ERP\CHL_ERP_PSRL_COMPTA_HOME_SENY_PAT_VERS_SAP.bat,IT,2021-11-17,11:00:13,00:00:06
stefano.crapanzano@chu.ulg.ac.be,I:\Informatique\ERP\Exploitation\COMPTA\SENY\envoi PAT 1 seny 102021.txt - Notepad++ [Administrator],IT,2021-11-17,10:59:53,00:00:13
stefano.crapanzano@chu.ulg.ac.be,erpmanager - Total Commander (x64) 9.0a - NOT REGISTERED,Tâches diverses,2021-11-17,11:01:15,00:00:22
stefano.crapanzano@chu.ulg.ac.be,erpmanager - Total Commander (x64) 9.0a - NOT REGISTERED,Tâches diverses,2021-11-17,11:01:41,00:00:05
stefano.crapanzano@chu.ulg.ac.be,erpmanager - Total Commander (x64) 9.0a - NOT REGISTERED,Tâches diverses,2021-11-17,11:01:49,00:00:02
stefano.crapanzano@chu.ulg.ac.be,erpmanager - Total Commander (x64) 9.0a - NOT REGISTERED,Tâches diverses,2021-11-17,11:02:13,00:00:02
stefano.crapanzano@chu.ulg.ac.be,erpmanager - Total Commander (x64) 9.0a - NOT REGISTERED,Helpdesk général,2021-11-17,11:02:51,00:00:07
stefano.crapanzano@chu.ulg.ac.be,erpmanager - Total Commander (x64) 9.0a - NOT REGISTERED,Tâches diverses,2021-11-17,11:52:07,00:03:15
stefano.crapanzano@chu.ulg.ac.be,Total Commander,Tâches diverses,2021-11-17,11:01:38,00:00:02
stefano.crapanzano@chu.ulg.ac.be,Total Commander,Tâches diverses,2021-11-17,11:01:46,00:00:02
stefano.crapanzano@chu.ulg.ac.be,Rédaction : Re: TR: Intégrations octobre - Thunderbird,Helpdesk général,2021-11-17,11:01:56,00:00:17
stefano.crapanzano@chu.ulg.ac.be,Rédaction : Re: TR: Intégrations octobre - Thunderbird,Helpdesk général,2021-11-17,11:02:17,00:00:32
stefano.crapanzano@chu.ulg.ac.be,myCHU - Google Chrome,Tâches diverses,2021-11-17,11:06:23,00:01:07
stefano.crapanzano@chu.ulg.ac.be,myCHU - Google Chrome,Tâches diverses,2021-11-17,11:16:57,00:00:13
stefano.crapanzano@chu.ulg.ac.be,myCHU - Google Chrome,Tâches diverses,2021-11-17,11:19:32,00:00:09
stefano.crapanzano@chu.ulg.ac.be,Test de GERA sur ERP 2.0 - Xperthis ERP4HC 2.0 Rollout - Service d'assistance - Google Chrome,Tâches diverses,2021-11-17,11:12:21,00:00:16
stefano.crapanzano@chu.ulg.ac.be,Test de GERA sur ERP 2.0 - Xperthis ERP4HC 2.0 Rollout - Service d'assistance - Google Chrome,Helpdesk général,2021-11-17,11:14:19,00:00:02
stefano.crapanzano@chu.ulg.ac.be,Test de GERA sur ERP 2.0 - Xperthis ERP4HC 2.0 Rollout - Service d'assistance - Google Chrome,Tâches diverses,2021-11-17,11:14:26,00:00:06
stefano.crapanzano@chu.ulg.ac.be,Test de GERA sur ERP 2.0 - Xperthis ERP4HC 2.0 Rollout - Service d'assistance - Google Chrome,Helpdesk général,2021-11-17,11:16:54,00:00:02
stefano.crapanzano@chu.ulg.ac.be,auguste - Mozilla Thunderbird,Helpdesk général,2021-11-17,11:12:46,00:00:04
stefano.crapanzano@chu.ulg.ac.be,Test GERA - ERP4HC 2.0 - Mozilla Thunderbird,Helpdesk général,2021-11-17,11:12:50,00:01:28
stefano.crapanzano@chu.ulg.ac.be,Rechercher Utilisateurs  contacts et groupes,IT,2021-11-17,11:17:22,00:00:06
stefano.crapanzano@chu.ulg.ac.be,Rechercher Utilisateurs  contacts et groupes,IT,2021-11-17,11:17:42,00:00:15
stefano.crapanzano@chu.ulg.ac.be,Rechercher Utilisateurs  contacts et groupes,IT,2021-11-17,11:51:11,00:00:02
stefano.crapanzano@chu.ulg.ac.be,Propriétés de : c211703,IT,2021-11-17,11:17:28,00:00:10
stefano.crapanzano@chu.ulg.ac.be,Liste des postes individuels fournisseurs,Exploration SAP,2021-11-17,11:18:02,00:00:04
stefano.crapanzano@chu.ulg.ac.be,Liste des postes individuels fournisseurs,Exploration SAP,2021-11-17,11:18:18,00:01:09
stefano.crapanzano@chu.ulg.ac.be,Numéro de compte fournisseur (1),Exploration SAP,2021-11-17,11:18:06,00:00:09
stefano.crapanzano@chu.ulg.ac.be,Numéro de compte fournisseur (1)    1 Entrée trouvée,Exploration SAP,2021-11-17,11:18:16,00:00:02
stefano.crapanzano@chu.ulg.ac.be,navigateur - Recherche Google - Google Chrome,Tâches diverses,2021-11-17,11:21:17,00:00:02
stefano.crapanzano@chu.ulg.ac.be,Navigateur web — Wikipédia - Google Chrome,Tâches diverses,2021-11-17,11:21:19,00:00:25
stefano.crapanzano@chu.ulg.ac.be,Brave (navigateur web) — Wikipédia - Google Chrome,Tâches diverses,2021-11-17,11:21:45,00:00:04
stefano.crapanzano@chu.ulg.ac.be,Un navigateur Web sécurisé  rapide et privé avec fonctionnalités de blocage des publicités | Brave Browser - Google Chrome,Tâches diverses,2021-11-17,11:21:49,00:00:12
stefano.crapanzano@chu.ulg.ac.be,Programme d'installation de Brave-Release,Tâches diverses,2021-11-17,11:22:03,00:00:02
stefano.crapanzano@chu.ulg.ac.be,Quitter le site Web ?,Tâches diverses,2021-11-17,11:23:01,00:00:02
stefano.crapanzano@chu.ulg.ac.be,Lecture documentation,Tâches diverses,2021-11-17,11:23:15,00:00:02
stefano.crapanzano@chu.ulg.ac.be,Lecture documentation,Tâches diverses,2021-11-17,11:23:19,00:00:13
stefano.crapanzano@chu.ulg.ac.be,Lecture documentation,Tâches diverses,2021-11-17,11:23:52,00:00:02
stefano.crapanzano@chu.ulg.ac.be,Lecture documentation,Tâches diverses,2021-11-17,11:27:12,00:00:03
stefano.crapanzano@chu.ulg.ac.be,Lecture documentation,Tâches diverses,2021-11-17,11:32:20,00:00:05
stefano.crapanzano@chu.ulg.ac.be,Lecture documentation,Tâches diverses,2021-11-17,11:33:58,00:00:04
stefano.crapanzano@chu.ulg.ac.be,Lecture documentation,Tâches diverses,2021-11-17,12:16:17,00:00:05
stefano.crapanzano@chu.ulg.ac.be,Lecture documentation,Tâches diverses,2021-11-17,12:19:21,00:00:06
stefano.crapanzano@chu.ulg.ac.be,Lecture documentation,Tâches diverses,2021-11-17,12:20:34,00:00:02
stefano.crapanzano@chu.ulg.ac.be,Lecture documentation,Tâches diverses,2021-11-17,12:27:09,00:00:11
stefano.crapanzano@chu.ulg.ac.be,Lecture documentation,Tâches diverses,2021-11-17,12:29:49,00:00:02
stefano.crapanzano@chu.ulg.ac.be,Lecture documentation,Tâches diverses,2021-11-17,12:29:52,00:00:04
stefano.crapanzano@chu.ulg.ac.be,Lecture documentation,Tâches diverses,2021-11-17,12:30:15,00:00:02
stefano.crapanzano@chu.ulg.ac.be,Lecture documentation,Tâches diverses,2021-11-17,11:23:34,00:00:16
stefano.crapanzano@chu.ulg.ac.be,Lecture documentation,Tâches diverses,2021-11-17,11:39:50,00:00:05
stefano.crapanzano@chu.ulg.ac.be,Lecture documentation,Tâches diverses,2021-11-17,11:49:11,00:00:04
stefano.crapanzano@chu.ulg.ac.be,Lecture documentation,Tâches diverses,2021-11-17,12:01:43,00:00:05
stefano.crapanzano@chu.ulg.ac.be,Lecture documentation,Tâches diverses,2021-11-17,12:07:37,00:01:07
stefano.crapanzano@chu.ulg.ac.be,Lecture documentation,Tâches diverses,2021-11-17,12:14:30,00:00:09
stefano.crapanzano@chu.ulg.ac.be,Lecture documentation,Tâches diverses,2021-11-17,12:30:02,00:00:02
stefano.crapanzano@chu.ulg.ac.be,Lecture documentation,Tâches diverses,2021-11-17,11:23:54,00:00:05
stefano.crapanzano@chu.ulg.ac.be,Lecture documentation,Tâches diverses,2021-11-17,11:25:59,00:00:58
stefano.crapanzano@chu.ulg.ac.be,Lecture documentation,Tâches diverses,2021-11-17,11:28:48,00:00:02
stefano.crapanzano@chu.ulg.ac.be,Lecture documentation,Tâches diverses,2021-11-17,11:29:03,00:00:13
stefano.crapanzano@chu.ulg.ac.be,Lecture documentation,Tâches diverses,2021-11-17,11:31:04,00:01:15
stefano.crapanzano@chu.ulg.ac.be,Lecture documentation,Tâches diverses,2021-11-17,11:39:15,00:00:05
stefano.crapanzano@chu.ulg.ac.be,C:\Users\c158492\ProjetBoulot\PYTHON\automatic_toggl\app_logged.csv - Notepad++ [Administrator],IT,2021-11-17,11:24:24,00:00:04
stefano.crapanzano@chu.ulg.ac.be,*C:\Users\c158492\ProjetBoulot\PYTHON\automatic_toggl\app_logged.csv - Notepad++ [Administrator],IT,2021-11-17,11:24:28,00:00:04
stefano.crapanzano@chu.ulg.ac.be,Lecture documentation,Tâches diverses,2021-11-17,11:26:58,00:00:11
stefano.crapanzano@chu.ulg.ac.be,Lecture documentation,Tâches diverses,2021-11-17,12:29:12,00:00:04
stefano.crapanzano@chu.ulg.ac.be,Lecture documentation,Tâches diverses,2021-11-17,11:27:17,00:00:06
stefano.crapanzano@chu.ulg.ac.be,Lecture documentation,Tâches diverses,2021-11-17,11:27:24,00:00:02
stefano.crapanzano@chu.ulg.ac.be,Lecture documentation,Tâches diverses,2021-11-17,11:27:26,00:00:07
stefano.crapanzano@chu.ulg.ac.be,Lecture documentation,Tâches diverses,2021-11-17,12:06:28,00:00:02
stefano.crapanzano@chu.ulg.ac.be,Lecture documentation,Tâches diverses,2021-11-17,12:14:41,00:00:02
stefano.crapanzano@chu.ulg.ac.be,Lecture documentation,Tâches diverses,2021-11-17,11:27:34,00:00:02
stefano.crapanzano@chu.ulg.ac.be,Lecture documentation,Tâches diverses,2021-11-17,11:27:36,00:01:10
stefano.crapanzano@chu.ulg.ac.be,Lecture documentation,Tâches diverses,2021-11-17,11:28:51,00:00:12
stefano.crapanzano@chu.ulg.ac.be,P203 CHU Modifications effectuées dans SAP  mais non transmises à Gera - Xperthis ERP4HC 1.0 - Service d'assistance - Google Chrome,Tâches diverses,2021-11-17,11:29:33,00:00:29
stefano.crapanzano@chu.ulg.ac.be,P203 CHU Modifications effectuées dans SAP  mais non transmises à Gera - Xperthis ERP4HC 1.0 - Service d'assistance - Google Chrome,Tâches diverses,2021-11-17,11:50:07,00:00:04
stefano.crapanzano@chu.ulg.ac.be,P203 CHU Modifications effectuées dans SAP  mais non transmises à Gera - Xperthis ERP4HC 1.0 - Service d'assistance - Google Chrome,Tâches diverses,2021-11-17,11:50:37,00:00:02
stefano.crapanzano@chu.ulg.ac.be,Chargement code barre et création IDocs,Exploration SAP,2021-11-17,11:30:28,00:00:02
stefano.crapanzano@chu.ulg.ac.be,Lecture documentation,Tâches diverses,2021-11-17,11:32:25,00:00:02
stefano.crapanzano@chu.ulg.ac.be,Lecture documentation,Tâches diverses,2021-11-17,11:32:54,00:00:16
stefano.crapanzano@chu.ulg.ac.be,Lecture documentation,Tâches diverses,2021-11-17,11:33:10,00:00:09
stefano.crapanzano@chu.ulg.ac.be,Lecture documentation,Tâches diverses,2021-11-17,11:40:49,00:00:02
stefano.crapanzano@chu.ulg.ac.be,Lecture documentation,Tâches diverses,2021-11-17,12:01:39,00:00:02
stefano.crapanzano@chu.ulg.ac.be,Lecture documentation,Tâches diverses,2021-11-17,12:02:13,00:04:14
stefano.crapanzano@chu.ulg.ac.be,Lecture documentation,Tâches diverses,2021-11-17,12:06:31,00:00:04
stefano.crapanzano@chu.ulg.ac.be,Lecture documentation,Tâches diverses,2021-11-17,12:14:25,00:00:02
stefano.crapanzano@chu.ulg.ac.be,Lecture documentation,Tâches diverses,2021-11-17,12:16:14,00:00:02
stefano.crapanzano@chu.ulg.ac.be,Lecture documentation,Tâches diverses,2021-11-17,11:33:22,00:00:02
stefano.crapanzano@chu.ulg.ac.be,Lecture documentation,Tâches diverses,2021-11-17,11:33:27,00:00:02
stefano.crapanzano@chu.ulg.ac.be,Lecture documentation,Tâches diverses,2021-11-17,11:33:31,00:00:26
stefano.crapanzano@chu.ulg.ac.be,Lecture documentation,Tâches diverses,2021-11-17,12:09:52,00:04:32
stefano.crapanzano@chu.ulg.ac.be,Lecture documentation,Tâches diverses,2021-11-17,11:34:02,00:00:02
stefano.crapanzano@chu.ulg.ac.be,Lecture documentation,Tâches diverses,2021-11-17,11:34:05,00:00:04
stefano.crapanzano@chu.ulg.ac.be,Lecture documentation,Tâches diverses,2021-11-17,11:34:18,00:00:05
stefano.crapanzano@chu.ulg.ac.be,Lecture documentation,Tâches diverses,2021-11-17,11:34:09,00:00:02
stefano.crapanzano@chu.ulg.ac.be,Lecture documentation,Tâches diverses,2021-11-17,11:34:11,00:00:05
stefano.crapanzano@chu.ulg.ac.be,Lecture documentation,Tâches diverses,2021-11-17,11:34:23,00:00:34
stefano.crapanzano@chu.ulg.ac.be,Lecture documentation,Tâches diverses,2021-11-17,11:35:00,00:00:12
stefano.crapanzano@chu.ulg.ac.be,Lecture documentation,Tâches diverses,2021-11-17,11:35:12,00:00:04
stefano.crapanzano@chu.ulg.ac.be,Lecture documentation,Tâches diverses,2021-11-17,11:36:41,00:00:02
stefano.crapanzano@chu.ulg.ac.be,Learn Applied Visual Design: Create Visual Balance Using the text-align Property | freeCodeCamp.org – Brave,Helpdesk général,2021-11-17,11:38:16,00:00:42
stefano.crapanzano@chu.ulg.ac.be,Lecture documentation,Tâches diverses,2021-11-17,11:38:59,00:00:16
stefano.crapanzano@chu.ulg.ac.be,Lecture documentation,Tâches diverses,2021-11-17,11:49:29,00:00:04
stefano.crapanzano@chu.ulg.ac.be,Learn Applied Visual Design: Adjust the Width of an Element Using the width Property | freeCodeCamp.org – Brave,Tâches diverses,2021-11-17,11:49:34,00:00:02
stefano.crapanzano@chu.ulg.ac.be,Learn Applied Visual Design: Adjust the Width of an Element Using the width Property | freeCodeCamp.org – Brave,Helpdesk général,2021-11-17,11:55:42,00:05:55
stefano.crapanzano@chu.ulg.ac.be,Lecture documentation,Tâches diverses,2021-11-17,12:06:35,00:00:54
stefano.crapanzano@chu.ulg.ac.be,Lecture documentation,Tâches diverses,2021-11-17,11:39:25,00:00:22
stefano.crapanzano@chu.ulg.ac.be,Lecture documentation,Tâches diverses,2021-11-17,11:39:55,00:00:45
stefano.crapanzano@chu.ulg.ac.be,Lecture documentation,Tâches diverses,2021-11-17,11:40:54,00:00:05
stefano.crapanzano@chu.ulg.ac.be,Lecture documentation,Tâches diverses,2021-11-17,12:14:45,00:00:49
stefano.crapanzano@chu.ulg.ac.be,Lecture documentation,Tâches diverses,2021-11-17,11:40:43,00:00:05
stefano.crapanzano@chu.ulg.ac.be,Lecture documentation,Tâches diverses,2021-11-17,11:40:51,00:00:02
stefano.crapanzano@chu.ulg.ac.be,Lecture documentation,Tâches diverses,2021-11-17,11:47:25,00:01:46
stefano.crapanzano@chu.ulg.ac.be,Lecture documentation,Tâches diverses,2021-11-17,11:49:15,00:00:04
stefano.crapanzano@chu.ulg.ac.be,Is React.js really worth learning  or is it just a fad? - s.crapanzano@gmail.com - Gmail – Brave,Helpdesk général,2021-11-17,11:49:21,00:00:08
stefano.crapanzano@chu.ulg.ac.be,si-s-serv503 - ErpManager@si-s-serv503 - FileZilla,Tâches diverses,2021-11-17,11:51:06,00:00:02
stefano.crapanzano@chu.ulg.ac.be,Lecture documentation,Tâches diverses,2021-11-17,12:07:30,00:00:06
stefano.crapanzano@chu.ulg.ac.be,Lecture documentation,Tâches diverses,2021-11-17,12:08:45,00:01:06
stefano.crapanzano@chu.ulg.ac.be,Lecture documentation,Tâches diverses,2021-11-17,12:15:34,00:00:05
stefano.crapanzano@chu.ulg.ac.be,Lecture documentation,Tâches diverses,2021-11-17,12:16:25,00:00:51
stefano.crapanzano@chu.ulg.ac.be,Lecture documentation,Tâches diverses,2021-11-17,12:19:18,00:00:02
stefano.crapanzano@chu.ulg.ac.be,Lecture documentation,Tâches diverses,2021-11-17,12:30:06,00:00:02
stefano.crapanzano@chu.ulg.ac.be,Administrateur : C:\Windows\System32\cmd.exe,IT,2021-11-17,12:18:15,00:00:06
stefano.crapanzano@chu.ulg.ac.be,Administrateur : C:\Windows\System32\cmd.exe,IT,2021-11-17,12:18:24,00:00:06
stefano.crapanzano@chu.ulg.ac.be,Administrateur : C:\Windows\System32\cmd.exe,IT,2021-11-17,12:18:36,00:00:31
stefano.crapanzano@chu.ulg.ac.be,Administrateur : C:\Windows\System32\cmd.exe,IT,2021-11-17,12:19:15,00:00:02
stefano.crapanzano@chu.ulg.ac.be,Administrateur : C:\Windows\System32\cmd.exe,IT,2021-11-17,12:20:10,00:00:02
stefano.crapanzano@chu.ulg.ac.be,Administrateur : C:\Windows\System32\cmd.exe,IT,2021-11-17,12:21:25,00:00:03
stefano.crapanzano@chu.ulg.ac.be,Lecture documentation,Tâches diverses,2021-11-17,12:23:21,00:00:05
stefano.crapanzano@chu.ulg.ac.be,Administrateur : C:\Windows\System32\cmd.exe,IT,2021-11-17,12:23:32,00:00:04
stefano.crapanzano@chu.ulg.ac.be,npm,IT,2021-11-17,12:18:31,00:00:05
stefano.crapanzano@chu.ulg.ac.be,npm,IT,2021-11-17,12:20:13,00:00:05
stefano.crapanzano@chu.ulg.ac.be,Lecture documentation,Tâches diverses,2021-11-17,12:19:27,00:00:02
stefano.crapanzano@chu.ulg.ac.be,Lecture documentation,Tâches diverses,2021-11-17,12:19:30,00:00:26
stefano.crapanzano@chu.ulg.ac.be,Lecture documentation,Tâches diverses,2021-11-17,12:20:18,00:00:16
stefano.crapanzano@chu.ulg.ac.be,Lecture documentation,Tâches diverses,2021-11-17,12:19:56,00:00:06
stefano.crapanzano@chu.ulg.ac.be,Lecture documentation,Tâches diverses,2021-11-17,12:20:03,00:00:06
stefano.crapanzano@chu.ulg.ac.be,Lecture documentation,Tâches diverses,2021-11-17,12:20:37,00:00:02
stefano.crapanzano@chu.ulg.ac.be,Lecture documentation,Tâches diverses,2021-11-17,12:20:40,00:00:45
stefano.crapanzano@chu.ulg.ac.be,How to Update Node.js to Latest Version {Linux  Windows  and MacOS} – Brave,IT,2021-11-17,12:21:29,00:00:03
stefano.crapanzano@chu.ulg.ac.be,Lecture documentation,Tâches diverses,2021-11-17,12:21:39,00:00:21
stefano.crapanzano@chu.ulg.ac.be,Lecture documentation,Tâches diverses,2021-11-17,12:28:01,00:00:02
stefano.crapanzano@chu.ulg.ac.be,Lecture documentation,Tâches diverses,2021-11-17,12:21:36,00:00:03
stefano.crapanzano@chu.ulg.ac.be,Lecture documentation,Tâches diverses,2021-11-17,12:22:02,00:00:03
stefano.crapanzano@chu.ulg.ac.be,Lecture documentation,Tâches diverses,2021-11-17,12:22:32,00:00:13
stefano.crapanzano@chu.ulg.ac.be,Lecture documentation,Tâches diverses,2021-11-17,12:22:05,00:00:18
stefano.crapanzano@chu.ulg.ac.be,Lecture documentation,Tâches diverses,2021-11-17,12:22:24,00:00:08
stefano.crapanzano@chu.ulg.ac.be,Lecture documentation,Tâches diverses,2021-11-17,12:22:45,00:00:09
stefano.crapanzano@chu.ulg.ac.be,Lecture documentation,Tâches diverses,2021-11-17,12:22:55,00:00:26
stefano.crapanzano@chu.ulg.ac.be,Lecture documentation,Tâches diverses,2021-11-17,12:23:26,00:00:05
stefano.crapanzano@chu.ulg.ac.be,Lecture documentation,Tâches diverses,2021-11-17,12:24:06,00:00:04
stefano.crapanzano@chu.ulg.ac.be,Lecture documentation,Tâches diverses,2021-11-17,12:25:02,00:00:02
stefano.crapanzano@chu.ulg.ac.be,Lecture documentation,Tâches diverses,2021-11-17,12:28:59,00:00:02
stefano.crapanzano@chu.ulg.ac.be,Lecture documentation,Tâches diverses,2021-11-17,12:23:38,00:00:04
stefano.crapanzano@chu.ulg.ac.be,Lecture documentation,Tâches diverses,2021-11-17,12:23:45,00:00:02
stefano.crapanzano@chu.ulg.ac.be,Lecture documentation,Tâches diverses,2021-11-17,12:24:03,00:00:02
stefano.crapanzano@chu.ulg.ac.be,Lecture documentation,Tâches diverses,2021-11-17,12:29:40,00:00:05
stefano.crapanzano@chu.ulg.ac.be,Lecture documentation,Tâches diverses,2021-11-17,12:24:42,00:00:10
stefano.crapanzano@chu.ulg.ac.be,Lecture documentation,Tâches diverses,2021-11-17,12:24:53,00:00:05
stefano.crapanzano@chu.ulg.ac.be,Lecture documentation,Tâches diverses,2021-11-17,12:25:08,00:00:04
stefano.crapanzano@chu.ulg.ac.be,Lecture documentation,Tâches diverses,2021-11-17,12:29:56,00:00:05
stefano.crapanzano@chu.ulg.ac.be,Lecture documentation,Tâches diverses,2021-11-17,12:25:16,00:01:00
stefano.crapanzano@chu.ulg.ac.be,Lecture documentation,Tâches diverses,2021-11-17,12:26:17,00:00:02
stefano.crapanzano@chu.ulg.ac.be,Lecture documentation,Tâches diverses,2021-11-17,12:26:29,00:00:15
stefano.crapanzano@chu.ulg.ac.be,Lecture documentation,Tâches diverses,2021-11-17,12:26:46,00:00:23
stefano.crapanzano@chu.ulg.ac.be,Lecture documentation,Tâches diverses,2021-11-17,12:29:02,00:00:08
stefano.crapanzano@chu.ulg.ac.be,Lecture documentation,Tâches diverses,2021-11-17,12:29:20,00:00:12
stefano.crapanzano@chu.ulg.ac.be,Lecture documentation,Tâches diverses,2021-11-17,12:27:20,00:00:11
stefano.crapanzano@chu.ulg.ac.be,Lecture documentation,Tâches diverses,2021-11-17,12:27:52,00:00:05
stefano.crapanzano@chu.ulg.ac.be,Lecture documentation,Tâches diverses,2021-11-17,12:27:33,00:00:19
stefano.crapanzano@chu.ulg.ac.be,Lecture documentation,Tâches diverses,2021-11-17,12:27:58,00:00:02
stefano.crapanzano@chu.ulg.ac.be,Lecture documentation,Tâches diverses,2021-11-17,12:28:05,00:00:53
stefano.crapanzano@chu.ulg.ac.be,Lecture documentation,Tâches diverses,2021-11-17,12:29:16,00:00:04
stefano.crapanzano@chu.ulg.ac.be,Lecture documentation,Tâches diverses,2021-11-17,12:29:33,00:00:06
