Email,Description,Project,Start date,Start time,Duration
stefano.crapanzano@chu.ulg.ac.be,Administrateur : C:\Windows\system32\cmd.exe - python  main.py,IT,2021-11-18,08:26:21,00:00:02
stefano.crapanzano@chu.ulg.ac.be,Courrier entrant - erp.sai@chuliege.be - Mozilla Thunderbird,Helpdesk général,2021-11-18,08:26:24,00:03:41
stefano.crapanzano@chu.ulg.ac.be,Courrier entrant - erp.sai@chuliege.be - Mozilla Thunderbird,Tâches diverses,2021-11-18,08:32:25,00:00:45
stefano.crapanzano@chu.ulg.ac.be,Courrier entrant - erp.sai@chuliege.be - Mozilla Thunderbird,Helpdesk général,2021-11-18,08:33:20,00:00:05
stefano.crapanzano@chu.ulg.ac.be,Courrier entrant - erp.sai@chuliege.be - Mozilla Thunderbird,Helpdesk général,2021-11-18,08:35:45,00:00:05
stefano.crapanzano@chu.ulg.ac.be,Courrier entrant - erp.sai@chuliege.be - Mozilla Thunderbird,Helpdesk général,2021-11-18,09:00:03,00:00:18
stefano.crapanzano@chu.ulg.ac.be,Courrier entrant - erp.sai@chuliege.be - Mozilla Thunderbird,Helpdesk général,2021-11-18,09:00:22,00:00:02
stefano.crapanzano@chu.ulg.ac.be,Courrier entrant - erp.sai@chuliege.be - Mozilla Thunderbird,Helpdesk général,2021-11-18,09:03:35,00:00:11
stefano.crapanzano@chu.ulg.ac.be,Courrier entrant - erp.sai@chuliege.be - Mozilla Thunderbird,Helpdesk général,2021-11-18,09:11:36,00:00:35
stefano.crapanzano@chu.ulg.ac.be,Courrier entrant - erp.sai@chuliege.be - Mozilla Thunderbird,Helpdesk général,2021-11-18,09:38:57,00:00:07
stefano.crapanzano@chu.ulg.ac.be,Courrier entrant - erp.sai@chuliege.be - Mozilla Thunderbird,Helpdesk général,2021-11-18,09:41:15,00:00:02
stefano.crapanzano@chu.ulg.ac.be,Courrier entrant - erp.sai@chuliege.be - Mozilla Thunderbird,Helpdesk général,2021-11-18,09:41:53,00:00:02
stefano.crapanzano@chu.ulg.ac.be,Courrier entrant - erp.sai@chuliege.be - Mozilla Thunderbird,Tâches diverses,2021-11-18,09:42:03,00:00:06
stefano.crapanzano@chu.ulg.ac.be,Courrier entrant - erp.sai@chuliege.be - Mozilla Thunderbird,Helpdesk général,2021-11-18,09:49:19,00:02:06
stefano.crapanzano@chu.ulg.ac.be,Courrier entrant - erp.sai@chuliege.be - Mozilla Thunderbird,Helpdesk général,2021-11-18,10:02:34,00:00:57
stefano.crapanzano@chu.ulg.ac.be,Courrier entrant - erp.sai@chuliege.be - Mozilla Thunderbird,Helpdesk général,2021-11-18,10:07:22,00:00:20
stefano.crapanzano@chu.ulg.ac.be,Courrier entrant - erp.sai@chuliege.be - Mozilla Thunderbird,Tâches diverses,2021-11-18,10:25:01,00:00:15
stefano.crapanzano@chu.ulg.ac.be,Courrier entrant - erp.sai@chuliege.be - Mozilla Thunderbird,Helpdesk général,2021-11-18,10:31:23,00:00:10
stefano.crapanzano@chu.ulg.ac.be,Courrier entrant - erp.sai@chuliege.be - Mozilla Thunderbird,Helpdesk général,2021-11-18,10:31:37,00:00:07
stefano.crapanzano@chu.ulg.ac.be,Courrier entrant - erp.sai@chuliege.be - Mozilla Thunderbird,Helpdesk général,2021-11-18,10:31:56,00:03:39
stefano.crapanzano@chu.ulg.ac.be,Courrier entrant - erp.sai@chuliege.be - Mozilla Thunderbird,Helpdesk général,2021-11-18,10:35:38,00:01:08
stefano.crapanzano@chu.ulg.ac.be,Courrier entrant - erp.sai@chuliege.be - Mozilla Thunderbird,Helpdesk général,2021-11-18,10:40:29,00:09:28
stefano.crapanzano@chu.ulg.ac.be,Courrier entrant - erp.sai@chuliege.be - Mozilla Thunderbird,Helpdesk général,2021-11-18,11:00:08,00:00:29
stefano.crapanzano@chu.ulg.ac.be,Courrier entrant - erp.sai@chuliege.be - Mozilla Thunderbird,Helpdesk général,2021-11-18,11:00:39,00:00:05
stefano.crapanzano@chu.ulg.ac.be,Courrier entrant - erp.sai@chuliege.be - Mozilla Thunderbird,Helpdesk général,2021-11-18,11:14:02,00:00:06
stefano.crapanzano@chu.ulg.ac.be,Courrier entrant - erp.sai@chuliege.be - Mozilla Thunderbird,Helpdesk général,2021-11-18,11:14:11,00:01:02
stefano.crapanzano@chu.ulg.ac.be,Courrier entrant - erp.sai@chuliege.be - Mozilla Thunderbird,Helpdesk général,2021-11-18,11:26:13,00:00:11
stefano.crapanzano@chu.ulg.ac.be,Courrier entrant - erp.sai@chuliege.be - Mozilla Thunderbird,Helpdesk général,2021-11-18,11:28:08,00:00:24
stefano.crapanzano@chu.ulg.ac.be,Courrier entrant - erp.sai@chuliege.be - Mozilla Thunderbird,Helpdesk général,2021-11-18,11:28:33,00:00:02
stefano.crapanzano@chu.ulg.ac.be,Courrier entrant - erp.sai@chuliege.be - Mozilla Thunderbird,Helpdesk général,2021-11-18,11:41:01,00:00:05
stefano.crapanzano@chu.ulg.ac.be,Courrier entrant - erp.sai@chuliege.be - Mozilla Thunderbird,Helpdesk général,2021-11-18,11:42:37,01:04:56
stefano.crapanzano@chu.ulg.ac.be,Courrier entrant - erp.sai@chuliege.be - Mozilla Thunderbird,Helpdesk général,2021-11-18,13:21:05,00:00:02
stefano.crapanzano@chu.ulg.ac.be,Courrier entrant - erp.sai@chuliege.be - Mozilla Thunderbird,Helpdesk général,2021-11-18,13:24:57,00:00:04
stefano.crapanzano@chu.ulg.ac.be,Courrier entrant - erp.sai@chuliege.be - Mozilla Thunderbird,Helpdesk général,2021-11-18,13:26:03,00:00:05
stefano.crapanzano@chu.ulg.ac.be,Courrier entrant - erp.sai@chuliege.be - Mozilla Thunderbird,Helpdesk général,2021-11-18,13:26:35,00:13:24
stefano.crapanzano@chu.ulg.ac.be,Courrier entrant - erp.sai@chuliege.be - Mozilla Thunderbird,Helpdesk général,2021-11-18,13:49:53,00:00:18
stefano.crapanzano@chu.ulg.ac.be,Courrier entrant - erp.sai@chuliege.be - Mozilla Thunderbird,Tâches diverses,2021-11-18,13:50:14,00:00:42
stefano.crapanzano@chu.ulg.ac.be,Courrier entrant - erp.sai@chuliege.be - Mozilla Thunderbird,Helpdesk général,2021-11-18,13:56:19,00:03:20
stefano.crapanzano@chu.ulg.ac.be,Courrier entrant - erp.sai@chuliege.be - Mozilla Thunderbird,Helpdesk général,2021-11-18,14:32:29,00:00:31
stefano.crapanzano@chu.ulg.ac.be,Courrier entrant - erp.sai@chuliege.be - Mozilla Thunderbird,Helpdesk général,2021-11-18,15:16:53,00:00:02
stefano.crapanzano@chu.ulg.ac.be,Courrier entrant - erp.sai@chuliege.be - Mozilla Thunderbird,Helpdesk général,2021-11-18,15:20:01,00:00:02
stefano.crapanzano@chu.ulg.ac.be,Courrier entrant - erp.sai@chuliege.be - Mozilla Thunderbird,Helpdesk général,2021-11-18,15:20:25,00:00:09
stefano.crapanzano@chu.ulg.ac.be,Courrier entrant - erp.sai@chuliege.be - Mozilla Thunderbird,Helpdesk général,2021-11-18,15:21:03,00:00:04
stefano.crapanzano@chu.ulg.ac.be,Courrier entrant - erp.sai@chuliege.be - Mozilla Thunderbird,Helpdesk général,2021-11-18,15:22:41,00:00:11
stefano.crapanzano@chu.ulg.ac.be,Courrier entrant - erp.sai@chuliege.be - Mozilla Thunderbird,Helpdesk général,2021-11-18,15:23:43,00:19:00
stefano.crapanzano@chu.ulg.ac.be,Courrier entrant - erp.sai@chuliege.be - Mozilla Thunderbird,Helpdesk général,2021-11-18,15:43:09,00:00:05
stefano.crapanzano@chu.ulg.ac.be,Courrier entrant - erp.sai@chuliege.be - Mozilla Thunderbird,Helpdesk général,2021-11-18,15:45:18,00:00:04
stefano.crapanzano@chu.ulg.ac.be,Courrier entrant - erp.sai@chuliege.be - Mozilla Thunderbird,Helpdesk général,2021-11-18,15:47:19,00:24:09
stefano.crapanzano@chu.ulg.ac.be,Courrier entrant - erp.sai@chuliege.be - Mozilla Thunderbird,Helpdesk général,2021-11-18,16:21:11,00:14:42
stefano.crapanzano@chu.ulg.ac.be,Courrier entrant - erp.sai@chuliege.be - Mozilla Thunderbird,Helpdesk général,2021-11-18,16:36:09,00:00:06
stefano.crapanzano@chu.ulg.ac.be,Courrier entrant - erp.sai@chuliege.be - Mozilla Thunderbird,Helpdesk général,2021-11-18,16:40:11,00:00:04
stefano.crapanzano@chu.ulg.ac.be,Courrier entrant - erp.sai@chuliege.be - Mozilla Thunderbird,Helpdesk général,2021-11-18,16:40:44,00:00:06
stefano.crapanzano@chu.ulg.ac.be,Courrier entrant - erp.sai@chuliege.be - Mozilla Thunderbird,Helpdesk général,2021-11-18,16:44:16,00:00:05
stefano.crapanzano@chu.ulg.ac.be,Courrier entrant - erp.sai@chuliege.be - Mozilla Thunderbird,Helpdesk général,2021-11-18,16:44:24,00:00:02
stefano.crapanzano@chu.ulg.ac.be,Courrier entrant - erp.sai@chuliege.be - Mozilla Thunderbird,Helpdesk général,2021-11-18,16:44:52,00:01:11
stefano.crapanzano@chu.ulg.ac.be,Courrier entrant - erp.sai@chuliege.be - Mozilla Thunderbird,Helpdesk général,2021-11-18,16:46:06,00:00:11
stefano.crapanzano@chu.ulg.ac.be,Courrier entrant - erp.sai@chuliege.be - Mozilla Thunderbird,Helpdesk général,2021-11-18,16:51:10,00:00:48
stefano.crapanzano@chu.ulg.ac.be,Courrier entrant - erp.sai@chuliege.be - Mozilla Thunderbird,Helpdesk général,2021-11-18,16:59:58,00:00:03
stefano.crapanzano@chu.ulg.ac.be,Navigation système de fichier,IT,2021-11-18,08:30:06,00:00:08
stefano.crapanzano@chu.ulg.ac.be,Navigation système de fichier,IT,2021-11-18,09:15:20,00:00:02
stefano.crapanzano@chu.ulg.ac.be,Navigation système de fichier,IT,2021-11-18,09:16:24,00:00:20
stefano.crapanzano@chu.ulg.ac.be,Navigation système de fichier,IT,2021-11-18,09:23:08,00:00:02
stefano.crapanzano@chu.ulg.ac.be,Navigation système de fichier,IT,2021-11-18,09:24:53,00:00:02
stefano.crapanzano@chu.ulg.ac.be,Navigation système de fichier,IT,2021-11-18,09:25:19,00:00:02
stefano.crapanzano@chu.ulg.ac.be,Navigation système de fichier,IT,2021-11-18,09:30:24,00:00:02
stefano.crapanzano@chu.ulg.ac.be,Navigation système de fichier,IT,2021-11-18,09:39:05,00:00:08
stefano.crapanzano@chu.ulg.ac.be,Navigation système de fichier,IT,2021-11-18,09:40:07,00:00:03
stefano.crapanzano@chu.ulg.ac.be,Navigation système de fichier,IT,2021-11-18,09:40:53,00:00:07
stefano.crapanzano@chu.ulg.ac.be,Navigation système de fichier,IT,2021-11-18,09:54:21,00:00:25
stefano.crapanzano@chu.ulg.ac.be,Navigation système de fichier,IT,2021-11-18,10:22:22,00:00:02
stefano.crapanzano@chu.ulg.ac.be,Navigation système de fichier,IT,2021-11-18,10:25:41,00:00:02
stefano.crapanzano@chu.ulg.ac.be,Navigation système de fichier,IT,2021-11-18,11:28:36,00:00:03
stefano.crapanzano@chu.ulg.ac.be,Navigation système de fichier,IT,2021-11-18,12:49:54,00:00:02
stefano.crapanzano@chu.ulg.ac.be,Navigation système de fichier,IT,2021-11-18,12:53:01,00:00:03
stefano.crapanzano@chu.ulg.ac.be,Navigation système de fichier,IT,2021-11-18,12:57:17,00:00:02
stefano.crapanzano@chu.ulg.ac.be,Navigation système de fichier,IT,2021-11-18,13:17:55,00:00:02
stefano.crapanzano@chu.ulg.ac.be,Navigation système de fichier,IT,2021-11-18,13:18:37,00:00:03
stefano.crapanzano@chu.ulg.ac.be,Navigation système de fichier,IT,2021-11-18,13:18:41,00:00:02
stefano.crapanzano@chu.ulg.ac.be,Navigation système de fichier,IT,2021-11-18,13:49:50,00:00:02
stefano.crapanzano@chu.ulg.ac.be,Navigation système de fichier,IT,2021-11-18,13:50:11,00:00:02
stefano.crapanzano@chu.ulg.ac.be,Navigation système de fichier,IT,2021-11-18,13:54:20,00:00:03
stefano.crapanzano@chu.ulg.ac.be,Navigation système de fichier,IT,2021-11-18,14:02:54,00:00:02
stefano.crapanzano@chu.ulg.ac.be,Navigation système de fichier,IT,2021-11-18,14:03:02,00:00:03
stefano.crapanzano@chu.ulg.ac.be,Navigation système de fichier,IT,2021-11-18,14:05:05,00:00:02
stefano.crapanzano@chu.ulg.ac.be,Navigation système de fichier,IT,2021-11-18,14:10:27,00:00:02
stefano.crapanzano@chu.ulg.ac.be,Navigation système de fichier,IT,2021-11-18,15:16:56,00:00:13
stefano.crapanzano@chu.ulg.ac.be,Navigation système de fichier,IT,2021-11-18,15:17:12,00:00:11
stefano.crapanzano@chu.ulg.ac.be,Navigation système de fichier,IT,2021-11-18,15:18:14,00:00:04
stefano.crapanzano@chu.ulg.ac.be,Navigation système de fichier,IT,2021-11-18,15:20:34,00:00:07
stefano.crapanzano@chu.ulg.ac.be,Navigation système de fichier,IT,2021-11-18,15:21:12,00:00:03
stefano.crapanzano@chu.ulg.ac.be,Navigation système de fichier,IT,2021-11-18,15:21:19,00:00:06
stefano.crapanzano@chu.ulg.ac.be,Navigation système de fichier,IT,2021-11-18,15:23:29,00:00:02
stefano.crapanzano@chu.ulg.ac.be,Navigation système de fichier,IT,2021-11-18,15:42:50,00:00:02
stefano.crapanzano@chu.ulg.ac.be,Navigation système de fichier,IT,2021-11-18,16:59:55,00:00:02
stefano.crapanzano@chu.ulg.ac.be,Navigation système de fichier,IT,2021-11-18,17:00:14,00:00:03
stefano.crapanzano@chu.ulg.ac.be,Netop Invité,Helpdesk général,2021-11-18,08:30:14,00:00:03
stefano.crapanzano@chu.ulg.ac.be,Netop Invité,Helpdesk général,2021-11-18,08:31:43,00:00:04
stefano.crapanzano@chu.ulg.ac.be,Netop Invité,Helpdesk général,2021-11-18,10:49:57,00:00:05
stefano.crapanzano@chu.ulg.ac.be,Netop Invité,Helpdesk général,2021-11-18,13:54:57,00:01:21
stefano.crapanzano@chu.ulg.ac.be,Netop Invité,Helpdesk général,2021-11-18,13:59:39,00:00:21
stefano.crapanzano@chu.ulg.ac.be,Connexion à l'aide de l'authentification Windows,Helpdesk général,2021-11-18,08:30:19,00:00:02
stefano.crapanzano@chu.ulg.ac.be,Connexion à l'aide de l'authentification Windows,Helpdesk général,2021-11-18,10:50:02,00:00:02
stefano.crapanzano@chu.ulg.ac.be,Connexion à l'aide de l'authentification Windows,Helpdesk général,2021-11-18,14:00:02,00:00:02
stefano.crapanzano@chu.ulg.ac.be,erpftp - Netop Remote Control,Helpdesk général,2021-11-18,08:30:23,00:01:18
stefano.crapanzano@chu.ulg.ac.be,erpftp - Netop Remote Control,Helpdesk général,2021-11-18,10:50:05,00:06:24
stefano.crapanzano@chu.ulg.ac.be,Nouvel onglet - Google Chrome,Tâches diverses,2021-11-18,09:22:47,00:00:03
stefano.crapanzano@chu.ulg.ac.be,Nouvel onglet - Google Chrome,Tâches diverses,2021-11-18,12:47:34,00:00:07
stefano.crapanzano@chu.ulg.ac.be,Nouvel onglet - Google Chrome,Tâches diverses,2021-11-18,15:17:35,00:00:05
stefano.crapanzano@chu.ulg.ac.be,Identification - Google Chrome,Tâches diverses,2021-11-18,08:31:53,00:00:09
stefano.crapanzano@chu.ulg.ac.be,Service MT - Google Chrome,Tâches diverses,2021-11-18,08:32:04,00:00:21
stefano.crapanzano@chu.ulg.ac.be,Service MT - Google Chrome,Tâches diverses,2021-11-18,08:35:50,00:00:08
stefano.crapanzano@chu.ulg.ac.be,Service MT - Google Chrome,Tâches diverses,2021-11-18,09:11:27,00:00:06
stefano.crapanzano@chu.ulg.ac.be,Service MT - Google Chrome,Tâches diverses,2021-11-18,09:49:14,00:00:02
stefano.crapanzano@chu.ulg.ac.be,Service MT - Google Chrome,Tâches diverses,2021-11-18,10:06:29,00:00:06
stefano.crapanzano@chu.ulg.ac.be,Service MT - Google Chrome,Tâches diverses,2021-11-18,11:15:14,00:00:03
stefano.crapanzano@chu.ulg.ac.be,Service MT - Google Chrome,Tâches diverses,2021-11-18,11:18:45,00:00:02
stefano.crapanzano@chu.ulg.ac.be,Service MT - Google Chrome,Tâches diverses,2021-11-18,15:23:00,00:00:29
stefano.crapanzano@chu.ulg.ac.be,Service MT - Google Chrome,Tâches diverses,2021-11-18,15:42:43,00:00:06
stefano.crapanzano@chu.ulg.ac.be,Service MT - Google Chrome,Tâches diverses,2021-11-18,15:43:00,00:00:04
stefano.crapanzano@chu.ulg.ac.be,Service MT - Google Chrome,Tâches diverses,2021-11-18,15:45:22,00:00:02
stefano.crapanzano@chu.ulg.ac.be,Courrier entrant - stefano.crapanzano@chuliege.be - Mozilla Thunderbird,Helpdesk général,2021-11-18,08:33:11,00:00:09
stefano.crapanzano@chu.ulg.ac.be,Courrier entrant - stefano.crapanzano@chuliege.be - Mozilla Thunderbird,Helpdesk général,2021-11-18,09:03:47,00:00:10
stefano.crapanzano@chu.ulg.ac.be,Courrier entrant - stefano.crapanzano@chuliege.be - Mozilla Thunderbird,Helpdesk général,2021-11-18,09:11:34,00:00:02
stefano.crapanzano@chu.ulg.ac.be,Courrier entrant - stefano.crapanzano@chuliege.be - Mozilla Thunderbird,Helpdesk général,2021-11-18,09:41:51,00:00:02
stefano.crapanzano@chu.ulg.ac.be,Courrier entrant - stefano.crapanzano@chuliege.be - Mozilla Thunderbird,Helpdesk général,2021-11-18,09:49:06,00:00:05
stefano.crapanzano@chu.ulg.ac.be,Courrier entrant - stefano.crapanzano@chuliege.be - Mozilla Thunderbird,Tâches diverses,2021-11-18,09:49:17,00:00:02
stefano.crapanzano@chu.ulg.ac.be,Courrier entrant - stefano.crapanzano@chuliege.be - Mozilla Thunderbird,Helpdesk général,2021-11-18,09:55:05,00:00:53
stefano.crapanzano@chu.ulg.ac.be,Courrier entrant - stefano.crapanzano@chuliege.be - Mozilla Thunderbird,Helpdesk général,2021-11-18,10:05:28,00:00:03
stefano.crapanzano@chu.ulg.ac.be,Courrier entrant - stefano.crapanzano@chuliege.be - Mozilla Thunderbird,Helpdesk général,2021-11-18,10:05:34,00:00:04
stefano.crapanzano@chu.ulg.ac.be,Courrier entrant - stefano.crapanzano@chuliege.be - Mozilla Thunderbird,Helpdesk général,2021-11-18,10:06:35,00:00:46
stefano.crapanzano@chu.ulg.ac.be,Courrier entrant - stefano.crapanzano@chuliege.be - Mozilla Thunderbird,Helpdesk général,2021-11-18,10:31:33,00:00:03
stefano.crapanzano@chu.ulg.ac.be,Courrier entrant - stefano.crapanzano@chuliege.be - Mozilla Thunderbird,Helpdesk général,2021-11-18,10:35:35,00:00:02
stefano.crapanzano@chu.ulg.ac.be,Courrier entrant - stefano.crapanzano@chuliege.be - Mozilla Thunderbird,Helpdesk général,2021-11-18,10:40:26,00:00:02
stefano.crapanzano@chu.ulg.ac.be,Courrier entrant - stefano.crapanzano@chuliege.be - Mozilla Thunderbird,Helpdesk général,2021-11-18,11:14:09,00:00:02
stefano.crapanzano@chu.ulg.ac.be,Courrier entrant - stefano.crapanzano@chuliege.be - Mozilla Thunderbird,Helpdesk général,2021-11-18,13:21:07,00:00:09
stefano.crapanzano@chu.ulg.ac.be,Courrier entrant - stefano.crapanzano@chuliege.be - Mozilla Thunderbird,Helpdesk général,2021-11-18,13:24:39,00:00:18
stefano.crapanzano@chu.ulg.ac.be,Courrier entrant - stefano.crapanzano@chuliege.be - Mozilla Thunderbird,Helpdesk général,2021-11-18,15:45:05,00:00:13
stefano.crapanzano@chu.ulg.ac.be,Courrier entrant - stefano.crapanzano@chuliege.be - Mozilla Thunderbird,Helpdesk général,2021-11-18,16:44:21,00:00:02
stefano.crapanzano@chu.ulg.ac.be,Courrier entrant - stefano.crapanzano@chuliege.be - Mozilla Thunderbird,Helpdesk général,2021-11-18,16:46:04,00:00:02
stefano.crapanzano@chu.ulg.ac.be,Envoyés - erp.sai@chuliege.be - Mozilla Thunderbird,Helpdesk général,2021-11-18,08:33:25,00:02:19
stefano.crapanzano@chu.ulg.ac.be,Envoyés - erp.sai@chuliege.be - Mozilla Thunderbird,Helpdesk général,2021-11-18,09:42:09,00:06:56
stefano.crapanzano@chu.ulg.ac.be,Envoyés - erp.sai@chuliege.be - Mozilla Thunderbird,Helpdesk général,2021-11-18,10:31:45,00:00:10
stefano.crapanzano@chu.ulg.ac.be,Envoyés - erp.sai@chuliege.be - Mozilla Thunderbird,Helpdesk général,2021-11-18,10:36:46,00:03:39
stefano.crapanzano@chu.ulg.ac.be,Envoyés - erp.sai@chuliege.be - Mozilla Thunderbird,Helpdesk général,2021-11-18,11:41:06,00:01:30
stefano.crapanzano@chu.ulg.ac.be,Envoyés - erp.sai@chuliege.be - Mozilla Thunderbird,Helpdesk général,2021-11-18,13:26:08,00:00:26
stefano.crapanzano@chu.ulg.ac.be,Envoyés - erp.sai@chuliege.be - Mozilla Thunderbird,Helpdesk général,2021-11-18,15:43:15,00:01:49
stefano.crapanzano@chu.ulg.ac.be,Envoyés - erp.sai@chuliege.be - Mozilla Thunderbird,Helpdesk général,2021-11-18,16:44:27,00:00:25
stefano.crapanzano@chu.ulg.ac.be,Envoyés - erp.sai@chuliege.be - Mozilla Thunderbird,Helpdesk général,2021-11-18,16:46:18,00:04:51
stefano.crapanzano@chu.ulg.ac.be,Envoyés - erp.sai@chuliege.be - Mozilla Thunderbird,Helpdesk général,2021-11-18,17:00:02,00:00:11
stefano.crapanzano@chu.ulg.ac.be,Lecture documentation,Tâches diverses,2021-11-18,08:36:00,00:24:02
stefano.crapanzano@chu.ulg.ac.be,Lecture documentation,Tâches diverses,2021-11-18,11:19:23,00:06:49
stefano.crapanzano@chu.ulg.ac.be,Lecture documentation,Tâches diverses,2021-11-18,14:33:10,00:01:32
stefano.crapanzano@chu.ulg.ac.be,Lecture documentation,Tâches diverses,2021-11-18,14:34:44,00:13:46
stefano.crapanzano@chu.ulg.ac.be,Lecture documentation,Tâches diverses,2021-11-18,15:23:32,00:00:09
stefano.crapanzano@chu.ulg.ac.be,Ouverture -Excel,Tâches diverses,2021-11-18,09:00:25,00:00:06
stefano.crapanzano@chu.ulg.ac.be,Excel,Tâches diverses,2021-11-18,09:00:31,00:00:02
stefano.crapanzano@chu.ulg.ac.be,ecriture_comptable_répartition_analyse_082021_v04.xlsx  [Mode protégé] - Excel,Tâches diverses,2021-11-18,09:00:34,00:03:01
stefano.crapanzano@chu.ulg.ac.be,ecriture_comptable_répartition_analyse_082021_v04.xlsx  [Mode protégé] - Excel,Helpdesk général,2021-11-18,09:51:26,00:00:34
stefano.crapanzano@chu.ulg.ac.be,Sans titre - Google Chrome,Tâches diverses,2021-11-18,10:08:28,00:00:03
stefano.crapanzano@chu.ulg.ac.be,SAM-DB : Accès à SSP  SAP Libération des factures et Fiori impossible en VPN - Google Chrome,Tâches diverses,2021-11-18,09:04:00,00:02:10
stefano.crapanzano@chu.ulg.ac.be,SAM-DB : Accès à SSP  SAP Libération des factures et Fiori impossible en VPN - Google Chrome,Helpdesk général,2021-11-18,09:06:11,00:04:49
stefano.crapanzano@chu.ulg.ac.be,SAM-DB : Accès à SSP  SAP Libération des factures et Fiori impossible en VPN - Google Chrome,Tâches diverses,2021-11-18,09:55:59,00:00:31
stefano.crapanzano@chu.ulg.ac.be,SAM-DB : Accès à SSP  SAP Libération des factures et Fiori impossible en VPN - Google Chrome,Tâches diverses,2021-11-18,09:56:43,00:00:33
stefano.crapanzano@chu.ulg.ac.be,SAM-DB : Accès à SSP  SAP Libération des factures et Fiori impossible en VPN - Google Chrome,Tâches diverses,2021-11-18,10:00:45,00:01:45
stefano.crapanzano@chu.ulg.ac.be,SAM-DB : Accès à SSP  SAP Libération des factures et Fiori impossible en VPN - Google Chrome,Tâches diverses,2021-11-18,10:05:40,00:00:21
stefano.crapanzano@chu.ulg.ac.be,SAM-DB : Accès à SSP  SAP Libération des factures et Fiori impossible en VPN - Google Chrome,Tâches diverses,2021-11-18,10:06:07,00:00:03
stefano.crapanzano@chu.ulg.ac.be,Changement de tâche,Tâches diverses,2021-11-18,13:46:14,00:00:02
stefano.crapanzano@chu.ulg.ac.be,Changement de tâche,Tâches diverses,2021-11-18,15:19:32,00:00:03
stefano.crapanzano@chu.ulg.ac.be,SAM-DB - Google Chrome,Tâches diverses,2021-11-18,09:11:00,00:00:09
stefano.crapanzano@chu.ulg.ac.be,SAM-DB - Google Chrome,Tâches diverses,2021-11-18,09:11:24,00:00:02
stefano.crapanzano@chu.ulg.ac.be,SAM-DB - Google Chrome,Tâches diverses,2021-11-18,10:06:02,00:00:04
stefano.crapanzano@chu.ulg.ac.be,SAM-DB - Google Chrome,Tâches diverses,2021-11-18,10:06:11,00:00:12
stefano.crapanzano@chu.ulg.ac.be,SAM-DB - Google Chrome,Tâches diverses,2021-11-18,11:00:48,00:11:23
stefano.crapanzano@chu.ulg.ac.be,SAM-DB - Google Chrome,Tâches diverses,2021-11-18,11:13:14,00:00:16
stefano.crapanzano@chu.ulg.ac.be,SAM-DB - Google Chrome,Tâches diverses,2021-11-18,11:13:51,00:00:06
stefano.crapanzano@chu.ulg.ac.be,SAM-DB - Google Chrome,Tâches diverses,2021-11-18,11:19:11,00:00:09
stefano.crapanzano@chu.ulg.ac.be,SAM-DB : Test ERP 2.0 Chargement fichier HLè sur A03 - Google Chrome,Tâches diverses,2021-11-18,09:11:11,00:00:13
stefano.crapanzano@chu.ulg.ac.be,Rédaction : Fwd: SDERP-18360 CLONE - P203 CHU IDoc 329798 statut 51 car un article est en statut bloqué : toute la demande de réapprovisionnement est bloquée - Thunderbird,Helpdesk général,2021-11-18,09:12:12,00:03:07
stefano.crapanzano@chu.ulg.ac.be,Rédaction : Fwd: SDERP-18360 CLONE - P203 CHU IDoc 329798 statut 51 car un article est en statut bloqué : toute la demande de réapprovisionnement est bloquée - Thunderbird,Helpdesk général,2021-11-18,09:18:09,00:04:35
stefano.crapanzano@chu.ulg.ac.be,Rédaction : Fwd: SDERP-18360 CLONE - P203 CHU IDoc 329798 statut 51 car un article est en statut bloqué : toute la demande de réapprovisionnement est bloquée - Thunderbird,Helpdesk général,2021-11-18,09:24:10,00:00:14
stefano.crapanzano@chu.ulg.ac.be,Rédaction : Fwd: SDERP-18360 CLONE - P203 CHU IDoc 329798 statut 51 car un article est en statut bloqué : toute la demande de réapprovisionnement est bloquée - Thunderbird,Helpdesk général,2021-11-18,09:24:39,00:00:04
stefano.crapanzano@chu.ulg.ac.be,Rédaction : Fwd: SDERP-18360 CLONE - P203 CHU IDoc 329798 statut 51 car un article est en statut bloqué : toute la demande de réapprovisionnement est bloquée - Thunderbird,Helpdesk général,2021-11-18,09:25:22,00:00:09
stefano.crapanzano@chu.ulg.ac.be,Rédaction : Fwd: SDERP-18360 CLONE - P203 CHU IDoc 329798 statut 51 car un article est en statut bloqué : toute la demande de réapprovisionnement est bloquée - Thunderbird,Helpdesk général,2021-11-18,09:26:15,00:03:59
stefano.crapanzano@chu.ulg.ac.be,Rédaction : Fwd: SDERP-18360 CLONE - P203 CHU IDoc 329798 statut 51 car un article est en statut bloqué : toute la demande de réapprovisionnement est bloquée - Thunderbird,Helpdesk général,2021-11-18,09:31:05,00:04:11
stefano.crapanzano@chu.ulg.ac.be,Rédaction : Fwd: SDERP-18360 CLONE - P203 CHU IDoc 329798 statut 51 car un article est en statut bloqué : toute la demande de réapprovisionnement est bloquée - Thunderbird,Helpdesk général,2021-11-18,09:35:25,00:03:25
stefano.crapanzano@chu.ulg.ac.be,Microsoft SQL Server Management Studio (Administrateur),IT,2021-11-18,09:16:49,00:00:11
stefano.crapanzano@chu.ulg.ac.be,Se connecter au serveur,IT,2021-11-18,09:16:46,00:00:02
stefano.crapanzano@chu.ulg.ac.be,SQLQuery1.sql - si-s-serv1126\COMMERP.CommERP_Prod (CHULG\c158492 (57))* - Microsoft SQL Server Management Studio (Administrateur),IT,2021-11-18,09:17:04,00:01:02
stefano.crapanzano@chu.ulg.ac.be,SQLQuery1.sql - si-s-serv1126\COMMERP.CommERP_Prod (CHULG\c158492 (57))* - Microsoft SQL Server Management Studio (Administrateur),IT,2021-11-18,09:23:11,00:00:05
stefano.crapanzano@chu.ulg.ac.be,SQLQuery1.sql - si-s-serv1126\COMMERP.CommERP_Prod (CHULG\c158492 (57))* - Microsoft SQL Server Management Studio (Administrateur),IT,2021-11-18,09:24:46,00:00:06
stefano.crapanzano@chu.ulg.ac.be,SQLQuery1.sql - si-s-serv1126\COMMERP.CommERP_Prod (CHULG\c158492 (57))* - Microsoft SQL Server Management Studio (Administrateur),IT,2021-11-18,09:25:06,00:00:07
stefano.crapanzano@chu.ulg.ac.be,SQLQuery1.sql - si-s-serv1126\COMMERP.CommERP_Prod (CHULG\c158492 (57))* - Microsoft SQL Server Management Studio (Administrateur),Helpdesk général,2021-11-18,09:30:15,00:00:09
stefano.crapanzano@chu.ulg.ac.be,SQLQuery1.sql - si-s-serv1126\COMMERP.CommERP_Prod (CHULG\c158492 (57))* - Microsoft SQL Server Management Studio (Administrateur),IT,2021-11-18,15:20:41,00:00:03
stefano.crapanzano@chu.ulg.ac.be,SQLQuery1.sql - si-s-serv1126\COMMERP.CommERP_Prod (CHULG\c158492 (57))* - Microsoft SQL Server Management Studio (Administrateur),IT,2021-11-18,16:41:23,00:00:05
stefano.crapanzano@chu.ulg.ac.be,SQLQuery1.sql - si-s-serv1126\COMMERP.CommERP_Prod (CHULG\c158492 (57))* - Microsoft SQL Server Management Studio (Administrateur),IT,2021-11-18,16:42:14,00:00:13
stefano.crapanzano@chu.ulg.ac.be,SQLQuery1.sql - si-s-serv1126\COMMERP.CommERP_Prod (CHULG\c158492 (57))* - Microsoft SQL Server Management Studio (Administrateur),IT,2021-11-18,16:44:11,00:00:03
stefano.crapanzano@chu.ulg.ac.be,SQLQuery1.sql - si-s-serv1126\COMMERP.CommERP_Prod (CHULG\c158492 (57))* - Microsoft SQL Server Management Studio (Administrateur),IT,2021-11-18,16:51:59,00:04:08
stefano.crapanzano@chu.ulg.ac.be,SQLQuery1.sql - si-s-serv1126\COMMERP.CommERP_Prod (CHULG\c158492 (57))* - Microsoft SQL Server Management Studio (Administrateur),IT,2021-11-18,16:56:17,00:00:04
stefano.crapanzano@chu.ulg.ac.be,SQLQuery1.sql - si-s-serv1126\COMMERP.CommERP_Prod (CHULG\c158492 (57))* - Microsoft SQL Server Management Studio (Administrateur),IT,2021-11-18,16:56:37,00:00:02
stefano.crapanzano@chu.ulg.ac.be,SQLQuery1.sql - si-s-serv1126\COMMERP.CommERP_Prod (CHULG\c158492 (57))* - Microsoft SQL Server Management Studio (Administrateur),IT,2021-11-18,16:56:48,00:00:10
stefano.crapanzano@chu.ulg.ac.be,SQLQuery1.sql - si-s-serv1126\COMMERP.CommERP_Prod (CHULG\c158492 (57))* - Microsoft SQL Server Management Studio (Administrateur),IT,2021-11-18,16:57:16,00:00:06
stefano.crapanzano@chu.ulg.ac.be,SQLQuery1.sql - si-s-serv1126\COMMERP.CommERP_Prod (CHULG\c158492 (57))* - Microsoft SQL Server Management Studio (Administrateur),IT,2021-11-18,16:57:32,00:00:03
stefano.crapanzano@chu.ulg.ac.be,SQLQuery1.sql - si-s-serv1126\COMMERP.CommERP_Prod (CHULG\c158492 (57))* - Microsoft SQL Server Management Studio (Administrateur),IT,2021-11-18,16:58:05,00:00:02
stefano.crapanzano@chu.ulg.ac.be,SQLQuery1.sql - si-s-serv1126\COMMERP.CommERP_Prod (CHULG\c158492 (57))* - Microsoft SQL Server Management Studio (Administrateur),IT,2021-11-18,16:59:00,00:00:04
stefano.crapanzano@chu.ulg.ac.be,ZORGI Help Center - Service d'assistance - Google Chrome,Tâches diverses,2021-11-18,09:22:51,00:00:05
stefano.crapanzano@chu.ulg.ac.be,ZORGI Help Center - Service d'assistance - Google Chrome,Tâches diverses,2021-11-18,10:24:55,00:00:02
stefano.crapanzano@chu.ulg.ac.be,ZORGI Help Center - Service d'assistance - Google Chrome,Tâches diverses,2021-11-18,13:48:52,00:00:02
stefano.crapanzano@chu.ulg.ac.be,Demandes - Service d'assistance - Google Chrome,Tâches diverses,2021-11-18,09:22:56,00:00:05
stefano.crapanzano@chu.ulg.ac.be,Demandes - Service d'assistance - Google Chrome,Tâches diverses,2021-11-18,09:57:28,00:00:35
stefano.crapanzano@chu.ulg.ac.be,Demandes - Service d'assistance - Google Chrome,Tâches diverses,2021-11-18,10:04:19,00:00:04
stefano.crapanzano@chu.ulg.ac.be,Demandes - Service d'assistance - Google Chrome,Tâches diverses,2021-11-18,10:05:00,00:00:20
stefano.crapanzano@chu.ulg.ac.be,Demandes - Service d'assistance - Google Chrome,Helpdesk général,2021-11-18,10:05:38,00:00:02
stefano.crapanzano@chu.ulg.ac.be,Demandes - Service d'assistance - Google Chrome,Tâches diverses,2021-11-18,10:06:23,00:00:04
stefano.crapanzano@chu.ulg.ac.be,Demandes - Service d'assistance - Google Chrome,Tâches diverses,2021-11-18,10:24:51,00:00:04
stefano.crapanzano@chu.ulg.ac.be,Demandes - Service d'assistance - Google Chrome,Tâches diverses,2021-11-18,10:29:33,00:00:02
stefano.crapanzano@chu.ulg.ac.be,Demandes - Service d'assistance - Google Chrome,Tâches diverses,2021-11-18,10:56:35,00:00:04
stefano.crapanzano@chu.ulg.ac.be,Demandes - Service d'assistance - Google Chrome,Tâches diverses,2021-11-18,10:58:31,00:00:10
stefano.crapanzano@chu.ulg.ac.be,Demandes - Service d'assistance - Google Chrome,Tâches diverses,2021-11-18,10:58:44,00:00:27
stefano.crapanzano@chu.ulg.ac.be,Demandes - Service d'assistance - Google Chrome,Tâches diverses,2021-11-18,10:59:28,00:00:06
stefano.crapanzano@chu.ulg.ac.be,Demandes - Service d'assistance - Google Chrome,Tâches diverses,2021-11-18,10:59:59,00:00:05
stefano.crapanzano@chu.ulg.ac.be,Demandes - Service d'assistance - Google Chrome,Tâches diverses,2021-11-18,11:00:44,00:00:02
stefano.crapanzano@chu.ulg.ac.be,Demandes - Service d'assistance - Google Chrome,Tâches diverses,2021-11-18,11:18:47,00:00:23
stefano.crapanzano@chu.ulg.ac.be,Demandes - Service d'assistance - Google Chrome,Tâches diverses,2021-11-18,11:19:21,00:00:02
stefano.crapanzano@chu.ulg.ac.be,Demandes - Service d'assistance - Google Chrome,Tâches diverses,2021-11-18,11:27:19,00:00:08
stefano.crapanzano@chu.ulg.ac.be,Demandes - Service d'assistance - Google Chrome,Tâches diverses,2021-11-18,11:28:00,00:00:08
stefano.crapanzano@chu.ulg.ac.be,Demandes - Service d'assistance - Google Chrome,Tâches diverses,2021-11-18,13:15:27,00:00:06
stefano.crapanzano@chu.ulg.ac.be,Demandes - Service d'assistance - Google Chrome,Tâches diverses,2021-11-18,13:19:07,00:00:06
stefano.crapanzano@chu.ulg.ac.be,Demandes - Service d'assistance - Google Chrome,Tâches diverses,2021-11-18,13:25:11,00:00:02
stefano.crapanzano@chu.ulg.ac.be,Demandes - Service d'assistance - Google Chrome,Tâches diverses,2021-11-18,13:40:38,00:00:04
stefano.crapanzano@chu.ulg.ac.be,Demandes - Service d'assistance - Google Chrome,Tâches diverses,2021-11-18,13:48:50,00:00:02
stefano.crapanzano@chu.ulg.ac.be,Demandes - Service d'assistance - Google Chrome,Tâches diverses,2021-11-18,15:45:48,00:00:08
stefano.crapanzano@chu.ulg.ac.be,Demandes - Service d'assistance - Google Chrome,Tâches diverses,2021-11-18,15:46:43,00:00:06
stefano.crapanzano@chu.ulg.ac.be,Demandes - Service d'assistance - Google Chrome,Tâches diverses,2021-11-18,15:46:53,00:00:17
stefano.crapanzano@chu.ulg.ac.be,Demandes - Service d'assistance - Google Chrome,Tâches diverses,2021-11-18,15:47:14,00:00:03
stefano.crapanzano@chu.ulg.ac.be,CLONE - P203 CHU IDoc 329798 statut 51 car un article est en statut bloqué : toute la demande de réapprovisionnement est bloquée - Xperthis ERP4HC 1.0 - Service d'assistance - Google Chrome,Tâches diverses,2021-11-18,09:23:02,00:00:06
stefano.crapanzano@chu.ulg.ac.be,CLONE - P203 CHU IDoc 329798 statut 51 car un article est en statut bloqué : toute la demande de réapprovisionnement est bloquée - Xperthis ERP4HC 1.0 - Service d'assistance - Google Chrome,Tâches diverses,2021-11-18,09:24:24,00:00:13
stefano.crapanzano@chu.ulg.ac.be,CLONE - P203 CHU IDoc 329798 statut 51 car un article est en statut bloqué : toute la demande de réapprovisionnement est bloquée - Xperthis ERP4HC 1.0 - Service d'assistance - Google Chrome,Tâches diverses,2021-11-18,09:24:55,00:00:09
stefano.crapanzano@chu.ulg.ac.be,CLONE - P203 CHU IDoc 329798 statut 51 car un article est en statut bloqué : toute la demande de réapprovisionnement est bloquée - Xperthis ERP4HC 1.0 - Service d'assistance - Google Chrome,Tâches diverses,2021-11-18,09:25:15,00:00:03
stefano.crapanzano@chu.ulg.ac.be,CLONE - P203 CHU IDoc 329798 statut 51 car un article est en statut bloqué : toute la demande de réapprovisionnement est bloquée - Xperthis ERP4HC 1.0 - Service d'assistance - Google Chrome,Tâches diverses,2021-11-18,09:35:19,00:00:03
stefano.crapanzano@chu.ulg.ac.be,CLONE - P203 CHU IDoc 329798 statut 51 car un article est en statut bloqué : toute la demande de réapprovisionnement est bloquée - Xperthis ERP4HC 1.0 - Service d'assistance - Google Chrome,Tâches diverses,2021-11-18,09:38:54,00:00:02
stefano.crapanzano@chu.ulg.ac.be,CLONE - P203 CHU IDoc 329798 statut 51 car un article est en statut bloqué : toute la demande de réapprovisionnement est bloquée - Xperthis ERP4HC 1.0 - Service d'assistance - Google Chrome,Tâches diverses,2021-11-18,09:41:56,00:00:06
stefano.crapanzano@chu.ulg.ac.be,CLONE - P203 CHU IDoc 329798 statut 51 car un article est en statut bloqué : toute la demande de réapprovisionnement est bloquée - Xperthis ERP4HC 1.0 - Service d'assistance - Google Chrome,Tâches diverses,2021-11-18,09:57:17,00:00:11
stefano.crapanzano@chu.ulg.ac.be,FileZilla,Helpdesk général,2021-11-18,09:23:21,00:00:02
stefano.crapanzano@chu.ulg.ac.be,Gestionnaire de Sites,Helpdesk général,2021-11-18,09:23:23,00:00:09
stefano.crapanzano@chu.ulg.ac.be,PE2_203 - sftp://PE2U2FTP@153.89.110.38 - FileZilla,Helpdesk général,2021-11-18,09:23:33,00:00:35
stefano.crapanzano@chu.ulg.ac.be,PE2_203 - sftp://PE2U2FTP@153.89.110.38 - FileZilla,Helpdesk général,2021-11-18,09:40:11,00:00:27
stefano.crapanzano@chu.ulg.ac.be,PE2_203 - sftp://PE2U2FTP@153.89.110.38 - FileZilla,Helpdesk général,2021-11-18,09:40:40,00:00:02
stefano.crapanzano@chu.ulg.ac.be,PE2_203 - sftp://PE2U2FTP@153.89.110.38 - FileZilla,Helpdesk général,2021-11-18,09:41:00,00:00:14
stefano.crapanzano@chu.ulg.ac.be,PE2_203 - sftp://PE2U2FTP@153.89.110.38 - FileZilla,Helpdesk général,2021-11-18,15:21:26,00:00:35
stefano.crapanzano@chu.ulg.ac.be,PE2_203 - sftp://PE2U2FTP@153.89.110.38 - FileZilla,Helpdesk général,2021-11-18,16:56:07,00:00:09
stefano.crapanzano@chu.ulg.ac.be,PE2_203 - sftp://PE2U2FTP@153.89.110.38 - FileZilla,Helpdesk général,2021-11-18,16:56:21,00:00:16
stefano.crapanzano@chu.ulg.ac.be,SAP Logon 760,Exploration SAP,2021-11-18,09:25:36,00:00:05
stefano.crapanzano@chu.ulg.ac.be,SAP Logon 760,Exploration SAP,2021-11-18,12:49:32,00:00:04
stefano.crapanzano@chu.ulg.ac.be,Sapgui Splash Screen,Exploration SAP,2021-11-18,09:25:34,00:00:02
stefano.crapanzano@chu.ulg.ac.be,SAP Easy Access Menu de base Applications financières-économiques,Exploration SAP,2021-11-18,09:25:42,00:00:19
stefano.crapanzano@chu.ulg.ac.be,SAP Easy Access Menu de base Applications financières-économiques,Exploration SAP,2021-11-18,10:20:14,00:00:03
stefano.crapanzano@chu.ulg.ac.be,SAP Easy Access Menu de base Applications financières-économiques,Exploration SAP,2021-11-18,10:22:26,00:00:04
stefano.crapanzano@chu.ulg.ac.be,SAP Easy Access Menu de base Applications financières-économiques,Exploration SAP,2021-11-18,10:23:12,00:00:41
stefano.crapanzano@chu.ulg.ac.be,SAP Easy Access Menu de base Applications financières-économiques,Exploration SAP,2021-11-18,12:50:18,00:00:09
stefano.crapanzano@chu.ulg.ac.be,SAP Easy Access Menu de base Applications financières-économiques,Exploration SAP,2021-11-18,12:52:04,00:00:05
stefano.crapanzano@chu.ulg.ac.be,SAP Easy Access Menu de base Applications financières-économiques,Exploration SAP,2021-11-18,13:14:59,00:00:02
stefano.crapanzano@chu.ulg.ac.be,SAP Easy Access Menu de base Applications financières-économiques,Exploration SAP,2021-11-18,13:15:11,00:00:03
stefano.crapanzano@chu.ulg.ac.be,SAP Easy Access Menu de base Applications financières-économiques,Exploration SAP,2021-11-18,13:15:16,00:00:08
stefano.crapanzano@chu.ulg.ac.be,SAP Easy Access Menu de base Applications financières-économiques,Exploration SAP,2021-11-18,13:40:01,00:00:05
stefano.crapanzano@chu.ulg.ac.be,SAP Easy Access Menu de base Applications financières-économiques,Exploration SAP,2021-11-18,13:40:51,00:00:10
stefano.crapanzano@chu.ulg.ac.be,SAP Easy Access Menu de base Applications financières-économiques,Exploration SAP,2021-11-18,13:47:58,00:00:02
stefano.crapanzano@chu.ulg.ac.be,SAP Easy Access Menu de base Applications financières-économiques,Exploration SAP,2021-11-18,13:54:28,00:00:13
stefano.crapanzano@chu.ulg.ac.be,SAP Easy Access Menu de base Applications financières-économiques,Exploration SAP,2021-11-18,13:54:52,00:00:03
stefano.crapanzano@chu.ulg.ac.be,SAP Easy Access Menu de base Applications financières-économiques,Helpdesk général,2021-11-18,14:03:51,00:00:05
stefano.crapanzano@chu.ulg.ac.be,SAP Easy Access Menu de base Applications financières-économiques,Exploration SAP,2021-11-18,14:10:32,00:00:05
stefano.crapanzano@chu.ulg.ac.be,Afficher article (Initial Screen),Exploration SAP,2021-11-18,09:30:27,00:00:02
stefano.crapanzano@chu.ulg.ac.be,Afficher article (Initial Screen),Exploration SAP,2021-11-18,10:19:29,00:00:02
stefano.crapanzano@chu.ulg.ac.be,Afficher article (Initial Screen),Exploration SAP,2021-11-18,10:20:11,00:00:02
stefano.crapanzano@chu.ulg.ac.be,Afficher article (Initial Screen),Exploration SAP,2021-11-18,10:22:47,00:00:02
stefano.crapanzano@chu.ulg.ac.be,Afficher article (Initial Screen),Exploration SAP,2021-11-18,10:22:59,00:00:13
stefano.crapanzano@chu.ulg.ac.be,Select View(s),Exploration SAP,2021-11-18,09:26:03,00:00:02
stefano.crapanzano@chu.ulg.ac.be,Select View(s),Exploration SAP,2021-11-18,10:22:31,00:00:02
stefano.crapanzano@chu.ulg.ac.be,TypeAheadPopup,Exploration SAP,2021-11-18,09:26:06,00:00:02
stefano.crapanzano@chu.ulg.ac.be,TypeAheadPopup,Exploration SAP,2021-11-18,13:48:02,00:00:12
stefano.crapanzano@chu.ulg.ac.be,TypeAheadPopup,Exploration SAP,2021-11-18,14:03:57,00:00:04
stefano.crapanzano@chu.ulg.ac.be,TypeAheadPopup,Exploration SAP,2021-11-18,14:10:52,00:00:05
stefano.crapanzano@chu.ulg.ac.be,Afficher article 14690 (Données de base  ARTICLE WM non valorisé),Exploration SAP,2021-11-18,09:26:11,00:00:02
stefano.crapanzano@chu.ulg.ac.be,Afficher article 21604 (ARTICLE WM non valorisé),Exploration SAP,2021-11-18,09:30:34,00:00:04
stefano.crapanzano@chu.ulg.ac.be,Afficher article 21604 (ARTICLE WM non valorisé),Exploration SAP,2021-11-18,09:30:44,00:00:05
stefano.crapanzano@chu.ulg.ac.be,Afficher article 21604 (ARTICLE WM non valorisé),Exploration SAP,2021-11-18,10:19:27,00:00:02
stefano.crapanzano@chu.ulg.ac.be,Afficher article 21604 (Données de base  ARTICLE WM non valorisé),Exploration SAP,2021-11-18,09:30:38,00:00:05
stefano.crapanzano@chu.ulg.ac.be,Greenshot capture form,Helpdesk général,2021-11-18,09:30:49,00:00:05
stefano.crapanzano@chu.ulg.ac.be,Greenshot capture form,Helpdesk général,2021-11-18,10:25:21,00:00:10
stefano.crapanzano@chu.ulg.ac.be,Greenshot capture form,Helpdesk général,2021-11-18,10:25:34,00:00:06
stefano.crapanzano@chu.ulg.ac.be,Greenshot capture form,Helpdesk général,2021-11-18,13:46:18,00:00:04
stefano.crapanzano@chu.ulg.ac.be,Greenshot capture form,Helpdesk général,2021-11-18,13:48:34,00:00:06
stefano.crapanzano@chu.ulg.ac.be,Greenshot Éditeur d'Image,Helpdesk général,2021-11-18,09:30:56,00:00:06
stefano.crapanzano@chu.ulg.ac.be,Greenshot Éditeur d'Image,Helpdesk général,2021-11-18,15:43:04,00:00:02
stefano.crapanzano@chu.ulg.ac.be,Vérification de l’orthographe,Helpdesk général,2021-11-18,09:38:50,00:00:02
stefano.crapanzano@chu.ulg.ac.be,Vérification de l’orthographe,Helpdesk général,2021-11-18,13:24:33,00:00:02
stefano.crapanzano@chu.ulg.ac.be,Vérification de l’orthographe,Helpdesk général,2021-11-18,15:22:37,00:00:02
stefano.crapanzano@chu.ulg.ac.be,Vérification de l’orthographe,Helpdesk général,2021-11-18,16:44:07,00:00:02
stefano.crapanzano@chu.ulg.ac.be,Rédaction : Re: TR: erreur chargement - Thunderbird,Helpdesk général,2021-11-18,09:41:18,00:00:26
stefano.crapanzano@chu.ulg.ac.be,ecriture_comptable_répartition_analyse_082021_v04.xlsx  [Lecture seule] - Excel,Tâches diverses,2021-11-18,09:52:02,00:02:18
stefano.crapanzano@chu.ulg.ac.be,ecriture_comptable_répartition_analyse_082021_v04.xlsx  [Lecture seule] - Excel,Tâches diverses,2021-11-18,11:28:39,00:08:17
stefano.crapanzano@chu.ulg.ac.be,ecriture_comptable_répartition_analyse_082021_v04.xlsx  [Lecture seule] - Excel,Tâches diverses,2021-11-18,11:36:58,00:04:03
stefano.crapanzano@chu.ulg.ac.be,ecriture_comptable_répartition_analyse_082021_v04.xlsx  [Lecture seule] - Excel,Tâches diverses,2021-11-18,15:42:55,00:00:03
stefano.crapanzano@chu.ulg.ac.be,Encours_202003.xlsx - Excel,Tâches diverses,2021-11-18,09:54:46,00:00:18
stefano.crapanzano@chu.ulg.ac.be,Encours_202003.xlsx - Excel,Tâches diverses,2021-11-18,11:15:17,00:03:26
stefano.crapanzano@chu.ulg.ac.be,image(40).png (737×175) - Google Chrome,Tâches diverses,2021-11-18,09:56:31,00:00:12
stefano.crapanzano@chu.ulg.ac.be,P203 CHU Accès à SSP  SAP Libération des factures et Fiori impossible en VPN - Xperthis ERP4HC 1.0 - Service d'assistance - Google Chrome,Tâches diverses,2021-11-18,09:58:04,00:02:40
stefano.crapanzano@chu.ulg.ac.be,P203 CHU Accès à SSP  SAP Libération des factures et Fiori impossible en VPN - Xperthis ERP4HC 1.0 - Service d'assistance - Google Chrome,Tâches diverses,2021-11-18,10:56:39,00:01:51
stefano.crapanzano@chu.ulg.ac.be,P203 CHU Accès à SSP  SAP Libération des factures et Fiori impossible en VPN - Xperthis ERP4HC 1.0 - Service d'assistance - Google Chrome,Tâches diverses,2021-11-18,11:26:27,00:00:52
stefano.crapanzano@chu.ulg.ac.be,Quantité à commander ne vient pas de ZMMARTIKEL sur A03 - Xperthis ERP4HC 2.0 Rollout - Service d'assistance - Google Chrome,Tâches diverses,2021-11-18,10:03:32,00:00:10
stefano.crapanzano@chu.ulg.ac.be,Quantité à commander ne vient pas de ZMMARTIKEL sur A03 - Xperthis ERP4HC 2.0 Rollout - Service d'assistance - Google Chrome,Tâches diverses,2021-11-18,10:04:23,00:00:37
stefano.crapanzano@chu.ulg.ac.be,Quantité à commander ne vient pas de ZMMARTIKEL sur A03 - Xperthis ERP4HC 2.0 Rollout - Service d'assistance - Google Chrome,Tâches diverses,2021-11-18,10:07:45,00:00:23
stefano.crapanzano@chu.ulg.ac.be,Quantité à commander ne vient pas de ZMMARTIKEL sur A03 - Xperthis ERP4HC 2.0 Rollout - Service d'assistance - Google Chrome,Tâches diverses,2021-11-18,10:29:26,00:00:06
stefano.crapanzano@chu.ulg.ac.be,Quantité à commander ne vient pas de ZMMARTIKEL sur A03 - Xperthis ERP4HC 2.0 Rollout - Service d'assistance - Google Chrome,Tâches diverses,2021-11-18,13:19:14,00:00:04
stefano.crapanzano@chu.ulg.ac.be,Quantité à commander ne vient pas de ZMMARTIKEL sur A03 - Xperthis ERP4HC 2.0 Rollout - Service d'assistance - Google Chrome,Tâches diverses,2021-11-18,13:48:47,00:00:02
stefano.crapanzano@chu.ulg.ac.be,SSP + Approbation + Workflow Approval inaccessible sur A03 - Xperthis ERP4HC 2.0 Rollout - Service d'assistance - Google Chrome,Tâches diverses,2021-11-18,10:03:43,00:00:33
stefano.crapanzano@chu.ulg.ac.be,CHR/U - CHU - URL's PE2 + AE2 + X01 - OneNote,Exploration SAP,2021-11-18,13:02:56,00:00:08
stefano.crapanzano@chu.ulg.ac.be,Page d'accueil - Google Chrome,Tâches diverses,2021-11-18,10:08:34,00:00:09
stefano.crapanzano@chu.ulg.ac.be,Page d'accueil - Google Chrome,Tâches diverses,2021-11-18,10:09:01,00:00:07
stefano.crapanzano@chu.ulg.ac.be,Page d'accueil - Google Chrome,Tâches diverses,2021-11-18,13:17:05,00:00:03
stefano.crapanzano@chu.ulg.ac.be,Page d'accueil - Google Chrome,Tâches diverses,2021-11-18,14:22:41,00:00:08
stefano.crapanzano@chu.ulg.ac.be,Créer une demande d'achat - Google Chrome,Tâches diverses,2021-11-18,10:08:43,00:00:17
stefano.crapanzano@chu.ulg.ac.be,Options par défaut pour utilisateurs - Google Chrome,Tâches diverses,2021-11-18,10:09:08,00:10:16
stefano.crapanzano@chu.ulg.ac.be,Options par défaut pour utilisateurs - Google Chrome,Tâches diverses,2021-11-18,10:24:43,00:00:08
stefano.crapanzano@chu.ulg.ac.be,Options par défaut pour utilisateurs - Google Chrome,Tâches diverses,2021-11-18,11:00:04,00:00:02
stefano.crapanzano@chu.ulg.ac.be,Options par défaut pour utilisateurs - Google Chrome,Tâches diverses,2021-11-18,13:17:09,00:00:16
stefano.crapanzano@chu.ulg.ac.be,Options par défaut pour utilisateurs - Google Chrome,Tâches diverses,2021-11-18,13:17:44,00:00:02
stefano.crapanzano@chu.ulg.ac.be,Options par défaut pour utilisateurs - Google Chrome,Tâches diverses,2021-11-18,13:17:48,00:00:06
stefano.crapanzano@chu.ulg.ac.be,Options par défaut pour utilisateurs - Google Chrome,Tâches diverses,2021-11-18,13:25:45,00:00:07
stefano.crapanzano@chu.ulg.ac.be,Options par défaut pour utilisateurs - Google Chrome,Tâches diverses,2021-11-18,13:40:35,00:00:02
stefano.crapanzano@chu.ulg.ac.be,Options par défaut pour utilisateurs - Google Chrome,Tâches diverses,2021-11-18,13:47:25,00:00:26
stefano.crapanzano@chu.ulg.ac.be,Options par défaut pour utilisateurs - Google Chrome,Tâches diverses,2021-11-18,13:48:43,00:00:03
stefano.crapanzano@chu.ulg.ac.be,Options par défaut pour utilisateurs - Google Chrome,Tâches diverses,2021-11-18,14:20:52,00:00:22
stefano.crapanzano@chu.ulg.ac.be,Options par défaut pour utilisateurs - Google Chrome,Tâches diverses,2021-11-18,14:21:37,00:01:04
stefano.crapanzano@chu.ulg.ac.be,Numéro d'article (1),Exploration SAP,2021-11-18,10:19:32,00:00:15
stefano.crapanzano@chu.ulg.ac.be,Numéro d'article (1),Exploration SAP,2021-11-18,10:19:53,00:00:18
stefano.crapanzano@chu.ulg.ac.be,Numéro d'article (1),Exploration SAP,2021-11-18,10:22:35,00:00:11
stefano.crapanzano@chu.ulg.ac.be,Numéro d'article (1),Exploration SAP,2021-11-18,10:22:50,00:00:09
stefano.crapanzano@chu.ulg.ac.be,Type d'article   18 Entrées trouvées,Exploration SAP,2021-11-18,10:19:47,00:00:05
stefano.crapanzano@chu.ulg.ac.be,Gestion des utilisateurs : écran initial,Exploration SAP,2021-11-18,10:20:18,00:00:09
stefano.crapanzano@chu.ulg.ac.be,Gestion des utilisateurs : écran initial,Exploration SAP,2021-11-18,10:22:01,00:00:21
stefano.crapanzano@chu.ulg.ac.be,Gestion des utilisateurs : écran initial,Exploration SAP,2021-11-18,10:23:53,00:00:03
stefano.crapanzano@chu.ulg.ac.be,Gestion des utilisateurs : écran initial,Exploration SAP,2021-11-18,13:48:14,00:00:02
stefano.crapanzano@chu.ulg.ac.be,Gestion des utilisateurs : écran initial,Exploration SAP,2021-11-18,13:49:44,00:00:03
stefano.crapanzano@chu.ulg.ac.be,Gestion des utilisateurs : écran initial,Exploration SAP,2021-11-18,14:04:01,00:00:02
stefano.crapanzano@chu.ulg.ac.be,Gestion des utilisateurs : écran initial,Exploration SAP,2021-11-18,14:04:17,00:00:03
stefano.crapanzano@chu.ulg.ac.be,Gestion des utilisateurs : écran initial,Exploration SAP,2021-11-18,14:10:29,00:00:02
stefano.crapanzano@chu.ulg.ac.be,Afficher utilisateur,Exploration SAP,2021-11-18,10:20:27,00:01:33
stefano.crapanzano@chu.ulg.ac.be,Afficher utilisateur,Exploration SAP,2021-11-18,10:23:57,00:00:43
stefano.crapanzano@chu.ulg.ac.be,Afficher utilisateur,Exploration SAP,2021-11-18,10:28:06,00:00:02
stefano.crapanzano@chu.ulg.ac.be,Afficher utilisateur,Tâches diverses,2021-11-18,10:28:30,00:00:02
stefano.crapanzano@chu.ulg.ac.be,Afficher utilisateur,Exploration SAP,2021-11-18,13:48:16,00:00:02
stefano.crapanzano@chu.ulg.ac.be,Question ERP for HealthCare - Xperthis ERP4HC 2.0 Rollout - Service d'assistance - Google Chrome,Tâches diverses,2021-11-18,10:24:58,00:00:03
stefano.crapanzano@chu.ulg.ac.be,Question ERP for HealthCare - Xperthis ERP4HC 2.0 Rollout - Service d'assistance - Google Chrome,Tâches diverses,2021-11-18,10:25:43,00:00:02
stefano.crapanzano@chu.ulg.ac.be,Question ERP for HealthCare - Xperthis ERP4HC 2.0 Rollout - Service d'assistance - Google Chrome,Tâches diverses,2021-11-18,10:25:54,00:02:09
stefano.crapanzano@chu.ulg.ac.be,Question ERP for HealthCare - Xperthis ERP4HC 2.0 Rollout - Service d'assistance - Google Chrome,Tâches diverses,2021-11-18,10:28:08,00:00:21
stefano.crapanzano@chu.ulg.ac.be,Question ERP for HealthCare - Xperthis ERP4HC 2.0 Rollout - Service d'assistance - Google Chrome,Tâches diverses,2021-11-18,10:28:32,00:00:54
stefano.crapanzano@chu.ulg.ac.be,Accueil - Mozilla Thunderbird,Helpdesk général,2021-11-18,10:25:17,00:00:03
stefano.crapanzano@chu.ulg.ac.be,Accueil - Mozilla Thunderbird,Helpdesk général,2021-11-18,10:25:31,00:00:02
stefano.crapanzano@chu.ulg.ac.be,Accueil - Mozilla Thunderbird,Helpdesk général,2021-11-18,10:30:36,00:00:04
stefano.crapanzano@chu.ulg.ac.be,Ouvrir,Tâches diverses,2021-11-18,10:25:46,00:00:07
stefano.crapanzano@chu.ulg.ac.be,Ouvrir,Tâches diverses,2021-11-18,10:30:19,00:00:02
stefano.crapanzano@chu.ulg.ac.be,Ouvrir,Tâches diverses,2021-11-18,15:17:45,00:00:16
stefano.crapanzano@chu.ulg.ac.be,Xperthis ERP4HC 1.0 - Service d'assistance - Google Chrome,Tâches diverses,2021-11-18,10:29:37,00:00:04
stefano.crapanzano@chu.ulg.ac.be,Question ERP for HealthCare - Xperthis ERP4HC 1.0 - Service d'assistance - Google Chrome,Tâches diverses,2021-11-18,10:29:42,00:00:37
stefano.crapanzano@chu.ulg.ac.be,Question ERP for HealthCare - Xperthis ERP4HC 1.0 - Service d'assistance - Google Chrome,Tâches diverses,2021-11-18,10:30:22,00:00:05
stefano.crapanzano@chu.ulg.ac.be,MM03 - Enlever la valeur par défaut dans la zone Type d'article - Xperthis ERP4HC 1.0 - Service d'assistance - Google Chrome,Tâches diverses,2021-11-18,10:30:28,00:00:08
stefano.crapanzano@chu.ulg.ac.be,MM03 - Enlever la valeur par défaut dans la zone Type d'article - Xperthis ERP4HC 1.0 - Service d'assistance - Google Chrome,Tâches diverses,2021-11-18,10:31:08,00:00:04
stefano.crapanzano@chu.ulg.ac.be,MM03 - Enlever la valeur par défaut dans la zone Type d'article - Xperthis ERP4HC 1.0 - Service d'assistance - Google Chrome,Helpdesk général,2021-11-18,10:56:29,00:00:05
stefano.crapanzano@chu.ulg.ac.be,Rédaction : Re: - Thunderbird,Helpdesk général,2021-11-18,10:30:40,00:00:26
stefano.crapanzano@chu.ulg.ac.be,Rédaction : Re: - Thunderbird,Helpdesk général,2021-11-18,10:31:13,00:00:02
stefano.crapanzano@chu.ulg.ac.be,Rédaction : Re: MM03 - Enlever la valeur par défaut dans la zone Type d'article - Thunderbird,Helpdesk général,2021-11-18,10:31:16,00:00:02
stefano.crapanzano@chu.ulg.ac.be,SSP - Interface vide sur A03 - Xperthis ERP4HC 2.0 Rollout - Service d'assistance - Google Chrome,Tâches diverses,2021-11-18,10:58:42,00:00:02
stefano.crapanzano@chu.ulg.ac.be,SSP - Interface vide sur A03 - Xperthis ERP4HC 2.0 Rollout - Service d'assistance - Google Chrome,Tâches diverses,2021-11-18,13:15:34,00:01:23
stefano.crapanzano@chu.ulg.ac.be,SSP - Interface vide sur A03 - Xperthis ERP4HC 2.0 Rollout - Service d'assistance - Google Chrome,Tâches diverses,2021-11-18,13:17:59,00:00:37
stefano.crapanzano@chu.ulg.ac.be,SSP - Interface vide sur A03 - Xperthis ERP4HC 2.0 Rollout - Service d'assistance - Google Chrome,Tâches diverses,2021-11-18,13:18:51,00:00:09
stefano.crapanzano@chu.ulg.ac.be,SSP - Interface vide sur A03 - Xperthis ERP4HC 2.0 Rollout - Service d'assistance - Google Chrome,Tâches diverses,2021-11-18,13:19:03,00:00:04
stefano.crapanzano@chu.ulg.ac.be,SSP - Interface vide sur A03 - Xperthis ERP4HC 2.0 Rollout - Service d'assistance - Google Chrome,Tâches diverses,2021-11-18,13:19:18,00:01:42
stefano.crapanzano@chu.ulg.ac.be,SSP - Interface vide sur A03 - Xperthis ERP4HC 2.0 Rollout - Service d'assistance - Google Chrome,Tâches diverses,2021-11-18,13:21:02,00:00:02
stefano.crapanzano@chu.ulg.ac.be,SSP - Interface vide sur A03 - Xperthis ERP4HC 2.0 Rollout - Service d'assistance - Google Chrome,Tâches diverses,2021-11-18,13:25:01,00:00:09
stefano.crapanzano@chu.ulg.ac.be,SSP - Interface vide sur A03 - Xperthis ERP4HC 2.0 Rollout - Service d'assistance - Google Chrome,Tâches diverses,2021-11-18,13:25:13,00:00:30
stefano.crapanzano@chu.ulg.ac.be,SSP - Interface vide sur A03 - Xperthis ERP4HC 2.0 Rollout - Service d'assistance - Google Chrome,Tâches diverses,2021-11-18,13:40:42,00:00:03
stefano.crapanzano@chu.ulg.ac.be,SSP - Interface vide sur A03 - Xperthis ERP4HC 2.0 Rollout - Service d'assistance - Google Chrome,Tâches diverses,2021-11-18,13:43:59,00:02:15
stefano.crapanzano@chu.ulg.ac.be,SSP - Interface vide sur A03 - Xperthis ERP4HC 2.0 Rollout - Service d'assistance - Google Chrome,Tâches diverses,2021-11-18,13:46:25,00:00:02
stefano.crapanzano@chu.ulg.ac.be,SSP - Interface vide sur A03 - Xperthis ERP4HC 2.0 Rollout - Service d'assistance - Google Chrome,Tâches diverses,2021-11-18,13:46:29,00:00:09
stefano.crapanzano@chu.ulg.ac.be,SSP - Interface vide sur A03 - Xperthis ERP4HC 2.0 Rollout - Service d'assistance - Google Chrome,Tâches diverses,2021-11-18,13:47:03,00:00:05
stefano.crapanzano@chu.ulg.ac.be,SSP - Interface vide sur A03 - Xperthis ERP4HC 2.0 Rollout - Service d'assistance - Google Chrome,Tâches diverses,2021-11-18,14:11:27,00:00:11
stefano.crapanzano@chu.ulg.ac.be,SSP - Interface vide sur A03 - Xperthis ERP4HC 2.0 Rollout - Service d'assistance - Google Chrome,Tâches diverses,2021-11-18,14:20:50,00:00:02
stefano.crapanzano@chu.ulg.ac.be,SSP - Interface vide sur A03 - Xperthis ERP4HC 2.0 Rollout - Service d'assistance - Google Chrome,Tâches diverses,2021-11-18,15:45:25,00:00:22
stefano.crapanzano@chu.ulg.ac.be,Transaction ZSM30_ZMAT_CC_ONTV non accessible - Xperthis ERP4HC 2.0 Rollout - Service d'assistance - Google Chrome,Tâches diverses,2021-11-18,10:59:12,00:00:15
stefano.crapanzano@chu.ulg.ac.be,P203 CHU MM03 - Enlever la valeur par défaut dans la zone Type d'article - Xperthis ERP4HC 1.0 - Service d'assistance - Google Chrome,Tâches diverses,2021-11-18,10:59:35,00:00:24
stefano.crapanzano@chu.ulg.ac.be,P203 CHU MM03 - Enlever la valeur par défaut dans la zone Type d'article - Xperthis ERP4HC 1.0 - Service d'assistance - Google Chrome,Tâches diverses,2021-11-18,11:27:28,00:00:32
stefano.crapanzano@chu.ulg.ac.be,SAM-DB : Approbation SAP - Google Chrome,Tâches diverses,2021-11-18,11:12:13,00:01:00
stefano.crapanzano@chu.ulg.ac.be,SAM-DB : Profil utilisateur dans un dossier C104444.CHULG au lieu de C104444 - Google Chrome,Tâches diverses,2021-11-18,11:13:30,00:00:21
stefano.crapanzano@chu.ulg.ac.be,Home - Google Chrome,Tâches diverses,2021-11-18,12:47:42,00:00:05
stefano.crapanzano@chu.ulg.ac.be,Connectez-vous à votre compte - Google Chrome,Tâches diverses,2021-11-18,12:47:48,00:01:39
stefano.crapanzano@chu.ulg.ac.be,Connectez-vous à votre compte - Google Chrome,Tâches diverses,2021-11-18,12:49:30,00:00:02
stefano.crapanzano@chu.ulg.ac.be,Connectez-vous à votre compte - Google Chrome,Tâches diverses,2021-11-18,12:57:19,00:00:02
stefano.crapanzano@chu.ulg.ac.be,SAP GUI for Windows 760,Tâches diverses,2021-11-18,12:49:27,00:00:02
stefano.crapanzano@chu.ulg.ac.be,SAP GUI for Windows 760,Exploration SAP,2021-11-18,16:11:29,00:09:42
stefano.crapanzano@chu.ulg.ac.be,SAP,Exploration SAP,2021-11-18,12:49:36,00:00:16
stefano.crapanzano@chu.ulg.ac.be,Exporter/importer lien entre Réceptionnaire et Centre de coûts,Exploration SAP,2021-11-18,12:49:58,00:00:20
stefano.crapanzano@chu.ulg.ac.be,Exporter/importer lien entre Réceptionnaire et Centre de coûts,Exploration SAP,2021-11-18,12:57:23,00:00:02
stefano.crapanzano@chu.ulg.ac.be,Exporter/importer lien entre Réceptionnaire et Centre de coûts,Exploration SAP,2021-11-18,12:58:13,00:00:02
stefano.crapanzano@chu.ulg.ac.be,Exporter/importer lien entre Réceptionnaire et Centre de coûts,Exploration SAP,2021-11-18,12:58:17,00:04:38
stefano.crapanzano@chu.ulg.ac.be,Exporter/importer lien entre Réceptionnaire et Centre de coûts,Exploration SAP,2021-11-18,13:14:45,00:00:04
stefano.crapanzano@chu.ulg.ac.be,Exporter/importer lien entre Réceptionnaire et Centre de coûts,Exploration SAP,2021-11-18,14:02:57,00:00:02
stefano.crapanzano@chu.ulg.ac.be,Attributs dans Gestion de l'organisation Modifier,Exploration SAP,2021-11-18,12:50:28,00:00:02
stefano.crapanzano@chu.ulg.ac.be,Attributs dans Gestion de l'organisation Modifier,Exploration SAP,2021-11-18,12:50:37,00:01:27
stefano.crapanzano@chu.ulg.ac.be,Attributs dans Gestion de l'organisation Modifier,Exploration SAP,2021-11-18,12:52:09,00:00:02
stefano.crapanzano@chu.ulg.ac.be,Attributs dans Gestion de l'organisation Modifier,Exploration SAP,2021-11-18,12:53:05,00:03:05
stefano.crapanzano@chu.ulg.ac.be,Attributs dans Gestion de l'organisation Modifier,Exploration SAP,2021-11-18,12:57:12,00:00:02
stefano.crapanzano@chu.ulg.ac.be,Attributs dans Gestion de l'organisation Modifier,Exploration SAP,2021-11-18,12:57:27,00:00:05
stefano.crapanzano@chu.ulg.ac.be,Attributs dans Gestion de l'organisation Modifier,Exploration SAP,2021-11-18,12:57:35,00:00:03
stefano.crapanzano@chu.ulg.ac.be,Attributs dans Gestion de l'organisation Modifier,Exploration SAP,2021-11-18,13:18:46,00:00:03
stefano.crapanzano@chu.ulg.ac.be,Attributs dans Gestion de l'organisation Modifier,Exploration SAP,2021-11-18,13:54:24,00:00:02
stefano.crapanzano@chu.ulg.ac.be,Rechercher Poste,Exploration SAP,2021-11-18,12:50:30,00:00:06
stefano.crapanzano@chu.ulg.ac.be,Rechercher Poste,Exploration SAP,2021-11-18,12:57:32,00:00:02
stefano.crapanzano@chu.ulg.ac.be,Gérer objet,Exploration SAP,2021-11-18,12:52:12,00:00:17
stefano.crapanzano@chu.ulg.ac.be,Gérer objet,Exploration SAP,2021-11-18,12:52:35,00:00:06
stefano.crapanzano@chu.ulg.ac.be,Gérer objet,Exploration SAP,2021-11-18,12:52:47,00:00:09
stefano.crapanzano@chu.ulg.ac.be,Gérer objet,Exploration SAP,2021-11-18,12:56:15,00:00:03
stefano.crapanzano@chu.ulg.ac.be,Gérer objet,Exploration SAP,2021-11-18,13:40:06,00:00:14
stefano.crapanzano@chu.ulg.ac.be,Gérer objet,Exploration SAP,2021-11-18,13:46:43,00:00:02
stefano.crapanzano@chu.ulg.ac.be,Gérer objet,Exploration SAP,2021-11-18,13:46:53,00:00:03
stefano.crapanzano@chu.ulg.ac.be,Gérer objet,Exploration SAP,2021-11-18,14:06:01,00:00:10
stefano.crapanzano@chu.ulg.ac.be,Poste (3),Exploration SAP,2021-11-18,12:52:29,00:00:04
stefano.crapanzano@chu.ulg.ac.be,Poste (3),Exploration SAP,2021-11-18,13:46:45,00:00:05
stefano.crapanzano@chu.ulg.ac.be,Afficher Objet,Exploration SAP,2021-11-18,12:52:41,00:00:05
stefano.crapanzano@chu.ulg.ac.be,Afficher Gestion générale attribut,Exploration SAP,2021-11-18,12:52:56,00:00:05
stefano.crapanzano@chu.ulg.ac.be,Afficher Gestion générale attribut,Exploration SAP,2021-11-18,12:56:12,00:00:02
stefano.crapanzano@chu.ulg.ac.be,Afficher Gestion générale attribut,Exploration SAP,2021-11-18,13:40:21,00:00:11
stefano.crapanzano@chu.ulg.ac.be,Afficher Gestion générale attribut,Exploration SAP,2021-11-18,13:46:40,00:00:02
stefano.crapanzano@chu.ulg.ac.be,Afficher Gestion générale attribut,Exploration SAP,2021-11-18,13:46:57,00:00:04
stefano.crapanzano@chu.ulg.ac.be,Afficher Gestion générale attribut,Exploration SAP,2021-11-18,13:47:08,00:00:04
stefano.crapanzano@chu.ulg.ac.be,Données bloquées,Exploration SAP,2021-11-18,12:56:19,00:00:07
stefano.crapanzano@chu.ulg.ac.be,Données bloquées,Exploration SAP,2021-11-18,13:15:01,00:00:09
stefano.crapanzano@chu.ulg.ac.be,Données bloquées,Exploration SAP,2021-11-18,13:25:56,00:00:06
stefano.crapanzano@chu.ulg.ac.be,Données bloquées,Exploration SAP,2021-11-18,13:41:02,00:00:05
stefano.crapanzano@chu.ulg.ac.be,Afficher vue  ?  : synthèse,Exploration SAP,2021-11-18,12:56:27,00:00:43
stefano.crapanzano@chu.ulg.ac.be,Afficher vue  ?  : synthèse,Exploration SAP,2021-11-18,12:57:45,00:00:26
stefano.crapanzano@chu.ulg.ac.be,Afficher vue  ?  : synthèse,Exploration SAP,2021-11-18,13:14:53,00:00:05
stefano.crapanzano@chu.ulg.ac.be,Afficher vue  ?  : synthèse,Exploration SAP,2021-11-18,13:41:08,00:02:46
stefano.crapanzano@chu.ulg.ac.be,Afficher vue  ?  : synthèse,Exploration SAP,2021-11-18,13:43:55,00:00:02
stefano.crapanzano@chu.ulg.ac.be,Afficher vue  ?  : synthèse,Exploration SAP,2021-11-18,13:47:54,00:00:03
stefano.crapanzano@chu.ulg.ac.be,Connexion - Google Chrome,Tâches diverses,2021-11-18,13:03:05,00:00:16
stefano.crapanzano@chu.ulg.ac.be,Connexion - Google Chrome,Tâches diverses,2021-11-18,13:15:24,00:00:02
stefano.crapanzano@chu.ulg.ac.be,Traiter options par défaut pour utilisateurs - Google Chrome,Tâches diverses,2021-11-18,13:17:25,00:00:18
stefano.crapanzano@chu.ulg.ac.be,TR: STERPBE-3153 SSP - Interface vide sur A03 - Mozilla Thunderbird,Helpdesk général,2021-11-18,13:21:18,00:00:02
stefano.crapanzano@chu.ulg.ac.be,TR: STERPBE-3153 SSP - Interface vide sur A03 - Mozilla Thunderbird,Helpdesk général,2021-11-18,13:24:36,00:00:02
stefano.crapanzano@chu.ulg.ac.be,Rédaction : Re: TR: STERPBE-3153 SSP - Interface vide sur A03 - Thunderbird,Helpdesk général,2021-11-18,13:21:21,00:03:12
stefano.crapanzano@chu.ulg.ac.be,Rédaction : Re: TR: STERPBE-3153 SSP - Interface vide sur A03 - Thunderbird,Helpdesk général,2021-11-18,13:50:56,00:03:09
stefano.crapanzano@chu.ulg.ac.be,Poste (3)    3 Entrées trouvées,Exploration SAP,2021-11-18,13:46:51,00:00:02
stefano.crapanzano@chu.ulg.ac.be,Modifier Gestion générale attribut,Exploration SAP,2021-11-18,13:47:13,00:00:08
stefano.crapanzano@chu.ulg.ac.be,Gérer utilisateur,Exploration SAP,2021-11-18,13:48:19,00:00:14
stefano.crapanzano@chu.ulg.ac.be,Gérer utilisateur,Helpdesk général,2021-11-18,13:48:40,00:00:02
stefano.crapanzano@chu.ulg.ac.be,Gérer utilisateur,Exploration SAP,2021-11-18,13:49:38,00:00:06
stefano.crapanzano@chu.ulg.ac.be,Incident ERP for HealthCare - Xperthis ERP4HC 2.0 Rollout - Service d'assistance - Google Chrome,Tâches diverses,2021-11-18,13:48:55,00:00:38
stefano.crapanzano@chu.ulg.ac.be,Nom mal orthographié sur A03 - Xperthis ERP4HC 2.0 Rollout - Service d'assistance - Google Chrome,Tâches diverses,2021-11-18,13:49:34,00:00:02
stefano.crapanzano@chu.ulg.ac.be,Nom mal orthographié sur A03 - Xperthis ERP4HC 2.0 Rollout - Service d'assistance - Google Chrome,Tâches diverses,2021-11-18,13:54:07,00:00:13
stefano.crapanzano@chu.ulg.ac.be,Nom mal orthographié sur A03 - Xperthis ERP4HC 2.0 Rollout - Service d'assistance - Google Chrome,Tâches diverses,2021-11-18,14:00:12,00:00:17
stefano.crapanzano@chu.ulg.ac.be,Nom mal orthographié sur A03 - Xperthis ERP4HC 2.0 Rollout - Service d'assistance - Google Chrome,Tâches diverses,2021-11-18,15:46:49,00:00:03
stefano.crapanzano@chu.ulg.ac.be,Modifier vue  ?  : synthèse,Exploration SAP,2021-11-18,13:54:41,00:00:10
stefano.crapanzano@chu.ulg.ac.be,192.168.192.24 - Netop Remote Control,Helpdesk général,2021-11-18,14:00:06,00:00:05
stefano.crapanzano@chu.ulg.ac.be,192.168.192.24 - Netop Remote Control,Helpdesk général,2021-11-18,14:00:30,00:02:24
stefano.crapanzano@chu.ulg.ac.be,192.168.192.24 - Netop Remote Control,Helpdesk général,2021-11-18,14:03:08,00:00:43
stefano.crapanzano@chu.ulg.ac.be,192.168.192.24 - Netop Remote Control,Exploration SAP,2021-11-18,14:04:20,00:00:44
stefano.crapanzano@chu.ulg.ac.be,192.168.192.24 - Netop Remote Control,Helpdesk général,2021-11-18,14:05:12,00:00:47
stefano.crapanzano@chu.ulg.ac.be,192.168.192.24 - Netop Remote Control,Exploration SAP,2021-11-18,14:06:12,00:04:14
stefano.crapanzano@chu.ulg.ac.be,192.168.192.24 - Netop Remote Control,Helpdesk général,2021-11-18,14:11:41,00:09:08
stefano.crapanzano@chu.ulg.ac.be,192.168.192.24 - Netop Remote Control,Helpdesk général,2021-11-18,14:21:16,00:00:20
stefano.crapanzano@chu.ulg.ac.be,Modification du mot de passe,Exploration SAP,2021-11-18,14:04:03,00:00:13
stefano.crapanzano@chu.ulg.ac.be,Gestion des rôles,Exploration SAP,2021-11-18,14:10:38,00:00:08
stefano.crapanzano@chu.ulg.ac.be,Gestion des rôles,Exploration SAP,2021-11-18,14:11:11,00:00:04
stefano.crapanzano@chu.ulg.ac.be,Gestion des rôles,Exploration SAP,2021-11-18,14:11:19,00:00:02
stefano.crapanzano@chu.ulg.ac.be,Dialogue,Exploration SAP,2021-11-18,14:10:46,00:00:06
stefano.crapanzano@chu.ulg.ac.be,Dialogue,Exploration SAP,2021-11-18,14:11:03,00:00:06
stefano.crapanzano@chu.ulg.ac.be,Dialogue,Exploration SAP,2021-11-18,14:11:15,00:00:04
stefano.crapanzano@chu.ulg.ac.be,Information,Exploration SAP,2021-11-18,14:10:59,00:00:02
stefano.crapanzano@chu.ulg.ac.be,Programme ZLOAD_USRATTRS - Google Chrome,Tâches diverses,2021-11-18,14:22:50,00:09:35
stefano.crapanzano@chu.ulg.ac.be,Enregistrer l’image,Helpdesk général,2021-11-18,15:16:45,00:00:05
stefano.crapanzano@chu.ulg.ac.be,Confirmer l’enregistrement,Helpdesk général,2021-11-18,15:16:51,00:00:02
stefano.crapanzano@chu.ulg.ac.be,OCR gratuit en ligne - convertir PDF en Word ou Image en texte - Google Chrome,Tâches diverses,2021-11-18,15:17:41,00:00:04
stefano.crapanzano@chu.ulg.ac.be,OCR gratuit en ligne - convertir PDF en Word ou Image en texte - Google Chrome,Tâches diverses,2021-11-18,15:18:02,00:00:05
stefano.crapanzano@chu.ulg.ac.be,Gratuit en Ligne OCR - convertir PDF numérisé et images dans Word  JPEG vers Word - Google Chrome,Tâches diverses,2021-11-18,15:18:07,00:00:05
stefano.crapanzano@chu.ulg.ac.be,Gratuit en Ligne OCR - convertir PDF numérisé et images dans Word  JPEG vers Word - Google Chrome,Tâches diverses,2021-11-18,15:22:52,00:00:08
stefano.crapanzano@chu.ulg.ac.be,*new 1 - Notepad++ [Administrator],IT,2021-11-18,15:18:21,00:00:14
stefano.crapanzano@chu.ulg.ac.be,*new 1 - Notepad++ [Administrator],IT,2021-11-18,15:18:39,00:00:52
stefano.crapanzano@chu.ulg.ac.be,*new 1 - Notepad++ [Administrator],IT,2021-11-18,15:19:37,00:00:24
stefano.crapanzano@chu.ulg.ac.be,*new 1 - Notepad++ [Administrator],IT,2021-11-18,15:20:04,00:00:19
stefano.crapanzano@chu.ulg.ac.be,*new 1 - Notepad++ [Administrator],IT,2021-11-18,16:36:07,00:00:02
stefano.crapanzano@chu.ulg.ac.be,Download Error,IT,2021-11-18,15:18:36,00:00:02
stefano.crapanzano@chu.ulg.ac.be,Rédaction : Re: erreur chargement - Thunderbird,Helpdesk général,2021-11-18,15:22:11,00:00:25
stefano.crapanzano@chu.ulg.ac.be,Microsoft Excel,Tâches diverses,2021-11-18,15:42:52,00:00:02
stefano.crapanzano@chu.ulg.ac.be,ZSSP_USER_ATTRIBUTES_Paramétrage accès utilisateur (RA) à un ou plusieurs CC-réceptionnaires(inscription) - Xperthis ERP4HC 2.0 Rollout - Service d'assistance - Google Chrome,Tâches diverses,2021-11-18,15:45:56,00:00:46
stefano.crapanzano@chu.ulg.ac.be,Ouverture de Articles.csv,Helpdesk général,2021-11-18,16:35:54,00:00:02
stefano.crapanzano@chu.ulg.ac.be,C:\Users\c158492\AppData\Local\Temp\Articles.csv - Notepad++ [Administrator],Helpdesk général,2021-11-18,16:35:56,00:00:02
stefano.crapanzano@chu.ulg.ac.be,Rechercher,IT,2021-11-18,16:35:59,00:00:06
stefano.crapanzano@chu.ulg.ac.be,Rechercher,IT,2021-11-18,16:40:19,00:00:03
stefano.crapanzano@chu.ulg.ac.be,Rédaction : Re: SDERP-18360 CLONE - P203 CHU IDoc 329798 statut 51 car un article est en statut bloqué : toute la demande de réapprovisionnement est bloquée - Thunderbird,Helpdesk général,2021-11-18,16:36:16,00:00:25
stefano.crapanzano@chu.ulg.ac.be,Rédaction : Re: SDERP-18360 CLONE - P203 CHU IDoc 329798 statut 51 car un article est en statut bloqué : toute la demande de réapprovisionnement est bloquée - Thunderbird,Helpdesk général,2021-11-18,16:40:51,00:00:17
stefano.crapanzano@chu.ulg.ac.be,Rédaction : Re: SDERP-18360 CLONE - P203 CHU IDoc 329798 statut 51 car un article est en statut bloqué : toute la demande de réapprovisionnement est bloquée - Thunderbird,Helpdesk général,2021-11-18,16:41:34,00:00:38
stefano.crapanzano@chu.ulg.ac.be,Rédaction : Re: SDERP-18360 CLONE - P203 CHU IDoc 329798 statut 51 car un article est en statut bloqué : toute la demande de réapprovisionnement est bloquée - Thunderbird,Helpdesk général,2021-11-18,16:42:28,00:01:38
stefano.crapanzano@chu.ulg.ac.be,DBeaver 21.0.0 - <MS SQL Server - si-s-serv24> Script-1,IT,2021-11-18,16:56:58,00:00:15
