Email,Description,Project,Start date,Start time,Duration
stefano.crapanzano@chu.ulg.ac.be,Courrier entrant - stefano.crapanzano@chuliege.be - Mozilla Thunderbird,Helpdesk général,2021-08-11,08:27:47,00:00:02
stefano.crapanzano@chu.ulg.ac.be,Courrier entrant - stefano.crapanzano@chuliege.be - Mozilla Thunderbird,Helpdesk général,2021-08-11,08:31:43,00:00:02
stefano.crapanzano@chu.ulg.ac.be,Courrier entrant - stefano.crapanzano@chuliege.be - Mozilla Thunderbird,Helpdesk général,2021-08-11,11:05:34,00:00:03
stefano.crapanzano@chu.ulg.ac.be,Courrier entrant - erp.sai@chuliege.be - Mozilla Thunderbird,Helpdesk général,2021-08-11,08:27:50,00:03:53
stefano.crapanzano@chu.ulg.ac.be,Courrier entrant - erp.sai@chuliege.be - Mozilla Thunderbird,Helpdesk général,2021-08-11,08:31:45,01:46:15
stefano.crapanzano@chu.ulg.ac.be,Courrier entrant - erp.sai@chuliege.be - Mozilla Thunderbird,Helpdesk général,2021-08-11,10:22:34,00:00:26
stefano.crapanzano@chu.ulg.ac.be,Courrier entrant - erp.sai@chuliege.be - Mozilla Thunderbird,Helpdesk général,2021-08-11,10:25:04,00:00:26
stefano.crapanzano@chu.ulg.ac.be,Courrier entrant - erp.sai@chuliege.be - Mozilla Thunderbird,Helpdesk général,2021-08-11,10:26:18,00:00:46
stefano.crapanzano@chu.ulg.ac.be,Courrier entrant - erp.sai@chuliege.be - Mozilla Thunderbird,Helpdesk général,2021-08-11,10:28:39,00:00:45
stefano.crapanzano@chu.ulg.ac.be,Courrier entrant - erp.sai@chuliege.be - Mozilla Thunderbird,Helpdesk général,2021-08-11,10:43:13,00:01:10
stefano.crapanzano@chu.ulg.ac.be,Courrier entrant - erp.sai@chuliege.be - Mozilla Thunderbird,Helpdesk général,2021-08-11,11:05:22,00:00:12
stefano.crapanzano@chu.ulg.ac.be,Courrier entrant - erp.sai@chuliege.be - Mozilla Thunderbird,Helpdesk général,2021-08-11,11:05:38,00:01:51
stefano.crapanzano@chu.ulg.ac.be,Rédaction : Fwd: SDERP-18594 P203 CHU Commande 4000196944 pas réceptionnée dans SAP alors qu'elle est réceptionnée dans GERA - Thunderbird,Helpdesk général,2021-08-11,10:18:02,00:04:27
stefano.crapanzano@chu.ulg.ac.be,Vérification de l’orthographe,Helpdesk général,2021-08-11,10:22:29,00:00:02
stefano.crapanzano@chu.ulg.ac.be,Vérification de l’orthographe,Helpdesk général,2021-08-11,10:42:55,00:00:06
stefano.crapanzano@chu.ulg.ac.be,Envoi du message - Fwd: SDERP-18594 P203 CHU Commande 4000196944 pas réceptionnée dans SAP alors qu'elle est réceptionnée dans GERA,Helpdesk général,2021-08-11,10:22:32,00:00:02
stefano.crapanzano@chu.ulg.ac.be,Navigation système de fichier,IT,2021-08-11,10:25:42,00:00:02
stefano.crapanzano@chu.ulg.ac.be,Navigation système de fichier,IT,2021-08-11,10:27:05,00:00:02
stefano.crapanzano@chu.ulg.ac.be,Navigation système de fichier,IT,2021-08-11,10:34:07,00:00:02
stefano.crapanzano@chu.ulg.ac.be,Navigation système de fichier,IT,2021-08-11,10:38:35,00:00:02
stefano.crapanzano@chu.ulg.ac.be,Navigation système de fichier,IT,2021-08-11,10:41:07,00:00:03
stefano.crapanzano@chu.ulg.ac.be,Navigation système de fichier,IT,2021-08-11,11:07:29,00:00:02
stefano.crapanzano@chu.ulg.ac.be,Demandes - Service d'assistance - Google Chrome,Tâches diverses,2021-08-11,10:23:02,00:00:11
stefano.crapanzano@chu.ulg.ac.be,Demandes - Service d'assistance - Google Chrome,Tâches diverses,2021-08-11,10:35:06,00:00:03
stefano.crapanzano@chu.ulg.ac.be,Demandes - Service d'assistance - Google Chrome,Tâches diverses,2021-08-11,10:35:32,00:00:20
stefano.crapanzano@chu.ulg.ac.be,Demandes - Service d'assistance - Google Chrome,Tâches diverses,2021-08-11,10:43:09,00:00:02
stefano.crapanzano@chu.ulg.ac.be,Demandes - Service d'assistance - Google Chrome,Tâches diverses,2021-08-11,10:57:53,00:00:07
stefano.crapanzano@chu.ulg.ac.be,Demandes - Service d'assistance - Google Chrome,Tâches diverses,2021-08-11,10:58:14,00:07:07
stefano.crapanzano@chu.ulg.ac.be,Demandes - Service d'assistance - Google Chrome,Tâches diverses,2021-08-11,11:07:34,00:00:10
stefano.crapanzano@chu.ulg.ac.be,P203 CHU Commande 4000203526 ne peut être réceptionnée - Xperthis ERP4HC 1.0 - Service d'assistance - Google Chrome,Tâches diverses,2021-08-11,10:23:13,00:01:49
stefano.crapanzano@chu.ulg.ac.be,P203 CHU Commande 4000203526 ne peut être réceptionnée - Xperthis ERP4HC 1.0 - Service d'assistance - Google Chrome,Helpdesk général,2021-08-11,10:25:30,00:00:11
stefano.crapanzano@chu.ulg.ac.be,P203 CHU Commande 4000203526 ne peut être réceptionnée - Xperthis ERP4HC 1.0 - Service d'assistance - Google Chrome,Tâches diverses,2021-08-11,10:34:48,00:00:18
stefano.crapanzano@chu.ulg.ac.be,Gestion des utilisateurs : écran initial,Exploration SAP,2021-08-11,10:33:30,00:00:04
stefano.crapanzano@chu.ulg.ac.be,SAP Logon 750,Exploration SAP,2021-08-11,10:25:47,00:00:08
stefano.crapanzano@chu.ulg.ac.be,SAP Easy Access Menu de base Applications financières-économiques,Exploration SAP,2021-08-11,10:25:55,00:00:07
stefano.crapanzano@chu.ulg.ac.be,SAP Easy Access Menu de base Applications financières-économiques,Exploration SAP,2021-08-11,10:27:11,00:00:03
stefano.crapanzano@chu.ulg.ac.be,SAP Easy Access Menu de base Applications financières-économiques,Exploration SAP,2021-08-11,10:33:42,00:00:04
stefano.crapanzano@chu.ulg.ac.be,Entrée de marchandises Commande d'achat - Stefano CRAPANZANO,Exploration SAP,2021-08-11,10:26:03,00:00:14
stefano.crapanzano@chu.ulg.ac.be,Entrée de marchandises Commande d'achat - Stefano CRAPANZANO,Exploration SAP,2021-08-11,10:27:07,00:00:03
stefano.crapanzano@chu.ulg.ac.be,Synthèse IDocs,Exploration SAP,2021-08-11,10:27:15,00:00:08
stefano.crapanzano@chu.ulg.ac.be,Synthèse IDocs,Exploration SAP,2021-08-11,10:28:35,00:00:02
stefano.crapanzano@chu.ulg.ac.be,Synthèse IDocs,Exploration SAP,2021-08-11,10:33:39,00:00:02
stefano.crapanzano@chu.ulg.ac.be,Overzicht IDocs,Exploration SAP,2021-08-11,10:27:23,00:00:04
stefano.crapanzano@chu.ulg.ac.be,Overzicht IDocs,Exploration SAP,2021-08-11,10:27:59,00:00:13
stefano.crapanzano@chu.ulg.ac.be,Overzicht IDocs,Exploration SAP,2021-08-11,10:28:32,00:00:03
stefano.crapanzano@chu.ulg.ac.be,Affichage de l'IDoc : 0000000000340541,Exploration SAP,2021-08-11,10:27:28,00:00:31
stefano.crapanzano@chu.ulg.ac.be,Affichage de l'IDoc : 0000000000340541,Exploration SAP,2021-08-11,10:28:12,00:00:19
stefano.crapanzano@chu.ulg.ac.be,Rédaction : Re: TR: TR: réception impossible - problème facture - Thunderbird,Helpdesk général,2021-08-11,10:29:24,00:04:01
stefano.crapanzano@chu.ulg.ac.be,Rédaction : Re: TR: TR: réception impossible - problème facture - Thunderbird,Helpdesk général,2021-08-11,10:34:09,00:00:37
stefano.crapanzano@chu.ulg.ac.be,Rédaction : Re: TR: TR: réception impossible - problème facture - Thunderbird,Helpdesk général,2021-08-11,10:41:10,00:01:44
stefano.crapanzano@chu.ulg.ac.be,Fin de session,Exploration SAP,2021-08-11,10:33:36,00:00:02
stefano.crapanzano@chu.ulg.ac.be,Commande interv. 40 4000203526 créée par Gaëlle VAN RYSSELBERGHE,Exploration SAP,2021-08-11,10:33:49,00:00:17
stefano.crapanzano@chu.ulg.ac.be,P203 CHU Récupération de TVA sur plusieurs CC - Xperthis ERP4HC 1.0 - Service d'assistance - Google Chrome,Tâches diverses,2021-08-11,10:35:10,00:00:21
stefano.crapanzano@chu.ulg.ac.be,P203 CHU Récupération de TVA sur plusieurs CC - Xperthis ERP4HC 1.0 - Service d'assistance - Google Chrome,Tâches diverses,2021-08-11,10:58:00,00:00:06
stefano.crapanzano@chu.ulg.ac.be,P203 CHU Commande 4000196944 pas réceptionnée dans SAP alors qu'elle est réceptionnée dans GERA - Xperthis ERP4HC 1.0 - Service d'assistance - Google Chrome,Tâches diverses,2021-08-11,10:35:53,00:02:41
stefano.crapanzano@chu.ulg.ac.be,P203 CHU Commande 4000196944 pas réceptionnée dans SAP alors qu'elle est réceptionnée dans GERA - Xperthis ERP4HC 1.0 - Service d'assistance - Google Chrome,Tâches diverses,2021-08-11,10:38:47,00:01:36
stefano.crapanzano@chu.ulg.ac.be,P203 CHU Commande 4000196944 pas réceptionnée dans SAP alors qu'elle est réceptionnée dans GERA - Xperthis ERP4HC 1.0 - Service d'assistance - Google Chrome,Tâches diverses,2021-08-11,10:40:31,00:00:20
stefano.crapanzano@chu.ulg.ac.be,P203 CHU Commande 4000196944 pas réceptionnée dans SAP alors qu'elle est réceptionnée dans GERA - Xperthis ERP4HC 1.0 - Service d'assistance - Google Chrome,Tâches diverses,2021-08-11,10:43:02,00:00:07
stefano.crapanzano@chu.ulg.ac.be,P203 CHU Commande 4000196944 pas réceptionnée dans SAP alors qu'elle est réceptionnée dans GERA - Xperthis ERP4HC 1.0 - Service d'assistance - Google Chrome,Tâches diverses,2021-08-11,10:44:52,00:00:04
stefano.crapanzano@chu.ulg.ac.be,P203 CHU Réception d'une commande dans Gera  mais pas dans SAP - Xperthis ERP4HC 1.0 - Service d'assistance - Google Chrome,Tâches diverses,2021-08-11,10:44:26,00:00:26
stefano.crapanzano@chu.ulg.ac.be,P203 CHU Réception d'une commande dans Gera  mais pas dans SAP - Xperthis ERP4HC 1.0 - Service d'assistance - Google Chrome,Tâches diverses,2021-08-11,10:44:57,00:00:11
stefano.crapanzano@chu.ulg.ac.be,P203 CHU Réception d'une commande dans Gera  mais pas dans SAP - Xperthis ERP4HC 1.0 - Service d'assistance - Google Chrome,Tâches diverses,2021-08-11,11:07:47,01:23:51
stefano.crapanzano@chu.ulg.ac.be,Boîte de réception (62 891) - s.crapanzano@gmail.com - Gmail - Google Chrome,Tâches diverses,2021-08-11,10:45:08,00:00:31
stefano.crapanzano@chu.ulg.ac.be,Vines Foot a tweeté : 🚨 OFFICIEL : LIONEL MESSI EST UN JOUEUR DU PA... - s.crapanzano@gmail.com - Gmail - Google Chrome,Tâches diverses,2021-08-11,10:45:40,00:00:39
stefano.crapanzano@chu.ulg.ac.be,Vines Foot a tweeté : 🚨 OFFICIEL : LIONEL MESSI EST UN JOUEUR DU PA... - s.crapanzano@gmail.com - Gmail - Google Chrome,Tâches diverses,2021-08-11,10:57:46,00:00:05
stefano.crapanzano@chu.ulg.ac.be,Twitter - Google Chrome,Tâches diverses,2021-08-11,10:46:21,00:00:02
stefano.crapanzano@chu.ulg.ac.be,Vérifiez votre identité - Google Chrome,Tâches diverses,2021-08-11,10:46:23,00:00:13
stefano.crapanzano@chu.ulg.ac.be,(6) Damien ERNST sur Twitter :  Discriminer à l'embauche les gens qui habitent loin d'un potentiel lieu de travail pour raison écologique ? C'est un exemple supplémentaire de cette dérive liberticide de cette pensée écologique dominante 1/2  / Twitter - Google Chrome,Tâches diverses,2021-08-11,10:46:39,00:00:31
stefano.crapanzano@chu.ulg.ac.be,(6) Damien ERNST sur Twitter :  Discriminer à l'embauche les gens qui habitent loin d'un potentiel lieu de travail pour raison écologique ? C'est un exemple supplémentaire de cette dérive liberticide de cette pensée écologique dominante 1/2  / Twitter - Google Chrome,Tâches diverses,2021-08-11,10:48:55,00:05:20
stefano.crapanzano@chu.ulg.ac.be,(6) Damien ERNST sur Twitter :  Grâce aux voitures électriques autonomes les gens vont justement pouvoir encore plus facilement commuter - et à bas coût - vers un lieu de travail lointain. Ils vont aussi pouvoir s'affranchir des contraintes des transports en commun. C'est ça l'avenir ! 2/2  / Twitter - Google Chrome,Tâches diverses,2021-08-11,10:47:10,00:01:44
stefano.crapanzano@chu.ulg.ac.be,(6) Accueil / Twitter - Google Chrome,Tâches diverses,2021-08-11,10:54:15,00:00:23
stefano.crapanzano@chu.ulg.ac.be,(6) Accueil / Twitter - Google Chrome,Tâches diverses,2021-08-11,10:57:11,00:00:32
stefano.crapanzano@chu.ulg.ac.be,(6) Joachim Son-Forget sur Twitter :  Et ton nom ça se prononce comment? Tu peux nous envoyer un vocal?  / Twitter - Google Chrome,Tâches diverses,2021-08-11,10:54:39,00:00:32
stefano.crapanzano@chu.ulg.ac.be,(6) Joachim Son-Forget sur Twitter :  Et ton nom ça se prononce comment? Tu peux nous envoyer un vocal?  / Twitter - Google Chrome,Tâches diverses,2021-08-11,10:55:40,00:00:36
stefano.crapanzano@chu.ulg.ac.be,(6) Joachim Son-Forget sur Twitter :  Et ton nom ça se prononce comment? Tu peux nous envoyer un vocal?  / Twitter - Google Chrome,Tâches diverses,2021-08-11,10:56:51,00:00:19
stefano.crapanzano@chu.ulg.ac.be,ernst - Deutsch-Englisch Übersetzung | PONS - Google Chrome,Tâches diverses,2021-08-11,10:55:11,00:00:21
stefano.crapanzano@chu.ulg.ac.be,ernst - Deutsch-Englisch Übersetzung | PONS - Google Chrome,Tâches diverses,2021-08-11,10:55:35,00:00:02
stefano.crapanzano@chu.ulg.ac.be,Factures EDICOM en erreur - Xperthis ERP4HC 1.0 - Service d'assistance - Google Chrome,Tâches diverses,2021-08-11,10:55:38,00:00:02
stefano.crapanzano@chu.ulg.ac.be,(6) Joachim Son-Forget (@__iron_man_) / Twitter - Google Chrome,Tâches diverses,2021-08-11,10:56:17,00:00:34
stefano.crapanzano@chu.ulg.ac.be,SAM-DB - Google Chrome,Tâches diverses,2021-08-11,10:57:43,00:00:02
stefano.crapanzano@chu.ulg.ac.be,Boîte de réception (62 892) - s.crapanzano@gmail.com - Gmail - Google Chrome,Tâches diverses,2021-08-11,11:07:45,00:00:02
stefano.crapanzano@chu.ulg.ac.be,SAP GUI for Windows 7.60 will not feature Classic Theme and Enjoy Theme | SAP Blogs - Google Chrome,Tâches diverses,2021-08-11,10:58:06,00:00:03
stefano.crapanzano@chu.ulg.ac.be,P203 CHU Commande pas réceptionnée dans SAP alors qu'elle est réceptionnée dans GERA - Xperthis ERP4HC 1.0 - Service d'assistance - Google Chrome,Tâches diverses,2021-08-11,10:58:10,00:00:03
