Email,Description,Project,Start date,Start time,Duration
stefano.crapanzano@chu.ulg.ac.be,Administrateur : Perl (command line) - python  main.py,IT,2021-08-09,08:33:32,00:00:04
stefano.crapanzano@chu.ulg.ac.be,Compte VALIDATEDCHU locké - Xperthis ERP4HC 2.0 Rollout - Service d'assistance - Google Chrome,IT,2021-08-09,08:33:36,00:00:04
stefano.crapanzano@chu.ulg.ac.be,Compte VALIDATEDCHU locké - Xperthis ERP4HC 2.0 Rollout - Service d'assistance - Google Chrome,Tâches diverses,2021-08-09,08:58:31,00:00:03
stefano.crapanzano@chu.ulg.ac.be,Compte VALIDATEDCHU locké - Xperthis ERP4HC 2.0 Rollout - Service d'assistance - Google Chrome,Tâches diverses,2021-08-09,09:42:59,00:00:14
stefano.crapanzano@chu.ulg.ac.be,Accueil - Mozilla Thunderbird,Helpdesk général,2021-08-09,08:33:41,00:00:02
stefano.crapanzano@chu.ulg.ac.be,Courrier entrant - erp.sai@chuliege.be - Mozilla Thunderbird,Helpdesk général,2021-08-09,08:33:53,00:04:54
stefano.crapanzano@chu.ulg.ac.be,Courrier entrant - erp.sai@chuliege.be - Mozilla Thunderbird,Tâches diverses,2021-08-09,08:39:31,00:00:03
stefano.crapanzano@chu.ulg.ac.be,Courrier entrant - erp.sai@chuliege.be - Mozilla Thunderbird,Helpdesk général,2021-08-09,08:46:45,00:00:07
stefano.crapanzano@chu.ulg.ac.be,Courrier entrant - erp.sai@chuliege.be - Mozilla Thunderbird,Helpdesk général,2021-08-09,08:46:54,00:00:04
stefano.crapanzano@chu.ulg.ac.be,Courrier entrant - erp.sai@chuliege.be - Mozilla Thunderbird,Helpdesk général,2021-08-09,08:55:23,00:00:39
stefano.crapanzano@chu.ulg.ac.be,Courrier entrant - erp.sai@chuliege.be - Mozilla Thunderbird,Helpdesk général,2021-08-09,08:56:05,00:00:02
stefano.crapanzano@chu.ulg.ac.be,Courrier entrant - erp.sai@chuliege.be - Mozilla Thunderbird,Helpdesk général,2021-08-09,08:56:11,00:02:01
stefano.crapanzano@chu.ulg.ac.be,Courrier entrant - erp.sai@chuliege.be - Mozilla Thunderbird,Helpdesk général,2021-08-09,08:58:13,00:00:12
stefano.crapanzano@chu.ulg.ac.be,Courrier entrant - erp.sai@chuliege.be - Mozilla Thunderbird,Helpdesk général,2021-08-09,09:02:31,00:00:13
stefano.crapanzano@chu.ulg.ac.be,Courrier entrant - erp.sai@chuliege.be - Mozilla Thunderbird,Helpdesk général,2021-08-09,09:04:18,00:00:10
stefano.crapanzano@chu.ulg.ac.be,Courrier entrant - erp.sai@chuliege.be - Mozilla Thunderbird,Helpdesk général,2021-08-09,09:05:02,00:00:57
stefano.crapanzano@chu.ulg.ac.be,Courrier entrant - erp.sai@chuliege.be - Mozilla Thunderbird,Helpdesk général,2021-08-09,09:08:26,00:00:20
stefano.crapanzano@chu.ulg.ac.be,Courrier entrant - erp.sai@chuliege.be - Mozilla Thunderbird,Helpdesk général,2021-08-09,09:30:33,00:00:27
stefano.crapanzano@chu.ulg.ac.be,Courrier entrant - erp.sai@chuliege.be - Mozilla Thunderbird,Helpdesk général,2021-08-09,09:31:17,00:00:06
stefano.crapanzano@chu.ulg.ac.be,Courrier entrant - erp.sai@chuliege.be - Mozilla Thunderbird,Helpdesk général,2021-08-09,09:31:35,00:00:03
stefano.crapanzano@chu.ulg.ac.be,Courrier entrant - erp.sai@chuliege.be - Mozilla Thunderbird,Helpdesk général,2021-08-09,09:32:36,00:00:04
stefano.crapanzano@chu.ulg.ac.be,Courrier entrant - erp.sai@chuliege.be - Mozilla Thunderbird,Helpdesk général,2021-08-09,09:32:50,00:00:08
stefano.crapanzano@chu.ulg.ac.be,Courrier entrant - erp.sai@chuliege.be - Mozilla Thunderbird,Helpdesk général,2021-08-09,09:33:44,00:00:32
stefano.crapanzano@chu.ulg.ac.be,Courrier entrant - erp.sai@chuliege.be - Mozilla Thunderbird,Helpdesk général,2021-08-09,09:36:24,00:00:49
stefano.crapanzano@chu.ulg.ac.be,Courrier entrant - erp.sai@chuliege.be - Mozilla Thunderbird,Helpdesk général,2021-08-09,09:37:38,00:00:13
stefano.crapanzano@chu.ulg.ac.be,Courrier entrant - erp.sai@chuliege.be - Mozilla Thunderbird,Helpdesk général,2021-08-09,09:37:52,00:00:42
stefano.crapanzano@chu.ulg.ac.be,Courrier entrant - erp.sai@chuliege.be - Mozilla Thunderbird,Tâches diverses,2021-08-09,09:40:33,00:00:06
stefano.crapanzano@chu.ulg.ac.be,Courrier entrant - erp.sai@chuliege.be - Mozilla Thunderbird,Helpdesk général,2021-08-09,09:43:48,00:00:02
stefano.crapanzano@chu.ulg.ac.be,Courrier entrant - erp.sai@chuliege.be - Mozilla Thunderbird,Helpdesk général,2021-08-09,09:51:10,00:00:20
stefano.crapanzano@chu.ulg.ac.be,Courrier entrant - erp.sai@chuliege.be - Mozilla Thunderbird,Helpdesk général,2021-08-09,11:06:46,00:00:49
stefano.crapanzano@chu.ulg.ac.be,Courrier entrant - erp.sai@chuliege.be - Mozilla Thunderbird,Tâches diverses,2021-08-09,11:08:43,00:00:02
stefano.crapanzano@chu.ulg.ac.be,Courrier entrant - erp.sai@chuliege.be - Mozilla Thunderbird,Helpdesk général,2021-08-09,11:09:39,00:00:07
stefano.crapanzano@chu.ulg.ac.be,Courrier entrant - erp.sai@chuliege.be - Mozilla Thunderbird,Helpdesk général,2021-08-09,11:10:02,00:00:07
stefano.crapanzano@chu.ulg.ac.be,Courrier entrant - erp.sai@chuliege.be - Mozilla Thunderbird,Helpdesk général,2021-08-09,11:10:50,00:00:10
stefano.crapanzano@chu.ulg.ac.be,Courrier entrant - erp.sai@chuliege.be - Mozilla Thunderbird,Helpdesk général,2021-08-09,11:39:24,00:00:15
stefano.crapanzano@chu.ulg.ac.be,Courrier entrant - erp.sai@chuliege.be - Mozilla Thunderbird,Helpdesk général,2021-08-09,11:42:50,00:00:03
stefano.crapanzano@chu.ulg.ac.be,Courrier entrant - erp.sai@chuliege.be - Mozilla Thunderbird,Helpdesk général,2021-08-09,11:42:58,00:00:08
stefano.crapanzano@chu.ulg.ac.be,Courrier entrant - erp.sai@chuliege.be - Mozilla Thunderbird,Helpdesk général,2021-08-09,11:52:11,00:00:03
stefano.crapanzano@chu.ulg.ac.be,Courrier entrant - erp.sai@chuliege.be - Mozilla Thunderbird,Helpdesk général,2021-08-09,11:52:20,00:00:02
stefano.crapanzano@chu.ulg.ac.be,Courrier entrant - erp.sai@chuliege.be - Mozilla Thunderbird,Helpdesk général,2021-08-09,11:55:32,00:00:04
stefano.crapanzano@chu.ulg.ac.be,Courrier entrant - erp.sai@chuliege.be - Mozilla Thunderbird,Helpdesk général,2021-08-09,12:00:52,00:00:15
stefano.crapanzano@chu.ulg.ac.be,Courrier entrant - erp.sai@chuliege.be - Mozilla Thunderbird,Helpdesk général,2021-08-09,12:07:47,00:00:14
stefano.crapanzano@chu.ulg.ac.be,Courrier entrant - erp.sai@chuliege.be - Mozilla Thunderbird,Helpdesk général,2021-08-09,12:08:05,00:00:08
stefano.crapanzano@chu.ulg.ac.be,Courrier entrant - erp.sai@chuliege.be - Mozilla Thunderbird,Helpdesk général,2021-08-09,12:08:59,00:00:03
stefano.crapanzano@chu.ulg.ac.be,Courrier entrant - erp.sai@chuliege.be - Mozilla Thunderbird,Helpdesk général,2021-08-09,12:09:13,00:00:14
stefano.crapanzano@chu.ulg.ac.be,Courrier entrant - erp.sai@chuliege.be - Mozilla Thunderbird,Helpdesk général,2021-08-09,12:12:53,00:00:03
stefano.crapanzano@chu.ulg.ac.be,Courrier entrant - erp.sai@chuliege.be - Mozilla Thunderbird,Helpdesk général,2021-08-09,12:13:32,00:00:03
stefano.crapanzano@chu.ulg.ac.be,Courrier entrant - erp.sai@chuliege.be - Mozilla Thunderbird,Helpdesk général,2021-08-09,12:14:00,00:00:21
stefano.crapanzano@chu.ulg.ac.be,Courrier entrant - erp.sai@chuliege.be - Mozilla Thunderbird,Helpdesk général,2021-08-09,12:14:23,00:00:05
stefano.crapanzano@chu.ulg.ac.be,Courrier entrant - erp.sai@chuliege.be - Mozilla Thunderbird,Helpdesk général,2021-08-09,12:15:11,00:00:03
stefano.crapanzano@chu.ulg.ac.be,Courrier entrant - erp.sai@chuliege.be - Mozilla Thunderbird,Helpdesk général,2021-08-09,12:15:26,00:00:44
stefano.crapanzano@chu.ulg.ac.be,Courrier entrant - erp.sai@chuliege.be - Mozilla Thunderbird,Helpdesk général,2021-08-09,12:17:37,00:01:13
stefano.crapanzano@chu.ulg.ac.be,Courrier entrant - erp.sai@chuliege.be - Mozilla Thunderbird,Helpdesk général,2021-08-09,12:50:09,00:00:03
stefano.crapanzano@chu.ulg.ac.be,Courrier entrant - erp.sai@chuliege.be - Mozilla Thunderbird,Helpdesk général,2021-08-09,13:00:59,00:03:49
stefano.crapanzano@chu.ulg.ac.be,Courrier entrant - erp.sai@chuliege.be - Mozilla Thunderbird,Helpdesk général,2021-08-09,13:04:50,00:00:02
stefano.crapanzano@chu.ulg.ac.be,Courrier entrant - erp.sai@chuliege.be - Mozilla Thunderbird,Helpdesk général,2021-08-09,13:33:51,00:00:52
stefano.crapanzano@chu.ulg.ac.be,Courrier entrant - erp.sai@chuliege.be - Mozilla Thunderbird,Helpdesk général,2021-08-09,13:34:58,00:01:02
stefano.crapanzano@chu.ulg.ac.be,Courrier entrant - erp.sai@chuliege.be - Mozilla Thunderbird,Helpdesk général,2021-08-09,13:41:19,00:00:07
stefano.crapanzano@chu.ulg.ac.be,Courrier entrant - erp.sai@chuliege.be - Mozilla Thunderbird,Helpdesk général,2021-08-09,13:44:09,00:00:05
stefano.crapanzano@chu.ulg.ac.be,Courrier entrant - erp.sai@chuliege.be - Mozilla Thunderbird,Helpdesk général,2021-08-09,14:19:18,00:00:40
stefano.crapanzano@chu.ulg.ac.be,Courrier entrant - erp.sai@chuliege.be - Mozilla Thunderbird,Helpdesk général,2021-08-09,14:29:43,00:00:16
stefano.crapanzano@chu.ulg.ac.be,Courrier entrant - erp.sai@chuliege.be - Mozilla Thunderbird,Helpdesk général,2021-08-09,14:49:31,00:01:10
stefano.crapanzano@chu.ulg.ac.be,Courrier entrant - erp.sai@chuliege.be - Mozilla Thunderbird,Helpdesk général,2021-08-09,14:57:59,00:00:26
stefano.crapanzano@chu.ulg.ac.be,Courrier entrant - erp.sai@chuliege.be - Mozilla Thunderbird,Helpdesk général,2021-08-09,15:14:48,00:00:03
stefano.crapanzano@chu.ulg.ac.be,Courrier entrant - erp.sai@chuliege.be - Mozilla Thunderbird,Helpdesk général,2021-08-09,15:18:16,00:00:03
stefano.crapanzano@chu.ulg.ac.be,Courrier entrant - erp.sai@chuliege.be - Mozilla Thunderbird,Helpdesk général,2021-08-09,15:37:10,00:00:02
stefano.crapanzano@chu.ulg.ac.be,Courrier entrant - erp.sai@chuliege.be - Mozilla Thunderbird,Helpdesk général,2021-08-09,15:41:30,00:00:14
stefano.crapanzano@chu.ulg.ac.be,Courrier entrant - erp.sai@chuliege.be - Mozilla Thunderbird,Helpdesk général,2021-08-09,15:46:12,00:44:38
stefano.crapanzano@chu.ulg.ac.be,Courrier entrant - stefano.crapanzano@chuliege.be - Mozilla Thunderbird,Helpdesk général,2021-08-09,08:33:44,00:00:07
stefano.crapanzano@chu.ulg.ac.be,Courrier entrant - stefano.crapanzano@chuliege.be - Mozilla Thunderbird,Helpdesk général,2021-08-09,08:46:37,00:00:08
stefano.crapanzano@chu.ulg.ac.be,Courrier entrant - stefano.crapanzano@chuliege.be - Mozilla Thunderbird,Helpdesk général,2021-08-09,08:56:03,00:00:02
stefano.crapanzano@chu.ulg.ac.be,Courrier entrant - stefano.crapanzano@chuliege.be - Mozilla Thunderbird,Helpdesk général,2021-08-09,08:58:25,00:00:02
stefano.crapanzano@chu.ulg.ac.be,Courrier entrant - stefano.crapanzano@chuliege.be - Mozilla Thunderbird,Helpdesk général,2021-08-09,09:31:01,00:00:15
stefano.crapanzano@chu.ulg.ac.be,Courrier entrant - stefano.crapanzano@chuliege.be - Mozilla Thunderbird,Helpdesk général,2021-08-09,09:36:06,00:00:09
stefano.crapanzano@chu.ulg.ac.be,Courrier entrant - stefano.crapanzano@chuliege.be - Mozilla Thunderbird,Helpdesk général,2021-08-09,09:36:20,00:00:03
stefano.crapanzano@chu.ulg.ac.be,Courrier entrant - stefano.crapanzano@chuliege.be - Mozilla Thunderbird,Helpdesk général,2021-08-09,09:43:45,00:00:02
stefano.crapanzano@chu.ulg.ac.be,Courrier entrant - stefano.crapanzano@chuliege.be - Mozilla Thunderbird,Helpdesk général,2021-08-09,10:43:18,00:00:02
stefano.crapanzano@chu.ulg.ac.be,Courrier entrant - stefano.crapanzano@chuliege.be - Mozilla Thunderbird,Helpdesk général,2021-08-09,11:52:15,00:00:02
stefano.crapanzano@chu.ulg.ac.be,Courrier entrant - stefano.crapanzano@chuliege.be - Mozilla Thunderbird,Helpdesk général,2021-08-09,12:01:55,00:00:02
stefano.crapanzano@chu.ulg.ac.be,Courrier entrant - stefano.crapanzano@chuliege.be - Mozilla Thunderbird,Helpdesk général,2021-08-09,12:07:43,00:00:02
stefano.crapanzano@chu.ulg.ac.be,Courrier entrant - stefano.crapanzano@chuliege.be - Mozilla Thunderbird,Helpdesk général,2021-08-09,12:08:01,00:00:02
stefano.crapanzano@chu.ulg.ac.be,Courrier entrant - stefano.crapanzano@chuliege.be - Mozilla Thunderbird,Helpdesk général,2021-08-09,12:09:02,00:00:10
stefano.crapanzano@chu.ulg.ac.be,Courrier entrant - stefano.crapanzano@chuliege.be - Mozilla Thunderbird,Helpdesk général,2021-08-09,12:50:03,00:00:03
stefano.crapanzano@chu.ulg.ac.be,Courrier entrant - stefano.crapanzano@chuliege.be - Mozilla Thunderbird,Helpdesk général,2021-08-09,13:34:44,00:00:14
stefano.crapanzano@chu.ulg.ac.be,Courrier entrant - stefano.crapanzano@chuliege.be - Mozilla Thunderbird,Helpdesk général,2021-08-09,15:43:25,00:00:20
stefano.crapanzano@chu.ulg.ac.be,taskeng.exe,IT,2021-08-09,08:38:47,00:00:02
stefano.crapanzano@chu.ulg.ac.be,Boîte de réception (62 770) - s.crapanzano@gmail.com - Gmail - Google Chrome,Tâches diverses,2021-08-09,08:38:49,00:00:42
stefano.crapanzano@chu.ulg.ac.be,PE2_203 - sftp://PE2U2FTP@153.89.110.38 - FileZilla,Helpdesk général,2021-08-09,08:39:35,00:00:34
stefano.crapanzano@chu.ulg.ac.be,PE2_203 - sftp://PE2U2FTP@153.89.110.38 - FileZilla,Helpdesk général,2021-08-09,08:40:20,00:00:22
stefano.crapanzano@chu.ulg.ac.be,PE2_203 - sftp://PE2U2FTP@153.89.110.38 - FileZilla,Helpdesk général,2021-08-09,08:40:43,00:00:04
stefano.crapanzano@chu.ulg.ac.be,PE2_203 - sftp://PE2U2FTP@153.89.110.38 - FileZilla,Helpdesk général,2021-08-09,08:41:00,00:00:03
stefano.crapanzano@chu.ulg.ac.be,PE2_203 - sftp://PE2U2FTP@153.89.110.38 - FileZilla,Helpdesk général,2021-08-09,08:41:10,00:00:04
stefano.crapanzano@chu.ulg.ac.be,PE2_203 - sftp://PE2U2FTP@153.89.110.38 - FileZilla,Helpdesk général,2021-08-09,08:41:17,00:00:20
stefano.crapanzano@chu.ulg.ac.be,PE2_203 - sftp://PE2U2FTP@153.89.110.38 - FileZilla,Helpdesk général,2021-08-09,08:42:45,00:00:07
stefano.crapanzano@chu.ulg.ac.be,PE2_203 - sftp://PE2U2FTP@153.89.110.38 - FileZilla,Helpdesk général,2021-08-09,08:44:02,00:00:34
stefano.crapanzano@chu.ulg.ac.be,PE2_203 - sftp://PE2U2FTP@153.89.110.38 - FileZilla,Helpdesk général,2021-08-09,08:44:56,00:00:04
stefano.crapanzano@chu.ulg.ac.be,PE2_203 - sftp://PE2U2FTP@153.89.110.38 - FileZilla,Helpdesk général,2021-08-09,08:45:05,00:00:13
stefano.crapanzano@chu.ulg.ac.be,PE2_203 - sftp://PE2U2FTP@153.89.110.38 - FileZilla,Helpdesk général,2021-08-09,08:45:26,00:00:18
stefano.crapanzano@chu.ulg.ac.be,PE2_203 - sftp://PE2U2FTP@153.89.110.38 - FileZilla,Helpdesk général,2021-08-09,08:46:03,00:00:02
stefano.crapanzano@chu.ulg.ac.be,PE2_203 - sftp://PE2U2FTP@153.89.110.38 - FileZilla,Helpdesk général,2021-08-09,08:54:31,00:00:18
stefano.crapanzano@chu.ulg.ac.be,PE2_203 - sftp://PE2U2FTP@153.89.110.38 - FileZilla,Helpdesk général,2021-08-09,09:02:45,00:00:05
stefano.crapanzano@chu.ulg.ac.be,PE2_203 - sftp://PE2U2FTP@153.89.110.38 - FileZilla,Helpdesk général,2021-08-09,09:02:53,00:00:08
stefano.crapanzano@chu.ulg.ac.be,PE2_203 - sftp://PE2U2FTP@153.89.110.38 - FileZilla,Helpdesk général,2021-08-09,09:03:04,00:00:04
stefano.crapanzano@chu.ulg.ac.be,PE2_203 - sftp://PE2U2FTP@153.89.110.38 - FileZilla,Helpdesk général,2021-08-09,09:03:29,00:00:02
stefano.crapanzano@chu.ulg.ac.be,PE2_203 - sftp://PE2U2FTP@153.89.110.38 - FileZilla,Helpdesk général,2021-08-09,09:38:34,00:01:57
stefano.crapanzano@chu.ulg.ac.be,PE2_203 - sftp://PE2U2FTP@153.89.110.38 - FileZilla,Helpdesk général,2021-08-09,11:58:26,00:00:10
stefano.crapanzano@chu.ulg.ac.be,PE2_203 - sftp://PE2U2FTP@153.89.110.38 - FileZilla,Helpdesk général,2021-08-09,11:58:43,00:00:02
stefano.crapanzano@chu.ulg.ac.be,PE2_203 - sftp://PE2U2FTP@153.89.110.38 - FileZilla,Helpdesk général,2021-08-09,11:58:47,00:00:18
stefano.crapanzano@chu.ulg.ac.be,PE2_203 - sftp://PE2U2FTP@153.89.110.38 - FileZilla,Helpdesk général,2021-08-09,12:02:09,00:00:36
stefano.crapanzano@chu.ulg.ac.be,PE2_203 - sftp://PE2U2FTP@153.89.110.38 - FileZilla,Helpdesk général,2021-08-09,12:03:00,00:00:37
stefano.crapanzano@chu.ulg.ac.be,PE2_203 - sftp://PE2U2FTP@153.89.110.38 - FileZilla,Helpdesk général,2021-08-09,12:03:43,00:00:18
stefano.crapanzano@chu.ulg.ac.be,PE2_203 - sftp://PE2U2FTP@153.89.110.38 - FileZilla,Helpdesk général,2021-08-09,12:05:27,00:00:12
stefano.crapanzano@chu.ulg.ac.be,PE2_203 - sftp://PE2U2FTP@153.89.110.38 - FileZilla,Helpdesk général,2021-08-09,15:40:49,00:00:12
stefano.crapanzano@chu.ulg.ac.be,C:\Users\c158492\AppData\Local\Temp\fz3temp-2\1050153307.TXT - Notepad++ [Administrator],IT,2021-08-09,08:40:10,00:00:09
stefano.crapanzano@chu.ulg.ac.be,C:\Users\c158492\AppData\Local\Temp\fz3temp-2\1050153307.TXT - Notepad++ [Administrator],IT,2021-08-09,08:40:51,00:00:09
stefano.crapanzano@chu.ulg.ac.be,C:\Users\c158492\AppData\Local\Temp\fz3temp-2\1050153307.TXT - Notepad++ [Administrator],IT,2021-08-09,08:41:04,00:00:06
stefano.crapanzano@chu.ulg.ac.be,C:\Users\c158492\AppData\Local\Temp\fz3temp-2\1050153307.TXT - Notepad++ [Administrator],IT,2021-08-09,08:42:56,00:00:05
stefano.crapanzano@chu.ulg.ac.be,C:\Users\c158492\AppData\Local\Temp\fz3temp-2\1050153307.TXT - Notepad++ [Administrator],IT,2021-08-09,08:43:56,00:00:03
stefano.crapanzano@chu.ulg.ac.be,C:\Users\c158492\AppData\Local\Temp\fz3temp-2\1050153307.TXT - Notepad++ [Administrator],IT,2021-08-09,08:44:38,00:00:16
stefano.crapanzano@chu.ulg.ac.be,C:\Users\c158492\AppData\Local\Temp\fz3temp-2\1050153307.TXT - Notepad++ [Administrator],IT,2021-08-09,08:45:59,00:00:03
stefano.crapanzano@chu.ulg.ac.be,C:\Users\c158492\AppData\Local\Temp\fz3temp-2\1050153307.TXT - Notepad++ [Administrator],IT,2021-08-09,09:03:10,00:00:04
stefano.crapanzano@chu.ulg.ac.be,C:\Users\c158492\AppData\Local\Temp\fz3temp-2\1050153307.TXT - Notepad++ [Administrator],IT,2021-08-09,09:03:33,00:00:06
stefano.crapanzano@chu.ulg.ac.be,C:\Users\c158492\AppData\Local\Temp\fz3temp-2\1050153307.TXT - Notepad++ [Administrator],IT,2021-08-09,09:04:08,00:00:03
stefano.crapanzano@chu.ulg.ac.be,C:\Users\c158492\AppData\Local\Temp\fz3temp-2\1050153307.TXT - Notepad++ [Administrator],IT,2021-08-09,12:01:43,00:00:10
stefano.crapanzano@chu.ulg.ac.be,C:\Users\c158492\AppData\Local\Temp\fz3temp-2\1050153307.TXT - Notepad++ [Administrator],IT,2021-08-09,12:01:57,00:00:12
stefano.crapanzano@chu.ulg.ac.be,C:\Users\c158492\AppData\Local\Temp\fz3temp-2\1050153307.TXT - Notepad++ [Administrator],IT,2021-08-09,12:04:31,00:00:08
stefano.crapanzano@chu.ulg.ac.be,C:\Users\c158492\AppData\Local\Temp\fz3temp-2\1050153307.TXT - Notepad++ [Administrator],IT,2021-08-09,15:38:57,00:00:02
stefano.crapanzano@chu.ulg.ac.be,Navigation système de fichier,IT,2021-08-09,08:41:38,00:00:17
stefano.crapanzano@chu.ulg.ac.be,Navigation système de fichier,IT,2021-08-09,08:43:59,00:00:02
stefano.crapanzano@chu.ulg.ac.be,Navigation système de fichier,IT,2021-08-09,08:46:14,00:00:23
stefano.crapanzano@chu.ulg.ac.be,Navigation système de fichier,IT,2021-08-09,08:47:23,00:00:06
stefano.crapanzano@chu.ulg.ac.be,Navigation système de fichier,IT,2021-08-09,08:47:35,00:00:05
stefano.crapanzano@chu.ulg.ac.be,Navigation système de fichier,IT,2021-08-09,08:48:01,00:00:07
stefano.crapanzano@chu.ulg.ac.be,Navigation système de fichier,IT,2021-08-09,08:48:11,00:00:02
stefano.crapanzano@chu.ulg.ac.be,Navigation système de fichier,IT,2021-08-09,08:49:35,00:00:03
stefano.crapanzano@chu.ulg.ac.be,Navigation système de fichier,IT,2021-08-09,08:49:41,00:00:08
stefano.crapanzano@chu.ulg.ac.be,Navigation système de fichier,IT,2021-08-09,08:51:55,00:00:02
stefano.crapanzano@chu.ulg.ac.be,Navigation système de fichier,IT,2021-08-09,08:51:58,00:00:04
stefano.crapanzano@chu.ulg.ac.be,Navigation système de fichier,IT,2021-08-09,08:52:04,00:00:05
stefano.crapanzano@chu.ulg.ac.be,Navigation système de fichier,IT,2021-08-09,08:52:21,00:00:02
stefano.crapanzano@chu.ulg.ac.be,Navigation système de fichier,IT,2021-08-09,08:53:05,00:00:11
stefano.crapanzano@chu.ulg.ac.be,Navigation système de fichier,IT,2021-08-09,08:53:26,00:00:02
stefano.crapanzano@chu.ulg.ac.be,Navigation système de fichier,IT,2021-08-09,08:53:46,00:00:02
stefano.crapanzano@chu.ulg.ac.be,Navigation système de fichier,IT,2021-08-09,08:54:23,00:00:05
stefano.crapanzano@chu.ulg.ac.be,Navigation système de fichier,IT,2021-08-09,09:03:02,00:00:02
stefano.crapanzano@chu.ulg.ac.be,Navigation système de fichier,IT,2021-08-09,09:03:15,00:00:03
stefano.crapanzano@chu.ulg.ac.be,Navigation système de fichier,IT,2021-08-09,09:03:31,00:00:02
stefano.crapanzano@chu.ulg.ac.be,Navigation système de fichier,IT,2021-08-09,09:10:44,00:00:02
stefano.crapanzano@chu.ulg.ac.be,Navigation système de fichier,IT,2021-08-09,09:36:15,00:00:04
stefano.crapanzano@chu.ulg.ac.be,Navigation système de fichier,IT,2021-08-09,09:43:50,00:07:20
stefano.crapanzano@chu.ulg.ac.be,Navigation système de fichier,IT,2021-08-09,10:22:02,00:00:02
stefano.crapanzano@chu.ulg.ac.be,Navigation système de fichier,IT,2021-08-09,10:22:05,00:02:09
stefano.crapanzano@chu.ulg.ac.be,Navigation système de fichier,IT,2021-08-09,10:43:37,00:00:06
stefano.crapanzano@chu.ulg.ac.be,Navigation système de fichier,IT,2021-08-09,10:44:25,00:00:02
stefano.crapanzano@chu.ulg.ac.be,Navigation système de fichier,IT,2021-08-09,11:08:58,00:00:06
stefano.crapanzano@chu.ulg.ac.be,Navigation système de fichier,IT,2021-08-09,11:11:02,00:00:04
stefano.crapanzano@chu.ulg.ac.be,Navigation système de fichier,IT,2021-08-09,11:43:41,00:00:03
stefano.crapanzano@chu.ulg.ac.be,Navigation système de fichier,IT,2021-08-09,11:52:51,00:00:08
stefano.crapanzano@chu.ulg.ac.be,Navigation système de fichier,IT,2021-08-09,11:53:09,00:00:03
stefano.crapanzano@chu.ulg.ac.be,Navigation système de fichier,IT,2021-08-09,11:53:44,00:00:02
stefano.crapanzano@chu.ulg.ac.be,Navigation système de fichier,IT,2021-08-09,12:12:56,00:00:35
stefano.crapanzano@chu.ulg.ac.be,Navigation système de fichier,IT,2021-08-09,12:14:29,00:00:41
stefano.crapanzano@chu.ulg.ac.be,Navigation système de fichier,IT,2021-08-09,12:50:13,00:00:03
stefano.crapanzano@chu.ulg.ac.be,Navigation système de fichier,IT,2021-08-09,13:33:33,00:00:02
stefano.crapanzano@chu.ulg.ac.be,Navigation système de fichier,IT,2021-08-09,13:33:44,00:00:06
stefano.crapanzano@chu.ulg.ac.be,Navigation système de fichier,IT,2021-08-09,13:37:51,00:00:02
stefano.crapanzano@chu.ulg.ac.be,Navigation système de fichier,IT,2021-08-09,13:38:41,00:00:02
stefano.crapanzano@chu.ulg.ac.be,Navigation système de fichier,IT,2021-08-09,13:38:55,00:00:46
stefano.crapanzano@chu.ulg.ac.be,Navigation système de fichier,IT,2021-08-09,13:41:13,00:00:02
stefano.crapanzano@chu.ulg.ac.be,Navigation système de fichier,IT,2021-08-09,14:49:04,00:00:04
stefano.crapanzano@chu.ulg.ac.be,Navigation système de fichier,IT,2021-08-09,14:49:24,00:00:03
stefano.crapanzano@chu.ulg.ac.be,Navigation système de fichier,IT,2021-08-09,15:05:46,00:00:03
stefano.crapanzano@chu.ulg.ac.be,Navigation système de fichier,IT,2021-08-09,15:07:06,00:00:08
stefano.crapanzano@chu.ulg.ac.be,Navigation système de fichier,IT,2021-08-09,15:11:58,00:00:03
stefano.crapanzano@chu.ulg.ac.be,Navigation système de fichier,IT,2021-08-09,15:16:41,00:00:02
stefano.crapanzano@chu.ulg.ac.be,Navigation système de fichier,IT,2021-08-09,15:37:37,00:00:02
stefano.crapanzano@chu.ulg.ac.be,Navigation système de fichier,IT,2021-08-09,15:40:20,00:00:05
stefano.crapanzano@chu.ulg.ac.be,Navigation système de fichier,IT,2021-08-09,15:40:43,00:00:02
stefano.crapanzano@chu.ulg.ac.be,Navigation système de fichier,IT,2021-08-09,15:40:47,00:00:02
stefano.crapanzano@chu.ulg.ac.be,Le fichier sélectionné est déjà en cours d'édition,Helpdesk général,2021-08-09,08:40:48,00:00:02
stefano.crapanzano@chu.ulg.ac.be,C:\Users\c158492\AppData\Local\Temp\fz3temp-2\1050153307.xml - Notepad++ [Administrator],IT,2021-08-09,08:41:15,00:00:02
stefano.crapanzano@chu.ulg.ac.be,Changement de tâche,Exploration SAP,2021-08-09,11:53:34,00:00:02
stefano.crapanzano@chu.ulg.ac.be,SAP Logon 750,Exploration SAP,2021-08-09,08:43:03,00:00:03
stefano.crapanzano@chu.ulg.ac.be,SAP Logon 750,Exploration SAP,2021-08-09,11:53:15,00:00:02
stefano.crapanzano@chu.ulg.ac.be,SAP Logon 750,Exploration SAP,2021-08-09,13:38:43,00:00:02
stefano.crapanzano@chu.ulg.ac.be,SAP Logon 750,Exploration SAP,2021-08-09,15:05:53,00:00:27
stefano.crapanzano@chu.ulg.ac.be,SAP Logon 750,Exploration SAP,2021-08-09,15:07:15,00:00:02
stefano.crapanzano@chu.ulg.ac.be,SAP Logon 750,Exploration SAP,2021-08-09,15:19:16,00:08:36
stefano.crapanzano@chu.ulg.ac.be,SAP Easy Access Menu de base Applications financières-économiques,Exploration SAP,2021-08-09,08:43:07,00:00:15
stefano.crapanzano@chu.ulg.ac.be,SAP Easy Access Menu de base Applications financières-économiques,Exploration SAP,2021-08-09,08:43:35,00:00:04
stefano.crapanzano@chu.ulg.ac.be,SAP Easy Access Menu de base Applications financières-économiques,Exploration SAP,2021-08-09,09:03:57,00:00:10
stefano.crapanzano@chu.ulg.ac.be,SAP Easy Access Menu de base Applications financières-économiques,Exploration SAP,2021-08-09,09:04:13,00:00:02
stefano.crapanzano@chu.ulg.ac.be,SAP Easy Access Menu de base Applications financières-économiques,Exploration SAP,2021-08-09,09:04:30,00:00:03
stefano.crapanzano@chu.ulg.ac.be,SAP Easy Access Menu de base Applications financières-économiques,Exploration SAP,2021-08-09,09:04:40,00:00:10
stefano.crapanzano@chu.ulg.ac.be,SAP Easy Access Menu de base Applications financières-économiques,Exploration SAP,2021-08-09,09:04:57,00:00:04
stefano.crapanzano@chu.ulg.ac.be,SAP Easy Access Menu de base Applications financières-économiques,Exploration SAP,2021-08-09,11:53:17,00:00:04
stefano.crapanzano@chu.ulg.ac.be,SAP Easy Access Menu de base Applications financières-économiques,Exploration SAP,2021-08-09,13:37:54,00:00:07
stefano.crapanzano@chu.ulg.ac.be,SAP Easy Access Menu de base Applications financières-économiques,Exploration SAP,2021-08-09,15:07:34,00:00:06
stefano.crapanzano@chu.ulg.ac.be,SAP Easy Access Menu de base Applications financières-économiques,Exploration SAP,2021-08-09,15:07:46,00:00:14
stefano.crapanzano@chu.ulg.ac.be,SAP Easy Access Menu de base Applications financières-économiques,Exploration SAP,2021-08-09,15:08:03,00:00:19
stefano.crapanzano@chu.ulg.ac.be,SAP Easy Access Menu de base Applications financières-économiques,Exploration SAP,2021-08-09,15:08:27,00:00:31
stefano.crapanzano@chu.ulg.ac.be,SAP Easy Access Menu de base Applications financières-économiques,Exploration SAP,2021-08-09,15:10:37,00:00:38
stefano.crapanzano@chu.ulg.ac.be,SAP Easy Access Menu de base Applications financières-économiques,Exploration SAP,2021-08-09,15:18:42,00:00:29
stefano.crapanzano@chu.ulg.ac.be,Data Browser - table BDS_BAR_IN : écran de sélection,Exploration SAP,2021-08-09,08:43:22,00:00:13
stefano.crapanzano@chu.ulg.ac.be,Data Browser - table BDS_BAR_IN : écran de sélection,Exploration SAP,2021-08-09,09:04:51,00:00:06
stefano.crapanzano@chu.ulg.ac.be,Suivi du traitement facture,Exploration SAP,2021-08-09,08:43:40,00:00:07
stefano.crapanzano@chu.ulg.ac.be,Suivi du traitement facture,Exploration SAP,2021-08-09,08:43:49,00:00:07
stefano.crapanzano@chu.ulg.ac.be,Suivi du traitement facture,Exploration SAP,2021-08-09,09:03:18,00:00:09
stefano.crapanzano@chu.ulg.ac.be,Suivi du traitement facture,Exploration SAP,2021-08-09,09:03:39,00:00:10
stefano.crapanzano@chu.ulg.ac.be,Suivi du traitement facture,Exploration SAP,2021-08-09,09:03:51,00:00:06
stefano.crapanzano@chu.ulg.ac.be,Suivi du traitement facture,Exploration SAP,2021-08-09,09:04:33,00:00:03
stefano.crapanzano@chu.ulg.ac.be,Suivi du traitement facture,Exploration SAP,2021-08-09,11:53:22,00:00:04
stefano.crapanzano@chu.ulg.ac.be,Suivi du traitement facture,Exploration SAP,2021-08-09,11:53:29,00:00:02
stefano.crapanzano@chu.ulg.ac.be,Reporting des factures avec workflow,Exploration SAP,2021-08-09,09:04:37,00:00:02
stefano.crapanzano@chu.ulg.ac.be,Reporting des factures avec workflow,Exploration SAP,2021-08-09,11:53:27,00:00:02
stefano.crapanzano@chu.ulg.ac.be,Reporting des factures avec workflow,Exploration SAP,2021-08-09,11:53:32,00:00:02
stefano.crapanzano@chu.ulg.ac.be,C:\Users\c158492\AppData\Local\Temp\fz3temp-2\1050153360.TXT - Notepad++ [Administrator],IT,2021-08-09,08:45:00,00:00:03
stefano.crapanzano@chu.ulg.ac.be,C:\Users\c158492\AppData\Local\Temp\fz3temp-2\1050153449.TXT - Notepad++ [Administrator],IT,2021-08-09,08:45:18,00:00:06
stefano.crapanzano@chu.ulg.ac.be,C:\Users\c158492\AppData\Local\Temp\fz3temp-2\C0712110261.TXT - Notepad++ [Administrator],IT,2021-08-09,08:45:44,00:00:15
stefano.crapanzano@chu.ulg.ac.be,C:\Users\c158492\AppData\Local\Temp\fz3temp-2\C0712110261.TXT - Notepad++ [Administrator],IT,2021-08-09,08:46:06,00:00:07
stefano.crapanzano@chu.ulg.ac.be,erreur chargement - Mozilla Thunderbird,Helpdesk général,2021-08-09,08:46:58,00:00:16
stefano.crapanzano@chu.ulg.ac.be,erreur chargement - Mozilla Thunderbird,Helpdesk général,2021-08-09,08:47:19,00:00:03
stefano.crapanzano@chu.ulg.ac.be,erreur chargement - Mozilla Thunderbird,Helpdesk général,2021-08-09,08:47:50,00:00:02
stefano.crapanzano@chu.ulg.ac.be,erreur chargement - Mozilla Thunderbird,Helpdesk général,2021-08-09,08:47:56,00:00:04
stefano.crapanzano@chu.ulg.ac.be,erreur chargement - Mozilla Thunderbird,Helpdesk général,2021-08-09,08:48:13,00:00:07
stefano.crapanzano@chu.ulg.ac.be,erreur chargement - Mozilla Thunderbird,Helpdesk général,2021-08-09,08:53:53,00:00:04
stefano.crapanzano@chu.ulg.ac.be,erreur chargement - Mozilla Thunderbird,Helpdesk général,2021-08-09,08:54:49,00:00:03
stefano.crapanzano@chu.ulg.ac.be,erreur chargement - Mozilla Thunderbird,Helpdesk général,2021-08-09,15:37:13,00:00:07
stefano.crapanzano@chu.ulg.ac.be,erreur chargement - Mozilla Thunderbird,Helpdesk général,2021-08-09,15:41:01,00:00:03
stefano.crapanzano@chu.ulg.ac.be,erreur chargement - Mozilla Thunderbird,Helpdesk général,2021-08-09,15:41:28,00:00:02
stefano.crapanzano@chu.ulg.ac.be,Enregistrer l’image,Helpdesk général,2021-08-09,08:47:15,00:00:02
stefano.crapanzano@chu.ulg.ac.be,Enregistrer l’image,Helpdesk général,2021-08-09,08:47:31,00:00:02
stefano.crapanzano@chu.ulg.ac.be,Enregistrer l’image,Helpdesk général,2021-08-09,08:47:52,00:00:02
stefano.crapanzano@chu.ulg.ac.be,image001.png - IrfanView,Helpdesk général,2021-08-09,08:48:47,00:00:03
stefano.crapanzano@chu.ulg.ac.be,Nouvel onglet - Google Chrome,Tâches diverses,2021-08-09,08:48:21,00:00:04
stefano.crapanzano@chu.ulg.ac.be,Nouvel onglet - Google Chrome,Tâches diverses,2021-08-09,09:01:29,00:00:07
stefano.crapanzano@chu.ulg.ac.be,Nouvel onglet - Google Chrome,Tâches diverses,2021-08-09,09:06:01,00:00:02
stefano.crapanzano@chu.ulg.ac.be,Nouvel onglet - Google Chrome,Tâches diverses,2021-08-09,09:34:33,00:00:04
stefano.crapanzano@chu.ulg.ac.be,Nouvel onglet - Google Chrome,Tâches diverses,2021-08-09,10:44:12,00:00:02
stefano.crapanzano@chu.ulg.ac.be,Nouvel onglet - Google Chrome,Tâches diverses,2021-08-09,11:54:01,00:00:03
stefano.crapanzano@chu.ulg.ac.be,Nouvel onglet - Google Chrome,Tâches diverses,2021-08-09,15:06:30,00:00:08
stefano.crapanzano@chu.ulg.ac.be,Nouvel onglet - Google Chrome,Tâches diverses,2021-08-09,15:12:02,00:00:08
stefano.crapanzano@chu.ulg.ac.be,Nouvel onglet - Google Chrome,Tâches diverses,2021-08-09,15:37:41,00:00:03
stefano.crapanzano@chu.ulg.ac.be,OCR gratuit en ligne - convertir PDF en Word ou Image en texte - Google Chrome,Tâches diverses,2021-08-09,08:48:33,00:00:02
stefano.crapanzano@chu.ulg.ac.be,Ouvrir,Tâches diverses,2021-08-09,08:48:27,00:00:06
stefano.crapanzano@chu.ulg.ac.be,Ouvrir,Tâches diverses,2021-08-09,08:49:15,00:00:06
stefano.crapanzano@chu.ulg.ac.be,Ouvrir,Tâches diverses,2021-08-09,08:50:09,00:00:05
stefano.crapanzano@chu.ulg.ac.be,Ouvrir,Tâches diverses,2021-08-09,11:08:49,00:00:07
stefano.crapanzano@chu.ulg.ac.be,Ouvrir,Tâches diverses,2021-08-09,12:05:47,00:00:03
stefano.crapanzano@chu.ulg.ac.be,Ouvrir,Tâches diverses,2021-08-09,15:37:45,00:00:04
stefano.crapanzano@chu.ulg.ac.be,Ouvrir,Tâches diverses,2021-08-09,15:38:15,00:00:06
stefano.crapanzano@chu.ulg.ac.be,Gratuit en Ligne OCR - convertir PDF numérisé et images dans Word  JPEG vers Word - Google Chrome,Tâches diverses,2021-08-09,08:48:36,00:00:06
stefano.crapanzano@chu.ulg.ac.be,Gratuit en Ligne OCR - convertir PDF numérisé et images dans Word  JPEG vers Word - Google Chrome,Tâches diverses,2021-08-09,08:49:21,00:00:14
stefano.crapanzano@chu.ulg.ac.be,Gratuit en Ligne OCR - convertir PDF numérisé et images dans Word  JPEG vers Word - Google Chrome,Tâches diverses,2021-08-09,08:50:17,00:00:13
stefano.crapanzano@chu.ulg.ac.be,Gratuit en Ligne OCR - convertir PDF numérisé et images dans Word  JPEG vers Word - Google Chrome,Tâches diverses,2021-08-09,08:52:26,00:00:08
stefano.crapanzano@chu.ulg.ac.be,Gratuit en Ligne OCR - convertir PDF numérisé et images dans Word  JPEG vers Word - Google Chrome,Tâches diverses,2021-08-09,15:37:51,00:00:24
stefano.crapanzano@chu.ulg.ac.be,Gratuit en Ligne OCR - convertir PDF numérisé et images dans Word  JPEG vers Word - Google Chrome,Tâches diverses,2021-08-09,15:38:31,00:00:12
stefano.crapanzano@chu.ulg.ac.be,Gratuit en Ligne OCR - convertir PDF numérisé et images dans Word  JPEG vers Word - Google Chrome,Tâches diverses,2021-08-09,15:38:45,00:00:12
stefano.crapanzano@chu.ulg.ac.be,Gratuit en Ligne OCR - convertir PDF numérisé et images dans Word  JPEG vers Word - Google Chrome,Tâches diverses,2021-08-09,15:41:46,00:00:04
stefano.crapanzano@chu.ulg.ac.be,Greenshot capture form,Helpdesk général,2021-08-09,08:48:43,00:00:03
stefano.crapanzano@chu.ulg.ac.be,Greenshot capture form,Helpdesk général,2021-08-09,12:05:39,00:00:05
stefano.crapanzano@chu.ulg.ac.be,Greenshot capture form,Helpdesk général,2021-08-09,15:37:20,00:00:05
stefano.crapanzano@chu.ulg.ac.be,*new 2 - Notepad++ [Administrator],IT,2021-08-09,08:50:32,00:00:50
stefano.crapanzano@chu.ulg.ac.be,*new 2 - Notepad++ [Administrator],IT,2021-08-09,08:52:34,00:00:31
stefano.crapanzano@chu.ulg.ac.be,*new 2 - Notepad++ [Administrator],IT,2021-08-09,08:53:28,00:00:17
stefano.crapanzano@chu.ulg.ac.be,*new 2 - Notepad++ [Administrator],IT,2021-08-09,08:54:29,00:00:02
stefano.crapanzano@chu.ulg.ac.be,*new 2 - Notepad++ [Administrator],IT,2021-08-09,15:39:00,00:01:20
stefano.crapanzano@chu.ulg.ac.be,Rédaction : Re: erreur chargement - Thunderbird,Helpdesk général,2021-08-09,08:54:54,00:00:16
stefano.crapanzano@chu.ulg.ac.be,Rédaction : Re: erreur chargement - Thunderbird,Helpdesk général,2021-08-09,08:55:16,00:00:03
stefano.crapanzano@chu.ulg.ac.be,Rédaction : Re: erreur chargement - Thunderbird,Helpdesk général,2021-08-09,15:41:05,00:00:19
stefano.crapanzano@chu.ulg.ac.be,Vérification de l’orthographe,Helpdesk général,2021-08-09,08:55:11,00:00:04
stefano.crapanzano@chu.ulg.ac.be,Envoyés - erp.sai@chuliege.be - Mozilla Thunderbird,Helpdesk général,2021-08-09,08:56:07,00:00:03
stefano.crapanzano@chu.ulg.ac.be,Envoyés - erp.sai@chuliege.be - Mozilla Thunderbird,Helpdesk général,2021-08-09,09:40:39,00:00:02
stefano.crapanzano@chu.ulg.ac.be,Envoyés - erp.sai@chuliege.be - Mozilla Thunderbird,Helpdesk général,2021-08-09,09:51:31,00:00:02
stefano.crapanzano@chu.ulg.ac.be,Envoyés - erp.sai@chuliege.be - Mozilla Thunderbird,Helpdesk général,2021-08-09,11:52:17,00:00:02
stefano.crapanzano@chu.ulg.ac.be,Envoyés - erp.sai@chuliege.be - Mozilla Thunderbird,Helpdesk général,2021-08-09,12:15:15,00:00:10
stefano.crapanzano@chu.ulg.ac.be,Envoyés - erp.sai@chuliege.be - Mozilla Thunderbird,Helpdesk général,2021-08-09,13:44:01,00:00:08
stefano.crapanzano@chu.ulg.ac.be,Demandes - Service d'assistance - Google Chrome,Tâches diverses,2021-08-09,08:58:35,00:00:02
stefano.crapanzano@chu.ulg.ac.be,Demandes - Service d'assistance - Google Chrome,Tâches diverses,2021-08-09,08:58:41,00:00:03
stefano.crapanzano@chu.ulg.ac.be,Demandes - Service d'assistance - Google Chrome,Tâches diverses,2021-08-09,08:58:55,00:00:03
stefano.crapanzano@chu.ulg.ac.be,Demandes - Service d'assistance - Google Chrome,Tâches diverses,2021-08-09,09:01:16,00:00:03
stefano.crapanzano@chu.ulg.ac.be,Demandes - Service d'assistance - Google Chrome,Tâches diverses,2021-08-09,09:07:42,00:00:09
stefano.crapanzano@chu.ulg.ac.be,Demandes - Service d'assistance - Google Chrome,Tâches diverses,2021-08-09,09:07:56,00:00:03
stefano.crapanzano@chu.ulg.ac.be,Demandes - Service d'assistance - Google Chrome,Tâches diverses,2021-08-09,09:08:08,00:00:02
stefano.crapanzano@chu.ulg.ac.be,Demandes - Service d'assistance - Google Chrome,Tâches diverses,2021-08-09,09:08:15,00:00:10
stefano.crapanzano@chu.ulg.ac.be,Demandes - Service d'assistance - Google Chrome,Tâches diverses,2021-08-09,09:11:50,00:18:43
stefano.crapanzano@chu.ulg.ac.be,Demandes - Service d'assistance - Google Chrome,Tâches diverses,2021-08-09,09:31:23,00:00:04
stefano.crapanzano@chu.ulg.ac.be,Demandes - Service d'assistance - Google Chrome,Tâches diverses,2021-08-09,09:41:44,00:00:13
stefano.crapanzano@chu.ulg.ac.be,Demandes - Service d'assistance - Google Chrome,Tâches diverses,2021-08-09,09:42:27,00:00:08
stefano.crapanzano@chu.ulg.ac.be,Demandes - Service d'assistance - Google Chrome,Tâches diverses,2021-08-09,09:42:53,00:00:06
stefano.crapanzano@chu.ulg.ac.be,Demandes - Service d'assistance - Google Chrome,Tâches diverses,2021-08-09,09:43:13,00:00:20
stefano.crapanzano@chu.ulg.ac.be,Demandes - Service d'assistance - Google Chrome,Tâches diverses,2021-08-09,11:07:37,00:00:02
stefano.crapanzano@chu.ulg.ac.be,Demandes - Service d'assistance - Google Chrome,Tâches diverses,2021-08-09,12:01:11,00:00:03
stefano.crapanzano@chu.ulg.ac.be,Demandes - Service d'assistance - Google Chrome,Tâches diverses,2021-08-09,12:01:22,00:00:06
stefano.crapanzano@chu.ulg.ac.be,Demandes - Service d'assistance - Google Chrome,Tâches diverses,2021-08-09,12:07:07,00:00:02
stefano.crapanzano@chu.ulg.ac.be,Demandes - Service d'assistance - Google Chrome,Tâches diverses,2021-08-09,12:07:33,00:00:09
stefano.crapanzano@chu.ulg.ac.be,Demandes - Service d'assistance - Google Chrome,Helpdesk général,2021-08-09,12:08:14,00:00:03
stefano.crapanzano@chu.ulg.ac.be,Demandes - Service d'assistance - Google Chrome,Tâches diverses,2021-08-09,12:13:41,00:00:09
stefano.crapanzano@chu.ulg.ac.be,Pas d'autorisation à la transaction SOST - Xperthis ERP4HC 2.0 Rollout - Service d'assistance - Google Chrome,Tâches diverses,2021-08-09,08:58:37,00:00:03
stefano.crapanzano@chu.ulg.ac.be,Tests data validation ERP4HC 2.0 - Xperthis ERP4HC 2.0 Rollout - Service d'assistance - Google Chrome,Tâches diverses,2021-08-09,08:58:45,00:00:10
stefano.crapanzano@chu.ulg.ac.be,Accès à X01 pour un utilisateur - Xperthis ERP4HC 2.0 Rollout - Service d'assistance - Google Chrome,Tâches diverses,2021-08-09,08:58:59,00:00:36
stefano.crapanzano@chu.ulg.ac.be,Accès à X01 pour un utilisateur - Xperthis ERP4HC 2.0 Rollout - Service d'assistance - Google Chrome,Tâches diverses,2021-08-09,08:59:56,00:00:15
stefano.crapanzano@chu.ulg.ac.be,Accès à X01 pour un utilisateur - Xperthis ERP4HC 2.0 Rollout - Service d'assistance - Google Chrome,Tâches diverses,2021-08-09,09:00:21,00:00:04
stefano.crapanzano@chu.ulg.ac.be,Accès à X01 pour un utilisateur - Xperthis ERP4HC 2.0 Rollout - Service d'assistance - Google Chrome,Tâches diverses,2021-08-09,09:01:09,00:00:02
stefano.crapanzano@chu.ulg.ac.be,Accès à X01 pour un utilisateur - Xperthis ERP4HC 2.0 Rollout - Service d'assistance - Google Chrome,Tâches diverses,2021-08-09,09:31:27,00:00:07
stefano.crapanzano@chu.ulg.ac.be,Accès à X01 pour un utilisateur - Xperthis ERP4HC 2.0 Rollout - Service d'assistance - Google Chrome,Tâches diverses,2021-08-09,09:31:38,00:00:32
stefano.crapanzano@chu.ulg.ac.be,Accès à X01 pour un utilisateur - Xperthis ERP4HC 2.0 Rollout - Service d'assistance - Google Chrome,Helpdesk général,2021-08-09,09:32:12,00:00:24
stefano.crapanzano@chu.ulg.ac.be,Accès à X01 pour un utilisateur - Xperthis ERP4HC 2.0 Rollout - Service d'assistance - Google Chrome,Tâches diverses,2021-08-09,09:32:59,00:00:45
stefano.crapanzano@chu.ulg.ac.be,Accès à X01 pour un utilisateur - Xperthis ERP4HC 2.0 Rollout - Service d'assistance - Google Chrome,Tâches diverses,2021-08-09,09:34:17,00:00:09
stefano.crapanzano@chu.ulg.ac.be,Accès à X01 pour un utilisateur - Xperthis ERP4HC 2.0 Rollout - Service d'assistance - Google Chrome,Tâches diverses,2021-08-09,09:41:41,00:00:03
stefano.crapanzano@chu.ulg.ac.be,Rédaction : (pas de sujet) - Thunderbird,Helpdesk général,2021-08-09,08:59:35,00:00:20
stefano.crapanzano@chu.ulg.ac.be,Rédaction : (pas de sujet) - Thunderbird,Helpdesk général,2021-08-09,09:00:11,00:00:09
stefano.crapanzano@chu.ulg.ac.be,Rédaction : (pas de sujet) - Thunderbird,Helpdesk général,2021-08-09,09:00:26,00:00:06
stefano.crapanzano@chu.ulg.ac.be,Rédaction : (pas de sujet) - Thunderbird,Helpdesk général,2021-08-09,09:34:56,00:00:13
stefano.crapanzano@chu.ulg.ac.be,Rédaction : Accès à Jira et Sharepoint - Thunderbird,Helpdesk général,2021-08-09,09:00:36,00:00:32
stefano.crapanzano@chu.ulg.ac.be,Rédaction : Accès à Jira et Sharepoint - Thunderbird,Helpdesk général,2021-08-09,09:01:20,00:00:09
stefano.crapanzano@chu.ulg.ac.be,Rédaction : Accès à Jira et Sharepoint - Thunderbird,Helpdesk général,2021-08-09,09:01:56,00:00:26
stefano.crapanzano@chu.ulg.ac.be,ZORGI Help Center - Service d'assistance - Google Chrome,Tâches diverses,2021-08-09,09:01:11,00:00:02
stefano.crapanzano@chu.ulg.ac.be,ZORGI Help Center - Service d'assistance - Google Chrome,Tâches diverses,2021-08-09,11:07:39,00:00:07
stefano.crapanzano@chu.ulg.ac.be,ZORGI Help Center - Service d'assistance - Google Chrome,Tâches diverses,2021-08-09,12:01:28,00:00:02
stefano.crapanzano@chu.ulg.ac.be,ERP4HC2.0_post-kickoff_203_20210210 - CHU.xlsx - Google Chrome,Tâches diverses,2021-08-09,11:53:52,00:00:08
stefano.crapanzano@chu.ulg.ac.be,ERP4HC2.0_post-kickoff_203_20210210 - CHU.xlsx - Google Chrome,Tâches diverses,2021-08-09,15:06:47,00:00:19
stefano.crapanzano@chu.ulg.ac.be,ERP4HC2.0_post-kickoff_203_20210210 - CHU.xlsx - Google Chrome,Tâches diverses,2021-08-09,15:09:02,00:00:16
stefano.crapanzano@chu.ulg.ac.be,Connectez-vous à votre compte - Google Chrome,Tâches diverses,2021-08-09,09:01:38,00:00:07
stefano.crapanzano@chu.ulg.ac.be,Customer Portal - Home - Google Chrome,Tâches diverses,2021-08-09,09:01:46,00:00:03
stefano.crapanzano@chu.ulg.ac.be,Customer Portal - Home - Google Chrome,Tâches diverses,2021-08-09,11:54:05,00:00:04
stefano.crapanzano@chu.ulg.ac.be,Centre Hospitalier Universitaire de Liège - Client Documents - Google Chrome,Tâches diverses,2021-08-09,09:01:51,00:00:04
stefano.crapanzano@chu.ulg.ac.be,Centre Hospitalier Universitaire de Liège - Client Documents - Google Chrome,Tâches diverses,2021-08-09,09:02:22,00:00:07
stefano.crapanzano@chu.ulg.ac.be,Centre Hospitalier Universitaire de Liège - Client Documents - Google Chrome,Tâches diverses,2021-08-09,15:06:43,00:00:03
stefano.crapanzano@chu.ulg.ac.be,Centre Hospitalier Universitaire de Liège - Client Documents - Google Chrome,Tâches diverses,2021-08-09,15:09:19,00:00:12
stefano.crapanzano@chu.ulg.ac.be,tests à réaliser.xlsx - Excel,Tâches diverses,2021-08-09,09:51:34,00:06:28
stefano.crapanzano@chu.ulg.ac.be,tests à réaliser.xlsx - Excel,Tâches diverses,2021-08-09,15:44:03,00:00:03
stefano.crapanzano@chu.ulg.ac.be,tests à réaliser.xlsx - Excel,Tâches diverses,2021-08-09,15:44:08,00:00:05
stefano.crapanzano@chu.ulg.ac.be,tests à réaliser.xlsx - Excel,Tâches diverses,2021-08-09,15:44:16,00:00:04
stefano.crapanzano@chu.ulg.ac.be,Identification - Google Chrome,Tâches diverses,2021-08-09,09:06:03,00:00:04
stefano.crapanzano@chu.ulg.ac.be,SAM-DB - Google Chrome,Tâches diverses,2021-08-09,09:06:09,00:00:18
stefano.crapanzano@chu.ulg.ac.be,SAM-DB - Google Chrome,Tâches diverses,2021-08-09,09:06:37,00:00:38
stefano.crapanzano@chu.ulg.ac.be,SAM-DB - Google Chrome,Tâches diverses,2021-08-09,09:07:33,00:00:03
stefano.crapanzano@chu.ulg.ac.be,SAM-DB - Google Chrome,Tâches diverses,2021-08-09,09:07:39,00:00:02
stefano.crapanzano@chu.ulg.ac.be,SAM-DB - Google Chrome,Tâches diverses,2021-08-09,09:08:47,00:00:22
stefano.crapanzano@chu.ulg.ac.be,SAM-DB - Google Chrome,Tâches diverses,2021-08-09,09:10:00,00:00:24
stefano.crapanzano@chu.ulg.ac.be,SAM-DB - Google Chrome,Tâches diverses,2021-08-09,09:10:46,00:01:03
stefano.crapanzano@chu.ulg.ac.be,SAM-DB - Google Chrome,Tâches diverses,2021-08-09,09:41:38,00:00:02
stefano.crapanzano@chu.ulg.ac.be,SAM-DB - Google Chrome,Tâches diverses,2021-08-09,09:43:42,00:00:03
stefano.crapanzano@chu.ulg.ac.be,SAM-DB - Google Chrome,Tâches diverses,2021-08-09,09:58:03,00:00:07
stefano.crapanzano@chu.ulg.ac.be,SAM-DB : Transfert de licence - Google Chrome,Tâches diverses,2021-08-09,09:06:29,00:00:08
stefano.crapanzano@chu.ulg.ac.be,SAM-DB : clone d'un pc ATI - Google Chrome,Tâches diverses,2021-08-09,09:07:17,00:00:16
stefano.crapanzano@chu.ulg.ac.be,Connexion à TE5 impossible pour tout le monde - Xperthis ERP4HC 2.0 Rollout - Service d'assistance - Google Chrome,Tâches diverses,2021-08-09,09:07:51,00:00:04
stefano.crapanzano@chu.ulg.ac.be,P203/CHU Accès à plusieurs transactions sur TE5 - Xperthis ERP4HC 2.0 Rollout - Service d'assistance - Google Chrome,Tâches diverses,2021-08-09,09:08:00,00:00:08
stefano.crapanzano@chu.ulg.ac.be,P203/CHU UDM_DISPUTE pas accessible sur TE5 - Xperthis ERP4HC 2.0 Rollout - Service d'assistance - Google Chrome,Tâches diverses,2021-08-09,09:08:11,00:00:04
stefano.crapanzano@chu.ulg.ac.be,Netop Invité,Tâches diverses,2021-08-09,09:09:09,00:00:06
stefano.crapanzano@chu.ulg.ac.be,Connexion à l'aide de l'authentification Windows,Helpdesk général,2021-08-09,09:09:15,00:00:02
stefano.crapanzano@chu.ulg.ac.be,erpftp - Netop Remote Control,Helpdesk général,2021-08-09,09:09:19,00:00:40
stefano.crapanzano@chu.ulg.ac.be,2 Traité - erp.sai@chuliege.be - Mozilla Thunderbird,Helpdesk général,2021-08-09,09:32:41,00:00:09
stefano.crapanzano@chu.ulg.ac.be,Boîte de réception (62 772) - s.crapanzano@gmail.com - Gmail - Google Chrome,Tâches diverses,2021-08-09,09:34:26,00:00:03
stefano.crapanzano@chu.ulg.ac.be,Courrier - Fabrice Crapanzano - Outlook - Google Chrome,Tâches diverses,2021-08-09,09:34:39,00:00:10
stefano.crapanzano@chu.ulg.ac.be,Courrier - Fabrice Crapanzano - Outlook - Google Chrome,Tâches diverses,2021-08-09,09:43:33,00:00:08
stefano.crapanzano@chu.ulg.ac.be,Courrier - Fabrice Crapanzano - Outlook - Google Chrome,Tâches diverses,2021-08-09,10:44:15,00:00:07
stefano.crapanzano@chu.ulg.ac.be,Joindre les fichiers,Helpdesk général,2021-08-09,09:34:50,00:00:06
stefano.crapanzano@chu.ulg.ac.be,Rédaction : Attestation absence Vendredi 7/8 - Thunderbird,Helpdesk général,2021-08-09,09:35:17,00:00:46
stefano.crapanzano@chu.ulg.ac.be,Envoyés - stefano.crapanzano@chuliege.be - Mozilla Thunderbird,Helpdesk général,2021-08-09,09:40:42,00:00:18
stefano.crapanzano@chu.ulg.ac.be,20210809090331875.pdf - Google Chrome,Tâches diverses,2021-08-09,09:41:01,00:00:36
stefano.crapanzano@chu.ulg.ac.be,ME5A: RESULTATS DIVERGENTS ENTRE TE5 ET X01 - Xperthis ERP4HC 2.0 Rollout - Service d'assistance - Google Chrome,Tâches diverses,2021-08-09,09:41:57,00:00:30
stefano.crapanzano@chu.ulg.ac.be,CETTE TRANSACTION NE FONCTIONNE PLUS DANS X01 - Xperthis ERP4HC 2.0 Rollout - Service d'assistance - Google Chrome,Tâches diverses,2021-08-09,09:42:36,00:00:16
stefano.crapanzano@chu.ulg.ac.be,Lecture documentation,Tâches diverses,2021-08-09,09:58:10,00:23:51
stefano.crapanzano@chu.ulg.ac.be,Lecture documentation,Tâches diverses,2021-08-09,10:24:15,00:19:03
stefano.crapanzano@chu.ulg.ac.be,Lecture documentation,Tâches diverses,2021-08-09,10:44:50,00:20:22
stefano.crapanzano@chu.ulg.ac.be,Lecture documentation,Tâches diverses,2021-08-09,11:06:29,00:00:17
stefano.crapanzano@chu.ulg.ac.be,Lecture documentation,Tâches diverses,2021-08-09,11:11:06,00:28:15
stefano.crapanzano@chu.ulg.ac.be,Lecture documentation,Tâches diverses,2021-08-09,11:39:39,00:03:10
stefano.crapanzano@chu.ulg.ac.be,Lecture documentation,Tâches diverses,2021-08-09,11:43:32,00:00:08
stefano.crapanzano@chu.ulg.ac.be,Lecture documentation,Tâches diverses,2021-08-09,11:43:46,00:08:25
stefano.crapanzano@chu.ulg.ac.be,Lecture documentation,Tâches diverses,2021-08-09,11:52:22,00:00:27
stefano.crapanzano@chu.ulg.ac.be,Lecture documentation,Tâches diverses,2021-08-09,11:58:39,00:00:03
stefano.crapanzano@chu.ulg.ac.be,Lecture documentation,Tâches diverses,2021-08-09,12:10:26,00:02:26
stefano.crapanzano@chu.ulg.ac.be,Lecture documentation,Tâches diverses,2021-08-09,12:16:10,00:01:27
stefano.crapanzano@chu.ulg.ac.be,Lecture documentation,Tâches diverses,2021-08-09,12:18:50,00:31:13
stefano.crapanzano@chu.ulg.ac.be,Lecture documentation,Tâches diverses,2021-08-09,12:54:22,00:06:37
stefano.crapanzano@chu.ulg.ac.be,Lecture documentation,Tâches diverses,2021-08-09,13:04:52,00:28:40
stefano.crapanzano@chu.ulg.ac.be,Lecture documentation,Tâches diverses,2021-08-09,13:33:42,00:00:02
stefano.crapanzano@chu.ulg.ac.be,Lecture documentation,Tâches diverses,2021-08-09,13:36:01,00:01:50
stefano.crapanzano@chu.ulg.ac.be,Lecture documentation,Tâches diverses,2021-08-09,13:41:26,00:02:34
stefano.crapanzano@chu.ulg.ac.be,Lecture documentation,Tâches diverses,2021-08-09,13:44:15,00:35:02
stefano.crapanzano@chu.ulg.ac.be,Lecture documentation,Tâches diverses,2021-08-09,14:19:58,00:09:44
stefano.crapanzano@chu.ulg.ac.be,Lecture documentation,Tâches diverses,2021-08-09,14:29:59,00:19:05
stefano.crapanzano@chu.ulg.ac.be,Lecture documentation,Tâches diverses,2021-08-09,14:49:16,00:00:02
stefano.crapanzano@chu.ulg.ac.be,Lecture documentation,Tâches diverses,2021-08-09,14:49:21,00:00:03
stefano.crapanzano@chu.ulg.ac.be,Lecture documentation,Tâches diverses,2021-08-09,14:50:41,00:07:17
stefano.crapanzano@chu.ulg.ac.be,Lecture documentation,Tâches diverses,2021-08-09,14:58:26,00:04:57
stefano.crapanzano@chu.ulg.ac.be,Lecture documentation,Tâches diverses,2021-08-09,15:03:25,00:02:20
stefano.crapanzano@chu.ulg.ac.be,Lecture documentation,Tâches diverses,2021-08-09,15:29:06,00:04:39
stefano.crapanzano@chu.ulg.ac.be,Lecture documentation,Tâches diverses,2021-08-09,15:33:59,00:03:10
stefano.crapanzano@chu.ulg.ac.be,Lecture documentation,Tâches diverses,2021-08-09,15:41:50,00:01:32
stefano.crapanzano@chu.ulg.ac.be,Lecture documentation,Tâches diverses,2021-08-09,15:43:46,00:00:17
stefano.crapanzano@chu.ulg.ac.be,Lecture documentation,Tâches diverses,2021-08-09,15:44:14,00:00:02
stefano.crapanzano@chu.ulg.ac.be,Lecture documentation,Tâches diverses,2021-08-09,15:44:21,00:01:51
stefano.crapanzano@chu.ulg.ac.be,Lecture documentation,Tâches diverses,2021-08-09,16:30:50,00:32:01
stefano.crapanzano@chu.ulg.ac.be,Boîte de réception (62 774) - s.crapanzano@gmail.com - Gmail - Google Chrome,Tâches diverses,2021-08-09,10:43:23,00:00:03
stefano.crapanzano@chu.ulg.ac.be,Renforcez la sécurité de votre compte Google - s.crapanzano@gmail.com - Gmail - Google Chrome,Tâches diverses,2021-08-09,10:43:26,00:00:04
stefano.crapanzano@chu.ulg.ac.be,Renforcez la sécurité de votre compte Google - s.crapanzano@gmail.com - Gmail - Google Chrome,Tâches diverses,2021-08-09,10:44:22,00:00:02
stefano.crapanzano@chu.ulg.ac.be,Connexion : comptes Google - Google Chrome,Tâches diverses,2021-08-09,10:43:33,00:00:04
stefano.crapanzano@chu.ulg.ac.be,Connexion : comptes Google - Google Chrome,Tâches diverses,2021-08-09,10:44:02,00:00:04
stefano.crapanzano@chu.ulg.ac.be,Adresse e-mail de récupération - Google Chrome,Tâches diverses,2021-08-09,10:44:07,00:00:04
stefano.crapanzano@chu.ulg.ac.be,Adresse e-mail de récupération - Google Chrome,Tâches diverses,2021-08-09,10:44:27,00:00:12
stefano.crapanzano@chu.ulg.ac.be,Adresse e-mail de récupération - Google Chrome,Tâches diverses,2021-08-09,15:28:59,00:00:02
stefano.crapanzano@chu.ulg.ac.be,Boîte de réception (62 773) - s.crapanzano@gmail.com - Gmail - Google Chrome,Tâches diverses,2021-08-09,10:44:40,00:00:07
stefano.crapanzano@chu.ulg.ac.be,SAP GUI for Windows 750,Exploration SAP,2021-08-09,11:05:12,00:01:16
stefano.crapanzano@chu.ulg.ac.be,SAP GUI for Windows 750,Exploration SAP,2021-08-09,15:38:43,00:00:02
stefano.crapanzano@chu.ulg.ac.be,Xperthis ERP4HC 1.0 - Service d'assistance - Google Chrome,Tâches diverses,2021-08-09,11:07:46,00:00:02
stefano.crapanzano@chu.ulg.ac.be,Question ERP for HealthCare - Xperthis ERP4HC 1.0 - Service d'assistance - Google Chrome,Tâches diverses,2021-08-09,11:07:49,00:00:54
stefano.crapanzano@chu.ulg.ac.be,Question ERP for HealthCare - Xperthis ERP4HC 1.0 - Service d'assistance - Google Chrome,Tâches diverses,2021-08-09,11:08:56,00:00:02
stefano.crapanzano@chu.ulg.ac.be,Question ERP for HealthCare - Xperthis ERP4HC 1.0 - Service d'assistance - Google Chrome,Tâches diverses,2021-08-09,11:09:46,00:00:09
stefano.crapanzano@chu.ulg.ac.be,Enregistrer la pièce jointe,Helpdesk général,2021-08-09,11:08:45,00:00:02
stefano.crapanzano@chu.ulg.ac.be,Compte général à rapprocher - Xperthis ERP4HC 1.0 - Service d'assistance - Google Chrome,Helpdesk général,2021-08-09,11:09:57,00:00:04
stefano.crapanzano@chu.ulg.ac.be,Compte général à rapprocher - Xperthis ERP4HC 1.0 - Service d'assistance - Google Chrome,Tâches diverses,2021-08-09,11:42:56,00:00:02
stefano.crapanzano@chu.ulg.ac.be,Compte général à rapprocher - Xperthis ERP4HC 1.0 - Service d'assistance - Google Chrome,Helpdesk général,2021-08-09,11:53:47,00:00:04
stefano.crapanzano@chu.ulg.ac.be,Compte général à rapprocher - Xperthis ERP4HC 1.0 - Service d'assistance - Google Chrome,Tâches diverses,2021-08-09,12:01:09,00:00:02
stefano.crapanzano@chu.ulg.ac.be,Rédaction : Re: SAP : Compte général à rapprocher - #499030 - Ticket JIRA - Thunderbird,Helpdesk général,2021-08-09,11:10:09,00:00:38
stefano.crapanzano@chu.ulg.ac.be,Programmation,IT,2021-08-09,11:43:07,00:00:23
stefano.crapanzano@chu.ulg.ac.be,Serveur application Directory / Files Utility,Exploration SAP,2021-08-09,11:53:13,00:00:02
stefano.crapanzano@chu.ulg.ac.be,Study Groups - Home - Google Chrome,Tâches diverses,2021-08-09,11:54:10,00:00:04
stefano.crapanzano@chu.ulg.ac.be,Study Groups - Home - Google Chrome,Tâches diverses,2021-08-09,15:06:40,00:00:03
stefano.crapanzano@chu.ulg.ac.be,Study Groups - ERP4HC - Tous les documents - Google Chrome,Tâches diverses,2021-08-09,15:06:28,00:00:02
stefano.crapanzano@chu.ulg.ac.be,Study Groups - Résultats de la recherche pour « edicom » - Tous les documents - Google Chrome,Tâches diverses,2021-08-09,11:54:20,00:00:08
stefano.crapanzano@chu.ulg.ac.be,Study Groups - Résultats de la recherche pour « edicom » - Tous les documents - Google Chrome,Tâches diverses,2021-08-09,11:54:40,00:00:14
stefano.crapanzano@chu.ulg.ac.be,Study Groups - Résultats de la recherche pour « edicom » - Tous les documents - Google Chrome,Tâches diverses,2021-08-09,11:55:13,00:00:09
stefano.crapanzano@chu.ulg.ac.be,Study Groups - Résultats de la recherche pour « edicom » - Tous les documents - Google Chrome,Tâches diverses,2021-08-09,15:06:23,00:00:04
stefano.crapanzano@chu.ulg.ac.be,Microsoft Word - FI_AP_XML_2_Inbound Invoice_V5.docm - Google Chrome,Tâches diverses,2021-08-09,11:54:28,00:00:12
stefano.crapanzano@chu.ulg.ac.be,Study Groups - XPE_Whitepaper_ERP4HC_e-invoicing en e-procurement.pdf - Tous les documents - Google Chrome,Tâches diverses,2021-08-09,11:54:55,00:00:12
stefano.crapanzano@chu.ulg.ac.be,Boîte de réception (62 778) - s.crapanzano@gmail.com - Gmail - Google Chrome,Tâches diverses,2021-08-09,11:55:08,00:00:04
stefano.crapanzano@chu.ulg.ac.be,Study Groups - 20190523 - Edicom Xperthis_Presentatie 7 mei v01.pdf - Tous les documents - Google Chrome,Tâches diverses,2021-08-09,11:55:22,00:00:09
stefano.crapanzano@chu.ulg.ac.be,edicom - Mozilla Thunderbird,Helpdesk général,2021-08-09,11:55:37,00:00:21
stefano.crapanzano@chu.ulg.ac.be,edicom - Mozilla Thunderbird,Helpdesk général,2021-08-09,11:57:03,00:00:09
stefano.crapanzano@chu.ulg.ac.be,Accès à Ediwin - Mozilla Thunderbird,Helpdesk général,2021-08-09,11:55:58,00:00:07
stefano.crapanzano@chu.ulg.ac.be,Accès à Ediwin - Mozilla Thunderbird,Helpdesk général,2021-08-09,11:56:10,00:00:03
stefano.crapanzano@chu.ulg.ac.be,Accès à Ediwin - Mozilla Thunderbird,Helpdesk général,2021-08-09,11:56:16,00:00:03
stefano.crapanzano@chu.ulg.ac.be,Accès à Ediwin - Mozilla Thunderbird,Helpdesk général,2021-08-09,11:56:52,00:00:07
stefano.crapanzano@chu.ulg.ac.be,Accès à Ediwin - Mozilla Thunderbird,Helpdesk général,2021-08-09,11:57:01,00:00:02
stefano.crapanzano@chu.ulg.ac.be,ASP - Application EDI SaaS - Google Chrome,Tâches diverses,2021-08-09,11:56:07,00:00:03
stefano.crapanzano@chu.ulg.ac.be,ASP - Application EDI SaaS - Google Chrome,Tâches diverses,2021-08-09,11:56:14,00:00:02
stefano.crapanzano@chu.ulg.ac.be,ASP - Application EDI SaaS - Google Chrome,Tâches diverses,2021-08-09,11:56:20,00:00:32
stefano.crapanzano@chu.ulg.ac.be,TR: Mise en production CHU - Mozilla Thunderbird,Helpdesk général,2021-08-09,11:57:13,00:01:13
stefano.crapanzano@chu.ulg.ac.be,TR: Mise en production CHU - Mozilla Thunderbird,Helpdesk général,2021-08-09,11:58:45,00:00:02
stefano.crapanzano@chu.ulg.ac.be,TR: Mise en production CHU - Mozilla Thunderbird,Helpdesk général,2021-08-09,11:59:05,00:01:46
stefano.crapanzano@chu.ulg.ac.be,Test de validations - Xperthis ERP4HC 2.0 Rollout - Service d'assistance - Google Chrome,Tâches diverses,2021-08-09,12:01:15,00:00:07
stefano.crapanzano@chu.ulg.ac.be,Incident ERP for HealthCare - Xperthis ERP4HC 2.0 Rollout - Service d'assistance - Google Chrome,Tâches diverses,2021-08-09,12:01:31,00:00:12
stefano.crapanzano@chu.ulg.ac.be,Incident ERP for HealthCare - Xperthis ERP4HC 2.0 Rollout - Service d'assistance - Google Chrome,Tâches diverses,2021-08-09,12:02:45,00:00:13
stefano.crapanzano@chu.ulg.ac.be,Incident ERP for HealthCare - Xperthis ERP4HC 2.0 Rollout - Service d'assistance - Google Chrome,Tâches diverses,2021-08-09,12:03:37,00:00:04
stefano.crapanzano@chu.ulg.ac.be,Incident ERP for HealthCare - Xperthis ERP4HC 2.0 Rollout - Service d'assistance - Google Chrome,Tâches diverses,2021-08-09,12:04:01,00:00:30
stefano.crapanzano@chu.ulg.ac.be,Incident ERP for HealthCare - Xperthis ERP4HC 2.0 Rollout - Service d'assistance - Google Chrome,Tâches diverses,2021-08-09,12:04:39,00:00:48
stefano.crapanzano@chu.ulg.ac.be,Incident ERP for HealthCare - Xperthis ERP4HC 2.0 Rollout - Service d'assistance - Google Chrome,Tâches diverses,2021-08-09,12:05:50,00:00:28
stefano.crapanzano@chu.ulg.ac.be,Factures EDICOM en erreur - Xperthis ERP4HC 2.0 Rollout - Service d'assistance - Google Chrome,Tâches diverses,2021-08-09,12:06:19,00:00:48
stefano.crapanzano@chu.ulg.ac.be,Factures EDICOM en erreur - Xperthis ERP4HC 2.0 Rollout - Service d'assistance - Google Chrome,Tâches diverses,2021-08-09,12:13:51,00:00:09
stefano.crapanzano@chu.ulg.ac.be,Factures EDICOM en erreur - Xperthis ERP4HC 2.0 Rollout - Service d'assistance - Google Chrome,Tâches diverses,2021-08-09,13:33:35,00:00:02
stefano.crapanzano@chu.ulg.ac.be,Incident ERP for HealthCare - Xperthis ERP4HC 1.0 - Service d'assistance - Google Chrome,Tâches diverses,2021-08-09,12:07:12,00:00:03
stefano.crapanzano@chu.ulg.ac.be,Incident ERP for HealthCare - Xperthis ERP4HC 1.0 - Service d'assistance - Google Chrome,Tâches diverses,2021-08-09,12:07:17,00:00:13
stefano.crapanzano@chu.ulg.ac.be,Factures EDICOM en erreur - Xperthis ERP4HC 1.0 - Service d'assistance - Google Chrome,Tâches diverses,2021-08-09,12:07:30,00:00:03
stefano.crapanzano@chu.ulg.ac.be,Factures EDICOM en erreur - Xperthis ERP4HC 1.0 - Service d'assistance - Google Chrome,Tâches diverses,2021-08-09,12:08:18,00:00:03
stefano.crapanzano@chu.ulg.ac.be,Factures EDICOM en erreur - Xperthis ERP4HC 1.0 - Service d'assistance - Google Chrome,Tâches diverses,2021-08-09,12:08:56,00:00:02
stefano.crapanzano@chu.ulg.ac.be,Factures EDICOM en erreur - Xperthis ERP4HC 1.0 - Service d'assistance - Google Chrome,Tâches diverses,2021-08-09,12:09:30,00:00:02
stefano.crapanzano@chu.ulg.ac.be,Factures EDICOM en erreur - Xperthis ERP4HC 1.0 - Service d'assistance - Google Chrome,Tâches diverses,2021-08-09,15:29:01,00:00:02
stefano.crapanzano@chu.ulg.ac.be,Rédaction : Re: Erreur workflow EDI - Thunderbird,Helpdesk général,2021-08-09,12:08:22,00:00:33
stefano.crapanzano@chu.ulg.ac.be,Boîte de réception (62 779) - s.crapanzano@gmail.com - Gmail - Google Chrome,Tâches diverses,2021-08-09,12:09:35,00:00:02
stefano.crapanzano@chu.ulg.ac.be,Boîte de réception (62 780) - s.crapanzano@gmail.com - Gmail - Google Chrome,Tâches diverses,2021-08-09,12:09:37,00:00:03
stefano.crapanzano@chu.ulg.ac.be,Boîte de réception (62 780) - s.crapanzano@gmail.com - Gmail - Google Chrome,Tâches diverses,2021-08-09,13:33:39,00:00:02
stefano.crapanzano@chu.ulg.ac.be,Alerte rouge pour l'humanité - chasse à l'homme à Braine-l'Alleud - pourquoi les prix de l'énergie explosent - s.crapanzano@gmail.com - Gmail - Google Chrome,Tâches diverses,2021-08-09,12:09:41,00:00:45
stefano.crapanzano@chu.ulg.ac.be,P203 CHU Factures EDICOM en erreur - Xperthis ERP4HC 1.0 - Service d'assistance - Google Chrome,Tâches diverses,2021-08-09,12:13:35,00:00:06
stefano.crapanzano@chu.ulg.ac.be,Gestion des utilisateurs : écran initial,Exploration SAP,2021-08-09,13:38:01,00:00:13
stefano.crapanzano@chu.ulg.ac.be,Gestion des utilisateurs : écran initial,Exploration SAP,2021-08-09,13:38:22,00:00:03
stefano.crapanzano@chu.ulg.ac.be,Gestion des utilisateurs : écran initial,Exploration SAP,2021-08-09,13:38:28,00:00:13
stefano.crapanzano@chu.ulg.ac.be,Gestion des utilisateurs : écran initial,Exploration SAP,2021-08-09,15:05:49,00:00:03
stefano.crapanzano@chu.ulg.ac.be,Afficher utilisateur,Exploration SAP,2021-08-09,13:38:15,00:00:07
stefano.crapanzano@chu.ulg.ac.be,Débloquer utilisateur H114658,Exploration SAP,2021-08-09,13:38:25,00:00:02
stefano.crapanzano@chu.ulg.ac.be,SAP,Exploration SAP,2021-08-09,13:38:46,00:00:09
stefano.crapanzano@chu.ulg.ac.be,SAP,Exploration SAP,2021-08-09,13:39:50,00:00:03
stefano.crapanzano@chu.ulg.ac.be,SAP,Exploration SAP,2021-08-09,13:40:22,00:00:02
stefano.crapanzano@chu.ulg.ac.be,SAP,Exploration SAP,2021-08-09,15:07:17,00:00:13
stefano.crapanzano@chu.ulg.ac.be,accès PDA H114658 - Mozilla Thunderbird,Helpdesk général,2021-08-09,13:41:16,00:00:02
stefano.crapanzano@chu.ulg.ac.be,Rédaction : Re: accès PDA H114658 - Thunderbird,Helpdesk général,2021-08-09,13:40:33,00:00:25
stefano.crapanzano@chu.ulg.ac.be,Rédaction : Re: accès PDA H114658 - Thunderbird,Helpdesk général,2021-08-09,13:41:01,00:00:06
stefano.crapanzano@chu.ulg.ac.be,Boîte de réception (62 781) - s.crapanzano@gmail.com - Gmail - Google Chrome,Tâches diverses,2021-08-09,14:49:09,00:00:03
stefano.crapanzano@chu.ulg.ac.be,Boîte de réception (62 781) - s.crapanzano@gmail.com - Gmail - Google Chrome,Tâches diverses,2021-08-09,14:49:14,00:00:02
stefano.crapanzano@chu.ulg.ac.be,Boîte de réception (62 781) - s.crapanzano@gmail.com - Gmail - Google Chrome,Tâches diverses,2021-08-09,15:03:23,00:00:02
stefano.crapanzano@chu.ulg.ac.be,Boîte de réception (62 781) - s.crapanzano@gmail.com - Gmail - Google Chrome,Tâches diverses,2021-08-09,15:06:20,00:00:02
stefano.crapanzano@chu.ulg.ac.be,Boîte de réception (62 781) - s.crapanzano@gmail.com - Gmail - Google Chrome,Tâches diverses,2021-08-09,15:27:54,00:00:03
stefano.crapanzano@chu.ulg.ac.be,Boîte de réception (62 781) - s.crapanzano@gmail.com - Gmail - Google Chrome,Tâches diverses,2021-08-09,15:33:48,00:00:04
stefano.crapanzano@chu.ulg.ac.be,Boîte de réception (62 781) - s.crapanzano@gmail.com - Gmail - Google Chrome,Tâches diverses,2021-08-09,15:43:23,00:00:02
stefano.crapanzano@chu.ulg.ac.be,Info licence en cas de connexion multiple,Exploration SAP,2021-08-09,15:07:31,00:00:03
stefano.crapanzano@chu.ulg.ac.be,SAP Easy Access -  Menu pour Stefano CRAPANZANO,Exploration SAP,2021-08-09,15:07:40,00:00:06
stefano.crapanzano@chu.ulg.ac.be,SAP Easy Access -  Menu pour Stefano CRAPANZANO,Exploration SAP,2021-08-09,15:08:01,00:00:02
stefano.crapanzano@chu.ulg.ac.be,Exporter/importer Lien entre article-centre de coûts et quantité,Exploration SAP,2021-08-09,15:08:22,00:00:04
stefano.crapanzano@chu.ulg.ac.be,Gestion des rôles,Exploration SAP,2021-08-09,15:08:58,00:00:02
stefano.crapanzano@chu.ulg.ac.be,Structure arborescente ERP4HC2.0.xlsx - Google Chrome,Tâches diverses,2021-08-09,15:09:31,00:01:04
stefano.crapanzano@chu.ulg.ac.be,Structure arborescente ERP4HC2.0.xlsx - Google Chrome,Tâches diverses,2021-08-09,15:11:15,00:00:43
stefano.crapanzano@chu.ulg.ac.be,Structure arborescente ERP4HC2.0.xlsx - Google Chrome,Tâches diverses,2021-08-09,15:28:29,00:00:30
stefano.crapanzano@chu.ulg.ac.be,CHU de Liège - Intranet - Google Chrome,Tâches diverses,2021-08-09,15:12:10,00:00:02
stefano.crapanzano@chu.ulg.ac.be,CHU de Liège - Intranet - Google Chrome,Tâches diverses,2021-08-09,15:28:04,00:00:25
stefano.crapanzano@chu.ulg.ac.be,myCHU - Google Chrome,Tâches diverses,2021-08-09,15:12:14,00:00:02
stefano.crapanzano@chu.ulg.ac.be,myCHU - Google Chrome,Tâches diverses,2021-08-09,15:28:01,00:00:02
stefano.crapanzano@chu.ulg.ac.be,STP : planning - Google Chrome,Tâches diverses,2021-08-09,15:12:18,00:00:02
stefano.crapanzano@chu.ulg.ac.be,Planning équipes - Google Chrome,Tâches diverses,2021-08-09,15:12:21,00:02:27
stefano.crapanzano@chu.ulg.ac.be,waseige - Mozilla Thunderbird,Helpdesk général,2021-08-09,15:14:52,00:00:20
stefano.crapanzano@chu.ulg.ac.be,Validation des données et SSP - Mozilla Thunderbird,Helpdesk général,2021-08-09,15:15:12,00:00:13
stefano.crapanzano@chu.ulg.ac.be,Validation des données et SSP - Mozilla Thunderbird,Helpdesk général,2021-08-09,15:15:34,00:01:07
stefano.crapanzano@chu.ulg.ac.be,Validation des données et SSP - Mozilla Thunderbird,Helpdesk général,2021-08-09,15:16:43,00:01:32
stefano.crapanzano@chu.ulg.ac.be,Validation des données et SSP - Mozilla Thunderbird,Helpdesk général,2021-08-09,15:18:19,00:00:21
stefano.crapanzano@chu.ulg.ac.be,Validation des données et SSP - Mozilla Thunderbird,Helpdesk général,2021-08-09,15:29:04,00:00:02
stefano.crapanzano@chu.ulg.ac.be,Validation des données et SSP - Mozilla Thunderbird,Tâches diverses,2021-08-09,15:33:53,00:00:05
stefano.crapanzano@chu.ulg.ac.be,Rédaction : Fwd: Validation des données et SSP - Thunderbird,Helpdesk général,2021-08-09,15:15:27,00:00:04
