Email,Description,Project,Start date,Start time,Duration
stefano.crapanzano@chu.ulg.ac.be,Administrateur : Perl (command line) - python  main.py,IT,2021-08-13,08:29:32,00:00:24
stefano.crapanzano@chu.ulg.ac.be,Administrateur : Perl (command line) - python  main.py,IT,2021-08-13,16:34:54,00:00:02
stefano.crapanzano@chu.ulg.ac.be,Envoyés - erp.sai@chuliege.be - Mozilla Thunderbird,Helpdesk général,2021-08-13,09:20:08,00:01:57
stefano.crapanzano@chu.ulg.ac.be,Envoyés - erp.sai@chuliege.be - Mozilla Thunderbird,Helpdesk général,2021-08-13,09:55:57,00:00:02
stefano.crapanzano@chu.ulg.ac.be,Envoyés - erp.sai@chuliege.be - Mozilla Thunderbird,Helpdesk général,2021-08-13,10:44:12,00:00:04
stefano.crapanzano@chu.ulg.ac.be,Envoyés - erp.sai@chuliege.be - Mozilla Thunderbird,Helpdesk général,2021-08-13,11:39:36,00:00:55
stefano.crapanzano@chu.ulg.ac.be,Envoyés - erp.sai@chuliege.be - Mozilla Thunderbird,Helpdesk général,2021-08-13,11:42:18,00:00:03
stefano.crapanzano@chu.ulg.ac.be,Envoyés - erp.sai@chuliege.be - Mozilla Thunderbird,Helpdesk général,2021-08-13,11:45:02,00:04:02
stefano.crapanzano@chu.ulg.ac.be,Envoyés - erp.sai@chuliege.be - Mozilla Thunderbird,Helpdesk général,2021-08-13,12:54:45,00:00:34
stefano.crapanzano@chu.ulg.ac.be,Courrier entrant - stefano.crapanzano@chuliege.be - Mozilla Thunderbird,Helpdesk général,2021-08-13,08:30:00,00:00:10
stefano.crapanzano@chu.ulg.ac.be,Courrier entrant - stefano.crapanzano@chuliege.be - Mozilla Thunderbird,Helpdesk général,2021-08-13,08:39:00,00:00:04
stefano.crapanzano@chu.ulg.ac.be,Courrier entrant - stefano.crapanzano@chuliege.be - Mozilla Thunderbird,Helpdesk général,2021-08-13,09:16:59,00:00:03
stefano.crapanzano@chu.ulg.ac.be,Courrier entrant - stefano.crapanzano@chuliege.be - Mozilla Thunderbird,Helpdesk général,2021-08-13,09:17:05,00:00:51
stefano.crapanzano@chu.ulg.ac.be,Courrier entrant - stefano.crapanzano@chuliege.be - Mozilla Thunderbird,Helpdesk général,2021-08-13,09:18:12,00:00:45
stefano.crapanzano@chu.ulg.ac.be,Courrier entrant - stefano.crapanzano@chuliege.be - Mozilla Thunderbird,Helpdesk général,2021-08-13,09:25:23,00:00:17
stefano.crapanzano@chu.ulg.ac.be,Courrier entrant - stefano.crapanzano@chuliege.be - Mozilla Thunderbird,Helpdesk général,2021-08-13,09:40:07,00:00:02
stefano.crapanzano@chu.ulg.ac.be,Courrier entrant - stefano.crapanzano@chuliege.be - Mozilla Thunderbird,Helpdesk général,2021-08-13,09:51:40,00:00:02
stefano.crapanzano@chu.ulg.ac.be,Courrier entrant - stefano.crapanzano@chuliege.be - Mozilla Thunderbird,Helpdesk général,2021-08-13,10:00:09,00:28:06
stefano.crapanzano@chu.ulg.ac.be,Courrier entrant - stefano.crapanzano@chuliege.be - Mozilla Thunderbird,Helpdesk général,2021-08-13,10:44:00,00:00:12
stefano.crapanzano@chu.ulg.ac.be,Courrier entrant - stefano.crapanzano@chuliege.be - Mozilla Thunderbird,Helpdesk général,2021-08-13,10:44:19,00:00:09
stefano.crapanzano@chu.ulg.ac.be,Courrier entrant - stefano.crapanzano@chuliege.be - Mozilla Thunderbird,Helpdesk général,2021-08-13,10:48:57,00:00:02
stefano.crapanzano@chu.ulg.ac.be,Courrier entrant - stefano.crapanzano@chuliege.be - Mozilla Thunderbird,Helpdesk général,2021-08-13,11:22:02,00:00:15
stefano.crapanzano@chu.ulg.ac.be,Courrier entrant - stefano.crapanzano@chuliege.be - Mozilla Thunderbird,Helpdesk général,2021-08-13,11:42:22,00:00:12
stefano.crapanzano@chu.ulg.ac.be,Courrier entrant - stefano.crapanzano@chuliege.be - Mozilla Thunderbird,Helpdesk général,2021-08-13,12:06:24,00:00:07
stefano.crapanzano@chu.ulg.ac.be,Courrier entrant - stefano.crapanzano@chuliege.be - Mozilla Thunderbird,Helpdesk général,2021-08-13,12:51:44,00:00:16
stefano.crapanzano@chu.ulg.ac.be,Courrier entrant - stefano.crapanzano@chuliege.be - Mozilla Thunderbird,Helpdesk général,2021-08-13,12:52:54,00:00:04
stefano.crapanzano@chu.ulg.ac.be,Courrier entrant - stefano.crapanzano@chuliege.be - Mozilla Thunderbird,Helpdesk général,2021-08-13,12:54:18,00:00:09
stefano.crapanzano@chu.ulg.ac.be,Courrier entrant - stefano.crapanzano@chuliege.be - Mozilla Thunderbird,Helpdesk général,2021-08-13,15:09:39,00:00:26
stefano.crapanzano@chu.ulg.ac.be,Courrier entrant - stefano.crapanzano@chuliege.be - Mozilla Thunderbird,Helpdesk général,2021-08-13,15:17:39,00:00:02
stefano.crapanzano@chu.ulg.ac.be,Courrier entrant - stefano.crapanzano@chuliege.be - Mozilla Thunderbird,Helpdesk général,2021-08-13,15:25:32,00:00:02
stefano.crapanzano@chu.ulg.ac.be,Courrier entrant - stefano.crapanzano@chuliege.be - Mozilla Thunderbird,Helpdesk général,2021-08-13,15:37:27,00:00:10
stefano.crapanzano@chu.ulg.ac.be,Courrier entrant - stefano.crapanzano@chuliege.be - Mozilla Thunderbird,Helpdesk général,2021-08-13,16:11:55,00:00:09
stefano.crapanzano@chu.ulg.ac.be,Courrier entrant - stefano.crapanzano@chuliege.be - Mozilla Thunderbird,Helpdesk général,2021-08-13,16:37:47,00:00:15
stefano.crapanzano@chu.ulg.ac.be,Courrier entrant - stefano.crapanzano@chuliege.be - Mozilla Thunderbird,Helpdesk général,2021-08-13,16:41:06,00:00:26
stefano.crapanzano@chu.ulg.ac.be,Courrier entrant - stefano.crapanzano@chuliege.be - Mozilla Thunderbird,Helpdesk général,2021-08-13,16:44:27,00:00:56
stefano.crapanzano@chu.ulg.ac.be,Courrier entrant - erp.sai@chuliege.be - Mozilla Thunderbird,Helpdesk général,2021-08-13,08:30:11,00:08:49
stefano.crapanzano@chu.ulg.ac.be,Courrier entrant - erp.sai@chuliege.be - Mozilla Thunderbird,Helpdesk général,2021-08-13,08:39:05,00:00:13
stefano.crapanzano@chu.ulg.ac.be,Courrier entrant - erp.sai@chuliege.be - Mozilla Thunderbird,Helpdesk général,2021-08-13,08:47:05,00:00:14
stefano.crapanzano@chu.ulg.ac.be,Courrier entrant - erp.sai@chuliege.be - Mozilla Thunderbird,Helpdesk général,2021-08-13,08:47:45,00:00:02
stefano.crapanzano@chu.ulg.ac.be,Courrier entrant - erp.sai@chuliege.be - Mozilla Thunderbird,Helpdesk général,2021-08-13,08:48:46,00:00:07
stefano.crapanzano@chu.ulg.ac.be,Courrier entrant - erp.sai@chuliege.be - Mozilla Thunderbird,Helpdesk général,2021-08-13,09:00:25,00:00:03
stefano.crapanzano@chu.ulg.ac.be,Courrier entrant - erp.sai@chuliege.be - Mozilla Thunderbird,Helpdesk général,2021-08-13,09:16:42,00:00:16
stefano.crapanzano@chu.ulg.ac.be,Courrier entrant - erp.sai@chuliege.be - Mozilla Thunderbird,Helpdesk général,2021-08-13,09:17:02,00:00:02
stefano.crapanzano@chu.ulg.ac.be,Courrier entrant - erp.sai@chuliege.be - Mozilla Thunderbird,Helpdesk général,2021-08-13,09:19:42,00:00:26
stefano.crapanzano@chu.ulg.ac.be,Courrier entrant - erp.sai@chuliege.be - Mozilla Thunderbird,Helpdesk général,2021-08-13,09:22:06,00:00:54
stefano.crapanzano@chu.ulg.ac.be,Courrier entrant - erp.sai@chuliege.be - Mozilla Thunderbird,Helpdesk général,2021-08-13,09:23:07,00:00:03
stefano.crapanzano@chu.ulg.ac.be,Courrier entrant - erp.sai@chuliege.be - Mozilla Thunderbird,Helpdesk général,2021-08-13,09:24:04,00:01:19
stefano.crapanzano@chu.ulg.ac.be,Courrier entrant - erp.sai@chuliege.be - Mozilla Thunderbird,Helpdesk général,2021-08-13,09:55:50,00:00:06
stefano.crapanzano@chu.ulg.ac.be,Courrier entrant - erp.sai@chuliege.be - Mozilla Thunderbird,Helpdesk général,2021-08-13,10:33:41,00:00:35
stefano.crapanzano@chu.ulg.ac.be,Courrier entrant - erp.sai@chuliege.be - Mozilla Thunderbird,Helpdesk général,2021-08-13,10:41:11,00:00:28
stefano.crapanzano@chu.ulg.ac.be,Courrier entrant - erp.sai@chuliege.be - Mozilla Thunderbird,Helpdesk général,2021-08-13,10:42:07,00:00:02
stefano.crapanzano@chu.ulg.ac.be,Courrier entrant - erp.sai@chuliege.be - Mozilla Thunderbird,Helpdesk général,2021-08-13,10:43:36,00:00:24
stefano.crapanzano@chu.ulg.ac.be,Courrier entrant - erp.sai@chuliege.be - Mozilla Thunderbird,Helpdesk général,2021-08-13,10:44:17,00:00:02
stefano.crapanzano@chu.ulg.ac.be,Courrier entrant - erp.sai@chuliege.be - Mozilla Thunderbird,Helpdesk général,2021-08-13,10:45:03,00:00:09
stefano.crapanzano@chu.ulg.ac.be,Courrier entrant - erp.sai@chuliege.be - Mozilla Thunderbird,Helpdesk général,2021-08-13,10:46:03,00:00:43
stefano.crapanzano@chu.ulg.ac.be,Courrier entrant - erp.sai@chuliege.be - Mozilla Thunderbird,Helpdesk général,2021-08-13,10:49:00,00:00:08
stefano.crapanzano@chu.ulg.ac.be,Courrier entrant - erp.sai@chuliege.be - Mozilla Thunderbird,Helpdesk général,2021-08-13,11:21:50,00:00:12
stefano.crapanzano@chu.ulg.ac.be,Courrier entrant - erp.sai@chuliege.be - Mozilla Thunderbird,Helpdesk général,2021-08-13,11:22:18,00:00:04
stefano.crapanzano@chu.ulg.ac.be,Courrier entrant - erp.sai@chuliege.be - Mozilla Thunderbird,Helpdesk général,2021-08-13,11:22:24,00:00:14
stefano.crapanzano@chu.ulg.ac.be,Courrier entrant - erp.sai@chuliege.be - Mozilla Thunderbird,Helpdesk général,2021-08-13,11:23:12,00:00:20
stefano.crapanzano@chu.ulg.ac.be,Courrier entrant - erp.sai@chuliege.be - Mozilla Thunderbird,Helpdesk général,2021-08-13,11:23:54,00:00:07
stefano.crapanzano@chu.ulg.ac.be,Courrier entrant - erp.sai@chuliege.be - Mozilla Thunderbird,Helpdesk général,2021-08-13,11:24:04,00:00:10
stefano.crapanzano@chu.ulg.ac.be,Courrier entrant - erp.sai@chuliege.be - Mozilla Thunderbird,Helpdesk général,2021-08-13,11:24:39,00:00:07
stefano.crapanzano@chu.ulg.ac.be,Courrier entrant - erp.sai@chuliege.be - Mozilla Thunderbird,Helpdesk général,2021-08-13,11:39:29,00:00:07
stefano.crapanzano@chu.ulg.ac.be,Courrier entrant - erp.sai@chuliege.be - Mozilla Thunderbird,Helpdesk général,2021-08-13,11:42:34,00:00:03
stefano.crapanzano@chu.ulg.ac.be,Courrier entrant - erp.sai@chuliege.be - Mozilla Thunderbird,Helpdesk général,2021-08-13,11:42:46,00:02:16
stefano.crapanzano@chu.ulg.ac.be,Courrier entrant - erp.sai@chuliege.be - Mozilla Thunderbird,Helpdesk général,2021-08-13,12:06:07,00:00:16
stefano.crapanzano@chu.ulg.ac.be,Courrier entrant - erp.sai@chuliege.be - Mozilla Thunderbird,Helpdesk général,2021-08-13,12:14:55,00:00:08
stefano.crapanzano@chu.ulg.ac.be,Courrier entrant - erp.sai@chuliege.be - Mozilla Thunderbird,Helpdesk général,2021-08-13,12:54:28,00:00:16
stefano.crapanzano@chu.ulg.ac.be,Courrier entrant - erp.sai@chuliege.be - Mozilla Thunderbird,Helpdesk général,2021-08-13,12:55:20,00:01:16
stefano.crapanzano@chu.ulg.ac.be,Courrier entrant - erp.sai@chuliege.be - Mozilla Thunderbird,Helpdesk général,2021-08-13,13:39:51,00:00:06
stefano.crapanzano@chu.ulg.ac.be,Courrier entrant - erp.sai@chuliege.be - Mozilla Thunderbird,Helpdesk général,2021-08-13,13:40:57,00:00:02
stefano.crapanzano@chu.ulg.ac.be,Courrier entrant - erp.sai@chuliege.be - Mozilla Thunderbird,Helpdesk général,2021-08-13,14:31:04,00:00:02
stefano.crapanzano@chu.ulg.ac.be,Courrier entrant - erp.sai@chuliege.be - Mozilla Thunderbird,Helpdesk général,2021-08-13,14:31:07,00:00:02
stefano.crapanzano@chu.ulg.ac.be,Courrier entrant - erp.sai@chuliege.be - Mozilla Thunderbird,Helpdesk général,2021-08-13,14:32:40,00:00:34
stefano.crapanzano@chu.ulg.ac.be,Courrier entrant - erp.sai@chuliege.be - Mozilla Thunderbird,Helpdesk général,2021-08-13,14:39:53,00:00:08
stefano.crapanzano@chu.ulg.ac.be,Courrier entrant - erp.sai@chuliege.be - Mozilla Thunderbird,Helpdesk général,2021-08-13,15:17:41,00:00:10
stefano.crapanzano@chu.ulg.ac.be,Courrier entrant - erp.sai@chuliege.be - Mozilla Thunderbird,Helpdesk général,2021-08-13,15:23:51,00:01:01
stefano.crapanzano@chu.ulg.ac.be,Courrier entrant - erp.sai@chuliege.be - Mozilla Thunderbird,Helpdesk général,2021-08-13,15:25:29,00:00:03
stefano.crapanzano@chu.ulg.ac.be,Courrier entrant - erp.sai@chuliege.be - Mozilla Thunderbird,Helpdesk général,2021-08-13,15:26:32,00:00:02
stefano.crapanzano@chu.ulg.ac.be,Courrier entrant - erp.sai@chuliege.be - Mozilla Thunderbird,Helpdesk général,2021-08-13,15:27:24,00:00:26
stefano.crapanzano@chu.ulg.ac.be,Courrier entrant - erp.sai@chuliege.be - Mozilla Thunderbird,Helpdesk général,2021-08-13,15:27:53,00:00:35
stefano.crapanzano@chu.ulg.ac.be,Courrier entrant - erp.sai@chuliege.be - Mozilla Thunderbird,Helpdesk général,2021-08-13,15:37:38,00:00:02
stefano.crapanzano@chu.ulg.ac.be,Courrier entrant - erp.sai@chuliege.be - Mozilla Thunderbird,Helpdesk général,2021-08-13,15:56:36,00:00:04
stefano.crapanzano@chu.ulg.ac.be,Courrier entrant - erp.sai@chuliege.be - Mozilla Thunderbird,Helpdesk général,2021-08-13,16:00:41,00:00:16
stefano.crapanzano@chu.ulg.ac.be,Courrier entrant - erp.sai@chuliege.be - Mozilla Thunderbird,Helpdesk général,2021-08-13,16:08:30,00:00:40
stefano.crapanzano@chu.ulg.ac.be,Courrier entrant - erp.sai@chuliege.be - Mozilla Thunderbird,Helpdesk général,2021-08-13,16:25:21,00:01:30
stefano.crapanzano@chu.ulg.ac.be,Courrier entrant - erp.sai@chuliege.be - Mozilla Thunderbird,Helpdesk général,2021-08-13,16:26:59,00:00:17
stefano.crapanzano@chu.ulg.ac.be,Courrier entrant - erp.sai@chuliege.be - Mozilla Thunderbird,Helpdesk général,2021-08-13,16:28:55,00:01:08
stefano.crapanzano@chu.ulg.ac.be,Courrier entrant - erp.sai@chuliege.be - Mozilla Thunderbird,Helpdesk général,2021-08-13,16:30:06,00:00:02
stefano.crapanzano@chu.ulg.ac.be,Courrier entrant - erp.sai@chuliege.be - Mozilla Thunderbird,Helpdesk général,2021-08-13,16:30:16,00:01:22
stefano.crapanzano@chu.ulg.ac.be,Courrier entrant - erp.sai@chuliege.be - Mozilla Thunderbird,Helpdesk général,2021-08-13,16:31:41,00:00:17
stefano.crapanzano@chu.ulg.ac.be,Courrier entrant - erp.sai@chuliege.be - Mozilla Thunderbird,Helpdesk général,2021-08-13,16:34:16,00:00:38
stefano.crapanzano@chu.ulg.ac.be,Courrier entrant - erp.sai@chuliege.be - Mozilla Thunderbird,Helpdesk général,2021-08-13,16:34:57,00:01:06
stefano.crapanzano@chu.ulg.ac.be,Courrier entrant - erp.sai@chuliege.be - Mozilla Thunderbird,Helpdesk général,2021-08-13,16:36:07,00:00:03
stefano.crapanzano@chu.ulg.ac.be,Courrier entrant - erp.sai@chuliege.be - Mozilla Thunderbird,Helpdesk général,2021-08-13,16:36:12,00:00:07
stefano.crapanzano@chu.ulg.ac.be,Courrier entrant - erp.sai@chuliege.be - Mozilla Thunderbird,Helpdesk général,2021-08-13,16:36:59,00:00:02
stefano.crapanzano@chu.ulg.ac.be,Courrier entrant - erp.sai@chuliege.be - Mozilla Thunderbird,Helpdesk général,2021-08-13,16:49:53,00:00:06
stefano.crapanzano@chu.ulg.ac.be,Courrier entrant - erp.sai@chuliege.be - Mozilla Thunderbird,Helpdesk général,2021-08-13,16:50:16,00:00:10
stefano.crapanzano@chu.ulg.ac.be,Courrier entrant - erp.sai@chuliege.be - Mozilla Thunderbird,Helpdesk général,2021-08-13,16:50:53,00:00:57
stefano.crapanzano@chu.ulg.ac.be,Courrier entrant - erp.sai@chuliege.be - Mozilla Thunderbird,Helpdesk général,2021-08-13,16:51:59,00:00:21
stefano.crapanzano@chu.ulg.ac.be,Courrier entrant - erp.sai@chuliege.be - Mozilla Thunderbird,Helpdesk général,2021-08-13,16:52:22,00:00:07
stefano.crapanzano@chu.ulg.ac.be,Courrier entrant - erp.sai@chuliege.be - Mozilla Thunderbird,Helpdesk général,2021-08-13,16:52:50,00:00:02
stefano.crapanzano@chu.ulg.ac.be,Courrier entrant - erp.sai@chuliege.be - Mozilla Thunderbird,Helpdesk général,2021-08-13,16:53:01,00:00:02
stefano.crapanzano@chu.ulg.ac.be,Courrier entrant - erp.sai@chuliege.be - Mozilla Thunderbird,Helpdesk général,2021-08-13,16:56:36,00:00:08
stefano.crapanzano@chu.ulg.ac.be,Courrier entrant - erp.sai@chuliege.be - Mozilla Thunderbird,Helpdesk général,2021-08-13,16:57:11,00:00:31
stefano.crapanzano@chu.ulg.ac.be,Lecture documentation,Tâches diverses,2021-08-13,08:39:18,00:07:46
stefano.crapanzano@chu.ulg.ac.be,Lecture documentation,Tâches diverses,2021-08-13,10:28:46,00:04:52
stefano.crapanzano@chu.ulg.ac.be,Lecture documentation,Tâches diverses,2021-08-13,11:49:05,00:00:02
stefano.crapanzano@chu.ulg.ac.be,Lecture documentation,Tâches diverses,2021-08-13,12:00:58,00:01:41
stefano.crapanzano@chu.ulg.ac.be,Lecture documentation,Tâches diverses,2021-08-13,12:16:10,00:35:32
stefano.crapanzano@chu.ulg.ac.be,Lecture documentation,Tâches diverses,2021-08-13,12:56:59,00:03:03
stefano.crapanzano@chu.ulg.ac.be,Lecture documentation,Tâches diverses,2021-08-13,13:00:04,00:39:46
stefano.crapanzano@chu.ulg.ac.be,Lecture documentation,Tâches diverses,2021-08-13,13:41:00,00:38:20
stefano.crapanzano@chu.ulg.ac.be,Lecture documentation,Tâches diverses,2021-08-13,14:19:25,00:11:36
stefano.crapanzano@chu.ulg.ac.be,Lecture documentation,Tâches diverses,2021-08-13,14:31:10,00:01:30
stefano.crapanzano@chu.ulg.ac.be,Lecture documentation,Tâches diverses,2021-08-13,14:33:15,00:06:38
stefano.crapanzano@chu.ulg.ac.be,Lecture documentation,Tâches diverses,2021-08-13,14:40:02,00:29:36
stefano.crapanzano@chu.ulg.ac.be,Lecture documentation,Tâches diverses,2021-08-13,15:10:53,00:06:43
stefano.crapanzano@chu.ulg.ac.be,Lecture documentation,Tâches diverses,2021-08-13,15:17:52,00:05:59
stefano.crapanzano@chu.ulg.ac.be,Lecture documentation,Tâches diverses,2021-08-13,15:25:36,00:00:56
stefano.crapanzano@chu.ulg.ac.be,Lecture documentation,Tâches diverses,2021-08-13,15:27:50,00:00:03
stefano.crapanzano@chu.ulg.ac.be,Lecture documentation,Tâches diverses,2021-08-13,15:28:29,00:08:56
stefano.crapanzano@chu.ulg.ac.be,Lecture documentation,Tâches diverses,2021-08-13,15:38:44,00:07:56
stefano.crapanzano@chu.ulg.ac.be,Lecture documentation,Tâches diverses,2021-08-13,15:47:08,00:06:05
stefano.crapanzano@chu.ulg.ac.be,Lecture documentation,Tâches diverses,2021-08-13,15:53:52,00:01:47
stefano.crapanzano@chu.ulg.ac.be,Lecture documentation,Tâches diverses,2021-08-13,15:56:32,00:00:03
stefano.crapanzano@chu.ulg.ac.be,Lecture documentation,Tâches diverses,2021-08-13,15:56:40,00:00:58
stefano.crapanzano@chu.ulg.ac.be,Lecture documentation,Tâches diverses,2021-08-13,15:57:59,00:00:02
stefano.crapanzano@chu.ulg.ac.be,Lecture documentation,Tâches diverses,2021-08-13,16:00:57,00:07:32
stefano.crapanzano@chu.ulg.ac.be,Lecture documentation,Tâches diverses,2021-08-13,16:09:12,00:02:12
stefano.crapanzano@chu.ulg.ac.be,Lecture documentation,Tâches diverses,2021-08-13,16:12:04,00:04:04
stefano.crapanzano@chu.ulg.ac.be,Lecture documentation,Tâches diverses,2021-08-13,16:19:13,00:00:07
stefano.crapanzano@chu.ulg.ac.be,Lecture documentation,Tâches diverses,2021-08-13,16:19:31,00:03:24
stefano.crapanzano@chu.ulg.ac.be,Lecture documentation,Tâches diverses,2021-08-13,16:27:51,00:00:11
stefano.crapanzano@chu.ulg.ac.be,Lecture documentation,Tâches diverses,2021-08-13,16:31:38,00:00:02
stefano.crapanzano@chu.ulg.ac.be,Lecture documentation,Tâches diverses,2021-08-13,16:31:59,00:02:17
stefano.crapanzano@chu.ulg.ac.be,Lecture documentation,Tâches diverses,2021-08-13,16:36:03,00:00:03
stefano.crapanzano@chu.ulg.ac.be,Lecture documentation,Tâches diverses,2021-08-13,16:37:16,00:00:30
stefano.crapanzano@chu.ulg.ac.be,Lecture documentation,Tâches diverses,2021-08-13,16:38:02,00:03:03
stefano.crapanzano@chu.ulg.ac.be,Lecture documentation,Tâches diverses,2021-08-13,16:41:32,00:02:54
stefano.crapanzano@chu.ulg.ac.be,Lecture documentation,Tâches diverses,2021-08-13,16:45:23,00:03:08
stefano.crapanzano@chu.ulg.ac.be,Lecture documentation,Tâches diverses,2021-08-13,16:48:49,00:01:04
stefano.crapanzano@chu.ulg.ac.be,Lecture documentation,Tâches diverses,2021-08-13,16:51:50,00:00:08
stefano.crapanzano@chu.ulg.ac.be,Lecture documentation,Tâches diverses,2021-08-13,16:56:45,00:00:26
stefano.crapanzano@chu.ulg.ac.be,Lecture documentation,Tâches diverses,2021-08-13,16:57:42,00:00:02
stefano.crapanzano@chu.ulg.ac.be,Navigation système de fichier,IT,2021-08-13,08:47:19,00:00:03
stefano.crapanzano@chu.ulg.ac.be,Navigation système de fichier,IT,2021-08-13,08:48:11,00:00:02
stefano.crapanzano@chu.ulg.ac.be,Navigation système de fichier,IT,2021-08-13,08:55:08,00:00:02
stefano.crapanzano@chu.ulg.ac.be,Navigation système de fichier,IT,2021-08-13,08:55:20,00:00:04
stefano.crapanzano@chu.ulg.ac.be,Navigation système de fichier,IT,2021-08-13,08:56:20,00:00:14
stefano.crapanzano@chu.ulg.ac.be,Navigation système de fichier,IT,2021-08-13,08:58:06,00:00:02
stefano.crapanzano@chu.ulg.ac.be,Navigation système de fichier,IT,2021-08-13,08:59:31,00:00:02
stefano.crapanzano@chu.ulg.ac.be,Navigation système de fichier,IT,2021-08-13,08:59:59,00:00:02
stefano.crapanzano@chu.ulg.ac.be,Navigation système de fichier,IT,2021-08-13,09:02:39,00:00:02
stefano.crapanzano@chu.ulg.ac.be,Navigation système de fichier,IT,2021-08-13,09:03:27,00:00:03
stefano.crapanzano@chu.ulg.ac.be,Navigation système de fichier,IT,2021-08-13,09:09:17,00:00:02
stefano.crapanzano@chu.ulg.ac.be,Navigation système de fichier,IT,2021-08-13,09:14:13,00:00:02
stefano.crapanzano@chu.ulg.ac.be,Navigation système de fichier,IT,2021-08-13,09:18:57,00:00:02
stefano.crapanzano@chu.ulg.ac.be,Navigation système de fichier,IT,2021-08-13,09:23:11,00:00:03
stefano.crapanzano@chu.ulg.ac.be,Navigation système de fichier,IT,2021-08-13,09:23:57,00:00:02
stefano.crapanzano@chu.ulg.ac.be,Navigation système de fichier,IT,2021-08-13,09:24:02,00:00:02
stefano.crapanzano@chu.ulg.ac.be,Navigation système de fichier,IT,2021-08-13,09:25:41,00:00:08
stefano.crapanzano@chu.ulg.ac.be,Navigation système de fichier,IT,2021-08-13,10:34:17,00:00:02
stefano.crapanzano@chu.ulg.ac.be,Navigation système de fichier,IT,2021-08-13,10:43:28,00:00:03
stefano.crapanzano@chu.ulg.ac.be,Navigation système de fichier,IT,2021-08-13,10:49:08,00:00:03
stefano.crapanzano@chu.ulg.ac.be,Navigation système de fichier,IT,2021-08-13,10:49:52,00:00:04
stefano.crapanzano@chu.ulg.ac.be,Navigation système de fichier,IT,2021-08-13,10:51:19,00:00:03
stefano.crapanzano@chu.ulg.ac.be,Navigation système de fichier,IT,2021-08-13,10:52:47,00:07:52
stefano.crapanzano@chu.ulg.ac.be,Navigation système de fichier,IT,2021-08-13,11:04:22,00:00:02
stefano.crapanzano@chu.ulg.ac.be,Navigation système de fichier,IT,2021-08-13,11:04:48,00:00:05
stefano.crapanzano@chu.ulg.ac.be,Navigation système de fichier,IT,2021-08-13,11:04:56,00:00:49
stefano.crapanzano@chu.ulg.ac.be,Navigation système de fichier,IT,2021-08-13,11:06:08,00:00:02
stefano.crapanzano@chu.ulg.ac.be,Navigation système de fichier,IT,2021-08-13,11:06:13,00:00:02
stefano.crapanzano@chu.ulg.ac.be,Navigation système de fichier,IT,2021-08-13,11:07:23,00:00:34
stefano.crapanzano@chu.ulg.ac.be,Navigation système de fichier,IT,2021-08-13,11:08:37,00:00:06
stefano.crapanzano@chu.ulg.ac.be,Navigation système de fichier,IT,2021-08-13,11:08:50,00:00:12
stefano.crapanzano@chu.ulg.ac.be,Navigation système de fichier,IT,2021-08-13,11:09:38,00:00:07
stefano.crapanzano@chu.ulg.ac.be,Navigation système de fichier,IT,2021-08-13,11:10:12,00:00:05
stefano.crapanzano@chu.ulg.ac.be,Navigation système de fichier,IT,2021-08-13,11:10:33,00:00:18
stefano.crapanzano@chu.ulg.ac.be,Navigation système de fichier,IT,2021-08-13,11:11:14,00:00:05
stefano.crapanzano@chu.ulg.ac.be,Navigation système de fichier,IT,2021-08-13,11:11:37,00:00:06
stefano.crapanzano@chu.ulg.ac.be,Navigation système de fichier,IT,2021-08-13,11:13:24,00:00:03
stefano.crapanzano@chu.ulg.ac.be,Navigation système de fichier,IT,2021-08-13,11:13:46,00:00:03
stefano.crapanzano@chu.ulg.ac.be,Navigation système de fichier,IT,2021-08-13,11:16:47,00:00:02
stefano.crapanzano@chu.ulg.ac.be,Navigation système de fichier,IT,2021-08-13,11:16:50,00:00:02
stefano.crapanzano@chu.ulg.ac.be,Navigation système de fichier,IT,2021-08-13,11:18:41,00:00:03
stefano.crapanzano@chu.ulg.ac.be,Navigation système de fichier,IT,2021-08-13,11:27:02,00:00:03
stefano.crapanzano@chu.ulg.ac.be,Navigation système de fichier,IT,2021-08-13,11:28:02,00:00:02
stefano.crapanzano@chu.ulg.ac.be,Navigation système de fichier,IT,2021-08-13,11:29:23,00:00:04
stefano.crapanzano@chu.ulg.ac.be,Navigation système de fichier,IT,2021-08-13,11:29:55,00:00:04
stefano.crapanzano@chu.ulg.ac.be,Navigation système de fichier,IT,2021-08-13,11:30:01,00:00:02
stefano.crapanzano@chu.ulg.ac.be,Navigation système de fichier,IT,2021-08-13,11:30:46,00:00:04
stefano.crapanzano@chu.ulg.ac.be,Navigation système de fichier,IT,2021-08-13,11:31:27,00:00:02
stefano.crapanzano@chu.ulg.ac.be,Navigation système de fichier,IT,2021-08-13,11:33:31,00:00:02
stefano.crapanzano@chu.ulg.ac.be,Navigation système de fichier,IT,2021-08-13,11:49:23,00:00:03
stefano.crapanzano@chu.ulg.ac.be,Navigation système de fichier,IT,2021-08-13,11:49:41,00:00:02
stefano.crapanzano@chu.ulg.ac.be,Navigation système de fichier,IT,2021-08-13,11:51:45,00:00:02
stefano.crapanzano@chu.ulg.ac.be,Navigation système de fichier,IT,2021-08-13,11:54:09,00:00:05
stefano.crapanzano@chu.ulg.ac.be,Navigation système de fichier,IT,2021-08-13,11:57:40,00:00:02
stefano.crapanzano@chu.ulg.ac.be,Navigation système de fichier,IT,2021-08-13,11:59:14,00:00:03
stefano.crapanzano@chu.ulg.ac.be,Navigation système de fichier,IT,2021-08-13,11:59:19,00:00:03
stefano.crapanzano@chu.ulg.ac.be,Navigation système de fichier,IT,2021-08-13,12:00:34,00:00:03
stefano.crapanzano@chu.ulg.ac.be,Navigation système de fichier,IT,2021-08-13,12:00:44,00:00:02
stefano.crapanzano@chu.ulg.ac.be,Navigation système de fichier,IT,2021-08-13,12:00:50,00:00:03
stefano.crapanzano@chu.ulg.ac.be,Navigation système de fichier,IT,2021-08-13,12:03:02,00:00:04
stefano.crapanzano@chu.ulg.ac.be,Navigation système de fichier,IT,2021-08-13,12:03:56,00:00:02
stefano.crapanzano@chu.ulg.ac.be,Navigation système de fichier,IT,2021-08-13,12:06:33,00:00:04
stefano.crapanzano@chu.ulg.ac.be,Navigation système de fichier,IT,2021-08-13,12:08:08,00:00:04
stefano.crapanzano@chu.ulg.ac.be,Navigation système de fichier,IT,2021-08-13,12:10:23,00:00:03
stefano.crapanzano@chu.ulg.ac.be,Navigation système de fichier,IT,2021-08-13,12:11:04,00:00:03
stefano.crapanzano@chu.ulg.ac.be,Navigation système de fichier,IT,2021-08-13,12:11:26,00:00:04
stefano.crapanzano@chu.ulg.ac.be,Navigation système de fichier,IT,2021-08-13,12:11:58,00:00:03
stefano.crapanzano@chu.ulg.ac.be,Navigation système de fichier,IT,2021-08-13,12:16:04,00:00:03
stefano.crapanzano@chu.ulg.ac.be,Navigation système de fichier,IT,2021-08-13,15:53:13,00:00:09
stefano.crapanzano@chu.ulg.ac.be,Navigation système de fichier,IT,2021-08-13,15:55:40,00:00:02
stefano.crapanzano@chu.ulg.ac.be,Navigation système de fichier,IT,2021-08-13,15:55:44,00:00:02
stefano.crapanzano@chu.ulg.ac.be,Navigation système de fichier,IT,2021-08-13,15:57:40,00:00:04
stefano.crapanzano@chu.ulg.ac.be,Navigation système de fichier,IT,2021-08-13,16:27:17,00:00:34
stefano.crapanzano@chu.ulg.ac.be,Navigation système de fichier,IT,2021-08-13,16:28:02,00:00:50
stefano.crapanzano@chu.ulg.ac.be,Navigation système de fichier,IT,2021-08-13,16:48:32,00:00:16
stefano.crapanzano@chu.ulg.ac.be,SAP Logon 750,Exploration SAP,2021-08-13,08:47:22,00:00:03
stefano.crapanzano@chu.ulg.ac.be,SAP Easy Access Menu de base Applications financières-économiques,Exploration SAP,2021-08-13,08:47:26,00:00:15
stefano.crapanzano@chu.ulg.ac.be,SAP Easy Access Menu de base Applications financières-économiques,Exploration SAP,2021-08-13,08:50:23,00:00:06
stefano.crapanzano@chu.ulg.ac.be,SAP Easy Access Menu de base Applications financières-économiques,Exploration SAP,2021-08-13,09:03:31,00:01:07
stefano.crapanzano@chu.ulg.ac.be,SAP Easy Access Menu de base Applications financières-économiques,Exploration SAP,2021-08-13,09:17:58,00:00:03
stefano.crapanzano@chu.ulg.ac.be,SAP Easy Access Menu de base Applications financières-économiques,Exploration SAP,2021-08-13,09:18:10,00:00:02
stefano.crapanzano@chu.ulg.ac.be,SAP Easy Access Menu de base Applications financières-économiques,Exploration SAP,2021-08-13,09:25:50,00:00:09
stefano.crapanzano@chu.ulg.ac.be,SAP Easy Access Menu de base Applications financières-économiques,Exploration SAP,2021-08-13,09:26:44,00:00:03
stefano.crapanzano@chu.ulg.ac.be,SAP Easy Access Menu de base Applications financières-économiques,Exploration SAP,2021-08-13,09:30:43,00:00:03
stefano.crapanzano@chu.ulg.ac.be,SAP Easy Access Menu de base Applications financières-économiques,Exploration SAP,2021-08-13,09:31:24,00:00:07
stefano.crapanzano@chu.ulg.ac.be,SAP Easy Access Menu de base Applications financières-économiques,Exploration SAP,2021-08-13,09:37:44,00:00:27
stefano.crapanzano@chu.ulg.ac.be,SAP Easy Access Menu de base Applications financières-économiques,Exploration SAP,2021-08-13,09:49:31,00:00:06
stefano.crapanzano@chu.ulg.ac.be,SAP Easy Access Menu de base Applications financières-économiques,Exploration SAP,2021-08-13,09:57:05,00:03:02
stefano.crapanzano@chu.ulg.ac.be,SAP Easy Access Menu de base Applications financières-économiques,Exploration SAP,2021-08-13,10:47:34,00:00:02
stefano.crapanzano@chu.ulg.ac.be,SAP Easy Access Menu de base Applications financières-économiques,Exploration SAP,2021-08-13,11:27:13,00:00:06
stefano.crapanzano@chu.ulg.ac.be,Saisie des services,Exploration SAP,2021-08-13,08:47:41,00:00:02
stefano.crapanzano@chu.ulg.ac.be,Saisie des services,Exploration SAP,2021-08-13,08:48:14,00:00:02
stefano.crapanzano@chu.ulg.ac.be,P203 CHU Commande 4000203526 ne peut être réceptionnée - Xperthis ERP4HC 1.0 - Service d'assistance - Google Chrome,Tâches diverses,2021-08-13,08:47:49,00:00:22
stefano.crapanzano@chu.ulg.ac.be,P203 CHU Commande 4000203526 ne peut être réceptionnée - Xperthis ERP4HC 1.0 - Service d'assistance - Google Chrome,Tâches diverses,2021-08-13,08:48:17,00:00:02
stefano.crapanzano@chu.ulg.ac.be,P203 CHU Commande 4000203526 ne peut être réceptionnée - Xperthis ERP4HC 1.0 - Service d'assistance - Google Chrome,Tâches diverses,2021-08-13,08:50:47,00:00:02
stefano.crapanzano@chu.ulg.ac.be,P203 CHU Commande 4000203526 ne peut être réceptionnée - Xperthis ERP4HC 1.0 - Service d'assistance - Google Chrome,Tâches diverses,2021-08-13,08:51:45,00:00:04
stefano.crapanzano@chu.ulg.ac.be,P203 CHU Commande 4000203526 ne peut être réceptionnée - Xperthis ERP4HC 1.0 - Service d'assistance - Google Chrome,Tâches diverses,2021-08-13,08:53:43,00:00:07
stefano.crapanzano@chu.ulg.ac.be,P203 CHU Commande 4000203526 ne peut être réceptionnée - Xperthis ERP4HC 1.0 - Service d'assistance - Google Chrome,Tâches diverses,2021-08-13,09:19:30,00:00:12
stefano.crapanzano@chu.ulg.ac.be,P203 CHU Commande 4000203526 ne peut être réceptionnée - Xperthis ERP4HC 1.0 - Service d'assistance - Google Chrome,Tâches diverses,2021-08-13,09:34:28,00:00:04
stefano.crapanzano@chu.ulg.ac.be,P203 CHU Commande 4000203526 ne peut être réceptionnée - Xperthis ERP4HC 1.0 - Service d'assistance - Google Chrome,Tâches diverses,2021-08-13,10:44:31,00:00:02
stefano.crapanzano@chu.ulg.ac.be,P203 CHU Commande 4000203526 ne peut être réceptionnée - Xperthis ERP4HC 1.0 - Service d'assistance - Google Chrome,Tâches diverses,2021-08-13,10:45:21,00:00:09
stefano.crapanzano@chu.ulg.ac.be,P203 CHU Commande 4000203526 ne peut être réceptionnée - Xperthis ERP4HC 1.0 - Service d'assistance - Google Chrome,Tâches diverses,2021-08-13,10:47:51,00:00:43
stefano.crapanzano@chu.ulg.ac.be,P203 CHU Commande 4000203526 ne peut être réceptionnée - Xperthis ERP4HC 1.0 - Service d'assistance - Google Chrome,Tâches diverses,2021-08-13,10:48:41,00:00:16
stefano.crapanzano@chu.ulg.ac.be,P203 CHU Commande 4000203526 ne peut être réceptionnée - Xperthis ERP4HC 1.0 - Service d'assistance - Google Chrome,Tâches diverses,2021-08-13,11:41:38,00:00:38
stefano.crapanzano@chu.ulg.ac.be,P203 CHU Commande 4000203526 ne peut être réceptionnée - Xperthis ERP4HC 1.0 - Service d'assistance - Google Chrome,Tâches diverses,2021-08-13,12:00:04,00:00:15
stefano.crapanzano@chu.ulg.ac.be,Sélectionner commande/feuille de saisie,Exploration SAP,2021-08-13,08:48:20,00:00:03
stefano.crapanzano@chu.ulg.ac.be,Saisie de services pour la commande 4000203526 00010,Exploration SAP,2021-08-13,08:48:23,00:00:20
stefano.crapanzano@chu.ulg.ac.be,4000203526 - Mozilla Thunderbird,Helpdesk général,2021-08-13,08:48:53,00:00:03
stefano.crapanzano@chu.ulg.ac.be,TR: réception impossible - problème facture - Mozilla Thunderbird,Helpdesk général,2021-08-13,08:48:57,00:00:15
stefano.crapanzano@chu.ulg.ac.be,TR: réception impossible - problème facture - Mozilla Thunderbird,Helpdesk général,2021-08-13,08:51:20,00:00:08
stefano.crapanzano@chu.ulg.ac.be,TR: réception impossible - problème facture - Mozilla Thunderbird,Helpdesk général,2021-08-13,08:59:34,00:00:07
stefano.crapanzano@chu.ulg.ac.be,TR: réception impossible - problème facture - Mozilla Thunderbird,Helpdesk général,2021-08-13,09:00:13,00:00:12
stefano.crapanzano@chu.ulg.ac.be,Rédaction : Fwd: TR: TR: réception impossible - problème facture - Thunderbird,Helpdesk général,2021-08-13,08:49:12,00:01:08
stefano.crapanzano@chu.ulg.ac.be,Rédaction : Fwd: TR: TR: réception impossible - problème facture - Thunderbird,Helpdesk général,2021-08-13,09:00:01,00:00:02
stefano.crapanzano@chu.ulg.ac.be,Rédaction : Fwd: TR: TR: réception impossible - problème facture - Thunderbird,Helpdesk général,2021-08-13,09:00:08,00:00:04
stefano.crapanzano@chu.ulg.ac.be,Saisie des services (ML81N) - Internet Explorer,Helpdesk général,2021-08-13,09:11:53,00:00:02
stefano.crapanzano@chu.ulg.ac.be,Rédaction : Re: TR: TR: réception impossible - problème facture - Thunderbird,Helpdesk général,2021-08-13,08:51:28,00:00:15
stefano.crapanzano@chu.ulg.ac.be,Rédaction : Re: TR: TR: réception impossible - problème facture - Thunderbird,Helpdesk général,2021-08-13,08:53:30,00:00:12
stefano.crapanzano@chu.ulg.ac.be,Rédaction : Re: TR: TR: réception impossible - problème facture - Thunderbird,Helpdesk général,2021-08-13,08:53:50,00:00:23
stefano.crapanzano@chu.ulg.ac.be,Rédaction : Re: TR: TR: réception impossible - problème facture - Thunderbird,Helpdesk général,2021-08-13,08:54:31,00:00:37
stefano.crapanzano@chu.ulg.ac.be,Rédaction : Re: TR: TR: réception impossible - problème facture - Thunderbird,Helpdesk général,2021-08-13,08:58:09,00:00:07
stefano.crapanzano@chu.ulg.ac.be,Rédaction : Re: TR: TR: réception impossible - problème facture - Thunderbird,Helpdesk général,2021-08-13,08:59:42,00:00:16
stefano.crapanzano@chu.ulg.ac.be,Rédaction : Re: TR: TR: réception impossible - problème facture - Thunderbird,Helpdesk général,2021-08-13,09:04:39,00:00:26
stefano.crapanzano@chu.ulg.ac.be,Rédaction : Re: TR: TR: réception impossible - problème facture - Thunderbird,Helpdesk général,2021-08-13,09:09:19,00:00:25
stefano.crapanzano@chu.ulg.ac.be,Rédaction : Re: TR: TR: réception impossible - problème facture - Thunderbird,Helpdesk général,2021-08-13,09:09:59,00:00:14
stefano.crapanzano@chu.ulg.ac.be,Rédaction : Re: TR: TR: réception impossible - problème facture - Thunderbird,Helpdesk général,2021-08-13,09:10:16,00:01:01
stefano.crapanzano@chu.ulg.ac.be,Rédaction : Re: TR: TR: réception impossible - problème facture - Thunderbird,Helpdesk général,2021-08-13,09:11:20,00:00:07
stefano.crapanzano@chu.ulg.ac.be,Rédaction : Re: TR: TR: réception impossible - problème facture - Thunderbird,Helpdesk général,2021-08-13,09:11:29,00:00:09
stefano.crapanzano@chu.ulg.ac.be,Rédaction : Re: TR: TR: réception impossible - problème facture - Thunderbird,Helpdesk général,2021-08-13,09:11:40,00:00:13
stefano.crapanzano@chu.ulg.ac.be,Rédaction : Re: TR: TR: réception impossible - problème facture - Thunderbird,Helpdesk général,2021-08-13,09:11:55,00:00:31
stefano.crapanzano@chu.ulg.ac.be,Rédaction : Re: TR: TR: réception impossible - problème facture - Thunderbird,Helpdesk général,2021-08-13,09:12:29,00:00:06
stefano.crapanzano@chu.ulg.ac.be,Rédaction : Re: TR: TR: réception impossible - problème facture - Thunderbird,Helpdesk général,2021-08-13,09:12:37,00:01:35
stefano.crapanzano@chu.ulg.ac.be,Rédaction : Re: TR: TR: réception impossible - problème facture - Thunderbird,Helpdesk général,2021-08-13,09:14:35,00:00:06
stefano.crapanzano@chu.ulg.ac.be,Rédaction : Re: TR: TR: réception impossible - problème facture - Thunderbird,Helpdesk général,2021-08-13,09:14:44,00:01:48
stefano.crapanzano@chu.ulg.ac.be,Nouvel onglet - Google Chrome,Tâches diverses,2021-08-13,08:51:50,00:00:04
stefano.crapanzano@chu.ulg.ac.be,Nouvel onglet - Google Chrome,Tâches diverses,2021-08-13,08:53:16,00:00:02
stefano.crapanzano@chu.ulg.ac.be,Nouvel onglet - Google Chrome,Tâches diverses,2021-08-13,09:05:09,00:00:03
stefano.crapanzano@chu.ulg.ac.be,Nouvel onglet - Google Chrome,Tâches diverses,2021-08-13,09:06:58,00:00:07
stefano.crapanzano@chu.ulg.ac.be,Nouvel onglet - Google Chrome,Tâches diverses,2021-08-13,09:34:33,00:00:07
stefano.crapanzano@chu.ulg.ac.be,Nouvel onglet - Google Chrome,Tâches diverses,2021-08-13,10:50:23,00:00:06
stefano.crapanzano@chu.ulg.ac.be,Nouvel onglet - Google Chrome,Tâches diverses,2021-08-13,11:05:49,00:00:04
stefano.crapanzano@chu.ulg.ac.be,Nouvel onglet - Google Chrome,Tâches diverses,2021-08-13,11:06:31,00:00:07
stefano.crapanzano@chu.ulg.ac.be,Nouvel onglet - Google Chrome,Tâches diverses,2021-08-13,11:57:46,00:00:09
stefano.crapanzano@chu.ulg.ac.be,Nouvel onglet - Google Chrome,Tâches diverses,2021-08-13,12:12:24,00:00:02
stefano.crapanzano@chu.ulg.ac.be,Nouvel onglet - Google Chrome,Tâches diverses,2021-08-13,12:53:02,00:00:02
stefano.crapanzano@chu.ulg.ac.be,Home - Google Chrome,Tâches diverses,2021-08-13,08:51:55,00:00:02
stefano.crapanzano@chu.ulg.ac.be,Customer Portal - Home - Google Chrome,Tâches diverses,2021-08-13,08:51:57,00:00:08
stefano.crapanzano@chu.ulg.ac.be,Study Groups - Home - Google Chrome,Tâches diverses,2021-08-13,08:52:06,00:00:03
stefano.crapanzano@chu.ulg.ac.be,Groupes d'études - Tous les documents - Google Chrome,Tâches diverses,2021-08-13,08:52:10,00:00:07
stefano.crapanzano@chu.ulg.ac.be,Study Groups - Résultats de la recherche pour « réception service ml81n » - Tous les documents - Google Chrome,Tâches diverses,2021-08-13,08:52:18,00:00:04
stefano.crapanzano@chu.ulg.ac.be,Study Groups - Résultats de la recherche pour « ml81n » - Tous les documents - Google Chrome,Tâches diverses,2021-08-13,08:52:22,00:00:02
stefano.crapanzano@chu.ulg.ac.be,Study Groups - LOG_MM_PUR_USR_Purchasing Documents - Service Management_NL.pdf - Tous les documents - Google Chrome,Tâches diverses,2021-08-13,08:52:25,00:00:51
stefano.crapanzano@chu.ulg.ac.be,Study Groups - LOG_MM_PUR_USR_Purchasing Documents - Service Management_NL.pdf - Tous les documents - Google Chrome,Tâches diverses,2021-08-13,08:56:34,00:01:22
stefano.crapanzano@chu.ulg.ac.be,Study Groups - LOG_MM_PUR_USR_Purchasing Documents - Service Management_NL.pdf - Tous les documents - Google Chrome,Tâches diverses,2021-08-13,08:58:16,00:00:07
stefano.crapanzano@chu.ulg.ac.be,Study Groups - LOG_MM_PUR_USR_Purchasing Documents - Service Management_NL.pdf - Tous les documents - Google Chrome,Tâches diverses,2021-08-13,09:02:37,00:00:02
stefano.crapanzano@chu.ulg.ac.be,Study Groups - LOG_MM_PUR_USR_Purchasing Documents - Service Management_NL.pdf - Tous les documents - Google Chrome,Tâches diverses,2021-08-13,09:05:06,00:00:02
stefano.crapanzano@chu.ulg.ac.be,traduction - Recherche Google - Google Chrome,Tâches diverses,2021-08-13,08:53:19,00:00:10
stefano.crapanzano@chu.ulg.ac.be,traduction - Recherche Google - Google Chrome,Tâches diverses,2021-08-13,08:55:12,00:00:08
stefano.crapanzano@chu.ulg.ac.be,Greenshot capture form,Helpdesk général,2021-08-13,08:54:18,00:00:11
stefano.crapanzano@chu.ulg.ac.be,Greenshot capture form,Helpdesk général,2021-08-13,09:45:09,00:00:05
stefano.crapanzano@chu.ulg.ac.be,Greenshot capture form,Helpdesk général,2021-08-13,09:47:41,00:00:04
stefano.crapanzano@chu.ulg.ac.be,Greenshot capture form,Helpdesk général,2021-08-13,10:47:37,00:00:12
stefano.crapanzano@chu.ulg.ac.be,Enregistrer le message,Helpdesk général,2021-08-13,09:00:03,00:00:04
stefano.crapanzano@chu.ulg.ac.be,vanderkelen - Mozilla Thunderbird,Helpdesk général,2021-08-13,09:00:29,00:00:07
stefano.crapanzano@chu.ulg.ac.be,vanderkelen - Mozilla Thunderbird,Helpdesk général,2021-08-13,09:00:44,00:00:07
stefano.crapanzano@chu.ulg.ac.be,IDocs en erreur - Mozilla Thunderbird,Helpdesk général,2021-08-13,09:00:36,00:00:08
stefano.crapanzano@chu.ulg.ac.be,TR: Validation des données_ACHATS_VERSION 1 - Mozilla Thunderbird,Helpdesk général,2021-08-13,09:00:51,00:01:45
stefano.crapanzano@chu.ulg.ac.be,TR: Validation des données_ACHATS_VERSION 1 - Mozilla Thunderbird,Helpdesk général,2021-08-13,09:16:38,00:00:03
stefano.crapanzano@chu.ulg.ac.be,Identification - Google Chrome,Tâches diverses,2021-08-13,09:05:14,00:00:06
stefano.crapanzano@chu.ulg.ac.be,myCHU - Google Chrome,Tâches diverses,2021-08-13,09:05:20,00:01:28
stefano.crapanzano@chu.ulg.ac.be,myCHU - Google Chrome,Tâches diverses,2021-08-13,09:14:18,00:00:16
stefano.crapanzano@chu.ulg.ac.be,myCHU - Google Chrome,Tâches diverses,2021-08-13,09:14:41,00:00:03
stefano.crapanzano@chu.ulg.ac.be,myCHU - Google Chrome,Tâches diverses,2021-08-13,09:16:36,00:00:02
stefano.crapanzano@chu.ulg.ac.be,myCHU - Google Chrome,Tâches diverses,2021-08-13,10:40:57,00:00:14
stefano.crapanzano@chu.ulg.ac.be,Netop Invité,Helpdesk général,2021-08-13,09:06:50,00:00:05
stefano.crapanzano@chu.ulg.ac.be,Netop Invité,Helpdesk général,2021-08-13,09:07:15,00:00:02
stefano.crapanzano@chu.ulg.ac.be,Netop Invité,Tâches diverses,2021-08-13,10:34:40,00:00:02
stefano.crapanzano@chu.ulg.ac.be,Netop Invité,Helpdesk général,2021-08-13,10:40:51,00:00:03
stefano.crapanzano@chu.ulg.ac.be,Netop Invité,Tâches diverses,2021-08-13,10:45:31,00:00:03
stefano.crapanzano@chu.ulg.ac.be,Netop Invité,Helpdesk général,2021-08-13,12:11:30,00:00:04
stefano.crapanzano@chu.ulg.ac.be,Helpdesk ATI - Db Hardware Prod - Google Chrome,Tâches diverses,2021-08-13,09:07:06,00:00:08
stefano.crapanzano@chu.ulg.ac.be,Helpdesk ATI - Db Hardware Prod - Google Chrome,Tâches diverses,2021-08-13,09:14:16,00:00:02
stefano.crapanzano@chu.ulg.ac.be,Helpdesk ATI - Db Hardware Prod - Google Chrome,Tâches diverses,2021-08-13,10:34:23,00:00:08
stefano.crapanzano@chu.ulg.ac.be,Helpdesk ATI - Db Hardware Prod - Google Chrome,Tâches diverses,2021-08-13,10:34:32,00:00:07
stefano.crapanzano@chu.ulg.ac.be,Netop,Helpdesk général,2021-08-13,09:23:59,00:00:02
stefano.crapanzano@chu.ulg.ac.be,Connexion à l'aide de l'authentification Windows,Helpdesk général,2021-08-13,09:07:18,00:00:03
stefano.crapanzano@chu.ulg.ac.be,Connexion à l'aide de l'authentification Windows,Helpdesk général,2021-08-13,10:34:43,00:00:03
stefano.crapanzano@chu.ulg.ac.be,Connexion à l'aide de l'authentification Windows,Helpdesk général,2021-08-13,12:11:35,00:00:02
stefano.crapanzano@chu.ulg.ac.be,Mot de passe,Helpdesk général,2021-08-13,09:07:23,00:00:04
stefano.crapanzano@chu.ulg.ac.be,Vérification de l’orthographe,Helpdesk général,2021-08-13,11:39:22,00:00:02
stefano.crapanzano@chu.ulg.ac.be,Afficher stocks en consignation,Exploration SAP,2021-08-13,09:18:01,00:00:08
stefano.crapanzano@chu.ulg.ac.be,Boîte de réception (62 976) - s.crapanzano@gmail.com - Gmail - Google Chrome,Tâches diverses,2021-08-13,09:19:01,00:00:24
stefano.crapanzano@chu.ulg.ac.be,Boîte de réception (62 976) - s.crapanzano@gmail.com - Gmail - Google Chrome,Tâches diverses,2021-08-13,09:19:27,00:00:02
stefano.crapanzano@chu.ulg.ac.be,Spam (113) - s.crapanzano@gmail.com - Gmail - Google Chrome,Tâches diverses,2021-08-13,09:19:25,00:00:02
stefano.crapanzano@chu.ulg.ac.be,Enregistrer toutes les pièces jointes,Helpdesk général,2021-08-13,09:23:00,00:00:07
stefano.crapanzano@chu.ulg.ac.be,Attributs dans Gestion de l'organisation Modifier,Exploration SAP,2021-08-13,09:26:00,00:00:44
stefano.crapanzano@chu.ulg.ac.be,Attributs dans Gestion de l'organisation Modifier,Exploration SAP,2021-08-13,11:27:06,00:00:07
stefano.crapanzano@chu.ulg.ac.be,Analyse de work load,Exploration SAP,2021-08-13,09:26:48,00:00:02
stefano.crapanzano@chu.ulg.ac.be,Analyse de work load,Exploration SAP,2021-08-13,09:26:51,00:00:03
stefano.crapanzano@chu.ulg.ac.be,Analyse de work load,Exploration SAP,2021-08-13,09:27:00,00:00:03
stefano.crapanzano@chu.ulg.ac.be,Utilisateur (2),Exploration SAP,2021-08-13,09:26:55,00:00:03
stefano.crapanzano@chu.ulg.ac.be,Utilisateur (2),Exploration SAP,2021-08-13,09:31:46,00:00:03
stefano.crapanzano@chu.ulg.ac.be,Utilisateur (2),Exploration SAP,2021-08-13,09:39:03,00:00:04
stefano.crapanzano@chu.ulg.ac.be,Utilisateur (2),Exploration SAP,2021-08-13,09:45:57,00:00:03
stefano.crapanzano@chu.ulg.ac.be,Utilisateur (2)    1 Entrée trouvée,Exploration SAP,2021-08-13,09:39:08,00:00:02
stefano.crapanzano@chu.ulg.ac.be,Work load pour UTILISATEUR SANDRA LEROY,Exploration SAP,2021-08-13,09:27:03,00:00:45
stefano.crapanzano@chu.ulg.ac.be,Work load pour UTILISATEUR SANDRA LEROY,Exploration SAP,2021-08-13,09:29:42,00:00:03
stefano.crapanzano@chu.ulg.ac.be,Work load pour UTILISATEUR SANDRA LEROY,Exploration SAP,2021-08-13,09:30:12,00:00:04
stefano.crapanzano@chu.ulg.ac.be,Work load pour UTILISATEUR SANDRA LEROY,Exploration SAP,2021-08-13,09:30:31,00:00:10
stefano.crapanzano@chu.ulg.ac.be,Workflow  Liste de workflows    ( Standard ),Exploration SAP,2021-08-13,09:27:49,00:00:28
stefano.crapanzano@chu.ulg.ac.be,Workflow  Liste de workflows    ( Standard ),Exploration SAP,2021-08-13,09:28:20,00:00:51
stefano.crapanzano@chu.ulg.ac.be,Workflow  Liste de workflows    ( Standard ),Exploration SAP,2021-08-13,09:29:15,00:00:26
stefano.crapanzano@chu.ulg.ac.be,Workflow  Liste de workflows    ( Standard ),Exploration SAP,2021-08-13,09:29:45,00:00:13
stefano.crapanzano@chu.ulg.ac.be,Workflow  Liste de workflows    ( Standard ),Exploration SAP,2021-08-13,09:30:01,00:00:10
stefano.crapanzano@chu.ulg.ac.be,Workflow  Liste de workflows    ( Standard ),Exploration SAP,2021-08-13,09:30:16,00:00:14
stefano.crapanzano@chu.ulg.ac.be,Afficher work item,Exploration SAP,2021-08-13,09:28:18,00:00:02
stefano.crapanzano@chu.ulg.ac.be,Sélection colonne : Standard   (Liste de workflows),Exploration SAP,2021-08-13,09:29:12,00:00:03
stefano.crapanzano@chu.ulg.ac.be,Affichage instance de conteneur,Exploration SAP,2021-08-13,09:29:58,00:00:02
stefano.crapanzano@chu.ulg.ac.be,Nom de l'utilisateur ds fiche utilisateur (2),Exploration SAP,2021-08-13,09:30:48,00:00:04
stefano.crapanzano@chu.ulg.ac.be,Nom de l'utilisateur ds fiche utilisateur (2)    4 Entrées trouvées,Exploration SAP,2021-08-13,09:30:52,00:00:02
stefano.crapanzano@chu.ulg.ac.be,Afficher utilisateur,Exploration SAP,2021-08-13,09:30:56,00:00:27
stefano.crapanzano@chu.ulg.ac.be,Attributs généraux (BBP) Modifier,Exploration SAP,2021-08-13,09:31:31,00:00:14
stefano.crapanzano@chu.ulg.ac.be,Attributs généraux (BBP) Modifier,Exploration SAP,2021-08-13,09:31:54,00:00:49
stefano.crapanzano@chu.ulg.ac.be,Attributs généraux (BBP) Modifier,Exploration SAP,2021-08-13,09:32:45,00:00:06
stefano.crapanzano@chu.ulg.ac.be,Attributs généraux (BBP) Modifier,Exploration SAP,2021-08-13,09:33:07,00:00:12
stefano.crapanzano@chu.ulg.ac.be,Attributs généraux (BBP) Modifier,Exploration SAP,2021-08-13,09:33:25,00:00:19
stefano.crapanzano@chu.ulg.ac.be,Attributs généraux (BBP) Modifier,Exploration SAP,2021-08-13,09:37:36,00:00:08
stefano.crapanzano@chu.ulg.ac.be,Attributs généraux (BBP) Modifier,Exploration SAP,2021-08-13,09:49:37,00:00:07
stefano.crapanzano@chu.ulg.ac.be,Attributs généraux (BBP) Modifier,Exploration SAP,2021-08-13,09:51:34,00:00:03
stefano.crapanzano@chu.ulg.ac.be,Utilisateur (2)    4 Entrées trouvées,Exploration SAP,2021-08-13,09:31:50,00:00:03
stefano.crapanzano@chu.ulg.ac.be,Créer Poste,Exploration SAP,2021-08-13,09:32:43,00:00:02
stefano.crapanzano@chu.ulg.ac.be,Déterminer date et période visualisation anticipée,Exploration SAP,2021-08-13,09:32:51,00:00:15
stefano.crapanzano@chu.ulg.ac.be,Déterminer date et période visualisation anticipée,Exploration SAP,2021-08-13,09:33:44,00:00:03
stefano.crapanzano@chu.ulg.ac.be,Déterminer date et période visualisation anticipée,Exploration SAP,2021-08-13,09:33:56,00:00:02
stefano.crapanzano@chu.ulg.ac.be,Déterminer date et période visualisation anticipée,Exploration SAP,2021-08-13,09:34:00,00:00:02
stefano.crapanzano@chu.ulg.ac.be,Déterminer date et période visualisation anticipée,Exploration SAP,2021-08-13,09:34:04,00:00:03
stefano.crapanzano@chu.ulg.ac.be,Déterminer date et période visualisation anticipée,Exploration SAP,2021-08-13,09:34:21,00:00:07
stefano.crapanzano@chu.ulg.ac.be,Déterminer date et période visualisation anticipée,Exploration SAP,2021-08-13,09:37:33,00:00:02
stefano.crapanzano@chu.ulg.ac.be,Sélectionner variante de planification,Exploration SAP,2021-08-13,09:33:19,00:00:06
stefano.crapanzano@chu.ulg.ac.be,Performance Assistant,Exploration SAP,2021-08-13,09:33:48,00:00:08
stefano.crapanzano@chu.ulg.ac.be,Performance Assistant,Exploration SAP,2021-08-13,09:34:02,00:00:02
stefano.crapanzano@chu.ulg.ac.be,Performance Assistant,Exploration SAP,2021-08-13,09:34:08,00:00:13
stefano.crapanzano@chu.ulg.ac.be,période visualisation anticipée - Recherche Google - Google Chrome,Tâches diverses,2021-08-13,09:34:40,00:00:03
stefano.crapanzano@chu.ulg.ac.be,période visualisation anticipée - Recherche Google - Google Chrome,Tâches diverses,2021-08-13,09:34:56,00:00:07
stefano.crapanzano@chu.ulg.ac.be,SAP message 5A716 Lien créé en dehors de la période de - Google Chrome,Tâches diverses,2021-08-13,09:34:45,00:00:10
stefano.crapanzano@chu.ulg.ac.be,sap période visualisation anticipée - Recherche Google - Google Chrome,Tâches diverses,2021-08-13,09:35:03,00:00:19
stefano.crapanzano@chu.ulg.ac.be,sap déterminer date et période visualisation anticipée - Recherche Google - Google Chrome,Tâches diverses,2021-08-13,09:35:22,00:00:07
stefano.crapanzano@chu.ulg.ac.be,sap déterminer date et période visualisation anticipée ppoma - Recherche Google - Google Chrome,Tâches diverses,2021-08-13,09:35:30,00:00:26
stefano.crapanzano@chu.ulg.ac.be,sap delegate approval - Recherche Google - Google Chrome,Tâches diverses,2021-08-13,09:35:56,00:00:13
stefano.crapanzano@chu.ulg.ac.be,Workflow Delegation - SAP Documentation - Google Chrome,Tâches diverses,2021-08-13,09:36:09,00:01:07
stefano.crapanzano@chu.ulg.ac.be,Delegating Workflow Items - SAP Documentation - Google Chrome,Tâches diverses,2021-08-13,09:37:17,00:00:15
stefano.crapanzano@chu.ulg.ac.be,Delegating Workflow Items - SAP Documentation - Google Chrome,Helpdesk général,2021-08-13,10:28:15,00:00:02
stefano.crapanzano@chu.ulg.ac.be,Business Workplace de Stefano CRAPANZANO,Exploration SAP,2021-08-13,09:38:12,00:00:28
stefano.crapanzano@chu.ulg.ac.be,Business Workplace de Stefano CRAPANZANO,Exploration SAP,2021-08-13,09:40:00,00:00:05
stefano.crapanzano@chu.ulg.ac.be,Business Workplace de Stefano CRAPANZANO,Exploration SAP,2021-08-13,09:44:44,00:00:06
stefano.crapanzano@chu.ulg.ac.be,Business Workplace de Stefano CRAPANZANO,Exploration SAP,2021-08-13,09:45:04,00:00:04
stefano.crapanzano@chu.ulg.ac.be,Business Workplace de Stefano CRAPANZANO,Exploration SAP,2021-08-13,09:45:36,00:00:02
stefano.crapanzano@chu.ulg.ac.be,Business Workplace de Stefano CRAPANZANO,Exploration SAP,2021-08-13,09:46:29,00:00:04
stefano.crapanzano@chu.ulg.ac.be,Business Workplace de Stefano CRAPANZANO,Exploration SAP,2021-08-13,09:47:03,00:00:03
stefano.crapanzano@chu.ulg.ac.be,Business Workplace de Stefano CRAPANZANO,Exploration SAP,2021-08-13,09:48:52,00:00:03
stefano.crapanzano@chu.ulg.ac.be,Business Workplace de Stefano CRAPANZANO,Exploration SAP,2021-08-13,09:49:02,00:00:04
stefano.crapanzano@chu.ulg.ac.be,Business Workplace de Stefano CRAPANZANO,Exploration SAP,2021-08-13,09:49:09,00:00:06
stefano.crapanzano@chu.ulg.ac.be,Suppléant personnel,Exploration SAP,2021-08-13,09:38:40,00:00:04
stefano.crapanzano@chu.ulg.ac.be,Suppléant personnel,Exploration SAP,2021-08-13,09:46:53,00:00:02
stefano.crapanzano@chu.ulg.ac.be,Suppléance pour postes,Exploration SAP,2021-08-13,09:38:45,00:00:15
stefano.crapanzano@chu.ulg.ac.be,Suppléance pour postes,Exploration SAP,2021-08-13,09:39:15,00:00:44
stefano.crapanzano@chu.ulg.ac.be,Suppléance pour postes,Exploration SAP,2021-08-13,09:44:50,00:00:12
stefano.crapanzano@chu.ulg.ac.be,Suppléance pour postes,Exploration SAP,2021-08-13,09:45:38,00:00:04
stefano.crapanzano@chu.ulg.ac.be,Suppléance pour postes,Exploration SAP,2021-08-13,09:45:53,00:00:02
stefano.crapanzano@chu.ulg.ac.be,Suppléance pour postes,Exploration SAP,2021-08-13,09:46:13,00:00:15
stefano.crapanzano@chu.ulg.ac.be,Suppléance pour postes,Exploration SAP,2021-08-13,09:46:33,00:00:19
stefano.crapanzano@chu.ulg.ac.be,Suppléance pour postes,Exploration SAP,2021-08-13,09:46:55,00:00:08
stefano.crapanzano@chu.ulg.ac.be,Suppléance pour postes,Exploration SAP,2021-08-13,09:47:07,00:00:33
stefano.crapanzano@chu.ulg.ac.be,Suppléance pour postes,Helpdesk général,2021-08-13,09:47:45,00:00:03
stefano.crapanzano@chu.ulg.ac.be,Suppléance pour postes,Exploration SAP,2021-08-13,09:48:50,00:00:02
stefano.crapanzano@chu.ulg.ac.be,Suppléance pour postes,Exploration SAP,2021-08-13,09:48:56,00:00:06
stefano.crapanzano@chu.ulg.ac.be,Suppléance pour postes,Exploration SAP,2021-08-13,09:49:06,00:00:02
stefano.crapanzano@chu.ulg.ac.be,Sélectionner type remplaçant,Exploration SAP,2021-08-13,09:39:01,00:00:02
stefano.crapanzano@chu.ulg.ac.be,Sélectionner type remplaçant,Exploration SAP,2021-08-13,09:45:55,00:00:02
stefano.crapanzano@chu.ulg.ac.be,Ecran détaillé suppléance,Exploration SAP,2021-08-13,09:39:10,00:00:04
stefano.crapanzano@chu.ulg.ac.be,Ecran détaillé suppléance,Exploration SAP,2021-08-13,09:46:02,00:00:10
stefano.crapanzano@chu.ulg.ac.be,Transfert approbation Fiori - Mozilla Thunderbird,Helpdesk général,2021-08-13,09:40:09,00:00:02
stefano.crapanzano@chu.ulg.ac.be,Transfert approbation Fiori - Mozilla Thunderbird,Exploration SAP,2021-08-13,09:51:37,00:00:02
stefano.crapanzano@chu.ulg.ac.be,Rédaction : Re: Transfert approbation Fiori - Thunderbird,Helpdesk général,2021-08-13,09:40:12,00:03:35
stefano.crapanzano@chu.ulg.ac.be,Rédaction : Re: Transfert approbation Fiori - Thunderbird,Helpdesk général,2021-08-13,09:43:50,00:00:54
stefano.crapanzano@chu.ulg.ac.be,Rédaction : Re: Transfert approbation Fiori - Thunderbird,Helpdesk général,2021-08-13,09:45:15,00:00:20
stefano.crapanzano@chu.ulg.ac.be,Rédaction : Re: Transfert approbation Fiori - Thunderbird,Helpdesk général,2021-08-13,09:45:43,00:00:09
stefano.crapanzano@chu.ulg.ac.be,Rédaction : Re: Transfert approbation Fiori - Thunderbird,Helpdesk général,2021-08-13,09:47:48,00:01:01
stefano.crapanzano@chu.ulg.ac.be,Rédaction : Re: Transfert approbation Fiori - Thunderbird,Helpdesk général,2021-08-13,09:49:15,00:00:13
stefano.crapanzano@chu.ulg.ac.be,Rédaction : Re: Transfert approbation Fiori - Thunderbird,Exploration SAP,2021-08-13,09:49:45,00:01:46
stefano.crapanzano@chu.ulg.ac.be,Envoyés - stefano.crapanzano@chuliege.be - Mozilla Thunderbird,Helpdesk général,2021-08-13,09:51:42,00:04:07
stefano.crapanzano@chu.ulg.ac.be,Envoyés - stefano.crapanzano@chuliege.be - Mozilla Thunderbird,Helpdesk général,2021-08-13,09:55:59,00:01:06
stefano.crapanzano@chu.ulg.ac.be,Envoyés - stefano.crapanzano@chuliege.be - Mozilla Thunderbird,Helpdesk général,2021-08-13,16:16:09,00:00:06
stefano.crapanzano@chu.ulg.ac.be,Envoyés - stefano.crapanzano@chuliege.be - Mozilla Thunderbird,Helpdesk général,2021-08-13,16:19:22,00:00:08
stefano.crapanzano@chu.ulg.ac.be,Envoyés - stefano.crapanzano@chuliege.be - Mozilla Thunderbird,Helpdesk général,2021-08-13,16:22:57,00:02:24
stefano.crapanzano@chu.ulg.ac.be,Boîte de réception (62 979) - s.crapanzano@gmail.com - Gmail - Google Chrome,Tâches diverses,2021-08-13,10:28:17,00:00:06
stefano.crapanzano@chu.ulg.ac.be,Cyril Saugrain [Van Rysel] a tweeté : Bravo et merci pour le partage... - s.crapanzano@gmail.com - Gmail - Google Chrome,Tâches diverses,2021-08-13,10:28:23,00:00:22
stefano.crapanzano@chu.ulg.ac.be,Cyril Saugrain [Van Rysel] a tweeté : Bravo et merci pour le partage... - s.crapanzano@gmail.com - Gmail - Google Chrome,Tâches diverses,2021-08-13,12:00:32,00:00:02
stefano.crapanzano@chu.ulg.ac.be,Cyril Saugrain [Van Rysel] a tweeté : Bravo et merci pour le partage... - s.crapanzano@gmail.com - Gmail - Google Chrome,Tâches diverses,2021-08-13,12:00:56,00:00:02
stefano.crapanzano@chu.ulg.ac.be,pha-w-0024 - Netop Remote Control,Helpdesk général,2021-08-13,10:34:48,00:06:01
stefano.crapanzano@chu.ulg.ac.be,PE2_203 - sftp://PE2U2FTP@153.89.110.38 - FileZilla,Helpdesk général,2021-08-13,10:41:40,00:00:27
stefano.crapanzano@chu.ulg.ac.be,PE2_203 - sftp://PE2U2FTP@153.89.110.38 - FileZilla,Helpdesk général,2021-08-13,10:43:31,00:00:02
stefano.crapanzano@chu.ulg.ac.be,PE2_203 - sftp://PE2U2FTP@153.89.110.38 - FileZilla,Helpdesk général,2021-08-13,11:22:38,00:00:32
stefano.crapanzano@chu.ulg.ac.be,PE2_203 - sftp://PE2U2FTP@153.89.110.38 - FileZilla,Helpdesk général,2021-08-13,11:26:27,00:00:08
stefano.crapanzano@chu.ulg.ac.be,PE2_203 - sftp://PE2U2FTP@153.89.110.38 - FileZilla,Helpdesk général,2021-08-13,11:28:04,00:00:13
stefano.crapanzano@chu.ulg.ac.be,PE2_203 - sftp://PE2U2FTP@153.89.110.38 - FileZilla,Helpdesk général,2021-08-13,11:28:47,00:00:09
stefano.crapanzano@chu.ulg.ac.be,PE2_203 - sftp://PE2U2FTP@153.89.110.38 - FileZilla,Helpdesk général,2021-08-13,11:29:41,00:00:14
stefano.crapanzano@chu.ulg.ac.be,PE2_203 - sftp://PE2U2FTP@153.89.110.38 - FileZilla,Helpdesk général,2021-08-13,11:30:51,00:00:14
stefano.crapanzano@chu.ulg.ac.be,PE2_203 - sftp://PE2U2FTP@153.89.110.38 - FileZilla,Helpdesk général,2021-08-13,11:31:12,00:00:14
stefano.crapanzano@chu.ulg.ac.be,PE2_203 - sftp://PE2U2FTP@153.89.110.38 - FileZilla,Helpdesk général,2021-08-13,11:33:33,00:00:02
stefano.crapanzano@chu.ulg.ac.be,PE2_203 - sftp://PE2U2FTP@153.89.110.38 - FileZilla,Helpdesk général,2021-08-13,11:34:56,00:00:03
stefano.crapanzano@chu.ulg.ac.be,fichier output APO - Mozilla Thunderbird,Helpdesk général,2021-08-13,10:42:10,00:00:04
stefano.crapanzano@chu.ulg.ac.be,fichier output APO - Mozilla Thunderbird,Helpdesk général,2021-08-13,10:43:34,00:00:02
stefano.crapanzano@chu.ulg.ac.be,Rédaction : Re: fichier output APO - Thunderbird,Helpdesk général,2021-08-13,10:42:15,00:01:12
stefano.crapanzano@chu.ulg.ac.be,Demandes - Service d'assistance - Google Chrome,Tâches diverses,2021-08-13,10:44:33,00:00:27
stefano.crapanzano@chu.ulg.ac.be,Demandes - Service d'assistance - Google Chrome,Tâches diverses,2021-08-13,10:45:13,00:00:08
stefano.crapanzano@chu.ulg.ac.be,Demandes - Service d'assistance - Google Chrome,Tâches diverses,2021-08-13,11:23:36,00:00:03
stefano.crapanzano@chu.ulg.ac.be,Demandes - Service d'assistance - Google Chrome,Tâches diverses,2021-08-13,11:38:16,00:00:03
stefano.crapanzano@chu.ulg.ac.be,Demandes - Service d'assistance - Google Chrome,Tâches diverses,2021-08-13,11:41:18,00:00:03
stefano.crapanzano@chu.ulg.ac.be,Demandes - Service d'assistance - Google Chrome,Tâches diverses,2021-08-13,11:41:35,00:00:03
stefano.crapanzano@chu.ulg.ac.be,Demandes - Service d'assistance - Google Chrome,Tâches diverses,2021-08-13,11:42:37,00:00:08
stefano.crapanzano@chu.ulg.ac.be,Demandes - Service d'assistance - Google Chrome,Tâches diverses,2021-08-13,11:59:56,00:00:07
stefano.crapanzano@chu.ulg.ac.be,Demandes - Service d'assistance - Google Chrome,Tâches diverses,2021-08-13,12:53:04,00:00:03
stefano.crapanzano@chu.ulg.ac.be,Demandes - Service d'assistance - Google Chrome,Tâches diverses,2021-08-13,12:53:52,00:00:12
stefano.crapanzano@chu.ulg.ac.be,Demandes - Service d'assistance - Google Chrome,Tâches diverses,2021-08-13,12:54:06,00:00:12
stefano.crapanzano@chu.ulg.ac.be,Demandes - Service d'assistance - Google Chrome,Tâches diverses,2021-08-13,16:56:19,00:00:04
stefano.crapanzano@chu.ulg.ac.be,Demandes - Service d'assistance - Google Chrome,Tâches diverses,2021-08-13,16:56:27,00:00:04
stefano.crapanzano@chu.ulg.ac.be,pha-w-0024 - Lecture des enregistrements,Helpdesk général,2021-08-13,10:45:34,00:00:27
stefano.crapanzano@chu.ulg.ac.be,pha-w-0024 - Lecture des enregistrements,Helpdesk général,2021-08-13,10:46:47,00:00:46
stefano.crapanzano@chu.ulg.ac.be,Ouvrir,Tâches diverses,2021-08-13,10:48:35,00:00:06
stefano.crapanzano@chu.ulg.ac.be,Ouvrir,Tâches diverses,2021-08-13,11:40:59,00:00:07
stefano.crapanzano@chu.ulg.ac.be,Ouvrir,Tâches diverses,2021-08-13,11:41:26,00:00:02
stefano.crapanzano@chu.ulg.ac.be,Programmation,IT,2021-08-13,10:49:11,00:00:02
stefano.crapanzano@chu.ulg.ac.be,Programmation,IT,2021-08-13,10:49:56,00:00:25
stefano.crapanzano@chu.ulg.ac.be,Programmation,IT,2021-08-13,11:04:24,00:00:24
stefano.crapanzano@chu.ulg.ac.be,Programmation,IT,2021-08-13,11:04:54,00:00:02
stefano.crapanzano@chu.ulg.ac.be,Programmation,IT,2021-08-13,11:13:20,00:00:03
stefano.crapanzano@chu.ulg.ac.be,Programmation,IT,2021-08-13,11:13:27,00:00:18
stefano.crapanzano@chu.ulg.ac.be,Programmation,IT,2021-08-13,11:15:37,00:00:04
stefano.crapanzano@chu.ulg.ac.be,Programmation,IT,2021-08-13,11:15:59,00:00:24
stefano.crapanzano@chu.ulg.ac.be,Programmation,IT,2021-08-13,11:16:25,00:00:22
stefano.crapanzano@chu.ulg.ac.be,Programmation,IT,2021-08-13,11:17:03,00:00:08
stefano.crapanzano@chu.ulg.ac.be,Programmation,IT,2021-08-13,11:19:29,00:00:14
stefano.crapanzano@chu.ulg.ac.be,Programmation,IT,2021-08-13,11:20:31,00:00:18
stefano.crapanzano@chu.ulg.ac.be,Programmation,IT,2021-08-13,11:26:40,00:00:08
stefano.crapanzano@chu.ulg.ac.be,Programmation,IT,2021-08-13,11:49:26,00:00:15
stefano.crapanzano@chu.ulg.ac.be,Programmation,IT,2021-08-13,11:50:07,00:00:02
stefano.crapanzano@chu.ulg.ac.be,Programmation,IT,2021-08-13,11:50:24,00:00:12
stefano.crapanzano@chu.ulg.ac.be,Programmation,IT,2021-08-13,11:50:59,00:00:08
stefano.crapanzano@chu.ulg.ac.be,Programmation,IT,2021-08-13,11:51:19,00:00:14
stefano.crapanzano@chu.ulg.ac.be,Programmation,IT,2021-08-13,11:51:48,00:00:13
stefano.crapanzano@chu.ulg.ac.be,Programmation,IT,2021-08-13,11:52:41,00:00:05
stefano.crapanzano@chu.ulg.ac.be,Programmation,IT,2021-08-13,11:53:14,00:00:08
stefano.crapanzano@chu.ulg.ac.be,Programmation,IT,2021-08-13,11:53:30,00:00:15
stefano.crapanzano@chu.ulg.ac.be,Programmation,IT,2021-08-13,11:53:56,00:00:02
stefano.crapanzano@chu.ulg.ac.be,Programmation,IT,2021-08-13,11:54:06,00:00:03
stefano.crapanzano@chu.ulg.ac.be,Programmation,IT,2021-08-13,11:54:41,00:00:13
stefano.crapanzano@chu.ulg.ac.be,Programmation,IT,2021-08-13,12:03:07,00:00:08
stefano.crapanzano@chu.ulg.ac.be,Programmation,IT,2021-08-13,12:03:31,00:00:06
stefano.crapanzano@chu.ulg.ac.be,Programmation,IT,2021-08-13,12:03:42,00:00:06
stefano.crapanzano@chu.ulg.ac.be,Programmation,IT,2021-08-13,12:07:11,00:00:02
stefano.crapanzano@chu.ulg.ac.be,Programmation,IT,2021-08-13,12:09:32,00:00:19
stefano.crapanzano@chu.ulg.ac.be,Programmation,IT,2021-08-13,12:10:26,00:00:37
stefano.crapanzano@chu.ulg.ac.be,Programmation,IT,2021-08-13,12:11:19,00:00:06
stefano.crapanzano@chu.ulg.ac.be,Programmation,IT,2021-08-13,12:16:07,00:00:03
stefano.crapanzano@chu.ulg.ac.be,Programmation,IT,2021-08-13,15:56:19,00:00:02
stefano.crapanzano@chu.ulg.ac.be,django image folder - Recherche Google - Google Chrome,Tâches diverses,2021-08-13,10:50:29,00:00:02
stefano.crapanzano@chu.ulg.ac.be,django image folder - Recherche Google - Google Chrome,Tâches diverses,2021-08-13,10:51:49,00:00:08
stefano.crapanzano@chu.ulg.ac.be,Gestion des fichiers statiques (par ex. images  JavaScript  CSS) | Documentation de Django | Django - Google Chrome,Tâches diverses,2021-08-13,10:50:31,00:00:47
stefano.crapanzano@chu.ulg.ac.be,Gestion des fichiers statiques (par ex. images  JavaScript  CSS) | Documentation de Django | Django - Google Chrome,Tâches diverses,2021-08-13,10:51:23,00:00:26
stefano.crapanzano@chu.ulg.ac.be,django image folder for all app - Recherche Google - Google Chrome,Tâches diverses,2021-08-13,10:51:58,00:00:02
stefano.crapanzano@chu.ulg.ac.be,django image folder for all app - Recherche Google - Google Chrome,Tâches diverses,2021-08-13,10:52:32,00:00:04
stefano.crapanzano@chu.ulg.ac.be,django image folder for all app - Recherche Google - Google Chrome,Tâches diverses,2021-08-13,10:52:38,00:00:08
stefano.crapanzano@chu.ulg.ac.be,django image folder for all app - Recherche Google - Google Chrome,Tâches diverses,2021-08-13,11:00:39,00:01:31
stefano.crapanzano@chu.ulg.ac.be,django image folder for all app - Recherche Google - Google Chrome,Tâches diverses,2021-08-13,11:02:27,00:00:16
stefano.crapanzano@chu.ulg.ac.be,python - Is there any way to use one static folder for all apps in django project - Stack Overflow - Google Chrome,Tâches diverses,2021-08-13,10:52:00,00:00:13
stefano.crapanzano@chu.ulg.ac.be,python - Is there any way to use one static folder for all apps in django project - Stack Overflow - Google Chrome,Tâches diverses,2021-08-13,10:52:30,00:00:02
stefano.crapanzano@chu.ulg.ac.be,Managing static files (e.g. images  JavaScript  CSS) | Django documentation | Django - Google Chrome,Tâches diverses,2021-08-13,10:52:13,00:00:16
stefano.crapanzano@chu.ulg.ac.be,Managing static files (e.g. images  JavaScript  CSS) — Django 3.2.6 documentation - Google Chrome,Tâches diverses,2021-08-13,11:02:10,00:00:16
stefano.crapanzano@chu.ulg.ac.be,django static files for all apps - Recherche Google - Google Chrome,Tâches diverses,2021-08-13,11:02:44,00:00:03
stefano.crapanzano@chu.ulg.ac.be,django static files for all apps - Recherche Google - Google Chrome,Tâches diverses,2021-08-13,11:03:17,00:00:06
stefano.crapanzano@chu.ulg.ac.be,L’application de gestion des fichiers statiques (staticfiles) | Documentation de Django | Django - Google Chrome,Tâches diverses,2021-08-13,11:02:47,00:00:30
stefano.crapanzano@chu.ulg.ac.be,Managing static files for multiple apps in Django - Stack Overflow - Google Chrome,Tâches diverses,2021-08-13,11:03:23,00:00:58
stefano.crapanzano@chu.ulg.ac.be,Téléchargements - Google Chrome,Tâches diverses,2021-08-13,11:05:54,00:00:14
stefano.crapanzano@chu.ulg.ac.be,Téléchargements - Google Chrome,Tâches diverses,2021-08-13,11:06:19,00:00:07
stefano.crapanzano@chu.ulg.ac.be,iconfinder_ic_update_48px_3669185.svg - Google Chrome,Tâches diverses,2021-08-13,11:06:15,00:00:03
stefano.crapanzano@chu.ulg.ac.be,Friconix | Free and beautiful vector icons - Google Chrome,Tâches diverses,2021-08-13,11:06:26,00:00:04
stefano.crapanzano@chu.ulg.ac.be,Friconix | Free and beautiful vector icons - Google Chrome,Tâches diverses,2021-08-13,11:07:02,00:00:03
stefano.crapanzano@chu.ulg.ac.be,Intrastat - Google Chrome,Tâches diverses,2021-08-13,11:06:38,00:00:24
stefano.crapanzano@chu.ulg.ac.be,Intrastat - Google Chrome,Tâches diverses,2021-08-13,11:07:58,00:00:09
stefano.crapanzano@chu.ulg.ac.be,Intrastat - Google Chrome,Tâches diverses,2021-08-13,11:08:17,00:00:04
stefano.crapanzano@chu.ulg.ac.be,Intrastat - Google Chrome,Tâches diverses,2021-08-13,11:08:44,00:00:05
stefano.crapanzano@chu.ulg.ac.be,Intrastat - Google Chrome,Tâches diverses,2021-08-13,11:09:02,00:00:02
stefano.crapanzano@chu.ulg.ac.be,Intrastat - Google Chrome,Tâches diverses,2021-08-13,11:09:14,00:00:06
stefano.crapanzano@chu.ulg.ac.be,Intrastat - Google Chrome,Tâches diverses,2021-08-13,11:09:46,00:00:08
stefano.crapanzano@chu.ulg.ac.be,Intrastat - Google Chrome,Tâches diverses,2021-08-13,11:10:17,00:00:07
stefano.crapanzano@chu.ulg.ac.be,Intrastat - Google Chrome,Tâches diverses,2021-08-13,11:10:52,00:00:06
stefano.crapanzano@chu.ulg.ac.be,Intrastat - Google Chrome,Tâches diverses,2021-08-13,11:11:05,00:00:03
stefano.crapanzano@chu.ulg.ac.be,Intrastat - Google Chrome,Tâches diverses,2021-08-13,11:11:20,00:00:07
stefano.crapanzano@chu.ulg.ac.be,Intrastat - Google Chrome,Tâches diverses,2021-08-13,11:11:43,00:01:35
stefano.crapanzano@chu.ulg.ac.be,Intrastat - Google Chrome,Tâches diverses,2021-08-13,11:13:49,00:00:25
stefano.crapanzano@chu.ulg.ac.be,Intrastat - Google Chrome,Tâches diverses,2021-08-13,11:14:50,00:00:41
stefano.crapanzano@chu.ulg.ac.be,Intrastat - Google Chrome,Tâches diverses,2021-08-13,11:15:33,00:00:02
stefano.crapanzano@chu.ulg.ac.be,Intrastat - Google Chrome,Tâches diverses,2021-08-13,11:15:41,00:00:17
stefano.crapanzano@chu.ulg.ac.be,Intrastat - Google Chrome,Tâches diverses,2021-08-13,11:49:08,00:00:14
stefano.crapanzano@chu.ulg.ac.be,Intrastat - Google Chrome,Tâches diverses,2021-08-13,11:50:11,00:00:11
stefano.crapanzano@chu.ulg.ac.be,Intrastat - Google Chrome,Tâches diverses,2021-08-13,11:50:42,00:00:15
stefano.crapanzano@chu.ulg.ac.be,Intrastat - Google Chrome,Tâches diverses,2021-08-13,11:51:09,00:00:09
stefano.crapanzano@chu.ulg.ac.be,Intrastat - Google Chrome,Tâches diverses,2021-08-13,11:51:36,00:00:09
stefano.crapanzano@chu.ulg.ac.be,Intrastat - Google Chrome,Tâches diverses,2021-08-13,11:53:04,00:00:09
stefano.crapanzano@chu.ulg.ac.be,Intrastat - Google Chrome,Tâches diverses,2021-08-13,11:59:47,00:00:02
stefano.crapanzano@chu.ulg.ac.be,Intrastat - Google Chrome,Tâches diverses,2021-08-13,11:59:52,00:00:03
stefano.crapanzano@chu.ulg.ac.be,Intrastat - Google Chrome,Tâches diverses,2021-08-13,12:00:24,00:00:07
stefano.crapanzano@chu.ulg.ac.be,Intrastat - Google Chrome,Tâches diverses,2021-08-13,12:04:00,00:00:12
stefano.crapanzano@chu.ulg.ac.be,Intrastat - Google Chrome,Tâches diverses,2021-08-13,12:05:59,00:00:03
stefano.crapanzano@chu.ulg.ac.be,Intrastat - Google Chrome,Tâches diverses,2021-08-13,12:06:31,00:00:02
stefano.crapanzano@chu.ulg.ac.be,Intrastat - Google Chrome,Tâches diverses,2021-08-13,12:09:52,00:00:02
stefano.crapanzano@chu.ulg.ac.be,Intrastat - Google Chrome,Tâches diverses,2021-08-13,12:11:10,00:00:08
stefano.crapanzano@chu.ulg.ac.be,Intrastat - Google Chrome,Tâches diverses,2021-08-13,12:12:01,00:00:20
stefano.crapanzano@chu.ulg.ac.be,Intrastat - Google Chrome,Tâches diverses,2021-08-13,12:12:26,00:00:14
stefano.crapanzano@chu.ulg.ac.be,Intrastat - Google Chrome,Tâches diverses,2021-08-13,12:15:04,00:00:02
stefano.crapanzano@chu.ulg.ac.be,Intrastat - Google Chrome,Tâches diverses,2021-08-13,12:15:22,00:00:42
stefano.crapanzano@chu.ulg.ac.be,Intrastat - Google Chrome,Tâches diverses,2021-08-13,12:52:59,00:00:02
stefano.crapanzano@chu.ulg.ac.be,Intrastat - Google Chrome,Tâches diverses,2021-08-13,12:56:40,00:00:14
stefano.crapanzano@chu.ulg.ac.be,Intrastat - Google Chrome,Tâches diverses,2021-08-13,13:40:04,00:00:51
stefano.crapanzano@chu.ulg.ac.be,Intrastat - Google Chrome,Tâches diverses,2021-08-13,15:26:36,00:00:48
stefano.crapanzano@chu.ulg.ac.be,Intrastat - Google Chrome,Tâches diverses,2021-08-13,15:37:41,00:00:02
stefano.crapanzano@chu.ulg.ac.be,Results for house | Friconix - Google Chrome,Tâches diverses,2021-08-13,11:07:05,00:00:06
stefano.crapanzano@chu.ulg.ac.be,House solid icon by Friconix (fi-xnsuxl-house-solid) normal solid home house chimney house-solid - Google Chrome,Tâches diverses,2021-08-13,11:07:11,00:00:11
stefano.crapanzano@chu.ulg.ac.be,House solid icon by Friconix (fi-xnsuxl-house-solid) normal solid home house chimney house-solid - Google Chrome,Tâches diverses,2021-08-13,11:08:07,00:00:04
stefano.crapanzano@chu.ulg.ac.be,Results for unordered-list | Friconix - Google Chrome,Tâches diverses,2021-08-13,11:08:12,00:00:04
stefano.crapanzano@chu.ulg.ac.be,Results for unordered-list | Friconix - Google Chrome,Tâches diverses,2021-08-13,11:08:22,00:00:06
stefano.crapanzano@chu.ulg.ac.be,Unordered list icon by Friconix (fi-xnluxl-unordered-list) line up normal list editor list-item checklist unordered unordered-list unsorted unsorted-list bullet bullet-list - Google Chrome,Tâches diverses,2021-08-13,11:08:28,00:00:09
stefano.crapanzano@chu.ulg.ac.be,Unordered list icon by Friconix (fi-xnluxl-unordered-list) line up normal list editor list-item checklist unordered unordered-list unsorted unsorted-list bullet bullet-list - Google Chrome,Tâches diverses,2021-08-13,11:09:04,00:00:03
stefano.crapanzano@chu.ulg.ac.be,Results for clock | Friconix - Google Chrome,Tâches diverses,2021-08-13,11:09:08,00:00:06
stefano.crapanzano@chu.ulg.ac.be,Results for clock | Friconix - Google Chrome,Tâches diverses,2021-08-13,11:09:20,00:00:12
stefano.crapanzano@chu.ulg.ac.be,Clock icon by Friconix (fi-cnluhl-clock) line up normal circle horizontal mirror clock time meeting hour minute hours minutes - Google Chrome,Tâches diverses,2021-08-13,11:09:32,00:00:05
stefano.crapanzano@chu.ulg.ac.be,Clock icon by Friconix (fi-cnluhl-clock) line up normal circle horizontal mirror clock time meeting hour minute hours minutes - Google Chrome,Tâches diverses,2021-08-13,11:09:55,00:00:02
stefano.crapanzano@chu.ulg.ac.be,Results for spreadsheet | Friconix - Google Chrome,Tâches diverses,2021-08-13,11:09:57,00:00:06
stefano.crapanzano@chu.ulg.ac.be,Spreadsheet icon by Friconix (fi-xnluxl-spreadsheet) line up normal cell table data grid row columns spreadsheet - Google Chrome,Tâches diverses,2021-08-13,11:10:03,00:00:02
stefano.crapanzano@chu.ulg.ac.be,Spreadsheet icon by Friconix (fi-xnluxl-spreadsheet) line up normal cell table data grid row columns spreadsheet - Google Chrome,Tâches diverses,2021-08-13,11:10:07,00:00:04
stefano.crapanzano@chu.ulg.ac.be,Spreadsheet icon by Friconix (fi-xnluxl-spreadsheet) line up normal cell table data grid row columns spreadsheet - Google Chrome,Tâches diverses,2021-08-13,11:10:25,00:00:03
stefano.crapanzano@chu.ulg.ac.be,Results for team-solid | Friconix - Google Chrome,Tâches diverses,2021-08-13,11:10:28,00:00:02
stefano.crapanzano@chu.ulg.ac.be,Team solid icon by Friconix (fi-xnsuxl-team-solid) normal solid users group people team-solid team community - Google Chrome,Tâches diverses,2021-08-13,11:10:31,00:00:02
stefano.crapanzano@chu.ulg.ac.be,Team solid icon by Friconix (fi-xnsuxl-team-solid) normal solid users group people team-solid team community - Google Chrome,Tâches diverses,2021-08-13,11:10:58,00:00:02
stefano.crapanzano@chu.ulg.ac.be,Results for user | Friconix - Google Chrome,Tâches diverses,2021-08-13,11:11:00,00:00:04
stefano.crapanzano@chu.ulg.ac.be,Results for user | Friconix - Google Chrome,Tâches diverses,2021-08-13,11:11:08,00:00:02
stefano.crapanzano@chu.ulg.ac.be,User icon by Friconix (fi-xnluxl-user) line normal user man woman person - Google Chrome,Tâches diverses,2021-08-13,11:11:11,00:00:03
stefano.crapanzano@chu.ulg.ac.be,User icon by Friconix (fi-xnluxl-user) line normal user man woman person - Google Chrome,Tâches diverses,2021-08-13,11:11:27,00:00:03
stefano.crapanzano@chu.ulg.ac.be,Sign out solid icon by Friconix (fi-xnsuxl-sign-out-solid) up normal solid sign log out logout log-out exit signout sign-out-solid disconnect - Google Chrome,Tâches diverses,2021-08-13,11:11:32,00:00:04
stefano.crapanzano@chu.ulg.ac.be,Sign out solid icon by Friconix (fi-xnsuxl-sign-out-solid) up normal solid sign log out logout log-out exit signout sign-out-solid disconnect - Google Chrome,Tâches diverses,2021-08-13,11:14:14,00:00:32
stefano.crapanzano@chu.ulg.ac.be,Sign out solid icon by Friconix (fi-xnsuxl-sign-out-solid) up normal solid sign log out logout log-out exit signout sign-out-solid disconnect - Google Chrome,Tâches diverses,2021-08-13,11:14:48,00:00:02
stefano.crapanzano@chu.ulg.ac.be,P203 CHU Compte général à rapprocher - Xperthis ERP4HC 1.0 - Service d'assistance - Google Chrome,Tâches diverses,2021-08-13,11:23:33,00:00:02
stefano.crapanzano@chu.ulg.ac.be,P203 CHU Factures EDICOM en erreur - Xperthis ERP4HC 1.0 - Service d'assistance - Google Chrome,Tâches diverses,2021-08-13,11:23:39,00:00:14
stefano.crapanzano@chu.ulg.ac.be,P203 CHU Factures EDICOM en erreur - Xperthis ERP4HC 1.0 - Service d'assistance - Google Chrome,Tâches diverses,2021-08-13,11:24:01,00:00:02
stefano.crapanzano@chu.ulg.ac.be,P203 CHU Factures EDICOM en erreur - Xperthis ERP4HC 1.0 - Service d'assistance - Google Chrome,Tâches diverses,2021-08-13,11:24:15,00:00:24
stefano.crapanzano@chu.ulg.ac.be,P203 CHU Factures EDICOM en erreur - Xperthis ERP4HC 1.0 - Service d'assistance - Google Chrome,Tâches diverses,2021-08-13,11:29:28,00:00:11
stefano.crapanzano@chu.ulg.ac.be,P203 CHU Factures EDICOM en erreur - Xperthis ERP4HC 1.0 - Service d'assistance - Google Chrome,Tâches diverses,2021-08-13,11:33:14,00:00:15
stefano.crapanzano@chu.ulg.ac.be,P203 CHU Factures EDICOM en erreur - Xperthis ERP4HC 1.0 - Service d'assistance - Google Chrome,Tâches diverses,2021-08-13,11:38:14,00:00:02
stefano.crapanzano@chu.ulg.ac.be,P203 CHU Factures EDICOM en erreur - Xperthis ERP4HC 1.0 - Service d'assistance - Google Chrome,Tâches diverses,2021-08-13,11:41:22,00:00:04
stefano.crapanzano@chu.ulg.ac.be,P203 CHU Factures EDICOM en erreur - Xperthis ERP4HC 1.0 - Service d'assistance - Google Chrome,Tâches diverses,2021-08-13,11:41:29,00:00:06
stefano.crapanzano@chu.ulg.ac.be,Rédaction : Fwd: Erreur workflow EDI - Thunderbird,Helpdesk général,2021-08-13,11:24:48,00:01:38
stefano.crapanzano@chu.ulg.ac.be,Rédaction : Fwd: Erreur workflow EDI - Thunderbird,Exploration SAP,2021-08-13,11:27:37,00:00:25
stefano.crapanzano@chu.ulg.ac.be,Rédaction : Fwd: Erreur workflow EDI - Thunderbird,Helpdesk général,2021-08-13,11:30:03,00:00:43
stefano.crapanzano@chu.ulg.ac.be,Rédaction : Fwd: Erreur workflow EDI - Thunderbird,Helpdesk général,2021-08-13,11:31:29,00:01:44
stefano.crapanzano@chu.ulg.ac.be,Rédaction : Fwd: Erreur workflow EDI - Thunderbird,Helpdesk général,2021-08-13,11:33:46,00:00:11
stefano.crapanzano@chu.ulg.ac.be,Rédaction : Fwd: Erreur workflow EDI - Thunderbird,Helpdesk général,2021-08-13,11:34:04,00:00:04
stefano.crapanzano@chu.ulg.ac.be,Rédaction : Fwd: Erreur workflow EDI - Thunderbird,Helpdesk général,2021-08-13,11:34:15,00:00:39
stefano.crapanzano@chu.ulg.ac.be,Rédaction : Fwd: Erreur workflow EDI - Thunderbird,Helpdesk général,2021-08-13,11:35:14,00:00:16
stefano.crapanzano@chu.ulg.ac.be,Rédaction : Fwd: Erreur workflow EDI - Thunderbird,Helpdesk général,2021-08-13,11:35:39,00:02:33
stefano.crapanzano@chu.ulg.ac.be,Rédaction : Fwd: Erreur workflow EDI - Thunderbird,Helpdesk général,2021-08-13,11:38:27,00:00:10
stefano.crapanzano@chu.ulg.ac.be,Rédaction : Fwd: Erreur workflow EDI - Thunderbird,Helpdesk général,2021-08-13,11:38:43,00:00:38
stefano.crapanzano@chu.ulg.ac.be,Rédaction : Fwd: Erreur workflow EDI - Thunderbird,Helpdesk général,2021-08-13,15:24:54,00:00:32
stefano.crapanzano@chu.ulg.ac.be,C:\Users\c158492\ProjetBoulot\PYTHON\automatic_toggl\app_logged.csv - Notepad++ [Administrator],IT,2021-08-13,11:26:37,00:00:03
stefano.crapanzano@chu.ulg.ac.be,C:\Users\c158492\ProjetBoulot\PYTHON\automatic_toggl\app_logged.csv - Notepad++ [Administrator],IT,2021-08-13,15:55:52,00:00:03
stefano.crapanzano@chu.ulg.ac.be,C:\Users\c158492\AppData\Local\Temp\fz3temp-2\ZHUL_596924.TXT - Notepad++ [Administrator],IT,2021-08-13,11:26:49,00:00:13
stefano.crapanzano@chu.ulg.ac.be,C:\Users\c158492\AppData\Local\Temp\fz3temp-2\ZHUL_596924.TXT - Notepad++ [Administrator],IT,2021-08-13,11:28:23,00:00:02
stefano.crapanzano@chu.ulg.ac.be,Suivi du traitement facture,Exploration SAP,2021-08-13,11:27:19,00:00:08
stefano.crapanzano@chu.ulg.ac.be,Suivi du traitement facture,Exploration SAP,2021-08-13,11:28:26,00:00:13
stefano.crapanzano@chu.ulg.ac.be,Suivi du traitement facture,Exploration SAP,2021-08-13,11:29:10,00:00:03
stefano.crapanzano@chu.ulg.ac.be,Suivi du traitement facture,Exploration SAP,2021-08-13,11:29:15,00:00:08
stefano.crapanzano@chu.ulg.ac.be,Suivi du traitement facture,Exploration SAP,2021-08-13,11:59:22,00:00:02
stefano.crapanzano@chu.ulg.ac.be,Reporting des factures avec workflow,Exploration SAP,2021-08-13,11:27:27,00:00:09
stefano.crapanzano@chu.ulg.ac.be,Reporting des factures avec workflow,Exploration SAP,2021-08-13,11:28:39,00:00:07
stefano.crapanzano@chu.ulg.ac.be,C:\Users\c158492\AppData\Local\Temp\fz3temp-2\ZHUL_596923.TXT - Notepad++ [Administrator],IT,2021-08-13,11:28:17,00:00:06
stefano.crapanzano@chu.ulg.ac.be,C:\Users\c158492\AppData\Local\Temp\fz3temp-2\ZHUL_596923.TXT - Notepad++ [Administrator],IT,2021-08-13,11:35:02,00:00:10
stefano.crapanzano@chu.ulg.ac.be,C:\Users\c158492\AppData\Local\Temp\fz3temp-2\ZHUL_596923.TXT - Notepad++ [Administrator],IT,2021-08-13,11:35:30,00:00:08
stefano.crapanzano@chu.ulg.ac.be,C:\Users\c158492\AppData\Local\Temp\fz3temp-2\C0712110684.TXT - Notepad++ [Administrator],IT,2021-08-13,11:28:57,00:00:13
stefano.crapanzano@chu.ulg.ac.be,C:\Users\c158492\AppData\Local\Temp\fz3temp-2\C0712110684.TXT - Notepad++ [Administrator],IT,2021-08-13,11:33:38,00:00:07
stefano.crapanzano@chu.ulg.ac.be,C:\Users\c158492\AppData\Local\Temp\fz3temp-2\C0712110684.TXT - Notepad++ [Administrator],IT,2021-08-13,11:33:59,00:00:04
stefano.crapanzano@chu.ulg.ac.be,C:\Users\c158492\AppData\Local\Temp\fz3temp-2\C0712110684.TXT - Notepad++ [Administrator],IT,2021-08-13,11:34:09,00:00:06
stefano.crapanzano@chu.ulg.ac.be,C:\Users\c158492\AppData\Local\Temp\fz3temp-2\ZHUL_594919.TXT - Notepad++ [Administrator],Helpdesk général,2021-08-13,11:31:05,00:00:05
stefano.crapanzano@chu.ulg.ac.be,P203 CHU Job C203_ZHUL_EDICOM interrompu - Xperthis ERP4HC 1.0 - Service d'assistance - Google Chrome,Tâches diverses,2021-08-13,11:38:20,00:00:05
stefano.crapanzano@chu.ulg.ac.be,P203 CHU Job C203_ZHUL_EDICOM interrompu - Xperthis ERP4HC 1.0 - Service d'assistance - Google Chrome,Tâches diverses,2021-08-13,11:38:39,00:00:03
stefano.crapanzano@chu.ulg.ac.be,P203 CHU Job C203_ZHUL_EDICOM interrompu - Xperthis ERP4HC 1.0 - Service d'assistance - Google Chrome,Tâches diverses,2021-08-13,11:39:25,00:00:02
stefano.crapanzano@chu.ulg.ac.be,P203 CHU Job C203_ZHUL_EDICOM interrompu - Xperthis ERP4HC 1.0 - Service d'assistance - Google Chrome,Tâches diverses,2021-08-13,11:40:32,00:00:03
stefano.crapanzano@chu.ulg.ac.be,P203 CHU Job C203_ZHUL_EDICOM interrompu - Xperthis ERP4HC 1.0 - Service d'assistance - Google Chrome,Tâches diverses,2021-08-13,11:41:06,00:00:12
stefano.crapanzano@chu.ulg.ac.be,Fwd: Erreur workflow EDI - Mozilla Thunderbird,Helpdesk général,2021-08-13,11:40:40,00:00:12
stefano.crapanzano@chu.ulg.ac.be,Fwd: Erreur workflow EDI - Mozilla Thunderbird,Helpdesk général,2021-08-13,11:40:56,00:00:02
stefano.crapanzano@chu.ulg.ac.be,Enregistrer le message sous,Helpdesk général,2021-08-13,11:40:52,00:00:04
stefano.crapanzano@chu.ulg.ac.be,function getAllResponseHeaders() { [native code] } insuficient memory - Recherche Google - Google Chrome,Tâches diverses,2021-08-13,11:57:55,00:00:13
stefano.crapanzano@chu.ulg.ac.be,jquery function getAllResponseHeaders() { [native code] } insuficient memory - Recherche Google - Google Chrome,Tâches diverses,2021-08-13,11:58:08,00:00:02
stefano.crapanzano@chu.ulg.ac.be,Catch  Not enough storage  exceptions when reading responseText (IE) · Issue #3499 · jquery/jquery · GitHub - Google Chrome,Tâches diverses,2021-08-13,11:58:11,00:00:05
stefano.crapanzano@chu.ulg.ac.be,Catch  Not enough storage  exceptions when reading responseText (IE) · Issue #3499 · jquery/jquery · GitHub - Google Chrome,Tâches diverses,2021-08-13,12:12:22,00:00:02
stefano.crapanzano@chu.ulg.ac.be,Fin de session,Exploration SAP,2021-08-13,11:59:24,00:00:06
stefano.crapanzano@chu.ulg.ac.be,Microsoft Excel,Tâches diverses,2021-08-13,12:00:37,00:00:04
stefano.crapanzano@chu.ulg.ac.be,Microsoft Excel,Tâches diverses,2021-08-13,12:00:47,00:00:02
stefano.crapanzano@chu.ulg.ac.be,erpftp - Netop Remote Control,Helpdesk général,2021-08-13,12:11:39,00:00:19
stefano.crapanzano@chu.ulg.ac.be,Boîte de réception (62 980) - s.crapanzano@gmail.com - Gmail - Google Chrome,Tâches diverses,2021-08-13,12:15:07,00:00:07
stefano.crapanzano@chu.ulg.ac.be,SAM-DB - Google Chrome,Tâches diverses,2021-08-13,12:15:18,00:00:03
stefano.crapanzano@chu.ulg.ac.be,SAM-DB - Google Chrome,Tâches diverses,2021-08-13,15:38:33,00:00:10
stefano.crapanzano@chu.ulg.ac.be,SAM-DB - Google Chrome,Tâches diverses,2021-08-13,16:19:10,00:00:03
stefano.crapanzano@chu.ulg.ac.be,Rédaction : Re: Réception bloquée pharmacie - Thunderbird,Helpdesk général,2021-08-13,12:52:00,00:00:52
stefano.crapanzano@chu.ulg.ac.be,P203 CHR Transfert d'approbation de DA en cas d'absence de l'approbateur - Xperthis ERP4HC 1.0 - Service d'assistance - Google Chrome,Tâches diverses,2021-08-13,12:53:08,00:00:44
stefano.crapanzano@chu.ulg.ac.be,Impression via ZWM_REPRINT_HU ne fonctionne pas - Xperthis ERP4HC 2.0 Rollout - Service d'assistance - Google Chrome,Tâches diverses,2021-08-13,12:54:04,00:00:02
stefano.crapanzano@chu.ulg.ac.be,Boîte de réception (62 981) - s.crapanzano@gmail.com - Gmail - Google Chrome,Tâches diverses,2021-08-13,12:56:54,00:00:04
stefano.crapanzano@chu.ulg.ac.be,Boîte de réception (62 982) - s.crapanzano@gmail.com - Gmail - Google Chrome,Tâches diverses,2021-08-13,13:39:57,00:00:02
stefano.crapanzano@chu.ulg.ac.be,Boîte de réception (62 982) - s.crapanzano@gmail.com - Gmail - Google Chrome,Tâches diverses,2021-08-13,13:40:01,00:00:03
stefano.crapanzano@chu.ulg.ac.be,Boîte de réception (62 983) - s.crapanzano@gmail.com - Gmail - Google Chrome,Tâches diverses,2021-08-13,14:19:21,00:00:03
stefano.crapanzano@chu.ulg.ac.be,Boîte de réception (62 983) - s.crapanzano@gmail.com - Gmail - Google Chrome,Tâches diverses,2021-08-13,15:46:41,00:00:26
stefano.crapanzano@chu.ulg.ac.be,Boîte de réception (62 983) - s.crapanzano@gmail.com - Gmail - Google Chrome,Tâches diverses,2021-08-13,15:58:01,00:00:03
stefano.crapanzano@chu.ulg.ac.be,Boîte de réception (62 983) - s.crapanzano@gmail.com - Gmail - Google Chrome,Tâches diverses,2021-08-13,15:58:06,00:00:07
stefano.crapanzano@chu.ulg.ac.be,Boîte de réception (62 983) - s.crapanzano@gmail.com - Gmail - Google Chrome,Tâches diverses,2021-08-13,15:58:24,00:02:16
stefano.crapanzano@chu.ulg.ac.be,Boîte de réception (62 983) - s.crapanzano@gmail.com - Gmail - Google Chrome,Tâches diverses,2021-08-13,16:26:53,00:00:02
stefano.crapanzano@chu.ulg.ac.be,SAM-DB : Disposer de ressources pour le changement enironnement ERP4HC 2.0 - Google Chrome,Tâches diverses,2021-08-13,15:10:07,00:00:46
stefano.crapanzano@chu.ulg.ac.be,SAM-DB : Disposer de ressources pour le changement enironnement ERP4HC 2.0 - Google Chrome,Tâches diverses,2021-08-13,15:37:43,00:00:50
stefano.crapanzano@chu.ulg.ac.be,Télétravail (à partir du 11-01-21).xlsx - Excel,Tâches diverses,2021-08-13,15:53:24,00:00:18
stefano.crapanzano@chu.ulg.ac.be,tests à réaliser.xlsx - Excel,Tâches diverses,2021-08-13,15:53:42,00:00:10
stefano.crapanzano@chu.ulg.ac.be,tests à réaliser.xlsx - Excel,Tâches diverses,2021-08-13,16:36:20,00:00:39
stefano.crapanzano@chu.ulg.ac.be,tests à réaliser.xlsx - Excel,Tâches diverses,2021-08-13,16:37:02,00:00:14
stefano.crapanzano@chu.ulg.ac.be,\\filesrv01.st.chulg\oazis_prod\APPL_PROD\SOURCES\BAT\ERP\CHL_ERP_PSRL_COMPTA_HOME_SENY_MUT_VERS_SAP.bat - Notepad++ [Administrator],IT,2021-08-13,15:55:58,00:00:02
stefano.crapanzano@chu.ulg.ac.be,\\ERPFTP.st.chulg\ERP\Log\KOFAX-KofaxCaptureSVReleaseProdFRCHR.log - Notepad++ [Administrator],IT,2021-08-13,15:56:15,00:00:04
stefano.crapanzano@chu.ulg.ac.be,\\ERPFTP.st.chulg\ERP\Log\KOFAX-KofaxCaptureSVReleaseProdFRCHR.log - Notepad++ [Administrator],IT,2021-08-13,15:56:22,00:00:08
stefano.crapanzano@chu.ulg.ac.be,nouveau 1 - Notepad++ [Administrator],IT,2021-08-13,15:56:30,00:00:02
stefano.crapanzano@chu.ulg.ac.be,Spam (114) - s.crapanzano@gmail.com - Gmail - Google Chrome,Tâches diverses,2021-08-13,15:58:13,00:00:10
stefano.crapanzano@chu.ulg.ac.be,Rédaction : (pas de sujet) - Thunderbird,Helpdesk général,2021-08-13,16:11:25,00:00:12
stefano.crapanzano@chu.ulg.ac.be,Rédaction : Ministère des - Thunderbird,Helpdesk général,2021-08-13,16:11:40,00:00:04
stefano.crapanzano@chu.ulg.ac.be,Rédaction : Ministère des mar - Thunderbird,Helpdesk général,2021-08-13,16:11:45,00:00:02
stefano.crapanzano@chu.ulg.ac.be,Rédaction : Ministère des marches bizarres - Thunderbird,Helpdesk général,2021-08-13,16:11:50,00:00:04
stefano.crapanzano@chu.ulg.ac.be,Ministry of Silly Walks - YouTube - Google Chrome,Tâches diverses,2021-08-13,16:16:16,00:02:54
stefano.crapanzano@chu.ulg.ac.be,Boîte de réception (62 984) - s.crapanzano@gmail.com - Gmail - Google Chrome,Tâches diverses,2021-08-13,16:26:55,00:00:03
stefano.crapanzano@chu.ulg.ac.be,Boîte de réception (62 984) - s.crapanzano@gmail.com - Gmail - Google Chrome,Tâches diverses,2021-08-13,16:49:59,00:00:05
stefano.crapanzano@chu.ulg.ac.be,Boîte de réception (62 984) - s.crapanzano@gmail.com - Gmail - Google Chrome,Tâches diverses,2021-08-13,16:50:06,00:00:09
stefano.crapanzano@chu.ulg.ac.be,P203 CHU Confirmation stock zéro - PDA - Xperthis ERP4HC 1.0 - Service d'assistance - Google Chrome,Tâches diverses,2021-08-13,16:50:28,00:00:25
stefano.crapanzano@chu.ulg.ac.be,P203 CHU Confirmation stock zéro - PDA - Xperthis ERP4HC 1.0 - Service d'assistance - Google Chrome,Tâches diverses,2021-08-13,16:52:30,00:00:19
stefano.crapanzano@chu.ulg.ac.be,P203 CHU Confirmation stock zéro - PDA - Xperthis ERP4HC 1.0 - Service d'assistance - Google Chrome,Tâches diverses,2021-08-13,16:52:53,00:00:08
stefano.crapanzano@chu.ulg.ac.be,P203 CHU Confirmation stock zéro - PDA - Xperthis ERP4HC 1.0 - Service d'assistance - Google Chrome,Tâches diverses,2021-08-13,16:54:46,00:01:33
stefano.crapanzano@chu.ulg.ac.be,SDERP-18902 - Mozilla Thunderbird,Helpdesk général,2021-08-13,16:53:04,00:00:16
stefano.crapanzano@chu.ulg.ac.be,SDERP-18902 - Mozilla Thunderbird,Helpdesk général,2021-08-13,16:53:28,00:00:06
stefano.crapanzano@chu.ulg.ac.be,SDERP-18902 Confirmation stock zéro - PDA - Mozilla Thunderbird,Helpdesk général,2021-08-13,16:53:21,00:00:07
stefano.crapanzano@chu.ulg.ac.be,18902 - Mozilla Thunderbird,Helpdesk général,2021-08-13,16:53:34,00:00:06
stefano.crapanzano@chu.ulg.ac.be,Confirmation stock zéro - PDA - Mozilla Thunderbird,Helpdesk général,2021-08-13,16:53:40,00:00:21
stefano.crapanzano@chu.ulg.ac.be,Confirmation stock zéro - PDA - Mozilla Thunderbird,Helpdesk général,2021-08-13,16:56:33,00:00:02
stefano.crapanzano@chu.ulg.ac.be,Rédaction : Re: Confirmation stock zéro - PDA - Thunderbird,Helpdesk général,2021-08-13,16:54:02,00:00:39
stefano.crapanzano@chu.ulg.ac.be,P203 coût licence SAP - Xperthis ERP4HC 1.0 - Service d'assistance - Google Chrome,Tâches diverses,2021-08-13,16:56:24,00:00:02
