Email,Description,Project,Start date,Start time,Duration
stefano.crapanzano@chu.ulg.ac.be,Administrateur : Perl (command line) - python  main.py,IT,2021-08-10,08:28:37,00:00:02
stefano.crapanzano@chu.ulg.ac.be,Administrateur : Perl (command line) - python  main.py,IT,2021-08-10,12:13:10,00:00:02
stefano.crapanzano@chu.ulg.ac.be,Courrier entrant - erp.sai@chuliege.be - Mozilla Thunderbird,Helpdesk général,2021-08-10,08:28:40,00:01:04
stefano.crapanzano@chu.ulg.ac.be,Courrier entrant - erp.sai@chuliege.be - Mozilla Thunderbird,Helpdesk général,2021-08-10,08:29:48,00:11:49
stefano.crapanzano@chu.ulg.ac.be,Courrier entrant - erp.sai@chuliege.be - Mozilla Thunderbird,Helpdesk général,2021-08-10,08:42:02,00:00:02
stefano.crapanzano@chu.ulg.ac.be,Courrier entrant - erp.sai@chuliege.be - Mozilla Thunderbird,Helpdesk général,2021-08-10,08:50:27,01:02:45
stefano.crapanzano@chu.ulg.ac.be,Courrier entrant - erp.sai@chuliege.be - Mozilla Thunderbird,Helpdesk général,2021-08-10,09:53:15,00:00:59
stefano.crapanzano@chu.ulg.ac.be,Courrier entrant - erp.sai@chuliege.be - Mozilla Thunderbird,Helpdesk général,2021-08-10,09:56:03,00:00:04
stefano.crapanzano@chu.ulg.ac.be,Courrier entrant - erp.sai@chuliege.be - Mozilla Thunderbird,Helpdesk général,2021-08-10,10:03:05,00:00:38
stefano.crapanzano@chu.ulg.ac.be,Courrier entrant - erp.sai@chuliege.be - Mozilla Thunderbird,Helpdesk général,2021-08-10,10:04:50,00:00:07
stefano.crapanzano@chu.ulg.ac.be,Courrier entrant - erp.sai@chuliege.be - Mozilla Thunderbird,Helpdesk général,2021-08-10,10:04:59,00:06:54
stefano.crapanzano@chu.ulg.ac.be,Courrier entrant - erp.sai@chuliege.be - Mozilla Thunderbird,Helpdesk général,2021-08-10,10:14:31,00:43:41
stefano.crapanzano@chu.ulg.ac.be,Courrier entrant - erp.sai@chuliege.be - Mozilla Thunderbird,Helpdesk général,2021-08-10,11:00:50,00:50:39
stefano.crapanzano@chu.ulg.ac.be,Courrier entrant - erp.sai@chuliege.be - Mozilla Thunderbird,Helpdesk général,2021-08-10,11:52:41,00:20:29
stefano.crapanzano@chu.ulg.ac.be,Courrier entrant - erp.sai@chuliege.be - Mozilla Thunderbird,Helpdesk général,2021-08-10,12:13:13,00:04:44
stefano.crapanzano@chu.ulg.ac.be,Courrier entrant - erp.sai@chuliege.be - Mozilla Thunderbird,Helpdesk général,2021-08-10,12:18:37,00:00:03
stefano.crapanzano@chu.ulg.ac.be,Courrier entrant - erp.sai@chuliege.be - Mozilla Thunderbird,Helpdesk général,2021-08-10,12:18:47,00:00:02
stefano.crapanzano@chu.ulg.ac.be,Courrier entrant - erp.sai@chuliege.be - Mozilla Thunderbird,Helpdesk général,2021-08-10,12:19:56,00:00:10
stefano.crapanzano@chu.ulg.ac.be,Courrier entrant - erp.sai@chuliege.be - Mozilla Thunderbird,Helpdesk général,2021-08-10,12:27:11,00:00:04
stefano.crapanzano@chu.ulg.ac.be,Courrier entrant - erp.sai@chuliege.be - Mozilla Thunderbird,Helpdesk général,2021-08-10,12:34:28,00:00:06
stefano.crapanzano@chu.ulg.ac.be,Courrier entrant - erp.sai@chuliege.be - Mozilla Thunderbird,Helpdesk général,2021-08-10,12:34:38,01:05:21
stefano.crapanzano@chu.ulg.ac.be,Courrier entrant - erp.sai@chuliege.be - Mozilla Thunderbird,Helpdesk général,2021-08-10,13:40:04,00:00:03
stefano.crapanzano@chu.ulg.ac.be,Courrier entrant - erp.sai@chuliege.be - Mozilla Thunderbird,Helpdesk général,2021-08-10,13:42:47,00:00:03
stefano.crapanzano@chu.ulg.ac.be,Courrier entrant - erp.sai@chuliege.be - Mozilla Thunderbird,Helpdesk général,2021-08-10,13:49:16,00:00:03
stefano.crapanzano@chu.ulg.ac.be,Courrier entrant - erp.sai@chuliege.be - Mozilla Thunderbird,Helpdesk général,2021-08-10,13:49:22,00:00:02
stefano.crapanzano@chu.ulg.ac.be,Courrier entrant - erp.sai@chuliege.be - Mozilla Thunderbird,Helpdesk général,2021-08-10,13:49:27,00:00:09
stefano.crapanzano@chu.ulg.ac.be,Courrier entrant - erp.sai@chuliege.be - Mozilla Thunderbird,Helpdesk général,2021-08-10,13:54:48,00:00:11
stefano.crapanzano@chu.ulg.ac.be,Courrier entrant - erp.sai@chuliege.be - Mozilla Thunderbird,Helpdesk général,2021-08-10,13:55:07,00:00:02
stefano.crapanzano@chu.ulg.ac.be,Courrier entrant - erp.sai@chuliege.be - Mozilla Thunderbird,Helpdesk général,2021-08-10,13:55:44,00:00:12
stefano.crapanzano@chu.ulg.ac.be,Courrier entrant - erp.sai@chuliege.be - Mozilla Thunderbird,Helpdesk général,2021-08-10,13:56:56,00:00:03
stefano.crapanzano@chu.ulg.ac.be,Courrier entrant - erp.sai@chuliege.be - Mozilla Thunderbird,Helpdesk général,2021-08-10,13:57:54,00:06:52
stefano.crapanzano@chu.ulg.ac.be,Courrier entrant - erp.sai@chuliege.be - Mozilla Thunderbird,Helpdesk général,2021-08-10,14:05:39,00:00:02
stefano.crapanzano@chu.ulg.ac.be,Courrier entrant - erp.sai@chuliege.be - Mozilla Thunderbird,Helpdesk général,2021-08-10,14:07:20,00:00:02
stefano.crapanzano@chu.ulg.ac.be,Courrier entrant - erp.sai@chuliege.be - Mozilla Thunderbird,Helpdesk général,2021-08-10,14:07:25,00:00:10
stefano.crapanzano@chu.ulg.ac.be,Courrier entrant - erp.sai@chuliege.be - Mozilla Thunderbird,Helpdesk général,2021-08-10,14:10:34,00:05:54
stefano.crapanzano@chu.ulg.ac.be,Courrier entrant - erp.sai@chuliege.be - Mozilla Thunderbird,Helpdesk général,2021-08-10,14:16:45,00:00:03
stefano.crapanzano@chu.ulg.ac.be,Courrier entrant - erp.sai@chuliege.be - Mozilla Thunderbird,Helpdesk général,2021-08-10,16:18:12,00:44:23
stefano.crapanzano@chu.ulg.ac.be,Courrier entrant - stefano.crapanzano@chuliege.be - Mozilla Thunderbird,Helpdesk général,2021-08-10,08:29:45,00:00:03
stefano.crapanzano@chu.ulg.ac.be,Courrier entrant - stefano.crapanzano@chuliege.be - Mozilla Thunderbird,Helpdesk général,2021-08-10,10:04:57,00:00:02
stefano.crapanzano@chu.ulg.ac.be,Courrier entrant - stefano.crapanzano@chuliege.be - Mozilla Thunderbird,Helpdesk général,2021-08-10,12:34:34,00:00:03
stefano.crapanzano@chu.ulg.ac.be,Courrier entrant - stefano.crapanzano@chuliege.be - Mozilla Thunderbird,Helpdesk général,2021-08-10,13:49:20,00:00:02
stefano.crapanzano@chu.ulg.ac.be,erpftp,Helpdesk général,2021-08-10,08:41:38,00:00:02
stefano.crapanzano@chu.ulg.ac.be,Netop Invité,Helpdesk général,2021-08-10,08:41:40,00:00:10
stefano.crapanzano@chu.ulg.ac.be,Netop Invité,Helpdesk général,2021-08-10,08:42:10,00:00:34
stefano.crapanzano@chu.ulg.ac.be,Netop Invité,Helpdesk général,2021-08-10,08:42:46,00:00:03
stefano.crapanzano@chu.ulg.ac.be,Netop Invité,Helpdesk général,2021-08-10,08:42:53,00:00:07
stefano.crapanzano@chu.ulg.ac.be,Netop Invité,Helpdesk général,2021-08-10,08:43:58,00:00:03
stefano.crapanzano@chu.ulg.ac.be,Netop Invité,Helpdesk général,2021-08-10,08:44:03,00:00:02
stefano.crapanzano@chu.ulg.ac.be,Netop Invité,Helpdesk général,2021-08-10,08:44:48,00:00:53
stefano.crapanzano@chu.ulg.ac.be,Netop Invité,Helpdesk général,2021-08-10,08:46:27,00:00:04
stefano.crapanzano@chu.ulg.ac.be,Netop Invité,Helpdesk général,2021-08-10,08:50:22,00:00:03
stefano.crapanzano@chu.ulg.ac.be,Netop Invité,Helpdesk général,2021-08-10,14:17:52,01:05:55
stefano.crapanzano@chu.ulg.ac.be,Netop Invité,Helpdesk général,2021-08-10,15:24:30,00:00:03
stefano.crapanzano@chu.ulg.ac.be,Netop Invité,Helpdesk général,2021-08-10,15:25:25,00:51:59
stefano.crapanzano@chu.ulg.ac.be,Netop,Helpdesk général,2021-08-10,08:41:51,00:00:10
stefano.crapanzano@chu.ulg.ac.be,Netop,Helpdesk général,2021-08-10,08:43:00,00:00:30
stefano.crapanzano@chu.ulg.ac.be,Netop,Helpdesk général,2021-08-10,08:44:06,00:00:42
stefano.crapanzano@chu.ulg.ac.be,Netop,Helpdesk général,2021-08-10,13:50:22,00:00:02
stefano.crapanzano@chu.ulg.ac.be,Rédaction : (pas de sujet) - Thunderbird,Helpdesk général,2021-08-10,08:42:04,00:00:04
stefano.crapanzano@chu.ulg.ac.be,Navigation système de fichier,IT,2021-08-10,08:45:41,00:00:03
stefano.crapanzano@chu.ulg.ac.be,Navigation système de fichier,IT,2021-08-10,08:47:29,00:00:05
stefano.crapanzano@chu.ulg.ac.be,Navigation système de fichier,IT,2021-08-10,08:47:49,00:00:07
stefano.crapanzano@chu.ulg.ac.be,Navigation système de fichier,IT,2021-08-10,08:49:10,00:00:02
stefano.crapanzano@chu.ulg.ac.be,Navigation système de fichier,IT,2021-08-10,09:53:12,00:00:02
stefano.crapanzano@chu.ulg.ac.be,Navigation système de fichier,IT,2021-08-10,09:56:00,00:00:02
stefano.crapanzano@chu.ulg.ac.be,Navigation système de fichier,IT,2021-08-10,10:14:28,00:00:02
stefano.crapanzano@chu.ulg.ac.be,Navigation système de fichier,IT,2021-08-10,10:58:12,00:00:06
stefano.crapanzano@chu.ulg.ac.be,Navigation système de fichier,IT,2021-08-10,10:59:28,00:00:05
stefano.crapanzano@chu.ulg.ac.be,Navigation système de fichier,IT,2021-08-10,13:40:00,00:00:03
stefano.crapanzano@chu.ulg.ac.be,Navigation système de fichier,IT,2021-08-10,13:40:12,00:00:02
stefano.crapanzano@chu.ulg.ac.be,Navigation système de fichier,IT,2021-08-10,13:42:40,00:00:06
stefano.crapanzano@chu.ulg.ac.be,Navigation système de fichier,IT,2021-08-10,13:43:31,00:00:02
stefano.crapanzano@chu.ulg.ac.be,Navigation système de fichier,IT,2021-08-10,13:49:24,00:00:02
stefano.crapanzano@chu.ulg.ac.be,Navigation système de fichier,IT,2021-08-10,13:52:30,00:00:12
stefano.crapanzano@chu.ulg.ac.be,Navigation système de fichier,IT,2021-08-10,14:05:36,00:00:03
stefano.crapanzano@chu.ulg.ac.be,Navigation système de fichier,IT,2021-08-10,15:23:47,00:00:42
stefano.crapanzano@chu.ulg.ac.be,Nouvel onglet - Google Chrome,Tâches diverses,2021-08-10,08:43:31,00:00:07
stefano.crapanzano@chu.ulg.ac.be,Nouvel onglet - Google Chrome,Tâches diverses,2021-08-10,13:43:33,00:00:05
stefano.crapanzano@chu.ulg.ac.be,Identification - Google Chrome,Tâches diverses,2021-08-10,08:43:38,00:00:07
stefano.crapanzano@chu.ulg.ac.be,Helpdesk ATI - Db Hardware Prod - Google Chrome,Tâches diverses,2021-08-10,08:43:45,00:00:11
stefano.crapanzano@chu.ulg.ac.be,SAP Logon 750,Exploration SAP,2021-08-10,08:45:45,00:00:03
stefano.crapanzano@chu.ulg.ac.be,SAP Logon 750,Exploration SAP,2021-08-10,10:58:21,00:00:03
stefano.crapanzano@chu.ulg.ac.be,SAP Logon 750,Exploration SAP,2021-08-10,13:40:14,00:00:02
stefano.crapanzano@chu.ulg.ac.be,SAP Logon 750,Exploration SAP,2021-08-10,13:41:04,00:00:02
stefano.crapanzano@chu.ulg.ac.be,SAP Logon 750,Exploration SAP,2021-08-10,13:42:07,00:00:02
stefano.crapanzano@chu.ulg.ac.be,SAP Logon 750,Exploration SAP,2021-08-10,13:42:29,00:00:02
stefano.crapanzano@chu.ulg.ac.be,SAP Logon 750,Exploration SAP,2021-08-10,13:42:34,00:00:02
stefano.crapanzano@chu.ulg.ac.be,SAP Logon 750,Exploration SAP,2021-08-10,13:42:37,00:00:02
stefano.crapanzano@chu.ulg.ac.be,SAP Logon 750,Exploration SAP,2021-08-10,13:42:50,00:00:06
stefano.crapanzano@chu.ulg.ac.be,SAP Logon 750,Exploration SAP,2021-08-10,13:42:59,00:00:02
stefano.crapanzano@chu.ulg.ac.be,SAP Logon 750,Exploration SAP,2021-08-10,13:43:25,00:00:02
stefano.crapanzano@chu.ulg.ac.be,SAP Logon 750,Tâches diverses,2021-08-10,13:48:24,00:00:05
stefano.crapanzano@chu.ulg.ac.be,SAP Logon 750,Exploration SAP,2021-08-10,14:04:47,00:00:02
stefano.crapanzano@chu.ulg.ac.be,SAP,Exploration SAP,2021-08-10,08:45:48,00:00:15
stefano.crapanzano@chu.ulg.ac.be,SAP,Exploration SAP,2021-08-10,13:40:17,00:00:08
stefano.crapanzano@chu.ulg.ac.be,SAP,Exploration SAP,2021-08-10,13:41:01,00:00:02
stefano.crapanzano@chu.ulg.ac.be,SAP,Exploration SAP,2021-08-10,13:41:06,00:00:04
stefano.crapanzano@chu.ulg.ac.be,SAP,Exploration SAP,2021-08-10,13:41:30,00:00:21
stefano.crapanzano@chu.ulg.ac.be,SAP,Exploration SAP,2021-08-10,13:42:10,00:00:06
stefano.crapanzano@chu.ulg.ac.be,SAP,Exploration SAP,2021-08-10,13:42:25,00:00:03
stefano.crapanzano@chu.ulg.ac.be,SAP,Exploration SAP,2021-08-10,13:42:31,00:00:02
stefano.crapanzano@chu.ulg.ac.be,SAP,Exploration SAP,2021-08-10,13:42:56,00:00:03
stefano.crapanzano@chu.ulg.ac.be,SAP,Exploration SAP,2021-08-10,13:43:02,00:00:04
stefano.crapanzano@chu.ulg.ac.be,SAP,Exploration SAP,2021-08-10,13:43:22,00:00:02
stefano.crapanzano@chu.ulg.ac.be,SAP,Exploration SAP,2021-08-10,13:43:27,00:00:03
stefano.crapanzano@chu.ulg.ac.be,SAP,Exploration SAP,2021-08-10,13:44:54,00:00:03
stefano.crapanzano@chu.ulg.ac.be,SAP,Exploration SAP,2021-08-10,13:48:03,00:00:04
stefano.crapanzano@chu.ulg.ac.be,SAP,Exploration SAP,2021-08-10,13:48:29,00:00:02
stefano.crapanzano@chu.ulg.ac.be,SAP,Exploration SAP,2021-08-10,13:48:33,00:00:03
stefano.crapanzano@chu.ulg.ac.be,SAP,Exploration SAP,2021-08-10,14:04:50,00:00:11
stefano.crapanzano@chu.ulg.ac.be,Info licence en cas de connexion multiple,Exploration SAP,2021-08-10,08:46:04,00:00:08
stefano.crapanzano@chu.ulg.ac.be,SAP GUI for Windows 750,Exploration SAP,2021-08-10,08:46:12,00:00:04
stefano.crapanzano@chu.ulg.ac.be,SAP Easy Access Menu de base Applications financières-économiques,Exploration SAP,2021-08-10,08:46:17,00:00:07
stefano.crapanzano@chu.ulg.ac.be,SAP Easy Access Menu de base Applications financières-économiques,Exploration SAP,2021-08-10,08:49:15,00:00:02
stefano.crapanzano@chu.ulg.ac.be,SAP Easy Access Menu de base Applications financières-économiques,Exploration SAP,2021-08-10,10:58:25,00:00:04
stefano.crapanzano@chu.ulg.ac.be,SAP Easy Access Menu de base Applications financières-économiques,Helpdesk général,2021-08-10,13:40:07,00:00:04
stefano.crapanzano@chu.ulg.ac.be,SAP Easy Access Menu de base Applications financières-économiques,Exploration SAP,2021-08-10,13:42:00,00:00:03
stefano.crapanzano@chu.ulg.ac.be,SAP Easy Access Menu de base Applications financières-économiques,Exploration SAP,2021-08-10,14:05:01,00:00:02
stefano.crapanzano@chu.ulg.ac.be,Options de la SAP GUI - X01,Exploration SAP,2021-08-10,08:47:35,00:00:14
stefano.crapanzano@chu.ulg.ac.be,Options de la SAP GUI - X01,Exploration SAP,2021-08-10,08:47:57,00:00:23
stefano.crapanzano@chu.ulg.ac.be,Options de la SAP GUI - X01,Exploration SAP,2021-08-10,08:49:13,00:00:02
stefano.crapanzano@chu.ulg.ac.be,Options de la SAP GUI - X01,Exploration SAP,2021-08-10,13:42:16,00:00:09
stefano.crapanzano@chu.ulg.ac.be,Options de la SAP GUI - X01,Exploration SAP,2021-08-10,13:43:07,00:00:15
stefano.crapanzano@chu.ulg.ac.be,Connexion à l'aide de l'authentification Windows,Helpdesk général,2021-08-10,08:46:32,00:00:03
stefano.crapanzano@chu.ulg.ac.be,Connexion à l'aide de l'authentification Windows,Helpdesk général,2021-08-10,13:50:25,00:00:02
stefano.crapanzano@chu.ulg.ac.be,Connexion à l'aide de l'authentification Windows,Helpdesk général,2021-08-10,15:24:35,00:00:04
stefano.crapanzano@chu.ulg.ac.be,192.168.78.147 - Netop Remote Control,Helpdesk général,2021-08-10,08:46:37,00:00:52
stefano.crapanzano@chu.ulg.ac.be,192.168.78.147 - Netop Remote Control,Helpdesk général,2021-08-10,08:48:22,00:00:48
stefano.crapanzano@chu.ulg.ac.be,192.168.78.147 - Netop Remote Control,Helpdesk général,2021-08-10,08:49:18,00:01:03
stefano.crapanzano@chu.ulg.ac.be,Log in - Service Desk - Google Chrome,Tâches diverses,2021-08-10,09:54:15,00:00:08
stefano.crapanzano@chu.ulg.ac.be,P203 CHU Commande 4000196944 pas réceptionnée dans SAP alors qu'elle est réceptionnée dans GERA - Xperthis ERP4HC 1.0 - Service d'assistance - Google Chrome,Tâches diverses,2021-08-10,09:54:24,00:01:36
stefano.crapanzano@chu.ulg.ac.be,P203 CHU Commande 4000196944 pas réceptionnée dans SAP alors qu'elle est réceptionnée dans GERA - Xperthis ERP4HC 1.0 - Service d'assistance - Google Chrome,Tâches diverses,2021-08-10,09:56:59,00:00:21
stefano.crapanzano@chu.ulg.ac.be,P203 CHU Commande 4000196944 pas réceptionnée dans SAP alors qu'elle est réceptionnée dans GERA - Xperthis ERP4HC 1.0 - Service d'assistance - Google Chrome,Tâches diverses,2021-08-10,09:57:45,00:00:16
stefano.crapanzano@chu.ulg.ac.be,P203 CHU Commande 4000196944 pas réceptionnée dans SAP alors qu'elle est réceptionnée dans GERA - Xperthis ERP4HC 1.0 - Service d'assistance - Google Chrome,Tâches diverses,2021-08-10,09:58:22,00:00:16
stefano.crapanzano@chu.ulg.ac.be,P203 CHU Commande 4000196944 pas réceptionnée dans SAP alors qu'elle est réceptionnée dans GERA - Xperthis ERP4HC 1.0 - Service d'assistance - Google Chrome,Tâches diverses,2021-08-10,10:02:49,00:00:06
stefano.crapanzano@chu.ulg.ac.be,P203 CHU Commande 4000196944 pas réceptionnée dans SAP alors qu'elle est réceptionnée dans GERA - Xperthis ERP4HC 1.0 - Service d'assistance - Google Chrome,Tâches diverses,2021-08-10,11:52:24,00:00:13
stefano.crapanzano@chu.ulg.ac.be,Rédaction : Re: SDERP-18594 P203 CHU Commande 4000196944 pas réceptionnée dans SAP alors qu'elle est réceptionnée dans GERA - Thunderbird,Helpdesk général,2021-08-10,09:56:09,00:00:49
stefano.crapanzano@chu.ulg.ac.be,Rédaction : Re: SDERP-18594 P203 CHU Commande 4000196944 pas réceptionnée dans SAP alors qu'elle est réceptionnée dans GERA - Thunderbird,Helpdesk général,2021-08-10,09:57:22,00:00:21
stefano.crapanzano@chu.ulg.ac.be,Rédaction : Re: SDERP-18594 P203 CHU Commande 4000196944 pas réceptionnée dans SAP alors qu'elle est réceptionnée dans GERA - Thunderbird,Helpdesk général,2021-08-10,09:58:01,00:00:20
stefano.crapanzano@chu.ulg.ac.be,Rédaction : Re: SDERP-18594 P203 CHU Commande 4000196944 pas réceptionnée dans SAP alors qu'elle est réceptionnée dans GERA - Thunderbird,Helpdesk général,2021-08-10,09:58:40,00:04:08
stefano.crapanzano@chu.ulg.ac.be,Rédaction : Re: SDERP-18594 P203 CHU Commande 4000196944 pas réceptionnée dans SAP alors qu'elle est réceptionnée dans GERA - Thunderbird,Helpdesk général,2021-08-10,10:02:55,00:00:04
stefano.crapanzano@chu.ulg.ac.be,Vérification de l’orthographe,Helpdesk général,2021-08-10,13:57:51,00:00:02
stefano.crapanzano@chu.ulg.ac.be,Vérification de l’orthographe,Helpdesk général,2021-08-10,16:18:04,00:00:02
stefano.crapanzano@chu.ulg.ac.be,P203 CHU Commande pas réceptionnée dans SAP alors qu'elle est réceptionnée dans GERA - Xperthis ERP4HC 1.0 - Service d'assistance - Google Chrome,Tâches diverses,2021-08-10,10:03:44,00:00:37
stefano.crapanzano@chu.ulg.ac.be,P203 CHU Commande pas réceptionnée dans SAP alors qu'elle est réceptionnée dans GERA - Xperthis ERP4HC 1.0 - Service d'assistance - Google Chrome,Tâches diverses,2021-08-10,10:11:55,00:02:33
stefano.crapanzano@chu.ulg.ac.be,Demandes - Service d'assistance - Google Chrome,Tâches diverses,2021-08-10,10:04:22,00:00:24
stefano.crapanzano@chu.ulg.ac.be,Demandes - Service d'assistance - Google Chrome,Tâches diverses,2021-08-10,10:59:04,00:00:08
stefano.crapanzano@chu.ulg.ac.be,Demandes - Service d'assistance - Google Chrome,Tâches diverses,2021-08-10,11:00:37,00:00:11
stefano.crapanzano@chu.ulg.ac.be,Demandes - Service d'assistance - Google Chrome,Tâches diverses,2021-08-10,11:51:40,00:00:06
stefano.crapanzano@chu.ulg.ac.be,Demandes - Service d'assistance - Google Chrome,Tâches diverses,2021-08-10,11:51:57,00:00:12
stefano.crapanzano@chu.ulg.ac.be,Demandes - Service d'assistance - Google Chrome,Tâches diverses,2021-08-10,11:52:16,00:00:07
stefano.crapanzano@chu.ulg.ac.be,Demandes - Service d'assistance - Google Chrome,Tâches diverses,2021-08-10,11:52:37,00:00:02
stefano.crapanzano@chu.ulg.ac.be,Demandes - Service d'assistance - Google Chrome,Tâches diverses,2021-08-10,13:55:11,00:00:03
stefano.crapanzano@chu.ulg.ac.be,Demandes - Service d'assistance - Google Chrome,Tâches diverses,2021-08-10,14:09:33,00:00:21
stefano.crapanzano@chu.ulg.ac.be,Demandes - Service d'assistance - Google Chrome,Tâches diverses,2021-08-10,14:10:22,00:00:07
stefano.crapanzano@chu.ulg.ac.be,Sélection de jobs simple,Exploration SAP,2021-08-10,10:58:30,00:00:12
stefano.crapanzano@chu.ulg.ac.be,Sélection de jobs simple,Exploration SAP,2021-08-10,10:58:44,00:00:07
stefano.crapanzano@chu.ulg.ac.be,Synthèse des jobs,Exploration SAP,2021-08-10,10:58:42,00:00:02
stefano.crapanzano@chu.ulg.ac.be,Synthèse des jobs,Exploration SAP,2021-08-10,10:58:51,00:00:03
stefano.crapanzano@chu.ulg.ac.be,Greenshot capture form,Helpdesk général,2021-08-10,10:58:55,00:00:05
stefano.crapanzano@chu.ulg.ac.be,Greenshot capture form,Helpdesk général,2021-08-10,13:55:00,00:00:06
stefano.crapanzano@chu.ulg.ac.be,P203 CHU Job C203_ZHUL_EDICOM interrompu - Xperthis ERP4HC 1.0 - Service d'assistance - Google Chrome,Tâches diverses,2021-08-10,10:59:12,00:00:03
stefano.crapanzano@chu.ulg.ac.be,P203 CHU Job C203_ZHUL_EDICOM interrompu - Xperthis ERP4HC 1.0 - Service d'assistance - Google Chrome,Tâches diverses,2021-08-10,10:59:20,00:00:08
stefano.crapanzano@chu.ulg.ac.be,P203 CHU Job C203_ZHUL_EDICOM interrompu - Xperthis ERP4HC 1.0 - Service d'assistance - Google Chrome,Tâches diverses,2021-08-10,10:59:34,00:01:02
stefano.crapanzano@chu.ulg.ac.be,Ouvrir,Tâches diverses,2021-08-10,10:59:16,00:00:03
stefano.crapanzano@chu.ulg.ac.be,Ouvrir,Tâches diverses,2021-08-10,13:56:27,00:00:02
stefano.crapanzano@chu.ulg.ac.be,Factures EDICOM en erreur - Xperthis ERP4HC 2.0 Rollout - Service d'assistance - Google Chrome,Tâches diverses,2021-08-10,11:51:29,00:00:10
stefano.crapanzano@chu.ulg.ac.be,Factures EDICOM en erreur - Xperthis ERP4HC 2.0 Rollout - Service d'assistance - Google Chrome,Tâches diverses,2021-08-10,11:51:46,00:00:11
stefano.crapanzano@chu.ulg.ac.be,Compte VALIDATEDCHU locké - Xperthis ERP4HC 2.0 Rollout - Service d'assistance - Google Chrome,Tâches diverses,2021-08-10,11:52:09,00:00:07
stefano.crapanzano@chu.ulg.ac.be,SAM-DB - Google Chrome,Tâches diverses,2021-08-10,12:18:00,00:00:09
stefano.crapanzano@chu.ulg.ac.be,SAM-DB - Google Chrome,Tâches diverses,2021-08-10,12:19:46,00:00:04
stefano.crapanzano@chu.ulg.ac.be,SAM-DB : Disposer de ressources pour le changement enironnement ERP4HC 2.0 - Google Chrome,Tâches diverses,2021-08-10,12:18:11,00:00:26
stefano.crapanzano@chu.ulg.ac.be,SAM-DB : Disposer de ressources pour le changement enironnement ERP4HC 2.0 - Google Chrome,Tâches diverses,2021-08-10,12:18:41,00:00:06
stefano.crapanzano@chu.ulg.ac.be,SAM-DB : Disposer de ressources pour le changement enironnement ERP4HC 2.0 - Google Chrome,Tâches diverses,2021-08-10,12:18:49,00:00:54
stefano.crapanzano@chu.ulg.ac.be,SAM-DB : Disposer de ressources pour le changement enironnement ERP4HC 2.0 - Google Chrome,Tâches diverses,2021-08-10,12:19:51,00:00:02
stefano.crapanzano@chu.ulg.ac.be,SAM-DB : Disposer de ressources pour le changement enironnement ERP4HC 2.0 - Google Chrome,Tâches diverses,2021-08-10,12:21:42,00:00:13
stefano.crapanzano@chu.ulg.ac.be,SAM-DB : Disposer de ressources pour le changement enironnement ERP4HC 2.0 - Google Chrome,Tâches diverses,2021-08-10,12:22:47,00:00:05
stefano.crapanzano@chu.ulg.ac.be,SAM-DB : Disposer de ressources pour le changement enironnement ERP4HC 2.0 - Google Chrome,Helpdesk général,2021-08-10,12:26:33,00:00:34
stefano.crapanzano@chu.ulg.ac.be,version SAP GUI - Mozilla Thunderbird,Helpdesk général,2021-08-10,12:20:07,00:00:32
stefano.crapanzano@chu.ulg.ac.be,version SAP GUI - Mozilla Thunderbird,Helpdesk général,2021-08-10,12:27:09,00:00:02
stefano.crapanzano@chu.ulg.ac.be,Rédaction : Re: version SAP GUI - Thunderbird,Helpdesk général,2021-08-10,12:20:40,00:01:01
stefano.crapanzano@chu.ulg.ac.be,Rédaction : Re: version SAP GUI - Thunderbird,Helpdesk général,2021-08-10,12:21:57,00:00:49
stefano.crapanzano@chu.ulg.ac.be,Rédaction : Re: version SAP GUI - Thunderbird,Helpdesk général,2021-08-10,12:22:54,00:03:36
stefano.crapanzano@chu.ulg.ac.be,Envoyés - erp.sai@chuliege.be - Mozilla Thunderbird,Helpdesk général,2021-08-10,12:27:16,00:07:12
stefano.crapanzano@chu.ulg.ac.be,Envoyés - erp.sai@chuliege.be - Mozilla Thunderbird,Helpdesk général,2021-08-10,14:07:36,00:01:49
stefano.crapanzano@chu.ulg.ac.be,Envoyés - erp.sai@chuliege.be - Mozilla Thunderbird,Helpdesk général,2021-08-10,14:10:31,00:00:03
stefano.crapanzano@chu.ulg.ac.be,Envoyés - erp.sai@chuliege.be - Mozilla Thunderbird,Helpdesk général,2021-08-10,14:16:49,00:00:03
stefano.crapanzano@chu.ulg.ac.be,Envoyés - erp.sai@chuliege.be - Mozilla Thunderbird,Helpdesk général,2021-08-10,14:17:30,00:00:22
stefano.crapanzano@chu.ulg.ac.be,Envoyés - erp.sai@chuliege.be - Mozilla Thunderbird,Helpdesk général,2021-08-10,16:17:26,00:00:07
stefano.crapanzano@chu.ulg.ac.be,Envoyés - erp.sai@chuliege.be - Mozilla Thunderbird,Helpdesk général,2021-08-10,16:18:08,00:00:04
stefano.crapanzano@chu.ulg.ac.be,Options de la SAP GUI - TE5,Exploration SAP,2021-08-10,13:40:25,00:00:36
stefano.crapanzano@chu.ulg.ac.be,Options de la SAP GUI - TE5,Exploration SAP,2021-08-10,13:41:11,00:00:10
stefano.crapanzano@chu.ulg.ac.be,Options de la SAP GUI - TE5,Exploration SAP,2021-08-10,13:41:25,00:00:04
stefano.crapanzano@chu.ulg.ac.be,Options de la SAP GUI - TE5,Exploration SAP,2021-08-10,13:41:52,00:00:06
stefano.crapanzano@chu.ulg.ac.be,Options de la SAP GUI - TE5,Exploration SAP,2021-08-10,13:44:58,00:00:26
stefano.crapanzano@chu.ulg.ac.be,Options de la SAP GUI - TE5,Exploration SAP,2021-08-10,13:47:52,00:00:10
stefano.crapanzano@chu.ulg.ac.be,Options de la SAP GUI - TE5,Exploration SAP,2021-08-10,13:48:08,00:00:09
stefano.crapanzano@chu.ulg.ac.be,Restaurer standard,Exploration SAP,2021-08-10,13:41:22,00:00:03
stefano.crapanzano@chu.ulg.ac.be,Fin de session,Exploration SAP,2021-08-10,13:42:04,00:00:02
stefano.crapanzano@chu.ulg.ac.be,sapgui 760 theme - Recherche Google - Google Chrome,Tâches diverses,2021-08-10,13:43:38,00:00:04
stefano.crapanzano@chu.ulg.ac.be,SAP GUI for Windows 7.60 will not feature Classic Theme and Enjoy Theme | SAP Blogs - Google Chrome,Tâches diverses,2021-08-10,13:43:43,00:01:09
stefano.crapanzano@chu.ulg.ac.be,SAP GUI for Windows 7.60 will not feature Classic Theme and Enjoy Theme | SAP Blogs - Google Chrome,Tâches diverses,2021-08-10,13:45:24,00:02:26
stefano.crapanzano@chu.ulg.ac.be,SAP GUI for Windows 7.60 will not feature Classic Theme and Enjoy Theme | SAP Blogs - Google Chrome,Tâches diverses,2021-08-10,13:48:19,00:00:02
stefano.crapanzano@chu.ulg.ac.be,SAP GUI for Windows 7.60 will not feature Classic Theme and Enjoy Theme | SAP Blogs - Google Chrome,Tâches diverses,2021-08-10,13:48:39,00:00:35
stefano.crapanzano@chu.ulg.ac.be,sapgui 760 - Mozilla Thunderbird,Helpdesk général,2021-08-10,13:49:36,00:00:03
stefano.crapanzano@chu.ulg.ac.be,[MON SUIVI] : Installation SAP GUI 760 - Mozilla Thunderbird,Helpdesk général,2021-08-10,13:49:40,00:00:06
stefano.crapanzano@chu.ulg.ac.be,[MON SUIVI] : Installation SAP GUI 760 - Mozilla Thunderbird,Helpdesk général,2021-08-10,13:54:45,00:00:02
stefano.crapanzano@chu.ulg.ac.be,SAM-DB : Installation SAP GUI 760 - Google Chrome,Tâches diverses,2021-08-10,13:49:47,00:00:33
stefano.crapanzano@chu.ulg.ac.be,ati-w-w7sapgui.st.chulg - Netop Remote Control,Helpdesk général,2021-08-10,13:50:28,00:02:01
stefano.crapanzano@chu.ulg.ac.be,ati-w-w7sapgui.st.chulg - Netop Remote Control,Helpdesk général,2021-08-10,13:52:42,00:02:00
stefano.crapanzano@chu.ulg.ac.be,ZORGI Help Center - Service d'assistance - Google Chrome,Tâches diverses,2021-08-10,13:55:15,00:00:07
stefano.crapanzano@chu.ulg.ac.be,Xperthis ERP4HC 1.0 - Service d'assistance - Google Chrome,Tâches diverses,2021-08-10,13:55:22,00:00:02
stefano.crapanzano@chu.ulg.ac.be,Demande de Configuration ERP for HealthCare - Xperthis ERP4HC 1.0 - Service d'assistance - Google Chrome,Tâches diverses,2021-08-10,13:55:25,00:00:13
stefano.crapanzano@chu.ulg.ac.be,Demande de Configuration ERP for HealthCare - Xperthis ERP4HC 1.0 - Service d'assistance - Google Chrome,Tâches diverses,2021-08-10,13:55:39,00:00:04
stefano.crapanzano@chu.ulg.ac.be,Demande de Configuration ERP for HealthCare - Xperthis ERP4HC 1.0 - Service d'assistance - Google Chrome,Tâches diverses,2021-08-10,13:55:56,00:00:27
stefano.crapanzano@chu.ulg.ac.be,Demande de Configuration ERP for HealthCare - Xperthis ERP4HC 1.0 - Service d'assistance - Google Chrome,Tâches diverses,2021-08-10,13:56:25,00:00:02
stefano.crapanzano@chu.ulg.ac.be,Demande de Configuration ERP for HealthCare - Xperthis ERP4HC 1.0 - Service d'assistance - Google Chrome,Tâches diverses,2021-08-10,13:56:29,00:00:09
stefano.crapanzano@chu.ulg.ac.be,Récupération de TVA sur plusieurs CC - Xperthis ERP4HC 1.0 - Service d'assistance - Google Chrome,Tâches diverses,2021-08-10,13:56:39,00:00:10
stefano.crapanzano@chu.ulg.ac.be,Récupération de TVA sur plusieurs CC - Xperthis ERP4HC 1.0 - Service d'assistance - Google Chrome,Tâches diverses,2021-08-10,13:56:51,00:00:03
stefano.crapanzano@chu.ulg.ac.be,Récupération de TVA sur plusieurs CC - Xperthis ERP4HC 1.0 - Service d'assistance - Google Chrome,Tâches diverses,2021-08-10,14:09:27,00:00:06
stefano.crapanzano@chu.ulg.ac.be,Rédaction : Re: TR: création centre de cout - Thunderbird,Helpdesk général,2021-08-10,13:57:00,00:00:50
stefano.crapanzano@chu.ulg.ac.be,Rédaction : Re: TR: création centre de cout - Thunderbird,Helpdesk général,2021-08-10,16:17:33,00:00:31
stefano.crapanzano@chu.ulg.ac.be,Gestion des utilisateurs : écran initial,Exploration SAP,2021-08-10,14:05:04,00:00:02
stefano.crapanzano@chu.ulg.ac.be,Gestion des utilisateurs : écran initial,Exploration SAP,2021-08-10,14:05:18,00:00:03
stefano.crapanzano@chu.ulg.ac.be,Gestion des utilisateurs : écran initial,Exploration SAP,2021-08-10,14:05:25,00:00:02
stefano.crapanzano@chu.ulg.ac.be,Gestion des utilisateurs : écran initial,Exploration SAP,2021-08-10,14:06:03,00:00:02
stefano.crapanzano@chu.ulg.ac.be,Nom de l'utilisateur ds fiche utilisateur (1),Exploration SAP,2021-08-10,14:05:06,00:00:04
stefano.crapanzano@chu.ulg.ac.be,Nom de l'utilisateur ds fiche utilisateur (1)    2 Entrées trouvées,Exploration SAP,2021-08-10,14:05:11,00:00:07
stefano.crapanzano@chu.ulg.ac.be,Bloquer utilisateur CHUC174449,Exploration SAP,2021-08-10,14:05:22,00:00:03
stefano.crapanzano@chu.ulg.ac.be,Modification du mot de passe,Exploration SAP,2021-08-10,14:05:28,00:00:07
stefano.crapanzano@chu.ulg.ac.be,Rédaction : Re: TR: ERP4HC2.0: Nouveau mot de passe pour X01 - Hicham - Thunderbird,Helpdesk général,2021-08-10,14:05:43,00:00:18
stefano.crapanzano@chu.ulg.ac.be,Rédaction : Re: TR: ERP4HC2.0: Nouveau mot de passe pour X01 - Hicham - Thunderbird,Helpdesk général,2021-08-10,14:06:06,00:01:10
stefano.crapanzano@chu.ulg.ac.be,Rédaction : Re: TR: ERP4HC2.0: Nouveau mot de passe pour X01 - Hicham - Thunderbird,Helpdesk général,2021-08-10,14:16:54,00:00:16
stefano.crapanzano@chu.ulg.ac.be,Rédaction : Re: TR: ERP4HC2.0: Nouveau mot de passe pour X01 - Hicham - Thunderbird,Helpdesk général,2021-08-10,14:17:16,00:00:13
stefano.crapanzano@chu.ulg.ac.be,P203 CHU Compte général à rapprocher - Xperthis ERP4HC 1.0 - Service d'assistance - Google Chrome,Tâches diverses,2021-08-10,14:09:55,00:00:27
stefano.crapanzano@chu.ulg.ac.be,erpftp - Netop Remote Control,Helpdesk général,2021-08-10,15:24:40,00:00:42
