Email,Description,Project,Start date,Start time,Duration
stefano.crapanzano@chu.ulg.ac.be,Administrateur : C:\Windows\system32\cmd.exe - python  main.py,IT,2021-01-11,12:58:50,00:00:02
stefano.crapanzano@chu.ulg.ac.be,Administrateur : C:\Windows\system32\cmd.exe - python  main.py,Helpdesk général,2021-01-11,15:47:35,00:00:02
stefano.crapanzano@chu.ulg.ac.be,Boîte de réception - erp.sai@chuliege.be - Outlook,Helpdesk général,2021-01-11,12:58:53,00:00:10
stefano.crapanzano@chu.ulg.ac.be,Boîte de réception - erp.sai@chuliege.be - Outlook,Helpdesk général,2021-01-11,12:59:24,00:00:02
stefano.crapanzano@chu.ulg.ac.be,Boîte de réception - erp.sai@chuliege.be - Outlook,Helpdesk général,2021-01-11,12:59:28,00:00:14
stefano.crapanzano@chu.ulg.ac.be,Boîte de réception - erp.sai@chuliege.be - Outlook,Helpdesk général,2021-01-11,13:01:20,00:00:02
stefano.crapanzano@chu.ulg.ac.be,Boîte de réception - erp.sai@chuliege.be - Outlook,Helpdesk général,2021-01-11,13:01:26,00:00:22
stefano.crapanzano@chu.ulg.ac.be,Boîte de réception - erp.sai@chuliege.be - Outlook,Helpdesk général,2021-01-11,13:03:35,00:00:02
stefano.crapanzano@chu.ulg.ac.be,Boîte de réception - erp.sai@chuliege.be - Outlook,Helpdesk général,2021-01-11,13:03:41,00:00:04
stefano.crapanzano@chu.ulg.ac.be,Boîte de réception - erp.sai@chuliege.be - Outlook,Helpdesk général,2021-01-11,13:09:19,00:00:03
stefano.crapanzano@chu.ulg.ac.be,Boîte de réception - erp.sai@chuliege.be - Outlook,Helpdesk général,2021-01-11,13:09:35,00:00:19
stefano.crapanzano@chu.ulg.ac.be,Boîte de réception - erp.sai@chuliege.be - Outlook,Helpdesk général,2021-01-11,13:09:59,00:00:03
stefano.crapanzano@chu.ulg.ac.be,Boîte de réception - erp.sai@chuliege.be - Outlook,Helpdesk général,2021-01-11,13:10:05,00:00:04
stefano.crapanzano@chu.ulg.ac.be,Boîte de réception - erp.sai@chuliege.be - Outlook,Helpdesk général,2021-01-11,13:10:11,00:01:26
stefano.crapanzano@chu.ulg.ac.be,Boîte de réception - erp.sai@chuliege.be - Outlook,Helpdesk général,2021-01-11,13:12:55,00:00:12
stefano.crapanzano@chu.ulg.ac.be,Boîte de réception - erp.sai@chuliege.be - Outlook,Helpdesk général,2021-01-11,13:17:23,00:00:09
stefano.crapanzano@chu.ulg.ac.be,Boîte de réception - erp.sai@chuliege.be - Outlook,Helpdesk général,2021-01-11,15:18:58,00:00:07
stefano.crapanzano@chu.ulg.ac.be,Boîte de réception - erp.sai@chuliege.be - Outlook,Helpdesk général,2021-01-11,15:21:06,00:00:13
stefano.crapanzano@chu.ulg.ac.be,Boîte de réception - erp.sai@chuliege.be - Outlook,Helpdesk général,2021-01-11,15:22:23,00:00:24
stefano.crapanzano@chu.ulg.ac.be,Boîte de réception - erp.sai@chuliege.be - Outlook,Helpdesk général,2021-01-11,15:22:55,00:00:10
stefano.crapanzano@chu.ulg.ac.be,Boîte de réception - erp.sai@chuliege.be - Outlook,Helpdesk général,2021-01-11,15:25:29,00:00:10
stefano.crapanzano@chu.ulg.ac.be,Boîte de réception - erp.sai@chuliege.be - Outlook,Helpdesk général,2021-01-11,15:26:07,00:00:07
stefano.crapanzano@chu.ulg.ac.be,Boîte de réception - erp.sai@chuliege.be - Outlook,Helpdesk général,2021-01-11,15:27:04,00:00:02
stefano.crapanzano@chu.ulg.ac.be,Boîte de réception - erp.sai@chuliege.be - Outlook,Helpdesk général,2021-01-11,15:29:10,00:00:04
stefano.crapanzano@chu.ulg.ac.be,Boîte de réception - erp.sai@chuliege.be - Outlook,Helpdesk général,2021-01-11,15:29:23,00:00:02
stefano.crapanzano@chu.ulg.ac.be,Boîte de réception - erp.sai@chuliege.be - Outlook,Helpdesk général,2021-01-11,15:29:27,00:00:02
stefano.crapanzano@chu.ulg.ac.be,Boîte de réception - erp.sai@chuliege.be - Outlook,Helpdesk général,2021-01-11,15:32:51,00:00:14
stefano.crapanzano@chu.ulg.ac.be,Boîte de réception - erp.sai@chuliege.be - Outlook,Helpdesk général,2021-01-11,15:33:12,00:00:02
stefano.crapanzano@chu.ulg.ac.be,Boîte de réception - erp.sai@chuliege.be - Outlook,Helpdesk général,2021-01-11,15:35:28,00:00:02
stefano.crapanzano@chu.ulg.ac.be,Boîte de réception - erp.sai@chuliege.be - Outlook,Helpdesk général,2021-01-11,15:45:52,00:00:04
stefano.crapanzano@chu.ulg.ac.be,Boîte de réception - erp.sai@chuliege.be - Outlook,IT,2021-01-11,15:46:01,00:00:02
stefano.crapanzano@chu.ulg.ac.be,Boîte de réception - erp.sai@chuliege.be - Outlook,Helpdesk général,2021-01-11,15:46:24,00:00:02
stefano.crapanzano@chu.ulg.ac.be,Boîte de réception - erp.sai@chuliege.be - Outlook,Helpdesk général,2021-01-11,15:47:30,00:00:05
stefano.crapanzano@chu.ulg.ac.be,Boîte de réception - erp.sai@chuliege.be - Outlook,Tâches diverses,2021-01-11,15:47:54,00:00:02
stefano.crapanzano@chu.ulg.ac.be,Boîte de réception - erp.sai@chuliege.be - Outlook,Helpdesk général,2021-01-11,15:48:08,00:00:02
stefano.crapanzano@chu.ulg.ac.be,Boîte de réception - erp.sai@chuliege.be - Outlook,Helpdesk général,2021-01-11,15:48:13,00:00:04
stefano.crapanzano@chu.ulg.ac.be,Boîte de réception - erp.sai@chuliege.be - Outlook,Helpdesk général,2021-01-11,15:56:08,00:00:12
stefano.crapanzano@chu.ulg.ac.be,Boîte de réception - erp.sai@chuliege.be - Outlook,Helpdesk général,2021-01-11,15:56:26,00:00:20
stefano.crapanzano@chu.ulg.ac.be,Boîte de réception - erp.sai@chuliege.be - Outlook,Helpdesk général,2021-01-11,16:01:49,00:00:03
stefano.crapanzano@chu.ulg.ac.be,Boîte de réception - erp.sai@chuliege.be - Outlook,Helpdesk général,2021-01-11,16:20:06,00:00:38
stefano.crapanzano@chu.ulg.ac.be,Boîte de réception - erp.sai@chuliege.be - Outlook,Helpdesk général,2021-01-11,16:26:41,00:00:10
stefano.crapanzano@chu.ulg.ac.be,Boîte de réception - erp.sai@chuliege.be - Outlook,Helpdesk général,2021-01-11,16:46:12,00:00:02
stefano.crapanzano@chu.ulg.ac.be,Boîte de réception - erp.sai@chuliege.be - Outlook,Helpdesk général,2021-01-11,16:46:57,00:00:08
stefano.crapanzano@chu.ulg.ac.be,Boîte de réception - erp.sai@chuliege.be - Outlook,Helpdesk général,2021-01-11,16:56:28,00:00:02
stefano.crapanzano@chu.ulg.ac.be,Navigation système de fichier,IT,2021-01-11,12:59:03,00:00:03
stefano.crapanzano@chu.ulg.ac.be,Navigation système de fichier,IT,2021-01-11,13:00:47,00:00:04
stefano.crapanzano@chu.ulg.ac.be,Navigation système de fichier,IT,2021-01-11,13:01:50,00:00:05
stefano.crapanzano@chu.ulg.ac.be,Navigation système de fichier,IT,2021-01-11,13:03:29,00:00:02
stefano.crapanzano@chu.ulg.ac.be,Navigation système de fichier,IT,2021-01-11,13:03:46,00:00:04
stefano.crapanzano@chu.ulg.ac.be,Navigation système de fichier,IT,2021-01-11,13:05:11,00:04:07
stefano.crapanzano@chu.ulg.ac.be,Navigation système de fichier,IT,2021-01-11,13:13:11,00:00:02
stefano.crapanzano@chu.ulg.ac.be,Navigation système de fichier,IT,2021-01-11,13:16:04,00:00:05
stefano.crapanzano@chu.ulg.ac.be,Navigation système de fichier,IT,2021-01-11,13:16:39,00:00:35
stefano.crapanzano@chu.ulg.ac.be,Navigation système de fichier,IT,2021-01-11,13:25:21,00:00:06
stefano.crapanzano@chu.ulg.ac.be,Navigation système de fichier,IT,2021-01-11,13:27:35,00:00:08
stefano.crapanzano@chu.ulg.ac.be,Navigation système de fichier,IT,2021-01-11,13:28:07,00:00:02
stefano.crapanzano@chu.ulg.ac.be,Navigation système de fichier,IT,2021-01-11,13:28:17,00:00:07
stefano.crapanzano@chu.ulg.ac.be,Navigation système de fichier,IT,2021-01-11,13:28:26,00:00:03
stefano.crapanzano@chu.ulg.ac.be,Navigation système de fichier,IT,2021-01-11,13:29:03,00:00:17
stefano.crapanzano@chu.ulg.ac.be,Navigation système de fichier,IT,2021-01-11,13:29:47,00:00:04
stefano.crapanzano@chu.ulg.ac.be,Navigation système de fichier,IT,2021-01-11,13:30:04,00:00:05
stefano.crapanzano@chu.ulg.ac.be,Navigation système de fichier,IT,2021-01-11,13:35:33,00:00:06
stefano.crapanzano@chu.ulg.ac.be,Navigation système de fichier,IT,2021-01-11,13:35:48,00:00:05
stefano.crapanzano@chu.ulg.ac.be,Navigation système de fichier,IT,2021-01-11,13:41:01,00:00:05
stefano.crapanzano@chu.ulg.ac.be,Navigation système de fichier,IT,2021-01-11,13:41:09,00:00:02
stefano.crapanzano@chu.ulg.ac.be,Navigation système de fichier,IT,2021-01-11,13:41:13,00:00:04
stefano.crapanzano@chu.ulg.ac.be,Navigation système de fichier,IT,2021-01-11,13:41:30,00:00:10
stefano.crapanzano@chu.ulg.ac.be,Navigation système de fichier,IT,2021-01-11,13:42:03,00:00:03
stefano.crapanzano@chu.ulg.ac.be,Navigation système de fichier,IT,2021-01-11,13:57:30,00:00:02
stefano.crapanzano@chu.ulg.ac.be,Navigation système de fichier,IT,2021-01-11,13:59:10,00:00:02
stefano.crapanzano@chu.ulg.ac.be,Navigation système de fichier,IT,2021-01-11,14:02:10,00:00:14
stefano.crapanzano@chu.ulg.ac.be,Navigation système de fichier,IT,2021-01-11,14:12:53,00:00:22
stefano.crapanzano@chu.ulg.ac.be,Navigation système de fichier,IT,2021-01-11,14:13:32,00:00:03
stefano.crapanzano@chu.ulg.ac.be,Navigation système de fichier,IT,2021-01-11,14:14:50,00:00:02
stefano.crapanzano@chu.ulg.ac.be,Navigation système de fichier,IT,2021-01-11,14:15:56,00:00:02
stefano.crapanzano@chu.ulg.ac.be,Navigation système de fichier,IT,2021-01-11,14:16:37,00:00:08
stefano.crapanzano@chu.ulg.ac.be,Navigation système de fichier,IT,2021-01-11,14:20:44,00:00:06
stefano.crapanzano@chu.ulg.ac.be,Navigation système de fichier,IT,2021-01-11,14:21:28,00:00:05
stefano.crapanzano@chu.ulg.ac.be,Navigation système de fichier,IT,2021-01-11,14:30:30,00:00:02
stefano.crapanzano@chu.ulg.ac.be,Navigation système de fichier,IT,2021-01-11,14:33:09,00:00:13
stefano.crapanzano@chu.ulg.ac.be,Navigation système de fichier,IT,2021-01-11,14:33:36,00:00:04
stefano.crapanzano@chu.ulg.ac.be,Navigation système de fichier,IT,2021-01-11,14:34:06,00:00:05
stefano.crapanzano@chu.ulg.ac.be,Navigation système de fichier,IT,2021-01-11,14:50:47,00:00:06
stefano.crapanzano@chu.ulg.ac.be,Navigation système de fichier,IT,2021-01-11,14:51:17,00:00:02
stefano.crapanzano@chu.ulg.ac.be,Navigation système de fichier,IT,2021-01-11,14:55:35,00:00:17
stefano.crapanzano@chu.ulg.ac.be,Navigation système de fichier,IT,2021-01-11,15:00:10,00:00:08
stefano.crapanzano@chu.ulg.ac.be,Navigation système de fichier,IT,2021-01-11,15:00:37,00:00:02
stefano.crapanzano@chu.ulg.ac.be,Navigation système de fichier,IT,2021-01-11,15:03:25,00:00:02
stefano.crapanzano@chu.ulg.ac.be,Navigation système de fichier,IT,2021-01-11,15:07:22,00:00:17
stefano.crapanzano@chu.ulg.ac.be,Navigation système de fichier,IT,2021-01-11,15:08:44,00:00:04
stefano.crapanzano@chu.ulg.ac.be,Navigation système de fichier,IT,2021-01-11,15:27:00,00:00:02
stefano.crapanzano@chu.ulg.ac.be,Navigation système de fichier,IT,2021-01-11,15:27:09,00:00:02
stefano.crapanzano@chu.ulg.ac.be,Navigation système de fichier,IT,2021-01-11,15:33:14,00:00:07
stefano.crapanzano@chu.ulg.ac.be,Navigation système de fichier,IT,2021-01-11,15:33:33,00:00:03
stefano.crapanzano@chu.ulg.ac.be,Navigation système de fichier,IT,2021-01-11,15:33:41,00:00:29
stefano.crapanzano@chu.ulg.ac.be,Navigation système de fichier,IT,2021-01-11,15:34:18,00:00:05
stefano.crapanzano@chu.ulg.ac.be,Navigation système de fichier,IT,2021-01-11,15:35:24,00:00:04
stefano.crapanzano@chu.ulg.ac.be,Navigation système de fichier,IT,2021-01-11,15:35:52,00:00:03
stefano.crapanzano@chu.ulg.ac.be,Navigation système de fichier,IT,2021-01-11,15:37:46,00:00:06
stefano.crapanzano@chu.ulg.ac.be,Navigation système de fichier,IT,2021-01-11,15:38:06,00:00:03
stefano.crapanzano@chu.ulg.ac.be,Navigation système de fichier,IT,2021-01-11,15:43:31,00:00:04
stefano.crapanzano@chu.ulg.ac.be,Navigation système de fichier,IT,2021-01-11,15:45:56,00:00:03
stefano.crapanzano@chu.ulg.ac.be,Navigation système de fichier,IT,2021-01-11,15:46:57,00:00:33
stefano.crapanzano@chu.ulg.ac.be,Navigation système de fichier,IT,2021-01-11,15:47:39,00:00:15
stefano.crapanzano@chu.ulg.ac.be,Navigation système de fichier,IT,2021-01-11,16:01:55,00:00:02
stefano.crapanzano@chu.ulg.ac.be,Navigation système de fichier,IT,2021-01-11,16:13:11,00:00:02
stefano.crapanzano@chu.ulg.ac.be,Navigation système de fichier,IT,2021-01-11,16:35:22,00:00:05
stefano.crapanzano@chu.ulg.ac.be,Navigation système de fichier,IT,2021-01-11,16:37:33,00:00:15
stefano.crapanzano@chu.ulg.ac.be,Navigation système de fichier,IT,2021-01-11,16:38:03,00:00:03
stefano.crapanzano@chu.ulg.ac.be,Navigation système de fichier,IT,2021-01-11,16:38:46,00:00:02
stefano.crapanzano@chu.ulg.ac.be,Navigation système de fichier,IT,2021-01-11,16:43:52,00:01:07
stefano.crapanzano@chu.ulg.ac.be,Navigation système de fichier,IT,2021-01-11,16:45:04,00:00:02
stefano.crapanzano@chu.ulg.ac.be,Navigation système de fichier,IT,2021-01-11,16:45:41,00:00:03
stefano.crapanzano@chu.ulg.ac.be,Navigation système de fichier,IT,2021-01-11,16:55:39,00:00:02
stefano.crapanzano@chu.ulg.ac.be,Navigation système de fichier,IT,2021-01-11,16:56:36,00:00:03
stefano.crapanzano@chu.ulg.ac.be,*new 3 - Notepad++ [Administrator],IT,2021-01-11,12:59:07,00:00:02
stefano.crapanzano@chu.ulg.ac.be,*new 3 - Notepad++ [Administrator],IT,2021-01-11,13:35:42,00:00:02
stefano.crapanzano@chu.ulg.ac.be,*new 3 - Notepad++ [Administrator],IT,2021-01-11,15:34:48,00:00:02
stefano.crapanzano@chu.ulg.ac.be,Programmation,IT,2021-01-11,12:59:10,00:00:05
stefano.crapanzano@chu.ulg.ac.be,Programmation,IT,2021-01-11,13:00:31,00:00:16
stefano.crapanzano@chu.ulg.ac.be,Programmation,IT,2021-01-11,13:00:51,00:00:25
stefano.crapanzano@chu.ulg.ac.be,Programmation,IT,2021-01-11,15:00:19,00:00:17
stefano.crapanzano@chu.ulg.ac.be,Programmation,IT,2021-01-11,15:27:06,00:00:03
stefano.crapanzano@chu.ulg.ac.be,Programmation,IT,2021-01-11,15:28:22,00:00:45
stefano.crapanzano@chu.ulg.ac.be,Programmation,IT,2021-01-11,15:35:55,00:00:04
stefano.crapanzano@chu.ulg.ac.be,Programmation,IT,2021-01-11,16:05:55,00:00:04
stefano.crapanzano@chu.ulg.ac.be,Programmation,IT,2021-01-11,16:13:08,00:00:03
stefano.crapanzano@chu.ulg.ac.be,Programmation,IT,2021-01-11,16:27:09,00:00:20
stefano.crapanzano@chu.ulg.ac.be,Programmation,IT,2021-01-11,16:56:25,00:00:02
stefano.crapanzano@chu.ulg.ac.be,Service MT - Google Chrome,Tâches diverses,2021-01-11,12:59:17,00:00:07
stefano.crapanzano@chu.ulg.ac.be,Service MT - Google Chrome,Tâches diverses,2021-01-11,13:11:38,00:00:02
stefano.crapanzano@chu.ulg.ac.be,Service MT - Google Chrome,Tâches diverses,2021-01-11,13:13:07,00:00:04
stefano.crapanzano@chu.ulg.ac.be,Service MT - Google Chrome,Tâches diverses,2021-01-11,15:00:52,00:00:08
stefano.crapanzano@chu.ulg.ac.be,Service MT - Google Chrome,Tâches diverses,2021-01-11,15:26:47,00:00:08
stefano.crapanzano@chu.ulg.ac.be,Service MT - Google Chrome,Tâches diverses,2021-01-11,15:46:03,00:00:20
stefano.crapanzano@chu.ulg.ac.be,Service MT - Google Chrome,Tâches diverses,2021-01-11,15:48:18,00:00:11
stefano.crapanzano@chu.ulg.ac.be,Service MT - Google Chrome,Tâches diverses,2021-01-11,16:56:40,00:02:32
stefano.crapanzano@chu.ulg.ac.be,Boîte de Réception - Zimbra - Stefano Crapanzano - Outlook,Helpdesk général,2021-01-11,13:01:18,00:00:02
stefano.crapanzano@chu.ulg.ac.be,Boîte de Réception - Zimbra - Stefano Crapanzano - Outlook,Helpdesk général,2021-01-11,13:03:33,00:00:02
stefano.crapanzano@chu.ulg.ac.be,Boîte de Réception - Zimbra - Stefano Crapanzano - Outlook,Helpdesk général,2021-01-11,13:09:57,00:00:02
stefano.crapanzano@chu.ulg.ac.be,Boîte de Réception - Zimbra - Stefano Crapanzano - Outlook,Helpdesk général,2021-01-11,13:12:50,00:00:02
stefano.crapanzano@chu.ulg.ac.be,Boîte de Réception - Zimbra - Stefano Crapanzano - Outlook,Helpdesk général,2021-01-11,13:17:16,00:00:04
stefano.crapanzano@chu.ulg.ac.be,Boîte de Réception - Zimbra - Stefano Crapanzano - Outlook,Helpdesk général,2021-01-11,15:25:40,00:00:26
stefano.crapanzano@chu.ulg.ac.be,Boîte de Réception - Zimbra - Stefano Crapanzano - Outlook,Helpdesk général,2021-01-11,15:26:38,00:00:02
stefano.crapanzano@chu.ulg.ac.be,Boîte de Réception - Zimbra - Stefano Crapanzano - Outlook,Helpdesk général,2021-01-11,15:29:15,00:00:07
stefano.crapanzano@chu.ulg.ac.be,Boîte de Réception - Zimbra - Stefano Crapanzano - Outlook,Helpdesk général,2021-01-11,15:33:06,00:00:02
stefano.crapanzano@chu.ulg.ac.be,Boîte de Réception - Zimbra - Stefano Crapanzano - Outlook,Helpdesk général,2021-01-11,15:35:30,00:00:02
stefano.crapanzano@chu.ulg.ac.be,Boîte de Réception - Zimbra - Stefano Crapanzano - Outlook,Helpdesk général,2021-01-11,15:37:56,00:00:10
stefano.crapanzano@chu.ulg.ac.be,Boîte de Réception - Zimbra - Stefano Crapanzano - Outlook,Helpdesk général,2021-01-11,15:38:15,00:00:14
stefano.crapanzano@chu.ulg.ac.be,Boîte de Réception - Zimbra - Stefano Crapanzano - Outlook,Helpdesk général,2021-01-11,15:41:43,00:00:03
stefano.crapanzano@chu.ulg.ac.be,Boîte de Réception - Zimbra - Stefano Crapanzano - Outlook,Helpdesk général,2021-01-11,15:41:48,00:00:06
stefano.crapanzano@chu.ulg.ac.be,Boîte de Réception - Zimbra - Stefano Crapanzano - Outlook,Helpdesk général,2021-01-11,15:43:11,00:00:09
stefano.crapanzano@chu.ulg.ac.be,Boîte de Réception - Zimbra - Stefano Crapanzano - Outlook,Helpdesk général,2021-01-11,15:45:49,00:00:02
stefano.crapanzano@chu.ulg.ac.be,Boîte de Réception - Zimbra - Stefano Crapanzano - Outlook,Helpdesk général,2021-01-11,15:56:21,00:00:03
stefano.crapanzano@chu.ulg.ac.be,Boîte de Réception - Zimbra - Stefano Crapanzano - Outlook,Helpdesk général,2021-01-11,15:56:46,00:00:02
stefano.crapanzano@chu.ulg.ac.be,Boîte de Réception - Zimbra - Stefano Crapanzano - Outlook,Helpdesk général,2021-01-11,16:26:06,00:00:09
stefano.crapanzano@chu.ulg.ac.be,Boîte de Réception - Zimbra - Stefano Crapanzano - Outlook,Helpdesk général,2021-01-11,16:46:15,00:00:32
stefano.crapanzano@chu.ulg.ac.be,Boîte de Réception - Zimbra - Stefano Crapanzano - Outlook,Helpdesk général,2021-01-11,16:46:49,00:00:06
stefano.crapanzano@chu.ulg.ac.be,Boîte de Réception - Zimbra - Stefano Crapanzano - Outlook,Helpdesk général,2021-01-11,16:56:30,00:00:02
stefano.crapanzano@chu.ulg.ac.be,Lecture documentation,Tâches diverses,2021-01-11,12:59:43,00:00:47
stefano.crapanzano@chu.ulg.ac.be,Lecture documentation,Tâches diverses,2021-01-11,13:01:56,00:00:04
stefano.crapanzano@chu.ulg.ac.be,Lecture documentation,Tâches diverses,2021-01-11,13:02:01,00:01:28
stefano.crapanzano@chu.ulg.ac.be,Lecture documentation,Tâches diverses,2021-01-11,13:11:40,00:01:08
stefano.crapanzano@chu.ulg.ac.be,Lecture documentation,Tâches diverses,2021-01-11,13:13:14,00:02:49
stefano.crapanzano@chu.ulg.ac.be,Lecture documentation,Tâches diverses,2021-01-11,13:16:37,00:00:02
stefano.crapanzano@chu.ulg.ac.be,Lecture documentation,Tâches diverses,2021-01-11,13:17:33,00:01:49
stefano.crapanzano@chu.ulg.ac.be,Lecture documentation,Tâches diverses,2021-01-11,13:19:23,00:05:24
stefano.crapanzano@chu.ulg.ac.be,Lecture documentation,Tâches diverses,2021-01-11,13:30:49,00:00:37
stefano.crapanzano@chu.ulg.ac.be,Lecture documentation,Tâches diverses,2021-01-11,13:33:56,00:01:36
stefano.crapanzano@chu.ulg.ac.be,Lecture documentation,Tâches diverses,2021-01-11,13:38:43,00:01:05
stefano.crapanzano@chu.ulg.ac.be,Lecture documentation,Tâches diverses,2021-01-11,13:57:32,00:00:45
stefano.crapanzano@chu.ulg.ac.be,Lecture documentation,Tâches diverses,2021-01-11,13:58:22,00:00:17
stefano.crapanzano@chu.ulg.ac.be,Lecture documentation,Tâches diverses,2021-01-11,13:58:44,00:00:19
stefano.crapanzano@chu.ulg.ac.be,Lecture documentation,Tâches diverses,2021-01-11,14:01:20,00:00:38
stefano.crapanzano@chu.ulg.ac.be,Lecture documentation,Tâches diverses,2021-01-11,14:10:39,00:00:45
stefano.crapanzano@chu.ulg.ac.be,Lecture documentation,Tâches diverses,2021-01-11,14:15:22,00:00:15
stefano.crapanzano@chu.ulg.ac.be,Lecture documentation,Tâches diverses,2021-01-11,14:17:11,00:00:57
stefano.crapanzano@chu.ulg.ac.be,Lecture documentation,Tâches diverses,2021-01-11,14:24:48,00:00:55
stefano.crapanzano@chu.ulg.ac.be,Lecture documentation,Tâches diverses,2021-01-11,14:25:56,00:02:22
stefano.crapanzano@chu.ulg.ac.be,Lecture documentation,Tâches diverses,2021-01-11,14:31:25,00:00:15
stefano.crapanzano@chu.ulg.ac.be,Lecture documentation,Tâches diverses,2021-01-11,14:34:39,00:01:18
stefano.crapanzano@chu.ulg.ac.be,Lecture documentation,Tâches diverses,2021-01-11,14:51:41,00:00:56
stefano.crapanzano@chu.ulg.ac.be,Lecture documentation,Tâches diverses,2021-01-11,14:56:50,00:00:38
stefano.crapanzano@chu.ulg.ac.be,Lecture documentation,Tâches diverses,2021-01-11,14:58:12,00:01:10
stefano.crapanzano@chu.ulg.ac.be,Lecture documentation,Tâches diverses,2021-01-11,15:01:03,00:01:28
stefano.crapanzano@chu.ulg.ac.be,Lecture documentation,Tâches diverses,2021-01-11,15:03:28,00:02:58
stefano.crapanzano@chu.ulg.ac.be,Lecture documentation,Tâches diverses,2021-01-11,15:06:38,00:00:11
stefano.crapanzano@chu.ulg.ac.be,Lecture documentation,Tâches diverses,2021-01-11,15:08:51,00:01:23
stefano.crapanzano@chu.ulg.ac.be,Lecture documentation,Tâches diverses,2021-01-11,15:27:11,00:01:10
stefano.crapanzano@chu.ulg.ac.be,Lecture documentation,Tâches diverses,2021-01-11,15:29:07,00:00:03
stefano.crapanzano@chu.ulg.ac.be,Lecture documentation,Tâches diverses,2021-01-11,15:29:31,00:00:02
stefano.crapanzano@chu.ulg.ac.be,Lecture documentation,Tâches diverses,2021-01-11,15:36:00,00:01:43
stefano.crapanzano@chu.ulg.ac.be,Lecture documentation,Tâches diverses,2021-01-11,15:37:52,00:00:02
stefano.crapanzano@chu.ulg.ac.be,Lecture documentation,Tâches diverses,2021-01-11,15:38:29,00:03:13
stefano.crapanzano@chu.ulg.ac.be,Lecture documentation,Tâches diverses,2021-01-11,15:43:37,00:02:11
stefano.crapanzano@chu.ulg.ac.be,Lecture documentation,Tâches diverses,2021-01-11,15:46:26,00:00:30
stefano.crapanzano@chu.ulg.ac.be,Lecture documentation,Tâches diverses,2021-01-11,15:47:58,00:00:08
stefano.crapanzano@chu.ulg.ac.be,Lecture documentation,Tâches diverses,2021-01-11,15:48:29,00:07:38
stefano.crapanzano@chu.ulg.ac.be,Lecture documentation,Tâches diverses,2021-01-11,16:01:57,00:03:57
stefano.crapanzano@chu.ulg.ac.be,Lecture documentation,Tâches diverses,2021-01-11,16:05:59,00:01:25
stefano.crapanzano@chu.ulg.ac.be,Lecture documentation,Tâches diverses,2021-01-11,16:09:35,00:03:33
stefano.crapanzano@chu.ulg.ac.be,Lecture documentation,Tâches diverses,2021-01-11,16:13:14,00:06:52
stefano.crapanzano@chu.ulg.ac.be,Lecture documentation,Tâches diverses,2021-01-11,16:20:45,00:05:18
stefano.crapanzano@chu.ulg.ac.be,Lecture documentation,Tâches diverses,2021-01-11,16:26:51,00:00:17
stefano.crapanzano@chu.ulg.ac.be,Lecture documentation,Tâches diverses,2021-01-11,16:27:30,00:07:52
stefano.crapanzano@chu.ulg.ac.be,Lecture documentation,Tâches diverses,2021-01-11,16:37:19,00:00:13
stefano.crapanzano@chu.ulg.ac.be,Lecture documentation,Tâches diverses,2021-01-11,16:37:58,00:00:05
stefano.crapanzano@chu.ulg.ac.be,Lecture documentation,Tâches diverses,2021-01-11,16:38:09,00:00:14
stefano.crapanzano@chu.ulg.ac.be,Lecture documentation,Tâches diverses,2021-01-11,16:38:30,00:00:02
stefano.crapanzano@chu.ulg.ac.be,Lecture documentation,Tâches diverses,2021-01-11,16:40:15,00:00:21
stefano.crapanzano@chu.ulg.ac.be,Lecture documentation,Tâches diverses,2021-01-11,16:40:40,00:00:06
stefano.crapanzano@chu.ulg.ac.be,Lecture documentation,Tâches diverses,2021-01-11,16:41:18,00:00:03
stefano.crapanzano@chu.ulg.ac.be,Lecture documentation,Tâches diverses,2021-01-11,16:42:44,00:01:07
stefano.crapanzano@chu.ulg.ac.be,Lecture documentation,Tâches diverses,2021-01-11,16:45:44,00:00:03
stefano.crapanzano@chu.ulg.ac.be,Lecture documentation,Tâches diverses,2021-01-11,16:45:50,00:00:05
stefano.crapanzano@chu.ulg.ac.be,Lecture documentation,Tâches diverses,2021-01-11,16:48:56,00:00:23
stefano.crapanzano@chu.ulg.ac.be,Lecture documentation,Tâches diverses,2021-01-11,16:51:30,00:00:03
stefano.crapanzano@chu.ulg.ac.be,Lecture documentation,Tâches diverses,2021-01-11,16:51:51,00:00:02
stefano.crapanzano@chu.ulg.ac.be,Lecture documentation,Tâches diverses,2021-01-11,16:52:40,00:00:07
stefano.crapanzano@chu.ulg.ac.be,Lecture documentation,Tâches diverses,2021-01-11,16:53:29,00:00:05
stefano.crapanzano@chu.ulg.ac.be,Lecture documentation,Tâches diverses,2021-01-11,16:55:42,00:00:27
stefano.crapanzano@chu.ulg.ac.be,Lecture documentation,Tâches diverses,2021-01-11,16:56:11,00:00:04
stefano.crapanzano@chu.ulg.ac.be,Lecture documentation,Tâches diverses,2021-01-11,16:59:12,00:00:04
stefano.crapanzano@chu.ulg.ac.be,Sent - erp.sai@chuliege.be - Outlook,Helpdesk général,2021-01-11,13:01:23,00:00:03
stefano.crapanzano@chu.ulg.ac.be,Sent - erp.sai@chuliege.be - Outlook,Helpdesk général,2021-01-11,13:03:38,00:00:03
stefano.crapanzano@chu.ulg.ac.be,Sent - erp.sai@chuliege.be - Outlook,Helpdesk général,2021-01-11,13:10:03,00:00:02
stefano.crapanzano@chu.ulg.ac.be,Sent - erp.sai@chuliege.be - Outlook,Helpdesk général,2021-01-11,13:12:52,00:00:02
stefano.crapanzano@chu.ulg.ac.be,Sent - erp.sai@chuliege.be - Outlook,Helpdesk général,2021-01-11,13:17:21,00:00:02
stefano.crapanzano@chu.ulg.ac.be,Sent - erp.sai@chuliege.be - Outlook,Helpdesk général,2021-01-11,15:26:40,00:00:02
stefano.crapanzano@chu.ulg.ac.be,Sent - erp.sai@chuliege.be - Outlook,Helpdesk général,2021-01-11,15:29:25,00:00:02
stefano.crapanzano@chu.ulg.ac.be,Sent - erp.sai@chuliege.be - Outlook,Helpdesk général,2021-01-11,15:33:10,00:00:02
stefano.crapanzano@chu.ulg.ac.be,Sent - erp.sai@chuliege.be - Outlook,Helpdesk général,2021-01-11,15:35:33,00:00:19
stefano.crapanzano@chu.ulg.ac.be,Sent - erp.sai@chuliege.be - Outlook,Helpdesk général,2021-01-11,15:43:22,00:00:09
stefano.crapanzano@chu.ulg.ac.be,Sent - erp.sai@chuliege.be - Outlook,Helpdesk général,2021-01-11,15:48:10,00:00:02
stefano.crapanzano@chu.ulg.ac.be,Sent - erp.sai@chuliege.be - Outlook,Helpdesk général,2021-01-11,15:56:49,00:00:02
stefano.crapanzano@chu.ulg.ac.be,Sent - erp.sai@chuliege.be - Outlook,Helpdesk général,2021-01-11,16:01:46,00:00:02
stefano.crapanzano@chu.ulg.ac.be,Sent - erp.sai@chuliege.be - Outlook,Helpdesk général,2021-01-11,16:26:15,00:00:06
stefano.crapanzano@chu.ulg.ac.be,Sent - erp.sai@chuliege.be - Outlook,Helpdesk général,2021-01-11,16:46:55,00:00:02
stefano.crapanzano@chu.ulg.ac.be,Sent - erp.sai@chuliege.be - Outlook,Helpdesk général,2021-01-11,16:56:33,00:00:02
stefano.crapanzano@chu.ulg.ac.be,Ouverture -Excel,Tâches diverses,2021-01-11,13:03:51,00:00:03
stefano.crapanzano@chu.ulg.ac.be,Ouverture -Excel,Tâches diverses,2021-01-11,13:16:09,00:00:02
stefano.crapanzano@chu.ulg.ac.be,Ouverture -Excel,Tâches diverses,2021-01-11,13:25:28,00:00:02
stefano.crapanzano@chu.ulg.ac.be,QUERY_FROM_CELL.xlsm - Excel,Tâches diverses,2021-01-11,13:03:55,00:01:14
stefano.crapanzano@chu.ulg.ac.be,QUERY_FROM_CELL.xlsm - Excel,Tâches diverses,2021-01-11,13:09:26,00:00:09
stefano.crapanzano@chu.ulg.ac.be,QUERY_FROM_CELL.xlsm - Excel,Tâches diverses,2021-01-11,13:16:13,00:00:03
stefano.crapanzano@chu.ulg.ac.be,QUERY_FROM_CELL.xlsm - Excel,Tâches diverses,2021-01-11,13:16:35,00:00:02
stefano.crapanzano@chu.ulg.ac.be,Microsoft Excel,Tâches diverses,2021-01-11,13:09:22,00:00:03
stefano.crapanzano@chu.ulg.ac.be,Microsoft Visual Basic pour Applications - QUERY_FROM_CELL.xlsm - [Module1 (Code)],Tâches diverses,2021-01-11,13:16:16,00:00:10
stefano.crapanzano@chu.ulg.ac.be,Microsoft Visual Basic pour Applications - QUERY_FROM_CELL.xlam - [Module1 (Code)],Tâches diverses,2021-01-11,13:16:27,00:00:07
stefano.crapanzano@chu.ulg.ac.be,SVN_LOCAL – CHL_ERP_ZI54_MONITORING.bat [SVN_LOCAL] (Administrator),IT,2021-01-11,13:24:48,00:00:33
stefano.crapanzano@chu.ulg.ac.be,SVN_LOCAL – CHL_ERP_ZI54_MONITORING.bat [SVN_LOCAL] (Administrator),IT,2021-01-11,13:26:34,00:00:09
stefano.crapanzano@chu.ulg.ac.be,SVN_LOCAL – CHL_ERP_ZI54_MONITORING.bat [SVN_LOCAL] (Administrator),IT,2021-01-11,13:27:15,00:00:06
stefano.crapanzano@chu.ulg.ac.be,SVN_LOCAL – CHL_ERP_ZI54_MONITORING.bat [SVN_LOCAL] (Administrator),IT,2021-01-11,14:36:51,00:00:03
stefano.crapanzano@chu.ulg.ac.be,SVN_LOCAL – CHL_ERP_ZI54_MONITORING.bat [SVN_LOCAL] (Administrator),IT,2021-01-11,14:39:45,00:00:33
stefano.crapanzano@chu.ulg.ac.be,SVN_LOCAL – CHL_ERP_ZI54_MONITORING.bat [SVN_LOCAL] (Administrator),IT,2021-01-11,14:40:29,00:00:08
stefano.crapanzano@chu.ulg.ac.be,SVN_LOCAL – CHL_ERP_ZI54_MONITORING.bat [SVN_LOCAL] (Administrator),IT,2021-01-11,15:17:38,00:00:03
stefano.crapanzano@chu.ulg.ac.be,SVN_LOCAL – CHL_ERP_ZI54_MONITORING.bat [SVN_LOCAL] (Administrator),IT,2021-01-11,15:20:54,00:00:12
stefano.crapanzano@chu.ulg.ac.be,SVN_LOCAL – CHL_ERP_ZI54_MONITORING.bat [SVN_LOCAL] (Administrator),IT,2021-01-11,15:21:19,00:00:02
stefano.crapanzano@chu.ulg.ac.be,SVN_LOCAL – CHL_ERP_ZI54_MONITORING.bat [SVN_LOCAL] (Administrator),IT,2021-01-11,15:34:13,00:00:04
stefano.crapanzano@chu.ulg.ac.be,SVN_LOCAL – CHL_ERP_ZI54_MONITORING.bat [SVN_LOCAL] (Administrator),IT,2021-01-11,15:38:10,00:00:02
stefano.crapanzano@chu.ulg.ac.be,SVN_LOCAL – CHL_ERP_ZI54_MONITORING.bat [SVN_LOCAL] (Administrator),IT,2021-01-11,15:41:57,00:00:13
stefano.crapanzano@chu.ulg.ac.be,MONITORING_ZI54_SAP1 - Excel,Tâches diverses,2021-01-11,13:25:30,00:00:02
stefano.crapanzano@chu.ulg.ac.be,Microsoft Visual Basic pour Applications - MONITORING_ZI54_SAP1 - [Module1 (Code)],Tâches diverses,2021-01-11,13:25:33,00:01:01
stefano.crapanzano@chu.ulg.ac.be,Microsoft Visual Basic pour Applications - MONITORING_ZI54_SAP1 - [Module1 (Code)],Tâches diverses,2021-01-11,13:26:43,00:00:31
stefano.crapanzano@chu.ulg.ac.be,ActiveState Perl Debugger - C:\Users\c158492\ProjetBoulot\SVN_LOCAL\PERL\ERP\CHL_ERP_ZI54_MONITORING.pl,Tâches diverses,2021-01-11,13:28:13,00:00:04
stefano.crapanzano@chu.ulg.ac.be,ActiveState Perl Debugger - C:\Users\c158492\ProjetBoulot\SVN_LOCAL\PERL\ERP\CHL_ERP_ZI54_MONITORING.pl,IT,2021-01-11,13:59:17,00:00:08
stefano.crapanzano@chu.ulg.ac.be,ActiveState Perl Debugger - C:\Users\c158492\ProjetBoulot\SVN_LOCAL\PERL\ERP\CHL_ERP_ZI54_MONITORING.pl,IT,2021-01-11,13:59:37,00:00:18
stefano.crapanzano@chu.ulg.ac.be,ActiveState Perl Debugger - C:\Users\c158492\ProjetBoulot\SVN_LOCAL\PERL\ERP\CHL_ERP_ZI54_MONITORING.pl,IT,2021-01-11,14:14:55,00:00:09
stefano.crapanzano@chu.ulg.ac.be,ActiveState Perl Debugger - C:\Users\c158492\ProjetBoulot\SVN_LOCAL\PERL\ERP\CHL_ERP_ZI54_MONITORING.pl,IT,2021-01-11,14:20:24,00:00:15
stefano.crapanzano@chu.ulg.ac.be,ActiveState Perl Debugger - C:\Users\c158492\ProjetBoulot\SVN_LOCAL\PERL\ERP\CHL_ERP_ZI54_MONITORING.pl,IT,2021-01-11,15:06:36,00:00:02
stefano.crapanzano@chu.ulg.ac.be,MONITORING_ZI54_SAP2 - Excel,Tâches diverses,2021-01-11,13:28:09,00:00:03
stefano.crapanzano@chu.ulg.ac.be,SAP Logon 750,Exploration SAP,2021-01-11,15:56:52,00:00:03
stefano.crapanzano@chu.ulg.ac.be,SVN_LOCAL – CHL_ERP_ZI54_MONITORING.pl [SVN_LOCAL] (Administrator),IT,2021-01-11,13:29:53,00:00:10
stefano.crapanzano@chu.ulg.ac.be,SVN_LOCAL – CHL_ERP_ZI54_MONITORING.pl [SVN_LOCAL] (Administrator),IT,2021-01-11,13:30:09,00:00:03
stefano.crapanzano@chu.ulg.ac.be,SVN_LOCAL – CHL_ERP_ZI54_MONITORING.pl [SVN_LOCAL] (Administrator),IT,2021-01-11,13:31:26,00:00:16
stefano.crapanzano@chu.ulg.ac.be,SVN_LOCAL – CHL_ERP_ZI54_MONITORING.pl [SVN_LOCAL] (Administrator),IT,2021-01-11,13:32:14,00:01:15
stefano.crapanzano@chu.ulg.ac.be,SVN_LOCAL – CHL_ERP_ZI54_MONITORING.pl [SVN_LOCAL] (Administrator),IT,2021-01-11,13:33:47,00:00:09
stefano.crapanzano@chu.ulg.ac.be,SVN_LOCAL – CHL_ERP_ZI54_MONITORING.pl [SVN_LOCAL] (Administrator),IT,2021-01-11,13:35:54,00:00:03
stefano.crapanzano@chu.ulg.ac.be,SVN_LOCAL – CHL_ERP_ZI54_MONITORING.pl [SVN_LOCAL] (Administrator),IT,2021-01-11,13:36:27,00:02:15
stefano.crapanzano@chu.ulg.ac.be,SVN_LOCAL – CHL_ERP_ZI54_MONITORING.pl [SVN_LOCAL] (Administrator),IT,2021-01-11,13:39:48,00:01:08
stefano.crapanzano@chu.ulg.ac.be,SVN_LOCAL – CHL_ERP_ZI54_MONITORING.pl [SVN_LOCAL] (Administrator),IT,2021-01-11,13:40:59,00:00:02
stefano.crapanzano@chu.ulg.ac.be,SVN_LOCAL – CHL_ERP_ZI54_MONITORING.pl [SVN_LOCAL] (Administrator),IT,2021-01-11,13:41:17,00:00:03
stefano.crapanzano@chu.ulg.ac.be,SVN_LOCAL – CHL_ERP_ZI54_MONITORING.pl [SVN_LOCAL] (Administrator),IT,2021-01-11,13:42:07,00:00:14
stefano.crapanzano@chu.ulg.ac.be,SVN_LOCAL – CHL_ERP_ZI54_MONITORING.pl [SVN_LOCAL] (Administrator),IT,2021-01-11,13:45:40,00:00:32
stefano.crapanzano@chu.ulg.ac.be,SVN_LOCAL – CHL_ERP_ZI54_MONITORING.pl [SVN_LOCAL] (Administrator),IT,2021-01-11,13:54:25,00:00:43
stefano.crapanzano@chu.ulg.ac.be,SVN_LOCAL – CHL_ERP_ZI54_MONITORING.pl [SVN_LOCAL] (Administrator),IT,2021-01-11,13:55:43,00:01:20
stefano.crapanzano@chu.ulg.ac.be,SVN_LOCAL – CHL_ERP_ZI54_MONITORING.pl [SVN_LOCAL] (Administrator),IT,2021-01-11,13:57:07,00:00:22
stefano.crapanzano@chu.ulg.ac.be,SVN_LOCAL – CHL_ERP_ZI54_MONITORING.pl [SVN_LOCAL] (Administrator),IT,2021-01-11,13:58:17,00:00:04
stefano.crapanzano@chu.ulg.ac.be,SVN_LOCAL – CHL_ERP_ZI54_MONITORING.pl [SVN_LOCAL] (Administrator),IT,2021-01-11,13:58:40,00:00:04
stefano.crapanzano@chu.ulg.ac.be,SVN_LOCAL – CHL_ERP_ZI54_MONITORING.pl [SVN_LOCAL] (Administrator),IT,2021-01-11,13:59:04,00:00:05
stefano.crapanzano@chu.ulg.ac.be,SVN_LOCAL – CHL_ERP_ZI54_MONITORING.pl [SVN_LOCAL] (Administrator),IT,2021-01-11,13:59:13,00:00:04
stefano.crapanzano@chu.ulg.ac.be,SVN_LOCAL – CHL_ERP_ZI54_MONITORING.pl [SVN_LOCAL] (Administrator),IT,2021-01-11,13:59:26,00:00:10
stefano.crapanzano@chu.ulg.ac.be,SVN_LOCAL – CHL_ERP_ZI54_MONITORING.pl [SVN_LOCAL] (Administrator),IT,2021-01-11,13:59:55,00:01:25
stefano.crapanzano@chu.ulg.ac.be,SVN_LOCAL – CHL_ERP_ZI54_MONITORING.pl [SVN_LOCAL] (Administrator),IT,2021-01-11,14:01:59,00:00:04
stefano.crapanzano@chu.ulg.ac.be,SVN_LOCAL – CHL_ERP_ZI54_MONITORING.pl [SVN_LOCAL] (Administrator),IT,2021-01-11,14:02:24,00:08:14
stefano.crapanzano@chu.ulg.ac.be,SVN_LOCAL – CHL_ERP_ZI54_MONITORING.pl [SVN_LOCAL] (Administrator),IT,2021-01-11,14:11:24,00:00:44
stefano.crapanzano@chu.ulg.ac.be,SVN_LOCAL – CHL_ERP_ZI54_MONITORING.pl [SVN_LOCAL] (Administrator),IT,2021-01-11,14:12:28,00:00:25
stefano.crapanzano@chu.ulg.ac.be,SVN_LOCAL – CHL_ERP_ZI54_MONITORING.pl [SVN_LOCAL] (Administrator),IT,2021-01-11,14:13:15,00:00:03
stefano.crapanzano@chu.ulg.ac.be,SVN_LOCAL – CHL_ERP_ZI54_MONITORING.pl [SVN_LOCAL] (Administrator),IT,2021-01-11,14:13:27,00:00:04
stefano.crapanzano@chu.ulg.ac.be,SVN_LOCAL – CHL_ERP_ZI54_MONITORING.pl [SVN_LOCAL] (Administrator),IT,2021-01-11,14:13:35,00:00:51
stefano.crapanzano@chu.ulg.ac.be,SVN_LOCAL – CHL_ERP_ZI54_MONITORING.pl [SVN_LOCAL] (Administrator),IT,2021-01-11,14:14:52,00:00:02
stefano.crapanzano@chu.ulg.ac.be,SVN_LOCAL – CHL_ERP_ZI54_MONITORING.pl [SVN_LOCAL] (Administrator),IT,2021-01-11,14:15:04,00:00:16
stefano.crapanzano@chu.ulg.ac.be,SVN_LOCAL – CHL_ERP_ZI54_MONITORING.pl [SVN_LOCAL] (Administrator),IT,2021-01-11,14:15:38,00:00:16
stefano.crapanzano@chu.ulg.ac.be,SVN_LOCAL – CHL_ERP_ZI54_MONITORING.pl [SVN_LOCAL] (Administrator),IT,2021-01-11,14:16:02,00:00:26
stefano.crapanzano@chu.ulg.ac.be,SVN_LOCAL – CHL_ERP_ZI54_MONITORING.pl [SVN_LOCAL] (Administrator),IT,2021-01-11,14:16:46,00:00:04
stefano.crapanzano@chu.ulg.ac.be,SVN_LOCAL – CHL_ERP_ZI54_MONITORING.pl [SVN_LOCAL] (Administrator),IT,2021-01-11,14:16:59,00:00:10
stefano.crapanzano@chu.ulg.ac.be,SVN_LOCAL – CHL_ERP_ZI54_MONITORING.pl [SVN_LOCAL] (Administrator),IT,2021-01-11,14:18:08,00:01:25
stefano.crapanzano@chu.ulg.ac.be,SVN_LOCAL – CHL_ERP_ZI54_MONITORING.pl [SVN_LOCAL] (Administrator),IT,2021-01-11,14:19:51,00:00:33
stefano.crapanzano@chu.ulg.ac.be,SVN_LOCAL – CHL_ERP_ZI54_MONITORING.pl [SVN_LOCAL] (Administrator),IT,2021-01-11,14:20:40,00:00:03
stefano.crapanzano@chu.ulg.ac.be,SVN_LOCAL – CHL_ERP_ZI54_MONITORING.pl [SVN_LOCAL] (Administrator),IT,2021-01-11,14:21:04,00:00:04
stefano.crapanzano@chu.ulg.ac.be,SVN_LOCAL – CHL_ERP_ZI54_MONITORING.pl [SVN_LOCAL] (Administrator),IT,2021-01-11,14:21:17,00:00:10
stefano.crapanzano@chu.ulg.ac.be,SVN_LOCAL – CHL_ERP_ZI54_MONITORING.pl [SVN_LOCAL] (Administrator),IT,2021-01-11,14:21:33,00:00:04
stefano.crapanzano@chu.ulg.ac.be,SVN_LOCAL – CHL_ERP_ZI54_MONITORING.pl [SVN_LOCAL] (Administrator),IT,2021-01-11,14:21:50,00:01:34
stefano.crapanzano@chu.ulg.ac.be,SVN_LOCAL – CHL_ERP_ZI54_MONITORING.pl [SVN_LOCAL] (Administrator),IT,2021-01-11,14:23:37,00:01:09
stefano.crapanzano@chu.ulg.ac.be,SVN_LOCAL – CHL_ERP_ZI54_MONITORING.pl [SVN_LOCAL] (Administrator),IT,2021-01-11,14:25:43,00:00:12
stefano.crapanzano@chu.ulg.ac.be,SVN_LOCAL – CHL_ERP_ZI54_MONITORING.pl [SVN_LOCAL] (Administrator),IT,2021-01-11,14:28:18,00:00:19
stefano.crapanzano@chu.ulg.ac.be,SVN_LOCAL – CHL_ERP_ZI54_MONITORING.pl [SVN_LOCAL] (Administrator),IT,2021-01-11,14:28:47,00:00:20
stefano.crapanzano@chu.ulg.ac.be,SVN_LOCAL – CHL_ERP_ZI54_MONITORING.pl [SVN_LOCAL] (Administrator),IT,2021-01-11,14:30:32,00:00:52
stefano.crapanzano@chu.ulg.ac.be,SVN_LOCAL – CHL_ERP_ZI54_MONITORING.pl [SVN_LOCAL] (Administrator),IT,2021-01-11,14:31:41,00:01:03
stefano.crapanzano@chu.ulg.ac.be,SVN_LOCAL – CHL_ERP_ZI54_MONITORING.pl [SVN_LOCAL] (Administrator),IT,2021-01-11,14:32:53,00:00:15
stefano.crapanzano@chu.ulg.ac.be,SVN_LOCAL – CHL_ERP_ZI54_MONITORING.pl [SVN_LOCAL] (Administrator),IT,2021-01-11,14:33:22,00:00:03
stefano.crapanzano@chu.ulg.ac.be,SVN_LOCAL – CHL_ERP_ZI54_MONITORING.pl [SVN_LOCAL] (Administrator),IT,2021-01-11,14:33:34,00:00:02
stefano.crapanzano@chu.ulg.ac.be,SVN_LOCAL – CHL_ERP_ZI54_MONITORING.pl [SVN_LOCAL] (Administrator),IT,2021-01-11,14:33:41,00:00:03
stefano.crapanzano@chu.ulg.ac.be,SVN_LOCAL – CHL_ERP_ZI54_MONITORING.pl [SVN_LOCAL] (Administrator),IT,2021-01-11,14:34:12,00:00:02
stefano.crapanzano@chu.ulg.ac.be,SVN_LOCAL – CHL_ERP_ZI54_MONITORING.pl [SVN_LOCAL] (Administrator),IT,2021-01-11,14:34:21,00:00:17
stefano.crapanzano@chu.ulg.ac.be,SVN_LOCAL – CHL_ERP_ZI54_MONITORING.pl [SVN_LOCAL] (Administrator),IT,2021-01-11,14:35:57,00:00:49
stefano.crapanzano@chu.ulg.ac.be,SVN_LOCAL – CHL_ERP_ZI54_MONITORING.pl [SVN_LOCAL] (Administrator),IT,2021-01-11,14:37:17,00:01:50
stefano.crapanzano@chu.ulg.ac.be,SVN_LOCAL – CHL_ERP_ZI54_MONITORING.pl [SVN_LOCAL] (Administrator),IT,2021-01-11,14:40:38,00:00:42
stefano.crapanzano@chu.ulg.ac.be,SVN_LOCAL – CHL_ERP_ZI54_MONITORING.pl [SVN_LOCAL] (Administrator),IT,2021-01-11,14:41:39,00:04:01
stefano.crapanzano@chu.ulg.ac.be,SVN_LOCAL – CHL_ERP_ZI54_MONITORING.pl [SVN_LOCAL] (Administrator),IT,2021-01-11,14:45:44,00:04:56
stefano.crapanzano@chu.ulg.ac.be,SVN_LOCAL – CHL_ERP_ZI54_MONITORING.pl [SVN_LOCAL] (Administrator),IT,2021-01-11,14:50:58,00:00:04
stefano.crapanzano@chu.ulg.ac.be,SVN_LOCAL – CHL_ERP_ZI54_MONITORING.pl [SVN_LOCAL] (Administrator),IT,2021-01-11,14:51:11,00:00:05
stefano.crapanzano@chu.ulg.ac.be,SVN_LOCAL – CHL_ERP_ZI54_MONITORING.pl [SVN_LOCAL] (Administrator),IT,2021-01-11,14:51:24,00:00:15
stefano.crapanzano@chu.ulg.ac.be,SVN_LOCAL – CHL_ERP_ZI54_MONITORING.pl [SVN_LOCAL] (Administrator),IT,2021-01-11,14:52:37,00:02:49
stefano.crapanzano@chu.ulg.ac.be,SVN_LOCAL – CHL_ERP_ZI54_MONITORING.pl [SVN_LOCAL] (Administrator),IT,2021-01-11,14:55:56,00:00:04
stefano.crapanzano@chu.ulg.ac.be,SVN_LOCAL – CHL_ERP_ZI54_MONITORING.pl [SVN_LOCAL] (Administrator),IT,2021-01-11,14:56:09,00:00:39
stefano.crapanzano@chu.ulg.ac.be,SVN_LOCAL – CHL_ERP_ZI54_MONITORING.pl [SVN_LOCAL] (Administrator),IT,2021-01-11,14:57:29,00:00:10
stefano.crapanzano@chu.ulg.ac.be,SVN_LOCAL – CHL_ERP_ZI54_MONITORING.pl [SVN_LOCAL] (Administrator),IT,2021-01-11,14:57:42,00:00:03
stefano.crapanzano@chu.ulg.ac.be,SVN_LOCAL – CHL_ERP_ZI54_MONITORING.pl [SVN_LOCAL] (Administrator),IT,2021-01-11,14:57:59,00:00:11
stefano.crapanzano@chu.ulg.ac.be,SVN_LOCAL – CHL_ERP_ZI54_MONITORING.pl [SVN_LOCAL] (Administrator),IT,2021-01-11,14:59:22,00:00:18
stefano.crapanzano@chu.ulg.ac.be,SVN_LOCAL – CHL_ERP_ZI54_MONITORING.pl [SVN_LOCAL] (Administrator),IT,2021-01-11,15:02:31,00:00:04
stefano.crapanzano@chu.ulg.ac.be,SVN_LOCAL – CHL_ERP_ZI54_MONITORING.pl [SVN_LOCAL] (Administrator),IT,2021-01-11,15:02:56,00:00:09
stefano.crapanzano@chu.ulg.ac.be,SVN_LOCAL – CHL_ERP_ZI54_MONITORING.pl [SVN_LOCAL] (Administrator),IT,2021-01-11,15:06:26,00:00:09
stefano.crapanzano@chu.ulg.ac.be,SVN_LOCAL – CHL_ERP_ZI54_MONITORING.pl [SVN_LOCAL] (Administrator),IT,2021-01-11,15:06:49,00:00:09
stefano.crapanzano@chu.ulg.ac.be,SVN_LOCAL – CHL_ERP_ZI54_MONITORING.pl [SVN_LOCAL] (Administrator),IT,2021-01-11,15:07:09,00:00:11
stefano.crapanzano@chu.ulg.ac.be,SVN_LOCAL – CHL_ERP_ZI54_MONITORING.pl [SVN_LOCAL] (Administrator),IT,2021-01-11,15:07:39,00:00:03
stefano.crapanzano@chu.ulg.ac.be,SVN_LOCAL – CHL_ERP_ZI54_MONITORING.pl [SVN_LOCAL] (Administrator),IT,2021-01-11,15:07:52,00:00:27
stefano.crapanzano@chu.ulg.ac.be,SVN_LOCAL – CHL_ERP_ZI54_MONITORING.pl [SVN_LOCAL] (Administrator),IT,2021-01-11,15:08:41,00:00:03
stefano.crapanzano@chu.ulg.ac.be,SVN_LOCAL – CHL_ERP_ZI54_MONITORING.pl [SVN_LOCAL] (Administrator),IT,2021-01-11,15:10:15,00:00:09
stefano.crapanzano@chu.ulg.ac.be,SVN_LOCAL – CHL_ERP_ZI54_MONITORING.pl [SVN_LOCAL] (Administrator),IT,2021-01-11,15:10:29,00:00:04
stefano.crapanzano@chu.ulg.ac.be,SVN_LOCAL – CHL_ERP_ZI54_MONITORING.pl [SVN_LOCAL] (Administrator),IT,2021-01-11,15:10:48,00:00:10
stefano.crapanzano@chu.ulg.ac.be,SVN_LOCAL – CHL_ERP_ZI54_MONITORING.pl [SVN_LOCAL] (Administrator),IT,2021-01-11,15:12:45,00:04:50
stefano.crapanzano@chu.ulg.ac.be,SVN_LOCAL – CHL_ERP_ZI54_MONITORING.pl [SVN_LOCAL] (Administrator),IT,2021-01-11,15:17:41,00:01:02
stefano.crapanzano@chu.ulg.ac.be,SVN_LOCAL – CHL_ERP_ZI54_MONITORING.pl [SVN_LOCAL] (Administrator),IT,2021-01-11,15:19:06,00:01:48
stefano.crapanzano@chu.ulg.ac.be,SVN_LOCAL – CHL_ERP_ZI54_MONITORING.pl [SVN_LOCAL] (Administrator),IT,2021-01-11,15:21:21,00:00:07
stefano.crapanzano@chu.ulg.ac.be,SVN_LOCAL – CHL_ERP_ZI54_MONITORING.pl [SVN_LOCAL] (Administrator),IT,2021-01-11,15:21:38,00:00:44
stefano.crapanzano@chu.ulg.ac.be,SVN_LOCAL – CHL_ERP_ZI54_MONITORING.pl [SVN_LOCAL] (Administrator),IT,2021-01-11,15:22:47,00:00:08
stefano.crapanzano@chu.ulg.ac.be,SVN_LOCAL – CHL_ERP_ZI54_MONITORING.pl [SVN_LOCAL] (Administrator),IT,2021-01-11,15:23:06,00:00:03
stefano.crapanzano@chu.ulg.ac.be,SVN_LOCAL – CHL_ERP_ZI54_MONITORING.pl [SVN_LOCAL] (Administrator),IT,2021-01-11,15:24:32,00:00:57
stefano.crapanzano@chu.ulg.ac.be,SVN_LOCAL – CHL_ERP_ZI54_MONITORING.pl [SVN_LOCAL] (Administrator),IT,2021-01-11,15:26:15,00:00:21
stefano.crapanzano@chu.ulg.ac.be,SVN_LOCAL – CHL_ERP_ZI54_MONITORING.pl [SVN_LOCAL] (Administrator),IT,2021-01-11,15:26:57,00:00:03
stefano.crapanzano@chu.ulg.ac.be,SVN_LOCAL – CHL_ERP_ZI54_MONITORING.pl [SVN_LOCAL] (Administrator),IT,2021-01-11,15:29:33,00:00:44
stefano.crapanzano@chu.ulg.ac.be,SVN_LOCAL – CHL_ERP_ZI54_MONITORING.pl [SVN_LOCAL] (Administrator),IT,2021-01-11,15:30:21,00:02:18
stefano.crapanzano@chu.ulg.ac.be,SVN_LOCAL – CHL_ERP_ZI54_MONITORING.pl [SVN_LOCAL] (Administrator),IT,2021-01-11,15:32:40,00:00:10
stefano.crapanzano@chu.ulg.ac.be,SVN_LOCAL – CHL_ERP_ZI54_MONITORING.pl [SVN_LOCAL] (Administrator),IT,2021-01-11,15:33:36,00:00:04
stefano.crapanzano@chu.ulg.ac.be,SVN_LOCAL – CHL_ERP_ZI54_MONITORING.pl [SVN_LOCAL] (Administrator),IT,2021-01-11,15:34:11,00:00:02
stefano.crapanzano@chu.ulg.ac.be,SVN_LOCAL – CHL_ERP_ZI54_MONITORING.pl [SVN_LOCAL] (Administrator),IT,2021-01-11,15:42:10,00:00:58
stefano.crapanzano@chu.ulg.ac.be,Conserver un fichier non existant,IT,2021-01-11,13:35:40,00:00:02
stefano.crapanzano@chu.ulg.ac.be,I:\Informatique\ERP\Exploitation\SURVEILLANCE\ZI54\zi54_2021_01_11_11_00_00.csv - Notepad++ [Administrator],IT,2021-01-11,13:41:07,00:00:02
stefano.crapanzano@chu.ulg.ac.be,I:\Informatique\ERP\Exploitation\SURVEILLANCE\ZI54\zi54_2021_01_11_11_00_00.csv - Notepad++ [Administrator],IT,2021-01-11,14:51:19,00:00:02
stefano.crapanzano@chu.ulg.ac.be,I:\Informatique\ERP\Exploitation\SURVEILLANCE\ZI54\zi54_2021_01_11_11_00_00.csv - Notepad++ [Administrator],IT,2021-01-11,14:55:52,00:00:02
stefano.crapanzano@chu.ulg.ac.be,I:\Informatique\ERP\Exploitation\SURVEILLANCE\ZI54\zi54_2021_01_11_11_00_00.csv - Notepad++ [Administrator],IT,2021-01-11,15:07:02,00:00:07
stefano.crapanzano@chu.ulg.ac.be,I:\Informatique\ERP\Exploitation\SURVEILLANCE\ZI54\zi54_2021_01_11_11_00_00.csv - Notepad++ [Administrator],IT,2021-01-11,15:08:36,00:00:04
stefano.crapanzano@chu.ulg.ac.be,I:\Informatique\ERP\Exploitation\SURVEILLANCE\ZI54\zi54_2021_01_11_11_00_00.csv - Notepad++ [Administrator],IT,2021-01-11,15:10:24,00:00:02
stefano.crapanzano@chu.ulg.ac.be,I:\Informatique\ERP\Exploitation\SURVEILLANCE\ZI54\zi54_2021_01_11_11_00_00.csv - Notepad++ [Administrator],IT,2021-01-11,15:11:35,00:00:03
stefano.crapanzano@chu.ulg.ac.be,I:\Informatique\ERP\Exploitation\SURVEILLANCE\ZI54\zi54_2021_01_11_11_00_00.csv - Notepad++ [Administrator],IT,2021-01-11,15:11:40,00:00:02
stefano.crapanzano@chu.ulg.ac.be,I:\Informatique\ERP\Exploitation\SURVEILLANCE\ZI54\zi54_2021_01_11_11_00_00.csv - Notepad++ [Administrator],IT,2021-01-11,15:11:47,00:00:06
stefano.crapanzano@chu.ulg.ac.be,I:\Informatique\ERP\Exploitation\SURVEILLANCE\ZI54\zi54_2021_01_11_11_00_00.csv - Notepad++ [Administrator],IT,2021-01-11,15:12:04,00:00:03
stefano.crapanzano@chu.ulg.ac.be,I:\Informatique\ERP\Exploitation\SURVEILLANCE\ZI54\zi54_2021_01_11_11_00_00.csv - Notepad++ [Administrator],IT,2021-01-11,15:12:14,00:00:03
stefano.crapanzano@chu.ulg.ac.be,I:\Informatique\ERP\Exploitation\SURVEILLANCE\ZI54\zi54_2021_01_11_11_00_00.csv - Notepad++ [Administrator],IT,2021-01-11,15:12:21,00:00:04
stefano.crapanzano@chu.ulg.ac.be,I:\Informatique\ERP\Exploitation\SURVEILLANCE\ZI54\zi54_2021_01_11_11_00_00.csv - Notepad++ [Administrator],IT,2021-01-11,15:12:42,00:00:02
stefano.crapanzano@chu.ulg.ac.be,I:\Informatique\ERP\Exploitation\SURVEILLANCE\ZI54\zi54_2021_01_11_11_00_00.csv - Notepad++ [Administrator],IT,2021-01-11,15:33:22,00:00:02
stefano.crapanzano@chu.ulg.ac.be,I:\Informatique\ERP\Exploitation\SURVEILLANCE\ZI54\zi54_2021_01_11_11_00_00.csv - Notepad++ [Administrator],IT,2021-01-11,15:33:26,00:00:02
stefano.crapanzano@chu.ulg.ac.be,*I:\Informatique\ERP\Exploitation\SURVEILLANCE\ZI54\zi54_2021_01_11_11_00_00.csv - Notepad++ [Administrator],IT,2021-01-11,15:10:27,00:00:02
stefano.crapanzano@chu.ulg.ac.be,*I:\Informatique\ERP\Exploitation\SURVEILLANCE\ZI54\zi54_2021_01_11_11_00_00.csv - Notepad++ [Administrator],IT,2021-01-11,15:33:28,00:00:03
stefano.crapanzano@chu.ulg.ac.be,SVN_LOCAL – CHL_ERP_TRANSFER_FILE_SC.pl [SVN_LOCAL] (Administrator),IT,2021-01-11,13:46:13,00:08:12
stefano.crapanzano@chu.ulg.ac.be,SVN_LOCAL – CHL_ERP_TRANSFER_FILE_SC.pl [SVN_LOCAL] (Administrator),IT,2021-01-11,13:55:08,00:00:34
stefano.crapanzano@chu.ulg.ac.be,SVN_LOCAL – CHL_ERP_TRANSFER_FILE_SC.pl [SVN_LOCAL] (Administrator),IT,2021-01-11,14:36:57,00:00:19
stefano.crapanzano@chu.ulg.ac.be,SVN_LOCAL – CHL_ERP_TRANSFER_FILE_SC.pl [SVN_LOCAL] (Administrator),IT,2021-01-11,14:41:28,00:00:10
stefano.crapanzano@chu.ulg.ac.be,SVN_LOCAL – CHL_ERP_TRANSFER_FILE_SC.pl [SVN_LOCAL] (Administrator),IT,2021-01-11,15:21:29,00:00:09
stefano.crapanzano@chu.ulg.ac.be,SVN_LOCAL – CHL_ERP_TRANSFER_FILE_SC.pl [SVN_LOCAL] (Administrator),IT,2021-01-11,15:23:09,00:00:13
stefano.crapanzano@chu.ulg.ac.be,SVN_LOCAL – CHL_ERP_TRANSFER_FILE_SC.pl [SVN_LOCAL] (Administrator),IT,2021-01-11,15:30:18,00:00:03
stefano.crapanzano@chu.ulg.ac.be,Fin de session,Exploration SAP,2021-01-11,14:19:48,00:00:02
stefano.crapanzano@chu.ulg.ac.be,I:\Informatique\ERP\Exploitation\SURVEILLANCE\ZI54\zi54_2021_01_11_12_00_00.csv - Notepad++ [Administrator],IT,2021-01-11,14:20:52,00:00:09
stefano.crapanzano@chu.ulg.ac.be,SVN_LOCAL – CHL_ERP_JOB_MONITORING.pl [SVN_LOCAL] (Administrator),IT,2021-01-11,14:36:47,00:00:02
stefano.crapanzano@chu.ulg.ac.be,SVN_LOCAL – CHL_ERP_JOB_MONITORING.pl [SVN_LOCAL] (Administrator),IT,2021-01-11,14:41:24,00:00:03
stefano.crapanzano@chu.ulg.ac.be,SVN_LOCAL – CHL_ERP_IDOC_MONITORING.pl [SVN_LOCAL] (Administrator),IT,2021-01-11,14:36:49,00:00:02
stefano.crapanzano@chu.ulg.ac.be,SVN_LOCAL – CHL_ERP_IDOC_MONITORING.pl [SVN_LOCAL] (Administrator),IT,2021-01-11,14:36:55,00:00:02
stefano.crapanzano@chu.ulg.ac.be,SVN_LOCAL – CHL_ERP_IDOC_MONITORING.pl [SVN_LOCAL] (Administrator),IT,2021-01-11,14:39:07,00:00:37
stefano.crapanzano@chu.ulg.ac.be,SVN_LOCAL – CHL_ERP_IDOC_MONITORING.pl [SVN_LOCAL] (Administrator),IT,2021-01-11,14:41:20,00:00:04
stefano.crapanzano@chu.ulg.ac.be,*new 4 - Notepad++ [Administrator],IT,2021-01-11,14:59:42,00:00:28
stefano.crapanzano@chu.ulg.ac.be,*new 4 - Notepad++ [Administrator],IT,2021-01-11,15:00:39,00:00:13
stefano.crapanzano@chu.ulg.ac.be,*new 4 - Notepad++ [Administrator],IT,2021-01-11,15:02:36,00:00:19
stefano.crapanzano@chu.ulg.ac.be,*new 4 - Notepad++ [Administrator],IT,2021-01-11,15:03:05,00:00:20
stefano.crapanzano@chu.ulg.ac.be,*new 4 - Notepad++ [Administrator],IT,2021-01-11,15:07:00,00:00:02
stefano.crapanzano@chu.ulg.ac.be,*new 4 - Notepad++ [Administrator],IT,2021-01-11,15:08:34,00:00:02
stefano.crapanzano@chu.ulg.ac.be,*new 4 - Notepad++ [Administrator],IT,2021-01-11,15:11:03,00:00:32
stefano.crapanzano@chu.ulg.ac.be,*new 4 - Notepad++ [Administrator],IT,2021-01-11,15:11:42,00:00:04
stefano.crapanzano@chu.ulg.ac.be,*new 4 - Notepad++ [Administrator],IT,2021-01-11,15:11:53,00:00:10
stefano.crapanzano@chu.ulg.ac.be,*new 4 - Notepad++ [Administrator],IT,2021-01-11,15:12:08,00:00:06
stefano.crapanzano@chu.ulg.ac.be,*new 4 - Notepad++ [Administrator],IT,2021-01-11,15:12:17,00:00:03
stefano.crapanzano@chu.ulg.ac.be,*new 4 - Notepad++ [Administrator],IT,2021-01-11,15:12:26,00:00:13
stefano.crapanzano@chu.ulg.ac.be,*new 5 - Notepad++ [Administrator],IT,2021-01-11,15:08:22,00:00:10
stefano.crapanzano@chu.ulg.ac.be,Save,IT,2021-01-11,15:12:39,00:00:03
stefano.crapanzano@chu.ulg.ac.be,Save,IT,2021-01-11,15:35:02,00:00:02
stefano.crapanzano@chu.ulg.ac.be,new 4 - Notepad++ [Administrator],IT,2021-01-11,15:11:00,00:00:02
stefano.crapanzano@chu.ulg.ac.be,SVN_LOCAL – CHL_ERP_TRANSFER_TREE.pl [SVN_LOCAL] (Administrator),IT,2021-01-11,15:23:23,00:00:10
stefano.crapanzano@chu.ulg.ac.be,SVN_LOCAL – CHL_ERP_RAPPORT_STOCK_ARTICLE.pl [SVN_LOCAL] (Administrator),IT,2021-01-11,15:23:33,00:00:16
stefano.crapanzano@chu.ulg.ac.be,SVN_LOCAL – CHL_ERP_ENCOURS.pl [SVN_LOCAL] (Administrator),IT,2021-01-11,15:23:50,00:00:24
stefano.crapanzano@chu.ulg.ac.be,SVN_LOCAL – CHL_ERP_MAIL_MEDNUC_MONITORING.pl [SVN_LOCAL] (Administrator),IT,2021-01-11,15:24:15,00:00:16
stefano.crapanzano@chu.ulg.ac.be,C:\ERP\log\CHL_ERP_ZI54_MONITORING.log - Notepad++ [Administrator],IT,2021-01-11,15:34:24,00:00:22
stefano.crapanzano@chu.ulg.ac.be,\\fileadm01.st.chulg\users\c158492\Mes documents\SAP\SAP GUI\zi54.txt - Notepad++ [Administrator],IT,2021-01-11,15:34:51,00:00:02
stefano.crapanzano@chu.ulg.ac.be,C:\temp\test2.txt - Notepad++ [Administrator],IT,2021-01-11,15:34:54,00:00:02
stefano.crapanzano@chu.ulg.ac.be,*new 2 - Notepad++ [Administrator],IT,2021-01-11,15:35:00,00:00:02
stefano.crapanzano@chu.ulg.ac.be,C:\Users\c158492\ProjetBoulot\SQL\GOAL\v_goal_extract_articles.sql - Notepad++ [Administrator],IT,2021-01-11,15:35:06,00:00:02
stefano.crapanzano@chu.ulg.ac.be,C:\Users\c158492\ProjetBoulot\PERL\TEST\test_pour_grande_macro.bat - Notepad++ [Administrator],IT,2021-01-11,15:35:08,00:00:02
stefano.crapanzano@chu.ulg.ac.be,\\ERPFTP.st.chulg\ERP\Log\SAP203-WmIdmgmtBkrsOverwrite-ChargManuADPersMod-SAP203-WmIdmgmtBkrs-ChargManuADPersMod.log - Notepad++ [Administrator],IT,2021-01-11,15:35:13,00:00:03
stefano.crapanzano@chu.ulg.ac.be,C:\CHUPDA_CommERP.log - Notepad++ [Administrator],IT,2021-01-11,15:35:16,00:00:03
stefano.crapanzano@chu.ulg.ac.be,new 2 - Notepad++ [Administrator],IT,2021-01-11,15:35:21,00:00:02
stefano.crapanzano@chu.ulg.ac.be,SAP Easy Access Menu de base Applications financières-économiques,Exploration SAP,2021-01-11,15:56:56,00:00:07
stefano.crapanzano@chu.ulg.ac.be,SAP Easy Access Menu de base Applications financières-économiques,Exploration SAP,2021-01-11,15:57:32,00:00:10
stefano.crapanzano@chu.ulg.ac.be,SAP Easy Access Menu de base Applications financières-économiques,Exploration SAP,2021-01-11,15:58:50,00:00:02
stefano.crapanzano@chu.ulg.ac.be,SAPconnect : ordres d'envoi de 10.01.2021 à 11.01.2021,Exploration SAP,2021-01-11,15:57:03,00:00:07
stefano.crapanzano@chu.ulg.ac.be,SAPconnect : ordres d'envoi de 10.01.2021 à 11.01.2021,Exploration SAP,2021-01-11,15:57:12,00:00:09
stefano.crapanzano@chu.ulg.ac.be,SAPconnect : ordres d'envoi de 10.01.2021 à 11.01.2021,Exploration SAP,2021-01-11,15:57:29,00:00:02
stefano.crapanzano@chu.ulg.ac.be,SAPconnect : ordres d'envoi de 10.01.2021 à 11.01.2021,Exploration SAP,2021-01-11,15:57:50,00:00:02
stefano.crapanzano@chu.ulg.ac.be,SAPconnect : ordres d'envoi de 10.01.2021 à 11.01.2021,Exploration SAP,2021-01-11,15:58:56,00:00:13
stefano.crapanzano@chu.ulg.ac.be,SAPconnect : ordres d'envoi de 10.01.2021 à 11.01.2021,Exploration SAP,2021-01-11,15:59:15,00:00:02
stefano.crapanzano@chu.ulg.ac.be,SAPconnect : ordres d'envoi de 10.01.2021 à 11.01.2021,Exploration SAP,2021-01-11,15:59:44,00:00:09
stefano.crapanzano@chu.ulg.ac.be,SAPconnect : ordres d'envoi de 10.01.2021 à 11.01.2021,Exploration SAP,2021-01-11,15:59:57,00:01:46
stefano.crapanzano@chu.ulg.ac.be,Définir valeurs pour critères de filtre,Exploration SAP,2021-01-11,15:57:10,00:00:02
stefano.crapanzano@chu.ulg.ac.be,Définir valeurs pour critères de filtre,Exploration SAP,2021-01-11,15:57:52,00:00:03
stefano.crapanzano@chu.ulg.ac.be,Définir valeurs pour critères de filtre,Exploration SAP,2021-01-11,15:59:09,00:00:06
stefano.crapanzano@chu.ulg.ac.be,Définir valeurs pour critères de filtre,Exploration SAP,2021-01-11,15:59:54,00:00:03
stefano.crapanzano@chu.ulg.ac.be,Détails,Exploration SAP,2021-01-11,15:57:22,00:00:07
stefano.crapanzano@chu.ulg.ac.be,Sélectionner document,Exploration SAP,2021-01-11,15:57:44,00:00:04
stefano.crapanzano@chu.ulg.ac.be,Sélectionner document,Exploration SAP,2021-01-11,15:57:56,00:00:02
stefano.crapanzano@chu.ulg.ac.be,Commande interv. 40 4000189893 créée par WEBUSERCHU,Exploration SAP,2021-01-11,15:57:58,00:00:39
stefano.crapanzano@chu.ulg.ac.be,Commande interv. 40 4000189893 créée par WEBUSERCHU,Exploration SAP,2021-01-11,15:58:39,00:00:10
stefano.crapanzano@chu.ulg.ac.be,Commande interv. 40 4000189893 créée par WEBUSERCHU,Exploration SAP,2021-01-11,15:58:52,00:00:03
stefano.crapanzano@chu.ulg.ac.be,Commande interv. 40 4000189893 créée par WEBUSERCHU,Exploration SAP,2021-01-11,15:59:20,00:00:14
stefano.crapanzano@chu.ulg.ac.be,Afficher Cde achat : : messages,Exploration SAP,2021-01-11,15:59:35,00:00:09
stefano.crapanzano@chu.ulg.ac.be,Le Pr. Michel Moutschen : « Je suis vaccino-optimiste ! » - Message (HTML),Helpdesk général,2021-01-11,16:07:25,00:02:09
stefano.crapanzano@chu.ulg.ac.be,Trash - erp.sai@chuliege.be - Outlook,Helpdesk général,2021-01-11,16:26:21,00:00:19
stefano.crapanzano@chu.ulg.ac.be,Administrateur : C:\Windows\System32\cmd.exe,IT,2021-01-11,16:37:48,00:00:09
stefano.crapanzano@chu.ulg.ac.be,Administrateur : C:\Windows\System32\cmd.exe,IT,2021-01-11,16:38:23,00:00:02
stefano.crapanzano@chu.ulg.ac.be,Administrateur : C:\Windows\System32\cmd.exe,IT,2021-01-11,16:38:33,00:00:02
stefano.crapanzano@chu.ulg.ac.be,Administrateur : C:\Windows\System32\cmd.exe,IT,2021-01-11,16:38:38,00:00:08
stefano.crapanzano@chu.ulg.ac.be,Administrateur : C:\Windows\System32\cmd.exe,IT,2021-01-11,16:39:01,00:00:02
stefano.crapanzano@chu.ulg.ac.be,Administrateur : C:\Windows\System32\cmd.exe,IT,2021-01-11,16:44:59,00:00:04
stefano.crapanzano@chu.ulg.ac.be,npm,IT,2021-01-11,16:38:26,00:00:04
stefano.crapanzano@chu.ulg.ac.be,Administrateur : C:\Windows\System32\cmd.exe - npm-windows-upgrade,IT,2021-01-11,16:38:35,00:00:02
stefano.crapanzano@chu.ulg.ac.be,Marquer Administrateur : C:\Windows\System32\cmd.exe,IT,2021-01-11,16:39:13,00:00:06
stefano.crapanzano@chu.ulg.ac.be,Sélectionner Administrateur : C:\Windows\System32\cmd.exe,IT,2021-01-11,16:38:54,00:00:02
stefano.crapanzano@chu.ulg.ac.be,Sélectionner Administrateur : C:\Windows\System32\cmd.exe,IT,2021-01-11,16:39:19,00:00:03
stefano.crapanzano@chu.ulg.ac.be,Sélectionner Administrateur : C:\Windows\System32\cmd.exe,IT,2021-01-11,16:39:34,00:00:02
