Email,Description,Project,Start date,Start time,Duration
stefano.crapanzano@chu.ulg.ac.be,Administrateur : C:\Windows\system32\cmd.exe - python  main.py,IT,2021-01-15,08:33:31,00:00:02
stefano.crapanzano@chu.ulg.ac.be,Administrateur : C:\Windows\system32\cmd.exe - python  main.py,IT,2021-01-15,12:22:14,00:00:14
stefano.crapanzano@chu.ulg.ac.be,Lecture documentation,Tâches diverses,2021-01-15,08:33:33,00:01:52
stefano.crapanzano@chu.ulg.ac.be,Lecture documentation,Tâches diverses,2021-01-15,08:36:17,00:00:07
stefano.crapanzano@chu.ulg.ac.be,Lecture documentation,Tâches diverses,2021-01-15,08:36:56,00:00:54
stefano.crapanzano@chu.ulg.ac.be,Lecture documentation,Tâches diverses,2021-01-15,08:39:10,00:00:22
stefano.crapanzano@chu.ulg.ac.be,Lecture documentation,Tâches diverses,2021-01-15,08:40:09,00:04:22
stefano.crapanzano@chu.ulg.ac.be,Lecture documentation,Tâches diverses,2021-01-15,08:46:21,00:00:04
stefano.crapanzano@chu.ulg.ac.be,Lecture documentation,Tâches diverses,2021-01-15,08:48:13,00:00:05
stefano.crapanzano@chu.ulg.ac.be,Lecture documentation,Tâches diverses,2021-01-15,08:50:40,00:00:02
stefano.crapanzano@chu.ulg.ac.be,Lecture documentation,Tâches diverses,2021-01-15,08:50:48,00:00:04
stefano.crapanzano@chu.ulg.ac.be,Lecture documentation,Tâches diverses,2021-01-15,08:51:00,00:00:04
stefano.crapanzano@chu.ulg.ac.be,Lecture documentation,Tâches diverses,2021-01-15,08:51:25,00:00:02
stefano.crapanzano@chu.ulg.ac.be,Lecture documentation,Tâches diverses,2021-01-15,08:51:39,00:00:02
stefano.crapanzano@chu.ulg.ac.be,Lecture documentation,Tâches diverses,2021-01-15,08:51:58,00:00:02
stefano.crapanzano@chu.ulg.ac.be,Lecture documentation,Tâches diverses,2021-01-15,08:54:16,00:00:07
stefano.crapanzano@chu.ulg.ac.be,Lecture documentation,Tâches diverses,2021-01-15,08:56:24,00:00:04
stefano.crapanzano@chu.ulg.ac.be,Lecture documentation,Tâches diverses,2021-01-15,08:56:42,00:00:04
stefano.crapanzano@chu.ulg.ac.be,Lecture documentation,Tâches diverses,2021-01-15,08:59:56,00:00:02
stefano.crapanzano@chu.ulg.ac.be,Lecture documentation,Tâches diverses,2021-01-15,09:00:16,00:00:02
stefano.crapanzano@chu.ulg.ac.be,Lecture documentation,Tâches diverses,2021-01-15,09:00:31,00:00:03
stefano.crapanzano@chu.ulg.ac.be,Lecture documentation,Tâches diverses,2021-01-15,09:00:57,00:00:02
stefano.crapanzano@chu.ulg.ac.be,Lecture documentation,Tâches diverses,2021-01-15,09:02:03,00:00:04
stefano.crapanzano@chu.ulg.ac.be,Lecture documentation,Tâches diverses,2021-01-15,09:02:59,00:00:02
stefano.crapanzano@chu.ulg.ac.be,Lecture documentation,Tâches diverses,2021-01-15,09:03:35,00:00:04
stefano.crapanzano@chu.ulg.ac.be,Lecture documentation,Tâches diverses,2021-01-15,09:03:41,00:00:06
stefano.crapanzano@chu.ulg.ac.be,Lecture documentation,Tâches diverses,2021-01-15,09:04:07,00:00:02
stefano.crapanzano@chu.ulg.ac.be,Lecture documentation,Tâches diverses,2021-01-15,09:04:11,00:00:14
stefano.crapanzano@chu.ulg.ac.be,Lecture documentation,Tâches diverses,2021-01-15,09:04:40,00:00:55
stefano.crapanzano@chu.ulg.ac.be,Lecture documentation,Tâches diverses,2021-01-15,09:06:16,00:00:03
stefano.crapanzano@chu.ulg.ac.be,Lecture documentation,Tâches diverses,2021-01-15,09:07:11,00:00:09
stefano.crapanzano@chu.ulg.ac.be,Lecture documentation,Tâches diverses,2021-01-15,09:07:28,00:00:03
stefano.crapanzano@chu.ulg.ac.be,Lecture documentation,Tâches diverses,2021-01-15,09:08:00,00:00:03
stefano.crapanzano@chu.ulg.ac.be,Lecture documentation,Tâches diverses,2021-01-15,09:08:33,00:00:03
stefano.crapanzano@chu.ulg.ac.be,Lecture documentation,Tâches diverses,2021-01-15,09:09:49,00:00:03
stefano.crapanzano@chu.ulg.ac.be,Lecture documentation,Tâches diverses,2021-01-15,09:10:24,00:00:03
stefano.crapanzano@chu.ulg.ac.be,Lecture documentation,Tâches diverses,2021-01-15,09:10:55,00:00:02
stefano.crapanzano@chu.ulg.ac.be,Lecture documentation,Tâches diverses,2021-01-15,09:11:29,00:00:02
stefano.crapanzano@chu.ulg.ac.be,Lecture documentation,Tâches diverses,2021-01-15,09:12:21,00:00:02
stefano.crapanzano@chu.ulg.ac.be,Lecture documentation,Tâches diverses,2021-01-15,09:13:57,00:00:02
stefano.crapanzano@chu.ulg.ac.be,Lecture documentation,Tâches diverses,2021-01-15,09:14:06,00:00:03
stefano.crapanzano@chu.ulg.ac.be,Lecture documentation,Tâches diverses,2021-01-15,09:14:12,00:00:06
stefano.crapanzano@chu.ulg.ac.be,Lecture documentation,Tâches diverses,2021-01-15,09:14:36,00:00:03
stefano.crapanzano@chu.ulg.ac.be,Lecture documentation,Tâches diverses,2021-01-15,09:15:00,00:00:02
stefano.crapanzano@chu.ulg.ac.be,Lecture documentation,Tâches diverses,2021-01-15,09:22:43,00:00:02
stefano.crapanzano@chu.ulg.ac.be,Lecture documentation,Tâches diverses,2021-01-15,09:23:41,00:00:03
stefano.crapanzano@chu.ulg.ac.be,Lecture documentation,Tâches diverses,2021-01-15,09:24:38,00:00:03
stefano.crapanzano@chu.ulg.ac.be,Lecture documentation,Tâches diverses,2021-01-15,09:25:02,00:00:11
stefano.crapanzano@chu.ulg.ac.be,Lecture documentation,Tâches diverses,2021-01-15,10:06:34,00:00:04
stefano.crapanzano@chu.ulg.ac.be,Lecture documentation,Tâches diverses,2021-01-15,10:06:53,00:00:02
stefano.crapanzano@chu.ulg.ac.be,Lecture documentation,Tâches diverses,2021-01-15,10:07:05,00:00:03
stefano.crapanzano@chu.ulg.ac.be,Lecture documentation,Tâches diverses,2021-01-15,10:09:30,00:00:03
stefano.crapanzano@chu.ulg.ac.be,Lecture documentation,Tâches diverses,2021-01-15,10:11:10,00:00:12
stefano.crapanzano@chu.ulg.ac.be,Lecture documentation,Tâches diverses,2021-01-15,10:24:45,00:00:04
stefano.crapanzano@chu.ulg.ac.be,Lecture documentation,Tâches diverses,2021-01-15,10:25:01,00:00:03
stefano.crapanzano@chu.ulg.ac.be,Lecture documentation,Tâches diverses,2021-01-15,10:25:25,00:00:19
stefano.crapanzano@chu.ulg.ac.be,Lecture documentation,Tâches diverses,2021-01-15,10:25:56,00:00:20
stefano.crapanzano@chu.ulg.ac.be,Lecture documentation,Tâches diverses,2021-01-15,10:26:19,00:00:05
stefano.crapanzano@chu.ulg.ac.be,Lecture documentation,Tâches diverses,2021-01-15,10:26:27,00:00:38
stefano.crapanzano@chu.ulg.ac.be,Lecture documentation,Tâches diverses,2021-01-15,10:27:10,00:00:37
stefano.crapanzano@chu.ulg.ac.be,Lecture documentation,Tâches diverses,2021-01-15,10:28:20,00:00:18
stefano.crapanzano@chu.ulg.ac.be,Lecture documentation,Tâches diverses,2021-01-15,10:28:40,00:00:02
stefano.crapanzano@chu.ulg.ac.be,Lecture documentation,Tâches diverses,2021-01-15,10:28:45,00:00:06
stefano.crapanzano@chu.ulg.ac.be,Lecture documentation,Tâches diverses,2021-01-15,10:28:57,00:00:05
stefano.crapanzano@chu.ulg.ac.be,Lecture documentation,Tâches diverses,2021-01-15,10:29:03,00:00:05
stefano.crapanzano@chu.ulg.ac.be,Lecture documentation,Tâches diverses,2021-01-15,10:29:15,00:00:02
stefano.crapanzano@chu.ulg.ac.be,Lecture documentation,Tâches diverses,2021-01-15,10:29:29,00:00:03
stefano.crapanzano@chu.ulg.ac.be,Lecture documentation,Tâches diverses,2021-01-15,10:30:03,00:00:08
stefano.crapanzano@chu.ulg.ac.be,Lecture documentation,Tâches diverses,2021-01-15,10:30:24,00:00:05
stefano.crapanzano@chu.ulg.ac.be,Lecture documentation,Tâches diverses,2021-01-15,10:32:47,00:00:03
stefano.crapanzano@chu.ulg.ac.be,Lecture documentation,Tâches diverses,2021-01-15,10:33:24,00:00:03
stefano.crapanzano@chu.ulg.ac.be,Lecture documentation,Tâches diverses,2021-01-15,10:33:44,00:00:03
stefano.crapanzano@chu.ulg.ac.be,Lecture documentation,Tâches diverses,2021-01-15,10:34:00,00:00:17
stefano.crapanzano@chu.ulg.ac.be,Lecture documentation,Tâches diverses,2021-01-15,10:34:36,00:00:05
stefano.crapanzano@chu.ulg.ac.be,Lecture documentation,Tâches diverses,2021-01-15,10:35:19,00:00:04
stefano.crapanzano@chu.ulg.ac.be,Lecture documentation,Tâches diverses,2021-01-15,10:36:27,00:00:08
stefano.crapanzano@chu.ulg.ac.be,Lecture documentation,Tâches diverses,2021-01-15,10:36:37,00:00:10
stefano.crapanzano@chu.ulg.ac.be,Lecture documentation,Tâches diverses,2021-01-15,10:36:49,00:00:09
stefano.crapanzano@chu.ulg.ac.be,Lecture documentation,Tâches diverses,2021-01-15,10:36:59,00:00:25
stefano.crapanzano@chu.ulg.ac.be,Lecture documentation,Tâches diverses,2021-01-15,10:37:31,00:00:04
stefano.crapanzano@chu.ulg.ac.be,Lecture documentation,Tâches diverses,2021-01-15,10:37:42,00:00:13
stefano.crapanzano@chu.ulg.ac.be,Lecture documentation,Tâches diverses,2021-01-15,10:38:02,00:00:02
stefano.crapanzano@chu.ulg.ac.be,Lecture documentation,Tâches diverses,2021-01-15,10:38:20,00:00:02
stefano.crapanzano@chu.ulg.ac.be,Lecture documentation,Tâches diverses,2021-01-15,10:38:34,00:00:02
stefano.crapanzano@chu.ulg.ac.be,Lecture documentation,Tâches diverses,2021-01-15,10:38:39,00:00:02
stefano.crapanzano@chu.ulg.ac.be,Lecture documentation,Tâches diverses,2021-01-15,10:39:04,00:00:08
stefano.crapanzano@chu.ulg.ac.be,Lecture documentation,Tâches diverses,2021-01-15,10:39:20,00:00:11
stefano.crapanzano@chu.ulg.ac.be,Lecture documentation,Tâches diverses,2021-01-15,10:40:39,00:00:04
stefano.crapanzano@chu.ulg.ac.be,Lecture documentation,Tâches diverses,2021-01-15,10:41:09,00:00:03
stefano.crapanzano@chu.ulg.ac.be,Lecture documentation,Tâches diverses,2021-01-15,10:42:04,00:00:03
stefano.crapanzano@chu.ulg.ac.be,Lecture documentation,Tâches diverses,2021-01-15,10:42:40,00:00:03
stefano.crapanzano@chu.ulg.ac.be,Lecture documentation,Tâches diverses,2021-01-15,10:43:39,00:00:02
stefano.crapanzano@chu.ulg.ac.be,Lecture documentation,Tâches diverses,2021-01-15,10:51:21,00:00:05
stefano.crapanzano@chu.ulg.ac.be,Lecture documentation,Tâches diverses,2021-01-15,10:51:30,00:00:06
stefano.crapanzano@chu.ulg.ac.be,Lecture documentation,Tâches diverses,2021-01-15,10:52:31,00:00:03
stefano.crapanzano@chu.ulg.ac.be,Lecture documentation,Tâches diverses,2021-01-15,10:52:35,00:00:04
stefano.crapanzano@chu.ulg.ac.be,Lecture documentation,Tâches diverses,2021-01-15,10:53:16,00:00:19
stefano.crapanzano@chu.ulg.ac.be,Lecture documentation,Tâches diverses,2021-01-15,10:53:37,00:00:17
stefano.crapanzano@chu.ulg.ac.be,Lecture documentation,Tâches diverses,2021-01-15,10:54:34,00:00:05
stefano.crapanzano@chu.ulg.ac.be,Lecture documentation,Tâches diverses,2021-01-15,10:56:00,00:01:23
stefano.crapanzano@chu.ulg.ac.be,Lecture documentation,Tâches diverses,2021-01-15,10:58:16,00:00:04
stefano.crapanzano@chu.ulg.ac.be,Lecture documentation,Tâches diverses,2021-01-15,11:03:52,00:00:20
stefano.crapanzano@chu.ulg.ac.be,Lecture documentation,Tâches diverses,2021-01-15,11:04:21,00:00:09
stefano.crapanzano@chu.ulg.ac.be,Lecture documentation,Tâches diverses,2021-01-15,11:05:00,00:00:09
stefano.crapanzano@chu.ulg.ac.be,Lecture documentation,Tâches diverses,2021-01-15,11:05:18,00:00:07
stefano.crapanzano@chu.ulg.ac.be,Lecture documentation,Tâches diverses,2021-01-15,11:06:18,00:00:26
stefano.crapanzano@chu.ulg.ac.be,Lecture documentation,Tâches diverses,2021-01-15,11:07:53,00:00:04
stefano.crapanzano@chu.ulg.ac.be,Lecture documentation,Tâches diverses,2021-01-15,11:11:30,00:00:02
stefano.crapanzano@chu.ulg.ac.be,Lecture documentation,Tâches diverses,2021-01-15,11:28:59,00:00:03
stefano.crapanzano@chu.ulg.ac.be,Lecture documentation,Tâches diverses,2021-01-15,11:29:08,00:00:03
stefano.crapanzano@chu.ulg.ac.be,Lecture documentation,Tâches diverses,2021-01-15,11:35:39,00:00:02
stefano.crapanzano@chu.ulg.ac.be,Lecture documentation,Tâches diverses,2021-01-15,11:35:45,00:00:06
stefano.crapanzano@chu.ulg.ac.be,Lecture documentation,Tâches diverses,2021-01-15,11:36:18,00:00:09
stefano.crapanzano@chu.ulg.ac.be,Lecture documentation,Tâches diverses,2021-01-15,11:40:51,00:00:02
stefano.crapanzano@chu.ulg.ac.be,Lecture documentation,Tâches diverses,2021-01-15,11:41:27,00:00:03
stefano.crapanzano@chu.ulg.ac.be,Lecture documentation,Tâches diverses,2021-01-15,11:41:40,00:00:03
stefano.crapanzano@chu.ulg.ac.be,Lecture documentation,Tâches diverses,2021-01-15,11:41:57,00:00:02
stefano.crapanzano@chu.ulg.ac.be,Lecture documentation,Tâches diverses,2021-01-15,11:42:38,00:00:04
stefano.crapanzano@chu.ulg.ac.be,Lecture documentation,Tâches diverses,2021-01-15,11:44:46,00:00:02
stefano.crapanzano@chu.ulg.ac.be,Lecture documentation,Tâches diverses,2021-01-15,11:45:41,00:00:03
stefano.crapanzano@chu.ulg.ac.be,Lecture documentation,Tâches diverses,2021-01-15,11:47:17,00:00:03
stefano.crapanzano@chu.ulg.ac.be,Lecture documentation,Tâches diverses,2021-01-15,11:49:38,00:00:02
stefano.crapanzano@chu.ulg.ac.be,Lecture documentation,Tâches diverses,2021-01-15,11:49:45,00:00:02
stefano.crapanzano@chu.ulg.ac.be,Lecture documentation,Tâches diverses,2021-01-15,11:52:27,00:00:04
stefano.crapanzano@chu.ulg.ac.be,Lecture documentation,Tâches diverses,2021-01-15,11:53:36,00:00:05
stefano.crapanzano@chu.ulg.ac.be,Lecture documentation,Tâches diverses,2021-01-15,11:55:13,00:00:03
stefano.crapanzano@chu.ulg.ac.be,Lecture documentation,Tâches diverses,2021-01-15,11:56:37,00:00:02
stefano.crapanzano@chu.ulg.ac.be,Lecture documentation,Tâches diverses,2021-01-15,11:56:48,00:00:02
stefano.crapanzano@chu.ulg.ac.be,Lecture documentation,Tâches diverses,2021-01-15,11:57:51,00:00:05
stefano.crapanzano@chu.ulg.ac.be,Lecture documentation,Tâches diverses,2021-01-15,11:59:05,00:00:07
stefano.crapanzano@chu.ulg.ac.be,Lecture documentation,Tâches diverses,2021-01-15,12:03:16,00:00:10
stefano.crapanzano@chu.ulg.ac.be,Lecture documentation,Tâches diverses,2021-01-15,12:04:45,00:00:05
stefano.crapanzano@chu.ulg.ac.be,Lecture documentation,Tâches diverses,2021-01-15,12:08:09,00:00:18
stefano.crapanzano@chu.ulg.ac.be,Lecture documentation,Tâches diverses,2021-01-15,12:08:47,00:00:03
stefano.crapanzano@chu.ulg.ac.be,Lecture documentation,Tâches diverses,2021-01-15,12:11:10,00:00:16
stefano.crapanzano@chu.ulg.ac.be,Lecture documentation,Tâches diverses,2021-01-15,12:11:41,00:00:05
stefano.crapanzano@chu.ulg.ac.be,Lecture documentation,Tâches diverses,2021-01-15,12:11:58,00:00:21
stefano.crapanzano@chu.ulg.ac.be,Lecture documentation,Tâches diverses,2021-01-15,12:12:25,00:00:27
stefano.crapanzano@chu.ulg.ac.be,Lecture documentation,Tâches diverses,2021-01-15,12:13:54,00:00:05
stefano.crapanzano@chu.ulg.ac.be,Lecture documentation,Tâches diverses,2021-01-15,12:14:25,00:01:09
stefano.crapanzano@chu.ulg.ac.be,Lecture documentation,Tâches diverses,2021-01-15,12:15:40,00:00:10
stefano.crapanzano@chu.ulg.ac.be,Lecture documentation,Tâches diverses,2021-01-15,12:17:42,00:00:03
stefano.crapanzano@chu.ulg.ac.be,Lecture documentation,Tâches diverses,2021-01-15,12:17:50,00:00:06
stefano.crapanzano@chu.ulg.ac.be,Lecture documentation,Tâches diverses,2021-01-15,12:18:01,00:03:55
stefano.crapanzano@chu.ulg.ac.be,Lecture documentation,Tâches diverses,2021-01-15,12:22:52,00:00:07
stefano.crapanzano@chu.ulg.ac.be,Lecture documentation,Tâches diverses,2021-01-15,12:23:43,00:00:04
stefano.crapanzano@chu.ulg.ac.be,Lecture documentation,Tâches diverses,2021-01-15,12:25:47,00:00:27
stefano.crapanzano@chu.ulg.ac.be,Lecture documentation,Tâches diverses,2021-01-15,12:26:30,00:00:13
stefano.crapanzano@chu.ulg.ac.be,Lecture documentation,Tâches diverses,2021-01-15,12:26:57,00:00:03
stefano.crapanzano@chu.ulg.ac.be,Lecture documentation,Tâches diverses,2021-01-15,12:28:26,00:00:06
stefano.crapanzano@chu.ulg.ac.be,Lecture documentation,Tâches diverses,2021-01-15,12:40:15,00:00:03
stefano.crapanzano@chu.ulg.ac.be,Lecture documentation,Tâches diverses,2021-01-15,13:01:39,00:08:22
stefano.crapanzano@chu.ulg.ac.be,Lecture documentation,Tâches diverses,2021-01-15,13:13:08,00:00:30
stefano.crapanzano@chu.ulg.ac.be,Lecture documentation,Tâches diverses,2021-01-15,13:19:09,00:08:20
stefano.crapanzano@chu.ulg.ac.be,Lecture documentation,Tâches diverses,2021-01-15,13:28:18,00:00:27
stefano.crapanzano@chu.ulg.ac.be,Lecture documentation,Tâches diverses,2021-01-15,13:28:49,00:02:01
stefano.crapanzano@chu.ulg.ac.be,Lecture documentation,Tâches diverses,2021-01-15,13:30:59,00:00:07
stefano.crapanzano@chu.ulg.ac.be,Lecture documentation,Tâches diverses,2021-01-15,13:37:38,00:01:22
stefano.crapanzano@chu.ulg.ac.be,Lecture documentation,Tâches diverses,2021-01-15,13:39:14,00:02:04
stefano.crapanzano@chu.ulg.ac.be,Lecture documentation,Tâches diverses,2021-01-15,13:44:04,00:00:21
stefano.crapanzano@chu.ulg.ac.be,Lecture documentation,Tâches diverses,2021-01-15,13:46:50,00:00:17
stefano.crapanzano@chu.ulg.ac.be,Lecture documentation,Tâches diverses,2021-01-15,13:47:16,00:00:03
stefano.crapanzano@chu.ulg.ac.be,Lecture documentation,Tâches diverses,2021-01-15,13:47:26,00:03:03
stefano.crapanzano@chu.ulg.ac.be,Lecture documentation,Tâches diverses,2021-01-15,13:51:21,00:01:36
stefano.crapanzano@chu.ulg.ac.be,Lecture documentation,Tâches diverses,2021-01-15,13:55:07,00:00:23
stefano.crapanzano@chu.ulg.ac.be,Lecture documentation,Tâches diverses,2021-01-15,13:56:36,00:00:14
stefano.crapanzano@chu.ulg.ac.be,Lecture documentation,Tâches diverses,2021-01-15,13:56:56,00:00:10
stefano.crapanzano@chu.ulg.ac.be,Lecture documentation,Tâches diverses,2021-01-15,13:57:38,00:00:36
stefano.crapanzano@chu.ulg.ac.be,Lecture documentation,Tâches diverses,2021-01-15,13:58:16,00:00:03
stefano.crapanzano@chu.ulg.ac.be,Lecture documentation,Tâches diverses,2021-01-15,13:58:30,00:00:02
stefano.crapanzano@chu.ulg.ac.be,Lecture documentation,Tâches diverses,2021-01-15,13:58:40,00:01:48
stefano.crapanzano@chu.ulg.ac.be,Lecture documentation,Tâches diverses,2021-01-15,14:00:44,00:00:13
stefano.crapanzano@chu.ulg.ac.be,Lecture documentation,Tâches diverses,2021-01-15,14:06:27,00:00:26
stefano.crapanzano@chu.ulg.ac.be,Lecture documentation,Tâches diverses,2021-01-15,14:07:56,00:00:02
stefano.crapanzano@chu.ulg.ac.be,Lecture documentation,Tâches diverses,2021-01-15,14:08:04,00:00:04
stefano.crapanzano@chu.ulg.ac.be,Lecture documentation,Tâches diverses,2021-01-15,14:08:32,00:00:03
stefano.crapanzano@chu.ulg.ac.be,Lecture documentation,Tâches diverses,2021-01-15,14:09:57,00:00:03
stefano.crapanzano@chu.ulg.ac.be,Lecture documentation,Tâches diverses,2021-01-15,14:17:11,00:14:06
stefano.crapanzano@chu.ulg.ac.be,Lecture documentation,Tâches diverses,2021-01-15,14:34:05,00:00:04
stefano.crapanzano@chu.ulg.ac.be,Lecture documentation,Tâches diverses,2021-01-15,14:34:29,00:00:03
stefano.crapanzano@chu.ulg.ac.be,Lecture documentation,Tâches diverses,2021-01-15,14:34:43,00:00:03
stefano.crapanzano@chu.ulg.ac.be,Lecture documentation,Tâches diverses,2021-01-15,14:35:39,00:00:03
stefano.crapanzano@chu.ulg.ac.be,Lecture documentation,Tâches diverses,2021-01-15,14:39:18,00:00:04
stefano.crapanzano@chu.ulg.ac.be,Lecture documentation,Tâches diverses,2021-01-15,14:40:43,00:00:03
stefano.crapanzano@chu.ulg.ac.be,Lecture documentation,Tâches diverses,2021-01-15,14:41:16,00:00:03
stefano.crapanzano@chu.ulg.ac.be,Lecture documentation,Tâches diverses,2021-01-15,15:12:22,00:00:04
stefano.crapanzano@chu.ulg.ac.be,Lecture documentation,Tâches diverses,2021-01-15,15:12:33,00:00:04
stefano.crapanzano@chu.ulg.ac.be,Lecture documentation,Tâches diverses,2021-01-15,15:13:25,00:00:04
stefano.crapanzano@chu.ulg.ac.be,Lecture documentation,Tâches diverses,2021-01-15,15:16:46,00:00:03
stefano.crapanzano@chu.ulg.ac.be,Lecture documentation,Tâches diverses,2021-01-15,15:18:38,00:00:03
stefano.crapanzano@chu.ulg.ac.be,Lecture documentation,Tâches diverses,2021-01-15,15:18:54,00:00:02
stefano.crapanzano@chu.ulg.ac.be,Lecture documentation,Tâches diverses,2021-01-15,15:20:01,00:00:05
stefano.crapanzano@chu.ulg.ac.be,Lecture documentation,Tâches diverses,2021-01-15,15:21:13,00:00:13
stefano.crapanzano@chu.ulg.ac.be,Lecture documentation,Tâches diverses,2021-01-15,15:21:51,00:05:42
stefano.crapanzano@chu.ulg.ac.be,Lecture documentation,Tâches diverses,2021-01-15,15:31:41,00:03:39
stefano.crapanzano@chu.ulg.ac.be,Lecture documentation,Tâches diverses,2021-01-15,15:35:25,00:11:50
stefano.crapanzano@chu.ulg.ac.be,Lecture documentation,Tâches diverses,2021-01-15,15:47:31,00:00:10
stefano.crapanzano@chu.ulg.ac.be,Lecture documentation,Tâches diverses,2021-01-15,15:49:00,00:04:14
stefano.crapanzano@chu.ulg.ac.be,Lecture documentation,Tâches diverses,2021-01-15,15:54:50,00:21:23
stefano.crapanzano@chu.ulg.ac.be,Lecture documentation,Tâches diverses,2021-01-15,16:43:37,00:00:29
stefano.crapanzano@chu.ulg.ac.be,Lecture documentation,Tâches diverses,2021-01-15,16:44:28,00:14:07
stefano.crapanzano@chu.ulg.ac.be,SAP Easy Access Menu de base Applications financières-économiques,Exploration SAP,2021-01-15,08:36:05,00:00:03
stefano.crapanzano@chu.ulg.ac.be,SAP Easy Access Menu de base Applications financières-économiques,Exploration SAP,2021-01-15,08:36:34,00:00:04
stefano.crapanzano@chu.ulg.ac.be,Afficher enregistrements condition,Exploration SAP,2021-01-15,08:36:09,00:00:02
stefano.crapanzano@chu.ulg.ac.be,Afficher enregistrements condition,Exploration SAP,2021-01-15,08:36:39,00:00:02
stefano.crapanzano@chu.ulg.ac.be,Combinaison-clé,Exploration SAP,2021-01-15,08:36:11,00:00:03
stefano.crapanzano@chu.ulg.ac.be,Combinaison-clé,Exploration SAP,2021-01-15,08:36:41,00:00:02
stefano.crapanzano@chu.ulg.ac.be,Afficher Condition Pro ra(ZPPR): Sélection,Exploration SAP,2021-01-15,08:36:15,00:00:02
stefano.crapanzano@chu.ulg.ac.be,Afficher Condition Pro ra(ZPPR): Sélection,Exploration SAP,2021-01-15,08:36:26,00:00:08
stefano.crapanzano@chu.ulg.ac.be,Afficher Condition Pro ra(ZPPR): Sélection,Exploration SAP,2021-01-15,08:36:44,00:00:04
stefano.crapanzano@chu.ulg.ac.be,Navigation système de fichier,IT,2021-01-15,08:39:32,00:00:03
stefano.crapanzano@chu.ulg.ac.be,Navigation système de fichier,IT,2021-01-15,09:02:30,00:00:02
stefano.crapanzano@chu.ulg.ac.be,Navigation système de fichier,IT,2021-01-15,09:04:28,00:00:02
stefano.crapanzano@chu.ulg.ac.be,Navigation système de fichier,IT,2021-01-15,09:08:36,00:00:02
stefano.crapanzano@chu.ulg.ac.be,Navigation système de fichier,IT,2021-01-15,09:13:55,00:00:02
stefano.crapanzano@chu.ulg.ac.be,Navigation système de fichier,IT,2021-01-15,09:19:30,00:02:51
stefano.crapanzano@chu.ulg.ac.be,Navigation système de fichier,IT,2021-01-15,09:23:23,00:00:09
stefano.crapanzano@chu.ulg.ac.be,Navigation système de fichier,IT,2021-01-15,09:54:04,00:00:03
stefano.crapanzano@chu.ulg.ac.be,Navigation système de fichier,IT,2021-01-15,10:00:49,00:00:07
stefano.crapanzano@chu.ulg.ac.be,Navigation système de fichier,IT,2021-01-15,10:02:07,00:00:02
stefano.crapanzano@chu.ulg.ac.be,Navigation système de fichier,IT,2021-01-15,10:02:54,00:00:02
stefano.crapanzano@chu.ulg.ac.be,Navigation système de fichier,IT,2021-01-15,10:03:30,00:00:06
stefano.crapanzano@chu.ulg.ac.be,Navigation système de fichier,IT,2021-01-15,10:04:48,00:00:05
stefano.crapanzano@chu.ulg.ac.be,Navigation système de fichier,IT,2021-01-15,10:06:32,00:00:02
stefano.crapanzano@chu.ulg.ac.be,Navigation système de fichier,IT,2021-01-15,10:24:41,00:00:02
stefano.crapanzano@chu.ulg.ac.be,Navigation système de fichier,IT,2021-01-15,10:30:01,00:00:02
stefano.crapanzano@chu.ulg.ac.be,Navigation système de fichier,IT,2021-01-15,10:30:30,00:00:04
stefano.crapanzano@chu.ulg.ac.be,Navigation système de fichier,IT,2021-01-15,10:30:40,00:00:05
stefano.crapanzano@chu.ulg.ac.be,Navigation système de fichier,IT,2021-01-15,10:38:42,00:00:02
stefano.crapanzano@chu.ulg.ac.be,Navigation système de fichier,IT,2021-01-15,10:40:44,00:00:02
stefano.crapanzano@chu.ulg.ac.be,Navigation système de fichier,IT,2021-01-15,10:51:26,00:00:02
stefano.crapanzano@chu.ulg.ac.be,Navigation système de fichier,IT,2021-01-15,10:58:13,00:00:02
stefano.crapanzano@chu.ulg.ac.be,Navigation système de fichier,IT,2021-01-15,11:06:16,00:00:02
stefano.crapanzano@chu.ulg.ac.be,Navigation système de fichier,IT,2021-01-15,11:44:34,00:00:02
stefano.crapanzano@chu.ulg.ac.be,Navigation système de fichier,IT,2021-01-15,11:48:33,00:00:02
stefano.crapanzano@chu.ulg.ac.be,Navigation système de fichier,IT,2021-01-15,11:52:04,00:00:09
stefano.crapanzano@chu.ulg.ac.be,Navigation système de fichier,IT,2021-01-15,11:55:26,00:00:03
stefano.crapanzano@chu.ulg.ac.be,Navigation système de fichier,IT,2021-01-15,12:15:35,00:00:02
stefano.crapanzano@chu.ulg.ac.be,Navigation système de fichier,IT,2021-01-15,13:52:58,00:00:02
stefano.crapanzano@chu.ulg.ac.be,Navigation système de fichier,IT,2021-01-15,13:58:38,00:00:02
stefano.crapanzano@chu.ulg.ac.be,Navigation système de fichier,IT,2021-01-15,14:44:31,00:00:02
stefano.crapanzano@chu.ulg.ac.be,Navigation système de fichier,IT,2021-01-15,14:45:17,00:00:28
stefano.crapanzano@chu.ulg.ac.be,Navigation système de fichier,IT,2021-01-15,14:46:07,00:00:02
stefano.crapanzano@chu.ulg.ac.be,Navigation système de fichier,IT,2021-01-15,14:46:29,00:00:04
stefano.crapanzano@chu.ulg.ac.be,Navigation système de fichier,IT,2021-01-15,14:47:21,00:00:16
stefano.crapanzano@chu.ulg.ac.be,Navigation système de fichier,IT,2021-01-15,14:47:39,00:00:05
stefano.crapanzano@chu.ulg.ac.be,Navigation système de fichier,IT,2021-01-15,14:47:46,00:00:03
stefano.crapanzano@chu.ulg.ac.be,Navigation système de fichier,IT,2021-01-15,14:47:58,00:00:05
stefano.crapanzano@chu.ulg.ac.be,Navigation système de fichier,IT,2021-01-15,14:48:17,00:00:05
stefano.crapanzano@chu.ulg.ac.be,Navigation système de fichier,IT,2021-01-15,15:01:07,00:00:14
stefano.crapanzano@chu.ulg.ac.be,Navigation système de fichier,IT,2021-01-15,15:01:23,00:00:07
stefano.crapanzano@chu.ulg.ac.be,Navigation système de fichier,IT,2021-01-15,15:01:42,00:00:03
stefano.crapanzano@chu.ulg.ac.be,Navigation système de fichier,IT,2021-01-15,15:01:50,00:00:11
stefano.crapanzano@chu.ulg.ac.be,Navigation système de fichier,IT,2021-01-15,15:03:33,00:00:04
stefano.crapanzano@chu.ulg.ac.be,Navigation système de fichier,IT,2021-01-15,15:04:19,00:00:10
stefano.crapanzano@chu.ulg.ac.be,Navigation système de fichier,IT,2021-01-15,15:06:31,00:00:13
stefano.crapanzano@chu.ulg.ac.be,Navigation système de fichier,IT,2021-01-15,15:12:06,00:00:03
stefano.crapanzano@chu.ulg.ac.be,Navigation système de fichier,IT,2021-01-15,15:12:11,00:00:04
stefano.crapanzano@chu.ulg.ac.be,Navigation système de fichier,IT,2021-01-15,16:17:48,00:00:02
stefano.crapanzano@chu.ulg.ac.be,Afficher Condition Pro rata (ZPPR) : saisie rapide,Exploration SAP,2021-01-15,08:36:49,00:00:04
stefano.crapanzano@chu.ulg.ac.be,Service MT - Google Chrome,Tâches diverses,2021-01-15,08:36:53,00:00:02
stefano.crapanzano@chu.ulg.ac.be,Service MT - Google Chrome,Tâches diverses,2021-01-15,10:05:11,00:00:02
stefano.crapanzano@chu.ulg.ac.be,Service MT - Google Chrome,Tâches diverses,2021-01-15,10:05:22,00:00:09
stefano.crapanzano@chu.ulg.ac.be,Boîte de réception - erp.sai@chuliege.be - Outlook,Helpdesk général,2021-01-15,08:37:50,00:00:03
stefano.crapanzano@chu.ulg.ac.be,Boîte de réception - erp.sai@chuliege.be - Outlook,Helpdesk général,2021-01-15,08:37:56,00:00:05
stefano.crapanzano@chu.ulg.ac.be,Boîte de réception - erp.sai@chuliege.be - Outlook,Helpdesk général,2021-01-15,09:12:55,00:00:19
stefano.crapanzano@chu.ulg.ac.be,Boîte de réception - erp.sai@chuliege.be - Outlook,Helpdesk général,2021-01-15,10:01:37,00:00:02
stefano.crapanzano@chu.ulg.ac.be,Boîte de réception - erp.sai@chuliege.be - Outlook,Helpdesk général,2021-01-15,10:04:58,00:00:13
stefano.crapanzano@chu.ulg.ac.be,Boîte de réception - erp.sai@chuliege.be - Outlook,Helpdesk général,2021-01-15,10:30:46,00:00:02
stefano.crapanzano@chu.ulg.ac.be,Boîte de réception - erp.sai@chuliege.be - Outlook,Helpdesk général,2021-01-15,10:30:52,00:00:03
stefano.crapanzano@chu.ulg.ac.be,Boîte de réception - erp.sai@chuliege.be - Outlook,Helpdesk général,2021-01-15,10:45:07,00:00:06
stefano.crapanzano@chu.ulg.ac.be,Boîte de réception - erp.sai@chuliege.be - Outlook,Helpdesk général,2021-01-15,11:21:11,00:00:02
stefano.crapanzano@chu.ulg.ac.be,Boîte de réception - erp.sai@chuliege.be - Outlook,Helpdesk général,2021-01-15,11:21:16,00:00:06
stefano.crapanzano@chu.ulg.ac.be,Boîte de réception - erp.sai@chuliege.be - Outlook,Helpdesk général,2021-01-15,13:01:08,00:00:11
stefano.crapanzano@chu.ulg.ac.be,Boîte de réception - erp.sai@chuliege.be - Outlook,Helpdesk général,2021-01-15,13:11:02,00:00:06
stefano.crapanzano@chu.ulg.ac.be,Boîte de réception - erp.sai@chuliege.be - Outlook,Helpdesk général,2021-01-15,13:27:34,00:00:02
stefano.crapanzano@chu.ulg.ac.be,Boîte de réception - erp.sai@chuliege.be - Outlook,Helpdesk général,2021-01-15,13:27:38,00:00:03
stefano.crapanzano@chu.ulg.ac.be,Boîte de réception - erp.sai@chuliege.be - Outlook,Helpdesk général,2021-01-15,13:27:49,00:00:04
stefano.crapanzano@chu.ulg.ac.be,Boîte de réception - erp.sai@chuliege.be - Outlook,Helpdesk général,2021-01-15,13:39:03,00:00:10
stefano.crapanzano@chu.ulg.ac.be,Boîte de réception - erp.sai@chuliege.be - Outlook,Helpdesk général,2021-01-15,13:45:01,00:01:45
stefano.crapanzano@chu.ulg.ac.be,Boîte de réception - erp.sai@chuliege.be - Outlook,Helpdesk général,2021-01-15,13:54:59,00:00:07
stefano.crapanzano@chu.ulg.ac.be,Boîte de réception - erp.sai@chuliege.be - Outlook,Helpdesk général,2021-01-15,14:00:32,00:00:11
stefano.crapanzano@chu.ulg.ac.be,Boîte de réception - erp.sai@chuliege.be - Outlook,Helpdesk général,2021-01-15,14:44:33,00:00:43
stefano.crapanzano@chu.ulg.ac.be,Boîte de réception - erp.sai@chuliege.be - Outlook,Helpdesk général,2021-01-15,14:46:09,00:00:02
stefano.crapanzano@chu.ulg.ac.be,Boîte de réception - erp.sai@chuliege.be - Outlook,Helpdesk général,2021-01-15,14:52:55,00:00:09
stefano.crapanzano@chu.ulg.ac.be,Boîte de réception - erp.sai@chuliege.be - Outlook,Helpdesk général,2021-01-15,14:54:10,00:00:02
stefano.crapanzano@chu.ulg.ac.be,Boîte de réception - erp.sai@chuliege.be - Outlook,Helpdesk général,2021-01-15,15:05:41,00:00:12
stefano.crapanzano@chu.ulg.ac.be,Boîte de réception - erp.sai@chuliege.be - Outlook,Helpdesk général,2021-01-15,15:07:17,00:00:03
stefano.crapanzano@chu.ulg.ac.be,Boîte de réception - erp.sai@chuliege.be - Outlook,Helpdesk général,2021-01-15,15:11:57,00:00:06
stefano.crapanzano@chu.ulg.ac.be,Boîte de réception - erp.sai@chuliege.be - Outlook,Helpdesk général,2021-01-15,15:12:16,00:00:05
stefano.crapanzano@chu.ulg.ac.be,Boîte de réception - erp.sai@chuliege.be - Outlook,Helpdesk général,2021-01-15,15:47:15,00:00:15
stefano.crapanzano@chu.ulg.ac.be,Boîte de réception - erp.sai@chuliege.be - Outlook,Helpdesk général,2021-01-15,15:47:41,00:00:09
stefano.crapanzano@chu.ulg.ac.be,Boîte de réception - erp.sai@chuliege.be - Outlook,Helpdesk général,2021-01-15,15:48:17,00:00:04
stefano.crapanzano@chu.ulg.ac.be,Boîte de réception - erp.sai@chuliege.be - Outlook,Helpdesk général,2021-01-15,15:48:25,00:00:03
stefano.crapanzano@chu.ulg.ac.be,Boîte de réception - erp.sai@chuliege.be - Outlook,Helpdesk général,2021-01-15,15:48:56,00:00:04
stefano.crapanzano@chu.ulg.ac.be,Boîte de réception - erp.sai@chuliege.be - Outlook,Helpdesk général,2021-01-15,15:53:15,00:01:35
stefano.crapanzano@chu.ulg.ac.be,Boîte de réception - erp.sai@chuliege.be - Outlook,Helpdesk général,2021-01-15,16:18:02,00:00:02
stefano.crapanzano@chu.ulg.ac.be,Boîte de réception - erp.sai@chuliege.be - Outlook,Helpdesk général,2021-01-15,16:21:33,00:00:09
stefano.crapanzano@chu.ulg.ac.be,Boîte de réception - erp.sai@chuliege.be - Outlook,Helpdesk général,2021-01-15,16:25:44,00:16:55
stefano.crapanzano@chu.ulg.ac.be,Boîte de réception - erp.sai@chuliege.be - Outlook,Helpdesk général,2021-01-15,16:42:45,00:00:04
stefano.crapanzano@chu.ulg.ac.be,Boîte de réception - erp.sai@chuliege.be - Outlook,Helpdesk général,2021-01-15,16:44:10,00:00:18
stefano.crapanzano@chu.ulg.ac.be,Boîte de Réception - Zimbra - Stefano Crapanzano - Outlook,Helpdesk général,2021-01-15,08:37:54,00:00:02
stefano.crapanzano@chu.ulg.ac.be,Boîte de Réception - Zimbra - Stefano Crapanzano - Outlook,Helpdesk général,2021-01-15,09:13:15,00:00:04
stefano.crapanzano@chu.ulg.ac.be,Boîte de Réception - Zimbra - Stefano Crapanzano - Outlook,Helpdesk général,2021-01-15,09:37:27,00:00:03
stefano.crapanzano@chu.ulg.ac.be,Boîte de Réception - Zimbra - Stefano Crapanzano - Outlook,Helpdesk général,2021-01-15,10:30:48,00:00:03
stefano.crapanzano@chu.ulg.ac.be,Boîte de Réception - Zimbra - Stefano Crapanzano - Outlook,Helpdesk général,2021-01-15,11:21:13,00:00:02
stefano.crapanzano@chu.ulg.ac.be,Boîte de Réception - Zimbra - Stefano Crapanzano - Outlook,Helpdesk général,2021-01-15,13:01:19,00:00:03
stefano.crapanzano@chu.ulg.ac.be,Boîte de Réception - Zimbra - Stefano Crapanzano - Outlook,Helpdesk général,2021-01-15,13:10:58,00:00:03
stefano.crapanzano@chu.ulg.ac.be,Boîte de Réception - Zimbra - Stefano Crapanzano - Outlook,Helpdesk général,2021-01-15,15:07:14,00:00:02
stefano.crapanzano@chu.ulg.ac.be,Boîte de Réception - Zimbra - Stefano Crapanzano - Outlook,Helpdesk général,2021-01-15,15:48:28,00:00:23
stefano.crapanzano@chu.ulg.ac.be,Programmation,IT,2021-01-15,08:38:02,00:01:07
stefano.crapanzano@chu.ulg.ac.be,Programmation,IT,2021-01-15,08:39:36,00:00:03
stefano.crapanzano@chu.ulg.ac.be,Programmation,IT,2021-01-15,08:39:41,00:00:27
stefano.crapanzano@chu.ulg.ac.be,Programmation,IT,2021-01-15,08:44:31,00:01:48
stefano.crapanzano@chu.ulg.ac.be,Programmation,IT,2021-01-15,08:46:27,00:01:46
stefano.crapanzano@chu.ulg.ac.be,Programmation,IT,2021-01-15,08:48:19,00:02:20
stefano.crapanzano@chu.ulg.ac.be,Programmation,IT,2021-01-15,08:50:43,00:00:04
stefano.crapanzano@chu.ulg.ac.be,Programmation,IT,2021-01-15,08:50:54,00:00:05
stefano.crapanzano@chu.ulg.ac.be,Programmation,IT,2021-01-15,08:51:06,00:00:18
stefano.crapanzano@chu.ulg.ac.be,Programmation,IT,2021-01-15,08:51:29,00:00:09
stefano.crapanzano@chu.ulg.ac.be,Programmation,IT,2021-01-15,08:51:42,00:00:08
stefano.crapanzano@chu.ulg.ac.be,Programmation,IT,2021-01-15,08:51:52,00:00:04
stefano.crapanzano@chu.ulg.ac.be,Programmation,IT,2021-01-15,08:52:01,00:02:14
stefano.crapanzano@chu.ulg.ac.be,Programmation,IT,2021-01-15,08:54:24,00:01:59
stefano.crapanzano@chu.ulg.ac.be,Programmation,IT,2021-01-15,08:56:29,00:00:12
stefano.crapanzano@chu.ulg.ac.be,Programmation,IT,2021-01-15,08:56:47,00:03:08
stefano.crapanzano@chu.ulg.ac.be,Programmation,IT,2021-01-15,09:00:00,00:00:12
stefano.crapanzano@chu.ulg.ac.be,Programmation,IT,2021-01-15,09:00:14,00:00:02
stefano.crapanzano@chu.ulg.ac.be,Programmation,IT,2021-01-15,09:00:18,00:00:12
stefano.crapanzano@chu.ulg.ac.be,Programmation,IT,2021-01-15,09:00:35,00:00:20
stefano.crapanzano@chu.ulg.ac.be,Programmation,IT,2021-01-15,09:01:00,00:00:57
stefano.crapanzano@chu.ulg.ac.be,Programmation,IT,2021-01-15,09:01:59,00:00:03
stefano.crapanzano@chu.ulg.ac.be,Programmation,IT,2021-01-15,09:02:08,00:00:21
stefano.crapanzano@chu.ulg.ac.be,Programmation,IT,2021-01-15,09:02:32,00:00:26
stefano.crapanzano@chu.ulg.ac.be,Programmation,IT,2021-01-15,09:03:02,00:00:32
stefano.crapanzano@chu.ulg.ac.be,Programmation,IT,2021-01-15,09:03:47,00:00:02
stefano.crapanzano@chu.ulg.ac.be,Programmation,IT,2021-01-15,09:03:51,00:00:15
stefano.crapanzano@chu.ulg.ac.be,Programmation,IT,2021-01-15,09:04:30,00:00:10
stefano.crapanzano@chu.ulg.ac.be,Programmation,IT,2021-01-15,09:05:37,00:00:31
stefano.crapanzano@chu.ulg.ac.be,Programmation,IT,2021-01-15,09:06:09,00:00:06
stefano.crapanzano@chu.ulg.ac.be,Programmation,IT,2021-01-15,09:06:19,00:00:52
stefano.crapanzano@chu.ulg.ac.be,Programmation,IT,2021-01-15,09:07:20,00:00:07
stefano.crapanzano@chu.ulg.ac.be,Programmation,IT,2021-01-15,09:07:33,00:00:27
stefano.crapanzano@chu.ulg.ac.be,Programmation,IT,2021-01-15,09:08:04,00:00:28
stefano.crapanzano@chu.ulg.ac.be,Programmation,IT,2021-01-15,09:08:39,00:00:12
stefano.crapanzano@chu.ulg.ac.be,Programmation,IT,2021-01-15,09:08:52,00:00:03
stefano.crapanzano@chu.ulg.ac.be,Programmation,IT,2021-01-15,09:08:57,00:00:50
stefano.crapanzano@chu.ulg.ac.be,Programmation,IT,2021-01-15,09:09:53,00:00:06
stefano.crapanzano@chu.ulg.ac.be,Programmation,IT,2021-01-15,09:10:03,00:00:21
stefano.crapanzano@chu.ulg.ac.be,Programmation,IT,2021-01-15,09:10:29,00:00:03
stefano.crapanzano@chu.ulg.ac.be,Programmation,IT,2021-01-15,09:10:33,00:00:21
stefano.crapanzano@chu.ulg.ac.be,Programmation,IT,2021-01-15,09:11:00,00:00:28
stefano.crapanzano@chu.ulg.ac.be,Programmation,IT,2021-01-15,09:11:31,00:00:47
stefano.crapanzano@chu.ulg.ac.be,Programmation,IT,2021-01-15,09:12:24,00:00:19
stefano.crapanzano@chu.ulg.ac.be,Programmation,IT,2021-01-15,09:12:44,00:00:11
stefano.crapanzano@chu.ulg.ac.be,Programmation,IT,2021-01-15,09:13:19,00:00:35
stefano.crapanzano@chu.ulg.ac.be,Programmation,IT,2021-01-15,09:14:01,00:00:05
stefano.crapanzano@chu.ulg.ac.be,Programmation,IT,2021-01-15,09:14:20,00:00:16
stefano.crapanzano@chu.ulg.ac.be,Programmation,IT,2021-01-15,09:14:40,00:00:20
stefano.crapanzano@chu.ulg.ac.be,Programmation,IT,2021-01-15,09:15:02,00:00:19
stefano.crapanzano@chu.ulg.ac.be,Programmation,IT,2021-01-15,09:15:23,00:00:38
stefano.crapanzano@chu.ulg.ac.be,Programmation,IT,2021-01-15,09:16:03,00:03:27
stefano.crapanzano@chu.ulg.ac.be,Programmation,IT,2021-01-15,09:22:21,00:00:20
stefano.crapanzano@chu.ulg.ac.be,Programmation,IT,2021-01-15,09:22:45,00:00:07
stefano.crapanzano@chu.ulg.ac.be,Programmation,IT,2021-01-15,09:22:55,00:00:28
stefano.crapanzano@chu.ulg.ac.be,Programmation,IT,2021-01-15,09:23:32,00:00:07
stefano.crapanzano@chu.ulg.ac.be,Programmation,IT,2021-01-15,09:23:44,00:00:11
stefano.crapanzano@chu.ulg.ac.be,Programmation,IT,2021-01-15,09:23:57,00:00:06
stefano.crapanzano@chu.ulg.ac.be,Programmation,IT,2021-01-15,09:24:07,00:00:23
stefano.crapanzano@chu.ulg.ac.be,Programmation,IT,2021-01-15,09:24:33,00:00:05
stefano.crapanzano@chu.ulg.ac.be,Programmation,IT,2021-01-15,09:24:42,00:00:20
stefano.crapanzano@chu.ulg.ac.be,Programmation,IT,2021-01-15,09:25:14,00:12:12
stefano.crapanzano@chu.ulg.ac.be,Programmation,IT,2021-01-15,09:37:50,00:04:06
stefano.crapanzano@chu.ulg.ac.be,Programmation,IT,2021-01-15,10:05:32,00:01:00
stefano.crapanzano@chu.ulg.ac.be,Programmation,IT,2021-01-15,10:06:39,00:00:13
stefano.crapanzano@chu.ulg.ac.be,Programmation,IT,2021-01-15,10:06:56,00:00:09
stefano.crapanzano@chu.ulg.ac.be,Programmation,IT,2021-01-15,10:07:09,00:00:42
stefano.crapanzano@chu.ulg.ac.be,Programmation,IT,2021-01-15,10:07:52,00:00:06
stefano.crapanzano@chu.ulg.ac.be,Programmation,IT,2021-01-15,10:08:00,00:00:09
stefano.crapanzano@chu.ulg.ac.be,Programmation,IT,2021-01-15,10:08:10,00:01:18
stefano.crapanzano@chu.ulg.ac.be,Programmation,IT,2021-01-15,10:09:33,00:01:36
stefano.crapanzano@chu.ulg.ac.be,Programmation,IT,2021-01-15,10:11:23,00:13:18
stefano.crapanzano@chu.ulg.ac.be,Programmation,IT,2021-01-15,10:24:51,00:00:09
stefano.crapanzano@chu.ulg.ac.be,Programmation,IT,2021-01-15,10:25:05,00:00:20
stefano.crapanzano@chu.ulg.ac.be,Programmation,IT,2021-01-15,10:25:44,00:00:12
stefano.crapanzano@chu.ulg.ac.be,Programmation,IT,2021-01-15,10:26:17,00:00:02
stefano.crapanzano@chu.ulg.ac.be,Programmation,IT,2021-01-15,10:26:25,00:00:02
stefano.crapanzano@chu.ulg.ac.be,Programmation,IT,2021-01-15,10:27:06,00:00:03
stefano.crapanzano@chu.ulg.ac.be,Programmation,IT,2021-01-15,10:27:47,00:00:30
stefano.crapanzano@chu.ulg.ac.be,Programmation,IT,2021-01-15,10:28:42,00:00:02
stefano.crapanzano@chu.ulg.ac.be,Programmation,IT,2021-01-15,10:28:53,00:00:03
stefano.crapanzano@chu.ulg.ac.be,Programmation,IT,2021-01-15,10:29:09,00:00:05
stefano.crapanzano@chu.ulg.ac.be,Programmation,IT,2021-01-15,10:29:17,00:00:12
stefano.crapanzano@chu.ulg.ac.be,Programmation,IT,2021-01-15,10:29:33,00:00:28
stefano.crapanzano@chu.ulg.ac.be,Programmation,IT,2021-01-15,10:30:12,00:00:10
stefano.crapanzano@chu.ulg.ac.be,Programmation,IT,2021-01-15,10:30:34,00:00:05
stefano.crapanzano@chu.ulg.ac.be,Programmation,IT,2021-01-15,10:31:32,00:01:14
stefano.crapanzano@chu.ulg.ac.be,Programmation,IT,2021-01-15,10:32:51,00:00:32
stefano.crapanzano@chu.ulg.ac.be,Programmation,IT,2021-01-15,10:33:27,00:00:16
stefano.crapanzano@chu.ulg.ac.be,Programmation,IT,2021-01-15,10:33:48,00:00:12
stefano.crapanzano@chu.ulg.ac.be,Programmation,IT,2021-01-15,10:34:18,00:00:16
stefano.crapanzano@chu.ulg.ac.be,Programmation,IT,2021-01-15,10:34:42,00:00:35
stefano.crapanzano@chu.ulg.ac.be,Programmation,IT,2021-01-15,10:35:24,00:00:04
stefano.crapanzano@chu.ulg.ac.be,Programmation,IT,2021-01-15,10:35:31,00:00:56
stefano.crapanzano@chu.ulg.ac.be,Programmation,IT,2021-01-15,10:37:25,00:00:04
stefano.crapanzano@chu.ulg.ac.be,Programmation,IT,2021-01-15,10:37:36,00:00:05
stefano.crapanzano@chu.ulg.ac.be,Programmation,IT,2021-01-15,10:37:56,00:00:05
stefano.crapanzano@chu.ulg.ac.be,Programmation,IT,2021-01-15,10:38:04,00:00:14
stefano.crapanzano@chu.ulg.ac.be,Programmation,IT,2021-01-15,10:38:22,00:00:05
stefano.crapanzano@chu.ulg.ac.be,Programmation,IT,2021-01-15,10:38:28,00:00:05
stefano.crapanzano@chu.ulg.ac.be,Programmation,IT,2021-01-15,10:38:36,00:00:03
stefano.crapanzano@chu.ulg.ac.be,Programmation,IT,2021-01-15,10:38:44,00:00:18
stefano.crapanzano@chu.ulg.ac.be,Programmation,IT,2021-01-15,10:39:12,00:00:06
stefano.crapanzano@chu.ulg.ac.be,Programmation,IT,2021-01-15,10:39:33,00:01:05
stefano.crapanzano@chu.ulg.ac.be,Programmation,IT,2021-01-15,10:40:46,00:00:23
stefano.crapanzano@chu.ulg.ac.be,Programmation,IT,2021-01-15,10:41:13,00:00:50
stefano.crapanzano@chu.ulg.ac.be,Programmation,IT,2021-01-15,10:42:08,00:00:32
stefano.crapanzano@chu.ulg.ac.be,Programmation,IT,2021-01-15,10:42:44,00:00:17
stefano.crapanzano@chu.ulg.ac.be,Programmation,IT,2021-01-15,10:43:03,00:00:36
stefano.crapanzano@chu.ulg.ac.be,Programmation,IT,2021-01-15,10:43:42,00:01:18
stefano.crapanzano@chu.ulg.ac.be,Programmation,IT,2021-01-15,10:45:13,00:06:06
stefano.crapanzano@chu.ulg.ac.be,Programmation,IT,2021-01-15,10:51:38,00:00:51
stefano.crapanzano@chu.ulg.ac.be,Programmation,IT,2021-01-15,10:52:40,00:00:35
stefano.crapanzano@chu.ulg.ac.be,Programmation,IT,2021-01-15,10:53:56,00:00:37
stefano.crapanzano@chu.ulg.ac.be,Programmation,IT,2021-01-15,10:54:41,00:00:43
stefano.crapanzano@chu.ulg.ac.be,Programmation,IT,2021-01-15,10:55:26,00:00:09
stefano.crapanzano@chu.ulg.ac.be,Programmation,IT,2021-01-15,10:55:37,00:00:23
stefano.crapanzano@chu.ulg.ac.be,Programmation,IT,2021-01-15,10:57:23,00:00:49
stefano.crapanzano@chu.ulg.ac.be,Programmation,IT,2021-01-15,10:58:22,00:01:01
stefano.crapanzano@chu.ulg.ac.be,Programmation,IT,2021-01-15,10:59:25,00:00:08
stefano.crapanzano@chu.ulg.ac.be,Programmation,IT,2021-01-15,10:59:34,00:04:17
stefano.crapanzano@chu.ulg.ac.be,Programmation,IT,2021-01-15,11:04:12,00:00:08
stefano.crapanzano@chu.ulg.ac.be,Programmation,IT,2021-01-15,11:04:30,00:00:11
stefano.crapanzano@chu.ulg.ac.be,Programmation,IT,2021-01-15,11:04:43,00:00:16
stefano.crapanzano@chu.ulg.ac.be,Programmation,IT,2021-01-15,11:05:10,00:00:07
stefano.crapanzano@chu.ulg.ac.be,Programmation,IT,2021-01-15,11:05:27,00:00:48
stefano.crapanzano@chu.ulg.ac.be,Programmation,IT,2021-01-15,11:06:47,00:01:00
stefano.crapanzano@chu.ulg.ac.be,Programmation,IT,2021-01-15,11:07:48,00:00:04
stefano.crapanzano@chu.ulg.ac.be,Programmation,IT,2021-01-15,11:07:59,00:00:54
stefano.crapanzano@chu.ulg.ac.be,Programmation,IT,2021-01-15,11:08:55,00:01:32
stefano.crapanzano@chu.ulg.ac.be,Programmation,IT,2021-01-15,11:10:29,00:00:59
stefano.crapanzano@chu.ulg.ac.be,Programmation,IT,2021-01-15,11:11:33,00:00:16
stefano.crapanzano@chu.ulg.ac.be,Programmation,IT,2021-01-15,11:11:53,00:09:18
stefano.crapanzano@chu.ulg.ac.be,Programmation,IT,2021-01-15,11:21:22,00:07:35
stefano.crapanzano@chu.ulg.ac.be,Programmation,IT,2021-01-15,11:29:02,00:00:05
stefano.crapanzano@chu.ulg.ac.be,Programmation,IT,2021-01-15,11:29:12,00:00:29
stefano.crapanzano@chu.ulg.ac.be,Programmation,IT,2021-01-15,11:29:42,00:00:26
stefano.crapanzano@chu.ulg.ac.be,Programmation,IT,2021-01-15,11:30:09,00:05:29
stefano.crapanzano@chu.ulg.ac.be,Programmation,IT,2021-01-15,11:35:41,00:00:03
stefano.crapanzano@chu.ulg.ac.be,Programmation,IT,2021-01-15,11:35:52,00:00:25
stefano.crapanzano@chu.ulg.ac.be,Programmation,IT,2021-01-15,11:36:27,00:04:23
stefano.crapanzano@chu.ulg.ac.be,Programmation,IT,2021-01-15,11:40:54,00:00:33
stefano.crapanzano@chu.ulg.ac.be,Programmation,IT,2021-01-15,11:41:30,00:00:10
stefano.crapanzano@chu.ulg.ac.be,Programmation,IT,2021-01-15,11:41:44,00:00:12
stefano.crapanzano@chu.ulg.ac.be,Programmation,IT,2021-01-15,11:42:01,00:00:37
stefano.crapanzano@chu.ulg.ac.be,Programmation,IT,2021-01-15,11:42:43,00:01:49
stefano.crapanzano@chu.ulg.ac.be,Programmation,IT,2021-01-15,11:44:36,00:00:03
stefano.crapanzano@chu.ulg.ac.be,Programmation,IT,2021-01-15,11:44:40,00:00:04
stefano.crapanzano@chu.ulg.ac.be,Programmation,IT,2021-01-15,11:44:49,00:00:52
stefano.crapanzano@chu.ulg.ac.be,Programmation,IT,2021-01-15,11:45:45,00:01:32
stefano.crapanzano@chu.ulg.ac.be,Programmation,IT,2021-01-15,11:47:21,00:01:12
stefano.crapanzano@chu.ulg.ac.be,Programmation,IT,2021-01-15,11:48:36,00:01:02
stefano.crapanzano@chu.ulg.ac.be,Programmation,IT,2021-01-15,11:49:40,00:00:04
stefano.crapanzano@chu.ulg.ac.be,Programmation,IT,2021-01-15,11:49:48,00:00:24
stefano.crapanzano@chu.ulg.ac.be,Programmation,IT,2021-01-15,11:50:15,00:00:20
stefano.crapanzano@chu.ulg.ac.be,Programmation,IT,2021-01-15,11:50:36,00:01:27
stefano.crapanzano@chu.ulg.ac.be,Programmation,IT,2021-01-15,11:52:14,00:00:13
stefano.crapanzano@chu.ulg.ac.be,Programmation,IT,2021-01-15,11:52:32,00:01:03
stefano.crapanzano@chu.ulg.ac.be,Programmation,IT,2021-01-15,11:53:42,00:01:20
stefano.crapanzano@chu.ulg.ac.be,Programmation,IT,2021-01-15,11:55:04,00:00:07
stefano.crapanzano@chu.ulg.ac.be,Programmation,IT,2021-01-15,11:55:17,00:00:08
stefano.crapanzano@chu.ulg.ac.be,Programmation,IT,2021-01-15,11:55:29,00:01:07
stefano.crapanzano@chu.ulg.ac.be,Programmation,IT,2021-01-15,11:56:39,00:00:08
stefano.crapanzano@chu.ulg.ac.be,Programmation,IT,2021-01-15,11:56:51,00:00:15
stefano.crapanzano@chu.ulg.ac.be,Programmation,IT,2021-01-15,11:57:09,00:00:41
stefano.crapanzano@chu.ulg.ac.be,Programmation,IT,2021-01-15,11:57:59,00:01:05
stefano.crapanzano@chu.ulg.ac.be,Programmation,IT,2021-01-15,11:59:12,00:04:03
stefano.crapanzano@chu.ulg.ac.be,Programmation,IT,2021-01-15,12:03:28,00:01:17
stefano.crapanzano@chu.ulg.ac.be,Programmation,IT,2021-01-15,12:04:51,00:03:17
stefano.crapanzano@chu.ulg.ac.be,Programmation,IT,2021-01-15,12:08:28,00:00:17
stefano.crapanzano@chu.ulg.ac.be,Programmation,IT,2021-01-15,12:08:51,00:02:19
stefano.crapanzano@chu.ulg.ac.be,Programmation,IT,2021-01-15,12:11:28,00:00:12
stefano.crapanzano@chu.ulg.ac.be,Programmation,IT,2021-01-15,12:11:47,00:00:11
stefano.crapanzano@chu.ulg.ac.be,Programmation,IT,2021-01-15,12:12:21,00:00:04
stefano.crapanzano@chu.ulg.ac.be,Programmation,IT,2021-01-15,12:12:53,00:00:59
stefano.crapanzano@chu.ulg.ac.be,Programmation,IT,2021-01-15,12:13:59,00:00:24
stefano.crapanzano@chu.ulg.ac.be,Programmation,IT,2021-01-15,12:15:50,00:01:50
stefano.crapanzano@chu.ulg.ac.be,Programmation,IT,2021-01-15,12:17:46,00:00:03
stefano.crapanzano@chu.ulg.ac.be,Programmation,IT,2021-01-15,12:17:56,00:00:04
stefano.crapanzano@chu.ulg.ac.be,Programmation,IT,2021-01-15,12:21:59,00:00:13
stefano.crapanzano@chu.ulg.ac.be,Programmation,IT,2021-01-15,12:22:28,00:00:21
stefano.crapanzano@chu.ulg.ac.be,Programmation,IT,2021-01-15,12:23:00,00:00:42
stefano.crapanzano@chu.ulg.ac.be,Programmation,IT,2021-01-15,12:23:47,00:01:58
stefano.crapanzano@chu.ulg.ac.be,Programmation,IT,2021-01-15,12:26:14,00:00:15
stefano.crapanzano@chu.ulg.ac.be,Programmation,IT,2021-01-15,12:26:44,00:00:13
stefano.crapanzano@chu.ulg.ac.be,Programmation,IT,2021-01-15,12:27:01,00:01:25
stefano.crapanzano@chu.ulg.ac.be,Programmation,IT,2021-01-15,12:28:33,00:11:42
stefano.crapanzano@chu.ulg.ac.be,Programmation,IT,2021-01-15,12:40:18,00:20:50
stefano.crapanzano@chu.ulg.ac.be,Programmation,IT,2021-01-15,13:01:28,00:00:11
stefano.crapanzano@chu.ulg.ac.be,Programmation,IT,2021-01-15,13:11:08,00:02:00
stefano.crapanzano@chu.ulg.ac.be,Programmation,IT,2021-01-15,13:13:38,00:05:31
stefano.crapanzano@chu.ulg.ac.be,Programmation,IT,2021-01-15,13:30:51,00:00:06
stefano.crapanzano@chu.ulg.ac.be,Programmation,IT,2021-01-15,13:31:06,00:06:30
stefano.crapanzano@chu.ulg.ac.be,Programmation,IT,2021-01-15,13:41:18,00:02:44
stefano.crapanzano@chu.ulg.ac.be,Programmation,IT,2021-01-15,13:44:26,00:00:34
stefano.crapanzano@chu.ulg.ac.be,Programmation,IT,2021-01-15,13:55:30,00:01:06
stefano.crapanzano@chu.ulg.ac.be,Programmation,IT,2021-01-15,13:56:51,00:00:04
stefano.crapanzano@chu.ulg.ac.be,Programmation,IT,2021-01-15,13:57:07,00:00:31
stefano.crapanzano@chu.ulg.ac.be,Programmation,IT,2021-01-15,13:58:20,00:00:10
stefano.crapanzano@chu.ulg.ac.be,Programmation,IT,2021-01-15,13:58:33,00:00:04
stefano.crapanzano@chu.ulg.ac.be,Programmation,IT,2021-01-15,14:00:57,00:05:29
stefano.crapanzano@chu.ulg.ac.be,Programmation,IT,2021-01-15,14:06:53,00:01:03
stefano.crapanzano@chu.ulg.ac.be,Programmation,IT,2021-01-15,14:07:59,00:00:04
stefano.crapanzano@chu.ulg.ac.be,Programmation,IT,2021-01-15,14:08:09,00:00:20
stefano.crapanzano@chu.ulg.ac.be,Programmation,IT,2021-01-15,14:08:36,00:01:19
stefano.crapanzano@chu.ulg.ac.be,Programmation,IT,2021-01-15,14:10:02,00:07:09
stefano.crapanzano@chu.ulg.ac.be,Programmation,IT,2021-01-15,14:31:17,00:02:47
stefano.crapanzano@chu.ulg.ac.be,Programmation,IT,2021-01-15,14:34:10,00:00:17
stefano.crapanzano@chu.ulg.ac.be,Programmation,IT,2021-01-15,14:34:32,00:00:11
stefano.crapanzano@chu.ulg.ac.be,Programmation,IT,2021-01-15,14:34:47,00:00:50
stefano.crapanzano@chu.ulg.ac.be,Programmation,IT,2021-01-15,14:35:42,00:00:07
stefano.crapanzano@chu.ulg.ac.be,Programmation,IT,2021-01-15,14:35:51,00:00:21
stefano.crapanzano@chu.ulg.ac.be,Programmation,IT,2021-01-15,14:36:14,00:00:03
stefano.crapanzano@chu.ulg.ac.be,Programmation,IT,2021-01-15,14:36:18,00:02:58
stefano.crapanzano@chu.ulg.ac.be,Programmation,IT,2021-01-15,14:39:22,00:01:20
stefano.crapanzano@chu.ulg.ac.be,Programmation,IT,2021-01-15,14:40:47,00:00:27
stefano.crapanzano@chu.ulg.ac.be,Programmation,IT,2021-01-15,14:41:19,00:03:11
stefano.crapanzano@chu.ulg.ac.be,Programmation,IT,2021-01-15,15:12:26,00:00:06
stefano.crapanzano@chu.ulg.ac.be,Programmation,IT,2021-01-15,15:12:37,00:00:42
stefano.crapanzano@chu.ulg.ac.be,Programmation,IT,2021-01-15,15:13:21,00:00:03
stefano.crapanzano@chu.ulg.ac.be,Programmation,IT,2021-01-15,15:13:29,00:03:15
stefano.crapanzano@chu.ulg.ac.be,Programmation,IT,2021-01-15,15:16:49,00:01:42
stefano.crapanzano@chu.ulg.ac.be,Programmation,IT,2021-01-15,15:18:33,00:00:03
stefano.crapanzano@chu.ulg.ac.be,Programmation,IT,2021-01-15,15:18:41,00:00:11
stefano.crapanzano@chu.ulg.ac.be,Programmation,IT,2021-01-15,15:18:58,00:01:02
stefano.crapanzano@chu.ulg.ac.be,Programmation,IT,2021-01-15,15:20:08,00:01:05
stefano.crapanzano@chu.ulg.ac.be,Programmation,IT,2021-01-15,15:21:26,00:00:23
stefano.crapanzano@chu.ulg.ac.be,Programmation,IT,2021-01-15,15:27:33,00:04:08
stefano.crapanzano@chu.ulg.ac.be,Programmation,IT,2021-01-15,16:58:35,00:04:16
stefano.crapanzano@chu.ulg.ac.be,Stefano CRAPANZANO - erp.sai@chuliege.be - Outlook,Helpdesk général,2021-01-15,09:37:32,00:00:18
stefano.crapanzano@chu.ulg.ac.be,Stefano CRAPANZANO - erp.sai@chuliege.be - Outlook,Helpdesk général,2021-01-15,09:53:42,00:00:03
stefano.crapanzano@chu.ulg.ac.be,Stefano CRAPANZANO - erp.sai@chuliege.be - Outlook,Helpdesk général,2021-01-15,13:46:46,00:00:03
stefano.crapanzano@chu.ulg.ac.be,Stefano CRAPANZANO - erp.sai@chuliege.be - Outlook,Helpdesk général,2021-01-15,13:47:07,00:00:02
stefano.crapanzano@chu.ulg.ac.be,Stefano CRAPANZANO - erp.sai@chuliege.be - Outlook,Helpdesk général,2021-01-15,13:47:11,00:00:04
stefano.crapanzano@chu.ulg.ac.be,Stefano CRAPANZANO - erp.sai@chuliege.be - Outlook,Helpdesk général,2021-01-15,13:47:19,00:00:07
stefano.crapanzano@chu.ulg.ac.be,Stefano CRAPANZANO - erp.sai@chuliege.be - Outlook,Helpdesk général,2021-01-15,13:50:31,00:00:02
stefano.crapanzano@chu.ulg.ac.be,Stefano CRAPANZANO - erp.sai@chuliege.be - Outlook,Helpdesk général,2021-01-15,13:53:00,00:00:03
stefano.crapanzano@chu.ulg.ac.be,Stefano CRAPANZANO - erp.sai@chuliege.be - Outlook,Helpdesk général,2021-01-15,13:54:57,00:00:02
stefano.crapanzano@chu.ulg.ac.be,Appel tél. - Message (HTML),Helpdesk général,2021-01-15,09:41:57,00:11:43
stefano.crapanzano@chu.ulg.ac.be,Envoyé - Zimbra - Stefano Crapanzano - Outlook,Helpdesk général,2021-01-15,09:53:46,00:00:11
stefano.crapanzano@chu.ulg.ac.be,Envoyé - Zimbra - Stefano Crapanzano - Outlook,Helpdesk général,2021-01-15,09:58:48,00:00:02
stefano.crapanzano@chu.ulg.ac.be,Envoyé - Zimbra - Stefano Crapanzano - Outlook,Helpdesk général,2021-01-15,10:01:40,00:00:02
stefano.crapanzano@chu.ulg.ac.be,Envoyé - Zimbra - Stefano Crapanzano - Outlook,Helpdesk général,2021-01-15,10:02:09,00:00:14
stefano.crapanzano@chu.ulg.ac.be,Envoyé - Zimbra - Stefano Crapanzano - Outlook,Helpdesk général,2021-01-15,10:02:26,00:00:02
stefano.crapanzano@chu.ulg.ac.be,Envoyé - Zimbra - Stefano Crapanzano - Outlook,Helpdesk général,2021-01-15,10:04:54,00:00:03
stefano.crapanzano@chu.ulg.ac.be,Activité SAI- ERP-SAI 28122020-01012021.xlsx  [Mode protégé] - Excel,Tâches diverses,2021-01-15,09:53:58,00:00:02
stefano.crapanzano@chu.ulg.ac.be,Activité SAI- ERP-SAI 28122020-01012021.xlsx  [Lecture seule] - Excel,Tâches diverses,2021-01-15,09:54:00,00:00:03
stefano.crapanzano@chu.ulg.ac.be,Activité SAI- ERP-SAI 28122020-01012021.xlsx  [Lecture seule] - Excel,Tâches diverses,2021-01-15,09:54:08,00:04:40
stefano.crapanzano@chu.ulg.ac.be,Activité SAI- ERP-SAI 28122020-01012021.xlsx  [Lecture seule] - Excel,Tâches diverses,2021-01-15,09:58:56,00:00:09
stefano.crapanzano@chu.ulg.ac.be,Activité SAI- ERP-SAI 28122020-01012021.xlsx  [Lecture seule] - Excel,Tâches diverses,2021-01-15,09:59:08,00:00:04
stefano.crapanzano@chu.ulg.ac.be,Activité SAI- ERP-SAI 28122020-01012021.xlsx  [Lecture seule] - Excel,Tâches diverses,2021-01-15,09:59:14,00:00:03
stefano.crapanzano@chu.ulg.ac.be,Activité SAI- ERP-SAI 28122020-01012021.xlsx  [Lecture seule] - Excel,Tâches diverses,2021-01-15,09:59:20,00:00:03
stefano.crapanzano@chu.ulg.ac.be,Activité SAI- ERP-SAI 28122020-01012021.xlsx  [Lecture seule] - Excel,Tâches diverses,2021-01-15,09:59:28,00:00:11
stefano.crapanzano@chu.ulg.ac.be,Activité SAI- ERP-SAI 28122020-01012021.xlsx  [Lecture seule] - Excel,Tâches diverses,2021-01-15,09:59:40,00:00:06
stefano.crapanzano@chu.ulg.ac.be,Activité SAI- ERP-SAI 28122020-01012021.xlsx  [Lecture seule] - Excel,Tâches diverses,2021-01-15,09:59:52,00:00:03
stefano.crapanzano@chu.ulg.ac.be,Activité SAI- ERP-SAI 28122020-01012021.xlsx  [Lecture seule] - Excel,Tâches diverses,2021-01-15,09:59:58,00:00:27
stefano.crapanzano@chu.ulg.ac.be,Brouillons - Zimbra - Stefano Crapanzano - Outlook,Helpdesk général,2021-01-15,09:58:51,00:00:03
stefano.crapanzano@chu.ulg.ac.be,Brouillons - Zimbra - Stefano Crapanzano - Outlook,Helpdesk général,2021-01-15,09:59:18,00:00:02
stefano.crapanzano@chu.ulg.ac.be,Brouillons - Zimbra - Stefano Crapanzano - Outlook,Helpdesk général,2021-01-15,09:59:25,00:00:02
stefano.crapanzano@chu.ulg.ac.be,Brouillons - Zimbra - Stefano Crapanzano - Outlook,Helpdesk général,2021-01-15,09:59:46,00:00:06
stefano.crapanzano@chu.ulg.ac.be,Brouillons - Zimbra - Stefano Crapanzano - Outlook,Helpdesk général,2021-01-15,09:59:56,00:00:02
stefano.crapanzano@chu.ulg.ac.be,Brouillons - Zimbra - Stefano Crapanzano - Outlook,Helpdesk général,2021-01-15,10:01:34,00:00:03
stefano.crapanzano@chu.ulg.ac.be,Enregistrer sous,Tâches diverses,2021-01-15,10:00:27,00:00:22
stefano.crapanzano@chu.ulg.ac.be,Enregistrer sous,Tâches diverses,2021-01-15,10:00:57,00:00:33
stefano.crapanzano@chu.ulg.ac.be,Activité SAI- ERP-SAI 18012021-22012021.xlsx - Excel,Tâches diverses,2021-01-15,10:01:31,00:00:02
stefano.crapanzano@chu.ulg.ac.be,Activité SAI- ERP-SAI 18012021-22012021.xlsx - Excel,Tâches diverses,2021-01-15,10:02:04,00:00:02
stefano.crapanzano@chu.ulg.ac.be,Activité SAI- ERP-SAI 18012021-22012021.xlsx - Excel,Tâches diverses,2021-01-15,10:03:22,00:00:03
stefano.crapanzano@chu.ulg.ac.be,Activité SAI- ERP-SAI 18012021-22012021.xlsx - Excel,Tâches diverses,2021-01-15,10:04:19,00:00:02
stefano.crapanzano@chu.ulg.ac.be,Activité SAI- ERP-SAI 18012021-22012021.xlsx - Excel,Tâches diverses,2021-01-15,10:04:23,00:00:03
stefano.crapanzano@chu.ulg.ac.be,Planning télétravail de la semaine - Message (HTML),Helpdesk général,2021-01-15,10:01:42,00:00:02
stefano.crapanzano@chu.ulg.ac.be,RE: Planning télétravail de la semaine - Message (HTML),Helpdesk général,2021-01-15,10:01:45,00:00:07
stefano.crapanzano@chu.ulg.ac.be,RE: Planning télétravail de la semaine - Message (HTML),Helpdesk général,2021-01-15,10:02:30,00:00:23
stefano.crapanzano@chu.ulg.ac.be,RE: Planning télétravail de la semaine - Message (HTML),Helpdesk général,2021-01-15,10:03:36,00:00:14
stefano.crapanzano@chu.ulg.ac.be,RE: Planning télétravail de la semaine - Message (HTML),Helpdesk général,2021-01-15,10:03:56,00:00:14
stefano.crapanzano@chu.ulg.ac.be,RE: Planning télétravail de la semaine - Message (HTML),Helpdesk général,2021-01-15,10:04:27,00:00:21
stefano.crapanzano@chu.ulg.ac.be,Ouverture d'une pièce jointe,Helpdesk général,2021-01-15,10:01:52,00:00:02
stefano.crapanzano@chu.ulg.ac.be,Ouverture d'une pièce jointe,Helpdesk général,2021-01-15,10:02:24,00:00:02
stefano.crapanzano@chu.ulg.ac.be,Reprise sur site.xlsx - Excel,Tâches diverses,2021-01-15,10:01:56,00:00:08
stefano.crapanzano@chu.ulg.ac.be,Télétravail (à partir du 11-01-21).xlsx - Excel,Tâches diverses,2021-01-15,10:02:58,00:00:24
stefano.crapanzano@chu.ulg.ac.be,Télétravail (à partir du 11-01-21).xlsx - Excel,Tâches diverses,2021-01-15,10:03:26,00:00:03
stefano.crapanzano@chu.ulg.ac.be,Télétravail (à partir du 11-01-21).xlsx - Excel,Tâches diverses,2021-01-15,10:04:14,00:00:04
stefano.crapanzano@chu.ulg.ac.be,Insérer un lien hypertexte,Helpdesk général,2021-01-15,10:03:51,00:00:04
stefano.crapanzano@chu.ulg.ac.be,Identification - Google Chrome,Tâches diverses,2021-01-15,10:05:13,00:00:08
stefano.crapanzano@chu.ulg.ac.be,Sent - erp.sai@chuliege.be - Outlook,Helpdesk général,2021-01-15,10:30:55,00:00:36
stefano.crapanzano@chu.ulg.ac.be,Sent - erp.sai@chuliege.be - Outlook,Helpdesk général,2021-01-15,10:45:00,00:00:07
stefano.crapanzano@chu.ulg.ac.be,Sent - erp.sai@chuliege.be - Outlook,Helpdesk général,2021-01-15,13:01:23,00:00:04
stefano.crapanzano@chu.ulg.ac.be,Sent - erp.sai@chuliege.be - Outlook,Helpdesk général,2021-01-15,13:10:01,00:00:56
stefano.crapanzano@chu.ulg.ac.be,Sent - erp.sai@chuliege.be - Outlook,Helpdesk général,2021-01-15,13:27:41,00:00:07
stefano.crapanzano@chu.ulg.ac.be,Sent - erp.sai@chuliege.be - Outlook,Helpdesk général,2021-01-15,13:27:54,00:00:24
stefano.crapanzano@chu.ulg.ac.be,Sent - erp.sai@chuliege.be - Outlook,Helpdesk général,2021-01-15,13:39:01,00:00:02
stefano.crapanzano@chu.ulg.ac.be,Sent - erp.sai@chuliege.be - Outlook,Helpdesk général,2021-01-15,15:05:53,00:00:37
stefano.crapanzano@chu.ulg.ac.be,Sent - erp.sai@chuliege.be - Outlook,Helpdesk général,2021-01-15,15:07:12,00:00:02
stefano.crapanzano@chu.ulg.ac.be,Sent - erp.sai@chuliege.be - Outlook,Helpdesk général,2021-01-15,15:07:21,00:03:51
stefano.crapanzano@chu.ulg.ac.be,Sent - erp.sai@chuliege.be - Outlook,Helpdesk général,2021-01-15,15:11:54,00:00:03
stefano.crapanzano@chu.ulg.ac.be,Sent - erp.sai@chuliege.be - Outlook,Helpdesk général,2021-01-15,15:47:51,00:00:25
stefano.crapanzano@chu.ulg.ac.be,Sent - erp.sai@chuliege.be - Outlook,Helpdesk général,2021-01-15,15:48:22,00:00:02
stefano.crapanzano@chu.ulg.ac.be,Sent - erp.sai@chuliege.be - Outlook,Helpdesk général,2021-01-15,15:48:52,00:00:03
stefano.crapanzano@chu.ulg.ac.be,Sent - erp.sai@chuliege.be - Outlook,Helpdesk général,2021-01-15,16:21:43,00:01:02
stefano.crapanzano@chu.ulg.ac.be,Sent - erp.sai@chuliege.be - Outlook,Helpdesk général,2021-01-15,16:22:57,00:00:02
stefano.crapanzano@chu.ulg.ac.be,Sent - erp.sai@chuliege.be - Outlook,Helpdesk général,2021-01-15,16:23:14,00:02:30
stefano.crapanzano@chu.ulg.ac.be,Sent - erp.sai@chuliege.be - Outlook,Helpdesk général,2021-01-15,16:42:50,00:00:46
stefano.crapanzano@chu.ulg.ac.be,Sent - erp.sai@chuliege.be - Outlook,Helpdesk général,2021-01-15,16:44:06,00:00:03
stefano.crapanzano@chu.ulg.ac.be,SVN_LOCAL – CHL_ERP_ZI54_MONITORING.bat [SVN_LOCAL] (Administrator),IT,2021-01-15,12:21:56,00:00:02
stefano.crapanzano@chu.ulg.ac.be,RE: Calcul proratas TVA et régularisation annuelle - Message (HTML),Helpdesk général,2021-01-15,13:50:35,00:00:46
stefano.crapanzano@chu.ulg.ac.be,RE: Calcul proratas TVA et régularisation annuelle - Message (HTML),Helpdesk général,2021-01-15,13:53:05,00:01:51
stefano.crapanzano@chu.ulg.ac.be,SDERP-17639 Calcul proratas TVA et régularisation annuelle - Message (HTML),Helpdesk général,2021-01-15,14:00:28,00:00:02
stefano.crapanzano@chu.ulg.ac.be,\\ERPFTP.st.chulg\ERP\Log\Iepacs_file_Pdf-Kofaxchu_FRCHR_Pdf.log - Notepad++ [Administrator],IT,2021-01-15,14:45:46,00:00:20
stefano.crapanzano@chu.ulg.ac.be,\\ERPFTP.st.chulg\ERP\Log\Iepacs_file_Pdf-Kofaxchu_FRCHR_Pdf.log - Notepad++ [Administrator],IT,2021-01-15,14:46:13,00:00:16
stefano.crapanzano@chu.ulg.ac.be,\\ERPFTP.st.chulg\ERP\Log\Iepacs_file_Pdf-Kofaxchu_FRCHR_Pdf.log - Notepad++ [Administrator],IT,2021-01-15,14:51:02,00:00:46
stefano.crapanzano@chu.ulg.ac.be,\\ERPFTP.st.chulg\ERP\Log\Iepacs_file_Pdf-Kofaxchu_FRCHR_Pdf.log - Notepad++ [Administrator],IT,2021-01-15,14:51:57,00:00:56
stefano.crapanzano@chu.ulg.ac.be,\\ERPFTP.st.chulg\ERP\Log\Iepacs_file_Pdf-Kofaxchu_FRCHR_Pdf.log - Notepad++ [Administrator],IT,2021-01-15,14:53:10,00:00:46
stefano.crapanzano@chu.ulg.ac.be,\\ERPFTP.st.chulg\ERP\Log\Iepacs_file_Pdf-Kofaxchu_FRCHR_Pdf.log - Notepad++ [Administrator],IT,2021-01-15,14:55:12,00:00:12
stefano.crapanzano@chu.ulg.ac.be,\\ERPFTP.st.chulg\ERP\Log\Iepacs_file_Pdf-Kofaxchu_FRCHR_Pdf.log - Notepad++ [Administrator],IT,2021-01-15,14:55:30,00:00:02
stefano.crapanzano@chu.ulg.ac.be,\\ERPFTP.st.chulg\ERP\Log\KOFAX-KofaxCaptureSVReleaseProdFRCHR.log - Notepad++ [Administrator],IT,2021-01-15,14:46:34,00:00:09
stefano.crapanzano@chu.ulg.ac.be,\\ERPFTP.st.chulg\ERP\Log\KOFAX-KofaxCaptureSVReleaseProdFRCHR.log - Notepad++ [Administrator],IT,2021-01-15,14:47:04,00:00:16
stefano.crapanzano@chu.ulg.ac.be,\\ERPFTP.st.chulg\ERP\Log\KOFAX-KofaxCaptureSVReleaseProdFRCHR.log - Notepad++ [Administrator],IT,2021-01-15,14:47:37,00:00:02
stefano.crapanzano@chu.ulg.ac.be,\\ERPFTP.st.chulg\ERP\Log\KOFAX-KofaxCaptureSVReleaseProdFRCHR.log - Notepad++ [Administrator],IT,2021-01-15,14:47:50,00:00:08
stefano.crapanzano@chu.ulg.ac.be,\\ERPFTP.st.chulg\ERP\Log\KOFAX-KofaxCaptureSVReleaseProdFRCHR.log - Notepad++ [Administrator],IT,2021-01-15,14:48:22,00:02:30
stefano.crapanzano@chu.ulg.ac.be,\\ERPFTP.st.chulg\ERP\Log\KOFAX-KofaxCaptureSVReleaseProdFRCHR.log - Notepad++ [Administrator],IT,2021-01-15,14:50:56,00:00:06
stefano.crapanzano@chu.ulg.ac.be,\\ERPFTP.st.chulg\ERP\Log\KOFAX-KofaxCaptureSVReleaseProdFRCHR.log - Notepad++ [Administrator],IT,2021-01-15,14:51:49,00:00:08
stefano.crapanzano@chu.ulg.ac.be,\\ERPFTP.st.chulg\ERP\Log\KOFAX-KofaxCaptureSVReleaseProdFRCHR.log - Notepad++ [Administrator],IT,2021-01-15,14:55:25,00:00:04
stefano.crapanzano@chu.ulg.ac.be,\\ERPFTP.st.chulg\ERP\Log\KOFAX-KofaxCaptureSVReleaseProdFRCHR.log - Notepad++ [Administrator],IT,2021-01-15,14:55:32,00:00:28
stefano.crapanzano@chu.ulg.ac.be,\\ERPFTP.st.chulg\ERP\Log\KOFAX-KofaxCaptureSVReleaseProdFRCHR.log - Notepad++ [Administrator],Helpdesk général,2021-01-15,14:56:17,00:00:06
stefano.crapanzano@chu.ulg.ac.be,\\ERPFTP.st.chulg\ERP\Log\KOFAX-KofaxCaptureSVReleaseProdFRCHR.log - Notepad++ [Administrator],IT,2021-01-15,15:01:36,00:00:05
stefano.crapanzano@chu.ulg.ac.be,\\ERPFTP.st.chulg\ERP\Log\KOFAX-KofaxCaptureSVReleaseProdFRCHR.log - Notepad++ [Administrator],IT,2021-01-15,15:01:46,00:00:04
stefano.crapanzano@chu.ulg.ac.be,\\ERPFTP.st.chulg\ERP\Log\KOFAX-KofaxCaptureSVReleaseProdFRCHR.log - Notepad++ [Administrator],IT,2021-01-15,15:04:29,00:00:06
stefano.crapanzano@chu.ulg.ac.be,\\ERPFTP.st.chulg\ERP\Log\KOFAX-KofaxCaptureSVReleaseProdFRCHR.log - Notepad++ [Administrator],IT,2021-01-15,15:05:03,00:00:37
stefano.crapanzano@chu.ulg.ac.be,\\ERPFTP.st.chulg\ERP\Log\KOFAX-KofaxCaptureSVReleaseProdFRCHR.log - Notepad++ [Administrator],IT,2021-01-15,15:06:44,00:00:26
stefano.crapanzano@chu.ulg.ac.be,\\ERPFTP.st.chulg\ERP\Log\KOFAX-KofaxCaptureSVReleaseProdFRCHR.log - Notepad++ [Administrator],IT,2021-01-15,15:11:12,00:00:38
stefano.crapanzano@chu.ulg.ac.be,\\ERPFTP.st.chulg\ERP\Log\KOFAX-KofaxCaptureSVReleaseProdFRCHR.log - Notepad++ [Administrator],IT,2021-01-15,16:22:45,00:00:04
stefano.crapanzano@chu.ulg.ac.be,\\ERPFTP.st.chulg\ERP\Log\KOFAX-KofaxCaptureSVReleaseProdFRCHR.log - Notepad++ [Administrator],IT,2021-01-15,16:23:03,00:00:02
stefano.crapanzano@chu.ulg.ac.be,Rechercher,IT,2021-01-15,14:46:43,00:00:20
stefano.crapanzano@chu.ulg.ac.be,Rechercher,IT,2021-01-15,14:50:52,00:00:03
stefano.crapanzano@chu.ulg.ac.be,Rechercher,IT,2021-01-15,14:53:07,00:00:02
stefano.crapanzano@chu.ulg.ac.be,Rechercher,IT,2021-01-15,14:59:19,00:00:03
stefano.crapanzano@chu.ulg.ac.be,Rechercher,IT,2021-01-15,16:22:50,00:00:07
stefano.crapanzano@chu.ulg.ac.be,Rechercher,IT,2021-01-15,16:23:06,00:00:07
stefano.crapanzano@chu.ulg.ac.be,Gestionnaire de Sites,Helpdesk général,2021-01-15,14:48:05,00:00:03
stefano.crapanzano@chu.ulg.ac.be,CHR_FRCHR - sftp://kofax@secure.chrcitadelle.be - FileZilla,Helpdesk général,2021-01-15,14:48:09,00:00:07
stefano.crapanzano@chu.ulg.ac.be,Greenshot capture form,Helpdesk général,2021-01-15,14:53:56,00:00:11
stefano.crapanzano@chu.ulg.ac.be,Greenshot capture form,Helpdesk général,2021-01-15,14:56:01,00:00:16
stefano.crapanzano@chu.ulg.ac.be,Greenshot capture form,Helpdesk général,2021-01-15,14:56:59,00:00:14
stefano.crapanzano@chu.ulg.ac.be,Greenshot capture form,Helpdesk général,2021-01-15,16:17:51,00:00:08
stefano.crapanzano@chu.ulg.ac.be,Téléchargement automatique des images,Helpdesk général,2021-01-15,14:54:14,00:00:02
stefano.crapanzano@chu.ulg.ac.be,Téléchargement automatique des images,Helpdesk général,2021-01-15,16:18:07,00:00:09
stefano.crapanzano@chu.ulg.ac.be,RE: Test scanning NOK - Message (HTML),Helpdesk général,2021-01-15,14:54:17,00:00:51
stefano.crapanzano@chu.ulg.ac.be,RE: Test scanning NOK - Message (HTML),Helpdesk général,2021-01-15,14:57:15,00:00:23
stefano.crapanzano@chu.ulg.ac.be,RE: Test scanning NOK - Message (HTML),Helpdesk général,2021-01-15,14:58:06,00:00:38
stefano.crapanzano@chu.ulg.ac.be,RE: Test scanning NOK - Message (HTML),Helpdesk général,2021-01-15,14:59:24,00:01:42
stefano.crapanzano@chu.ulg.ac.be,RE: Test scanning NOK - Message (HTML),Helpdesk général,2021-01-15,15:02:02,00:01:31
stefano.crapanzano@chu.ulg.ac.be,RE: Test scanning NOK - Message (HTML),Helpdesk général,2021-01-15,15:03:37,00:00:37
stefano.crapanzano@chu.ulg.ac.be,RE: Test scanning NOK - Message (HTML),Helpdesk général,2021-01-15,15:04:35,00:00:27
stefano.crapanzano@chu.ulg.ac.be,RE: Test scanning NOK - Message (HTML),Helpdesk général,2021-01-15,16:18:05,00:00:02
stefano.crapanzano@chu.ulg.ac.be,RE: Test scanning NOK - Message (HTML),Helpdesk général,2021-01-15,16:18:17,00:01:00
stefano.crapanzano@chu.ulg.ac.be,RE: Test scanning NOK - Message (HTML),Helpdesk général,2021-01-15,16:19:30,00:01:59
stefano.crapanzano@chu.ulg.ac.be,*\\ERPFTP.st.chulg\ERP\Log\KOFAX-KofaxCaptureSVReleaseProdFRCHR.log - Notepad++ [Administrator],IT,2021-01-15,14:56:24,00:00:35
stefano.crapanzano@chu.ulg.ac.be,*\\ERPFTP.st.chulg\ERP\Log\KOFAX-KofaxCaptureSVReleaseProdFRCHR.log - Notepad++ [Administrator],IT,2021-01-15,14:57:39,00:00:25
stefano.crapanzano@chu.ulg.ac.be,*\\ERPFTP.st.chulg\ERP\Log\KOFAX-KofaxCaptureSVReleaseProdFRCHR.log - Notepad++ [Administrator],IT,2021-01-15,14:58:44,00:00:35
stefano.crapanzano@chu.ulg.ac.be,*\\ERPFTP.st.chulg\ERP\Log\KOFAX-KofaxCaptureSVReleaseProdFRCHR.log - Notepad++ [Administrator],IT,2021-01-15,16:23:01,00:00:02
stefano.crapanzano@chu.ulg.ac.be,Recharger,IT,2021-01-15,15:01:30,00:00:04
stefano.crapanzano@chu.ulg.ac.be,Orthographe : Français (Belgique),Helpdesk général,2021-01-15,15:04:14,00:00:02
stefano.crapanzano@chu.ulg.ac.be,Microsoft Outlook,Helpdesk général,2021-01-15,15:04:17,00:00:02
stefano.crapanzano@chu.ulg.ac.be,SDERP-17623 P203 CHU Récupération TVA à configurer sur un centre de coût - Message (HTML),Helpdesk général,2021-01-15,15:35:20,00:00:04
stefano.crapanzano@chu.ulg.ac.be,Netop Invité,Helpdesk général,2021-01-15,16:16:13,00:00:06
stefano.crapanzano@chu.ulg.ac.be,Netop Invité,Helpdesk général,2021-01-15,16:42:42,00:00:02
stefano.crapanzano@chu.ulg.ac.be,Connexion à l'aide de l'authentification Windows,Helpdesk général,2021-01-15,16:16:20,00:00:03
stefano.crapanzano@chu.ulg.ac.be,si-s-serv503 - Netop Remote Control,Helpdesk général,2021-01-15,16:16:25,00:01:21
stefano.crapanzano@chu.ulg.ac.be,si-s-serv503 - Netop Remote Control,Helpdesk général,2021-01-15,16:17:59,00:00:02
stefano.crapanzano@chu.ulg.ac.be,si-s-serv503 - Netop Remote Control,Helpdesk général,2021-01-15,16:19:20,00:00:09
stefano.crapanzano@chu.ulg.ac.be,si-s-serv503 - Netop Remote Control,Helpdesk général,2021-01-15,16:21:29,00:00:03
stefano.crapanzano@chu.ulg.ac.be,si-s-serv503,Helpdesk général,2021-01-15,16:42:40,00:00:02
