Email,Description,Project,Start date,Start time,Duration
stefano.crapanzano@chu.ulg.ac.be,Administrateur : C:\Windows\system32\cmd.exe - python  main.py,IT,2021-01-13,11:06:25,00:00:02
stefano.crapanzano@chu.ulg.ac.be,Boîte de Réception - Zimbra - Stefano Crapanzano - Outlook,Helpdesk général,2021-01-13,08:27:47,00:00:06
stefano.crapanzano@chu.ulg.ac.be,Boîte de Réception - Zimbra - Stefano Crapanzano - Outlook,Helpdesk général,2021-01-13,08:32:42,00:00:15
stefano.crapanzano@chu.ulg.ac.be,Boîte de Réception - Zimbra - Stefano Crapanzano - Outlook,Helpdesk général,2021-01-13,08:37:26,00:00:03
stefano.crapanzano@chu.ulg.ac.be,Boîte de Réception - Zimbra - Stefano Crapanzano - Outlook,Helpdesk général,2021-01-13,08:48:46,00:00:10
stefano.crapanzano@chu.ulg.ac.be,Boîte de Réception - Zimbra - Stefano Crapanzano - Outlook,Helpdesk général,2021-01-13,08:53:43,00:00:03
stefano.crapanzano@chu.ulg.ac.be,Boîte de Réception - Zimbra - Stefano Crapanzano - Outlook,Helpdesk général,2021-01-13,09:08:43,00:00:02
stefano.crapanzano@chu.ulg.ac.be,Boîte de Réception - Zimbra - Stefano Crapanzano - Outlook,Helpdesk général,2021-01-13,09:11:55,00:00:06
stefano.crapanzano@chu.ulg.ac.be,Boîte de Réception - Zimbra - Stefano Crapanzano - Outlook,Helpdesk général,2021-01-13,09:12:12,00:00:12
stefano.crapanzano@chu.ulg.ac.be,Boîte de Réception - Zimbra - Stefano Crapanzano - Outlook,Helpdesk général,2021-01-13,09:49:55,00:00:02
stefano.crapanzano@chu.ulg.ac.be,Boîte de Réception - Zimbra - Stefano Crapanzano - Outlook,Helpdesk général,2021-01-13,10:11:01,00:00:42
stefano.crapanzano@chu.ulg.ac.be,Boîte de Réception - Zimbra - Stefano Crapanzano - Outlook,Helpdesk général,2021-01-13,10:11:46,00:00:07
stefano.crapanzano@chu.ulg.ac.be,Boîte de Réception - Zimbra - Stefano Crapanzano - Outlook,Helpdesk général,2021-01-13,10:37:52,00:00:02
stefano.crapanzano@chu.ulg.ac.be,Boîte de Réception - Zimbra - Stefano Crapanzano - Outlook,Helpdesk général,2021-01-13,11:00:42,00:00:25
stefano.crapanzano@chu.ulg.ac.be,Boîte de Réception - Zimbra - Stefano Crapanzano - Outlook,Helpdesk général,2021-01-13,11:01:36,00:00:02
stefano.crapanzano@chu.ulg.ac.be,Boîte de Réception - Zimbra - Stefano Crapanzano - Outlook,Helpdesk général,2021-01-13,11:01:45,00:00:06
stefano.crapanzano@chu.ulg.ac.be,Boîte de Réception - Zimbra - Stefano Crapanzano - Outlook,Helpdesk général,2021-01-13,11:01:54,00:00:02
stefano.crapanzano@chu.ulg.ac.be,Boîte de Réception - Zimbra - Stefano Crapanzano - Outlook,Helpdesk général,2021-01-13,11:07:42,00:00:31
stefano.crapanzano@chu.ulg.ac.be,Boîte de Réception - Zimbra - Stefano Crapanzano - Outlook,Helpdesk général,2021-01-13,11:17:29,00:00:20
stefano.crapanzano@chu.ulg.ac.be,Boîte de Réception - Zimbra - Stefano Crapanzano - Outlook,Helpdesk général,2021-01-13,11:23:09,00:00:07
stefano.crapanzano@chu.ulg.ac.be,Boîte de Réception - Zimbra - Stefano Crapanzano - Outlook,Helpdesk général,2021-01-13,11:23:37,00:00:06
stefano.crapanzano@chu.ulg.ac.be,Boîte de Réception - Zimbra - Stefano Crapanzano - Outlook,Helpdesk général,2021-01-13,11:25:12,00:00:10
stefano.crapanzano@chu.ulg.ac.be,Boîte de Réception - Zimbra - Stefano Crapanzano - Outlook,Helpdesk général,2021-01-13,11:25:29,00:00:26
stefano.crapanzano@chu.ulg.ac.be,Boîte de Réception - Zimbra - Stefano Crapanzano - Outlook,Helpdesk général,2021-01-13,11:26:07,00:00:03
stefano.crapanzano@chu.ulg.ac.be,Boîte de Réception - Zimbra - Stefano Crapanzano - Outlook,Helpdesk général,2021-01-13,11:27:53,00:00:02
stefano.crapanzano@chu.ulg.ac.be,Boîte de Réception - Zimbra - Stefano Crapanzano - Outlook,Helpdesk général,2021-01-13,11:38:17,00:00:52
stefano.crapanzano@chu.ulg.ac.be,Boîte de réception - erp.sai@chuliege.be - Outlook,Helpdesk général,2021-01-13,08:27:53,00:01:13
stefano.crapanzano@chu.ulg.ac.be,Boîte de réception - erp.sai@chuliege.be - Outlook,Helpdesk général,2021-01-13,08:29:45,00:00:03
stefano.crapanzano@chu.ulg.ac.be,Boîte de réception - erp.sai@chuliege.be - Outlook,Helpdesk général,2021-01-13,08:37:29,00:00:03
stefano.crapanzano@chu.ulg.ac.be,Boîte de réception - erp.sai@chuliege.be - Outlook,Helpdesk général,2021-01-13,08:41:53,00:00:03
stefano.crapanzano@chu.ulg.ac.be,Boîte de réception - erp.sai@chuliege.be - Outlook,Helpdesk général,2021-01-13,08:42:05,00:00:06
stefano.crapanzano@chu.ulg.ac.be,Boîte de réception - erp.sai@chuliege.be - Outlook,Helpdesk général,2021-01-13,08:50:50,00:00:24
stefano.crapanzano@chu.ulg.ac.be,Boîte de réception - erp.sai@chuliege.be - Outlook,Helpdesk général,2021-01-13,09:08:15,00:00:03
stefano.crapanzano@chu.ulg.ac.be,Boîte de réception - erp.sai@chuliege.be - Outlook,Helpdesk général,2021-01-13,09:08:20,00:00:06
stefano.crapanzano@chu.ulg.ac.be,Boîte de réception - erp.sai@chuliege.be - Outlook,Helpdesk général,2021-01-13,09:12:01,00:00:10
stefano.crapanzano@chu.ulg.ac.be,Boîte de réception - erp.sai@chuliege.be - Outlook,Helpdesk général,2021-01-13,09:12:24,00:00:02
stefano.crapanzano@chu.ulg.ac.be,Boîte de réception - erp.sai@chuliege.be - Outlook,Helpdesk général,2021-01-13,09:40:50,00:00:03
stefano.crapanzano@chu.ulg.ac.be,Boîte de réception - erp.sai@chuliege.be - Outlook,Helpdesk général,2021-01-13,09:40:56,00:00:04
stefano.crapanzano@chu.ulg.ac.be,Boîte de réception - erp.sai@chuliege.be - Outlook,Helpdesk général,2021-01-13,09:41:17,00:00:02
stefano.crapanzano@chu.ulg.ac.be,Boîte de réception - erp.sai@chuliege.be - Outlook,Helpdesk général,2021-01-13,09:46:16,00:00:08
stefano.crapanzano@chu.ulg.ac.be,Boîte de réception - erp.sai@chuliege.be - Outlook,Helpdesk général,2021-01-13,09:46:46,00:00:07
stefano.crapanzano@chu.ulg.ac.be,Boîte de réception - erp.sai@chuliege.be - Outlook,Helpdesk général,2021-01-13,09:47:16,00:00:06
stefano.crapanzano@chu.ulg.ac.be,Boîte de réception - erp.sai@chuliege.be - Outlook,Helpdesk général,2021-01-13,09:49:35,00:00:20
stefano.crapanzano@chu.ulg.ac.be,Boîte de réception - erp.sai@chuliege.be - Outlook,Helpdesk général,2021-01-13,09:49:58,00:00:17
stefano.crapanzano@chu.ulg.ac.be,Boîte de réception - erp.sai@chuliege.be - Outlook,Helpdesk général,2021-01-13,09:57:39,00:00:15
stefano.crapanzano@chu.ulg.ac.be,Boîte de réception - erp.sai@chuliege.be - Outlook,Helpdesk général,2021-01-13,10:02:42,00:00:08
stefano.crapanzano@chu.ulg.ac.be,Boîte de réception - erp.sai@chuliege.be - Outlook,Helpdesk général,2021-01-13,10:02:53,00:00:18
stefano.crapanzano@chu.ulg.ac.be,Boîte de réception - erp.sai@chuliege.be - Outlook,Helpdesk général,2021-01-13,10:03:29,00:00:03
stefano.crapanzano@chu.ulg.ac.be,Boîte de réception - erp.sai@chuliege.be - Outlook,Helpdesk général,2021-01-13,10:10:49,00:00:12
stefano.crapanzano@chu.ulg.ac.be,Boîte de réception - erp.sai@chuliege.be - Outlook,Helpdesk général,2021-01-13,10:11:43,00:00:03
stefano.crapanzano@chu.ulg.ac.be,Boîte de réception - erp.sai@chuliege.be - Outlook,Helpdesk général,2021-01-13,10:13:56,00:00:09
stefano.crapanzano@chu.ulg.ac.be,Boîte de réception - erp.sai@chuliege.be - Outlook,Helpdesk général,2021-01-13,10:20:25,00:00:31
stefano.crapanzano@chu.ulg.ac.be,Boîte de réception - erp.sai@chuliege.be - Outlook,Helpdesk général,2021-01-13,10:23:51,00:00:04
stefano.crapanzano@chu.ulg.ac.be,Boîte de réception - erp.sai@chuliege.be - Outlook,Helpdesk général,2021-01-13,10:24:10,00:00:20
stefano.crapanzano@chu.ulg.ac.be,Boîte de réception - erp.sai@chuliege.be - Outlook,Helpdesk général,2021-01-13,10:37:48,00:00:03
stefano.crapanzano@chu.ulg.ac.be,Boîte de réception - erp.sai@chuliege.be - Outlook,Helpdesk général,2021-01-13,10:44:48,00:00:03
stefano.crapanzano@chu.ulg.ac.be,Boîte de réception - erp.sai@chuliege.be - Outlook,Helpdesk général,2021-01-13,11:25:01,00:00:10
stefano.crapanzano@chu.ulg.ac.be,Boîte de réception - erp.sai@chuliege.be - Outlook,Helpdesk général,2021-01-13,11:38:12,00:00:04
stefano.crapanzano@chu.ulg.ac.be,Boîte de réception - erp.sai@chuliege.be - Outlook,Helpdesk général,2021-01-13,11:43:09,00:00:14
stefano.crapanzano@chu.ulg.ac.be,Boîte de réception - erp.sai@chuliege.be - Outlook,Helpdesk général,2021-01-13,11:43:33,00:00:02
stefano.crapanzano@chu.ulg.ac.be,Boîte de réception - erp.sai@chuliege.be - Outlook,Helpdesk général,2021-01-13,11:48:54,00:00:02
stefano.crapanzano@chu.ulg.ac.be,Boîte de réception - erp.sai@chuliege.be - Outlook,Helpdesk général,2021-01-13,11:50:45,00:00:03
stefano.crapanzano@chu.ulg.ac.be,Boîte de réception - erp.sai@chuliege.be - Outlook,Helpdesk général,2021-01-13,11:50:54,00:00:02
stefano.crapanzano@chu.ulg.ac.be,Boîte de réception - erp.sai@chuliege.be - Outlook,Helpdesk général,2021-01-13,12:04:15,00:00:04
stefano.crapanzano@chu.ulg.ac.be,Boîte de réception - erp.sai@chuliege.be - Outlook,Helpdesk général,2021-01-13,12:04:59,00:00:02
stefano.crapanzano@chu.ulg.ac.be,Boîte de réception - erp.sai@chuliege.be - Outlook,Helpdesk général,2021-01-13,12:19:03,00:00:03
stefano.crapanzano@chu.ulg.ac.be,Boîte de réception - erp.sai@chuliege.be - Outlook,Helpdesk général,2021-01-13,12:21:46,00:00:02
stefano.crapanzano@chu.ulg.ac.be,Boîte de réception - erp.sai@chuliege.be - Outlook,Helpdesk général,2021-01-13,12:21:51,00:00:04
stefano.crapanzano@chu.ulg.ac.be,Boîte de réception - erp.sai@chuliege.be - Outlook,Helpdesk général,2021-01-13,12:24:30,00:00:02
stefano.crapanzano@chu.ulg.ac.be,Service MT - Google Chrome,Tâches diverses,2021-01-13,08:29:15,00:00:10
stefano.crapanzano@chu.ulg.ac.be,Service MT - Google Chrome,Tâches diverses,2021-01-13,08:29:27,00:00:15
stefano.crapanzano@chu.ulg.ac.be,Service MT - Google Chrome,Tâches diverses,2021-01-13,08:40:19,00:00:06
stefano.crapanzano@chu.ulg.ac.be,Service MT - Google Chrome,Tâches diverses,2021-01-13,10:57:22,00:00:45
stefano.crapanzano@chu.ulg.ac.be,Service MT - Google Chrome,Tâches diverses,2021-01-13,10:58:20,00:00:56
stefano.crapanzano@chu.ulg.ac.be,Service MT - Google Chrome,Tâches diverses,2021-01-13,11:26:21,00:00:02
stefano.crapanzano@chu.ulg.ac.be,Service MT - Google Chrome,Tâches diverses,2021-01-13,11:36:07,00:00:13
stefano.crapanzano@chu.ulg.ac.be,Service MT - Google Chrome,Tâches diverses,2021-01-13,11:42:44,00:00:20
stefano.crapanzano@chu.ulg.ac.be,Service MT - Google Chrome,Tâches diverses,2021-01-13,12:21:56,00:00:08
stefano.crapanzano@chu.ulg.ac.be,Identification - Google Chrome,Tâches diverses,2021-01-13,08:29:08,00:00:06
stefano.crapanzano@chu.ulg.ac.be,SAM - DB - Google Chrome,Tâches diverses,2021-01-13,08:29:42,00:00:02
stefano.crapanzano@chu.ulg.ac.be,SAM - DB - Google Chrome,Tâches diverses,2021-01-13,08:32:58,00:00:03
stefano.crapanzano@chu.ulg.ac.be,SAM - DB - Google Chrome,Tâches diverses,2021-01-13,08:37:33,00:00:54
stefano.crapanzano@chu.ulg.ac.be,Lecture documentation,Tâches diverses,2021-01-13,08:29:48,00:02:52
stefano.crapanzano@chu.ulg.ac.be,Lecture documentation,Tâches diverses,2021-01-13,08:33:02,00:04:12
stefano.crapanzano@chu.ulg.ac.be,Lecture documentation,Tâches diverses,2021-01-13,08:40:28,00:01:24
stefano.crapanzano@chu.ulg.ac.be,Lecture documentation,Tâches diverses,2021-01-13,08:41:57,00:00:08
stefano.crapanzano@chu.ulg.ac.be,Lecture documentation,Tâches diverses,2021-01-13,08:42:15,00:00:03
stefano.crapanzano@chu.ulg.ac.be,Lecture documentation,Tâches diverses,2021-01-13,08:42:40,00:00:25
stefano.crapanzano@chu.ulg.ac.be,Lecture documentation,Tâches diverses,2021-01-13,08:43:32,00:00:14
stefano.crapanzano@chu.ulg.ac.be,Lecture documentation,Tâches diverses,2021-01-13,08:45:48,00:00:07
stefano.crapanzano@chu.ulg.ac.be,Lecture documentation,Tâches diverses,2021-01-13,08:46:39,00:00:06
stefano.crapanzano@chu.ulg.ac.be,Lecture documentation,Tâches diverses,2021-01-13,08:48:57,00:01:33
stefano.crapanzano@chu.ulg.ac.be,Lecture documentation,Tâches diverses,2021-01-13,08:50:47,00:00:03
stefano.crapanzano@chu.ulg.ac.be,Lecture documentation,Tâches diverses,2021-01-13,08:56:39,00:00:02
stefano.crapanzano@chu.ulg.ac.be,Lecture documentation,Tâches diverses,2021-01-13,08:56:44,00:00:04
stefano.crapanzano@chu.ulg.ac.be,Lecture documentation,Tâches diverses,2021-01-13,08:57:14,00:00:17
stefano.crapanzano@chu.ulg.ac.be,Lecture documentation,Tâches diverses,2021-01-13,09:03:08,00:03:42
stefano.crapanzano@chu.ulg.ac.be,Lecture documentation,Tâches diverses,2021-01-13,09:07:00,00:00:44
stefano.crapanzano@chu.ulg.ac.be,Lecture documentation,Tâches diverses,2021-01-13,09:07:50,00:00:05
stefano.crapanzano@chu.ulg.ac.be,Lecture documentation,Tâches diverses,2021-01-13,09:09:58,00:00:10
stefano.crapanzano@chu.ulg.ac.be,Lecture documentation,Tâches diverses,2021-01-13,09:13:33,00:00:07
stefano.crapanzano@chu.ulg.ac.be,Lecture documentation,Tâches diverses,2021-01-13,09:32:30,00:00:04
stefano.crapanzano@chu.ulg.ac.be,Lecture documentation,Tâches diverses,2021-01-13,09:39:04,00:01:41
stefano.crapanzano@chu.ulg.ac.be,Lecture documentation,Tâches diverses,2021-01-13,10:24:55,00:00:15
stefano.crapanzano@chu.ulg.ac.be,Lecture documentation,Tâches diverses,2021-01-13,10:26:35,00:00:14
stefano.crapanzano@chu.ulg.ac.be,Lecture documentation,Tâches diverses,2021-01-13,10:27:48,00:00:08
stefano.crapanzano@chu.ulg.ac.be,Lecture documentation,Tâches diverses,2021-01-13,10:29:45,00:00:02
stefano.crapanzano@chu.ulg.ac.be,Lecture documentation,Tâches diverses,2021-01-13,10:29:50,00:00:05
stefano.crapanzano@chu.ulg.ac.be,Lecture documentation,Tâches diverses,2021-01-13,10:30:55,00:00:11
stefano.crapanzano@chu.ulg.ac.be,Lecture documentation,Tâches diverses,2021-01-13,10:32:22,00:00:03
stefano.crapanzano@chu.ulg.ac.be,Lecture documentation,Tâches diverses,2021-01-13,10:32:29,00:00:02
stefano.crapanzano@chu.ulg.ac.be,Lecture documentation,Tâches diverses,2021-01-13,10:33:53,00:00:12
stefano.crapanzano@chu.ulg.ac.be,Lecture documentation,Tâches diverses,2021-01-13,10:34:08,00:00:05
stefano.crapanzano@chu.ulg.ac.be,Lecture documentation,Tâches diverses,2021-01-13,10:35:04,00:01:08
stefano.crapanzano@chu.ulg.ac.be,Lecture documentation,Tâches diverses,2021-01-13,10:36:32,00:00:17
stefano.crapanzano@chu.ulg.ac.be,Lecture documentation,Tâches diverses,2021-01-13,10:36:59,00:00:48
stefano.crapanzano@chu.ulg.ac.be,Lecture documentation,Tâches diverses,2021-01-13,10:41:18,00:00:06
stefano.crapanzano@chu.ulg.ac.be,Lecture documentation,Tâches diverses,2021-01-13,10:41:29,00:00:13
stefano.crapanzano@chu.ulg.ac.be,Lecture documentation,Tâches diverses,2021-01-13,10:41:51,00:00:22
stefano.crapanzano@chu.ulg.ac.be,Lecture documentation,Tâches diverses,2021-01-13,10:43:42,00:00:59
stefano.crapanzano@chu.ulg.ac.be,Lecture documentation,Tâches diverses,2021-01-13,10:45:07,00:02:07
stefano.crapanzano@chu.ulg.ac.be,Lecture documentation,Tâches diverses,2021-01-13,10:47:33,00:07:53
stefano.crapanzano@chu.ulg.ac.be,Lecture documentation,Tâches diverses,2021-01-13,10:55:45,00:01:36
stefano.crapanzano@chu.ulg.ac.be,Lecture documentation,Tâches diverses,2021-01-13,10:59:29,00:01:06
stefano.crapanzano@chu.ulg.ac.be,Lecture documentation,Tâches diverses,2021-01-13,11:26:23,00:01:29
stefano.crapanzano@chu.ulg.ac.be,Lecture documentation,Tâches diverses,2021-01-13,11:27:56,00:00:44
stefano.crapanzano@chu.ulg.ac.be,Lecture documentation,Tâches diverses,2021-01-13,11:29:43,00:05:55
stefano.crapanzano@chu.ulg.ac.be,Lecture documentation,Tâches diverses,2021-01-13,11:35:40,00:00:21
stefano.crapanzano@chu.ulg.ac.be,Lecture documentation,Tâches diverses,2021-01-13,11:36:21,00:01:35
stefano.crapanzano@chu.ulg.ac.be,Lecture documentation,Tâches diverses,2021-01-13,11:39:10,00:01:01
stefano.crapanzano@chu.ulg.ac.be,Lecture documentation,Tâches diverses,2021-01-13,11:42:41,00:00:02
stefano.crapanzano@chu.ulg.ac.be,Lecture documentation,Tâches diverses,2021-01-13,11:44:31,00:04:22
stefano.crapanzano@chu.ulg.ac.be,Lecture documentation,Tâches diverses,2021-01-13,11:49:15,00:00:40
stefano.crapanzano@chu.ulg.ac.be,Lecture documentation,Tâches diverses,2021-01-13,11:50:57,00:00:42
stefano.crapanzano@chu.ulg.ac.be,Lecture documentation,Tâches diverses,2021-01-13,11:52:05,00:00:02
stefano.crapanzano@chu.ulg.ac.be,Lecture documentation,Tâches diverses,2021-01-13,11:52:14,00:12:01
stefano.crapanzano@chu.ulg.ac.be,Lecture documentation,Tâches diverses,2021-01-13,12:04:22,00:00:35
stefano.crapanzano@chu.ulg.ac.be,Lecture documentation,Tâches diverses,2021-01-13,12:19:31,00:02:05
stefano.crapanzano@chu.ulg.ac.be,Lecture documentation,Tâches diverses,2021-01-13,12:22:10,00:00:28
stefano.crapanzano@chu.ulg.ac.be,Lecture documentation,Tâches diverses,2021-01-13,12:22:53,00:00:04
stefano.crapanzano@chu.ulg.ac.be,Lecture documentation,Tâches diverses,2021-01-13,12:23:08,00:01:21
stefano.crapanzano@chu.ulg.ac.be,Lecture documentation,Tâches diverses,2021-01-13,12:25:42,00:01:00
stefano.crapanzano@chu.ulg.ac.be,taskeng.exe,IT,2021-01-13,08:37:14,00:00:12
stefano.crapanzano@chu.ulg.ac.be,SVN_LOCAL – CHL_ERP_EXTRACT_CONTRIX.bat [SVN_LOCAL] (Administrator),IT,2021-01-13,08:38:27,00:00:28
stefano.crapanzano@chu.ulg.ac.be,SVN_LOCAL – CHL_ERP_ZI54_MONITORING.pl [SVN_LOCAL] (Administrator),IT,2021-01-13,08:38:56,00:01:21
stefano.crapanzano@chu.ulg.ac.be,SVN_LOCAL – CHL_ERP_ZI54_MONITORING.pl [SVN_LOCAL] (Administrator),IT,2021-01-13,08:40:25,00:00:03
stefano.crapanzano@chu.ulg.ac.be,SVN_LOCAL – CHL_ERP_ZI54_MONITORING.pl [SVN_LOCAL] (Administrator),IT,2021-01-13,09:09:21,00:00:37
stefano.crapanzano@chu.ulg.ac.be,SVN_LOCAL – CHL_ERP_ZI54_MONITORING.pl [SVN_LOCAL] (Administrator),IT,2021-01-13,09:10:08,00:00:51
stefano.crapanzano@chu.ulg.ac.be,SVN_LOCAL – CHL_ERP_ZI54_MONITORING.pl [SVN_LOCAL] (Administrator),IT,2021-01-13,09:11:11,00:00:09
stefano.crapanzano@chu.ulg.ac.be,SVN_LOCAL – CHL_ERP_ZI54_MONITORING.pl [SVN_LOCAL] (Administrator),IT,2021-01-13,09:17:03,00:00:04
stefano.crapanzano@chu.ulg.ac.be,SVN_LOCAL – CHL_ERP_ZI54_MONITORING.pl [SVN_LOCAL] (Administrator),IT,2021-01-13,09:17:33,00:03:38
stefano.crapanzano@chu.ulg.ac.be,SVN_LOCAL – CHL_ERP_ZI54_MONITORING.pl [SVN_LOCAL] (Administrator),IT,2021-01-13,09:41:20,00:00:07
stefano.crapanzano@chu.ulg.ac.be,SVN_LOCAL – CHL_ERP_ZI54_MONITORING.pl [SVN_LOCAL] (Administrator),IT,2021-01-13,09:42:08,00:00:52
stefano.crapanzano@chu.ulg.ac.be,SVN_LOCAL – CHL_ERP_ZI54_MONITORING.pl [SVN_LOCAL] (Administrator),IT,2021-01-13,09:43:08,00:01:46
stefano.crapanzano@chu.ulg.ac.be,SVN_LOCAL – CHL_ERP_ZI54_MONITORING.pl [SVN_LOCAL] (Administrator),IT,2021-01-13,09:45:08,00:00:05
stefano.crapanzano@chu.ulg.ac.be,SVN_LOCAL – CHL_ERP_ZI54_MONITORING.pl [SVN_LOCAL] (Administrator),IT,2021-01-13,09:45:26,00:00:04
stefano.crapanzano@chu.ulg.ac.be,SVN_LOCAL – CHL_ERP_ZI54_MONITORING.pl [SVN_LOCAL] (Administrator),IT,2021-01-13,09:46:00,00:00:02
stefano.crapanzano@chu.ulg.ac.be,SVN_LOCAL – CHL_ERP_ZI54_MONITORING.pl [SVN_LOCAL] (Administrator),IT,2021-01-13,09:46:25,00:00:20
stefano.crapanzano@chu.ulg.ac.be,SVN_LOCAL – CHL_ERP_ZI54_MONITORING.pl [SVN_LOCAL] (Administrator),IT,2021-01-13,09:46:53,00:00:22
stefano.crapanzano@chu.ulg.ac.be,SVN_LOCAL – CHL_ERP_ZI54_MONITORING.pl [SVN_LOCAL] (Administrator),IT,2021-01-13,09:47:22,00:00:19
stefano.crapanzano@chu.ulg.ac.be,SVN_LOCAL – CHL_ERP_ZI54_MONITORING.pl [SVN_LOCAL] (Administrator),IT,2021-01-13,09:47:51,00:00:20
stefano.crapanzano@chu.ulg.ac.be,SVN_LOCAL – CHL_ERP_ZI54_MONITORING.pl [SVN_LOCAL] (Administrator),IT,2021-01-13,09:48:38,00:00:09
stefano.crapanzano@chu.ulg.ac.be,SVN_LOCAL – CHL_ERP_ZI54_MONITORING.pl [SVN_LOCAL] (Administrator),IT,2021-01-13,09:49:05,00:00:11
stefano.crapanzano@chu.ulg.ac.be,SVN_LOCAL – CHL_ERP_ZI54_MONITORING.pl [SVN_LOCAL] (Administrator),IT,2021-01-13,09:51:49,00:05:49
stefano.crapanzano@chu.ulg.ac.be,SVN_LOCAL – CHL_ERP_ZI54_MONITORING.pl [SVN_LOCAL] (Administrator),IT,2021-01-13,09:57:54,00:02:31
stefano.crapanzano@chu.ulg.ac.be,SVN_LOCAL – CHL_ERP_ZI54_MONITORING.pl [SVN_LOCAL] (Administrator),IT,2021-01-13,10:01:34,00:00:03
stefano.crapanzano@chu.ulg.ac.be,SVN_LOCAL – CHL_ERP_ZI54_MONITORING.pl [SVN_LOCAL] (Administrator),IT,2021-01-13,10:02:17,00:00:23
stefano.crapanzano@chu.ulg.ac.be,SVN_LOCAL – CHL_ERP_ZI54_MONITORING.pl [SVN_LOCAL] (Administrator),Helpdesk général,2021-01-13,10:03:11,00:00:18
stefano.crapanzano@chu.ulg.ac.be,SVN_LOCAL – CHL_ERP_ZI54_MONITORING.pl [SVN_LOCAL] (Administrator),IT,2021-01-13,10:03:33,00:00:27
stefano.crapanzano@chu.ulg.ac.be,SVN_LOCAL – CHL_ERP_ZI54_MONITORING.pl [SVN_LOCAL] (Administrator),IT,2021-01-13,10:06:54,00:01:01
stefano.crapanzano@chu.ulg.ac.be,SVN_LOCAL – CHL_ERP_ZI54_MONITORING.pl [SVN_LOCAL] (Administrator),IT,2021-01-13,10:14:17,00:00:50
stefano.crapanzano@chu.ulg.ac.be,SVN_LOCAL – CHL_ERP_ZI54_MONITORING.pl [SVN_LOCAL] (Administrator),IT,2021-01-13,10:15:15,00:00:03
stefano.crapanzano@chu.ulg.ac.be,SVN_LOCAL – CHL_ERP_ZI54_MONITORING.pl [SVN_LOCAL] (Administrator),IT,2021-01-13,10:15:55,00:00:42
stefano.crapanzano@chu.ulg.ac.be,SVN_LOCAL – CHL_ERP_ZI54_MONITORING.pl [SVN_LOCAL] (Administrator),IT,2021-01-13,10:19:27,00:00:03
stefano.crapanzano@chu.ulg.ac.be,Sans titre - Message (HTML),Helpdesk général,2021-01-13,08:42:11,00:00:03
stefano.crapanzano@chu.ulg.ac.be,Sans titre - Message (HTML),Helpdesk général,2021-01-13,08:42:18,00:00:09
stefano.crapanzano@chu.ulg.ac.be,Sans titre - Message (HTML),Helpdesk général,2021-01-13,08:50:43,00:00:02
stefano.crapanzano@chu.ulg.ac.be,Sans titre - Message (HTML),Helpdesk général,2021-01-13,08:51:14,00:02:26
stefano.crapanzano@chu.ulg.ac.be,Sans titre - Message (HTML),Helpdesk général,2021-01-13,08:54:15,00:02:23
stefano.crapanzano@chu.ulg.ac.be,Sans titre - Message (HTML),Helpdesk général,2021-01-13,08:56:42,00:00:02
stefano.crapanzano@chu.ulg.ac.be,Sans titre - Message (HTML),Helpdesk général,2021-01-13,08:56:48,00:00:09
stefano.crapanzano@chu.ulg.ac.be,Sans titre - Message (HTML),Helpdesk général,2021-01-13,10:37:54,00:00:18
stefano.crapanzano@chu.ulg.ac.be,SDERP-17361 - P203 CHU Document de commande d'achat non visible à partir de SSP - Message (HTML),Helpdesk général,2021-01-13,08:42:28,00:00:11
stefano.crapanzano@chu.ulg.ac.be,SDERP-17361 - P203 CHU Document de commande d'achat non visible à partir de SSP - Message (HTML),Helpdesk général,2021-01-13,08:43:12,00:00:19
stefano.crapanzano@chu.ulg.ac.be,SDERP-17361 - P203 CHU Document de commande d'achat non visible à partir de SSP - Message (HTML),Helpdesk général,2021-01-13,08:43:55,00:01:52
stefano.crapanzano@chu.ulg.ac.be,SDERP-17361 - P203 CHU Document de commande d'achat non visible à partir de SSP - Message (HTML),Helpdesk général,2021-01-13,08:46:14,00:00:25
stefano.crapanzano@chu.ulg.ac.be,SDERP-17361 - P203 CHU Document de commande d'achat non visible à partir de SSP - Message (HTML),Helpdesk général,2021-01-13,08:47:04,00:01:39
stefano.crapanzano@chu.ulg.ac.be,Greenshot capture form,Helpdesk général,2021-01-13,08:43:05,00:00:05
stefano.crapanzano@chu.ulg.ac.be,Greenshot capture form,Helpdesk général,2021-01-13,08:43:46,00:00:06
stefano.crapanzano@chu.ulg.ac.be,Greenshot capture form,Helpdesk général,2021-01-13,08:45:56,00:00:08
stefano.crapanzano@chu.ulg.ac.be,Greenshot capture form,Helpdesk général,2021-01-13,08:46:46,00:00:08
stefano.crapanzano@chu.ulg.ac.be,Greenshot capture form,Helpdesk général,2021-01-13,08:50:31,00:00:08
stefano.crapanzano@chu.ulg.ac.be,Greenshot capture form,Helpdesk général,2021-01-13,08:57:31,00:00:05
stefano.crapanzano@chu.ulg.ac.be,Greenshot capture form,Helpdesk général,2021-01-13,10:40:26,00:00:10
stefano.crapanzano@chu.ulg.ac.be,Navigation système de fichier,IT,2021-01-13,09:01:03,00:00:03
stefano.crapanzano@chu.ulg.ac.be,Navigation système de fichier,IT,2021-01-13,09:11:00,00:00:11
stefano.crapanzano@chu.ulg.ac.be,Navigation système de fichier,IT,2021-01-13,09:11:37,00:00:11
stefano.crapanzano@chu.ulg.ac.be,Navigation système de fichier,IT,2021-01-13,09:13:43,00:00:03
stefano.crapanzano@chu.ulg.ac.be,Navigation système de fichier,IT,2021-01-13,09:14:09,00:00:15
stefano.crapanzano@chu.ulg.ac.be,Navigation système de fichier,IT,2021-01-13,09:14:53,00:00:39
stefano.crapanzano@chu.ulg.ac.be,Navigation système de fichier,IT,2021-01-13,09:21:11,00:08:30
stefano.crapanzano@chu.ulg.ac.be,Navigation système de fichier,IT,2021-01-13,09:39:01,00:00:03
stefano.crapanzano@chu.ulg.ac.be,Navigation système de fichier,IT,2021-01-13,09:40:45,00:00:02
stefano.crapanzano@chu.ulg.ac.be,Navigation système de fichier,IT,2021-01-13,09:41:01,00:00:16
stefano.crapanzano@chu.ulg.ac.be,Navigation système de fichier,IT,2021-01-13,09:41:27,00:00:40
stefano.crapanzano@chu.ulg.ac.be,Navigation système de fichier,IT,2021-01-13,09:43:00,00:00:07
stefano.crapanzano@chu.ulg.ac.be,Navigation système de fichier,IT,2021-01-13,09:44:55,00:00:13
stefano.crapanzano@chu.ulg.ac.be,Navigation système de fichier,IT,2021-01-13,09:45:14,00:00:05
stefano.crapanzano@chu.ulg.ac.be,Navigation système de fichier,IT,2021-01-13,09:45:30,00:00:10
stefano.crapanzano@chu.ulg.ac.be,Navigation système de fichier,IT,2021-01-13,09:45:55,00:00:05
stefano.crapanzano@chu.ulg.ac.be,Navigation système de fichier,IT,2021-01-13,09:46:03,00:00:13
stefano.crapanzano@chu.ulg.ac.be,Navigation système de fichier,IT,2021-01-13,09:47:41,00:00:10
stefano.crapanzano@chu.ulg.ac.be,Navigation système de fichier,IT,2021-01-13,09:48:12,00:00:14
stefano.crapanzano@chu.ulg.ac.be,Navigation système de fichier,IT,2021-01-13,09:48:35,00:00:02
stefano.crapanzano@chu.ulg.ac.be,Navigation système de fichier,IT,2021-01-13,09:48:47,00:00:17
stefano.crapanzano@chu.ulg.ac.be,Navigation système de fichier,IT,2021-01-13,09:49:17,00:00:17
stefano.crapanzano@chu.ulg.ac.be,Navigation système de fichier,IT,2021-01-13,09:50:15,00:00:07
stefano.crapanzano@chu.ulg.ac.be,Navigation système de fichier,IT,2021-01-13,09:50:25,00:00:07
stefano.crapanzano@chu.ulg.ac.be,Navigation système de fichier,IT,2021-01-13,09:50:34,00:00:16
stefano.crapanzano@chu.ulg.ac.be,Navigation système de fichier,IT,2021-01-13,09:51:00,00:00:03
stefano.crapanzano@chu.ulg.ac.be,Navigation système de fichier,IT,2021-01-13,09:51:14,00:00:35
stefano.crapanzano@chu.ulg.ac.be,Navigation système de fichier,IT,2021-01-13,10:00:25,00:00:36
stefano.crapanzano@chu.ulg.ac.be,Navigation système de fichier,IT,2021-01-13,10:01:03,00:00:22
stefano.crapanzano@chu.ulg.ac.be,Navigation système de fichier,IT,2021-01-13,10:01:32,00:00:02
stefano.crapanzano@chu.ulg.ac.be,Navigation système de fichier,IT,2021-01-13,10:01:38,00:00:22
stefano.crapanzano@chu.ulg.ac.be,Navigation système de fichier,IT,2021-01-13,10:02:50,00:00:02
stefano.crapanzano@chu.ulg.ac.be,Navigation système de fichier,IT,2021-01-13,10:04:01,00:00:42
stefano.crapanzano@chu.ulg.ac.be,Navigation système de fichier,IT,2021-01-13,10:04:52,00:00:59
stefano.crapanzano@chu.ulg.ac.be,Navigation système de fichier,IT,2021-01-13,10:08:44,00:00:15
stefano.crapanzano@chu.ulg.ac.be,Navigation système de fichier,IT,2021-01-13,10:09:05,00:00:04
stefano.crapanzano@chu.ulg.ac.be,Navigation système de fichier,IT,2021-01-13,10:09:12,00:00:08
stefano.crapanzano@chu.ulg.ac.be,Navigation système de fichier,IT,2021-01-13,10:09:23,00:00:07
stefano.crapanzano@chu.ulg.ac.be,Navigation système de fichier,IT,2021-01-13,10:10:30,00:00:03
stefano.crapanzano@chu.ulg.ac.be,Navigation système de fichier,IT,2021-01-13,10:11:54,00:00:13
stefano.crapanzano@chu.ulg.ac.be,Navigation système de fichier,IT,2021-01-13,10:12:46,00:00:02
stefano.crapanzano@chu.ulg.ac.be,Navigation système de fichier,IT,2021-01-13,10:15:19,00:00:23
stefano.crapanzano@chu.ulg.ac.be,Navigation système de fichier,IT,2021-01-13,10:17:21,00:00:05
stefano.crapanzano@chu.ulg.ac.be,Navigation système de fichier,IT,2021-01-13,10:20:11,00:00:02
stefano.crapanzano@chu.ulg.ac.be,Navigation système de fichier,IT,2021-01-13,10:20:57,00:00:06
stefano.crapanzano@chu.ulg.ac.be,Navigation système de fichier,IT,2021-01-13,10:23:49,00:00:02
stefano.crapanzano@chu.ulg.ac.be,Navigation système de fichier,IT,2021-01-13,10:24:30,00:00:24
stefano.crapanzano@chu.ulg.ac.be,Navigation système de fichier,IT,2021-01-13,10:25:10,00:00:21
stefano.crapanzano@chu.ulg.ac.be,Navigation système de fichier,IT,2021-01-13,10:28:17,00:00:09
stefano.crapanzano@chu.ulg.ac.be,Navigation système de fichier,IT,2021-01-13,10:28:27,00:00:17
stefano.crapanzano@chu.ulg.ac.be,Navigation système de fichier,IT,2021-01-13,10:30:21,00:00:22
stefano.crapanzano@chu.ulg.ac.be,Navigation système de fichier,IT,2021-01-13,10:39:28,00:00:05
stefano.crapanzano@chu.ulg.ac.be,Navigation système de fichier,IT,2021-01-13,10:41:07,00:00:02
stefano.crapanzano@chu.ulg.ac.be,Navigation système de fichier,IT,2021-01-13,10:43:14,00:00:03
stefano.crapanzano@chu.ulg.ac.be,Navigation système de fichier,IT,2021-01-13,10:58:08,00:00:12
stefano.crapanzano@chu.ulg.ac.be,Navigation système de fichier,IT,2021-01-13,11:00:35,00:00:04
stefano.crapanzano@chu.ulg.ac.be,Navigation système de fichier,IT,2021-01-13,11:01:56,00:00:02
stefano.crapanzano@chu.ulg.ac.be,Navigation système de fichier,IT,2021-01-13,11:01:59,00:00:17
stefano.crapanzano@chu.ulg.ac.be,Navigation système de fichier,IT,2021-01-13,11:03:52,00:00:04
stefano.crapanzano@chu.ulg.ac.be,Navigation système de fichier,IT,2021-01-13,11:04:08,00:00:34
stefano.crapanzano@chu.ulg.ac.be,Navigation système de fichier,IT,2021-01-13,11:04:50,00:00:22
stefano.crapanzano@chu.ulg.ac.be,Navigation système de fichier,IT,2021-01-13,11:05:21,00:00:08
stefano.crapanzano@chu.ulg.ac.be,Navigation système de fichier,IT,2021-01-13,11:07:05,00:00:08
stefano.crapanzano@chu.ulg.ac.be,Navigation système de fichier,IT,2021-01-13,11:07:33,00:00:02
stefano.crapanzano@chu.ulg.ac.be,Navigation système de fichier,IT,2021-01-13,11:07:39,00:00:03
stefano.crapanzano@chu.ulg.ac.be,Navigation système de fichier,IT,2021-01-13,11:09:02,00:00:03
stefano.crapanzano@chu.ulg.ac.be,Navigation système de fichier,IT,2021-01-13,11:09:26,00:00:16
stefano.crapanzano@chu.ulg.ac.be,Navigation système de fichier,IT,2021-01-13,11:10:04,00:00:04
stefano.crapanzano@chu.ulg.ac.be,Navigation système de fichier,IT,2021-01-13,11:10:34,00:00:17
stefano.crapanzano@chu.ulg.ac.be,Navigation système de fichier,IT,2021-01-13,11:11:25,00:00:07
stefano.crapanzano@chu.ulg.ac.be,Navigation système de fichier,IT,2021-01-13,11:12:04,00:00:03
stefano.crapanzano@chu.ulg.ac.be,Navigation système de fichier,IT,2021-01-13,11:12:19,00:00:10
stefano.crapanzano@chu.ulg.ac.be,Navigation système de fichier,IT,2021-01-13,11:12:34,00:00:03
stefano.crapanzano@chu.ulg.ac.be,Navigation système de fichier,IT,2021-01-13,11:12:48,00:00:12
stefano.crapanzano@chu.ulg.ac.be,Navigation système de fichier,IT,2021-01-13,11:13:10,00:00:04
stefano.crapanzano@chu.ulg.ac.be,Navigation système de fichier,IT,2021-01-13,11:13:21,00:00:03
stefano.crapanzano@chu.ulg.ac.be,Navigation système de fichier,IT,2021-01-13,11:14:22,00:00:07
stefano.crapanzano@chu.ulg.ac.be,Navigation système de fichier,IT,2021-01-13,11:14:47,00:00:02
stefano.crapanzano@chu.ulg.ac.be,Navigation système de fichier,IT,2021-01-13,11:15:55,00:00:32
stefano.crapanzano@chu.ulg.ac.be,Navigation système de fichier,IT,2021-01-13,11:18:23,00:00:02
stefano.crapanzano@chu.ulg.ac.be,Navigation système de fichier,IT,2021-01-13,11:18:49,00:00:02
stefano.crapanzano@chu.ulg.ac.be,Navigation système de fichier,IT,2021-01-13,11:18:58,00:00:03
stefano.crapanzano@chu.ulg.ac.be,Navigation système de fichier,IT,2021-01-13,11:20:58,00:00:02
stefano.crapanzano@chu.ulg.ac.be,Navigation système de fichier,IT,2021-01-13,11:21:10,00:00:02
stefano.crapanzano@chu.ulg.ac.be,Navigation système de fichier,IT,2021-01-13,11:23:03,00:00:06
stefano.crapanzano@chu.ulg.ac.be,Navigation système de fichier,IT,2021-01-13,11:23:22,00:00:02
stefano.crapanzano@chu.ulg.ac.be,Navigation système de fichier,IT,2021-01-13,11:24:13,00:00:22
stefano.crapanzano@chu.ulg.ac.be,Navigation système de fichier,IT,2021-01-13,11:26:11,00:00:10
stefano.crapanzano@chu.ulg.ac.be,Navigation système de fichier,IT,2021-01-13,11:28:40,00:01:02
stefano.crapanzano@chu.ulg.ac.be,Navigation système de fichier,IT,2021-01-13,11:35:38,00:00:02
stefano.crapanzano@chu.ulg.ac.be,Navigation système de fichier,IT,2021-01-13,11:37:59,00:00:12
stefano.crapanzano@chu.ulg.ac.be,Navigation système de fichier,IT,2021-01-13,11:43:35,00:00:19
stefano.crapanzano@chu.ulg.ac.be,Navigation système de fichier,IT,2021-01-13,11:43:57,00:00:34
stefano.crapanzano@chu.ulg.ac.be,Navigation système de fichier,IT,2021-01-13,11:49:55,00:00:07
stefano.crapanzano@chu.ulg.ac.be,Navigation système de fichier,IT,2021-01-13,11:50:19,00:00:22
stefano.crapanzano@chu.ulg.ac.be,Navigation système de fichier,IT,2021-01-13,11:51:40,00:00:24
stefano.crapanzano@chu.ulg.ac.be,Navigation système de fichier,IT,2021-01-13,11:52:07,00:00:06
stefano.crapanzano@chu.ulg.ac.be,Navigation système de fichier,IT,2021-01-13,12:22:04,00:00:03
stefano.crapanzano@chu.ulg.ac.be,Navigation système de fichier,IT,2021-01-13,12:22:39,00:00:12
stefano.crapanzano@chu.ulg.ac.be,Navigation système de fichier,IT,2021-01-13,12:24:48,00:00:12
stefano.crapanzano@chu.ulg.ac.be,Navigation système de fichier,IT,2021-01-13,12:25:04,00:00:06
stefano.crapanzano@chu.ulg.ac.be,Navigation système de fichier,IT,2021-01-13,12:26:42,00:00:02
stefano.crapanzano@chu.ulg.ac.be,Navigation système de fichier,IT,2021-01-13,12:27:45,00:00:04
stefano.crapanzano@chu.ulg.ac.be,Navigation système de fichier,IT,2021-01-13,12:28:10,00:00:05
stefano.crapanzano@chu.ulg.ac.be,Navigation système de fichier,IT,2021-01-13,12:28:23,00:00:02
stefano.crapanzano@chu.ulg.ac.be,Navigation système de fichier,IT,2021-01-13,12:29:03,00:00:02
stefano.crapanzano@chu.ulg.ac.be,Greenshot Éditeur d'Image,Helpdesk général,2021-01-13,08:46:06,00:00:08
stefano.crapanzano@chu.ulg.ac.be,Greenshot Éditeur d'Image,Helpdesk général,2021-01-13,08:46:56,00:00:08
stefano.crapanzano@chu.ulg.ac.be,Sent - erp.sai@chuliege.be - Outlook,Helpdesk général,2021-01-13,08:53:47,00:00:26
stefano.crapanzano@chu.ulg.ac.be,Sent - erp.sai@chuliege.be - Outlook,Helpdesk général,2021-01-13,09:08:45,00:00:36
stefano.crapanzano@chu.ulg.ac.be,Sent - erp.sai@chuliege.be - Outlook,Helpdesk général,2021-01-13,09:12:27,00:00:38
stefano.crapanzano@chu.ulg.ac.be,Sent - erp.sai@chuliege.be - Outlook,Helpdesk général,2021-01-13,09:40:54,00:00:02
stefano.crapanzano@chu.ulg.ac.be,Sent - erp.sai@chuliege.be - Outlook,Helpdesk général,2021-01-13,10:44:52,00:00:14
stefano.crapanzano@chu.ulg.ac.be,Sent - erp.sai@chuliege.be - Outlook,Helpdesk général,2021-01-13,10:47:16,00:00:16
stefano.crapanzano@chu.ulg.ac.be,Sent - erp.sai@chuliege.be - Outlook,Helpdesk général,2021-01-13,10:59:16,00:00:11
stefano.crapanzano@chu.ulg.ac.be,Sent - erp.sai@chuliege.be - Outlook,Helpdesk général,2021-01-13,11:00:40,00:00:02
stefano.crapanzano@chu.ulg.ac.be,Sent - erp.sai@chuliege.be - Outlook,Helpdesk général,2021-01-13,11:23:17,00:00:05
stefano.crapanzano@chu.ulg.ac.be,Sent - erp.sai@chuliege.be - Outlook,Helpdesk général,2021-01-13,11:23:30,00:00:04
stefano.crapanzano@chu.ulg.ac.be,Sent - erp.sai@chuliege.be - Outlook,Helpdesk général,2021-01-13,11:23:54,00:00:10
stefano.crapanzano@chu.ulg.ac.be,Sent - erp.sai@chuliege.be - Outlook,Helpdesk général,2021-01-13,11:24:57,00:00:02
stefano.crapanzano@chu.ulg.ac.be,Sent - erp.sai@chuliege.be - Outlook,Helpdesk général,2021-01-13,11:40:13,00:02:28
stefano.crapanzano@chu.ulg.ac.be,Sent - erp.sai@chuliege.be - Outlook,Helpdesk général,2021-01-13,11:43:04,00:00:04
stefano.crapanzano@chu.ulg.ac.be,Sent - erp.sai@chuliege.be - Outlook,Helpdesk général,2021-01-13,11:43:24,00:00:08
stefano.crapanzano@chu.ulg.ac.be,Sent - erp.sai@chuliege.be - Outlook,Helpdesk général,2021-01-13,11:48:56,00:00:18
stefano.crapanzano@chu.ulg.ac.be,Sent - erp.sai@chuliege.be - Outlook,Helpdesk général,2021-01-13,11:50:42,00:00:03
stefano.crapanzano@chu.ulg.ac.be,Sent - erp.sai@chuliege.be - Outlook,Helpdesk général,2021-01-13,12:19:07,00:00:24
stefano.crapanzano@chu.ulg.ac.be,Sent - erp.sai@chuliege.be - Outlook,Helpdesk général,2021-01-13,12:21:37,00:00:08
stefano.crapanzano@chu.ulg.ac.be,Sent - erp.sai@chuliege.be - Outlook,Helpdesk général,2021-01-13,12:21:48,00:00:02
stefano.crapanzano@chu.ulg.ac.be,Sent - erp.sai@chuliege.be - Outlook,Helpdesk général,2021-01-13,12:24:33,00:00:15
stefano.crapanzano@chu.ulg.ac.be,SDERP-17100 - ZMMARTIKEL non sélectionnable dans Y_DVX_30000225 - Message (HTML),Helpdesk général,2021-01-13,08:56:58,00:00:15
stefano.crapanzano@chu.ulg.ac.be,SDERP-17100 - ZMMARTIKEL non sélectionnable dans Y_DVX_30000225 - Message (HTML),Helpdesk général,2021-01-13,08:57:38,00:03:23
stefano.crapanzano@chu.ulg.ac.be,SDERP-17100 - ZMMARTIKEL non sélectionnable dans Y_DVX_30000225 - Message (HTML),Helpdesk général,2021-01-13,09:01:40,00:01:28
stefano.crapanzano@chu.ulg.ac.be,SDERP-17100 - ZMMARTIKEL non sélectionnable dans Y_DVX_30000225 - Message (HTML),Helpdesk général,2021-01-13,09:06:51,00:00:09
stefano.crapanzano@chu.ulg.ac.be,SDERP-17100 - ZMMARTIKEL non sélectionnable dans Y_DVX_30000225 - Message (HTML),Helpdesk général,2021-01-13,09:07:44,00:00:05
stefano.crapanzano@chu.ulg.ac.be,SDERP-17100 - ZMMARTIKEL non sélectionnable dans Y_DVX_30000225 - Message (HTML),Helpdesk général,2021-01-13,09:07:56,00:00:17
stefano.crapanzano@chu.ulg.ac.be,SAP Logon 750,Exploration SAP,2021-01-13,09:01:06,00:00:20
stefano.crapanzano@chu.ulg.ac.be,SAP Logon 750,Exploration SAP,2021-01-13,09:45:45,00:00:04
stefano.crapanzano@chu.ulg.ac.be,SAP Easy Access Menu de base Applications financières-économiques,Exploration SAP,2021-01-13,09:01:26,00:00:09
stefano.crapanzano@chu.ulg.ac.be,PROESMANS Christelle,Helpdesk général,2021-01-13,09:08:26,00:00:15
stefano.crapanzano@chu.ulg.ac.be,SVN_LOCAL – CHL_ERP_ZI54_MONITORING.bat [SVN_LOCAL] (Administrator),IT,2021-01-13,09:11:20,00:00:16
stefano.crapanzano@chu.ulg.ac.be,SVN_LOCAL – CHL_ERP_ZI54_MONITORING.bat [SVN_LOCAL] (Administrator),IT,2021-01-13,09:11:48,00:00:04
stefano.crapanzano@chu.ulg.ac.be,SVN_LOCAL – CHL_ERP_ZI54_MONITORING.bat [SVN_LOCAL] (Administrator),IT,2021-01-13,09:13:06,00:00:09
stefano.crapanzano@chu.ulg.ac.be,SVN_LOCAL – CHL_ERP_ZI54_MONITORING.bat [SVN_LOCAL] (Administrator),IT,2021-01-13,09:13:46,00:00:03
stefano.crapanzano@chu.ulg.ac.be,SVN_LOCAL – CHL_ERP_ZI54_MONITORING.bat [SVN_LOCAL] (Administrator),IT,2021-01-13,09:15:33,00:00:03
stefano.crapanzano@chu.ulg.ac.be,SVN_LOCAL – CHL_ERP_ZI54_MONITORING.bat [SVN_LOCAL] (Administrator),IT,2021-01-13,09:17:01,00:00:02
stefano.crapanzano@chu.ulg.ac.be,SVN_LOCAL – CHL_ERP_ZI54_MONITORING.bat [SVN_LOCAL] (Administrator),IT,2021-01-13,09:17:10,00:00:22
stefano.crapanzano@chu.ulg.ac.be,SVN_LOCAL – CHL_ERP_ZI54_MONITORING.bat [SVN_LOCAL] (Administrator),IT,2021-01-13,10:02:12,00:00:04
stefano.crapanzano@chu.ulg.ac.be,SVN_LOCAL – CHL_ERP_ZI54_MONITORING.bat [SVN_LOCAL] (Administrator),IT,2021-01-13,10:05:51,00:01:02
stefano.crapanzano@chu.ulg.ac.be,SVN_LOCAL – CHL_ERP_ZI54_MONITORING.bat [SVN_LOCAL] (Administrator),IT,2021-01-13,10:16:37,00:00:06
stefano.crapanzano@chu.ulg.ac.be,SVN_LOCAL – CHL_ERP_ZI54_MONITORING.bat [SVN_LOCAL] (Administrator),IT,2021-01-13,10:19:23,00:00:03
stefano.crapanzano@chu.ulg.ac.be,SVN_LOCAL – CHL_ERP_ZI54_MONITORING.bat [SVN_LOCAL] (Administrator),IT,2021-01-13,10:19:30,00:00:07
stefano.crapanzano@chu.ulg.ac.be,SVN_LOCAL – CHL_ERP_ZI54_MONITORING.bat [SVN_LOCAL] (Administrator),IT,2021-01-13,10:26:49,00:00:08
stefano.crapanzano@chu.ulg.ac.be,SVN_LOCAL – CHL_ERP_ZI54_MONITORING.bat [SVN_LOCAL] (Administrator),IT,2021-01-13,11:04:42,00:00:07
stefano.crapanzano@chu.ulg.ac.be,SVN_LOCAL – CHL_ERP_ZI54_MONITORING.bat [SVN_LOCAL] (Administrator),IT,2021-01-13,11:06:22,00:00:03
stefano.crapanzano@chu.ulg.ac.be,MONITORING_ZI54_SAP.xltm - Excel,Tâches diverses,2021-01-13,09:14:24,00:00:03
stefano.crapanzano@chu.ulg.ac.be,MONITORING_ZI54_SAP.xltm - Excel,Tâches diverses,2021-01-13,09:14:50,00:00:03
stefano.crapanzano@chu.ulg.ac.be,MONITORING_ZI54_SAP.xltm - Excel,Tâches diverses,2021-01-13,10:12:08,00:00:03
stefano.crapanzano@chu.ulg.ac.be,Microsoft Visual Basic pour Applications - MONITORING_ZI54_SAP.xltm - [Module1 (Code)],Tâches diverses,2021-01-13,09:14:28,00:00:02
stefano.crapanzano@chu.ulg.ac.be,Microsoft Visual Basic pour Applications - MONITORING_ZI54_SAP.xltm - [Module1 (Code)],Tâches diverses,2021-01-13,09:14:35,00:00:04
stefano.crapanzano@chu.ulg.ac.be,Microsoft Visual Basic pour Applications - MONITORING_ZI54_SAP.xltm - [Module1 (Code)],Tâches diverses,2021-01-13,09:14:41,00:00:08
stefano.crapanzano@chu.ulg.ac.be,Microsoft Visual Basic pour Applications - MONITORING_ZI54_SAP.xltm - [Module1 (Code)],Tâches diverses,2021-01-13,10:12:12,00:00:02
stefano.crapanzano@chu.ulg.ac.be,Microsoft Visual Basic pour Applications - MONITORING_ZI54_SAP.xltm - [Module1 (Code)],Tâches diverses,2021-01-13,10:12:19,00:00:12
stefano.crapanzano@chu.ulg.ac.be,Rechercher,Tâches diverses,2021-01-13,09:14:30,00:00:04
stefano.crapanzano@chu.ulg.ac.be,Rechercher,Tâches diverses,2021-01-13,10:12:14,00:00:04
stefano.crapanzano@chu.ulg.ac.be,Rechercher,Tâches diverses,2021-01-13,10:12:31,00:00:12
stefano.crapanzano@chu.ulg.ac.be,Rechercher,IT,2021-01-13,12:27:00,00:00:06
stefano.crapanzano@chu.ulg.ac.be,ClasseurTest.xlsx  [Partagé] - Excel,Tâches diverses,2021-01-13,09:29:43,00:00:49
stefano.crapanzano@chu.ulg.ac.be,ClasseurTest.xlsx  [Partagé] - Excel,Tâches diverses,2021-01-13,09:31:55,00:00:34
stefano.crapanzano@chu.ulg.ac.be,ClasseurTest.xlsx  [Partagé] - Excel,Tâches diverses,2021-01-13,09:32:34,00:02:22
stefano.crapanzano@chu.ulg.ac.be,ClasseurTest.xlsx  [Partagé] - Excel,Tâches diverses,2021-01-13,09:35:00,00:01:53
stefano.crapanzano@chu.ulg.ac.be,ClasseurTest.xlsx  [Partagé] - Excel,Tâches diverses,2021-01-13,09:36:58,00:00:06
stefano.crapanzano@chu.ulg.ac.be,ClasseurTest.xlsx  [Partagé] - Excel,Tâches diverses,2021-01-13,09:37:09,00:00:08
stefano.crapanzano@chu.ulg.ac.be,ClasseurTest.xlsx  [Partagé] - Excel,Tâches diverses,2021-01-13,09:38:30,00:00:29
stefano.crapanzano@chu.ulg.ac.be,Microsoft Excel,Tâches diverses,2021-01-13,09:30:32,00:01:22
stefano.crapanzano@chu.ulg.ac.be,Microsoft Excel,Tâches diverses,2021-01-13,09:34:57,00:00:02
stefano.crapanzano@chu.ulg.ac.be,Microsoft Excel,Tâches diverses,2021-01-13,09:36:53,00:00:04
stefano.crapanzano@chu.ulg.ac.be,Microsoft Excel,Tâches diverses,2021-01-13,11:04:02,00:00:02
stefano.crapanzano@chu.ulg.ac.be,Microsoft Excel,Tâches diverses,2021-01-13,11:50:51,00:00:02
stefano.crapanzano@chu.ulg.ac.be,Protection lors du partage,Tâches diverses,2021-01-13,09:37:04,00:00:04
stefano.crapanzano@chu.ulg.ac.be,Options de partage du fichier,Tâches diverses,2021-01-13,09:37:18,00:01:12
stefano.crapanzano@chu.ulg.ac.be,I:\Informatique\ERP\Exploitation\SURVEILLANCE\ZI54\zi54_2021_01_13_08_00_00.csv - Notepad++ [Administrator],IT,2021-01-13,09:45:20,00:00:03
stefano.crapanzano@chu.ulg.ac.be,I:\Informatique\ERP\Exploitation\SURVEILLANCE\ZI54\zi54_2021_01_13_08_00_00.csv - Notepad++ [Administrator],IT,2021-01-13,09:51:09,00:00:02
stefano.crapanzano@chu.ulg.ac.be,I:\Informatique\ERP\Exploitation\SURVEILLANCE\ZI54\zi54_2021_01_13_08_00_00.csv - Notepad++ [Administrator],IT,2021-01-13,10:01:25,00:00:02
stefano.crapanzano@chu.ulg.ac.be,Paramètres généraux spécifiques à l'institution,Exploration SAP,2021-01-13,09:45:42,00:00:03
stefano.crapanzano@chu.ulg.ac.be,I:\Informatique\ERP\Exploitation\SURVEILLANCE\ZI54\zi54_2021_01_11_14_00_00.csv - Notepad++ [Administrator],IT,2021-01-13,09:45:51,00:00:02
stefano.crapanzano@chu.ulg.ac.be,I:\Informatique\ERP\Exploitation\SURVEILLANCE\ZI54\zi54_2021_01_11_14_00_00.csv - Notepad++ [Administrator],IT,2021-01-13,09:50:57,00:00:02
stefano.crapanzano@chu.ulg.ac.be,Programmation,IT,2021-01-13,09:48:27,00:00:08
stefano.crapanzano@chu.ulg.ac.be,Programmation,IT,2021-01-13,09:50:23,00:00:02
stefano.crapanzano@chu.ulg.ac.be,Programmation,IT,2021-01-13,10:04:44,00:00:07
stefano.crapanzano@chu.ulg.ac.be,Programmation,IT,2021-01-13,10:39:33,00:00:52
stefano.crapanzano@chu.ulg.ac.be,Programmation,IT,2021-01-13,12:22:51,00:00:02
stefano.crapanzano@chu.ulg.ac.be,Programmation,IT,2021-01-13,12:22:58,00:00:10
stefano.crapanzano@chu.ulg.ac.be,I:\Informatique\ERP\Exploitation\SURVEILLANCE\ZI54\zi54_2021_01_13_08_00_00.csv.diff - Notepad++ [Administrator],IT,2021-01-13,09:50:51,00:00:06
stefano.crapanzano@chu.ulg.ac.be,I:\Informatique\ERP\Exploitation\SURVEILLANCE\ZI54\zi54_2021_01_13_08_00_00.csv.diff - Notepad++ [Administrator],IT,2021-01-13,09:51:04,00:00:05
stefano.crapanzano@chu.ulg.ac.be,*new 4 - Notepad++ [Administrator],IT,2021-01-13,09:51:12,00:00:02
stefano.crapanzano@chu.ulg.ac.be,[ CHL_ERP_ZI54_MONITORING ] Paramètres dans ZI54 modifiés - Message (HTML),Helpdesk général,2021-01-13,10:02:00,00:00:12
stefano.crapanzano@chu.ulg.ac.be,[ CHL_ERP_ZI54_MONITORING ] Paramètres dans ZI54 modifiés - Message (HTML),Helpdesk général,2021-01-13,10:17:18,00:00:02
stefano.crapanzano@chu.ulg.ac.be,Commit Changes,IT,2021-01-13,10:07:55,00:00:48
stefano.crapanzano@chu.ulg.ac.be,Update Finished!,IT,2021-01-13,10:08:59,00:00:04
stefano.crapanzano@chu.ulg.ac.be,Update Finished!,IT,2021-01-13,10:09:21,00:00:02
stefano.crapanzano@chu.ulg.ac.be,Netop Invité,Helpdesk général,2021-01-13,10:09:31,00:00:04
stefano.crapanzano@chu.ulg.ac.be,Connexion à l'aide de l'authentification Windows,Helpdesk général,2021-01-13,10:09:37,00:00:03
stefano.crapanzano@chu.ulg.ac.be,erpftp - Netop Remote Control,Helpdesk général,2021-01-13,10:09:42,00:00:47
stefano.crapanzano@chu.ulg.ac.be,erpftp - Netop Remote Control,Helpdesk général,2021-01-13,10:10:33,00:00:14
stefano.crapanzano@chu.ulg.ac.be,erpftp - Netop Remote Control,Helpdesk général,2021-01-13,10:12:49,00:01:04
stefano.crapanzano@chu.ulg.ac.be,erpftp - Netop Remote Control,Helpdesk général,2021-01-13,10:14:07,00:00:10
stefano.crapanzano@chu.ulg.ac.be,erpftp - Netop Remote Control,Helpdesk général,2021-01-13,10:15:09,00:00:06
stefano.crapanzano@chu.ulg.ac.be,erpftp - Netop Remote Control,Helpdesk général,2021-01-13,10:15:48,00:00:07
stefano.crapanzano@chu.ulg.ac.be,erpftp - Netop Remote Control,Helpdesk général,2021-01-13,10:16:56,00:00:21
stefano.crapanzano@chu.ulg.ac.be,erpftp - Netop Remote Control,Helpdesk général,2021-01-13,10:17:27,00:01:56
stefano.crapanzano@chu.ulg.ac.be,erpftp - Netop Remote Control,Helpdesk général,2021-01-13,10:19:39,00:00:18
stefano.crapanzano@chu.ulg.ac.be,erpftp - Netop Remote Control,Helpdesk général,2021-01-13,10:20:13,00:00:12
stefano.crapanzano@chu.ulg.ac.be,erpftp - Netop Remote Control,Helpdesk général,2021-01-13,10:21:03,00:02:45
stefano.crapanzano@chu.ulg.ac.be,erpftp - Netop Remote Control,Helpdesk général,2021-01-13,10:23:57,00:00:13
stefano.crapanzano@chu.ulg.ac.be,erpftp - Netop Remote Control,Helpdesk général,2021-01-13,10:43:17,00:00:15
stefano.crapanzano@chu.ulg.ac.be,\\filesrv01.st.chulg\oazis_prod\APPL_PROD\SOURCES\PERL\ERP\CHL_ERP_ZI54_MONITORING.pl - Notepad++ [Administrator],IT,2021-01-13,10:20:02,00:00:02
stefano.crapanzano@chu.ulg.ac.be,*\\filesrv01.st.chulg\oazis_prod\APPL_PROD\SOURCES\PERL\ERP\CHL_ERP_ZI54_MONITORING.pl - Notepad++ [Administrator],IT,2021-01-13,10:19:58,00:00:03
stefano.crapanzano@chu.ulg.ac.be,Ouvrir,IT,2021-01-13,10:16:43,00:00:07
stefano.crapanzano@chu.ulg.ac.be,Ouvrir,IT,2021-01-13,11:09:44,00:00:14
stefano.crapanzano@chu.ulg.ac.be,\\filesrv01.st.chulg\oazis_prod\APPL_PROD\SOURCES\BAT\ERP\CHL_ERP_ZI54_MONITORING.bat - Notepad++ [Administrator],IT,2021-01-13,10:16:50,00:00:02
stefano.crapanzano@chu.ulg.ac.be,\\filesrv01.st.chulg\oazis_prod\APPL_PROD\SOURCES\BAT\ERP\CHL_ERP_ZI54_MONITORING.bat - Notepad++ [Administrator],IT,2021-01-13,10:20:04,00:00:03
stefano.crapanzano@chu.ulg.ac.be,\\filesrv01.st.chulg\oazis_prod\APPL_PROD\SOURCES\BAT\ERP\CHL_ERP_ZI54_MONITORING.bat - Notepad++ [Administrator],IT,2021-01-13,10:20:09,00:00:02
stefano.crapanzano@chu.ulg.ac.be,\\si-s-serv333\erpwiki\apps\dokuwiki\htdocs\data\pages\taches_planifiees\CHL_ERP_ZI54_MONITORING.txt - Notepad++ [Administrator],IT,2021-01-13,10:25:31,00:00:06
stefano.crapanzano@chu.ulg.ac.be,\\si-s-serv333\erpwiki\apps\dokuwiki\htdocs\data\pages\taches_planifiees\CHL_ERP_ZI54_MONITORING.txt - Notepad++ [Administrator],IT,2021-01-13,10:27:57,00:00:03
stefano.crapanzano@chu.ulg.ac.be,\\si-s-serv333\erpwiki\apps\dokuwiki\htdocs\data\pages\taches_planifiees\CHL_ERP_ZI54_MONITORING.txt - Notepad++ [Administrator],IT,2021-01-13,10:29:56,00:00:06
stefano.crapanzano@chu.ulg.ac.be,\\si-s-serv333\erpwiki\apps\dokuwiki\htdocs\data\pages\taches_planifiees\CHL_ERP_ZI54_MONITORING.txt - Notepad++ [Administrator],IT,2021-01-13,10:31:06,00:00:02
stefano.crapanzano@chu.ulg.ac.be,\\si-s-serv333\erpwiki\apps\dokuwiki\htdocs\data\pages\taches_planifiees\CHL_ERP_ZI54_MONITORING.txt - Notepad++ [Administrator],IT,2021-01-13,10:32:20,00:00:02
stefano.crapanzano@chu.ulg.ac.be,\\si-s-serv333\erpwiki\apps\dokuwiki\htdocs\data\pages\taches_planifiees\CHL_ERP_ZI54_MONITORING.txt - Notepad++ [Administrator],IT,2021-01-13,10:34:14,00:00:03
stefano.crapanzano@chu.ulg.ac.be,\\si-s-serv333\erpwiki\apps\dokuwiki\htdocs\data\pages\taches_planifiees\CHL_ERP_ZI54_MONITORING.txt - Notepad++ [Administrator],IT,2021-01-13,10:35:02,00:00:02
stefano.crapanzano@chu.ulg.ac.be,\\si-s-serv333\erpwiki\apps\dokuwiki\htdocs\data\pages\taches_planifiees\CHL_ERP_ZI54_MONITORING.txt - Notepad++ [Administrator],IT,2021-01-13,10:36:28,00:00:02
stefano.crapanzano@chu.ulg.ac.be,\\si-s-serv333\erpwiki\apps\dokuwiki\htdocs\data\pages\taches_planifiees\CHL_ERP_ZI54_MONITORING.txt - Notepad++ [Administrator],IT,2021-01-13,10:36:49,00:00:02
stefano.crapanzano@chu.ulg.ac.be,\\si-s-serv333\erpwiki\apps\dokuwiki\htdocs\data\pages\taches_planifiees\CHL_ERP_ZI54_MONITORING.txt - Notepad++ [Administrator],IT,2021-01-13,10:36:55,00:00:03
stefano.crapanzano@chu.ulg.ac.be,\\si-s-serv333\erpwiki\apps\dokuwiki\htdocs\data\pages\taches_planifiees\CHL_ERP_ZI54_MONITORING.txt - Notepad++ [Administrator],IT,2021-01-13,10:38:59,00:00:04
stefano.crapanzano@chu.ulg.ac.be,\\si-s-serv333\erpwiki\apps\dokuwiki\htdocs\data\pages\taches_planifiees\CHL_ERP_ZI54_MONITORING.txt - Notepad++ [Administrator],IT,2021-01-13,10:41:16,00:00:02
stefano.crapanzano@chu.ulg.ac.be,\\si-s-serv333\erpwiki\apps\dokuwiki\htdocs\data\pages\taches_planifiees\CHL_ERP_ZI54_MONITORING.txt - Notepad++ [Administrator],IT,2021-01-13,10:41:25,00:00:03
stefano.crapanzano@chu.ulg.ac.be,\\si-s-serv333\erpwiki\apps\dokuwiki\htdocs\data\pages\taches_planifiees\CHL_ERP_ZI54_MONITORING.txt - Notepad++ [Administrator],IT,2021-01-13,10:41:42,00:00:09
stefano.crapanzano@chu.ulg.ac.be,\\si-s-serv333\erpwiki\apps\dokuwiki\htdocs\data\pages\taches_planifiees\CHL_ERP_ZI54_MONITORING.txt - Notepad++ [Administrator],IT,2021-01-13,10:55:26,00:00:19
stefano.crapanzano@chu.ulg.ac.be,\\si-s-serv333\erpwiki\apps\dokuwiki\htdocs\data\pages\taches_planifiees\CHL_ERP_ZI54_MONITORING.txt - Notepad++ [Administrator],IT,2021-01-13,11:08:13,00:00:03
stefano.crapanzano@chu.ulg.ac.be,\\si-s-serv333\erpwiki\apps\dokuwiki\htdocs\data\pages\taches_planifiees\CHL_ERP_ZI54_MONITORING.txt - Notepad++ [Administrator],IT,2021-01-13,11:24:40,00:00:02
stefano.crapanzano@chu.ulg.ac.be,*\\si-s-serv333\erpwiki\apps\dokuwiki\htdocs\data\pages\taches_planifiees\CHL_ERP_ZI54_MONITORING.txt - Notepad++ [Administrator],IT,2021-01-13,10:25:37,00:00:56
stefano.crapanzano@chu.ulg.ac.be,*\\si-s-serv333\erpwiki\apps\dokuwiki\htdocs\data\pages\taches_planifiees\CHL_ERP_ZI54_MONITORING.txt - Notepad++ [Administrator],IT,2021-01-13,10:26:59,00:00:47
stefano.crapanzano@chu.ulg.ac.be,*\\si-s-serv333\erpwiki\apps\dokuwiki\htdocs\data\pages\taches_planifiees\CHL_ERP_ZI54_MONITORING.txt - Notepad++ [Administrator],IT,2021-01-13,10:28:00,00:00:16
stefano.crapanzano@chu.ulg.ac.be,*\\si-s-serv333\erpwiki\apps\dokuwiki\htdocs\data\pages\taches_planifiees\CHL_ERP_ZI54_MONITORING.txt - Notepad++ [Administrator],IT,2021-01-13,10:28:45,00:00:58
stefano.crapanzano@chu.ulg.ac.be,*\\si-s-serv333\erpwiki\apps\dokuwiki\htdocs\data\pages\taches_planifiees\CHL_ERP_ZI54_MONITORING.txt - Notepad++ [Administrator],IT,2021-01-13,10:30:02,00:00:19
stefano.crapanzano@chu.ulg.ac.be,*\\si-s-serv333\erpwiki\apps\dokuwiki\htdocs\data\pages\taches_planifiees\CHL_ERP_ZI54_MONITORING.txt - Notepad++ [Administrator],IT,2021-01-13,10:30:43,00:00:10
stefano.crapanzano@chu.ulg.ac.be,*\\si-s-serv333\erpwiki\apps\dokuwiki\htdocs\data\pages\taches_planifiees\CHL_ERP_ZI54_MONITORING.txt - Notepad++ [Administrator],IT,2021-01-13,10:31:09,00:01:10
stefano.crapanzano@chu.ulg.ac.be,*\\si-s-serv333\erpwiki\apps\dokuwiki\htdocs\data\pages\taches_planifiees\CHL_ERP_ZI54_MONITORING.txt - Notepad++ [Administrator],IT,2021-01-13,10:32:32,00:01:19
stefano.crapanzano@chu.ulg.ac.be,*\\si-s-serv333\erpwiki\apps\dokuwiki\htdocs\data\pages\taches_planifiees\CHL_ERP_ZI54_MONITORING.txt - Notepad++ [Administrator],IT,2021-01-13,10:34:17,00:00:44
stefano.crapanzano@chu.ulg.ac.be,*\\si-s-serv333\erpwiki\apps\dokuwiki\htdocs\data\pages\taches_planifiees\CHL_ERP_ZI54_MONITORING.txt - Notepad++ [Administrator],IT,2021-01-13,10:36:14,00:00:14
stefano.crapanzano@chu.ulg.ac.be,*\\si-s-serv333\erpwiki\apps\dokuwiki\htdocs\data\pages\taches_planifiees\CHL_ERP_ZI54_MONITORING.txt - Notepad++ [Administrator],IT,2021-01-13,10:36:52,00:00:03
stefano.crapanzano@chu.ulg.ac.be,*\\si-s-serv333\erpwiki\apps\dokuwiki\htdocs\data\pages\taches_planifiees\CHL_ERP_ZI54_MONITORING.txt - Notepad++ [Administrator],IT,2021-01-13,10:39:04,00:00:23
stefano.crapanzano@chu.ulg.ac.be,*\\si-s-serv333\erpwiki\apps\dokuwiki\htdocs\data\pages\taches_planifiees\CHL_ERP_ZI54_MONITORING.txt - Notepad++ [Administrator],IT,2021-01-13,10:40:40,00:00:26
stefano.crapanzano@chu.ulg.ac.be,*\\si-s-serv333\erpwiki\apps\dokuwiki\htdocs\data\pages\taches_planifiees\CHL_ERP_ZI54_MONITORING.txt - Notepad++ [Administrator],IT,2021-01-13,10:41:11,00:00:04
stefano.crapanzano@chu.ulg.ac.be,Monitoring des paramètres de ZI54 - Message (HTML),Helpdesk général,2021-01-13,10:38:12,00:00:45
stefano.crapanzano@chu.ulg.ac.be,Monitoring des paramètres de ZI54 - Message (HTML),Helpdesk général,2021-01-13,10:42:14,00:00:59
stefano.crapanzano@chu.ulg.ac.be,Monitoring des paramètres de ZI54 - Message (HTML),Helpdesk général,2021-01-13,10:43:34,00:00:08
stefano.crapanzano@chu.ulg.ac.be,Monitoring des paramètres de ZI54 - Message (HTML),Helpdesk général,2021-01-13,10:44:41,00:00:04
stefano.crapanzano@chu.ulg.ac.be,Enregistrer la pièce jointe,Helpdesk général,2021-01-13,11:01:07,00:00:28
stefano.crapanzano@chu.ulg.ac.be,Enregistrer la pièce jointe,Helpdesk général,2021-01-13,11:01:39,00:00:03
stefano.crapanzano@chu.ulg.ac.be,Enregistrer la pièce jointe,Helpdesk général,2021-01-13,11:01:43,00:00:02
stefano.crapanzano@chu.ulg.ac.be,Enregistrer la pièce jointe,Helpdesk général,2021-01-13,11:01:51,00:00:02
stefano.crapanzano@chu.ulg.ac.be,I:\Informatique\ERP\Exploitation\COMPTA\SENY\Export Seny\2020\12\ExportHP 2020 12 NC.txt - Notepad++ [Administrator],IT,2021-01-13,11:02:17,00:00:10
stefano.crapanzano@chu.ulg.ac.be,I:\Informatique\ERP\Exploitation\COMPTA\SENY\Export Seny\2020\12\ExportHP 2020 12.txt - Notepad++ [Administrator],IT,2021-01-13,11:02:30,00:00:10
stefano.crapanzano@chu.ulg.ac.be,Résidents présents.xlsx - Excel,Tâches diverses,2021-01-13,11:02:43,00:00:12
stefano.crapanzano@chu.ulg.ac.be,Résidents présents.xlsx - Excel,Tâches diverses,2021-01-13,11:03:05,00:00:33
stefano.crapanzano@chu.ulg.ac.be,Enregistrer sous,Tâches diverses,2021-01-13,11:03:39,00:00:13
stefano.crapanzano@chu.ulg.ac.be,Enregistrer sous,Tâches diverses,2021-01-13,11:03:56,00:00:06
stefano.crapanzano@chu.ulg.ac.be,Residents presents 2012.csv - Excel,Tâches diverses,2021-01-13,11:04:05,00:00:03
stefano.crapanzano@chu.ulg.ac.be,\\filesrv01.st.chulg\oazis_prod\APPL_PROD\SOURCES\BAT\ERP\CHL_ERP_PSRL_COMPTA_HOME_SENY_PAT_VERS_SAP.bat - Notepad++ [Administrator],IT,2021-01-13,11:05:12,00:00:04
stefano.crapanzano@chu.ulg.ac.be,\\filesrv01.st.chulg\oazis_prod\APPL_PROD\SOURCES\BAT\ERP\CHL_ERP_PSRL_COMPTA_HOME_SENY_PAT_VERS_SAP.bat - Notepad++ [Administrator],IT,2021-01-13,11:06:18,00:00:03
stefano.crapanzano@chu.ulg.ac.be,\\filesrv01.st.chulg\oazis_prod\APPL_PROD\SOURCES\BAT\ERP\CHL_ERP_PSRL_COMPTA_HOME_SENY_PAT_VERS_SAP.bat - Notepad++ [Administrator],IT,2021-01-13,11:06:50,00:00:04
stefano.crapanzano@chu.ulg.ac.be,\\filesrv01.st.chulg\oazis_prod\APPL_PROD\SOURCES\BAT\ERP\CHL_ERP_PSRL_COMPTA_HOME_SENY_PAT_VERS_SAP.bat - Notepad++ [Administrator],IT,2021-01-13,11:07:35,00:00:03
stefano.crapanzano@chu.ulg.ac.be,\\filesrv01.st.chulg\oazis_prod\APPL_PROD\SOURCES\BAT\ERP\CHL_ERP_PSRL_COMPTA_HOME_SENY_PAT_VERS_SAP.bat - Notepad++ [Administrator],IT,2021-01-13,11:08:26,00:00:02
stefano.crapanzano@chu.ulg.ac.be,\\filesrv01.st.chulg\oazis_prod\APPL_PROD\SOURCES\BAT\ERP\CHL_ERP_PSRL_COMPTA_HOME_SENY_PAT_VERS_SAP.bat - Notepad++ [Administrator],IT,2021-01-13,11:10:10,00:00:04
stefano.crapanzano@chu.ulg.ac.be,\\filesrv01.st.chulg\oazis_prod\APPL_PROD\SOURCES\BAT\ERP\CHL_ERP_PSRL_COMPTA_HOME_SENY_PAT_VERS_SAP.bat - Notepad++ [Administrator],IT,2021-01-13,11:11:02,00:00:02
stefano.crapanzano@chu.ulg.ac.be,\\filesrv01.st.chulg\oazis_prod\APPL_PROD\SOURCES\BAT\ERP\CHL_ERP_PSRL_COMPTA_HOME_SENY_PAT_VERS_SAP.bat - Notepad++ [Administrator],IT,2021-01-13,11:12:11,00:00:03
stefano.crapanzano@chu.ulg.ac.be,*\\filesrv01.st.chulg\oazis_prod\APPL_PROD\SOURCES\BAT\ERP\CHL_ERP_PSRL_COMPTA_HOME_SENY_PAT_VERS_SAP.bat - Notepad++ [Administrator],IT,2021-01-13,11:05:16,00:00:04
stefano.crapanzano@chu.ulg.ac.be,*\\filesrv01.st.chulg\oazis_prod\APPL_PROD\SOURCES\BAT\ERP\CHL_ERP_PSRL_COMPTA_HOME_SENY_PAT_VERS_SAP.bat - Notepad++ [Administrator],IT,2021-01-13,11:05:30,00:00:48
stefano.crapanzano@chu.ulg.ac.be,*\\filesrv01.st.chulg\oazis_prod\APPL_PROD\SOURCES\BAT\ERP\CHL_ERP_PSRL_COMPTA_HOME_SENY_PAT_VERS_SAP.bat - Notepad++ [Administrator],IT,2021-01-13,11:10:14,00:00:19
stefano.crapanzano@chu.ulg.ac.be,*\\filesrv01.st.chulg\oazis_prod\APPL_PROD\SOURCES\BAT\ERP\CHL_ERP_PSRL_COMPTA_HOME_SENY_PAT_VERS_SAP.bat - Notepad++ [Administrator],IT,2021-01-13,11:10:51,00:00:04
stefano.crapanzano@chu.ulg.ac.be,*\\filesrv01.st.chulg\oazis_prod\APPL_PROD\SOURCES\BAT\ERP\CHL_ERP_PSRL_COMPTA_HOME_SENY_PAT_VERS_SAP.bat - Notepad++ [Administrator],IT,2021-01-13,11:11:04,00:00:03
stefano.crapanzano@chu.ulg.ac.be,*\\filesrv01.st.chulg\oazis_prod\APPL_PROD\SOURCES\BAT\ERP\CHL_ERP_PSRL_COMPTA_HOME_SENY_PAT_VERS_SAP.bat - Notepad++ [Administrator],IT,2021-01-13,11:11:21,00:00:02
stefano.crapanzano@chu.ulg.ac.be,Administrateur : C:\Windows\system32\cmd.exe,IT,2021-01-13,11:06:29,00:00:21
stefano.crapanzano@chu.ulg.ac.be,Administrateur : C:\Windows\system32\cmd.exe,IT,2021-01-13,11:06:55,00:00:04
stefano.crapanzano@chu.ulg.ac.be,Administrateur : C:\Windows\system32\cmd.exe,IT,2021-01-13,11:08:20,00:00:03
stefano.crapanzano@chu.ulg.ac.be,Administrateur : C:\Windows\system32\cmd.exe,IT,2021-01-13,11:10:57,00:00:04
stefano.crapanzano@chu.ulg.ac.be,Administrateur : C:\Windows\system32\cmd.exe,IT,2021-01-13,11:11:18,00:00:02
stefano.crapanzano@chu.ulg.ac.be,Administrateur : C:\Windows\system32\cmd.exe,IT,2021-01-13,11:13:59,00:00:06
stefano.crapanzano@chu.ulg.ac.be,Administrateur : C:\Windows\system32\cmd.exe,IT,2021-01-13,11:14:10,00:00:08
stefano.crapanzano@chu.ulg.ac.be,Administrateur : C:\Windows\system32\cmd.exe,IT,2021-01-13,11:14:20,00:00:02
stefano.crapanzano@chu.ulg.ac.be,Administrateur : C:\Windows\system32\cmd.exe,IT,2021-01-13,11:15:48,00:00:02
stefano.crapanzano@chu.ulg.ac.be,Administrateur : C:\Windows\system32\cmd.exe,IT,2021-01-13,11:15:51,00:00:03
stefano.crapanzano@chu.ulg.ac.be,Administrateur : C:\Windows\system32\cmd.exe - \\filesrv01.st.chulg\oazis_prod\APPL_PROD\SOURCES\BAT\erp\CHL_ERP_PSRL_COMPTA_HOME_SENY_PAT_VERS_SAP.bat,IT,2021-01-13,11:07:00,00:00:04
stefano.crapanzano@chu.ulg.ac.be,Administrateur : C:\Windows\system32\cmd.exe - \\filesrv01.st.chulg\oazis_prod\APPL_PROD\SOURCES\BAT\erp\CHL_ERP_PSRL_COMPTA_HOME_SENY_PAT_VERS_SAP.bat,IT,2021-01-13,11:08:18,00:00:02
stefano.crapanzano@chu.ulg.ac.be,Administrateur : C:\Windows\system32\cmd.exe - \\filesrv01.st.chulg\oazis_prod\APPL_PROD\SOURCES\BAT\erp\CHL_ERP_PSRL_COMPTA_HOME_SENY_PAT_VERS_SAP.bat,IT,2021-01-13,11:08:32,00:00:14
stefano.crapanzano@chu.ulg.ac.be,Administrateur : C:\Windows\system32\cmd.exe - \\filesrv01.st.chulg\oazis_prod\APPL_PROD\SOURCES\BAT\erp\CHL_ERP_PSRL_COMPTA_HOME_SENY_PAT_VERS_SAP.bat,IT,2021-01-13,11:08:50,00:00:11
stefano.crapanzano@chu.ulg.ac.be,Administrateur : C:\Windows\system32\cmd.exe - \\filesrv01.st.chulg\oazis_prod\APPL_PROD\SOURCES\BAT\erp\CHL_ERP_PSRL_COMPTA_HOME_SENY_PAT_VERS_SAP.bat,IT,2021-01-13,11:09:05,00:00:20
stefano.crapanzano@chu.ulg.ac.be,Administrateur : C:\Windows\system32\cmd.exe - \\filesrv01.st.chulg\oazis_prod\APPL_PROD\SOURCES\BAT\erp\CHL_ERP_PSRL_COMPTA_HOME_SENY_PAT_VERS_SAP.bat,IT,2021-01-13,11:11:10,00:00:07
stefano.crapanzano@chu.ulg.ac.be,Administrateur : C:\Windows\system32\cmd.exe - \\filesrv01.st.chulg\oazis_prod\APPL_PROD\SOURCES\BAT\erp\CHL_ERP_PSRL_COMPTA_HOME_SENY_PAT_VERS_SAP.bat,IT,2021-01-13,11:12:15,00:00:02
stefano.crapanzano@chu.ulg.ac.be,I:\Informatique\ERP\Exploitation\COMPTA\SENY\envoi PAT 1 seny 122020.txt - Notepad++ [Administrator],IT,2021-01-13,11:07:14,00:00:16
stefano.crapanzano@chu.ulg.ac.be,\\filesrv01.st.chulg\oazis_prod\APPL_PROD\SOURCES\BAT\ERP\CHL_ERP_PSRL_COMPTA_HOME_SENY_MUT_VERS_SAP.bat - Notepad++ [Administrator],IT,2021-01-13,11:09:58,00:00:05
stefano.crapanzano@chu.ulg.ac.be,\\filesrv01.st.chulg\oazis_prod\APPL_PROD\SOURCES\BAT\ERP\CHL_ERP_PSRL_COMPTA_HOME_SENY_MUT_VERS_SAP.bat - Notepad++ [Administrator],IT,2021-01-13,11:11:48,00:00:02
stefano.crapanzano@chu.ulg.ac.be,\\filesrv01.st.chulg\oazis_prod\APPL_PROD\SOURCES\BAT\ERP\CHL_ERP_PSRL_COMPTA_HOME_SENY_MUT_VERS_SAP.bat - Notepad++ [Administrator],IT,2021-01-13,11:11:58,00:00:03
stefano.crapanzano@chu.ulg.ac.be,\\filesrv01.st.chulg\oazis_prod\APPL_PROD\SOURCES\BAT\ERP\CHL_ERP_PSRL_COMPTA_HOME_SENY_MUT_VERS_SAP.bat - Notepad++ [Administrator],IT,2021-01-13,11:12:07,00:00:03
stefano.crapanzano@chu.ulg.ac.be,\\filesrv01.st.chulg\oazis_prod\APPL_PROD\SOURCES\BAT\ERP\CHL_ERP_PSRL_COMPTA_HOME_SENY_MUT_VERS_SAP.bat - Notepad++ [Administrator],IT,2021-01-13,11:12:30,00:00:03
stefano.crapanzano@chu.ulg.ac.be,\\filesrv01.st.chulg\oazis_prod\APPL_PROD\SOURCES\BAT\ERP\CHL_ERP_PSRL_COMPTA_HOME_SENY_MUT_VERS_SAP.bat - Notepad++ [Administrator],IT,2021-01-13,11:12:37,00:00:10
stefano.crapanzano@chu.ulg.ac.be,\\filesrv01.st.chulg\oazis_prod\APPL_PROD\SOURCES\BAT\ERP\CHL_ERP_PSRL_COMPTA_HOME_SENY_MUT_VERS_SAP.bat - Notepad++ [Administrator],IT,2021-01-13,11:13:00,00:00:03
stefano.crapanzano@chu.ulg.ac.be,\\filesrv01.st.chulg\oazis_prod\APPL_PROD\SOURCES\BAT\ERP\CHL_ERP_PSRL_COMPTA_HOME_SENY_MUT_VERS_SAP.bat - Notepad++ [Administrator],IT,2021-01-13,11:13:52,00:00:02
stefano.crapanzano@chu.ulg.ac.be,\\filesrv01.st.chulg\oazis_prod\APPL_PROD\SOURCES\BAT\ERP\CHL_ERP_PSRL_COMPTA_HOME_SENY_MUT_VERS_SAP.bat - Notepad++ [Administrator],IT,2021-01-13,11:14:05,00:00:04
stefano.crapanzano@chu.ulg.ac.be,\\filesrv01.st.chulg\oazis_prod\APPL_PROD\SOURCES\BAT\ERP\CHL_ERP_PSRL_COMPTA_HOME_SENY_MUT_VERS_SAP.bat - Notepad++ [Administrator],IT,2021-01-13,11:14:50,00:00:08
stefano.crapanzano@chu.ulg.ac.be,\\filesrv01.st.chulg\oazis_prod\APPL_PROD\SOURCES\BAT\ERP\CHL_ERP_PSRL_COMPTA_HOME_SENY_MUT_VERS_SAP.bat - Notepad++ [Administrator],IT,2021-01-13,11:15:08,00:00:33
stefano.crapanzano@chu.ulg.ac.be,\\filesrv01.st.chulg\oazis_prod\APPL_PROD\SOURCES\BAT\ERP\CHL_ERP_PSRL_COMPTA_HOME_SENY_MUT_VERS_SAP.bat - Notepad++ [Administrator],IT,2021-01-13,11:15:44,00:00:03
stefano.crapanzano@chu.ulg.ac.be,\\filesrv01.st.chulg\oazis_prod\APPL_PROD\SOURCES\BAT\ERP\CHL_ERP_PSRL_COMPTA_HOME_SENY_MUT_VERS_SAP.bat - Notepad++ [Administrator],IT,2021-01-13,11:24:05,00:00:02
stefano.crapanzano@chu.ulg.ac.be,I:\Informatique\ERP\Exploitation\COMPTA\SENY\envoi PAT 1 seny 122020 NC.txt - Notepad++ [Administrator],IT,2021-01-13,11:11:33,00:00:15
stefano.crapanzano@chu.ulg.ac.be,I:\Informatique\ERP\Exploitation\COMPTA\SENY\envoi PAT 1 seny 122020 NC.txt - Notepad++ [Administrator],IT,2021-01-13,11:11:51,00:00:07
stefano.crapanzano@chu.ulg.ac.be,*\\filesrv01.st.chulg\oazis_prod\APPL_PROD\SOURCES\BAT\ERP\CHL_ERP_PSRL_COMPTA_HOME_SENY_MUT_VERS_SAP.bat - Notepad++ [Administrator],IT,2021-01-13,11:13:04,00:00:05
stefano.crapanzano@chu.ulg.ac.be,*\\filesrv01.st.chulg\oazis_prod\APPL_PROD\SOURCES\BAT\ERP\CHL_ERP_PSRL_COMPTA_HOME_SENY_MUT_VERS_SAP.bat - Notepad++ [Administrator],IT,2021-01-13,11:13:14,00:00:07
stefano.crapanzano@chu.ulg.ac.be,*\\filesrv01.st.chulg\oazis_prod\APPL_PROD\SOURCES\BAT\ERP\CHL_ERP_PSRL_COMPTA_HOME_SENY_MUT_VERS_SAP.bat - Notepad++ [Administrator],IT,2021-01-13,11:13:25,00:00:27
stefano.crapanzano@chu.ulg.ac.be,*\\filesrv01.st.chulg\oazis_prod\APPL_PROD\SOURCES\BAT\ERP\CHL_ERP_PSRL_COMPTA_HOME_SENY_MUT_VERS_SAP.bat - Notepad++ [Administrator],IT,2021-01-13,11:13:55,00:00:03
stefano.crapanzano@chu.ulg.ac.be,*\\filesrv01.st.chulg\oazis_prod\APPL_PROD\SOURCES\BAT\ERP\CHL_ERP_PSRL_COMPTA_HOME_SENY_MUT_VERS_SAP.bat - Notepad++ [Administrator],IT,2021-01-13,11:14:59,00:00:09
stefano.crapanzano@chu.ulg.ac.be,*\\filesrv01.st.chulg\oazis_prod\APPL_PROD\SOURCES\BAT\ERP\CHL_ERP_PSRL_COMPTA_HOME_SENY_MUT_VERS_SAP.bat - Notepad++ [Administrator],IT,2021-01-13,11:15:42,00:00:02
stefano.crapanzano@chu.ulg.ac.be,I:\Informatique\ERP\Exploitation\COMPTA\SENY\envoi MUT 1 seny 122020.txt - Notepad++ [Administrator],IT,2021-01-13,11:14:30,00:00:16
stefano.crapanzano@chu.ulg.ac.be,I:\Informatique\ERP\Exploitation\COMPTA\SENY\envoi MUT 1 seny 122020.txt - Notepad++ [Administrator],IT,2021-01-13,11:24:07,00:00:03
stefano.crapanzano@chu.ulg.ac.be,Total Commander,Tâches diverses,2021-01-13,11:16:37,00:00:02
stefano.crapanzano@chu.ulg.ac.be,Total Commander,Tâches diverses,2021-01-13,11:17:05,00:00:03
stefano.crapanzano@chu.ulg.ac.be,erpmanager - Total Commander (x64) 9.0a - NOT REGISTERED,Tâches diverses,2021-01-13,11:16:29,00:00:07
stefano.crapanzano@chu.ulg.ac.be,erpmanager - Total Commander (x64) 9.0a - NOT REGISTERED,Tâches diverses,2021-01-13,11:16:39,00:00:26
stefano.crapanzano@chu.ulg.ac.be,erpmanager - Total Commander (x64) 9.0a - NOT REGISTERED,Tâches diverses,2021-01-13,11:17:09,00:00:19
stefano.crapanzano@chu.ulg.ac.be,erpmanager - Total Commander (x64) 9.0a - NOT REGISTERED,Tâches diverses,2021-01-13,11:18:16,00:00:07
stefano.crapanzano@chu.ulg.ac.be,erpmanager - Total Commander (x64) 9.0a - NOT REGISTERED,Tâches diverses,2021-01-13,11:18:51,00:00:03
stefano.crapanzano@chu.ulg.ac.be,erpmanager - Total Commander (x64) 9.0a - NOT REGISTERED,Tâches diverses,2021-01-13,11:19:02,00:00:02
stefano.crapanzano@chu.ulg.ac.be,erpmanager - Total Commander (x64) 9.0a - NOT REGISTERED,Tâches diverses,2021-01-13,11:21:34,00:00:08
stefano.crapanzano@chu.ulg.ac.be,erpmanager - Total Commander (x64) 9.0a - NOT REGISTERED,Tâches diverses,2021-01-13,11:21:47,00:00:03
stefano.crapanzano@chu.ulg.ac.be,erpmanager - Total Commander (x64) 9.0a - NOT REGISTERED,Helpdesk général,2021-01-13,11:22:55,00:00:02
stefano.crapanzano@chu.ulg.ac.be,RE: Factures résidents 12 - Message (HTML),Helpdesk général,2021-01-13,11:17:50,00:00:24
stefano.crapanzano@chu.ulg.ac.be,RE: Factures résidents 12 - Message (HTML),Helpdesk général,2021-01-13,11:18:25,00:00:08
stefano.crapanzano@chu.ulg.ac.be,RE: Factures résidents 12 - Message (HTML),Helpdesk général,2021-01-13,11:18:39,00:00:08
stefano.crapanzano@chu.ulg.ac.be,RE: Factures résidents 12 - Message (HTML),Helpdesk général,2021-01-13,11:18:55,00:00:03
stefano.crapanzano@chu.ulg.ac.be,RE: Factures résidents 12 - Message (HTML),Helpdesk général,2021-01-13,11:19:05,00:00:26
stefano.crapanzano@chu.ulg.ac.be,RE: Factures résidents 12 - Message (HTML),Helpdesk général,2021-01-13,11:19:33,00:00:29
stefano.crapanzano@chu.ulg.ac.be,RE: Factures résidents 12 - Message (HTML),Helpdesk général,2021-01-13,11:20:21,00:00:37
stefano.crapanzano@chu.ulg.ac.be,RE: Factures résidents 12 - Message (HTML),Helpdesk général,2021-01-13,11:21:12,00:00:11
stefano.crapanzano@chu.ulg.ac.be,RE: Factures résidents 12 - Message (HTML),Helpdesk général,2021-01-13,11:22:17,00:00:21
stefano.crapanzano@chu.ulg.ac.be,RE: Factures résidents 12 - Message (HTML),Helpdesk général,2021-01-13,11:22:47,00:00:02
stefano.crapanzano@chu.ulg.ac.be,Envoyé - Zimbra - Stefano Crapanzano - Outlook,Helpdesk général,2021-01-13,11:18:36,00:00:03
stefano.crapanzano@chu.ulg.ac.be,Envoyé - Zimbra - Stefano Crapanzano - Outlook,Helpdesk général,2021-01-13,11:20:04,00:00:15
stefano.crapanzano@chu.ulg.ac.be,Envoyé - Zimbra - Stefano Crapanzano - Outlook,Helpdesk général,2021-01-13,11:23:43,00:00:10
stefano.crapanzano@chu.ulg.ac.be,TR: Mutuelles 4T2020 - Message (HTML),Helpdesk général,2021-01-13,11:21:03,00:00:03
stefano.crapanzano@chu.ulg.ac.be,TR: Mutuelles 4T2020 - Message (HTML),Helpdesk général,2021-01-13,11:22:57,00:00:02
stefano.crapanzano@chu.ulg.ac.be,TR: Mutuelles 4T2020 - Message (HTML),Helpdesk général,2021-01-13,11:23:25,00:00:03
stefano.crapanzano@chu.ulg.ac.be,RE: Mutuelles 4T2020 - Message (HTML),Helpdesk général,2021-01-13,11:21:07,00:00:03
stefano.crapanzano@chu.ulg.ac.be,RE: Mutuelles 4T2020 - Message (HTML),Helpdesk général,2021-01-13,11:21:26,00:00:07
stefano.crapanzano@chu.ulg.ac.be,RE: Mutuelles 4T2020 - Message (HTML),Helpdesk général,2021-01-13,11:21:43,00:00:03
stefano.crapanzano@chu.ulg.ac.be,RE: Mutuelles 4T2020 - Message (HTML),Helpdesk général,2021-01-13,11:21:52,00:00:24
stefano.crapanzano@chu.ulg.ac.be,RE: Mutuelles 4T2020 - Message (HTML),Helpdesk général,2021-01-13,11:22:40,00:00:04
stefano.crapanzano@chu.ulg.ac.be,RE: Mutuelles 4T2020 - Message (HTML),Helpdesk général,2021-01-13,11:22:50,00:00:02
stefano.crapanzano@chu.ulg.ac.be,Orthographe : Français (Belgique),Helpdesk général,2021-01-13,12:18:55,00:00:02
stefano.crapanzano@chu.ulg.ac.be,Conserver un fichier non existant,IT,2021-01-13,11:24:35,00:00:03
stefano.crapanzano@chu.ulg.ac.be,Save,IT,2021-01-13,11:24:49,00:00:02
stefano.crapanzano@chu.ulg.ac.be,*new 3 - Notepad++ [Administrator],IT,2021-01-13,11:24:47,00:00:02
stefano.crapanzano@chu.ulg.ac.be,*new 2 - Notepad++ [Administrator],IT,2021-01-13,11:24:52,00:00:02
stefano.crapanzano@chu.ulg.ac.be,CNRF Seny - erp.sai@chuliege.be - Outlook,Helpdesk général,2021-01-13,11:25:23,00:00:06
stefano.crapanzano@chu.ulg.ac.be,CNRF Seny - erp.sai@chuliege.be - Outlook,Helpdesk général,2021-01-13,11:25:55,00:00:10
stefano.crapanzano@chu.ulg.ac.be,console_erpftp - [Racine de la console\Gestion de l’ordinateur (ERPFTP)\Outils système\Planificateur de tâches],IT,2021-01-13,11:50:02,00:00:03
stefano.crapanzano@chu.ulg.ac.be,Planificateur de tâches,IT,2021-01-13,11:50:06,00:00:03
stefano.crapanzano@chu.ulg.ac.be,console_erpftp - [Racine de la console\Gestion de l’ordinateur (ERPFTP)\Outils système\Planificateur de tâches\Bibliothèque du Planificateur de tâches],IT,2021-01-13,11:50:13,00:00:06
stefano.crapanzano@chu.ulg.ac.be,BISCOP Angélique,Helpdesk général,2021-01-13,12:04:20,00:00:02
stefano.crapanzano@chu.ulg.ac.be,Stefano CRAPANZANO - erp.sai@chuliege.be - Outlook,Helpdesk général,2021-01-13,12:05:02,00:00:04
stefano.crapanzano@chu.ulg.ac.be,Stefano CRAPANZANO - erp.sai@chuliege.be - Outlook,Helpdesk général,2021-01-13,12:19:01,00:00:02
stefano.crapanzano@chu.ulg.ac.be,RE: problème carenet - Message (HTML),Helpdesk général,2021-01-13,12:05:08,00:13:46
stefano.crapanzano@chu.ulg.ac.be,\\ERPFTP.st.chulg\ERP\Tasks_Verif\CHL_ERP_ZI54_MONITORING\CHL_ERP_ZI54_MONITORING.txt - Notepad++ [Administrator],IT,2021-01-13,12:25:01,00:00:02
stefano.crapanzano@chu.ulg.ac.be,Notepad++ update,IT,2021-01-13,12:25:11,00:00:02
stefano.crapanzano@chu.ulg.ac.be,\\ERPFTP.st.chulg\ERP\Log\CHL_ERP_ZI54_MONITORING.log - Notepad++ [Administrator],IT,2021-01-13,12:25:20,00:00:02
stefano.crapanzano@chu.ulg.ac.be,\\ERPFTP.st.chulg\ERP\Log\CHL_ERP_ZI54_MONITORING.log - Notepad++ [Administrator],IT,2021-01-13,12:25:36,00:00:03
stefano.crapanzano@chu.ulg.ac.be,\\ERPFTP.st.chulg\ERP\Log\Iepacs_file_Pdf-Kofaxchu_FRCHR_Pdf.log - Notepad++ [Administrator],IT,2021-01-13,12:26:46,00:00:14
stefano.crapanzano@chu.ulg.ac.be,\\ERPFTP.st.chulg\ERP\Log\Iepacs_file_Pdf-Kofaxchu_FRCHR_Pdf.log - Notepad++ [Administrator],IT,2021-01-13,12:27:07,00:00:36
stefano.crapanzano@chu.ulg.ac.be,\\ERPFTP.st.chulg\ERP\Log\KOFAX-KofaxCaptureSVReleaseProdFRCHR.log - Notepad++ [Administrator],IT,2021-01-13,12:27:50,00:00:18
stefano.crapanzano@chu.ulg.ac.be,\\ERPFTP.st.chulg\ERP\Log\CHL_ERP_JOB_MONITORING.log - Notepad++ [Administrator],IT,2021-01-13,12:28:17,00:00:04
stefano.crapanzano@chu.ulg.ac.be,\\ERPFTP.st.chulg\ERP\Log\CHL_ERP_MAIL_MEDNUC_MONITORING.log - Notepad++ [Administrator],IT,2021-01-13,12:28:25,00:00:36
