Email,Description,Project,Start date,Start time,Duration
stefano.crapanzano@chu.ulg.ac.be,Administrateur : C:\Windows\system32\cmd.exe - python  main.py,Helpdesk général,2021-01-12,16:57:28,00:00:20
stefano.crapanzano@chu.ulg.ac.be,Sent - erp.sai@chuliege.be - Outlook,Helpdesk général,2021-01-12,08:27:24,00:00:02
stefano.crapanzano@chu.ulg.ac.be,Sent - erp.sai@chuliege.be - Outlook,Helpdesk général,2021-01-12,08:43:56,00:00:15
stefano.crapanzano@chu.ulg.ac.be,Sent - erp.sai@chuliege.be - Outlook,Helpdesk général,2021-01-12,08:44:20,00:00:21
stefano.crapanzano@chu.ulg.ac.be,Sent - erp.sai@chuliege.be - Outlook,Helpdesk général,2021-01-12,08:45:38,00:00:02
stefano.crapanzano@chu.ulg.ac.be,Sent - erp.sai@chuliege.be - Outlook,Helpdesk général,2021-01-12,08:51:28,00:00:03
stefano.crapanzano@chu.ulg.ac.be,Sent - erp.sai@chuliege.be - Outlook,Helpdesk général,2021-01-12,10:58:55,00:00:02
stefano.crapanzano@chu.ulg.ac.be,Sent - erp.sai@chuliege.be - Outlook,Helpdesk général,2021-01-12,11:21:37,00:00:02
stefano.crapanzano@chu.ulg.ac.be,Sent - erp.sai@chuliege.be - Outlook,Helpdesk général,2021-01-12,12:15:32,00:00:02
stefano.crapanzano@chu.ulg.ac.be,Sent - erp.sai@chuliege.be - Outlook,Helpdesk général,2021-01-12,13:59:54,00:01:58
stefano.crapanzano@chu.ulg.ac.be,Sent - erp.sai@chuliege.be - Outlook,Helpdesk général,2021-01-12,14:03:28,00:00:02
stefano.crapanzano@chu.ulg.ac.be,Sent - erp.sai@chuliege.be - Outlook,Helpdesk général,2021-01-12,14:03:34,00:00:56
stefano.crapanzano@chu.ulg.ac.be,Sent - erp.sai@chuliege.be - Outlook,Helpdesk général,2021-01-12,14:05:21,00:00:02
stefano.crapanzano@chu.ulg.ac.be,Sent - erp.sai@chuliege.be - Outlook,Helpdesk général,2021-01-12,14:05:43,00:00:26
stefano.crapanzano@chu.ulg.ac.be,Sent - erp.sai@chuliege.be - Outlook,Helpdesk général,2021-01-12,14:34:27,00:01:01
stefano.crapanzano@chu.ulg.ac.be,Sent - erp.sai@chuliege.be - Outlook,Helpdesk général,2021-01-12,14:43:45,00:00:02
stefano.crapanzano@chu.ulg.ac.be,Sent - erp.sai@chuliege.be - Outlook,Helpdesk général,2021-01-12,14:53:54,00:00:03
stefano.crapanzano@chu.ulg.ac.be,Sent - erp.sai@chuliege.be - Outlook,Helpdesk général,2021-01-12,14:54:32,00:00:08
stefano.crapanzano@chu.ulg.ac.be,Sent - erp.sai@chuliege.be - Outlook,Helpdesk général,2021-01-12,15:04:19,00:00:02
stefano.crapanzano@chu.ulg.ac.be,Sent - erp.sai@chuliege.be - Outlook,Helpdesk général,2021-01-12,15:04:28,00:00:21
stefano.crapanzano@chu.ulg.ac.be,Sent - erp.sai@chuliege.be - Outlook,Helpdesk général,2021-01-12,16:10:47,00:00:12
stefano.crapanzano@chu.ulg.ac.be,Sent - erp.sai@chuliege.be - Outlook,Helpdesk général,2021-01-12,16:11:10,00:02:44
stefano.crapanzano@chu.ulg.ac.be,Sent - erp.sai@chuliege.be - Outlook,Helpdesk général,2021-01-12,16:13:58,00:00:16
stefano.crapanzano@chu.ulg.ac.be,Sent - erp.sai@chuliege.be - Outlook,Helpdesk général,2021-01-12,16:14:26,00:00:02
stefano.crapanzano@chu.ulg.ac.be,Sent - erp.sai@chuliege.be - Outlook,Helpdesk général,2021-01-12,16:15:02,00:00:18
stefano.crapanzano@chu.ulg.ac.be,Sent - erp.sai@chuliege.be - Outlook,Helpdesk général,2021-01-12,16:17:33,00:00:02
stefano.crapanzano@chu.ulg.ac.be,Sent - erp.sai@chuliege.be - Outlook,Helpdesk général,2021-01-12,16:17:50,00:00:03
stefano.crapanzano@chu.ulg.ac.be,Boîte de Réception - Zimbra - Stefano Crapanzano - Outlook,Helpdesk général,2021-01-12,08:27:26,00:00:31
stefano.crapanzano@chu.ulg.ac.be,Boîte de Réception - Zimbra - Stefano Crapanzano - Outlook,Helpdesk général,2021-01-12,08:28:01,00:00:07
stefano.crapanzano@chu.ulg.ac.be,Boîte de Réception - Zimbra - Stefano Crapanzano - Outlook,Helpdesk général,2021-01-12,08:43:13,00:00:02
stefano.crapanzano@chu.ulg.ac.be,Boîte de Réception - Zimbra - Stefano Crapanzano - Outlook,Helpdesk général,2021-01-12,08:43:51,00:00:02
stefano.crapanzano@chu.ulg.ac.be,Boîte de Réception - Zimbra - Stefano Crapanzano - Outlook,Helpdesk général,2021-01-12,08:44:14,00:00:03
stefano.crapanzano@chu.ulg.ac.be,Boîte de Réception - Zimbra - Stefano Crapanzano - Outlook,Helpdesk général,2021-01-12,08:51:22,00:00:02
stefano.crapanzano@chu.ulg.ac.be,Boîte de Réception - Zimbra - Stefano Crapanzano - Outlook,Helpdesk général,2021-01-12,08:51:34,00:01:42
stefano.crapanzano@chu.ulg.ac.be,Boîte de Réception - Zimbra - Stefano Crapanzano - Outlook,Helpdesk général,2021-01-12,11:03:12,00:12:03
stefano.crapanzano@chu.ulg.ac.be,Boîte de Réception - Zimbra - Stefano Crapanzano - Outlook,Helpdesk général,2021-01-12,11:20:06,00:00:53
stefano.crapanzano@chu.ulg.ac.be,Boîte de Réception - Zimbra - Stefano Crapanzano - Outlook,Helpdesk général,2021-01-12,11:48:10,00:00:07
stefano.crapanzano@chu.ulg.ac.be,Boîte de Réception - Zimbra - Stefano Crapanzano - Outlook,Helpdesk général,2021-01-12,11:51:30,00:00:28
stefano.crapanzano@chu.ulg.ac.be,Boîte de Réception - Zimbra - Stefano Crapanzano - Outlook,Helpdesk général,2021-01-12,12:00:03,00:00:39
stefano.crapanzano@chu.ulg.ac.be,Boîte de Réception - Zimbra - Stefano Crapanzano - Outlook,Helpdesk général,2021-01-12,12:00:48,00:01:10
stefano.crapanzano@chu.ulg.ac.be,Boîte de Réception - Zimbra - Stefano Crapanzano - Outlook,Helpdesk général,2021-01-12,12:04:57,00:10:31
stefano.crapanzano@chu.ulg.ac.be,Boîte de Réception - Zimbra - Stefano Crapanzano - Outlook,Helpdesk général,2021-01-12,12:27:19,00:00:31
stefano.crapanzano@chu.ulg.ac.be,Boîte de Réception - Zimbra - Stefano Crapanzano - Outlook,Helpdesk général,2021-01-12,12:27:58,00:00:16
stefano.crapanzano@chu.ulg.ac.be,Boîte de Réception - Zimbra - Stefano Crapanzano - Outlook,Helpdesk général,2021-01-12,13:30:34,00:01:25
stefano.crapanzano@chu.ulg.ac.be,Boîte de Réception - Zimbra - Stefano Crapanzano - Outlook,Helpdesk général,2021-01-12,13:35:40,00:00:08
stefano.crapanzano@chu.ulg.ac.be,Boîte de Réception - Zimbra - Stefano Crapanzano - Outlook,Helpdesk général,2021-01-12,13:36:19,00:00:11
stefano.crapanzano@chu.ulg.ac.be,Boîte de Réception - Zimbra - Stefano Crapanzano - Outlook,Tâches diverses,2021-01-12,13:56:40,00:00:14
stefano.crapanzano@chu.ulg.ac.be,Boîte de Réception - Zimbra - Stefano Crapanzano - Outlook,Helpdesk général,2021-01-12,14:01:53,00:00:03
stefano.crapanzano@chu.ulg.ac.be,Boîte de Réception - Zimbra - Stefano Crapanzano - Outlook,Helpdesk général,2021-01-12,14:03:17,00:00:10
stefano.crapanzano@chu.ulg.ac.be,Boîte de Réception - Zimbra - Stefano Crapanzano - Outlook,Helpdesk général,2021-01-12,14:09:49,00:00:04
stefano.crapanzano@chu.ulg.ac.be,Boîte de Réception - Zimbra - Stefano Crapanzano - Outlook,Helpdesk général,2021-01-12,14:14:07,00:00:04
stefano.crapanzano@chu.ulg.ac.be,Boîte de Réception - Zimbra - Stefano Crapanzano - Outlook,Helpdesk général,2021-01-12,14:21:01,00:01:56
stefano.crapanzano@chu.ulg.ac.be,Boîte de Réception - Zimbra - Stefano Crapanzano - Outlook,Helpdesk général,2021-01-12,14:23:00,00:00:05
stefano.crapanzano@chu.ulg.ac.be,Boîte de Réception - Zimbra - Stefano Crapanzano - Outlook,Helpdesk général,2021-01-12,14:33:51,00:00:32
stefano.crapanzano@chu.ulg.ac.be,Boîte de Réception - Zimbra - Stefano Crapanzano - Outlook,Helpdesk général,2021-01-12,14:35:33,00:00:10
stefano.crapanzano@chu.ulg.ac.be,Boîte de Réception - Zimbra - Stefano Crapanzano - Outlook,Helpdesk général,2021-01-12,14:36:41,00:00:06
stefano.crapanzano@chu.ulg.ac.be,Boîte de Réception - Zimbra - Stefano Crapanzano - Outlook,Helpdesk général,2021-01-12,14:42:05,00:01:36
stefano.crapanzano@chu.ulg.ac.be,Boîte de Réception - Zimbra - Stefano Crapanzano - Outlook,Helpdesk général,2021-01-12,14:43:48,00:00:02
stefano.crapanzano@chu.ulg.ac.be,Boîte de Réception - Zimbra - Stefano Crapanzano - Outlook,Helpdesk général,2021-01-12,14:53:46,00:00:02
stefano.crapanzano@chu.ulg.ac.be,Boîte de Réception - Zimbra - Stefano Crapanzano - Outlook,Helpdesk général,2021-01-12,14:54:29,00:00:03
stefano.crapanzano@chu.ulg.ac.be,Boîte de Réception - Zimbra - Stefano Crapanzano - Outlook,Helpdesk général,2021-01-12,15:22:00,00:00:28
stefano.crapanzano@chu.ulg.ac.be,Boîte de Réception - Zimbra - Stefano Crapanzano - Outlook,IT,2021-01-12,15:31:05,00:00:02
stefano.crapanzano@chu.ulg.ac.be,Boîte de Réception - Zimbra - Stefano Crapanzano - Outlook,Helpdesk général,2021-01-12,15:40:37,00:00:03
stefano.crapanzano@chu.ulg.ac.be,Boîte de Réception - Zimbra - Stefano Crapanzano - Outlook,Helpdesk général,2021-01-12,15:59:05,00:00:02
stefano.crapanzano@chu.ulg.ac.be,Boîte de Réception - Zimbra - Stefano Crapanzano - Outlook,Helpdesk général,2021-01-12,16:10:43,00:00:03
stefano.crapanzano@chu.ulg.ac.be,Boîte de Réception - Zimbra - Stefano Crapanzano - Outlook,Helpdesk général,2021-01-12,16:13:54,00:00:03
stefano.crapanzano@chu.ulg.ac.be,Boîte de Réception - Zimbra - Stefano Crapanzano - Outlook,Helpdesk général,2021-01-12,16:17:36,00:00:03
stefano.crapanzano@chu.ulg.ac.be,Boîte de réception - erp.sai@chuliege.be - Outlook,Helpdesk général,2021-01-12,08:27:57,00:00:03
stefano.crapanzano@chu.ulg.ac.be,Boîte de réception - erp.sai@chuliege.be - Outlook,Helpdesk général,2021-01-12,08:43:16,00:00:35
stefano.crapanzano@chu.ulg.ac.be,Boîte de réception - erp.sai@chuliege.be - Outlook,Helpdesk général,2021-01-12,08:43:53,00:00:02
stefano.crapanzano@chu.ulg.ac.be,Boîte de réception - erp.sai@chuliege.be - Outlook,Helpdesk général,2021-01-12,08:44:11,00:00:02
stefano.crapanzano@chu.ulg.ac.be,Boîte de réception - erp.sai@chuliege.be - Outlook,Helpdesk général,2021-01-12,08:44:17,00:00:02
stefano.crapanzano@chu.ulg.ac.be,Boîte de réception - erp.sai@chuliege.be - Outlook,Helpdesk général,2021-01-12,08:51:19,00:00:02
stefano.crapanzano@chu.ulg.ac.be,Boîte de réception - erp.sai@chuliege.be - Outlook,Helpdesk général,2021-01-12,08:51:24,00:00:03
stefano.crapanzano@chu.ulg.ac.be,Boîte de réception - erp.sai@chuliege.be - Outlook,Helpdesk général,2021-01-12,08:51:31,00:00:02
stefano.crapanzano@chu.ulg.ac.be,Boîte de réception - erp.sai@chuliege.be - Outlook,Helpdesk général,2021-01-12,08:53:16,00:00:16
stefano.crapanzano@chu.ulg.ac.be,Boîte de réception - erp.sai@chuliege.be - Outlook,Helpdesk général,2021-01-12,09:02:39,00:00:06
stefano.crapanzano@chu.ulg.ac.be,Boîte de réception - erp.sai@chuliege.be - Outlook,Helpdesk général,2021-01-12,10:40:17,00:00:02
stefano.crapanzano@chu.ulg.ac.be,Boîte de réception - erp.sai@chuliege.be - Outlook,Helpdesk général,2021-01-12,10:40:21,00:00:07
stefano.crapanzano@chu.ulg.ac.be,Boîte de réception - erp.sai@chuliege.be - Outlook,Helpdesk général,2021-01-12,10:58:49,00:00:06
stefano.crapanzano@chu.ulg.ac.be,Boîte de réception - erp.sai@chuliege.be - Outlook,Helpdesk général,2021-01-12,10:58:58,00:04:14
stefano.crapanzano@chu.ulg.ac.be,Boîte de réception - erp.sai@chuliege.be - Outlook,Helpdesk général,2021-01-12,11:21:33,00:00:03
stefano.crapanzano@chu.ulg.ac.be,Boîte de réception - erp.sai@chuliege.be - Outlook,Helpdesk général,2021-01-12,11:21:39,00:00:19
stefano.crapanzano@chu.ulg.ac.be,Boîte de réception - erp.sai@chuliege.be - Outlook,Helpdesk général,2021-01-12,11:48:18,00:00:03
stefano.crapanzano@chu.ulg.ac.be,Boîte de réception - erp.sai@chuliege.be - Outlook,Helpdesk général,2021-01-12,11:51:26,00:00:03
stefano.crapanzano@chu.ulg.ac.be,Boîte de réception - erp.sai@chuliege.be - Outlook,Helpdesk général,2021-01-12,12:15:28,00:00:03
stefano.crapanzano@chu.ulg.ac.be,Boîte de réception - erp.sai@chuliege.be - Outlook,Helpdesk général,2021-01-12,12:15:41,00:00:03
stefano.crapanzano@chu.ulg.ac.be,Boîte de réception - erp.sai@chuliege.be - Outlook,Helpdesk général,2021-01-12,12:27:17,00:00:02
stefano.crapanzano@chu.ulg.ac.be,Boîte de réception - erp.sai@chuliege.be - Outlook,Helpdesk général,2021-01-12,13:32:00,00:01:36
stefano.crapanzano@chu.ulg.ac.be,Boîte de réception - erp.sai@chuliege.be - Outlook,Helpdesk général,2021-01-12,13:56:55,00:00:20
stefano.crapanzano@chu.ulg.ac.be,Boîte de réception - erp.sai@chuliege.be - Outlook,Helpdesk général,2021-01-12,13:59:47,00:00:07
stefano.crapanzano@chu.ulg.ac.be,Boîte de réception - erp.sai@chuliege.be - Outlook,Helpdesk général,2021-01-12,14:15:09,00:00:47
stefano.crapanzano@chu.ulg.ac.be,Boîte de réception - erp.sai@chuliege.be - Outlook,Helpdesk général,2021-01-12,14:17:20,00:00:11
stefano.crapanzano@chu.ulg.ac.be,Boîte de réception - erp.sai@chuliege.be - Outlook,Helpdesk général,2021-01-12,14:20:55,00:00:06
stefano.crapanzano@chu.ulg.ac.be,Boîte de réception - erp.sai@chuliege.be - Outlook,Helpdesk général,2021-01-12,14:25:40,00:03:37
stefano.crapanzano@chu.ulg.ac.be,Boîte de réception - erp.sai@chuliege.be - Outlook,Helpdesk général,2021-01-12,14:34:23,00:00:03
stefano.crapanzano@chu.ulg.ac.be,Boîte de réception - erp.sai@chuliege.be - Outlook,Helpdesk général,2021-01-12,14:43:41,00:00:03
stefano.crapanzano@chu.ulg.ac.be,Boîte de réception - erp.sai@chuliege.be - Outlook,Helpdesk général,2021-01-12,14:53:48,00:00:06
stefano.crapanzano@chu.ulg.ac.be,Boîte de réception - erp.sai@chuliege.be - Outlook,Helpdesk général,2021-01-12,14:53:58,00:00:31
stefano.crapanzano@chu.ulg.ac.be,Boîte de réception - erp.sai@chuliege.be - Outlook,Helpdesk général,2021-01-12,15:04:21,00:00:07
stefano.crapanzano@chu.ulg.ac.be,Boîte de réception - erp.sai@chuliege.be - Outlook,Helpdesk général,2021-01-12,15:21:56,00:00:03
stefano.crapanzano@chu.ulg.ac.be,Boîte de réception - erp.sai@chuliege.be - Outlook,Helpdesk général,2021-01-12,15:31:08,00:00:07
stefano.crapanzano@chu.ulg.ac.be,Boîte de réception - erp.sai@chuliege.be - Outlook,Helpdesk général,2021-01-12,15:40:29,00:00:03
stefano.crapanzano@chu.ulg.ac.be,Boîte de réception - erp.sai@chuliege.be - Outlook,Helpdesk général,2021-01-12,15:40:41,00:00:03
stefano.crapanzano@chu.ulg.ac.be,Boîte de réception - erp.sai@chuliege.be - Outlook,Helpdesk général,2021-01-12,15:58:27,00:00:02
stefano.crapanzano@chu.ulg.ac.be,Boîte de réception - erp.sai@chuliege.be - Outlook,Helpdesk général,2021-01-12,15:59:01,00:00:04
stefano.crapanzano@chu.ulg.ac.be,Boîte de réception - erp.sai@chuliege.be - Outlook,Helpdesk général,2021-01-12,16:14:28,00:00:07
stefano.crapanzano@chu.ulg.ac.be,Boîte de réception - erp.sai@chuliege.be - Outlook,Helpdesk général,2021-01-12,16:15:00,00:00:02
stefano.crapanzano@chu.ulg.ac.be,Boîte de réception - erp.sai@chuliege.be - Outlook,Helpdesk général,2021-01-12,16:17:39,00:00:10
stefano.crapanzano@chu.ulg.ac.be,Boîte de réception - erp.sai@chuliege.be - Outlook,Helpdesk général,2021-01-12,16:17:54,00:00:45
stefano.crapanzano@chu.ulg.ac.be,TR: Contrix - Présentation - Réunion,Helpdesk général,2021-01-12,08:28:08,00:08:50
stefano.crapanzano@chu.ulg.ac.be,TR: Contrix - Présentation - Réunion,Helpdesk général,2021-01-12,08:37:20,00:05:17
stefano.crapanzano@chu.ulg.ac.be,TR: Contrix - Présentation - Réunion,Helpdesk général,2021-01-12,08:42:40,00:00:31
stefano.crapanzano@chu.ulg.ac.be,TR: Contrix - Présentation - Réunion,Helpdesk général,2021-01-12,08:45:33,00:00:04
stefano.crapanzano@chu.ulg.ac.be,taskeng.exe,Helpdesk général,2021-01-12,08:36:59,00:00:20
stefano.crapanzano@chu.ulg.ac.be,Navigation système de fichier,IT,2021-01-12,08:42:37,00:00:02
stefano.crapanzano@chu.ulg.ac.be,Navigation système de fichier,IT,2021-01-12,08:43:11,00:00:02
stefano.crapanzano@chu.ulg.ac.be,Navigation système de fichier,IT,2021-01-12,08:45:31,00:00:02
stefano.crapanzano@chu.ulg.ac.be,Navigation système de fichier,IT,2021-01-12,08:45:44,00:00:02
stefano.crapanzano@chu.ulg.ac.be,Navigation système de fichier,IT,2021-01-12,09:53:24,00:00:09
stefano.crapanzano@chu.ulg.ac.be,Navigation système de fichier,IT,2021-01-12,10:05:53,00:00:03
stefano.crapanzano@chu.ulg.ac.be,Navigation système de fichier,IT,2021-01-12,10:11:53,00:00:37
stefano.crapanzano@chu.ulg.ac.be,Navigation système de fichier,IT,2021-01-12,10:13:55,00:00:06
stefano.crapanzano@chu.ulg.ac.be,Navigation système de fichier,IT,2021-01-12,10:14:59,00:00:04
stefano.crapanzano@chu.ulg.ac.be,Navigation système de fichier,IT,2021-01-12,10:17:31,00:00:02
stefano.crapanzano@chu.ulg.ac.be,Navigation système de fichier,IT,2021-01-12,10:17:56,00:00:02
stefano.crapanzano@chu.ulg.ac.be,Navigation système de fichier,IT,2021-01-12,10:18:37,00:00:06
stefano.crapanzano@chu.ulg.ac.be,Navigation système de fichier,IT,2021-01-12,10:20:31,00:00:04
stefano.crapanzano@chu.ulg.ac.be,Navigation système de fichier,IT,2021-01-12,10:21:09,00:00:21
stefano.crapanzano@chu.ulg.ac.be,Navigation système de fichier,IT,2021-01-12,10:22:19,00:00:03
stefano.crapanzano@chu.ulg.ac.be,Navigation système de fichier,IT,2021-01-12,10:25:21,00:00:06
stefano.crapanzano@chu.ulg.ac.be,Navigation système de fichier,IT,2021-01-12,10:25:50,00:00:05
stefano.crapanzano@chu.ulg.ac.be,Navigation système de fichier,IT,2021-01-12,10:28:27,00:01:35
stefano.crapanzano@chu.ulg.ac.be,Navigation système de fichier,IT,2021-01-12,10:37:54,00:00:26
stefano.crapanzano@chu.ulg.ac.be,Navigation système de fichier,IT,2021-01-12,10:39:41,00:00:04
stefano.crapanzano@chu.ulg.ac.be,Navigation système de fichier,IT,2021-01-12,10:40:07,00:00:03
stefano.crapanzano@chu.ulg.ac.be,Navigation système de fichier,IT,2021-01-12,10:40:28,00:00:04
stefano.crapanzano@chu.ulg.ac.be,Navigation système de fichier,IT,2021-01-12,10:43:31,00:00:07
stefano.crapanzano@chu.ulg.ac.be,Navigation système de fichier,IT,2021-01-12,10:51:03,00:00:05
stefano.crapanzano@chu.ulg.ac.be,Navigation système de fichier,IT,2021-01-12,11:41:30,00:00:03
stefano.crapanzano@chu.ulg.ac.be,Navigation système de fichier,IT,2021-01-12,11:48:21,00:00:04
stefano.crapanzano@chu.ulg.ac.be,Navigation système de fichier,IT,2021-01-12,11:49:20,00:00:03
stefano.crapanzano@chu.ulg.ac.be,Navigation système de fichier,IT,2021-01-12,11:53:44,00:00:03
stefano.crapanzano@chu.ulg.ac.be,Navigation système de fichier,IT,2021-01-12,11:55:20,00:00:25
stefano.crapanzano@chu.ulg.ac.be,Navigation système de fichier,IT,2021-01-12,12:00:01,00:00:02
stefano.crapanzano@chu.ulg.ac.be,Navigation système de fichier,IT,2021-01-12,12:00:43,00:00:03
stefano.crapanzano@chu.ulg.ac.be,Navigation système de fichier,IT,2021-01-12,12:15:35,00:00:02
stefano.crapanzano@chu.ulg.ac.be,Navigation système de fichier,IT,2021-01-12,12:23:09,00:00:02
stefano.crapanzano@chu.ulg.ac.be,Navigation système de fichier,IT,2021-01-12,12:23:14,00:00:05
stefano.crapanzano@chu.ulg.ac.be,Navigation système de fichier,IT,2021-01-12,12:24:23,00:00:05
stefano.crapanzano@chu.ulg.ac.be,Navigation système de fichier,IT,2021-01-12,12:25:27,00:00:02
stefano.crapanzano@chu.ulg.ac.be,Navigation système de fichier,IT,2021-01-12,12:26:20,00:00:40
stefano.crapanzano@chu.ulg.ac.be,Navigation système de fichier,IT,2021-01-12,12:27:12,00:00:04
stefano.crapanzano@chu.ulg.ac.be,Navigation système de fichier,IT,2021-01-12,12:28:15,00:00:13
stefano.crapanzano@chu.ulg.ac.be,Navigation système de fichier,IT,2021-01-12,12:28:52,00:00:04
stefano.crapanzano@chu.ulg.ac.be,Navigation système de fichier,IT,2021-01-12,12:29:59,00:00:07
stefano.crapanzano@chu.ulg.ac.be,Navigation système de fichier,IT,2021-01-12,12:31:34,00:00:18
stefano.crapanzano@chu.ulg.ac.be,Navigation système de fichier,IT,2021-01-12,12:32:44,00:00:21
stefano.crapanzano@chu.ulg.ac.be,Navigation système de fichier,IT,2021-01-12,12:33:17,00:00:10
stefano.crapanzano@chu.ulg.ac.be,Navigation système de fichier,IT,2021-01-12,12:33:30,00:00:15
stefano.crapanzano@chu.ulg.ac.be,Navigation système de fichier,IT,2021-01-12,12:33:50,00:00:11
stefano.crapanzano@chu.ulg.ac.be,Navigation système de fichier,IT,2021-01-12,12:36:44,00:00:02
stefano.crapanzano@chu.ulg.ac.be,Navigation système de fichier,IT,2021-01-12,12:44:44,00:00:02
stefano.crapanzano@chu.ulg.ac.be,Navigation système de fichier,IT,2021-01-12,12:45:03,00:00:05
stefano.crapanzano@chu.ulg.ac.be,Navigation système de fichier,IT,2021-01-12,12:45:10,00:00:11
stefano.crapanzano@chu.ulg.ac.be,Navigation système de fichier,IT,2021-01-12,12:45:56,00:00:02
stefano.crapanzano@chu.ulg.ac.be,Navigation système de fichier,IT,2021-01-12,12:51:57,00:00:03
stefano.crapanzano@chu.ulg.ac.be,Navigation système de fichier,IT,2021-01-12,12:54:19,00:00:03
stefano.crapanzano@chu.ulg.ac.be,Navigation système de fichier,IT,2021-01-12,12:56:37,00:00:03
stefano.crapanzano@chu.ulg.ac.be,Navigation système de fichier,IT,2021-01-12,13:03:21,00:00:05
stefano.crapanzano@chu.ulg.ac.be,Navigation système de fichier,IT,2021-01-12,13:04:09,00:00:08
stefano.crapanzano@chu.ulg.ac.be,Navigation système de fichier,IT,2021-01-12,13:05:01,00:00:02
stefano.crapanzano@chu.ulg.ac.be,Navigation système de fichier,IT,2021-01-12,13:05:04,00:00:02
stefano.crapanzano@chu.ulg.ac.be,Navigation système de fichier,IT,2021-01-12,13:05:17,00:00:03
stefano.crapanzano@chu.ulg.ac.be,Navigation système de fichier,IT,2021-01-12,13:06:41,00:00:03
stefano.crapanzano@chu.ulg.ac.be,Navigation système de fichier,IT,2021-01-12,13:07:11,00:00:18
stefano.crapanzano@chu.ulg.ac.be,Navigation système de fichier,IT,2021-01-12,13:08:33,00:00:06
stefano.crapanzano@chu.ulg.ac.be,Navigation système de fichier,IT,2021-01-12,13:11:46,00:00:03
stefano.crapanzano@chu.ulg.ac.be,Navigation système de fichier,IT,2021-01-12,13:11:57,00:00:04
stefano.crapanzano@chu.ulg.ac.be,Navigation système de fichier,IT,2021-01-12,13:14:17,00:00:05
stefano.crapanzano@chu.ulg.ac.be,Navigation système de fichier,IT,2021-01-12,13:16:35,00:00:03
stefano.crapanzano@chu.ulg.ac.be,Navigation système de fichier,IT,2021-01-12,13:21:32,00:00:04
stefano.crapanzano@chu.ulg.ac.be,Navigation système de fichier,IT,2021-01-12,13:21:43,00:00:02
stefano.crapanzano@chu.ulg.ac.be,Navigation système de fichier,IT,2021-01-12,13:21:47,00:00:02
stefano.crapanzano@chu.ulg.ac.be,Navigation système de fichier,IT,2021-01-12,13:21:53,00:00:03
stefano.crapanzano@chu.ulg.ac.be,Navigation système de fichier,IT,2021-01-12,13:28:54,00:00:05
stefano.crapanzano@chu.ulg.ac.be,Navigation système de fichier,IT,2021-01-12,13:43:52,00:00:07
stefano.crapanzano@chu.ulg.ac.be,Navigation système de fichier,IT,2021-01-12,14:09:54,00:00:04
stefano.crapanzano@chu.ulg.ac.be,Navigation système de fichier,IT,2021-01-12,14:12:01,00:00:32
stefano.crapanzano@chu.ulg.ac.be,Navigation système de fichier,IT,2021-01-12,14:14:13,00:00:03
stefano.crapanzano@chu.ulg.ac.be,Navigation système de fichier,IT,2021-01-12,14:14:40,00:00:03
stefano.crapanzano@chu.ulg.ac.be,Navigation système de fichier,IT,2021-01-12,14:15:59,00:00:03
stefano.crapanzano@chu.ulg.ac.be,Navigation système de fichier,IT,2021-01-12,14:20:52,00:00:02
stefano.crapanzano@chu.ulg.ac.be,Navigation système de fichier,IT,2021-01-12,14:22:57,00:00:03
stefano.crapanzano@chu.ulg.ac.be,Navigation système de fichier,IT,2021-01-12,14:33:47,00:00:02
stefano.crapanzano@chu.ulg.ac.be,Navigation système de fichier,IT,2021-01-12,14:35:44,00:00:23
stefano.crapanzano@chu.ulg.ac.be,Navigation système de fichier,IT,2021-01-12,14:41:57,00:00:02
stefano.crapanzano@chu.ulg.ac.be,Navigation système de fichier,IT,2021-01-12,14:44:05,00:00:11
stefano.crapanzano@chu.ulg.ac.be,Navigation système de fichier,IT,2021-01-12,14:49:16,00:00:15
stefano.crapanzano@chu.ulg.ac.be,Navigation système de fichier,IT,2021-01-12,14:49:55,00:03:51
stefano.crapanzano@chu.ulg.ac.be,Navigation système de fichier,IT,2021-01-12,15:04:50,00:00:17
stefano.crapanzano@chu.ulg.ac.be,Navigation système de fichier,IT,2021-01-12,15:05:58,00:00:10
stefano.crapanzano@chu.ulg.ac.be,Navigation système de fichier,IT,2021-01-12,15:07:51,00:00:02
stefano.crapanzano@chu.ulg.ac.be,Navigation système de fichier,IT,2021-01-12,15:08:54,00:00:05
stefano.crapanzano@chu.ulg.ac.be,Navigation système de fichier,IT,2021-01-12,15:09:27,00:00:04
stefano.crapanzano@chu.ulg.ac.be,Navigation système de fichier,IT,2021-01-12,15:10:11,00:00:05
stefano.crapanzano@chu.ulg.ac.be,Navigation système de fichier,IT,2021-01-12,15:10:51,00:00:11
stefano.crapanzano@chu.ulg.ac.be,Navigation système de fichier,IT,2021-01-12,15:11:31,00:00:12
stefano.crapanzano@chu.ulg.ac.be,Navigation système de fichier,IT,2021-01-12,15:11:44,00:00:12
stefano.crapanzano@chu.ulg.ac.be,Navigation système de fichier,IT,2021-01-12,15:21:42,00:00:02
stefano.crapanzano@chu.ulg.ac.be,Navigation système de fichier,IT,2021-01-12,15:25:49,00:00:22
stefano.crapanzano@chu.ulg.ac.be,Navigation système de fichier,IT,2021-01-12,15:26:25,00:00:38
stefano.crapanzano@chu.ulg.ac.be,Navigation système de fichier,IT,2021-01-12,15:28:22,00:00:04
stefano.crapanzano@chu.ulg.ac.be,Navigation système de fichier,IT,2021-01-12,15:28:44,00:00:02
stefano.crapanzano@chu.ulg.ac.be,Navigation système de fichier,IT,2021-01-12,15:29:16,00:00:03
stefano.crapanzano@chu.ulg.ac.be,Navigation système de fichier,IT,2021-01-12,15:31:58,00:00:02
stefano.crapanzano@chu.ulg.ac.be,Navigation système de fichier,IT,2021-01-12,15:32:01,00:00:02
stefano.crapanzano@chu.ulg.ac.be,Navigation système de fichier,IT,2021-01-12,15:32:11,00:00:03
stefano.crapanzano@chu.ulg.ac.be,Navigation système de fichier,IT,2021-01-12,15:32:50,00:00:17
stefano.crapanzano@chu.ulg.ac.be,Navigation système de fichier,IT,2021-01-12,15:33:17,00:00:02
stefano.crapanzano@chu.ulg.ac.be,Navigation système de fichier,IT,2021-01-12,15:34:04,00:00:13
stefano.crapanzano@chu.ulg.ac.be,Navigation système de fichier,IT,2021-01-12,15:34:21,00:00:07
stefano.crapanzano@chu.ulg.ac.be,Navigation système de fichier,IT,2021-01-12,15:38:04,00:00:06
stefano.crapanzano@chu.ulg.ac.be,Navigation système de fichier,IT,2021-01-12,15:38:23,00:00:02
stefano.crapanzano@chu.ulg.ac.be,Navigation système de fichier,IT,2021-01-12,15:39:59,00:00:07
stefano.crapanzano@chu.ulg.ac.be,Navigation système de fichier,IT,2021-01-12,15:40:59,00:00:32
stefano.crapanzano@chu.ulg.ac.be,Navigation système de fichier,IT,2021-01-12,15:41:53,00:00:04
stefano.crapanzano@chu.ulg.ac.be,Navigation système de fichier,IT,2021-01-12,15:42:10,00:00:02
stefano.crapanzano@chu.ulg.ac.be,Navigation système de fichier,IT,2021-01-12,15:43:01,00:00:05
stefano.crapanzano@chu.ulg.ac.be,Navigation système de fichier,IT,2021-01-12,15:43:12,00:02:11
stefano.crapanzano@chu.ulg.ac.be,Navigation système de fichier,IT,2021-01-12,15:47:29,00:00:02
stefano.crapanzano@chu.ulg.ac.be,Navigation système de fichier,IT,2021-01-12,15:48:03,00:00:03
stefano.crapanzano@chu.ulg.ac.be,Navigation système de fichier,IT,2021-01-12,15:48:14,00:00:02
stefano.crapanzano@chu.ulg.ac.be,Navigation système de fichier,IT,2021-01-12,15:48:18,00:00:02
stefano.crapanzano@chu.ulg.ac.be,Navigation système de fichier,IT,2021-01-12,15:48:47,00:00:12
stefano.crapanzano@chu.ulg.ac.be,Navigation système de fichier,IT,2021-01-12,15:49:05,00:00:02
stefano.crapanzano@chu.ulg.ac.be,Navigation système de fichier,IT,2021-01-12,15:49:16,00:00:02
stefano.crapanzano@chu.ulg.ac.be,Navigation système de fichier,IT,2021-01-12,15:51:23,00:00:13
stefano.crapanzano@chu.ulg.ac.be,Navigation système de fichier,IT,2021-01-12,15:51:38,00:00:15
stefano.crapanzano@chu.ulg.ac.be,Navigation système de fichier,IT,2021-01-12,15:53:56,00:00:06
stefano.crapanzano@chu.ulg.ac.be,Navigation système de fichier,IT,2021-01-12,15:55:39,00:00:15
stefano.crapanzano@chu.ulg.ac.be,Navigation système de fichier,IT,2021-01-12,15:57:11,00:00:19
stefano.crapanzano@chu.ulg.ac.be,Navigation système de fichier,IT,2021-01-12,15:57:58,00:00:06
stefano.crapanzano@chu.ulg.ac.be,Navigation système de fichier,IT,2021-01-12,15:58:29,00:00:07
stefano.crapanzano@chu.ulg.ac.be,Navigation système de fichier,IT,2021-01-12,15:58:44,00:00:02
stefano.crapanzano@chu.ulg.ac.be,Navigation système de fichier,IT,2021-01-12,16:02:54,00:00:06
stefano.crapanzano@chu.ulg.ac.be,Navigation système de fichier,IT,2021-01-12,16:14:15,00:00:07
stefano.crapanzano@chu.ulg.ac.be,Navigation système de fichier,IT,2021-01-12,16:18:42,00:00:02
stefano.crapanzano@chu.ulg.ac.be,Service MT - Google Chrome,Tâches diverses,2021-01-12,08:44:43,00:00:02
stefano.crapanzano@chu.ulg.ac.be,Service MT - Google Chrome,Tâches diverses,2021-01-12,08:44:58,00:00:32
stefano.crapanzano@chu.ulg.ac.be,Service MT - Google Chrome,Tâches diverses,2021-01-12,16:18:49,00:00:08
stefano.crapanzano@chu.ulg.ac.be,Identification - Google Chrome,Tâches diverses,2021-01-12,08:44:45,00:00:13
stefano.crapanzano@chu.ulg.ac.be,Lecture documentation,Tâches diverses,2021-01-12,08:45:47,00:00:07
stefano.crapanzano@chu.ulg.ac.be,Lecture documentation,Tâches diverses,2021-01-12,08:45:58,00:05:21
stefano.crapanzano@chu.ulg.ac.be,Lecture documentation,Tâches diverses,2021-01-12,09:03:50,00:00:13
stefano.crapanzano@chu.ulg.ac.be,Lecture documentation,Tâches diverses,2021-01-12,09:57:06,00:08:34
stefano.crapanzano@chu.ulg.ac.be,Lecture documentation,Tâches diverses,2021-01-12,10:15:04,00:02:16
stefano.crapanzano@chu.ulg.ac.be,Lecture documentation,Tâches diverses,2021-01-12,10:40:10,00:00:04
stefano.crapanzano@chu.ulg.ac.be,Lecture documentation,Tâches diverses,2021-01-12,10:41:35,00:00:45
stefano.crapanzano@chu.ulg.ac.be,Lecture documentation,Tâches diverses,2021-01-12,11:15:16,00:04:50
stefano.crapanzano@chu.ulg.ac.be,Lecture documentation,Tâches diverses,2021-01-12,11:21:00,00:00:33
stefano.crapanzano@chu.ulg.ac.be,Lecture documentation,Tâches diverses,2021-01-12,11:21:58,00:14:28
stefano.crapanzano@chu.ulg.ac.be,Lecture documentation,Tâches diverses,2021-01-12,11:41:33,00:06:34
stefano.crapanzano@chu.ulg.ac.be,Lecture documentation,Tâches diverses,2021-01-12,12:15:48,00:07:21
stefano.crapanzano@chu.ulg.ac.be,Lecture documentation,Tâches diverses,2021-01-12,12:27:50,00:00:07
stefano.crapanzano@chu.ulg.ac.be,Lecture documentation,Tâches diverses,2021-01-12,14:01:56,00:01:20
stefano.crapanzano@chu.ulg.ac.be,Lecture documentation,Tâches diverses,2021-01-12,14:04:30,00:00:12
stefano.crapanzano@chu.ulg.ac.be,Lecture documentation,Tâches diverses,2021-01-12,14:04:52,00:00:28
stefano.crapanzano@chu.ulg.ac.be,Lecture documentation,Tâches diverses,2021-01-12,14:05:24,00:00:18
stefano.crapanzano@chu.ulg.ac.be,Lecture documentation,Tâches diverses,2021-01-12,14:06:09,00:02:01
stefano.crapanzano@chu.ulg.ac.be,Lecture documentation,Tâches diverses,2021-01-12,14:08:11,00:01:38
stefano.crapanzano@chu.ulg.ac.be,Lecture documentation,Tâches diverses,2021-01-12,14:09:58,00:02:03
stefano.crapanzano@chu.ulg.ac.be,Lecture documentation,Tâches diverses,2021-01-12,14:16:02,00:01:18
stefano.crapanzano@chu.ulg.ac.be,Lecture documentation,Tâches diverses,2021-01-12,14:17:32,00:03:18
stefano.crapanzano@chu.ulg.ac.be,Lecture documentation,Tâches diverses,2021-01-12,14:23:06,00:02:34
stefano.crapanzano@chu.ulg.ac.be,Lecture documentation,Tâches diverses,2021-01-12,14:29:18,00:04:29
stefano.crapanzano@chu.ulg.ac.be,Lecture documentation,Tâches diverses,2021-01-12,14:35:28,00:00:05
stefano.crapanzano@chu.ulg.ac.be,Lecture documentation,Tâches diverses,2021-01-12,14:36:08,00:00:33
stefano.crapanzano@chu.ulg.ac.be,Lecture documentation,Tâches diverses,2021-01-12,14:41:31,00:00:26
stefano.crapanzano@chu.ulg.ac.be,Lecture documentation,Tâches diverses,2021-01-12,14:54:42,00:08:52
stefano.crapanzano@chu.ulg.ac.be,Lecture documentation,Tâches diverses,2021-01-12,15:06:09,00:01:42
stefano.crapanzano@chu.ulg.ac.be,Lecture documentation,Tâches diverses,2021-01-12,15:33:31,00:00:33
stefano.crapanzano@chu.ulg.ac.be,Lecture documentation,Tâches diverses,2021-01-12,15:34:19,00:00:02
stefano.crapanzano@chu.ulg.ac.be,Lecture documentation,Tâches diverses,2021-01-12,15:36:24,00:00:12
stefano.crapanzano@chu.ulg.ac.be,Lecture documentation,Tâches diverses,2021-01-12,15:39:08,00:00:26
stefano.crapanzano@chu.ulg.ac.be,Lecture documentation,Tâches diverses,2021-01-12,15:39:44,00:00:03
stefano.crapanzano@chu.ulg.ac.be,Lecture documentation,Tâches diverses,2021-01-12,16:14:35,00:00:23
stefano.crapanzano@chu.ulg.ac.be,Lecture documentation,Tâches diverses,2021-01-12,16:19:01,00:38:25
stefano.crapanzano@chu.ulg.ac.be,Lecture documentation,Tâches diverses,2021-01-12,16:57:48,00:00:05
stefano.crapanzano@chu.ulg.ac.be,Programmation,IT,2021-01-12,08:45:54,00:00:03
stefano.crapanzano@chu.ulg.ac.be,Programmation,IT,2021-01-12,15:32:04,00:00:03
stefano.crapanzano@chu.ulg.ac.be,Programmation,IT,2021-01-12,15:51:54,00:02:02
stefano.crapanzano@chu.ulg.ac.be,SAM - DB - Google Chrome,Tâches diverses,2021-01-12,08:53:34,00:09:02
stefano.crapanzano@chu.ulg.ac.be,SAM - DB - Google Chrome,Tâches diverses,2021-01-12,12:15:45,00:00:02
stefano.crapanzano@chu.ulg.ac.be,SAM - DB - Google Chrome,Tâches diverses,2021-01-12,13:33:43,00:01:55
stefano.crapanzano@chu.ulg.ac.be,SAM - DB - Google Chrome,Tâches diverses,2021-01-12,13:35:49,00:00:28
stefano.crapanzano@chu.ulg.ac.be,SAM - DB - Google Chrome,Tâches diverses,2021-01-12,13:36:32,00:01:44
stefano.crapanzano@chu.ulg.ac.be,SAM - DB - Google Chrome,Tâches diverses,2021-01-12,13:38:17,00:04:25
stefano.crapanzano@chu.ulg.ac.be,SAM - DB - Google Chrome,Tâches diverses,2021-01-12,15:07:54,00:00:03
stefano.crapanzano@chu.ulg.ac.be,SAM - DB - Google Chrome,Tâches diverses,2021-01-12,16:18:44,00:00:04
stefano.crapanzano@chu.ulg.ac.be,COTTINI Melinda,Helpdesk général,2021-01-12,09:02:45,00:01:04
stefano.crapanzano@chu.ulg.ac.be,Calendrier - Zimbra - Stefano Crapanzano - Outlook,Helpdesk général,2021-01-12,09:04:05,00:00:09
stefano.crapanzano@chu.ulg.ac.be,Calendrier - Zimbra - Stefano Crapanzano - Outlook,Helpdesk général,2021-01-12,09:04:16,00:27:51
stefano.crapanzano@chu.ulg.ac.be,Calendrier - Zimbra - Stefano Crapanzano - Outlook,Helpdesk général,2021-01-12,09:33:18,00:20:04
stefano.crapanzano@chu.ulg.ac.be,Calendrier - Zimbra - Stefano Crapanzano - Outlook,Helpdesk général,2021-01-12,10:05:41,00:00:02
stefano.crapanzano@chu.ulg.ac.be,Calendrier - Zimbra - Stefano Crapanzano - Outlook,Helpdesk général,2021-01-12,10:11:50,00:00:02
stefano.crapanzano@chu.ulg.ac.be,Calendrier - Zimbra - Stefano Crapanzano - Outlook,Helpdesk général,2021-01-12,10:27:18,00:00:07
stefano.crapanzano@chu.ulg.ac.be,Calendrier - Zimbra - Stefano Crapanzano - Outlook,Helpdesk général,2021-01-12,10:40:15,00:00:02
stefano.crapanzano@chu.ulg.ac.be,Oracle SQL Developer,Helpdesk général,2021-01-12,09:53:36,00:00:03
stefano.crapanzano@chu.ulg.ac.be,Erreur dans le test JOB_MONITORING_NOK - Message (Texte brut),Helpdesk général,2021-01-12,10:05:43,00:00:02
stefano.crapanzano@chu.ulg.ac.be,\\oazisusers.st.chulg\oazis_users\Informatique\ERP\Exploitation\SURVEILLANCE\JOB\jobs_12_01_2021_09_00_00_09_59_59.csv_nok - Notepad++ [Administrator],IT,2021-01-12,10:05:48,00:00:04
stefano.crapanzano@chu.ulg.ac.be,new 2 - Notepad++ [Administrator],IT,2021-01-12,10:05:58,00:05:51
stefano.crapanzano@chu.ulg.ac.be,Oracle SQL Developer : oazis~1,IT,2021-01-12,10:18:04,00:00:30
stefano.crapanzano@chu.ulg.ac.be,*new 2 - Notepad++ [Administrator],IT,2021-01-12,10:17:58,00:00:06
stefano.crapanzano@chu.ulg.ac.be,*new 2 - Notepad++ [Administrator],IT,2021-01-12,10:21:35,00:00:04
stefano.crapanzano@chu.ulg.ac.be,*new 2 - Notepad++ [Administrator],IT,2021-01-12,10:21:46,00:00:04
stefano.crapanzano@chu.ulg.ac.be,*new 2 - Notepad++ [Administrator],IT,2021-01-12,10:38:48,00:00:03
stefano.crapanzano@chu.ulg.ac.be,SVN_LOCAL – CHL_ERP_ZI54_MONITORING.pl [SVN_LOCAL] (Administrator),IT,2021-01-12,10:18:34,00:00:02
stefano.crapanzano@chu.ulg.ac.be,SVN_LOCAL – CHL_ERP_ZI54_MONITORING.pl [SVN_LOCAL] (Administrator),IT,2021-01-12,10:22:27,00:00:34
stefano.crapanzano@chu.ulg.ac.be,Analyse_fichier_decompte.bat - Bloc-notes,IT,2021-01-12,10:20:36,00:00:33
stefano.crapanzano@chu.ulg.ac.be,I:\Informatique\ERP\Securite\security\CHL_ERP_ENCOURS.info - Notepad++ [Administrator],IT,2021-01-12,10:21:30,00:00:04
stefano.crapanzano@chu.ulg.ac.be,I:\Informatique\ERP\Securite\security\CHL_ERP_REPART_OD.info - Notepad++ [Administrator],IT,2021-01-12,10:21:40,00:00:06
stefano.crapanzano@chu.ulg.ac.be,I:\Informatique\ERP\Securite\security\CHL_ERP_REPART_OD.info - Notepad++ [Administrator],IT,2021-01-12,10:25:55,00:00:04
stefano.crapanzano@chu.ulg.ac.be,I:\Informatique\ERP\Securite\security\CHL_ERP_REPART_OD.info - Notepad++ [Administrator],IT,2021-01-12,10:28:16,00:00:11
stefano.crapanzano@chu.ulg.ac.be,I:\Informatique\ERP\Securite\security\CHL_ERP_REPART_OD.info - Notepad++ [Administrator],IT,2021-01-12,10:39:15,00:00:03
stefano.crapanzano@chu.ulg.ac.be,CHL_ERP_DEPASSEMENT_DOTATION.bat - Bloc-notes,IT,2021-01-12,10:22:23,00:00:04
stefano.crapanzano@chu.ulg.ac.be,CHL_ERP_DEPASSEMENT_DOTATION.bat - Bloc-notes,IT,2021-01-12,10:30:03,00:00:02
stefano.crapanzano@chu.ulg.ac.be,Copy,IT,2021-01-12,10:23:02,00:00:10
stefano.crapanzano@chu.ulg.ac.be,SVN_LOCAL – CHL_ERP_EXTRACT_CONTRAT.bat [SVN_LOCAL] (Administrator),IT,2021-01-12,10:23:14,00:00:57
stefano.crapanzano@chu.ulg.ac.be,SVN_LOCAL – CHL_ERP_EXTRACT_CONTRAT.bat [SVN_LOCAL] (Administrator),IT,2021-01-12,10:24:18,00:00:03
stefano.crapanzano@chu.ulg.ac.be,SVN_LOCAL – CHL_ERP_EXTRACT_CONTRAT.bat [SVN_LOCAL] (Administrator),IT,2021-01-12,10:24:25,00:00:09
stefano.crapanzano@chu.ulg.ac.be,SVN_LOCAL – CHL_ERP_EXTRACT_CONTRAT.bat [SVN_LOCAL] (Administrator),IT,2021-01-12,10:24:55,00:00:26
stefano.crapanzano@chu.ulg.ac.be,SVN_LOCAL – CHL_ERP_EXTRACT_CONTRAT.bat [SVN_LOCAL] (Administrator),IT,2021-01-12,10:30:21,00:03:33
stefano.crapanzano@chu.ulg.ac.be,SVN_LOCAL – CHL_ERP_EXTRACT_CONTRAT.bat [SVN_LOCAL] (Administrator),IT,2021-01-12,10:35:33,00:00:13
stefano.crapanzano@chu.ulg.ac.be,SVN_LOCAL – CHL_ERP_EXTRACT_CONTRAT.bat [SVN_LOCAL] (Administrator),IT,2021-01-12,10:36:33,00:01:19
stefano.crapanzano@chu.ulg.ac.be,SVN_LOCAL – CHL_ERP_EXTRACT_CONTRAT.bat [SVN_LOCAL] (Administrator),IT,2021-01-12,10:38:32,00:00:03
stefano.crapanzano@chu.ulg.ac.be,SVN_LOCAL – CHL_ERP_EXTRACT_CONTRAT.bat [SVN_LOCAL] (Administrator),IT,2021-01-12,10:38:46,00:00:02
stefano.crapanzano@chu.ulg.ac.be,SVN_LOCAL – CHL_ERP_EXTRACT_CONTRAT.bat [SVN_LOCAL] (Administrator),IT,2021-01-12,10:43:39,00:00:39
stefano.crapanzano@chu.ulg.ac.be,SVN_LOCAL – CHL_ERP_EXTRACT_CONTRAT.bat [SVN_LOCAL] (Administrator),IT,2021-01-12,10:45:54,00:00:10
stefano.crapanzano@chu.ulg.ac.be,SVN_LOCAL – CHL_ERP_EXTRACT_CONTRAT.bat [SVN_LOCAL] (Administrator),IT,2021-01-12,10:46:06,00:00:09
stefano.crapanzano@chu.ulg.ac.be,SVN_LOCAL – CHL_ERP_EXTRACT_CONTRAT.bat [SVN_LOCAL] (Administrator),IT,2021-01-12,10:47:19,00:00:12
stefano.crapanzano@chu.ulg.ac.be,SVN_LOCAL – CHL_ERP_EXTRACT_CONTRAT.bat [SVN_LOCAL] (Administrator),IT,2021-01-12,10:48:38,00:00:25
stefano.crapanzano@chu.ulg.ac.be,SVN_LOCAL – CHL_ERP_EXTRACT_CONTRAT.bat [SVN_LOCAL] (Administrator),IT,2021-01-12,10:50:56,00:00:07
stefano.crapanzano@chu.ulg.ac.be,SVN_LOCAL – CHL_ERP_EXTRACT_CONTRAT.bat [SVN_LOCAL] (Administrator),IT,2021-01-12,10:51:08,00:00:30
stefano.crapanzano@chu.ulg.ac.be,SVN_LOCAL – CHL_ERP_EXTRACT_CONTRAT.bat [SVN_LOCAL] (Administrator),IT,2021-01-12,10:51:55,00:00:16
stefano.crapanzano@chu.ulg.ac.be,SVN_LOCAL – CHL_ERP_EXTRACT_CONTRAT.bat [SVN_LOCAL] (Administrator),IT,2021-01-12,10:52:23,00:00:10
stefano.crapanzano@chu.ulg.ac.be,SVN_LOCAL – CHL_ERP_EXTRACT_CONTRAT.bat [SVN_LOCAL] (Administrator),IT,2021-01-12,10:53:00,00:05:49
stefano.crapanzano@chu.ulg.ac.be,SVN_LOCAL – CHL_ERP_EXTRACT_CONTRAT.bat [SVN_LOCAL] (Administrator),IT,2021-01-12,11:36:26,00:02:21
stefano.crapanzano@chu.ulg.ac.be,SVN_LOCAL – CHL_ERP_EXTRACT_CONTRAT.bat [SVN_LOCAL] (Administrator),IT,2021-01-12,11:39:08,00:00:04
stefano.crapanzano@chu.ulg.ac.be,SVN_LOCAL – CHL_ERP_EXTRACT_CONTRAT.bat [SVN_LOCAL] (Administrator),IT,2021-01-12,11:49:23,00:00:02
stefano.crapanzano@chu.ulg.ac.be,SVN_LOCAL – CHL_ERP_EXTRACT_CONTRAT.bat [SVN_LOCAL] (Administrator),IT,2021-01-12,11:53:36,00:00:08
stefano.crapanzano@chu.ulg.ac.be,SVN_LOCAL – CHL_ERP_EXTRACT_CONTRAT.bat [SVN_LOCAL] (Administrator),IT,2021-01-12,12:23:19,00:00:02
stefano.crapanzano@chu.ulg.ac.be,SVN_LOCAL – CHL_ERP_EXTRACT_CONTRAT.bat [SVN_LOCAL] (Administrator),IT,2021-01-12,12:24:10,00:00:12
stefano.crapanzano@chu.ulg.ac.be,SVN_LOCAL – CHL_ERP_EXTRACT_CONTRAT.bat [SVN_LOCAL] (Administrator),IT,2021-01-12,12:24:31,00:00:03
stefano.crapanzano@chu.ulg.ac.be,SVN_LOCAL – CHL_ERP_EXTRACT_CONTRAT.bat [SVN_LOCAL] (Administrator),IT,2021-01-12,12:24:37,00:00:09
stefano.crapanzano@chu.ulg.ac.be,SVN_LOCAL – CHL_ERP_EXTRACT_CONTRAT.bat [SVN_LOCAL] (Administrator),IT,2021-01-12,12:25:29,00:00:50
stefano.crapanzano@chu.ulg.ac.be,SVN_LOCAL – CHL_ERP_EXTRACT_CONTRAT.bat [SVN_LOCAL] (Administrator),IT,2021-01-12,12:28:28,00:00:23
stefano.crapanzano@chu.ulg.ac.be,SVN_LOCAL – CHL_ERP_EXTRACT_CONTRAT.bat [SVN_LOCAL] (Administrator),IT,2021-01-12,12:28:56,00:00:02
stefano.crapanzano@chu.ulg.ac.be,SVN_LOCAL – CHL_ERP_EXTRACT_CONTRAT.bat [SVN_LOCAL] (Administrator),IT,2021-01-12,12:29:55,00:00:03
stefano.crapanzano@chu.ulg.ac.be,SVN_LOCAL – CHL_ERP_EXTRACT_CONTRAT.bat [SVN_LOCAL] (Administrator),IT,2021-01-12,12:30:08,00:00:03
stefano.crapanzano@chu.ulg.ac.be,SVN_LOCAL – CHL_ERP_EXTRACT_CONTRAT.bat [SVN_LOCAL] (Administrator),IT,2021-01-12,12:31:53,00:00:21
stefano.crapanzano@chu.ulg.ac.be,SVN_LOCAL – CHL_ERP_ENCOURS_FAC.bat [SVN_LOCAL] (Administrator),IT,2021-01-12,10:24:12,00:00:06
stefano.crapanzano@chu.ulg.ac.be,SVN_LOCAL – CHL_ERP_ENCOURS_FAC.bat [SVN_LOCAL] (Administrator),IT,2021-01-12,10:50:02,00:00:20
stefano.crapanzano@chu.ulg.ac.be,SVN_LOCAL – CHL_ERP_REPART_OD.bat [SVN_LOCAL] (Administrator),IT,2021-01-12,10:24:21,00:00:03
stefano.crapanzano@chu.ulg.ac.be,SVN_LOCAL – CHL_ERP_REPART_OD.bat [SVN_LOCAL] (Administrator),IT,2021-01-12,10:49:20,00:00:31
stefano.crapanzano@chu.ulg.ac.be,SVN_LOCAL – CHL_ERP_REPART_OD.pl [SVN_LOCAL] (Administrator),IT,2021-01-12,10:24:35,00:00:20
stefano.crapanzano@chu.ulg.ac.be,Ouverture -Excel,Tâches diverses,2021-01-12,10:25:28,00:00:03
stefano.crapanzano@chu.ulg.ac.be,Ouverture -Excel,Tâches diverses,2021-01-12,12:45:21,00:00:03
stefano.crapanzano@chu.ulg.ac.be,Ouverture -Excel,Tâches diverses,2021-01-12,12:54:23,00:00:02
stefano.crapanzano@chu.ulg.ac.be,Ouverture -Excel,Tâches diverses,2021-01-12,13:04:17,00:00:02
stefano.crapanzano@chu.ulg.ac.be,Ouverture -Excel,Tâches diverses,2021-01-12,13:06:44,00:00:03
stefano.crapanzano@chu.ulg.ac.be,Ouverture -Excel,Tâches diverses,2021-01-12,13:11:49,00:00:02
stefano.crapanzano@chu.ulg.ac.be,Ouverture -Excel,Tâches diverses,2021-01-12,13:16:38,00:00:02
stefano.crapanzano@chu.ulg.ac.be,Ouverture -Excel,Tâches diverses,2021-01-12,13:21:20,00:00:02
stefano.crapanzano@chu.ulg.ac.be,Ouverture -Excel,Tâches diverses,2021-01-12,14:44:16,00:00:04
stefano.crapanzano@chu.ulg.ac.be,Ouverture -Excel,Tâches diverses,2021-01-12,14:49:32,00:00:02
stefano.crapanzano@chu.ulg.ac.be,QUERY_FROM_CELL.xlsm - Excel,Tâches diverses,2021-01-12,10:25:32,00:00:12
stefano.crapanzano@chu.ulg.ac.be,QUERY_FROM_CELL.xlsm - Excel,Tâches diverses,2021-01-12,10:26:01,00:00:37
stefano.crapanzano@chu.ulg.ac.be,QUERY_FROM_CELL.xlsm - Excel,Tâches diverses,2021-01-12,10:28:03,00:00:13
stefano.crapanzano@chu.ulg.ac.be,QUERY_FROM_CELL.xlsm - Excel,Tâches diverses,2021-01-12,10:30:18,00:00:02
stefano.crapanzano@chu.ulg.ac.be,QUERY_FROM_CELL.xlsm - Excel,Tâches diverses,2021-01-12,10:34:51,00:00:26
stefano.crapanzano@chu.ulg.ac.be,QUERY_FROM_CELL.xlsm - Excel,Tâches diverses,2021-01-12,10:35:19,00:00:13
stefano.crapanzano@chu.ulg.ac.be,QUERY_FROM_CELL.xlsm - Excel,Tâches diverses,2021-01-12,10:35:46,00:00:43
stefano.crapanzano@chu.ulg.ac.be,QUERY_FROM_CELL.xlsm - Excel,Tâches diverses,2021-01-12,10:37:52,00:00:02
stefano.crapanzano@chu.ulg.ac.be,QUERY_FROM_CELL.xlsm - Excel,Tâches diverses,2021-01-12,10:40:55,00:00:39
stefano.crapanzano@chu.ulg.ac.be,QUERY_FROM_CELL.xlsm - Excel,Tâches diverses,2021-01-12,10:42:20,00:00:02
stefano.crapanzano@chu.ulg.ac.be,QUERY_FROM_CELL.xlsm - Excel,Tâches diverses,2021-01-12,10:43:29,00:00:02
stefano.crapanzano@chu.ulg.ac.be,QUERY_FROM_CELL.xlsm - Excel,Tâches diverses,2021-01-12,12:36:46,00:00:02
stefano.crapanzano@chu.ulg.ac.be,QUERY_FROM_CELL.xlsm - Excel,Tâches diverses,2021-01-12,13:21:56,00:00:20
stefano.crapanzano@chu.ulg.ac.be,Oracle ODBC Driver Connect,Tâches diverses,2021-01-12,10:25:44,00:00:05
stefano.crapanzano@chu.ulg.ac.be,Oracle ODBC Driver Connect,Tâches diverses,2021-01-12,10:38:59,00:00:15
stefano.crapanzano@chu.ulg.ac.be,Oracle ODBC Driver Connect,Tâches diverses,2021-01-12,10:39:47,00:00:13
stefano.crapanzano@chu.ulg.ac.be,Oracle ODBC Driver Connect,Tâches diverses,2021-01-12,10:40:35,00:00:02
stefano.crapanzano@chu.ulg.ac.be,Oracle ODBC Driver Connect,Tâches diverses,2021-01-12,10:42:27,00:00:03
stefano.crapanzano@chu.ulg.ac.be,Oracle ODBC Driver Connect,Tâches diverses,2021-01-12,10:43:18,00:00:02
stefano.crapanzano@chu.ulg.ac.be,Oracle ODBC Driver Connect,Tâches diverses,2021-01-12,12:53:32,00:00:06
stefano.crapanzano@chu.ulg.ac.be,Oracle ODBC Driver Connect,Tâches diverses,2021-01-12,13:30:08,00:00:15
stefano.crapanzano@chu.ulg.ac.be,Connexions du classeur,Tâches diverses,2021-01-12,10:26:38,00:00:04
stefano.crapanzano@chu.ulg.ac.be,Connexions du classeur,Tâches diverses,2021-01-12,10:30:08,00:00:02
stefano.crapanzano@chu.ulg.ac.be,Connexions du classeur,Tâches diverses,2021-01-12,10:38:25,00:00:03
stefano.crapanzano@chu.ulg.ac.be,Connexions du classeur,Tâches diverses,2021-01-12,10:39:19,00:00:02
stefano.crapanzano@chu.ulg.ac.be,Connexions du classeur,Tâches diverses,2021-01-12,12:38:58,00:00:06
stefano.crapanzano@chu.ulg.ac.be,Connexions du classeur,Tâches diverses,2021-01-12,12:47:52,00:00:02
stefano.crapanzano@chu.ulg.ac.be,Connexions du classeur,Tâches diverses,2021-01-12,12:53:22,00:00:02
stefano.crapanzano@chu.ulg.ac.be,Connexions du classeur,Tâches diverses,2021-01-12,12:53:40,00:00:04
stefano.crapanzano@chu.ulg.ac.be,Connexions du classeur,Tâches diverses,2021-01-12,12:53:48,00:00:02
stefano.crapanzano@chu.ulg.ac.be,Connexions du classeur,Tâches diverses,2021-01-12,12:57:30,00:00:02
stefano.crapanzano@chu.ulg.ac.be,Connexions du classeur,Tâches diverses,2021-01-12,13:04:36,00:00:03
stefano.crapanzano@chu.ulg.ac.be,Connexions du classeur,Tâches diverses,2021-01-12,13:06:15,00:00:14
stefano.crapanzano@chu.ulg.ac.be,Connexions du classeur,Tâches diverses,2021-01-12,13:06:50,00:00:02
stefano.crapanzano@chu.ulg.ac.be,Connexions du classeur,Tâches diverses,2021-01-12,13:07:05,00:00:05
stefano.crapanzano@chu.ulg.ac.be,Connexions du classeur,Tâches diverses,2021-01-12,13:10:54,00:00:06
stefano.crapanzano@chu.ulg.ac.be,Connexions du classeur,Tâches diverses,2021-01-12,13:11:08,00:00:02
stefano.crapanzano@chu.ulg.ac.be,Connexions du classeur,Tâches diverses,2021-01-12,13:14:47,00:00:03
stefano.crapanzano@chu.ulg.ac.be,Connexions du classeur,Tâches diverses,2021-01-12,13:15:10,00:00:02
stefano.crapanzano@chu.ulg.ac.be,Connexions du classeur,Tâches diverses,2021-01-12,13:16:53,00:00:06
stefano.crapanzano@chu.ulg.ac.be,Connexions du classeur,Tâches diverses,2021-01-12,13:19:02,00:00:07
stefano.crapanzano@chu.ulg.ac.be,Connexions du classeur,Tâches diverses,2021-01-12,13:21:37,00:00:03
stefano.crapanzano@chu.ulg.ac.be,Connexions du classeur,Tâches diverses,2021-01-12,13:29:27,00:00:02
stefano.crapanzano@chu.ulg.ac.be,Connexions du classeur,Tâches diverses,2021-01-12,15:38:59,00:00:02
stefano.crapanzano@chu.ulg.ac.be,Connexions du classeur,Tâches diverses,2021-01-12,15:39:49,00:00:03
stefano.crapanzano@chu.ulg.ac.be,Connexions du classeur,Tâches diverses,2021-01-12,15:40:15,00:00:02
stefano.crapanzano@chu.ulg.ac.be,Connexions du classeur,Tâches diverses,2021-01-12,15:42:01,00:00:02
stefano.crapanzano@chu.ulg.ac.be,Propriétés de connexion,Tâches diverses,2021-01-12,10:26:43,00:00:34
stefano.crapanzano@chu.ulg.ac.be,Propriétés de connexion,Tâches diverses,2021-01-12,10:27:53,00:00:08
stefano.crapanzano@chu.ulg.ac.be,Propriétés de connexion,Tâches diverses,2021-01-12,10:30:10,00:00:07
stefano.crapanzano@chu.ulg.ac.be,Propriétés de connexion,Tâches diverses,2021-01-12,10:38:36,00:00:08
stefano.crapanzano@chu.ulg.ac.be,Propriétés de connexion,Tâches diverses,2021-01-12,10:38:55,00:00:03
stefano.crapanzano@chu.ulg.ac.be,Propriétés de connexion,Tâches diverses,2021-01-12,10:42:35,00:00:10
stefano.crapanzano@chu.ulg.ac.be,Propriétés de connexion,Tâches diverses,2021-01-12,10:42:50,00:00:07
stefano.crapanzano@chu.ulg.ac.be,Propriétés de connexion,Tâches diverses,2021-01-12,10:43:05,00:00:12
stefano.crapanzano@chu.ulg.ac.be,Propriétés de connexion,Tâches diverses,2021-01-12,12:39:04,00:00:39
stefano.crapanzano@chu.ulg.ac.be,Propriétés de connexion,Tâches diverses,2021-01-12,12:41:47,00:00:04
stefano.crapanzano@chu.ulg.ac.be,Propriétés de connexion,Tâches diverses,2021-01-12,12:53:50,00:00:08
stefano.crapanzano@chu.ulg.ac.be,Propriétés de connexion,Tâches diverses,2021-01-12,12:54:33,00:00:15
stefano.crapanzano@chu.ulg.ac.be,Propriétés de connexion,Tâches diverses,2021-01-12,12:56:26,00:00:04
stefano.crapanzano@chu.ulg.ac.be,Propriétés de connexion,Tâches diverses,2021-01-12,13:11:11,00:00:10
stefano.crapanzano@chu.ulg.ac.be,Propriétés de connexion,Tâches diverses,2021-01-12,13:14:51,00:00:19
stefano.crapanzano@chu.ulg.ac.be,Propriétés de connexion,Tâches diverses,2021-01-12,13:15:12,00:00:14
stefano.crapanzano@chu.ulg.ac.be,Propriétés de connexion,Tâches diverses,2021-01-12,13:16:59,00:00:07
stefano.crapanzano@chu.ulg.ac.be,Propriétés de connexion,Tâches diverses,2021-01-12,13:18:56,00:00:06
stefano.crapanzano@chu.ulg.ac.be,Propriétés de connexion,Tâches diverses,2021-01-12,13:21:01,00:00:16
stefano.crapanzano@chu.ulg.ac.be,Propriétés de connexion,Tâches diverses,2021-01-12,13:29:30,00:00:06
stefano.crapanzano@chu.ulg.ac.be,Propriétés de connexion,Tâches diverses,2021-01-12,14:44:31,00:00:04
stefano.crapanzano@chu.ulg.ac.be,Propriétés de connexion,Tâches diverses,2021-01-12,14:47:16,00:00:03
stefano.crapanzano@chu.ulg.ac.be,Propriétés de connexion,Tâches diverses,2021-01-12,15:38:38,00:00:10
stefano.crapanzano@chu.ulg.ac.be,Propriétés de connexion,Tâches diverses,2021-01-12,15:39:01,00:00:06
stefano.crapanzano@chu.ulg.ac.be,Propriétés de connexion,Tâches diverses,2021-01-12,15:39:35,00:00:02
stefano.crapanzano@chu.ulg.ac.be,Propriétés de connexion,Tâches diverses,2021-01-12,15:39:41,00:00:02
stefano.crapanzano@chu.ulg.ac.be,Propriétés de connexion,Tâches diverses,2021-01-12,15:40:09,00:00:04
stefano.crapanzano@chu.ulg.ac.be,Propriétés de connexion,Tâches diverses,2021-01-12,15:42:04,00:00:03
stefano.crapanzano@chu.ulg.ac.be,WASEIGE Eric,Helpdesk général,2021-01-12,10:27:25,00:00:26
stefano.crapanzano@chu.ulg.ac.be,*new 3 - Notepad++ [Administrator],IT,2021-01-12,10:33:57,00:00:52
stefano.crapanzano@chu.ulg.ac.be,Microsoft Excel,Tâches diverses,2021-01-12,10:39:25,00:00:02
stefano.crapanzano@chu.ulg.ac.be,Microsoft Excel,Tâches diverses,2021-01-12,10:39:36,00:00:03
stefano.crapanzano@chu.ulg.ac.be,Microsoft Excel,Tâches diverses,2021-01-12,10:40:44,00:00:09
stefano.crapanzano@chu.ulg.ac.be,Microsoft Excel,Tâches diverses,2021-01-12,10:42:57,00:00:07
stefano.crapanzano@chu.ulg.ac.be,Microsoft Excel,Tâches diverses,2021-01-12,12:54:07,00:00:02
stefano.crapanzano@chu.ulg.ac.be,Microsoft Excel,Tâches diverses,2021-01-12,12:59:31,00:00:03
stefano.crapanzano@chu.ulg.ac.be,Microsoft Excel,Tâches diverses,2021-01-12,13:17:10,00:00:06
stefano.crapanzano@chu.ulg.ac.be,Microsoft Excel,Tâches diverses,2021-01-12,14:14:43,00:00:02
stefano.crapanzano@chu.ulg.ac.be,Microsoft Excel,Tâches diverses,2021-01-12,14:14:49,00:00:03
stefano.crapanzano@chu.ulg.ac.be,Microsoft Excel,Tâches diverses,2021-01-12,15:38:49,00:00:07
stefano.crapanzano@chu.ulg.ac.be,Microsoft Excel,Tâches diverses,2021-01-12,15:40:19,00:00:03
stefano.crapanzano@chu.ulg.ac.be,EXTRACT_CONTRAT.xltm - Excel,Tâches diverses,2021-01-12,10:38:22,00:00:02
stefano.crapanzano@chu.ulg.ac.be,EXTRACT_CONTRAT.xltm - Excel,Tâches diverses,2021-01-12,10:39:22,00:00:03
stefano.crapanzano@chu.ulg.ac.be,EXTRACT_CONTRAT.xltm - Excel,Tâches diverses,2021-01-12,10:39:28,00:00:08
stefano.crapanzano@chu.ulg.ac.be,EXTRACT_CONTRAT.xltm - Excel,Tâches diverses,2021-01-12,10:40:00,00:00:07
stefano.crapanzano@chu.ulg.ac.be,EXTRACT_CONTRAT.xltm - Excel,Tâches diverses,2021-01-12,10:40:32,00:00:02
stefano.crapanzano@chu.ulg.ac.be,EXTRACT_CONTRAT.xltm - Excel,Tâches diverses,2021-01-12,10:40:37,00:00:07
stefano.crapanzano@chu.ulg.ac.be,Excel,Tâches diverses,2021-01-12,14:49:34,00:00:02
stefano.crapanzano@chu.ulg.ac.be,Excel,Tâches diverses,2021-01-12,15:38:25,00:00:02
stefano.crapanzano@chu.ulg.ac.be,Excel,Tâches diverses,2021-01-12,15:41:58,00:00:02
stefano.crapanzano@chu.ulg.ac.be,Excel,Tâches diverses,2021-01-12,15:43:07,00:00:02
stefano.crapanzano@chu.ulg.ac.be,Excel,Tâches diverses,2021-01-12,15:48:09,00:00:02
stefano.crapanzano@chu.ulg.ac.be,Excel,Tâches diverses,2021-01-12,15:48:59,00:00:02
stefano.crapanzano@chu.ulg.ac.be,Excel,Tâches diverses,2021-01-12,15:49:07,00:00:02
stefano.crapanzano@chu.ulg.ac.be,Excel,Tâches diverses,2021-01-12,15:58:37,00:00:02
stefano.crapanzano@chu.ulg.ac.be,EXTRACT_CONTRAT1 - Excel,Tâches diverses,2021-01-12,10:42:31,00:00:02
stefano.crapanzano@chu.ulg.ac.be,Paramètres d’authentification d’Excel Services,Tâches diverses,2021-01-12,10:42:45,00:00:04
stefano.crapanzano@chu.ulg.ac.be,Enregistrer sous,Tâches diverses,2021-01-12,10:43:25,00:00:02
stefano.crapanzano@chu.ulg.ac.be,SVN_LOCAL – SQL_TO_XLS_SC.pl [SVN_LOCAL] (Administrator),IT,2021-01-12,10:44:18,00:00:30
stefano.crapanzano@chu.ulg.ac.be,SVN_LOCAL – SQL_TO_XLS_SC.pl [SVN_LOCAL] (Administrator),IT,2021-01-12,10:44:52,00:00:57
stefano.crapanzano@chu.ulg.ac.be,SVN_LOCAL – SQL_TO_XLS_SC.pl [SVN_LOCAL] (Administrator),IT,2021-01-12,10:45:52,00:00:02
stefano.crapanzano@chu.ulg.ac.be,SVN_LOCAL – SQL_TO_XLS_SC.pl [SVN_LOCAL] (Administrator),IT,2021-01-12,10:46:16,00:00:45
stefano.crapanzano@chu.ulg.ac.be,SVN_LOCAL – SQL_TO_XLS_SC.pl [SVN_LOCAL] (Administrator),IT,2021-01-12,10:51:46,00:00:09
stefano.crapanzano@chu.ulg.ac.be,SVN_LOCAL – SQL_TO_XLS_SC.pl [SVN_LOCAL] (Administrator),IT,2021-01-12,11:49:25,00:00:26
stefano.crapanzano@chu.ulg.ac.be,SVN_LOCAL – SQL_TO_XLS_SC.pl [SVN_LOCAL] (Administrator),IT,2021-01-12,11:50:00,00:00:02
stefano.crapanzano@chu.ulg.ac.be,SVN_LOCAL – SQL_TO_XLS_SC.pl [SVN_LOCAL] (Administrator),IT,2021-01-12,11:52:06,00:00:09
stefano.crapanzano@chu.ulg.ac.be,SVN_LOCAL – SQL_TO_XLS_SC.pl [SVN_LOCAL] (Administrator),IT,2021-01-12,11:53:25,00:00:10
stefano.crapanzano@chu.ulg.ac.be,SVN_LOCAL – SQL_TO_XLS_SC.pl [SVN_LOCAL] (Administrator),IT,2021-01-12,12:23:22,00:00:48
stefano.crapanzano@chu.ulg.ac.be,SVN_LOCAL – SQL_TO_XLS_SC.pl [SVN_LOCAL] (Administrator),IT,2021-01-12,12:42:51,00:01:51
stefano.crapanzano@chu.ulg.ac.be,SVN_LOCAL – SQL_TO_XLS_SC.pl [SVN_LOCAL] (Administrator),IT,2021-01-12,12:44:46,00:00:02
stefano.crapanzano@chu.ulg.ac.be,SVN_LOCAL – SQL_TO_XLS_SC.pl [SVN_LOCAL] (Administrator),IT,2021-01-12,13:00:04,00:02:08
stefano.crapanzano@chu.ulg.ac.be,SVN_LOCAL – SQL_TO_XLS_SC.pl [SVN_LOCAL] (Administrator),IT,2021-01-12,13:02:14,00:00:04
stefano.crapanzano@chu.ulg.ac.be,SVN_LOCAL – SQL_TO_XLS_SC.pl [SVN_LOCAL] (Administrator),IT,2021-01-12,13:12:08,00:00:10
stefano.crapanzano@chu.ulg.ac.be,SVN_LOCAL – SQL_TO_XLS_SC.pl [SVN_LOCAL] (Administrator),IT,2021-01-12,13:22:24,00:00:49
stefano.crapanzano@chu.ulg.ac.be,SVN_LOCAL – SQL_TO_XLS_SC.pl [SVN_LOCAL] (Administrator),IT,2021-01-12,13:27:48,00:00:46
stefano.crapanzano@chu.ulg.ac.be,SVN_LOCAL – SQL_TO_XLS_SC.pl [SVN_LOCAL] (Administrator),IT,2021-01-12,13:28:37,00:00:04
stefano.crapanzano@chu.ulg.ac.be,SVN_LOCAL – SQL_TO_XLS_SC.pl [SVN_LOCAL] (Administrator),IT,2021-01-12,14:45:02,00:00:08
stefano.crapanzano@chu.ulg.ac.be,SVN_LOCAL – SQL_TO_XLS_SC.pl [SVN_LOCAL] (Administrator),IT,2021-01-12,14:46:22,00:00:10
stefano.crapanzano@chu.ulg.ac.be,SVN_LOCAL – SQL_TO_XLS_SC.pl [SVN_LOCAL] (Administrator),IT,2021-01-12,15:14:54,00:03:38
stefano.crapanzano@chu.ulg.ac.be,SVN_LOCAL – SQL_TO_XLS_SC.pl [SVN_LOCAL] (Administrator),IT,2021-01-12,15:18:34,00:02:10
stefano.crapanzano@chu.ulg.ac.be,SVN_LOCAL – SQL_TO_XLS_SC.pl [SVN_LOCAL] (Administrator),IT,2021-01-12,15:20:57,00:00:02
stefano.crapanzano@chu.ulg.ac.be,SVN_LOCAL – SQL_TO_XLS_SC.pl [SVN_LOCAL] (Administrator),IT,2021-01-12,15:23:11,00:00:09
stefano.crapanzano@chu.ulg.ac.be,SVN_LOCAL – SQL_TO_XLS_SC.pl [SVN_LOCAL] (Administrator),IT,2021-01-12,15:27:04,00:00:12
stefano.crapanzano@chu.ulg.ac.be,SVN_LOCAL – SQL_TO_XLS_SC.pl [SVN_LOCAL] (Administrator),IT,2021-01-12,15:28:48,00:00:22
stefano.crapanzano@chu.ulg.ac.be,SVN_LOCAL – SQL_TO_XLS_SC.pl [SVN_LOCAL] (Administrator),IT,2021-01-12,15:31:15,00:00:07
stefano.crapanzano@chu.ulg.ac.be,SVN_LOCAL – SQL_TO_XLS_SC.pl [SVN_LOCAL] (Administrator),IT,2021-01-12,15:34:30,00:00:02
stefano.crapanzano@chu.ulg.ac.be,SVN_LOCAL – SQL_TO_XLS_SC.pl [SVN_LOCAL] (Administrator),IT,2021-01-12,15:35:11,00:01:13
stefano.crapanzano@chu.ulg.ac.be,SVN_LOCAL – SQL_TO_XLS_SC.pl [SVN_LOCAL] (Administrator),IT,2021-01-12,15:36:36,00:00:03
stefano.crapanzano@chu.ulg.ac.be,SVN_LOCAL – SQL_TO_XLS_SC.pl [SVN_LOCAL] (Administrator),IT,2021-01-12,15:36:55,00:00:34
stefano.crapanzano@chu.ulg.ac.be,SVN_LOCAL – SQL_TO_XLS_SC.pl [SVN_LOCAL] (Administrator),IT,2021-01-12,15:40:45,00:00:10
stefano.crapanzano@chu.ulg.ac.be,SVN_LOCAL – SQL_TO_XLS_SC.pl [SVN_LOCAL] (Administrator),IT,2021-01-12,15:42:12,00:00:31
stefano.crapanzano@chu.ulg.ac.be,SVN_LOCAL – SQL_TO_XLS_SC.pl [SVN_LOCAL] (Administrator),IT,2021-01-12,15:42:59,00:00:02
stefano.crapanzano@chu.ulg.ac.be,SVN_LOCAL – SQL_TO_XLS_SC.pl [SVN_LOCAL] (Administrator),IT,2021-01-12,15:45:23,00:00:19
stefano.crapanzano@chu.ulg.ac.be,SVN_LOCAL – SQL_TO_XLS_SC.pl [SVN_LOCAL] (Administrator),IT,2021-01-12,15:46:00,00:00:31
stefano.crapanzano@chu.ulg.ac.be,SVN_LOCAL – SQL_TO_XLS_SC.pl [SVN_LOCAL] (Administrator),IT,2021-01-12,15:48:23,00:00:08
stefano.crapanzano@chu.ulg.ac.be,SVN_LOCAL – SQL_TO_XLS_SC.pl [SVN_LOCAL] (Administrator),IT,2021-01-12,15:49:47,00:00:27
stefano.crapanzano@chu.ulg.ac.be,SVN_LOCAL – SQL_TO_XLS_SC.pl [SVN_LOCAL] (Administrator),IT,2021-01-12,15:54:03,00:00:03
stefano.crapanzano@chu.ulg.ac.be,SVN_LOCAL – CHL_ERP_TRANSFER_FILE_SC.pl [SVN_LOCAL] (Administrator),IT,2021-01-12,10:44:49,00:00:03
stefano.crapanzano@chu.ulg.ac.be,SVN_LOCAL – SQL_TO_XLS.pl [SVN_LOCAL] (Administrator),IT,2021-01-12,10:47:02,00:00:16
stefano.crapanzano@chu.ulg.ac.be,SVN_LOCAL – SQL_TO_XLS.pl [SVN_LOCAL] (Administrator),IT,2021-01-12,10:49:07,00:00:13
stefano.crapanzano@chu.ulg.ac.be,SVN_LOCAL – SQL_TO_XLS.pl [SVN_LOCAL] (Administrator),IT,2021-01-12,10:49:51,00:00:10
stefano.crapanzano@chu.ulg.ac.be,SVN_LOCAL – SQL_TO_XLS.pl [SVN_LOCAL] (Administrator),IT,2021-01-12,10:50:53,00:00:02
stefano.crapanzano@chu.ulg.ac.be,SVN_LOCAL – CHL_ERP_DEPASSEMENT_DOTATION.bat [SVN_LOCAL] (Administrator),IT,2021-01-12,10:50:22,00:00:08
stefano.crapanzano@chu.ulg.ac.be,SVN_LOCAL – CHL_ERP_DEPASSEMENT_DOTATION.bat [SVN_LOCAL] (Administrator),IT,2021-01-12,10:51:38,00:00:06
stefano.crapanzano@chu.ulg.ac.be,SVN_LOCAL – CHL_ERP_FOURNISSEUR_DOUBLON_TVA.bat [SVN_LOCAL] (Administrator),IT,2021-01-12,10:50:31,00:00:22
stefano.crapanzano@chu.ulg.ac.be,ActiveState Perl Debugger - \\filesrv01.st.chulg\oazis_prod\APPL_PROD\SOURCES\PERL\UTIL\SQL_TO_XLS_SC.pl,IT,2021-01-12,11:38:48,00:00:20
stefano.crapanzano@chu.ulg.ac.be,SVN_LOCAL – CHL_ERP_GOAL_COMMANDE_EN_COURS_LABO.bat [SVN_LOCAL] (Administrator),IT,2021-01-12,11:49:52,00:00:08
stefano.crapanzano@chu.ulg.ac.be,SVN_LOCAL – CHL_ERP_IDOC_MONITORING.bat [SVN_LOCAL] (Administrator),IT,2021-01-12,11:52:15,00:00:25
stefano.crapanzano@chu.ulg.ac.be,SVN_LOCAL – CHL_ERP_IDOC_MONITORING.pl [SVN_LOCAL] (Administrator),IT,2021-01-12,11:52:41,00:00:13
stefano.crapanzano@chu.ulg.ac.be,ActiveState Perl Debugger - C:\Users\c158492\ProjetBoulot\SVN_LOCAL\PERL\UTIL\SQL_TO_XLS_SC.pl,Tâches diverses,2021-01-12,15:33:12,00:00:04
stefano.crapanzano@chu.ulg.ac.be,Microsoft Outlook,Helpdesk général,2021-01-12,12:15:39,00:00:02
stefano.crapanzano@chu.ulg.ac.be,Microsoft Outlook,Helpdesk général,2021-01-12,15:40:25,00:00:03
stefano.crapanzano@chu.ulg.ac.be,*new 4 - Notepad++ [Administrator],IT,2021-01-12,12:24:53,00:00:32
stefano.crapanzano@chu.ulg.ac.be,*C:\erp_sai\CHL_ERP_EXTRACT_CONTRACT\extract_all_contract.sql - Notepad++ [Administrator],IT,2021-01-12,12:27:00,00:00:03
stefano.crapanzano@chu.ulg.ac.be,*C:\erp_sai\CHL_ERP_EXTRACT_CONTRACT\extract_all_contract.sql - Notepad++ [Administrator],IT,2021-01-12,12:27:06,00:00:03
stefano.crapanzano@chu.ulg.ac.be,Rename,IT,2021-01-12,12:32:14,00:00:07
stefano.crapanzano@chu.ulg.ac.be,SVN_LOCAL – CHL_ERP_EXTRACT_CONTRIX.bat [SVN_LOCAL] (Administrator),IT,2021-01-12,12:32:23,00:00:21
stefano.crapanzano@chu.ulg.ac.be,SVN_LOCAL – CHL_ERP_EXTRACT_CONTRIX.bat [SVN_LOCAL] (Administrator),IT,2021-01-12,12:33:05,00:00:11
stefano.crapanzano@chu.ulg.ac.be,SVN_LOCAL – CHL_ERP_EXTRACT_CONTRIX.bat [SVN_LOCAL] (Administrator),IT,2021-01-12,12:33:27,00:00:02
stefano.crapanzano@chu.ulg.ac.be,SVN_LOCAL – CHL_ERP_EXTRACT_CONTRIX.bat [SVN_LOCAL] (Administrator),IT,2021-01-12,12:33:45,00:00:04
stefano.crapanzano@chu.ulg.ac.be,SVN_LOCAL – CHL_ERP_EXTRACT_CONTRIX.bat [SVN_LOCAL] (Administrator),IT,2021-01-12,12:34:01,00:00:39
stefano.crapanzano@chu.ulg.ac.be,SVN_LOCAL – CHL_ERP_EXTRACT_CONTRIX.bat [SVN_LOCAL] (Administrator),IT,2021-01-12,12:34:44,00:00:08
stefano.crapanzano@chu.ulg.ac.be,SVN_LOCAL – CHL_ERP_EXTRACT_CONTRIX.bat [SVN_LOCAL] (Administrator),IT,2021-01-12,12:36:59,00:00:26
stefano.crapanzano@chu.ulg.ac.be,SVN_LOCAL – CHL_ERP_EXTRACT_CONTRIX.bat [SVN_LOCAL] (Administrator),IT,2021-01-12,12:41:56,00:00:55
stefano.crapanzano@chu.ulg.ac.be,SVN_LOCAL – CHL_ERP_EXTRACT_CONTRIX.bat [SVN_LOCAL] (Administrator),IT,2021-01-12,12:44:49,00:00:14
stefano.crapanzano@chu.ulg.ac.be,SVN_LOCAL – CHL_ERP_EXTRACT_CONTRIX.bat [SVN_LOCAL] (Administrator),IT,2021-01-12,12:45:59,00:00:04
stefano.crapanzano@chu.ulg.ac.be,SVN_LOCAL – CHL_ERP_EXTRACT_CONTRIX.bat [SVN_LOCAL] (Administrator),Tâches diverses,2021-01-12,12:48:44,00:00:15
stefano.crapanzano@chu.ulg.ac.be,SVN_LOCAL – CHL_ERP_EXTRACT_CONTRIX.bat [SVN_LOCAL] (Administrator),IT,2021-01-12,12:51:49,00:00:02
stefano.crapanzano@chu.ulg.ac.be,SVN_LOCAL – CHL_ERP_EXTRACT_CONTRIX.bat [SVN_LOCAL] (Administrator),IT,2021-01-12,12:54:02,00:00:03
stefano.crapanzano@chu.ulg.ac.be,SVN_LOCAL – CHL_ERP_EXTRACT_CONTRIX.bat [SVN_LOCAL] (Administrator),IT,2021-01-12,12:54:17,00:00:02
stefano.crapanzano@chu.ulg.ac.be,SVN_LOCAL – CHL_ERP_EXTRACT_CONTRIX.bat [SVN_LOCAL] (Administrator),IT,2021-01-12,12:56:40,00:00:04
stefano.crapanzano@chu.ulg.ac.be,SVN_LOCAL – CHL_ERP_EXTRACT_CONTRIX.bat [SVN_LOCAL] (Administrator),IT,2021-01-12,12:59:56,00:00:08
stefano.crapanzano@chu.ulg.ac.be,SVN_LOCAL – CHL_ERP_EXTRACT_CONTRIX.bat [SVN_LOCAL] (Administrator),IT,2021-01-12,13:03:08,00:00:13
stefano.crapanzano@chu.ulg.ac.be,SVN_LOCAL – CHL_ERP_EXTRACT_CONTRIX.bat [SVN_LOCAL] (Administrator),IT,2021-01-12,13:03:37,00:00:31
stefano.crapanzano@chu.ulg.ac.be,SVN_LOCAL – CHL_ERP_EXTRACT_CONTRIX.bat [SVN_LOCAL] (Administrator),IT,2021-01-12,13:05:12,00:00:04
stefano.crapanzano@chu.ulg.ac.be,SVN_LOCAL – CHL_ERP_EXTRACT_CONTRIX.bat [SVN_LOCAL] (Administrator),IT,2021-01-12,13:05:20,00:00:03
stefano.crapanzano@chu.ulg.ac.be,SVN_LOCAL – CHL_ERP_EXTRACT_CONTRIX.bat [SVN_LOCAL] (Administrator),IT,2021-01-12,13:06:34,00:00:07
stefano.crapanzano@chu.ulg.ac.be,SVN_LOCAL – CHL_ERP_EXTRACT_CONTRIX.bat [SVN_LOCAL] (Administrator),IT,2021-01-12,13:12:02,00:00:03
stefano.crapanzano@chu.ulg.ac.be,SVN_LOCAL – CHL_ERP_EXTRACT_CONTRIX.bat [SVN_LOCAL] (Administrator),IT,2021-01-12,13:12:19,00:00:10
stefano.crapanzano@chu.ulg.ac.be,SVN_LOCAL – CHL_ERP_EXTRACT_CONTRIX.bat [SVN_LOCAL] (Administrator),IT,2021-01-12,13:17:19,00:00:04
stefano.crapanzano@chu.ulg.ac.be,SVN_LOCAL – CHL_ERP_EXTRACT_CONTRIX.bat [SVN_LOCAL] (Administrator),IT,2021-01-12,13:22:17,00:00:07
stefano.crapanzano@chu.ulg.ac.be,SVN_LOCAL – CHL_ERP_EXTRACT_CONTRIX.bat [SVN_LOCAL] (Administrator),IT,2021-01-12,14:48:16,00:00:59
stefano.crapanzano@chu.ulg.ac.be,SVN_LOCAL – CHL_ERP_EXTRACT_CONTRIX.bat [SVN_LOCAL] (Administrator),Tâches diverses,2021-01-12,15:07:57,00:00:56
stefano.crapanzano@chu.ulg.ac.be,SVN_LOCAL – CHL_ERP_EXTRACT_CONTRIX.bat [SVN_LOCAL] (Administrator),IT,2021-01-12,15:08:59,00:00:27
stefano.crapanzano@chu.ulg.ac.be,SVN_LOCAL – CHL_ERP_EXTRACT_CONTRIX.bat [SVN_LOCAL] (Administrator),IT,2021-01-12,15:09:31,00:00:39
stefano.crapanzano@chu.ulg.ac.be,SVN_LOCAL – CHL_ERP_EXTRACT_CONTRIX.bat [SVN_LOCAL] (Administrator),IT,2021-01-12,15:10:16,00:00:34
stefano.crapanzano@chu.ulg.ac.be,SVN_LOCAL – CHL_ERP_EXTRACT_CONTRIX.bat [SVN_LOCAL] (Administrator),IT,2021-01-12,15:11:02,00:00:28
stefano.crapanzano@chu.ulg.ac.be,SVN_LOCAL – CHL_ERP_EXTRACT_CONTRIX.bat [SVN_LOCAL] (Administrator),IT,2021-01-12,15:11:56,00:02:57
stefano.crapanzano@chu.ulg.ac.be,SVN_LOCAL – CHL_ERP_EXTRACT_CONTRIX.bat [SVN_LOCAL] (Administrator),IT,2021-01-12,15:20:45,00:00:12
stefano.crapanzano@chu.ulg.ac.be,SVN_LOCAL – CHL_ERP_EXTRACT_CONTRIX.bat [SVN_LOCAL] (Administrator),IT,2021-01-12,15:21:27,00:00:14
stefano.crapanzano@chu.ulg.ac.be,SVN_LOCAL – CHL_ERP_EXTRACT_CONTRIX.bat [SVN_LOCAL] (Administrator),IT,2021-01-12,15:21:44,00:00:03
stefano.crapanzano@chu.ulg.ac.be,SVN_LOCAL – CHL_ERP_EXTRACT_CONTRIX.bat [SVN_LOCAL] (Administrator),IT,2021-01-12,15:27:45,00:00:29
stefano.crapanzano@chu.ulg.ac.be,SVN_LOCAL – CHL_ERP_EXTRACT_CONTRIX.bat [SVN_LOCAL] (Administrator),IT,2021-01-12,15:28:26,00:00:06
stefano.crapanzano@chu.ulg.ac.be,SVN_LOCAL – CHL_ERP_EXTRACT_CONTRIX.bat [SVN_LOCAL] (Administrator),IT,2021-01-12,15:28:38,00:00:05
stefano.crapanzano@chu.ulg.ac.be,SVN_LOCAL – CHL_ERP_EXTRACT_CONTRIX.bat [SVN_LOCAL] (Administrator),IT,2021-01-12,15:41:32,00:00:21
stefano.crapanzano@chu.ulg.ac.be,SVN_LOCAL – CHL_ERP_EXTRACT_CONTRIX.bat [SVN_LOCAL] (Administrator),IT,2021-01-12,15:45:42,00:00:15
stefano.crapanzano@chu.ulg.ac.be,SVN_LOCAL – CHL_ERP_EXTRACT_CONTRIX.bat [SVN_LOCAL] (Administrator),IT,2021-01-12,15:47:31,00:00:05
stefano.crapanzano@chu.ulg.ac.be,SVN_LOCAL – CHL_ERP_EXTRACT_CONTRIX.bat [SVN_LOCAL] (Administrator),IT,2021-01-12,15:48:01,00:00:02
stefano.crapanzano@chu.ulg.ac.be,SVN_LOCAL – CHL_ERP_EXTRACT_CONTRIX.bat [SVN_LOCAL] (Administrator),IT,2021-01-12,15:48:20,00:00:02
stefano.crapanzano@chu.ulg.ac.be,SVN_LOCAL – CHL_ERP_EXTRACT_CONTRIX.bat [SVN_LOCAL] (Administrator),IT,2021-01-12,15:48:31,00:00:15
stefano.crapanzano@chu.ulg.ac.be,SVN_LOCAL – CHL_ERP_EXTRACT_CONTRIX.bat [SVN_LOCAL] (Administrator),IT,2021-01-12,15:49:18,00:00:28
stefano.crapanzano@chu.ulg.ac.be,SVN_LOCAL – CHL_ERP_EXTRACT_CONTRIX.bat [SVN_LOCAL] (Administrator),IT,2021-01-12,15:54:06,00:00:44
stefano.crapanzano@chu.ulg.ac.be,SVN_LOCAL – CHL_ERP_EXTRACT_CONTRIX.bat [SVN_LOCAL] (Administrator),IT,2021-01-12,15:55:04,00:00:34
stefano.crapanzano@chu.ulg.ac.be,SVN_LOCAL – CHL_ERP_EXTRACT_CONTRIX.bat [SVN_LOCAL] (Administrator),IT,2021-01-12,15:57:45,00:00:13
stefano.crapanzano@chu.ulg.ac.be,SVN_LOCAL – CHL_ERP_EXTRACT_CONTRIX.bat [SVN_LOCAL] (Administrator),IT,2021-01-12,16:03:07,00:00:07
stefano.crapanzano@chu.ulg.ac.be,SVN_LOCAL – CHL_ERP_EXTRACT_CONTRIX.bat [SVN_LOCAL] (Administrator),IT,2021-01-12,16:10:38,00:00:03
stefano.crapanzano@chu.ulg.ac.be,SVN_LOCAL – CHL_ERP_EXTRACT_CONTRIX.bat [SVN_LOCAL] (Administrator),Helpdesk général,2021-01-12,16:15:20,00:02:13
stefano.crapanzano@chu.ulg.ac.be,EXTRACT_CONTRIX.xlsx - Excel,Tâches diverses,2021-01-12,12:47:49,00:00:02
stefano.crapanzano@chu.ulg.ac.be,EXTRACT_CONTRIX.xlsx - Excel,Tâches diverses,2021-01-12,12:47:54,00:00:02
stefano.crapanzano@chu.ulg.ac.be,EXTRACT_CONTRIX.xlsx - Excel,Tâches diverses,2021-01-12,12:48:05,00:00:03
stefano.crapanzano@chu.ulg.ac.be,EXTRACT_CONTRIX.xlsx - Excel,Tâches diverses,2021-01-12,12:48:11,00:00:13
stefano.crapanzano@chu.ulg.ac.be,EXTRACT_CONTRIX.xlsx - Excel,Tâches diverses,2021-01-12,12:48:27,00:00:02
stefano.crapanzano@chu.ulg.ac.be,EXTRACT_CONTRIX.xlsx - Excel,Tâches diverses,2021-01-12,12:48:38,00:00:06
stefano.crapanzano@chu.ulg.ac.be,EXTRACT_CONTRIX.xlsx - Excel,Tâches diverses,2021-01-12,12:57:32,00:00:02
stefano.crapanzano@chu.ulg.ac.be,EXTRACT_CONTRIX.xlsx - Excel,Tâches diverses,2021-01-12,12:57:38,00:00:02
stefano.crapanzano@chu.ulg.ac.be,EXTRACT_CONTRIX.xlsx - Excel,Tâches diverses,2021-01-12,12:59:34,00:00:02
stefano.crapanzano@chu.ulg.ac.be,EXTRACT_CONTRIX.xlsx - Excel,Tâches diverses,2021-01-12,12:59:42,00:00:04
stefano.crapanzano@chu.ulg.ac.be,EXTRACT_CONTRIX.xlsx - Excel,Tâches diverses,2021-01-12,13:06:12,00:00:02
stefano.crapanzano@chu.ulg.ac.be,EXTRACT_CONTRIX.xlsx - Excel,Tâches diverses,2021-01-12,13:06:29,00:00:03
stefano.crapanzano@chu.ulg.ac.be,EXTRACT_CONTRIX.xlsx - Excel,Tâches diverses,2021-01-12,13:14:31,00:00:15
stefano.crapanzano@chu.ulg.ac.be,EXTRACT_CONTRIX.xlsx - Excel,Tâches diverses,2021-01-12,13:19:28,00:00:02
stefano.crapanzano@chu.ulg.ac.be,EXTRACT_CONTRIX.xlsx - Excel,Tâches diverses,2021-01-12,13:21:40,00:00:02
stefano.crapanzano@chu.ulg.ac.be,EXTRACT_CONTRIX.xlsx - Excel,Tâches diverses,2021-01-12,13:21:45,00:00:02
stefano.crapanzano@chu.ulg.ac.be,EXTRACT_CONTRIX.xlsx - Excel,Tâches diverses,2021-01-12,13:29:37,00:00:02
stefano.crapanzano@chu.ulg.ac.be,EXTRACT_CONTRIX.xlsx - Excel,Tâches diverses,2021-01-12,14:14:29,00:00:02
stefano.crapanzano@chu.ulg.ac.be,EXTRACT_CONTRIX.xlsx - Excel,Tâches diverses,2021-01-12,14:14:33,00:00:04
stefano.crapanzano@chu.ulg.ac.be,EXTRACT_CONTRIX.xlsx - Excel,Tâches diverses,2021-01-12,14:14:47,00:00:02
stefano.crapanzano@chu.ulg.ac.be,EXTRACT_CONTRIX.xlsx - Excel,Tâches diverses,2021-01-12,14:14:55,00:00:03
stefano.crapanzano@chu.ulg.ac.be,EXTRACT_CONTRIX.xlsx - Excel,Tâches diverses,2021-01-12,14:47:13,00:00:02
stefano.crapanzano@chu.ulg.ac.be,EXTRACT_CONTRIX.xlsx - Excel,Tâches diverses,2021-01-12,14:47:27,00:00:02
stefano.crapanzano@chu.ulg.ac.be,EXTRACT_CONTRIX.xlsx - Excel,Tâches diverses,2021-01-12,14:49:37,00:00:17
stefano.crapanzano@chu.ulg.ac.be,EXTRACT_CONTRIX.xltm - Excel,Tâches diverses,2021-01-12,12:45:27,00:00:04
stefano.crapanzano@chu.ulg.ac.be,EXTRACT_CONTRIX.xltm - Excel,Tâches diverses,2021-01-12,12:45:35,00:00:21
stefano.crapanzano@chu.ulg.ac.be,EXTRACT_CONTRIX.xltm - Excel,Tâches diverses,2021-01-12,12:54:25,00:00:03
stefano.crapanzano@chu.ulg.ac.be,EXTRACT_CONTRIX.xltm - Excel,Tâches diverses,2021-01-12,12:56:32,00:00:02
stefano.crapanzano@chu.ulg.ac.be,EXTRACT_CONTRIX.xltm - Excel,Tâches diverses,2021-01-12,13:04:20,00:00:15
stefano.crapanzano@chu.ulg.ac.be,EXTRACT_CONTRIX.xltm - Excel,Tâches diverses,2021-01-12,13:04:44,00:00:12
stefano.crapanzano@chu.ulg.ac.be,EXTRACT_CONTRIX.xltm - Excel,Tâches diverses,2021-01-12,13:04:57,00:00:03
stefano.crapanzano@chu.ulg.ac.be,EXTRACT_CONTRIX.xltm - Excel,Tâches diverses,2021-01-12,13:05:08,00:00:02
stefano.crapanzano@chu.ulg.ac.be,EXTRACT_CONTRIX.xltm - Excel,Tâches diverses,2021-01-12,13:06:48,00:00:02
stefano.crapanzano@chu.ulg.ac.be,EXTRACT_CONTRIX.xltm - Excel,Tâches diverses,2021-01-12,13:11:23,00:00:02
stefano.crapanzano@chu.ulg.ac.be,EXTRACT_CONTRIX.xltm - Excel,Tâches diverses,2021-01-12,13:11:31,00:00:04
stefano.crapanzano@chu.ulg.ac.be,EXTRACT_CONTRIX.xltm - Excel,Tâches diverses,2021-01-12,13:11:37,00:00:02
stefano.crapanzano@chu.ulg.ac.be,EXTRACT_CONTRIX.xltm - Excel,Tâches diverses,2021-01-12,13:11:42,00:00:03
stefano.crapanzano@chu.ulg.ac.be,EXTRACT_CONTRIX.xltm - Excel,Tâches diverses,2021-01-12,13:16:42,00:00:10
stefano.crapanzano@chu.ulg.ac.be,EXTRACT_CONTRIX.xltm - Excel,Tâches diverses,2021-01-12,13:17:07,00:00:02
stefano.crapanzano@chu.ulg.ac.be,EXTRACT_CONTRIX.xltm - Excel,Tâches diverses,2021-01-12,14:44:22,00:00:07
stefano.crapanzano@chu.ulg.ac.be,EXTRACT_CONTRIX.xltm - Excel,Tâches diverses,2021-01-12,14:44:35,00:00:26
stefano.crapanzano@chu.ulg.ac.be,EXTRACT_CONTRIX.xltm - Excel,Tâches diverses,2021-01-12,15:40:23,00:00:02
stefano.crapanzano@chu.ulg.ac.be,Microsoft Visual Basic pour Applications - EXTRACT_CONTRIX.xlsx,Tâches diverses,2021-01-12,12:48:24,00:00:03
stefano.crapanzano@chu.ulg.ac.be,Microsoft Visual Basic pour Applications - EXTRACT_CONTRIX.xlsx,Tâches diverses,2021-01-12,12:58:25,00:00:03
stefano.crapanzano@chu.ulg.ac.be,Microsoft Visual Basic pour Applications - EXTRACT_CONTRIX.xlsx,Tâches diverses,2021-01-12,12:59:26,00:00:03
stefano.crapanzano@chu.ulg.ac.be,Microsoft Visual Basic pour Applications - EXTRACT_CONTRIX.xlsx,Tâches diverses,2021-01-12,12:59:37,00:00:02
stefano.crapanzano@chu.ulg.ac.be,Microsoft Visual Basic pour Applications - EXTRACT_CONTRIX.xlsx,Tâches diverses,2021-01-12,13:14:23,00:00:04
stefano.crapanzano@chu.ulg.ac.be,EXTRACT_CONTRIX1 - Excel,Tâches diverses,2021-01-12,12:51:46,00:00:02
stefano.crapanzano@chu.ulg.ac.be,EXTRACT_CONTRIX1 - Excel,Tâches diverses,2021-01-12,12:52:01,00:00:03
stefano.crapanzano@chu.ulg.ac.be,EXTRACT_CONTRIX1 - Excel,Tâches diverses,2021-01-12,12:54:00,00:00:02
stefano.crapanzano@chu.ulg.ac.be,EXTRACT_CONTRIX1 - Excel,Tâches diverses,2021-01-12,12:54:10,00:00:03
stefano.crapanzano@chu.ulg.ac.be,EXTRACT_CONTRIX1 - Excel,Tâches diverses,2021-01-12,12:54:15,00:00:02
stefano.crapanzano@chu.ulg.ac.be,EXTRACT_CONTRIX1 - Excel,Tâches diverses,2021-01-12,13:11:53,00:00:03
stefano.crapanzano@chu.ulg.ac.be,Microsoft Visual Basic pour Applications - EXTRACT_CONTRIX1 - [Module1 (Code)],Tâches diverses,2021-01-12,12:50:23,00:00:04
stefano.crapanzano@chu.ulg.ac.be,Microsoft Visual Basic pour Applications - EXTRACT_CONTRIX1 - [Module_cnx (Code)],Tâches diverses,2021-01-12,12:51:07,00:00:21
stefano.crapanzano@chu.ulg.ac.be,Microsoft Visual Basic pour Applications - EXTRACT_CONTRIX1,Tâches diverses,2021-01-12,12:51:42,00:00:03
stefano.crapanzano@chu.ulg.ac.be,Connexions existantes,Tâches diverses,2021-01-12,12:52:06,00:00:02
stefano.crapanzano@chu.ulg.ac.be,Connexions existantes,Tâches diverses,2021-01-12,12:52:20,00:00:50
stefano.crapanzano@chu.ulg.ac.be,Connexions existantes,Tâches diverses,2021-01-12,12:53:24,00:00:02
stefano.crapanzano@chu.ulg.ac.be,Connexions existantes,Tâches diverses,2021-01-12,12:53:44,00:00:03
stefano.crapanzano@chu.ulg.ac.be,Connexions existantes,Tâches diverses,2021-01-12,12:54:30,00:00:02
stefano.crapanzano@chu.ulg.ac.be,Connexions existantes,Tâches diverses,2021-01-12,13:04:40,00:00:02
stefano.crapanzano@chu.ulg.ac.be,Connexions existantes,Tâches diverses,2021-01-12,13:06:53,00:00:06
stefano.crapanzano@chu.ulg.ac.be,Connexions existantes,Tâches diverses,2021-01-12,13:10:49,00:00:03
stefano.crapanzano@chu.ulg.ac.be,Connexions existantes,Tâches diverses,2021-01-12,13:11:25,00:00:04
stefano.crapanzano@chu.ulg.ac.be,Propriétés des liaisons de données,Tâches diverses,2021-01-12,12:52:08,00:00:08
stefano.crapanzano@chu.ulg.ac.be,Propriétés des liaisons de données,Tâches diverses,2021-01-12,12:53:11,00:00:10
stefano.crapanzano@chu.ulg.ac.be,Sélectionner la source de données,Tâches diverses,2021-01-12,12:53:26,00:00:06
stefano.crapanzano@chu.ulg.ac.be,Sélectionner la source de données,Tâches diverses,2021-01-12,13:06:59,00:00:06
stefano.crapanzano@chu.ulg.ac.be,Sélectionner la source de données,Tâches diverses,2021-01-12,13:20:44,00:00:03
stefano.crapanzano@chu.ulg.ac.be,TR: GOAL : Installations des équipements IT - Message (HTML),Helpdesk général,2021-01-12,12:54:57,00:01:25
stefano.crapanzano@chu.ulg.ac.be,Microsoft Visual Basic pour Applications - EXTRACT_CONTRIX.xlsx - [Module_cnx (Code)],Tâches diverses,2021-01-12,12:57:40,00:00:03
stefano.crapanzano@chu.ulg.ac.be,Microsoft Visual Basic pour Applications - EXTRACT_CONTRIX.xlsx - [Module_cnx (Code)],Tâches diverses,2021-01-12,12:58:00,00:00:03
stefano.crapanzano@chu.ulg.ac.be,Microsoft Visual Basic pour Applications - EXTRACT_CONTRIX.xlsx - [Module_cnx (Code)],Tâches diverses,2021-01-12,13:13:29,00:00:03
stefano.crapanzano@chu.ulg.ac.be,Microsoft Visual Basic pour Applications - EXTRACT_CONTRIX.xlsx - [Module_cnx (Code)],Tâches diverses,2021-01-12,13:13:50,00:00:03
stefano.crapanzano@chu.ulg.ac.be,Microsoft Visual Basic pour Applications - EXTRACT_CONTRIX.xlsx - [Module_cnx (Code)],Tâches diverses,2021-01-12,13:19:30,00:00:12
stefano.crapanzano@chu.ulg.ac.be,Microsoft Visual Basic pour Applications - EXTRACT_CONTRIX.xlsx - [Module_cnx (Code)],Tâches diverses,2021-01-12,13:19:49,00:00:12
stefano.crapanzano@chu.ulg.ac.be,Microsoft Visual Basic pour Applications - EXTRACT_CONTRIX.xlsx - [Module_cnx (Code)],Tâches diverses,2021-01-12,13:21:51,00:00:02
stefano.crapanzano@chu.ulg.ac.be,Microsoft Visual Basic pour Applications - EXTRACT_CONTRIX.xlsx - [Module_cnx (Code)],Tâches diverses,2021-01-12,13:29:39,00:00:03
stefano.crapanzano@chu.ulg.ac.be,Microsoft Visual Basic pour Applications - EXTRACT_CONTRIX.xlsx - [Module_cnx (Code)],Tâches diverses,2021-01-12,13:29:53,00:00:02
stefano.crapanzano@chu.ulg.ac.be,Microsoft Visual Basic pour Applications - EXTRACT_CONTRIX.xlsx - [Module_cnx (Code)],Tâches diverses,2021-01-12,14:47:22,00:00:04
stefano.crapanzano@chu.ulg.ac.be,Microsoft Visual Basic pour Applications - EXTRACT_CONTRIX.xlsx [arrêt] - [Module_cnx (Code)],Tâches diverses,2021-01-12,12:58:06,00:00:19
stefano.crapanzano@chu.ulg.ac.be,Microsoft Visual Basic pour Applications - EXTRACT_CONTRIX.xlsx [arrêt] - [Module_cnx (Code)],Tâches diverses,2021-01-12,13:20:16,00:00:28
stefano.crapanzano@chu.ulg.ac.be,Microsoft Visual Basic pour Applications - EXTRACT_CONTRIX.xlsx [arrêt] - [Module_cnx (Code)],Tâches diverses,2021-01-12,13:20:48,00:00:10
stefano.crapanzano@chu.ulg.ac.be,Microsoft Visual Basic pour Applications - EXTRACT_CONTRIX.xlsx [arrêt] - [Module_cnx (Code)],Tâches diverses,2021-01-12,13:30:03,00:00:04
stefano.crapanzano@chu.ulg.ac.be,Microsoft Visual Basic pour Applications - EXTRACT_CONTRIX.xlsx [arrêt] - [Module_cnx (Code)],Tâches diverses,2021-01-12,13:30:24,00:00:09
stefano.crapanzano@chu.ulg.ac.be,Microsoft Visual Basic pour Applications - EXTRACT_CONTRIX.xlsx [arrêt] - [Module_cnx (Code)],Tâches diverses,2021-01-12,14:14:16,00:00:12
stefano.crapanzano@chu.ulg.ac.be,Gestionnaire des tâches de Windows,Tâches diverses,2021-01-12,12:59:46,00:00:09
stefano.crapanzano@chu.ulg.ac.be,extract_all_contracts.sql - Bloc-notes,IT,2021-01-12,13:03:27,00:00:10
stefano.crapanzano@chu.ulg.ac.be,extract_all_contracts.sql - Bloc-notes,IT,2021-01-12,14:43:51,00:00:02
stefano.crapanzano@chu.ulg.ac.be,extract_all_contracts.sql - Bloc-notes,IT,2021-01-12,14:43:58,00:00:03
stefano.crapanzano@chu.ulg.ac.be,Classeur1 - Excel,Tâches diverses,2021-01-12,13:21:24,00:00:02
stefano.crapanzano@chu.ulg.ac.be,Microsoft Visual Basic pour Applications - Classeur1 - [Module1 (Code)],Tâches diverses,2021-01-12,13:21:26,00:00:03
stefano.crapanzano@chu.ulg.ac.be,TR: TR: GOAL : Installations des équipements IT - Message (HTML),Helpdesk général,2021-01-12,13:23:13,00:04:34
stefano.crapanzano@chu.ulg.ac.be,TR: TR: GOAL : Installations des équipements IT - Message (HTML),Helpdesk général,2021-01-12,14:42:03,00:00:02
stefano.crapanzano@chu.ulg.ac.be,TR: TR: GOAL : Installations des équipements IT - Message (HTML),Helpdesk général,2021-01-12,15:05:07,00:00:46
stefano.crapanzano@chu.ulg.ac.be,TR: CC ticket 330767 - ton intervention est référencée 390159 - Message (HTML),Helpdesk général,2021-01-12,13:33:37,00:00:03
stefano.crapanzano@chu.ulg.ac.be,TR: CC ticket 330767 - ton intervention est référencée 390159 - Message (HTML),Helpdesk général,2021-01-12,14:13:39,00:00:27
stefano.crapanzano@chu.ulg.ac.be,TR: CC ticket 330767 - ton intervention est référencée 390159 - Message (HTML),Helpdesk général,2021-01-12,14:41:59,00:00:03
stefano.crapanzano@chu.ulg.ac.be,Sans titre - Google Chrome,Tâches diverses,2021-01-12,13:42:43,00:00:02
stefano.crapanzano@chu.ulg.ac.be,https://sam.uliege.be/listing.php?action=imprime&db=live&id=390159&editeurGroupe=SAI-ERP - Google Chrome,Tâches diverses,2021-01-12,13:42:45,00:00:02
stefano.crapanzano@chu.ulg.ac.be,SAM : Demande 390159 - Google Chrome,Tâches diverses,2021-01-12,13:42:47,00:01:04
stefano.crapanzano@chu.ulg.ac.be,SAM : Demande 390159 - Google Chrome,Tâches diverses,2021-01-12,13:44:00,00:12:40
stefano.crapanzano@chu.ulg.ac.be,SAM : Demande 390159 - Google Chrome,Tâches diverses,2021-01-12,14:12:33,00:00:38
stefano.crapanzano@chu.ulg.ac.be,TR: Nouvelle imprimante SAP - Message (HTML),Helpdesk général,2021-01-12,13:57:15,00:02:29
stefano.crapanzano@chu.ulg.ac.be,Orthographe : Français (Belgique),Helpdesk général,2021-01-12,16:10:31,00:00:06
stefano.crapanzano@chu.ulg.ac.be,Envoyé - Zimbra - Stefano Crapanzano - Outlook,Helpdesk général,2021-01-12,14:03:30,00:00:03
stefano.crapanzano@chu.ulg.ac.be,SAP Easy Access Menu de base Applications financières-économiques,Exploration SAP,2021-01-12,14:04:43,00:00:08
stefano.crapanzano@chu.ulg.ac.be,Fwd: RE: GOAL : issues au Hall CLC - Message (HTML),Helpdesk général,2021-01-12,14:36:47,00:04:42
stefano.crapanzano@chu.ulg.ac.be,Bloc-notes,IT,2021-01-12,14:43:53,00:00:04
stefano.crapanzano@chu.ulg.ac.be,[MON SUIVI] : Validation imprimantes CLC (chambre froide-GOAL) - Message (HTML),Helpdesk général,2021-01-12,15:03:34,00:00:44
stefano.crapanzano@chu.ulg.ac.be,Microsoft Visual Basic pour Applications - EXTRACT_CONTRIX_export_21_01_12_15_29.xlsx [arrêt] - [Module_cnx (Code)],Tâches diverses,2021-01-12,15:29:54,00:00:21
stefano.crapanzano@chu.ulg.ac.be,Microsoft Visual Basic pour Applications - EXTRACT_CONTRIX_export_21_01_12_15_29.xlsx [arrêt] - [Module_cnx (Code)],Tâches diverses,2021-01-12,15:30:16,00:00:16
stefano.crapanzano@chu.ulg.ac.be,Microsoft Visual Basic pour Applications - EXTRACT_CONTRIX_export_21_01_12_15_29.xlsx [arrêt] - [Module_cnx (Code)],Tâches diverses,2021-01-12,15:30:34,00:00:10
stefano.crapanzano@chu.ulg.ac.be,C:\Users\c158492\ProjetBoulot\SVN_LOCAL\PERL\UTIL\SQL_TO_XLS_SC.pl,IT,2021-01-12,15:31:22,00:00:25
stefano.crapanzano@chu.ulg.ac.be,C:\Users\c158492\ProjetBoulot\SVN_LOCAL\PERL\UTIL\SQL_TO_XLS_SC.pl,IT,2021-01-12,15:32:21,00:00:10
stefano.crapanzano@chu.ulg.ac.be,C:\Users\c158492\ProjetBoulot\SVN_LOCAL\PERL\UTIL\SQL_TO_XLS_SC.pl,IT,2021-01-12,15:34:32,00:00:38
stefano.crapanzano@chu.ulg.ac.be,C:\Users\c158492\ProjetBoulot\SVN_LOCAL\PERL\UTIL\SQL_TO_XLS_SC.pl,IT,2021-01-12,15:36:40,00:00:14
stefano.crapanzano@chu.ulg.ac.be,EXTRACT_CONTRIX_export_21_01_12_15_29.xlsx - Excel,Tâches diverses,2021-01-12,15:38:31,00:00:06
stefano.crapanzano@chu.ulg.ac.be,EXTRACT_CONTRIX_export_21_01_12_15_29.xlsx - Excel,Tâches diverses,2021-01-12,15:39:52,00:00:04
stefano.crapanzano@chu.ulg.ac.be,EXTRACT_CONTRIX_export_21_01_12_15_37.xlsx - Excel,Tâches diverses,2021-01-12,15:38:13,00:00:07
stefano.crapanzano@chu.ulg.ac.be,Didier BARE - erp.sai@chuliege.be - Outlook,Helpdesk général,2021-01-12,15:40:32,00:00:04
stefano.crapanzano@chu.ulg.ac.be,EXTRACT_CONTRIX__21_01_12_15_42.xlsx - Excel,Tâches diverses,2021-01-12,15:43:09,00:00:02
stefano.crapanzano@chu.ulg.ac.be,Microsoft Visual Basic pour Applications - EXTRACT_CONTRIX__21_01_12_15_46.xlsx [arrêt] - [Module_cnx (Code)],Tâches diverses,2021-01-12,15:47:23,00:00:05
stefano.crapanzano@chu.ulg.ac.be,Microsoft Visual Basic pour Applications - EXTRACT_CONTRIX__21_01_12_15_46.xlsx [arrêt] - [Module_cnx (Code)],Tâches diverses,2021-01-12,15:47:38,00:00:08
stefano.crapanzano@chu.ulg.ac.be,Microsoft Visual Basic pour Applications - EXTRACT_CONTRIX__21_01_12_15_46.xlsx [arrêt] - [Module_cnx (Code)],Tâches diverses,2021-01-12,15:47:48,00:00:06
stefano.crapanzano@chu.ulg.ac.be,Microsoft Visual Basic pour Applications - EXTRACT_CONTRIX__21_01_12_15_46.xlsx [arrêt] - [Module_cnx (Code)],Tâches diverses,2021-01-12,15:47:55,00:00:02
stefano.crapanzano@chu.ulg.ac.be,Microsoft Visual Basic pour Applications - EXTRACT_CONTRIX__21_01_12_15_46.xlsx,Tâches diverses,2021-01-12,15:47:57,00:00:03
stefano.crapanzano@chu.ulg.ac.be,EXTRACT_CONTRIX__21_01_12_15_46.xlsx  [Lecture seule] - Excel,Tâches diverses,2021-01-12,15:48:11,00:00:02
stefano.crapanzano@chu.ulg.ac.be,EXTRACT_CONTRIX__21_01_12_15_48.xlsx - Excel,Tâches diverses,2021-01-12,15:49:01,00:00:03
stefano.crapanzano@chu.ulg.ac.be,EXTRACT_CONTRIX__21_01_12_15_48.xlsx - Excel,Tâches diverses,2021-01-12,15:49:10,00:00:05
stefano.crapanzano@chu.ulg.ac.be,Commit Changes,IT,2021-01-12,15:50:14,00:01:07
stefano.crapanzano@chu.ulg.ac.be,Netop Invité,Helpdesk général,2021-01-12,15:54:51,00:00:03
stefano.crapanzano@chu.ulg.ac.be,Connexion à l'aide de l'authentification Windows,Helpdesk général,2021-01-12,15:54:54,00:00:03
stefano.crapanzano@chu.ulg.ac.be,erpftp - Netop Remote Control,Helpdesk général,2021-01-12,15:54:59,00:00:04
stefano.crapanzano@chu.ulg.ac.be,erpftp - Netop Remote Control,Helpdesk général,2021-01-12,15:55:54,00:01:16
stefano.crapanzano@chu.ulg.ac.be,erpftp - Netop Remote Control,Helpdesk général,2021-01-12,15:57:31,00:00:14
stefano.crapanzano@chu.ulg.ac.be,erpftp - Netop Remote Control,Helpdesk général,2021-01-12,15:58:05,00:00:21
stefano.crapanzano@chu.ulg.ac.be,erpftp - Netop Remote Control,Helpdesk général,2021-01-12,15:58:46,00:00:14
stefano.crapanzano@chu.ulg.ac.be,erpftp - Netop Remote Control,Helpdesk général,2021-01-12,16:00:27,00:00:04
stefano.crapanzano@chu.ulg.ac.be,erpftp - Netop Remote Control,Helpdesk général,2021-01-12,16:02:50,00:00:04
stefano.crapanzano@chu.ulg.ac.be,EXTRACT_CONTRIX__21_01_12_15_58.xlsx - Excel,Tâches diverses,2021-01-12,15:58:39,00:00:04
stefano.crapanzano@chu.ulg.ac.be,Sans titre - Message (HTML),Helpdesk général,2021-01-12,15:59:09,00:01:18
stefano.crapanzano@chu.ulg.ac.be,Sans titre - Message (HTML),Helpdesk général,2021-01-12,16:00:32,00:01:24
stefano.crapanzano@chu.ulg.ac.be,Script pour extraction des contrats - Message (HTML),Helpdesk général,2021-01-12,16:01:56,00:00:54
stefano.crapanzano@chu.ulg.ac.be,Script pour extraction des contrats - Message (HTML),Helpdesk général,2021-01-12,16:03:01,00:00:04
stefano.crapanzano@chu.ulg.ac.be,Script pour extraction des contrats - Message (HTML),Helpdesk général,2021-01-12,16:03:14,00:07:16
stefano.crapanzano@chu.ulg.ac.be,Script pour extraction des contrats - Message (HTML),Helpdesk général,2021-01-12,16:11:07,00:00:02
stefano.crapanzano@chu.ulg.ac.be,RE: Script pour extraction des contrats - Message (HTML),Helpdesk général,2021-01-12,16:11:00,00:00:04
