Email,Description,Project,Start date,Start time,Duration
stefano.crapanzano@chu.ulg.ac.be,Courrier entrant - erp.sai@chuliege.be - Mozilla Thunderbird,Helpdesk général,2021-04-27,08:34:23,00:00:13
stefano.crapanzano@chu.ulg.ac.be,Courrier entrant - erp.sai@chuliege.be - Mozilla Thunderbird,Helpdesk général,2021-04-27,08:39:17,00:00:02
stefano.crapanzano@chu.ulg.ac.be,Courrier entrant - erp.sai@chuliege.be - Mozilla Thunderbird,Helpdesk général,2021-04-27,08:39:22,00:03:41
stefano.crapanzano@chu.ulg.ac.be,Courrier entrant - erp.sai@chuliege.be - Mozilla Thunderbird,Helpdesk général,2021-04-27,08:43:06,00:00:03
stefano.crapanzano@chu.ulg.ac.be,Courrier entrant - erp.sai@chuliege.be - Mozilla Thunderbird,Helpdesk général,2021-04-27,09:10:02,00:00:43
stefano.crapanzano@chu.ulg.ac.be,Courrier entrant - erp.sai@chuliege.be - Mozilla Thunderbird,Helpdesk général,2021-04-27,09:12:11,00:00:02
stefano.crapanzano@chu.ulg.ac.be,Courrier entrant - erp.sai@chuliege.be - Mozilla Thunderbird,Helpdesk général,2021-04-27,09:17:39,00:00:04
stefano.crapanzano@chu.ulg.ac.be,Courrier entrant - erp.sai@chuliege.be - Mozilla Thunderbird,Helpdesk général,2021-04-27,09:19:51,00:00:05
stefano.crapanzano@chu.ulg.ac.be,Courrier entrant - erp.sai@chuliege.be - Mozilla Thunderbird,Helpdesk général,2021-04-27,09:20:12,00:00:04
stefano.crapanzano@chu.ulg.ac.be,Courrier entrant - erp.sai@chuliege.be - Mozilla Thunderbird,Helpdesk général,2021-04-27,09:20:28,00:00:06
stefano.crapanzano@chu.ulg.ac.be,Courrier entrant - erp.sai@chuliege.be - Mozilla Thunderbird,Helpdesk général,2021-04-27,09:22:27,00:00:09
stefano.crapanzano@chu.ulg.ac.be,Courrier entrant - erp.sai@chuliege.be - Mozilla Thunderbird,Helpdesk général,2021-04-27,09:24:27,00:00:13
stefano.crapanzano@chu.ulg.ac.be,Courrier entrant - erp.sai@chuliege.be - Mozilla Thunderbird,Helpdesk général,2021-04-27,09:25:03,00:00:12
stefano.crapanzano@chu.ulg.ac.be,Courrier entrant - erp.sai@chuliege.be - Mozilla Thunderbird,Helpdesk général,2021-04-27,09:25:31,00:00:10
stefano.crapanzano@chu.ulg.ac.be,Courrier entrant - erp.sai@chuliege.be - Mozilla Thunderbird,Helpdesk général,2021-04-27,09:26:35,00:00:07
stefano.crapanzano@chu.ulg.ac.be,Courrier entrant - erp.sai@chuliege.be - Mozilla Thunderbird,Helpdesk général,2021-04-27,09:27:56,00:00:34
stefano.crapanzano@chu.ulg.ac.be,Courrier entrant - erp.sai@chuliege.be - Mozilla Thunderbird,Helpdesk général,2021-04-27,09:29:01,00:00:31
stefano.crapanzano@chu.ulg.ac.be,Courrier entrant - erp.sai@chuliege.be - Mozilla Thunderbird,Helpdesk général,2021-04-27,09:36:19,00:00:02
stefano.crapanzano@chu.ulg.ac.be,Courrier entrant - erp.sai@chuliege.be - Mozilla Thunderbird,Helpdesk général,2021-04-27,09:52:07,00:00:04
stefano.crapanzano@chu.ulg.ac.be,Courrier entrant - erp.sai@chuliege.be - Mozilla Thunderbird,Helpdesk général,2021-04-27,10:52:07,00:00:26
stefano.crapanzano@chu.ulg.ac.be,Courrier entrant - erp.sai@chuliege.be - Mozilla Thunderbird,Helpdesk général,2021-04-27,10:52:36,00:04:06
stefano.crapanzano@chu.ulg.ac.be,Courrier entrant - erp.sai@chuliege.be - Mozilla Thunderbird,Helpdesk général,2021-04-27,11:10:37,00:01:02
stefano.crapanzano@chu.ulg.ac.be,Courrier entrant - erp.sai@chuliege.be - Mozilla Thunderbird,Helpdesk général,2021-04-27,11:14:42,01:31:25
stefano.crapanzano@chu.ulg.ac.be,Courrier entrant - erp.sai@chuliege.be - Mozilla Thunderbird,Helpdesk général,2021-04-27,12:46:18,00:00:02
stefano.crapanzano@chu.ulg.ac.be,Courrier entrant - erp.sai@chuliege.be - Mozilla Thunderbird,Helpdesk général,2021-04-27,12:46:31,00:00:02
stefano.crapanzano@chu.ulg.ac.be,Courrier entrant - erp.sai@chuliege.be - Mozilla Thunderbird,Helpdesk général,2021-04-27,12:47:15,00:00:04
stefano.crapanzano@chu.ulg.ac.be,Courrier entrant - erp.sai@chuliege.be - Mozilla Thunderbird,Helpdesk général,2021-04-27,12:48:15,00:00:03
stefano.crapanzano@chu.ulg.ac.be,Courrier entrant - erp.sai@chuliege.be - Mozilla Thunderbird,Helpdesk général,2021-04-27,13:47:25,00:00:04
stefano.crapanzano@chu.ulg.ac.be,Courrier entrant - erp.sai@chuliege.be - Mozilla Thunderbird,Helpdesk général,2021-04-27,13:55:54,00:03:58
stefano.crapanzano@chu.ulg.ac.be,Courrier entrant - erp.sai@chuliege.be - Mozilla Thunderbird,Helpdesk général,2021-04-27,15:27:24,00:00:10
stefano.crapanzano@chu.ulg.ac.be,Courrier entrant - erp.sai@chuliege.be - Mozilla Thunderbird,Helpdesk général,2021-04-27,15:30:46,00:04:08
stefano.crapanzano@chu.ulg.ac.be,Courrier entrant - erp.sai@chuliege.be - Mozilla Thunderbird,Helpdesk général,2021-04-27,15:54:55,00:00:03
stefano.crapanzano@chu.ulg.ac.be,Courrier entrant - erp.sai@chuliege.be - Mozilla Thunderbird,Helpdesk général,2021-04-27,15:55:15,00:00:03
stefano.crapanzano@chu.ulg.ac.be,Courrier entrant - erp.sai@chuliege.be - Mozilla Thunderbird,Helpdesk général,2021-04-27,15:59:06,00:00:02
stefano.crapanzano@chu.ulg.ac.be,Courrier entrant - erp.sai@chuliege.be - Mozilla Thunderbird,Helpdesk général,2021-04-27,15:59:22,00:00:02
stefano.crapanzano@chu.ulg.ac.be,Courrier entrant - erp.sai@chuliege.be - Mozilla Thunderbird,Helpdesk général,2021-04-27,16:13:20,00:00:04
stefano.crapanzano@chu.ulg.ac.be,Courrier entrant - erp.sai@chuliege.be - Mozilla Thunderbird,Helpdesk général,2021-04-27,16:13:28,00:00:02
stefano.crapanzano@chu.ulg.ac.be,Courrier entrant - erp.sai@chuliege.be - Mozilla Thunderbird,Helpdesk général,2021-04-27,16:14:28,00:00:02
stefano.crapanzano@chu.ulg.ac.be,Courrier entrant - erp.sai@chuliege.be - Mozilla Thunderbird,Helpdesk général,2021-04-27,16:14:46,00:00:02
stefano.crapanzano@chu.ulg.ac.be,Courrier entrant - erp.sai@chuliege.be - Mozilla Thunderbird,Helpdesk général,2021-04-27,17:05:54,00:00:07
stefano.crapanzano@chu.ulg.ac.be,Courrier entrant - stefano.crapanzano@chuliege.be - Mozilla Thunderbird,Helpdesk général,2021-04-27,08:34:36,00:04:40
stefano.crapanzano@chu.ulg.ac.be,Courrier entrant - stefano.crapanzano@chuliege.be - Mozilla Thunderbird,Helpdesk général,2021-04-27,08:39:20,00:00:02
stefano.crapanzano@chu.ulg.ac.be,Courrier entrant - stefano.crapanzano@chuliege.be - Mozilla Thunderbird,Helpdesk général,2021-04-27,09:50:49,00:01:18
stefano.crapanzano@chu.ulg.ac.be,Courrier entrant - stefano.crapanzano@chuliege.be - Mozilla Thunderbird,Helpdesk général,2021-04-27,09:57:28,00:02:46
stefano.crapanzano@chu.ulg.ac.be,Courrier entrant - stefano.crapanzano@chuliege.be - Mozilla Thunderbird,Helpdesk général,2021-04-27,10:52:34,00:00:02
stefano.crapanzano@chu.ulg.ac.be,Courrier entrant - stefano.crapanzano@chuliege.be - Mozilla Thunderbird,Helpdesk général,2021-04-27,11:10:35,00:00:02
stefano.crapanzano@chu.ulg.ac.be,Courrier entrant - stefano.crapanzano@chuliege.be - Mozilla Thunderbird,Helpdesk général,2021-04-27,11:14:35,00:00:03
stefano.crapanzano@chu.ulg.ac.be,Courrier entrant - stefano.crapanzano@chuliege.be - Mozilla Thunderbird,Helpdesk général,2021-04-27,12:46:33,00:00:18
stefano.crapanzano@chu.ulg.ac.be,Courrier entrant - stefano.crapanzano@chuliege.be - Mozilla Thunderbird,Helpdesk général,2021-04-27,12:47:11,00:00:03
stefano.crapanzano@chu.ulg.ac.be,Courrier entrant - stefano.crapanzano@chuliege.be - Mozilla Thunderbird,Helpdesk général,2021-04-27,12:48:12,00:00:02
stefano.crapanzano@chu.ulg.ac.be,Courrier entrant - stefano.crapanzano@chuliege.be - Mozilla Thunderbird,Helpdesk général,2021-04-27,13:59:52,00:24:44
stefano.crapanzano@chu.ulg.ac.be,Courrier entrant - stefano.crapanzano@chuliege.be - Mozilla Thunderbird,Helpdesk général,2021-04-27,14:48:25,00:00:07
stefano.crapanzano@chu.ulg.ac.be,Courrier entrant - stefano.crapanzano@chuliege.be - Mozilla Thunderbird,Helpdesk général,2021-04-27,14:49:46,00:00:48
stefano.crapanzano@chu.ulg.ac.be,Courrier entrant - stefano.crapanzano@chuliege.be - Mozilla Thunderbird,Helpdesk général,2021-04-27,14:51:06,00:00:04
stefano.crapanzano@chu.ulg.ac.be,Courrier entrant - stefano.crapanzano@chuliege.be - Mozilla Thunderbird,Helpdesk général,2021-04-27,14:52:24,00:00:04
stefano.crapanzano@chu.ulg.ac.be,Courrier entrant - stefano.crapanzano@chuliege.be - Mozilla Thunderbird,Helpdesk général,2021-04-27,15:00:44,00:00:04
stefano.crapanzano@chu.ulg.ac.be,Courrier entrant - stefano.crapanzano@chuliege.be - Mozilla Thunderbird,Helpdesk général,2021-04-27,15:02:23,00:00:10
stefano.crapanzano@chu.ulg.ac.be,Courrier entrant - stefano.crapanzano@chuliege.be - Mozilla Thunderbird,Helpdesk général,2021-04-27,15:02:38,00:00:08
stefano.crapanzano@chu.ulg.ac.be,Courrier entrant - stefano.crapanzano@chuliege.be - Mozilla Thunderbird,Helpdesk général,2021-04-27,15:06:51,00:00:04
stefano.crapanzano@chu.ulg.ac.be,Courrier entrant - stefano.crapanzano@chuliege.be - Mozilla Thunderbird,Helpdesk général,2021-04-27,15:07:52,00:00:13
stefano.crapanzano@chu.ulg.ac.be,Courrier entrant - stefano.crapanzano@chuliege.be - Mozilla Thunderbird,Helpdesk général,2021-04-27,15:34:55,00:00:07
stefano.crapanzano@chu.ulg.ac.be,Courrier entrant - stefano.crapanzano@chuliege.be - Mozilla Thunderbird,Helpdesk général,2021-04-27,15:35:05,00:00:09
stefano.crapanzano@chu.ulg.ac.be,Courrier entrant - stefano.crapanzano@chuliege.be - Mozilla Thunderbird,Helpdesk général,2021-04-27,15:36:08,00:00:04
stefano.crapanzano@chu.ulg.ac.be,Courrier entrant - stefano.crapanzano@chuliege.be - Mozilla Thunderbird,Helpdesk général,2021-04-27,16:15:01,00:50:52
stefano.crapanzano@chu.ulg.ac.be,Navigation système de fichier,IT,2021-04-27,08:56:23,00:00:04
stefano.crapanzano@chu.ulg.ac.be,Navigation système de fichier,IT,2021-04-27,08:59:05,00:00:26
stefano.crapanzano@chu.ulg.ac.be,Navigation système de fichier,IT,2021-04-27,09:10:58,00:00:02
stefano.crapanzano@chu.ulg.ac.be,Navigation système de fichier,IT,2021-04-27,09:12:08,00:00:03
stefano.crapanzano@chu.ulg.ac.be,Navigation système de fichier,IT,2021-04-27,09:29:47,00:00:02
stefano.crapanzano@chu.ulg.ac.be,Navigation système de fichier,IT,2021-04-27,09:30:25,00:00:02
stefano.crapanzano@chu.ulg.ac.be,Navigation système de fichier,IT,2021-04-27,09:38:02,00:00:03
stefano.crapanzano@chu.ulg.ac.be,Navigation système de fichier,IT,2021-04-27,09:39:47,00:00:02
stefano.crapanzano@chu.ulg.ac.be,Navigation système de fichier,IT,2021-04-27,09:46:03,00:00:02
stefano.crapanzano@chu.ulg.ac.be,Navigation système de fichier,IT,2021-04-27,09:50:45,00:00:02
stefano.crapanzano@chu.ulg.ac.be,Navigation système de fichier,IT,2021-04-27,11:12:20,00:00:04
stefano.crapanzano@chu.ulg.ac.be,Navigation système de fichier,IT,2021-04-27,12:46:21,00:00:04
stefano.crapanzano@chu.ulg.ac.be,Navigation système de fichier,IT,2021-04-27,12:46:52,00:00:02
stefano.crapanzano@chu.ulg.ac.be,Navigation système de fichier,IT,2021-04-27,13:48:13,00:00:02
stefano.crapanzano@chu.ulg.ac.be,Navigation système de fichier,IT,2021-04-27,14:27:29,00:00:03
stefano.crapanzano@chu.ulg.ac.be,Navigation système de fichier,IT,2021-04-27,14:48:20,00:00:02
stefano.crapanzano@chu.ulg.ac.be,Navigation système de fichier,IT,2021-04-27,14:49:44,00:00:02
stefano.crapanzano@chu.ulg.ac.be,Navigation système de fichier,IT,2021-04-27,14:52:50,00:00:02
stefano.crapanzano@chu.ulg.ac.be,Navigation système de fichier,IT,2021-04-27,14:58:55,00:00:02
stefano.crapanzano@chu.ulg.ac.be,Navigation système de fichier,IT,2021-04-27,14:59:10,00:00:02
stefano.crapanzano@chu.ulg.ac.be,Navigation système de fichier,IT,2021-04-27,15:26:31,00:00:02
stefano.crapanzano@chu.ulg.ac.be,Navigation système de fichier,IT,2021-04-27,15:36:48,00:00:15
stefano.crapanzano@chu.ulg.ac.be,Navigation système de fichier,IT,2021-04-27,15:50:32,00:00:21
stefano.crapanzano@chu.ulg.ac.be,Navigation système de fichier,IT,2021-04-27,15:54:58,00:00:04
stefano.crapanzano@chu.ulg.ac.be,Navigation système de fichier,IT,2021-04-27,15:55:05,00:00:09
stefano.crapanzano@chu.ulg.ac.be,Navigation système de fichier,IT,2021-04-27,16:14:50,00:00:02
stefano.crapanzano@chu.ulg.ac.be,Navigation système de fichier,IT,2021-04-27,16:14:53,00:00:04
stefano.crapanzano@chu.ulg.ac.be,SAP GUI for Windows 750,Helpdesk général,2021-04-27,08:43:09,00:00:02
stefano.crapanzano@chu.ulg.ac.be,SAP GUI for Windows 750,Exploration SAP,2021-04-27,10:56:42,00:13:51
stefano.crapanzano@chu.ulg.ac.be,SAP Logon 750,Exploration SAP,2021-04-27,08:43:13,00:00:07
stefano.crapanzano@chu.ulg.ac.be,SAP Logon 750,Helpdesk général,2021-04-27,09:10:45,00:00:03
stefano.crapanzano@chu.ulg.ac.be,SAP Logon 750,Exploration SAP,2021-04-27,13:44:08,00:00:04
stefano.crapanzano@chu.ulg.ac.be,SAP Logon 750,Exploration SAP,2021-04-27,13:48:15,00:00:03
stefano.crapanzano@chu.ulg.ac.be,SAP Easy Access Menu de base Applications financières-économiques,Exploration SAP,2021-04-27,08:43:20,00:00:08
stefano.crapanzano@chu.ulg.ac.be,SAP Easy Access Menu de base Applications financières-économiques,Exploration SAP,2021-04-27,08:56:30,00:00:08
stefano.crapanzano@chu.ulg.ac.be,SAP Easy Access Menu de base Applications financières-économiques,Exploration SAP,2021-04-27,09:11:50,00:00:07
stefano.crapanzano@chu.ulg.ac.be,SAP Easy Access Menu de base Applications financières-économiques,Exploration SAP,2021-04-27,09:12:47,00:00:06
stefano.crapanzano@chu.ulg.ac.be,SAP Easy Access Menu de base Applications financières-économiques,Exploration SAP,2021-04-27,09:12:58,00:00:07
stefano.crapanzano@chu.ulg.ac.be,SAP Easy Access Menu de base Applications financières-économiques,Exploration SAP,2021-04-27,09:18:06,00:00:04
stefano.crapanzano@chu.ulg.ac.be,SAP Easy Access Menu de base Applications financières-économiques,Exploration SAP,2021-04-27,09:20:23,00:00:03
stefano.crapanzano@chu.ulg.ac.be,SAP Easy Access Menu de base Applications financières-économiques,Exploration SAP,2021-04-27,09:22:59,00:00:03
stefano.crapanzano@chu.ulg.ac.be,SAP Easy Access Menu de base Applications financières-économiques,Exploration SAP,2021-04-27,09:25:53,00:00:09
stefano.crapanzano@chu.ulg.ac.be,SAP Easy Access Menu de base Applications financières-économiques,Exploration SAP,2021-04-27,09:27:01,00:00:08
stefano.crapanzano@chu.ulg.ac.be,SAP Easy Access Menu de base Applications financières-économiques,Exploration SAP,2021-04-27,09:28:32,00:00:04
stefano.crapanzano@chu.ulg.ac.be,SAP Easy Access Menu de base Applications financières-économiques,Exploration SAP,2021-04-27,09:31:49,00:00:04
stefano.crapanzano@chu.ulg.ac.be,SAP Easy Access Menu de base Applications financières-économiques,Exploration SAP,2021-04-27,13:44:13,00:00:08
stefano.crapanzano@chu.ulg.ac.be,SAP Easy Access Menu de base Applications financières-économiques,Exploration SAP,2021-04-27,13:44:57,00:02:26
stefano.crapanzano@chu.ulg.ac.be,SAP Easy Access Menu de base Applications financières-économiques,Exploration SAP,2021-04-27,13:48:57,00:00:08
stefano.crapanzano@chu.ulg.ac.be,Rapport historique de paniers,Exploration SAP,2021-04-27,08:43:28,00:12:08
stefano.crapanzano@chu.ulg.ac.be,Rapport historique de paniers,Exploration SAP,2021-04-27,08:56:27,00:00:02
stefano.crapanzano@chu.ulg.ac.be,Rapport historique de paniers,Exploration SAP,2021-04-27,08:56:51,00:02:14
stefano.crapanzano@chu.ulg.ac.be,Active Directory Users and Computers,IT,2021-04-27,08:55:49,00:00:04
stefano.crapanzano@chu.ulg.ac.be,Rechercher Utilisateurs  contacts et groupes,IT,2021-04-27,08:55:54,00:00:29
stefano.crapanzano@chu.ulg.ac.be,Rechercher Utilisateurs  contacts et groupes,IT,2021-04-27,12:46:09,00:00:02
stefano.crapanzano@chu.ulg.ac.be,Gestion des utilisateurs : écran initial,Exploration SAP,2021-04-27,08:56:38,00:00:02
stefano.crapanzano@chu.ulg.ac.be,Afficher utilisateur,Exploration SAP,2021-04-27,08:56:40,00:00:09
stefano.crapanzano@chu.ulg.ac.be,GOAL_COMMANDES_EN_COURS_LABO.xltm - Excel,Tâches diverses,2021-04-27,08:59:35,00:00:02
stefano.crapanzano@chu.ulg.ac.be,GOAL_COMMANDES_EN_COURS_LABO.xltm - Excel,Tâches diverses,2021-04-27,09:00:04,00:00:02
stefano.crapanzano@chu.ulg.ac.be,Microsoft Excel,Tâches diverses,2021-04-27,09:40:03,00:00:02
stefano.crapanzano@chu.ulg.ac.be,Microsoft Excel,Tâches diverses,2021-04-27,15:00:12,00:00:03
stefano.crapanzano@chu.ulg.ac.be,Connexions du classeur,Tâches diverses,2021-04-27,08:59:38,00:00:02
stefano.crapanzano@chu.ulg.ac.be,Propriétés de connexion,Tâches diverses,2021-04-27,08:59:40,00:00:22
stefano.crapanzano@chu.ulg.ac.be,Règles cohérence.xlsx - Excel,Tâches diverses,2021-04-27,09:00:08,00:09:53
stefano.crapanzano@chu.ulg.ac.be,Règles cohérence.xlsx - Excel,Tâches diverses,2021-04-27,14:59:12,00:00:03
stefano.crapanzano@chu.ulg.ac.be,Règles cohérence.xlsx - Excel,Tâches diverses,2021-04-27,15:37:04,00:00:06
stefano.crapanzano@chu.ulg.ac.be,Règles cohérence.xlsx - Excel,Tâches diverses,2021-04-27,15:42:53,00:07:38
stefano.crapanzano@chu.ulg.ac.be,Règles cohérence.xlsx - Excel,Tâches diverses,2021-04-27,15:55:03,00:00:02
stefano.crapanzano@chu.ulg.ac.be,SAP,Exploration SAP,2021-04-27,09:10:48,00:00:09
stefano.crapanzano@chu.ulg.ac.be,SAP,Exploration SAP,2021-04-27,09:11:43,00:00:07
stefano.crapanzano@chu.ulg.ac.be,SAP,Exploration SAP,2021-04-27,13:48:19,00:00:09
stefano.crapanzano@chu.ulg.ac.be,SAP,Exploration SAP,2021-04-27,13:48:54,00:00:03
stefano.crapanzano@chu.ulg.ac.be,Teampass - Google Chrome,Tâches diverses,2021-04-27,09:11:01,00:00:21
stefano.crapanzano@chu.ulg.ac.be,Teampass - Google Chrome,Tâches diverses,2021-04-27,09:11:30,00:00:13
stefano.crapanzano@chu.ulg.ac.be,Teampass - Google Chrome,Tâches diverses,2021-04-27,12:46:57,00:00:03
stefano.crapanzano@chu.ulg.ac.be,Teampass - Google Chrome,Tâches diverses,2021-04-27,13:48:31,00:00:21
stefano.crapanzano@chu.ulg.ac.be,Identification - Google Chrome,Tâches diverses,2021-04-27,09:11:24,00:00:06
stefano.crapanzano@chu.ulg.ac.be,Sélection de jobs simple,Exploration SAP,2021-04-27,09:11:57,00:00:09
stefano.crapanzano@chu.ulg.ac.be,Sélection de jobs simple,Exploration SAP,2021-04-27,09:12:17,00:00:09
stefano.crapanzano@chu.ulg.ac.be,Sélection de jobs simple,Exploration SAP,2021-04-27,09:12:53,00:00:04
stefano.crapanzano@chu.ulg.ac.be,Sélection de jobs simple,Exploration SAP,2021-04-27,09:17:49,00:00:04
stefano.crapanzano@chu.ulg.ac.be,Sélection de jobs simple,Exploration SAP,2021-04-27,09:20:41,00:00:03
stefano.crapanzano@chu.ulg.ac.be,Sélection de jobs simple,Exploration SAP,2021-04-27,09:22:40,00:00:02
stefano.crapanzano@chu.ulg.ac.be,Sélection de jobs simple,Exploration SAP,2021-04-27,09:24:44,00:00:19
stefano.crapanzano@chu.ulg.ac.be,Sélection de jobs simple,Exploration SAP,2021-04-27,09:25:15,00:00:06
stefano.crapanzano@chu.ulg.ac.be,Sélection de jobs simple,Exploration SAP,2021-04-27,09:25:44,00:00:03
stefano.crapanzano@chu.ulg.ac.be,Sélection de jobs simple,Exploration SAP,2021-04-27,09:26:48,00:00:02
stefano.crapanzano@chu.ulg.ac.be,Sélection de jobs simple,Exploration SAP,2021-04-27,09:28:41,00:00:03
stefano.crapanzano@chu.ulg.ac.be,Sélection de jobs simple,Exploration SAP,2021-04-27,09:30:03,00:00:02
stefano.crapanzano@chu.ulg.ac.be,Sélection de jobs simple,Exploration SAP,2021-04-27,09:30:38,00:00:02
stefano.crapanzano@chu.ulg.ac.be,Sélection de jobs simple,Exploration SAP,2021-04-27,09:32:17,00:00:02
stefano.crapanzano@chu.ulg.ac.be,Sélection de jobs simple,Exploration SAP,2021-04-27,09:32:51,00:00:02
stefano.crapanzano@chu.ulg.ac.be,Sélection de jobs simple,Exploration SAP,2021-04-27,09:33:29,00:00:02
stefano.crapanzano@chu.ulg.ac.be,Sélection de jobs simple,Exploration SAP,2021-04-27,09:34:10,00:00:02
stefano.crapanzano@chu.ulg.ac.be,Sélection de jobs simple,Exploration SAP,2021-04-27,09:34:41,00:00:02
stefano.crapanzano@chu.ulg.ac.be,Sélection de jobs simple,Exploration SAP,2021-04-27,13:47:44,00:00:28
stefano.crapanzano@chu.ulg.ac.be,Sélection de jobs simple,Exploration SAP,2021-04-27,13:49:06,00:00:12
stefano.crapanzano@chu.ulg.ac.be,Sélection de jobs simple,Exploration SAP,2021-04-27,13:50:14,00:00:06
stefano.crapanzano@chu.ulg.ac.be,Sélection de jobs simple,Exploration SAP,2021-04-27,14:25:06,00:00:10
stefano.crapanzano@chu.ulg.ac.be,Sélection de jobs simple,Exploration SAP,2021-04-27,14:25:29,00:01:58
stefano.crapanzano@chu.ulg.ac.be,Sélection de jobs simple,Exploration SAP,2021-04-27,14:48:35,00:00:06
stefano.crapanzano@chu.ulg.ac.be,Sélection de jobs simple,Exploration SAP,2021-04-27,14:48:43,00:00:06
stefano.crapanzano@chu.ulg.ac.be,Sélection de jobs simple,Exploration SAP,2021-04-27,14:49:04,00:00:08
stefano.crapanzano@chu.ulg.ac.be,Sélection de jobs simple,Exploration SAP,2021-04-27,14:50:43,00:00:21
stefano.crapanzano@chu.ulg.ac.be,Synthèse des jobs,Exploration SAP,2021-04-27,09:12:15,00:00:02
stefano.crapanzano@chu.ulg.ac.be,Synthèse des jobs,Exploration SAP,2021-04-27,09:12:27,00:00:02
stefano.crapanzano@chu.ulg.ac.be,Synthèse des jobs,Exploration SAP,2021-04-27,09:17:46,00:00:02
stefano.crapanzano@chu.ulg.ac.be,Synthèse des jobs,Exploration SAP,2021-04-27,09:17:54,00:00:02
stefano.crapanzano@chu.ulg.ac.be,Synthèse des jobs,Exploration SAP,2021-04-27,09:20:39,00:00:02
stefano.crapanzano@chu.ulg.ac.be,Synthèse des jobs,Exploration SAP,2021-04-27,09:20:45,00:00:02
stefano.crapanzano@chu.ulg.ac.be,Synthèse des jobs,Exploration SAP,2021-04-27,09:22:10,00:00:02
stefano.crapanzano@chu.ulg.ac.be,Synthèse des jobs,Exploration SAP,2021-04-27,09:22:42,00:00:02
stefano.crapanzano@chu.ulg.ac.be,Synthèse des jobs,Exploration SAP,2021-04-27,09:25:21,00:00:09
stefano.crapanzano@chu.ulg.ac.be,Synthèse des jobs,Exploration SAP,2021-04-27,09:25:47,00:00:02
stefano.crapanzano@chu.ulg.ac.be,Synthèse des jobs,Exploration SAP,2021-04-27,09:26:46,00:00:02
stefano.crapanzano@chu.ulg.ac.be,Synthèse des jobs,Exploration SAP,2021-04-27,09:26:51,00:00:02
stefano.crapanzano@chu.ulg.ac.be,Synthèse des jobs,Exploration SAP,2021-04-27,09:28:38,00:00:03
stefano.crapanzano@chu.ulg.ac.be,Synthèse des jobs,Exploration SAP,2021-04-27,09:30:00,00:00:02
stefano.crapanzano@chu.ulg.ac.be,Synthèse des jobs,Exploration SAP,2021-04-27,09:30:05,00:00:02
stefano.crapanzano@chu.ulg.ac.be,Synthèse des jobs,Exploration SAP,2021-04-27,09:30:36,00:00:02
stefano.crapanzano@chu.ulg.ac.be,Synthèse des jobs,Exploration SAP,2021-04-27,09:32:19,00:00:02
stefano.crapanzano@chu.ulg.ac.be,Synthèse des jobs,Exploration SAP,2021-04-27,09:32:54,00:00:03
stefano.crapanzano@chu.ulg.ac.be,Synthèse des jobs,Exploration SAP,2021-04-27,09:33:31,00:00:02
stefano.crapanzano@chu.ulg.ac.be,Synthèse des jobs,Exploration SAP,2021-04-27,09:34:12,00:00:03
stefano.crapanzano@chu.ulg.ac.be,Synthèse des jobs,Exploration SAP,2021-04-27,09:34:44,00:00:02
stefano.crapanzano@chu.ulg.ac.be,Synthèse des jobs,Exploration SAP,2021-04-27,13:49:18,00:00:03
stefano.crapanzano@chu.ulg.ac.be,Synthèse des jobs,Exploration SAP,2021-04-27,13:50:12,00:00:02
stefano.crapanzano@chu.ulg.ac.be,Synthèse des jobs,Exploration SAP,2021-04-27,13:50:20,00:00:03
stefano.crapanzano@chu.ulg.ac.be,Synthèse des jobs,Exploration SAP,2021-04-27,13:50:35,00:00:04
stefano.crapanzano@chu.ulg.ac.be,Synthèse des jobs,Exploration SAP,2021-04-27,13:51:00,00:00:06
stefano.crapanzano@chu.ulg.ac.be,Synthèse des jobs,Exploration SAP,2021-04-27,14:24:37,00:00:26
stefano.crapanzano@chu.ulg.ac.be,Synthèse des jobs,Exploration SAP,2021-04-27,14:25:17,00:00:06
stefano.crapanzano@chu.ulg.ac.be,Synthèse des jobs,Exploration SAP,2021-04-27,14:25:24,00:00:02
stefano.crapanzano@chu.ulg.ac.be,Synthèse des jobs,Exploration SAP,2021-04-27,14:48:33,00:00:02
stefano.crapanzano@chu.ulg.ac.be,Synthèse des jobs,Exploration SAP,2021-04-27,14:48:49,00:00:14
stefano.crapanzano@chu.ulg.ac.be,Synthèse des jobs,Exploration SAP,2021-04-27,14:49:13,00:00:06
stefano.crapanzano@chu.ulg.ac.be,Synthèse des jobs,Exploration SAP,2021-04-27,14:49:41,00:00:02
stefano.crapanzano@chu.ulg.ac.be,Synthèse des jobs,Exploration SAP,2021-04-27,14:50:36,00:00:07
stefano.crapanzano@chu.ulg.ac.be,Afficher job C203_DOWNLOAD ZMMARTIKEL ZHUL,Exploration SAP,2021-04-27,09:12:29,00:00:08
stefano.crapanzano@chu.ulg.ac.be,Afficher job C203_DOWNLOAD ZMMARTIKEL ZHUL,Exploration SAP,2021-04-27,09:13:11,00:00:15
stefano.crapanzano@chu.ulg.ac.be,Afficher job C203_DOWNLOAD ZMMARTIKEL ZHUL,Exploration SAP,2021-04-27,09:13:36,00:00:04
stefano.crapanzano@chu.ulg.ac.be,Afficher job C203_DOWNLOAD ZMMARTIKEL ZHUL,Exploration SAP,2021-04-27,09:14:36,00:00:06
stefano.crapanzano@chu.ulg.ac.be,Afficher job C203_DOWNLOAD ZMMARTIKEL ZHUL,Exploration SAP,2021-04-27,09:14:58,00:00:07
stefano.crapanzano@chu.ulg.ac.be,Afficher job C203_DOWNLOAD ZMMARTIKEL ZHUL,Exploration SAP,2021-04-27,09:16:02,00:00:03
stefano.crapanzano@chu.ulg.ac.be,Afficher job C203_DOWNLOAD ZMMARTIKEL ZHUL,Exploration SAP,2021-04-27,09:16:43,00:00:07
stefano.crapanzano@chu.ulg.ac.be,Afficher job C203_DOWNLOAD ZMMARTIKEL ZHUL,Exploration SAP,2021-04-27,09:17:32,00:00:02
stefano.crapanzano@chu.ulg.ac.be,Afficher job C203_DOWNLOAD ZMMARTIKEL ZHUL,Exploration SAP,2021-04-27,09:28:46,00:00:02
stefano.crapanzano@chu.ulg.ac.be,Afficher job C203_DOWNLOAD ZMMARTIKEL ZHUL,Exploration SAP,2021-04-27,13:49:22,00:00:02
stefano.crapanzano@chu.ulg.ac.be,Afficher job C203_DOWNLOAD ZMMARTIKEL ZHUL,Exploration SAP,2021-04-27,13:50:05,00:00:03
stefano.crapanzano@chu.ulg.ac.be,Afficher job C203_DOWNLOAD ZMMARTIKEL ZHUL,Exploration SAP,2021-04-27,13:50:10,00:00:02
stefano.crapanzano@chu.ulg.ac.be,Afficher job C203_DOWNLOAD ZMMARTIKEL ZHUL,Exploration SAP,2021-04-27,13:50:24,00:00:03
stefano.crapanzano@chu.ulg.ac.be,Afficher job C203_DOWNLOAD ZMMARTIKEL ZHUL,Exploration SAP,2021-04-27,13:50:30,00:00:04
stefano.crapanzano@chu.ulg.ac.be,Aperçu de liste d'étapes,Exploration SAP,2021-04-27,09:12:38,00:00:09
stefano.crapanzano@chu.ulg.ac.be,Aperçu de liste d'étapes,Exploration SAP,2021-04-27,09:13:06,00:00:04
stefano.crapanzano@chu.ulg.ac.be,Aperçu de liste d'étapes,Exploration SAP,2021-04-27,09:13:41,00:00:10
stefano.crapanzano@chu.ulg.ac.be,Aperçu de liste d'étapes,Exploration SAP,2021-04-27,09:14:01,00:00:06
stefano.crapanzano@chu.ulg.ac.be,Aperçu de liste d'étapes,Exploration SAP,2021-04-27,09:14:14,00:00:03
stefano.crapanzano@chu.ulg.ac.be,Aperçu de liste d'étapes,Exploration SAP,2021-04-27,09:14:20,00:00:04
stefano.crapanzano@chu.ulg.ac.be,Aperçu de liste d'étapes,Exploration SAP,2021-04-27,09:14:34,00:00:02
stefano.crapanzano@chu.ulg.ac.be,Aperçu de liste d'étapes,Exploration SAP,2021-04-27,09:14:53,00:00:04
stefano.crapanzano@chu.ulg.ac.be,Aperçu de liste d'étapes,Exploration SAP,2021-04-27,09:15:05,00:00:03
stefano.crapanzano@chu.ulg.ac.be,Aperçu de liste d'étapes,Exploration SAP,2021-04-27,09:18:00,00:00:06
stefano.crapanzano@chu.ulg.ac.be,Aperçu de liste d'étapes,Exploration SAP,2021-04-27,09:18:16,00:00:04
stefano.crapanzano@chu.ulg.ac.be,Aperçu de liste d'étapes,Exploration SAP,2021-04-27,09:18:27,00:00:07
stefano.crapanzano@chu.ulg.ac.be,Aperçu de liste d'étapes,Exploration SAP,2021-04-27,09:18:39,00:00:06
stefano.crapanzano@chu.ulg.ac.be,Aperçu de liste d'étapes,Exploration SAP,2021-04-27,09:18:52,00:00:16
stefano.crapanzano@chu.ulg.ac.be,Aperçu de liste d'étapes,Exploration SAP,2021-04-27,09:19:22,00:00:02
stefano.crapanzano@chu.ulg.ac.be,Aperçu de liste d'étapes,Exploration SAP,2021-04-27,09:19:33,00:00:02
stefano.crapanzano@chu.ulg.ac.be,Aperçu de liste d'étapes,Exploration SAP,2021-04-27,09:19:36,00:00:04
stefano.crapanzano@chu.ulg.ac.be,Aperçu de liste d'étapes,Exploration SAP,2021-04-27,09:19:44,00:00:02
stefano.crapanzano@chu.ulg.ac.be,Aperçu de liste d'étapes,Exploration SAP,2021-04-27,09:20:08,00:00:02
stefano.crapanzano@chu.ulg.ac.be,Aperçu de liste d'étapes,Exploration SAP,2021-04-27,09:20:48,00:00:09
stefano.crapanzano@chu.ulg.ac.be,Aperçu de liste d'étapes,Exploration SAP,2021-04-27,09:21:01,00:00:06
stefano.crapanzano@chu.ulg.ac.be,Aperçu de liste d'étapes,Exploration SAP,2021-04-27,09:21:12,00:00:06
stefano.crapanzano@chu.ulg.ac.be,Aperçu de liste d'étapes,Exploration SAP,2021-04-27,09:21:22,00:00:13
stefano.crapanzano@chu.ulg.ac.be,Aperçu de liste d'étapes,Exploration SAP,2021-04-27,09:21:45,00:00:02
stefano.crapanzano@chu.ulg.ac.be,Aperçu de liste d'étapes,Exploration SAP,2021-04-27,09:21:49,00:00:10
stefano.crapanzano@chu.ulg.ac.be,Aperçu de liste d'étapes,Exploration SAP,2021-04-27,09:22:07,00:00:02
stefano.crapanzano@chu.ulg.ac.be,Aperçu de liste d'étapes,Exploration SAP,2021-04-27,09:22:47,00:00:10
stefano.crapanzano@chu.ulg.ac.be,Aperçu de liste d'étapes,Exploration SAP,2021-04-27,09:23:07,00:00:02
stefano.crapanzano@chu.ulg.ac.be,Aperçu de liste d'étapes,Exploration SAP,2021-04-27,09:23:14,00:00:02
stefano.crapanzano@chu.ulg.ac.be,Aperçu de liste d'étapes,Exploration SAP,2021-04-27,09:23:26,00:00:02
stefano.crapanzano@chu.ulg.ac.be,Aperçu de liste d'étapes,Exploration SAP,2021-04-27,09:23:40,00:00:15
stefano.crapanzano@chu.ulg.ac.be,Aperçu de liste d'étapes,Exploration SAP,2021-04-27,09:24:07,00:00:02
stefano.crapanzano@chu.ulg.ac.be,Aperçu de liste d'étapes,Exploration SAP,2021-04-27,09:24:11,00:00:03
stefano.crapanzano@chu.ulg.ac.be,Aperçu de liste d'étapes,Exploration SAP,2021-04-27,09:26:08,00:00:09
stefano.crapanzano@chu.ulg.ac.be,Aperçu de liste d'étapes,Exploration SAP,2021-04-27,09:26:24,00:00:04
stefano.crapanzano@chu.ulg.ac.be,Aperçu de liste d'étapes,Exploration SAP,2021-04-27,09:26:43,00:00:02
stefano.crapanzano@chu.ulg.ac.be,Aperçu de liste d'étapes,Exploration SAP,2021-04-27,09:26:55,00:00:04
stefano.crapanzano@chu.ulg.ac.be,Aperçu de liste d'étapes,Exploration SAP,2021-04-27,09:27:13,00:00:14
stefano.crapanzano@chu.ulg.ac.be,Aperçu de liste d'étapes,Exploration SAP,2021-04-27,09:27:45,00:00:02
stefano.crapanzano@chu.ulg.ac.be,Aperçu de liste d'étapes,Exploration SAP,2021-04-27,09:28:49,00:00:02
stefano.crapanzano@chu.ulg.ac.be,Aperçu de liste d'étapes,Helpdesk général,2021-04-27,09:28:56,00:00:02
stefano.crapanzano@chu.ulg.ac.be,Aperçu de liste d'étapes,Exploration SAP,2021-04-27,09:29:50,00:00:02
stefano.crapanzano@chu.ulg.ac.be,Aperçu de liste d'étapes,Exploration SAP,2021-04-27,09:30:09,00:00:02
stefano.crapanzano@chu.ulg.ac.be,Aperçu de liste d'étapes,Exploration SAP,2021-04-27,09:30:22,00:00:02
stefano.crapanzano@chu.ulg.ac.be,Aperçu de liste d'étapes,Exploration SAP,2021-04-27,09:31:04,00:00:10
stefano.crapanzano@chu.ulg.ac.be,Aperçu de liste d'étapes,Exploration SAP,2021-04-27,09:31:24,00:00:19
stefano.crapanzano@chu.ulg.ac.be,Aperçu de liste d'étapes,Exploration SAP,2021-04-27,09:31:47,00:00:02
stefano.crapanzano@chu.ulg.ac.be,Aperçu de liste d'étapes,Exploration SAP,2021-04-27,09:32:23,00:00:02
stefano.crapanzano@chu.ulg.ac.be,Aperçu de liste d'étapes,Exploration SAP,2021-04-27,09:32:59,00:00:02
stefano.crapanzano@chu.ulg.ac.be,Aperçu de liste d'étapes,Exploration SAP,2021-04-27,09:33:35,00:00:02
stefano.crapanzano@chu.ulg.ac.be,Aperçu de liste d'étapes,Exploration SAP,2021-04-27,09:34:38,00:00:02
stefano.crapanzano@chu.ulg.ac.be,Aperçu de liste d'étapes,Exploration SAP,2021-04-27,09:34:47,00:00:02
stefano.crapanzano@chu.ulg.ac.be,Aperçu de liste d'étapes,Exploration SAP,2021-04-27,13:49:24,00:00:02
stefano.crapanzano@chu.ulg.ac.be,Aperçu de liste d'étapes,Exploration SAP,2021-04-27,13:49:36,00:00:02
stefano.crapanzano@chu.ulg.ac.be,Aperçu de liste d'étapes,Exploration SAP,2021-04-27,13:49:43,00:00:06
stefano.crapanzano@chu.ulg.ac.be,Définir job,Exploration SAP,2021-04-27,09:13:28,00:00:02
stefano.crapanzano@chu.ulg.ac.be,Définir job,Exploration SAP,2021-04-27,09:13:33,00:00:03
stefano.crapanzano@chu.ulg.ac.be,Définir job,Exploration SAP,2021-04-27,09:13:53,00:00:03
stefano.crapanzano@chu.ulg.ac.be,Définir job,Exploration SAP,2021-04-27,09:15:08,00:00:06
stefano.crapanzano@chu.ulg.ac.be,Définir job,Exploration SAP,2021-04-27,09:15:16,00:00:06
stefano.crapanzano@chu.ulg.ac.be,Définir job,Exploration SAP,2021-04-27,09:15:28,00:00:02
stefano.crapanzano@chu.ulg.ac.be,Définir job,Exploration SAP,2021-04-27,09:15:41,00:00:18
stefano.crapanzano@chu.ulg.ac.be,Définir job,Exploration SAP,2021-04-27,09:17:17,00:00:02
stefano.crapanzano@chu.ulg.ac.be,Définir job,Exploration SAP,2021-04-27,09:17:23,00:00:08
stefano.crapanzano@chu.ulg.ac.be,Définir job,Exploration SAP,2021-04-27,09:18:10,00:00:04
stefano.crapanzano@chu.ulg.ac.be,Définir job,Exploration SAP,2021-04-27,09:19:46,00:00:04
stefano.crapanzano@chu.ulg.ac.be,Définir job,Exploration SAP,2021-04-27,09:19:58,00:00:09
stefano.crapanzano@chu.ulg.ac.be,Définir job,Exploration SAP,2021-04-27,09:20:10,00:00:02
stefano.crapanzano@chu.ulg.ac.be,Définir job,Exploration SAP,2021-04-27,09:20:17,00:00:06
stefano.crapanzano@chu.ulg.ac.be,Définir job,Exploration SAP,2021-04-27,09:20:34,00:00:03
stefano.crapanzano@chu.ulg.ac.be,Définir job,Exploration SAP,2021-04-27,09:22:14,00:00:09
stefano.crapanzano@chu.ulg.ac.be,Définir job,Exploration SAP,2021-04-27,09:23:02,00:00:03
stefano.crapanzano@chu.ulg.ac.be,Définir job,Exploration SAP,2021-04-27,09:23:33,00:00:03
stefano.crapanzano@chu.ulg.ac.be,Définir job,Exploration SAP,2021-04-27,09:24:19,00:00:03
stefano.crapanzano@chu.ulg.ac.be,Définir job,Exploration SAP,2021-04-27,09:26:03,00:00:03
stefano.crapanzano@chu.ulg.ac.be,Définir job,Exploration SAP,2021-04-27,09:26:29,00:00:03
stefano.crapanzano@chu.ulg.ac.be,Définir job,Exploration SAP,2021-04-27,09:27:10,00:00:02
stefano.crapanzano@chu.ulg.ac.be,Définir job,Exploration SAP,2021-04-27,09:27:51,00:00:03
stefano.crapanzano@chu.ulg.ac.be,Définir job,Exploration SAP,2021-04-27,13:44:21,00:00:04
stefano.crapanzano@chu.ulg.ac.be,Définir job,Exploration SAP,2021-04-27,13:44:43,00:00:04
stefano.crapanzano@chu.ulg.ac.be,Définir job,Exploration SAP,2021-04-27,13:44:55,00:00:02
stefano.crapanzano@chu.ulg.ac.be,Créer étape  1,Exploration SAP,2021-04-27,09:13:57,00:00:04
stefano.crapanzano@chu.ulg.ac.be,Créer étape  1,Exploration SAP,2021-04-27,09:14:07,00:00:05
stefano.crapanzano@chu.ulg.ac.be,Créer étape  1,Exploration SAP,2021-04-27,09:14:18,00:00:02
stefano.crapanzano@chu.ulg.ac.be,Créer étape  1,Exploration SAP,2021-04-27,09:14:28,00:00:02
stefano.crapanzano@chu.ulg.ac.be,Créer étape  1,Exploration SAP,2021-04-27,09:14:42,00:00:10
stefano.crapanzano@chu.ulg.ac.be,Créer étape  1,Exploration SAP,2021-04-27,09:18:22,00:00:04
stefano.crapanzano@chu.ulg.ac.be,Créer étape  1,Exploration SAP,2021-04-27,09:18:34,00:00:03
stefano.crapanzano@chu.ulg.ac.be,Créer étape  1,Exploration SAP,2021-04-27,09:18:45,00:00:07
stefano.crapanzano@chu.ulg.ac.be,Créer étape  1,Exploration SAP,2021-04-27,09:20:58,00:00:02
stefano.crapanzano@chu.ulg.ac.be,Créer étape  1,Exploration SAP,2021-04-27,09:21:07,00:00:04
stefano.crapanzano@chu.ulg.ac.be,Créer étape  1,Exploration SAP,2021-04-27,09:21:18,00:00:03
stefano.crapanzano@chu.ulg.ac.be,Créer étape  1,Exploration SAP,2021-04-27,09:23:09,00:00:03
stefano.crapanzano@chu.ulg.ac.be,Créer étape  1,Exploration SAP,2021-04-27,09:24:00,00:00:02
stefano.crapanzano@chu.ulg.ac.be,Créer étape  1,Exploration SAP,2021-04-27,09:24:04,00:00:02
stefano.crapanzano@chu.ulg.ac.be,Créer étape  1,Exploration SAP,2021-04-27,09:26:18,00:00:06
stefano.crapanzano@chu.ulg.ac.be,Créer étape  1,Exploration SAP,2021-04-27,09:27:28,00:00:03
stefano.crapanzano@chu.ulg.ac.be,Créer étape  1,Exploration SAP,2021-04-27,09:27:32,00:00:02
stefano.crapanzano@chu.ulg.ac.be,Créer étape  1,Exploration SAP,2021-04-27,09:27:37,00:00:02
stefano.crapanzano@chu.ulg.ac.be,Créer étape  1,Exploration SAP,2021-04-27,13:44:26,00:00:16
stefano.crapanzano@chu.ulg.ac.be,Créer étape  1,Exploration SAP,2021-04-27,13:44:48,00:00:07
stefano.crapanzano@chu.ulg.ac.be,Afficher étape  1,Exploration SAP,2021-04-27,09:14:30,00:00:03
stefano.crapanzano@chu.ulg.ac.be,Afficher étape  1,Exploration SAP,2021-04-27,13:49:26,00:00:09
stefano.crapanzano@chu.ulg.ac.be,Afficher étape  1,Exploration SAP,2021-04-27,13:49:38,00:00:04
stefano.crapanzano@chu.ulg.ac.be,Changement de tâche,Exploration SAP,2021-04-27,09:24:02,00:00:02
stefano.crapanzano@chu.ulg.ac.be,Valeurs date de lancement,Exploration SAP,2021-04-27,09:15:22,00:00:06
stefano.crapanzano@chu.ulg.ac.be,Valeurs date de lancement,Exploration SAP,2021-04-27,09:15:30,00:00:08
stefano.crapanzano@chu.ulg.ac.be,Valeurs date de lancement,Exploration SAP,2021-04-27,09:15:59,00:00:03
stefano.crapanzano@chu.ulg.ac.be,Valeurs date de lancement,Exploration SAP,2021-04-27,09:16:06,00:00:10
stefano.crapanzano@chu.ulg.ac.be,Valeurs date de lancement,Exploration SAP,2021-04-27,09:16:19,00:00:03
stefano.crapanzano@chu.ulg.ac.be,Valeurs date de lancement,Exploration SAP,2021-04-27,09:16:24,00:00:10
stefano.crapanzano@chu.ulg.ac.be,Valeurs date de lancement,Exploration SAP,2021-04-27,09:16:50,00:00:03
stefano.crapanzano@chu.ulg.ac.be,Valeurs date de lancement,Exploration SAP,2021-04-27,09:17:01,00:00:15
stefano.crapanzano@chu.ulg.ac.be,Valeurs date de lancement,Exploration SAP,2021-04-27,09:17:19,00:00:03
stefano.crapanzano@chu.ulg.ac.be,Valeurs date de lancement,Exploration SAP,2021-04-27,13:50:28,00:00:02
stefano.crapanzano@chu.ulg.ac.be,Valeurs date de lancement,Exploration SAP,2021-04-27,13:50:42,00:00:06
stefano.crapanzano@chu.ulg.ac.be,Valeurs date de lancement,Exploration SAP,2021-04-27,14:49:21,00:00:12
stefano.crapanzano@chu.ulg.ac.be,Périodicité,Exploration SAP,2021-04-27,09:16:35,00:00:06
stefano.crapanzano@chu.ulg.ac.be,Périodicité,Exploration SAP,2021-04-27,09:16:54,00:00:07
stefano.crapanzano@chu.ulg.ac.be,Afficher job C203_TRACABILITE,Exploration SAP,2021-04-27,09:17:56,00:00:03
stefano.crapanzano@chu.ulg.ac.be,Créer étape  2,Exploration SAP,2021-04-27,09:19:09,00:00:02
stefano.crapanzano@chu.ulg.ac.be,Créer étape  2,Exploration SAP,2021-04-27,09:19:13,00:00:04
stefano.crapanzano@chu.ulg.ac.be,Créer étape  2,Exploration SAP,2021-04-27,09:21:35,00:00:03
stefano.crapanzano@chu.ulg.ac.be,Créer étape  2,Exploration SAP,2021-04-27,09:21:40,00:00:04
stefano.crapanzano@chu.ulg.ac.be,Créer étape  3,Exploration SAP,2021-04-27,09:19:25,00:00:02
stefano.crapanzano@chu.ulg.ac.be,Créer étape  3,Exploration SAP,2021-04-27,09:19:28,00:00:04
stefano.crapanzano@chu.ulg.ac.be,Afficher job C203_ZMMOPLBARCODE1_ZHUL,Exploration SAP,2021-04-27,09:22:00,00:00:07
stefano.crapanzano@chu.ulg.ac.be,Afficher job C203_ZMMOPLBARCODE1_ZHUL,Exploration SAP,2021-04-27,09:30:42,00:00:02
stefano.crapanzano@chu.ulg.ac.be,Afficher job C203_ZWM_JOB_GI_UNP,Exploration SAP,2021-04-27,09:22:44,00:00:02
stefano.crapanzano@chu.ulg.ac.be,Afficher job C203_ZWM_JOB_GI_UNP,Exploration SAP,2021-04-27,09:23:17,00:00:03
stefano.crapanzano@chu.ulg.ac.be,Afficher job C203_ZWM_JOB_GI_UNP,Exploration SAP,2021-04-27,09:23:28,00:00:03
stefano.crapanzano@chu.ulg.ac.be,Afficher job C203_ZWM_JOB_GI_UNP,Exploration SAP,2021-04-27,09:23:38,00:00:02
stefano.crapanzano@chu.ulg.ac.be,Afficher job C203_ZWM_JOB_GI_UNP,Exploration SAP,2021-04-27,09:24:40,00:00:02
stefano.crapanzano@chu.ulg.ac.be,Terminer traitement val.job,Exploration SAP,2021-04-27,09:24:16,00:00:02
stefano.crapanzano@chu.ulg.ac.be,Afficher job C203_CLASS_MATERIALS_LOADER_ZHUL,Exploration SAP,2021-04-27,09:25:50,00:00:02
stefano.crapanzano@chu.ulg.ac.be,Afficher job C203_ZMM_GEN_INT_DEL_JOB ZHUL,Exploration SAP,2021-04-27,09:26:53,00:00:02
stefano.crapanzano@chu.ulg.ac.be,Greenshot capture form,Helpdesk général,2021-04-27,09:28:51,00:00:04
stefano.crapanzano@chu.ulg.ac.be,Greenshot capture form,Helpdesk général,2021-04-27,09:30:11,00:00:04
stefano.crapanzano@chu.ulg.ac.be,Greenshot capture form,Exploration SAP,2021-04-27,09:30:45,00:00:05
stefano.crapanzano@chu.ulg.ac.be,Greenshot capture form,Helpdesk général,2021-04-27,09:32:25,00:00:03
stefano.crapanzano@chu.ulg.ac.be,Greenshot capture form,Helpdesk général,2021-04-27,09:33:01,00:00:08
stefano.crapanzano@chu.ulg.ac.be,Greenshot capture form,Helpdesk général,2021-04-27,09:33:37,00:00:02
stefano.crapanzano@chu.ulg.ac.be,Greenshot capture form,Helpdesk général,2021-04-27,09:34:19,00:00:04
stefano.crapanzano@chu.ulg.ac.be,Greenshot capture form,Helpdesk général,2021-04-27,09:34:50,00:00:03
stefano.crapanzano@chu.ulg.ac.be,Greenshot capture form,Helpdesk général,2021-04-27,09:40:30,00:00:08
stefano.crapanzano@chu.ulg.ac.be,Greenshot capture form,Helpdesk général,2021-04-27,09:41:03,00:00:08
stefano.crapanzano@chu.ulg.ac.be,Greenshot capture form,Helpdesk général,2021-04-27,09:41:38,00:00:08
stefano.crapanzano@chu.ulg.ac.be,Greenshot capture form,Helpdesk général,2021-04-27,09:42:17,00:00:06
stefano.crapanzano@chu.ulg.ac.be,Greenshot capture form,Helpdesk général,2021-04-27,09:42:52,00:00:09
stefano.crapanzano@chu.ulg.ac.be,Greenshot capture form,Helpdesk général,2021-04-27,09:43:32,00:00:08
stefano.crapanzano@chu.ulg.ac.be,Greenshot capture form,Helpdesk général,2021-04-27,09:44:10,00:00:08
stefano.crapanzano@chu.ulg.ac.be,Greenshot capture form,Helpdesk général,2021-04-27,09:44:39,00:00:08
stefano.crapanzano@chu.ulg.ac.be,Greenshot capture form,Helpdesk général,2021-04-27,09:45:13,00:00:09
stefano.crapanzano@chu.ulg.ac.be,Rédaction : Fwd: ESCALATION : les jobs à arrêter le 29/04/2021 vers 18h - Thunderbird,Helpdesk général,2021-04-27,09:29:32,00:00:15
stefano.crapanzano@chu.ulg.ac.be,Rédaction : Fwd: ESCALATION : les jobs à arrêter le 29/04/2021 vers 18h - Thunderbird,Helpdesk général,2021-04-27,09:29:53,00:00:07
stefano.crapanzano@chu.ulg.ac.be,Rédaction : Fwd: ESCALATION : les jobs à arrêter le 29/04/2021 vers 18h - Thunderbird,Helpdesk général,2021-04-27,09:30:18,00:00:03
stefano.crapanzano@chu.ulg.ac.be,Rédaction : Fwd: ESCALATION : les jobs à arrêter le 29/04/2021 vers 18h - Thunderbird,Helpdesk général,2021-04-27,09:30:27,00:00:07
stefano.crapanzano@chu.ulg.ac.be,Rédaction : Fwd: ESCALATION : les jobs à arrêter le 29/04/2021 vers 18h - Thunderbird,Helpdesk général,2021-04-27,09:30:53,00:00:09
stefano.crapanzano@chu.ulg.ac.be,Rédaction : Fwd: ESCALATION : les jobs à arrêter le 29/04/2021 vers 18h - Thunderbird,Helpdesk général,2021-04-27,09:32:06,00:00:07
stefano.crapanzano@chu.ulg.ac.be,Rédaction : Fwd: ESCALATION : les jobs à arrêter le 29/04/2021 vers 18h - Thunderbird,Helpdesk général,2021-04-27,09:32:31,00:00:15
stefano.crapanzano@chu.ulg.ac.be,Rédaction : Fwd: ESCALATION : les jobs à arrêter le 29/04/2021 vers 18h - Thunderbird,Helpdesk général,2021-04-27,09:33:11,00:00:13
stefano.crapanzano@chu.ulg.ac.be,Rédaction : Fwd: ESCALATION : les jobs à arrêter le 29/04/2021 vers 18h - Thunderbird,Helpdesk général,2021-04-27,09:33:42,00:00:23
stefano.crapanzano@chu.ulg.ac.be,Rédaction : Fwd: ESCALATION : les jobs à arrêter le 29/04/2021 vers 18h - Thunderbird,Helpdesk général,2021-04-27,09:34:26,00:00:10
stefano.crapanzano@chu.ulg.ac.be,Rédaction : Fwd: ESCALATION : les jobs à arrêter le 29/04/2021 vers 18h - Thunderbird,Helpdesk général,2021-04-27,09:34:55,00:00:37
stefano.crapanzano@chu.ulg.ac.be,Rédaction : Fwd: ESCALATION : les jobs à arrêter le 29/04/2021 vers 18h - Thunderbird,Helpdesk général,2021-04-27,09:36:12,00:00:06
stefano.crapanzano@chu.ulg.ac.be,Rédaction : Fwd: ESCALATION : les jobs à arrêter le 29/04/2021 vers 18h - Thunderbird,Helpdesk général,2021-04-27,12:46:25,00:00:02
stefano.crapanzano@chu.ulg.ac.be,ABAP : délimitations de la variante ZHUL,Exploration SAP,2021-04-27,09:31:14,00:00:09
stefano.crapanzano@chu.ulg.ac.be,ABAP : délimitations de la variante ZHUL,Exploration SAP,2021-04-27,09:31:43,00:00:03
stefano.crapanzano@chu.ulg.ac.be,ABAP : délimitations de la variante ZHUL,Exploration SAP,2021-04-27,13:49:49,00:00:14
stefano.crapanzano@chu.ulg.ac.be,Chargement code barre et création IDocs,Exploration SAP,2021-04-27,09:31:54,00:00:02
stefano.crapanzano@chu.ulg.ac.be,Chargement code barre et création IDocs,Exploration SAP,2021-04-27,09:31:59,00:00:02
stefano.crapanzano@chu.ulg.ac.be,ABAP : catalogue des variantes du programme ZMMOPLBARCODE1,Exploration SAP,2021-04-27,09:31:56,00:00:02
stefano.crapanzano@chu.ulg.ac.be,Afficher job C203_ENVOI_CMD,Exploration SAP,2021-04-27,09:34:16,00:00:02
stefano.crapanzano@chu.ulg.ac.be,Rédaction : (pas de sujet) - Thunderbird,Helpdesk général,2021-04-27,09:36:21,00:00:07
stefano.crapanzano@chu.ulg.ac.be,Rédaction : (pas de sujet) - Thunderbird,Helpdesk général,2021-04-27,09:37:37,00:00:09
stefano.crapanzano@chu.ulg.ac.be,Rédaction : (pas de sujet) - Thunderbird,Helpdesk général,2021-04-27,09:37:58,00:00:03
stefano.crapanzano@chu.ulg.ac.be,Rédaction : (pas de sujet) - Thunderbird,Helpdesk général,2021-04-27,09:38:49,00:00:06
stefano.crapanzano@chu.ulg.ac.be,Rédaction : (pas de sujet) - Thunderbird,Helpdesk général,2021-04-27,09:39:22,00:00:20
stefano.crapanzano@chu.ulg.ac.be,Rédaction : (pas de sujet) - Thunderbird,Helpdesk général,2021-04-27,09:40:06,00:00:24
stefano.crapanzano@chu.ulg.ac.be,Rédaction : (pas de sujet) - Thunderbird,Helpdesk général,2021-04-27,09:40:38,00:00:02
stefano.crapanzano@chu.ulg.ac.be,Rédaction : (pas de sujet) - Thunderbird,Helpdesk général,2021-04-27,09:40:55,00:00:07
stefano.crapanzano@chu.ulg.ac.be,Rédaction : (pas de sujet) - Thunderbird,Helpdesk général,2021-04-27,09:41:28,00:00:09
stefano.crapanzano@chu.ulg.ac.be,Rédaction : (pas de sujet) - Thunderbird,Helpdesk général,2021-04-27,09:42:11,00:00:06
stefano.crapanzano@chu.ulg.ac.be,Rédaction : (pas de sujet) - Thunderbird,Helpdesk général,2021-04-27,09:42:48,00:00:04
stefano.crapanzano@chu.ulg.ac.be,Rédaction : (pas de sujet) - Thunderbird,Helpdesk général,2021-04-27,09:43:23,00:00:09
stefano.crapanzano@chu.ulg.ac.be,Rédaction : (pas de sujet) - Thunderbird,Helpdesk général,2021-04-27,09:43:41,00:00:03
stefano.crapanzano@chu.ulg.ac.be,Rédaction : (pas de sujet) - Thunderbird,Helpdesk général,2021-04-27,09:44:03,00:00:07
stefano.crapanzano@chu.ulg.ac.be,Rédaction : (pas de sujet) - Thunderbird,Helpdesk général,2021-04-27,09:44:36,00:00:03
stefano.crapanzano@chu.ulg.ac.be,Rédaction : (pas de sujet) - Thunderbird,Helpdesk général,2021-04-27,09:44:47,00:00:03
stefano.crapanzano@chu.ulg.ac.be,Rédaction : (pas de sujet) - Thunderbird,Helpdesk général,2021-04-27,09:45:05,00:00:07
stefano.crapanzano@chu.ulg.ac.be,Rédaction : (pas de sujet) - Thunderbird,Helpdesk général,2021-04-27,09:46:05,00:04:04
stefano.crapanzano@chu.ulg.ac.be,Rédaction : (pas de sujet) - Thunderbird,Helpdesk général,2021-04-27,09:50:19,00:00:02
stefano.crapanzano@chu.ulg.ac.be,Rédaction : (pas de sujet) - Thunderbird,Helpdesk général,2021-04-27,15:59:09,00:00:11
stefano.crapanzano@chu.ulg.ac.be,Rédaction : (pas de sujet) - Thunderbird,Helpdesk général,2021-04-27,15:59:25,00:13:54
stefano.crapanzano@chu.ulg.ac.be,Rédaction : (pas de sujet) - Thunderbird,Helpdesk général,2021-04-27,16:14:31,00:00:13
stefano.crapanzano@chu.ulg.ac.be,Imprimer,Helpdesk général,2021-04-27,09:36:29,00:00:04
stefano.crapanzano@chu.ulg.ac.be,Impression,Helpdesk général,2021-04-27,09:36:33,00:00:02
stefano.crapanzano@chu.ulg.ac.be,Aperçu avant impression : (pas de sujet) - Thunderbird,Helpdesk général,2021-04-27,09:37:46,00:00:12
stefano.crapanzano@chu.ulg.ac.be,Classeur3 - Excel,Tâches diverses,2021-04-27,09:39:50,00:00:13
stefano.crapanzano@chu.ulg.ac.be,Vérification de l’orthographe,Helpdesk général,2021-04-27,15:00:40,00:00:02
stefano.crapanzano@chu.ulg.ac.be,Vérification de l’orthographe,Helpdesk général,2021-04-27,15:36:05,00:00:02
stefano.crapanzano@chu.ulg.ac.be,Rappel de sujet,Helpdesk général,2021-04-27,09:50:11,00:00:08
stefano.crapanzano@chu.ulg.ac.be,Rédaction : liste jobs à arrêter GOAL - Thunderbird,Helpdesk général,2021-04-27,09:50:31,00:00:02
stefano.crapanzano@chu.ulg.ac.be,Rédaction : liste jobs à arrêter GOAL avec périodicité et paramètre - Thunderbird,Helpdesk général,2021-04-27,09:50:37,00:00:03
stefano.crapanzano@chu.ulg.ac.be,Envoyés - erp.sai@chuliege.be - Mozilla Thunderbird,Helpdesk général,2021-04-27,09:52:11,00:05:15
stefano.crapanzano@chu.ulg.ac.be,Envoyés - erp.sai@chuliege.be - Mozilla Thunderbird,Helpdesk général,2021-04-27,10:00:15,00:51:52
stefano.crapanzano@chu.ulg.ac.be,Envoyés - erp.sai@chuliege.be - Mozilla Thunderbird,Helpdesk général,2021-04-27,11:11:40,00:00:39
stefano.crapanzano@chu.ulg.ac.be,Envoyés - erp.sai@chuliege.be - Mozilla Thunderbird,Helpdesk général,2021-04-27,11:13:16,00:01:18
stefano.crapanzano@chu.ulg.ac.be,Envoyés - erp.sai@chuliege.be - Mozilla Thunderbird,Helpdesk général,2021-04-27,11:14:38,00:00:03
stefano.crapanzano@chu.ulg.ac.be,Envoyés - erp.sai@chuliege.be - Mozilla Thunderbird,Helpdesk général,2021-04-27,12:47:19,00:00:03
stefano.crapanzano@chu.ulg.ac.be,Envoyés - erp.sai@chuliege.be - Mozilla Thunderbird,Helpdesk général,2021-04-27,12:48:10,00:00:02
stefano.crapanzano@chu.ulg.ac.be,Envoyés - erp.sai@chuliege.be - Mozilla Thunderbird,Helpdesk général,2021-04-27,13:47:30,00:00:13
stefano.crapanzano@chu.ulg.ac.be,Envoyés - erp.sai@chuliege.be - Mozilla Thunderbird,Helpdesk général,2021-04-27,13:51:06,00:04:47
stefano.crapanzano@chu.ulg.ac.be,Envoyés - erp.sai@chuliege.be - Mozilla Thunderbird,Helpdesk général,2021-04-27,14:51:10,00:01:13
stefano.crapanzano@chu.ulg.ac.be,Envoyés - erp.sai@chuliege.be - Mozilla Thunderbird,Helpdesk général,2021-04-27,15:00:49,00:01:33
stefano.crapanzano@chu.ulg.ac.be,Envoyés - erp.sai@chuliege.be - Mozilla Thunderbird,Helpdesk général,2021-04-27,15:08:05,00:17:49
stefano.crapanzano@chu.ulg.ac.be,Envoyés - erp.sai@chuliege.be - Mozilla Thunderbird,Helpdesk général,2021-04-27,15:27:05,00:00:04
stefano.crapanzano@chu.ulg.ac.be,Envoyés - erp.sai@chuliege.be - Mozilla Thunderbird,Helpdesk général,2021-04-27,15:27:19,00:00:04
stefano.crapanzano@chu.ulg.ac.be,Envoyés - erp.sai@chuliege.be - Mozilla Thunderbird,Helpdesk général,2021-04-27,15:36:13,00:00:21
stefano.crapanzano@chu.ulg.ac.be,Envoyés - erp.sai@chuliege.be - Mozilla Thunderbird,Helpdesk général,2021-04-27,15:36:37,00:00:11
stefano.crapanzano@chu.ulg.ac.be,Envoyés - erp.sai@chuliege.be - Mozilla Thunderbird,Helpdesk général,2021-04-27,15:50:53,00:00:04
stefano.crapanzano@chu.ulg.ac.be,Envoyés - erp.sai@chuliege.be - Mozilla Thunderbird,Helpdesk général,2021-04-27,15:54:47,00:00:08
stefano.crapanzano@chu.ulg.ac.be,Enregistrer le message,Helpdesk général,2021-04-27,12:46:27,00:00:03
stefano.crapanzano@chu.ulg.ac.be,LABO - Stock article - Google Chrome,Tâches diverses,2021-04-27,12:47:00,00:00:10
stefano.crapanzano@chu.ulg.ac.be,LABO - Stock article - Google Chrome,Tâches diverses,2021-04-27,12:47:23,00:00:46
stefano.crapanzano@chu.ulg.ac.be,LABO - Stock article - Google Chrome,Tâches diverses,2021-04-27,12:48:18,00:00:04
stefano.crapanzano@chu.ulg.ac.be,LABO - Stock article - Google Chrome,Tâches diverses,2021-04-27,13:48:29,00:00:02
stefano.crapanzano@chu.ulg.ac.be,Lecture documentation,Tâches diverses,2021-04-27,12:48:22,00:55:41
stefano.crapanzano@chu.ulg.ac.be,Lecture documentation,Tâches diverses,2021-04-27,13:44:06,00:00:02
stefano.crapanzano@chu.ulg.ac.be,Lecture documentation,Tâches diverses,2021-04-27,15:03:07,00:01:19
stefano.crapanzano@chu.ulg.ac.be,Lecture documentation,Tâches diverses,2021-04-27,15:06:08,00:00:39
stefano.crapanzano@chu.ulg.ac.be,Lecture documentation,Tâches diverses,2021-04-27,15:26:29,00:00:02
stefano.crapanzano@chu.ulg.ac.be,Lecture documentation,Tâches diverses,2021-04-27,15:27:35,00:03:10
stefano.crapanzano@chu.ulg.ac.be,Modifier job C203_DOWNLOAD ZMMARTIKEL ZHUL,Exploration SAP,2021-04-27,13:50:40,00:00:02
stefano.crapanzano@chu.ulg.ac.be,Modifier job C203_DOWNLOAD ZMMARTIKEL ZHUL,Exploration SAP,2021-04-27,13:50:50,00:00:09
stefano.crapanzano@chu.ulg.ac.be,Programmation,IT,2021-04-27,14:27:33,00:20:47
stefano.crapanzano@chu.ulg.ac.be,Programmation,IT,2021-04-27,16:14:58,00:00:02
stefano.crapanzano@chu.ulg.ac.be,Modifier job P203_SAPCONNECT_INT_SEND,Exploration SAP,2021-04-27,14:49:19,00:00:02
stefano.crapanzano@chu.ulg.ac.be,Modifier job P203_SAPCONNECT_INT_SEND,Exploration SAP,2021-04-27,14:49:33,00:00:07
stefano.crapanzano@chu.ulg.ac.be,Rédaction : Fwd: [ GOAL ] Discordances entre GLIMS et SAP - Thunderbird,Helpdesk général,2021-04-27,14:52:30,00:00:20
stefano.crapanzano@chu.ulg.ac.be,Rédaction : Fwd: [ GOAL ] Discordances entre GLIMS et SAP - Thunderbird,Helpdesk général,2021-04-27,14:52:55,00:02:10
stefano.crapanzano@chu.ulg.ac.be,Rédaction : Fwd: [ GOAL ] Discordances entre GLIMS et SAP - Thunderbird,Helpdesk général,2021-04-27,14:55:08,00:03:46
stefano.crapanzano@chu.ulg.ac.be,Rédaction : Fwd: [ GOAL ] Discordances entre GLIMS et SAP - Thunderbird,Helpdesk général,2021-04-27,14:58:59,00:00:10
stefano.crapanzano@chu.ulg.ac.be,Rédaction : Fwd: [ GOAL ] Discordances entre GLIMS et SAP - Thunderbird,Helpdesk général,2021-04-27,15:00:18,00:00:21
stefano.crapanzano@chu.ulg.ac.be,Rédaction : Fwd: [ GOAL ] Discordances entre GLIMS et SAP - Thunderbird,Helpdesk général,2021-04-27,15:02:34,00:00:04
stefano.crapanzano@chu.ulg.ac.be,Rédaction : Fwd: [ GOAL ] Discordances entre GLIMS et SAP - Thunderbird,Helpdesk général,2021-04-27,15:35:02,00:00:03
stefano.crapanzano@chu.ulg.ac.be,Fichier en cours d'utilisation,Tâches diverses,2021-04-27,15:37:10,00:05:15
stefano.crapanzano@chu.ulg.ac.be,discordances_glims_sap_2021_04_27_14_46_39.xlsx  [Lecture seule] - Excel,Tâches diverses,2021-04-27,14:59:17,00:00:55
stefano.crapanzano@chu.ulg.ac.be,discordances_glims_sap_2021_04_27_14_46_39.xlsx  [Lecture seule] - Excel,Tâches diverses,2021-04-27,15:42:26,00:00:26
stefano.crapanzano@chu.ulg.ac.be,Options - Mozilla Thunderbird,Helpdesk général,2021-04-27,15:02:48,00:00:19
stefano.crapanzano@chu.ulg.ac.be,Options - Mozilla Thunderbird,Helpdesk général,2021-04-27,15:04:27,00:01:39
stefano.crapanzano@chu.ulg.ac.be,Options - Mozilla Thunderbird,Helpdesk général,2021-04-27,15:06:47,00:00:03
stefano.crapanzano@chu.ulg.ac.be,Options - Mozilla Thunderbird,Helpdesk général,2021-04-27,15:07:22,00:00:12
stefano.crapanzano@chu.ulg.ac.be,Options - Mozilla Thunderbird,Helpdesk général,2021-04-27,15:27:01,00:00:03
stefano.crapanzano@chu.ulg.ac.be,Options - Mozilla Thunderbird,Helpdesk général,2021-04-27,15:50:58,00:00:09
stefano.crapanzano@chu.ulg.ac.be,Options - Mozilla Thunderbird,Helpdesk général,2021-04-27,15:53:18,00:00:14
stefano.crapanzano@chu.ulg.ac.be,Options - Mozilla Thunderbird,Helpdesk général,2021-04-27,15:53:33,00:01:13
stefano.crapanzano@chu.ulg.ac.be,Options - Mozilla Thunderbird,Helpdesk général,2021-04-27,15:55:19,00:01:08
stefano.crapanzano@chu.ulg.ac.be,Options - Mozilla Thunderbird,Helpdesk général,2021-04-27,15:57:07,00:01:59
stefano.crapanzano@chu.ulg.ac.be,Options - Mozilla Thunderbird,Helpdesk général,2021-04-27,16:13:24,00:00:03
stefano.crapanzano@chu.ulg.ac.be,Paramètres des comptes Courrier et Groupes - Mozilla Thunderbird,Helpdesk général,2021-04-27,15:06:57,00:00:25
stefano.crapanzano@chu.ulg.ac.be,Paramètres des comptes Courrier et Groupes - Mozilla Thunderbird,Helpdesk général,2021-04-27,15:07:34,00:00:16
stefano.crapanzano@chu.ulg.ac.be,Paramètres des comptes Courrier et Groupes - Mozilla Thunderbird,Helpdesk général,2021-04-27,16:13:30,00:00:04
stefano.crapanzano@chu.ulg.ac.be,Paramètres des comptes Courrier et Groupes - Mozilla Thunderbird,Helpdesk général,2021-04-27,16:14:13,00:00:06
stefano.crapanzano@chu.ulg.ac.be,Paramètres des comptes Courrier et Groupes - Mozilla Thunderbird,Helpdesk général,2021-04-27,16:14:25,00:00:03
stefano.crapanzano@chu.ulg.ac.be,Gestionnaire de modules complémentaires - Mozilla Thunderbird,Helpdesk général,2021-04-27,15:25:58,00:00:04
stefano.crapanzano@chu.ulg.ac.be,Gestionnaire de modules complémentaires - Mozilla Thunderbird,Helpdesk général,2021-04-27,15:26:11,00:00:18
stefano.crapanzano@chu.ulg.ac.be,Gestionnaire de modules complémentaires - Mozilla Thunderbird,Helpdesk général,2021-04-27,15:26:37,00:00:07
stefano.crapanzano@chu.ulg.ac.be,replywithheader :: Recherche :: Modules pour Thunderbird - Mozilla Thunderbird,Helpdesk général,2021-04-27,15:26:04,00:00:07
stefano.crapanzano@chu.ulg.ac.be,Intégration système,Helpdesk général,2021-04-27,15:26:35,00:00:02
stefano.crapanzano@chu.ulg.ac.be,RWH Preferences,Helpdesk général,2021-04-27,15:26:44,00:00:15
stefano.crapanzano@chu.ulg.ac.be,Rédaction : Fwd: Fwd: [ GOAL ] Discordances entre GLIMS et SAP - Thunderbird,Helpdesk général,2021-04-27,15:27:11,00:00:08
stefano.crapanzano@chu.ulg.ac.be,Rédaction : Re: Fwd: Fwd: [ GOAL ] Discordances entre GLIMS et SAP - Thunderbird,Helpdesk général,2021-04-27,15:35:15,00:00:46
stefano.crapanzano@chu.ulg.ac.be,Rédaction : [ GOAL ] Discordances entre GLIMS et SAP - Thunderbird,Helpdesk général,2021-04-27,15:36:02,00:00:03
stefano.crapanzano@chu.ulg.ac.be,Propriétés de CHU,Helpdesk général,2021-04-27,15:51:07,00:00:37
stefano.crapanzano@chu.ulg.ac.be,Propriétés de CHU,Helpdesk général,2021-04-27,15:51:46,00:01:31
stefano.crapanzano@chu.ulg.ac.be,Couleurs,Helpdesk général,2021-04-27,15:56:28,00:00:04
stefano.crapanzano@chu.ulg.ac.be,Couleurs,Helpdesk général,2021-04-27,15:56:35,00:00:32
stefano.crapanzano@chu.ulg.ac.be,Choisir un fichier,Helpdesk général,2021-04-27,16:13:35,00:00:14
stefano.crapanzano@chu.ulg.ac.be,Choisir un fichier,Helpdesk général,2021-04-27,16:14:19,00:00:06
