Email,Description,Project,Start date,Start time,Duration
stefano.crapanzano@chu.ulg.ac.be,Administrateur : Perl (command line) - python  main.py,IT,2021-04-30,09:25:18,00:00:02
stefano.crapanzano@chu.ulg.ac.be,Navigation système de fichier,IT,2021-04-30,09:40:09,00:00:03
stefano.crapanzano@chu.ulg.ac.be,Navigation système de fichier,IT,2021-04-30,09:40:43,00:03:43
stefano.crapanzano@chu.ulg.ac.be,Navigation système de fichier,IT,2021-04-30,10:05:47,00:00:05
stefano.crapanzano@chu.ulg.ac.be,Navigation système de fichier,IT,2021-04-30,10:08:35,00:00:02
stefano.crapanzano@chu.ulg.ac.be,Navigation système de fichier,IT,2021-04-30,10:10:23,00:00:02
stefano.crapanzano@chu.ulg.ac.be,Navigation système de fichier,IT,2021-04-30,10:11:30,00:00:03
stefano.crapanzano@chu.ulg.ac.be,Navigation système de fichier,IT,2021-04-30,10:12:02,00:00:02
stefano.crapanzano@chu.ulg.ac.be,Navigation système de fichier,IT,2021-04-30,10:13:15,00:00:02
stefano.crapanzano@chu.ulg.ac.be,Navigation système de fichier,IT,2021-04-30,10:18:13,00:00:02
stefano.crapanzano@chu.ulg.ac.be,Navigation système de fichier,IT,2021-04-30,10:21:57,00:00:02
stefano.crapanzano@chu.ulg.ac.be,Navigation système de fichier,IT,2021-04-30,10:34:55,00:00:02
stefano.crapanzano@chu.ulg.ac.be,Navigation système de fichier,IT,2021-04-30,10:47:22,00:00:02
stefano.crapanzano@chu.ulg.ac.be,Navigation système de fichier,IT,2021-04-30,10:51:04,00:00:04
stefano.crapanzano@chu.ulg.ac.be,Navigation système de fichier,IT,2021-04-30,10:51:28,00:00:03
stefano.crapanzano@chu.ulg.ac.be,Navigation système de fichier,IT,2021-04-30,10:53:18,00:00:02
stefano.crapanzano@chu.ulg.ac.be,Navigation système de fichier,IT,2021-04-30,10:53:46,00:00:03
stefano.crapanzano@chu.ulg.ac.be,Navigation système de fichier,IT,2021-04-30,13:33:30,00:00:02
stefano.crapanzano@chu.ulg.ac.be,Navigation système de fichier,IT,2021-04-30,14:44:59,00:00:02
stefano.crapanzano@chu.ulg.ac.be,Navigation système de fichier,IT,2021-04-30,15:10:13,00:00:02
stefano.crapanzano@chu.ulg.ac.be,Navigation système de fichier,IT,2021-04-30,15:11:50,00:00:04
stefano.crapanzano@chu.ulg.ac.be,Navigation système de fichier,IT,2021-04-30,15:12:11,00:00:04
stefano.crapanzano@chu.ulg.ac.be,Navigation système de fichier,IT,2021-04-30,15:12:20,00:00:02
stefano.crapanzano@chu.ulg.ac.be,Navigation système de fichier,IT,2021-04-30,15:12:46,00:00:05
stefano.crapanzano@chu.ulg.ac.be,Navigation système de fichier,IT,2021-04-30,15:16:59,00:00:02
stefano.crapanzano@chu.ulg.ac.be,Navigation système de fichier,IT,2021-04-30,15:17:28,00:00:03
stefano.crapanzano@chu.ulg.ac.be,Navigation système de fichier,IT,2021-04-30,15:24:12,00:00:02
stefano.crapanzano@chu.ulg.ac.be,Navigation système de fichier,IT,2021-04-30,15:25:18,00:00:02
stefano.crapanzano@chu.ulg.ac.be,Navigation système de fichier,IT,2021-04-30,15:25:23,00:00:02
stefano.crapanzano@chu.ulg.ac.be,Navigation système de fichier,IT,2021-04-30,15:30:32,00:00:02
stefano.crapanzano@chu.ulg.ac.be,Navigation système de fichier,IT,2021-04-30,15:36:34,00:00:02
stefano.crapanzano@chu.ulg.ac.be,Navigation système de fichier,IT,2021-04-30,15:44:20,00:00:02
stefano.crapanzano@chu.ulg.ac.be,Navigation système de fichier,IT,2021-04-30,15:53:35,00:00:14
stefano.crapanzano@chu.ulg.ac.be,Navigation système de fichier,IT,2021-04-30,15:58:44,00:00:05
stefano.crapanzano@chu.ulg.ac.be,Navigation système de fichier,IT,2021-04-30,16:00:41,00:00:02
stefano.crapanzano@chu.ulg.ac.be,Navigation système de fichier,IT,2021-04-30,16:01:18,00:00:02
stefano.crapanzano@chu.ulg.ac.be,Navigation système de fichier,IT,2021-04-30,16:01:53,00:00:02
stefano.crapanzano@chu.ulg.ac.be,Navigation système de fichier,IT,2021-04-30,16:02:33,00:00:10
stefano.crapanzano@chu.ulg.ac.be,Navigation système de fichier,IT,2021-04-30,16:02:46,00:00:03
stefano.crapanzano@chu.ulg.ac.be,Navigation système de fichier,IT,2021-04-30,16:03:08,00:00:03
stefano.crapanzano@chu.ulg.ac.be,Navigation système de fichier,IT,2021-04-30,16:05:01,00:00:02
stefano.crapanzano@chu.ulg.ac.be,Navigation système de fichier,IT,2021-04-30,16:05:39,00:00:05
stefano.crapanzano@chu.ulg.ac.be,Navigation système de fichier,IT,2021-04-30,16:06:06,00:00:04
stefano.crapanzano@chu.ulg.ac.be,Navigation système de fichier,IT,2021-04-30,16:06:20,00:00:03
stefano.crapanzano@chu.ulg.ac.be,Navigation système de fichier,IT,2021-04-30,16:06:27,00:00:02
stefano.crapanzano@chu.ulg.ac.be,Navigation système de fichier,IT,2021-04-30,16:07:09,00:00:03
stefano.crapanzano@chu.ulg.ac.be,Navigation système de fichier,IT,2021-04-30,16:07:21,00:00:04
stefano.crapanzano@chu.ulg.ac.be,Navigation système de fichier,IT,2021-04-30,16:07:39,00:00:02
stefano.crapanzano@chu.ulg.ac.be,Navigation système de fichier,IT,2021-04-30,16:12:20,00:00:02
stefano.crapanzano@chu.ulg.ac.be,Navigation système de fichier,IT,2021-04-30,16:12:25,00:00:02
stefano.crapanzano@chu.ulg.ac.be,Navigation système de fichier,IT,2021-04-30,16:13:01,00:00:02
stefano.crapanzano@chu.ulg.ac.be,Navigation système de fichier,IT,2021-04-30,16:25:53,00:00:02
stefano.crapanzano@chu.ulg.ac.be,Navigation système de fichier,IT,2021-04-30,16:26:14,00:00:12
stefano.crapanzano@chu.ulg.ac.be,Navigation système de fichier,IT,2021-04-30,16:39:10,00:00:36
stefano.crapanzano@chu.ulg.ac.be,Navigation système de fichier,IT,2021-04-30,16:39:50,00:00:04
stefano.crapanzano@chu.ulg.ac.be,Navigation système de fichier,IT,2021-04-30,16:41:06,00:00:03
stefano.crapanzano@chu.ulg.ac.be,Navigation système de fichier,IT,2021-04-30,16:42:47,00:00:03
stefano.crapanzano@chu.ulg.ac.be,Navigation système de fichier,IT,2021-04-30,16:44:07,00:00:04
stefano.crapanzano@chu.ulg.ac.be,Navigation système de fichier,IT,2021-04-30,16:44:43,00:00:02
stefano.crapanzano@chu.ulg.ac.be,Navigation système de fichier,IT,2021-04-30,16:44:57,00:00:03
stefano.crapanzano@chu.ulg.ac.be,Navigation système de fichier,IT,2021-04-30,16:45:29,00:00:03
stefano.crapanzano@chu.ulg.ac.be,Navigation système de fichier,IT,2021-04-30,16:45:35,00:00:03
stefano.crapanzano@chu.ulg.ac.be,Navigation système de fichier,IT,2021-04-30,16:52:18,00:00:02
stefano.crapanzano@chu.ulg.ac.be,Navigation système de fichier,IT,2021-04-30,16:54:08,00:00:04
stefano.crapanzano@chu.ulg.ac.be,Navigation système de fichier,IT,2021-04-30,16:56:00,00:00:02
stefano.crapanzano@chu.ulg.ac.be,Navigation système de fichier,IT,2021-04-30,16:57:05,00:00:04
stefano.crapanzano@chu.ulg.ac.be,Navigation système de fichier,IT,2021-04-30,16:57:14,00:00:02
stefano.crapanzano@chu.ulg.ac.be,Navigation système de fichier,IT,2021-04-30,16:58:52,00:00:02
stefano.crapanzano@chu.ulg.ac.be,Navigation système de fichier,IT,2021-04-30,16:59:50,00:00:02
stefano.crapanzano@chu.ulg.ac.be,Navigation système de fichier,IT,2021-04-30,17:00:09,00:00:03
stefano.crapanzano@chu.ulg.ac.be,Navigation système de fichier,IT,2021-04-30,17:01:58,00:00:02
stefano.crapanzano@chu.ulg.ac.be,Navigation système de fichier,IT,2021-04-30,17:02:32,00:00:02
stefano.crapanzano@chu.ulg.ac.be,Navigation système de fichier,IT,2021-04-30,17:02:42,00:00:02
stefano.crapanzano@chu.ulg.ac.be,Navigation système de fichier,IT,2021-04-30,17:03:29,00:00:04
stefano.crapanzano@chu.ulg.ac.be,Navigation système de fichier,IT,2021-04-30,17:03:35,00:00:07
stefano.crapanzano@chu.ulg.ac.be,Navigation système de fichier,IT,2021-04-30,17:03:47,00:00:05
stefano.crapanzano@chu.ulg.ac.be,Navigation système de fichier,IT,2021-04-30,17:04:59,00:00:05
stefano.crapanzano@chu.ulg.ac.be,Navigation système de fichier,IT,2021-04-30,17:05:39,00:00:03
stefano.crapanzano@chu.ulg.ac.be,Navigation système de fichier,IT,2021-04-30,17:09:50,00:00:10
stefano.crapanzano@chu.ulg.ac.be,Navigation système de fichier,IT,2021-04-30,17:10:26,00:00:02
stefano.crapanzano@chu.ulg.ac.be,Navigation système de fichier,IT,2021-04-30,17:10:46,00:00:03
stefano.crapanzano@chu.ulg.ac.be,Courrier entrant - stefano.crapanzano@chuliege.be - Mozilla Thunderbird,Helpdesk général,2021-04-30,09:25:21,00:00:28
stefano.crapanzano@chu.ulg.ac.be,Courrier entrant - stefano.crapanzano@chuliege.be - Mozilla Thunderbird,Helpdesk général,2021-04-30,09:25:56,00:00:21
stefano.crapanzano@chu.ulg.ac.be,Courrier entrant - stefano.crapanzano@chuliege.be - Mozilla Thunderbird,Helpdesk général,2021-04-30,09:40:02,00:00:02
stefano.crapanzano@chu.ulg.ac.be,Courrier entrant - stefano.crapanzano@chuliege.be - Mozilla Thunderbird,Helpdesk général,2021-04-30,09:57:23,00:00:06
stefano.crapanzano@chu.ulg.ac.be,Courrier entrant - stefano.crapanzano@chuliege.be - Mozilla Thunderbird,Helpdesk général,2021-04-30,10:04:04,00:00:02
stefano.crapanzano@chu.ulg.ac.be,Courrier entrant - stefano.crapanzano@chuliege.be - Mozilla Thunderbird,Helpdesk général,2021-04-30,10:04:16,00:01:28
stefano.crapanzano@chu.ulg.ac.be,Courrier entrant - stefano.crapanzano@chuliege.be - Mozilla Thunderbird,Helpdesk général,2021-04-30,10:35:09,00:00:02
stefano.crapanzano@chu.ulg.ac.be,Courrier entrant - stefano.crapanzano@chuliege.be - Mozilla Thunderbird,Helpdesk général,2021-04-30,10:35:31,00:00:24
stefano.crapanzano@chu.ulg.ac.be,Courrier entrant - stefano.crapanzano@chuliege.be - Mozilla Thunderbird,Helpdesk général,2021-04-30,10:44:16,00:00:02
stefano.crapanzano@chu.ulg.ac.be,Courrier entrant - stefano.crapanzano@chuliege.be - Mozilla Thunderbird,Helpdesk général,2021-04-30,10:50:59,00:00:05
stefano.crapanzano@chu.ulg.ac.be,Courrier entrant - stefano.crapanzano@chuliege.be - Mozilla Thunderbird,Helpdesk général,2021-04-30,10:53:21,00:00:22
stefano.crapanzano@chu.ulg.ac.be,Courrier entrant - stefano.crapanzano@chuliege.be - Mozilla Thunderbird,Helpdesk général,2021-04-30,11:38:10,00:00:02
stefano.crapanzano@chu.ulg.ac.be,Courrier entrant - stefano.crapanzano@chuliege.be - Mozilla Thunderbird,Helpdesk général,2021-04-30,11:38:15,00:00:02
stefano.crapanzano@chu.ulg.ac.be,Courrier entrant - stefano.crapanzano@chuliege.be - Mozilla Thunderbird,Helpdesk général,2021-04-30,12:13:56,00:00:03
stefano.crapanzano@chu.ulg.ac.be,Courrier entrant - stefano.crapanzano@chuliege.be - Mozilla Thunderbird,Helpdesk général,2021-04-30,13:12:40,00:00:02
stefano.crapanzano@chu.ulg.ac.be,Courrier entrant - stefano.crapanzano@chuliege.be - Mozilla Thunderbird,Helpdesk général,2021-04-30,13:13:18,00:00:23
stefano.crapanzano@chu.ulg.ac.be,Courrier entrant - stefano.crapanzano@chuliege.be - Mozilla Thunderbird,Helpdesk général,2021-04-30,14:34:00,00:10:59
stefano.crapanzano@chu.ulg.ac.be,Courrier entrant - stefano.crapanzano@chuliege.be - Mozilla Thunderbird,Helpdesk général,2021-04-30,15:10:03,00:00:09
stefano.crapanzano@chu.ulg.ac.be,Courrier entrant - stefano.crapanzano@chuliege.be - Mozilla Thunderbird,Helpdesk général,2021-04-30,15:11:54,00:00:04
stefano.crapanzano@chu.ulg.ac.be,Courrier entrant - stefano.crapanzano@chuliege.be - Mozilla Thunderbird,Helpdesk général,2021-04-30,15:36:42,00:01:13
stefano.crapanzano@chu.ulg.ac.be,Courrier entrant - stefano.crapanzano@chuliege.be - Mozilla Thunderbird,Helpdesk général,2021-04-30,15:44:28,00:03:37
stefano.crapanzano@chu.ulg.ac.be,Courrier entrant - stefano.crapanzano@chuliege.be - Mozilla Thunderbird,Helpdesk général,2021-04-30,15:54:24,00:00:10
stefano.crapanzano@chu.ulg.ac.be,Courrier entrant - stefano.crapanzano@chuliege.be - Mozilla Thunderbird,Helpdesk général,2021-04-30,15:56:00,00:00:07
stefano.crapanzano@chu.ulg.ac.be,Courrier entrant - stefano.crapanzano@chuliege.be - Mozilla Thunderbird,Helpdesk général,2021-04-30,16:10:15,00:00:02
stefano.crapanzano@chu.ulg.ac.be,Accueil - Mozilla Thunderbird,Helpdesk général,2021-04-30,09:25:50,00:00:06
stefano.crapanzano@chu.ulg.ac.be,Accueil - Mozilla Thunderbird,Helpdesk général,2021-04-30,15:52:50,00:00:02
stefano.crapanzano@chu.ulg.ac.be,job - Mozilla Thunderbird,Helpdesk général,2021-04-30,09:26:18,00:00:02
stefano.crapanzano@chu.ulg.ac.be,job - Mozilla Thunderbird,Helpdesk général,2021-04-30,09:26:29,00:00:15
stefano.crapanzano@chu.ulg.ac.be,SDERP-18385 URGENT - GOAL - Coupure du 29/4 (DEMAIN) - Mozilla Thunderbird,Helpdesk général,2021-04-30,09:26:20,00:00:03
stefano.crapanzano@chu.ulg.ac.be,rôle - Mozilla Thunderbird,Helpdesk général,2021-04-30,09:26:24,00:00:04
stefano.crapanzano@chu.ulg.ac.be,job paramètre périodicité - Mozilla Thunderbird,Helpdesk général,2021-04-30,09:26:44,00:00:04
stefano.crapanzano@chu.ulg.ac.be,liste jobs à arrêter GOAL avec périodicité et paramètre - Mozilla Thunderbird,Helpdesk général,2021-04-30,09:26:49,00:00:21
stefano.crapanzano@chu.ulg.ac.be,Courrier entrant - erp.sai@chuliege.be - Mozilla Thunderbird,Helpdesk général,2021-04-30,09:27:12,00:00:12
stefano.crapanzano@chu.ulg.ac.be,Courrier entrant - erp.sai@chuliege.be - Mozilla Thunderbird,Helpdesk général,2021-04-30,09:30:19,00:00:10
stefano.crapanzano@chu.ulg.ac.be,Courrier entrant - erp.sai@chuliege.be - Mozilla Thunderbird,Helpdesk général,2021-04-30,09:38:46,00:01:15
stefano.crapanzano@chu.ulg.ac.be,Courrier entrant - erp.sai@chuliege.be - Mozilla Thunderbird,Helpdesk général,2021-04-30,09:40:04,00:00:04
stefano.crapanzano@chu.ulg.ac.be,Courrier entrant - erp.sai@chuliege.be - Mozilla Thunderbird,Helpdesk général,2021-04-30,09:57:29,00:06:35
stefano.crapanzano@chu.ulg.ac.be,Courrier entrant - erp.sai@chuliege.be - Mozilla Thunderbird,Helpdesk général,2021-04-30,10:04:07,00:00:09
stefano.crapanzano@chu.ulg.ac.be,Courrier entrant - erp.sai@chuliege.be - Mozilla Thunderbird,Helpdesk général,2021-04-30,10:08:21,00:00:02
stefano.crapanzano@chu.ulg.ac.be,Courrier entrant - erp.sai@chuliege.be - Mozilla Thunderbird,Helpdesk général,2021-04-30,10:34:58,00:00:10
stefano.crapanzano@chu.ulg.ac.be,Courrier entrant - erp.sai@chuliege.be - Mozilla Thunderbird,Helpdesk général,2021-04-30,10:35:11,00:00:20
stefano.crapanzano@chu.ulg.ac.be,Courrier entrant - erp.sai@chuliege.be - Mozilla Thunderbird,Helpdesk général,2021-04-30,10:35:55,00:03:15
stefano.crapanzano@chu.ulg.ac.be,Courrier entrant - erp.sai@chuliege.be - Mozilla Thunderbird,Helpdesk général,2021-04-30,10:39:13,00:05:02
stefano.crapanzano@chu.ulg.ac.be,Courrier entrant - erp.sai@chuliege.be - Mozilla Thunderbird,Helpdesk général,2021-04-30,10:44:18,00:00:03
stefano.crapanzano@chu.ulg.ac.be,Courrier entrant - erp.sai@chuliege.be - Mozilla Thunderbird,Helpdesk général,2021-04-30,10:50:56,00:00:02
stefano.crapanzano@chu.ulg.ac.be,Courrier entrant - erp.sai@chuliege.be - Mozilla Thunderbird,Helpdesk général,2021-04-30,11:38:13,00:00:02
stefano.crapanzano@chu.ulg.ac.be,Courrier entrant - erp.sai@chuliege.be - Mozilla Thunderbird,Helpdesk général,2021-04-30,11:38:17,00:00:04
stefano.crapanzano@chu.ulg.ac.be,Courrier entrant - erp.sai@chuliege.be - Mozilla Thunderbird,Helpdesk général,2021-04-30,11:38:33,00:35:23
stefano.crapanzano@chu.ulg.ac.be,Courrier entrant - erp.sai@chuliege.be - Mozilla Thunderbird,Helpdesk général,2021-04-30,12:14:00,00:00:02
stefano.crapanzano@chu.ulg.ac.be,Courrier entrant - erp.sai@chuliege.be - Mozilla Thunderbird,Helpdesk général,2021-04-30,12:14:04,00:00:04
stefano.crapanzano@chu.ulg.ac.be,Courrier entrant - erp.sai@chuliege.be - Mozilla Thunderbird,Helpdesk général,2021-04-30,12:14:12,00:33:29
stefano.crapanzano@chu.ulg.ac.be,Courrier entrant - erp.sai@chuliege.be - Mozilla Thunderbird,Helpdesk général,2021-04-30,13:06:11,00:00:02
stefano.crapanzano@chu.ulg.ac.be,Courrier entrant - erp.sai@chuliege.be - Mozilla Thunderbird,Helpdesk général,2021-04-30,13:06:44,00:00:03
stefano.crapanzano@chu.ulg.ac.be,Courrier entrant - erp.sai@chuliege.be - Mozilla Thunderbird,Helpdesk général,2021-04-30,13:06:48,00:00:26
stefano.crapanzano@chu.ulg.ac.be,Courrier entrant - erp.sai@chuliege.be - Mozilla Thunderbird,Helpdesk général,2021-04-30,13:08:35,00:04:04
stefano.crapanzano@chu.ulg.ac.be,Courrier entrant - erp.sai@chuliege.be - Mozilla Thunderbird,Helpdesk général,2021-04-30,13:12:42,00:00:06
stefano.crapanzano@chu.ulg.ac.be,Courrier entrant - erp.sai@chuliege.be - Mozilla Thunderbird,Helpdesk général,2021-04-30,13:13:16,00:00:02
stefano.crapanzano@chu.ulg.ac.be,Courrier entrant - erp.sai@chuliege.be - Mozilla Thunderbird,Helpdesk général,2021-04-30,13:13:42,00:19:47
stefano.crapanzano@chu.ulg.ac.be,Courrier entrant - erp.sai@chuliege.be - Mozilla Thunderbird,Helpdesk général,2021-04-30,13:45:26,00:17:45
stefano.crapanzano@chu.ulg.ac.be,Courrier entrant - erp.sai@chuliege.be - Mozilla Thunderbird,Helpdesk général,2021-04-30,14:03:13,00:30:46
stefano.crapanzano@chu.ulg.ac.be,Courrier entrant - erp.sai@chuliege.be - Mozilla Thunderbird,Helpdesk général,2021-04-30,15:42:47,00:00:10
stefano.crapanzano@chu.ulg.ac.be,Courrier entrant - erp.sai@chuliege.be - Mozilla Thunderbird,Helpdesk général,2021-04-30,15:43:24,00:00:25
stefano.crapanzano@chu.ulg.ac.be,Courrier entrant - erp.sai@chuliege.be - Mozilla Thunderbird,Helpdesk général,2021-04-30,15:48:06,00:00:12
stefano.crapanzano@chu.ulg.ac.be,Courrier entrant - erp.sai@chuliege.be - Mozilla Thunderbird,Helpdesk général,2021-04-30,15:52:48,00:00:02
stefano.crapanzano@chu.ulg.ac.be,Courrier entrant - erp.sai@chuliege.be - Mozilla Thunderbird,Helpdesk général,2021-04-30,15:53:03,00:00:08
stefano.crapanzano@chu.ulg.ac.be,Courrier entrant - erp.sai@chuliege.be - Mozilla Thunderbird,Helpdesk général,2021-04-30,15:53:14,00:00:10
stefano.crapanzano@chu.ulg.ac.be,Courrier entrant - erp.sai@chuliege.be - Mozilla Thunderbird,Helpdesk général,2021-04-30,15:53:30,00:00:04
stefano.crapanzano@chu.ulg.ac.be,Courrier entrant - erp.sai@chuliege.be - Mozilla Thunderbird,Helpdesk général,2021-04-30,15:54:20,00:00:03
stefano.crapanzano@chu.ulg.ac.be,Courrier entrant - erp.sai@chuliege.be - Mozilla Thunderbird,Helpdesk général,2021-04-30,15:56:07,00:00:09
stefano.crapanzano@chu.ulg.ac.be,Courrier entrant - erp.sai@chuliege.be - Mozilla Thunderbird,Helpdesk général,2021-04-30,16:01:02,00:00:02
stefano.crapanzano@chu.ulg.ac.be,Courrier entrant - erp.sai@chuliege.be - Mozilla Thunderbird,Helpdesk général,2021-04-30,16:01:06,00:00:07
stefano.crapanzano@chu.ulg.ac.be,Courrier entrant - erp.sai@chuliege.be - Mozilla Thunderbird,Helpdesk général,2021-04-30,16:01:22,00:00:03
stefano.crapanzano@chu.ulg.ac.be,Courrier entrant - erp.sai@chuliege.be - Mozilla Thunderbird,Helpdesk général,2021-04-30,16:01:44,00:00:08
stefano.crapanzano@chu.ulg.ac.be,Courrier entrant - erp.sai@chuliege.be - Mozilla Thunderbird,Helpdesk général,2021-04-30,16:06:10,00:00:02
stefano.crapanzano@chu.ulg.ac.be,Courrier entrant - erp.sai@chuliege.be - Mozilla Thunderbird,Helpdesk général,2021-04-30,16:10:11,00:00:04
stefano.crapanzano@chu.ulg.ac.be,Courrier entrant - erp.sai@chuliege.be - Mozilla Thunderbird,Helpdesk général,2021-04-30,16:10:18,00:00:04
stefano.crapanzano@chu.ulg.ac.be,Courrier entrant - erp.sai@chuliege.be - Mozilla Thunderbird,Helpdesk général,2021-04-30,17:05:10,00:00:07
stefano.crapanzano@chu.ulg.ac.be,Stefano CRAPANZANO - erp.sai@chuliege.be - Mozilla Thunderbird,Helpdesk général,2021-04-30,09:27:24,00:00:06
stefano.crapanzano@chu.ulg.ac.be,Stefano CRAPANZANO - erp.sai@chuliege.be - Mozilla Thunderbird,Helpdesk général,2021-04-30,15:11:59,00:00:08
stefano.crapanzano@chu.ulg.ac.be,Stefano CRAPANZANO - erp.sai@chuliege.be - Mozilla Thunderbird,Helpdesk général,2021-04-30,15:36:39,00:00:03
stefano.crapanzano@chu.ulg.ac.be,2 Traité - erp.sai@chuliege.be - Mozilla Thunderbird,Helpdesk général,2021-04-30,09:27:30,00:00:07
stefano.crapanzano@chu.ulg.ac.be,Envoyés - erp.sai@chuliege.be - Mozilla Thunderbird,Helpdesk général,2021-04-30,09:27:37,00:02:42
stefano.crapanzano@chu.ulg.ac.be,Envoyés - erp.sai@chuliege.be - Mozilla Thunderbird,Helpdesk général,2021-04-30,11:38:22,00:00:10
stefano.crapanzano@chu.ulg.ac.be,Envoyés - erp.sai@chuliege.be - Mozilla Thunderbird,Helpdesk général,2021-04-30,12:14:08,00:00:03
stefano.crapanzano@chu.ulg.ac.be,Envoyés - erp.sai@chuliege.be - Mozilla Thunderbird,Helpdesk général,2021-04-30,16:10:23,00:00:15
stefano.crapanzano@chu.ulg.ac.be,Envoyés - erp.sai@chuliege.be - Mozilla Thunderbird,Helpdesk général,2021-04-30,16:11:50,00:00:02
stefano.crapanzano@chu.ulg.ac.be,Envoyés - erp.sai@chuliege.be - Mozilla Thunderbird,Helpdesk général,2021-04-30,17:05:07,00:00:03
stefano.crapanzano@chu.ulg.ac.be,Envoyés - erp.sai@chuliege.be - Mozilla Thunderbird,Helpdesk général,2021-04-30,17:05:18,00:00:03
stefano.crapanzano@chu.ulg.ac.be,Lecture documentation,Tâches diverses,2021-04-30,09:30:30,00:08:15
stefano.crapanzano@chu.ulg.ac.be,Lecture documentation,Tâches diverses,2021-04-30,10:05:53,00:00:08
stefano.crapanzano@chu.ulg.ac.be,Lecture documentation,Tâches diverses,2021-04-30,10:11:34,00:00:02
stefano.crapanzano@chu.ulg.ac.be,Lecture documentation,Tâches diverses,2021-04-30,10:12:04,00:00:46
stefano.crapanzano@chu.ulg.ac.be,Lecture documentation,Tâches diverses,2021-04-30,10:12:52,00:00:23
stefano.crapanzano@chu.ulg.ac.be,Lecture documentation,Tâches diverses,2021-04-30,10:13:18,00:00:07
stefano.crapanzano@chu.ulg.ac.be,Lecture documentation,Tâches diverses,2021-04-30,10:13:26,00:00:44
stefano.crapanzano@chu.ulg.ac.be,Lecture documentation,Tâches diverses,2021-04-30,10:15:35,00:00:03
stefano.crapanzano@chu.ulg.ac.be,Lecture documentation,Tâches diverses,2021-04-30,10:16:04,00:01:56
stefano.crapanzano@chu.ulg.ac.be,Lecture documentation,Tâches diverses,2021-04-30,10:18:02,00:00:11
stefano.crapanzano@chu.ulg.ac.be,Lecture documentation,Tâches diverses,2021-04-30,10:18:15,00:03:42
stefano.crapanzano@chu.ulg.ac.be,Lecture documentation,Tâches diverses,2021-04-30,10:53:49,00:44:19
stefano.crapanzano@chu.ulg.ac.be,Lecture documentation,Tâches diverses,2021-04-30,15:10:15,00:01:34
stefano.crapanzano@chu.ulg.ac.be,Lecture documentation,Tâches diverses,2021-04-30,15:12:52,00:00:26
stefano.crapanzano@chu.ulg.ac.be,Lecture documentation,Tâches diverses,2021-04-30,15:13:22,00:00:42
stefano.crapanzano@chu.ulg.ac.be,Lecture documentation,Tâches diverses,2021-04-30,15:14:27,00:00:19
stefano.crapanzano@chu.ulg.ac.be,Lecture documentation,Tâches diverses,2021-04-30,15:25:25,00:05:07
stefano.crapanzano@chu.ulg.ac.be,Lecture documentation,Tâches diverses,2021-04-30,15:30:34,00:00:17
stefano.crapanzano@chu.ulg.ac.be,Lecture documentation,Tâches diverses,2021-04-30,15:30:53,00:02:00
stefano.crapanzano@chu.ulg.ac.be,Lecture documentation,Tâches diverses,2021-04-30,15:32:54,00:03:30
stefano.crapanzano@chu.ulg.ac.be,Lecture documentation,Tâches diverses,2021-04-30,15:36:26,00:00:03
stefano.crapanzano@chu.ulg.ac.be,Lecture documentation,Tâches diverses,2021-04-30,15:37:55,00:04:51
stefano.crapanzano@chu.ulg.ac.be,Lecture documentation,Tâches diverses,2021-04-30,15:43:52,00:00:28
stefano.crapanzano@chu.ulg.ac.be,Lecture documentation,Tâches diverses,2021-04-30,16:42:50,00:00:28
stefano.crapanzano@chu.ulg.ac.be,Lecture documentation,Tâches diverses,2021-04-30,16:43:26,00:00:06
stefano.crapanzano@chu.ulg.ac.be,Ouverture -Excel,Tâches diverses,2021-04-30,09:40:13,00:00:07
stefano.crapanzano@chu.ulg.ac.be,Ouverture -Excel,Tâches diverses,2021-04-30,10:51:09,00:00:04
stefano.crapanzano@chu.ulg.ac.be,Ouverture -Excel,Tâches diverses,2021-04-30,15:58:15,00:00:03
stefano.crapanzano@chu.ulg.ac.be,Fichier en cours d'utilisation,Tâches diverses,2021-04-30,09:40:20,00:00:02
stefano.crapanzano@chu.ulg.ac.be,Télétravail (à partir du 11-01-21).xlsx  [Lecture seule] - Excel,Tâches diverses,2021-04-30,09:40:22,00:00:20
stefano.crapanzano@chu.ulg.ac.be,Tickets ouverts SAP - Mozilla Thunderbird,Helpdesk général,2021-04-30,09:44:27,00:12:54
stefano.crapanzano@chu.ulg.ac.be,Gestion des utilisateurs : écran initial,Exploration SAP,2021-04-30,10:06:03,00:00:03
stefano.crapanzano@chu.ulg.ac.be,Gestion des utilisateurs : écran initial,Exploration SAP,2021-04-30,10:06:19,00:00:02
stefano.crapanzano@chu.ulg.ac.be,Gestion des utilisateurs : écran initial,Exploration SAP,2021-04-30,10:24:20,00:00:03
stefano.crapanzano@chu.ulg.ac.be,Gestion des utilisateurs : écran initial,Exploration SAP,2021-04-30,13:06:28,00:00:04
stefano.crapanzano@chu.ulg.ac.be,Afficher utilisateur,Exploration SAP,2021-04-30,10:06:07,00:00:03
stefano.crapanzano@chu.ulg.ac.be,Afficher utilisateur,Exploration SAP,2021-04-30,10:06:21,00:00:13
stefano.crapanzano@chu.ulg.ac.be,Afficher utilisateur,Exploration SAP,2021-04-30,10:24:32,00:00:07
stefano.crapanzano@chu.ulg.ac.be,Afficher utilisateur,Exploration SAP,2021-04-30,10:45:03,00:00:03
stefano.crapanzano@chu.ulg.ac.be,Afficher utilisateur,Exploration SAP,2021-04-30,10:46:53,00:00:02
stefano.crapanzano@chu.ulg.ac.be,Afficher utilisateur,Exploration SAP,2021-04-30,13:06:33,00:00:06
stefano.crapanzano@chu.ulg.ac.be,Gérer utilisateur,Exploration SAP,2021-04-30,10:06:10,00:00:08
stefano.crapanzano@chu.ulg.ac.be,SAP Easy Access Menu de base Applications financières-économiques,Exploration SAP,2021-04-30,10:06:36,00:00:18
stefano.crapanzano@chu.ulg.ac.be,SAP Easy Access Menu de base Applications financières-économiques,Exploration SAP,2021-04-30,10:08:02,00:00:10
stefano.crapanzano@chu.ulg.ac.be,SAP Easy Access Menu de base Applications financières-économiques,Exploration SAP,2021-04-30,10:09:26,00:00:07
stefano.crapanzano@chu.ulg.ac.be,SAP Easy Access Menu de base Applications financières-économiques,Exploration SAP,2021-04-30,10:14:30,00:00:04
stefano.crapanzano@chu.ulg.ac.be,SAP Easy Access Menu de base Applications financières-économiques,Exploration SAP,2021-04-30,10:24:18,00:00:02
stefano.crapanzano@chu.ulg.ac.be,SAP Easy Access Menu de base Applications financières-économiques,Exploration SAP,2021-04-30,10:45:06,00:00:04
stefano.crapanzano@chu.ulg.ac.be,SAP Easy Access Menu de base Applications financières-économiques,Exploration SAP,2021-04-30,13:06:23,00:00:04
stefano.crapanzano@chu.ulg.ac.be,SAP Easy Access Menu de base Applications financières-économiques,Exploration SAP,2021-04-30,13:06:40,00:00:02
stefano.crapanzano@chu.ulg.ac.be,SAP Easy Access Menu de base Applications financières-économiques,Exploration SAP,2021-04-30,13:07:16,00:00:03
stefano.crapanzano@chu.ulg.ac.be,SAP Easy Access Menu de base Applications financières-économiques,Exploration SAP,2021-04-30,13:33:34,00:00:04
stefano.crapanzano@chu.ulg.ac.be,SAP Easy Access Menu de base Applications financières-économiques,Exploration SAP,2021-04-30,13:33:44,00:11:42
stefano.crapanzano@chu.ulg.ac.be,SAP Easy Access Menu de base Applications financières-économiques,Exploration SAP,2021-04-30,14:45:01,00:00:08
stefano.crapanzano@chu.ulg.ac.be,SAP Easy Access Menu de base Applications financières-économiques,Exploration SAP,2021-04-30,15:58:52,00:00:09
stefano.crapanzano@chu.ulg.ac.be,Gérer données utilisateur et salarié,Exploration SAP,2021-04-30,10:06:54,00:00:02
stefano.crapanzano@chu.ulg.ac.be,Gérer données utilisateur et salarié,Exploration SAP,2021-04-30,10:14:34,00:00:02
stefano.crapanzano@chu.ulg.ac.be,Gérer données utilisateur et salarié,Helpdesk général,2021-04-30,10:14:41,00:00:02
stefano.crapanzano@chu.ulg.ac.be,Générer utilisateur,Exploration SAP,2021-04-30,10:06:56,00:00:02
stefano.crapanzano@chu.ulg.ac.be,Générer utilisateur,Exploration SAP,2021-04-30,10:07:48,00:00:09
stefano.crapanzano@chu.ulg.ac.be,Générer utilisateur,Exploration SAP,2021-04-30,10:07:59,00:00:02
stefano.crapanzano@chu.ulg.ac.be,Générer utilisateur,Exploration SAP,2021-04-30,10:08:38,00:00:02
stefano.crapanzano@chu.ulg.ac.be,Générer utilisateur,Exploration SAP,2021-04-30,10:11:24,00:00:02
stefano.crapanzano@chu.ulg.ac.be,Générer utilisateur,Exploration SAP,2021-04-30,10:14:15,00:00:04
stefano.crapanzano@chu.ulg.ac.be,Générer utilisateur,Exploration SAP,2021-04-30,10:14:43,00:00:02
stefano.crapanzano@chu.ulg.ac.be,Générer utilisateur,Helpdesk général,2021-04-30,10:14:50,00:00:02
stefano.crapanzano@chu.ulg.ac.be,Générer utilisateur EBR à partir d'un utilis. SU01 existant,Exploration SAP,2021-04-30,10:06:58,00:00:03
stefano.crapanzano@chu.ulg.ac.be,Générer utilisateur EBR à partir d'un utilis. SU01 existant,Exploration SAP,2021-04-30,10:07:21,00:00:02
stefano.crapanzano@chu.ulg.ac.be,Générer utilisateur EBR à partir d'un utilis. SU01 existant,Exploration SAP,2021-04-30,10:08:40,00:00:03
stefano.crapanzano@chu.ulg.ac.be,Générer utilisateur EBR à partir d'un utilis. SU01 existant,Exploration SAP,2021-04-30,10:11:27,00:00:02
stefano.crapanzano@chu.ulg.ac.be,Générer utilisateur EBR à partir d'un utilis. SU01 existant,Exploration SAP,2021-04-30,10:14:20,00:00:08
stefano.crapanzano@chu.ulg.ac.be,Générer utilisateur EBR à partir d'un utilis. SU01 existant,Exploration SAP,2021-04-30,10:14:52,00:00:03
stefano.crapanzano@chu.ulg.ac.be,Générer utilisateur EBR à partir d'un utilis. SU01 existant,Helpdesk général,2021-04-30,10:14:59,00:00:02
stefano.crapanzano@chu.ulg.ac.be,Générer utilisateur EBR à partir d'un utilis. SU01 existant,Exploration SAP,2021-04-30,10:47:01,00:00:03
stefano.crapanzano@chu.ulg.ac.be,Unité structurelle (1),Exploration SAP,2021-04-30,10:07:02,00:00:02
stefano.crapanzano@chu.ulg.ac.be,Unité structurelle (1) 2529 Entrées trouvées,Exploration SAP,2021-04-30,10:07:04,00:00:16
stefano.crapanzano@chu.ulg.ac.be,Restriction de la liste des utilisateurs,Exploration SAP,2021-04-30,10:07:24,00:00:02
stefano.crapanzano@chu.ulg.ac.be,Restriction de la liste des utilisateurs,Exploration SAP,2021-04-30,10:08:44,00:00:02
stefano.crapanzano@chu.ulg.ac.be,Restriction de la liste des utilisateurs,Exploration SAP,2021-04-30,10:15:01,00:00:03
stefano.crapanzano@chu.ulg.ac.be,Restriction de la liste des utilisateurs,Helpdesk général,2021-04-30,10:15:09,00:00:02
stefano.crapanzano@chu.ulg.ac.be,Restriction de la liste des utilisateurs,Exploration SAP,2021-04-30,10:47:05,00:00:02
stefano.crapanzano@chu.ulg.ac.be,Sélection d'utilisateurs 1626 Entrées,Exploration SAP,2021-04-30,10:07:30,00:00:10
stefano.crapanzano@chu.ulg.ac.be,Sélection d'utilisateurs 1626 Entrées,Exploration SAP,2021-04-30,10:08:50,00:00:03
stefano.crapanzano@chu.ulg.ac.be,Sélection d'utilisateurs 1626 Entrées,Exploration SAP,2021-04-30,10:11:40,00:00:03
stefano.crapanzano@chu.ulg.ac.be,Sélection d'utilisateurs 1626 Entrées,Exploration SAP,2021-04-30,10:15:46,00:00:03
stefano.crapanzano@chu.ulg.ac.be,Sélection d'utilisateurs 1626 Entrées,Helpdesk général,2021-04-30,10:15:54,00:00:02
stefano.crapanzano@chu.ulg.ac.be,Sélection d'utilisateurs 1626 Entrées,Exploration SAP,2021-04-30,10:47:13,00:00:03
stefano.crapanzano@chu.ulg.ac.be,Rechercher,Exploration SAP,2021-04-30,10:07:27,00:00:02
stefano.crapanzano@chu.ulg.ac.be,Rechercher,Exploration SAP,2021-04-30,10:08:47,00:00:02
stefano.crapanzano@chu.ulg.ac.be,Rechercher,Exploration SAP,2021-04-30,10:11:37,00:00:02
stefano.crapanzano@chu.ulg.ac.be,Rechercher,Exploration SAP,2021-04-30,10:15:12,00:00:03
stefano.crapanzano@chu.ulg.ac.be,Rechercher,Exploration SAP,2021-04-30,10:15:17,00:00:16
stefano.crapanzano@chu.ulg.ac.be,Rechercher,Exploration SAP,2021-04-30,10:15:38,00:00:07
stefano.crapanzano@chu.ulg.ac.be,Rechercher,Exploration SAP,2021-04-30,10:47:07,00:00:06
stefano.crapanzano@chu.ulg.ac.be,Rechercher,IT,2021-04-30,16:52:36,00:00:03
stefano.crapanzano@chu.ulg.ac.be,Rechercher,IT,2021-04-30,16:53:36,00:00:03
stefano.crapanzano@chu.ulg.ac.be,Rechercher,IT,2021-04-30,16:53:45,00:00:12
stefano.crapanzano@chu.ulg.ac.be,Rechercher,IT,2021-04-30,16:53:58,00:00:06
stefano.crapanzano@chu.ulg.ac.be,Rechercher,IT,2021-04-30,16:56:06,00:00:03
stefano.crapanzano@chu.ulg.ac.be,Des erreurs se sont produites,Exploration SAP,2021-04-30,10:07:40,00:00:07
stefano.crapanzano@chu.ulg.ac.be,Des erreurs se sont produites,Exploration SAP,2021-04-30,10:08:53,00:00:08
stefano.crapanzano@chu.ulg.ac.be,Des erreurs se sont produites,Helpdesk général,2021-04-30,10:09:06,00:00:14
stefano.crapanzano@chu.ulg.ac.be,Des erreurs se sont produites,Exploration SAP,2021-04-30,10:11:43,00:00:02
stefano.crapanzano@chu.ulg.ac.be,Des erreurs se sont produites,Exploration SAP,2021-04-30,10:14:13,00:00:02
stefano.crapanzano@chu.ulg.ac.be,Des erreurs se sont produites,Exploration SAP,2021-04-30,10:15:56,00:00:02
stefano.crapanzano@chu.ulg.ac.be,Des erreurs se sont produites,Exploration SAP,2021-04-30,10:46:58,00:00:02
stefano.crapanzano@chu.ulg.ac.be,Des erreurs se sont produites,Exploration SAP,2021-04-30,10:47:17,00:00:02
stefano.crapanzano@chu.ulg.ac.be,Attributs généraux (BBP) Modifier,Exploration SAP,2021-04-30,10:08:13,00:00:08
stefano.crapanzano@chu.ulg.ac.be,Attributs généraux (BBP) Modifier,Exploration SAP,2021-04-30,10:08:23,00:00:11
stefano.crapanzano@chu.ulg.ac.be,Attributs généraux (BBP) Modifier,Exploration SAP,2021-04-30,10:09:22,00:00:04
stefano.crapanzano@chu.ulg.ac.be,Greenshot capture form,Helpdesk général,2021-04-30,10:09:02,00:00:04
stefano.crapanzano@chu.ulg.ac.be,Greenshot capture form,Helpdesk général,2021-04-30,10:09:57,00:00:06
stefano.crapanzano@chu.ulg.ac.be,Greenshot capture form,Helpdesk général,2021-04-30,10:11:46,00:00:14
stefano.crapanzano@chu.ulg.ac.be,Greenshot capture form,Helpdesk général,2021-04-30,10:14:37,00:00:04
stefano.crapanzano@chu.ulg.ac.be,Greenshot capture form,Helpdesk général,2021-04-30,10:14:46,00:00:04
stefano.crapanzano@chu.ulg.ac.be,Greenshot capture form,Helpdesk général,2021-04-30,10:14:56,00:00:02
stefano.crapanzano@chu.ulg.ac.be,Greenshot capture form,Helpdesk général,2021-04-30,10:15:05,00:00:03
stefano.crapanzano@chu.ulg.ac.be,Greenshot capture form,Helpdesk général,2021-04-30,10:15:49,00:00:04
stefano.crapanzano@chu.ulg.ac.be,Greenshot capture form,Helpdesk général,2021-04-30,10:15:58,00:00:03
stefano.crapanzano@chu.ulg.ac.be,Greenshot capture form,Helpdesk général,2021-04-30,15:24:15,00:00:04
stefano.crapanzano@chu.ulg.ac.be,Gestion des rôles,Exploration SAP,2021-04-30,10:09:39,00:00:18
stefano.crapanzano@chu.ulg.ac.be,Gestion des rôles,Exploration SAP,2021-04-30,10:10:05,00:00:12
stefano.crapanzano@chu.ulg.ac.be,Gestion des rôles,Exploration SAP,2021-04-30,10:10:34,00:00:03
stefano.crapanzano@chu.ulg.ac.be,Gestion des rôles,Exploration SAP,2021-04-30,10:22:00,00:00:07
stefano.crapanzano@chu.ulg.ac.be,Gestion des rôles,Exploration SAP,2021-04-30,10:23:05,00:00:02
stefano.crapanzano@chu.ulg.ac.be,Gestion des rôles,Exploration SAP,2021-04-30,10:23:20,00:00:04
stefano.crapanzano@chu.ulg.ac.be,Gestion des rôles,Exploration SAP,2021-04-30,10:24:03,00:00:14
stefano.crapanzano@chu.ulg.ac.be,Gestion des rôles,Exploration SAP,2021-04-30,10:45:11,00:00:03
stefano.crapanzano@chu.ulg.ac.be,Gestion des rôles,Exploration SAP,2021-04-30,10:46:06,00:00:07
stefano.crapanzano@chu.ulg.ac.be,Gestion des rôles,Exploration SAP,2021-04-30,14:45:10,00:00:10
stefano.crapanzano@chu.ulg.ac.be,Gestion des rôles,Exploration SAP,2021-04-30,14:45:55,00:00:06
stefano.crapanzano@chu.ulg.ac.be,Gestion des rôles,Exploration SAP,2021-04-30,14:46:47,00:23:14
stefano.crapanzano@chu.ulg.ac.be,Gestion des rôles,Exploration SAP,2021-04-30,15:58:49,00:00:02
stefano.crapanzano@chu.ulg.ac.be,TypeAheadPopup,Exploration SAP,2021-04-30,10:09:36,00:00:02
stefano.crapanzano@chu.ulg.ac.be,Greenshot Éditeur d'Image,Helpdesk général,2021-04-30,10:10:26,00:00:03
stefano.crapanzano@chu.ulg.ac.be,Affichage de rôles,Exploration SAP,2021-04-30,10:10:17,00:00:05
stefano.crapanzano@chu.ulg.ac.be,Affichage de rôles,Exploration SAP,2021-04-30,10:10:29,00:00:02
stefano.crapanzano@chu.ulg.ac.be,Affichage de rôles,Exploration SAP,2021-04-30,10:10:38,00:00:15
stefano.crapanzano@chu.ulg.ac.be,Affichage de rôles,Exploration SAP,2021-04-30,10:22:07,00:00:24
stefano.crapanzano@chu.ulg.ac.be,Affichage de rôles,Exploration SAP,2021-04-30,10:23:07,00:00:13
stefano.crapanzano@chu.ulg.ac.be,Affichage de rôles,Exploration SAP,2021-04-30,10:23:25,00:00:03
stefano.crapanzano@chu.ulg.ac.be,Affichage de rôles,Exploration SAP,2021-04-30,10:45:15,00:00:04
stefano.crapanzano@chu.ulg.ac.be,Affichage de rôles,Exploration SAP,2021-04-30,10:46:13,00:00:03
stefano.crapanzano@chu.ulg.ac.be,Affichage de rôles,Exploration SAP,2021-04-30,14:45:21,00:00:03
stefano.crapanzano@chu.ulg.ac.be,Affichage de rôles,Exploration SAP,2021-04-30,14:46:01,00:00:03
stefano.crapanzano@chu.ulg.ac.be,Modification de rôles,Exploration SAP,2021-04-30,10:10:53,00:00:14
stefano.crapanzano@chu.ulg.ac.be,Modification de rôles,Exploration SAP,2021-04-30,10:11:15,00:00:03
stefano.crapanzano@chu.ulg.ac.be,Modification de rôles,Exploration SAP,2021-04-30,10:22:31,00:00:22
stefano.crapanzano@chu.ulg.ac.be,Modification de rôles,Exploration SAP,2021-04-30,10:23:00,00:00:02
stefano.crapanzano@chu.ulg.ac.be,Modification de rôles,Exploration SAP,2021-04-30,10:23:29,00:00:18
stefano.crapanzano@chu.ulg.ac.be,Modification de rôles,Exploration SAP,2021-04-30,10:23:53,00:00:03
stefano.crapanzano@chu.ulg.ac.be,Modification de rôles,Exploration SAP,2021-04-30,10:45:19,00:00:37
stefano.crapanzano@chu.ulg.ac.be,Modification de rôles,Exploration SAP,2021-04-30,10:46:03,00:00:02
stefano.crapanzano@chu.ulg.ac.be,Modification de rôles,Exploration SAP,2021-04-30,10:46:17,00:00:26
stefano.crapanzano@chu.ulg.ac.be,Modification de rôles,Exploration SAP,2021-04-30,10:46:47,00:00:02
stefano.crapanzano@chu.ulg.ac.be,Modification de rôles,Exploration SAP,2021-04-30,14:45:24,00:00:18
stefano.crapanzano@chu.ulg.ac.be,Modification de rôles,Exploration SAP,2021-04-30,14:45:47,00:00:04
stefano.crapanzano@chu.ulg.ac.be,Modification de rôles,Exploration SAP,2021-04-30,14:46:05,00:00:24
stefano.crapanzano@chu.ulg.ac.be,Modification de rôles,Exploration SAP,2021-04-30,14:46:37,00:00:07
stefano.crapanzano@chu.ulg.ac.be,Comparer fiche utilisateur du rôle,Exploration SAP,2021-04-30,10:11:08,00:00:07
stefano.crapanzano@chu.ulg.ac.be,Comparer fiche utilisateur du rôle,Exploration SAP,2021-04-30,10:22:54,00:00:06
stefano.crapanzano@chu.ulg.ac.be,Comparer fiche utilisateur du rôle,Exploration SAP,2021-04-30,10:23:47,00:00:06
stefano.crapanzano@chu.ulg.ac.be,Comparer fiche utilisateur du rôle,Exploration SAP,2021-04-30,10:45:57,00:00:06
stefano.crapanzano@chu.ulg.ac.be,Comparer fiche utilisateur du rôle,Exploration SAP,2021-04-30,10:46:43,00:00:03
stefano.crapanzano@chu.ulg.ac.be,Comparer fiche utilisateur du rôle,Exploration SAP,2021-04-30,14:45:42,00:00:04
stefano.crapanzano@chu.ulg.ac.be,Comparer fiche utilisateur du rôle,Exploration SAP,2021-04-30,14:46:29,00:00:08
stefano.crapanzano@chu.ulg.ac.be,Modifications sont perdues.,Exploration SAP,2021-04-30,10:11:18,00:00:02
stefano.crapanzano@chu.ulg.ac.be,Modifications sont perdues.,Exploration SAP,2021-04-30,10:23:02,00:00:02
stefano.crapanzano@chu.ulg.ac.be,Modifications sont perdues.,Exploration SAP,2021-04-30,10:23:56,00:00:07
stefano.crapanzano@chu.ulg.ac.be,Modifications sont perdues.,Exploration SAP,2021-04-30,14:45:52,00:00:03
stefano.crapanzano@chu.ulg.ac.be,Modifications sont perdues.,Exploration SAP,2021-04-30,14:46:45,00:00:02
stefano.crapanzano@chu.ulg.ac.be,Nom de l'utilisateur ds fiche utilisateur (2),Exploration SAP,2021-04-30,10:24:24,00:00:04
stefano.crapanzano@chu.ulg.ac.be,Nom de l'utilisateur ds fiche utilisateur (2)    3 Entrées trouvées,Exploration SAP,2021-04-30,10:24:29,00:00:02
stefano.crapanzano@chu.ulg.ac.be,Documents de modification pour utilisateurs,Exploration SAP,2021-04-30,10:24:39,00:07:19
stefano.crapanzano@chu.ulg.ac.be,Documents de modification pour utilisateurs,Exploration SAP,2021-04-30,10:44:59,00:00:03
stefano.crapanzano@chu.ulg.ac.be,Bureau - Google Sheets - Google Chrome,Tâches diverses,2021-04-30,10:31:59,00:00:06
stefano.crapanzano@chu.ulg.ac.be,Bureau - Google Sheets - Google Chrome,Tâches diverses,2021-04-30,10:51:33,00:00:02
stefano.crapanzano@chu.ulg.ac.be,Bureau - Google Sheets - Google Chrome,Tâches diverses,2021-04-30,10:51:54,00:00:04
stefano.crapanzano@chu.ulg.ac.be,Bureau - Google Sheets - Google Chrome,Tâches diverses,2021-04-30,10:52:11,00:00:03
stefano.crapanzano@chu.ulg.ac.be,Bureau - Google Sheets - Google Chrome,Tâches diverses,2021-04-30,10:52:28,00:00:38
stefano.crapanzano@chu.ulg.ac.be,Extended My Requests - All requests - Service Desk - Google Chrome,Tâches diverses,2021-04-30,10:32:05,00:00:02
stefano.crapanzano@chu.ulg.ac.be,Extended My Requests - All requests - Service Desk - Google Chrome,Tâches diverses,2021-04-30,10:32:09,00:00:04
stefano.crapanzano@chu.ulg.ac.be,Demandes - Service d'assistance - Google Chrome,Tâches diverses,2021-04-30,10:32:13,00:00:06
stefano.crapanzano@chu.ulg.ac.be,Demandes - Service d'assistance - Google Chrome,Tâches diverses,2021-04-30,10:32:46,00:00:03
stefano.crapanzano@chu.ulg.ac.be,Demandes - Service d'assistance - Google Chrome,Tâches diverses,2021-04-30,10:32:58,00:00:03
stefano.crapanzano@chu.ulg.ac.be,Demandes - Service d'assistance - Google Chrome,Tâches diverses,2021-04-30,15:17:32,00:00:02
stefano.crapanzano@chu.ulg.ac.be,Demandes - Service d'assistance - Google Chrome,Tâches diverses,2021-04-30,15:25:21,00:00:02
stefano.crapanzano@chu.ulg.ac.be,Demandes - Service d'assistance - Google Chrome,Tâches diverses,2021-04-30,15:36:29,00:00:02
stefano.crapanzano@chu.ulg.ac.be,P203 CHU Accès à JIRA pour Nathalie Parmantier - Bienvenue! Vous pouvez poser une demande de Service Desk ERP for HealthCare parmi les options fournies. - Service d'assistance - Google Chrome,Tâches diverses,2021-04-30,10:32:19,00:00:27
stefano.crapanzano@chu.ulg.ac.be,P203 CHU Accès à JIRA pour Nathalie Parmantier - Bienvenue! Vous pouvez poser une demande de Service Desk ERP for HealthCare parmi les options fournies. - Service d'assistance - Google Chrome,Tâches diverses,2021-04-30,10:32:50,00:00:07
stefano.crapanzano@chu.ulg.ac.be,Erreur dans USERS_GEN pour une nouvelle utilisatrice - Bienvenue! Vous pouvez poser une demande de Service Desk ERP for HealthCare parmi les options fournies. - Service d'assistance - Google Chrome,Tâches diverses,2021-04-30,10:33:01,00:01:53
stefano.crapanzano@chu.ulg.ac.be,Erreur dans USERS_GEN pour une nouvelle utilisatrice - Bienvenue! Vous pouvez poser une demande de Service Desk ERP for HealthCare parmi les options fournies. - Service d'assistance - Google Chrome,Tâches diverses,2021-04-30,10:44:23,00:00:34
stefano.crapanzano@chu.ulg.ac.be,Erreur dans USERS_GEN pour une nouvelle utilisatrice - Bienvenue! Vous pouvez poser une demande de Service Desk ERP for HealthCare parmi les options fournies. - Service d'assistance - Google Chrome,Tâches diverses,2021-04-30,10:47:26,00:03:07
stefano.crapanzano@chu.ulg.ac.be,Erreur dans USERS_GEN pour une nouvelle utilisatrice - Bienvenue! Vous pouvez poser une demande de Service Desk ERP for HealthCare parmi les options fournies. - Service d'assistance - Google Chrome,Tâches diverses,2021-04-30,10:53:06,00:00:03
stefano.crapanzano@chu.ulg.ac.be,Erreur dans USERS_GEN pour une nouvelle utilisatrice - Bienvenue! Vous pouvez poser une demande de Service Desk ERP for HealthCare parmi les options fournies. - Service d'assistance - Google Chrome,Tâches diverses,2021-04-30,15:17:04,00:00:07
stefano.crapanzano@chu.ulg.ac.be,Service MT - Google Chrome,Tâches diverses,2021-04-30,10:50:33,00:00:21
stefano.crapanzano@chu.ulg.ac.be,Service MT - Google Chrome,Tâches diverses,2021-04-30,10:53:12,00:00:02
stefano.crapanzano@chu.ulg.ac.be,Télétravail (à partir du 11-01-21).xlsx - Excel,Tâches diverses,2021-04-30,10:51:14,00:00:14
stefano.crapanzano@chu.ulg.ac.be,Télétravail (à partir du 11-01-21).xlsx - Excel,Tâches diverses,2021-04-30,10:51:35,00:00:17
stefano.crapanzano@chu.ulg.ac.be,Télétravail (à partir du 11-01-21).xlsx - Excel,Tâches diverses,2021-04-30,10:51:59,00:00:12
stefano.crapanzano@chu.ulg.ac.be,Télétravail (à partir du 11-01-21).xlsx - Excel,Tâches diverses,2021-04-30,10:52:15,00:00:13
stefano.crapanzano@chu.ulg.ac.be,Mon Drive - Google Drive - Google Chrome,Tâches diverses,2021-04-30,10:53:10,00:00:02
stefano.crapanzano@chu.ulg.ac.be,Study Groups - Recherche - Google Chrome,Tâches diverses,2021-04-30,10:53:16,00:00:02
stefano.crapanzano@chu.ulg.ac.be,Study Groups - Recherche - Google Chrome,Tâches diverses,2021-04-30,15:17:02,00:00:02
stefano.crapanzano@chu.ulg.ac.be,SAP GUI for Windows 750,Exploration SAP,2021-04-30,12:47:41,00:18:30
stefano.crapanzano@chu.ulg.ac.be,SAP Logon 750,Helpdesk général,2021-04-30,13:06:14,00:00:09
stefano.crapanzano@chu.ulg.ac.be,Sélection de jobs simple,Exploration SAP,2021-04-30,13:07:19,00:00:07
stefano.crapanzano@chu.ulg.ac.be,Synthèse des jobs,Exploration SAP,2021-04-30,13:07:27,00:00:07
stefano.crapanzano@chu.ulg.ac.be,Synthèse des jobs,Exploration SAP,2021-04-30,13:08:15,00:00:19
stefano.crapanzano@chu.ulg.ac.be,Synthèse des jobs,Exploration SAP,2021-04-30,13:33:32,00:00:02
stefano.crapanzano@chu.ulg.ac.be,Afficher job CARENE300421,Exploration SAP,2021-04-30,13:07:34,00:00:08
stefano.crapanzano@chu.ulg.ac.be,Afficher job CARENE300421,Exploration SAP,2021-04-30,13:07:49,00:00:02
stefano.crapanzano@chu.ulg.ac.be,Afficher job CARENE300421,Exploration SAP,2021-04-30,13:08:07,00:00:07
stefano.crapanzano@chu.ulg.ac.be,Informations détaillées du job CARENE300421,Exploration SAP,2021-04-30,13:07:42,00:00:07
stefano.crapanzano@chu.ulg.ac.be,Aperçu de liste d'étapes,Exploration SAP,2021-04-30,13:07:52,00:00:02
stefano.crapanzano@chu.ulg.ac.be,Aperçu de liste d'étapes,Exploration SAP,2021-04-30,13:08:00,00:00:07
stefano.crapanzano@chu.ulg.ac.be,Afficher étape  1,Exploration SAP,2021-04-30,13:07:54,00:00:06
stefano.crapanzano@chu.ulg.ac.be,Paramètres des comptes Courrier et Groupes - Mozilla Thunderbird,Helpdesk général,2021-04-30,13:12:48,00:00:03
stefano.crapanzano@chu.ulg.ac.be,Paramètres des comptes Courrier et Groupes - Mozilla Thunderbird,Helpdesk général,2021-04-30,13:12:53,00:00:22
stefano.crapanzano@chu.ulg.ac.be,Paramètres des comptes Courrier et Groupes - Mozilla Thunderbird,Helpdesk général,2021-04-30,15:52:44,00:00:02
stefano.crapanzano@chu.ulg.ac.be,Rédaction : Re: Tickets ouverts SAP - Thunderbird,Helpdesk général,2021-04-30,15:12:07,00:00:03
stefano.crapanzano@chu.ulg.ac.be,Rédaction : Re: Tickets ouverts SAP - Thunderbird,Helpdesk général,2021-04-30,15:12:25,00:00:21
stefano.crapanzano@chu.ulg.ac.be,Joindre les fichiers,Helpdesk général,2021-04-30,15:12:15,00:00:04
stefano.crapanzano@chu.ulg.ac.be,Joindre les fichiers,Helpdesk général,2021-04-30,15:12:22,00:00:02
stefano.crapanzano@chu.ulg.ac.be,Joindre les fichiers,Helpdesk général,2021-04-30,16:06:38,00:00:12
stefano.crapanzano@chu.ulg.ac.be,Joindre les fichiers,Helpdesk général,2021-04-30,17:05:27,00:00:03
stefano.crapanzano@chu.ulg.ac.be,Joindre les fichiers,Helpdesk général,2021-04-30,17:05:53,00:00:02
stefano.crapanzano@chu.ulg.ac.be,Netop Invité,Helpdesk général,2021-04-30,15:14:06,00:00:20
stefano.crapanzano@chu.ulg.ac.be,Netop Invité,Helpdesk général,2021-04-30,15:25:15,00:00:03
stefano.crapanzano@chu.ulg.ac.be,Netop,Helpdesk général,2021-04-30,15:25:11,00:00:03
stefano.crapanzano@chu.ulg.ac.be,Connexion à l'aide de l'authentification Windows,Helpdesk général,2021-04-30,15:14:50,00:00:03
stefano.crapanzano@chu.ulg.ac.be,df-lx-0011 - Netop Remote Control,Helpdesk général,2021-04-30,15:14:55,00:02:04
stefano.crapanzano@chu.ulg.ac.be,df-lx-0011 - Netop Remote Control,Helpdesk général,2021-04-30,15:17:13,00:00:15
stefano.crapanzano@chu.ulg.ac.be,df-lx-0011 - Netop Remote Control,Helpdesk général,2021-04-30,15:17:35,00:06:36
stefano.crapanzano@chu.ulg.ac.be,df-lx-0011 - Netop Remote Control,Helpdesk général,2021-04-30,15:24:19,00:00:51
stefano.crapanzano@chu.ulg.ac.be,SDERP-18394 P203 CHU Accès à JIRA pour Nathalie Parmantier - Mozilla Thunderbird,Helpdesk général,2021-04-30,15:42:59,00:00:25
stefano.crapanzano@chu.ulg.ac.be,GOAL_NOUVEAUX ARTICLES - Mozilla Thunderbird,Helpdesk général,2021-04-30,15:48:18,00:04:26
stefano.crapanzano@chu.ulg.ac.be,GOAL_NOUVEAUX ARTICLES - Mozilla Thunderbird,Helpdesk général,2021-04-30,15:53:00,00:00:03
stefano.crapanzano@chu.ulg.ac.be,GOAL_NOUVEAUX ARTICLES - Mozilla Thunderbird,Helpdesk général,2021-04-30,16:06:14,00:00:05
stefano.crapanzano@chu.ulg.ac.be,GOAL_NOUVEAUX ARTICLES - Mozilla Thunderbird,Helpdesk général,2021-04-30,16:06:30,00:00:03
stefano.crapanzano@chu.ulg.ac.be,GOAL_NOUVEAUX ARTICLES - Mozilla Thunderbird,Helpdesk général,2021-04-30,16:10:08,00:00:02
stefano.crapanzano@chu.ulg.ac.be,GOAL_NOUVEAUX ARTICLES - Mozilla Thunderbird,Helpdesk général,2021-04-30,16:11:54,00:00:02
stefano.crapanzano@chu.ulg.ac.be,GOAL_NOUVEAUX ARTICLES - Mozilla Thunderbird,Helpdesk général,2021-04-30,16:22:58,00:00:07
stefano.crapanzano@chu.ulg.ac.be,GOAL_NOUVEAUX ARTICLES - Mozilla Thunderbird,Helpdesk général,2021-04-30,16:25:00,00:00:02
stefano.crapanzano@chu.ulg.ac.be,GOAL_NOUVEAUX ARTICLES - Mozilla Thunderbird,Helpdesk général,2021-04-30,17:05:04,00:00:02
stefano.crapanzano@chu.ulg.ac.be,GOAL_NOUVEAUX ARTICLES - Mozilla Thunderbird,Helpdesk général,2021-04-30,17:05:21,00:00:03
stefano.crapanzano@chu.ulg.ac.be,GOAL_NOUVEAUX ARTICLES - Mozilla Thunderbird,Helpdesk général,2021-04-30,17:08:20,00:00:07
stefano.crapanzano@chu.ulg.ac.be,GOAL_NOUVEAUX ARTICLES - Mozilla Thunderbird,Helpdesk général,2021-04-30,17:08:38,00:00:27
stefano.crapanzano@chu.ulg.ac.be,GOAL_NOUVEAUX ARTICLES - Mozilla Thunderbird,Helpdesk général,2021-04-30,17:10:31,00:00:15
stefano.crapanzano@chu.ulg.ac.be,Enregistrer toutes les pièces jointes,Helpdesk général,2021-04-30,15:53:12,00:00:02
stefano.crapanzano@chu.ulg.ac.be,Enregistrer toutes les pièces jointes,Helpdesk général,2021-04-30,15:53:25,00:00:04
stefano.crapanzano@chu.ulg.ac.be,GOAL_NOUVEAUX/ANCIENS ARTICLES - Mozilla Thunderbird,Helpdesk général,2021-04-30,15:53:49,00:00:29
stefano.crapanzano@chu.ulg.ac.be,GOAL_NOUVEAUX/ANCIENS ARTICLES - Mozilla Thunderbird,Helpdesk général,2021-04-30,15:57:05,00:00:08
stefano.crapanzano@chu.ulg.ac.be,GOAL_NOUVEAUX/ANCIENS ARTICLES - Mozilla Thunderbird,Helpdesk général,2021-04-30,15:58:05,00:00:06
stefano.crapanzano@chu.ulg.ac.be,GOAL_NOUVEAUX/ANCIENS ARTICLES - Mozilla Thunderbird,Helpdesk général,2021-04-30,16:00:31,00:00:05
stefano.crapanzano@chu.ulg.ac.be,GOAL_NOUVEAUX/ANCIENS ARTICLES - Mozilla Thunderbird,Helpdesk général,2021-04-30,16:00:53,00:00:02
stefano.crapanzano@chu.ulg.ac.be,GOAL_NOUVEAUX/ANCIENS ARTICLES - Mozilla Thunderbird,Helpdesk général,2021-04-30,16:01:14,00:00:03
stefano.crapanzano@chu.ulg.ac.be,GOAL_NOUVEAUX/ANCIENS ARTICLES - Mozilla Thunderbird,Helpdesk général,2021-04-30,16:01:29,00:00:14
stefano.crapanzano@chu.ulg.ac.be,GOAL_NOUVEAUX/ANCIENS ARTICLES - Mozilla Thunderbird,Helpdesk général,2021-04-30,16:01:55,00:00:04
stefano.crapanzano@chu.ulg.ac.be,GOAL_NOUVEAUX/ANCIENS ARTICLES - Mozilla Thunderbird,Helpdesk général,2021-04-30,16:05:44,00:00:02
stefano.crapanzano@chu.ulg.ac.be,GOAL_NOUVEAUX/ANCIENS ARTICLES - Mozilla Thunderbird,Helpdesk général,2021-04-30,16:10:05,00:00:02
stefano.crapanzano@chu.ulg.ac.be,baé - Mozilla Thunderbird,Helpdesk général,2021-04-30,15:54:35,00:00:02
stefano.crapanzano@chu.ulg.ac.be,baré - Mozilla Thunderbird,Helpdesk général,2021-04-30,15:54:37,00:01:12
stefano.crapanzano@chu.ulg.ac.be,baré - Mozilla Thunderbird,Helpdesk général,2021-04-30,15:55:56,00:00:03
stefano.crapanzano@chu.ulg.ac.be,liste anciens paniers GOAL - Mozilla Thunderbird,Helpdesk général,2021-04-30,15:55:49,00:00:07
stefano.crapanzano@chu.ulg.ac.be,articles nouveaux baré - Mozilla Thunderbird,Helpdesk général,2021-04-30,15:56:17,00:00:06
stefano.crapanzano@chu.ulg.ac.be,Procédure de recherche des anciens paniers pour lesquels les articles ont changé de numéro d'article - Mozilla Thunderbird,Helpdesk général,2021-04-30,15:56:23,00:00:14
stefano.crapanzano@chu.ulg.ac.be,Procédure de recherche des anciens paniers pour lesquels les articles ont changé de numéro d'article - Mozilla Thunderbird,Helpdesk général,2021-04-30,15:57:13,00:00:02
stefano.crapanzano@chu.ulg.ac.be,Procédure de recherche des anciens paniers pour lesquels les articles ont changé de numéro d'article - Mozilla Thunderbird,Helpdesk général,2021-04-30,15:58:03,00:00:02
stefano.crapanzano@chu.ulg.ac.be,Procédure de recherche des anciens paniers pour lesquels les articles ont changé de numéro d'article - Mozilla Thunderbird,Helpdesk général,2021-04-30,16:00:38,00:00:03
stefano.crapanzano@chu.ulg.ac.be,Procédure de recherche des anciens paniers pour lesquels les articles ont changé de numéro d'article - Mozilla Thunderbird,Helpdesk général,2021-04-30,16:00:47,00:00:04
stefano.crapanzano@chu.ulg.ac.be,Ouverture de procedure_recherche_art_qui_ont_changé_de_numero_27042021.docx,Helpdesk général,2021-04-30,15:56:37,00:00:02
stefano.crapanzano@chu.ulg.ac.be,Ouverture de 20210426_LISTE NOUVEAUX NUMEROS_WART_WOAR_V01.xlsx,Helpdesk général,2021-04-30,15:58:11,00:00:02
stefano.crapanzano@chu.ulg.ac.be,Excel,Tâches diverses,2021-04-30,15:58:18,00:00:02
stefano.crapanzano@chu.ulg.ac.be,20210426_LISTE NOUVEAUX NUMEROS_WART_WOAR_V01.xlsx  [Mode protégé] - Excel,Tâches diverses,2021-04-30,15:58:21,00:00:04
stefano.crapanzano@chu.ulg.ac.be,20210426_LISTE NOUVEAUX NUMEROS_WART_WOAR_V01.xlsx  [Lecture seule] - Excel,Tâches diverses,2021-04-30,15:58:27,00:00:17
stefano.crapanzano@chu.ulg.ac.be,20210426_LISTE NOUVEAUX NUMEROS_WART_WOAR_V01.xlsx  [Lecture seule] - Excel,Tâches diverses,2021-04-30,15:59:02,00:00:02
stefano.crapanzano@chu.ulg.ac.be,20210426_LISTE NOUVEAUX NUMEROS_WART_WOAR_V01.xlsx  [Lecture seule] - Excel,Tâches diverses,2021-04-30,16:00:44,00:00:02
stefano.crapanzano@chu.ulg.ac.be,20210426_LISTE NOUVEAUX NUMEROS_WART_WOAR_V01.xlsx  [Lecture seule] - Excel,Tâches diverses,2021-04-30,16:03:11,00:00:16
stefano.crapanzano@chu.ulg.ac.be,20210426_LISTE NOUVEAUX NUMEROS_WART_WOAR_V01.xlsx  [Lecture seule] - Excel,Tâches diverses,2021-04-30,16:07:13,00:00:02
stefano.crapanzano@chu.ulg.ac.be,20210426_LISTE NOUVEAUX NUMEROS_WART_WOAR_V01.xlsx  [Lecture seule] - Excel,Tâches diverses,2021-04-30,16:11:25,00:00:03
stefano.crapanzano@chu.ulg.ac.be,20210426_LISTE NOUVEAUX NUMEROS_WART_WOAR_V01.xlsx  [Lecture seule] - Excel,Tâches diverses,2021-04-30,16:11:38,00:00:04
stefano.crapanzano@chu.ulg.ac.be,20210426_LISTE NOUVEAUX NUMEROS_WART_WOAR_V01.xlsx  [Lecture seule] - Excel,Tâches diverses,2021-04-30,16:12:27,00:00:07
stefano.crapanzano@chu.ulg.ac.be,20210426_LISTE NOUVEAUX NUMEROS_WART_WOAR_V01.xlsx  [Lecture seule] - Excel,Tâches diverses,2021-04-30,16:13:07,00:00:02
stefano.crapanzano@chu.ulg.ac.be,20210426_LISTE NOUVEAUX NUMEROS_WART_WOAR_V01.xlsx  [Lecture seule] - Excel,Tâches diverses,2021-04-30,16:45:20,00:00:08
stefano.crapanzano@chu.ulg.ac.be,20210426_LISTE NOUVEAUX NUMEROS_WART_WOAR_V01.xlsx  [Lecture seule] - Excel,Tâches diverses,2021-04-30,16:57:12,00:00:02
stefano.crapanzano@chu.ulg.ac.be,Rapport historique de paniers,Exploration SAP,2021-04-30,15:59:11,00:00:09
stefano.crapanzano@chu.ulg.ac.be,Rapport historique de paniers,Exploration SAP,2021-04-30,15:59:30,00:00:02
stefano.crapanzano@chu.ulg.ac.be,Rapport historique de paniers,Exploration SAP,2021-04-30,15:59:35,00:00:06
stefano.crapanzano@chu.ulg.ac.be,Rapport historique de paniers,Exploration SAP,2021-04-30,15:59:44,00:00:02
stefano.crapanzano@chu.ulg.ac.be,Rapport historique de paniers,Exploration SAP,2021-04-30,15:59:58,00:00:07
stefano.crapanzano@chu.ulg.ac.be,Rapport historique de paniers,Exploration SAP,2021-04-30,16:00:10,00:00:03
stefano.crapanzano@chu.ulg.ac.be,Sélection multiple pour Article,Exploration SAP,2021-04-30,15:59:20,00:00:04
stefano.crapanzano@chu.ulg.ac.be,Gestion des options de sélection,Exploration SAP,2021-04-30,15:59:33,00:00:02
stefano.crapanzano@chu.ulg.ac.be,Sélection du calcul avec tableur,Exploration SAP,2021-04-30,16:00:18,00:00:04
stefano.crapanzano@chu.ulg.ac.be,Enregistrer sous,Exploration SAP,2021-04-30,16:00:22,00:00:07
stefano.crapanzano@chu.ulg.ac.be,Enregistrer sous,Exploration SAP,2021-04-30,16:02:02,00:00:09
stefano.crapanzano@chu.ulg.ac.be,Enregistrer sous,Exploration SAP,2021-04-30,16:02:15,00:00:09
stefano.crapanzano@chu.ulg.ac.be,Enregistrer sous,Tâches diverses,2021-04-30,16:26:04,00:00:07
stefano.crapanzano@chu.ulg.ac.be,Enregistrer sous,Tâches diverses,2021-04-30,16:38:06,00:00:09
stefano.crapanzano@chu.ulg.ac.be,Enregistrer sous,Tâches diverses,2021-04-30,16:38:35,00:00:08
stefano.crapanzano@chu.ulg.ac.be,Enregistrer sous,Tâches diverses,2021-04-30,16:55:01,00:00:17
stefano.crapanzano@chu.ulg.ac.be,Enregistrer sous,Tâches diverses,2021-04-30,17:04:21,00:00:15
stefano.crapanzano@chu.ulg.ac.be,Sécurité SAP GUI,Exploration SAP,2021-04-30,16:02:25,00:00:04
stefano.crapanzano@chu.ulg.ac.be,export_wart_woar.XLSX - Excel,Tâches diverses,2021-04-30,16:03:31,00:00:03
stefano.crapanzano@chu.ulg.ac.be,export_wart_woar.XLSX - Excel,Tâches diverses,2021-04-30,16:03:37,00:00:13
stefano.crapanzano@chu.ulg.ac.be,export_wart_woar.XLSX - Excel,Tâches diverses,2021-04-30,16:04:07,00:00:45
stefano.crapanzano@chu.ulg.ac.be,export_wart_woar.XLSX - Excel,Tâches diverses,2021-04-30,16:05:03,00:00:22
stefano.crapanzano@chu.ulg.ac.be,export_wart_woar.XLSX - Excel,Tâches diverses,2021-04-30,16:05:31,00:00:04
stefano.crapanzano@chu.ulg.ac.be,export_wart_woar.XLSX - Excel,Tâches diverses,2021-04-30,16:07:27,00:00:10
stefano.crapanzano@chu.ulg.ac.be,export_wart_woar.XLSX - Excel,Tâches diverses,2021-04-30,16:08:13,00:00:20
stefano.crapanzano@chu.ulg.ac.be,export_wart_woar.XLSX - Excel,Tâches diverses,2021-04-30,16:08:35,00:00:10
stefano.crapanzano@chu.ulg.ac.be,export_wart_woar.XLSX - Excel,Tâches diverses,2021-04-30,16:08:48,00:00:02
stefano.crapanzano@chu.ulg.ac.be,export_wart_woar.XLSX - Excel,Tâches diverses,2021-04-30,16:08:52,00:00:07
stefano.crapanzano@chu.ulg.ac.be,export_wart_woar.XLSX - Excel,Tâches diverses,2021-04-30,16:09:16,00:00:02
stefano.crapanzano@chu.ulg.ac.be,export_wart_woar.XLSX - Excel,Tâches diverses,2021-04-30,16:09:28,00:00:02
stefano.crapanzano@chu.ulg.ac.be,export_wart_woar.XLSX - Excel,Tâches diverses,2021-04-30,16:09:34,00:00:04
stefano.crapanzano@chu.ulg.ac.be,export_wart_woar.XLSX - Excel,Tâches diverses,2021-04-30,16:10:00,00:00:03
stefano.crapanzano@chu.ulg.ac.be,export_wart_woar.XLSX - Excel,Tâches diverses,2021-04-30,16:10:39,00:00:44
stefano.crapanzano@chu.ulg.ac.be,export_wart_woar.XLSX - Excel,Tâches diverses,2021-04-30,16:11:33,00:00:04
stefano.crapanzano@chu.ulg.ac.be,export_wart_woar.XLSX - Excel,Tâches diverses,2021-04-30,16:11:44,00:00:04
stefano.crapanzano@chu.ulg.ac.be,export_wart_woar.XLSX - Excel,Tâches diverses,2021-04-30,16:12:22,00:00:02
stefano.crapanzano@chu.ulg.ac.be,export_wart_woar.XLSX - Excel,Tâches diverses,2021-04-30,16:12:36,00:00:25
stefano.crapanzano@chu.ulg.ac.be,export_wart_woar.XLSX - Excel,Tâches diverses,2021-04-30,16:13:09,00:01:15
stefano.crapanzano@chu.ulg.ac.be,export_wart_woar.XLSX - Excel,Tâches diverses,2021-04-30,16:14:28,00:02:52
stefano.crapanzano@chu.ulg.ac.be,export_wart_woar.XLSX - Excel,Tâches diverses,2021-04-30,16:17:22,00:00:22
stefano.crapanzano@chu.ulg.ac.be,export_wart_woar.XLSX - Excel,Tâches diverses,2021-04-30,16:17:48,00:01:24
stefano.crapanzano@chu.ulg.ac.be,export_wart_woar.XLSX - Excel,Tâches diverses,2021-04-30,16:19:25,00:00:08
stefano.crapanzano@chu.ulg.ac.be,export_wart_woar.XLSX - Excel,Tâches diverses,2021-04-30,16:19:36,00:01:33
stefano.crapanzano@chu.ulg.ac.be,export_wart_woar.XLSX - Excel,Tâches diverses,2021-04-30,16:21:12,00:00:16
stefano.crapanzano@chu.ulg.ac.be,export_wart_woar.XLSX - Excel,Tâches diverses,2021-04-30,16:21:30,00:00:42
stefano.crapanzano@chu.ulg.ac.be,export_wart_woar.XLSX - Excel,Tâches diverses,2021-04-30,16:22:13,00:00:43
stefano.crapanzano@chu.ulg.ac.be,export_wart_woar.XLSX - Excel,Tâches diverses,2021-04-30,16:23:05,00:01:52
stefano.crapanzano@chu.ulg.ac.be,export_wart_woar.XLSX - Excel,Tâches diverses,2021-04-30,16:26:31,00:00:18
stefano.crapanzano@chu.ulg.ac.be,export_wart_woar.XLSX - Excel,Tâches diverses,2021-04-30,16:27:01,00:00:02
stefano.crapanzano@chu.ulg.ac.be,export_wart_woar.XLSX - Excel,Tâches diverses,2021-04-30,16:27:06,00:00:04
stefano.crapanzano@chu.ulg.ac.be,export_wart_woar.XLSX - Excel,Tâches diverses,2021-04-30,16:27:15,00:00:03
stefano.crapanzano@chu.ulg.ac.be,export_wart_woar.XLSX - Excel,Tâches diverses,2021-04-30,16:27:26,00:00:04
stefano.crapanzano@chu.ulg.ac.be,export_wart_woar.XLSX - Excel,Tâches diverses,2021-04-30,16:27:37,00:00:02
stefano.crapanzano@chu.ulg.ac.be,export_wart_woar.XLSX - Excel,Tâches diverses,2021-04-30,16:27:47,00:00:02
stefano.crapanzano@chu.ulg.ac.be,export_wart_woar.XLSX - Excel,Tâches diverses,2021-04-30,16:28:05,00:00:02
stefano.crapanzano@chu.ulg.ac.be,export_wart_woar.XLSX - Excel,Tâches diverses,2021-04-30,16:28:18,00:00:28
stefano.crapanzano@chu.ulg.ac.be,export_wart_woar.XLSX - Excel,Tâches diverses,2021-04-30,16:28:49,00:02:24
stefano.crapanzano@chu.ulg.ac.be,export_wart_woar.XLSX - Excel,Tâches diverses,2021-04-30,16:31:20,00:00:19
stefano.crapanzano@chu.ulg.ac.be,export_wart_woar.XLSX - Excel,Tâches diverses,2021-04-30,16:31:41,00:00:18
stefano.crapanzano@chu.ulg.ac.be,export_wart_woar.XLSX - Excel,Tâches diverses,2021-04-30,16:32:00,00:00:04
stefano.crapanzano@chu.ulg.ac.be,export_wart_woar.XLSX - Excel,Tâches diverses,2021-04-30,16:32:06,00:00:15
stefano.crapanzano@chu.ulg.ac.be,export_wart_woar.XLSX - Excel,Tâches diverses,2021-04-30,16:32:24,00:00:28
stefano.crapanzano@chu.ulg.ac.be,export_wart_woar.XLSX - Excel,Tâches diverses,2021-04-30,16:32:57,00:00:33
stefano.crapanzano@chu.ulg.ac.be,export_wart_woar.XLSX - Excel,Tâches diverses,2021-04-30,16:33:33,00:00:50
stefano.crapanzano@chu.ulg.ac.be,export_wart_woar.XLSX - Excel,Tâches diverses,2021-04-30,16:34:25,00:02:31
stefano.crapanzano@chu.ulg.ac.be,export_wart_woar.XLSX - Excel,Tâches diverses,2021-04-30,16:37:33,00:00:25
stefano.crapanzano@chu.ulg.ac.be,export_wart_woar.XLSX - Excel,Tâches diverses,2021-04-30,16:38:00,00:00:06
stefano.crapanzano@chu.ulg.ac.be,export_wart_woar.XLSX - Excel,Tâches diverses,2021-04-30,16:45:40,00:00:05
stefano.crapanzano@chu.ulg.ac.be,export_wart_woar.XLSX - Excel,Tâches diverses,2021-04-30,16:54:13,00:00:47
stefano.crapanzano@chu.ulg.ac.be,export_wart_woar.XLSX - Excel,Tâches diverses,2021-04-30,17:10:01,00:00:18
stefano.crapanzano@chu.ulg.ac.be,Active Directory Users and Computers,IT,2021-04-30,16:02:43,00:00:02
stefano.crapanzano@chu.ulg.ac.be,Ouverture de 20210426_LISTE NOUVEAUX NUMEROS_NART_V01.xlsx,Helpdesk général,2021-04-30,16:05:47,00:00:03
stefano.crapanzano@chu.ulg.ac.be,20210426_LISTE NOUVEAUX NUMEROS_NART_V01.xlsx  [Mode protégé] - Excel,Tâches diverses,2021-04-30,16:05:51,00:00:06
stefano.crapanzano@chu.ulg.ac.be,20210426_LISTE NOUVEAUX NUMEROS_NART_V01.xlsx  [Lecture seule] - Excel,Tâches diverses,2021-04-30,16:05:57,00:00:07
stefano.crapanzano@chu.ulg.ac.be,20210426_LISTE NOUVEAUX NUMEROS_NART_V01.xlsx  [Lecture seule] - Excel,Tâches diverses,2021-04-30,16:06:23,00:00:04
stefano.crapanzano@chu.ulg.ac.be,Rédaction : Re: GOAL_NOUVEAUX ARTICLES - Thunderbird,Helpdesk général,2021-04-30,16:06:33,00:00:04
stefano.crapanzano@chu.ulg.ac.be,Rédaction : Re: GOAL_NOUVEAUX ARTICLES - Thunderbird,Helpdesk général,2021-04-30,16:06:50,00:00:19
stefano.crapanzano@chu.ulg.ac.be,Rédaction : Re: GOAL_NOUVEAUX ARTICLES - Thunderbird,Helpdesk général,2021-04-30,16:07:46,00:00:25
stefano.crapanzano@chu.ulg.ac.be,Rédaction : Re: GOAL_NOUVEAUX ARTICLES - Thunderbird,Helpdesk général,2021-04-30,16:09:00,00:00:15
stefano.crapanzano@chu.ulg.ac.be,Rédaction : Re: GOAL_NOUVEAUX ARTICLES - Thunderbird,Helpdesk général,2021-04-30,16:09:19,00:00:08
stefano.crapanzano@chu.ulg.ac.be,Rédaction : Re: GOAL_NOUVEAUX ARTICLES - Thunderbird,Helpdesk général,2021-04-30,16:09:30,00:00:03
stefano.crapanzano@chu.ulg.ac.be,Rédaction : Re: GOAL_NOUVEAUX ARTICLES - Thunderbird,Helpdesk général,2021-04-30,16:09:38,00:00:14
stefano.crapanzano@chu.ulg.ac.be,Rédaction : Re: GOAL_NOUVEAUX ARTICLES - Thunderbird,Helpdesk général,2021-04-30,16:11:56,00:00:23
stefano.crapanzano@chu.ulg.ac.be,Rédaction : Re: GOAL_NOUVEAUX ARTICLES - Thunderbird,Helpdesk général,2021-04-30,17:05:25,00:00:02
stefano.crapanzano@chu.ulg.ac.be,Rédaction : Re: GOAL_NOUVEAUX ARTICLES - Thunderbird,Helpdesk général,2021-04-30,17:05:56,00:01:30
stefano.crapanzano@chu.ulg.ac.be,Microsoft Excel,Tâches diverses,2021-04-30,16:07:18,00:00:02
stefano.crapanzano@chu.ulg.ac.be,Microsoft Excel,Tâches diverses,2021-04-30,16:21:10,00:00:02
stefano.crapanzano@chu.ulg.ac.be,Microsoft Excel,Tâches diverses,2021-04-30,16:38:16,00:00:09
stefano.crapanzano@chu.ulg.ac.be,Microsoft Excel,Tâches diverses,2021-04-30,16:38:43,00:00:03
stefano.crapanzano@chu.ulg.ac.be,Microsoft Excel,Tâches diverses,2021-04-30,16:55:23,00:00:02
stefano.crapanzano@chu.ulg.ac.be,Rechercher et remplacer,Tâches diverses,2021-04-30,16:08:46,00:00:02
stefano.crapanzano@chu.ulg.ac.be,Rechercher et remplacer,Tâches diverses,2021-04-30,16:11:28,00:00:03
stefano.crapanzano@chu.ulg.ac.be,Rechercher et remplacer,Tâches diverses,2021-04-30,16:14:25,00:00:03
stefano.crapanzano@chu.ulg.ac.be,Rechercher et remplacer,Tâches diverses,2021-04-30,16:27:59,00:00:02
stefano.crapanzano@chu.ulg.ac.be,Rechercher et remplacer,Tâches diverses,2021-04-30,16:28:15,00:00:03
stefano.crapanzano@chu.ulg.ac.be,Rechercher et remplacer,Tâches diverses,2021-04-30,16:28:47,00:00:02
stefano.crapanzano@chu.ulg.ac.be,Rechercher et remplacer,Tâches diverses,2021-04-30,16:31:39,00:00:02
stefano.crapanzano@chu.ulg.ac.be,Rechercher et remplacer,Tâches diverses,2021-04-30,16:33:30,00:00:02
stefano.crapanzano@chu.ulg.ac.be,Rechercher et remplacer,Tâches diverses,2021-04-30,16:46:08,00:00:17
stefano.crapanzano@chu.ulg.ac.be,Vérification de l’orthographe,Helpdesk général,2021-04-30,16:09:53,00:00:02
stefano.crapanzano@chu.ulg.ac.be,Vérification de l’orthographe,Helpdesk général,2021-04-30,17:07:44,00:00:02
stefano.crapanzano@chu.ulg.ac.be,Format de cellule,Tâches diverses,2021-04-30,16:17:44,00:00:03
stefano.crapanzano@chu.ulg.ac.be,Format de cellule,Tâches diverses,2021-04-30,16:19:34,00:00:02
stefano.crapanzano@chu.ulg.ac.be,Format de cellule,Tâches diverses,2021-04-30,16:31:14,00:00:06
stefano.crapanzano@chu.ulg.ac.be,Format de cellule,Tâches diverses,2021-04-30,16:32:22,00:00:02
stefano.crapanzano@chu.ulg.ac.be,Format de cellule,Tâches diverses,2021-04-30,16:32:53,00:00:03
stefano.crapanzano@chu.ulg.ac.be,Format de cellule,Tâches diverses,2021-04-30,16:34:23,00:00:02
stefano.crapanzano@chu.ulg.ac.be,Évaluer la formule,Tâches diverses,2021-04-30,16:19:12,00:00:13
stefano.crapanzano@chu.ulg.ac.be,Ouverture de export_wart_woar.XLSX,Helpdesk général,2021-04-30,16:25:02,00:00:02
stefano.crapanzano@chu.ulg.ac.be,export_wart_woar.XLSX  [Mode protégé] - Excel,Tâches diverses,2021-04-30,16:25:04,00:00:04
stefano.crapanzano@chu.ulg.ac.be,export_wart_woar.XLSX  [Lecture seule] - Excel,Tâches diverses,2021-04-30,16:25:09,00:00:44
stefano.crapanzano@chu.ulg.ac.be,export_wart_woar.XLSX  [Lecture seule] - Excel,Tâches diverses,2021-04-30,16:25:56,00:00:08
stefano.crapanzano@chu.ulg.ac.be,Copie de export_wart_woar_envoye_a_gilles.xlsx - Excel,Tâches diverses,2021-04-30,16:26:27,00:00:03
stefano.crapanzano@chu.ulg.ac.be,Copie de export_wart_woar_envoye_a_gilles.xlsx - Excel,Tâches diverses,2021-04-30,16:26:52,00:00:04
stefano.crapanzano@chu.ulg.ac.be,Copie de export_wart_woar_envoye_a_gilles.xlsx - Excel,Tâches diverses,2021-04-30,16:26:59,00:00:02
stefano.crapanzano@chu.ulg.ac.be,Copie de export_wart_woar_envoye_a_gilles.xlsx - Excel,Tâches diverses,2021-04-30,16:27:04,00:00:02
stefano.crapanzano@chu.ulg.ac.be,Copie de export_wart_woar_envoye_a_gilles.xlsx - Excel,Tâches diverses,2021-04-30,16:27:11,00:00:03
stefano.crapanzano@chu.ulg.ac.be,Copie de export_wart_woar_envoye_a_gilles.xlsx - Excel,Tâches diverses,2021-04-30,16:27:23,00:00:03
stefano.crapanzano@chu.ulg.ac.be,Copie de export_wart_woar_envoye_a_gilles.xlsx - Excel,Tâches diverses,2021-04-30,16:27:31,00:00:02
stefano.crapanzano@chu.ulg.ac.be,Copie de export_wart_woar_envoye_a_gilles.xlsx - Excel,Tâches diverses,2021-04-30,16:27:35,00:00:02
stefano.crapanzano@chu.ulg.ac.be,Copie de export_wart_woar_envoye_a_gilles.xlsx - Excel,Tâches diverses,2021-04-30,16:27:40,00:00:02
stefano.crapanzano@chu.ulg.ac.be,Copie de export_wart_woar_envoye_a_gilles.xlsx - Excel,Tâches diverses,2021-04-30,16:27:49,00:00:09
stefano.crapanzano@chu.ulg.ac.be,Copie de export_wart_woar_envoye_a_gilles.xlsx - Excel,Tâches diverses,2021-04-30,16:28:01,00:00:03
stefano.crapanzano@chu.ulg.ac.be,Copie de export_wart_woar_envoye_a_gilles.xlsx - Excel,Tâches diverses,2021-04-30,16:28:07,00:00:06
stefano.crapanzano@chu.ulg.ac.be,Copie de export_wart_woar_envoye_a_gilles.xlsx - Excel,Tâches diverses,2021-04-30,16:45:01,00:00:07
stefano.crapanzano@chu.ulg.ac.be,Copie de export_wart_woar_envoye_a_gilles.xlsx - Excel,Tâches diverses,2021-04-30,16:45:09,00:00:09
stefano.crapanzano@chu.ulg.ac.be,Copie de export_wart_woar_envoye_a_gilles.xlsx - Excel,Tâches diverses,2021-04-30,16:45:47,00:00:21
stefano.crapanzano@chu.ulg.ac.be,Copie de export_wart_woar_envoye_a_gilles.xlsx - Excel,Tâches diverses,2021-04-30,16:46:26,00:00:08
stefano.crapanzano@chu.ulg.ac.be,Programmation,IT,2021-04-30,16:36:57,00:00:35
stefano.crapanzano@chu.ulg.ac.be,Programmation,IT,2021-04-30,16:38:48,00:00:22
stefano.crapanzano@chu.ulg.ac.be,Programmation,IT,2021-04-30,16:39:55,00:01:09
stefano.crapanzano@chu.ulg.ac.be,Programmation,IT,2021-04-30,16:41:13,00:01:33
stefano.crapanzano@chu.ulg.ac.be,Programmation,IT,2021-04-30,16:43:19,00:00:07
stefano.crapanzano@chu.ulg.ac.be,Programmation,IT,2021-04-30,16:43:33,00:00:12
stefano.crapanzano@chu.ulg.ac.be,Programmation,IT,2021-04-30,16:43:48,00:00:18
stefano.crapanzano@chu.ulg.ac.be,Programmation,IT,2021-04-30,16:44:12,00:00:04
stefano.crapanzano@chu.ulg.ac.be,Programmation,IT,2021-04-30,16:44:17,00:00:18
stefano.crapanzano@chu.ulg.ac.be,Programmation,IT,2021-04-30,16:44:45,00:00:12
stefano.crapanzano@chu.ulg.ac.be,Programmation,IT,2021-04-30,16:46:37,00:05:40
stefano.crapanzano@chu.ulg.ac.be,Programmation,IT,2021-04-30,16:52:40,00:00:37
stefano.crapanzano@chu.ulg.ac.be,Programmation,IT,2021-04-30,16:55:27,00:00:32
stefano.crapanzano@chu.ulg.ac.be,Programmation,IT,2021-04-30,16:58:55,00:00:27
stefano.crapanzano@chu.ulg.ac.be,Programmation,IT,2021-04-30,17:00:12,00:01:45
stefano.crapanzano@chu.ulg.ac.be,Programmation,IT,2021-04-30,17:02:10,00:00:14
stefano.crapanzano@chu.ulg.ac.be,Programmation,IT,2021-04-30,17:02:44,00:00:23
stefano.crapanzano@chu.ulg.ac.be,Programmation,IT,2021-04-30,17:03:13,00:00:15
stefano.crapanzano@chu.ulg.ac.be,export_wart_woar.csv - Excel,Tâches diverses,2021-04-30,16:38:25,00:00:09
stefano.crapanzano@chu.ulg.ac.be,export_wart_woar.csv - Excel,Tâches diverses,2021-04-30,17:02:35,00:00:06
stefano.crapanzano@chu.ulg.ac.be,correspondance.csv - Excel,Tâches diverses,2021-04-30,16:39:47,00:00:02
stefano.crapanzano@chu.ulg.ac.be,C:\temp\export_wart_woar.csv - Notepad++ [Administrator],IT,2021-04-30,16:44:39,00:00:03
stefano.crapanzano@chu.ulg.ac.be,C:\temp\export_wart_woar.csv - Notepad++ [Administrator],IT,2021-04-30,16:52:20,00:00:15
stefano.crapanzano@chu.ulg.ac.be,C:\temp\export_wart_woar.csv - Notepad++ [Administrator],IT,2021-04-30,16:53:19,00:00:17
stefano.crapanzano@chu.ulg.ac.be,C:\temp\export_wart_woar.csv - Notepad++ [Administrator],IT,2021-04-30,16:54:04,00:00:04
stefano.crapanzano@chu.ulg.ac.be,C:\temp\export_wart_woar.csv - Notepad++ [Administrator],IT,2021-04-30,16:56:37,00:00:16
stefano.crapanzano@chu.ulg.ac.be,*C:\temp\export_wart_woar.csv - Notepad++ [Administrator],IT,2021-04-30,16:53:41,00:00:02
stefano.crapanzano@chu.ulg.ac.be,Confirmer l’enregistrement,Tâches diverses,2021-04-30,16:55:19,00:00:02
stefano.crapanzano@chu.ulg.ac.be,*new 9 - Notepad++ [Administrator],IT,2021-04-30,16:56:15,00:00:16
stefano.crapanzano@chu.ulg.ac.be,*new 9 - Notepad++ [Administrator],IT,2021-04-30,16:56:54,00:00:10
stefano.crapanzano@chu.ulg.ac.be,*new 9 - Notepad++ [Administrator],IT,2021-04-30,16:59:52,00:00:04
stefano.crapanzano@chu.ulg.ac.be,*new 9 - Notepad++ [Administrator],IT,2021-04-30,17:00:05,00:00:03
stefano.crapanzano@chu.ulg.ac.be,Remplacer,IT,2021-04-30,16:56:09,00:00:06
stefano.crapanzano@chu.ulg.ac.be,Remplacer,IT,2021-04-30,16:59:58,00:00:07
stefano.crapanzano@chu.ulg.ac.be,Classeur1 - Excel,Tâches diverses,2021-04-30,16:57:16,00:01:16
stefano.crapanzano@chu.ulg.ac.be,Classeur1 - Excel,Tâches diverses,2021-04-30,16:58:34,00:00:10
stefano.crapanzano@chu.ulg.ac.be,Classeur1 - Excel,Tâches diverses,2021-04-30,16:58:46,00:00:05
stefano.crapanzano@chu.ulg.ac.be,Classeur1 - Excel,Tâches diverses,2021-04-30,16:59:22,00:00:08
stefano.crapanzano@chu.ulg.ac.be,Classeur1 - Excel,Tâches diverses,2021-04-30,16:59:33,00:00:16
stefano.crapanzano@chu.ulg.ac.be,Classeur1 - Excel,Tâches diverses,2021-04-30,17:02:00,00:00:08
stefano.crapanzano@chu.ulg.ac.be,Classeur1 - Excel,Tâches diverses,2021-04-30,17:02:25,00:00:07
stefano.crapanzano@chu.ulg.ac.be,Classeur1 - Excel,Tâches diverses,2021-04-30,17:03:09,00:00:03
stefano.crapanzano@chu.ulg.ac.be,C:\temp\export_wart_woar_avec_correspondances.csv - Notepad++ [Administrator],IT,2021-04-30,17:03:43,00:00:02
stefano.crapanzano@chu.ulg.ac.be,export_wart_woar_avec_correspondances.csv - Excel,Tâches diverses,2021-04-30,17:03:52,00:00:29
stefano.crapanzano@chu.ulg.ac.be,export_wart_woar_avec_correspondances.xlsx - Excel,Tâches diverses,2021-04-30,17:04:37,00:00:21
stefano.crapanzano@chu.ulg.ac.be,export_wart_woar_avec_correspondances.xlsx - Excel,Tâches diverses,2021-04-30,17:05:32,00:00:07
stefano.crapanzano@chu.ulg.ac.be,export_wart_woar_avec_correspondances.xlsx - Excel,Tâches diverses,2021-04-30,17:05:42,00:00:09
stefano.crapanzano@chu.ulg.ac.be,export_wart_woar_avec_correspondances.xlsx - Excel,Tâches diverses,2021-04-30,17:07:26,00:00:16
stefano.crapanzano@chu.ulg.ac.be,export_wart_woar_avec_correspondances.xlsx - Excel,Tâches diverses,2021-04-30,17:07:48,00:00:31
stefano.crapanzano@chu.ulg.ac.be,export_wart_woar_avec_correspondances.xlsx - Excel,Tâches diverses,2021-04-30,17:08:28,00:00:08
stefano.crapanzano@chu.ulg.ac.be,export_wart_woar_avec_correspondances.xlsx - Excel,Tâches diverses,2021-04-30,17:09:06,00:00:43
stefano.crapanzano@chu.ulg.ac.be,export_wart_woar_avec_correspondances.xlsx - Excel,Tâches diverses,2021-04-30,17:10:19,00:00:07
stefano.crapanzano@chu.ulg.ac.be,export_wart_woar_avec_correspondances.xlsx - Excel,Tâches diverses,2021-04-30,17:10:50,00:01:44
