Email,Description,Project,Start date,Start time,Duration
stefano.crapanzano@chu.ulg.ac.be,Administrateur : Perl (command line) - python  main.py,IT,2021-04-29,08:38:12,00:00:03
stefano.crapanzano@chu.ulg.ac.be,Courrier entrant - erp.sai@chuliege.be - Mozilla Thunderbird,Helpdesk général,2021-04-29,08:38:16,00:00:03
stefano.crapanzano@chu.ulg.ac.be,Courrier entrant - erp.sai@chuliege.be - Mozilla Thunderbird,Helpdesk général,2021-04-29,08:40:22,00:00:02
stefano.crapanzano@chu.ulg.ac.be,Courrier entrant - erp.sai@chuliege.be - Mozilla Thunderbird,Helpdesk général,2021-04-29,08:42:25,00:00:50
stefano.crapanzano@chu.ulg.ac.be,Courrier entrant - erp.sai@chuliege.be - Mozilla Thunderbird,Helpdesk général,2021-04-29,08:57:12,00:00:39
stefano.crapanzano@chu.ulg.ac.be,Courrier entrant - erp.sai@chuliege.be - Mozilla Thunderbird,Helpdesk général,2021-04-29,08:58:57,00:01:41
stefano.crapanzano@chu.ulg.ac.be,Courrier entrant - erp.sai@chuliege.be - Mozilla Thunderbird,Helpdesk général,2021-04-29,09:00:44,00:00:02
stefano.crapanzano@chu.ulg.ac.be,Courrier entrant - erp.sai@chuliege.be - Mozilla Thunderbird,Helpdesk général,2021-04-29,09:04:20,00:00:03
stefano.crapanzano@chu.ulg.ac.be,Courrier entrant - erp.sai@chuliege.be - Mozilla Thunderbird,Helpdesk général,2021-04-29,09:05:27,00:00:09
stefano.crapanzano@chu.ulg.ac.be,Courrier entrant - erp.sai@chuliege.be - Mozilla Thunderbird,Helpdesk général,2021-04-29,09:07:08,00:00:48
stefano.crapanzano@chu.ulg.ac.be,Courrier entrant - erp.sai@chuliege.be - Mozilla Thunderbird,Helpdesk général,2021-04-29,09:15:27,00:00:22
stefano.crapanzano@chu.ulg.ac.be,Courrier entrant - erp.sai@chuliege.be - Mozilla Thunderbird,Helpdesk général,2021-04-29,09:15:52,00:00:10
stefano.crapanzano@chu.ulg.ac.be,Courrier entrant - erp.sai@chuliege.be - Mozilla Thunderbird,Helpdesk général,2021-04-29,09:21:12,00:00:07
stefano.crapanzano@chu.ulg.ac.be,Courrier entrant - erp.sai@chuliege.be - Mozilla Thunderbird,Helpdesk général,2021-04-29,09:32:14,00:00:06
stefano.crapanzano@chu.ulg.ac.be,Courrier entrant - erp.sai@chuliege.be - Mozilla Thunderbird,Helpdesk général,2021-04-29,09:33:51,00:00:12
stefano.crapanzano@chu.ulg.ac.be,Courrier entrant - erp.sai@chuliege.be - Mozilla Thunderbird,Helpdesk général,2021-04-29,09:34:08,00:00:04
stefano.crapanzano@chu.ulg.ac.be,Courrier entrant - erp.sai@chuliege.be - Mozilla Thunderbird,Helpdesk général,2021-04-29,09:34:14,00:00:04
stefano.crapanzano@chu.ulg.ac.be,Courrier entrant - erp.sai@chuliege.be - Mozilla Thunderbird,Helpdesk général,2021-04-29,09:34:57,00:00:13
stefano.crapanzano@chu.ulg.ac.be,Courrier entrant - erp.sai@chuliege.be - Mozilla Thunderbird,Helpdesk général,2021-04-29,09:35:48,00:02:04
stefano.crapanzano@chu.ulg.ac.be,Courrier entrant - erp.sai@chuliege.be - Mozilla Thunderbird,Helpdesk général,2021-04-29,09:37:59,00:05:37
stefano.crapanzano@chu.ulg.ac.be,Courrier entrant - erp.sai@chuliege.be - Mozilla Thunderbird,Helpdesk général,2021-04-29,09:43:50,00:09:32
stefano.crapanzano@chu.ulg.ac.be,Courrier entrant - erp.sai@chuliege.be - Mozilla Thunderbird,Tâches diverses,2021-04-29,10:27:50,00:00:04
stefano.crapanzano@chu.ulg.ac.be,Courrier entrant - erp.sai@chuliege.be - Mozilla Thunderbird,Helpdesk général,2021-04-29,10:54:34,00:00:02
stefano.crapanzano@chu.ulg.ac.be,Courrier entrant - erp.sai@chuliege.be - Mozilla Thunderbird,Helpdesk général,2021-04-29,10:54:39,00:00:04
stefano.crapanzano@chu.ulg.ac.be,Courrier entrant - erp.sai@chuliege.be - Mozilla Thunderbird,Helpdesk général,2021-04-29,10:54:48,00:00:26
stefano.crapanzano@chu.ulg.ac.be,Courrier entrant - erp.sai@chuliege.be - Mozilla Thunderbird,Helpdesk général,2021-04-29,10:56:11,00:00:02
stefano.crapanzano@chu.ulg.ac.be,Courrier entrant - erp.sai@chuliege.be - Mozilla Thunderbird,Helpdesk général,2021-04-29,10:56:16,00:00:03
stefano.crapanzano@chu.ulg.ac.be,Courrier entrant - erp.sai@chuliege.be - Mozilla Thunderbird,Helpdesk général,2021-04-29,10:59:38,00:01:22
stefano.crapanzano@chu.ulg.ac.be,Courrier entrant - erp.sai@chuliege.be - Mozilla Thunderbird,Helpdesk général,2021-04-29,11:01:03,00:00:20
stefano.crapanzano@chu.ulg.ac.be,Courrier entrant - erp.sai@chuliege.be - Mozilla Thunderbird,Helpdesk général,2021-04-29,11:01:47,00:00:02
stefano.crapanzano@chu.ulg.ac.be,Courrier entrant - erp.sai@chuliege.be - Mozilla Thunderbird,Helpdesk général,2021-04-29,14:21:21,00:00:02
stefano.crapanzano@chu.ulg.ac.be,Courrier entrant - erp.sai@chuliege.be - Mozilla Thunderbird,Helpdesk général,2021-04-29,14:30:03,00:00:06
stefano.crapanzano@chu.ulg.ac.be,Courrier entrant - erp.sai@chuliege.be - Mozilla Thunderbird,Helpdesk général,2021-04-29,14:31:25,00:00:02
stefano.crapanzano@chu.ulg.ac.be,Courrier entrant - erp.sai@chuliege.be - Mozilla Thunderbird,Helpdesk général,2021-04-29,14:31:29,00:00:03
stefano.crapanzano@chu.ulg.ac.be,Courrier entrant - erp.sai@chuliege.be - Mozilla Thunderbird,Helpdesk général,2021-04-29,14:35:20,00:00:02
stefano.crapanzano@chu.ulg.ac.be,Courrier entrant - erp.sai@chuliege.be - Mozilla Thunderbird,Helpdesk général,2021-04-29,14:36:33,00:00:57
stefano.crapanzano@chu.ulg.ac.be,Courrier entrant - erp.sai@chuliege.be - Mozilla Thunderbird,Exploration SAP,2021-04-29,14:37:41,00:00:12
stefano.crapanzano@chu.ulg.ac.be,Courrier entrant - erp.sai@chuliege.be - Mozilla Thunderbird,Helpdesk général,2021-04-29,14:37:55,00:00:06
stefano.crapanzano@chu.ulg.ac.be,Courrier entrant - erp.sai@chuliege.be - Mozilla Thunderbird,Helpdesk général,2021-04-29,14:47:25,00:00:36
stefano.crapanzano@chu.ulg.ac.be,Courrier entrant - erp.sai@chuliege.be - Mozilla Thunderbird,Helpdesk général,2021-04-29,14:49:20,00:00:08
stefano.crapanzano@chu.ulg.ac.be,Courrier entrant - erp.sai@chuliege.be - Mozilla Thunderbird,Helpdesk général,2021-04-29,14:51:26,00:00:02
stefano.crapanzano@chu.ulg.ac.be,Courrier entrant - erp.sai@chuliege.be - Mozilla Thunderbird,Helpdesk général,2021-04-29,14:52:44,00:00:13
stefano.crapanzano@chu.ulg.ac.be,Courrier entrant - erp.sai@chuliege.be - Mozilla Thunderbird,Helpdesk général,2021-04-29,14:53:24,00:00:06
stefano.crapanzano@chu.ulg.ac.be,Courrier entrant - erp.sai@chuliege.be - Mozilla Thunderbird,Helpdesk général,2021-04-29,14:55:37,00:00:06
stefano.crapanzano@chu.ulg.ac.be,Courrier entrant - erp.sai@chuliege.be - Mozilla Thunderbird,Helpdesk général,2021-04-29,14:55:47,00:00:15
stefano.crapanzano@chu.ulg.ac.be,Courrier entrant - erp.sai@chuliege.be - Mozilla Thunderbird,Helpdesk général,2021-04-29,14:58:28,00:00:07
stefano.crapanzano@chu.ulg.ac.be,Courrier entrant - erp.sai@chuliege.be - Mozilla Thunderbird,Helpdesk général,2021-04-29,15:04:14,00:00:15
stefano.crapanzano@chu.ulg.ac.be,Courrier entrant - erp.sai@chuliege.be - Mozilla Thunderbird,Helpdesk général,2021-04-29,15:18:03,00:00:02
stefano.crapanzano@chu.ulg.ac.be,Courrier entrant - erp.sai@chuliege.be - Mozilla Thunderbird,Helpdesk général,2021-04-29,15:25:36,00:00:13
stefano.crapanzano@chu.ulg.ac.be,Courrier entrant - erp.sai@chuliege.be - Mozilla Thunderbird,Helpdesk général,2021-04-29,15:26:04,00:00:02
stefano.crapanzano@chu.ulg.ac.be,Courrier entrant - erp.sai@chuliege.be - Mozilla Thunderbird,Helpdesk général,2021-04-29,15:27:29,00:00:02
stefano.crapanzano@chu.ulg.ac.be,Courrier entrant - erp.sai@chuliege.be - Mozilla Thunderbird,Helpdesk général,2021-04-29,15:44:54,00:00:07
stefano.crapanzano@chu.ulg.ac.be,Courrier entrant - erp.sai@chuliege.be - Mozilla Thunderbird,Helpdesk général,2021-04-29,15:45:45,00:00:53
stefano.crapanzano@chu.ulg.ac.be,Courrier entrant - erp.sai@chuliege.be - Mozilla Thunderbird,Helpdesk général,2021-04-29,15:46:57,00:00:16
stefano.crapanzano@chu.ulg.ac.be,Courrier entrant - erp.sai@chuliege.be - Mozilla Thunderbird,Helpdesk général,2021-04-29,15:47:24,00:00:10
stefano.crapanzano@chu.ulg.ac.be,Courrier entrant - erp.sai@chuliege.be - Mozilla Thunderbird,Helpdesk général,2021-04-29,15:48:28,00:00:07
stefano.crapanzano@chu.ulg.ac.be,Courrier entrant - erp.sai@chuliege.be - Mozilla Thunderbird,Helpdesk général,2021-04-29,15:48:36,00:00:05
stefano.crapanzano@chu.ulg.ac.be,Courrier entrant - erp.sai@chuliege.be - Mozilla Thunderbird,Helpdesk général,2021-04-29,15:49:19,00:00:29
stefano.crapanzano@chu.ulg.ac.be,Courrier entrant - erp.sai@chuliege.be - Mozilla Thunderbird,Helpdesk général,2021-04-29,15:49:57,00:00:03
stefano.crapanzano@chu.ulg.ac.be,Courrier entrant - erp.sai@chuliege.be - Mozilla Thunderbird,Helpdesk général,2021-04-29,16:03:01,00:00:16
stefano.crapanzano@chu.ulg.ac.be,Courrier entrant - erp.sai@chuliege.be - Mozilla Thunderbird,Helpdesk général,2021-04-29,16:03:46,00:00:04
stefano.crapanzano@chu.ulg.ac.be,Courrier entrant - erp.sai@chuliege.be - Mozilla Thunderbird,Helpdesk général,2021-04-29,16:04:51,00:00:08
stefano.crapanzano@chu.ulg.ac.be,Courrier entrant - erp.sai@chuliege.be - Mozilla Thunderbird,Helpdesk général,2021-04-29,16:05:01,00:00:06
stefano.crapanzano@chu.ulg.ac.be,Courrier entrant - erp.sai@chuliege.be - Mozilla Thunderbird,Helpdesk général,2021-04-29,16:37:59,00:00:03
stefano.crapanzano@chu.ulg.ac.be,Courrier entrant - erp.sai@chuliege.be - Mozilla Thunderbird,Helpdesk général,2021-04-29,16:44:52,00:00:07
stefano.crapanzano@chu.ulg.ac.be,Courrier entrant - erp.sai@chuliege.be - Mozilla Thunderbird,Helpdesk général,2021-04-29,16:47:50,00:00:22
stefano.crapanzano@chu.ulg.ac.be,Courrier entrant - erp.sai@chuliege.be - Mozilla Thunderbird,Helpdesk général,2021-04-29,16:49:08,00:03:21
stefano.crapanzano@chu.ulg.ac.be,Courrier entrant - erp.sai@chuliege.be - Mozilla Thunderbird,Helpdesk général,2021-04-29,16:52:36,00:00:49
stefano.crapanzano@chu.ulg.ac.be,Courrier entrant - erp.sai@chuliege.be - Mozilla Thunderbird,Helpdesk général,2021-04-29,16:53:30,00:00:03
stefano.crapanzano@chu.ulg.ac.be,Courrier entrant - erp.sai@chuliege.be - Mozilla Thunderbird,Helpdesk général,2021-04-29,16:55:15,00:00:06
stefano.crapanzano@chu.ulg.ac.be,Courrier entrant - erp.sai@chuliege.be - Mozilla Thunderbird,Helpdesk général,2021-04-29,16:55:26,00:00:02
stefano.crapanzano@chu.ulg.ac.be,Courrier entrant - erp.sai@chuliege.be - Mozilla Thunderbird,Helpdesk général,2021-04-29,16:55:45,00:00:02
stefano.crapanzano@chu.ulg.ac.be,Courrier entrant - erp.sai@chuliege.be - Mozilla Thunderbird,Helpdesk général,2021-04-29,16:55:55,00:00:02
stefano.crapanzano@chu.ulg.ac.be,Courrier entrant - erp.sai@chuliege.be - Mozilla Thunderbird,Helpdesk général,2021-04-29,16:56:00,00:00:30
stefano.crapanzano@chu.ulg.ac.be,Courrier entrant - erp.sai@chuliege.be - Mozilla Thunderbird,Helpdesk général,2021-04-29,16:56:37,00:00:02
stefano.crapanzano@chu.ulg.ac.be,Courrier entrant - erp.sai@chuliege.be - Mozilla Thunderbird,Helpdesk général,2021-04-29,16:56:58,00:00:04
stefano.crapanzano@chu.ulg.ac.be,[SAM][~] : Problème de connecteur Zimbra pour Microsoft Outlook - Mozilla Thunderbird,Helpdesk général,2021-04-29,08:38:20,00:00:02
stefano.crapanzano@chu.ulg.ac.be,Lecture documentation,Tâches diverses,2021-04-29,08:38:23,00:00:09
stefano.crapanzano@chu.ulg.ac.be,Lecture documentation,Tâches diverses,2021-04-29,08:38:35,00:01:46
stefano.crapanzano@chu.ulg.ac.be,Lecture documentation,Tâches diverses,2021-04-29,09:03:56,00:00:17
stefano.crapanzano@chu.ulg.ac.be,Lecture documentation,Tâches diverses,2021-04-29,11:02:12,00:44:18
stefano.crapanzano@chu.ulg.ac.be,Lecture documentation,Tâches diverses,2021-04-29,14:51:01,00:00:02
stefano.crapanzano@chu.ulg.ac.be,Lecture documentation,Tâches diverses,2021-04-29,14:53:00,00:00:02
stefano.crapanzano@chu.ulg.ac.be,Lecture documentation,Tâches diverses,2021-04-29,14:53:07,00:00:02
stefano.crapanzano@chu.ulg.ac.be,Lecture documentation,Tâches diverses,2021-04-29,15:07:13,00:01:42
stefano.crapanzano@chu.ulg.ac.be,Lecture documentation,Tâches diverses,2021-04-29,15:16:21,00:00:32
stefano.crapanzano@chu.ulg.ac.be,Lecture documentation,Tâches diverses,2021-04-29,15:16:59,00:00:36
stefano.crapanzano@chu.ulg.ac.be,Lecture documentation,Tâches diverses,2021-04-29,15:21:04,00:04:28
stefano.crapanzano@chu.ulg.ac.be,Lecture documentation,Tâches diverses,2021-04-29,15:25:49,00:00:13
stefano.crapanzano@chu.ulg.ac.be,Lecture documentation,Tâches diverses,2021-04-29,15:27:14,00:00:09
stefano.crapanzano@chu.ulg.ac.be,Lecture documentation,Tâches diverses,2021-04-29,15:27:55,00:00:15
stefano.crapanzano@chu.ulg.ac.be,Lecture documentation,Tâches diverses,2021-04-29,15:28:39,00:15:12
stefano.crapanzano@chu.ulg.ac.be,Lecture documentation,Tâches diverses,2021-04-29,16:03:50,00:00:39
stefano.crapanzano@chu.ulg.ac.be,Lecture documentation,Tâches diverses,2021-04-29,16:31:22,00:00:18
stefano.crapanzano@chu.ulg.ac.be,Navigation système de fichier,IT,2021-04-29,08:38:33,00:00:02
stefano.crapanzano@chu.ulg.ac.be,Navigation système de fichier,IT,2021-04-29,08:57:09,00:00:02
stefano.crapanzano@chu.ulg.ac.be,Navigation système de fichier,IT,2021-04-29,09:03:54,00:00:02
stefano.crapanzano@chu.ulg.ac.be,Navigation système de fichier,IT,2021-04-29,09:08:52,00:00:02
stefano.crapanzano@chu.ulg.ac.be,Navigation système de fichier,IT,2021-04-29,09:11:12,00:00:02
stefano.crapanzano@chu.ulg.ac.be,Navigation système de fichier,IT,2021-04-29,09:20:21,00:00:02
stefano.crapanzano@chu.ulg.ac.be,Navigation système de fichier,IT,2021-04-29,09:35:45,00:00:03
stefano.crapanzano@chu.ulg.ac.be,Navigation système de fichier,IT,2021-04-29,10:56:58,00:00:02
stefano.crapanzano@chu.ulg.ac.be,Navigation système de fichier,IT,2021-04-29,10:59:32,00:00:02
stefano.crapanzano@chu.ulg.ac.be,Navigation système de fichier,IT,2021-04-29,10:59:35,00:00:02
stefano.crapanzano@chu.ulg.ac.be,Navigation système de fichier,IT,2021-04-29,11:01:23,00:00:03
stefano.crapanzano@chu.ulg.ac.be,Navigation système de fichier,IT,2021-04-29,13:03:39,00:00:15
stefano.crapanzano@chu.ulg.ac.be,Navigation système de fichier,IT,2021-04-29,13:04:03,00:00:02
stefano.crapanzano@chu.ulg.ac.be,Navigation système de fichier,IT,2021-04-29,13:04:09,00:00:03
stefano.crapanzano@chu.ulg.ac.be,Navigation système de fichier,IT,2021-04-29,13:04:21,00:00:04
stefano.crapanzano@chu.ulg.ac.be,Navigation système de fichier,IT,2021-04-29,13:14:51,00:00:34
stefano.crapanzano@chu.ulg.ac.be,Navigation système de fichier,IT,2021-04-29,13:17:04,00:00:02
stefano.crapanzano@chu.ulg.ac.be,Navigation système de fichier,IT,2021-04-29,13:18:59,00:00:21
stefano.crapanzano@chu.ulg.ac.be,Navigation système de fichier,IT,2021-04-29,13:23:38,00:00:02
stefano.crapanzano@chu.ulg.ac.be,Navigation système de fichier,IT,2021-04-29,13:23:43,00:00:17
stefano.crapanzano@chu.ulg.ac.be,Navigation système de fichier,IT,2021-04-29,13:28:19,00:00:34
stefano.crapanzano@chu.ulg.ac.be,Navigation système de fichier,IT,2021-04-29,13:34:56,00:00:18
stefano.crapanzano@chu.ulg.ac.be,Navigation système de fichier,IT,2021-04-29,13:35:23,00:00:09
stefano.crapanzano@chu.ulg.ac.be,Navigation système de fichier,IT,2021-04-29,13:35:44,00:00:17
stefano.crapanzano@chu.ulg.ac.be,Navigation système de fichier,IT,2021-04-29,13:36:02,00:00:02
stefano.crapanzano@chu.ulg.ac.be,Navigation système de fichier,IT,2021-04-29,13:38:14,00:00:11
stefano.crapanzano@chu.ulg.ac.be,Navigation système de fichier,IT,2021-04-29,13:38:31,00:00:05
stefano.crapanzano@chu.ulg.ac.be,Navigation système de fichier,IT,2021-04-29,13:38:39,00:00:04
stefano.crapanzano@chu.ulg.ac.be,Navigation système de fichier,IT,2021-04-29,13:39:18,00:00:25
stefano.crapanzano@chu.ulg.ac.be,Navigation système de fichier,IT,2021-04-29,13:40:17,00:00:03
stefano.crapanzano@chu.ulg.ac.be,Navigation système de fichier,IT,2021-04-29,14:00:51,00:00:02
stefano.crapanzano@chu.ulg.ac.be,Navigation système de fichier,IT,2021-04-29,14:01:04,00:00:02
stefano.crapanzano@chu.ulg.ac.be,Navigation système de fichier,IT,2021-04-29,14:01:52,00:00:11
stefano.crapanzano@chu.ulg.ac.be,Navigation système de fichier,IT,2021-04-29,14:07:09,00:00:02
stefano.crapanzano@chu.ulg.ac.be,Navigation système de fichier,IT,2021-04-29,14:07:23,00:00:08
stefano.crapanzano@chu.ulg.ac.be,Navigation système de fichier,IT,2021-04-29,14:12:16,00:00:02
stefano.crapanzano@chu.ulg.ac.be,Navigation système de fichier,IT,2021-04-29,14:15:17,00:00:02
stefano.crapanzano@chu.ulg.ac.be,Navigation système de fichier,IT,2021-04-29,14:21:58,00:00:02
stefano.crapanzano@chu.ulg.ac.be,Navigation système de fichier,IT,2021-04-29,14:29:32,00:00:03
stefano.crapanzano@chu.ulg.ac.be,Navigation système de fichier,IT,2021-04-29,14:30:01,00:00:02
stefano.crapanzano@chu.ulg.ac.be,Navigation système de fichier,IT,2021-04-29,14:37:31,00:00:03
stefano.crapanzano@chu.ulg.ac.be,Navigation système de fichier,IT,2021-04-29,14:44:51,00:00:02
stefano.crapanzano@chu.ulg.ac.be,Navigation système de fichier,IT,2021-04-29,14:45:11,00:00:03
stefano.crapanzano@chu.ulg.ac.be,Navigation système de fichier,IT,2021-04-29,14:46:18,00:00:02
stefano.crapanzano@chu.ulg.ac.be,Navigation système de fichier,IT,2021-04-29,14:47:13,00:00:04
stefano.crapanzano@chu.ulg.ac.be,Navigation système de fichier,IT,2021-04-29,14:47:19,00:00:02
stefano.crapanzano@chu.ulg.ac.be,Navigation système de fichier,IT,2021-04-29,14:50:57,00:00:03
stefano.crapanzano@chu.ulg.ac.be,Navigation système de fichier,IT,2021-04-29,14:52:57,00:00:03
stefano.crapanzano@chu.ulg.ac.be,Navigation système de fichier,IT,2021-04-29,14:53:02,00:00:04
stefano.crapanzano@chu.ulg.ac.be,Navigation système de fichier,IT,2021-04-29,14:53:22,00:00:02
stefano.crapanzano@chu.ulg.ac.be,Navigation système de fichier,IT,2021-04-29,15:00:47,00:00:14
stefano.crapanzano@chu.ulg.ac.be,Navigation système de fichier,IT,2021-04-29,15:01:09,00:00:24
stefano.crapanzano@chu.ulg.ac.be,Navigation système de fichier,IT,2021-04-29,15:01:47,00:00:02
stefano.crapanzano@chu.ulg.ac.be,Navigation système de fichier,IT,2021-04-29,15:08:56,00:00:04
stefano.crapanzano@chu.ulg.ac.be,Navigation système de fichier,IT,2021-04-29,15:19:37,00:00:04
stefano.crapanzano@chu.ulg.ac.be,Navigation système de fichier,IT,2021-04-29,15:43:52,00:00:02
stefano.crapanzano@chu.ulg.ac.be,Navigation système de fichier,IT,2021-04-29,15:46:39,00:00:17
stefano.crapanzano@chu.ulg.ac.be,Navigation système de fichier,IT,2021-04-29,15:47:35,00:00:15
stefano.crapanzano@chu.ulg.ac.be,Navigation système de fichier,IT,2021-04-29,15:49:17,00:00:02
stefano.crapanzano@chu.ulg.ac.be,Navigation système de fichier,IT,2021-04-29,15:51:08,00:00:06
stefano.crapanzano@chu.ulg.ac.be,Navigation système de fichier,IT,2021-04-29,15:53:12,00:00:11
stefano.crapanzano@chu.ulg.ac.be,Navigation système de fichier,IT,2021-04-29,15:54:31,00:00:10
stefano.crapanzano@chu.ulg.ac.be,Navigation système de fichier,IT,2021-04-29,15:54:42,00:00:03
stefano.crapanzano@chu.ulg.ac.be,Navigation système de fichier,IT,2021-04-29,16:01:51,00:00:02
stefano.crapanzano@chu.ulg.ac.be,Navigation système de fichier,IT,2021-04-29,16:18:20,00:00:02
stefano.crapanzano@chu.ulg.ac.be,Navigation système de fichier,IT,2021-04-29,16:24:32,00:00:03
stefano.crapanzano@chu.ulg.ac.be,Navigation système de fichier,IT,2021-04-29,16:30:34,00:00:02
stefano.crapanzano@chu.ulg.ac.be,Navigation système de fichier,IT,2021-04-29,16:31:08,00:00:13
stefano.crapanzano@chu.ulg.ac.be,Navigation système de fichier,IT,2021-04-29,16:32:50,00:01:26
stefano.crapanzano@chu.ulg.ac.be,Navigation système de fichier,IT,2021-04-29,16:36:27,00:00:02
stefano.crapanzano@chu.ulg.ac.be,Navigation système de fichier,IT,2021-04-29,16:57:03,00:02:50
stefano.crapanzano@chu.ulg.ac.be,Courrier entrant - stefano.crapanzano@chuliege.be - Mozilla Thunderbird,Helpdesk général,2021-04-29,08:40:24,00:02:00
stefano.crapanzano@chu.ulg.ac.be,Courrier entrant - stefano.crapanzano@chuliege.be - Mozilla Thunderbird,Helpdesk général,2021-04-29,09:04:18,00:00:02
stefano.crapanzano@chu.ulg.ac.be,Courrier entrant - stefano.crapanzano@chuliege.be - Mozilla Thunderbird,Helpdesk général,2021-04-29,09:15:50,00:00:02
stefano.crapanzano@chu.ulg.ac.be,Courrier entrant - stefano.crapanzano@chuliege.be - Mozilla Thunderbird,Helpdesk général,2021-04-29,09:16:03,00:00:03
stefano.crapanzano@chu.ulg.ac.be,Courrier entrant - stefano.crapanzano@chuliege.be - Mozilla Thunderbird,Helpdesk général,2021-04-29,09:33:25,00:00:05
stefano.crapanzano@chu.ulg.ac.be,Courrier entrant - stefano.crapanzano@chuliege.be - Mozilla Thunderbird,Helpdesk général,2021-04-29,09:33:48,00:00:02
stefano.crapanzano@chu.ulg.ac.be,Courrier entrant - stefano.crapanzano@chuliege.be - Mozilla Thunderbird,Helpdesk général,2021-04-29,09:35:28,00:00:02
stefano.crapanzano@chu.ulg.ac.be,Courrier entrant - stefano.crapanzano@chuliege.be - Mozilla Thunderbird,Helpdesk général,2021-04-29,10:54:36,00:00:02
stefano.crapanzano@chu.ulg.ac.be,Courrier entrant - stefano.crapanzano@chuliege.be - Mozilla Thunderbird,Helpdesk général,2021-04-29,10:56:14,00:00:02
stefano.crapanzano@chu.ulg.ac.be,Courrier entrant - stefano.crapanzano@chuliege.be - Mozilla Thunderbird,Helpdesk général,2021-04-29,11:01:01,00:00:02
stefano.crapanzano@chu.ulg.ac.be,Courrier entrant - stefano.crapanzano@chuliege.be - Mozilla Thunderbird,Helpdesk général,2021-04-29,11:01:49,00:00:22
stefano.crapanzano@chu.ulg.ac.be,Courrier entrant - stefano.crapanzano@chuliege.be - Mozilla Thunderbird,Helpdesk général,2021-04-29,11:46:33,01:12:33
stefano.crapanzano@chu.ulg.ac.be,Courrier entrant - stefano.crapanzano@chuliege.be - Mozilla Thunderbird,Helpdesk général,2021-04-29,14:21:18,00:00:02
stefano.crapanzano@chu.ulg.ac.be,Courrier entrant - stefano.crapanzano@chuliege.be - Mozilla Thunderbird,Helpdesk général,2021-04-29,14:31:27,00:00:02
stefano.crapanzano@chu.ulg.ac.be,Courrier entrant - stefano.crapanzano@chuliege.be - Mozilla Thunderbird,Helpdesk général,2021-04-29,14:35:17,00:00:02
stefano.crapanzano@chu.ulg.ac.be,Courrier entrant - stefano.crapanzano@chuliege.be - Mozilla Thunderbird,Helpdesk général,2021-04-29,14:51:28,00:00:03
stefano.crapanzano@chu.ulg.ac.be,Courrier entrant - stefano.crapanzano@chuliege.be - Mozilla Thunderbird,Helpdesk général,2021-04-29,14:52:41,00:00:02
stefano.crapanzano@chu.ulg.ac.be,Courrier entrant - stefano.crapanzano@chuliege.be - Mozilla Thunderbird,Helpdesk général,2021-04-29,14:54:50,00:00:46
stefano.crapanzano@chu.ulg.ac.be,Courrier entrant - stefano.crapanzano@chuliege.be - Mozilla Thunderbird,Helpdesk général,2021-04-29,14:56:02,00:00:04
stefano.crapanzano@chu.ulg.ac.be,Courrier entrant - stefano.crapanzano@chuliege.be - Mozilla Thunderbird,Helpdesk général,2021-04-29,14:57:56,00:00:04
stefano.crapanzano@chu.ulg.ac.be,Courrier entrant - stefano.crapanzano@chuliege.be - Mozilla Thunderbird,Helpdesk général,2021-04-29,15:20:48,00:00:15
stefano.crapanzano@chu.ulg.ac.be,Courrier entrant - stefano.crapanzano@chuliege.be - Mozilla Thunderbird,Helpdesk général,2021-04-29,15:25:34,00:00:02
stefano.crapanzano@chu.ulg.ac.be,Courrier entrant - stefano.crapanzano@chuliege.be - Mozilla Thunderbird,Helpdesk général,2021-04-29,15:27:32,00:00:16
stefano.crapanzano@chu.ulg.ac.be,Courrier entrant - stefano.crapanzano@chuliege.be - Mozilla Thunderbird,Helpdesk général,2021-04-29,15:43:54,00:00:03
stefano.crapanzano@chu.ulg.ac.be,Courrier entrant - stefano.crapanzano@chuliege.be - Mozilla Thunderbird,Helpdesk général,2021-04-29,16:04:48,00:00:02
stefano.crapanzano@chu.ulg.ac.be,Courrier entrant - stefano.crapanzano@chuliege.be - Mozilla Thunderbird,Helpdesk général,2021-04-29,16:05:11,00:00:02
stefano.crapanzano@chu.ulg.ac.be,Courrier entrant - stefano.crapanzano@chuliege.be - Mozilla Thunderbird,Helpdesk général,2021-04-29,16:05:29,00:00:06
stefano.crapanzano@chu.ulg.ac.be,Courrier entrant - stefano.crapanzano@chuliege.be - Mozilla Thunderbird,Helpdesk général,2021-04-29,16:34:18,00:02:09
stefano.crapanzano@chu.ulg.ac.be,Courrier entrant - stefano.crapanzano@chuliege.be - Mozilla Thunderbird,Helpdesk général,2021-04-29,16:37:55,00:00:04
stefano.crapanzano@chu.ulg.ac.be,Courrier entrant - stefano.crapanzano@chuliege.be - Mozilla Thunderbird,Helpdesk général,2021-04-29,16:45:08,00:00:02
stefano.crapanzano@chu.ulg.ac.be,Courrier entrant - stefano.crapanzano@chuliege.be - Mozilla Thunderbird,Helpdesk général,2021-04-29,16:46:56,00:00:12
stefano.crapanzano@chu.ulg.ac.be,Courrier entrant - stefano.crapanzano@chuliege.be - Mozilla Thunderbird,Helpdesk général,2021-04-29,16:48:13,00:00:04
stefano.crapanzano@chu.ulg.ac.be,Courrier entrant - stefano.crapanzano@chuliege.be - Mozilla Thunderbird,Helpdesk général,2021-04-29,16:52:30,00:00:06
stefano.crapanzano@chu.ulg.ac.be,Courrier entrant - stefano.crapanzano@chuliege.be - Mozilla Thunderbird,Helpdesk général,2021-04-29,16:53:33,00:01:42
stefano.crapanzano@chu.ulg.ac.be,Courrier entrant - stefano.crapanzano@chuliege.be - Mozilla Thunderbird,Helpdesk général,2021-04-29,16:55:28,00:00:16
stefano.crapanzano@chu.ulg.ac.be,Courrier entrant - stefano.crapanzano@chuliege.be - Mozilla Thunderbird,Helpdesk général,2021-04-29,16:55:51,00:00:03
stefano.crapanzano@chu.ulg.ac.be,Courrier entrant - stefano.crapanzano@chuliege.be - Mozilla Thunderbird,Helpdesk général,2021-04-29,16:56:35,00:00:02
stefano.crapanzano@chu.ulg.ac.be,Rédaction : Fwd: SDERP-18385 P203 CHU URGENT - GOAL - Coupure du 29/4 (DEMAIN) - Thunderbird,Helpdesk général,2021-04-29,08:43:16,00:02:01
stefano.crapanzano@chu.ulg.ac.be,Rédaction : Fwd: SDERP-18385 P203 CHU URGENT - GOAL - Coupure du 29/4 (DEMAIN) - Thunderbird,Helpdesk général,2021-04-29,08:45:19,00:05:52
stefano.crapanzano@chu.ulg.ac.be,Rédaction : Fwd: SDERP-18385 P203 CHU URGENT - GOAL - Coupure du 29/4 (DEMAIN) - Thunderbird,Helpdesk général,2021-04-29,08:57:53,00:00:58
stefano.crapanzano@chu.ulg.ac.be,SAP Logon 750,Exploration SAP,2021-04-29,08:51:11,00:00:12
stefano.crapanzano@chu.ulg.ac.be,SAP Logon 750,Exploration SAP,2021-04-29,14:37:34,00:00:02
stefano.crapanzano@chu.ulg.ac.be,SAP Easy Access Menu de base Applications financières-économiques,Exploration SAP,2021-04-29,08:51:24,00:00:06
stefano.crapanzano@chu.ulg.ac.be,SAP Easy Access Menu de base Applications financières-économiques,Exploration SAP,2021-04-29,09:08:08,00:00:07
stefano.crapanzano@chu.ulg.ac.be,SAP Easy Access Menu de base Applications financières-économiques,Exploration SAP,2021-04-29,09:09:34,00:00:04
stefano.crapanzano@chu.ulg.ac.be,SAP Easy Access Menu de base Applications financières-économiques,Exploration SAP,2021-04-29,10:56:35,00:00:06
stefano.crapanzano@chu.ulg.ac.be,SAP Easy Access Menu de base Applications financières-économiques,Exploration SAP,2021-04-29,13:20:23,00:00:02
stefano.crapanzano@chu.ulg.ac.be,SAP Easy Access Menu de base Applications financières-économiques,Exploration SAP,2021-04-29,14:12:22,00:00:04
stefano.crapanzano@chu.ulg.ac.be,SAP Easy Access Menu de base Applications financières-économiques,Exploration SAP,2021-04-29,14:12:36,00:00:08
stefano.crapanzano@chu.ulg.ac.be,SAP Easy Access Menu de base Applications financières-économiques,Exploration SAP,2021-04-29,14:12:47,00:00:03
stefano.crapanzano@chu.ulg.ac.be,SAP Easy Access Menu de base Applications financières-économiques,Exploration SAP,2021-04-29,14:24:22,00:00:02
stefano.crapanzano@chu.ulg.ac.be,SAP Easy Access Menu de base Applications financières-économiques,Exploration SAP,2021-04-29,14:29:36,00:00:02
stefano.crapanzano@chu.ulg.ac.be,SAP Easy Access Menu de base Applications financières-économiques,Exploration SAP,2021-04-29,14:30:33,00:00:03
stefano.crapanzano@chu.ulg.ac.be,SAP Easy Access Menu de base Applications financières-économiques,Exploration SAP,2021-04-29,14:45:35,00:00:04
stefano.crapanzano@chu.ulg.ac.be,SAP Easy Access Menu de base Applications financières-économiques,Exploration SAP,2021-04-29,16:04:32,00:00:04
stefano.crapanzano@chu.ulg.ac.be,SAP Easy Access Menu de base Applications financières-économiques,Exploration SAP,2021-04-29,16:31:00,00:00:08
stefano.crapanzano@chu.ulg.ac.be,SAP Easy Access Menu de base Applications financières-économiques,Exploration SAP,2021-04-29,16:31:40,00:01:00
stefano.crapanzano@chu.ulg.ac.be,Gestion des utilisateurs : écran initial,Exploration SAP,2021-04-29,08:51:30,00:00:06
stefano.crapanzano@chu.ulg.ac.be,Gestion des utilisateurs : écran initial,Exploration SAP,2021-04-29,10:56:41,00:00:08
stefano.crapanzano@chu.ulg.ac.be,Afficher utilisateur,Exploration SAP,2021-04-29,08:51:36,00:05:33
stefano.crapanzano@chu.ulg.ac.be,Afficher utilisateur,Exploration SAP,2021-04-29,09:08:02,00:00:04
stefano.crapanzano@chu.ulg.ac.be,Afficher utilisateur,Exploration SAP,2021-04-29,10:56:49,00:00:08
stefano.crapanzano@chu.ulg.ac.be,Afficher utilisateur,Exploration SAP,2021-04-29,10:57:02,00:00:02
stefano.crapanzano@chu.ulg.ac.be,Vérification de l’orthographe,Helpdesk général,2021-04-29,08:58:51,00:00:04
stefano.crapanzano@chu.ulg.ac.be,Vérification de l’orthographe,Helpdesk général,2021-04-29,09:03:48,00:00:04
stefano.crapanzano@chu.ulg.ac.be,2 Traité - erp.sai@chuliege.be - Mozilla Thunderbird,Helpdesk général,2021-04-29,09:00:39,00:00:04
stefano.crapanzano@chu.ulg.ac.be,2 Traité - erp.sai@chuliege.be - Mozilla Thunderbird,Helpdesk général,2021-04-29,15:04:29,00:00:36
stefano.crapanzano@chu.ulg.ac.be,2 Traité - erp.sai@chuliege.be - Mozilla Thunderbird,Helpdesk général,2021-04-29,15:05:08,00:00:48
stefano.crapanzano@chu.ulg.ac.be,2 Traité - erp.sai@chuliege.be - Mozilla Thunderbird,Helpdesk général,2021-04-29,15:18:05,00:01:31
stefano.crapanzano@chu.ulg.ac.be,2 Traité - erp.sai@chuliege.be - Mozilla Thunderbird,Helpdesk général,2021-04-29,15:20:45,00:00:03
stefano.crapanzano@chu.ulg.ac.be,2 Traité - erp.sai@chuliege.be - Mozilla Thunderbird,Helpdesk général,2021-04-29,16:56:30,00:00:04
stefano.crapanzano@chu.ulg.ac.be,Stefano CRAPANZANO - erp.sai@chuliege.be - Mozilla Thunderbird,Helpdesk général,2021-04-29,09:00:46,00:00:09
stefano.crapanzano@chu.ulg.ac.be,Stefano CRAPANZANO - erp.sai@chuliege.be - Mozilla Thunderbird,Helpdesk général,2021-04-29,09:04:15,00:00:02
stefano.crapanzano@chu.ulg.ac.be,Stefano CRAPANZANO - erp.sai@chuliege.be - Mozilla Thunderbird,Helpdesk général,2021-04-29,15:26:06,00:00:02
stefano.crapanzano@chu.ulg.ac.be,Stefano CRAPANZANO - erp.sai@chuliege.be - Mozilla Thunderbird,Helpdesk général,2021-04-29,15:43:58,00:00:04
stefano.crapanzano@chu.ulg.ac.be,Stefano CRAPANZANO - erp.sai@chuliege.be - Mozilla Thunderbird,Helpdesk général,2021-04-29,16:47:34,00:00:15
stefano.crapanzano@chu.ulg.ac.be,Rédaction : Re: SDERP-18385 P203 CHU URGENT - GOAL - Coupure du 29/4 (DEMAIN) - Thunderbird,Helpdesk général,2021-04-29,09:00:56,00:02:52
stefano.crapanzano@chu.ulg.ac.be,Envoyés - erp.sai@chuliege.be - Mozilla Thunderbird,Helpdesk général,2021-04-29,09:04:24,00:01:03
stefano.crapanzano@chu.ulg.ac.be,Envoyés - erp.sai@chuliege.be - Mozilla Thunderbird,Helpdesk général,2021-04-29,09:05:37,00:01:31
stefano.crapanzano@chu.ulg.ac.be,Envoyés - erp.sai@chuliege.be - Mozilla Thunderbird,Helpdesk général,2021-04-29,09:16:07,00:01:34
stefano.crapanzano@chu.ulg.ac.be,Envoyés - erp.sai@chuliege.be - Mozilla Thunderbird,Helpdesk général,2021-04-29,09:18:54,00:00:10
stefano.crapanzano@chu.ulg.ac.be,Envoyés - erp.sai@chuliege.be - Mozilla Thunderbird,Helpdesk général,2021-04-29,09:34:20,00:00:37
stefano.crapanzano@chu.ulg.ac.be,Envoyés - erp.sai@chuliege.be - Mozilla Thunderbird,Helpdesk général,2021-04-29,09:35:10,00:00:18
stefano.crapanzano@chu.ulg.ac.be,Envoyés - erp.sai@chuliege.be - Mozilla Thunderbird,Helpdesk général,2021-04-29,10:54:44,00:00:04
stefano.crapanzano@chu.ulg.ac.be,Envoyés - erp.sai@chuliege.be - Mozilla Thunderbird,Helpdesk général,2021-04-29,14:31:33,00:00:15
stefano.crapanzano@chu.ulg.ac.be,Envoyés - erp.sai@chuliege.be - Mozilla Thunderbird,Helpdesk général,2021-04-29,14:38:01,00:00:10
stefano.crapanzano@chu.ulg.ac.be,Envoyés - erp.sai@chuliege.be - Mozilla Thunderbird,Helpdesk général,2021-04-29,14:53:30,00:00:08
stefano.crapanzano@chu.ulg.ac.be,Envoyés - erp.sai@chuliege.be - Mozilla Thunderbird,Helpdesk général,2021-04-29,14:53:40,00:00:04
stefano.crapanzano@chu.ulg.ac.be,Envoyés - erp.sai@chuliege.be - Mozilla Thunderbird,Helpdesk général,2021-04-29,14:54:46,00:00:04
stefano.crapanzano@chu.ulg.ac.be,Envoyés - erp.sai@chuliege.be - Mozilla Thunderbird,Helpdesk général,2021-04-29,14:55:43,00:00:03
stefano.crapanzano@chu.ulg.ac.be,Envoyés - erp.sai@chuliege.be - Mozilla Thunderbird,Helpdesk général,2021-04-29,14:58:01,00:00:26
stefano.crapanzano@chu.ulg.ac.be,Envoyés - erp.sai@chuliege.be - Mozilla Thunderbird,Helpdesk général,2021-04-29,14:58:35,00:01:26
stefano.crapanzano@chu.ulg.ac.be,Envoyés - erp.sai@chuliege.be - Mozilla Thunderbird,Helpdesk général,2021-04-29,15:05:57,00:00:11
stefano.crapanzano@chu.ulg.ac.be,Envoyés - erp.sai@chuliege.be - Mozilla Thunderbird,Helpdesk général,2021-04-29,15:16:54,00:00:03
stefano.crapanzano@chu.ulg.ac.be,Envoyés - erp.sai@chuliege.be - Mozilla Thunderbird,Helpdesk général,2021-04-29,15:17:37,00:00:19
stefano.crapanzano@chu.ulg.ac.be,Envoyés - erp.sai@chuliege.be - Mozilla Thunderbird,Helpdesk général,2021-04-29,15:44:02,00:00:20
stefano.crapanzano@chu.ulg.ac.be,Envoyés - erp.sai@chuliege.be - Mozilla Thunderbird,Helpdesk général,2021-04-29,15:44:35,00:00:13
stefano.crapanzano@chu.ulg.ac.be,Envoyés - erp.sai@chuliege.be - Mozilla Thunderbird,Helpdesk général,2021-04-29,15:45:02,00:00:13
stefano.crapanzano@chu.ulg.ac.be,Envoyés - erp.sai@chuliege.be - Mozilla Thunderbird,Helpdesk général,2021-04-29,15:45:40,00:00:04
stefano.crapanzano@chu.ulg.ac.be,Envoyés - erp.sai@chuliege.be - Mozilla Thunderbird,Helpdesk général,2021-04-29,16:48:18,00:00:04
stefano.crapanzano@chu.ulg.ac.be,Envoyés - erp.sai@chuliege.be - Mozilla Thunderbird,Helpdesk général,2021-04-29,16:48:28,00:00:38
stefano.crapanzano@chu.ulg.ac.be,Envoyés - erp.sai@chuliege.be - Mozilla Thunderbird,Helpdesk général,2021-04-29,16:53:25,00:00:04
stefano.crapanzano@chu.ulg.ac.be,Envoyés - erp.sai@chuliege.be - Mozilla Thunderbird,Helpdesk général,2021-04-29,16:55:21,00:00:04
stefano.crapanzano@chu.ulg.ac.be,SSP: problème panier 1000283739 en statut de poste : approuvé/sans document lié créé - Mozilla Thunderbird,Helpdesk général,2021-04-29,09:07:56,00:00:04
stefano.crapanzano@chu.ulg.ac.be,SSP: problème panier 1000283739 en statut de poste : approuvé/sans document lié créé - Mozilla Thunderbird,Helpdesk général,2021-04-29,09:08:49,00:00:03
stefano.crapanzano@chu.ulg.ac.be,SSP: problème panier 1000283739 en statut de poste : approuvé/sans document lié créé - Mozilla Thunderbird,Helpdesk général,2021-04-29,09:13:35,00:00:06
stefano.crapanzano@chu.ulg.ac.be,SSP: problème panier 1000283739 en statut de poste : approuvé/sans document lié créé - Mozilla Thunderbird,Helpdesk général,2021-04-29,09:15:24,00:00:02
stefano.crapanzano@chu.ulg.ac.be,SSP: problème panier 1000283739 en statut de poste : approuvé/sans document lié créé - Mozilla Thunderbird,Helpdesk général,2021-04-29,09:37:54,00:00:04
stefano.crapanzano@chu.ulg.ac.be,CCMS : ensembles de moniteurs - Fonctions de gestion désactivées,Exploration SAP,2021-04-29,09:08:15,00:00:04
stefano.crapanzano@chu.ulg.ac.be,CCMS : ensembles de moniteurs - Fonctions de gestion désactivées,Exploration SAP,2021-04-29,09:09:32,00:00:02
stefano.crapanzano@chu.ulg.ac.be,SAP (CEN) EnterpriseBuyer Monitors ( Shopping Cart ) - Fonctions de ge,Exploration SAP,2021-04-29,09:08:20,00:00:07
stefano.crapanzano@chu.ulg.ac.be,SAP (CEN) EnterpriseBuyer Monitors ( Shopping Cart ) - Fonctions de ge,Exploration SAP,2021-04-29,09:09:29,00:00:02
stefano.crapanzano@chu.ulg.ac.be,Affichage d'alerte pour SAP (CEN) EnterpriseBuyer Monitors ( Shopping,Exploration SAP,2021-04-29,09:08:27,00:00:20
stefano.crapanzano@chu.ulg.ac.be,Affichage d'alerte pour SAP (CEN) EnterpriseBuyer Monitors ( Shopping,Exploration SAP,2021-04-29,09:08:55,00:00:34
stefano.crapanzano@chu.ulg.ac.be,Rapport historique de paniers,Exploration SAP,2021-04-29,09:09:39,00:00:21
stefano.crapanzano@chu.ulg.ac.be,Rapport historique de paniers,Tâches diverses,2021-04-29,10:56:30,00:00:04
stefano.crapanzano@chu.ulg.ac.be,Greenshot capture form,Helpdesk général,2021-04-29,09:10:51,00:00:08
stefano.crapanzano@chu.ulg.ac.be,Greenshot capture form,Helpdesk général,2021-04-29,14:21:11,00:00:04
stefano.crapanzano@chu.ulg.ac.be,Greenshot capture form,Helpdesk général,2021-04-29,15:03:23,00:00:06
stefano.crapanzano@chu.ulg.ac.be,Greenshot Éditeur d'Image,Helpdesk général,2021-04-29,09:11:01,00:00:07
stefano.crapanzano@chu.ulg.ac.be,Enregistrer sous,Helpdesk général,2021-04-29,09:11:08,00:00:02
stefano.crapanzano@chu.ulg.ac.be,P203 CHU Paniers toujours visible dans SSP - Bienvenue! Vous pouvez poser une demande de Service Desk ERP for HealthCare parmi les options fournies. - Service d'assistance - Google Chrome,Tâches diverses,2021-04-29,09:11:14,00:00:03
stefano.crapanzano@chu.ulg.ac.be,Demandes - Service d'assistance - Google Chrome,Tâches diverses,2021-04-29,09:11:18,00:00:02
stefano.crapanzano@chu.ulg.ac.be,Demandes - Service d'assistance - Google Chrome,Tâches diverses,2021-04-29,10:47:29,00:00:07
stefano.crapanzano@chu.ulg.ac.be,ZORGI Help Center - Service d'assistance - Google Chrome,Tâches diverses,2021-04-29,09:11:20,00:00:04
stefano.crapanzano@chu.ulg.ac.be,Question ERP for HealthCare - Bienvenue! Vous pouvez poser une demande de Service Desk ERP for HealthCare parmi les options fournies. - Service d'assistance - Google Chrome,Tâches diverses,2021-04-29,09:11:25,00:01:26
stefano.crapanzano@chu.ulg.ac.be,Question ERP for HealthCare - Bienvenue! Vous pouvez poser une demande de Service Desk ERP for HealthCare parmi les options fournies. - Service d'assistance - Google Chrome,Tâches diverses,2021-04-29,09:12:54,00:00:31
stefano.crapanzano@chu.ulg.ac.be,Ouvrir,Tâches diverses,2021-04-29,09:12:51,00:00:02
stefano.crapanzano@chu.ulg.ac.be,Ouvrir,IT,2021-04-29,14:46:23,00:00:02
stefano.crapanzano@chu.ulg.ac.be,Ouvrir,Exploration SAP,2021-04-29,16:26:17,00:00:03
stefano.crapanzano@chu.ulg.ac.be,Panier 1000283739 en statut approuvé - Bienvenue! Vous pouvez poser une demande de Service Desk ERP for HealthCare parmi les options fournies. - Service d'assistance - Google Chrome,Tâches diverses,2021-04-29,09:13:25,00:00:02
stefano.crapanzano@chu.ulg.ac.be,Panier 1000283739 en statut approuvé - Bienvenue! Vous pouvez poser une demande de Service Desk ERP for HealthCare parmi les options fournies. - Service d'assistance - Google Chrome,Tâches diverses,2021-04-29,09:13:29,00:00:04
stefano.crapanzano@chu.ulg.ac.be,Panier 1000283739 en statut approuvé - Bienvenue! Vous pouvez poser une demande de Service Desk ERP for HealthCare parmi les options fournies. - Service d'assistance - Google Chrome,Tâches diverses,2021-04-29,09:35:37,00:00:07
stefano.crapanzano@chu.ulg.ac.be,Panier 1000283739 en statut approuvé - Bienvenue! Vous pouvez poser une demande de Service Desk ERP for HealthCare parmi les options fournies. - Service d'assistance - Google Chrome,Tâches diverses,2021-04-29,09:53:24,00:34:26
stefano.crapanzano@chu.ulg.ac.be,Panier 1000283739 en statut approuvé - Bienvenue! Vous pouvez poser une demande de Service Desk ERP for HealthCare parmi les options fournies. - Service d'assistance - Google Chrome,Tâches diverses,2021-04-29,10:47:21,00:00:07
stefano.crapanzano@chu.ulg.ac.be,Rédaction : Re: SSP: problème panier 1000283739 en statut de poste : approuvé/sans document lié créé - Thunderbird,Helpdesk général,2021-04-29,09:13:41,00:01:38
stefano.crapanzano@chu.ulg.ac.be,Nouvel onglet - Google Chrome,Tâches diverses,2021-04-29,09:17:43,00:00:03
stefano.crapanzano@chu.ulg.ac.be,Nouvel onglet - Google Chrome,Tâches diverses,2021-04-29,14:50:35,00:00:02
stefano.crapanzano@chu.ulg.ac.be,Nouvel onglet - Google Chrome,Tâches diverses,2021-04-29,15:06:37,00:00:02
stefano.crapanzano@chu.ulg.ac.be,Nouvel onglet - Google Chrome,Tâches diverses,2021-04-29,15:07:01,00:00:02
stefano.crapanzano@chu.ulg.ac.be,Identification - Google Chrome,Tâches diverses,2021-04-29,09:17:46,00:00:06
stefano.crapanzano@chu.ulg.ac.be,Identification - Google Chrome,Tâches diverses,2021-04-29,09:20:15,00:00:05
stefano.crapanzano@chu.ulg.ac.be,Identification - Google Chrome,Tâches diverses,2021-04-29,09:20:47,00:00:02
stefano.crapanzano@chu.ulg.ac.be,Zimbra: Réception (5) - Google Chrome,Tâches diverses,2021-04-29,09:17:54,00:01:00
stefano.crapanzano@chu.ulg.ac.be,Zimbra: Réception (5) - Google Chrome,Tâches diverses,2021-04-29,09:19:15,00:00:28
stefano.crapanzano@chu.ulg.ac.be,Zimbra: Réception (5) - Google Chrome,Tâches diverses,2021-04-29,09:19:54,00:00:21
stefano.crapanzano@chu.ulg.ac.be,erp.sai@chuliege.be - Mozilla Thunderbird,Helpdesk général,2021-04-29,09:19:04,00:00:10
stefano.crapanzano@chu.ulg.ac.be,erp.sai@chuliege.be - Mozilla Thunderbird,Helpdesk général,2021-04-29,09:21:09,00:00:02
stefano.crapanzano@chu.ulg.ac.be,erp.sai@chuliege.be - Mozilla Thunderbird,Helpdesk général,2021-04-29,09:32:20,00:00:08
stefano.crapanzano@chu.ulg.ac.be,Zimbra: Stefano - Google Chrome,Tâches diverses,2021-04-29,09:19:44,00:00:09
stefano.crapanzano@chu.ulg.ac.be,Zimbra: Réception - Google Chrome,Tâches diverses,2021-04-29,09:20:59,00:00:09
stefano.crapanzano@chu.ulg.ac.be,Zimbra: Réception - Google Chrome,Tâches diverses,2021-04-29,09:21:20,00:00:43
stefano.crapanzano@chu.ulg.ac.be,Zimbra: Réception - Google Chrome,Tâches diverses,2021-04-29,09:33:43,00:00:04
stefano.crapanzano@chu.ulg.ac.be,Zimbra: Réception - Google Chrome,Tâches diverses,2021-04-29,09:35:33,00:00:03
stefano.crapanzano@chu.ulg.ac.be,Zimbra: Rédiger - Google Chrome,Tâches diverses,2021-04-29,09:22:04,00:10:01
stefano.crapanzano@chu.ulg.ac.be,Zimbra: Inbox de stefano.crapanzano... (5) - Google Chrome,Tâches diverses,2021-04-29,09:32:05,00:00:07
stefano.crapanzano@chu.ulg.ac.be,Zimbra: Inbox de stefano.crapanzano... (5) - Google Chrome,Tâches diverses,2021-04-29,09:32:29,00:00:14
stefano.crapanzano@chu.ulg.ac.be,Zimbra: Corbeille (1) - Google Chrome,Tâches diverses,2021-04-29,09:32:44,00:00:38
stefano.crapanzano@chu.ulg.ac.be,Zimbra: Corbeille - Google Chrome,Tâches diverses,2021-04-29,09:33:32,00:00:10
stefano.crapanzano@chu.ulg.ac.be,erp.sai - erp.sai@chuliege.be - Mozilla Thunderbird,Helpdesk général,2021-04-29,09:34:03,00:00:04
stefano.crapanzano@chu.ulg.ac.be,SDERP-18385 P203 CHU URGENT - GOAL - Coupure du 29/4 (DEMAIN) - Mozilla Thunderbird,Helpdesk général,2021-04-29,09:43:38,00:00:12
stefano.crapanzano@chu.ulg.ac.be,Gestionnaire de modules complémentaires - Mozilla Thunderbird,Helpdesk général,2021-04-29,10:27:56,00:19:24
stefano.crapanzano@chu.ulg.ac.be,Gestionnaire de modules complémentaires - Mozilla Thunderbird,Helpdesk général,2021-04-29,10:54:32,00:00:02
stefano.crapanzano@chu.ulg.ac.be,P203 CHU URGENT - GOAL - Coupure du 29/4 (DEMAIN) - Bienvenue! Vous pouvez poser une demande de Service Desk ERP for HealthCare parmi les options fournies. - Service d'assistance - Google Chrome,Tâches diverses,2021-04-29,10:47:36,00:06:55
stefano.crapanzano@chu.ulg.ac.be,P203 CHU URGENT - GOAL - Coupure du 29/4 (DEMAIN) - Bienvenue! Vous pouvez poser une demande de Service Desk ERP for HealthCare parmi les options fournies. - Service d'assistance - Google Chrome,Tâches diverses,2021-04-29,10:55:16,00:00:54
stefano.crapanzano@chu.ulg.ac.be,P203 CHU URGENT - GOAL - Coupure du 29/4 (DEMAIN) - Bienvenue! Vous pouvez poser une demande de Service Desk ERP for HealthCare parmi les options fournies. - Service d'assistance - Google Chrome,Tâches diverses,2021-04-29,10:56:21,00:00:09
stefano.crapanzano@chu.ulg.ac.be,P203 CHU URGENT - GOAL - Coupure du 29/4 (DEMAIN) - Bienvenue! Vous pouvez poser une demande de Service Desk ERP for HealthCare parmi les options fournies. - Service d'assistance - Google Chrome,Tâches diverses,2021-04-29,10:57:00,00:00:02
stefano.crapanzano@chu.ulg.ac.be,P203 CHU URGENT - GOAL - Coupure du 29/4 (DEMAIN) - Bienvenue! Vous pouvez poser une demande de Service Desk ERP for HealthCare parmi les options fournies. - Service d'assistance - Google Chrome,Tâches diverses,2021-04-29,10:57:14,00:00:02
stefano.crapanzano@chu.ulg.ac.be,P203 CHU URGENT - GOAL - Coupure du 29/4 (DEMAIN) - Bienvenue! Vous pouvez poser une demande de Service Desk ERP for HealthCare parmi les options fournies. - Service d'assistance - Google Chrome,Tâches diverses,2021-04-29,10:57:25,00:00:02
stefano.crapanzano@chu.ulg.ac.be,P203 CHU URGENT - GOAL - Coupure du 29/4 (DEMAIN) - Bienvenue! Vous pouvez poser une demande de Service Desk ERP for HealthCare parmi les options fournies. - Service d'assistance - Google Chrome,Tâches diverses,2021-04-29,10:57:32,00:00:02
stefano.crapanzano@chu.ulg.ac.be,P203 CHU URGENT - GOAL - Coupure du 29/4 (DEMAIN) - Bienvenue! Vous pouvez poser une demande de Service Desk ERP for HealthCare parmi les options fournies. - Service d'assistance - Google Chrome,Tâches diverses,2021-04-29,10:57:38,00:00:02
stefano.crapanzano@chu.ulg.ac.be,P203 CHU URGENT - GOAL - Coupure du 29/4 (DEMAIN) - Bienvenue! Vous pouvez poser une demande de Service Desk ERP for HealthCare parmi les options fournies. - Service d'assistance - Google Chrome,Tâches diverses,2021-04-29,10:57:44,00:00:03
stefano.crapanzano@chu.ulg.ac.be,P203 CHU URGENT - GOAL - Coupure du 29/4 (DEMAIN) - Bienvenue! Vous pouvez poser une demande de Service Desk ERP for HealthCare parmi les options fournies. - Service d'assistance - Google Chrome,Tâches diverses,2021-04-29,10:57:54,00:00:02
stefano.crapanzano@chu.ulg.ac.be,P203 CHU URGENT - GOAL - Coupure du 29/4 (DEMAIN) - Bienvenue! Vous pouvez poser une demande de Service Desk ERP for HealthCare parmi les options fournies. - Service d'assistance - Google Chrome,Tâches diverses,2021-04-29,10:58:00,00:00:04
stefano.crapanzano@chu.ulg.ac.be,P203 CHU URGENT - GOAL - Coupure du 29/4 (DEMAIN) - Bienvenue! Vous pouvez poser une demande de Service Desk ERP for HealthCare parmi les options fournies. - Service d'assistance - Google Chrome,Tâches diverses,2021-04-29,10:58:07,00:00:02
stefano.crapanzano@chu.ulg.ac.be,P203 CHU URGENT - GOAL - Coupure du 29/4 (DEMAIN) - Bienvenue! Vous pouvez poser une demande de Service Desk ERP for HealthCare parmi les options fournies. - Service d'assistance - Google Chrome,Tâches diverses,2021-04-29,10:58:17,00:00:02
stefano.crapanzano@chu.ulg.ac.be,P203 CHU URGENT - GOAL - Coupure du 29/4 (DEMAIN) - Bienvenue! Vous pouvez poser une demande de Service Desk ERP for HealthCare parmi les options fournies. - Service d'assistance - Google Chrome,Tâches diverses,2021-04-29,10:58:25,00:00:04
stefano.crapanzano@chu.ulg.ac.be,P203 CHU URGENT - GOAL - Coupure du 29/4 (DEMAIN) - Bienvenue! Vous pouvez poser une demande de Service Desk ERP for HealthCare parmi les options fournies. - Service d'assistance - Google Chrome,Tâches diverses,2021-04-29,10:58:33,00:00:02
stefano.crapanzano@chu.ulg.ac.be,P203 CHU URGENT - GOAL - Coupure du 29/4 (DEMAIN) - Bienvenue! Vous pouvez poser une demande de Service Desk ERP for HealthCare parmi les options fournies. - Service d'assistance - Google Chrome,Tâches diverses,2021-04-29,10:58:39,00:00:03
stefano.crapanzano@chu.ulg.ac.be,P203 CHU URGENT - GOAL - Coupure du 29/4 (DEMAIN) - Bienvenue! Vous pouvez poser une demande de Service Desk ERP for HealthCare parmi les options fournies. - Service d'assistance - Google Chrome,Tâches diverses,2021-04-29,10:58:49,00:00:42
stefano.crapanzano@chu.ulg.ac.be,P203 CHU URGENT - GOAL - Coupure du 29/4 (DEMAIN) - Bienvenue! Vous pouvez poser une demande de Service Desk ERP for HealthCare parmi les options fournies. - Service d'assistance - Google Chrome,Tâches diverses,2021-04-29,11:01:28,00:00:17
stefano.crapanzano@chu.ulg.ac.be,P203 CHU URGENT - GOAL - Coupure du 29/4 (DEMAIN) - Bienvenue! Vous pouvez poser une demande de Service Desk ERP for HealthCare parmi les options fournies. - Service d'assistance - Google Chrome,Tâches diverses,2021-04-29,13:04:05,00:00:03
stefano.crapanzano@chu.ulg.ac.be,P203 CHU URGENT - GOAL - Coupure du 29/4 (DEMAIN) - Bienvenue! Vous pouvez poser une demande de Service Desk ERP for HealthCare parmi les options fournies. - Service d'assistance - Google Chrome,Tâches diverses,2021-04-29,13:40:20,00:00:48
stefano.crapanzano@chu.ulg.ac.be,Gérer utilisateur,Exploration SAP,2021-04-29,10:57:05,00:00:08
stefano.crapanzano@chu.ulg.ac.be,Gérer utilisateur,Exploration SAP,2021-04-29,10:57:17,00:00:02
stefano.crapanzano@chu.ulg.ac.be,Gérer utilisateur,Exploration SAP,2021-04-29,10:57:21,00:00:03
stefano.crapanzano@chu.ulg.ac.be,Gérer utilisateur,Tâches diverses,2021-04-29,10:57:27,00:00:04
stefano.crapanzano@chu.ulg.ac.be,Gérer utilisateur,Exploration SAP,2021-04-29,10:57:35,00:00:02
stefano.crapanzano@chu.ulg.ac.be,Gérer utilisateur,Exploration SAP,2021-04-29,10:57:41,00:00:03
stefano.crapanzano@chu.ulg.ac.be,Gérer utilisateur,Exploration SAP,2021-04-29,10:57:48,00:00:06
stefano.crapanzano@chu.ulg.ac.be,Gérer utilisateur,Exploration SAP,2021-04-29,10:57:56,00:00:03
stefano.crapanzano@chu.ulg.ac.be,Gérer utilisateur,Exploration SAP,2021-04-29,10:58:05,00:00:02
stefano.crapanzano@chu.ulg.ac.be,Gérer utilisateur,Exploration SAP,2021-04-29,10:58:09,00:00:07
stefano.crapanzano@chu.ulg.ac.be,Gérer utilisateur,Exploration SAP,2021-04-29,10:58:20,00:00:04
stefano.crapanzano@chu.ulg.ac.be,Gérer utilisateur,Exploration SAP,2021-04-29,10:58:30,00:00:03
stefano.crapanzano@chu.ulg.ac.be,Gérer utilisateur,Exploration SAP,2021-04-29,10:58:36,00:00:02
stefano.crapanzano@chu.ulg.ac.be,Gérer utilisateur,Exploration SAP,2021-04-29,10:58:43,00:00:06
stefano.crapanzano@chu.ulg.ac.be,SAP GUI for Windows 750,Exploration SAP,2021-04-29,12:59:06,00:04:22
stefano.crapanzano@chu.ulg.ac.be,SAP GUI for Windows 750,Exploration SAP,2021-04-29,16:04:36,00:00:04
stefano.crapanzano@chu.ulg.ac.be,1 rappel,Helpdesk général,2021-04-29,13:03:28,00:00:07
stefano.crapanzano@chu.ulg.ac.be,Netop Invité,Helpdesk général,2021-04-29,13:03:55,00:00:03
stefano.crapanzano@chu.ulg.ac.be,Netop Invité,Helpdesk général,2021-04-29,13:04:25,00:00:10
stefano.crapanzano@chu.ulg.ac.be,Netop Invité,Helpdesk général,2021-04-29,13:23:40,00:00:02
stefano.crapanzano@chu.ulg.ac.be,Netop Invité,Helpdesk général,2021-04-29,13:25:25,00:00:03
stefano.crapanzano@chu.ulg.ac.be,Netop Invité,Helpdesk général,2021-04-29,13:28:17,00:00:02
stefano.crapanzano@chu.ulg.ac.be,Netop Invité,Helpdesk général,2021-04-29,13:29:11,00:00:14
stefano.crapanzano@chu.ulg.ac.be,Netop Invité,Helpdesk général,2021-04-29,13:30:47,00:04:01
stefano.crapanzano@chu.ulg.ac.be,Netop Invité,Helpdesk général,2021-04-29,13:41:10,00:00:06
stefano.crapanzano@chu.ulg.ac.be,Netop Invité,Helpdesk général,2021-04-29,14:01:09,00:00:02
stefano.crapanzano@chu.ulg.ac.be,Netop Invité,Helpdesk général,2021-04-29,14:07:32,00:00:04
stefano.crapanzano@chu.ulg.ac.be,Netop Invité,Helpdesk général,2021-04-29,14:09:39,00:00:02
stefano.crapanzano@chu.ulg.ac.be,Netop Invité,Helpdesk général,2021-04-29,15:09:01,00:00:15
stefano.crapanzano@chu.ulg.ac.be,Netop Invité,Helpdesk général,2021-04-29,15:15:53,00:00:27
stefano.crapanzano@chu.ulg.ac.be,Netop,Helpdesk général,2021-04-29,13:04:39,00:00:02
stefano.crapanzano@chu.ulg.ac.be,Netop,Helpdesk général,2021-04-29,13:29:25,00:00:02
stefano.crapanzano@chu.ulg.ac.be,Netop,Helpdesk général,2021-04-29,13:41:20,00:00:03
stefano.crapanzano@chu.ulg.ac.be,Netop,Helpdesk général,2021-04-29,15:09:16,00:00:02
stefano.crapanzano@chu.ulg.ac.be,Connexion à l'aide de l'authentification Windows,Helpdesk général,2021-04-29,13:04:37,00:00:02
stefano.crapanzano@chu.ulg.ac.be,Connexion à l'aide de l'authentification Windows,Helpdesk général,2021-04-29,13:25:29,00:00:03
stefano.crapanzano@chu.ulg.ac.be,Connexion à l'aide de l'authentification Windows,Helpdesk général,2021-04-29,13:29:28,00:00:02
stefano.crapanzano@chu.ulg.ac.be,Connexion à l'aide de l'authentification Windows,Helpdesk général,2021-04-29,13:41:17,00:00:02
stefano.crapanzano@chu.ulg.ac.be,Connexion à l'aide de l'authentification Windows,Helpdesk général,2021-04-29,15:09:19,00:00:02
stefano.crapanzano@chu.ulg.ac.be,192.168.123.233 - Netop Remote Control,Helpdesk général,2021-04-29,13:04:42,00:09:30
stefano.crapanzano@chu.ulg.ac.be,192.168.123.233 - Netop Remote Control,Helpdesk général,2021-04-29,13:14:17,00:00:26
stefano.crapanzano@chu.ulg.ac.be,192.168.123.233 - Netop Remote Control,Helpdesk général,2021-04-29,13:25:34,00:02:42
stefano.crapanzano@chu.ulg.ac.be,192.168.123.233 - Netop Remote Control,Helpdesk général,2021-04-29,13:41:23,00:19:27
stefano.crapanzano@chu.ulg.ac.be,*new 7 - Notepad++ [Administrator],Helpdesk général,2021-04-29,13:14:45,00:00:05
stefano.crapanzano@chu.ulg.ac.be,*new 7 - Notepad++ [Administrator],IT,2021-04-29,13:16:22,00:00:03
stefano.crapanzano@chu.ulg.ac.be,*new 7 - Notepad++ [Administrator],IT,2021-04-29,13:23:25,00:00:13
stefano.crapanzano@chu.ulg.ac.be,*new 7 - Notepad++ [Administrator],IT,2021-04-29,13:24:09,00:00:02
stefano.crapanzano@chu.ulg.ac.be,*new 7 - Notepad++ [Administrator],IT,2021-04-29,13:28:54,00:00:15
stefano.crapanzano@chu.ulg.ac.be,*new 7 - Notepad++ [Administrator],Helpdesk général,2021-04-29,13:30:19,00:00:02
stefano.crapanzano@chu.ulg.ac.be,*new 7 - Notepad++ [Administrator],IT,2021-04-29,13:34:50,00:00:05
stefano.crapanzano@chu.ulg.ac.be,Ouverture -Excel,Tâches diverses,2021-04-29,13:15:25,00:00:04
stefano.crapanzano@chu.ulg.ac.be,Ouverture -Excel,Tâches diverses,2021-04-29,13:38:43,00:00:02
stefano.crapanzano@chu.ulg.ac.be,Ouverture -Excel,Tâches diverses,2021-04-29,13:39:43,00:00:02
stefano.crapanzano@chu.ulg.ac.be,Ouverture -Excel,Tâches diverses,2021-04-29,14:02:03,00:00:04
stefano.crapanzano@chu.ulg.ac.be,humo.xlsm - Excel,Tâches diverses,2021-04-29,13:15:30,00:00:13
stefano.crapanzano@chu.ulg.ac.be,humo.xlsm - Excel,Tâches diverses,2021-04-29,13:24:31,00:00:52
stefano.crapanzano@chu.ulg.ac.be,humo.xlsm - Excel,Tâches diverses,2021-04-29,13:38:46,00:00:03
stefano.crapanzano@chu.ulg.ac.be,humo.xlsm - Excel,Tâches diverses,2021-04-29,13:39:16,00:00:02
stefano.crapanzano@chu.ulg.ac.be,humo.xlsm - Excel,Tâches diverses,2021-04-29,14:02:08,00:00:04
stefano.crapanzano@chu.ulg.ac.be,humo.xlsm - Excel,Tâches diverses,2021-04-29,16:56:41,00:00:03
stefano.crapanzano@chu.ulg.ac.be,Microsoft Visual Basic pour Applications - humo.xlsm - [Module1 (Code)],Tâches diverses,2021-04-29,13:15:43,00:00:12
stefano.crapanzano@chu.ulg.ac.be,Microsoft Visual Basic pour Applications - humo.xlsm - [Module1 (Code)],Tâches diverses,2021-04-29,13:16:08,00:00:02
stefano.crapanzano@chu.ulg.ac.be,Microsoft Visual Basic pour Applications - humo.xlsm - [Module1 (Code)],Tâches diverses,2021-04-29,13:16:15,00:00:02
stefano.crapanzano@chu.ulg.ac.be,Microsoft Visual Basic pour Applications - humo.xlsm - [Module1 (Code)],Tâches diverses,2021-04-29,13:16:25,00:00:02
stefano.crapanzano@chu.ulg.ac.be,Microsoft Visual Basic pour Applications - humo.xlsm - [Module1 (Code)],Tâches diverses,2021-04-29,13:16:30,00:00:28
stefano.crapanzano@chu.ulg.ac.be,Microsoft Visual Basic pour Applications - humo.xlsm - [Module1 (Code)],Tâches diverses,2021-04-29,13:20:11,00:00:07
stefano.crapanzano@chu.ulg.ac.be,Microsoft Visual Basic pour Applications - humo.xlsm - [Module1 (Code)],Tâches diverses,2021-04-29,13:20:29,00:00:04
stefano.crapanzano@chu.ulg.ac.be,Microsoft Visual Basic pour Applications - humo.xlsm - [Module1 (Code)],Tâches diverses,2021-04-29,13:20:39,00:00:04
stefano.crapanzano@chu.ulg.ac.be,Microsoft Visual Basic pour Applications - humo.xlsm - [Module1 (Code)],Tâches diverses,2021-04-29,13:23:15,00:00:09
stefano.crapanzano@chu.ulg.ac.be,Microsoft Visual Basic pour Applications - humo.xlsm - [Module1 (Code)],Tâches diverses,2021-04-29,13:24:00,00:00:02
stefano.crapanzano@chu.ulg.ac.be,Microsoft Visual Basic pour Applications - humo.xlsm - [Module1 (Code)],Tâches diverses,2021-04-29,13:38:49,00:00:16
stefano.crapanzano@chu.ulg.ac.be,Microsoft Visual Basic pour Applications - humo.xlsm - [Module1 (Code)],Tâches diverses,2021-04-29,13:39:10,00:00:05
stefano.crapanzano@chu.ulg.ac.be,Microsoft Visual Basic pour Applications - humo.xlsm - [Module1 (Code)],Tâches diverses,2021-04-29,14:02:13,00:00:15
stefano.crapanzano@chu.ulg.ac.be,Microsoft Visual Basic pour Applications - humo.xlsm - [Module1 (Code)],Exploration SAP,2021-04-29,14:02:53,00:00:12
stefano.crapanzano@chu.ulg.ac.be,Microsoft Visual Basic pour Applications - humo.xlsm - [Module1 (Code)],Tâches diverses,2021-04-29,14:03:07,00:00:25
stefano.crapanzano@chu.ulg.ac.be,Microsoft Visual Basic pour Applications - humo.xlsm - [Module1 (Code)],Tâches diverses,2021-04-29,14:18:11,00:00:02
stefano.crapanzano@chu.ulg.ac.be,Microsoft Visual Basic pour Applications - humo.xlsm - [Module1 (Code)],Tâches diverses,2021-04-29,14:18:15,00:00:34
stefano.crapanzano@chu.ulg.ac.be,Microsoft Visual Basic pour Applications - humo.xlsm - [Module1 (Code)],Tâches diverses,2021-04-29,14:18:53,00:00:21
stefano.crapanzano@chu.ulg.ac.be,Microsoft Visual Basic pour Applications - humo.xlsm - [Module1 (Code)],Tâches diverses,2021-04-29,14:27:41,00:00:36
stefano.crapanzano@chu.ulg.ac.be,Microsoft Visual Basic pour Applications - humo.xlsm - [Module1 (Code)],Tâches diverses,2021-04-29,14:28:32,00:00:59
stefano.crapanzano@chu.ulg.ac.be,Microsoft Visual Basic pour Applications - humo.xlsm - [Module1 (Code)],Tâches diverses,2021-04-29,14:30:16,00:00:16
stefano.crapanzano@chu.ulg.ac.be,Microsoft Visual Basic pour Applications - humo.xlsm - [Module1 (Code)],Tâches diverses,2021-04-29,14:30:37,00:00:46
stefano.crapanzano@chu.ulg.ac.be,Microsoft Visual Basic pour Applications - humo.xlsm - [Module1 (Code)],Tâches diverses,2021-04-29,14:45:15,00:00:11
stefano.crapanzano@chu.ulg.ac.be,Microsoft Visual Basic pour Applications - humo.xlsm - [Module1 (Code)],Tâches diverses,2021-04-29,14:53:45,00:00:27
stefano.crapanzano@chu.ulg.ac.be,Rechercher,Tâches diverses,2021-04-29,13:15:55,00:00:02
stefano.crapanzano@chu.ulg.ac.be,Rechercher,IT,2021-04-29,13:16:19,00:00:02
stefano.crapanzano@chu.ulg.ac.be,Rechercher,Tâches diverses,2021-04-29,13:16:28,00:00:02
stefano.crapanzano@chu.ulg.ac.be,Rechercher,Tâches diverses,2021-04-29,13:39:06,00:00:03
stefano.crapanzano@chu.ulg.ac.be,Rechercher,IT,2021-04-29,14:00:58,00:00:02
stefano.crapanzano@chu.ulg.ac.be,Rechercher,Tâches diverses,2021-04-29,14:24:49,00:00:52
stefano.crapanzano@chu.ulg.ac.be,Rechercher,Tâches diverses,2021-04-29,14:28:17,00:00:02
stefano.crapanzano@chu.ulg.ac.be,Rechercher,IT,2021-04-29,15:47:16,00:00:03
stefano.crapanzano@chu.ulg.ac.be,Rechercher,IT,2021-04-29,15:50:31,00:00:08
stefano.crapanzano@chu.ulg.ac.be,Rechercher,IT,2021-04-29,15:51:29,00:00:06
stefano.crapanzano@chu.ulg.ac.be,Remplacer,Tâches diverses,2021-04-29,13:15:58,00:00:07
stefano.crapanzano@chu.ulg.ac.be,Remplacer,Tâches diverses,2021-04-29,13:16:06,00:00:02
stefano.crapanzano@chu.ulg.ac.be,Remplacer,Tâches diverses,2021-04-29,14:27:12,00:00:08
stefano.crapanzano@chu.ulg.ac.be,Remplacer,Tâches diverses,2021-04-29,14:27:23,00:00:12
stefano.crapanzano@chu.ulg.ac.be,Remplacer,Tâches diverses,2021-04-29,14:28:19,00:00:08
stefano.crapanzano@chu.ulg.ac.be,Remplacer,Tâches diverses,2021-04-29,14:28:29,00:00:03
stefano.crapanzano@chu.ulg.ac.be,Microsoft Visual Basic pour Applications,Tâches diverses,2021-04-29,14:18:13,00:00:02
stefano.crapanzano@chu.ulg.ac.be,Microsoft Visual Basic pour Applications,Tâches diverses,2021-04-29,14:27:20,00:00:02
stefano.crapanzano@chu.ulg.ac.be,Microsoft Visual Basic pour Applications,Tâches diverses,2021-04-29,14:27:35,00:00:03
stefano.crapanzano@chu.ulg.ac.be,Microsoft Visual Basic pour Applications - humo.xlsm [exécution en cours] - [Module1 (Code)],Tâches diverses,2021-04-29,13:16:11,00:00:02
stefano.crapanzano@chu.ulg.ac.be,Microsoft Visual Basic pour Applications - humo.xlsm [exécution en cours] - [Module1 (Code)],Tâches diverses,2021-04-29,13:17:00,00:00:03
stefano.crapanzano@chu.ulg.ac.be,Microsoft Visual Basic pour Applications - humo.xlsm [exécution en cours] - [Module1 (Code)],Tâches diverses,2021-04-29,13:17:18,00:00:07
stefano.crapanzano@chu.ulg.ac.be,Microsoft Visual Basic pour Applications - humo.xlsm [exécution en cours] - [Module1 (Code)],Tâches diverses,2021-04-29,13:20:34,00:00:03
stefano.crapanzano@chu.ulg.ac.be,Microsoft Visual Basic pour Applications - humo.xlsm [exécution en cours] - [Module1 (Code)],Tâches diverses,2021-04-29,13:20:51,00:00:08
stefano.crapanzano@chu.ulg.ac.be,Microsoft Visual Basic pour Applications - humo.xlsm [exécution en cours] - [Module1 (Code)],Tâches diverses,2021-04-29,14:02:28,00:00:24
stefano.crapanzano@chu.ulg.ac.be,Microsoft Visual Basic pour Applications - humo.xlsm [exécution en cours] - [Module1 (Code)],Tâches diverses,2021-04-29,14:03:32,00:00:57
stefano.crapanzano@chu.ulg.ac.be,Microsoft Visual Basic pour Applications - humo.xlsm [exécution en cours] - [Module1 (Code)],Tâches diverses,2021-04-29,14:19:14,00:00:14
stefano.crapanzano@chu.ulg.ac.be,Microsoft Visual Basic pour Applications - humo.xlsm [exécution en cours] - [Module1 (Code)],Tâches diverses,2021-04-29,14:19:50,00:00:12
stefano.crapanzano@chu.ulg.ac.be,Microsoft Visual Basic pour Applications - humo.xlsm [arrêt] - [Module1 (Code)],Tâches diverses,2021-04-29,13:17:12,00:00:06
stefano.crapanzano@chu.ulg.ac.be,Microsoft Visual Basic pour Applications - humo.xlsm [arrêt] - [Module1 (Code)],Tâches diverses,2021-04-29,13:17:25,00:00:04
stefano.crapanzano@chu.ulg.ac.be,Microsoft Visual Basic pour Applications - humo.xlsm [arrêt] - [Module1 (Code)],Tâches diverses,2021-04-29,13:17:31,00:01:10
stefano.crapanzano@chu.ulg.ac.be,Microsoft Visual Basic pour Applications - humo.xlsm [arrêt] - [Module1 (Code)],Tâches diverses,2021-04-29,13:19:20,00:00:21
stefano.crapanzano@chu.ulg.ac.be,Microsoft Visual Basic pour Applications - humo.xlsm [arrêt] - [Module1 (Code)],Tâches diverses,2021-04-29,13:19:43,00:00:22
stefano.crapanzano@chu.ulg.ac.be,Microsoft Visual Basic pour Applications - humo.xlsm [arrêt] - [Module1 (Code)],Tâches diverses,2021-04-29,13:20:21,00:00:02
stefano.crapanzano@chu.ulg.ac.be,Microsoft Visual Basic pour Applications - humo.xlsm [arrêt] - [Module1 (Code)],Tâches diverses,2021-04-29,13:20:44,00:00:06
stefano.crapanzano@chu.ulg.ac.be,Microsoft Visual Basic pour Applications - humo.xlsm [arrêt] - [Module1 (Code)],Tâches diverses,2021-04-29,13:21:00,00:00:08
stefano.crapanzano@chu.ulg.ac.be,Microsoft Visual Basic pour Applications - humo.xlsm [arrêt] - [Module1 (Code)],Tâches diverses,2021-04-29,13:21:09,00:00:14
stefano.crapanzano@chu.ulg.ac.be,Microsoft Visual Basic pour Applications - humo.xlsm [arrêt] - [Module1 (Code)],Tâches diverses,2021-04-29,13:21:25,00:00:09
stefano.crapanzano@chu.ulg.ac.be,Microsoft Visual Basic pour Applications - humo.xlsm [arrêt] - [Module1 (Code)],Tâches diverses,2021-04-29,13:23:02,00:00:13
stefano.crapanzano@chu.ulg.ac.be,Microsoft Visual Basic pour Applications - humo.xlsm [arrêt] - [Module1 (Code)],Tâches diverses,2021-04-29,14:04:29,00:00:12
stefano.crapanzano@chu.ulg.ac.be,Microsoft Visual Basic pour Applications - humo.xlsm [arrêt] - [Module1 (Code)],Tâches diverses,2021-04-29,14:04:43,00:02:22
stefano.crapanzano@chu.ulg.ac.be,Microsoft Visual Basic pour Applications - humo.xlsm [arrêt] - [Module1 (Code)],Tâches diverses,2021-04-29,14:07:11,00:00:11
stefano.crapanzano@chu.ulg.ac.be,Microsoft Visual Basic pour Applications - humo.xlsm [arrêt] - [Module1 (Code)],Tâches diverses,2021-04-29,14:15:19,00:01:21
stefano.crapanzano@chu.ulg.ac.be,Microsoft Visual Basic pour Applications - humo.xlsm [arrêt] - [Module1 (Code)],Tâches diverses,2021-04-29,14:17:02,00:01:08
stefano.crapanzano@chu.ulg.ac.be,Microsoft Visual Basic pour Applications - humo.xlsm [arrêt] - [Module1 (Code)],Tâches diverses,2021-04-29,14:19:29,00:00:21
stefano.crapanzano@chu.ulg.ac.be,Microsoft Visual Basic pour Applications - humo.xlsm [arrêt] - [Module1 (Code)],Tâches diverses,2021-04-29,14:20:02,00:01:08
stefano.crapanzano@chu.ulg.ac.be,Microsoft Visual Basic pour Applications - humo.xlsm [arrêt] - [Module1 (Code)],Helpdesk général,2021-04-29,14:21:15,00:00:02
stefano.crapanzano@chu.ulg.ac.be,Microsoft Visual Basic pour Applications - humo.xlsm [arrêt] - [Module1 (Code)],Tâches diverses,2021-04-29,14:21:30,00:00:05
stefano.crapanzano@chu.ulg.ac.be,Microsoft Visual Basic pour Applications - humo.xlsm [arrêt] - [Module1 (Code)],Tâches diverses,2021-04-29,14:22:00,00:00:02
stefano.crapanzano@chu.ulg.ac.be,Microsoft Visual Basic pour Applications - humo.xlsm [arrêt] - [Module1 (Code)],Tâches diverses,2021-04-29,14:23:00,00:00:58
stefano.crapanzano@chu.ulg.ac.be,Microsoft Visual Basic pour Applications - humo.xlsm [arrêt] - [Module1 (Code)],Tâches diverses,2021-04-29,14:24:07,00:00:10
stefano.crapanzano@chu.ulg.ac.be,Microsoft Visual Basic pour Applications - humo.xlsm [arrêt] - [Module1 (Code)],Tâches diverses,2021-04-29,14:24:25,00:00:24
stefano.crapanzano@chu.ulg.ac.be,Microsoft Visual Basic pour Applications - humo.xlsm [arrêt] - [Module1 (Code)],Tâches diverses,2021-04-29,14:25:42,00:01:28
stefano.crapanzano@chu.ulg.ac.be,Sélection d'unités de manutention,Exploration SAP,2021-04-29,13:17:06,00:00:06
stefano.crapanzano@chu.ulg.ac.be,Sélection d'unités de manutention,Exploration SAP,2021-04-29,14:12:51,00:00:07
stefano.crapanzano@chu.ulg.ac.be,Sélection d'unités de manutention,Exploration SAP,2021-04-29,14:13:00,00:00:07
stefano.crapanzano@chu.ulg.ac.be,Moniteur unités de manutention : unités manutention sélect.,Exploration SAP,2021-04-29,13:18:42,00:00:16
stefano.crapanzano@chu.ulg.ac.be,Moniteur unités de manutention : unités manutention sélect.,Exploration SAP,2021-04-29,13:21:34,00:01:27
stefano.crapanzano@chu.ulg.ac.be,Moniteur unités de manutention : unités manutention sélect.,Exploration SAP,2021-04-29,14:12:18,00:00:02
stefano.crapanzano@chu.ulg.ac.be,Moniteur unités de manutention : unités manutention sélect.,Exploration SAP,2021-04-29,14:13:07,00:00:19
stefano.crapanzano@chu.ulg.ac.be,Moniteur unités de manutention : unités manutention sélect.,Exploration SAP,2021-04-29,14:13:31,00:01:44
stefano.crapanzano@chu.ulg.ac.be,Moniteur unités de manutention : unités manutention sélect.,Exploration SAP,2021-04-29,14:16:42,00:00:02
stefano.crapanzano@chu.ulg.ac.be,Message,Exploration SAP,2021-04-29,13:20:07,00:00:02
stefano.crapanzano@chu.ulg.ac.be,Message,Exploration SAP,2021-04-29,14:45:46,00:00:21
stefano.crapanzano@chu.ulg.ac.be,Message,Exploration SAP,2021-04-29,14:46:11,00:00:03
stefano.crapanzano@chu.ulg.ac.be,Message,Exploration SAP,2021-04-29,14:46:29,00:00:26
stefano.crapanzano@chu.ulg.ac.be,Message,Exploration SAP,2021-04-29,14:46:57,00:00:15
stefano.crapanzano@chu.ulg.ac.be,Message,Exploration SAP,2021-04-29,14:52:25,00:00:02
stefano.crapanzano@chu.ulg.ac.be,SAP,Exploration SAP,2021-04-29,14:12:45,00:00:02
stefano.crapanzano@chu.ulg.ac.be,SAP,Exploration SAP,2021-04-29,14:29:38,00:00:22
stefano.crapanzano@chu.ulg.ac.be,SAP,Exploration SAP,2021-04-29,14:30:09,00:00:05
stefano.crapanzano@chu.ulg.ac.be,SAP,Exploration SAP,2021-04-29,14:45:40,00:00:06
stefano.crapanzano@chu.ulg.ac.be,Fin de session,Exploration SAP,2021-04-29,13:20:26,00:00:02
stefano.crapanzano@chu.ulg.ac.be,Fin de session,Exploration SAP,2021-04-29,14:52:27,00:00:02
stefano.crapanzano@chu.ulg.ac.be,Microsoft Visual Basic pour Applications - humo.xlam - [Module1 (Code)],Tâches diverses,2021-04-29,13:24:03,00:00:04
stefano.crapanzano@chu.ulg.ac.be,Microsoft Visual Basic pour Applications - humo.xlam - [Module1 (Code)],Tâches diverses,2021-04-29,13:24:12,00:00:19
stefano.crapanzano@chu.ulg.ac.be,Microsoft Visual Basic pour Applications - humo.xlam - [Module1 (Code)],Tâches diverses,2021-04-29,13:39:54,00:00:20
stefano.crapanzano@chu.ulg.ac.be,192.168.123.173 - Netop Remote Control,Helpdesk général,2021-04-29,13:29:31,00:00:47
stefano.crapanzano@chu.ulg.ac.be,192.168.123.173 - Netop Remote Control,Helpdesk général,2021-04-29,13:30:22,00:00:23
stefano.crapanzano@chu.ulg.ac.be,C:\Users\c158492\ProjetBoulot\EXCEL\macro\humo\humo.vbs - Notepad++ [Administrator],IT,2021-04-29,13:35:15,00:00:04
stefano.crapanzano@chu.ulg.ac.be,C:\Users\c158492\ProjetBoulot\EXCEL\macro\humo\humo.vbs - Notepad++ [Administrator],IT,2021-04-29,13:38:36,00:00:02
stefano.crapanzano@chu.ulg.ac.be,C:\Users\c158492\ProjetBoulot\EXCEL\macro\humo\humo.vbs - Notepad++ [Administrator],IT,2021-04-29,13:39:51,00:00:02
stefano.crapanzano@chu.ulg.ac.be,C:\Users\c158492\ProjetBoulot\EXCEL\macro\humo\humo.vbs - Notepad++ [Administrator],IT,2021-04-29,14:00:53,00:00:02
stefano.crapanzano@chu.ulg.ac.be,*C:\Users\c158492\ProjetBoulot\EXCEL\macro\humo\humo.vbs - Notepad++ [Administrator],IT,2021-04-29,13:35:19,00:00:02
stefano.crapanzano@chu.ulg.ac.be,*C:\Users\c158492\ProjetBoulot\EXCEL\macro\humo\humo.vbs - Notepad++ [Administrator],IT,2021-04-29,14:00:56,00:00:02
stefano.crapanzano@chu.ulg.ac.be,*C:\Users\c158492\ProjetBoulot\EXCEL\macro\humo\humo.vbs - Notepad++ [Administrator],IT,2021-04-29,14:01:00,00:00:03
stefano.crapanzano@chu.ulg.ac.be,*C:\Users\c158492\ProjetBoulot\EXCEL\macro\humo\humo.vbs - Notepad++ [Administrator],IT,2021-04-29,14:01:11,00:00:40
stefano.crapanzano@chu.ulg.ac.be,*C:\Users\c158492\ProjetBoulot\EXCEL\macro\humo\humo.vbs - Notepad++ [Administrator],IT,2021-04-29,14:46:21,00:00:02
stefano.crapanzano@chu.ulg.ac.be,Microsoft Excel,Tâches diverses,2021-04-29,13:35:33,00:00:06
stefano.crapanzano@chu.ulg.ac.be,Microsoft Excel,Tâches diverses,2021-04-29,13:35:40,00:00:02
stefano.crapanzano@chu.ulg.ac.be,Programmation,IT,2021-04-29,13:36:05,00:02:09
stefano.crapanzano@chu.ulg.ac.be,Programmation,IT,2021-04-29,15:56:10,00:00:06
stefano.crapanzano@chu.ulg.ac.be,humo.vbs - Bloc-notes,IT,2021-04-29,13:38:25,00:00:05
stefano.crapanzano@chu.ulg.ac.be,Excel,Tâches diverses,2021-04-29,13:39:46,00:00:02
stefano.crapanzano@chu.ulg.ac.be,192.168.123.233 - Lecture des enregistrements,Helpdesk général,2021-04-29,14:07:37,00:02:02
stefano.crapanzano@chu.ulg.ac.be,192.168.123.233 - Lecture des enregistrements,Helpdesk général,2021-04-29,14:09:41,00:02:34
stefano.crapanzano@chu.ulg.ac.be,192.168.123.233 - Lecture des enregistrements,Helpdesk général,2021-04-29,15:01:01,00:00:07
stefano.crapanzano@chu.ulg.ac.be,Handling Unit Flow Monitor,Exploration SAP,2021-04-29,14:12:27,00:00:09
stefano.crapanzano@chu.ulg.ac.be,TypeAheadPopup,Exploration SAP,2021-04-29,14:12:58,00:00:02
stefano.crapanzano@chu.ulg.ac.be,Données détaillées sur l'unité de manutention 8100262521,Exploration SAP,2021-04-29,14:13:27,00:00:02
stefano.crapanzano@chu.ulg.ac.be,Affichage d'unités de manutention,Exploration SAP,2021-04-29,14:13:29,00:00:02
stefano.crapanzano@chu.ulg.ac.be,Affichage d'unités de manutention,Exploration SAP,2021-04-29,14:16:55,00:00:05
stefano.crapanzano@chu.ulg.ac.be,Affichage d'unités de manutention,Exploration SAP,2021-04-29,14:45:30,00:00:02
stefano.crapanzano@chu.ulg.ac.be,Données détaillées sur l'unité de manutention 8100255027,Exploration SAP,2021-04-29,14:16:44,00:00:10
stefano.crapanzano@chu.ulg.ac.be,Rédaction : (pas de sujet) - Thunderbird,Helpdesk général,2021-04-29,14:21:24,00:00:04
stefano.crapanzano@chu.ulg.ac.be,Rédaction : (pas de sujet) - Thunderbird,Helpdesk général,2021-04-29,14:21:37,00:00:20
stefano.crapanzano@chu.ulg.ac.be,Rédaction : (pas de sujet) - Thunderbird,Helpdesk général,2021-04-29,14:22:02,00:00:57
stefano.crapanzano@chu.ulg.ac.be,Rédaction : (pas de sujet) - Thunderbird,Helpdesk général,2021-04-29,14:23:59,00:00:08
stefano.crapanzano@chu.ulg.ac.be,Rédaction : (pas de sujet) - Thunderbird,Helpdesk général,2021-04-29,14:44:54,00:00:11
stefano.crapanzano@chu.ulg.ac.be,Rédaction : (pas de sujet) - Thunderbird,Helpdesk général,2021-04-29,14:45:08,00:00:02
stefano.crapanzano@chu.ulg.ac.be,Rédaction : (pas de sujet) - Thunderbird,Helpdesk général,2021-04-29,15:03:03,00:00:03
stefano.crapanzano@chu.ulg.ac.be,Rédaction : (pas de sujet) - Thunderbird,Helpdesk général,2021-04-29,15:03:36,00:00:24
stefano.crapanzano@chu.ulg.ac.be,Rédaction : (pas de sujet) - Thunderbird,Helpdesk général,2021-04-29,15:44:23,00:00:11
stefano.crapanzano@chu.ulg.ac.be,Didier BARE - erp.sai@chuliege.be - Mozilla Thunderbird,Helpdesk général,2021-04-29,14:31:49,00:03:28
stefano.crapanzano@chu.ulg.ac.be,Didier BARE - erp.sai@chuliege.be - Mozilla Thunderbird,Helpdesk général,2021-04-29,14:35:22,00:01:10
stefano.crapanzano@chu.ulg.ac.be,Didier BARE - erp.sai@chuliege.be - Mozilla Thunderbird,Helpdesk général,2021-04-29,14:38:11,00:06:39
stefano.crapanzano@chu.ulg.ac.be,Didier BARE - erp.sai@chuliege.be - Mozilla Thunderbird,Helpdesk général,2021-04-29,14:47:21,00:00:03
stefano.crapanzano@chu.ulg.ac.be,Didier BARE - erp.sai@chuliege.be - Mozilla Thunderbird,Helpdesk général,2021-04-29,14:56:07,00:01:49
stefano.crapanzano@chu.ulg.ac.be,Didier BARE - erp.sai@chuliege.be - Mozilla Thunderbird,Helpdesk général,2021-04-29,15:00:02,00:00:44
stefano.crapanzano@chu.ulg.ac.be,Didier BARE - erp.sai@chuliege.be - Mozilla Thunderbird,Helpdesk général,2021-04-29,15:01:49,00:00:07
stefano.crapanzano@chu.ulg.ac.be,Didier BARE - erp.sai@chuliege.be - Mozilla Thunderbird,Helpdesk général,2021-04-29,15:03:32,00:00:03
stefano.crapanzano@chu.ulg.ac.be,Didier BARE - erp.sai@chuliege.be - Mozilla Thunderbird,Helpdesk général,2021-04-29,15:17:56,00:00:07
stefano.crapanzano@chu.ulg.ac.be,Didier BARE - erp.sai@chuliege.be - Mozilla Thunderbird,Helpdesk général,2021-04-29,15:44:48,00:00:06
stefano.crapanzano@chu.ulg.ac.be,Info licence en cas de connexion multiple,Exploration SAP,2021-04-29,14:37:37,00:00:03
stefano.crapanzano@chu.ulg.ac.be,Enregistrement et Playback,Exploration SAP,2021-04-29,14:46:15,00:00:03
stefano.crapanzano@chu.ulg.ac.be,Enregistrement et Playback,Exploration SAP,2021-04-29,14:46:27,00:00:02
stefano.crapanzano@chu.ulg.ac.be,Enregistrement et Playback,Exploration SAP,2021-04-29,14:49:02,00:00:03
stefano.crapanzano@chu.ulg.ac.be,Enregistrement et Playback,Exploration SAP,2021-04-29,16:25:40,00:00:02
stefano.crapanzano@chu.ulg.ac.be,Enregistrement et Playback,Exploration SAP,2021-04-29,16:26:10,00:00:02
stefano.crapanzano@chu.ulg.ac.be,Enregistrement et Playback,Exploration SAP,2021-04-29,16:26:13,00:00:03
stefano.crapanzano@chu.ulg.ac.be,Enregistrement et Playback,Exploration SAP,2021-04-29,16:26:21,00:00:02
stefano.crapanzano@chu.ulg.ac.be,Enregistrement et Playback,Exploration SAP,2021-04-29,16:26:24,00:00:02
stefano.crapanzano@chu.ulg.ac.be,SAP Frontend Server,Exploration SAP,2021-04-29,16:25:42,00:00:02
stefano.crapanzano@chu.ulg.ac.be,Extended My Requests - ZORGI Jira - Google Chrome,Tâches diverses,2021-04-29,14:48:52,00:00:02
stefano.crapanzano@chu.ulg.ac.be,Extended My Requests - All requests - Service Desk - Google Chrome,Tâches diverses,2021-04-29,14:48:54,00:00:07
stefano.crapanzano@chu.ulg.ac.be,Extended My Requests - All requests - Service Desk - Google Chrome,Tâches diverses,2021-04-29,14:49:05,00:00:13
stefano.crapanzano@chu.ulg.ac.be,Extended My Requests - All requests - Service Desk - Google Chrome,Tâches diverses,2021-04-29,14:50:21,00:00:02
stefano.crapanzano@chu.ulg.ac.be,Extended My Requests - All requests - Service Desk - Google Chrome,Tâches diverses,2021-04-29,14:50:32,00:00:02
stefano.crapanzano@chu.ulg.ac.be,erreur répartition charge - Mozilla Thunderbird,Helpdesk général,2021-04-29,14:49:28,00:00:06
stefano.crapanzano@chu.ulg.ac.be,erreur répartition charge - Mozilla Thunderbird,Helpdesk général,2021-04-29,14:50:00,00:00:14
stefano.crapanzano@chu.ulg.ac.be,erreur répartition charge - Mozilla Thunderbird,Helpdesk général,2021-04-29,14:52:33,00:00:02
stefano.crapanzano@chu.ulg.ac.be,[MON SUIVI] : Problème conn. sap - Mozilla Thunderbird,Helpdesk général,2021-04-29,14:49:34,00:00:26
stefano.crapanzano@chu.ulg.ac.be,[MON SUIVI] : Problème conn. sap - Mozilla Thunderbird,Helpdesk général,2021-04-29,14:52:08,00:00:03
stefano.crapanzano@chu.ulg.ac.be,[MON SUIVI] : Problème conn. sap - Mozilla Thunderbird,Helpdesk général,2021-04-29,15:02:45,00:00:10
stefano.crapanzano@chu.ulg.ac.be,[MON SUIVI] : Problème conn. sap - Mozilla Thunderbird,Helpdesk général,2021-04-29,15:02:57,00:00:06
stefano.crapanzano@chu.ulg.ac.be,[MON SUIVI] : Problème conn. sap - Mozilla Thunderbird,Helpdesk général,2021-04-29,15:03:06,00:00:02
stefano.crapanzano@chu.ulg.ac.be,[MON SUIVI] : Problème conn. sap - Mozilla Thunderbird,Helpdesk général,2021-04-29,15:05:06,00:00:02
stefano.crapanzano@chu.ulg.ac.be,Rédaction : Re: [MON SUIVI] : Problème conn. sap - Thunderbird,Helpdesk général,2021-04-29,14:50:15,00:00:04
stefano.crapanzano@chu.ulg.ac.be,SAM-DB - Google Chrome,Tâches diverses,2021-04-29,14:50:26,00:00:06
stefano.crapanzano@chu.ulg.ac.be,SAM-DB - Google Chrome,Tâches diverses,2021-04-29,14:50:37,00:00:19
stefano.crapanzano@chu.ulg.ac.be,SAM-DB - Google Chrome,Tâches diverses,2021-04-29,14:51:03,00:00:08
stefano.crapanzano@chu.ulg.ac.be,SAM-DB - Google Chrome,Tâches diverses,2021-04-29,14:51:15,00:00:08
stefano.crapanzano@chu.ulg.ac.be,SAM-DB - Google Chrome,Tâches diverses,2021-04-29,14:53:09,00:00:03
stefano.crapanzano@chu.ulg.ac.be,SAM-DB - Google Chrome,Tâches diverses,2021-04-29,15:01:37,00:00:09
stefano.crapanzano@chu.ulg.ac.be,SAM-DB - Google Chrome,Tâches diverses,2021-04-29,15:06:10,00:00:06
stefano.crapanzano@chu.ulg.ac.be,SAM-DB - Google Chrome,Tâches diverses,2021-04-29,15:06:39,00:00:10
stefano.crapanzano@chu.ulg.ac.be,SAM-DB - Google Chrome,Tâches diverses,2021-04-29,15:07:04,00:00:06
stefano.crapanzano@chu.ulg.ac.be,Handleidingen BU Admin Template - Google Chrome,Tâches diverses,2021-04-29,14:54:41,00:00:02
stefano.crapanzano@chu.ulg.ac.be,Handleidingen BU Admin Template - Google Chrome,Tâches diverses,2021-04-29,15:01:34,00:00:03
stefano.crapanzano@chu.ulg.ac.be,répartition - Mozilla Thunderbird,Helpdesk général,2021-04-29,14:51:32,00:00:09
stefano.crapanzano@chu.ulg.ac.be,répartition - Mozilla Thunderbird,Helpdesk général,2021-04-29,15:01:56,00:00:48
stefano.crapanzano@chu.ulg.ac.be,répartition - Mozilla Thunderbird,Helpdesk général,2021-04-29,15:03:09,00:00:14
stefano.crapanzano@chu.ulg.ac.be,répartition - Mozilla Thunderbird,Helpdesk général,2021-04-29,15:03:29,00:00:02
stefano.crapanzano@chu.ulg.ac.be,répartition charge - Mozilla Thunderbird,Helpdesk général,2021-04-29,14:51:41,00:00:26
stefano.crapanzano@chu.ulg.ac.be,répartition charge - Mozilla Thunderbird,Helpdesk général,2021-04-29,14:52:11,00:00:13
stefano.crapanzano@chu.ulg.ac.be,répartition charge - Mozilla Thunderbird,Helpdesk général,2021-04-29,14:52:30,00:00:02
stefano.crapanzano@chu.ulg.ac.be,Bureau - Google Sheets - Google Chrome,Tâches diverses,2021-04-29,14:53:13,00:00:09
stefano.crapanzano@chu.ulg.ac.be,Bureau - Google Sheets - Google Chrome,Tâches diverses,2021-04-29,14:54:12,00:00:02
stefano.crapanzano@chu.ulg.ac.be,(1) Faire requête v_goal_extract_article sur pe2 - To Do - Google Chrome,Tâches diverses,2021-04-29,14:54:15,00:00:16
stefano.crapanzano@chu.ulg.ac.be,(1) ajouter traitement trns macro humo - To Do - Google Chrome,Tâches diverses,2021-04-29,14:54:32,00:00:08
stefano.crapanzano@chu.ulg.ac.be,Rappel de sujet,Helpdesk général,2021-04-29,15:04:00,00:00:03
stefano.crapanzano@chu.ulg.ac.be,Rédaction : répartition de charge - Thunderbird,Helpdesk général,2021-04-29,15:04:08,00:00:03
stefano.crapanzano@chu.ulg.ac.be,SAM CHU - Google Chrome,Tâches diverses,2021-04-29,15:06:16,00:00:14
stefano.crapanzano@chu.ulg.ac.be,Portail MonSuivi - Google Chrome,Tâches diverses,2021-04-29,15:06:31,00:00:06
stefano.crapanzano@chu.ulg.ac.be,SAM ECAMPUS - Google Chrome,Tâches diverses,2021-04-29,15:06:50,00:00:03
stefano.crapanzano@chu.ulg.ac.be,SAM SAI - Google Chrome,Tâches diverses,2021-04-29,15:06:54,00:00:06
stefano.crapanzano@chu.ulg.ac.be,Helpdesk ATI - Db Hardware Prod - Google Chrome,Tâches diverses,2021-04-29,15:07:10,00:00:03
stefano.crapanzano@chu.ulg.ac.be,10.44.3.254 - Netop Remote Control,Helpdesk général,2021-04-29,15:09:22,00:06:29
stefano.crapanzano@chu.ulg.ac.be,Ouverture -Outlook,Helpdesk général,2021-04-29,15:19:41,00:00:02
stefano.crapanzano@chu.ulg.ac.be,Boîte de Réception - Zimbra - Stefano Crapanzano - Outlook,Helpdesk général,2021-04-29,15:19:43,00:00:06
stefano.crapanzano@chu.ulg.ac.be,Boîte de réception - erp.sai@chuliege.be - Outlook,Helpdesk général,2021-04-29,15:19:49,00:00:02
stefano.crapanzano@chu.ulg.ac.be,2 Traité - erp.sai@chuliege.be - Outlook,Helpdesk général,2021-04-29,15:19:52,00:00:52
stefano.crapanzano@chu.ulg.ac.be,Tickets ouverts SAP - Mozilla Thunderbird,Helpdesk général,2021-04-29,15:26:10,00:00:06
stefano.crapanzano@chu.ulg.ac.be,Tickets ouverts SAP - Mozilla Thunderbird,Helpdesk général,2021-04-29,15:27:26,00:00:02
stefano.crapanzano@chu.ulg.ac.be,Tickets ouverts SAP - Mozilla Thunderbird,Helpdesk général,2021-04-29,15:45:16,00:00:20
stefano.crapanzano@chu.ulg.ac.be,Rédaction : Re: Tickets ouverts SAP - Thunderbird,Helpdesk général,2021-04-29,15:26:17,00:00:56
stefano.crapanzano@chu.ulg.ac.be,Rédaction : Re: Tickets ouverts SAP - Thunderbird,Helpdesk général,2021-04-29,15:27:51,00:00:03
stefano.crapanzano@chu.ulg.ac.be,Rédaction : Re: Tickets ouverts SAP - Thunderbird,Helpdesk général,2021-04-29,15:28:12,00:00:15
stefano.crapanzano@chu.ulg.ac.be,Rédaction : Re: Tickets ouverts SAP - Thunderbird,Helpdesk général,2021-04-29,15:28:32,00:00:03
stefano.crapanzano@chu.ulg.ac.be,Propriétés des liens,Helpdesk général,2021-04-29,15:28:28,00:00:03
stefano.crapanzano@chu.ulg.ac.be,Accueil - Mozilla Thunderbird,Helpdesk général,2021-04-29,16:05:35,00:00:09
stefano.crapanzano@chu.ulg.ac.be,Accueil - Mozilla Thunderbird,Helpdesk général,2021-04-29,16:18:22,00:00:02
stefano.crapanzano@chu.ulg.ac.be,Accueil - Mozilla Thunderbird,Helpdesk général,2021-04-29,16:24:35,00:00:03
stefano.crapanzano@chu.ulg.ac.be,Accueil - Mozilla Thunderbird,Helpdesk général,2021-04-29,16:25:22,00:00:02
stefano.crapanzano@chu.ulg.ac.be,Accueil - Mozilla Thunderbird,Helpdesk général,2021-04-29,16:30:32,00:00:02
stefano.crapanzano@chu.ulg.ac.be,\\ERPFTP.st.chulg\ERP\Log\KOFAX-KofaxCaptureSVReleaseProdFRCHR.log - Notepad++ [Administrator],IT,2021-04-29,15:47:19,00:00:03
stefano.crapanzano@chu.ulg.ac.be,\\ERPFTP.st.chulg\ERP\Log\KOFAX-KofaxCaptureSVReleaseProdFRCHR.log - Notepad++ [Administrator],IT,2021-04-29,15:51:16,00:00:13
stefano.crapanzano@chu.ulg.ac.be,\\ERPFTP.st.chulg\ERP\Log\KOFAX-KofaxCaptureSVReleaseProdFRCHR.log - Notepad++ [Administrator],IT,2021-04-29,15:51:35,00:01:11
stefano.crapanzano@chu.ulg.ac.be,\\ERPFTP.st.chulg\ERP\Log\KOFAX-KofaxCaptureSVReleaseProdFRCHR.log - Notepad++ [Administrator],IT,2021-04-29,15:59:17,00:00:03
stefano.crapanzano@chu.ulg.ac.be,\\ERPFTP.st.chulg\ERP\Log\KOFAX-KofaxCaptureSVReleaseProdFRCHR.log - Notepad++ [Administrator],IT,2021-04-29,16:00:12,00:00:12
stefano.crapanzano@chu.ulg.ac.be,\\ERPFTP.st.chulg\ERP\Log\KOFAX-KofaxCaptureSVReleaseProdFRCHR.log - Notepad++ [Administrator],IT,2021-04-29,16:00:26,00:00:12
stefano.crapanzano@chu.ulg.ac.be,\\ERPFTP.st.chulg\ERP\Log\KOFAX-KofaxCaptureSVReleaseProdFRCHR.log - Notepad++ [Administrator],IT,2021-04-29,16:01:36,00:00:03
stefano.crapanzano@chu.ulg.ac.be,\\ERPFTP.st.chulg\ERP\Log\KOFAX-KofaxCaptureSVReleaseProdFRCHR.log - Notepad++ [Administrator],IT,2021-04-29,16:02:55,00:00:02
stefano.crapanzano@chu.ulg.ac.be,\\ERPFTP.st.chulg\ERP\Log\KOFAX-KofaxCaptureSVReleaseProdFRCHR.log - Notepad++ [Administrator],IT,2021-04-29,16:36:33,00:01:20
stefano.crapanzano@chu.ulg.ac.be,\\ERPFTP.st.chulg\ERP\Log\Iepacs_file_Pdf-Kofaxchu_FRCHR_Pdf.log - Notepad++ [Administrator],IT,2021-04-29,15:47:54,00:00:32
stefano.crapanzano@chu.ulg.ac.be,\\ERPFTP.st.chulg\ERP\Log\Iepacs_file_Pdf-Kofaxchu_FRCHR_Pdf.log - Notepad++ [Administrator],IT,2021-04-29,15:48:43,00:00:33
stefano.crapanzano@chu.ulg.ac.be,\\ERPFTP.st.chulg\ERP\Log\Iepacs_file_Pdf-Kofaxchu_FRCHR_Pdf.log - Notepad++ [Administrator],IT,2021-04-29,15:49:50,00:00:07
stefano.crapanzano@chu.ulg.ac.be,\\ERPFTP.st.chulg\ERP\Log\Iepacs_file_Pdf-Kofaxchu_FRCHR_Pdf.log - Notepad++ [Administrator],IT,2021-04-29,15:50:27,00:00:03
stefano.crapanzano@chu.ulg.ac.be,\\ERPFTP.st.chulg\ERP\Log\Iepacs_file_Pdf-Kofaxchu_FRCHR_Pdf.log - Notepad++ [Administrator],IT,2021-04-29,15:59:20,00:00:07
stefano.crapanzano@chu.ulg.ac.be,\\ERPFTP.st.chulg\ERP\Log\Iepacs_file_Pdf-Kofaxchu_FRCHR_Pdf.log - Notepad++ [Administrator],IT,2021-04-29,15:59:35,00:00:04
stefano.crapanzano@chu.ulg.ac.be,\\ERPFTP.st.chulg\ERP\Log\Iepacs_file_Pdf-Kofaxchu_FRCHR_Pdf.log - Notepad++ [Administrator],IT,2021-04-29,16:00:09,00:00:02
stefano.crapanzano@chu.ulg.ac.be,Scanning feuille de route CHR : fichier manquant - Mozilla Thunderbird,Helpdesk général,2021-04-29,15:50:02,00:00:03
stefano.crapanzano@chu.ulg.ac.be,Scanning feuille de route CHR : fichier manquant - Mozilla Thunderbird,Helpdesk général,2021-04-29,16:02:58,00:00:02
stefano.crapanzano@chu.ulg.ac.be,Scanning feuille de route CHR : fichier manquant - Mozilla Thunderbird,Helpdesk général,2021-04-29,16:03:20,00:00:21
stefano.crapanzano@chu.ulg.ac.be,Scanning feuille de route CHR : fichier manquant - Mozilla Thunderbird,Helpdesk général,2021-04-29,16:03:43,00:00:02
stefano.crapanzano@chu.ulg.ac.be,Rédaction : Re: Scanning feuille de route CHR : fichier manquant - Thunderbird,Helpdesk général,2021-04-29,15:50:06,00:00:20
stefano.crapanzano@chu.ulg.ac.be,Rédaction : Re: Scanning feuille de route CHR : fichier manquant - Thunderbird,Helpdesk général,2021-04-29,15:50:41,00:00:25
stefano.crapanzano@chu.ulg.ac.be,Rédaction : Re: Scanning feuille de route CHR : fichier manquant - Thunderbird,Helpdesk général,2021-04-29,15:52:49,00:00:23
stefano.crapanzano@chu.ulg.ac.be,Rédaction : Re: Scanning feuille de route CHR : fichier manquant - Thunderbird,Helpdesk général,2021-04-29,15:53:24,00:01:07
stefano.crapanzano@chu.ulg.ac.be,Rédaction : Re: Scanning feuille de route CHR : fichier manquant - Thunderbird,Helpdesk général,2021-04-29,15:55:21,00:00:26
stefano.crapanzano@chu.ulg.ac.be,Rédaction : Re: Scanning feuille de route CHR : fichier manquant - Thunderbird,Helpdesk général,2021-04-29,15:59:29,00:00:06
stefano.crapanzano@chu.ulg.ac.be,Rédaction : Re: Scanning feuille de route CHR : fichier manquant - Thunderbird,Helpdesk général,2021-04-29,15:59:39,00:00:30
stefano.crapanzano@chu.ulg.ac.be,Rédaction : Re: Scanning feuille de route CHR : fichier manquant - Thunderbird,Helpdesk général,2021-04-29,16:00:38,00:00:57
stefano.crapanzano@chu.ulg.ac.be,Rédaction : Re: Scanning feuille de route CHR : fichier manquant - Thunderbird,Helpdesk général,2021-04-29,16:01:54,00:00:58
stefano.crapanzano@chu.ulg.ac.be,console_erpftp - [Racine de la console\Gestion de l’ordinateur (ERPFTP)\Outils système\Planificateur de tâches],IT,2021-04-29,15:54:45,00:00:03
stefano.crapanzano@chu.ulg.ac.be,console_erpftp - [Racine de la console\Gestion de l’ordinateur (ERPFTP)\Outils système\Planificateur de tâches],IT,2021-04-29,15:54:50,00:00:04
stefano.crapanzano@chu.ulg.ac.be,console_erpftp - [Racine de la console\Gestion de l’ordinateur (ERPFTP)\Outils système\Planificateur de tâches],IT,2021-04-29,15:54:56,00:00:06
stefano.crapanzano@chu.ulg.ac.be,console_erpftp - [Racine de la console\Gestion de l’ordinateur (ERPFTP)\Outils système\Planificateur de tâches\Bibliothèque du Planificateur de tâches],IT,2021-04-29,15:55:02,00:00:17
stefano.crapanzano@chu.ulg.ac.be,console_erpftp - [Racine de la console\Gestion de l’ordinateur (ERPFTP)\Outils système\Planificateur de tâches\Bibliothèque du Planificateur de tâches],IT,2021-04-29,15:55:49,00:00:09
stefano.crapanzano@chu.ulg.ac.be,console_erpftp - [Racine de la console\Gestion de l’ordinateur (ERPFTP)\Outils système\Planificateur de tâches\Bibliothèque du Planificateur de tâches],IT,2021-04-29,15:59:13,00:00:02
stefano.crapanzano@chu.ulg.ac.be,console_erpftp - [Racine de la console\Gestion de l’ordinateur (ERPFTP)\Outils système\Planificateur de tâches\Bibliothèque du Planificateur de tâches],IT,2021-04-29,16:01:41,00:00:06
stefano.crapanzano@chu.ulg.ac.be,console_erpftp - [Racine de la console\Gestion de l’ordinateur (ERPFTP)\Outils système\Planificateur de tâches\Bibliothèque du Planificateur de tâches],IT,2021-04-29,16:56:52,00:00:02
stefano.crapanzano@chu.ulg.ac.be,Propriétés de Iepacs_file_Pdf-Kofaxchu_FRCHR_Pdf (erpftp),IT,2021-04-29,15:55:58,00:00:11
stefano.crapanzano@chu.ulg.ac.be,Propriétés de Iepacs_file_Pdf-Kofaxchu_FRCHR_Pdf (erpftp),IT,2021-04-29,15:59:11,00:00:02
stefano.crapanzano@chu.ulg.ac.be,Modifier le déclencheur,IT,2021-04-29,15:56:17,00:02:54
stefano.crapanzano@chu.ulg.ac.be,Propriétés de KOFAX-KofaxCaptureSVReleaseProdFRCHR (erpftp),IT,2021-04-29,16:01:47,00:00:03
stefano.crapanzano@chu.ulg.ac.be,Propriétés de KOFAX-KofaxCaptureSVReleaseProdFRCHR (erpftp),IT,2021-04-29,16:56:48,00:00:02
stefano.crapanzano@chu.ulg.ac.be,mutterle - Mozilla Thunderbird,Helpdesk général,2021-04-29,16:03:18,00:00:02
stefano.crapanzano@chu.ulg.ac.be,Gestion des rôles,Exploration SAP,2021-04-29,16:04:41,00:00:04
stefano.crapanzano@chu.ulg.ac.be,Gestion des rôles,Exploration SAP,2021-04-29,16:05:46,00:00:04
stefano.crapanzano@chu.ulg.ac.be,Gestion des rôles,Exploration SAP,2021-04-29,16:07:31,00:10:48
stefano.crapanzano@chu.ulg.ac.be,Gestion des rôles,Exploration SAP,2021-04-29,16:18:26,00:00:07
stefano.crapanzano@chu.ulg.ac.be,Gestion des rôles,Exploration SAP,2021-04-29,16:24:40,00:00:08
stefano.crapanzano@chu.ulg.ac.be,Gestion des rôles,Exploration SAP,2021-04-29,16:25:29,00:00:02
stefano.crapanzano@chu.ulg.ac.be,Gestion des rôles,Exploration SAP,2021-04-29,16:30:36,00:00:02
stefano.crapanzano@chu.ulg.ac.be,MMSPEA - Mozilla Thunderbird,Helpdesk général,2021-04-29,16:04:59,00:00:02
stefano.crapanzano@chu.ulg.ac.be,mmspea - Mozilla Thunderbird,Helpdesk général,2021-04-29,16:05:07,00:00:02
stefano.crapanzano@chu.ulg.ac.be,mmspea - Mozilla Thunderbird,Helpdesk général,2021-04-29,16:05:18,00:00:02
stefano.crapanzano@chu.ulg.ac.be,Envoyés - stefano.crapanzano@chuliege.be - Mozilla Thunderbird,Helpdesk général,2021-04-29,16:05:13,00:00:04
stefano.crapanzano@chu.ulg.ac.be,Envoyés - stefano.crapanzano@chuliege.be - Mozilla Thunderbird,Helpdesk général,2021-04-29,16:05:21,00:00:03
stefano.crapanzano@chu.ulg.ac.be,QUA203 - Mozilla Thunderbird,Helpdesk général,2021-04-29,16:05:24,00:00:03
stefano.crapanzano@chu.ulg.ac.be,Affichage de rôles,Exploration SAP,2021-04-29,16:05:51,00:00:04
stefano.crapanzano@chu.ulg.ac.be,Affichage de rôles,Exploration SAP,2021-04-29,16:18:33,00:00:19
stefano.crapanzano@chu.ulg.ac.be,Affichage de rôles,Exploration SAP,2021-04-29,16:19:04,00:00:11
stefano.crapanzano@chu.ulg.ac.be,Affichage de rôles,Exploration SAP,2021-04-29,16:24:49,00:00:08
stefano.crapanzano@chu.ulg.ac.be,Affichage de rôles,Exploration SAP,2021-04-29,16:25:32,00:00:04
stefano.crapanzano@chu.ulg.ac.be,Affichage de rôles,Exploration SAP,2021-04-29,16:30:39,00:00:04
stefano.crapanzano@chu.ulg.ac.be,Modification de rôles,Exploration SAP,2021-04-29,16:05:55,00:00:26
stefano.crapanzano@chu.ulg.ac.be,Modification de rôles,Exploration SAP,2021-04-29,16:06:46,00:00:21
stefano.crapanzano@chu.ulg.ac.be,Modification de rôles,Exploration SAP,2021-04-29,16:07:11,00:00:18
stefano.crapanzano@chu.ulg.ac.be,Modification de rôles,Exploration SAP,2021-04-29,16:19:19,00:04:18
stefano.crapanzano@chu.ulg.ac.be,Modification de rôles,Exploration SAP,2021-04-29,16:23:42,00:00:25
stefano.crapanzano@chu.ulg.ac.be,Modification de rôles,Exploration SAP,2021-04-29,16:24:19,00:00:08
stefano.crapanzano@chu.ulg.ac.be,Modification de rôles,Exploration SAP,2021-04-29,16:24:57,00:00:03
stefano.crapanzano@chu.ulg.ac.be,Modification de rôles,Exploration SAP,2021-04-29,16:25:02,00:00:09
stefano.crapanzano@chu.ulg.ac.be,Modification de rôles,Exploration SAP,2021-04-29,16:25:27,00:00:02
stefano.crapanzano@chu.ulg.ac.be,Modification de rôles,Exploration SAP,2021-04-29,16:25:36,00:00:03
stefano.crapanzano@chu.ulg.ac.be,Modification de rôles,Exploration SAP,2021-04-29,16:25:45,00:00:02
stefano.crapanzano@chu.ulg.ac.be,Modification de rôles,Exploration SAP,2021-04-29,16:25:49,00:00:20
stefano.crapanzano@chu.ulg.ac.be,Modification de rôles,Exploration SAP,2021-04-29,16:26:27,00:02:42
stefano.crapanzano@chu.ulg.ac.be,Modification de rôles,Exploration SAP,2021-04-29,16:29:11,00:00:32
stefano.crapanzano@chu.ulg.ac.be,Modification de rôles,Exploration SAP,2021-04-29,16:29:46,00:00:16
stefano.crapanzano@chu.ulg.ac.be,Modification de rôles,Exploration SAP,2021-04-29,16:30:23,00:00:02
stefano.crapanzano@chu.ulg.ac.be,Modification de rôles,Exploration SAP,2021-04-29,16:30:47,00:00:07
stefano.crapanzano@chu.ulg.ac.be,new 8 - Notepad++ [Administrator],IT,2021-04-29,16:06:23,00:00:02
stefano.crapanzano@chu.ulg.ac.be,*new 8 - Notepad++ [Administrator],IT,2021-04-29,16:06:25,00:00:19
stefano.crapanzano@chu.ulg.ac.be,*new 8 - Notepad++ [Administrator],IT,2021-04-29,16:36:30,00:00:03
stefano.crapanzano@chu.ulg.ac.be,Affichage du protocole,Exploration SAP,2021-04-29,16:07:07,00:00:03
stefano.crapanzano@chu.ulg.ac.be,Affichage du protocole,Exploration SAP,2021-04-29,16:23:37,00:00:04
stefano.crapanzano@chu.ulg.ac.be,Affichage du protocole,Exploration SAP,2021-04-29,16:29:09,00:00:02
stefano.crapanzano@chu.ulg.ac.be,Affichage du protocole,Exploration SAP,2021-04-29,16:29:44,00:00:02
stefano.crapanzano@chu.ulg.ac.be,Modifications sont perdues.,Exploration SAP,2021-04-29,16:07:29,00:00:02
stefano.crapanzano@chu.ulg.ac.be,Modifications sont perdues.,Exploration SAP,2021-04-29,16:24:27,00:00:03
stefano.crapanzano@chu.ulg.ac.be,Modifications sont perdues.,Exploration SAP,2021-04-29,16:30:26,00:00:02
stefano.crapanzano@chu.ulg.ac.be,Comparer fiche utilisateur du rôle,Exploration SAP,2021-04-29,16:18:52,00:00:12
stefano.crapanzano@chu.ulg.ac.be,Comparer fiche utilisateur du rôle,Exploration SAP,2021-04-29,16:24:07,00:00:12
stefano.crapanzano@chu.ulg.ac.be,Comparer fiche utilisateur du rôle,Exploration SAP,2021-04-29,16:25:11,00:00:08
stefano.crapanzano@chu.ulg.ac.be,Comparer fiche utilisateur du rôle,Exploration SAP,2021-04-29,16:30:03,00:00:20
stefano.crapanzano@chu.ulg.ac.be,Comparer fiche utilisateur du rôle,Exploration SAP,2021-04-29,16:30:54,00:00:03
stefano.crapanzano@chu.ulg.ac.be,peters - Mozilla Thunderbird,Helpdesk général,2021-04-29,16:38:03,00:01:28
stefano.crapanzano@chu.ulg.ac.be,peters goal - Mozilla Thunderbird,Helpdesk général,2021-04-29,16:39:32,00:00:14
stefano.crapanzano@chu.ulg.ac.be,goal - Mozilla Thunderbird,Helpdesk général,2021-04-29,16:39:46,00:00:12
stefano.crapanzano@chu.ulg.ac.be,goal - Mozilla Thunderbird,Helpdesk général,2021-04-29,16:40:12,00:00:46
stefano.crapanzano@chu.ulg.ac.be,goal - Mozilla Thunderbird,Helpdesk général,2021-04-29,16:42:05,00:00:09
stefano.crapanzano@chu.ulg.ac.be,SDERP-18385 URGENT - GOAL - Coupure du 29/4 (DEMAIN) - Mozilla Thunderbird,Helpdesk général,2021-04-29,16:39:58,00:00:13
stefano.crapanzano@chu.ulg.ac.be,GOAL : calendrier et plan de basculement du projet - Mozilla Thunderbird,Helpdesk général,2021-04-29,16:40:59,00:01:06
stefano.crapanzano@chu.ulg.ac.be,GOAL : calendrier et plan de basculement du projet - Mozilla Thunderbird,Helpdesk général,2021-04-29,16:42:14,00:00:09
stefano.crapanzano@chu.ulg.ac.be,GOAL : calendrier et plan de basculement du projet - Mozilla Thunderbird,Helpdesk général,2021-04-29,16:42:45,00:00:06
stefano.crapanzano@chu.ulg.ac.be,Planning et cutoverplan Projet GOAL UNILAB v10.xlsx  [Mode protégé] - Excel,Tâches diverses,2021-04-29,16:42:28,00:00:16
stefano.crapanzano@chu.ulg.ac.be,cutover - Mozilla Thunderbird,Helpdesk général,2021-04-29,16:42:51,00:00:07
stefano.crapanzano@chu.ulg.ac.be,cutover - Mozilla Thunderbird,Helpdesk général,2021-04-29,16:44:38,00:00:14
stefano.crapanzano@chu.ulg.ac.be,cutover - Mozilla Thunderbird,Helpdesk général,2021-04-29,16:45:29,00:00:08
stefano.crapanzano@chu.ulg.ac.be,cutover - Mozilla Thunderbird,Helpdesk général,2021-04-29,16:46:52,00:00:03
stefano.crapanzano@chu.ulg.ac.be,GOAL : calendrier mise en production - Mozilla Thunderbird,Helpdesk général,2021-04-29,16:42:58,00:01:39
stefano.crapanzano@chu.ulg.ac.be,GOAL : calendrier mise en production - Mozilla Thunderbird,Helpdesk général,2021-04-29,16:45:22,00:00:04
stefano.crapanzano@chu.ulg.ac.be,GOAL : calendrier mise en production - Mozilla Thunderbird,Helpdesk général,2021-04-29,16:45:38,00:01:14
stefano.crapanzano@chu.ulg.ac.be,calendrier mise en production goal - Mozilla Thunderbird,Helpdesk général,2021-04-29,16:44:59,00:00:07
stefano.crapanzano@chu.ulg.ac.be,calendrier mise en production goal - Mozilla Thunderbird,Helpdesk général,2021-04-29,16:45:10,00:00:12
stefano.crapanzano@chu.ulg.ac.be,calendrier mise en production goal - Mozilla Thunderbird,Helpdesk général,2021-04-29,16:45:27,00:00:02
stefano.crapanzano@chu.ulg.ac.be,Archives - erp.sai@chuliege.be - Mozilla Thunderbird,Helpdesk général,2021-04-29,16:48:26,00:00:02
stefano.crapanzano@chu.ulg.ac.be,2021 - erp.sai@chuliege.be - Mozilla Thunderbird,Helpdesk général,2021-04-29,16:47:09,00:00:25
stefano.crapanzano@chu.ulg.ac.be,stefano.crapanzano@chuliege.be - Mozilla Thunderbird,Helpdesk général,2021-04-29,16:55:49,00:00:02
stefano.crapanzano@chu.ulg.ac.be,Microsoft Management Console,IT,2021-04-29,16:56:55,00:00:02
