Email,Description,Project,Start date,Start time,Duration
stefano.crapanzano@chu.ulg.ac.be,Administrateur : Perl (command line) - python  main.py,IT,2021-04-26,08:25:07,00:00:03
stefano.crapanzano@chu.ulg.ac.be,Administrateur : Perl (command line) - python  main.py,IT,2021-04-26,08:29:44,00:00:02
stefano.crapanzano@chu.ulg.ac.be,Administrateur : Perl (command line) - python  main.py,IT,2021-04-26,11:16:00,00:00:03
stefano.crapanzano@chu.ulg.ac.be,Administrateur : Perl (command line) - python  main.py,IT,2021-04-26,12:11:41,00:00:02
stefano.crapanzano@chu.ulg.ac.be,Courrier entrant - stefano.crapanzano@chuliege.be - Mozilla Thunderbird,Helpdesk général,2021-04-26,08:25:10,00:00:02
stefano.crapanzano@chu.ulg.ac.be,Courrier entrant - stefano.crapanzano@chuliege.be - Mozilla Thunderbird,Helpdesk général,2021-04-26,08:26:47,00:02:18
stefano.crapanzano@chu.ulg.ac.be,Courrier entrant - stefano.crapanzano@chuliege.be - Mozilla Thunderbird,Helpdesk général,2021-04-26,11:18:13,00:00:08
stefano.crapanzano@chu.ulg.ac.be,Courrier entrant - stefano.crapanzano@chuliege.be - Mozilla Thunderbird,Helpdesk général,2021-04-26,11:40:49,00:07:45
stefano.crapanzano@chu.ulg.ac.be,Courrier entrant - stefano.crapanzano@chuliege.be - Mozilla Thunderbird,Helpdesk général,2021-04-26,11:48:57,00:22:43
stefano.crapanzano@chu.ulg.ac.be,Courrier entrant - stefano.crapanzano@chuliege.be - Mozilla Thunderbird,Helpdesk général,2021-04-26,12:36:02,00:00:02
stefano.crapanzano@chu.ulg.ac.be,Courrier entrant - stefano.crapanzano@chuliege.be - Mozilla Thunderbird,Helpdesk général,2021-04-26,12:36:08,00:00:03
stefano.crapanzano@chu.ulg.ac.be,Courrier entrant - stefano.crapanzano@chuliege.be - Mozilla Thunderbird,Helpdesk général,2021-04-26,12:39:03,00:00:37
stefano.crapanzano@chu.ulg.ac.be,Courrier entrant - stefano.crapanzano@chuliege.be - Mozilla Thunderbird,Helpdesk général,2021-04-26,12:39:42,00:00:10
stefano.crapanzano@chu.ulg.ac.be,Courrier entrant - stefano.crapanzano@chuliege.be - Mozilla Thunderbird,Helpdesk général,2021-04-26,13:26:43,00:00:14
stefano.crapanzano@chu.ulg.ac.be,Courrier entrant - stefano.crapanzano@chuliege.be - Mozilla Thunderbird,Helpdesk général,2021-04-26,13:27:08,00:00:03
stefano.crapanzano@chu.ulg.ac.be,Courrier entrant - stefano.crapanzano@chuliege.be - Mozilla Thunderbird,Helpdesk général,2021-04-26,13:27:16,00:00:06
stefano.crapanzano@chu.ulg.ac.be,Courrier entrant - stefano.crapanzano@chuliege.be - Mozilla Thunderbird,Helpdesk général,2021-04-26,13:27:41,00:00:03
stefano.crapanzano@chu.ulg.ac.be,Courrier entrant - stefano.crapanzano@chuliege.be - Mozilla Thunderbird,Helpdesk général,2021-04-26,13:27:49,00:00:03
stefano.crapanzano@chu.ulg.ac.be,Courrier entrant - stefano.crapanzano@chuliege.be - Mozilla Thunderbird,Helpdesk général,2021-04-26,13:31:32,00:00:19
stefano.crapanzano@chu.ulg.ac.be,Courrier entrant - stefano.crapanzano@chuliege.be - Mozilla Thunderbird,Helpdesk général,2021-04-26,14:22:39,00:00:02
stefano.crapanzano@chu.ulg.ac.be,Courrier entrant - stefano.crapanzano@chuliege.be - Mozilla Thunderbird,Helpdesk général,2021-04-26,14:57:07,00:00:03
stefano.crapanzano@chu.ulg.ac.be,Courrier entrant - erp.sai@chuliege.be - Mozilla Thunderbird,Helpdesk général,2021-04-26,08:25:13,00:01:34
stefano.crapanzano@chu.ulg.ac.be,Courrier entrant - erp.sai@chuliege.be - Mozilla Thunderbird,Helpdesk général,2021-04-26,08:29:05,00:00:02
stefano.crapanzano@chu.ulg.ac.be,Courrier entrant - erp.sai@chuliege.be - Mozilla Thunderbird,Helpdesk général,2021-04-26,08:29:24,00:00:07
stefano.crapanzano@chu.ulg.ac.be,Courrier entrant - erp.sai@chuliege.be - Mozilla Thunderbird,Helpdesk général,2021-04-26,08:29:42,00:00:02
stefano.crapanzano@chu.ulg.ac.be,Courrier entrant - erp.sai@chuliege.be - Mozilla Thunderbird,Helpdesk général,2021-04-26,08:29:47,00:00:20
stefano.crapanzano@chu.ulg.ac.be,Courrier entrant - erp.sai@chuliege.be - Mozilla Thunderbird,Helpdesk général,2021-04-26,08:33:44,01:02:14
stefano.crapanzano@chu.ulg.ac.be,Courrier entrant - erp.sai@chuliege.be - Mozilla Thunderbird,Helpdesk général,2021-04-26,09:36:07,00:00:07
stefano.crapanzano@chu.ulg.ac.be,Courrier entrant - erp.sai@chuliege.be - Mozilla Thunderbird,Helpdesk général,2021-04-26,11:16:03,00:00:09
stefano.crapanzano@chu.ulg.ac.be,Courrier entrant - erp.sai@chuliege.be - Mozilla Thunderbird,Helpdesk général,2021-04-26,11:17:39,00:00:33
stefano.crapanzano@chu.ulg.ac.be,Courrier entrant - erp.sai@chuliege.be - Mozilla Thunderbird,Helpdesk général,2021-04-26,11:18:21,00:06:40
stefano.crapanzano@chu.ulg.ac.be,Courrier entrant - erp.sai@chuliege.be - Mozilla Thunderbird,Helpdesk général,2021-04-26,11:29:20,00:00:17
stefano.crapanzano@chu.ulg.ac.be,Courrier entrant - erp.sai@chuliege.be - Mozilla Thunderbird,Helpdesk général,2021-04-26,11:40:47,00:00:02
stefano.crapanzano@chu.ulg.ac.be,Courrier entrant - erp.sai@chuliege.be - Mozilla Thunderbird,Helpdesk général,2021-04-26,12:11:44,00:00:17
stefano.crapanzano@chu.ulg.ac.be,Courrier entrant - erp.sai@chuliege.be - Mozilla Thunderbird,Helpdesk général,2021-04-26,12:13:59,00:00:03
stefano.crapanzano@chu.ulg.ac.be,Courrier entrant - erp.sai@chuliege.be - Mozilla Thunderbird,Helpdesk général,2021-04-26,12:14:29,00:00:06
stefano.crapanzano@chu.ulg.ac.be,Courrier entrant - erp.sai@chuliege.be - Mozilla Thunderbird,Helpdesk général,2021-04-26,12:36:00,00:00:02
stefano.crapanzano@chu.ulg.ac.be,Courrier entrant - erp.sai@chuliege.be - Mozilla Thunderbird,Helpdesk général,2021-04-26,12:36:05,00:00:03
stefano.crapanzano@chu.ulg.ac.be,Courrier entrant - erp.sai@chuliege.be - Mozilla Thunderbird,Helpdesk général,2021-04-26,12:36:12,00:02:51
stefano.crapanzano@chu.ulg.ac.be,Courrier entrant - erp.sai@chuliege.be - Mozilla Thunderbird,Helpdesk général,2021-04-26,14:22:42,00:00:06
stefano.crapanzano@chu.ulg.ac.be,Courrier entrant - erp.sai@chuliege.be - Mozilla Thunderbird,Helpdesk général,2021-04-26,14:29:06,00:00:02
stefano.crapanzano@chu.ulg.ac.be,Courrier entrant - erp.sai@chuliege.be - Mozilla Thunderbird,Helpdesk général,2021-04-26,14:29:31,00:00:03
stefano.crapanzano@chu.ulg.ac.be,Courrier entrant - erp.sai@chuliege.be - Mozilla Thunderbird,Helpdesk général,2021-04-26,14:31:00,00:00:02
stefano.crapanzano@chu.ulg.ac.be,Courrier entrant - erp.sai@chuliege.be - Mozilla Thunderbird,Helpdesk général,2021-04-26,14:57:10,00:00:04
stefano.crapanzano@chu.ulg.ac.be,Courrier entrant - erp.sai@chuliege.be - Mozilla Thunderbird,Helpdesk général,2021-04-26,14:57:52,00:00:02
stefano.crapanzano@chu.ulg.ac.be,Courrier entrant - erp.sai@chuliege.be - Mozilla Thunderbird,Helpdesk général,2021-04-26,14:57:56,00:00:04
stefano.crapanzano@chu.ulg.ac.be,Navigation système de fichier,IT,2021-04-26,08:29:08,00:00:02
stefano.crapanzano@chu.ulg.ac.be,Navigation système de fichier,IT,2021-04-26,08:29:31,00:00:02
stefano.crapanzano@chu.ulg.ac.be,Navigation système de fichier,IT,2021-04-26,08:29:36,00:00:03
stefano.crapanzano@chu.ulg.ac.be,Navigation système de fichier,IT,2021-04-26,08:30:07,00:00:02
stefano.crapanzano@chu.ulg.ac.be,Navigation système de fichier,IT,2021-04-26,09:35:59,00:00:05
stefano.crapanzano@chu.ulg.ac.be,Navigation système de fichier,IT,2021-04-26,09:48:22,01:27:37
stefano.crapanzano@chu.ulg.ac.be,Navigation système de fichier,IT,2021-04-26,11:36:25,00:00:02
stefano.crapanzano@chu.ulg.ac.be,Navigation système de fichier,IT,2021-04-26,11:37:52,00:00:17
stefano.crapanzano@chu.ulg.ac.be,Navigation système de fichier,IT,2021-04-26,12:14:35,00:18:35
stefano.crapanzano@chu.ulg.ac.be,Navigation système de fichier,IT,2021-04-26,12:35:08,00:00:02
stefano.crapanzano@chu.ulg.ac.be,Navigation système de fichier,IT,2021-04-26,12:41:37,00:00:03
stefano.crapanzano@chu.ulg.ac.be,Navigation système de fichier,IT,2021-04-26,12:44:50,00:00:02
stefano.crapanzano@chu.ulg.ac.be,Navigation système de fichier,IT,2021-04-26,12:48:42,00:00:06
stefano.crapanzano@chu.ulg.ac.be,Navigation système de fichier,IT,2021-04-26,13:37:16,00:00:02
stefano.crapanzano@chu.ulg.ac.be,Navigation système de fichier,IT,2021-04-26,13:41:40,00:00:02
stefano.crapanzano@chu.ulg.ac.be,Navigation système de fichier,IT,2021-04-26,13:45:37,00:00:03
stefano.crapanzano@chu.ulg.ac.be,Navigation système de fichier,IT,2021-04-26,13:48:40,00:00:02
stefano.crapanzano@chu.ulg.ac.be,Navigation système de fichier,IT,2021-04-26,13:48:59,00:00:02
stefano.crapanzano@chu.ulg.ac.be,Navigation système de fichier,IT,2021-04-26,14:12:36,00:00:13
stefano.crapanzano@chu.ulg.ac.be,Navigation système de fichier,IT,2021-04-26,14:13:35,00:00:02
stefano.crapanzano@chu.ulg.ac.be,Navigation système de fichier,IT,2021-04-26,14:13:59,00:00:02
stefano.crapanzano@chu.ulg.ac.be,Navigation système de fichier,IT,2021-04-26,14:17:34,00:00:02
stefano.crapanzano@chu.ulg.ac.be,Navigation système de fichier,IT,2021-04-26,14:17:41,00:00:03
stefano.crapanzano@chu.ulg.ac.be,Navigation système de fichier,IT,2021-04-26,14:18:36,00:00:02
stefano.crapanzano@chu.ulg.ac.be,Navigation système de fichier,IT,2021-04-26,14:20:43,00:00:04
stefano.crapanzano@chu.ulg.ac.be,Navigation système de fichier,IT,2021-04-26,14:24:45,00:00:03
stefano.crapanzano@chu.ulg.ac.be,Navigation système de fichier,IT,2021-04-26,14:26:59,00:00:03
stefano.crapanzano@chu.ulg.ac.be,Navigation système de fichier,IT,2021-04-26,14:57:33,00:00:02
stefano.crapanzano@chu.ulg.ac.be,Navigation système de fichier,IT,2021-04-26,14:57:50,00:00:02
stefano.crapanzano@chu.ulg.ac.be,Navigation système de fichier,IT,2021-04-26,14:58:48,00:00:05
stefano.crapanzano@chu.ulg.ac.be,Navigation système de fichier,IT,2021-04-26,16:45:01,00:00:02
stefano.crapanzano@chu.ulg.ac.be,Rédaction : Re: Erreur dans le test IDOC_MONITORING - Thunderbird,Helpdesk général,2021-04-26,08:29:10,00:00:04
stefano.crapanzano@chu.ulg.ac.be,Enregistrer le message,Helpdesk général,2021-04-26,08:29:15,00:00:02
stefano.crapanzano@chu.ulg.ac.be,Rédaction : Ajout de quelques erreurs de catalogue dans GLIMS test - Thunderbird,Helpdesk général,2021-04-26,08:29:19,00:00:03
stefano.crapanzano@chu.ulg.ac.be,erpmanager - Total Commander (x64) 9.0a - NOT REGISTERED,Tâches diverses,2021-04-26,08:29:34,00:00:02
stefano.crapanzano@chu.ulg.ac.be,Nouvel onglet - Google Chrome,Tâches diverses,2021-04-26,08:30:10,00:00:07
stefano.crapanzano@chu.ulg.ac.be,Nouvel onglet - Google Chrome,Tâches diverses,2021-04-26,12:35:13,00:00:02
stefano.crapanzano@chu.ulg.ac.be,Nouvel onglet - Google Chrome,Tâches diverses,2021-04-26,12:45:17,00:00:07
stefano.crapanzano@chu.ulg.ac.be,Nouvel onglet - Google Chrome,Tâches diverses,2021-04-26,16:45:52,00:00:07
stefano.crapanzano@chu.ulg.ac.be,Identification - Google Chrome,Tâches diverses,2021-04-26,08:30:18,00:00:06
stefano.crapanzano@chu.ulg.ac.be,POST data - Google Chrome,Tâches diverses,2021-04-26,12:35:15,00:00:03
stefano.crapanzano@chu.ulg.ac.be,https://decis.chu.ulg.ac.be/STPNET/stpnetdll.dll/dQFN8gs2UKoOQNdnjARUha/$/ - Google Chrome,Tâches diverses,2021-04-26,08:30:25,00:00:04
stefano.crapanzano@chu.ulg.ac.be,STPNet : login - Google Chrome,Tâches diverses,2021-04-26,08:30:31,00:00:02
stefano.crapanzano@chu.ulg.ac.be,STP : planning - Google Chrome,Tâches diverses,2021-04-26,08:30:33,00:00:02
stefano.crapanzano@chu.ulg.ac.be,Planning équipes - Google Chrome,Tâches diverses,2021-04-26,08:30:36,00:03:04
stefano.crapanzano@chu.ulg.ac.be,SAP GUI for Windows 750,Exploration SAP,2021-04-26,08:33:42,00:00:02
stefano.crapanzano@chu.ulg.ac.be,Brouillons - stefano.crapanzano@chuliege.be - Mozilla Thunderbird,Helpdesk général,2021-04-26,09:36:05,00:00:02
stefano.crapanzano@chu.ulg.ac.be,Boîte de Réception - Zimbra - Stefano Crapanzano - Outlook,Helpdesk général,2021-04-26,09:36:15,00:00:02
stefano.crapanzano@chu.ulg.ac.be,Boîte de réception - erp.sai@chuliege.be - Outlook,Helpdesk général,2021-04-26,09:36:18,00:00:08
stefano.crapanzano@chu.ulg.ac.be,Boîte de réception - erp.sai@chuliege.be - Outlook,Helpdesk général,2021-04-26,09:36:35,00:00:02
stefano.crapanzano@chu.ulg.ac.be,discordances_glims_sap_2021_04_26_09_34_59.xlsx - Excel,Tâches diverses,2021-04-26,09:36:29,00:00:03
stefano.crapanzano@chu.ulg.ac.be,Règles cohérence.xlsx - Excel,Tâches diverses,2021-04-26,09:36:37,00:11:45
stefano.crapanzano@chu.ulg.ac.be,Règles cohérence.xlsx - Excel,Tâches diverses,2021-04-26,11:38:10,00:00:07
stefano.crapanzano@chu.ulg.ac.be,Rédaction : Fwd: SDERP-18364 P203 CHU Ajout de 2 tables dans fichier extract BI SAAS.zip - Thunderbird,Helpdesk général,2021-04-26,11:16:14,00:01:21
stefano.crapanzano@chu.ulg.ac.be,Vérification de l’orthographe,Helpdesk général,2021-04-26,14:28:48,00:00:02
stefano.crapanzano@chu.ulg.ac.be,Netop Invité,Helpdesk général,2021-04-26,11:25:02,00:00:04
stefano.crapanzano@chu.ulg.ac.be,Netop Invité,Helpdesk général,2021-04-26,11:36:27,00:00:08
stefano.crapanzano@chu.ulg.ac.be,Netop Invité,Helpdesk général,2021-04-26,12:14:05,00:00:24
stefano.crapanzano@chu.ulg.ac.be,Netop Invité,Helpdesk général,2021-04-26,12:33:10,00:00:08
stefano.crapanzano@chu.ulg.ac.be,Netop Invité,Helpdesk général,2021-04-26,14:00:48,00:00:02
stefano.crapanzano@chu.ulg.ac.be,Netop Invité,Helpdesk général,2021-04-26,14:04:26,00:00:02
stefano.crapanzano@chu.ulg.ac.be,Connexion à l'aide de l'authentification Windows,Helpdesk général,2021-04-26,11:25:06,00:00:03
stefano.crapanzano@chu.ulg.ac.be,Connexion à l'aide de l'authentification Windows,Helpdesk général,2021-04-26,12:33:20,00:00:02
stefano.crapanzano@chu.ulg.ac.be,Connexion à l'aide de l'authentification Windows,Helpdesk général,2021-04-26,14:00:51,00:00:02
stefano.crapanzano@chu.ulg.ac.be,erpftp - Netop Remote Control,Helpdesk général,2021-04-26,11:25:12,00:04:07
stefano.crapanzano@chu.ulg.ac.be,erpftp - Netop Remote Control,Helpdesk général,2021-04-26,11:29:37,00:06:45
stefano.crapanzano@chu.ulg.ac.be,erpftp - Netop Remote Control,Helpdesk général,2021-04-26,11:36:37,00:01:14
stefano.crapanzano@chu.ulg.ac.be,erpftp - Netop Remote Control,Helpdesk général,2021-04-26,11:38:33,00:02:14
stefano.crapanzano@chu.ulg.ac.be,erpftp - Netop Remote Control,Helpdesk général,2021-04-26,11:48:34,00:00:22
stefano.crapanzano@chu.ulg.ac.be,erpftp - Netop Remote Control,Helpdesk général,2021-04-26,12:33:24,00:01:44
stefano.crapanzano@chu.ulg.ac.be,erpftp - Netop Remote Control,Helpdesk général,2021-04-26,12:35:33,00:00:12
stefano.crapanzano@chu.ulg.ac.be,erpftp - Netop Remote Control,Helpdesk général,2021-04-26,12:35:48,00:00:02
stefano.crapanzano@chu.ulg.ac.be,erpftp - Netop Remote Control,Helpdesk général,2021-04-26,12:47:37,00:00:02
stefano.crapanzano@chu.ulg.ac.be,erpftp - Netop Remote Control,Helpdesk général,2021-04-26,12:47:43,00:00:03
stefano.crapanzano@chu.ulg.ac.be,erpftp - Netop Remote Control,Helpdesk général,2021-04-26,12:47:53,00:00:02
stefano.crapanzano@chu.ulg.ac.be,erpftp - Netop Remote Control,Helpdesk général,2021-04-26,12:50:32,00:00:10
stefano.crapanzano@chu.ulg.ac.be,erpftp - Netop Remote Control,Helpdesk général,2021-04-26,12:50:45,00:00:02
stefano.crapanzano@chu.ulg.ac.be,erpftp - Netop Remote Control,Helpdesk général,2021-04-26,12:50:56,00:00:02
stefano.crapanzano@chu.ulg.ac.be,discordances_glims_sap_2021_04_26_11_37_16.xlsx  [Lecture seule] - Excel,Tâches diverses,2021-04-26,11:38:18,00:00:10
stefano.crapanzano@chu.ulg.ac.be,Lecture documentation,Tâches diverses,2021-04-26,12:12:02,00:01:56
stefano.crapanzano@chu.ulg.ac.be,Lecture documentation,Tâches diverses,2021-04-26,13:45:41,00:02:58
stefano.crapanzano@chu.ulg.ac.be,Lecture documentation,Tâches diverses,2021-04-26,13:49:08,00:03:24
stefano.crapanzano@chu.ulg.ac.be,Lecture documentation,Tâches diverses,2021-04-26,14:20:48,00:00:04
stefano.crapanzano@chu.ulg.ac.be,Lecture documentation,Tâches diverses,2021-04-26,14:21:56,00:00:40
stefano.crapanzano@chu.ulg.ac.be,Lecture documentation,Tâches diverses,2021-04-26,14:24:00,00:00:05
stefano.crapanzano@chu.ulg.ac.be,Lecture documentation,Tâches diverses,2021-04-26,14:29:00,00:00:02
stefano.crapanzano@chu.ulg.ac.be,Lecture documentation,Tâches diverses,2021-04-26,14:57:46,00:00:03
stefano.crapanzano@chu.ulg.ac.be,Lecture documentation,Tâches diverses,2021-04-26,14:59:15,01:45:45
stefano.crapanzano@chu.ulg.ac.be,erpftp,Helpdesk général,2021-04-26,12:14:03,00:00:02
stefano.crapanzano@chu.ulg.ac.be,Download SpaceSniffer latest release - Google Chrome,Tâches diverses,2021-04-26,12:40:06,00:00:02
stefano.crapanzano@chu.ulg.ac.be,LABO - Stock article - Google Chrome,Tâches diverses,2021-04-26,12:35:19,00:00:13
stefano.crapanzano@chu.ulg.ac.be,LABO - Stock article - Google Chrome,Tâches diverses,2021-04-26,12:35:50,00:00:09
stefano.crapanzano@chu.ulg.ac.be,LABO - Stock article - Google Chrome,Tâches diverses,2021-04-26,12:39:53,00:00:13
stefano.crapanzano@chu.ulg.ac.be,LABO - Stock article - Google Chrome,Tâches diverses,2021-04-26,12:40:08,00:00:06
stefano.crapanzano@chu.ulg.ac.be,LABO - Stock article - Google Chrome,Tâches diverses,2021-04-26,12:47:22,00:00:13
stefano.crapanzano@chu.ulg.ac.be,LABO - Stock article - Google Chrome,Tâches diverses,2021-04-26,12:47:46,00:00:05
stefano.crapanzano@chu.ulg.ac.be,LABO - Stock article - Google Chrome,Tâches diverses,2021-04-26,12:50:26,00:00:04
stefano.crapanzano@chu.ulg.ac.be,LABO - Stock article - Google Chrome,Tâches diverses,2021-04-26,12:50:43,00:00:02
stefano.crapanzano@chu.ulg.ac.be,LABO - Stock article - Google Chrome,Tâches diverses,2021-04-26,12:56:51,00:29:44
stefano.crapanzano@chu.ulg.ac.be,*new 6 - Notepad++ [Administrator],IT,2021-04-26,12:41:42,00:00:04
stefano.crapanzano@chu.ulg.ac.be,*new 6 - Notepad++ [Administrator],IT,2021-04-26,12:42:06,00:00:03
stefano.crapanzano@chu.ulg.ac.be,*new 6 - Notepad++ [Administrator],IT,2021-04-26,12:42:36,00:00:10
stefano.crapanzano@chu.ulg.ac.be,*new 6 - Notepad++ [Administrator],IT,2021-04-26,12:43:17,00:00:02
stefano.crapanzano@chu.ulg.ac.be,*new 6 - Notepad++ [Administrator],IT,2021-04-26,12:43:42,00:01:08
stefano.crapanzano@chu.ulg.ac.be,*new 6 - Notepad++ [Administrator],IT,2021-04-26,12:49:10,00:00:36
stefano.crapanzano@chu.ulg.ac.be,*new 6 - Notepad++ [Administrator],IT,2021-04-26,12:49:54,00:00:02
stefano.crapanzano@chu.ulg.ac.be,Rechercher,IT,2021-04-26,12:42:09,00:00:02
stefano.crapanzano@chu.ulg.ac.be,Rechercher,IT,2021-04-26,12:49:46,00:00:02
stefano.crapanzano@chu.ulg.ac.be,Remplacer,IT,2021-04-26,12:41:48,00:00:18
stefano.crapanzano@chu.ulg.ac.be,Remplacer,IT,2021-04-26,12:42:12,00:00:21
stefano.crapanzano@chu.ulg.ac.be,Remplacer,IT,2021-04-26,12:42:47,00:00:30
stefano.crapanzano@chu.ulg.ac.be,Remplacer,IT,2021-04-26,12:43:19,00:00:22
stefano.crapanzano@chu.ulg.ac.be,Remplacer,IT,2021-04-26,12:49:48,00:00:06
stefano.crapanzano@chu.ulg.ac.be,klaus joa - Recherche Google - Google Chrome,Tâches diverses,2021-04-26,12:45:24,00:00:18
stefano.crapanzano@chu.ulg.ac.be,nmeacha - Recherche Google - Google Chrome,Tâches diverses,2021-04-26,12:45:43,00:00:15
stefano.crapanzano@chu.ulg.ac.be,nmeacha - Recherche Google - Google Chrome,Tâches diverses,2021-04-26,12:46:43,00:00:02
stefano.crapanzano@chu.ulg.ac.be,Lukas Nmecha — Wikipédia - Google Chrome,Tâches diverses,2021-04-26,12:45:58,00:00:44
stefano.crapanzano@chu.ulg.ac.be,Confirmation,Helpdesk général,2021-04-26,12:47:39,00:00:03
stefano.crapanzano@chu.ulg.ac.be,Classeur2 - Excel,Tâches diverses,2021-04-26,12:48:49,00:00:08
stefano.crapanzano@chu.ulg.ac.be,Classeur2 - Excel,Tâches diverses,2021-04-26,12:49:01,00:00:07
stefano.crapanzano@chu.ulg.ac.be,Supprimer les doublons,Tâches diverses,2021-04-26,12:48:58,00:00:02
stefano.crapanzano@chu.ulg.ac.be,SAP Logon 750,Exploration SAP,2021-04-26,13:26:35,00:00:07
stefano.crapanzano@chu.ulg.ac.be,SAP Logon 750,Exploration SAP,2021-04-26,16:45:04,00:00:04
stefano.crapanzano@chu.ulg.ac.be,SAP Easy Access Menu de base Applications financières-économiques,Exploration SAP,2021-04-26,13:26:57,00:00:09
stefano.crapanzano@chu.ulg.ac.be,SAP Easy Access Menu de base Applications financières-économiques,Exploration SAP,2021-04-26,13:28:29,00:00:04
stefano.crapanzano@chu.ulg.ac.be,SAP Easy Access Menu de base Applications financières-économiques,Exploration SAP,2021-04-26,13:42:24,00:00:03
stefano.crapanzano@chu.ulg.ac.be,SAP Easy Access Menu de base Applications financières-économiques,Exploration SAP,2021-04-26,14:13:21,00:00:04
stefano.crapanzano@chu.ulg.ac.be,SAP Easy Access Menu de base Applications financières-économiques,Exploration SAP,2021-04-26,14:24:48,00:00:04
stefano.crapanzano@chu.ulg.ac.be,SAP Easy Access Menu de base Applications financières-économiques,Exploration SAP,2021-04-26,16:46:19,00:00:06
stefano.crapanzano@chu.ulg.ac.be,SAP Easy Access Menu de base Applications financières-économiques,Exploration SAP,2021-04-26,16:46:36,00:00:04
stefano.crapanzano@chu.ulg.ac.be,Rapport historique de paniers,Exploration SAP,2021-04-26,13:27:13,00:00:03
stefano.crapanzano@chu.ulg.ac.be,Rapport historique de paniers,Exploration SAP,2021-04-26,13:27:22,00:00:19
stefano.crapanzano@chu.ulg.ac.be,Rapport historique de paniers,Exploration SAP,2021-04-26,13:27:45,00:00:03
stefano.crapanzano@chu.ulg.ac.be,Rapport historique de paniers,Exploration SAP,2021-04-26,13:27:53,00:00:04
stefano.crapanzano@chu.ulg.ac.be,Rapport historique de paniers,Exploration SAP,2021-04-26,13:28:19,00:00:10
stefano.crapanzano@chu.ulg.ac.be,Rapport historique de paniers,Exploration SAP,2021-04-26,13:28:53,00:00:03
stefano.crapanzano@chu.ulg.ac.be,Commande interv. 40 4000190262 créée par Elise LAMBERT,Exploration SAP,2021-04-26,13:28:34,00:00:02
stefano.crapanzano@chu.ulg.ac.be,Sélectionner document,Exploration SAP,2021-04-26,13:28:41,00:00:02
stefano.crapanzano@chu.ulg.ac.be,Sélectionner document,Exploration SAP,2021-04-26,13:28:47,00:00:06
stefano.crapanzano@chu.ulg.ac.be,Sélectionner document,Exploration SAP,2021-04-26,13:28:57,00:00:02
stefano.crapanzano@chu.ulg.ac.be,TypeAheadPopup,Exploration SAP,2021-04-26,13:28:38,00:00:02
stefano.crapanzano@chu.ulg.ac.be,TypeAheadPopup,Exploration SAP,2021-04-26,13:28:44,00:00:03
stefano.crapanzano@chu.ulg.ac.be,Commande interv. 40 4000132114 créée par Elise LAMBERT,Exploration SAP,2021-04-26,13:29:01,00:01:01
stefano.crapanzano@chu.ulg.ac.be,Commande interv. 40 4000132114 créée par Elise LAMBERT,Exploration SAP,2021-04-26,13:30:09,00:00:02
stefano.crapanzano@chu.ulg.ac.be,Commande interv. 40 4000132114 créée par Elise LAMBERT,Exploration SAP,2021-04-26,13:30:20,00:00:03
stefano.crapanzano@chu.ulg.ac.be,Commande interv. 40 4000132114 créée par Elise LAMBERT,Exploration SAP,2021-04-26,13:30:29,00:00:12
stefano.crapanzano@chu.ulg.ac.be,Commande interv. 40 4000132114 créée par Elise LAMBERT,Exploration SAP,2021-04-26,13:30:43,00:00:04
stefano.crapanzano@chu.ulg.ac.be,Commande interv. 40 4000132114 créée par Elise LAMBERT,Exploration SAP,2021-04-26,13:38:31,00:00:28
stefano.crapanzano@chu.ulg.ac.be,Commande interv. 40 4000132114 créée par Elise LAMBERT,Exploration SAP,2021-04-26,13:39:33,00:00:07
stefano.crapanzano@chu.ulg.ac.be,Commande interv. 40 4000132114 créée par Elise LAMBERT,Exploration SAP,2021-04-26,13:39:43,00:00:04
stefano.crapanzano@chu.ulg.ac.be,Commande interv. 40 4000132114 créée par Elise LAMBERT,Exploration SAP,2021-04-26,13:40:08,00:00:05
stefano.crapanzano@chu.ulg.ac.be,Commande interv. 40 4000132114 créée par Elise LAMBERT,Exploration SAP,2021-04-26,13:42:22,00:00:02
stefano.crapanzano@chu.ulg.ac.be,Commande interv. 40 4000132114 créée par Elise LAMBERT,Exploration SAP,2021-04-26,13:43:03,00:00:03
stefano.crapanzano@chu.ulg.ac.be,Commande interv. 40 4000132114 créée par Elise LAMBERT,Exploration SAP,2021-04-26,13:44:42,00:00:13
stefano.crapanzano@chu.ulg.ac.be,Commande interv. 40 4000132114 créée par Elise LAMBERT,Exploration SAP,2021-04-26,13:45:04,00:00:33
stefano.crapanzano@chu.ulg.ac.be,Commande interv. 40 4000132114 créée par Elise LAMBERT,Exploration SAP,2021-04-26,13:48:42,00:00:16
stefano.crapanzano@chu.ulg.ac.be,Commande interv. 40 4000132114 créée par Elise LAMBERT,Helpdesk général,2021-04-26,14:03:41,00:00:42
stefano.crapanzano@chu.ulg.ac.be,Commande interv. 40 4000132114 créée par Elise LAMBERT,Exploration SAP,2021-04-26,14:04:28,00:08:07
stefano.crapanzano@chu.ulg.ac.be,Commande interv. 40 4000132114 créée par Elise LAMBERT,Exploration SAP,2021-04-26,14:12:52,00:00:02
stefano.crapanzano@chu.ulg.ac.be,Commande interv. 40 4000132114 créée par Elise LAMBERT,Exploration SAP,2021-04-26,14:24:53,00:00:15
stefano.crapanzano@chu.ulg.ac.be,Commande interv. 40 4000132114 créée par Elise LAMBERT,Exploration SAP,2021-04-26,14:25:27,00:00:02
stefano.crapanzano@chu.ulg.ac.be,Commande interv. 40 4000132114 créée par Elise LAMBERT,Exploration SAP,2021-04-26,14:25:35,00:00:02
stefano.crapanzano@chu.ulg.ac.be,Commande interv. 40 4000132114 créée par Elise LAMBERT,Exploration SAP,2021-04-26,14:35:57,00:00:33
stefano.crapanzano@chu.ulg.ac.be,Commande interv. 40 4000132114 créée par Elise LAMBERT,Exploration SAP,2021-04-26,14:36:33,00:20:27
stefano.crapanzano@chu.ulg.ac.be,Greenshot capture form,Helpdesk général,2021-04-26,13:30:02,00:00:07
stefano.crapanzano@chu.ulg.ac.be,Greenshot capture form,Helpdesk général,2021-04-26,14:14:34,00:00:07
stefano.crapanzano@chu.ulg.ac.be,Greenshot capture form,Helpdesk général,2021-04-26,14:16:12,00:00:16
stefano.crapanzano@chu.ulg.ac.be,Greenshot capture form,Helpdesk général,2021-04-26,14:25:40,00:00:06
stefano.crapanzano@chu.ulg.ac.be,Problème SAP - Mozilla Thunderbird,Helpdesk général,2021-04-26,13:31:52,00:00:07
stefano.crapanzano@chu.ulg.ac.be,Problème SAP - Mozilla Thunderbird,Helpdesk général,2021-04-26,14:13:00,00:00:19
stefano.crapanzano@chu.ulg.ac.be,Problème SAP - Mozilla Thunderbird,Helpdesk général,2021-04-26,14:13:31,00:00:03
stefano.crapanzano@chu.ulg.ac.be,Problème SAP - Mozilla Thunderbird,Helpdesk général,2021-04-26,14:13:42,00:00:14
stefano.crapanzano@chu.ulg.ac.be,Problème SAP - Mozilla Thunderbird,Helpdesk général,2021-04-26,14:14:52,00:00:07
stefano.crapanzano@chu.ulg.ac.be,Problème SAP - Mozilla Thunderbird,Helpdesk général,2021-04-26,14:17:36,00:00:03
stefano.crapanzano@chu.ulg.ac.be,Rédaction : Re: Problème SAP - Thunderbird,Helpdesk général,2021-04-26,13:31:59,00:05:16
stefano.crapanzano@chu.ulg.ac.be,Rédaction : Re: Problème SAP - Thunderbird,Helpdesk général,2021-04-26,13:37:27,00:00:15
stefano.crapanzano@chu.ulg.ac.be,Rédaction : Re: Problème SAP - Thunderbird,Helpdesk général,2021-04-26,13:37:45,00:00:39
stefano.crapanzano@chu.ulg.ac.be,Rédaction : Re: Problème SAP - Thunderbird,Helpdesk général,2021-04-26,13:40:15,00:00:43
stefano.crapanzano@chu.ulg.ac.be,Rédaction : Re: Problème SAP - Thunderbird,Helpdesk général,2021-04-26,13:41:04,00:00:16
stefano.crapanzano@chu.ulg.ac.be,Rédaction : Re: Problème SAP - Thunderbird,Helpdesk général,2021-04-26,13:41:26,00:00:14
stefano.crapanzano@chu.ulg.ac.be,Rédaction : Re: Problème SAP - Thunderbird,Helpdesk général,2021-04-26,13:41:59,00:00:04
stefano.crapanzano@chu.ulg.ac.be,Rédaction : Re: Problème SAP - Thunderbird,Helpdesk général,2021-04-26,13:42:05,00:00:02
stefano.crapanzano@chu.ulg.ac.be,Rédaction : Re: Problème SAP - Thunderbird,Helpdesk général,2021-04-26,14:14:59,00:01:06
stefano.crapanzano@chu.ulg.ac.be,Rédaction : Re: Problème SAP - Thunderbird,Helpdesk général,2021-04-26,14:16:30,00:01:01
stefano.crapanzano@chu.ulg.ac.be,Rédaction : Re: Problème SAP - Thunderbird,Helpdesk général,2021-04-26,14:18:38,00:02:05
stefano.crapanzano@chu.ulg.ac.be,Rédaction : Re: Problème SAP - Thunderbird,Helpdesk général,2021-04-26,14:20:52,00:01:03
stefano.crapanzano@chu.ulg.ac.be,Rédaction : Re: Problème SAP - Thunderbird,Helpdesk général,2021-04-26,14:24:33,00:00:11
stefano.crapanzano@chu.ulg.ac.be,Rédaction : Re: Problème SAP - Thunderbird,Helpdesk général,2021-04-26,14:25:11,00:00:14
stefano.crapanzano@chu.ulg.ac.be,Rédaction : Re: Problème SAP - Thunderbird,Helpdesk général,2021-04-26,14:25:29,00:00:02
stefano.crapanzano@chu.ulg.ac.be,Rédaction : Re: Problème SAP - Thunderbird,Helpdesk général,2021-04-26,14:25:37,00:00:02
stefano.crapanzano@chu.ulg.ac.be,Rédaction : Re: Problème SAP - Thunderbird,Helpdesk général,2021-04-26,14:25:46,00:00:53
stefano.crapanzano@chu.ulg.ac.be,Rédaction : Re: Problème SAP - Thunderbird,Helpdesk général,2021-04-26,14:26:41,00:00:08
stefano.crapanzano@chu.ulg.ac.be,Rédaction : Re: Problème SAP - Thunderbird,Helpdesk général,2021-04-26,14:27:24,00:01:24
stefano.crapanzano@chu.ulg.ac.be,Rédaction : Re: Problème SAP - Thunderbird,Helpdesk général,2021-04-26,14:58:54,00:00:06
stefano.crapanzano@chu.ulg.ac.be,Pas de modifications Commande achat 4000132114 Poste 10,Exploration SAP,2021-04-26,13:39:40,00:00:02
stefano.crapanzano@chu.ulg.ac.be,dmi-w-0343 - Netop Remote Control,Helpdesk général,2021-04-26,14:00:56,00:02:44
stefano.crapanzano@chu.ulg.ac.be,Commande interv. 40 4000132225 créée par Isabelle DEPIERREUX - Internet Explorer,Helpdesk général,2021-04-26,14:14:31,00:00:02
stefano.crapanzano@chu.ulg.ac.be,Greenshot Éditeur d'Image,Helpdesk général,2021-04-26,14:14:42,00:00:08
stefano.crapanzano@chu.ulg.ac.be,ssp poste ok - Mozilla Thunderbird,Helpdesk général,2021-04-26,14:22:48,00:00:32
stefano.crapanzano@chu.ulg.ac.be,CA réceptionnées - Mozilla Thunderbird,Helpdesk général,2021-04-26,14:23:20,00:00:36
stefano.crapanzano@chu.ulg.ac.be,CA réceptionnées - Mozilla Thunderbird,Helpdesk général,2021-04-26,14:24:09,00:00:22
stefano.crapanzano@chu.ulg.ac.be,CA réceptionnées - Mozilla Thunderbird,Helpdesk général,2021-04-26,14:28:57,00:00:02
stefano.crapanzano@chu.ulg.ac.be,CA réceptionnées - Mozilla Thunderbird,Helpdesk général,2021-04-26,14:29:04,00:00:02
stefano.crapanzano@chu.ulg.ac.be,CA réceptionnées - Mozilla Thunderbird,Helpdesk général,2021-04-26,14:29:10,00:00:02
stefano.crapanzano@chu.ulg.ac.be,CA réceptionnées - Mozilla Thunderbird,Helpdesk général,2021-04-26,14:29:19,00:00:02
stefano.crapanzano@chu.ulg.ac.be,Ouverture de paniers réceptionnés.pdf,Helpdesk général,2021-04-26,14:23:57,00:00:02
stefano.crapanzano@chu.ulg.ac.be,Informations concernant le job C203_ENVOI_CMD et l'utilisateur C203UADMLOG - Mozilla Thunderbird,Helpdesk général,2021-04-26,14:29:13,00:00:06
stefano.crapanzano@chu.ulg.ac.be,Informations concernant le job C203_ENVOI_CMD et l'utilisateur C203UADMLOG - Mozilla Thunderbird,Helpdesk général,2021-04-26,14:29:23,00:00:02
stefano.crapanzano@chu.ulg.ac.be,ajout fichiers zip ERP - Mozilla Thunderbird,Helpdesk général,2021-04-26,14:29:29,00:00:02
stefano.crapanzano@chu.ulg.ac.be,adminchu - Mozilla Thunderbird,Helpdesk général,2021-04-26,14:29:35,00:00:32
stefano.crapanzano@chu.ulg.ac.be,adminchu passe - Mozilla Thunderbird,Helpdesk général,2021-04-26,14:30:08,00:00:23
stefano.crapanzano@chu.ulg.ac.be,adminchu passe - Mozilla Thunderbird,Helpdesk général,2021-04-26,14:30:40,00:00:19
stefano.crapanzano@chu.ulg.ac.be,adminchu passe - Mozilla Thunderbird,Helpdesk général,2021-04-26,14:31:02,00:00:15
stefano.crapanzano@chu.ulg.ac.be,adminchu passe - Mozilla Thunderbird,Helpdesk général,2021-04-26,14:59:06,00:00:02
stefano.crapanzano@chu.ulg.ac.be,Accueil - Mozilla Thunderbird,Helpdesk général,2021-04-26,14:30:31,00:00:09
stefano.crapanzano@chu.ulg.ac.be,Jobs ERP - Mozilla Thunderbird,Helpdesk général,2021-04-26,14:31:18,00:00:54
stefano.crapanzano@chu.ulg.ac.be,Jobs ERP - Mozilla Thunderbird,Helpdesk général,2021-04-26,14:57:02,00:00:03
stefano.crapanzano@chu.ulg.ac.be,Jobs ERP - Mozilla Thunderbird,Helpdesk général,2021-04-26,14:58:12,00:00:35
stefano.crapanzano@chu.ulg.ac.be,Jobs ERP - Mozilla Thunderbird,Helpdesk général,2021-04-26,14:59:04,00:00:02
stefano.crapanzano@chu.ulg.ac.be,Envoyés - erp.sai@chuliege.be - Mozilla Thunderbird,Helpdesk général,2021-04-26,14:57:15,00:00:16
stefano.crapanzano@chu.ulg.ac.be,Envoyés - erp.sai@chuliege.be - Mozilla Thunderbird,Helpdesk général,2021-04-26,14:58:00,00:00:12
stefano.crapanzano@chu.ulg.ac.be,Envoyés - erp.sai@chuliege.be - Mozilla Thunderbird,Helpdesk général,2021-04-26,14:59:10,00:00:04
stefano.crapanzano@chu.ulg.ac.be,SAP,Exploration SAP,2021-04-26,16:45:08,00:00:40
stefano.crapanzano@chu.ulg.ac.be,SAP,Exploration SAP,2021-04-26,16:46:13,00:00:06
stefano.crapanzano@chu.ulg.ac.be,Teampass - Google Chrome,Tâches diverses,2021-04-26,16:45:59,00:00:13
stefano.crapanzano@chu.ulg.ac.be,Teampass - Google Chrome,Tâches diverses,2021-04-26,16:46:53,00:30:45
stefano.crapanzano@chu.ulg.ac.be,Gestion des utilisateurs : écran initial,Exploration SAP,2021-04-26,16:46:25,00:00:10
stefano.crapanzano@chu.ulg.ac.be,Gestion des utilisateurs : écran initial,Exploration SAP,2021-04-26,16:46:41,00:00:10
