Email,Description,Project,Start date,Start time,Duration
stefano.crapanzano@chu.ulg.ac.be,Administrateur : C:\Windows\system32\cmd.exe - python  main.py,IT,2021-10-15,08:30:05,00:00:05
stefano.crapanzano@chu.ulg.ac.be,Administrateur : C:\Windows\system32\cmd.exe - python  main.py,IT,2021-10-15,08:30:13,00:00:02
stefano.crapanzano@chu.ulg.ac.be,Administrateur : C:\Windows\system32\cmd.exe - python  main.py,IT,2021-10-15,16:25:47,00:38:35
stefano.crapanzano@chu.ulg.ac.be,Administrateur : C:\Windows\system32\cmd.exe - python  main.py,IT,2021-10-15,17:11:43,00:00:07
stefano.crapanzano@chu.ulg.ac.be,Navigation système de fichier,IT,2021-10-15,08:30:16,00:00:03
stefano.crapanzano@chu.ulg.ac.be,Navigation système de fichier,IT,2021-10-15,08:30:22,00:00:03
stefano.crapanzano@chu.ulg.ac.be,Navigation système de fichier,IT,2021-10-15,08:37:53,00:00:03
stefano.crapanzano@chu.ulg.ac.be,Navigation système de fichier,IT,2021-10-15,08:53:23,00:00:06
stefano.crapanzano@chu.ulg.ac.be,Navigation système de fichier,IT,2021-10-15,10:02:33,00:00:10
stefano.crapanzano@chu.ulg.ac.be,Navigation système de fichier,IT,2021-10-15,10:14:05,00:00:02
stefano.crapanzano@chu.ulg.ac.be,Navigation système de fichier,IT,2021-10-15,13:38:32,00:00:13
stefano.crapanzano@chu.ulg.ac.be,Navigation système de fichier,IT,2021-10-15,13:40:23,00:00:02
stefano.crapanzano@chu.ulg.ac.be,Navigation système de fichier,IT,2021-10-15,13:40:41,00:00:02
stefano.crapanzano@chu.ulg.ac.be,Navigation système de fichier,IT,2021-10-15,14:07:30,00:00:02
stefano.crapanzano@chu.ulg.ac.be,Navigation système de fichier,IT,2021-10-15,17:05:18,00:00:05
stefano.crapanzano@chu.ulg.ac.be,Navigation système de fichier,IT,2021-10-15,17:09:15,00:00:05
stefano.crapanzano@chu.ulg.ac.be,Lecture documentation,Tâches diverses,2021-10-15,08:53:31,00:18:08
stefano.crapanzano@chu.ulg.ac.be,Lecture documentation,Tâches diverses,2021-10-15,09:11:41,00:00:05
stefano.crapanzano@chu.ulg.ac.be,Lecture documentation,Tâches diverses,2021-10-15,09:11:55,00:10:06
stefano.crapanzano@chu.ulg.ac.be,Sélectionnez l’objet task retrieve stock from sap à changer | Site d’administration de Django - Google Chrome,IT,2021-10-15,08:30:27,00:00:02
stefano.crapanzano@chu.ulg.ac.be,Courrier entrant - stefano.crapanzano@chuliege.be - Mozilla Thunderbird,Tâches diverses,2021-10-15,08:30:30,00:00:09
stefano.crapanzano@chu.ulg.ac.be,Courrier entrant - stefano.crapanzano@chuliege.be - Mozilla Thunderbird,Helpdesk général,2021-10-15,08:45:49,00:00:02
stefano.crapanzano@chu.ulg.ac.be,Courrier entrant - stefano.crapanzano@chuliege.be - Mozilla Thunderbird,Helpdesk général,2021-10-15,08:49:47,00:00:05
stefano.crapanzano@chu.ulg.ac.be,Courrier entrant - stefano.crapanzano@chuliege.be - Mozilla Thunderbird,Helpdesk général,2021-10-15,10:11:48,00:00:02
stefano.crapanzano@chu.ulg.ac.be,Courrier entrant - stefano.crapanzano@chuliege.be - Mozilla Thunderbird,Helpdesk général,2021-10-15,10:24:17,00:00:02
stefano.crapanzano@chu.ulg.ac.be,Courrier entrant - stefano.crapanzano@chuliege.be - Mozilla Thunderbird,Helpdesk général,2021-10-15,12:53:54,00:39:56
stefano.crapanzano@chu.ulg.ac.be,Courrier entrant - stefano.crapanzano@chuliege.be - Mozilla Thunderbird,Helpdesk général,2021-10-15,14:10:56,00:00:02
stefano.crapanzano@chu.ulg.ac.be,Courrier entrant - stefano.crapanzano@chuliege.be - Mozilla Thunderbird,Helpdesk général,2021-10-15,14:11:51,00:00:25
stefano.crapanzano@chu.ulg.ac.be,Courrier entrant - stefano.crapanzano@chuliege.be - Mozilla Thunderbird,Helpdesk général,2021-10-15,14:21:08,00:00:04
stefano.crapanzano@chu.ulg.ac.be,Courrier entrant - stefano.crapanzano@chuliege.be - Mozilla Thunderbird,Helpdesk général,2021-10-15,14:42:03,01:34:55
stefano.crapanzano@chu.ulg.ac.be,Courrier entrant - stefano.crapanzano@chuliege.be - Mozilla Thunderbird,Helpdesk général,2021-10-15,16:19:50,00:00:02
stefano.crapanzano@chu.ulg.ac.be,Courrier entrant - stefano.crapanzano@chuliege.be - Mozilla Thunderbird,Helpdesk général,2021-10-15,17:10:52,00:00:04
stefano.crapanzano@chu.ulg.ac.be,Courrier entrant - erp.sai@chuliege.be - Mozilla Thunderbird,Helpdesk général,2021-10-15,08:30:39,00:00:25
stefano.crapanzano@chu.ulg.ac.be,Courrier entrant - erp.sai@chuliege.be - Mozilla Thunderbird,Helpdesk général,2021-10-15,08:31:53,00:00:05
stefano.crapanzano@chu.ulg.ac.be,Courrier entrant - erp.sai@chuliege.be - Mozilla Thunderbird,Helpdesk général,2021-10-15,08:32:22,00:00:06
stefano.crapanzano@chu.ulg.ac.be,Courrier entrant - erp.sai@chuliege.be - Mozilla Thunderbird,Helpdesk général,2021-10-15,08:33:41,00:00:04
stefano.crapanzano@chu.ulg.ac.be,Courrier entrant - erp.sai@chuliege.be - Mozilla Thunderbird,Helpdesk général,2021-10-15,08:45:46,00:00:02
stefano.crapanzano@chu.ulg.ac.be,Courrier entrant - erp.sai@chuliege.be - Mozilla Thunderbird,Helpdesk général,2021-10-15,08:45:51,00:00:04
stefano.crapanzano@chu.ulg.ac.be,Courrier entrant - erp.sai@chuliege.be - Mozilla Thunderbird,Helpdesk général,2021-10-15,08:48:40,00:01:06
stefano.crapanzano@chu.ulg.ac.be,Courrier entrant - erp.sai@chuliege.be - Mozilla Thunderbird,Helpdesk général,2021-10-15,08:49:52,00:00:02
stefano.crapanzano@chu.ulg.ac.be,Courrier entrant - erp.sai@chuliege.be - Mozilla Thunderbird,Helpdesk général,2021-10-15,08:50:28,00:00:04
stefano.crapanzano@chu.ulg.ac.be,Courrier entrant - erp.sai@chuliege.be - Mozilla Thunderbird,Helpdesk général,2021-10-15,08:53:15,00:00:08
stefano.crapanzano@chu.ulg.ac.be,Courrier entrant - erp.sai@chuliege.be - Mozilla Thunderbird,Helpdesk général,2021-10-15,10:06:37,00:01:11
stefano.crapanzano@chu.ulg.ac.be,Courrier entrant - erp.sai@chuliege.be - Mozilla Thunderbird,Helpdesk général,2021-10-15,10:11:36,00:00:12
stefano.crapanzano@chu.ulg.ac.be,Courrier entrant - erp.sai@chuliege.be - Mozilla Thunderbird,Helpdesk général,2021-10-15,10:11:51,00:00:04
stefano.crapanzano@chu.ulg.ac.be,Courrier entrant - erp.sai@chuliege.be - Mozilla Thunderbird,IT,2021-10-15,10:16:21,00:00:06
stefano.crapanzano@chu.ulg.ac.be,Courrier entrant - erp.sai@chuliege.be - Mozilla Thunderbird,Helpdesk général,2021-10-15,10:17:26,00:04:06
stefano.crapanzano@chu.ulg.ac.be,Courrier entrant - erp.sai@chuliege.be - Mozilla Thunderbird,Helpdesk général,2021-10-15,10:24:14,00:00:02
stefano.crapanzano@chu.ulg.ac.be,Courrier entrant - erp.sai@chuliege.be - Mozilla Thunderbird,Helpdesk général,2021-10-15,10:24:20,00:00:23
stefano.crapanzano@chu.ulg.ac.be,Courrier entrant - erp.sai@chuliege.be - Mozilla Thunderbird,Helpdesk général,2021-10-15,10:25:17,00:00:10
stefano.crapanzano@chu.ulg.ac.be,Courrier entrant - erp.sai@chuliege.be - Mozilla Thunderbird,Helpdesk général,2021-10-15,10:25:35,00:00:19
stefano.crapanzano@chu.ulg.ac.be,Courrier entrant - erp.sai@chuliege.be - Mozilla Thunderbird,Helpdesk général,2021-10-15,10:25:55,00:00:46
stefano.crapanzano@chu.ulg.ac.be,Courrier entrant - erp.sai@chuliege.be - Mozilla Thunderbird,Helpdesk général,2021-10-15,10:26:51,00:00:05
stefano.crapanzano@chu.ulg.ac.be,Courrier entrant - erp.sai@chuliege.be - Mozilla Thunderbird,Helpdesk général,2021-10-15,10:27:05,00:31:49
stefano.crapanzano@chu.ulg.ac.be,Courrier entrant - erp.sai@chuliege.be - Mozilla Thunderbird,Helpdesk général,2021-10-15,10:59:16,00:23:39
stefano.crapanzano@chu.ulg.ac.be,Courrier entrant - erp.sai@chuliege.be - Mozilla Thunderbird,Helpdesk général,2021-10-15,11:24:06,00:50:30
stefano.crapanzano@chu.ulg.ac.be,Courrier entrant - erp.sai@chuliege.be - Mozilla Thunderbird,Helpdesk général,2021-10-15,12:49:58,00:00:15
stefano.crapanzano@chu.ulg.ac.be,Courrier entrant - erp.sai@chuliege.be - Mozilla Thunderbird,Helpdesk général,2021-10-15,12:51:04,00:00:04
stefano.crapanzano@chu.ulg.ac.be,Courrier entrant - erp.sai@chuliege.be - Mozilla Thunderbird,Helpdesk général,2021-10-15,12:53:26,00:00:19
stefano.crapanzano@chu.ulg.ac.be,Courrier entrant - erp.sai@chuliege.be - Mozilla Thunderbird,Helpdesk général,2021-10-15,13:33:51,00:00:05
stefano.crapanzano@chu.ulg.ac.be,Courrier entrant - erp.sai@chuliege.be - Mozilla Thunderbird,Helpdesk général,2021-10-15,13:35:13,00:00:49
stefano.crapanzano@chu.ulg.ac.be,Courrier entrant - erp.sai@chuliege.be - Mozilla Thunderbird,Helpdesk général,2021-10-15,13:38:13,00:00:06
stefano.crapanzano@chu.ulg.ac.be,Courrier entrant - erp.sai@chuliege.be - Mozilla Thunderbird,Helpdesk général,2021-10-15,13:50:41,00:00:09
stefano.crapanzano@chu.ulg.ac.be,Courrier entrant - erp.sai@chuliege.be - Mozilla Thunderbird,Helpdesk général,2021-10-15,13:52:28,00:00:26
stefano.crapanzano@chu.ulg.ac.be,Courrier entrant - erp.sai@chuliege.be - Mozilla Thunderbird,Helpdesk général,2021-10-15,13:53:12,00:00:09
stefano.crapanzano@chu.ulg.ac.be,Courrier entrant - erp.sai@chuliege.be - Mozilla Thunderbird,Helpdesk général,2021-10-15,13:55:22,00:00:04
stefano.crapanzano@chu.ulg.ac.be,Courrier entrant - erp.sai@chuliege.be - Mozilla Thunderbird,Helpdesk général,2021-10-15,13:56:18,00:05:44
stefano.crapanzano@chu.ulg.ac.be,Courrier entrant - erp.sai@chuliege.be - Mozilla Thunderbird,Helpdesk général,2021-10-15,14:07:02,00:00:13
stefano.crapanzano@chu.ulg.ac.be,Courrier entrant - erp.sai@chuliege.be - Mozilla Thunderbird,Helpdesk général,2021-10-15,14:08:29,00:00:11
stefano.crapanzano@chu.ulg.ac.be,Courrier entrant - erp.sai@chuliege.be - Mozilla Thunderbird,Helpdesk général,2021-10-15,14:10:19,00:00:37
stefano.crapanzano@chu.ulg.ac.be,Courrier entrant - erp.sai@chuliege.be - Mozilla Thunderbird,Helpdesk général,2021-10-15,14:10:59,00:00:02
stefano.crapanzano@chu.ulg.ac.be,Courrier entrant - erp.sai@chuliege.be - Mozilla Thunderbird,Helpdesk général,2021-10-15,14:11:37,00:00:13
stefano.crapanzano@chu.ulg.ac.be,Courrier entrant - erp.sai@chuliege.be - Mozilla Thunderbird,Helpdesk général,2021-10-15,14:12:22,00:00:09
stefano.crapanzano@chu.ulg.ac.be,Courrier entrant - erp.sai@chuliege.be - Mozilla Thunderbird,Helpdesk général,2021-10-15,14:21:17,00:00:04
stefano.crapanzano@chu.ulg.ac.be,Courrier entrant - erp.sai@chuliege.be - Mozilla Thunderbird,Helpdesk général,2021-10-15,14:23:02,00:01:28
stefano.crapanzano@chu.ulg.ac.be,Courrier entrant - erp.sai@chuliege.be - Mozilla Thunderbird,Helpdesk général,2021-10-15,14:26:13,00:06:16
stefano.crapanzano@chu.ulg.ac.be,Courrier entrant - erp.sai@chuliege.be - Mozilla Thunderbird,Helpdesk général,2021-10-15,14:39:22,00:00:39
stefano.crapanzano@chu.ulg.ac.be,Courrier entrant - erp.sai@chuliege.be - Mozilla Thunderbird,Helpdesk général,2021-10-15,14:41:46,00:00:05
stefano.crapanzano@chu.ulg.ac.be,Courrier entrant - erp.sai@chuliege.be - Mozilla Thunderbird,Helpdesk général,2021-10-15,16:19:53,00:00:04
stefano.crapanzano@chu.ulg.ac.be,Courrier entrant - erp.sai@chuliege.be - Mozilla Thunderbird,Helpdesk général,2021-10-15,16:25:37,00:00:09
stefano.crapanzano@chu.ulg.ac.be,Courrier entrant - erp.sai@chuliege.be - Mozilla Thunderbird,Helpdesk général,2021-10-15,17:04:22,00:00:54
stefano.crapanzano@chu.ulg.ac.be,Courrier entrant - erp.sai@chuliege.be - Mozilla Thunderbird,Helpdesk général,2021-10-15,17:07:54,00:00:13
stefano.crapanzano@chu.ulg.ac.be,Courrier entrant - erp.sai@chuliege.be - Mozilla Thunderbird,Helpdesk général,2021-10-15,17:08:42,00:00:06
stefano.crapanzano@chu.ulg.ac.be,Courrier entrant - erp.sai@chuliege.be - Mozilla Thunderbird,Helpdesk général,2021-10-15,17:10:30,00:00:21
stefano.crapanzano@chu.ulg.ac.be,Courrier entrant - erp.sai@chuliege.be - Mozilla Thunderbird,Helpdesk général,2021-10-15,17:10:56,00:00:46
stefano.crapanzano@chu.ulg.ac.be,Log in - Service Desk - Google Chrome,Tâches diverses,2021-10-15,08:31:06,00:00:09
stefano.crapanzano@chu.ulg.ac.be,Comment accéder à SAP Libération des factures (Workflow approval) sur X01 ? - Xperthis ERP4HC 2.0 Rollout - Service d'assistance - Google Chrome,Tâches diverses,2021-10-15,08:31:16,00:00:05
stefano.crapanzano@chu.ulg.ac.be,Comment accéder à SAP Libération des factures (Workflow approval) sur X01 ? - Xperthis ERP4HC 2.0 Rollout - Service d'assistance - Google Chrome,Tâches diverses,2021-10-15,08:35:34,00:00:42
stefano.crapanzano@chu.ulg.ac.be,Comment accéder à SAP Libération des factures (Workflow approval) sur X01 ? - Xperthis ERP4HC 2.0 Rollout - Service d'assistance - Google Chrome,Tâches diverses,2021-10-15,08:36:23,00:00:57
stefano.crapanzano@chu.ulg.ac.be,Comment accéder à SAP Libération des factures (Workflow approval) sur X01 ? - Xperthis ERP4HC 2.0 Rollout - Service d'assistance - Google Chrome,Tâches diverses,2021-10-15,08:37:28,00:00:17
stefano.crapanzano@chu.ulg.ac.be,Comment accéder à SAP Libération des factures (Workflow approval) sur X01 ? - Xperthis ERP4HC 2.0 Rollout - Service d'assistance - Google Chrome,Tâches diverses,2021-10-15,08:37:57,00:07:02
stefano.crapanzano@chu.ulg.ac.be,Comment accéder à SAP Libération des factures (Workflow approval) sur X01 ? - Xperthis ERP4HC 2.0 Rollout - Service d'assistance - Google Chrome,Tâches diverses,2021-10-15,12:20:06,00:02:58
stefano.crapanzano@chu.ulg.ac.be,Sans titre - Google Chrome,Tâches diverses,2021-10-15,08:31:21,00:00:04
stefano.crapanzano@chu.ulg.ac.be,https://par0112wi.xperthis.be:8443/sap(bD1ubCZjPTIwMw==)/bc/bsp/sap/zinv_app/default.htm?saml2=disabled&SAPWFCBURL=https://PAR0112WI.xperthis.be:8443/sap/bc/webflow/wshandler?_sapwiid=000023515003&_saptask=TS91000022&_saplogsys=A03CLNT203&_sapuname=XPTMAVERBIE&_saplangu=F&_sapxid=00505689E1AE1EDC8B8AD067407D3387&sap-client=203&saml2=disabled - Google Chrome,Tâches diverses,2021-10-15,08:31:25,00:00:24
stefano.crapanzano@chu.ulg.ac.be,https://par0112wi.xperthis.be:8443/sap(bD1ubCZjPTIwMw==)/bc/bsp/sap/zinv_app/default.htm?saml2=disabled&SAPWFCBURL=https://PAR0112WI.xperthis.be:8443/sap/bc/webflow/wshandler?_sapwiid=000023515003&_saptask=TS91000022&_saplogsys=A03CLNT203&_sapuname=XPTMAVERBIE&_saplangu=F&_sapxid=00505689E1AE1EDC8B8AD067407D3387&sap-client=203&saml2=disabled - Google Chrome,Tâches diverses,2021-10-15,08:33:08,00:00:02
stefano.crapanzano@chu.ulg.ac.be,https://par0112wi.xperthis.be:8443/sap(bD1ubCZjPTIwMw==)/bc/bsp/sap/zinv_app/default.htm?saml2=disabled&SAPWFCBURL=https://PAR0112WI.xperthis.be:8443/sap/bc/webflow/wshandler?_sapwiid=000023515003&_saptask=TS91000022&_saplogsys=A03CLNT203&_sapuname=XPTMAVERBIE&_saplangu=F&_sapxid=00505689E1AE1EDC8B8AD067407D3387&sap-client=203&saml2=disabled - Google Chrome,Tâches diverses,2021-10-15,08:33:18,00:00:06
stefano.crapanzano@chu.ulg.ac.be,https://par0112wi.xperthis.be:8443/sap(bD1ubCZjPTIwMw==)/bc/bsp/sap/zinv_app/default.htm?saml2=disabled&SAPWFCBURL=https://PAR0112WI.xperthis.be:8443/sap/bc/webflow/wshandler?_sapwiid=000023515003&_saptask=TS91000022&_saplogsys=A03CLNT203&_sapuname=XPTMAVERBIE&_saplangu=F&_sapxid=00505689E1AE1EDC8B8AD067407D3387&sap-client=203&saml2=disabled - Google Chrome,Tâches diverses,2021-10-15,08:34:23,00:00:18
stefano.crapanzano@chu.ulg.ac.be,https://par0112wi.xperthis.be:8443/sap(bD1ubCZjPTIwMw==)/bc/bsp/sap/zinv_app/default.htm?saml2=disabled&SAPWFCBURL=https://PAR0112WI.xperthis.be:8443/sap/bc/webflow/wshandler?_sapwiid=000023515003&_saptask=TS91000022&_saplogsys=A03CLNT203&_sapuname=XPTMAVERBIE&_saplangu=F&_sapxid=00505689E1AE1EDC8B8AD067407D3387&sap-client=203&saml2=disabled - Google Chrome,Tâches diverses,2021-10-15,08:34:54,00:00:21
stefano.crapanzano@chu.ulg.ac.be,https://par0112wi.xperthis.be:8443/sap(bD1ubCZjPTIwMw==)/bc/bsp/sap/zinv_app/default.htm?saml2=disabled&SAPWFCBURL=https://PAR0112WI.xperthis.be:8443/sap/bc/webflow/wshandler?_sapwiid=000023515003&_saptask=TS91000022&_saplogsys=A03CLNT203&_sapuname=XPTMAVERBIE&_saplangu=F&_sapxid=00505689E1AE1EDC8B8AD067407D3387&sap-client=203&saml2=disabled - Google Chrome,Helpdesk général,2021-10-15,08:35:17,00:00:02
stefano.crapanzano@chu.ulg.ac.be,https://par0112wi.xperthis.be:8443/sap(bD1ubCZjPTIwMw==)/bc/bsp/sap/zinv_app/default.htm?saml2=disabled&SAPWFCBURL=https://PAR0112WI.xperthis.be:8443/sap/bc/webflow/wshandler?_sapwiid=000023515003&_saptask=TS91000022&_saplogsys=A03CLNT203&_sapuname=XPTMAVERBIE&_saplangu=F&_sapxid=00505689E1AE1EDC8B8AD067407D3387&sap-client=203&saml2=disabled - Google Chrome,Tâches diverses,2021-10-15,08:36:16,00:00:06
stefano.crapanzano@chu.ulg.ac.be,https://par0112wi.xperthis.be:8443/sap(bD1ubCZjPTIwMw==)/bc/bsp/sap/zinv_app/default.htm?saml2=disabled&SAPWFCBURL=https://PAR0112WI.xperthis.be:8443/sap/bc/webflow/wshandler?_sapwiid=000023515003&_saptask=TS91000022&_saplogsys=A03CLNT203&_sapuname=XPTMAVERBIE&_saplangu=F&_sapxid=00505689E1AE1EDC8B8AD067407D3387&sap-client=203&saml2=disabled - Google Chrome,Tâches diverses,2021-10-15,12:19:08,00:00:21
stefano.crapanzano@chu.ulg.ac.be,1095830_image.png (1203×744) - Google Chrome,Tâches diverses,2021-10-15,08:31:58,00:00:24
stefano.crapanzano@chu.ulg.ac.be,1095830_image.png (1203×744) - Google Chrome,Tâches diverses,2021-10-15,08:32:29,00:00:13
stefano.crapanzano@chu.ulg.ac.be,1095830_image.png (1203×744) - Google Chrome,Tâches diverses,2021-10-15,08:33:05,00:00:02
stefano.crapanzano@chu.ulg.ac.be,1095830_image.png (1203×744) - Google Chrome,Tâches diverses,2021-10-15,08:34:01,00:00:17
stefano.crapanzano@chu.ulg.ac.be,1095830_image.png (1203×744) - Google Chrome,Tâches diverses,2021-10-15,08:34:19,00:00:03
stefano.crapanzano@chu.ulg.ac.be,1095830_image.png (1203×744) - Google Chrome,Tâches diverses,2021-10-15,08:34:42,00:00:11
stefano.crapanzano@chu.ulg.ac.be,1095830_image.png (1203×744) - Google Chrome,Tâches diverses,2021-10-15,08:35:19,00:00:15
stefano.crapanzano@chu.ulg.ac.be,1095830_image.png (1203×744) - Google Chrome,Tâches diverses,2021-10-15,08:50:00,00:00:18
stefano.crapanzano@chu.ulg.ac.be,1095830_image.png (1203×744) - Google Chrome,Tâches diverses,2021-10-15,08:50:21,00:00:06
stefano.crapanzano@chu.ulg.ac.be,1095830_image.png (1203×744) - Google Chrome,Tâches diverses,2021-10-15,10:21:36,00:00:02
stefano.crapanzano@chu.ulg.ac.be,Quels sont les matricules des Utilisateurs Active  - OneNote,Tâches diverses,2021-10-15,08:32:43,00:00:10
stefano.crapanzano@chu.ulg.ac.be,CHR/U - CHU - URL's PE2 + AE2 + X01 - OneNote,Tâches diverses,2021-10-15,08:37:20,00:00:06
stefano.crapanzano@chu.ulg.ac.be,par0112wi.xperthis.be:8081/sap/bc/webflow/wshandler?sap-client=203&saml2=disabled - Google Chrome,Tâches diverses,2021-10-15,08:32:54,00:00:10
stefano.crapanzano@chu.ulg.ac.be,par0112wi.xperthis.be:8081/sap/bc/webflow/wshandler?sap-client=203&saml2=disabled - Google Chrome,Tâches diverses,2021-10-15,08:33:13,00:00:04
stefano.crapanzano@chu.ulg.ac.be,par0112wi.xperthis.be:8081/sap/bc/webflow/wshandler?sap-client=203&saml2=disabled - Google Chrome,Tâches diverses,2021-10-15,08:33:24,00:00:04
stefano.crapanzano@chu.ulg.ac.be,par0112wi.xperthis.be - Google Chrome,Tâches diverses,2021-10-15,08:33:28,00:00:05
stefano.crapanzano@chu.ulg.ac.be,par0112wi.xperthis.be - Google Chrome,Tâches diverses,2021-10-15,08:33:58,00:00:02
stefano.crapanzano@chu.ulg.ac.be,par0112wi.xperthis.be - Google Chrome,Tâches diverses,2021-10-15,08:49:56,00:00:04
stefano.crapanzano@chu.ulg.ac.be,par0112wi.xperthis.be - Google Chrome,Tâches diverses,2021-10-15,10:21:38,00:00:05
stefano.crapanzano@chu.ulg.ac.be,par0112wi.xperthis.be - Google Chrome,Tâches diverses,2021-10-15,12:19:04,00:00:02
stefano.crapanzano@chu.ulg.ac.be,Nouvel onglet - Google Chrome,Tâches diverses,2021-10-15,14:14:06,00:00:02
stefano.crapanzano@chu.ulg.ac.be,Nouvel onglet - Google Chrome,Tâches diverses,2021-10-15,14:33:59,00:00:08
stefano.crapanzano@chu.ulg.ac.be,*nouveau 5 - Notepad++ [Administrator],IT,2021-10-15,08:37:47,00:00:04
stefano.crapanzano@chu.ulg.ac.be,*nouveau 5 - Notepad++ [Administrator],IT,2021-10-15,10:13:26,00:00:13
stefano.crapanzano@chu.ulg.ac.be,*nouveau 5 - Notepad++ [Administrator],IT,2021-10-15,10:13:45,00:00:02
stefano.crapanzano@chu.ulg.ac.be,Demandes - Service d'assistance - Google Chrome,Tâches diverses,2021-10-15,08:44:59,00:00:13
stefano.crapanzano@chu.ulg.ac.be,Demandes - Service d'assistance - Google Chrome,Tâches diverses,2021-10-15,08:45:36,00:00:09
stefano.crapanzano@chu.ulg.ac.be,Demandes - Service d'assistance - Google Chrome,Tâches diverses,2021-10-15,08:50:34,00:00:23
stefano.crapanzano@chu.ulg.ac.be,Demandes - Service d'assistance - Google Chrome,Tâches diverses,2021-10-15,08:53:09,00:00:05
stefano.crapanzano@chu.ulg.ac.be,Demandes - Service d'assistance - Google Chrome,Tâches diverses,2021-10-15,09:11:47,00:00:06
stefano.crapanzano@chu.ulg.ac.be,Demandes - Service d'assistance - Google Chrome,Tâches diverses,2021-10-15,09:23:29,00:00:14
stefano.crapanzano@chu.ulg.ac.be,Demandes - Service d'assistance - Google Chrome,Tâches diverses,2021-10-15,09:23:49,00:00:16
stefano.crapanzano@chu.ulg.ac.be,Demandes - Service d'assistance - Google Chrome,Tâches diverses,2021-10-15,09:25:40,00:00:50
stefano.crapanzano@chu.ulg.ac.be,Demandes - Service d'assistance - Google Chrome,Tâches diverses,2021-10-15,10:07:52,00:00:12
stefano.crapanzano@chu.ulg.ac.be,Demandes - Service d'assistance - Google Chrome,Tâches diverses,2021-10-15,10:10:14,00:00:04
stefano.crapanzano@chu.ulg.ac.be,Demandes - Service d'assistance - Google Chrome,Tâches diverses,2021-10-15,10:21:44,00:00:05
stefano.crapanzano@chu.ulg.ac.be,Demandes - Service d'assistance - Google Chrome,Tâches diverses,2021-10-15,10:23:24,00:00:04
stefano.crapanzano@chu.ulg.ac.be,Demandes - Service d'assistance - Google Chrome,Tâches diverses,2021-10-15,10:23:44,00:00:08
stefano.crapanzano@chu.ulg.ac.be,Demandes - Service d'assistance - Google Chrome,Tâches diverses,2021-10-15,10:23:57,00:00:13
stefano.crapanzano@chu.ulg.ac.be,Demandes - Service d'assistance - Google Chrome,Tâches diverses,2021-10-15,12:17:40,00:00:05
stefano.crapanzano@chu.ulg.ac.be,Demandes - Service d'assistance - Google Chrome,Tâches diverses,2021-10-15,12:18:45,00:00:04
stefano.crapanzano@chu.ulg.ac.be,Demandes - Service d'assistance - Google Chrome,Tâches diverses,2021-10-15,12:18:56,00:00:08
stefano.crapanzano@chu.ulg.ac.be,Demandes - Service d'assistance - Google Chrome,Tâches diverses,2021-10-15,12:20:01,00:00:04
stefano.crapanzano@chu.ulg.ac.be,Demandes - Service d'assistance - Google Chrome,Tâches diverses,2021-10-15,12:23:04,00:00:16
stefano.crapanzano@chu.ulg.ac.be,Demandes - Service d'assistance - Google Chrome,Tâches diverses,2021-10-15,12:23:32,00:00:07
stefano.crapanzano@chu.ulg.ac.be,Demandes - Service d'assistance - Google Chrome,Tâches diverses,2021-10-15,12:53:16,00:00:08
stefano.crapanzano@chu.ulg.ac.be,Demandes - Service d'assistance - Google Chrome,Tâches diverses,2021-10-15,14:02:04,00:00:02
stefano.crapanzano@chu.ulg.ac.be,Demandes - Service d'assistance - Google Chrome,Tâches diverses,2021-10-15,14:11:15,00:00:02
stefano.crapanzano@chu.ulg.ac.be,Demandes - Service d'assistance - Google Chrome,Tâches diverses,2021-10-15,14:11:30,00:00:06
stefano.crapanzano@chu.ulg.ac.be,Demandes - Service d'assistance - Google Chrome,Tâches diverses,2021-10-15,14:12:18,00:00:02
stefano.crapanzano@chu.ulg.ac.be,Demandes - Service d'assistance - Google Chrome,Tâches diverses,2021-10-15,14:12:33,00:00:02
stefano.crapanzano@chu.ulg.ac.be,Demandes - Service d'assistance - Google Chrome,Tâches diverses,2021-10-15,14:13:57,00:00:02
stefano.crapanzano@chu.ulg.ac.be,Demandes - Service d'assistance - Google Chrome,Tâches diverses,2021-10-15,14:14:09,00:00:04
stefano.crapanzano@chu.ulg.ac.be,Demandes - Service d'assistance - Google Chrome,Tâches diverses,2021-10-15,14:18:12,00:00:09
stefano.crapanzano@chu.ulg.ac.be,Demandes - Service d'assistance - Google Chrome,Tâches diverses,2021-10-15,14:24:46,00:00:06
stefano.crapanzano@chu.ulg.ac.be,Demandes - Service d'assistance - Google Chrome,Tâches diverses,2021-10-15,14:25:55,00:00:16
stefano.crapanzano@chu.ulg.ac.be,Demandes - Service d'assistance - Google Chrome,Tâches diverses,2021-10-15,14:32:34,00:00:02
stefano.crapanzano@chu.ulg.ac.be,Demandes - Service d'assistance - Google Chrome,Tâches diverses,2021-10-15,16:21:02,00:00:05
stefano.crapanzano@chu.ulg.ac.be,Demandes - Service d'assistance - Google Chrome,Tâches diverses,2021-10-15,16:21:15,00:00:26
stefano.crapanzano@chu.ulg.ac.be,Demandes - Service d'assistance - Google Chrome,Tâches diverses,2021-10-15,16:24:47,00:00:06
stefano.crapanzano@chu.ulg.ac.be,Demandes - Service d'assistance - Google Chrome,Tâches diverses,2021-10-15,16:25:32,00:00:05
stefano.crapanzano@chu.ulg.ac.be,Chargement photo d'un article sur SSP - Xperthis ERP4HC 2.0 Rollout - Service d'assistance - Google Chrome,Tâches diverses,2021-10-15,08:45:13,00:00:23
stefano.crapanzano@chu.ulg.ac.be,Chargement photo d'un article sur SSP - Xperthis ERP4HC 2.0 Rollout - Service d'assistance - Google Chrome,Tâches diverses,2021-10-15,12:23:39,00:26:19
stefano.crapanzano@chu.ulg.ac.be,Chargement photo d'un article sur SSP - Xperthis ERP4HC 2.0 Rollout - Service d'assistance - Google Chrome,Tâches diverses,2021-10-15,14:11:19,00:00:02
stefano.crapanzano@chu.ulg.ac.be,Envoyés - erp.sai@chuliege.be - Mozilla Thunderbird,Helpdesk général,2021-10-15,08:45:55,00:00:11
stefano.crapanzano@chu.ulg.ac.be,Envoyés - erp.sai@chuliege.be - Mozilla Thunderbird,Helpdesk général,2021-10-15,10:26:42,00:00:09
stefano.crapanzano@chu.ulg.ac.be,Envoyés - erp.sai@chuliege.be - Mozilla Thunderbird,Helpdesk général,2021-10-15,14:21:13,00:00:04
stefano.crapanzano@chu.ulg.ac.be,Didier BARE - erp.sai@chuliege.be - Mozilla Thunderbird,Helpdesk général,2021-10-15,08:46:07,00:00:06
stefano.crapanzano@chu.ulg.ac.be,2 Traité - erp.sai@chuliege.be - Mozilla Thunderbird,Helpdesk général,2021-10-15,08:46:13,00:00:12
stefano.crapanzano@chu.ulg.ac.be,2 Traité - erp.sai@chuliege.be - Mozilla Thunderbird,Helpdesk général,2021-10-15,08:48:38,00:00:02
stefano.crapanzano@chu.ulg.ac.be,Rédaction : Re: Problème GOAL.CHULIEGE.BE - Thunderbird,Helpdesk général,2021-10-15,08:46:26,00:02:09
stefano.crapanzano@chu.ulg.ac.be,Vérification de l’orthographe,Helpdesk général,2021-10-15,10:17:21,00:00:04
stefano.crapanzano@chu.ulg.ac.be,Vérification de l’orthographe,Helpdesk général,2021-10-15,11:24:04,00:00:02
stefano.crapanzano@chu.ulg.ac.be,Vérification de l’orthographe,Helpdesk général,2021-10-15,12:53:00,00:00:02
stefano.crapanzano@chu.ulg.ac.be,Vérification de l’orthographe,Helpdesk général,2021-10-15,13:35:09,00:00:02
stefano.crapanzano@chu.ulg.ac.be,SSP - ajout d'un catalogue à un utilisateur  ce catalogue n'apparait pas à la création de la DA - Xperthis ERP4HC 2.0 Rollout - Service d'assistance - Google Chrome,Tâches diverses,2021-10-15,08:50:58,00:02:11
stefano.crapanzano@chu.ulg.ac.be,SAP Logon 760,Exploration SAP,2021-10-15,09:22:06,00:00:04
stefano.crapanzano@chu.ulg.ac.be,SAP Logon 760,Exploration SAP,2021-10-15,10:00:26,00:00:32
stefano.crapanzano@chu.ulg.ac.be,SAP Logon 760,Exploration SAP,2021-10-15,13:39:19,00:00:05
stefano.crapanzano@chu.ulg.ac.be,SAP,Exploration SAP,2021-10-15,09:22:10,00:00:12
stefano.crapanzano@chu.ulg.ac.be,SAP Easy Access Menu de base Applications financières-économiques,Exploration SAP,2021-10-15,09:22:22,00:00:08
stefano.crapanzano@chu.ulg.ac.be,SAP Easy Access Menu de base Applications financières-économiques,Exploration SAP,2021-10-15,10:00:59,00:00:05
stefano.crapanzano@chu.ulg.ac.be,SAP Easy Access Menu de base Applications financières-économiques,Exploration SAP,2021-10-15,10:01:20,00:00:24
stefano.crapanzano@chu.ulg.ac.be,SAP Easy Access Menu de base Applications financières-économiques,Exploration SAP,2021-10-15,10:01:46,00:00:04
stefano.crapanzano@chu.ulg.ac.be,SAP Easy Access Menu de base Applications financières-économiques,Exploration SAP,2021-10-15,13:39:24,00:00:04
stefano.crapanzano@chu.ulg.ac.be,SAP Easy Access Menu de base Applications financières-économiques,Helpdesk général,2021-10-15,14:07:16,00:00:03
stefano.crapanzano@chu.ulg.ac.be,SAP Easy Access Menu de base Applications financières-économiques,Exploration SAP,2021-10-15,14:07:46,00:00:04
stefano.crapanzano@chu.ulg.ac.be,Ecran initial du Quickviewer,Exploration SAP,2021-10-15,09:22:30,00:00:58
stefano.crapanzano@chu.ulg.ac.be,erreur validation donnée A03 - Xperthis ERP4HC 2.0 Rollout - Service d'assistance - Google Chrome,Tâches diverses,2021-10-15,09:23:44,00:00:05
stefano.crapanzano@chu.ulg.ac.be,erreur validation des données A03 - FMDERIVER - Xperthis ERP4HC 2.0 Rollout - Service d'assistance - Google Chrome,Tâches diverses,2021-10-15,09:24:06,00:01:34
stefano.crapanzano@chu.ulg.ac.be,erreur validation des données A03 - FMDERIVER - Xperthis ERP4HC 2.0 Rollout - Service d'assistance - Google Chrome,Tâches diverses,2021-10-15,09:26:31,00:33:44
stefano.crapanzano@chu.ulg.ac.be,erreur validation des données A03 - FMDERIVER - Xperthis ERP4HC 2.0 Rollout - Service d'assistance - Google Chrome,Tâches diverses,2021-10-15,10:07:48,00:00:04
stefano.crapanzano@chu.ulg.ac.be,Netop Invité,Helpdesk général,2021-10-15,10:00:16,00:00:09
stefano.crapanzano@chu.ulg.ac.be,Afficher pièce : Ecran initial,Exploration SAP,2021-10-15,10:01:05,00:00:15
stefano.crapanzano@chu.ulg.ac.be,Commande interv. 40 4000209457 créée par Melinda COTTINI,Exploration SAP,2021-10-15,10:01:50,00:00:02
stefano.crapanzano@chu.ulg.ac.be,Sélectionner document,Exploration SAP,2021-10-15,10:01:52,00:00:03
stefano.crapanzano@chu.ulg.ac.be,TypeAheadPopup,Exploration SAP,2021-10-15,10:01:56,00:00:03
stefano.crapanzano@chu.ulg.ac.be,Commande interv. 40 4000229250 créée par WEBUSERCHU,Exploration SAP,2021-10-15,10:02:00,00:00:13
stefano.crapanzano@chu.ulg.ac.be,Commande interv. 40 4000229250 créée par WEBUSERCHU,Exploration SAP,2021-10-15,10:02:29,00:00:04
stefano.crapanzano@chu.ulg.ac.be,Commande interv. 40 4000229250 créée par WEBUSERCHU,Exploration SAP,2021-10-15,10:02:48,00:01:38
stefano.crapanzano@chu.ulg.ac.be,Commande interv. 40 4000229250 créée par WEBUSERCHU,Exploration SAP,2021-10-15,10:04:54,00:01:42
stefano.crapanzano@chu.ulg.ac.be,Commande interv. 40 4000229250 créée par WEBUSERCHU,Exploration SAP,2021-10-15,10:13:17,00:00:06
stefano.crapanzano@chu.ulg.ac.be,Commande interv. 40 4000229250 créée par WEBUSERCHU,Exploration SAP,2021-10-15,10:13:41,00:00:02
stefano.crapanzano@chu.ulg.ac.be,Commande interv. 40 4000229250 créée par WEBUSERCHU,Exploration SAP,2021-10-15,10:13:51,00:00:02
stefano.crapanzano@chu.ulg.ac.be,Performance Assistant,Exploration SAP,2021-10-15,10:02:14,00:00:04
stefano.crapanzano@chu.ulg.ac.be,Performance Assistant,Exploration SAP,2021-10-15,10:02:22,00:00:06
stefano.crapanzano@chu.ulg.ac.be,Information technique,Exploration SAP,2021-10-15,10:02:18,00:00:04
stefano.crapanzano@chu.ulg.ac.be,Harpège Download_tables_SaaS_SAP_V13.xlsx - Excel,Tâches diverses,2021-10-15,10:02:44,00:00:02
stefano.crapanzano@chu.ulg.ac.be,Afficher Document article 50087889 - Stefano CRAPANZANO,Exploration SAP,2021-10-15,10:04:27,00:00:27
stefano.crapanzano@chu.ulg.ac.be,TESTS FLUX SSP - Imputation d'une DA pour un WOAR en K au lieu du T - Xperthis ERP4HC 2.0 Rollout - Service d'assistance - Google Chrome,Tâches diverses,2021-10-15,10:08:05,00:02:08
stefano.crapanzano@chu.ulg.ac.be,TESTS FLUX SSP - Imputation d'une DA pour un WOAR en K au lieu du T - Xperthis ERP4HC 2.0 Rollout - Service d'assistance - Google Chrome,Tâches diverses,2021-10-15,10:10:18,00:00:06
stefano.crapanzano@chu.ulg.ac.be,TESTS FLUX SSP - Imputation d'une DA pour un WOAR en K au lieu du T - Xperthis ERP4HC 2.0 Rollout - Service d'assistance - Google Chrome,Tâches diverses,2021-10-15,10:11:55,00:00:02
stefano.crapanzano@chu.ulg.ac.be,TESTS FLUX SSP - Imputation d'une DA pour un WOAR en K au lieu du T - Xperthis ERP4HC 2.0 Rollout - Service d'assistance - Google Chrome,Tâches diverses,2021-10-15,10:21:50,00:01:34
stefano.crapanzano@chu.ulg.ac.be,TESTS FLUX SSP - Imputation d'une DA pour un WOAR en K au lieu du T - Xperthis ERP4HC 2.0 Rollout - Service d'assistance - Google Chrome,Tâches diverses,2021-10-15,10:23:53,00:00:04
stefano.crapanzano@chu.ulg.ac.be,TESTS FLUX SSP - Imputation d'une DA pour un WOAR en K au lieu du T - Xperthis ERP4HC 2.0 Rollout - Service d'assistance - Google Chrome,Tâches diverses,2021-10-15,12:18:49,00:00:06
stefano.crapanzano@chu.ulg.ac.be,TESTS FLUX SSP - Imputation d'une DA pour un WOAR en K au lieu du T - Xperthis ERP4HC 2.0 Rollout - Service d'assistance - Google Chrome,Tâches diverses,2021-10-15,12:19:56,00:00:05
stefano.crapanzano@chu.ulg.ac.be,TESTS FLUX SSP - Imputation d'une DA pour un WOAR en K au lieu du T - Xperthis ERP4HC 2.0 Rollout - Service d'assistance - Google Chrome,Tâches diverses,2021-10-15,16:21:07,00:00:08
stefano.crapanzano@chu.ulg.ac.be,STERPBE-2650 - IMPUTATION PAR TYPE D'ARTICLE - Mozilla Thunderbird,Helpdesk général,2021-10-15,10:11:33,00:00:02
stefano.crapanzano@chu.ulg.ac.be,Rédaction : Re: STERPBE-2650 - IMPUTATION PAR TYPE D'ARTICLE - Thunderbird,Helpdesk général,2021-10-15,10:10:30,00:01:00
stefano.crapanzano@chu.ulg.ac.be,Identification - Google Chrome,Tâches diverses,2021-10-15,10:11:59,00:00:06
stefano.crapanzano@chu.ulg.ac.be,Identification - Google Chrome,Tâches diverses,2021-10-15,14:11:11,00:00:02
stefano.crapanzano@chu.ulg.ac.be,Intrastat - Google Chrome,Tâches diverses,2021-10-15,10:12:08,00:00:35
stefano.crapanzano@chu.ulg.ac.be,Intrastat - Google Chrome,Tâches diverses,2021-10-15,10:13:01,00:00:14
stefano.crapanzano@chu.ulg.ac.be,Intrastat - Google Chrome,Tâches diverses,2021-10-15,10:13:49,00:00:02
stefano.crapanzano@chu.ulg.ac.be,Intrastat - Google Chrome,Tâches diverses,2021-10-15,10:15:29,00:00:08
stefano.crapanzano@chu.ulg.ac.be,Intrastat - Google Chrome,Tâches diverses,2021-10-15,10:21:33,00:00:02
stefano.crapanzano@chu.ulg.ac.be,Intrastat - Google Chrome,Tâches diverses,2021-10-15,10:24:10,00:00:04
stefano.crapanzano@chu.ulg.ac.be,Intrastat - Google Chrome,Tâches diverses,2021-10-15,10:26:57,00:00:08
stefano.crapanzano@chu.ulg.ac.be,Intrastat - Google Chrome,Tâches diverses,2021-10-15,12:14:37,00:00:15
stefano.crapanzano@chu.ulg.ac.be,C:\Users\c158492\Downloads\20218.sdf - Notepad++ [Administrator],IT,2021-10-15,10:12:43,00:00:17
stefano.crapanzano@chu.ulg.ac.be,C:\Users\c158492\Downloads\20218.sdf - Notepad++ [Administrator],IT,2021-10-15,10:14:08,00:00:02
stefano.crapanzano@chu.ulg.ac.be,Commande interv. 40 4000223196 créée par Melinda COTTINI,Exploration SAP,2021-10-15,10:13:55,00:00:09
stefano.crapanzano@chu.ulg.ac.be,Commande interv. 40 4000223196 créée par Melinda COTTINI,Exploration SAP,2021-10-15,10:14:24,00:00:19
stefano.crapanzano@chu.ulg.ac.be,Commande interv. 40 4000223196 créée par Melinda COTTINI,Exploration SAP,2021-10-15,10:15:02,00:00:20
stefano.crapanzano@chu.ulg.ac.be,*C:\Users\c158492\Downloads\20218.sdf - Notepad++ [Administrator],IT,2021-10-15,10:14:10,00:00:12
stefano.crapanzano@chu.ulg.ac.be,*C:\Users\c158492\Downloads\20218.sdf - Notepad++ [Administrator],IT,2021-10-15,10:14:55,00:00:06
stefano.crapanzano@chu.ulg.ac.be,*C:\Users\c158492\Downloads\20218.sdf - Notepad++ [Administrator],IT,2021-10-15,10:15:22,00:00:03
stefano.crapanzano@chu.ulg.ac.be,*C:\Users\c158492\Downloads\20218.sdf - Notepad++ [Administrator],IT,2021-10-15,10:15:45,00:00:10
stefano.crapanzano@chu.ulg.ac.be,Afficher article 510791 (ARTICLE WM non valorisé),Exploration SAP,2021-10-15,10:14:43,00:00:10
stefano.crapanzano@chu.ulg.ac.be,Commande interv. 40 4000220365 créée par Karin DERWA,Exploration SAP,2021-10-15,10:15:41,00:00:02
stefano.crapanzano@chu.ulg.ac.be,Enregistrer sous,IT,2021-10-15,10:15:56,00:00:21
stefano.crapanzano@chu.ulg.ac.be,Enregistrer sous,Tâches diverses,2021-10-15,14:15:52,00:00:02
stefano.crapanzano@chu.ulg.ac.be,\\filesrv04.st.chulg\DSL\Achats\STATISTIQUES\Intrastat\DECLARATIONS\Déclarations 2021\envoyé\202108.sdf - Notepad++ [Administrator],IT,2021-10-15,10:16:18,00:00:03
stefano.crapanzano@chu.ulg.ac.be,Rédaction : Fwd: INTRASTAT - 08/2021 - Thunderbird,Helpdesk général,2021-10-15,10:16:28,00:00:05
stefano.crapanzano@chu.ulg.ac.be,Rédaction : Fwd: INTRASTAT - 08/2021 - Thunderbird,Helpdesk général,2021-10-15,10:16:47,00:00:34
stefano.crapanzano@chu.ulg.ac.be,Joindre les fichiers,Helpdesk général,2021-10-15,10:16:33,00:00:13
stefano.crapanzano@chu.ulg.ac.be,SSP CHU 203 - Min/Max voor WART en OART - Xperthis ERP4HC 2.0 Rollout - Service d'assistance - Google Chrome,Tâches diverses,2021-10-15,10:23:28,00:00:05
stefano.crapanzano@chu.ulg.ac.be,SSP CHU 203 - Min/Max voor WART en OART - Xperthis ERP4HC 2.0 Rollout - Service d'assistance - Google Chrome,Tâches diverses,2021-10-15,10:23:35,00:00:09
stefano.crapanzano@chu.ulg.ac.be,Rédaction : Re: Transfert de licence SAP Amélie THEODORE --> Leyla CAM - Thunderbird,Helpdesk général,2021-10-15,10:24:43,00:00:32
stefano.crapanzano@chu.ulg.ac.be,Rédaction : Re: Transfert de licence SAP Amélie THEODORE --> Leyla CAM - Thunderbird,Helpdesk général,2021-10-15,10:25:29,00:00:02
stefano.crapanzano@chu.ulg.ac.be,INTRASTAT - 08/2021 - Mozilla Thunderbird,Helpdesk général,2021-10-15,10:58:54,00:00:21
stefano.crapanzano@chu.ulg.ac.be,Rédaction : Re: INTRASTAT - 08/2021 - Thunderbird,Helpdesk général,2021-10-15,11:22:55,00:01:08
stefano.crapanzano@chu.ulg.ac.be,Connexion à TE6 et A03 impossible. Problème identique au ticket SDERP-18907 - Xperthis ERP4HC 2.0 Rollout - Service d'assistance - Google Chrome,Tâches diverses,2021-10-15,12:17:31,00:00:08
stefano.crapanzano@chu.ulg.ac.be,P203 CHR Des pieces jointes du CHU sont jointes a nos da/commandes - Xperthis ERP4HC 1.0 - Service d'assistance - Google Chrome,Tâches diverses,2021-10-15,12:17:45,00:00:59
stefano.crapanzano@chu.ulg.ac.be,https://par0112wi.xperthis.be:8443/sap/bc/webflow/wshandler?_sapwiid=000023515003&_saptask=TS91000022&_saplogsys=A03CLNT203&_sapuname=XPTMAVERBIE&_saplangu=F&_sapxid=00505689E1AE1EDC8B8AD067407D3387&sap-client=203&saml2=disabled - Google Chrome,Tâches diverses,2021-10-15,12:19:30,00:00:25
stefano.crapanzano@chu.ulg.ac.be,SSP Problème de traduction néerlandais -> français - Xperthis ERP4HC 2.0 Rollout - Service d'assistance - Google Chrome,Tâches diverses,2021-10-15,12:23:21,00:00:11
stefano.crapanzano@chu.ulg.ac.be,ERP2.0 test SSP : Flux WOAR incorrect - Xperthis ERP4HC 2.0 Rollout - Service d'assistance - Google Chrome,Tâches diverses,2021-10-15,12:50:15,00:00:08
stefano.crapanzano@chu.ulg.ac.be,Affichage demande d'achat en SAP-GUI ME53N - Xperthis ERP4HC 2.0 Rollout - Service d'assistance - Google Chrome,Tâches diverses,2021-10-15,12:50:23,00:00:39
stefano.crapanzano@chu.ulg.ac.be,Affichage demande d'achat en SAP-GUI ME53N - Xperthis ERP4HC 2.0 Rollout - Service d'assistance - Google Chrome,Tâches diverses,2021-10-15,12:51:38,00:00:32
stefano.crapanzano@chu.ulg.ac.be,Affichage demande d'achat en SAP-GUI ME53N - Xperthis ERP4HC 2.0 Rollout - Service d'assistance - Google Chrome,Tâches diverses,2021-10-15,12:53:06,00:00:09
stefano.crapanzano@chu.ulg.ac.be,Fwd: STERPBE-2657 ERP2.0 test SSP : Flux WOAR incorrect - Mozilla Thunderbird,Helpdesk général,2021-10-15,12:51:08,00:00:04
stefano.crapanzano@chu.ulg.ac.be,Rédaction : Re: Fwd: STERPBE-2657 ERP2.0 test SSP : Flux WOAR incorrect - Thunderbird,Helpdesk général,2021-10-15,12:51:13,00:00:23
stefano.crapanzano@chu.ulg.ac.be,Rédaction : Re: Fwd: STERPBE-2657 ERP2.0 test SSP : Flux WOAR incorrect - Thunderbird,Helpdesk général,2021-10-15,12:52:12,00:00:48
stefano.crapanzano@chu.ulg.ac.be,Rédaction : Re: [SAM][~][via transfert] : 434950 : WEB:Connexion SAP en télétravail - Thunderbird,Helpdesk général,2021-10-15,13:33:56,00:01:13
stefano.crapanzano@chu.ulg.ac.be,SAM-DB : Transfert de licence - THODORE A. à CAM Leyla - Google Chrome,Tâches diverses,2021-10-15,13:38:22,00:00:10
stefano.crapanzano@chu.ulg.ac.be,SAM-DB : Transfert de licence - THODORE A. à CAM Leyla - Google Chrome,Tâches diverses,2021-10-15,13:39:02,00:00:10
stefano.crapanzano@chu.ulg.ac.be,SAM-DB : Transfert de licence - THODORE A. à CAM Leyla - Google Chrome,Tâches diverses,2021-10-15,13:39:54,00:00:02
stefano.crapanzano@chu.ulg.ac.be,SAM-DB : Transfert de licence - THODORE A. à CAM Leyla - Google Chrome,Tâches diverses,2021-10-15,13:40:39,00:00:02
stefano.crapanzano@chu.ulg.ac.be,SAM-DB : Transfert de licence - THODORE A. à CAM Leyla - Google Chrome,Tâches diverses,2021-10-15,13:41:04,00:00:09
stefano.crapanzano@chu.ulg.ac.be,SAM-DB : Transfert de licence - THODORE A. à CAM Leyla - Google Chrome,Tâches diverses,2021-10-15,13:50:34,00:00:06
stefano.crapanzano@chu.ulg.ac.be,SAM-DB : Transfert de licence - THODORE A. à CAM Leyla - Google Chrome,Tâches diverses,2021-10-15,14:08:59,00:00:35
stefano.crapanzano@chu.ulg.ac.be,chargement_manuel_AD_v2.xlsm - Excel,Tâches diverses,2021-10-15,13:38:46,00:00:14
stefano.crapanzano@chu.ulg.ac.be,chargement_manuel_AD_v2.xlsm - Excel,Tâches diverses,2021-10-15,13:39:39,00:00:10
stefano.crapanzano@chu.ulg.ac.be,chargement_manuel_AD_v2.xlsm - Excel,Tâches diverses,2021-10-15,13:39:58,00:00:16
stefano.crapanzano@chu.ulg.ac.be,chargement_manuel_AD_v2.xlsm - Excel,Tâches diverses,2021-10-15,13:40:21,00:00:02
stefano.crapanzano@chu.ulg.ac.be,chargement_manuel_AD_v2.xlsm - Excel,Tâches diverses,2021-10-15,13:41:17,00:00:05
stefano.crapanzano@chu.ulg.ac.be,chargement_manuel_AD_v2.xlsm - Excel,Tâches diverses,2021-10-15,13:41:24,00:00:04
stefano.crapanzano@chu.ulg.ac.be,chargement_manuel_AD_v2.xlsm - Excel,Tâches diverses,2021-10-15,13:41:32,00:00:04
stefano.crapanzano@chu.ulg.ac.be,chargement_manuel_AD_v2.xlsm - Excel,Tâches diverses,2021-10-15,13:52:58,00:00:10
stefano.crapanzano@chu.ulg.ac.be,chargement_manuel_AD_v2.xlsm - Excel,Tâches diverses,2021-10-15,13:53:23,00:00:12
stefano.crapanzano@chu.ulg.ac.be,chargement_manuel_AD_v2.xlsm - Excel,Tâches diverses,2021-10-15,13:53:38,00:00:04
stefano.crapanzano@chu.ulg.ac.be,chargement_manuel_AD_v2.xlsm - Excel,Tâches diverses,2021-10-15,13:54:35,00:00:05
stefano.crapanzano@chu.ulg.ac.be,chargement_manuel_AD_v2.xlsm - Excel,Tâches diverses,2021-10-15,13:54:41,00:00:06
stefano.crapanzano@chu.ulg.ac.be,chargement_manuel_AD_v2.xlsm - Excel,Tâches diverses,2021-10-15,14:07:21,00:00:08
stefano.crapanzano@chu.ulg.ac.be,Sapgui Splash Screen,Exploration SAP,2021-10-15,13:39:14,00:00:04
stefano.crapanzano@chu.ulg.ac.be,Gestion des utilisateurs : écran initial,Exploration SAP,2021-10-15,13:39:28,00:00:02
stefano.crapanzano@chu.ulg.ac.be,Gestion des utilisateurs : écran initial,Exploration SAP,2021-10-15,13:41:13,00:00:02
stefano.crapanzano@chu.ulg.ac.be,Gestion des utilisateurs : écran initial,Tâches diverses,2021-10-15,13:55:36,00:00:05
stefano.crapanzano@chu.ulg.ac.be,Gestion des utilisateurs : écran initial,Exploration SAP,2021-10-15,13:55:57,00:00:02
stefano.crapanzano@chu.ulg.ac.be,Gestion des utilisateurs : écran initial,Exploration SAP,2021-10-15,14:07:34,00:00:04
stefano.crapanzano@chu.ulg.ac.be,Afficher utilisateur,Exploration SAP,2021-10-15,13:39:31,00:00:05
stefano.crapanzano@chu.ulg.ac.be,Afficher utilisateur,Exploration SAP,2021-10-15,13:40:44,00:00:09
stefano.crapanzano@chu.ulg.ac.be,Afficher utilisateur,Exploration SAP,2021-10-15,13:55:42,00:00:02
stefano.crapanzano@chu.ulg.ac.be,Afficher utilisateur,Exploration SAP,2021-10-15,13:56:00,00:00:09
stefano.crapanzano@chu.ulg.ac.be,Afficher utilisateur,Exploration SAP,2021-10-15,14:07:38,00:00:08
stefano.crapanzano@chu.ulg.ac.be,Macro,Tâches diverses,2021-10-15,13:40:15,00:00:02
stefano.crapanzano@chu.ulg.ac.be,Macro,Tâches diverses,2021-10-15,13:53:36,00:00:02
stefano.crapanzano@chu.ulg.ac.be,PE2_203 - sftp://PE2U2FTP@153.89.110.38 - FileZilla,Helpdesk général,2021-10-15,17:09:23,00:00:30
stefano.crapanzano@chu.ulg.ac.be,PE2_203_IDMGMT - sftp://PE2U2FTPID@153.89.110.38 - FileZilla,Helpdesk général,2021-10-15,13:40:27,00:00:09
stefano.crapanzano@chu.ulg.ac.be,PE2_203_IDMGMT - sftp://PE2U2FTPID@153.89.110.38 - FileZilla,Helpdesk général,2021-10-15,13:41:39,00:08:55
stefano.crapanzano@chu.ulg.ac.be,PE2_203_IDMGMT - sftp://PE2U2FTPID@153.89.110.38 - FileZilla,Tâches diverses,2021-10-15,13:53:43,00:00:10
stefano.crapanzano@chu.ulg.ac.be,PE2_203_IDMGMT - sftp://PE2U2FTPID@153.89.110.38 - FileZilla,Helpdesk général,2021-10-15,13:54:12,00:00:03
stefano.crapanzano@chu.ulg.ac.be,PE2_203_IDMGMT - sftp://PE2U2FTPID@153.89.110.38 - FileZilla,Helpdesk général,2021-10-15,13:54:31,00:00:02
stefano.crapanzano@chu.ulg.ac.be,PE2_203_IDMGMT - sftp://PE2U2FTPID@153.89.110.38 - FileZilla,Helpdesk général,2021-10-15,13:54:52,00:00:10
stefano.crapanzano@chu.ulg.ac.be,PE2_203_IDMGMT - sftp://PE2U2FTPID@153.89.110.38 - FileZilla,Helpdesk général,2021-10-15,13:55:06,00:00:16
stefano.crapanzano@chu.ulg.ac.be,PE2_203_IDMGMT - sftp://PE2U2FTPID@153.89.110.38 - FileZilla,Helpdesk général,2021-10-15,17:09:20,00:00:02
stefano.crapanzano@chu.ulg.ac.be,Gérer utilisateur,Exploration SAP,2021-10-15,13:40:53,00:00:07
stefano.crapanzano@chu.ulg.ac.be,Gérer utilisateur,Exploration SAP,2021-10-15,13:55:45,00:00:12
stefano.crapanzano@chu.ulg.ac.be,Microsoft Excel,Tâches diverses,2021-10-15,13:41:28,00:00:02
stefano.crapanzano@chu.ulg.ac.be,Microsoft Excel,Tâches diverses,2021-10-15,13:54:48,00:00:02
stefano.crapanzano@chu.ulg.ac.be,SAM-DB : Connexion SAP en télétravail - Google Chrome,Tâches diverses,2021-10-15,13:50:51,00:01:21
stefano.crapanzano@chu.ulg.ac.be,SAM-DB - Google Chrome,Tâches diverses,2021-10-15,13:52:13,00:00:13
stefano.crapanzano@chu.ulg.ac.be,SAM-DB - Google Chrome,Tâches diverses,2021-10-15,13:54:16,00:00:13
stefano.crapanzano@chu.ulg.ac.be,SAM-DB - Google Chrome,Tâches diverses,2021-10-15,14:09:35,00:00:04
stefano.crapanzano@chu.ulg.ac.be,SAM-DB - Google Chrome,Tâches diverses,2021-10-15,14:10:10,00:00:08
stefano.crapanzano@chu.ulg.ac.be,SAM-DB - Google Chrome,Tâches diverses,2021-10-15,14:11:03,00:00:05
stefano.crapanzano@chu.ulg.ac.be,Le fichier cible existe déjà,Helpdesk général,2021-10-15,13:55:03,00:00:02
stefano.crapanzano@chu.ulg.ac.be,SAM-DB : transfert de licence - VACCARELLA M. à AIRO Mara - Google Chrome,Tâches diverses,2021-10-15,13:55:27,00:00:09
stefano.crapanzano@chu.ulg.ac.be,SAM-DB : transfert de licence - VACCARELLA M. à AIRO Mara - Google Chrome,Tâches diverses,2021-10-15,13:56:12,00:00:05
stefano.crapanzano@chu.ulg.ac.be,SAM-DB : transfert de licence - VACCARELLA M. à AIRO Mara - Google Chrome,Tâches diverses,2021-10-15,14:09:39,00:00:30
stefano.crapanzano@chu.ulg.ac.be,ZORGI Help Center - Service d'assistance - Google Chrome,Tâches diverses,2021-10-15,14:02:06,00:00:04
stefano.crapanzano@chu.ulg.ac.be,Incident ERP for HealthCare - Xperthis ERP4HC 1.0 - Service d'assistance - Google Chrome,Tâches diverses,2021-10-15,14:02:11,00:02:44
stefano.crapanzano@chu.ulg.ac.be,Incident ERP for HealthCare - Xperthis ERP4HC 1.0 - Service d'assistance - Google Chrome,Tâches diverses,2021-10-15,14:05:05,00:00:12
stefano.crapanzano@chu.ulg.ac.be,Incident ERP for HealthCare - Xperthis ERP4HC 1.0 - Service d'assistance - Google Chrome,Tâches diverses,2021-10-15,14:14:01,00:00:05
stefano.crapanzano@chu.ulg.ac.be,Incident ERP for HealthCare - Xperthis ERP4HC 1.0 - Service d'assistance - Google Chrome,Tâches diverses,2021-10-15,14:14:23,00:01:14
stefano.crapanzano@chu.ulg.ac.be,Incident ERP for HealthCare - Xperthis ERP4HC 1.0 - Service d'assistance - Google Chrome,Tâches diverses,2021-10-15,14:16:46,00:00:05
stefano.crapanzano@chu.ulg.ac.be,Incident ERP for HealthCare - Xperthis ERP4HC 1.0 - Service d'assistance - Google Chrome,Tâches diverses,2021-10-15,14:17:00,00:00:31
stefano.crapanzano@chu.ulg.ac.be,Incident ERP for HealthCare - Xperthis ERP4HC 1.0 - Service d'assistance - Google Chrome,Tâches diverses,2021-10-15,14:17:38,00:00:16
stefano.crapanzano@chu.ulg.ac.be,Ouvrir,Tâches diverses,2021-10-15,14:04:55,00:00:09
stefano.crapanzano@chu.ulg.ac.be,Ouvrir,Tâches diverses,2021-10-15,14:06:01,00:00:05
stefano.crapanzano@chu.ulg.ac.be,Ouvrir,Tâches diverses,2021-10-15,14:06:47,00:00:05
stefano.crapanzano@chu.ulg.ac.be,Ouvrir,Tâches diverses,2021-10-15,14:06:53,00:00:04
stefano.crapanzano@chu.ulg.ac.be,Ouvrir,Tâches diverses,2021-10-15,14:16:51,00:00:08
stefano.crapanzano@chu.ulg.ac.be,Ouvrir,Tâches diverses,2021-10-15,14:35:10,00:00:04
stefano.crapanzano@chu.ulg.ac.be,Ouvrir,Tâches diverses,2021-10-15,16:21:58,00:00:10
stefano.crapanzano@chu.ulg.ac.be,Accès à SSP  SAP Libération des factures et Fiori impossible en VPN - Xperthis ERP4HC 1.0 - Service d'assistance - Google Chrome,Tâches diverses,2021-10-15,14:05:17,00:00:44
stefano.crapanzano@chu.ulg.ac.be,Accès à SSP  SAP Libération des factures et Fiori impossible en VPN - Xperthis ERP4HC 1.0 - Service d'assistance - Google Chrome,Tâches diverses,2021-10-15,14:06:07,00:00:39
stefano.crapanzano@chu.ulg.ac.be,Accès à SSP  SAP Libération des factures et Fiori impossible en VPN - Xperthis ERP4HC 1.0 - Service d'assistance - Google Chrome,Tâches diverses,2021-10-15,14:06:58,00:00:04
stefano.crapanzano@chu.ulg.ac.be,Accès à SSP  SAP Libération des factures et Fiori impossible en VPN - Xperthis ERP4HC 1.0 - Service d'assistance - Google Chrome,Tâches diverses,2021-10-15,14:11:25,00:00:05
stefano.crapanzano@chu.ulg.ac.be,Accès à SSP  SAP Libération des factures et Fiori impossible en VPN - Xperthis ERP4HC 1.0 - Service d'assistance - Google Chrome,Tâches diverses,2021-10-15,14:17:54,00:00:18
stefano.crapanzano@chu.ulg.ac.be,Accès à SSP  SAP Libération des factures et Fiori impossible en VPN - Xperthis ERP4HC 1.0 - Service d'assistance - Google Chrome,Tâches diverses,2021-10-15,14:18:22,00:01:24
stefano.crapanzano@chu.ulg.ac.be,Accès à SSP  SAP Libération des factures et Fiori impossible en VPN - Xperthis ERP4HC 1.0 - Service d'assistance - Google Chrome,Tâches diverses,2021-10-15,14:21:21,00:01:31
stefano.crapanzano@chu.ulg.ac.be,Accès à SSP  SAP Libération des factures et Fiori impossible en VPN - Xperthis ERP4HC 1.0 - Service d'assistance - Google Chrome,Tâches diverses,2021-10-15,14:33:00,00:00:06
stefano.crapanzano@chu.ulg.ac.be,Gérer données utilisateur et salarié,Exploration SAP,2021-10-15,14:07:50,00:00:02
stefano.crapanzano@chu.ulg.ac.be,Générer utilisateur,Exploration SAP,2021-10-15,14:07:53,00:00:02
stefano.crapanzano@chu.ulg.ac.be,Générer utilisateur,Exploration SAP,2021-10-15,14:08:12,00:00:04
stefano.crapanzano@chu.ulg.ac.be,Générer utilisateur,Exploration SAP,2021-10-15,14:08:18,00:00:02
stefano.crapanzano@chu.ulg.ac.be,Générer utilisateur,Exploration SAP,2021-10-15,14:08:51,00:00:02
stefano.crapanzano@chu.ulg.ac.be,Générer utilisateur EBR à partir d'un utilis. SU01 existant,Exploration SAP,2021-10-15,14:07:56,00:00:02
stefano.crapanzano@chu.ulg.ac.be,Générer utilisateur EBR à partir d'un utilis. SU01 existant,Exploration SAP,2021-10-15,14:08:21,00:00:04
stefano.crapanzano@chu.ulg.ac.be,Restriction de la liste des utilisateurs,Exploration SAP,2021-10-15,14:07:59,00:00:04
stefano.crapanzano@chu.ulg.ac.be,Restriction de la liste des utilisateurs,Exploration SAP,2021-10-15,14:08:25,00:00:02
stefano.crapanzano@chu.ulg.ac.be,Sélection d'utilisateurs 1716 Entrées,Exploration SAP,2021-10-15,14:08:07,00:00:05
stefano.crapanzano@chu.ulg.ac.be,Sélection d'utilisateurs 1716 Entrées,Exploration SAP,2021-10-15,14:08:46,00:00:05
stefano.crapanzano@chu.ulg.ac.be,Rechercher,Exploration SAP,2021-10-15,14:08:04,00:00:02
stefano.crapanzano@chu.ulg.ac.be,Rechercher,Exploration SAP,2021-10-15,14:08:41,00:00:04
stefano.crapanzano@chu.ulg.ac.be,P203 CHU Accès à SSP  SAP Libération des factures et Fiori impossible en VPN - Xperthis ERP4HC 1.0 - Service d'assistance - Google Chrome,Tâches diverses,2021-10-15,14:12:36,00:01:20
stefano.crapanzano@chu.ulg.ac.be,P203 CHU Accès à SSP  SAP Libération des factures et Fiori impossible en VPN - Xperthis ERP4HC 1.0 - Service d'assistance - Google Chrome,Tâches diverses,2021-10-15,14:14:13,00:00:09
stefano.crapanzano@chu.ulg.ac.be,P203 CHU Accès à SSP  SAP Libération des factures et Fiori impossible en VPN - Xperthis ERP4HC 1.0 - Service d'assistance - Google Chrome,Tâches diverses,2021-10-15,14:15:37,00:00:15
stefano.crapanzano@chu.ulg.ac.be,P203 CHU Accès à SSP  SAP Libération des factures et Fiori impossible en VPN - Xperthis ERP4HC 1.0 - Service d'assistance - Google Chrome,Tâches diverses,2021-10-15,14:15:55,00:00:08
stefano.crapanzano@chu.ulg.ac.be,P203 CHU Accès à SSP  SAP Libération des factures et Fiori impossible en VPN - Xperthis ERP4HC 1.0 - Service d'assistance - Google Chrome,Helpdesk général,2021-10-15,14:16:09,00:00:04
stefano.crapanzano@chu.ulg.ac.be,P203 CHU Accès à SSP  SAP Libération des factures et Fiori impossible en VPN - Xperthis ERP4HC 1.0 - Service d'assistance - Google Chrome,Helpdesk général,2021-10-15,14:16:20,00:00:04
stefano.crapanzano@chu.ulg.ac.be,P203 CHU Accès à SSP  SAP Libération des factures et Fiori impossible en VPN - Xperthis ERP4HC 1.0 - Service d'assistance - Google Chrome,Helpdesk général,2021-10-15,14:16:30,00:00:04
stefano.crapanzano@chu.ulg.ac.be,P203 CHU Accès à SSP  SAP Libération des factures et Fiori impossible en VPN - Xperthis ERP4HC 1.0 - Service d'assistance - Google Chrome,Helpdesk général,2021-10-15,14:16:39,00:00:06
stefano.crapanzano@chu.ulg.ac.be,P203 CHU Accès à SSP  SAP Libération des factures et Fiori impossible en VPN - Xperthis ERP4HC 1.0 - Service d'assistance - Google Chrome,Tâches diverses,2021-10-15,14:17:31,00:00:06
stefano.crapanzano@chu.ulg.ac.be,P203 CHU Accès à SSP  SAP Libération des factures et Fiori impossible en VPN - Xperthis ERP4HC 1.0 - Service d'assistance - Google Chrome,Tâches diverses,2021-10-15,14:24:34,00:00:12
stefano.crapanzano@chu.ulg.ac.be,P203 CHU Accès à SSP  SAP Libération des factures et Fiori impossible en VPN - Xperthis ERP4HC 1.0 - Service d'assistance - Google Chrome,Tâches diverses,2021-10-15,14:24:53,00:01:02
stefano.crapanzano@chu.ulg.ac.be,P203 CHU Accès à SSP  SAP Libération des factures et Fiori impossible en VPN - Xperthis ERP4HC 1.0 - Service d'assistance - Google Chrome,Tâches diverses,2021-10-15,14:32:37,00:00:23
stefano.crapanzano@chu.ulg.ac.be,P203 CHU Accès à SSP  SAP Libération des factures et Fiori impossible en VPN - Xperthis ERP4HC 1.0 - Service d'assistance - Google Chrome,Tâches diverses,2021-10-15,14:33:07,00:00:52
stefano.crapanzano@chu.ulg.ac.be,P203 CHU Accès à SSP  SAP Libération des factures et Fiori impossible en VPN - Xperthis ERP4HC 1.0 - Service d'assistance - Google Chrome,Tâches diverses,2021-10-15,14:34:40,00:00:30
stefano.crapanzano@chu.ulg.ac.be,P203 CHU Accès à SSP  SAP Libération des factures et Fiori impossible en VPN - Xperthis ERP4HC 1.0 - Service d'assistance - Google Chrome,Tâches diverses,2021-10-15,14:35:14,00:00:42
stefano.crapanzano@chu.ulg.ac.be,P203 CHU Accès à SSP  SAP Libération des factures et Fiori impossible en VPN - Xperthis ERP4HC 1.0 - Service d'assistance - Google Chrome,Tâches diverses,2021-10-15,14:37:01,00:01:06
stefano.crapanzano@chu.ulg.ac.be,P203 CHU Accès à SSP  SAP Libération des factures et Fiori impossible en VPN - Xperthis ERP4HC 1.0 - Service d'assistance - Google Chrome,Tâches diverses,2021-10-15,14:40:05,00:00:18
stefano.crapanzano@chu.ulg.ac.be,P203 CHU Accès à SSP  SAP Libération des factures et Fiori impossible en VPN - Xperthis ERP4HC 1.0 - Service d'assistance - Google Chrome,Tâches diverses,2021-10-15,14:40:32,00:01:03
stefano.crapanzano@chu.ulg.ac.be,P203 CHU Accès à SSP  SAP Libération des factures et Fiori impossible en VPN - Xperthis ERP4HC 1.0 - Service d'assistance - Google Chrome,Tâches diverses,2021-10-15,16:19:47,00:00:02
stefano.crapanzano@chu.ulg.ac.be,P203 CHU Accès à SSP  SAP Libération des factures et Fiori impossible en VPN - Xperthis ERP4HC 1.0 - Service d'assistance - Google Chrome,Tâches diverses,2021-10-15,16:20:56,00:00:05
stefano.crapanzano@chu.ulg.ac.be,Greenshot capture form,Helpdesk général,2021-10-15,14:16:03,00:00:05
stefano.crapanzano@chu.ulg.ac.be,Greenshot capture form,Helpdesk général,2021-10-15,14:16:13,00:00:06
stefano.crapanzano@chu.ulg.ac.be,Greenshot capture form,Helpdesk général,2021-10-15,14:16:24,00:00:05
stefano.crapanzano@chu.ulg.ac.be,Greenshot capture form,Helpdesk général,2021-10-15,14:16:34,00:00:05
stefano.crapanzano@chu.ulg.ac.be,Greenshot capture form,Helpdesk général,2021-10-15,14:34:24,00:00:12
stefano.crapanzano@chu.ulg.ac.be,Greenshot capture form,Tâches diverses,2021-10-15,16:20:11,00:00:06
stefano.crapanzano@chu.ulg.ac.be,Greenshot capture form,Helpdesk général,2021-10-15,16:20:24,00:00:05
stefano.crapanzano@chu.ulg.ac.be,Service MT - Google Chrome,Tâches diverses,2021-10-15,14:22:52,00:00:09
stefano.crapanzano@chu.ulg.ac.be,Service MT - Google Chrome,Tâches diverses,2021-10-15,14:24:31,00:00:02
stefano.crapanzano@chu.ulg.ac.be,Service MT - Google Chrome,Tâches diverses,2021-10-15,14:32:31,00:00:02
stefano.crapanzano@chu.ulg.ac.be,Service MT - Google Chrome,Tâches diverses,2021-10-15,14:41:56,00:00:06
stefano.crapanzano@chu.ulg.ac.be,Service MT - Google Chrome,Tâches diverses,2021-10-15,16:16:58,00:00:03
stefano.crapanzano@chu.ulg.ac.be,CHU de Liège - Intranet - Google Chrome,Tâches diverses,2021-10-15,14:34:08,00:00:04
stefano.crapanzano@chu.ulg.ac.be,SAP - Google Chrome,Tâches diverses,2021-10-15,14:34:12,00:00:02
stefano.crapanzano@chu.ulg.ac.be,SAP relais-achat - Google Chrome,Tâches diverses,2021-10-15,14:34:15,00:00:02
stefano.crapanzano@chu.ulg.ac.be,SAP relais-achat - Google Chrome,Tâches diverses,2021-10-15,14:35:56,00:00:09
stefano.crapanzano@chu.ulg.ac.be,SAP relais-achat - Google Chrome,Tâches diverses,2021-10-15,14:38:47,00:00:34
stefano.crapanzano@chu.ulg.ac.be,SAP relais-achat - Google Chrome,Tâches diverses,2021-10-15,14:40:02,00:00:02
stefano.crapanzano@chu.ulg.ac.be,SAP relais-achat - Google Chrome,Tâches diverses,2021-10-15,14:40:24,00:00:02
stefano.crapanzano@chu.ulg.ac.be,SAP relais-achat - Google Chrome,Tâches diverses,2021-10-15,14:40:30,00:00:02
stefano.crapanzano@chu.ulg.ac.be,SAP relais-achat - Google Chrome,Tâches diverses,2021-10-15,14:41:53,00:00:02
stefano.crapanzano@chu.ulg.ac.be,Connexion - Google Chrome,Tâches diverses,2021-10-15,14:34:18,00:00:06
stefano.crapanzano@chu.ulg.ac.be,Connexion - Google Chrome,Helpdesk général,2021-10-15,14:34:36,00:00:03
stefano.crapanzano@chu.ulg.ac.be,Connexion - Google Chrome,Tâches diverses,2021-10-15,14:38:23,00:00:02
stefano.crapanzano@chu.ulg.ac.be,SAP libération de facture - Google Chrome,Tâches diverses,2021-10-15,14:36:12,00:00:02
stefano.crapanzano@chu.ulg.ac.be,https://par0009wi.xperthis.be/sap/bc/bsp/sap/zmwi/main.do?sap-client=203?sap-language=FR - Google Chrome,Tâches diverses,2021-10-15,14:36:07,00:00:02
stefano.crapanzano@chu.ulg.ac.be,Logon Error Message - Google Chrome,Tâches diverses,2021-10-15,14:36:21,00:00:39
stefano.crapanzano@chu.ulg.ac.be,Logon Error Message - Google Chrome,Tâches diverses,2021-10-15,14:38:07,00:00:10
stefano.crapanzano@chu.ulg.ac.be,Logon Error Message - Google Chrome,Tâches diverses,2021-10-15,14:38:32,00:00:02
stefano.crapanzano@chu.ulg.ac.be,SAP approbation - Google Chrome,Tâches diverses,2021-10-15,14:38:39,00:00:04
stefano.crapanzano@chu.ulg.ac.be,https://par0009wi.xperthis.be/sap(bD1mciZjPTIwMyZkPW1pbg==)/bc/bsp/sap/zmwi/main.do - Google Chrome,Tâches diverses,2021-10-15,14:38:20,00:00:02
stefano.crapanzano@chu.ulg.ac.be,Zone d'achat - Google Chrome,Tâches diverses,2021-10-15,14:38:25,00:00:06
stefano.crapanzano@chu.ulg.ac.be,Zone d'achat - Google Chrome,Tâches diverses,2021-10-15,14:38:45,00:00:02
stefano.crapanzano@chu.ulg.ac.be,Zone d'achat - Google Chrome,Tâches diverses,2021-10-15,14:41:37,00:00:06
stefano.crapanzano@chu.ulg.ac.be,Page d'accueil - Google Chrome,Tâches diverses,2021-10-15,14:38:35,00:00:04
stefano.crapanzano@chu.ulg.ac.be,Page d'accueil - Google Chrome,Tâches diverses,2021-10-15,16:18:01,00:00:05
stefano.crapanzano@chu.ulg.ac.be,Aanvraag tot bestellen creëren - Google Chrome,Tâches diverses,2021-10-15,16:17:04,00:00:05
stefano.crapanzano@chu.ulg.ac.be,Beginscherm - Google Chrome,Tâches diverses,2021-10-15,16:17:10,00:00:30
stefano.crapanzano@chu.ulg.ac.be,Créer une demande d'achat - Google Chrome,Tâches diverses,2021-10-15,16:18:06,00:00:34
stefano.crapanzano@chu.ulg.ac.be,Ma demande d'achat - Google Chrome,Tâches diverses,2021-10-15,16:18:40,00:01:07
stefano.crapanzano@chu.ulg.ac.be,Ma demande d'achat - Google Chrome,Tâches diverses,2021-10-15,16:20:03,00:00:08
stefano.crapanzano@chu.ulg.ac.be,Ma demande d'achat - Google Chrome,Helpdesk général,2021-10-15,16:20:17,00:00:07
stefano.crapanzano@chu.ulg.ac.be,Ma demande d'achat - Google Chrome,Tâches diverses,2021-10-15,16:20:30,00:00:04
stefano.crapanzano@chu.ulg.ac.be,SSP - Approbation de DA non visible dans l'interface - Xperthis ERP4HC 2.0 Rollout - Service d'assistance - Google Chrome,Tâches diverses,2021-10-15,16:19:57,00:00:05
stefano.crapanzano@chu.ulg.ac.be,SSP - Approbation de DA non visible dans l'interface - Xperthis ERP4HC 2.0 Rollout - Service d'assistance - Google Chrome,Tâches diverses,2021-10-15,16:20:34,00:00:21
stefano.crapanzano@chu.ulg.ac.be,SSP - Approbation de DA non visible dans l'interface - Xperthis ERP4HC 2.0 Rollout - Service d'assistance - Google Chrome,Tâches diverses,2021-10-15,16:21:48,00:00:09
stefano.crapanzano@chu.ulg.ac.be,SSP - Approbation de DA non visible dans l'interface - Xperthis ERP4HC 2.0 Rollout - Service d'assistance - Google Chrome,Tâches diverses,2021-10-15,16:22:09,00:02:37
stefano.crapanzano@chu.ulg.ac.be,SSP - Approbation de DA non visible dans l'interface - Xperthis ERP4HC 2.0 Rollout - Service d'assistance - Google Chrome,Tâches diverses,2021-10-15,16:24:54,00:00:38
stefano.crapanzano@chu.ulg.ac.be,Réceptionnaire  centre de coût et compte général pas remplis - Xperthis ERP4HC 2.0 Rollout - Service d'assistance - Google Chrome,Tâches diverses,2021-10-15,16:21:41,00:00:06
stefano.crapanzano@chu.ulg.ac.be,erreur chargement - Mozilla Thunderbird,Helpdesk général,2021-10-15,17:09:56,00:00:06
stefano.crapanzano@chu.ulg.ac.be,erreur chargement - Mozilla Thunderbird,Helpdesk général,2021-10-15,17:10:28,00:00:02
stefano.crapanzano@chu.ulg.ac.be,Rédaction : Re: erreur chargement - Thunderbird,Helpdesk général,2021-10-15,17:10:03,00:00:21
