Email,Description,Project,Start date,Start time,Duration
stefano.crapanzano@chu.ulg.ac.be,Courrier entrant - erp.sai@chuliege.be - Mozilla Thunderbird,Helpdesk général,2021-10-13,08:58:02,00:00:05
stefano.crapanzano@chu.ulg.ac.be,Courrier entrant - erp.sai@chuliege.be - Mozilla Thunderbird,Helpdesk général,2021-10-13,08:58:21,00:00:30
stefano.crapanzano@chu.ulg.ac.be,Courrier entrant - erp.sai@chuliege.be - Mozilla Thunderbird,Helpdesk général,2021-10-13,08:58:54,00:00:06
stefano.crapanzano@chu.ulg.ac.be,Courrier entrant - erp.sai@chuliege.be - Mozilla Thunderbird,Helpdesk général,2021-10-13,08:59:04,00:00:05
stefano.crapanzano@chu.ulg.ac.be,Courrier entrant - erp.sai@chuliege.be - Mozilla Thunderbird,Helpdesk général,2021-10-13,08:59:42,00:00:06
stefano.crapanzano@chu.ulg.ac.be,Courrier entrant - erp.sai@chuliege.be - Mozilla Thunderbird,Helpdesk général,2021-10-13,09:03:30,00:00:18
stefano.crapanzano@chu.ulg.ac.be,Courrier entrant - erp.sai@chuliege.be - Mozilla Thunderbird,Helpdesk général,2021-10-13,09:05:56,00:00:02
stefano.crapanzano@chu.ulg.ac.be,Courrier entrant - erp.sai@chuliege.be - Mozilla Thunderbird,Helpdesk général,2021-10-13,09:12:27,00:00:04
stefano.crapanzano@chu.ulg.ac.be,Courrier entrant - erp.sai@chuliege.be - Mozilla Thunderbird,Helpdesk général,2021-10-13,09:17:01,00:00:04
stefano.crapanzano@chu.ulg.ac.be,Courrier entrant - erp.sai@chuliege.be - Mozilla Thunderbird,Helpdesk général,2021-10-13,09:17:09,00:00:02
stefano.crapanzano@chu.ulg.ac.be,Courrier entrant - erp.sai@chuliege.be - Mozilla Thunderbird,Helpdesk général,2021-10-13,10:13:19,00:00:05
stefano.crapanzano@chu.ulg.ac.be,Courrier entrant - erp.sai@chuliege.be - Mozilla Thunderbird,Tâches diverses,2021-10-13,10:13:31,00:00:04
stefano.crapanzano@chu.ulg.ac.be,Courrier entrant - erp.sai@chuliege.be - Mozilla Thunderbird,Helpdesk général,2021-10-13,10:14:52,00:00:05
stefano.crapanzano@chu.ulg.ac.be,Courrier entrant - erp.sai@chuliege.be - Mozilla Thunderbird,Helpdesk général,2021-10-13,10:19:08,00:00:05
stefano.crapanzano@chu.ulg.ac.be,Courrier entrant - erp.sai@chuliege.be - Mozilla Thunderbird,Helpdesk général,2021-10-13,10:20:13,00:00:02
stefano.crapanzano@chu.ulg.ac.be,Courrier entrant - erp.sai@chuliege.be - Mozilla Thunderbird,Helpdesk général,2021-10-13,10:20:17,00:00:29
stefano.crapanzano@chu.ulg.ac.be,Courrier entrant - erp.sai@chuliege.be - Mozilla Thunderbird,Helpdesk général,2021-10-13,10:21:46,00:01:20
stefano.crapanzano@chu.ulg.ac.be,Courrier entrant - erp.sai@chuliege.be - Mozilla Thunderbird,Helpdesk général,2021-10-13,10:25:12,00:00:02
stefano.crapanzano@chu.ulg.ac.be,Courrier entrant - erp.sai@chuliege.be - Mozilla Thunderbird,Helpdesk général,2021-10-13,10:54:20,00:00:04
stefano.crapanzano@chu.ulg.ac.be,Courrier entrant - erp.sai@chuliege.be - Mozilla Thunderbird,Helpdesk général,2021-10-13,11:04:48,00:00:03
stefano.crapanzano@chu.ulg.ac.be,Courrier entrant - erp.sai@chuliege.be - Mozilla Thunderbird,Helpdesk général,2021-10-13,11:09:00,00:00:02
stefano.crapanzano@chu.ulg.ac.be,Courrier entrant - erp.sai@chuliege.be - Mozilla Thunderbird,Helpdesk général,2021-10-13,11:25:37,00:04:27
stefano.crapanzano@chu.ulg.ac.be,Courrier entrant - erp.sai@chuliege.be - Mozilla Thunderbird,Helpdesk général,2021-10-13,11:49:45,00:00:14
stefano.crapanzano@chu.ulg.ac.be,Courrier entrant - erp.sai@chuliege.be - Mozilla Thunderbird,Helpdesk général,2021-10-13,12:01:20,00:00:33
stefano.crapanzano@chu.ulg.ac.be,Courrier entrant - erp.sai@chuliege.be - Mozilla Thunderbird,Helpdesk général,2021-10-13,12:03:04,00:00:02
stefano.crapanzano@chu.ulg.ac.be,Courrier entrant - erp.sai@chuliege.be - Mozilla Thunderbird,Helpdesk général,2021-10-13,12:03:11,00:00:06
stefano.crapanzano@chu.ulg.ac.be,Courrier entrant - erp.sai@chuliege.be - Mozilla Thunderbird,Helpdesk général,2021-10-13,12:03:23,00:00:22
stefano.crapanzano@chu.ulg.ac.be,Courrier entrant - erp.sai@chuliege.be - Mozilla Thunderbird,Helpdesk général,2021-10-13,12:07:28,00:00:13
stefano.crapanzano@chu.ulg.ac.be,Courrier entrant - erp.sai@chuliege.be - Mozilla Thunderbird,Helpdesk général,2021-10-13,12:07:51,00:00:08
stefano.crapanzano@chu.ulg.ac.be,Courrier entrant - erp.sai@chuliege.be - Mozilla Thunderbird,Helpdesk général,2021-10-13,12:09:22,00:00:02
stefano.crapanzano@chu.ulg.ac.be,Courrier entrant - erp.sai@chuliege.be - Mozilla Thunderbird,Helpdesk général,2021-10-13,12:14:01,00:00:06
stefano.crapanzano@chu.ulg.ac.be,Courrier entrant - erp.sai@chuliege.be - Mozilla Thunderbird,Helpdesk général,2021-10-13,12:14:10,00:00:18
stefano.crapanzano@chu.ulg.ac.be,Courrier entrant - erp.sai@chuliege.be - Mozilla Thunderbird,Helpdesk général,2021-10-13,12:14:32,00:00:02
stefano.crapanzano@chu.ulg.ac.be,Courrier entrant - erp.sai@chuliege.be - Mozilla Thunderbird,Helpdesk général,2021-10-13,12:14:58,00:00:05
stefano.crapanzano@chu.ulg.ac.be,Courrier entrant - erp.sai@chuliege.be - Mozilla Thunderbird,Helpdesk général,2021-10-13,12:25:17,00:00:02
stefano.crapanzano@chu.ulg.ac.be,Courrier entrant - erp.sai@chuliege.be - Mozilla Thunderbird,Helpdesk général,2021-10-13,12:25:21,00:00:05
stefano.crapanzano@chu.ulg.ac.be,Courrier entrant - erp.sai@chuliege.be - Mozilla Thunderbird,Helpdesk général,2021-10-13,12:29:15,00:00:02
stefano.crapanzano@chu.ulg.ac.be,Courrier entrant - erp.sai@chuliege.be - Mozilla Thunderbird,Helpdesk général,2021-10-13,12:30:42,00:00:06
stefano.crapanzano@chu.ulg.ac.be,Courrier entrant - erp.sai@chuliege.be - Mozilla Thunderbird,Helpdesk général,2021-10-13,12:30:55,00:00:31
stefano.crapanzano@chu.ulg.ac.be,Courrier entrant - erp.sai@chuliege.be - Mozilla Thunderbird,Helpdesk général,2021-10-13,12:34:30,00:00:06
stefano.crapanzano@chu.ulg.ac.be,Courrier entrant - erp.sai@chuliege.be - Mozilla Thunderbird,Helpdesk général,2021-10-13,12:35:05,00:00:02
stefano.crapanzano@chu.ulg.ac.be,Courrier entrant - erp.sai@chuliege.be - Mozilla Thunderbird,Helpdesk général,2021-10-13,12:35:10,00:00:02
stefano.crapanzano@chu.ulg.ac.be,Courrier entrant - erp.sai@chuliege.be - Mozilla Thunderbird,Helpdesk général,2021-10-13,13:00:08,00:00:02
stefano.crapanzano@chu.ulg.ac.be,Courrier entrant - erp.sai@chuliege.be - Mozilla Thunderbird,Helpdesk général,2021-10-13,13:00:39,00:00:09
stefano.crapanzano@chu.ulg.ac.be,Courrier entrant - erp.sai@chuliege.be - Mozilla Thunderbird,Helpdesk général,2021-10-13,13:03:00,00:00:10
stefano.crapanzano@chu.ulg.ac.be,Courrier entrant - erp.sai@chuliege.be - Mozilla Thunderbird,Helpdesk général,2021-10-13,13:12:42,00:12:57
stefano.crapanzano@chu.ulg.ac.be,Courrier entrant - erp.sai@chuliege.be - Mozilla Thunderbird,Helpdesk général,2021-10-13,13:40:34,00:00:03
stefano.crapanzano@chu.ulg.ac.be,Courrier entrant - erp.sai@chuliege.be - Mozilla Thunderbird,Helpdesk général,2021-10-13,13:42:23,00:00:02
stefano.crapanzano@chu.ulg.ac.be,Courrier entrant - erp.sai@chuliege.be - Mozilla Thunderbird,Helpdesk général,2021-10-13,13:42:27,00:00:04
stefano.crapanzano@chu.ulg.ac.be,Courrier entrant - erp.sai@chuliege.be - Mozilla Thunderbird,Helpdesk général,2021-10-13,13:46:59,00:05:38
stefano.crapanzano@chu.ulg.ac.be,Courrier entrant - erp.sai@chuliege.be - Mozilla Thunderbird,Tâches diverses,2021-10-13,13:53:06,00:00:06
stefano.crapanzano@chu.ulg.ac.be,Courrier entrant - erp.sai@chuliege.be - Mozilla Thunderbird,Helpdesk général,2021-10-13,13:53:58,00:00:32
stefano.crapanzano@chu.ulg.ac.be,Courrier entrant - erp.sai@chuliege.be - Mozilla Thunderbird,Helpdesk général,2021-10-13,14:07:11,00:00:02
stefano.crapanzano@chu.ulg.ac.be,Courrier entrant - erp.sai@chuliege.be - Mozilla Thunderbird,Helpdesk général,2021-10-13,14:08:50,00:00:02
stefano.crapanzano@chu.ulg.ac.be,Courrier entrant - erp.sai@chuliege.be - Mozilla Thunderbird,Helpdesk général,2021-10-13,14:08:58,00:01:32
stefano.crapanzano@chu.ulg.ac.be,Courrier entrant - erp.sai@chuliege.be - Mozilla Thunderbird,Tâches diverses,2021-10-13,14:13:27,00:00:02
stefano.crapanzano@chu.ulg.ac.be,Courrier entrant - erp.sai@chuliege.be - Mozilla Thunderbird,Helpdesk général,2021-10-13,14:16:00,00:00:10
stefano.crapanzano@chu.ulg.ac.be,Courrier entrant - erp.sai@chuliege.be - Mozilla Thunderbird,Helpdesk général,2021-10-13,14:19:05,00:00:13
stefano.crapanzano@chu.ulg.ac.be,Courrier entrant - erp.sai@chuliege.be - Mozilla Thunderbird,Helpdesk général,2021-10-13,14:20:07,00:00:05
stefano.crapanzano@chu.ulg.ac.be,Courrier entrant - erp.sai@chuliege.be - Mozilla Thunderbird,Helpdesk général,2021-10-13,14:20:19,00:00:04
stefano.crapanzano@chu.ulg.ac.be,Courrier entrant - erp.sai@chuliege.be - Mozilla Thunderbird,Helpdesk général,2021-10-13,14:21:53,00:00:14
stefano.crapanzano@chu.ulg.ac.be,Courrier entrant - erp.sai@chuliege.be - Mozilla Thunderbird,Helpdesk général,2021-10-13,14:22:21,00:02:16
stefano.crapanzano@chu.ulg.ac.be,Courrier entrant - erp.sai@chuliege.be - Mozilla Thunderbird,Helpdesk général,2021-10-13,14:25:50,00:00:09
stefano.crapanzano@chu.ulg.ac.be,Courrier entrant - erp.sai@chuliege.be - Mozilla Thunderbird,Helpdesk général,2021-10-13,14:32:01,00:00:02
stefano.crapanzano@chu.ulg.ac.be,Courrier entrant - erp.sai@chuliege.be - Mozilla Thunderbird,Helpdesk général,2021-10-13,14:47:44,00:01:04
stefano.crapanzano@chu.ulg.ac.be,Courrier entrant - erp.sai@chuliege.be - Mozilla Thunderbird,Helpdesk général,2021-10-13,14:48:50,00:01:14
stefano.crapanzano@chu.ulg.ac.be,Courrier entrant - erp.sai@chuliege.be - Mozilla Thunderbird,Helpdesk général,2021-10-13,14:50:08,00:00:02
stefano.crapanzano@chu.ulg.ac.be,Courrier entrant - erp.sai@chuliege.be - Mozilla Thunderbird,Helpdesk général,2021-10-13,14:55:33,00:02:37
stefano.crapanzano@chu.ulg.ac.be,Courrier entrant - erp.sai@chuliege.be - Mozilla Thunderbird,Helpdesk général,2021-10-13,14:58:13,00:00:02
stefano.crapanzano@chu.ulg.ac.be,Courrier entrant - erp.sai@chuliege.be - Mozilla Thunderbird,Helpdesk général,2021-10-13,14:58:19,00:01:20
stefano.crapanzano@chu.ulg.ac.be,Courrier entrant - erp.sai@chuliege.be - Mozilla Thunderbird,Helpdesk général,2021-10-13,15:07:15,00:01:20
stefano.crapanzano@chu.ulg.ac.be,Courrier entrant - erp.sai@chuliege.be - Mozilla Thunderbird,Helpdesk général,2021-10-13,15:08:53,00:00:08
stefano.crapanzano@chu.ulg.ac.be,Courrier entrant - erp.sai@chuliege.be - Mozilla Thunderbird,Helpdesk général,2021-10-13,15:09:04,00:00:06
stefano.crapanzano@chu.ulg.ac.be,Courrier entrant - erp.sai@chuliege.be - Mozilla Thunderbird,Helpdesk général,2021-10-13,15:16:46,00:01:28
stefano.crapanzano@chu.ulg.ac.be,Courrier entrant - erp.sai@chuliege.be - Mozilla Thunderbird,Helpdesk général,2021-10-13,15:18:16,00:00:17
stefano.crapanzano@chu.ulg.ac.be,Courrier entrant - erp.sai@chuliege.be - Mozilla Thunderbird,Helpdesk général,2021-10-13,15:18:46,00:00:02
stefano.crapanzano@chu.ulg.ac.be,Courrier entrant - erp.sai@chuliege.be - Mozilla Thunderbird,Helpdesk général,2021-10-13,15:24:27,00:00:21
stefano.crapanzano@chu.ulg.ac.be,Courrier entrant - erp.sai@chuliege.be - Mozilla Thunderbird,Helpdesk général,2021-10-13,15:25:35,00:00:22
stefano.crapanzano@chu.ulg.ac.be,Courrier entrant - erp.sai@chuliege.be - Mozilla Thunderbird,Helpdesk général,2021-10-13,15:26:05,00:01:06
stefano.crapanzano@chu.ulg.ac.be,Courrier entrant - erp.sai@chuliege.be - Mozilla Thunderbird,Helpdesk général,2021-10-13,15:33:30,00:00:12
stefano.crapanzano@chu.ulg.ac.be,Courrier entrant - erp.sai@chuliege.be - Mozilla Thunderbird,Helpdesk général,2021-10-13,15:33:47,00:03:25
stefano.crapanzano@chu.ulg.ac.be,Courrier entrant - erp.sai@chuliege.be - Mozilla Thunderbird,Helpdesk général,2021-10-13,15:37:13,00:00:02
stefano.crapanzano@chu.ulg.ac.be,Courrier entrant - erp.sai@chuliege.be - Mozilla Thunderbird,Helpdesk général,2021-10-13,15:41:10,00:00:28
stefano.crapanzano@chu.ulg.ac.be,Courrier entrant - erp.sai@chuliege.be - Mozilla Thunderbird,Helpdesk général,2021-10-13,15:52:35,00:00:02
stefano.crapanzano@chu.ulg.ac.be,Courrier entrant - erp.sai@chuliege.be - Mozilla Thunderbird,Helpdesk général,2021-10-13,15:58:12,00:00:02
stefano.crapanzano@chu.ulg.ac.be,Courrier entrant - erp.sai@chuliege.be - Mozilla Thunderbird,Helpdesk général,2021-10-13,15:59:13,00:00:05
stefano.crapanzano@chu.ulg.ac.be,Courrier entrant - erp.sai@chuliege.be - Mozilla Thunderbird,Helpdesk général,2021-10-13,15:59:35,00:00:03
stefano.crapanzano@chu.ulg.ac.be,Courrier entrant - erp.sai@chuliege.be - Mozilla Thunderbird,Helpdesk général,2021-10-13,16:01:55,00:00:02
stefano.crapanzano@chu.ulg.ac.be,Courrier entrant - erp.sai@chuliege.be - Mozilla Thunderbird,Helpdesk général,2021-10-13,16:02:16,00:00:13
stefano.crapanzano@chu.ulg.ac.be,Courrier entrant - erp.sai@chuliege.be - Mozilla Thunderbird,Helpdesk général,2021-10-13,16:02:30,00:00:14
stefano.crapanzano@chu.ulg.ac.be,Courrier entrant - erp.sai@chuliege.be - Mozilla Thunderbird,Helpdesk général,2021-10-13,16:03:04,00:00:07
stefano.crapanzano@chu.ulg.ac.be,Courrier entrant - erp.sai@chuliege.be - Mozilla Thunderbird,Helpdesk général,2021-10-13,16:07:33,00:00:02
stefano.crapanzano@chu.ulg.ac.be,Courrier entrant - erp.sai@chuliege.be - Mozilla Thunderbird,Helpdesk général,2021-10-13,16:07:38,00:00:02
stefano.crapanzano@chu.ulg.ac.be,Courrier entrant - erp.sai@chuliege.be - Mozilla Thunderbird,Helpdesk général,2021-10-13,16:07:43,00:00:11
stefano.crapanzano@chu.ulg.ac.be,Courrier entrant - erp.sai@chuliege.be - Mozilla Thunderbird,Helpdesk général,2021-10-13,16:08:34,00:00:02
stefano.crapanzano@chu.ulg.ac.be,Courrier entrant - erp.sai@chuliege.be - Mozilla Thunderbird,Helpdesk général,2021-10-13,16:09:17,00:00:11
stefano.crapanzano@chu.ulg.ac.be,Courrier entrant - erp.sai@chuliege.be - Mozilla Thunderbird,Helpdesk général,2021-10-13,16:20:35,00:00:06
stefano.crapanzano@chu.ulg.ac.be,Courrier entrant - erp.sai@chuliege.be - Mozilla Thunderbird,Helpdesk général,2021-10-13,16:37:04,00:00:02
stefano.crapanzano@chu.ulg.ac.be,Courrier entrant - erp.sai@chuliege.be - Mozilla Thunderbird,Helpdesk général,2021-10-13,16:37:09,00:00:02
stefano.crapanzano@chu.ulg.ac.be,Courrier entrant - erp.sai@chuliege.be - Mozilla Thunderbird,Tâches diverses,2021-10-13,16:37:23,00:00:02
stefano.crapanzano@chu.ulg.ac.be,par0105wi.xperthis.be - Google Chrome,Tâches diverses,2021-10-13,09:04:01,00:00:02
stefano.crapanzano@chu.ulg.ac.be,par0105wi.xperthis.be - Google Chrome,Tâches diverses,2021-10-13,09:05:34,00:00:02
stefano.crapanzano@chu.ulg.ac.be,par0105wi.xperthis.be - Google Chrome,Tâches diverses,2021-10-13,09:35:42,00:00:41
stefano.crapanzano@chu.ulg.ac.be,par0105wi.xperthis.be - Google Chrome,Tâches diverses,2021-10-13,12:11:39,00:00:06
stefano.crapanzano@chu.ulg.ac.be,Lecture documentation,Tâches diverses,2021-10-13,08:58:09,00:00:12
stefano.crapanzano@chu.ulg.ac.be,Lecture documentation,Tâches diverses,2021-10-13,09:06:02,00:04:46
stefano.crapanzano@chu.ulg.ac.be,Lecture documentation,Tâches diverses,2021-10-13,09:17:22,00:14:13
stefano.crapanzano@chu.ulg.ac.be,Lecture documentation,Tâches diverses,2021-10-13,09:35:09,00:00:32
stefano.crapanzano@chu.ulg.ac.be,Lecture documentation,Tâches diverses,2021-10-13,09:37:05,00:36:13
stefano.crapanzano@chu.ulg.ac.be,Lecture documentation,Tâches diverses,2021-10-13,10:13:39,00:01:13
stefano.crapanzano@chu.ulg.ac.be,Lecture documentation,Tâches diverses,2021-10-13,10:14:57,00:03:13
stefano.crapanzano@chu.ulg.ac.be,Lecture documentation,Tâches diverses,2021-10-13,10:23:10,00:01:43
stefano.crapanzano@chu.ulg.ac.be,Lecture documentation,Tâches diverses,2021-10-13,10:25:15,00:26:56
stefano.crapanzano@chu.ulg.ac.be,Lecture documentation,Tâches diverses,2021-10-13,10:52:13,00:01:27
stefano.crapanzano@chu.ulg.ac.be,Lecture documentation,Tâches diverses,2021-10-13,10:53:50,00:00:29
stefano.crapanzano@chu.ulg.ac.be,Lecture documentation,Tâches diverses,2021-10-13,10:56:03,00:01:31
stefano.crapanzano@chu.ulg.ac.be,Lecture documentation,Tâches diverses,2021-10-13,11:00:04,00:04:44
stefano.crapanzano@chu.ulg.ac.be,Lecture documentation,Tâches diverses,2021-10-13,11:10:44,00:05:09
stefano.crapanzano@chu.ulg.ac.be,Lecture documentation,Tâches diverses,2021-10-13,11:15:55,00:07:28
stefano.crapanzano@chu.ulg.ac.be,Lecture documentation,Tâches diverses,2021-10-13,12:09:24,00:00:15
stefano.crapanzano@chu.ulg.ac.be,Lecture documentation,Tâches diverses,2021-10-13,12:10:00,00:00:13
stefano.crapanzano@chu.ulg.ac.be,Lecture documentation,Tâches diverses,2021-10-13,12:13:03,00:00:58
stefano.crapanzano@chu.ulg.ac.be,Lecture documentation,Tâches diverses,2021-10-13,12:15:06,00:05:28
stefano.crapanzano@chu.ulg.ac.be,Lecture documentation,Tâches diverses,2021-10-13,12:27:34,00:00:15
stefano.crapanzano@chu.ulg.ac.be,Lecture documentation,Tâches diverses,2021-10-13,12:28:02,00:00:03
stefano.crapanzano@chu.ulg.ac.be,Lecture documentation,Tâches diverses,2021-10-13,12:31:26,00:01:48
stefano.crapanzano@chu.ulg.ac.be,Lecture documentation,Tâches diverses,2021-10-13,12:36:22,00:00:24
stefano.crapanzano@chu.ulg.ac.be,Lecture documentation,Tâches diverses,2021-10-13,12:37:10,00:05:43
stefano.crapanzano@chu.ulg.ac.be,Lecture documentation,Tâches diverses,2021-10-13,12:43:43,00:00:16
stefano.crapanzano@chu.ulg.ac.be,Lecture documentation,Tâches diverses,2021-10-13,12:44:15,00:00:15
stefano.crapanzano@chu.ulg.ac.be,Lecture documentation,Tâches diverses,2021-10-13,12:45:13,00:01:18
stefano.crapanzano@chu.ulg.ac.be,Lecture documentation,Tâches diverses,2021-10-13,12:47:19,00:00:38
stefano.crapanzano@chu.ulg.ac.be,Lecture documentation,Tâches diverses,2021-10-13,12:48:15,00:00:52
stefano.crapanzano@chu.ulg.ac.be,Lecture documentation,Tâches diverses,2021-10-13,12:49:09,00:00:21
stefano.crapanzano@chu.ulg.ac.be,Lecture documentation,Tâches diverses,2021-10-13,12:49:32,00:00:18
stefano.crapanzano@chu.ulg.ac.be,Lecture documentation,Tâches diverses,2021-10-13,12:49:53,00:01:41
stefano.crapanzano@chu.ulg.ac.be,Lecture documentation,Tâches diverses,2021-10-13,12:56:21,00:01:33
stefano.crapanzano@chu.ulg.ac.be,Lecture documentation,Tâches diverses,2021-10-13,13:00:29,00:00:07
stefano.crapanzano@chu.ulg.ac.be,Lecture documentation,Tâches diverses,2021-10-13,13:00:50,00:00:03
stefano.crapanzano@chu.ulg.ac.be,Lecture documentation,Tâches diverses,2021-10-13,13:04:17,00:03:00
stefano.crapanzano@chu.ulg.ac.be,Lecture documentation,Tâches diverses,2021-10-13,13:08:08,00:00:31
stefano.crapanzano@chu.ulg.ac.be,Lecture documentation,Tâches diverses,2021-10-13,13:08:41,00:00:03
stefano.crapanzano@chu.ulg.ac.be,Lecture documentation,Tâches diverses,2021-10-13,13:12:05,00:00:02
stefano.crapanzano@chu.ulg.ac.be,Lecture documentation,Tâches diverses,2021-10-13,13:42:15,00:00:02
stefano.crapanzano@chu.ulg.ac.be,Lecture documentation,Tâches diverses,2021-10-13,14:27:54,00:01:45
stefano.crapanzano@chu.ulg.ac.be,Lecture documentation,Tâches diverses,2021-10-13,14:30:08,00:00:31
stefano.crapanzano@chu.ulg.ac.be,Lecture documentation,Tâches diverses,2021-10-13,15:19:45,00:01:12
stefano.crapanzano@chu.ulg.ac.be,Lecture documentation,Tâches diverses,2021-10-13,15:21:04,00:03:21
stefano.crapanzano@chu.ulg.ac.be,Lecture documentation,Tâches diverses,2021-10-13,15:37:16,00:03:37
stefano.crapanzano@chu.ulg.ac.be,Lecture documentation,Tâches diverses,2021-10-13,15:41:38,00:07:31
stefano.crapanzano@chu.ulg.ac.be,Lecture documentation,Tâches diverses,2021-10-13,15:49:52,00:02:08
stefano.crapanzano@chu.ulg.ac.be,Lecture documentation,Tâches diverses,2021-10-13,15:52:29,00:00:06
stefano.crapanzano@chu.ulg.ac.be,Lecture documentation,Tâches diverses,2021-10-13,15:52:37,00:00:05
stefano.crapanzano@chu.ulg.ac.be,Lecture documentation,Tâches diverses,2021-10-13,15:54:07,00:00:03
stefano.crapanzano@chu.ulg.ac.be,Lecture documentation,Tâches diverses,2021-10-13,15:54:14,00:00:04
stefano.crapanzano@chu.ulg.ac.be,Lecture documentation,Tâches diverses,2021-10-13,15:54:22,00:00:11
stefano.crapanzano@chu.ulg.ac.be,Lecture documentation,Tâches diverses,2021-10-13,15:54:36,00:00:02
stefano.crapanzano@chu.ulg.ac.be,Lecture documentation,Tâches diverses,2021-10-13,15:54:57,00:00:03
stefano.crapanzano@chu.ulg.ac.be,Lecture documentation,Tâches diverses,2021-10-13,15:55:01,00:00:03
stefano.crapanzano@chu.ulg.ac.be,Lecture documentation,Tâches diverses,2021-10-13,15:55:07,00:00:03
stefano.crapanzano@chu.ulg.ac.be,Lecture documentation,Tâches diverses,2021-10-13,15:55:43,00:00:03
stefano.crapanzano@chu.ulg.ac.be,Lecture documentation,Tâches diverses,2021-10-13,15:56:24,00:00:33
stefano.crapanzano@chu.ulg.ac.be,Lecture documentation,Tâches diverses,2021-10-13,15:57:18,00:00:02
stefano.crapanzano@chu.ulg.ac.be,Lecture documentation,Tâches diverses,2021-10-13,15:57:23,00:00:03
stefano.crapanzano@chu.ulg.ac.be,Lecture documentation,Tâches diverses,2021-10-13,15:57:31,00:00:02
stefano.crapanzano@chu.ulg.ac.be,Envoyés - erp.sai@chuliege.be - Mozilla Thunderbird,Helpdesk général,2021-10-13,08:58:52,00:00:02
stefano.crapanzano@chu.ulg.ac.be,Envoyés - erp.sai@chuliege.be - Mozilla Thunderbird,Helpdesk général,2021-10-13,08:59:01,00:00:02
stefano.crapanzano@chu.ulg.ac.be,Envoyés - erp.sai@chuliege.be - Mozilla Thunderbird,Helpdesk général,2021-10-13,09:03:49,00:00:05
stefano.crapanzano@chu.ulg.ac.be,Envoyés - erp.sai@chuliege.be - Mozilla Thunderbird,Helpdesk général,2021-10-13,09:10:55,00:01:26
stefano.crapanzano@chu.ulg.ac.be,Envoyés - erp.sai@chuliege.be - Mozilla Thunderbird,Helpdesk général,2021-10-13,09:12:24,00:00:02
stefano.crapanzano@chu.ulg.ac.be,Envoyés - erp.sai@chuliege.be - Mozilla Thunderbird,Helpdesk général,2021-10-13,11:09:13,00:01:23
stefano.crapanzano@chu.ulg.ac.be,Envoyés - erp.sai@chuliege.be - Mozilla Thunderbird,Helpdesk général,2021-10-13,11:50:38,00:10:33
stefano.crapanzano@chu.ulg.ac.be,Envoyés - erp.sai@chuliege.be - Mozilla Thunderbird,Helpdesk général,2021-10-13,12:01:16,00:00:04
stefano.crapanzano@chu.ulg.ac.be,Envoyés - erp.sai@chuliege.be - Mozilla Thunderbird,Helpdesk général,2021-10-13,12:01:53,00:01:11
stefano.crapanzano@chu.ulg.ac.be,Envoyés - erp.sai@chuliege.be - Mozilla Thunderbird,Helpdesk général,2021-10-13,12:03:07,00:00:03
stefano.crapanzano@chu.ulg.ac.be,Envoyés - erp.sai@chuliege.be - Mozilla Thunderbird,Helpdesk général,2021-10-13,12:20:36,00:00:04
stefano.crapanzano@chu.ulg.ac.be,Envoyés - erp.sai@chuliege.be - Mozilla Thunderbird,Helpdesk général,2021-10-13,12:22:16,00:00:51
stefano.crapanzano@chu.ulg.ac.be,Envoyés - erp.sai@chuliege.be - Mozilla Thunderbird,Helpdesk général,2021-10-13,12:24:12,00:01:04
stefano.crapanzano@chu.ulg.ac.be,Envoyés - erp.sai@chuliege.be - Mozilla Thunderbird,Helpdesk général,2021-10-13,12:25:27,00:02:07
stefano.crapanzano@chu.ulg.ac.be,Envoyés - erp.sai@chuliege.be - Mozilla Thunderbird,Helpdesk général,2021-10-13,12:28:05,00:00:02
stefano.crapanzano@chu.ulg.ac.be,Envoyés - erp.sai@chuliege.be - Mozilla Thunderbird,Helpdesk général,2021-10-13,12:28:27,00:00:44
stefano.crapanzano@chu.ulg.ac.be,Envoyés - erp.sai@chuliege.be - Mozilla Thunderbird,Helpdesk général,2021-10-13,12:29:17,00:01:25
stefano.crapanzano@chu.ulg.ac.be,Envoyés - erp.sai@chuliege.be - Mozilla Thunderbird,Helpdesk général,2021-10-13,12:30:52,00:00:02
stefano.crapanzano@chu.ulg.ac.be,Envoyés - erp.sai@chuliege.be - Mozilla Thunderbird,Helpdesk général,2021-10-13,12:34:36,00:00:25
stefano.crapanzano@chu.ulg.ac.be,Envoyés - erp.sai@chuliege.be - Mozilla Thunderbird,Helpdesk général,2021-10-13,12:35:08,00:00:02
stefano.crapanzano@chu.ulg.ac.be,Envoyés - erp.sai@chuliege.be - Mozilla Thunderbird,Helpdesk général,2021-10-13,12:51:39,00:00:02
stefano.crapanzano@chu.ulg.ac.be,Envoyés - erp.sai@chuliege.be - Mozilla Thunderbird,Helpdesk général,2021-10-13,13:40:59,00:00:06
stefano.crapanzano@chu.ulg.ac.be,Envoyés - erp.sai@chuliege.be - Mozilla Thunderbird,Helpdesk général,2021-10-13,13:42:31,00:00:25
stefano.crapanzano@chu.ulg.ac.be,Envoyés - erp.sai@chuliege.be - Mozilla Thunderbird,Helpdesk général,2021-10-13,14:08:53,00:00:05
stefano.crapanzano@chu.ulg.ac.be,Envoyés - erp.sai@chuliege.be - Mozilla Thunderbird,Helpdesk général,2021-10-13,14:22:07,00:00:13
stefano.crapanzano@chu.ulg.ac.be,Envoyés - erp.sai@chuliege.be - Mozilla Thunderbird,Helpdesk général,2021-10-13,14:26:19,00:00:02
stefano.crapanzano@chu.ulg.ac.be,Envoyés - erp.sai@chuliege.be - Mozilla Thunderbird,Helpdesk général,2021-10-13,14:58:15,00:00:03
stefano.crapanzano@chu.ulg.ac.be,Envoyés - erp.sai@chuliege.be - Mozilla Thunderbird,Helpdesk général,2021-10-13,15:18:33,00:00:13
stefano.crapanzano@chu.ulg.ac.be,Envoyés - erp.sai@chuliege.be - Mozilla Thunderbird,Helpdesk général,2021-10-13,15:26:02,00:00:02
stefano.crapanzano@chu.ulg.ac.be,Envoyés - erp.sai@chuliege.be - Mozilla Thunderbird,Helpdesk général,2021-10-13,15:33:44,00:00:02
stefano.crapanzano@chu.ulg.ac.be,Envoyés - erp.sai@chuliege.be - Mozilla Thunderbird,Helpdesk général,2021-10-13,16:03:01,00:00:02
stefano.crapanzano@chu.ulg.ac.be,Envoyés - erp.sai@chuliege.be - Mozilla Thunderbird,Helpdesk général,2021-10-13,16:07:41,00:00:02
stefano.crapanzano@chu.ulg.ac.be,Envoyés - erp.sai@chuliege.be - Mozilla Thunderbird,Helpdesk général,2021-10-13,16:37:07,00:00:02
stefano.crapanzano@chu.ulg.ac.be,Ticket 20211019904948 ((JIARCO-1388) P203 CHU KOFAX - Problème avec les factures mails ZHUL (code barre généré)) - Mozilla Thunderbird,Helpdesk général,2021-10-13,08:59:09,00:00:02
stefano.crapanzano@chu.ulg.ac.be,Ticket 20211019904948 ((JIARCO-1388) P203 CHU KOFAX - Problème avec les factures mails ZHUL (code barre généré)) - Mozilla Thunderbird,Helpdesk général,2021-10-13,08:59:40,00:00:02
stefano.crapanzano@chu.ulg.ac.be,Rédaction : Re: Ticket 20211019904948 ((JIARCO-1388) P203 CHU KOFAX - Problème avec les factures mails ZHUL (code barre généré)) - Thunderbird,Helpdesk général,2021-10-13,08:59:13,00:00:22
stefano.crapanzano@chu.ulg.ac.be,Vérification de l’orthographe,Helpdesk général,2021-10-13,12:07:26,00:00:02
stefano.crapanzano@chu.ulg.ac.be,Envoi du message - Re: Ticket 20211019904948 ((JIARCO-1388) P203 CHU KOFAX - Problème avec les factures mails ZHUL (code barre généré)),Helpdesk général,2021-10-13,08:59:37,00:00:02
stefano.crapanzano@chu.ulg.ac.be,Courrier entrant - stefano.crapanzano@chuliege.be - Mozilla Thunderbird,Helpdesk général,2021-10-13,09:03:23,00:00:06
stefano.crapanzano@chu.ulg.ac.be,Courrier entrant - stefano.crapanzano@chuliege.be - Mozilla Thunderbird,Helpdesk général,2021-10-13,09:03:55,00:00:05
stefano.crapanzano@chu.ulg.ac.be,Courrier entrant - stefano.crapanzano@chuliege.be - Mozilla Thunderbird,Helpdesk général,2021-10-13,09:10:51,00:00:02
stefano.crapanzano@chu.ulg.ac.be,Courrier entrant - stefano.crapanzano@chuliege.be - Mozilla Thunderbird,Helpdesk général,2021-10-13,09:17:06,00:00:02
stefano.crapanzano@chu.ulg.ac.be,Courrier entrant - stefano.crapanzano@chuliege.be - Mozilla Thunderbird,Helpdesk général,2021-10-13,09:31:38,00:03:30
stefano.crapanzano@chu.ulg.ac.be,Courrier entrant - stefano.crapanzano@chuliege.be - Mozilla Thunderbird,Helpdesk général,2021-10-13,10:13:35,00:00:02
stefano.crapanzano@chu.ulg.ac.be,Courrier entrant - stefano.crapanzano@chuliege.be - Mozilla Thunderbird,Helpdesk général,2021-10-13,10:23:06,00:00:02
stefano.crapanzano@chu.ulg.ac.be,Courrier entrant - stefano.crapanzano@chuliege.be - Mozilla Thunderbird,Helpdesk général,2021-10-13,10:24:53,00:00:18
stefano.crapanzano@chu.ulg.ac.be,Courrier entrant - stefano.crapanzano@chuliege.be - Mozilla Thunderbird,Helpdesk général,2021-10-13,10:53:42,00:00:06
stefano.crapanzano@chu.ulg.ac.be,Courrier entrant - stefano.crapanzano@chuliege.be - Mozilla Thunderbird,Helpdesk général,2021-10-13,11:09:02,00:00:02
stefano.crapanzano@chu.ulg.ac.be,Courrier entrant - stefano.crapanzano@chuliege.be - Mozilla Thunderbird,Helpdesk général,2021-10-13,11:09:10,00:00:02
stefano.crapanzano@chu.ulg.ac.be,Courrier entrant - stefano.crapanzano@chuliege.be - Mozilla Thunderbird,Helpdesk général,2021-10-13,11:49:59,00:00:09
stefano.crapanzano@chu.ulg.ac.be,Courrier entrant - stefano.crapanzano@chuliege.be - Mozilla Thunderbird,Tâches diverses,2021-10-13,11:50:35,00:00:02
stefano.crapanzano@chu.ulg.ac.be,Courrier entrant - stefano.crapanzano@chuliege.be - Mozilla Thunderbird,Helpdesk général,2021-10-13,12:07:42,00:00:04
stefano.crapanzano@chu.ulg.ac.be,Courrier entrant - stefano.crapanzano@chuliege.be - Mozilla Thunderbird,Helpdesk général,2021-10-13,12:30:49,00:00:02
stefano.crapanzano@chu.ulg.ac.be,Courrier entrant - stefano.crapanzano@chuliege.be - Mozilla Thunderbird,Helpdesk général,2021-10-13,12:33:14,00:00:22
stefano.crapanzano@chu.ulg.ac.be,Courrier entrant - stefano.crapanzano@chuliege.be - Mozilla Thunderbird,IT,2021-10-13,12:33:41,00:00:04
stefano.crapanzano@chu.ulg.ac.be,Courrier entrant - stefano.crapanzano@chuliege.be - Mozilla Thunderbird,Helpdesk général,2021-10-13,12:46:31,00:00:47
stefano.crapanzano@chu.ulg.ac.be,Courrier entrant - stefano.crapanzano@chuliege.be - Mozilla Thunderbird,Helpdesk général,2021-10-13,13:00:11,00:00:18
stefano.crapanzano@chu.ulg.ac.be,Courrier entrant - stefano.crapanzano@chuliege.be - Mozilla Thunderbird,Helpdesk général,2021-10-13,13:00:37,00:00:02
stefano.crapanzano@chu.ulg.ac.be,Courrier entrant - stefano.crapanzano@chuliege.be - Mozilla Thunderbird,Helpdesk général,2021-10-13,13:28:07,00:00:51
stefano.crapanzano@chu.ulg.ac.be,Courrier entrant - stefano.crapanzano@chuliege.be - Mozilla Thunderbird,Helpdesk général,2021-10-13,13:40:29,00:00:05
stefano.crapanzano@chu.ulg.ac.be,Courrier entrant - stefano.crapanzano@chuliege.be - Mozilla Thunderbird,Helpdesk général,2021-10-13,13:54:30,00:00:02
stefano.crapanzano@chu.ulg.ac.be,Courrier entrant - stefano.crapanzano@chuliege.be - Mozilla Thunderbird,Helpdesk général,2021-10-13,14:26:15,00:00:03
stefano.crapanzano@chu.ulg.ac.be,Courrier entrant - stefano.crapanzano@chuliege.be - Mozilla Thunderbird,Helpdesk général,2021-10-13,14:29:40,00:00:08
stefano.crapanzano@chu.ulg.ac.be,Courrier entrant - stefano.crapanzano@chuliege.be - Mozilla Thunderbird,Helpdesk général,2021-10-13,14:30:39,00:01:21
stefano.crapanzano@chu.ulg.ac.be,Courrier entrant - stefano.crapanzano@chuliege.be - Mozilla Thunderbird,Helpdesk général,2021-10-13,14:32:04,00:15:40
stefano.crapanzano@chu.ulg.ac.be,Courrier entrant - stefano.crapanzano@chuliege.be - Mozilla Thunderbird,Helpdesk général,2021-10-13,14:52:19,00:00:29
stefano.crapanzano@chu.ulg.ac.be,Courrier entrant - stefano.crapanzano@chuliege.be - Mozilla Thunderbird,Helpdesk général,2021-10-13,14:53:12,00:00:02
stefano.crapanzano@chu.ulg.ac.be,Courrier entrant - stefano.crapanzano@chuliege.be - Mozilla Thunderbird,Helpdesk général,2021-10-13,14:54:51,00:00:41
stefano.crapanzano@chu.ulg.ac.be,Courrier entrant - stefano.crapanzano@chuliege.be - Mozilla Thunderbird,Helpdesk général,2021-10-13,14:58:10,00:00:02
stefano.crapanzano@chu.ulg.ac.be,Courrier entrant - stefano.crapanzano@chuliege.be - Mozilla Thunderbird,Helpdesk général,2021-10-13,14:59:40,00:00:14
stefano.crapanzano@chu.ulg.ac.be,Courrier entrant - stefano.crapanzano@chuliege.be - Mozilla Thunderbird,Helpdesk général,2021-10-13,15:09:01,00:00:02
stefano.crapanzano@chu.ulg.ac.be,Courrier entrant - stefano.crapanzano@chuliege.be - Mozilla Thunderbird,Helpdesk général,2021-10-13,15:09:11,00:00:04
stefano.crapanzano@chu.ulg.ac.be,Courrier entrant - stefano.crapanzano@chuliege.be - Mozilla Thunderbird,Helpdesk général,2021-10-13,15:16:40,00:00:02
stefano.crapanzano@chu.ulg.ac.be,Courrier entrant - stefano.crapanzano@chuliege.be - Mozilla Thunderbird,Helpdesk général,2021-10-13,15:16:44,00:00:02
stefano.crapanzano@chu.ulg.ac.be,Courrier entrant - stefano.crapanzano@chuliege.be - Mozilla Thunderbird,Helpdesk général,2021-10-13,15:18:49,00:00:02
stefano.crapanzano@chu.ulg.ac.be,Courrier entrant - stefano.crapanzano@chuliege.be - Mozilla Thunderbird,Helpdesk général,2021-10-13,15:25:58,00:00:02
stefano.crapanzano@chu.ulg.ac.be,Courrier entrant - stefano.crapanzano@chuliege.be - Mozilla Thunderbird,Helpdesk général,2021-10-13,15:33:42,00:00:02
stefano.crapanzano@chu.ulg.ac.be,Courrier entrant - stefano.crapanzano@chuliege.be - Mozilla Thunderbird,Helpdesk général,2021-10-13,16:07:35,00:00:02
stefano.crapanzano@chu.ulg.ac.be,Courrier entrant - stefano.crapanzano@chuliege.be - Mozilla Thunderbird,Helpdesk général,2021-10-13,16:37:01,00:00:02
stefano.crapanzano@chu.ulg.ac.be,Courrier entrant - stefano.crapanzano@chuliege.be - Mozilla Thunderbird,Helpdesk général,2021-10-13,16:37:26,00:00:02
stefano.crapanzano@chu.ulg.ac.be,Service MT - Google Chrome,Tâches diverses,2021-10-13,09:04:11,00:00:44
stefano.crapanzano@chu.ulg.ac.be,Service MT - Google Chrome,Tâches diverses,2021-10-13,09:05:10,00:00:24
stefano.crapanzano@chu.ulg.ac.be,Service MT - Google Chrome,Tâches diverses,2021-10-13,09:12:46,00:01:09
stefano.crapanzano@chu.ulg.ac.be,Service MT - Google Chrome,Tâches diverses,2021-10-13,09:17:12,00:00:05
stefano.crapanzano@chu.ulg.ac.be,Service MT - Google Chrome,Tâches diverses,2021-10-13,12:11:57,00:00:17
stefano.crapanzano@chu.ulg.ac.be,Service MT - Google Chrome,Tâches diverses,2021-10-13,12:12:45,00:00:13
stefano.crapanzano@chu.ulg.ac.be,Service MT - Google Chrome,Tâches diverses,2021-10-13,12:28:08,00:00:17
stefano.crapanzano@chu.ulg.ac.be,Service MT - Google Chrome,Tâches diverses,2021-10-13,12:35:20,00:00:05
stefano.crapanzano@chu.ulg.ac.be,Service MT - Google Chrome,Tâches diverses,2021-10-13,12:53:16,00:00:08
stefano.crapanzano@chu.ulg.ac.be,Service MT - Google Chrome,Helpdesk général,2021-10-13,13:04:15,00:00:02
stefano.crapanzano@chu.ulg.ac.be,Service MT - Google Chrome,Tâches diverses,2021-10-13,13:40:39,00:00:12
stefano.crapanzano@chu.ulg.ac.be,Service MT - Google Chrome,Tâches diverses,2021-10-13,13:42:58,00:00:09
stefano.crapanzano@chu.ulg.ac.be,Service MT - Google Chrome,Tâches diverses,2021-10-13,13:52:38,00:00:28
stefano.crapanzano@chu.ulg.ac.be,Service MT - Google Chrome,Tâches diverses,2021-10-13,13:54:33,00:00:02
stefano.crapanzano@chu.ulg.ac.be,Service MT - Google Chrome,Tâches diverses,2021-10-13,14:08:34,00:00:09
stefano.crapanzano@chu.ulg.ac.be,Service MT - Google Chrome,Helpdesk général,2021-10-13,14:16:59,00:00:14
stefano.crapanzano@chu.ulg.ac.be,Service MT - Google Chrome,Tâches diverses,2021-10-13,14:26:27,00:00:52
stefano.crapanzano@chu.ulg.ac.be,Service MT - Google Chrome,Tâches diverses,2021-10-13,14:50:04,00:00:04
stefano.crapanzano@chu.ulg.ac.be,Service MT - Google Chrome,Tâches diverses,2021-10-13,15:19:26,00:00:09
stefano.crapanzano@chu.ulg.ac.be,Service MT - Google Chrome,Tâches diverses,2021-10-13,15:27:17,00:00:03
stefano.crapanzano@chu.ulg.ac.be,Service MT - Google Chrome,Tâches diverses,2021-10-13,16:37:17,00:00:05
stefano.crapanzano@chu.ulg.ac.be,Service MT - Google Chrome,Tâches diverses,2021-10-13,16:37:40,00:00:02
stefano.crapanzano@chu.ulg.ac.be,Identification - Google Chrome,Tâches diverses,2021-10-13,09:04:05,00:00:06
stefano.crapanzano@chu.ulg.ac.be,Navigation système de fichier,IT,2021-10-13,09:04:56,00:00:13
stefano.crapanzano@chu.ulg.ac.be,Navigation système de fichier,IT,2021-10-13,09:15:08,00:00:06
stefano.crapanzano@chu.ulg.ac.be,Navigation système de fichier,IT,2021-10-13,09:36:23,00:00:42
stefano.crapanzano@chu.ulg.ac.be,Navigation système de fichier,IT,2021-10-13,11:23:23,00:02:13
stefano.crapanzano@chu.ulg.ac.be,Navigation système de fichier,IT,2021-10-13,12:12:15,00:00:30
stefano.crapanzano@chu.ulg.ac.be,Navigation système de fichier,IT,2021-10-13,12:43:36,00:00:06
stefano.crapanzano@chu.ulg.ac.be,Navigation système de fichier,IT,2021-10-13,12:53:56,00:00:13
stefano.crapanzano@chu.ulg.ac.be,Navigation système de fichier,IT,2021-10-13,12:54:23,00:00:38
stefano.crapanzano@chu.ulg.ac.be,Navigation système de fichier,IT,2021-10-13,12:55:21,00:00:59
stefano.crapanzano@chu.ulg.ac.be,Navigation système de fichier,IT,2021-10-13,12:57:54,00:00:17
stefano.crapanzano@chu.ulg.ac.be,Navigation système de fichier,IT,2021-10-13,12:58:53,00:00:05
stefano.crapanzano@chu.ulg.ac.be,Navigation système de fichier,IT,2021-10-13,12:59:53,00:00:02
stefano.crapanzano@chu.ulg.ac.be,Navigation système de fichier,IT,2021-10-13,13:00:55,00:00:03
stefano.crapanzano@chu.ulg.ac.be,Navigation système de fichier,IT,2021-10-13,13:01:40,00:00:25
stefano.crapanzano@chu.ulg.ac.be,Navigation système de fichier,IT,2021-10-13,13:02:52,00:00:03
stefano.crapanzano@chu.ulg.ac.be,Navigation système de fichier,IT,2021-10-13,13:04:03,00:00:10
stefano.crapanzano@chu.ulg.ac.be,Navigation système de fichier,IT,2021-10-13,13:07:47,00:00:21
stefano.crapanzano@chu.ulg.ac.be,Navigation système de fichier,IT,2021-10-13,13:08:54,00:00:16
stefano.crapanzano@chu.ulg.ac.be,Navigation système de fichier,IT,2021-10-13,13:09:25,00:00:05
stefano.crapanzano@chu.ulg.ac.be,Navigation système de fichier,IT,2021-10-13,13:09:34,00:00:50
stefano.crapanzano@chu.ulg.ac.be,Navigation système de fichier,IT,2021-10-13,13:11:06,00:00:14
stefano.crapanzano@chu.ulg.ac.be,Navigation système de fichier,IT,2021-10-13,13:11:28,00:00:12
stefano.crapanzano@chu.ulg.ac.be,Navigation système de fichier,IT,2021-10-13,13:11:44,00:00:21
stefano.crapanzano@chu.ulg.ac.be,Navigation système de fichier,IT,2021-10-13,13:12:08,00:00:06
stefano.crapanzano@chu.ulg.ac.be,Navigation système de fichier,IT,2021-10-13,13:26:03,00:01:34
stefano.crapanzano@chu.ulg.ac.be,Navigation système de fichier,IT,2021-10-13,13:30:45,00:00:22
stefano.crapanzano@chu.ulg.ac.be,Navigation système de fichier,IT,2021-10-13,13:31:29,00:01:15
stefano.crapanzano@chu.ulg.ac.be,Navigation système de fichier,IT,2021-10-13,13:32:47,00:00:26
stefano.crapanzano@chu.ulg.ac.be,Navigation système de fichier,IT,2021-10-13,13:33:35,00:00:32
stefano.crapanzano@chu.ulg.ac.be,Navigation système de fichier,IT,2021-10-13,13:35:47,00:00:32
stefano.crapanzano@chu.ulg.ac.be,Navigation système de fichier,IT,2021-10-13,13:37:23,00:00:05
stefano.crapanzano@chu.ulg.ac.be,Navigation système de fichier,IT,2021-10-13,13:37:40,00:00:02
stefano.crapanzano@chu.ulg.ac.be,Navigation système de fichier,IT,2021-10-13,13:37:57,00:01:13
stefano.crapanzano@chu.ulg.ac.be,Navigation système de fichier,IT,2021-10-13,13:40:06,00:00:07
stefano.crapanzano@chu.ulg.ac.be,Navigation système de fichier,IT,2021-10-13,13:41:54,00:00:02
stefano.crapanzano@chu.ulg.ac.be,Navigation système de fichier,IT,2021-10-13,13:43:07,00:00:05
stefano.crapanzano@chu.ulg.ac.be,Navigation système de fichier,IT,2021-10-13,13:44:02,00:00:05
stefano.crapanzano@chu.ulg.ac.be,Navigation système de fichier,IT,2021-10-13,13:44:26,00:00:06
stefano.crapanzano@chu.ulg.ac.be,Navigation système de fichier,IT,2021-10-13,13:44:57,00:02:02
stefano.crapanzano@chu.ulg.ac.be,Navigation système de fichier,IT,2021-10-13,14:07:22,00:00:27
stefano.crapanzano@chu.ulg.ac.be,Navigation système de fichier,IT,2021-10-13,14:07:51,00:00:14
stefano.crapanzano@chu.ulg.ac.be,Navigation système de fichier,IT,2021-10-13,14:12:02,00:00:06
stefano.crapanzano@chu.ulg.ac.be,Navigation système de fichier,IT,2021-10-13,14:12:39,00:00:03
stefano.crapanzano@chu.ulg.ac.be,Navigation système de fichier,IT,2021-10-13,14:13:30,00:00:16
stefano.crapanzano@chu.ulg.ac.be,Navigation système de fichier,IT,2021-10-13,14:16:11,00:00:47
stefano.crapanzano@chu.ulg.ac.be,Navigation système de fichier,IT,2021-10-13,14:17:14,00:00:06
stefano.crapanzano@chu.ulg.ac.be,Navigation système de fichier,IT,2021-10-13,14:20:12,00:00:07
stefano.crapanzano@chu.ulg.ac.be,Navigation système de fichier,IT,2021-10-13,14:25:47,00:00:02
stefano.crapanzano@chu.ulg.ac.be,Navigation système de fichier,IT,2021-10-13,14:25:59,00:00:14
stefano.crapanzano@chu.ulg.ac.be,Navigation système de fichier,IT,2021-10-13,14:26:23,00:00:02
stefano.crapanzano@chu.ulg.ac.be,Navigation système de fichier,IT,2021-10-13,14:53:17,00:00:15
stefano.crapanzano@chu.ulg.ac.be,Navigation système de fichier,IT,2021-10-13,14:53:35,00:00:03
stefano.crapanzano@chu.ulg.ac.be,Navigation système de fichier,IT,2021-10-13,14:54:02,00:00:03
stefano.crapanzano@chu.ulg.ac.be,Navigation système de fichier,IT,2021-10-13,14:59:55,00:00:02
stefano.crapanzano@chu.ulg.ac.be,Navigation système de fichier,IT,2021-10-13,15:01:11,00:00:18
stefano.crapanzano@chu.ulg.ac.be,Navigation système de fichier,IT,2021-10-13,15:01:54,00:00:07
stefano.crapanzano@chu.ulg.ac.be,Navigation système de fichier,IT,2021-10-13,15:05:59,00:00:08
stefano.crapanzano@chu.ulg.ac.be,Navigation système de fichier,IT,2021-10-13,15:06:13,00:00:05
stefano.crapanzano@chu.ulg.ac.be,Navigation système de fichier,IT,2021-10-13,15:06:29,00:00:02
stefano.crapanzano@chu.ulg.ac.be,Navigation système de fichier,IT,2021-10-13,15:06:38,00:00:03
stefano.crapanzano@chu.ulg.ac.be,Navigation système de fichier,IT,2021-10-13,15:06:47,00:00:03
stefano.crapanzano@chu.ulg.ac.be,Navigation système de fichier,IT,2021-10-13,15:06:54,00:00:03
stefano.crapanzano@chu.ulg.ac.be,Navigation système de fichier,IT,2021-10-13,15:09:39,00:00:02
stefano.crapanzano@chu.ulg.ac.be,Navigation système de fichier,IT,2021-10-13,15:18:52,00:00:28
stefano.crapanzano@chu.ulg.ac.be,Navigation système de fichier,IT,2021-10-13,15:19:36,00:00:03
stefano.crapanzano@chu.ulg.ac.be,Navigation système de fichier,IT,2021-10-13,15:25:19,00:00:16
stefano.crapanzano@chu.ulg.ac.be,Navigation système de fichier,IT,2021-10-13,15:41:02,00:00:04
stefano.crapanzano@chu.ulg.ac.be,Navigation système de fichier,IT,2021-10-13,15:55:46,00:00:03
stefano.crapanzano@chu.ulg.ac.be,Navigation système de fichier,IT,2021-10-13,15:57:57,00:00:11
stefano.crapanzano@chu.ulg.ac.be,Navigation système de fichier,IT,2021-10-13,15:58:18,00:00:03
stefano.crapanzano@chu.ulg.ac.be,Navigation système de fichier,IT,2021-10-13,15:59:18,00:00:06
stefano.crapanzano@chu.ulg.ac.be,Navigation système de fichier,IT,2021-10-13,16:01:12,00:00:06
stefano.crapanzano@chu.ulg.ac.be,Navigation système de fichier,IT,2021-10-13,16:01:21,00:00:03
stefano.crapanzano@chu.ulg.ac.be,Navigation système de fichier,IT,2021-10-13,16:02:54,00:00:02
stefano.crapanzano@chu.ulg.ac.be,Navigation système de fichier,IT,2021-10-13,16:07:04,00:00:03
stefano.crapanzano@chu.ulg.ac.be,Navigation système de fichier,IT,2021-10-13,16:07:55,00:00:38
stefano.crapanzano@chu.ulg.ac.be,Navigation système de fichier,IT,2021-10-13,16:08:36,00:00:02
stefano.crapanzano@chu.ulg.ac.be,Navigation système de fichier,IT,2021-10-13,16:08:42,00:00:02
stefano.crapanzano@chu.ulg.ac.be,Navigation système de fichier,IT,2021-10-13,16:08:50,00:00:02
stefano.crapanzano@chu.ulg.ac.be,Navigation système de fichier,IT,2021-10-13,16:16:35,00:00:02
stefano.crapanzano@chu.ulg.ac.be,Navigation système de fichier,IT,2021-10-13,16:16:45,00:00:08
stefano.crapanzano@chu.ulg.ac.be,Navigation système de fichier,IT,2021-10-13,16:37:35,00:00:02
stefano.crapanzano@chu.ulg.ac.be,Navigation système de fichier,IT,2021-10-13,16:40:45,00:00:07
stefano.crapanzano@chu.ulg.ac.be,Demandes - Service d'assistance - Google Chrome,Tâches diverses,2021-10-13,09:05:37,00:00:12
stefano.crapanzano@chu.ulg.ac.be,Demandes - Service d'assistance - Google Chrome,Tâches diverses,2021-10-13,09:05:58,00:00:02
stefano.crapanzano@chu.ulg.ac.be,Demandes - Service d'assistance - Google Chrome,Tâches diverses,2021-10-13,09:12:31,00:00:08
stefano.crapanzano@chu.ulg.ac.be,Demandes - Service d'assistance - Google Chrome,Tâches diverses,2021-10-13,09:12:40,00:00:05
stefano.crapanzano@chu.ulg.ac.be,Demandes - Service d'assistance - Google Chrome,Tâches diverses,2021-10-13,10:54:45,00:01:18
stefano.crapanzano@chu.ulg.ac.be,Demandes - Service d'assistance - Google Chrome,Tâches diverses,2021-10-13,10:58:18,00:00:05
stefano.crapanzano@chu.ulg.ac.be,Demandes - Service d'assistance - Google Chrome,Tâches diverses,2021-10-13,10:59:30,00:00:24
stefano.crapanzano@chu.ulg.ac.be,Demandes - Service d'assistance - Google Chrome,Tâches diverses,2021-10-13,12:51:44,00:00:07
stefano.crapanzano@chu.ulg.ac.be,Demandes - Service d'assistance - Google Chrome,Tâches diverses,2021-10-13,12:51:54,00:00:13
stefano.crapanzano@chu.ulg.ac.be,Demandes - Service d'assistance - Google Chrome,Tâches diverses,2021-10-13,12:52:46,00:00:05
stefano.crapanzano@chu.ulg.ac.be,Demandes - Service d'assistance - Google Chrome,Tâches diverses,2021-10-13,13:54:36,00:00:05
stefano.crapanzano@chu.ulg.ac.be,Demandes - Service d'assistance - Google Chrome,Tâches diverses,2021-10-13,14:08:14,00:00:13
stefano.crapanzano@chu.ulg.ac.be,Demandes - Service d'assistance - Google Chrome,Tâches diverses,2021-10-13,14:08:29,00:00:05
stefano.crapanzano@chu.ulg.ac.be,Demandes - Service d'assistance - Google Chrome,Tâches diverses,2021-10-13,14:50:12,00:00:08
stefano.crapanzano@chu.ulg.ac.be,Demandes - Service d'assistance - Google Chrome,Tâches diverses,2021-10-13,15:27:28,00:00:02
stefano.crapanzano@chu.ulg.ac.be,Demandes - Service d'assistance - Google Chrome,Tâches diverses,2021-10-13,15:27:52,00:00:12
stefano.crapanzano@chu.ulg.ac.be,Demandes - Service d'assistance - Google Chrome,Tâches diverses,2021-10-13,15:32:28,00:00:32
stefano.crapanzano@chu.ulg.ac.be,Demandes - Service d'assistance - Google Chrome,Tâches diverses,2021-10-13,15:33:19,00:00:10
stefano.crapanzano@chu.ulg.ac.be,Demandes - Service d'assistance - Google Chrome,Helpdesk général,2021-10-13,15:52:43,00:00:04
stefano.crapanzano@chu.ulg.ac.be,Demandes - Service d'assistance - Google Chrome,Tâches diverses,2021-10-13,16:09:06,00:00:10
stefano.crapanzano@chu.ulg.ac.be,Demandes - Service d'assistance - Google Chrome,Helpdesk général,2021-10-13,16:12:35,00:00:02
stefano.crapanzano@chu.ulg.ac.be,Demandes - Service d'assistance - Google Chrome,Tâches diverses,2021-10-13,16:37:12,00:00:02
stefano.crapanzano@chu.ulg.ac.be,Envoyés - stefano.crapanzano@chuliege.be - Mozilla Thunderbird,Helpdesk général,2021-10-13,09:13:55,00:00:31
stefano.crapanzano@chu.ulg.ac.be,Envoyés - stefano.crapanzano@chuliege.be - Mozilla Thunderbird,Helpdesk général,2021-10-13,09:16:57,00:00:02
stefano.crapanzano@chu.ulg.ac.be,SSO SAML - Mozilla Thunderbird,Helpdesk général,2021-10-13,09:14:27,00:00:13
stefano.crapanzano@chu.ulg.ac.be,SSO SAML - Mozilla Thunderbird,Helpdesk général,2021-10-13,09:15:06,00:00:02
stefano.crapanzano@chu.ulg.ac.be,SSO SAML - Mozilla Thunderbird,Helpdesk général,2021-10-13,09:16:54,00:00:02
stefano.crapanzano@chu.ulg.ac.be,Boîte de Réception - Zimbra - Stefano Crapanzano - Outlook,Helpdesk général,2021-10-13,09:15:16,00:00:05
stefano.crapanzano@chu.ulg.ac.be,Envoyé - Zimbra - Stefano Crapanzano - Outlook,Helpdesk général,2021-10-13,09:15:24,00:00:14
stefano.crapanzano@chu.ulg.ac.be,Envoyé - Zimbra - Stefano Crapanzano - Outlook,Helpdesk général,2021-10-13,09:16:50,00:00:02
stefano.crapanzano@chu.ulg.ac.be,intrastat_202009.csv - Excel,Tâches diverses,2021-10-13,09:17:18,00:00:02
stefano.crapanzano@chu.ulg.ac.be,P203 CHU ARCO 20211019904948 KOFAX - Problème avec les factures mails ZHUL (code barre généré) - Xperthis ERP4HC 1.0 - Service d'assistance - Google Chrome,Tâches diverses,2021-10-13,10:13:25,00:00:05
stefano.crapanzano@chu.ulg.ac.be,P203 CHU ARCO 20211019904948 KOFAX - Problème avec les factures mails ZHUL (code barre généré) - Xperthis ERP4HC 1.0 - Service d'assistance - Google Chrome,Tâches diverses,2021-10-13,12:09:12,00:00:02
stefano.crapanzano@chu.ulg.ac.be,P203 CHU ARCO 20211019904948 KOFAX - Problème avec les factures mails ZHUL (code barre généré) - Xperthis ERP4HC 1.0 - Service d'assistance - Google Chrome,Tâches diverses,2021-10-13,12:35:16,00:00:04
stefano.crapanzano@chu.ulg.ac.be,P203 CHU ARCO 20211019904948 KOFAX - Problème avec les factures mails ZHUL (code barre généré) - Xperthis ERP4HC 1.0 - Service d'assistance - Google Chrome,Tâches diverses,2021-10-13,12:52:51,00:00:02
stefano.crapanzano@chu.ulg.ac.be,P203 CHU ARCO 20211019904948 KOFAX - Problème avec les factures mails ZHUL (code barre généré) - Xperthis ERP4HC 1.0 - Service d'assistance - Google Chrome,Tâches diverses,2021-10-13,15:27:21,00:00:06
stefano.crapanzano@chu.ulg.ac.be,Quels sont les matricules des Utilisateurs Active  - OneNote,Helpdesk général,2021-10-13,14:19:18,00:00:08
stefano.crapanzano@chu.ulg.ac.be,Active Directory Users and Computers,Helpdesk général,2021-10-13,10:20:46,00:00:22
stefano.crapanzano@chu.ulg.ac.be,Active Directory Users and Computers,IT,2021-10-13,10:21:11,00:00:18
stefano.crapanzano@chu.ulg.ac.be,Active Directory Users and Computers,IT,2021-10-13,11:05:54,00:00:02
stefano.crapanzano@chu.ulg.ac.be,Active Directory Users and Computers,IT,2021-10-13,12:09:16,00:00:02
stefano.crapanzano@chu.ulg.ac.be,Active Directory Users and Computers,IT,2021-10-13,14:29:59,00:00:09
stefano.crapanzano@chu.ulg.ac.be,Active Directory Users and Computers,Exploration SAP,2021-10-13,16:32:59,00:00:02
stefano.crapanzano@chu.ulg.ac.be,Rechercher Utilisateurs  contacts et groupes,IT,2021-10-13,10:18:23,00:00:40
stefano.crapanzano@chu.ulg.ac.be,Rechercher Utilisateurs  contacts et groupes,IT,2021-10-13,10:19:15,00:00:57
stefano.crapanzano@chu.ulg.ac.be,Rechercher Utilisateurs  contacts et groupes,IT,2021-10-13,11:05:57,00:00:06
stefano.crapanzano@chu.ulg.ac.be,Rechercher Utilisateurs  contacts et groupes,IT,2021-10-13,12:33:50,00:00:06
stefano.crapanzano@chu.ulg.ac.be,Rechercher Utilisateurs  contacts et groupes,IT,2021-10-13,12:34:00,00:00:08
stefano.crapanzano@chu.ulg.ac.be,Rechercher Utilisateurs  contacts et groupes,IT,2021-10-13,14:29:53,00:00:05
stefano.crapanzano@chu.ulg.ac.be,Console1 - [Racine de la console],IT,2021-10-13,10:21:32,00:00:04
stefano.crapanzano@chu.ulg.ac.be,Ajouter ou supprimer des composants logiciels enfichables,IT,2021-10-13,10:21:36,00:00:08
stefano.crapanzano@chu.ulg.ac.be,SSP Impossible de créer une demande d'achat (panier) à partir de n'importe quel article (dans X01) - Xperthis ERP4HC 2.0 Rollout - Service d'assistance - Google Chrome,Tâches diverses,2021-10-13,10:54:24,00:00:21
stefano.crapanzano@chu.ulg.ac.be,Page d'accueil - Google Chrome,Tâches diverses,2021-10-13,10:57:46,00:00:10
stefano.crapanzano@chu.ulg.ac.be,Page d'accueil - Google Chrome,Tâches diverses,2021-10-13,10:58:14,00:00:02
stefano.crapanzano@chu.ulg.ac.be,Connexion - Google Chrome,Tâches diverses,2021-10-13,10:57:36,00:00:09
stefano.crapanzano@chu.ulg.ac.be,Créer une demande d'achat - Google Chrome,Tâches diverses,2021-10-13,10:57:57,00:00:17
stefano.crapanzano@chu.ulg.ac.be,P203 CHR FIA Fournisseur habituel - Xperthis ERP4HC 1.0 - Service d'assistance - Google Chrome,Tâches diverses,2021-10-13,10:58:23,00:01:06
stefano.crapanzano@chu.ulg.ac.be,Intrastat - Google Chrome,Tâches diverses,2021-10-13,11:09:06,00:00:02
stefano.crapanzano@chu.ulg.ac.be,Intrastat - Google Chrome,Tâches diverses,2021-10-13,11:10:40,00:00:03
stefano.crapanzano@chu.ulg.ac.be,cas.uliege.be - Google Chrome,Tâches diverses,2021-10-13,11:00:01,00:00:02
stefano.crapanzano@chu.ulg.ac.be,SAP GUI for Windows 760,Exploration SAP,2021-10-13,14:08:43,00:00:02
stefano.crapanzano@chu.ulg.ac.be,SAP Logon 760,Exploration SAP,2021-10-13,11:04:54,00:00:02
stefano.crapanzano@chu.ulg.ac.be,SAP Logon 760,Exploration SAP,2021-10-13,14:10:30,00:00:05
stefano.crapanzano@chu.ulg.ac.be,SAP Logon 760,Exploration SAP,2021-10-13,15:09:41,00:00:02
stefano.crapanzano@chu.ulg.ac.be,SAP Logon 760,Exploration SAP,2021-10-13,15:10:24,00:00:02
stefano.crapanzano@chu.ulg.ac.be,SAP Logon 760,Exploration SAP,2021-10-13,16:09:54,00:00:02
stefano.crapanzano@chu.ulg.ac.be,SAP Easy Access Menu de base Applications financières-économiques,Exploration SAP,2021-10-13,11:04:57,00:00:08
stefano.crapanzano@chu.ulg.ac.be,SAP Easy Access Menu de base Applications financières-économiques,Exploration SAP,2021-10-13,12:08:18,00:00:05
stefano.crapanzano@chu.ulg.ac.be,SAP Easy Access Menu de base Applications financières-économiques,Exploration SAP,2021-10-13,12:08:29,00:00:02
stefano.crapanzano@chu.ulg.ac.be,SAP Easy Access Menu de base Applications financières-économiques,Exploration SAP,2021-10-13,14:10:56,00:00:04
stefano.crapanzano@chu.ulg.ac.be,SAP Easy Access Menu de base Applications financières-économiques,Exploration SAP,2021-10-13,14:11:09,00:00:05
stefano.crapanzano@chu.ulg.ac.be,SAP Easy Access Menu de base Applications financières-économiques,Exploration SAP,2021-10-13,15:09:58,00:00:04
stefano.crapanzano@chu.ulg.ac.be,SAP Easy Access Menu de base Applications financières-économiques,Exploration SAP,2021-10-13,15:10:38,00:00:04
stefano.crapanzano@chu.ulg.ac.be,SAP Easy Access Menu de base Applications financières-économiques,Exploration SAP,2021-10-13,16:09:57,00:00:06
stefano.crapanzano@chu.ulg.ac.be,SAP Easy Access Menu de base Applications financières-économiques,Exploration SAP,2021-10-13,16:10:55,00:00:06
stefano.crapanzano@chu.ulg.ac.be,SAP Easy Access Menu de base Applications financières-économiques,Exploration SAP,2021-10-13,16:11:16,00:00:12
stefano.crapanzano@chu.ulg.ac.be,SAP Easy Access Menu de base Applications financières-économiques,Exploration SAP,2021-10-13,16:11:31,00:00:02
stefano.crapanzano@chu.ulg.ac.be,Synthèse IDocs,Exploration SAP,2021-10-13,11:05:05,00:00:06
stefano.crapanzano@chu.ulg.ac.be,Synthèse IDocs,Exploration SAP,2021-10-13,12:08:23,00:00:02
stefano.crapanzano@chu.ulg.ac.be,Overzicht IDocs,Exploration SAP,2021-10-13,11:05:12,00:00:09
stefano.crapanzano@chu.ulg.ac.be,Overzicht IDocs,Exploration SAP,2021-10-13,12:08:05,00:00:02
stefano.crapanzano@chu.ulg.ac.be,Overzicht IDocs,Exploration SAP,2021-10-13,12:08:09,00:00:08
stefano.crapanzano@chu.ulg.ac.be,Affichage de l'IDoc : 0000000000353120,Exploration SAP,2021-10-13,11:05:21,00:00:10
stefano.crapanzano@chu.ulg.ac.be,Affichage de l'IDoc : 0000000000353120,Exploration SAP,2021-10-13,11:05:39,00:00:04
stefano.crapanzano@chu.ulg.ac.be,Affichage de l'IDoc : 0000000000353120,Exploration SAP,2021-10-13,11:06:54,00:00:03
stefano.crapanzano@chu.ulg.ac.be,Affichage de l'IDoc : 0000000000353120,Exploration SAP,2021-10-13,12:07:59,00:00:05
stefano.crapanzano@chu.ulg.ac.be,Performance Assistant,Exploration SAP,2021-10-13,11:05:32,00:00:06
stefano.crapanzano@chu.ulg.ac.be,Performance Assistant,Exploration SAP,2021-10-13,11:05:43,00:00:04
stefano.crapanzano@chu.ulg.ac.be,Performance Assistant,Exploration SAP,2021-10-13,15:12:57,00:00:05
stefano.crapanzano@chu.ulg.ac.be,Greenshot capture form,Helpdesk général,2021-10-13,11:06:06,00:00:05
stefano.crapanzano@chu.ulg.ac.be,Greenshot capture form,Helpdesk général,2021-10-13,12:04:48,00:00:05
stefano.crapanzano@chu.ulg.ac.be,Greenshot capture form,Helpdesk général,2021-10-13,13:40:51,00:00:06
stefano.crapanzano@chu.ulg.ac.be,Rédaction : (pas de sujet) - Thunderbird,Helpdesk général,2021-10-13,11:06:19,00:00:04
stefano.crapanzano@chu.ulg.ac.be,Rédaction : (pas de sujet) - Thunderbird,Helpdesk général,2021-10-13,12:10:41,00:00:02
stefano.crapanzano@chu.ulg.ac.be,Rédaction : Demande d'achat bloquée car article - Thunderbird,Helpdesk général,2021-10-13,11:06:30,00:00:02
stefano.crapanzano@chu.ulg.ac.be,Rédaction : Demande d'achat bloquée car article en mode édition - Thunderbird,Helpdesk général,2021-10-13,11:06:35,00:00:13
stefano.crapanzano@chu.ulg.ac.be,Rédaction : Demande d'achat bloquée car article en mode édition - Thunderbird,Helpdesk général,2021-10-13,11:06:58,00:01:57
stefano.crapanzano@chu.ulg.ac.be,Chargement photo d'un article sur SSP - Xperthis ERP4HC 2.0 Rollout - Service d'assistance - Google Chrome,Tâches diverses,2021-10-13,11:30:05,00:01:02
stefano.crapanzano@chu.ulg.ac.be,Chargement photo d'un article sur SSP - Xperthis ERP4HC 2.0 Rollout - Service d'assistance - Google Chrome,Tâches diverses,2021-10-13,11:50:31,00:00:04
stefano.crapanzano@chu.ulg.ac.be,Chargement photo d'un article sur SSP - Xperthis ERP4HC 2.0 Rollout - Service d'assistance - Google Chrome,Tâches diverses,2021-10-13,12:04:55,00:00:08
stefano.crapanzano@chu.ulg.ac.be,STERPBE-2520 Chargement photo d'un article sur SSP - Mozilla Thunderbird,Helpdesk général,2021-10-13,11:31:12,00:00:05
stefano.crapanzano@chu.ulg.ac.be,STERPBE-2520 Chargement photo d'un article sur SSP - Mozilla Thunderbird,Helpdesk général,2021-10-13,11:49:31,00:00:13
stefano.crapanzano@chu.ulg.ac.be,Rédaction : Fwd: STERPBE-2520 Chargement photo d'un article sur SSP - Thunderbird,Helpdesk général,2021-10-13,11:31:19,00:18:11
stefano.crapanzano@chu.ulg.ac.be,SAM-DB : Création de deux matricules F - Google Chrome,Tâches diverses,2021-10-13,11:50:08,00:00:23
stefano.crapanzano@chu.ulg.ac.be,SAM-DB : Création de deux matricules F - Google Chrome,Tâches diverses,2021-10-13,12:10:52,00:00:05
stefano.crapanzano@chu.ulg.ac.be,SAM-DB : Création de deux matricules F - Google Chrome,Tâches diverses,2021-10-13,12:33:45,00:00:05
stefano.crapanzano@chu.ulg.ac.be,SAM-DB : Création de deux matricules F - Google Chrome,Tâches diverses,2021-10-13,12:33:57,00:00:02
stefano.crapanzano@chu.ulg.ac.be,SAM-DB : Création de deux matricules F - Google Chrome,Tâches diverses,2021-10-13,12:34:09,00:00:04
stefano.crapanzano@chu.ulg.ac.be,SAM-DB : Création de deux matricules F - Google Chrome,Tâches diverses,2021-10-13,12:34:15,00:00:05
stefano.crapanzano@chu.ulg.ac.be,SAM-DB : Création de deux matricules F - Google Chrome,Tâches diverses,2021-10-13,12:34:22,00:00:06
stefano.crapanzano@chu.ulg.ac.be,SAM-DB : Création de deux matricules F - Google Chrome,Tâches diverses,2021-10-13,12:35:25,00:00:05
stefano.crapanzano@chu.ulg.ac.be,PE2_203 - sftp://PE2U2FTP@153.89.110.38 - FileZilla,Helpdesk général,2021-10-13,12:03:18,00:00:05
stefano.crapanzano@chu.ulg.ac.be,PE2_203 - sftp://PE2U2FTP@153.89.110.38 - FileZilla,Helpdesk général,2021-10-13,12:03:46,00:01:02
stefano.crapanzano@chu.ulg.ac.be,PE2_203 - sftp://PE2U2FTP@153.89.110.38 - FileZilla,Tâches diverses,2021-10-13,12:06:04,00:00:18
stefano.crapanzano@chu.ulg.ac.be,PE2_203 - sftp://PE2U2FTP@153.89.110.38 - FileZilla,Helpdesk général,2021-10-13,12:53:24,00:00:32
stefano.crapanzano@chu.ulg.ac.be,PE2_203 - sftp://PE2U2FTP@153.89.110.38 - FileZilla,Helpdesk général,2021-10-13,12:55:01,00:00:16
stefano.crapanzano@chu.ulg.ac.be,PE2_203 - sftp://PE2U2FTP@153.89.110.38 - FileZilla,Helpdesk général,2021-10-13,12:58:12,00:00:26
stefano.crapanzano@chu.ulg.ac.be,PE2_203 - sftp://PE2U2FTP@153.89.110.38 - FileZilla,Helpdesk général,2021-10-13,12:58:41,00:00:12
stefano.crapanzano@chu.ulg.ac.be,PE2_203 - sftp://PE2U2FTP@153.89.110.38 - FileZilla,Helpdesk général,2021-10-13,12:59:39,00:00:14
stefano.crapanzano@chu.ulg.ac.be,PE2_203 - sftp://PE2U2FTP@153.89.110.38 - FileZilla,Helpdesk général,2021-10-13,13:00:59,00:00:38
stefano.crapanzano@chu.ulg.ac.be,PE2_203 - sftp://PE2U2FTP@153.89.110.38 - FileZilla,Helpdesk général,2021-10-13,13:02:05,00:00:33
stefano.crapanzano@chu.ulg.ac.be,PE2_203 - sftp://PE2U2FTP@153.89.110.38 - FileZilla,Helpdesk général,2021-10-13,13:02:40,00:00:11
stefano.crapanzano@chu.ulg.ac.be,PE2_203 - sftp://PE2U2FTP@153.89.110.38 - FileZilla,Helpdesk général,2021-10-13,13:02:56,00:00:04
stefano.crapanzano@chu.ulg.ac.be,PE2_203 - sftp://PE2U2FTP@153.89.110.38 - FileZilla,Helpdesk général,2021-10-13,13:03:11,00:00:50
stefano.crapanzano@chu.ulg.ac.be,PE2_203 - sftp://PE2U2FTP@153.89.110.38 - FileZilla,Helpdesk général,2021-10-13,13:07:18,00:00:15
stefano.crapanzano@chu.ulg.ac.be,PE2_203 - sftp://PE2U2FTP@153.89.110.38 - FileZilla,Helpdesk général,2021-10-13,13:09:10,00:00:14
stefano.crapanzano@chu.ulg.ac.be,PE2_203 - sftp://PE2U2FTP@153.89.110.38 - FileZilla,Helpdesk général,2021-10-13,13:09:30,00:00:03
stefano.crapanzano@chu.ulg.ac.be,PE2_203 - sftp://PE2U2FTP@153.89.110.38 - FileZilla,Helpdesk général,2021-10-13,13:10:25,00:00:40
stefano.crapanzano@chu.ulg.ac.be,PE2_203 - sftp://PE2U2FTP@153.89.110.38 - FileZilla,Helpdesk général,2021-10-13,13:11:40,00:00:03
stefano.crapanzano@chu.ulg.ac.be,PE2_203 - sftp://PE2U2FTP@153.89.110.38 - FileZilla,Helpdesk général,2021-10-13,13:12:14,00:00:28
stefano.crapanzano@chu.ulg.ac.be,PE2_203 - sftp://PE2U2FTP@153.89.110.38 - FileZilla,Helpdesk général,2021-10-13,13:25:40,00:00:22
stefano.crapanzano@chu.ulg.ac.be,PE2_203 - sftp://PE2U2FTP@153.89.110.38 - FileZilla,Helpdesk général,2021-10-13,13:39:57,00:00:09
stefano.crapanzano@chu.ulg.ac.be,PE2_203 - sftp://PE2U2FTP@153.89.110.38 - FileZilla,Helpdesk général,2021-10-13,13:40:14,00:00:14
stefano.crapanzano@chu.ulg.ac.be,PE2_203 - sftp://PE2U2FTP@153.89.110.38 - FileZilla,Helpdesk général,2021-10-13,13:43:12,00:00:48
stefano.crapanzano@chu.ulg.ac.be,PE2_203 - sftp://PE2U2FTP@153.89.110.38 - FileZilla,Helpdesk général,2021-10-13,13:53:13,00:00:02
stefano.crapanzano@chu.ulg.ac.be,PE2_203 - sftp://PE2U2FTP@153.89.110.38 - FileZilla,Helpdesk général,2021-10-13,16:01:27,00:00:28
stefano.crapanzano@chu.ulg.ac.be,PE2_203 - sftp://PE2U2FTP@153.89.110.38 - FileZilla,Helpdesk général,2021-10-13,16:02:52,00:00:02
stefano.crapanzano@chu.ulg.ac.be,Xperthis ERP4HC 2.0 Rollout - Service d'assistance - Google Chrome,Tâches diverses,2021-10-13,12:05:03,00:00:02
stefano.crapanzano@chu.ulg.ac.be,Incident ERP for HealthCare - Xperthis ERP4HC 2.0 Rollout - Service d'assistance - Google Chrome,Tâches diverses,2021-10-13,12:05:05,00:00:58
stefano.crapanzano@chu.ulg.ac.be,Incident ERP for HealthCare - Xperthis ERP4HC 2.0 Rollout - Service d'assistance - Google Chrome,Helpdesk général,2021-10-13,12:08:52,00:00:02
stefano.crapanzano@chu.ulg.ac.be,Incident ERP for HealthCare - Xperthis ERP4HC 2.0 Rollout - Service d'assistance - Google Chrome,Tâches diverses,2021-10-13,12:09:08,00:00:02
stefano.crapanzano@chu.ulg.ac.be,Rédaction : Re: Moulinette_CommERP : erreur - Thunderbird,Helpdesk général,2021-10-13,12:06:28,00:00:57
stefano.crapanzano@chu.ulg.ac.be,Rédaction : Re: Moulinette_CommERP : erreur - Thunderbird,Helpdesk général,2021-10-13,13:41:10,00:00:31
stefano.crapanzano@chu.ulg.ac.be,traduction - Recherche Google - Google Chrome,Tâches diverses,2021-10-13,12:08:56,00:00:09
stefano.crapanzano@chu.ulg.ac.be,Nouvel onglet - Google Chrome,Tâches diverses,2021-10-13,12:09:41,00:00:05
stefano.crapanzano@chu.ulg.ac.be,Nouvel onglet - Google Chrome,Tâches diverses,2021-10-13,13:57:14,00:00:05
stefano.crapanzano@chu.ulg.ac.be,Nouvel onglet - Google Chrome,Tâches diverses,2021-10-13,14:17:26,00:00:05
stefano.crapanzano@chu.ulg.ac.be,CHU de Liège - Intranet - Google Chrome,Tâches diverses,2021-10-13,12:09:46,00:00:02
stefano.crapanzano@chu.ulg.ac.be,myCHU - Google Chrome,Tâches diverses,2021-10-13,12:09:49,00:00:10
stefano.crapanzano@chu.ulg.ac.be,myCHU - Google Chrome,Tâches diverses,2021-10-13,12:10:18,00:00:10
stefano.crapanzano@chu.ulg.ac.be,myCHU - Google Chrome,Tâches diverses,2021-10-13,12:10:30,00:00:04
stefano.crapanzano@chu.ulg.ac.be,Lecture documentation,Tâches diverses,2021-10-13,15:53:04,00:00:30
stefano.crapanzano@chu.ulg.ac.be,STPNET 2 - Google Chrome,Tâches diverses,2021-10-13,12:10:34,00:00:05
stefano.crapanzano@chu.ulg.ac.be,STPNET 2 - Google Chrome,Helpdesk général,2021-10-13,12:10:48,00:00:04
stefano.crapanzano@chu.ulg.ac.be,STPNET 2 - Google Chrome,Tâches diverses,2021-10-13,12:11:20,00:00:14
stefano.crapanzano@chu.ulg.ac.be,SAM-DB - Google Chrome,Tâches diverses,2021-10-13,12:10:57,00:00:02
stefano.crapanzano@chu.ulg.ac.be,SAM-DB - Google Chrome,Tâches diverses,2021-10-13,12:11:47,00:00:02
stefano.crapanzano@chu.ulg.ac.be,SAM-DB : Manque de mémoire sur PC fixe - Google Chrome,Tâches diverses,2021-10-13,12:11:00,00:00:20
stefano.crapanzano@chu.ulg.ac.be,Moulinette_CommERP : erreur - Mozilla Thunderbird,Helpdesk général,2021-10-13,12:14:35,00:00:22
stefano.crapanzano@chu.ulg.ac.be,Rédaction : Re: Fwd: STERPBE-2520 Chargement photo d'un article sur SSP - Thunderbird,Helpdesk général,2021-10-13,12:20:40,00:01:33
stefano.crapanzano@chu.ulg.ac.be,Rédaction : Re: Fwd: STERPBE-2520 Chargement photo d'un article sur SSP - Thunderbird,Helpdesk général,2021-10-13,12:23:08,00:01:00
stefano.crapanzano@chu.ulg.ac.be,Envoi du message - Re: Fwd: STERPBE-2520 Chargement photo d'un article sur SSP,Helpdesk général,2021-10-13,12:22:14,00:00:02
stefano.crapanzano@chu.ulg.ac.be,Envoi du message - Re: Fwd: STERPBE-2520 Chargement photo d'un article sur SSP,Helpdesk général,2021-10-13,12:24:10,00:00:02
stefano.crapanzano@chu.ulg.ac.be,\\appsaiadm.st.chulg\ERP\Config\saplogon.ini - Notepad++ [Administrator],IT,2021-10-13,13:36:32,00:00:05
stefano.crapanzano@chu.ulg.ac.be,\\appsaiadm.st.chulg\ERP\Config\saplogon.ini - Notepad++ [Administrator],IT,2021-10-13,13:39:10,00:00:05
stefano.crapanzano@chu.ulg.ac.be,Sélectionnez l’objet task retrieve stock from sap à changer | Site d’administration de Django - Google Chrome,Tâches diverses,2021-10-13,12:52:07,00:00:02
stefano.crapanzano@chu.ulg.ac.be,Sélectionnez l’objet task retrieve stock from sap à changer | Site d’administration de Django - Google Chrome,Tâches diverses,2021-10-13,12:52:11,00:00:34
stefano.crapanzano@chu.ulg.ac.be,Sélectionnez l’objet task retrieve stock from sap à changer | Site d’administration de Django - Google Chrome,Tâches diverses,2021-10-13,12:52:56,00:00:20
stefano.crapanzano@chu.ulg.ac.be,Sélectionnez l’objet task retrieve stock from sap à changer | Site d’administration de Django - Google Chrome,Tâches diverses,2021-10-13,16:37:43,00:00:16
stefano.crapanzano@chu.ulg.ac.be,Sélectionnez l’objet task retrieve stock from sap à changer | Site d’administration de Django - Google Chrome,Tâches diverses,2021-10-13,16:38:02,00:00:05
stefano.crapanzano@chu.ulg.ac.be,Sélectionnez l’objet task retrieve stock from sap à changer | Site d’administration de Django - Google Chrome,Tâches diverses,2021-10-13,16:40:04,00:00:02
stefano.crapanzano@chu.ulg.ac.be,Sélectionnez l’objet task retrieve stock from sap à changer | Site d’administration de Django - Google Chrome,Tâches diverses,2021-10-13,16:40:14,00:00:02
stefano.crapanzano@chu.ulg.ac.be,Sélectionnez l’objet task retrieve stock from sap à changer | Site d’administration de Django - Google Chrome,Tâches diverses,2021-10-13,16:40:29,00:00:16
stefano.crapanzano@chu.ulg.ac.be,POST data - Google Chrome,Tâches diverses,2021-10-13,13:57:19,00:00:04
stefano.crapanzano@chu.ulg.ac.be,Netop Invité,Helpdesk général,2021-10-13,12:54:11,00:00:02
stefano.crapanzano@chu.ulg.ac.be,Netop Invité,Helpdesk général,2021-10-13,13:27:38,00:00:02
stefano.crapanzano@chu.ulg.ac.be,Netop Invité,Helpdesk général,2021-10-13,14:17:20,00:00:05
stefano.crapanzano@chu.ulg.ac.be,Connexion à l'aide de l'authentification Windows,Helpdesk général,2021-10-13,12:54:14,00:00:04
stefano.crapanzano@chu.ulg.ac.be,Connexion à l'aide de l'authentification Windows,Helpdesk général,2021-10-13,13:27:41,00:00:02
stefano.crapanzano@chu.ulg.ac.be,Connexion à l'aide de l'authentification Windows,Helpdesk général,2021-10-13,14:17:43,00:00:03
stefano.crapanzano@chu.ulg.ac.be,erpftp - Netop Remote Control,Helpdesk général,2021-10-13,12:54:19,00:00:02
stefano.crapanzano@chu.ulg.ac.be,erpftp - Netop Remote Control,Helpdesk général,2021-10-13,12:55:17,00:00:02
stefano.crapanzano@chu.ulg.ac.be,erpftp - Netop Remote Control,Helpdesk général,2021-10-13,12:58:58,00:00:40
stefano.crapanzano@chu.ulg.ac.be,erpftp - Netop Remote Control,Helpdesk général,2021-10-13,12:59:56,00:00:11
stefano.crapanzano@chu.ulg.ac.be,erpftp - Netop Remote Control,Helpdesk général,2021-10-13,13:07:33,00:00:14
stefano.crapanzano@chu.ulg.ac.be,erpftp - Netop Remote Control,Helpdesk général,2021-10-13,13:08:45,00:00:09
stefano.crapanzano@chu.ulg.ac.be,erpftp - Netop Remote Control,Helpdesk général,2021-10-13,13:11:21,00:00:06
stefano.crapanzano@chu.ulg.ac.be,erpftp - Netop Remote Control,Helpdesk général,2021-10-13,13:27:45,00:00:21
stefano.crapanzano@chu.ulg.ac.be,erpftp - Netop Remote Control,Helpdesk général,2021-10-13,13:28:59,00:01:45
stefano.crapanzano@chu.ulg.ac.be,erpftp - Netop Remote Control,Helpdesk général,2021-10-13,13:31:08,00:00:21
stefano.crapanzano@chu.ulg.ac.be,erpftp - Netop Remote Control,Helpdesk général,2021-10-13,13:32:45,00:00:02
stefano.crapanzano@chu.ulg.ac.be,erpftp - Netop Remote Control,Helpdesk général,2021-10-13,13:36:39,00:00:44
stefano.crapanzano@chu.ulg.ac.be,erpftp - Netop Remote Control,Helpdesk général,2021-10-13,13:37:42,00:00:14
stefano.crapanzano@chu.ulg.ac.be,erpftp - Netop Remote Control,Helpdesk général,2021-10-13,13:41:59,00:00:15
stefano.crapanzano@chu.ulg.ac.be,erpftp - Netop Remote Control,Helpdesk général,2021-10-13,13:53:45,00:00:06
stefano.crapanzano@chu.ulg.ac.be,\\filesrv01.st.chulg\oazis_prod\APPL_PROD\SOURCES\PERL\ERP\CHL_ERP_TRANSFER_FILE_SC.pl - Notepad++ [Administrator],IT,2021-10-13,13:33:14,00:00:20
stefano.crapanzano@chu.ulg.ac.be,\\filesrv01.st.chulg\oazis_prod\APPL_PROD\SOURCES\PERL\ERP\CHL_ERP_TRANSFER_FILE_SC.pl - Notepad++ [Administrator],IT,2021-10-13,13:34:07,00:01:39
stefano.crapanzano@chu.ulg.ac.be,\\filesrv01.st.chulg\oazis_prod\APPL_PROD\SOURCES\PERL\ERP\CHL_ERP_TRANSFER_FILE_SC.pl - Notepad++ [Administrator],IT,2021-10-13,13:36:19,00:00:13
stefano.crapanzano@chu.ulg.ac.be,\\filesrv01.st.chulg\oazis_prod\APPL_PROD\SOURCES\PERL\ERP\CHL_ERP_SFTP_TO_SFTP.pl - Notepad++ [Administrator],IT,2021-10-13,13:37:28,00:00:10
stefano.crapanzano@chu.ulg.ac.be,\\ERPFTP.st.chulg\ERP\Log\KOFAX-KofaxCaptureSVReleaseProdPhul-PdfXml_SAP203-ApoInput-PdfXml.log - Notepad++ [Administrator],IT,2021-10-13,13:39:16,00:00:41
stefano.crapanzano@chu.ulg.ac.be,\\ERPFTP.st.chulg\ERP\Log\KOFAX-KofaxCaptureSVReleaseProdPhul-PdfXml_SAP203-ApoInput-PdfXml.log - Notepad++ [Administrator],IT,2021-10-13,13:44:07,00:00:18
stefano.crapanzano@chu.ulg.ac.be,2 Traité - erp.sai@chuliege.be - Mozilla Thunderbird,Helpdesk général,2021-10-13,13:41:06,00:00:02
stefano.crapanzano@chu.ulg.ac.be,2 Traité - erp.sai@chuliege.be - Mozilla Thunderbird,Helpdesk général,2021-10-13,13:41:43,00:00:06
stefano.crapanzano@chu.ulg.ac.be,En attente d'information - erp.sai@chuliege.be - Mozilla Thunderbird,Helpdesk général,2021-10-13,13:41:50,00:00:02
stefano.crapanzano@chu.ulg.ac.be,En attente d'information - erp.sai@chuliege.be - Mozilla Thunderbird,Helpdesk général,2021-10-13,13:42:20,00:00:02
stefano.crapanzano@chu.ulg.ac.be,\\filesrv01.st.chulg\oazis_prod\APPL_PROD\SOURCES\PERL\ERP\CHL_ERP_MAIL_MEDNUC_MONITORING.pl - Notepad++ [Administrator],IT,2021-10-13,13:44:38,00:00:18
stefano.crapanzano@chu.ulg.ac.be,\\filesrv01.st.chulg\oazis_prod\APPL_PROD\SOURCES\PERL\ERP\CHL_ERP_MAIL_MEDNUC_MONITORING.pl - Notepad++ [Administrator],IT,2021-10-13,13:54:50,00:02:23
stefano.crapanzano@chu.ulg.ac.be,\\filesrv01.st.chulg\oazis_prod\APPL_PROD\SOURCES\PERL\ERP\CHL_ERP_MAIL_MEDNUC_MONITORING.pl - Notepad++ [Administrator],IT,2021-10-13,13:59:55,00:05:10
stefano.crapanzano@chu.ulg.ac.be,\\filesrv01.st.chulg\oazis_prod\APPL_PROD\SOURCES\PERL\ERP\CHL_ERP_MAIL_MEDNUC_MONITORING.pl - Notepad++ [Administrator],IT,2021-10-13,14:05:07,00:01:12
stefano.crapanzano@chu.ulg.ac.be,\\filesrv01.st.chulg\oazis_prod\APPL_PROD\SOURCES\PERL\ERP\CHL_ERP_MAIL_MEDNUC_MONITORING.pl - Notepad++ [Administrator],IT,2021-10-13,14:06:21,00:00:10
stefano.crapanzano@chu.ulg.ac.be,\\filesrv01.st.chulg\oazis_prod\APPL_PROD\SOURCES\PERL\ERP\CHL_ERP_MAIL_MEDNUC_MONITORING.pl - Notepad++ [Administrator],IT,2021-10-13,14:06:33,00:00:37
stefano.crapanzano@chu.ulg.ac.be,\\filesrv01.st.chulg\oazis_prod\APPL_PROD\SOURCES\PERL\ERP\CHL_ERP_MAIL_MEDNUC_MONITORING.pl - Notepad++ [Administrator],IT,2021-10-13,14:52:59,00:00:02
stefano.crapanzano@chu.ulg.ac.be,\\filesrv01.st.chulg\oazis_prod\APPL_PROD\SOURCES\PERL\ERP\CHL_ERP_MAIL_MEDNUC_MONITORING.pl - Notepad++ [Administrator],IT,2021-10-13,15:07:07,00:00:08
stefano.crapanzano@chu.ulg.ac.be,Aller à...,IT,2021-10-13,13:44:34,00:00:04
stefano.crapanzano@chu.ulg.ac.be,Iepacs_CHR - kofaxchr@iepacs.chu.ulg.ac.be - FileZilla,Helpdesk général,2021-10-13,13:53:15,00:00:29
stefano.crapanzano@chu.ulg.ac.be,Iepacs_CHR - kofaxchr@iepacs.chu.ulg.ac.be - FileZilla,Helpdesk général,2021-10-13,13:53:51,00:00:06
stefano.crapanzano@chu.ulg.ac.be,Iepacs_CHR - kofaxchr@iepacs.chu.ulg.ac.be - FileZilla,Helpdesk général,2021-10-13,14:07:14,00:00:07
stefano.crapanzano@chu.ulg.ac.be,Iepacs_CHR - kofaxchr@iepacs.chu.ulg.ac.be - FileZilla,Helpdesk général,2021-10-13,15:24:48,00:00:30
stefano.crapanzano@chu.ulg.ac.be,Iepacs_CHR - kofaxchr@iepacs.chu.ulg.ac.be - FileZilla,Helpdesk général,2021-10-13,16:01:25,00:00:02
stefano.crapanzano@chu.ulg.ac.be,P203 CHR - SDERP -Transaction KSB1 - données dans colonne Cpt. c-part - Xperthis ERP4HC 1.0 - Service d'assistance - Google Chrome,Tâches diverses,2021-10-13,13:54:41,00:00:09
stefano.crapanzano@chu.ulg.ac.be,P203 CHR - SDERP -Transaction KSB1 - données dans colonne Cpt. c-part - Xperthis ERP4HC 1.0 - Service d'assistance - Google Chrome,Tâches diverses,2021-10-13,14:08:11,00:00:02
stefano.crapanzano@chu.ulg.ac.be,ERP-WIKI [DokuWiki ERP] - Google Chrome,Tâches diverses,2021-10-13,13:57:23,00:00:02
stefano.crapanzano@chu.ulg.ac.be,Tâches planifiées [DokuWiki ERP] - Google Chrome,Tâches diverses,2021-10-13,13:57:26,00:00:02
stefano.crapanzano@chu.ulg.ac.be,CHL_ERP_MAIL_MEDNUC_MONITORING - Surveillance des mails envoyés par la Médecine Nucléaire aux fournisseurs via SOST [DokuWiki ERP] - Google Chrome,Tâches diverses,2021-10-13,13:57:28,00:02:26
stefano.crapanzano@chu.ulg.ac.be,CHL_ERP_MAIL_MEDNUC_MONITORING - Surveillance des mails envoyés par la Médecine Nucléaire aux fournisseurs via SOST [DokuWiki ERP] - Google Chrome,Tâches diverses,2021-10-13,16:37:15,00:00:02
stefano.crapanzano@chu.ulg.ac.be,Rechercher,IT,2021-10-13,15:58:23,00:00:02
stefano.crapanzano@chu.ulg.ac.be,SAP,Exploration SAP,2021-10-13,14:10:37,00:00:09
stefano.crapanzano@chu.ulg.ac.be,SAP,Exploration SAP,2021-10-13,14:10:53,00:00:02
stefano.crapanzano@chu.ulg.ac.be,SAP,Exploration SAP,2021-10-13,14:11:05,00:00:04
stefano.crapanzano@chu.ulg.ac.be,SAP,Exploration SAP,2021-10-13,15:09:44,00:00:09
stefano.crapanzano@chu.ulg.ac.be,SAP,Exploration SAP,2021-10-13,15:10:27,00:00:10
stefano.crapanzano@chu.ulg.ac.be,JSON - Excel catalog converter,Exploration SAP,2021-10-13,14:10:48,00:00:05
stefano.crapanzano@chu.ulg.ac.be,JSON - Excel catalog converter,Exploration SAP,2021-10-13,14:11:00,00:00:05
stefano.crapanzano@chu.ulg.ac.be,JSON - Excel catalog converter,Exploration SAP,2021-10-13,14:11:14,00:00:41
stefano.crapanzano@chu.ulg.ac.be,JSON - Excel catalog converter,Exploration SAP,2021-10-13,14:11:59,00:00:02
stefano.crapanzano@chu.ulg.ac.be,CATALOGUE_ARNUSDIAL.XLSX - Excel,Tâches diverses,2021-10-13,14:12:09,00:00:30
stefano.crapanzano@chu.ulg.ac.be,CATALOGUE_ARNUSDIAL.XLSX - Excel,Tâches diverses,2021-10-13,14:12:43,00:00:44
stefano.crapanzano@chu.ulg.ac.be,CATALOGUE_ARNUSDIAL.XLSX - Excel,Tâches diverses,2021-10-13,14:13:58,00:02:01
stefano.crapanzano@chu.ulg.ac.be,CATALOGUE_ARNUSDIAL.XLSX - Excel,Tâches diverses,2021-10-13,14:27:19,00:00:26
stefano.crapanzano@chu.ulg.ac.be,Helpdesk ATI - Db Hardware Prod - Google Chrome,Tâches diverses,2021-10-13,14:17:31,00:00:02
stefano.crapanzano@chu.ulg.ac.be,Helpdesk ATI - Db Hardware Prod - Google Chrome,Tâches diverses,2021-10-13,14:17:35,00:00:05
stefano.crapanzano@chu.ulg.ac.be,Helpdesk ATI - Db Hardware Prod - Google Chrome,Tâches diverses,2021-10-13,15:19:41,00:00:03
stefano.crapanzano@chu.ulg.ac.be,df-wx-0006 - Netop Remote Control,Helpdesk général,2021-10-13,14:17:49,00:01:16
stefano.crapanzano@chu.ulg.ac.be,df-wx-0006 - Netop Remote Control,Helpdesk général,2021-10-13,14:19:26,00:00:37
stefano.crapanzano@chu.ulg.ac.be,Rédaction : Re: KOFAX problème 12/10/2021 - Thunderbird,Helpdesk général,2021-10-13,14:20:23,00:00:54
stefano.crapanzano@chu.ulg.ac.be,Rédaction : Re: KOFAX problème 12/10/2021 - Thunderbird,Helpdesk général,2021-10-13,14:21:19,00:00:29
stefano.crapanzano@chu.ulg.ac.be,Envoi du message - Re: KOFAX problème 12/10/2021,Helpdesk général,2021-10-13,14:21:50,00:00:02
stefano.crapanzano@chu.ulg.ac.be,Connexion à TE6 et A03 impossible. Problème identique au ticket SDERP-18907 - Xperthis ERP4HC 2.0 Rollout - Service d'assistance - Google Chrome,Tâches diverses,2021-10-13,14:50:20,00:01:58
stefano.crapanzano@chu.ulg.ac.be,Connexion à TE6 et A03 impossible. Problème identique au ticket SDERP-18907 - Xperthis ERP4HC 2.0 Rollout - Service d'assistance - Google Chrome,Tâches diverses,2021-10-13,15:19:21,00:00:04
stefano.crapanzano@chu.ulg.ac.be,Connexion à TE6 et A03 impossible. Problème identique au ticket SDERP-18907 - Xperthis ERP4HC 2.0 Rollout - Service d'assistance - Google Chrome,Tâches diverses,2021-10-13,15:28:04,00:04:24
stefano.crapanzano@chu.ulg.ac.be,C:\Users\c158492\AppData\Local\Temp\ADFormat.csv - Notepad++ [Administrator],IT,2021-10-13,14:52:49,00:00:09
stefano.crapanzano@chu.ulg.ac.be,Enregistrer la pièce jointe,Helpdesk général,2021-10-13,14:53:01,00:00:10
stefano.crapanzano@chu.ulg.ac.be,Enregistrer la pièce jointe,Helpdesk général,2021-10-13,15:09:15,00:00:24
stefano.crapanzano@chu.ulg.ac.be,Enregistrer la pièce jointe,Helpdesk général,2021-10-13,15:15:50,00:00:21
stefano.crapanzano@chu.ulg.ac.be,Enregistrer la pièce jointe,Helpdesk général,2021-10-13,15:16:13,00:00:27
stefano.crapanzano@chu.ulg.ac.be,ADFormat.csv - Excel,Tâches diverses,2021-10-13,14:53:39,00:00:22
stefano.crapanzano@chu.ulg.ac.be,ADFormat.csv - Excel,Tâches diverses,2021-10-13,15:04:11,00:01:47
stefano.crapanzano@chu.ulg.ac.be,ADFormat.csv - Excel,Tâches diverses,2021-10-13,15:08:36,00:00:02
stefano.crapanzano@chu.ulg.ac.be,AD test data.csv - Excel,Tâches diverses,2021-10-13,14:54:05,00:00:42
stefano.crapanzano@chu.ulg.ac.be,AD test data.csv - Excel,Tâches diverses,2021-10-13,14:59:57,00:01:12
stefano.crapanzano@chu.ulg.ac.be,AD test data.csv - Excel,Tâches diverses,2021-10-13,15:03:01,00:00:05
stefano.crapanzano@chu.ulg.ac.be,AD test data.csv - Excel,Tâches diverses,2021-10-13,15:03:14,00:00:13
stefano.crapanzano@chu.ulg.ac.be,ADCHU20210929_02.csv - Excel,Tâches diverses,2021-10-13,15:01:30,00:00:24
stefano.crapanzano@chu.ulg.ac.be,ADCHU20210929_02.csv - Excel,Tâches diverses,2021-10-13,15:02:02,00:00:59
stefano.crapanzano@chu.ulg.ac.be,ADCHU20210929_02.csv - Excel,Tâches diverses,2021-10-13,15:03:06,00:00:08
stefano.crapanzano@chu.ulg.ac.be,ADCHU20210929_02.csv - Excel,Tâches diverses,2021-10-13,15:03:27,00:00:43
stefano.crapanzano@chu.ulg.ac.be,I:\Informatique\ERP\Securite\Utilisateurs\SAPGUI\ADCHU20210915.csv - Notepad++ [Administrator],IT,2021-10-13,15:06:08,00:00:05
stefano.crapanzano@chu.ulg.ac.be,I:\Informatique\ERP\Securite\Utilisateurs\SAPGUI\ADCHU20210908.csv - Notepad++ [Administrator],IT,2021-10-13,15:06:18,00:00:09
stefano.crapanzano@chu.ulg.ac.be,I:\Informatique\ERP\Securite\Utilisateurs\SAPGUI\ADCHU20210906.csv - Notepad++ [Administrator],IT,2021-10-13,15:06:31,00:00:05
stefano.crapanzano@chu.ulg.ac.be,I:\Informatique\ERP\Securite\Utilisateurs\SAPGUI\ADCHU20210722.csv - Notepad++ [Administrator],IT,2021-10-13,15:06:42,00:00:05
stefano.crapanzano@chu.ulg.ac.be,I:\Informatique\ERP\Securite\Utilisateurs\SAPGUI\ADCHU20210628.csv - Notepad++ [Administrator],IT,2021-10-13,15:06:58,00:00:09
stefano.crapanzano@chu.ulg.ac.be,Info licence en cas de connexion multiple,Exploration SAP,2021-10-13,15:09:54,00:00:04
stefano.crapanzano@chu.ulg.ac.be,Sélection de jobs simple,Exploration SAP,2021-10-13,15:10:02,00:00:21
stefano.crapanzano@chu.ulg.ac.be,Sélection de jobs simple,Exploration SAP,2021-10-13,15:10:42,00:00:24
stefano.crapanzano@chu.ulg.ac.be,Sélection de jobs simple,Exploration SAP,2021-10-13,15:11:37,00:00:10
stefano.crapanzano@chu.ulg.ac.be,Sélection de jobs simple,Exploration SAP,2021-10-13,15:15:44,00:00:05
stefano.crapanzano@chu.ulg.ac.be,Synthèse des jobs,Exploration SAP,2021-10-13,15:11:06,00:00:30
stefano.crapanzano@chu.ulg.ac.be,Synthèse des jobs,Exploration SAP,2021-10-13,15:11:48,00:00:14
stefano.crapanzano@chu.ulg.ac.be,Synthèse des jobs,Exploration SAP,2021-10-13,15:12:05,00:00:02
stefano.crapanzano@chu.ulg.ac.be,Synthèse des jobs,Exploration SAP,2021-10-13,15:12:12,00:00:35
stefano.crapanzano@chu.ulg.ac.be,Synthèse des jobs,Exploration SAP,2021-10-13,15:13:11,00:00:40
stefano.crapanzano@chu.ulg.ac.be,Synthèse des jobs,Exploration SAP,2021-10-13,15:14:16,00:00:08
stefano.crapanzano@chu.ulg.ac.be,Synthèse des jobs,Exploration SAP,2021-10-13,15:14:56,00:00:08
stefano.crapanzano@chu.ulg.ac.be,Synthèse des jobs,Exploration SAP,2021-10-13,15:15:19,00:00:25
stefano.crapanzano@chu.ulg.ac.be,Définir critères de filtrage,Exploration SAP,2021-10-13,15:12:03,00:00:02
stefano.crapanzano@chu.ulg.ac.be,Définir critères de filtrage,Exploration SAP,2021-10-13,15:12:08,00:00:04
stefano.crapanzano@chu.ulg.ac.be,Afficher job C203_ZHUL_HL7,Exploration SAP,2021-10-13,15:12:47,00:00:02
stefano.crapanzano@chu.ulg.ac.be,Afficher job C203_ZHUL_HL7,Exploration SAP,2021-10-13,15:13:09,00:00:02
stefano.crapanzano@chu.ulg.ac.be,Protocole du job C203_ZHUL_HL7 / 14002400,Exploration SAP,2021-10-13,15:12:50,00:00:06
stefano.crapanzano@chu.ulg.ac.be,Protocole du job C203_ZHUL_HL7 / 14002400,Exploration SAP,2021-10-13,15:13:02,00:00:06
stefano.crapanzano@chu.ulg.ac.be,Afficher job /UIF/LREP_LOAD_CONSISTENCY_CHECK,Exploration SAP,2021-10-13,15:13:52,00:00:02
stefano.crapanzano@chu.ulg.ac.be,Protocole du job /UIF/LREP_LOAD_CONSISTENCY_CHECK / 14003608,Exploration SAP,2021-10-13,15:13:54,00:00:20
stefano.crapanzano@chu.ulg.ac.be,Afficher job ESH203IX_A03203_696B34B97C379965,Exploration SAP,2021-10-13,15:14:24,00:00:02
stefano.crapanzano@chu.ulg.ac.be,Afficher job ESH203IX_A03203_696B34B97C379965,Exploration SAP,2021-10-13,15:14:51,00:00:02
stefano.crapanzano@chu.ulg.ac.be,Protocole du job ESH203IX_A03203_696B34B97C379965 / 08592200,Exploration SAP,2021-10-13,15:14:27,00:00:24
stefano.crapanzano@chu.ulg.ac.be,Protocole du job R_JR_BTCJOBS_GENERATOR / 1448432W,Exploration SAP,2021-10-13,15:15:06,00:00:12
stefano.crapanzano@chu.ulg.ac.be,Tri des colonnes dans SSP 2.0 - Xperthis ERP4HC 2.0 Rollout - Service d'assistance - Google Chrome,Tâches diverses,2021-10-13,15:27:30,00:00:21
stefano.crapanzano@chu.ulg.ac.be,Réceptionnaire  centre de coût et compte général pas remplis - Xperthis ERP4HC 2.0 Rollout - Service d'assistance - Google Chrome,Tâches diverses,2021-10-13,15:33:00,00:00:19
stefano.crapanzano@chu.ulg.ac.be,Lecture documentation,Tâches diverses,2021-10-13,15:52:49,00:00:14
stefano.crapanzano@chu.ulg.ac.be,Lecture documentation,Tâches diverses,2021-10-13,15:53:42,00:00:06
stefano.crapanzano@chu.ulg.ac.be,Lecture documentation,Tâches diverses,2021-10-13,15:53:34,00:00:08
stefano.crapanzano@chu.ulg.ac.be,Lecture documentation,Tâches diverses,2021-10-13,15:53:49,00:00:02
stefano.crapanzano@chu.ulg.ac.be,Lecture documentation,Tâches diverses,2021-10-13,15:53:53,00:00:13
stefano.crapanzano@chu.ulg.ac.be,Lecture documentation,Tâches diverses,2021-10-13,15:54:20,00:00:02
stefano.crapanzano@chu.ulg.ac.be,Lecture documentation,Tâches diverses,2021-10-13,15:54:40,00:00:02
stefano.crapanzano@chu.ulg.ac.be,Lecture documentation,Tâches diverses,2021-10-13,15:54:47,00:00:02
stefano.crapanzano@chu.ulg.ac.be,Lecture documentation,Tâches diverses,2021-10-13,15:54:50,00:00:02
stefano.crapanzano@chu.ulg.ac.be,Lecture documentation,Tâches diverses,2021-10-13,15:55:05,00:00:02
stefano.crapanzano@chu.ulg.ac.be,Lecture documentation,Tâches diverses,2021-10-13,15:55:11,00:00:02
stefano.crapanzano@chu.ulg.ac.be,Lecture documentation,Tâches diverses,2021-10-13,15:55:25,00:00:02
stefano.crapanzano@chu.ulg.ac.be,Lecture documentation,Tâches diverses,2021-10-13,16:13:33,00:00:02
stefano.crapanzano@chu.ulg.ac.be,Lecture documentation,Tâches diverses,2021-10-13,15:55:51,00:00:02
stefano.crapanzano@chu.ulg.ac.be,Lecture documentation,Tâches diverses,2021-10-13,15:56:11,00:00:12
stefano.crapanzano@chu.ulg.ac.be,Lecture documentation,Tâches diverses,2021-10-13,15:58:58,00:00:14
stefano.crapanzano@chu.ulg.ac.be,Bel RTL • Vos meilleurs moments et 14 pages de plus - Travail – Microsoft​ Edge,Helpdesk général,2021-10-13,16:03:12,00:00:02
stefano.crapanzano@chu.ulg.ac.be,Lecture documentation,Tâches diverses,2021-10-13,15:55:54,00:00:05
stefano.crapanzano@chu.ulg.ac.be,Lecture documentation,Tâches diverses,2021-10-13,15:56:59,00:00:18
stefano.crapanzano@chu.ulg.ac.be,Lecture documentation,Tâches diverses,2021-10-13,15:58:56,00:00:02
stefano.crapanzano@chu.ulg.ac.be,Lecture documentation,Tâches diverses,2021-10-13,15:58:52,00:00:03
stefano.crapanzano@chu.ulg.ac.be,Lecture documentation,Tâches diverses,2021-10-13,15:57:27,00:00:02
stefano.crapanzano@chu.ulg.ac.be,Lecture documentation,Tâches diverses,2021-10-13,15:57:33,00:00:09
stefano.crapanzano@chu.ulg.ac.be,Lecture documentation,Tâches diverses,2021-10-13,15:58:14,00:00:02
stefano.crapanzano@chu.ulg.ac.be,Which Browsers Use the Least memory in 2021? | RouterHosting et 17 pages de plus - Travail – Microsoft​ Edge,IT,2021-10-13,15:58:34,00:00:04
stefano.crapanzano@chu.ulg.ac.be,Lecture documentation,Tâches diverses,2021-10-13,15:58:49,00:00:02
stefano.crapanzano@chu.ulg.ac.be,C:\Users\c158492\ProjetBoulot\PYTHON\automatic_toggl\app_logged.csv - Notepad++ [Administrator],IT,2021-10-13,15:58:26,00:00:02
stefano.crapanzano@chu.ulg.ac.be,Lecture documentation,Tâches diverses,2021-10-13,16:09:29,00:00:02
stefano.crapanzano@chu.ulg.ac.be,*C:\Users\c158492\ProjetBoulot\PYTHON\automatic_toggl\app_logged.csv - Notepad++ [Administrator],IT,2021-10-13,15:58:29,00:00:02
stefano.crapanzano@chu.ulg.ac.be,*C:\Users\c158492\ProjetBoulot\PYTHON\automatic_toggl\app_logged.csv - Notepad++ [Administrator],IT,2021-10-13,15:58:41,00:00:05
stefano.crapanzano@chu.ulg.ac.be,Rédaction : Re: erreur chargement - Thunderbird,Helpdesk général,2021-10-13,16:01:59,00:00:14
stefano.crapanzano@chu.ulg.ac.be,Lecture documentation,Tâches diverses,2021-10-13,16:03:38,00:00:04
stefano.crapanzano@chu.ulg.ac.be,Lecture documentation,Tâches diverses,2021-10-13,16:03:42,00:00:04
stefano.crapanzano@chu.ulg.ac.be,Lecture documentation,Tâches diverses,2021-10-13,16:03:50,00:00:02
stefano.crapanzano@chu.ulg.ac.be,Lecture documentation,Tâches diverses,2021-10-13,16:03:56,00:00:12
stefano.crapanzano@chu.ulg.ac.be,Lecture documentation,Tâches diverses,2021-10-13,16:04:08,00:00:05
stefano.crapanzano@chu.ulg.ac.be,Lecture documentation,Tâches diverses,2021-10-13,16:04:15,00:00:25
stefano.crapanzano@chu.ulg.ac.be,Lecture documentation,Tâches diverses,2021-10-13,16:04:40,00:00:13
stefano.crapanzano@chu.ulg.ac.be,Lecture documentation,Tâches diverses,2021-10-13,16:04:54,00:00:32
stefano.crapanzano@chu.ulg.ac.be,Lecture documentation,Tâches diverses,2021-10-13,16:05:32,00:00:02
stefano.crapanzano@chu.ulg.ac.be,Lecture documentation,Tâches diverses,2021-10-13,16:05:26,00:00:04
stefano.crapanzano@chu.ulg.ac.be,Lecture documentation,Tâches diverses,2021-10-13,16:05:30,00:00:02
stefano.crapanzano@chu.ulg.ac.be,Lecture documentation,Tâches diverses,2021-10-13,16:05:35,00:00:21
stefano.crapanzano@chu.ulg.ac.be,Lecture documentation,Tâches diverses,2021-10-13,16:05:58,00:00:02
stefano.crapanzano@chu.ulg.ac.be,Lecture documentation,Tâches diverses,2021-10-13,16:06:01,00:00:09
stefano.crapanzano@chu.ulg.ac.be,Lecture documentation,Tâches diverses,2021-10-13,16:06:13,00:00:08
stefano.crapanzano@chu.ulg.ac.be,Lecture documentation,Tâches diverses,2021-10-13,16:06:24,00:00:05
stefano.crapanzano@chu.ulg.ac.be,Lecture documentation,Tâches diverses,2021-10-13,16:07:08,00:00:02
stefano.crapanzano@chu.ulg.ac.be,Lecture documentation,Tâches diverses,2021-10-13,16:07:12,00:00:02
stefano.crapanzano@chu.ulg.ac.be,Lecture documentation,Tâches diverses,2021-10-13,16:07:17,00:00:12
stefano.crapanzano@chu.ulg.ac.be,Lecture documentation,Tâches diverses,2021-10-13,16:07:29,00:00:04
stefano.crapanzano@chu.ulg.ac.be,Lecture documentation,Tâches diverses,2021-10-13,16:08:57,00:00:09
stefano.crapanzano@chu.ulg.ac.be,Lecture documentation,Tâches diverses,2021-10-13,16:09:32,00:00:21
stefano.crapanzano@chu.ulg.ac.be,Lecture documentation,Tâches diverses,2021-10-13,16:12:37,00:00:54
stefano.crapanzano@chu.ulg.ac.be,Microsoft Excel,Tâches diverses,2021-10-13,16:08:44,00:00:03
stefano.crapanzano@chu.ulg.ac.be,Supprimer les emplacements du panier,Exploration SAP,2021-10-13,16:10:04,00:00:47
stefano.crapanzano@chu.ulg.ac.be,Supprimer les emplacements du panier,Exploration SAP,2021-10-13,16:10:52,00:00:02
stefano.crapanzano@chu.ulg.ac.be,Supprimer les emplacements du panier,Exploration SAP,2021-10-13,16:11:43,00:00:49
stefano.crapanzano@chu.ulg.ac.be,Supprimer les emplacements du panier,Exploration SAP,2021-10-13,16:32:56,00:00:02
stefano.crapanzano@chu.ulg.ac.be,Rapport historique de paniers,Exploration SAP,2021-10-13,16:11:01,00:00:14
stefano.crapanzano@chu.ulg.ac.be,CCMS : ensembles de moniteurs - Fonctions de gestion désactivées,Exploration SAP,2021-10-13,16:11:28,00:00:02
stefano.crapanzano@chu.ulg.ac.be,Définir l'état final au panier,Exploration SAP,2021-10-13,16:11:34,00:00:08
stefano.crapanzano@chu.ulg.ac.be,Lecture documentation,Tâches diverses,2021-10-13,16:13:37,00:02:57
stefano.crapanzano@chu.ulg.ac.be,Lecture documentation,Tâches diverses,2021-10-13,16:16:54,00:01:01
stefano.crapanzano@chu.ulg.ac.be,Lecture documentation,Tâches diverses,2021-10-13,16:17:56,00:02:22
stefano.crapanzano@chu.ulg.ac.be,Lecture documentation,Tâches diverses,2021-10-13,16:30:30,00:02:21
stefano.crapanzano@chu.ulg.ac.be,Lecture documentation,Tâches diverses,2021-10-13,16:33:02,00:03:27
stefano.crapanzano@chu.ulg.ac.be,Lecture documentation,Tâches diverses,2021-10-13,16:20:19,00:00:16
stefano.crapanzano@chu.ulg.ac.be,Lecture documentation,Tâches diverses,2021-10-13,16:20:44,00:09:46
stefano.crapanzano@chu.ulg.ac.be,Lecture documentation,Tâches diverses,2021-10-13,16:36:29,00:00:04
stefano.crapanzano@chu.ulg.ac.be,Lecture documentation,Tâches diverses,2021-10-13,16:36:33,00:00:13
stefano.crapanzano@chu.ulg.ac.be,La France Insoumise veut une taxe de 10 % sur le commerce en ligne et 10 pages de plus - Travail – Microsoft​ Edge,Helpdesk général,2021-10-13,16:37:28,00:00:06
stefano.crapanzano@chu.ulg.ac.be,Lecture documentation,Tâches diverses,2021-10-13,16:37:38,00:00:02
stefano.crapanzano@chu.ulg.ac.be,GOAL - LABO - Google Chrome,Tâches diverses,2021-10-13,16:38:08,00:00:49
stefano.crapanzano@chu.ulg.ac.be,Page not found at /gestion-utilisateur/admin - Google Chrome,Tâches diverses,2021-10-13,16:38:57,00:00:06
stefano.crapanzano@chu.ulg.ac.be,Administration du site | Site d’administration de Django - Google Chrome,Tâches diverses,2021-10-13,16:39:03,00:00:04
stefano.crapanzano@chu.ulg.ac.be,Administration du site | Site d’administration de Django - Google Chrome,Tâches diverses,2021-10-13,16:40:02,00:00:02
stefano.crapanzano@chu.ulg.ac.be,Sélectionnez l’objet utilisateur à changer | Site d’administration de Django - Google Chrome,Tâches diverses,2021-10-13,16:39:07,00:00:05
stefano.crapanzano@chu.ulg.ac.be,Sélectionnez l’objet utilisateur à changer | Site d’administration de Django - Google Chrome,Tâches diverses,2021-10-13,16:39:20,00:00:08
stefano.crapanzano@chu.ulg.ac.be,Sélectionnez l’objet utilisateur à changer | Site d’administration de Django - Google Chrome,Tâches diverses,2021-10-13,16:39:32,00:00:02
stefano.crapanzano@chu.ulg.ac.be,Sélectionnez l’objet utilisateur à changer | Site d’administration de Django - Google Chrome,Tâches diverses,2021-10-13,16:39:41,00:00:04
stefano.crapanzano@chu.ulg.ac.be,Sélectionnez l’objet utilisateur à changer | Site d’administration de Django - Google Chrome,Tâches diverses,2021-10-13,16:39:49,00:00:12
stefano.crapanzano@chu.ulg.ac.be,Sélectionnez l’objet utilisateur à changer | Site d’administration de Django - Google Chrome,Tâches diverses,2021-10-13,16:40:07,00:00:06
stefano.crapanzano@chu.ulg.ac.be,Modification de utilisateur | Site d’administration de Django - Google Chrome,Tâches diverses,2021-10-13,16:39:13,00:00:06
stefano.crapanzano@chu.ulg.ac.be,Modification de utilisateur | Site d’administration de Django - Google Chrome,Tâches diverses,2021-10-13,16:39:28,00:00:04
stefano.crapanzano@chu.ulg.ac.be,Modification de utilisateur | Site d’administration de Django - Google Chrome,Tâches diverses,2021-10-13,16:39:35,00:00:06
stefano.crapanzano@chu.ulg.ac.be,Modification de utilisateur | Site d’administration de Django - Google Chrome,Tâches diverses,2021-10-13,16:39:45,00:00:04
stefano.crapanzano@chu.ulg.ac.be,Modification de utilisateur | Site d’administration de Django - Google Chrome,Tâches diverses,2021-10-13,16:40:18,00:00:10
