Email,Description,Project,Start date,Start time,Duration
stefano.crapanzano@chu.ulg.ac.be,Administrateur : C:\Windows\system32\cmd.exe - python  main.py,IT,2021-10-11,08:32:23,00:03:02
stefano.crapanzano@chu.ulg.ac.be,Courrier entrant - erp.sai@chuliege.be - Mozilla Thunderbird,Helpdesk général,2021-10-11,08:35:26,00:00:51
stefano.crapanzano@chu.ulg.ac.be,Courrier entrant - erp.sai@chuliege.be - Mozilla Thunderbird,Helpdesk général,2021-10-11,08:36:50,00:00:20
stefano.crapanzano@chu.ulg.ac.be,Courrier entrant - erp.sai@chuliege.be - Mozilla Thunderbird,Helpdesk général,2021-10-11,08:40:37,00:00:33
stefano.crapanzano@chu.ulg.ac.be,Courrier entrant - erp.sai@chuliege.be - Mozilla Thunderbird,Helpdesk général,2021-10-11,08:42:05,00:00:27
stefano.crapanzano@chu.ulg.ac.be,Courrier entrant - erp.sai@chuliege.be - Mozilla Thunderbird,Tâches diverses,2021-10-11,08:44:44,00:01:09
stefano.crapanzano@chu.ulg.ac.be,Courrier entrant - erp.sai@chuliege.be - Mozilla Thunderbird,Helpdesk général,2021-10-11,08:51:55,00:00:04
stefano.crapanzano@chu.ulg.ac.be,Courrier entrant - erp.sai@chuliege.be - Mozilla Thunderbird,Helpdesk général,2021-10-11,09:01:27,00:00:32
stefano.crapanzano@chu.ulg.ac.be,Courrier entrant - erp.sai@chuliege.be - Mozilla Thunderbird,Helpdesk général,2021-10-11,09:04:25,00:00:09
stefano.crapanzano@chu.ulg.ac.be,Courrier entrant - erp.sai@chuliege.be - Mozilla Thunderbird,Helpdesk général,2021-10-11,09:09:19,00:01:01
stefano.crapanzano@chu.ulg.ac.be,Courrier entrant - erp.sai@chuliege.be - Mozilla Thunderbird,Helpdesk général,2021-10-11,09:12:03,00:00:24
stefano.crapanzano@chu.ulg.ac.be,Courrier entrant - erp.sai@chuliege.be - Mozilla Thunderbird,Helpdesk général,2021-10-11,09:12:35,00:00:09
stefano.crapanzano@chu.ulg.ac.be,Courrier entrant - erp.sai@chuliege.be - Mozilla Thunderbird,Helpdesk général,2021-10-11,09:13:03,00:00:44
stefano.crapanzano@chu.ulg.ac.be,Courrier entrant - erp.sai@chuliege.be - Mozilla Thunderbird,Helpdesk général,2021-10-11,09:17:16,00:00:05
stefano.crapanzano@chu.ulg.ac.be,Courrier entrant - erp.sai@chuliege.be - Mozilla Thunderbird,Tâches diverses,2021-10-11,09:17:24,00:00:02
stefano.crapanzano@chu.ulg.ac.be,Courrier entrant - erp.sai@chuliege.be - Mozilla Thunderbird,Helpdesk général,2021-10-11,09:20:15,00:00:16
stefano.crapanzano@chu.ulg.ac.be,Courrier entrant - erp.sai@chuliege.be - Mozilla Thunderbird,Helpdesk général,2021-10-11,09:20:55,00:00:28
stefano.crapanzano@chu.ulg.ac.be,Courrier entrant - erp.sai@chuliege.be - Mozilla Thunderbird,Helpdesk général,2021-10-11,09:21:41,00:00:02
stefano.crapanzano@chu.ulg.ac.be,Courrier entrant - erp.sai@chuliege.be - Mozilla Thunderbird,Helpdesk général,2021-10-11,09:24:36,00:01:26
stefano.crapanzano@chu.ulg.ac.be,Courrier entrant - erp.sai@chuliege.be - Mozilla Thunderbird,IT,2021-10-11,09:32:53,00:24:50
stefano.crapanzano@chu.ulg.ac.be,Courrier entrant - erp.sai@chuliege.be - Mozilla Thunderbird,Helpdesk général,2021-10-11,10:06:50,00:00:02
stefano.crapanzano@chu.ulg.ac.be,Courrier entrant - erp.sai@chuliege.be - Mozilla Thunderbird,Helpdesk général,2021-10-11,10:20:01,00:00:06
stefano.crapanzano@chu.ulg.ac.be,Courrier entrant - erp.sai@chuliege.be - Mozilla Thunderbird,Helpdesk général,2021-10-11,10:20:58,00:18:26
stefano.crapanzano@chu.ulg.ac.be,Courrier entrant - erp.sai@chuliege.be - Mozilla Thunderbird,Helpdesk général,2021-10-11,10:39:56,00:00:15
stefano.crapanzano@chu.ulg.ac.be,Courrier entrant - erp.sai@chuliege.be - Mozilla Thunderbird,Helpdesk général,2021-10-11,10:48:18,00:00:02
stefano.crapanzano@chu.ulg.ac.be,Courrier entrant - erp.sai@chuliege.be - Mozilla Thunderbird,Helpdesk général,2021-10-11,10:48:29,00:00:19
stefano.crapanzano@chu.ulg.ac.be,Courrier entrant - erp.sai@chuliege.be - Mozilla Thunderbird,Helpdesk général,2021-10-11,11:05:24,00:06:32
stefano.crapanzano@chu.ulg.ac.be,Courrier entrant - erp.sai@chuliege.be - Mozilla Thunderbird,Helpdesk général,2021-10-11,11:12:47,00:00:05
stefano.crapanzano@chu.ulg.ac.be,Courrier entrant - erp.sai@chuliege.be - Mozilla Thunderbird,Helpdesk général,2021-10-11,11:13:32,00:00:05
stefano.crapanzano@chu.ulg.ac.be,Courrier entrant - erp.sai@chuliege.be - Mozilla Thunderbird,Helpdesk général,2021-10-11,11:16:38,00:00:04
stefano.crapanzano@chu.ulg.ac.be,Courrier entrant - erp.sai@chuliege.be - Mozilla Thunderbird,Helpdesk général,2021-10-11,11:20:03,00:05:43
stefano.crapanzano@chu.ulg.ac.be,Courrier entrant - erp.sai@chuliege.be - Mozilla Thunderbird,Helpdesk général,2021-10-11,11:27:18,00:00:02
stefano.crapanzano@chu.ulg.ac.be,Courrier entrant - erp.sai@chuliege.be - Mozilla Thunderbird,Helpdesk général,2021-10-11,11:30:33,00:19:57
stefano.crapanzano@chu.ulg.ac.be,Courrier entrant - erp.sai@chuliege.be - Mozilla Thunderbird,Helpdesk général,2021-10-11,11:59:58,00:00:12
stefano.crapanzano@chu.ulg.ac.be,Courrier entrant - erp.sai@chuliege.be - Mozilla Thunderbird,Helpdesk général,2021-10-11,12:00:50,00:46:04
stefano.crapanzano@chu.ulg.ac.be,Courrier entrant - erp.sai@chuliege.be - Mozilla Thunderbird,Helpdesk général,2021-10-11,12:50:39,00:00:33
stefano.crapanzano@chu.ulg.ac.be,Courrier entrant - erp.sai@chuliege.be - Mozilla Thunderbird,Helpdesk général,2021-10-11,12:59:53,00:00:02
stefano.crapanzano@chu.ulg.ac.be,Courrier entrant - erp.sai@chuliege.be - Mozilla Thunderbird,IT,2021-10-11,13:00:18,01:11:31
stefano.crapanzano@chu.ulg.ac.be,Courrier entrant - erp.sai@chuliege.be - Mozilla Thunderbird,Helpdesk général,2021-10-11,14:12:17,00:00:04
stefano.crapanzano@chu.ulg.ac.be,Courrier entrant - erp.sai@chuliege.be - Mozilla Thunderbird,Helpdesk général,2021-10-11,14:21:59,00:00:02
stefano.crapanzano@chu.ulg.ac.be,Courrier entrant - erp.sai@chuliege.be - Mozilla Thunderbird,Helpdesk général,2021-10-11,14:22:46,00:00:05
stefano.crapanzano@chu.ulg.ac.be,Courrier entrant - erp.sai@chuliege.be - Mozilla Thunderbird,Helpdesk général,2021-10-11,14:23:07,00:00:05
stefano.crapanzano@chu.ulg.ac.be,Courrier entrant - erp.sai@chuliege.be - Mozilla Thunderbird,Helpdesk général,2021-10-11,14:35:08,00:00:07
stefano.crapanzano@chu.ulg.ac.be,Courrier entrant - erp.sai@chuliege.be - Mozilla Thunderbird,Helpdesk général,2021-10-11,14:38:18,00:07:17
stefano.crapanzano@chu.ulg.ac.be,Courrier entrant - erp.sai@chuliege.be - Mozilla Thunderbird,Helpdesk général,2021-10-11,14:48:05,00:02:02
stefano.crapanzano@chu.ulg.ac.be,Courrier entrant - erp.sai@chuliege.be - Mozilla Thunderbird,Helpdesk général,2021-10-11,14:50:11,00:00:03
stefano.crapanzano@chu.ulg.ac.be,Courrier entrant - erp.sai@chuliege.be - Mozilla Thunderbird,Helpdesk général,2021-10-11,14:50:26,00:48:54
stefano.crapanzano@chu.ulg.ac.be,Courrier entrant - erp.sai@chuliege.be - Mozilla Thunderbird,Helpdesk général,2021-10-11,15:39:27,00:01:01
stefano.crapanzano@chu.ulg.ac.be,Courrier entrant - erp.sai@chuliege.be - Mozilla Thunderbird,Tâches diverses,2021-10-11,15:44:19,00:00:02
stefano.crapanzano@chu.ulg.ac.be,Courrier entrant - erp.sai@chuliege.be - Mozilla Thunderbird,Helpdesk général,2021-10-11,15:44:25,00:19:44
stefano.crapanzano@chu.ulg.ac.be,Courrier entrant - erp.sai@chuliege.be - Mozilla Thunderbird,Helpdesk général,2021-10-11,16:13:29,00:00:02
stefano.crapanzano@chu.ulg.ac.be,Courrier entrant - erp.sai@chuliege.be - Mozilla Thunderbird,Helpdesk général,2021-10-11,16:15:23,00:00:35
stefano.crapanzano@chu.ulg.ac.be,Courrier entrant - erp.sai@chuliege.be - Mozilla Thunderbird,Helpdesk général,2021-10-11,16:45:36,00:05:09
stefano.crapanzano@chu.ulg.ac.be,Courrier entrant - erp.sai@chuliege.be - Mozilla Thunderbird,Helpdesk général,2021-10-11,17:01:27,00:05:42
stefano.crapanzano@chu.ulg.ac.be,Courrier entrant - erp.sai@chuliege.be - Mozilla Thunderbird,Helpdesk général,2021-10-11,17:16:30,00:00:03
stefano.crapanzano@chu.ulg.ac.be,Courrier entrant - erp.sai@chuliege.be - Mozilla Thunderbird,Helpdesk général,2021-10-11,17:16:37,00:00:14
stefano.crapanzano@chu.ulg.ac.be,Courrier entrant - erp.sai@chuliege.be - Mozilla Thunderbird,Helpdesk général,2021-10-11,17:17:04,00:00:02
stefano.crapanzano@chu.ulg.ac.be,Courrier entrant - erp.sai@chuliege.be - Mozilla Thunderbird,Tâches diverses,2021-10-11,17:26:48,00:00:08
stefano.crapanzano@chu.ulg.ac.be,SAP Logon 760,Helpdesk général,2021-10-11,08:36:18,00:00:02
stefano.crapanzano@chu.ulg.ac.be,SAP Logon 760,Exploration SAP,2021-10-11,08:36:33,00:00:17
stefano.crapanzano@chu.ulg.ac.be,SAP Logon 760,Exploration SAP,2021-10-11,08:47:10,00:00:02
stefano.crapanzano@chu.ulg.ac.be,SAP Logon 760,Exploration SAP,2021-10-11,17:18:21,00:00:02
stefano.crapanzano@chu.ulg.ac.be,Sapgui Splash Screen,Exploration SAP,2021-10-11,08:36:21,00:00:10
stefano.crapanzano@chu.ulg.ac.be,Sapgui Splash Screen,Exploration SAP,2021-10-11,08:53:20,00:00:02
stefano.crapanzano@chu.ulg.ac.be,SAP GUI for Windows 760,Exploration SAP,2021-10-11,11:58:42,00:01:15
stefano.crapanzano@chu.ulg.ac.be,Courrier entrant - stefano.crapanzano@chuliege.be - Mozilla Thunderbird,Helpdesk général,2021-10-11,08:37:11,00:03:25
stefano.crapanzano@chu.ulg.ac.be,Courrier entrant - stefano.crapanzano@chuliege.be - Mozilla Thunderbird,Helpdesk général,2021-10-11,08:41:11,00:00:54
stefano.crapanzano@chu.ulg.ac.be,Courrier entrant - stefano.crapanzano@chuliege.be - Mozilla Thunderbird,Helpdesk général,2021-10-11,09:11:17,00:00:45
stefano.crapanzano@chu.ulg.ac.be,Courrier entrant - stefano.crapanzano@chuliege.be - Mozilla Thunderbird,Helpdesk général,2021-10-11,09:13:00,00:00:02
stefano.crapanzano@chu.ulg.ac.be,Courrier entrant - stefano.crapanzano@chuliege.be - Mozilla Thunderbird,Helpdesk général,2021-10-11,09:13:47,00:00:51
stefano.crapanzano@chu.ulg.ac.be,Courrier entrant - stefano.crapanzano@chuliege.be - Mozilla Thunderbird,Helpdesk général,2021-10-11,09:17:09,00:00:06
stefano.crapanzano@chu.ulg.ac.be,Courrier entrant - stefano.crapanzano@chuliege.be - Mozilla Thunderbird,Helpdesk général,2021-10-11,10:39:24,00:00:31
stefano.crapanzano@chu.ulg.ac.be,Courrier entrant - stefano.crapanzano@chuliege.be - Mozilla Thunderbird,Helpdesk général,2021-10-11,10:42:52,00:01:46
stefano.crapanzano@chu.ulg.ac.be,Courrier entrant - stefano.crapanzano@chuliege.be - Mozilla Thunderbird,Helpdesk général,2021-10-11,10:47:08,00:00:04
stefano.crapanzano@chu.ulg.ac.be,Courrier entrant - stefano.crapanzano@chuliege.be - Mozilla Thunderbird,Helpdesk général,2021-10-11,10:48:21,00:00:08
stefano.crapanzano@chu.ulg.ac.be,Courrier entrant - stefano.crapanzano@chuliege.be - Mozilla Thunderbird,Helpdesk général,2021-10-11,10:48:48,00:02:16
stefano.crapanzano@chu.ulg.ac.be,Courrier entrant - stefano.crapanzano@chuliege.be - Mozilla Thunderbird,Helpdesk général,2021-10-11,11:27:21,00:00:04
stefano.crapanzano@chu.ulg.ac.be,Courrier entrant - stefano.crapanzano@chuliege.be - Mozilla Thunderbird,Helpdesk général,2021-10-11,11:30:26,00:00:06
stefano.crapanzano@chu.ulg.ac.be,Courrier entrant - stefano.crapanzano@chuliege.be - Mozilla Thunderbird,Helpdesk général,2021-10-11,12:00:11,00:00:39
stefano.crapanzano@chu.ulg.ac.be,Courrier entrant - stefano.crapanzano@chuliege.be - Mozilla Thunderbird,Helpdesk général,2021-10-11,12:46:57,00:00:02
stefano.crapanzano@chu.ulg.ac.be,Courrier entrant - stefano.crapanzano@chuliege.be - Mozilla Thunderbird,Helpdesk général,2021-10-11,12:48:18,00:00:04
stefano.crapanzano@chu.ulg.ac.be,Courrier entrant - stefano.crapanzano@chuliege.be - Mozilla Thunderbird,Helpdesk général,2021-10-11,12:48:29,00:00:04
stefano.crapanzano@chu.ulg.ac.be,Courrier entrant - stefano.crapanzano@chuliege.be - Mozilla Thunderbird,Helpdesk général,2021-10-11,12:50:36,00:00:02
stefano.crapanzano@chu.ulg.ac.be,Courrier entrant - stefano.crapanzano@chuliege.be - Mozilla Thunderbird,Helpdesk général,2021-10-11,14:50:08,00:00:02
stefano.crapanzano@chu.ulg.ac.be,Courrier entrant - stefano.crapanzano@chuliege.be - Mozilla Thunderbird,Helpdesk général,2021-10-11,15:39:21,00:00:05
stefano.crapanzano@chu.ulg.ac.be,Courrier entrant - stefano.crapanzano@chuliege.be - Mozilla Thunderbird,Helpdesk général,2021-10-11,15:44:22,00:00:02
stefano.crapanzano@chu.ulg.ac.be,Courrier entrant - stefano.crapanzano@chuliege.be - Mozilla Thunderbird,Helpdesk général,2021-10-11,16:50:46,00:00:09
stefano.crapanzano@chu.ulg.ac.be,Courrier entrant - stefano.crapanzano@chuliege.be - Mozilla Thunderbird,Helpdesk général,2021-10-11,16:55:18,00:00:02
stefano.crapanzano@chu.ulg.ac.be,Courrier entrant - stefano.crapanzano@chuliege.be - Mozilla Thunderbird,Helpdesk général,2021-10-11,16:57:24,00:00:08
stefano.crapanzano@chu.ulg.ac.be,Courrier entrant - stefano.crapanzano@chuliege.be - Mozilla Thunderbird,Helpdesk général,2021-10-11,17:00:05,00:00:05
stefano.crapanzano@chu.ulg.ac.be,Courrier entrant - stefano.crapanzano@chuliege.be - Mozilla Thunderbird,Helpdesk général,2021-10-11,17:26:56,00:00:02
stefano.crapanzano@chu.ulg.ac.be,Demandes - Service d'assistance - Google Chrome,Tâches diverses,2021-10-11,08:42:32,00:00:13
stefano.crapanzano@chu.ulg.ac.be,Demandes - Service d'assistance - Google Chrome,Tâches diverses,2021-10-11,09:26:07,00:00:09
stefano.crapanzano@chu.ulg.ac.be,Demandes - Service d'assistance - Google Chrome,Tâches diverses,2021-10-11,09:26:57,00:00:46
stefano.crapanzano@chu.ulg.ac.be,Demandes - Service d'assistance - Google Chrome,Tâches diverses,2021-10-11,09:31:44,00:00:05
stefano.crapanzano@chu.ulg.ac.be,Demandes - Service d'assistance - Google Chrome,Tâches diverses,2021-10-11,10:20:25,00:00:04
stefano.crapanzano@chu.ulg.ac.be,Demandes - Service d'assistance - Google Chrome,Tâches diverses,2021-10-11,10:20:34,00:00:22
stefano.crapanzano@chu.ulg.ac.be,Demandes - Service d'assistance - Google Chrome,Tâches diverses,2021-10-11,10:47:14,00:01:03
stefano.crapanzano@chu.ulg.ac.be,Demandes - Service d'assistance - Google Chrome,Tâches diverses,2021-10-11,10:51:05,00:00:02
stefano.crapanzano@chu.ulg.ac.be,Demandes - Service d'assistance - Google Chrome,Tâches diverses,2021-10-11,10:51:16,00:00:04
stefano.crapanzano@chu.ulg.ac.be,Demandes - Service d'assistance - Google Chrome,Tâches diverses,2021-10-11,11:15:26,00:00:05
stefano.crapanzano@chu.ulg.ac.be,Demandes - Service d'assistance - Google Chrome,Tâches diverses,2021-10-11,11:26:52,00:00:10
stefano.crapanzano@chu.ulg.ac.be,Demandes - Service d'assistance - Google Chrome,Tâches diverses,2021-10-11,11:27:06,00:00:04
stefano.crapanzano@chu.ulg.ac.be,Demandes - Service d'assistance - Google Chrome,Tâches diverses,2021-10-11,11:27:14,00:00:03
stefano.crapanzano@chu.ulg.ac.be,Demandes - Service d'assistance - Google Chrome,Helpdesk général,2021-10-11,11:27:25,00:00:02
stefano.crapanzano@chu.ulg.ac.be,Demandes - Service d'assistance - Google Chrome,Tâches diverses,2021-10-11,11:27:33,00:00:02
stefano.crapanzano@chu.ulg.ac.be,Demandes - Service d'assistance - Google Chrome,Tâches diverses,2021-10-11,11:27:45,00:02:40
stefano.crapanzano@chu.ulg.ac.be,Demandes - Service d'assistance - Google Chrome,Tâches diverses,2021-10-11,11:50:31,00:00:09
stefano.crapanzano@chu.ulg.ac.be,Demandes - Service d'assistance - Google Chrome,Tâches diverses,2021-10-11,11:50:47,00:07:54
stefano.crapanzano@chu.ulg.ac.be,Demandes - Service d'assistance - Google Chrome,Helpdesk général,2021-10-11,12:46:59,00:00:10
stefano.crapanzano@chu.ulg.ac.be,Demandes - Service d'assistance - Google Chrome,Tâches diverses,2021-10-11,12:47:14,00:00:05
stefano.crapanzano@chu.ulg.ac.be,Demandes - Service d'assistance - Google Chrome,Tâches diverses,2021-10-11,12:48:07,00:00:10
stefano.crapanzano@chu.ulg.ac.be,Demandes - Service d'assistance - Google Chrome,Helpdesk général,2021-10-11,12:48:33,00:00:02
stefano.crapanzano@chu.ulg.ac.be,Demandes - Service d'assistance - Google Chrome,Tâches diverses,2021-10-11,12:48:46,00:01:47
stefano.crapanzano@chu.ulg.ac.be,Demandes - Service d'assistance - Google Chrome,Tâches diverses,2021-10-11,12:51:21,00:08:32
stefano.crapanzano@chu.ulg.ac.be,Demandes - Service d'assistance - Google Chrome,Helpdesk général,2021-10-11,14:13:33,00:00:02
stefano.crapanzano@chu.ulg.ac.be,Demandes - Service d'assistance - Google Chrome,Tâches diverses,2021-10-11,14:15:53,00:00:02
stefano.crapanzano@chu.ulg.ac.be,Demandes - Service d'assistance - Google Chrome,Tâches diverses,2021-10-11,14:31:55,00:00:19
stefano.crapanzano@chu.ulg.ac.be,Demandes - Service d'assistance - Google Chrome,Helpdesk général,2021-10-11,14:32:17,00:00:05
stefano.crapanzano@chu.ulg.ac.be,Demandes - Service d'assistance - Google Chrome,Tâches diverses,2021-10-11,14:46:06,00:00:13
stefano.crapanzano@chu.ulg.ac.be,Demandes - Service d'assistance - Google Chrome,Tâches diverses,2021-10-11,14:46:41,00:00:12
stefano.crapanzano@chu.ulg.ac.be,Demandes - Service d'assistance - Google Chrome,Tâches diverses,2021-10-11,14:50:22,00:00:04
stefano.crapanzano@chu.ulg.ac.be,Demandes - Service d'assistance - Google Chrome,Tâches diverses,2021-10-11,15:42:54,00:00:05
stefano.crapanzano@chu.ulg.ac.be,Demandes - Service d'assistance - Google Chrome,Tâches diverses,2021-10-11,15:44:03,00:00:16
stefano.crapanzano@chu.ulg.ac.be,Demandes - Service d'assistance - Google Chrome,Tâches diverses,2021-10-11,16:06:35,00:00:05
stefano.crapanzano@chu.ulg.ac.be,Demandes - Service d'assistance - Google Chrome,Tâches diverses,2021-10-11,16:06:49,00:00:08
stefano.crapanzano@chu.ulg.ac.be,Demandes - Service d'assistance - Google Chrome,Tâches diverses,2021-10-11,17:07:12,00:00:02
stefano.crapanzano@chu.ulg.ac.be,Demandes - Service d'assistance - Google Chrome,Tâches diverses,2021-10-11,17:08:05,00:00:04
stefano.crapanzano@chu.ulg.ac.be,Demandes - Service d'assistance - Google Chrome,Tâches diverses,2021-10-11,17:08:16,00:00:04
stefano.crapanzano@chu.ulg.ac.be,Demandes - Service d'assistance - Google Chrome,Tâches diverses,2021-10-11,17:12:53,00:00:02
stefano.crapanzano@chu.ulg.ac.be,Demandes - Service d'assistance - Google Chrome,Tâches diverses,2021-10-11,17:13:48,00:00:02
stefano.crapanzano@chu.ulg.ac.be,Demandes - Service d'assistance - Google Chrome,Tâches diverses,2021-10-11,17:26:32,00:00:10
stefano.crapanzano@chu.ulg.ac.be,Connexion à TE6 et A03 impossible. Problème identique au ticket SDERP-18907 - Xperthis ERP4HC 2.0 Rollout - Service d'assistance - Google Chrome,Tâches diverses,2021-10-11,08:42:46,00:01:17
stefano.crapanzano@chu.ulg.ac.be,Connexion à TE6 et A03 impossible. Problème identique au ticket SDERP-18907 - Xperthis ERP4HC 2.0 Rollout - Service d'assistance - Google Chrome,Tâches diverses,2021-10-11,08:45:53,00:00:04
stefano.crapanzano@chu.ulg.ac.be,Connexion à TE6 et A03 impossible. Problème identique au ticket SDERP-18907 - Xperthis ERP4HC 2.0 Rollout - Service d'assistance - Google Chrome,Tâches diverses,2021-10-11,09:02:01,00:01:50
stefano.crapanzano@chu.ulg.ac.be,Connexion à TE6 et A03 impossible. Problème identique au ticket SDERP-18907 - Xperthis ERP4HC 2.0 Rollout - Service d'assistance - Google Chrome,Tâches diverses,2021-10-11,09:08:31,00:00:46
stefano.crapanzano@chu.ulg.ac.be,Connexion à TE6 et A03 impossible. Problème identique au ticket SDERP-18907 - Xperthis ERP4HC 2.0 Rollout - Service d'assistance - Google Chrome,Tâches diverses,2021-10-11,09:17:21,00:00:02
stefano.crapanzano@chu.ulg.ac.be,Connexion à TE6 et A03 impossible. Problème identique au ticket SDERP-18907 - Xperthis ERP4HC 2.0 Rollout - Service d'assistance - Google Chrome,Tâches diverses,2021-10-11,09:30:07,00:01:37
stefano.crapanzano@chu.ulg.ac.be,Connexion à TE6 et A03 impossible. Problème identique au ticket SDERP-18907 - Xperthis ERP4HC 2.0 Rollout - Service d'assistance - Google Chrome,Tâches diverses,2021-10-11,10:51:20,00:13:59
stefano.crapanzano@chu.ulg.ac.be,Connexion à TE6 et A03 impossible. Problème identique au ticket SDERP-18907 - Xperthis ERP4HC 2.0 Rollout - Service d'assistance - Google Chrome,Tâches diverses,2021-10-11,11:12:27,00:00:02
stefano.crapanzano@chu.ulg.ac.be,Connexion à TE6 et A03 impossible. Problème identique au ticket SDERP-18907 - Xperthis ERP4HC 2.0 Rollout - Service d'assistance - Google Chrome,Tâches diverses,2021-10-11,11:12:39,00:00:02
stefano.crapanzano@chu.ulg.ac.be,Connexion à TE6 et A03 impossible. Problème identique au ticket SDERP-18907 - Xperthis ERP4HC 2.0 Rollout - Service d'assistance - Google Chrome,Tâches diverses,2021-10-11,11:12:45,00:00:02
stefano.crapanzano@chu.ulg.ac.be,Connexion à TE6 et A03 impossible. Problème identique au ticket SDERP-18907 - Xperthis ERP4HC 2.0 Rollout - Service d'assistance - Google Chrome,Tâches diverses,2021-10-11,11:12:54,00:00:04
stefano.crapanzano@chu.ulg.ac.be,Connexion à TE6 et A03 impossible. Problème identique au ticket SDERP-18907 - Xperthis ERP4HC 2.0 Rollout - Service d'assistance - Google Chrome,Tâches diverses,2021-10-11,11:13:06,00:00:25
stefano.crapanzano@chu.ulg.ac.be,Connexion à TE6 et A03 impossible. Problème identique au ticket SDERP-18907 - Xperthis ERP4HC 2.0 Rollout - Service d'assistance - Google Chrome,Tâches diverses,2021-10-11,11:15:32,00:00:39
stefano.crapanzano@chu.ulg.ac.be,Connexion à TE6 et A03 impossible. Problème identique au ticket SDERP-18907 - Xperthis ERP4HC 2.0 Rollout - Service d'assistance - Google Chrome,Tâches diverses,2021-10-11,11:16:21,00:00:14
stefano.crapanzano@chu.ulg.ac.be,Connexion à TE6 et A03 impossible. Problème identique au ticket SDERP-18907 - Xperthis ERP4HC 2.0 Rollout - Service d'assistance - Google Chrome,Tâches diverses,2021-10-11,11:16:53,00:00:02
stefano.crapanzano@chu.ulg.ac.be,Connexion à TE6 et A03 impossible. Problème identique au ticket SDERP-18907 - Xperthis ERP4HC 2.0 Rollout - Service d'assistance - Google Chrome,Tâches diverses,2021-10-11,11:19:52,00:00:09
stefano.crapanzano@chu.ulg.ac.be,Connexion à TE6 et A03 impossible. Problème identique au ticket SDERP-18907 - Xperthis ERP4HC 2.0 Rollout - Service d'assistance - Google Chrome,Tâches diverses,2021-10-11,11:25:47,00:00:04
stefano.crapanzano@chu.ulg.ac.be,Connexion à TE6 et A03 impossible. Problème identique au ticket SDERP-18907 - Xperthis ERP4HC 2.0 Rollout - Service d'assistance - Google Chrome,Tâches diverses,2021-10-11,11:25:58,00:00:09
stefano.crapanzano@chu.ulg.ac.be,Connexion à TE6 et A03 impossible. Problème identique au ticket SDERP-18907 - Xperthis ERP4HC 2.0 Rollout - Service d'assistance - Google Chrome,Tâches diverses,2021-10-11,11:26:44,00:00:07
stefano.crapanzano@chu.ulg.ac.be,Connexion à TE6 et A03 impossible. Problème identique au ticket SDERP-18907 - Xperthis ERP4HC 2.0 Rollout - Service d'assistance - Google Chrome,Tâches diverses,2021-10-11,11:27:29,00:00:02
stefano.crapanzano@chu.ulg.ac.be,Connexion à TE6 et A03 impossible. Problème identique au ticket SDERP-18907 - Xperthis ERP4HC 2.0 Rollout - Service d'assistance - Google Chrome,Tâches diverses,2021-10-11,14:15:56,00:00:45
stefano.crapanzano@chu.ulg.ac.be,Connexion à TE6 et A03 impossible. Problème identique au ticket SDERP-18907 - Xperthis ERP4HC 2.0 Rollout - Service d'assistance - Google Chrome,IT,2021-10-11,14:16:47,00:00:33
stefano.crapanzano@chu.ulg.ac.be,Connexion à TE6 et A03 impossible. Problème identique au ticket SDERP-18907 - Xperthis ERP4HC 2.0 Rollout - Service d'assistance - Google Chrome,Tâches diverses,2021-10-11,14:28:53,00:00:04
stefano.crapanzano@chu.ulg.ac.be,Connexion à TE6 et A03 impossible. Problème identique au ticket SDERP-18907 - Xperthis ERP4HC 2.0 Rollout - Service d'assistance - Google Chrome,Tâches diverses,2021-10-11,14:29:51,00:00:02
stefano.crapanzano@chu.ulg.ac.be,Connexion à TE6 et A03 impossible. Problème identique au ticket SDERP-18907 - Xperthis ERP4HC 2.0 Rollout - Service d'assistance - Google Chrome,Tâches diverses,2021-10-11,14:30:04,00:01:10
stefano.crapanzano@chu.ulg.ac.be,Connexion à TE6 et A03 impossible. Problème identique au ticket SDERP-18907 - Xperthis ERP4HC 2.0 Rollout - Service d'assistance - Google Chrome,Tâches diverses,2021-10-11,14:33:02,00:00:08
stefano.crapanzano@chu.ulg.ac.be,Connexion à TE6 et A03 impossible. Problème identique au ticket SDERP-18907 - Xperthis ERP4HC 2.0 Rollout - Service d'assistance - Google Chrome,Tâches diverses,2021-10-11,14:34:19,00:00:05
stefano.crapanzano@chu.ulg.ac.be,Connexion à TE6 et A03 impossible. Problème identique au ticket SDERP-18907 - Xperthis ERP4HC 2.0 Rollout - Service d'assistance - Google Chrome,Tâches diverses,2021-10-11,14:34:37,00:00:26
stefano.crapanzano@chu.ulg.ac.be,Connexion à TE6 et A03 impossible. Problème identique au ticket SDERP-18907 - Xperthis ERP4HC 2.0 Rollout - Service d'assistance - Google Chrome,Tâches diverses,2021-10-11,14:35:58,00:02:15
stefano.crapanzano@chu.ulg.ac.be,Connexion à TE6 et A03 impossible. Problème identique au ticket SDERP-18907 - Xperthis ERP4HC 2.0 Rollout - Service d'assistance - Google Chrome,Tâches diverses,2021-10-11,14:38:15,00:00:02
stefano.crapanzano@chu.ulg.ac.be,Connexion à TE6 et A03 impossible. Problème identique au ticket SDERP-18907 - Xperthis ERP4HC 2.0 Rollout - Service d'assistance - Google Chrome,Tâches diverses,2021-10-11,14:45:35,00:00:31
stefano.crapanzano@chu.ulg.ac.be,Connexion à TE6 et A03 impossible. Problème identique au ticket SDERP-18907 - Xperthis ERP4HC 2.0 Rollout - Service d'assistance - Google Chrome,Tâches diverses,2021-10-11,14:46:54,00:01:11
stefano.crapanzano@chu.ulg.ac.be,Connexion à TE6 et A03 impossible. Problème identique au ticket SDERP-18907 - Xperthis ERP4HC 2.0 Rollout - Service d'assistance - Google Chrome,Tâches diverses,2021-10-11,14:50:15,00:00:02
stefano.crapanzano@chu.ulg.ac.be,Connexion à TE6 et A03 impossible. Problème identique au ticket SDERP-18907 - Xperthis ERP4HC 2.0 Rollout - Service d'assistance - Google Chrome,Tâches diverses,2021-10-11,15:42:59,00:01:04
stefano.crapanzano@chu.ulg.ac.be,Connexion à TE6 et A03 impossible. Problème identique au ticket SDERP-18907 - Xperthis ERP4HC 2.0 Rollout - Service d'assistance - Google Chrome,Tâches diverses,2021-10-11,16:06:31,00:00:04
stefano.crapanzano@chu.ulg.ac.be,Navigation système de fichier,IT,2021-10-11,08:44:03,00:00:40
stefano.crapanzano@chu.ulg.ac.be,Navigation système de fichier,IT,2021-10-11,08:47:32,00:00:02
stefano.crapanzano@chu.ulg.ac.be,Navigation système de fichier,IT,2021-10-11,08:48:48,00:00:02
stefano.crapanzano@chu.ulg.ac.be,Navigation système de fichier,IT,2021-10-11,08:49:31,00:00:02
stefano.crapanzano@chu.ulg.ac.be,Navigation système de fichier,IT,2021-10-11,08:50:25,00:00:02
stefano.crapanzano@chu.ulg.ac.be,Navigation système de fichier,IT,2021-10-11,08:51:50,00:00:05
stefano.crapanzano@chu.ulg.ac.be,Navigation système de fichier,IT,2021-10-11,08:55:46,00:00:10
stefano.crapanzano@chu.ulg.ac.be,Navigation système de fichier,IT,2021-10-11,08:56:01,00:00:03
stefano.crapanzano@chu.ulg.ac.be,Navigation système de fichier,IT,2021-10-11,08:58:46,00:00:54
stefano.crapanzano@chu.ulg.ac.be,Navigation système de fichier,IT,2021-10-11,09:00:33,00:00:51
stefano.crapanzano@chu.ulg.ac.be,Navigation système de fichier,IT,2021-10-11,09:10:20,00:00:57
stefano.crapanzano@chu.ulg.ac.be,Navigation système de fichier,IT,2021-10-11,09:58:31,00:00:02
stefano.crapanzano@chu.ulg.ac.be,Navigation système de fichier,IT,2021-10-11,10:01:49,00:00:03
stefano.crapanzano@chu.ulg.ac.be,Navigation système de fichier,IT,2021-10-11,11:12:29,00:00:10
stefano.crapanzano@chu.ulg.ac.be,Navigation système de fichier,IT,2021-10-11,11:17:27,00:00:05
stefano.crapanzano@chu.ulg.ac.be,Navigation système de fichier,IT,2021-10-11,11:18:49,00:00:07
stefano.crapanzano@chu.ulg.ac.be,Navigation système de fichier,IT,2021-10-11,11:19:47,00:00:02
stefano.crapanzano@chu.ulg.ac.be,Navigation système de fichier,IT,2021-10-11,14:27:09,00:00:03
stefano.crapanzano@chu.ulg.ac.be,Navigation système de fichier,IT,2021-10-11,14:35:03,00:00:02
stefano.crapanzano@chu.ulg.ac.be,Navigation système de fichier,IT,2021-10-11,16:13:47,00:00:21
stefano.crapanzano@chu.ulg.ac.be,Navigation système de fichier,IT,2021-10-11,16:50:56,00:00:16
stefano.crapanzano@chu.ulg.ac.be,Navigation système de fichier,IT,2021-10-11,16:52:45,00:00:03
stefano.crapanzano@chu.ulg.ac.be,Navigation système de fichier,IT,2021-10-11,17:18:17,00:00:03
stefano.crapanzano@chu.ulg.ac.be,Nouvel onglet - Google Chrome,Tâches diverses,2021-10-11,14:13:36,00:00:08
stefano.crapanzano@chu.ulg.ac.be,Nouvel onglet - Google Chrome,Tâches diverses,2021-10-11,14:31:51,00:00:04
stefano.crapanzano@chu.ulg.ac.be,Identification - Google Chrome,Tâches diverses,2021-10-11,08:45:59,00:00:06
stefano.crapanzano@chu.ulg.ac.be,Intrastat - Google Chrome,Tâches diverses,2021-10-11,08:46:05,00:00:26
stefano.crapanzano@chu.ulg.ac.be,Intrastat - Google Chrome,Tâches diverses,2021-10-11,08:46:46,00:00:17
stefano.crapanzano@chu.ulg.ac.be,Intrastat - Google Chrome,Tâches diverses,2021-10-11,08:47:06,00:00:02
stefano.crapanzano@chu.ulg.ac.be,Intrastat - Google Chrome,Tâches diverses,2021-10-11,08:48:00,00:00:06
stefano.crapanzano@chu.ulg.ac.be,Intrastat - Google Chrome,Tâches diverses,2021-10-11,08:48:33,00:00:09
stefano.crapanzano@chu.ulg.ac.be,Intrastat - Google Chrome,Tâches diverses,2021-10-11,08:48:58,00:00:06
stefano.crapanzano@chu.ulg.ac.be,Intrastat - Google Chrome,Tâches diverses,2021-10-11,08:49:11,00:00:02
stefano.crapanzano@chu.ulg.ac.be,Intrastat - Google Chrome,IT,2021-10-11,08:49:22,00:00:08
stefano.crapanzano@chu.ulg.ac.be,Intrastat - Google Chrome,Tâches diverses,2021-10-11,08:49:39,00:00:02
stefano.crapanzano@chu.ulg.ac.be,Intrastat - Google Chrome,Tâches diverses,2021-10-11,08:50:00,00:00:08
stefano.crapanzano@chu.ulg.ac.be,Intrastat - Google Chrome,Tâches diverses,2021-10-11,08:50:27,00:00:07
stefano.crapanzano@chu.ulg.ac.be,Intrastat - Google Chrome,Tâches diverses,2021-10-11,08:53:05,00:00:08
stefano.crapanzano@chu.ulg.ac.be,Intrastat - Google Chrome,Tâches diverses,2021-10-11,09:17:28,00:00:13
stefano.crapanzano@chu.ulg.ac.be,Intrastat - Google Chrome,Helpdesk général,2021-10-11,09:18:19,00:00:42
stefano.crapanzano@chu.ulg.ac.be,Intrastat - Google Chrome,Tâches diverses,2021-10-11,09:21:24,00:00:03
stefano.crapanzano@chu.ulg.ac.be,Intrastat - Google Chrome,Tâches diverses,2021-10-11,09:21:36,00:00:05
stefano.crapanzano@chu.ulg.ac.be,Intrastat - Google Chrome,Tâches diverses,2021-10-11,09:21:51,00:00:09
stefano.crapanzano@chu.ulg.ac.be,Intrastat - Google Chrome,Tâches diverses,2021-10-11,09:23:15,00:00:03
stefano.crapanzano@chu.ulg.ac.be,Intrastat - Google Chrome,Tâches diverses,2021-10-11,09:23:44,00:00:02
stefano.crapanzano@chu.ulg.ac.be,Intrastat - Google Chrome,Tâches diverses,2021-10-11,09:24:00,00:00:24
stefano.crapanzano@chu.ulg.ac.be,Intrastat - Google Chrome,Tâches diverses,2021-10-11,09:58:08,00:00:22
stefano.crapanzano@chu.ulg.ac.be,Intrastat - Google Chrome,Tâches diverses,2021-10-11,10:02:59,00:00:29
stefano.crapanzano@chu.ulg.ac.be,Intrastat - Google Chrome,Tâches diverses,2021-10-11,10:03:34,00:00:14
stefano.crapanzano@chu.ulg.ac.be,Intrastat - Google Chrome,Tâches diverses,2021-10-11,10:06:23,00:00:26
stefano.crapanzano@chu.ulg.ac.be,Intrastat - Google Chrome,Tâches diverses,2021-10-11,10:17:31,00:00:12
stefano.crapanzano@chu.ulg.ac.be,C:\Users\c158492\Downloads\20217.sdf - Notepad++ [Administrator],IT,2021-10-11,08:46:32,00:00:12
stefano.crapanzano@chu.ulg.ac.be,C:\Users\c158492\Downloads\20217.sdf - Notepad++ [Administrator],IT,2021-10-11,08:47:34,00:00:06
stefano.crapanzano@chu.ulg.ac.be,SAP Easy Access Menu de base Applications financières-économiques,Exploration SAP,2021-10-11,08:47:13,00:00:05
stefano.crapanzano@chu.ulg.ac.be,SAP Easy Access Menu de base Applications financières-économiques,Tâches diverses,2021-10-11,08:53:14,00:00:02
stefano.crapanzano@chu.ulg.ac.be,SAP Easy Access Menu de base Applications financières-économiques,Exploration SAP,2021-10-11,08:53:26,00:00:11
stefano.crapanzano@chu.ulg.ac.be,SAP Easy Access Menu de base Applications financières-économiques,Exploration SAP,2021-10-11,08:54:50,00:00:06
stefano.crapanzano@chu.ulg.ac.be,SAP Easy Access Menu de base Applications financières-économiques,Exploration SAP,2021-10-11,17:18:27,00:00:13
stefano.crapanzano@chu.ulg.ac.be,Commande interv. 40 4000209457 créée par Melinda COTTINI,Exploration SAP,2021-10-11,17:18:40,00:00:08
stefano.crapanzano@chu.ulg.ac.be,Commande interv. 40 4000209457 créée par Melinda COTTINI,Exploration SAP,2021-10-11,17:19:11,00:00:04
stefano.crapanzano@chu.ulg.ac.be,Sélectionner document,Exploration SAP,2021-10-11,08:47:20,00:00:02
stefano.crapanzano@chu.ulg.ac.be,Sélectionner document,Exploration SAP,2021-10-11,08:48:11,00:00:02
stefano.crapanzano@chu.ulg.ac.be,Commande interv. 40 4000211255 créée par Karin DERWA,Exploration SAP,2021-10-11,08:47:22,00:00:09
stefano.crapanzano@chu.ulg.ac.be,Commande interv. 40 4000211255 créée par Karin DERWA,Exploration SAP,2021-10-11,08:48:08,00:00:02
stefano.crapanzano@chu.ulg.ac.be,*C:\Users\c158492\Downloads\20217.sdf - Notepad++ [Administrator],IT,2021-10-11,08:47:41,00:00:08
stefano.crapanzano@chu.ulg.ac.be,*C:\Users\c158492\Downloads\20217.sdf - Notepad++ [Administrator],IT,2021-10-11,08:47:52,00:00:06
stefano.crapanzano@chu.ulg.ac.be,*C:\Users\c158492\Downloads\20217.sdf - Notepad++ [Administrator],IT,2021-10-11,08:48:20,00:00:12
stefano.crapanzano@chu.ulg.ac.be,*C:\Users\c158492\Downloads\20217.sdf - Notepad++ [Administrator],IT,2021-10-11,08:48:51,00:00:05
stefano.crapanzano@chu.ulg.ac.be,*C:\Users\c158492\Downloads\20217.sdf - Notepad++ [Administrator],IT,2021-10-11,08:49:04,00:00:06
stefano.crapanzano@chu.ulg.ac.be,*C:\Users\c158492\Downloads\20217.sdf - Notepad++ [Administrator],IT,2021-10-11,08:49:14,00:00:08
stefano.crapanzano@chu.ulg.ac.be,*C:\Users\c158492\Downloads\20217.sdf - Notepad++ [Administrator],IT,2021-10-11,08:49:49,00:00:09
stefano.crapanzano@chu.ulg.ac.be,*C:\Users\c158492\Downloads\20217.sdf - Notepad++ [Administrator],IT,2021-10-11,08:50:14,00:00:10
stefano.crapanzano@chu.ulg.ac.be,*C:\Users\c158492\Downloads\20217.sdf - Notepad++ [Administrator],IT,2021-10-11,08:50:42,00:00:13
stefano.crapanzano@chu.ulg.ac.be,Commande interv. 40 4000215552 créée par Gaëlle VAN RYSSELBERGHE,Exploration SAP,2021-10-11,08:48:13,00:00:02
stefano.crapanzano@chu.ulg.ac.be,Commande interv. 40 4000214530 créée par Christine PAK,Exploration SAP,2021-10-11,08:49:34,00:00:02
stefano.crapanzano@chu.ulg.ac.be,Commande interv. 40 4000214530 créée par Christine PAK,Exploration SAP,2021-10-11,09:58:44,00:00:53
stefano.crapanzano@chu.ulg.ac.be,Commande interv. 40 4000214530 créée par Christine PAK,Exploration SAP,2021-10-11,10:01:53,00:00:46
stefano.crapanzano@chu.ulg.ac.be,Commande interv. 40 4000214530 créée par Christine PAK,Exploration SAP,2021-10-11,10:17:14,00:00:12
stefano.crapanzano@chu.ulg.ac.be,Commande interv. 40 4000217493 créée par Karin DERWA,Exploration SAP,2021-10-11,08:49:46,00:00:02
stefano.crapanzano@chu.ulg.ac.be,Commande interv. 40 4000217493 créée par Karin DERWA,Exploration SAP,2021-10-11,08:50:09,00:00:02
stefano.crapanzano@chu.ulg.ac.be,Commande interv. 40 4000212344 créée par Christine PAK,Exploration SAP,2021-10-11,08:50:37,00:00:02
stefano.crapanzano@chu.ulg.ac.be,Enregistrer sous,IT,2021-10-11,08:50:56,00:00:46
stefano.crapanzano@chu.ulg.ac.be,Enregistrer sous,Helpdesk général,2021-10-11,14:28:37,00:00:05
stefano.crapanzano@chu.ulg.ac.be,I:\Informatique\ERP\Exploitation\ACHAT\INTRASTAT\202107.sdf - Notepad++ [Administrator],IT,2021-10-11,08:51:42,00:00:07
stefano.crapanzano@chu.ulg.ac.be,I:\Informatique\ERP\Exploitation\ACHAT\INTRASTAT\202107.sdf - Notepad++ [Administrator],IT,2021-10-11,09:31:49,00:00:04
stefano.crapanzano@chu.ulg.ac.be,I:\Informatique\ERP\Exploitation\ACHAT\INTRASTAT\202107.sdf - Notepad++ [Administrator],IT,2021-10-11,09:57:53,00:00:13
stefano.crapanzano@chu.ulg.ac.be,I:\Informatique\ERP\Exploitation\ACHAT\INTRASTAT\202107.sdf - Notepad++ [Administrator],IT,2021-10-11,10:02:43,00:00:14
stefano.crapanzano@chu.ulg.ac.be,I:\Informatique\ERP\Exploitation\ACHAT\INTRASTAT\202107.sdf - Notepad++ [Administrator],IT,2021-10-11,10:03:29,00:00:03
stefano.crapanzano@chu.ulg.ac.be,I:\Informatique\ERP\Exploitation\ACHAT\INTRASTAT\202107.sdf - Notepad++ [Administrator],IT,2021-10-11,10:03:49,00:01:29
stefano.crapanzano@chu.ulg.ac.be,I:\Informatique\ERP\Exploitation\ACHAT\INTRASTAT\202107.sdf - Notepad++ [Administrator],IT,2021-10-11,10:16:35,00:00:10
stefano.crapanzano@chu.ulg.ac.be,de marchin - Mozilla Thunderbird,Helpdesk général,2021-10-11,08:51:59,00:00:05
stefano.crapanzano@chu.ulg.ac.be,TR: BE 0232988060: Centre hospitalier universitaire de Liège - IS - 1 (ref:69945/22987097) - Mozilla Thunderbird,Helpdesk général,2021-10-11,08:52:05,00:00:09
stefano.crapanzano@chu.ulg.ac.be,TR: BE 0232988060: Centre hospitalier universitaire de Liège - IS - 1 (ref:69945/22987097) - Mozilla Thunderbird,Helpdesk général,2021-10-11,08:56:04,00:00:12
stefano.crapanzano@chu.ulg.ac.be,TR: BE 0232988060: Centre hospitalier universitaire de Liège - IS - 1 (ref:69945/22987097) - Mozilla Thunderbird,Helpdesk général,2021-10-11,08:56:18,00:00:04
stefano.crapanzano@chu.ulg.ac.be,Rédaction : Fwd: Fwd: TR: BE 0232988060: Centre hospitalier universitaire de Liège - IS - 1 (ref:69945/22987097) - Thunderbird,Helpdesk général,2021-10-11,08:52:14,00:00:25
stefano.crapanzano@chu.ulg.ac.be,Rédaction : Fwd: Fwd: TR: BE 0232988060: Centre hospitalier universitaire de Liège - IS - 1 (ref:69945/22987097) - Thunderbird,Helpdesk général,2021-10-11,08:52:48,00:00:09
stefano.crapanzano@chu.ulg.ac.be,Joindre les fichiers,Helpdesk général,2021-10-11,08:52:40,00:00:08
stefano.crapanzano@chu.ulg.ac.be,Vérification de l’orthographe,Helpdesk général,2021-10-11,08:52:57,00:00:05
stefano.crapanzano@chu.ulg.ac.be,Vérification de l’orthographe,Helpdesk général,2021-10-11,09:16:44,00:00:23
stefano.crapanzano@chu.ulg.ac.be,Info licence en cas de connexion multiple,Exploration SAP,2021-10-11,08:53:24,00:00:02
stefano.crapanzano@chu.ulg.ac.be,Commerce extérieur : clôtures périodiques,Exploration SAP,2021-10-11,08:53:37,00:00:06
stefano.crapanzano@chu.ulg.ac.be,Commerce extérieur : clôtures périodiques,Exploration SAP,2021-10-11,08:54:45,00:00:05
stefano.crapanzano@chu.ulg.ac.be,INTRASTAT : sélection de données entrée - pays de l'UE,Exploration SAP,2021-10-11,08:53:44,00:00:02
stefano.crapanzano@chu.ulg.ac.be,INTRASTAT : sélection de données entrée - pays de l'UE,Exploration SAP,2021-10-11,08:53:52,00:00:09
stefano.crapanzano@chu.ulg.ac.be,INTRASTAT : sélection de données entrée - pays de l'UE,Exploration SAP,2021-10-11,08:54:11,00:00:02
stefano.crapanzano@chu.ulg.ac.be,INTRASTAT : sélection de données entrée - pays de l'UE,Exploration SAP,2021-10-11,08:54:18,00:00:09
stefano.crapanzano@chu.ulg.ac.be,INTRASTAT : sélection de données entrée - pays de l'UE,Exploration SAP,2021-10-11,08:54:42,00:00:02
stefano.crapanzano@chu.ulg.ac.be,ABAP : catalogue des variantes du programme RMIMST00,Exploration SAP,2021-10-11,08:53:47,00:00:05
stefano.crapanzano@chu.ulg.ac.be,ABAP : catalogue des variantes du programme RMIMST00,Exploration SAP,2021-10-11,08:54:14,00:00:04
stefano.crapanzano@chu.ulg.ac.be,Attributs de variante,Exploration SAP,2021-10-11,08:54:02,00:00:02
stefano.crapanzano@chu.ulg.ac.be,Ecraser variante,Exploration SAP,2021-10-11,08:54:05,00:00:03
stefano.crapanzano@chu.ulg.ac.be,Clôtures périodiques - INTRASTAT Entrée - Journal des sélections,Exploration SAP,2021-10-11,08:54:27,00:00:05
stefano.crapanzano@chu.ulg.ac.be,Avertissement...,Exploration SAP,2021-10-11,08:54:33,00:00:05
stefano.crapanzano@chu.ulg.ac.be,Avertissement...,Exploration SAP,2021-10-11,08:54:39,00:00:02
stefano.crapanzano@chu.ulg.ac.be,Display Table,Exploration SAP,2021-10-11,08:54:57,00:00:10
stefano.crapanzano@chu.ulg.ac.be,Display Table,Exploration SAP,2021-10-11,08:55:26,00:00:02
stefano.crapanzano@chu.ulg.ac.be,Display Table,Exploration SAP,2021-10-11,08:55:31,00:00:13
stefano.crapanzano@chu.ulg.ac.be,Display Table,Exploration SAP,2021-10-11,09:58:34,00:00:02
stefano.crapanzano@chu.ulg.ac.be,File dialog,Exploration SAP,2021-10-11,08:55:08,00:00:17
stefano.crapanzano@chu.ulg.ac.be,Sécurité SAP GUI,Exploration SAP,2021-10-11,08:55:29,00:00:02
stefano.crapanzano@chu.ulg.ac.be,C:\temp\VEIAV_202108.csv - Notepad++ [Administrator],IT,2021-10-11,08:55:56,00:00:02
stefano.crapanzano@chu.ulg.ac.be,veiav - Mozilla Thunderbird,Helpdesk général,2021-10-11,08:56:22,00:00:05
stefano.crapanzano@chu.ulg.ac.be,Fichier VEIAV à charger pour intrastat de juillet - Mozilla Thunderbird,Helpdesk général,2021-10-11,08:56:28,00:01:43
stefano.crapanzano@chu.ulg.ac.be,Fichier VEIAV à charger pour intrastat de juillet - Mozilla Thunderbird,Helpdesk général,2021-10-11,09:01:24,00:00:02
stefano.crapanzano@chu.ulg.ac.be,Fichier VEIAV à charger pour intrastat de juillet - Mozilla Thunderbird,Helpdesk général,2021-10-11,09:24:24,00:00:02
stefano.crapanzano@chu.ulg.ac.be,Rédaction : Fwd: Fichier VEIAV à charger pour intrastat de juillet - Thunderbird,Helpdesk général,2021-10-11,08:58:11,00:00:05
stefano.crapanzano@chu.ulg.ac.be,Rédaction : Fichier VEIAV à charger pour intrastat de juillet - Thunderbird,Helpdesk général,2021-10-11,08:58:16,00:00:06
stefano.crapanzano@chu.ulg.ac.be,Rédaction : Fichier VEIAV à charger pour la déclaration intrastat du mois d'aout - Thunderbird,Helpdesk général,2021-10-11,08:58:30,00:00:16
stefano.crapanzano@chu.ulg.ac.be,Rédaction : Fichier VEIAV à charger pour la déclaration intrastat du mois d'aout - Thunderbird,Helpdesk général,2021-10-11,08:59:41,00:00:15
stefano.crapanzano@chu.ulg.ac.be,Rédaction : Fichier VEIAV à charger pour la déclaration intrastat du mois d'aout - Thunderbird,Helpdesk général,2021-10-11,08:59:59,00:00:31
stefano.crapanzano@chu.ulg.ac.be,Test_Users_R7BC3_203_CHU.xlsx  [Mode protégé] - Excel,Tâches diverses,2021-10-11,09:04:38,00:00:13
stefano.crapanzano@chu.ulg.ac.be,My_Requests_08_10_2021_14_40.csv - Excel,Tâches diverses,2021-10-11,09:04:52,00:00:04
stefano.crapanzano@chu.ulg.ac.be,Microsoft Excel,Tâches diverses,2021-10-11,16:15:18,00:00:02
stefano.crapanzano@chu.ulg.ac.be,intrastat_202009.csv - Excel,Tâches diverses,2021-10-11,09:04:57,00:03:32
stefano.crapanzano@chu.ulg.ac.be,intrastat_202009.csv - Excel,Tâches diverses,2021-10-11,16:15:21,00:00:02
stefano.crapanzano@chu.ulg.ac.be,Config SAP IAS <-> ADFS CHU,Helpdesk général,2021-10-11,09:12:27,00:00:08
stefano.crapanzano@chu.ulg.ac.be,Config SAP IAS <-> ADFS CHU,Helpdesk général,2021-10-11,09:12:45,00:00:13
stefano.crapanzano@chu.ulg.ac.be,Config SAP IAS <-> ADFS CHU,Helpdesk général,2021-10-11,12:48:22,00:00:06
stefano.crapanzano@chu.ulg.ac.be,Config SAP IAS <-> ADFS CHU,Helpdesk général,2021-10-11,12:59:55,00:00:19
stefano.crapanzano@chu.ulg.ac.be,Rédaction : Re: Test GERA - ERP4HC 2.0 - Thunderbird,Helpdesk général,2021-10-11,09:14:39,00:02:05
stefano.crapanzano@chu.ulg.ac.be,Netop Invité,Helpdesk général,2021-10-11,09:17:42,00:00:04
stefano.crapanzano@chu.ulg.ac.be,Netop Invité,Helpdesk général,2021-10-11,16:51:13,00:00:03
stefano.crapanzano@chu.ulg.ac.be,Netop Invité,Helpdesk général,2021-10-11,17:01:22,00:00:04
stefano.crapanzano@chu.ulg.ac.be,Connexion à l'aide de l'authentification Windows,Helpdesk général,2021-10-11,09:17:46,00:00:02
stefano.crapanzano@chu.ulg.ac.be,Connexion à l'aide de l'authentification Windows,Helpdesk général,2021-10-11,16:51:19,00:00:04
stefano.crapanzano@chu.ulg.ac.be,erpftp - Netop Remote Control,Helpdesk général,2021-10-11,09:17:50,00:00:28
stefano.crapanzano@chu.ulg.ac.be,erpftp - Netop Remote Control,Helpdesk général,2021-10-11,09:21:29,00:00:06
stefano.crapanzano@chu.ulg.ac.be,Stefano CRAPANZANO - erp.sai@chuliege.be - Mozilla Thunderbird,Helpdesk général,2021-10-11,09:21:44,00:00:04
stefano.crapanzano@chu.ulg.ac.be,Stefano CRAPANZANO - erp.sai@chuliege.be - Mozilla Thunderbird,Helpdesk général,2021-10-11,09:23:54,00:00:02
stefano.crapanzano@chu.ulg.ac.be,Stefano CRAPANZANO - erp.sai@chuliege.be - Mozilla Thunderbird,Helpdesk général,2021-10-11,09:24:27,00:00:09
stefano.crapanzano@chu.ulg.ac.be,Stefano CRAPANZANO - erp.sai@chuliege.be - Mozilla Thunderbird,Helpdesk général,2021-10-11,11:16:49,00:00:04
stefano.crapanzano@chu.ulg.ac.be,INTRASTAT 07/2021 - Mozilla Thunderbird,Helpdesk général,2021-10-11,09:22:03,00:00:02
stefano.crapanzano@chu.ulg.ac.be,INTRASTAT 07/2021 - Mozilla Thunderbird,Helpdesk général,2021-10-11,09:22:07,00:00:04
stefano.crapanzano@chu.ulg.ac.be,INTRASTAT 07/2021 - Mozilla Thunderbird,Helpdesk général,2021-10-11,09:23:49,00:00:05
stefano.crapanzano@chu.ulg.ac.be,Rédaction : Re: INTRASTAT 07/2021 - Thunderbird,Helpdesk général,2021-10-11,09:22:11,00:01:02
stefano.crapanzano@chu.ulg.ac.be,Rédaction : Re: INTRASTAT 07/2021 - Thunderbird,Helpdesk général,2021-10-11,09:23:22,00:00:16
stefano.crapanzano@chu.ulg.ac.be,Intégration de prestations TRANS par webservice - Xperthis Oazis - Service d'assistance - Google Chrome,Tâches diverses,2021-10-11,09:26:16,00:00:40
stefano.crapanzano@chu.ulg.ac.be,Chargement photo d'un article sur SSP - Xperthis ERP4HC 2.0 Rollout - Service d'assistance - Google Chrome,Tâches diverses,2021-10-11,09:27:43,00:02:23
stefano.crapanzano@chu.ulg.ac.be,Chargement photo d'un article sur SSP - Xperthis ERP4HC 2.0 Rollout - Service d'assistance - Google Chrome,Tâches diverses,2021-10-11,10:51:08,00:00:08
stefano.crapanzano@chu.ulg.ac.be,*nouveau 7 - Notepad++ [Administrator],IT,2021-10-11,09:31:53,00:00:04
stefano.crapanzano@chu.ulg.ac.be,*nouveau 7 - Notepad++ [Administrator],IT,2021-10-11,09:32:04,00:00:05
stefano.crapanzano@chu.ulg.ac.be,*nouveau 11 - Notepad++ [Administrator],IT,2021-10-11,09:31:58,00:00:04
stefano.crapanzano@chu.ulg.ac.be,*nouveau 11 - Notepad++ [Administrator],IT,2021-10-11,09:32:44,00:00:02
stefano.crapanzano@chu.ulg.ac.be,*nouveau 9 - Notepad++ [Administrator],IT,2021-10-11,09:32:48,00:00:02
stefano.crapanzano@chu.ulg.ac.be,*nouveau 8 - Notepad++ [Administrator],IT,2021-10-11,09:57:44,00:00:09
stefano.crapanzano@chu.ulg.ac.be,*nouveau 10 - Notepad++ [Administrator],IT,2021-10-11,09:32:10,00:00:04
stefano.crapanzano@chu.ulg.ac.be,*nouveau 10 - Notepad++ [Administrator],IT,2021-10-11,09:32:15,00:00:04
stefano.crapanzano@chu.ulg.ac.be,*nouveau 10 - Notepad++ [Administrator],IT,2021-10-11,09:32:21,00:00:02
stefano.crapanzano@chu.ulg.ac.be,*nouveau 1 - Notepad++ [Administrator],IT,2021-10-11,09:32:40,00:00:04
stefano.crapanzano@chu.ulg.ac.be,C:\temp\extract_intrastat_production\export_202109241129.sql - Notepad++ [Administrator],IT,2021-10-11,09:32:36,00:00:04
stefano.crapanzano@chu.ulg.ac.be,*nouveau 2 - Notepad++ [Administrator],IT,2021-10-11,10:05:19,00:01:03
stefano.crapanzano@chu.ulg.ac.be,*nouveau 2 - Notepad++ [Administrator],IT,2021-10-11,10:14:10,00:01:19
stefano.crapanzano@chu.ulg.ac.be,Commande interv. 40 4000215393 créée par Gaëlle VAN RYSSELBERGHE,Exploration SAP,2021-10-11,09:58:40,00:00:02
stefano.crapanzano@chu.ulg.ac.be,nouveau 2 - Notepad++ [Administrator],IT,2021-10-11,09:59:38,00:02:10
stefano.crapanzano@chu.ulg.ac.be,Envoyés - erp.sai@chuliege.be - Mozilla Thunderbird,Helpdesk général,2021-10-11,10:06:52,00:01:00
stefano.crapanzano@chu.ulg.ac.be,Envoyés - erp.sai@chuliege.be - Mozilla Thunderbird,Tâches diverses,2021-10-11,10:07:54,00:00:04
stefano.crapanzano@chu.ulg.ac.be,Envoyés - erp.sai@chuliege.be - Mozilla Thunderbird,Helpdesk général,2021-10-11,10:08:25,00:00:06
stefano.crapanzano@chu.ulg.ac.be,Envoyés - erp.sai@chuliege.be - Mozilla Thunderbird,Helpdesk général,2021-10-11,10:08:33,00:05:35
stefano.crapanzano@chu.ulg.ac.be,Envoyés - erp.sai@chuliege.be - Mozilla Thunderbird,Helpdesk général,2021-10-11,10:15:37,00:00:08
stefano.crapanzano@chu.ulg.ac.be,Envoyés - erp.sai@chuliege.be - Mozilla Thunderbird,Helpdesk général,2021-10-11,10:15:53,00:00:02
stefano.crapanzano@chu.ulg.ac.be,Envoyés - erp.sai@chuliege.be - Mozilla Thunderbird,Helpdesk général,2021-10-11,10:16:08,00:00:02
stefano.crapanzano@chu.ulg.ac.be,Envoyés - erp.sai@chuliege.be - Mozilla Thunderbird,Helpdesk général,2021-10-11,10:16:49,00:00:20
stefano.crapanzano@chu.ulg.ac.be,Envoyés - erp.sai@chuliege.be - Mozilla Thunderbird,Helpdesk général,2021-10-11,10:17:46,00:00:06
stefano.crapanzano@chu.ulg.ac.be,Envoyés - erp.sai@chuliege.be - Mozilla Thunderbird,Helpdesk général,2021-10-11,10:19:57,00:00:04
stefano.crapanzano@chu.ulg.ac.be,Envoyés - erp.sai@chuliege.be - Mozilla Thunderbird,Helpdesk général,2021-10-11,10:40:11,00:02:41
stefano.crapanzano@chu.ulg.ac.be,Envoyés - erp.sai@chuliege.be - Mozilla Thunderbird,Helpdesk général,2021-10-11,14:12:21,00:00:02
stefano.crapanzano@chu.ulg.ac.be,Envoyés - erp.sai@chuliege.be - Mozilla Thunderbird,Helpdesk général,2021-10-11,14:21:56,00:00:02
stefano.crapanzano@chu.ulg.ac.be,Envoyés - erp.sai@chuliege.be - Mozilla Thunderbird,Helpdesk général,2021-10-11,14:35:16,00:00:05
stefano.crapanzano@chu.ulg.ac.be,Envoyés - erp.sai@chuliege.be - Mozilla Thunderbird,Helpdesk général,2021-10-11,17:00:10,00:00:12
stefano.crapanzano@chu.ulg.ac.be,Ouverture de 202107.sdf,Helpdesk général,2021-10-11,10:07:58,00:00:02
stefano.crapanzano@chu.ulg.ac.be,C:\Users\c158492\AppData\Local\Temp\202107.sdf.txt - Notepad++ [Administrator],IT,2021-10-11,10:08:01,00:00:23
stefano.crapanzano@chu.ulg.ac.be,C:\Users\c158492\AppData\Local\Temp\202107.sdf.txt - Notepad++ [Administrator],IT,2021-10-11,10:15:29,00:00:08
stefano.crapanzano@chu.ulg.ac.be,C:\Users\c158492\AppData\Local\Temp\202107.sdf.txt - Notepad++ [Administrator],IT,2021-10-11,10:15:45,00:00:08
stefano.crapanzano@chu.ulg.ac.be,C:\Users\c158492\AppData\Local\Temp\202107.sdf.txt - Notepad++ [Administrator],IT,2021-10-11,10:16:04,00:00:02
stefano.crapanzano@chu.ulg.ac.be,C:\Users\c158492\AppData\Local\Temp\202107.sdf-1.txt - Notepad++ [Administrator],IT,2021-10-11,10:15:57,00:00:06
stefano.crapanzano@chu.ulg.ac.be,Enregistrer la pièce jointe,Helpdesk général,2021-10-11,10:16:11,00:00:24
stefano.crapanzano@chu.ulg.ac.be,Rédaction : Re: Fwd: TR: BE 0232988060: Centre hospitalier universitaire de Liège - IS - 1 (ref:69945/22987097) - Thunderbird,Helpdesk général,2021-10-11,10:17:53,00:02:02
stefano.crapanzano@chu.ulg.ac.be,Transaction PPOMA_BBP indisponible dans X01 - Xperthis ERP4HC 2.0 Rollout - Service d'assistance - Google Chrome,Tâches diverses,2021-10-11,10:20:09,00:00:16
stefano.crapanzano@chu.ulg.ac.be,Transaction PPOMA_BBP indisponible dans X01 - Xperthis ERP4HC 2.0 Rollout - Service d'assistance - Google Chrome,Tâches diverses,2021-10-11,11:27:10,00:00:04
stefano.crapanzano@chu.ulg.ac.be,SSP - Approbation de DA non visible dans l'interface - Xperthis ERP4HC 2.0 Rollout - Service d'assistance - Google Chrome,Tâches diverses,2021-10-11,10:20:29,00:00:04
stefano.crapanzano@chu.ulg.ac.be,SSP - Approbation de DA non visible dans l'interface - Xperthis ERP4HC 2.0 Rollout - Service d'assistance - Google Chrome,Tâches diverses,2021-10-11,11:27:03,00:00:02
stefano.crapanzano@chu.ulg.ac.be,TR: Licence Kofax - Mozilla Thunderbird,Helpdesk général,2021-10-11,10:44:39,00:00:02
stefano.crapanzano@chu.ulg.ac.be,TR: Licence Kofax - Mozilla Thunderbird,Helpdesk général,2021-10-11,10:46:02,00:01:05
stefano.crapanzano@chu.ulg.ac.be,Rédaction : Re: TR: Licence Kofax - Thunderbird,Helpdesk général,2021-10-11,10:44:43,00:01:16
stefano.crapanzano@chu.ulg.ac.be,Ouvrir,Tâches diverses,2021-10-11,11:12:02,00:00:24
stefano.crapanzano@chu.ulg.ac.be,Ouvrir,Tâches diverses,2021-10-11,11:12:42,00:00:02
stefano.crapanzano@chu.ulg.ac.be,Ouvrir,Tâches diverses,2021-10-11,11:12:58,00:00:08
stefano.crapanzano@chu.ulg.ac.be,Ouvrir,Tâches diverses,2021-10-11,14:28:57,00:00:09
stefano.crapanzano@chu.ulg.ac.be,Ouvrir,Tâches diverses,2021-10-11,14:29:09,00:00:02
stefano.crapanzano@chu.ulg.ac.be,Ouvrir,Tâches diverses,2021-10-11,17:13:26,00:00:06
stefano.crapanzano@chu.ulg.ac.be,saplogon - Mozilla Thunderbird,Helpdesk général,2021-10-11,11:13:38,00:00:21
stefano.crapanzano@chu.ulg.ac.be,SDERP-18936 P203 CHU Connexion à TE5 et X01 impossible en VPN - message d'erreur identique au ticket SDERP-18907 - Mozilla Thunderbird,Helpdesk général,2021-10-11,11:13:59,00:00:29
stefano.crapanzano@chu.ulg.ac.be,SDERP-18936 P203 CHU Connexion à TE5 et X01 impossible en VPN - message d'erreur identique au ticket SDERP-18907 - Mozilla Thunderbird,Helpdesk général,2021-10-11,14:24:17,00:00:35
stefano.crapanzano@chu.ulg.ac.be,P203 CHU Connexion à TE5 et X01 impossible en VPN - message d'erreur identique au ticket SDERP-18907 - Xperthis ERP4HC 1.0 - Service d'assistance - Google Chrome,Tâches diverses,2021-10-11,11:14:30,00:00:51
stefano.crapanzano@chu.ulg.ac.be,P203 CHU Connexion à TE5 et X01 impossible en VPN - message d'erreur identique au ticket SDERP-18907 - Xperthis ERP4HC 1.0 - Service d'assistance - Google Chrome,Tâches diverses,2021-10-11,11:16:56,00:00:12
stefano.crapanzano@chu.ulg.ac.be,P203 CHU Connexion à ERP4HC 2.0 : IP 153.89.126.135 non accessible + connexions SAPLOGON - Xperthis ERP4HC 1.0 - Service d'assistance - Google Chrome,Tâches diverses,2021-10-11,11:16:11,00:00:09
stefano.crapanzano@chu.ulg.ac.be,P203 CHU Connexion à ERP4HC 2.0 : IP 153.89.126.135 non accessible + connexions SAPLOGON - Xperthis ERP4HC 1.0 - Service d'assistance - Google Chrome,Tâches diverses,2021-10-11,11:17:08,00:00:19
stefano.crapanzano@chu.ulg.ac.be,P203 CHU Connexion à ERP4HC 2.0 : IP 153.89.126.135 non accessible + connexions SAPLOGON - Xperthis ERP4HC 1.0 - Service d'assistance - Google Chrome,Tâches diverses,2021-10-11,11:19:49,00:00:02
stefano.crapanzano@chu.ulg.ac.be,P203 CHU Connexion à ERP4HC 2.0 : IP 153.89.126.135 non accessible + connexions SAPLOGON - Xperthis ERP4HC 1.0 - Service d'assistance - Google Chrome,Tâches diverses,2021-10-11,11:25:51,00:00:06
stefano.crapanzano@chu.ulg.ac.be,P203 CHU Connexion à ERP4HC 2.0 : IP 153.89.126.135 non accessible + connexions SAPLOGON - Xperthis ERP4HC 1.0 - Service d'assistance - Google Chrome,Tâches diverses,2021-10-11,11:26:08,00:00:36
stefano.crapanzano@chu.ulg.ac.be,P203 CHU Connexion à ERP4HC 2.0 : IP 153.89.126.135 non accessible + connexions SAPLOGON - Xperthis ERP4HC 1.0 - Service d'assistance - Google Chrome,Tâches diverses,2021-10-11,14:33:21,00:00:12
stefano.crapanzano@chu.ulg.ac.be,P203 CHU Connexion à ERP4HC 2.0 : IP 153.89.126.135 non accessible + connexions SAPLOGON - Xperthis ERP4HC 1.0 - Service d'assistance - Google Chrome,Helpdesk général,2021-10-11,14:33:37,00:00:41
stefano.crapanzano@chu.ulg.ac.be,P203 CHU Connexion à ERP4HC 2.0 : IP 153.89.126.135 non accessible + connexions SAPLOGON - Xperthis ERP4HC 1.0 - Service d'assistance - Google Chrome,Tâches diverses,2021-10-11,14:34:25,00:00:12
stefano.crapanzano@chu.ulg.ac.be,P203 CHU Connexion à ERP4HC 2.0 : IP 153.89.126.135 non accessible + connexions SAPLOGON - Xperthis ERP4HC 1.0 - Service d'assistance - Google Chrome,Tâches diverses,2021-10-11,16:06:43,00:00:05
stefano.crapanzano@chu.ulg.ac.be,\\appsaiadm.st.chulg\ERP\Config\saplogon.ini - Notepad++ [Administrator],IT,2021-10-11,11:17:32,00:01:15
stefano.crapanzano@chu.ulg.ac.be,\\appsaiadm.st.chulg\ERP\Config\saplogon.ini - Notepad++ [Administrator],IT,2021-10-11,11:18:57,00:00:47
stefano.crapanzano@chu.ulg.ac.be,SAM-DB - Google Chrome,Tâches diverses,2021-10-11,14:17:23,00:02:21
stefano.crapanzano@chu.ulg.ac.be,SAM-DB - Google Chrome,Tâches diverses,2021-10-11,14:20:00,00:00:32
stefano.crapanzano@chu.ulg.ac.be,SAM-DB - Google Chrome,Tâches diverses,2021-10-11,14:20:40,00:00:38
stefano.crapanzano@chu.ulg.ac.be,SAM-DB - Google Chrome,Tâches diverses,2021-10-11,14:21:22,00:00:27
stefano.crapanzano@chu.ulg.ac.be,SAM-DB - Google Chrome,Helpdesk général,2021-10-11,14:21:51,00:00:02
stefano.crapanzano@chu.ulg.ac.be,SAM-DB - Google Chrome,Tâches diverses,2021-10-11,14:28:51,00:00:02
stefano.crapanzano@chu.ulg.ac.be,Standaardinstellingen - Google Chrome,Tâches diverses,2021-10-11,11:27:41,00:00:02
stefano.crapanzano@chu.ulg.ac.be,Standaardinstellingen - Google Chrome,Tâches diverses,2021-10-11,17:15:19,00:00:02
stefano.crapanzano@chu.ulg.ac.be,Créer une demande d'achat - Google Chrome,Tâches diverses,2021-10-11,12:50:33,00:00:02
stefano.crapanzano@chu.ulg.ac.be,Créer une demande d'achat - Google Chrome,Tâches diverses,2021-10-11,16:04:32,00:00:18
stefano.crapanzano@chu.ulg.ac.be,Créer une demande d'achat - Google Chrome,Tâches diverses,2021-10-11,16:05:02,00:00:04
stefano.crapanzano@chu.ulg.ac.be,Créer une demande d'achat - Google Chrome,Tâches diverses,2021-10-11,16:08:43,00:00:17
stefano.crapanzano@chu.ulg.ac.be,Créer une demande d'achat - Google Chrome,Tâches diverses,2021-10-11,16:09:04,00:00:10
stefano.crapanzano@chu.ulg.ac.be,Créer une demande d'achat - Google Chrome,Tâches diverses,2021-10-11,16:09:39,00:00:24
stefano.crapanzano@chu.ulg.ac.be,Créer une demande d'achat - Google Chrome,Tâches diverses,2021-10-11,16:10:10,00:00:57
stefano.crapanzano@chu.ulg.ac.be,Créer une demande d'achat - Google Chrome,Tâches diverses,2021-10-11,16:13:09,00:00:14
stefano.crapanzano@chu.ulg.ac.be,Créer une demande d'achat - Google Chrome,Tâches diverses,2021-10-11,16:13:25,00:00:02
stefano.crapanzano@chu.ulg.ac.be,Créer une demande d'achat - Google Chrome,Tâches diverses,2021-10-11,16:13:32,00:00:08
stefano.crapanzano@chu.ulg.ac.be,Créer une demande d'achat - Google Chrome,Tâches diverses,2021-10-11,16:16:09,00:00:09
stefano.crapanzano@chu.ulg.ac.be,Créer une demande d'achat - Google Chrome,Tâches diverses,2021-10-11,16:16:20,00:29:16
stefano.crapanzano@chu.ulg.ac.be,Créer une demande d'achat - Google Chrome,Tâches diverses,2021-10-11,17:08:53,00:00:02
stefano.crapanzano@chu.ulg.ac.be,Créer une demande d'achat - Google Chrome,Tâches diverses,2021-10-11,17:09:10,00:00:27
stefano.crapanzano@chu.ulg.ac.be,Créer une demande d'achat - Google Chrome,Tâches diverses,2021-10-11,17:09:40,00:00:03
stefano.crapanzano@chu.ulg.ac.be,Créer une demande d'achat - Google Chrome,Tâches diverses,2021-10-11,17:09:45,00:00:40
stefano.crapanzano@chu.ulg.ac.be,Créer une demande d'achat - Google Chrome,Tâches diverses,2021-10-11,17:14:07,00:00:29
stefano.crapanzano@chu.ulg.ac.be,Créer une demande d'achat - Google Chrome,Tâches diverses,2021-10-11,17:14:58,00:00:06
stefano.crapanzano@chu.ulg.ac.be,Créer une demande d'achat - Google Chrome,Tâches diverses,2021-10-11,17:15:06,00:00:12
stefano.crapanzano@chu.ulg.ac.be,Créer une demande d'achat - Google Chrome,Tâches diverses,2021-10-11,17:15:42,00:00:25
stefano.crapanzano@chu.ulg.ac.be,Créer une demande d'achat - Google Chrome,Tâches diverses,2021-10-11,17:16:09,00:00:20
stefano.crapanzano@chu.ulg.ac.be,Créer une demande d'achat - Google Chrome,Tâches diverses,2021-10-11,17:16:52,00:00:11
stefano.crapanzano@chu.ulg.ac.be,Créer une demande d'achat - Google Chrome,Tâches diverses,2021-10-11,17:17:07,00:00:31
stefano.crapanzano@chu.ulg.ac.be,203: CLONE - Test de validations: Y_DVX_30000111 - Xperthis ERP4HC 2.0 Rollout - Service d'assistance - Google Chrome,Tâches diverses,2021-10-11,11:50:40,00:00:06
stefano.crapanzano@chu.ulg.ac.be,stefano.crapanzano@chuliege.be - Mozilla Thunderbird,Helpdesk général,2021-10-11,12:46:54,00:00:02
stefano.crapanzano@chu.ulg.ac.be,stefano.crapanzano@chuliege.be - Mozilla Thunderbird,Helpdesk général,2021-10-11,14:22:02,00:00:05
stefano.crapanzano@chu.ulg.ac.be,stefano.crapanzano@chuliege.be - Mozilla Thunderbird,Helpdesk général,2021-10-11,14:22:43,00:00:02
stefano.crapanzano@chu.ulg.ac.be,Problème lors de la création d'une DA ou réservation à partir d'un fichier Glims - Xperthis ERP4HC 2.0 Rollout - Service d'assistance - Google Chrome,Tâches diverses,2021-10-11,12:47:10,00:00:04
stefano.crapanzano@chu.ulg.ac.be,SSP Modifications terminologies_écrans SSP_211005 - Xperthis ERP4HC 2.0 Rollout - Service d'assistance - Google Chrome,Tâches diverses,2021-10-11,12:47:19,00:00:47
stefano.crapanzano@chu.ulg.ac.be,SSP Modifications terminologies_écrans SSP_211005 - Xperthis ERP4HC 2.0 Rollout - Service d'assistance - Google Chrome,Tâches diverses,2021-10-11,15:40:29,00:00:39
stefano.crapanzano@chu.ulg.ac.be,P203 CHU ARCO 20211019904948 KOFAX - Problème avec les factures mails ZHUL (code barre généré) - Xperthis ERP4HC 1.0 - Service d'assistance - Google Chrome,Tâches diverses,2021-10-11,12:48:36,00:00:09
stefano.crapanzano@chu.ulg.ac.be,Test de GERA sur ERP 2.0 - Xperthis ERP4HC 2.0 Rollout - Service d'assistance - Google Chrome,Tâches diverses,2021-10-11,12:51:14,00:00:06
stefano.crapanzano@chu.ulg.ac.be,Rédaction : Fwd: STERPBE-2731 Connexion à TE6 et A03 impossible. Problème identique au ticket SDERP-18907 - Thunderbird,Helpdesk général,2021-10-11,14:11:50,00:00:25
stefano.crapanzano@chu.ulg.ac.be,Enregistrer le message,Helpdesk général,2021-10-11,14:27:20,00:00:02
stefano.crapanzano@chu.ulg.ac.be,STERPBE-2731 Connexion à TE6 et A03 impossible. Problème identique au ticket SDERP-18907 - Mozilla Thunderbird,Helpdesk général,2021-10-11,14:12:25,00:00:05
stefano.crapanzano@chu.ulg.ac.be,STERPBE-2731 Connexion à TE6 et A03 impossible. Problème identique au ticket SDERP-18907 - Mozilla Thunderbird,Tâches diverses,2021-10-11,14:21:54,00:00:02
stefano.crapanzano@chu.ulg.ac.be,Rédaction : Fwd: Fwd: STERPBE-2731 Connexion à TE6 et A03 impossible. Problème identique au ticket SDERP-18907 - Thunderbird,Helpdesk général,2021-10-11,14:12:30,00:01:02
stefano.crapanzano@chu.ulg.ac.be,Rédaction : Fwd: Fwd: STERPBE-2731 Connexion à TE6 et A03 impossible. Problème identique au ticket SDERP-18907 - Thunderbird,Helpdesk général,2021-10-11,14:14:50,00:00:31
stefano.crapanzano@chu.ulg.ac.be,Rédaction : Fwd: Fwd: STERPBE-2731 Connexion à TE6 et A03 impossible. Problème identique au ticket SDERP-18907 - Thunderbird,Helpdesk général,2021-10-11,14:15:37,00:00:09
stefano.crapanzano@chu.ulg.ac.be,Rédaction : Fwd: Fwd: STERPBE-2731 Connexion à TE6 et A03 impossible. Problème identique au ticket SDERP-18907 - Thunderbird,Helpdesk général,2021-10-11,14:27:16,00:00:04
stefano.crapanzano@chu.ulg.ac.be,erreur repartition charge 88 - Recherche Google - Google Chrome,Tâches diverses,2021-10-11,14:13:44,00:00:12
stefano.crapanzano@chu.ulg.ac.be,Logon Balancing Error 88 ( RC=9 ) | SAP Community - Google Chrome,Tâches diverses,2021-10-11,14:13:56,00:00:53
stefano.crapanzano@chu.ulg.ac.be,Logon Balancing Error 88 ( RC=9 ) | SAP Community - Google Chrome,Tâches diverses,2021-10-11,14:15:46,00:00:04
stefano.crapanzano@chu.ulg.ac.be,Administrateur : C:\Windows\system32\cmd.exe,IT,2021-10-11,14:15:24,00:00:12
stefano.crapanzano@chu.ulg.ac.be,SAM-DB : Accès Adresse IP 153.89.110.4 depuis réseau CHU - Google Chrome,Tâches diverses,2021-10-11,14:19:45,00:00:02
stefano.crapanzano@chu.ulg.ac.be,SAM-DB : Accès Adresse IP 153.89.110.4 depuis réseau CHU - Google Chrome,Tâches diverses,2021-10-11,14:19:52,00:00:04
stefano.crapanzano@chu.ulg.ac.be,SAM-DB : Accès Adresse IP 153.89.110.4 depuis réseau CHU - Google Chrome,Tâches diverses,2021-10-11,14:21:19,00:00:03
stefano.crapanzano@chu.ulg.ac.be,image(14).png (1259×363) - Google Chrome,Tâches diverses,2021-10-11,14:19:48,00:00:04
stefano.crapanzano@chu.ulg.ac.be,SAM-DB : Manque de mémoire sur PC fixe - Google Chrome,Tâches diverses,2021-10-11,14:19:56,00:00:02
stefano.crapanzano@chu.ulg.ac.be,SAM-DB : Impossible de se connecter aux serveurs du CHU - Google Chrome,Tâches diverses,2021-10-11,14:20:34,00:00:05
stefano.crapanzano@chu.ulg.ac.be,Rechercher - Mozilla Thunderbird,Helpdesk général,2021-10-11,14:22:07,00:00:35
stefano.crapanzano@chu.ulg.ac.be,Rechercher - Mozilla Thunderbird,Helpdesk général,2021-10-11,14:22:51,00:00:16
stefano.crapanzano@chu.ulg.ac.be,X01 connexion - Mozilla Thunderbird,Helpdesk général,2021-10-11,14:23:13,00:01:04
stefano.crapanzano@chu.ulg.ac.be,X01 connexion - Mozilla Thunderbird,Helpdesk général,2021-10-11,14:24:52,00:01:05
stefano.crapanzano@chu.ulg.ac.be,ERP4HC2.0: SAP GUI 760 - SDERP-18905 - Mozilla Thunderbird,Helpdesk général,2021-10-11,14:25:58,00:01:09
stefano.crapanzano@chu.ulg.ac.be,Boîte de Réception - Zimbra - Stefano Crapanzano - Outlook,Helpdesk général,2021-10-11,14:27:23,00:00:04
stefano.crapanzano@chu.ulg.ac.be,Boîte de réception - erp.sai@chuliege.be - Outlook,Helpdesk général,2021-10-11,14:27:27,00:00:26
stefano.crapanzano@chu.ulg.ac.be,2 Traité - erp.sai@chuliege.be - Outlook,Helpdesk général,2021-10-11,14:27:54,00:00:37
stefano.crapanzano@chu.ulg.ac.be,2 Traité - erp.sai@chuliege.be - Outlook,Helpdesk général,2021-10-11,14:29:15,00:00:35
stefano.crapanzano@chu.ulg.ac.be,RE: ERP4HC2.0: SAP GUI 760 - SDERP-18905 - Message (HTML),Helpdesk général,2021-10-11,14:28:32,00:00:05
stefano.crapanzano@chu.ulg.ac.be,RE: ERP4HC2.0: SAP GUI 760 - SDERP-18905 - Message (HTML),Helpdesk général,2021-10-11,14:28:42,00:00:06
stefano.crapanzano@chu.ulg.ac.be,RE: ERP4HC2.0: SAP GUI 760 - SDERP-18905 - Message (HTML),Helpdesk général,2021-10-11,14:29:56,00:00:06
stefano.crapanzano@chu.ulg.ac.be,RE: ERP4HC2.0: SAP GUI 760 - SDERP-18905 - Message (HTML),Helpdesk général,2021-10-11,14:31:16,00:00:30
stefano.crapanzano@chu.ulg.ac.be,RE: ERP4HC2.0: SAP GUI 760 - SDERP-18905 - Message (HTML),Helpdesk général,2021-10-11,14:32:14,00:00:02
stefano.crapanzano@chu.ulg.ac.be,RE: ERP4HC2.0: SAP GUI 760 - SDERP-18905 - Message (HTML),Helpdesk général,2021-10-11,14:32:32,00:00:08
stefano.crapanzano@chu.ulg.ac.be,RE: ERP4HC2.0: SAP GUI 760 - SDERP-18905 - Message (HTML),Helpdesk général,2021-10-11,14:32:45,00:00:14
stefano.crapanzano@chu.ulg.ac.be,RE: ERP4HC2.0: SAP GUI 760 - SDERP-18905 - Message (HTML),Helpdesk général,2021-10-11,14:33:35,00:00:02
stefano.crapanzano@chu.ulg.ac.be,P203 - SAPGUI 760 pour connexion à ERP 2.0 - Xperthis ERP4HC 1.0 - Service d'assistance - Google Chrome,Tâches diverses,2021-10-11,14:32:23,00:00:09
stefano.crapanzano@chu.ulg.ac.be,P203 - SAPGUI 760 pour connexion à ERP 2.0 - Xperthis ERP4HC 1.0 - Service d'assistance - Google Chrome,Tâches diverses,2021-10-11,14:33:11,00:00:05
stefano.crapanzano@chu.ulg.ac.be,TR: ERP4HC2.0: SAP GUI 760 - SDERP-18905 - Message (HTML),Helpdesk général,2021-10-11,14:32:41,00:00:03
stefano.crapanzano@chu.ulg.ac.be,Intégration système,Helpdesk général,2021-10-11,14:35:06,00:00:02
stefano.crapanzano@chu.ulg.ac.be,Rédaction : Re: Fwd: STERPBE-2731 Connexion à TE6 et A03 impossible. Problème identique au ticket SDERP-18907 - Thunderbird,Helpdesk général,2021-10-11,14:35:23,00:00:31
stefano.crapanzano@chu.ulg.ac.be,SSP Message d'erreur lors de la création d'un panier dans SSP (X01) - Xperthis ERP4HC 2.0 Rollout - Service d'assistance - Google Chrome,Tâches diverses,2021-10-11,14:46:20,00:00:21
stefano.crapanzano@chu.ulg.ac.be,SSP Message d'erreur lors de la création d'un panier dans SSP (X01) - Xperthis ERP4HC 2.0 Rollout - Service d'assistance - Google Chrome,Tâches diverses,2021-10-11,16:06:57,00:00:26
stefano.crapanzano@chu.ulg.ac.be,SSP Message d'erreur lors de la création d'un panier dans SSP (X01) - Xperthis ERP4HC 2.0 Rollout - Service d'assistance - Google Chrome,Tâches diverses,2021-10-11,16:07:31,00:00:06
stefano.crapanzano@chu.ulg.ac.be,SSP Message d'erreur lors de la création d'un panier dans SSP (X01) - Xperthis ERP4HC 2.0 Rollout - Service d'assistance - Google Chrome,Tâches diverses,2021-10-11,16:10:04,00:00:05
stefano.crapanzano@chu.ulg.ac.be,SSP Message d'erreur lors de la création d'un panier dans SSP (X01) - Xperthis ERP4HC 2.0 Rollout - Service d'assistance - Google Chrome,Tâches diverses,2021-10-11,16:11:16,00:01:34
stefano.crapanzano@chu.ulg.ac.be,SSP Message d'erreur lors de la création d'un panier dans SSP (X01) - Xperthis ERP4HC 2.0 Rollout - Service d'assistance - Google Chrome,Tâches diverses,2021-10-11,17:13:04,00:00:02
stefano.crapanzano@chu.ulg.ac.be,SSP NOUVELLE VERSION SAP PPOMA - Xperthis ERP4HC 2.0 Rollout - Service d'assistance - Google Chrome,Tâches diverses,2021-10-11,14:50:17,00:00:04
stefano.crapanzano@chu.ulg.ac.be,SSP Comment sélectionner tous les catalogues pour les ajouter à un utilisateur ? - Xperthis ERP4HC 2.0 Rollout - Service d'assistance - Google Chrome,Tâches diverses,2021-10-11,16:04:09,00:00:23
stefano.crapanzano@chu.ulg.ac.be,SSP Comment sélectionner tous les catalogues pour les ajouter à un utilisateur ? - Xperthis ERP4HC 2.0 Rollout - Service d'assistance - Google Chrome,Tâches diverses,2021-10-11,17:11:37,00:01:16
stefano.crapanzano@chu.ulg.ac.be,SSP Comment sélectionner tous les catalogues pour les ajouter à un utilisateur ? - Xperthis ERP4HC 2.0 Rollout - Service d'assistance - Google Chrome,Tâches diverses,2021-10-11,17:15:31,00:00:08
stefano.crapanzano@chu.ulg.ac.be,SSP Comment sélectionner tous les catalogues pour les ajouter à un utilisateur ? - Xperthis ERP4HC 2.0 Rollout - Service d'assistance - Google Chrome,Tâches diverses,2021-10-11,17:24:41,00:00:04
stefano.crapanzano@chu.ulg.ac.be,SSP Comment sélectionner tous les catalogues pour les ajouter à un utilisateur ? - Xperthis ERP4HC 2.0 Rollout - Service d'assistance - Google Chrome,Tâches diverses,2021-10-11,17:26:16,00:00:16
stefano.crapanzano@chu.ulg.ac.be,SSP Comment sélectionner tous les catalogues pour les ajouter à un utilisateur ? - Xperthis ERP4HC 2.0 Rollout - Service d'assistance - Google Chrome,Tâches diverses,2021-10-11,17:26:43,00:00:04
stefano.crapanzano@chu.ulg.ac.be,Connexion - Google Chrome,Tâches diverses,2021-10-11,16:04:50,00:00:09
stefano.crapanzano@chu.ulg.ac.be,Connexion - Google Chrome,Tâches diverses,2021-10-11,17:08:56,00:00:12
stefano.crapanzano@chu.ulg.ac.be,Page d'accueil - Google Chrome,Tâches diverses,2021-10-11,16:05:06,00:00:02
stefano.crapanzano@chu.ulg.ac.be,Page d'accueil - Google Chrome,Tâches diverses,2021-10-11,16:08:41,00:00:02
stefano.crapanzano@chu.ulg.ac.be,Page d'accueil - Google Chrome,Tâches diverses,2021-10-11,16:09:01,00:00:02
stefano.crapanzano@chu.ulg.ac.be,Page d'accueil - Google Chrome,Tâches diverses,2021-10-11,16:11:07,00:00:02
stefano.crapanzano@chu.ulg.ac.be,Page d'accueil - Google Chrome,Tâches diverses,2021-10-11,16:13:40,00:00:04
stefano.crapanzano@chu.ulg.ac.be,Page d'accueil - Google Chrome,Helpdesk général,2021-10-11,16:15:59,00:00:09
stefano.crapanzano@chu.ulg.ac.be,Page d'accueil - Google Chrome,Tâches diverses,2021-10-11,17:09:37,00:00:02
stefano.crapanzano@chu.ulg.ac.be,Options par défaut pour utilisateurs - Google Chrome,Tâches diverses,2021-10-11,16:05:09,00:01:21
stefano.crapanzano@chu.ulg.ac.be,Options par défaut pour utilisateurs - Google Chrome,Tâches diverses,2021-10-11,16:06:40,00:00:02
stefano.crapanzano@chu.ulg.ac.be,Options par défaut pour utilisateurs - Google Chrome,Tâches diverses,2021-10-11,16:07:23,00:00:07
stefano.crapanzano@chu.ulg.ac.be,Options par défaut pour utilisateurs - Google Chrome,Tâches diverses,2021-10-11,16:07:41,00:00:06
stefano.crapanzano@chu.ulg.ac.be,Options par défaut pour utilisateurs - Google Chrome,Tâches diverses,2021-10-11,16:08:31,00:00:09
stefano.crapanzano@chu.ulg.ac.be,Options par défaut pour utilisateurs - Google Chrome,Tâches diverses,2021-10-11,16:09:16,00:00:21
stefano.crapanzano@chu.ulg.ac.be,Options par défaut pour utilisateurs - Google Chrome,Tâches diverses,2021-10-11,16:11:09,00:00:06
stefano.crapanzano@chu.ulg.ac.be,Options par défaut pour utilisateurs - Google Chrome,Tâches diverses,2021-10-11,16:12:51,00:00:16
stefano.crapanzano@chu.ulg.ac.be,Traiter options par défaut pour utilisateurs - Google Chrome,Tâches diverses,2021-10-11,16:07:48,00:00:43
stefano.crapanzano@chu.ulg.ac.be,LOAD_USR_ATTRS_CHU-3.xlsx - Excel,Tâches diverses,2021-10-11,16:14:08,00:01:09
stefano.crapanzano@chu.ulg.ac.be,si-s-serv503 - Netop Remote Control,Helpdesk général,2021-10-11,16:51:24,00:01:20
stefano.crapanzano@chu.ulg.ac.be,si-s-serv503 - Netop Remote Control,Helpdesk général,2021-10-11,16:52:52,00:02:26
stefano.crapanzano@chu.ulg.ac.be,si-s-serv503 - Netop Remote Control,Helpdesk général,2021-10-11,16:56:25,00:00:38
stefano.crapanzano@chu.ulg.ac.be,si-s-serv503 - Netop Remote Control,Helpdesk général,2021-10-11,16:57:16,00:00:05
stefano.crapanzano@chu.ulg.ac.be,si-s-serv503 - Netop Remote Control,Helpdesk général,2021-10-11,16:57:32,00:02:32
stefano.crapanzano@chu.ulg.ac.be,si-s-serv503 - Netop Remote Control,Helpdesk général,2021-10-11,17:00:23,00:00:57
stefano.crapanzano@chu.ulg.ac.be,Greenshot capture form,Helpdesk général,2021-10-11,16:52:48,00:00:03
stefano.crapanzano@chu.ulg.ac.be,Greenshot capture form,Helpdesk général,2021-10-11,17:10:44,00:00:10
stefano.crapanzano@chu.ulg.ac.be,Greenshot capture form,Helpdesk général,2021-10-11,17:11:31,00:00:03
stefano.crapanzano@chu.ulg.ac.be,Greenshot capture form,Helpdesk général,2021-10-11,17:20:19,00:00:10
stefano.crapanzano@chu.ulg.ac.be,Kofax: lots de facture papier - Mozilla Thunderbird,Helpdesk général,2021-10-11,16:55:21,00:00:02
stefano.crapanzano@chu.ulg.ac.be,Kofax: lots de facture papier - Mozilla Thunderbird,Helpdesk général,2021-10-11,16:57:21,00:00:02
stefano.crapanzano@chu.ulg.ac.be,Rédaction : Re: Kofax: lots de facture papier - Thunderbird,Helpdesk général,2021-10-11,16:55:24,00:00:57
stefano.crapanzano@chu.ulg.ac.be,Greenshot Éditeur d'Image,Helpdesk général,2021-10-11,16:57:04,00:00:12
stefano.crapanzano@chu.ulg.ac.be,Extended My Requests - All requests - Service Desk - Google Chrome,Tâches diverses,2021-10-11,17:07:16,00:00:13
stefano.crapanzano@chu.ulg.ac.be,SSP Problème de traduction néerlandais -> français - Xperthis ERP4HC 2.0 Rollout - Service d'assistance - Google Chrome,Tâches diverses,2021-10-11,17:07:30,00:00:35
stefano.crapanzano@chu.ulg.ac.be,SSP CHU 203 - Goedkeuringen PDA - Xperthis ERP4HC 2.0 Rollout - Service d'assistance - Google Chrome,Tâches diverses,2021-10-11,17:08:09,00:00:06
stefano.crapanzano@chu.ulg.ac.be,TESTS FLUX SSP - Imputation d'une DA pour un WOAR en K au lieu du T - Xperthis ERP4HC 2.0 Rollout - Service d'assistance - Google Chrome,Tâches diverses,2021-10-11,17:08:20,00:00:33
stefano.crapanzano@chu.ulg.ac.be,TESTS FLUX SSP - Imputation d'une DA pour un WOAR en K au lieu du T - Xperthis ERP4HC 2.0 Rollout - Service d'assistance - Google Chrome,Tâches diverses,2021-10-11,17:13:08,00:00:09
stefano.crapanzano@chu.ulg.ac.be,TESTS FLUX SSP - Imputation d'une DA pour un WOAR en K au lieu du T - Xperthis ERP4HC 2.0 Rollout - Service d'assistance - Google Chrome,Tâches diverses,2021-10-11,17:13:45,00:00:02
stefano.crapanzano@chu.ulg.ac.be,TESTS FLUX SSP - Imputation d'une DA pour un WOAR en K au lieu du T - Xperthis ERP4HC 2.0 Rollout - Service d'assistance - Google Chrome,Tâches diverses,2021-10-11,17:15:21,00:00:06
stefano.crapanzano@chu.ulg.ac.be,Ma demande d'achat - Google Chrome,Tâches diverses,2021-10-11,17:10:26,00:00:17
stefano.crapanzano@chu.ulg.ac.be,Ma demande d'achat - Google Chrome,Helpdesk général,2021-10-11,17:10:54,00:00:36
stefano.crapanzano@chu.ulg.ac.be,Ma demande d'achat - Google Chrome,Helpdesk général,2021-10-11,17:11:35,00:00:02
stefano.crapanzano@chu.ulg.ac.be,Ma demande d'achat - Google Chrome,Tâches diverses,2021-10-11,17:13:50,00:00:16
stefano.crapanzano@chu.ulg.ac.be,Ma demande d'achat - Google Chrome,Tâches diverses,2021-10-11,17:17:45,00:00:10
stefano.crapanzano@chu.ulg.ac.be,Ma demande d'achat - Google Chrome,Tâches diverses,2021-10-11,17:17:59,00:00:16
stefano.crapanzano@chu.ulg.ac.be,Ma demande d'achat - Google Chrome,Tâches diverses,2021-10-11,17:20:32,00:00:04
stefano.crapanzano@chu.ulg.ac.be,ZORGI Help Center - Service d'assistance - Google Chrome,Tâches diverses,2021-10-11,17:12:56,00:00:02
stefano.crapanzano@chu.ulg.ac.be,Incident ERP for HealthCare - Xperthis ERP4HC 2.0 Rollout - Service d'assistance - Google Chrome,Tâches diverses,2021-10-11,17:12:59,00:00:04
stefano.crapanzano@chu.ulg.ac.be,Incident ERP for HealthCare - Xperthis ERP4HC 2.0 Rollout - Service d'assistance - Google Chrome,Tâches diverses,2021-10-11,17:13:18,00:00:08
stefano.crapanzano@chu.ulg.ac.be,Incident ERP for HealthCare - Xperthis ERP4HC 2.0 Rollout - Service d'assistance - Google Chrome,Tâches diverses,2021-10-11,17:13:33,00:00:12
stefano.crapanzano@chu.ulg.ac.be,Incident ERP for HealthCare - Xperthis ERP4HC 2.0 Rollout - Service d'assistance - Google Chrome,Tâches diverses,2021-10-11,17:14:37,00:00:18
stefano.crapanzano@chu.ulg.ac.be,Incident ERP for HealthCare - Xperthis ERP4HC 2.0 Rollout - Service d'assistance - Google Chrome,Tâches diverses,2021-10-11,17:20:38,00:00:05
stefano.crapanzano@chu.ulg.ac.be,Incident ERP for HealthCare - Xperthis ERP4HC 2.0 Rollout - Service d'assistance - Google Chrome,Tâches diverses,2021-10-11,17:21:18,00:01:08
stefano.crapanzano@chu.ulg.ac.be,Incident ERP for HealthCare - Xperthis ERP4HC 2.0 Rollout - Service d'assistance - Google Chrome,Tâches diverses,2021-10-11,17:22:29,00:01:42
stefano.crapanzano@chu.ulg.ac.be,Incident ERP for HealthCare - Xperthis ERP4HC 2.0 Rollout - Service d'assistance - Google Chrome,Tâches diverses,2021-10-11,17:25:01,00:00:35
stefano.crapanzano@chu.ulg.ac.be,Incident ERP for HealthCare - Xperthis ERP4HC 2.0 Rollout - Service d'assistance - Google Chrome,Tâches diverses,2021-10-11,17:25:42,00:00:17
stefano.crapanzano@chu.ulg.ac.be,Incident ERP for HealthCare - Xperthis ERP4HC 2.0 Rollout - Service d'assistance - Google Chrome,Exploration SAP,2021-10-11,17:26:08,00:00:08
stefano.crapanzano@chu.ulg.ac.be,Détails du produit - Google Chrome,Tâches diverses,2021-10-11,17:17:38,00:00:06
stefano.crapanzano@chu.ulg.ac.be,Documents d'achat,Exploration SAP,2021-10-11,17:18:48,00:00:13
stefano.crapanzano@chu.ulg.ac.be,Documents d'achat,Exploration SAP,2021-10-11,17:19:08,00:00:02
stefano.crapanzano@chu.ulg.ac.be,Documents d'achat,Exploration SAP,2021-10-11,17:20:48,00:00:06
stefano.crapanzano@chu.ulg.ac.be,Numéro d'article (1),Exploration SAP,2021-10-11,17:19:02,00:00:02
stefano.crapanzano@chu.ulg.ac.be,Numéro d'article (1),Exploration SAP,2021-10-11,17:20:55,00:00:02
stefano.crapanzano@chu.ulg.ac.be,Numéro d'article (1)  500 Entrées trouvées,Exploration SAP,2021-10-11,17:19:04,00:00:04
stefano.crapanzano@chu.ulg.ac.be,Numéro d'article (1)  500 Entrées trouvées,Exploration SAP,2021-10-11,17:20:58,00:00:02
stefano.crapanzano@chu.ulg.ac.be,Commande interv. 40 4000119824 créée par Melinda COTTINI,Exploration SAP,2021-10-11,17:19:15,00:00:20
stefano.crapanzano@chu.ulg.ac.be,Commande interv. 40 4000128623 créée par Clara ELKHARRAT,Exploration SAP,2021-10-11,17:19:35,00:00:06
stefano.crapanzano@chu.ulg.ac.be,Commande interv. 40 4000134280 créée par Michel DAIX,Exploration SAP,2021-10-11,17:19:42,00:00:02
stefano.crapanzano@chu.ulg.ac.be,Commande interv. 40 4000137100 créée par Michel DAIX,Exploration SAP,2021-10-11,17:19:45,00:00:09
stefano.crapanzano@chu.ulg.ac.be,Commande interv. 40 4000149110 créée par Kevin LODEWYK,Exploration SAP,2021-10-11,17:19:56,00:00:22
stefano.crapanzano@chu.ulg.ac.be,Commande interv. 40 4000149110 créée par Kevin LODEWYK,Helpdesk général,2021-10-11,17:20:29,00:00:02
stefano.crapanzano@chu.ulg.ac.be,Commande interv. 40 4000149110 créée par Kevin LODEWYK,Exploration SAP,2021-10-11,17:20:44,00:00:04
stefano.crapanzano@chu.ulg.ac.be,Commande interv. 40 4000221364 créée par Sylviane ROSSENFOSSE,Exploration SAP,2021-10-11,17:21:03,00:00:13
stefano.crapanzano@chu.ulg.ac.be,Commande interv. 40 4000221364 créée par Sylviane ROSSENFOSSE,Exploration SAP,2021-10-11,17:24:32,00:00:08
stefano.crapanzano@chu.ulg.ac.be,Commande interv. 40 4000221364 créée par Sylviane ROSSENFOSSE,Exploration SAP,2021-10-11,17:25:36,00:00:04
stefano.crapanzano@chu.ulg.ac.be,Commande interv. 40 4000221364 créée par Sylviane ROSSENFOSSE,Exploration SAP,2021-10-11,17:25:59,00:00:08
stefano.crapanzano@chu.ulg.ac.be,Réceptionnaire  centre de coût et compte général pas remplis - Xperthis ERP4HC 2.0 Rollout - Service d'assistance - Google Chrome,Tâches diverses,2021-10-11,17:24:11,00:00:19
stefano.crapanzano@chu.ulg.ac.be,Réceptionnaire  centre de coût et compte général pas remplis - Xperthis ERP4HC 2.0 Rollout - Service d'assistance - Google Chrome,Tâches diverses,2021-10-11,17:24:46,00:00:12
stefano.crapanzano@chu.ulg.ac.be,Xperthis ERP4HC 2.0 Rollout - Service d'assistance - Google Chrome,Tâches diverses,2021-10-11,17:24:58,00:00:02
