Email,Description,Project,Start date,Start time,Duration
stefano.crapanzano@chu.ulg.ac.be,Administrateur : C:\Windows\system32\cmd.exe - python  main.py,IT,2022-01-06,08:33:29,00:00:02
stefano.crapanzano@chu.ulg.ac.be,Courrier entrant - erp.sai@chuliege.be - Mozilla Thunderbird,Helpdesk général,2022-01-06,08:33:31,01:07:42
stefano.crapanzano@chu.ulg.ac.be,Courrier entrant - erp.sai@chuliege.be - Mozilla Thunderbird,Helpdesk général,2022-01-06,09:41:17,00:00:12
stefano.crapanzano@chu.ulg.ac.be,Courrier entrant - erp.sai@chuliege.be - Mozilla Thunderbird,Helpdesk général,2022-01-06,09:42:54,00:01:50
stefano.crapanzano@chu.ulg.ac.be,Courrier entrant - erp.sai@chuliege.be - Mozilla Thunderbird,Helpdesk général,2022-01-06,09:46:34,00:00:04
stefano.crapanzano@chu.ulg.ac.be,Courrier entrant - erp.sai@chuliege.be - Mozilla Thunderbird,Helpdesk général,2022-01-06,09:47:04,00:00:43
stefano.crapanzano@chu.ulg.ac.be,Courrier entrant - erp.sai@chuliege.be - Mozilla Thunderbird,Tâches diverses,2022-01-06,10:25:32,00:00:24
stefano.crapanzano@chu.ulg.ac.be,Courrier entrant - erp.sai@chuliege.be - Mozilla Thunderbird,Helpdesk général,2022-01-06,10:35:59,00:00:02
stefano.crapanzano@chu.ulg.ac.be,Courrier entrant - erp.sai@chuliege.be - Mozilla Thunderbird,Helpdesk général,2022-01-06,10:39:04,00:00:06
stefano.crapanzano@chu.ulg.ac.be,Courrier entrant - erp.sai@chuliege.be - Mozilla Thunderbird,Helpdesk général,2022-01-06,10:39:34,00:00:14
stefano.crapanzano@chu.ulg.ac.be,Courrier entrant - erp.sai@chuliege.be - Mozilla Thunderbird,Helpdesk général,2022-01-06,10:39:50,00:00:02
stefano.crapanzano@chu.ulg.ac.be,Courrier entrant - erp.sai@chuliege.be - Mozilla Thunderbird,Helpdesk général,2022-01-06,10:39:55,00:00:08
stefano.crapanzano@chu.ulg.ac.be,Courrier entrant - erp.sai@chuliege.be - Mozilla Thunderbird,Helpdesk général,2022-01-06,10:40:09,00:13:57
stefano.crapanzano@chu.ulg.ac.be,Courrier entrant - erp.sai@chuliege.be - Mozilla Thunderbird,Helpdesk général,2022-01-06,15:14:02,00:00:09
stefano.crapanzano@chu.ulg.ac.be,Courrier entrant - stefano.crapanzano@chuliege.be - Mozilla Thunderbird,Helpdesk général,2022-01-06,09:41:13,00:00:03
stefano.crapanzano@chu.ulg.ac.be,Courrier entrant - stefano.crapanzano@chuliege.be - Mozilla Thunderbird,Helpdesk général,2022-01-06,12:36:36,00:00:02
stefano.crapanzano@chu.ulg.ac.be,Courrier entrant - stefano.crapanzano@chuliege.be - Mozilla Thunderbird,Helpdesk général,2022-01-06,13:31:47,00:02:33
stefano.crapanzano@chu.ulg.ac.be,Navigation système de fichier,IT,2022-01-06,09:41:29,00:01:24
stefano.crapanzano@chu.ulg.ac.be,Navigation système de fichier,IT,2022-01-06,09:44:44,00:00:08
stefano.crapanzano@chu.ulg.ac.be,Navigation système de fichier,IT,2022-01-06,09:46:09,00:00:06
stefano.crapanzano@chu.ulg.ac.be,Navigation système de fichier,IT,2022-01-06,10:54:07,00:00:02
stefano.crapanzano@chu.ulg.ac.be,Navigation système de fichier,IT,2022-01-06,10:56:47,00:00:02
stefano.crapanzano@chu.ulg.ac.be,Navigation système de fichier,IT,2022-01-06,12:36:42,00:00:02
stefano.crapanzano@chu.ulg.ac.be,Navigation système de fichier,IT,2022-01-06,15:16:37,00:00:25
stefano.crapanzano@chu.ulg.ac.be,Navigation système de fichier,IT,2022-01-06,15:18:11,00:00:03
stefano.crapanzano@chu.ulg.ac.be,Navigation système de fichier,IT,2022-01-06,15:23:50,00:00:02
stefano.crapanzano@chu.ulg.ac.be,Navigation système de fichier,IT,2022-01-06,15:24:04,00:00:03
stefano.crapanzano@chu.ulg.ac.be,Navigation système de fichier,IT,2022-01-06,15:27:08,00:00:02
stefano.crapanzano@chu.ulg.ac.be,Navigation système de fichier,IT,2022-01-06,15:30:17,00:00:02
stefano.crapanzano@chu.ulg.ac.be,Navigation système de fichier,IT,2022-01-06,15:32:47,00:00:03
stefano.crapanzano@chu.ulg.ac.be,Navigation système de fichier,IT,2022-01-06,15:44:46,00:00:07
stefano.crapanzano@chu.ulg.ac.be,Navigation système de fichier,IT,2022-01-06,17:09:53,00:00:34
stefano.crapanzano@chu.ulg.ac.be,Navigation système de fichier,IT,2022-01-06,17:10:35,00:00:19
stefano.crapanzano@chu.ulg.ac.be,Navigation système de fichier,IT,2022-01-06,17:10:55,00:00:02
stefano.crapanzano@chu.ulg.ac.be,Navigation système de fichier,IT,2022-01-06,17:16:15,00:00:08
stefano.crapanzano@chu.ulg.ac.be,PE2_203 - sftp://PE2U2FTP@153.89.110.38 - FileZilla,Helpdesk général,2022-01-06,09:46:15,00:00:18
stefano.crapanzano@chu.ulg.ac.be,Rédaction : Re: erreur chargement - Thunderbird,Helpdesk général,2022-01-06,09:46:39,00:00:23
stefano.crapanzano@chu.ulg.ac.be,Perl  Character Comparison - Perl | Dream.In.Code - Google Chrome,Tâches diverses,2022-01-06,09:47:48,00:00:02
stefano.crapanzano@chu.ulg.ac.be,Identification - Google Chrome,Tâches diverses,2022-01-06,09:47:51,00:00:09
stefano.crapanzano@chu.ulg.ac.be,Sélectionnez l’objet utilisateur à changer | Site d’administration de Django - Google Chrome,Tâches diverses,2022-01-06,09:48:02,00:37:30
stefano.crapanzano@chu.ulg.ac.be,SVN_LOCAL2 – CHL_ERP_GOAL_ECRITURE_COMPTABLE_REPARTITION.pl [SOURCES] (Administrator),IT,2022-01-06,10:25:57,00:04:07
stefano.crapanzano@chu.ulg.ac.be,SVN_LOCAL2 – CHL_ERP_GOAL_ECRITURE_COMPTABLE_REPARTITION.pl [SOURCES] (Administrator),IT,2022-01-06,10:54:10,00:02:37
stefano.crapanzano@chu.ulg.ac.be,SVN_LOCAL2 – CHL_ERP_GOAL_ECRITURE_COMPTABLE_REPARTITION.pl [SOURCES] (Administrator),IT,2022-01-06,10:57:12,00:00:02
stefano.crapanzano@chu.ulg.ac.be,SVN_LOCAL2 – CHL_ERP_GOAL_ECRITURE_COMPTABLE_REPARTITION.pl [SOURCES] (Administrator),IT,2022-01-06,10:57:35,00:01:55
stefano.crapanzano@chu.ulg.ac.be,SVN_LOCAL2 – CHL_ERP_GOAL_ECRITURE_COMPTABLE_REPARTITION.pl [SOURCES] (Administrator),IT,2022-01-06,10:59:54,00:21:42
stefano.crapanzano@chu.ulg.ac.be,SVN_LOCAL2 – CHL_ERP_GOAL_ECRITURE_COMPTABLE_REPARTITION.pl [SOURCES] (Administrator),IT,2022-01-06,11:21:44,00:02:04
stefano.crapanzano@chu.ulg.ac.be,SVN_LOCAL2 – CHL_ERP_GOAL_ECRITURE_COMPTABLE_REPARTITION.pl [SOURCES] (Administrator),IT,2022-01-06,11:23:58,00:01:48
stefano.crapanzano@chu.ulg.ac.be,SVN_LOCAL2 – CHL_ERP_GOAL_ECRITURE_COMPTABLE_REPARTITION.pl [SOURCES] (Administrator),IT,2022-01-06,11:26:04,00:00:18
stefano.crapanzano@chu.ulg.ac.be,SVN_LOCAL2 – CHL_ERP_GOAL_ECRITURE_COMPTABLE_REPARTITION.pl [SOURCES] (Administrator),IT,2022-01-06,11:26:35,00:00:03
stefano.crapanzano@chu.ulg.ac.be,SVN_LOCAL2 – CHL_ERP_GOAL_ECRITURE_COMPTABLE_REPARTITION.pl [SOURCES] (Administrator),IT,2022-01-06,11:30:23,00:00:13
stefano.crapanzano@chu.ulg.ac.be,SVN_LOCAL2 – CHL_ERP_GOAL_ECRITURE_COMPTABLE_REPARTITION.pl [SOURCES] (Administrator),IT,2022-01-06,11:30:42,00:01:30
stefano.crapanzano@chu.ulg.ac.be,SVN_LOCAL2 – CHL_ERP_GOAL_ECRITURE_COMPTABLE_REPARTITION.pl [SOURCES] (Administrator),IT,2022-01-06,11:32:17,00:06:16
stefano.crapanzano@chu.ulg.ac.be,SVN_LOCAL2 – CHL_ERP_GOAL_ECRITURE_COMPTABLE_REPARTITION.pl [SOURCES] (Administrator),IT,2022-01-06,11:38:50,00:18:02
stefano.crapanzano@chu.ulg.ac.be,SVN_LOCAL2 – CHL_ERP_GOAL_ECRITURE_COMPTABLE_REPARTITION.pl [SOURCES] (Administrator),IT,2022-01-06,11:57:03,00:18:25
stefano.crapanzano@chu.ulg.ac.be,SVN_LOCAL2 – CHL_ERP_GOAL_ECRITURE_COMPTABLE_REPARTITION.pl [SOURCES] (Administrator),IT,2022-01-06,12:15:48,00:01:11
stefano.crapanzano@chu.ulg.ac.be,SVN_LOCAL2 – CHL_ERP_GOAL_ECRITURE_COMPTABLE_REPARTITION.pl [SOURCES] (Administrator),IT,2022-01-06,12:17:32,00:00:20
stefano.crapanzano@chu.ulg.ac.be,SVN_LOCAL2 – CHL_ERP_GOAL_ECRITURE_COMPTABLE_REPARTITION.pl [SOURCES] (Administrator),IT,2022-01-06,12:17:56,00:14:46
stefano.crapanzano@chu.ulg.ac.be,SVN_LOCAL2 – CHL_ERP_GOAL_ECRITURE_COMPTABLE_REPARTITION.pl [SOURCES] (Administrator),IT,2022-01-06,12:32:45,00:03:15
stefano.crapanzano@chu.ulg.ac.be,SVN_LOCAL2 – CHL_ERP_GOAL_ECRITURE_COMPTABLE_REPARTITION.pl [SOURCES] (Administrator),IT,2022-01-06,12:36:04,00:00:02
stefano.crapanzano@chu.ulg.ac.be,SVN_LOCAL2 – CHL_ERP_GOAL_ECRITURE_COMPTABLE_REPARTITION.pl [SOURCES] (Administrator),IT,2022-01-06,12:36:45,00:00:57
stefano.crapanzano@chu.ulg.ac.be,SVN_LOCAL2 – CHL_ERP_GOAL_ECRITURE_COMPTABLE_REPARTITION.pl [SOURCES] (Administrator),IT,2022-01-06,12:37:44,00:00:20
stefano.crapanzano@chu.ulg.ac.be,SVN_LOCAL2 – CHL_ERP_GOAL_ECRITURE_COMPTABLE_REPARTITION.pl [SOURCES] (Administrator),IT,2022-01-06,12:38:18,00:01:56
stefano.crapanzano@chu.ulg.ac.be,SVN_LOCAL2 – CHL_ERP_GOAL_ECRITURE_COMPTABLE_REPARTITION.pl [SOURCES] (Administrator),IT,2022-01-06,12:40:20,00:00:12
stefano.crapanzano@chu.ulg.ac.be,SVN_LOCAL2 – CHL_ERP_GOAL_ECRITURE_COMPTABLE_REPARTITION.pl [SOURCES] (Administrator),IT,2022-01-06,12:40:36,00:00:32
stefano.crapanzano@chu.ulg.ac.be,SVN_LOCAL2 – CHL_ERP_GOAL_ECRITURE_COMPTABLE_REPARTITION.pl [SOURCES] (Administrator),IT,2022-01-06,12:41:17,00:00:30
stefano.crapanzano@chu.ulg.ac.be,SVN_LOCAL2 – CHL_ERP_GOAL_ECRITURE_COMPTABLE_REPARTITION.pl [SOURCES] (Administrator),IT,2022-01-06,12:41:56,00:49:49
stefano.crapanzano@chu.ulg.ac.be,SVN_LOCAL2 – CHL_ERP_GOAL_ECRITURE_COMPTABLE_REPARTITION.pl [SOURCES] (Administrator),IT,2022-01-06,13:34:22,00:02:14
stefano.crapanzano@chu.ulg.ac.be,SVN_LOCAL2 – CHL_ERP_GOAL_ECRITURE_COMPTABLE_REPARTITION.pl [SOURCES] (Administrator),IT,2022-01-06,13:37:01,01:36:58
stefano.crapanzano@chu.ulg.ac.be,SVN_LOCAL2 – CHL_ERP_GOAL_ECRITURE_COMPTABLE_REPARTITION.pl [SOURCES] (Administrator),IT,2022-01-06,15:14:36,00:02:01
stefano.crapanzano@chu.ulg.ac.be,SVN_LOCAL2 – CHL_ERP_GOAL_ECRITURE_COMPTABLE_REPARTITION.pl [SOURCES] (Administrator),IT,2022-01-06,15:17:18,00:00:05
stefano.crapanzano@chu.ulg.ac.be,SVN_LOCAL2 – CHL_ERP_GOAL_ECRITURE_COMPTABLE_REPARTITION.pl [SOURCES] (Administrator),IT,2022-01-06,15:17:27,00:00:02
stefano.crapanzano@chu.ulg.ac.be,SVN_LOCAL2 – CHL_ERP_GOAL_ECRITURE_COMPTABLE_REPARTITION.pl [SOURCES] (Administrator),IT,2022-01-06,15:17:32,00:00:02
stefano.crapanzano@chu.ulg.ac.be,SVN_LOCAL2 – CHL_ERP_GOAL_ECRITURE_COMPTABLE_REPARTITION.pl [SOURCES] (Administrator),IT,2022-01-06,15:17:38,00:00:04
stefano.crapanzano@chu.ulg.ac.be,SVN_LOCAL2 – CHL_ERP_GOAL_ECRITURE_COMPTABLE_REPARTITION.pl [SOURCES] (Administrator),IT,2022-01-06,15:17:47,00:00:09
stefano.crapanzano@chu.ulg.ac.be,SVN_LOCAL2 – CHL_ERP_GOAL_ECRITURE_COMPTABLE_REPARTITION.pl [SOURCES] (Administrator),IT,2022-01-06,15:17:58,00:00:07
stefano.crapanzano@chu.ulg.ac.be,SVN_LOCAL2 – CHL_ERP_GOAL_ECRITURE_COMPTABLE_REPARTITION.pl [SOURCES] (Administrator),IT,2022-01-06,15:18:31,00:00:05
stefano.crapanzano@chu.ulg.ac.be,SVN_LOCAL2 – CHL_ERP_GOAL_ECRITURE_COMPTABLE_REPARTITION.pl [SOURCES] (Administrator),IT,2022-01-06,15:18:45,00:00:29
stefano.crapanzano@chu.ulg.ac.be,SVN_LOCAL2 – CHL_ERP_GOAL_ECRITURE_COMPTABLE_REPARTITION.pl [SOURCES] (Administrator),IT,2022-01-06,15:19:16,00:00:04
stefano.crapanzano@chu.ulg.ac.be,SVN_LOCAL2 – CHL_ERP_GOAL_ECRITURE_COMPTABLE_REPARTITION.pl [SOURCES] (Administrator),IT,2022-01-06,15:21:14,00:00:23
stefano.crapanzano@chu.ulg.ac.be,SVN_LOCAL2 – CHL_ERP_GOAL_ECRITURE_COMPTABLE_REPARTITION.pl [SOURCES] (Administrator),IT,2022-01-06,15:21:47,00:00:20
stefano.crapanzano@chu.ulg.ac.be,SVN_LOCAL2 – CHL_ERP_GOAL_ECRITURE_COMPTABLE_REPARTITION.pl [SOURCES] (Administrator),IT,2022-01-06,15:22:23,00:01:15
stefano.crapanzano@chu.ulg.ac.be,SVN_LOCAL2 – CHL_ERP_GOAL_ECRITURE_COMPTABLE_REPARTITION.pl [SOURCES] (Administrator),IT,2022-01-06,15:24:11,00:00:31
stefano.crapanzano@chu.ulg.ac.be,SVN_LOCAL2 – CHL_ERP_GOAL_ECRITURE_COMPTABLE_REPARTITION.pl [SOURCES] (Administrator),IT,2022-01-06,15:24:46,00:02:22
stefano.crapanzano@chu.ulg.ac.be,SVN_LOCAL2 – CHL_ERP_GOAL_ECRITURE_COMPTABLE_REPARTITION.pl [SOURCES] (Administrator),IT,2022-01-06,15:27:33,00:00:25
stefano.crapanzano@chu.ulg.ac.be,SVN_LOCAL2 – CHL_ERP_GOAL_ECRITURE_COMPTABLE_REPARTITION.pl [SOURCES] (Administrator),IT,2022-01-06,15:30:20,00:01:56
stefano.crapanzano@chu.ulg.ac.be,SVN_LOCAL2 – CHL_ERP_GOAL_ECRITURE_COMPTABLE_REPARTITION.pl [SOURCES] (Administrator),IT,2022-01-06,15:32:53,00:00:13
stefano.crapanzano@chu.ulg.ac.be,SVN_LOCAL2 – CHL_ERP_GOAL_ECRITURE_COMPTABLE_REPARTITION.pl [SOURCES] (Administrator),IT,2022-01-06,15:33:11,00:09:33
stefano.crapanzano@chu.ulg.ac.be,SVN_LOCAL2 – CHL_ERP_GOAL_ECRITURE_COMPTABLE_REPARTITION.pl [SOURCES] (Administrator),IT,2022-01-06,15:44:54,00:00:09
stefano.crapanzano@chu.ulg.ac.be,SVN_LOCAL2 – CHL_ERP_GOAL_ECRITURE_COMPTABLE_REPARTITION.pl [SOURCES] (Administrator),IT,2022-01-06,15:45:36,00:00:54
stefano.crapanzano@chu.ulg.ac.be,SVN_LOCAL2 – CHL_ERP_GOAL_ECRITURE_COMPTABLE_REPARTITION.pl [SOURCES] (Administrator),IT,2022-01-06,15:46:51,00:00:36
stefano.crapanzano@chu.ulg.ac.be,SVN_LOCAL2 – CHL_ERP_GOAL_ECRITURE_COMPTABLE_REPARTITION.pl [SOURCES] (Administrator),IT,2022-01-06,15:54:33,00:21:26
stefano.crapanzano@chu.ulg.ac.be,SVN_LOCAL2 – CHL_ERP_GOAL_ECRITURE_COMPTABLE_REPARTITION.pl [SOURCES] (Administrator),IT,2022-01-06,16:25:40,00:01:00
stefano.crapanzano@chu.ulg.ac.be,SVN_LOCAL2 – CHL_ERP_GOAL_ECRITURE_COMPTABLE_REPARTITION.pl [SOURCES] (Administrator),IT,2022-01-06,16:26:45,00:00:34
stefano.crapanzano@chu.ulg.ac.be,SVN_LOCAL2 – CHL_ERP_GOAL_ECRITURE_COMPTABLE_REPARTITION.pl [SOURCES] (Administrator),IT,2022-01-06,16:27:43,00:16:54
stefano.crapanzano@chu.ulg.ac.be,SVN_LOCAL2 – CHL_ERP_GOAL_ECRITURE_COMPTABLE_REPARTITION.pl [SOURCES] (Administrator),IT,2022-01-06,16:45:07,00:00:58
stefano.crapanzano@chu.ulg.ac.be,SVN_LOCAL2 – CHL_ERP_GOAL_ECRITURE_COMPTABLE_REPARTITION.pl [SOURCES] (Administrator),IT,2022-01-06,16:46:11,00:09:27
stefano.crapanzano@chu.ulg.ac.be,SVN_LOCAL2 – CHL_ERP_GOAL_ECRITURE_COMPTABLE_REPARTITION.pl [SOURCES] (Administrator),IT,2022-01-06,16:55:40,00:00:14
stefano.crapanzano@chu.ulg.ac.be,SVN_LOCAL2 – CHL_ERP_GOAL_ECRITURE_COMPTABLE_REPARTITION.pl [SOURCES] (Administrator),IT,2022-01-06,16:56:03,00:00:29
stefano.crapanzano@chu.ulg.ac.be,SVN_LOCAL2 – CHL_ERP_GOAL_ECRITURE_COMPTABLE_REPARTITION.pl [SOURCES] (Administrator),IT,2022-01-06,16:56:52,00:00:05
stefano.crapanzano@chu.ulg.ac.be,SVN_LOCAL2 – CHL_ERP_GOAL_ECRITURE_COMPTABLE_REPARTITION.pl [SOURCES] (Administrator),IT,2022-01-06,16:57:00,00:00:41
stefano.crapanzano@chu.ulg.ac.be,SVN_LOCAL2 – CHL_ERP_GOAL_ECRITURE_COMPTABLE_REPARTITION.pl [SOURCES] (Administrator),IT,2022-01-06,16:57:47,00:00:07
stefano.crapanzano@chu.ulg.ac.be,SVN_LOCAL2 – CHL_ERP_GOAL_ECRITURE_COMPTABLE_REPARTITION.pl [SOURCES] (Administrator),IT,2022-01-06,16:58:11,00:02:19
stefano.crapanzano@chu.ulg.ac.be,SVN_LOCAL2 – CHL_ERP_GOAL_ECRITURE_COMPTABLE_REPARTITION.pl [SOURCES] (Administrator),IT,2022-01-06,17:00:33,00:00:13
stefano.crapanzano@chu.ulg.ac.be,SVN_LOCAL2 – CHL_ERP_GOAL_ECRITURE_COMPTABLE_REPARTITION.pl [SOURCES] (Administrator),IT,2022-01-06,17:00:53,00:03:11
stefano.crapanzano@chu.ulg.ac.be,SVN_LOCAL2 – CHL_ERP_GOAL_ECRITURE_COMPTABLE_REPARTITION.pl [SOURCES] (Administrator),IT,2022-01-06,17:04:14,00:00:05
stefano.crapanzano@chu.ulg.ac.be,SVN_LOCAL2 – CHL_ERP_GOAL_ECRITURE_COMPTABLE_REPARTITION.pl [SOURCES] (Administrator),IT,2022-01-06,17:04:27,00:01:31
stefano.crapanzano@chu.ulg.ac.be,SVN_LOCAL2 – CHL_ERP_GOAL_ECRITURE_COMPTABLE_REPARTITION.pl [SOURCES] (Administrator),IT,2022-01-06,17:06:02,00:00:05
stefano.crapanzano@chu.ulg.ac.be,SVN_LOCAL2 – CHL_ERP_GOAL_ECRITURE_COMPTABLE_REPARTITION.pl [SOURCES] (Administrator),IT,2022-01-06,17:06:08,00:00:18
stefano.crapanzano@chu.ulg.ac.be,SVN_LOCAL2 – CHL_ERP_GOAL_ECRITURE_COMPTABLE_REPARTITION.pl [SOURCES] (Administrator),IT,2022-01-06,17:06:50,00:00:15
stefano.crapanzano@chu.ulg.ac.be,SVN_LOCAL2 – CHL_ERP_GOAL_ECRITURE_COMPTABLE_REPARTITION.pl [SOURCES] (Administrator),IT,2022-01-06,17:07:08,00:00:08
stefano.crapanzano@chu.ulg.ac.be,SVN_LOCAL2 – CHL_ERP_GOAL_ECRITURE_COMPTABLE_REPARTITION.pl [SOURCES] (Administrator),IT,2022-01-06,17:07:44,00:00:13
stefano.crapanzano@chu.ulg.ac.be,SVN_LOCAL2 – CHL_ERP_GOAL_ECRITURE_COMPTABLE_REPARTITION.pl [SOURCES] (Administrator),IT,2022-01-06,17:08:13,00:01:40
stefano.crapanzano@chu.ulg.ac.be,SVN_LOCAL2 – CHL_ERP_GOAL_ECRITURE_COMPTABLE_REPARTITION.pl [SOURCES] (Administrator),IT,2022-01-06,17:11:07,00:00:20
stefano.crapanzano@chu.ulg.ac.be,SVN_LOCAL2 – CHL_ERP_GOAL_ECRITURE_COMPTABLE_REPARTITION.pl [SOURCES] (Administrator),IT,2022-01-06,17:11:33,00:00:43
stefano.crapanzano@chu.ulg.ac.be,SVN_LOCAL2 – CHL_ERP_GOAL_ECRITURE_COMPTABLE_REPARTITION.pl [SOURCES] (Administrator),IT,2022-01-06,17:12:24,00:00:51
stefano.crapanzano@chu.ulg.ac.be,SVN_LOCAL2 – CHL_ERP_GOAL_ECRITURE_COMPTABLE_REPARTITION.pl [SOURCES] (Administrator),IT,2022-01-06,17:13:30,00:02:43
stefano.crapanzano@chu.ulg.ac.be,SAP Logon 760,Exploration SAP,2022-01-06,10:30:07,00:00:05
stefano.crapanzano@chu.ulg.ac.be,SAP Easy Access Menu de base Applications financières-économiques,Exploration SAP,2022-01-06,10:30:13,00:00:18
stefano.crapanzano@chu.ulg.ac.be,Management d'utilisateurs,Exploration SAP,2022-01-06,10:30:32,00:00:35
stefano.crapanzano@chu.ulg.ac.be,Rapport utilisateurs,Exploration SAP,2022-01-06,10:31:07,00:00:10
stefano.crapanzano@chu.ulg.ac.be,Rapport utilisateurs,Exploration SAP,2022-01-06,10:31:22,00:00:05
stefano.crapanzano@chu.ulg.ac.be,Rapport utilisateurs,Exploration SAP,2022-01-06,10:31:29,00:00:21
stefano.crapanzano@chu.ulg.ac.be,Rapport utilisateurs,Exploration SAP,2022-01-06,10:31:53,00:00:21
stefano.crapanzano@chu.ulg.ac.be,Définir valeurs pour critères de filtre,Exploration SAP,2022-01-06,10:31:18,00:00:03
stefano.crapanzano@chu.ulg.ac.be,Sauveg. liste ds fichier.,Exploration SAP,2022-01-06,10:31:50,00:00:02
stefano.crapanzano@chu.ulg.ac.be,Sélection du calcul avec tableur,Exploration SAP,2022-01-06,10:32:15,00:00:02
stefano.crapanzano@chu.ulg.ac.be,Enregistrer sous,Exploration SAP,2022-01-06,10:32:17,00:00:16
stefano.crapanzano@chu.ulg.ac.be,Sécurité SAP GUI,Exploration SAP,2022-01-06,10:32:34,00:00:04
stefano.crapanzano@chu.ulg.ac.be,relais achats.XLSX - Excel,Tâches diverses,2022-01-06,10:32:38,00:02:25
stefano.crapanzano@chu.ulg.ac.be,ecriture_comptable_répartition_analyse_102021_v04.xlsx - Excel,Tâches diverses,2022-01-06,10:36:03,00:03:01
stefano.crapanzano@chu.ulg.ac.be,Rédaction : (pas de sujet) - Thunderbird,Helpdesk général,2022-01-06,10:35:10,00:00:03
stefano.crapanzano@chu.ulg.ac.be,Rédaction : (pas de sujet) - Thunderbird,Helpdesk général,2022-01-06,10:35:22,00:00:06
stefano.crapanzano@chu.ulg.ac.be,Joindre les fichiers,Helpdesk général,2022-01-06,10:35:14,00:00:08
stefano.crapanzano@chu.ulg.ac.be,Rédaction : Liste relais achat - Thunderbird,Helpdesk général,2022-01-06,10:35:32,00:00:27
stefano.crapanzano@chu.ulg.ac.be,CLONE - P203 CHU IDoc 329798 statut 51 car un article est en statut bloqué : toute la demande de réapprovisionnement est bloquée - Xperthis ERP4HC 1.0 - Service d'assistance - Google Chrome,Tâches diverses,2022-01-06,10:39:12,00:00:21
stefano.crapanzano@chu.ulg.ac.be,CLONE - P203 CHU IDoc 329798 statut 51 car un article est en statut bloqué : toute la demande de réapprovisionnement est bloquée - Xperthis ERP4HC 1.0 - Service d'assistance - Google Chrome,Helpdesk général,2022-01-06,10:40:04,00:00:05
stefano.crapanzano@chu.ulg.ac.be,Envoyés - erp.sai@chuliege.be - Mozilla Thunderbird,Helpdesk général,2022-01-06,10:39:53,00:00:02
stefano.crapanzano@chu.ulg.ac.be,C:\erp_sai\CHL_ERP_GOAL_ECRITURE_COMPTABLE_REPARTITION.log - Notepad++ [Administrator],IT,2022-01-06,10:56:50,00:00:15
stefano.crapanzano@chu.ulg.ac.be,C:\erp_sai\CHL_ERP_GOAL_ECRITURE_COMPTABLE_REPARTITION.log - Notepad++ [Administrator],IT,2022-01-06,11:23:54,00:00:03
stefano.crapanzano@chu.ulg.ac.be,C:\erp_sai\CHL_ERP_GOAL_ECRITURE_COMPTABLE_REPARTITION.log - Notepad++ [Administrator],IT,2022-01-06,11:25:48,00:00:14
stefano.crapanzano@chu.ulg.ac.be,C:\erp_sai\CHL_ERP_GOAL_ECRITURE_COMPTABLE_REPARTITION.log - Notepad++ [Administrator],IT,2022-01-06,11:26:22,00:00:12
stefano.crapanzano@chu.ulg.ac.be,C:\erp_sai\CHL_ERP_GOAL_ECRITURE_COMPTABLE_REPARTITION.log - Notepad++ [Administrator],IT,2022-01-06,11:26:39,00:03:42
stefano.crapanzano@chu.ulg.ac.be,C:\erp_sai\CHL_ERP_GOAL_ECRITURE_COMPTABLE_REPARTITION.log - Notepad++ [Administrator],IT,2022-01-06,11:30:38,00:00:04
stefano.crapanzano@chu.ulg.ac.be,C:\erp_sai\CHL_ERP_GOAL_ECRITURE_COMPTABLE_REPARTITION.log - Notepad++ [Administrator],IT,2022-01-06,11:32:14,00:00:02
stefano.crapanzano@chu.ulg.ac.be,C:\erp_sai\CHL_ERP_GOAL_ECRITURE_COMPTABLE_REPARTITION.log - Notepad++ [Administrator],IT,2022-01-06,12:15:29,00:00:17
stefano.crapanzano@chu.ulg.ac.be,C:\erp_sai\CHL_ERP_GOAL_ECRITURE_COMPTABLE_REPARTITION.log - Notepad++ [Administrator],IT,2022-01-06,12:17:01,00:00:24
stefano.crapanzano@chu.ulg.ac.be,C:\erp_sai\CHL_ERP_GOAL_ECRITURE_COMPTABLE_REPARTITION.log - Notepad++ [Administrator],IT,2022-01-06,12:17:27,00:00:05
stefano.crapanzano@chu.ulg.ac.be,C:\erp_sai\CHL_ERP_GOAL_ECRITURE_COMPTABLE_REPARTITION.log - Notepad++ [Administrator],IT,2022-01-06,12:38:06,00:00:11
stefano.crapanzano@chu.ulg.ac.be,C:\erp_sai\CHL_ERP_GOAL_ECRITURE_COMPTABLE_REPARTITION.log - Notepad++ [Administrator],IT,2022-01-06,12:40:16,00:00:04
stefano.crapanzano@chu.ulg.ac.be,C:\erp_sai\CHL_ERP_GOAL_ECRITURE_COMPTABLE_REPARTITION.log - Notepad++ [Administrator],IT,2022-01-06,12:40:32,00:00:04
stefano.crapanzano@chu.ulg.ac.be,C:\erp_sai\CHL_ERP_GOAL_ECRITURE_COMPTABLE_REPARTITION.log - Notepad++ [Administrator],IT,2022-01-06,12:41:08,00:00:08
stefano.crapanzano@chu.ulg.ac.be,C:\erp_sai\CHL_ERP_GOAL_ECRITURE_COMPTABLE_REPARTITION.log - Notepad++ [Administrator],IT,2022-01-06,12:41:48,00:00:07
stefano.crapanzano@chu.ulg.ac.be,C:\erp_sai\CHL_ERP_GOAL_ECRITURE_COMPTABLE_REPARTITION.log - Notepad++ [Administrator],IT,2022-01-06,15:18:39,00:00:02
stefano.crapanzano@chu.ulg.ac.be,C:\erp_sai\CHL_ERP_GOAL_ECRITURE_COMPTABLE_REPARTITION.log - Notepad++ [Administrator],IT,2022-01-06,15:21:39,00:00:06
stefano.crapanzano@chu.ulg.ac.be,C:\erp_sai\CHL_ERP_GOAL_ECRITURE_COMPTABLE_REPARTITION.log - Notepad++ [Administrator],IT,2022-01-06,15:22:10,00:00:12
stefano.crapanzano@chu.ulg.ac.be,C:\erp_sai\CHL_ERP_GOAL_ECRITURE_COMPTABLE_REPARTITION.log - Notepad++ [Administrator],IT,2022-01-06,15:23:39,00:00:09
stefano.crapanzano@chu.ulg.ac.be,C:\erp_sai\CHL_ERP_GOAL_ECRITURE_COMPTABLE_REPARTITION.log - Notepad++ [Administrator],IT,2022-01-06,15:28:23,00:01:54
stefano.crapanzano@chu.ulg.ac.be,C:\erp_sai\CHL_ERP_GOAL_ECRITURE_COMPTABLE_REPARTITION.log - Notepad++ [Administrator],IT,2022-01-06,15:33:07,00:00:02
stefano.crapanzano@chu.ulg.ac.be,C:\erp_sai\CHL_ERP_GOAL_ECRITURE_COMPTABLE_REPARTITION.log - Notepad++ [Administrator],IT,2022-01-06,15:43:01,00:00:02
stefano.crapanzano@chu.ulg.ac.be,C:\erp_sai\CHL_ERP_GOAL_ECRITURE_COMPTABLE_REPARTITION.log - Notepad++ [Administrator],IT,2022-01-06,15:43:08,00:00:13
stefano.crapanzano@chu.ulg.ac.be,C:\erp_sai\CHL_ERP_GOAL_ECRITURE_COMPTABLE_REPARTITION.log - Notepad++ [Administrator],IT,2022-01-06,15:43:38,00:00:03
stefano.crapanzano@chu.ulg.ac.be,C:\erp_sai\CHL_ERP_GOAL_ECRITURE_COMPTABLE_REPARTITION.log - Notepad++ [Administrator],IT,2022-01-06,15:54:15,00:00:13
stefano.crapanzano@chu.ulg.ac.be,C:\erp_sai\CHL_ERP_GOAL_ECRITURE_COMPTABLE_REPARTITION.log - Notepad++ [Administrator],IT,2022-01-06,17:10:57,00:00:06
stefano.crapanzano@chu.ulg.ac.be,C:\erp_sai\CHL_ERP_GOAL_ECRITURE_COMPTABLE_REPARTITION.log - Notepad++ [Administrator],IT,2022-01-06,17:11:28,00:00:03
stefano.crapanzano@chu.ulg.ac.be,C:\erp_sai\CHL_ERP_GOAL_ECRITURE_COMPTABLE_REPARTITION.log - Notepad++ [Administrator],IT,2022-01-06,17:12:18,00:00:05
stefano.crapanzano@chu.ulg.ac.be,*C:\erp_sai\CHL_ERP_GOAL_ECRITURE_COMPTABLE_REPARTITION.log - Notepad++ [Administrator],IT,2022-01-06,10:57:05,00:00:04
stefano.crapanzano@chu.ulg.ac.be,*C:\erp_sai\CHL_ERP_GOAL_ECRITURE_COMPTABLE_REPARTITION.log - Notepad++ [Administrator],IT,2022-01-06,10:57:16,00:00:02
stefano.crapanzano@chu.ulg.ac.be,*C:\erp_sai\CHL_ERP_GOAL_ECRITURE_COMPTABLE_REPARTITION.log - Notepad++ [Administrator],IT,2022-01-06,10:59:40,00:00:04
stefano.crapanzano@chu.ulg.ac.be,Rechercher,IT,2022-01-06,10:57:09,00:00:03
stefano.crapanzano@chu.ulg.ac.be,Rechercher,IT,2022-01-06,10:57:19,00:00:16
stefano.crapanzano@chu.ulg.ac.be,Rechercher,IT,2022-01-06,10:59:33,00:00:02
stefano.crapanzano@chu.ulg.ac.be,Rechercher,IT,2022-01-06,10:59:44,00:00:08
stefano.crapanzano@chu.ulg.ac.be,Rechercher,IT,2022-01-06,15:27:11,00:00:22
stefano.crapanzano@chu.ulg.ac.be,Rechercher,IT,2022-01-06,15:28:14,00:00:05
stefano.crapanzano@chu.ulg.ac.be,Rechercher,IT,2022-01-06,15:43:04,00:00:04
stefano.crapanzano@chu.ulg.ac.be,Rechercher,IT,2022-01-06,15:43:27,00:00:09
stefano.crapanzano@chu.ulg.ac.be,Rechercher,IT,2022-01-06,15:44:09,00:00:06
stefano.crapanzano@chu.ulg.ac.be,Rechercher,IT,2022-01-06,15:44:19,00:00:13
stefano.crapanzano@chu.ulg.ac.be,Changement de tâche,IT,2022-01-06,10:59:36,00:00:02
stefano.crapanzano@chu.ulg.ac.be,Changement de tâche,IT,2022-01-06,10:59:52,00:00:02
stefano.crapanzano@chu.ulg.ac.be,Changement de tâche,IT,2022-01-06,15:18:37,00:00:02
stefano.crapanzano@chu.ulg.ac.be,Changement de tâche,IT,2022-01-06,15:32:23,00:00:04
stefano.crapanzano@chu.ulg.ac.be,Nouvel onglet - Google Chrome,Tâches diverses,2022-01-06,11:21:40,00:00:03
stefano.crapanzano@chu.ulg.ac.be,Nouvel onglet - Google Chrome,Tâches diverses,2022-01-06,13:36:38,00:00:06
stefano.crapanzano@chu.ulg.ac.be,Nouvel onglet - Google Chrome,Tâches diverses,2022-01-06,17:07:20,00:00:06
stefano.crapanzano@chu.ulg.ac.be,SVN_LOCAL2 – CHL_ERP_GOAL_ECRITURE_COMPTABLE_REPARTITION.pl.tdy [SOURCES] (Administrator),IT,2022-01-06,11:38:33,00:00:16
stefano.crapanzano@chu.ulg.ac.be,SVN_LOCAL2 – CHL_ERP_ENCOURS.pl [SOURCES] (Administrator),IT,2022-01-06,11:56:53,00:00:09
stefano.crapanzano@chu.ulg.ac.be,SVN_LOCAL2 – CHL_ERP_ENCOURS.pl [SOURCES] (Administrator),IT,2022-01-06,15:45:04,00:00:32
stefano.crapanzano@chu.ulg.ac.be,SVN_LOCAL2 – CHL_ERP_ENCOURS.pl [SOURCES] (Administrator),IT,2022-01-06,15:46:30,00:00:21
stefano.crapanzano@chu.ulg.ac.be,SVN_LOCAL2 – CHL_ERP_ENCOURS.pl [SOURCES] (Administrator),IT,2022-01-06,16:23:41,00:00:03
stefano.crapanzano@chu.ulg.ac.be,SVN_LOCAL2 – CHL_ERP_ENCOURS.pl [SOURCES] (Administrator),IT,2022-01-06,16:27:19,00:00:23
stefano.crapanzano@chu.ulg.ac.be,SVN_LOCAL2 – CHL_ERP_ENCOURS.pl [SOURCES] (Administrator),IT,2022-01-06,16:44:37,00:00:29
stefano.crapanzano@chu.ulg.ac.be,SVN_LOCAL2 – CHL_ERP_ENCOURS.pl [SOURCES] (Administrator),IT,2022-01-06,16:55:55,00:00:07
stefano.crapanzano@chu.ulg.ac.be,SVN_LOCAL2 – CHL_ERP_ENCOURS.pl [SOURCES] (Administrator),IT,2022-01-06,16:56:32,00:00:20
stefano.crapanzano@chu.ulg.ac.be,SVN_LOCAL2 – CHL_ERP_ENCOURS.pl [SOURCES] (Administrator),IT,2022-01-06,16:57:41,00:00:05
stefano.crapanzano@chu.ulg.ac.be,SVN_LOCAL2 – CHL_ERP_ENCOURS.pl [SOURCES] (Administrator),IT,2022-01-06,16:57:54,00:00:17
stefano.crapanzano@chu.ulg.ac.be,SVN_LOCAL2 – CHL_ERP_ENCOURS.pl [SOURCES] (Administrator),IT,2022-01-06,17:00:47,00:00:05
stefano.crapanzano@chu.ulg.ac.be,SVN_LOCAL2 – CHL_ERP_ENCOURS.pl [SOURCES] (Administrator),IT,2022-01-06,17:04:04,00:00:10
stefano.crapanzano@chu.ulg.ac.be,SVN_LOCAL2 – CHL_ERP_ENCOURS.pl [SOURCES] (Administrator),IT,2022-01-06,17:04:20,00:00:06
stefano.crapanzano@chu.ulg.ac.be,SVN_LOCAL2 – CHL_ERP_ENCOURS.pl [SOURCES] (Administrator),IT,2022-01-06,17:06:27,00:00:22
stefano.crapanzano@chu.ulg.ac.be,SVN_LOCAL2 – CHL_ERP_ENCOURS.pl [SOURCES] (Administrator),IT,2022-01-06,17:07:05,00:00:02
stefano.crapanzano@chu.ulg.ac.be,SVN_LOCAL2 – CHL_ERP_ENCOURS.pl [SOURCES] (Administrator),IT,2022-01-06,17:07:41,00:00:03
stefano.crapanzano@chu.ulg.ac.be,SVN_LOCAL2 – CHL_ERP_ENCOURS.pl [SOURCES] (Administrator),IT,2022-01-06,17:07:58,00:00:15
stefano.crapanzano@chu.ulg.ac.be,SVN_LOCAL2 – CHL_ERP_ENCOURS.pl [SOURCES] (Administrator),IT,2022-01-06,17:13:16,00:00:13
stefano.crapanzano@chu.ulg.ac.be,SAP GUI for Windows 760,Exploration SAP,2022-01-06,12:32:42,00:00:03
stefano.crapanzano@chu.ulg.ac.be,Demandes - Service d'assistance - Google Chrome,Tâches diverses,2022-01-06,15:19:25,00:00:02
stefano.crapanzano@chu.ulg.ac.be,Demandes - Service d'assistance - Google Chrome,Tâches diverses,2022-01-06,15:20:48,00:00:08
stefano.crapanzano@chu.ulg.ac.be,Demandes - Service d'assistance - Google Chrome,Tâches diverses,2022-01-06,15:20:59,00:00:10
stefano.crapanzano@chu.ulg.ac.be,Service MT - Google Chrome,Tâches diverses,2022-01-06,12:36:09,00:00:19
stefano.crapanzano@chu.ulg.ac.be,array add perl - Recherche Google - Google Chrome,Tâches diverses,2022-01-06,13:36:44,00:00:02
stefano.crapanzano@chu.ulg.ac.be,Adding elements to an array in Perl - Stack Overflow - Google Chrome,Tâches diverses,2022-01-06,13:36:47,00:00:12
stefano.crapanzano@chu.ulg.ac.be,P203 CHU Remboursements imputés sur des factures non échues - Xperthis ERP4HC 1.0 - Service d'assistance - Google Chrome,Tâches diverses,2022-01-06,15:14:13,00:00:19
stefano.crapanzano@chu.ulg.ac.be,P203 CHU Remboursements imputés sur des factures non échues - Xperthis ERP4HC 1.0 - Service d'assistance - Google Chrome,Tâches diverses,2022-01-06,15:19:21,00:00:04
stefano.crapanzano@chu.ulg.ac.be,I:\Informatique\ERP\Exploitation\COMPTA\Operations diverses - Batch input\Encours_fac\Encours_202003_source.csv - Notepad++ [Administrator],IT,2022-01-06,15:17:02,00:00:03
stefano.crapanzano@chu.ulg.ac.be,I:\Informatique\ERP\Exploitation\COMPTA\Operations diverses - Batch input\Encours_fac\Encours_202003_source.csv - Notepad++ [Administrator],IT,2022-01-06,15:17:08,00:00:09
stefano.crapanzano@chu.ulg.ac.be,I:\Informatique\ERP\Exploitation\COMPTA\Operations diverses - Batch input\Encours_fac\Encours_202003_source.csv - Notepad++ [Administrator],IT,2022-01-06,15:17:24,00:00:03
stefano.crapanzano@chu.ulg.ac.be,I:\Informatique\ERP\Exploitation\COMPTA\Operations diverses - Batch input\Encours_fac\Encours_202003_source.csv - Notepad++ [Administrator],IT,2022-01-06,15:17:42,00:00:04
stefano.crapanzano@chu.ulg.ac.be,I:\Informatique\ERP\Exploitation\COMPTA\Operations diverses - Batch input\Encours_fac\Encours_202003_source.csv - Notepad++ [Administrator],IT,2022-01-06,15:18:06,00:00:04
stefano.crapanzano@chu.ulg.ac.be,I:\Informatique\ERP\Exploitation\COMPTA\Operations diverses - Batch input\Encours_fac\Encours_202006_à_injecter.csv - Notepad++ [Administrator],IT,2022-01-06,15:18:15,00:00:13
stefano.crapanzano@chu.ulg.ac.be,qualifications médecins - Xperthis Oazis - Service d'assistance - Google Chrome,Tâches diverses,2022-01-06,15:19:28,00:01:13
stefano.crapanzano@chu.ulg.ac.be,qualifications médecins - Xperthis Oazis - Service d'assistance - Google Chrome,Tâches diverses,2022-01-06,15:20:43,00:00:05
stefano.crapanzano@chu.ulg.ac.be,P203 CHR - SM35 - INCBET211209 . - Xperthis ERP4HC 1.0 - Service d'assistance - Google Chrome,Tâches diverses,2022-01-06,15:20:56,00:00:02
stefano.crapanzano@chu.ulg.ac.be,SELECTION FACTURATION PATIENTS AMBULANTS - Xperthis Oazis - Service d'assistance - Google Chrome,Tâches diverses,2022-01-06,15:21:10,00:00:02
stefano.crapanzano@chu.ulg.ac.be,*new 4 - Notepad++ [Administrator],IT,2022-01-06,15:28:00,00:00:09
stefano.crapanzano@chu.ulg.ac.be,*new 4 - Notepad++ [Administrator],IT,2022-01-06,15:28:21,00:00:02
stefano.crapanzano@chu.ulg.ac.be,*new 4 - Notepad++ [Administrator],IT,2022-01-06,15:42:46,00:00:14
stefano.crapanzano@chu.ulg.ac.be,*new 4 - Notepad++ [Administrator],IT,2022-01-06,15:44:06,00:00:02
stefano.crapanzano@chu.ulg.ac.be,*new 4 - Notepad++ [Administrator],IT,2022-01-06,15:44:32,00:00:04
stefano.crapanzano@chu.ulg.ac.be,*new 4 - Notepad++ [Administrator],IT,2022-01-06,15:47:27,00:06:43
stefano.crapanzano@chu.ulg.ac.be,*new 4 - Notepad++ [Administrator],IT,2022-01-06,15:54:29,00:00:02
stefano.crapanzano@chu.ulg.ac.be,SVN_LOCAL2 – CHL_ERP_GOAL_ECRITURE_COMPTABLE_REPARTITION.bat [SOURCES] (Administrator),IT,2022-01-06,16:16:02,00:07:38
stefano.crapanzano@chu.ulg.ac.be,SVN_LOCAL2 – CHL_ERP_GOAL_ECRITURE_COMPTABLE_REPARTITION.bat [SOURCES] (Administrator),IT,2022-01-06,16:23:45,00:00:22
stefano.crapanzano@chu.ulg.ac.be,SVN_LOCAL2 – CHL_ERP_GOAL_ECRITURE_COMPTABLE_REPARTITION.bat [SOURCES] (Administrator),IT,2022-01-06,16:24:35,00:00:27
stefano.crapanzano@chu.ulg.ac.be,SVN_LOCAL2 – CHL_ERP_GOAL_ECRITURE_COMPTABLE_REPARTITION.bat [SOURCES] (Administrator),IT,2022-01-06,16:25:09,00:00:30
stefano.crapanzano@chu.ulg.ac.be,SVN_LOCAL2 – CHL_ERP_GOAL_ECRITURE_COMPTABLE_REPARTITION.bat [SOURCES] (Administrator),IT,2022-01-06,16:26:40,00:00:04
stefano.crapanzano@chu.ulg.ac.be,SVN_LOCAL2 – CHL_ERP_GOAL_ECRITURE_COMPTABLE_REPARTITION.bat [SOURCES] (Administrator),IT,2022-01-06,16:46:05,00:00:05
stefano.crapanzano@chu.ulg.ac.be,SVN_LOCAL2 – CHL_ERP_GOAL_ECRITURE_COMPTABLE_REPARTITION.bat [SOURCES] (Administrator),IT,2022-01-06,17:10:29,00:00:04
stefano.crapanzano@chu.ulg.ac.be,SVN_LOCAL2 – CHL_ERP_ENCOURS_FAC.bat [SOURCES] (Administrator),IT,2022-01-06,16:24:07,00:00:27
stefano.crapanzano@chu.ulg.ac.be,SVN_LOCAL2 – CHL_ERP_ENCOURS_FAC.bat [SOURCES] (Administrator),IT,2022-01-06,16:25:02,00:00:07
stefano.crapanzano@chu.ulg.ac.be,Go to Line/Column,IT,2022-01-06,17:05:59,00:00:02
stefano.crapanzano@chu.ulg.ac.be,perl strftime use - Recherche Google - Google Chrome,Tâches diverses,2022-01-06,17:07:26,00:00:04
stefano.crapanzano@chu.ulg.ac.be,POSIX Function strftime() in Perl - Google Chrome,Tâches diverses,2022-01-06,17:07:30,00:00:08
