Email,Description,Project,Start date,Start time,Duration
stefano.crapanzano@chu.ulg.ac.be,Administrateur : C:\Windows\system32\cmd.exe - python  main.py,IT,2022-01-04,08:35:24,00:00:02
stefano.crapanzano@chu.ulg.ac.be,Administrateur : C:\Windows\system32\cmd.exe - python  main.py,IT,2022-01-04,08:44:08,00:00:02
stefano.crapanzano@chu.ulg.ac.be,Courrier entrant - erp.sai@chuliege.be - Mozilla Thunderbird,Helpdesk général,2022-01-04,08:35:27,00:00:10
stefano.crapanzano@chu.ulg.ac.be,Courrier entrant - erp.sai@chuliege.be - Mozilla Thunderbird,Helpdesk général,2022-01-04,08:35:40,00:00:07
stefano.crapanzano@chu.ulg.ac.be,Courrier entrant - erp.sai@chuliege.be - Mozilla Thunderbird,Helpdesk général,2022-01-04,08:35:57,00:00:03
stefano.crapanzano@chu.ulg.ac.be,Courrier entrant - erp.sai@chuliege.be - Mozilla Thunderbird,Helpdesk général,2022-01-04,08:36:44,00:00:03
stefano.crapanzano@chu.ulg.ac.be,Courrier entrant - erp.sai@chuliege.be - Mozilla Thunderbird,Helpdesk général,2022-01-04,08:37:32,00:00:05
stefano.crapanzano@chu.ulg.ac.be,Courrier entrant - erp.sai@chuliege.be - Mozilla Thunderbird,Helpdesk général,2022-01-04,08:37:44,00:00:02
stefano.crapanzano@chu.ulg.ac.be,Courrier entrant - erp.sai@chuliege.be - Mozilla Thunderbird,Helpdesk général,2022-01-04,08:37:50,00:00:17
stefano.crapanzano@chu.ulg.ac.be,Courrier entrant - erp.sai@chuliege.be - Mozilla Thunderbird,Helpdesk général,2022-01-04,08:39:55,00:00:52
stefano.crapanzano@chu.ulg.ac.be,Courrier entrant - erp.sai@chuliege.be - Mozilla Thunderbird,Helpdesk général,2022-01-04,08:40:52,00:00:21
stefano.crapanzano@chu.ulg.ac.be,Courrier entrant - erp.sai@chuliege.be - Mozilla Thunderbird,Helpdesk général,2022-01-04,08:41:20,00:02:47
stefano.crapanzano@chu.ulg.ac.be,Courrier entrant - erp.sai@chuliege.be - Mozilla Thunderbird,Helpdesk général,2022-01-04,08:48:05,00:01:43
stefano.crapanzano@chu.ulg.ac.be,Courrier entrant - erp.sai@chuliege.be - Mozilla Thunderbird,Helpdesk général,2022-01-04,08:49:51,00:00:08
stefano.crapanzano@chu.ulg.ac.be,Courrier entrant - erp.sai@chuliege.be - Mozilla Thunderbird,Helpdesk général,2022-01-04,08:50:15,00:00:06
stefano.crapanzano@chu.ulg.ac.be,Courrier entrant - erp.sai@chuliege.be - Mozilla Thunderbird,Helpdesk général,2022-01-04,08:50:27,00:00:06
stefano.crapanzano@chu.ulg.ac.be,Courrier entrant - erp.sai@chuliege.be - Mozilla Thunderbird,Helpdesk général,2022-01-04,08:50:39,00:00:04
stefano.crapanzano@chu.ulg.ac.be,Courrier entrant - erp.sai@chuliege.be - Mozilla Thunderbird,Helpdesk général,2022-01-04,10:05:28,00:00:02
stefano.crapanzano@chu.ulg.ac.be,Courrier entrant - erp.sai@chuliege.be - Mozilla Thunderbird,Helpdesk général,2022-01-04,10:05:33,00:14:16
stefano.crapanzano@chu.ulg.ac.be,Courrier entrant - erp.sai@chuliege.be - Mozilla Thunderbird,Helpdesk général,2022-01-04,10:20:35,00:57:34
stefano.crapanzano@chu.ulg.ac.be,Courrier entrant - erp.sai@chuliege.be - Mozilla Thunderbird,Helpdesk général,2022-01-04,12:05:37,00:00:30
stefano.crapanzano@chu.ulg.ac.be,Courrier entrant - erp.sai@chuliege.be - Mozilla Thunderbird,Tâches diverses,2022-01-04,12:06:45,00:01:04
stefano.crapanzano@chu.ulg.ac.be,Courrier entrant - erp.sai@chuliege.be - Mozilla Thunderbird,Tâches diverses,2022-01-04,12:08:20,00:00:04
stefano.crapanzano@chu.ulg.ac.be,Courrier entrant - erp.sai@chuliege.be - Mozilla Thunderbird,Helpdesk général,2022-01-04,12:08:26,00:00:02
stefano.crapanzano@chu.ulg.ac.be,Courrier entrant - erp.sai@chuliege.be - Mozilla Thunderbird,Helpdesk général,2022-01-04,12:39:41,00:00:14
stefano.crapanzano@chu.ulg.ac.be,Courrier entrant - erp.sai@chuliege.be - Mozilla Thunderbird,Helpdesk général,2022-01-04,12:39:58,00:11:32
stefano.crapanzano@chu.ulg.ac.be,Courrier entrant - erp.sai@chuliege.be - Mozilla Thunderbird,Helpdesk général,2022-01-04,13:03:11,00:03:24
stefano.crapanzano@chu.ulg.ac.be,Courrier entrant - erp.sai@chuliege.be - Mozilla Thunderbird,IT,2022-01-04,15:26:23,00:00:25
stefano.crapanzano@chu.ulg.ac.be,Courrier entrant - erp.sai@chuliege.be - Mozilla Thunderbird,Helpdesk général,2022-01-04,15:26:51,00:09:08
stefano.crapanzano@chu.ulg.ac.be,Courrier entrant - erp.sai@chuliege.be - Mozilla Thunderbird,Helpdesk général,2022-01-04,16:15:17,00:00:04
stefano.crapanzano@chu.ulg.ac.be,Courrier entrant - stefano.crapanzano@chuliege.be - Mozilla Thunderbird,Helpdesk général,2022-01-04,08:35:37,00:00:02
stefano.crapanzano@chu.ulg.ac.be,Courrier entrant - stefano.crapanzano@chuliege.be - Mozilla Thunderbird,Helpdesk général,2022-01-04,08:37:38,00:00:06
stefano.crapanzano@chu.ulg.ac.be,Courrier entrant - stefano.crapanzano@chuliege.be - Mozilla Thunderbird,Helpdesk général,2022-01-04,08:41:15,00:00:05
stefano.crapanzano@chu.ulg.ac.be,Courrier entrant - stefano.crapanzano@chuliege.be - Mozilla Thunderbird,Helpdesk général,2022-01-04,08:49:48,00:00:02
stefano.crapanzano@chu.ulg.ac.be,Courrier entrant - stefano.crapanzano@chuliege.be - Mozilla Thunderbird,Helpdesk général,2022-01-04,08:50:34,00:00:02
stefano.crapanzano@chu.ulg.ac.be,Courrier entrant - stefano.crapanzano@chuliege.be - Mozilla Thunderbird,Helpdesk général,2022-01-04,10:05:30,00:00:02
stefano.crapanzano@chu.ulg.ac.be,Courrier entrant - stefano.crapanzano@chuliege.be - Mozilla Thunderbird,Helpdesk général,2022-01-04,11:18:10,00:00:03
stefano.crapanzano@chu.ulg.ac.be,Courrier entrant - stefano.crapanzano@chuliege.be - Mozilla Thunderbird,Helpdesk général,2022-01-04,11:18:14,00:00:02
stefano.crapanzano@chu.ulg.ac.be,Courrier entrant - stefano.crapanzano@chuliege.be - Mozilla Thunderbird,Helpdesk général,2022-01-04,11:52:05,00:00:02
stefano.crapanzano@chu.ulg.ac.be,Courrier entrant - stefano.crapanzano@chuliege.be - Mozilla Thunderbird,Helpdesk général,2022-01-04,12:39:56,00:00:02
stefano.crapanzano@chu.ulg.ac.be,Courrier entrant - stefano.crapanzano@chuliege.be - Mozilla Thunderbird,Helpdesk général,2022-01-04,12:51:31,00:11:39
stefano.crapanzano@chu.ulg.ac.be,Courrier entrant - stefano.crapanzano@chuliege.be - Mozilla Thunderbird,Helpdesk général,2022-01-04,15:26:48,00:00:02
stefano.crapanzano@chu.ulg.ac.be,VERIF_CODE_SWIFT - erp.sai@chuliege.be - Mozilla Thunderbird,Helpdesk général,2022-01-04,08:35:48,00:00:05
stefano.crapanzano@chu.ulg.ac.be,SURVEILLANCE_ZMMARTIKEL - erp.sai@chuliege.be - Mozilla Thunderbird,Helpdesk général,2022-01-04,08:35:53,00:00:03
stefano.crapanzano@chu.ulg.ac.be,Netop Invité,Helpdesk général,2022-01-04,08:36:01,00:00:02
stefano.crapanzano@chu.ulg.ac.be,Connexion à l'aide de l'authentification Windows,Helpdesk général,2022-01-04,08:36:05,00:00:02
stefano.crapanzano@chu.ulg.ac.be,erpftp - Netop Remote Control,Helpdesk général,2022-01-04,08:36:09,00:00:34
stefano.crapanzano@chu.ulg.ac.be,erpftp - Netop Remote Control,Helpdesk général,2022-01-04,08:36:49,00:00:20
stefano.crapanzano@chu.ulg.ac.be,erpftp - Netop Remote Control,Helpdesk général,2022-01-04,08:38:15,00:01:12
stefano.crapanzano@chu.ulg.ac.be,erpftp - Netop Remote Control,Helpdesk général,2022-01-04,08:39:49,00:00:05
stefano.crapanzano@chu.ulg.ac.be,Navigation système de fichier,IT,2022-01-04,08:38:07,00:00:02
stefano.crapanzano@chu.ulg.ac.be,Navigation système de fichier,IT,2022-01-04,13:06:36,00:00:09
stefano.crapanzano@chu.ulg.ac.be,Navigation système de fichier,IT,2022-01-04,13:06:48,00:00:18
stefano.crapanzano@chu.ulg.ac.be,Navigation système de fichier,IT,2022-01-04,13:59:15,00:00:02
stefano.crapanzano@chu.ulg.ac.be,Navigation système de fichier,IT,2022-01-04,14:14:00,00:00:13
stefano.crapanzano@chu.ulg.ac.be,Navigation système de fichier,IT,2022-01-04,14:44:01,00:00:02
stefano.crapanzano@chu.ulg.ac.be,Navigation système de fichier,IT,2022-01-04,14:47:28,00:00:03
stefano.crapanzano@chu.ulg.ac.be,Navigation système de fichier,IT,2022-01-04,14:55:39,00:00:02
stefano.crapanzano@chu.ulg.ac.be,Navigation système de fichier,IT,2022-01-04,15:56:42,00:00:02
stefano.crapanzano@chu.ulg.ac.be,Navigation système de fichier,IT,2022-01-04,15:56:47,00:00:03
stefano.crapanzano@chu.ulg.ac.be,Navigation système de fichier,IT,2022-01-04,16:15:23,00:00:02
stefano.crapanzano@chu.ulg.ac.be,Navigation système de fichier,IT,2022-01-04,16:16:27,00:00:04
stefano.crapanzano@chu.ulg.ac.be,Navigation système de fichier,IT,2022-01-04,16:37:15,00:00:02
stefano.crapanzano@chu.ulg.ac.be,Navigation système de fichier,IT,2022-01-04,16:45:17,00:00:05
stefano.crapanzano@chu.ulg.ac.be,Navigation système de fichier,IT,2022-01-04,16:46:10,00:00:18
stefano.crapanzano@chu.ulg.ac.be,Navigation système de fichier,IT,2022-01-04,16:46:55,00:00:05
stefano.crapanzano@chu.ulg.ac.be,Navigation système de fichier,IT,2022-01-04,16:47:01,00:00:02
stefano.crapanzano@chu.ulg.ac.be,Navigation système de fichier,IT,2022-01-04,16:47:07,00:00:02
stefano.crapanzano@chu.ulg.ac.be,Navigation système de fichier,IT,2022-01-04,16:48:47,00:00:11
stefano.crapanzano@chu.ulg.ac.be,Navigation système de fichier,IT,2022-01-04,16:52:45,00:00:02
stefano.crapanzano@chu.ulg.ac.be,Navigation système de fichier,IT,2022-01-04,16:53:11,00:00:05
stefano.crapanzano@chu.ulg.ac.be,Navigation système de fichier,IT,2022-01-04,16:53:53,00:00:02
stefano.crapanzano@chu.ulg.ac.be,Service MT - Google Chrome,Helpdesk général,2022-01-04,08:37:10,00:00:02
stefano.crapanzano@chu.ulg.ac.be,Service MT - Google Chrome,Tâches diverses,2022-01-04,08:37:22,00:00:07
stefano.crapanzano@chu.ulg.ac.be,Service MT - Google Chrome,Tâches diverses,2022-01-04,08:38:10,00:00:03
stefano.crapanzano@chu.ulg.ac.be,Service MT - Google Chrome,Tâches diverses,2022-01-04,12:07:52,00:00:28
stefano.crapanzano@chu.ulg.ac.be,Service MT - Google Chrome,Tâches diverses,2022-01-04,14:43:15,00:00:13
stefano.crapanzano@chu.ulg.ac.be,Service MT - Google Chrome,Tâches diverses,2022-01-04,16:15:29,00:00:06
stefano.crapanzano@chu.ulg.ac.be,Service MT - Google Chrome,Tâches diverses,2022-01-04,16:34:02,00:00:35
stefano.crapanzano@chu.ulg.ac.be,Identification - Google Chrome,Tâches diverses,2022-01-04,08:37:14,00:00:08
stefano.crapanzano@chu.ulg.ac.be,Envoyés - erp.sai@chuliege.be - Mozilla Thunderbird,Helpdesk général,2022-01-04,08:37:47,00:00:02
stefano.crapanzano@chu.ulg.ac.be,Envoyés - erp.sai@chuliege.be - Mozilla Thunderbird,Helpdesk général,2022-01-04,08:50:36,00:00:02
stefano.crapanzano@chu.ulg.ac.be,Envoyés - erp.sai@chuliege.be - Mozilla Thunderbird,Helpdesk général,2022-01-04,12:08:28,00:00:06
stefano.crapanzano@chu.ulg.ac.be,Ajout d’une exception de sécurité,Helpdesk général,2022-01-04,08:40:48,00:00:03
stefano.crapanzano@chu.ulg.ac.be,Lecture documentation,Tâches diverses,2022-01-04,08:44:11,00:03:54
stefano.crapanzano@chu.ulg.ac.be,Lecture documentation,Tâches diverses,2022-01-04,11:19:02,00:29:25
stefano.crapanzano@chu.ulg.ac.be,Lecture documentation,Tâches diverses,2022-01-04,11:48:29,00:03:36
stefano.crapanzano@chu.ulg.ac.be,Lecture documentation,Tâches diverses,2022-01-04,11:52:20,00:00:02
stefano.crapanzano@chu.ulg.ac.be,Lecture documentation,Tâches diverses,2022-01-04,11:52:23,00:13:12
stefano.crapanzano@chu.ulg.ac.be,Lecture documentation,Tâches diverses,2022-01-04,12:08:38,00:30:56
stefano.crapanzano@chu.ulg.ac.be,Lecture documentation,Tâches diverses,2022-01-04,13:43:21,00:00:15
stefano.crapanzano@chu.ulg.ac.be,SSP Déplacement de la tuile  Enregistrer entrée de marchandise  - Xperthis ERP4HC 2.0 Rollout - Service d'assistance - Google Chrome,Tâches diverses,2022-01-04,08:50:00,00:00:14
stefano.crapanzano@chu.ulg.ac.be,SSP Déplacement de la tuile  Enregistrer entrée de marchandise  - Xperthis ERP4HC 2.0 Rollout - Service d'assistance - Google Chrome,Tâches diverses,2022-01-04,08:50:43,00:00:05
stefano.crapanzano@chu.ulg.ac.be,2 Traité - erp.sai@chuliege.be - Mozilla Thunderbird,Helpdesk général,2022-01-04,08:50:22,00:00:05
stefano.crapanzano@chu.ulg.ac.be,Demandes - Service d'assistance - Google Chrome,Tâches diverses,2022-01-04,08:50:48,01:13:44
stefano.crapanzano@chu.ulg.ac.be,Demandes - Service d'assistance - Google Chrome,Tâches diverses,2022-01-04,11:18:17,00:00:09
stefano.crapanzano@chu.ulg.ac.be,Demandes - Service d'assistance - Google Chrome,Tâches diverses,2022-01-04,11:18:30,00:00:02
stefano.crapanzano@chu.ulg.ac.be,Demandes - Service d'assistance - Google Chrome,Tâches diverses,2022-01-04,13:59:19,00:00:12
stefano.crapanzano@chu.ulg.ac.be,Chargement photo d'un article sur SSP - Xperthis ERP4HC 2.0 Rollout - Service d'assistance - Google Chrome,Tâches diverses,2022-01-04,11:18:26,00:00:04
stefano.crapanzano@chu.ulg.ac.be,Sélectionnez l’objet utilisateur à changer | Site d’administration de Django - Google Chrome,Tâches diverses,2022-01-04,11:18:33,00:00:02
stefano.crapanzano@chu.ulg.ac.be,Sélectionnez l’objet utilisateur à changer | Site d’administration de Django - Google Chrome,Tâches diverses,2022-01-04,11:18:37,00:00:05
stefano.crapanzano@chu.ulg.ac.be,Sélectionnez l’objet utilisateur à changer | Site d’administration de Django - Google Chrome,Tâches diverses,2022-01-04,11:52:10,00:00:09
stefano.crapanzano@chu.ulg.ac.be,Sélectionnez l’objet utilisateur à changer | Site d’administration de Django - Google Chrome,Tâches diverses,2022-01-04,14:43:00,00:00:07
stefano.crapanzano@chu.ulg.ac.be,https://goal.chuliege.be/gestion-utilisateur/ - Google Chrome,Tâches diverses,2022-01-04,11:18:43,00:00:04
stefano.crapanzano@chu.ulg.ac.be,GOAL - LABO - Stocks des articles - Google Chrome,Tâches diverses,2022-01-04,11:18:47,00:00:15
stefano.crapanzano@chu.ulg.ac.be,CLONE - P203 CHU IDoc 329798 statut 51 car un article est en statut bloqué : toute la demande de réapprovisionnement est bloquée - Xperthis ERP4HC 1.0 - Service d'assistance - Google Chrome,Tâches diverses,2022-01-04,12:06:10,00:00:35
stefano.crapanzano@chu.ulg.ac.be,CLONE - P203 CHU IDoc 329798 statut 51 car un article est en statut bloqué : toute la demande de réapprovisionnement est bloquée - Xperthis ERP4HC 1.0 - Service d'assistance - Google Chrome,Tâches diverses,2022-01-04,12:07:49,00:00:02
stefano.crapanzano@chu.ulg.ac.be,Programmation,IT,2022-01-04,13:06:46,00:00:02
stefano.crapanzano@chu.ulg.ac.be,Programmation,IT,2022-01-04,14:43:36,00:00:09
stefano.crapanzano@chu.ulg.ac.be,Programmation,IT,2022-01-04,14:43:56,00:00:02
stefano.crapanzano@chu.ulg.ac.be,SVN_LOCAL2 – CHL_ERP_GOAL_ECRITURE_COMPTABLE_REPARTITION.pl [SOURCES] (Administrator),IT,2022-01-04,13:07:07,00:00:51
stefano.crapanzano@chu.ulg.ac.be,SVN_LOCAL2 – CHL_ERP_GOAL_ECRITURE_COMPTABLE_REPARTITION.pl [SOURCES] (Administrator),IT,2022-01-04,13:08:12,00:00:09
stefano.crapanzano@chu.ulg.ac.be,SVN_LOCAL2 – CHL_ERP_GOAL_ECRITURE_COMPTABLE_REPARTITION.pl [SOURCES] (Administrator),IT,2022-01-04,13:08:38,00:19:43
stefano.crapanzano@chu.ulg.ac.be,SVN_LOCAL2 – CHL_ERP_GOAL_ECRITURE_COMPTABLE_REPARTITION.pl [SOURCES] (Administrator),Tâches diverses,2022-01-04,13:28:31,00:00:02
stefano.crapanzano@chu.ulg.ac.be,SVN_LOCAL2 – CHL_ERP_GOAL_ECRITURE_COMPTABLE_REPARTITION.pl [SOURCES] (Administrator),IT,2022-01-04,13:28:36,00:00:02
stefano.crapanzano@chu.ulg.ac.be,SVN_LOCAL2 – CHL_ERP_GOAL_ECRITURE_COMPTABLE_REPARTITION.pl [SOURCES] (Administrator),Tâches diverses,2022-01-04,13:28:51,00:00:02
stefano.crapanzano@chu.ulg.ac.be,SVN_LOCAL2 – CHL_ERP_GOAL_ECRITURE_COMPTABLE_REPARTITION.pl [SOURCES] (Administrator),IT,2022-01-04,13:29:02,00:00:05
stefano.crapanzano@chu.ulg.ac.be,SVN_LOCAL2 – CHL_ERP_GOAL_ECRITURE_COMPTABLE_REPARTITION.pl [SOURCES] (Administrator),Tâches diverses,2022-01-04,13:29:10,00:00:21
stefano.crapanzano@chu.ulg.ac.be,SVN_LOCAL2 – CHL_ERP_GOAL_ECRITURE_COMPTABLE_REPARTITION.pl [SOURCES] (Administrator),IT,2022-01-04,13:29:35,00:00:12
stefano.crapanzano@chu.ulg.ac.be,SVN_LOCAL2 – CHL_ERP_GOAL_ECRITURE_COMPTABLE_REPARTITION.pl [SOURCES] (Administrator),IT,2022-01-04,13:29:59,00:00:07
stefano.crapanzano@chu.ulg.ac.be,SVN_LOCAL2 – CHL_ERP_GOAL_ECRITURE_COMPTABLE_REPARTITION.pl [SOURCES] (Administrator),IT,2022-01-04,13:30:11,00:00:07
stefano.crapanzano@chu.ulg.ac.be,SVN_LOCAL2 – CHL_ERP_GOAL_ECRITURE_COMPTABLE_REPARTITION.pl [SOURCES] (Administrator),IT,2022-01-04,13:31:02,00:00:51
stefano.crapanzano@chu.ulg.ac.be,SVN_LOCAL2 – CHL_ERP_GOAL_ECRITURE_COMPTABLE_REPARTITION.pl [SOURCES] (Administrator),IT,2022-01-04,13:31:56,00:00:09
stefano.crapanzano@chu.ulg.ac.be,SVN_LOCAL2 – CHL_ERP_GOAL_ECRITURE_COMPTABLE_REPARTITION.pl [SOURCES] (Administrator),IT,2022-01-04,13:32:16,00:00:04
stefano.crapanzano@chu.ulg.ac.be,SVN_LOCAL2 – CHL_ERP_GOAL_ECRITURE_COMPTABLE_REPARTITION.pl [SOURCES] (Administrator),IT,2022-01-04,13:32:55,00:00:05
stefano.crapanzano@chu.ulg.ac.be,SVN_LOCAL2 – CHL_ERP_GOAL_ECRITURE_COMPTABLE_REPARTITION.pl [SOURCES] (Administrator),IT,2022-01-04,13:33:04,00:00:28
stefano.crapanzano@chu.ulg.ac.be,SVN_LOCAL2 – CHL_ERP_GOAL_ECRITURE_COMPTABLE_REPARTITION.pl [SOURCES] (Administrator),IT,2022-01-04,13:33:39,00:00:47
stefano.crapanzano@chu.ulg.ac.be,SVN_LOCAL2 – CHL_ERP_GOAL_ECRITURE_COMPTABLE_REPARTITION.pl [SOURCES] (Administrator),IT,2022-01-04,13:37:53,00:00:14
stefano.crapanzano@chu.ulg.ac.be,SVN_LOCAL2 – CHL_ERP_GOAL_ECRITURE_COMPTABLE_REPARTITION.pl [SOURCES] (Administrator),IT,2022-01-04,13:38:13,00:05:06
stefano.crapanzano@chu.ulg.ac.be,SVN_LOCAL2 – CHL_ERP_GOAL_ECRITURE_COMPTABLE_REPARTITION.pl [SOURCES] (Administrator),IT,2022-01-04,13:43:36,00:05:39
stefano.crapanzano@chu.ulg.ac.be,SVN_LOCAL2 – CHL_ERP_GOAL_ECRITURE_COMPTABLE_REPARTITION.pl [SOURCES] (Administrator),IT,2022-01-04,13:49:42,00:02:35
stefano.crapanzano@chu.ulg.ac.be,SVN_LOCAL2 – CHL_ERP_GOAL_ECRITURE_COMPTABLE_REPARTITION.pl [SOURCES] (Administrator),IT,2022-01-04,13:52:47,00:02:23
stefano.crapanzano@chu.ulg.ac.be,SVN_LOCAL2 – CHL_ERP_GOAL_ECRITURE_COMPTABLE_REPARTITION.pl [SOURCES] (Administrator),IT,2022-01-04,13:55:12,00:02:45
stefano.crapanzano@chu.ulg.ac.be,SVN_LOCAL2 – CHL_ERP_GOAL_ECRITURE_COMPTABLE_REPARTITION.pl [SOURCES] (Administrator),IT,2022-01-04,13:58:03,00:00:04
stefano.crapanzano@chu.ulg.ac.be,SVN_LOCAL2 – CHL_ERP_GOAL_ECRITURE_COMPTABLE_REPARTITION.pl [SOURCES] (Administrator),IT,2022-01-04,13:58:11,00:00:02
stefano.crapanzano@chu.ulg.ac.be,SVN_LOCAL2 – CHL_ERP_GOAL_ECRITURE_COMPTABLE_REPARTITION.pl [SOURCES] (Administrator),IT,2022-01-04,13:58:16,00:00:04
stefano.crapanzano@chu.ulg.ac.be,SVN_LOCAL2 – CHL_ERP_GOAL_ECRITURE_COMPTABLE_REPARTITION.pl [SOURCES] (Administrator),IT,2022-01-04,13:58:22,00:00:11
stefano.crapanzano@chu.ulg.ac.be,SVN_LOCAL2 – CHL_ERP_GOAL_ECRITURE_COMPTABLE_REPARTITION.pl [SOURCES] (Administrator),IT,2022-01-04,14:00:40,00:00:16
stefano.crapanzano@chu.ulg.ac.be,SVN_LOCAL2 – CHL_ERP_GOAL_ECRITURE_COMPTABLE_REPARTITION.pl [SOURCES] (Administrator),IT,2022-01-04,14:01:38,00:00:55
stefano.crapanzano@chu.ulg.ac.be,SVN_LOCAL2 – CHL_ERP_GOAL_ECRITURE_COMPTABLE_REPARTITION.pl [SOURCES] (Administrator),Tâches diverses,2022-01-04,14:02:46,00:01:51
stefano.crapanzano@chu.ulg.ac.be,SVN_LOCAL2 – CHL_ERP_GOAL_ECRITURE_COMPTABLE_REPARTITION.pl [SOURCES] (Administrator),IT,2022-01-04,14:04:40,00:02:45
stefano.crapanzano@chu.ulg.ac.be,SVN_LOCAL2 – CHL_ERP_GOAL_ECRITURE_COMPTABLE_REPARTITION.pl [SOURCES] (Administrator),IT,2022-01-04,14:07:29,00:06:30
stefano.crapanzano@chu.ulg.ac.be,SVN_LOCAL2 – CHL_ERP_GOAL_ECRITURE_COMPTABLE_REPARTITION.pl [SOURCES] (Administrator),IT,2022-01-04,14:14:42,00:00:14
stefano.crapanzano@chu.ulg.ac.be,SVN_LOCAL2 – CHL_ERP_GOAL_ECRITURE_COMPTABLE_REPARTITION.pl [SOURCES] (Administrator),IT,2022-01-04,14:15:08,00:00:05
stefano.crapanzano@chu.ulg.ac.be,SVN_LOCAL2 – CHL_ERP_GOAL_ECRITURE_COMPTABLE_REPARTITION.pl [SOURCES] (Administrator),IT,2022-01-04,14:15:22,00:00:50
stefano.crapanzano@chu.ulg.ac.be,SVN_LOCAL2 – CHL_ERP_GOAL_ECRITURE_COMPTABLE_REPARTITION.pl [SOURCES] (Administrator),IT,2022-01-04,14:16:27,00:00:20
stefano.crapanzano@chu.ulg.ac.be,SVN_LOCAL2 – CHL_ERP_GOAL_ECRITURE_COMPTABLE_REPARTITION.pl [SOURCES] (Administrator),IT,2022-01-04,14:19:06,00:03:55
stefano.crapanzano@chu.ulg.ac.be,SVN_LOCAL2 – CHL_ERP_GOAL_ECRITURE_COMPTABLE_REPARTITION.pl [SOURCES] (Administrator),IT,2022-01-04,14:32:28,00:09:42
stefano.crapanzano@chu.ulg.ac.be,SVN_LOCAL2 – CHL_ERP_GOAL_ECRITURE_COMPTABLE_REPARTITION.pl [SOURCES] (Administrator),IT,2022-01-04,14:42:15,00:00:17
stefano.crapanzano@chu.ulg.ac.be,SVN_LOCAL2 – CHL_ERP_GOAL_ECRITURE_COMPTABLE_REPARTITION.pl [SOURCES] (Administrator),IT,2022-01-04,14:42:37,00:00:11
stefano.crapanzano@chu.ulg.ac.be,SVN_LOCAL2 – CHL_ERP_GOAL_ECRITURE_COMPTABLE_REPARTITION.pl [SOURCES] (Administrator),IT,2022-01-04,14:44:03,00:01:48
stefano.crapanzano@chu.ulg.ac.be,SVN_LOCAL2 – CHL_ERP_GOAL_ECRITURE_COMPTABLE_REPARTITION.pl [SOURCES] (Administrator),IT,2022-01-04,14:57:59,00:02:27
stefano.crapanzano@chu.ulg.ac.be,SVN_LOCAL2 – CHL_ERP_GOAL_ECRITURE_COMPTABLE_REPARTITION.pl [SOURCES] (Administrator),IT,2022-01-04,15:01:42,00:00:45
stefano.crapanzano@chu.ulg.ac.be,SVN_LOCAL2 – CHL_ERP_GOAL_ECRITURE_COMPTABLE_REPARTITION.pl [SOURCES] (Administrator),IT,2022-01-04,15:03:51,00:01:58
stefano.crapanzano@chu.ulg.ac.be,SVN_LOCAL2 – CHL_ERP_GOAL_ECRITURE_COMPTABLE_REPARTITION.pl [SOURCES] (Administrator),IT,2022-01-04,15:05:58,00:02:07
stefano.crapanzano@chu.ulg.ac.be,SVN_LOCAL2 – CHL_ERP_GOAL_ECRITURE_COMPTABLE_REPARTITION.pl [SOURCES] (Administrator),IT,2022-01-04,15:15:41,00:00:36
stefano.crapanzano@chu.ulg.ac.be,SVN_LOCAL2 – CHL_ERP_GOAL_ECRITURE_COMPTABLE_REPARTITION.pl [SOURCES] (Administrator),IT,2022-01-04,15:55:44,00:00:03
stefano.crapanzano@chu.ulg.ac.be,SVN_LOCAL2 – CHL_ERP_GOAL_ECRITURE_COMPTABLE_REPARTITION.pl [SOURCES] (Administrator),IT,2022-01-04,15:55:49,00:00:05
stefano.crapanzano@chu.ulg.ac.be,SVN_LOCAL2 – CHL_ERP_GOAL_ECRITURE_COMPTABLE_REPARTITION.pl [SOURCES] (Administrator),IT,2022-01-04,15:56:09,00:00:32
stefano.crapanzano@chu.ulg.ac.be,SVN_LOCAL2 – CHL_ERP_GOAL_ECRITURE_COMPTABLE_REPARTITION.pl [SOURCES] (Administrator),IT,2022-01-04,16:16:15,00:00:11
stefano.crapanzano@chu.ulg.ac.be,SVN_LOCAL2 – CHL_ERP_GOAL_ECRITURE_COMPTABLE_REPARTITION.pl [SOURCES] (Administrator),IT,2022-01-04,16:16:38,00:00:03
stefano.crapanzano@chu.ulg.ac.be,SVN_LOCAL2 – CHL_ERP_GOAL_ECRITURE_COMPTABLE_REPARTITION.pl [SOURCES] (Administrator),IT,2022-01-04,16:16:42,00:00:08
stefano.crapanzano@chu.ulg.ac.be,SVN_LOCAL2 – CHL_ERP_GOAL_ECRITURE_COMPTABLE_REPARTITION.pl [SOURCES] (Administrator),IT,2022-01-04,16:24:38,00:00:07
stefano.crapanzano@chu.ulg.ac.be,SVN_LOCAL2 – CHL_ERP_GOAL_ECRITURE_COMPTABLE_REPARTITION.pl [SOURCES] (Administrator),IT,2022-01-04,16:24:49,00:00:02
stefano.crapanzano@chu.ulg.ac.be,SVN_LOCAL2 – CHL_ERP_GOAL_ECRITURE_COMPTABLE_REPARTITION.pl [SOURCES] (Administrator),IT,2022-01-04,16:24:53,00:01:32
stefano.crapanzano@chu.ulg.ac.be,SVN_LOCAL2 – CHL_ERP_GOAL_ECRITURE_COMPTABLE_REPARTITION.pl [SOURCES] (Administrator),IT,2022-01-04,16:26:29,00:07:33
stefano.crapanzano@chu.ulg.ac.be,SVN_LOCAL2 – CHL_ERP_GOAL_ECRITURE_COMPTABLE_REPARTITION.pl [SOURCES] (Administrator),IT,2022-01-04,16:34:38,00:02:37
stefano.crapanzano@chu.ulg.ac.be,SVN_LOCAL2 – CHL_ERP_GOAL_ECRITURE_COMPTABLE_REPARTITION.pl [SOURCES] (Administrator),IT,2022-01-04,16:37:32,00:00:13
stefano.crapanzano@chu.ulg.ac.be,SVN_LOCAL2 – CHL_ERP_GOAL_ECRITURE_COMPTABLE_REPARTITION.pl [SOURCES] (Administrator),IT,2022-01-04,16:37:47,00:00:53
stefano.crapanzano@chu.ulg.ac.be,SVN_LOCAL2 – CHL_ERP_GOAL_ECRITURE_COMPTABLE_REPARTITION.pl [SOURCES] (Administrator),IT,2022-01-04,16:39:32,00:00:07
stefano.crapanzano@chu.ulg.ac.be,SVN_LOCAL2 – CHL_ERP_GOAL_ECRITURE_COMPTABLE_REPARTITION.pl [SOURCES] (Administrator),IT,2022-01-04,16:39:41,00:00:15
stefano.crapanzano@chu.ulg.ac.be,SVN_LOCAL2 – CHL_ERP_GOAL_ECRITURE_COMPTABLE_REPARTITION.pl [SOURCES] (Administrator),IT,2022-01-04,16:40:54,00:00:36
stefano.crapanzano@chu.ulg.ac.be,SVN_LOCAL2 – CHL_ERP_GOAL_ECRITURE_COMPTABLE_REPARTITION.pl [SOURCES] (Administrator),IT,2022-01-04,16:41:33,00:03:37
stefano.crapanzano@chu.ulg.ac.be,SVN_LOCAL2 – CHL_ERP_GOAL_ECRITURE_COMPTABLE_REPARTITION.pl [SOURCES] (Administrator),IT,2022-01-04,16:45:22,00:00:26
stefano.crapanzano@chu.ulg.ac.be,SVN_LOCAL2 – CHL_ERP_GOAL_ECRITURE_COMPTABLE_REPARTITION.pl [SOURCES] (Administrator),IT,2022-01-04,16:48:10,00:00:33
stefano.crapanzano@chu.ulg.ac.be,SVN_LOCAL2 – CHL_ERP_GOAL_ECRITURE_COMPTABLE_REPARTITION.pl [SOURCES] (Administrator),IT,2022-01-04,16:49:28,00:00:13
stefano.crapanzano@chu.ulg.ac.be,SVN_LOCAL2 – CHL_ERP_GOAL_ECRITURE_COMPTABLE_REPARTITION.pl [SOURCES] (Administrator),IT,2022-01-04,16:50:59,00:01:15
stefano.crapanzano@chu.ulg.ac.be,SVN_LOCAL2 – CHL_ERP_APPLY_ACCESS_TO_FOLDER.pl [SOURCES] (Administrator),IT,2022-01-04,13:07:58,00:00:05
stefano.crapanzano@chu.ulg.ac.be,SVN_LOCAL2 – CHL_ERP_EXTRACT_FACTURES_PAR_UB.bat [SOURCES] (Administrator),IT,2022-01-04,13:08:04,00:00:02
stefano.crapanzano@chu.ulg.ac.be,SVN_LOCAL2 – CHL_ERP_COPIE_FACTURES_PAR_UB.pl [SOURCES] (Administrator),IT,2022-01-04,13:08:07,00:00:05
stefano.crapanzano@chu.ulg.ac.be,SVN_LOCAL2 – CHL_ERP_GOAL_ECRITURE_COMPTABLE_REPARTITION.bat [SOURCES] (Administrator),IT,2022-01-04,13:08:22,00:00:16
stefano.crapanzano@chu.ulg.ac.be,ecriture_comptable_répartition_analyse_102021_v04.xlsx - Excel,IT,2022-01-04,13:28:22,00:00:05
stefano.crapanzano@chu.ulg.ac.be,ecriture_comptable_répartition_analyse_102021_v04.xlsx - Excel,Tâches diverses,2022-01-04,13:28:28,00:00:02
stefano.crapanzano@chu.ulg.ac.be,ecriture_comptable_répartition_analyse_102021_v04.xlsx - Excel,Tâches diverses,2022-01-04,13:28:34,00:00:02
stefano.crapanzano@chu.ulg.ac.be,ecriture_comptable_répartition_analyse_102021_v04.xlsx - Excel,Tâches diverses,2022-01-04,13:28:45,00:00:04
stefano.crapanzano@chu.ulg.ac.be,ecriture_comptable_répartition_analyse_102021_v04.xlsx - Excel,Tâches diverses,2022-01-04,13:28:54,00:00:02
stefano.crapanzano@chu.ulg.ac.be,ecriture_comptable_répartition_analyse_102021_v04.xlsx - Excel,Tâches diverses,2022-01-04,13:29:08,00:00:02
stefano.crapanzano@chu.ulg.ac.be,ecriture_comptable_répartition_analyse_102021_v04.xlsx - Excel,Tâches diverses,2022-01-04,13:29:32,00:00:03
stefano.crapanzano@chu.ulg.ac.be,ecriture_comptable_répartition_analyse_102021_v04.xlsx - Excel,Tâches diverses,2022-01-04,13:49:16,00:00:25
stefano.crapanzano@chu.ulg.ac.be,ecriture_comptable_répartition_analyse_102021_v04.xlsx - Excel,Tâches diverses,2022-01-04,13:52:19,00:00:28
stefano.crapanzano@chu.ulg.ac.be,ecriture_comptable_répartition_analyse_102021_v04.xlsx - Excel,Tâches diverses,2022-01-04,13:57:57,00:00:05
stefano.crapanzano@chu.ulg.ac.be,ecriture_comptable_répartition_analyse_102021_v04.xlsx - Excel,Tâches diverses,2022-01-04,13:58:07,00:00:04
stefano.crapanzano@chu.ulg.ac.be,ecriture_comptable_répartition_analyse_102021_v04.xlsx - Excel,Tâches diverses,2022-01-04,13:58:36,00:00:38
stefano.crapanzano@chu.ulg.ac.be,ecriture_comptable_répartition_analyse_102021_v04.xlsx - Excel,Tâches diverses,2022-01-04,14:00:08,00:00:29
stefano.crapanzano@chu.ulg.ac.be,ecriture_comptable_répartition_analyse_102021_v04.xlsx - Excel,Tâches diverses,2022-01-04,14:02:35,00:00:10
stefano.crapanzano@chu.ulg.ac.be,ecriture_comptable_répartition_analyse_102021_v04.xlsx - Excel,Tâches diverses,2022-01-04,14:04:37,00:00:03
stefano.crapanzano@chu.ulg.ac.be,ecriture_comptable_répartition_analyse_102021_v04.xlsx - Excel,Tâches diverses,2022-01-04,14:23:41,00:00:05
stefano.crapanzano@chu.ulg.ac.be,ecriture_comptable_répartition_analyse_102021_v04.xlsx - Excel,Tâches diverses,2022-01-04,14:24:05,00:00:02
stefano.crapanzano@chu.ulg.ac.be,ecriture_comptable_répartition_analyse_102021_v04.xlsx - Excel,Tâches diverses,2022-01-04,14:24:13,00:00:03
stefano.crapanzano@chu.ulg.ac.be,ecriture_comptable_répartition_analyse_102021_v04.xlsx - Excel,Tâches diverses,2022-01-04,14:25:21,00:00:05
stefano.crapanzano@chu.ulg.ac.be,ecriture_comptable_répartition_analyse_102021_v04.xlsx - Excel,Tâches diverses,2022-01-04,14:25:31,00:00:16
stefano.crapanzano@chu.ulg.ac.be,ecriture_comptable_répartition_analyse_102021_v04.xlsx - Excel,Tâches diverses,2022-01-04,14:25:52,00:00:02
stefano.crapanzano@chu.ulg.ac.be,ecriture_comptable_répartition_analyse_102021_v04.xlsx - Excel,Tâches diverses,2022-01-04,14:25:56,00:00:02
stefano.crapanzano@chu.ulg.ac.be,ecriture_comptable_répartition_analyse_102021_v04.xlsx - Excel,Tâches diverses,2022-01-04,14:26:08,00:00:05
stefano.crapanzano@chu.ulg.ac.be,ecriture_comptable_répartition_analyse_102021_v04.xlsx - Excel,Tâches diverses,2022-01-04,14:26:19,00:01:57
stefano.crapanzano@chu.ulg.ac.be,ecriture_comptable_répartition_analyse_102021_v04.xlsx - Excel,Tâches diverses,2022-01-04,14:28:21,00:00:04
stefano.crapanzano@chu.ulg.ac.be,ecriture_comptable_répartition_analyse_102021_v04.xlsx - Excel,IT,2022-01-04,14:28:26,00:00:05
stefano.crapanzano@chu.ulg.ac.be,ecriture_comptable_répartition_analyse_102021_v04.xlsx - Excel,Tâches diverses,2022-01-04,14:28:45,00:00:02
stefano.crapanzano@chu.ulg.ac.be,ecriture_comptable_répartition_analyse_102021_v04.xlsx - Excel,Tâches diverses,2022-01-04,14:28:57,00:00:02
stefano.crapanzano@chu.ulg.ac.be,ecriture_comptable_répartition_analyse_102021_v04.xlsx - Excel,Tâches diverses,2022-01-04,14:29:01,00:00:02
stefano.crapanzano@chu.ulg.ac.be,ecriture_comptable_répartition_analyse_102021_v04.xlsx - Excel,Tâches diverses,2022-01-04,14:29:06,00:00:06
stefano.crapanzano@chu.ulg.ac.be,ecriture_comptable_répartition_analyse_102021_v04.xlsx - Excel,Tâches diverses,2022-01-04,14:29:16,00:00:06
stefano.crapanzano@chu.ulg.ac.be,ecriture_comptable_répartition_analyse_102021_v04.xlsx - Excel,Tâches diverses,2022-01-04,14:29:50,00:00:02
stefano.crapanzano@chu.ulg.ac.be,ecriture_comptable_répartition_analyse_102021_v04.xlsx - Excel,Tâches diverses,2022-01-04,14:30:00,00:00:06
stefano.crapanzano@chu.ulg.ac.be,ecriture_comptable_répartition_analyse_102021_v04.xlsx - Excel,Tâches diverses,2022-01-04,14:30:46,00:00:05
stefano.crapanzano@chu.ulg.ac.be,ecriture_comptable_répartition_analyse_102021_v04.xlsx - Excel,Tâches diverses,2022-01-04,14:30:54,00:00:05
stefano.crapanzano@chu.ulg.ac.be,ecriture_comptable_répartition_analyse_102021_v04.xlsx - Excel,Tâches diverses,2022-01-04,14:43:29,00:00:05
stefano.crapanzano@chu.ulg.ac.be,ecriture_comptable_répartition_analyse_102021_v04.xlsx - Excel,Tâches diverses,2022-01-04,14:43:46,00:00:09
stefano.crapanzano@chu.ulg.ac.be,ecriture_comptable_répartition_analyse_102021_v04.xlsx - Excel,Tâches diverses,2022-01-04,14:48:08,00:00:02
stefano.crapanzano@chu.ulg.ac.be,ecriture_comptable_répartition_analyse_102021_v04.xlsx - Excel,Tâches diverses,2022-01-04,14:48:51,00:00:10
stefano.crapanzano@chu.ulg.ac.be,ecriture_comptable_répartition_analyse_102021_v04.xlsx - Excel,Tâches diverses,2022-01-04,14:49:03,00:01:58
stefano.crapanzano@chu.ulg.ac.be,ecriture_comptable_répartition_analyse_102021_v04.xlsx - Excel,Tâches diverses,2022-01-04,14:51:06,00:00:02
stefano.crapanzano@chu.ulg.ac.be,ecriture_comptable_répartition_analyse_102021_v04.xlsx - Excel,Tâches diverses,2022-01-04,14:51:17,00:00:28
stefano.crapanzano@chu.ulg.ac.be,ecriture_comptable_répartition_analyse_102021_v04.xlsx - Excel,Tâches diverses,2022-01-04,14:51:48,00:00:04
stefano.crapanzano@chu.ulg.ac.be,ecriture_comptable_répartition_analyse_102021_v04.xlsx - Excel,Tâches diverses,2022-01-04,14:51:55,00:00:02
stefano.crapanzano@chu.ulg.ac.be,ecriture_comptable_répartition_analyse_102021_v04.xlsx - Excel,Tâches diverses,2022-01-04,14:52:02,00:00:05
stefano.crapanzano@chu.ulg.ac.be,ecriture_comptable_répartition_analyse_102021_v04.xlsx - Excel,Tâches diverses,2022-01-04,14:52:08,00:00:04
stefano.crapanzano@chu.ulg.ac.be,ecriture_comptable_répartition_analyse_102021_v04.xlsx - Excel,Tâches diverses,2022-01-04,14:52:16,00:00:02
stefano.crapanzano@chu.ulg.ac.be,ecriture_comptable_répartition_analyse_102021_v04.xlsx - Excel,Tâches diverses,2022-01-04,14:52:28,00:00:14
stefano.crapanzano@chu.ulg.ac.be,ecriture_comptable_répartition_analyse_102021_v04.xlsx - Excel,Tâches diverses,2022-01-04,14:52:49,00:00:02
stefano.crapanzano@chu.ulg.ac.be,ecriture_comptable_répartition_analyse_102021_v04.xlsx - Excel,Tâches diverses,2022-01-04,14:52:55,00:00:48
stefano.crapanzano@chu.ulg.ac.be,ecriture_comptable_répartition_analyse_102021_v04.xlsx - Excel,Tâches diverses,2022-01-04,14:55:41,00:00:04
stefano.crapanzano@chu.ulg.ac.be,ecriture_comptable_répartition_analyse_102021_v04.xlsx - Excel,Tâches diverses,2022-01-04,14:57:13,00:00:04
stefano.crapanzano@chu.ulg.ac.be,ecriture_comptable_répartition_analyse_102021_v04.xlsx - Excel,Tâches diverses,2022-01-04,15:02:56,00:00:09
stefano.crapanzano@chu.ulg.ac.be,ecriture_comptable_répartition_analyse_102021_v04.xlsx - Excel,Tâches diverses,2022-01-04,15:03:14,00:00:02
stefano.crapanzano@chu.ulg.ac.be,ecriture_comptable_répartition_analyse_102021_v04.xlsx - Excel,Tâches diverses,2022-01-04,15:03:18,00:00:04
stefano.crapanzano@chu.ulg.ac.be,ecriture_comptable_répartition_analyse_102021_v04.xlsx - Excel,Tâches diverses,2022-01-04,15:03:27,00:00:02
stefano.crapanzano@chu.ulg.ac.be,ecriture_comptable_répartition_analyse_102021_v04.xlsx - Excel,Tâches diverses,2022-01-04,15:08:23,00:04:57
stefano.crapanzano@chu.ulg.ac.be,ecriture_comptable_répartition_analyse_102021_v04.xlsx - Excel,Tâches diverses,2022-01-04,15:13:24,00:00:10
stefano.crapanzano@chu.ulg.ac.be,ecriture_comptable_répartition_analyse_102021_v04.xlsx - Excel,Tâches diverses,2022-01-04,15:13:38,00:00:04
stefano.crapanzano@chu.ulg.ac.be,ecriture_comptable_répartition_analyse_102021_v04.xlsx - Excel,Tâches diverses,2022-01-04,15:13:59,00:00:02
stefano.crapanzano@chu.ulg.ac.be,ecriture_comptable_répartition_analyse_102021_v04.xlsx - Excel,Tâches diverses,2022-01-04,15:14:07,00:00:03
stefano.crapanzano@chu.ulg.ac.be,ecriture_comptable_répartition_analyse_102021_v04.xlsx - Excel,Tâches diverses,2022-01-04,15:14:18,00:00:04
stefano.crapanzano@chu.ulg.ac.be,ecriture_comptable_répartition_analyse_102021_v04.xlsx - Excel,Tâches diverses,2022-01-04,15:14:23,00:00:02
stefano.crapanzano@chu.ulg.ac.be,ecriture_comptable_répartition_analyse_102021_v04.xlsx - Excel,Tâches diverses,2022-01-04,15:14:27,00:00:02
stefano.crapanzano@chu.ulg.ac.be,ecriture_comptable_répartition_analyse_102021_v04.xlsx - Excel,Tâches diverses,2022-01-04,15:14:34,00:00:05
stefano.crapanzano@chu.ulg.ac.be,ecriture_comptable_répartition_analyse_102021_v04.xlsx - Excel,Tâches diverses,2022-01-04,15:14:51,00:00:44
stefano.crapanzano@chu.ulg.ac.be,ecriture_comptable_répartition_analyse_102021_v04.xlsx - Excel,Tâches diverses,2022-01-04,15:56:44,00:00:02
stefano.crapanzano@chu.ulg.ac.be,ecriture_comptable_répartition_analyse_102021_v04.xlsx - Excel,Tâches diverses,2022-01-04,16:37:18,00:00:08
stefano.crapanzano@chu.ulg.ac.be,ecriture_comptable_répartition_analyse_102021_v04.xlsx - Excel,Tâches diverses,2022-01-04,16:37:29,00:00:02
stefano.crapanzano@chu.ulg.ac.be,Changement de tâche,IT,2022-01-04,14:14:31,00:00:02
stefano.crapanzano@chu.ulg.ac.be,P203 CHU Demande de configuration d'une imprimante dans ERP4HC - Xperthis ERP4HC 1.0 - Service d'assistance - Google Chrome,Tâches diverses,2022-01-04,13:59:31,00:00:36
stefano.crapanzano@chu.ulg.ac.be,Nouvel onglet - Google Chrome,Tâches diverses,2022-01-04,14:00:57,00:00:02
stefano.crapanzano@chu.ulg.ac.be,traduction - Recherche Google - Google Chrome,Tâches diverses,2022-01-04,14:01:00,00:00:36
stefano.crapanzano@chu.ulg.ac.be,C:\erp_sai\CHL_ERP_GOAL_ECRITURE_COMPTABLE_REPARTITION.log - Notepad++ [Administrator],IT,2022-01-04,14:14:14,00:00:13
stefano.crapanzano@chu.ulg.ac.be,C:\erp_sai\CHL_ERP_GOAL_ECRITURE_COMPTABLE_REPARTITION.log - Notepad++ [Administrator],IT,2022-01-04,14:14:34,00:00:06
stefano.crapanzano@chu.ulg.ac.be,C:\erp_sai\CHL_ERP_GOAL_ECRITURE_COMPTABLE_REPARTITION.log - Notepad++ [Administrator],IT,2022-01-04,14:14:58,00:00:10
stefano.crapanzano@chu.ulg.ac.be,C:\erp_sai\CHL_ERP_GOAL_ECRITURE_COMPTABLE_REPARTITION.log - Notepad++ [Administrator],IT,2022-01-04,14:15:14,00:00:08
stefano.crapanzano@chu.ulg.ac.be,C:\erp_sai\CHL_ERP_GOAL_ECRITURE_COMPTABLE_REPARTITION.log - Notepad++ [Administrator],IT,2022-01-04,14:16:14,00:00:13
stefano.crapanzano@chu.ulg.ac.be,C:\erp_sai\CHL_ERP_GOAL_ECRITURE_COMPTABLE_REPARTITION.log - Notepad++ [Administrator],IT,2022-01-04,14:17:00,00:02:03
stefano.crapanzano@chu.ulg.ac.be,C:\erp_sai\CHL_ERP_GOAL_ECRITURE_COMPTABLE_REPARTITION.log - Notepad++ [Administrator],IT,2022-01-04,14:23:02,00:00:06
stefano.crapanzano@chu.ulg.ac.be,C:\erp_sai\CHL_ERP_GOAL_ECRITURE_COMPTABLE_REPARTITION.log - Notepad++ [Administrator],IT,2022-01-04,14:23:12,00:00:02
stefano.crapanzano@chu.ulg.ac.be,C:\erp_sai\CHL_ERP_GOAL_ECRITURE_COMPTABLE_REPARTITION.log - Notepad++ [Administrator],IT,2022-01-04,14:23:18,00:00:04
stefano.crapanzano@chu.ulg.ac.be,C:\erp_sai\CHL_ERP_GOAL_ECRITURE_COMPTABLE_REPARTITION.log - Notepad++ [Administrator],IT,2022-01-04,14:23:27,00:00:11
stefano.crapanzano@chu.ulg.ac.be,C:\erp_sai\CHL_ERP_GOAL_ECRITURE_COMPTABLE_REPARTITION.log - Notepad++ [Administrator],IT,2022-01-04,14:23:46,00:00:08
stefano.crapanzano@chu.ulg.ac.be,C:\erp_sai\CHL_ERP_GOAL_ECRITURE_COMPTABLE_REPARTITION.log - Notepad++ [Administrator],IT,2022-01-04,14:23:55,00:00:02
stefano.crapanzano@chu.ulg.ac.be,C:\erp_sai\CHL_ERP_GOAL_ECRITURE_COMPTABLE_REPARTITION.log - Notepad++ [Administrator],IT,2022-01-04,14:24:01,00:00:02
stefano.crapanzano@chu.ulg.ac.be,C:\erp_sai\CHL_ERP_GOAL_ECRITURE_COMPTABLE_REPARTITION.log - Notepad++ [Administrator],IT,2022-01-04,14:24:07,00:00:05
stefano.crapanzano@chu.ulg.ac.be,C:\erp_sai\CHL_ERP_GOAL_ECRITURE_COMPTABLE_REPARTITION.log - Notepad++ [Administrator],IT,2022-01-04,14:24:17,00:01:04
stefano.crapanzano@chu.ulg.ac.be,C:\erp_sai\CHL_ERP_GOAL_ECRITURE_COMPTABLE_REPARTITION.log - Notepad++ [Administrator],IT,2022-01-04,14:25:27,00:00:03
stefano.crapanzano@chu.ulg.ac.be,C:\erp_sai\CHL_ERP_GOAL_ECRITURE_COMPTABLE_REPARTITION.log - Notepad++ [Administrator],IT,2022-01-04,14:25:47,00:00:03
stefano.crapanzano@chu.ulg.ac.be,C:\erp_sai\CHL_ERP_GOAL_ECRITURE_COMPTABLE_REPARTITION.log - Notepad++ [Administrator],IT,2022-01-04,14:25:59,00:00:05
stefano.crapanzano@chu.ulg.ac.be,C:\erp_sai\CHL_ERP_GOAL_ECRITURE_COMPTABLE_REPARTITION.log - Notepad++ [Administrator],IT,2022-01-04,14:26:13,00:00:04
stefano.crapanzano@chu.ulg.ac.be,C:\erp_sai\CHL_ERP_GOAL_ECRITURE_COMPTABLE_REPARTITION.log - Notepad++ [Administrator],IT,2022-01-04,14:28:17,00:00:02
stefano.crapanzano@chu.ulg.ac.be,C:\erp_sai\CHL_ERP_GOAL_ECRITURE_COMPTABLE_REPARTITION.log - Notepad++ [Administrator],IT,2022-01-04,14:28:37,00:00:04
stefano.crapanzano@chu.ulg.ac.be,C:\erp_sai\CHL_ERP_GOAL_ECRITURE_COMPTABLE_REPARTITION.log - Notepad++ [Administrator],IT,2022-01-04,14:28:42,00:00:02
stefano.crapanzano@chu.ulg.ac.be,C:\erp_sai\CHL_ERP_GOAL_ECRITURE_COMPTABLE_REPARTITION.log - Notepad++ [Administrator],IT,2022-01-04,14:28:47,00:00:04
stefano.crapanzano@chu.ulg.ac.be,C:\erp_sai\CHL_ERP_GOAL_ECRITURE_COMPTABLE_REPARTITION.log - Notepad++ [Administrator],IT,2022-01-04,14:28:53,00:00:04
stefano.crapanzano@chu.ulg.ac.be,C:\erp_sai\CHL_ERP_GOAL_ECRITURE_COMPTABLE_REPARTITION.log - Notepad++ [Administrator],IT,2022-01-04,14:29:04,00:00:02
stefano.crapanzano@chu.ulg.ac.be,C:\erp_sai\CHL_ERP_GOAL_ECRITURE_COMPTABLE_REPARTITION.log - Notepad++ [Administrator],IT,2022-01-04,14:29:13,00:00:02
stefano.crapanzano@chu.ulg.ac.be,C:\erp_sai\CHL_ERP_GOAL_ECRITURE_COMPTABLE_REPARTITION.log - Notepad++ [Administrator],Tâches diverses,2022-01-04,14:29:22,00:00:04
stefano.crapanzano@chu.ulg.ac.be,C:\erp_sai\CHL_ERP_GOAL_ECRITURE_COMPTABLE_REPARTITION.log - Notepad++ [Administrator],IT,2022-01-04,14:29:37,00:00:13
stefano.crapanzano@chu.ulg.ac.be,C:\erp_sai\CHL_ERP_GOAL_ECRITURE_COMPTABLE_REPARTITION.log - Notepad++ [Administrator],Tâches diverses,2022-01-04,14:29:53,00:00:02
stefano.crapanzano@chu.ulg.ac.be,C:\erp_sai\CHL_ERP_GOAL_ECRITURE_COMPTABLE_REPARTITION.log - Notepad++ [Administrator],Tâches diverses,2022-01-04,14:29:57,00:00:02
stefano.crapanzano@chu.ulg.ac.be,C:\erp_sai\CHL_ERP_GOAL_ECRITURE_COMPTABLE_REPARTITION.log - Notepad++ [Administrator],Tâches diverses,2022-01-04,14:30:07,00:00:04
stefano.crapanzano@chu.ulg.ac.be,C:\erp_sai\CHL_ERP_GOAL_ECRITURE_COMPTABLE_REPARTITION.log - Notepad++ [Administrator],IT,2022-01-04,14:30:13,00:00:31
stefano.crapanzano@chu.ulg.ac.be,C:\erp_sai\CHL_ERP_GOAL_ECRITURE_COMPTABLE_REPARTITION.log - Notepad++ [Administrator],IT,2022-01-04,14:30:51,00:00:02
stefano.crapanzano@chu.ulg.ac.be,C:\erp_sai\CHL_ERP_GOAL_ECRITURE_COMPTABLE_REPARTITION.log - Notepad++ [Administrator],IT,2022-01-04,14:31:09,00:00:05
stefano.crapanzano@chu.ulg.ac.be,C:\erp_sai\CHL_ERP_GOAL_ECRITURE_COMPTABLE_REPARTITION.log - Notepad++ [Administrator],IT,2022-01-04,14:31:23,00:00:02
stefano.crapanzano@chu.ulg.ac.be,C:\erp_sai\CHL_ERP_GOAL_ECRITURE_COMPTABLE_REPARTITION.log - Notepad++ [Administrator],IT,2022-01-04,14:42:52,00:00:02
stefano.crapanzano@chu.ulg.ac.be,C:\erp_sai\CHL_ERP_GOAL_ECRITURE_COMPTABLE_REPARTITION.log - Notepad++ [Administrator],IT,2022-01-04,14:45:53,00:00:06
stefano.crapanzano@chu.ulg.ac.be,C:\erp_sai\CHL_ERP_GOAL_ECRITURE_COMPTABLE_REPARTITION.log - Notepad++ [Administrator],IT,2022-01-04,14:46:03,00:00:21
stefano.crapanzano@chu.ulg.ac.be,C:\erp_sai\CHL_ERP_GOAL_ECRITURE_COMPTABLE_REPARTITION.log - Notepad++ [Administrator],IT,2022-01-04,14:46:32,00:00:06
stefano.crapanzano@chu.ulg.ac.be,C:\erp_sai\CHL_ERP_GOAL_ECRITURE_COMPTABLE_REPARTITION.log - Notepad++ [Administrator],IT,2022-01-04,15:02:28,00:00:14
stefano.crapanzano@chu.ulg.ac.be,C:\erp_sai\CHL_ERP_GOAL_ECRITURE_COMPTABLE_REPARTITION.log - Notepad++ [Administrator],IT,2022-01-04,15:08:07,00:00:09
stefano.crapanzano@chu.ulg.ac.be,C:\erp_sai\CHL_ERP_GOAL_ECRITURE_COMPTABLE_REPARTITION.log - Notepad++ [Administrator],IT,2022-01-04,15:13:35,00:00:02
stefano.crapanzano@chu.ulg.ac.be,C:\erp_sai\CHL_ERP_GOAL_ECRITURE_COMPTABLE_REPARTITION.log - Notepad++ [Administrator],Tâches diverses,2022-01-04,15:13:42,00:00:02
stefano.crapanzano@chu.ulg.ac.be,C:\erp_sai\CHL_ERP_GOAL_ECRITURE_COMPTABLE_REPARTITION.log - Notepad++ [Administrator],IT,2022-01-04,15:13:51,00:00:02
stefano.crapanzano@chu.ulg.ac.be,C:\erp_sai\CHL_ERP_GOAL_ECRITURE_COMPTABLE_REPARTITION.log - Notepad++ [Administrator],IT,2022-01-04,15:14:04,00:00:02
stefano.crapanzano@chu.ulg.ac.be,C:\erp_sai\CHL_ERP_GOAL_ECRITURE_COMPTABLE_REPARTITION.log - Notepad++ [Administrator],IT,2022-01-04,15:14:11,00:00:04
stefano.crapanzano@chu.ulg.ac.be,C:\erp_sai\CHL_ERP_GOAL_ECRITURE_COMPTABLE_REPARTITION.log - Notepad++ [Administrator],IT,2022-01-04,15:14:39,00:00:10
stefano.crapanzano@chu.ulg.ac.be,C:\erp_sai\CHL_ERP_GOAL_ECRITURE_COMPTABLE_REPARTITION.log - Notepad++ [Administrator],IT,2022-01-04,15:15:36,00:00:04
stefano.crapanzano@chu.ulg.ac.be,C:\erp_sai\CHL_ERP_GOAL_ECRITURE_COMPTABLE_REPARTITION.log - Notepad++ [Administrator],IT,2022-01-04,16:39:58,00:00:02
stefano.crapanzano@chu.ulg.ac.be,C:\erp_sai\CHL_ERP_GOAL_ECRITURE_COMPTABLE_REPARTITION.log - Notepad++ [Administrator],IT,2022-01-04,16:40:02,00:00:49
stefano.crapanzano@chu.ulg.ac.be,C:\erp_sai\CHL_ERP_GOAL_ECRITURE_COMPTABLE_REPARTITION.log - Notepad++ [Administrator],IT,2022-01-04,16:45:10,00:00:06
stefano.crapanzano@chu.ulg.ac.be,C:\erp_sai\CHL_ERP_GOAL_ECRITURE_COMPTABLE_REPARTITION.log - Notepad++ [Administrator],IT,2022-01-04,16:47:11,00:00:12
stefano.crapanzano@chu.ulg.ac.be,C:\erp_sai\CHL_ERP_GOAL_ECRITURE_COMPTABLE_REPARTITION.log - Notepad++ [Administrator],IT,2022-01-04,16:47:39,00:00:13
stefano.crapanzano@chu.ulg.ac.be,C:\erp_sai\CHL_ERP_GOAL_ECRITURE_COMPTABLE_REPARTITION.log - Notepad++ [Administrator],IT,2022-01-04,16:48:03,00:00:05
stefano.crapanzano@chu.ulg.ac.be,C:\erp_sai\CHL_ERP_GOAL_ECRITURE_COMPTABLE_REPARTITION.log - Notepad++ [Administrator],IT,2022-01-04,16:48:45,00:00:02
stefano.crapanzano@chu.ulg.ac.be,C:\erp_sai\CHL_ERP_GOAL_ECRITURE_COMPTABLE_REPARTITION.log - Notepad++ [Administrator],IT,2022-01-04,16:49:48,00:01:09
stefano.crapanzano@chu.ulg.ac.be,C:\erp_sai\CHL_ERP_GOAL_ECRITURE_COMPTABLE_REPARTITION.log - Notepad++ [Administrator],IT,2022-01-04,16:52:48,00:00:22
stefano.crapanzano@chu.ulg.ac.be,C:\erp_sai\CHL_ERP_GOAL_ECRITURE_COMPTABLE_REPARTITION.log - Notepad++ [Administrator],IT,2022-01-04,16:53:32,00:00:09
stefano.crapanzano@chu.ulg.ac.be,C:\erp_sai\CHL_ERP_GOAL_ECRITURE_COMPTABLE_REPARTITION.log - Notepad++ [Administrator],IT,2022-01-04,17:02:31,00:00:02
stefano.crapanzano@chu.ulg.ac.be,Rechercher,IT,2022-01-04,14:16:49,00:00:10
stefano.crapanzano@chu.ulg.ac.be,Rechercher,IT,2022-01-04,14:23:08,00:00:03
stefano.crapanzano@chu.ulg.ac.be,Rechercher,IT,2022-01-04,14:23:15,00:00:02
stefano.crapanzano@chu.ulg.ac.be,Rechercher,IT,2022-01-04,14:23:22,00:00:05
stefano.crapanzano@chu.ulg.ac.be,Rechercher,IT,2022-01-04,14:29:26,00:00:10
stefano.crapanzano@chu.ulg.ac.be,Rechercher,IT,2022-01-04,14:30:11,00:00:02
stefano.crapanzano@chu.ulg.ac.be,Rechercher,IT,2022-01-04,14:31:00,00:00:08
stefano.crapanzano@chu.ulg.ac.be,Rechercher,IT,2022-01-04,14:31:18,00:00:05
stefano.crapanzano@chu.ulg.ac.be,Rechercher,IT,2022-01-04,14:46:00,00:00:02
stefano.crapanzano@chu.ulg.ac.be,Rechercher,IT,2022-01-04,14:46:27,00:00:05
stefano.crapanzano@chu.ulg.ac.be,Rechercher,IT,2022-01-04,15:08:16,00:00:05
stefano.crapanzano@chu.ulg.ac.be,Rechercher,IT,2022-01-04,15:13:44,00:00:05
stefano.crapanzano@chu.ulg.ac.be,*new 1 - Notepad++ [Administrator],IT,2022-01-04,14:31:14,00:00:02
stefano.crapanzano@chu.ulg.ac.be,*new 1 - Notepad++ [Administrator],IT,2022-01-04,14:31:26,00:00:57
stefano.crapanzano@chu.ulg.ac.be,*new 1 - Notepad++ [Administrator],IT,2022-01-04,14:42:34,00:00:02
stefano.crapanzano@chu.ulg.ac.be,*new 1 - Notepad++ [Administrator],IT,2022-01-04,14:42:50,00:00:02
stefano.crapanzano@chu.ulg.ac.be,*new 1 - Notepad++ [Administrator],IT,2022-01-04,14:46:39,00:00:49
stefano.crapanzano@chu.ulg.ac.be,*new 1 - Notepad++ [Administrator],Tâches diverses,2022-01-04,14:47:33,00:00:04
stefano.crapanzano@chu.ulg.ac.be,*new 1 - Notepad++ [Administrator],IT,2022-01-04,14:51:03,00:00:02
stefano.crapanzano@chu.ulg.ac.be,*new 1 - Notepad++ [Administrator],IT,2022-01-04,14:51:09,00:00:02
stefano.crapanzano@chu.ulg.ac.be,*new 1 - Notepad++ [Administrator],IT,2022-01-04,14:51:13,00:00:04
stefano.crapanzano@chu.ulg.ac.be,*new 1 - Notepad++ [Administrator],IT,2022-01-04,14:51:46,00:00:02
stefano.crapanzano@chu.ulg.ac.be,*new 1 - Notepad++ [Administrator],IT,2022-01-04,14:51:52,00:00:02
stefano.crapanzano@chu.ulg.ac.be,*new 1 - Notepad++ [Administrator],IT,2022-01-04,14:52:12,00:00:04
stefano.crapanzano@chu.ulg.ac.be,*new 1 - Notepad++ [Administrator],IT,2022-01-04,15:01:30,00:00:02
stefano.crapanzano@chu.ulg.ac.be,*new 1 - Notepad++ [Administrator],IT,2022-01-04,15:01:34,00:00:02
stefano.crapanzano@chu.ulg.ac.be,*new 1 - Notepad++ [Administrator],IT,2022-01-04,15:05:52,00:00:02
stefano.crapanzano@chu.ulg.ac.be,Classeur1 - Excel,Tâches diverses,2022-01-04,14:47:37,00:00:28
stefano.crapanzano@chu.ulg.ac.be,Classeur1 - Excel,Tâches diverses,2022-01-04,14:48:11,00:00:06
stefano.crapanzano@chu.ulg.ac.be,Classeur1 - Excel,Tâches diverses,2022-01-04,14:48:19,00:00:30
stefano.crapanzano@chu.ulg.ac.be,Classeur1 - Excel,Tâches diverses,2022-01-04,14:52:26,00:00:02
stefano.crapanzano@chu.ulg.ac.be,Classeur1 - Excel,Tâches diverses,2022-01-04,14:52:45,00:00:04
stefano.crapanzano@chu.ulg.ac.be,Classeur1 - Excel,Tâches diverses,2022-01-04,14:52:51,00:00:04
stefano.crapanzano@chu.ulg.ac.be,Classeur1 - Excel,Tâches diverses,2022-01-04,14:53:45,00:01:53
stefano.crapanzano@chu.ulg.ac.be,Classeur1 - Excel,Tâches diverses,2022-01-04,14:55:45,00:01:26
stefano.crapanzano@chu.ulg.ac.be,Classeur1 - Excel,Tâches diverses,2022-01-04,14:57:17,00:00:38
stefano.crapanzano@chu.ulg.ac.be,Classeur1 - Excel,Tâches diverses,2022-01-04,15:00:28,00:00:58
stefano.crapanzano@chu.ulg.ac.be,Classeur1 - Excel,Tâches diverses,2022-01-04,15:02:44,00:00:10
stefano.crapanzano@chu.ulg.ac.be,Classeur1 - Excel,Tâches diverses,2022-01-04,15:03:07,00:00:02
stefano.crapanzano@chu.ulg.ac.be,Classeur1 - Excel,Tâches diverses,2022-01-04,15:03:11,00:00:02
stefano.crapanzano@chu.ulg.ac.be,Classeur1 - Excel,Tâches diverses,2022-01-04,15:03:22,00:00:02
stefano.crapanzano@chu.ulg.ac.be,Classeur1 - Excel,Tâches diverses,2022-01-04,15:03:36,00:00:10
stefano.crapanzano@chu.ulg.ac.be,Enregistrer sous,IT,2022-01-04,16:45:54,00:00:12
stefano.crapanzano@chu.ulg.ac.be,SVN_LOCAL2 – CHL_ERP_ENCOURS.pl [SOURCES] (Administrator),IT,2022-01-04,15:16:18,00:10:05
stefano.crapanzano@chu.ulg.ac.be,SVN_LOCAL2 – CHL_ERP_ENCOURS.pl [SOURCES] (Administrator),IT,2022-01-04,15:36:01,00:19:43
stefano.crapanzano@chu.ulg.ac.be,SVN_LOCAL2 – CHL_ERP_ENCOURS.pl [SOURCES] (Administrator),IT,2022-01-04,15:55:55,00:00:13
stefano.crapanzano@chu.ulg.ac.be,SVN_LOCAL2 – CHL_ERP_ENCOURS.pl [SOURCES] (Administrator),IT,2022-01-04,15:56:52,00:18:23
stefano.crapanzano@chu.ulg.ac.be,SVN_LOCAL2 – CHL_ERP_ENCOURS.pl [SOURCES] (Administrator),IT,2022-01-04,16:15:37,00:00:38
stefano.crapanzano@chu.ulg.ac.be,SVN_LOCAL2 – CHL_ERP_ENCOURS.pl [SOURCES] (Administrator),IT,2022-01-04,16:16:32,00:00:05
stefano.crapanzano@chu.ulg.ac.be,SVN_LOCAL2 – CHL_ERP_ENCOURS.pl [SOURCES] (Administrator),IT,2022-01-04,16:16:51,00:07:44
stefano.crapanzano@chu.ulg.ac.be,SVN_LOCAL2 – CHL_ERP_ENCOURS.pl [SOURCES] (Administrator),IT,2022-01-04,16:24:45,00:00:03
stefano.crapanzano@chu.ulg.ac.be,SVN_LOCAL2 – CHL_ERP_ENCOURS.pl [SOURCES] (Administrator),IT,2022-01-04,16:26:25,00:00:04
stefano.crapanzano@chu.ulg.ac.be,SVN_LOCAL2 – CHL_ERP_ENCOURS.pl [SOURCES] (Administrator),IT,2022-01-04,16:38:48,00:00:44
stefano.crapanzano@chu.ulg.ac.be,*new 3 - Notepad++ [Administrator],IT,2022-01-04,16:45:51,00:00:02
stefano.crapanzano@chu.ulg.ac.be,C:\Users\c158492\Desktop\ecriture.csv - Notepad++ [Administrator],IT,2022-01-04,16:46:06,00:00:04
stefano.crapanzano@chu.ulg.ac.be,ecriture.csv - Excel,Tâches diverses,2022-01-04,16:46:28,00:00:09
stefano.crapanzano@chu.ulg.ac.be,ecriture.csv - Excel,Tâches diverses,2022-01-04,16:46:46,00:00:09
stefano.crapanzano@chu.ulg.ac.be,ecriture.csv - Excel,Tâches diverses,2022-01-04,16:47:23,00:00:14
stefano.crapanzano@chu.ulg.ac.be,ecriture.csv - Excel,Tâches diverses,2022-01-04,16:47:52,00:00:10
stefano.crapanzano@chu.ulg.ac.be,ecriture.csv - Excel,Tâches diverses,2022-01-04,16:48:59,00:00:28
stefano.crapanzano@chu.ulg.ac.be,ecriture.csv - Excel,Tâches diverses,2022-01-04,16:49:42,00:00:05
stefano.crapanzano@chu.ulg.ac.be,ecriture.csv - Excel,Tâches diverses,2022-01-04,16:52:16,00:00:29
stefano.crapanzano@chu.ulg.ac.be,ecriture.csv - Excel,Tâches diverses,2022-01-04,16:53:16,00:00:14
stefano.crapanzano@chu.ulg.ac.be,ecriture.csv - Excel,Tâches diverses,2022-01-04,16:53:43,00:00:09
stefano.crapanzano@chu.ulg.ac.be,ecriture.csv - Excel,Tâches diverses,2022-01-04,16:56:40,00:00:10
stefano.crapanzano@chu.ulg.ac.be,ecriture.csv - Excel,Tâches diverses,2022-01-04,16:56:52,00:00:15
stefano.crapanzano@chu.ulg.ac.be,ecriture.csv - Excel,Tâches diverses,2022-01-04,16:59:01,00:00:13
stefano.crapanzano@chu.ulg.ac.be,ecriture.csv - Excel,Tâches diverses,2022-01-04,17:01:09,00:00:12
stefano.crapanzano@chu.ulg.ac.be,ecriture.csv - Excel,Tâches diverses,2022-01-04,17:02:22,00:00:04
stefano.crapanzano@chu.ulg.ac.be,Rechercher et remplacer,Tâches diverses,2022-01-04,16:46:38,00:00:05
stefano.crapanzano@chu.ulg.ac.be,Microsoft Excel,Tâches diverses,2022-01-04,16:46:43,00:00:02
