Email,Description,Project,Start date,Start time,Duration
stefano.crapanzano@chu.ulg.ac.be,Administrateur : C:\Windows\System32\cmd.exe - python  main.py,IT,2021-04-07,08:49:33,00:08:36
stefano.crapanzano@chu.ulg.ac.be,Navigation système de fichier,IT,2021-04-07,08:58:10,00:00:02
stefano.crapanzano@chu.ulg.ac.be,Navigation système de fichier,IT,2021-04-07,09:00:48,00:00:08
stefano.crapanzano@chu.ulg.ac.be,Navigation système de fichier,IT,2021-04-07,09:01:04,00:00:34
stefano.crapanzano@chu.ulg.ac.be,Navigation système de fichier,IT,2021-04-07,09:01:47,00:00:08
stefano.crapanzano@chu.ulg.ac.be,Navigation système de fichier,IT,2021-04-07,09:03:23,00:00:03
stefano.crapanzano@chu.ulg.ac.be,Navigation système de fichier,IT,2021-04-07,09:09:59,00:00:03
stefano.crapanzano@chu.ulg.ac.be,Navigation système de fichier,IT,2021-04-07,09:13:43,00:00:02
stefano.crapanzano@chu.ulg.ac.be,Navigation système de fichier,IT,2021-04-07,09:14:24,00:00:12
stefano.crapanzano@chu.ulg.ac.be,Navigation système de fichier,IT,2021-04-07,09:15:48,00:00:10
stefano.crapanzano@chu.ulg.ac.be,Navigation système de fichier,IT,2021-04-07,09:17:10,00:00:04
stefano.crapanzano@chu.ulg.ac.be,Navigation système de fichier,IT,2021-04-07,09:17:21,00:00:03
stefano.crapanzano@chu.ulg.ac.be,Navigation système de fichier,IT,2021-04-07,09:17:28,00:00:02
stefano.crapanzano@chu.ulg.ac.be,Navigation système de fichier,IT,2021-04-07,09:24:25,00:00:07
stefano.crapanzano@chu.ulg.ac.be,Navigation système de fichier,IT,2021-04-07,09:24:50,00:00:02
stefano.crapanzano@chu.ulg.ac.be,Navigation système de fichier,IT,2021-04-07,09:25:02,00:00:02
stefano.crapanzano@chu.ulg.ac.be,Navigation système de fichier,IT,2021-04-07,09:25:12,00:00:11
stefano.crapanzano@chu.ulg.ac.be,Navigation système de fichier,IT,2021-04-07,09:26:04,00:00:04
stefano.crapanzano@chu.ulg.ac.be,Navigation système de fichier,IT,2021-04-07,09:33:37,00:00:02
stefano.crapanzano@chu.ulg.ac.be,Navigation système de fichier,IT,2021-04-07,09:35:04,00:00:02
stefano.crapanzano@chu.ulg.ac.be,Navigation système de fichier,IT,2021-04-07,09:42:49,00:00:03
stefano.crapanzano@chu.ulg.ac.be,Navigation système de fichier,IT,2021-04-07,09:43:20,00:00:02
stefano.crapanzano@chu.ulg.ac.be,Navigation système de fichier,IT,2021-04-07,09:44:33,00:00:46
stefano.crapanzano@chu.ulg.ac.be,Navigation système de fichier,IT,2021-04-07,09:46:26,00:00:15
stefano.crapanzano@chu.ulg.ac.be,Navigation système de fichier,IT,2021-04-07,09:47:17,00:00:02
stefano.crapanzano@chu.ulg.ac.be,Navigation système de fichier,IT,2021-04-07,09:50:27,00:00:02
stefano.crapanzano@chu.ulg.ac.be,Navigation système de fichier,IT,2021-04-07,09:50:49,00:00:02
stefano.crapanzano@chu.ulg.ac.be,Navigation système de fichier,IT,2021-04-07,09:55:07,00:00:02
stefano.crapanzano@chu.ulg.ac.be,Navigation système de fichier,IT,2021-04-07,09:55:14,00:00:18
stefano.crapanzano@chu.ulg.ac.be,Navigation système de fichier,IT,2021-04-07,09:57:25,00:00:04
stefano.crapanzano@chu.ulg.ac.be,Navigation système de fichier,IT,2021-04-07,09:58:33,00:00:04
stefano.crapanzano@chu.ulg.ac.be,Navigation système de fichier,IT,2021-04-07,09:58:42,00:00:03
stefano.crapanzano@chu.ulg.ac.be,Navigation système de fichier,IT,2021-04-07,10:01:43,00:00:18
stefano.crapanzano@chu.ulg.ac.be,Navigation système de fichier,IT,2021-04-07,10:07:07,00:00:17
stefano.crapanzano@chu.ulg.ac.be,Navigation système de fichier,IT,2021-04-07,10:09:24,00:00:02
stefano.crapanzano@chu.ulg.ac.be,Navigation système de fichier,IT,2021-04-07,10:10:53,00:00:04
stefano.crapanzano@chu.ulg.ac.be,Navigation système de fichier,IT,2021-04-07,10:10:59,00:00:04
stefano.crapanzano@chu.ulg.ac.be,Navigation système de fichier,IT,2021-04-07,10:11:59,00:00:03
stefano.crapanzano@chu.ulg.ac.be,Navigation système de fichier,IT,2021-04-07,10:12:21,00:00:04
stefano.crapanzano@chu.ulg.ac.be,Navigation système de fichier,IT,2021-04-07,10:17:02,00:00:26
stefano.crapanzano@chu.ulg.ac.be,Navigation système de fichier,IT,2021-04-07,10:31:14,00:00:02
stefano.crapanzano@chu.ulg.ac.be,Navigation système de fichier,IT,2021-04-07,10:31:23,00:00:02
stefano.crapanzano@chu.ulg.ac.be,Navigation système de fichier,IT,2021-04-07,10:31:28,00:00:05
stefano.crapanzano@chu.ulg.ac.be,Navigation système de fichier,IT,2021-04-07,10:31:35,00:00:02
stefano.crapanzano@chu.ulg.ac.be,Navigation système de fichier,IT,2021-04-07,11:04:41,00:00:04
stefano.crapanzano@chu.ulg.ac.be,Navigation système de fichier,IT,2021-04-07,11:05:02,00:00:02
stefano.crapanzano@chu.ulg.ac.be,Navigation système de fichier,IT,2021-04-07,11:05:45,00:00:04
stefano.crapanzano@chu.ulg.ac.be,Navigation système de fichier,IT,2021-04-07,11:12:01,00:00:02
stefano.crapanzano@chu.ulg.ac.be,Navigation système de fichier,IT,2021-04-07,11:20:54,00:00:03
stefano.crapanzano@chu.ulg.ac.be,Navigation système de fichier,IT,2021-04-07,11:21:01,00:00:02
stefano.crapanzano@chu.ulg.ac.be,Navigation système de fichier,IT,2021-04-07,11:21:59,00:00:02
stefano.crapanzano@chu.ulg.ac.be,Navigation système de fichier,IT,2021-04-07,11:22:08,00:00:02
stefano.crapanzano@chu.ulg.ac.be,Navigation système de fichier,IT,2021-04-07,11:42:02,00:00:06
stefano.crapanzano@chu.ulg.ac.be,Boîte de Réception - Zimbra - Stefano Crapanzano - Outlook,Helpdesk général,2021-04-07,08:58:13,00:00:02
stefano.crapanzano@chu.ulg.ac.be,Boîte de Réception - Zimbra - Stefano Crapanzano - Outlook,Helpdesk général,2021-04-07,09:00:57,00:00:06
stefano.crapanzano@chu.ulg.ac.be,Boîte de Réception - Zimbra - Stefano Crapanzano - Outlook,Helpdesk général,2021-04-07,09:01:39,00:00:08
stefano.crapanzano@chu.ulg.ac.be,Boîte de Réception - Zimbra - Stefano Crapanzano - Outlook,Helpdesk général,2021-04-07,09:01:56,00:00:04
stefano.crapanzano@chu.ulg.ac.be,Boîte de Réception - Zimbra - Stefano Crapanzano - Outlook,Helpdesk général,2021-04-07,09:02:39,00:00:02
stefano.crapanzano@chu.ulg.ac.be,Boîte de Réception - Zimbra - Stefano Crapanzano - Outlook,Helpdesk général,2021-04-07,09:13:46,00:00:38
stefano.crapanzano@chu.ulg.ac.be,Boîte de Réception - Zimbra - Stefano Crapanzano - Outlook,Helpdesk général,2021-04-07,09:16:46,00:00:05
stefano.crapanzano@chu.ulg.ac.be,Boîte de Réception - Zimbra - Stefano Crapanzano - Outlook,Helpdesk général,2021-04-07,09:50:51,00:01:27
stefano.crapanzano@chu.ulg.ac.be,Boîte de Réception - Zimbra - Stefano Crapanzano - Outlook,Helpdesk général,2021-04-07,09:52:21,00:01:44
stefano.crapanzano@chu.ulg.ac.be,Boîte de Réception - Zimbra - Stefano Crapanzano - Outlook,Helpdesk général,2021-04-07,09:54:43,00:00:06
stefano.crapanzano@chu.ulg.ac.be,Boîte de Réception - Zimbra - Stefano Crapanzano - Outlook,Helpdesk général,2021-04-07,09:55:01,00:00:02
stefano.crapanzano@chu.ulg.ac.be,Boîte de Réception - Zimbra - Stefano Crapanzano - Outlook,Helpdesk général,2021-04-07,10:30:28,00:00:42
stefano.crapanzano@chu.ulg.ac.be,Boîte de Réception - Zimbra - Stefano Crapanzano - Outlook,Helpdesk général,2021-04-07,11:17:17,00:00:03
stefano.crapanzano@chu.ulg.ac.be,Boîte de Réception - Zimbra - Stefano Crapanzano - Outlook,Helpdesk général,2021-04-07,11:19:43,00:00:03
stefano.crapanzano@chu.ulg.ac.be,Boîte de Réception - Zimbra - Stefano Crapanzano - Outlook,Helpdesk général,2021-04-07,11:20:01,00:00:03
stefano.crapanzano@chu.ulg.ac.be,Boîte de Réception - Zimbra - Stefano Crapanzano - Outlook,Helpdesk général,2021-04-07,11:45:35,00:00:02
stefano.crapanzano@chu.ulg.ac.be,Boîte de réception - erp.sai@chuliege.be - Outlook,Helpdesk général,2021-04-07,08:58:15,00:02:33
stefano.crapanzano@chu.ulg.ac.be,Boîte de réception - erp.sai@chuliege.be - Outlook,Helpdesk général,2021-04-07,09:54:54,00:00:07
stefano.crapanzano@chu.ulg.ac.be,Boîte de réception - erp.sai@chuliege.be - Outlook,Helpdesk général,2021-04-07,09:55:03,00:00:03
stefano.crapanzano@chu.ulg.ac.be,Boîte de réception - erp.sai@chuliege.be - Outlook,Helpdesk général,2021-04-07,09:58:46,00:02:56
stefano.crapanzano@chu.ulg.ac.be,Boîte de réception - erp.sai@chuliege.be - Outlook,Helpdesk général,2021-04-07,10:30:24,00:00:03
stefano.crapanzano@chu.ulg.ac.be,Boîte de réception - erp.sai@chuliege.be - Outlook,Helpdesk général,2021-04-07,10:31:10,00:00:02
stefano.crapanzano@chu.ulg.ac.be,Boîte de réception - erp.sai@chuliege.be - Outlook,Helpdesk général,2021-04-07,10:31:37,00:00:03
stefano.crapanzano@chu.ulg.ac.be,Boîte de réception - erp.sai@chuliege.be - Outlook,Helpdesk général,2021-04-07,11:17:11,00:00:06
stefano.crapanzano@chu.ulg.ac.be,Boîte de réception - erp.sai@chuliege.be - Outlook,Helpdesk général,2021-04-07,11:17:20,00:00:03
stefano.crapanzano@chu.ulg.ac.be,Boîte de réception - erp.sai@chuliege.be - Outlook,Helpdesk général,2021-04-07,11:17:34,00:00:27
stefano.crapanzano@chu.ulg.ac.be,Boîte de réception - erp.sai@chuliege.be - Outlook,Helpdesk général,2021-04-07,11:18:41,00:00:06
stefano.crapanzano@chu.ulg.ac.be,Boîte de réception - erp.sai@chuliege.be - Outlook,Helpdesk général,2021-04-07,11:18:53,00:00:03
stefano.crapanzano@chu.ulg.ac.be,Boîte de réception - erp.sai@chuliege.be - Outlook,Helpdesk général,2021-04-07,11:19:03,00:00:07
stefano.crapanzano@chu.ulg.ac.be,Boîte de réception - erp.sai@chuliege.be - Outlook,Helpdesk général,2021-04-07,11:19:14,00:00:06
stefano.crapanzano@chu.ulg.ac.be,Boîte de réception - erp.sai@chuliege.be - Outlook,Helpdesk général,2021-04-07,11:20:05,00:00:49
stefano.crapanzano@chu.ulg.ac.be,Boîte de réception - erp.sai@chuliege.be - Outlook,Helpdesk général,2021-04-07,11:21:03,00:00:03
stefano.crapanzano@chu.ulg.ac.be,Boîte de réception - erp.sai@chuliege.be - Outlook,Helpdesk général,2021-04-07,11:45:32,00:00:02
stefano.crapanzano@chu.ulg.ac.be,Boîte de réception - erp.sai@chuliege.be - Outlook,Helpdesk général,2021-04-07,11:49:05,00:00:13
stefano.crapanzano@chu.ulg.ac.be,Boîte de réception - erp.sai@chuliege.be - Outlook,Helpdesk général,2021-04-07,12:02:27,00:00:10
stefano.crapanzano@chu.ulg.ac.be,\\filesrv01.st.chulg\oazis_prod\APPL_PROD\SOURCES\PERL\ERP\CHL_ERP_ULIS_TRF_SIGNALETIQUE.pl - Notepad++ [Administrator],IT,2021-04-07,09:02:07,00:00:07
stefano.crapanzano@chu.ulg.ac.be,\\filesrv01.st.chulg\oazis_prod\APPL_PROD\SOURCES\PERL\ERP\CHL_ERP_ULIS_TRF_SIGNALETIQUE.pl - Notepad++ [Administrator],IT,2021-04-07,09:02:21,00:00:09
stefano.crapanzano@chu.ulg.ac.be,\\filesrv01.st.chulg\oazis_prod\APPL_PROD\SOURCES\PERL\ERP\CHL_ERP_ULIS_TRF_SIGNALETIQUE.pl - Notepad++ [Administrator],IT,2021-04-07,09:02:49,00:00:22
stefano.crapanzano@chu.ulg.ac.be,\\filesrv01.st.chulg\oazis_prod\APPL_PROD\SOURCES\PERL\ERP\CHL_ERP_ULIS_TRF_SIGNALETIQUE.pl - Notepad++ [Administrator],IT,2021-04-07,09:03:15,00:00:08
stefano.crapanzano@chu.ulg.ac.be,\\filesrv01.st.chulg\oazis_prod\APPL_PROD\SOURCES\PERL\ERP\CHL_ERP_ULIS_TRF_SIGNALETIQUE.pl - Notepad++ [Administrator],IT,2021-04-07,09:03:27,00:00:24
stefano.crapanzano@chu.ulg.ac.be,\\filesrv01.st.chulg\oazis_prod\APPL_PROD\SOURCES\PERL\ERP\CHL_ERP_ULIS_TRF_SIGNALETIQUE.pl - Notepad++ [Administrator],IT,2021-04-07,09:03:55,00:00:06
stefano.crapanzano@chu.ulg.ac.be,\\filesrv01.st.chulg\oazis_prod\APPL_PROD\SOURCES\PERL\ERP\CHL_ERP_ULIS_TRF_SIGNALETIQUE.pl - Notepad++ [Administrator],IT,2021-04-07,09:04:11,00:00:07
stefano.crapanzano@chu.ulg.ac.be,\\filesrv01.st.chulg\oazis_prod\APPL_PROD\SOURCES\PERL\ERP\CHL_ERP_ULIS_TRF_SIGNALETIQUE.pl - Notepad++ [Administrator],IT,2021-04-07,09:04:27,00:03:43
stefano.crapanzano@chu.ulg.ac.be,\\filesrv01.st.chulg\oazis_prod\APPL_PROD\SOURCES\PERL\ERP\CHL_ERP_ULIS_TRF_SIGNALETIQUE.pl - Notepad++ [Administrator],IT,2021-04-07,09:11:46,00:01:18
stefano.crapanzano@chu.ulg.ac.be,\\filesrv01.st.chulg\oazis_prod\APPL_PROD\SOURCES\PERL\ERP\CHL_ERP_ULIS_TRF_SIGNALETIQUE.pl - Notepad++ [Administrator],IT,2021-04-07,09:13:20,00:00:18
stefano.crapanzano@chu.ulg.ac.be,\\filesrv01.st.chulg\oazis_prod\APPL_PROD\SOURCES\PERL\ERP\CHL_ERP_ULIS_TRF_SIGNALETIQUE.pl - Notepad++ [Administrator],IT,2021-04-07,09:21:52,00:00:07
stefano.crapanzano@chu.ulg.ac.be,\\filesrv01.st.chulg\oazis_prod\APPL_PROD\SOURCES\PERL\ERP\CHL_ERP_ULIS_TRF_SIGNALETIQUE.pl - Notepad++ [Administrator],IT,2021-04-07,09:22:14,00:00:26
stefano.crapanzano@chu.ulg.ac.be,\\filesrv01.st.chulg\oazis_prod\APPL_PROD\SOURCES\PERL\ERP\CHL_ERP_ULIS_TRF_SIGNALETIQUE.pl - Notepad++ [Administrator],IT,2021-04-07,09:24:12,00:00:08
stefano.crapanzano@chu.ulg.ac.be,\\filesrv01.st.chulg\oazis_prod\APPL_PROD\SOURCES\PERL\ERP\CHL_ERP_ULIS_TRF_SIGNALETIQUE.pl - Notepad++ [Administrator],IT,2021-04-07,09:26:54,00:00:07
stefano.crapanzano@chu.ulg.ac.be,\\filesrv01.st.chulg\oazis_prod\APPL_PROD\SOURCES\PERL\ERP\CHL_ERP_ULIS_TRF_SIGNALETIQUE.pl - Notepad++ [Administrator],IT,2021-04-07,09:27:18,00:00:03
stefano.crapanzano@chu.ulg.ac.be,\\filesrv01.st.chulg\oazis_prod\APPL_PROD\SOURCES\PERL\ERP\CHL_ERP_ULIS_TRF_SIGNALETIQUE.pl - Notepad++ [Administrator],IT,2021-04-07,09:27:52,00:00:06
stefano.crapanzano@chu.ulg.ac.be,\\filesrv01.st.chulg\oazis_prod\APPL_PROD\SOURCES\PERL\ERP\CHL_ERP_ULIS_TRF_SIGNALETIQUE.pl - Notepad++ [Administrator],IT,2021-04-07,09:28:21,00:00:03
stefano.crapanzano@chu.ulg.ac.be,\\filesrv01.st.chulg\oazis_prod\APPL_PROD\SOURCES\PERL\ERP\CHL_ERP_ULIS_TRF_SIGNALETIQUE.pl - Notepad++ [Administrator],IT,2021-04-07,09:28:53,00:00:02
stefano.crapanzano@chu.ulg.ac.be,\\filesrv01.st.chulg\oazis_prod\APPL_PROD\SOURCES\PERL\ERP\CHL_ERP_ULIS_TRF_SIGNALETIQUE.pl - Notepad++ [Administrator],IT,2021-04-07,09:29:35,00:00:15
stefano.crapanzano@chu.ulg.ac.be,\\filesrv01.st.chulg\oazis_prod\APPL_PROD\SOURCES\PERL\ERP\CHL_ERP_ULIS_TRF_SIGNALETIQUE.pl - Notepad++ [Administrator],IT,2021-04-07,09:30:02,00:00:03
stefano.crapanzano@chu.ulg.ac.be,\\filesrv01.st.chulg\oazis_prod\APPL_PROD\SOURCES\PERL\ERP\CHL_ERP_ULIS_TRF_SIGNALETIQUE.pl - Notepad++ [Administrator],IT,2021-04-07,09:32:13,00:00:07
stefano.crapanzano@chu.ulg.ac.be,\\filesrv01.st.chulg\oazis_prod\APPL_PROD\SOURCES\PERL\ERP\CHL_ERP_ULIS_TRF_SIGNALETIQUE.pl - Notepad++ [Administrator],IT,2021-04-07,09:32:21,00:00:03
stefano.crapanzano@chu.ulg.ac.be,\\filesrv01.st.chulg\oazis_prod\APPL_PROD\SOURCES\PERL\ERP\CHL_ERP_ULIS_TRF_SIGNALETIQUE.pl - Notepad++ [Administrator],IT,2021-04-07,09:32:55,00:00:08
stefano.crapanzano@chu.ulg.ac.be,\\filesrv01.st.chulg\oazis_prod\APPL_PROD\SOURCES\PERL\ERP\CHL_ERP_ULIS_TRF_SIGNALETIQUE.pl - Notepad++ [Administrator],IT,2021-04-07,09:34:29,00:00:04
stefano.crapanzano@chu.ulg.ac.be,\\filesrv01.st.chulg\oazis_prod\APPL_PROD\SOURCES\PERL\ERP\CHL_ERP_ULIS_TRF_SIGNALETIQUE.pl - Notepad++ [Administrator],IT,2021-04-07,09:35:53,00:00:02
stefano.crapanzano@chu.ulg.ac.be,\\filesrv01.st.chulg\oazis_prod\APPL_PROD\SOURCES\PERL\ERP\CHL_ERP_ULIS_TRF_SIGNALETIQUE.pl - Notepad++ [Administrator],IT,2021-04-07,09:35:58,00:01:12
stefano.crapanzano@chu.ulg.ac.be,\\filesrv01.st.chulg\oazis_prod\APPL_PROD\SOURCES\PERL\ERP\CHL_ERP_ULIS_TRF_SIGNALETIQUE.pl - Notepad++ [Administrator],IT,2021-04-07,09:39:36,00:00:02
stefano.crapanzano@chu.ulg.ac.be,\\filesrv01.st.chulg\oazis_prod\APPL_PROD\SOURCES\PERL\ERP\CHL_ERP_ULIS_TRF_SIGNALETIQUE.pl - Notepad++ [Administrator],IT,2021-04-07,09:39:40,00:00:05
stefano.crapanzano@chu.ulg.ac.be,\\filesrv01.st.chulg\oazis_prod\APPL_PROD\SOURCES\PERL\ERP\CHL_ERP_ULIS_TRF_SIGNALETIQUE.pl - Notepad++ [Administrator],IT,2021-04-07,09:40:00,00:00:38
stefano.crapanzano@chu.ulg.ac.be,\\filesrv01.st.chulg\oazis_prod\APPL_PROD\SOURCES\PERL\ERP\CHL_ERP_ULIS_TRF_SIGNALETIQUE.pl - Notepad++ [Administrator],IT,2021-04-07,09:43:17,00:00:03
stefano.crapanzano@chu.ulg.ac.be,\\filesrv01.st.chulg\oazis_prod\APPL_PROD\SOURCES\PERL\ERP\CHL_ERP_ULIS_TRF_SIGNALETIQUE.pl - Notepad++ [Administrator],IT,2021-04-07,09:44:19,00:00:14
stefano.crapanzano@chu.ulg.ac.be,\\filesrv01.st.chulg\oazis_prod\APPL_PROD\SOURCES\PERL\ERP\CHL_ERP_ULIS_TRF_SIGNALETIQUE.pl - Notepad++ [Administrator],IT,2021-04-07,09:47:27,00:00:02
stefano.crapanzano@chu.ulg.ac.be,\\filesrv01.st.chulg\oazis_prod\APPL_PROD\SOURCES\PERL\ERP\CHL_ERP_ULIS_TRF_SIGNALETIQUE.pl - Notepad++ [Administrator],IT,2021-04-07,09:48:18,00:00:51
stefano.crapanzano@chu.ulg.ac.be,\\filesrv01.st.chulg\oazis_prod\APPL_PROD\SOURCES\PERL\ERP\CHL_ERP_ULIS_TRF_SIGNALETIQUE.pl - Notepad++ [Administrator],IT,2021-04-07,09:49:24,00:01:02
stefano.crapanzano@chu.ulg.ac.be,Rechercher,IT,2021-04-07,09:02:03,00:00:03
stefano.crapanzano@chu.ulg.ac.be,Rechercher,IT,2021-04-07,09:03:51,00:00:04
stefano.crapanzano@chu.ulg.ac.be,Rechercher,IT,2021-04-07,09:04:01,00:00:09
stefano.crapanzano@chu.ulg.ac.be,Rechercher,IT,2021-04-07,09:04:18,00:00:08
stefano.crapanzano@chu.ulg.ac.be,Rechercher,IT,2021-04-07,09:13:04,00:00:16
stefano.crapanzano@chu.ulg.ac.be,Rechercher,IT,2021-04-07,09:27:13,00:00:02
stefano.crapanzano@chu.ulg.ac.be,Rechercher,IT,2021-04-07,09:28:24,00:00:28
stefano.crapanzano@chu.ulg.ac.be,Rechercher,IT,2021-04-07,09:34:25,00:00:04
stefano.crapanzano@chu.ulg.ac.be,Rechercher,IT,2021-04-07,09:35:55,00:00:02
stefano.crapanzano@chu.ulg.ac.be,Rechercher,IT,2021-04-07,10:25:52,00:00:19
stefano.crapanzano@chu.ulg.ac.be,*\\filesrv01.st.chulg\oazis_prod\APPL_PROD\SOURCES\PERL\ERP\CHL_ERP_ULIS_TRF_SIGNALETIQUE.pl - Notepad++ [Administrator],IT,2021-04-07,09:02:14,00:00:07
stefano.crapanzano@chu.ulg.ac.be,*\\filesrv01.st.chulg\oazis_prod\APPL_PROD\SOURCES\PERL\ERP\CHL_ERP_ULIS_TRF_SIGNALETIQUE.pl - Notepad++ [Administrator],IT,2021-04-07,09:02:31,00:00:08
stefano.crapanzano@chu.ulg.ac.be,*\\filesrv01.st.chulg\oazis_prod\APPL_PROD\SOURCES\PERL\ERP\CHL_ERP_ULIS_TRF_SIGNALETIQUE.pl - Notepad++ [Administrator],IT,2021-04-07,09:02:43,00:00:06
stefano.crapanzano@chu.ulg.ac.be,*\\filesrv01.st.chulg\oazis_prod\APPL_PROD\SOURCES\PERL\ERP\CHL_ERP_ULIS_TRF_SIGNALETIQUE.pl - Notepad++ [Administrator],IT,2021-04-07,09:03:11,00:00:03
stefano.crapanzano@chu.ulg.ac.be,*\\filesrv01.st.chulg\oazis_prod\APPL_PROD\SOURCES\PERL\ERP\CHL_ERP_ULIS_TRF_SIGNALETIQUE.pl - Notepad++ [Administrator],IT,2021-04-07,09:08:10,00:01:49
stefano.crapanzano@chu.ulg.ac.be,*\\filesrv01.st.chulg\oazis_prod\APPL_PROD\SOURCES\PERL\ERP\CHL_ERP_ULIS_TRF_SIGNALETIQUE.pl - Notepad++ [Administrator],IT,2021-04-07,09:10:02,00:01:43
stefano.crapanzano@chu.ulg.ac.be,*\\filesrv01.st.chulg\oazis_prod\APPL_PROD\SOURCES\PERL\ERP\CHL_ERP_ULIS_TRF_SIGNALETIQUE.pl - Notepad++ [Administrator],IT,2021-04-07,09:22:41,00:00:08
stefano.crapanzano@chu.ulg.ac.be,*\\filesrv01.st.chulg\oazis_prod\APPL_PROD\SOURCES\PERL\ERP\CHL_ERP_ULIS_TRF_SIGNALETIQUE.pl - Notepad++ [Administrator],IT,2021-04-07,09:24:21,00:00:04
stefano.crapanzano@chu.ulg.ac.be,*\\filesrv01.st.chulg\oazis_prod\APPL_PROD\SOURCES\PERL\ERP\CHL_ERP_ULIS_TRF_SIGNALETIQUE.pl - Notepad++ [Administrator],IT,2021-04-07,09:26:17,00:00:03
stefano.crapanzano@chu.ulg.ac.be,*\\filesrv01.st.chulg\oazis_prod\APPL_PROD\SOURCES\PERL\ERP\CHL_ERP_ULIS_TRF_SIGNALETIQUE.pl - Notepad++ [Administrator],IT,2021-04-07,09:26:29,00:00:03
stefano.crapanzano@chu.ulg.ac.be,*\\filesrv01.st.chulg\oazis_prod\APPL_PROD\SOURCES\PERL\ERP\CHL_ERP_ULIS_TRF_SIGNALETIQUE.pl - Notepad++ [Administrator],Helpdesk général,2021-04-07,09:26:43,00:00:02
stefano.crapanzano@chu.ulg.ac.be,*\\filesrv01.st.chulg\oazis_prod\APPL_PROD\SOURCES\PERL\ERP\CHL_ERP_ULIS_TRF_SIGNALETIQUE.pl - Notepad++ [Administrator],IT,2021-04-07,09:27:01,00:00:02
stefano.crapanzano@chu.ulg.ac.be,*\\filesrv01.st.chulg\oazis_prod\APPL_PROD\SOURCES\PERL\ERP\CHL_ERP_ULIS_TRF_SIGNALETIQUE.pl - Notepad++ [Administrator],IT,2021-04-07,09:30:05,00:00:04
stefano.crapanzano@chu.ulg.ac.be,*\\filesrv01.st.chulg\oazis_prod\APPL_PROD\SOURCES\PERL\ERP\CHL_ERP_ULIS_TRF_SIGNALETIQUE.pl - Notepad++ [Administrator],IT,2021-04-07,09:34:34,00:00:29
stefano.crapanzano@chu.ulg.ac.be,*\\filesrv01.st.chulg\oazis_prod\APPL_PROD\SOURCES\PERL\ERP\CHL_ERP_ULIS_TRF_SIGNALETIQUE.pl - Notepad++ [Administrator],IT,2021-04-07,09:37:10,00:02:04
stefano.crapanzano@chu.ulg.ac.be,*\\filesrv01.st.chulg\oazis_prod\APPL_PROD\SOURCES\PERL\ERP\CHL_ERP_ULIS_TRF_SIGNALETIQUE.pl - Notepad++ [Administrator],IT,2021-04-07,09:49:09,00:00:14
stefano.crapanzano@chu.ulg.ac.be,new 1 - Notepad++ [Administrator],IT,2021-04-07,09:13:38,00:00:04
stefano.crapanzano@chu.ulg.ac.be,new 1 - Notepad++ [Administrator],IT,2021-04-07,09:21:40,00:00:05
stefano.crapanzano@chu.ulg.ac.be,new 1 - Notepad++ [Administrator],IT,2021-04-07,09:50:46,00:00:02
stefano.crapanzano@chu.ulg.ac.be,new 1 - Notepad++ [Administrator],IT,2021-04-07,10:30:21,00:00:02
stefano.crapanzano@chu.ulg.ac.be,Total Commander,Tâches diverses,2021-04-07,09:14:36,00:00:02
stefano.crapanzano@chu.ulg.ac.be,Total Commander,Tâches diverses,2021-04-07,09:15:34,00:00:03
stefano.crapanzano@chu.ulg.ac.be,erpmanager - Total Commander (x64) 9.0a - NOT REGISTERED,Tâches diverses,2021-04-07,09:14:38,00:00:55
stefano.crapanzano@chu.ulg.ac.be,erpmanager - Total Commander (x64) 9.0a - NOT REGISTERED,Tâches diverses,2021-04-07,09:15:37,00:00:10
stefano.crapanzano@chu.ulg.ac.be,erpmanager - Total Commander (x64) 9.0a - NOT REGISTERED,Tâches diverses,2021-04-07,09:15:58,00:00:02
stefano.crapanzano@chu.ulg.ac.be,erpmanager - Total Commander (x64) 9.0a - NOT REGISTERED,Tâches diverses,2021-04-07,09:16:53,00:00:12
stefano.crapanzano@chu.ulg.ac.be,erpmanager - Total Commander (x64) 9.0a - NOT REGISTERED,Tâches diverses,2021-04-07,09:17:06,00:00:03
stefano.crapanzano@chu.ulg.ac.be,erpmanager - Total Commander (x64) 9.0a - NOT REGISTERED,Tâches diverses,2021-04-07,09:17:14,00:00:07
stefano.crapanzano@chu.ulg.ac.be,erpmanager - Total Commander (x64) 9.0a - NOT REGISTERED,Tâches diverses,2021-04-07,09:17:26,00:00:02
stefano.crapanzano@chu.ulg.ac.be,erpmanager - Total Commander (x64) 9.0a - NOT REGISTERED,Tâches diverses,2021-04-07,09:33:39,00:00:02
stefano.crapanzano@chu.ulg.ac.be,erpmanager - Total Commander (x64) 9.0a - NOT REGISTERED,Tâches diverses,2021-04-07,09:34:05,00:00:02
stefano.crapanzano@chu.ulg.ac.be,erpmanager - Total Commander (x64) 9.0a - NOT REGISTERED,Tâches diverses,2021-04-07,09:35:06,00:00:02
stefano.crapanzano@chu.ulg.ac.be,erpmanager - Total Commander (x64) 9.0a - NOT REGISTERED,Tâches diverses,2021-04-07,09:35:20,00:00:03
stefano.crapanzano@chu.ulg.ac.be,erpmanager - Total Commander (x64) 9.0a - NOT REGISTERED,Tâches diverses,2021-04-07,09:42:53,00:00:02
stefano.crapanzano@chu.ulg.ac.be,erpmanager - Total Commander (x64) 9.0a - NOT REGISTERED,Tâches diverses,2021-04-07,09:43:22,00:00:55
stefano.crapanzano@chu.ulg.ac.be,erpmanager - Total Commander (x64) 9.0a - NOT REGISTERED,Tâches diverses,2021-04-07,09:58:38,00:00:03
stefano.crapanzano@chu.ulg.ac.be,console_erpftp - [Racine de la console\Gestion de l’ordinateur (ERPFTP)\Outils système\Planificateur de tâches],IT,2021-04-07,09:16:00,00:00:04
stefano.crapanzano@chu.ulg.ac.be,console_erpftp - [Racine de la console\Gestion de l’ordinateur (ERPFTP)\Outils système\Planificateur de tâches],IT,2021-04-07,09:16:11,00:00:03
stefano.crapanzano@chu.ulg.ac.be,Planificateur de tâches,IT,2021-04-07,09:16:05,00:00:03
stefano.crapanzano@chu.ulg.ac.be,console_erpftp - [Racine de la console\Gestion de l’ordinateur (ERPFTP)\Outils système\Planificateur de tâches\Bibliothèque du Planificateur de tâches],IT,2021-04-07,09:16:15,00:00:29
stefano.crapanzano@chu.ulg.ac.be,Changement de tâche,Helpdesk général,2021-04-07,09:52:19,00:00:02
stefano.crapanzano@chu.ulg.ac.be,Netop Invité,Helpdesk général,2021-04-07,09:17:31,00:00:03
stefano.crapanzano@chu.ulg.ac.be,Netop Invité,Helpdesk général,2021-04-07,09:23:24,00:00:04
stefano.crapanzano@chu.ulg.ac.be,Netop Invité,Helpdesk général,2021-04-07,11:42:08,00:00:03
stefano.crapanzano@chu.ulg.ac.be,Netop Invité,Helpdesk général,2021-04-07,11:45:26,00:00:02
stefano.crapanzano@chu.ulg.ac.be,Connexion à l'aide de l'authentification Windows,Helpdesk général,2021-04-07,09:17:34,00:00:03
stefano.crapanzano@chu.ulg.ac.be,Connexion à l'aide de l'authentification Windows,Helpdesk général,2021-04-07,09:23:29,00:00:03
stefano.crapanzano@chu.ulg.ac.be,Connexion à l'aide de l'authentification Windows,Helpdesk général,2021-04-07,11:42:37,00:00:03
stefano.crapanzano@chu.ulg.ac.be,Netop,Helpdesk général,2021-04-07,11:42:12,00:00:25
stefano.crapanzano@chu.ulg.ac.be,erpftp - Netop Remote Control,Helpdesk général,2021-04-07,09:17:39,00:04:00
stefano.crapanzano@chu.ulg.ac.be,erpftp - Netop Remote Control,Helpdesk général,2021-04-07,09:21:47,00:00:03
stefano.crapanzano@chu.ulg.ac.be,erpftp - Netop Remote Control,Helpdesk général,2021-04-07,09:22:00,00:00:14
stefano.crapanzano@chu.ulg.ac.be,erpftp - Netop Remote Control,Helpdesk général,2021-04-07,09:22:50,00:00:31
stefano.crapanzano@chu.ulg.ac.be,erpftp - Netop Remote Control,Helpdesk général,2021-04-07,09:23:34,00:00:36
stefano.crapanzano@chu.ulg.ac.be,erpftp - Netop Remote Control,Helpdesk général,2021-04-07,09:26:08,00:00:08
stefano.crapanzano@chu.ulg.ac.be,erpftp - Netop Remote Control,Helpdesk général,2021-04-07,09:26:22,00:00:07
stefano.crapanzano@chu.ulg.ac.be,erpftp - Netop Remote Control,Helpdesk général,2021-04-07,09:26:33,00:00:10
stefano.crapanzano@chu.ulg.ac.be,erpftp - Netop Remote Control,Helpdesk général,2021-04-07,09:26:47,00:00:07
stefano.crapanzano@chu.ulg.ac.be,erpftp - Netop Remote Control,Helpdesk général,2021-04-07,09:27:06,00:00:06
stefano.crapanzano@chu.ulg.ac.be,erpftp - Netop Remote Control,Helpdesk général,2021-04-07,09:27:23,00:00:27
stefano.crapanzano@chu.ulg.ac.be,erpftp - Netop Remote Control,Helpdesk général,2021-04-07,09:27:59,00:00:08
stefano.crapanzano@chu.ulg.ac.be,erpftp - Netop Remote Control,Helpdesk général,2021-04-07,09:28:11,00:00:09
stefano.crapanzano@chu.ulg.ac.be,erpftp - Netop Remote Control,Helpdesk général,2021-04-07,09:28:57,00:00:36
stefano.crapanzano@chu.ulg.ac.be,erpftp - Netop Remote Control,Helpdesk général,2021-04-07,09:29:51,00:00:10
stefano.crapanzano@chu.ulg.ac.be,erpftp - Netop Remote Control,Helpdesk général,2021-04-07,09:30:11,00:01:59
stefano.crapanzano@chu.ulg.ac.be,erpftp - Netop Remote Control,Helpdesk général,2021-04-07,09:32:25,00:00:21
stefano.crapanzano@chu.ulg.ac.be,erpftp - Netop Remote Control,Helpdesk général,2021-04-07,09:32:48,00:00:02
stefano.crapanzano@chu.ulg.ac.be,erpftp - Netop Remote Control,Helpdesk général,2021-04-07,09:33:04,00:00:32
stefano.crapanzano@chu.ulg.ac.be,erpftp - Netop Remote Control,Helpdesk général,2021-04-07,09:35:11,00:00:07
stefano.crapanzano@chu.ulg.ac.be,erpftp - Netop Remote Control,Helpdesk général,2021-04-07,09:35:51,00:00:02
stefano.crapanzano@chu.ulg.ac.be,erpftp - Netop Remote Control,Helpdesk général,2021-04-07,09:39:16,00:00:20
stefano.crapanzano@chu.ulg.ac.be,erpftp - Netop Remote Control,Helpdesk général,2021-04-07,09:39:47,00:00:13
stefano.crapanzano@chu.ulg.ac.be,erpftp - Netop Remote Control,Helpdesk général,2021-04-07,09:40:40,00:00:40
stefano.crapanzano@chu.ulg.ac.be,erpftp - Netop Remote Control,Helpdesk général,2021-04-07,09:41:24,00:01:25
stefano.crapanzano@chu.ulg.ac.be,erpftp - Netop Remote Control,Helpdesk général,2021-04-07,09:43:08,00:00:08
stefano.crapanzano@chu.ulg.ac.be,erpftp - Netop Remote Control,Helpdesk général,2021-04-07,09:50:30,00:00:16
stefano.crapanzano@chu.ulg.ac.be,Aller à...,IT,2021-04-07,09:32:51,00:00:03
stefano.crapanzano@chu.ulg.ac.be,Erreur,Helpdesk général,2021-04-07,09:23:22,00:00:02
stefano.crapanzano@chu.ulg.ac.be,\\filesrv01.st.chulg\oazis_prod\APPL_PROD\SOURCES\PERL\ERP - Log Messages - TortoiseSVN,IT,2021-04-07,09:24:33,00:00:16
stefano.crapanzano@chu.ulg.ac.be,\\filesrv01.st.chulg\oazis_prod\APPL_PROD\SOURCES\PERL\ERP - Log Messages - TortoiseSVN,IT,2021-04-07,09:24:52,00:00:09
stefano.crapanzano@chu.ulg.ac.be,\\filesrv01.st.chulg\oazis_prod\APPL_PROD\SOURCES\PERL\ERP - Log Messages - TortoiseSVN,IT,2021-04-07,09:25:04,00:00:08
stefano.crapanzano@chu.ulg.ac.be,\\filesrv01.st.chulg\oazis_prod\APPL_PROD\SOURCES\PERL\ERP - Log Messages - TortoiseSVN,IT,2021-04-07,09:55:10,00:00:03
stefano.crapanzano@chu.ulg.ac.be,Programmation,IT,2021-04-07,09:25:23,00:00:40
stefano.crapanzano@chu.ulg.ac.be,Programmation,IT,2021-04-07,09:45:20,00:01:05
stefano.crapanzano@chu.ulg.ac.be,Programmation,IT,2021-04-07,09:46:41,00:00:36
stefano.crapanzano@chu.ulg.ac.be,Programmation,IT,2021-04-07,09:47:21,00:00:02
stefano.crapanzano@chu.ulg.ac.be,Programmation,IT,2021-04-07,09:47:32,00:00:44
stefano.crapanzano@chu.ulg.ac.be,Programmation,IT,2021-04-07,09:55:36,00:01:10
stefano.crapanzano@chu.ulg.ac.be,Programmation,IT,2021-04-07,09:56:51,00:00:11
stefano.crapanzano@chu.ulg.ac.be,Programmation,IT,2021-04-07,09:57:32,00:00:03
stefano.crapanzano@chu.ulg.ac.be,Programmation,IT,2021-04-07,09:57:41,00:00:19
stefano.crapanzano@chu.ulg.ac.be,Programmation,IT,2021-04-07,10:11:08,00:00:10
stefano.crapanzano@chu.ulg.ac.be,Programmation,IT,2021-04-07,10:11:28,00:00:12
stefano.crapanzano@chu.ulg.ac.be,Programmation,IT,2021-04-07,10:12:08,00:00:03
stefano.crapanzano@chu.ulg.ac.be,Programmation,IT,2021-04-07,10:31:17,00:00:05
stefano.crapanzano@chu.ulg.ac.be,Programmation,IT,2021-04-07,11:05:50,00:01:25
stefano.crapanzano@chu.ulg.ac.be,Programmation,IT,2021-04-07,11:07:19,00:03:02
stefano.crapanzano@chu.ulg.ac.be,Programmation,IT,2021-04-07,11:10:48,00:00:51
stefano.crapanzano@chu.ulg.ac.be,Programmation,IT,2021-04-07,11:11:44,00:00:07
stefano.crapanzano@chu.ulg.ac.be,Programmation,IT,2021-04-07,11:12:03,00:00:38
stefano.crapanzano@chu.ulg.ac.be,Programmation,IT,2021-04-07,11:12:46,00:00:23
stefano.crapanzano@chu.ulg.ac.be,Programmation,IT,2021-04-07,11:13:13,00:00:06
stefano.crapanzano@chu.ulg.ac.be,Programmation,IT,2021-04-07,11:13:21,00:00:02
stefano.crapanzano@chu.ulg.ac.be,Programmation,IT,2021-04-07,11:20:58,00:00:03
stefano.crapanzano@chu.ulg.ac.be,chl_erp_trf_signaletique_ulis - Bloc-notes,IT,2021-04-07,09:33:41,00:00:24
stefano.crapanzano@chu.ulg.ac.be,chl_erp_trf_signaletique_ulis - Bloc-notes,IT,2021-04-07,09:34:08,00:00:14
stefano.crapanzano@chu.ulg.ac.be,chl_erp_trf_signaletique_ulis - Bloc-notes,IT,2021-04-07,09:35:23,00:00:25
stefano.crapanzano@chu.ulg.ac.be,chl_erp_trf_signaletique_ulis - Bloc-notes,IT,2021-04-07,09:42:55,00:00:11
stefano.crapanzano@chu.ulg.ac.be,ERROR [ ERP_ULIS_TRF_SIGNALETIQUE ] [ TACHE PLANIFIEE ] - Message (HTML),Helpdesk général,2021-04-07,09:41:21,00:00:03
stefano.crapanzano@chu.ulg.ac.be,TR: [ ERP_ULIS_TRF_SIGNALETIQUE ] [ TACHE PLANIFIEE ] - Message (HTML),Helpdesk général,2021-04-07,09:54:06,00:00:33
stefano.crapanzano@chu.ulg.ac.be,Orthographe : Français (Belgique),Helpdesk général,2021-04-07,09:54:39,00:00:02
stefano.crapanzano@chu.ulg.ac.be,Microsoft Outlook,Helpdesk général,2021-04-07,11:19:26,00:00:06
stefano.crapanzano@chu.ulg.ac.be,Sent - erp.sai@chuliege.be - Outlook,Helpdesk général,2021-04-07,09:54:49,00:00:04
stefano.crapanzano@chu.ulg.ac.be,Sent - erp.sai@chuliege.be - Outlook,Helpdesk général,2021-04-07,10:31:41,00:32:59
stefano.crapanzano@chu.ulg.ac.be,Sent - erp.sai@chuliege.be - Outlook,Helpdesk général,2021-04-07,11:17:08,00:00:02
stefano.crapanzano@chu.ulg.ac.be,Sent - erp.sai@chuliege.be - Outlook,Helpdesk général,2021-04-07,11:19:20,00:00:04
stefano.crapanzano@chu.ulg.ac.be,Sent - erp.sai@chuliege.be - Outlook,Helpdesk général,2021-04-07,11:49:18,00:09:51
stefano.crapanzano@chu.ulg.ac.be,Sent - erp.sai@chuliege.be - Outlook,Helpdesk général,2021-04-07,12:02:23,00:00:03
stefano.crapanzano@chu.ulg.ac.be,Sent - erp.sai@chuliege.be - Outlook,Helpdesk général,2021-04-07,12:03:13,00:25:38
stefano.crapanzano@chu.ulg.ac.be,\\filesrv01.st.chulg\oazis_prod\APPL_PROD\SOURCES\PERL\ERP - Commit - TortoiseSVN,IT,2021-04-07,09:55:33,00:00:03
stefano.crapanzano@chu.ulg.ac.be,\\filesrv01.st.chulg\oazis_prod\APPL_PROD\SOURCES\PERL\ERP - Commit - TortoiseSVN,IT,2021-04-07,09:56:47,00:00:02
stefano.crapanzano@chu.ulg.ac.be,\\filesrv01.st.chulg\oazis_prod\APPL_PROD\SOURCES\PERL\ERP - Commit - TortoiseSVN,IT,2021-04-07,09:57:02,00:00:20
stefano.crapanzano@chu.ulg.ac.be,\\filesrv01.st.chulg\oazis_prod\APPL_PROD\SOURCES\PERL\ERP - Commit - TortoiseSVN,IT,2021-04-07,09:57:29,00:00:02
stefano.crapanzano@chu.ulg.ac.be,\\filesrv01.st.chulg\oazis_prod\APPL_PROD\SOURCES\PERL\ERP - Commit - TortoiseSVN,IT,2021-04-07,09:57:35,00:00:05
stefano.crapanzano@chu.ulg.ac.be,\\filesrv01.st.chulg\oazis_prod\APPL_PROD\SOURCES\PERL\ERP - Commit - TortoiseSVN,IT,2021-04-07,09:58:01,00:00:27
stefano.crapanzano@chu.ulg.ac.be,Commit Finished!,IT,2021-04-07,09:58:31,00:00:02
stefano.crapanzano@chu.ulg.ac.be,SVN_LOCAL (Administrator),IT,2021-04-07,10:02:02,00:00:02
stefano.crapanzano@chu.ulg.ac.be,SVN_LOCAL – test_levenshtein.pl [PERL] (Administrator),IT,2021-04-07,10:02:05,00:00:31
stefano.crapanzano@chu.ulg.ac.be,SVN_LOCAL – test_levenshtein.pl [PERL] (Administrator),IT,2021-04-07,10:03:15,00:00:15
stefano.crapanzano@chu.ulg.ac.be,SVN_LOCAL – test_levenshtein.pl [PERL] (Administrator),IT,2021-04-07,10:03:37,00:00:38
stefano.crapanzano@chu.ulg.ac.be,Open Project,IT,2021-04-07,10:02:37,00:00:02
stefano.crapanzano@chu.ulg.ac.be,Open Project,IT,2021-04-07,10:03:00,00:00:02
stefano.crapanzano@chu.ulg.ac.be,SOURCES – CHL_ERP_ENCOURS.pl (Administrator),IT,2021-04-07,10:02:41,00:00:19
stefano.crapanzano@chu.ulg.ac.be,SOURCES – CHL_ERP_ENCOURS.pl (Administrator),IT,2021-04-07,10:03:03,00:00:02
stefano.crapanzano@chu.ulg.ac.be,Schedule for Addition,IT,2021-04-07,10:03:05,00:00:08
stefano.crapanzano@chu.ulg.ac.be,Update Directory,IT,2021-04-07,10:03:31,00:00:06
stefano.crapanzano@chu.ulg.ac.be,SVN_LOCAL – CHL_ERP_ULIS_TRF_SIGNALETIQUE.pl [SVN_LOCAL] (Administrator),IT,2021-04-07,10:04:15,00:00:19
stefano.crapanzano@chu.ulg.ac.be,SVN_LOCAL – CHL_ERP_TRANSFER_FILE_SC.pl [SVN_LOCAL] (Administrator),IT,2021-04-07,10:04:35,00:00:31
stefano.crapanzano@chu.ulg.ac.be,SVN_LOCAL – CHL_ERP_MAIL_MEDNUC_MONITORING.bat [SVN_LOCAL] (Administrator),IT,2021-04-07,10:05:06,00:00:12
stefano.crapanzano@chu.ulg.ac.be,SVN_LOCAL – CHL_ERP_MAIL_MEDNUC_MONITORING.bat [SVN_LOCAL] (Administrator),IT,2021-04-07,10:06:25,00:00:41
stefano.crapanzano@chu.ulg.ac.be,SVN_LOCAL – CHL_ERP_MAIL_MEDNUC_MONITORING.bat [SVN_LOCAL] (Administrator),IT,2021-04-07,10:07:30,00:00:05
stefano.crapanzano@chu.ulg.ac.be,SVN_LOCAL – CHL_ERP_MAIL_MEDNUC_MONITORING.bat [SVN_LOCAL] (Administrator),IT,2021-04-07,10:07:42,00:00:14
stefano.crapanzano@chu.ulg.ac.be,SVN_LOCAL – CHL_ERP_MAIL_MEDNUC_MONITORING.bat [SVN_LOCAL] (Administrator),IT,2021-04-07,10:08:00,00:00:36
stefano.crapanzano@chu.ulg.ac.be,SVN_LOCAL – CHL_ERP_MAIL_MEDNUC_MONITORING.bat [SVN_LOCAL] (Administrator),IT,2021-04-07,10:09:01,00:00:06
stefano.crapanzano@chu.ulg.ac.be,SVN_LOCAL – CHL_ERP_MAIL_MEDNUC_MONITORING.bat [SVN_LOCAL] (Administrator),IT,2021-04-07,10:09:10,00:00:08
stefano.crapanzano@chu.ulg.ac.be,SVN_LOCAL – CHL_ERP_MAIL_MEDNUC_MONITORING.bat [SVN_LOCAL] (Administrator),IT,2021-04-07,10:09:29,00:00:23
stefano.crapanzano@chu.ulg.ac.be,SVN_LOCAL – CHL_ERP_MAIL_MEDNUC_MONITORING.bat [SVN_LOCAL] (Administrator),IT,2021-04-07,10:09:53,00:00:20
stefano.crapanzano@chu.ulg.ac.be,SVN_LOCAL – CHL_ERP_MAIL_MEDNUC_MONITORING.bat [SVN_LOCAL] (Administrator),IT,2021-04-07,10:10:28,00:00:25
stefano.crapanzano@chu.ulg.ac.be,SVN_LOCAL – CHL_ERP_MAIL_MEDNUC_MONITORING.bat [SVN_LOCAL] (Administrator),IT,2021-04-07,10:12:25,00:04:37
stefano.crapanzano@chu.ulg.ac.be,SVN_LOCAL – CHL_ERP_EXTRACT_CONTRIX.bat [SVN_LOCAL] (Administrator),IT,2021-04-07,10:05:18,00:00:05
stefano.crapanzano@chu.ulg.ac.be,SVN_LOCAL – CHL_ERP_EXTRACT_CONTRIX.bat [SVN_LOCAL] (Administrator),IT,2021-04-07,10:06:19,00:00:06
stefano.crapanzano@chu.ulg.ac.be,CHL_ERP_EXTRACT_CONTRIX.bat (C:\Users\c158492\ProjetBoulot\SVN_LOCAL\BAT\ERP),IT,2021-04-07,10:05:23,00:00:55
stefano.crapanzano@chu.ulg.ac.be,\\filesrv01.st.chulg\oazis_prod\APPL_PROD\SOURCES\BAT\ERP\CHL_ERP_MAIL_MEDNUC_MONITORING.bat - Notepad++ [Administrator],IT,2021-04-07,10:07:25,00:00:03
stefano.crapanzano@chu.ulg.ac.be,\\filesrv01.st.chulg\oazis_prod\APPL_PROD\SOURCES\BAT\ERP\CHL_ERP_MAIL_MEDNUC_MONITORING.bat - Notepad++ [Administrator],IT,2021-04-07,10:07:37,00:00:04
stefano.crapanzano@chu.ulg.ac.be,\\filesrv01.st.chulg\oazis_prod\APPL_PROD\SOURCES\BAT\ERP\CHL_ERP_MAIL_MEDNUC_MONITORING.bat - Notepad++ [Administrator],IT,2021-04-07,10:09:21,00:00:02
stefano.crapanzano@chu.ulg.ac.be,\\filesrv01.st.chulg\oazis_prod\APPL_PROD\SOURCES\BAT\ERP\CHL_ERP_MAIL_MEDNUC_MONITORING.bat - Notepad++ [Administrator],IT,2021-04-07,10:10:14,00:00:03
stefano.crapanzano@chu.ulg.ac.be,\\filesrv01.st.chulg\oazis_prod\APPL_PROD\SOURCES\BAT\ERP\CHL_ERP_MAIL_MEDNUC_MONITORING.bat - Notepad++ [Administrator],IT,2021-04-07,10:10:20,00:00:05
stefano.crapanzano@chu.ulg.ac.be,\\filesrv01.st.chulg\oazis_prod\APPL_PROD\SOURCES\BAT\ERP\CHL_ERP_MAIL_MEDNUC_MONITORING.bat - Notepad++ [Administrator],IT,2021-04-07,10:30:18,00:00:02
stefano.crapanzano@chu.ulg.ac.be,SVN_LOCAL – CHL_ERP_MAIL_MEDNUC_MONITORING.pl [SVN_LOCAL] (Administrator),IT,2021-04-07,10:07:56,00:00:03
stefano.crapanzano@chu.ulg.ac.be,SVN_LOCAL – CHL_ERP_MAIL_MEDNUC_MONITORING.pl [SVN_LOCAL] (Administrator),IT,2021-04-07,10:09:19,00:00:02
stefano.crapanzano@chu.ulg.ac.be,SVN_LOCAL – CHL_ERP_MAIL_MEDNUC_MONITORING.pl [SVN_LOCAL] (Administrator),IT,2021-04-07,10:09:26,00:00:02
stefano.crapanzano@chu.ulg.ac.be,CHL_ERP_MAIL_MEDNUC_MONITORING.bat (C:\Users\c158492\ProjetBoulot\SVN_LOCAL\BAT\ERP),IT,2021-04-07,10:08:36,00:00:25
stefano.crapanzano@chu.ulg.ac.be,Update File,IT,2021-04-07,10:09:08,00:00:02
stefano.crapanzano@chu.ulg.ac.be,*\\filesrv01.st.chulg\oazis_prod\APPL_PROD\SOURCES\BAT\ERP\CHL_ERP_MAIL_MEDNUC_MONITORING.bat - Notepad++ [Administrator],IT,2021-04-07,10:10:18,00:00:02
stefano.crapanzano@chu.ulg.ac.be,\\filesrv01.st.chulg\oazis_prod\APPL_PROD\SOURCES\BAT\ERP - Commit - TortoiseSVN,IT,2021-04-07,10:11:04,00:00:03
stefano.crapanzano@chu.ulg.ac.be,\\filesrv01.st.chulg\oazis_prod\APPL_PROD\SOURCES\BAT\ERP - Commit - TortoiseSVN,IT,2021-04-07,10:11:18,00:00:09
stefano.crapanzano@chu.ulg.ac.be,\\filesrv01.st.chulg\oazis_prod\APPL_PROD\SOURCES\BAT\ERP - Commit - TortoiseSVN,IT,2021-04-07,10:11:40,00:00:16
stefano.crapanzano@chu.ulg.ac.be,\\filesrv01.st.chulg\oazis_prod\APPL_PROD\SOURCES\BAT\ERP - Commit - TortoiseSVN,IT,2021-04-07,10:12:04,00:00:04
stefano.crapanzano@chu.ulg.ac.be,\\filesrv01.st.chulg\oazis_prod\APPL_PROD\SOURCES\BAT\ERP - Commit - TortoiseSVN,IT,2021-04-07,10:12:12,00:00:07
stefano.crapanzano@chu.ulg.ac.be,\\filesrv01.st.chulg\oazis_prod\APPL_PROD\SOURCES\PERL\ERP\CHL_ERP_ENCOURS.pl - Notepad++ [Administrator],IT,2021-04-07,10:17:29,00:08:22
stefano.crapanzano@chu.ulg.ac.be,\\filesrv01.st.chulg\oazis_prod\APPL_PROD\SOURCES\PERL\ERP\CHL_ERP_ENCOURS.pl - Notepad++ [Administrator],IT,2021-04-07,10:26:11,00:04:07
stefano.crapanzano@chu.ulg.ac.be,comparaison_chargement_AE2_vs_GLIMSTEST2.xlsx  [Lecture seule] - Excel,Tâches diverses,2021-04-07,11:04:46,00:00:16
stefano.crapanzano@chu.ulg.ac.be,différence_article_glims_sap_par_matnr.xlsx - Excel,Tâches diverses,2021-04-07,11:10:21,00:00:25
stefano.crapanzano@chu.ulg.ac.be,différence_article_glims_sap_par_matnr.xlsx - Excel,Tâches diverses,2021-04-07,11:11:40,00:00:03
stefano.crapanzano@chu.ulg.ac.be,différence_article_glims_sap_par_matnr.xlsx - Excel,Tâches diverses,2021-04-07,11:11:52,00:00:08
stefano.crapanzano@chu.ulg.ac.be,différence_article_glims_sap_par_matnr.xlsx - Excel,Tâches diverses,2021-04-07,11:12:41,00:00:04
stefano.crapanzano@chu.ulg.ac.be,différence_article_glims_sap_par_matnr.xlsx - Excel,Tâches diverses,2021-04-07,11:13:24,00:03:43
stefano.crapanzano@chu.ulg.ac.be,différence_article_glims_sap_par_matnr.xlsx - Excel,Tâches diverses,2021-04-07,11:19:33,00:00:07
stefano.crapanzano@chu.ulg.ac.be,différence_article_glims_sap_par_matnr.xlsx - Excel,Tâches diverses,2021-04-07,11:22:01,00:00:07
stefano.crapanzano@chu.ulg.ac.be,différence_article_glims_sap_par_matnr.xlsx - Excel,Tâches diverses,2021-04-07,11:22:34,00:00:37
stefano.crapanzano@chu.ulg.ac.be,différence_article_glims_sap_par_matnr.xlsx - Excel,Tâches diverses,2021-04-07,11:23:40,00:00:03
stefano.crapanzano@chu.ulg.ac.be,différence_article_glims_sap_par_matnr.xlsx - Excel,Tâches diverses,2021-04-07,11:25:05,00:00:02
stefano.crapanzano@chu.ulg.ac.be,différence_article_glims_sap_par_matnr.xlsx - Excel,Helpdesk général,2021-04-07,11:28:21,00:00:16
stefano.crapanzano@chu.ulg.ac.be,différence_article_glims_sap_par_matnr.xlsx - Excel,Helpdesk général,2021-04-07,11:35:54,00:00:15
stefano.crapanzano@chu.ulg.ac.be,Stefano CRAPANZANO - erp.sai@chuliege.be - Outlook,Helpdesk général,2021-04-07,11:17:24,00:00:09
stefano.crapanzano@chu.ulg.ac.be,Stefano CRAPANZANO - erp.sai@chuliege.be - Outlook,Helpdesk général,2021-04-07,12:02:38,00:00:34
stefano.crapanzano@chu.ulg.ac.be,État des envois/réceptions Outlook,Helpdesk général,2021-04-07,11:18:01,00:00:27
stefano.crapanzano@chu.ulg.ac.be,État des envois/réceptions Outlook,Helpdesk général,2021-04-07,11:18:30,00:00:10
stefano.crapanzano@chu.ulg.ac.be,État des envois/réceptions Outlook,Helpdesk général,2021-04-07,11:18:47,00:00:06
stefano.crapanzano@chu.ulg.ac.be,État des envois/réceptions Outlook,Helpdesk général,2021-04-07,11:18:56,00:00:07
stefano.crapanzano@chu.ulg.ac.be,État des envois/réceptions Outlook,Helpdesk général,2021-04-07,11:19:11,00:00:03
stefano.crapanzano@chu.ulg.ac.be,État des envois/réceptions Outlook,Helpdesk général,2021-04-07,11:19:49,00:00:12
stefano.crapanzano@chu.ulg.ac.be,Ouverture -Outlook,Helpdesk général,2021-04-07,11:19:41,00:00:02
stefano.crapanzano@chu.ulg.ac.be,RE: comparaison articles GLIMS / SAP - Message (HTML),Helpdesk général,2021-04-07,11:21:07,00:00:49
stefano.crapanzano@chu.ulg.ac.be,RE: comparaison articles GLIMS / SAP - Message (HTML),Helpdesk général,2021-04-07,11:22:10,00:00:24
stefano.crapanzano@chu.ulg.ac.be,RE: comparaison articles GLIMS / SAP - Message (HTML),Helpdesk général,2021-04-07,11:23:11,00:00:27
stefano.crapanzano@chu.ulg.ac.be,RE: comparaison articles GLIMS / SAP - Message (HTML),Helpdesk général,2021-04-07,11:23:44,00:01:20
stefano.crapanzano@chu.ulg.ac.be,RE: comparaison articles GLIMS / SAP - Message (HTML),Helpdesk général,2021-04-07,11:25:08,00:03:13
stefano.crapanzano@chu.ulg.ac.be,RE: comparaison articles GLIMS / SAP - Message (HTML),Helpdesk général,2021-04-07,11:28:37,00:07:17
stefano.crapanzano@chu.ulg.ac.be,RE: comparaison articles GLIMS / SAP - Message (HTML),Helpdesk général,2021-04-07,11:36:11,00:05:50
stefano.crapanzano@chu.ulg.ac.be,RE: comparaison articles GLIMS / SAP - Message (HTML),Helpdesk général,2021-04-07,11:45:29,00:00:02
stefano.crapanzano@chu.ulg.ac.be,RE: comparaison articles GLIMS / SAP - Message (HTML),Helpdesk général,2021-04-07,11:45:38,00:00:19
stefano.crapanzano@chu.ulg.ac.be,RE: comparaison articles GLIMS / SAP - Message (HTML),Helpdesk général,2021-04-07,11:47:26,00:01:32
stefano.crapanzano@chu.ulg.ac.be,df-lx-0011 - Netop Remote Control,Helpdesk général,2021-04-07,11:42:42,00:00:15
stefano.crapanzano@chu.ulg.ac.be,df-lx-0011 - Netop Remote Control,Helpdesk général,2021-04-07,11:44:06,00:01:10
stefano.crapanzano@chu.ulg.ac.be,df-lx-0011 - Netop File Manager,Helpdesk général,2021-04-07,11:42:59,00:01:03
stefano.crapanzano@chu.ulg.ac.be,df-lx-0011 - Netop File Manager,Helpdesk général,2021-04-07,11:45:17,00:00:08
stefano.crapanzano@chu.ulg.ac.be,Netop File Manager - Transfer Status,Helpdesk général,2021-04-07,11:44:02,00:00:02
stefano.crapanzano@chu.ulg.ac.be,Harpège Download_tables_SaaS_SAP_V13.xlsx - Excel,Tâches diverses,2021-04-07,11:45:59,00:00:02
stefano.crapanzano@chu.ulg.ac.be,Harpège Download_tables_SaaS_SAP_V13.xlsx - Excel,Tâches diverses,2021-04-07,11:47:17,00:00:09
stefano.crapanzano@chu.ulg.ac.be,Harpège Download_tables_SaaS_SAP_V13.xlsx - Excel,Tâches diverses,2021-04-07,11:49:01,00:00:02
stefano.crapanzano@chu.ulg.ac.be,Rechercher et remplacer,Tâches diverses,2021-04-07,11:46:01,00:01:15
stefano.crapanzano@chu.ulg.ac.be,Nouvel onglet - Google Chrome,Tâches diverses,2021-04-07,11:59:11,00:00:04
stefano.crapanzano@chu.ulg.ac.be,Identification - Google Chrome,Tâches diverses,2021-04-07,11:59:17,00:00:07
stefano.crapanzano@chu.ulg.ac.be,decis.chu.ulg.ac.be/STPNET/stpnetdll.dll/dQFN8gs2UKoOQNdnjARUha/$/ - Google Chrome,Tâches diverses,2021-04-07,11:59:24,00:00:02
stefano.crapanzano@chu.ulg.ac.be,STPNet : login - Google Chrome,Tâches diverses,2021-04-07,11:59:28,00:00:02
stefano.crapanzano@chu.ulg.ac.be,STP : planning - Google Chrome,Tâches diverses,2021-04-07,11:59:30,00:02:52
stefano.crapanzano@chu.ulg.ac.be,Re: comparaison articles GLIMS / SAP - Message (HTML),Helpdesk général,2021-04-07,12:28:51,01:41:08
