Email,Description,Project,Start date,Start time,Duration
stefano.crapanzano@chu.ulg.ac.be,Administrateur : C:\Windows\System32\cmd.exe - python  main.py,IT,2021-04-08,08:32:37,00:00:06
stefano.crapanzano@chu.ulg.ac.be,Navigation système de fichier,IT,2021-04-08,08:40:40,00:00:02
stefano.crapanzano@chu.ulg.ac.be,Navigation système de fichier,IT,2021-04-08,08:48:05,00:00:05
stefano.crapanzano@chu.ulg.ac.be,Navigation système de fichier,IT,2021-04-08,08:49:14,00:00:02
stefano.crapanzano@chu.ulg.ac.be,Navigation système de fichier,IT,2021-04-08,09:06:12,00:00:03
stefano.crapanzano@chu.ulg.ac.be,Navigation système de fichier,IT,2021-04-08,09:07:18,00:00:02
stefano.crapanzano@chu.ulg.ac.be,Navigation système de fichier,IT,2021-04-08,09:31:07,00:00:02
stefano.crapanzano@chu.ulg.ac.be,Navigation système de fichier,IT,2021-04-08,09:32:46,00:00:02
stefano.crapanzano@chu.ulg.ac.be,Navigation système de fichier,IT,2021-04-08,10:09:35,00:00:11
stefano.crapanzano@chu.ulg.ac.be,Navigation système de fichier,IT,2021-04-08,10:11:05,00:00:02
stefano.crapanzano@chu.ulg.ac.be,Navigation système de fichier,IT,2021-04-08,10:14:04,00:00:02
stefano.crapanzano@chu.ulg.ac.be,Navigation système de fichier,IT,2021-04-08,11:55:32,00:00:07
stefano.crapanzano@chu.ulg.ac.be,Navigation système de fichier,IT,2021-04-08,11:55:56,00:00:06
stefano.crapanzano@chu.ulg.ac.be,Navigation système de fichier,IT,2021-04-08,11:56:30,00:00:37
stefano.crapanzano@chu.ulg.ac.be,Navigation système de fichier,IT,2021-04-08,11:57:56,00:00:06
stefano.crapanzano@chu.ulg.ac.be,Navigation système de fichier,IT,2021-04-08,11:59:19,00:00:04
stefano.crapanzano@chu.ulg.ac.be,Navigation système de fichier,IT,2021-04-08,12:02:54,00:00:04
stefano.crapanzano@chu.ulg.ac.be,Navigation système de fichier,IT,2021-04-08,12:13:27,00:00:04
stefano.crapanzano@chu.ulg.ac.be,Navigation système de fichier,IT,2021-04-08,13:37:17,00:00:03
stefano.crapanzano@chu.ulg.ac.be,Navigation système de fichier,IT,2021-04-08,13:51:26,00:00:15
stefano.crapanzano@chu.ulg.ac.be,Navigation système de fichier,IT,2021-04-08,13:51:46,00:00:23
stefano.crapanzano@chu.ulg.ac.be,Navigation système de fichier,IT,2021-04-08,13:53:59,00:01:03
stefano.crapanzano@chu.ulg.ac.be,Navigation système de fichier,IT,2021-04-08,16:27:45,00:00:02
stefano.crapanzano@chu.ulg.ac.be,Navigation système de fichier,IT,2021-04-08,16:31:14,00:00:02
stefano.crapanzano@chu.ulg.ac.be,Sent - erp.sai@chuliege.be - Outlook,Helpdesk général,2021-04-08,08:32:45,00:00:03
stefano.crapanzano@chu.ulg.ac.be,Sent - erp.sai@chuliege.be - Outlook,Helpdesk général,2021-04-08,09:03:22,00:00:08
stefano.crapanzano@chu.ulg.ac.be,Sent - erp.sai@chuliege.be - Outlook,Helpdesk général,2021-04-08,10:02:50,00:00:06
stefano.crapanzano@chu.ulg.ac.be,Sent - erp.sai@chuliege.be - Outlook,Helpdesk général,2021-04-08,10:07:35,00:00:10
stefano.crapanzano@chu.ulg.ac.be,Sent - erp.sai@chuliege.be - Outlook,Helpdesk général,2021-04-08,10:44:05,00:00:06
stefano.crapanzano@chu.ulg.ac.be,Sent - erp.sai@chuliege.be - Outlook,Helpdesk général,2021-04-08,14:30:21,00:00:03
stefano.crapanzano@chu.ulg.ac.be,Boîte de réception - erp.sai@chuliege.be - Outlook,Helpdesk général,2021-04-08,08:32:49,00:00:16
stefano.crapanzano@chu.ulg.ac.be,Boîte de réception - erp.sai@chuliege.be - Outlook,Helpdesk général,2021-04-08,08:37:26,00:00:06
stefano.crapanzano@chu.ulg.ac.be,Boîte de réception - erp.sai@chuliege.be - Outlook,Helpdesk général,2021-04-08,08:40:43,00:05:01
stefano.crapanzano@chu.ulg.ac.be,Boîte de réception - erp.sai@chuliege.be - Outlook,Helpdesk général,2021-04-08,09:03:30,00:02:39
stefano.crapanzano@chu.ulg.ac.be,Boîte de réception - erp.sai@chuliege.be - Outlook,Helpdesk général,2021-04-08,09:07:20,00:00:02
stefano.crapanzano@chu.ulg.ac.be,Boîte de réception - erp.sai@chuliege.be - Outlook,Helpdesk général,2021-04-08,09:10:12,00:02:11
stefano.crapanzano@chu.ulg.ac.be,Boîte de réception - erp.sai@chuliege.be - Outlook,Helpdesk général,2021-04-08,09:12:46,00:00:35
stefano.crapanzano@chu.ulg.ac.be,Boîte de réception - erp.sai@chuliege.be - Outlook,Helpdesk général,2021-04-08,09:13:46,00:01:25
stefano.crapanzano@chu.ulg.ac.be,Boîte de réception - erp.sai@chuliege.be - Outlook,Helpdesk général,2021-04-08,09:16:06,00:01:22
stefano.crapanzano@chu.ulg.ac.be,Boîte de réception - erp.sai@chuliege.be - Outlook,Helpdesk général,2021-04-08,09:32:48,00:00:04
stefano.crapanzano@chu.ulg.ac.be,Boîte de réception - erp.sai@chuliege.be - Outlook,Helpdesk général,2021-04-08,10:02:57,00:04:01
stefano.crapanzano@chu.ulg.ac.be,Boîte de réception - erp.sai@chuliege.be - Outlook,Helpdesk général,2021-04-08,10:07:14,00:00:05
stefano.crapanzano@chu.ulg.ac.be,Boîte de réception - erp.sai@chuliege.be - Outlook,Helpdesk général,2021-04-08,10:07:21,00:00:13
stefano.crapanzano@chu.ulg.ac.be,Boîte de réception - erp.sai@chuliege.be - Outlook,Helpdesk général,2021-04-08,10:11:11,00:02:52
stefano.crapanzano@chu.ulg.ac.be,Boîte de réception - erp.sai@chuliege.be - Outlook,Helpdesk général,2021-04-08,10:42:18,00:00:02
stefano.crapanzano@chu.ulg.ac.be,Boîte de réception - erp.sai@chuliege.be - Outlook,Helpdesk général,2021-04-08,10:42:26,00:01:30
stefano.crapanzano@chu.ulg.ac.be,Boîte de réception - erp.sai@chuliege.be - Outlook,Helpdesk général,2021-04-08,10:43:58,00:00:06
stefano.crapanzano@chu.ulg.ac.be,Boîte de réception - erp.sai@chuliege.be - Outlook,Helpdesk général,2021-04-08,10:44:12,01:11:00
stefano.crapanzano@chu.ulg.ac.be,Boîte de réception - erp.sai@chuliege.be - Outlook,Helpdesk général,2021-04-08,12:11:08,00:00:07
stefano.crapanzano@chu.ulg.ac.be,Boîte de réception - erp.sai@chuliege.be - Outlook,Helpdesk général,2021-04-08,12:14:43,00:33:06
stefano.crapanzano@chu.ulg.ac.be,Boîte de réception - erp.sai@chuliege.be - Outlook,Helpdesk général,2021-04-08,12:47:51,00:10:25
stefano.crapanzano@chu.ulg.ac.be,Boîte de réception - erp.sai@chuliege.be - Outlook,Helpdesk général,2021-04-08,13:37:26,00:11:05
stefano.crapanzano@chu.ulg.ac.be,Boîte de réception - erp.sai@chuliege.be - Outlook,Helpdesk général,2021-04-08,13:48:37,00:00:03
stefano.crapanzano@chu.ulg.ac.be,Boîte de réception - erp.sai@chuliege.be - Outlook,Helpdesk général,2021-04-08,13:48:51,00:00:10
stefano.crapanzano@chu.ulg.ac.be,Boîte de réception - erp.sai@chuliege.be - Outlook,Helpdesk général,2021-04-08,13:49:13,00:00:09
stefano.crapanzano@chu.ulg.ac.be,Boîte de réception - erp.sai@chuliege.be - Outlook,Helpdesk général,2021-04-08,13:49:26,00:01:54
stefano.crapanzano@chu.ulg.ac.be,Boîte de réception - erp.sai@chuliege.be - Outlook,Helpdesk général,2021-04-08,13:59:28,00:00:12
stefano.crapanzano@chu.ulg.ac.be,Boîte de réception - erp.sai@chuliege.be - Outlook,Helpdesk général,2021-04-08,14:03:29,00:24:18
stefano.crapanzano@chu.ulg.ac.be,Boîte de réception - erp.sai@chuliege.be - Outlook,Helpdesk général,2021-04-08,14:30:16,00:00:04
stefano.crapanzano@chu.ulg.ac.be,Boîte de réception - erp.sai@chuliege.be - Outlook,Helpdesk général,2021-04-08,14:30:25,01:21:10
stefano.crapanzano@chu.ulg.ac.be,Boîte de réception - erp.sai@chuliege.be - Outlook,Helpdesk général,2021-04-08,16:31:16,00:00:02
stefano.crapanzano@chu.ulg.ac.be,Boîte de réception - erp.sai@chuliege.be - Outlook,Helpdesk général,2021-04-08,16:32:06,00:00:05
stefano.crapanzano@chu.ulg.ac.be,Boîte de réception - erp.sai@chuliege.be - Outlook,Helpdesk général,2021-04-08,16:32:32,00:20:03
stefano.crapanzano@chu.ulg.ac.be,Boîte de Réception - Zimbra - Stefano Crapanzano - Outlook,Helpdesk général,2021-04-08,08:33:05,00:04:20
stefano.crapanzano@chu.ulg.ac.be,Boîte de Réception - Zimbra - Stefano Crapanzano - Outlook,Helpdesk général,2021-04-08,08:45:44,00:00:05
stefano.crapanzano@chu.ulg.ac.be,Boîte de Réception - Zimbra - Stefano Crapanzano - Outlook,Helpdesk général,2021-04-08,08:46:25,00:00:09
stefano.crapanzano@chu.ulg.ac.be,Boîte de Réception - Zimbra - Stefano Crapanzano - Outlook,Helpdesk général,2021-04-08,08:48:33,00:00:02
stefano.crapanzano@chu.ulg.ac.be,Boîte de Réception - Zimbra - Stefano Crapanzano - Outlook,Helpdesk général,2021-04-08,08:48:38,00:00:10
stefano.crapanzano@chu.ulg.ac.be,Boîte de Réception - Zimbra - Stefano Crapanzano - Outlook,Helpdesk général,2021-04-08,08:49:06,00:00:05
stefano.crapanzano@chu.ulg.ac.be,Boîte de Réception - Zimbra - Stefano Crapanzano - Outlook,Helpdesk général,2021-04-08,08:56:31,00:06:50
stefano.crapanzano@chu.ulg.ac.be,Boîte de Réception - Zimbra - Stefano Crapanzano - Outlook,Helpdesk général,2021-04-08,09:07:23,00:02:49
stefano.crapanzano@chu.ulg.ac.be,Boîte de Réception - Zimbra - Stefano Crapanzano - Outlook,Helpdesk général,2021-04-08,10:02:41,00:00:08
stefano.crapanzano@chu.ulg.ac.be,Boîte de Réception - Zimbra - Stefano Crapanzano - Outlook,Helpdesk général,2021-04-08,10:07:19,00:00:02
stefano.crapanzano@chu.ulg.ac.be,Boîte de Réception - Zimbra - Stefano Crapanzano - Outlook,Helpdesk général,2021-04-08,10:07:47,00:01:47
stefano.crapanzano@chu.ulg.ac.be,Boîte de Réception - Zimbra - Stefano Crapanzano - Outlook,Helpdesk général,2021-04-08,10:09:50,00:00:05
stefano.crapanzano@chu.ulg.ac.be,Boîte de Réception - Zimbra - Stefano Crapanzano - Outlook,Helpdesk général,2021-04-08,10:10:13,00:00:06
stefano.crapanzano@chu.ulg.ac.be,Boîte de Réception - Zimbra - Stefano Crapanzano - Outlook,Helpdesk général,2021-04-08,10:10:28,00:00:03
stefano.crapanzano@chu.ulg.ac.be,Boîte de Réception - Zimbra - Stefano Crapanzano - Outlook,Helpdesk général,2021-04-08,10:11:07,00:00:03
stefano.crapanzano@chu.ulg.ac.be,Boîte de Réception - Zimbra - Stefano Crapanzano - Outlook,Helpdesk général,2021-04-08,10:42:21,00:00:04
stefano.crapanzano@chu.ulg.ac.be,Boîte de Réception - Zimbra - Stefano Crapanzano - Outlook,Helpdesk général,2021-04-08,10:43:56,00:00:02
stefano.crapanzano@chu.ulg.ac.be,Boîte de Réception - Zimbra - Stefano Crapanzano - Outlook,Helpdesk général,2021-04-08,11:55:12,00:00:19
stefano.crapanzano@chu.ulg.ac.be,Boîte de Réception - Zimbra - Stefano Crapanzano - Outlook,Helpdesk général,2021-04-08,12:02:59,00:00:02
stefano.crapanzano@chu.ulg.ac.be,Boîte de Réception - Zimbra - Stefano Crapanzano - Outlook,Helpdesk général,2021-04-08,12:11:23,00:00:04
stefano.crapanzano@chu.ulg.ac.be,Boîte de Réception - Zimbra - Stefano Crapanzano - Outlook,Helpdesk général,2021-04-08,12:47:49,00:00:02
stefano.crapanzano@chu.ulg.ac.be,Boîte de Réception - Zimbra - Stefano Crapanzano - Outlook,Helpdesk général,2021-04-08,12:58:16,00:00:02
stefano.crapanzano@chu.ulg.ac.be,Boîte de Réception - Zimbra - Stefano Crapanzano - Outlook,Helpdesk général,2021-04-08,12:58:40,00:04:54
stefano.crapanzano@chu.ulg.ac.be,Boîte de Réception - Zimbra - Stefano Crapanzano - Outlook,Helpdesk général,2021-04-08,13:37:21,00:00:04
stefano.crapanzano@chu.ulg.ac.be,Boîte de Réception - Zimbra - Stefano Crapanzano - Outlook,Helpdesk général,2021-04-08,13:49:22,00:00:03
stefano.crapanzano@chu.ulg.ac.be,Boîte de Réception - Zimbra - Stefano Crapanzano - Outlook,Helpdesk général,2021-04-08,13:51:20,00:00:05
stefano.crapanzano@chu.ulg.ac.be,Boîte de Réception - Zimbra - Stefano Crapanzano - Outlook,Helpdesk général,2021-04-08,13:51:41,00:00:03
stefano.crapanzano@chu.ulg.ac.be,Boîte de Réception - Zimbra - Stefano Crapanzano - Outlook,Helpdesk général,2021-04-08,13:52:09,00:01:25
stefano.crapanzano@chu.ulg.ac.be,Boîte de Réception - Zimbra - Stefano Crapanzano - Outlook,Helpdesk général,2021-04-08,13:59:40,00:00:09
stefano.crapanzano@chu.ulg.ac.be,Boîte de Réception - Zimbra - Stefano Crapanzano - Outlook,Helpdesk général,2021-04-08,14:27:48,00:00:38
stefano.crapanzano@chu.ulg.ac.be,Boîte de Réception - Zimbra - Stefano Crapanzano - Outlook,Helpdesk général,2021-04-08,14:29:39,00:00:37
stefano.crapanzano@chu.ulg.ac.be,Boîte de Réception - Zimbra - Stefano Crapanzano - Outlook,Helpdesk général,2021-04-08,16:31:18,00:00:48
stefano.crapanzano@chu.ulg.ac.be,Boîte de Réception - Zimbra - Stefano Crapanzano - Outlook,Helpdesk général,2021-04-08,16:52:36,00:10:53
stefano.crapanzano@chu.ulg.ac.be,Netop Invité,Helpdesk général,2021-04-08,08:37:32,00:00:04
stefano.crapanzano@chu.ulg.ac.be,Connexion à l'aide de l'authentification Windows,Helpdesk général,2021-04-08,08:37:37,00:00:03
stefano.crapanzano@chu.ulg.ac.be,erpftp - Netop Remote Control,Helpdesk général,2021-04-08,08:37:43,00:01:48
stefano.crapanzano@chu.ulg.ac.be,myCHU - Google Chrome,Tâches diverses,2021-04-08,08:39:31,00:00:02
stefano.crapanzano@chu.ulg.ac.be,myCHU - Google Chrome,Tâches diverses,2021-04-08,09:06:33,00:00:02
stefano.crapanzano@chu.ulg.ac.be,Nouvel onglet - Google Chrome,Tâches diverses,2021-04-08,08:39:33,00:00:07
stefano.crapanzano@chu.ulg.ac.be,Nouvel onglet - Google Chrome,Tâches diverses,2021-04-08,08:46:11,00:00:04
stefano.crapanzano@chu.ulg.ac.be,Nouvel onglet - Google Chrome,Tâches diverses,2021-04-08,08:50:06,00:00:06
stefano.crapanzano@chu.ulg.ac.be,Identification - Google Chrome,Tâches diverses,2021-04-08,08:39:41,00:00:08
stefano.crapanzano@chu.ulg.ac.be,POST data - Google Chrome,Tâches diverses,2021-04-08,09:06:30,00:00:02
stefano.crapanzano@chu.ulg.ac.be,Service MT - Google Chrome,Tâches diverses,2021-04-08,08:39:50,00:00:49
stefano.crapanzano@chu.ulg.ac.be,Service MT - Google Chrome,Tâches diverses,2021-04-08,09:06:26,00:00:02
stefano.crapanzano@chu.ulg.ac.be,Lecture documentation,Tâches diverses,2021-04-08,08:45:50,00:00:20
stefano.crapanzano@chu.ulg.ac.be,Lecture documentation,Tâches diverses,2021-04-08,09:30:09,00:00:58
stefano.crapanzano@chu.ulg.ac.be,Lecture documentation,Tâches diverses,2021-04-08,09:31:09,00:01:37
stefano.crapanzano@chu.ulg.ac.be,Lecture documentation,Tâches diverses,2021-04-08,10:14:06,00:27:47
stefano.crapanzano@chu.ulg.ac.be,Lecture documentation,Tâches diverses,2021-04-08,10:42:16,00:00:02
stefano.crapanzano@chu.ulg.ac.be,Lecture documentation,Tâches diverses,2021-04-08,13:48:31,00:00:06
stefano.crapanzano@chu.ulg.ac.be,Lecture documentation,Tâches diverses,2021-04-08,13:48:41,00:00:08
stefano.crapanzano@chu.ulg.ac.be,Lecture documentation,Tâches diverses,2021-04-08,13:49:02,00:00:09
stefano.crapanzano@chu.ulg.ac.be,Bureau - Google Sheets - Google Chrome,Tâches diverses,2021-04-08,08:46:16,00:00:07
stefano.crapanzano@chu.ulg.ac.be,Bureau - Google Sheets - Google Chrome,Tâches diverses,2021-04-08,08:46:35,00:01:09
stefano.crapanzano@chu.ulg.ac.be,Bureau - Google Sheets - Google Chrome,Tâches diverses,2021-04-08,08:47:49,00:00:02
stefano.crapanzano@chu.ulg.ac.be,Bureau - Google Sheets - Google Chrome,Tâches diverses,2021-04-08,08:48:12,00:00:12
stefano.crapanzano@chu.ulg.ac.be,Bureau - Google Sheets - Google Chrome,Tâches diverses,2021-04-08,08:48:53,00:00:02
stefano.crapanzano@chu.ulg.ac.be,Bureau - Google Sheets - Google Chrome,Tâches diverses,2021-04-08,08:49:16,00:00:02
stefano.crapanzano@chu.ulg.ac.be,Bureau - Google Sheets - Google Chrome,Tâches diverses,2021-04-08,08:50:03,00:00:02
stefano.crapanzano@chu.ulg.ac.be,Bureau - Google Sheets - Google Chrome,Tâches diverses,2021-04-08,08:50:45,00:00:13
stefano.crapanzano@chu.ulg.ac.be,Bureau - Google Sheets - Google Chrome,Tâches diverses,2021-04-08,08:53:11,00:00:07
stefano.crapanzano@chu.ulg.ac.be,Bureau - Google Sheets - Google Chrome,Tâches diverses,2021-04-08,08:53:40,00:00:18
stefano.crapanzano@chu.ulg.ac.be,Bureau - Google Sheets - Google Chrome,Tâches diverses,2021-04-08,08:55:38,00:00:51
stefano.crapanzano@chu.ulg.ac.be,Bureau - Google Sheets - Google Chrome,Tâches diverses,2021-04-08,09:15:16,00:00:49
stefano.crapanzano@chu.ulg.ac.be,Bureau - Google Sheets - Google Chrome,Tâches diverses,2021-04-08,14:28:26,00:00:16
stefano.crapanzano@chu.ulg.ac.be,Bureau - Google Sheets - Google Chrome,Tâches diverses,2021-04-08,16:32:14,00:00:09
stefano.crapanzano@chu.ulg.ac.be,Bureau - Google Sheets - Google Chrome,Tâches diverses,2021-04-08,16:32:26,00:00:04
stefano.crapanzano@chu.ulg.ac.be,Greenshot capture form,Helpdesk général,2021-04-08,08:47:45,00:00:04
stefano.crapanzano@chu.ulg.ac.be,Greenshot capture form,Helpdesk général,2021-04-08,08:47:52,00:00:12
stefano.crapanzano@chu.ulg.ac.be,Greenshot capture form,Helpdesk général,2021-04-08,08:48:24,00:00:07
stefano.crapanzano@chu.ulg.ac.be,Greenshot capture form,Helpdesk général,2021-04-08,08:48:35,00:00:02
stefano.crapanzano@chu.ulg.ac.be,Greenshot capture form,Helpdesk général,2021-04-08,08:48:55,00:00:08
stefano.crapanzano@chu.ulg.ac.be,Greenshot capture form,Tâches diverses,2021-04-08,08:49:19,00:00:08
stefano.crapanzano@chu.ulg.ac.be,Greenshot capture form,Helpdesk général,2021-04-08,08:53:18,00:00:10
stefano.crapanzano@chu.ulg.ac.be,Greenshot capture form,Helpdesk général,2021-04-08,08:53:58,00:00:08
stefano.crapanzano@chu.ulg.ac.be,Greenshot capture form,Helpdesk général,2021-04-08,11:57:08,00:00:08
stefano.crapanzano@chu.ulg.ac.be,RE: Présence au bureau - Message (HTML),Helpdesk général,2021-04-08,08:49:12,00:00:02
stefano.crapanzano@chu.ulg.ac.be,RE: Présence au bureau - Message (HTML),Helpdesk général,2021-04-08,08:49:29,00:00:34
stefano.crapanzano@chu.ulg.ac.be,RE: Présence au bureau - Message (HTML),Helpdesk général,2021-04-08,08:51:00,00:01:10
stefano.crapanzano@chu.ulg.ac.be,RE: Présence au bureau - Message (HTML),Helpdesk général,2021-04-08,08:52:12,00:00:57
stefano.crapanzano@chu.ulg.ac.be,RE: Présence au bureau - Message (HTML),Helpdesk général,2021-04-08,08:53:31,00:00:08
stefano.crapanzano@chu.ulg.ac.be,RE: Présence au bureau - Message (HTML),Helpdesk général,2021-04-08,08:54:09,00:01:29
stefano.crapanzano@chu.ulg.ac.be,decis.chu.ulg.ac.be/STPNET/stpnetdll.dll/dQFN8gs2UKoOQNdnjARUha/$/ - Google Chrome,Tâches diverses,2021-04-08,08:50:12,00:00:02
stefano.crapanzano@chu.ulg.ac.be,STPNet : login - Google Chrome,Tâches diverses,2021-04-08,08:50:15,00:00:02
stefano.crapanzano@chu.ulg.ac.be,STPNet : login - Google Chrome,Tâches diverses,2021-04-08,09:06:36,00:00:03
stefano.crapanzano@chu.ulg.ac.be,STP : planning - Google Chrome,Tâches diverses,2021-04-08,08:50:18,00:00:03
stefano.crapanzano@chu.ulg.ac.be,STP : planning - Google Chrome,Tâches diverses,2021-04-08,09:06:39,00:00:03
stefano.crapanzano@chu.ulg.ac.be,Planning équipes - Google Chrome,Tâches diverses,2021-04-08,08:50:22,00:00:15
stefano.crapanzano@chu.ulg.ac.be,Planning équipes - Google Chrome,Tâches diverses,2021-04-08,09:06:43,00:00:34
stefano.crapanzano@chu.ulg.ac.be,Changement de tâche,Helpdesk général,2021-04-08,08:50:39,00:00:05
stefano.crapanzano@chu.ulg.ac.be,CHU de Liège - Intranet - Google Chrome,Tâches diverses,2021-04-08,09:06:15,00:00:09
stefano.crapanzano@chu.ulg.ac.be,CHU de Liège - Intranet - Google Chrome,Tâches diverses,2021-04-08,09:15:12,00:00:02
stefano.crapanzano@chu.ulg.ac.be,État des envois/réceptions Outlook,Helpdesk général,2021-04-08,09:12:24,00:00:21
stefano.crapanzano@chu.ulg.ac.be,État des envois/réceptions Outlook,Helpdesk général,2021-04-08,09:13:22,00:00:24
stefano.crapanzano@chu.ulg.ac.be,Didier BARE - erp.sai@chuliege.be - Outlook,Helpdesk général,2021-04-08,09:32:53,00:19:32
stefano.crapanzano@chu.ulg.ac.be,Didier BARE - erp.sai@chuliege.be - Outlook,Helpdesk général,2021-04-08,09:55:57,00:06:44
stefano.crapanzano@chu.ulg.ac.be,Didier BARE - erp.sai@chuliege.be - Outlook,Helpdesk général,2021-04-08,12:11:15,00:00:07
stefano.crapanzano@chu.ulg.ac.be,Calendrier - Zimbra - Stefano Crapanzano - Outlook,Helpdesk général,2021-04-08,09:52:26,00:03:31
stefano.crapanzano@chu.ulg.ac.be,Re: catalogue FRKPHRVA1 - Message (HTML),Helpdesk général,2021-04-08,10:06:58,00:00:15
stefano.crapanzano@chu.ulg.ac.be,Harpège Download_tables_SaaS_SAP_V13.xlsx - Excel,Tâches diverses,2021-04-08,10:11:02,00:00:02
stefano.crapanzano@chu.ulg.ac.be,Télétravail (à partir du 11-01-21).xlsx - Excel,Tâches diverses,2021-04-08,10:09:57,00:00:15
stefano.crapanzano@chu.ulg.ac.be,Télétravail (à partir du 11-01-21).xlsx - Excel,Tâches diverses,2021-04-08,10:10:19,00:00:09
stefano.crapanzano@chu.ulg.ac.be,Télétravail (à partir du 11-01-21).xlsx - Excel,Tâches diverses,2021-04-08,10:10:32,00:00:30
stefano.crapanzano@chu.ulg.ac.be,Restauration de fichier - Message (HTML),Helpdesk général,2021-04-08,11:55:39,00:00:02
stefano.crapanzano@chu.ulg.ac.be,RE: Restauration de fichier - Message (HTML),Helpdesk général,2021-04-08,11:55:42,00:00:14
stefano.crapanzano@chu.ulg.ac.be,RE: Restauration de fichier - Message (HTML),Helpdesk général,2021-04-08,11:56:03,00:00:27
stefano.crapanzano@chu.ulg.ac.be,RE: Restauration de fichier - Message (HTML),Helpdesk général,2021-04-08,11:57:19,00:00:37
stefano.crapanzano@chu.ulg.ac.be,RE: Restauration de fichier - Message (HTML),Helpdesk général,2021-04-08,11:58:03,00:01:16
stefano.crapanzano@chu.ulg.ac.be,RE: Restauration de fichier - Message (HTML),Helpdesk général,2021-04-08,11:59:24,00:03:30
stefano.crapanzano@chu.ulg.ac.be,RE: Restauration de fichier - Message (HTML),Helpdesk général,2021-04-08,13:53:35,00:00:19
stefano.crapanzano@chu.ulg.ac.be,Envoyé - Zimbra - Stefano Crapanzano - Outlook,Helpdesk général,2021-04-08,12:03:01,00:08:06
stefano.crapanzano@chu.ulg.ac.be,Envoyé - Zimbra - Stefano Crapanzano - Outlook,Helpdesk général,2021-04-08,12:11:28,00:01:58
stefano.crapanzano@chu.ulg.ac.be,Envoyé - Zimbra - Stefano Crapanzano - Outlook,Helpdesk général,2021-04-08,12:13:31,00:01:11
stefano.crapanzano@chu.ulg.ac.be,Envoyé - Zimbra - Stefano Crapanzano - Outlook,Helpdesk général,2021-04-08,13:55:03,00:02:16
stefano.crapanzano@chu.ulg.ac.be,Envoyé - Zimbra - Stefano Crapanzano - Outlook,Helpdesk général,2021-04-08,13:57:35,00:01:52
stefano.crapanzano@chu.ulg.ac.be,Envoyé - Zimbra - Stefano Crapanzano - Outlook,Helpdesk général,2021-04-08,13:59:49,00:03:39
stefano.crapanzano@chu.ulg.ac.be,Sans titre - Message (HTML),Helpdesk général,2021-04-08,12:58:19,00:00:21
stefano.crapanzano@chu.ulg.ac.be,RE: Un chef de projet est recherché pour la migration vers ERP 2.0 - Message (HTML),Helpdesk général,2021-04-08,13:03:35,00:00:03
stefano.crapanzano@chu.ulg.ac.be,RE: Un chef de projet est recherché pour la migration vers ERP 2.0 - Message (HTML),Helpdesk général,2021-04-08,13:03:39,00:02:52
stefano.crapanzano@chu.ulg.ac.be,RE: Un chef de projet est recherché pour la migration vers ERP 2.0 - Message (HTML),Helpdesk général,2021-04-08,13:06:36,00:30:40
stefano.crapanzano@chu.ulg.ac.be,Orthographe : Français (Belgique),Helpdesk général,2021-04-08,13:06:32,00:00:03
stefano.crapanzano@chu.ulg.ac.be,Microsoft Outlook,Helpdesk général,2021-04-08,13:53:56,00:00:02
stefano.crapanzano@chu.ulg.ac.be,SDERP-18117 P203 CHU GOAL - Ajout de la table AUSP dans extract BI - Message (HTML),Helpdesk général,2021-04-08,13:57:21,00:00:13
stefano.crapanzano@chu.ulg.ac.be,(1) faire un job qui contrôle ZI103 - To Do - Google Chrome,Tâches diverses,2021-04-08,14:28:42,00:00:31
stefano.crapanzano@chu.ulg.ac.be,(1) verifier extract bi - To Do - Google Chrome,Tâches diverses,2021-04-08,14:29:14,00:00:14
stefano.crapanzano@chu.ulg.ac.be,Rendez vous prise de sang - To Do - Google Chrome,Tâches diverses,2021-04-08,14:29:28,00:00:09
stefano.crapanzano@chu.ulg.ac.be,Rendez vous prise de sang - To Do - Google Chrome,Tâches diverses,2021-04-08,15:51:35,00:00:18
stefano.crapanzano@chu.ulg.ac.be,aller chercher tests salivaire - To Do - Google Chrome,Tâches diverses,2021-04-08,15:51:53,00:05:34
stefano.crapanzano@chu.ulg.ac.be,aller chercher tests salivaire - To Do - Google Chrome,Tâches diverses,2021-04-08,15:57:32,00:30:12
stefano.crapanzano@chu.ulg.ac.be,aller chercher tests salivaire - To Do - Google Chrome,Tâches diverses,2021-04-08,16:27:48,00:00:02
stefano.crapanzano@chu.ulg.ac.be,aller chercher tests salivaire - To Do - Google Chrome,Tâches diverses,2021-04-08,16:32:12,00:00:02
stefano.crapanzano@chu.ulg.ac.be,Microsoft To Do - Google Chrome,Tâches diverses,2021-04-08,15:57:28,00:00:03
stefano.crapanzano@chu.ulg.ac.be,SAP Logon 750,Exploration SAP,2021-04-08,16:27:51,00:00:03
stefano.crapanzano@chu.ulg.ac.be,SAP Easy Access Menu de base Applications financières-économiques,Exploration SAP,2021-04-08,16:27:54,00:00:09
stefano.crapanzano@chu.ulg.ac.be,Commande interv. 40 4000190262 créée par Elise LAMBERT,Exploration SAP,2021-04-08,16:28:04,00:00:31
stefano.crapanzano@chu.ulg.ac.be,Sélectionner document,Exploration SAP,2021-04-08,16:28:35,00:00:02
stefano.crapanzano@chu.ulg.ac.be,TypeAheadPopup,Exploration SAP,2021-04-08,16:28:37,00:00:02
stefano.crapanzano@chu.ulg.ac.be,Commande interv. 40 4000196945 créée par Elise LAMBERT,Exploration SAP,2021-04-08,16:28:40,00:00:09
stefano.crapanzano@chu.ulg.ac.be,Afficher Demande d'achat 5200104566,Exploration SAP,2021-04-08,16:28:50,00:00:07
stefano.crapanzano@chu.ulg.ac.be,Afficher Demande d'achat 5200104566,Exploration SAP,2021-04-08,16:31:11,00:00:02
