Email,Description,Project,Start date,Start time,Duration
stefano.crapanzano@chu.ulg.ac.be,Boîte de réception - erp.sai@chuliege.be - Outlook,Helpdesk général,2021-04-06,08:29:22,00:01:18
stefano.crapanzano@chu.ulg.ac.be,Boîte de réception - erp.sai@chuliege.be - Outlook,Helpdesk général,2021-04-06,08:30:42,00:00:06
stefano.crapanzano@chu.ulg.ac.be,Boîte de réception - erp.sai@chuliege.be - Outlook,Helpdesk général,2021-04-06,08:30:54,00:01:05
stefano.crapanzano@chu.ulg.ac.be,Boîte de réception - erp.sai@chuliege.be - Outlook,Helpdesk général,2021-04-06,08:38:08,00:00:12
stefano.crapanzano@chu.ulg.ac.be,Boîte de réception - erp.sai@chuliege.be - Outlook,Helpdesk général,2021-04-06,08:38:23,00:00:04
stefano.crapanzano@chu.ulg.ac.be,Boîte de réception - erp.sai@chuliege.be - Outlook,Tâches diverses,2021-04-06,08:41:00,00:00:03
stefano.crapanzano@chu.ulg.ac.be,Boîte de réception - erp.sai@chuliege.be - Outlook,Helpdesk général,2021-04-06,09:03:46,00:00:04
stefano.crapanzano@chu.ulg.ac.be,Boîte de réception - erp.sai@chuliege.be - Outlook,Helpdesk général,2021-04-06,09:12:34,00:00:02
stefano.crapanzano@chu.ulg.ac.be,Boîte de réception - erp.sai@chuliege.be - Outlook,Helpdesk général,2021-04-06,09:38:48,00:00:03
stefano.crapanzano@chu.ulg.ac.be,Boîte de réception - erp.sai@chuliege.be - Outlook,Helpdesk général,2021-04-06,09:38:55,00:00:06
stefano.crapanzano@chu.ulg.ac.be,Boîte de réception - erp.sai@chuliege.be - Outlook,Helpdesk général,2021-04-06,09:58:46,00:00:14
stefano.crapanzano@chu.ulg.ac.be,Boîte de réception - erp.sai@chuliege.be - Outlook,Helpdesk général,2021-04-06,10:11:20,00:00:24
stefano.crapanzano@chu.ulg.ac.be,Boîte de réception - erp.sai@chuliege.be - Outlook,Helpdesk général,2021-04-06,10:16:59,00:00:14
stefano.crapanzano@chu.ulg.ac.be,Boîte de réception - erp.sai@chuliege.be - Outlook,Helpdesk général,2021-04-06,10:45:58,00:00:27
stefano.crapanzano@chu.ulg.ac.be,Boîte de réception - erp.sai@chuliege.be - Outlook,Helpdesk général,2021-04-06,10:54:39,00:00:04
stefano.crapanzano@chu.ulg.ac.be,Boîte de réception - erp.sai@chuliege.be - Outlook,Helpdesk général,2021-04-06,10:58:48,00:00:06
stefano.crapanzano@chu.ulg.ac.be,Boîte de réception - erp.sai@chuliege.be - Outlook,Helpdesk général,2021-04-06,11:11:11,00:00:40
stefano.crapanzano@chu.ulg.ac.be,Boîte de réception - erp.sai@chuliege.be - Outlook,Helpdesk général,2021-04-06,11:12:08,00:00:07
stefano.crapanzano@chu.ulg.ac.be,Boîte de réception - erp.sai@chuliege.be - Outlook,Helpdesk général,2021-04-06,11:12:55,00:00:15
stefano.crapanzano@chu.ulg.ac.be,Boîte de réception - erp.sai@chuliege.be - Outlook,Helpdesk général,2021-04-06,11:25:02,00:00:43
stefano.crapanzano@chu.ulg.ac.be,Boîte de réception - erp.sai@chuliege.be - Outlook,Helpdesk général,2021-04-06,12:07:05,00:00:03
stefano.crapanzano@chu.ulg.ac.be,Boîte de réception - erp.sai@chuliege.be - Outlook,Helpdesk général,2021-04-06,12:12:14,00:00:04
stefano.crapanzano@chu.ulg.ac.be,Boîte de réception - erp.sai@chuliege.be - Outlook,Helpdesk général,2021-04-06,12:13:41,00:00:19
stefano.crapanzano@chu.ulg.ac.be,Boîte de réception - erp.sai@chuliege.be - Outlook,Helpdesk général,2021-04-06,12:15:32,00:00:04
stefano.crapanzano@chu.ulg.ac.be,Boîte de réception - erp.sai@chuliege.be - Outlook,Helpdesk général,2021-04-06,12:24:07,00:00:02
stefano.crapanzano@chu.ulg.ac.be,Boîte de réception - erp.sai@chuliege.be - Outlook,Helpdesk général,2021-04-06,12:28:59,00:00:03
stefano.crapanzano@chu.ulg.ac.be,Boîte de réception - erp.sai@chuliege.be - Outlook,Helpdesk général,2021-04-06,12:41:00,00:00:06
stefano.crapanzano@chu.ulg.ac.be,Boîte de réception - erp.sai@chuliege.be - Outlook,Helpdesk général,2021-04-06,12:47:32,00:00:06
stefano.crapanzano@chu.ulg.ac.be,Boîte de réception - erp.sai@chuliege.be - Outlook,Helpdesk général,2021-04-06,12:47:50,00:00:06
stefano.crapanzano@chu.ulg.ac.be,Boîte de réception - erp.sai@chuliege.be - Outlook,Helpdesk général,2021-04-06,13:21:21,00:00:04
stefano.crapanzano@chu.ulg.ac.be,Boîte de réception - erp.sai@chuliege.be - Outlook,Helpdesk général,2021-04-06,13:26:48,00:00:07
stefano.crapanzano@chu.ulg.ac.be,Boîte de réception - erp.sai@chuliege.be - Outlook,Helpdesk général,2021-04-06,13:57:41,00:00:02
stefano.crapanzano@chu.ulg.ac.be,Boîte de réception - erp.sai@chuliege.be - Outlook,Helpdesk général,2021-04-06,14:17:05,00:00:09
stefano.crapanzano@chu.ulg.ac.be,Boîte de réception - erp.sai@chuliege.be - Outlook,Helpdesk général,2021-04-06,15:39:50,00:00:07
stefano.crapanzano@chu.ulg.ac.be,Boîte de réception - erp.sai@chuliege.be - Outlook,Helpdesk général,2021-04-06,15:47:56,00:00:25
stefano.crapanzano@chu.ulg.ac.be,Boîte de réception - erp.sai@chuliege.be - Outlook,Helpdesk général,2021-04-06,16:00:26,00:27:29
stefano.crapanzano@chu.ulg.ac.be,Boîte de réception - erp.sai@chuliege.be - Outlook,Helpdesk général,2021-04-06,16:31:38,00:00:08
stefano.crapanzano@chu.ulg.ac.be,Boîte de Réception - Zimbra - Stefano Crapanzano - Outlook,Helpdesk général,2021-04-06,08:30:40,00:00:02
stefano.crapanzano@chu.ulg.ac.be,Boîte de Réception - Zimbra - Stefano Crapanzano - Outlook,Helpdesk général,2021-04-06,08:38:20,00:00:02
stefano.crapanzano@chu.ulg.ac.be,Boîte de Réception - Zimbra - Stefano Crapanzano - Outlook,Helpdesk général,2021-04-06,08:41:03,00:00:25
stefano.crapanzano@chu.ulg.ac.be,Boîte de Réception - Zimbra - Stefano Crapanzano - Outlook,Helpdesk général,2021-04-06,08:42:35,00:00:02
stefano.crapanzano@chu.ulg.ac.be,Boîte de Réception - Zimbra - Stefano Crapanzano - Outlook,Helpdesk général,2021-04-06,08:42:59,00:00:02
stefano.crapanzano@chu.ulg.ac.be,Boîte de Réception - Zimbra - Stefano Crapanzano - Outlook,Helpdesk général,2021-04-06,08:43:06,00:00:03
stefano.crapanzano@chu.ulg.ac.be,Boîte de Réception - Zimbra - Stefano Crapanzano - Outlook,Helpdesk général,2021-04-06,08:43:11,00:00:02
stefano.crapanzano@chu.ulg.ac.be,Boîte de Réception - Zimbra - Stefano Crapanzano - Outlook,Helpdesk général,2021-04-06,08:43:21,00:00:22
stefano.crapanzano@chu.ulg.ac.be,Boîte de Réception - Zimbra - Stefano Crapanzano - Outlook,Helpdesk général,2021-04-06,09:03:44,00:00:02
stefano.crapanzano@chu.ulg.ac.be,Boîte de Réception - Zimbra - Stefano Crapanzano - Outlook,Helpdesk général,2021-04-06,09:12:36,00:00:10
stefano.crapanzano@chu.ulg.ac.be,Boîte de Réception - Zimbra - Stefano Crapanzano - Outlook,Helpdesk général,2021-04-06,09:17:57,00:00:37
stefano.crapanzano@chu.ulg.ac.be,Boîte de Réception - Zimbra - Stefano Crapanzano - Outlook,Helpdesk général,2021-04-06,09:38:51,00:00:03
stefano.crapanzano@chu.ulg.ac.be,Boîte de Réception - Zimbra - Stefano Crapanzano - Outlook,Helpdesk général,2021-04-06,10:30:39,00:15:18
stefano.crapanzano@chu.ulg.ac.be,Boîte de Réception - Zimbra - Stefano Crapanzano - Outlook,Helpdesk général,2021-04-06,11:25:45,00:00:14
stefano.crapanzano@chu.ulg.ac.be,Boîte de Réception - Zimbra - Stefano Crapanzano - Outlook,Helpdesk général,2021-04-06,11:26:09,00:00:03
stefano.crapanzano@chu.ulg.ac.be,Boîte de Réception - Zimbra - Stefano Crapanzano - Outlook,Helpdesk général,2021-04-06,11:27:23,00:00:02
stefano.crapanzano@chu.ulg.ac.be,Boîte de Réception - Zimbra - Stefano Crapanzano - Outlook,Helpdesk général,2021-04-06,11:27:39,00:00:04
stefano.crapanzano@chu.ulg.ac.be,Boîte de Réception - Zimbra - Stefano Crapanzano - Outlook,Helpdesk général,2021-04-06,11:28:36,00:00:02
stefano.crapanzano@chu.ulg.ac.be,Boîte de Réception - Zimbra - Stefano Crapanzano - Outlook,Helpdesk général,2021-04-06,11:29:03,00:00:08
stefano.crapanzano@chu.ulg.ac.be,Boîte de Réception - Zimbra - Stefano Crapanzano - Outlook,Helpdesk général,2021-04-06,11:37:56,00:00:03
stefano.crapanzano@chu.ulg.ac.be,Boîte de Réception - Zimbra - Stefano Crapanzano - Outlook,Helpdesk général,2021-04-06,11:58:38,00:01:41
stefano.crapanzano@chu.ulg.ac.be,Boîte de Réception - Zimbra - Stefano Crapanzano - Outlook,Helpdesk général,2021-04-06,12:07:02,00:00:03
stefano.crapanzano@chu.ulg.ac.be,Boîte de Réception - Zimbra - Stefano Crapanzano - Outlook,Helpdesk général,2021-04-06,12:12:11,00:00:02
stefano.crapanzano@chu.ulg.ac.be,Boîte de Réception - Zimbra - Stefano Crapanzano - Outlook,Helpdesk général,2021-04-06,12:13:38,00:00:03
stefano.crapanzano@chu.ulg.ac.be,Boîte de Réception - Zimbra - Stefano Crapanzano - Outlook,Helpdesk général,2021-04-06,12:24:10,00:00:09
stefano.crapanzano@chu.ulg.ac.be,Boîte de Réception - Zimbra - Stefano Crapanzano - Outlook,Helpdesk général,2021-04-06,12:28:55,00:00:03
stefano.crapanzano@chu.ulg.ac.be,Boîte de Réception - Zimbra - Stefano Crapanzano - Outlook,Helpdesk général,2021-04-06,12:41:13,00:06:19
stefano.crapanzano@chu.ulg.ac.be,Boîte de Réception - Zimbra - Stefano Crapanzano - Outlook,Helpdesk général,2021-04-06,13:21:26,00:05:21
stefano.crapanzano@chu.ulg.ac.be,Boîte de Réception - Zimbra - Stefano Crapanzano - Outlook,Helpdesk général,2021-04-06,13:57:43,00:03:45
stefano.crapanzano@chu.ulg.ac.be,Boîte de Réception - Zimbra - Stefano Crapanzano - Outlook,Helpdesk général,2021-04-06,14:10:00,00:00:24
stefano.crapanzano@chu.ulg.ac.be,Boîte de Réception - Zimbra - Stefano Crapanzano - Outlook,Helpdesk général,2021-04-06,14:14:10,00:00:31
stefano.crapanzano@chu.ulg.ac.be,Boîte de Réception - Zimbra - Stefano Crapanzano - Outlook,Helpdesk général,2021-04-06,14:14:42,00:00:02
stefano.crapanzano@chu.ulg.ac.be,Boîte de Réception - Zimbra - Stefano Crapanzano - Outlook,Helpdesk général,2021-04-06,14:15:20,00:00:05
stefano.crapanzano@chu.ulg.ac.be,Boîte de Réception - Zimbra - Stefano Crapanzano - Outlook,Helpdesk général,2021-04-06,14:15:28,00:01:26
stefano.crapanzano@chu.ulg.ac.be,Boîte de Réception - Zimbra - Stefano Crapanzano - Outlook,Helpdesk général,2021-04-06,14:17:14,00:02:51
stefano.crapanzano@chu.ulg.ac.be,Boîte de Réception - Zimbra - Stefano Crapanzano - Outlook,Helpdesk général,2021-04-06,15:13:19,00:00:04
stefano.crapanzano@chu.ulg.ac.be,Sent - erp.sai@chuliege.be - Outlook,Helpdesk général,2021-04-06,08:30:48,00:00:06
stefano.crapanzano@chu.ulg.ac.be,Sent - erp.sai@chuliege.be - Outlook,Helpdesk général,2021-04-06,08:38:28,00:00:52
stefano.crapanzano@chu.ulg.ac.be,Sent - erp.sai@chuliege.be - Outlook,Helpdesk général,2021-04-06,09:39:01,00:00:02
stefano.crapanzano@chu.ulg.ac.be,Sent - erp.sai@chuliege.be - Outlook,Helpdesk général,2021-04-06,10:11:44,00:00:22
stefano.crapanzano@chu.ulg.ac.be,Sent - erp.sai@chuliege.be - Outlook,Helpdesk général,2021-04-06,10:16:56,00:00:02
stefano.crapanzano@chu.ulg.ac.be,Sent - erp.sai@chuliege.be - Outlook,Helpdesk général,2021-04-06,10:58:54,00:00:53
stefano.crapanzano@chu.ulg.ac.be,Sent - erp.sai@chuliege.be - Outlook,Helpdesk général,2021-04-06,11:00:03,00:05:51
stefano.crapanzano@chu.ulg.ac.be,Sent - erp.sai@chuliege.be - Outlook,Helpdesk général,2021-04-06,11:06:03,00:00:19
stefano.crapanzano@chu.ulg.ac.be,Sent - erp.sai@chuliege.be - Outlook,Helpdesk général,2021-04-06,11:06:33,00:02:58
stefano.crapanzano@chu.ulg.ac.be,Sent - erp.sai@chuliege.be - Outlook,Helpdesk général,2021-04-06,11:09:42,00:01:22
stefano.crapanzano@chu.ulg.ac.be,Sent - erp.sai@chuliege.be - Outlook,Helpdesk général,2021-04-06,12:08:48,00:00:18
stefano.crapanzano@chu.ulg.ac.be,Sent - erp.sai@chuliege.be - Outlook,Helpdesk général,2021-04-06,12:09:12,00:02:08
stefano.crapanzano@chu.ulg.ac.be,Sent - erp.sai@chuliege.be - Outlook,Helpdesk général,2021-04-06,12:11:27,00:00:04
stefano.crapanzano@chu.ulg.ac.be,Sent - erp.sai@chuliege.be - Outlook,Helpdesk général,2021-04-06,12:11:34,00:00:08
stefano.crapanzano@chu.ulg.ac.be,Sent - erp.sai@chuliege.be - Outlook,Helpdesk général,2021-04-06,12:12:08,00:00:02
stefano.crapanzano@chu.ulg.ac.be,Sent - erp.sai@chuliege.be - Outlook,Helpdesk général,2021-04-06,12:12:19,00:01:19
stefano.crapanzano@chu.ulg.ac.be,Sent - erp.sai@chuliege.be - Outlook,Helpdesk général,2021-04-06,12:14:01,00:01:31
stefano.crapanzano@chu.ulg.ac.be,Sent - erp.sai@chuliege.be - Outlook,Helpdesk général,2021-04-06,12:29:02,00:11:57
stefano.crapanzano@chu.ulg.ac.be,Sent - erp.sai@chuliege.be - Outlook,Helpdesk général,2021-04-06,12:47:38,00:00:10
stefano.crapanzano@chu.ulg.ac.be,Sent - erp.sai@chuliege.be - Outlook,Helpdesk général,2021-04-06,13:21:19,00:00:02
stefano.crapanzano@chu.ulg.ac.be,Sent - erp.sai@chuliege.be - Outlook,Helpdesk général,2021-04-06,13:26:55,00:30:45
stefano.crapanzano@chu.ulg.ac.be,Sent - erp.sai@chuliege.be - Outlook,Helpdesk général,2021-04-06,14:16:54,00:00:10
stefano.crapanzano@chu.ulg.ac.be,Sent - erp.sai@chuliege.be - Outlook,Helpdesk général,2021-04-06,15:13:24,00:00:02
stefano.crapanzano@chu.ulg.ac.be,Sent - erp.sai@chuliege.be - Outlook,Helpdesk général,2021-04-06,15:14:19,00:00:11
stefano.crapanzano@chu.ulg.ac.be,Sent - erp.sai@chuliege.be - Outlook,Helpdesk général,2021-04-06,15:37:11,00:00:40
stefano.crapanzano@chu.ulg.ac.be,Sent - erp.sai@chuliege.be - Outlook,Helpdesk général,2021-04-06,15:39:26,00:00:03
stefano.crapanzano@chu.ulg.ac.be,Sent - erp.sai@chuliege.be - Outlook,Helpdesk général,2021-04-06,15:39:57,00:00:04
stefano.crapanzano@chu.ulg.ac.be,Sent - erp.sai@chuliege.be - Outlook,Helpdesk général,2021-04-06,15:40:31,00:01:26
stefano.crapanzano@chu.ulg.ac.be,Sent - erp.sai@chuliege.be - Outlook,Helpdesk général,2021-04-06,15:43:21,00:04:34
stefano.crapanzano@chu.ulg.ac.be,Sent - erp.sai@chuliege.be - Outlook,Helpdesk général,2021-04-06,15:48:21,00:01:31
stefano.crapanzano@chu.ulg.ac.be,Sent - erp.sai@chuliege.be - Outlook,Helpdesk général,2021-04-06,15:51:49,00:00:02
stefano.crapanzano@chu.ulg.ac.be,Sent - erp.sai@chuliege.be - Outlook,Helpdesk général,2021-04-06,15:52:05,00:01:44
stefano.crapanzano@chu.ulg.ac.be,Sent - erp.sai@chuliege.be - Outlook,Helpdesk général,2021-04-06,15:54:50,00:03:58
stefano.crapanzano@chu.ulg.ac.be,Sent - erp.sai@chuliege.be - Outlook,Helpdesk général,2021-04-06,15:59:06,00:01:19
stefano.crapanzano@chu.ulg.ac.be,Sent - erp.sai@chuliege.be - Outlook,Helpdesk général,2021-04-06,16:27:55,00:00:15
stefano.crapanzano@chu.ulg.ac.be,Sent - erp.sai@chuliege.be - Outlook,Helpdesk général,2021-04-06,16:31:34,00:00:03
stefano.crapanzano@chu.ulg.ac.be,Sent - erp.sai@chuliege.be - Outlook,Helpdesk général,2021-04-06,16:31:46,00:00:18
stefano.crapanzano@chu.ulg.ac.be,Navigation système de fichier,IT,2021-04-06,08:32:00,00:00:04
stefano.crapanzano@chu.ulg.ac.be,Navigation système de fichier,IT,2021-04-06,08:33:07,00:00:03
stefano.crapanzano@chu.ulg.ac.be,Navigation système de fichier,IT,2021-04-06,08:33:24,00:00:05
stefano.crapanzano@chu.ulg.ac.be,Navigation système de fichier,IT,2021-04-06,08:38:06,00:00:02
stefano.crapanzano@chu.ulg.ac.be,Navigation système de fichier,IT,2021-04-06,08:39:22,00:00:02
stefano.crapanzano@chu.ulg.ac.be,Navigation système de fichier,IT,2021-04-06,08:39:39,00:00:02
stefano.crapanzano@chu.ulg.ac.be,Navigation système de fichier,IT,2021-04-06,08:39:43,00:00:04
stefano.crapanzano@chu.ulg.ac.be,Navigation système de fichier,IT,2021-04-06,08:39:58,00:00:02
stefano.crapanzano@chu.ulg.ac.be,Navigation système de fichier,IT,2021-04-06,08:41:29,00:00:13
stefano.crapanzano@chu.ulg.ac.be,Navigation système de fichier,IT,2021-04-06,08:41:54,00:00:04
stefano.crapanzano@chu.ulg.ac.be,Navigation système de fichier,IT,2021-04-06,08:42:13,00:00:02
stefano.crapanzano@chu.ulg.ac.be,Navigation système de fichier,IT,2021-04-06,08:42:37,00:00:18
stefano.crapanzano@chu.ulg.ac.be,Navigation système de fichier,IT,2021-04-06,08:44:30,00:00:06
stefano.crapanzano@chu.ulg.ac.be,Navigation système de fichier,IT,2021-04-06,09:13:35,00:00:02
stefano.crapanzano@chu.ulg.ac.be,Navigation système de fichier,IT,2021-04-06,09:59:11,00:00:06
stefano.crapanzano@chu.ulg.ac.be,Navigation système de fichier,IT,2021-04-06,09:59:44,00:00:07
stefano.crapanzano@chu.ulg.ac.be,Navigation système de fichier,IT,2021-04-06,10:00:13,00:00:06
stefano.crapanzano@chu.ulg.ac.be,Navigation système de fichier,IT,2021-04-06,10:00:42,00:00:02
stefano.crapanzano@chu.ulg.ac.be,Navigation système de fichier,IT,2021-04-06,10:00:45,00:00:07
stefano.crapanzano@chu.ulg.ac.be,Navigation système de fichier,IT,2021-04-06,10:05:16,00:00:07
stefano.crapanzano@chu.ulg.ac.be,Navigation système de fichier,IT,2021-04-06,10:06:30,00:00:02
stefano.crapanzano@chu.ulg.ac.be,Navigation système de fichier,IT,2021-04-06,10:11:17,00:00:02
stefano.crapanzano@chu.ulg.ac.be,Navigation système de fichier,IT,2021-04-06,10:17:52,00:00:02
stefano.crapanzano@chu.ulg.ac.be,Navigation système de fichier,IT,2021-04-06,10:30:26,00:00:02
stefano.crapanzano@chu.ulg.ac.be,Navigation système de fichier,IT,2021-04-06,10:30:33,00:00:02
stefano.crapanzano@chu.ulg.ac.be,Navigation système de fichier,IT,2021-04-06,10:46:31,00:00:02
stefano.crapanzano@chu.ulg.ac.be,Navigation système de fichier,IT,2021-04-06,10:49:17,00:00:17
stefano.crapanzano@chu.ulg.ac.be,Navigation système de fichier,IT,2021-04-06,10:49:38,00:00:14
stefano.crapanzano@chu.ulg.ac.be,Navigation système de fichier,IT,2021-04-06,10:51:10,00:00:03
stefano.crapanzano@chu.ulg.ac.be,Navigation système de fichier,IT,2021-04-06,10:51:14,00:00:04
stefano.crapanzano@chu.ulg.ac.be,Navigation système de fichier,IT,2021-04-06,10:54:36,00:00:02
stefano.crapanzano@chu.ulg.ac.be,Navigation système de fichier,IT,2021-04-06,10:58:45,00:00:02
stefano.crapanzano@chu.ulg.ac.be,Navigation système de fichier,IT,2021-04-06,11:12:00,00:00:02
stefano.crapanzano@chu.ulg.ac.be,Navigation système de fichier,IT,2021-04-06,11:12:06,00:00:02
stefano.crapanzano@chu.ulg.ac.be,Navigation système de fichier,IT,2021-04-06,11:17:29,00:00:03
stefano.crapanzano@chu.ulg.ac.be,Navigation système de fichier,IT,2021-04-06,11:21:25,00:00:11
stefano.crapanzano@chu.ulg.ac.be,Navigation système de fichier,IT,2021-04-06,11:21:41,00:00:16
stefano.crapanzano@chu.ulg.ac.be,Navigation système de fichier,IT,2021-04-06,11:22:00,00:00:07
stefano.crapanzano@chu.ulg.ac.be,Navigation système de fichier,IT,2021-04-06,11:22:11,00:00:11
stefano.crapanzano@chu.ulg.ac.be,Navigation système de fichier,IT,2021-04-06,11:22:26,00:00:15
stefano.crapanzano@chu.ulg.ac.be,Navigation système de fichier,IT,2021-04-06,11:24:51,00:00:11
stefano.crapanzano@chu.ulg.ac.be,Navigation système de fichier,IT,2021-04-06,11:26:00,00:00:08
stefano.crapanzano@chu.ulg.ac.be,Navigation système de fichier,IT,2021-04-06,11:26:12,00:00:03
stefano.crapanzano@chu.ulg.ac.be,Navigation système de fichier,IT,2021-04-06,11:26:33,00:00:49
stefano.crapanzano@chu.ulg.ac.be,Navigation système de fichier,IT,2021-04-06,11:27:25,00:00:13
stefano.crapanzano@chu.ulg.ac.be,Navigation système de fichier,IT,2021-04-06,11:27:50,00:00:37
stefano.crapanzano@chu.ulg.ac.be,Navigation système de fichier,IT,2021-04-06,11:28:53,00:00:03
stefano.crapanzano@chu.ulg.ac.be,Navigation système de fichier,IT,2021-04-06,11:28:57,00:00:05
stefano.crapanzano@chu.ulg.ac.be,Navigation système de fichier,IT,2021-04-06,11:29:42,00:00:58
stefano.crapanzano@chu.ulg.ac.be,Navigation système de fichier,IT,2021-04-06,11:30:44,00:00:15
stefano.crapanzano@chu.ulg.ac.be,Navigation système de fichier,IT,2021-04-06,11:31:03,00:00:02
stefano.crapanzano@chu.ulg.ac.be,Navigation système de fichier,IT,2021-04-06,11:33:32,00:00:40
stefano.crapanzano@chu.ulg.ac.be,Navigation système de fichier,IT,2021-04-06,11:34:36,00:00:06
stefano.crapanzano@chu.ulg.ac.be,Navigation système de fichier,IT,2021-04-06,11:37:13,00:00:17
stefano.crapanzano@chu.ulg.ac.be,Navigation système de fichier,IT,2021-04-06,11:37:41,00:00:15
stefano.crapanzano@chu.ulg.ac.be,Navigation système de fichier,IT,2021-04-06,11:38:01,00:00:14
stefano.crapanzano@chu.ulg.ac.be,Navigation système de fichier,IT,2021-04-06,11:38:24,00:00:14
stefano.crapanzano@chu.ulg.ac.be,Navigation système de fichier,IT,2021-04-06,11:38:43,00:00:17
stefano.crapanzano@chu.ulg.ac.be,Navigation système de fichier,IT,2021-04-06,11:39:08,00:00:21
stefano.crapanzano@chu.ulg.ac.be,Navigation système de fichier,IT,2021-04-06,11:39:35,00:00:10
stefano.crapanzano@chu.ulg.ac.be,Navigation système de fichier,IT,2021-04-06,11:39:58,00:00:02
stefano.crapanzano@chu.ulg.ac.be,Navigation système de fichier,IT,2021-04-06,11:40:05,00:00:02
stefano.crapanzano@chu.ulg.ac.be,Navigation système de fichier,IT,2021-04-06,11:40:53,00:00:02
stefano.crapanzano@chu.ulg.ac.be,Navigation système de fichier,IT,2021-04-06,11:40:56,00:00:02
stefano.crapanzano@chu.ulg.ac.be,Navigation système de fichier,IT,2021-04-06,11:42:23,00:00:03
stefano.crapanzano@chu.ulg.ac.be,Navigation système de fichier,IT,2021-04-06,11:42:36,00:00:05
stefano.crapanzano@chu.ulg.ac.be,Navigation système de fichier,IT,2021-04-06,11:42:49,00:01:20
stefano.crapanzano@chu.ulg.ac.be,Navigation système de fichier,IT,2021-04-06,11:44:12,00:00:02
stefano.crapanzano@chu.ulg.ac.be,Navigation système de fichier,IT,2021-04-06,11:44:34,00:00:49
stefano.crapanzano@chu.ulg.ac.be,Navigation système de fichier,IT,2021-04-06,11:45:48,00:03:08
stefano.crapanzano@chu.ulg.ac.be,Navigation système de fichier,IT,2021-04-06,11:49:20,00:00:02
stefano.crapanzano@chu.ulg.ac.be,Navigation système de fichier,IT,2021-04-06,11:49:39,00:00:26
stefano.crapanzano@chu.ulg.ac.be,Navigation système de fichier,IT,2021-04-06,11:50:08,00:01:29
stefano.crapanzano@chu.ulg.ac.be,Navigation système de fichier,IT,2021-04-06,11:52:21,00:00:23
stefano.crapanzano@chu.ulg.ac.be,Navigation système de fichier,IT,2021-04-06,11:52:51,00:00:04
stefano.crapanzano@chu.ulg.ac.be,Navigation système de fichier,IT,2021-04-06,11:53:08,00:00:15
stefano.crapanzano@chu.ulg.ac.be,Navigation système de fichier,IT,2021-04-06,11:53:39,00:00:10
stefano.crapanzano@chu.ulg.ac.be,Navigation système de fichier,IT,2021-04-06,11:55:18,00:00:54
stefano.crapanzano@chu.ulg.ac.be,Navigation système de fichier,IT,2021-04-06,11:56:32,00:02:05
stefano.crapanzano@chu.ulg.ac.be,Navigation système de fichier,IT,2021-04-06,12:00:20,00:00:16
stefano.crapanzano@chu.ulg.ac.be,Navigation système de fichier,IT,2021-04-06,12:00:42,00:00:05
stefano.crapanzano@chu.ulg.ac.be,Navigation système de fichier,IT,2021-04-06,12:01:03,00:00:10
stefano.crapanzano@chu.ulg.ac.be,Navigation système de fichier,IT,2021-04-06,12:01:31,00:00:07
stefano.crapanzano@chu.ulg.ac.be,Navigation système de fichier,IT,2021-04-06,12:02:15,00:00:14
stefano.crapanzano@chu.ulg.ac.be,Navigation système de fichier,IT,2021-04-06,12:02:34,00:00:05
stefano.crapanzano@chu.ulg.ac.be,Navigation système de fichier,IT,2021-04-06,12:03:06,00:00:02
stefano.crapanzano@chu.ulg.ac.be,Navigation système de fichier,IT,2021-04-06,12:03:22,00:00:04
stefano.crapanzano@chu.ulg.ac.be,Navigation système de fichier,IT,2021-04-06,12:03:36,00:00:19
stefano.crapanzano@chu.ulg.ac.be,Navigation système de fichier,IT,2021-04-06,12:04:08,00:00:29
stefano.crapanzano@chu.ulg.ac.be,Navigation système de fichier,IT,2021-04-06,12:04:43,00:00:30
stefano.crapanzano@chu.ulg.ac.be,Navigation système de fichier,IT,2021-04-06,12:09:07,00:00:04
stefano.crapanzano@chu.ulg.ac.be,Navigation système de fichier,IT,2021-04-06,12:11:21,00:00:05
stefano.crapanzano@chu.ulg.ac.be,Navigation système de fichier,IT,2021-04-06,12:11:45,00:00:12
stefano.crapanzano@chu.ulg.ac.be,Navigation système de fichier,IT,2021-04-06,12:12:05,00:00:02
stefano.crapanzano@chu.ulg.ac.be,Navigation système de fichier,IT,2021-04-06,12:47:56,00:00:03
stefano.crapanzano@chu.ulg.ac.be,Navigation système de fichier,IT,2021-04-06,12:48:29,00:00:16
stefano.crapanzano@chu.ulg.ac.be,Navigation système de fichier,IT,2021-04-06,12:49:39,00:00:02
stefano.crapanzano@chu.ulg.ac.be,Navigation système de fichier,IT,2021-04-06,12:50:31,00:00:02
stefano.crapanzano@chu.ulg.ac.be,Navigation système de fichier,IT,2021-04-06,12:53:38,00:00:02
stefano.crapanzano@chu.ulg.ac.be,Navigation système de fichier,IT,2021-04-06,13:21:17,00:00:02
stefano.crapanzano@chu.ulg.ac.be,Navigation système de fichier,IT,2021-04-06,14:15:07,00:00:02
stefano.crapanzano@chu.ulg.ac.be,Navigation système de fichier,IT,2021-04-06,14:20:06,00:00:02
stefano.crapanzano@chu.ulg.ac.be,Navigation système de fichier,IT,2021-04-06,15:13:17,00:00:02
stefano.crapanzano@chu.ulg.ac.be,Navigation système de fichier,IT,2021-04-06,15:18:41,00:00:02
stefano.crapanzano@chu.ulg.ac.be,Navigation système de fichier,IT,2021-04-06,15:20:10,00:00:02
stefano.crapanzano@chu.ulg.ac.be,Navigation système de fichier,IT,2021-04-06,15:20:15,00:00:04
stefano.crapanzano@chu.ulg.ac.be,Navigation système de fichier,IT,2021-04-06,15:29:05,00:00:02
stefano.crapanzano@chu.ulg.ac.be,Navigation système de fichier,IT,2021-04-06,15:37:09,00:00:02
stefano.crapanzano@chu.ulg.ac.be,Navigation système de fichier,IT,2021-04-06,15:38:36,00:00:03
stefano.crapanzano@chu.ulg.ac.be,Navigation système de fichier,IT,2021-04-06,15:39:38,00:00:02
stefano.crapanzano@chu.ulg.ac.be,Navigation système de fichier,IT,2021-04-06,15:39:48,00:00:02
stefano.crapanzano@chu.ulg.ac.be,Navigation système de fichier,IT,2021-04-06,15:41:57,00:00:02
stefano.crapanzano@chu.ulg.ac.be,Navigation système de fichier,IT,2021-04-06,15:42:56,00:00:02
stefano.crapanzano@chu.ulg.ac.be,Navigation système de fichier,IT,2021-04-06,16:31:32,00:00:02
stefano.crapanzano@chu.ulg.ac.be,c158492 - Tableau de bord - Gitea: Git with a cup of tea - Google Chrome,Tâches diverses,2021-04-06,08:32:05,00:00:06
stefano.crapanzano@chu.ulg.ac.be,c158492 - Tableau de bord - Gitea: Git with a cup of tea - Google Chrome,Tâches diverses,2021-04-06,12:15:58,00:00:03
stefano.crapanzano@chu.ulg.ac.be,c158492 - Tableau de bord - Gitea: Git with a cup of tea - Google Chrome,Tâches diverses,2021-04-06,12:17:47,00:00:03
stefano.crapanzano@chu.ulg.ac.be,c158492 - Tableau de bord - Gitea: Git with a cup of tea - Google Chrome,Tâches diverses,2021-04-06,12:25:41,00:00:09
stefano.crapanzano@chu.ulg.ac.be,c158492 - Tableau de bord - Gitea: Git with a cup of tea - Google Chrome,Tâches diverses,2021-04-06,12:25:54,00:00:12
stefano.crapanzano@chu.ulg.ac.be,c158492 - Tableau de bord - Gitea: Git with a cup of tea - Google Chrome,Tâches diverses,2021-04-06,12:26:08,00:00:03
stefano.crapanzano@chu.ulg.ac.be,c158492 - Tableau de bord - Gitea: Git with a cup of tea - Google Chrome,Tâches diverses,2021-04-06,12:26:58,00:00:16
stefano.crapanzano@chu.ulg.ac.be,c158492 - Tableau de bord - Gitea: Git with a cup of tea - Google Chrome,Tâches diverses,2021-04-06,12:48:03,00:00:07
stefano.crapanzano@chu.ulg.ac.be,c158492 - Tableau de bord - Gitea: Git with a cup of tea - Google Chrome,Tâches diverses,2021-04-06,12:48:18,00:00:04
stefano.crapanzano@chu.ulg.ac.be,c158492 - Tableau de bord - Gitea: Git with a cup of tea - Google Chrome,Tâches diverses,2021-04-06,12:50:33,00:00:07
stefano.crapanzano@chu.ulg.ac.be,c158492 - Tableau de bord - Gitea: Git with a cup of tea - Google Chrome,Tâches diverses,2021-04-06,12:50:43,00:00:06
stefano.crapanzano@chu.ulg.ac.be,c158492 - Tableau de bord - Gitea: Git with a cup of tea - Google Chrome,Tâches diverses,2021-04-06,12:50:59,00:00:03
stefano.crapanzano@chu.ulg.ac.be,localhost - Google Chrome,Tâches diverses,2021-04-06,08:32:11,00:00:06
stefano.crapanzano@chu.ulg.ac.be,Gitea: Git with a cup of tea - Google Chrome,Tâches diverses,2021-04-06,08:32:17,00:00:08
stefano.crapanzano@chu.ulg.ac.be,Gitea: Git with a cup of tea - Google Chrome,Tâches diverses,2021-04-06,08:40:38,00:00:03
stefano.crapanzano@chu.ulg.ac.be,Gitea: Git with a cup of tea - Google Chrome,Tâches diverses,2021-04-06,08:40:53,00:00:03
stefano.crapanzano@chu.ulg.ac.be,Gitea: Git with a cup of tea - Google Chrome,Tâches diverses,2021-04-06,12:15:51,00:00:02
stefano.crapanzano@chu.ulg.ac.be,Demandes - Service d'assistance - Google Chrome,Tâches diverses,2021-04-06,08:32:25,00:00:08
stefano.crapanzano@chu.ulg.ac.be,Demandes - Service d'assistance - Google Chrome,Tâches diverses,2021-04-06,12:52:45,00:00:24
stefano.crapanzano@chu.ulg.ac.be,Demandes - Service d'assistance - Google Chrome,Tâches diverses,2021-04-06,12:53:17,00:00:20
stefano.crapanzano@chu.ulg.ac.be,Demandes - Service d'assistance - Google Chrome,Tâches diverses,2021-04-06,16:32:04,00:23:01
stefano.crapanzano@chu.ulg.ac.be,P203 CHU GOAL - Ajout de la table AUSP dans extract BI - Bienvenue! Vous pouvez poser une demande de Service Desk ERP for HealthCare parmi les options fournies. - Service d'assistance - Google Chrome,Tâches diverses,2021-04-06,08:32:34,00:00:32
stefano.crapanzano@chu.ulg.ac.be,P203 CHU GOAL - Ajout de la table AUSP dans extract BI - Bienvenue! Vous pouvez poser une demande de Service Desk ERP for HealthCare parmi les options fournies. - Service d'assistance - Google Chrome,Tâches diverses,2021-04-06,08:33:59,00:00:04
stefano.crapanzano@chu.ulg.ac.be,P203 CHU GOAL - Ajout de la table AUSP dans extract BI - Bienvenue! Vous pouvez poser une demande de Service Desk ERP for HealthCare parmi les options fournies. - Service d'assistance - Google Chrome,Tâches diverses,2021-04-06,08:36:09,00:00:04
stefano.crapanzano@chu.ulg.ac.be,P203 CHU GOAL - Ajout de la table AUSP dans extract BI - Bienvenue! Vous pouvez poser une demande de Service Desk ERP for HealthCare parmi les options fournies. - Service d'assistance - Google Chrome,Tâches diverses,2021-04-06,08:37:53,00:00:13
stefano.crapanzano@chu.ulg.ac.be,P203 CHU GOAL - Ajout de la table AUSP dans extract BI - Bienvenue! Vous pouvez poser une demande de Service Desk ERP for HealthCare parmi les options fournies. - Service d'assistance - Google Chrome,Tâches diverses,2021-04-06,08:39:24,00:00:04
stefano.crapanzano@chu.ulg.ac.be,P203 CHU GOAL - Ajout de la table AUSP dans extract BI - Bienvenue! Vous pouvez poser une demande de Service Desk ERP for HealthCare parmi les options fournies. - Service d'assistance - Google Chrome,Tâches diverses,2021-04-06,08:39:36,00:00:02
stefano.crapanzano@chu.ulg.ac.be,P203 CHU GOAL - Ajout de la table AUSP dans extract BI - Bienvenue! Vous pouvez poser une demande de Service Desk ERP for HealthCare parmi les options fournies. - Service d'assistance - Google Chrome,Tâches diverses,2021-04-06,08:40:22,00:00:02
stefano.crapanzano@chu.ulg.ac.be,Sans titre - Message (HTML),Helpdesk général,2021-04-06,08:33:11,00:00:04
stefano.crapanzano@chu.ulg.ac.be,Sans titre - Message (HTML),Helpdesk général,2021-04-06,08:41:42,00:00:09
stefano.crapanzano@chu.ulg.ac.be,Sans titre - Message (HTML),Helpdesk général,2021-04-06,08:41:59,00:00:10
stefano.crapanzano@chu.ulg.ac.be,Sans titre - Message (HTML),Helpdesk général,2021-04-06,10:54:44,00:00:04
stefano.crapanzano@chu.ulg.ac.be,Sans titre - Message (HTML),Helpdesk général,2021-04-06,10:55:25,00:01:11
stefano.crapanzano@chu.ulg.ac.be,Sans titre - Message (HTML),Helpdesk général,2021-04-06,10:56:40,00:00:41
stefano.crapanzano@chu.ulg.ac.be,Sans titre - Message (HTML),Helpdesk général,2021-04-06,10:57:36,00:00:52
stefano.crapanzano@chu.ulg.ac.be,Sans titre - Message (HTML),Helpdesk général,2021-04-06,12:07:09,00:00:07
stefano.crapanzano@chu.ulg.ac.be,Sans titre - Message (HTML),Helpdesk général,2021-04-06,15:13:27,00:00:22
stefano.crapanzano@chu.ulg.ac.be,Sans titre - Message (HTML),Helpdesk général,2021-04-06,15:13:59,00:00:16
stefano.crapanzano@chu.ulg.ac.be,Sans titre - Message (HTML),Helpdesk général,2021-04-06,15:14:32,00:01:39
stefano.crapanzano@chu.ulg.ac.be,Sans titre - Message (HTML),Helpdesk général,2021-04-06,15:16:42,00:00:08
stefano.crapanzano@chu.ulg.ac.be,Sans titre - Message (HTML),Helpdesk général,2021-04-06,15:17:15,00:00:31
stefano.crapanzano@chu.ulg.ac.be,Sans titre - Message (HTML),Helpdesk général,2021-04-06,15:17:55,00:00:20
stefano.crapanzano@chu.ulg.ac.be,Sans titre - Message (HTML),Helpdesk général,2021-04-06,15:18:18,00:00:02
stefano.crapanzano@chu.ulg.ac.be,Sans titre - Message (HTML),Helpdesk général,2021-04-06,15:18:25,00:00:13
stefano.crapanzano@chu.ulg.ac.be,Sans titre - Message (HTML),Helpdesk général,2021-04-06,15:19:20,00:00:50
stefano.crapanzano@chu.ulg.ac.be,Sans titre - Message (HTML),Helpdesk général,2021-04-06,15:20:36,00:00:39
stefano.crapanzano@chu.ulg.ac.be,Sans titre - Message (HTML),Helpdesk général,2021-04-06,15:22:09,00:03:56
stefano.crapanzano@chu.ulg.ac.be,Sans titre - Message (HTML),Helpdesk général,2021-04-06,15:26:27,00:02:37
stefano.crapanzano@chu.ulg.ac.be,Sans titre - Message (HTML),Helpdesk général,2021-04-06,15:29:33,00:03:21
stefano.crapanzano@chu.ulg.ac.be,Sans titre - Message (HTML),Helpdesk général,2021-04-06,15:32:57,00:00:02
stefano.crapanzano@chu.ulg.ac.be,Sans titre - Message (HTML),Helpdesk général,2021-04-06,15:33:13,00:00:41
stefano.crapanzano@chu.ulg.ac.be,Sans titre - Message (HTML),Helpdesk général,2021-04-06,15:33:59,00:00:27
stefano.crapanzano@chu.ulg.ac.be,Sans titre - Message (HTML),Helpdesk général,2021-04-06,15:34:47,00:02:16
stefano.crapanzano@chu.ulg.ac.be,Sans titre - Message (HTML),Helpdesk général,2021-04-06,15:37:53,00:00:02
stefano.crapanzano@chu.ulg.ac.be,Sans titre - Message (HTML),Helpdesk général,2021-04-06,15:38:01,00:00:13
stefano.crapanzano@chu.ulg.ac.be,Sans titre - Message (HTML),Helpdesk général,2021-04-06,15:38:27,00:00:02
stefano.crapanzano@chu.ulg.ac.be,Sans titre - Message (HTML),Helpdesk général,2021-04-06,15:39:19,00:00:02
stefano.crapanzano@chu.ulg.ac.be,Sans titre - Message (HTML),Helpdesk général,2021-04-06,15:39:31,00:00:04
stefano.crapanzano@chu.ulg.ac.be,Sans titre - Message (HTML),Helpdesk général,2021-04-06,15:39:41,00:00:07
stefano.crapanzano@chu.ulg.ac.be,Sans titre - Message (HTML),Helpdesk général,2021-04-06,15:40:03,00:00:09
stefano.crapanzano@chu.ulg.ac.be,Sans titre - Message (HTML),Helpdesk général,2021-04-06,15:40:15,00:00:11
stefano.crapanzano@chu.ulg.ac.be,AUSP - Message (HTML),Helpdesk général,2021-04-06,08:33:16,00:00:08
stefano.crapanzano@chu.ulg.ac.be,AUSP - Message (HTML),Helpdesk général,2021-04-06,08:33:30,00:00:27
stefano.crapanzano@chu.ulg.ac.be,AUSP - Message (HTML),Helpdesk général,2021-04-06,08:34:03,00:00:03
stefano.crapanzano@chu.ulg.ac.be,AUSP - Message (HTML),Helpdesk général,2021-04-06,08:34:08,00:00:58
stefano.crapanzano@chu.ulg.ac.be,AUSP - Message (HTML),Helpdesk général,2021-04-06,08:35:11,00:00:57
stefano.crapanzano@chu.ulg.ac.be,AUSP - Message (HTML),Helpdesk général,2021-04-06,08:36:14,00:01:33
stefano.crapanzano@chu.ulg.ac.be,taskeng.exe,IT,2021-04-06,08:35:07,00:00:03
stefano.crapanzano@chu.ulg.ac.be,Orthographe : Français (Belgique),Helpdesk général,2021-04-06,15:37:04,00:00:02
stefano.crapanzano@chu.ulg.ac.be,Orthographe : Français (Belgique),Helpdesk général,2021-04-06,15:37:56,00:00:02
stefano.crapanzano@chu.ulg.ac.be,Microsoft Outlook,Helpdesk général,2021-04-06,08:37:50,00:00:02
stefano.crapanzano@chu.ulg.ac.be,Microsoft Outlook,Helpdesk général,2021-04-06,10:58:42,00:00:02
stefano.crapanzano@chu.ulg.ac.be,Microsoft Outlook,Helpdesk général,2021-04-06,12:08:38,00:00:02
stefano.crapanzano@chu.ulg.ac.be,Microsoft Outlook,Helpdesk général,2021-04-06,15:16:40,00:00:02
stefano.crapanzano@chu.ulg.ac.be,Microsoft Outlook,Helpdesk général,2021-04-06,15:19:18,00:00:02
stefano.crapanzano@chu.ulg.ac.be,Microsoft Outlook,Helpdesk général,2021-04-06,15:37:58,00:00:02
stefano.crapanzano@chu.ulg.ac.be,Microsoft Outlook,Helpdesk général,2021-04-06,15:38:15,00:00:03
stefano.crapanzano@chu.ulg.ac.be,Microsoft Outlook,Helpdesk général,2021-04-06,15:38:48,00:00:02
stefano.crapanzano@chu.ulg.ac.be,Microsoft Outlook,Helpdesk général,2021-04-06,15:39:21,00:00:02
stefano.crapanzano@chu.ulg.ac.be,Lecture documentation,Tâches diverses,2021-04-06,08:39:30,00:00:06
stefano.crapanzano@chu.ulg.ac.be,Lecture documentation,Tâches diverses,2021-04-06,09:59:00,00:00:11
stefano.crapanzano@chu.ulg.ac.be,Lecture documentation,Tâches diverses,2021-04-06,10:05:10,00:00:06
stefano.crapanzano@chu.ulg.ac.be,Lecture documentation,Tâches diverses,2021-04-06,10:07:17,00:04:00
stefano.crapanzano@chu.ulg.ac.be,Lecture documentation,Tâches diverses,2021-04-06,10:12:09,00:04:46
stefano.crapanzano@chu.ulg.ac.be,Lecture documentation,Tâches diverses,2021-04-06,10:17:54,00:12:32
stefano.crapanzano@chu.ulg.ac.be,Lecture documentation,Tâches diverses,2021-04-06,10:46:28,00:00:03
stefano.crapanzano@chu.ulg.ac.be,Lecture documentation,Tâches diverses,2021-04-06,11:31:06,00:02:26
stefano.crapanzano@chu.ulg.ac.be,Lecture documentation,Tâches diverses,2021-04-06,11:34:13,00:00:23
stefano.crapanzano@chu.ulg.ac.be,Lecture documentation,Tâches diverses,2021-04-06,12:48:45,00:00:53
stefano.crapanzano@chu.ulg.ac.be,Lecture documentation,Tâches diverses,2021-04-06,12:53:40,00:27:36
stefano.crapanzano@chu.ulg.ac.be,Lecture documentation,Tâches diverses,2021-04-06,14:20:08,00:53:01
stefano.crapanzano@chu.ulg.ac.be,Services,IT,2021-04-06,08:39:41,00:00:02
stefano.crapanzano@chu.ulg.ac.be,LABO - Stock article - Google Chrome,Tâches diverses,2021-04-06,08:40:25,00:00:04
stefano.crapanzano@chu.ulg.ac.be,LABO - Stock article - Google Chrome,Tâches diverses,2021-04-06,12:15:44,00:00:02
stefano.crapanzano@chu.ulg.ac.be,Create a Git repo base on windows shared folder · GitHub - Google Chrome,Tâches diverses,2021-04-06,08:40:31,00:00:07
stefano.crapanzano@chu.ulg.ac.be,Où trouver les fichiers de configuration Git sur Windows et Linux - Google Chrome,Tâches diverses,2021-04-06,08:40:43,00:00:07
stefano.crapanzano@chu.ulg.ac.be,P203 CHU Factures apo non comptabilisée lors du retour apo via la transaction zapo - Bienvenue! Vous pouvez poser une demande de Service Desk ERP for HealthCare parmi les options fournies. - Service d'assistance - Google Chrome,Tâches diverses,2021-04-06,08:40:57,00:00:03
stefano.crapanzano@chu.ulg.ac.be,P203 CHU Factures apo non comptabilisée lors du retour apo via la transaction zapo - Bienvenue! Vous pouvez poser une demande de Service Desk ERP for HealthCare parmi les options fournies. - Service d'assistance - Google Chrome,Tâches diverses,2021-04-06,08:43:13,00:00:08
stefano.crapanzano@chu.ulg.ac.be,P203 CHU Factures apo non comptabilisée lors du retour apo via la transaction zapo - Bienvenue! Vous pouvez poser une demande de Service Desk ERP for HealthCare parmi les options fournies. - Service d'assistance - Google Chrome,Tâches diverses,2021-04-06,10:17:49,00:00:02
stefano.crapanzano@chu.ulg.ac.be,P203 CHU Factures apo non comptabilisée lors du retour apo via la transaction zapo - Bienvenue! Vous pouvez poser une demande de Service Desk ERP for HealthCare parmi les options fournies. - Service d'assistance - Google Chrome,Tâches diverses,2021-04-06,10:49:52,00:01:17
stefano.crapanzano@chu.ulg.ac.be,P203 CHU Factures apo non comptabilisée lors du retour apo via la transaction zapo - Bienvenue! Vous pouvez poser une demande de Service Desk ERP for HealthCare parmi les options fournies. - Service d'assistance - Google Chrome,Tâches diverses,2021-04-06,11:36:37,00:00:02
stefano.crapanzano@chu.ulg.ac.be,P203 CHU Factures apo non comptabilisée lors du retour apo via la transaction zapo - Bienvenue! Vous pouvez poser une demande de Service Desk ERP for HealthCare parmi les options fournies. - Service d'assistance - Google Chrome,Tâches diverses,2021-04-06,12:51:25,00:01:19
stefano.crapanzano@chu.ulg.ac.be,sql - Is there any boolean type in Oracle databases? - Stack Overflow - Google Chrome,Tâches diverses,2021-04-06,08:42:15,00:00:04
stefano.crapanzano@chu.ulg.ac.be,GitHub - wemake-services/wemake-django-template: Bleeding edge django template focused on code quality and security. - Google Chrome,Tâches diverses,2021-04-06,08:42:24,00:00:07
stefano.crapanzano@chu.ulg.ac.be,python - ModuleNotFoundError: No module named Foo - How can I import a model into a Django app's script? - Stack Overflow - Google Chrome,Tâches diverses,2021-04-06,08:42:31,00:00:02
stefano.crapanzano@chu.ulg.ac.be,Administrateur : C:\Windows\System32\cmd.exe,IT,2021-04-06,08:42:56,00:00:02
stefano.crapanzano@chu.ulg.ac.be,Administrateur : C:\Windows\system32\cmd.exe,Helpdesk général,2021-04-06,08:43:01,00:00:04
stefano.crapanzano@chu.ulg.ac.be,Administrateur : C:\Windows\system32\cmd.exe,IT,2021-04-06,11:34:43,00:00:16
stefano.crapanzano@chu.ulg.ac.be,Administrateur : C:\Windows\system32\cmd.exe,IT,2021-04-06,11:35:01,00:00:04
stefano.crapanzano@chu.ulg.ac.be,Administrateur : C:\Windows\system32\cmd.exe,IT,2021-04-06,11:35:09,00:00:04
stefano.crapanzano@chu.ulg.ac.be,Programmation,IT,2021-04-06,08:43:44,00:00:46
stefano.crapanzano@chu.ulg.ac.be,Programmation,IT,2021-04-06,08:44:37,00:00:23
stefano.crapanzano@chu.ulg.ac.be,Programmation,IT,2021-04-06,08:47:31,00:13:24
stefano.crapanzano@chu.ulg.ac.be,Programmation,IT,2021-04-06,09:00:59,00:02:44
stefano.crapanzano@chu.ulg.ac.be,Programmation,IT,2021-04-06,09:03:51,00:00:05
stefano.crapanzano@chu.ulg.ac.be,Programmation,IT,2021-04-06,09:04:08,00:08:25
stefano.crapanzano@chu.ulg.ac.be,Programmation,IT,2021-04-06,09:12:49,00:00:46
stefano.crapanzano@chu.ulg.ac.be,Programmation,IT,2021-04-06,09:13:38,00:00:05
stefano.crapanzano@chu.ulg.ac.be,Programmation,IT,2021-04-06,09:14:24,00:03:16
stefano.crapanzano@chu.ulg.ac.be,Programmation,IT,2021-04-06,09:17:42,00:00:04
stefano.crapanzano@chu.ulg.ac.be,Programmation,IT,2021-04-06,09:18:37,00:20:09
stefano.crapanzano@chu.ulg.ac.be,Programmation,IT,2021-04-06,10:30:29,00:00:04
stefano.crapanzano@chu.ulg.ac.be,Programmation,IT,2021-04-06,10:46:34,00:02:42
stefano.crapanzano@chu.ulg.ac.be,Programmation,IT,2021-04-06,12:16:02,00:01:45
stefano.crapanzano@chu.ulg.ac.be,Programmation,IT,2021-04-06,12:18:39,00:02:03
stefano.crapanzano@chu.ulg.ac.be,Programmation,IT,2021-04-06,12:21:33,00:02:24
stefano.crapanzano@chu.ulg.ac.be,Programmation,IT,2021-04-06,12:24:20,00:00:04
stefano.crapanzano@chu.ulg.ac.be,Programmation,IT,2021-04-06,14:01:30,00:08:20
stefano.crapanzano@chu.ulg.ac.be,Programmation,IT,2021-04-06,14:10:27,00:03:42
stefano.crapanzano@chu.ulg.ac.be,Programmation,IT,2021-04-06,14:14:46,00:00:21
stefano.crapanzano@chu.ulg.ac.be,Programmation,IT,2021-04-06,14:15:09,00:00:03
stefano.crapanzano@chu.ulg.ac.be,Programmation,IT,2021-04-06,15:13:09,00:00:07
stefano.crapanzano@chu.ulg.ac.be,Programmation,IT,2021-04-06,15:18:43,00:00:33
stefano.crapanzano@chu.ulg.ac.be,Programmation,IT,2021-04-06,15:38:40,00:00:05
stefano.crapanzano@chu.ulg.ac.be,Programmation,IT,2021-04-06,15:38:50,00:00:03
stefano.crapanzano@chu.ulg.ac.be,Programmation,IT,2021-04-06,16:55:06,00:05:28
stefano.crapanzano@chu.ulg.ac.be,différence_article_glims_sap_par_matnr.xlsx - Excel,Tâches diverses,2021-04-06,08:45:00,00:02:25
stefano.crapanzano@chu.ulg.ac.be,différence_article_glims_sap_par_matnr.xlsx - Excel,Tâches diverses,2021-04-06,09:03:57,00:00:08
stefano.crapanzano@chu.ulg.ac.be,différence_article_glims_sap_par_matnr.xlsx - Excel,Tâches diverses,2021-04-06,09:13:43,00:00:34
stefano.crapanzano@chu.ulg.ac.be,différence_article_glims_sap_par_matnr.xlsx - Excel,Tâches diverses,2021-04-06,09:17:47,00:00:07
stefano.crapanzano@chu.ulg.ac.be,différence_article_glims_sap_par_matnr.xlsx - Excel,Tâches diverses,2021-04-06,12:23:57,00:00:07
stefano.crapanzano@chu.ulg.ac.be,différence_article_glims_sap_par_matnr.xlsx - Excel,Tâches diverses,2021-04-06,14:09:50,00:00:06
stefano.crapanzano@chu.ulg.ac.be,différence_article_glims_sap_par_matnr.xlsx - Excel,Tâches diverses,2021-04-06,15:13:49,00:00:08
stefano.crapanzano@chu.ulg.ac.be,différence_article_glims_sap_par_matnr.xlsx - Excel,Tâches diverses,2021-04-06,15:16:17,00:00:20
stefano.crapanzano@chu.ulg.ac.be,différence_article_glims_sap_par_matnr.xlsx - Excel,Tâches diverses,2021-04-06,15:17:48,00:00:05
stefano.crapanzano@chu.ulg.ac.be,différence_article_glims_sap_par_matnr.xlsx - Excel,Tâches diverses,2021-04-06,15:18:16,00:00:02
stefano.crapanzano@chu.ulg.ac.be,différence_article_glims_sap_par_matnr.xlsx - Excel,Tâches diverses,2021-04-06,15:20:13,00:00:02
stefano.crapanzano@chu.ulg.ac.be,différence_article_glims_sap_par_matnr.xlsx - Excel,Tâches diverses,2021-04-06,15:29:07,00:00:09
stefano.crapanzano@chu.ulg.ac.be,différence_article_glims_sap_par_matnr.xlsx - Excel,Tâches diverses,2021-04-06,15:29:19,00:00:13
stefano.crapanzano@chu.ulg.ac.be,différence_article_glims_sap_par_matnr.xlsx - Excel,Tâches diverses,2021-04-06,15:41:59,00:00:56
stefano.crapanzano@chu.ulg.ac.be,différence_article_glims_sap_par_matnr.xlsx - Excel,Tâches diverses,2021-04-06,15:42:58,00:00:21
stefano.crapanzano@chu.ulg.ac.be,différence_article_glims_sap_par_matnr.xlsx - Excel,Tâches diverses,2021-04-06,15:49:53,00:01:54
stefano.crapanzano@chu.ulg.ac.be,différence_article_glims_sap_par_matnr.xlsx - Excel,Tâches diverses,2021-04-06,15:53:54,00:00:51
stefano.crapanzano@chu.ulg.ac.be,différence_article_glims_sap_par_matnr.xlsx - Excel,Tâches diverses,2021-04-06,16:29:01,00:02:27
stefano.crapanzano@chu.ulg.ac.be,Microsoft Excel,Tâches diverses,2021-04-06,08:47:25,00:00:02
stefano.crapanzano@chu.ulg.ac.be,Microsoft Excel,Tâches diverses,2021-04-06,09:14:18,00:00:02
stefano.crapanzano@chu.ulg.ac.be,Microsoft Excel,Tâches diverses,2021-04-06,14:09:56,00:00:02
stefano.crapanzano@chu.ulg.ac.be,Microsoft Excel,Tâches diverses,2021-04-06,15:16:12,00:00:03
stefano.crapanzano@chu.ulg.ac.be,Harpège Download_tables_SaaS_SAP_V13.xlsx - Excel,Tâches diverses,2021-04-06,08:47:28,00:00:03
stefano.crapanzano@chu.ulg.ac.be,Harpège Download_tables_SaaS_SAP_V13.xlsx - Excel,Tâches diverses,2021-04-06,09:14:21,00:00:02
stefano.crapanzano@chu.ulg.ac.be,Drafts - erp.sai@chuliege.be - Outlook,Helpdesk général,2021-04-06,09:39:03,00:19:42
stefano.crapanzano@chu.ulg.ac.be,C:\Users\c158492\AppData\Local\Temp\Temp1_AUSP_test2.zip\CABN - Notepad++ [Administrator],IT,2021-04-06,09:59:24,00:00:07
stefano.crapanzano@chu.ulg.ac.be,C:\Users\c158492\AppData\Local\Temp\Temp1_AUSP_test2.zip\CABN - Notepad++ [Administrator],IT,2021-04-06,10:00:11,00:00:02
stefano.crapanzano@chu.ulg.ac.be,C:\Users\c158492\AppData\Local\Temp\Temp1_AUSP_test2.zip\CABN - Notepad++ [Administrator],IT,2021-04-06,10:00:59,00:00:33
stefano.crapanzano@chu.ulg.ac.be,C:\Users\c158492\AppData\Local\Temp\Temp1_AUSP_test2.zip\CABN - Notepad++ [Administrator],IT,2021-04-06,10:02:13,00:00:34
stefano.crapanzano@chu.ulg.ac.be,C:\Users\c158492\AppData\Local\Temp\Temp1_AUSP_test2.zip\CABN - Notepad++ [Administrator],IT,2021-04-06,10:02:57,00:00:18
stefano.crapanzano@chu.ulg.ac.be,C:\Users\c158492\AppData\Local\Temp\Temp1_AUSP_test2.zip\CABN - Notepad++ [Administrator],IT,2021-04-06,10:03:55,00:00:09
stefano.crapanzano@chu.ulg.ac.be,C:\Users\c158492\AppData\Local\Temp\Temp1_AUSP_test2.zip\CABN - Notepad++ [Administrator],IT,2021-04-06,10:04:33,00:00:13
stefano.crapanzano@chu.ulg.ac.be,C:\Users\c158492\AppData\Local\Temp\Temp1_AUSP_test2.zip\CABN - Notepad++ [Administrator],IT,2021-04-06,10:05:54,00:00:09
stefano.crapanzano@chu.ulg.ac.be,C:\Users\c158492\AppData\Local\Temp\Temp1_AUSP_test2.zip\CABN - Notepad++ [Administrator],IT,2021-04-06,10:06:10,00:00:03
stefano.crapanzano@chu.ulg.ac.be,C:\Users\c158492\AppData\Local\Temp\Temp1_AUSP_test2.zip\CABN - Notepad++ [Administrator],IT,2021-04-06,10:06:36,00:00:06
stefano.crapanzano@chu.ulg.ac.be,C:\Users\c158492\AppData\Local\Temp\Temp1_AUSP_test2.zip\CABN - Notepad++ [Administrator],IT,2021-04-06,10:07:01,00:00:08
stefano.crapanzano@chu.ulg.ac.be,Rechercher,IT,2021-04-06,09:59:31,00:00:13
stefano.crapanzano@chu.ulg.ac.be,Rechercher,IT,2021-04-06,10:06:03,00:00:07
stefano.crapanzano@chu.ulg.ac.be,C:\Users\c158492\AppData\Local\Temp\Temp1_AUSP_test2.zip\CAWN - Notepad++ [Administrator],IT,2021-04-06,09:59:58,00:00:13
stefano.crapanzano@chu.ulg.ac.be,C:\Users\c158492\AppData\Local\Temp\Temp1_AUSP_test2.zip\CAWN - Notepad++ [Administrator],IT,2021-04-06,10:05:31,00:00:22
stefano.crapanzano@chu.ulg.ac.be,C:\Users\c158492\AppData\Local\Temp\Temp1_AUSP_test2.zip\CAWN - Notepad++ [Administrator],IT,2021-04-06,10:06:43,00:00:18
stefano.crapanzano@chu.ulg.ac.be,C:\Users\c158492\AppData\Local\Temp\Temp1_AUSP_test2.zip\AUSP - Notepad++ [Administrator],IT,2021-04-06,10:00:26,00:00:15
stefano.crapanzano@chu.ulg.ac.be,C:\Users\c158492\AppData\Local\Temp\Temp1_AUSP_test2.zip\AUSP - Notepad++ [Administrator],IT,2021-04-06,10:01:33,00:00:40
stefano.crapanzano@chu.ulg.ac.be,C:\Users\c158492\AppData\Local\Temp\Temp1_AUSP_test2.zip\AUSP - Notepad++ [Administrator],IT,2021-04-06,10:02:48,00:00:08
stefano.crapanzano@chu.ulg.ac.be,C:\Users\c158492\AppData\Local\Temp\Temp1_AUSP_test2.zip\AUSP - Notepad++ [Administrator],IT,2021-04-06,10:03:15,00:00:40
stefano.crapanzano@chu.ulg.ac.be,C:\Users\c158492\AppData\Local\Temp\Temp1_AUSP_test2.zip\AUSP - Notepad++ [Administrator],IT,2021-04-06,10:04:05,00:00:27
stefano.crapanzano@chu.ulg.ac.be,C:\Users\c158492\AppData\Local\Temp\Temp1_AUSP_test2.zip\AUSP - Notepad++ [Administrator],IT,2021-04-06,10:04:46,00:00:22
stefano.crapanzano@chu.ulg.ac.be,C:\Users\c158492\AppData\Local\Temp\Temp1_AUSP_test2.zip\AUSP - Notepad++ [Administrator],IT,2021-04-06,10:06:14,00:00:15
stefano.crapanzano@chu.ulg.ac.be,C:\Users\c158492\AppData\Local\Temp\Temp1_AUSP_test2.zip\AUSP - Notepad++ [Administrator],IT,2021-04-06,10:06:32,00:00:04
stefano.crapanzano@chu.ulg.ac.be,C:\Users\c158492\AppData\Local\Temp\Temp1_AUSP_test2.zip\AUSP - Notepad++ [Administrator],IT,2021-04-06,10:07:10,00:00:05
stefano.crapanzano@chu.ulg.ac.be,Didier BARE - erp.sai@chuliege.be - Outlook,Helpdesk général,2021-04-06,10:17:13,00:00:26
stefano.crapanzano@chu.ulg.ac.be,Didier BARE - erp.sai@chuliege.be - Outlook,Helpdesk général,2021-04-06,12:41:06,00:00:07
stefano.crapanzano@chu.ulg.ac.be,Stefano CRAPANZANO - erp.sai@chuliege.be - Outlook,Helpdesk général,2021-04-06,10:17:40,00:00:09
stefano.crapanzano@chu.ulg.ac.be,Stefano CRAPANZANO - erp.sai@chuliege.be - Outlook,Helpdesk général,2021-04-06,10:30:36,00:00:03
stefano.crapanzano@chu.ulg.ac.be,SAP Logon 750,Exploration SAP,2021-04-06,10:49:34,00:00:03
stefano.crapanzano@chu.ulg.ac.be,SAP Logon 750,Exploration SAP,2021-04-06,10:51:19,00:00:04
stefano.crapanzano@chu.ulg.ac.be,SAP Logon 750,Exploration SAP,2021-04-06,10:51:38,00:00:06
stefano.crapanzano@chu.ulg.ac.be,SAP Logon 750,Exploration SAP,2021-04-06,10:51:46,00:00:03
stefano.crapanzano@chu.ulg.ac.be,SAP Logon 750,Exploration SAP,2021-04-06,10:54:53,00:00:04
stefano.crapanzano@chu.ulg.ac.be,SAP Logon 750,Exploration SAP,2021-04-06,10:57:23,00:00:04
stefano.crapanzano@chu.ulg.ac.be,SAP Logon 750,Helpdesk général,2021-04-06,10:57:33,00:00:02
stefano.crapanzano@chu.ulg.ac.be,SAP Logon 750,Exploration SAP,2021-04-06,10:59:49,00:00:03
stefano.crapanzano@chu.ulg.ac.be,SAP Logon 750,Exploration SAP,2021-04-06,11:06:25,00:00:06
stefano.crapanzano@chu.ulg.ac.be,SAP Logon 750,Exploration SAP,2021-04-06,11:11:52,00:00:02
stefano.crapanzano@chu.ulg.ac.be,SAP Logon 750,Exploration SAP,2021-04-06,11:17:32,00:00:04
stefano.crapanzano@chu.ulg.ac.be,SAP Logon 750,Exploration SAP,2021-04-06,11:20:09,00:00:04
stefano.crapanzano@chu.ulg.ac.be,SAP Logon 750,Exploration SAP,2021-04-06,11:21:36,00:00:05
stefano.crapanzano@chu.ulg.ac.be,SAP Logon 750,Exploration SAP,2021-04-06,11:21:58,00:00:02
stefano.crapanzano@chu.ulg.ac.be,SAP Logon 750,Exploration SAP,2021-04-06,11:22:42,00:00:06
stefano.crapanzano@chu.ulg.ac.be,SAP Logon 750,Exploration SAP,2021-04-06,11:23:35,00:00:08
stefano.crapanzano@chu.ulg.ac.be,SAP Logon 750,Exploration SAP,2021-04-06,11:24:14,00:00:04
stefano.crapanzano@chu.ulg.ac.be,SAP Logon 750,Exploration SAP,2021-04-06,11:24:20,00:00:02
stefano.crapanzano@chu.ulg.ac.be,SAP Logon 750,Exploration SAP,2021-04-06,11:24:24,00:00:02
stefano.crapanzano@chu.ulg.ac.be,SAP Logon 750,Exploration SAP,2021-04-06,11:24:47,00:00:02
stefano.crapanzano@chu.ulg.ac.be,SAP Logon 750,Exploration SAP,2021-04-06,11:26:15,00:00:07
stefano.crapanzano@chu.ulg.ac.be,SAP Logon 750,Exploration SAP,2021-04-06,11:26:28,00:00:03
stefano.crapanzano@chu.ulg.ac.be,SAP Logon 750,Helpdesk général,2021-04-06,11:27:43,00:00:06
stefano.crapanzano@chu.ulg.ac.be,SAP Logon 750,Exploration SAP,2021-04-06,11:28:28,00:00:08
stefano.crapanzano@chu.ulg.ac.be,SAP Logon 750,Exploration SAP,2021-04-06,11:28:39,00:00:08
stefano.crapanzano@chu.ulg.ac.be,SAP Logon 750,Exploration SAP,2021-04-06,11:30:41,00:00:03
stefano.crapanzano@chu.ulg.ac.be,SAP Logon 750,Exploration SAP,2021-04-06,11:31:00,00:00:03
stefano.crapanzano@chu.ulg.ac.be,SAP Logon 750,Exploration SAP,2021-04-06,11:35:06,00:00:03
stefano.crapanzano@chu.ulg.ac.be,SAP Logon 750,Exploration SAP,2021-04-06,11:35:14,00:00:07
stefano.crapanzano@chu.ulg.ac.be,SAP Logon 750,Exploration SAP,2021-04-06,11:35:27,00:00:07
stefano.crapanzano@chu.ulg.ac.be,SAP Logon 750,Exploration SAP,2021-04-06,11:38:19,00:00:04
stefano.crapanzano@chu.ulg.ac.be,SAP Logon 750,Exploration SAP,2021-04-06,11:38:38,00:00:04
stefano.crapanzano@chu.ulg.ac.be,SAP Logon 750,Exploration SAP,2021-04-06,11:39:02,00:00:04
stefano.crapanzano@chu.ulg.ac.be,SAP Logon 750,Exploration SAP,2021-04-06,11:39:29,00:00:05
stefano.crapanzano@chu.ulg.ac.be,SAP Logon 750,Exploration SAP,2021-04-06,11:39:46,00:00:07
stefano.crapanzano@chu.ulg.ac.be,SAP Logon 750,Exploration SAP,2021-04-06,11:40:07,00:00:07
stefano.crapanzano@chu.ulg.ac.be,SAP Logon 750,Exploration SAP,2021-04-06,11:42:47,00:00:02
stefano.crapanzano@chu.ulg.ac.be,SAP Logon 750,Exploration SAP,2021-04-06,11:52:02,00:00:04
stefano.crapanzano@chu.ulg.ac.be,SAP Logon 750,Exploration SAP,2021-04-06,11:52:45,00:00:06
stefano.crapanzano@chu.ulg.ac.be,SAP Logon 750,Exploration SAP,2021-04-06,11:53:23,00:00:02
stefano.crapanzano@chu.ulg.ac.be,SAP Logon 750,Exploration SAP,2021-04-06,11:53:51,00:00:06
stefano.crapanzano@chu.ulg.ac.be,SAP Logon 750,Exploration SAP,2021-04-06,11:56:12,00:00:08
stefano.crapanzano@chu.ulg.ac.be,SAP Logon 750,Exploration SAP,2021-04-06,11:56:29,00:00:03
stefano.crapanzano@chu.ulg.ac.be,SAP Logon 750,Exploration SAP,2021-04-06,12:00:36,00:00:03
stefano.crapanzano@chu.ulg.ac.be,SAP Logon 750,Exploration SAP,2021-04-06,12:00:48,00:00:09
stefano.crapanzano@chu.ulg.ac.be,SAP Logon 750,Exploration SAP,2021-04-06,12:01:44,00:00:03
stefano.crapanzano@chu.ulg.ac.be,SAP Logon 750,Exploration SAP,2021-04-06,12:01:50,00:00:03
stefano.crapanzano@chu.ulg.ac.be,SAP Logon 750,Exploration SAP,2021-04-06,12:01:55,00:00:02
stefano.crapanzano@chu.ulg.ac.be,SAP Logon 750,Exploration SAP,2021-04-06,12:02:00,00:00:04
stefano.crapanzano@chu.ulg.ac.be,SAP Logon 750,Exploration SAP,2021-04-06,12:02:05,00:00:03
stefano.crapanzano@chu.ulg.ac.be,SAP Logon 750,Exploration SAP,2021-04-06,12:02:32,00:00:02
stefano.crapanzano@chu.ulg.ac.be,SAP Logon 750,Exploration SAP,2021-04-06,12:02:40,00:00:14
stefano.crapanzano@chu.ulg.ac.be,SAP Logon 750,Exploration SAP,2021-04-06,12:03:09,00:00:07
stefano.crapanzano@chu.ulg.ac.be,SAP Logon 750,Exploration SAP,2021-04-06,12:03:59,00:00:08
stefano.crapanzano@chu.ulg.ac.be,SAP Logon 750,Exploration SAP,2021-04-06,12:04:38,00:00:04
stefano.crapanzano@chu.ulg.ac.be,SAP Logon 750,Exploration SAP,2021-04-06,12:12:00,00:00:05
stefano.crapanzano@chu.ulg.ac.be,Options de la SAP GUI - SAP Logon,Exploration SAP,2021-04-06,10:51:23,00:00:14
stefano.crapanzano@chu.ulg.ac.be,Options de la SAP GUI - SAP Logon,Exploration SAP,2021-04-06,10:51:50,00:00:46
stefano.crapanzano@chu.ulg.ac.be,Options de la SAP GUI - SAP Logon,Exploration SAP,2021-04-06,10:53:04,00:00:21
stefano.crapanzano@chu.ulg.ac.be,Options de la SAP GUI - SAP Logon,Exploration SAP,2021-04-06,10:54:51,00:00:02
stefano.crapanzano@chu.ulg.ac.be,Options de la SAP GUI - SAP Logon,Exploration SAP,2021-04-06,10:59:52,00:00:09
stefano.crapanzano@chu.ulg.ac.be,Options de la SAP GUI - SAP Logon,Exploration SAP,2021-04-06,11:17:37,00:00:40
stefano.crapanzano@chu.ulg.ac.be,Options de la SAP GUI - SAP Logon,Exploration SAP,2021-04-06,11:18:54,00:00:07
stefano.crapanzano@chu.ulg.ac.be,Options de la SAP GUI - SAP Logon,Exploration SAP,2021-04-06,11:19:09,00:00:07
stefano.crapanzano@chu.ulg.ac.be,Options de la SAP GUI - SAP Logon,Exploration SAP,2021-04-06,11:19:17,00:00:02
stefano.crapanzano@chu.ulg.ac.be,Options de la SAP GUI - SAP Logon,Exploration SAP,2021-04-06,11:19:21,00:00:16
stefano.crapanzano@chu.ulg.ac.be,Options de la SAP GUI - SAP Logon,Exploration SAP,2021-04-06,11:19:41,00:00:25
stefano.crapanzano@chu.ulg.ac.be,Options de la SAP GUI - SAP Logon,Exploration SAP,2021-04-06,11:20:13,00:01:11
stefano.crapanzano@chu.ulg.ac.be,Options de la SAP GUI - SAP Logon,Exploration SAP,2021-04-06,11:22:48,00:00:12
stefano.crapanzano@chu.ulg.ac.be,Options de la SAP GUI - SAP Logon,Exploration SAP,2021-04-06,11:23:01,00:00:18
stefano.crapanzano@chu.ulg.ac.be,Options de la SAP GUI - SAP Logon,Exploration SAP,2021-04-06,11:23:44,00:00:16
stefano.crapanzano@chu.ulg.ac.be,Options de la SAP GUI - SAP Logon,Exploration SAP,2021-04-06,11:24:04,00:00:09
stefano.crapanzano@chu.ulg.ac.be,Options de la SAP GUI - SAP Logon,Exploration SAP,2021-04-06,11:24:27,00:00:10
stefano.crapanzano@chu.ulg.ac.be,Options de la SAP GUI - SAP Logon,Exploration SAP,2021-04-06,11:24:40,00:00:04
stefano.crapanzano@chu.ulg.ac.be,Options de la SAP GUI - SAP Logon,Exploration SAP,2021-04-06,11:28:47,00:00:05
stefano.crapanzano@chu.ulg.ac.be,Options de la SAP GUI - SAP Logon,Exploration SAP,2021-04-06,11:29:13,00:00:07
stefano.crapanzano@chu.ulg.ac.be,Options de la SAP GUI - SAP Logon,Exploration SAP,2021-04-06,11:29:22,00:00:09
stefano.crapanzano@chu.ulg.ac.be,Options de la SAP GUI - SAP Logon,Exploration SAP,2021-04-06,11:29:33,00:00:09
stefano.crapanzano@chu.ulg.ac.be,Options de la SAP GUI - SAP Logon,Exploration SAP,2021-04-06,11:35:34,00:01:02
stefano.crapanzano@chu.ulg.ac.be,Options de la SAP GUI - SAP Logon,Exploration SAP,2021-04-06,11:39:53,00:00:04
stefano.crapanzano@chu.ulg.ac.be,Options de la SAP GUI - SAP Logon,Exploration SAP,2021-04-06,11:40:00,00:00:03
stefano.crapanzano@chu.ulg.ac.be,Options de la SAP GUI - SAP Logon,Exploration SAP,2021-04-06,11:40:15,00:00:38
stefano.crapanzano@chu.ulg.ac.be,Options de la SAP GUI - SAP Logon,Exploration SAP,2021-04-06,11:40:59,00:01:23
stefano.crapanzano@chu.ulg.ac.be,Options de la SAP GUI - SAP Logon,Exploration SAP,2021-04-06,11:42:41,00:00:06
stefano.crapanzano@chu.ulg.ac.be,Options de la SAP GUI - SAP Logon,Exploration SAP,2021-04-06,12:00:57,00:00:05
stefano.crapanzano@chu.ulg.ac.be,Options de la SAP GUI - SAP Logon,Exploration SAP,2021-04-06,12:01:13,00:00:14
stefano.crapanzano@chu.ulg.ac.be,Options de la SAP GUI - SAP Logon,Exploration SAP,2021-04-06,12:01:29,00:00:02
stefano.crapanzano@chu.ulg.ac.be,Options de la SAP GUI - SAP Logon,Exploration SAP,2021-04-06,12:01:39,00:00:04
stefano.crapanzano@chu.ulg.ac.be,Options de la SAP GUI - SAP Logon,Exploration SAP,2021-04-06,12:02:09,00:00:05
stefano.crapanzano@chu.ulg.ac.be,Options de la SAP GUI - SAP Logon,Exploration SAP,2021-04-06,12:02:29,00:00:02
stefano.crapanzano@chu.ulg.ac.be,Options de la SAP GUI - SAP Logon,Exploration SAP,2021-04-06,12:02:54,00:00:10
stefano.crapanzano@chu.ulg.ac.be,Options de la SAP GUI - SAP Logon,Exploration SAP,2021-04-06,12:03:16,00:00:05
stefano.crapanzano@chu.ulg.ac.be,Connexion au système,Exploration SAP,2021-04-06,10:51:44,00:00:02
stefano.crapanzano@chu.ulg.ac.be,Greenshot capture form,Helpdesk général,2021-04-06,10:53:26,00:00:09
stefano.crapanzano@chu.ulg.ac.be,Greenshot capture form,Helpdesk général,2021-04-06,10:54:58,00:00:08
stefano.crapanzano@chu.ulg.ac.be,Greenshot capture form,Helpdesk général,2021-04-06,10:57:28,00:00:05
stefano.crapanzano@chu.ulg.ac.be,Greenshot capture form,Helpdesk général,2021-04-06,15:20:25,00:00:08
stefano.crapanzano@chu.ulg.ac.be,Greenshot capture form,Helpdesk général,2021-04-06,15:33:05,00:00:06
stefano.crapanzano@chu.ulg.ac.be,Greenshot Éditeur d'Image,Helpdesk général,2021-04-06,10:53:37,00:00:59
stefano.crapanzano@chu.ulg.ac.be,Greenshot Éditeur d'Image,Helpdesk général,2021-04-06,10:55:07,00:00:16
stefano.crapanzano@chu.ulg.ac.be,Greenshot Éditeur d'Image,Helpdesk général,2021-04-06,11:09:34,00:00:02
stefano.crapanzano@chu.ulg.ac.be,connexion SAP - Message (HTML),Helpdesk général,2021-04-06,10:58:29,00:00:12
stefano.crapanzano@chu.ulg.ac.be,PARMANTIER Nathalie,Helpdesk général,2021-04-06,11:05:55,00:00:08
stefano.crapanzano@chu.ulg.ac.be,Trash - erp.sai@chuliege.be - Outlook,Helpdesk général,2021-04-06,11:11:05,00:00:06
stefano.crapanzano@chu.ulg.ac.be,\\appsaiadm.st.chulg\ERP\Config\saplogon.ini - Notepad++ [Administrator],IT,2021-04-06,11:12:02,00:00:02
stefano.crapanzano@chu.ulg.ac.be,\\appsaiadm.st.chulg\ERP\Config\saplogon.ini - Notepad++ [Administrator],IT,2021-04-06,11:44:14,00:00:18
stefano.crapanzano@chu.ulg.ac.be,\\appsaiadm.st.chulg\ERP\Config\saplogon.ini - Notepad++ [Administrator],IT,2021-04-06,11:51:38,00:00:13
stefano.crapanzano@chu.ulg.ac.be,\\appsaiadm.st.chulg\ERP\Config\saplogon.ini - Notepad++ [Administrator],IT,2021-04-06,12:03:26,00:00:03
stefano.crapanzano@chu.ulg.ac.be,RE: connexion SAP - Message (HTML),Helpdesk général,2021-04-06,11:12:15,00:00:38
stefano.crapanzano@chu.ulg.ac.be,RE: connexion SAP - Message (HTML),Helpdesk général,2021-04-06,11:13:10,00:04:18
stefano.crapanzano@chu.ulg.ac.be,Options de la SAP GUI,Exploration SAP,2021-04-06,11:19:01,00:00:07
stefano.crapanzano@chu.ulg.ac.be,Options de la SAP GUI,Exploration SAP,2021-04-06,11:19:37,00:00:03
stefano.crapanzano@chu.ulg.ac.be,Netop Invité,Helpdesk général,2021-04-06,11:22:08,00:00:03
stefano.crapanzano@chu.ulg.ac.be,Netop Invité,Helpdesk général,2021-04-06,11:22:22,00:00:03
stefano.crapanzano@chu.ulg.ac.be,Netop Invité,Helpdesk général,2021-04-06,11:23:32,00:00:03
stefano.crapanzano@chu.ulg.ac.be,Netop Invité,Helpdesk général,2021-04-06,11:45:23,00:00:25
stefano.crapanzano@chu.ulg.ac.be,Options de la SAP Logon,Exploration SAP,2021-04-06,11:23:19,00:00:07
stefano.crapanzano@chu.ulg.ac.be,Options de la SAP Logon,Exploration SAP,2021-04-06,11:24:00,00:00:03
stefano.crapanzano@chu.ulg.ac.be,Options de la SAP Logon,Exploration SAP,2021-04-06,11:24:38,00:00:02
stefano.crapanzano@chu.ulg.ac.be,Options de la SAP Logon,Exploration SAP,2021-04-06,11:29:20,00:00:02
stefano.crapanzano@chu.ulg.ac.be,Informations sur la SAP Logon,Exploration SAP,2021-04-06,11:23:27,00:00:04
stefano.crapanzano@chu.ulg.ac.be,Supprimer entrée système,Exploration SAP,2021-04-06,11:24:22,00:00:02
stefano.crapanzano@chu.ulg.ac.be,Informations de version SAP,Exploration SAP,2021-04-06,11:35:21,00:00:06
stefano.crapanzano@chu.ulg.ac.be,Nouvel onglet - Google Chrome,Tâches diverses,2021-04-06,11:36:39,00:00:07
stefano.crapanzano@chu.ulg.ac.be,Nouvel onglet - Google Chrome,Tâches diverses,2021-04-06,12:20:43,00:00:12
stefano.crapanzano@chu.ulg.ac.be,Nouvel onglet - Google Chrome,Tâches diverses,2021-04-06,12:48:23,00:00:03
stefano.crapanzano@chu.ulg.ac.be,saplogon 750 ini file - Recherche Google - Google Chrome,Tâches diverses,2021-04-06,11:36:47,00:00:06
stefano.crapanzano@chu.ulg.ac.be,saplogon 750 ini file - Recherche Google - Google Chrome,Tâches diverses,2021-04-06,12:28:46,00:00:08
stefano.crapanzano@chu.ulg.ac.be,saplogon 750 ini file - Recherche Google - Google Chrome,Tâches diverses,2021-04-06,12:51:03,00:00:03
stefano.crapanzano@chu.ulg.ac.be,I installed SapGui 7.50 but connections to my sap systems not appears! | SAP Community - Google Chrome,Tâches diverses,2021-04-06,11:36:53,00:00:20
stefano.crapanzano@chu.ulg.ac.be,I installed SapGui 7.50 but connections to my sap systems not appears! | SAP Community - Google Chrome,Tâches diverses,2021-04-06,11:52:56,00:00:11
stefano.crapanzano@chu.ulg.ac.be,I installed SapGui 7.50 but connections to my sap systems not appears! | SAP Community - Google Chrome,Tâches diverses,2021-04-06,11:53:26,00:00:13
stefano.crapanzano@chu.ulg.ac.be,I installed SapGui 7.50 but connections to my sap systems not appears! | SAP Community - Google Chrome,Tâches diverses,2021-04-06,11:53:49,00:00:02
stefano.crapanzano@chu.ulg.ac.be,I installed SapGui 7.50 but connections to my sap systems not appears! | SAP Community - Google Chrome,Tâches diverses,2021-04-06,11:53:57,00:01:20
stefano.crapanzano@chu.ulg.ac.be,I installed SapGui 7.50 but connections to my sap systems not appears! | SAP Community - Google Chrome,Tâches diverses,2021-04-06,12:15:39,00:00:03
stefano.crapanzano@chu.ulg.ac.be,I installed SapGui 7.50 but connections to my sap systems not appears! | SAP Community - Google Chrome,Tâches diverses,2021-04-06,12:27:14,00:01:31
stefano.crapanzano@chu.ulg.ac.be,Conserver un fichier non existant,IT,2021-04-06,11:37:31,00:00:04
stefano.crapanzano@chu.ulg.ac.be,C:\Users\c158492\AppData\Roaming\SAP\Common\saplogon.ini - Notepad++ [Administrator],IT,2021-04-06,11:37:36,00:00:03
stefano.crapanzano@chu.ulg.ac.be,C:\Users\c158492\AppData\Roaming\SAP\Common\saplogon.ini - Notepad++ [Administrator],IT,2021-04-06,11:42:26,00:00:08
stefano.crapanzano@chu.ulg.ac.be,*new 2 - Notepad++ [Administrator],IT,2021-04-06,11:51:51,00:00:11
stefano.crapanzano@chu.ulg.ac.be,*new 2 - Notepad++ [Administrator],IT,2021-04-06,11:52:07,00:00:02
stefano.crapanzano@chu.ulg.ac.be,\\appsaiadm.st.chulg\ERP\Config\sapshortcut.ini - Notepad++ [Administrator],IT,2021-04-06,11:44:10,00:00:02
stefano.crapanzano@chu.ulg.ac.be,SAP Easy Access Menu de base Applications financières-économiques,Exploration SAP,2021-04-06,11:56:20,00:00:02
stefano.crapanzano@chu.ulg.ac.be,Fin de session,Exploration SAP,2021-04-06,11:56:23,00:00:06
stefano.crapanzano@chu.ulg.ac.be,Save,IT,2021-04-06,12:03:31,00:00:03
stefano.crapanzano@chu.ulg.ac.be,Saplogon - OneNote,Helpdesk général,2021-04-06,12:08:41,00:00:02
stefano.crapanzano@chu.ulg.ac.be,SAPGUI 750 - Message (HTML),Helpdesk général,2021-04-06,12:07:16,00:00:08
stefano.crapanzano@chu.ulg.ac.be,SAPGUI 750 - Message (HTML),Helpdesk général,2021-04-06,12:07:29,00:01:07
stefano.crapanzano@chu.ulg.ac.be,Sélectionnez l’objet utilisateur à changer | Site d’administration de Django - Google Chrome,Tâches diverses,2021-04-06,12:15:49,00:00:02
stefano.crapanzano@chu.ulg.ac.be,Connexion - Gitea: Git with a cup of tea - Google Chrome,Tâches diverses,2021-04-06,12:15:53,00:00:04
stefano.crapanzano@chu.ulg.ac.be,c158492/goal_project - goal_project - Gitea: Git with a cup of tea - Google Chrome,Tâches diverses,2021-04-06,12:17:51,00:00:09
stefano.crapanzano@chu.ulg.ac.be,c158492/goal_project - goal_project - Gitea: Git with a cup of tea - Google Chrome,Tâches diverses,2021-04-06,12:18:17,00:00:07
stefano.crapanzano@chu.ulg.ac.be,c158492/goal_project - goal_project - Gitea: Git with a cup of tea - Google Chrome,Tâches diverses,2021-04-06,12:24:31,00:00:15
stefano.crapanzano@chu.ulg.ac.be,c158492/goal_project - goal_project - Gitea: Git with a cup of tea - Google Chrome,Tâches diverses,2021-04-06,12:24:54,00:00:06
stefano.crapanzano@chu.ulg.ac.be,c158492/goal_project - goal/comparison_from_query.py at master - goal_project - Gitea: Git with a cup of tea - Google Chrome,Tâches diverses,2021-04-06,12:18:00,00:00:16
stefano.crapanzano@chu.ulg.ac.be,c158492/goal_project - goal/comparaison_article_sap_glims/utils.py at master - goal_project - Gitea: Git with a cup of tea - Google Chrome,Tâches diverses,2021-04-06,12:18:24,00:00:13
stefano.crapanzano@chu.ulg.ac.be,c158492/goal_project - goal/comparaison_article_sap_glims/utils.py at master - goal_project - Gitea: Git with a cup of tea - Google Chrome,Tâches diverses,2021-04-06,12:24:27,00:00:03
stefano.crapanzano@chu.ulg.ac.be,don't follow change on file git - Recherche Google - Google Chrome,Tâches diverses,2021-04-06,12:20:56,00:00:11
stefano.crapanzano@chu.ulg.ac.be,Keep file in a Git repo  but don't track changes - Stack Overflow - Google Chrome,Tâches diverses,2021-04-06,12:21:07,00:00:25
stefano.crapanzano@chu.ulg.ac.be,Keep file in a Git repo  but don't track changes - Stack Overflow - Google Chrome,Tâches diverses,2021-04-06,12:24:25,00:00:02
stefano.crapanzano@chu.ulg.ac.be,c158492 - Gitea: Git with a cup of tea - Google Chrome,Tâches diverses,2021-04-06,12:24:47,00:00:07
stefano.crapanzano@chu.ulg.ac.be,c158492 - Gitea: Git with a cup of tea - Google Chrome,Tâches diverses,2021-04-06,12:25:00,00:00:09
stefano.crapanzano@chu.ulg.ac.be,c158492 - Gitea: Git with a cup of tea - Google Chrome,Tâches diverses,2021-04-06,12:25:50,00:00:03
stefano.crapanzano@chu.ulg.ac.be,Jalons - Gitea: Git with a cup of tea - Google Chrome,Tâches diverses,2021-04-06,12:25:12,00:00:14
stefano.crapanzano@chu.ulg.ac.be,Notifications - Gitea: Git with a cup of tea - Google Chrome,Tâches diverses,2021-04-06,12:25:26,00:00:03
stefano.crapanzano@chu.ulg.ac.be,Explorateur - Gitea: Git with a cup of tea - Google Chrome,Tâches diverses,2021-04-06,12:25:31,00:00:08
stefano.crapanzano@chu.ulg.ac.be,Explorateur - Gitea: Git with a cup of tea - Google Chrome,Tâches diverses,2021-04-06,12:26:14,00:00:02
stefano.crapanzano@chu.ulg.ac.be,Explorateur - Gitea: Git with a cup of tea - Google Chrome,Tâches diverses,2021-04-06,12:50:40,00:00:02
stefano.crapanzano@chu.ulg.ac.be,Internal Server Error - test - Gitea: Git with a cup of tea - Google Chrome,Tâches diverses,2021-04-06,12:26:06,00:00:02
stefano.crapanzano@chu.ulg.ac.be,Internal Server Error - test - Gitea: Git with a cup of tea - Google Chrome,Tâches diverses,2021-04-06,12:26:17,00:00:04
stefano.crapanzano@chu.ulg.ac.be,Internal Server Error - test - Gitea: Git with a cup of tea - Google Chrome,Tâches diverses,2021-04-06,12:48:11,00:00:07
stefano.crapanzano@chu.ulg.ac.be,Paramètres - Gitea: Git with a cup of tea - Google Chrome,Tâches diverses,2021-04-06,12:26:22,00:00:36
stefano.crapanzano@chu.ulg.ac.be,(1) faire un job qui contrôle ZI103 - To Do - Google Chrome,Tâches diverses,2021-04-06,12:51:11,00:00:06
stefano.crapanzano@chu.ulg.ac.be,faire un job qui contrôle ZI103 - To Do - Google Chrome,Tâches diverses,2021-04-06,12:51:17,00:00:08
stefano.crapanzano@chu.ulg.ac.be,CLONE - P203 CHU ZWM_KAMO ne donne pas un WEGZET correct - Bienvenue! Vous pouvez poser une demande de Service Desk ERP for HealthCare parmi les options fournies. - Service d'assistance - Google Chrome,Tâches diverses,2021-04-06,12:53:09,00:00:08
stefano.crapanzano@chu.ulg.ac.be,C:\Users\c158492\AppData\Local\Microsoft\Windows\Temporary Internet Files\Content.Outlook\SUHESELV\difference_article_glims_sap_classe_par_matnr (003).log - Notepad++ [Administrator],IT,2021-04-06,15:16:51,00:00:21
stefano.crapanzano@chu.ulg.ac.be,C:\Users\c158492\AppData\Local\Microsoft\Windows\Temporary Internet Files\Content.Outlook\SUHESELV\difference_article_glims_sap_classe_par_matnr (003).log - Notepad++ [Administrator],IT,2021-04-06,15:18:20,00:00:04
stefano.crapanzano@chu.ulg.ac.be,C:\Users\c158492\AppData\Local\Microsoft\Windows\Temporary Internet Files\Content.Outlook\SUHESELV\difference_article_glims_sap_classe_par_matnr (003).log - Notepad++ [Administrator],IT,2021-04-06,15:52:01,00:00:02
stefano.crapanzano@chu.ulg.ac.be,C:\Users\c158492\Downloads\custom\conf\app.ini - Notepad++ [Administrator],IT,2021-04-06,15:17:12,00:00:02
stefano.crapanzano@chu.ulg.ac.be,C:\Users\c158492\Downloads\custom\conf\app.ini - Notepad++ [Administrator],IT,2021-04-06,15:53:51,00:00:02
stefano.crapanzano@chu.ulg.ac.be,comparaison_chargement_AE2_vs_GLIMSTEST2.xlsx  [Lecture seule] - Excel,Tâches diverses,2021-04-06,15:20:19,00:00:06
stefano.crapanzano@chu.ulg.ac.be,comparaison_chargement_AE2_vs_GLIMSTEST2.xlsx  [Lecture seule] - Excel,Tâches diverses,2021-04-06,15:33:02,00:00:03
stefano.crapanzano@chu.ulg.ac.be,comparaison articles glims / sap - Message (HTML),Helpdesk général,2021-04-06,15:38:19,00:00:05
stefano.crapanzano@chu.ulg.ac.be,comparaison articles glims / sap - Message (HTML),Helpdesk général,2021-04-06,15:38:31,00:00:04
stefano.crapanzano@chu.ulg.ac.be,comparaison articles glims / sap - Message (HTML),Helpdesk général,2021-04-06,15:38:56,00:00:09
stefano.crapanzano@chu.ulg.ac.be,comparaison articles glims / sap - Message (HTML),Helpdesk général,2021-04-06,15:39:12,00:00:02
stefano.crapanzano@chu.ulg.ac.be,comparaison articles GLIMS / SAP - Message (HTML),Helpdesk général,2021-04-06,15:40:28,00:00:02
stefano.crapanzano@chu.ulg.ac.be,C:\Users\c158492\AppData\Local\Microsoft\Windows\Temporary Internet Files\Content.Outlook\SUHESELV\difference_article_glims_sap_classe_par_matnr (002).log - Notepad++ [Administrator],IT,2021-04-06,15:51:51,00:00:09
stefano.crapanzano@chu.ulg.ac.be,C:\Users\c158492\AppData\Local\Microsoft\Windows\Temporary Internet Files\Content.Outlook\SUHESELV\difference_article_glims_sap_classe_par_erreur_colonne (002).log - Notepad++ [Administrator],IT,2021-04-06,15:58:48,00:00:16
stefano.crapanzano@chu.ulg.ac.be,différence_article_glims_sap_par_matnr (002).xlsx  [Mode protégé] - Excel,Tâches diverses,2021-04-06,16:28:11,00:00:49
