Email,Description,Project,Start date,Start time,Duration
stefano.crapanzano@chu.ulg.ac.be,Administrateur : Perl (command line) - python  main.py,IT,2021-02-09,08:26:13,00:00:03
stefano.crapanzano@chu.ulg.ac.be,Administrateur : Perl (command line) - python  main.py,IT,2021-02-09,12:04:11,00:00:02
stefano.crapanzano@chu.ulg.ac.be,Administrateur : Perl (command line) - python  main.py,IT,2021-02-09,17:02:34,00:00:03
stefano.crapanzano@chu.ulg.ac.be,Navigation système de fichier,IT,2021-02-09,13:38:58,00:00:23
stefano.crapanzano@chu.ulg.ac.be,Navigation système de fichier,IT,2021-02-09,13:41:07,00:03:07
stefano.crapanzano@chu.ulg.ac.be,Navigation système de fichier,IT,2021-02-09,14:45:33,00:00:03
stefano.crapanzano@chu.ulg.ac.be,Navigation système de fichier,IT,2021-02-09,17:02:32,00:00:02
stefano.crapanzano@chu.ulg.ac.be,Boîte de réception - erp.sai@chuliege.be - Outlook,Helpdesk général,2021-02-09,08:26:18,00:00:19
stefano.crapanzano@chu.ulg.ac.be,Boîte de réception - erp.sai@chuliege.be - Outlook,Helpdesk général,2021-02-09,08:26:40,02:55:52
stefano.crapanzano@chu.ulg.ac.be,Boîte de réception - erp.sai@chuliege.be - Outlook,Helpdesk général,2021-02-09,12:35:22,01:03:36
stefano.crapanzano@chu.ulg.ac.be,Boîte de réception - erp.sai@chuliege.be - Outlook,Helpdesk général,2021-02-09,13:39:22,00:01:45
stefano.crapanzano@chu.ulg.ac.be,Boîte de réception - erp.sai@chuliege.be - Outlook,Helpdesk général,2021-02-09,13:51:57,00:00:36
stefano.crapanzano@chu.ulg.ac.be,Boîte de réception - erp.sai@chuliege.be - Outlook,Helpdesk général,2021-02-09,14:00:28,00:03:42
stefano.crapanzano@chu.ulg.ac.be,Boîte de réception - erp.sai@chuliege.be - Outlook,Helpdesk général,2021-02-09,14:04:47,00:00:07
stefano.crapanzano@chu.ulg.ac.be,Boîte de réception - erp.sai@chuliege.be - Outlook,Helpdesk général,2021-02-09,14:04:58,00:00:03
stefano.crapanzano@chu.ulg.ac.be,Boîte de réception - erp.sai@chuliege.be - Outlook,Helpdesk général,2021-02-09,16:25:54,00:36:37
stefano.crapanzano@chu.ulg.ac.be,Boîte de Réception - Zimbra - Stefano Crapanzano - Outlook,Helpdesk général,2021-02-09,08:26:37,00:00:02
stefano.crapanzano@chu.ulg.ac.be,Boîte de Réception - Zimbra - Stefano Crapanzano - Outlook,Helpdesk général,2021-02-09,11:22:32,00:41:38
stefano.crapanzano@chu.ulg.ac.be,Boîte de Réception - Zimbra - Stefano Crapanzano - Outlook,Helpdesk général,2021-02-09,12:04:13,00:27:27
stefano.crapanzano@chu.ulg.ac.be,Boîte de Réception - Zimbra - Stefano Crapanzano - Outlook,Helpdesk général,2021-02-09,13:52:34,00:07:54
stefano.crapanzano@chu.ulg.ac.be,Boîte de Réception - Zimbra - Stefano Crapanzano - Outlook,Helpdesk général,2021-02-09,14:04:54,00:00:03
stefano.crapanzano@chu.ulg.ac.be,Sent - erp.sai@chuliege.be - Outlook,Helpdesk général,2021-02-09,12:31:40,00:00:26
stefano.crapanzano@chu.ulg.ac.be,Sent - erp.sai@chuliege.be - Outlook,Helpdesk général,2021-02-09,14:05:01,00:20:59
stefano.crapanzano@chu.ulg.ac.be,Sent - erp.sai@chuliege.be - Outlook,Helpdesk général,2021-02-09,16:25:47,00:00:07
stefano.crapanzano@chu.ulg.ac.be,erp.sai@chuliege.be - Outlook,Helpdesk général,2021-02-09,12:32:07,00:00:10
stefano.crapanzano@chu.ulg.ac.be,erp.sai@chuliege.be - Outlook,Helpdesk général,2021-02-09,12:35:15,00:00:07
stefano.crapanzano@chu.ulg.ac.be,Paramètres du compte,Helpdesk général,2021-02-09,12:32:17,00:00:33
stefano.crapanzano@chu.ulg.ac.be,Paramètres du compte,Helpdesk général,2021-02-09,12:33:56,00:01:18
stefano.crapanzano@chu.ulg.ac.be,Changer de compte,Helpdesk général,2021-02-09,12:32:50,00:00:14
stefano.crapanzano@chu.ulg.ac.be,Changer de compte,Helpdesk général,2021-02-09,12:33:53,00:00:03
stefano.crapanzano@chu.ulg.ac.be,Paramètres de messagerie Internet,Helpdesk général,2021-02-09,12:33:05,00:00:48
stefano.crapanzano@chu.ulg.ac.be,INTRASTAT_202012_v01.xlsx - Excel,Tâches diverses,2021-02-09,13:44:20,00:07:36
stefano.crapanzano@chu.ulg.ac.be,INTRASTAT_202012_v01.xlsx - Excel,Tâches diverses,2021-02-09,14:26:01,00:19:32
stefano.crapanzano@chu.ulg.ac.be,INTRASTAT_202012_v01.xlsx - Excel,Helpdesk général,2021-02-09,14:45:36,01:11:16
stefano.crapanzano@chu.ulg.ac.be,Microsoft Excel,Tâches diverses,2021-02-09,13:44:16,00:00:03
stefano.crapanzano@chu.ulg.ac.be,Microsoft Excel,Tâches diverses,2021-02-09,16:25:44,00:00:02
stefano.crapanzano@chu.ulg.ac.be,RE: Jira login same mail address - Message (HTML),Helpdesk général,2021-02-09,14:04:10,00:00:29
stefano.crapanzano@chu.ulg.ac.be,RE: Jira login same mail address - Message (HTML),Helpdesk général,2021-02-09,14:04:42,00:00:04
stefano.crapanzano@chu.ulg.ac.be,Administrateur : C:\Windows\System32\cmd.exe - celery  -A project worker --loglevel=INFO --pool=solo -Q queue_intrastat,IT,2021-02-09,17:02:38,00:00:04
