Email,Description,Project,Start date,Start time,Duration
stefano.crapanzano@chu.ulg.ac.be,Administrateur : Perl (command line) - python  main.py,IT,2021-02-12,08:32:13,00:00:02
stefano.crapanzano@chu.ulg.ac.be,Boîte de réception - erp.sai@chuliege.be - Outlook,Helpdesk général,2021-02-12,08:32:16,00:02:56
stefano.crapanzano@chu.ulg.ac.be,Boîte de réception - erp.sai@chuliege.be - Outlook,Helpdesk général,2021-02-12,13:11:36,00:00:02
stefano.crapanzano@chu.ulg.ac.be,taskeng.exe,IT,2021-02-12,08:35:12,00:03:38
stefano.crapanzano@chu.ulg.ac.be,Navigation système de fichier,IT,2021-02-12,08:38:50,00:00:03
stefano.crapanzano@chu.ulg.ac.be,Navigation système de fichier,IT,2021-02-12,09:05:08,00:00:02
stefano.crapanzano@chu.ulg.ac.be,Programmation,IT,2021-02-12,08:38:54,00:00:08
stefano.crapanzano@chu.ulg.ac.be,Programmation,IT,2021-02-12,08:39:08,00:00:18
stefano.crapanzano@chu.ulg.ac.be,Programmation,IT,2021-02-12,08:39:28,00:00:51
stefano.crapanzano@chu.ulg.ac.be,Programmation,IT,2021-02-12,08:40:23,00:00:03
stefano.crapanzano@chu.ulg.ac.be,Programmation,IT,2021-02-12,08:40:37,00:00:04
stefano.crapanzano@chu.ulg.ac.be,Programmation,IT,2021-02-12,08:41:02,00:00:06
stefano.crapanzano@chu.ulg.ac.be,Programmation,IT,2021-02-12,08:41:26,00:00:10
stefano.crapanzano@chu.ulg.ac.be,Programmation,IT,2021-02-12,08:42:08,00:00:06
stefano.crapanzano@chu.ulg.ac.be,Programmation,IT,2021-02-12,08:42:37,00:00:34
stefano.crapanzano@chu.ulg.ac.be,Programmation,IT,2021-02-12,08:43:17,00:00:38
stefano.crapanzano@chu.ulg.ac.be,Programmation,IT,2021-02-12,08:45:01,00:00:15
stefano.crapanzano@chu.ulg.ac.be,Programmation,IT,2021-02-12,08:45:19,00:00:02
stefano.crapanzano@chu.ulg.ac.be,Programmation,IT,2021-02-12,08:45:42,00:00:04
stefano.crapanzano@chu.ulg.ac.be,Programmation,IT,2021-02-12,08:46:01,00:00:09
stefano.crapanzano@chu.ulg.ac.be,Programmation,IT,2021-02-12,08:46:28,00:00:07
stefano.crapanzano@chu.ulg.ac.be,Programmation,IT,2021-02-12,08:46:46,00:00:09
stefano.crapanzano@chu.ulg.ac.be,Programmation,IT,2021-02-12,08:47:10,00:00:13
stefano.crapanzano@chu.ulg.ac.be,Programmation,IT,2021-02-12,08:48:01,00:00:07
stefano.crapanzano@chu.ulg.ac.be,Programmation,IT,2021-02-12,08:48:19,00:00:22
stefano.crapanzano@chu.ulg.ac.be,Programmation,IT,2021-02-12,08:48:52,00:00:03
stefano.crapanzano@chu.ulg.ac.be,Programmation,IT,2021-02-12,08:49:07,00:00:13
stefano.crapanzano@chu.ulg.ac.be,Programmation,IT,2021-02-12,09:05:10,00:02:01
stefano.crapanzano@chu.ulg.ac.be,Programmation,IT,2021-02-12,09:07:13,04:04:22
stefano.crapanzano@chu.ulg.ac.be,LABO - Stock article - Google Chrome,Tâches diverses,2021-02-12,08:39:03,00:00:03
stefano.crapanzano@chu.ulg.ac.be,LABO - Stock article - Google Chrome,Tâches diverses,2021-02-12,08:40:26,00:00:10
stefano.crapanzano@chu.ulg.ac.be,LABO - Stock article - Google Chrome,Tâches diverses,2021-02-12,08:40:41,00:00:20
stefano.crapanzano@chu.ulg.ac.be,LABO - Stock article - Google Chrome,Tâches diverses,2021-02-12,08:41:10,00:00:15
stefano.crapanzano@chu.ulg.ac.be,LABO - Stock article - Google Chrome,Tâches diverses,2021-02-12,08:42:16,00:00:18
stefano.crapanzano@chu.ulg.ac.be,LABO - Stock article - Google Chrome,Tâches diverses,2021-02-12,08:43:14,00:00:03
stefano.crapanzano@chu.ulg.ac.be,LABO - Stock article - Google Chrome,Tâches diverses,2021-02-12,08:43:57,00:00:10
stefano.crapanzano@chu.ulg.ac.be,LABO - Stock article - Google Chrome,Tâches diverses,2021-02-12,08:45:23,00:00:15
stefano.crapanzano@chu.ulg.ac.be,LABO - Stock article - Google Chrome,Tâches diverses,2021-02-12,08:45:48,00:00:13
stefano.crapanzano@chu.ulg.ac.be,LABO - Stock article - Google Chrome,Tâches diverses,2021-02-12,08:46:12,00:00:15
stefano.crapanzano@chu.ulg.ac.be,LABO - Stock article - Google Chrome,Tâches diverses,2021-02-12,08:46:37,00:00:08
stefano.crapanzano@chu.ulg.ac.be,LABO - Stock article - Google Chrome,Tâches diverses,2021-02-12,08:47:25,00:00:27
stefano.crapanzano@chu.ulg.ac.be,LABO - Stock article - Google Chrome,Tâches diverses,2021-02-12,08:48:10,00:00:08
stefano.crapanzano@chu.ulg.ac.be,LABO - Stock article - Google Chrome,Tâches diverses,2021-02-12,08:48:42,00:00:10
stefano.crapanzano@chu.ulg.ac.be,LABO - Stock article - Google Chrome,Tâches diverses,2021-02-12,08:48:56,00:00:10
stefano.crapanzano@chu.ulg.ac.be,LABO - Stock article - Google Chrome,Tâches diverses,2021-02-12,08:49:20,00:15:48
stefano.crapanzano@chu.ulg.ac.be,Lecture documentation,Tâches diverses,2021-02-12,08:40:19,00:00:03
stefano.crapanzano@chu.ulg.ac.be,Lecture documentation,Tâches diverses,2021-02-12,08:41:36,00:00:32
stefano.crapanzano@chu.ulg.ac.be,Lecture documentation,Tâches diverses,2021-02-12,08:44:09,00:00:50
stefano.crapanzano@chu.ulg.ac.be,Lecture documentation,Tâches diverses,2021-02-12,08:45:17,00:00:02
stefano.crapanzano@chu.ulg.ac.be,Lecture documentation,Tâches diverses,2021-02-12,08:46:57,00:00:11
stefano.crapanzano@chu.ulg.ac.be,Lecture documentation,Tâches diverses,2021-02-12,08:47:53,00:00:06
stefano.crapanzano@chu.ulg.ac.be,Boîte de Réception - Zimbra - Stefano Crapanzano - Outlook,Helpdesk général,2021-02-12,13:11:38,04:00:04
