Email,Description,Project,Start date,Start time,Duration
stefano.crapanzano@chu.ulg.ac.be,Administrateur : Perl (command line) - python  main.py,IT,2021-02-08,08:30:04,00:00:02
stefano.crapanzano@chu.ulg.ac.be,Lecture documentation,Tâches diverses,2021-02-08,08:30:07,00:00:15
stefano.crapanzano@chu.ulg.ac.be,Lecture documentation,Tâches diverses,2021-02-08,08:30:38,00:05:14
stefano.crapanzano@chu.ulg.ac.be,Lecture documentation,Tâches diverses,2021-02-08,08:44:20,00:04:37
stefano.crapanzano@chu.ulg.ac.be,Lecture documentation,Tâches diverses,2021-02-08,08:49:14,00:00:03
stefano.crapanzano@chu.ulg.ac.be,Lecture documentation,Tâches diverses,2021-02-08,08:49:28,00:00:33
stefano.crapanzano@chu.ulg.ac.be,Lecture documentation,Tâches diverses,2021-02-08,08:50:20,00:02:49
stefano.crapanzano@chu.ulg.ac.be,Lecture documentation,Tâches diverses,2021-02-08,09:22:58,00:38:40
stefano.crapanzano@chu.ulg.ac.be,Lecture documentation,Tâches diverses,2021-02-08,10:01:48,00:00:27
stefano.crapanzano@chu.ulg.ac.be,Lecture documentation,Tâches diverses,2021-02-08,10:03:49,00:25:19
stefano.crapanzano@chu.ulg.ac.be,Lecture documentation,Tâches diverses,2021-02-08,10:33:54,00:08:31
stefano.crapanzano@chu.ulg.ac.be,Lecture documentation,Tâches diverses,2021-02-08,11:09:35,00:00:46
stefano.crapanzano@chu.ulg.ac.be,Lecture documentation,Tâches diverses,2021-02-08,11:10:25,00:00:02
stefano.crapanzano@chu.ulg.ac.be,Lecture documentation,Tâches diverses,2021-02-08,11:10:44,00:00:47
stefano.crapanzano@chu.ulg.ac.be,Lecture documentation,Tâches diverses,2021-02-08,11:12:36,00:00:03
stefano.crapanzano@chu.ulg.ac.be,Lecture documentation,Tâches diverses,2021-02-08,13:50:25,00:00:10
stefano.crapanzano@chu.ulg.ac.be,Lecture documentation,Tâches diverses,2021-02-08,14:37:08,00:00:02
stefano.crapanzano@chu.ulg.ac.be,Lecture documentation,Tâches diverses,2021-02-08,14:37:42,00:00:09
stefano.crapanzano@chu.ulg.ac.be,Lecture documentation,Tâches diverses,2021-02-08,14:38:16,00:00:05
stefano.crapanzano@chu.ulg.ac.be,Lecture documentation,Tâches diverses,2021-02-08,15:42:43,00:00:10
stefano.crapanzano@chu.ulg.ac.be,Lecture documentation,Tâches diverses,2021-02-08,15:43:19,00:01:05
stefano.crapanzano@chu.ulg.ac.be,Lecture documentation,Tâches diverses,2021-02-08,15:53:41,00:00:20
stefano.crapanzano@chu.ulg.ac.be,Lecture documentation,Tâches diverses,2021-02-08,15:54:34,00:00:07
stefano.crapanzano@chu.ulg.ac.be,Lecture documentation,Tâches diverses,2021-02-08,15:54:48,00:00:19
stefano.crapanzano@chu.ulg.ac.be,Lecture documentation,Tâches diverses,2021-02-08,15:55:43,00:00:15
stefano.crapanzano@chu.ulg.ac.be,Lecture documentation,Tâches diverses,2021-02-08,15:56:49,00:00:20
stefano.crapanzano@chu.ulg.ac.be,Lecture documentation,Tâches diverses,2021-02-08,15:57:15,00:00:13
stefano.crapanzano@chu.ulg.ac.be,Lecture documentation,Tâches diverses,2021-02-08,15:59:49,00:00:08
stefano.crapanzano@chu.ulg.ac.be,Lecture documentation,Tâches diverses,2021-02-08,16:00:26,00:00:28
stefano.crapanzano@chu.ulg.ac.be,Lecture documentation,Tâches diverses,2021-02-08,16:04:23,00:00:35
stefano.crapanzano@chu.ulg.ac.be,Lecture documentation,Tâches diverses,2021-02-08,16:05:54,00:00:02
stefano.crapanzano@chu.ulg.ac.be,Lecture documentation,Tâches diverses,2021-02-08,16:06:44,00:00:10
stefano.crapanzano@chu.ulg.ac.be,Lecture documentation,Tâches diverses,2021-02-08,16:07:52,00:00:06
stefano.crapanzano@chu.ulg.ac.be,Lecture documentation,Tâches diverses,2021-02-08,16:08:58,00:00:14
stefano.crapanzano@chu.ulg.ac.be,Lecture documentation,Tâches diverses,2021-02-08,16:13:33,00:00:12
stefano.crapanzano@chu.ulg.ac.be,Lecture documentation,Tâches diverses,2021-02-08,16:15:57,00:00:06
stefano.crapanzano@chu.ulg.ac.be,Lecture documentation,Tâches diverses,2021-02-08,16:21:54,00:00:08
stefano.crapanzano@chu.ulg.ac.be,Lecture documentation,Tâches diverses,2021-02-08,16:22:06,00:00:08
stefano.crapanzano@chu.ulg.ac.be,Lecture documentation,Tâches diverses,2021-02-08,16:22:32,00:00:06
stefano.crapanzano@chu.ulg.ac.be,Lecture documentation,Tâches diverses,2021-02-08,16:22:57,00:00:15
stefano.crapanzano@chu.ulg.ac.be,Lecture documentation,Tâches diverses,2021-02-08,16:23:18,00:01:01
stefano.crapanzano@chu.ulg.ac.be,Lecture documentation,Tâches diverses,2021-02-08,16:26:18,00:00:02
stefano.crapanzano@chu.ulg.ac.be,Lecture documentation,Tâches diverses,2021-02-08,16:26:26,00:00:07
stefano.crapanzano@chu.ulg.ac.be,Lecture documentation,Tâches diverses,2021-02-08,16:26:41,00:01:03
stefano.crapanzano@chu.ulg.ac.be,Navigation système de fichier,IT,2021-02-08,08:30:22,00:00:04
stefano.crapanzano@chu.ulg.ac.be,Navigation système de fichier,IT,2021-02-08,08:36:56,00:00:02
stefano.crapanzano@chu.ulg.ac.be,Navigation système de fichier,IT,2021-02-08,08:48:57,00:00:02
stefano.crapanzano@chu.ulg.ac.be,Navigation système de fichier,IT,2021-02-08,11:11:33,00:00:04
stefano.crapanzano@chu.ulg.ac.be,Navigation système de fichier,IT,2021-02-08,11:13:48,00:00:06
stefano.crapanzano@chu.ulg.ac.be,Navigation système de fichier,IT,2021-02-08,11:14:37,00:00:02
stefano.crapanzano@chu.ulg.ac.be,Navigation système de fichier,IT,2021-02-08,11:22:17,00:00:10
stefano.crapanzano@chu.ulg.ac.be,Navigation système de fichier,IT,2021-02-08,11:22:28,00:00:13
stefano.crapanzano@chu.ulg.ac.be,Navigation système de fichier,IT,2021-02-08,14:36:20,00:00:05
stefano.crapanzano@chu.ulg.ac.be,Navigation système de fichier,IT,2021-02-08,15:39:33,00:00:04
stefano.crapanzano@chu.ulg.ac.be,Navigation système de fichier,IT,2021-02-08,15:39:40,00:00:05
stefano.crapanzano@chu.ulg.ac.be,Navigation système de fichier,IT,2021-02-08,15:39:55,00:00:05
stefano.crapanzano@chu.ulg.ac.be,Navigation système de fichier,IT,2021-02-08,15:40:56,00:00:02
stefano.crapanzano@chu.ulg.ac.be,Navigation système de fichier,IT,2021-02-08,15:41:17,00:00:20
stefano.crapanzano@chu.ulg.ac.be,Navigation système de fichier,IT,2021-02-08,15:42:00,00:00:05
stefano.crapanzano@chu.ulg.ac.be,Navigation système de fichier,IT,2021-02-08,15:46:28,00:06:04
stefano.crapanzano@chu.ulg.ac.be,Navigation système de fichier,IT,2021-02-08,15:53:18,00:00:05
stefano.crapanzano@chu.ulg.ac.be,Navigation système de fichier,IT,2021-02-08,15:54:02,00:00:18
stefano.crapanzano@chu.ulg.ac.be,Navigation système de fichier,IT,2021-02-08,15:54:30,00:00:04
stefano.crapanzano@chu.ulg.ac.be,Navigation système de fichier,IT,2021-02-08,15:57:10,00:00:03
stefano.crapanzano@chu.ulg.ac.be,Navigation système de fichier,IT,2021-02-08,15:58:08,00:00:04
stefano.crapanzano@chu.ulg.ac.be,Navigation système de fichier,IT,2021-02-08,15:58:24,00:00:03
stefano.crapanzano@chu.ulg.ac.be,Navigation système de fichier,IT,2021-02-08,15:59:58,00:00:10
stefano.crapanzano@chu.ulg.ac.be,Navigation système de fichier,IT,2021-02-08,16:00:22,00:00:04
stefano.crapanzano@chu.ulg.ac.be,Navigation système de fichier,IT,2021-02-08,16:00:55,00:00:03
stefano.crapanzano@chu.ulg.ac.be,Navigation système de fichier,IT,2021-02-08,16:01:08,00:00:02
stefano.crapanzano@chu.ulg.ac.be,Navigation système de fichier,IT,2021-02-08,16:07:59,00:00:02
stefano.crapanzano@chu.ulg.ac.be,Navigation système de fichier,IT,2021-02-08,16:08:26,00:00:31
stefano.crapanzano@chu.ulg.ac.be,Navigation système de fichier,IT,2021-02-08,16:09:53,00:00:06
stefano.crapanzano@chu.ulg.ac.be,Navigation système de fichier,IT,2021-02-08,16:10:30,00:00:03
stefano.crapanzano@chu.ulg.ac.be,Navigation système de fichier,IT,2021-02-08,16:14:50,00:00:08
stefano.crapanzano@chu.ulg.ac.be,Navigation système de fichier,IT,2021-02-08,16:15:13,00:00:07
stefano.crapanzano@chu.ulg.ac.be,Navigation système de fichier,IT,2021-02-08,16:15:22,00:00:05
stefano.crapanzano@chu.ulg.ac.be,Navigation système de fichier,IT,2021-02-08,16:15:34,00:00:02
stefano.crapanzano@chu.ulg.ac.be,Navigation système de fichier,IT,2021-02-08,16:20:07,00:00:14
stefano.crapanzano@chu.ulg.ac.be,Navigation système de fichier,IT,2021-02-08,16:20:25,00:00:07
stefano.crapanzano@chu.ulg.ac.be,Navigation système de fichier,IT,2021-02-08,16:21:13,00:00:35
stefano.crapanzano@chu.ulg.ac.be,Navigation système de fichier,IT,2021-02-08,16:22:03,00:00:03
stefano.crapanzano@chu.ulg.ac.be,Navigation système de fichier,IT,2021-02-08,16:28:13,00:00:11
stefano.crapanzano@chu.ulg.ac.be,Navigation système de fichier,IT,2021-02-08,16:28:25,00:00:06
stefano.crapanzano@chu.ulg.ac.be,Navigation système de fichier,IT,2021-02-08,16:28:35,00:01:00
stefano.crapanzano@chu.ulg.ac.be,Navigation système de fichier,IT,2021-02-08,16:30:04,00:00:03
stefano.crapanzano@chu.ulg.ac.be,Navigation système de fichier,IT,2021-02-08,16:31:37,00:00:07
stefano.crapanzano@chu.ulg.ac.be,Navigation système de fichier,IT,2021-02-08,16:31:50,00:00:03
stefano.crapanzano@chu.ulg.ac.be,Navigation système de fichier,IT,2021-02-08,16:32:30,00:00:16
stefano.crapanzano@chu.ulg.ac.be,Navigation système de fichier,IT,2021-02-08,16:33:59,00:00:04
stefano.crapanzano@chu.ulg.ac.be,Navigation système de fichier,IT,2021-02-08,16:46:25,00:00:27
stefano.crapanzano@chu.ulg.ac.be,Navigation système de fichier,IT,2021-02-08,16:48:01,00:00:07
stefano.crapanzano@chu.ulg.ac.be,Navigation système de fichier,IT,2021-02-08,16:54:58,00:00:02
stefano.crapanzano@chu.ulg.ac.be,Navigation système de fichier,IT,2021-02-08,16:59:18,00:00:02
stefano.crapanzano@chu.ulg.ac.be,Navigation système de fichier,IT,2021-02-08,17:02:07,00:00:02
stefano.crapanzano@chu.ulg.ac.be,Navigation système de fichier,IT,2021-02-08,17:02:56,00:00:02
stefano.crapanzano@chu.ulg.ac.be,Navigation système de fichier,IT,2021-02-08,17:03:07,00:00:02
stefano.crapanzano@chu.ulg.ac.be,taskeng.exe,IT,2021-02-08,08:35:53,00:01:02
stefano.crapanzano@chu.ulg.ac.be,Boîte de réception - erp.sai@chuliege.be - Outlook,Helpdesk général,2021-02-08,08:36:58,00:00:26
stefano.crapanzano@chu.ulg.ac.be,Boîte de réception - erp.sai@chuliege.be - Outlook,Helpdesk général,2021-02-08,08:37:39,00:00:04
stefano.crapanzano@chu.ulg.ac.be,Boîte de réception - erp.sai@chuliege.be - Outlook,Helpdesk général,2021-02-08,08:39:42,00:00:02
stefano.crapanzano@chu.ulg.ac.be,Boîte de réception - erp.sai@chuliege.be - Outlook,Helpdesk général,2021-02-08,08:41:11,00:00:04
stefano.crapanzano@chu.ulg.ac.be,Boîte de réception - erp.sai@chuliege.be - Outlook,Helpdesk général,2021-02-08,08:53:14,00:17:48
stefano.crapanzano@chu.ulg.ac.be,Boîte de réception - erp.sai@chuliege.be - Outlook,Helpdesk général,2021-02-08,11:12:33,00:00:02
stefano.crapanzano@chu.ulg.ac.be,Boîte de réception - erp.sai@chuliege.be - Outlook,Helpdesk général,2021-02-08,11:13:42,00:00:02
stefano.crapanzano@chu.ulg.ac.be,Boîte de réception - erp.sai@chuliege.be - Outlook,Helpdesk général,2021-02-08,11:52:07,00:03:56
stefano.crapanzano@chu.ulg.ac.be,Boîte de réception - erp.sai@chuliege.be - Outlook,Helpdesk général,2021-02-08,11:56:10,00:00:06
stefano.crapanzano@chu.ulg.ac.be,Boîte de réception - erp.sai@chuliege.be - Outlook,Helpdesk général,2021-02-08,11:56:43,00:00:02
stefano.crapanzano@chu.ulg.ac.be,Boîte de réception - erp.sai@chuliege.be - Outlook,Helpdesk général,2021-02-08,12:07:49,00:00:03
stefano.crapanzano@chu.ulg.ac.be,Boîte de réception - erp.sai@chuliege.be - Outlook,Helpdesk général,2021-02-08,12:08:49,00:00:02
stefano.crapanzano@chu.ulg.ac.be,Boîte de réception - erp.sai@chuliege.be - Outlook,Helpdesk général,2021-02-08,13:50:18,00:00:07
stefano.crapanzano@chu.ulg.ac.be,Boîte de réception - erp.sai@chuliege.be - Outlook,Helpdesk général,2021-02-08,13:50:35,00:00:06
stefano.crapanzano@chu.ulg.ac.be,Boîte de réception - erp.sai@chuliege.be - Outlook,Helpdesk général,2021-02-08,13:52:13,00:09:31
stefano.crapanzano@chu.ulg.ac.be,Boîte de réception - erp.sai@chuliege.be - Outlook,Helpdesk général,2021-02-08,14:01:49,00:00:02
stefano.crapanzano@chu.ulg.ac.be,Boîte de réception - erp.sai@chuliege.be - Outlook,Helpdesk général,2021-02-08,14:01:53,00:00:02
stefano.crapanzano@chu.ulg.ac.be,Boîte de réception - erp.sai@chuliege.be - Outlook,Helpdesk général,2021-02-08,14:01:57,00:00:03
stefano.crapanzano@chu.ulg.ac.be,Boîte de réception - erp.sai@chuliege.be - Outlook,Helpdesk général,2021-02-08,14:27:43,00:04:04
stefano.crapanzano@chu.ulg.ac.be,Boîte de réception - erp.sai@chuliege.be - Outlook,Helpdesk général,2021-02-08,15:02:22,00:00:37
stefano.crapanzano@chu.ulg.ac.be,Boîte de réception - erp.sai@chuliege.be - Outlook,Helpdesk général,2021-02-08,15:13:38,00:00:08
stefano.crapanzano@chu.ulg.ac.be,Boîte de réception - erp.sai@chuliege.be - Outlook,Helpdesk général,2021-02-08,15:40:22,00:00:02
stefano.crapanzano@chu.ulg.ac.be,Boîte de réception - erp.sai@chuliege.be - Outlook,Helpdesk général,2021-02-08,17:07:56,00:00:41
stefano.crapanzano@chu.ulg.ac.be,TR: Jira login same mail address - Message (HTML),Helpdesk général,2021-02-08,08:37:24,00:00:14
stefano.crapanzano@chu.ulg.ac.be,Sent - erp.sai@chuliege.be - Outlook,Helpdesk général,2021-02-08,08:37:44,00:00:02
stefano.crapanzano@chu.ulg.ac.be,Sent - erp.sai@chuliege.be - Outlook,Helpdesk général,2021-02-08,08:39:45,00:00:39
stefano.crapanzano@chu.ulg.ac.be,Sent - erp.sai@chuliege.be - Outlook,Helpdesk général,2021-02-08,08:40:28,00:00:40
stefano.crapanzano@chu.ulg.ac.be,Sent - erp.sai@chuliege.be - Outlook,Helpdesk général,2021-02-08,11:12:48,00:00:52
stefano.crapanzano@chu.ulg.ac.be,Sent - erp.sai@chuliege.be - Outlook,Helpdesk général,2021-02-08,11:13:44,00:00:02
stefano.crapanzano@chu.ulg.ac.be,Sent - erp.sai@chuliege.be - Outlook,Helpdesk général,2021-02-08,11:13:55,00:00:02
stefano.crapanzano@chu.ulg.ac.be,Sent - erp.sai@chuliege.be - Outlook,Helpdesk général,2021-02-08,11:14:19,00:00:02
stefano.crapanzano@chu.ulg.ac.be,Sent - erp.sai@chuliege.be - Outlook,Helpdesk général,2021-02-08,11:14:24,00:00:03
stefano.crapanzano@chu.ulg.ac.be,Sent - erp.sai@chuliege.be - Outlook,Helpdesk général,2021-02-08,11:14:31,00:00:03
stefano.crapanzano@chu.ulg.ac.be,Sent - erp.sai@chuliege.be - Outlook,Tâches diverses,2021-02-08,11:52:01,00:00:02
stefano.crapanzano@chu.ulg.ac.be,Sent - erp.sai@chuliege.be - Outlook,Helpdesk général,2021-02-08,11:56:16,00:00:27
stefano.crapanzano@chu.ulg.ac.be,Sent - erp.sai@chuliege.be - Outlook,Helpdesk général,2021-02-08,14:02:01,00:17:44
stefano.crapanzano@chu.ulg.ac.be,Sent - erp.sai@chuliege.be - Outlook,Helpdesk général,2021-02-08,15:40:25,00:00:31
stefano.crapanzano@chu.ulg.ac.be,Jira login same mail address - Message (HTML),Helpdesk général,2021-02-08,08:37:47,00:00:06
stefano.crapanzano@chu.ulg.ac.be,RE: Jira login same mail address - Message (HTML),Helpdesk général,2021-02-08,08:37:53,00:00:40
stefano.crapanzano@chu.ulg.ac.be,RE: Jira login same mail address - Message (HTML),Helpdesk général,2021-02-08,08:38:48,00:00:44
stefano.crapanzano@chu.ulg.ac.be,Intrastat - Google Chrome,Tâches diverses,2021-02-08,16:55:07,00:00:04
stefano.crapanzano@chu.ulg.ac.be,Intrastat - Google Chrome,Tâches diverses,2021-02-08,16:55:23,00:00:02
stefano.crapanzano@chu.ulg.ac.be,Intrastat - Google Chrome,Tâches diverses,2021-02-08,16:55:32,00:00:06
stefano.crapanzano@chu.ulg.ac.be,Intrastat - Google Chrome,Tâches diverses,2021-02-08,17:00:35,00:00:03
stefano.crapanzano@chu.ulg.ac.be,Intrastat - Google Chrome,Tâches diverses,2021-02-08,17:00:44,00:00:09
stefano.crapanzano@chu.ulg.ac.be,Intrastat - Google Chrome,Tâches diverses,2021-02-08,17:01:00,00:00:03
stefano.crapanzano@chu.ulg.ac.be,Intrastat - Google Chrome,Tâches diverses,2021-02-08,17:01:30,00:00:23
stefano.crapanzano@chu.ulg.ac.be,Intrastat - Google Chrome,Tâches diverses,2021-02-08,17:02:26,00:00:12
stefano.crapanzano@chu.ulg.ac.be,Intrastat - Google Chrome,Tâches diverses,2021-02-08,17:02:47,00:00:02
stefano.crapanzano@chu.ulg.ac.be,Intrastat - Google Chrome,Tâches diverses,2021-02-08,17:05:44,00:00:02
stefano.crapanzano@chu.ulg.ac.be,Intrastat - Google Chrome,Tâches diverses,2021-02-08,17:07:15,00:00:03
stefano.crapanzano@chu.ulg.ac.be,Intrastat - Google Chrome,Tâches diverses,2021-02-08,17:07:27,00:00:03
stefano.crapanzano@chu.ulg.ac.be,Intrastat - Google Chrome,Tâches diverses,2021-02-08,17:07:39,00:00:03
stefano.crapanzano@chu.ulg.ac.be,Nouvel onglet - Google Chrome,Tâches diverses,2021-02-08,08:38:35,00:00:02
stefano.crapanzano@chu.ulg.ac.be,Nouvel onglet - Google Chrome,Tâches diverses,2021-02-08,14:35:59,00:00:02
stefano.crapanzano@chu.ulg.ac.be,Nouvel onglet - Google Chrome,Tâches diverses,2021-02-08,15:25:57,00:00:09
stefano.crapanzano@chu.ulg.ac.be,Nouvel onglet - Google Chrome,Tâches diverses,2021-02-08,16:14:38,00:00:04
stefano.crapanzano@chu.ulg.ac.be,Nouvel onglet - Google Chrome,Tâches diverses,2021-02-08,16:55:38,00:00:04
stefano.crapanzano@chu.ulg.ac.be,Nouvel onglet - Google Chrome,Tâches diverses,2021-02-08,17:01:26,00:00:04
stefano.crapanzano@chu.ulg.ac.be,Nouvel onglet - Google Chrome,Tâches diverses,2021-02-08,17:05:46,00:00:03
stefano.crapanzano@chu.ulg.ac.be,traduction - Recherche Google - Google Chrome,Tâches diverses,2021-02-08,08:38:38,00:00:10
stefano.crapanzano@chu.ulg.ac.be,traduction - Recherche Google - Google Chrome,Tâches diverses,2021-02-08,08:39:38,00:00:03
stefano.crapanzano@chu.ulg.ac.be,traduction - Recherche Google - Google Chrome,Tâches diverses,2021-02-08,08:42:03,00:00:02
stefano.crapanzano@chu.ulg.ac.be,traduction - Recherche Google - Google Chrome,Tâches diverses,2021-02-08,08:42:29,00:00:02
stefano.crapanzano@chu.ulg.ac.be,Microsoft Outlook,Helpdesk général,2021-02-08,08:39:34,00:00:02
stefano.crapanzano@chu.ulg.ac.be,BARÉ Didier,Helpdesk général,2021-02-08,08:40:24,00:00:03
stefano.crapanzano@chu.ulg.ac.be,Boîte de Réception - Zimbra - Stefano Crapanzano - Outlook,Helpdesk général,2021-02-08,08:41:09,00:00:02
stefano.crapanzano@chu.ulg.ac.be,Boîte de Réception - Zimbra - Stefano Crapanzano - Outlook,Helpdesk général,2021-02-08,08:41:25,00:00:38
stefano.crapanzano@chu.ulg.ac.be,Boîte de Réception - Zimbra - Stefano Crapanzano - Outlook,Tâches diverses,2021-02-08,08:44:13,00:00:04
stefano.crapanzano@chu.ulg.ac.be,Boîte de Réception - Zimbra - Stefano Crapanzano - Outlook,Helpdesk général,2021-02-08,08:49:00,00:00:13
stefano.crapanzano@chu.ulg.ac.be,Boîte de Réception - Zimbra - Stefano Crapanzano - Outlook,Helpdesk général,2021-02-08,08:49:17,00:00:09
stefano.crapanzano@chu.ulg.ac.be,Boîte de Réception - Zimbra - Stefano Crapanzano - Outlook,Helpdesk général,2021-02-08,08:50:01,00:00:19
stefano.crapanzano@chu.ulg.ac.be,Boîte de Réception - Zimbra - Stefano Crapanzano - Outlook,Helpdesk général,2021-02-08,08:53:11,00:00:02
stefano.crapanzano@chu.ulg.ac.be,Boîte de Réception - Zimbra - Stefano Crapanzano - Outlook,Helpdesk général,2021-02-08,09:11:02,00:11:56
stefano.crapanzano@chu.ulg.ac.be,Boîte de Réception - Zimbra - Stefano Crapanzano - Outlook,Helpdesk général,2021-02-08,10:01:38,00:00:09
stefano.crapanzano@chu.ulg.ac.be,Boîte de Réception - Zimbra - Stefano Crapanzano - Outlook,Helpdesk général,2021-02-08,10:02:15,00:01:33
stefano.crapanzano@chu.ulg.ac.be,Boîte de Réception - Zimbra - Stefano Crapanzano - Outlook,Helpdesk général,2021-02-08,11:06:47,00:00:48
stefano.crapanzano@chu.ulg.ac.be,Boîte de Réception - Zimbra - Stefano Crapanzano - Outlook,Helpdesk général,2021-02-08,11:08:09,00:00:51
stefano.crapanzano@chu.ulg.ac.be,Boîte de Réception - Zimbra - Stefano Crapanzano - Outlook,Helpdesk général,2021-02-08,11:09:28,00:00:06
stefano.crapanzano@chu.ulg.ac.be,Boîte de Réception - Zimbra - Stefano Crapanzano - Outlook,Helpdesk général,2021-02-08,11:10:28,00:00:16
stefano.crapanzano@chu.ulg.ac.be,Boîte de Réception - Zimbra - Stefano Crapanzano - Outlook,Helpdesk général,2021-02-08,11:12:29,00:00:03
stefano.crapanzano@chu.ulg.ac.be,Boîte de Réception - Zimbra - Stefano Crapanzano - Outlook,Helpdesk général,2021-02-08,11:12:44,00:00:03
stefano.crapanzano@chu.ulg.ac.be,Boîte de Réception - Zimbra - Stefano Crapanzano - Outlook,Helpdesk général,2021-02-08,11:52:04,00:00:03
stefano.crapanzano@chu.ulg.ac.be,Boîte de Réception - Zimbra - Stefano Crapanzano - Outlook,Helpdesk général,2021-02-08,11:56:06,00:00:03
stefano.crapanzano@chu.ulg.ac.be,Boîte de Réception - Zimbra - Stefano Crapanzano - Outlook,Helpdesk général,2021-02-08,12:08:52,00:09:28
stefano.crapanzano@chu.ulg.ac.be,Boîte de Réception - Zimbra - Stefano Crapanzano - Outlook,Helpdesk général,2021-02-08,13:50:41,00:01:32
stefano.crapanzano@chu.ulg.ac.be,Boîte de Réception - Zimbra - Stefano Crapanzano - Outlook,Helpdesk général,2021-02-08,14:01:55,00:00:02
stefano.crapanzano@chu.ulg.ac.be,Boîte de Réception - Zimbra - Stefano Crapanzano - Outlook,Helpdesk général,2021-02-08,15:02:01,00:00:07
stefano.crapanzano@chu.ulg.ac.be,Boîte de Réception - Zimbra - Stefano Crapanzano - Outlook,Helpdesk général,2021-02-08,15:13:46,00:00:04
stefano.crapanzano@chu.ulg.ac.be,Boîte de Réception - Zimbra - Stefano Crapanzano - Outlook,Helpdesk général,2021-02-08,15:40:17,00:00:04
stefano.crapanzano@chu.ulg.ac.be,Boîte de Réception - Zimbra - Stefano Crapanzano - Outlook,Helpdesk général,2021-02-08,16:46:05,00:00:12
stefano.crapanzano@chu.ulg.ac.be,Boîte de Réception - Zimbra - Stefano Crapanzano - Outlook,Helpdesk général,2021-02-08,16:46:21,00:00:04
stefano.crapanzano@chu.ulg.ac.be,Boîte de Réception - Zimbra - Stefano Crapanzano - Outlook,Helpdesk général,2021-02-08,16:49:24,00:00:04
stefano.crapanzano@chu.ulg.ac.be,Boîte de Réception - Zimbra - Stefano Crapanzano - Outlook,Helpdesk général,2021-02-08,17:03:35,00:00:03
stefano.crapanzano@chu.ulg.ac.be,Boîte de Réception - Zimbra - Stefano Crapanzano - Outlook,Helpdesk général,2021-02-08,17:07:47,00:00:08
stefano.crapanzano@chu.ulg.ac.be,Programmation,IT,2021-02-08,08:41:16,00:00:07
stefano.crapanzano@chu.ulg.ac.be,Programmation,IT,2021-02-08,10:42:25,00:21:55
stefano.crapanzano@chu.ulg.ac.be,Programmation,IT,2021-02-08,15:37:55,00:00:27
stefano.crapanzano@chu.ulg.ac.be,Programmation,IT,2021-02-08,15:38:57,00:00:34
stefano.crapanzano@chu.ulg.ac.be,Programmation,IT,2021-02-08,15:42:05,00:00:37
stefano.crapanzano@chu.ulg.ac.be,Programmation,IT,2021-02-08,15:42:54,00:00:25
stefano.crapanzano@chu.ulg.ac.be,Programmation,IT,2021-02-08,15:44:32,00:00:08
stefano.crapanzano@chu.ulg.ac.be,Programmation,IT,2021-02-08,15:45:47,00:00:40
stefano.crapanzano@chu.ulg.ac.be,Programmation,IT,2021-02-08,15:52:43,00:00:30
stefano.crapanzano@chu.ulg.ac.be,Programmation,IT,2021-02-08,15:54:25,00:00:04
stefano.crapanzano@chu.ulg.ac.be,Programmation,IT,2021-02-08,16:09:37,00:00:16
stefano.crapanzano@chu.ulg.ac.be,Programmation,IT,2021-02-08,16:30:07,00:01:30
stefano.crapanzano@chu.ulg.ac.be,Programmation,IT,2021-02-08,16:31:53,00:00:36
stefano.crapanzano@chu.ulg.ac.be,Programmation,IT,2021-02-08,16:55:00,00:00:03
stefano.crapanzano@chu.ulg.ac.be,Programmation,IT,2021-02-08,16:55:25,00:00:03
stefano.crapanzano@chu.ulg.ac.be,Programmation,IT,2021-02-08,16:55:30,00:00:02
stefano.crapanzano@chu.ulg.ac.be,Programmation,IT,2021-02-08,16:56:57,00:00:05
stefano.crapanzano@chu.ulg.ac.be,Programmation,IT,2021-02-08,17:02:11,00:00:05
stefano.crapanzano@chu.ulg.ac.be,Identification - Google Chrome,Tâches diverses,2021-02-08,08:42:07,00:00:07
stefano.crapanzano@chu.ulg.ac.be,Identification - Google Chrome,Tâches diverses,2021-02-08,08:42:32,00:00:09
stefano.crapanzano@chu.ulg.ac.be,SAM - DB - Google Chrome,Tâches diverses,2021-02-08,08:42:15,00:00:04
stefano.crapanzano@chu.ulg.ac.be,SAM - DB - Google Chrome,Tâches diverses,2021-02-08,08:42:43,00:01:30
stefano.crapanzano@chu.ulg.ac.be,SAM - DB - Google Chrome,Helpdesk général,2021-02-08,11:07:36,00:00:33
stefano.crapanzano@chu.ulg.ac.be,SAM - DB - Google Chrome,Tâches diverses,2021-02-08,11:13:57,00:00:04
stefano.crapanzano@chu.ulg.ac.be,SAM - DB - Google Chrome,Tâches diverses,2021-02-08,11:14:21,00:00:02
stefano.crapanzano@chu.ulg.ac.be,SAM - DB - Google Chrome,Tâches diverses,2021-02-08,11:15:14,00:07:02
stefano.crapanzano@chu.ulg.ac.be,SAM - DB - Google Chrome,Tâches diverses,2021-02-08,11:33:10,00:00:13
stefano.crapanzano@chu.ulg.ac.be,SAM - DB - Google Chrome,Helpdesk général,2021-02-08,11:33:26,00:00:03
stefano.crapanzano@chu.ulg.ac.be,SAM - DB - Google Chrome,Tâches diverses,2021-02-08,11:33:33,00:03:51
stefano.crapanzano@chu.ulg.ac.be,ULiège - Google Chrome,Tâches diverses,2021-02-08,08:42:23,00:00:06
stefano.crapanzano@chu.ulg.ac.be,Message d'information ERP4HC - Message (HTML),Helpdesk général,2021-02-08,10:29:08,00:04:45
stefano.crapanzano@chu.ulg.ac.be,TR: [MON SUIVI] : Demande de création d'alias pour intrastat - Message (HTML),Helpdesk général,2021-02-08,11:09:01,00:00:26
stefano.crapanzano@chu.ulg.ac.be,TR: [MON SUIVI] : Demande de création d'alias pour intrastat - Message (HTML),Helpdesk général,2021-02-08,11:11:37,00:00:51
stefano.crapanzano@chu.ulg.ac.be,Envoyé - Zimbra - Stefano Crapanzano - Outlook,Helpdesk général,2021-02-08,11:12:42,00:00:02
stefano.crapanzano@chu.ulg.ac.be,Ouverture -Microsoft Excel,Tâches diverses,2021-02-08,11:22:41,00:00:04
stefano.crapanzano@chu.ulg.ac.be,Microsoft Excel,Tâches diverses,2021-02-08,11:22:46,00:00:08
stefano.crapanzano@chu.ulg.ac.be,INTRASTAT_202012_v01.xlsx - Excel,Tâches diverses,2021-02-08,11:22:54,00:09:26
stefano.crapanzano@chu.ulg.ac.be,INTRASTAT_202012_v01.xlsx - Excel,Tâches diverses,2021-02-08,11:37:25,00:14:36
stefano.crapanzano@chu.ulg.ac.be,INTRASTAT_202012_v01.xlsx - Excel,Tâches diverses,2021-02-08,12:54:02,00:56:14
stefano.crapanzano@chu.ulg.ac.be,INTRASTAT_202012_v01.xlsx - Excel,Tâches diverses,2021-02-08,14:19:45,00:02:32
stefano.crapanzano@chu.ulg.ac.be,INTRASTAT_202012_v01.xlsx - Excel,Tâches diverses,2021-02-08,14:22:25,00:05:06
stefano.crapanzano@chu.ulg.ac.be,Re: [MON SUIVI] : Demande de création d'alias pour intrastat - Message (HTML),Helpdesk général,2021-02-08,11:32:21,00:00:49
stefano.crapanzano@chu.ulg.ac.be,Re: [MON SUIVI] : Demande de création d'alias pour intrastat - Message (HTML),Helpdesk général,2021-02-08,11:33:23,00:00:02
stefano.crapanzano@chu.ulg.ac.be,Re: [MON SUIVI] : Demande de création d'alias pour intrastat - Message (HTML),Helpdesk général,2021-02-08,11:33:29,00:00:03
stefano.crapanzano@chu.ulg.ac.be,Didier BARE - erp.sai@chuliege.be - Outlook,Helpdesk général,2021-02-08,11:56:46,00:10:49
stefano.crapanzano@chu.ulg.ac.be,Didier BARE - erp.sai@chuliege.be - Outlook,Helpdesk général,2021-02-08,12:07:53,00:00:56
stefano.crapanzano@chu.ulg.ac.be,Arguments de la fonction,Tâches diverses,2021-02-08,14:22:18,00:00:07
stefano.crapanzano@chu.ulg.ac.be,Netop Invité,Helpdesk général,2021-02-08,14:31:48,00:00:04
stefano.crapanzano@chu.ulg.ac.be,Netop Invité,Helpdesk général,2021-02-08,15:01:59,00:00:02
stefano.crapanzano@chu.ulg.ac.be,Netop Invité,Helpdesk général,2021-02-08,15:02:09,00:00:13
stefano.crapanzano@chu.ulg.ac.be,Netop Invité,Helpdesk général,2021-02-08,15:02:59,00:00:02
stefano.crapanzano@chu.ulg.ac.be,Netop Invité,Helpdesk général,2021-02-08,15:40:07,00:00:04
stefano.crapanzano@chu.ulg.ac.be,Netop Invité,Helpdesk général,2021-02-08,15:58:13,00:00:02
stefano.crapanzano@chu.ulg.ac.be,Netop Invité,Helpdesk général,2021-02-08,15:58:27,00:00:03
stefano.crapanzano@chu.ulg.ac.be,Connexion à l'aide de l'authentification Windows,Helpdesk général,2021-02-08,14:31:53,00:00:03
stefano.crapanzano@chu.ulg.ac.be,Connexion à l'aide de l'authentification Windows,Helpdesk général,2021-02-08,15:03:01,00:00:03
stefano.crapanzano@chu.ulg.ac.be,Connexion à l'aide de l'authentification Windows,Helpdesk général,2021-02-08,15:58:31,00:00:02
stefano.crapanzano@chu.ulg.ac.be,erpftp - Netop Remote Control,Helpdesk général,2021-02-08,14:31:58,00:04:00
stefano.crapanzano@chu.ulg.ac.be,erpftp - Netop Remote Control,Helpdesk général,2021-02-08,14:36:44,00:00:23
stefano.crapanzano@chu.ulg.ac.be,erpftp - Netop Remote Control,Helpdesk général,2021-02-08,14:37:10,00:00:32
stefano.crapanzano@chu.ulg.ac.be,erpftp - Netop Remote Control,Helpdesk général,2021-02-08,14:38:11,00:00:04
stefano.crapanzano@chu.ulg.ac.be,erpftp - Netop Remote Control,Helpdesk général,2021-02-08,14:38:57,00:00:13
stefano.crapanzano@chu.ulg.ac.be,erpftp - Netop Remote Control,Helpdesk général,2021-02-08,14:39:12,00:22:43
stefano.crapanzano@chu.ulg.ac.be,erpftp - Netop Remote Control,Helpdesk général,2021-02-08,15:03:06,00:10:30
stefano.crapanzano@chu.ulg.ac.be,erpftp - Netop Remote Control,Helpdesk général,2021-02-08,15:13:52,00:12:03
stefano.crapanzano@chu.ulg.ac.be,erpftp - Netop Remote Control,Helpdesk général,2021-02-08,15:29:40,00:08:11
stefano.crapanzano@chu.ulg.ac.be,erpftp - Netop Remote Control,Helpdesk général,2021-02-08,15:38:23,00:00:33
stefano.crapanzano@chu.ulg.ac.be,erpftp - Netop Remote Control,Helpdesk général,2021-02-08,15:39:46,00:00:07
stefano.crapanzano@chu.ulg.ac.be,erpftp - Netop Remote Control,Helpdesk général,2021-02-08,15:40:01,00:00:04
stefano.crapanzano@chu.ulg.ac.be,erpftp - Netop Remote Control,Helpdesk général,2021-02-08,15:58:34,00:00:24
stefano.crapanzano@chu.ulg.ac.be,erpftp - Netop Remote Control,Helpdesk général,2021-02-08,16:01:10,00:00:36
stefano.crapanzano@chu.ulg.ac.be,erpftp - Netop Remote Control,Helpdesk général,2021-02-08,16:02:02,00:00:08
stefano.crapanzano@chu.ulg.ac.be,erpftp - Netop Remote Control,Helpdesk général,2021-02-08,16:02:28,00:01:00
stefano.crapanzano@chu.ulg.ac.be,erpftp - Netop Remote Control,Helpdesk général,2021-02-08,16:03:36,00:00:08
stefano.crapanzano@chu.ulg.ac.be,erpftp - Netop Remote Control,Helpdesk général,2021-02-08,16:04:08,00:00:03
stefano.crapanzano@chu.ulg.ac.be,erpftp - Netop Remote Control,Helpdesk général,2021-02-08,16:04:58,00:00:55
stefano.crapanzano@chu.ulg.ac.be,erpftp - Netop Remote Control,Helpdesk général,2021-02-08,16:05:56,00:00:04
stefano.crapanzano@chu.ulg.ac.be,erpftp - Netop Remote Control,Helpdesk général,2021-02-08,16:06:29,00:00:08
stefano.crapanzano@chu.ulg.ac.be,erpftp - Netop Remote Control,Helpdesk général,2021-02-08,16:06:54,00:00:02
stefano.crapanzano@chu.ulg.ac.be,erpftp - Netop Remote Control,Helpdesk général,2021-02-08,16:07:29,00:00:07
stefano.crapanzano@chu.ulg.ac.be,rabbitmq - Recherche Google - Google Chrome,Tâches diverses,2021-02-08,14:36:01,00:00:07
stefano.crapanzano@chu.ulg.ac.be,Downloading and Installing RabbitMQ — RabbitMQ - Google Chrome,Tâches diverses,2021-02-08,14:36:10,00:00:10
stefano.crapanzano@chu.ulg.ac.be,erpftp - Netop File Manager,Helpdesk général,2021-02-08,14:36:27,00:00:08
stefano.crapanzano@chu.ulg.ac.be,erpftp - Netop File Manager,Helpdesk général,2021-02-08,14:37:53,00:00:08
stefano.crapanzano@chu.ulg.ac.be,erpftp - Netop File Manager,Helpdesk général,2021-02-08,14:38:03,00:00:07
stefano.crapanzano@chu.ulg.ac.be,erpftp - Netop File Manager,Helpdesk général,2021-02-08,14:38:23,00:00:30
stefano.crapanzano@chu.ulg.ac.be,Netop File Manager - Transfer Status,Helpdesk général,2021-02-08,14:36:36,00:00:06
stefano.crapanzano@chu.ulg.ac.be,Netop File Manager - Transfer Status,Helpdesk général,2021-02-08,14:38:53,00:00:03
stefano.crapanzano@chu.ulg.ac.be,rabbitmq doesn't receive task iis - Recherche Google - Google Chrome,Tâches diverses,2021-02-08,15:26:07,00:00:02
stefano.crapanzano@chu.ulg.ac.be,rabbitmq doesn't receive task iis - Recherche Google - Google Chrome,Tâches diverses,2021-02-08,15:26:56,00:02:44
stefano.crapanzano@chu.ulg.ac.be,rabbitmq doesn't receive task iis - Recherche Google - Google Chrome,Tâches diverses,2021-02-08,15:39:31,00:00:02
stefano.crapanzano@chu.ulg.ac.be,rabbitmq doesn't receive task iis - Recherche Google - Google Chrome,Tâches diverses,2021-02-08,15:53:38,00:00:02
stefano.crapanzano@chu.ulg.ac.be,13 Common RabbitMQ Mistakes and How to Avoid Them - CloudAMQP - Google Chrome,Tâches diverses,2021-02-08,15:26:09,00:00:46
stefano.crapanzano@chu.ulg.ac.be,Gestionnaire des services Internet (IIS),Helpdesk général,2021-02-08,16:03:28,00:00:08
stefano.crapanzano@chu.ulg.ac.be,Administrateur : C:\Windows\System32\cmd.exe,IT,2021-02-08,15:53:24,00:00:14
stefano.crapanzano@chu.ulg.ac.be,Administrateur : C:\Windows\System32\cmd.exe,IT,2021-02-08,16:08:01,00:00:10
stefano.crapanzano@chu.ulg.ac.be,Administrateur : C:\Windows\System32\cmd.exe,IT,2021-02-08,16:08:15,00:00:07
stefano.crapanzano@chu.ulg.ac.be,Administrateur : C:\Windows\System32\cmd.exe,IT,2021-02-08,16:08:24,00:00:02
stefano.crapanzano@chu.ulg.ac.be,Administrateur : C:\Windows\System32\cmd.exe,IT,2021-02-08,16:09:13,00:00:07
stefano.crapanzano@chu.ulg.ac.be,Administrateur : C:\Windows\System32\cmd.exe,IT,2021-02-08,16:09:24,00:00:13
stefano.crapanzano@chu.ulg.ac.be,Administrateur : C:\Windows\System32\cmd.exe,IT,2021-02-08,16:10:13,00:00:04
stefano.crapanzano@chu.ulg.ac.be,Administrateur : C:\Windows\System32\cmd.exe,IT,2021-02-08,16:11:52,00:00:40
stefano.crapanzano@chu.ulg.ac.be,Administrateur : C:\Windows\System32\cmd.exe,IT,2021-02-08,16:12:36,00:00:02
stefano.crapanzano@chu.ulg.ac.be,Administrateur : C:\Windows\System32\cmd.exe,IT,2021-02-08,16:13:16,00:00:10
stefano.crapanzano@chu.ulg.ac.be,Administrateur : C:\Windows\System32\cmd.exe,IT,2021-02-08,16:13:48,00:00:19
stefano.crapanzano@chu.ulg.ac.be,Administrateur : C:\Windows\System32\cmd.exe,IT,2021-02-08,16:14:13,00:00:08
stefano.crapanzano@chu.ulg.ac.be,Administrateur : C:\Windows\System32\cmd.exe,IT,2021-02-08,16:14:23,00:00:04
stefano.crapanzano@chu.ulg.ac.be,Administrateur : C:\Windows\System32\cmd.exe,IT,2021-02-08,16:14:30,00:00:07
stefano.crapanzano@chu.ulg.ac.be,Administrateur : C:\Windows\System32\cmd.exe,IT,2021-02-08,16:15:36,00:00:06
stefano.crapanzano@chu.ulg.ac.be,Administrateur : C:\Windows\System32\cmd.exe,IT,2021-02-08,16:15:44,00:00:07
stefano.crapanzano@chu.ulg.ac.be,Administrateur : C:\Windows\System32\cmd.exe,IT,2021-02-08,16:22:16,00:00:07
stefano.crapanzano@chu.ulg.ac.be,Administrateur : C:\Windows\System32\cmd.exe,IT,2021-02-08,16:22:39,00:00:07
stefano.crapanzano@chu.ulg.ac.be,Administrateur : C:\Windows\System32\cmd.exe,IT,2021-02-08,16:22:47,00:00:06
stefano.crapanzano@chu.ulg.ac.be,Administrateur : C:\Windows\System32\cmd.exe,IT,2021-02-08,16:22:54,00:00:02
stefano.crapanzano@chu.ulg.ac.be,Administrateur : C:\Windows\System32\cmd.exe,IT,2021-02-08,16:23:12,00:00:03
stefano.crapanzano@chu.ulg.ac.be,Administrateur : C:\Windows\System32\cmd.exe,IT,2021-02-08,16:24:20,00:00:08
stefano.crapanzano@chu.ulg.ac.be,Administrateur : C:\Windows\System32\cmd.exe,IT,2021-02-08,16:26:36,00:00:04
stefano.crapanzano@chu.ulg.ac.be,Administrateur : C:\Windows\System32\cmd.exe,IT,2021-02-08,16:33:34,00:00:07
stefano.crapanzano@chu.ulg.ac.be,Administrateur : C:\Windows\System32\cmd.exe,IT,2021-02-08,16:33:43,00:00:13
stefano.crapanzano@chu.ulg.ac.be,Administrateur : C:\Windows\System32\cmd.exe,IT,2021-02-08,16:59:21,00:00:02
stefano.crapanzano@chu.ulg.ac.be,Administrateur : C:\Windows\System32\cmd.exe,IT,2021-02-08,16:59:24,00:00:03
stefano.crapanzano@chu.ulg.ac.be,Administrateur : C:\Windows\System32\cmd.exe,IT,2021-02-08,16:59:30,00:00:02
stefano.crapanzano@chu.ulg.ac.be,Administrateur : C:\Windows\System32\cmd.exe,IT,2021-02-08,16:59:46,00:00:04
stefano.crapanzano@chu.ulg.ac.be,Administrateur : C:\Windows\System32\cmd.exe,IT,2021-02-08,17:00:53,00:00:04
stefano.crapanzano@chu.ulg.ac.be,Administrateur : C:\Windows\System32\cmd.exe,Tâches diverses,2021-02-08,17:01:54,00:00:02
stefano.crapanzano@chu.ulg.ac.be,Administrateur : C:\Windows\System32\cmd.exe,IT,2021-02-08,17:02:54,00:00:02
stefano.crapanzano@chu.ulg.ac.be,C:\inetpub\wwwroot\intrastat\project\project\settings\environment.py - Notepad++ [Administrator],IT,2021-02-08,15:54:20,00:00:02
stefano.crapanzano@chu.ulg.ac.be,C:\inetpub\wwwroot\intrastat\project\project\settings\environment.py - Notepad++ [Administrator],IT,2021-02-08,16:00:08,00:00:03
stefano.crapanzano@chu.ulg.ac.be,C:\inetpub\wwwroot\intrastat\project\project\settings\environment.py - Notepad++ [Administrator],IT,2021-02-08,16:00:16,00:00:02
stefano.crapanzano@chu.ulg.ac.be,C:\inetpub\wwwroot\intrastat\project\project\settings\environment.py - Notepad++ [Administrator],IT,2021-02-08,16:14:59,00:00:06
stefano.crapanzano@chu.ulg.ac.be,C:\inetpub\wwwroot\intrastat\project\project\settings\environment.py - Notepad++ [Administrator],IT,2021-02-08,16:15:06,00:00:07
stefano.crapanzano@chu.ulg.ac.be,C:\inetpub\wwwroot\intrastat\project\project\settings\environment.py - Notepad++ [Administrator],IT,2021-02-08,16:32:46,00:00:03
stefano.crapanzano@chu.ulg.ac.be,C:\inetpub\wwwroot\intrastat\project\project\settings\environment.py - Notepad++ [Administrator],IT,2021-02-08,16:32:59,00:00:04
stefano.crapanzano@chu.ulg.ac.be,C:\inetpub\wwwroot\intrastat\project\project\settings\environment.py - Notepad++ [Administrator],IT,2021-02-08,16:57:03,00:00:03
stefano.crapanzano@chu.ulg.ac.be,*new 1 - Notepad++ [Administrator],IT,2021-02-08,15:54:23,00:00:02
stefano.crapanzano@chu.ulg.ac.be,*new 1 - Notepad++ [Administrator],IT,2021-02-08,16:00:11,00:00:03
stefano.crapanzano@chu.ulg.ac.be,*C:\inetpub\wwwroot\intrastat\project\project\settings\environment.py - Notepad++ [Administrator],IT,2021-02-08,16:00:18,00:00:02
stefano.crapanzano@chu.ulg.ac.be,*C:\inetpub\wwwroot\intrastat\project\project\settings\environment.py - Notepad++ [Administrator],IT,2021-02-08,16:32:50,00:00:09
stefano.crapanzano@chu.ulg.ac.be,Administrateur : C:\Windows\System32\cmd.exe - python  manage.py makemigrations,IT,2021-02-08,16:08:12,00:00:02
stefano.crapanzano@chu.ulg.ac.be,Administrateur : C:\Windows\System32\cmd.exe - python  manage.py migrate,IT,2021-02-08,16:08:22,00:00:02
stefano.crapanzano@chu.ulg.ac.be,Administrateur : C:\Windows\System32\cmd.exe - python  manage.py migrate,IT,2021-02-08,16:14:27,00:00:02
stefano.crapanzano@chu.ulg.ac.be,Administrateur : C:\Windows\System32\cmd.exe - python  manage.py migrate,IT,2021-02-08,16:59:28,00:00:02
stefano.crapanzano@chu.ulg.ac.be,Administrateur : C:\Windows\System32\cmd.exe - python  manage.py collectstatic,IT,2021-02-08,16:09:20,00:00:03
stefano.crapanzano@chu.ulg.ac.be,Administrateur : C:\Windows\System32\cmd.exe - python  manage.py collectstatic,IT,2021-02-08,16:15:42,00:00:02
stefano.crapanzano@chu.ulg.ac.be,C:\inetpub\wwwroot\intrastat\project\project\settings\base.py - Notepad++ [Administrator],IT,2021-02-08,16:10:00,00:00:12
stefano.crapanzano@chu.ulg.ac.be,Administrateur : C:\Windows\System32\cmd.exe - git  pull,IT,2021-02-08,16:10:18,00:00:07
stefano.crapanzano@chu.ulg.ac.be,Administrateur : C:\Windows\System32\cmd.exe - git  pull,IT,2021-02-08,16:11:15,00:00:12
stefano.crapanzano@chu.ulg.ac.be,Administrateur : C:\Windows\System32\cmd.exe - git  pull,IT,2021-02-08,16:11:32,00:00:20
stefano.crapanzano@chu.ulg.ac.be,Administrateur : C:\Windows\System32\cmd.exe - git  pull,IT,2021-02-08,16:12:38,00:00:03
stefano.crapanzano@chu.ulg.ac.be,Administrateur : C:\Windows\System32\cmd.exe - git  pull,IT,2021-02-08,16:12:45,00:00:31
stefano.crapanzano@chu.ulg.ac.be,GitHub Login,IT,2021-02-08,16:10:25,00:00:04
stefano.crapanzano@chu.ulg.ac.be,GitHub Login,IT,2021-02-08,16:12:42,00:00:03
stefano.crapanzano@chu.ulg.ac.be,Administrateur : C:\Windows\System32\cmd.exe - git  stash,IT,2021-02-08,16:12:33,00:00:02
stefano.crapanzano@chu.ulg.ac.be,Administrateur : C:\Windows\System32\cmd.exe - pip  install -r requirements.txt,IT,2021-02-08,16:14:07,00:00:06
stefano.crapanzano@chu.ulg.ac.be,127.0.0.1 - Google Chrome,Tâches diverses,2021-02-08,16:14:43,00:00:06
stefano.crapanzano@chu.ulg.ac.be,127.0.0.1 - Google Chrome,Tâches diverses,2021-02-08,16:55:04,00:00:03
stefano.crapanzano@chu.ulg.ac.be,Administrateur : C:\Windows\System32\cmd.exe - python  manage.py createsuperuser,IT,2021-02-08,16:22:24,00:00:07
stefano.crapanzano@chu.ulg.ac.be,Administrateur : C:\Windows\System32\cmd.exe - python  manage.py createsuperuser,IT,2021-02-08,16:59:51,00:00:08
stefano.crapanzano@chu.ulg.ac.be,Administrateur : C:\Windows\System32\cmd.exe - celery  -A project worker --loglevel=INFO --pool=solo -Q queue_intrastat,IT,2021-02-08,16:26:10,00:00:07
stefano.crapanzano@chu.ulg.ac.be,Administrateur : C:\Windows\System32\cmd.exe - celery  -A project worker --loglevel=INFO --pool=solo -Q queue_intrastat,IT,2021-02-08,16:26:20,00:00:05
stefano.crapanzano@chu.ulg.ac.be,Administrateur : C:\Windows\System32\cmd.exe - celery  -A project worker --loglevel=INFO --pool=solo -Q queue_intrastat,IT,2021-02-08,16:26:34,00:00:02
stefano.crapanzano@chu.ulg.ac.be,Administrateur : C:\Windows\System32\cmd.exe - celery  -A project worker --loglevel=INFO --pool=solo -Q queue_intrastat,IT,2021-02-08,17:02:18,00:00:08
stefano.crapanzano@chu.ulg.ac.be,Administrateur : C:\Windows\System32\cmd.exe - celery  -A project worker --loglevel=INFO --pool=solo -Q queue_intrastat,IT,2021-02-08,17:02:49,00:00:04
stefano.crapanzano@chu.ulg.ac.be,Administrateur : C:\Windows\System32\cmd.exe - celery  -A project worker --loglevel=INFO --pool=solo -Q queue_intrastat,IT,2021-02-08,17:07:21,00:00:06
stefano.crapanzano@chu.ulg.ac.be,\\fileadm01.st.chulg\users\c158492\Mes documents\Nouveau document texte.txt - Notepad++ [Administrator],IT,2021-02-08,16:31:45,00:00:03
stefano.crapanzano@chu.ulg.ac.be,État des envois/réceptions Outlook,Helpdesk général,2021-02-08,16:46:17,00:00:03
stefano.crapanzano@chu.ulg.ac.be,Microsoft SQL Server Management Studio (Administrateur),IT,2021-02-08,16:46:56,00:00:02
stefano.crapanzano@chu.ulg.ac.be,OperationalError at /accounts/login/ - Google Chrome,Tâches diverses,2021-02-08,16:55:12,00:00:10
stefano.crapanzano@chu.ulg.ac.be,Log in | Django site admin - Google Chrome,Tâches diverses,2021-02-08,16:55:43,00:00:04
stefano.crapanzano@chu.ulg.ac.be,Log in | Django site admin - Google Chrome,Tâches diverses,2021-02-08,16:59:44,00:00:02
stefano.crapanzano@chu.ulg.ac.be,Log in | Django site admin - Google Chrome,Tâches diverses,2021-02-08,17:00:00,00:00:03
stefano.crapanzano@chu.ulg.ac.be,OperationalError at /admin/login/ - Google Chrome,Tâches diverses,2021-02-08,16:55:48,00:00:09
stefano.crapanzano@chu.ulg.ac.be,OperationalError at /admin/login/ - Google Chrome,Tâches diverses,2021-02-08,16:59:41,00:00:02
stefano.crapanzano@chu.ulg.ac.be,Select user to change | Django site admin - Google Chrome,Tâches diverses,2021-02-08,17:01:04,00:00:03
stefano.crapanzano@chu.ulg.ac.be,Change user | Django site admin - Google Chrome,Tâches diverses,2021-02-08,17:00:06,00:00:03
stefano.crapanzano@chu.ulg.ac.be,Change user | Django site admin - Google Chrome,Tâches diverses,2021-02-08,17:00:12,00:00:02
stefano.crapanzano@chu.ulg.ac.be,Change user | Django site admin - Google Chrome,Tâches diverses,2021-02-08,17:00:17,00:00:02
stefano.crapanzano@chu.ulg.ac.be,Change user | Django site admin - Google Chrome,Tâches diverses,2021-02-08,17:00:30,00:00:03
stefano.crapanzano@chu.ulg.ac.be,Change user | Django site admin - Google Chrome,Tâches diverses,2021-02-08,17:01:22,00:00:03
stefano.crapanzano@chu.ulg.ac.be,Change user | Django site admin - Google Chrome,Tâches diverses,2021-02-08,17:02:38,00:00:03
stefano.crapanzano@chu.ulg.ac.be,Add departement | Django site admin - Google Chrome,Tâches diverses,2021-02-08,17:00:10,00:00:02
stefano.crapanzano@chu.ulg.ac.be,Add departement | Django site admin - Google Chrome,Tâches diverses,2021-02-08,17:00:15,00:00:02
stefano.crapanzano@chu.ulg.ac.be,Add role | Django site admin - Google Chrome,Tâches diverses,2021-02-08,17:00:20,00:00:03
stefano.crapanzano@chu.ulg.ac.be,Add role | Django site admin - Google Chrome,Tâches diverses,2021-02-08,17:00:26,00:00:03
stefano.crapanzano@chu.ulg.ac.be,403 Forbidden - Google Chrome,Tâches diverses,2021-02-08,17:00:39,00:00:04
stefano.crapanzano@chu.ulg.ac.be,Add user | Django site admin - Google Chrome,Tâches diverses,2021-02-08,17:01:08,00:00:14
stefano.crapanzano@chu.ulg.ac.be,Select import veiav task to change | Django site admin - Google Chrome,Tâches diverses,2021-02-08,17:07:31,00:00:06
stefano.crapanzano@chu.ulg.ac.be,Greenshot capture form,Helpdesk général,2021-02-08,17:04:12,00:00:03
stefano.crapanzano@chu.ulg.ac.be,iis and rabbitmq - Recherche Google - Google Chrome,Tâches diverses,2021-02-08,17:05:50,00:00:03
stefano.crapanzano@chu.ulg.ac.be,iis and rabbitmq - Recherche Google - Google Chrome,Tâches diverses,2021-02-08,17:06:15,00:00:09
stefano.crapanzano@chu.ulg.ac.be,.net - RabbitMQ WCF service hosting in IIS/WAS - Stack Overflow - Google Chrome,Tâches diverses,2021-02-08,17:05:53,00:00:21
stefano.crapanzano@chu.ulg.ac.be,c# - Consuming RabbitMQ Queue in IIS hosted WCF service - Stack Overflow - Google Chrome,Tâches diverses,2021-02-08,17:06:25,00:00:20
