Email,Description,Project,Start date,Start time,Duration
stefano.crapanzano@chu.ulg.ac.be,GOAL - LABO - Google Chrome,Tâches diverses,2021-11-25,08:27:15,00:01:16
stefano.crapanzano@chu.ulg.ac.be,GOAL - LABO - Google Chrome,Tâches diverses,2021-11-25,08:56:56,00:02:54
stefano.crapanzano@chu.ulg.ac.be,GOAL - LABO - Google Chrome,Tâches diverses,2021-11-25,09:01:11,00:00:02
stefano.crapanzano@chu.ulg.ac.be,GOAL - LABO - Google Chrome,Tâches diverses,2021-11-25,09:01:26,00:00:08
stefano.crapanzano@chu.ulg.ac.be,GOAL - LABO - Google Chrome,Tâches diverses,2021-11-25,10:23:51,00:00:34
stefano.crapanzano@chu.ulg.ac.be,GOAL - LABO - Google Chrome,Tâches diverses,2021-11-25,10:25:28,00:00:07
stefano.crapanzano@chu.ulg.ac.be,GOAL - LABO - Google Chrome,Tâches diverses,2021-11-25,10:26:23,00:00:10
stefano.crapanzano@chu.ulg.ac.be,GOAL - LABO - Google Chrome,Tâches diverses,2021-11-25,10:28:42,00:00:02
stefano.crapanzano@chu.ulg.ac.be,GOAL - LABO - Google Chrome,Tâches diverses,2021-11-25,10:37:32,00:00:10
stefano.crapanzano@chu.ulg.ac.be,GOAL - LABO - Google Chrome,Helpdesk général,2021-11-25,10:57:31,00:00:10
stefano.crapanzano@chu.ulg.ac.be,GOAL - LABO - Google Chrome,Helpdesk général,2021-11-25,10:58:29,00:00:08
stefano.crapanzano@chu.ulg.ac.be,GOAL - LABO - Google Chrome,Tâches diverses,2021-11-25,11:32:15,00:00:02
stefano.crapanzano@chu.ulg.ac.be,GOAL - LABO - Google Chrome,Tâches diverses,2021-11-25,11:32:19,00:00:02
stefano.crapanzano@chu.ulg.ac.be,GOAL - LABO - Google Chrome,Tâches diverses,2021-11-25,12:20:11,00:00:04
stefano.crapanzano@chu.ulg.ac.be,GOAL - LABO - Google Chrome,Tâches diverses,2021-11-25,12:20:37,00:00:04
stefano.crapanzano@chu.ulg.ac.be,GOAL - LABO - Google Chrome,Tâches diverses,2021-11-25,12:22:22,00:00:05
stefano.crapanzano@chu.ulg.ac.be,GOAL - LABO - Google Chrome,Tâches diverses,2021-11-25,12:23:01,00:00:11
stefano.crapanzano@chu.ulg.ac.be,GOAL - LABO - Google Chrome,Tâches diverses,2021-11-25,12:23:33,00:00:04
stefano.crapanzano@chu.ulg.ac.be,GOAL - LABO - Google Chrome,Tâches diverses,2021-11-25,12:23:57,00:00:02
stefano.crapanzano@chu.ulg.ac.be,GOAL - LABO - Google Chrome,Tâches diverses,2021-11-25,12:25:04,00:00:03
stefano.crapanzano@chu.ulg.ac.be,GOAL - LABO - Google Chrome,Tâches diverses,2021-11-25,12:25:14,00:00:02
stefano.crapanzano@chu.ulg.ac.be,GOAL - LABO - Google Chrome,Tâches diverses,2021-11-25,12:25:33,00:00:02
stefano.crapanzano@chu.ulg.ac.be,GOAL - LABO - Google Chrome,Tâches diverses,2021-11-25,12:25:42,00:00:29
stefano.crapanzano@chu.ulg.ac.be,GOAL - LABO - Google Chrome,Tâches diverses,2021-11-25,12:27:55,00:01:06
stefano.crapanzano@chu.ulg.ac.be,GOAL - LABO - Google Chrome,Tâches diverses,2021-11-25,12:29:09,00:00:14
stefano.crapanzano@chu.ulg.ac.be,GOAL - LABO - Google Chrome,Tâches diverses,2021-11-25,12:29:44,00:00:26
stefano.crapanzano@chu.ulg.ac.be,GOAL - LABO - Google Chrome,Tâches diverses,2021-11-25,12:30:38,00:00:02
stefano.crapanzano@chu.ulg.ac.be,GOAL - LABO - Google Chrome,Tâches diverses,2021-11-25,12:31:17,00:01:55
stefano.crapanzano@chu.ulg.ac.be,GOAL - LABO - Google Chrome,Tâches diverses,2021-11-25,12:33:33,00:00:05
stefano.crapanzano@chu.ulg.ac.be,GOAL - LABO - Google Chrome,Tâches diverses,2021-11-25,12:56:00,00:00:08
stefano.crapanzano@chu.ulg.ac.be,GOAL - LABO - Google Chrome,Tâches diverses,2021-11-25,12:56:16,00:00:04
stefano.crapanzano@chu.ulg.ac.be,GOAL - LABO - Google Chrome,Tâches diverses,2021-11-25,12:57:32,00:00:05
stefano.crapanzano@chu.ulg.ac.be,GOAL - LABO - Google Chrome,Tâches diverses,2021-11-25,13:01:39,00:00:06
stefano.crapanzano@chu.ulg.ac.be,GOAL - LABO - Google Chrome,Tâches diverses,2021-11-25,13:11:00,00:00:05
stefano.crapanzano@chu.ulg.ac.be,GOAL - LABO - Google Chrome,Tâches diverses,2021-11-25,13:11:42,00:00:04
stefano.crapanzano@chu.ulg.ac.be,GOAL - LABO - Google Chrome,Tâches diverses,2021-11-25,13:11:48,00:00:05
stefano.crapanzano@chu.ulg.ac.be,GOAL - LABO - Google Chrome,Tâches diverses,2021-11-25,13:11:56,00:00:31
stefano.crapanzano@chu.ulg.ac.be,GOAL - LABO - Google Chrome,Tâches diverses,2021-11-25,13:12:49,00:01:22
stefano.crapanzano@chu.ulg.ac.be,GOAL - LABO - Google Chrome,Tâches diverses,2021-11-25,13:14:14,00:01:40
stefano.crapanzano@chu.ulg.ac.be,GOAL - LABO - Google Chrome,Tâches diverses,2021-11-25,13:17:19,00:00:27
stefano.crapanzano@chu.ulg.ac.be,GOAL - LABO - Google Chrome,Tâches diverses,2021-11-25,13:17:53,00:00:47
stefano.crapanzano@chu.ulg.ac.be,GOAL - LABO - Google Chrome,Tâches diverses,2021-11-25,13:20:03,00:00:06
stefano.crapanzano@chu.ulg.ac.be,GOAL - LABO - Google Chrome,Tâches diverses,2021-11-25,13:20:40,00:00:10
stefano.crapanzano@chu.ulg.ac.be,GOAL - LABO - Google Chrome,Tâches diverses,2021-11-25,13:20:58,00:00:14
stefano.crapanzano@chu.ulg.ac.be,GOAL - LABO - Google Chrome,Tâches diverses,2021-11-25,13:22:39,00:00:09
stefano.crapanzano@chu.ulg.ac.be,GOAL - LABO - Google Chrome,Tâches diverses,2021-11-25,13:23:14,00:00:05
stefano.crapanzano@chu.ulg.ac.be,GOAL - LABO - Google Chrome,Tâches diverses,2021-11-25,13:23:31,00:01:10
stefano.crapanzano@chu.ulg.ac.be,GOAL - LABO - Google Chrome,Tâches diverses,2021-11-25,13:24:50,00:00:20
stefano.crapanzano@chu.ulg.ac.be,GOAL - LABO - Google Chrome,Tâches diverses,2021-11-25,13:25:14,00:00:02
stefano.crapanzano@chu.ulg.ac.be,GOAL - LABO - Google Chrome,Tâches diverses,2021-11-25,13:25:22,00:00:02
stefano.crapanzano@chu.ulg.ac.be,GOAL - LABO - Google Chrome,Tâches diverses,2021-11-25,13:25:30,00:00:07
stefano.crapanzano@chu.ulg.ac.be,GOAL - LABO - Google Chrome,Tâches diverses,2021-11-25,13:25:45,00:00:06
stefano.crapanzano@chu.ulg.ac.be,GOAL - LABO - Google Chrome,Tâches diverses,2021-11-25,13:25:56,00:01:07
stefano.crapanzano@chu.ulg.ac.be,GOAL - LABO - Google Chrome,Tâches diverses,2021-11-25,13:29:32,00:00:07
stefano.crapanzano@chu.ulg.ac.be,GOAL - LABO - Google Chrome,Tâches diverses,2021-11-25,13:29:50,00:02:25
stefano.crapanzano@chu.ulg.ac.be,GOAL - LABO - Google Chrome,Tâches diverses,2021-11-25,13:32:23,00:00:15
stefano.crapanzano@chu.ulg.ac.be,GOAL - LABO - Google Chrome,Tâches diverses,2021-11-25,13:33:11,00:00:02
stefano.crapanzano@chu.ulg.ac.be,GOAL - LABO - Google Chrome,Tâches diverses,2021-11-25,13:33:20,00:00:05
stefano.crapanzano@chu.ulg.ac.be,GOAL - LABO - Google Chrome,Tâches diverses,2021-11-25,13:33:28,00:00:05
stefano.crapanzano@chu.ulg.ac.be,GOAL - LABO - Google Chrome,Tâches diverses,2021-11-25,13:37:59,00:00:08
stefano.crapanzano@chu.ulg.ac.be,GOAL - LABO - Google Chrome,Tâches diverses,2021-11-25,13:39:44,00:00:12
stefano.crapanzano@chu.ulg.ac.be,GOAL - LABO - Google Chrome,Tâches diverses,2021-11-25,13:40:57,00:00:05
stefano.crapanzano@chu.ulg.ac.be,GOAL - LABO - Google Chrome,Tâches diverses,2021-11-25,13:41:09,00:00:06
stefano.crapanzano@chu.ulg.ac.be,GOAL - LABO - Google Chrome,Tâches diverses,2021-11-25,13:41:19,00:00:08
stefano.crapanzano@chu.ulg.ac.be,GOAL - LABO - Google Chrome,Tâches diverses,2021-11-25,13:43:37,00:00:05
stefano.crapanzano@chu.ulg.ac.be,GOAL - LABO - Google Chrome,Tâches diverses,2021-11-25,13:45:17,00:00:39
stefano.crapanzano@chu.ulg.ac.be,GOAL - LABO - Google Chrome,Tâches diverses,2021-11-25,13:58:16,00:00:25
stefano.crapanzano@chu.ulg.ac.be,GOAL - LABO - Google Chrome,Tâches diverses,2021-11-25,14:01:05,00:00:08
stefano.crapanzano@chu.ulg.ac.be,GOAL - LABO - Google Chrome,Tâches diverses,2021-11-25,14:24:48,00:01:39
stefano.crapanzano@chu.ulg.ac.be,GOAL - LABO - Google Chrome,Tâches diverses,2021-11-25,14:26:55,00:00:21
stefano.crapanzano@chu.ulg.ac.be,GOAL - LABO - Google Chrome,Tâches diverses,2021-11-25,14:27:19,00:00:03
stefano.crapanzano@chu.ulg.ac.be,GOAL - LABO - Google Chrome,Tâches diverses,2021-11-25,14:27:34,00:00:13
stefano.crapanzano@chu.ulg.ac.be,GOAL - LABO - Google Chrome,Tâches diverses,2021-11-25,14:30:38,00:00:04
stefano.crapanzano@chu.ulg.ac.be,GOAL - LABO - Google Chrome,Tâches diverses,2021-11-25,14:31:20,00:00:05
stefano.crapanzano@chu.ulg.ac.be,GOAL - LABO - Google Chrome,Tâches diverses,2021-11-25,14:31:51,00:00:24
stefano.crapanzano@chu.ulg.ac.be,GOAL - LABO - Google Chrome,Tâches diverses,2021-11-25,14:32:24,00:00:13
stefano.crapanzano@chu.ulg.ac.be,GOAL - LABO - Google Chrome,Tâches diverses,2021-11-25,14:32:51,00:00:05
stefano.crapanzano@chu.ulg.ac.be,GOAL - LABO - Google Chrome,Tâches diverses,2021-11-25,14:33:00,00:00:06
stefano.crapanzano@chu.ulg.ac.be,GOAL - LABO - Google Chrome,Tâches diverses,2021-11-25,14:33:12,00:00:05
stefano.crapanzano@chu.ulg.ac.be,GOAL - LABO - Google Chrome,Tâches diverses,2021-11-25,14:33:35,00:01:27
stefano.crapanzano@chu.ulg.ac.be,GOAL - LABO - Google Chrome,Tâches diverses,2021-11-25,14:35:18,00:00:43
stefano.crapanzano@chu.ulg.ac.be,GOAL - LABO - Google Chrome,Tâches diverses,2021-11-25,14:36:15,00:00:06
stefano.crapanzano@chu.ulg.ac.be,GOAL - LABO - Google Chrome,Tâches diverses,2021-11-25,14:36:26,00:02:40
stefano.crapanzano@chu.ulg.ac.be,GOAL - LABO - Google Chrome,Tâches diverses,2021-11-25,14:39:43,00:01:01
stefano.crapanzano@chu.ulg.ac.be,GOAL - LABO - Google Chrome,Tâches diverses,2021-11-25,14:40:53,00:00:07
stefano.crapanzano@chu.ulg.ac.be,GOAL - LABO - Google Chrome,Tâches diverses,2021-11-25,14:41:09,00:00:13
stefano.crapanzano@chu.ulg.ac.be,GOAL - LABO - Google Chrome,Tâches diverses,2021-11-25,14:41:24,00:00:33
stefano.crapanzano@chu.ulg.ac.be,GOAL - LABO - Google Chrome,Tâches diverses,2021-11-25,14:42:11,00:00:02
stefano.crapanzano@chu.ulg.ac.be,GOAL - LABO - Google Chrome,Tâches diverses,2021-11-25,14:42:18,00:00:23
stefano.crapanzano@chu.ulg.ac.be,GOAL - LABO - Google Chrome,Tâches diverses,2021-11-25,14:42:53,00:00:02
stefano.crapanzano@chu.ulg.ac.be,GOAL - LABO - Google Chrome,Tâches diverses,2021-11-25,14:42:59,00:00:13
stefano.crapanzano@chu.ulg.ac.be,GOAL - LABO - Google Chrome,Tâches diverses,2021-11-25,14:43:23,00:00:09
stefano.crapanzano@chu.ulg.ac.be,GOAL - LABO - Google Chrome,Tâches diverses,2021-11-25,14:43:43,00:00:35
stefano.crapanzano@chu.ulg.ac.be,GOAL - LABO - Google Chrome,Tâches diverses,2021-11-25,14:44:34,00:00:04
stefano.crapanzano@chu.ulg.ac.be,GOAL - LABO - Google Chrome,Tâches diverses,2021-11-25,14:44:42,00:00:02
stefano.crapanzano@chu.ulg.ac.be,GOAL - LABO - Google Chrome,Tâches diverses,2021-11-25,14:44:50,00:00:03
stefano.crapanzano@chu.ulg.ac.be,GOAL - LABO - Google Chrome,Tâches diverses,2021-11-25,14:44:57,00:00:05
stefano.crapanzano@chu.ulg.ac.be,GOAL - LABO - Google Chrome,Tâches diverses,2021-11-25,14:45:16,00:00:20
stefano.crapanzano@chu.ulg.ac.be,GOAL - LABO - Google Chrome,Tâches diverses,2021-11-25,14:45:39,00:00:16
stefano.crapanzano@chu.ulg.ac.be,GOAL - LABO - Google Chrome,Tâches diverses,2021-11-25,14:46:02,00:00:02
stefano.crapanzano@chu.ulg.ac.be,GOAL - LABO - Google Chrome,Tâches diverses,2021-11-25,14:46:22,00:00:24
stefano.crapanzano@chu.ulg.ac.be,GOAL - LABO - Google Chrome,Tâches diverses,2021-11-25,14:46:52,00:00:04
stefano.crapanzano@chu.ulg.ac.be,GOAL - LABO - Google Chrome,Tâches diverses,2021-11-25,14:47:08,00:00:42
stefano.crapanzano@chu.ulg.ac.be,GOAL - LABO - Google Chrome,Tâches diverses,2021-11-25,14:48:09,00:00:38
stefano.crapanzano@chu.ulg.ac.be,GOAL - LABO - Google Chrome,Tâches diverses,2021-11-25,14:49:03,00:01:53
stefano.crapanzano@chu.ulg.ac.be,GOAL - LABO - Google Chrome,Tâches diverses,2021-11-25,14:51:24,00:00:03
stefano.crapanzano@chu.ulg.ac.be,GOAL - LABO - Google Chrome,Tâches diverses,2021-11-25,14:51:48,00:00:03
stefano.crapanzano@chu.ulg.ac.be,GOAL - LABO - Google Chrome,Tâches diverses,2021-11-25,14:53:46,00:00:03
stefano.crapanzano@chu.ulg.ac.be,GOAL - LABO - Google Chrome,Tâches diverses,2021-11-25,14:53:57,00:00:06
stefano.crapanzano@chu.ulg.ac.be,GOAL - LABO - Google Chrome,Tâches diverses,2021-11-25,14:54:14,00:00:12
stefano.crapanzano@chu.ulg.ac.be,GOAL - LABO - Google Chrome,Tâches diverses,2021-11-25,14:55:00,00:00:17
stefano.crapanzano@chu.ulg.ac.be,GOAL - LABO - Google Chrome,Tâches diverses,2021-11-25,14:55:18,00:00:12
stefano.crapanzano@chu.ulg.ac.be,GOAL - LABO - Google Chrome,Tâches diverses,2021-11-25,14:55:33,00:00:24
stefano.crapanzano@chu.ulg.ac.be,GOAL - LABO - Google Chrome,Tâches diverses,2021-11-25,14:57:19,00:00:02
stefano.crapanzano@chu.ulg.ac.be,GOAL - LABO - Google Chrome,Tâches diverses,2021-11-25,14:58:22,00:00:05
stefano.crapanzano@chu.ulg.ac.be,GOAL - LABO - Google Chrome,Tâches diverses,2021-11-25,14:58:32,00:00:03
stefano.crapanzano@chu.ulg.ac.be,GOAL - LABO - Google Chrome,Tâches diverses,2021-11-25,14:58:42,00:00:48
stefano.crapanzano@chu.ulg.ac.be,GOAL - LABO - Google Chrome,Tâches diverses,2021-11-25,14:59:56,00:01:51
stefano.crapanzano@chu.ulg.ac.be,GOAL - LABO - Google Chrome,Tâches diverses,2021-11-25,15:02:14,00:01:00
stefano.crapanzano@chu.ulg.ac.be,GOAL - LABO - Google Chrome,Tâches diverses,2021-11-25,15:04:33,00:00:41
stefano.crapanzano@chu.ulg.ac.be,GOAL - LABO - Google Chrome,Tâches diverses,2021-11-25,15:05:47,00:00:12
stefano.crapanzano@chu.ulg.ac.be,GOAL - LABO - Google Chrome,Tâches diverses,2021-11-25,15:06:02,00:03:04
stefano.crapanzano@chu.ulg.ac.be,GOAL - LABO - Google Chrome,Tâches diverses,2021-11-25,15:10:05,00:00:10
stefano.crapanzano@chu.ulg.ac.be,GOAL - LABO - Google Chrome,Tâches diverses,2021-11-25,15:10:23,00:00:04
stefano.crapanzano@chu.ulg.ac.be,GOAL - LABO - Google Chrome,Tâches diverses,2021-11-25,15:10:29,00:00:02
stefano.crapanzano@chu.ulg.ac.be,GOAL - LABO - Google Chrome,Tâches diverses,2021-11-25,15:10:50,00:00:02
stefano.crapanzano@chu.ulg.ac.be,GOAL - LABO - Google Chrome,Tâches diverses,2021-11-25,15:11:25,00:00:12
stefano.crapanzano@chu.ulg.ac.be,GOAL - LABO - Google Chrome,Tâches diverses,2021-11-25,15:11:53,00:00:05
stefano.crapanzano@chu.ulg.ac.be,GOAL - LABO - Google Chrome,Tâches diverses,2021-11-25,15:12:04,00:00:04
stefano.crapanzano@chu.ulg.ac.be,GOAL - LABO - Google Chrome,Tâches diverses,2021-11-25,15:12:10,00:00:03
stefano.crapanzano@chu.ulg.ac.be,GOAL - LABO - Google Chrome,Tâches diverses,2021-11-25,15:13:52,00:00:04
stefano.crapanzano@chu.ulg.ac.be,GOAL - LABO - Google Chrome,Tâches diverses,2021-11-25,15:14:00,00:00:04
stefano.crapanzano@chu.ulg.ac.be,GOAL - LABO - Google Chrome,Tâches diverses,2021-11-25,15:15:29,00:00:06
stefano.crapanzano@chu.ulg.ac.be,GOAL - LABO - Google Chrome,Tâches diverses,2021-11-25,15:15:50,00:00:02
stefano.crapanzano@chu.ulg.ac.be,GOAL - LABO - Google Chrome,Tâches diverses,2021-11-25,15:16:04,00:00:13
stefano.crapanzano@chu.ulg.ac.be,GOAL - LABO - Google Chrome,Tâches diverses,2021-11-25,15:17:15,00:00:04
stefano.crapanzano@chu.ulg.ac.be,GOAL - LABO - Google Chrome,Tâches diverses,2021-11-25,15:17:27,00:02:30
stefano.crapanzano@chu.ulg.ac.be,GOAL - LABO - Google Chrome,Tâches diverses,2021-11-25,15:21:25,00:00:31
stefano.crapanzano@chu.ulg.ac.be,GOAL - LABO - Google Chrome,Tâches diverses,2021-11-25,15:23:10,00:00:05
stefano.crapanzano@chu.ulg.ac.be,GOAL - LABO - Google Chrome,Tâches diverses,2021-11-25,15:23:19,00:00:16
stefano.crapanzano@chu.ulg.ac.be,GOAL - LABO - Google Chrome,Tâches diverses,2021-11-25,15:23:37,00:00:13
stefano.crapanzano@chu.ulg.ac.be,GOAL - LABO - Google Chrome,Tâches diverses,2021-11-25,15:23:56,00:01:08
stefano.crapanzano@chu.ulg.ac.be,GOAL - LABO - Google Chrome,Tâches diverses,2021-11-25,15:25:08,00:00:06
stefano.crapanzano@chu.ulg.ac.be,GOAL - LABO - Google Chrome,Tâches diverses,2021-11-25,15:25:27,00:00:28
stefano.crapanzano@chu.ulg.ac.be,GOAL - LABO - Google Chrome,Tâches diverses,2021-11-25,15:26:13,00:00:08
stefano.crapanzano@chu.ulg.ac.be,GOAL - LABO - Google Chrome,Tâches diverses,2021-11-25,15:26:55,00:00:02
stefano.crapanzano@chu.ulg.ac.be,GOAL - LABO - Google Chrome,Tâches diverses,2021-11-25,15:27:18,00:02:09
stefano.crapanzano@chu.ulg.ac.be,GOAL - LABO - Google Chrome,Tâches diverses,2021-11-25,15:35:11,00:00:24
stefano.crapanzano@chu.ulg.ac.be,GOAL - LABO - Google Chrome,Tâches diverses,2021-11-25,15:35:48,00:00:37
stefano.crapanzano@chu.ulg.ac.be,GOAL - LABO - Google Chrome,Tâches diverses,2021-11-25,15:36:43,00:00:36
stefano.crapanzano@chu.ulg.ac.be,GOAL - LABO - Google Chrome,Tâches diverses,2021-11-25,15:38:52,00:01:01
stefano.crapanzano@chu.ulg.ac.be,GOAL - LABO - Google Chrome,Tâches diverses,2021-11-25,15:40:11,00:00:09
stefano.crapanzano@chu.ulg.ac.be,GOAL - LABO - Google Chrome,Tâches diverses,2021-11-25,15:42:08,00:00:03
stefano.crapanzano@chu.ulg.ac.be,GOAL - LABO - Google Chrome,Tâches diverses,2021-11-25,15:42:38,00:00:29
stefano.crapanzano@chu.ulg.ac.be,GOAL - LABO - Google Chrome,Tâches diverses,2021-11-25,15:44:11,00:00:43
stefano.crapanzano@chu.ulg.ac.be,GOAL - LABO - Google Chrome,Tâches diverses,2021-11-25,15:45:29,00:00:03
stefano.crapanzano@chu.ulg.ac.be,GOAL - LABO - Google Chrome,Tâches diverses,2021-11-25,15:45:41,00:00:58
stefano.crapanzano@chu.ulg.ac.be,GOAL - LABO - Google Chrome,Tâches diverses,2021-11-25,15:52:06,00:00:05
stefano.crapanzano@chu.ulg.ac.be,GOAL - LABO - Google Chrome,Tâches diverses,2021-11-25,15:52:51,00:00:23
stefano.crapanzano@chu.ulg.ac.be,GOAL - LABO - Google Chrome,Tâches diverses,2021-11-25,15:53:29,00:01:34
stefano.crapanzano@chu.ulg.ac.be,GOAL - LABO - Google Chrome,Tâches diverses,2021-11-25,15:56:51,00:00:15
stefano.crapanzano@chu.ulg.ac.be,GOAL - LABO - Google Chrome,Tâches diverses,2021-11-25,15:57:09,00:00:02
stefano.crapanzano@chu.ulg.ac.be,GOAL - LABO - Google Chrome,Tâches diverses,2021-11-25,15:57:36,00:00:19
stefano.crapanzano@chu.ulg.ac.be,GOAL - LABO - Google Chrome,Tâches diverses,2021-11-25,15:58:12,00:00:05
stefano.crapanzano@chu.ulg.ac.be,GOAL - LABO - Google Chrome,Tâches diverses,2021-11-25,15:58:25,00:00:03
stefano.crapanzano@chu.ulg.ac.be,GOAL - LABO - Google Chrome,Tâches diverses,2021-11-25,16:00:05,00:02:01
stefano.crapanzano@chu.ulg.ac.be,GOAL - LABO - Google Chrome,Tâches diverses,2021-11-25,16:03:48,00:00:04
stefano.crapanzano@chu.ulg.ac.be,GOAL - LABO - Google Chrome,Tâches diverses,2021-11-25,16:05:31,00:00:21
stefano.crapanzano@chu.ulg.ac.be,GOAL - LABO - Google Chrome,Tâches diverses,2021-11-25,16:06:27,00:00:16
stefano.crapanzano@chu.ulg.ac.be,GOAL - LABO - Google Chrome,Tâches diverses,2021-11-25,16:06:46,00:00:14
stefano.crapanzano@chu.ulg.ac.be,GOAL - LABO - Google Chrome,Tâches diverses,2021-11-25,16:08:10,00:00:14
stefano.crapanzano@chu.ulg.ac.be,GOAL - LABO - Google Chrome,Tâches diverses,2021-11-25,16:09:20,00:00:34
stefano.crapanzano@chu.ulg.ac.be,GOAL - LABO - Google Chrome,Tâches diverses,2021-11-25,16:11:44,00:05:23
stefano.crapanzano@chu.ulg.ac.be,GOAL - LABO - Google Chrome,Tâches diverses,2021-11-25,16:17:22,00:02:29
stefano.crapanzano@chu.ulg.ac.be,GOAL - LABO - Google Chrome,Tâches diverses,2021-11-25,16:20:05,00:01:30
stefano.crapanzano@chu.ulg.ac.be,GOAL - LABO - Google Chrome,Tâches diverses,2021-11-25,16:21:52,00:00:10
stefano.crapanzano@chu.ulg.ac.be,GOAL - LABO - Google Chrome,Tâches diverses,2021-11-25,16:22:17,00:00:08
stefano.crapanzano@chu.ulg.ac.be,GOAL - LABO - Google Chrome,Tâches diverses,2021-11-25,16:22:43,00:00:05
stefano.crapanzano@chu.ulg.ac.be,GOAL - LABO - Google Chrome,Tâches diverses,2021-11-25,16:25:56,00:00:23
stefano.crapanzano@chu.ulg.ac.be,GOAL - LABO - Google Chrome,Tâches diverses,2021-11-25,16:27:43,00:00:14
stefano.crapanzano@chu.ulg.ac.be,GOAL - LABO - Google Chrome,Tâches diverses,2021-11-25,16:30:16,00:00:17
stefano.crapanzano@chu.ulg.ac.be,GOAL - LABO - Google Chrome,Tâches diverses,2021-11-25,16:31:23,00:00:05
stefano.crapanzano@chu.ulg.ac.be,GOAL - LABO - Google Chrome,Tâches diverses,2021-11-25,16:31:30,00:00:20
stefano.crapanzano@chu.ulg.ac.be,GOAL - LABO - Google Chrome,Tâches diverses,2021-11-25,16:31:55,00:00:05
stefano.crapanzano@chu.ulg.ac.be,GOAL - LABO - Google Chrome,Tâches diverses,2021-11-25,16:32:49,00:00:03
stefano.crapanzano@chu.ulg.ac.be,GOAL - LABO - Google Chrome,Tâches diverses,2021-11-25,16:33:28,00:00:05
stefano.crapanzano@chu.ulg.ac.be,GOAL - LABO - Google Chrome,Tâches diverses,2021-11-25,16:33:40,00:00:14
stefano.crapanzano@chu.ulg.ac.be,GOAL - LABO - Google Chrome,Tâches diverses,2021-11-25,16:35:16,00:00:05
stefano.crapanzano@chu.ulg.ac.be,GOAL - LABO - Google Chrome,Tâches diverses,2021-11-25,16:35:33,00:00:05
stefano.crapanzano@chu.ulg.ac.be,GOAL - LABO - Google Chrome,Tâches diverses,2021-11-25,16:39:31,00:00:04
stefano.crapanzano@chu.ulg.ac.be,GOAL - LABO - Google Chrome,Tâches diverses,2021-11-25,16:39:49,00:00:09
stefano.crapanzano@chu.ulg.ac.be,GOAL - LABO - Google Chrome,Tâches diverses,2021-11-25,16:40:00,00:00:05
stefano.crapanzano@chu.ulg.ac.be,GOAL - LABO - Google Chrome,Tâches diverses,2021-11-25,16:40:14,00:00:06
stefano.crapanzano@chu.ulg.ac.be,GOAL - LABO - Google Chrome,Tâches diverses,2021-11-25,16:40:31,00:00:05
stefano.crapanzano@chu.ulg.ac.be,GOAL - LABO - Google Chrome,Tâches diverses,2021-11-25,16:41:50,00:00:06
stefano.crapanzano@chu.ulg.ac.be,GOAL - LABO - Google Chrome,Tâches diverses,2021-11-25,16:43:35,00:00:11
stefano.crapanzano@chu.ulg.ac.be,GOAL - LABO - Google Chrome,Tâches diverses,2021-11-25,16:45:14,00:00:05
stefano.crapanzano@chu.ulg.ac.be,GOAL - LABO - Google Chrome,Tâches diverses,2021-11-25,16:46:03,00:00:13
stefano.crapanzano@chu.ulg.ac.be,GOAL - LABO - Google Chrome,Tâches diverses,2021-11-25,16:46:24,00:06:38
stefano.crapanzano@chu.ulg.ac.be,GOAL - LABO - Google Chrome,Tâches diverses,2021-11-25,16:53:41,00:00:51
stefano.crapanzano@chu.ulg.ac.be,GOAL - LABO - Google Chrome,Tâches diverses,2021-11-25,16:54:34,00:00:29
stefano.crapanzano@chu.ulg.ac.be,Programmation,IT,2021-11-25,08:28:32,00:00:35
stefano.crapanzano@chu.ulg.ac.be,Programmation,IT,2021-11-25,08:29:13,00:05:47
stefano.crapanzano@chu.ulg.ac.be,Programmation,IT,2021-11-25,08:38:02,00:00:32
stefano.crapanzano@chu.ulg.ac.be,Programmation,IT,2021-11-25,08:41:41,00:01:05
stefano.crapanzano@chu.ulg.ac.be,Programmation,IT,2021-11-25,08:42:58,00:04:10
stefano.crapanzano@chu.ulg.ac.be,Programmation,IT,2021-11-25,08:49:01,00:01:01
stefano.crapanzano@chu.ulg.ac.be,Programmation,IT,2021-11-25,08:50:40,00:00:13
stefano.crapanzano@chu.ulg.ac.be,Programmation,IT,2021-11-25,08:51:03,00:00:11
stefano.crapanzano@chu.ulg.ac.be,Programmation,IT,2021-11-25,08:51:20,00:00:02
stefano.crapanzano@chu.ulg.ac.be,Programmation,IT,2021-11-25,08:51:23,00:00:26
stefano.crapanzano@chu.ulg.ac.be,Programmation,IT,2021-11-25,08:51:55,00:00:44
stefano.crapanzano@chu.ulg.ac.be,Programmation,IT,2021-11-25,08:52:50,00:00:12
stefano.crapanzano@chu.ulg.ac.be,Programmation,IT,2021-11-25,08:53:07,00:02:19
stefano.crapanzano@chu.ulg.ac.be,Programmation,IT,2021-11-25,08:59:53,00:01:17
stefano.crapanzano@chu.ulg.ac.be,Programmation,IT,2021-11-25,09:01:18,00:00:05
stefano.crapanzano@chu.ulg.ac.be,Programmation,IT,2021-11-25,09:02:02,00:01:06
stefano.crapanzano@chu.ulg.ac.be,Programmation,IT,2021-11-25,09:03:18,00:00:02
stefano.crapanzano@chu.ulg.ac.be,Programmation,IT,2021-11-25,09:03:22,00:00:10
stefano.crapanzano@chu.ulg.ac.be,Programmation,IT,2021-11-25,09:04:21,00:03:50
stefano.crapanzano@chu.ulg.ac.be,Programmation,IT,2021-11-25,09:08:20,00:01:46
stefano.crapanzano@chu.ulg.ac.be,Programmation,IT,2021-11-25,09:11:13,00:00:06
stefano.crapanzano@chu.ulg.ac.be,Programmation,IT,2021-11-25,09:12:05,00:00:10
stefano.crapanzano@chu.ulg.ac.be,Programmation,IT,2021-11-25,09:12:17,00:06:12
stefano.crapanzano@chu.ulg.ac.be,Programmation,IT,2021-11-25,09:18:46,00:04:54
stefano.crapanzano@chu.ulg.ac.be,Programmation,IT,2021-11-25,09:23:52,00:01:53
stefano.crapanzano@chu.ulg.ac.be,Programmation,IT,2021-11-25,09:26:47,00:03:55
stefano.crapanzano@chu.ulg.ac.be,Programmation,IT,2021-11-25,09:32:15,00:00:02
stefano.crapanzano@chu.ulg.ac.be,Programmation,IT,2021-11-25,09:32:23,00:01:58
stefano.crapanzano@chu.ulg.ac.be,Programmation,IT,2021-11-25,09:50:13,00:00:15
stefano.crapanzano@chu.ulg.ac.be,Programmation,IT,2021-11-25,09:51:07,00:01:44
stefano.crapanzano@chu.ulg.ac.be,Programmation,IT,2021-11-25,09:56:00,00:09:04
stefano.crapanzano@chu.ulg.ac.be,Programmation,IT,2021-11-25,10:07:51,00:01:45
stefano.crapanzano@chu.ulg.ac.be,Programmation,IT,2021-11-25,10:10:05,00:10:24
stefano.crapanzano@chu.ulg.ac.be,Programmation,IT,2021-11-25,10:20:39,00:00:03
stefano.crapanzano@chu.ulg.ac.be,Programmation,IT,2021-11-25,10:21:26,00:00:06
stefano.crapanzano@chu.ulg.ac.be,Programmation,IT,2021-11-25,10:21:36,00:00:07
stefano.crapanzano@chu.ulg.ac.be,Programmation,IT,2021-11-25,10:21:48,00:00:06
stefano.crapanzano@chu.ulg.ac.be,Programmation,IT,2021-11-25,10:22:02,00:00:16
stefano.crapanzano@chu.ulg.ac.be,Programmation,IT,2021-11-25,10:22:20,00:00:04
stefano.crapanzano@chu.ulg.ac.be,Programmation,IT,2021-11-25,10:22:29,00:00:11
stefano.crapanzano@chu.ulg.ac.be,Programmation,IT,2021-11-25,10:24:47,00:00:30
stefano.crapanzano@chu.ulg.ac.be,Programmation,IT,2021-11-25,10:25:25,00:00:02
stefano.crapanzano@chu.ulg.ac.be,Programmation,IT,2021-11-25,10:25:50,00:00:28
stefano.crapanzano@chu.ulg.ac.be,Programmation,IT,2021-11-25,10:26:37,00:00:03
stefano.crapanzano@chu.ulg.ac.be,Programmation,IT,2021-11-25,10:26:49,00:00:09
stefano.crapanzano@chu.ulg.ac.be,Programmation,IT,2021-11-25,10:27:49,00:00:44
stefano.crapanzano@chu.ulg.ac.be,Programmation,IT,2021-11-25,10:29:16,00:00:26
stefano.crapanzano@chu.ulg.ac.be,Programmation,IT,2021-11-25,10:29:59,00:06:42
stefano.crapanzano@chu.ulg.ac.be,Programmation,IT,2021-11-25,10:36:52,00:00:15
stefano.crapanzano@chu.ulg.ac.be,Programmation,IT,2021-11-25,10:37:44,00:04:00
stefano.crapanzano@chu.ulg.ac.be,Programmation,IT,2021-11-25,10:42:00,00:02:48
stefano.crapanzano@chu.ulg.ac.be,Programmation,IT,2021-11-25,10:44:50,00:00:30
stefano.crapanzano@chu.ulg.ac.be,Programmation,IT,2021-11-25,10:46:34,00:00:24
stefano.crapanzano@chu.ulg.ac.be,Programmation,IT,2021-11-25,10:47:38,00:00:58
stefano.crapanzano@chu.ulg.ac.be,Programmation,IT,2021-11-25,10:52:35,00:00:10
stefano.crapanzano@chu.ulg.ac.be,Programmation,IT,2021-11-25,10:54:43,00:00:09
stefano.crapanzano@chu.ulg.ac.be,Programmation,IT,2021-11-25,10:55:10,00:01:47
stefano.crapanzano@chu.ulg.ac.be,Programmation,IT,2021-11-25,11:04:46,00:00:02
stefano.crapanzano@chu.ulg.ac.be,Programmation,IT,2021-11-25,11:05:16,00:00:23
stefano.crapanzano@chu.ulg.ac.be,Programmation,IT,2021-11-25,11:10:10,00:00:02
stefano.crapanzano@chu.ulg.ac.be,Programmation,IT,2021-11-25,11:10:14,00:00:04
stefano.crapanzano@chu.ulg.ac.be,Programmation,IT,2021-11-25,11:10:21,00:00:11
stefano.crapanzano@chu.ulg.ac.be,Programmation,IT,2021-11-25,11:12:55,00:00:22
stefano.crapanzano@chu.ulg.ac.be,Programmation,IT,2021-11-25,11:13:45,00:00:33
stefano.crapanzano@chu.ulg.ac.be,Programmation,IT,2021-11-25,11:32:22,00:01:03
stefano.crapanzano@chu.ulg.ac.be,Programmation,IT,2021-11-25,11:33:41,00:00:38
stefano.crapanzano@chu.ulg.ac.be,Programmation,IT,2021-11-25,11:34:20,00:00:20
stefano.crapanzano@chu.ulg.ac.be,Programmation,IT,2021-11-25,11:34:52,00:01:46
stefano.crapanzano@chu.ulg.ac.be,Programmation,IT,2021-11-25,11:39:55,00:01:34
stefano.crapanzano@chu.ulg.ac.be,Programmation,IT,2021-11-25,11:42:53,00:00:37
stefano.crapanzano@chu.ulg.ac.be,Programmation,IT,2021-11-25,11:43:45,00:00:57
stefano.crapanzano@chu.ulg.ac.be,Programmation,IT,2021-11-25,11:45:14,00:00:26
stefano.crapanzano@chu.ulg.ac.be,Programmation,IT,2021-11-25,11:46:01,00:12:45
stefano.crapanzano@chu.ulg.ac.be,Programmation,IT,2021-11-25,11:58:48,00:01:40
stefano.crapanzano@chu.ulg.ac.be,Programmation,IT,2021-11-25,12:00:44,00:00:06
stefano.crapanzano@chu.ulg.ac.be,Programmation,IT,2021-11-25,12:03:15,00:01:43
stefano.crapanzano@chu.ulg.ac.be,Programmation,IT,2021-11-25,12:05:18,00:01:28
stefano.crapanzano@chu.ulg.ac.be,Programmation,IT,2021-11-25,12:13:42,00:02:43
stefano.crapanzano@chu.ulg.ac.be,Programmation,IT,2021-11-25,12:16:37,00:02:39
stefano.crapanzano@chu.ulg.ac.be,Programmation,IT,2021-11-25,12:19:46,00:00:12
stefano.crapanzano@chu.ulg.ac.be,Programmation,IT,2021-11-25,12:20:01,00:00:06
stefano.crapanzano@chu.ulg.ac.be,Programmation,IT,2021-11-25,12:20:16,00:00:19
stefano.crapanzano@chu.ulg.ac.be,Programmation,IT,2021-11-25,12:21:37,00:00:12
stefano.crapanzano@chu.ulg.ac.be,Programmation,IT,2021-11-25,12:22:00,00:00:03
stefano.crapanzano@chu.ulg.ac.be,Programmation,IT,2021-11-25,12:22:07,00:00:11
stefano.crapanzano@chu.ulg.ac.be,Programmation,IT,2021-11-25,12:22:28,00:00:31
stefano.crapanzano@chu.ulg.ac.be,Programmation,IT,2021-11-25,12:23:14,00:00:19
stefano.crapanzano@chu.ulg.ac.be,Programmation,IT,2021-11-25,12:23:38,00:00:19
stefano.crapanzano@chu.ulg.ac.be,Programmation,IT,2021-11-25,12:24:01,00:01:00
stefano.crapanzano@chu.ulg.ac.be,Programmation,IT,2021-11-25,12:25:07,00:00:07
stefano.crapanzano@chu.ulg.ac.be,Programmation,IT,2021-11-25,12:25:19,00:00:14
stefano.crapanzano@chu.ulg.ac.be,Programmation,IT,2021-11-25,12:25:37,00:00:05
stefano.crapanzano@chu.ulg.ac.be,Programmation,IT,2021-11-25,13:20:13,00:00:24
stefano.crapanzano@chu.ulg.ac.be,Programmation,IT,2021-11-25,13:20:51,00:00:06
stefano.crapanzano@chu.ulg.ac.be,Programmation,IT,2021-11-25,13:22:20,00:00:17
stefano.crapanzano@chu.ulg.ac.be,Programmation,IT,2021-11-25,13:22:50,00:00:23
stefano.crapanzano@chu.ulg.ac.be,Programmation,IT,2021-11-25,13:23:19,00:00:10
stefano.crapanzano@chu.ulg.ac.be,Programmation,IT,2021-11-25,13:24:42,00:00:07
stefano.crapanzano@chu.ulg.ac.be,Programmation,IT,2021-11-25,13:25:11,00:00:02
stefano.crapanzano@chu.ulg.ac.be,Programmation,IT,2021-11-25,13:25:18,00:00:03
stefano.crapanzano@chu.ulg.ac.be,Programmation,IT,2021-11-25,13:25:24,00:00:05
stefano.crapanzano@chu.ulg.ac.be,Programmation,IT,2021-11-25,13:25:38,00:00:07
stefano.crapanzano@chu.ulg.ac.be,Programmation,IT,2021-11-25,13:29:03,00:00:26
stefano.crapanzano@chu.ulg.ac.be,Programmation,IT,2021-11-25,13:29:40,00:00:09
stefano.crapanzano@chu.ulg.ac.be,Programmation,IT,2021-11-25,13:32:20,00:00:03
stefano.crapanzano@chu.ulg.ac.be,Programmation,IT,2021-11-25,13:32:40,00:00:30
stefano.crapanzano@chu.ulg.ac.be,Programmation,IT,2021-11-25,13:33:14,00:00:06
stefano.crapanzano@chu.ulg.ac.be,Programmation,IT,2021-11-25,13:40:52,00:00:03
stefano.crapanzano@chu.ulg.ac.be,Programmation,IT,2021-11-25,13:41:04,00:00:05
stefano.crapanzano@chu.ulg.ac.be,Programmation,IT,2021-11-25,13:41:17,00:00:02
stefano.crapanzano@chu.ulg.ac.be,Programmation,IT,2021-11-25,13:41:29,00:00:02
stefano.crapanzano@chu.ulg.ac.be,Programmation,IT,2021-11-25,13:43:19,00:00:17
stefano.crapanzano@chu.ulg.ac.be,Programmation,IT,2021-11-25,13:43:43,00:00:07
stefano.crapanzano@chu.ulg.ac.be,Programmation,IT,2021-11-25,14:00:53,00:00:02
stefano.crapanzano@chu.ulg.ac.be,Programmation,IT,2021-11-25,14:26:30,00:00:25
stefano.crapanzano@chu.ulg.ac.be,Programmation,IT,2021-11-25,14:27:17,00:00:02
stefano.crapanzano@chu.ulg.ac.be,Programmation,IT,2021-11-25,14:27:23,00:00:06
stefano.crapanzano@chu.ulg.ac.be,Programmation,IT,2021-11-25,14:27:31,00:00:02
stefano.crapanzano@chu.ulg.ac.be,Programmation,IT,2021-11-25,14:28:47,00:00:04
stefano.crapanzano@chu.ulg.ac.be,Programmation,IT,2021-11-25,14:30:21,00:00:14
stefano.crapanzano@chu.ulg.ac.be,Programmation,IT,2021-11-25,14:30:56,00:00:19
stefano.crapanzano@chu.ulg.ac.be,Programmation,IT,2021-11-25,14:31:44,00:00:05
stefano.crapanzano@chu.ulg.ac.be,Programmation,IT,2021-11-25,14:32:17,00:00:06
stefano.crapanzano@chu.ulg.ac.be,Programmation,IT,2021-11-25,14:32:44,00:00:07
stefano.crapanzano@chu.ulg.ac.be,Programmation,IT,2021-11-25,14:32:56,00:00:03
stefano.crapanzano@chu.ulg.ac.be,Programmation,IT,2021-11-25,14:33:07,00:00:05
stefano.crapanzano@chu.ulg.ac.be,Programmation,IT,2021-11-25,14:33:18,00:00:16
stefano.crapanzano@chu.ulg.ac.be,Programmation,IT,2021-11-25,14:36:03,00:00:10
stefano.crapanzano@chu.ulg.ac.be,Programmation,IT,2021-11-25,14:36:21,00:00:05
stefano.crapanzano@chu.ulg.ac.be,Programmation,IT,2021-11-25,14:40:46,00:00:06
stefano.crapanzano@chu.ulg.ac.be,Programmation,IT,2021-11-25,14:41:00,00:00:07
stefano.crapanzano@chu.ulg.ac.be,Programmation,IT,2021-11-25,14:42:42,00:00:10
stefano.crapanzano@chu.ulg.ac.be,Programmation,IT,2021-11-25,14:42:55,00:00:03
stefano.crapanzano@chu.ulg.ac.be,Programmation,IT,2021-11-25,14:43:14,00:00:09
stefano.crapanzano@chu.ulg.ac.be,Programmation,IT,2021-11-25,14:43:34,00:00:09
stefano.crapanzano@chu.ulg.ac.be,Programmation,IT,2021-11-25,14:44:18,00:00:14
stefano.crapanzano@chu.ulg.ac.be,Programmation,IT,2021-11-25,14:44:38,00:00:03
stefano.crapanzano@chu.ulg.ac.be,Programmation,IT,2021-11-25,14:44:45,00:00:05
stefano.crapanzano@chu.ulg.ac.be,Programmation,IT,2021-11-25,14:44:54,00:00:03
stefano.crapanzano@chu.ulg.ac.be,Programmation,IT,2021-11-25,14:45:04,00:00:11
stefano.crapanzano@chu.ulg.ac.be,Programmation,IT,2021-11-25,14:45:56,00:00:04
stefano.crapanzano@chu.ulg.ac.be,Programmation,IT,2021-11-25,14:46:06,00:00:16
stefano.crapanzano@chu.ulg.ac.be,Programmation,IT,2021-11-25,14:46:47,00:00:05
stefano.crapanzano@chu.ulg.ac.be,Programmation,IT,2021-11-25,14:46:58,00:00:08
stefano.crapanzano@chu.ulg.ac.be,Programmation,IT,2021-11-25,14:47:54,00:00:12
stefano.crapanzano@chu.ulg.ac.be,Programmation,IT,2021-11-25,14:50:59,00:00:21
stefano.crapanzano@chu.ulg.ac.be,Programmation,IT,2021-11-25,14:51:28,00:00:20
stefano.crapanzano@chu.ulg.ac.be,Programmation,IT,2021-11-25,14:51:53,00:01:52
stefano.crapanzano@chu.ulg.ac.be,Programmation,IT,2021-11-25,14:53:54,00:00:02
stefano.crapanzano@chu.ulg.ac.be,Programmation,IT,2021-11-25,14:54:03,00:00:10
stefano.crapanzano@chu.ulg.ac.be,Programmation,IT,2021-11-25,14:54:27,00:00:32
stefano.crapanzano@chu.ulg.ac.be,Programmation,IT,2021-11-25,14:55:30,00:00:02
stefano.crapanzano@chu.ulg.ac.be,Programmation,IT,2021-11-25,14:56:38,00:00:07
stefano.crapanzano@chu.ulg.ac.be,Programmation,IT,2021-11-25,14:57:40,00:00:10
stefano.crapanzano@chu.ulg.ac.be,Programmation,IT,2021-11-25,14:58:29,00:00:02
stefano.crapanzano@chu.ulg.ac.be,Programmation,IT,2021-11-25,14:58:35,00:00:04
stefano.crapanzano@chu.ulg.ac.be,Programmation,IT,2021-11-25,14:59:32,00:00:24
stefano.crapanzano@chu.ulg.ac.be,Programmation,IT,2021-11-25,15:09:48,00:00:15
stefano.crapanzano@chu.ulg.ac.be,Programmation,IT,2021-11-25,15:10:17,00:00:06
stefano.crapanzano@chu.ulg.ac.be,Programmation,IT,2021-11-25,15:10:45,00:00:03
stefano.crapanzano@chu.ulg.ac.be,Programmation,IT,2021-11-25,15:11:00,00:00:11
stefano.crapanzano@chu.ulg.ac.be,Programmation,IT,2021-11-25,15:11:20,00:00:03
stefano.crapanzano@chu.ulg.ac.be,Programmation,IT,2021-11-25,15:11:37,00:00:16
stefano.crapanzano@chu.ulg.ac.be,Programmation,IT,2021-11-25,15:11:59,00:00:05
stefano.crapanzano@chu.ulg.ac.be,Programmation,IT,2021-11-25,15:12:39,00:00:10
stefano.crapanzano@chu.ulg.ac.be,Programmation,IT,2021-11-25,15:13:43,00:00:07
stefano.crapanzano@chu.ulg.ac.be,Programmation,IT,2021-11-25,15:13:56,00:00:04
stefano.crapanzano@chu.ulg.ac.be,Programmation,IT,2021-11-25,15:14:04,00:00:18
stefano.crapanzano@chu.ulg.ac.be,Programmation,IT,2021-11-25,15:14:27,00:00:03
stefano.crapanzano@chu.ulg.ac.be,Programmation,IT,2021-11-25,15:15:08,00:00:03
stefano.crapanzano@chu.ulg.ac.be,Programmation,IT,2021-11-25,15:15:20,00:00:05
stefano.crapanzano@chu.ulg.ac.be,Programmation,IT,2021-11-25,15:15:37,00:00:12
stefano.crapanzano@chu.ulg.ac.be,Programmation,IT,2021-11-25,15:15:53,00:00:08
stefano.crapanzano@chu.ulg.ac.be,Programmation,IT,2021-11-25,15:16:41,00:00:30
stefano.crapanzano@chu.ulg.ac.be,Programmation,IT,2021-11-25,15:17:19,00:00:06
stefano.crapanzano@chu.ulg.ac.be,Programmation,IT,2021-11-25,15:20:57,00:00:24
stefano.crapanzano@chu.ulg.ac.be,Programmation,IT,2021-11-25,15:22:40,00:00:27
stefano.crapanzano@chu.ulg.ac.be,Programmation,IT,2021-11-25,15:23:15,00:00:03
stefano.crapanzano@chu.ulg.ac.be,Programmation,IT,2021-11-25,15:23:52,00:00:04
stefano.crapanzano@chu.ulg.ac.be,Programmation,IT,2021-11-25,15:25:05,00:00:02
stefano.crapanzano@chu.ulg.ac.be,Programmation,IT,2021-11-25,15:25:15,00:00:12
stefano.crapanzano@chu.ulg.ac.be,Programmation,IT,2021-11-25,15:25:56,00:00:17
stefano.crapanzano@chu.ulg.ac.be,Programmation,IT,2021-11-25,15:26:22,00:00:10
stefano.crapanzano@chu.ulg.ac.be,Programmation,IT,2021-11-25,15:26:33,00:00:08
stefano.crapanzano@chu.ulg.ac.be,Programmation,IT,2021-11-25,15:26:46,00:00:08
stefano.crapanzano@chu.ulg.ac.be,Programmation,IT,2021-11-25,15:26:57,00:00:19
stefano.crapanzano@chu.ulg.ac.be,Programmation,IT,2021-11-25,15:34:29,00:00:15
stefano.crapanzano@chu.ulg.ac.be,Programmation,IT,2021-11-25,15:34:50,00:00:15
stefano.crapanzano@chu.ulg.ac.be,Programmation,IT,2021-11-25,15:35:36,00:00:11
stefano.crapanzano@chu.ulg.ac.be,Programmation,IT,2021-11-25,15:36:28,00:00:15
stefano.crapanzano@chu.ulg.ac.be,Programmation,IT,2021-11-25,15:38:36,00:00:14
stefano.crapanzano@chu.ulg.ac.be,Programmation,IT,2021-11-25,15:39:54,00:00:17
stefano.crapanzano@chu.ulg.ac.be,Programmation,IT,2021-11-25,15:41:09,00:00:05
stefano.crapanzano@chu.ulg.ac.be,Programmation,IT,2021-11-25,15:41:16,00:00:05
stefano.crapanzano@chu.ulg.ac.be,Programmation,IT,2021-11-25,15:42:00,00:00:03
stefano.crapanzano@chu.ulg.ac.be,Programmation,IT,2021-11-25,15:42:11,00:00:26
stefano.crapanzano@chu.ulg.ac.be,Programmation,IT,2021-11-25,15:43:28,00:00:09
stefano.crapanzano@chu.ulg.ac.be,Programmation,IT,2021-11-25,15:44:56,00:00:32
stefano.crapanzano@chu.ulg.ac.be,Programmation,IT,2021-11-25,15:45:33,00:00:07
stefano.crapanzano@chu.ulg.ac.be,Programmation,IT,2021-11-25,15:53:16,00:00:12
stefano.crapanzano@chu.ulg.ac.be,Programmation,IT,2021-11-25,15:57:57,00:00:15
stefano.crapanzano@chu.ulg.ac.be,Programmation,IT,2021-11-25,15:58:18,00:00:06
stefano.crapanzano@chu.ulg.ac.be,Programmation,IT,2021-11-25,15:58:30,00:01:33
stefano.crapanzano@chu.ulg.ac.be,Programmation,IT,2021-11-25,16:02:07,00:01:40
stefano.crapanzano@chu.ulg.ac.be,Programmation,IT,2021-11-25,16:03:54,00:01:35
stefano.crapanzano@chu.ulg.ac.be,Programmation,IT,2021-11-25,16:05:53,00:00:08
stefano.crapanzano@chu.ulg.ac.be,Programmation,IT,2021-11-25,16:06:18,00:00:07
stefano.crapanzano@chu.ulg.ac.be,Programmation,IT,2021-11-25,16:07:02,00:01:08
stefano.crapanzano@chu.ulg.ac.be,Programmation,IT,2021-11-25,16:08:27,00:00:53
stefano.crapanzano@chu.ulg.ac.be,Programmation,IT,2021-11-25,16:09:56,00:01:42
stefano.crapanzano@chu.ulg.ac.be,Programmation,IT,2021-11-25,16:11:40,00:00:03
stefano.crapanzano@chu.ulg.ac.be,Programmation,IT,2021-11-25,16:17:09,00:00:13
stefano.crapanzano@chu.ulg.ac.be,Programmation,IT,2021-11-25,16:22:27,00:00:15
stefano.crapanzano@chu.ulg.ac.be,Programmation,IT,2021-11-25,16:22:48,00:00:02
stefano.crapanzano@chu.ulg.ac.be,Programmation,IT,2021-11-25,16:28:02,00:00:33
stefano.crapanzano@chu.ulg.ac.be,Programmation,IT,2021-11-25,16:29:45,00:00:29
stefano.crapanzano@chu.ulg.ac.be,Programmation,IT,2021-11-25,16:30:34,00:00:03
stefano.crapanzano@chu.ulg.ac.be,Programmation,IT,2021-11-25,16:30:53,00:00:28
stefano.crapanzano@chu.ulg.ac.be,Programmation,IT,2021-11-25,16:31:50,00:00:05
stefano.crapanzano@chu.ulg.ac.be,Programmation,IT,2021-11-25,16:32:01,00:00:38
stefano.crapanzano@chu.ulg.ac.be,Programmation,IT,2021-11-25,16:32:41,00:00:06
stefano.crapanzano@chu.ulg.ac.be,Programmation,IT,2021-11-25,16:32:53,00:00:24
stefano.crapanzano@chu.ulg.ac.be,Programmation,IT,2021-11-25,16:33:22,00:00:02
stefano.crapanzano@chu.ulg.ac.be,Programmation,IT,2021-11-25,16:33:33,00:00:06
stefano.crapanzano@chu.ulg.ac.be,Programmation,IT,2021-11-25,16:33:55,00:00:08
stefano.crapanzano@chu.ulg.ac.be,Programmation,IT,2021-11-25,16:34:37,00:00:37
stefano.crapanzano@chu.ulg.ac.be,Programmation,IT,2021-11-25,16:35:21,00:00:11
stefano.crapanzano@chu.ulg.ac.be,Programmation,IT,2021-11-25,16:35:40,00:00:02
stefano.crapanzano@chu.ulg.ac.be,Programmation,IT,2021-11-25,16:36:40,00:00:07
stefano.crapanzano@chu.ulg.ac.be,Programmation,IT,2021-11-25,16:36:49,00:00:40
stefano.crapanzano@chu.ulg.ac.be,Programmation,IT,2021-11-25,16:37:47,00:00:59
stefano.crapanzano@chu.ulg.ac.be,Programmation,IT,2021-11-25,16:39:09,00:00:17
stefano.crapanzano@chu.ulg.ac.be,Programmation,IT,2021-11-25,16:39:37,00:00:12
stefano.crapanzano@chu.ulg.ac.be,Programmation,IT,2021-11-25,16:40:06,00:00:07
stefano.crapanzano@chu.ulg.ac.be,Programmation,IT,2021-11-25,16:40:23,00:00:08
stefano.crapanzano@chu.ulg.ac.be,Programmation,IT,2021-11-25,16:41:35,00:00:11
stefano.crapanzano@chu.ulg.ac.be,Programmation,IT,2021-11-25,16:41:56,00:00:08
stefano.crapanzano@chu.ulg.ac.be,Programmation,IT,2021-11-25,16:43:10,00:00:10
stefano.crapanzano@chu.ulg.ac.be,Programmation,IT,2021-11-25,16:43:46,00:00:15
stefano.crapanzano@chu.ulg.ac.be,Programmation,IT,2021-11-25,16:44:07,00:01:05
stefano.crapanzano@chu.ulg.ac.be,Programmation,IT,2021-11-25,16:45:19,00:00:42
stefano.crapanzano@chu.ulg.ac.be,Programmation,IT,2021-11-25,16:46:18,00:00:06
stefano.crapanzano@chu.ulg.ac.be,Programmation,IT,2021-11-25,16:53:04,00:00:35
stefano.crapanzano@chu.ulg.ac.be,Programmation,IT,2021-11-25,16:55:12,00:00:55
stefano.crapanzano@chu.ulg.ac.be,Programmation,IT,2021-11-25,16:56:09,00:01:36
stefano.crapanzano@chu.ulg.ac.be,DBeaver 21.0.0 - <db_integration.sqlite3> Script-4,Tâches diverses,2021-11-25,13:11:33,00:00:08
stefano.crapanzano@chu.ulg.ac.be,DBeaver 21.0.0 - <db_integration.sqlite3> Script-4,Tâches diverses,2021-11-25,16:22:03,00:00:12
stefano.crapanzano@chu.ulg.ac.be,Navigation système de fichier,IT,2021-11-25,08:39:01,00:00:08
stefano.crapanzano@chu.ulg.ac.be,Navigation système de fichier,IT,2021-11-25,08:40:06,00:00:06
stefano.crapanzano@chu.ulg.ac.be,Navigation système de fichier,IT,2021-11-25,08:41:39,00:00:02
stefano.crapanzano@chu.ulg.ac.be,Navigation système de fichier,IT,2021-11-25,08:50:03,00:00:02
stefano.crapanzano@chu.ulg.ac.be,Navigation système de fichier,IT,2021-11-25,08:55:58,00:00:02
stefano.crapanzano@chu.ulg.ac.be,Navigation système de fichier,IT,2021-11-25,08:59:51,00:00:02
stefano.crapanzano@chu.ulg.ac.be,Navigation système de fichier,IT,2021-11-25,09:11:20,00:00:02
stefano.crapanzano@chu.ulg.ac.be,Navigation système de fichier,IT,2021-11-25,09:11:33,00:00:10
stefano.crapanzano@chu.ulg.ac.be,Navigation système de fichier,IT,2021-11-25,09:18:30,00:00:02
stefano.crapanzano@chu.ulg.ac.be,Navigation système de fichier,IT,2021-11-25,09:34:22,00:00:02
stefano.crapanzano@chu.ulg.ac.be,Navigation système de fichier,IT,2021-11-25,09:38:04,00:00:02
stefano.crapanzano@chu.ulg.ac.be,Navigation système de fichier,IT,2021-11-25,09:41:36,00:00:03
stefano.crapanzano@chu.ulg.ac.be,Navigation système de fichier,IT,2021-11-25,09:41:56,00:00:02
stefano.crapanzano@chu.ulg.ac.be,Navigation système de fichier,IT,2021-11-25,09:44:01,00:00:02
stefano.crapanzano@chu.ulg.ac.be,Navigation système de fichier,IT,2021-11-25,09:44:32,00:00:10
stefano.crapanzano@chu.ulg.ac.be,Navigation système de fichier,IT,2021-11-25,09:44:45,00:00:02
stefano.crapanzano@chu.ulg.ac.be,Navigation système de fichier,IT,2021-11-25,09:45:50,00:00:05
stefano.crapanzano@chu.ulg.ac.be,Navigation système de fichier,IT,2021-11-25,09:51:04,00:00:02
stefano.crapanzano@chu.ulg.ac.be,Navigation système de fichier,IT,2021-11-25,10:05:05,00:00:02
stefano.crapanzano@chu.ulg.ac.be,Navigation système de fichier,IT,2021-11-25,10:20:30,00:00:02
stefano.crapanzano@chu.ulg.ac.be,Navigation système de fichier,IT,2021-11-25,10:20:35,00:00:03
stefano.crapanzano@chu.ulg.ac.be,Navigation système de fichier,IT,2021-11-25,10:24:26,00:00:02
stefano.crapanzano@chu.ulg.ac.be,Navigation système de fichier,IT,2021-11-25,10:25:18,00:00:02
stefano.crapanzano@chu.ulg.ac.be,Navigation système de fichier,IT,2021-11-25,10:25:22,00:00:02
stefano.crapanzano@chu.ulg.ac.be,Navigation système de fichier,IT,2021-11-25,10:25:36,00:00:02
stefano.crapanzano@chu.ulg.ac.be,Navigation système de fichier,IT,2021-11-25,10:26:21,00:00:02
stefano.crapanzano@chu.ulg.ac.be,Navigation système de fichier,IT,2021-11-25,10:45:21,00:00:04
stefano.crapanzano@chu.ulg.ac.be,Navigation système de fichier,IT,2021-11-25,10:53:14,00:00:06
stefano.crapanzano@chu.ulg.ac.be,Navigation système de fichier,IT,2021-11-25,11:00:01,00:00:02
stefano.crapanzano@chu.ulg.ac.be,Navigation système de fichier,IT,2021-11-25,11:04:43,00:00:02
stefano.crapanzano@chu.ulg.ac.be,Navigation système de fichier,IT,2021-11-25,11:05:13,00:00:02
stefano.crapanzano@chu.ulg.ac.be,Navigation système de fichier,IT,2021-11-25,11:12:50,00:00:04
stefano.crapanzano@chu.ulg.ac.be,Navigation système de fichier,IT,2021-11-25,11:33:25,00:00:15
stefano.crapanzano@chu.ulg.ac.be,Navigation système de fichier,IT,2021-11-25,11:36:38,00:00:05
stefano.crapanzano@chu.ulg.ac.be,Navigation système de fichier,IT,2021-11-25,11:45:07,00:00:07
stefano.crapanzano@chu.ulg.ac.be,Navigation système de fichier,IT,2021-11-25,12:19:17,00:00:04
stefano.crapanzano@chu.ulg.ac.be,Navigation système de fichier,IT,2021-11-25,12:19:43,00:00:02
stefano.crapanzano@chu.ulg.ac.be,Navigation système de fichier,IT,2021-11-25,12:19:58,00:00:02
stefano.crapanzano@chu.ulg.ac.be,Navigation système de fichier,IT,2021-11-25,12:21:22,00:00:14
stefano.crapanzano@chu.ulg.ac.be,Navigation système de fichier,IT,2021-11-25,12:25:01,00:00:02
stefano.crapanzano@chu.ulg.ac.be,Navigation système de fichier,IT,2021-11-25,12:30:11,00:00:02
stefano.crapanzano@chu.ulg.ac.be,Navigation système de fichier,IT,2021-11-25,13:21:12,00:00:02
stefano.crapanzano@chu.ulg.ac.be,Navigation système de fichier,IT,2021-11-25,13:25:52,00:00:03
stefano.crapanzano@chu.ulg.ac.be,Navigation système de fichier,IT,2021-11-25,13:32:17,00:00:02
stefano.crapanzano@chu.ulg.ac.be,Navigation système de fichier,IT,2021-11-25,13:39:40,00:00:02
stefano.crapanzano@chu.ulg.ac.be,Navigation système de fichier,IT,2021-11-25,13:43:16,00:00:02
stefano.crapanzano@chu.ulg.ac.be,Navigation système de fichier,IT,2021-11-25,13:54:46,00:00:02
stefano.crapanzano@chu.ulg.ac.be,Navigation système de fichier,IT,2021-11-25,13:55:38,00:00:02
stefano.crapanzano@chu.ulg.ac.be,Navigation système de fichier,IT,2021-11-25,14:30:16,00:00:04
stefano.crapanzano@chu.ulg.ac.be,Navigation système de fichier,IT,2021-11-25,14:31:25,00:00:03
stefano.crapanzano@chu.ulg.ac.be,Navigation système de fichier,IT,2021-11-25,14:32:37,00:00:06
stefano.crapanzano@chu.ulg.ac.be,Navigation système de fichier,IT,2021-11-25,14:45:36,00:00:02
stefano.crapanzano@chu.ulg.ac.be,Navigation système de fichier,IT,2021-11-25,14:47:50,00:00:04
stefano.crapanzano@chu.ulg.ac.be,Navigation système de fichier,IT,2021-11-25,15:06:00,00:00:02
stefano.crapanzano@chu.ulg.ac.be,Navigation système de fichier,IT,2021-11-25,15:10:54,00:00:02
stefano.crapanzano@chu.ulg.ac.be,Navigation système de fichier,IT,2021-11-25,15:12:14,00:00:03
stefano.crapanzano@chu.ulg.ac.be,Navigation système de fichier,IT,2021-11-25,15:15:11,00:00:07
stefano.crapanzano@chu.ulg.ac.be,Navigation système de fichier,IT,2021-11-25,15:15:25,00:00:02
stefano.crapanzano@chu.ulg.ac.be,Navigation système de fichier,IT,2021-11-25,15:20:54,00:00:02
stefano.crapanzano@chu.ulg.ac.be,Navigation système de fichier,IT,2021-11-25,15:37:27,00:00:20
stefano.crapanzano@chu.ulg.ac.be,Navigation système de fichier,IT,2021-11-25,15:40:55,00:00:12
stefano.crapanzano@chu.ulg.ac.be,Navigation système de fichier,IT,2021-11-25,16:06:02,00:00:15
stefano.crapanzano@chu.ulg.ac.be,Navigation système de fichier,IT,2021-11-25,16:21:35,00:00:02
stefano.crapanzano@chu.ulg.ac.be,Navigation système de fichier,IT,2021-11-25,16:27:58,00:00:03
stefano.crapanzano@chu.ulg.ac.be,Navigation système de fichier,IT,2021-11-25,16:30:37,00:00:02
stefano.crapanzano@chu.ulg.ac.be,Navigation système de fichier,IT,2021-11-25,16:57:49,00:00:03
stefano.crapanzano@chu.ulg.ac.be,Navigation système de fichier,IT,2021-11-25,17:11:04,00:00:02
stefano.crapanzano@chu.ulg.ac.be,Courrier entrant - stefano.crapanzano@chuliege.be - Mozilla Thunderbird,Helpdesk général,2021-11-25,08:38:42,00:00:18
stefano.crapanzano@chu.ulg.ac.be,Courrier entrant - stefano.crapanzano@chuliege.be - Mozilla Thunderbird,Helpdesk général,2021-11-25,08:41:05,00:00:33
stefano.crapanzano@chu.ulg.ac.be,Courrier entrant - stefano.crapanzano@chuliege.be - Mozilla Thunderbird,Helpdesk général,2021-11-25,09:11:25,00:00:07
stefano.crapanzano@chu.ulg.ac.be,Courrier entrant - stefano.crapanzano@chuliege.be - Mozilla Thunderbird,Helpdesk général,2021-11-25,09:23:40,00:00:12
stefano.crapanzano@chu.ulg.ac.be,Courrier entrant - stefano.crapanzano@chuliege.be - Mozilla Thunderbird,Helpdesk général,2021-11-25,09:34:24,00:00:06
stefano.crapanzano@chu.ulg.ac.be,Courrier entrant - stefano.crapanzano@chuliege.be - Mozilla Thunderbird,Helpdesk général,2021-11-25,09:47:42,00:00:02
stefano.crapanzano@chu.ulg.ac.be,Courrier entrant - stefano.crapanzano@chuliege.be - Mozilla Thunderbird,Helpdesk général,2021-11-25,10:49:06,00:00:04
stefano.crapanzano@chu.ulg.ac.be,Courrier entrant - stefano.crapanzano@chuliege.be - Mozilla Thunderbird,Helpdesk général,2021-11-25,13:36:54,00:00:02
stefano.crapanzano@chu.ulg.ac.be,Courrier entrant - stefano.crapanzano@chuliege.be - Mozilla Thunderbird,Tâches diverses,2021-11-25,13:47:43,00:00:37
stefano.crapanzano@chu.ulg.ac.be,Courrier entrant - stefano.crapanzano@chuliege.be - Mozilla Thunderbird,Helpdesk général,2021-11-25,13:48:24,00:00:05
stefano.crapanzano@chu.ulg.ac.be,Courrier entrant - stefano.crapanzano@chuliege.be - Mozilla Thunderbird,Helpdesk général,2021-11-25,13:48:35,00:00:06
stefano.crapanzano@chu.ulg.ac.be,Courrier entrant - stefano.crapanzano@chuliege.be - Mozilla Thunderbird,Helpdesk général,2021-11-25,13:59:06,00:00:02
stefano.crapanzano@chu.ulg.ac.be,Courrier entrant - stefano.crapanzano@chuliege.be - Mozilla Thunderbird,Helpdesk général,2021-11-25,13:59:13,00:00:09
stefano.crapanzano@chu.ulg.ac.be,Courrier entrant - stefano.crapanzano@chuliege.be - Mozilla Thunderbird,Helpdesk général,2021-11-25,13:59:33,00:00:12
stefano.crapanzano@chu.ulg.ac.be,Courrier entrant - stefano.crapanzano@chuliege.be - Mozilla Thunderbird,Helpdesk général,2021-11-25,14:19:59,00:00:08
stefano.crapanzano@chu.ulg.ac.be,Courrier entrant - stefano.crapanzano@chuliege.be - Mozilla Thunderbird,Helpdesk général,2021-11-25,14:20:17,00:00:20
stefano.crapanzano@chu.ulg.ac.be,Courrier entrant - stefano.crapanzano@chuliege.be - Mozilla Thunderbird,Helpdesk général,2021-11-25,14:41:59,00:00:02
stefano.crapanzano@chu.ulg.ac.be,Courrier entrant - stefano.crapanzano@chuliege.be - Mozilla Thunderbird,Helpdesk général,2021-11-25,15:16:22,00:00:02
stefano.crapanzano@chu.ulg.ac.be,Courrier entrant - stefano.crapanzano@chuliege.be - Mozilla Thunderbird,Helpdesk général,2021-11-25,15:46:47,00:00:08
stefano.crapanzano@chu.ulg.ac.be,Courrier entrant - stefano.crapanzano@chuliege.be - Mozilla Thunderbird,Helpdesk général,2021-11-25,16:19:59,00:00:02
stefano.crapanzano@chu.ulg.ac.be,Télétravail (à partir du 11-01-21).xlsx - Excel,Tâches diverses,2021-11-25,08:39:10,00:00:55
stefano.crapanzano@chu.ulg.ac.be,télétravail - Mozilla Thunderbird,Helpdesk général,2021-11-25,08:40:13,00:00:02
stefano.crapanzano@chu.ulg.ac.be,télétravail - Mozilla Thunderbird,Helpdesk général,2021-11-25,08:41:02,00:00:02
stefano.crapanzano@chu.ulg.ac.be,Rédaction : Re: télétravail - Thunderbird,Helpdesk général,2021-11-25,08:40:16,00:00:42
stefano.crapanzano@chu.ulg.ac.be,Vérification de l’orthographe,Helpdesk général,2021-11-25,08:40:58,00:00:02
stefano.crapanzano@chu.ulg.ac.be,Nouvel onglet - Google Chrome,Tâches diverses,2021-11-25,08:50:07,00:00:04
stefano.crapanzano@chu.ulg.ac.be,Nouvel onglet - Google Chrome,Tâches diverses,2021-11-25,09:01:34,00:00:02
stefano.crapanzano@chu.ulg.ac.be,Nouvel onglet - Google Chrome,Tâches diverses,2021-11-25,09:10:08,00:00:04
stefano.crapanzano@chu.ulg.ac.be,Nouvel onglet - Google Chrome,Tâches diverses,2021-11-25,09:36:22,00:00:06
stefano.crapanzano@chu.ulg.ac.be,Nouvel onglet - Google Chrome,Tâches diverses,2021-11-25,09:40:16,00:00:10
stefano.crapanzano@chu.ulg.ac.be,Nouvel onglet - Google Chrome,Tâches diverses,2021-11-25,10:58:37,00:00:05
stefano.crapanzano@chu.ulg.ac.be,Nouvel onglet - Google Chrome,Tâches diverses,2021-11-25,12:20:09,00:00:02
stefano.crapanzano@chu.ulg.ac.be,Nouvel onglet - Google Chrome,Tâches diverses,2021-11-25,13:15:55,00:00:16
stefano.crapanzano@chu.ulg.ac.be,Nouvel onglet - Google Chrome,Tâches diverses,2021-11-25,13:34:24,00:00:08
stefano.crapanzano@chu.ulg.ac.be,Nouvel onglet - Google Chrome,Tâches diverses,2021-11-25,13:45:57,00:00:10
stefano.crapanzano@chu.ulg.ac.be,Nouvel onglet - Google Chrome,Tâches diverses,2021-11-25,13:54:03,00:00:06
stefano.crapanzano@chu.ulg.ac.be,Nouvel onglet - Google Chrome,Tâches diverses,2021-11-25,13:56:27,00:00:04
stefano.crapanzano@chu.ulg.ac.be,Nouvel onglet - Google Chrome,Tâches diverses,2021-11-25,14:39:07,00:00:09
stefano.crapanzano@chu.ulg.ac.be,Nouvel onglet - Google Chrome,Tâches diverses,2021-11-25,14:56:01,00:00:04
stefano.crapanzano@chu.ulg.ac.be,Nouvel onglet - Google Chrome,Tâches diverses,2021-11-25,14:56:09,00:00:05
stefano.crapanzano@chu.ulg.ac.be,Nouvel onglet - Google Chrome,Tâches diverses,2021-11-25,14:56:19,00:00:18
stefano.crapanzano@chu.ulg.ac.be,Nouvel onglet - Google Chrome,Tâches diverses,2021-11-25,14:57:33,00:00:07
stefano.crapanzano@chu.ulg.ac.be,Nouvel onglet - Google Chrome,Tâches diverses,2021-11-25,14:58:01,00:00:08
stefano.crapanzano@chu.ulg.ac.be,Nouvel onglet - Google Chrome,Tâches diverses,2021-11-25,14:58:18,00:00:04
stefano.crapanzano@chu.ulg.ac.be,Nouvel onglet - Google Chrome,Tâches diverses,2021-11-25,15:03:14,00:00:11
stefano.crapanzano@chu.ulg.ac.be,Nouvel onglet - Google Chrome,Tâches diverses,2021-11-25,15:14:35,00:00:11
stefano.crapanzano@chu.ulg.ac.be,Nouvel onglet - Google Chrome,Tâches diverses,2021-11-25,15:21:56,00:00:16
stefano.crapanzano@chu.ulg.ac.be,Nouvel onglet - Google Chrome,Tâches diverses,2021-11-25,15:40:21,00:00:13
stefano.crapanzano@chu.ulg.ac.be,Nouvel onglet - Google Chrome,Tâches diverses,2021-11-25,15:43:08,00:00:12
stefano.crapanzano@chu.ulg.ac.be,Nouvel onglet - Google Chrome,Tâches diverses,2021-11-25,16:22:52,00:00:09
stefano.crapanzano@chu.ulg.ac.be,Nouvel onglet - Google Chrome,Tâches diverses,2021-11-25,16:26:23,00:00:06
stefano.crapanzano@chu.ulg.ac.be,Nouvel onglet - Google Chrome,Tâches diverses,2021-11-25,16:29:08,00:00:10
stefano.crapanzano@chu.ulg.ac.be,Nouvel onglet - Google Chrome,Tâches diverses,2021-11-25,16:34:05,00:00:12
stefano.crapanzano@chu.ulg.ac.be,Nouvel onglet - Google Chrome,Tâches diverses,2021-11-25,16:35:43,00:00:06
stefano.crapanzano@chu.ulg.ac.be,Nouvel onglet - Google Chrome,Tâches diverses,2021-11-25,16:40:41,00:00:05
stefano.crapanzano@chu.ulg.ac.be,Nouvel onglet - Google Chrome,Tâches diverses,2021-11-25,16:44:03,00:00:04
stefano.crapanzano@chu.ulg.ac.be,Nouvel onglet - Google Chrome,Tâches diverses,2021-11-25,16:57:55,00:00:06
stefano.crapanzano@chu.ulg.ac.be,django choices - Recherche Google - Google Chrome,Tâches diverses,2021-11-25,08:50:11,00:00:04
stefano.crapanzano@chu.ulg.ac.be,django choices model - Recherche Google - Google Chrome,Tâches diverses,2021-11-25,08:50:15,00:00:02
stefano.crapanzano@chu.ulg.ac.be,Référence des champs de modèle | Documentation de Django | Django - Google Chrome,Tâches diverses,2021-11-25,08:50:18,00:00:20
stefano.crapanzano@chu.ulg.ac.be,Référence des champs de modèle | Documentation de Django | Django - Google Chrome,Tâches diverses,2021-11-25,08:50:54,00:00:08
stefano.crapanzano@chu.ulg.ac.be,Référence des champs de modèle | Documentation de Django | Django - Google Chrome,Tâches diverses,2021-11-25,08:51:14,00:00:05
stefano.crapanzano@chu.ulg.ac.be,Référence des champs de modèle | Documentation de Django | Django - Google Chrome,Tâches diverses,2021-11-25,08:51:50,00:00:05
stefano.crapanzano@chu.ulg.ac.be,Référence des champs de modèle | Documentation de Django | Django - Google Chrome,Tâches diverses,2021-11-25,08:52:39,00:00:07
stefano.crapanzano@chu.ulg.ac.be,Référence des champs de modèle | Documentation de Django | Django - Google Chrome,Tâches diverses,2021-11-25,08:53:03,00:00:04
stefano.crapanzano@chu.ulg.ac.be,127.0.0.1 - Google Chrome,Tâches diverses,2021-11-25,09:01:13,00:00:04
stefano.crapanzano@chu.ulg.ac.be,127.0.0.1 - Google Chrome,Tâches diverses,2021-11-25,09:01:23,00:00:02
stefano.crapanzano@chu.ulg.ac.be,Identification - Google Chrome,Tâches diverses,2021-11-25,09:01:37,00:00:06
stefano.crapanzano@chu.ulg.ac.be,Identification - Google Chrome,Tâches diverses,2021-11-25,15:52:12,00:00:06
stefano.crapanzano@chu.ulg.ac.be,POST data - Google Chrome,Tâches diverses,2021-11-25,09:01:44,00:00:04
stefano.crapanzano@chu.ulg.ac.be,POST data - Google Chrome,Tâches diverses,2021-11-25,15:52:19,00:00:07
stefano.crapanzano@chu.ulg.ac.be,ERP-WIKI [DokuWiki ERP] - Google Chrome,Tâches diverses,2021-11-25,09:01:48,00:00:02
stefano.crapanzano@chu.ulg.ac.be,GOAL [DokuWiki ERP] - Google Chrome,Tâches diverses,2021-11-25,09:01:50,00:00:04
stefano.crapanzano@chu.ulg.ac.be,Site web goal.chuliege.be [DokuWiki ERP] - Google Chrome,Tâches diverses,2021-11-25,09:01:54,00:00:05
stefano.crapanzano@chu.ulg.ac.be,Site web goal.chuliege.be [DokuWiki ERP] - Google Chrome,Tâches diverses,2021-11-25,10:20:53,00:00:10
stefano.crapanzano@chu.ulg.ac.be,Site web goal.chuliege.be [DokuWiki ERP] - Google Chrome,Tâches diverses,2021-11-25,10:22:49,00:00:13
stefano.crapanzano@chu.ulg.ac.be,Site web goal.chuliege.be [DokuWiki ERP] - Google Chrome,Tâches diverses,2021-11-25,10:23:05,00:00:04
stefano.crapanzano@chu.ulg.ac.be,Site web goal.chuliege.be [DokuWiki ERP] - Google Chrome,Tâches diverses,2021-11-25,10:28:56,00:00:09
stefano.crapanzano@chu.ulg.ac.be,Site web goal.chuliege.be [DokuWiki ERP] - Google Chrome,Tâches diverses,2021-11-25,10:29:46,00:00:02
stefano.crapanzano@chu.ulg.ac.be,Site web goal.chuliege.be [DokuWiki ERP] - Google Chrome,Tâches diverses,2021-11-25,10:36:43,00:00:07
stefano.crapanzano@chu.ulg.ac.be,dict python - Recherche Google - Google Chrome,Tâches diverses,2021-11-25,09:10:39,00:00:24
stefano.crapanzano@chu.ulg.ac.be,Python Dictionaries - Google Chrome,Tâches diverses,2021-11-25,09:10:13,00:00:19
stefano.crapanzano@chu.ulg.ac.be,Python Dictionary Append: How to Add Key/Value Pair - Google Chrome,Tâches diverses,2021-11-25,09:11:55,00:00:08
stefano.crapanzano@chu.ulg.ac.be,Python Dictionary Append: How to Add Key/Value Pair - Google Chrome,Tâches diverses,2021-11-25,09:25:50,00:00:16
stefano.crapanzano@chu.ulg.ac.be,Restaurer les pages ?,Tâches diverses,2021-11-25,09:25:47,00:00:02
stefano.crapanzano@chu.ulg.ac.be,Python Dictionary items() - Google Chrome,Tâches diverses,2021-11-25,09:26:08,00:00:37
stefano.crapanzano@chu.ulg.ac.be,Courrier entrant - erp.sai@chuliege.be - Mozilla Thunderbird,Helpdesk général,2021-11-25,09:34:31,00:00:18
stefano.crapanzano@chu.ulg.ac.be,Courrier entrant - erp.sai@chuliege.be - Mozilla Thunderbird,Helpdesk général,2021-11-25,09:37:49,00:00:13
stefano.crapanzano@chu.ulg.ac.be,Courrier entrant - erp.sai@chuliege.be - Mozilla Thunderbird,Helpdesk général,2021-11-25,09:45:56,00:01:01
stefano.crapanzano@chu.ulg.ac.be,Courrier entrant - erp.sai@chuliege.be - Mozilla Thunderbird,Helpdesk général,2021-11-25,09:47:39,00:00:02
stefano.crapanzano@chu.ulg.ac.be,Courrier entrant - erp.sai@chuliege.be - Mozilla Thunderbird,Helpdesk général,2021-11-25,09:47:45,00:02:28
stefano.crapanzano@chu.ulg.ac.be,Courrier entrant - erp.sai@chuliege.be - Mozilla Thunderbird,Helpdesk général,2021-11-25,10:48:38,00:00:11
stefano.crapanzano@chu.ulg.ac.be,Courrier entrant - erp.sai@chuliege.be - Mozilla Thunderbird,Helpdesk général,2021-11-25,10:49:10,00:03:24
stefano.crapanzano@chu.ulg.ac.be,Courrier entrant - erp.sai@chuliege.be - Mozilla Thunderbird,Tâches diverses,2021-11-25,11:31:30,00:00:37
stefano.crapanzano@chu.ulg.ac.be,Courrier entrant - erp.sai@chuliege.be - Mozilla Thunderbird,Helpdesk général,2021-11-25,12:11:37,00:00:04
stefano.crapanzano@chu.ulg.ac.be,Courrier entrant - erp.sai@chuliege.be - Mozilla Thunderbird,Helpdesk général,2021-11-25,13:36:50,00:00:04
stefano.crapanzano@chu.ulg.ac.be,Courrier entrant - erp.sai@chuliege.be - Mozilla Thunderbird,Helpdesk général,2021-11-25,13:55:43,00:00:02
stefano.crapanzano@chu.ulg.ac.be,Courrier entrant - erp.sai@chuliege.be - Mozilla Thunderbird,Helpdesk général,2021-11-25,13:55:47,00:00:37
stefano.crapanzano@chu.ulg.ac.be,Courrier entrant - erp.sai@chuliege.be - Mozilla Thunderbird,Helpdesk général,2021-11-25,13:59:03,00:00:02
stefano.crapanzano@chu.ulg.ac.be,Courrier entrant - erp.sai@chuliege.be - Mozilla Thunderbird,Helpdesk général,2021-11-25,14:20:07,00:00:09
stefano.crapanzano@chu.ulg.ac.be,Courrier entrant - erp.sai@chuliege.be - Mozilla Thunderbird,Helpdesk général,2021-11-25,14:42:02,00:00:08
stefano.crapanzano@chu.ulg.ac.be,Courrier entrant - erp.sai@chuliege.be - Mozilla Thunderbird,Helpdesk général,2021-11-25,14:48:47,00:00:16
stefano.crapanzano@chu.ulg.ac.be,Courrier entrant - erp.sai@chuliege.be - Mozilla Thunderbird,Helpdesk général,2021-11-25,15:16:19,00:00:02
stefano.crapanzano@chu.ulg.ac.be,Courrier entrant - erp.sai@chuliege.be - Mozilla Thunderbird,Helpdesk général,2021-11-25,15:16:27,00:00:05
stefano.crapanzano@chu.ulg.ac.be,Courrier entrant - erp.sai@chuliege.be - Mozilla Thunderbird,Helpdesk général,2021-11-25,15:46:44,00:00:02
stefano.crapanzano@chu.ulg.ac.be,Courrier entrant - erp.sai@chuliege.be - Mozilla Thunderbird,Helpdesk général,2021-11-25,15:47:04,00:00:02
stefano.crapanzano@chu.ulg.ac.be,Courrier entrant - erp.sai@chuliege.be - Mozilla Thunderbird,Helpdesk général,2021-11-25,16:19:52,00:00:06
stefano.crapanzano@chu.ulg.ac.be,Courrier entrant - erp.sai@chuliege.be - Mozilla Thunderbird,Helpdesk général,2021-11-25,16:20:02,00:00:02
stefano.crapanzano@chu.ulg.ac.be,P203 CHU Panier de l'équipe ne peut être traité - Xperthis ERP4HC 1.0 - Service d'assistance - Google Chrome,Tâches diverses,2021-11-25,09:34:52,00:01:30
stefano.crapanzano@chu.ulg.ac.be,P203 CHU Panier de l'équipe ne peut être traité - Xperthis ERP4HC 1.0 - Service d'assistance - Google Chrome,Tâches diverses,2021-11-25,09:38:09,00:00:08
stefano.crapanzano@chu.ulg.ac.be,P203 CHU Panier de l'équipe ne peut être traité - Xperthis ERP4HC 1.0 - Service d'assistance - Google Chrome,Tâches diverses,2021-11-25,09:38:57,00:00:11
stefano.crapanzano@chu.ulg.ac.be,P203 CHU Panier de l'équipe ne peut être traité - Xperthis ERP4HC 1.0 - Service d'assistance - Google Chrome,Tâches diverses,2021-11-25,09:41:58,00:00:07
stefano.crapanzano@chu.ulg.ac.be,P203 CHU Panier de l'équipe ne peut être traité - Xperthis ERP4HC 1.0 - Service d'assistance - Google Chrome,Tâches diverses,2021-11-25,09:44:03,00:00:04
stefano.crapanzano@chu.ulg.ac.be,P203 CHU Panier de l'équipe ne peut être traité - Xperthis ERP4HC 1.0 - Service d'assistance - Google Chrome,Tâches diverses,2021-11-25,09:44:17,00:00:14
stefano.crapanzano@chu.ulg.ac.be,P203 CHU Panier de l'équipe ne peut être traité - Xperthis ERP4HC 1.0 - Service d'assistance - Google Chrome,Tâches diverses,2021-11-25,09:44:47,00:00:58
stefano.crapanzano@chu.ulg.ac.be,P203 CHU Panier de l'équipe ne peut être traité - Xperthis ERP4HC 1.0 - Service d'assistance - Google Chrome,Tâches diverses,2021-11-25,10:05:08,00:02:42
stefano.crapanzano@chu.ulg.ac.be,P203 CHU Panier de l'équipe ne peut être traité - Xperthis ERP4HC 1.0 - Service d'assistance - Google Chrome,Tâches diverses,2021-11-25,10:28:49,00:00:02
stefano.crapanzano@chu.ulg.ac.be,P203 CHU Panier de l'équipe ne peut être traité - Xperthis ERP4HC 1.0 - Service d'assistance - Google Chrome,Tâches diverses,2021-11-25,11:02:42,00:00:46
stefano.crapanzano@chu.ulg.ac.be,P203 CHU Panier de l'équipe ne peut être traité - Xperthis ERP4HC 1.0 - Service d'assistance - Google Chrome,Tâches diverses,2021-11-25,11:03:30,00:01:13
stefano.crapanzano@chu.ulg.ac.be,P203 CHU Panier de l'équipe ne peut être traité - Xperthis ERP4HC 1.0 - Service d'assistance - Google Chrome,Tâches diverses,2021-11-25,11:11:34,00:00:25
stefano.crapanzano@chu.ulg.ac.be,P203 CHU Panier de l'équipe ne peut être traité - Xperthis ERP4HC 1.0 - Service d'assistance - Google Chrome,Tâches diverses,2021-11-25,11:18:51,00:12:39
stefano.crapanzano@chu.ulg.ac.be,P203 CHU Panier de l'équipe ne peut être traité - Xperthis ERP4HC 1.0 - Service d'assistance - Google Chrome,Tâches diverses,2021-11-25,11:32:12,00:00:02
stefano.crapanzano@chu.ulg.ac.be,myCHU - Google Chrome,Tâches diverses,2021-11-25,09:36:30,00:01:17
stefano.crapanzano@chu.ulg.ac.be,myCHU - Google Chrome,Tâches diverses,2021-11-25,09:38:07,00:00:02
stefano.crapanzano@chu.ulg.ac.be,myCHU - Google Chrome,Tâches diverses,2021-11-25,09:39:08,00:00:58
stefano.crapanzano@chu.ulg.ac.be,Ouverture -Word,Tâches diverses,2021-11-25,09:38:18,00:00:02
stefano.crapanzano@chu.ulg.ac.be,Netop Invité,Helpdesk général,2021-11-25,09:41:06,00:00:04
stefano.crapanzano@chu.ulg.ac.be,Netop Invité,Helpdesk général,2021-11-25,10:57:00,00:00:25
stefano.crapanzano@chu.ulg.ac.be,Netop Invité,Helpdesk général,2021-11-25,10:57:42,00:00:47
stefano.crapanzano@chu.ulg.ac.be,Netop Invité,Helpdesk général,2021-11-25,10:58:44,00:00:09
stefano.crapanzano@chu.ulg.ac.be,Netop Invité,Helpdesk général,2021-11-25,11:02:30,00:00:02
stefano.crapanzano@chu.ulg.ac.be,Netop Invité,Helpdesk général,2021-11-25,11:18:48,00:00:02
stefano.crapanzano@chu.ulg.ac.be,Netop Invité,Helpdesk général,2021-11-25,16:58:51,00:00:02
stefano.crapanzano@chu.ulg.ac.be,Helpdesk ATI - Db Hardware Prod - Google Chrome,Tâches diverses,2021-11-25,09:40:27,00:00:38
stefano.crapanzano@chu.ulg.ac.be,Helpdesk ATI - Db Hardware Prod - Google Chrome,Tâches diverses,2021-11-25,10:57:27,00:00:02
stefano.crapanzano@chu.ulg.ac.be,Helpdesk ATI - Db Hardware Prod - Google Chrome,Tâches diverses,2021-11-25,11:02:33,00:00:02
stefano.crapanzano@chu.ulg.ac.be,Helpdesk ATI - Db Hardware Prod - Google Chrome,Tâches diverses,2021-11-25,16:58:02,00:00:48
stefano.crapanzano@chu.ulg.ac.be,Connexion à l'aide de l'authentification Windows,Helpdesk général,2021-11-25,09:41:12,00:00:04
stefano.crapanzano@chu.ulg.ac.be,Connexion à l'aide de l'authentification Windows,Helpdesk général,2021-11-25,10:58:55,00:00:02
stefano.crapanzano@chu.ulg.ac.be,Connexion à l'aide de l'authentification Windows,Helpdesk général,2021-11-25,11:14:24,00:00:04
stefano.crapanzano@chu.ulg.ac.be,Connexion à l'aide de l'authentification Windows,Helpdesk général,2021-11-25,16:58:53,00:00:04
stefano.crapanzano@chu.ulg.ac.be,ste-w-0011 - Netop Remote Control,Helpdesk général,2021-11-25,09:41:17,00:00:14
stefano.crapanzano@chu.ulg.ac.be,ste-w-0011 - Netop Remote Control,Helpdesk général,2021-11-25,09:42:07,00:00:45
stefano.crapanzano@chu.ulg.ac.be,ste-w-0011 - Netop Remote Control,Helpdesk général,2021-11-25,09:43:01,00:00:58
stefano.crapanzano@chu.ulg.ac.be,Greenshot capture form,Helpdesk général,2021-11-25,09:42:54,00:00:06
stefano.crapanzano@chu.ulg.ac.be,Greenshot capture form,Helpdesk général,2021-11-25,11:00:04,00:00:08
stefano.crapanzano@chu.ulg.ac.be,Ouvrir,Tâches diverses,2021-11-25,09:44:08,00:00:09
stefano.crapanzano@chu.ulg.ac.be,Rédaction : Fwd: SDERP-19441 P203 CHU Ajout tables à l'extract BO - Thunderbird,Helpdesk général,2021-11-25,09:46:57,00:00:38
stefano.crapanzano@chu.ulg.ac.be,Envoyés - erp.sai@chuliege.be - Mozilla Thunderbird,Helpdesk général,2021-11-25,10:48:50,00:00:15
stefano.crapanzano@chu.ulg.ac.be,Envoyés - erp.sai@chuliege.be - Mozilla Thunderbird,Helpdesk général,2021-11-25,15:46:55,00:00:09
stefano.crapanzano@chu.ulg.ac.be,10.42.29.243 - Netop Remote Control,Helpdesk général,2021-11-25,10:58:59,00:01:01
stefano.crapanzano@chu.ulg.ac.be,10.42.29.243 - Netop Remote Control,Helpdesk général,2021-11-25,11:00:12,00:02:18
stefano.crapanzano@chu.ulg.ac.be,10.42.29.243 - Netop Remote Control,Helpdesk général,2021-11-25,11:14:28,00:04:18
stefano.crapanzano@chu.ulg.ac.be,P203 CHU Nouveaux prorata de tva à configurer sur quatre centre de coûts - Xperthis ERP4HC 1.0 - Service d'assistance - Google Chrome,Tâches diverses,2021-11-25,11:02:35,00:00:04
stefano.crapanzano@chu.ulg.ac.be,Demandes - Service d'assistance - Google Chrome,Tâches diverses,2021-11-25,11:02:39,00:00:02
stefano.crapanzano@chu.ulg.ac.be,Lecture documentation,Tâches diverses,2021-11-25,11:32:08,00:00:03
stefano.crapanzano@chu.ulg.ac.be,Lecture documentation,Tâches diverses,2021-11-25,15:29:29,00:04:58
stefano.crapanzano@chu.ulg.ac.be,Lecture documentation,Tâches diverses,2021-11-25,15:34:45,00:00:05
stefano.crapanzano@chu.ulg.ac.be,SAP Easy Access Menu de base Applications financières-économiques,Exploration SAP,2021-11-25,12:05:02,00:00:05
stefano.crapanzano@chu.ulg.ac.be,Valeur par Type de Magasin,Exploration SAP,2021-11-25,12:05:08,00:00:02
stefano.crapanzano@chu.ulg.ac.be,Valeur par Type de Magasin,Exploration SAP,2021-11-25,12:16:27,00:00:02
stefano.crapanzano@chu.ulg.ac.be,Gewaardeerde voorraad,Exploration SAP,2021-11-25,11:34:43,00:00:02
stefano.crapanzano@chu.ulg.ac.be,Gewaardeerde voorraad,Exploration SAP,2021-11-25,11:34:47,00:00:04
stefano.crapanzano@chu.ulg.ac.be,Gewaardeerde voorraad,Exploration SAP,2021-11-25,12:05:13,00:00:02
stefano.crapanzano@chu.ulg.ac.be,Gewaardeerde voorraad,Exploration SAP,2021-11-25,12:16:33,00:00:04
stefano.crapanzano@chu.ulg.ac.be,SAP,Exploration SAP,2021-11-25,12:04:58,00:00:04
stefano.crapanzano@chu.ulg.ac.be,GOAL_DISCORDANCES - erp.sai@chuliege.be - Mozilla Thunderbird,Helpdesk général,2021-11-25,12:11:41,00:00:17
stefano.crapanzano@chu.ulg.ac.be,GOAL_DISCORDANCES - erp.sai@chuliege.be - Mozilla Thunderbird,Tâches diverses,2021-11-25,13:36:46,00:00:04
stefano.crapanzano@chu.ulg.ac.be,FieldError at / - Google Chrome,Tâches diverses,2021-11-25,12:20:41,00:00:41
stefano.crapanzano@chu.ulg.ac.be,FieldError at / - Google Chrome,Tâches diverses,2021-11-25,12:21:51,00:00:08
stefano.crapanzano@chu.ulg.ac.be,datatable increase search input size - Recherche Google - Google Chrome,Tâches diverses,2021-11-25,13:16:11,00:00:02
stefano.crapanzano@chu.ulg.ac.be,datatable increase search input size - Recherche Google - Google Chrome,Tâches diverses,2021-11-25,13:21:18,00:00:05
stefano.crapanzano@chu.ulg.ac.be,datatable increase search input size - Recherche Google - Google Chrome,Tâches diverses,2021-11-25,13:21:33,00:00:05
stefano.crapanzano@chu.ulg.ac.be,datatable increase search input size - Recherche Google - Google Chrome,Tâches diverses,2021-11-25,13:27:38,00:00:04
stefano.crapanzano@chu.ulg.ac.be,datatable increase search input size - Recherche Google - Google Chrome,Tâches diverses,2021-11-25,13:28:15,00:00:04
stefano.crapanzano@chu.ulg.ac.be,datatable increase search input size - Recherche Google - Google Chrome,Tâches diverses,2021-11-25,13:28:21,00:00:10
stefano.crapanzano@chu.ulg.ac.be,How do I set the size of the Search box? — DataTables forums - Google Chrome,Tâches diverses,2021-11-25,13:16:14,00:00:20
stefano.crapanzano@chu.ulg.ac.be,How do I set the size of the Search box? — DataTables forums - Google Chrome,Tâches diverses,2021-11-25,13:18:45,00:00:37
stefano.crapanzano@chu.ulg.ac.be,How do I set the size of the Search box? — DataTables forums - Google Chrome,Tâches diverses,2021-11-25,13:19:24,00:00:36
stefano.crapanzano@chu.ulg.ac.be,How do I set the size of the Search box? — DataTables forums - Google Chrome,Tâches diverses,2021-11-25,13:21:15,00:00:02
stefano.crapanzano@chu.ulg.ac.be,How do I set the size of the Search box? — DataTables forums - Google Chrome,Tâches diverses,2021-11-25,14:29:07,00:01:09
stefano.crapanzano@chu.ulg.ac.be,How do I set the size of the Search box? — DataTables forums - Google Chrome,Tâches diverses,2021-11-25,14:30:45,00:00:09
stefano.crapanzano@chu.ulg.ac.be,How do I set the size of the Search box? — DataTables forums - Google Chrome,Tâches diverses,2021-11-25,14:31:34,00:00:08
stefano.crapanzano@chu.ulg.ac.be,How do I set the size of the Search box? — DataTables forums - Google Chrome,Tâches diverses,2021-11-25,14:35:08,00:00:05
stefano.crapanzano@chu.ulg.ac.be,How do I set the size of the Search box? — DataTables forums - Google Chrome,Tâches diverses,2021-11-25,14:56:55,00:00:02
stefano.crapanzano@chu.ulg.ac.be,How do I set the size of the Search box? — DataTables forums - Google Chrome,Tâches diverses,2021-11-25,15:01:49,00:00:18
stefano.crapanzano@chu.ulg.ac.be,How do I set the size of the Search box? — DataTables forums - Google Chrome,Tâches diverses,2021-11-25,15:57:11,00:00:05
stefano.crapanzano@chu.ulg.ac.be,move location search input or another input — DataTables forums - Google Chrome,Tâches diverses,2021-11-25,13:16:34,00:00:40
stefano.crapanzano@chu.ulg.ac.be,move location search input or another input — DataTables forums - Google Chrome,Tâches diverses,2021-11-25,13:17:49,00:00:03
stefano.crapanzano@chu.ulg.ac.be,Changing the size of the search box — DataTables forums - Google Chrome,Tâches diverses,2021-11-25,13:21:23,00:00:09
stefano.crapanzano@chu.ulg.ac.be,How can we change width of search fields in DataTables - Stack Overflow - Google Chrome,Tâches diverses,2021-11-25,13:21:38,00:00:41
stefano.crapanzano@chu.ulg.ac.be,How can we change width of search fields in DataTables - Stack Overflow - Google Chrome,Tâches diverses,2021-11-25,13:27:03,00:00:35
stefano.crapanzano@chu.ulg.ac.be,javascript - Can't Change Search Box Width Or Position For DataTable - Stack Overflow - Google Chrome,Tâches diverses,2021-11-25,13:27:42,00:00:32
stefano.crapanzano@chu.ulg.ac.be,How can we change width of search fields in DataTables-技术分享-码神部落 - Google Chrome,Tâches diverses,2021-11-25,13:28:31,00:00:29
stefano.crapanzano@chu.ulg.ac.be,How can we change width of search fields in DataTables-技术分享-码神部落 - Google Chrome,Tâches diverses,2021-11-25,13:33:34,00:00:50
stefano.crapanzano@chu.ulg.ac.be,How can we change width of search fields in DataTables-技术分享-码神部落 - Google Chrome,Tâches diverses,2021-11-25,14:55:57,00:00:04
stefano.crapanzano@chu.ulg.ac.be,How can we change width of search fields in DataTables-技术分享-码神部落 - Google Chrome,Tâches diverses,2021-11-25,14:56:47,00:00:03
stefano.crapanzano@chu.ulg.ac.be,place search input left datatables - Recherche Google - Google Chrome,Tâches diverses,2021-11-25,13:34:32,00:00:02
stefano.crapanzano@chu.ulg.ac.be,place search input left datatables - Recherche Google - Google Chrome,Tâches diverses,2021-11-25,13:35:37,00:00:06
stefano.crapanzano@chu.ulg.ac.be,place search input left datatables - Recherche Google - Google Chrome,Tâches diverses,2021-11-25,13:35:54,00:00:05
stefano.crapanzano@chu.ulg.ac.be,place search input left datatables - Recherche Google - Google Chrome,Tâches diverses,2021-11-25,13:38:10,00:00:02
stefano.crapanzano@chu.ulg.ac.be,place search input left datatables - Recherche Google - Google Chrome,Tâches diverses,2021-11-25,13:40:00,00:00:16
stefano.crapanzano@chu.ulg.ac.be,place search input left datatables - Recherche Google - Google Chrome,Tâches diverses,2021-11-25,13:42:09,00:00:05
stefano.crapanzano@chu.ulg.ac.be,Can I move the search box to the left? — DataTables forums - Google Chrome,Tâches diverses,2021-11-25,13:34:35,00:00:12
stefano.crapanzano@chu.ulg.ac.be,Can I move the search box to the left? — DataTables forums - Google Chrome,Tâches diverses,2021-11-25,13:35:16,00:00:21
stefano.crapanzano@chu.ulg.ac.be,dom - Google Chrome,Tâches diverses,2021-11-25,13:34:47,00:00:28
stefano.crapanzano@chu.ulg.ac.be,Move search text box to left side — DataTables forums - Google Chrome,Tâches diverses,2021-11-25,13:35:44,00:00:09
stefano.crapanzano@chu.ulg.ac.be,Changing DOM Element Position of searchbox in datatables | Newbedev - Google Chrome,Tâches diverses,2021-11-25,13:35:59,00:00:28
stefano.crapanzano@chu.ulg.ac.be,Changing DOM Element Position of searchbox in datatables | Newbedev - Google Chrome,Tâches diverses,2021-11-25,13:36:59,00:00:59
stefano.crapanzano@chu.ulg.ac.be,Changing DOM Element Position of searchbox in datatables | Newbedev - Google Chrome,Tâches diverses,2021-11-25,13:38:07,00:00:02
stefano.crapanzano@chu.ulg.ac.be,DataTables - JSFiddle - Code Playground - Google Chrome,Tâches diverses,2021-11-25,13:36:30,00:00:16
stefano.crapanzano@chu.ulg.ac.be,backbone.js - Jquery Datatable search box align left - Stack Overflow - Google Chrome,Tâches diverses,2021-11-25,13:38:13,00:01:27
stefano.crapanzano@chu.ulg.ac.be,backbone.js - Jquery Datatable search box align left - Stack Overflow - Google Chrome,Tâches diverses,2021-11-25,13:39:56,00:00:04
stefano.crapanzano@chu.ulg.ac.be,How can i change search box and paginate position ??? — DataTables forums - Google Chrome,Tâches diverses,2021-11-25,13:40:16,00:00:13
stefano.crapanzano@chu.ulg.ac.be,How can i change search box and paginate position ??? — DataTables forums - Google Chrome,Tâches diverses,2021-11-25,13:42:07,00:00:02
stefano.crapanzano@chu.ulg.ac.be,Force search to be in centre — DataTables forums - Google Chrome,Tâches diverses,2021-11-25,13:40:30,00:00:18
stefano.crapanzano@chu.ulg.ac.be,Force search to be in centre — DataTables forums - Google Chrome,Tâches diverses,2021-11-25,13:41:33,00:00:33
stefano.crapanzano@chu.ulg.ac.be,How can i change the search bar side? from the right to the left? — DataTables forums - Google Chrome,Tâches diverses,2021-11-25,13:42:15,00:01:01
stefano.crapanzano@chu.ulg.ac.be,How can i change the search bar side? from the right to the left? — DataTables forums - Google Chrome,Tâches diverses,2021-11-25,13:43:53,00:01:22
stefano.crapanzano@chu.ulg.ac.be,How can i change the search bar side? from the right to the left? — DataTables forums - Google Chrome,Tâches diverses,2021-11-25,14:27:51,00:00:02
stefano.crapanzano@chu.ulg.ac.be,How can i change the search bar side? from the right to the left? — DataTables forums - Google Chrome,Tâches diverses,2021-11-25,14:31:29,00:00:05
stefano.crapanzano@chu.ulg.ac.be,How can i change the search bar side? from the right to the left? — DataTables forums - Google Chrome,Tâches diverses,2021-11-25,14:56:51,00:00:03
stefano.crapanzano@chu.ulg.ac.be,maximize size of datatable - Recherche Google - Google Chrome,Tâches diverses,2021-11-25,13:46:08,00:00:02
stefano.crapanzano@chu.ulg.ac.be,maximize size of datatable - Recherche Google - Google Chrome,Tâches diverses,2021-11-25,13:47:04,00:00:04
stefano.crapanzano@chu.ulg.ac.be,maximize size of datatable - Recherche Google - Google Chrome,Tâches diverses,2021-11-25,13:47:17,00:00:16
stefano.crapanzano@chu.ulg.ac.be,How to increase the Datatable size width — DataTables forums - Google Chrome,Tâches diverses,2021-11-25,13:46:10,00:00:12
stefano.crapanzano@chu.ulg.ac.be,How to increase the Datatable size width — DataTables forums - Google Chrome,Tâches diverses,2021-11-25,13:46:44,00:00:19
stefano.crapanzano@chu.ulg.ac.be,DataTables - JS Bin - JS Bin - Google Chrome,Tâches diverses,2021-11-25,13:46:24,00:00:20
stefano.crapanzano@chu.ulg.ac.be,Maximum size of DataTable | C# Developer Community - Google Chrome,Tâches diverses,2021-11-25,13:47:08,00:00:09
stefano.crapanzano@chu.ulg.ac.be,maximize width of datatable - Recherche Google - Google Chrome,Tâches diverses,2021-11-25,13:47:34,00:00:09
stefano.crapanzano@chu.ulg.ac.be,maximize width of datatable - Recherche Google - Google Chrome,Tâches diverses,2021-11-25,14:01:14,00:00:05
stefano.crapanzano@chu.ulg.ac.be,maximize width of datatable - Recherche Google - Google Chrome,Tâches diverses,2021-11-25,14:24:27,00:00:08
stefano.crapanzano@chu.ulg.ac.be,Doodle | Déménagement des personnes SAI - Google Chrome,Tâches diverses,2021-11-25,13:48:31,00:00:02
stefano.crapanzano@chu.ulg.ac.be,Doodle | Déménagement des personnes SAI - Google Chrome,Tâches diverses,2021-11-25,13:48:42,00:05:21
stefano.crapanzano@chu.ulg.ac.be,Doodle | Déménagement des personnes SAI - Google Chrome,Tâches diverses,2021-11-25,13:54:52,00:00:29
stefano.crapanzano@chu.ulg.ac.be,Doodle | Déménagement des personnes SAI - Google Chrome,Tâches diverses,2021-11-25,13:55:23,00:00:15
stefano.crapanzano@chu.ulg.ac.be,Doodle | Déménagement des personnes SAI - Google Chrome,Tâches diverses,2021-11-25,13:56:24,00:00:03
stefano.crapanzano@chu.ulg.ac.be,Doodle | Déménagement des personnes SAI - Google Chrome,Tâches diverses,2021-11-25,13:58:49,00:00:09
stefano.crapanzano@chu.ulg.ac.be,Doodle | Déménagement des personnes SAI - Google Chrome,Tâches diverses,2021-11-25,13:59:00,00:00:02
stefano.crapanzano@chu.ulg.ac.be,Doodle | Déménagement des personnes SAI - Google Chrome,Tâches diverses,2021-11-25,13:59:22,00:00:10
stefano.crapanzano@chu.ulg.ac.be,Doodle | Déménagement des personnes SAI - Google Chrome,Tâches diverses,2021-11-25,13:59:47,00:00:43
stefano.crapanzano@chu.ulg.ac.be,Doodle | Déménagement des personnes SAI - Google Chrome,Tâches diverses,2021-11-25,14:00:32,00:00:09
stefano.crapanzano@chu.ulg.ac.be,Doodle | Déménagement des personnes SAI - Google Chrome,Tâches diverses,2021-11-25,14:00:43,00:00:06
stefano.crapanzano@chu.ulg.ac.be,Doodle | Déménagement des personnes SAI - Google Chrome,Tâches diverses,2021-11-25,14:00:58,00:00:03
stefano.crapanzano@chu.ulg.ac.be,Doodle | Déménagement des personnes SAI - Google Chrome,Tâches diverses,2021-11-25,14:20:47,00:00:08
stefano.crapanzano@chu.ulg.ac.be,Doodle | Déménagement des personnes SAI - Google Chrome,Tâches diverses,2021-11-25,14:20:57,00:01:23
stefano.crapanzano@chu.ulg.ac.be,Doodle | Déménagement des personnes SAI - Google Chrome,Tâches diverses,2021-11-25,14:28:00,00:00:44
stefano.crapanzano@chu.ulg.ac.be,Doodle | Déménagement des personnes SAI - Google Chrome,Tâches diverses,2021-11-25,14:56:58,00:00:02
stefano.crapanzano@chu.ulg.ac.be,Doodle | Déménagement des personnes SAI - Google Chrome,Tâches diverses,2021-11-25,14:57:25,00:00:08
stefano.crapanzano@chu.ulg.ac.be,Doodle | Déménagement des personnes SAI - Google Chrome,Tâches diverses,2021-11-25,14:58:11,00:00:07
stefano.crapanzano@chu.ulg.ac.be,Doodle | Déménagement des personnes SAI - Google Chrome,Tâches diverses,2021-11-25,15:55:04,00:00:03
stefano.crapanzano@chu.ulg.ac.be,Doodle | Déménagement des personnes SAI - Google Chrome,Tâches diverses,2021-11-25,15:55:08,00:01:23
stefano.crapanzano@chu.ulg.ac.be,Doodle | Déménagement des personnes SAI - Google Chrome,Tâches diverses,2021-11-25,15:56:33,00:00:04
stefano.crapanzano@chu.ulg.ac.be,STPNET 2 - Google Chrome,Tâches diverses,2021-11-25,13:54:10,00:00:36
stefano.crapanzano@chu.ulg.ac.be,STPNET 2 - Google Chrome,Tâches diverses,2021-11-25,13:54:49,00:00:03
stefano.crapanzano@chu.ulg.ac.be,https://doodle.com/poll/g75n7pg28vfaf7y4 - Google Chrome,Tâches diverses,2021-11-25,13:58:43,00:00:02
stefano.crapanzano@chu.ulg.ac.be,pylint - Recherche Google - Google Chrome,Tâches diverses,2021-11-25,13:56:31,00:00:02
stefano.crapanzano@chu.ulg.ac.be,pylint - Recherche Google - Google Chrome,Tâches diverses,2021-11-25,13:57:03,00:00:16
stefano.crapanzano@chu.ulg.ac.be,pylint - Recherche Google - Google Chrome,IT,2021-11-25,13:58:10,00:00:05
stefano.crapanzano@chu.ulg.ac.be,Pylint - code analysis for Python | www.pylint.org - Google Chrome,Tâches diverses,2021-11-25,13:56:34,00:00:16
stefano.crapanzano@chu.ulg.ac.be,Pylint - code analysis for Python | www.pylint.org - Google Chrome,Tâches diverses,2021-11-25,13:56:52,00:00:11
stefano.crapanzano@chu.ulg.ac.be,Administrateur : Perl (command line),IT,2021-11-25,13:57:22,00:00:02
stefano.crapanzano@chu.ulg.ac.be,Administrateur : Perl (command line),IT,2021-11-25,13:57:29,00:00:41
stefano.crapanzano@chu.ulg.ac.be,Administrateur : Perl (command line) - python  -v,IT,2021-11-25,13:57:25,00:00:04
stefano.crapanzano@chu.ulg.ac.be,DataTables example - Flexible table width - Google Chrome,Tâches diverses,2021-11-25,14:01:19,00:00:54
stefano.crapanzano@chu.ulg.ac.be,DataTables example - Flexible table width - Google Chrome,Tâches diverses,2021-11-25,14:02:43,00:17:14
stefano.crapanzano@chu.ulg.ac.be,DataTables example - Flexible table width - Google Chrome,Tâches diverses,2021-11-25,14:20:38,00:00:08
stefano.crapanzano@chu.ulg.ac.be,DataTables example - Flexible table width - Google Chrome,Tâches diverses,2021-11-25,14:22:25,00:00:12
stefano.crapanzano@chu.ulg.ac.be,DataTables example - Flexible table width - Google Chrome,Tâches diverses,2021-11-25,14:24:13,00:00:06
stefano.crapanzano@chu.ulg.ac.be,DataTables examples - Styling - Google Chrome,Tâches diverses,2021-11-25,14:02:14,00:00:08
stefano.crapanzano@chu.ulg.ac.be,DataTables examples - Styling - Google Chrome,Tâches diverses,2021-11-25,14:24:21,00:00:04
stefano.crapanzano@chu.ulg.ac.be,DataTables example - Bootstrap 4 - Google Chrome,Tâches diverses,2021-11-25,14:02:23,00:00:20
stefano.crapanzano@chu.ulg.ac.be,DataTables example - DOM positioning - Google Chrome,Tâches diverses,2021-11-25,14:22:37,00:01:35
stefano.crapanzano@chu.ulg.ac.be,maximize width datatable - Recherche Google - Google Chrome,Tâches diverses,2021-11-25,14:24:35,00:00:09
stefano.crapanzano@chu.ulg.ac.be,maximize width datatable - Recherche Google - Google Chrome,Tâches diverses,2021-11-25,14:27:54,00:00:04
stefano.crapanzano@chu.ulg.ac.be,maximize width datatable - Recherche Google - Google Chrome,Tâches diverses,2021-11-25,14:28:51,00:00:13
stefano.crapanzano@chu.ulg.ac.be,search input width datatable - Recherche Google - Google Chrome,Tâches diverses,2021-11-25,14:29:04,00:00:02
stefano.crapanzano@chu.ulg.ac.be,html - How do I make an input element occupy all remaining horizontal space? - Stack Overflow - Google Chrome,Tâches diverses,2021-11-25,14:39:18,00:00:24
stefano.crapanzano@chu.ulg.ac.be,Understand Group by in Django with SQL | Haki Benita - Google Chrome,Tâches diverses,2021-11-25,14:57:10,00:00:02
stefano.crapanzano@chu.ulg.ac.be,What's New - Google Chrome,Tâches diverses,2021-11-25,14:57:52,00:00:09
stefano.crapanzano@chu.ulg.ac.be,how to take all the place width input - Recherche Google - Google Chrome,Tâches diverses,2021-11-25,15:03:26,00:00:05
stefano.crapanzano@chu.ulg.ac.be,how to take all the place width input - Recherche Google - Google Chrome,Tâches diverses,2021-11-25,15:04:08,00:00:10
stefano.crapanzano@chu.ulg.ac.be,html - Style input element to fill remaining width of its container - Stack Overflow - Google Chrome,Tâches diverses,2021-11-25,15:03:31,00:00:18
stefano.crapanzano@chu.ulg.ac.be,html - Style input element to fill remaining width of its container - Stack Overflow - Google Chrome,Tâches diverses,2021-11-25,15:03:51,00:00:16
stefano.crapanzano@chu.ulg.ac.be,bootstrap input take full width - Recherche Google - Google Chrome,Tâches diverses,2021-11-25,15:04:19,00:00:04
stefano.crapanzano@chu.ulg.ac.be,html - Bootstrap full-width text-input within inline-form - Stack Overflow - Google Chrome,Tâches diverses,2021-11-25,15:04:23,00:00:08
stefano.crapanzano@chu.ulg.ac.be,html - Bootstrap full-width text-input within inline-form - Stack Overflow - Google Chrome,Tâches diverses,2021-11-25,15:05:16,00:00:31
stefano.crapanzano@chu.ulg.ac.be,html - Bootstrap full-width text-input within inline-form - Stack Overflow - Google Chrome,Tâches diverses,2021-11-25,15:09:07,00:00:12
stefano.crapanzano@chu.ulg.ac.be,datatable input search box placeholder - Recherche Google - Google Chrome,Tâches diverses,2021-11-25,15:09:19,00:00:04
stefano.crapanzano@chu.ulg.ac.be,datatable input search box placeholder - Recherche Google - Google Chrome,Tâches diverses,2021-11-25,15:12:58,00:00:06
stefano.crapanzano@chu.ulg.ac.be,language.searchPlaceholder - Google Chrome,Tâches diverses,2021-11-25,15:09:23,00:00:23
stefano.crapanzano@chu.ulg.ac.be,language.searchPlaceholder - Google Chrome,Tâches diverses,2021-11-25,15:10:31,00:00:13
stefano.crapanzano@chu.ulg.ac.be,language.searchPlaceholder - Google Chrome,Tâches diverses,2021-11-25,15:10:56,00:00:03
stefano.crapanzano@chu.ulg.ac.be,language.searchPlaceholder - Google Chrome,Tâches diverses,2021-11-25,15:11:12,00:00:06
stefano.crapanzano@chu.ulg.ac.be,language.searchPlaceholder - Google Chrome,Tâches diverses,2021-11-25,15:12:17,00:00:21
stefano.crapanzano@chu.ulg.ac.be,language.searchPlaceholder - Google Chrome,Tâches diverses,2021-11-25,15:12:49,00:00:08
stefano.crapanzano@chu.ulg.ac.be,javascript - How to add placeholder text with search icon on jQuery data tables - Stack Overflow - Google Chrome,Tâches diverses,2021-11-25,15:13:04,00:00:38
stefano.crapanzano@chu.ulg.ac.be,datatables input search box label remove - Recherche Google - Google Chrome,Tâches diverses,2021-11-25,15:14:46,00:00:02
stefano.crapanzano@chu.ulg.ac.be,How to remove Search label around Search Input. — DataTables forums - Google Chrome,Tâches diverses,2021-11-25,15:14:49,00:00:18
stefano.crapanzano@chu.ulg.ac.be,How to remove Search label around Search Input. — DataTables forums - Google Chrome,Tâches diverses,2021-11-25,15:19:58,00:00:16
stefano.crapanzano@chu.ulg.ac.be,Impossible d'affecter les rôles DEVFBCKXXMMSSPBA et DEVFIOFXXMMSSPBA à des utilisateurs en A03 - Xperthis ERP4HC 2.0 Rollout - Service d'assistance - Google Chrome,Tâches diverses,2021-11-25,15:17:11,00:00:02
stefano.crapanzano@chu.ulg.ac.be,datatable search size - Recherche Google - Google Chrome,Tâches diverses,2021-11-25,15:20:14,00:00:07
stefano.crapanzano@chu.ulg.ac.be,Change size of search field — DataTables forums - Google Chrome,Tâches diverses,2021-11-25,15:20:22,00:00:32
stefano.crapanzano@chu.ulg.ac.be,Change size of search field — DataTables forums - Google Chrome,Tâches diverses,2021-11-25,15:21:21,00:00:03
stefano.crapanzano@chu.ulg.ac.be,css how to change size of an element if window size is decreased - Recherche Google - Google Chrome,Tâches diverses,2021-11-25,15:22:12,00:00:04
stefano.crapanzano@chu.ulg.ac.be,Change width size using CSS when window size is reduced - Stack Overflow - Google Chrome,Tâches diverses,2021-11-25,15:22:17,00:00:16
stefano.crapanzano@chu.ulg.ac.be,Change width size using CSS when window size is reduced - Stack Overflow - Google Chrome,Tâches diverses,2021-11-25,15:22:34,00:00:03
stefano.crapanzano@chu.ulg.ac.be,C:\Users\c158492\ProjetBoulot\PYTHON\ACHAT\intrastat_project\project\intrastat\serializers.py - Notepad++ [Administrator],IT,2021-11-25,15:37:19,00:00:02
stefano.crapanzano@chu.ulg.ac.be,C:\Users\c158492\ProjetBoulot\PYTHON\ACHAT\intrastat_project\project\templates\my_tasks.html - Notepad++ [Administrator],IT,2021-11-25,15:37:22,00:00:05
stefano.crapanzano@chu.ulg.ac.be,C:\Users\c158492\ProjetBoulot\PYTHON\ACHAT\intrastat_project\project\templates\base.html - Notepad++ [Administrator],IT,2021-11-25,15:37:48,00:00:46
stefano.crapanzano@chu.ulg.ac.be,search label is not removed datatables - Recherche Google - Google Chrome,Tâches diverses,2021-11-25,15:40:34,00:00:05
stefano.crapanzano@chu.ulg.ac.be,How to hide label value of Input Search?? — DataTables forums - Google Chrome,Tâches diverses,2021-11-25,15:40:40,00:00:15
stefano.crapanzano@chu.ulg.ac.be,How to hide label value of Input Search?? — DataTables forums - Google Chrome,Tâches diverses,2021-11-25,15:41:21,00:00:38
stefano.crapanzano@chu.ulg.ac.be,How to hide label value of Input Search?? — DataTables forums - Google Chrome,Tâches diverses,2021-11-25,15:42:05,00:00:02
stefano.crapanzano@chu.ulg.ac.be,change the search label in french.json datatables - Recherche Google - Google Chrome,Tâches diverses,2021-11-25,15:43:20,00:00:06
stefano.crapanzano@chu.ulg.ac.be,change the search label in french.json datatables - Recherche Google - Google Chrome,Tâches diverses,2021-11-25,15:56:45,00:00:02
stefano.crapanzano@chu.ulg.ac.be,https://cdn.datatables.net/plug-ins/1.10.22/i18n/French.json - Google Chrome,Tâches diverses,2021-11-25,15:43:40,00:00:27
stefano.crapanzano@chu.ulg.ac.be,https://cdn.datatables.net/plug-ins/1.10.22/i18n/French.json - Google Chrome,Tâches diverses,2021-11-25,15:56:48,00:00:02
stefano.crapanzano@chu.ulg.ac.be,Intrastat - Google Chrome,Tâches diverses,2021-11-25,15:52:26,00:00:24
stefano.crapanzano@chu.ulg.ac.be,Service MT - Google Chrome,Tâches diverses,2021-11-25,15:57:18,00:00:17
stefano.crapanzano@chu.ulg.ac.be,datatables add column with link - Recherche Google - Google Chrome,Tâches diverses,2021-11-25,16:23:01,00:00:03
stefano.crapanzano@chu.ulg.ac.be,datatables add column with link - Recherche Google - Google Chrome,Tâches diverses,2021-11-25,16:23:25,00:00:29
stefano.crapanzano@chu.ulg.ac.be,datatables add column with link - Recherche Google - Google Chrome,Tâches diverses,2021-11-25,16:24:25,00:00:09
stefano.crapanzano@chu.ulg.ac.be,How to add a hyperlink to certain cells? — DataTables forums - Google Chrome,Tâches diverses,2021-11-25,16:23:04,00:00:20
stefano.crapanzano@chu.ulg.ac.be,Add link to datatables cell - Google Chrome,Tâches diverses,2021-11-25,16:23:54,00:00:30
stefano.crapanzano@chu.ulg.ac.be,DataTable hyperlink - Recherche Google - Google Chrome,Tâches diverses,2021-11-25,16:24:34,00:00:04
stefano.crapanzano@chu.ulg.ac.be,DataTable hyperlink - Recherche Google - Google Chrome,Tâches diverses,2021-11-25,16:25:07,00:00:06
stefano.crapanzano@chu.ulg.ac.be,hyperLink - Google Chrome,Tâches diverses,2021-11-25,16:24:38,00:00:28
stefano.crapanzano@chu.ulg.ac.be,I need to put a link in a Data Tables cell — DataTables forums - Google Chrome,Tâches diverses,2021-11-25,16:25:14,00:00:42
stefano.crapanzano@chu.ulg.ac.be,datatable add button - Recherche Google - Google Chrome,Tâches diverses,2021-11-25,16:26:30,00:00:05
stefano.crapanzano@chu.ulg.ac.be,datatable add button - Recherche Google - Google Chrome,Tâches diverses,2021-11-25,16:26:39,00:00:17
stefano.crapanzano@chu.ulg.ac.be,DataTables example - Custom button - Google Chrome,Tâches diverses,2021-11-25,16:26:35,00:00:04
stefano.crapanzano@chu.ulg.ac.be,datatable add link in cell - Recherche Google - Google Chrome,Tâches diverses,2021-11-25,16:26:57,00:00:05
stefano.crapanzano@chu.ulg.ac.be,datatable create link in cell - Recherche Google - Google Chrome,Tâches diverses,2021-11-25,16:27:03,00:00:02
stefano.crapanzano@chu.ulg.ac.be,How do i add a link in a cell — DataTables forums - Google Chrome,Tâches diverses,2021-11-25,16:27:05,00:00:05
stefano.crapanzano@chu.ulg.ac.be,Hyperlink in td — DataTables forums - Google Chrome,Tâches diverses,2021-11-25,16:27:11,00:00:29
stefano.crapanzano@chu.ulg.ac.be,Hyperlink in td — DataTables forums - Google Chrome,Tâches diverses,2021-11-25,16:28:37,00:00:30
stefano.crapanzano@chu.ulg.ac.be,Hyperlink in td — DataTables forums - Google Chrome,Tâches diverses,2021-11-25,16:30:41,00:00:06
stefano.crapanzano@chu.ulg.ac.be,Hyperlink in td — DataTables forums - Google Chrome,Tâches diverses,2021-11-25,16:33:18,00:00:04
stefano.crapanzano@chu.ulg.ac.be,datatable column without data - Recherche Google - Google Chrome,Tâches diverses,2021-11-25,16:29:19,00:00:02
stefano.crapanzano@chu.ulg.ac.be,Adding an empty column (at the left) ... — DataTables forums - Google Chrome,Tâches diverses,2021-11-25,16:29:22,00:00:21
stefano.crapanzano@chu.ulg.ac.be,link tooltip - Recherche Google - Google Chrome,Tâches diverses,2021-11-25,16:34:17,00:00:03
stefano.crapanzano@chu.ulg.ac.be,jquery - Add tooltip in a anchor link - Stack Overflow - Google Chrome,Tâches diverses,2021-11-25,16:34:20,00:00:16
stefano.crapanzano@chu.ulg.ac.be,javascript escape quote - Recherche Google - Google Chrome,Tâches diverses,2021-11-25,16:35:50,00:00:04
stefano.crapanzano@chu.ulg.ac.be,javascript escape quote - Recherche Google - Google Chrome,Tâches diverses,2021-11-25,16:37:37,00:00:02
stefano.crapanzano@chu.ulg.ac.be,javascript escape quote - Recherche Google - Google Chrome,Tâches diverses,2021-11-25,16:38:58,00:00:05
stefano.crapanzano@chu.ulg.ac.be,html - How do I escape a single quote ( ' ) in JavaScript? - Stack Overflow - Google Chrome,Tâches diverses,2021-11-25,16:35:55,00:00:45
stefano.crapanzano@chu.ulg.ac.be,html - How do I escape a single quote ( ' ) in JavaScript? - Stack Overflow - Google Chrome,Tâches diverses,2021-11-25,16:37:29,00:00:08
stefano.crapanzano@chu.ulg.ac.be,How To Work with Strings in JavaScript | DigitalOcean - Google Chrome,Tâches diverses,2021-11-25,16:37:40,00:00:05
stefano.crapanzano@chu.ulg.ac.be,How To Work with Strings in JavaScript | DigitalOcean - Google Chrome,Tâches diverses,2021-11-25,16:38:48,00:00:09
stefano.crapanzano@chu.ulg.ac.be,javascript backtick - Recherche Google - Google Chrome,Tâches diverses,2021-11-25,16:39:03,00:00:02
stefano.crapanzano@chu.ulg.ac.be,Littéraux de gabarits - JavaScript | MDN - Google Chrome,Tâches diverses,2021-11-25,16:39:06,00:00:03
stefano.crapanzano@chu.ulg.ac.be,Littéraux de gabarits - JavaScript | MDN - Google Chrome,Tâches diverses,2021-11-25,16:42:08,00:01:00
stefano.crapanzano@chu.ulg.ac.be,Littéraux de gabarits - JavaScript | MDN - Google Chrome,Tâches diverses,2021-11-25,16:43:21,00:00:02
stefano.crapanzano@chu.ulg.ac.be,Littéraux de gabarits - JavaScript | MDN - Google Chrome,Tâches diverses,2021-11-25,16:43:28,00:00:02
stefano.crapanzano@chu.ulg.ac.be,Littéraux de gabarits - JavaScript | MDN - Google Chrome,Tâches diverses,2021-11-25,16:43:32,00:00:02
stefano.crapanzano@chu.ulg.ac.be,backtick and quote - Recherche Google - Google Chrome,Tâches diverses,2021-11-25,16:40:47,00:00:04
stefano.crapanzano@chu.ulg.ac.be,backtick and quote - Recherche Google - Google Chrome,Tâches diverses,2021-11-25,16:41:07,00:00:06
stefano.crapanzano@chu.ulg.ac.be,javascript - Back-tick vs single quote in js - Stack Overflow - Google Chrome,Tâches diverses,2021-11-25,16:40:51,00:00:16
stefano.crapanzano@chu.ulg.ac.be,“Double Quotes” vs ‘Single Quotes’ vs `Backticks` in JavaScript | by Chameera Dulanga | Bits and Pieces - Google Chrome,Tâches diverses,2021-11-25,16:41:14,00:00:20
stefano.crapanzano@chu.ulg.ac.be,“Double Quotes” vs ‘Single Quotes’ vs `Backticks` in JavaScript | by Chameera Dulanga | Bits and Pieces - Google Chrome,Tâches diverses,2021-11-25,16:41:47,00:00:02
stefano.crapanzano@chu.ulg.ac.be,“Double Quotes” vs ‘Single Quotes’ vs `Backticks` in JavaScript | by Chameera Dulanga | Bits and Pieces - Google Chrome,Tâches diverses,2021-11-25,16:43:24,00:00:04
stefano.crapanzano@chu.ulg.ac.be,FieldError at /stock/article/605200/from/sap - Google Chrome,Tâches diverses,2021-11-25,16:55:04,00:00:06
stefano.crapanzano@chu.ulg.ac.be,FieldError at /stock/article/605200/from/sap - Google Chrome,Tâches diverses,2021-11-25,16:57:52,00:00:02
stefano.crapanzano@chu.ulg.ac.be,df-wx-0017 - Netop Remote Control,Helpdesk général,2021-11-25,16:58:59,00:12:04
