Email,Description,Project,Start date,Start time,Duration
stefano.crapanzano@chu.ulg.ac.be,Administrateur : C:\Windows\system32\cmd.exe - python  main.py,IT,2021-11-23,08:35:12,00:00:02
stefano.crapanzano@chu.ulg.ac.be,SAP GUI for Windows 760,Exploration SAP,2021-11-23,16:03:44,00:02:58
stefano.crapanzano@chu.ulg.ac.be,Courrier entrant - erp.sai@chuliege.be - Mozilla Thunderbird,IT,2021-11-23,08:26:13,00:00:06
stefano.crapanzano@chu.ulg.ac.be,Courrier entrant - erp.sai@chuliege.be - Mozilla Thunderbird,Helpdesk général,2021-11-23,08:28:14,00:00:19
stefano.crapanzano@chu.ulg.ac.be,Courrier entrant - erp.sai@chuliege.be - Mozilla Thunderbird,Helpdesk général,2021-11-23,08:28:47,00:01:07
stefano.crapanzano@chu.ulg.ac.be,Courrier entrant - erp.sai@chuliege.be - Mozilla Thunderbird,Helpdesk général,2021-11-23,08:29:56,00:00:16
stefano.crapanzano@chu.ulg.ac.be,Courrier entrant - erp.sai@chuliege.be - Mozilla Thunderbird,Helpdesk général,2021-11-23,08:34:05,00:01:00
stefano.crapanzano@chu.ulg.ac.be,Courrier entrant - erp.sai@chuliege.be - Mozilla Thunderbird,Helpdesk général,2021-11-23,08:35:25,00:00:02
stefano.crapanzano@chu.ulg.ac.be,Courrier entrant - erp.sai@chuliege.be - Mozilla Thunderbird,Helpdesk général,2021-11-23,10:00:48,00:00:05
stefano.crapanzano@chu.ulg.ac.be,Courrier entrant - erp.sai@chuliege.be - Mozilla Thunderbird,Helpdesk général,2021-11-23,10:02:12,00:00:08
stefano.crapanzano@chu.ulg.ac.be,Courrier entrant - erp.sai@chuliege.be - Mozilla Thunderbird,Helpdesk général,2021-11-23,10:03:10,00:00:08
stefano.crapanzano@chu.ulg.ac.be,Courrier entrant - erp.sai@chuliege.be - Mozilla Thunderbird,Helpdesk général,2021-11-23,10:03:24,00:00:06
stefano.crapanzano@chu.ulg.ac.be,Courrier entrant - erp.sai@chuliege.be - Mozilla Thunderbird,Tâches diverses,2021-11-23,10:05:13,00:00:04
stefano.crapanzano@chu.ulg.ac.be,Courrier entrant - erp.sai@chuliege.be - Mozilla Thunderbird,Helpdesk général,2021-11-23,10:38:20,00:00:13
stefano.crapanzano@chu.ulg.ac.be,Courrier entrant - erp.sai@chuliege.be - Mozilla Thunderbird,Helpdesk général,2021-11-23,10:44:22,00:00:58
stefano.crapanzano@chu.ulg.ac.be,Courrier entrant - erp.sai@chuliege.be - Mozilla Thunderbird,Helpdesk général,2021-11-23,10:47:18,00:00:33
stefano.crapanzano@chu.ulg.ac.be,Courrier entrant - erp.sai@chuliege.be - Mozilla Thunderbird,Helpdesk général,2021-11-23,10:49:43,00:00:05
stefano.crapanzano@chu.ulg.ac.be,Courrier entrant - erp.sai@chuliege.be - Mozilla Thunderbird,Helpdesk général,2021-11-23,10:50:21,00:00:06
stefano.crapanzano@chu.ulg.ac.be,Courrier entrant - erp.sai@chuliege.be - Mozilla Thunderbird,Helpdesk général,2021-11-23,10:54:15,00:00:15
stefano.crapanzano@chu.ulg.ac.be,Courrier entrant - erp.sai@chuliege.be - Mozilla Thunderbird,Helpdesk général,2021-11-23,11:01:41,00:00:06
stefano.crapanzano@chu.ulg.ac.be,Courrier entrant - erp.sai@chuliege.be - Mozilla Thunderbird,Tâches diverses,2021-11-23,11:02:27,00:13:54
stefano.crapanzano@chu.ulg.ac.be,Courrier entrant - erp.sai@chuliege.be - Mozilla Thunderbird,Helpdesk général,2021-11-23,11:32:26,00:00:25
stefano.crapanzano@chu.ulg.ac.be,Courrier entrant - erp.sai@chuliege.be - Mozilla Thunderbird,Helpdesk général,2021-11-23,12:06:47,00:00:47
stefano.crapanzano@chu.ulg.ac.be,Courrier entrant - erp.sai@chuliege.be - Mozilla Thunderbird,Helpdesk général,2021-11-23,12:09:24,00:00:20
stefano.crapanzano@chu.ulg.ac.be,Courrier entrant - erp.sai@chuliege.be - Mozilla Thunderbird,Helpdesk général,2021-11-23,12:10:03,00:00:04
stefano.crapanzano@chu.ulg.ac.be,Courrier entrant - erp.sai@chuliege.be - Mozilla Thunderbird,Helpdesk général,2021-11-23,12:10:42,00:00:05
stefano.crapanzano@chu.ulg.ac.be,Courrier entrant - erp.sai@chuliege.be - Mozilla Thunderbird,Helpdesk général,2021-11-23,12:26:38,00:00:02
stefano.crapanzano@chu.ulg.ac.be,Courrier entrant - erp.sai@chuliege.be - Mozilla Thunderbird,Tâches diverses,2021-11-23,13:26:24,00:00:04
stefano.crapanzano@chu.ulg.ac.be,Courrier entrant - erp.sai@chuliege.be - Mozilla Thunderbird,Tâches diverses,2021-11-23,13:26:29,00:00:02
stefano.crapanzano@chu.ulg.ac.be,Courrier entrant - erp.sai@chuliege.be - Mozilla Thunderbird,Helpdesk général,2021-11-23,13:26:33,00:00:09
stefano.crapanzano@chu.ulg.ac.be,Courrier entrant - erp.sai@chuliege.be - Mozilla Thunderbird,Helpdesk général,2021-11-23,13:26:46,00:00:08
stefano.crapanzano@chu.ulg.ac.be,Courrier entrant - erp.sai@chuliege.be - Mozilla Thunderbird,Helpdesk général,2021-11-23,13:27:02,00:00:13
stefano.crapanzano@chu.ulg.ac.be,Courrier entrant - erp.sai@chuliege.be - Mozilla Thunderbird,Helpdesk général,2021-11-23,13:27:20,00:00:02
stefano.crapanzano@chu.ulg.ac.be,Courrier entrant - erp.sai@chuliege.be - Mozilla Thunderbird,Helpdesk général,2021-11-23,14:02:05,00:00:05
stefano.crapanzano@chu.ulg.ac.be,Courrier entrant - erp.sai@chuliege.be - Mozilla Thunderbird,Helpdesk général,2021-11-23,14:03:01,00:00:04
stefano.crapanzano@chu.ulg.ac.be,Courrier entrant - erp.sai@chuliege.be - Mozilla Thunderbird,Helpdesk général,2021-11-23,14:03:44,00:00:10
stefano.crapanzano@chu.ulg.ac.be,Courrier entrant - erp.sai@chuliege.be - Mozilla Thunderbird,Tâches diverses,2021-11-23,14:04:08,00:00:09
stefano.crapanzano@chu.ulg.ac.be,Courrier entrant - erp.sai@chuliege.be - Mozilla Thunderbird,Tâches diverses,2021-11-23,14:04:25,00:00:02
stefano.crapanzano@chu.ulg.ac.be,Courrier entrant - erp.sai@chuliege.be - Mozilla Thunderbird,Helpdesk général,2021-11-23,14:04:48,00:00:02
stefano.crapanzano@chu.ulg.ac.be,Courrier entrant - erp.sai@chuliege.be - Mozilla Thunderbird,Helpdesk général,2021-11-23,14:05:58,00:00:02
stefano.crapanzano@chu.ulg.ac.be,Courrier entrant - erp.sai@chuliege.be - Mozilla Thunderbird,Helpdesk général,2021-11-23,14:06:26,00:00:41
stefano.crapanzano@chu.ulg.ac.be,Courrier entrant - erp.sai@chuliege.be - Mozilla Thunderbird,Helpdesk général,2021-11-23,14:07:21,00:00:36
stefano.crapanzano@chu.ulg.ac.be,Courrier entrant - erp.sai@chuliege.be - Mozilla Thunderbird,Helpdesk général,2021-11-23,14:07:59,00:00:02
stefano.crapanzano@chu.ulg.ac.be,Courrier entrant - erp.sai@chuliege.be - Mozilla Thunderbird,Helpdesk général,2021-11-23,14:09:35,00:00:06
stefano.crapanzano@chu.ulg.ac.be,Courrier entrant - erp.sai@chuliege.be - Mozilla Thunderbird,Helpdesk général,2021-11-23,14:13:58,00:00:28
stefano.crapanzano@chu.ulg.ac.be,Courrier entrant - erp.sai@chuliege.be - Mozilla Thunderbird,Helpdesk général,2021-11-23,14:36:45,00:00:20
stefano.crapanzano@chu.ulg.ac.be,Courrier entrant - erp.sai@chuliege.be - Mozilla Thunderbird,Helpdesk général,2021-11-23,14:40:12,00:00:05
stefano.crapanzano@chu.ulg.ac.be,Courrier entrant - erp.sai@chuliege.be - Mozilla Thunderbird,Helpdesk général,2021-11-23,14:40:34,00:00:25
stefano.crapanzano@chu.ulg.ac.be,Courrier entrant - erp.sai@chuliege.be - Mozilla Thunderbird,Helpdesk général,2021-11-23,14:56:00,00:00:03
stefano.crapanzano@chu.ulg.ac.be,Courrier entrant - erp.sai@chuliege.be - Mozilla Thunderbird,Helpdesk général,2021-11-23,14:58:56,00:00:06
stefano.crapanzano@chu.ulg.ac.be,Courrier entrant - erp.sai@chuliege.be - Mozilla Thunderbird,Helpdesk général,2021-11-23,15:12:55,00:00:05
stefano.crapanzano@chu.ulg.ac.be,Courrier entrant - erp.sai@chuliege.be - Mozilla Thunderbird,Tâches diverses,2021-11-23,15:13:09,00:00:08
stefano.crapanzano@chu.ulg.ac.be,Courrier entrant - erp.sai@chuliege.be - Mozilla Thunderbird,Helpdesk général,2021-11-23,15:14:16,00:00:06
stefano.crapanzano@chu.ulg.ac.be,Courrier entrant - erp.sai@chuliege.be - Mozilla Thunderbird,Helpdesk général,2021-11-23,15:38:40,00:00:02
stefano.crapanzano@chu.ulg.ac.be,Courrier entrant - erp.sai@chuliege.be - Mozilla Thunderbird,Helpdesk général,2021-11-23,16:06:44,00:00:10
stefano.crapanzano@chu.ulg.ac.be,Courrier entrant - erp.sai@chuliege.be - Mozilla Thunderbird,Helpdesk général,2021-11-23,16:06:57,00:00:16
stefano.crapanzano@chu.ulg.ac.be,Courrier entrant - erp.sai@chuliege.be - Mozilla Thunderbird,Helpdesk général,2021-11-23,16:07:30,00:00:05
stefano.crapanzano@chu.ulg.ac.be,Courrier entrant - erp.sai@chuliege.be - Mozilla Thunderbird,Tâches diverses,2021-11-23,16:12:53,00:00:13
stefano.crapanzano@chu.ulg.ac.be,Courrier entrant - erp.sai@chuliege.be - Mozilla Thunderbird,Helpdesk général,2021-11-23,16:14:23,00:00:16
stefano.crapanzano@chu.ulg.ac.be,Courrier entrant - erp.sai@chuliege.be - Mozilla Thunderbird,Helpdesk général,2021-11-23,16:56:48,00:00:06
stefano.crapanzano@chu.ulg.ac.be,Enregistrer le message,Helpdesk général,2021-11-23,08:26:20,00:00:04
stefano.crapanzano@chu.ulg.ac.be,Rédaction : (pas de sujet) - Thunderbird,Helpdesk général,2021-11-23,08:26:24,00:00:02
stefano.crapanzano@chu.ulg.ac.be,Rédaction : (pas de sujet) - Thunderbird,Helpdesk général,2021-11-23,08:26:28,00:01:46
stefano.crapanzano@chu.ulg.ac.be,Rédaction : (pas de sujet) - Thunderbird,Helpdesk général,2021-11-23,12:20:14,00:02:44
stefano.crapanzano@chu.ulg.ac.be,Navigation système de fichier,IT,2021-11-23,08:30:49,00:00:04
stefano.crapanzano@chu.ulg.ac.be,Navigation système de fichier,IT,2021-11-23,08:31:29,00:00:09
stefano.crapanzano@chu.ulg.ac.be,Navigation système de fichier,IT,2021-11-23,09:59:40,00:00:02
stefano.crapanzano@chu.ulg.ac.be,Navigation système de fichier,IT,2021-11-23,10:38:17,00:00:02
stefano.crapanzano@chu.ulg.ac.be,Navigation système de fichier,IT,2021-11-23,10:38:33,00:00:02
stefano.crapanzano@chu.ulg.ac.be,Navigation système de fichier,IT,2021-11-23,10:45:24,00:00:02
stefano.crapanzano@chu.ulg.ac.be,Navigation système de fichier,IT,2021-11-23,10:47:51,00:00:03
stefano.crapanzano@chu.ulg.ac.be,Navigation système de fichier,IT,2021-11-23,10:49:49,00:00:05
stefano.crapanzano@chu.ulg.ac.be,Navigation système de fichier,IT,2021-11-23,10:54:12,00:00:02
stefano.crapanzano@chu.ulg.ac.be,Navigation système de fichier,IT,2021-11-23,10:55:05,00:00:03
stefano.crapanzano@chu.ulg.ac.be,Navigation système de fichier,IT,2021-11-23,10:58:25,00:00:03
stefano.crapanzano@chu.ulg.ac.be,Navigation système de fichier,IT,2021-11-23,10:58:32,00:00:02
stefano.crapanzano@chu.ulg.ac.be,Navigation système de fichier,IT,2021-11-23,11:01:38,00:00:03
stefano.crapanzano@chu.ulg.ac.be,Navigation système de fichier,IT,2021-11-23,11:19:55,00:00:02
stefano.crapanzano@chu.ulg.ac.be,Navigation système de fichier,IT,2021-11-23,11:21:09,00:00:13
stefano.crapanzano@chu.ulg.ac.be,Navigation système de fichier,IT,2021-11-23,11:22:31,00:00:03
stefano.crapanzano@chu.ulg.ac.be,Navigation système de fichier,IT,2021-11-23,11:51:46,00:00:36
stefano.crapanzano@chu.ulg.ac.be,Navigation système de fichier,IT,2021-11-23,11:52:47,00:00:02
stefano.crapanzano@chu.ulg.ac.be,Navigation système de fichier,IT,2021-11-23,11:54:34,00:00:02
stefano.crapanzano@chu.ulg.ac.be,Navigation système de fichier,IT,2021-11-23,11:55:47,00:00:02
stefano.crapanzano@chu.ulg.ac.be,Navigation système de fichier,IT,2021-11-23,12:46:04,00:38:47
stefano.crapanzano@chu.ulg.ac.be,Navigation système de fichier,IT,2021-11-23,13:30:51,00:00:19
stefano.crapanzano@chu.ulg.ac.be,Navigation système de fichier,IT,2021-11-23,13:45:43,00:14:13
stefano.crapanzano@chu.ulg.ac.be,Navigation système de fichier,IT,2021-11-23,14:04:27,00:00:02
stefano.crapanzano@chu.ulg.ac.be,Navigation système de fichier,IT,2021-11-23,14:17:13,00:00:08
stefano.crapanzano@chu.ulg.ac.be,Navigation système de fichier,IT,2021-11-23,14:21:49,00:14:55
stefano.crapanzano@chu.ulg.ac.be,Navigation système de fichier,IT,2021-11-23,14:46:36,00:00:13
stefano.crapanzano@chu.ulg.ac.be,Navigation système de fichier,IT,2021-11-23,15:24:20,00:00:09
stefano.crapanzano@chu.ulg.ac.be,Navigation système de fichier,IT,2021-11-23,15:24:51,00:01:26
stefano.crapanzano@chu.ulg.ac.be,Navigation système de fichier,IT,2021-11-23,15:31:55,00:00:03
stefano.crapanzano@chu.ulg.ac.be,Navigation système de fichier,IT,2021-11-23,15:33:01,00:00:03
stefano.crapanzano@chu.ulg.ac.be,Navigation système de fichier,IT,2021-11-23,15:33:56,00:00:02
stefano.crapanzano@chu.ulg.ac.be,Navigation système de fichier,IT,2021-11-23,15:39:14,00:00:03
stefano.crapanzano@chu.ulg.ac.be,Navigation système de fichier,IT,2021-11-23,15:39:21,00:00:26
stefano.crapanzano@chu.ulg.ac.be,Navigation système de fichier,IT,2021-11-23,15:41:43,00:00:02
stefano.crapanzano@chu.ulg.ac.be,Navigation système de fichier,IT,2021-11-23,15:42:40,00:00:02
stefano.crapanzano@chu.ulg.ac.be,Navigation système de fichier,IT,2021-11-23,15:43:18,00:00:02
stefano.crapanzano@chu.ulg.ac.be,Navigation système de fichier,IT,2021-11-23,15:48:02,00:00:05
stefano.crapanzano@chu.ulg.ac.be,Navigation système de fichier,IT,2021-11-23,16:01:07,00:00:10
stefano.crapanzano@chu.ulg.ac.be,Navigation système de fichier,IT,2021-11-23,16:01:55,00:01:48
stefano.crapanzano@chu.ulg.ac.be,Navigation système de fichier,IT,2021-11-23,16:13:27,00:00:19
stefano.crapanzano@chu.ulg.ac.be,Navigation système de fichier,IT,2021-11-23,16:13:48,00:00:16
stefano.crapanzano@chu.ulg.ac.be,Navigation système de fichier,IT,2021-11-23,16:18:16,00:00:02
stefano.crapanzano@chu.ulg.ac.be,Navigation système de fichier,IT,2021-11-23,16:25:06,00:00:02
stefano.crapanzano@chu.ulg.ac.be,Navigation système de fichier,IT,2021-11-23,16:25:44,00:00:03
stefano.crapanzano@chu.ulg.ac.be,Navigation système de fichier,IT,2021-11-23,16:27:24,00:00:02
stefano.crapanzano@chu.ulg.ac.be,Navigation système de fichier,IT,2021-11-23,16:27:45,00:00:02
stefano.crapanzano@chu.ulg.ac.be,Navigation système de fichier,IT,2021-11-23,16:27:50,00:00:05
stefano.crapanzano@chu.ulg.ac.be,Navigation système de fichier,IT,2021-11-23,16:55:45,00:00:55
stefano.crapanzano@chu.ulg.ac.be,P203 CHU UNILAB : Distribution articles périmés - Xperthis ERP4HC 1.0 - Service d'assistance - Google Chrome,Tâches diverses,2021-11-23,08:28:35,00:00:10
stefano.crapanzano@chu.ulg.ac.be,P203 CHU UNILAB : Distribution articles périmés - Xperthis ERP4HC 1.0 - Service d'assistance - Google Chrome,Tâches diverses,2021-11-23,08:30:53,00:00:03
stefano.crapanzano@chu.ulg.ac.be,P203 CHU UNILAB : Distribution articles périmés - Xperthis ERP4HC 1.0 - Service d'assistance - Google Chrome,Tâches diverses,2021-11-23,14:05:18,00:00:04
stefano.crapanzano@chu.ulg.ac.be,Courrier entrant - stefano.crapanzano@chuliege.be - Mozilla Thunderbird,Helpdesk général,2021-11-23,08:30:12,00:00:36
stefano.crapanzano@chu.ulg.ac.be,Courrier entrant - stefano.crapanzano@chuliege.be - Mozilla Thunderbird,Helpdesk général,2021-11-23,08:31:38,00:00:02
stefano.crapanzano@chu.ulg.ac.be,Courrier entrant - stefano.crapanzano@chuliege.be - Mozilla Thunderbird,Helpdesk général,2021-11-23,08:34:01,00:00:04
stefano.crapanzano@chu.ulg.ac.be,Courrier entrant - stefano.crapanzano@chuliege.be - Mozilla Thunderbird,Helpdesk général,2021-11-23,08:37:58,00:00:02
stefano.crapanzano@chu.ulg.ac.be,Courrier entrant - stefano.crapanzano@chuliege.be - Mozilla Thunderbird,Helpdesk général,2021-11-23,09:59:42,00:00:04
stefano.crapanzano@chu.ulg.ac.be,Courrier entrant - stefano.crapanzano@chuliege.be - Mozilla Thunderbird,Helpdesk général,2021-11-23,10:03:18,00:00:05
stefano.crapanzano@chu.ulg.ac.be,Courrier entrant - stefano.crapanzano@chuliege.be - Mozilla Thunderbird,Helpdesk général,2021-11-23,10:05:17,00:00:04
stefano.crapanzano@chu.ulg.ac.be,Courrier entrant - stefano.crapanzano@chuliege.be - Mozilla Thunderbird,Helpdesk général,2021-11-23,11:01:48,00:00:02
stefano.crapanzano@chu.ulg.ac.be,Courrier entrant - stefano.crapanzano@chuliege.be - Mozilla Thunderbird,Helpdesk général,2021-11-23,11:32:52,00:00:04
stefano.crapanzano@chu.ulg.ac.be,Courrier entrant - stefano.crapanzano@chuliege.be - Mozilla Thunderbird,Helpdesk général,2021-11-23,11:33:02,00:15:42
stefano.crapanzano@chu.ulg.ac.be,Courrier entrant - stefano.crapanzano@chuliege.be - Mozilla Thunderbird,Helpdesk général,2021-11-23,12:09:54,00:00:09
stefano.crapanzano@chu.ulg.ac.be,Courrier entrant - stefano.crapanzano@chuliege.be - Mozilla Thunderbird,Helpdesk général,2021-11-23,12:26:41,00:19:23
stefano.crapanzano@chu.ulg.ac.be,Courrier entrant - stefano.crapanzano@chuliege.be - Mozilla Thunderbird,Helpdesk général,2021-11-23,14:05:55,00:00:02
stefano.crapanzano@chu.ulg.ac.be,Courrier entrant - stefano.crapanzano@chuliege.be - Mozilla Thunderbird,Helpdesk général,2021-11-23,14:17:09,00:00:02
stefano.crapanzano@chu.ulg.ac.be,Courrier entrant - stefano.crapanzano@chuliege.be - Mozilla Thunderbird,Helpdesk général,2021-11-23,14:41:00,00:00:02
stefano.crapanzano@chu.ulg.ac.be,Courrier entrant - stefano.crapanzano@chuliege.be - Mozilla Thunderbird,Tâches diverses,2021-11-23,14:59:03,00:00:02
stefano.crapanzano@chu.ulg.ac.be,Courrier entrant - stefano.crapanzano@chuliege.be - Mozilla Thunderbird,Helpdesk général,2021-11-23,15:14:39,00:00:02
stefano.crapanzano@chu.ulg.ac.be,Courrier entrant - stefano.crapanzano@chuliege.be - Mozilla Thunderbird,Helpdesk général,2021-11-23,15:18:16,00:00:02
stefano.crapanzano@chu.ulg.ac.be,Courrier entrant - stefano.crapanzano@chuliege.be - Mozilla Thunderbird,Helpdesk général,2021-11-23,16:06:55,00:00:02
stefano.crapanzano@chu.ulg.ac.be,Courrier entrant - stefano.crapanzano@chuliege.be - Mozilla Thunderbird,Helpdesk général,2021-11-23,16:07:14,00:00:02
stefano.crapanzano@chu.ulg.ac.be,Service MT - Google Chrome,Tâches diverses,2021-11-23,08:31:07,00:00:22
stefano.crapanzano@chu.ulg.ac.be,Service MT - Google Chrome,Helpdesk général,2021-11-23,08:35:28,00:00:05
stefano.crapanzano@chu.ulg.ac.be,Service MT - Google Chrome,Tâches diverses,2021-11-23,10:03:41,00:00:17
stefano.crapanzano@chu.ulg.ac.be,Service MT - Google Chrome,Tâches diverses,2021-11-23,10:05:03,00:00:09
stefano.crapanzano@chu.ulg.ac.be,Service MT - Google Chrome,Helpdesk général,2021-11-23,10:05:22,00:00:03
stefano.crapanzano@chu.ulg.ac.be,Service MT - Google Chrome,Tâches diverses,2021-11-23,10:45:26,00:00:03
stefano.crapanzano@chu.ulg.ac.be,Service MT - Google Chrome,Tâches diverses,2021-11-23,11:02:22,00:00:05
stefano.crapanzano@chu.ulg.ac.be,Service MT - Google Chrome,Tâches diverses,2021-11-23,14:02:10,00:00:08
stefano.crapanzano@chu.ulg.ac.be,Service MT - Google Chrome,Tâches diverses,2021-11-23,16:08:58,00:00:22
stefano.crapanzano@chu.ulg.ac.be,Identification - Google Chrome,Tâches diverses,2021-11-23,08:31:00,00:00:06
stefano.crapanzano@chu.ulg.ac.be,import - Mozilla Thunderbird,Helpdesk général,2021-11-23,08:31:41,00:00:12
stefano.crapanzano@chu.ulg.ac.be,import - Mozilla Thunderbird,Helpdesk général,2021-11-23,08:31:56,00:00:07
stefano.crapanzano@chu.ulg.ac.be,import - Mozilla Thunderbird,Helpdesk général,2021-11-23,08:33:57,00:00:04
stefano.crapanzano@chu.ulg.ac.be,Erreur dans le test KOFAX - Import XML - Mozilla Thunderbird,Helpdesk général,2021-11-23,08:31:53,00:00:02
stefano.crapanzano@chu.ulg.ac.be,Netop Invité,Helpdesk général,2021-11-23,08:32:03,00:00:04
stefano.crapanzano@chu.ulg.ac.be,Netop Invité,Helpdesk général,2021-11-23,10:03:59,00:00:05
stefano.crapanzano@chu.ulg.ac.be,Netop Invité,Helpdesk général,2021-11-23,10:05:00,00:00:02
stefano.crapanzano@chu.ulg.ac.be,Netop Invité,Helpdesk général,2021-11-23,10:55:09,00:02:30
stefano.crapanzano@chu.ulg.ac.be,Netop Invité,Helpdesk général,2021-11-23,11:16:22,00:00:08
stefano.crapanzano@chu.ulg.ac.be,Netop Invité,Tâches diverses,2021-11-23,13:28:27,00:00:04
stefano.crapanzano@chu.ulg.ac.be,Netop Invité,Helpdesk général,2021-11-23,13:30:05,00:00:12
stefano.crapanzano@chu.ulg.ac.be,Netop Invité,Helpdesk général,2021-11-23,14:06:02,00:00:02
stefano.crapanzano@chu.ulg.ac.be,Netop Invité,Helpdesk général,2021-11-23,14:09:45,00:04:13
stefano.crapanzano@chu.ulg.ac.be,Connexion à l'aide de l'authentification Windows,Helpdesk général,2021-11-23,08:32:09,00:00:04
stefano.crapanzano@chu.ulg.ac.be,Connexion à l'aide de l'authentification Windows,Helpdesk général,2021-11-23,10:04:05,00:00:02
stefano.crapanzano@chu.ulg.ac.be,Connexion à l'aide de l'authentification Windows,Helpdesk général,2021-11-23,11:16:30,00:00:04
stefano.crapanzano@chu.ulg.ac.be,Connexion à l'aide de l'authentification Windows,Helpdesk général,2021-11-23,13:28:31,00:00:04
stefano.crapanzano@chu.ulg.ac.be,Connexion à l'aide de l'authentification Windows,Helpdesk général,2021-11-23,14:06:06,00:00:02
stefano.crapanzano@chu.ulg.ac.be,si-s-serv503 - Netop Remote Control,Helpdesk général,2021-11-23,08:32:14,00:01:42
stefano.crapanzano@chu.ulg.ac.be,si-s-serv503 - Netop Remote Control,IT,2021-11-23,08:35:14,00:00:09
stefano.crapanzano@chu.ulg.ac.be,npm,IT,2021-11-23,08:35:07,00:00:04
stefano.crapanzano@chu.ulg.ac.be,Impossible de supprimer des lignes via Zload_SSP_USR_ATTRS - Xperthis ERP4HC 2.0 Rollout - Service d'assistance - Google Chrome,Tâches diverses,2021-11-23,08:35:34,00:00:05
stefano.crapanzano@chu.ulg.ac.be,Demandes - Service d'assistance - Google Chrome,Tâches diverses,2021-11-23,08:35:39,00:00:10
stefano.crapanzano@chu.ulg.ac.be,Demandes - Service d'assistance - Google Chrome,Tâches diverses,2021-11-23,08:36:16,00:00:07
stefano.crapanzano@chu.ulg.ac.be,Demandes - Service d'assistance - Google Chrome,Tâches diverses,2021-11-23,08:37:40,00:00:08
stefano.crapanzano@chu.ulg.ac.be,Demandes - Service d'assistance - Google Chrome,Tâches diverses,2021-11-23,09:59:46,00:00:09
stefano.crapanzano@chu.ulg.ac.be,Demandes - Service d'assistance - Google Chrome,Tâches diverses,2021-11-23,10:00:18,00:00:15
stefano.crapanzano@chu.ulg.ac.be,Demandes - Service d'assistance - Google Chrome,Tâches diverses,2021-11-23,11:21:27,00:00:04
stefano.crapanzano@chu.ulg.ac.be,Demandes - Service d'assistance - Google Chrome,Tâches diverses,2021-11-23,12:12:30,00:00:56
stefano.crapanzano@chu.ulg.ac.be,Demandes - Service d'assistance - Google Chrome,Tâches diverses,2021-11-23,12:15:33,00:00:08
stefano.crapanzano@chu.ulg.ac.be,Demandes - Service d'assistance - Google Chrome,Tâches diverses,2021-11-23,12:17:11,00:02:59
stefano.crapanzano@chu.ulg.ac.be,Demandes - Service d'assistance - Google Chrome,Tâches diverses,2021-11-23,13:24:57,00:00:04
stefano.crapanzano@chu.ulg.ac.be,Demandes - Service d'assistance - Google Chrome,Tâches diverses,2021-11-23,14:05:48,00:00:05
stefano.crapanzano@chu.ulg.ac.be,Demandes - Service d'assistance - Google Chrome,Tâches diverses,2021-11-23,14:37:05,00:00:05
stefano.crapanzano@chu.ulg.ac.be,Demandes - Service d'assistance - Google Chrome,Tâches diverses,2021-11-23,14:41:14,00:00:02
stefano.crapanzano@chu.ulg.ac.be,Demandes - Service d'assistance - Google Chrome,Tâches diverses,2021-11-23,15:18:04,00:00:04
stefano.crapanzano@chu.ulg.ac.be,Demandes - Service d'assistance - Google Chrome,Tâches diverses,2021-11-23,16:09:34,00:00:13
stefano.crapanzano@chu.ulg.ac.be,Demandes - Service d'assistance - Google Chrome,Tâches diverses,2021-11-23,16:10:11,00:00:04
stefano.crapanzano@chu.ulg.ac.be,Demandes - Service d'assistance - Google Chrome,Tâches diverses,2021-11-23,16:10:21,00:00:04
stefano.crapanzano@chu.ulg.ac.be,Demandes - Service d'assistance - Google Chrome,Tâches diverses,2021-11-23,16:10:28,00:00:26
stefano.crapanzano@chu.ulg.ac.be,Demandes - Service d'assistance - Google Chrome,Tâches diverses,2021-11-23,16:10:57,00:00:16
stefano.crapanzano@chu.ulg.ac.be,Demandes - Service d'assistance - Google Chrome,Tâches diverses,2021-11-23,16:11:29,00:00:09
stefano.crapanzano@chu.ulg.ac.be,Demandes - Service d'assistance - Google Chrome,Tâches diverses,2021-11-23,16:11:48,00:00:12
stefano.crapanzano@chu.ulg.ac.be,Demandes - Service d'assistance - Google Chrome,Tâches diverses,2021-11-23,16:12:50,00:00:02
stefano.crapanzano@chu.ulg.ac.be,Demandes - Service d'assistance - Google Chrome,Tâches diverses,2021-11-23,16:13:07,00:00:04
stefano.crapanzano@chu.ulg.ac.be,P203 CHU Code de suppression mis erronément sur la DA 5200124553 - Xperthis ERP4HC 1.0 - Service d'assistance - Google Chrome,Tâches diverses,2021-11-23,08:35:50,00:00:25
stefano.crapanzano@chu.ulg.ac.be,P203 CHU Plusieurs commandes GLIMS non traitées suite à un fichier mal formé - Xperthis ERP4HC 1.0 - Service d'assistance - Google Chrome,Tâches diverses,2021-11-23,08:36:24,00:01:16
stefano.crapanzano@chu.ulg.ac.be,P203 CHU Plusieurs commandes GLIMS non traitées suite à un fichier mal formé - Xperthis ERP4HC 1.0 - Service d'assistance - Google Chrome,Tâches diverses,2021-11-23,12:15:42,00:01:29
stefano.crapanzano@chu.ulg.ac.be,P203 CHU Plusieurs commandes GLIMS non traitées suite à un fichier mal formé - Xperthis ERP4HC 1.0 - Service d'assistance - Google Chrome,Tâches diverses,2021-11-23,16:10:54,00:00:02
stefano.crapanzano@chu.ulg.ac.be,Lecture documentation,Tâches diverses,2021-11-23,08:38:02,00:00:10
stefano.crapanzano@chu.ulg.ac.be,Lecture documentation,Tâches diverses,2021-11-23,08:38:14,01:20:06
stefano.crapanzano@chu.ulg.ac.be,Lecture documentation,Tâches diverses,2021-11-23,09:58:22,00:01:18
stefano.crapanzano@chu.ulg.ac.be,Lecture documentation,Tâches diverses,2021-11-23,10:05:25,00:31:12
stefano.crapanzano@chu.ulg.ac.be,Lecture documentation,Tâches diverses,2021-11-23,15:18:29,00:01:36
stefano.crapanzano@chu.ulg.ac.be,Lecture documentation,Tâches diverses,2021-11-23,15:20:31,00:00:26
stefano.crapanzano@chu.ulg.ac.be,Lecture documentation,Tâches diverses,2021-11-23,15:21:07,00:00:18
stefano.crapanzano@chu.ulg.ac.be,Lecture documentation,Tâches diverses,2021-11-23,15:22:06,00:00:03
stefano.crapanzano@chu.ulg.ac.be,Lecture documentation,Tâches diverses,2021-11-23,15:22:12,00:00:03
stefano.crapanzano@chu.ulg.ac.be,Lecture documentation,Tâches diverses,2021-11-23,16:56:45,00:00:02
stefano.crapanzano@chu.ulg.ac.be,Lecture documentation,Tâches diverses,2021-11-23,16:56:57,00:02:47
stefano.crapanzano@chu.ulg.ac.be,ZORGI Help Center - Service d'assistance - Google Chrome,Tâches diverses,2021-11-23,09:59:56,00:00:04
stefano.crapanzano@chu.ulg.ac.be,ZORGI Help Center - Service d'assistance - Google Chrome,Tâches diverses,2021-11-23,11:21:31,00:00:04
stefano.crapanzano@chu.ulg.ac.be,Xperthis ERP4HC 1.0 - Service d'assistance - Google Chrome,Tâches diverses,2021-11-23,10:00:00,00:00:03
stefano.crapanzano@chu.ulg.ac.be,Demande de Configuration ERP for HealthCare - Xperthis ERP4HC 1.0 - Service d'assistance - Google Chrome,Tâches diverses,2021-11-23,10:00:03,00:00:10
stefano.crapanzano@chu.ulg.ac.be,Demande de Configuration ERP for HealthCare - Xperthis ERP4HC 1.0 - Service d'assistance - Google Chrome,Tâches diverses,2021-11-23,10:00:43,00:00:02
stefano.crapanzano@chu.ulg.ac.be,Demande de Configuration ERP for HealthCare - Xperthis ERP4HC 1.0 - Service d'assistance - Google Chrome,Tâches diverses,2021-11-23,10:00:54,00:00:12
stefano.crapanzano@chu.ulg.ac.be,Demande de Configuration ERP for HealthCare - Xperthis ERP4HC 1.0 - Service d'assistance - Google Chrome,Tâches diverses,2021-11-23,10:01:15,00:00:14
stefano.crapanzano@chu.ulg.ac.be,Demande de Configuration ERP for HealthCare - Xperthis ERP4HC 1.0 - Service d'assistance - Google Chrome,Tâches diverses,2021-11-23,10:01:42,00:00:02
stefano.crapanzano@chu.ulg.ac.be,Demande de Configuration ERP for HealthCare - Xperthis ERP4HC 1.0 - Service d'assistance - Google Chrome,Tâches diverses,2021-11-23,10:01:56,00:00:09
stefano.crapanzano@chu.ulg.ac.be,Demande de Configuration ERP for HealthCare - Xperthis ERP4HC 1.0 - Service d'assistance - Google Chrome,Tâches diverses,2021-11-23,14:37:12,00:00:39
stefano.crapanzano@chu.ulg.ac.be,Demande de Configuration ERP for HealthCare - Xperthis ERP4HC 1.0 - Service d'assistance - Google Chrome,Tâches diverses,2021-11-23,14:38:03,00:00:02
stefano.crapanzano@chu.ulg.ac.be,Demande de Configuration ERP for HealthCare - Xperthis ERP4HC 1.0 - Service d'assistance - Google Chrome,Tâches diverses,2021-11-23,14:38:08,00:00:09
stefano.crapanzano@chu.ulg.ac.be,Demande de Configuration ERP for HealthCare - Xperthis ERP4HC 1.0 - Service d'assistance - Google Chrome,Tâches diverses,2021-11-23,14:38:19,00:00:38
stefano.crapanzano@chu.ulg.ac.be,SSP Comment sélectionner tous les catalogues pour les ajouter à un utilisateur ? - Xperthis ERP4HC 2.0 Rollout - Service d'assistance - Google Chrome,Tâches diverses,2021-11-23,10:00:14,00:00:04
stefano.crapanzano@chu.ulg.ac.be,P203 CHU Nouveaux prorata de tva à configurer sur quatre centre de coûts - Xperthis ERP4HC 1.0 - Service d'assistance - Google Chrome,Tâches diverses,2021-11-23,10:00:33,00:00:09
stefano.crapanzano@chu.ulg.ac.be,P203 CHU Nouveaux prorata de tva à configurer sur quatre centre de coûts - Xperthis ERP4HC 1.0 - Service d'assistance - Google Chrome,Tâches diverses,2021-11-23,10:01:06,00:00:09
stefano.crapanzano@chu.ulg.ac.be,P203 CHU Nouveaux prorata de tva à configurer sur quatre centre de coûts - Xperthis ERP4HC 1.0 - Service d'assistance - Google Chrome,Tâches diverses,2021-11-23,14:03:56,00:00:12
stefano.crapanzano@chu.ulg.ac.be,Greenshot capture form,Helpdesk général,2021-11-23,10:01:33,00:00:07
stefano.crapanzano@chu.ulg.ac.be,Greenshot capture form,Helpdesk général,2021-11-23,11:22:53,00:00:06
stefano.crapanzano@chu.ulg.ac.be,Greenshot capture form,Helpdesk général,2021-11-23,11:23:09,00:00:07
stefano.crapanzano@chu.ulg.ac.be,Greenshot capture form,Helpdesk général,2021-11-23,11:24:41,00:00:08
stefano.crapanzano@chu.ulg.ac.be,Greenshot capture form,Helpdesk général,2021-11-23,11:25:28,00:00:10
stefano.crapanzano@chu.ulg.ac.be,Greenshot capture form,Helpdesk général,2021-11-23,11:26:08,00:00:10
stefano.crapanzano@chu.ulg.ac.be,Greenshot capture form,Helpdesk général,2021-11-23,11:26:52,00:00:10
stefano.crapanzano@chu.ulg.ac.be,Greenshot capture form,Helpdesk général,2021-11-23,11:27:15,00:00:05
stefano.crapanzano@chu.ulg.ac.be,Ouvrir,Tâches diverses,2021-11-23,10:01:44,00:00:12
stefano.crapanzano@chu.ulg.ac.be,Ouvrir,Tâches diverses,2021-11-23,11:28:11,00:00:06
stefano.crapanzano@chu.ulg.ac.be,Ouvrir,Tâches diverses,2021-11-23,11:28:25,00:00:09
stefano.crapanzano@chu.ulg.ac.be,Ouvrir,IT,2021-11-23,16:16:14,00:00:02
stefano.crapanzano@chu.ulg.ac.be,Ouvrir,Exploration SAP,2021-11-23,16:26:15,00:00:06
stefano.crapanzano@chu.ulg.ac.be,Ouvrir,Exploration SAP,2021-11-23,16:27:09,00:00:02
stefano.crapanzano@chu.ulg.ac.be,Nouveaux prorata de tva à configurer sur trois centres de coût - Xperthis ERP4HC 1.0 - Service d'assistance - Google Chrome,Tâches diverses,2021-11-23,10:02:06,00:00:04
stefano.crapanzano@chu.ulg.ac.be,Nouveaux prorata de tva à configurer sur trois centres de coût - Xperthis ERP4HC 1.0 - Service d'assistance - Google Chrome,Tâches diverses,2021-11-23,10:03:38,00:00:02
stefano.crapanzano@chu.ulg.ac.be,Changement de tâche,Exploration SAP,2021-11-23,11:52:54,00:00:02
stefano.crapanzano@chu.ulg.ac.be,Rédaction : Re: TR: Création centre de cout - Thunderbird,Helpdesk général,2021-11-23,10:02:21,00:00:43
stefano.crapanzano@chu.ulg.ac.be,Rédaction : Re: TR: Création centre de cout - Thunderbird,Helpdesk général,2021-11-23,15:13:23,00:00:24
stefano.crapanzano@chu.ulg.ac.be,Rédaction : Re: TR: Création centre de cout - Thunderbird,Helpdesk général,2021-11-23,15:13:48,00:00:10
stefano.crapanzano@chu.ulg.ac.be,Vérification de l’orthographe,Helpdesk général,2021-11-23,10:03:05,00:00:03
stefano.crapanzano@chu.ulg.ac.be,Vérification de l’orthographe,Helpdesk général,2021-11-23,11:32:14,00:00:05
stefano.crapanzano@chu.ulg.ac.be,Stefano CRAPANZANO - erp.sai@chuliege.be - Mozilla Thunderbird,Helpdesk général,2021-11-23,10:03:30,00:00:05
stefano.crapanzano@chu.ulg.ac.be,Stefano CRAPANZANO - erp.sai@chuliege.be - Mozilla Thunderbird,Helpdesk général,2021-11-23,12:09:45,00:00:09
stefano.crapanzano@chu.ulg.ac.be,Stefano CRAPANZANO - erp.sai@chuliege.be - Mozilla Thunderbird,Helpdesk général,2021-11-23,14:03:05,00:00:03
stefano.crapanzano@chu.ulg.ac.be,Stefano CRAPANZANO - erp.sai@chuliege.be - Mozilla Thunderbird,Helpdesk général,2021-11-23,14:03:27,00:00:06
stefano.crapanzano@chu.ulg.ac.be,Stefano CRAPANZANO - erp.sai@chuliege.be - Mozilla Thunderbird,Helpdesk général,2021-11-23,14:04:57,00:00:17
stefano.crapanzano@chu.ulg.ac.be,Stefano CRAPANZANO - erp.sai@chuliege.be - Mozilla Thunderbird,Helpdesk général,2021-11-23,15:13:17,00:00:05
stefano.crapanzano@chu.ulg.ac.be,Stefano CRAPANZANO - erp.sai@chuliege.be - Mozilla Thunderbird,Helpdesk général,2021-11-23,15:13:59,00:00:10
stefano.crapanzano@chu.ulg.ac.be,Stefano CRAPANZANO - erp.sai@chuliege.be - Mozilla Thunderbird,Helpdesk général,2021-11-23,15:14:22,00:00:16
stefano.crapanzano@chu.ulg.ac.be,si-s-serv503 - Netop File Manager,Helpdesk général,2021-11-23,10:04:10,00:00:12
stefano.crapanzano@chu.ulg.ac.be,si-s-serv503 - Netop File Manager,Helpdesk général,2021-11-23,10:04:26,00:00:03
stefano.crapanzano@chu.ulg.ac.be,si-s-serv503 - Netop File Manager,Helpdesk général,2021-11-23,10:04:32,00:00:05
stefano.crapanzano@chu.ulg.ac.be,si-s-serv503 - Netop File Manager,Helpdesk général,2021-11-23,10:04:38,00:00:16
stefano.crapanzano@chu.ulg.ac.be,Netop File Manager - Delete,Helpdesk général,2021-11-23,10:04:55,00:00:02
stefano.crapanzano@chu.ulg.ac.be,SAP Logon 760,Exploration SAP,2021-11-23,10:57:40,00:00:02
stefano.crapanzano@chu.ulg.ac.be,SAP Logon 760,Exploration SAP,2021-11-23,16:27:55,00:00:03
stefano.crapanzano@chu.ulg.ac.be,Sapgui Splash Screen,Exploration SAP,2021-11-23,10:36:44,00:00:05
stefano.crapanzano@chu.ulg.ac.be,SAP Easy Access Menu de base Applications financières-économiques,Exploration SAP,2021-11-23,10:36:51,00:00:29
stefano.crapanzano@chu.ulg.ac.be,SAP Easy Access Menu de base Applications financières-économiques,Exploration SAP,2021-11-23,10:37:25,00:00:14
stefano.crapanzano@chu.ulg.ac.be,SAP Easy Access Menu de base Applications financières-économiques,Exploration SAP,2021-11-23,10:39:00,00:00:02
stefano.crapanzano@chu.ulg.ac.be,SAP Easy Access Menu de base Applications financières-économiques,Exploration SAP,2021-11-23,10:39:11,00:00:05
stefano.crapanzano@chu.ulg.ac.be,SAP Easy Access Menu de base Applications financières-économiques,Exploration SAP,2021-11-23,10:39:24,00:00:09
stefano.crapanzano@chu.ulg.ac.be,SAP Easy Access Menu de base Applications financières-économiques,Exploration SAP,2021-11-23,10:42:17,00:00:08
stefano.crapanzano@chu.ulg.ac.be,SAP Easy Access Menu de base Applications financières-économiques,Exploration SAP,2021-11-23,10:43:02,00:00:04
stefano.crapanzano@chu.ulg.ac.be,SAP Easy Access Menu de base Applications financières-économiques,Exploration SAP,2021-11-23,10:43:09,00:00:55
stefano.crapanzano@chu.ulg.ac.be,SAP Easy Access Menu de base Applications financières-économiques,Exploration SAP,2021-11-23,10:47:09,00:00:05
stefano.crapanzano@chu.ulg.ac.be,SAP Easy Access Menu de base Applications financières-économiques,Exploration SAP,2021-11-23,10:47:55,00:00:08
stefano.crapanzano@chu.ulg.ac.be,SAP Easy Access Menu de base Applications financières-économiques,Exploration SAP,2021-11-23,10:48:25,00:00:06
stefano.crapanzano@chu.ulg.ac.be,SAP Easy Access Menu de base Applications financières-économiques,Exploration SAP,2021-11-23,10:49:58,00:00:05
stefano.crapanzano@chu.ulg.ac.be,SAP Easy Access Menu de base Applications financières-économiques,Exploration SAP,2021-11-23,10:51:33,00:00:08
stefano.crapanzano@chu.ulg.ac.be,SAP Easy Access Menu de base Applications financières-économiques,Exploration SAP,2021-11-23,10:53:37,00:00:05
stefano.crapanzano@chu.ulg.ac.be,SAP Easy Access Menu de base Applications financières-économiques,Exploration SAP,2021-11-23,10:57:54,00:00:21
stefano.crapanzano@chu.ulg.ac.be,SAP Easy Access Menu de base Applications financières-économiques,Exploration SAP,2021-11-23,10:58:40,00:00:06
stefano.crapanzano@chu.ulg.ac.be,SAP Easy Access Menu de base Applications financières-économiques,Exploration SAP,2021-11-23,11:49:42,00:00:04
stefano.crapanzano@chu.ulg.ac.be,SAP Easy Access Menu de base Applications financières-économiques,Exploration SAP,2021-11-23,11:49:50,00:00:09
stefano.crapanzano@chu.ulg.ac.be,SAP Easy Access Menu de base Applications financières-économiques,Exploration SAP,2021-11-23,11:51:00,00:00:08
stefano.crapanzano@chu.ulg.ac.be,SAP Easy Access Menu de base Applications financières-économiques,Exploration SAP,2021-11-23,14:02:56,00:00:05
stefano.crapanzano@chu.ulg.ac.be,SAP Easy Access Menu de base Applications financières-économiques,Exploration SAP,2021-11-23,14:04:30,00:00:04
stefano.crapanzano@chu.ulg.ac.be,SAP Easy Access Menu de base Applications financières-économiques,Exploration SAP,2021-11-23,15:45:51,00:00:02
stefano.crapanzano@chu.ulg.ac.be,SAP Easy Access Menu de base Applications financières-économiques,Exploration SAP,2021-11-23,15:57:44,00:00:05
stefano.crapanzano@chu.ulg.ac.be,SAP Easy Access Menu de base Applications financières-économiques,Exploration SAP,2021-11-23,15:58:38,00:00:08
stefano.crapanzano@chu.ulg.ac.be,SAP Easy Access Menu de base Applications financières-économiques,Exploration SAP,2021-11-23,15:59:54,00:00:08
stefano.crapanzano@chu.ulg.ac.be,SAP Easy Access Menu de base Applications financières-économiques,Exploration SAP,2021-11-23,16:00:17,00:00:03
stefano.crapanzano@chu.ulg.ac.be,SAP Easy Access Menu de base Applications financières-économiques,Exploration SAP,2021-11-23,16:21:15,00:00:02
stefano.crapanzano@chu.ulg.ac.be,SAP Easy Access Menu de base Applications financières-économiques,Exploration SAP,2021-11-23,16:26:43,00:00:04
stefano.crapanzano@chu.ulg.ac.be,Recherche dans arborescence des menus,Exploration SAP,2021-11-23,10:37:21,00:00:04
stefano.crapanzano@chu.ulg.ac.be,SSP workflow - Paniers,Exploration SAP,2021-11-23,10:37:40,00:00:15
stefano.crapanzano@chu.ulg.ac.be,SSP workflow - Paniers,Exploration SAP,2021-11-23,10:38:02,00:00:05
stefano.crapanzano@chu.ulg.ac.be,SSP workflow - Paniers,Exploration SAP,2021-11-23,10:38:11,00:00:05
stefano.crapanzano@chu.ulg.ac.be,SSP workflow - Paniers,Exploration SAP,2021-11-23,10:38:36,00:00:10
stefano.crapanzano@chu.ulg.ac.be,SSP workflow - Paniers,Exploration SAP,2021-11-23,10:38:50,00:00:06
stefano.crapanzano@chu.ulg.ac.be,SSP workflow - Paniers,Exploration SAP,2021-11-23,10:42:25,00:00:13
stefano.crapanzano@chu.ulg.ac.be,SSP workflow - Paniers,Exploration SAP,2021-11-23,10:42:40,00:00:08
stefano.crapanzano@chu.ulg.ac.be,SSP workflow - Paniers,Exploration SAP,2021-11-23,10:42:54,00:00:08
stefano.crapanzano@chu.ulg.ac.be,SSP workflow - Paniers,Exploration SAP,2021-11-23,10:43:06,00:00:02
stefano.crapanzano@chu.ulg.ac.be,SSP workflow - Paniers,Exploration SAP,2021-11-23,10:48:03,00:00:09
stefano.crapanzano@chu.ulg.ac.be,Utilisateur ayant créé l'opération (1),Exploration SAP,2021-11-23,10:37:55,00:00:04
stefano.crapanzano@chu.ulg.ac.be,Utilisateur ayant créé l'opération (1)    1 Entrée trouvée,Exploration SAP,2021-11-23,10:37:59,00:00:02
stefano.crapanzano@chu.ulg.ac.be,Paniers (0),Exploration SAP,2021-11-23,10:38:07,00:00:04
stefano.crapanzano@chu.ulg.ac.be,Paniers (0),Exploration SAP,2021-11-23,10:38:47,00:00:02
stefano.crapanzano@chu.ulg.ac.be,Paniers (0),Exploration SAP,2021-11-23,10:38:56,00:00:02
stefano.crapanzano@chu.ulg.ac.be,Paniers (0),Exploration SAP,2021-11-23,10:42:48,00:00:05
stefano.crapanzano@chu.ulg.ac.be,Paniers (0),Exploration SAP,2021-11-23,10:48:13,00:00:10
stefano.crapanzano@chu.ulg.ac.be,CCMS : ensembles de moniteurs - Fonctions de gestion désactivées,Exploration SAP,2021-11-23,10:39:03,00:00:06
stefano.crapanzano@chu.ulg.ac.be,CCMS : ensembles de moniteurs - Fonctions de gestion désactivées,Exploration SAP,2021-11-23,10:45:37,00:00:02
stefano.crapanzano@chu.ulg.ac.be,SAP (CEN) EnterpriseBuyer Monitors ( Shopping Cart ) - Fonctions de ge,Exploration SAP,2021-11-23,10:45:40,00:00:06
stefano.crapanzano@chu.ulg.ac.be,SAP (CEN) EnterpriseBuyer Monitors ( Shopping Cart ) - Fonctions de ge,Exploration SAP,2021-11-23,10:47:06,00:00:02
stefano.crapanzano@chu.ulg.ac.be,Affichage des listes de demandes d'achat,Exploration SAP,2021-11-23,10:39:17,00:00:06
stefano.crapanzano@chu.ulg.ac.be,Rapport historique de paniers,Exploration SAP,2021-11-23,10:39:33,00:00:25
stefano.crapanzano@chu.ulg.ac.be,Rapport historique de paniers,Exploration SAP,2021-11-23,10:41:02,00:00:23
stefano.crapanzano@chu.ulg.ac.be,Rapport historique de paniers,Exploration SAP,2021-11-23,10:41:27,00:00:50
stefano.crapanzano@chu.ulg.ac.be,Définir l'état final au panier,Exploration SAP,2021-11-23,10:44:05,00:00:16
stefano.crapanzano@chu.ulg.ac.be,Définir l'état final au panier,Exploration SAP,2021-11-23,10:45:32,00:00:04
stefano.crapanzano@chu.ulg.ac.be,Affichage d'alerte pour SAP (CEN) EnterpriseBuyer Monitors ( Shopping,Exploration SAP,2021-11-23,10:45:47,00:00:05
stefano.crapanzano@chu.ulg.ac.be,Affichage d'alerte pour SAP (CEN) EnterpriseBuyer Monitors ( Shopping,Exploration SAP,2021-11-23,10:45:58,00:00:04
stefano.crapanzano@chu.ulg.ac.be,Affichage d'alerte pour SAP (CEN) EnterpriseBuyer Monitors ( Shopping,Exploration SAP,2021-11-23,10:46:33,00:00:04
stefano.crapanzano@chu.ulg.ac.be,Affichage d'alerte pour SAP (CEN) EnterpriseBuyer Monitors ( Shopping,Exploration SAP,2021-11-23,10:46:40,00:00:25
stefano.crapanzano@chu.ulg.ac.be,Définir valeurs pour critères de filtre,Exploration SAP,2021-11-23,10:45:52,00:00:05
stefano.crapanzano@chu.ulg.ac.be,Définir valeurs pour critères de filtre,Exploration SAP,2021-11-23,10:46:37,00:00:02
stefano.crapanzano@chu.ulg.ac.be,Intervalle pour affichage,Exploration SAP,2021-11-23,10:46:02,00:00:09
stefano.crapanzano@chu.ulg.ac.be,Intervalle pour affichage,Exploration SAP,2021-11-23,10:46:14,00:00:19
stefano.crapanzano@chu.ulg.ac.be,Erreur,Exploration SAP,2021-11-23,10:46:11,00:00:02
stefano.crapanzano@chu.ulg.ac.be,Analyse de work load,Exploration SAP,2021-11-23,10:48:32,00:00:02
stefano.crapanzano@chu.ulg.ac.be,Analyse de work load,Exploration SAP,2021-11-23,10:48:37,00:00:02
stefano.crapanzano@chu.ulg.ac.be,Analyse de work load,Exploration SAP,2021-11-23,10:48:44,00:00:13
stefano.crapanzano@chu.ulg.ac.be,Analyse de work load,Exploration SAP,2021-11-23,10:49:09,00:00:02
stefano.crapanzano@chu.ulg.ac.be,Analyse de work load,Exploration SAP,2021-11-23,10:49:13,00:00:08
stefano.crapanzano@chu.ulg.ac.be,Analyse de work load,Exploration SAP,2021-11-23,10:49:26,00:00:12
stefano.crapanzano@chu.ulg.ac.be,Type d'objet (1)    5 Entrées trouvées,Exploration SAP,2021-11-23,10:48:35,00:00:02
stefano.crapanzano@chu.ulg.ac.be,Type d'objet (1)    5 Entrées trouvées,Exploration SAP,2021-11-23,10:49:39,00:00:03
stefano.crapanzano@chu.ulg.ac.be,Type d'objet (1)    5 Entrées trouvées,Exploration SAP,2021-11-23,10:49:54,00:00:02
stefano.crapanzano@chu.ulg.ac.be,Utilisateur (1),Exploration SAP,2021-11-23,10:48:40,00:00:04
stefano.crapanzano@chu.ulg.ac.be,Utilisateur (1),Exploration SAP,2021-11-23,10:48:58,00:00:05
stefano.crapanzano@chu.ulg.ac.be,Utilisateur (1),Exploration SAP,2021-11-23,10:49:21,00:00:05
stefano.crapanzano@chu.ulg.ac.be,Work load pour UTILISATEUR ANNE GODISIABOIS,Exploration SAP,2021-11-23,10:49:06,00:00:02
stefano.crapanzano@chu.ulg.ac.be,Gérer objet,Exploration SAP,2021-11-23,10:50:03,00:00:17
stefano.crapanzano@chu.ulg.ac.be,Gérer objet,Exploration SAP,2021-11-23,10:50:28,00:00:04
stefano.crapanzano@chu.ulg.ac.be,Gérer objet,Exploration SAP,2021-11-23,10:50:33,00:00:05
stefano.crapanzano@chu.ulg.ac.be,Gérer objet,Exploration SAP,2021-11-23,10:50:43,00:00:05
stefano.crapanzano@chu.ulg.ac.be,Gérer objet,Exploration SAP,2021-11-23,10:51:17,00:00:16
stefano.crapanzano@chu.ulg.ac.be,Afficher Objet,Exploration SAP,2021-11-23,10:50:39,00:00:04
stefano.crapanzano@chu.ulg.ac.be,Afficher Relations,Exploration SAP,2021-11-23,10:50:48,00:00:28
stefano.crapanzano@chu.ulg.ac.be,Nouvel onglet - Google Chrome,Tâches diverses,2021-11-23,10:51:43,00:00:15
stefano.crapanzano@chu.ulg.ac.be,Nouvel onglet - Google Chrome,Tâches diverses,2021-11-23,10:54:32,00:00:02
stefano.crapanzano@chu.ulg.ac.be,Nouvel onglet - Google Chrome,Tâches diverses,2021-11-23,11:30:52,00:00:02
stefano.crapanzano@chu.ulg.ac.be,Nouvel onglet - Google Chrome,Tâches diverses,2021-11-23,11:32:56,00:00:02
stefano.crapanzano@chu.ulg.ac.be,Nouvel onglet - Google Chrome,Tâches diverses,2021-11-23,14:39:54,00:00:05
stefano.crapanzano@chu.ulg.ac.be,Nouvel onglet - Google Chrome,Tâches diverses,2021-11-23,15:31:13,00:00:12
stefano.crapanzano@chu.ulg.ac.be,Nouvel onglet - Google Chrome,Tâches diverses,2021-11-23,15:35:52,00:00:06
stefano.crapanzano@chu.ulg.ac.be,Nouvel onglet - Google Chrome,Tâches diverses,2021-11-23,15:43:20,00:00:04
stefano.crapanzano@chu.ulg.ac.be,scart give to another user sap - Recherche Google - Google Chrome,Tâches diverses,2021-11-23,10:51:58,00:00:09
stefano.crapanzano@chu.ulg.ac.be,scart transfer to another user sap - Recherche Google - Google Chrome,Tâches diverses,2021-11-23,10:52:08,00:00:02
stefano.crapanzano@chu.ulg.ac.be,scart transfer to another user sap - Recherche Google - Google Chrome,Tâches diverses,2021-11-23,10:52:24,00:00:17
stefano.crapanzano@chu.ulg.ac.be,Transfering data from one user to another user. | SAP Community - Google Chrome,Tâches diverses,2021-11-23,10:52:10,00:00:13
stefano.crapanzano@chu.ulg.ac.be,changing owner of sc sap - Recherche Google - Google Chrome,Tâches diverses,2021-11-23,10:52:42,00:00:02
stefano.crapanzano@chu.ulg.ac.be,How to change the SC owner | SAP Blogs - Google Chrome,Tâches diverses,2021-11-23,10:52:45,00:00:50
stefano.crapanzano@chu.ulg.ac.be,Gestion des utilisateurs : écran initial,Exploration SAP,2021-11-23,10:53:42,00:00:02
stefano.crapanzano@chu.ulg.ac.be,Gestion des utilisateurs : écran initial,Exploration SAP,2021-11-23,10:53:49,00:00:02
stefano.crapanzano@chu.ulg.ac.be,Gestion des utilisateurs : écran initial,Exploration SAP,2021-11-23,11:19:59,00:00:02
stefano.crapanzano@chu.ulg.ac.be,Gestion des utilisateurs : écran initial,Exploration SAP,2021-11-23,11:20:16,00:00:02
stefano.crapanzano@chu.ulg.ac.be,Nom de l'utilisateur ds fiche utilisateur (1),Exploration SAP,2021-11-23,10:53:45,00:00:02
stefano.crapanzano@chu.ulg.ac.be,Afficher utilisateur,Exploration SAP,2021-11-23,10:53:52,00:00:12
stefano.crapanzano@chu.ulg.ac.be,Afficher utilisateur,Exploration SAP,2021-11-23,11:20:02,00:00:05
stefano.crapanzano@chu.ulg.ac.be,Afficher utilisateur,Exploration SAP,2021-11-23,11:20:19,00:00:50
stefano.crapanzano@chu.ulg.ac.be,Gérer utilisateur,Exploration SAP,2021-11-23,10:54:04,00:00:06
stefano.crapanzano@chu.ulg.ac.be,Gérer utilisateur,Exploration SAP,2021-11-23,11:20:08,00:00:08
stefano.crapanzano@chu.ulg.ac.be,POST data - Google Chrome,Tâches diverses,2021-11-23,10:54:35,00:00:15
stefano.crapanzano@chu.ulg.ac.be,myCHU - Google Chrome,Tâches diverses,2021-11-23,10:54:50,00:00:14
stefano.crapanzano@chu.ulg.ac.be,myCHU - Google Chrome,Helpdesk général,2021-11-23,11:01:52,00:00:30
stefano.crapanzano@chu.ulg.ac.be,myCHU - Google Chrome,Tâches diverses,2021-11-23,14:21:38,00:00:08
stefano.crapanzano@chu.ulg.ac.be,SAP,Exploration SAP,2021-11-23,10:57:43,00:00:11
stefano.crapanzano@chu.ulg.ac.be,SAP,Exploration SAP,2021-11-23,15:45:45,00:00:05
stefano.crapanzano@chu.ulg.ac.be,SAP,Exploration SAP,2021-11-23,15:59:48,00:00:05
stefano.crapanzano@chu.ulg.ac.be,SAP,Exploration SAP,2021-11-23,16:17:35,00:00:02
stefano.crapanzano@chu.ulg.ac.be,Serveur occupé,Exploration SAP,2021-11-23,10:58:19,00:00:02
stefano.crapanzano@chu.ulg.ac.be,10.42.29.243 - Netop Remote Control,Helpdesk général,2021-11-23,11:16:36,00:03:19
stefano.crapanzano@chu.ulg.ac.be,Incident ERP for HealthCare - Xperthis ERP4HC 1.0 - Service d'assistance - Google Chrome,Tâches diverses,2021-11-23,11:21:35,00:00:31
stefano.crapanzano@chu.ulg.ac.be,Incident ERP for HealthCare - Xperthis ERP4HC 1.0 - Service d'assistance - Google Chrome,Tâches diverses,2021-11-23,11:28:08,00:00:02
stefano.crapanzano@chu.ulg.ac.be,Incident ERP for HealthCare - Xperthis ERP4HC 1.0 - Service d'assistance - Google Chrome,Tâches diverses,2021-11-23,11:28:34,00:01:34
stefano.crapanzano@chu.ulg.ac.be,panier équipe (inscription commune ZHUL055064-C. Pepinster) sauvegardé (retenu) impossible à modifier (bouton TRAITER absent) - Mozilla Thunderbird,Helpdesk général,2021-11-23,11:22:11,00:00:20
stefano.crapanzano@chu.ulg.ac.be,panier équipe (inscription commune ZHUL055064-C. Pepinster) sauvegardé (retenu) impossible à modifier (bouton TRAITER absent) - Mozilla Thunderbird,Helpdesk général,2021-11-23,11:22:47,00:00:06
stefano.crapanzano@chu.ulg.ac.be,panier équipe (inscription commune ZHUL055064-C. Pepinster) sauvegardé (retenu) impossible à modifier (bouton TRAITER absent) - Mozilla Thunderbird,Helpdesk général,2021-11-23,11:23:06,00:00:02
stefano.crapanzano@chu.ulg.ac.be,panier équipe (inscription commune ZHUL055064-C. Pepinster) sauvegardé (retenu) impossible à modifier (bouton TRAITER absent) - Mozilla Thunderbird,Helpdesk général,2021-11-23,11:24:38,00:00:02
stefano.crapanzano@chu.ulg.ac.be,panier équipe (inscription commune ZHUL055064-C. Pepinster) sauvegardé (retenu) impossible à modifier (bouton TRAITER absent) - Mozilla Thunderbird,Helpdesk général,2021-11-23,11:25:22,00:00:06
stefano.crapanzano@chu.ulg.ac.be,panier équipe (inscription commune ZHUL055064-C. Pepinster) sauvegardé (retenu) impossible à modifier (bouton TRAITER absent) - Mozilla Thunderbird,Helpdesk général,2021-11-23,11:26:04,00:00:04
stefano.crapanzano@chu.ulg.ac.be,panier équipe (inscription commune ZHUL055064-C. Pepinster) sauvegardé (retenu) impossible à modifier (bouton TRAITER absent) - Mozilla Thunderbird,Helpdesk général,2021-11-23,11:26:19,00:00:04
stefano.crapanzano@chu.ulg.ac.be,panier équipe (inscription commune ZHUL055064-C. Pepinster) sauvegardé (retenu) impossible à modifier (bouton TRAITER absent) - Mozilla Thunderbird,Helpdesk général,2021-11-23,11:26:30,00:00:03
stefano.crapanzano@chu.ulg.ac.be,panier équipe (inscription commune ZHUL055064-C. Pepinster) sauvegardé (retenu) impossible à modifier (bouton TRAITER absent) - Mozilla Thunderbird,Helpdesk général,2021-11-23,11:26:43,00:00:08
stefano.crapanzano@chu.ulg.ac.be,panier équipe (inscription commune ZHUL055064-C. Pepinster) sauvegardé (retenu) impossible à modifier (bouton TRAITER absent) - Mozilla Thunderbird,Helpdesk général,2021-11-23,11:27:12,00:00:02
stefano.crapanzano@chu.ulg.ac.be,panier équipe (inscription commune ZHUL055064-C. Pepinster) sauvegardé (retenu) impossible à modifier (bouton TRAITER absent) - Mozilla Thunderbird,Helpdesk général,2021-11-23,11:30:18,00:00:08
stefano.crapanzano@chu.ulg.ac.be,Classeur1 - Excel,Tâches diverses,2021-11-23,11:28:18,00:00:04
stefano.crapanzano@chu.ulg.ac.be,Panier de l'équipe ne peut être traité - Xperthis ERP4HC 1.0 - Service d'assistance - Google Chrome,Tâches diverses,2021-11-23,11:30:09,00:00:08
stefano.crapanzano@chu.ulg.ac.be,Panier de l'équipe ne peut être traité - Xperthis ERP4HC 1.0 - Service d'assistance - Google Chrome,Tâches diverses,2021-11-23,11:32:58,00:00:02
stefano.crapanzano@chu.ulg.ac.be,Panier de l'équipe ne peut être traité - Xperthis ERP4HC 1.0 - Service d'assistance - Google Chrome,Tâches diverses,2021-11-23,11:48:44,00:00:55
stefano.crapanzano@chu.ulg.ac.be,Panier de l'équipe ne peut être traité - Xperthis ERP4HC 1.0 - Service d'assistance - Google Chrome,Exploration SAP,2021-11-23,11:54:22,00:00:02
stefano.crapanzano@chu.ulg.ac.be,Panier de l'équipe ne peut être traité - Xperthis ERP4HC 1.0 - Service d'assistance - Google Chrome,Tâches diverses,2021-11-23,12:12:27,00:00:02
stefano.crapanzano@chu.ulg.ac.be,Rédaction : Re: panier équipe (inscription commune ZHUL055064-C. Pepinster) sauvegardé (retenu) impossible à modifier (bouton TRAITER absent) - Thunderbird,Helpdesk général,2021-11-23,11:30:26,00:00:23
stefano.crapanzano@chu.ulg.ac.be,Rédaction : Re: panier équipe (inscription commune ZHUL055064-C. Pepinster) sauvegardé (retenu) impossible à modifier (bouton TRAITER absent) - Thunderbird,Helpdesk général,2021-11-23,11:30:55,00:01:18
stefano.crapanzano@chu.ulg.ac.be,Valeur par Type de Magasin,Exploration SAP,2021-11-23,11:50:00,00:00:59
stefano.crapanzano@chu.ulg.ac.be,Valeur par Type de Magasin,Exploration SAP,2021-11-23,11:51:08,00:00:02
stefano.crapanzano@chu.ulg.ac.be,Valeur par Type de Magasin,Exploration SAP,2021-11-23,11:51:12,00:00:05
stefano.crapanzano@chu.ulg.ac.be,Valeur par Type de Magasin,Exploration SAP,2021-11-23,11:51:29,00:00:05
stefano.crapanzano@chu.ulg.ac.be,Valeur par Type de Magasin,Exploration SAP,2021-11-23,11:51:42,00:00:03
stefano.crapanzano@chu.ulg.ac.be,Valeur par Type de Magasin,Exploration SAP,2021-11-23,11:52:50,00:00:04
stefano.crapanzano@chu.ulg.ac.be,Valeur par Type de Magasin,Exploration SAP,2021-11-23,11:53:20,00:00:13
stefano.crapanzano@chu.ulg.ac.be,Valeur par Type de Magasin,Exploration SAP,2021-11-23,16:00:53,00:00:02
stefano.crapanzano@chu.ulg.ac.be,Valeur par Type de Magasin,Exploration SAP,2021-11-23,16:17:17,00:00:05
stefano.crapanzano@chu.ulg.ac.be,Valeur par Type de Magasin,Exploration SAP,2021-11-23,16:17:38,00:00:02
stefano.crapanzano@chu.ulg.ac.be,Valeur par Type de Magasin,Exploration SAP,2021-11-23,16:19:53,00:00:04
stefano.crapanzano@chu.ulg.ac.be,Valeur par Type de Magasin,Exploration SAP,2021-11-23,16:21:23,00:00:02
stefano.crapanzano@chu.ulg.ac.be,Valeur par Type de Magasin,Exploration SAP,2021-11-23,16:23:34,00:00:04
stefano.crapanzano@chu.ulg.ac.be,Valeur par Type de Magasin,Exploration SAP,2021-11-23,16:25:13,00:00:02
stefano.crapanzano@chu.ulg.ac.be,Valeur par Type de Magasin,Exploration SAP,2021-11-23,16:25:50,00:00:15
stefano.crapanzano@chu.ulg.ac.be,Valeur par Type de Magasin,Exploration SAP,2021-11-23,16:26:48,00:00:06
stefano.crapanzano@chu.ulg.ac.be,Type de magasin (1)   83 Entrées trouvées,Exploration SAP,2021-11-23,11:51:18,00:00:10
stefano.crapanzano@chu.ulg.ac.be,Gewaardeerde voorraad,Exploration SAP,2021-11-23,11:51:34,00:00:08
stefano.crapanzano@chu.ulg.ac.be,Gewaardeerde voorraad,Exploration SAP,2021-11-23,11:53:34,00:00:08
stefano.crapanzano@chu.ulg.ac.be,Gewaardeerde voorraad,Exploration SAP,2021-11-23,11:53:43,00:00:38
stefano.crapanzano@chu.ulg.ac.be,Gewaardeerde voorraad,Exploration SAP,2021-11-23,11:55:00,00:00:02
stefano.crapanzano@chu.ulg.ac.be,Gewaardeerde voorraad,Exploration SAP,2021-11-23,12:01:02,00:00:27
stefano.crapanzano@chu.ulg.ac.be,Gewaardeerde voorraad,Helpdesk général,2021-11-23,13:27:23,00:00:13
stefano.crapanzano@chu.ulg.ac.be,Gewaardeerde voorraad,Exploration SAP,2021-11-23,13:28:12,00:00:04
stefano.crapanzano@chu.ulg.ac.be,Gewaardeerde voorraad,Exploration SAP,2021-11-23,14:02:53,00:00:02
stefano.crapanzano@chu.ulg.ac.be,Gewaardeerde voorraad,Exploration SAP,2021-11-23,16:00:56,00:00:02
stefano.crapanzano@chu.ulg.ac.be,Gewaardeerde voorraad,Exploration SAP,2021-11-23,16:01:00,00:00:02
stefano.crapanzano@chu.ulg.ac.be,Gewaardeerde voorraad,Exploration SAP,2021-11-23,16:14:05,00:00:10
stefano.crapanzano@chu.ulg.ac.be,Gewaardeerde voorraad,Exploration SAP,2021-11-23,16:14:46,00:01:20
stefano.crapanzano@chu.ulg.ac.be,Gewaardeerde voorraad,Exploration SAP,2021-11-23,16:17:22,00:00:04
stefano.crapanzano@chu.ulg.ac.be,Gewaardeerde voorraad,Exploration SAP,2021-11-23,16:17:44,00:00:02
stefano.crapanzano@chu.ulg.ac.be,Gewaardeerde voorraad,Exploration SAP,2021-11-23,16:17:49,00:00:05
stefano.crapanzano@chu.ulg.ac.be,Gewaardeerde voorraad,Exploration SAP,2021-11-23,16:18:04,00:00:11
stefano.crapanzano@chu.ulg.ac.be,Gewaardeerde voorraad,Exploration SAP,2021-11-23,16:19:48,00:00:02
stefano.crapanzano@chu.ulg.ac.be,Gewaardeerde voorraad,Exploration SAP,2021-11-23,16:19:57,00:00:06
stefano.crapanzano@chu.ulg.ac.be,Gewaardeerde voorraad,Exploration SAP,2021-11-23,16:21:25,00:00:20
stefano.crapanzano@chu.ulg.ac.be,Gewaardeerde voorraad,Exploration SAP,2021-11-23,16:22:24,00:00:06
stefano.crapanzano@chu.ulg.ac.be,Gewaardeerde voorraad,Exploration SAP,2021-11-23,16:22:33,00:00:02
stefano.crapanzano@chu.ulg.ac.be,Gewaardeerde voorraad,Exploration SAP,2021-11-23,16:22:55,00:00:04
stefano.crapanzano@chu.ulg.ac.be,Gewaardeerde voorraad,Exploration SAP,2021-11-23,16:23:00,00:00:04
stefano.crapanzano@chu.ulg.ac.be,Gewaardeerde voorraad,Exploration SAP,2021-11-23,16:23:43,00:00:51
stefano.crapanzano@chu.ulg.ac.be,Gewaardeerde voorraad,Exploration SAP,2021-11-23,16:24:38,00:00:03
stefano.crapanzano@chu.ulg.ac.be,Gewaardeerde voorraad,Exploration SAP,2021-11-23,16:24:47,00:00:05
stefano.crapanzano@chu.ulg.ac.be,Gewaardeerde voorraad,Exploration SAP,2021-11-23,16:25:15,00:00:02
stefano.crapanzano@chu.ulg.ac.be,Gewaardeerde voorraad,Exploration SAP,2021-11-23,16:25:19,00:00:09
stefano.crapanzano@chu.ulg.ac.be,Gewaardeerde voorraad,Exploration SAP,2021-11-23,16:25:30,00:00:04
stefano.crapanzano@chu.ulg.ac.be,Gewaardeerde voorraad,Exploration SAP,2021-11-23,16:25:48,00:00:02
stefano.crapanzano@chu.ulg.ac.be,Gewaardeerde voorraad,Exploration SAP,2021-11-23,16:26:08,00:00:05
stefano.crapanzano@chu.ulg.ac.be,Gewaardeerde voorraad,Exploration SAP,2021-11-23,16:26:54,00:00:04
stefano.crapanzano@chu.ulg.ac.be,Gewaardeerde voorraad,Exploration SAP,2021-11-23,16:27:00,00:00:05
stefano.crapanzano@chu.ulg.ac.be,Gewaardeerde voorraad,Exploration SAP,2021-11-23,16:28:17,00:00:04
stefano.crapanzano@chu.ulg.ac.be,Gewaardeerde voorraad,Exploration SAP,2021-11-23,16:29:19,00:01:28
stefano.crapanzano@chu.ulg.ac.be,Gewaardeerde voorraad,Exploration SAP,2021-11-23,16:56:41,00:00:04
stefano.crapanzano@chu.ulg.ac.be,RAPPORT_STOCK_ARTICLE.xltm - Excel,Tâches diverses,2021-11-23,11:52:23,00:00:04
stefano.crapanzano@chu.ulg.ac.be,Microsoft Visual Basic pour Applications - RAPPORT_STOCK_ARTICLE.xltm - [Module1 (Code)],Tâches diverses,2021-11-23,11:52:27,00:00:17
stefano.crapanzano@chu.ulg.ac.be,Microsoft Visual Basic pour Applications - RAPPORT_STOCK_ARTICLE.xltm - [Module1 (Code)],Tâches diverses,2021-11-23,11:52:57,00:00:21
stefano.crapanzano@chu.ulg.ac.be,GOAL - LABO - Google Chrome,Tâches diverses,2021-11-23,11:54:27,00:00:06
stefano.crapanzano@chu.ulg.ac.be,GOAL - LABO - Google Chrome,Exploration SAP,2021-11-23,11:54:38,00:00:04
stefano.crapanzano@chu.ulg.ac.be,GOAL - LABO - Google Chrome,Tâches diverses,2021-11-23,11:54:43,00:00:14
stefano.crapanzano@chu.ulg.ac.be,GOAL - LABO - Google Chrome,Tâches diverses,2021-11-23,11:55:08,00:00:38
stefano.crapanzano@chu.ulg.ac.be,GOAL - LABO - Google Chrome,Tâches diverses,2021-11-23,11:55:55,00:00:43
stefano.crapanzano@chu.ulg.ac.be,GOAL - LABO - Google Chrome,Tâches diverses,2021-11-23,11:56:40,00:04:20
stefano.crapanzano@chu.ulg.ac.be,GOAL - LABO - Google Chrome,Tâches diverses,2021-11-23,12:01:31,00:03:54
stefano.crapanzano@chu.ulg.ac.be,GOAL - LABO - Google Chrome,Tâches diverses,2021-11-23,13:25:01,00:01:22
stefano.crapanzano@chu.ulg.ac.be,GOAL - LABO - Google Chrome,Tâches diverses,2021-11-23,13:26:43,00:00:02
stefano.crapanzano@chu.ulg.ac.be,GOAL - LABO - Google Chrome,Tâches diverses,2021-11-23,13:26:54,00:00:08
stefano.crapanzano@chu.ulg.ac.be,GOAL - LABO - Google Chrome,Tâches diverses,2021-11-23,13:27:16,00:00:04
stefano.crapanzano@chu.ulg.ac.be,GOAL - LABO - Google Chrome,Tâches diverses,2021-11-23,13:27:58,00:00:13
stefano.crapanzano@chu.ulg.ac.be,GOAL - LABO - Google Chrome,Tâches diverses,2021-11-23,13:28:16,00:00:10
stefano.crapanzano@chu.ulg.ac.be,GOAL - LABO - Google Chrome,Tâches diverses,2021-11-23,13:36:18,00:00:06
stefano.crapanzano@chu.ulg.ac.be,GOAL - LABO - Google Chrome,Tâches diverses,2021-11-23,13:37:31,00:00:06
stefano.crapanzano@chu.ulg.ac.be,GOAL - LABO - Google Chrome,Tâches diverses,2021-11-23,14:04:19,00:00:05
stefano.crapanzano@chu.ulg.ac.be,GOAL - LABO - Google Chrome,Tâches diverses,2021-11-23,14:07:17,00:00:02
stefano.crapanzano@chu.ulg.ac.be,GOAL - LABO - Google Chrome,Tâches diverses,2021-11-23,14:09:12,00:00:09
stefano.crapanzano@chu.ulg.ac.be,GOAL - LABO - Google Chrome,Tâches diverses,2021-11-23,14:09:23,00:00:12
stefano.crapanzano@chu.ulg.ac.be,GOAL - LABO - Google Chrome,Tâches diverses,2021-11-23,14:14:27,00:02:42
stefano.crapanzano@chu.ulg.ac.be,GOAL - LABO - Google Chrome,Tâches diverses,2021-11-23,14:17:47,00:03:46
stefano.crapanzano@chu.ulg.ac.be,GOAL - LABO - Google Chrome,Tâches diverses,2021-11-23,14:21:36,00:00:02
stefano.crapanzano@chu.ulg.ac.be,GOAL - LABO - Google Chrome,Tâches diverses,2021-11-23,14:41:16,00:00:02
stefano.crapanzano@chu.ulg.ac.be,GOAL - LABO - Google Chrome,Tâches diverses,2021-11-23,14:44:15,00:00:07
stefano.crapanzano@chu.ulg.ac.be,GOAL - LABO - Google Chrome,Tâches diverses,2021-11-23,15:06:10,00:00:02
stefano.crapanzano@chu.ulg.ac.be,GOAL - LABO - Google Chrome,Tâches diverses,2021-11-23,15:17:34,00:00:02
stefano.crapanzano@chu.ulg.ac.be,GOAL - LABO - Google Chrome,Tâches diverses,2021-11-23,15:17:52,00:00:04
stefano.crapanzano@chu.ulg.ac.be,GOAL - LABO - Google Chrome,Tâches diverses,2021-11-23,15:38:07,00:00:02
stefano.crapanzano@chu.ulg.ac.be,GOAL - LABO - Google Chrome,Tâches diverses,2021-11-23,16:13:11,00:00:16
stefano.crapanzano@chu.ulg.ac.be,de marchin - Mozilla Thunderbird,Helpdesk général,2021-11-23,12:07:35,00:00:08
stefano.crapanzano@chu.ulg.ac.be,SDERP-18360 CLONE - P203 CHU IDoc 329798 statut 51 car un article est en statut bloqué : toute la demande de réapprovisionnement est bloquée - Mozilla Thunderbird,Helpdesk général,2021-11-23,12:07:43,00:01:41
stefano.crapanzano@chu.ulg.ac.be,SDERP-18360 CLONE - P203 CHU IDoc 329798 statut 51 car un article est en statut bloqué : toute la demande de réapprovisionnement est bloquée - Mozilla Thunderbird,Helpdesk général,2021-11-23,12:10:18,00:00:23
stefano.crapanzano@chu.ulg.ac.be,guillaume - Mozilla Thunderbird,Helpdesk général,2021-11-23,12:10:08,00:00:10
stefano.crapanzano@chu.ulg.ac.be,2 Traité - erp.sai@chuliege.be - Mozilla Thunderbird,Helpdesk général,2021-11-23,12:10:47,00:00:31
stefano.crapanzano@chu.ulg.ac.be,2 Traité - erp.sai@chuliege.be - Mozilla Thunderbird,Tâches diverses,2021-11-23,12:20:11,00:00:02
stefano.crapanzano@chu.ulg.ac.be,2 Traité - erp.sai@chuliege.be - Mozilla Thunderbird,Helpdesk général,2021-11-23,12:22:59,00:03:39
stefano.crapanzano@chu.ulg.ac.be,C:\Users\c158492\AppData\Local\Temp\Articles-2.csv - Notepad++ [Administrator],IT,2021-11-23,12:11:34,00:00:50
stefano.crapanzano@chu.ulg.ac.be,Rechercher,IT,2021-11-23,12:11:21,00:00:12
stefano.crapanzano@chu.ulg.ac.be,Rechercher,IT,2021-11-23,15:52:28,00:00:04
stefano.crapanzano@chu.ulg.ac.be,CLONE - P203 CHU IDoc 329798 statut 51 car un article est en statut bloqué : toute la demande de réapprovisionnement est bloquée - Xperthis ERP4HC 1.0 - Service d'assistance - Google Chrome,Tâches diverses,2021-11-23,12:13:26,00:02:07
stefano.crapanzano@chu.ulg.ac.be,Type de magasin (1)  111 Entrées trouvées,Exploration SAP,2021-11-23,13:27:36,00:00:20
stefano.crapanzano@chu.ulg.ac.be,erpftp - Netop Remote Control,Helpdesk général,2021-11-23,13:28:36,00:01:28
stefano.crapanzano@chu.ulg.ac.be,erpftp - Netop Remote Control,Helpdesk général,2021-11-23,13:30:17,00:00:33
stefano.crapanzano@chu.ulg.ac.be,erpftp - Netop Remote Control,Helpdesk général,2021-11-23,14:06:10,00:00:16
stefano.crapanzano@chu.ulg.ac.be,erpftp - Netop Remote Control,Helpdesk général,2021-11-23,14:08:25,00:00:46
stefano.crapanzano@chu.ulg.ac.be,Programmation,IT,2021-11-23,13:31:10,00:04:56
stefano.crapanzano@chu.ulg.ac.be,Programmation,IT,2021-11-23,13:36:09,00:00:08
stefano.crapanzano@chu.ulg.ac.be,Programmation,IT,2021-11-23,13:36:26,00:00:08
stefano.crapanzano@chu.ulg.ac.be,Programmation,IT,2021-11-23,13:36:36,00:00:26
stefano.crapanzano@chu.ulg.ac.be,Programmation,IT,2021-11-23,14:08:03,00:00:19
stefano.crapanzano@chu.ulg.ac.be,Programmation,IT,2021-11-23,14:41:20,00:02:54
stefano.crapanzano@chu.ulg.ac.be,Programmation,IT,2021-11-23,14:44:23,00:02:08
stefano.crapanzano@chu.ulg.ac.be,Programmation,IT,2021-11-23,14:46:34,00:00:02
stefano.crapanzano@chu.ulg.ac.be,Programmation,IT,2021-11-23,14:46:50,00:07:12
stefano.crapanzano@chu.ulg.ac.be,Programmation,IT,2021-11-23,14:56:05,00:02:48
stefano.crapanzano@chu.ulg.ac.be,Programmation,IT,2021-11-23,14:59:05,00:06:59
stefano.crapanzano@chu.ulg.ac.be,Programmation,IT,2021-11-23,15:06:08,00:00:02
stefano.crapanzano@chu.ulg.ac.be,Programmation,IT,2021-11-23,15:06:13,00:06:42
stefano.crapanzano@chu.ulg.ac.be,Programmation,IT,2021-11-23,15:14:44,00:02:49
stefano.crapanzano@chu.ulg.ac.be,Programmation,IT,2021-11-23,15:17:36,00:00:06
stefano.crapanzano@chu.ulg.ac.be,Programmation,IT,2021-11-23,15:17:45,00:00:05
stefano.crapanzano@chu.ulg.ac.be,Programmation,IT,2021-11-23,15:20:07,00:00:22
stefano.crapanzano@chu.ulg.ac.be,Programmation,IT,2021-11-23,15:20:57,00:00:10
stefano.crapanzano@chu.ulg.ac.be,Programmation,IT,2021-11-23,15:21:26,00:00:40
stefano.crapanzano@chu.ulg.ac.be,Programmation,IT,2021-11-23,15:22:10,00:00:02
stefano.crapanzano@chu.ulg.ac.be,Programmation,IT,2021-11-23,15:22:16,00:02:03
stefano.crapanzano@chu.ulg.ac.be,Programmation,IT,2021-11-23,15:24:30,00:00:21
stefano.crapanzano@chu.ulg.ac.be,Programmation,IT,2021-11-23,15:39:47,00:01:55
stefano.crapanzano@chu.ulg.ac.be,Programmation,IT,2021-11-23,15:42:14,00:00:14
stefano.crapanzano@chu.ulg.ac.be,Programmation,IT,2021-11-23,15:42:55,00:00:22
stefano.crapanzano@chu.ulg.ac.be,Programmation,IT,2021-11-23,15:43:44,00:00:52
stefano.crapanzano@chu.ulg.ac.be,Programmation,IT,2021-11-23,15:44:43,00:01:02
stefano.crapanzano@chu.ulg.ac.be,Programmation,IT,2021-11-23,15:45:56,00:02:01
stefano.crapanzano@chu.ulg.ac.be,Programmation,IT,2021-11-23,15:48:48,00:00:02
stefano.crapanzano@chu.ulg.ac.be,Programmation,IT,2021-11-23,15:48:55,00:00:17
stefano.crapanzano@chu.ulg.ac.be,Programmation,IT,2021-11-23,15:49:18,00:01:02
stefano.crapanzano@chu.ulg.ac.be,Programmation,IT,2021-11-23,15:50:25,00:01:51
stefano.crapanzano@chu.ulg.ac.be,Programmation,IT,2021-11-23,15:52:26,00:00:02
stefano.crapanzano@chu.ulg.ac.be,Programmation,IT,2021-11-23,15:52:34,00:01:11
stefano.crapanzano@chu.ulg.ac.be,Programmation,IT,2021-11-23,15:53:52,00:00:25
stefano.crapanzano@chu.ulg.ac.be,Programmation,IT,2021-11-23,15:54:20,00:02:14
stefano.crapanzano@chu.ulg.ac.be,Programmation,IT,2021-11-23,15:56:39,00:00:36
stefano.crapanzano@chu.ulg.ac.be,Programmation,IT,2021-11-23,15:57:20,00:00:22
stefano.crapanzano@chu.ulg.ac.be,Programmation,IT,2021-11-23,15:57:49,00:00:25
stefano.crapanzano@chu.ulg.ac.be,Programmation,IT,2021-11-23,15:58:20,00:00:17
stefano.crapanzano@chu.ulg.ac.be,Programmation,IT,2021-11-23,15:58:46,00:00:42
stefano.crapanzano@chu.ulg.ac.be,Programmation,IT,2021-11-23,15:59:29,00:00:19
stefano.crapanzano@chu.ulg.ac.be,Programmation,IT,2021-11-23,16:00:03,00:00:08
stefano.crapanzano@chu.ulg.ac.be,Programmation,IT,2021-11-23,16:00:15,00:00:02
stefano.crapanzano@chu.ulg.ac.be,Programmation,IT,2021-11-23,16:00:21,00:00:23
stefano.crapanzano@chu.ulg.ac.be,Programmation,IT,2021-11-23,16:00:51,00:00:02
stefano.crapanzano@chu.ulg.ac.be,Programmation,IT,2021-11-23,16:01:51,00:00:03
stefano.crapanzano@chu.ulg.ac.be,Programmation,IT,2021-11-23,16:14:15,00:00:07
stefano.crapanzano@chu.ulg.ac.be,Programmation,IT,2021-11-23,16:17:32,00:00:03
stefano.crapanzano@chu.ulg.ac.be,Programmation,IT,2021-11-23,16:18:31,00:01:15
stefano.crapanzano@chu.ulg.ac.be,Programmation,IT,2021-11-23,16:20:05,00:01:09
stefano.crapanzano@chu.ulg.ac.be,Programmation,IT,2021-11-23,16:21:18,00:00:03
stefano.crapanzano@chu.ulg.ac.be,Programmation,IT,2021-11-23,16:21:46,00:00:31
stefano.crapanzano@chu.ulg.ac.be,Programmation,IT,2021-11-23,16:23:19,00:00:11
stefano.crapanzano@chu.ulg.ac.be,Programmation,IT,2021-11-23,16:24:54,00:00:07
stefano.crapanzano@chu.ulg.ac.be,Programmation,IT,2021-11-23,16:25:09,00:00:03
stefano.crapanzano@chu.ulg.ac.be,Programmation,IT,2021-11-23,16:27:47,00:00:02
stefano.crapanzano@chu.ulg.ac.be,Programmation,IT,2021-11-23,16:27:59,00:00:12
stefano.crapanzano@chu.ulg.ac.be,Programmation,IT,2021-11-23,16:28:35,00:00:11
stefano.crapanzano@chu.ulg.ac.be,Programmation,IT,2021-11-23,16:28:53,00:00:11
stefano.crapanzano@chu.ulg.ac.be,Programmation,IT,2021-11-23,16:29:06,00:00:13
stefano.crapanzano@chu.ulg.ac.be,Programmation,IT,2021-11-23,16:30:49,00:00:48
stefano.crapanzano@chu.ulg.ac.be,Programmation,IT,2021-11-23,16:31:42,00:24:03
stefano.crapanzano@chu.ulg.ac.be,Envoyés - stefano.crapanzano@chuliege.be - Mozilla Thunderbird,Helpdesk général,2021-11-23,13:37:05,00:00:02
stefano.crapanzano@chu.ulg.ac.be,Envoyés - erp.sai@chuliege.be - Mozilla Thunderbird,Helpdesk général,2021-11-23,13:37:08,00:00:23
stefano.crapanzano@chu.ulg.ac.be,Envoyés - erp.sai@chuliege.be - Mozilla Thunderbird,Helpdesk général,2021-11-23,13:37:54,00:07:48
stefano.crapanzano@chu.ulg.ac.be,Envoyés - erp.sai@chuliege.be - Mozilla Thunderbird,Helpdesk général,2021-11-23,13:59:57,00:02:07
stefano.crapanzano@chu.ulg.ac.be,Envoyés - erp.sai@chuliege.be - Mozilla Thunderbird,Helpdesk général,2021-11-23,14:41:03,00:00:08
stefano.crapanzano@chu.ulg.ac.be,Envoyés - erp.sai@chuliege.be - Mozilla Thunderbird,Helpdesk général,2021-11-23,14:55:57,00:00:02
stefano.crapanzano@chu.ulg.ac.be,Envoyés - erp.sai@chuliege.be - Mozilla Thunderbird,Helpdesk général,2021-11-23,15:14:10,00:00:05
stefano.crapanzano@chu.ulg.ac.be,Page d'accueil - Google Chrome,Tâches diverses,2021-11-23,13:37:38,00:00:04
stefano.crapanzano@chu.ulg.ac.be,Page d'accueil - Google Chrome,Tâches diverses,2021-11-23,13:37:50,00:00:04
stefano.crapanzano@chu.ulg.ac.be,Modifier en masse les paramètres par défaut - Google Chrome,Tâches diverses,2021-11-23,13:37:42,00:00:06
stefano.crapanzano@chu.ulg.ac.be,CHR/U - CHU - URL's PE2 + AE2 + X01 - OneNote,Helpdesk général,2021-11-23,14:02:39,00:00:08
stefano.crapanzano@chu.ulg.ac.be,Type de condition (2)  123 Entrées trouvées,Exploration SAP,2021-11-23,14:03:15,00:00:04
stefano.crapanzano@chu.ulg.ac.be,Combinaison-clé,Exploration SAP,2021-11-23,14:03:20,00:00:04
stefano.crapanzano@chu.ulg.ac.be,Afficher Condition Pro ra(ZPPR): Sélection,Exploration SAP,2021-11-23,14:03:34,00:00:09
stefano.crapanzano@chu.ulg.ac.be,Afficher Condition Pro ra(ZPPR): Sélection,Exploration SAP,2021-11-23,14:04:42,00:00:02
stefano.crapanzano@chu.ulg.ac.be,Type de condition 123 Entrées,Exploration SAP,2021-11-23,14:04:35,00:00:04
stefano.crapanzano@chu.ulg.ac.be,Afficher Condition Pro rata (ZPPR) : saisie rapide,Exploration SAP,2021-11-23,14:04:45,00:00:02
stefano.crapanzano@chu.ulg.ac.be,1113829_AE2_prorata_3CC.jpg (939×251) - Google Chrome,Tâches diverses,2021-11-23,14:04:50,00:00:06
stefano.crapanzano@chu.ulg.ac.be,P203 CHU Nouveaux prorata de tva à configurer sur trois centres de coût - Xperthis ERP4HC 1.0 - Service d'assistance - Google Chrome,Tâches diverses,2021-11-23,14:05:23,00:00:25
stefano.crapanzano@chu.ulg.ac.be,P203 CHU Nouveaux prorata de tva à configurer sur trois centres de coût - Xperthis ERP4HC 1.0 - Service d'assistance - Google Chrome,Tâches diverses,2021-11-23,16:09:48,00:00:23
stefano.crapanzano@chu.ulg.ac.be,P203 CHU Modifications effectuées dans SAP  mais non transmises à Gera - Xperthis ERP4HC 1.0 - Service d'assistance - Google Chrome,Tâches diverses,2021-11-23,14:07:09,00:00:08
stefano.crapanzano@chu.ulg.ac.be,PE2_203 - sftp://PE2U2FTP@153.89.110.38 - FileZilla,Tâches diverses,2021-11-23,14:37:52,00:00:10
stefano.crapanzano@chu.ulg.ac.be,PE2_203 - sftp://PE2U2FTP@153.89.110.38 - FileZilla,Helpdesk général,2021-11-23,14:38:06,00:00:02
stefano.crapanzano@chu.ulg.ac.be,Ajout tables à l'extract BO - Xperthis ERP4HC 1.0 - Service d'assistance - Google Chrome,Tâches diverses,2021-11-23,14:38:58,00:00:04
stefano.crapanzano@chu.ulg.ac.be,Ajout tables à l'extract BO - Xperthis ERP4HC 1.0 - Service d'assistance - Google Chrome,Tâches diverses,2021-11-23,15:18:00,00:00:02
stefano.crapanzano@chu.ulg.ac.be,Rédaction : Re: ajout tables extract BO - Thunderbird,Helpdesk général,2021-11-23,14:39:03,00:00:50
stefano.crapanzano@chu.ulg.ac.be,disponible pluriel - Recherche Google - Google Chrome,Tâches diverses,2021-11-23,14:40:00,00:00:05
stefano.crapanzano@chu.ulg.ac.be,Flux des WOAR via les fichiers de commande PDA sur X01 - Xperthis ERP4HC 2.0 Rollout - Service d'assistance - Google Chrome,Tâches diverses,2021-11-23,14:40:19,00:00:13
stefano.crapanzano@chu.ulg.ac.be,Flux des WOAR via les fichiers de commande PDA sur X01 - Xperthis ERP4HC 2.0 Rollout - Service d'assistance - Google Chrome,Tâches diverses,2021-11-23,16:10:16,00:00:05
stefano.crapanzano@chu.ulg.ac.be,P203 CHU Ajout tables à l'extract BO - Xperthis ERP4HC 1.0 - Service d'assistance - Google Chrome,Tâches diverses,2021-11-23,14:54:07,00:01:48
stefano.crapanzano@chu.ulg.ac.be,P203 CHU Ajout tables à l'extract BO - Xperthis ERP4HC 1.0 - Service d'assistance - Google Chrome,Tâches diverses,2021-11-23,14:58:53,00:00:02
stefano.crapanzano@chu.ulg.ac.be,1113957_PE2_prorata_3CC.jpg (935×257) - Google Chrome,Tâches diverses,2021-11-23,15:13:01,00:00:06
stefano.crapanzano@chu.ulg.ac.be,https://zorgi.sharepoint.com/sites/DeliveryCHULiege/Client Documents/Forms/AllItems.aspx?id=%2Fsites%2FDeliveryCHULiege%2FClient Documents%2FProjet ERP4HC2%2E0%2F05 SSP%2FSSP catalogue _ gestion des utilisateur-20211109_103532-Meeting Recording%2Emp4&parent=%2Fsites%2FDeliveryCHULiege%2FClient Documents%2FProjet ERP4HC2%2E0%2F05 SSP - Google Chrome,Tâches diverses,2021-11-23,15:18:09,00:00:05
stefano.crapanzano@chu.ulg.ac.be,https://zorgi.sharepoint.com/sites/DeliveryCHULiege/Client Documents/Forms/AllItems.aspx?id=%2Fsites%2FDeliveryCHULiege%2FClient Documents%2FProjet ERP4HC2%2E0%2F05 SSP%2FSSP catalogue _ gestion des utilisateur-20211109_103532-Meeting Recording%2Emp4&parent=%2Fsites%2FDeliveryCHULiege%2FClient Documents%2FProjet ERP4HC2%2E0%2F05 SSP - Google Chrome,Helpdesk général,2021-11-23,15:18:19,00:00:10
stefano.crapanzano@chu.ulg.ac.be,how to use sapscript python - Recherche Google - Google Chrome,Tâches diverses,2021-11-23,15:31:25,00:00:02
stefano.crapanzano@chu.ulg.ac.be,How to use SAP GUI Scripting inside Python Programming Language | SAP Blogs - Google Chrome,Tâches diverses,2021-11-23,15:31:28,00:00:06
stefano.crapanzano@chu.ulg.ac.be,How to use SAP GUI Scripting inside Python Programming Language | SAP Blogs - Google Chrome,Tâches diverses,2021-11-23,15:33:59,00:01:53
stefano.crapanzano@chu.ulg.ac.be,How to use SAP GUI Scripting inside Python Programming Language | SAP Blogs - Google Chrome,Tâches diverses,2021-11-23,15:38:04,00:00:02
stefano.crapanzano@chu.ulg.ac.be,C:\Users\c158492\ProjetBoulot\PYTHON\LABOS\goal_project\goal\validation_article\utils.py - Notepad++ [Administrator],IT,2021-11-23,15:31:59,00:00:26
stefano.crapanzano@chu.ulg.ac.be,C:\Users\c158492\ProjetBoulot\PYTHON\LABOS\goal_project\goal\validation_article\utils.py - Notepad++ [Administrator],IT,2021-11-23,15:32:50,00:00:02
stefano.crapanzano@chu.ulg.ac.be,C:\Users\c158492\ProjetBoulot\PYTHON\LABOS\goal_project\goal\validation_article\sapgui.py - Notepad++ [Administrator],IT,2021-11-23,15:33:05,00:00:44
stefano.crapanzano@chu.ulg.ac.be,C:\Users\c158492\ProjetBoulot\PYTHON\LABOS\goal_project\goal\validation_article\sapgui.py - Notepad++ [Administrator],IT,2021-11-23,15:33:50,00:00:05
stefano.crapanzano@chu.ulg.ac.be,C:\Users\c158492\ProjetBoulot\PYTHON\LABOS\goal_project\goal\validation_article\sapgui.py - Notepad++ [Administrator],IT,2021-11-23,15:38:19,00:00:20
stefano.crapanzano@chu.ulg.ac.be,C:\Users\c158492\ProjetBoulot\PYTHON\LABOS\goal_project\goal\validation_article\sapgui.py - Notepad++ [Administrator],IT,2021-11-23,15:39:18,00:00:02
stefano.crapanzano@chu.ulg.ac.be,C:\Users\c158492\ProjetBoulot\PYTHON\LABOS\goal_project\goal\validation_article\sapgui.py - Notepad++ [Administrator],IT,2021-11-23,15:47:58,00:00:03
stefano.crapanzano@chu.ulg.ac.be,C:\Users\c158492\ProjetBoulot\PYTHON\LABOS\goal_project\goal\validation_article\sapgui.py - Notepad++ [Administrator],IT,2021-11-23,15:49:14,00:00:02
stefano.crapanzano@chu.ulg.ac.be,C:\Users\c158492\ProjetBoulot\PYTHON\LABOS\goal_project\goal\validation_article\sapgui.py - Notepad++ [Administrator],IT,2021-11-23,15:50:20,00:00:05
stefano.crapanzano@chu.ulg.ac.be,C:\Users\c158492\ProjetBoulot\PYTHON\LABOS\goal_project\goal\validation_article\sapgui.py - Notepad++ [Administrator],IT,2021-11-23,15:52:16,00:00:09
stefano.crapanzano@chu.ulg.ac.be,C:\Users\c158492\ProjetBoulot\PYTHON\LABOS\goal_project\goal\validation_article\sapgui.py - Notepad++ [Administrator],IT,2021-11-23,15:53:46,00:00:05
stefano.crapanzano@chu.ulg.ac.be,C:\Users\c158492\ProjetBoulot\PYTHON\LABOS\goal_project\goal\validation_article\sapgui.py - Notepad++ [Administrator],IT,2021-11-23,15:56:35,00:00:04
stefano.crapanzano@chu.ulg.ac.be,C:\Users\c158492\ProjetBoulot\PYTHON\LABOS\goal_project\goal\validation_article\sapgui.py - Notepad++ [Administrator],IT,2021-11-23,15:57:16,00:00:04
stefano.crapanzano@chu.ulg.ac.be,026698091 - Recherche Google - Google Chrome,Tâches diverses,2021-11-23,15:35:59,00:00:02
stefano.crapanzano@chu.ulg.ac.be,Qui vous a appelé à partir du 026698091 (+3226698091) ? | be.shouldianswer.net - Google Chrome,Tâches diverses,2021-11-23,15:36:02,00:02:01
stefano.crapanzano@chu.ulg.ac.be,SSP Déplacement de la tuile  Enregistrer entrée de marchandise  - Xperthis ERP4HC 2.0 Rollout - Service d'assistance - Google Chrome,Tâches diverses,2021-11-23,15:38:42,00:00:30
stefano.crapanzano@chu.ulg.ac.be,SSP Déplacement de la tuile  Enregistrer entrée de marchandise  - Xperthis ERP4HC 2.0 Rollout - Service d'assistance - Google Chrome,Tâches diverses,2021-11-23,16:09:27,00:00:06
stefano.crapanzano@chu.ulg.ac.be,C:\Users\c158492\ProjetBoulot\PYTHON\LABOS\goal_project\goal\stock\tests.py - Notepad++ [Administrator],IT,2021-11-23,15:42:43,00:00:12
stefano.crapanzano@chu.ulg.ac.be,C:\Users\c158492\ProjetBoulot\PYTHON\LABOS\goal_project\goal\stock\tests.py - Notepad++ [Administrator],IT,2021-11-23,15:44:38,00:00:05
stefano.crapanzano@chu.ulg.ac.be,Teampass - Google Chrome,Tâches diverses,2021-11-23,15:43:25,00:00:17
stefano.crapanzano@chu.ulg.ac.be,Teampass - Google Chrome,Tâches diverses,2021-11-23,16:08:54,00:00:02
stefano.crapanzano@chu.ulg.ac.be,Fin de session,Exploration SAP,2021-11-23,15:58:15,00:00:05
stefano.crapanzano@chu.ulg.ac.be,Fin de session,Exploration SAP,2021-11-23,16:23:11,00:00:02
stefano.crapanzano@chu.ulg.ac.be,Fin de session,Exploration SAP,2021-11-23,16:26:30,00:00:02
stefano.crapanzano@chu.ulg.ac.be,Fin de session,Exploration SAP,2021-11-23,16:28:49,00:00:02
stefano.crapanzano@chu.ulg.ac.be,Ouverture -Excel,Tâches diverses,2021-11-23,15:48:07,00:00:05
stefano.crapanzano@chu.ulg.ac.be,RAPPORT_STOCK_ARTICLE1 - Excel,Tâches diverses,2021-11-23,15:48:12,00:00:04
stefano.crapanzano@chu.ulg.ac.be,RAPPORT_STOCK_ARTICLE1 - Excel,Tâches diverses,2021-11-23,15:48:52,00:00:02
stefano.crapanzano@chu.ulg.ac.be,Microsoft Visual Basic pour Applications - RAPPORT_STOCK_ARTICLE1 - [Module1 (Code)],Tâches diverses,2021-11-23,15:48:16,00:00:30
stefano.crapanzano@chu.ulg.ac.be,Sécurité SAP GUI,Exploration SAP,2021-11-23,16:01:03,00:00:02
stefano.crapanzano@chu.ulg.ac.be,C:\temp\test.csv - Notepad++ [Administrator],IT,2021-11-23,16:01:17,00:00:33
stefano.crapanzano@chu.ulg.ac.be,C:\temp\test.csv - Notepad++ [Administrator],Helpdesk général,2021-11-23,16:07:39,00:01:11
stefano.crapanzano@chu.ulg.ac.be,C:\temp\test.csv - Notepad++ [Administrator],Exploration SAP,2021-11-23,16:16:11,00:00:02
stefano.crapanzano@chu.ulg.ac.be,C:\temp\test.csv - Notepad++ [Administrator],IT,2021-11-23,16:17:13,00:00:02
stefano.crapanzano@chu.ulg.ac.be,C:\temp\test.csv - Notepad++ [Administrator],IT,2021-11-23,16:17:28,00:00:02
stefano.crapanzano@chu.ulg.ac.be,C:\temp\test.csv - Notepad++ [Administrator],IT,2021-11-23,16:18:19,00:00:02
stefano.crapanzano@chu.ulg.ac.be,C:\temp\test.csv - Notepad++ [Administrator],IT,2021-11-23,16:26:37,00:00:02
stefano.crapanzano@chu.ulg.ac.be,C:\temp\test.csv - Notepad++ [Administrator],IT,2021-11-23,16:28:27,00:00:02
stefano.crapanzano@chu.ulg.ac.be,Brouillons - erp.sai@chuliege.be - Mozilla Thunderbird,Helpdesk général,2021-11-23,16:07:18,00:00:09
stefano.crapanzano@chu.ulg.ac.be,ZSSP_USER_ATTRIBUTES_Paramétrage accès utilisateur (RA) à un ou plusieurs CC-réceptionnaires(inscription) - Xperthis ERP4HC 2.0 Rollout - Service d'assistance - Google Chrome,Tâches diverses,2021-11-23,16:09:20,00:00:04
stefano.crapanzano@chu.ulg.ac.be,SSP CHU 203 - aanpassingen obv ZSRM parameters - Xperthis ERP4HC 2.0 Rollout - Service d'assistance - Google Chrome,Tâches diverses,2021-11-23,16:10:25,00:00:02
stefano.crapanzano@chu.ulg.ac.be,Test de ZCREATION_PERS sur X01 - Xperthis ERP4HC 2.0 Rollout - Service d'assistance - Google Chrome,Tâches diverses,2021-11-23,16:11:14,00:00:04
stefano.crapanzano@chu.ulg.ac.be,Test de ZCREATION_PERS sur X01 - Xperthis ERP4HC 2.0 Rollout - Service d'assistance - Google Chrome,Tâches diverses,2021-11-23,16:11:22,00:00:06
stefano.crapanzano@chu.ulg.ac.be,A03-203 CHU Test de ZCREATION_PERS sur A03 - Xperthis ERP4HC 2.0 Rollout - Service d'assistance - Google Chrome,Tâches diverses,2021-11-23,16:11:18,00:00:04
stefano.crapanzano@chu.ulg.ac.be,A03 accès pour Angélique Biscop - Xperthis ERP4HC 2.0 Rollout - Service d'assistance - Google Chrome,Tâches diverses,2021-11-23,16:11:38,00:00:09
stefano.crapanzano@chu.ulg.ac.be,Impossible d'affecter les rôles DEVFBCKXXMMSSPBA et DEVFIOFXXMMSSPBA à des utilisateurs en A03 - Xperthis ERP4HC 2.0 Rollout - Service d'assistance - Google Chrome,Tâches diverses,2021-11-23,16:12:01,00:00:49
stefano.crapanzano@chu.ulg.ac.be,Enregistrement et Playback,Exploration SAP,2021-11-23,16:14:42,00:00:02
stefano.crapanzano@chu.ulg.ac.be,Enregistrement et Playback,Exploration SAP,2021-11-23,16:16:07,00:00:04
stefano.crapanzano@chu.ulg.ac.be,Enregistrement et Playback,Exploration SAP,2021-11-23,16:16:18,00:00:04
stefano.crapanzano@chu.ulg.ac.be,Enregistrement et Playback,Exploration SAP,2021-11-23,16:18:23,00:00:02
stefano.crapanzano@chu.ulg.ac.be,Enregistrement et Playback,Exploration SAP,2021-11-23,16:22:20,00:00:04
stefano.crapanzano@chu.ulg.ac.be,Enregistrement et Playback,Exploration SAP,2021-11-23,16:24:44,00:00:02
stefano.crapanzano@chu.ulg.ac.be,Enregistrement et Playback,Exploration SAP,2021-11-23,16:25:37,00:00:02
stefano.crapanzano@chu.ulg.ac.be,Enregistrement et Playback,Exploration SAP,2021-11-23,16:27:12,00:00:05
stefano.crapanzano@chu.ulg.ac.be,Enregistrement et Playback,Exploration SAP,2021-11-23,16:28:21,00:00:05
stefano.crapanzano@chu.ulg.ac.be,SAP Frontend Server,Exploration SAP,2021-11-23,16:27:05,00:00:04
stefano.crapanzano@chu.ulg.ac.be,SAP Frontend Server,Exploration SAP,2021-11-23,16:28:14,00:00:02
stefano.crapanzano@chu.ulg.ac.be,C:\Users\c158492\AppData\Roaming\SAP\SAP GUI\Scripts\Script3.vbs - Notepad++ [Administrator],IT,2021-11-23,16:16:22,00:00:50
stefano.crapanzano@chu.ulg.ac.be,C:\Users\c158492\AppData\Roaming\SAP\SAP GUI\Scripts\Script3.vbs - Notepad++ [Administrator],IT,2021-11-23,16:18:25,00:00:05
stefano.crapanzano@chu.ulg.ac.be,C:\Users\c158492\AppData\Roaming\SAP\SAP GUI\Scripts\Script3.vbs - Notepad++ [Administrator],IT,2021-11-23,16:25:40,00:00:02
stefano.crapanzano@chu.ulg.ac.be,C:\Users\c158492\AppData\Roaming\SAP\SAP GUI\Scripts\Script3.vbs - Notepad++ [Administrator],IT,2021-11-23,16:28:30,00:00:05
