Email,Description,Project,Start date,Start time,Duration
stefano.crapanzano@chu.ulg.ac.be,Courrier entrant - erp.sai@chuliege.be - Mozilla Thunderbird,Helpdesk général,2021-11-26,12:44:44,00:01:01
stefano.crapanzano@chu.ulg.ac.be,Courrier entrant - erp.sai@chuliege.be - Mozilla Thunderbird,Helpdesk général,2021-11-26,12:46:30,00:03:23
stefano.crapanzano@chu.ulg.ac.be,Courrier entrant - erp.sai@chuliege.be - Mozilla Thunderbird,Helpdesk général,2021-11-26,12:49:58,00:00:16
stefano.crapanzano@chu.ulg.ac.be,Courrier entrant - erp.sai@chuliege.be - Mozilla Thunderbird,Helpdesk général,2021-11-26,12:50:16,00:00:47
stefano.crapanzano@chu.ulg.ac.be,Courrier entrant - erp.sai@chuliege.be - Mozilla Thunderbird,Helpdesk général,2021-11-26,12:53:48,00:00:02
stefano.crapanzano@chu.ulg.ac.be,Courrier entrant - erp.sai@chuliege.be - Mozilla Thunderbird,Helpdesk général,2021-11-26,12:53:52,00:00:19
stefano.crapanzano@chu.ulg.ac.be,Courrier entrant - erp.sai@chuliege.be - Mozilla Thunderbird,Helpdesk général,2021-11-26,13:03:00,00:01:23
stefano.crapanzano@chu.ulg.ac.be,Courrier entrant - erp.sai@chuliege.be - Mozilla Thunderbird,Helpdesk général,2021-11-26,13:06:27,00:00:02
stefano.crapanzano@chu.ulg.ac.be,Courrier entrant - erp.sai@chuliege.be - Mozilla Thunderbird,Helpdesk général,2021-11-26,13:06:31,00:00:05
stefano.crapanzano@chu.ulg.ac.be,Courrier entrant - erp.sai@chuliege.be - Mozilla Thunderbird,Helpdesk général,2021-11-26,13:06:57,00:00:05
stefano.crapanzano@chu.ulg.ac.be,Courrier entrant - erp.sai@chuliege.be - Mozilla Thunderbird,Helpdesk général,2021-11-26,13:08:16,00:00:29
stefano.crapanzano@chu.ulg.ac.be,Courrier entrant - erp.sai@chuliege.be - Mozilla Thunderbird,Helpdesk général,2021-11-26,13:16:17,00:00:02
stefano.crapanzano@chu.ulg.ac.be,Courrier entrant - erp.sai@chuliege.be - Mozilla Thunderbird,Helpdesk général,2021-11-26,13:16:24,00:00:15
stefano.crapanzano@chu.ulg.ac.be,Courrier entrant - erp.sai@chuliege.be - Mozilla Thunderbird,Helpdesk général,2021-11-26,13:45:16,00:00:05
stefano.crapanzano@chu.ulg.ac.be,Courrier entrant - erp.sai@chuliege.be - Mozilla Thunderbird,Helpdesk général,2021-11-26,14:02:35,00:00:12
stefano.crapanzano@chu.ulg.ac.be,Courrier entrant - erp.sai@chuliege.be - Mozilla Thunderbird,Helpdesk général,2021-11-26,14:08:15,00:00:02
stefano.crapanzano@chu.ulg.ac.be,Courrier entrant - erp.sai@chuliege.be - Mozilla Thunderbird,Helpdesk général,2021-11-26,14:08:24,00:00:02
stefano.crapanzano@chu.ulg.ac.be,Courrier entrant - erp.sai@chuliege.be - Mozilla Thunderbird,Helpdesk général,2021-11-26,15:06:13,00:00:12
stefano.crapanzano@chu.ulg.ac.be,Navigation système de fichier,IT,2021-11-26,12:38:23,00:06:14
stefano.crapanzano@chu.ulg.ac.be,Navigation système de fichier,IT,2021-11-26,13:05:42,00:00:44
stefano.crapanzano@chu.ulg.ac.be,Navigation système de fichier,IT,2021-11-26,13:07:02,00:01:13
stefano.crapanzano@chu.ulg.ac.be,Navigation système de fichier,IT,2021-11-26,13:18:10,00:00:02
stefano.crapanzano@chu.ulg.ac.be,Navigation système de fichier,IT,2021-11-26,14:16:50,00:00:04
stefano.crapanzano@chu.ulg.ac.be,Navigation système de fichier,IT,2021-11-26,14:30:33,00:00:10
stefano.crapanzano@chu.ulg.ac.be,Navigation système de fichier,IT,2021-11-26,14:33:39,00:00:03
stefano.crapanzano@chu.ulg.ac.be,Navigation système de fichier,IT,2021-11-26,14:38:04,00:00:02
stefano.crapanzano@chu.ulg.ac.be,Navigation système de fichier,IT,2021-11-26,14:42:20,00:00:02
stefano.crapanzano@chu.ulg.ac.be,Navigation système de fichier,IT,2021-11-26,15:00:03,00:00:23
stefano.crapanzano@chu.ulg.ac.be,Navigation système de fichier,IT,2021-11-26,15:22:00,00:00:02
stefano.crapanzano@chu.ulg.ac.be,Navigation système de fichier,IT,2021-11-26,15:32:38,00:00:03
stefano.crapanzano@chu.ulg.ac.be,Navigation système de fichier,IT,2021-11-26,15:47:27,00:00:02
stefano.crapanzano@chu.ulg.ac.be,Navigation système de fichier,IT,2021-11-26,16:08:05,00:00:13
stefano.crapanzano@chu.ulg.ac.be,Navigation système de fichier,IT,2021-11-26,16:08:42,00:00:02
stefano.crapanzano@chu.ulg.ac.be,Navigation système de fichier,IT,2021-11-26,16:09:01,00:00:10
stefano.crapanzano@chu.ulg.ac.be,Navigation système de fichier,IT,2021-11-26,16:09:53,00:00:06
stefano.crapanzano@chu.ulg.ac.be,Navigation système de fichier,IT,2021-11-26,16:12:16,00:00:02
stefano.crapanzano@chu.ulg.ac.be,Navigation système de fichier,IT,2021-11-26,16:12:44,00:00:06
stefano.crapanzano@chu.ulg.ac.be,Navigation système de fichier,IT,2021-11-26,16:13:08,00:00:02
stefano.crapanzano@chu.ulg.ac.be,Navigation système de fichier,IT,2021-11-26,16:15:49,00:00:14
stefano.crapanzano@chu.ulg.ac.be,Navigation système de fichier,IT,2021-11-26,16:18:50,00:00:03
stefano.crapanzano@chu.ulg.ac.be,Navigation système de fichier,IT,2021-11-26,16:18:57,00:00:02
stefano.crapanzano@chu.ulg.ac.be,Navigation système de fichier,IT,2021-11-26,16:19:14,00:00:17
stefano.crapanzano@chu.ulg.ac.be,Navigation système de fichier,IT,2021-11-26,16:20:33,00:00:02
stefano.crapanzano@chu.ulg.ac.be,Navigation système de fichier,IT,2021-11-26,16:22:18,00:00:02
stefano.crapanzano@chu.ulg.ac.be,Navigation système de fichier,IT,2021-11-26,16:22:39,00:00:05
stefano.crapanzano@chu.ulg.ac.be,Navigation système de fichier,IT,2021-11-26,16:27:34,00:00:02
stefano.crapanzano@chu.ulg.ac.be,Navigation système de fichier,IT,2021-11-26,16:40:36,00:00:05
stefano.crapanzano@chu.ulg.ac.be,Navigation système de fichier,IT,2021-11-26,16:46:03,00:00:02
stefano.crapanzano@chu.ulg.ac.be,Navigation système de fichier,IT,2021-11-26,16:46:20,00:00:03
stefano.crapanzano@chu.ulg.ac.be,Navigation système de fichier,IT,2021-11-26,16:46:25,00:00:02
stefano.crapanzano@chu.ulg.ac.be,Navigation système de fichier,IT,2021-11-26,16:48:34,00:00:05
stefano.crapanzano@chu.ulg.ac.be,Navigation système de fichier,IT,2021-11-26,16:51:07,00:00:05
stefano.crapanzano@chu.ulg.ac.be,Navigation système de fichier,IT,2021-11-26,16:56:25,00:00:06
stefano.crapanzano@chu.ulg.ac.be,Navigation système de fichier,IT,2021-11-26,16:57:14,00:00:03
stefano.crapanzano@chu.ulg.ac.be,Navigation système de fichier,IT,2021-11-26,16:59:06,00:00:08
stefano.crapanzano@chu.ulg.ac.be,Navigation système de fichier,IT,2021-11-26,16:59:27,00:00:29
stefano.crapanzano@chu.ulg.ac.be,Navigation système de fichier,IT,2021-11-26,17:00:43,00:00:06
stefano.crapanzano@chu.ulg.ac.be,Navigation système de fichier,IT,2021-11-26,17:03:01,00:00:07
stefano.crapanzano@chu.ulg.ac.be,Navigation système de fichier,IT,2021-11-26,17:03:56,00:00:15
stefano.crapanzano@chu.ulg.ac.be,Navigation système de fichier,IT,2021-11-26,17:05:16,00:00:05
stefano.crapanzano@chu.ulg.ac.be,Navigation système de fichier,IT,2021-11-26,17:05:30,00:00:10
stefano.crapanzano@chu.ulg.ac.be,Navigation système de fichier,IT,2021-11-26,17:06:17,00:00:10
stefano.crapanzano@chu.ulg.ac.be,Navigation système de fichier,IT,2021-11-26,17:07:23,00:00:03
stefano.crapanzano@chu.ulg.ac.be,Navigation système de fichier,IT,2021-11-26,17:08:17,00:00:03
stefano.crapanzano@chu.ulg.ac.be,Suppléant personnel,Exploration SAP,2021-11-26,12:44:37,00:00:04
stefano.crapanzano@chu.ulg.ac.be,Business Workplace de Stefano CRAPANZANO,Exploration SAP,2021-11-26,12:44:42,00:00:02
stefano.crapanzano@chu.ulg.ac.be,GOAL - LABO - Google Chrome,Tâches diverses,2021-11-26,12:54:18,00:08:42
stefano.crapanzano@chu.ulg.ac.be,GOAL - LABO - Google Chrome,Tâches diverses,2021-11-26,13:08:48,00:00:37
stefano.crapanzano@chu.ulg.ac.be,GOAL - LABO - Google Chrome,Tâches diverses,2021-11-26,13:09:55,00:00:05
stefano.crapanzano@chu.ulg.ac.be,GOAL - LABO - Google Chrome,Tâches diverses,2021-11-26,13:10:25,00:04:19
stefano.crapanzano@chu.ulg.ac.be,GOAL - LABO - Google Chrome,Tâches diverses,2021-11-26,13:18:14,00:01:00
stefano.crapanzano@chu.ulg.ac.be,GOAL - LABO - Google Chrome,Tâches diverses,2021-11-26,13:19:31,00:00:06
stefano.crapanzano@chu.ulg.ac.be,GOAL - LABO - Google Chrome,Tâches diverses,2021-11-26,13:22:00,00:01:10
stefano.crapanzano@chu.ulg.ac.be,GOAL - LABO - Google Chrome,Tâches diverses,2021-11-26,13:25:10,00:00:02
stefano.crapanzano@chu.ulg.ac.be,GOAL - LABO - Google Chrome,Tâches diverses,2021-11-26,13:25:18,00:00:02
stefano.crapanzano@chu.ulg.ac.be,GOAL - LABO - Google Chrome,Tâches diverses,2021-11-26,13:25:48,00:00:06
stefano.crapanzano@chu.ulg.ac.be,GOAL - LABO - Google Chrome,Tâches diverses,2021-11-26,13:27:16,00:00:22
stefano.crapanzano@chu.ulg.ac.be,GOAL - LABO - Google Chrome,Tâches diverses,2021-11-26,13:28:32,00:00:05
stefano.crapanzano@chu.ulg.ac.be,GOAL - LABO - Google Chrome,Tâches diverses,2021-11-26,13:31:39,00:00:08
stefano.crapanzano@chu.ulg.ac.be,GOAL - LABO - Google Chrome,Tâches diverses,2021-11-26,13:32:45,00:00:25
stefano.crapanzano@chu.ulg.ac.be,GOAL - LABO - Google Chrome,Tâches diverses,2021-11-26,13:34:19,00:01:13
stefano.crapanzano@chu.ulg.ac.be,GOAL - LABO - Google Chrome,Tâches diverses,2021-11-26,13:38:03,00:00:13
stefano.crapanzano@chu.ulg.ac.be,GOAL - LABO - Google Chrome,Tâches diverses,2021-11-26,13:38:54,00:00:34
stefano.crapanzano@chu.ulg.ac.be,GOAL - LABO - Google Chrome,Tâches diverses,2021-11-26,13:40:31,00:00:52
stefano.crapanzano@chu.ulg.ac.be,GOAL - LABO - Google Chrome,Tâches diverses,2021-11-26,13:42:51,00:00:13
stefano.crapanzano@chu.ulg.ac.be,GOAL - LABO - Google Chrome,Tâches diverses,2021-11-26,13:47:28,00:03:51
stefano.crapanzano@chu.ulg.ac.be,GOAL - LABO - Google Chrome,Tâches diverses,2021-11-26,13:51:57,00:00:18
stefano.crapanzano@chu.ulg.ac.be,GOAL - LABO - Google Chrome,Tâches diverses,2021-11-26,13:52:28,00:10:05
stefano.crapanzano@chu.ulg.ac.be,GOAL - LABO - Google Chrome,Tâches diverses,2021-11-26,14:02:59,00:05:13
stefano.crapanzano@chu.ulg.ac.be,GOAL - LABO - Google Chrome,Tâches diverses,2021-11-26,14:08:34,00:00:34
stefano.crapanzano@chu.ulg.ac.be,GOAL - LABO - Google Chrome,Tâches diverses,2021-11-26,14:09:20,00:02:16
stefano.crapanzano@chu.ulg.ac.be,GOAL - LABO - Google Chrome,Tâches diverses,2021-11-26,14:12:31,00:00:31
stefano.crapanzano@chu.ulg.ac.be,GOAL - LABO - Google Chrome,Tâches diverses,2021-11-26,14:20:27,00:01:52
stefano.crapanzano@chu.ulg.ac.be,GOAL - LABO - Google Chrome,Tâches diverses,2021-11-26,14:23:31,00:00:29
stefano.crapanzano@chu.ulg.ac.be,GOAL - LABO - Google Chrome,Tâches diverses,2021-11-26,14:24:40,00:00:06
stefano.crapanzano@chu.ulg.ac.be,GOAL - LABO - Google Chrome,Tâches diverses,2021-11-26,14:25:06,00:00:08
stefano.crapanzano@chu.ulg.ac.be,GOAL - LABO - Google Chrome,Tâches diverses,2021-11-26,14:25:51,00:00:11
stefano.crapanzano@chu.ulg.ac.be,GOAL - LABO - Google Chrome,Tâches diverses,2021-11-26,14:26:13,00:00:08
stefano.crapanzano@chu.ulg.ac.be,GOAL - LABO - Google Chrome,Tâches diverses,2021-11-26,14:27:11,00:00:05
stefano.crapanzano@chu.ulg.ac.be,GOAL - LABO - Google Chrome,Tâches diverses,2021-11-26,14:27:54,00:00:32
stefano.crapanzano@chu.ulg.ac.be,GOAL - LABO - Google Chrome,Tâches diverses,2021-11-26,14:37:24,00:00:08
stefano.crapanzano@chu.ulg.ac.be,GOAL - LABO - Google Chrome,Tâches diverses,2021-11-26,14:38:06,00:00:17
stefano.crapanzano@chu.ulg.ac.be,GOAL - LABO - Google Chrome,Tâches diverses,2021-11-26,14:39:35,00:01:12
stefano.crapanzano@chu.ulg.ac.be,GOAL - LABO - Google Chrome,Tâches diverses,2021-11-26,14:41:38,00:00:41
stefano.crapanzano@chu.ulg.ac.be,GOAL - LABO - Google Chrome,Tâches diverses,2021-11-26,14:47:55,00:00:02
stefano.crapanzano@chu.ulg.ac.be,GOAL - LABO - Google Chrome,Tâches diverses,2021-11-26,14:48:11,00:00:31
stefano.crapanzano@chu.ulg.ac.be,GOAL - LABO - Google Chrome,Tâches diverses,2021-11-26,14:50:23,00:00:10
stefano.crapanzano@chu.ulg.ac.be,GOAL - LABO - Google Chrome,Tâches diverses,2021-11-26,14:51:18,00:01:39
stefano.crapanzano@chu.ulg.ac.be,GOAL - LABO - Google Chrome,Tâches diverses,2021-11-26,14:53:26,00:00:50
stefano.crapanzano@chu.ulg.ac.be,GOAL - LABO - Google Chrome,Tâches diverses,2021-11-26,14:59:04,00:00:04
stefano.crapanzano@chu.ulg.ac.be,GOAL - LABO - Google Chrome,Tâches diverses,2021-11-26,14:59:31,00:00:32
stefano.crapanzano@chu.ulg.ac.be,GOAL - LABO - Google Chrome,Tâches diverses,2021-11-26,15:00:27,00:00:55
stefano.crapanzano@chu.ulg.ac.be,GOAL - LABO - Google Chrome,Tâches diverses,2021-11-26,15:01:42,00:03:30
stefano.crapanzano@chu.ulg.ac.be,GOAL - LABO - Google Chrome,Tâches diverses,2021-11-26,15:06:34,00:01:00
stefano.crapanzano@chu.ulg.ac.be,GOAL - LABO - Google Chrome,Tâches diverses,2021-11-26,15:11:19,00:00:09
stefano.crapanzano@chu.ulg.ac.be,GOAL - LABO - Google Chrome,Tâches diverses,2021-11-26,15:13:36,00:00:54
stefano.crapanzano@chu.ulg.ac.be,GOAL - LABO - Google Chrome,Tâches diverses,2021-11-26,15:14:35,00:01:45
stefano.crapanzano@chu.ulg.ac.be,GOAL - LABO - Google Chrome,Tâches diverses,2021-11-26,15:18:17,00:00:45
stefano.crapanzano@chu.ulg.ac.be,GOAL - LABO - Google Chrome,Tâches diverses,2021-11-26,15:19:38,00:00:35
stefano.crapanzano@chu.ulg.ac.be,GOAL - LABO - Google Chrome,Tâches diverses,2021-11-26,15:21:04,00:00:05
stefano.crapanzano@chu.ulg.ac.be,GOAL - LABO - Google Chrome,Tâches diverses,2021-11-26,15:21:56,00:00:02
stefano.crapanzano@chu.ulg.ac.be,GOAL - LABO - Google Chrome,Tâches diverses,2021-11-26,15:24:09,00:00:55
stefano.crapanzano@chu.ulg.ac.be,GOAL - LABO - Google Chrome,Tâches diverses,2021-11-26,15:26:03,00:00:06
stefano.crapanzano@chu.ulg.ac.be,GOAL - LABO - Google Chrome,Tâches diverses,2021-11-26,15:26:16,00:00:29
stefano.crapanzano@chu.ulg.ac.be,GOAL - LABO - Google Chrome,Tâches diverses,2021-11-26,15:26:55,00:00:33
stefano.crapanzano@chu.ulg.ac.be,GOAL - LABO - Google Chrome,Tâches diverses,2021-11-26,15:36:19,00:00:36
stefano.crapanzano@chu.ulg.ac.be,GOAL - LABO - Google Chrome,Tâches diverses,2021-11-26,15:38:05,00:00:05
stefano.crapanzano@chu.ulg.ac.be,GOAL - LABO - Google Chrome,Tâches diverses,2021-11-26,15:38:24,00:00:25
stefano.crapanzano@chu.ulg.ac.be,GOAL - LABO - Google Chrome,Tâches diverses,2021-11-26,15:38:53,00:00:13
stefano.crapanzano@chu.ulg.ac.be,GOAL - LABO - Google Chrome,Tâches diverses,2021-11-26,15:39:13,00:00:02
stefano.crapanzano@chu.ulg.ac.be,GOAL - LABO - Google Chrome,Tâches diverses,2021-11-26,15:39:20,00:00:13
stefano.crapanzano@chu.ulg.ac.be,GOAL - LABO - Google Chrome,Tâches diverses,2021-11-26,15:39:44,00:00:17
stefano.crapanzano@chu.ulg.ac.be,GOAL - LABO - Google Chrome,Tâches diverses,2021-11-26,15:44:32,00:00:59
stefano.crapanzano@chu.ulg.ac.be,GOAL - LABO - Google Chrome,Tâches diverses,2021-11-26,15:49:41,00:00:25
stefano.crapanzano@chu.ulg.ac.be,GOAL - LABO - Google Chrome,Tâches diverses,2021-11-26,15:50:11,00:00:09
stefano.crapanzano@chu.ulg.ac.be,GOAL - LABO - Google Chrome,Tâches diverses,2021-11-26,15:52:52,00:00:05
stefano.crapanzano@chu.ulg.ac.be,GOAL - LABO - Google Chrome,Tâches diverses,2021-11-26,15:53:06,00:00:09
stefano.crapanzano@chu.ulg.ac.be,GOAL - LABO - Google Chrome,Tâches diverses,2021-11-26,15:53:21,00:00:12
stefano.crapanzano@chu.ulg.ac.be,GOAL - LABO - Google Chrome,Tâches diverses,2021-11-26,15:53:39,00:00:06
stefano.crapanzano@chu.ulg.ac.be,GOAL - LABO - Google Chrome,Tâches diverses,2021-11-26,15:54:35,00:00:02
stefano.crapanzano@chu.ulg.ac.be,GOAL - LABO - Google Chrome,Tâches diverses,2021-11-26,15:56:47,00:00:12
stefano.crapanzano@chu.ulg.ac.be,GOAL - LABO - Google Chrome,Tâches diverses,2021-11-26,15:57:19,00:00:02
stefano.crapanzano@chu.ulg.ac.be,GOAL - LABO - Google Chrome,Tâches diverses,2021-11-26,16:01:55,00:00:14
stefano.crapanzano@chu.ulg.ac.be,GOAL - LABO - Google Chrome,Tâches diverses,2021-11-26,16:02:20,00:00:08
stefano.crapanzano@chu.ulg.ac.be,GOAL - LABO - Google Chrome,Tâches diverses,2021-11-26,16:03:35,00:00:02
stefano.crapanzano@chu.ulg.ac.be,GOAL - LABO - Google Chrome,Tâches diverses,2021-11-26,16:06:24,00:00:40
stefano.crapanzano@chu.ulg.ac.be,GOAL - LABO - Google Chrome,Tâches diverses,2021-11-26,16:07:06,00:00:08
stefano.crapanzano@chu.ulg.ac.be,GOAL - LABO - Google Chrome,Tâches diverses,2021-11-26,16:08:45,00:00:16
stefano.crapanzano@chu.ulg.ac.be,GOAL - LABO - Google Chrome,Tâches diverses,2021-11-26,16:10:41,00:00:49
stefano.crapanzano@chu.ulg.ac.be,GOAL - LABO - Google Chrome,Tâches diverses,2021-11-26,16:12:32,00:00:12
stefano.crapanzano@chu.ulg.ac.be,GOAL - LABO - Google Chrome,Tâches diverses,2021-11-26,16:13:59,00:00:16
stefano.crapanzano@chu.ulg.ac.be,GOAL - LABO - Google Chrome,Tâches diverses,2021-11-26,16:17:55,00:00:05
stefano.crapanzano@chu.ulg.ac.be,GOAL - LABO - Google Chrome,Tâches diverses,2021-11-26,16:18:15,00:00:10
stefano.crapanzano@chu.ulg.ac.be,GOAL - LABO - Google Chrome,Tâches diverses,2021-11-26,16:18:39,00:00:06
stefano.crapanzano@chu.ulg.ac.be,GOAL - LABO - Google Chrome,Tâches diverses,2021-11-26,16:22:27,00:00:10
stefano.crapanzano@chu.ulg.ac.be,GOAL - LABO - Google Chrome,Tâches diverses,2021-11-26,16:22:53,00:00:26
stefano.crapanzano@chu.ulg.ac.be,GOAL - LABO - Google Chrome,Tâches diverses,2021-11-26,16:23:24,00:00:12
stefano.crapanzano@chu.ulg.ac.be,GOAL - LABO - Google Chrome,Tâches diverses,2021-11-26,16:24:12,00:00:37
stefano.crapanzano@chu.ulg.ac.be,GOAL - LABO - Google Chrome,Tâches diverses,2021-11-26,16:24:59,00:00:10
stefano.crapanzano@chu.ulg.ac.be,GOAL - LABO - Google Chrome,Tâches diverses,2021-11-26,16:25:29,00:00:17
stefano.crapanzano@chu.ulg.ac.be,GOAL - LABO - Google Chrome,Tâches diverses,2021-11-26,16:25:55,00:00:24
stefano.crapanzano@chu.ulg.ac.be,GOAL - LABO - Google Chrome,Tâches diverses,2021-11-26,16:26:23,00:00:42
stefano.crapanzano@chu.ulg.ac.be,GOAL - LABO - Google Chrome,Tâches diverses,2021-11-26,16:28:09,00:00:08
stefano.crapanzano@chu.ulg.ac.be,GOAL - LABO - Google Chrome,Tâches diverses,2021-11-26,16:28:23,00:00:04
stefano.crapanzano@chu.ulg.ac.be,GOAL - LABO - Google Chrome,Tâches diverses,2021-11-26,16:29:01,00:00:31
stefano.crapanzano@chu.ulg.ac.be,GOAL - LABO - Google Chrome,Tâches diverses,2021-11-26,16:30:18,00:00:13
stefano.crapanzano@chu.ulg.ac.be,GOAL - LABO - Google Chrome,Tâches diverses,2021-11-26,16:30:40,00:00:03
stefano.crapanzano@chu.ulg.ac.be,GOAL - LABO - Google Chrome,Tâches diverses,2021-11-26,16:31:00,00:00:04
stefano.crapanzano@chu.ulg.ac.be,GOAL - LABO - Google Chrome,Tâches diverses,2021-11-26,16:31:29,00:00:35
stefano.crapanzano@chu.ulg.ac.be,GOAL - LABO - Google Chrome,Tâches diverses,2021-11-26,16:34:05,00:00:55
stefano.crapanzano@chu.ulg.ac.be,GOAL - LABO - Google Chrome,Tâches diverses,2021-11-26,16:35:45,00:00:12
stefano.crapanzano@chu.ulg.ac.be,GOAL - LABO - Google Chrome,Tâches diverses,2021-11-26,16:36:47,00:00:02
stefano.crapanzano@chu.ulg.ac.be,GOAL - LABO - Google Chrome,Tâches diverses,2021-11-26,16:36:58,00:00:27
stefano.crapanzano@chu.ulg.ac.be,GOAL - LABO - Google Chrome,Tâches diverses,2021-11-26,16:38:23,00:00:15
stefano.crapanzano@chu.ulg.ac.be,GOAL - LABO - Google Chrome,Tâches diverses,2021-11-26,16:41:41,00:00:04
stefano.crapanzano@chu.ulg.ac.be,GOAL - LABO - Google Chrome,Tâches diverses,2021-11-26,16:41:48,00:00:09
stefano.crapanzano@chu.ulg.ac.be,GOAL - LABO - Google Chrome,Tâches diverses,2021-11-26,16:45:22,00:00:02
stefano.crapanzano@chu.ulg.ac.be,GOAL - LABO - Google Chrome,Tâches diverses,2021-11-26,16:45:27,00:00:02
stefano.crapanzano@chu.ulg.ac.be,GOAL - LABO - Google Chrome,Tâches diverses,2021-11-26,16:46:00,00:00:02
stefano.crapanzano@chu.ulg.ac.be,GOAL - LABO - Google Chrome,Tâches diverses,2021-11-26,16:46:15,00:00:05
stefano.crapanzano@chu.ulg.ac.be,GOAL - LABO - Google Chrome,Tâches diverses,2021-11-26,16:47:41,00:00:10
stefano.crapanzano@chu.ulg.ac.be,GOAL - LABO - Google Chrome,Tâches diverses,2021-11-26,16:48:04,00:00:04
stefano.crapanzano@chu.ulg.ac.be,GOAL - LABO - Google Chrome,Tâches diverses,2021-11-26,16:48:27,00:00:06
stefano.crapanzano@chu.ulg.ac.be,GOAL - LABO - Google Chrome,Tâches diverses,2021-11-26,16:48:45,00:00:10
stefano.crapanzano@chu.ulg.ac.be,GOAL - LABO - Google Chrome,Tâches diverses,2021-11-26,16:49:49,00:00:33
stefano.crapanzano@chu.ulg.ac.be,GOAL - LABO - Google Chrome,Tâches diverses,2021-11-26,16:51:03,00:00:04
stefano.crapanzano@chu.ulg.ac.be,GOAL - LABO - Google Chrome,Tâches diverses,2021-11-26,16:52:01,00:00:04
stefano.crapanzano@chu.ulg.ac.be,GOAL - LABO - Google Chrome,Tâches diverses,2021-11-26,16:52:07,00:01:02
stefano.crapanzano@chu.ulg.ac.be,GOAL - LABO - Google Chrome,Exploration SAP,2021-11-26,16:53:12,00:03:13
stefano.crapanzano@chu.ulg.ac.be,GOAL - LABO - Google Chrome,Tâches diverses,2021-11-26,16:56:32,00:00:36
stefano.crapanzano@chu.ulg.ac.be,GOAL - LABO - Google Chrome,Tâches diverses,2021-11-26,16:57:10,00:00:04
stefano.crapanzano@chu.ulg.ac.be,GOAL - LABO - Google Chrome,Tâches diverses,2021-11-26,16:57:18,00:00:05
stefano.crapanzano@chu.ulg.ac.be,GOAL - LABO - Google Chrome,Tâches diverses,2021-11-26,16:57:43,00:00:02
stefano.crapanzano@chu.ulg.ac.be,GOAL - LABO - Google Chrome,Tâches diverses,2021-11-26,16:57:54,00:00:10
stefano.crapanzano@chu.ulg.ac.be,GOAL - LABO - Google Chrome,Tâches diverses,2021-11-26,17:00:28,00:00:13
stefano.crapanzano@chu.ulg.ac.be,GOAL - LABO - Google Chrome,Tâches diverses,2021-11-26,17:05:27,00:00:02
stefano.crapanzano@chu.ulg.ac.be,GOAL - LABO - Google Chrome,Tâches diverses,2021-11-26,17:06:50,00:00:09
stefano.crapanzano@chu.ulg.ac.be,GOAL - LABO - Google Chrome,Tâches diverses,2021-11-26,17:07:21,00:00:02
stefano.crapanzano@chu.ulg.ac.be,GOAL - LABO - Google Chrome,Tâches diverses,2021-11-26,17:07:29,00:00:06
stefano.crapanzano@chu.ulg.ac.be,GOAL - LABO - Google Chrome,Tâches diverses,2021-11-26,17:08:08,00:00:08
stefano.crapanzano@chu.ulg.ac.be,GOAL - LABO - Google Chrome,Tâches diverses,2021-11-26,17:08:22,00:00:23
stefano.crapanzano@chu.ulg.ac.be,GOAL - LABO - Google Chrome,Tâches diverses,2021-11-26,17:11:09,00:00:04
stefano.crapanzano@chu.ulg.ac.be,GOAL - LABO - Google Chrome,Tâches diverses,2021-11-26,17:20:25,00:00:03
stefano.crapanzano@chu.ulg.ac.be,GOAL - LABO - Google Chrome,Tâches diverses,2021-11-26,17:20:43,00:00:06
stefano.crapanzano@chu.ulg.ac.be,Nouvel onglet - Google Chrome,Tâches diverses,2021-11-26,13:23:57,00:00:06
stefano.crapanzano@chu.ulg.ac.be,Nouvel onglet - Google Chrome,Tâches diverses,2021-11-26,14:11:47,00:00:20
stefano.crapanzano@chu.ulg.ac.be,Nouvel onglet - Google Chrome,Tâches diverses,2021-11-26,14:14:37,00:00:08
stefano.crapanzano@chu.ulg.ac.be,Nouvel onglet - Google Chrome,Tâches diverses,2021-11-26,14:16:58,00:00:04
stefano.crapanzano@chu.ulg.ac.be,Nouvel onglet - Google Chrome,Tâches diverses,2021-11-26,14:24:14,00:00:06
stefano.crapanzano@chu.ulg.ac.be,Nouvel onglet - Google Chrome,Tâches diverses,2021-11-26,14:29:13,00:00:05
stefano.crapanzano@chu.ulg.ac.be,Nouvel onglet - Google Chrome,Tâches diverses,2021-11-26,14:44:39,00:00:05
stefano.crapanzano@chu.ulg.ac.be,Nouvel onglet - Google Chrome,Tâches diverses,2021-11-26,14:44:48,00:00:09
stefano.crapanzano@chu.ulg.ac.be,Nouvel onglet - Google Chrome,Tâches diverses,2021-11-26,15:12:34,00:00:04
stefano.crapanzano@chu.ulg.ac.be,Nouvel onglet - Google Chrome,Tâches diverses,2021-11-26,15:21:34,00:00:06
stefano.crapanzano@chu.ulg.ac.be,Nouvel onglet - Google Chrome,Tâches diverses,2021-11-26,15:27:53,00:00:32
stefano.crapanzano@chu.ulg.ac.be,Nouvel onglet - Google Chrome,Tâches diverses,2021-11-26,15:36:56,00:00:06
stefano.crapanzano@chu.ulg.ac.be,Nouvel onglet - Google Chrome,Tâches diverses,2021-11-26,15:40:11,00:00:05
stefano.crapanzano@chu.ulg.ac.be,Nouvel onglet - Google Chrome,Tâches diverses,2021-11-26,15:45:31,00:00:06
stefano.crapanzano@chu.ulg.ac.be,Nouvel onglet - Google Chrome,Tâches diverses,2021-11-26,15:47:01,00:00:05
stefano.crapanzano@chu.ulg.ac.be,Nouvel onglet - Google Chrome,Tâches diverses,2021-11-26,15:50:25,00:00:05
stefano.crapanzano@chu.ulg.ac.be,Nouvel onglet - Google Chrome,Tâches diverses,2021-11-26,15:57:54,00:00:05
stefano.crapanzano@chu.ulg.ac.be,Nouvel onglet - Google Chrome,Tâches diverses,2021-11-26,16:49:01,00:00:04
stefano.crapanzano@chu.ulg.ac.be,Identification - Google Chrome,Tâches diverses,2021-11-26,12:45:49,00:00:06
stefano.crapanzano@chu.ulg.ac.be,myCHU - Google Chrome,Tâches diverses,2021-11-26,12:45:57,00:00:33
stefano.crapanzano@chu.ulg.ac.be,myCHU - Google Chrome,Helpdesk général,2021-11-26,12:51:03,00:00:13
stefano.crapanzano@chu.ulg.ac.be,myCHU - Google Chrome,Tâches diverses,2021-11-26,12:53:07,00:00:06
stefano.crapanzano@chu.ulg.ac.be,myCHU - Google Chrome,Tâches diverses,2021-11-26,12:54:15,00:00:02
stefano.crapanzano@chu.ulg.ac.be,Courrier entrant - stefano.crapanzano@chuliege.be - Mozilla Thunderbird,Helpdesk général,2021-11-26,12:49:54,00:00:04
stefano.crapanzano@chu.ulg.ac.be,Courrier entrant - stefano.crapanzano@chuliege.be - Mozilla Thunderbird,Helpdesk général,2021-11-26,15:40:55,00:00:16
stefano.crapanzano@chu.ulg.ac.be,Courrier entrant - stefano.crapanzano@chuliege.be - Mozilla Thunderbird,Helpdesk général,2021-11-26,17:02:52,00:00:04
stefano.crapanzano@chu.ulg.ac.be,ORBi: Liste des publications - Google Chrome,Tâches diverses,2021-11-26,12:51:17,00:01:30
stefano.crapanzano@chu.ulg.ac.be,ORBi: Liste des publications - Google Chrome,Tâches diverses,2021-11-26,12:53:00,00:00:06
stefano.crapanzano@chu.ulg.ac.be,ORBi: Parcourir ORBi - Google Chrome,Tâches diverses,2021-11-26,12:52:48,00:00:12
stefano.crapanzano@chu.ulg.ac.be,How to do SELECT MAX in Django? - Stack Overflow - Google Chrome,Tâches diverses,2021-11-26,13:24:06,00:00:20
stefano.crapanzano@chu.ulg.ac.be,How to do SELECT MAX in Django? - Stack Overflow - Google Chrome,Tâches diverses,2021-11-26,13:35:53,00:00:08
stefano.crapanzano@chu.ulg.ac.be,Distribution des URL | Documentation de Django | Django - Google Chrome,Tâches diverses,2021-11-26,12:53:23,00:00:23
stefano.crapanzano@chu.ulg.ac.be,django - Reverse for 'edit' with no arguments not found. 1 pattern(s) tried: ['articles/edit/(?P<pk>[0-9]+)/$'] - Stack Overflow - Google Chrome,Tâches diverses,2021-11-26,12:54:11,00:00:04
stefano.crapanzano@chu.ulg.ac.be,Netop Invité,Helpdesk général,2021-11-26,13:04:49,00:00:02
stefano.crapanzano@chu.ulg.ac.be,Netop Invité,Helpdesk général,2021-11-26,13:05:21,00:00:19
stefano.crapanzano@chu.ulg.ac.be,Netop Invité,Helpdesk général,2021-11-26,13:15:49,00:00:04
stefano.crapanzano@chu.ulg.ac.be,Netop Invité,Helpdesk général,2021-11-26,16:35:01,00:00:04
stefano.crapanzano@chu.ulg.ac.be,Helpdesk ATI - Db Hardware Prod - Google Chrome,Tâches diverses,2021-11-26,13:04:28,00:00:20
stefano.crapanzano@chu.ulg.ac.be,Helpdesk ATI - Db Hardware Prod - Google Chrome,Helpdesk général,2021-11-26,13:08:45,00:00:02
stefano.crapanzano@chu.ulg.ac.be,Helpdesk ATI - Db Hardware Prod - Google Chrome,Tâches diverses,2021-11-26,13:15:53,00:00:23
stefano.crapanzano@chu.ulg.ac.be,Netop,Helpdesk général,2021-11-26,13:04:52,00:00:27
stefano.crapanzano@chu.ulg.ac.be,Rédaction : Re: Connexion SAP - Thunderbird,Helpdesk général,2021-11-26,13:06:36,00:00:08
stefano.crapanzano@chu.ulg.ac.be,Rédaction : Re: Connexion SAP - Thunderbird,Helpdesk général,2021-11-26,13:06:50,00:00:04
stefano.crapanzano@chu.ulg.ac.be,Propriétés des liens,Helpdesk général,2021-11-26,13:06:45,00:00:05
stefano.crapanzano@chu.ulg.ac.be,Programmation,IT,2021-11-26,13:09:27,00:00:28
stefano.crapanzano@chu.ulg.ac.be,Programmation,IT,2021-11-26,13:10:01,00:00:24
stefano.crapanzano@chu.ulg.ac.be,Programmation,IT,2021-11-26,13:16:39,00:01:30
stefano.crapanzano@chu.ulg.ac.be,Programmation,IT,2021-11-26,13:19:15,00:00:15
stefano.crapanzano@chu.ulg.ac.be,Programmation,IT,2021-11-26,13:20:02,00:01:21
stefano.crapanzano@chu.ulg.ac.be,Programmation,IT,2021-11-26,13:23:11,00:00:46
stefano.crapanzano@chu.ulg.ac.be,Programmation,IT,2021-11-26,13:24:28,00:00:42
stefano.crapanzano@chu.ulg.ac.be,Programmation,IT,2021-11-26,13:25:13,00:00:05
stefano.crapanzano@chu.ulg.ac.be,Programmation,IT,2021-11-26,13:25:22,00:00:25
stefano.crapanzano@chu.ulg.ac.be,Programmation,IT,2021-11-26,13:25:54,00:01:21
stefano.crapanzano@chu.ulg.ac.be,Programmation,IT,2021-11-26,13:27:39,00:00:53
stefano.crapanzano@chu.ulg.ac.be,Programmation,IT,2021-11-26,13:28:51,00:00:29
stefano.crapanzano@chu.ulg.ac.be,Programmation,IT,2021-11-26,13:29:28,00:01:05
stefano.crapanzano@chu.ulg.ac.be,Programmation,IT,2021-11-26,13:30:39,00:00:12
stefano.crapanzano@chu.ulg.ac.be,Programmation,IT,2021-11-26,13:30:53,00:00:10
stefano.crapanzano@chu.ulg.ac.be,Programmation,IT,2021-11-26,13:31:05,00:00:27
stefano.crapanzano@chu.ulg.ac.be,Programmation,IT,2021-11-26,13:31:47,00:00:58
stefano.crapanzano@chu.ulg.ac.be,Programmation,IT,2021-11-26,13:33:11,00:01:07
stefano.crapanzano@chu.ulg.ac.be,Programmation,IT,2021-11-26,13:35:32,00:00:21
stefano.crapanzano@chu.ulg.ac.be,Programmation,IT,2021-11-26,13:36:16,00:00:36
stefano.crapanzano@chu.ulg.ac.be,Programmation,IT,2021-11-26,13:37:20,00:00:43
stefano.crapanzano@chu.ulg.ac.be,Programmation,IT,2021-11-26,13:38:17,00:00:36
stefano.crapanzano@chu.ulg.ac.be,Programmation,IT,2021-11-26,13:39:28,00:01:02
stefano.crapanzano@chu.ulg.ac.be,Programmation,IT,2021-11-26,13:41:23,00:01:28
stefano.crapanzano@chu.ulg.ac.be,Programmation,IT,2021-11-26,13:43:05,00:00:03
stefano.crapanzano@chu.ulg.ac.be,Programmation,IT,2021-11-26,13:43:38,00:00:30
stefano.crapanzano@chu.ulg.ac.be,Programmation,IT,2021-11-26,13:47:14,00:00:11
stefano.crapanzano@chu.ulg.ac.be,Programmation,IT,2021-11-26,13:51:19,00:00:37
stefano.crapanzano@chu.ulg.ac.be,Programmation,IT,2021-11-26,13:52:16,00:00:12
stefano.crapanzano@chu.ulg.ac.be,Programmation,IT,2021-11-26,14:09:08,00:00:11
stefano.crapanzano@chu.ulg.ac.be,Programmation,IT,2021-11-26,14:11:37,00:00:10
stefano.crapanzano@chu.ulg.ac.be,Programmation,IT,2021-11-26,14:19:00,00:01:27
stefano.crapanzano@chu.ulg.ac.be,Programmation,IT,2021-11-26,14:22:40,00:00:51
stefano.crapanzano@chu.ulg.ac.be,Programmation,IT,2021-11-26,14:24:01,00:00:03
stefano.crapanzano@chu.ulg.ac.be,Programmation,IT,2021-11-26,14:26:22,00:00:49
stefano.crapanzano@chu.ulg.ac.be,Programmation,IT,2021-11-26,14:31:45,00:00:10
stefano.crapanzano@chu.ulg.ac.be,Programmation,IT,2021-11-26,14:33:43,00:01:02
stefano.crapanzano@chu.ulg.ac.be,Programmation,IT,2021-11-26,14:34:48,00:00:05
stefano.crapanzano@chu.ulg.ac.be,Programmation,IT,2021-11-26,14:36:09,00:00:34
stefano.crapanzano@chu.ulg.ac.be,Programmation,IT,2021-11-26,14:36:48,00:00:27
stefano.crapanzano@chu.ulg.ac.be,Programmation,IT,2021-11-26,14:37:21,00:00:02
stefano.crapanzano@chu.ulg.ac.be,Programmation,IT,2021-11-26,14:37:54,00:00:02
stefano.crapanzano@chu.ulg.ac.be,Programmation,IT,2021-11-26,14:37:57,00:00:06
stefano.crapanzano@chu.ulg.ac.be,Programmation,IT,2021-11-26,14:38:24,00:01:10
stefano.crapanzano@chu.ulg.ac.be,Programmation,IT,2021-11-26,14:44:16,00:00:22
stefano.crapanzano@chu.ulg.ac.be,Programmation,IT,2021-11-26,14:46:46,00:01:08
stefano.crapanzano@chu.ulg.ac.be,Programmation,IT,2021-11-26,14:48:00,00:00:05
stefano.crapanzano@chu.ulg.ac.be,Programmation,IT,2021-11-26,14:48:43,00:00:16
stefano.crapanzano@chu.ulg.ac.be,Programmation,IT,2021-11-26,14:50:35,00:00:42
stefano.crapanzano@chu.ulg.ac.be,Programmation,IT,2021-11-26,14:52:58,00:00:27
stefano.crapanzano@chu.ulg.ac.be,Programmation,IT,2021-11-26,14:54:53,00:01:19
stefano.crapanzano@chu.ulg.ac.be,Programmation,IT,2021-11-26,14:59:09,00:00:21
stefano.crapanzano@chu.ulg.ac.be,Programmation,IT,2021-11-26,15:01:23,00:00:17
stefano.crapanzano@chu.ulg.ac.be,Programmation,IT,2021-11-26,15:05:12,00:00:57
stefano.crapanzano@chu.ulg.ac.be,Programmation,IT,2021-11-26,15:06:26,00:00:07
stefano.crapanzano@chu.ulg.ac.be,Programmation,IT,2021-11-26,15:07:35,00:02:05
stefano.crapanzano@chu.ulg.ac.be,Programmation,IT,2021-11-26,15:10:09,00:01:09
stefano.crapanzano@chu.ulg.ac.be,Programmation,IT,2021-11-26,15:11:28,00:01:05
stefano.crapanzano@chu.ulg.ac.be,Programmation,IT,2021-11-26,15:12:46,00:00:41
stefano.crapanzano@chu.ulg.ac.be,Programmation,IT,2021-11-26,15:14:30,00:00:05
stefano.crapanzano@chu.ulg.ac.be,Programmation,IT,2021-11-26,15:16:22,00:01:55
stefano.crapanzano@chu.ulg.ac.be,Programmation,IT,2021-11-26,15:19:03,00:00:35
stefano.crapanzano@chu.ulg.ac.be,Programmation,IT,2021-11-26,15:20:49,00:00:13
stefano.crapanzano@chu.ulg.ac.be,Programmation,IT,2021-11-26,15:21:09,00:00:24
stefano.crapanzano@chu.ulg.ac.be,Programmation,IT,2021-11-26,15:22:03,00:00:02
stefano.crapanzano@chu.ulg.ac.be,Programmation,IT,2021-11-26,15:25:05,00:00:58
stefano.crapanzano@chu.ulg.ac.be,Programmation,IT,2021-11-26,15:26:10,00:00:06
stefano.crapanzano@chu.ulg.ac.be,Programmation,IT,2021-11-26,15:26:46,00:00:08
stefano.crapanzano@chu.ulg.ac.be,Programmation,IT,2021-11-26,15:30:08,00:00:18
stefano.crapanzano@chu.ulg.ac.be,Programmation,IT,2021-11-26,15:31:58,00:00:16
stefano.crapanzano@chu.ulg.ac.be,Programmation,IT,2021-11-26,15:32:58,00:01:59
stefano.crapanzano@chu.ulg.ac.be,Programmation,IT,2021-11-26,15:35:07,00:00:03
stefano.crapanzano@chu.ulg.ac.be,Programmation,IT,2021-11-26,15:35:14,00:00:58
stefano.crapanzano@chu.ulg.ac.be,Programmation,IT,2021-11-26,15:37:32,00:00:30
stefano.crapanzano@chu.ulg.ac.be,Programmation,IT,2021-11-26,15:38:10,00:00:13
stefano.crapanzano@chu.ulg.ac.be,Programmation,IT,2021-11-26,15:38:49,00:00:03
stefano.crapanzano@chu.ulg.ac.be,Programmation,IT,2021-11-26,15:39:07,00:00:06
stefano.crapanzano@chu.ulg.ac.be,Programmation,IT,2021-11-26,15:39:17,00:00:02
stefano.crapanzano@chu.ulg.ac.be,Programmation,IT,2021-11-26,15:39:33,00:00:11
stefano.crapanzano@chu.ulg.ac.be,Programmation,IT,2021-11-26,15:40:51,00:00:02
stefano.crapanzano@chu.ulg.ac.be,Programmation,IT,2021-11-26,15:41:13,00:00:02
stefano.crapanzano@chu.ulg.ac.be,Programmation,IT,2021-11-26,15:47:30,00:00:22
stefano.crapanzano@chu.ulg.ac.be,Programmation,IT,2021-11-26,15:48:16,00:00:05
stefano.crapanzano@chu.ulg.ac.be,Programmation,IT,2021-11-26,15:48:28,00:01:13
stefano.crapanzano@chu.ulg.ac.be,Programmation,IT,2021-11-26,15:50:07,00:00:03
stefano.crapanzano@chu.ulg.ac.be,Programmation,IT,2021-11-26,15:50:21,00:00:03
stefano.crapanzano@chu.ulg.ac.be,Programmation,IT,2021-11-26,15:51:41,00:00:11
stefano.crapanzano@chu.ulg.ac.be,Programmation,IT,2021-11-26,15:51:56,00:00:55
stefano.crapanzano@chu.ulg.ac.be,Programmation,IT,2021-11-26,15:52:57,00:00:08
stefano.crapanzano@chu.ulg.ac.be,Programmation,IT,2021-11-26,15:53:15,00:00:05
stefano.crapanzano@chu.ulg.ac.be,Programmation,IT,2021-11-26,15:53:33,00:00:06
stefano.crapanzano@chu.ulg.ac.be,Programmation,IT,2021-11-26,15:53:46,00:00:28
stefano.crapanzano@chu.ulg.ac.be,Programmation,IT,2021-11-26,15:54:29,00:00:03
stefano.crapanzano@chu.ulg.ac.be,Programmation,IT,2021-11-26,15:55:45,00:00:15
stefano.crapanzano@chu.ulg.ac.be,Programmation,IT,2021-11-26,15:56:10,00:00:08
stefano.crapanzano@chu.ulg.ac.be,Programmation,IT,2021-11-26,15:56:22,00:00:17
stefano.crapanzano@chu.ulg.ac.be,Programmation,IT,2021-11-26,15:56:41,00:00:06
stefano.crapanzano@chu.ulg.ac.be,Programmation,IT,2021-11-26,15:56:59,00:00:20
stefano.crapanzano@chu.ulg.ac.be,Programmation,IT,2021-11-26,15:57:30,00:00:21
stefano.crapanzano@chu.ulg.ac.be,Programmation,IT,2021-11-26,15:58:17,00:00:05
stefano.crapanzano@chu.ulg.ac.be,Programmation,IT,2021-11-26,15:58:27,00:00:16
stefano.crapanzano@chu.ulg.ac.be,Programmation,IT,2021-11-26,15:58:45,00:00:06
stefano.crapanzano@chu.ulg.ac.be,Programmation,IT,2021-11-26,16:00:01,00:00:05
stefano.crapanzano@chu.ulg.ac.be,Programmation,IT,2021-11-26,16:00:23,00:00:06
stefano.crapanzano@chu.ulg.ac.be,Programmation,IT,2021-11-26,16:00:45,00:00:06
stefano.crapanzano@chu.ulg.ac.be,Programmation,IT,2021-11-26,16:00:56,00:00:18
stefano.crapanzano@chu.ulg.ac.be,Programmation,IT,2021-11-26,16:01:21,00:00:22
stefano.crapanzano@chu.ulg.ac.be,Programmation,IT,2021-11-26,16:01:45,00:00:10
stefano.crapanzano@chu.ulg.ac.be,Programmation,IT,2021-11-26,16:02:11,00:00:08
stefano.crapanzano@chu.ulg.ac.be,Programmation,IT,2021-11-26,16:02:28,00:00:24
stefano.crapanzano@chu.ulg.ac.be,Programmation,IT,2021-11-26,16:03:12,00:00:03
stefano.crapanzano@chu.ulg.ac.be,Programmation,IT,2021-11-26,16:03:30,00:00:05
stefano.crapanzano@chu.ulg.ac.be,Programmation,IT,2021-11-26,16:03:45,00:00:10
stefano.crapanzano@chu.ulg.ac.be,Programmation,IT,2021-11-26,16:04:19,00:00:08
stefano.crapanzano@chu.ulg.ac.be,Programmation,IT,2021-11-26,16:04:56,00:01:20
stefano.crapanzano@chu.ulg.ac.be,Programmation,IT,2021-11-26,16:06:20,00:00:04
stefano.crapanzano@chu.ulg.ac.be,Programmation,IT,2021-11-26,16:07:15,00:00:50
stefano.crapanzano@chu.ulg.ac.be,Programmation,IT,2021-11-26,16:12:19,00:00:11
stefano.crapanzano@chu.ulg.ac.be,Programmation,IT,2021-11-26,16:13:42,00:00:16
stefano.crapanzano@chu.ulg.ac.be,Programmation,IT,2021-11-26,16:14:16,00:01:21
stefano.crapanzano@chu.ulg.ac.be,Programmation,IT,2021-11-26,16:15:40,00:00:08
stefano.crapanzano@chu.ulg.ac.be,Programmation,IT,2021-11-26,16:16:04,00:01:51
stefano.crapanzano@chu.ulg.ac.be,Programmation,IT,2021-11-26,16:18:02,00:00:12
stefano.crapanzano@chu.ulg.ac.be,Programmation,IT,2021-11-26,16:18:25,00:00:13
stefano.crapanzano@chu.ulg.ac.be,Programmation,IT,2021-11-26,16:22:21,00:00:05
stefano.crapanzano@chu.ulg.ac.be,Programmation,IT,2021-11-26,16:23:19,00:00:05
stefano.crapanzano@chu.ulg.ac.be,Programmation,IT,2021-11-26,16:23:39,00:00:32
stefano.crapanzano@chu.ulg.ac.be,Programmation,IT,2021-11-26,16:24:50,00:00:08
stefano.crapanzano@chu.ulg.ac.be,Programmation,IT,2021-11-26,16:25:10,00:00:19
stefano.crapanzano@chu.ulg.ac.be,Programmation,IT,2021-11-26,16:26:19,00:00:03
stefano.crapanzano@chu.ulg.ac.be,Programmation,IT,2021-11-26,16:27:44,00:00:25
stefano.crapanzano@chu.ulg.ac.be,Programmation,IT,2021-11-26,16:28:17,00:00:05
stefano.crapanzano@chu.ulg.ac.be,Programmation,IT,2021-11-26,16:28:58,00:00:02
stefano.crapanzano@chu.ulg.ac.be,Programmation,IT,2021-11-26,16:29:33,00:00:44
stefano.crapanzano@chu.ulg.ac.be,Programmation,IT,2021-11-26,16:30:31,00:00:08
stefano.crapanzano@chu.ulg.ac.be,Programmation,IT,2021-11-26,16:30:44,00:00:16
stefano.crapanzano@chu.ulg.ac.be,Programmation,IT,2021-11-26,16:31:06,00:00:23
stefano.crapanzano@chu.ulg.ac.be,Programmation,IT,2021-11-26,16:32:05,00:01:17
stefano.crapanzano@chu.ulg.ac.be,Programmation,IT,2021-11-26,16:33:30,00:00:05
stefano.crapanzano@chu.ulg.ac.be,Programmation,IT,2021-11-26,16:33:42,00:00:22
stefano.crapanzano@chu.ulg.ac.be,Programmation,IT,2021-11-26,16:35:58,00:00:49
stefano.crapanzano@chu.ulg.ac.be,Programmation,IT,2021-11-26,16:36:50,00:00:07
stefano.crapanzano@chu.ulg.ac.be,Programmation,IT,2021-11-26,16:37:26,00:00:56
stefano.crapanzano@chu.ulg.ac.be,Programmation,IT,2021-11-26,16:38:58,00:01:38
stefano.crapanzano@chu.ulg.ac.be,Programmation,IT,2021-11-26,16:40:54,00:00:45
stefano.crapanzano@chu.ulg.ac.be,Programmation,IT,2021-11-26,16:42:10,00:00:05
stefano.crapanzano@chu.ulg.ac.be,Programmation,IT,2021-11-26,16:42:28,00:00:59
stefano.crapanzano@chu.ulg.ac.be,Programmation,IT,2021-11-26,16:43:32,00:01:49
stefano.crapanzano@chu.ulg.ac.be,Programmation,IT,2021-11-26,16:45:30,00:00:30
stefano.crapanzano@chu.ulg.ac.be,Programmation,IT,2021-11-26,16:46:28,00:01:13
stefano.crapanzano@chu.ulg.ac.be,Programmation,IT,2021-11-26,16:48:08,00:00:19
stefano.crapanzano@chu.ulg.ac.be,Programmation,IT,2021-11-26,16:50:25,00:00:32
stefano.crapanzano@chu.ulg.ac.be,Programmation,IT,2021-11-26,16:51:01,00:00:02
stefano.crapanzano@chu.ulg.ac.be,Programmation,IT,2021-11-26,16:51:19,00:00:41
stefano.crapanzano@chu.ulg.ac.be,Programmation,IT,2021-11-26,16:58:06,00:01:00
stefano.crapanzano@chu.ulg.ac.be,Programmation,IT,2021-11-26,16:59:15,00:00:11
stefano.crapanzano@chu.ulg.ac.be,Programmation,IT,2021-11-26,17:00:49,00:00:05
stefano.crapanzano@chu.ulg.ac.be,Programmation,IT,2021-11-26,17:01:04,00:00:02
stefano.crapanzano@chu.ulg.ac.be,Programmation,IT,2021-11-26,17:01:46,00:00:15
stefano.crapanzano@chu.ulg.ac.be,Programmation,IT,2021-11-26,17:03:16,00:00:05
stefano.crapanzano@chu.ulg.ac.be,Programmation,IT,2021-11-26,17:04:28,00:00:07
stefano.crapanzano@chu.ulg.ac.be,Programmation,IT,2021-11-26,17:05:40,00:00:36
stefano.crapanzano@chu.ulg.ac.be,Programmation,IT,2021-11-26,17:06:30,00:00:11
stefano.crapanzano@chu.ulg.ac.be,Programmation,IT,2021-11-26,17:06:59,00:00:21
stefano.crapanzano@chu.ulg.ac.be,Programmation,IT,2021-11-26,17:07:35,00:00:32
stefano.crapanzano@chu.ulg.ac.be,Programmation,IT,2021-11-26,17:08:45,00:00:29
stefano.crapanzano@chu.ulg.ac.be,Programmation,IT,2021-11-26,17:09:17,00:01:19
stefano.crapanzano@chu.ulg.ac.be,Programmation,IT,2021-11-26,17:10:54,00:00:15
stefano.crapanzano@chu.ulg.ac.be,Programmation,IT,2021-11-26,17:11:13,00:00:29
stefano.crapanzano@chu.ulg.ac.be,Programmation,IT,2021-11-26,17:12:45,00:02:01
stefano.crapanzano@chu.ulg.ac.be,Programmation,IT,2021-11-26,17:15:55,00:00:31
stefano.crapanzano@chu.ulg.ac.be,Programmation,IT,2021-11-26,17:16:28,00:01:44
stefano.crapanzano@chu.ulg.ac.be,Programmation,IT,2021-11-26,17:18:14,00:00:31
stefano.crapanzano@chu.ulg.ac.be,Programmation,IT,2021-11-26,17:18:52,00:00:15
stefano.crapanzano@chu.ulg.ac.be,Programmation,IT,2021-11-26,17:19:17,00:00:36
stefano.crapanzano@chu.ulg.ac.be,Programmation,IT,2021-11-26,17:20:01,00:00:21
stefano.crapanzano@chu.ulg.ac.be,Rédaction : Re: Lenteur et déconnexion SAP - URGENT - matricule c052077 - Thunderbird,Helpdesk général,2021-11-26,13:15:20,00:00:28
stefano.crapanzano@chu.ulg.ac.be,Lecture documentation,Tâches diverses,2021-11-26,14:08:27,00:00:06
stefano.crapanzano@chu.ulg.ac.be,DBeaver 21.0.0 - <db_integration.sqlite3> Script-4,Tâches diverses,2021-11-26,14:28:53,00:00:06
stefano.crapanzano@chu.ulg.ac.be,TypeError at /stock/cached - Google Chrome,Tâches diverses,2021-11-26,13:28:38,00:00:13
stefano.crapanzano@chu.ulg.ac.be,TypeError at /stock/cached - Google Chrome,Tâches diverses,2021-11-26,13:29:21,00:00:02
stefano.crapanzano@chu.ulg.ac.be,AttributeError at /stock/cached - Google Chrome,Tâches diverses,2021-11-26,13:29:24,00:00:03
stefano.crapanzano@chu.ulg.ac.be,AttributeError at /stock/cached - Google Chrome,Tâches diverses,2021-11-26,13:30:33,00:00:05
stefano.crapanzano@chu.ulg.ac.be,AttributeError at /stock/cached - Google Chrome,Tâches diverses,2021-11-26,13:31:03,00:00:02
stefano.crapanzano@chu.ulg.ac.be,AttributeError at /stock/cached - Google Chrome,Tâches diverses,2021-11-26,13:31:33,00:00:05
stefano.crapanzano@chu.ulg.ac.be,django queryset filter - Recherche Google - Google Chrome,Tâches diverses,2021-11-26,13:36:01,00:00:05
stefano.crapanzano@chu.ulg.ac.be,django queryset filter - Recherche Google - Google Chrome,Tâches diverses,2021-11-26,13:36:52,00:00:04
stefano.crapanzano@chu.ulg.ac.be,Référence de l’API QuerySet | Documentation de Django | Django - Google Chrome,Tâches diverses,2021-11-26,13:36:06,00:00:09
stefano.crapanzano@chu.ulg.ac.be,django queryset filter again - Recherche Google - Google Chrome,Tâches diverses,2021-11-26,13:36:57,00:00:02
stefano.crapanzano@chu.ulg.ac.be,python - possible to filter the queryset after querying? django - Stack Overflow - Google Chrome,Tâches diverses,2021-11-26,13:36:59,00:00:20
stefano.crapanzano@chu.ulg.ac.be,python - Django error 'RawQuerySet' object has no attribute 'all' - Stack Overflow - Google Chrome,Tâches diverses,2021-11-26,13:43:12,00:00:26
stefano.crapanzano@chu.ulg.ac.be,Results for a | Friconix - Google Chrome,Tâches diverses,2021-11-26,14:02:56,00:00:02
stefano.crapanzano@chu.ulg.ac.be,Envoyés - erp.sai@chuliege.be - Mozilla Thunderbird,Helpdesk général,2021-11-26,14:08:17,00:00:04
stefano.crapanzano@chu.ulg.ac.be,on_delete=models.cascade doesn't delete related row - Recherche Google - Google Chrome,Tâches diverses,2021-11-26,14:12:07,00:00:04
stefano.crapanzano@chu.ulg.ac.be,on_delete=models.cascade doesn't delete related row - Recherche Google - Google Chrome,Tâches diverses,2021-11-26,14:13:25,00:00:11
stefano.crapanzano@chu.ulg.ac.be,on_delete=models.cascade doesn't delete related row - Recherche Google - Google Chrome,Tâches diverses,2021-11-26,14:13:45,00:00:19
stefano.crapanzano@chu.ulg.ac.be,Django cascade delete doesn't remove pk of referenced model instance - Stack Overflow - Google Chrome,Tâches diverses,2021-11-26,14:12:11,00:00:16
stefano.crapanzano@chu.ulg.ac.be,Django cascade delete doesn't remove pk of referenced model instance - Stack Overflow - Google Chrome,Tâches diverses,2021-11-26,14:13:02,00:00:22
stefano.crapanzano@chu.ulg.ac.be,What does on_delete do on Django models? | Newbedev - Google Chrome,Tâches diverses,2021-11-26,14:13:36,00:00:08
stefano.crapanzano@chu.ulg.ac.be,python - Django does not honor ON DELETE CASCADE - Stack Overflow - Google Chrome,Tâches diverses,2021-11-26,14:14:04,00:00:33
stefano.crapanzano@chu.ulg.ac.be,django delete object foreign key - Recherche Google - Google Chrome,Tâches diverses,2021-11-26,14:14:45,00:00:04
stefano.crapanzano@chu.ulg.ac.be,django delete object foreign key - Recherche Google - Google Chrome,Tâches diverses,2021-11-26,14:15:06,00:00:25
stefano.crapanzano@chu.ulg.ac.be,django delete object foreign key - Recherche Google - Google Chrome,Tâches diverses,2021-11-26,14:16:27,00:00:11
stefano.crapanzano@chu.ulg.ac.be,Django delete foreign object? - Stack Overflow - Google Chrome,Tâches diverses,2021-11-26,14:14:50,00:00:16
stefano.crapanzano@chu.ulg.ac.be,Référence des objets liés | Documentation de Django | Django - Google Chrome,Tâches diverses,2021-11-26,14:15:31,00:00:55
stefano.crapanzano@chu.ulg.ac.be,django on_delete=models.cascade not working - Recherche Google - Google Chrome,Tâches diverses,2021-11-26,14:16:38,00:00:02
stefano.crapanzano@chu.ulg.ac.be,django on_delete=models.cascade not working - Recherche Google - Google Chrome,Tâches diverses,2021-11-26,14:17:19,00:00:06
stefano.crapanzano@chu.ulg.ac.be,python - Django  on_delete=models.CASCADE  not working in 2.0? - Stack Overflow - Google Chrome,Tâches diverses,2021-11-26,14:16:40,00:00:09
stefano.crapanzano@chu.ulg.ac.be,python - Django  on_delete=models.CASCADE  not working in 2.0? - Stack Overflow - Google Chrome,Tâches diverses,2021-11-26,14:17:02,00:00:16
stefano.crapanzano@chu.ulg.ac.be,#29398 (Clarify that cascade deletion doesn't invoke .delete() on the cascaded objects) – Django - Google Chrome,Tâches diverses,2021-11-26,14:17:25,00:00:56
stefano.crapanzano@chu.ulg.ac.be,#29398 (Clarify that cascade deletion doesn't invoke .delete() on the cascaded objects) – Django - Google Chrome,Tâches diverses,2021-11-26,14:18:53,00:00:06
stefano.crapanzano@chu.ulg.ac.be,Model field reference | Django documentation | Django - Google Chrome,Tâches diverses,2021-11-26,14:18:22,00:00:31
stefano.crapanzano@chu.ulg.ac.be,data still there django rest framework - Recherche Google - Google Chrome,Tâches diverses,2021-11-26,14:24:21,00:00:10
stefano.crapanzano@chu.ulg.ac.be,data deleted still there django rest framework - Recherche Google - Google Chrome,Tâches diverses,2021-11-26,14:24:32,00:00:08
stefano.crapanzano@chu.ulg.ac.be,data deleted still there django rest framework - Recherche Google - Google Chrome,Tâches diverses,2021-11-26,14:24:47,00:00:06
stefano.crapanzano@chu.ulg.ac.be,data delete still there django rest framework - Recherche Google - Google Chrome,Tâches diverses,2021-11-26,14:24:54,00:00:12
stefano.crapanzano@chu.ulg.ac.be,data delete still there django rest framework - Recherche Google - Google Chrome,Tâches diverses,2021-11-26,14:25:14,00:00:13
stefano.crapanzano@chu.ulg.ac.be,django rest framework force update - Recherche Google - Google Chrome,Tâches diverses,2021-11-26,14:25:27,00:00:09
stefano.crapanzano@chu.ulg.ac.be,django rest framework force update - Recherche Google - Google Chrome,Tâches diverses,2021-11-26,14:25:47,00:00:04
stefano.crapanzano@chu.ulg.ac.be,django rest framework force update - Recherche Google - Google Chrome,Tâches diverses,2021-11-26,14:26:10,00:00:02
stefano.crapanzano@chu.ulg.ac.be,django rest framework force update - Recherche Google - Google Chrome,Tâches diverses,2021-11-26,14:27:17,00:00:09
stefano.crapanzano@chu.ulg.ac.be,python - django rest framework - always INSERTs  never UPDATES - Stack Overflow - Google Chrome,Tâches diverses,2021-11-26,14:25:37,00:00:09
stefano.crapanzano@chu.ulg.ac.be,Doodle | Déménagement des personnes SAI - Google Chrome,Tâches diverses,2021-11-26,14:26:04,00:00:05
stefano.crapanzano@chu.ulg.ac.be,datatable refresh table - Recherche Google - Google Chrome,Tâches diverses,2021-11-26,14:27:26,00:00:02
stefano.crapanzano@chu.ulg.ac.be,Reload/refresh table after event — DataTables forums - Google Chrome,Tâches diverses,2021-11-26,14:27:29,00:00:24
stefano.crapanzano@chu.ulg.ac.be,how to test drf api - Recherche Google - Google Chrome,Tâches diverses,2021-11-26,14:29:18,00:00:02
stefano.crapanzano@chu.ulg.ac.be,how to test drf api - Recherche Google - Google Chrome,Tâches diverses,2021-11-26,14:29:37,00:00:16
stefano.crapanzano@chu.ulg.ac.be,Testing - Django REST framework - Google Chrome,Tâches diverses,2021-11-26,14:29:21,00:00:16
stefano.crapanzano@chu.ulg.ac.be,tool to call rest drf api - Recherche Google - Google Chrome,Tâches diverses,2021-11-26,14:29:54,00:00:27
stefano.crapanzano@chu.ulg.ac.be,How to test Django REST API using postman? - Stack Overflow - Google Chrome,Tâches diverses,2021-11-26,14:30:23,00:00:09
stefano.crapanzano@chu.ulg.ac.be,How to test Django REST API using postman? - Stack Overflow - Google Chrome,Tâches diverses,2021-11-26,14:35:21,00:00:47
stefano.crapanzano@chu.ulg.ac.be,How to test Django REST API using postman? - Stack Overflow - Google Chrome,Tâches diverses,2021-11-26,14:40:47,00:00:12
stefano.crapanzano@chu.ulg.ac.be,127.0.0.1 - Google Chrome,Tâches diverses,2021-11-26,14:36:46,00:00:02
stefano.crapanzano@chu.ulg.ac.be,127.0.0.1 - Google Chrome,Tâches diverses,2021-11-26,14:37:16,00:00:04
stefano.crapanzano@chu.ulg.ac.be,127.0.0.1 - Google Chrome,Tâches diverses,2021-11-26,14:47:58,00:00:02
stefano.crapanzano@chu.ulg.ac.be,127.0.0.1 - Google Chrome,Tâches diverses,2021-11-26,14:48:06,00:00:04
stefano.crapanzano@chu.ulg.ac.be,127.0.0.1 - Google Chrome,Tâches diverses,2021-11-26,15:57:22,00:00:07
stefano.crapanzano@chu.ulg.ac.be,127.0.0.1 - Google Chrome,Tâches diverses,2021-11-26,15:58:23,00:00:03
stefano.crapanzano@chu.ulg.ac.be,127.0.0.1 - Google Chrome,Tâches diverses,2021-11-26,16:00:06,00:00:05
stefano.crapanzano@chu.ulg.ac.be,127.0.0.1 - Google Chrome,Tâches diverses,2021-11-26,16:00:30,00:00:04
stefano.crapanzano@chu.ulg.ac.be,127.0.0.1 - Google Chrome,Tâches diverses,2021-11-26,16:00:51,00:00:05
stefano.crapanzano@chu.ulg.ac.be,127.0.0.1 - Google Chrome,Tâches diverses,2021-11-26,16:01:15,00:00:05
stefano.crapanzano@chu.ulg.ac.be,127.0.0.1 - Google Chrome,Tâches diverses,2021-11-26,16:03:38,00:00:02
stefano.crapanzano@chu.ulg.ac.be,127.0.0.1 - Google Chrome,Tâches diverses,2021-11-26,16:03:55,00:00:06
stefano.crapanzano@chu.ulg.ac.be,127.0.0.1 - Google Chrome,Tâches diverses,2021-11-26,16:06:16,00:00:03
stefano.crapanzano@chu.ulg.ac.be,django force a page to hard refresh - Recherche Google - Google Chrome,Tâches diverses,2021-11-26,14:40:59,00:00:02
stefano.crapanzano@chu.ulg.ac.be,django force a page to hard refresh - Recherche Google - Google Chrome,Tâches diverses,2021-11-26,14:42:32,00:00:06
stefano.crapanzano@chu.ulg.ac.be,django force a page to hard refresh - Recherche Google - Google Chrome,Tâches diverses,2021-11-26,14:42:54,00:00:05
stefano.crapanzano@chu.ulg.ac.be,django force a page to hard refresh - Recherche Google - Google Chrome,Tâches diverses,2021-11-26,14:43:01,00:00:09
stefano.crapanzano@chu.ulg.ac.be,django force a page to hard refresh - Recherche Google - Google Chrome,Tâches diverses,2021-11-26,14:43:40,00:00:06
stefano.crapanzano@chu.ulg.ac.be,javascript - Force reload on client's webpage Django - Stack Overflow - Google Chrome,Tâches diverses,2021-11-26,14:41:02,00:00:35
stefano.crapanzano@chu.ulg.ac.be,javascript - Force reload on client's webpage Django - Stack Overflow - Google Chrome,Tâches diverses,2021-11-26,14:42:23,00:00:09
stefano.crapanzano@chu.ulg.ac.be,python - django: Force cache-refresh after update - Stack Overflow - Google Chrome,Tâches diverses,2021-11-26,14:42:39,00:00:15
stefano.crapanzano@chu.ulg.ac.be,L’infrastructure de cache dans Django | Documentation de Django | Django - Google Chrome,Tâches diverses,2021-11-26,14:43:11,00:00:29
stefano.crapanzano@chu.ulg.ac.be,django - Force page refresh - Stack Overflow - Google Chrome,Tâches diverses,2021-11-26,14:43:47,00:00:28
stefano.crapanzano@chu.ulg.ac.be,SAP GUI for Windows 760,Exploration SAP,2021-11-26,14:44:45,00:00:02
stefano.crapanzano@chu.ulg.ac.be,django rest framework queryset context_data - Recherche Google - Google Chrome,Tâches diverses,2021-11-26,14:44:57,00:00:02
stefano.crapanzano@chu.ulg.ac.be,django rest framework queryset context_data - Recherche Google - Google Chrome,Tâches diverses,2021-11-26,14:46:20,00:00:06
stefano.crapanzano@chu.ulg.ac.be,Pass request context to serializer from Viewset in Django Rest Framework - Stack Overflow - Google Chrome,Tâches diverses,2021-11-26,14:45:00,00:01:20
stefano.crapanzano@chu.ulg.ac.be,django rest framework queryset where to define - Recherche Google - Google Chrome,Tâches diverses,2021-11-26,14:46:27,00:00:02
stefano.crapanzano@chu.ulg.ac.be,Filtering - Django REST framework - Google Chrome,Tâches diverses,2021-11-26,14:46:30,00:00:15
stefano.crapanzano@chu.ulg.ac.be,django filter update - Recherche Google - Google Chrome,Tâches diverses,2021-11-26,15:12:38,00:00:04
stefano.crapanzano@chu.ulg.ac.be,sql - How to select a record and update it  with a single queryset in Django? - Stack Overflow - Google Chrome,Tâches diverses,2021-11-26,15:12:42,00:00:03
stefano.crapanzano@chu.ulg.ac.be,sql - How to select a record and update it  with a single queryset in Django? - Stack Overflow - Google Chrome,Tâches diverses,2021-11-26,15:13:32,00:00:04
stefano.crapanzano@chu.ulg.ac.be,sql - How to select a record and update it  with a single queryset in Django? - Stack Overflow - Google Chrome,Tâches diverses,2021-11-26,15:20:13,00:00:05
stefano.crapanzano@chu.ulg.ac.be,How can I change the default Django date template format? - Stack Overflow - Google Chrome,Tâches diverses,2021-11-26,15:20:20,00:00:05
stefano.crapanzano@chu.ulg.ac.be,Built-in template tags and filters | Django documentation | Django - Google Chrome,Tâches diverses,2021-11-26,15:20:26,00:00:17
stefano.crapanzano@chu.ulg.ac.be,datatable format date - Recherche Google - Google Chrome,Tâches diverses,2021-11-26,15:21:41,00:00:02
stefano.crapanzano@chu.ulg.ac.be,datatable format date - Recherche Google - Google Chrome,Tâches diverses,2021-11-26,15:23:02,00:00:04
stefano.crapanzano@chu.ulg.ac.be,How to format date in table cell — DataTables forums - Google Chrome,Tâches diverses,2021-11-26,15:21:44,00:00:12
stefano.crapanzano@chu.ulg.ac.be,How to format date in table cell — DataTables forums - Google Chrome,Tâches diverses,2021-11-26,15:22:05,00:00:56
stefano.crapanzano@chu.ulg.ac.be,How to format date in table cell — DataTables forums - Google Chrome,Tâches diverses,2021-11-26,15:23:31,00:00:38
stefano.crapanzano@chu.ulg.ac.be,datetime - Google Chrome,Tâches diverses,2021-11-26,15:23:06,00:00:24
stefano.crapanzano@chu.ulg.ac.be,django hour shown with 1 more hour - Recherche Google - Google Chrome,Tâches diverses,2021-11-26,15:28:26,00:00:02
stefano.crapanzano@chu.ulg.ac.be,django hour shown with 1 more hour - Recherche Google - Google Chrome,Tâches diverses,2021-11-26,15:29:05,00:00:02
stefano.crapanzano@chu.ulg.ac.be,python - models.DateTimeField() Time is always 1 hour less - Stack Overflow - Google Chrome,Tâches diverses,2021-11-26,15:28:29,00:00:35
stefano.crapanzano@chu.ulg.ac.be,django hour shown with 1 more hour template - Recherche Google - Google Chrome,Tâches diverses,2021-11-26,15:29:07,00:00:08
stefano.crapanzano@chu.ulg.ac.be,django hour shown with 1 more hour template - Recherche Google - Google Chrome,Tâches diverses,2021-11-26,15:29:33,00:00:04
stefano.crapanzano@chu.ulg.ac.be,django.contrib.humanize | Django documentation | Django - Google Chrome,Tâches diverses,2021-11-26,15:29:16,00:00:17
stefano.crapanzano@chu.ulg.ac.be,Fuseaux horaires | Documentation de Django | Django - Google Chrome,Tâches diverses,2021-11-26,15:29:38,00:00:15
stefano.crapanzano@chu.ulg.ac.be,Réglages | Documentation de Django | Django - Google Chrome,Tâches diverses,2021-11-26,15:29:53,00:00:15
stefano.crapanzano@chu.ulg.ac.be,Réglages | Documentation de Django | Django - Google Chrome,Tâches diverses,2021-11-26,15:30:26,00:00:31
stefano.crapanzano@chu.ulg.ac.be,Réglages | Documentation de Django | Django - Google Chrome,Tâches diverses,2021-11-26,15:31:24,00:00:02
stefano.crapanzano@chu.ulg.ac.be,Réglages | Documentation de Django | Django - Google Chrome,Tâches diverses,2021-11-26,15:31:53,00:00:05
stefano.crapanzano@chu.ulg.ac.be,Réglages | Documentation de Django | Django - Google Chrome,Tâches diverses,2021-11-26,15:32:17,00:00:20
stefano.crapanzano@chu.ulg.ac.be,Réglages | Documentation de Django | Django - Google Chrome,Tâches diverses,2021-11-26,15:32:53,00:00:05
stefano.crapanzano@chu.ulg.ac.be,List of tz database time zones - Wikipedia - Google Chrome,Tâches diverses,2021-11-26,15:30:58,00:00:26
stefano.crapanzano@chu.ulg.ac.be,List of tz database time zones - Wikipedia - Google Chrome,Tâches diverses,2021-11-26,15:31:27,00:00:26
stefano.crapanzano@chu.ulg.ac.be,django rest framework format date - Recherche Google - Google Chrome,Tâches diverses,2021-11-26,15:37:03,00:00:02
stefano.crapanzano@chu.ulg.ac.be,ios - Django rest framework datetime field format - Stack Overflow - Google Chrome,Tâches diverses,2021-11-26,15:37:06,00:00:24
stefano.crapanzano@chu.ulg.ac.be,ios - Django rest framework datetime field format - Stack Overflow - Google Chrome,Tâches diverses,2021-11-26,15:40:02,00:00:09
stefano.crapanzano@chu.ulg.ac.be,datetime format t - Recherche Google - Google Chrome,Tâches diverses,2021-11-26,15:40:17,00:00:02
stefano.crapanzano@chu.ulg.ac.be,datetime format t - Recherche Google - Google Chrome,Tâches diverses,2021-11-26,15:40:32,00:00:05
stefano.crapanzano@chu.ulg.ac.be,java - What is this date format? 2011-08-12T20:17:46.384Z - Stack Overflow - Google Chrome,Tâches diverses,2021-11-26,15:40:19,00:00:12
stefano.crapanzano@chu.ulg.ac.be,datetime format django - Recherche Google - Google Chrome,Tâches diverses,2021-11-26,15:40:37,00:00:02
stefano.crapanzano@chu.ulg.ac.be,How to format datetime objects in the view and template in Django | Our Code World - Google Chrome,Tâches diverses,2021-11-26,15:40:40,00:00:05
stefano.crapanzano@chu.ulg.ac.be,How to format datetime objects in the view and template in Django | Our Code World - Google Chrome,Tâches diverses,2021-11-26,15:40:47,00:00:03
stefano.crapanzano@chu.ulg.ac.be,How to format datetime objects in the view and template in Django | Our Code World - Google Chrome,Tâches diverses,2021-11-26,15:41:20,00:00:15
stefano.crapanzano@chu.ulg.ac.be,Microsoft Windows,Tâches diverses,2021-11-26,16:48:57,00:00:04
stefano.crapanzano@chu.ulg.ac.be,data format python - Recherche Google - Google Chrome,Tâches diverses,2021-11-26,15:42:30,00:00:13
stefano.crapanzano@chu.ulg.ac.be,datetime — Types de base pour la date et l'heure — Documentation Python 3.10.0 - Google Chrome,Tâches diverses,2021-11-26,15:41:36,00:00:53
stefano.crapanzano@chu.ulg.ac.be,date is not correct in template django - Recherche Google - Google Chrome,Tâches diverses,2021-11-26,15:42:44,00:00:05
stefano.crapanzano@chu.ulg.ac.be,date is not correct in template django - Recherche Google - Google Chrome,Tâches diverses,2021-11-26,15:42:59,00:00:24
stefano.crapanzano@chu.ulg.ac.be,django datetime filter not working in template - Stack Overflow - Google Chrome,Tâches diverses,2021-11-26,15:42:49,00:00:09
stefano.crapanzano@chu.ulg.ac.be,django rest framework serializer date format - Recherche Google - Google Chrome,Tâches diverses,2021-11-26,15:43:23,00:00:06
stefano.crapanzano@chu.ulg.ac.be,model - change Datetime format django rest framework - Stack Overflow - Google Chrome,Tâches diverses,2021-11-26,15:43:30,00:00:42
stefano.crapanzano@chu.ulg.ac.be,logo chu de liège - Recherche Google - Google Chrome,Tâches diverses,2021-11-26,15:45:38,00:00:02
stefano.crapanzano@chu.ulg.ac.be,logo chu de liège – Recherche Google - Google Chrome,Tâches diverses,2021-11-26,15:45:41,00:00:24
stefano.crapanzano@chu.ulg.ac.be,logo chu de liège – Recherche Google - Google Chrome,Tâches diverses,2021-11-26,15:54:45,00:00:02
stefano.crapanzano@chu.ulg.ac.be,Charte graphique - Google Chrome,Tâches diverses,2021-11-26,15:46:06,00:00:04
stefano.crapanzano@chu.ulg.ac.be,Charte graphique - Google Chrome,Tâches diverses,2021-11-26,15:46:18,00:00:02
stefano.crapanzano@chu.ulg.ac.be,Charte graphique - Google Chrome,Tâches diverses,2021-11-26,16:49:38,00:00:04
stefano.crapanzano@chu.ulg.ac.be,logo_chu-blanc-moyentransparant.png (1000×572) - Google Chrome,Tâches diverses,2021-11-26,15:46:10,00:00:08
stefano.crapanzano@chu.ulg.ac.be,logo_chu-blanc-moyen.png (1000×572) - Google Chrome,Tâches diverses,2021-11-26,15:46:21,00:00:06
stefano.crapanzano@chu.ulg.ac.be,logo_chu-blanc-moyen.png (1000×572) - Google Chrome,Tâches diverses,2021-11-26,15:46:58,00:00:02
stefano.crapanzano@chu.ulg.ac.be,logo_chu-blanc-moyen.png (1000×572) - Google Chrome,Tâches diverses,2021-11-26,15:48:10,00:00:05
stefano.crapanzano@chu.ulg.ac.be,Enregistrer sous,Tâches diverses,2021-11-26,15:46:28,00:00:30
stefano.crapanzano@chu.ulg.ac.be,Enregistrer sous,Tâches diverses,2021-11-26,15:47:57,00:00:13
stefano.crapanzano@chu.ulg.ac.be,Gestion des fichiers statiques (par ex. images  JavaScript  CSS) | Documentation de Django | Django - Google Chrome,Tâches diverses,2021-11-26,15:47:08,00:00:09
stefano.crapanzano@chu.ulg.ac.be,Gestion des fichiers statiques (par ex. images  JavaScript  CSS) | Documentation de Django | Django - Google Chrome,Tâches diverses,2021-11-26,15:47:19,00:00:08
stefano.crapanzano@chu.ulg.ac.be,Gestion des fichiers statiques (par ex. images  JavaScript  CSS) | Documentation de Django | Django - Google Chrome,Tâches diverses,2021-11-26,15:48:21,00:00:05
stefano.crapanzano@chu.ulg.ac.be,django static files for all apps - Recherche Google - Google Chrome,Tâches diverses,2021-11-26,15:51:16,00:00:05
stefano.crapanzano@chu.ulg.ac.be,django static files for all apps - Recherche Google - Google Chrome,Tâches diverses,2021-11-26,15:55:02,00:00:04
stefano.crapanzano@chu.ulg.ac.be,django static files for all apps - Recherche Google - Google Chrome,Tâches diverses,2021-11-26,15:55:13,00:00:19
stefano.crapanzano@chu.ulg.ac.be,Managing static files for multiple apps in Django - Stack Overflow - Google Chrome,Tâches diverses,2021-11-26,15:50:32,00:00:43
stefano.crapanzano@chu.ulg.ac.be,Django Static Files and Templates | LearnDjango.com - Google Chrome,Tâches diverses,2021-11-26,15:51:21,00:00:20
stefano.crapanzano@chu.ulg.ac.be,Django Static Files and Templates | LearnDjango.com - Google Chrome,Tâches diverses,2021-11-26,15:51:53,00:00:03
stefano.crapanzano@chu.ulg.ac.be,Django Static Files and Templates | LearnDjango.com - Google Chrome,Tâches diverses,2021-11-26,15:54:15,00:00:12
stefano.crapanzano@chu.ulg.ac.be,Django Static Files and Templates | LearnDjango.com - Google Chrome,Tâches diverses,2021-11-26,15:54:33,00:00:02
stefano.crapanzano@chu.ulg.ac.be,Django Static Files and Templates | LearnDjango.com - Google Chrome,Tâches diverses,2021-11-26,15:54:49,00:00:13
stefano.crapanzano@chu.ulg.ac.be,django static files for all apps Code Example - Google Chrome,Tâches diverses,2021-11-26,15:55:06,00:00:06
stefano.crapanzano@chu.ulg.ac.be,django share static files for all apps - Recherche Google - Google Chrome,Tâches diverses,2021-11-26,15:55:32,00:00:02
stefano.crapanzano@chu.ulg.ac.be,Use the same static file into multiple apps in Django - Stack Overflow - Google Chrome,Tâches diverses,2021-11-26,15:55:35,00:00:08
stefano.crapanzano@chu.ulg.ac.be,Settings | Django documentation | Django - Google Chrome,Tâches diverses,2021-11-26,15:56:00,00:00:10
stefano.crapanzano@chu.ulg.ac.be,Settings | Django documentation | Django - Google Chrome,Tâches diverses,2021-11-26,15:56:19,00:00:02
stefano.crapanzano@chu.ulg.ac.be,static_filesdir - Recherche Google - Google Chrome,Tâches diverses,2021-11-26,16:02:55,00:00:05
stefano.crapanzano@chu.ulg.ac.be,static files dir - Recherche Google - Google Chrome,Tâches diverses,2021-11-26,15:59:04,00:00:06
stefano.crapanzano@chu.ulg.ac.be,Managing static files (e.g. images  JavaScript  CSS) | Django documentation | Django - Google Chrome,Tâches diverses,2021-11-26,15:58:02,00:00:14
stefano.crapanzano@chu.ulg.ac.be,Managing static files (e.g. images  JavaScript  CSS) | Django documentation | Django - Google Chrome,Tâches diverses,2021-11-26,15:58:53,00:00:10
stefano.crapanzano@chu.ulg.ac.be,python - Differences between STATICFILES_DIR  STATIC_ROOT and MEDIA_ROOT - Stack Overflow - Google Chrome,Tâches diverses,2021-11-26,15:59:11,00:00:50
stefano.crapanzano@chu.ulg.ac.be,python - Differences between STATICFILES_DIR  STATIC_ROOT and MEDIA_ROOT - Stack Overflow - Google Chrome,Tâches diverses,2021-11-26,16:00:11,00:00:11
stefano.crapanzano@chu.ulg.ac.be,python - Differences between STATICFILES_DIR  STATIC_ROOT and MEDIA_ROOT - Stack Overflow - Google Chrome,Tâches diverses,2021-11-26,16:00:34,00:00:10
stefano.crapanzano@chu.ulg.ac.be,Working with Django Templates &amp; Static Files | DigitalOcean - Google Chrome,Tâches diverses,2021-11-26,16:03:01,00:00:10
stefano.crapanzano@chu.ulg.ac.be,Working with Django Templates &amp; Static Files | DigitalOcean - Google Chrome,Tâches diverses,2021-11-26,16:03:15,00:00:14
stefano.crapanzano@chu.ulg.ac.be,Working with Django Templates &amp; Static Files | DigitalOcean - Google Chrome,Tâches diverses,2021-11-26,16:03:41,00:00:03
stefano.crapanzano@chu.ulg.ac.be,Working with Django Templates &amp; Static Files | DigitalOcean - Google Chrome,Tâches diverses,2021-11-26,16:04:02,00:00:17
stefano.crapanzano@chu.ulg.ac.be,django - Collecting staticfiles throws ImproperlyConfigured - Stack Overflow - Google Chrome,Tâches diverses,2021-11-26,16:04:32,00:00:24
stefano.crapanzano@chu.ulg.ac.be,gimp - Recherche Google - Google Chrome,Tâches diverses,2021-11-26,16:11:50,00:00:02
stefano.crapanzano@chu.ulg.ac.be,GIMP - Downloads - Google Chrome,Tâches diverses,2021-11-26,16:11:53,00:00:04
stefano.crapanzano@chu.ulg.ac.be,GIMP - 💘 Thank you for your support! 💌 - Google Chrome,Tâches diverses,2021-11-26,16:11:58,00:00:02
stefano.crapanzano@chu.ulg.ac.be,FieldError at /validation/ - Google Chrome,Tâches diverses,2021-11-26,16:25:47,00:00:08
stefano.crapanzano@chu.ulg.ac.be,FieldError at /validation/ - Google Chrome,Tâches diverses,2021-11-26,16:33:22,00:00:07
stefano.crapanzano@chu.ulg.ac.be,FieldError at /validation/ - Google Chrome,Tâches diverses,2021-11-26,16:33:35,00:00:06
stefano.crapanzano@chu.ulg.ac.be,Connexion à l'aide de l'authentification Windows,Helpdesk général,2021-11-26,16:35:05,00:00:02
stefano.crapanzano@chu.ulg.ac.be,erpftp - Netop Remote Control,Helpdesk général,2021-11-26,16:35:09,00:00:36
stefano.crapanzano@chu.ulg.ac.be,erpftp - Netop Remote Control,Tâches diverses,2021-11-26,16:38:39,00:00:17
stefano.crapanzano@chu.ulg.ac.be,Services,IT,2021-11-26,16:40:42,00:00:08
stefano.crapanzano@chu.ulg.ac.be,SAP Logon 760,Exploration SAP,2021-11-26,16:41:45,00:00:02
stefano.crapanzano@chu.ulg.ac.be,SAP Logon 760,Exploration SAP,2021-11-26,16:57:23,00:00:02
stefano.crapanzano@chu.ulg.ac.be,SAP Logon 760,Exploration SAP,2021-11-26,17:20:32,00:00:10
stefano.crapanzano@chu.ulg.ac.be,SAP,Exploration SAP,2021-11-26,16:41:59,00:00:11
stefano.crapanzano@chu.ulg.ac.be,SAP,Exploration SAP,2021-11-26,16:46:05,00:00:02
stefano.crapanzano@chu.ulg.ac.be,SAP,Tâches diverses,2021-11-26,16:53:09,00:00:02
stefano.crapanzano@chu.ulg.ac.be,SAP,Exploration SAP,2021-11-26,17:01:00,00:00:02
stefano.crapanzano@chu.ulg.ac.be,SAP,Exploration SAP,2021-11-26,17:01:06,00:00:02
stefano.crapanzano@chu.ulg.ac.be,Information,Exploration SAP,2021-11-26,16:42:16,00:00:02
stefano.crapanzano@chu.ulg.ac.be,Information,Exploration SAP,2021-11-26,17:01:29,00:00:04
stefano.crapanzano@chu.ulg.ac.be,SAP Easy Access Menu de base Applications financières-économiques,Exploration SAP,2021-11-26,16:42:19,00:00:09
stefano.crapanzano@chu.ulg.ac.be,SAP Easy Access Menu de base Applications financières-économiques,Exploration SAP,2021-11-26,16:57:26,00:00:13
stefano.crapanzano@chu.ulg.ac.be,SAP Easy Access Menu de base Applications financières-économiques,Exploration SAP,2021-11-26,17:00:23,00:00:02
stefano.crapanzano@chu.ulg.ac.be,SAP Easy Access Menu de base Applications financières-économiques,Exploration SAP,2021-11-26,17:01:09,00:00:10
stefano.crapanzano@chu.ulg.ac.be,SAP Easy Access Menu de base Applications financières-économiques,Exploration SAP,2021-11-26,17:19:13,00:00:04
stefano.crapanzano@chu.ulg.ac.be,Fin de session,Exploration SAP,2021-11-26,16:43:28,00:00:03
stefano.crapanzano@chu.ulg.ac.be,Fin de session,Exploration SAP,2021-11-26,16:48:02,00:00:02
stefano.crapanzano@chu.ulg.ac.be,Exporter/importer Lien entre article-centre de coûts et quantité,Exploration SAP,2021-11-26,16:46:11,00:00:04
stefano.crapanzano@chu.ulg.ac.be,Exporter/importer Lien entre article-centre de coûts et quantité,Exploration SAP,2021-11-26,16:47:52,00:00:02
stefano.crapanzano@chu.ulg.ac.be,Exporter/importer Lien entre article-centre de coûts et quantité,Exploration SAP,2021-11-26,16:47:59,00:00:02
stefano.crapanzano@chu.ulg.ac.be,Exporter/importer Lien entre article-centre de coûts et quantité,Exploration SAP,2021-11-26,16:48:39,00:00:03
stefano.crapanzano@chu.ulg.ac.be,Exporter/importer Lien entre article-centre de coûts et quantité,Exploration SAP,2021-11-26,16:51:12,00:00:02
stefano.crapanzano@chu.ulg.ac.be,Exporter/importer Lien entre article-centre de coûts et quantité,Exploration SAP,2021-11-26,16:57:40,00:00:02
stefano.crapanzano@chu.ulg.ac.be,Exporter/importer Lien entre article-centre de coûts et quantité,Exploration SAP,2021-11-26,16:57:45,00:00:08
stefano.crapanzano@chu.ulg.ac.be,Exporter/importer Lien entre article-centre de coûts et quantité,Exploration SAP,2021-11-26,16:59:57,00:00:08
stefano.crapanzano@chu.ulg.ac.be,Exporter/importer Lien entre article-centre de coûts et quantité,Exploration SAP,2021-11-26,17:00:08,00:00:08
stefano.crapanzano@chu.ulg.ac.be,Exporter/importer Lien entre article-centre de coûts et quantité,Exploration SAP,2021-11-26,17:00:17,00:00:05
stefano.crapanzano@chu.ulg.ac.be,Exporter/importer Lien entre article-centre de coûts et quantité,Exploration SAP,2021-11-26,17:01:20,00:00:09
stefano.crapanzano@chu.ulg.ac.be,Exporter/importer Lien entre article-centre de coûts et quantité,Exploration SAP,2021-11-26,17:01:33,00:00:12
stefano.crapanzano@chu.ulg.ac.be,Exporter/importer Lien entre article-centre de coûts et quantité,Exploration SAP,2021-11-26,17:02:01,00:00:08
stefano.crapanzano@chu.ulg.ac.be,Exporter/importer Lien entre article-centre de coûts et quantité,Exploration SAP,2021-11-26,17:04:20,00:00:08
stefano.crapanzano@chu.ulg.ac.be,Exporter/importer Lien entre article-centre de coûts et quantité,Exploration SAP,2021-11-26,17:04:36,00:00:15
stefano.crapanzano@chu.ulg.ac.be,Exporter/importer Lien entre article-centre de coûts et quantité,Exploration SAP,2021-11-26,17:04:57,00:00:13
stefano.crapanzano@chu.ulg.ac.be,Exporter/importer Lien entre article-centre de coûts et quantité,Exploration SAP,2021-11-26,17:05:12,00:00:02
stefano.crapanzano@chu.ulg.ac.be,Exporter/importer Lien entre article-centre de coûts et quantité,Exploration SAP,2021-11-26,17:18:46,00:00:06
stefano.crapanzano@chu.ulg.ac.be,Site d’administration | Site d’administration de Django - Google Chrome,Tâches diverses,2021-11-26,16:49:05,00:00:04
stefano.crapanzano@chu.ulg.ac.be,Sélectionnez l’objet task validation article from sap à changer | Site d’administration de Django - Google Chrome,Tâches diverses,2021-11-26,16:49:11,00:00:02
stefano.crapanzano@chu.ulg.ac.be,2bead066-3c5b-40dc-bc1d-e3c3d410d356 | Modification de task validation article from sap | Site d’administration de Django - Google Chrome,Tâches diverses,2021-11-26,16:49:13,00:00:17
stefano.crapanzano@chu.ulg.ac.be,logo_chu-noir-moyen.png (1000×572) - Google Chrome,Tâches diverses,2021-11-26,16:49:42,00:00:02
stefano.crapanzano@chu.ulg.ac.be,Sauveg. liste ds fichier.,Exploration SAP,2021-11-26,17:04:51,00:00:05
stefano.crapanzano@chu.ulg.ac.be,Sélection du calcul avec tableur,Exploration SAP,2021-11-26,17:02:09,00:00:41
stefano.crapanzano@chu.ulg.ac.be,Sélection du calcul avec tableur,Exploration SAP,2021-11-26,17:03:23,00:00:05
stefano.crapanzano@chu.ulg.ac.be,Sélection du calcul avec tableur,Exploration SAP,2021-11-26,17:03:32,00:00:24
stefano.crapanzano@chu.ulg.ac.be,C:\temp\rapport_stock_article_2021_11_26_11_43_13_600128.txt - Notepad++ [Administrator],Exploration SAP,2021-11-26,17:03:11,00:00:03
stefano.crapanzano@chu.ulg.ac.be,python - class 'pywintypes.com_error' for running a SAP transaction - Stack Overflow - Google Chrome,Tâches diverses,2021-11-26,17:10:39,00:00:13
stefano.crapanzano@chu.ulg.ac.be,python - class 'pywintypes.com_error' for running a SAP transaction - Stack Overflow - Google Chrome,Tâches diverses,2021-11-26,17:14:59,00:00:42
stefano.crapanzano@chu.ulg.ac.be,com_error(-2147418113  'Défaillance irrémédiable'  None  None) - Recherche Google - Google Chrome,Tâches diverses,2021-11-26,17:11:44,00:00:04
stefano.crapanzano@chu.ulg.ac.be,com_error(-2147418113  'Défaillance irrémédiable'  None  None) - Recherche Google - Google Chrome,Tâches diverses,2021-11-26,17:14:52,00:00:05
stefano.crapanzano@chu.ulg.ac.be,Erreur Système &H8000FFFF (-2147418113). - Communauté Microsoft - Google Chrome,Tâches diverses,2021-11-26,17:11:49,00:00:16
stefano.crapanzano@chu.ulg.ac.be,Erreur Système &H8000FFFF (-2147418113). - Communauté Microsoft - Google Chrome,Tâches diverses,2021-11-26,17:12:26,00:00:19
stefano.crapanzano@chu.ulg.ac.be,erreur &H8000FFFF 2147418113 - Communauté Microsoft - Google Chrome,Tâches diverses,2021-11-26,17:12:06,00:00:20
stefano.crapanzano@chu.ulg.ac.be,How to use SAP GUI Scripting inside Python Programming Language | SAP Blogs - Google Chrome,Tâches diverses,2021-11-26,17:15:41,00:00:13
