Email,Description,Project,Start date,Start time,Duration
stefano.crapanzano@chu.ulg.ac.be,Administrateur : C:\Windows\system32\cmd.exe - python  main.py,IT,2021-11-24,08:28:29,00:00:02
stefano.crapanzano@chu.ulg.ac.be,Navigation système de fichier,IT,2021-11-24,09:05:39,00:00:31
stefano.crapanzano@chu.ulg.ac.be,Navigation système de fichier,IT,2021-11-24,09:10:01,00:00:02
stefano.crapanzano@chu.ulg.ac.be,Navigation système de fichier,IT,2021-11-24,10:23:58,00:00:02
stefano.crapanzano@chu.ulg.ac.be,Navigation système de fichier,IT,2021-11-24,10:56:39,00:00:02
stefano.crapanzano@chu.ulg.ac.be,Navigation système de fichier,IT,2021-11-24,11:31:09,00:00:02
stefano.crapanzano@chu.ulg.ac.be,Navigation système de fichier,IT,2021-11-24,11:38:25,00:00:02
stefano.crapanzano@chu.ulg.ac.be,Navigation système de fichier,IT,2021-11-24,13:05:36,00:00:02
stefano.crapanzano@chu.ulg.ac.be,Navigation système de fichier,IT,2021-11-24,13:56:09,00:00:02
stefano.crapanzano@chu.ulg.ac.be,Navigation système de fichier,IT,2021-11-24,14:12:14,00:00:03
stefano.crapanzano@chu.ulg.ac.be,Navigation système de fichier,IT,2021-11-24,14:14:54,00:00:17
stefano.crapanzano@chu.ulg.ac.be,Navigation système de fichier,IT,2021-11-24,14:15:27,00:00:05
stefano.crapanzano@chu.ulg.ac.be,Navigation système de fichier,IT,2021-11-24,14:21:39,00:00:02
stefano.crapanzano@chu.ulg.ac.be,Navigation système de fichier,IT,2021-11-24,14:22:02,00:00:03
stefano.crapanzano@chu.ulg.ac.be,Navigation système de fichier,IT,2021-11-24,14:25:58,00:00:02
stefano.crapanzano@chu.ulg.ac.be,Navigation système de fichier,IT,2021-11-24,14:42:25,00:00:03
stefano.crapanzano@chu.ulg.ac.be,Navigation système de fichier,IT,2021-11-24,14:45:24,00:00:02
stefano.crapanzano@chu.ulg.ac.be,Navigation système de fichier,IT,2021-11-24,14:51:16,00:00:04
stefano.crapanzano@chu.ulg.ac.be,Navigation système de fichier,IT,2021-11-24,14:53:24,00:00:02
stefano.crapanzano@chu.ulg.ac.be,Navigation système de fichier,IT,2021-11-24,15:09:42,00:00:03
stefano.crapanzano@chu.ulg.ac.be,Navigation système de fichier,IT,2021-11-24,15:11:57,00:00:02
stefano.crapanzano@chu.ulg.ac.be,Navigation système de fichier,IT,2021-11-24,15:42:27,00:00:03
stefano.crapanzano@chu.ulg.ac.be,Navigation système de fichier,IT,2021-11-24,15:56:59,00:00:02
stefano.crapanzano@chu.ulg.ac.be,Navigation système de fichier,IT,2021-11-24,15:57:30,00:00:05
stefano.crapanzano@chu.ulg.ac.be,Navigation système de fichier,IT,2021-11-24,16:28:19,00:00:21
stefano.crapanzano@chu.ulg.ac.be,Navigation système de fichier,IT,2021-11-24,16:31:30,00:00:07
stefano.crapanzano@chu.ulg.ac.be,Navigation système de fichier,IT,2021-11-24,16:34:40,00:00:19
stefano.crapanzano@chu.ulg.ac.be,Navigation système de fichier,IT,2021-11-24,16:38:20,00:00:13
stefano.crapanzano@chu.ulg.ac.be,Navigation système de fichier,IT,2021-11-24,16:38:37,00:00:10
stefano.crapanzano@chu.ulg.ac.be,Navigation système de fichier,IT,2021-11-24,16:43:16,00:00:16
stefano.crapanzano@chu.ulg.ac.be,Navigation système de fichier,IT,2021-11-24,16:43:58,00:00:03
stefano.crapanzano@chu.ulg.ac.be,Navigation système de fichier,IT,2021-11-24,16:48:29,00:00:02
stefano.crapanzano@chu.ulg.ac.be,Navigation système de fichier,IT,2021-11-24,16:50:12,00:00:04
stefano.crapanzano@chu.ulg.ac.be,Navigation système de fichier,IT,2021-11-24,16:53:32,00:00:04
stefano.crapanzano@chu.ulg.ac.be,Navigation système de fichier,IT,2021-11-24,16:54:34,00:00:02
stefano.crapanzano@chu.ulg.ac.be,Navigation système de fichier,IT,2021-11-24,16:58:09,00:00:02
stefano.crapanzano@chu.ulg.ac.be,Navigation système de fichier,IT,2021-11-24,17:08:32,00:00:06
stefano.crapanzano@chu.ulg.ac.be,Navigation système de fichier,IT,2021-11-24,17:17:00,00:00:02
stefano.crapanzano@chu.ulg.ac.be,Navigation système de fichier,IT,2021-11-24,17:18:41,00:00:02
stefano.crapanzano@chu.ulg.ac.be,Navigation système de fichier,IT,2021-11-24,17:23:38,00:00:02
stefano.crapanzano@chu.ulg.ac.be,Navigation système de fichier,IT,2021-11-24,17:27:38,00:00:02
stefano.crapanzano@chu.ulg.ac.be,Navigation système de fichier,IT,2021-11-24,17:28:55,00:00:02
stefano.crapanzano@chu.ulg.ac.be,Navigation système de fichier,IT,2021-11-24,17:31:47,00:00:05
stefano.crapanzano@chu.ulg.ac.be,Courrier entrant - erp.sai@chuliege.be - Mozilla Thunderbird,Helpdesk général,2021-11-24,08:28:32,00:00:12
stefano.crapanzano@chu.ulg.ac.be,Courrier entrant - erp.sai@chuliege.be - Mozilla Thunderbird,Helpdesk général,2021-11-24,08:35:16,00:29:22
stefano.crapanzano@chu.ulg.ac.be,Courrier entrant - erp.sai@chuliege.be - Mozilla Thunderbird,Helpdesk général,2021-11-24,09:04:43,00:00:13
stefano.crapanzano@chu.ulg.ac.be,Courrier entrant - erp.sai@chuliege.be - Mozilla Thunderbird,Helpdesk général,2021-11-24,09:05:04,00:00:04
stefano.crapanzano@chu.ulg.ac.be,Courrier entrant - erp.sai@chuliege.be - Mozilla Thunderbird,Helpdesk général,2021-11-24,09:05:14,00:00:08
stefano.crapanzano@chu.ulg.ac.be,Courrier entrant - erp.sai@chuliege.be - Mozilla Thunderbird,Helpdesk général,2021-11-24,09:06:18,00:00:20
stefano.crapanzano@chu.ulg.ac.be,Courrier entrant - erp.sai@chuliege.be - Mozilla Thunderbird,Helpdesk général,2021-11-24,09:10:04,00:01:38
stefano.crapanzano@chu.ulg.ac.be,Courrier entrant - erp.sai@chuliege.be - Mozilla Thunderbird,Helpdesk général,2021-11-24,09:12:50,00:00:04
stefano.crapanzano@chu.ulg.ac.be,Courrier entrant - erp.sai@chuliege.be - Mozilla Thunderbird,Helpdesk général,2021-11-24,09:13:16,00:40:17
stefano.crapanzano@chu.ulg.ac.be,Courrier entrant - erp.sai@chuliege.be - Mozilla Thunderbird,Helpdesk général,2021-11-24,10:24:00,00:00:04
stefano.crapanzano@chu.ulg.ac.be,Courrier entrant - erp.sai@chuliege.be - Mozilla Thunderbird,Helpdesk général,2021-11-24,10:24:14,00:00:02
stefano.crapanzano@chu.ulg.ac.be,Courrier entrant - erp.sai@chuliege.be - Mozilla Thunderbird,Helpdesk général,2021-11-24,10:27:25,00:00:06
stefano.crapanzano@chu.ulg.ac.be,Courrier entrant - erp.sai@chuliege.be - Mozilla Thunderbird,Helpdesk général,2021-11-24,10:40:42,00:00:04
stefano.crapanzano@chu.ulg.ac.be,Courrier entrant - erp.sai@chuliege.be - Mozilla Thunderbird,Helpdesk général,2021-11-24,10:40:49,00:14:59
stefano.crapanzano@chu.ulg.ac.be,Courrier entrant - erp.sai@chuliege.be - Mozilla Thunderbird,Helpdesk général,2021-11-24,11:31:14,00:02:12
stefano.crapanzano@chu.ulg.ac.be,Courrier entrant - erp.sai@chuliege.be - Mozilla Thunderbird,Helpdesk général,2021-11-24,11:36:59,00:00:10
stefano.crapanzano@chu.ulg.ac.be,Courrier entrant - erp.sai@chuliege.be - Mozilla Thunderbird,Helpdesk général,2021-11-24,11:37:15,00:00:09
stefano.crapanzano@chu.ulg.ac.be,Courrier entrant - erp.sai@chuliege.be - Mozilla Thunderbird,Helpdesk général,2021-11-24,11:38:49,00:02:56
stefano.crapanzano@chu.ulg.ac.be,Courrier entrant - erp.sai@chuliege.be - Mozilla Thunderbird,Helpdesk général,2021-11-24,12:14:54,00:00:04
stefano.crapanzano@chu.ulg.ac.be,Courrier entrant - erp.sai@chuliege.be - Mozilla Thunderbird,Helpdesk général,2021-11-24,12:20:45,00:00:02
stefano.crapanzano@chu.ulg.ac.be,Courrier entrant - erp.sai@chuliege.be - Mozilla Thunderbird,Helpdesk général,2021-11-24,13:05:42,00:00:05
stefano.crapanzano@chu.ulg.ac.be,Courrier entrant - erp.sai@chuliege.be - Mozilla Thunderbird,Helpdesk général,2021-11-24,13:56:13,00:00:23
stefano.crapanzano@chu.ulg.ac.be,Courrier entrant - erp.sai@chuliege.be - Mozilla Thunderbird,Helpdesk général,2021-11-24,14:23:41,00:00:02
stefano.crapanzano@chu.ulg.ac.be,Courrier entrant - erp.sai@chuliege.be - Mozilla Thunderbird,Helpdesk général,2021-11-24,14:48:43,00:00:02
stefano.crapanzano@chu.ulg.ac.be,Courrier entrant - erp.sai@chuliege.be - Mozilla Thunderbird,Helpdesk général,2021-11-24,15:51:50,00:00:05
stefano.crapanzano@chu.ulg.ac.be,Courrier entrant - stefano.crapanzano@chuliege.be - Mozilla Thunderbird,Helpdesk général,2021-11-24,08:28:45,00:06:30
stefano.crapanzano@chu.ulg.ac.be,Courrier entrant - stefano.crapanzano@chuliege.be - Mozilla Thunderbird,Helpdesk général,2021-11-24,09:04:57,00:00:06
stefano.crapanzano@chu.ulg.ac.be,Courrier entrant - stefano.crapanzano@chuliege.be - Mozilla Thunderbird,Helpdesk général,2021-11-24,09:06:15,00:00:02
stefano.crapanzano@chu.ulg.ac.be,Courrier entrant - stefano.crapanzano@chuliege.be - Mozilla Thunderbird,Tâches diverses,2021-11-24,09:12:47,00:00:02
stefano.crapanzano@chu.ulg.ac.be,Courrier entrant - stefano.crapanzano@chuliege.be - Mozilla Thunderbird,Helpdesk général,2021-11-24,09:13:03,00:00:02
stefano.crapanzano@chu.ulg.ac.be,Courrier entrant - stefano.crapanzano@chuliege.be - Mozilla Thunderbird,Helpdesk général,2021-11-24,10:24:04,00:00:05
stefano.crapanzano@chu.ulg.ac.be,Courrier entrant - stefano.crapanzano@chuliege.be - Mozilla Thunderbird,Helpdesk général,2021-11-24,10:24:16,00:03:08
stefano.crapanzano@chu.ulg.ac.be,Courrier entrant - stefano.crapanzano@chuliege.be - Mozilla Thunderbird,Helpdesk général,2021-11-24,10:40:05,00:00:36
stefano.crapanzano@chu.ulg.ac.be,Courrier entrant - stefano.crapanzano@chuliege.be - Mozilla Thunderbird,Helpdesk général,2021-11-24,10:40:46,00:00:02
stefano.crapanzano@chu.ulg.ac.be,Courrier entrant - stefano.crapanzano@chuliege.be - Mozilla Thunderbird,Helpdesk général,2021-11-24,10:55:49,00:00:42
stefano.crapanzano@chu.ulg.ac.be,Courrier entrant - stefano.crapanzano@chuliege.be - Mozilla Thunderbird,Helpdesk général,2021-11-24,10:56:33,00:00:06
stefano.crapanzano@chu.ulg.ac.be,Courrier entrant - stefano.crapanzano@chuliege.be - Mozilla Thunderbird,Helpdesk général,2021-11-24,11:31:12,00:00:02
stefano.crapanzano@chu.ulg.ac.be,Courrier entrant - stefano.crapanzano@chuliege.be - Mozilla Thunderbird,Helpdesk général,2021-11-24,11:33:27,00:00:04
stefano.crapanzano@chu.ulg.ac.be,Courrier entrant - stefano.crapanzano@chuliege.be - Mozilla Thunderbird,Helpdesk général,2021-11-24,11:36:55,00:00:04
stefano.crapanzano@chu.ulg.ac.be,Courrier entrant - stefano.crapanzano@chuliege.be - Mozilla Thunderbird,Helpdesk général,2021-11-24,12:07:16,00:01:33
stefano.crapanzano@chu.ulg.ac.be,Courrier entrant - stefano.crapanzano@chuliege.be - Mozilla Thunderbird,Helpdesk général,2021-11-24,12:10:25,00:00:02
stefano.crapanzano@chu.ulg.ac.be,Courrier entrant - stefano.crapanzano@chuliege.be - Mozilla Thunderbird,Helpdesk général,2021-11-24,12:11:18,00:00:25
stefano.crapanzano@chu.ulg.ac.be,Courrier entrant - stefano.crapanzano@chuliege.be - Mozilla Thunderbird,Helpdesk général,2021-11-24,12:12:22,00:00:02
stefano.crapanzano@chu.ulg.ac.be,Courrier entrant - stefano.crapanzano@chuliege.be - Mozilla Thunderbird,Helpdesk général,2021-11-24,12:20:27,00:00:17
stefano.crapanzano@chu.ulg.ac.be,Courrier entrant - stefano.crapanzano@chuliege.be - Mozilla Thunderbird,Helpdesk général,2021-11-24,12:20:48,00:00:19
stefano.crapanzano@chu.ulg.ac.be,Courrier entrant - stefano.crapanzano@chuliege.be - Mozilla Thunderbird,Helpdesk général,2021-11-24,12:45:48,00:00:41
stefano.crapanzano@chu.ulg.ac.be,Courrier entrant - stefano.crapanzano@chuliege.be - Mozilla Thunderbird,Helpdesk général,2021-11-24,12:46:52,00:00:24
stefano.crapanzano@chu.ulg.ac.be,Courrier entrant - stefano.crapanzano@chuliege.be - Mozilla Thunderbird,Helpdesk général,2021-11-24,12:47:34,00:00:21
stefano.crapanzano@chu.ulg.ac.be,Courrier entrant - stefano.crapanzano@chuliege.be - Mozilla Thunderbird,Helpdesk général,2021-11-24,13:05:39,00:00:02
stefano.crapanzano@chu.ulg.ac.be,Courrier entrant - stefano.crapanzano@chuliege.be - Mozilla Thunderbird,Helpdesk général,2021-11-24,13:53:46,00:00:31
stefano.crapanzano@chu.ulg.ac.be,Courrier entrant - stefano.crapanzano@chuliege.be - Mozilla Thunderbird,Helpdesk général,2021-11-24,14:23:38,00:00:02
stefano.crapanzano@chu.ulg.ac.be,Courrier entrant - stefano.crapanzano@chuliege.be - Mozilla Thunderbird,Helpdesk général,2021-11-24,14:48:45,00:00:22
stefano.crapanzano@chu.ulg.ac.be,Courrier entrant - stefano.crapanzano@chuliege.be - Mozilla Thunderbird,Helpdesk général,2021-11-24,14:49:59,00:00:45
stefano.crapanzano@chu.ulg.ac.be,Courrier entrant - stefano.crapanzano@chuliege.be - Mozilla Thunderbird,Helpdesk général,2021-11-24,14:53:13,00:00:10
stefano.crapanzano@chu.ulg.ac.be,Courrier entrant - stefano.crapanzano@chuliege.be - Mozilla Thunderbird,Helpdesk général,2021-11-24,15:00:28,00:00:31
stefano.crapanzano@chu.ulg.ac.be,Courrier entrant - stefano.crapanzano@chuliege.be - Mozilla Thunderbird,Helpdesk général,2021-11-24,15:06:59,00:00:05
stefano.crapanzano@chu.ulg.ac.be,Courrier entrant - stefano.crapanzano@chuliege.be - Mozilla Thunderbird,Helpdesk général,2021-11-24,15:51:47,00:00:02
stefano.crapanzano@chu.ulg.ac.be,Courrier entrant - stefano.crapanzano@chuliege.be - Mozilla Thunderbird,Helpdesk général,2021-11-24,15:51:55,00:00:04
stefano.crapanzano@chu.ulg.ac.be,Programmation,IT,2021-11-24,11:41:53,00:07:11
stefano.crapanzano@chu.ulg.ac.be,Programmation,IT,2021-11-24,12:21:11,00:07:29
stefano.crapanzano@chu.ulg.ac.be,Programmation,IT,2021-11-24,12:37:28,00:00:38
stefano.crapanzano@chu.ulg.ac.be,Programmation,IT,2021-11-24,12:39:24,00:00:05
stefano.crapanzano@chu.ulg.ac.be,Programmation,IT,2021-11-24,12:47:57,00:01:47
stefano.crapanzano@chu.ulg.ac.be,Programmation,IT,2021-11-24,13:54:19,00:01:42
stefano.crapanzano@chu.ulg.ac.be,Programmation,IT,2021-11-24,13:56:03,00:00:05
stefano.crapanzano@chu.ulg.ac.be,Programmation,IT,2021-11-24,13:56:36,00:00:41
stefano.crapanzano@chu.ulg.ac.be,Programmation,IT,2021-11-24,13:57:53,00:02:00
stefano.crapanzano@chu.ulg.ac.be,Programmation,IT,2021-11-24,14:00:09,00:05:59
stefano.crapanzano@chu.ulg.ac.be,Programmation,IT,2021-11-24,14:06:11,00:02:22
stefano.crapanzano@chu.ulg.ac.be,Programmation,IT,2021-11-24,14:08:42,00:00:30
stefano.crapanzano@chu.ulg.ac.be,Programmation,IT,2021-11-24,14:09:27,00:00:03
stefano.crapanzano@chu.ulg.ac.be,Programmation,IT,2021-11-24,14:09:36,00:00:02
stefano.crapanzano@chu.ulg.ac.be,Programmation,IT,2021-11-24,14:09:51,00:00:47
stefano.crapanzano@chu.ulg.ac.be,Programmation,IT,2021-11-24,14:10:45,00:00:29
stefano.crapanzano@chu.ulg.ac.be,Programmation,IT,2021-11-24,14:11:26,00:00:09
stefano.crapanzano@chu.ulg.ac.be,Programmation,IT,2021-11-24,14:11:40,00:00:28
stefano.crapanzano@chu.ulg.ac.be,Programmation,IT,2021-11-24,14:12:23,00:02:31
stefano.crapanzano@chu.ulg.ac.be,Programmation,IT,2021-11-24,14:15:32,00:00:20
stefano.crapanzano@chu.ulg.ac.be,Programmation,IT,2021-11-24,14:16:00,00:00:10
stefano.crapanzano@chu.ulg.ac.be,Programmation,IT,2021-11-24,14:19:02,00:00:06
stefano.crapanzano@chu.ulg.ac.be,Programmation,IT,2021-11-24,14:19:15,00:00:20
stefano.crapanzano@chu.ulg.ac.be,Programmation,IT,2021-11-24,14:19:46,00:00:23
stefano.crapanzano@chu.ulg.ac.be,Programmation,IT,2021-11-24,14:20:13,00:00:59
stefano.crapanzano@chu.ulg.ac.be,Programmation,IT,2021-11-24,14:21:24,00:00:05
stefano.crapanzano@chu.ulg.ac.be,Programmation,IT,2021-11-24,14:21:35,00:00:03
stefano.crapanzano@chu.ulg.ac.be,Programmation,IT,2021-11-24,14:22:06,00:00:08
stefano.crapanzano@chu.ulg.ac.be,Programmation,IT,2021-11-24,14:22:17,00:00:08
stefano.crapanzano@chu.ulg.ac.be,Programmation,IT,2021-11-24,14:22:27,00:00:02
stefano.crapanzano@chu.ulg.ac.be,Programmation,IT,2021-11-24,14:22:31,00:00:05
stefano.crapanzano@chu.ulg.ac.be,Programmation,IT,2021-11-24,14:22:38,00:00:02
stefano.crapanzano@chu.ulg.ac.be,Programmation,IT,2021-11-24,14:22:42,00:00:02
stefano.crapanzano@chu.ulg.ac.be,Programmation,IT,2021-11-24,14:22:49,00:00:04
stefano.crapanzano@chu.ulg.ac.be,Programmation,IT,2021-11-24,14:22:55,00:00:40
stefano.crapanzano@chu.ulg.ac.be,Programmation,IT,2021-11-24,14:23:45,00:02:00
stefano.crapanzano@chu.ulg.ac.be,Programmation,IT,2021-11-24,14:26:00,00:00:14
stefano.crapanzano@chu.ulg.ac.be,Programmation,IT,2021-11-24,14:26:31,00:00:15
stefano.crapanzano@chu.ulg.ac.be,Programmation,IT,2021-11-24,14:27:04,00:00:22
stefano.crapanzano@chu.ulg.ac.be,Programmation,IT,2021-11-24,14:27:38,00:00:40
stefano.crapanzano@chu.ulg.ac.be,Programmation,IT,2021-11-24,14:28:32,00:00:30
stefano.crapanzano@chu.ulg.ac.be,Programmation,IT,2021-11-24,14:29:14,00:07:28
stefano.crapanzano@chu.ulg.ac.be,Programmation,IT,2021-11-24,14:37:01,00:05:24
stefano.crapanzano@chu.ulg.ac.be,Programmation,IT,2021-11-24,14:42:53,00:00:06
stefano.crapanzano@chu.ulg.ac.be,Programmation,IT,2021-11-24,14:43:05,00:01:43
stefano.crapanzano@chu.ulg.ac.be,Programmation,IT,2021-11-24,14:45:27,00:00:10
stefano.crapanzano@chu.ulg.ac.be,Programmation,IT,2021-11-24,14:45:44,00:01:23
stefano.crapanzano@chu.ulg.ac.be,Programmation,IT,2021-11-24,14:47:12,00:00:26
stefano.crapanzano@chu.ulg.ac.be,Programmation,IT,2021-11-24,14:48:04,00:00:09
stefano.crapanzano@chu.ulg.ac.be,Programmation,IT,2021-11-24,14:48:15,00:00:04
stefano.crapanzano@chu.ulg.ac.be,Programmation,IT,2021-11-24,14:48:23,00:00:17
stefano.crapanzano@chu.ulg.ac.be,Programmation,IT,2021-11-24,14:49:07,00:00:24
stefano.crapanzano@chu.ulg.ac.be,Programmation,IT,2021-11-24,14:51:04,00:00:12
stefano.crapanzano@chu.ulg.ac.be,Programmation,IT,2021-11-24,14:51:29,00:01:40
stefano.crapanzano@chu.ulg.ac.be,Programmation,IT,2021-11-24,14:53:26,00:00:36
stefano.crapanzano@chu.ulg.ac.be,Programmation,IT,2021-11-24,14:54:14,00:00:10
stefano.crapanzano@chu.ulg.ac.be,Programmation,IT,2021-11-24,14:54:39,00:00:15
stefano.crapanzano@chu.ulg.ac.be,Programmation,IT,2021-11-24,14:55:21,00:00:56
stefano.crapanzano@chu.ulg.ac.be,Programmation,IT,2021-11-24,14:56:32,00:02:00
stefano.crapanzano@chu.ulg.ac.be,Programmation,IT,2021-11-24,14:58:45,00:00:33
stefano.crapanzano@chu.ulg.ac.be,Programmation,IT,2021-11-24,14:59:30,00:00:54
stefano.crapanzano@chu.ulg.ac.be,Programmation,IT,2021-11-24,15:00:59,00:00:10
stefano.crapanzano@chu.ulg.ac.be,Programmation,IT,2021-11-24,15:01:36,00:00:06
stefano.crapanzano@chu.ulg.ac.be,Programmation,IT,2021-11-24,15:01:46,00:00:51
stefano.crapanzano@chu.ulg.ac.be,Programmation,IT,2021-11-24,15:02:49,00:00:31
stefano.crapanzano@chu.ulg.ac.be,Programmation,IT,2021-11-24,15:03:24,00:02:35
stefano.crapanzano@chu.ulg.ac.be,Programmation,IT,2021-11-24,15:06:15,00:00:26
stefano.crapanzano@chu.ulg.ac.be,Programmation,IT,2021-11-24,15:06:43,00:00:14
stefano.crapanzano@chu.ulg.ac.be,Programmation,IT,2021-11-24,15:07:05,00:00:09
stefano.crapanzano@chu.ulg.ac.be,Programmation,IT,2021-11-24,15:07:25,00:00:07
stefano.crapanzano@chu.ulg.ac.be,Programmation,IT,2021-11-24,15:07:45,00:00:38
stefano.crapanzano@chu.ulg.ac.be,Programmation,IT,2021-11-24,15:08:37,00:00:26
stefano.crapanzano@chu.ulg.ac.be,Programmation,IT,2021-11-24,15:09:05,00:00:36
stefano.crapanzano@chu.ulg.ac.be,Programmation,IT,2021-11-24,15:10:59,00:00:29
stefano.crapanzano@chu.ulg.ac.be,Programmation,IT,2021-11-24,15:11:44,00:00:13
stefano.crapanzano@chu.ulg.ac.be,Programmation,IT,2021-11-24,15:12:03,00:00:07
stefano.crapanzano@chu.ulg.ac.be,Programmation,IT,2021-11-24,15:12:13,00:00:26
stefano.crapanzano@chu.ulg.ac.be,Programmation,IT,2021-11-24,15:12:52,00:00:47
stefano.crapanzano@chu.ulg.ac.be,Programmation,IT,2021-11-24,15:13:51,00:00:18
stefano.crapanzano@chu.ulg.ac.be,Programmation,IT,2021-11-24,15:20:43,00:00:35
stefano.crapanzano@chu.ulg.ac.be,Programmation,IT,2021-11-24,15:21:29,00:00:02
stefano.crapanzano@chu.ulg.ac.be,Programmation,IT,2021-11-24,15:22:34,00:00:53
stefano.crapanzano@chu.ulg.ac.be,Programmation,IT,2021-11-24,15:23:30,00:00:44
stefano.crapanzano@chu.ulg.ac.be,Programmation,IT,2021-11-24,15:24:18,00:00:34
stefano.crapanzano@chu.ulg.ac.be,Programmation,IT,2021-11-24,15:25:01,00:00:23
stefano.crapanzano@chu.ulg.ac.be,Programmation,IT,2021-11-24,15:25:43,00:00:43
stefano.crapanzano@chu.ulg.ac.be,Programmation,IT,2021-11-24,15:27:10,00:00:09
stefano.crapanzano@chu.ulg.ac.be,Programmation,IT,2021-11-24,15:27:21,00:00:30
stefano.crapanzano@chu.ulg.ac.be,Programmation,IT,2021-11-24,15:28:05,00:01:09
stefano.crapanzano@chu.ulg.ac.be,Programmation,IT,2021-11-24,15:29:54,00:01:01
stefano.crapanzano@chu.ulg.ac.be,Programmation,IT,2021-11-24,15:31:32,00:00:19
stefano.crapanzano@chu.ulg.ac.be,Programmation,IT,2021-11-24,15:32:01,00:00:19
stefano.crapanzano@chu.ulg.ac.be,Programmation,IT,2021-11-24,15:32:35,00:00:31
stefano.crapanzano@chu.ulg.ac.be,Programmation,IT,2021-11-24,15:33:33,00:00:10
stefano.crapanzano@chu.ulg.ac.be,Programmation,IT,2021-11-24,15:33:49,00:00:09
stefano.crapanzano@chu.ulg.ac.be,Programmation,IT,2021-11-24,15:34:19,00:01:12
stefano.crapanzano@chu.ulg.ac.be,Programmation,IT,2021-11-24,15:35:44,00:00:35
stefano.crapanzano@chu.ulg.ac.be,Programmation,IT,2021-11-24,15:36:29,00:00:50
stefano.crapanzano@chu.ulg.ac.be,Programmation,IT,2021-11-24,15:37:36,00:00:28
stefano.crapanzano@chu.ulg.ac.be,Programmation,IT,2021-11-24,15:38:16,00:00:45
stefano.crapanzano@chu.ulg.ac.be,Programmation,IT,2021-11-24,15:39:13,00:02:01
stefano.crapanzano@chu.ulg.ac.be,Programmation,IT,2021-11-24,15:43:08,00:00:08
stefano.crapanzano@chu.ulg.ac.be,Programmation,IT,2021-11-24,15:43:29,00:00:03
stefano.crapanzano@chu.ulg.ac.be,Programmation,IT,2021-11-24,15:43:42,00:00:03
stefano.crapanzano@chu.ulg.ac.be,Programmation,IT,2021-11-24,15:43:48,00:00:02
stefano.crapanzano@chu.ulg.ac.be,Programmation,IT,2021-11-24,15:43:53,00:00:05
stefano.crapanzano@chu.ulg.ac.be,Programmation,IT,2021-11-24,15:44:43,00:00:05
stefano.crapanzano@chu.ulg.ac.be,Programmation,IT,2021-11-24,15:45:01,00:00:04
stefano.crapanzano@chu.ulg.ac.be,Programmation,IT,2021-11-24,15:45:24,00:00:23
stefano.crapanzano@chu.ulg.ac.be,Programmation,IT,2021-11-24,15:47:32,00:00:40
stefano.crapanzano@chu.ulg.ac.be,Programmation,IT,2021-11-24,15:48:53,00:00:56
stefano.crapanzano@chu.ulg.ac.be,Programmation,IT,2021-11-24,15:50:02,00:00:04
stefano.crapanzano@chu.ulg.ac.be,Programmation,IT,2021-11-24,15:50:19,00:00:06
stefano.crapanzano@chu.ulg.ac.be,Programmation,IT,2021-11-24,15:50:32,00:01:13
stefano.crapanzano@chu.ulg.ac.be,Programmation,IT,2021-11-24,15:52:01,00:01:10
stefano.crapanzano@chu.ulg.ac.be,Programmation,IT,2021-11-24,15:53:27,00:01:26
stefano.crapanzano@chu.ulg.ac.be,Programmation,IT,2021-11-24,16:17:02,00:06:37
stefano.crapanzano@chu.ulg.ac.be,Programmation,IT,2021-11-24,16:23:55,00:00:05
stefano.crapanzano@chu.ulg.ac.be,Programmation,IT,2021-11-24,16:24:08,00:00:19
stefano.crapanzano@chu.ulg.ac.be,Programmation,IT,2021-11-24,16:24:41,00:00:17
stefano.crapanzano@chu.ulg.ac.be,Programmation,IT,2021-11-24,16:29:52,00:00:15
stefano.crapanzano@chu.ulg.ac.be,Programmation,IT,2021-11-24,16:30:21,00:01:08
stefano.crapanzano@chu.ulg.ac.be,Programmation,IT,2021-11-24,16:31:55,00:00:15
stefano.crapanzano@chu.ulg.ac.be,Programmation,IT,2021-11-24,16:32:13,00:00:11
stefano.crapanzano@chu.ulg.ac.be,Programmation,IT,2021-11-24,16:32:29,00:01:51
stefano.crapanzano@chu.ulg.ac.be,Programmation,IT,2021-11-24,16:34:36,00:00:03
stefano.crapanzano@chu.ulg.ac.be,Programmation,IT,2021-11-24,16:35:19,00:00:25
stefano.crapanzano@chu.ulg.ac.be,Programmation,IT,2021-11-24,16:36:26,00:00:17
stefano.crapanzano@chu.ulg.ac.be,Programmation,IT,2021-11-24,16:36:56,00:00:09
stefano.crapanzano@chu.ulg.ac.be,Programmation,IT,2021-11-24,16:37:29,00:00:45
stefano.crapanzano@chu.ulg.ac.be,Programmation,IT,2021-11-24,16:38:56,00:01:04
stefano.crapanzano@chu.ulg.ac.be,Programmation,IT,2021-11-24,16:40:24,00:00:54
stefano.crapanzano@chu.ulg.ac.be,Programmation,IT,2021-11-24,16:41:28,00:01:36
stefano.crapanzano@chu.ulg.ac.be,Programmation,IT,2021-11-24,16:43:12,00:00:03
stefano.crapanzano@chu.ulg.ac.be,Programmation,IT,2021-11-24,16:43:39,00:00:18
stefano.crapanzano@chu.ulg.ac.be,Programmation,IT,2021-11-24,16:44:26,00:00:12
stefano.crapanzano@chu.ulg.ac.be,Programmation,IT,2021-11-24,16:45:06,00:00:38
stefano.crapanzano@chu.ulg.ac.be,Programmation,IT,2021-11-24,16:46:12,00:01:36
stefano.crapanzano@chu.ulg.ac.be,Programmation,IT,2021-11-24,16:48:02,00:00:20
stefano.crapanzano@chu.ulg.ac.be,Programmation,IT,2021-11-24,16:48:27,00:00:02
stefano.crapanzano@chu.ulg.ac.be,Programmation,IT,2021-11-24,16:49:17,00:00:33
stefano.crapanzano@chu.ulg.ac.be,Programmation,IT,2021-11-24,16:49:54,00:00:04
stefano.crapanzano@chu.ulg.ac.be,Programmation,IT,2021-11-24,16:50:08,00:00:03
stefano.crapanzano@chu.ulg.ac.be,Programmation,IT,2021-11-24,16:50:28,00:00:06
stefano.crapanzano@chu.ulg.ac.be,Programmation,IT,2021-11-24,16:51:01,00:00:19
stefano.crapanzano@chu.ulg.ac.be,Programmation,IT,2021-11-24,16:53:02,00:00:29
stefano.crapanzano@chu.ulg.ac.be,Programmation,IT,2021-11-24,16:53:36,00:00:03
stefano.crapanzano@chu.ulg.ac.be,Programmation,IT,2021-11-24,16:53:41,00:00:46
stefano.crapanzano@chu.ulg.ac.be,Programmation,IT,2021-11-24,16:54:37,00:00:53
stefano.crapanzano@chu.ulg.ac.be,Programmation,IT,2021-11-24,16:57:09,00:01:00
stefano.crapanzano@chu.ulg.ac.be,Programmation,IT,2021-11-24,16:58:30,00:00:09
stefano.crapanzano@chu.ulg.ac.be,Programmation,IT,2021-11-24,16:59:06,00:00:20
stefano.crapanzano@chu.ulg.ac.be,Programmation,IT,2021-11-24,16:59:55,00:00:14
stefano.crapanzano@chu.ulg.ac.be,Programmation,IT,2021-11-24,17:00:12,00:03:11
stefano.crapanzano@chu.ulg.ac.be,Programmation,IT,2021-11-24,17:03:30,00:01:30
stefano.crapanzano@chu.ulg.ac.be,Programmation,IT,2021-11-24,17:06:20,00:00:11
stefano.crapanzano@chu.ulg.ac.be,Programmation,IT,2021-11-24,17:06:36,00:00:05
stefano.crapanzano@chu.ulg.ac.be,Programmation,IT,2021-11-24,17:08:06,00:00:03
stefano.crapanzano@chu.ulg.ac.be,Programmation,IT,2021-11-24,17:08:14,00:00:14
stefano.crapanzano@chu.ulg.ac.be,Programmation,IT,2021-11-24,17:12:30,00:00:51
stefano.crapanzano@chu.ulg.ac.be,Programmation,IT,2021-11-24,17:13:25,00:00:10
stefano.crapanzano@chu.ulg.ac.be,Programmation,IT,2021-11-24,17:13:44,00:00:12
stefano.crapanzano@chu.ulg.ac.be,Programmation,IT,2021-11-24,17:14:02,00:00:03
stefano.crapanzano@chu.ulg.ac.be,Programmation,IT,2021-11-24,17:15:42,00:00:18
stefano.crapanzano@chu.ulg.ac.be,Programmation,IT,2021-11-24,17:16:06,00:00:10
stefano.crapanzano@chu.ulg.ac.be,Programmation,IT,2021-11-24,17:16:17,00:00:04
stefano.crapanzano@chu.ulg.ac.be,Programmation,IT,2021-11-24,17:16:38,00:00:05
stefano.crapanzano@chu.ulg.ac.be,Programmation,IT,2021-11-24,17:17:03,00:00:07
stefano.crapanzano@chu.ulg.ac.be,Programmation,IT,2021-11-24,17:17:17,00:00:06
stefano.crapanzano@chu.ulg.ac.be,Programmation,IT,2021-11-24,17:17:28,00:00:10
stefano.crapanzano@chu.ulg.ac.be,Programmation,IT,2021-11-24,17:17:46,00:00:12
stefano.crapanzano@chu.ulg.ac.be,Programmation,IT,2021-11-24,17:18:39,00:00:02
stefano.crapanzano@chu.ulg.ac.be,Programmation,IT,2021-11-24,17:18:44,00:00:15
stefano.crapanzano@chu.ulg.ac.be,Programmation,IT,2021-11-24,17:19:02,00:00:03
stefano.crapanzano@chu.ulg.ac.be,Programmation,IT,2021-11-24,17:19:25,00:00:05
stefano.crapanzano@chu.ulg.ac.be,Programmation,IT,2021-11-24,17:19:40,00:00:19
stefano.crapanzano@chu.ulg.ac.be,Programmation,IT,2021-11-24,17:20:05,00:00:14
stefano.crapanzano@chu.ulg.ac.be,Programmation,IT,2021-11-24,17:20:38,00:00:17
stefano.crapanzano@chu.ulg.ac.be,Programmation,IT,2021-11-24,17:20:59,00:00:08
stefano.crapanzano@chu.ulg.ac.be,Programmation,IT,2021-11-24,17:23:15,00:00:22
stefano.crapanzano@chu.ulg.ac.be,Programmation,IT,2021-11-24,17:23:47,00:01:41
stefano.crapanzano@chu.ulg.ac.be,Programmation,IT,2021-11-24,17:25:43,00:00:19
stefano.crapanzano@chu.ulg.ac.be,Programmation,IT,2021-11-24,17:26:10,00:00:33
stefano.crapanzano@chu.ulg.ac.be,Programmation,IT,2021-11-24,17:26:49,00:00:24
stefano.crapanzano@chu.ulg.ac.be,Programmation,IT,2021-11-24,17:27:25,00:00:08
stefano.crapanzano@chu.ulg.ac.be,Programmation,IT,2021-11-24,17:28:00,00:00:10
stefano.crapanzano@chu.ulg.ac.be,Programmation,IT,2021-11-24,17:28:17,00:00:22
stefano.crapanzano@chu.ulg.ac.be,Programmation,IT,2021-11-24,17:28:42,00:00:13
stefano.crapanzano@chu.ulg.ac.be,Programmation,IT,2021-11-24,17:29:07,00:00:37
stefano.crapanzano@chu.ulg.ac.be,Programmation,IT,2021-11-24,17:29:48,00:00:35
stefano.crapanzano@chu.ulg.ac.be,Programmation,IT,2021-11-24,17:30:28,00:00:11
stefano.crapanzano@chu.ulg.ac.be,Programmation,IT,2021-11-24,17:31:09,00:00:23
stefano.crapanzano@chu.ulg.ac.be,Programmation,IT,2021-11-24,17:31:42,00:00:04
stefano.crapanzano@chu.ulg.ac.be,Envoyés - erp.sai@chuliege.be - Mozilla Thunderbird,Helpdesk général,2021-11-24,09:05:08,00:00:05
stefano.crapanzano@chu.ulg.ac.be,Envoyés - erp.sai@chuliege.be - Mozilla Thunderbird,Helpdesk général,2021-11-24,10:24:10,00:00:04
stefano.crapanzano@chu.ulg.ac.be,Envoyés - erp.sai@chuliege.be - Mozilla Thunderbird,Helpdesk général,2021-11-24,11:37:43,00:00:25
stefano.crapanzano@chu.ulg.ac.be,Envoyés - erp.sai@chuliege.be - Mozilla Thunderbird,Helpdesk général,2021-11-24,11:38:28,00:00:02
stefano.crapanzano@chu.ulg.ac.be,Envoyés - erp.sai@chuliege.be - Mozilla Thunderbird,Helpdesk général,2021-11-24,11:38:46,00:00:02
stefano.crapanzano@chu.ulg.ac.be,Envoyés - erp.sai@chuliege.be - Mozilla Thunderbird,Helpdesk général,2021-11-24,12:14:24,00:00:30
stefano.crapanzano@chu.ulg.ac.be,GOAL - LABO - Google Chrome,Helpdesk général,2021-11-24,09:05:22,00:00:08
stefano.crapanzano@chu.ulg.ac.be,GOAL - LABO - Google Chrome,Tâches diverses,2021-11-24,09:05:33,00:00:04
stefano.crapanzano@chu.ulg.ac.be,GOAL - LABO - Google Chrome,Tâches diverses,2021-11-24,11:41:50,00:00:02
stefano.crapanzano@chu.ulg.ac.be,GOAL - LABO - Google Chrome,Tâches diverses,2021-11-24,12:21:07,00:00:03
stefano.crapanzano@chu.ulg.ac.be,GOAL - LABO - Google Chrome,Tâches diverses,2021-11-24,12:28:40,00:00:02
stefano.crapanzano@chu.ulg.ac.be,GOAL - LABO - Google Chrome,Tâches diverses,2021-11-24,15:57:19,00:00:10
stefano.crapanzano@chu.ulg.ac.be,GOAL - LABO - Google Chrome,Tâches diverses,2021-11-24,15:57:43,00:01:25
stefano.crapanzano@chu.ulg.ac.be,GOAL - LABO - Google Chrome,Tâches diverses,2021-11-24,16:16:50,00:00:05
stefano.crapanzano@chu.ulg.ac.be,GOAL - LABO - Google Chrome,Tâches diverses,2021-11-24,16:23:40,00:00:02
stefano.crapanzano@chu.ulg.ac.be,GOAL - LABO - Google Chrome,Tâches diverses,2021-11-24,16:24:00,00:00:06
stefano.crapanzano@chu.ulg.ac.be,GOAL - LABO - Google Chrome,Tâches diverses,2021-11-24,16:24:28,00:00:06
stefano.crapanzano@chu.ulg.ac.be,GOAL - LABO - Google Chrome,Tâches diverses,2021-11-24,16:25:00,00:03:17
stefano.crapanzano@chu.ulg.ac.be,GOAL - LABO - Google Chrome,Tâches diverses,2021-11-24,16:43:06,00:00:03
stefano.crapanzano@chu.ulg.ac.be,GOAL - LABO - Google Chrome,Tâches diverses,2021-11-24,16:47:52,00:00:07
stefano.crapanzano@chu.ulg.ac.be,GOAL - LABO - Google Chrome,Tâches diverses,2021-11-24,16:48:23,00:00:02
stefano.crapanzano@chu.ulg.ac.be,GOAL - LABO - Google Chrome,Tâches diverses,2021-11-24,16:49:51,00:00:02
stefano.crapanzano@chu.ulg.ac.be,GOAL - LABO - Google Chrome,Tâches diverses,2021-11-24,16:50:00,00:00:07
stefano.crapanzano@chu.ulg.ac.be,GOAL - LABO - Google Chrome,Tâches diverses,2021-11-24,16:50:35,00:00:24
stefano.crapanzano@chu.ulg.ac.be,GOAL - LABO - Google Chrome,Tâches diverses,2021-11-24,16:51:22,00:01:39
stefano.crapanzano@chu.ulg.ac.be,GOAL - LABO - Google Chrome,Tâches diverses,2021-11-24,16:54:29,00:00:05
stefano.crapanzano@chu.ulg.ac.be,GOAL - LABO - Google Chrome,Tâches diverses,2021-11-24,16:55:31,00:00:16
stefano.crapanzano@chu.ulg.ac.be,GOAL - LABO - Google Chrome,Tâches diverses,2021-11-24,16:56:48,00:00:20
stefano.crapanzano@chu.ulg.ac.be,GOAL - LABO - Google Chrome,Tâches diverses,2021-11-24,16:58:11,00:00:17
stefano.crapanzano@chu.ulg.ac.be,GOAL - LABO - Google Chrome,Tâches diverses,2021-11-24,16:58:41,00:00:22
stefano.crapanzano@chu.ulg.ac.be,GOAL - LABO - Google Chrome,Tâches diverses,2021-11-24,17:03:25,00:00:04
stefano.crapanzano@chu.ulg.ac.be,GOAL - LABO - Google Chrome,Tâches diverses,2021-11-24,17:05:02,00:01:17
stefano.crapanzano@chu.ulg.ac.be,GOAL - LABO - Google Chrome,Tâches diverses,2021-11-24,17:06:32,00:00:04
stefano.crapanzano@chu.ulg.ac.be,GOAL - LABO - Google Chrome,Tâches diverses,2021-11-24,17:16:24,00:00:02
stefano.crapanzano@chu.ulg.ac.be,GOAL - LABO - Google Chrome,Tâches diverses,2021-11-24,17:16:28,00:00:02
stefano.crapanzano@chu.ulg.ac.be,GOAL - LABO - Google Chrome,Tâches diverses,2021-11-24,17:16:44,00:00:16
stefano.crapanzano@chu.ulg.ac.be,GOAL - LABO - Google Chrome,Tâches diverses,2021-11-24,17:17:11,00:00:06
stefano.crapanzano@chu.ulg.ac.be,GOAL - LABO - Google Chrome,Tâches diverses,2021-11-24,17:17:59,00:00:37
stefano.crapanzano@chu.ulg.ac.be,GOAL - LABO - Google Chrome,Tâches diverses,2021-11-24,17:18:59,00:00:02
stefano.crapanzano@chu.ulg.ac.be,GOAL - LABO - Google Chrome,Tâches diverses,2021-11-24,17:19:36,00:00:03
stefano.crapanzano@chu.ulg.ac.be,GOAL - LABO - Google Chrome,Tâches diverses,2021-11-24,17:20:00,00:00:04
stefano.crapanzano@chu.ulg.ac.be,GOAL - LABO - Google Chrome,Tâches diverses,2021-11-24,17:20:21,00:00:04
stefano.crapanzano@chu.ulg.ac.be,GOAL - LABO - Google Chrome,Tâches diverses,2021-11-24,17:23:40,00:00:05
stefano.crapanzano@chu.ulg.ac.be,GOAL - LABO - Google Chrome,Tâches diverses,2021-11-24,17:25:28,00:00:13
stefano.crapanzano@chu.ulg.ac.be,GOAL - LABO - Google Chrome,Tâches diverses,2021-11-24,17:26:04,00:00:05
stefano.crapanzano@chu.ulg.ac.be,GOAL - LABO - Google Chrome,Tâches diverses,2021-11-24,17:26:45,00:00:02
stefano.crapanzano@chu.ulg.ac.be,GOAL - LABO - Google Chrome,Tâches diverses,2021-11-24,17:27:43,00:00:16
stefano.crapanzano@chu.ulg.ac.be,GOAL - LABO - Google Chrome,Tâches diverses,2021-11-24,17:28:12,00:00:05
stefano.crapanzano@chu.ulg.ac.be,GOAL - LABO - Google Chrome,Tâches diverses,2021-11-24,17:28:57,00:00:07
stefano.crapanzano@chu.ulg.ac.be,GOAL - LABO - Google Chrome,Tâches diverses,2021-11-24,17:29:46,00:00:02
stefano.crapanzano@chu.ulg.ac.be,GOAL - LABO - Google Chrome,Tâches diverses,2021-11-24,17:30:25,00:00:02
stefano.crapanzano@chu.ulg.ac.be,GOAL - LABO - Google Chrome,Tâches diverses,2021-11-24,17:31:38,00:00:02
stefano.crapanzano@chu.ulg.ac.be,SAP GUI for Windows 760,Tâches diverses,2021-11-24,09:05:30,00:00:02
stefano.crapanzano@chu.ulg.ac.be,connect_without_sso in  C:\Users\c158492\ProjetBoulot\PYTHON  - dnGREP,Tâches diverses,2021-11-24,09:05:37,00:00:02
stefano.crapanzano@chu.ulg.ac.be,SSP + Approbation + Workflow Approval inaccessible sur A03 - Xperthis ERP4HC 2.0 Rollout - Service d'assistance - Google Chrome,Tâches diverses,2021-11-24,09:06:40,00:00:11
stefano.crapanzano@chu.ulg.ac.be,SSP + Approbation + Workflow Approval inaccessible sur A03 - Xperthis ERP4HC 2.0 Rollout - Service d'assistance - Google Chrome,Tâches diverses,2021-11-24,09:07:19,00:00:06
stefano.crapanzano@chu.ulg.ac.be,SSP + Approbation + Workflow Approval inaccessible sur A03 - Xperthis ERP4HC 2.0 Rollout - Service d'assistance - Google Chrome,Tâches diverses,2021-11-24,09:07:31,00:00:09
stefano.crapanzano@chu.ulg.ac.be,SSP + Approbation + Workflow Approval inaccessible sur A03 - Xperthis ERP4HC 2.0 Rollout - Service d'assistance - Google Chrome,Tâches diverses,2021-11-24,09:07:49,00:00:02
stefano.crapanzano@chu.ulg.ac.be,SSP + Approbation + Workflow Approval inaccessible sur A03 - Xperthis ERP4HC 2.0 Rollout - Service d'assistance - Google Chrome,Tâches diverses,2021-11-24,09:08:07,00:01:54
stefano.crapanzano@chu.ulg.ac.be,SSP + Approbation + Workflow Approval inaccessible sur A03 - Xperthis ERP4HC 2.0 Rollout - Service d'assistance - Google Chrome,Tâches diverses,2021-11-24,09:12:25,00:00:22
stefano.crapanzano@chu.ulg.ac.be,SSP + Approbation + Workflow Approval inaccessible sur A03 - Xperthis ERP4HC 2.0 Rollout - Service d'assistance - Google Chrome,Tâches diverses,2021-11-24,09:12:54,00:00:06
stefano.crapanzano@chu.ulg.ac.be,SSP + Approbation + Workflow Approval inaccessible sur A03 - Xperthis ERP4HC 2.0 Rollout - Service d'assistance - Google Chrome,Tâches diverses,2021-11-24,09:53:33,00:30:24
stefano.crapanzano@chu.ulg.ac.be,SSP + Approbation + Workflow Approval inaccessible sur A03 - Xperthis ERP4HC 2.0 Rollout - Service d'assistance - Google Chrome,Tâches diverses,2021-11-24,10:27:32,00:00:02
stefano.crapanzano@chu.ulg.ac.be,Demandes - Service d'assistance - Google Chrome,Tâches diverses,2021-11-24,09:06:51,00:00:07
stefano.crapanzano@chu.ulg.ac.be,Demandes - Service d'assistance - Google Chrome,Tâches diverses,2021-11-24,10:27:41,00:00:14
stefano.crapanzano@chu.ulg.ac.be,Demandes - Service d'assistance - Google Chrome,Tâches diverses,2021-11-24,10:28:10,00:00:06
stefano.crapanzano@chu.ulg.ac.be,Demandes - Service d'assistance - Google Chrome,Tâches diverses,2021-11-24,10:56:43,00:34:25
stefano.crapanzano@chu.ulg.ac.be,Demandes - Service d'assistance - Google Chrome,Tâches diverses,2021-11-24,11:41:45,00:00:04
stefano.crapanzano@chu.ulg.ac.be,SSP - Interface vide sur A03 - Xperthis ERP4HC 2.0 Rollout - Service d'assistance - Google Chrome,Tâches diverses,2021-11-24,09:06:58,00:00:20
stefano.crapanzano@chu.ulg.ac.be,par0105wi.xperthis.be - Google Chrome,Tâches diverses,2021-11-24,09:07:41,00:00:08
stefano.crapanzano@chu.ulg.ac.be,Identification - Google Chrome,Tâches diverses,2021-11-24,09:07:52,00:00:10
stefano.crapanzano@chu.ulg.ac.be,Page d'accueil - Google Chrome,Tâches diverses,2021-11-24,09:08:04,00:00:02
stefano.crapanzano@chu.ulg.ac.be,Rédaction : (pas de sujet) - Thunderbird,Helpdesk général,2021-11-24,09:11:45,00:00:02
stefano.crapanzano@chu.ulg.ac.be,Rédaction : Demi journée - Thunderbird,Helpdesk général,2021-11-24,09:11:51,00:00:30
stefano.crapanzano@chu.ulg.ac.be,Envoyés - stefano.crapanzano@chuliege.be - Mozilla Thunderbird,Helpdesk général,2021-11-24,09:13:06,00:00:09
stefano.crapanzano@chu.ulg.ac.be,Envoyés - stefano.crapanzano@chuliege.be - Mozilla Thunderbird,Helpdesk général,2021-11-24,12:10:28,00:00:50
stefano.crapanzano@chu.ulg.ac.be,Envoyés - stefano.crapanzano@chuliege.be - Mozilla Thunderbird,Helpdesk général,2021-11-24,12:12:25,00:01:58
stefano.crapanzano@chu.ulg.ac.be,Envoyés - stefano.crapanzano@chuliege.be - Mozilla Thunderbird,Helpdesk général,2021-11-24,12:14:58,00:05:29
stefano.crapanzano@chu.ulg.ac.be,Envoyés - stefano.crapanzano@chuliege.be - Mozilla Thunderbird,Helpdesk général,2021-11-24,12:46:29,00:00:23
stefano.crapanzano@chu.ulg.ac.be,Envoyés - stefano.crapanzano@chuliege.be - Mozilla Thunderbird,Helpdesk général,2021-11-24,12:47:17,00:00:17
stefano.crapanzano@chu.ulg.ac.be,ZSSP_USER_ATTRIBUTES_Paramétrage accès utilisateur (RA) à un ou plusieurs CC-réceptionnaires(inscription) - Xperthis ERP4HC 2.0 Rollout - Service d'assistance - Google Chrome,Tâches diverses,2021-11-24,10:27:35,00:00:06
stefano.crapanzano@chu.ulg.ac.be,P203 CHR Problème envoi comme par mail - Xperthis ERP4HC 1.0 - Service d'assistance - Google Chrome,Tâches diverses,2021-11-24,10:27:56,00:00:13
stefano.crapanzano@chu.ulg.ac.be,Lecture documentation,Tâches diverses,2021-11-24,10:28:20,00:11:40
stefano.crapanzano@chu.ulg.ac.be,Lecture documentation,Tâches diverses,2021-11-24,10:40:02,00:00:02
stefano.crapanzano@chu.ulg.ac.be,plaques d'immatriculation - Mozilla Thunderbird,Helpdesk général,2021-11-24,11:33:31,00:00:08
stefano.crapanzano@chu.ulg.ac.be,plaques d'immatriculation - Mozilla Thunderbird,Helpdesk général,2021-11-24,11:35:00,00:00:22
stefano.crapanzano@chu.ulg.ac.be,plaques d'immatriculation - Mozilla Thunderbird,Helpdesk général,2021-11-24,11:36:44,00:00:10
stefano.crapanzano@chu.ulg.ac.be,Rédaction : Re: plaques d'immatriculation - Thunderbird,Helpdesk général,2021-11-24,11:33:40,00:01:15
stefano.crapanzano@chu.ulg.ac.be,Rédaction : Re: plaques d'immatriculation - Thunderbird,Helpdesk général,2021-11-24,12:08:51,00:01:31
stefano.crapanzano@chu.ulg.ac.be,Rédaction : Re: plaques d'immatriculation - Thunderbird,Helpdesk général,2021-11-24,12:11:44,00:00:34
stefano.crapanzano@chu.ulg.ac.be,Vérification de l’orthographe,Helpdesk général,2021-11-24,12:12:18,00:00:02
stefano.crapanzano@chu.ulg.ac.be,KMBT_C284-20180208143621 - Véhicules à assurer 2018 (et kms 2017).pdf - Mozilla Thunderbird,Helpdesk général,2021-11-24,11:35:23,00:01:21
stefano.crapanzano@chu.ulg.ac.be,Didier BARE - erp.sai@chuliege.be - Mozilla Thunderbird,Helpdesk général,2021-11-24,11:37:09,00:00:05
stefano.crapanzano@chu.ulg.ac.be,2 Traité - erp.sai@chuliege.be - Mozilla Thunderbird,Helpdesk général,2021-11-24,11:37:24,00:00:18
stefano.crapanzano@chu.ulg.ac.be,C:\Users\c158492\AppData\Local\Temp\NrArt_NrPceFabr_Fabr.csv - Notepad++ [Administrator],IT,2021-11-24,11:38:12,00:00:13
stefano.crapanzano@chu.ulg.ac.be,Attestation télétravail - présence sur site Crapanzano - Mozilla Thunderbird,Helpdesk général,2021-11-24,11:38:32,00:00:04
stefano.crapanzano@chu.ulg.ac.be,Microsoft Word - Attestation télétravail - présence sur site (publiposté).doc - Attestation télétravail - présence sur site Crapanzano.pdf - Mozilla Thunderbird,Helpdesk général,2021-11-24,11:38:36,00:00:02
stefano.crapanzano@chu.ulg.ac.be,SDERP-18360 CLONE - P203 CHU IDoc 329798 statut 51 car un article est en statut bloqué : toute la demande de réapprovisionnement est bloquée - Mozilla Thunderbird,Helpdesk général,2021-11-24,11:38:42,00:00:02
stefano.crapanzano@chu.ulg.ac.be,*new 2 - Notepad++ [Administrator],IT,2021-11-24,11:49:07,00:18:05
stefano.crapanzano@chu.ulg.ac.be,*new 2 - Notepad++ [Administrator],IT,2021-11-24,12:38:07,00:01:17
stefano.crapanzano@chu.ulg.ac.be,*new 2 - Notepad++ [Administrator],IT,2021-11-24,12:49:45,00:15:50
stefano.crapanzano@chu.ulg.ac.be,*new 2 - Notepad++ [Administrator],IT,2021-11-24,13:05:48,00:47:56
stefano.crapanzano@chu.ulg.ac.be,Nouvel onglet - Google Chrome,Tâches diverses,2021-11-24,12:28:43,00:00:05
stefano.crapanzano@chu.ulg.ac.be,Nouvel onglet - Google Chrome,Tâches diverses,2021-11-24,14:42:28,00:00:09
stefano.crapanzano@chu.ulg.ac.be,Nouvel onglet - Google Chrome,Tâches diverses,2021-11-24,14:43:00,00:00:03
stefano.crapanzano@chu.ulg.ac.be,Nouvel onglet - Google Chrome,Tâches diverses,2021-11-24,14:47:41,00:00:02
stefano.crapanzano@chu.ulg.ac.be,Nouvel onglet - Google Chrome,Tâches diverses,2021-11-24,15:09:47,00:00:08
stefano.crapanzano@chu.ulg.ac.be,Nouvel onglet - Google Chrome,Tâches diverses,2021-11-24,15:14:12,00:00:09
stefano.crapanzano@chu.ulg.ac.be,Nouvel onglet - Google Chrome,Tâches diverses,2021-11-24,15:21:19,00:00:08
stefano.crapanzano@chu.ulg.ac.be,Nouvel onglet - Google Chrome,Tâches diverses,2021-11-24,15:21:32,00:00:04
stefano.crapanzano@chu.ulg.ac.be,Nouvel onglet - Google Chrome,Tâches diverses,2021-11-24,15:26:29,00:00:02
stefano.crapanzano@chu.ulg.ac.be,Nouvel onglet - Google Chrome,Tâches diverses,2021-11-24,15:26:34,00:00:09
stefano.crapanzano@chu.ulg.ac.be,Nouvel onglet - Google Chrome,Tâches diverses,2021-11-24,15:57:05,00:00:05
stefano.crapanzano@chu.ulg.ac.be,Nouvel onglet - Google Chrome,Tâches diverses,2021-11-24,15:57:13,00:00:05
stefano.crapanzano@chu.ulg.ac.be,Nouvel onglet - Google Chrome,Tâches diverses,2021-11-24,16:45:46,00:00:09
stefano.crapanzano@chu.ulg.ac.be,Nouvel onglet - Google Chrome,Tâches diverses,2021-11-24,17:06:43,00:00:02
stefano.crapanzano@chu.ulg.ac.be,Nouvel onglet - Google Chrome,Tâches diverses,2021-11-24,17:10:31,00:00:09
stefano.crapanzano@chu.ulg.ac.be,Nouvel onglet - Google Chrome,Tâches diverses,2021-11-24,17:19:09,00:00:09
stefano.crapanzano@chu.ulg.ac.be,Nouvel onglet - Google Chrome,Tâches diverses,2021-11-24,17:20:25,00:00:05
stefano.crapanzano@chu.ulg.ac.be,foreign key django on delete - Recherche Google - Google Chrome,Tâches diverses,2021-11-24,12:28:49,00:00:04
stefano.crapanzano@chu.ulg.ac.be,python - What does on_delete do on Django models? - Stack Overflow - Google Chrome,Tâches diverses,2021-11-24,12:28:53,00:08:12
stefano.crapanzano@chu.ulg.ac.be,python - What does on_delete do on Django models? - Stack Overflow - Google Chrome,Tâches diverses,2021-11-24,12:39:30,00:06:16
stefano.crapanzano@chu.ulg.ac.be,python - What does on_delete do on Django models? - Stack Overflow - Google Chrome,Tâches diverses,2021-11-24,13:57:17,00:00:34
stefano.crapanzano@chu.ulg.ac.be,Service MT - Google Chrome,Tâches diverses,2021-11-24,12:37:05,00:00:21
stefano.crapanzano@chu.ulg.ac.be,Changement de tâche,Tâches diverses,2021-11-24,16:50:59,00:00:02
stefano.crapanzano@chu.ulg.ac.be,Gewaardeerde voorraad,Exploration SAP,2021-11-24,13:59:54,00:00:02
stefano.crapanzano@chu.ulg.ac.be,Gewaardeerde voorraad,Exploration SAP,2021-11-24,13:59:58,00:00:02
stefano.crapanzano@chu.ulg.ac.be,Gewaardeerde voorraad,Exploration SAP,2021-11-24,14:00:03,00:00:05
stefano.crapanzano@chu.ulg.ac.be,Gewaardeerde voorraad,Exploration SAP,2021-11-24,14:08:37,00:00:02
stefano.crapanzano@chu.ulg.ac.be,Gewaardeerde voorraad,Exploration SAP,2021-11-24,14:09:19,00:00:02
stefano.crapanzano@chu.ulg.ac.be,Gewaardeerde voorraad,Exploration SAP,2021-11-24,14:09:23,00:00:03
stefano.crapanzano@chu.ulg.ac.be,Gewaardeerde voorraad,Exploration SAP,2021-11-24,14:09:39,00:00:02
stefano.crapanzano@chu.ulg.ac.be,Gewaardeerde voorraad,Exploration SAP,2021-11-24,14:11:17,00:00:02
stefano.crapanzano@chu.ulg.ac.be,Gewaardeerde voorraad,Exploration SAP,2021-11-24,14:11:36,00:00:04
stefano.crapanzano@chu.ulg.ac.be,Gewaardeerde voorraad,Exploration SAP,2021-11-24,14:19:39,00:00:05
stefano.crapanzano@chu.ulg.ac.be,Gewaardeerde voorraad,Exploration SAP,2021-11-24,14:22:00,00:00:02
stefano.crapanzano@chu.ulg.ac.be,Gewaardeerde voorraad,Exploration SAP,2021-11-24,14:26:22,00:00:04
stefano.crapanzano@chu.ulg.ac.be,Gewaardeerde voorraad,Exploration SAP,2021-11-24,14:27:30,00:00:07
stefano.crapanzano@chu.ulg.ac.be,Gewaardeerde voorraad,Exploration SAP,2021-11-24,14:29:06,00:00:06
stefano.crapanzano@chu.ulg.ac.be,Gewaardeerde voorraad,Exploration SAP,2021-11-24,14:54:27,00:00:02
stefano.crapanzano@chu.ulg.ac.be,Gewaardeerde voorraad,Exploration SAP,2021-11-24,14:54:31,00:00:04
stefano.crapanzano@chu.ulg.ac.be,Gewaardeerde voorraad,Exploration SAP,2021-11-24,14:56:24,00:00:07
stefano.crapanzano@chu.ulg.ac.be,Gewaardeerde voorraad,Exploration SAP,2021-11-24,14:58:36,00:00:02
stefano.crapanzano@chu.ulg.ac.be,Gewaardeerde voorraad,Exploration SAP,2021-11-24,14:58:41,00:00:03
stefano.crapanzano@chu.ulg.ac.be,Gewaardeerde voorraad,Exploration SAP,2021-11-24,14:59:22,00:00:02
stefano.crapanzano@chu.ulg.ac.be,Gewaardeerde voorraad,Exploration SAP,2021-11-24,14:59:26,00:00:03
stefano.crapanzano@chu.ulg.ac.be,Gewaardeerde voorraad,Exploration SAP,2021-11-24,15:02:44,00:00:04
stefano.crapanzano@chu.ulg.ac.be,Gewaardeerde voorraad,Exploration SAP,2021-11-24,15:07:17,00:00:06
stefano.crapanzano@chu.ulg.ac.be,Gewaardeerde voorraad,Exploration SAP,2021-11-24,15:11:35,00:00:04
stefano.crapanzano@chu.ulg.ac.be,Gewaardeerde voorraad,Exploration SAP,2021-11-24,15:11:42,00:00:02
stefano.crapanzano@chu.ulg.ac.be,Gewaardeerde voorraad,Exploration SAP,2021-11-24,15:12:43,00:00:02
stefano.crapanzano@chu.ulg.ac.be,Gewaardeerde voorraad,Exploration SAP,2021-11-24,15:12:47,00:00:04
stefano.crapanzano@chu.ulg.ac.be,Gewaardeerde voorraad,Exploration SAP,2021-11-24,15:13:46,00:00:04
stefano.crapanzano@chu.ulg.ac.be,Gewaardeerde voorraad,Exploration SAP,2021-11-24,15:25:34,00:00:04
stefano.crapanzano@chu.ulg.ac.be,Gewaardeerde voorraad,Exploration SAP,2021-11-24,15:27:56,00:00:02
stefano.crapanzano@chu.ulg.ac.be,Gewaardeerde voorraad,Exploration SAP,2021-11-24,15:28:00,00:00:02
stefano.crapanzano@chu.ulg.ac.be,Gewaardeerde voorraad,Exploration SAP,2021-11-24,15:32:27,00:00:04
stefano.crapanzano@chu.ulg.ac.be,Gewaardeerde voorraad,Exploration SAP,2021-11-24,15:34:14,00:00:04
stefano.crapanzano@chu.ulg.ac.be,Gewaardeerde voorraad,Exploration SAP,2021-11-24,15:35:35,00:00:07
stefano.crapanzano@chu.ulg.ac.be,Gewaardeerde voorraad,Exploration SAP,2021-11-24,15:36:22,00:00:07
stefano.crapanzano@chu.ulg.ac.be,Gewaardeerde voorraad,Exploration SAP,2021-11-24,15:38:11,00:00:04
stefano.crapanzano@chu.ulg.ac.be,Gewaardeerde voorraad,Exploration SAP,2021-11-24,15:39:09,00:00:04
stefano.crapanzano@chu.ulg.ac.be,Gewaardeerde voorraad,Exploration SAP,2021-11-24,15:44:51,00:00:06
stefano.crapanzano@chu.ulg.ac.be,Gewaardeerde voorraad,Exploration SAP,2021-11-24,15:49:57,00:00:04
stefano.crapanzano@chu.ulg.ac.be,Gewaardeerde voorraad,Exploration SAP,2021-11-24,15:53:22,00:00:02
stefano.crapanzano@chu.ulg.ac.be,Valeur par Type de Magasin,Exploration SAP,2021-11-24,14:08:34,00:00:02
stefano.crapanzano@chu.ulg.ac.be,Valeur par Type de Magasin,Exploration SAP,2021-11-24,14:09:14,00:00:02
stefano.crapanzano@chu.ulg.ac.be,Valeur par Type de Magasin,Exploration SAP,2021-11-24,14:19:37,00:00:02
stefano.crapanzano@chu.ulg.ac.be,Valeur par Type de Magasin,Exploration SAP,2021-11-24,14:21:51,00:00:09
stefano.crapanzano@chu.ulg.ac.be,Valeur par Type de Magasin,Exploration SAP,2021-11-24,14:26:15,00:00:04
stefano.crapanzano@chu.ulg.ac.be,Valeur par Type de Magasin,Exploration SAP,2021-11-24,14:29:03,00:00:02
stefano.crapanzano@chu.ulg.ac.be,Valeur par Type de Magasin,Exploration SAP,2021-11-24,14:54:24,00:00:02
stefano.crapanzano@chu.ulg.ac.be,Valeur par Type de Magasin,Exploration SAP,2021-11-24,14:56:21,00:00:02
stefano.crapanzano@chu.ulg.ac.be,Valeur par Type de Magasin,Exploration SAP,2021-11-24,14:58:32,00:00:04
stefano.crapanzano@chu.ulg.ac.be,Valeur par Type de Magasin,Exploration SAP,2021-11-24,14:59:19,00:00:02
stefano.crapanzano@chu.ulg.ac.be,Valeur par Type de Magasin,Exploration SAP,2021-11-24,15:02:38,00:00:02
stefano.crapanzano@chu.ulg.ac.be,Valeur par Type de Magasin,Exploration SAP,2021-11-24,15:07:14,00:00:02
stefano.crapanzano@chu.ulg.ac.be,Valeur par Type de Magasin,Exploration SAP,2021-11-24,15:11:29,00:00:05
stefano.crapanzano@chu.ulg.ac.be,Valeur par Type de Magasin,Exploration SAP,2021-11-24,15:12:41,00:00:02
stefano.crapanzano@chu.ulg.ac.be,Valeur par Type de Magasin,Exploration SAP,2021-11-24,15:13:41,00:00:02
stefano.crapanzano@chu.ulg.ac.be,Valeur par Type de Magasin,Exploration SAP,2021-11-24,15:25:29,00:00:02
stefano.crapanzano@chu.ulg.ac.be,Valeur par Type de Magasin,Exploration SAP,2021-11-24,15:34:08,00:00:02
stefano.crapanzano@chu.ulg.ac.be,Valeur par Type de Magasin,Exploration SAP,2021-11-24,15:35:32,00:00:02
stefano.crapanzano@chu.ulg.ac.be,Valeur par Type de Magasin,Exploration SAP,2021-11-24,15:36:19,00:00:02
stefano.crapanzano@chu.ulg.ac.be,Valeur par Type de Magasin,Exploration SAP,2021-11-24,15:38:06,00:00:02
stefano.crapanzano@chu.ulg.ac.be,Valeur par Type de Magasin,Exploration SAP,2021-11-24,15:39:04,00:00:02
stefano.crapanzano@chu.ulg.ac.be,Valeur par Type de Magasin,Exploration SAP,2021-11-24,15:44:49,00:00:02
stefano.crapanzano@chu.ulg.ac.be,Valeur par Type de Magasin,Exploration SAP,2021-11-24,15:49:51,00:00:02
stefano.crapanzano@chu.ulg.ac.be,Valeur par Type de Magasin,Exploration SAP,2021-11-24,15:53:17,00:00:02
stefano.crapanzano@chu.ulg.ac.be,SAP Easy Access Menu de base Applications financières-économiques,Exploration SAP,2021-11-24,14:10:40,00:00:02
stefano.crapanzano@chu.ulg.ac.be,SAP Easy Access Menu de base Applications financières-économiques,Exploration SAP,2021-11-24,14:21:48,00:00:02
stefano.crapanzano@chu.ulg.ac.be,SAP Easy Access Menu de base Applications financières-économiques,Exploration SAP,2021-11-24,15:53:12,00:00:05
stefano.crapanzano@chu.ulg.ac.be,Fin de session,Exploration SAP,2021-11-24,14:09:42,00:00:02
stefano.crapanzano@chu.ulg.ac.be,Fin de session,Exploration SAP,2021-11-24,14:09:48,00:00:03
stefano.crapanzano@chu.ulg.ac.be,Fin de session,Exploration SAP,2021-11-24,14:11:19,00:00:05
stefano.crapanzano@chu.ulg.ac.be,Fin de session,Exploration SAP,2021-11-24,14:26:26,00:00:04
stefano.crapanzano@chu.ulg.ac.be,Fin de session,Exploration SAP,2021-11-24,14:54:35,00:00:04
stefano.crapanzano@chu.ulg.ac.be,Fin de session,Exploration SAP,2021-11-24,15:11:39,00:00:02
stefano.crapanzano@chu.ulg.ac.be,Fin de session,Exploration SAP,2021-11-24,15:25:38,00:00:04
stefano.crapanzano@chu.ulg.ac.be,Fin de session,Exploration SAP,2021-11-24,15:32:31,00:00:04
stefano.crapanzano@chu.ulg.ac.be,SAP,Exploration SAP,2021-11-24,14:12:09,00:00:02
stefano.crapanzano@chu.ulg.ac.be,SAP,Exploration SAP,2021-11-24,14:56:17,00:00:04
stefano.crapanzano@chu.ulg.ac.be,SAP,Exploration SAP,2021-11-24,15:25:24,00:00:02
stefano.crapanzano@chu.ulg.ac.be,SAP,Exploration SAP,2021-11-24,15:33:59,00:00:08
stefano.crapanzano@chu.ulg.ac.be,SAP,Exploration SAP,2021-11-24,15:49:49,00:00:02
stefano.crapanzano@chu.ulg.ac.be,C:\temp\test.csv - Notepad++ [Administrator],IT,2021-11-24,14:15:12,00:00:14
stefano.crapanzano@chu.ulg.ac.be,C:\temp\test.csv - Notepad++ [Administrator],IT,2021-11-24,14:15:53,00:00:06
stefano.crapanzano@chu.ulg.ac.be,C:\temp\test.csv - Notepad++ [Administrator],IT,2021-11-24,14:16:10,00:02:51
stefano.crapanzano@chu.ulg.ac.be,C:\temp\test.csv - Notepad++ [Administrator],IT,2021-11-24,14:19:09,00:00:04
stefano.crapanzano@chu.ulg.ac.be,C:\temp\test.csv - Notepad++ [Administrator],IT,2021-11-24,14:21:13,00:00:11
stefano.crapanzano@chu.ulg.ac.be,C:\temp\test.csv - Notepad++ [Administrator],IT,2021-11-24,14:21:29,00:00:03
stefano.crapanzano@chu.ulg.ac.be,C:\temp\test.csv - Notepad++ [Administrator],IT,2021-11-24,14:22:14,00:00:02
stefano.crapanzano@chu.ulg.ac.be,C:\temp\test.csv - Notepad++ [Administrator],IT,2021-11-24,14:25:47,00:00:09
stefano.crapanzano@chu.ulg.ac.be,C:\temp\test.csv - Notepad++ [Administrator],IT,2021-11-24,14:26:46,00:00:17
stefano.crapanzano@chu.ulg.ac.be,C:\temp\test.csv - Notepad++ [Administrator],IT,2021-11-24,14:28:20,00:00:11
stefano.crapanzano@chu.ulg.ac.be,C:\temp\test.csv - Notepad++ [Administrator],IT,2021-11-24,15:06:00,00:00:15
stefano.crapanzano@chu.ulg.ac.be,C:\temp\test.csv - Notepad++ [Administrator],IT,2021-11-24,15:07:34,00:00:10
stefano.crapanzano@chu.ulg.ac.be,C:\temp\test.csv - Notepad++ [Administrator],IT,2021-11-24,15:29:16,00:00:37
stefano.crapanzano@chu.ulg.ac.be,C:\temp\test.csv - Notepad++ [Administrator],IT,2021-11-24,15:30:56,00:00:34
stefano.crapanzano@chu.ulg.ac.be,C:\temp\test.csv - Notepad++ [Administrator],IT,2021-11-24,15:31:51,00:00:08
stefano.crapanzano@chu.ulg.ac.be,C:\temp\test.csv - Notepad++ [Administrator],IT,2021-11-24,15:33:09,00:00:13
stefano.crapanzano@chu.ulg.ac.be,C:\temp\test.csv - Notepad++ [Administrator],IT,2021-11-24,15:33:24,00:00:08
stefano.crapanzano@chu.ulg.ac.be,C:\temp\test.csv - Notepad++ [Administrator],IT,2021-11-24,15:33:44,00:00:04
stefano.crapanzano@chu.ulg.ac.be,C:\temp\test.csv - Notepad++ [Administrator],IT,2021-11-24,15:37:20,00:00:15
stefano.crapanzano@chu.ulg.ac.be,C:\temp\test.csv - Notepad++ [Administrator],IT,2021-11-24,15:42:33,00:00:19
stefano.crapanzano@chu.ulg.ac.be,C:\temp\test.csv - Notepad++ [Administrator],IT,2021-11-24,15:43:04,00:00:02
stefano.crapanzano@chu.ulg.ac.be,C:\temp\test.csv - Notepad++ [Administrator],IT,2021-11-24,15:43:18,00:00:09
stefano.crapanzano@chu.ulg.ac.be,C:\temp\test.csv - Notepad++ [Administrator],IT,2021-11-24,15:43:34,00:00:08
stefano.crapanzano@chu.ulg.ac.be,C:\temp\test.csv - Notepad++ [Administrator],IT,2021-11-24,15:43:50,00:00:02
stefano.crapanzano@chu.ulg.ac.be,SAP Logon 760,Exploration SAP,2021-11-24,14:21:42,00:00:02
stefano.crapanzano@chu.ulg.ac.be,django add datetimefield - Recherche Google - Google Chrome,Tâches diverses,2021-11-24,14:42:38,00:00:02
stefano.crapanzano@chu.ulg.ac.be,DateTimeField - Django Models - GeeksforGeeks - Google Chrome,Tâches diverses,2021-11-24,14:42:41,00:00:08
stefano.crapanzano@chu.ulg.ac.be,DateTimeField - Django Models - GeeksforGeeks - Google Chrome,Tâches diverses,2021-11-24,14:44:49,00:00:35
stefano.crapanzano@chu.ulg.ac.be,DateTimeField - Django Models - GeeksforGeeks - Google Chrome,Tâches diverses,2021-11-24,14:45:38,00:00:04
stefano.crapanzano@chu.ulg.ac.be,DateTimeField - Django Models - GeeksforGeeks - Google Chrome,Tâches diverses,2021-11-24,14:47:08,00:00:04
stefano.crapanzano@chu.ulg.ac.be,DateTimeField - Django Models - GeeksforGeeks - Google Chrome,Tâches diverses,2021-11-24,14:51:22,00:00:07
stefano.crapanzano@chu.ulg.ac.be,strftime python - Recherche Google - Google Chrome,Tâches diverses,2021-11-24,14:47:44,00:00:02
stefano.crapanzano@chu.ulg.ac.be,strftime python - Recherche Google - Google Chrome,Tâches diverses,2021-11-24,14:49:49,00:00:09
stefano.crapanzano@chu.ulg.ac.be,strftime python - Recherche Google - Google Chrome,Tâches diverses,2021-11-24,14:50:44,00:00:16
stefano.crapanzano@chu.ulg.ac.be,strftime python - Recherche Google - Google Chrome,Tâches diverses,2021-11-24,14:54:05,00:00:02
stefano.crapanzano@chu.ulg.ac.be,Python strftime() - datetime to string - Google Chrome,Tâches diverses,2021-11-24,14:47:47,00:00:15
stefano.crapanzano@chu.ulg.ac.be,Python strftime() - datetime to string - Google Chrome,Tâches diverses,2021-11-24,14:48:19,00:00:03
stefano.crapanzano@chu.ulg.ac.be,Python strftime() - datetime to string - Google Chrome,Tâches diverses,2021-11-24,14:49:33,00:00:16
stefano.crapanzano@chu.ulg.ac.be,Python strftime() - datetime to string - Google Chrome,Tâches diverses,2021-11-24,14:54:08,00:00:04
stefano.crapanzano@chu.ulg.ac.be,naive datetime django - Recherche Google - Google Chrome,Tâches diverses,2021-11-24,15:09:56,00:00:18
stefano.crapanzano@chu.ulg.ac.be,naive datetime django - Recherche Google - Google Chrome,Tâches diverses,2021-11-24,15:10:17,00:00:04
stefano.crapanzano@chu.ulg.ac.be,naive datetime django - Recherche Google - Google Chrome,Tâches diverses,2021-11-24,15:10:23,00:00:05
stefano.crapanzano@chu.ulg.ac.be,naive datetime django - Recherche Google - Google Chrome,Tâches diverses,2021-11-24,15:10:31,00:00:03
stefano.crapanzano@chu.ulg.ac.be,django - RuntimeWarning: DateTimeField received a naive datetime - Stack Overflow - Google Chrome,Tâches diverses,2021-11-24,15:10:14,00:00:02
stefano.crapanzano@chu.ulg.ac.be,django - RuntimeWarning: DateTimeField received a naive datetime - Stack Overflow - Google Chrome,Tâches diverses,2021-11-24,15:19:26,00:01:15
stefano.crapanzano@chu.ulg.ac.be,python - Django : RunTimeWarning : DateTimeField received a naive datetime while time zone support is active - Stack Overflow - Google Chrome,Tâches diverses,2021-11-24,15:10:28,00:00:02
stefano.crapanzano@chu.ulg.ac.be,python - Django : RunTimeWarning : DateTimeField received a naive datetime while time zone support is active - Stack Overflow - Google Chrome,Tâches diverses,2021-11-24,15:10:38,00:00:19
stefano.crapanzano@chu.ulg.ac.be,python - Django : RunTimeWarning : DateTimeField received a naive datetime while time zone support is active - Stack Overflow - Google Chrome,Tâches diverses,2021-11-24,15:12:00,00:00:02
stefano.crapanzano@chu.ulg.ac.be,python - Django : RunTimeWarning : DateTimeField received a naive datetime while time zone support is active - Stack Overflow - Google Chrome,Tâches diverses,2021-11-24,15:12:10,00:00:03
stefano.crapanzano@chu.ulg.ac.be,python - Django : RunTimeWarning : DateTimeField received a naive datetime while time zone support is active - Stack Overflow - Google Chrome,Tâches diverses,2021-11-24,15:14:09,00:00:02
stefano.crapanzano@chu.ulg.ac.be,django datetimefield format - Recherche Google - Google Chrome,Tâches diverses,2021-11-24,15:14:22,00:00:06
stefano.crapanzano@chu.ulg.ac.be,django datetimefield format - Recherche Google - Google Chrome,Tâches diverses,2021-11-24,15:15:52,00:01:52
stefano.crapanzano@chu.ulg.ac.be,django datetimefield format insert - Recherche Google - Google Chrome,Tâches diverses,2021-11-24,15:14:28,00:00:02
stefano.crapanzano@chu.ulg.ac.be,django datetimefield format insert - Recherche Google - Google Chrome,Tâches diverses,2021-11-24,15:15:01,00:00:05
stefano.crapanzano@chu.ulg.ac.be,django datetimefield format insert - Recherche Google - Google Chrome,Tâches diverses,2021-11-24,15:15:35,00:00:09
stefano.crapanzano@chu.ulg.ac.be,django datetimefield format insert - Recherche Google - Google Chrome,Tâches diverses,2021-11-24,15:15:47,00:00:04
stefano.crapanzano@chu.ulg.ac.be,Django DateTimeField() - Stack Overflow - Google Chrome,Tâches diverses,2021-11-24,15:14:31,00:00:25
stefano.crapanzano@chu.ulg.ac.be,Django DateTimeField() - Stack Overflow - Google Chrome,Tâches diverses,2021-11-24,15:17:51,00:00:59
stefano.crapanzano@chu.ulg.ac.be,How to insert date and time to DateTimeField in Django after a function in python script gets executed? - Stack Overflow - Google Chrome,Tâches diverses,2021-11-24,15:15:06,00:00:28
stefano.crapanzano@chu.ulg.ac.be,django forms datetimefield Code Example - Google Chrome,Tâches diverses,2021-11-24,15:15:45,00:00:02
stefano.crapanzano@chu.ulg.ac.be,django insert datetime to datetimefield - Recherche Google - Google Chrome,Tâches diverses,2021-11-24,15:17:44,00:00:07
stefano.crapanzano@chu.ulg.ac.be,django insert datetime to datetimefield - Recherche Google - Google Chrome,Tâches diverses,2021-11-24,15:18:51,00:00:06
stefano.crapanzano@chu.ulg.ac.be,django insert datetime to datetimefield - Recherche Google - Google Chrome,Tâches diverses,2021-11-24,15:19:14,00:00:08
stefano.crapanzano@chu.ulg.ac.be,#16583 (Explicitly passing a date to a DateTimeField in a model's create method should override auto_now_add) – Django - Google Chrome,Tâches diverses,2021-11-24,15:18:58,00:00:16
stefano.crapanzano@chu.ulg.ac.be,django insert datetime to datetimefield naive - Recherche Google - Google Chrome,Tâches diverses,2021-11-24,15:19:23,00:00:02
stefano.crapanzano@chu.ulg.ac.be,convert timezone date to datetime - Recherche Google - Google Chrome,Tâches diverses,2021-11-24,15:21:36,00:00:06
stefano.crapanzano@chu.ulg.ac.be,timezone date to datetime - Recherche Google - Google Chrome,Tâches diverses,2021-11-24,15:21:43,00:00:09
stefano.crapanzano@chu.ulg.ac.be,How to make a timezone aware datetime object in Python? - Stack Overflow - Google Chrome,Tâches diverses,2021-11-24,15:21:52,00:00:38
stefano.crapanzano@chu.ulg.ac.be,How to make a timezone aware datetime object in Python? - Stack Overflow - Google Chrome,Tâches diverses,2021-11-24,15:24:16,00:00:02
stefano.crapanzano@chu.ulg.ac.be,How to make a timezone aware datetime object in Python? - Stack Overflow - Google Chrome,Tâches diverses,2021-11-24,15:24:53,00:00:08
stefano.crapanzano@chu.ulg.ac.be,python get detail of except error message - Recherche Google - Google Chrome,Tâches diverses,2021-11-24,15:26:44,00:00:02
stefano.crapanzano@chu.ulg.ac.be,python exception message capturing - Stack Overflow - Google Chrome,Tâches diverses,2021-11-24,15:26:47,00:00:22
stefano.crapanzano@chu.ulg.ac.be,python exception message capturing - Stack Overflow - Google Chrome,Tâches diverses,2021-11-24,15:57:02,00:00:02
stefano.crapanzano@chu.ulg.ac.be,python exception message capturing - Stack Overflow - Google Chrome,Tâches diverses,2021-11-24,16:23:43,00:00:02
stefano.crapanzano@chu.ulg.ac.be,Rechercher,IT,2021-11-24,15:42:14,00:00:11
stefano.crapanzano@chu.ulg.ac.be,Rechercher,IT,2021-11-24,15:59:46,00:00:30
stefano.crapanzano@chu.ulg.ac.be,Rechercher,IT,2021-11-24,16:30:12,00:00:03
stefano.crapanzano@chu.ulg.ac.be,Rechercher,IT,2021-11-24,16:56:16,00:00:06
stefano.crapanzano@chu.ulg.ac.be,TemplateDoesNotExist at /all-stocks/ - Google Chrome,Tâches diverses,2021-11-24,16:24:35,00:00:05
stefano.crapanzano@chu.ulg.ac.be,C:\Users\c158492\ProjetBoulot\PYTHON\ACHAT\intrastat_project\project\intrastat\views.py - Notepad++ [Administrator],IT,2021-11-24,16:28:41,00:01:09
stefano.crapanzano@chu.ulg.ac.be,C:\Users\c158492\ProjetBoulot\PYTHON\ACHAT\intrastat_project\project\intrastat\views.py - Notepad++ [Administrator],IT,2021-11-24,16:30:08,00:00:03
stefano.crapanzano@chu.ulg.ac.be,C:\Users\c158492\ProjetBoulot\PYTHON\ACHAT\intrastat_project\project\intrastat\views.py - Notepad++ [Administrator],IT,2021-11-24,16:30:16,00:00:04
stefano.crapanzano@chu.ulg.ac.be,C:\Users\c158492\ProjetBoulot\PYTHON\ACHAT\intrastat_project\project\intrastat\views.py - Notepad++ [Administrator],IT,2021-11-24,16:40:04,00:00:18
stefano.crapanzano@chu.ulg.ac.be,C:\Users\c158492\ProjetBoulot\PYTHON\ACHAT\intrastat_project\project\intrastat\serializers.py - Notepad++ [Administrator],IT,2021-11-24,16:31:38,00:00:13
stefano.crapanzano@chu.ulg.ac.be,C:\Users\c158492\ProjetBoulot\PYTHON\ACHAT\intrastat_project\project\intrastat\serializers.py - Notepad++ [Administrator],IT,2021-11-24,16:32:26,00:00:02
stefano.crapanzano@chu.ulg.ac.be,C:\Users\c158492\ProjetBoulot\PYTHON\ACHAT\intrastat_project\project\intrastat\serializers.py - Notepad++ [Administrator],IT,2021-11-24,16:34:20,00:00:14
stefano.crapanzano@chu.ulg.ac.be,C:\Users\c158492\ProjetBoulot\PYTHON\ACHAT\intrastat_project\project\intrastat\serializers.py - Notepad++ [Administrator],IT,2021-11-24,16:41:18,00:00:09
stefano.crapanzano@chu.ulg.ac.be,C:\Users\c158492\ProjetBoulot\PYTHON\ACHAT\intrastat_project\project\templates\my_tasks.html - Notepad++ [Administrator],IT,2021-11-24,16:35:00,00:00:17
stefano.crapanzano@chu.ulg.ac.be,C:\Users\c158492\ProjetBoulot\PYTHON\ACHAT\intrastat_project\project\templates\my_tasks.html - Notepad++ [Administrator],IT,2021-11-24,16:35:44,00:00:34
stefano.crapanzano@chu.ulg.ac.be,C:\Users\c158492\ProjetBoulot\PYTHON\ACHAT\intrastat_project\project\templates\my_tasks.html - Notepad++ [Administrator],IT,2021-11-24,16:36:22,00:00:03
stefano.crapanzano@chu.ulg.ac.be,C:\Users\c158492\ProjetBoulot\PYTHON\ACHAT\intrastat_project\project\templates\my_tasks.html - Notepad++ [Administrator],IT,2021-11-24,16:36:44,00:00:11
stefano.crapanzano@chu.ulg.ac.be,C:\Users\c158492\ProjetBoulot\PYTHON\ACHAT\intrastat_project\project\templates\my_tasks.html - Notepad++ [Administrator],IT,2021-11-24,16:37:05,00:00:17
stefano.crapanzano@chu.ulg.ac.be,C:\Users\c158492\ProjetBoulot\PYTHON\ACHAT\intrastat_project\project\templates\my_tasks.html - Notepad++ [Administrator],IT,2021-11-24,16:38:16,00:00:02
stefano.crapanzano@chu.ulg.ac.be,C:\Users\c158492\ProjetBoulot\PYTHON\ACHAT\intrastat_project\project\templates\my_tasks.html - Notepad++ [Administrator],IT,2021-11-24,16:50:16,00:00:10
stefano.crapanzano@chu.ulg.ac.be,C:\Users\c158492\ProjetBoulot\PYTHON\ACHAT\intrastat_project\project\templates\my_tasks.html - Notepad++ [Administrator],IT,2021-11-24,16:55:48,00:00:14
stefano.crapanzano@chu.ulg.ac.be,C:\Users\c158492\ProjetBoulot\PYTHON\ACHAT\intrastat_project\project\templates\my_tasks.html - Notepad++ [Administrator],IT,2021-11-24,16:56:04,00:00:12
stefano.crapanzano@chu.ulg.ac.be,C:\Users\c158492\ProjetBoulot\PYTHON\ACHAT\intrastat_project\project\templates\my_tasks.html - Notepad++ [Administrator],IT,2021-11-24,16:56:23,00:00:23
stefano.crapanzano@chu.ulg.ac.be,C:\Users\c158492\ProjetBoulot\PYTHON\ACHAT\intrastat_project\project\intrastat\utils.py - Notepad++ [Administrator],IT,2021-11-24,16:38:33,00:00:02
stefano.crapanzano@chu.ulg.ac.be,C:\Users\c158492\ProjetBoulot\PYTHON\ACHAT\intrastat_project\project\intrastat\urls.py - Notepad++ [Administrator],IT,2021-11-24,16:38:47,00:00:06
stefano.crapanzano@chu.ulg.ac.be,C:\Users\c158492\ProjetBoulot\PYTHON\ACHAT\intrastat_project\project\intrastat\urls.py - Notepad++ [Administrator],IT,2021-11-24,16:40:00,00:00:04
stefano.crapanzano@chu.ulg.ac.be,C:\Users\c158492\ProjetBoulot\PYTHON\ACHAT\intrastat_project\project\intrastat\urls.py - Notepad++ [Administrator],IT,2021-11-24,16:48:32,00:00:43
stefano.crapanzano@chu.ulg.ac.be,127.0.0.1 - Google Chrome,Tâches diverses,2021-11-24,17:16:31,00:00:03
stefano.crapanzano@chu.ulg.ac.be,127.0.0.1 - Google Chrome,Tâches diverses,2021-11-24,17:17:40,00:00:05
stefano.crapanzano@chu.ulg.ac.be,C:\Users\c158492\ProjetBoulot\PYTHON\ACHAT\intrastat_project\project\project\settings\base.py - Notepad++ [Administrator],IT,2021-11-24,16:43:32,00:00:05
stefano.crapanzano@chu.ulg.ac.be,C:\Users\c158492\ProjetBoulot\PYTHON\ACHAT\intrastat_project\project\project\settings\base.py - Notepad++ [Administrator],IT,2021-11-24,16:44:02,00:00:17
stefano.crapanzano@chu.ulg.ac.be,C:\Users\c158492\ProjetBoulot\PYTHON\ACHAT\intrastat_project\project\project\settings\base.py - Notepad++ [Administrator],IT,2021-11-24,16:44:23,00:00:02
stefano.crapanzano@chu.ulg.ac.be,C:\Users\c158492\ProjetBoulot\PYTHON\ACHAT\intrastat_project\project\project\settings\base.py - Notepad++ [Administrator],IT,2021-11-24,16:44:40,00:00:24
stefano.crapanzano@chu.ulg.ac.be,rest framework datatables module - Recherche Google - Google Chrome,Tâches diverses,2021-11-24,16:45:56,00:00:05
stefano.crapanzano@chu.ulg.ac.be,djangorestframework-datatables · PyPI - Google Chrome,Tâches diverses,2021-11-24,16:46:01,00:00:09
stefano.crapanzano@chu.ulg.ac.be,group by django - Recherche Google - Google Chrome,Tâches diverses,2021-11-24,17:06:46,00:00:02
stefano.crapanzano@chu.ulg.ac.be,python - How to query as GROUP BY in django? - Stack Overflow - Google Chrome,Tâches diverses,2021-11-24,17:06:49,00:00:16
stefano.crapanzano@chu.ulg.ac.be,Aggregation | Django documentation | Django - Google Chrome,Tâches diverses,2021-11-24,17:07:05,00:00:52
stefano.crapanzano@chu.ulg.ac.be,Aggregation | Django documentation | Django - Google Chrome,Tâches diverses,2021-11-24,17:07:59,00:00:06
stefano.crapanzano@chu.ulg.ac.be,Aggregation | Django documentation | Django - Google Chrome,Tâches diverses,2021-11-24,17:08:09,00:00:04
stefano.crapanzano@chu.ulg.ac.be,Aggregation | Django documentation | Django - Google Chrome,Tâches diverses,2021-11-24,17:08:28,00:00:04
stefano.crapanzano@chu.ulg.ac.be,Aggregation | Django documentation | Django - Google Chrome,Tâches diverses,2021-11-24,17:08:39,00:00:19
stefano.crapanzano@chu.ulg.ac.be,Aggregation | Django documentation | Django - Google Chrome,Tâches diverses,2021-11-24,17:09:01,00:01:29
stefano.crapanzano@chu.ulg.ac.be,django group by column - Recherche Google - Google Chrome,Tâches diverses,2021-11-24,17:10:40,00:00:04
stefano.crapanzano@chu.ulg.ac.be,django group by column - Recherche Google - Google Chrome,Tâches diverses,2021-11-24,17:12:01,00:00:05
stefano.crapanzano@chu.ulg.ac.be,How to Create Group By Queries With Django ORM - Google Chrome,Tâches diverses,2021-11-24,17:10:44,00:01:16
stefano.crapanzano@chu.ulg.ac.be,django group by multiple column - Recherche Google - Google Chrome,Tâches diverses,2021-11-24,17:12:07,00:00:02
stefano.crapanzano@chu.ulg.ac.be,django group by multiple column - Recherche Google - Google Chrome,Tâches diverses,2021-11-24,17:14:10,00:00:20
stefano.crapanzano@chu.ulg.ac.be,Django orm group by multiple columns - Stack Overflow - Google Chrome,Tâches diverses,2021-11-24,17:12:09,00:00:21
stefano.crapanzano@chu.ulg.ac.be,Django orm group by multiple columns - Stack Overflow - Google Chrome,Tâches diverses,2021-11-24,17:13:36,00:00:07
stefano.crapanzano@chu.ulg.ac.be,Django orm group by multiple columns - Stack Overflow - Google Chrome,Tâches diverses,2021-11-24,17:13:57,00:00:05
stefano.crapanzano@chu.ulg.ac.be,Django orm group by multiple columns - Stack Overflow - Google Chrome,Tâches diverses,2021-11-24,17:14:07,00:00:02
stefano.crapanzano@chu.ulg.ac.be,Understand Group by in Django with SQL | Haki Benita - Google Chrome,Tâches diverses,2021-11-24,17:14:30,00:01:12
stefano.crapanzano@chu.ulg.ac.be,how to see query django queryset - Recherche Google - Google Chrome,Tâches diverses,2021-11-24,17:19:18,00:00:02
stefano.crapanzano@chu.ulg.ac.be,python - Getting the SQL from a Django QuerySet - Stack Overflow - Google Chrome,Tâches diverses,2021-11-24,17:19:21,00:00:04
stefano.crapanzano@chu.ulg.ac.be,python - Getting the SQL from a Django QuerySet - Stack Overflow - Google Chrome,Tâches diverses,2021-11-24,17:19:31,00:00:02
stefano.crapanzano@chu.ulg.ac.be,django execute sql query - Recherche Google - Google Chrome,Tâches diverses,2021-11-24,17:20:31,00:00:03
stefano.crapanzano@chu.ulg.ac.be,Lancement de requêtes SQL brutes | Documentation de Django | Django - Google Chrome,Tâches diverses,2021-11-24,17:20:34,00:00:02
stefano.crapanzano@chu.ulg.ac.be,Lancement de requêtes SQL brutes | Documentation de Django | Django - Google Chrome,Tâches diverses,2021-11-24,17:21:08,00:00:02
stefano.crapanzano@chu.ulg.ac.be,django.core.exceptions.FieldDoesNotExist: Raw query must include the primary key - Recherche Google - Google Chrome,Tâches diverses,2021-11-24,17:27:16,00:00:02
stefano.crapanzano@chu.ulg.ac.be,django - Raw query must include the primary key - Stack Overflow - Google Chrome,Tâches diverses,2021-11-24,17:27:19,00:00:05
stefano.crapanzano@chu.ulg.ac.be,django - Raw query must include the primary key - Stack Overflow - Google Chrome,Tâches diverses,2021-11-24,17:27:34,00:00:03
