Email,Description,Project,Start date,Start time,Duration
stefano.crapanzano@chu.ulg.ac.be,Administrateur : Perl (command line) - python  main.py,IT,2021-02-17,08:38:50,00:00:02
stefano.crapanzano@chu.ulg.ac.be,Navigation système de fichier,IT,2021-02-17,08:42:46,00:00:02
stefano.crapanzano@chu.ulg.ac.be,Navigation système de fichier,IT,2021-02-17,08:51:19,00:00:27
stefano.crapanzano@chu.ulg.ac.be,Navigation système de fichier,IT,2021-02-17,08:52:30,00:00:06
stefano.crapanzano@chu.ulg.ac.be,Navigation système de fichier,IT,2021-02-17,09:28:00,00:00:05
stefano.crapanzano@chu.ulg.ac.be,Navigation système de fichier,IT,2021-02-17,09:59:53,00:00:02
stefano.crapanzano@chu.ulg.ac.be,Navigation système de fichier,IT,2021-02-17,10:51:28,00:00:02
stefano.crapanzano@chu.ulg.ac.be,Navigation système de fichier,IT,2021-02-17,10:53:43,00:00:02
stefano.crapanzano@chu.ulg.ac.be,Navigation système de fichier,IT,2021-02-17,11:01:56,00:00:28
stefano.crapanzano@chu.ulg.ac.be,Navigation système de fichier,IT,2021-02-17,13:03:54,00:00:02
stefano.crapanzano@chu.ulg.ac.be,Navigation système de fichier,IT,2021-02-17,13:35:03,00:00:02
stefano.crapanzano@chu.ulg.ac.be,Navigation système de fichier,IT,2021-02-17,13:35:20,00:00:03
stefano.crapanzano@chu.ulg.ac.be,Navigation système de fichier,IT,2021-02-17,13:43:02,00:00:02
stefano.crapanzano@chu.ulg.ac.be,Navigation système de fichier,IT,2021-02-17,13:46:27,00:00:03
stefano.crapanzano@chu.ulg.ac.be,Navigation système de fichier,IT,2021-02-17,15:24:22,00:00:02
stefano.crapanzano@chu.ulg.ac.be,Navigation système de fichier,IT,2021-02-17,15:28:18,00:00:05
stefano.crapanzano@chu.ulg.ac.be,Navigation système de fichier,IT,2021-02-17,15:37:19,00:00:04
stefano.crapanzano@chu.ulg.ac.be,Navigation système de fichier,IT,2021-02-17,15:40:15,00:00:07
stefano.crapanzano@chu.ulg.ac.be,Navigation système de fichier,IT,2021-02-17,15:56:42,00:00:22
stefano.crapanzano@chu.ulg.ac.be,Navigation système de fichier,IT,2021-02-17,16:03:19,00:00:09
stefano.crapanzano@chu.ulg.ac.be,Navigation système de fichier,IT,2021-02-17,16:04:45,00:00:18
stefano.crapanzano@chu.ulg.ac.be,Navigation système de fichier,IT,2021-02-17,16:34:11,00:00:03
stefano.crapanzano@chu.ulg.ac.be,Navigation système de fichier,IT,2021-02-17,16:51:12,00:00:02
stefano.crapanzano@chu.ulg.ac.be,Navigation système de fichier,IT,2021-02-17,17:02:44,00:00:07
stefano.crapanzano@chu.ulg.ac.be,taskeng.exe,IT,2021-02-17,08:38:54,00:00:06
stefano.crapanzano@chu.ulg.ac.be,Programmation,IT,2021-02-17,08:39:03,00:00:02
stefano.crapanzano@chu.ulg.ac.be,Programmation,IT,2021-02-17,09:59:55,00:00:55
stefano.crapanzano@chu.ulg.ac.be,Programmation,IT,2021-02-17,10:04:01,00:01:11
stefano.crapanzano@chu.ulg.ac.be,Programmation,IT,2021-02-17,10:05:24,00:02:28
stefano.crapanzano@chu.ulg.ac.be,Programmation,IT,2021-02-17,10:10:53,00:00:27
stefano.crapanzano@chu.ulg.ac.be,Programmation,IT,2021-02-17,10:11:22,00:00:35
stefano.crapanzano@chu.ulg.ac.be,Programmation,IT,2021-02-17,10:12:03,00:01:57
stefano.crapanzano@chu.ulg.ac.be,Programmation,IT,2021-02-17,10:14:21,00:00:47
stefano.crapanzano@chu.ulg.ac.be,Programmation,IT,2021-02-17,10:17:15,00:02:01
stefano.crapanzano@chu.ulg.ac.be,Programmation,IT,2021-02-17,10:24:14,00:00:05
stefano.crapanzano@chu.ulg.ac.be,Programmation,IT,2021-02-17,10:24:22,00:00:34
stefano.crapanzano@chu.ulg.ac.be,Programmation,IT,2021-02-17,10:25:40,00:04:45
stefano.crapanzano@chu.ulg.ac.be,Programmation,IT,2021-02-17,10:31:10,00:07:58
stefano.crapanzano@chu.ulg.ac.be,Programmation,IT,2021-02-17,10:39:30,00:05:22
stefano.crapanzano@chu.ulg.ac.be,Programmation,IT,2021-02-17,10:45:37,00:03:07
stefano.crapanzano@chu.ulg.ac.be,Programmation,IT,2021-02-17,10:49:12,00:02:01
stefano.crapanzano@chu.ulg.ac.be,Programmation,IT,2021-02-17,10:53:45,00:00:31
stefano.crapanzano@chu.ulg.ac.be,Programmation,IT,2021-02-17,10:56:32,00:00:02
stefano.crapanzano@chu.ulg.ac.be,Programmation,IT,2021-02-17,10:57:27,00:01:00
stefano.crapanzano@chu.ulg.ac.be,Programmation,IT,2021-02-17,10:58:35,00:00:36
stefano.crapanzano@chu.ulg.ac.be,Programmation,IT,2021-02-17,10:59:25,00:01:00
stefano.crapanzano@chu.ulg.ac.be,Programmation,IT,2021-02-17,11:00:35,00:00:35
stefano.crapanzano@chu.ulg.ac.be,Programmation,IT,2021-02-17,11:02:24,00:00:27
stefano.crapanzano@chu.ulg.ac.be,Programmation,IT,2021-02-17,11:02:56,00:01:00
stefano.crapanzano@chu.ulg.ac.be,Programmation,IT,2021-02-17,11:04:00,00:01:02
stefano.crapanzano@chu.ulg.ac.be,Programmation,IT,2021-02-17,11:05:36,00:00:35
stefano.crapanzano@chu.ulg.ac.be,Programmation,IT,2021-02-17,11:06:13,00:00:21
stefano.crapanzano@chu.ulg.ac.be,Programmation,IT,2021-02-17,11:06:47,00:01:18
stefano.crapanzano@chu.ulg.ac.be,Programmation,IT,2021-02-17,11:08:09,00:01:13
stefano.crapanzano@chu.ulg.ac.be,Programmation,IT,2021-02-17,11:09:24,00:01:58
stefano.crapanzano@chu.ulg.ac.be,Programmation,IT,2021-02-17,11:11:42,00:01:10
stefano.crapanzano@chu.ulg.ac.be,Programmation,IT,2021-02-17,11:13:01,00:00:45
stefano.crapanzano@chu.ulg.ac.be,Programmation,IT,2021-02-17,11:16:12,00:00:20
stefano.crapanzano@chu.ulg.ac.be,Programmation,IT,2021-02-17,11:17:02,00:00:36
stefano.crapanzano@chu.ulg.ac.be,Programmation,IT,2021-02-17,11:17:45,00:00:34
stefano.crapanzano@chu.ulg.ac.be,Programmation,IT,2021-02-17,11:18:24,00:00:23
stefano.crapanzano@chu.ulg.ac.be,Programmation,IT,2021-02-17,11:18:52,00:00:27
stefano.crapanzano@chu.ulg.ac.be,Programmation,IT,2021-02-17,11:19:26,00:00:51
stefano.crapanzano@chu.ulg.ac.be,Programmation,IT,2021-02-17,11:20:22,00:02:06
stefano.crapanzano@chu.ulg.ac.be,Programmation,IT,2021-02-17,11:22:40,00:01:25
stefano.crapanzano@chu.ulg.ac.be,Programmation,IT,2021-02-17,11:24:14,00:00:50
stefano.crapanzano@chu.ulg.ac.be,Programmation,IT,2021-02-17,11:25:13,00:01:05
stefano.crapanzano@chu.ulg.ac.be,Programmation,IT,2021-02-17,11:26:31,00:00:44
stefano.crapanzano@chu.ulg.ac.be,Programmation,IT,2021-02-17,11:27:33,00:00:46
stefano.crapanzano@chu.ulg.ac.be,Programmation,IT,2021-02-17,11:31:24,00:00:37
stefano.crapanzano@chu.ulg.ac.be,Programmation,IT,2021-02-17,11:32:04,00:00:12
stefano.crapanzano@chu.ulg.ac.be,Programmation,IT,2021-02-17,11:32:18,00:01:05
stefano.crapanzano@chu.ulg.ac.be,Programmation,IT,2021-02-17,11:33:34,00:00:04
stefano.crapanzano@chu.ulg.ac.be,Programmation,IT,2021-02-17,11:33:45,00:00:56
stefano.crapanzano@chu.ulg.ac.be,Programmation,IT,2021-02-17,11:34:43,00:00:04
stefano.crapanzano@chu.ulg.ac.be,Programmation,IT,2021-02-17,11:34:56,00:00:03
stefano.crapanzano@chu.ulg.ac.be,Programmation,IT,2021-02-17,11:35:45,00:00:55
stefano.crapanzano@chu.ulg.ac.be,Programmation,IT,2021-02-17,11:37:03,00:00:18
stefano.crapanzano@chu.ulg.ac.be,Programmation,IT,2021-02-17,11:38:36,00:00:43
stefano.crapanzano@chu.ulg.ac.be,Programmation,IT,2021-02-17,11:39:45,00:00:24
stefano.crapanzano@chu.ulg.ac.be,Programmation,IT,2021-02-17,11:40:30,00:00:51
stefano.crapanzano@chu.ulg.ac.be,Programmation,IT,2021-02-17,11:41:41,00:00:30
stefano.crapanzano@chu.ulg.ac.be,Programmation,IT,2021-02-17,11:42:13,00:00:12
stefano.crapanzano@chu.ulg.ac.be,Programmation,IT,2021-02-17,11:42:33,00:00:06
stefano.crapanzano@chu.ulg.ac.be,Programmation,IT,2021-02-17,11:42:59,00:00:12
stefano.crapanzano@chu.ulg.ac.be,Programmation,IT,2021-02-17,11:43:22,00:00:38
stefano.crapanzano@chu.ulg.ac.be,Programmation,IT,2021-02-17,11:44:14,00:00:02
stefano.crapanzano@chu.ulg.ac.be,Programmation,IT,2021-02-17,11:44:24,00:01:02
stefano.crapanzano@chu.ulg.ac.be,Programmation,IT,2021-02-17,11:45:37,00:00:05
stefano.crapanzano@chu.ulg.ac.be,Programmation,IT,2021-02-17,11:49:08,00:00:15
stefano.crapanzano@chu.ulg.ac.be,Programmation,IT,2021-02-17,11:49:42,00:00:36
stefano.crapanzano@chu.ulg.ac.be,Programmation,IT,2021-02-17,11:50:47,00:00:49
stefano.crapanzano@chu.ulg.ac.be,Programmation,IT,2021-02-17,11:51:57,00:00:04
stefano.crapanzano@chu.ulg.ac.be,Programmation,IT,2021-02-17,11:52:07,00:00:33
stefano.crapanzano@chu.ulg.ac.be,Programmation,IT,2021-02-17,11:52:56,00:00:12
stefano.crapanzano@chu.ulg.ac.be,Programmation,IT,2021-02-17,11:56:39,00:00:42
stefano.crapanzano@chu.ulg.ac.be,Programmation,IT,2021-02-17,12:00:31,00:00:43
stefano.crapanzano@chu.ulg.ac.be,Programmation,IT,2021-02-17,12:01:22,00:02:04
stefano.crapanzano@chu.ulg.ac.be,Programmation,IT,2021-02-17,12:03:30,00:00:55
stefano.crapanzano@chu.ulg.ac.be,Programmation,IT,2021-02-17,12:04:50,00:00:35
stefano.crapanzano@chu.ulg.ac.be,Programmation,IT,2021-02-17,12:05:44,00:00:17
stefano.crapanzano@chu.ulg.ac.be,Programmation,IT,2021-02-17,12:06:25,00:00:22
stefano.crapanzano@chu.ulg.ac.be,Programmation,IT,2021-02-17,12:10:01,00:01:50
stefano.crapanzano@chu.ulg.ac.be,Programmation,IT,2021-02-17,12:12:00,00:00:30
stefano.crapanzano@chu.ulg.ac.be,Programmation,IT,2021-02-17,12:12:32,00:00:26
stefano.crapanzano@chu.ulg.ac.be,Programmation,IT,2021-02-17,12:13:58,00:00:54
stefano.crapanzano@chu.ulg.ac.be,Programmation,IT,2021-02-17,12:14:56,00:01:45
stefano.crapanzano@chu.ulg.ac.be,Programmation,IT,2021-02-17,12:16:42,00:00:48
stefano.crapanzano@chu.ulg.ac.be,Programmation,IT,2021-02-17,12:17:34,00:00:11
stefano.crapanzano@chu.ulg.ac.be,Programmation,IT,2021-02-17,12:18:13,00:00:24
stefano.crapanzano@chu.ulg.ac.be,Programmation,IT,2021-02-17,12:18:58,00:00:14
stefano.crapanzano@chu.ulg.ac.be,Programmation,IT,2021-02-17,12:20:53,00:00:25
stefano.crapanzano@chu.ulg.ac.be,Programmation,IT,2021-02-17,12:21:30,00:00:27
stefano.crapanzano@chu.ulg.ac.be,Programmation,IT,2021-02-17,12:22:07,00:00:18
stefano.crapanzano@chu.ulg.ac.be,Programmation,IT,2021-02-17,12:22:31,00:00:15
stefano.crapanzano@chu.ulg.ac.be,Programmation,IT,2021-02-17,12:22:49,00:00:39
stefano.crapanzano@chu.ulg.ac.be,Programmation,IT,2021-02-17,12:23:33,00:00:59
stefano.crapanzano@chu.ulg.ac.be,Programmation,IT,2021-02-17,12:24:43,00:00:33
stefano.crapanzano@chu.ulg.ac.be,Programmation,IT,2021-02-17,12:25:32,00:00:05
stefano.crapanzano@chu.ulg.ac.be,Programmation,IT,2021-02-17,12:25:48,00:00:41
stefano.crapanzano@chu.ulg.ac.be,Programmation,IT,2021-02-17,12:26:43,00:00:39
stefano.crapanzano@chu.ulg.ac.be,Programmation,IT,2021-02-17,12:27:42,00:00:37
stefano.crapanzano@chu.ulg.ac.be,Programmation,IT,2021-02-17,12:29:09,00:02:03
stefano.crapanzano@chu.ulg.ac.be,Programmation,IT,2021-02-17,12:31:54,00:00:06
stefano.crapanzano@chu.ulg.ac.be,Programmation,IT,2021-02-17,12:32:09,00:00:37
stefano.crapanzano@chu.ulg.ac.be,Programmation,IT,2021-02-17,12:32:50,00:00:44
stefano.crapanzano@chu.ulg.ac.be,Programmation,IT,2021-02-17,12:33:52,00:00:54
stefano.crapanzano@chu.ulg.ac.be,Programmation,IT,2021-02-17,12:34:56,00:00:02
stefano.crapanzano@chu.ulg.ac.be,Programmation,IT,2021-02-17,12:35:02,00:00:18
stefano.crapanzano@chu.ulg.ac.be,Programmation,IT,2021-02-17,12:35:30,00:00:02
stefano.crapanzano@chu.ulg.ac.be,Programmation,IT,2021-02-17,12:35:35,00:00:02
stefano.crapanzano@chu.ulg.ac.be,Programmation,IT,2021-02-17,12:35:38,00:02:14
stefano.crapanzano@chu.ulg.ac.be,Programmation,IT,2021-02-17,12:41:37,00:00:13
stefano.crapanzano@chu.ulg.ac.be,Programmation,IT,2021-02-17,12:42:27,00:00:17
stefano.crapanzano@chu.ulg.ac.be,Programmation,IT,2021-02-17,12:43:15,00:00:25
stefano.crapanzano@chu.ulg.ac.be,Programmation,IT,2021-02-17,12:43:41,00:00:03
stefano.crapanzano@chu.ulg.ac.be,Programmation,IT,2021-02-17,12:43:52,00:00:32
stefano.crapanzano@chu.ulg.ac.be,Programmation,IT,2021-02-17,12:44:42,00:00:05
stefano.crapanzano@chu.ulg.ac.be,Programmation,IT,2021-02-17,12:47:35,00:00:15
stefano.crapanzano@chu.ulg.ac.be,Programmation,IT,2021-02-17,12:48:06,00:00:29
stefano.crapanzano@chu.ulg.ac.be,Programmation,IT,2021-02-17,12:48:43,00:00:26
stefano.crapanzano@chu.ulg.ac.be,Programmation,IT,2021-02-17,12:49:27,00:00:02
stefano.crapanzano@chu.ulg.ac.be,Programmation,IT,2021-02-17,12:51:31,00:00:27
stefano.crapanzano@chu.ulg.ac.be,Programmation,IT,2021-02-17,12:52:29,00:00:26
stefano.crapanzano@chu.ulg.ac.be,Programmation,IT,2021-02-17,12:53:33,00:01:47
stefano.crapanzano@chu.ulg.ac.be,Programmation,IT,2021-02-17,12:55:53,00:00:09
stefano.crapanzano@chu.ulg.ac.be,Programmation,IT,2021-02-17,12:56:28,00:00:12
stefano.crapanzano@chu.ulg.ac.be,Programmation,IT,2021-02-17,12:56:49,00:00:09
stefano.crapanzano@chu.ulg.ac.be,Programmation,IT,2021-02-17,12:57:17,00:00:39
stefano.crapanzano@chu.ulg.ac.be,Programmation,IT,2021-02-17,12:58:07,00:00:05
stefano.crapanzano@chu.ulg.ac.be,Programmation,IT,2021-02-17,12:58:30,00:00:11
stefano.crapanzano@chu.ulg.ac.be,Programmation,IT,2021-02-17,13:00:28,00:00:18
stefano.crapanzano@chu.ulg.ac.be,Programmation,IT,2021-02-17,13:01:11,00:00:48
stefano.crapanzano@chu.ulg.ac.be,Programmation,IT,2021-02-17,13:02:05,00:00:11
stefano.crapanzano@chu.ulg.ac.be,Programmation,IT,2021-02-17,13:02:28,00:00:39
stefano.crapanzano@chu.ulg.ac.be,Programmation,IT,2021-02-17,13:03:17,00:00:23
stefano.crapanzano@chu.ulg.ac.be,Programmation,IT,2021-02-17,13:03:45,00:00:08
stefano.crapanzano@chu.ulg.ac.be,Programmation,IT,2021-02-17,13:04:21,00:00:06
stefano.crapanzano@chu.ulg.ac.be,Programmation,IT,2021-02-17,13:05:05,00:01:21
stefano.crapanzano@chu.ulg.ac.be,Programmation,IT,2021-02-17,13:18:14,00:05:22
stefano.crapanzano@chu.ulg.ac.be,Programmation,IT,2021-02-17,13:24:07,00:10:55
stefano.crapanzano@chu.ulg.ac.be,Programmation,IT,2021-02-17,13:35:12,00:00:05
stefano.crapanzano@chu.ulg.ac.be,Programmation,IT,2021-02-17,13:37:16,00:01:29
stefano.crapanzano@chu.ulg.ac.be,Programmation,IT,2021-02-17,13:39:33,00:00:06
stefano.crapanzano@chu.ulg.ac.be,Programmation,IT,2021-02-17,13:39:57,00:00:09
stefano.crapanzano@chu.ulg.ac.be,Programmation,IT,2021-02-17,13:40:30,00:00:35
stefano.crapanzano@chu.ulg.ac.be,Programmation,IT,2021-02-17,13:41:55,00:00:05
stefano.crapanzano@chu.ulg.ac.be,Programmation,IT,2021-02-17,13:42:08,00:00:44
stefano.crapanzano@chu.ulg.ac.be,Programmation,IT,2021-02-17,13:43:25,00:00:30
stefano.crapanzano@chu.ulg.ac.be,Programmation,IT,2021-02-17,13:43:58,00:00:34
stefano.crapanzano@chu.ulg.ac.be,Programmation,IT,2021-02-17,13:45:35,00:00:08
stefano.crapanzano@chu.ulg.ac.be,Programmation,IT,2021-02-17,13:46:30,00:00:04
stefano.crapanzano@chu.ulg.ac.be,Programmation,IT,2021-02-17,13:46:36,00:00:03
stefano.crapanzano@chu.ulg.ac.be,Programmation,IT,2021-02-17,13:46:44,00:00:02
stefano.crapanzano@chu.ulg.ac.be,Programmation,IT,2021-02-17,13:46:56,00:01:29
stefano.crapanzano@chu.ulg.ac.be,Programmation,IT,2021-02-17,13:49:07,00:00:17
stefano.crapanzano@chu.ulg.ac.be,Programmation,IT,2021-02-17,13:49:28,00:00:08
stefano.crapanzano@chu.ulg.ac.be,Programmation,IT,2021-02-17,13:49:51,00:00:47
stefano.crapanzano@chu.ulg.ac.be,Programmation,IT,2021-02-17,13:50:39,00:00:41
stefano.crapanzano@chu.ulg.ac.be,Programmation,IT,2021-02-17,13:51:25,00:00:24
stefano.crapanzano@chu.ulg.ac.be,Programmation,IT,2021-02-17,13:51:56,00:00:26
stefano.crapanzano@chu.ulg.ac.be,Programmation,IT,2021-02-17,13:52:29,00:00:30
stefano.crapanzano@chu.ulg.ac.be,Programmation,IT,2021-02-17,13:53:07,00:00:38
stefano.crapanzano@chu.ulg.ac.be,Programmation,IT,2021-02-17,13:53:52,00:00:14
stefano.crapanzano@chu.ulg.ac.be,Programmation,IT,2021-02-17,13:54:16,00:00:49
stefano.crapanzano@chu.ulg.ac.be,Programmation,IT,2021-02-17,13:55:10,00:01:15
stefano.crapanzano@chu.ulg.ac.be,Programmation,IT,2021-02-17,13:57:20,00:00:52
stefano.crapanzano@chu.ulg.ac.be,Programmation,IT,2021-02-17,13:58:24,00:00:13
stefano.crapanzano@chu.ulg.ac.be,Programmation,IT,2021-02-17,13:58:49,00:00:52
stefano.crapanzano@chu.ulg.ac.be,Programmation,IT,2021-02-17,14:02:02,00:00:40
stefano.crapanzano@chu.ulg.ac.be,Programmation,IT,2021-02-17,14:03:05,00:00:13
stefano.crapanzano@chu.ulg.ac.be,Programmation,IT,2021-02-17,14:03:29,00:00:12
stefano.crapanzano@chu.ulg.ac.be,Programmation,IT,2021-02-17,14:03:49,00:00:17
stefano.crapanzano@chu.ulg.ac.be,Programmation,IT,2021-02-17,14:04:22,00:00:12
stefano.crapanzano@chu.ulg.ac.be,Programmation,IT,2021-02-17,14:04:46,00:00:07
stefano.crapanzano@chu.ulg.ac.be,Programmation,IT,2021-02-17,14:05:08,00:00:02
stefano.crapanzano@chu.ulg.ac.be,Programmation,IT,2021-02-17,14:05:41,00:00:28
stefano.crapanzano@chu.ulg.ac.be,Programmation,IT,2021-02-17,14:06:57,00:00:10
stefano.crapanzano@chu.ulg.ac.be,Programmation,IT,2021-02-17,14:07:10,00:00:15
stefano.crapanzano@chu.ulg.ac.be,Programmation,IT,2021-02-17,14:07:48,00:00:06
stefano.crapanzano@chu.ulg.ac.be,Programmation,IT,2021-02-17,14:07:59,00:00:14
stefano.crapanzano@chu.ulg.ac.be,Programmation,IT,2021-02-17,14:08:22,00:01:09
stefano.crapanzano@chu.ulg.ac.be,Programmation,IT,2021-02-17,14:09:46,00:00:31
stefano.crapanzano@chu.ulg.ac.be,Programmation,IT,2021-02-17,14:10:28,00:00:36
stefano.crapanzano@chu.ulg.ac.be,Programmation,IT,2021-02-17,14:12:04,00:00:05
stefano.crapanzano@chu.ulg.ac.be,Programmation,IT,2021-02-17,14:12:34,00:00:41
stefano.crapanzano@chu.ulg.ac.be,Programmation,IT,2021-02-17,14:13:28,00:00:27
stefano.crapanzano@chu.ulg.ac.be,Programmation,IT,2021-02-17,14:14:05,00:00:18
stefano.crapanzano@chu.ulg.ac.be,Programmation,IT,2021-02-17,14:14:48,00:00:04
stefano.crapanzano@chu.ulg.ac.be,Programmation,IT,2021-02-17,14:15:17,00:00:11
stefano.crapanzano@chu.ulg.ac.be,Programmation,IT,2021-02-17,14:15:43,00:00:27
stefano.crapanzano@chu.ulg.ac.be,Programmation,IT,2021-02-17,14:17:39,00:00:03
stefano.crapanzano@chu.ulg.ac.be,Programmation,IT,2021-02-17,14:17:58,00:00:45
stefano.crapanzano@chu.ulg.ac.be,Programmation,IT,2021-02-17,14:18:55,00:00:13
stefano.crapanzano@chu.ulg.ac.be,Programmation,IT,2021-02-17,14:19:13,00:01:15
stefano.crapanzano@chu.ulg.ac.be,Programmation,IT,2021-02-17,14:20:49,00:00:34
stefano.crapanzano@chu.ulg.ac.be,Programmation,IT,2021-02-17,14:21:27,00:00:39
stefano.crapanzano@chu.ulg.ac.be,Programmation,IT,2021-02-17,14:22:12,00:00:08
stefano.crapanzano@chu.ulg.ac.be,Programmation,IT,2021-02-17,14:22:29,00:00:06
stefano.crapanzano@chu.ulg.ac.be,Programmation,IT,2021-02-17,14:22:42,00:00:08
stefano.crapanzano@chu.ulg.ac.be,Programmation,IT,2021-02-17,14:23:08,00:00:15
stefano.crapanzano@chu.ulg.ac.be,Programmation,IT,2021-02-17,14:23:38,00:00:03
stefano.crapanzano@chu.ulg.ac.be,Programmation,IT,2021-02-17,14:33:42,00:00:20
stefano.crapanzano@chu.ulg.ac.be,Programmation,IT,2021-02-17,14:34:11,00:00:27
stefano.crapanzano@chu.ulg.ac.be,Programmation,IT,2021-02-17,14:35:05,00:00:13
stefano.crapanzano@chu.ulg.ac.be,Programmation,IT,2021-02-17,14:35:25,00:01:02
stefano.crapanzano@chu.ulg.ac.be,Programmation,IT,2021-02-17,14:37:24,00:00:46
stefano.crapanzano@chu.ulg.ac.be,Programmation,IT,2021-02-17,14:38:33,00:00:05
stefano.crapanzano@chu.ulg.ac.be,Programmation,IT,2021-02-17,14:38:48,00:00:18
stefano.crapanzano@chu.ulg.ac.be,Programmation,IT,2021-02-17,14:39:46,00:00:26
stefano.crapanzano@chu.ulg.ac.be,Programmation,IT,2021-02-17,14:40:45,00:00:08
stefano.crapanzano@chu.ulg.ac.be,Programmation,IT,2021-02-17,14:41:17,00:00:07
stefano.crapanzano@chu.ulg.ac.be,Programmation,IT,2021-02-17,14:41:46,00:01:00
stefano.crapanzano@chu.ulg.ac.be,Programmation,IT,2021-02-17,14:43:36,00:00:07
stefano.crapanzano@chu.ulg.ac.be,Programmation,IT,2021-02-17,14:44:13,00:00:27
stefano.crapanzano@chu.ulg.ac.be,Programmation,IT,2021-02-17,14:45:49,00:01:28
stefano.crapanzano@chu.ulg.ac.be,Programmation,IT,2021-02-17,14:47:20,00:00:18
stefano.crapanzano@chu.ulg.ac.be,Programmation,IT,2021-02-17,14:49:08,00:01:15
stefano.crapanzano@chu.ulg.ac.be,Programmation,IT,2021-02-17,14:50:30,00:00:24
stefano.crapanzano@chu.ulg.ac.be,Programmation,IT,2021-02-17,14:52:03,00:02:23
stefano.crapanzano@chu.ulg.ac.be,Programmation,IT,2021-02-17,14:54:41,00:01:34
stefano.crapanzano@chu.ulg.ac.be,Programmation,IT,2021-02-17,14:58:28,00:02:19
stefano.crapanzano@chu.ulg.ac.be,Programmation,IT,2021-02-17,15:01:55,00:02:38
stefano.crapanzano@chu.ulg.ac.be,Programmation,IT,2021-02-17,15:04:38,00:00:05
stefano.crapanzano@chu.ulg.ac.be,Programmation,IT,2021-02-17,15:04:47,00:00:29
stefano.crapanzano@chu.ulg.ac.be,Programmation,IT,2021-02-17,15:05:46,00:00:13
stefano.crapanzano@chu.ulg.ac.be,Programmation,IT,2021-02-17,15:06:15,00:00:04
stefano.crapanzano@chu.ulg.ac.be,Programmation,IT,2021-02-17,15:06:30,00:00:05
stefano.crapanzano@chu.ulg.ac.be,Programmation,IT,2021-02-17,15:06:45,00:00:29
stefano.crapanzano@chu.ulg.ac.be,Programmation,IT,2021-02-17,15:07:47,00:00:17
stefano.crapanzano@chu.ulg.ac.be,Programmation,IT,2021-02-17,15:08:08,00:00:02
stefano.crapanzano@chu.ulg.ac.be,Programmation,IT,2021-02-17,15:09:10,00:00:17
stefano.crapanzano@chu.ulg.ac.be,Programmation,IT,2021-02-17,15:09:36,00:00:52
stefano.crapanzano@chu.ulg.ac.be,Programmation,IT,2021-02-17,15:10:32,00:00:06
stefano.crapanzano@chu.ulg.ac.be,Programmation,IT,2021-02-17,15:10:40,00:00:42
stefano.crapanzano@chu.ulg.ac.be,Programmation,IT,2021-02-17,15:11:37,00:00:18
stefano.crapanzano@chu.ulg.ac.be,Programmation,IT,2021-02-17,15:12:00,00:00:19
stefano.crapanzano@chu.ulg.ac.be,Programmation,IT,2021-02-17,15:12:44,00:01:00
stefano.crapanzano@chu.ulg.ac.be,Programmation,IT,2021-02-17,15:14:21,00:00:16
stefano.crapanzano@chu.ulg.ac.be,Programmation,IT,2021-02-17,15:14:44,00:00:05
stefano.crapanzano@chu.ulg.ac.be,Programmation,IT,2021-02-17,15:14:52,00:00:04
stefano.crapanzano@chu.ulg.ac.be,Programmation,IT,2021-02-17,15:15:15,00:00:12
stefano.crapanzano@chu.ulg.ac.be,Programmation,IT,2021-02-17,15:15:42,00:00:33
stefano.crapanzano@chu.ulg.ac.be,Programmation,IT,2021-02-17,15:16:27,00:00:09
stefano.crapanzano@chu.ulg.ac.be,Programmation,IT,2021-02-17,15:17:26,00:01:13
stefano.crapanzano@chu.ulg.ac.be,Programmation,IT,2021-02-17,15:19:29,00:00:39
stefano.crapanzano@chu.ulg.ac.be,Programmation,IT,2021-02-17,15:20:24,00:00:08
stefano.crapanzano@chu.ulg.ac.be,Programmation,IT,2021-02-17,15:20:46,00:00:52
stefano.crapanzano@chu.ulg.ac.be,Programmation,IT,2021-02-17,15:21:55,00:00:58
stefano.crapanzano@chu.ulg.ac.be,Programmation,IT,2021-02-17,15:23:24,00:00:04
stefano.crapanzano@chu.ulg.ac.be,Programmation,IT,2021-02-17,15:23:41,00:00:31
stefano.crapanzano@chu.ulg.ac.be,Programmation,IT,2021-02-17,15:24:24,00:00:25
stefano.crapanzano@chu.ulg.ac.be,Programmation,IT,2021-02-17,15:25:09,00:00:25
stefano.crapanzano@chu.ulg.ac.be,Programmation,IT,2021-02-17,15:25:52,00:00:15
stefano.crapanzano@chu.ulg.ac.be,Programmation,IT,2021-02-17,15:26:40,00:00:10
stefano.crapanzano@chu.ulg.ac.be,Programmation,IT,2021-02-17,15:27:03,00:00:40
stefano.crapanzano@chu.ulg.ac.be,Programmation,IT,2021-02-17,15:27:46,00:00:31
stefano.crapanzano@chu.ulg.ac.be,Programmation,IT,2021-02-17,15:33:21,00:03:57
stefano.crapanzano@chu.ulg.ac.be,Programmation,IT,2021-02-17,15:38:07,00:01:08
stefano.crapanzano@chu.ulg.ac.be,Programmation,IT,2021-02-17,15:40:01,00:00:05
stefano.crapanzano@chu.ulg.ac.be,Programmation,IT,2021-02-17,15:40:23,00:00:50
stefano.crapanzano@chu.ulg.ac.be,Programmation,IT,2021-02-17,15:43:38,00:00:41
stefano.crapanzano@chu.ulg.ac.be,Programmation,IT,2021-02-17,15:44:52,00:00:36
stefano.crapanzano@chu.ulg.ac.be,Programmation,IT,2021-02-17,15:45:45,00:00:12
stefano.crapanzano@chu.ulg.ac.be,Programmation,IT,2021-02-17,15:46:03,00:00:02
stefano.crapanzano@chu.ulg.ac.be,Programmation,IT,2021-02-17,15:46:28,00:00:21
stefano.crapanzano@chu.ulg.ac.be,Programmation,IT,2021-02-17,15:47:08,00:00:18
stefano.crapanzano@chu.ulg.ac.be,Programmation,IT,2021-02-17,15:47:58,00:00:07
stefano.crapanzano@chu.ulg.ac.be,Programmation,IT,2021-02-17,15:48:09,00:00:08
stefano.crapanzano@chu.ulg.ac.be,Programmation,IT,2021-02-17,15:48:31,00:00:14
stefano.crapanzano@chu.ulg.ac.be,Programmation,IT,2021-02-17,15:49:00,00:00:16
stefano.crapanzano@chu.ulg.ac.be,Programmation,IT,2021-02-17,15:49:25,00:00:03
stefano.crapanzano@chu.ulg.ac.be,Programmation,IT,2021-02-17,15:49:39,00:00:08
stefano.crapanzano@chu.ulg.ac.be,Programmation,IT,2021-02-17,15:49:59,00:00:38
stefano.crapanzano@chu.ulg.ac.be,Programmation,IT,2021-02-17,15:51:05,00:00:11
stefano.crapanzano@chu.ulg.ac.be,Programmation,IT,2021-02-17,15:52:22,00:00:25
stefano.crapanzano@chu.ulg.ac.be,Programmation,IT,2021-02-17,15:53:03,00:00:03
stefano.crapanzano@chu.ulg.ac.be,Programmation,IT,2021-02-17,15:53:29,00:00:45
stefano.crapanzano@chu.ulg.ac.be,Programmation,IT,2021-02-17,15:54:55,00:01:33
stefano.crapanzano@chu.ulg.ac.be,Programmation,IT,2021-02-17,15:56:33,00:00:08
stefano.crapanzano@chu.ulg.ac.be,Programmation,IT,2021-02-17,15:57:04,00:00:51
stefano.crapanzano@chu.ulg.ac.be,Programmation,IT,2021-02-17,15:58:09,00:00:23
stefano.crapanzano@chu.ulg.ac.be,Programmation,IT,2021-02-17,15:58:52,00:00:19
stefano.crapanzano@chu.ulg.ac.be,Programmation,IT,2021-02-17,15:59:16,00:00:30
stefano.crapanzano@chu.ulg.ac.be,Programmation,IT,2021-02-17,16:00:38,00:00:30
stefano.crapanzano@chu.ulg.ac.be,Programmation,IT,2021-02-17,16:01:20,00:01:44
stefano.crapanzano@chu.ulg.ac.be,Programmation,IT,2021-02-17,16:03:29,00:00:20
stefano.crapanzano@chu.ulg.ac.be,Programmation,IT,2021-02-17,16:04:15,00:00:29
stefano.crapanzano@chu.ulg.ac.be,Programmation,IT,2021-02-17,16:05:04,00:00:46
stefano.crapanzano@chu.ulg.ac.be,Programmation,IT,2021-02-17,16:06:03,00:00:41
stefano.crapanzano@chu.ulg.ac.be,Programmation,IT,2021-02-17,16:06:52,00:04:16
stefano.crapanzano@chu.ulg.ac.be,Programmation,IT,2021-02-17,16:11:18,00:01:10
stefano.crapanzano@chu.ulg.ac.be,Programmation,IT,2021-02-17,16:12:53,00:00:47
stefano.crapanzano@chu.ulg.ac.be,Programmation,IT,2021-02-17,16:13:51,00:00:11
stefano.crapanzano@chu.ulg.ac.be,Programmation,IT,2021-02-17,16:14:04,00:00:02
stefano.crapanzano@chu.ulg.ac.be,Programmation,IT,2021-02-17,16:14:08,00:00:49
stefano.crapanzano@chu.ulg.ac.be,Programmation,IT,2021-02-17,16:15:09,00:00:08
stefano.crapanzano@chu.ulg.ac.be,Programmation,IT,2021-02-17,16:15:25,00:00:52
stefano.crapanzano@chu.ulg.ac.be,Programmation,IT,2021-02-17,16:16:26,00:00:09
stefano.crapanzano@chu.ulg.ac.be,Programmation,IT,2021-02-17,16:16:40,00:00:08
stefano.crapanzano@chu.ulg.ac.be,Programmation,IT,2021-02-17,16:16:50,00:03:39
stefano.crapanzano@chu.ulg.ac.be,Programmation,IT,2021-02-17,16:20:31,00:00:36
stefano.crapanzano@chu.ulg.ac.be,Programmation,IT,2021-02-17,16:21:10,00:00:51
stefano.crapanzano@chu.ulg.ac.be,Programmation,IT,2021-02-17,16:22:18,00:04:00
stefano.crapanzano@chu.ulg.ac.be,Programmation,IT,2021-02-17,16:26:22,00:01:19
stefano.crapanzano@chu.ulg.ac.be,Programmation,IT,2021-02-17,16:27:50,00:00:39
stefano.crapanzano@chu.ulg.ac.be,Programmation,IT,2021-02-17,16:28:41,00:00:34
stefano.crapanzano@chu.ulg.ac.be,Programmation,IT,2021-02-17,16:29:36,00:00:37
stefano.crapanzano@chu.ulg.ac.be,Programmation,IT,2021-02-17,16:30:36,00:01:02
stefano.crapanzano@chu.ulg.ac.be,Programmation,IT,2021-02-17,16:31:42,00:00:03
stefano.crapanzano@chu.ulg.ac.be,Programmation,IT,2021-02-17,16:31:52,00:00:18
stefano.crapanzano@chu.ulg.ac.be,Programmation,IT,2021-02-17,16:32:18,00:00:07
stefano.crapanzano@chu.ulg.ac.be,Programmation,IT,2021-02-17,16:32:36,00:00:55
stefano.crapanzano@chu.ulg.ac.be,Programmation,IT,2021-02-17,16:33:42,00:00:16
stefano.crapanzano@chu.ulg.ac.be,Programmation,IT,2021-02-17,16:34:20,00:00:09
stefano.crapanzano@chu.ulg.ac.be,Programmation,IT,2021-02-17,16:34:53,00:00:53
stefano.crapanzano@chu.ulg.ac.be,Programmation,IT,2021-02-17,16:35:59,00:00:39
stefano.crapanzano@chu.ulg.ac.be,Programmation,IT,2021-02-17,16:36:53,00:00:11
stefano.crapanzano@chu.ulg.ac.be,Programmation,IT,2021-02-17,16:38:20,00:00:07
stefano.crapanzano@chu.ulg.ac.be,Programmation,IT,2021-02-17,16:39:54,00:00:19
stefano.crapanzano@chu.ulg.ac.be,Programmation,IT,2021-02-17,16:40:28,00:00:04
stefano.crapanzano@chu.ulg.ac.be,Programmation,IT,2021-02-17,16:40:39,00:00:04
stefano.crapanzano@chu.ulg.ac.be,Programmation,IT,2021-02-17,16:40:49,00:00:02
stefano.crapanzano@chu.ulg.ac.be,Programmation,IT,2021-02-17,16:42:40,00:00:06
stefano.crapanzano@chu.ulg.ac.be,Programmation,IT,2021-02-17,16:42:57,00:00:05
stefano.crapanzano@chu.ulg.ac.be,Programmation,IT,2021-02-17,16:46:19,00:00:11
stefano.crapanzano@chu.ulg.ac.be,Programmation,IT,2021-02-17,16:48:14,00:00:07
stefano.crapanzano@chu.ulg.ac.be,Programmation,IT,2021-02-17,16:50:20,00:00:06
stefano.crapanzano@chu.ulg.ac.be,Programmation,IT,2021-02-17,16:50:31,00:00:04
stefano.crapanzano@chu.ulg.ac.be,Programmation,IT,2021-02-17,16:50:43,00:00:04
stefano.crapanzano@chu.ulg.ac.be,Programmation,IT,2021-02-17,16:51:14,00:00:29
stefano.crapanzano@chu.ulg.ac.be,Programmation,IT,2021-02-17,16:52:45,00:00:13
stefano.crapanzano@chu.ulg.ac.be,Programmation,IT,2021-02-17,16:53:06,00:00:02
stefano.crapanzano@chu.ulg.ac.be,Programmation,IT,2021-02-17,16:53:27,00:00:14
stefano.crapanzano@chu.ulg.ac.be,Programmation,IT,2021-02-17,16:54:22,00:00:08
stefano.crapanzano@chu.ulg.ac.be,Programmation,IT,2021-02-17,16:55:06,00:00:07
stefano.crapanzano@chu.ulg.ac.be,Programmation,IT,2021-02-17,16:55:26,00:00:15
stefano.crapanzano@chu.ulg.ac.be,Programmation,IT,2021-02-17,16:57:57,00:04:47
stefano.crapanzano@chu.ulg.ac.be,Programmation,IT,2021-02-17,17:02:51,00:01:27
stefano.crapanzano@chu.ulg.ac.be,Boîte de réception - erp.sai@chuliege.be - Outlook,Helpdesk général,2021-02-17,08:39:06,00:00:02
stefano.crapanzano@chu.ulg.ac.be,Boîte de réception - erp.sai@chuliege.be - Outlook,Helpdesk général,2021-02-17,08:39:12,00:00:09
stefano.crapanzano@chu.ulg.ac.be,Boîte de réception - erp.sai@chuliege.be - Outlook,Helpdesk général,2021-02-17,08:39:45,00:00:02
stefano.crapanzano@chu.ulg.ac.be,Boîte de réception - erp.sai@chuliege.be - Outlook,Helpdesk général,2021-02-17,08:50:59,00:00:19
stefano.crapanzano@chu.ulg.ac.be,Boîte de réception - erp.sai@chuliege.be - Outlook,Helpdesk général,2021-02-17,08:52:01,00:00:02
stefano.crapanzano@chu.ulg.ac.be,Boîte de réception - erp.sai@chuliege.be - Outlook,Helpdesk général,2021-02-17,08:53:43,00:00:02
stefano.crapanzano@chu.ulg.ac.be,Boîte de réception - erp.sai@chuliege.be - Outlook,Helpdesk général,2021-02-17,09:51:16,00:00:14
stefano.crapanzano@chu.ulg.ac.be,Boîte de réception - erp.sai@chuliege.be - Outlook,Helpdesk général,2021-02-17,09:54:55,00:04:57
stefano.crapanzano@chu.ulg.ac.be,Boîte de réception - erp.sai@chuliege.be - Outlook,Helpdesk général,2021-02-17,10:51:18,00:00:02
stefano.crapanzano@chu.ulg.ac.be,Boîte de réception - erp.sai@chuliege.be - Outlook,Helpdesk général,2021-02-17,10:51:22,00:00:05
stefano.crapanzano@chu.ulg.ac.be,Boîte de réception - erp.sai@chuliege.be - Outlook,Helpdesk général,2021-02-17,10:53:39,00:00:03
stefano.crapanzano@chu.ulg.ac.be,Boîte de réception - erp.sai@chuliege.be - Outlook,Helpdesk général,2021-02-17,11:57:53,00:00:06
stefano.crapanzano@chu.ulg.ac.be,Boîte de réception - erp.sai@chuliege.be - Outlook,Helpdesk général,2021-02-17,12:28:26,00:00:03
stefano.crapanzano@chu.ulg.ac.be,Boîte de réception - erp.sai@chuliege.be - Outlook,Helpdesk général,2021-02-17,15:37:25,00:00:14
stefano.crapanzano@chu.ulg.ac.be,Boîte de réception - erp.sai@chuliege.be - Outlook,Helpdesk général,2021-02-17,15:42:18,00:00:02
stefano.crapanzano@chu.ulg.ac.be,Boîte de réception - erp.sai@chuliege.be - Outlook,Helpdesk général,2021-02-17,17:04:22,00:01:16
stefano.crapanzano@chu.ulg.ac.be,Boîte de Réception - Zimbra - Stefano Crapanzano - Outlook,Helpdesk général,2021-02-17,08:39:09,00:00:03
stefano.crapanzano@chu.ulg.ac.be,Boîte de Réception - Zimbra - Stefano Crapanzano - Outlook,Helpdesk général,2021-02-17,08:50:46,00:00:13
stefano.crapanzano@chu.ulg.ac.be,Boîte de Réception - Zimbra - Stefano Crapanzano - Outlook,Helpdesk général,2021-02-17,08:53:45,00:00:03
stefano.crapanzano@chu.ulg.ac.be,Boîte de Réception - Zimbra - Stefano Crapanzano - Outlook,Helpdesk général,2021-02-17,09:51:10,00:00:06
stefano.crapanzano@chu.ulg.ac.be,Boîte de Réception - Zimbra - Stefano Crapanzano - Outlook,Helpdesk général,2021-02-17,09:54:41,00:00:08
stefano.crapanzano@chu.ulg.ac.be,Boîte de Réception - Zimbra - Stefano Crapanzano - Outlook,Helpdesk général,2021-02-17,10:51:15,00:00:02
stefano.crapanzano@chu.ulg.ac.be,Boîte de Réception - Zimbra - Stefano Crapanzano - Outlook,Helpdesk général,2021-02-17,12:28:21,00:00:04
stefano.crapanzano@chu.ulg.ac.be,Boîte de Réception - Zimbra - Stefano Crapanzano - Outlook,Helpdesk général,2021-02-17,14:33:34,00:00:03
stefano.crapanzano@chu.ulg.ac.be,Boîte de Réception - Zimbra - Stefano Crapanzano - Outlook,Helpdesk général,2021-02-17,15:42:21,00:00:13
stefano.crapanzano@chu.ulg.ac.be,Boîte de Réception - Zimbra - Stefano Crapanzano - Outlook,Helpdesk général,2021-02-17,17:04:18,00:00:03
stefano.crapanzano@chu.ulg.ac.be,Service MT - Google Chrome,Tâches diverses,2021-02-17,08:55:36,00:00:02
stefano.crapanzano@chu.ulg.ac.be,Service MT - Google Chrome,Tâches diverses,2021-02-17,08:55:45,00:00:07
stefano.crapanzano@chu.ulg.ac.be,Nouvel onglet - Google Chrome,Tâches diverses,2021-02-17,08:39:23,00:00:02
stefano.crapanzano@chu.ulg.ac.be,Nouvel onglet - Google Chrome,Tâches diverses,2021-02-17,12:19:17,00:00:09
stefano.crapanzano@chu.ulg.ac.be,Nouvel onglet - Google Chrome,Tâches diverses,2021-02-17,14:06:11,00:00:08
stefano.crapanzano@chu.ulg.ac.be,Log in - Service Desk - Google Chrome,Tâches diverses,2021-02-17,08:39:27,00:00:07
stefano.crapanzano@chu.ulg.ac.be,Bienvenue! Vous pouvez poser une demande de Service Desk ERP for HealthCare parmi les options fournies. - Service d'assistance - Google Chrome,Tâches diverses,2021-02-17,08:39:35,00:00:03
stefano.crapanzano@chu.ulg.ac.be,Demandes - Service d'assistance - Google Chrome,Tâches diverses,2021-02-17,08:39:39,00:00:06
stefano.crapanzano@chu.ulg.ac.be,Demandes - Service d'assistance - Google Chrome,Tâches diverses,2021-02-17,08:40:19,00:00:02
stefano.crapanzano@chu.ulg.ac.be,Demandes - Service d'assistance - Google Chrome,Tâches diverses,2021-02-17,08:41:06,00:00:04
stefano.crapanzano@chu.ulg.ac.be,Demandes - Service d'assistance - Google Chrome,Tâches diverses,2021-02-17,08:42:06,00:00:02
stefano.crapanzano@chu.ulg.ac.be,Demandes - Service d'assistance - Google Chrome,Tâches diverses,2021-02-17,08:42:56,00:00:03
stefano.crapanzano@chu.ulg.ac.be,Demandes - Service d'assistance - Google Chrome,Tâches diverses,2021-02-17,08:43:02,00:00:04
stefano.crapanzano@chu.ulg.ac.be,Demandes - Service d'assistance - Google Chrome,Tâches diverses,2021-02-17,08:44:30,00:00:08
stefano.crapanzano@chu.ulg.ac.be,Demandes - Service d'assistance - Google Chrome,Tâches diverses,2021-02-17,08:44:40,00:00:02
stefano.crapanzano@chu.ulg.ac.be,Demandes - Service d'assistance - Google Chrome,Tâches diverses,2021-02-17,08:45:43,00:00:04
stefano.crapanzano@chu.ulg.ac.be,Demandes - Service d'assistance - Google Chrome,Tâches diverses,2021-02-17,08:45:55,00:04:49
stefano.crapanzano@chu.ulg.ac.be,Demandes - Service d'assistance - Google Chrome,Tâches diverses,2021-02-17,08:54:00,00:00:25
stefano.crapanzano@chu.ulg.ac.be,Demandes - Service d'assistance - Google Chrome,Tâches diverses,2021-02-17,08:54:28,00:00:05
stefano.crapanzano@chu.ulg.ac.be,Demandes - Service d'assistance - Google Chrome,Tâches diverses,2021-02-17,08:54:40,00:00:07
stefano.crapanzano@chu.ulg.ac.be,Demandes - Service d'assistance - Google Chrome,Tâches diverses,2021-02-17,08:54:54,00:00:41
stefano.crapanzano@chu.ulg.ac.be,Demandes - Service d'assistance - Google Chrome,Tâches diverses,2021-02-17,08:55:52,00:00:03
stefano.crapanzano@chu.ulg.ac.be,Demandes - Service d'assistance - Google Chrome,Tâches diverses,2021-02-17,10:51:31,00:00:06
stefano.crapanzano@chu.ulg.ac.be,Demandes - Service d'assistance - Google Chrome,Tâches diverses,2021-02-17,10:52:11,00:00:07
stefano.crapanzano@chu.ulg.ac.be,Demandes - Service d'assistance - Google Chrome,Tâches diverses,2021-02-17,10:52:34,00:00:10
stefano.crapanzano@chu.ulg.ac.be,Demandes - Service d'assistance - Google Chrome,Tâches diverses,2021-02-17,10:53:37,00:00:02
stefano.crapanzano@chu.ulg.ac.be,Demandes - Service d'assistance - Google Chrome,Tâches diverses,2021-02-17,12:19:12,00:00:04
stefano.crapanzano@chu.ulg.ac.be,P203 CHU FIA non reprise dans demande d'achat - Bienvenue! Vous pouvez poser une demande de Service Desk ERP for HealthCare parmi les options fournies. - Service d'assistance - Google Chrome,Tâches diverses,2021-02-17,08:40:21,00:00:06
stefano.crapanzano@chu.ulg.ac.be,P203 CHU FIA non reprise dans demande d'achat - Bienvenue! Vous pouvez poser une demande de Service Desk ERP for HealthCare parmi les options fournies. - Service d'assistance - Google Chrome,Tâches diverses,2021-02-17,08:40:37,00:00:11
stefano.crapanzano@chu.ulg.ac.be,P203 CHU Popup vide dans SSP - Bienvenue! Vous pouvez poser une demande de Service Desk ERP for HealthCare parmi les options fournies. - Service d'assistance - Google Chrome,Tâches diverses,2021-02-17,08:41:10,00:00:03
stefano.crapanzano@chu.ulg.ac.be,P203 CHU Popup vide dans SSP - Bienvenue! Vous pouvez poser une demande de Service Desk ERP for HealthCare parmi les options fournies. - Service d'assistance - Google Chrome,Tâches diverses,2021-02-17,08:41:15,00:00:02
stefano.crapanzano@chu.ulg.ac.be,P203 CHU Popup vide dans SSP - Bienvenue! Vous pouvez poser une demande de Service Desk ERP for HealthCare parmi les options fournies. - Service d'assistance - Google Chrome,Tâches diverses,2021-02-17,08:41:36,00:00:05
stefano.crapanzano@chu.ulg.ac.be,P203 CHU Popup vide dans SSP - Bienvenue! Vous pouvez poser une demande de Service Desk ERP for HealthCare parmi les options fournies. - Service d'assistance - Google Chrome,Tâches diverses,2021-02-17,08:41:51,00:00:04
stefano.crapanzano@chu.ulg.ac.be,P203 CHU Popup vide dans SSP - Bienvenue! Vous pouvez poser une demande de Service Desk ERP for HealthCare parmi les options fournies. - Service d'assistance - Google Chrome,Tâches diverses,2021-02-17,10:52:45,00:00:51
stefano.crapanzano@chu.ulg.ac.be,P203 Extraction articles dans variante ZWM_KAMO - Bienvenue! Vous pouvez poser une demande de Service Desk ERP for HealthCare parmi les options fournies. - Service d'assistance - Google Chrome,Tâches diverses,2021-02-17,08:42:59,00:00:02
stefano.crapanzano@chu.ulg.ac.be,P203 Extraction articles dans variante ZWM_KAMO - Bienvenue! Vous pouvez poser une demande de Service Desk ERP for HealthCare parmi les options fournies. - Service d'assistance - Google Chrome,Tâches diverses,2021-02-17,08:43:06,00:00:02
stefano.crapanzano@chu.ulg.ac.be,P203 Extraction articles dans variante ZWM_KAMO - Bienvenue! Vous pouvez poser une demande de Service Desk ERP for HealthCare parmi les options fournies. - Service d'assistance - Google Chrome,Tâches diverses,2021-02-17,08:43:35,00:00:03
stefano.crapanzano@chu.ulg.ac.be,P203 Extraction articles dans variante ZWM_KAMO - Bienvenue! Vous pouvez poser une demande de Service Desk ERP for HealthCare parmi les options fournies. - Service d'assistance - Google Chrome,Tâches diverses,2021-02-17,08:44:06,00:00:06
stefano.crapanzano@chu.ulg.ac.be,P203 CHU Variante dans ZWM_KAMO - Bienvenue! Vous pouvez poser une demande de Service Desk ERP for HealthCare parmi les options fournies. - Service d'assistance - Google Chrome,Tâches diverses,2021-02-17,08:43:09,00:00:19
stefano.crapanzano@chu.ulg.ac.be,P203 CHU Variante dans ZWM_KAMO - Bienvenue! Vous pouvez poser une demande de Service Desk ERP for HealthCare parmi les options fournies. - Service d'assistance - Google Chrome,Tâches diverses,2021-02-17,08:43:33,00:00:02
stefano.crapanzano@chu.ulg.ac.be,P203 CHU Variante dans ZWM_KAMO - Bienvenue! Vous pouvez poser une demande de Service Desk ERP for HealthCare parmi les options fournies. - Service d'assistance - Google Chrome,Tâches diverses,2021-02-17,08:44:12,00:00:03
stefano.crapanzano@chu.ulg.ac.be,P203 CHU Rapprochement F-03 pour mut V0300000 - Bienvenue! Vous pouvez poser une demande de Service Desk ERP for HealthCare parmi les options fournies. - Service d'assistance - Google Chrome,Tâches diverses,2021-02-17,08:44:42,00:00:02
stefano.crapanzano@chu.ulg.ac.be,P203 CHU Rapprochement F-03 pour mut V0300000 - Bienvenue! Vous pouvez poser une demande de Service Desk ERP for HealthCare parmi les options fournies. - Service d'assistance - Google Chrome,Tâches diverses,2021-02-17,08:44:55,00:00:02
stefano.crapanzano@chu.ulg.ac.be,P203 CHU Rapprochement F-03 pour mut V0300000 - Bienvenue! Vous pouvez poser une demande de Service Desk ERP for HealthCare parmi les options fournies. - Service d'assistance - Google Chrome,Tâches diverses,2021-02-17,08:45:12,00:00:03
stefano.crapanzano@chu.ulg.ac.be,P203 CHU Rapprochement F-03 pour mut V0300000 - Bienvenue! Vous pouvez poser une demande de Service Desk ERP for HealthCare parmi les options fournies. - Service d'assistance - Google Chrome,Tâches diverses,2021-02-17,08:45:23,00:00:07
stefano.crapanzano@chu.ulg.ac.be,P203 CHU Rapprochement F-03 pour mut V0300000 - Bienvenue! Vous pouvez poser une demande de Service Desk ERP for HealthCare parmi les options fournies. - Service d'assistance - Google Chrome,Tâches diverses,2021-02-17,08:45:41,00:00:02
stefano.crapanzano@chu.ulg.ac.be,P203 CHU Document de commande d'achat non visible à partir de SSP - Bienvenue! Vous pouvez poser une demande de Service Desk ERP for HealthCare parmi les options fournies. - Service d'assistance - Google Chrome,Tâches diverses,2021-02-17,08:45:48,00:00:07
stefano.crapanzano@chu.ulg.ac.be,CHR_FRCHR - sftp://kofax@secure.chrcitadelle.be - FileZilla,Helpdesk général,2021-02-17,08:51:47,00:00:03
stefano.crapanzano@chu.ulg.ac.be,CHR_FRCHR - sftp://kofax@secure.chrcitadelle.be - FileZilla,Helpdesk général,2021-02-17,08:51:53,00:00:08
stefano.crapanzano@chu.ulg.ac.be,CHR_FRCHR - sftp://kofax@secure.chrcitadelle.be - FileZilla,Helpdesk général,2021-02-17,08:52:04,00:00:03
stefano.crapanzano@chu.ulg.ac.be,CHR_FRCHR - sftp://kofax@secure.chrcitadelle.be - FileZilla,Helpdesk général,2021-02-17,08:52:10,00:00:20
stefano.crapanzano@chu.ulg.ac.be,CHR_FRCHR - sftp://kofax@secure.chrcitadelle.be - FileZilla,Helpdesk général,2021-02-17,08:52:39,00:00:02
stefano.crapanzano@chu.ulg.ac.be,CHR_FRCHR - sftp://kofax@secure.chrcitadelle.be - FileZilla,Helpdesk général,2021-02-17,08:52:45,00:00:03
stefano.crapanzano@chu.ulg.ac.be,Iepacs - sftp://kofaxchu@iepacs.chu.ulg.ac.be - FileZilla,Helpdesk général,2021-02-17,08:51:50,00:00:02
stefano.crapanzano@chu.ulg.ac.be,SAP Logon 750,Exploration SAP,2021-02-17,08:52:07,00:00:02
stefano.crapanzano@chu.ulg.ac.be,Total Commander (x64) 9.0a - PAS ENREGISTRÉ,Tâches diverses,2021-02-17,08:52:42,00:00:02
stefano.crapanzano@chu.ulg.ac.be,Calendrier - Zimbra - Stefano Crapanzano - Outlook,Helpdesk général,2021-02-17,08:53:49,00:00:10
stefano.crapanzano@chu.ulg.ac.be,Calendrier - Zimbra - Stefano Crapanzano - Outlook,Helpdesk général,2021-02-17,09:28:25,00:22:42
stefano.crapanzano@chu.ulg.ac.be,P203 CHU - IDocs en erreur - Bienvenue! Vous pouvez poser une demande de Service Desk ERP for HealthCare parmi les options fournies. - Service d'assistance - Google Chrome,Tâches diverses,2021-02-17,08:54:25,00:00:03
stefano.crapanzano@chu.ulg.ac.be,P203 CHU Réception commande impossible - Bienvenue! Vous pouvez poser une demande de Service Desk ERP for HealthCare parmi les options fournies. - Service d'assistance - Google Chrome,Tâches diverses,2021-02-17,08:54:34,00:00:05
stefano.crapanzano@chu.ulg.ac.be,P203 CHU Commande 4000189305 pour la médecine nucléaire - Bienvenue! Vous pouvez poser une demande de Service Desk ERP for HealthCare parmi les options fournies. - Service d'assistance - Google Chrome,Tâches diverses,2021-02-17,08:54:48,00:00:06
stefano.crapanzano@chu.ulg.ac.be,Identification - Google Chrome,Tâches diverses,2021-02-17,08:55:38,00:00:06
stefano.crapanzano@chu.ulg.ac.be,1 rappel(s),Tâches diverses,2021-02-17,08:55:56,00:28:02
stefano.crapanzano@chu.ulg.ac.be,Sent - erp.sai@chuliege.be - Outlook,Helpdesk général,2021-02-17,09:51:30,00:03:10
stefano.crapanzano@chu.ulg.ac.be,Sent - erp.sai@chuliege.be - Outlook,Helpdesk général,2021-02-17,09:54:51,00:00:03
stefano.crapanzano@chu.ulg.ac.be,Sent - erp.sai@chuliege.be - Outlook,Helpdesk général,2021-02-17,10:51:20,00:00:02
stefano.crapanzano@chu.ulg.ac.be,Sent - erp.sai@chuliege.be - Outlook,Helpdesk général,2021-02-17,11:57:59,00:01:15
stefano.crapanzano@chu.ulg.ac.be,Sent - erp.sai@chuliege.be - Outlook,Helpdesk général,2021-02-17,12:28:29,00:00:38
stefano.crapanzano@chu.ulg.ac.be,Lecture documentation,Tâches diverses,2021-02-17,10:00:50,00:03:10
stefano.crapanzano@chu.ulg.ac.be,Lecture documentation,Tâches diverses,2021-02-17,10:05:13,00:00:11
stefano.crapanzano@chu.ulg.ac.be,Lecture documentation,Tâches diverses,2021-02-17,10:07:52,00:03:00
stefano.crapanzano@chu.ulg.ac.be,Lecture documentation,Tâches diverses,2021-02-17,10:11:57,00:00:06
stefano.crapanzano@chu.ulg.ac.be,Lecture documentation,Tâches diverses,2021-02-17,10:14:01,00:00:19
stefano.crapanzano@chu.ulg.ac.be,Lecture documentation,Tâches diverses,2021-02-17,10:15:08,00:02:06
stefano.crapanzano@chu.ulg.ac.be,Lecture documentation,Tâches diverses,2021-02-17,10:19:16,00:04:58
stefano.crapanzano@chu.ulg.ac.be,Lecture documentation,Tâches diverses,2021-02-17,10:24:19,00:00:02
stefano.crapanzano@chu.ulg.ac.be,Lecture documentation,Tâches diverses,2021-02-17,10:24:56,00:00:44
stefano.crapanzano@chu.ulg.ac.be,Lecture documentation,Tâches diverses,2021-02-17,10:30:25,00:00:45
stefano.crapanzano@chu.ulg.ac.be,Lecture documentation,Tâches diverses,2021-02-17,10:39:09,00:00:20
stefano.crapanzano@chu.ulg.ac.be,Lecture documentation,Tâches diverses,2021-02-17,10:44:52,00:00:45
stefano.crapanzano@chu.ulg.ac.be,Lecture documentation,Tâches diverses,2021-02-17,10:48:44,00:00:27
stefano.crapanzano@chu.ulg.ac.be,Lecture documentation,Tâches diverses,2021-02-17,10:54:17,00:02:15
stefano.crapanzano@chu.ulg.ac.be,Lecture documentation,Tâches diverses,2021-02-17,10:56:34,00:00:52
stefano.crapanzano@chu.ulg.ac.be,Lecture documentation,Tâches diverses,2021-02-17,10:58:28,00:00:07
stefano.crapanzano@chu.ulg.ac.be,Lecture documentation,Tâches diverses,2021-02-17,10:59:12,00:00:13
stefano.crapanzano@chu.ulg.ac.be,Lecture documentation,Tâches diverses,2021-02-17,11:00:26,00:00:09
stefano.crapanzano@chu.ulg.ac.be,Lecture documentation,Tâches diverses,2021-02-17,11:01:11,00:00:45
stefano.crapanzano@chu.ulg.ac.be,Lecture documentation,Tâches diverses,2021-02-17,11:05:02,00:00:34
stefano.crapanzano@chu.ulg.ac.be,Lecture documentation,Tâches diverses,2021-02-17,11:13:46,00:02:26
stefano.crapanzano@chu.ulg.ac.be,Lecture documentation,Tâches diverses,2021-02-17,11:16:33,00:00:28
stefano.crapanzano@chu.ulg.ac.be,Lecture documentation,Tâches diverses,2021-02-17,11:27:15,00:00:17
stefano.crapanzano@chu.ulg.ac.be,Lecture documentation,Tâches diverses,2021-02-17,11:28:19,00:03:04
stefano.crapanzano@chu.ulg.ac.be,Lecture documentation,Tâches diverses,2021-02-17,11:32:01,00:00:02
stefano.crapanzano@chu.ulg.ac.be,Lecture documentation,Tâches diverses,2021-02-17,11:32:16,00:00:02
stefano.crapanzano@chu.ulg.ac.be,Lecture documentation,Tâches diverses,2021-02-17,11:35:01,00:00:44
stefano.crapanzano@chu.ulg.ac.be,Lecture documentation,Tâches diverses,2021-02-17,11:37:22,00:01:13
stefano.crapanzano@chu.ulg.ac.be,Lecture documentation,Tâches diverses,2021-02-17,11:45:42,00:03:25
stefano.crapanzano@chu.ulg.ac.be,Lecture documentation,Tâches diverses,2021-02-17,11:49:23,00:00:18
stefano.crapanzano@chu.ulg.ac.be,Lecture documentation,Tâches diverses,2021-02-17,11:50:19,00:00:28
stefano.crapanzano@chu.ulg.ac.be,Lecture documentation,Tâches diverses,2021-02-17,11:52:02,00:00:05
stefano.crapanzano@chu.ulg.ac.be,Lecture documentation,Tâches diverses,2021-02-17,11:53:08,00:03:31
stefano.crapanzano@chu.ulg.ac.be,Lecture documentation,Tâches diverses,2021-02-17,11:57:22,00:00:29
stefano.crapanzano@chu.ulg.ac.be,Lecture documentation,Tâches diverses,2021-02-17,11:59:17,00:01:13
stefano.crapanzano@chu.ulg.ac.be,Lecture documentation,Tâches diverses,2021-02-17,12:04:48,00:00:02
stefano.crapanzano@chu.ulg.ac.be,Lecture documentation,Tâches diverses,2021-02-17,12:06:47,00:03:13
stefano.crapanzano@chu.ulg.ac.be,Lecture documentation,Tâches diverses,2021-02-17,12:12:59,00:00:59
stefano.crapanzano@chu.ulg.ac.be,Lecture documentation,Tâches diverses,2021-02-17,12:31:12,00:00:41
stefano.crapanzano@chu.ulg.ac.be,Lecture documentation,Tâches diverses,2021-02-17,12:32:01,00:00:08
stefano.crapanzano@chu.ulg.ac.be,Lecture documentation,Tâches diverses,2021-02-17,12:32:47,00:00:03
stefano.crapanzano@chu.ulg.ac.be,Lecture documentation,Tâches diverses,2021-02-17,12:37:52,00:03:44
stefano.crapanzano@chu.ulg.ac.be,Lecture documentation,Tâches diverses,2021-02-17,12:42:13,00:00:14
stefano.crapanzano@chu.ulg.ac.be,Lecture documentation,Tâches diverses,2021-02-17,12:43:44,00:00:07
stefano.crapanzano@chu.ulg.ac.be,Lecture documentation,Tâches diverses,2021-02-17,12:44:48,00:02:47
stefano.crapanzano@chu.ulg.ac.be,Lecture documentation,Tâches diverses,2021-02-17,12:48:36,00:00:07
stefano.crapanzano@chu.ulg.ac.be,Lecture documentation,Tâches diverses,2021-02-17,12:49:29,00:02:02
stefano.crapanzano@chu.ulg.ac.be,Lecture documentation,Tâches diverses,2021-02-17,12:52:55,00:00:38
stefano.crapanzano@chu.ulg.ac.be,Lecture documentation,Tâches diverses,2021-02-17,12:56:02,00:00:25
stefano.crapanzano@chu.ulg.ac.be,Lecture documentation,Tâches diverses,2021-02-17,12:56:40,00:00:08
stefano.crapanzano@chu.ulg.ac.be,Lecture documentation,Tâches diverses,2021-02-17,12:56:59,00:00:18
stefano.crapanzano@chu.ulg.ac.be,Lecture documentation,Tâches diverses,2021-02-17,12:57:57,00:00:09
stefano.crapanzano@chu.ulg.ac.be,Lecture documentation,Tâches diverses,2021-02-17,12:58:12,00:00:17
stefano.crapanzano@chu.ulg.ac.be,Lecture documentation,Tâches diverses,2021-02-17,12:58:41,00:01:21
stefano.crapanzano@chu.ulg.ac.be,Lecture documentation,Tâches diverses,2021-02-17,13:00:04,00:00:24
stefano.crapanzano@chu.ulg.ac.be,Lecture documentation,Tâches diverses,2021-02-17,13:00:46,00:00:24
stefano.crapanzano@chu.ulg.ac.be,Lecture documentation,Tâches diverses,2021-02-17,13:01:59,00:00:05
stefano.crapanzano@chu.ulg.ac.be,Lecture documentation,Tâches diverses,2021-02-17,13:02:16,00:00:12
stefano.crapanzano@chu.ulg.ac.be,Lecture documentation,Tâches diverses,2021-02-17,13:03:07,00:00:09
stefano.crapanzano@chu.ulg.ac.be,Lecture documentation,Tâches diverses,2021-02-17,13:03:40,00:00:04
stefano.crapanzano@chu.ulg.ac.be,Lecture documentation,Tâches diverses,2021-02-17,13:04:29,00:00:06
stefano.crapanzano@chu.ulg.ac.be,Lecture documentation,Tâches diverses,2021-02-17,13:04:58,00:00:06
stefano.crapanzano@chu.ulg.ac.be,Lecture documentation,Tâches diverses,2021-02-17,13:06:27,00:11:46
stefano.crapanzano@chu.ulg.ac.be,Lecture documentation,Tâches diverses,2021-02-17,13:23:36,00:00:30
stefano.crapanzano@chu.ulg.ac.be,Lecture documentation,Tâches diverses,2021-02-17,13:35:23,00:01:52
stefano.crapanzano@chu.ulg.ac.be,Lecture documentation,Tâches diverses,2021-02-17,13:38:45,00:00:48
stefano.crapanzano@chu.ulg.ac.be,Lecture documentation,Tâches diverses,2021-02-17,13:39:40,00:00:17
stefano.crapanzano@chu.ulg.ac.be,Lecture documentation,Tâches diverses,2021-02-17,13:40:07,00:00:23
stefano.crapanzano@chu.ulg.ac.be,Lecture documentation,Tâches diverses,2021-02-17,13:41:06,00:00:49
stefano.crapanzano@chu.ulg.ac.be,Lecture documentation,Tâches diverses,2021-02-17,13:42:01,00:00:06
stefano.crapanzano@chu.ulg.ac.be,Lecture documentation,Tâches diverses,2021-02-17,13:43:04,00:00:20
stefano.crapanzano@chu.ulg.ac.be,Lecture documentation,Tâches diverses,2021-02-17,13:43:56,00:00:02
stefano.crapanzano@chu.ulg.ac.be,Lecture documentation,Tâches diverses,2021-02-17,13:44:32,00:01:02
stefano.crapanzano@chu.ulg.ac.be,Lecture documentation,Tâches diverses,2021-02-17,13:48:26,00:00:40
stefano.crapanzano@chu.ulg.ac.be,Lecture documentation,Tâches diverses,2021-02-17,13:49:24,00:00:03
stefano.crapanzano@chu.ulg.ac.be,Lecture documentation,Tâches diverses,2021-02-17,13:49:36,00:00:14
stefano.crapanzano@chu.ulg.ac.be,Lecture documentation,Tâches diverses,2021-02-17,13:51:21,00:00:04
stefano.crapanzano@chu.ulg.ac.be,Lecture documentation,Tâches diverses,2021-02-17,13:51:50,00:00:06
stefano.crapanzano@chu.ulg.ac.be,Lecture documentation,Tâches diverses,2021-02-17,13:52:23,00:00:06
stefano.crapanzano@chu.ulg.ac.be,Lecture documentation,Tâches diverses,2021-02-17,13:53:00,00:00:06
stefano.crapanzano@chu.ulg.ac.be,Lecture documentation,Tâches diverses,2021-02-17,13:53:45,00:00:06
stefano.crapanzano@chu.ulg.ac.be,Lecture documentation,Tâches diverses,2021-02-17,13:54:06,00:00:09
stefano.crapanzano@chu.ulg.ac.be,Lecture documentation,Tâches diverses,2021-02-17,13:55:06,00:00:04
stefano.crapanzano@chu.ulg.ac.be,Lecture documentation,Tâches diverses,2021-02-17,13:56:26,00:00:53
stefano.crapanzano@chu.ulg.ac.be,Lecture documentation,Tâches diverses,2021-02-17,13:58:13,00:00:11
stefano.crapanzano@chu.ulg.ac.be,Lecture documentation,Tâches diverses,2021-02-17,13:58:37,00:00:12
stefano.crapanzano@chu.ulg.ac.be,Lecture documentation,Tâches diverses,2021-02-17,13:59:42,00:02:19
stefano.crapanzano@chu.ulg.ac.be,Lecture documentation,Tâches diverses,2021-02-17,14:02:43,00:00:22
stefano.crapanzano@chu.ulg.ac.be,Lecture documentation,Tâches diverses,2021-02-17,14:03:18,00:00:11
stefano.crapanzano@chu.ulg.ac.be,Lecture documentation,Tâches diverses,2021-02-17,14:03:41,00:00:07
stefano.crapanzano@chu.ulg.ac.be,Lecture documentation,Tâches diverses,2021-02-17,14:04:06,00:00:15
stefano.crapanzano@chu.ulg.ac.be,Lecture documentation,Tâches diverses,2021-02-17,14:04:34,00:00:12
stefano.crapanzano@chu.ulg.ac.be,Lecture documentation,Tâches diverses,2021-02-17,14:04:54,00:00:14
stefano.crapanzano@chu.ulg.ac.be,Lecture documentation,Tâches diverses,2021-02-17,14:05:10,00:00:08
stefano.crapanzano@chu.ulg.ac.be,Lecture documentation,Tâches diverses,2021-02-17,14:08:17,00:00:05
stefano.crapanzano@chu.ulg.ac.be,Lecture documentation,Tâches diverses,2021-02-17,14:09:32,00:00:14
stefano.crapanzano@chu.ulg.ac.be,Lecture documentation,Tâches diverses,2021-02-17,14:10:18,00:00:09
stefano.crapanzano@chu.ulg.ac.be,Lecture documentation,Tâches diverses,2021-02-17,14:11:04,00:00:59
stefano.crapanzano@chu.ulg.ac.be,Lecture documentation,Tâches diverses,2021-02-17,14:12:09,00:00:25
stefano.crapanzano@chu.ulg.ac.be,Lecture documentation,Tâches diverses,2021-02-17,14:13:16,00:00:12
stefano.crapanzano@chu.ulg.ac.be,Lecture documentation,Tâches diverses,2021-02-17,14:13:56,00:00:08
stefano.crapanzano@chu.ulg.ac.be,Lecture documentation,Tâches diverses,2021-02-17,14:14:23,00:00:24
stefano.crapanzano@chu.ulg.ac.be,Lecture documentation,Tâches diverses,2021-02-17,14:14:52,00:00:25
stefano.crapanzano@chu.ulg.ac.be,Lecture documentation,Tâches diverses,2021-02-17,14:15:28,00:00:14
stefano.crapanzano@chu.ulg.ac.be,Lecture documentation,Tâches diverses,2021-02-17,14:16:10,00:01:29
stefano.crapanzano@chu.ulg.ac.be,Lecture documentation,Tâches diverses,2021-02-17,14:17:42,00:00:15
stefano.crapanzano@chu.ulg.ac.be,Lecture documentation,Tâches diverses,2021-02-17,14:18:43,00:00:12
stefano.crapanzano@chu.ulg.ac.be,Lecture documentation,Tâches diverses,2021-02-17,14:19:08,00:00:04
stefano.crapanzano@chu.ulg.ac.be,Lecture documentation,Tâches diverses,2021-02-17,14:22:52,00:00:16
stefano.crapanzano@chu.ulg.ac.be,Lecture documentation,Tâches diverses,2021-02-17,14:23:24,00:00:14
stefano.crapanzano@chu.ulg.ac.be,Lecture documentation,Tâches diverses,2021-02-17,14:24:21,00:00:13
stefano.crapanzano@chu.ulg.ac.be,Lecture documentation,Tâches diverses,2021-02-17,14:25:13,00:08:17
stefano.crapanzano@chu.ulg.ac.be,Lecture documentation,Tâches diverses,2021-02-17,14:33:38,00:00:03
stefano.crapanzano@chu.ulg.ac.be,Lecture documentation,Tâches diverses,2021-02-17,14:34:04,00:00:07
stefano.crapanzano@chu.ulg.ac.be,Lecture documentation,Tâches diverses,2021-02-17,14:34:39,00:00:26
stefano.crapanzano@chu.ulg.ac.be,Lecture documentation,Tâches diverses,2021-02-17,14:35:19,00:00:06
stefano.crapanzano@chu.ulg.ac.be,Lecture documentation,Tâches diverses,2021-02-17,14:36:28,00:00:56
stefano.crapanzano@chu.ulg.ac.be,Lecture documentation,Tâches diverses,2021-02-17,14:38:10,00:00:23
stefano.crapanzano@chu.ulg.ac.be,Lecture documentation,Tâches diverses,2021-02-17,14:38:39,00:00:08
stefano.crapanzano@chu.ulg.ac.be,Lecture documentation,Tâches diverses,2021-02-17,14:39:06,00:00:39
stefano.crapanzano@chu.ulg.ac.be,Lecture documentation,Tâches diverses,2021-02-17,14:40:12,00:00:33
stefano.crapanzano@chu.ulg.ac.be,Lecture documentation,Tâches diverses,2021-02-17,14:40:54,00:00:23
stefano.crapanzano@chu.ulg.ac.be,Lecture documentation,Tâches diverses,2021-02-17,14:41:25,00:00:20
stefano.crapanzano@chu.ulg.ac.be,Lecture documentation,Tâches diverses,2021-02-17,14:42:46,00:00:18
stefano.crapanzano@chu.ulg.ac.be,Lecture documentation,Tâches diverses,2021-02-17,14:43:12,00:00:24
stefano.crapanzano@chu.ulg.ac.be,Lecture documentation,Tâches diverses,2021-02-17,14:43:44,00:00:14
stefano.crapanzano@chu.ulg.ac.be,Lecture documentation,Tâches diverses,2021-02-17,14:44:06,00:00:07
stefano.crapanzano@chu.ulg.ac.be,Lecture documentation,Tâches diverses,2021-02-17,14:44:41,00:01:08
stefano.crapanzano@chu.ulg.ac.be,Lecture documentation,Tâches diverses,2021-02-17,14:47:17,00:00:03
stefano.crapanzano@chu.ulg.ac.be,Lecture documentation,Tâches diverses,2021-02-17,14:47:39,00:01:29
stefano.crapanzano@chu.ulg.ac.be,Lecture documentation,Tâches diverses,2021-02-17,14:50:24,00:00:05
stefano.crapanzano@chu.ulg.ac.be,Lecture documentation,Tâches diverses,2021-02-17,14:50:54,00:01:09
stefano.crapanzano@chu.ulg.ac.be,Lecture documentation,Tâches diverses,2021-02-17,14:54:26,00:00:14
stefano.crapanzano@chu.ulg.ac.be,Lecture documentation,Tâches diverses,2021-02-17,14:56:15,00:02:13
stefano.crapanzano@chu.ulg.ac.be,Lecture documentation,Tâches diverses,2021-02-17,15:00:48,00:01:07
stefano.crapanzano@chu.ulg.ac.be,Lecture documentation,Tâches diverses,2021-02-17,15:04:34,00:00:04
stefano.crapanzano@chu.ulg.ac.be,Lecture documentation,Tâches diverses,2021-02-17,15:04:43,00:00:03
stefano.crapanzano@chu.ulg.ac.be,Lecture documentation,Tâches diverses,2021-02-17,15:05:16,00:00:29
stefano.crapanzano@chu.ulg.ac.be,Lecture documentation,Tâches diverses,2021-02-17,15:05:59,00:00:15
stefano.crapanzano@chu.ulg.ac.be,Lecture documentation,Tâches diverses,2021-02-17,15:06:19,00:00:11
stefano.crapanzano@chu.ulg.ac.be,Lecture documentation,Tâches diverses,2021-02-17,15:06:36,00:00:08
stefano.crapanzano@chu.ulg.ac.be,Lecture documentation,Tâches diverses,2021-02-17,15:07:14,00:00:33
stefano.crapanzano@chu.ulg.ac.be,Lecture documentation,Tâches diverses,2021-02-17,15:08:05,00:00:03
stefano.crapanzano@chu.ulg.ac.be,Lecture documentation,Tâches diverses,2021-02-17,15:08:10,00:00:59
stefano.crapanzano@chu.ulg.ac.be,Lecture documentation,Tâches diverses,2021-02-17,15:09:27,00:00:08
stefano.crapanzano@chu.ulg.ac.be,Lecture documentation,Tâches diverses,2021-02-17,15:10:29,00:00:03
stefano.crapanzano@chu.ulg.ac.be,Lecture documentation,Tâches diverses,2021-02-17,15:11:23,00:00:14
stefano.crapanzano@chu.ulg.ac.be,Lecture documentation,Tâches diverses,2021-02-17,15:11:56,00:00:04
stefano.crapanzano@chu.ulg.ac.be,Lecture documentation,Tâches diverses,2021-02-17,15:12:20,00:00:24
stefano.crapanzano@chu.ulg.ac.be,Lecture documentation,Tâches diverses,2021-02-17,15:13:45,00:00:36
stefano.crapanzano@chu.ulg.ac.be,Lecture documentation,Tâches diverses,2021-02-17,15:14:38,00:00:06
stefano.crapanzano@chu.ulg.ac.be,Lecture documentation,Tâches diverses,2021-02-17,15:14:50,00:00:02
stefano.crapanzano@chu.ulg.ac.be,Lecture documentation,Tâches diverses,2021-02-17,15:14:56,00:00:18
stefano.crapanzano@chu.ulg.ac.be,Lecture documentation,Tâches diverses,2021-02-17,15:15:27,00:00:14
stefano.crapanzano@chu.ulg.ac.be,Lecture documentation,Tâches diverses,2021-02-17,15:16:15,00:00:12
stefano.crapanzano@chu.ulg.ac.be,Lecture documentation,Tâches diverses,2021-02-17,15:16:37,00:00:49
stefano.crapanzano@chu.ulg.ac.be,Lecture documentation,Tâches diverses,2021-02-17,15:18:40,00:00:49
stefano.crapanzano@chu.ulg.ac.be,Lecture documentation,Tâches diverses,2021-02-17,15:20:09,00:00:15
stefano.crapanzano@chu.ulg.ac.be,Lecture documentation,Tâches diverses,2021-02-17,15:20:33,00:00:13
stefano.crapanzano@chu.ulg.ac.be,Lecture documentation,Tâches diverses,2021-02-17,15:21:39,00:00:15
stefano.crapanzano@chu.ulg.ac.be,Lecture documentation,Tâches diverses,2021-02-17,15:22:53,00:00:30
stefano.crapanzano@chu.ulg.ac.be,Lecture documentation,Tâches diverses,2021-02-17,15:23:28,00:00:13
stefano.crapanzano@chu.ulg.ac.be,Lecture documentation,Tâches diverses,2021-02-17,15:24:13,00:00:08
stefano.crapanzano@chu.ulg.ac.be,Lecture documentation,Tâches diverses,2021-02-17,15:24:50,00:00:19
stefano.crapanzano@chu.ulg.ac.be,Lecture documentation,Tâches diverses,2021-02-17,15:25:35,00:00:17
stefano.crapanzano@chu.ulg.ac.be,Lecture documentation,Tâches diverses,2021-02-17,15:26:08,00:00:31
stefano.crapanzano@chu.ulg.ac.be,Lecture documentation,Tâches diverses,2021-02-17,15:27:43,00:00:02
stefano.crapanzano@chu.ulg.ac.be,Lecture documentation,Tâches diverses,2021-02-17,15:28:23,00:04:58
stefano.crapanzano@chu.ulg.ac.be,Lecture documentation,Tâches diverses,2021-02-17,15:37:39,00:00:27
stefano.crapanzano@chu.ulg.ac.be,Lecture documentation,Tâches diverses,2021-02-17,15:39:16,00:00:45
stefano.crapanzano@chu.ulg.ac.be,Lecture documentation,Tâches diverses,2021-02-17,15:40:06,00:00:08
stefano.crapanzano@chu.ulg.ac.be,Lecture documentation,Tâches diverses,2021-02-17,15:41:13,00:01:00
stefano.crapanzano@chu.ulg.ac.be,Lecture documentation,Tâches diverses,2021-02-17,15:42:34,00:01:02
stefano.crapanzano@chu.ulg.ac.be,Lecture documentation,Tâches diverses,2021-02-17,15:45:29,00:00:15
stefano.crapanzano@chu.ulg.ac.be,Lecture documentation,Tâches diverses,2021-02-17,15:45:57,00:00:06
stefano.crapanzano@chu.ulg.ac.be,Lecture documentation,Tâches diverses,2021-02-17,15:47:28,00:00:29
stefano.crapanzano@chu.ulg.ac.be,Lecture documentation,Tâches diverses,2021-02-17,15:48:06,00:00:03
stefano.crapanzano@chu.ulg.ac.be,Lecture documentation,Tâches diverses,2021-02-17,15:48:18,00:00:13
stefano.crapanzano@chu.ulg.ac.be,Lecture documentation,Tâches diverses,2021-02-17,15:48:45,00:00:14
stefano.crapanzano@chu.ulg.ac.be,Lecture documentation,Tâches diverses,2021-02-17,15:49:16,00:00:08
stefano.crapanzano@chu.ulg.ac.be,Lecture documentation,Tâches diverses,2021-02-17,15:49:28,00:00:11
stefano.crapanzano@chu.ulg.ac.be,Lecture documentation,Tâches diverses,2021-02-17,15:49:48,00:00:11
stefano.crapanzano@chu.ulg.ac.be,Lecture documentation,Tâches diverses,2021-02-17,15:50:38,00:00:27
stefano.crapanzano@chu.ulg.ac.be,Lecture documentation,Tâches diverses,2021-02-17,15:51:16,00:01:06
stefano.crapanzano@chu.ulg.ac.be,Lecture documentation,Tâches diverses,2021-02-17,15:52:47,00:00:15
stefano.crapanzano@chu.ulg.ac.be,Lecture documentation,Tâches diverses,2021-02-17,15:53:06,00:00:23
stefano.crapanzano@chu.ulg.ac.be,Lecture documentation,Tâches diverses,2021-02-17,15:54:14,00:00:40
stefano.crapanzano@chu.ulg.ac.be,Lecture documentation,Tâches diverses,2021-02-17,15:56:29,00:00:04
stefano.crapanzano@chu.ulg.ac.be,Lecture documentation,Tâches diverses,2021-02-17,15:58:32,00:00:19
stefano.crapanzano@chu.ulg.ac.be,Lecture documentation,Tâches diverses,2021-02-17,15:59:11,00:00:04
stefano.crapanzano@chu.ulg.ac.be,Lecture documentation,Tâches diverses,2021-02-17,15:59:48,00:00:50
stefano.crapanzano@chu.ulg.ac.be,Lecture documentation,Tâches diverses,2021-02-17,16:01:09,00:00:11
stefano.crapanzano@chu.ulg.ac.be,Lecture documentation,Tâches diverses,2021-02-17,16:03:05,00:00:14
stefano.crapanzano@chu.ulg.ac.be,Lecture documentation,Tâches diverses,2021-02-17,16:03:50,00:00:25
stefano.crapanzano@chu.ulg.ac.be,Lecture documentation,Tâches diverses,2021-02-17,16:05:50,00:00:08
stefano.crapanzano@chu.ulg.ac.be,Lecture documentation,Tâches diverses,2021-02-17,16:06:00,00:00:03
stefano.crapanzano@chu.ulg.ac.be,Lecture documentation,Tâches diverses,2021-02-17,16:06:45,00:00:07
stefano.crapanzano@chu.ulg.ac.be,Lecture documentation,Tâches diverses,2021-02-17,16:11:09,00:00:08
stefano.crapanzano@chu.ulg.ac.be,Lecture documentation,Tâches diverses,2021-02-17,16:12:28,00:00:25
stefano.crapanzano@chu.ulg.ac.be,Lecture documentation,Tâches diverses,2021-02-17,16:13:41,00:00:09
stefano.crapanzano@chu.ulg.ac.be,Lecture documentation,Tâches diverses,2021-02-17,16:14:02,00:00:02
stefano.crapanzano@chu.ulg.ac.be,Lecture documentation,Tâches diverses,2021-02-17,16:14:06,00:00:02
stefano.crapanzano@chu.ulg.ac.be,Lecture documentation,Tâches diverses,2021-02-17,16:14:58,00:00:11
stefano.crapanzano@chu.ulg.ac.be,Lecture documentation,Tâches diverses,2021-02-17,16:15:18,00:00:07
stefano.crapanzano@chu.ulg.ac.be,Lecture documentation,Tâches diverses,2021-02-17,16:16:18,00:00:07
stefano.crapanzano@chu.ulg.ac.be,Lecture documentation,Tâches diverses,2021-02-17,16:16:36,00:00:04
stefano.crapanzano@chu.ulg.ac.be,Lecture documentation,Tâches diverses,2021-02-17,16:20:29,00:00:02
stefano.crapanzano@chu.ulg.ac.be,Lecture documentation,Tâches diverses,2021-02-17,16:21:08,00:00:02
stefano.crapanzano@chu.ulg.ac.be,Lecture documentation,Tâches diverses,2021-02-17,16:22:01,00:00:16
stefano.crapanzano@chu.ulg.ac.be,Lecture documentation,Tâches diverses,2021-02-17,16:26:19,00:00:03
stefano.crapanzano@chu.ulg.ac.be,Lecture documentation,Tâches diverses,2021-02-17,16:27:41,00:00:08
stefano.crapanzano@chu.ulg.ac.be,Lecture documentation,Tâches diverses,2021-02-17,16:28:30,00:00:11
stefano.crapanzano@chu.ulg.ac.be,Lecture documentation,Tâches diverses,2021-02-17,16:29:15,00:00:20
stefano.crapanzano@chu.ulg.ac.be,Lecture documentation,Tâches diverses,2021-02-17,16:30:13,00:00:23
stefano.crapanzano@chu.ulg.ac.be,Lecture documentation,Tâches diverses,2021-02-17,16:31:39,00:00:03
stefano.crapanzano@chu.ulg.ac.be,Lecture documentation,Tâches diverses,2021-02-17,16:31:46,00:00:06
stefano.crapanzano@chu.ulg.ac.be,Lecture documentation,Tâches diverses,2021-02-17,16:32:11,00:00:06
stefano.crapanzano@chu.ulg.ac.be,Lecture documentation,Tâches diverses,2021-02-17,16:32:25,00:00:11
stefano.crapanzano@chu.ulg.ac.be,Lecture documentation,Tâches diverses,2021-02-17,16:33:31,00:00:11
stefano.crapanzano@chu.ulg.ac.be,Lecture documentation,Tâches diverses,2021-02-17,16:33:59,00:00:11
stefano.crapanzano@chu.ulg.ac.be,Lecture documentation,Tâches diverses,2021-02-17,16:34:30,00:00:23
stefano.crapanzano@chu.ulg.ac.be,Lecture documentation,Tâches diverses,2021-02-17,16:35:47,00:00:12
stefano.crapanzano@chu.ulg.ac.be,Lecture documentation,Tâches diverses,2021-02-17,16:36:39,00:00:14
stefano.crapanzano@chu.ulg.ac.be,Lecture documentation,Tâches diverses,2021-02-17,16:37:04,00:01:15
stefano.crapanzano@chu.ulg.ac.be,Lecture documentation,Tâches diverses,2021-02-17,16:38:28,00:01:25
stefano.crapanzano@chu.ulg.ac.be,Lecture documentation,Tâches diverses,2021-02-17,16:40:13,00:00:14
stefano.crapanzano@chu.ulg.ac.be,Lecture documentation,Tâches diverses,2021-02-17,16:40:32,00:00:06
stefano.crapanzano@chu.ulg.ac.be,Lecture documentation,Tâches diverses,2021-02-17,16:40:43,00:00:05
stefano.crapanzano@chu.ulg.ac.be,Lecture documentation,Tâches diverses,2021-02-17,16:40:51,00:01:48
stefano.crapanzano@chu.ulg.ac.be,Lecture documentation,Tâches diverses,2021-02-17,16:42:46,00:00:11
stefano.crapanzano@chu.ulg.ac.be,Lecture documentation,Tâches diverses,2021-02-17,16:43:03,00:03:15
stefano.crapanzano@chu.ulg.ac.be,Lecture documentation,Tâches diverses,2021-02-17,16:46:30,00:01:28
stefano.crapanzano@chu.ulg.ac.be,Lecture documentation,Tâches diverses,2021-02-17,16:48:22,00:01:57
stefano.crapanzano@chu.ulg.ac.be,Lecture documentation,Tâches diverses,2021-02-17,16:50:26,00:00:04
stefano.crapanzano@chu.ulg.ac.be,Lecture documentation,Tâches diverses,2021-02-17,16:50:35,00:00:07
stefano.crapanzano@chu.ulg.ac.be,Lecture documentation,Tâches diverses,2021-02-17,16:50:47,00:00:05
stefano.crapanzano@chu.ulg.ac.be,Lecture documentation,Tâches diverses,2021-02-17,16:50:54,00:00:17
stefano.crapanzano@chu.ulg.ac.be,Lecture documentation,Tâches diverses,2021-02-17,16:51:43,00:01:01
stefano.crapanzano@chu.ulg.ac.be,Lecture documentation,Tâches diverses,2021-02-17,16:52:58,00:00:07
stefano.crapanzano@chu.ulg.ac.be,Lecture documentation,Tâches diverses,2021-02-17,16:53:08,00:00:18
stefano.crapanzano@chu.ulg.ac.be,Lecture documentation,Tâches diverses,2021-02-17,16:53:41,00:00:24
stefano.crapanzano@chu.ulg.ac.be,Lecture documentation,Tâches diverses,2021-02-17,16:54:07,00:00:15
stefano.crapanzano@chu.ulg.ac.be,Lecture documentation,Tâches diverses,2021-02-17,16:54:31,00:00:35
stefano.crapanzano@chu.ulg.ac.be,Lecture documentation,Tâches diverses,2021-02-17,16:55:14,00:00:12
stefano.crapanzano@chu.ulg.ac.be,Lecture documentation,Tâches diverses,2021-02-17,16:55:41,00:02:15
stefano.crapanzano@chu.ulg.ac.be,P203 CHR Information concernant Project System - Bienvenue! Vous pouvez poser une demande de Service Desk ERP for HealthCare parmi les options fournies. - Service d'assistance - Google Chrome,Tâches diverses,2021-02-17,10:51:37,00:00:34
stefano.crapanzano@chu.ulg.ac.be,P203 CHR rapport ZWD_IVREP Impossible - Bienvenue! Vous pouvez poser une demande de Service Desk ERP for HealthCare parmi les options fournies. - Service d'assistance - Google Chrome,Tâches diverses,2021-02-17,10:52:19,00:00:15
stefano.crapanzano@chu.ulg.ac.be,data:  - Google Chrome,Tâches diverses,2021-02-17,11:02:52,00:00:02
stefano.crapanzano@chu.ulg.ac.be,data:  - Google Chrome,Tâches diverses,2021-02-17,11:08:05,00:00:02
stefano.crapanzano@chu.ulg.ac.be,data:  - Google Chrome,Tâches diverses,2021-02-17,11:12:52,00:00:02
stefano.crapanzano@chu.ulg.ac.be,data:  - Google Chrome,Tâches diverses,2021-02-17,11:12:56,00:00:02
stefano.crapanzano@chu.ulg.ac.be,data:  - Google Chrome,Tâches diverses,2021-02-17,11:17:38,00:00:02
stefano.crapanzano@chu.ulg.ac.be,data:  - Google Chrome,Tâches diverses,2021-02-17,11:22:36,00:00:02
stefano.crapanzano@chu.ulg.ac.be,data:  - Google Chrome,Tâches diverses,2021-02-17,11:24:11,00:00:02
stefano.crapanzano@chu.ulg.ac.be,data:  - Google Chrome,Tâches diverses,2021-02-17,11:26:18,00:00:02
stefano.crapanzano@chu.ulg.ac.be,data:  - Google Chrome,Tâches diverses,2021-02-17,11:33:41,00:00:02
stefano.crapanzano@chu.ulg.ac.be,data:  - Google Chrome,Tâches diverses,2021-02-17,11:36:52,00:00:02
stefano.crapanzano@chu.ulg.ac.be,data:  - Google Chrome,Tâches diverses,2021-02-17,11:39:31,00:00:02
stefano.crapanzano@chu.ulg.ac.be,data:  - Google Chrome,Tâches diverses,2021-02-17,11:39:35,00:00:02
stefano.crapanzano@chu.ulg.ac.be,data:  - Google Chrome,Tâches diverses,2021-02-17,11:42:27,00:00:02
stefano.crapanzano@chu.ulg.ac.be,data:  - Google Chrome,Tâches diverses,2021-02-17,11:44:16,00:00:02
stefano.crapanzano@chu.ulg.ac.be,data:  - Google Chrome,Tâches diverses,2021-02-17,11:45:27,00:00:02
stefano.crapanzano@chu.ulg.ac.be,data:  - Google Chrome,Tâches diverses,2021-02-17,11:45:32,00:00:02
stefano.crapanzano@chu.ulg.ac.be,data:  - Google Chrome,Tâches diverses,2021-02-17,11:51:44,00:00:13
stefano.crapanzano@chu.ulg.ac.be,data:  - Google Chrome,Tâches diverses,2021-02-17,11:52:40,00:00:02
stefano.crapanzano@chu.ulg.ac.be,data:  - Google Chrome,Tâches diverses,2021-02-17,11:52:44,00:00:02
stefano.crapanzano@chu.ulg.ac.be,data:  - Google Chrome,Tâches diverses,2021-02-17,11:52:49,00:00:07
stefano.crapanzano@chu.ulg.ac.be,data:  - Google Chrome,Tâches diverses,2021-02-17,12:01:16,00:00:02
stefano.crapanzano@chu.ulg.ac.be,data:  - Google Chrome,Tâches diverses,2021-02-17,12:03:27,00:00:02
stefano.crapanzano@chu.ulg.ac.be,data:  - Google Chrome,Tâches diverses,2021-02-17,12:06:02,00:00:02
stefano.crapanzano@chu.ulg.ac.be,data:  - Google Chrome,Tâches diverses,2021-02-17,12:14:52,00:00:02
stefano.crapanzano@chu.ulg.ac.be,data:  - Google Chrome,Tâches diverses,2021-02-17,12:17:32,00:00:02
stefano.crapanzano@chu.ulg.ac.be,data:  - Google Chrome,Tâches diverses,2021-02-17,12:21:18,00:00:03
stefano.crapanzano@chu.ulg.ac.be,data:  - Google Chrome,Tâches diverses,2021-02-17,12:22:27,00:00:02
stefano.crapanzano@chu.ulg.ac.be,data:  - Google Chrome,Tâches diverses,2021-02-17,12:23:28,00:00:03
stefano.crapanzano@chu.ulg.ac.be,data:  - Google Chrome,Tâches diverses,2021-02-17,12:24:36,00:00:02
stefano.crapanzano@chu.ulg.ac.be,data:  - Google Chrome,Tâches diverses,2021-02-17,12:25:19,00:00:03
stefano.crapanzano@chu.ulg.ac.be,data:  - Google Chrome,Tâches diverses,2021-02-17,12:25:24,00:00:03
stefano.crapanzano@chu.ulg.ac.be,data:  - Google Chrome,Tâches diverses,2021-02-17,12:26:36,00:00:02
stefano.crapanzano@chu.ulg.ac.be,data:  - Google Chrome,Tâches diverses,2021-02-17,12:27:24,00:00:02
stefano.crapanzano@chu.ulg.ac.be,data:  - Google Chrome,Tâches diverses,2021-02-17,12:27:29,00:00:02
stefano.crapanzano@chu.ulg.ac.be,data:  - Google Chrome,Tâches diverses,2021-02-17,12:27:34,00:00:02
stefano.crapanzano@chu.ulg.ac.be,data:  - Google Chrome,Tâches diverses,2021-02-17,12:33:40,00:00:02
stefano.crapanzano@chu.ulg.ac.be,data:  - Google Chrome,Tâches diverses,2021-02-17,12:34:58,00:00:02
stefano.crapanzano@chu.ulg.ac.be,data:  - Google Chrome,Tâches diverses,2021-02-17,12:41:50,00:00:02
stefano.crapanzano@chu.ulg.ac.be,data:  - Google Chrome,Tâches diverses,2021-02-17,12:42:03,00:00:02
stefano.crapanzano@chu.ulg.ac.be,data:  - Google Chrome,Tâches diverses,2021-02-17,12:42:45,00:00:02
stefano.crapanzano@chu.ulg.ac.be,data:  - Google Chrome,Tâches diverses,2021-02-17,12:42:58,00:00:02
stefano.crapanzano@chu.ulg.ac.be,data:  - Google Chrome,Tâches diverses,2021-02-17,12:47:58,00:00:02
stefano.crapanzano@chu.ulg.ac.be,data:  - Google Chrome,Tâches diverses,2021-02-17,12:49:10,00:00:02
stefano.crapanzano@chu.ulg.ac.be,data:  - Google Chrome,Tâches diverses,2021-02-17,12:49:18,00:00:02
stefano.crapanzano@chu.ulg.ac.be,data:  - Google Chrome,Tâches diverses,2021-02-17,12:51:59,00:00:02
stefano.crapanzano@chu.ulg.ac.be,data:  - Google Chrome,Tâches diverses,2021-02-17,12:52:20,00:00:03
stefano.crapanzano@chu.ulg.ac.be,data:  - Google Chrome,Tâches diverses,2021-02-17,12:55:23,00:00:02
stefano.crapanzano@chu.ulg.ac.be,data:  - Google Chrome,Tâches diverses,2021-02-17,12:55:43,00:00:02
stefano.crapanzano@chu.ulg.ac.be,data:  - Google Chrome,Tâches diverses,2021-02-17,15:26:50,00:00:02
stefano.crapanzano@chu.ulg.ac.be,127.0.0.1 - Google Chrome,Tâches diverses,2021-02-17,12:21:22,00:00:08
stefano.crapanzano@chu.ulg.ac.be,LABO - Stock article - Google Chrome,Tâches diverses,2021-02-17,11:12:58,00:00:02
stefano.crapanzano@chu.ulg.ac.be,LABO - Stock article - Google Chrome,Tâches diverses,2021-02-17,11:17:42,00:00:03
stefano.crapanzano@chu.ulg.ac.be,LABO - Stock article - Google Chrome,Tâches diverses,2021-02-17,11:18:22,00:00:02
stefano.crapanzano@chu.ulg.ac.be,LABO - Stock article - Google Chrome,Tâches diverses,2021-02-17,11:18:49,00:00:03
stefano.crapanzano@chu.ulg.ac.be,LABO - Stock article - Google Chrome,Tâches diverses,2021-02-17,11:19:20,00:00:04
stefano.crapanzano@chu.ulg.ac.be,LABO - Stock article - Google Chrome,Tâches diverses,2021-02-17,11:20:18,00:00:04
stefano.crapanzano@chu.ulg.ac.be,LABO - Stock article - Google Chrome,Tâches diverses,2021-02-17,11:22:31,00:00:04
stefano.crapanzano@chu.ulg.ac.be,LABO - Stock article - Google Chrome,Tâches diverses,2021-02-17,11:24:06,00:00:04
stefano.crapanzano@chu.ulg.ac.be,LABO - Stock article - Google Chrome,Tâches diverses,2021-02-17,11:26:25,00:00:05
stefano.crapanzano@chu.ulg.ac.be,LABO - Stock article - Google Chrome,Tâches diverses,2021-02-17,11:33:23,00:00:10
stefano.crapanzano@chu.ulg.ac.be,LABO - Stock article - Google Chrome,Tâches diverses,2021-02-17,11:33:43,00:00:02
stefano.crapanzano@chu.ulg.ac.be,LABO - Stock article - Google Chrome,Tâches diverses,2021-02-17,11:34:47,00:00:08
stefano.crapanzano@chu.ulg.ac.be,LABO - Stock article - Google Chrome,Tâches diverses,2021-02-17,11:36:40,00:00:12
stefano.crapanzano@chu.ulg.ac.be,LABO - Stock article - Google Chrome,Tâches diverses,2021-02-17,11:36:55,00:00:08
stefano.crapanzano@chu.ulg.ac.be,LABO - Stock article - Google Chrome,Tâches diverses,2021-02-17,11:39:19,00:00:12
stefano.crapanzano@chu.ulg.ac.be,LABO - Stock article - Google Chrome,Tâches diverses,2021-02-17,11:39:33,00:00:02
stefano.crapanzano@chu.ulg.ac.be,LABO - Stock article - Google Chrome,Tâches diverses,2021-02-17,11:39:38,00:00:07
stefano.crapanzano@chu.ulg.ac.be,LABO - Stock article - Google Chrome,Tâches diverses,2021-02-17,11:40:09,00:00:20
stefano.crapanzano@chu.ulg.ac.be,LABO - Stock article - Google Chrome,Tâches diverses,2021-02-17,11:41:21,00:00:14
stefano.crapanzano@chu.ulg.ac.be,LABO - Stock article - Google Chrome,Tâches diverses,2021-02-17,11:41:37,00:00:03
stefano.crapanzano@chu.ulg.ac.be,LABO - Stock article - Google Chrome,Tâches diverses,2021-02-17,11:42:30,00:00:03
stefano.crapanzano@chu.ulg.ac.be,LABO - Stock article - Google Chrome,Tâches diverses,2021-02-17,11:42:40,00:00:19
stefano.crapanzano@chu.ulg.ac.be,LABO - Stock article - Google Chrome,Tâches diverses,2021-02-17,11:43:11,00:00:10
stefano.crapanzano@chu.ulg.ac.be,LABO - Stock article - Google Chrome,Tâches diverses,2021-02-17,11:44:03,00:00:10
stefano.crapanzano@chu.ulg.ac.be,LABO - Stock article - Google Chrome,Tâches diverses,2021-02-17,11:44:21,00:00:03
stefano.crapanzano@chu.ulg.ac.be,LABO - Stock article - Google Chrome,Tâches diverses,2021-02-17,11:45:34,00:00:02
stefano.crapanzano@chu.ulg.ac.be,LABO - Stock article - Google Chrome,Tâches diverses,2021-02-17,11:51:39,00:00:04
stefano.crapanzano@chu.ulg.ac.be,LABO - Stock article - Google Chrome,Tâches diverses,2021-02-17,11:52:46,00:00:02
stefano.crapanzano@chu.ulg.ac.be,LABO - Stock article - Google Chrome,Tâches diverses,2021-02-17,12:01:19,00:00:03
stefano.crapanzano@chu.ulg.ac.be,LABO - Stock article - Google Chrome,Tâches diverses,2021-02-17,12:04:27,00:00:20
stefano.crapanzano@chu.ulg.ac.be,LABO - Stock article - Google Chrome,Tâches diverses,2021-02-17,12:06:05,00:00:20
stefano.crapanzano@chu.ulg.ac.be,LABO - Stock article - Google Chrome,Tâches diverses,2021-02-17,12:11:53,00:00:07
stefano.crapanzano@chu.ulg.ac.be,LABO - Stock article - Google Chrome,Tâches diverses,2021-02-17,12:24:33,00:00:02
stefano.crapanzano@chu.ulg.ac.be,LABO - Stock article - Google Chrome,Tâches diverses,2021-02-17,12:24:41,00:00:02
stefano.crapanzano@chu.ulg.ac.be,LABO - Stock article - Google Chrome,Tâches diverses,2021-02-17,12:25:16,00:00:02
stefano.crapanzano@chu.ulg.ac.be,LABO - Stock article - Google Chrome,Tâches diverses,2021-02-17,12:25:27,00:00:04
stefano.crapanzano@chu.ulg.ac.be,LABO - Stock article - Google Chrome,Tâches diverses,2021-02-17,12:26:30,00:00:02
stefano.crapanzano@chu.ulg.ac.be,LABO - Stock article - Google Chrome,Tâches diverses,2021-02-17,12:26:39,00:00:04
stefano.crapanzano@chu.ulg.ac.be,LABO - Stock article - Google Chrome,Tâches diverses,2021-02-17,12:27:36,00:00:05
stefano.crapanzano@chu.ulg.ac.be,LABO - Stock article - Google Chrome,Tâches diverses,2021-02-17,12:33:34,00:00:02
stefano.crapanzano@chu.ulg.ac.be,LABO - Stock article - Google Chrome,Tâches diverses,2021-02-17,12:33:38,00:00:02
stefano.crapanzano@chu.ulg.ac.be,LABO - Stock article - Google Chrome,Tâches diverses,2021-02-17,12:33:46,00:00:05
stefano.crapanzano@chu.ulg.ac.be,LABO - Stock article - Google Chrome,Tâches diverses,2021-02-17,12:34:47,00:00:07
stefano.crapanzano@chu.ulg.ac.be,LABO - Stock article - Google Chrome,Tâches diverses,2021-02-17,12:35:22,00:00:07
stefano.crapanzano@chu.ulg.ac.be,LABO - Stock article - Google Chrome,Tâches diverses,2021-02-17,12:41:52,00:00:07
stefano.crapanzano@chu.ulg.ac.be,LABO - Stock article - Google Chrome,Tâches diverses,2021-02-17,12:42:01,00:00:02
stefano.crapanzano@chu.ulg.ac.be,LABO - Stock article - Google Chrome,Tâches diverses,2021-02-17,12:42:06,00:00:07
stefano.crapanzano@chu.ulg.ac.be,LABO - Stock article - Google Chrome,Tâches diverses,2021-02-17,12:42:47,00:00:07
stefano.crapanzano@chu.ulg.ac.be,LABO - Stock article - Google Chrome,Tâches diverses,2021-02-17,12:42:56,00:00:02
stefano.crapanzano@chu.ulg.ac.be,LABO - Stock article - Google Chrome,Tâches diverses,2021-02-17,12:43:00,00:00:02
stefano.crapanzano@chu.ulg.ac.be,LABO - Stock article - Google Chrome,Tâches diverses,2021-02-17,12:43:04,00:00:10
stefano.crapanzano@chu.ulg.ac.be,LABO - Stock article - Google Chrome,Tâches diverses,2021-02-17,12:44:25,00:00:02
stefano.crapanzano@chu.ulg.ac.be,LABO - Stock article - Google Chrome,Tâches diverses,2021-02-17,12:44:31,00:00:10
stefano.crapanzano@chu.ulg.ac.be,LABO - Stock article - Google Chrome,Tâches diverses,2021-02-17,12:47:52,00:00:02
stefano.crapanzano@chu.ulg.ac.be,LABO - Stock article - Google Chrome,Tâches diverses,2021-02-17,12:48:02,00:00:03
stefano.crapanzano@chu.ulg.ac.be,LABO - Stock article - Google Chrome,Tâches diverses,2021-02-17,12:49:12,00:00:02
stefano.crapanzano@chu.ulg.ac.be,LABO - Stock article - Google Chrome,Tâches diverses,2021-02-17,12:49:24,00:00:02
stefano.crapanzano@chu.ulg.ac.be,LABO - Stock article - Google Chrome,Tâches diverses,2021-02-17,12:52:01,00:00:12
stefano.crapanzano@chu.ulg.ac.be,LABO - Stock article - Google Chrome,Tâches diverses,2021-02-17,12:52:14,00:00:02
stefano.crapanzano@chu.ulg.ac.be,LABO - Stock article - Google Chrome,Tâches diverses,2021-02-17,12:52:24,00:00:04
stefano.crapanzano@chu.ulg.ac.be,LABO - Stock article - Google Chrome,Tâches diverses,2021-02-17,12:55:25,00:00:12
stefano.crapanzano@chu.ulg.ac.be,LABO - Stock article - Google Chrome,Tâches diverses,2021-02-17,12:55:38,00:00:03
stefano.crapanzano@chu.ulg.ac.be,LABO - Stock article - Google Chrome,Tâches diverses,2021-02-17,12:55:45,00:00:07
stefano.crapanzano@chu.ulg.ac.be,LABO - Stock article - Google Chrome,Tâches diverses,2021-02-17,13:35:05,00:00:02
stefano.crapanzano@chu.ulg.ac.be,LABO - Stock article - Google Chrome,Tâches diverses,2021-02-17,15:26:52,00:00:09
stefano.crapanzano@chu.ulg.ac.be,SDERP-17713 P203 CHU Problèmes d'affichage dans le Workflow Approval - Message (HTML),Helpdesk général,2021-02-17,11:11:25,00:00:16
stefano.crapanzano@chu.ulg.ac.be,selenium django use db test - Recherche Google - Google Chrome,Tâches diverses,2021-02-17,12:19:27,00:00:12
stefano.crapanzano@chu.ulg.ac.be,Test case data stays in Django development database Selenium - Stack Overflow - Google Chrome,Tâches diverses,2021-02-17,12:19:39,00:00:33
stefano.crapanzano@chu.ulg.ac.be,Testing tools | Django documentation | Django - Google Chrome,Tâches diverses,2021-02-17,12:20:12,00:00:40
stefano.crapanzano@chu.ulg.ac.be,Testing tools | Django documentation | Django - Google Chrome,Tâches diverses,2021-02-17,12:21:58,00:00:08
stefano.crapanzano@chu.ulg.ac.be,C:\Users\c158492\Desktop\code.txt - Notepad++ [Administrator],IT,2021-02-17,15:58:00,00:00:06
stefano.crapanzano@chu.ulg.ac.be,*new 4 - Notepad++ [Administrator],IT,2021-02-17,13:42:53,00:00:03
stefano.crapanzano@chu.ulg.ac.be,*new 4 - Notepad++ [Administrator],IT,2021-02-17,13:42:57,00:00:02
stefano.crapanzano@chu.ulg.ac.be,*new 4 - Notepad++ [Administrator],IT,2021-02-17,13:46:22,00:00:04
stefano.crapanzano@chu.ulg.ac.be,*new 4 - Notepad++ [Administrator],IT,2021-02-17,13:46:47,00:00:02
stefano.crapanzano@chu.ulg.ac.be,*new 4 - Notepad++ [Administrator],IT,2021-02-17,15:44:39,00:00:11
stefano.crapanzano@chu.ulg.ac.be,*new 4 - Notepad++ [Administrator],IT,2021-02-17,15:46:07,00:00:10
stefano.crapanzano@chu.ulg.ac.be,*new 5 - Notepad++ [Administrator],IT,2021-02-17,13:45:44,00:00:38
stefano.crapanzano@chu.ulg.ac.be,*new 5 - Notepad++ [Administrator],IT,2021-02-17,13:46:39,00:00:04
stefano.crapanzano@chu.ulg.ac.be,*new 5 - Notepad++ [Administrator],IT,2021-02-17,13:46:50,00:00:05
stefano.crapanzano@chu.ulg.ac.be,*new 5 - Notepad++ [Administrator],IT,2021-02-17,14:20:30,00:00:19
stefano.crapanzano@chu.ulg.ac.be,*new 5 - Notepad++ [Administrator],IT,2021-02-17,14:21:23,00:00:03
stefano.crapanzano@chu.ulg.ac.be,*new 5 - Notepad++ [Administrator],IT,2021-02-17,14:22:06,00:00:05
stefano.crapanzano@chu.ulg.ac.be,*new 5 - Notepad++ [Administrator],IT,2021-02-17,14:22:21,00:00:08
stefano.crapanzano@chu.ulg.ac.be,*new 5 - Notepad++ [Administrator],IT,2021-02-17,14:22:36,00:00:05
stefano.crapanzano@chu.ulg.ac.be,*new 5 - Notepad++ [Administrator],IT,2021-02-17,15:44:20,00:00:19
stefano.crapanzano@chu.ulg.ac.be,*new 5 - Notepad++ [Administrator],IT,2021-02-17,15:46:18,00:00:09
stefano.crapanzano@chu.ulg.ac.be,*new 5 - Notepad++ [Administrator],IT,2021-02-17,15:46:49,00:00:19
stefano.crapanzano@chu.ulg.ac.be,*new 5 - Notepad++ [Administrator],IT,2021-02-17,15:57:57,00:00:02
stefano.crapanzano@chu.ulg.ac.be,javascript jquery $.ajax - Recherche Google - Google Chrome,Tâches diverses,2021-02-17,14:06:19,00:00:03
stefano.crapanzano@chu.ulg.ac.be,Le fonctionnement de $.ajax() - Un site web dynamique avec jQuery ! - OpenClassrooms - Google Chrome,Tâches diverses,2021-02-17,14:06:23,00:00:34
stefano.crapanzano@chu.ulg.ac.be,Le fonctionnement de $.ajax() - Un site web dynamique avec jQuery ! - OpenClassrooms - Google Chrome,Tâches diverses,2021-02-17,14:07:07,00:00:02
stefano.crapanzano@chu.ulg.ac.be,Le fonctionnement de $.ajax() - Un site web dynamique avec jQuery ! - OpenClassrooms - Google Chrome,Tâches diverses,2021-02-17,14:07:25,00:00:22
stefano.crapanzano@chu.ulg.ac.be,Le fonctionnement de $.ajax() - Un site web dynamique avec jQuery ! - OpenClassrooms - Google Chrome,Tâches diverses,2021-02-17,14:07:55,00:00:04
stefano.crapanzano@chu.ulg.ac.be,[VACCINATION COVID19] PRENEZ RENDEZ-VOUS - Message (Texte brut),Helpdesk général,2021-02-17,14:23:42,00:00:39
stefano.crapanzano@chu.ulg.ac.be,[VACCINATION COVID19] PRENEZ RENDEZ-VOUS - Message (Texte brut),Helpdesk général,2021-02-17,14:24:34,00:00:38
stefano.crapanzano@chu.ulg.ac.be,C:\Users\c158492\Desktop\dispatch.txt - Notepad++ [Administrator],IT,2021-02-17,15:58:06,00:00:02
stefano.crapanzano@chu.ulg.ac.be,C:\temp\rapport_stock_article_502733.txt - Notepad++ [Administrator],IT,2021-02-17,16:34:14,00:00:04
stefano.crapanzano@chu.ulg.ac.be,SVN_LOCAL – CHL_ERP_RAPPORT_STOCK_ARTICLE.bat [SVN_LOCAL] (Administrator),IT,2021-02-17,16:47:58,00:00:15
