Email,Description,Project,Start date,Start time,Duration
stefano.crapanzano@chu.ulg.ac.be,Administrateur : Perl (command line) - python  main.py,IT,2021-02-19,08:32:15,00:00:02
stefano.crapanzano@chu.ulg.ac.be,Administrateur : Perl (command line) - python  main.py,IT,2021-02-19,18:19:01,00:00:02
stefano.crapanzano@chu.ulg.ac.be,Navigation système de fichier,IT,2021-02-19,08:32:18,00:00:02
stefano.crapanzano@chu.ulg.ac.be,Navigation système de fichier,IT,2021-02-19,09:42:46,00:00:29
stefano.crapanzano@chu.ulg.ac.be,Navigation système de fichier,IT,2021-02-19,09:43:17,00:17:27
stefano.crapanzano@chu.ulg.ac.be,Navigation système de fichier,IT,2021-02-19,10:01:00,00:00:04
stefano.crapanzano@chu.ulg.ac.be,Navigation système de fichier,IT,2021-02-19,10:03:09,00:17:39
stefano.crapanzano@chu.ulg.ac.be,Navigation système de fichier,IT,2021-02-19,10:24:01,00:00:08
stefano.crapanzano@chu.ulg.ac.be,Navigation système de fichier,IT,2021-02-19,10:24:59,00:00:05
stefano.crapanzano@chu.ulg.ac.be,Navigation système de fichier,IT,2021-02-19,10:25:55,00:00:08
stefano.crapanzano@chu.ulg.ac.be,Navigation système de fichier,IT,2021-02-19,10:27:41,00:00:02
stefano.crapanzano@chu.ulg.ac.be,Navigation système de fichier,IT,2021-02-19,10:47:03,00:00:03
stefano.crapanzano@chu.ulg.ac.be,Navigation système de fichier,IT,2021-02-19,10:48:14,00:03:39
stefano.crapanzano@chu.ulg.ac.be,Navigation système de fichier,IT,2021-02-19,10:52:14,00:00:18
stefano.crapanzano@chu.ulg.ac.be,Navigation système de fichier,IT,2021-02-19,10:52:48,00:00:58
stefano.crapanzano@chu.ulg.ac.be,Boîte de Réception - Zimbra - Stefano Crapanzano - Outlook,Helpdesk général,2021-02-19,08:32:20,00:00:09
stefano.crapanzano@chu.ulg.ac.be,Boîte de Réception - Zimbra - Stefano Crapanzano - Outlook,Helpdesk général,2021-02-19,10:27:51,00:00:04
stefano.crapanzano@chu.ulg.ac.be,Boîte de réception - erp.sai@chuliege.be - Outlook,Helpdesk général,2021-02-19,08:32:30,01:10:16
stefano.crapanzano@chu.ulg.ac.be,Boîte de réception - erp.sai@chuliege.be - Outlook,Helpdesk général,2021-02-19,10:00:44,00:00:15
stefano.crapanzano@chu.ulg.ac.be,Boîte de réception - erp.sai@chuliege.be - Outlook,Helpdesk général,2021-02-19,10:20:48,00:00:02
stefano.crapanzano@chu.ulg.ac.be,Boîte de réception - erp.sai@chuliege.be - Outlook,Helpdesk général,2021-02-19,10:24:24,00:00:04
stefano.crapanzano@chu.ulg.ac.be,Boîte de réception - erp.sai@chuliege.be - Outlook,Helpdesk général,2021-02-19,10:24:31,00:00:02
stefano.crapanzano@chu.ulg.ac.be,Boîte de réception - erp.sai@chuliege.be - Outlook,Helpdesk général,2021-02-19,10:27:44,00:00:07
stefano.crapanzano@chu.ulg.ac.be,Boîte de réception - erp.sai@chuliege.be - Outlook,Helpdesk général,2021-02-19,10:27:56,00:19:05
stefano.crapanzano@chu.ulg.ac.be,Boîte de réception - erp.sai@chuliege.be - Outlook,Helpdesk général,2021-02-19,10:47:43,00:00:11
stefano.crapanzano@chu.ulg.ac.be,Boîte de réception - erp.sai@chuliege.be - Outlook,Helpdesk général,2021-02-19,10:47:57,00:00:17
stefano.crapanzano@chu.ulg.ac.be,erreur chargement - Message (HTML),Helpdesk général,2021-02-19,10:20:51,00:00:04
stefano.crapanzano@chu.ulg.ac.be,erreur chargement - Message (HTML),Helpdesk général,2021-02-19,10:21:03,00:00:05
stefano.crapanzano@chu.ulg.ac.be,erreur chargement - Message (HTML),Helpdesk général,2021-02-19,10:21:12,00:00:02
stefano.crapanzano@chu.ulg.ac.be,erreur chargement - Message (HTML),Helpdesk général,2021-02-19,10:24:36,00:00:02
stefano.crapanzano@chu.ulg.ac.be,erreur chargement - Message (HTML),Helpdesk général,2021-02-19,10:26:04,00:00:03
stefano.crapanzano@chu.ulg.ac.be,Enregistrer,Helpdesk général,2021-02-19,10:20:55,00:00:06
stefano.crapanzano@chu.ulg.ac.be,Confirmer l’enregistrement,Helpdesk général,2021-02-19,10:21:01,00:00:02
stefano.crapanzano@chu.ulg.ac.be,Confirmer l’enregistrement,Helpdesk général,2021-02-19,10:21:10,00:00:02
stefano.crapanzano@chu.ulg.ac.be,Lecture documentation,Tâches diverses,2021-02-19,10:21:15,00:00:26
stefano.crapanzano@chu.ulg.ac.be,Lecture documentation,Tâches diverses,2021-02-19,10:22:46,00:00:09
stefano.crapanzano@chu.ulg.ac.be,*new 7 - Notepad++ [Administrator],IT,2021-02-19,10:21:41,00:01:03
stefano.crapanzano@chu.ulg.ac.be,*new 7 - Notepad++ [Administrator],IT,2021-02-19,10:23:47,00:00:13
stefano.crapanzano@chu.ulg.ac.be,*new 8 - Notepad++ [Administrator],IT,2021-02-19,10:22:58,00:00:49
stefano.crapanzano@chu.ulg.ac.be,CHR_FRCHR - sftp://kofax@secure.chrcitadelle.be - FileZilla,Helpdesk général,2021-02-19,10:25:05,00:00:02
stefano.crapanzano@chu.ulg.ac.be,Gestionnaire de Sites,Helpdesk général,2021-02-19,10:25:07,00:00:06
stefano.crapanzano@chu.ulg.ac.be,PE2_203 - sftp://PE2U2FTP@153.89.110.38 - FileZilla,Helpdesk général,2021-02-19,10:25:16,00:00:39
stefano.crapanzano@chu.ulg.ac.be,PE2_203 - sftp://PE2U2FTP@153.89.110.38 - FileZilla,Helpdesk général,2021-02-19,10:26:44,00:00:46
stefano.crapanzano@chu.ulg.ac.be,PE2_203 - sftp://PE2U2FTP@153.89.110.38 - FileZilla,Helpdesk général,2021-02-19,10:27:37,00:00:04
stefano.crapanzano@chu.ulg.ac.be,RE: erreur chargement - Message (HTML),Helpdesk général,2021-02-19,10:26:08,00:00:34
stefano.crapanzano@chu.ulg.ac.be,RE: erreur chargement - Message (HTML),Helpdesk général,2021-02-19,10:27:32,00:00:04
stefano.crapanzano@chu.ulg.ac.be,C:\oracle\ora112\Network\Admin\tnsnames.ora - Notepad++ [Administrator],IT,2021-02-19,10:52:33,00:00:13
stefano.crapanzano@chu.ulg.ac.be,C:\oracle\ora112\Network\Admin\tnsnames.ora - Notepad++ [Administrator],IT,2021-02-19,10:53:46,07:25:14
