Email,Description,Project,Start date,Start time,Duration
stefano.crapanzano@chu.ulg.ac.be,Administrateur : Perl (command line) - python  main.py,IT,2021-02-15,10:36:12,00:00:02
stefano.crapanzano@chu.ulg.ac.be,Boîte de Réception - Zimbra - Stefano Crapanzano - Outlook,Helpdesk général,2021-02-15,10:36:14,00:05:50
stefano.crapanzano@chu.ulg.ac.be,Boîte de Réception - Zimbra - Stefano Crapanzano - Outlook,Helpdesk général,2021-02-15,10:51:21,00:00:07
stefano.crapanzano@chu.ulg.ac.be,Boîte de Réception - Zimbra - Stefano Crapanzano - Outlook,Helpdesk général,2021-02-15,10:57:31,00:00:02
stefano.crapanzano@chu.ulg.ac.be,Boîte de Réception - Zimbra - Stefano Crapanzano - Outlook,Helpdesk général,2021-02-15,11:39:18,00:00:06
stefano.crapanzano@chu.ulg.ac.be,Boîte de Réception - Zimbra - Stefano Crapanzano - Outlook,Helpdesk général,2021-02-15,11:49:51,00:00:13
stefano.crapanzano@chu.ulg.ac.be,Boîte de Réception - Zimbra - Stefano Crapanzano - Outlook,Helpdesk général,2021-02-15,12:10:37,00:00:02
stefano.crapanzano@chu.ulg.ac.be,Boîte de Réception - Zimbra - Stefano Crapanzano - Outlook,Helpdesk général,2021-02-15,12:13:12,00:00:02
stefano.crapanzano@chu.ulg.ac.be,Boîte de Réception - Zimbra - Stefano Crapanzano - Outlook,Helpdesk général,2021-02-15,12:15:25,00:00:03
stefano.crapanzano@chu.ulg.ac.be,Boîte de Réception - Zimbra - Stefano Crapanzano - Outlook,Helpdesk général,2021-02-15,12:35:23,00:00:03
stefano.crapanzano@chu.ulg.ac.be,Boîte de Réception - Zimbra - Stefano Crapanzano - Outlook,Helpdesk général,2021-02-15,12:38:56,00:00:24
stefano.crapanzano@chu.ulg.ac.be,Boîte de Réception - Zimbra - Stefano Crapanzano - Outlook,Helpdesk général,2021-02-15,12:49:53,00:00:02
stefano.crapanzano@chu.ulg.ac.be,Boîte de Réception - Zimbra - Stefano Crapanzano - Outlook,Helpdesk général,2021-02-15,12:57:56,00:00:20
stefano.crapanzano@chu.ulg.ac.be,Boîte de Réception - Zimbra - Stefano Crapanzano - Outlook,Helpdesk général,2021-02-15,12:58:23,00:00:03
stefano.crapanzano@chu.ulg.ac.be,Boîte de Réception - Zimbra - Stefano Crapanzano - Outlook,Helpdesk général,2021-02-15,13:05:02,00:00:04
stefano.crapanzano@chu.ulg.ac.be,Boîte de Réception - Zimbra - Stefano Crapanzano - Outlook,Helpdesk général,2021-02-15,13:13:22,00:00:26
stefano.crapanzano@chu.ulg.ac.be,Boîte de Réception - Zimbra - Stefano Crapanzano - Outlook,Helpdesk général,2021-02-15,13:14:13,00:00:04
stefano.crapanzano@chu.ulg.ac.be,Boîte de Réception - Zimbra - Stefano Crapanzano - Outlook,Helpdesk général,2021-02-15,13:16:16,00:00:05
stefano.crapanzano@chu.ulg.ac.be,Boîte de Réception - Zimbra - Stefano Crapanzano - Outlook,Helpdesk général,2021-02-15,13:16:52,00:00:09
stefano.crapanzano@chu.ulg.ac.be,Boîte de Réception - Zimbra - Stefano Crapanzano - Outlook,Helpdesk général,2021-02-15,13:17:03,00:00:02
stefano.crapanzano@chu.ulg.ac.be,Boîte de Réception - Zimbra - Stefano Crapanzano - Outlook,Helpdesk général,2021-02-15,13:17:18,00:00:02
stefano.crapanzano@chu.ulg.ac.be,Boîte de Réception - Zimbra - Stefano Crapanzano - Outlook,Helpdesk général,2021-02-15,13:28:59,00:00:37
stefano.crapanzano@chu.ulg.ac.be,Boîte de Réception - Zimbra - Stefano Crapanzano - Outlook,Helpdesk général,2021-02-15,13:30:42,00:00:13
stefano.crapanzano@chu.ulg.ac.be,Boîte de Réception - Zimbra - Stefano Crapanzano - Outlook,Helpdesk général,2021-02-15,13:31:48,00:00:12
stefano.crapanzano@chu.ulg.ac.be,Boîte de Réception - Zimbra - Stefano Crapanzano - Outlook,Helpdesk général,2021-02-15,13:35:15,00:00:14
stefano.crapanzano@chu.ulg.ac.be,Boîte de Réception - Zimbra - Stefano Crapanzano - Outlook,Helpdesk général,2021-02-15,13:36:39,00:00:02
stefano.crapanzano@chu.ulg.ac.be,Boîte de Réception - Zimbra - Stefano Crapanzano - Outlook,Helpdesk général,2021-02-15,15:58:48,00:00:07
stefano.crapanzano@chu.ulg.ac.be,Boîte de Réception - Zimbra - Stefano Crapanzano - Outlook,Helpdesk général,2021-02-15,16:02:15,00:00:07
stefano.crapanzano@chu.ulg.ac.be,Boîte de Réception - Zimbra - Stefano Crapanzano - Outlook,Helpdesk général,2021-02-15,16:02:39,00:00:04
stefano.crapanzano@chu.ulg.ac.be,Boîte de Réception - Zimbra - Stefano Crapanzano - Outlook,Helpdesk général,2021-02-15,16:35:04,00:00:03
stefano.crapanzano@chu.ulg.ac.be,Navigation système de fichier,IT,2021-02-15,10:42:05,00:00:39
stefano.crapanzano@chu.ulg.ac.be,Navigation système de fichier,IT,2021-02-15,10:51:14,00:00:02
stefano.crapanzano@chu.ulg.ac.be,Navigation système de fichier,IT,2021-02-15,10:56:13,00:00:02
stefano.crapanzano@chu.ulg.ac.be,Navigation système de fichier,IT,2021-02-15,10:56:21,00:00:02
stefano.crapanzano@chu.ulg.ac.be,Navigation système de fichier,IT,2021-02-15,10:57:28,00:00:02
stefano.crapanzano@chu.ulg.ac.be,Navigation système de fichier,IT,2021-02-15,10:59:39,00:00:02
stefano.crapanzano@chu.ulg.ac.be,Navigation système de fichier,IT,2021-02-15,10:59:45,00:00:02
stefano.crapanzano@chu.ulg.ac.be,Navigation système de fichier,IT,2021-02-15,11:07:56,00:00:02
stefano.crapanzano@chu.ulg.ac.be,Navigation système de fichier,IT,2021-02-15,11:08:00,00:00:02
stefano.crapanzano@chu.ulg.ac.be,Navigation système de fichier,IT,2021-02-15,11:12:34,00:00:02
stefano.crapanzano@chu.ulg.ac.be,Navigation système de fichier,IT,2021-02-15,11:31:13,00:00:02
stefano.crapanzano@chu.ulg.ac.be,Navigation système de fichier,IT,2021-02-15,11:39:44,00:01:15
stefano.crapanzano@chu.ulg.ac.be,Navigation système de fichier,IT,2021-02-15,11:41:14,00:00:19
stefano.crapanzano@chu.ulg.ac.be,Navigation système de fichier,IT,2021-02-15,11:47:33,00:00:02
stefano.crapanzano@chu.ulg.ac.be,Navigation système de fichier,IT,2021-02-15,11:50:04,00:01:46
stefano.crapanzano@chu.ulg.ac.be,Navigation système de fichier,IT,2021-02-15,11:55:54,00:00:05
stefano.crapanzano@chu.ulg.ac.be,Navigation système de fichier,IT,2021-02-15,11:56:24,00:00:55
stefano.crapanzano@chu.ulg.ac.be,Navigation système de fichier,IT,2021-02-15,11:59:44,00:00:04
stefano.crapanzano@chu.ulg.ac.be,Navigation système de fichier,IT,2021-02-15,12:04:12,00:00:06
stefano.crapanzano@chu.ulg.ac.be,Navigation système de fichier,IT,2021-02-15,12:08:25,00:00:03
stefano.crapanzano@chu.ulg.ac.be,Navigation système de fichier,IT,2021-02-15,12:10:04,00:00:03
stefano.crapanzano@chu.ulg.ac.be,Navigation système de fichier,IT,2021-02-15,12:10:10,00:00:20
stefano.crapanzano@chu.ulg.ac.be,Navigation système de fichier,IT,2021-02-15,12:10:35,00:00:02
stefano.crapanzano@chu.ulg.ac.be,Navigation système de fichier,IT,2021-02-15,12:10:40,00:00:04
stefano.crapanzano@chu.ulg.ac.be,Navigation système de fichier,IT,2021-02-15,12:10:48,00:00:11
stefano.crapanzano@chu.ulg.ac.be,Navigation système de fichier,IT,2021-02-15,12:11:31,00:00:03
stefano.crapanzano@chu.ulg.ac.be,Navigation système de fichier,IT,2021-02-15,12:13:07,00:00:02
stefano.crapanzano@chu.ulg.ac.be,Navigation système de fichier,IT,2021-02-15,12:13:45,00:00:04
stefano.crapanzano@chu.ulg.ac.be,Navigation système de fichier,IT,2021-02-15,12:15:20,00:00:02
stefano.crapanzano@chu.ulg.ac.be,Navigation système de fichier,IT,2021-02-15,12:15:40,00:00:03
stefano.crapanzano@chu.ulg.ac.be,Navigation système de fichier,IT,2021-02-15,12:18:13,00:00:04
stefano.crapanzano@chu.ulg.ac.be,Navigation système de fichier,IT,2021-02-15,12:18:37,00:00:02
stefano.crapanzano@chu.ulg.ac.be,Navigation système de fichier,IT,2021-02-15,12:19:15,00:00:03
stefano.crapanzano@chu.ulg.ac.be,Navigation système de fichier,IT,2021-02-15,12:21:42,00:00:32
stefano.crapanzano@chu.ulg.ac.be,Navigation système de fichier,IT,2021-02-15,12:36:08,00:00:05
stefano.crapanzano@chu.ulg.ac.be,Navigation système de fichier,IT,2021-02-15,12:38:40,00:00:02
stefano.crapanzano@chu.ulg.ac.be,Navigation système de fichier,IT,2021-02-15,12:39:53,00:01:09
stefano.crapanzano@chu.ulg.ac.be,Navigation système de fichier,IT,2021-02-15,12:44:02,00:00:06
stefano.crapanzano@chu.ulg.ac.be,Navigation système de fichier,IT,2021-02-15,12:44:58,00:00:02
stefano.crapanzano@chu.ulg.ac.be,Navigation système de fichier,IT,2021-02-15,12:57:51,00:00:02
stefano.crapanzano@chu.ulg.ac.be,Navigation système de fichier,IT,2021-02-15,13:02:47,00:01:13
stefano.crapanzano@chu.ulg.ac.be,Navigation système de fichier,IT,2021-02-15,13:05:00,00:00:02
stefano.crapanzano@chu.ulg.ac.be,Navigation système de fichier,IT,2021-02-15,13:05:12,00:00:02
stefano.crapanzano@chu.ulg.ac.be,Navigation système de fichier,IT,2021-02-15,13:06:17,00:00:12
stefano.crapanzano@chu.ulg.ac.be,Navigation système de fichier,IT,2021-02-15,13:06:40,00:00:22
stefano.crapanzano@chu.ulg.ac.be,Navigation système de fichier,IT,2021-02-15,13:07:14,00:00:10
stefano.crapanzano@chu.ulg.ac.be,Navigation système de fichier,IT,2021-02-15,13:09:08,00:00:04
stefano.crapanzano@chu.ulg.ac.be,Navigation système de fichier,IT,2021-02-15,13:11:22,00:00:07
stefano.crapanzano@chu.ulg.ac.be,Navigation système de fichier,IT,2021-02-15,13:11:34,00:00:02
stefano.crapanzano@chu.ulg.ac.be,Navigation système de fichier,IT,2021-02-15,13:17:08,00:00:04
stefano.crapanzano@chu.ulg.ac.be,Navigation système de fichier,IT,2021-02-15,13:17:20,00:00:04
stefano.crapanzano@chu.ulg.ac.be,Navigation système de fichier,IT,2021-02-15,13:17:26,00:00:24
stefano.crapanzano@chu.ulg.ac.be,Navigation système de fichier,IT,2021-02-15,13:17:54,00:00:11
stefano.crapanzano@chu.ulg.ac.be,Navigation système de fichier,IT,2021-02-15,13:20:08,00:00:04
stefano.crapanzano@chu.ulg.ac.be,Navigation système de fichier,IT,2021-02-15,13:20:14,00:00:33
stefano.crapanzano@chu.ulg.ac.be,Navigation système de fichier,IT,2021-02-15,13:21:08,00:00:05
stefano.crapanzano@chu.ulg.ac.be,Navigation système de fichier,IT,2021-02-15,13:21:18,00:00:08
stefano.crapanzano@chu.ulg.ac.be,Navigation système de fichier,IT,2021-02-15,13:22:13,00:00:04
stefano.crapanzano@chu.ulg.ac.be,Navigation système de fichier,IT,2021-02-15,13:22:24,00:00:02
stefano.crapanzano@chu.ulg.ac.be,Navigation système de fichier,IT,2021-02-15,13:22:35,00:00:13
stefano.crapanzano@chu.ulg.ac.be,Navigation système de fichier,IT,2021-02-15,13:23:38,00:00:04
stefano.crapanzano@chu.ulg.ac.be,Navigation système de fichier,IT,2021-02-15,13:23:52,00:00:02
stefano.crapanzano@chu.ulg.ac.be,Navigation système de fichier,IT,2021-02-15,13:24:42,00:00:08
stefano.crapanzano@chu.ulg.ac.be,Navigation système de fichier,IT,2021-02-15,13:25:30,00:00:03
stefano.crapanzano@chu.ulg.ac.be,Navigation système de fichier,IT,2021-02-15,13:25:54,00:00:18
stefano.crapanzano@chu.ulg.ac.be,Navigation système de fichier,IT,2021-02-15,13:26:14,00:00:07
stefano.crapanzano@chu.ulg.ac.be,Navigation système de fichier,IT,2021-02-15,13:26:26,00:00:06
stefano.crapanzano@chu.ulg.ac.be,Navigation système de fichier,IT,2021-02-15,13:26:57,00:01:00
stefano.crapanzano@chu.ulg.ac.be,Navigation système de fichier,IT,2021-02-15,13:28:16,00:00:05
stefano.crapanzano@chu.ulg.ac.be,Navigation système de fichier,IT,2021-02-15,13:29:36,00:01:06
stefano.crapanzano@chu.ulg.ac.be,Navigation système de fichier,IT,2021-02-15,14:07:45,00:00:02
stefano.crapanzano@chu.ulg.ac.be,Navigation système de fichier,IT,2021-02-15,14:08:11,00:00:04
stefano.crapanzano@chu.ulg.ac.be,Navigation système de fichier,IT,2021-02-15,14:08:21,00:00:07
stefano.crapanzano@chu.ulg.ac.be,Navigation système de fichier,IT,2021-02-15,14:10:45,00:00:02
stefano.crapanzano@chu.ulg.ac.be,Navigation système de fichier,IT,2021-02-15,14:12:33,00:00:02
stefano.crapanzano@chu.ulg.ac.be,Navigation système de fichier,IT,2021-02-15,14:50:14,00:00:04
stefano.crapanzano@chu.ulg.ac.be,Navigation système de fichier,IT,2021-02-15,14:52:05,00:00:03
stefano.crapanzano@chu.ulg.ac.be,Navigation système de fichier,IT,2021-02-15,15:04:16,00:00:02
stefano.crapanzano@chu.ulg.ac.be,Navigation système de fichier,IT,2021-02-15,15:09:43,00:00:02
stefano.crapanzano@chu.ulg.ac.be,Navigation système de fichier,IT,2021-02-15,15:11:25,00:00:02
stefano.crapanzano@chu.ulg.ac.be,Navigation système de fichier,IT,2021-02-15,15:12:13,00:00:02
stefano.crapanzano@chu.ulg.ac.be,Navigation système de fichier,IT,2021-02-15,15:13:17,00:00:03
stefano.crapanzano@chu.ulg.ac.be,Navigation système de fichier,IT,2021-02-15,15:16:45,00:00:02
stefano.crapanzano@chu.ulg.ac.be,Navigation système de fichier,IT,2021-02-15,15:18:47,00:00:03
stefano.crapanzano@chu.ulg.ac.be,Navigation système de fichier,IT,2021-02-15,15:21:21,00:00:07
stefano.crapanzano@chu.ulg.ac.be,Navigation système de fichier,IT,2021-02-15,15:21:29,00:00:02
stefano.crapanzano@chu.ulg.ac.be,Navigation système de fichier,IT,2021-02-15,15:27:11,00:00:02
stefano.crapanzano@chu.ulg.ac.be,Navigation système de fichier,IT,2021-02-15,15:31:22,00:00:05
stefano.crapanzano@chu.ulg.ac.be,Navigation système de fichier,IT,2021-02-15,15:50:29,00:00:31
stefano.crapanzano@chu.ulg.ac.be,Navigation système de fichier,IT,2021-02-15,16:13:07,00:00:03
stefano.crapanzano@chu.ulg.ac.be,Navigation système de fichier,IT,2021-02-15,16:24:12,00:00:05
stefano.crapanzano@chu.ulg.ac.be,Navigation système de fichier,IT,2021-02-15,16:33:58,00:00:02
stefano.crapanzano@chu.ulg.ac.be,Navigation système de fichier,IT,2021-02-15,16:59:43,00:00:02
stefano.crapanzano@chu.ulg.ac.be,Navigation système de fichier,IT,2021-02-15,17:02:10,00:00:02
stefano.crapanzano@chu.ulg.ac.be,Programmation,IT,2021-02-15,10:42:44,00:01:01
stefano.crapanzano@chu.ulg.ac.be,Programmation,IT,2021-02-15,10:44:04,00:00:03
stefano.crapanzano@chu.ulg.ac.be,Programmation,IT,2021-02-15,10:44:13,00:00:06
stefano.crapanzano@chu.ulg.ac.be,Programmation,IT,2021-02-15,10:45:37,00:00:28
stefano.crapanzano@chu.ulg.ac.be,Programmation,IT,2021-02-15,10:46:11,00:01:01
stefano.crapanzano@chu.ulg.ac.be,Programmation,IT,2021-02-15,10:47:23,00:00:42
stefano.crapanzano@chu.ulg.ac.be,Programmation,IT,2021-02-15,10:49:17,00:01:04
stefano.crapanzano@chu.ulg.ac.be,Programmation,IT,2021-02-15,10:51:10,00:00:04
stefano.crapanzano@chu.ulg.ac.be,Programmation,IT,2021-02-15,10:56:16,00:00:05
stefano.crapanzano@chu.ulg.ac.be,Programmation,IT,2021-02-15,10:59:47,00:00:04
stefano.crapanzano@chu.ulg.ac.be,Programmation,IT,2021-02-15,11:10:16,00:01:13
stefano.crapanzano@chu.ulg.ac.be,Programmation,IT,2021-02-15,11:31:15,00:00:06
stefano.crapanzano@chu.ulg.ac.be,Programmation,IT,2021-02-15,11:31:34,00:00:07
stefano.crapanzano@chu.ulg.ac.be,Programmation,IT,2021-02-15,11:31:48,00:00:02
stefano.crapanzano@chu.ulg.ac.be,Programmation,IT,2021-02-15,11:37:28,00:00:22
stefano.crapanzano@chu.ulg.ac.be,Programmation,IT,2021-02-15,14:07:47,00:00:03
stefano.crapanzano@chu.ulg.ac.be,Programmation,IT,2021-02-15,14:52:09,00:00:39
stefano.crapanzano@chu.ulg.ac.be,Programmation,IT,2021-02-15,14:53:23,00:00:51
stefano.crapanzano@chu.ulg.ac.be,Programmation,IT,2021-02-15,14:54:44,00:00:21
stefano.crapanzano@chu.ulg.ac.be,Programmation,IT,2021-02-15,14:55:34,00:00:37
stefano.crapanzano@chu.ulg.ac.be,Programmation,IT,2021-02-15,14:58:32,00:00:11
stefano.crapanzano@chu.ulg.ac.be,Programmation,IT,2021-02-15,14:58:44,00:00:03
stefano.crapanzano@chu.ulg.ac.be,Programmation,IT,2021-02-15,14:58:50,00:00:04
stefano.crapanzano@chu.ulg.ac.be,Programmation,IT,2021-02-15,14:58:57,00:00:05
stefano.crapanzano@chu.ulg.ac.be,Programmation,IT,2021-02-15,14:59:05,00:00:04
stefano.crapanzano@chu.ulg.ac.be,Programmation,IT,2021-02-15,14:59:11,00:00:11
stefano.crapanzano@chu.ulg.ac.be,Programmation,IT,2021-02-15,14:59:25,00:00:02
stefano.crapanzano@chu.ulg.ac.be,Programmation,IT,2021-02-15,15:00:31,00:00:06
stefano.crapanzano@chu.ulg.ac.be,Programmation,IT,2021-02-15,15:00:48,00:00:24
stefano.crapanzano@chu.ulg.ac.be,Programmation,IT,2021-02-15,15:05:20,00:01:01
stefano.crapanzano@chu.ulg.ac.be,Programmation,IT,2021-02-15,15:06:25,00:00:35
stefano.crapanzano@chu.ulg.ac.be,Programmation,IT,2021-02-15,15:07:26,00:00:14
stefano.crapanzano@chu.ulg.ac.be,Programmation,IT,2021-02-15,15:07:44,00:00:16
stefano.crapanzano@chu.ulg.ac.be,Programmation,IT,2021-02-15,15:08:04,00:00:07
stefano.crapanzano@chu.ulg.ac.be,Programmation,IT,2021-02-15,15:08:14,00:01:29
stefano.crapanzano@chu.ulg.ac.be,Programmation,IT,2021-02-15,15:12:16,00:00:06
stefano.crapanzano@chu.ulg.ac.be,Programmation,IT,2021-02-15,15:12:46,00:00:11
stefano.crapanzano@chu.ulg.ac.be,Programmation,IT,2021-02-15,15:13:04,00:00:12
stefano.crapanzano@chu.ulg.ac.be,Programmation,IT,2021-02-15,15:14:02,00:00:55
stefano.crapanzano@chu.ulg.ac.be,Programmation,IT,2021-02-15,15:15:35,00:00:39
stefano.crapanzano@chu.ulg.ac.be,Programmation,IT,2021-02-15,15:17:23,00:00:22
stefano.crapanzano@chu.ulg.ac.be,Programmation,IT,2021-02-15,15:17:50,00:00:32
stefano.crapanzano@chu.ulg.ac.be,Programmation,IT,2021-02-15,15:18:27,00:00:19
stefano.crapanzano@chu.ulg.ac.be,Programmation,IT,2021-02-15,15:18:50,00:00:11
stefano.crapanzano@chu.ulg.ac.be,Programmation,IT,2021-02-15,15:19:12,00:00:12
stefano.crapanzano@chu.ulg.ac.be,Programmation,IT,2021-02-15,15:19:56,00:00:11
stefano.crapanzano@chu.ulg.ac.be,Programmation,IT,2021-02-15,15:20:10,00:00:14
stefano.crapanzano@chu.ulg.ac.be,Programmation,IT,2021-02-15,15:20:38,00:00:06
stefano.crapanzano@chu.ulg.ac.be,Programmation,IT,2021-02-15,15:21:07,00:00:10
stefano.crapanzano@chu.ulg.ac.be,Programmation,IT,2021-02-15,15:21:52,00:00:15
stefano.crapanzano@chu.ulg.ac.be,Programmation,IT,2021-02-15,15:23:11,00:00:34
stefano.crapanzano@chu.ulg.ac.be,Programmation,IT,2021-02-15,15:24:19,00:02:13
stefano.crapanzano@chu.ulg.ac.be,Programmation,IT,2021-02-15,15:26:33,00:00:23
stefano.crapanzano@chu.ulg.ac.be,Programmation,IT,2021-02-15,15:27:13,00:00:08
stefano.crapanzano@chu.ulg.ac.be,Programmation,IT,2021-02-15,15:27:36,00:00:15
stefano.crapanzano@chu.ulg.ac.be,Programmation,IT,2021-02-15,15:28:06,00:00:05
stefano.crapanzano@chu.ulg.ac.be,Programmation,IT,2021-02-15,15:28:22,00:00:06
stefano.crapanzano@chu.ulg.ac.be,Programmation,IT,2021-02-15,15:28:30,00:00:20
stefano.crapanzano@chu.ulg.ac.be,Programmation,IT,2021-02-15,15:33:05,00:00:17
stefano.crapanzano@chu.ulg.ac.be,Programmation,IT,2021-02-15,15:33:29,00:03:03
stefano.crapanzano@chu.ulg.ac.be,Programmation,IT,2021-02-15,15:36:34,00:00:05
stefano.crapanzano@chu.ulg.ac.be,Programmation,IT,2021-02-15,15:38:08,00:01:59
stefano.crapanzano@chu.ulg.ac.be,Programmation,IT,2021-02-15,15:40:34,00:02:24
stefano.crapanzano@chu.ulg.ac.be,Programmation,IT,2021-02-15,15:43:24,00:00:21
stefano.crapanzano@chu.ulg.ac.be,Programmation,IT,2021-02-15,15:46:57,00:00:13
stefano.crapanzano@chu.ulg.ac.be,Programmation,IT,2021-02-15,15:47:18,00:00:04
stefano.crapanzano@chu.ulg.ac.be,Programmation,IT,2021-02-15,15:47:28,00:00:02
stefano.crapanzano@chu.ulg.ac.be,Programmation,IT,2021-02-15,15:47:57,00:00:27
stefano.crapanzano@chu.ulg.ac.be,Programmation,IT,2021-02-15,15:49:20,00:00:25
stefano.crapanzano@chu.ulg.ac.be,Programmation,IT,2021-02-15,15:49:56,00:00:02
stefano.crapanzano@chu.ulg.ac.be,Programmation,IT,2021-02-15,15:50:03,00:00:11
stefano.crapanzano@chu.ulg.ac.be,Programmation,IT,2021-02-15,15:51:03,00:02:05
stefano.crapanzano@chu.ulg.ac.be,Programmation,IT,2021-02-15,15:53:09,00:00:08
stefano.crapanzano@chu.ulg.ac.be,Programmation,IT,2021-02-15,15:54:09,00:00:04
stefano.crapanzano@chu.ulg.ac.be,Programmation,IT,2021-02-15,15:54:27,00:00:05
stefano.crapanzano@chu.ulg.ac.be,Programmation,IT,2021-02-15,15:54:34,00:00:35
stefano.crapanzano@chu.ulg.ac.be,Programmation,IT,2021-02-15,15:55:11,00:00:07
stefano.crapanzano@chu.ulg.ac.be,Programmation,IT,2021-02-15,16:19:19,00:00:42
stefano.crapanzano@chu.ulg.ac.be,Programmation,IT,2021-02-15,16:20:24,00:00:02
stefano.crapanzano@chu.ulg.ac.be,Programmation,IT,2021-02-15,16:30:54,00:00:40
stefano.crapanzano@chu.ulg.ac.be,Programmation,IT,2021-02-15,16:31:51,00:00:41
stefano.crapanzano@chu.ulg.ac.be,Programmation,IT,2021-02-15,16:32:47,00:01:04
stefano.crapanzano@chu.ulg.ac.be,Programmation,IT,2021-02-15,16:59:45,00:00:57
stefano.crapanzano@chu.ulg.ac.be,Lecture documentation,Tâches diverses,2021-02-15,10:43:45,00:00:19
stefano.crapanzano@chu.ulg.ac.be,Lecture documentation,Tâches diverses,2021-02-15,10:44:20,00:01:15
stefano.crapanzano@chu.ulg.ac.be,Lecture documentation,Tâches diverses,2021-02-15,10:47:13,00:00:08
stefano.crapanzano@chu.ulg.ac.be,Lecture documentation,Tâches diverses,2021-02-15,10:48:06,00:00:59
stefano.crapanzano@chu.ulg.ac.be,Lecture documentation,Tâches diverses,2021-02-15,10:49:08,00:00:09
stefano.crapanzano@chu.ulg.ac.be,Lecture documentation,Tâches diverses,2021-02-15,10:51:39,00:03:37
stefano.crapanzano@chu.ulg.ac.be,Lecture documentation,Tâches diverses,2021-02-15,10:55:19,00:00:53
stefano.crapanzano@chu.ulg.ac.be,Lecture documentation,Tâches diverses,2021-02-15,10:56:23,00:00:03
stefano.crapanzano@chu.ulg.ac.be,Lecture documentation,Tâches diverses,2021-02-15,10:56:30,00:00:58
stefano.crapanzano@chu.ulg.ac.be,Lecture documentation,Tâches diverses,2021-02-15,10:59:42,00:00:03
stefano.crapanzano@chu.ulg.ac.be,Lecture documentation,Tâches diverses,2021-02-15,11:03:24,00:00:06
stefano.crapanzano@chu.ulg.ac.be,Lecture documentation,Tâches diverses,2021-02-15,11:03:34,00:00:03
stefano.crapanzano@chu.ulg.ac.be,Lecture documentation,Tâches diverses,2021-02-15,11:03:47,00:00:05
stefano.crapanzano@chu.ulg.ac.be,Lecture documentation,Tâches diverses,2021-02-15,11:07:46,00:00:09
stefano.crapanzano@chu.ulg.ac.be,Lecture documentation,Tâches diverses,2021-02-15,11:31:27,00:00:05
stefano.crapanzano@chu.ulg.ac.be,Lecture documentation,Tâches diverses,2021-02-15,11:31:42,00:00:05
stefano.crapanzano@chu.ulg.ac.be,Lecture documentation,Tâches diverses,2021-02-15,12:10:07,00:00:02
stefano.crapanzano@chu.ulg.ac.be,Lecture documentation,Tâches diverses,2021-02-15,12:54:40,00:00:03
stefano.crapanzano@chu.ulg.ac.be,Lecture documentation,Tâches diverses,2021-02-15,12:54:55,00:00:31
stefano.crapanzano@chu.ulg.ac.be,Lecture documentation,Tâches diverses,2021-02-15,14:08:03,00:00:08
stefano.crapanzano@chu.ulg.ac.be,Lecture documentation,Tâches diverses,2021-02-15,14:08:16,00:00:05
stefano.crapanzano@chu.ulg.ac.be,Lecture documentation,Tâches diverses,2021-02-15,14:09:36,00:01:09
stefano.crapanzano@chu.ulg.ac.be,Lecture documentation,Tâches diverses,2021-02-15,14:10:47,00:00:56
stefano.crapanzano@chu.ulg.ac.be,Lecture documentation,Tâches diverses,2021-02-15,14:11:45,00:00:48
stefano.crapanzano@chu.ulg.ac.be,Lecture documentation,Tâches diverses,2021-02-15,14:32:34,00:17:17
stefano.crapanzano@chu.ulg.ac.be,Lecture documentation,Tâches diverses,2021-02-15,15:04:19,00:00:59
stefano.crapanzano@chu.ulg.ac.be,Lecture documentation,Tâches diverses,2021-02-15,15:06:21,00:00:03
stefano.crapanzano@chu.ulg.ac.be,Lecture documentation,Tâches diverses,2021-02-15,15:07:00,00:00:26
stefano.crapanzano@chu.ulg.ac.be,Lecture documentation,Tâches diverses,2021-02-15,15:07:41,00:00:03
stefano.crapanzano@chu.ulg.ac.be,Lecture documentation,Tâches diverses,2021-02-15,15:08:01,00:00:03
stefano.crapanzano@chu.ulg.ac.be,Lecture documentation,Tâches diverses,2021-02-15,15:08:12,00:00:02
stefano.crapanzano@chu.ulg.ac.be,Lecture documentation,Tâches diverses,2021-02-15,15:11:27,00:00:29
stefano.crapanzano@chu.ulg.ac.be,Lecture documentation,Tâches diverses,2021-02-15,15:11:59,00:00:14
stefano.crapanzano@chu.ulg.ac.be,Lecture documentation,Tâches diverses,2021-02-15,15:12:23,00:00:20
stefano.crapanzano@chu.ulg.ac.be,Lecture documentation,Tâches diverses,2021-02-15,15:12:57,00:00:07
stefano.crapanzano@chu.ulg.ac.be,Lecture documentation,Tâches diverses,2021-02-15,15:14:58,00:00:05
stefano.crapanzano@chu.ulg.ac.be,Lecture documentation,Tâches diverses,2021-02-15,15:17:04,00:00:18
stefano.crapanzano@chu.ulg.ac.be,Lecture documentation,Tâches diverses,2021-02-15,15:17:46,00:00:04
stefano.crapanzano@chu.ulg.ac.be,Lecture documentation,Tâches diverses,2021-02-15,15:18:23,00:00:03
stefano.crapanzano@chu.ulg.ac.be,Lecture documentation,Tâches diverses,2021-02-15,15:19:05,00:00:07
stefano.crapanzano@chu.ulg.ac.be,Lecture documentation,Tâches diverses,2021-02-15,15:19:24,00:00:32
stefano.crapanzano@chu.ulg.ac.be,Lecture documentation,Tâches diverses,2021-02-15,15:20:07,00:00:02
stefano.crapanzano@chu.ulg.ac.be,Lecture documentation,Tâches diverses,2021-02-15,15:20:26,00:00:11
stefano.crapanzano@chu.ulg.ac.be,Lecture documentation,Tâches diverses,2021-02-15,15:20:53,00:00:12
stefano.crapanzano@chu.ulg.ac.be,Lecture documentation,Tâches diverses,2021-02-15,15:21:18,00:00:03
stefano.crapanzano@chu.ulg.ac.be,Lecture documentation,Tâches diverses,2021-02-15,15:21:31,00:00:19
stefano.crapanzano@chu.ulg.ac.be,Lecture documentation,Tâches diverses,2021-02-15,15:22:08,00:00:07
stefano.crapanzano@chu.ulg.ac.be,Lecture documentation,Tâches diverses,2021-02-15,15:22:17,00:00:07
stefano.crapanzano@chu.ulg.ac.be,Lecture documentation,Tâches diverses,2021-02-15,15:23:47,00:00:30
stefano.crapanzano@chu.ulg.ac.be,Lecture documentation,Tâches diverses,2021-02-15,15:26:56,00:00:14
stefano.crapanzano@chu.ulg.ac.be,Lecture documentation,Tâches diverses,2021-02-15,15:27:23,00:00:12
stefano.crapanzano@chu.ulg.ac.be,Lecture documentation,Tâches diverses,2021-02-15,15:27:52,00:00:14
stefano.crapanzano@chu.ulg.ac.be,Lecture documentation,Tâches diverses,2021-02-15,15:28:13,00:00:02
stefano.crapanzano@chu.ulg.ac.be,Lecture documentation,Tâches diverses,2021-02-15,15:28:50,00:00:09
stefano.crapanzano@chu.ulg.ac.be,Lecture documentation,Tâches diverses,2021-02-15,15:32:10,00:00:17
stefano.crapanzano@chu.ulg.ac.be,Lecture documentation,Tâches diverses,2021-02-15,15:33:00,00:00:04
stefano.crapanzano@chu.ulg.ac.be,Lecture documentation,Tâches diverses,2021-02-15,16:13:10,00:00:12
stefano.crapanzano@chu.ulg.ac.be,Lecture documentation,Tâches diverses,2021-02-15,16:24:18,00:06:34
stefano.crapanzano@chu.ulg.ac.be,Lecture documentation,Tâches diverses,2021-02-15,16:31:34,00:00:16
stefano.crapanzano@chu.ulg.ac.be,Lecture documentation,Tâches diverses,2021-02-15,16:32:33,00:00:12
stefano.crapanzano@chu.ulg.ac.be,Lecture documentation,Tâches diverses,2021-02-15,16:33:52,00:00:06
stefano.crapanzano@chu.ulg.ac.be,Lecture documentation,Tâches diverses,2021-02-15,16:34:00,00:00:53
stefano.crapanzano@chu.ulg.ac.be,LABO - Stock article - Google Chrome,Tâches diverses,2021-02-15,10:50:22,00:00:19
stefano.crapanzano@chu.ulg.ac.be,LABO - Stock article - Google Chrome,Tâches diverses,2021-02-15,14:07:58,00:00:03
stefano.crapanzano@chu.ulg.ac.be,Nouvel onglet - Google Chrome,Tâches diverses,2021-02-15,10:50:41,00:00:02
stefano.crapanzano@chu.ulg.ac.be,Nouvel onglet - Google Chrome,Tâches diverses,2021-02-15,12:58:28,00:00:04
stefano.crapanzano@chu.ulg.ac.be,Nouvel onglet - Google Chrome,Tâches diverses,2021-02-15,15:57:58,00:00:02
stefano.crapanzano@chu.ulg.ac.be,Identification - Google Chrome,Tâches diverses,2021-02-15,10:50:43,00:00:09
stefano.crapanzano@chu.ulg.ac.be,SAM - DB - Google Chrome,Tâches diverses,2021-02-15,10:50:55,00:00:13
stefano.crapanzano@chu.ulg.ac.be,SAM - DB - Google Chrome,Tâches diverses,2021-02-15,10:51:16,00:00:04
stefano.crapanzano@chu.ulg.ac.be,SAM - DB - Google Chrome,Tâches diverses,2021-02-15,11:03:20,00:00:02
stefano.crapanzano@chu.ulg.ac.be,SAM - DB - Google Chrome,Tâches diverses,2021-02-15,11:12:38,00:00:02
stefano.crapanzano@chu.ulg.ac.be,SAM - DB - Google Chrome,Tâches diverses,2021-02-15,14:07:56,00:00:02
stefano.crapanzano@chu.ulg.ac.be,ERP4HC2.0 - Démarrer avec Embedded Analytics - Message (HTML),Helpdesk général,2021-02-15,10:51:29,00:00:08
stefano.crapanzano@chu.ulg.ac.be,Boîte de réception - erp.sai@chuliege.be - Outlook,Helpdesk général,2021-02-15,10:57:33,00:00:03
stefano.crapanzano@chu.ulg.ac.be,Boîte de réception - erp.sai@chuliege.be - Outlook,Helpdesk général,2021-02-15,10:58:51,00:00:02
stefano.crapanzano@chu.ulg.ac.be,Boîte de réception - erp.sai@chuliege.be - Outlook,Helpdesk général,2021-02-15,11:18:24,00:00:03
stefano.crapanzano@chu.ulg.ac.be,Boîte de réception - erp.sai@chuliege.be - Outlook,Helpdesk général,2021-02-15,12:18:48,00:00:27
stefano.crapanzano@chu.ulg.ac.be,Boîte de réception - erp.sai@chuliege.be - Outlook,Helpdesk général,2021-02-15,12:21:12,00:00:29
stefano.crapanzano@chu.ulg.ac.be,Boîte de réception - erp.sai@chuliege.be - Outlook,Helpdesk général,2021-02-15,12:35:20,00:00:02
stefano.crapanzano@chu.ulg.ac.be,Boîte de réception - erp.sai@chuliege.be - Outlook,Helpdesk général,2021-02-15,12:35:26,00:00:07
stefano.crapanzano@chu.ulg.ac.be,Boîte de réception - erp.sai@chuliege.be - Outlook,Helpdesk général,2021-02-15,12:36:18,00:00:17
stefano.crapanzano@chu.ulg.ac.be,Boîte de réception - erp.sai@chuliege.be - Outlook,Helpdesk général,2021-02-15,12:36:37,00:00:02
stefano.crapanzano@chu.ulg.ac.be,Boîte de réception - erp.sai@chuliege.be - Outlook,Helpdesk général,2021-02-15,12:38:42,00:00:13
stefano.crapanzano@chu.ulg.ac.be,Boîte de réception - erp.sai@chuliege.be - Outlook,Helpdesk général,2021-02-15,12:39:20,00:00:32
stefano.crapanzano@chu.ulg.ac.be,Boîte de réception - erp.sai@chuliege.be - Outlook,Helpdesk général,2021-02-15,12:41:02,00:00:10
stefano.crapanzano@chu.ulg.ac.be,Boîte de réception - erp.sai@chuliege.be - Outlook,Helpdesk général,2021-02-15,12:41:15,00:00:13
stefano.crapanzano@chu.ulg.ac.be,Boîte de réception - erp.sai@chuliege.be - Outlook,Helpdesk général,2021-02-15,12:49:20,00:00:08
stefano.crapanzano@chu.ulg.ac.be,Boîte de réception - erp.sai@chuliege.be - Outlook,Helpdesk général,2021-02-15,12:49:56,00:02:55
stefano.crapanzano@chu.ulg.ac.be,Boîte de réception - erp.sai@chuliege.be - Outlook,Helpdesk général,2021-02-15,12:53:10,00:00:03
stefano.crapanzano@chu.ulg.ac.be,Boîte de réception - erp.sai@chuliege.be - Outlook,Helpdesk général,2021-02-15,12:54:44,00:00:10
stefano.crapanzano@chu.ulg.ac.be,Boîte de réception - erp.sai@chuliege.be - Outlook,Helpdesk général,2021-02-15,12:55:26,00:00:03
stefano.crapanzano@chu.ulg.ac.be,Boîte de réception - erp.sai@chuliege.be - Outlook,Helpdesk général,2021-02-15,12:56:29,00:00:04
stefano.crapanzano@chu.ulg.ac.be,Boîte de réception - erp.sai@chuliege.be - Outlook,Helpdesk général,2021-02-15,13:11:53,00:00:08
stefano.crapanzano@chu.ulg.ac.be,Boîte de réception - erp.sai@chuliege.be - Outlook,Helpdesk général,2021-02-15,13:35:30,00:00:06
stefano.crapanzano@chu.ulg.ac.be,Boîte de réception - erp.sai@chuliege.be - Outlook,Helpdesk général,2021-02-15,13:36:37,00:00:02
stefano.crapanzano@chu.ulg.ac.be,Boîte de réception - erp.sai@chuliege.be - Outlook,Helpdesk général,2021-02-15,13:36:42,00:00:04
stefano.crapanzano@chu.ulg.ac.be,Boîte de réception - erp.sai@chuliege.be - Outlook,Helpdesk général,2021-02-15,15:58:46,00:00:02
stefano.crapanzano@chu.ulg.ac.be,Boîte de réception - erp.sai@chuliege.be - Outlook,Helpdesk général,2021-02-15,16:02:22,00:00:13
stefano.crapanzano@chu.ulg.ac.be,Boîte de réception - erp.sai@chuliege.be - Outlook,Helpdesk général,2021-02-15,16:34:59,00:00:04
stefano.crapanzano@chu.ulg.ac.be,Boîte de réception - erp.sai@chuliege.be - Outlook,Helpdesk général,2021-02-15,16:36:50,00:00:10
stefano.crapanzano@chu.ulg.ac.be,Sans titre - Message (HTML),Helpdesk général,2021-02-15,10:57:37,00:00:13
stefano.crapanzano@chu.ulg.ac.be,Sans titre - Message (HTML),Helpdesk général,2021-02-15,11:23:17,00:00:03
stefano.crapanzano@chu.ulg.ac.be,Sans titre - Message (HTML),Helpdesk général,2021-02-15,11:23:39,00:00:06
stefano.crapanzano@chu.ulg.ac.be,Sans titre - Message (HTML),Helpdesk général,2021-02-15,12:18:18,00:00:19
stefano.crapanzano@chu.ulg.ac.be,Sans titre - Message (HTML),Helpdesk général,2021-02-15,13:11:29,00:00:03
stefano.crapanzano@chu.ulg.ac.be,Sans titre - Message (HTML),Helpdesk général,2021-02-15,13:11:36,00:00:04
stefano.crapanzano@chu.ulg.ac.be,Programme intrastat - Message (HTML),Helpdesk général,2021-02-15,10:57:50,00:01:01
stefano.crapanzano@chu.ulg.ac.be,Programme intrastat - Message (HTML),Helpdesk général,2021-02-15,10:58:54,00:00:43
stefano.crapanzano@chu.ulg.ac.be,Programme intrastat - Message (HTML),Helpdesk général,2021-02-15,10:59:55,00:03:25
stefano.crapanzano@chu.ulg.ac.be,Programme intrastat - Message (HTML),Helpdesk général,2021-02-15,11:03:40,00:00:05
stefano.crapanzano@chu.ulg.ac.be,Programme intrastat - Message (HTML),Helpdesk général,2021-02-15,11:04:00,00:03:44
stefano.crapanzano@chu.ulg.ac.be,Programme intrastat - Message (HTML),Helpdesk général,2021-02-15,11:08:02,00:00:21
stefano.crapanzano@chu.ulg.ac.be,Programme intrastat - Message (HTML),Helpdesk général,2021-02-15,11:08:27,00:01:33
stefano.crapanzano@chu.ulg.ac.be,Programme intrastat - Message (HTML),Helpdesk général,2021-02-15,11:10:03,00:00:13
stefano.crapanzano@chu.ulg.ac.be,Programme intrastat - Message (HTML),Helpdesk général,2021-02-15,11:11:31,00:00:33
stefano.crapanzano@chu.ulg.ac.be,Programme intrastat - Message (HTML),Helpdesk général,2021-02-15,11:12:09,00:00:25
stefano.crapanzano@chu.ulg.ac.be,Programme intrastat - Message (HTML),Helpdesk général,2021-02-15,11:12:41,00:01:10
stefano.crapanzano@chu.ulg.ac.be,Programme intrastat - Message (HTML),Helpdesk général,2021-02-15,11:14:04,00:01:13
stefano.crapanzano@chu.ulg.ac.be,Programme intrastat - Message (HTML),Helpdesk général,2021-02-15,11:15:22,00:03:00
stefano.crapanzano@chu.ulg.ac.be,Programme intrastat - Message (HTML),Helpdesk général,2021-02-15,11:18:45,00:01:57
stefano.crapanzano@chu.ulg.ac.be,Programme intrastat - Message (HTML),Helpdesk général,2021-02-15,11:20:45,00:02:28
stefano.crapanzano@chu.ulg.ac.be,Programme intrastat - Message (HTML),Helpdesk général,2021-02-15,11:23:47,00:02:47
stefano.crapanzano@chu.ulg.ac.be,Programme intrastat - Message (HTML),Helpdesk général,2021-02-15,11:26:49,00:04:24
stefano.crapanzano@chu.ulg.ac.be,Programme intrastat - Message (HTML),Helpdesk général,2021-02-15,11:31:53,00:01:35
stefano.crapanzano@chu.ulg.ac.be,Programme intrastat - Message (HTML),Helpdesk général,2021-02-15,11:33:49,00:03:37
stefano.crapanzano@chu.ulg.ac.be,Programme intrastat - Message (HTML),Helpdesk général,2021-02-15,11:37:51,00:01:25
stefano.crapanzano@chu.ulg.ac.be,Programme intrastat - Message (HTML),Helpdesk général,2021-02-15,11:47:35,00:02:14
stefano.crapanzano@chu.ulg.ac.be,Programme intrastat - Message (HTML),Helpdesk général,2021-02-15,12:13:50,00:01:30
stefano.crapanzano@chu.ulg.ac.be,Programme intrastat - Message (HTML),Helpdesk général,2021-02-15,12:19:19,00:01:53
stefano.crapanzano@chu.ulg.ac.be,Programme intrastat - Message (HTML),Helpdesk général,2021-02-15,13:50:06,00:11:54
stefano.crapanzano@chu.ulg.ac.be,Greenshot capture form,Helpdesk général,2021-02-15,11:03:30,00:00:03
stefano.crapanzano@chu.ulg.ac.be,Greenshot capture form,Helpdesk général,2021-02-15,11:03:52,00:00:06
stefano.crapanzano@chu.ulg.ac.be,Greenshot capture form,Helpdesk général,2021-02-15,12:10:30,00:00:03
stefano.crapanzano@chu.ulg.ac.be,Greenshot capture form,Helpdesk général,2021-02-15,12:18:06,00:00:05
stefano.crapanzano@chu.ulg.ac.be,Greenshot capture form,Helpdesk général,2021-02-15,12:49:08,00:00:04
stefano.crapanzano@chu.ulg.ac.be,Greenshot capture form,Helpdesk général,2021-02-15,12:56:20,00:00:05
stefano.crapanzano@chu.ulg.ac.be,Greenshot capture form,Helpdesk général,2021-02-15,13:04:54,00:00:05
stefano.crapanzano@chu.ulg.ac.be,Greenshot capture form,Helpdesk général,2021-02-15,13:06:29,00:00:03
stefano.crapanzano@chu.ulg.ac.be,Greenshot capture form,Helpdesk général,2021-02-15,13:07:02,00:00:03
stefano.crapanzano@chu.ulg.ac.be,Greenshot capture form,Helpdesk général,2021-02-15,13:07:24,00:00:03
stefano.crapanzano@chu.ulg.ac.be,Greenshot capture form,Helpdesk général,2021-02-15,13:08:41,00:00:02
stefano.crapanzano@chu.ulg.ac.be,traduction - Recherche Google - Google Chrome,Tâches diverses,2021-02-15,11:13:54,00:00:08
stefano.crapanzano@chu.ulg.ac.be,traduction - Recherche Google - Google Chrome,Tâches diverses,2021-02-15,11:31:22,00:00:03
stefano.crapanzano@chu.ulg.ac.be,Brouillons - Zimbra - Stefano Crapanzano - Outlook,Helpdesk général,2021-02-15,11:18:27,00:00:16
stefano.crapanzano@chu.ulg.ac.be,Brouillons - Zimbra - Stefano Crapanzano - Outlook,Helpdesk général,2021-02-15,11:23:15,00:00:02
stefano.crapanzano@chu.ulg.ac.be,Brouillons - Zimbra - Stefano Crapanzano - Outlook,Helpdesk général,2021-02-15,11:23:21,00:00:18
stefano.crapanzano@chu.ulg.ac.be,Brouillons - Zimbra - Stefano Crapanzano - Outlook,Helpdesk général,2021-02-15,11:26:35,00:00:11
stefano.crapanzano@chu.ulg.ac.be,Kofax CHRCITADELLE - Message (HTML),Helpdesk général,2021-02-15,11:39:24,00:00:13
stefano.crapanzano@chu.ulg.ac.be,Kofax CHRCITADELLE - Message (HTML),Helpdesk général,2021-02-15,11:39:40,00:00:03
stefano.crapanzano@chu.ulg.ac.be,Kofax CHRCITADELLE - Message (HTML),Helpdesk général,2021-02-15,11:59:48,00:00:38
stefano.crapanzano@chu.ulg.ac.be,Kofax CHRCITADELLE - Message (HTML),Helpdesk général,2021-02-15,12:08:29,00:00:06
stefano.crapanzano@chu.ulg.ac.be,Kofax CHRCITADELLE - Message (HTML),Helpdesk général,2021-02-15,12:36:13,00:00:02
stefano.crapanzano@chu.ulg.ac.be,Gestionnaire de Sites,Helpdesk général,2021-02-15,11:41:03,00:00:03
stefano.crapanzano@chu.ulg.ac.be,Gestionnaire de Sites,Helpdesk général,2021-02-15,12:16:52,00:00:03
stefano.crapanzano@chu.ulg.ac.be,Gestionnaire de Sites,Helpdesk général,2021-02-15,12:57:45,00:00:04
stefano.crapanzano@chu.ulg.ac.be,Gestionnaire de Sites,Helpdesk général,2021-02-15,12:58:20,00:00:02
stefano.crapanzano@chu.ulg.ac.be,Gestionnaire de Sites,Helpdesk général,2021-02-15,12:59:38,00:00:03
stefano.crapanzano@chu.ulg.ac.be,Iepacs - sftp://kofaxchu@iepacs.chu.ulg.ac.be - FileZilla,Helpdesk général,2021-02-15,11:41:07,00:00:07
stefano.crapanzano@chu.ulg.ac.be,Iepacs - sftp://kofaxchu@iepacs.chu.ulg.ac.be - FileZilla,Helpdesk général,2021-02-15,12:16:48,00:00:03
stefano.crapanzano@chu.ulg.ac.be,Iepacs - sftp://kofaxchu@iepacs.chu.ulg.ac.be - FileZilla,Helpdesk général,2021-02-15,12:54:20,00:00:19
stefano.crapanzano@chu.ulg.ac.be,Iepacs - sftp://kofaxchu@iepacs.chu.ulg.ac.be - FileZilla,Helpdesk général,2021-02-15,12:55:29,00:00:12
stefano.crapanzano@chu.ulg.ac.be,\\fileadm01.st.chulg\users\c158492\Mes documents\Nouveau document texte.txt - Notepad++ [Administrator],IT,2021-02-15,11:41:34,00:00:02
stefano.crapanzano@chu.ulg.ac.be,\\ERPFTP.st.chulg\ERP\Log\KOFAX-KofaxCaptureSVReleaseProdFRCHR.log - Notepad++ [Administrator],IT,2021-02-15,11:41:36,00:00:30
stefano.crapanzano@chu.ulg.ac.be,\\ERPFTP.st.chulg\ERP\Log\KOFAX-KofaxCaptureSVReleaseProdFRCHR.log - Notepad++ [Administrator],IT,2021-02-15,11:51:51,00:00:03
stefano.crapanzano@chu.ulg.ac.be,\\ERPFTP.st.chulg\ERP\Log\KOFAX-KofaxCaptureSVReleaseProdFRCHR.log - Notepad++ [Administrator],IT,2021-02-15,11:52:03,00:00:04
stefano.crapanzano@chu.ulg.ac.be,\\ERPFTP.st.chulg\ERP\Log\KOFAX-KofaxCaptureSVReleaseProdFRCHR.log - Notepad++ [Administrator],IT,2021-02-15,11:52:27,00:00:03
stefano.crapanzano@chu.ulg.ac.be,\\ERPFTP.st.chulg\ERP\Log\KOFAX-KofaxCaptureSVReleaseProdFRCHR.log - Notepad++ [Administrator],IT,2021-02-15,11:52:40,00:00:08
stefano.crapanzano@chu.ulg.ac.be,\\ERPFTP.st.chulg\ERP\Log\KOFAX-KofaxCaptureSVReleaseProdFRCHR.log - Notepad++ [Administrator],IT,2021-02-15,11:53:02,00:00:40
stefano.crapanzano@chu.ulg.ac.be,\\ERPFTP.st.chulg\ERP\Log\KOFAX-KofaxCaptureSVReleaseProdFRCHR.log - Notepad++ [Administrator],IT,2021-02-15,11:53:55,00:00:09
stefano.crapanzano@chu.ulg.ac.be,\\ERPFTP.st.chulg\ERP\Log\KOFAX-KofaxCaptureSVReleaseProdFRCHR.log - Notepad++ [Administrator],IT,2021-02-15,11:54:10,00:01:43
stefano.crapanzano@chu.ulg.ac.be,\\ERPFTP.st.chulg\ERP\Log\KOFAX-KofaxCaptureSVReleaseProdFRCHR.log - Notepad++ [Administrator],IT,2021-02-15,11:57:35,00:01:50
stefano.crapanzano@chu.ulg.ac.be,\\ERPFTP.st.chulg\ERP\Log\KOFAX-KofaxCaptureSVReleaseProdFRCHR.log - Notepad++ [Administrator],IT,2021-02-15,11:59:40,00:00:03
stefano.crapanzano@chu.ulg.ac.be,\\ERPFTP.st.chulg\ERP\Log\KOFAX-KofaxCaptureSVReleaseProdFRCHR.log - Notepad++ [Administrator],IT,2021-02-15,12:00:26,00:00:51
stefano.crapanzano@chu.ulg.ac.be,\\ERPFTP.st.chulg\ERP\Log\KOFAX-KofaxCaptureSVReleaseProdFRCHR.log - Notepad++ [Administrator],IT,2021-02-15,12:01:47,00:00:04
stefano.crapanzano@chu.ulg.ac.be,\\ERPFTP.st.chulg\ERP\Log\KOFAX-KofaxCaptureSVReleaseProdFRCHR.log - Notepad++ [Administrator],IT,2021-02-15,12:03:42,00:00:02
stefano.crapanzano@chu.ulg.ac.be,\\ERPFTP.st.chulg\ERP\Log\KOFAX-KofaxCaptureSVReleaseProdFRCHR.log - Notepad++ [Administrator],IT,2021-02-15,12:06:14,00:00:41
stefano.crapanzano@chu.ulg.ac.be,\\ERPFTP.st.chulg\ERP\Log\KOFAX-KofaxCaptureSVReleaseProdFRCHR.log - Notepad++ [Administrator],IT,2021-02-15,12:07:07,00:00:07
stefano.crapanzano@chu.ulg.ac.be,\\ERPFTP.st.chulg\ERP\Log\KOFAX-KofaxCaptureSVReleaseProdFRCHR.log - Notepad++ [Administrator],IT,2021-02-15,12:07:18,00:00:08
stefano.crapanzano@chu.ulg.ac.be,\\ERPFTP.st.chulg\ERP\Log\KOFAX-KofaxCaptureSVReleaseProdFRCHR.log - Notepad++ [Administrator],IT,2021-02-15,12:16:03,00:00:26
stefano.crapanzano@chu.ulg.ac.be,\\ERPFTP.st.chulg\ERP\Log\KOFAX-KofaxCaptureSVReleaseProdFRCHR.log - Notepad++ [Administrator],IT,2021-02-15,12:16:40,00:00:08
stefano.crapanzano@chu.ulg.ac.be,\\ERPFTP.st.chulg\ERP\Log\KOFAX-KofaxCaptureSVReleaseProdFRCHR.log - Notepad++ [Administrator],IT,2021-02-15,12:36:35,00:00:02
stefano.crapanzano@chu.ulg.ac.be,\\ERPFTP.st.chulg\ERP\Log\KOFAX-KofaxCaptureSVReleaseProdFRCHR.log - Notepad++ [Administrator],IT,2021-02-15,12:36:57,00:00:02
stefano.crapanzano@chu.ulg.ac.be,\\ERPFTP.st.chulg\ERP\Log\KOFAX-KofaxCaptureSVReleaseProdFRCHR.log - Notepad++ [Administrator],IT,2021-02-15,12:37:08,00:01:19
stefano.crapanzano@chu.ulg.ac.be,\\ERPFTP.st.chulg\ERP\Log\KOFAX-KofaxCaptureSVReleaseProdFRCHR.log - Notepad++ [Administrator],IT,2021-02-15,12:41:13,00:00:02
stefano.crapanzano@chu.ulg.ac.be,\\ERPFTP.st.chulg\ERP\Log\KOFAX-KofaxCaptureSVReleaseProdFRCHR.log - Notepad++ [Administrator],IT,2021-02-15,12:45:41,00:00:02
stefano.crapanzano@chu.ulg.ac.be,\\ERPFTP.st.chulg\ERP\Log\KOFAX-KofaxCaptureSVReleaseProdFRCHR.log - Notepad++ [Administrator],IT,2021-02-15,12:45:57,00:00:03
stefano.crapanzano@chu.ulg.ac.be,\\ERPFTP.st.chulg\ERP\Log\KOFAX-KofaxCaptureSVReleaseProdFRCHR.log - Notepad++ [Administrator],IT,2021-02-15,12:46:25,00:00:03
stefano.crapanzano@chu.ulg.ac.be,\\ERPFTP.st.chulg\ERP\Log\KOFAX-KofaxCaptureSVReleaseProdFRCHR.log - Notepad++ [Administrator],IT,2021-02-15,12:46:31,00:00:02
stefano.crapanzano@chu.ulg.ac.be,\\ERPFTP.st.chulg\ERP\Log\KOFAX-KofaxCaptureSVReleaseProdFRCHR.log - Notepad++ [Administrator],IT,2021-02-15,12:46:36,00:00:09
stefano.crapanzano@chu.ulg.ac.be,\\ERPFTP.st.chulg\ERP\Log\KOFAX-KofaxCaptureSVReleaseProdFRCHR.log - Notepad++ [Administrator],IT,2021-02-15,13:13:55,00:00:04
stefano.crapanzano@chu.ulg.ac.be,\\ERPFTP.st.chulg\ERP\Log\KOFAX-KofaxCaptureSVReleaseProdFRCHR.log - Notepad++ [Administrator],IT,2021-02-15,13:14:10,00:00:03
stefano.crapanzano@chu.ulg.ac.be,\\ERPFTP.st.chulg\ERP\Log\KOFAX-KofaxCaptureSVReleaseProdFRCHR.log - Notepad++ [Administrator],IT,2021-02-15,13:17:15,00:00:02
stefano.crapanzano@chu.ulg.ac.be,Rechercher,IT,2021-02-15,11:42:06,00:05:25
stefano.crapanzano@chu.ulg.ac.be,Rechercher,IT,2021-02-15,11:51:54,00:00:08
stefano.crapanzano@chu.ulg.ac.be,Rechercher,IT,2021-02-15,11:52:08,00:00:19
stefano.crapanzano@chu.ulg.ac.be,Rechercher,IT,2021-02-15,11:52:31,00:00:09
stefano.crapanzano@chu.ulg.ac.be,Rechercher,IT,2021-02-15,11:52:49,00:00:13
stefano.crapanzano@chu.ulg.ac.be,Rechercher,IT,2021-02-15,11:53:43,00:00:12
stefano.crapanzano@chu.ulg.ac.be,Rechercher,IT,2021-02-15,11:54:04,00:00:06
stefano.crapanzano@chu.ulg.ac.be,Rechercher,IT,2021-02-15,11:59:26,00:00:14
stefano.crapanzano@chu.ulg.ac.be,Rechercher,IT,2021-02-15,12:01:18,00:00:21
stefano.crapanzano@chu.ulg.ac.be,Rechercher,IT,2021-02-15,12:02:00,00:01:22
stefano.crapanzano@chu.ulg.ac.be,Rechercher,IT,2021-02-15,12:07:37,00:00:07
stefano.crapanzano@chu.ulg.ac.be,Rechercher,IT,2021-02-15,12:07:49,00:00:09
stefano.crapanzano@chu.ulg.ac.be,Rechercher,IT,2021-02-15,12:08:13,00:00:11
stefano.crapanzano@chu.ulg.ac.be,Rechercher,IT,2021-02-15,12:16:29,00:00:10
stefano.crapanzano@chu.ulg.ac.be,Rechercher,IT,2021-02-15,12:36:52,00:00:04
stefano.crapanzano@chu.ulg.ac.be,Rechercher,IT,2021-02-15,12:36:59,00:00:08
stefano.crapanzano@chu.ulg.ac.be,Rechercher,IT,2021-02-15,12:45:47,00:00:10
stefano.crapanzano@chu.ulg.ac.be,Rechercher,IT,2021-02-15,12:46:01,00:00:16
stefano.crapanzano@chu.ulg.ac.be,Rechercher,IT,2021-02-15,12:46:19,00:00:06
stefano.crapanzano@chu.ulg.ac.be,Rechercher,IT,2021-02-15,12:46:29,00:00:02
stefano.crapanzano@chu.ulg.ac.be,Rechercher,IT,2021-02-15,12:46:33,00:00:02
stefano.crapanzano@chu.ulg.ac.be,Administrateur : C:\Windows\system32\cmd.exe,IT,2021-02-15,11:55:59,00:00:25
stefano.crapanzano@chu.ulg.ac.be,SVN_LOCAL – CHL_ERP_RAPPORT_STOCK_ARTICLE.bat [SVN_LOCAL] (Administrator),IT,2021-02-15,11:57:19,00:00:15
stefano.crapanzano@chu.ulg.ac.be,Rechercher dans les fichiers d'un dossier,IT,2021-02-15,12:01:41,00:00:06
stefano.crapanzano@chu.ulg.ac.be,Rechercher dans les fichiers d'un dossier,IT,2021-02-15,12:01:52,00:00:08
stefano.crapanzano@chu.ulg.ac.be,Remplacer,IT,2021-02-15,12:03:23,00:00:19
stefano.crapanzano@chu.ulg.ac.be,Remplacer,IT,2021-02-15,12:03:45,00:00:27
stefano.crapanzano@chu.ulg.ac.be,Remplacer,IT,2021-02-15,12:04:19,00:01:55
stefano.crapanzano@chu.ulg.ac.be,Remplacer,IT,2021-02-15,12:06:55,00:00:12
stefano.crapanzano@chu.ulg.ac.be,Remplacer,IT,2021-02-15,12:07:14,00:00:03
stefano.crapanzano@chu.ulg.ac.be,Remplacer,IT,2021-02-15,12:07:26,00:00:10
stefano.crapanzano@chu.ulg.ac.be,*\\ERPFTP.st.chulg\ERP\Log\KOFAX-KofaxCaptureSVReleaseProdFRCHR.log - Notepad++ [Administrator],IT,2021-02-15,12:07:44,00:00:04
stefano.crapanzano@chu.ulg.ac.be,*\\ERPFTP.st.chulg\ERP\Log\KOFAX-KofaxCaptureSVReleaseProdFRCHR.log - Notepad++ [Administrator],IT,2021-02-15,12:07:59,00:00:14
stefano.crapanzano@chu.ulg.ac.be,*\\ERPFTP.st.chulg\ERP\Log\KOFAX-KofaxCaptureSVReleaseProdFRCHR.log - Notepad++ [Administrator],IT,2021-02-15,12:16:00,00:00:02
stefano.crapanzano@chu.ulg.ac.be,Téléchargement automatique des images,Helpdesk général,2021-02-15,12:08:35,00:00:07
stefano.crapanzano@chu.ulg.ac.be,Téléchargement automatique des images,Helpdesk général,2021-02-15,12:41:53,00:00:03
stefano.crapanzano@chu.ulg.ac.be,Téléchargement automatique des images,Helpdesk général,2021-02-15,12:56:39,00:00:02
stefano.crapanzano@chu.ulg.ac.be,RE: Kofax CHRCITADELLE - Message (HTML),Helpdesk général,2021-02-15,12:08:43,00:01:20
stefano.crapanzano@chu.ulg.ac.be,RE: Kofax CHRCITADELLE - Message (HTML),Helpdesk général,2021-02-15,12:10:45,00:00:03
stefano.crapanzano@chu.ulg.ac.be,RE: Kofax CHRCITADELLE - Message (HTML),Helpdesk général,2021-02-15,12:11:02,00:00:29
stefano.crapanzano@chu.ulg.ac.be,RE: Kofax CHRCITADELLE - Message (HTML),Helpdesk général,2021-02-15,12:11:35,00:01:28
stefano.crapanzano@chu.ulg.ac.be,RE: Kofax CHRCITADELLE - Message (HTML),Helpdesk général,2021-02-15,12:41:29,00:00:24
stefano.crapanzano@chu.ulg.ac.be,RE: Kofax CHRCITADELLE - Message (HTML),Helpdesk général,2021-02-15,12:41:57,00:02:04
stefano.crapanzano@chu.ulg.ac.be,RE: Kofax CHRCITADELLE - Message (HTML),Helpdesk général,2021-02-15,12:44:08,00:00:50
stefano.crapanzano@chu.ulg.ac.be,RE: Kofax CHRCITADELLE - Message (HTML),Helpdesk général,2021-02-15,12:45:12,00:00:05
stefano.crapanzano@chu.ulg.ac.be,RE: Kofax CHRCITADELLE - Message (HTML),Helpdesk général,2021-02-15,12:45:25,00:00:15
stefano.crapanzano@chu.ulg.ac.be,RE: Kofax CHRCITADELLE - Message (HTML),Helpdesk général,2021-02-15,12:45:43,00:00:02
stefano.crapanzano@chu.ulg.ac.be,RE: Kofax CHRCITADELLE - Message (HTML),Helpdesk général,2021-02-15,12:46:46,00:02:07
stefano.crapanzano@chu.ulg.ac.be,RE: Kofax CHRCITADELLE - Message (HTML),Helpdesk général,2021-02-15,12:56:37,00:00:02
stefano.crapanzano@chu.ulg.ac.be,RE: Kofax CHRCITADELLE - Message (HTML),Helpdesk général,2021-02-15,12:56:42,00:00:26
stefano.crapanzano@chu.ulg.ac.be,RE: Kofax CHRCITADELLE - Message (HTML),Helpdesk général,2021-02-15,12:57:09,00:00:02
stefano.crapanzano@chu.ulg.ac.be,RE: Kofax CHRCITADELLE - Message (HTML),Helpdesk général,2021-02-15,13:05:14,00:01:02
stefano.crapanzano@chu.ulg.ac.be,RE: Kofax CHRCITADELLE - Message (HTML),Helpdesk général,2021-02-15,13:06:35,00:00:04
stefano.crapanzano@chu.ulg.ac.be,RE: Kofax CHRCITADELLE - Message (HTML),Helpdesk général,2021-02-15,13:07:08,00:00:05
stefano.crapanzano@chu.ulg.ac.be,RE: Kofax CHRCITADELLE - Message (HTML),Helpdesk général,2021-02-15,13:07:29,00:01:12
stefano.crapanzano@chu.ulg.ac.be,RE: Kofax CHRCITADELLE - Message (HTML),Helpdesk général,2021-02-15,13:08:44,00:00:20
stefano.crapanzano@chu.ulg.ac.be,Orthographe : Français (Belgique),Helpdesk général,2021-02-15,12:48:53,00:00:02
stefano.crapanzano@chu.ulg.ac.be,Orthographe : Français (Belgique),Helpdesk général,2021-02-15,13:09:04,00:00:02
stefano.crapanzano@chu.ulg.ac.be,Microsoft Outlook,Helpdesk général,2021-02-15,13:33:27,00:00:02
stefano.crapanzano@chu.ulg.ac.be,Microsoft Outlook,Helpdesk général,2021-02-15,13:33:36,00:00:03
stefano.crapanzano@chu.ulg.ac.be,Microsoft Outlook,Helpdesk général,2021-02-15,13:34:53,00:00:03
stefano.crapanzano@chu.ulg.ac.be,Microsoft Outlook,Helpdesk général,2021-02-15,14:02:01,00:00:02
stefano.crapanzano@chu.ulg.ac.be,Envoyé - Zimbra - Stefano Crapanzano - Outlook,Helpdesk général,2021-02-15,12:13:14,00:00:04
stefano.crapanzano@chu.ulg.ac.be,Sent - erp.sai@chuliege.be - Outlook,Helpdesk général,2021-02-15,12:13:19,00:00:26
stefano.crapanzano@chu.ulg.ac.be,Sent - erp.sai@chuliege.be - Outlook,Helpdesk général,2021-02-15,12:15:22,00:00:02
stefano.crapanzano@chu.ulg.ac.be,Sent - erp.sai@chuliege.be - Outlook,Helpdesk général,2021-02-15,12:15:28,00:00:02
stefano.crapanzano@chu.ulg.ac.be,Sent - erp.sai@chuliege.be - Outlook,Helpdesk général,2021-02-15,12:15:32,00:00:08
stefano.crapanzano@chu.ulg.ac.be,Sent - erp.sai@chuliege.be - Outlook,Helpdesk général,2021-02-15,12:18:39,00:00:08
stefano.crapanzano@chu.ulg.ac.be,Sent - erp.sai@chuliege.be - Outlook,Helpdesk général,2021-02-15,12:49:28,00:00:25
stefano.crapanzano@chu.ulg.ac.be,Sent - erp.sai@chuliege.be - Outlook,Helpdesk général,2021-02-15,12:56:34,00:00:02
stefano.crapanzano@chu.ulg.ac.be,Sent - erp.sai@chuliege.be - Outlook,Helpdesk général,2021-02-15,12:57:54,00:00:02
stefano.crapanzano@chu.ulg.ac.be,Sent - erp.sai@chuliege.be - Outlook,Helpdesk général,2021-02-15,13:05:07,00:00:04
stefano.crapanzano@chu.ulg.ac.be,Sent - erp.sai@chuliege.be - Outlook,Helpdesk général,2021-02-15,13:09:12,00:02:09
stefano.crapanzano@chu.ulg.ac.be,Sent - erp.sai@chuliege.be - Outlook,Helpdesk général,2021-02-15,13:11:42,00:00:10
stefano.crapanzano@chu.ulg.ac.be,Sent - erp.sai@chuliege.be - Outlook,Helpdesk général,2021-02-15,13:12:01,00:01:20
stefano.crapanzano@chu.ulg.ac.be,Sent - erp.sai@chuliege.be - Outlook,Helpdesk général,2021-02-15,13:36:46,00:13:19
stefano.crapanzano@chu.ulg.ac.be,Sent - erp.sai@chuliege.be - Outlook,Helpdesk général,2021-02-15,14:02:04,00:05:40
stefano.crapanzano@chu.ulg.ac.be,Sent - erp.sai@chuliege.be - Outlook,Helpdesk général,2021-02-15,14:12:35,00:19:58
stefano.crapanzano@chu.ulg.ac.be,Sent - erp.sai@chuliege.be - Outlook,Helpdesk général,2021-02-15,14:49:52,00:00:21
stefano.crapanzano@chu.ulg.ac.be,Sent - erp.sai@chuliege.be - Outlook,Helpdesk général,2021-02-15,15:58:42,00:00:03
stefano.crapanzano@chu.ulg.ac.be,Sent - erp.sai@chuliege.be - Outlook,Helpdesk général,2021-02-15,16:02:43,00:10:23
stefano.crapanzano@chu.ulg.ac.be,Sent - erp.sai@chuliege.be - Outlook,Helpdesk général,2021-02-15,16:13:23,00:05:54
stefano.crapanzano@chu.ulg.ac.be,Sent - erp.sai@chuliege.be - Outlook,Helpdesk général,2021-02-15,16:20:02,00:00:20
stefano.crapanzano@chu.ulg.ac.be,Sent - erp.sai@chuliege.be - Outlook,Helpdesk général,2021-02-15,16:34:56,00:00:03
stefano.crapanzano@chu.ulg.ac.be,Sent - erp.sai@chuliege.be - Outlook,Helpdesk général,2021-02-15,16:35:08,00:01:42
stefano.crapanzano@chu.ulg.ac.be,Sent - erp.sai@chuliege.be - Outlook,Helpdesk général,2021-02-15,16:37:01,00:22:42
stefano.crapanzano@chu.ulg.ac.be,Sent - erp.sai@chuliege.be - Outlook,Helpdesk général,2021-02-15,17:00:44,00:01:25
stefano.crapanzano@chu.ulg.ac.be,Recharger,IT,2021-02-15,12:15:58,00:00:02
stefano.crapanzano@chu.ulg.ac.be,CHR_FRCHR - sftp://kofax@secure.chrcitadelle.be - FileZilla,Helpdesk général,2021-02-15,12:16:57,00:01:09
stefano.crapanzano@chu.ulg.ac.be,CHR_FRCHR - sftp://kofax@secure.chrcitadelle.be - FileZilla,Helpdesk général,2021-02-15,12:22:14,00:13:04
stefano.crapanzano@chu.ulg.ac.be,CHR_FRCHR - sftp://kofax@secure.chrcitadelle.be - FileZilla,Helpdesk général,2021-02-15,12:35:33,00:00:34
stefano.crapanzano@chu.ulg.ac.be,CHR_FRCHR - sftp://kofax@secure.chrcitadelle.be - FileZilla,Helpdesk général,2021-02-15,12:36:40,00:00:09
stefano.crapanzano@chu.ulg.ac.be,CHR_FRCHR - sftp://kofax@secure.chrcitadelle.be - FileZilla,Helpdesk général,2021-02-15,12:38:27,00:00:13
stefano.crapanzano@chu.ulg.ac.be,CHR_FRCHR - sftp://kofax@secure.chrcitadelle.be - FileZilla,Helpdesk général,2021-02-15,12:45:01,00:00:10
stefano.crapanzano@chu.ulg.ac.be,CHR_FRCHR - sftp://kofax@secure.chrcitadelle.be - FileZilla,Helpdesk général,2021-02-15,12:48:58,00:00:09
stefano.crapanzano@chu.ulg.ac.be,CHR_FRCHR - sftp://kofax@secure.chrcitadelle.be - FileZilla,Helpdesk général,2021-02-15,12:49:13,00:00:03
stefano.crapanzano@chu.ulg.ac.be,CHR_FRCHR - sftp://kofax@secure.chrcitadelle.be - FileZilla,Helpdesk général,2021-02-15,12:52:51,00:00:19
stefano.crapanzano@chu.ulg.ac.be,CHR_FRCHR - sftp://kofax@secure.chrcitadelle.be - FileZilla,Helpdesk général,2021-02-15,12:53:14,00:01:06
stefano.crapanzano@chu.ulg.ac.be,CHR_FRCHR - sftp://kofax@secure.chrcitadelle.be - FileZilla,Helpdesk général,2021-02-15,12:55:41,00:00:38
stefano.crapanzano@chu.ulg.ac.be,CHR_FRCHR - sftp://kofax@secure.chrcitadelle.be - FileZilla,Helpdesk général,2021-02-15,12:56:25,00:00:04
stefano.crapanzano@chu.ulg.ac.be,CHR_FRCHR - sftp://kofax@secure.chrcitadelle.be - FileZilla,Helpdesk général,2021-02-15,12:57:13,00:00:32
stefano.crapanzano@chu.ulg.ac.be,CHR_FRCHR - sftp://kofax@secure.chrcitadelle.be - FileZilla,Helpdesk général,2021-02-15,12:58:16,00:00:03
stefano.crapanzano@chu.ulg.ac.be,CHR_FRCHR - sftp://kofax@secure.chrcitadelle.be - FileZilla,Helpdesk général,2021-02-15,12:59:41,00:00:02
stefano.crapanzano@chu.ulg.ac.be,CHR_FRCHR - sftp://kofax@secure.chrcitadelle.be - FileZilla,Helpdesk général,2021-02-15,12:59:49,00:02:58
stefano.crapanzano@chu.ulg.ac.be,CHR_FRCHR - sftp://kofax@secure.chrcitadelle.be - FileZilla,Helpdesk général,2021-02-15,13:04:01,00:00:52
stefano.crapanzano@chu.ulg.ac.be,CHR_FRCHR - sftp://kofax@secure.chrcitadelle.be - FileZilla,Helpdesk général,2021-02-15,13:35:36,00:01:01
stefano.crapanzano@chu.ulg.ac.be,Teampass - Google Chrome,Tâches diverses,2021-02-15,12:58:33,00:01:03
stefano.crapanzano@chu.ulg.ac.be,Teampass - Google Chrome,Tâches diverses,2021-02-15,12:59:44,00:00:03
stefano.crapanzano@chu.ulg.ac.be,Teampass - Google Chrome,Tâches diverses,2021-02-15,14:07:51,00:00:03
stefano.crapanzano@chu.ulg.ac.be,C:\Users\c158492\AppData\Local\Microsoft\Windows\Temporary Internet Files\Content.Outlook\SUHESELV\ExportHP 2021 01 NC.txt - Notepad++ [Administrator],IT,2021-02-15,13:13:51,00:00:04
stefano.crapanzano@chu.ulg.ac.be,C:\Users\c158492\AppData\Local\Microsoft\Windows\Temporary Internet Files\Content.Outlook\SUHESELV\ExportHP2021 01.txt - Notepad++ [Administrator],Helpdesk général,2021-02-15,13:14:03,00:00:07
stefano.crapanzano@chu.ulg.ac.be,Ouverture -Excel,Tâches diverses,2021-02-15,13:14:18,00:00:06
stefano.crapanzano@chu.ulg.ac.be,Ouverture -Excel,Tâches diverses,2021-02-15,13:17:50,00:00:02
stefano.crapanzano@chu.ulg.ac.be,Résidents présents 2021 01.xlsx  [Mode protégé] - Excel,Tâches diverses,2021-02-15,13:14:24,00:00:04
stefano.crapanzano@chu.ulg.ac.be,Résidents présents 2021 01.xlsx  [Lecture seule] - Excel,Tâches diverses,2021-02-15,13:14:29,00:00:31
stefano.crapanzano@chu.ulg.ac.be,Résidents présents 2021 01.xlsx  [Lecture seule] - Excel,Tâches diverses,2021-02-15,13:15:30,00:00:04
stefano.crapanzano@chu.ulg.ac.be,Microsoft Visual Basic pour Applications - Résidents présents 2021 01.xlsx [arrêt] - [Module1 (Code)],Tâches diverses,2021-02-15,13:15:00,00:00:12
stefano.crapanzano@chu.ulg.ac.be,Microsoft Visual Basic pour Applications - Preparation_Residents_Presents_Csv.xlam [arrêt] - [Module1 (Code)],Tâches diverses,2021-02-15,13:15:14,00:00:16
stefano.crapanzano@chu.ulg.ac.be,Microsoft Visual Basic pour Applications - Preparation_Residents_Presents_Csv.xlam [arrêt] - [Module1 (Code)],Tâches diverses,2021-02-15,13:15:37,00:00:33
stefano.crapanzano@chu.ulg.ac.be,Microsoft Visual Basic pour Applications - Preparation_Residents_Presents_Csv.xlam - [Module1 (Code)],Tâches diverses,2021-02-15,13:16:10,00:00:02
stefano.crapanzano@chu.ulg.ac.be,Microsoft Excel,Tâches diverses,2021-02-15,13:16:14,00:00:02
stefano.crapanzano@chu.ulg.ac.be,Microsoft Excel,Tâches diverses,2021-02-15,13:19:51,00:00:03
stefano.crapanzano@chu.ulg.ac.be,Microsoft Excel,Tâches diverses,2021-02-15,13:20:00,00:00:02
stefano.crapanzano@chu.ulg.ac.be,Enregistrer la pièce jointe,Helpdesk général,2021-02-15,13:16:22,00:00:30
stefano.crapanzano@chu.ulg.ac.be,SAP GUI for Windows 750,Exploration SAP,2021-02-15,13:17:12,00:00:02
stefano.crapanzano@chu.ulg.ac.be,Résidents présents.xlsx - Excel,Tâches diverses,2021-02-15,13:20:02,00:00:03
stefano.crapanzano@chu.ulg.ac.be,Résidents présents 2021 01.xlsx - Excel,Tâches diverses,2021-02-15,13:18:06,00:01:24
stefano.crapanzano@chu.ulg.ac.be,Enregistrer sous,Tâches diverses,2021-02-15,13:19:31,00:00:20
stefano.crapanzano@chu.ulg.ac.be,Enregistrer sous,IT,2021-02-15,15:49:51,00:00:04
stefano.crapanzano@chu.ulg.ac.be,Enregistrer sous,IT,2021-02-15,15:49:58,00:00:02
stefano.crapanzano@chu.ulg.ac.be,Enregistrer sous,IT,2021-02-15,15:50:16,00:00:04
stefano.crapanzano@chu.ulg.ac.be,Residents presents.csv - Excel,Tâches diverses,2021-02-15,13:19:55,00:00:04
stefano.crapanzano@chu.ulg.ac.be,\\filesrv01.st.chulg\oazis_prod\APPL_PROD\SOURCES\BAT\ERP\CHL_ERP_PSRL_COMPTA_HOME_SENY_PAT_VERS_SAP.bat - Notepad++ [Administrator],IT,2021-02-15,13:20:47,00:00:02
stefano.crapanzano@chu.ulg.ac.be,\\filesrv01.st.chulg\oazis_prod\APPL_PROD\SOURCES\BAT\ERP\CHL_ERP_PSRL_COMPTA_HOME_SENY_PAT_VERS_SAP.bat - Notepad++ [Administrator],IT,2021-02-15,13:22:06,00:00:07
stefano.crapanzano@chu.ulg.ac.be,\\filesrv01.st.chulg\oazis_prod\APPL_PROD\SOURCES\BAT\ERP\CHL_ERP_PSRL_COMPTA_HOME_SENY_PAT_VERS_SAP.bat - Notepad++ [Administrator],IT,2021-02-15,13:24:00,00:00:15
stefano.crapanzano@chu.ulg.ac.be,\\filesrv01.st.chulg\oazis_prod\APPL_PROD\SOURCES\BAT\ERP\CHL_ERP_PSRL_COMPTA_HOME_SENY_PAT_VERS_SAP.bat - Notepad++ [Administrator],IT,2021-02-15,13:24:19,00:00:02
stefano.crapanzano@chu.ulg.ac.be,\\filesrv01.st.chulg\oazis_prod\APPL_PROD\SOURCES\BAT\ERP\CHL_ERP_PSRL_COMPTA_HOME_SENY_PAT_VERS_SAP.bat - Notepad++ [Administrator],IT,2021-02-15,13:25:21,00:00:09
stefano.crapanzano@chu.ulg.ac.be,\\filesrv01.st.chulg\oazis_prod\APPL_PROD\SOURCES\BAT\ERP\CHL_ERP_PSRL_COMPTA_HOME_SENY_PAT_VERS_SAP.bat - Notepad++ [Administrator],IT,2021-02-15,13:25:34,00:00:07
stefano.crapanzano@chu.ulg.ac.be,\\filesrv01.st.chulg\oazis_prod\APPL_PROD\SOURCES\BAT\ERP\CHL_ERP_PSRL_COMPTA_HOME_SENY_PAT_VERS_SAP.bat - Notepad++ [Administrator],IT,2021-02-15,13:26:22,00:00:04
stefano.crapanzano@chu.ulg.ac.be,\\filesrv01.st.chulg\oazis_prod\APPL_PROD\SOURCES\BAT\ERP\CHL_ERP_PSRL_COMPTA_HOME_SENY_PAT_VERS_SAP.bat - Notepad++ [Administrator],IT,2021-02-15,13:26:33,00:00:03
stefano.crapanzano@chu.ulg.ac.be,\\filesrv01.st.chulg\oazis_prod\APPL_PROD\SOURCES\BAT\ERP\CHL_ERP_PSRL_COMPTA_HOME_SENY_PAT_VERS_SAP.bat - Notepad++ [Administrator],IT,2021-02-15,13:26:39,00:00:02
stefano.crapanzano@chu.ulg.ac.be,\\filesrv01.st.chulg\oazis_prod\APPL_PROD\SOURCES\BAT\ERP\CHL_ERP_PSRL_COMPTA_HOME_SENY_PAT_VERS_SAP.bat - Notepad++ [Administrator],IT,2021-02-15,13:26:43,00:00:02
stefano.crapanzano@chu.ulg.ac.be,*\\filesrv01.st.chulg\oazis_prod\APPL_PROD\SOURCES\BAT\ERP\CHL_ERP_PSRL_COMPTA_HOME_SENY_PAT_VERS_SAP.bat - Notepad++ [Administrator],IT,2021-02-15,13:20:49,00:00:19
stefano.crapanzano@chu.ulg.ac.be,*\\filesrv01.st.chulg\oazis_prod\APPL_PROD\SOURCES\BAT\ERP\CHL_ERP_PSRL_COMPTA_HOME_SENY_PAT_VERS_SAP.bat - Notepad++ [Administrator],IT,2021-02-15,13:21:14,00:00:03
stefano.crapanzano@chu.ulg.ac.be,*\\filesrv01.st.chulg\oazis_prod\APPL_PROD\SOURCES\BAT\ERP\CHL_ERP_PSRL_COMPTA_HOME_SENY_PAT_VERS_SAP.bat - Notepad++ [Administrator],IT,2021-02-15,13:21:27,00:00:39
stefano.crapanzano@chu.ulg.ac.be,*\\filesrv01.st.chulg\oazis_prod\APPL_PROD\SOURCES\BAT\ERP\CHL_ERP_PSRL_COMPTA_HOME_SENY_PAT_VERS_SAP.bat - Notepad++ [Administrator],IT,2021-02-15,13:24:16,00:00:03
stefano.crapanzano@chu.ulg.ac.be,*\\filesrv01.st.chulg\oazis_prod\APPL_PROD\SOURCES\BAT\ERP\CHL_ERP_PSRL_COMPTA_HOME_SENY_PAT_VERS_SAP.bat - Notepad++ [Administrator],IT,2021-02-15,13:26:37,00:00:02
stefano.crapanzano@chu.ulg.ac.be,Administrateur : C:\Windows\System32\cmd.exe,IT,2021-02-15,13:22:18,00:00:05
stefano.crapanzano@chu.ulg.ac.be,Administrateur : C:\Windows\System32\cmd.exe,IT,2021-02-15,13:22:26,00:00:09
stefano.crapanzano@chu.ulg.ac.be,Administrateur : C:\Windows\System32\cmd.exe,IT,2021-02-15,13:22:49,00:00:19
stefano.crapanzano@chu.ulg.ac.be,Administrateur : C:\Windows\System32\cmd.exe,IT,2021-02-15,13:23:10,00:00:27
stefano.crapanzano@chu.ulg.ac.be,Administrateur : C:\Windows\System32\cmd.exe,IT,2021-02-15,13:23:54,00:00:03
stefano.crapanzano@chu.ulg.ac.be,Administrateur : C:\Windows\System32\cmd.exe,IT,2021-02-15,13:24:22,00:00:09
stefano.crapanzano@chu.ulg.ac.be,Administrateur : C:\Windows\System32\cmd.exe,IT,2021-02-15,13:25:44,00:00:03
stefano.crapanzano@chu.ulg.ac.be,Administrateur : C:\Windows\System32\cmd.exe,IT,2021-02-15,13:26:46,00:00:03
stefano.crapanzano@chu.ulg.ac.be,Administrateur : C:\Windows\System32\cmd.exe - \\filesrv01.st.chulg\oazis_prod\APPL_PROD\SOURCES\BAT\ERP\CHL_ERP_PSRL_COMPTA_HOME_SENY_MUT_VERS_SAP.bat,IT,2021-02-15,13:23:08,00:00:02
stefano.crapanzano@chu.ulg.ac.be,I:\Informatique\ERP\Exploitation\COMPTA\SENY\Export Seny\2021\01\ExportHP2021 01.txt - Notepad++ [Administrator],IT,2021-02-15,13:23:42,00:00:09
stefano.crapanzano@chu.ulg.ac.be,I:\Informatique\ERP\Exploitation\COMPTA\SENY\Export Seny\2021\01\ExportHP2021 01.txt - Notepad++ [Administrator],IT,2021-02-15,13:23:58,00:00:02
stefano.crapanzano@chu.ulg.ac.be,Administrateur : C:\Windows\System32\cmd.exe - \\filesrv01.st.chulg\oazis_prod\APPL_PROD\SOURCES\BAT\ERP\CHL_ERP_PSRL_COMPTA_HOME_SENY_PAT_VERS_SAP.bat,IT,2021-02-15,13:24:31,00:00:10
stefano.crapanzano@chu.ulg.ac.be,Administrateur : C:\Windows\System32\cmd.exe - \\filesrv01.st.chulg\oazis_prod\APPL_PROD\SOURCES\BAT\ERP\CHL_ERP_PSRL_COMPTA_HOME_SENY_PAT_VERS_SAP.bat,IT,2021-02-15,13:25:48,00:00:05
stefano.crapanzano@chu.ulg.ac.be,Administrateur : C:\Windows\System32\cmd.exe - \\filesrv01.st.chulg\oazis_prod\APPL_PROD\SOURCES\BAT\ERP\CHL_ERP_PSRL_COMPTA_HOME_SENY_PAT_VERS_SAP.bat,IT,2021-02-15,13:26:50,00:00:06
stefano.crapanzano@chu.ulg.ac.be,I:\Informatique\ERP\Exploitation\COMPTA\SENY\envoi PAT 1 seny 012021.txt - Notepad++ [Administrator],IT,2021-02-15,13:24:53,00:00:22
stefano.crapanzano@chu.ulg.ac.be,Total Commander,Tâches diverses,2021-02-15,13:28:22,00:00:02
stefano.crapanzano@chu.ulg.ac.be,Total Commander,Tâches diverses,2021-02-15,13:28:35,00:00:03
stefano.crapanzano@chu.ulg.ac.be,Total Commander (x64) 9.0a - PAS ENREGISTRÉ,Tâches diverses,2021-02-15,13:27:59,00:00:17
stefano.crapanzano@chu.ulg.ac.be,[2] erpmanager - Total Commander (x64) 9.0a - NOT REGISTERED,Tâches diverses,2021-02-15,13:28:24,00:00:10
stefano.crapanzano@chu.ulg.ac.be,[2] erpmanager - Total Commander (x64) 9.0a - NOT REGISTERED,Tâches diverses,2021-02-15,13:28:39,00:00:12
stefano.crapanzano@chu.ulg.ac.be,[2] erpmanager - Total Commander (x64) 9.0a - NOT REGISTERED,Tâches diverses,2021-02-15,13:28:52,00:00:05
stefano.crapanzano@chu.ulg.ac.be,[2] erpmanager - Total Commander (x64) 9.0a - NOT REGISTERED,Tâches diverses,2021-02-15,13:32:26,00:00:08
stefano.crapanzano@chu.ulg.ac.be,[2] erpmanager - Total Commander (x64) 9.0a - NOT REGISTERED,Tâches diverses,2021-02-15,13:32:54,00:00:04
stefano.crapanzano@chu.ulg.ac.be,[2] erpmanager - Total Commander (x64) 9.0a - NOT REGISTERED,Tâches diverses,2021-02-15,13:34:57,00:00:06
stefano.crapanzano@chu.ulg.ac.be,Tous les éléments Outlook - Zimbra - Stefano Crapanzano - Outlook,Helpdesk général,2021-02-15,13:30:55,00:00:52
stefano.crapanzano@chu.ulg.ac.be,TR: Données Seny 2021 01 - Message (HTML),Helpdesk général,2021-02-15,13:32:00,00:00:02
stefano.crapanzano@chu.ulg.ac.be,TR: Données Seny 2021 01 - Message (HTML),Helpdesk général,2021-02-15,13:35:03,00:00:03
stefano.crapanzano@chu.ulg.ac.be,RE: Données Seny 2021 01 - Message (HTML),Helpdesk général,2021-02-15,13:32:03,00:00:21
stefano.crapanzano@chu.ulg.ac.be,RE: Données Seny 2021 01 - Message (HTML),Helpdesk général,2021-02-15,13:32:35,00:00:18
stefano.crapanzano@chu.ulg.ac.be,RE: Données Seny 2021 01 - Message (HTML),Helpdesk général,2021-02-15,13:32:59,00:00:27
stefano.crapanzano@chu.ulg.ac.be,RE: Données Seny 2021 01 - Message (HTML),Helpdesk général,2021-02-15,13:33:29,00:00:07
stefano.crapanzano@chu.ulg.ac.be,RE: Données Seny 2021 01 - Message (HTML),Helpdesk général,2021-02-15,13:33:40,00:00:13
stefano.crapanzano@chu.ulg.ac.be,RE: Données Seny 2021 01 - Message (HTML),Helpdesk général,2021-02-15,13:33:56,00:00:56
stefano.crapanzano@chu.ulg.ac.be,Insérer un lien hypertexte,Helpdesk général,2021-02-15,13:33:53,00:00:02
stefano.crapanzano@chu.ulg.ac.be,Alerte sur le Bureau,Helpdesk général,2021-02-15,13:35:07,00:00:07
stefano.crapanzano@chu.ulg.ac.be,*new 4 - Notepad++ [Administrator],IT,2021-02-15,15:13:21,00:00:39
stefano.crapanzano@chu.ulg.ac.be,*new 4 - Notepad++ [Administrator],IT,2021-02-15,15:49:46,00:00:04
stefano.crapanzano@chu.ulg.ac.be,C:\Users\c158492\Desktop\code.txt - Notepad++ [Administrator],IT,2021-02-15,15:50:21,00:00:07
stefano.crapanzano@chu.ulg.ac.be,Intrastat - Google Chrome,Tâches diverses,2021-02-15,15:58:01,00:00:39
stefano.crapanzano@chu.ulg.ac.be,TR: approbation DA Vovan et Belleflamme: problème suite changement date validité licence - Message (HTML),Helpdesk général,2021-02-15,15:58:55,00:03:19
stefano.crapanzano@chu.ulg.ac.be,Didier BARE - erp.sai@chuliege.be - Outlook,Helpdesk général,2021-02-15,16:02:35,00:00:03
