Email,Description,Project,Start date,Start time,Duration
stefano.crapanzano@chu.ulg.ac.be,Programmation,IT,2021-02-16,17:04:50,00:01:23
stefano.crapanzano@chu.ulg.ac.be,Programmation,IT,2021-02-16,17:07:01,00:02:37
stefano.crapanzano@chu.ulg.ac.be,Programmation,IT,2021-02-16,17:10:22,00:00:03
stefano.crapanzano@chu.ulg.ac.be,Programmation,IT,2021-02-16,17:10:26,00:00:14
stefano.crapanzano@chu.ulg.ac.be,Programmation,IT,2021-02-16,17:11:13,00:00:07
stefano.crapanzano@chu.ulg.ac.be,Programmation,IT,2021-02-16,17:11:50,00:00:46
stefano.crapanzano@chu.ulg.ac.be,Programmation,IT,2021-02-16,17:13:04,00:00:13
stefano.crapanzano@chu.ulg.ac.be,Programmation,IT,2021-02-16,17:13:18,00:00:06
stefano.crapanzano@chu.ulg.ac.be,Programmation,IT,2021-02-16,17:13:51,00:00:36
stefano.crapanzano@chu.ulg.ac.be,Programmation,IT,2021-02-16,17:15:06,00:00:15
stefano.crapanzano@chu.ulg.ac.be,Programmation,IT,2021-02-16,17:15:24,00:00:04
stefano.crapanzano@chu.ulg.ac.be,Programmation,IT,2021-02-16,17:15:31,00:00:15
stefano.crapanzano@chu.ulg.ac.be,Programmation,IT,2021-02-16,17:16:01,00:01:32
stefano.crapanzano@chu.ulg.ac.be,Programmation,IT,2021-02-16,17:17:44,00:00:25
stefano.crapanzano@chu.ulg.ac.be,Navigation système de fichier,IT,2021-02-16,17:06:24,00:00:04
stefano.crapanzano@chu.ulg.ac.be,Navigation système de fichier,IT,2021-02-16,17:06:40,00:00:02
stefano.crapanzano@chu.ulg.ac.be,Navigation système de fichier,IT,2021-02-16,17:06:48,00:00:02
stefano.crapanzano@chu.ulg.ac.be,Navigation système de fichier,IT,2021-02-16,17:06:56,00:00:02
stefano.crapanzano@chu.ulg.ac.be,Navigation système de fichier,IT,2021-02-16,17:06:59,00:00:02
stefano.crapanzano@chu.ulg.ac.be,Navigation système de fichier,IT,2021-02-16,17:10:41,00:00:02
stefano.crapanzano@chu.ulg.ac.be,Navigation système de fichier,IT,2021-02-16,17:17:33,00:00:03
stefano.crapanzano@chu.ulg.ac.be,Lecture documentation,Tâches diverses,2021-02-16,17:06:15,00:00:08
stefano.crapanzano@chu.ulg.ac.be,Lecture documentation,Tâches diverses,2021-02-16,17:06:42,00:00:05
stefano.crapanzano@chu.ulg.ac.be,Lecture documentation,Tâches diverses,2021-02-16,17:06:50,00:00:05
stefano.crapanzano@chu.ulg.ac.be,Lecture documentation,Tâches diverses,2021-02-16,17:09:38,00:00:42
stefano.crapanzano@chu.ulg.ac.be,Lecture documentation,Tâches diverses,2021-02-16,17:10:43,00:00:28
stefano.crapanzano@chu.ulg.ac.be,Lecture documentation,Tâches diverses,2021-02-16,17:11:21,00:00:28
stefano.crapanzano@chu.ulg.ac.be,Lecture documentation,Tâches diverses,2021-02-16,17:12:37,00:00:26
stefano.crapanzano@chu.ulg.ac.be,Lecture documentation,Tâches diverses,2021-02-16,17:13:26,00:00:25
stefano.crapanzano@chu.ulg.ac.be,Lecture documentation,Tâches diverses,2021-02-16,17:14:28,00:00:37
stefano.crapanzano@chu.ulg.ac.be,Lecture documentation,Tâches diverses,2021-02-16,17:15:21,00:00:03
stefano.crapanzano@chu.ulg.ac.be,Lecture documentation,Tâches diverses,2021-02-16,17:15:29,00:00:02
stefano.crapanzano@chu.ulg.ac.be,Lecture documentation,Tâches diverses,2021-02-16,17:15:46,00:00:13
stefano.crapanzano@chu.ulg.ac.be,Lecture documentation,Tâches diverses,2021-02-16,17:17:37,00:00:07
stefano.crapanzano@chu.ulg.ac.be,2630301 - WDA: Empty popup window | SAP Knowledge Base Article - Google Chrome,Tâches diverses,2021-02-16,17:06:33,00:00:02
stefano.crapanzano@chu.ulg.ac.be,Administrateur : Perl (command line) - python  main.py,IT,2021-02-16,08:31:05,00:00:09
stefano.crapanzano@chu.ulg.ac.be,Boîte de réception - erp.sai@chuliege.be - Outlook,Helpdesk général,2021-02-16,08:31:15,00:00:09
stefano.crapanzano@chu.ulg.ac.be,Boîte de réception - erp.sai@chuliege.be - Outlook,Helpdesk général,2021-02-16,08:46:53,00:00:42
stefano.crapanzano@chu.ulg.ac.be,Boîte de réception - erp.sai@chuliege.be - Outlook,Helpdesk général,2021-02-16,08:48:09,00:00:07
stefano.crapanzano@chu.ulg.ac.be,Boîte de réception - erp.sai@chuliege.be - Outlook,Helpdesk général,2021-02-16,10:02:59,00:37:32
stefano.crapanzano@chu.ulg.ac.be,Boîte de réception - erp.sai@chuliege.be - Outlook,Helpdesk général,2021-02-16,10:41:36,00:00:06
stefano.crapanzano@chu.ulg.ac.be,Boîte de réception - erp.sai@chuliege.be - Outlook,Helpdesk général,2021-02-16,11:40:15,00:06:57
stefano.crapanzano@chu.ulg.ac.be,Boîte de réception - erp.sai@chuliege.be - Outlook,Helpdesk général,2021-02-16,12:07:00,00:00:03
stefano.crapanzano@chu.ulg.ac.be,Boîte de réception - erp.sai@chuliege.be - Outlook,Helpdesk général,2021-02-16,12:07:05,00:00:24
stefano.crapanzano@chu.ulg.ac.be,Boîte de réception - erp.sai@chuliege.be - Outlook,Helpdesk général,2021-02-16,12:28:57,00:00:03
stefano.crapanzano@chu.ulg.ac.be,Boîte de réception - erp.sai@chuliege.be - Outlook,Helpdesk général,2021-02-16,12:47:25,00:00:04
stefano.crapanzano@chu.ulg.ac.be,Boîte de réception - erp.sai@chuliege.be - Outlook,Helpdesk général,2021-02-16,12:48:40,00:00:02
stefano.crapanzano@chu.ulg.ac.be,Boîte de réception - erp.sai@chuliege.be - Outlook,Helpdesk général,2021-02-16,12:48:44,00:00:04
stefano.crapanzano@chu.ulg.ac.be,Boîte de réception - erp.sai@chuliege.be - Outlook,Helpdesk général,2021-02-16,12:49:37,00:00:02
stefano.crapanzano@chu.ulg.ac.be,Boîte de réception - erp.sai@chuliege.be - Outlook,Helpdesk général,2021-02-16,12:50:06,00:00:04
stefano.crapanzano@chu.ulg.ac.be,Boîte de réception - erp.sai@chuliege.be - Outlook,Helpdesk général,2021-02-16,12:50:14,00:00:03
stefano.crapanzano@chu.ulg.ac.be,Boîte de réception - erp.sai@chuliege.be - Outlook,Helpdesk général,2021-02-16,12:50:22,00:00:10
stefano.crapanzano@chu.ulg.ac.be,Boîte de réception - erp.sai@chuliege.be - Outlook,Helpdesk général,2021-02-16,12:53:30,00:00:07
stefano.crapanzano@chu.ulg.ac.be,Boîte de réception - erp.sai@chuliege.be - Outlook,Helpdesk général,2021-02-16,12:57:53,00:00:14
stefano.crapanzano@chu.ulg.ac.be,Boîte de réception - erp.sai@chuliege.be - Outlook,Helpdesk général,2021-02-16,12:59:19,00:00:03
stefano.crapanzano@chu.ulg.ac.be,Boîte de réception - erp.sai@chuliege.be - Outlook,Helpdesk général,2021-02-16,12:59:30,00:01:49
stefano.crapanzano@chu.ulg.ac.be,Boîte de réception - erp.sai@chuliege.be - Outlook,Helpdesk général,2021-02-16,13:50:36,00:00:03
stefano.crapanzano@chu.ulg.ac.be,Boîte de réception - erp.sai@chuliege.be - Outlook,Helpdesk général,2021-02-16,13:50:48,00:00:38
stefano.crapanzano@chu.ulg.ac.be,Boîte de réception - erp.sai@chuliege.be - Outlook,Helpdesk général,2021-02-16,13:53:03,00:00:09
stefano.crapanzano@chu.ulg.ac.be,Boîte de réception - erp.sai@chuliege.be - Outlook,Helpdesk général,2021-02-16,13:53:27,00:00:48
stefano.crapanzano@chu.ulg.ac.be,Boîte de Réception - Zimbra - Stefano Crapanzano - Outlook,Helpdesk général,2021-02-16,08:31:25,00:01:41
stefano.crapanzano@chu.ulg.ac.be,Boîte de Réception - Zimbra - Stefano Crapanzano - Outlook,Helpdesk général,2021-02-16,08:41:52,00:00:03
stefano.crapanzano@chu.ulg.ac.be,Boîte de Réception - Zimbra - Stefano Crapanzano - Outlook,Helpdesk général,2021-02-16,08:46:50,00:00:03
stefano.crapanzano@chu.ulg.ac.be,Boîte de Réception - Zimbra - Stefano Crapanzano - Outlook,Helpdesk général,2021-02-16,12:29:00,00:05:37
stefano.crapanzano@chu.ulg.ac.be,Boîte de Réception - Zimbra - Stefano Crapanzano - Outlook,Helpdesk général,2021-02-16,12:40:26,00:00:07
stefano.crapanzano@chu.ulg.ac.be,Boîte de Réception - Zimbra - Stefano Crapanzano - Outlook,Helpdesk général,2021-02-16,12:48:42,00:00:02
stefano.crapanzano@chu.ulg.ac.be,Boîte de Réception - Zimbra - Stefano Crapanzano - Outlook,Helpdesk général,2021-02-16,12:50:11,00:00:03
stefano.crapanzano@chu.ulg.ac.be,Boîte de Réception - Zimbra - Stefano Crapanzano - Outlook,Helpdesk général,2021-02-16,12:59:23,00:00:07
stefano.crapanzano@chu.ulg.ac.be,Boîte de Réception - Zimbra - Stefano Crapanzano - Outlook,Helpdesk général,2021-02-16,13:50:40,00:00:08
stefano.crapanzano@chu.ulg.ac.be,Intrastat - Google Chrome,Tâches diverses,2021-02-16,08:33:06,00:00:02
stefano.crapanzano@chu.ulg.ac.be,Nouvel onglet - Google Chrome,Tâches diverses,2021-02-16,08:33:09,00:00:07
stefano.crapanzano@chu.ulg.ac.be,Nouvel onglet - Google Chrome,Tâches diverses,2021-02-16,08:37:22,00:00:03
stefano.crapanzano@chu.ulg.ac.be,Nouvel onglet - Google Chrome,Tâches diverses,2021-02-16,08:50:49,00:00:02
stefano.crapanzano@chu.ulg.ac.be,Nouvel onglet - Google Chrome,Tâches diverses,2021-02-16,09:27:09,00:00:02
stefano.crapanzano@chu.ulg.ac.be,Nouvel onglet - Google Chrome,Tâches diverses,2021-02-16,09:32:19,00:00:02
stefano.crapanzano@chu.ulg.ac.be,Nouvel onglet - Google Chrome,Tâches diverses,2021-02-16,09:33:11,00:00:02
stefano.crapanzano@chu.ulg.ac.be,Nouvel onglet - Google Chrome,Tâches diverses,2021-02-16,13:24:34,00:00:03
stefano.crapanzano@chu.ulg.ac.be,Nouvel onglet - Google Chrome,Tâches diverses,2021-02-16,15:55:45,00:00:03
stefano.crapanzano@chu.ulg.ac.be,Nouvel onglet - Google Chrome,Tâches diverses,2021-02-16,16:01:40,00:00:08
stefano.crapanzano@chu.ulg.ac.be,Nouvel onglet - Google Chrome,Tâches diverses,2021-02-16,16:03:53,00:00:12
stefano.crapanzano@chu.ulg.ac.be,popup empty ssp sap - Recherche Google - Google Chrome,Tâches diverses,2021-02-16,08:33:16,00:00:03
stefano.crapanzano@chu.ulg.ac.be,popup empty ssp sap - Recherche Google - Google Chrome,Tâches diverses,2021-02-16,08:33:51,00:00:05
stefano.crapanzano@chu.ulg.ac.be,popup empty ssp sap - Recherche Google - Google Chrome,Tâches diverses,2021-02-16,08:34:15,00:00:23
stefano.crapanzano@chu.ulg.ac.be,popup empty ssp sap - Recherche Google - Google Chrome,Tâches diverses,2021-02-16,08:35:13,00:00:20
stefano.crapanzano@chu.ulg.ac.be,popup empty ssp sap - Recherche Google - Google Chrome,Tâches diverses,2021-02-16,08:35:42,00:00:47
stefano.crapanzano@chu.ulg.ac.be,popup empty ssp sap - Recherche Google - Google Chrome,Tâches diverses,2021-02-16,08:38:55,00:00:06
stefano.crapanzano@chu.ulg.ac.be,popup empty ssp sap - Recherche Google - Google Chrome,Tâches diverses,2021-02-16,12:44:15,00:00:09
stefano.crapanzano@chu.ulg.ac.be,popup empty ssp sap - Recherche Google - Google Chrome,Tâches diverses,2021-02-16,12:44:43,00:00:13
stefano.crapanzano@chu.ulg.ac.be,popup empty ssp sap - Recherche Google - Google Chrome,Tâches diverses,2021-02-16,12:45:01,00:00:03
stefano.crapanzano@chu.ulg.ac.be,2630301 - WDA: Empty popup window | SAP Knowledge Base Article - Google Chrome,Tâches diverses,2021-02-16,08:33:20,00:00:21
stefano.crapanzano@chu.ulg.ac.be,2630301 - WDA: Empty popup window | SAP Knowledge Base Article - Google Chrome,Tâches diverses,2021-02-16,08:33:46,00:00:04
stefano.crapanzano@chu.ulg.ac.be,2630301 - WDA: Empty popup window | SAP Knowledge Base Article - Google Chrome,Tâches diverses,2021-02-16,08:34:39,00:00:22
stefano.crapanzano@chu.ulg.ac.be,2630301 - WDA: Empty popup window | SAP Knowledge Base Article - Google Chrome,Tâches diverses,2021-02-16,08:35:04,00:00:06
stefano.crapanzano@chu.ulg.ac.be,2630301 - WDA: Empty popup window | SAP Knowledge Base Article - Google Chrome,Tâches diverses,2021-02-16,08:36:29,00:00:30
stefano.crapanzano@chu.ulg.ac.be,2630301 - WDA: Empty popup window | SAP Knowledge Base Article - Google Chrome,Tâches diverses,2021-02-16,08:40:10,00:00:02
stefano.crapanzano@chu.ulg.ac.be,2630301 - WDA: Empty popup window | SAP Knowledge Base Article - Google Chrome,Tâches diverses,2021-02-16,08:40:30,00:00:06
stefano.crapanzano@chu.ulg.ac.be,2630301 - WDA: Empty popup window | SAP Knowledge Base Article - Google Chrome,Tâches diverses,2021-02-16,08:41:23,00:00:02
stefano.crapanzano@chu.ulg.ac.be,2630301 - WDA: Empty popup window | SAP Knowledge Base Article - Google Chrome,Tâches diverses,2021-02-16,08:41:44,00:00:02
stefano.crapanzano@chu.ulg.ac.be,2630301 - WDA: Empty popup window | SAP Knowledge Base Article - Google Chrome,Tâches diverses,2021-02-16,08:41:48,00:00:03
stefano.crapanzano@chu.ulg.ac.be,2630301 - WDA: Empty popup window | SAP Knowledge Base Article - Google Chrome,Tâches diverses,2021-02-16,08:42:07,00:00:03
stefano.crapanzano@chu.ulg.ac.be,2630301 - WDA: Empty popup window | SAP Knowledge Base Article - Google Chrome,Helpdesk général,2021-02-16,08:46:36,00:00:10
stefano.crapanzano@chu.ulg.ac.be,2630301 - WDA: Empty popup window | SAP Knowledge Base Article - Google Chrome,Tâches diverses,2021-02-16,08:47:36,00:00:15
stefano.crapanzano@chu.ulg.ac.be,2630301 - WDA: Empty popup window | SAP Knowledge Base Article - Google Chrome,Tâches diverses,2021-02-16,08:47:57,00:00:12
stefano.crapanzano@chu.ulg.ac.be,2630301 - WDA: Empty popup window | SAP Knowledge Base Article - Google Chrome,Tâches diverses,2021-02-16,08:50:41,00:00:08
stefano.crapanzano@chu.ulg.ac.be,2630301 - WDA: Empty popup window | SAP Knowledge Base Article - Google Chrome,Tâches diverses,2021-02-16,09:35:24,00:03:59
stefano.crapanzano@chu.ulg.ac.be,2630301 - WDA: Empty popup window | SAP Knowledge Base Article - Google Chrome,Tâches diverses,2021-02-16,12:46:48,00:00:03
stefano.crapanzano@chu.ulg.ac.be,Sans titre - Google Chrome,Tâches diverses,2021-02-16,08:33:41,00:00:02
stefano.crapanzano@chu.ulg.ac.be,SAP Support Launchpad: Ouvrir une session - Google Chrome,Tâches diverses,2021-02-16,08:33:44,00:00:02
stefano.crapanzano@chu.ulg.ac.be,SAP Support Launchpad: Ouvrir une session - Google Chrome,Tâches diverses,2021-02-16,08:35:01,00:00:02
stefano.crapanzano@chu.ulg.ac.be,SAP Support Launchpad: Ouvrir une session - Google Chrome,Tâches diverses,2021-02-16,08:36:59,00:00:15
stefano.crapanzano@chu.ulg.ac.be,2618069 - Webgui shows empty  SAP Popup Window  | SAP Knowledge Base Article - Google Chrome,Tâches diverses,2021-02-16,08:33:56,00:00:15
stefano.crapanzano@chu.ulg.ac.be,Knowledge Base - Google Chrome,Tâches diverses,2021-02-16,08:35:10,00:00:02
stefano.crapanzano@chu.ulg.ac.be,IE Pop Up Windows Are Blank Or Not Loading : SAP - Google Chrome,Tâches diverses,2021-02-16,08:35:34,00:00:07
stefano.crapanzano@chu.ulg.ac.be,https://accounts.sap.com/saml2/idp/sso?SAMLRequest=fZHLasMwFER%2FxWhvW3bIS8QGk1AwpME0oYvuZOmGCGTJ1ZX6%2BPvKDpR20W60GO7MnEE75IMeWRP8zTzBawD0SXuoyHlLi56CLFMQ8SlA9ulWbJbpYi1l0fdLoLAhyTM4VNZUpMwoSVrEAK1Bz42PEi2LlEbv6kLXbLFiy80LSQ6xQRnuZ9fN%2BxFZnnMhbDAeM%2BRjJuyQT1RlruSYI1qSPFgnYGasyJVrhKmr44jqDb6Vj0EbZPOeigRnmOWokBk%2BADIv2Ll5PLLIyUZnvRVWk3o3XbMZ2%2F3w%2F2%2BPteAmflI3XXfeH08XSstd%2FiPrHjyyUzS3h85qJT6nEQP3f2cXWTErSqbX%2BZQFgyMIdVUgSdJobd%2F3DriPk70LQPL6Xvr7%2B%2Bov&RelayState=ouczqrbqedsoecdsoredbozcyvotxddrbb,Tâches diverses,2021-02-16,08:37:14,00:00:07
stefano.crapanzano@chu.ulg.ac.be,https://accounts.sap.com/saml2/idp/sso?SAMLRequest=fZHLasMwFER%2FxWhvW3bIS8QGk1AwpME0oYvuZOmGCGTJ1ZX6%2BPvKDpR20W60GO7MnEE75IMeWRP8zTzBawD0SXuoyHlLi56CLFMQ8SlA9ulWbJbpYi1l0fdLoLAhyTM4VNZUpMwoSVrEAK1Bz42PEi2LlEbv6kLXbLFiy80LSQ6xQRnuZ9fN%2BxFZnnMhbDAeM%2BRjJuyQT1RlruSYI1qSPFgnYGasyJVrhKmr44jqDb6Vj0EbZPOeigRnmOWokBk%2BADIv2Ll5PLLIyUZnvRVWk3o3XbMZ2%2F3w%2F2%2BPteAmflI3XXfeH08XSstd%2FiPrHjyyUzS3h85qJT6nEQP3f2cXWTErSqbX%2BZQFgyMIdVUgSdJobd%2F3DriPk70LQPL6Xvr7%2B%2Bov&RelayState=ouczqrbqedsoecdsoredbozcyvotxddrbb,Tâches diverses,2021-02-16,08:39:34,00:00:03
stefano.crapanzano@chu.ulg.ac.be,https://accounts.sap.com/saml2/idp/sso?SAMLRequest=fZHLasMwFER%2FxWhvW3bIS8QGk1AwpME0oYvuZOmGCGTJ1ZX6%2BPvKDpR20W60GO7MnEE75IMeWRP8zTzBawD0SXuoyHlLi56CLFMQ8SlA9ulWbJbpYi1l0fdLoLAhyTM4VNZUpMwoSVrEAK1Bz42PEi2LlEbv6kLXbLFiy80LSQ6xQRnuZ9fN%2BxFZnnMhbDAeM%2BRjJuyQT1RlruSYI1qSPFgnYGasyJVrhKmr44jqDb6Vj0EbZPOeigRnmOWokBk%2BADIv2Ll5PLLIyUZnvRVWk3o3XbMZ2%2F3w%2F2%2BPteAmflI3XXfeH08XSstd%2FiPrHjyyUzS3h85qJT6nEQP3f2cXWTErSqbX%2BZQFgyMIdVUgSdJobd%2F3DriPk70LQPL6Xvr7%2B%2Bov&RelayState=ouczqrbqedsoecdsoredbozcyvotxddrbb,Tâches diverses,2021-02-16,08:40:04,00:00:04
stefano.crapanzano@chu.ulg.ac.be,Gmail - Google Chrome,Tâches diverses,2021-02-16,08:37:25,00:00:06
stefano.crapanzano@chu.ulg.ac.be,Boîte de réception (57 164) - s.crapanzano@gmail.com - Gmail - Google Chrome,Tâches diverses,2021-02-16,08:37:32,00:00:03
stefano.crapanzano@chu.ulg.ac.be,SAP ID Service: How to reset your SAP password - s.crapanzano@gmail.com - Gmail - Google Chrome,Tâches diverses,2021-02-16,08:37:36,00:00:02
stefano.crapanzano@chu.ulg.ac.be,SAP ID Service: How to reset your SAP password - s.crapanzano@gmail.com - Gmail - Google Chrome,Tâches diverses,2021-02-16,08:38:51,00:00:02
stefano.crapanzano@chu.ulg.ac.be,SAP ID Service: How to reset your SAP password - s.crapanzano@gmail.com - Gmail - Google Chrome,Tâches diverses,2021-02-16,08:39:38,00:00:04
stefano.crapanzano@chu.ulg.ac.be,Réinitialisez votre mot de passe - Google Chrome,Tâches diverses,2021-02-16,08:37:38,00:00:15
stefano.crapanzano@chu.ulg.ac.be,Réinitialisez votre mot de passe - Google Chrome,Tâches diverses,2021-02-16,08:38:26,00:00:07
stefano.crapanzano@chu.ulg.ac.be,Navigation système de fichier,IT,2021-02-16,08:37:53,00:00:03
stefano.crapanzano@chu.ulg.ac.be,Navigation système de fichier,IT,2021-02-16,08:47:52,00:00:02
stefano.crapanzano@chu.ulg.ac.be,Navigation système de fichier,IT,2021-02-16,09:01:22,00:00:02
stefano.crapanzano@chu.ulg.ac.be,Navigation système de fichier,IT,2021-02-16,09:06:11,00:00:03
stefano.crapanzano@chu.ulg.ac.be,Navigation système de fichier,IT,2021-02-16,09:06:18,00:00:03
stefano.crapanzano@chu.ulg.ac.be,Navigation système de fichier,IT,2021-02-16,09:26:55,00:00:02
stefano.crapanzano@chu.ulg.ac.be,Navigation système de fichier,IT,2021-02-16,09:32:16,00:00:03
stefano.crapanzano@chu.ulg.ac.be,Navigation système de fichier,IT,2021-02-16,09:32:46,00:00:02
stefano.crapanzano@chu.ulg.ac.be,Navigation système de fichier,IT,2021-02-16,09:33:09,00:00:02
stefano.crapanzano@chu.ulg.ac.be,Navigation système de fichier,IT,2021-02-16,09:33:50,00:00:02
stefano.crapanzano@chu.ulg.ac.be,Navigation système de fichier,IT,2021-02-16,09:39:23,00:00:25
stefano.crapanzano@chu.ulg.ac.be,Navigation système de fichier,IT,2021-02-16,09:39:56,00:00:04
stefano.crapanzano@chu.ulg.ac.be,Navigation système de fichier,IT,2021-02-16,09:40:41,00:00:03
stefano.crapanzano@chu.ulg.ac.be,Navigation système de fichier,IT,2021-02-16,10:02:46,00:00:11
stefano.crapanzano@chu.ulg.ac.be,Navigation système de fichier,IT,2021-02-16,11:36:51,00:00:03
stefano.crapanzano@chu.ulg.ac.be,Navigation système de fichier,IT,2021-02-16,12:48:49,00:00:47
stefano.crapanzano@chu.ulg.ac.be,Navigation système de fichier,IT,2021-02-16,13:04:43,00:00:02
stefano.crapanzano@chu.ulg.ac.be,Navigation système de fichier,IT,2021-02-16,13:12:08,00:00:03
stefano.crapanzano@chu.ulg.ac.be,Navigation système de fichier,IT,2021-02-16,13:36:53,00:00:06
stefano.crapanzano@chu.ulg.ac.be,Navigation système de fichier,IT,2021-02-16,13:42:07,00:00:02
stefano.crapanzano@chu.ulg.ac.be,Navigation système de fichier,IT,2021-02-16,13:42:12,00:00:02
stefano.crapanzano@chu.ulg.ac.be,Navigation système de fichier,IT,2021-02-16,13:43:25,00:00:02
stefano.crapanzano@chu.ulg.ac.be,Navigation système de fichier,IT,2021-02-16,13:46:04,00:00:02
stefano.crapanzano@chu.ulg.ac.be,Navigation système de fichier,IT,2021-02-16,13:54:45,00:00:03
stefano.crapanzano@chu.ulg.ac.be,Navigation système de fichier,IT,2021-02-16,13:57:04,00:00:02
stefano.crapanzano@chu.ulg.ac.be,Navigation système de fichier,IT,2021-02-16,13:57:33,00:00:03
stefano.crapanzano@chu.ulg.ac.be,Navigation système de fichier,IT,2021-02-16,14:15:45,00:00:02
stefano.crapanzano@chu.ulg.ac.be,Navigation système de fichier,IT,2021-02-16,14:19:04,00:00:02
stefano.crapanzano@chu.ulg.ac.be,Navigation système de fichier,IT,2021-02-16,14:20:23,00:00:03
stefano.crapanzano@chu.ulg.ac.be,Navigation système de fichier,IT,2021-02-16,14:20:42,00:00:03
stefano.crapanzano@chu.ulg.ac.be,Navigation système de fichier,IT,2021-02-16,14:25:39,00:00:02
stefano.crapanzano@chu.ulg.ac.be,Navigation système de fichier,IT,2021-02-16,15:03:07,00:00:02
stefano.crapanzano@chu.ulg.ac.be,Navigation système de fichier,IT,2021-02-16,15:16:46,00:00:02
stefano.crapanzano@chu.ulg.ac.be,Navigation système de fichier,IT,2021-02-16,16:13:01,00:00:02
stefano.crapanzano@chu.ulg.ac.be,Navigation système de fichier,IT,2021-02-16,16:22:08,00:00:02
stefano.crapanzano@chu.ulg.ac.be,Navigation système de fichier,IT,2021-02-16,16:22:12,00:00:17
stefano.crapanzano@chu.ulg.ac.be,Navigation système de fichier,IT,2021-02-16,16:27:33,00:00:06
stefano.crapanzano@chu.ulg.ac.be,Navigation système de fichier,IT,2021-02-16,16:27:41,00:00:20
stefano.crapanzano@chu.ulg.ac.be,Navigation système de fichier,IT,2021-02-16,16:29:33,00:00:02
stefano.crapanzano@chu.ulg.ac.be,Navigation système de fichier,IT,2021-02-16,16:33:16,00:00:02
stefano.crapanzano@chu.ulg.ac.be,Navigation système de fichier,IT,2021-02-16,16:33:20,00:00:02
stefano.crapanzano@chu.ulg.ac.be,Navigation système de fichier,IT,2021-02-16,16:33:25,00:00:33
stefano.crapanzano@chu.ulg.ac.be,Navigation système de fichier,IT,2021-02-16,16:34:11,00:00:04
stefano.crapanzano@chu.ulg.ac.be,Navigation système de fichier,IT,2021-02-16,16:34:27,00:00:16
stefano.crapanzano@chu.ulg.ac.be,Navigation système de fichier,IT,2021-02-16,16:35:54,00:00:13
stefano.crapanzano@chu.ulg.ac.be,Navigation système de fichier,IT,2021-02-16,16:38:07,00:00:13
stefano.crapanzano@chu.ulg.ac.be,Navigation système de fichier,IT,2021-02-16,16:42:23,00:00:02
stefano.crapanzano@chu.ulg.ac.be,Navigation système de fichier,IT,2021-02-16,16:42:41,00:00:20
stefano.crapanzano@chu.ulg.ac.be,Navigation système de fichier,IT,2021-02-16,16:48:19,00:00:22
stefano.crapanzano@chu.ulg.ac.be,Navigation système de fichier,IT,2021-02-16,16:48:45,00:00:06
stefano.crapanzano@chu.ulg.ac.be,Navigation système de fichier,IT,2021-02-16,16:48:53,00:00:05
stefano.crapanzano@chu.ulg.ac.be,Navigation système de fichier,IT,2021-02-16,16:51:27,00:00:03
stefano.crapanzano@chu.ulg.ac.be,Navigation système de fichier,IT,2021-02-16,17:04:43,00:00:03
stefano.crapanzano@chu.ulg.ac.be,Gestion du profil - Google Chrome,Tâches diverses,2021-02-16,08:38:33,00:00:18
stefano.crapanzano@chu.ulg.ac.be,Gestion du profil - Google Chrome,Tâches diverses,2021-02-16,08:39:52,00:00:09
stefano.crapanzano@chu.ulg.ac.be,Gestion du profil - Google Chrome,Tâches diverses,2021-02-16,08:40:36,00:00:22
stefano.crapanzano@chu.ulg.ac.be,Gestion du profil - Google Chrome,Tâches diverses,2021-02-16,08:41:11,00:00:08
stefano.crapanzano@chu.ulg.ac.be,Gestion du profil - Google Chrome,Tâches diverses,2021-02-16,09:35:18,00:00:04
stefano.crapanzano@chu.ulg.ac.be,Gestion du profil - Google Chrome,Tâches diverses,2021-02-16,12:46:52,00:00:02
stefano.crapanzano@chu.ulg.ac.be,https://apps.support.sap.com/sap/support/knowledge/mimes/call.htm?number=2630301 - Google Chrome,Tâches diverses,2021-02-16,08:39:03,00:00:16
stefano.crapanzano@chu.ulg.ac.be,https://apps.support.sap.com/sap/support/knowledge/mimes/call.htm?number=2630301 - Google Chrome,Tâches diverses,2021-02-16,08:39:23,00:00:08
stefano.crapanzano@chu.ulg.ac.be,https://apps.support.sap.com/sap/support/knowledge/mimes/call.htm?number=2630301 - Google Chrome,Tâches diverses,2021-02-16,08:40:13,00:00:03
stefano.crapanzano@chu.ulg.ac.be,https://apps.support.sap.com/sap/support/knowledge/mimes/call.htm?number=2630301 - Google Chrome,Tâches diverses,2021-02-16,08:40:22,00:00:07
stefano.crapanzano@chu.ulg.ac.be,https://apps.support.sap.com/sap/support/knowledge/mimes/call.htm?number=2630301 - Google Chrome,Tâches diverses,2021-02-16,08:41:25,00:00:10
stefano.crapanzano@chu.ulg.ac.be,Logon Error Message - Google Chrome,Tâches diverses,2021-02-16,08:39:32,00:00:02
stefano.crapanzano@chu.ulg.ac.be,Logon Error Message - Google Chrome,Tâches diverses,2021-02-16,08:40:01,00:00:02
stefano.crapanzano@chu.ulg.ac.be,Logon Error Message - Google Chrome,Tâches diverses,2021-02-16,08:41:19,00:00:02
stefano.crapanzano@chu.ulg.ac.be,Logon Error Message - Google Chrome,Tâches diverses,2021-02-16,08:41:36,00:00:08
stefano.crapanzano@chu.ulg.ac.be,Boîte de réception (57 163) - s.crapanzano@gmail.com - Gmail - Google Chrome,Tâches diverses,2021-02-16,08:39:42,00:00:08
stefano.crapanzano@chu.ulg.ac.be,Tous les messages - s.crapanzano@gmail.com - Gmail - Google Chrome,Tâches diverses,2021-02-16,12:50:38,00:00:04
stefano.crapanzano@chu.ulg.ac.be,SAP ID Service: Ouvrir une session - Google Chrome,Tâches diverses,2021-02-16,08:40:59,00:00:12
stefano.crapanzano@chu.ulg.ac.be,RE: Confcall ZORGI - CHU - CHR 10/02/21 - Message (HTML),Helpdesk général,2021-02-16,08:41:55,00:00:10
stefano.crapanzano@chu.ulg.ac.be,RE: Confcall ZORGI - CHU - CHR 10/02/21 - Message (HTML),Helpdesk général,2021-02-16,08:42:19,00:00:36
stefano.crapanzano@chu.ulg.ac.be,RE: Confcall ZORGI - CHU - CHR 10/02/21 - Message (HTML),Helpdesk général,2021-02-16,08:42:57,00:02:01
stefano.crapanzano@chu.ulg.ac.be,RE: Confcall ZORGI - CHU - CHR 10/02/21 - Message (HTML),Helpdesk général,2021-02-16,08:45:00,00:01:32
stefano.crapanzano@chu.ulg.ac.be,RE: Confcall ZORGI - CHU - CHR 10/02/21 - Message (HTML),Helpdesk général,2021-02-16,10:41:48,00:00:39
stefano.crapanzano@chu.ulg.ac.be,Greenshot capture form,Helpdesk général,2021-02-16,08:42:11,00:00:06
stefano.crapanzano@chu.ulg.ac.be,Greenshot capture form,Helpdesk général,2021-02-16,10:41:20,00:00:09
stefano.crapanzano@chu.ulg.ac.be,Orthographe : Français (Belgique),Helpdesk général,2021-02-16,08:46:33,00:00:02
stefano.crapanzano@chu.ulg.ac.be,Sent - erp.sai@chuliege.be - Outlook,Helpdesk général,2021-02-16,08:48:16,00:00:07
stefano.crapanzano@chu.ulg.ac.be,Sent - erp.sai@chuliege.be - Outlook,Helpdesk général,2021-02-16,10:41:42,00:00:06
stefano.crapanzano@chu.ulg.ac.be,Sent - erp.sai@chuliege.be - Outlook,Helpdesk général,2021-02-16,10:42:32,00:09:52
stefano.crapanzano@chu.ulg.ac.be,Sent - erp.sai@chuliege.be - Outlook,Helpdesk général,2021-02-16,10:52:28,00:00:43
stefano.crapanzano@chu.ulg.ac.be,Sent - erp.sai@chuliege.be - Outlook,Helpdesk général,2021-02-16,11:36:17,00:00:34
stefano.crapanzano@chu.ulg.ac.be,Sent - erp.sai@chuliege.be - Outlook,Helpdesk général,2021-02-16,11:40:13,00:00:02
stefano.crapanzano@chu.ulg.ac.be,Sent - erp.sai@chuliege.be - Outlook,Helpdesk général,2021-02-16,12:07:29,00:21:28
stefano.crapanzano@chu.ulg.ac.be,Sent - erp.sai@chuliege.be - Outlook,Helpdesk général,2021-02-16,12:34:38,00:05:48
stefano.crapanzano@chu.ulg.ac.be,Sent - erp.sai@chuliege.be - Outlook,Helpdesk général,2021-02-16,12:40:34,00:02:31
stefano.crapanzano@chu.ulg.ac.be,Sent - erp.sai@chuliege.be - Outlook,Helpdesk général,2021-02-16,12:44:57,00:00:03
stefano.crapanzano@chu.ulg.ac.be,Sent - erp.sai@chuliege.be - Outlook,Helpdesk général,2021-02-16,12:47:10,00:00:15
stefano.crapanzano@chu.ulg.ac.be,Sent - erp.sai@chuliege.be - Outlook,Helpdesk général,2021-02-16,12:47:30,00:00:31
stefano.crapanzano@chu.ulg.ac.be,Sent - erp.sai@chuliege.be - Outlook,Helpdesk général,2021-02-16,12:48:34,00:00:06
stefano.crapanzano@chu.ulg.ac.be,Sent - erp.sai@chuliege.be - Outlook,Helpdesk général,2021-02-16,12:50:18,00:00:03
stefano.crapanzano@chu.ulg.ac.be,Sent - erp.sai@chuliege.be - Outlook,Helpdesk général,2021-02-16,12:53:38,00:04:15
stefano.crapanzano@chu.ulg.ac.be,Sent - erp.sai@chuliege.be - Outlook,Helpdesk général,2021-02-16,13:51:27,00:01:36
stefano.crapanzano@chu.ulg.ac.be,Sent - erp.sai@chuliege.be - Outlook,Helpdesk général,2021-02-16,13:53:13,00:00:14
stefano.crapanzano@chu.ulg.ac.be,Sent - erp.sai@chuliege.be - Outlook,Helpdesk général,2021-02-16,13:54:15,00:00:24
stefano.crapanzano@chu.ulg.ac.be,Sent - erp.sai@chuliege.be - Outlook,Helpdesk général,2021-02-16,15:16:17,00:00:04
stefano.crapanzano@chu.ulg.ac.be,Sent - erp.sai@chuliege.be - Outlook,Helpdesk général,2021-02-16,15:16:41,00:00:04
stefano.crapanzano@chu.ulg.ac.be,Envoyé - Zimbra - Stefano Crapanzano - Outlook,Helpdesk général,2021-02-16,08:48:24,00:02:15
stefano.crapanzano@chu.ulg.ac.be,Envoyé - Zimbra - Stefano Crapanzano - Outlook,Helpdesk général,2021-02-16,08:52:21,00:09:00
stefano.crapanzano@chu.ulg.ac.be,Envoyé - Zimbra - Stefano Crapanzano - Outlook,Helpdesk général,2021-02-16,09:01:31,00:02:25
stefano.crapanzano@chu.ulg.ac.be,Envoyé - Zimbra - Stefano Crapanzano - Outlook,Helpdesk général,2021-02-16,10:02:57,00:00:02
stefano.crapanzano@chu.ulg.ac.be,Bienvenue! Vous pouvez poser une demande de Service Desk ERP for HealthCare parmi les options fournies. - Service d'assistance - Google Chrome,Tâches diverses,2021-02-16,08:50:52,00:00:05
stefano.crapanzano@chu.ulg.ac.be,Demandes - Service d'assistance - Google Chrome,Tâches diverses,2021-02-16,08:50:57,00:00:39
stefano.crapanzano@chu.ulg.ac.be,Demandes - Service d'assistance - Google Chrome,Tâches diverses,2021-02-16,11:37:03,00:00:16
stefano.crapanzano@chu.ulg.ac.be,Demandes - Service d'assistance - Google Chrome,Tâches diverses,2021-02-16,11:37:54,00:00:03
stefano.crapanzano@chu.ulg.ac.be,Demandes - Service d'assistance - Google Chrome,Tâches diverses,2021-02-16,11:38:06,00:00:14
stefano.crapanzano@chu.ulg.ac.be,Demandes - Service d'assistance - Google Chrome,Tâches diverses,2021-02-16,11:38:27,00:00:03
stefano.crapanzano@chu.ulg.ac.be,Demandes - Service d'assistance - Google Chrome,Tâches diverses,2021-02-16,11:38:42,00:01:31
stefano.crapanzano@chu.ulg.ac.be,Demandes - Service d'assistance - Google Chrome,Tâches diverses,2021-02-16,11:47:13,00:00:03
stefano.crapanzano@chu.ulg.ac.be,Demandes - Service d'assistance - Google Chrome,Tâches diverses,2021-02-16,12:45:59,00:00:08
stefano.crapanzano@chu.ulg.ac.be,Demandes - Service d'assistance - Google Chrome,Tâches diverses,2021-02-16,12:46:54,00:00:04
stefano.crapanzano@chu.ulg.ac.be,Demandes - Service d'assistance - Google Chrome,Tâches diverses,2021-02-16,12:50:43,00:00:49
stefano.crapanzano@chu.ulg.ac.be,Demandes - Service d'assistance - Google Chrome,Tâches diverses,2021-02-16,12:51:37,00:00:05
stefano.crapanzano@chu.ulg.ac.be,Demandes - Service d'assistance - Google Chrome,Tâches diverses,2021-02-16,12:52:25,00:01:05
stefano.crapanzano@chu.ulg.ac.be,P203 CHU Popup vide apparait constamment dans SSP - Bienvenue! Vous pouvez poser une demande de Service Desk ERP for HealthCare parmi les options fournies. - Service d'assistance - Google Chrome,Tâches diverses,2021-02-16,08:51:36,00:00:16
stefano.crapanzano@chu.ulg.ac.be,P203 CHU Popup vide apparait constamment dans SSP - Bienvenue! Vous pouvez poser une demande de Service Desk ERP for HealthCare parmi les options fournies. - Service d'assistance - Google Chrome,Tâches diverses,2021-02-16,08:51:55,00:00:25
stefano.crapanzano@chu.ulg.ac.be,P203 CHU Popup vide apparait constamment dans SSP - Bienvenue! Vous pouvez poser une demande de Service Desk ERP for HealthCare parmi les options fournies. - Service d'assistance - Google Chrome,Tâches diverses,2021-02-16,09:26:34,00:00:02
stefano.crapanzano@chu.ulg.ac.be,P203 CHU Popup vide apparait constamment dans SSP - Bienvenue! Vous pouvez poser une demande de Service Desk ERP for HealthCare parmi les options fournies. - Service d'assistance - Google Chrome,Tâches diverses,2021-02-16,09:27:07,00:00:02
stefano.crapanzano@chu.ulg.ac.be,P203 CHU Popup vide apparait constamment dans SSP - Bienvenue! Vous pouvez poser une demande de Service Desk ERP for HealthCare parmi les options fournies. - Service d'assistance - Google Chrome,Tâches diverses,2021-02-16,09:31:09,00:00:02
stefano.crapanzano@chu.ulg.ac.be,P203 CHU Popup vide apparait constamment dans SSP - Bienvenue! Vous pouvez poser une demande de Service Desk ERP for HealthCare parmi les options fournies. - Service d'assistance - Google Chrome,Tâches diverses,2021-02-16,09:32:01,00:00:04
stefano.crapanzano@chu.ulg.ac.be,P203 CHU Popup vide apparait constamment dans SSP - Bienvenue! Vous pouvez poser une demande de Service Desk ERP for HealthCare parmi les options fournies. - Service d'assistance - Google Chrome,Tâches diverses,2021-02-16,09:32:09,00:00:03
stefano.crapanzano@chu.ulg.ac.be,P203 CHU Popup vide apparait constamment dans SSP - Bienvenue! Vous pouvez poser une demande de Service Desk ERP for HealthCare parmi les options fournies. - Service d'assistance - Google Chrome,Tâches diverses,2021-02-16,09:34:13,00:00:03
stefano.crapanzano@chu.ulg.ac.be,P203 CHU Popup vide apparait constamment dans SSP - Bienvenue! Vous pouvez poser une demande de Service Desk ERP for HealthCare parmi les options fournies. - Service d'assistance - Google Chrome,Tâches diverses,2021-02-16,09:40:56,00:18:44
stefano.crapanzano@chu.ulg.ac.be,P203 CHU Popup vide apparait constamment dans SSP - Bienvenue! Vous pouvez poser une demande de Service Desk ERP for HealthCare parmi les options fournies. - Service d'assistance - Google Chrome,Tâches diverses,2021-02-16,10:02:41,00:00:04
stefano.crapanzano@chu.ulg.ac.be,P203 CHU Popup vide apparait constamment dans SSP - Bienvenue! Vous pouvez poser une demande de Service Desk ERP for HealthCare parmi les options fournies. - Service d'assistance - Google Chrome,Tâches diverses,2021-02-16,10:40:32,00:00:02
stefano.crapanzano@chu.ulg.ac.be,P203 CHU Popup vide apparait constamment dans SSP - Bienvenue! Vous pouvez poser une demande de Service Desk ERP for HealthCare parmi les options fournies. - Service d'assistance - Google Chrome,Tâches diverses,2021-02-16,11:36:57,00:00:05
stefano.crapanzano@chu.ulg.ac.be,Programmation,IT,2021-02-16,09:03:58,00:01:05
stefano.crapanzano@chu.ulg.ac.be,Programmation,IT,2021-02-16,13:04:45,00:00:12
stefano.crapanzano@chu.ulg.ac.be,Programmation,IT,2021-02-16,13:05:37,00:06:30
stefano.crapanzano@chu.ulg.ac.be,Programmation,IT,2021-02-16,13:12:40,00:00:12
stefano.crapanzano@chu.ulg.ac.be,Programmation,IT,2021-02-16,13:12:55,00:00:34
stefano.crapanzano@chu.ulg.ac.be,Programmation,IT,2021-02-16,13:14:14,00:00:05
stefano.crapanzano@chu.ulg.ac.be,Programmation,IT,2021-02-16,13:14:22,00:04:33
stefano.crapanzano@chu.ulg.ac.be,Programmation,IT,2021-02-16,13:19:03,00:00:45
stefano.crapanzano@chu.ulg.ac.be,Programmation,IT,2021-02-16,13:20:07,00:00:27
stefano.crapanzano@chu.ulg.ac.be,Programmation,IT,2021-02-16,13:21:34,00:02:58
stefano.crapanzano@chu.ulg.ac.be,Programmation,IT,2021-02-16,13:25:04,00:00:11
stefano.crapanzano@chu.ulg.ac.be,Programmation,IT,2021-02-16,13:25:19,00:00:07
stefano.crapanzano@chu.ulg.ac.be,Programmation,IT,2021-02-16,13:26:06,00:00:26
stefano.crapanzano@chu.ulg.ac.be,Programmation,IT,2021-02-16,13:27:54,00:00:13
stefano.crapanzano@chu.ulg.ac.be,Programmation,IT,2021-02-16,13:28:10,00:07:31
stefano.crapanzano@chu.ulg.ac.be,Programmation,IT,2021-02-16,13:35:50,00:00:13
stefano.crapanzano@chu.ulg.ac.be,Programmation,IT,2021-02-16,13:36:44,00:00:04
stefano.crapanzano@chu.ulg.ac.be,Programmation,IT,2021-02-16,13:36:49,00:00:03
stefano.crapanzano@chu.ulg.ac.be,Programmation,IT,2021-02-16,13:37:03,00:00:04
stefano.crapanzano@chu.ulg.ac.be,Programmation,IT,2021-02-16,13:37:10,00:00:07
stefano.crapanzano@chu.ulg.ac.be,Programmation,IT,2021-02-16,13:37:30,00:00:29
stefano.crapanzano@chu.ulg.ac.be,Programmation,IT,2021-02-16,13:38:12,00:00:06
stefano.crapanzano@chu.ulg.ac.be,Programmation,IT,2021-02-16,13:38:25,00:00:02
stefano.crapanzano@chu.ulg.ac.be,Programmation,IT,2021-02-16,13:39:01,00:00:10
stefano.crapanzano@chu.ulg.ac.be,Programmation,IT,2021-02-16,13:39:12,00:00:05
stefano.crapanzano@chu.ulg.ac.be,Programmation,IT,2021-02-16,13:39:23,00:00:02
stefano.crapanzano@chu.ulg.ac.be,Programmation,IT,2021-02-16,13:41:04,00:00:22
stefano.crapanzano@chu.ulg.ac.be,Programmation,IT,2021-02-16,13:41:50,00:00:03
stefano.crapanzano@chu.ulg.ac.be,Programmation,IT,2021-02-16,13:42:25,00:01:00
stefano.crapanzano@chu.ulg.ac.be,Programmation,IT,2021-02-16,13:43:28,00:00:43
stefano.crapanzano@chu.ulg.ac.be,Programmation,IT,2021-02-16,13:44:12,00:01:34
stefano.crapanzano@chu.ulg.ac.be,Programmation,IT,2021-02-16,13:45:48,00:00:16
stefano.crapanzano@chu.ulg.ac.be,Programmation,IT,2021-02-16,13:46:24,00:00:25
stefano.crapanzano@chu.ulg.ac.be,Programmation,IT,2021-02-16,13:46:51,00:00:06
stefano.crapanzano@chu.ulg.ac.be,Programmation,IT,2021-02-16,13:54:48,00:00:52
stefano.crapanzano@chu.ulg.ac.be,Programmation,IT,2021-02-16,13:57:37,00:03:54
stefano.crapanzano@chu.ulg.ac.be,Programmation,IT,2021-02-16,14:01:32,00:00:12
stefano.crapanzano@chu.ulg.ac.be,Programmation,IT,2021-02-16,14:01:46,00:05:12
stefano.crapanzano@chu.ulg.ac.be,Programmation,IT,2021-02-16,14:07:00,00:07:48
stefano.crapanzano@chu.ulg.ac.be,Programmation,IT,2021-02-16,14:15:42,00:00:03
stefano.crapanzano@chu.ulg.ac.be,Programmation,IT,2021-02-16,14:16:47,00:02:06
stefano.crapanzano@chu.ulg.ac.be,Programmation,IT,2021-02-16,14:19:06,00:00:06
stefano.crapanzano@chu.ulg.ac.be,Programmation,IT,2021-02-16,14:19:23,00:00:10
stefano.crapanzano@chu.ulg.ac.be,Programmation,IT,2021-02-16,14:19:34,00:00:07
stefano.crapanzano@chu.ulg.ac.be,Programmation,IT,2021-02-16,14:19:43,00:00:03
stefano.crapanzano@chu.ulg.ac.be,Programmation,IT,2021-02-16,14:19:48,00:00:27
stefano.crapanzano@chu.ulg.ac.be,Programmation,IT,2021-02-16,14:20:18,00:00:05
stefano.crapanzano@chu.ulg.ac.be,Programmation,IT,2021-02-16,14:20:45,00:00:23
stefano.crapanzano@chu.ulg.ac.be,Programmation,IT,2021-02-16,14:21:12,00:00:09
stefano.crapanzano@chu.ulg.ac.be,Programmation,IT,2021-02-16,14:21:37,00:00:12
stefano.crapanzano@chu.ulg.ac.be,Programmation,IT,2021-02-16,14:21:55,00:00:13
stefano.crapanzano@chu.ulg.ac.be,Programmation,IT,2021-02-16,14:22:11,00:00:18
stefano.crapanzano@chu.ulg.ac.be,Programmation,IT,2021-02-16,14:23:03,00:00:08
stefano.crapanzano@chu.ulg.ac.be,Programmation,IT,2021-02-16,14:23:37,00:01:11
stefano.crapanzano@chu.ulg.ac.be,Programmation,IT,2021-02-16,14:25:01,00:00:02
stefano.crapanzano@chu.ulg.ac.be,Programmation,IT,2021-02-16,14:25:05,00:00:15
stefano.crapanzano@chu.ulg.ac.be,Programmation,IT,2021-02-16,14:25:30,00:00:08
stefano.crapanzano@chu.ulg.ac.be,Programmation,IT,2021-02-16,14:26:38,00:00:21
stefano.crapanzano@chu.ulg.ac.be,Programmation,IT,2021-02-16,14:27:19,00:00:05
stefano.crapanzano@chu.ulg.ac.be,Programmation,IT,2021-02-16,14:28:22,00:00:13
stefano.crapanzano@chu.ulg.ac.be,Programmation,IT,2021-02-16,14:29:02,00:00:14
stefano.crapanzano@chu.ulg.ac.be,Programmation,IT,2021-02-16,14:29:25,00:00:04
stefano.crapanzano@chu.ulg.ac.be,Programmation,IT,2021-02-16,14:29:49,00:00:07
stefano.crapanzano@chu.ulg.ac.be,Programmation,IT,2021-02-16,14:31:55,00:00:10
stefano.crapanzano@chu.ulg.ac.be,Programmation,IT,2021-02-16,14:32:13,00:00:07
stefano.crapanzano@chu.ulg.ac.be,Programmation,IT,2021-02-16,14:32:39,00:00:07
stefano.crapanzano@chu.ulg.ac.be,Programmation,IT,2021-02-16,14:33:15,00:00:06
stefano.crapanzano@chu.ulg.ac.be,Programmation,IT,2021-02-16,14:33:38,00:09:35
stefano.crapanzano@chu.ulg.ac.be,Programmation,IT,2021-02-16,14:43:25,00:00:03
stefano.crapanzano@chu.ulg.ac.be,Programmation,IT,2021-02-16,14:43:34,00:00:18
stefano.crapanzano@chu.ulg.ac.be,Programmation,IT,2021-02-16,14:45:05,00:00:10
stefano.crapanzano@chu.ulg.ac.be,Programmation,IT,2021-02-16,14:45:21,00:00:08
stefano.crapanzano@chu.ulg.ac.be,Programmation,IT,2021-02-16,14:45:45,00:00:07
stefano.crapanzano@chu.ulg.ac.be,Programmation,IT,2021-02-16,14:46:01,00:00:11
stefano.crapanzano@chu.ulg.ac.be,Programmation,IT,2021-02-16,14:46:25,00:00:22
stefano.crapanzano@chu.ulg.ac.be,Programmation,IT,2021-02-16,14:48:36,00:00:08
stefano.crapanzano@chu.ulg.ac.be,Programmation,IT,2021-02-16,14:49:22,00:00:35
stefano.crapanzano@chu.ulg.ac.be,Programmation,IT,2021-02-16,14:50:04,00:00:10
stefano.crapanzano@chu.ulg.ac.be,Programmation,IT,2021-02-16,14:50:28,00:00:04
stefano.crapanzano@chu.ulg.ac.be,Programmation,IT,2021-02-16,14:50:47,00:00:16
stefano.crapanzano@chu.ulg.ac.be,Programmation,IT,2021-02-16,14:51:06,00:00:30
stefano.crapanzano@chu.ulg.ac.be,Programmation,IT,2021-02-16,14:51:39,00:00:33
stefano.crapanzano@chu.ulg.ac.be,Programmation,IT,2021-02-16,14:52:21,00:00:25
stefano.crapanzano@chu.ulg.ac.be,Programmation,IT,2021-02-16,14:52:55,00:00:16
stefano.crapanzano@chu.ulg.ac.be,Programmation,IT,2021-02-16,14:53:17,00:00:17
stefano.crapanzano@chu.ulg.ac.be,Programmation,IT,2021-02-16,14:53:36,00:00:02
stefano.crapanzano@chu.ulg.ac.be,Programmation,IT,2021-02-16,14:53:42,00:00:02
stefano.crapanzano@chu.ulg.ac.be,Programmation,IT,2021-02-16,14:53:45,00:03:19
stefano.crapanzano@chu.ulg.ac.be,Programmation,IT,2021-02-16,14:57:08,00:00:08
stefano.crapanzano@chu.ulg.ac.be,Programmation,IT,2021-02-16,14:57:36,00:00:25
stefano.crapanzano@chu.ulg.ac.be,Programmation,IT,2021-02-16,14:58:06,00:04:14
stefano.crapanzano@chu.ulg.ac.be,Programmation,IT,2021-02-16,15:02:35,00:00:09
stefano.crapanzano@chu.ulg.ac.be,Programmation,IT,2021-02-16,15:03:09,00:13:07
stefano.crapanzano@chu.ulg.ac.be,Programmation,IT,2021-02-16,15:16:48,00:00:03
stefano.crapanzano@chu.ulg.ac.be,Programmation,IT,2021-02-16,15:16:53,00:10:10
stefano.crapanzano@chu.ulg.ac.be,Programmation,IT,2021-02-16,15:27:11,00:12:24
stefano.crapanzano@chu.ulg.ac.be,Programmation,IT,2021-02-16,15:41:47,00:13:55
stefano.crapanzano@chu.ulg.ac.be,Programmation,IT,2021-02-16,15:57:06,00:00:07
stefano.crapanzano@chu.ulg.ac.be,Programmation,IT,2021-02-16,15:57:15,00:00:03
stefano.crapanzano@chu.ulg.ac.be,Programmation,IT,2021-02-16,15:57:19,00:00:04
stefano.crapanzano@chu.ulg.ac.be,Programmation,IT,2021-02-16,15:57:25,00:00:11
stefano.crapanzano@chu.ulg.ac.be,Programmation,IT,2021-02-16,15:57:38,00:00:13
stefano.crapanzano@chu.ulg.ac.be,Programmation,IT,2021-02-16,15:57:59,00:00:11
stefano.crapanzano@chu.ulg.ac.be,Programmation,IT,2021-02-16,15:58:11,00:00:06
stefano.crapanzano@chu.ulg.ac.be,Programmation,IT,2021-02-16,15:58:24,00:00:05
stefano.crapanzano@chu.ulg.ac.be,Programmation,IT,2021-02-16,15:58:32,00:00:05
stefano.crapanzano@chu.ulg.ac.be,Programmation,IT,2021-02-16,15:59:14,00:01:11
stefano.crapanzano@chu.ulg.ac.be,Programmation,IT,2021-02-16,16:01:14,00:00:24
stefano.crapanzano@chu.ulg.ac.be,Programmation,IT,2021-02-16,16:02:19,00:00:02
stefano.crapanzano@chu.ulg.ac.be,Programmation,IT,2021-02-16,16:02:22,00:01:17
stefano.crapanzano@chu.ulg.ac.be,Programmation,IT,2021-02-16,16:03:42,00:00:08
stefano.crapanzano@chu.ulg.ac.be,Programmation,IT,2021-02-16,16:05:29,00:00:02
stefano.crapanzano@chu.ulg.ac.be,Programmation,IT,2021-02-16,16:06:14,00:00:32
stefano.crapanzano@chu.ulg.ac.be,Programmation,IT,2021-02-16,16:06:48,00:00:08
stefano.crapanzano@chu.ulg.ac.be,Programmation,IT,2021-02-16,16:07:15,00:00:10
stefano.crapanzano@chu.ulg.ac.be,Programmation,IT,2021-02-16,16:07:31,00:02:05
stefano.crapanzano@chu.ulg.ac.be,Programmation,IT,2021-02-16,16:13:03,00:01:07
stefano.crapanzano@chu.ulg.ac.be,Programmation,IT,2021-02-16,16:14:12,00:05:53
stefano.crapanzano@chu.ulg.ac.be,Programmation,IT,2021-02-16,16:21:17,00:00:51
stefano.crapanzano@chu.ulg.ac.be,Programmation,IT,2021-02-16,16:22:29,00:04:16
stefano.crapanzano@chu.ulg.ac.be,Programmation,IT,2021-02-16,16:26:47,00:00:05
stefano.crapanzano@chu.ulg.ac.be,Programmation,IT,2021-02-16,16:26:54,00:00:38
stefano.crapanzano@chu.ulg.ac.be,Programmation,IT,2021-02-16,16:27:39,00:00:02
stefano.crapanzano@chu.ulg.ac.be,Programmation,IT,2021-02-16,16:28:02,00:01:30
stefano.crapanzano@chu.ulg.ac.be,Programmation,IT,2021-02-16,16:29:35,00:03:41
stefano.crapanzano@chu.ulg.ac.be,Programmation,IT,2021-02-16,16:33:22,00:00:03
stefano.crapanzano@chu.ulg.ac.be,Programmation,IT,2021-02-16,16:33:58,00:00:12
stefano.crapanzano@chu.ulg.ac.be,Programmation,IT,2021-02-16,16:34:15,00:00:11
stefano.crapanzano@chu.ulg.ac.be,Programmation,IT,2021-02-16,16:34:43,00:01:11
stefano.crapanzano@chu.ulg.ac.be,Programmation,IT,2021-02-16,16:36:08,00:01:59
stefano.crapanzano@chu.ulg.ac.be,Programmation,IT,2021-02-16,16:38:20,00:01:24
stefano.crapanzano@chu.ulg.ac.be,Programmation,IT,2021-02-16,16:39:46,00:01:20
stefano.crapanzano@chu.ulg.ac.be,Programmation,IT,2021-02-16,16:41:08,00:00:55
stefano.crapanzano@chu.ulg.ac.be,Programmation,IT,2021-02-16,16:42:04,00:00:18
stefano.crapanzano@chu.ulg.ac.be,Programmation,IT,2021-02-16,16:42:25,00:00:15
stefano.crapanzano@chu.ulg.ac.be,Programmation,IT,2021-02-16,16:43:01,00:05:18
stefano.crapanzano@chu.ulg.ac.be,Programmation,IT,2021-02-16,16:48:42,00:00:03
stefano.crapanzano@chu.ulg.ac.be,Programmation,IT,2021-02-16,16:48:58,00:02:28
stefano.crapanzano@chu.ulg.ac.be,Programmation,IT,2021-02-16,16:52:00,00:02:24
stefano.crapanzano@chu.ulg.ac.be,Programmation,IT,2021-02-16,16:56:15,00:00:17
stefano.crapanzano@chu.ulg.ac.be,Programmation,IT,2021-02-16,16:57:02,00:00:32
stefano.crapanzano@chu.ulg.ac.be,Programmation,IT,2021-02-16,16:57:56,00:00:05
stefano.crapanzano@chu.ulg.ac.be,Programmation,IT,2021-02-16,16:58:03,00:00:12
stefano.crapanzano@chu.ulg.ac.be,Programmation,IT,2021-02-16,16:58:19,00:00:13
stefano.crapanzano@chu.ulg.ac.be,Programmation,IT,2021-02-16,16:58:43,00:04:09
stefano.crapanzano@chu.ulg.ac.be,Programmation,IT,2021-02-16,17:03:55,00:00:47
stefano.crapanzano@chu.ulg.ac.be,Netop Invité,Helpdesk général,2021-02-16,09:05:03,00:00:04
stefano.crapanzano@chu.ulg.ac.be,Netop Invité,Helpdesk général,2021-02-16,10:52:25,00:00:02
stefano.crapanzano@chu.ulg.ac.be,Connexion à l'aide de l'authentification Windows,Helpdesk général,2021-02-16,09:05:08,00:00:03
stefano.crapanzano@chu.ulg.ac.be,erpftp - Netop Remote Control,Helpdesk général,2021-02-16,09:05:13,00:00:45
stefano.crapanzano@chu.ulg.ac.be,erpftp - Netop Remote Control,IT,2021-02-16,09:06:26,00:18:54
stefano.crapanzano@chu.ulg.ac.be,erpftp - Netop Remote Control,Helpdesk général,2021-02-16,09:59:42,00:02:58
stefano.crapanzano@chu.ulg.ac.be,Erreur dans le test JOB_MONITORING_NOK - Message (Texte brut),Helpdesk général,2021-02-16,09:05:59,00:00:02
stefano.crapanzano@chu.ulg.ac.be,Erreur dans le test JOB_MONITORING_NOK - Message (Texte brut),Helpdesk général,2021-02-16,09:06:22,00:00:02
stefano.crapanzano@chu.ulg.ac.be,Ouverture d'une pièce jointe,Helpdesk général,2021-02-16,09:06:01,00:00:02
stefano.crapanzano@chu.ulg.ac.be,\\oazisusers.st.chulg\oazis_users\Informatique\ERP\Exploitation\SURVEILLANCE\JOB\jobs_16_02_2021_08_00_00_08_59_59.csv_nok - Notepad++ [Administrator],IT,2021-02-16,09:06:04,00:00:06
stefano.crapanzano@chu.ulg.ac.be,C:\Users\c158492\Desktop\code.txt - Notepad++ [Administrator],IT,2021-02-16,09:06:15,00:00:02
stefano.crapanzano@chu.ulg.ac.be,SAP Logon 750,Exploration SAP,2021-02-16,09:25:21,00:00:02
stefano.crapanzano@chu.ulg.ac.be,SAP Logon 750,Exploration SAP,2021-02-16,09:25:34,00:00:04
stefano.crapanzano@chu.ulg.ac.be,SAP Logon 750,Exploration SAP,2021-02-16,09:26:14,00:00:04
stefano.crapanzano@chu.ulg.ac.be,SAP Logon 750,Exploration SAP,2021-02-16,09:29:05,00:00:21
stefano.crapanzano@chu.ulg.ac.be,SAP Logon 750,Exploration SAP,2021-02-16,09:31:34,00:00:03
stefano.crapanzano@chu.ulg.ac.be,SAP Logon 750,Exploration SAP,2021-02-16,09:31:48,00:00:02
stefano.crapanzano@chu.ulg.ac.be,SAP Logon 750,Exploration SAP,2021-02-16,09:32:05,00:00:02
stefano.crapanzano@chu.ulg.ac.be,SAP Logon 750,Exploration SAP,2021-02-16,09:32:13,00:00:03
stefano.crapanzano@chu.ulg.ac.be,SAP Logon 750,Exploration SAP,2021-02-16,09:32:49,00:00:03
stefano.crapanzano@chu.ulg.ac.be,SAP Logon 750,Exploration SAP,2021-02-16,09:32:59,00:00:02
stefano.crapanzano@chu.ulg.ac.be,SAP Logon 750,Exploration SAP,2021-02-16,09:33:07,00:00:02
stefano.crapanzano@chu.ulg.ac.be,SAP Logon 750,Exploration SAP,2021-02-16,09:33:53,00:00:03
stefano.crapanzano@chu.ulg.ac.be,SAP Logon 750,Exploration SAP,2021-02-16,09:34:06,00:00:03
stefano.crapanzano@chu.ulg.ac.be,SAP Logon 750,Exploration SAP,2021-02-16,09:34:59,00:00:04
stefano.crapanzano@chu.ulg.ac.be,SAP Logon 750,Exploration SAP,2021-02-16,13:41:26,00:00:03
stefano.crapanzano@chu.ulg.ac.be,SAP Logon 750,Exploration SAP,2021-02-16,13:41:43,00:00:06
stefano.crapanzano@chu.ulg.ac.be,SAP Logon 750,Exploration SAP,2021-02-16,13:42:09,00:00:02
stefano.crapanzano@chu.ulg.ac.be,SAP Logon 750,Exploration SAP,2021-02-16,13:42:16,00:00:02
stefano.crapanzano@chu.ulg.ac.be,SAP Easy Access Menu de base Applications financières-économiques,Exploration SAP,2021-02-16,09:25:23,00:00:10
stefano.crapanzano@chu.ulg.ac.be,SAP Easy Access Menu de base Applications financières-économiques,Exploration SAP,2021-02-16,09:26:57,00:00:03
stefano.crapanzano@chu.ulg.ac.be,Options de la SAP GUI - SAP Logon,Exploration SAP,2021-02-16,09:25:39,00:00:24
stefano.crapanzano@chu.ulg.ac.be,Options de la SAP GUI - SAP Logon,Exploration SAP,2021-02-16,09:29:27,00:00:40
stefano.crapanzano@chu.ulg.ac.be,Options de la SAP GUI - SAP Logon,Exploration SAP,2021-02-16,09:31:38,00:00:03
stefano.crapanzano@chu.ulg.ac.be,Options de la SAP GUI - SAP Logon,Exploration SAP,2021-02-16,09:32:52,00:00:02
stefano.crapanzano@chu.ulg.ac.be,Options de la SAP GUI - SAP Logon,Exploration SAP,2021-02-16,09:33:56,00:00:09
stefano.crapanzano@chu.ulg.ac.be,Options de la SAP GUI - SAP Logon,Exploration SAP,2021-02-16,09:35:04,00:00:06
stefano.crapanzano@chu.ulg.ac.be,Options de la SAP GUI - SAP Logon,Exploration SAP,2021-02-16,13:41:41,00:00:02
stefano.crapanzano@chu.ulg.ac.be,Configuration de sécurité,Exploration SAP,2021-02-16,09:26:04,00:00:09
stefano.crapanzano@chu.ulg.ac.be,Configuration de sécurité,Exploration SAP,2021-02-16,09:30:08,00:00:34
stefano.crapanzano@chu.ulg.ac.be,Configuration de sécurité,Exploration SAP,2021-02-16,09:31:41,00:00:06
stefano.crapanzano@chu.ulg.ac.be,Configuration de sécurité,Exploration SAP,2021-02-16,09:32:55,00:00:04
stefano.crapanzano@chu.ulg.ac.be,Configuration de sécurité,Exploration SAP,2021-02-16,09:35:10,00:00:07
stefano.crapanzano@chu.ulg.ac.be,Connexion - Google Chrome,Tâches diverses,2021-02-16,09:26:38,00:00:06
stefano.crapanzano@chu.ulg.ac.be,Identification - Google Chrome,Tâches diverses,2021-02-16,09:27:11,00:00:06
stefano.crapanzano@chu.ulg.ac.be,Identification - Google Chrome,Tâches diverses,2021-02-16,09:32:22,00:00:06
stefano.crapanzano@chu.ulg.ac.be,Identification - Google Chrome,Tâches diverses,2021-02-16,09:33:14,00:00:07
stefano.crapanzano@chu.ulg.ac.be,Zone d'achat - Google Chrome,Tâches diverses,2021-02-16,09:27:20,00:00:07
stefano.crapanzano@chu.ulg.ac.be,Zone d'achat - Google Chrome,Tâches diverses,2021-02-16,09:27:45,00:01:18
stefano.crapanzano@chu.ulg.ac.be,Zone d'achat - Google Chrome,Tâches diverses,2021-02-16,09:30:45,00:00:10
stefano.crapanzano@chu.ulg.ac.be,Zone d'achat - Google Chrome,Tâches diverses,2021-02-16,09:31:06,00:00:02
stefano.crapanzano@chu.ulg.ac.be,Zone d'achat - Google Chrome,Tâches diverses,2021-02-16,09:31:12,00:00:04
stefano.crapanzano@chu.ulg.ac.be,Zone d'achat - Google Chrome,Tâches diverses,2021-02-16,09:31:28,00:00:04
stefano.crapanzano@chu.ulg.ac.be,Zone d'achat - Google Chrome,Tâches diverses,2021-02-16,09:31:51,00:00:09
stefano.crapanzano@chu.ulg.ac.be,Zone d'achat - Google Chrome,Tâches diverses,2021-02-16,09:32:30,00:00:03
stefano.crapanzano@chu.ulg.ac.be,Zone d'achat - Google Chrome,Tâches diverses,2021-02-16,09:33:22,00:00:06
stefano.crapanzano@chu.ulg.ac.be,Zone d'achat - Google Chrome,Tâches diverses,2021-02-16,09:33:46,00:00:04
stefano.crapanzano@chu.ulg.ac.be,Zone d'achat - Google Chrome,Tâches diverses,2021-02-16,09:34:09,00:00:02
stefano.crapanzano@chu.ulg.ac.be,Zone d'achat - Google Chrome,Tâches diverses,2021-02-16,09:34:18,00:00:13
stefano.crapanzano@chu.ulg.ac.be,Zone d'achat - Google Chrome,Tâches diverses,2021-02-16,09:34:46,00:00:11
stefano.crapanzano@chu.ulg.ac.be,Zone d'achat - Google Chrome,Tâches diverses,2021-02-16,10:40:35,00:00:10
stefano.crapanzano@chu.ulg.ac.be,Zone d'achat - Google Chrome,Tâches diverses,2021-02-16,11:36:55,00:00:02
stefano.crapanzano@chu.ulg.ac.be,Créer un panier - Google Chrome,Tâches diverses,2021-02-16,09:27:28,00:00:03
stefano.crapanzano@chu.ulg.ac.be,Créer un panier - Google Chrome,Tâches diverses,2021-02-16,09:30:58,00:00:02
stefano.crapanzano@chu.ulg.ac.be,Créer un panier - Google Chrome,Tâches diverses,2021-02-16,09:31:18,00:00:03
stefano.crapanzano@chu.ulg.ac.be,Créer un panier - Google Chrome,Tâches diverses,2021-02-16,09:32:35,00:00:02
stefano.crapanzano@chu.ulg.ac.be,Créer un panier - Google Chrome,Tâches diverses,2021-02-16,09:33:30,00:00:02
stefano.crapanzano@chu.ulg.ac.be,Créer un panier - Google Chrome,Tâches diverses,2021-02-16,09:34:33,00:00:03
stefano.crapanzano@chu.ulg.ac.be,Créer un panier - Google Chrome,Tâches diverses,2021-02-16,10:40:47,00:00:02
stefano.crapanzano@chu.ulg.ac.be,un panier - Google Chrome,Tâches diverses,2021-02-16,09:27:33,00:00:12
stefano.crapanzano@chu.ulg.ac.be,un panier - Google Chrome,Tâches diverses,2021-02-16,09:31:02,00:00:04
stefano.crapanzano@chu.ulg.ac.be,un panier - Google Chrome,Tâches diverses,2021-02-16,09:31:23,00:00:04
stefano.crapanzano@chu.ulg.ac.be,un panier - Google Chrome,Tâches diverses,2021-02-16,09:32:39,00:00:07
stefano.crapanzano@chu.ulg.ac.be,un panier - Google Chrome,Tâches diverses,2021-02-16,09:33:02,00:00:02
stefano.crapanzano@chu.ulg.ac.be,un panier - Google Chrome,Tâches diverses,2021-02-16,09:33:33,00:00:12
stefano.crapanzano@chu.ulg.ac.be,un panier - Google Chrome,Tâches diverses,2021-02-16,09:34:38,00:00:07
stefano.crapanzano@chu.ulg.ac.be,un panier - Google Chrome,Tâches diverses,2021-02-16,10:40:56,00:00:07
stefano.crapanzano@chu.ulg.ac.be,Lecture documentation,Tâches diverses,2021-02-16,09:39:48,00:00:07
stefano.crapanzano@chu.ulg.ac.be,Lecture documentation,Tâches diverses,2021-02-16,09:40:51,00:00:03
stefano.crapanzano@chu.ulg.ac.be,Lecture documentation,Tâches diverses,2021-02-16,12:58:08,00:01:10
stefano.crapanzano@chu.ulg.ac.be,Lecture documentation,Tâches diverses,2021-02-16,13:01:19,00:03:23
stefano.crapanzano@chu.ulg.ac.be,Lecture documentation,Tâches diverses,2021-02-16,13:04:58,00:00:38
stefano.crapanzano@chu.ulg.ac.be,Lecture documentation,Tâches diverses,2021-02-16,13:12:11,00:00:27
stefano.crapanzano@chu.ulg.ac.be,Lecture documentation,Tâches diverses,2021-02-16,13:13:29,00:00:44
stefano.crapanzano@chu.ulg.ac.be,Lecture documentation,Tâches diverses,2021-02-16,13:14:19,00:00:03
stefano.crapanzano@chu.ulg.ac.be,Lecture documentation,Tâches diverses,2021-02-16,13:18:56,00:00:05
stefano.crapanzano@chu.ulg.ac.be,Lecture documentation,Tâches diverses,2021-02-16,13:19:48,00:00:16
stefano.crapanzano@chu.ulg.ac.be,Lecture documentation,Tâches diverses,2021-02-16,13:20:34,00:00:03
stefano.crapanzano@chu.ulg.ac.be,Lecture documentation,Tâches diverses,2021-02-16,13:20:39,00:00:55
stefano.crapanzano@chu.ulg.ac.be,Lecture documentation,Tâches diverses,2021-02-16,13:35:42,00:00:06
stefano.crapanzano@chu.ulg.ac.be,Lecture documentation,Tâches diverses,2021-02-16,13:36:04,00:00:24
stefano.crapanzano@chu.ulg.ac.be,Lecture documentation,Tâches diverses,2021-02-16,13:36:31,00:00:12
stefano.crapanzano@chu.ulg.ac.be,Lecture documentation,Tâches diverses,2021-02-16,13:37:17,00:00:12
stefano.crapanzano@chu.ulg.ac.be,Lecture documentation,Tâches diverses,2021-02-16,13:38:01,00:00:09
stefano.crapanzano@chu.ulg.ac.be,Lecture documentation,Tâches diverses,2021-02-16,13:38:19,00:00:05
stefano.crapanzano@chu.ulg.ac.be,Lecture documentation,Tâches diverses,2021-02-16,13:38:27,00:00:27
stefano.crapanzano@chu.ulg.ac.be,Lecture documentation,Tâches diverses,2021-02-16,13:38:55,00:00:05
stefano.crapanzano@chu.ulg.ac.be,Lecture documentation,Tâches diverses,2021-02-16,13:39:18,00:00:05
stefano.crapanzano@chu.ulg.ac.be,Lecture documentation,Tâches diverses,2021-02-16,13:39:26,00:01:38
stefano.crapanzano@chu.ulg.ac.be,Lecture documentation,Tâches diverses,2021-02-16,13:41:55,00:00:12
stefano.crapanzano@chu.ulg.ac.be,Lecture documentation,Tâches diverses,2021-02-16,13:42:19,00:00:04
stefano.crapanzano@chu.ulg.ac.be,Lecture documentation,Tâches diverses,2021-02-16,13:46:07,00:00:16
stefano.crapanzano@chu.ulg.ac.be,Lecture documentation,Tâches diverses,2021-02-16,13:46:58,00:03:37
stefano.crapanzano@chu.ulg.ac.be,Lecture documentation,Tâches diverses,2021-02-16,13:56:36,00:00:24
stefano.crapanzano@chu.ulg.ac.be,Lecture documentation,Tâches diverses,2021-02-16,13:57:06,00:00:27
stefano.crapanzano@chu.ulg.ac.be,Lecture documentation,Tâches diverses,2021-02-16,14:14:49,00:00:51
stefano.crapanzano@chu.ulg.ac.be,Lecture documentation,Tâches diverses,2021-02-16,14:15:47,00:00:58
stefano.crapanzano@chu.ulg.ac.be,Lecture documentation,Tâches diverses,2021-02-16,14:18:55,00:00:02
stefano.crapanzano@chu.ulg.ac.be,Lecture documentation,Tâches diverses,2021-02-16,14:18:58,00:00:05
stefano.crapanzano@chu.ulg.ac.be,Lecture documentation,Tâches diverses,2021-02-16,14:19:16,00:00:06
stefano.crapanzano@chu.ulg.ac.be,Lecture documentation,Tâches diverses,2021-02-16,14:20:26,00:00:15
stefano.crapanzano@chu.ulg.ac.be,Lecture documentation,Tâches diverses,2021-02-16,14:21:08,00:00:03
stefano.crapanzano@chu.ulg.ac.be,Lecture documentation,Tâches diverses,2021-02-16,14:21:23,00:00:14
stefano.crapanzano@chu.ulg.ac.be,Lecture documentation,Tâches diverses,2021-02-16,14:21:49,00:00:05
stefano.crapanzano@chu.ulg.ac.be,Lecture documentation,Tâches diverses,2021-02-16,14:22:08,00:00:02
stefano.crapanzano@chu.ulg.ac.be,Lecture documentation,Tâches diverses,2021-02-16,14:22:31,00:00:20
stefano.crapanzano@chu.ulg.ac.be,Lecture documentation,Tâches diverses,2021-02-16,14:22:53,00:00:10
stefano.crapanzano@chu.ulg.ac.be,Lecture documentation,Tâches diverses,2021-02-16,14:23:13,00:00:23
stefano.crapanzano@chu.ulg.ac.be,Lecture documentation,Tâches diverses,2021-02-16,14:24:49,00:00:11
stefano.crapanzano@chu.ulg.ac.be,Lecture documentation,Tâches diverses,2021-02-16,14:25:22,00:00:07
stefano.crapanzano@chu.ulg.ac.be,Lecture documentation,Tâches diverses,2021-02-16,14:25:41,00:00:56
stefano.crapanzano@chu.ulg.ac.be,Lecture documentation,Tâches diverses,2021-02-16,14:27:03,00:00:14
stefano.crapanzano@chu.ulg.ac.be,Lecture documentation,Tâches diverses,2021-02-16,14:27:24,00:00:57
stefano.crapanzano@chu.ulg.ac.be,Lecture documentation,Tâches diverses,2021-02-16,14:28:37,00:00:24
stefano.crapanzano@chu.ulg.ac.be,Lecture documentation,Tâches diverses,2021-02-16,14:29:16,00:00:08
stefano.crapanzano@chu.ulg.ac.be,Lecture documentation,Tâches diverses,2021-02-16,14:29:31,00:00:18
stefano.crapanzano@chu.ulg.ac.be,Lecture documentation,Tâches diverses,2021-02-16,14:29:56,00:01:41
stefano.crapanzano@chu.ulg.ac.be,Lecture documentation,Tâches diverses,2021-02-16,14:31:39,00:00:16
stefano.crapanzano@chu.ulg.ac.be,Lecture documentation,Tâches diverses,2021-02-16,14:32:06,00:00:07
stefano.crapanzano@chu.ulg.ac.be,Lecture documentation,Tâches diverses,2021-02-16,14:32:22,00:00:16
stefano.crapanzano@chu.ulg.ac.be,Lecture documentation,Tâches diverses,2021-02-16,14:32:47,00:00:26
stefano.crapanzano@chu.ulg.ac.be,Lecture documentation,Tâches diverses,2021-02-16,14:33:22,00:00:16
stefano.crapanzano@chu.ulg.ac.be,Lecture documentation,Tâches diverses,2021-02-16,14:43:13,00:00:10
stefano.crapanzano@chu.ulg.ac.be,Lecture documentation,Tâches diverses,2021-02-16,14:43:29,00:00:04
stefano.crapanzano@chu.ulg.ac.be,Lecture documentation,Tâches diverses,2021-02-16,14:43:53,00:01:12
stefano.crapanzano@chu.ulg.ac.be,Lecture documentation,Tâches diverses,2021-02-16,14:45:15,00:00:04
stefano.crapanzano@chu.ulg.ac.be,Lecture documentation,Tâches diverses,2021-02-16,14:45:30,00:00:14
stefano.crapanzano@chu.ulg.ac.be,Lecture documentation,Tâches diverses,2021-02-16,14:45:53,00:00:06
stefano.crapanzano@chu.ulg.ac.be,Lecture documentation,Tâches diverses,2021-02-16,14:46:12,00:00:12
stefano.crapanzano@chu.ulg.ac.be,Lecture documentation,Tâches diverses,2021-02-16,14:46:48,00:01:48
stefano.crapanzano@chu.ulg.ac.be,Lecture documentation,Tâches diverses,2021-02-16,14:48:45,00:00:36
stefano.crapanzano@chu.ulg.ac.be,Lecture documentation,Tâches diverses,2021-02-16,14:49:58,00:00:04
stefano.crapanzano@chu.ulg.ac.be,Lecture documentation,Tâches diverses,2021-02-16,14:50:15,00:00:12
stefano.crapanzano@chu.ulg.ac.be,Lecture documentation,Tâches diverses,2021-02-16,14:50:32,00:00:14
stefano.crapanzano@chu.ulg.ac.be,Lecture documentation,Tâches diverses,2021-02-16,14:51:04,00:00:02
stefano.crapanzano@chu.ulg.ac.be,Lecture documentation,Tâches diverses,2021-02-16,14:52:12,00:00:04
stefano.crapanzano@chu.ulg.ac.be,Lecture documentation,Tâches diverses,2021-02-16,14:52:18,00:00:03
stefano.crapanzano@chu.ulg.ac.be,Lecture documentation,Tâches diverses,2021-02-16,14:52:48,00:00:07
stefano.crapanzano@chu.ulg.ac.be,Lecture documentation,Tâches diverses,2021-02-16,14:53:12,00:00:03
stefano.crapanzano@chu.ulg.ac.be,Lecture documentation,Tâches diverses,2021-02-16,14:53:34,00:00:02
stefano.crapanzano@chu.ulg.ac.be,Lecture documentation,Tâches diverses,2021-02-16,14:53:39,00:00:03
stefano.crapanzano@chu.ulg.ac.be,Lecture documentation,Tâches diverses,2021-02-16,14:57:18,00:00:17
stefano.crapanzano@chu.ulg.ac.be,Lecture documentation,Tâches diverses,2021-02-16,14:58:01,00:00:04
stefano.crapanzano@chu.ulg.ac.be,Lecture documentation,Tâches diverses,2021-02-16,15:02:22,00:00:13
stefano.crapanzano@chu.ulg.ac.be,Lecture documentation,Tâches diverses,2021-02-16,15:02:45,00:00:22
stefano.crapanzano@chu.ulg.ac.be,Lecture documentation,Tâches diverses,2021-02-16,15:27:04,00:00:06
stefano.crapanzano@chu.ulg.ac.be,Lecture documentation,Tâches diverses,2021-02-16,15:39:37,00:02:08
stefano.crapanzano@chu.ulg.ac.be,Lecture documentation,Tâches diverses,2021-02-16,16:51:30,00:00:29
stefano.crapanzano@chu.ulg.ac.be,Lecture documentation,Tâches diverses,2021-02-16,16:54:26,00:00:39
stefano.crapanzano@chu.ulg.ac.be,Lecture documentation,Tâches diverses,2021-02-16,16:55:07,00:01:08
stefano.crapanzano@chu.ulg.ac.be,Lecture documentation,Tâches diverses,2021-02-16,16:56:33,00:00:27
stefano.crapanzano@chu.ulg.ac.be,Lecture documentation,Tâches diverses,2021-02-16,16:57:34,00:00:22
stefano.crapanzano@chu.ulg.ac.be,Lecture documentation,Tâches diverses,2021-02-16,16:58:16,00:00:02
stefano.crapanzano@chu.ulg.ac.be,Lecture documentation,Tâches diverses,2021-02-16,16:58:32,00:00:11
stefano.crapanzano@chu.ulg.ac.be,Lecture documentation,Tâches diverses,2021-02-16,17:02:52,00:01:02
stefano.crapanzano@chu.ulg.ac.be,DevTools - par0009wi.xperthis.be/nwbc/?sap-nwbc-node=app_window_body,Tâches diverses,2021-02-16,10:40:50,00:00:03
stefano.crapanzano@chu.ulg.ac.be,DevTools - par0009wi.xperthis.be/nwbc/?sap-nwbc-node=app_window_body,Tâches diverses,2021-02-16,10:41:04,00:00:16
stefano.crapanzano@chu.ulg.ac.be,DevTools - par0009wi.xperthis.be/nwbc/?sap-nwbc-node=app_window_body,Helpdesk général,2021-02-16,10:41:29,00:00:05
stefano.crapanzano@chu.ulg.ac.be,DevTools - par0009wi.xperthis.be/nwbc/?sap-nwbc-node=app_window_body,Tâches diverses,2021-02-16,10:53:13,00:43:02
stefano.crapanzano@chu.ulg.ac.be,SAP GUI for Windows 750,Exploration SAP,2021-02-16,11:36:15,00:00:02
stefano.crapanzano@chu.ulg.ac.be,P203 CHU FIA non reprise dans demande d'achat - Bienvenue! Vous pouvez poser une demande de Service Desk ERP for HealthCare parmi les options fournies. - Service d'assistance - Google Chrome,Tâches diverses,2021-02-16,11:37:19,00:00:34
stefano.crapanzano@chu.ulg.ac.be,P203 CHU Carenet Compte C - Bienvenue! Vous pouvez poser une demande de Service Desk ERP for HealthCare parmi les options fournies. - Service d'assistance - Google Chrome,Tâches diverses,2021-02-16,11:37:58,00:00:08
stefano.crapanzano@chu.ulg.ac.be,P203 CHU Document de commande d'achat non visible à partir de SSP - Bienvenue! Vous pouvez poser une demande de Service Desk ERP for HealthCare parmi les options fournies. - Service d'assistance - Google Chrome,Tâches diverses,2021-02-16,11:38:21,00:00:06
stefano.crapanzano@chu.ulg.ac.be,P203 CHU Rapprochement F-03 pour mut V0300000 - Bienvenue! Vous pouvez poser une demande de Service Desk ERP for HealthCare parmi les options fournies. - Service d'assistance - Google Chrome,Tâches diverses,2021-02-16,11:38:31,00:00:10
stefano.crapanzano@chu.ulg.ac.be,Service MT - Google Chrome,Tâches diverses,2021-02-16,11:47:16,00:19:43
stefano.crapanzano@chu.ulg.ac.be,Service MT - Google Chrome,Tâches diverses,2021-02-16,12:43:06,00:00:04
stefano.crapanzano@chu.ulg.ac.be,127.0.0.1 - Google Chrome,Tâches diverses,2021-02-16,12:44:10,00:00:04
stefano.crapanzano@chu.ulg.ac.be,SAM - DB - Google Chrome,Tâches diverses,2021-02-16,12:43:12,00:00:13
stefano.crapanzano@chu.ulg.ac.be,SAM - DB - Google Chrome,Tâches diverses,2021-02-16,12:43:27,00:00:43
stefano.crapanzano@chu.ulg.ac.be,popup empty ssp sap – Recherche Google - Google Chrome,Tâches diverses,2021-02-16,12:44:24,00:00:19
stefano.crapanzano@chu.ulg.ac.be,popup empty ssp sap lightspeed - Recherche Google - Google Chrome,Tâches diverses,2021-02-16,12:45:05,00:00:03
stefano.crapanzano@chu.ulg.ac.be,popup empty ssp sap lightspeed - Recherche Google - Google Chrome,Tâches diverses,2021-02-16,12:46:44,00:00:03
stefano.crapanzano@chu.ulg.ac.be,popup empty ssp sap lightspeed - Recherche Google - Google Chrome,Tâches diverses,2021-02-16,12:50:00,00:00:06
stefano.crapanzano@chu.ulg.ac.be,popup empty ssp sap lightspeed - Recherche Google - Google Chrome,Tâches diverses,2021-02-16,12:50:33,00:00:05
stefano.crapanzano@chu.ulg.ac.be,Google chrome 75 - Webdynpro Java Popup is not opening - SAP Portal - SAP Q&A - Google Chrome,Tâches diverses,2021-02-16,12:45:09,00:00:49
stefano.crapanzano@chu.ulg.ac.be,Google chrome 75 - Webdynpro Java Popup is not opening - SAP Portal - SAP Q&A - Google Chrome,Tâches diverses,2021-02-16,12:46:13,00:00:31
stefano.crapanzano@chu.ulg.ac.be,P203 CHU Popup vide dans SSP - Bienvenue! Vous pouvez poser une demande de Service Desk ERP for HealthCare parmi les options fournies. - Service d'assistance - Google Chrome,Tâches diverses,2021-02-16,12:46:08,00:00:04
stefano.crapanzano@chu.ulg.ac.be,P203 CHU Popup vide dans SSP - Bienvenue! Vous pouvez poser une demande de Service Desk ERP for HealthCare parmi les options fournies. - Service d'assistance - Google Chrome,Tâches diverses,2021-02-16,12:47:01,00:00:07
stefano.crapanzano@chu.ulg.ac.be,P203 CHU Popup vide dans SSP - Bienvenue! Vous pouvez poser une demande de Service Desk ERP for HealthCare parmi les options fournies. - Service d'assistance - Google Chrome,Tâches diverses,2021-02-16,12:48:02,00:00:29
stefano.crapanzano@chu.ulg.ac.be,P203 CHU Popup vide dans SSP - Bienvenue! Vous pouvez poser une demande de Service Desk ERP for HealthCare parmi les options fournies. - Service d'assistance - Google Chrome,Tâches diverses,2021-02-16,12:49:39,00:00:19
stefano.crapanzano@chu.ulg.ac.be,P203 CHU Popup vide dans SSP - Bienvenue! Vous pouvez poser une demande de Service Desk ERP for HealthCare parmi les options fournies. - Service d'assistance - Google Chrome,Tâches diverses,2021-02-16,12:51:32,00:00:05
stefano.crapanzano@chu.ulg.ac.be,P203 CHR-Impossible de déverser un OI (CF divergent par rapport à l'ordre) - Bienvenue! Vous pouvez poser une demande de Service Desk ERP for HealthCare parmi les options fournies. - Service d'assistance - Google Chrome,Tâches diverses,2021-02-16,12:51:42,00:00:42
stefano.crapanzano@chu.ulg.ac.be,login mixin django - Recherche Google - Google Chrome,Tâches diverses,2021-02-16,13:24:38,00:00:03
stefano.crapanzano@chu.ulg.ac.be,login mixin django - Recherche Google - Google Chrome,Tâches diverses,2021-02-16,13:25:32,00:00:02
stefano.crapanzano@chu.ulg.ac.be,login mixin django - Recherche Google - Google Chrome,Tâches diverses,2021-02-16,13:25:46,00:00:07
stefano.crapanzano@chu.ulg.ac.be,Utilisation du système d’authentification de Django | Documentation de Django | Django - Google Chrome,Tâches diverses,2021-02-16,13:24:42,00:00:22
stefano.crapanzano@chu.ulg.ac.be,Utilisation du système d’authentification de Django | Documentation de Django | Django - Google Chrome,Tâches diverses,2021-02-16,13:25:16,00:00:02
stefano.crapanzano@chu.ulg.ac.be,Utilisation du système d’authentification de Django | Documentation de Django | Django - Google Chrome,Tâches diverses,2021-02-16,13:25:27,00:00:04
stefano.crapanzano@chu.ulg.ac.be,Using Django Login Required Mixin - Stack Overflow - Google Chrome,Tâches diverses,2021-02-16,13:25:34,00:00:11
stefano.crapanzano@chu.ulg.ac.be,generic view django - Recherche Google - Google Chrome,Tâches diverses,2021-02-16,13:25:53,00:00:04
stefano.crapanzano@chu.ulg.ac.be,generic view django - Recherche Google - Google Chrome,Tâches diverses,2021-02-16,13:26:59,00:00:04
stefano.crapanzano@chu.ulg.ac.be,generic view django - Recherche Google - Google Chrome,Tâches diverses,2021-02-16,13:27:13,00:00:03
stefano.crapanzano@chu.ulg.ac.be,generic view django - Recherche Google - Google Chrome,Tâches diverses,2021-02-16,13:27:36,00:00:06
stefano.crapanzano@chu.ulg.ac.be,Vues génériques fondées sur les classes  fournies par Django | Documentation de Django | Django - Google Chrome,Tâches diverses,2021-02-16,13:25:58,00:00:08
stefano.crapanzano@chu.ulg.ac.be,Vues génériques fondées sur les classes  fournies par Django | Documentation de Django | Django - Google Chrome,Tâches diverses,2021-02-16,13:26:33,00:00:25
stefano.crapanzano@chu.ulg.ac.be,Vues fondées sur les classes | Documentation de Django | Django - Google Chrome,Tâches diverses,2021-02-16,13:27:03,00:00:09
stefano.crapanzano@chu.ulg.ac.be,Tutoriel Django - 6e partie : Vues génériques pour les listes et les détails | MDN - Google Chrome,Tâches diverses,2021-02-16,13:27:17,00:00:19
stefano.crapanzano@chu.ulg.ac.be,generic view django get post - Recherche Google - Google Chrome,Tâches diverses,2021-02-16,13:27:43,00:00:04
stefano.crapanzano@chu.ulg.ac.be,Introduction aux vues fondées sur les classes | Documentation de Django | Django - Google Chrome,Tâches diverses,2021-02-16,13:27:47,00:00:07
stefano.crapanzano@chu.ulg.ac.be,Introduction aux vues fondées sur les classes | Documentation de Django | Django - Google Chrome,Tâches diverses,2021-02-16,13:54:39,00:00:05
stefano.crapanzano@chu.ulg.ac.be,Introduction aux vues fondées sur les classes | Documentation de Django | Django - Google Chrome,Tâches diverses,2021-02-16,13:55:42,00:00:47
stefano.crapanzano@chu.ulg.ac.be,Introduction aux vues fondées sur les classes | Documentation de Django | Django - Google Chrome,Tâches diverses,2021-02-16,15:55:43,00:00:02
stefano.crapanzano@chu.ulg.ac.be,Gewaardeerde voorraad,Exploration SAP,2021-02-16,13:41:35,00:00:04
stefano.crapanzano@chu.ulg.ac.be,Valeur par Type de Magasin,Exploration SAP,2021-02-16,13:41:32,00:00:02
stefano.crapanzano@chu.ulg.ac.be,Calendrier - Zimbra - Stefano Crapanzano - Outlook,Helpdesk général,2021-02-16,15:16:22,00:00:04
stefano.crapanzano@chu.ulg.ac.be,Calendrier - Zimbra - Stefano Crapanzano - Outlook,Helpdesk général,2021-02-16,15:16:39,00:00:02
stefano.crapanzano@chu.ulg.ac.be,SAP HARPEGE - SDM Meeting Q4/2020 - Réunion,Helpdesk général,2021-02-16,15:16:27,00:00:12
stefano.crapanzano@chu.ulg.ac.be,test django - Recherche Google - Google Chrome,Tâches diverses,2021-02-16,15:55:49,00:00:03
stefano.crapanzano@chu.ulg.ac.be,Les tests dans Django | Documentation de Django | Django - Google Chrome,Tâches diverses,2021-02-16,15:55:53,00:00:07
stefano.crapanzano@chu.ulg.ac.be,Écriture et lancement de tests | Documentation de Django | Django - Google Chrome,Tâches diverses,2021-02-16,15:56:00,00:00:29
stefano.crapanzano@chu.ulg.ac.be,Écriture et lancement de tests | Documentation de Django | Django - Google Chrome,Tâches diverses,2021-02-16,15:56:58,00:00:07
stefano.crapanzano@chu.ulg.ac.be,Écriture et lancement de tests | Documentation de Django | Django - Google Chrome,Tâches diverses,2021-02-16,15:57:52,00:00:03
stefano.crapanzano@chu.ulg.ac.be,Écriture et lancement de tests | Documentation de Django | Django - Google Chrome,Tâches diverses,2021-02-16,16:00:34,00:00:39
stefano.crapanzano@chu.ulg.ac.be,Outils de test | Documentation de Django | Django - Google Chrome,Tâches diverses,2021-02-16,15:56:30,00:00:28
stefano.crapanzano@chu.ulg.ac.be,Outils de test | Documentation de Django | Django - Google Chrome,Tâches diverses,2021-02-16,15:57:55,00:00:03
stefano.crapanzano@chu.ulg.ac.be,Outils de test | Documentation de Django | Django - Google Chrome,Tâches diverses,2021-02-16,15:58:18,00:00:02
stefano.crapanzano@chu.ulg.ac.be,Outils de test | Documentation de Django | Django - Google Chrome,Tâches diverses,2021-02-16,15:58:22,00:00:02
stefano.crapanzano@chu.ulg.ac.be,Outils de test | Documentation de Django | Django - Google Chrome,Tâches diverses,2021-02-16,15:58:38,00:00:36
stefano.crapanzano@chu.ulg.ac.be,Outils de test | Documentation de Django | Django - Google Chrome,Tâches diverses,2021-02-16,16:00:26,00:00:08
stefano.crapanzano@chu.ulg.ac.be,django test settings package - Recherche Google - Google Chrome,Tâches diverses,2021-02-16,16:01:48,00:00:07
stefano.crapanzano@chu.ulg.ac.be,How to Unit test with different settings in Django? - Stack Overflow - Google Chrome,Tâches diverses,2021-02-16,16:01:55,00:00:23
stefano.crapanzano@chu.ulg.ac.be,django unittest failed to load - Recherche Google - Google Chrome,Tâches diverses,2021-02-16,16:04:05,00:00:02
stefano.crapanzano@chu.ulg.ac.be,django unittest failed to load - Recherche Google - Google Chrome,Tâches diverses,2021-02-16,16:04:30,00:00:06
stefano.crapanzano@chu.ulg.ac.be,django unittest failed to load - Recherche Google - Google Chrome,Tâches diverses,2021-02-16,16:06:58,00:00:07
stefano.crapanzano@chu.ulg.ac.be,python - Why is my Django Unittest failing to load with  ImportError: Failed to import test module: tests  - Stack Overflow - Google Chrome,Tâches diverses,2021-02-16,16:04:08,00:00:21
stefano.crapanzano@chu.ulg.ac.be,Module Not Found Error when trying to use Test functionality - solved - Using Django - Django Forum - Google Chrome,Tâches diverses,2021-02-16,16:04:36,00:00:48
stefano.crapanzano@chu.ulg.ac.be,Module Not Found Error when trying to use Test functionality - solved - Using Django - Django Forum - Google Chrome,Tâches diverses,2021-02-16,16:05:31,00:00:40
stefano.crapanzano@chu.ulg.ac.be,django unittest failed to load no module named - Recherche Google - Google Chrome,Tâches diverses,2021-02-16,16:07:05,00:00:03
stefano.crapanzano@chu.ulg.ac.be,django unittest failed to load no module named - Recherche Google - Google Chrome,Tâches diverses,2021-02-16,16:09:41,00:00:04
stefano.crapanzano@chu.ulg.ac.be,python - Running django tutorial tests fail - No module named polls.tests - Stack Overflow - Google Chrome,Tâches diverses,2021-02-16,16:07:09,00:00:05
stefano.crapanzano@chu.ulg.ac.be,python - Running django tutorial tests fail - No module named polls.tests - Stack Overflow - Google Chrome,Tâches diverses,2021-02-16,16:07:25,00:00:04
stefano.crapanzano@chu.ulg.ac.be,python - Running django tutorial tests fail - No module named polls.tests - Stack Overflow - Google Chrome,Tâches diverses,2021-02-16,16:09:37,00:00:03
stefano.crapanzano@chu.ulg.ac.be,django unittest failed to loader no module named - Recherche Google - Google Chrome,Tâches diverses,2021-02-16,16:09:46,00:00:07
stefano.crapanzano@chu.ulg.ac.be,django unittest failed to loader no module named settings - Recherche Google - Google Chrome,Tâches diverses,2021-02-16,16:09:53,00:00:04
stefano.crapanzano@chu.ulg.ac.be,django unittest failed to loader no module named settings - Recherche Google - Google Chrome,Tâches diverses,2021-02-16,16:11:20,00:00:15
stefano.crapanzano@chu.ulg.ac.be,ImportError/ModuleNotFoundError - Using Django - Django Forum - Google Chrome,Tâches diverses,2021-02-16,16:09:58,00:01:22
stefano.crapanzano@chu.ulg.ac.be,django testcase with multile settings - Recherche Google - Google Chrome,Tâches diverses,2021-02-16,16:11:35,00:00:07
stefano.crapanzano@chu.ulg.ac.be,django testcase with multile settings - Recherche Google - Google Chrome,Tâches diverses,2021-02-16,16:11:45,00:00:04
stefano.crapanzano@chu.ulg.ac.be,django testcase with multile settings - Recherche Google - Google Chrome,Tâches diverses,2021-02-16,16:12:02,00:00:07
stefano.crapanzano@chu.ulg.ac.be,django testcase with multile settings - Recherche Google - Google Chrome,Tâches diverses,2021-02-16,16:12:27,00:00:06
stefano.crapanzano@chu.ulg.ac.be,python - Modifying Django settings in tests - Stack Overflow - Google Chrome,Tâches diverses,2021-02-16,16:11:43,00:00:02
stefano.crapanzano@chu.ulg.ac.be,python - Override Settings for django test does not seem to work - Stack Overflow - Google Chrome,Tâches diverses,2021-02-16,16:11:50,00:00:12
stefano.crapanzano@chu.ulg.ac.be,django test case with multiple settings site:stackoverflow.com - Recherche Google - Google Chrome,Tâches diverses,2021-02-16,16:12:09,00:00:11
stefano.crapanzano@chu.ulg.ac.be,django test case with multiple settings site:stackoverflow.com - Recherche Google - Google Chrome,Tâches diverses,2021-02-16,16:12:24,00:00:02
stefano.crapanzano@chu.ulg.ac.be,django - Best way to change the value of  settings  from within a Python test case? - Stack Overflow - Google Chrome,Tâches diverses,2021-02-16,16:12:20,00:00:03
stefano.crapanzano@chu.ulg.ac.be,django testcase with multiple settings - Recherche Google - Google Chrome,Tâches diverses,2021-02-16,16:12:33,00:00:03
stefano.crapanzano@chu.ulg.ac.be,django testcase with multiple settings files - Recherche Google - Google Chrome,Tâches diverses,2021-02-16,16:12:36,00:00:10
stefano.crapanzano@chu.ulg.ac.be,python - django testing with local settings - Stack Overflow - Google Chrome,Tâches diverses,2021-02-16,16:12:47,00:00:14
stefano.crapanzano@chu.ulg.ac.be,File  C:\Python38-32\lib\unittest\loader.py   line 378  in _get_module_from_name __import__(name) ModuleNotFoundError: No module named 'project.project' - Recherche Google - Google Chrome,Tâches diverses,2021-02-16,16:20:09,00:00:03
stefano.crapanzano@chu.ulg.ac.be,python - Django error with test module while running tests - Stack Overflow - Google Chrome,Tâches diverses,2021-02-16,16:20:13,00:01:02
