Email,Description,Project,Start date,Start time,Duration
stefano.crapanzano@chu.ulg.ac.be,Administrateur : Perl (command line) - python  main.py,IT,2021-02-18,08:31:02,00:00:02
stefano.crapanzano@chu.ulg.ac.be,Administrateur : Perl (command line) - python  main.py,IT,2021-02-18,17:07:51,00:00:03
stefano.crapanzano@chu.ulg.ac.be,Navigation système de fichier,IT,2021-02-18,08:31:05,00:00:02
stefano.crapanzano@chu.ulg.ac.be,Navigation système de fichier,IT,2021-02-18,08:44:53,00:00:03
stefano.crapanzano@chu.ulg.ac.be,Navigation système de fichier,IT,2021-02-18,08:46:42,00:00:02
stefano.crapanzano@chu.ulg.ac.be,Navigation système de fichier,IT,2021-02-18,09:24:26,00:00:02
stefano.crapanzano@chu.ulg.ac.be,Navigation système de fichier,IT,2021-02-18,09:35:12,00:00:17
stefano.crapanzano@chu.ulg.ac.be,Navigation système de fichier,IT,2021-02-18,09:37:22,00:00:03
stefano.crapanzano@chu.ulg.ac.be,Navigation système de fichier,IT,2021-02-18,10:01:09,00:00:05
stefano.crapanzano@chu.ulg.ac.be,Navigation système de fichier,IT,2021-02-18,10:11:40,00:00:02
stefano.crapanzano@chu.ulg.ac.be,Navigation système de fichier,IT,2021-02-18,10:19:55,00:01:53
stefano.crapanzano@chu.ulg.ac.be,Navigation système de fichier,IT,2021-02-18,17:07:48,00:00:02
stefano.crapanzano@chu.ulg.ac.be,Boîte de réception - erp.sai@chuliege.be - Outlook,Helpdesk général,2021-02-18,08:31:07,00:00:03
stefano.crapanzano@chu.ulg.ac.be,Boîte de réception - erp.sai@chuliege.be - Outlook,Helpdesk général,2021-02-18,08:31:28,00:13:24
stefano.crapanzano@chu.ulg.ac.be,Boîte de Réception - Zimbra - Stefano Crapanzano - Outlook,Helpdesk général,2021-02-18,08:31:10,00:00:18
stefano.crapanzano@chu.ulg.ac.be,Programmation,IT,2021-02-18,08:44:56,00:00:08
stefano.crapanzano@chu.ulg.ac.be,Programmation,IT,2021-02-18,08:46:44,00:37:27
stefano.crapanzano@chu.ulg.ac.be,Programmation,IT,2021-02-18,09:24:28,00:00:56
stefano.crapanzano@chu.ulg.ac.be,Programmation,IT,2021-02-18,09:26:23,00:00:29
stefano.crapanzano@chu.ulg.ac.be,Programmation,IT,2021-02-18,09:27:17,00:00:49
stefano.crapanzano@chu.ulg.ac.be,Programmation,IT,2021-02-18,09:31:13,00:00:43
stefano.crapanzano@chu.ulg.ac.be,Programmation,IT,2021-02-18,09:32:20,00:02:52
stefano.crapanzano@chu.ulg.ac.be,Programmation,IT,2021-02-18,09:35:30,00:01:52
stefano.crapanzano@chu.ulg.ac.be,Programmation,IT,2021-02-18,09:37:28,00:23:19
stefano.crapanzano@chu.ulg.ac.be,Programmation,IT,2021-02-18,10:00:49,00:00:19
stefano.crapanzano@chu.ulg.ac.be,Programmation,IT,2021-02-18,10:06:21,00:04:51
stefano.crapanzano@chu.ulg.ac.be,Programmation,IT,2021-02-18,12:09:28,04:58:20
stefano.crapanzano@chu.ulg.ac.be,Le fonctionnement de $.ajax() - Un site web dynamique avec jQuery ! - OpenClassrooms - Google Chrome,Tâches diverses,2021-02-18,08:45:05,00:00:02
stefano.crapanzano@chu.ulg.ac.be,Le fonctionnement de $.ajax() - Un site web dynamique avec jQuery ! - OpenClassrooms - Google Chrome,Tâches diverses,2021-02-18,08:46:37,00:00:04
stefano.crapanzano@chu.ulg.ac.be,Nouvel onglet - Google Chrome,Tâches diverses,2021-02-18,08:45:08,00:00:02
stefano.crapanzano@chu.ulg.ac.be,Identification - Google Chrome,Tâches diverses,2021-02-18,08:45:10,00:00:09
stefano.crapanzano@chu.ulg.ac.be,SAM - DB - Google Chrome,Tâches diverses,2021-02-18,08:45:21,00:01:16
stefano.crapanzano@chu.ulg.ac.be,SVN_LOCAL – CHL_ERP_RAPPORT_STOCK_ARTICLE.bat [SVN_LOCAL] (Administrator),IT,2021-02-18,09:24:12,00:00:14
stefano.crapanzano@chu.ulg.ac.be,SVN_LOCAL – CHL_ERP_RAPPORT_STOCK_ARTICLE.bat [SVN_LOCAL] (Administrator),IT,2021-02-18,10:11:13,00:00:08
stefano.crapanzano@chu.ulg.ac.be,Lecture documentation,Tâches diverses,2021-02-18,09:25:24,00:00:58
stefano.crapanzano@chu.ulg.ac.be,Lecture documentation,Tâches diverses,2021-02-18,09:26:53,00:00:02
stefano.crapanzano@chu.ulg.ac.be,Lecture documentation,Tâches diverses,2021-02-18,09:27:01,00:00:05
stefano.crapanzano@chu.ulg.ac.be,Lecture documentation,Tâches diverses,2021-02-18,09:28:07,00:03:05
stefano.crapanzano@chu.ulg.ac.be,SAP Logon 750,Exploration SAP,2021-02-18,09:26:57,00:00:03
stefano.crapanzano@chu.ulg.ac.be,SAP Logon 750,Exploration SAP,2021-02-18,09:27:07,00:00:10
stefano.crapanzano@chu.ulg.ac.be,LABO - Stock article - Google Chrome,Tâches diverses,2021-02-18,09:31:58,00:00:02
stefano.crapanzano@chu.ulg.ac.be,LABO - Stock article - Google Chrome,Tâches diverses,2021-02-18,09:32:03,00:00:02
stefano.crapanzano@chu.ulg.ac.be,LABO - Stock article - Google Chrome,Tâches diverses,2021-02-18,09:32:11,00:00:07
stefano.crapanzano@chu.ulg.ac.be,SVN_LOCAL – CHL_ERP_RAPPORT_STOCK_ARTICLE.pl [SVN_LOCAL] (Administrator),IT,2021-02-18,10:11:22,00:00:18
stefano.crapanzano@chu.ulg.ac.be,SVN_LOCAL – CHL_ERP_RAPPORT_STOCK_ARTICLE.pl [SVN_LOCAL] (Administrator),IT,2021-02-18,10:32:03,00:00:02
stefano.crapanzano@chu.ulg.ac.be,SVN_LOCAL – CHL_ERP_RAPPORT_STOCK_ARTICLE.pl [SVN_LOCAL] (Administrator),IT,2021-02-18,10:32:08,00:06:31
stefano.crapanzano@chu.ulg.ac.be,SVN_LOCAL – \\OAZfact2.st.chulg\perl_chl_perl5lib\PERL_SET_APPL_ENV.pm (Administrator),IT,2021-02-18,10:11:47,00:00:04
stefano.crapanzano@chu.ulg.ac.be,SVN_LOCAL – \\OAZfact2.st.chulg\perl_chl_perl5lib\PERL_SET_APPL_ENV.pm (Administrator),IT,2021-02-18,10:21:49,00:10:14
stefano.crapanzano@chu.ulg.ac.be,*new 6 - Notepad++ [Administrator],IT,2021-02-18,10:12:10,00:00:04
stefano.crapanzano@chu.ulg.ac.be,*new 6 - Notepad++ [Administrator],IT,2021-02-18,10:12:29,00:05:04
stefano.crapanzano@chu.ulg.ac.be,*new 6 - Notepad++ [Administrator],IT,2021-02-18,10:18:52,00:01:03
stefano.crapanzano@chu.ulg.ac.be,Rechercher,IT,2021-02-18,10:12:14,00:00:02
stefano.crapanzano@chu.ulg.ac.be,Remplacer,IT,2021-02-18,10:12:17,00:00:12
stefano.crapanzano@chu.ulg.ac.be,Go to Line/Column,IT,2021-02-18,10:32:06,00:00:02
stefano.crapanzano@chu.ulg.ac.be,SVN_LOCAL – ALERT_EMAIL_ERP.pm [SVN_LOCAL] (Administrator),IT,2021-02-18,10:38:40,01:30:46
