Email,Description,Project,Start date,Start time,Duration
stefano.crapanzano@chu.ulg.ac.be,Changement de tâche,Tâches diverses,2021-09-22,09:58:57,00:00:02
stefano.crapanzano@chu.ulg.ac.be,Navigation système de fichier,IT,2021-09-22,08:26:23,00:00:02
stefano.crapanzano@chu.ulg.ac.be,Navigation système de fichier,IT,2021-09-22,08:28:19,00:00:03
stefano.crapanzano@chu.ulg.ac.be,Navigation système de fichier,IT,2021-09-22,08:49:55,00:00:03
stefano.crapanzano@chu.ulg.ac.be,Navigation système de fichier,IT,2021-09-22,09:11:32,00:00:02
stefano.crapanzano@chu.ulg.ac.be,Navigation système de fichier,IT,2021-09-22,09:12:42,00:00:17
stefano.crapanzano@chu.ulg.ac.be,Navigation système de fichier,IT,2021-09-22,09:13:14,00:00:06
stefano.crapanzano@chu.ulg.ac.be,Navigation système de fichier,IT,2021-09-22,09:13:34,00:00:02
stefano.crapanzano@chu.ulg.ac.be,Navigation système de fichier,IT,2021-09-22,09:23:19,00:00:03
stefano.crapanzano@chu.ulg.ac.be,Navigation système de fichier,IT,2021-09-22,09:28:47,00:00:03
stefano.crapanzano@chu.ulg.ac.be,Navigation système de fichier,IT,2021-09-22,09:39:55,00:00:03
stefano.crapanzano@chu.ulg.ac.be,Navigation système de fichier,IT,2021-09-22,09:40:02,00:00:05
stefano.crapanzano@chu.ulg.ac.be,Navigation système de fichier,IT,2021-09-22,09:42:22,00:00:02
stefano.crapanzano@chu.ulg.ac.be,Navigation système de fichier,IT,2021-09-22,09:47:32,00:00:02
stefano.crapanzano@chu.ulg.ac.be,Navigation système de fichier,IT,2021-09-22,09:49:12,00:00:03
stefano.crapanzano@chu.ulg.ac.be,Navigation système de fichier,IT,2021-09-22,09:53:37,00:00:02
stefano.crapanzano@chu.ulg.ac.be,Navigation système de fichier,IT,2021-09-22,09:55:46,00:00:03
stefano.crapanzano@chu.ulg.ac.be,Navigation système de fichier,IT,2021-09-22,09:57:05,00:00:02
stefano.crapanzano@chu.ulg.ac.be,Navigation système de fichier,IT,2021-09-22,10:24:20,00:00:02
stefano.crapanzano@chu.ulg.ac.be,Navigation système de fichier,IT,2021-09-22,10:31:05,00:00:02
stefano.crapanzano@chu.ulg.ac.be,Navigation système de fichier,IT,2021-09-22,10:32:02,00:00:05
stefano.crapanzano@chu.ulg.ac.be,Navigation système de fichier,IT,2021-09-22,10:39:33,00:00:02
stefano.crapanzano@chu.ulg.ac.be,Navigation système de fichier,IT,2021-09-22,10:41:19,00:00:02
stefano.crapanzano@chu.ulg.ac.be,Navigation système de fichier,IT,2021-09-22,10:41:55,00:00:02
stefano.crapanzano@chu.ulg.ac.be,Navigation système de fichier,IT,2021-09-22,10:42:05,00:00:03
stefano.crapanzano@chu.ulg.ac.be,Navigation système de fichier,IT,2021-09-22,11:03:57,00:00:03
stefano.crapanzano@chu.ulg.ac.be,Navigation système de fichier,IT,2021-09-22,11:04:52,00:00:02
stefano.crapanzano@chu.ulg.ac.be,Navigation système de fichier,IT,2021-09-22,11:09:19,00:00:04
stefano.crapanzano@chu.ulg.ac.be,Navigation système de fichier,IT,2021-09-22,11:09:59,00:00:02
stefano.crapanzano@chu.ulg.ac.be,Navigation système de fichier,IT,2021-09-22,11:10:17,00:00:03
stefano.crapanzano@chu.ulg.ac.be,Navigation système de fichier,IT,2021-09-22,12:03:26,00:00:17
stefano.crapanzano@chu.ulg.ac.be,Navigation système de fichier,IT,2021-09-22,12:07:24,00:00:02
stefano.crapanzano@chu.ulg.ac.be,Navigation système de fichier,IT,2021-09-22,12:07:42,00:00:02
stefano.crapanzano@chu.ulg.ac.be,Navigation système de fichier,IT,2021-09-22,12:08:06,00:01:04
stefano.crapanzano@chu.ulg.ac.be,Navigation système de fichier,IT,2021-09-22,12:09:18,00:00:19
stefano.crapanzano@chu.ulg.ac.be,Navigation système de fichier,IT,2021-09-22,12:17:32,00:00:11
stefano.crapanzano@chu.ulg.ac.be,Navigation système de fichier,IT,2021-09-22,12:17:45,00:00:03
stefano.crapanzano@chu.ulg.ac.be,Navigation système de fichier,IT,2021-09-22,12:18:01,00:00:12
stefano.crapanzano@chu.ulg.ac.be,Navigation système de fichier,IT,2021-09-22,12:18:54,00:00:08
stefano.crapanzano@chu.ulg.ac.be,Navigation système de fichier,IT,2021-09-22,12:20:51,00:00:03
stefano.crapanzano@chu.ulg.ac.be,Navigation système de fichier,IT,2021-09-22,12:21:36,00:00:02
stefano.crapanzano@chu.ulg.ac.be,Modifier déclaration Intrastat : synthèse des postes - Google Chrome,Tâches diverses,2021-09-22,08:31:08,00:00:37
stefano.crapanzano@chu.ulg.ac.be,Modifier déclaration Intrastat : synthèse des postes - Google Chrome,Tâches diverses,2021-09-22,08:32:12,00:00:34
stefano.crapanzano@chu.ulg.ac.be,Modifier déclaration Intrastat : synthèse des postes - Google Chrome,Tâches diverses,2021-09-22,08:33:55,00:00:18
stefano.crapanzano@chu.ulg.ac.be,Modifier déclaration Intrastat : synthèse des postes - Google Chrome,Tâches diverses,2021-09-22,08:34:33,00:00:18
stefano.crapanzano@chu.ulg.ac.be,Modifier déclaration Intrastat : synthèse des postes - Google Chrome,Tâches diverses,2021-09-22,08:35:11,00:00:09
stefano.crapanzano@chu.ulg.ac.be,Modifier déclaration Intrastat : synthèse des postes - Google Chrome,Tâches diverses,2021-09-22,08:35:47,00:00:05
stefano.crapanzano@chu.ulg.ac.be,Modifier déclaration Intrastat : synthèse des postes - Google Chrome,Tâches diverses,2021-09-22,08:35:58,00:00:05
stefano.crapanzano@chu.ulg.ac.be,Modifier déclaration Intrastat : synthèse des postes - Google Chrome,Tâches diverses,2021-09-22,08:36:15,00:00:06
stefano.crapanzano@chu.ulg.ac.be,Modifier déclaration Intrastat : synthèse des postes - Google Chrome,Tâches diverses,2021-09-22,08:36:43,00:01:41
stefano.crapanzano@chu.ulg.ac.be,Modifier déclaration Intrastat : synthèse des postes - Google Chrome,Tâches diverses,2021-09-22,08:38:52,00:00:13
stefano.crapanzano@chu.ulg.ac.be,Modifier déclaration Intrastat : synthèse des postes - Google Chrome,Tâches diverses,2021-09-22,08:39:20,00:01:17
stefano.crapanzano@chu.ulg.ac.be,Modifier déclaration Intrastat : synthèse des postes - Google Chrome,Tâches diverses,2021-09-22,08:40:44,00:01:52
stefano.crapanzano@chu.ulg.ac.be,Modifier déclaration Intrastat : synthèse des postes - Google Chrome,Tâches diverses,2021-09-22,08:44:10,00:00:54
stefano.crapanzano@chu.ulg.ac.be,Modifier déclaration Intrastat : synthèse des postes - Google Chrome,Tâches diverses,2021-09-22,08:45:58,00:00:12
stefano.crapanzano@chu.ulg.ac.be,Modifier déclaration Intrastat : synthèse des postes - Google Chrome,Tâches diverses,2021-09-22,08:46:15,00:00:17
stefano.crapanzano@chu.ulg.ac.be,Modifier déclaration Intrastat : synthèse des postes - Google Chrome,Tâches diverses,2021-09-22,08:46:39,00:00:27
stefano.crapanzano@chu.ulg.ac.be,Modifier déclaration Intrastat : synthèse des postes - Google Chrome,Tâches diverses,2021-09-22,08:47:43,00:00:30
stefano.crapanzano@chu.ulg.ac.be,Modifier déclaration Intrastat : synthèse des postes - Google Chrome,Tâches diverses,2021-09-22,08:48:56,00:00:22
stefano.crapanzano@chu.ulg.ac.be,Modifier déclaration Intrastat : synthèse des postes - Google Chrome,Tâches diverses,2021-09-22,08:50:01,00:00:22
stefano.crapanzano@chu.ulg.ac.be,Modifier déclaration Intrastat : synthèse des postes - Google Chrome,Tâches diverses,2021-09-22,08:50:36,00:01:28
stefano.crapanzano@chu.ulg.ac.be,Modifier déclaration Intrastat : synthèse des postes - Google Chrome,Tâches diverses,2021-09-22,08:52:11,00:00:02
stefano.crapanzano@chu.ulg.ac.be,Modifier déclaration Intrastat : synthèse des postes - Google Chrome,Tâches diverses,2021-09-22,10:13:17,00:00:45
stefano.crapanzano@chu.ulg.ac.be,Modifier déclaration Intrastat : synthèse des postes - Google Chrome,Tâches diverses,2021-09-22,10:15:07,00:00:09
stefano.crapanzano@chu.ulg.ac.be,Modifier déclaration Intrastat : synthèse des postes - Google Chrome,Tâches diverses,2021-09-22,10:16:07,00:00:30
stefano.crapanzano@chu.ulg.ac.be,Modifier déclaration Intrastat : synthèse des postes - Google Chrome,Tâches diverses,2021-09-22,10:16:54,00:00:29
stefano.crapanzano@chu.ulg.ac.be,Modifier déclaration Intrastat : synthèse des postes - Google Chrome,Tâches diverses,2021-09-22,10:17:36,00:02:20
stefano.crapanzano@chu.ulg.ac.be,Modifier déclaration Intrastat : synthèse des postes - Google Chrome,Tâches diverses,2021-09-22,12:00:32,00:00:10
stefano.crapanzano@chu.ulg.ac.be,Modifier déclaration Intrastat : synthèse des postes - Google Chrome,Tâches diverses,2021-09-22,12:03:00,00:00:26
stefano.crapanzano@chu.ulg.ac.be,Modifier déclaration Intrastat : synthèse des postes - Google Chrome,Tâches diverses,2021-09-22,12:03:54,00:00:04
stefano.crapanzano@chu.ulg.ac.be,Modifier déclaration Intrastat : synthèse des postes - Google Chrome,Tâches diverses,2021-09-22,12:04:03,00:00:20
stefano.crapanzano@chu.ulg.ac.be,Modifier déclaration Intrastat : synthèse des postes - Google Chrome,Tâches diverses,2021-09-22,12:04:59,00:00:48
stefano.crapanzano@chu.ulg.ac.be,Modifier déclaration Intrastat : synthèse des postes - Google Chrome,Tâches diverses,2021-09-22,12:06:01,00:00:39
stefano.crapanzano@chu.ulg.ac.be,Modifier déclaration Intrastat : synthèse des postes - Google Chrome,Tâches diverses,2021-09-22,12:06:41,00:00:42
stefano.crapanzano@chu.ulg.ac.be,Modifier déclaration Intrastat : synthèse des postes - Google Chrome,Tâches diverses,2021-09-22,12:07:39,00:00:02
stefano.crapanzano@chu.ulg.ac.be,Modifier déclaration Intrastat : synthèse des postes - Google Chrome,Tâches diverses,2021-09-22,12:08:02,00:00:03
stefano.crapanzano@chu.ulg.ac.be,Courrier entrant - stefano.crapanzano@chuliege.be - Mozilla Thunderbird,Helpdesk général,2021-09-22,08:26:26,00:00:43
stefano.crapanzano@chu.ulg.ac.be,Courrier entrant - stefano.crapanzano@chuliege.be - Mozilla Thunderbird,Helpdesk général,2021-09-22,08:27:12,00:00:06
stefano.crapanzano@chu.ulg.ac.be,Courrier entrant - stefano.crapanzano@chuliege.be - Mozilla Thunderbird,Helpdesk général,2021-09-22,08:27:25,00:00:46
stefano.crapanzano@chu.ulg.ac.be,Courrier entrant - stefano.crapanzano@chuliege.be - Mozilla Thunderbird,Helpdesk général,2021-09-22,08:57:50,00:02:33
stefano.crapanzano@chu.ulg.ac.be,Courrier entrant - stefano.crapanzano@chuliege.be - Mozilla Thunderbird,Helpdesk général,2021-09-22,09:46:37,00:00:13
stefano.crapanzano@chu.ulg.ac.be,Courrier entrant - stefano.crapanzano@chuliege.be - Mozilla Thunderbird,Helpdesk général,2021-09-22,11:04:01,00:00:02
stefano.crapanzano@chu.ulg.ac.be,Courrier entrant - stefano.crapanzano@chuliege.be - Mozilla Thunderbird,Helpdesk général,2021-09-22,11:17:37,00:00:07
stefano.crapanzano@chu.ulg.ac.be,Courrier entrant - stefano.crapanzano@chuliege.be - Mozilla Thunderbird,Helpdesk général,2021-09-22,11:21:23,00:00:22
stefano.crapanzano@chu.ulg.ac.be,Courrier entrant - stefano.crapanzano@chuliege.be - Mozilla Thunderbird,Helpdesk général,2021-09-22,11:39:39,00:00:04
stefano.crapanzano@chu.ulg.ac.be,Courrier entrant - erp.sai@chuliege.be - Mozilla Thunderbird,Helpdesk général,2021-09-22,08:27:09,00:00:02
stefano.crapanzano@chu.ulg.ac.be,Courrier entrant - erp.sai@chuliege.be - Mozilla Thunderbird,Helpdesk général,2021-09-22,08:56:38,00:00:50
stefano.crapanzano@chu.ulg.ac.be,Courrier entrant - erp.sai@chuliege.be - Mozilla Thunderbird,Helpdesk général,2021-09-22,09:42:43,00:00:46
stefano.crapanzano@chu.ulg.ac.be,Courrier entrant - erp.sai@chuliege.be - Mozilla Thunderbird,Helpdesk général,2021-09-22,09:44:27,00:00:12
stefano.crapanzano@chu.ulg.ac.be,Courrier entrant - erp.sai@chuliege.be - Mozilla Thunderbird,Helpdesk général,2021-09-22,09:44:40,00:01:57
stefano.crapanzano@chu.ulg.ac.be,Courrier entrant - erp.sai@chuliege.be - Mozilla Thunderbird,Helpdesk général,2021-09-22,09:46:51,00:00:41
stefano.crapanzano@chu.ulg.ac.be,Courrier entrant - erp.sai@chuliege.be - Mozilla Thunderbird,Helpdesk général,2021-09-22,10:39:28,00:00:05
stefano.crapanzano@chu.ulg.ac.be,Courrier entrant - erp.sai@chuliege.be - Mozilla Thunderbird,Helpdesk général,2021-09-22,11:17:45,00:00:09
stefano.crapanzano@chu.ulg.ac.be,Courrier entrant - erp.sai@chuliege.be - Mozilla Thunderbird,Helpdesk général,2021-09-22,11:18:02,00:03:20
stefano.crapanzano@chu.ulg.ac.be,Courrier entrant - erp.sai@chuliege.be - Mozilla Thunderbird,Helpdesk général,2021-09-22,11:21:45,00:00:11
stefano.crapanzano@chu.ulg.ac.be,Courrier entrant - erp.sai@chuliege.be - Mozilla Thunderbird,Helpdesk général,2021-09-22,11:31:28,00:00:03
stefano.crapanzano@chu.ulg.ac.be,Courrier entrant - erp.sai@chuliege.be - Mozilla Thunderbird,Helpdesk général,2021-09-22,11:31:33,00:00:02
stefano.crapanzano@chu.ulg.ac.be,Courrier entrant - erp.sai@chuliege.be - Mozilla Thunderbird,Helpdesk général,2021-09-22,11:39:43,00:19:53
stefano.crapanzano@chu.ulg.ac.be,Courrier entrant - erp.sai@chuliege.be - Mozilla Thunderbird,Helpdesk général,2021-09-22,12:22:01,00:00:06
stefano.crapanzano@chu.ulg.ac.be,Courrier entrant - erp.sai@chuliege.be - Mozilla Thunderbird,Helpdesk général,2021-09-22,12:23:29,00:10:06
stefano.crapanzano@chu.ulg.ac.be,Notification par courrier électronique,Helpdesk général,2021-09-22,08:27:18,00:00:06
stefano.crapanzano@chu.ulg.ac.be,SAP Easy Access Menu de base Applications financières-économiques X01 (3),Helpdesk général,2021-09-22,08:28:12,00:00:02
stefano.crapanzano@chu.ulg.ac.be,SAP Easy Access Menu de base Applications financières-économiques,Exploration SAP,2021-09-22,08:28:14,00:00:05
stefano.crapanzano@chu.ulg.ac.be,SAP Easy Access Menu de base Applications financières-économiques,Exploration SAP,2021-09-22,08:28:23,00:00:05
stefano.crapanzano@chu.ulg.ac.be,SAP Easy Access Menu de base Applications financières-économiques,Exploration SAP,2021-09-22,09:49:19,00:00:03
stefano.crapanzano@chu.ulg.ac.be,Réunion Marie-Pierre Verbiest 21/09 Business partn - OneNote,Exploration SAP,2021-09-22,08:28:29,00:00:08
stefano.crapanzano@chu.ulg.ac.be,Connexion - Google Chrome,Tâches diverses,2021-09-22,08:28:42,00:00:10
stefano.crapanzano@chu.ulg.ac.be,Gérer déclarations Intrastat : synthèse des déclarations - Google Chrome,Tâches diverses,2021-09-22,08:28:54,00:00:03
stefano.crapanzano@chu.ulg.ac.be,Gérer déclarations Intrastat : synthèse des déclarations - Google Chrome,Tâches diverses,2021-09-22,08:30:26,00:00:41
stefano.crapanzano@chu.ulg.ac.be,Gérer déclarations Intrastat : synthèse des déclarations - Google Chrome,Tâches diverses,2021-09-22,08:36:04,00:00:10
stefano.crapanzano@chu.ulg.ac.be,Gérer déclarations Intrastat : synthèse des déclarations - Google Chrome,Tâches diverses,2021-09-22,08:38:24,00:00:27
stefano.crapanzano@chu.ulg.ac.be,Gérer déclarations Intrastat : synthèse des déclarations - Google Chrome,Tâches diverses,2021-09-22,08:45:04,00:00:53
stefano.crapanzano@chu.ulg.ac.be,Gérer déclarations Intrastat : synthèse des déclarations - Google Chrome,Tâches diverses,2021-09-22,08:46:10,00:00:05
stefano.crapanzano@chu.ulg.ac.be,Gérer déclarations Intrastat : synthèse des déclarations - Google Chrome,Tâches diverses,2021-09-22,08:46:33,00:00:06
stefano.crapanzano@chu.ulg.ac.be,Gérer déclarations Intrastat : synthèse des déclarations - Google Chrome,Tâches diverses,2021-09-22,08:47:07,00:00:10
stefano.crapanzano@chu.ulg.ac.be,Gérer déclarations Intrastat : synthèse des déclarations - Google Chrome,Tâches diverses,2021-09-22,08:47:39,00:00:04
stefano.crapanzano@chu.ulg.ac.be,Gérer déclarations Intrastat : synthèse des déclarations - Google Chrome,Tâches diverses,2021-09-22,08:48:14,00:00:18
stefano.crapanzano@chu.ulg.ac.be,Gérer déclarations Intrastat : synthèse des déclarations - Google Chrome,Tâches diverses,2021-09-22,08:48:48,00:00:07
stefano.crapanzano@chu.ulg.ac.be,Gérer déclarations Intrastat : synthèse des déclarations - Google Chrome,Tâches diverses,2021-09-22,08:52:05,00:00:06
stefano.crapanzano@chu.ulg.ac.be,Gérer déclarations Intrastat : synthèse des déclarations - Google Chrome,Tâches diverses,2021-09-22,08:52:14,00:00:19
stefano.crapanzano@chu.ulg.ac.be,Gérer déclarations Intrastat : synthèse des déclarations - Google Chrome,Tâches diverses,2021-09-22,08:52:45,00:00:02
stefano.crapanzano@chu.ulg.ac.be,Gérer déclarations Intrastat : synthèse des déclarations - Google Chrome,Tâches diverses,2021-09-22,10:06:16,00:00:05
stefano.crapanzano@chu.ulg.ac.be,Gérer déclarations Intrastat : synthèse des déclarations - Google Chrome,Tâches diverses,2021-09-22,10:09:11,00:01:07
stefano.crapanzano@chu.ulg.ac.be,Gérer déclarations Intrastat : synthèse des déclarations - Google Chrome,Tâches diverses,2021-09-22,10:12:03,00:01:13
stefano.crapanzano@chu.ulg.ac.be,Gérer déclarations Intrastat : synthèse des déclarations - Google Chrome,Tâches diverses,2021-09-22,10:19:57,00:00:05
stefano.crapanzano@chu.ulg.ac.be,Gérer déclarations Intrastat : synthèse des déclarations - Google Chrome,Tâches diverses,2021-09-22,10:20:05,00:00:45
stefano.crapanzano@chu.ulg.ac.be,Gérer déclarations Intrastat : synthèse des déclarations - Google Chrome,Tâches diverses,2021-09-22,10:20:56,00:00:02
stefano.crapanzano@chu.ulg.ac.be,Gérer déclarations Intrastat : synthèse des déclarations - Google Chrome,Tâches diverses,2021-09-22,10:21:12,00:00:02
stefano.crapanzano@chu.ulg.ac.be,Gérer déclarations Intrastat : synthèse des déclarations - Google Chrome,Tâches diverses,2021-09-22,10:25:23,00:00:04
stefano.crapanzano@chu.ulg.ac.be,Gérer déclarations Intrastat : synthèse des déclarations - Google Chrome,Tâches diverses,2021-09-22,11:15:16,00:00:02
stefano.crapanzano@chu.ulg.ac.be,Gérer déclarations Intrastat : synthèse des déclarations - Google Chrome,Tâches diverses,2021-09-22,11:59:42,00:00:49
stefano.crapanzano@chu.ulg.ac.be,Gérer déclarations Intrastat : synthèse des déclarations - Google Chrome,Tâches diverses,2021-09-22,12:00:42,00:00:35
stefano.crapanzano@chu.ulg.ac.be,Gérer déclarations Intrastat : synthèse des déclarations - Google Chrome,Tâches diverses,2021-09-22,12:01:39,00:00:10
stefano.crapanzano@chu.ulg.ac.be,Gérer déclarations Intrastat : synthèse des déclarations - Google Chrome,Tâches diverses,2021-09-22,12:02:48,00:00:11
stefano.crapanzano@chu.ulg.ac.be,Page d'accueil - Google Chrome,Tâches diverses,2021-09-22,08:28:58,00:00:05
stefano.crapanzano@chu.ulg.ac.be,Page d'accueil - Google Chrome,Tâches diverses,2021-09-22,08:30:24,00:00:02
stefano.crapanzano@chu.ulg.ac.be,Page d'accueil - Google Chrome,Tâches diverses,2021-09-22,09:22:09,00:00:05
stefano.crapanzano@chu.ulg.ac.be,Page d'accueil - Google Chrome,Helpdesk général,2021-09-22,09:22:22,00:00:02
stefano.crapanzano@chu.ulg.ac.be,Page d'accueil - Google Chrome,Tâches diverses,2021-09-22,09:40:07,00:00:06
stefano.crapanzano@chu.ulg.ac.be,Page d'accueil - Google Chrome,Tâches diverses,2021-09-22,09:47:36,00:00:08
stefano.crapanzano@chu.ulg.ac.be,Page d'accueil - Google Chrome,Tâches diverses,2021-09-22,09:54:47,00:00:05
stefano.crapanzano@chu.ulg.ac.be,Page d'accueil - Google Chrome,Helpdesk général,2021-09-22,09:54:59,00:00:04
stefano.crapanzano@chu.ulg.ac.be,Page d'accueil - Google Chrome,Tâches diverses,2021-09-22,09:56:15,00:00:02
stefano.crapanzano@chu.ulg.ac.be,Page d'accueil - Google Chrome,Tâches diverses,2021-09-22,10:02:27,00:00:33
stefano.crapanzano@chu.ulg.ac.be,Page d'accueil - Google Chrome,Tâches diverses,2021-09-22,10:03:19,00:00:28
stefano.crapanzano@chu.ulg.ac.be,Page d'accueil - Google Chrome,Tâches diverses,2021-09-22,10:04:13,00:00:09
stefano.crapanzano@chu.ulg.ac.be,Page d'accueil - Google Chrome,Tâches diverses,2021-09-22,10:05:12,00:00:05
stefano.crapanzano@chu.ulg.ac.be,Page d'accueil - Google Chrome,Tâches diverses,2021-09-22,10:06:11,00:00:04
stefano.crapanzano@chu.ulg.ac.be,Page d'accueil - Google Chrome,Tâches diverses,2021-09-22,10:06:21,00:00:02
stefano.crapanzano@chu.ulg.ac.be,Page d'accueil - Google Chrome,Tâches diverses,2021-09-22,10:06:33,00:00:08
stefano.crapanzano@chu.ulg.ac.be,Page d'accueil - Google Chrome,Tâches diverses,2021-09-22,10:09:02,00:00:08
stefano.crapanzano@chu.ulg.ac.be,Page d'accueil - Google Chrome,Tâches diverses,2021-09-22,10:11:59,00:00:02
stefano.crapanzano@chu.ulg.ac.be,Page d'accueil - Google Chrome,Tâches diverses,2021-09-22,11:15:18,00:00:12
stefano.crapanzano@chu.ulg.ac.be,Page d'accueil - Google Chrome,Tâches diverses,2021-09-22,11:16:16,00:00:02
stefano.crapanzano@chu.ulg.ac.be,Page d'accueil - Google Chrome,Tâches diverses,2021-09-22,11:16:21,00:00:02
stefano.crapanzano@chu.ulg.ac.be,Page d'accueil - Google Chrome,Tâches diverses,2021-09-22,11:16:28,00:00:02
stefano.crapanzano@chu.ulg.ac.be,Page d'accueil - Google Chrome,Tâches diverses,2021-09-22,11:16:33,00:00:06
stefano.crapanzano@chu.ulg.ac.be,Page d'accueil - Google Chrome,Tâches diverses,2021-09-22,11:17:18,00:00:06
stefano.crapanzano@chu.ulg.ac.be,Page d'accueil - Google Chrome,Tâches diverses,2021-09-22,11:17:34,00:00:02
stefano.crapanzano@chu.ulg.ac.be,Page d'accueil - Google Chrome,Tâches diverses,2021-09-22,11:31:37,00:00:02
stefano.crapanzano@chu.ulg.ac.be,Page d'accueil - Google Chrome,Tâches diverses,2021-09-22,11:31:42,00:02:08
stefano.crapanzano@chu.ulg.ac.be,Page d'accueil - Google Chrome,Tâches diverses,2021-09-22,11:59:38,00:00:02
stefano.crapanzano@chu.ulg.ac.be,Page d'accueil - Google Chrome,Tâches diverses,2021-09-22,12:01:50,00:00:02
stefano.crapanzano@chu.ulg.ac.be,Page d'accueil - Google Chrome,Tâches diverses,2021-09-22,12:02:45,00:00:02
stefano.crapanzano@chu.ulg.ac.be,Jobs d'application - Google Chrome,Tâches diverses,2021-09-22,08:29:03,00:00:08
stefano.crapanzano@chu.ulg.ac.be,Jobs d'application - Google Chrome,Tâches diverses,2021-09-22,08:29:24,00:00:22
stefano.crapanzano@chu.ulg.ac.be,Jobs d'application - Google Chrome,Tâches diverses,2021-09-22,08:30:01,00:00:22
stefano.crapanzano@chu.ulg.ac.be,Jobs d'application - Google Chrome,Tâches diverses,2021-09-22,09:47:44,00:00:22
stefano.crapanzano@chu.ulg.ac.be,Jobs d'application - Google Chrome,Tâches diverses,2021-09-22,09:48:32,00:00:09
stefano.crapanzano@chu.ulg.ac.be,Jobs d'application - Google Chrome,Tâches diverses,2021-09-22,09:52:01,00:00:09
stefano.crapanzano@chu.ulg.ac.be,Jobs d'application - Google Chrome,Tâches diverses,2021-09-22,09:56:32,00:00:03
stefano.crapanzano@chu.ulg.ac.be,Jobs d'application - Google Chrome,Tâches diverses,2021-09-22,09:58:05,00:00:18
stefano.crapanzano@chu.ulg.ac.be,Jobs d'application - Google Chrome,Tâches diverses,2021-09-22,10:01:25,00:01:02
stefano.crapanzano@chu.ulg.ac.be,Jobs d'application - Google Chrome,Tâches diverses,2021-09-22,10:06:24,00:00:09
stefano.crapanzano@chu.ulg.ac.be,Jobs d'application - Google Chrome,Tâches diverses,2021-09-22,10:06:41,00:00:14
stefano.crapanzano@chu.ulg.ac.be,Jobs d'application - Google Chrome,Tâches diverses,2021-09-22,10:06:58,00:00:09
stefano.crapanzano@chu.ulg.ac.be,Jobs d'application - Google Chrome,Tâches diverses,2021-09-22,10:08:04,00:00:14
stefano.crapanzano@chu.ulg.ac.be,Jobs d'application - Google Chrome,Tâches diverses,2021-09-22,10:08:28,00:00:04
stefano.crapanzano@chu.ulg.ac.be,Jobs d'application - Google Chrome,Tâches diverses,2021-09-22,10:08:55,00:00:06
stefano.crapanzano@chu.ulg.ac.be,Jobs d'application - Google Chrome,Tâches diverses,2021-09-22,10:10:19,00:00:06
stefano.crapanzano@chu.ulg.ac.be,Jobs d'application - Google Chrome,Tâches diverses,2021-09-22,10:11:49,00:00:09
stefano.crapanzano@chu.ulg.ac.be,Jobs d'application - Google Chrome,Tâches diverses,2021-09-22,10:23:17,00:00:02
stefano.crapanzano@chu.ulg.ac.be,Jobs d'application - Google Chrome,Tâches diverses,2021-09-22,10:23:25,00:00:02
stefano.crapanzano@chu.ulg.ac.be,Jobs d'application - Google Chrome,Tâches diverses,2021-09-22,10:23:48,00:00:04
stefano.crapanzano@chu.ulg.ac.be,Jobs d'application - Google Chrome,Tâches diverses,2021-09-22,10:24:24,00:00:05
stefano.crapanzano@chu.ulg.ac.be,Jobs d'application - Google Chrome,Tâches diverses,2021-09-22,10:24:40,00:00:04
stefano.crapanzano@chu.ulg.ac.be,Jobs d'application - Google Chrome,Tâches diverses,2021-09-22,10:24:55,00:00:25
stefano.crapanzano@chu.ulg.ac.be,Jobs d'application - Google Chrome,Tâches diverses,2021-09-22,12:01:53,00:00:18
stefano.crapanzano@chu.ulg.ac.be,Jobs d'application - Google Chrome,Tâches diverses,2021-09-22,12:02:36,00:00:09
stefano.crapanzano@chu.ulg.ac.be,Détails du job - Google Chrome,Tâches diverses,2021-09-22,08:29:12,00:00:12
stefano.crapanzano@chu.ulg.ac.be,Détails du job - Google Chrome,Tâches diverses,2021-09-22,08:29:46,00:00:14
stefano.crapanzano@chu.ulg.ac.be,Détails du job - Google Chrome,Tâches diverses,2021-09-22,09:48:42,00:00:30
stefano.crapanzano@chu.ulg.ac.be,Détails du job - Google Chrome,Tâches diverses,2021-09-22,09:51:48,00:00:12
stefano.crapanzano@chu.ulg.ac.be,Détails du job - Google Chrome,Tâches diverses,2021-09-22,09:52:10,00:00:58
stefano.crapanzano@chu.ulg.ac.be,Détails du job - Google Chrome,Tâches diverses,2021-09-22,09:53:10,00:00:14
stefano.crapanzano@chu.ulg.ac.be,Détails du job - Google Chrome,Helpdesk général,2021-09-22,09:53:31,00:00:06
stefano.crapanzano@chu.ulg.ac.be,Détails du job - Google Chrome,Tâches diverses,2021-09-22,09:54:42,00:00:04
stefano.crapanzano@chu.ulg.ac.be,Détails du job - Google Chrome,Tâches diverses,2021-09-22,09:58:23,00:00:04
stefano.crapanzano@chu.ulg.ac.be,Détails du job - Google Chrome,Helpdesk général,2021-09-22,09:58:33,00:00:02
stefano.crapanzano@chu.ulg.ac.be,Détails du job - Google Chrome,Tâches diverses,2021-09-22,09:59:00,00:00:05
stefano.crapanzano@chu.ulg.ac.be,Détails du job - Google Chrome,Tâches diverses,2021-09-22,10:01:18,00:00:06
stefano.crapanzano@chu.ulg.ac.be,Détails du job - Google Chrome,Tâches diverses,2021-09-22,10:08:19,00:00:09
stefano.crapanzano@chu.ulg.ac.be,Détails du job - Google Chrome,Tâches diverses,2021-09-22,10:08:32,00:00:22
stefano.crapanzano@chu.ulg.ac.be,Détails du job - Google Chrome,Tâches diverses,2021-09-22,10:23:20,00:00:05
stefano.crapanzano@chu.ulg.ac.be,Détails du job - Google Chrome,Tâches diverses,2021-09-22,10:23:28,00:00:20
stefano.crapanzano@chu.ulg.ac.be,Détails du job - Google Chrome,Tâches diverses,2021-09-22,10:24:30,00:00:10
stefano.crapanzano@chu.ulg.ac.be,Détails du job - Google Chrome,Tâches diverses,2021-09-22,10:24:44,00:00:10
stefano.crapanzano@chu.ulg.ac.be,Ouverture -Excel,Tâches diverses,2021-09-22,08:31:45,00:00:06
stefano.crapanzano@chu.ulg.ac.be,9eb902c7-0ea8-487c-babb-6f960cf324ae.xlsx  [Mode protégé] - Excel,Tâches diverses,2021-09-22,08:31:51,00:00:18
stefano.crapanzano@chu.ulg.ac.be,9eb902c7-0ea8-487c-babb-6f960cf324ae.xlsx  [Mode protégé] - Excel,Tâches diverses,2021-09-22,08:32:46,00:00:35
stefano.crapanzano@chu.ulg.ac.be,9eb902c7-0ea8-487c-babb-6f960cf324ae.xlsx  [Mode protégé] - Excel,Tâches diverses,2021-09-22,08:33:23,00:00:30
stefano.crapanzano@chu.ulg.ac.be,9eb902c7-0ea8-487c-babb-6f960cf324ae.xlsx  [Mode protégé] - Excel,Tâches diverses,2021-09-22,08:42:37,00:01:31
stefano.crapanzano@chu.ulg.ac.be,9eb902c7-0ea8-487c-babb-6f960cf324ae.xlsx  [Mode protégé] - Excel,Tâches diverses,2021-09-22,09:39:29,00:00:26
stefano.crapanzano@chu.ulg.ac.be,9eb902c7-0ea8-487c-babb-6f960cf324ae.xlsx  [Mode protégé] - Excel,Tâches diverses,2021-09-22,09:39:59,00:00:02
stefano.crapanzano@chu.ulg.ac.be,Modifier déclaration Intrastat : modifier poste - Google Chrome,Tâches diverses,2021-09-22,08:34:14,00:00:19
stefano.crapanzano@chu.ulg.ac.be,Modifier déclaration Intrastat : modifier poste - Google Chrome,Tâches diverses,2021-09-22,08:34:52,00:00:18
stefano.crapanzano@chu.ulg.ac.be,Modifier déclaration Intrastat : modifier poste - Google Chrome,Tâches diverses,2021-09-22,08:35:20,00:00:26
stefano.crapanzano@chu.ulg.ac.be,Modifier déclaration Intrastat : modifier poste - Google Chrome,Tâches diverses,2021-09-22,08:36:22,00:00:21
stefano.crapanzano@chu.ulg.ac.be,Modifier déclaration Intrastat : modifier poste - Google Chrome,Tâches diverses,2021-09-22,10:14:02,00:01:04
stefano.crapanzano@chu.ulg.ac.be,Modifier déclaration Intrastat : modifier poste - Google Chrome,Tâches diverses,2021-09-22,10:15:16,00:00:50
stefano.crapanzano@chu.ulg.ac.be,Modifier déclaration Intrastat : modifier poste - Google Chrome,Tâches diverses,2021-09-22,10:16:38,00:00:16
stefano.crapanzano@chu.ulg.ac.be,Modifier déclaration Intrastat : modifier poste - Google Chrome,Tâches diverses,2021-09-22,10:17:23,00:00:13
stefano.crapanzano@chu.ulg.ac.be,Modifier déclaration Intrastat : en-tête - Google Chrome,Tâches diverses,2021-09-22,08:35:52,00:00:05
stefano.crapanzano@chu.ulg.ac.be,Modifier déclaration Intrastat : en-tête - Google Chrome,Tâches diverses,2021-09-22,08:50:24,00:00:12
stefano.crapanzano@chu.ulg.ac.be,P203 CHU Codes intrastat 2020 - Xperthis ERP4HC 1.0 - Service d'assistance - Google Chrome,Tâches diverses,2021-09-22,08:40:39,00:00:05
stefano.crapanzano@chu.ulg.ac.be,P203 CHU Codes intrastat 2020 - Xperthis ERP4HC 1.0 - Service d'assistance - Google Chrome,Tâches diverses,2021-09-22,09:12:00,00:00:02
stefano.crapanzano@chu.ulg.ac.be,P203 CHU Codes intrastat 2020 - Xperthis ERP4HC 1.0 - Service d'assistance - Google Chrome,Tâches diverses,2021-09-22,09:17:46,00:00:03
stefano.crapanzano@chu.ulg.ac.be,P203 CHU Codes intrastat 2020 - Xperthis ERP4HC 1.0 - Service d'assistance - Google Chrome,Tâches diverses,2021-09-22,09:53:40,00:00:05
stefano.crapanzano@chu.ulg.ac.be,Afficher déclaration Intrastat : synthèse des postes agrégés - Google Chrome,Tâches diverses,2021-09-22,08:47:18,00:00:21
stefano.crapanzano@chu.ulg.ac.be,Afficher déclaration Intrastat : synthèse des postes - Google Chrome,Tâches diverses,2021-09-22,08:48:32,00:00:15
stefano.crapanzano@chu.ulg.ac.be,Afficher déclaration Intrastat : synthèse des postes - Google Chrome,Tâches diverses,2021-09-22,09:01:51,00:00:03
stefano.crapanzano@chu.ulg.ac.be,Afficher déclaration Intrastat : synthèse des postes - Google Chrome,Tâches diverses,2021-09-22,09:05:58,00:00:04
stefano.crapanzano@chu.ulg.ac.be,Afficher déclaration Intrastat : synthèse des postes - Google Chrome,Tâches diverses,2021-09-22,09:22:05,00:00:02
stefano.crapanzano@chu.ulg.ac.be,Afficher déclaration Intrastat : synthèse des postes - Google Chrome,Tâches diverses,2021-09-22,10:21:14,00:00:21
stefano.crapanzano@chu.ulg.ac.be,Afficher déclaration Intrastat : synthèse des postes - Google Chrome,Tâches diverses,2021-09-22,10:21:57,00:00:12
stefano.crapanzano@chu.ulg.ac.be,Afficher déclaration Intrastat : synthèse des postes - Google Chrome,Tâches diverses,2021-09-22,10:22:26,00:00:02
stefano.crapanzano@chu.ulg.ac.be,Afficher déclaration Intrastat : synthèse des postes - Google Chrome,Tâches diverses,2021-09-22,10:22:54,00:00:03
stefano.crapanzano@chu.ulg.ac.be,Afficher déclaration Intrastat : synthèse des postes - Google Chrome,Tâches diverses,2021-09-22,10:23:09,00:00:05
stefano.crapanzano@chu.ulg.ac.be,Afficher déclaration Intrastat : synthèse des postes - Google Chrome,Tâches diverses,2021-09-22,10:25:27,00:00:21
stefano.crapanzano@chu.ulg.ac.be,Afficher déclaration Intrastat : synthèse des postes - Google Chrome,Tâches diverses,2021-09-22,10:26:46,00:02:07
stefano.crapanzano@chu.ulg.ac.be,Afficher déclaration Intrastat : synthèse des postes - Google Chrome,Tâches diverses,2021-09-22,10:32:07,00:00:32
stefano.crapanzano@chu.ulg.ac.be,Afficher déclaration Intrastat : synthèse des postes - Google Chrome,Tâches diverses,2021-09-22,11:09:23,00:00:02
stefano.crapanzano@chu.ulg.ac.be,Nouvel onglet - Google Chrome,Tâches diverses,2021-09-22,08:49:19,00:00:09
stefano.crapanzano@chu.ulg.ac.be,Nouvel onglet - Google Chrome,Tâches diverses,2021-09-22,09:12:07,00:00:04
stefano.crapanzano@chu.ulg.ac.be,Nouvel onglet - Google Chrome,Tâches diverses,2021-09-22,09:26:20,00:00:21
stefano.crapanzano@chu.ulg.ac.be,Centre Hospitalier Universitaire de Liège - Client Documents - Google Chrome,Tâches diverses,2021-09-22,08:49:30,00:00:11
stefano.crapanzano@chu.ulg.ac.be,Centre Hospitalier Universitaire de Liège - Client Documents - Tous les documents - Google Chrome,Tâches diverses,2021-09-22,08:49:42,00:00:02
stefano.crapanzano@chu.ulg.ac.be,Centre Hospitalier Universitaire de Liège - Tous les documents - Google Chrome,Tâches diverses,2021-09-22,08:49:45,00:00:02
stefano.crapanzano@chu.ulg.ac.be,Centre Hospitalier Universitaire de Liège - Résultats de la recherche pour « intrastat » - Tous les documents - Google Chrome,Tâches diverses,2021-09-22,08:49:47,00:00:03
stefano.crapanzano@chu.ulg.ac.be,Centre Hospitalier Universitaire de Liège - Résultats de la recherche pour « intrastat » - Tous les documents - Google Chrome,Tâches diverses,2021-09-22,09:06:02,00:00:02
stefano.crapanzano@chu.ulg.ac.be,Comment accéder à SAP Libération des factures (Workflow approval) sur X01 ? - Xperthis ERP4HC 2.0 Rollout - Service d'assistance - Google Chrome,Tâches diverses,2021-09-22,09:06:05,00:00:05
stefano.crapanzano@chu.ulg.ac.be,Demandes - Service d'assistance - Google Chrome,Tâches diverses,2021-09-22,09:06:11,00:00:05
stefano.crapanzano@chu.ulg.ac.be,Demandes - Service d'assistance - Google Chrome,Tâches diverses,2021-09-22,09:06:43,00:00:02
stefano.crapanzano@chu.ulg.ac.be,Demandes - Service d'assistance - Google Chrome,Tâches diverses,2021-09-22,09:06:52,00:00:06
stefano.crapanzano@chu.ulg.ac.be,Demandes - Service d'assistance - Google Chrome,Tâches diverses,2021-09-22,09:07:20,00:00:06
stefano.crapanzano@chu.ulg.ac.be,Demandes - Service d'assistance - Google Chrome,Tâches diverses,2021-09-22,09:07:51,00:00:05
stefano.crapanzano@chu.ulg.ac.be,Demandes - Service d'assistance - Google Chrome,Tâches diverses,2021-09-22,09:07:58,00:00:03
stefano.crapanzano@chu.ulg.ac.be,Demandes - Service d'assistance - Google Chrome,Tâches diverses,2021-09-22,09:08:06,00:00:04
stefano.crapanzano@chu.ulg.ac.be,Demandes - Service d'assistance - Google Chrome,Tâches diverses,2021-09-22,09:08:35,00:00:12
stefano.crapanzano@chu.ulg.ac.be,Demandes - Service d'assistance - Google Chrome,Tâches diverses,2021-09-22,09:09:05,00:00:09
stefano.crapanzano@chu.ulg.ac.be,Demandes - Service d'assistance - Google Chrome,Tâches diverses,2021-09-22,09:53:45,00:00:05
stefano.crapanzano@chu.ulg.ac.be,Demandes - Service d'assistance - Google Chrome,Tâches diverses,2021-09-22,11:12:03,00:00:05
stefano.crapanzano@chu.ulg.ac.be,Demandes - Service d'assistance - Google Chrome,Tâches diverses,2021-09-22,11:13:04,00:00:04
stefano.crapanzano@chu.ulg.ac.be,Demandes - Service d'assistance - Google Chrome,Tâches diverses,2021-09-22,11:14:59,00:00:16
stefano.crapanzano@chu.ulg.ac.be,SSP - Options par défaut pour utilisateurs - Xperthis ERP4HC 2.0 Rollout - Service d'assistance - Google Chrome,Tâches diverses,2021-09-22,09:06:16,00:00:22
stefano.crapanzano@chu.ulg.ac.be,SSP - Options par défaut pour utilisateurs - Xperthis ERP4HC 2.0 Rollout - Service d'assistance - Google Chrome,Tâches diverses,2021-09-22,09:06:40,00:00:02
stefano.crapanzano@chu.ulg.ac.be,SSP - Options par défaut pour utilisateurs - Xperthis ERP4HC 2.0 Rollout - Service d'assistance - Google Chrome,Tâches diverses,2021-09-22,09:06:46,00:00:06
stefano.crapanzano@chu.ulg.ac.be,SSP - Option service WEB - Xperthis ERP4HC 2.0 Rollout - Service d'assistance - Google Chrome,Tâches diverses,2021-09-22,09:06:59,00:00:21
stefano.crapanzano@chu.ulg.ac.be,SSP - TRansaction SM30 - Xperthis ERP4HC 2.0 Rollout - Service d'assistance - Google Chrome,Tâches diverses,2021-09-22,09:07:27,00:00:24
stefano.crapanzano@chu.ulg.ac.be,SSP - Transaction ZMM_JSON - Xperthis ERP4HC 2.0 Rollout - Service d'assistance - Google Chrome,Tâches diverses,2021-09-22,09:08:02,00:00:04
stefano.crapanzano@chu.ulg.ac.be,SSP - Gestion des postes de catalogues FIORI - Xperthis ERP4HC 2.0 Rollout - Service d'assistance - Google Chrome,Tâches diverses,2021-09-22,09:08:10,00:00:25
stefano.crapanzano@chu.ulg.ac.be,SSP - Gestion des postes de catalogues FIORI - Xperthis ERP4HC 2.0 Rollout - Service d'assistance - Google Chrome,Tâches diverses,2021-09-22,09:08:47,00:00:17
stefano.crapanzano@chu.ulg.ac.be,Comment accéder à Fiori pour l'approbation des DA et CA sur X01 ? - Xperthis ERP4HC 2.0 Rollout - Service d'assistance - Google Chrome,Tâches diverses,2021-09-22,09:09:14,00:00:14
stefano.crapanzano@chu.ulg.ac.be,Comment accéder à Fiori pour l'approbation des DA et CA sur X01 ? - Xperthis ERP4HC 2.0 Rollout - Service d'assistance - Google Chrome,Tâches diverses,2021-09-22,09:09:54,00:00:07
stefano.crapanzano@chu.ulg.ac.be,Comment accéder à Fiori pour l'approbation des DA et CA sur X01 ? - Xperthis ERP4HC 2.0 Rollout - Service d'assistance - Google Chrome,Tâches diverses,2021-09-22,09:10:05,00:00:40
stefano.crapanzano@chu.ulg.ac.be,Comment accéder à Fiori pour l'approbation des DA et CA sur X01 ? - Xperthis ERP4HC 2.0 Rollout - Service d'assistance - Google Chrome,Tâches diverses,2021-09-22,09:12:03,00:00:04
stefano.crapanzano@chu.ulg.ac.be,Comment accéder à Fiori pour l'approbation des DA et CA sur X01 ? - Xperthis ERP4HC 2.0 Rollout - Service d'assistance - Google Chrome,Tâches diverses,2021-09-22,09:17:50,00:01:50
stefano.crapanzano@chu.ulg.ac.be,Comment accéder à Fiori pour l'approbation des DA et CA sur X01 ? - Xperthis ERP4HC 2.0 Rollout - Service d'assistance - Google Chrome,Tâches diverses,2021-09-22,09:20:10,00:01:02
stefano.crapanzano@chu.ulg.ac.be,Comment accéder à Fiori pour l'approbation des DA et CA sur X01 ? - Xperthis ERP4HC 2.0 Rollout - Service d'assistance - Google Chrome,Tâches diverses,2021-09-22,09:21:25,00:00:02
stefano.crapanzano@chu.ulg.ac.be,Comment accéder à Fiori pour l'approbation des DA et CA sur X01 ? - Xperthis ERP4HC 2.0 Rollout - Service d'assistance - Google Chrome,Tâches diverses,2021-09-22,09:21:59,00:00:02
stefano.crapanzano@chu.ulg.ac.be,Gérer utilisateur,Exploration SAP,2021-09-22,09:09:30,00:00:21
stefano.crapanzano@chu.ulg.ac.be,Gestion des utilisateurs : écran initial,Exploration SAP,2021-09-22,09:49:16,00:00:03
stefano.crapanzano@chu.ulg.ac.be,par0112wi.xperthis.be:8081/sap/bc/webflow/wshandler?sap-client=203&saml2=disabled - Google Chrome,Tâches diverses,2021-09-22,09:11:21,00:00:10
stefano.crapanzano@chu.ulg.ac.be,par0112wi.xperthis.be:8081/sap/bc/webflow/wshandler?sap-client=203&saml2=disabled - Google Chrome,Tâches diverses,2021-09-22,09:11:57,00:00:02
stefano.crapanzano@chu.ulg.ac.be,par0112wi.xperthis.be:8081/sap/bc/webflow/wshandler?sap-client=203&saml2=disabled - Google Chrome,Tâches diverses,2021-09-22,09:24:14,00:00:02
stefano.crapanzano@chu.ulg.ac.be,Identification - Google Chrome,Tâches diverses,2021-09-22,09:12:11,00:00:06
stefano.crapanzano@chu.ulg.ac.be,POST data - Google Chrome,Tâches diverses,2021-09-22,09:12:18,00:00:02
stefano.crapanzano@chu.ulg.ac.be,start [DokuWiki ERP] - Google Chrome,Tâches diverses,2021-09-22,09:12:21,00:00:04
stefano.crapanzano@chu.ulg.ac.be,start [DokuWiki ERP] - Google Chrome,Tâches diverses,2021-09-22,09:14:59,00:00:02
stefano.crapanzano@chu.ulg.ac.be,start [DokuWiki ERP] - Google Chrome,Tâches diverses,2021-09-22,09:23:27,00:00:04
stefano.crapanzano@chu.ulg.ac.be,start [DokuWiki ERP] - Google Chrome,Tâches diverses,2021-09-22,09:24:19,00:00:13
stefano.crapanzano@chu.ulg.ac.be,start [DokuWiki ERP] - Google Chrome,Tâches diverses,2021-09-22,09:25:36,00:00:05
stefano.crapanzano@chu.ulg.ac.be,start [DokuWiki ERP] - Google Chrome,Tâches diverses,2021-09-22,09:27:19,00:00:10
stefano.crapanzano@chu.ulg.ac.be,start [DokuWiki ERP] - Google Chrome,Tâches diverses,2021-09-22,09:28:11,00:00:06
stefano.crapanzano@chu.ulg.ac.be,start [DokuWiki ERP] - Google Chrome,Tâches diverses,2021-09-22,09:28:45,00:00:02
stefano.crapanzano@chu.ulg.ac.be,start [DokuWiki ERP] - Google Chrome,Tâches diverses,2021-09-22,09:28:51,00:00:02
stefano.crapanzano@chu.ulg.ac.be,start [DokuWiki ERP] - Google Chrome,Tâches diverses,2021-09-22,09:29:10,00:00:06
stefano.crapanzano@chu.ulg.ac.be,start [DokuWiki ERP] - Google Chrome,Tâches diverses,2021-09-22,09:29:27,00:00:05
stefano.crapanzano@chu.ulg.ac.be,start [DokuWiki ERP] - Google Chrome,Tâches diverses,2021-09-22,09:30:43,00:00:09
stefano.crapanzano@chu.ulg.ac.be,Configuration SAP [DokuWiki ERP] - Google Chrome,Tâches diverses,2021-09-22,09:12:25,00:00:16
stefano.crapanzano@chu.ulg.ac.be,Configuration SAP [DokuWiki ERP] - Google Chrome,Tâches diverses,2021-09-22,09:14:32,00:00:26
stefano.crapanzano@chu.ulg.ac.be,Configuration SAP [DokuWiki ERP] - Google Chrome,Tâches diverses,2021-09-22,09:15:13,00:00:06
stefano.crapanzano@chu.ulg.ac.be,Configuration SAP [DokuWiki ERP] - Google Chrome,Tâches diverses,2021-09-22,09:15:36,00:00:02
stefano.crapanzano@chu.ulg.ac.be,Configuration SAP [DokuWiki ERP] - Google Chrome,Tâches diverses,2021-09-22,09:16:05,00:00:02
stefano.crapanzano@chu.ulg.ac.be,Configuration SAP [DokuWiki ERP] - Google Chrome,Tâches diverses,2021-09-22,09:17:08,00:00:03
stefano.crapanzano@chu.ulg.ac.be,Configuration SAP [DokuWiki ERP] - Google Chrome,Tâches diverses,2021-09-22,09:23:12,00:00:05
stefano.crapanzano@chu.ulg.ac.be,Configuration SAP [DokuWiki ERP] - Google Chrome,Tâches diverses,2021-09-22,09:23:23,00:00:04
stefano.crapanzano@chu.ulg.ac.be,Configuration SAP [DokuWiki ERP] - Google Chrome,Tâches diverses,2021-09-22,09:24:33,00:00:09
stefano.crapanzano@chu.ulg.ac.be,Configuration SAP [DokuWiki ERP] - Google Chrome,Tâches diverses,2021-09-22,09:25:28,00:00:03
stefano.crapanzano@chu.ulg.ac.be,Configuration SAP [DokuWiki ERP] - Google Chrome,Tâches diverses,2021-09-22,09:25:33,00:00:02
stefano.crapanzano@chu.ulg.ac.be,\\si-s-serv993\wiki-erp\data\pages\configuration_SAP\Utilisateur_C203UADMLOG.txt - Notepad++ [Administrator],IT,2021-09-22,09:12:59,00:00:05
stefano.crapanzano@chu.ulg.ac.be,\\si-s-serv993\wiki-erp\data\pages\configuration_SAP\start.txt - Notepad++ [Administrator],IT,2021-09-22,09:13:07,00:00:06
stefano.crapanzano@chu.ulg.ac.be,\\si-s-serv993\wiki-erp\data\pages\configuration_SAP\start.txt - Notepad++ [Administrator],IT,2021-09-22,09:13:26,00:00:04
stefano.crapanzano@chu.ulg.ac.be,\\si-s-serv993\wiki-erp\data\pages\configuration_SAP\start.txt - Notepad++ [Administrator],Tâches diverses,2021-09-22,09:16:08,00:00:02
stefano.crapanzano@chu.ulg.ac.be,\\si-s-serv993\wiki-erp\data\pages\configuration_SAP\start.txt - Notepad++ [Administrator],IT,2021-09-22,09:57:08,00:00:02
stefano.crapanzano@chu.ulg.ac.be,\\si-s-serv993\wiki-erp\data\pages\configuration_SAP\start.txt - Notepad++ [Administrator],IT,2021-09-22,10:03:09,00:00:02
stefano.crapanzano@chu.ulg.ac.be,\\si-s-serv993\wiki-erp\data\pages\goal\start.txt - Notepad++ [Administrator],IT,2021-09-22,09:13:20,00:00:05
stefano.crapanzano@chu.ulg.ac.be,*\\si-s-serv993\wiki-erp\data\pages\configuration_SAP\start.txt - Notepad++ [Administrator],IT,2021-09-22,09:13:30,00:00:03
stefano.crapanzano@chu.ulg.ac.be,*\\si-s-serv993\wiki-erp\data\pages\configuration_SAP\start.txt - Notepad++ [Administrator],IT,2021-09-22,09:13:37,00:00:18
stefano.crapanzano@chu.ulg.ac.be,*\\si-s-serv993\wiki-erp\data\pages\configuration_SAP\start.txt - Notepad++ [Administrator],IT,2021-09-22,09:15:09,00:00:02
stefano.crapanzano@chu.ulg.ac.be,nouveau 2 - Notepad++ [Administrator],IT,2021-09-22,10:03:11,00:00:02
stefano.crapanzano@chu.ulg.ac.be,*nouveau 2 - Notepad++ [Administrator],IT,2021-09-22,09:13:56,00:00:17
stefano.crapanzano@chu.ulg.ac.be,*nouveau 2 - Notepad++ [Administrator],IT,2021-09-22,09:16:15,00:00:27
stefano.crapanzano@chu.ulg.ac.be,*nouveau 2 - Notepad++ [Administrator],IT,2021-09-22,09:16:46,00:00:02
stefano.crapanzano@chu.ulg.ac.be,*nouveau 2 - Notepad++ [Administrator],IT,2021-09-22,09:57:15,00:00:03
stefano.crapanzano@chu.ulg.ac.be,*nouveau 2 - Notepad++ [Administrator],IT,2021-09-22,09:57:25,00:00:04
stefano.crapanzano@chu.ulg.ac.be,*nouveau 2 - Notepad++ [Administrator],IT,2021-09-22,10:03:01,00:00:06
stefano.crapanzano@chu.ulg.ac.be,*nouveau 2 - Notepad++ [Administrator],IT,2021-09-22,10:03:14,00:00:05
stefano.crapanzano@chu.ulg.ac.be,Enregistrer sous,IT,2021-09-22,09:14:14,00:00:16
stefano.crapanzano@chu.ulg.ac.be,Enregistrer sous,IT,2021-09-22,09:16:48,00:00:10
stefano.crapanzano@chu.ulg.ac.be,\\si-s-serv993\wiki-erp\data\pages\configuration_SAP\Sauvegarde_des_variantes_SAP_avec_leurs_valeurs.txt - Notepad++ [Administrator],IT,2021-09-22,09:15:04,00:00:03
stefano.crapanzano@chu.ulg.ac.be,\\si-s-serv993\wiki-erp\data\pages\configuration_SAP\Sauvegarde_des_variantes_SAP_avec_leurs_valeurs.txt - Notepad++ [Administrator],IT,2021-09-22,09:16:11,00:00:03
stefano.crapanzano@chu.ulg.ac.be,Sauvegarde des variantes SAP avec leurs valeurs [DokuWiki ERP] - Google Chrome,Tâches diverses,2021-09-22,09:15:19,00:00:16
stefano.crapanzano@chu.ulg.ac.be,Utilisateur C203UADMLOG [DokuWiki ERP] - Google Chrome,Tâches diverses,2021-09-22,09:15:39,00:00:24
stefano.crapanzano@chu.ulg.ac.be,\\si-s-serv993\wiki-erp\data\pages\configuration_SAP\role_approbateur_ca_da.txt - Notepad++ [Administrator],IT,2021-09-22,09:17:03,00:00:02
stefano.crapanzano@chu.ulg.ac.be,\\si-s-serv993\wiki-erp\data\pages\configuration_SAP\role_approbateur_ca_da.txt - Notepad++ [Administrator],IT,2021-09-22,09:20:04,00:00:03
stefano.crapanzano@chu.ulg.ac.be,\\si-s-serv993\wiki-erp\data\pages\configuration_SAP\role_approbateur_ca_da.txt - Notepad++ [Administrator],IT,2021-09-22,09:21:15,00:00:04
stefano.crapanzano@chu.ulg.ac.be,\\si-s-serv993\wiki-erp\data\pages\configuration_SAP\role_approbateur_ca_da.txt - Notepad++ [Administrator],IT,2021-09-22,09:21:20,00:00:02
stefano.crapanzano@chu.ulg.ac.be,\\si-s-serv993\wiki-erp\data\pages\configuration_SAP\role_approbateur_ca_da.txt - Notepad++ [Administrator],IT,2021-09-22,09:23:03,00:00:04
stefano.crapanzano@chu.ulg.ac.be,Rôles nécessaire pour les approbateurs de commande d'achat sur X01 [DokuWiki ERP] - Google Chrome,Tâches diverses,2021-09-22,09:17:12,00:00:03
stefano.crapanzano@chu.ulg.ac.be,Rôles nécessaire pour les approbateurs de commande d'achat sur X01 [DokuWiki ERP] - Google Chrome,Tâches diverses,2021-09-22,09:17:42,00:00:04
stefano.crapanzano@chu.ulg.ac.be,Rôles nécessaire pour les approbateurs de commande d'achat sur X01 [DokuWiki ERP] - Google Chrome,Tâches diverses,2021-09-22,09:19:54,00:00:08
stefano.crapanzano@chu.ulg.ac.be,Rôles nécessaire pour les approbateurs de commande d'achat sur X01 [DokuWiki ERP] - Google Chrome,Tâches diverses,2021-09-22,09:20:08,00:00:02
stefano.crapanzano@chu.ulg.ac.be,Rôles nécessaire pour les approbateurs de commande d'achat sur X01 [DokuWiki ERP] - Google Chrome,Tâches diverses,2021-09-22,09:22:01,00:00:02
stefano.crapanzano@chu.ulg.ac.be,Rôles nécessaire pour les approbateurs de commande d'achat sur X01 [DokuWiki ERP] - Google Chrome,Tâches diverses,2021-09-22,09:22:33,00:00:12
stefano.crapanzano@chu.ulg.ac.be,*\\si-s-serv993\wiki-erp\data\pages\configuration_SAP\role_approbateur_ca_da.txt - Notepad++ [Administrator],IT,2021-09-22,09:19:45,00:00:06
stefano.crapanzano@chu.ulg.ac.be,*\\si-s-serv993\wiki-erp\data\pages\configuration_SAP\role_approbateur_ca_da.txt - Notepad++ [Administrator],IT,2021-09-22,09:21:28,00:00:29
stefano.crapanzano@chu.ulg.ac.be,Greenshot capture form,Helpdesk général,2021-09-22,09:22:15,00:00:07
stefano.crapanzano@chu.ulg.ac.be,Greenshot capture form,Helpdesk général,2021-09-22,09:53:25,00:00:05
stefano.crapanzano@chu.ulg.ac.be,Greenshot capture form,Helpdesk général,2021-09-22,09:54:53,00:00:06
stefano.crapanzano@chu.ulg.ac.be,Greenshot capture form,Helpdesk général,2021-09-22,09:56:36,00:00:06
stefano.crapanzano@chu.ulg.ac.be,Greenshot capture form,Helpdesk général,2021-09-22,09:58:27,00:00:06
stefano.crapanzano@chu.ulg.ac.be,Greenshot capture form,Helpdesk général,2021-09-22,10:40:56,00:00:08
stefano.crapanzano@chu.ulg.ac.be,Greenshot capture form,Exploration SAP,2021-09-22,10:42:31,00:00:06
stefano.crapanzano@chu.ulg.ac.be,Greenshot capture form,Helpdesk général,2021-09-22,10:42:48,00:00:04
stefano.crapanzano@chu.ulg.ac.be,Greenshot capture form,Helpdesk général,2021-09-22,10:43:37,00:00:05
stefano.crapanzano@chu.ulg.ac.be,Greenshot capture form,Helpdesk général,2021-09-22,11:10:08,00:00:07
stefano.crapanzano@chu.ulg.ac.be,Greenshot capture form,Helpdesk général,2021-09-22,11:10:42,00:00:04
stefano.crapanzano@chu.ulg.ac.be,✎ Rôles nécessaire pour les approbateurs de commande d'achat sur X01 [DokuWiki ERP] - Google Chrome,Tâches diverses,2021-09-22,09:22:26,00:00:06
stefano.crapanzano@chu.ulg.ac.be,✎ Rôles nécessaire pour les approbateurs de commande d'achat sur X01 [DokuWiki ERP] - Google Chrome,Tâches diverses,2021-09-22,09:22:45,00:00:15
stefano.crapanzano@chu.ulg.ac.be,Rôle nécessaire pour les approbateurs de commande d'achat et demande d'achat sur X01 [DokuWiki ERP] - Google Chrome,Tâches diverses,2021-09-22,09:23:09,00:00:02
stefano.crapanzano@chu.ulg.ac.be,Rôle nécessaire pour les approbateurs de commande d'achat et demande d'achat sur X01 [DokuWiki ERP] - Google Chrome,Tâches diverses,2021-09-22,09:40:28,00:00:02
stefano.crapanzano@chu.ulg.ac.be,Rechercher [DokuWiki ERP] - Google Chrome,Tâches diverses,2021-09-22,09:23:31,00:00:40
stefano.crapanzano@chu.ulg.ac.be,Rechercher [DokuWiki ERP] - Google Chrome,Tâches diverses,2021-09-22,09:24:17,00:00:02
stefano.crapanzano@chu.ulg.ac.be,Administrer [DokuWiki ERP] - Google Chrome,Tâches diverses,2021-09-22,09:25:41,00:00:14
stefano.crapanzano@chu.ulg.ac.be,Administrer [DokuWiki ERP] - Google Chrome,Tâches diverses,2021-09-22,09:29:33,00:00:02
stefano.crapanzano@chu.ulg.ac.be,Administrer [DokuWiki ERP] - Google Chrome,Tâches diverses,2021-09-22,09:30:10,00:00:05
stefano.crapanzano@chu.ulg.ac.be,Gestionnaire d'extensions [DokuWiki ERP] - Google Chrome,Tâches diverses,2021-09-22,09:25:56,00:00:24
stefano.crapanzano@chu.ulg.ac.be,Gestionnaire d'extensions [DokuWiki ERP] - Google Chrome,Tâches diverses,2021-09-22,09:27:14,00:00:05
stefano.crapanzano@chu.ulg.ac.be,Gestionnaire d'extensions [DokuWiki ERP] - Google Chrome,Tâches diverses,2021-09-22,09:28:23,00:00:21
stefano.crapanzano@chu.ulg.ac.be,Gestionnaire d'extensions [DokuWiki ERP] - Google Chrome,Tâches diverses,2021-09-22,09:29:35,00:00:18
stefano.crapanzano@chu.ulg.ac.be,Gestionnaire d'extensions [DokuWiki ERP] - Google Chrome,Tâches diverses,2021-09-22,09:30:02,00:00:08
stefano.crapanzano@chu.ulg.ac.be,dokuwiki show last page - Recherche Google - Google Chrome,Tâches diverses,2021-09-22,09:26:42,00:00:03
stefano.crapanzano@chu.ulg.ac.be,dokuwiki show last page - Recherche Google - Google Chrome,Tâches diverses,2021-09-22,09:27:43,00:00:05
stefano.crapanzano@chu.ulg.ac.be,dokuwiki show last page - Recherche Google - Google Chrome,Tâches diverses,2021-09-22,09:37:17,00:00:09
stefano.crapanzano@chu.ulg.ac.be,dokuwiki show last page - Recherche Google - Google Chrome,Tâches diverses,2021-09-22,09:37:39,00:01:17
stefano.crapanzano@chu.ulg.ac.be,dokuwiki show last page - Recherche Google - Google Chrome,Tâches diverses,2021-09-22,09:39:22,00:00:05
stefano.crapanzano@chu.ulg.ac.be,recent_changes [DokuWiki] - Google Chrome,Tâches diverses,2021-09-22,09:26:46,00:00:28
stefano.crapanzano@chu.ulg.ac.be,recent_changes [DokuWiki] - Google Chrome,Tâches diverses,2021-09-22,09:27:30,00:00:13
stefano.crapanzano@chu.ulg.ac.be,plugin:lastpages [DokuWiki] - Google Chrome,Tâches diverses,2021-09-22,09:27:49,00:00:22
stefano.crapanzano@chu.ulg.ac.be,plugin:lastpages [DokuWiki] - Google Chrome,Tâches diverses,2021-09-22,09:28:55,00:00:07
stefano.crapanzano@chu.ulg.ac.be,plugin:lastpages [DokuWiki] - Google Chrome,Tâches diverses,2021-09-22,09:29:19,00:00:08
stefano.crapanzano@chu.ulg.ac.be,plugin:lastpages [DokuWiki] - Google Chrome,Tâches diverses,2021-09-22,09:29:54,00:00:08
stefano.crapanzano@chu.ulg.ac.be,plugin:lastpages [DokuWiki] - Google Chrome,Tâches diverses,2021-09-22,09:37:14,00:00:02
stefano.crapanzano@chu.ulg.ac.be,wiki-erp.chuliege.be - Google Chrome,Tâches diverses,2021-09-22,09:28:21,00:00:02
stefano.crapanzano@chu.ulg.ac.be,✎ start [DokuWiki ERP] - Google Chrome,Tâches diverses,2021-09-22,09:29:03,00:00:06
stefano.crapanzano@chu.ulg.ac.be,✎ start [DokuWiki ERP] - Google Chrome,Tâches diverses,2021-09-22,09:30:54,00:00:21
stefano.crapanzano@chu.ulg.ac.be,Paramètres de configuration [DokuWiki ERP] - Google Chrome,Tâches diverses,2021-09-22,09:30:16,00:00:27
stefano.crapanzano@chu.ulg.ac.be,5 dernières page mise à jour [DokuWiki ERP] - Google Chrome,Tâches diverses,2021-09-22,09:31:15,00:00:05
stefano.crapanzano@chu.ulg.ac.be,✎ 5 dernières page mise à jour [DokuWiki ERP] - Google Chrome,Tâches diverses,2021-09-22,09:31:21,00:00:09
stefano.crapanzano@chu.ulg.ac.be,5 dernières pages mises à jour [DokuWiki ERP] - Google Chrome,Tâches diverses,2021-09-22,09:31:30,00:00:13
stefano.crapanzano@chu.ulg.ac.be,5 dernières pages mises à jour [DokuWiki ERP] - Google Chrome,Tâches diverses,2021-09-22,09:31:46,00:00:05
stefano.crapanzano@chu.ulg.ac.be,5 dernières pages mises à jour [DokuWiki ERP] - Google Chrome,Tâches diverses,2021-09-22,09:31:53,00:00:02
stefano.crapanzano@chu.ulg.ac.be,5 dernières pages mises à jour [DokuWiki ERP] - Google Chrome,Tâches diverses,2021-09-22,09:31:57,00:00:05
stefano.crapanzano@chu.ulg.ac.be,5 dernières pages mises à jour [DokuWiki ERP] - Google Chrome,Tâches diverses,2021-09-22,09:32:05,00:00:14
stefano.crapanzano@chu.ulg.ac.be,5 dernières pages mises à jour [DokuWiki ERP] - Google Chrome,Tâches diverses,2021-09-22,09:37:05,00:00:09
stefano.crapanzano@chu.ulg.ac.be,5 dernières pages mises à jour [DokuWiki ERP] - Google Chrome,Tâches diverses,2021-09-22,09:40:18,00:00:02
stefano.crapanzano@chu.ulg.ac.be,5 dernières pages mises à jour [DokuWiki ERP] - Google Chrome,Tâches diverses,2021-09-22,09:40:23,00:00:05
stefano.crapanzano@chu.ulg.ac.be,Site web intrastat.chuliege.be [DokuWiki ERP] - Google Chrome,Tâches diverses,2021-09-22,09:31:43,00:00:02
stefano.crapanzano@chu.ulg.ac.be,dokuwiki - list pages with modification date/time & userid - DokuWiki User Forum - Google Chrome,Tâches diverses,2021-09-22,09:37:26,00:00:13
stefano.crapanzano@chu.ulg.ac.be,plugin:pagelist [DokuWiki] - Google Chrome,Tâches diverses,2021-09-22,09:38:57,00:00:24
stefano.crapanzano@chu.ulg.ac.be,Impossible utiliser l'application SAP standard  paramètres par défaut pour l'acquisition d'utilisateurs  - Xperthis ERP4HC 2.0 Rollout - Service d'assistance - Google Chrome,Tâches diverses,2021-09-22,09:40:13,00:00:02
stefano.crapanzano@chu.ulg.ac.be,Impossible utiliser l'application SAP standard  paramètres par défaut pour l'acquisition d'utilisateurs  - Xperthis ERP4HC 2.0 Rollout - Service d'assistance - Google Chrome,Tâches diverses,2021-09-22,09:42:34,00:00:02
stefano.crapanzano@chu.ulg.ac.be,✎ Rôle nécessaire pour les approbateurs de commande d'achat et demande d'achat sur X01 [DokuWiki ERP] - Google Chrome,Tâches diverses,2021-09-22,09:40:31,00:00:17
stefano.crapanzano@chu.ulg.ac.be,Rôle nécessaire pour les approbateurs de commande d'achat (CA) et demande d'achat (DA) sur X01 [DokuWiki ERP] - Google Chrome,Tâches diverses,2021-09-22,09:40:48,00:00:06
stefano.crapanzano@chu.ulg.ac.be,Rôle nécessaire pour les approbateurs de commande d'achat (CA) et demande d'achat (DA) sur X01 [DokuWiki ERP] - Google Chrome,Tâches diverses,2021-09-22,09:42:15,00:00:06
stefano.crapanzano@chu.ulg.ac.be,Rôle nécessaire pour les approbateurs de commande d'achat (CA) et demande d'achat (DA) sur X01 [DokuWiki ERP] - Google Chrome,Tâches diverses,2021-09-22,09:42:24,00:00:07
stefano.crapanzano@chu.ulg.ac.be,Rôle nécessaire pour les approbateurs de commande d'achat (CA) et demande d'achat (DA) sur X01 [DokuWiki ERP] - Google Chrome,Tâches diverses,2021-09-22,12:21:41,00:00:20
stefano.crapanzano@chu.ulg.ac.be,✎ Rôle nécessaire pour les approbateurs de commande d'achat (CA) et demande d'achat (DA) sur X01 [DokuWiki ERP] - Google Chrome,Tâches diverses,2021-09-22,09:40:55,00:00:26
stefano.crapanzano@chu.ulg.ac.be,✎ Rôle nécessaire pour les approbateurs de commande d'achat (CA) et demande d'achat (DA) sur X01 [DokuWiki ERP] - Google Chrome,Tâches diverses,2021-09-22,09:41:43,00:00:32
stefano.crapanzano@chu.ulg.ac.be,sterpbe-2352 - Mozilla Thunderbird,Helpdesk général,2021-09-22,09:43:30,00:00:55
stefano.crapanzano@chu.ulg.ac.be,Nouveau job - Google Chrome,Tâches diverses,2021-09-22,09:48:07,00:00:25
stefano.crapanzano@chu.ulg.ac.be,Nouveau job - Google Chrome,Tâches diverses,2021-09-22,10:07:07,00:00:56
stefano.crapanzano@chu.ulg.ac.be,Nouveau job - Google Chrome,Tâches diverses,2021-09-22,10:10:26,00:01:23
stefano.crapanzano@chu.ulg.ac.be,Nouveau job - Google Chrome,Tâches diverses,2021-09-22,10:23:52,00:00:28
stefano.crapanzano@chu.ulg.ac.be,Nouveau job - Google Chrome,Tâches diverses,2021-09-22,12:02:11,00:00:24
stefano.crapanzano@chu.ulg.ac.be,Sélection de jobs simple,Exploration SAP,2021-09-22,09:49:23,00:00:14
stefano.crapanzano@chu.ulg.ac.be,Synthèse des jobs,Exploration SAP,2021-09-22,09:49:38,00:00:19
stefano.crapanzano@chu.ulg.ac.be,Synthèse des jobs,Exploration SAP,2021-09-22,09:50:03,00:00:09
stefano.crapanzano@chu.ulg.ac.be,Synthèse des jobs,Exploration SAP,2021-09-22,09:50:26,00:00:02
stefano.crapanzano@chu.ulg.ac.be,Synthèse des jobs,Exploration SAP,2021-09-22,09:50:32,00:00:06
stefano.crapanzano@chu.ulg.ac.be,Synthèse des jobs,Exploration SAP,2021-09-22,09:50:40,00:00:09
stefano.crapanzano@chu.ulg.ac.be,Synthèse des jobs,Exploration SAP,2021-09-22,09:51:14,00:00:06
stefano.crapanzano@chu.ulg.ac.be,Synthèse des jobs,Exploration SAP,2021-09-22,09:51:22,00:00:21
stefano.crapanzano@chu.ulg.ac.be,Synthèse des jobs,Exploration SAP,2021-09-22,11:10:02,00:00:06
stefano.crapanzano@chu.ulg.ac.be,Synthèse des jobs,Tâches diverses,2021-09-22,11:10:31,00:00:08
stefano.crapanzano@chu.ulg.ac.be,Afficher job ESH_CDSABAP_UPDATE,Exploration SAP,2021-09-22,09:49:58,00:00:05
stefano.crapanzano@chu.ulg.ac.be,Afficher job ESH_CDSABAP_UPDATE,Exploration SAP,2021-09-22,09:50:21,00:00:05
stefano.crapanzano@chu.ulg.ac.be,Afficher job 00505689E1AE1EDC86DD72A67FA75387,Exploration SAP,2021-09-22,09:50:12,00:00:06
stefano.crapanzano@chu.ulg.ac.be,Afficher job 00505689E1AE1EDC86DD72A67FA75387,Exploration SAP,2021-09-22,09:50:29,00:00:03
stefano.crapanzano@chu.ulg.ac.be,Afficher job 00505689E1AE1EDC86DD72A67FA75387,Exploration SAP,2021-09-22,09:50:50,00:00:11
stefano.crapanzano@chu.ulg.ac.be,Afficher job 00505689E1AE1EDC86DD72A67FA75387,Exploration SAP,2021-09-22,09:51:06,00:00:08
stefano.crapanzano@chu.ulg.ac.be,Valeurs date de lancement,Exploration SAP,2021-09-22,09:51:02,00:00:03
stefano.crapanzano@chu.ulg.ac.be,Information,Exploration SAP,2021-09-22,09:51:43,00:00:04
stefano.crapanzano@chu.ulg.ac.be,Information,Exploration SAP,2021-09-22,11:10:39,00:00:02
stefano.crapanzano@chu.ulg.ac.be,Information,Exploration SAP,2021-09-22,11:11:04,00:00:03
stefano.crapanzano@chu.ulg.ac.be,ZORGI Help Center - Service d'assistance - Google Chrome,Tâches diverses,2021-09-22,09:53:51,00:00:05
stefano.crapanzano@chu.ulg.ac.be,ZORGI Help Center - Service d'assistance - Google Chrome,Tâches diverses,2021-09-22,11:12:09,00:00:02
stefano.crapanzano@chu.ulg.ac.be,ZORGI Help Center - Service d'assistance - Google Chrome,Tâches diverses,2021-09-22,11:12:17,00:00:13
stefano.crapanzano@chu.ulg.ac.be,ZORGI Help Center - Service d'assistance - Google Chrome,Tâches diverses,2021-09-22,11:12:37,00:00:05
stefano.crapanzano@chu.ulg.ac.be,ZORGI Help Center - Service d'assistance - Google Chrome,Tâches diverses,2021-09-22,11:12:46,00:00:17
stefano.crapanzano@chu.ulg.ac.be,ZORGI Help Center - Service d'assistance - Google Chrome,Tâches diverses,2021-09-22,11:14:54,00:00:05
stefano.crapanzano@chu.ulg.ac.be,Question ERP for HealthCare - Xperthis ERP4HC 2.0 Rollout - Service d'assistance - Google Chrome,Tâches diverses,2021-09-22,09:53:56,00:00:37
stefano.crapanzano@chu.ulg.ac.be,Question ERP for HealthCare - Xperthis ERP4HC 2.0 Rollout - Service d'assistance - Google Chrome,Tâches diverses,2021-09-22,09:54:36,00:00:05
stefano.crapanzano@chu.ulg.ac.be,Question ERP for HealthCare - Xperthis ERP4HC 2.0 Rollout - Service d'assistance - Google Chrome,Tâches diverses,2021-09-22,09:55:54,00:00:17
stefano.crapanzano@chu.ulg.ac.be,Question ERP for HealthCare - Xperthis ERP4HC 2.0 Rollout - Service d'assistance - Google Chrome,Tâches diverses,2021-09-22,09:56:12,00:00:02
stefano.crapanzano@chu.ulg.ac.be,Question ERP for HealthCare - Xperthis ERP4HC 2.0 Rollout - Service d'assistance - Google Chrome,Tâches diverses,2021-09-22,09:56:18,00:00:11
stefano.crapanzano@chu.ulg.ac.be,Question ERP for HealthCare - Xperthis ERP4HC 2.0 Rollout - Service d'assistance - Google Chrome,Tâches diverses,2021-09-22,09:56:46,00:00:02
stefano.crapanzano@chu.ulg.ac.be,Question ERP for HealthCare - Xperthis ERP4HC 2.0 Rollout - Service d'assistance - Google Chrome,Tâches diverses,2021-09-22,09:56:50,00:00:07
stefano.crapanzano@chu.ulg.ac.be,Question ERP for HealthCare - Xperthis ERP4HC 2.0 Rollout - Service d'assistance - Google Chrome,Tâches diverses,2021-09-22,09:57:00,00:00:05
stefano.crapanzano@chu.ulg.ac.be,Question ERP for HealthCare - Xperthis ERP4HC 2.0 Rollout - Service d'assistance - Google Chrome,Tâches diverses,2021-09-22,09:57:11,00:00:03
stefano.crapanzano@chu.ulg.ac.be,Question ERP for HealthCare - Xperthis ERP4HC 2.0 Rollout - Service d'assistance - Google Chrome,Tâches diverses,2021-09-22,09:57:19,00:00:02
stefano.crapanzano@chu.ulg.ac.be,Question ERP for HealthCare - Xperthis ERP4HC 2.0 Rollout - Service d'assistance - Google Chrome,Tâches diverses,2021-09-22,09:57:23,00:00:02
stefano.crapanzano@chu.ulg.ac.be,Question ERP for HealthCare - Xperthis ERP4HC 2.0 Rollout - Service d'assistance - Google Chrome,Tâches diverses,2021-09-22,09:57:29,00:00:10
stefano.crapanzano@chu.ulg.ac.be,Question ERP for HealthCare - Xperthis ERP4HC 2.0 Rollout - Service d'assistance - Google Chrome,Tâches diverses,2021-09-22,09:57:43,00:00:18
stefano.crapanzano@chu.ulg.ac.be,Question ERP for HealthCare - Xperthis ERP4HC 2.0 Rollout - Service d'assistance - Google Chrome,Tâches diverses,2021-09-22,09:58:36,00:00:08
stefano.crapanzano@chu.ulg.ac.be,Question ERP for HealthCare - Xperthis ERP4HC 2.0 Rollout - Service d'assistance - Google Chrome,Tâches diverses,2021-09-22,09:58:45,00:00:12
stefano.crapanzano@chu.ulg.ac.be,Question ERP for HealthCare - Xperthis ERP4HC 2.0 Rollout - Service d'assistance - Google Chrome,Tâches diverses,2021-09-22,09:59:06,00:00:08
stefano.crapanzano@chu.ulg.ac.be,Question ERP for HealthCare - Xperthis ERP4HC 2.0 Rollout - Service d'assistance - Google Chrome,Tâches diverses,2021-09-22,09:59:15,00:02:03
stefano.crapanzano@chu.ulg.ac.be,Question ERP for HealthCare - Xperthis ERP4HC 2.0 Rollout - Service d'assistance - Google Chrome,Tâches diverses,2021-09-22,11:09:27,00:00:27
stefano.crapanzano@chu.ulg.ac.be,Question ERP for HealthCare - Xperthis ERP4HC 2.0 Rollout - Service d'assistance - Google Chrome,Tâches diverses,2021-09-22,11:10:21,00:00:04
stefano.crapanzano@chu.ulg.ac.be,Question ERP for HealthCare - Xperthis ERP4HC 2.0 Rollout - Service d'assistance - Google Chrome,Tâches diverses,2021-09-22,11:10:28,00:00:02
stefano.crapanzano@chu.ulg.ac.be,Question ERP for HealthCare - Xperthis ERP4HC 2.0 Rollout - Service d'assistance - Google Chrome,Tâches diverses,2021-09-22,11:10:53,00:00:10
stefano.crapanzano@chu.ulg.ac.be,Question ERP for HealthCare - Xperthis ERP4HC 2.0 Rollout - Service d'assistance - Google Chrome,Tâches diverses,2021-09-22,11:11:10,00:00:07
stefano.crapanzano@chu.ulg.ac.be,Question ERP for HealthCare - Xperthis ERP4HC 2.0 Rollout - Service d'assistance - Google Chrome,Tâches diverses,2021-09-22,11:11:19,00:00:30
stefano.crapanzano@chu.ulg.ac.be,Question ERP for HealthCare - Xperthis ERP4HC 2.0 Rollout - Service d'assistance - Google Chrome,Tâches diverses,2021-09-22,11:12:11,00:00:05
stefano.crapanzano@chu.ulg.ac.be,Question ERP for HealthCare - Xperthis ERP4HC 2.0 Rollout - Service d'assistance - Google Chrome,Tâches diverses,2021-09-22,11:12:30,00:00:06
stefano.crapanzano@chu.ulg.ac.be,Question ERP for HealthCare - Xperthis ERP4HC 2.0 Rollout - Service d'assistance - Google Chrome,Tâches diverses,2021-09-22,11:12:42,00:00:03
stefano.crapanzano@chu.ulg.ac.be,Ouvrir,Tâches diverses,2021-09-22,09:55:04,00:00:17
stefano.crapanzano@chu.ulg.ac.be,Ouvrir,Tâches diverses,2021-09-22,09:55:27,00:00:18
stefano.crapanzano@chu.ulg.ac.be,Ouvrir,Tâches diverses,2021-09-22,09:55:51,00:00:02
stefano.crapanzano@chu.ulg.ac.be,Ouvrir,Tâches diverses,2021-09-22,09:56:57,00:00:02
stefano.crapanzano@chu.ulg.ac.be,Ouvrir,Tâches diverses,2021-09-22,09:57:40,00:00:02
stefano.crapanzano@chu.ulg.ac.be,Ouvrir,Tâches diverses,2021-09-22,11:10:25,00:00:02
stefano.crapanzano@chu.ulg.ac.be,Ouvrir,Tâches diverses,2021-09-22,11:10:50,00:00:02
stefano.crapanzano@chu.ulg.ac.be,Renommer le fichier,Tâches diverses,2021-09-22,09:55:22,00:00:05
stefano.crapanzano@chu.ulg.ac.be,Gérer nº statistiques marchandises - Google Chrome,Tâches diverses,2021-09-22,10:03:49,00:00:13
stefano.crapanzano@chu.ulg.ac.be,Gérer nº statistiques marchandises - Google Chrome,Tâches diverses,2021-09-22,10:04:10,00:00:02
stefano.crapanzano@chu.ulg.ac.be,Afficher numéros statistiques des marchandises - Google Chrome,Tâches diverses,2021-09-22,10:04:02,00:00:08
stefano.crapanzano@chu.ulg.ac.be,Gestion des numéros statistiques des marchandises - Google Chrome,Tâches diverses,2021-09-22,10:04:22,00:00:49
stefano.crapanzano@chu.ulg.ac.be,Classification de produits - Numéros statistiques des marchandises - Google Chrome,Tâches diverses,2021-09-22,10:05:41,00:00:29
stefano.crapanzano@chu.ulg.ac.be,jEdit - %USERPROFILE%\Downloads\19100007.XML,Tâches diverses,2021-09-22,10:20:50,00:00:04
stefano.crapanzano@chu.ulg.ac.be,064a4aeb-a8c6-491a-9a9d-fedeb970d1b2.xlsx  [Mode protégé] - Excel,Tâches diverses,2021-09-22,10:25:49,00:00:56
stefano.crapanzano@chu.ulg.ac.be,Greenshot Éditeur d'Image,Helpdesk général,2021-09-22,10:41:04,00:00:11
stefano.crapanzano@chu.ulg.ac.be,SAP,Exploration SAP,2021-09-22,10:43:06,00:00:03
stefano.crapanzano@chu.ulg.ac.be,Créer partenaire,Exploration SAP,2021-09-22,10:42:28,00:00:02
stefano.crapanzano@chu.ulg.ac.be,Créer partenaire,Exploration SAP,2021-09-22,10:42:46,00:00:02
stefano.crapanzano@chu.ulg.ac.be,Créer partenaire,Exploration SAP,2021-09-22,10:43:03,00:00:02
stefano.crapanzano@chu.ulg.ac.be,Créer Organisation : rôle CVI: FI Vendor,Exploration SAP,2021-09-22,10:43:10,00:00:14
stefano.crapanzano@chu.ulg.ac.be,Créer Organisation : rôle CVI: FI Vendor,Exploration SAP,2021-09-22,10:43:29,00:00:08
stefano.crapanzano@chu.ulg.ac.be,Créer Organisation : rôle CVI: FI Vendor,Exploration SAP,2021-09-22,10:43:57,00:00:05
stefano.crapanzano@chu.ulg.ac.be,Créer Organisation : rôle CVI: FI Vendor,Exploration SAP,2021-09-22,10:44:29,00:00:13
stefano.crapanzano@chu.ulg.ac.be,Créer Organisation : rôle CVI: FI Vendor,Exploration SAP,2021-09-22,10:44:49,00:00:14
stefano.crapanzano@chu.ulg.ac.be,Créer Organisation : rôle CVI: FI Vendor,Exploration SAP,2021-09-22,10:45:07,00:00:03
stefano.crapanzano@chu.ulg.ac.be,Créer Organisation : rôle CVI: FI Vendor,Exploration SAP,2021-09-22,11:09:57,00:00:02
stefano.crapanzano@chu.ulg.ac.be,Clé de pays (1)  261 Entrées trouvées,Exploration SAP,2021-09-22,10:44:42,00:00:06
stefano.crapanzano@chu.ulg.ac.be,Rédaction : (pas de sujet) - Thunderbird,Helpdesk général,2021-09-22,11:04:05,00:00:05
stefano.crapanzano@chu.ulg.ac.be,Rédaction : Mes notes sur la présentation - Thunderbird,Helpdesk général,2021-09-22,11:04:23,00:00:04
stefano.crapanzano@chu.ulg.ac.be,Rédaction : Mes notes sur la présentation business partner et intrastat 2.0 - Thunderbird,Helpdesk général,2021-09-22,11:04:36,00:00:03
stefano.crapanzano@chu.ulg.ac.be,Joindre les fichiers,Helpdesk général,2021-09-22,11:04:40,00:00:06
stefano.crapanzano@chu.ulg.ac.be,Envoi du message - Mes notes sur la présentation business partner et intrastat 2.0,Helpdesk général,2021-09-22,11:04:49,00:00:02
stefano.crapanzano@chu.ulg.ac.be,Modifier planification pour job intrastat - Xperthis ERP4HC 2.0 Rollout - Service d'assistance - Google Chrome,Tâches diverses,2021-09-22,11:11:50,00:00:13
stefano.crapanzano@chu.ulg.ac.be,Test des Messages HL7 en provenance d'OAZIS - Xperthis ERP4HC 2.0 Rollout - Service d'assistance - Google Chrome,Tâches diverses,2021-09-22,11:13:08,00:01:44
stefano.crapanzano@chu.ulg.ac.be,Options pour services Web - Google Chrome,Tâches diverses,2021-09-22,11:15:30,00:00:45
stefano.crapanzano@chu.ulg.ac.be,Options par défaut pour utilisateurs - Google Chrome,Tâches diverses,2021-09-22,11:16:18,00:00:02
stefano.crapanzano@chu.ulg.ac.be,Mass Change Default Settings - Google Chrome,Tâches diverses,2021-09-22,11:16:24,00:00:03
stefano.crapanzano@chu.ulg.ac.be,Programme ZLOAD_USRATTRS - Google Chrome,Tâches diverses,2021-09-22,11:16:30,00:00:02
stefano.crapanzano@chu.ulg.ac.be,Gestion des postes de catalogue - Google Chrome,Tâches diverses,2021-09-22,11:16:40,00:00:06
stefano.crapanzano@chu.ulg.ac.be,Gestion des postes de catalogue - Google Chrome,Tâches diverses,2021-09-22,11:17:05,00:00:05
stefano.crapanzano@chu.ulg.ac.be,Gestion des postes de catalogue - Google Chrome,Tâches diverses,2021-09-22,11:17:13,00:00:05
stefano.crapanzano@chu.ulg.ac.be,Poste de catalogue - Google Chrome,Tâches diverses,2021-09-22,11:16:46,00:00:18
stefano.crapanzano@chu.ulg.ac.be,Poste de catalogue - Google Chrome,Tâches diverses,2021-09-22,11:17:10,00:00:02
stefano.crapanzano@chu.ulg.ac.be,Suivi des postes de demande d'achat - Google Chrome,Tâches diverses,2021-09-22,11:17:25,00:00:09
stefano.crapanzano@chu.ulg.ac.be,Envoyés - stefano.crapanzano@chuliege.be - Mozilla Thunderbird,Helpdesk général,2021-09-22,11:17:54,00:00:07
stefano.crapanzano@chu.ulg.ac.be,Lecture documentation,Tâches diverses,2021-09-22,11:21:57,00:09:30
stefano.crapanzano@chu.ulg.ac.be,Lecture documentation,Tâches diverses,2021-09-22,11:33:51,00:05:45
stefano.crapanzano@chu.ulg.ac.be,Créer déclaration Intrastat : synthèse des postes - Google Chrome,Tâches diverses,2021-09-22,12:01:18,00:00:21
stefano.crapanzano@chu.ulg.ac.be,\\filesrv04.st.chulg\DSL\Achats\STATISTIQUES\Intrastat\DECLARATIONS\Déclarations 2020\envoyé\202010.sdf - Notepad++ [Administrator],IT,2021-09-22,12:03:44,00:00:09
stefano.crapanzano@chu.ulg.ac.be,\\filesrv04.st.chulg\DSL\Achats\STATISTIQUES\Intrastat\DECLARATIONS\Déclarations 2020\envoyé\202010.sdf - Notepad++ [Administrator],Tâches diverses,2021-09-22,12:03:58,00:00:04
stefano.crapanzano@chu.ulg.ac.be,\\filesrv04.st.chulg\DSL\Achats\STATISTIQUES\Intrastat\DECLARATIONS\Déclarations 2020\envoyé\202010.sdf - Notepad++ [Administrator],IT,2021-09-22,12:04:23,00:00:36
stefano.crapanzano@chu.ulg.ac.be,\\filesrv04.st.chulg\DSL\Achats\STATISTIQUES\Intrastat\DECLARATIONS\Déclarations 2020\envoyé\202010.sdf - Notepad++ [Administrator],IT,2021-09-22,12:05:47,00:00:13
stefano.crapanzano@chu.ulg.ac.be,DoX @ CHU-ULiège - Google Chrome,Tâches diverses,2021-09-22,12:19:12,00:00:09
stefano.crapanzano@chu.ulg.ac.be,Fichiers - DoX @ CHU-ULiège - Google Chrome,Tâches diverses,2021-09-22,12:19:22,00:00:04
stefano.crapanzano@chu.ulg.ac.be,PYTHON_SAI_W_047 - Fichiers - DoX @ CHU-ULiège - Google Chrome,Tâches diverses,2021-09-22,12:19:26,00:00:05
stefano.crapanzano@chu.ulg.ac.be,venv - Fichiers - DoX @ CHU-ULiège - Google Chrome,Tâches diverses,2021-09-22,12:19:34,00:00:04
stefano.crapanzano@chu.ulg.ac.be,site-packages - Fichiers - DoX @ CHU-ULiège - Google Chrome,Tâches diverses,2021-09-22,12:19:38,00:00:18
stefano.crapanzano@chu.ulg.ac.be,django - Fichiers - DoX @ CHU-ULiège - Google Chrome,Tâches diverses,2021-09-22,12:19:57,00:00:04
stefano.crapanzano@chu.ulg.ac.be,contrib - Fichiers - DoX @ CHU-ULiège - Google Chrome,Tâches diverses,2021-09-22,12:20:01,00:00:06
stefano.crapanzano@chu.ulg.ac.be,sessions - Fichiers - DoX @ CHU-ULiège - Google Chrome,Tâches diverses,2021-09-22,12:20:07,00:00:02
stefano.crapanzano@chu.ulg.ac.be,locale - Fichiers - DoX @ CHU-ULiège - Google Chrome,Tâches diverses,2021-09-22,12:20:10,00:00:18
stefano.crapanzano@chu.ulg.ac.be,tk - Fichiers - DoX @ CHU-ULiège - Google Chrome,Tâches diverses,2021-09-22,12:20:28,00:00:02
stefano.crapanzano@chu.ulg.ac.be,__pycache__ - Fichiers - DoX @ CHU-ULiège - Google Chrome,Tâches diverses,2021-09-22,12:20:31,00:00:20
stefano.crapanzano@chu.ulg.ac.be,__pycache__ - Fichiers - DoX @ CHU-ULiège - Google Chrome,Tâches diverses,2021-09-22,12:21:38,00:00:02
