Email,Description,Project,Start date,Start time,Duration
stefano.crapanzano@chu.ulg.ac.be,Administrateur : C:\Windows\system32\cmd.exe - python  main.py,IT,2021-09-23,09:12:19,00:00:05
stefano.crapanzano@chu.ulg.ac.be,Administrateur : C:\Windows\system32\cmd.exe - python  main.py,IT,2021-09-23,09:14:18,00:00:02
stefano.crapanzano@chu.ulg.ac.be,Administrateur : C:\Windows\system32\cmd.exe - python  main.py,IT,2021-09-23,13:24:24,00:00:03
stefano.crapanzano@chu.ulg.ac.be,Courrier entrant - erp.sai@chuliege.be - Mozilla Thunderbird,Helpdesk général,2021-09-23,09:13:02,00:00:04
stefano.crapanzano@chu.ulg.ac.be,Courrier entrant - erp.sai@chuliege.be - Mozilla Thunderbird,Helpdesk général,2021-09-23,09:13:14,00:00:02
stefano.crapanzano@chu.ulg.ac.be,Courrier entrant - erp.sai@chuliege.be - Mozilla Thunderbird,Helpdesk général,2021-09-23,09:19:02,00:00:06
stefano.crapanzano@chu.ulg.ac.be,Courrier entrant - erp.sai@chuliege.be - Mozilla Thunderbird,Helpdesk général,2021-09-23,09:20:53,00:00:02
stefano.crapanzano@chu.ulg.ac.be,Courrier entrant - erp.sai@chuliege.be - Mozilla Thunderbird,Helpdesk général,2021-09-23,09:47:58,00:00:15
stefano.crapanzano@chu.ulg.ac.be,Courrier entrant - erp.sai@chuliege.be - Mozilla Thunderbird,Helpdesk général,2021-09-23,09:51:24,00:00:19
stefano.crapanzano@chu.ulg.ac.be,Courrier entrant - erp.sai@chuliege.be - Mozilla Thunderbird,Helpdesk général,2021-09-23,09:54:38,00:00:12
stefano.crapanzano@chu.ulg.ac.be,Courrier entrant - erp.sai@chuliege.be - Mozilla Thunderbird,Helpdesk général,2021-09-23,10:08:22,00:00:04
stefano.crapanzano@chu.ulg.ac.be,Courrier entrant - erp.sai@chuliege.be - Mozilla Thunderbird,Helpdesk général,2021-09-23,10:22:16,00:00:07
stefano.crapanzano@chu.ulg.ac.be,Courrier entrant - erp.sai@chuliege.be - Mozilla Thunderbird,Helpdesk général,2021-09-23,10:29:17,00:00:06
stefano.crapanzano@chu.ulg.ac.be,Courrier entrant - erp.sai@chuliege.be - Mozilla Thunderbird,Helpdesk général,2021-09-23,10:29:26,00:00:04
stefano.crapanzano@chu.ulg.ac.be,Courrier entrant - erp.sai@chuliege.be - Mozilla Thunderbird,Tâches diverses,2021-09-23,10:32:53,00:00:03
stefano.crapanzano@chu.ulg.ac.be,Courrier entrant - erp.sai@chuliege.be - Mozilla Thunderbird,Helpdesk général,2021-09-23,10:34:13,00:00:02
stefano.crapanzano@chu.ulg.ac.be,Courrier entrant - erp.sai@chuliege.be - Mozilla Thunderbird,Helpdesk général,2021-09-23,10:34:18,00:00:06
stefano.crapanzano@chu.ulg.ac.be,Courrier entrant - erp.sai@chuliege.be - Mozilla Thunderbird,Helpdesk général,2021-09-23,10:34:38,00:00:06
stefano.crapanzano@chu.ulg.ac.be,Courrier entrant - erp.sai@chuliege.be - Mozilla Thunderbird,Tâches diverses,2021-09-23,10:35:58,00:00:44
stefano.crapanzano@chu.ulg.ac.be,Courrier entrant - erp.sai@chuliege.be - Mozilla Thunderbird,Helpdesk général,2021-09-23,10:40:32,00:00:03
stefano.crapanzano@chu.ulg.ac.be,Courrier entrant - erp.sai@chuliege.be - Mozilla Thunderbird,Helpdesk général,2021-09-23,10:49:13,00:06:51
stefano.crapanzano@chu.ulg.ac.be,Courrier entrant - erp.sai@chuliege.be - Mozilla Thunderbird,Helpdesk général,2021-09-23,11:08:31,00:00:51
stefano.crapanzano@chu.ulg.ac.be,Courrier entrant - erp.sai@chuliege.be - Mozilla Thunderbird,Helpdesk général,2021-09-23,11:11:14,00:00:06
stefano.crapanzano@chu.ulg.ac.be,Courrier entrant - erp.sai@chuliege.be - Mozilla Thunderbird,Helpdesk général,2021-09-23,11:12:12,00:00:06
stefano.crapanzano@chu.ulg.ac.be,Courrier entrant - erp.sai@chuliege.be - Mozilla Thunderbird,Helpdesk général,2021-09-23,11:13:11,00:00:06
stefano.crapanzano@chu.ulg.ac.be,Courrier entrant - erp.sai@chuliege.be - Mozilla Thunderbird,Helpdesk général,2021-09-23,11:13:26,00:00:14
stefano.crapanzano@chu.ulg.ac.be,Courrier entrant - erp.sai@chuliege.be - Mozilla Thunderbird,Helpdesk général,2021-09-23,11:24:47,00:01:11
stefano.crapanzano@chu.ulg.ac.be,Courrier entrant - erp.sai@chuliege.be - Mozilla Thunderbird,Helpdesk général,2021-09-23,11:27:06,00:00:25
stefano.crapanzano@chu.ulg.ac.be,Courrier entrant - erp.sai@chuliege.be - Mozilla Thunderbird,Tâches diverses,2021-09-23,11:27:46,00:00:06
stefano.crapanzano@chu.ulg.ac.be,Courrier entrant - erp.sai@chuliege.be - Mozilla Thunderbird,Helpdesk général,2021-09-23,11:27:56,00:00:06
stefano.crapanzano@chu.ulg.ac.be,Courrier entrant - erp.sai@chuliege.be - Mozilla Thunderbird,Helpdesk général,2021-09-23,11:29:35,00:00:16
stefano.crapanzano@chu.ulg.ac.be,Courrier entrant - erp.sai@chuliege.be - Mozilla Thunderbird,Helpdesk général,2021-09-23,11:30:38,00:00:02
stefano.crapanzano@chu.ulg.ac.be,Courrier entrant - erp.sai@chuliege.be - Mozilla Thunderbird,Helpdesk général,2021-09-23,11:30:42,00:00:05
stefano.crapanzano@chu.ulg.ac.be,Courrier entrant - erp.sai@chuliege.be - Mozilla Thunderbird,Helpdesk général,2021-09-23,11:30:50,00:01:02
stefano.crapanzano@chu.ulg.ac.be,Courrier entrant - erp.sai@chuliege.be - Mozilla Thunderbird,Helpdesk général,2021-09-23,11:32:26,00:00:11
stefano.crapanzano@chu.ulg.ac.be,Courrier entrant - erp.sai@chuliege.be - Mozilla Thunderbird,Helpdesk général,2021-09-23,11:35:00,00:00:05
stefano.crapanzano@chu.ulg.ac.be,Courrier entrant - erp.sai@chuliege.be - Mozilla Thunderbird,Helpdesk général,2021-09-23,11:37:27,00:00:07
stefano.crapanzano@chu.ulg.ac.be,Courrier entrant - erp.sai@chuliege.be - Mozilla Thunderbird,Helpdesk général,2021-09-23,11:44:09,00:00:07
stefano.crapanzano@chu.ulg.ac.be,Courrier entrant - erp.sai@chuliege.be - Mozilla Thunderbird,Helpdesk général,2021-09-23,11:53:07,00:00:03
stefano.crapanzano@chu.ulg.ac.be,Courrier entrant - erp.sai@chuliege.be - Mozilla Thunderbird,Helpdesk général,2021-09-23,11:55:10,00:00:14
stefano.crapanzano@chu.ulg.ac.be,Courrier entrant - erp.sai@chuliege.be - Mozilla Thunderbird,Helpdesk général,2021-09-23,12:27:14,00:00:06
stefano.crapanzano@chu.ulg.ac.be,Courrier entrant - erp.sai@chuliege.be - Mozilla Thunderbird,Helpdesk général,2021-09-23,12:34:21,00:01:24
stefano.crapanzano@chu.ulg.ac.be,Courrier entrant - erp.sai@chuliege.be - Mozilla Thunderbird,Helpdesk général,2021-09-23,12:45:40,00:00:07
stefano.crapanzano@chu.ulg.ac.be,Courrier entrant - erp.sai@chuliege.be - Mozilla Thunderbird,Helpdesk général,2021-09-23,12:45:49,00:06:33
stefano.crapanzano@chu.ulg.ac.be,Courrier entrant - erp.sai@chuliege.be - Mozilla Thunderbird,Helpdesk général,2021-09-23,12:56:10,00:00:02
stefano.crapanzano@chu.ulg.ac.be,Courrier entrant - erp.sai@chuliege.be - Mozilla Thunderbird,Helpdesk général,2021-09-23,12:56:25,00:00:02
stefano.crapanzano@chu.ulg.ac.be,Courrier entrant - erp.sai@chuliege.be - Mozilla Thunderbird,Helpdesk général,2021-09-23,13:23:17,00:00:10
stefano.crapanzano@chu.ulg.ac.be,Courrier entrant - erp.sai@chuliege.be - Mozilla Thunderbird,Helpdesk général,2021-09-23,13:30:01,00:02:39
stefano.crapanzano@chu.ulg.ac.be,Courrier entrant - erp.sai@chuliege.be - Mozilla Thunderbird,Helpdesk général,2021-09-23,13:32:42,00:00:02
stefano.crapanzano@chu.ulg.ac.be,Courrier entrant - erp.sai@chuliege.be - Mozilla Thunderbird,Helpdesk général,2021-09-23,13:39:25,00:00:10
stefano.crapanzano@chu.ulg.ac.be,Courrier entrant - erp.sai@chuliege.be - Mozilla Thunderbird,Helpdesk général,2021-09-23,13:52:34,00:00:02
stefano.crapanzano@chu.ulg.ac.be,Courrier entrant - erp.sai@chuliege.be - Mozilla Thunderbird,Helpdesk général,2021-09-23,13:52:38,00:00:02
stefano.crapanzano@chu.ulg.ac.be,Courrier entrant - erp.sai@chuliege.be - Mozilla Thunderbird,Helpdesk général,2021-09-23,14:02:01,00:00:23
stefano.crapanzano@chu.ulg.ac.be,Courrier entrant - erp.sai@chuliege.be - Mozilla Thunderbird,Helpdesk général,2021-09-23,14:21:17,00:00:14
stefano.crapanzano@chu.ulg.ac.be,Courrier entrant - erp.sai@chuliege.be - Mozilla Thunderbird,Helpdesk général,2021-09-23,14:21:34,00:00:03
stefano.crapanzano@chu.ulg.ac.be,Courrier entrant - erp.sai@chuliege.be - Mozilla Thunderbird,Helpdesk général,2021-09-23,14:36:47,00:00:23
stefano.crapanzano@chu.ulg.ac.be,Courrier entrant - erp.sai@chuliege.be - Mozilla Thunderbird,Helpdesk général,2021-09-23,15:19:40,00:00:03
stefano.crapanzano@chu.ulg.ac.be,Courrier entrant - erp.sai@chuliege.be - Mozilla Thunderbird,Helpdesk général,2021-09-23,15:22:54,00:00:02
stefano.crapanzano@chu.ulg.ac.be,Courrier entrant - erp.sai@chuliege.be - Mozilla Thunderbird,Helpdesk général,2021-09-23,15:36:50,00:00:03
stefano.crapanzano@chu.ulg.ac.be,Courrier entrant - erp.sai@chuliege.be - Mozilla Thunderbird,Helpdesk général,2021-09-23,15:46:31,00:00:04
stefano.crapanzano@chu.ulg.ac.be,Courrier entrant - erp.sai@chuliege.be - Mozilla Thunderbird,Helpdesk général,2021-09-23,15:48:11,00:00:13
stefano.crapanzano@chu.ulg.ac.be,Courrier entrant - erp.sai@chuliege.be - Mozilla Thunderbird,Helpdesk général,2021-09-23,15:50:27,00:00:08
stefano.crapanzano@chu.ulg.ac.be,Courrier entrant - erp.sai@chuliege.be - Mozilla Thunderbird,Helpdesk général,2021-09-23,15:55:38,00:00:02
stefano.crapanzano@chu.ulg.ac.be,Courrier entrant - erp.sai@chuliege.be - Mozilla Thunderbird,Helpdesk général,2021-09-23,15:56:47,00:00:02
stefano.crapanzano@chu.ulg.ac.be,Courrier entrant - erp.sai@chuliege.be - Mozilla Thunderbird,Helpdesk général,2021-09-23,15:57:57,00:00:02
stefano.crapanzano@chu.ulg.ac.be,Courrier entrant - erp.sai@chuliege.be - Mozilla Thunderbird,Helpdesk général,2021-09-23,16:05:26,00:00:05
stefano.crapanzano@chu.ulg.ac.be,Courrier entrant - erp.sai@chuliege.be - Mozilla Thunderbird,Helpdesk général,2021-09-23,16:07:20,00:00:03
stefano.crapanzano@chu.ulg.ac.be,Courrier entrant - erp.sai@chuliege.be - Mozilla Thunderbird,Helpdesk général,2021-09-23,16:07:55,00:00:03
stefano.crapanzano@chu.ulg.ac.be,Courrier entrant - erp.sai@chuliege.be - Mozilla Thunderbird,Helpdesk général,2021-09-23,16:18:35,00:00:29
stefano.crapanzano@chu.ulg.ac.be,Courrier entrant - erp.sai@chuliege.be - Mozilla Thunderbird,Helpdesk général,2021-09-23,16:24:38,00:00:03
stefano.crapanzano@chu.ulg.ac.be,Courrier entrant - erp.sai@chuliege.be - Mozilla Thunderbird,Helpdesk général,2021-09-23,16:34:44,00:00:10
stefano.crapanzano@chu.ulg.ac.be,Courrier entrant - erp.sai@chuliege.be - Mozilla Thunderbird,Helpdesk général,2021-09-23,16:41:12,00:00:05
stefano.crapanzano@chu.ulg.ac.be,Courrier entrant - erp.sai@chuliege.be - Mozilla Thunderbird,Helpdesk général,2021-09-23,16:46:54,00:00:02
stefano.crapanzano@chu.ulg.ac.be,Courrier entrant - erp.sai@chuliege.be - Mozilla Thunderbird,Helpdesk général,2021-09-23,16:47:59,00:00:17
stefano.crapanzano@chu.ulg.ac.be,Courrier entrant - stefano.crapanzano@chuliege.be - Mozilla Thunderbird,Helpdesk général,2021-09-23,09:12:25,00:00:02
stefano.crapanzano@chu.ulg.ac.be,Courrier entrant - stefano.crapanzano@chuliege.be - Mozilla Thunderbird,Helpdesk général,2021-09-23,10:08:26,00:00:39
stefano.crapanzano@chu.ulg.ac.be,Courrier entrant - stefano.crapanzano@chuliege.be - Mozilla Thunderbird,Helpdesk général,2021-09-23,10:29:23,00:00:02
stefano.crapanzano@chu.ulg.ac.be,Courrier entrant - stefano.crapanzano@chuliege.be - Mozilla Thunderbird,Helpdesk général,2021-09-23,10:34:15,00:00:02
stefano.crapanzano@chu.ulg.ac.be,Courrier entrant - stefano.crapanzano@chuliege.be - Mozilla Thunderbird,Helpdesk général,2021-09-23,11:23:11,00:00:02
stefano.crapanzano@chu.ulg.ac.be,Courrier entrant - stefano.crapanzano@chuliege.be - Mozilla Thunderbird,Helpdesk général,2021-09-23,11:52:15,00:00:28
stefano.crapanzano@chu.ulg.ac.be,Courrier entrant - stefano.crapanzano@chuliege.be - Mozilla Thunderbird,Helpdesk général,2021-09-23,11:52:45,00:00:03
stefano.crapanzano@chu.ulg.ac.be,Courrier entrant - stefano.crapanzano@chuliege.be - Mozilla Thunderbird,Helpdesk général,2021-09-23,11:52:50,00:00:07
stefano.crapanzano@chu.ulg.ac.be,Courrier entrant - stefano.crapanzano@chuliege.be - Mozilla Thunderbird,Helpdesk général,2021-09-23,11:53:04,00:00:02
stefano.crapanzano@chu.ulg.ac.be,Courrier entrant - stefano.crapanzano@chuliege.be - Mozilla Thunderbird,Helpdesk général,2021-09-23,11:53:11,00:00:43
stefano.crapanzano@chu.ulg.ac.be,Courrier entrant - stefano.crapanzano@chuliege.be - Mozilla Thunderbird,Helpdesk général,2021-09-23,11:54:04,00:01:00
stefano.crapanzano@chu.ulg.ac.be,Courrier entrant - stefano.crapanzano@chuliege.be - Mozilla Thunderbird,Helpdesk général,2021-09-23,11:55:06,00:00:03
stefano.crapanzano@chu.ulg.ac.be,Courrier entrant - stefano.crapanzano@chuliege.be - Mozilla Thunderbird,Helpdesk général,2021-09-23,12:21:29,00:00:06
stefano.crapanzano@chu.ulg.ac.be,Courrier entrant - stefano.crapanzano@chuliege.be - Mozilla Thunderbird,Helpdesk général,2021-09-23,12:26:24,00:00:13
stefano.crapanzano@chu.ulg.ac.be,Courrier entrant - stefano.crapanzano@chuliege.be - Mozilla Thunderbird,Helpdesk général,2021-09-23,12:27:09,00:00:05
stefano.crapanzano@chu.ulg.ac.be,Courrier entrant - stefano.crapanzano@chuliege.be - Mozilla Thunderbird,Helpdesk général,2021-09-23,12:27:21,00:00:03
stefano.crapanzano@chu.ulg.ac.be,Courrier entrant - stefano.crapanzano@chuliege.be - Mozilla Thunderbird,Helpdesk général,2021-09-23,12:33:28,00:00:25
stefano.crapanzano@chu.ulg.ac.be,Courrier entrant - stefano.crapanzano@chuliege.be - Mozilla Thunderbird,Helpdesk général,2021-09-23,12:43:54,00:00:02
stefano.crapanzano@chu.ulg.ac.be,Courrier entrant - stefano.crapanzano@chuliege.be - Mozilla Thunderbird,Helpdesk général,2021-09-23,12:52:46,00:00:13
stefano.crapanzano@chu.ulg.ac.be,Courrier entrant - stefano.crapanzano@chuliege.be - Mozilla Thunderbird,Helpdesk général,2021-09-23,12:54:52,00:00:03
stefano.crapanzano@chu.ulg.ac.be,Courrier entrant - stefano.crapanzano@chuliege.be - Mozilla Thunderbird,Helpdesk général,2021-09-23,12:55:53,00:00:17
stefano.crapanzano@chu.ulg.ac.be,Courrier entrant - stefano.crapanzano@chuliege.be - Mozilla Thunderbird,Helpdesk général,2021-09-23,13:07:45,00:00:02
stefano.crapanzano@chu.ulg.ac.be,Courrier entrant - stefano.crapanzano@chuliege.be - Mozilla Thunderbird,Helpdesk général,2021-09-23,13:29:59,00:00:02
stefano.crapanzano@chu.ulg.ac.be,Courrier entrant - stefano.crapanzano@chuliege.be - Mozilla Thunderbird,Helpdesk général,2021-09-23,15:48:06,00:00:05
stefano.crapanzano@chu.ulg.ac.be,Courrier entrant - stefano.crapanzano@chuliege.be - Mozilla Thunderbird,Helpdesk général,2021-09-23,15:59:27,00:00:03
stefano.crapanzano@chu.ulg.ac.be,Navigation système de fichier,IT,2021-09-23,09:12:29,00:00:30
stefano.crapanzano@chu.ulg.ac.be,Navigation système de fichier,IT,2021-09-23,09:13:07,00:00:02
stefano.crapanzano@chu.ulg.ac.be,Navigation système de fichier,IT,2021-09-23,09:24:35,00:00:03
stefano.crapanzano@chu.ulg.ac.be,Navigation système de fichier,IT,2021-09-23,09:53:44,00:00:08
stefano.crapanzano@chu.ulg.ac.be,Navigation système de fichier,IT,2021-09-23,09:58:11,00:00:19
stefano.crapanzano@chu.ulg.ac.be,Navigation système de fichier,IT,2021-09-23,10:09:06,00:00:37
stefano.crapanzano@chu.ulg.ac.be,Navigation système de fichier,IT,2021-09-23,10:22:24,00:00:02
stefano.crapanzano@chu.ulg.ac.be,Navigation système de fichier,IT,2021-09-23,11:09:54,00:00:02
stefano.crapanzano@chu.ulg.ac.be,Navigation système de fichier,IT,2021-09-23,11:11:11,00:00:03
stefano.crapanzano@chu.ulg.ac.be,Navigation système de fichier,IT,2021-09-23,11:11:21,00:00:02
stefano.crapanzano@chu.ulg.ac.be,Navigation système de fichier,IT,2021-09-23,11:13:41,00:00:16
stefano.crapanzano@chu.ulg.ac.be,Navigation système de fichier,IT,2021-09-23,11:14:02,00:00:06
stefano.crapanzano@chu.ulg.ac.be,Navigation système de fichier,IT,2021-09-23,11:25:59,00:01:06
stefano.crapanzano@chu.ulg.ac.be,Navigation système de fichier,IT,2021-09-23,11:28:41,00:00:03
stefano.crapanzano@chu.ulg.ac.be,Navigation système de fichier,IT,2021-09-23,11:29:02,00:00:02
stefano.crapanzano@chu.ulg.ac.be,Navigation système de fichier,IT,2021-09-23,11:45:32,00:06:42
stefano.crapanzano@chu.ulg.ac.be,Navigation système de fichier,IT,2021-09-23,11:52:58,00:00:03
stefano.crapanzano@chu.ulg.ac.be,Navigation système de fichier,IT,2021-09-23,11:57:40,00:00:30
stefano.crapanzano@chu.ulg.ac.be,Navigation système de fichier,IT,2021-09-23,12:08:30,00:00:17
stefano.crapanzano@chu.ulg.ac.be,Navigation système de fichier,IT,2021-09-23,12:08:56,00:00:13
stefano.crapanzano@chu.ulg.ac.be,Navigation système de fichier,IT,2021-09-23,12:43:56,00:00:03
stefano.crapanzano@chu.ulg.ac.be,Navigation système de fichier,IT,2021-09-23,12:52:24,00:00:03
stefano.crapanzano@chu.ulg.ac.be,Navigation système de fichier,IT,2021-09-23,13:08:06,00:00:24
stefano.crapanzano@chu.ulg.ac.be,Navigation système de fichier,IT,2021-09-23,13:08:52,00:00:06
stefano.crapanzano@chu.ulg.ac.be,Navigation système de fichier,IT,2021-09-23,13:10:20,00:00:06
stefano.crapanzano@chu.ulg.ac.be,Navigation système de fichier,IT,2021-09-23,13:16:08,00:00:02
stefano.crapanzano@chu.ulg.ac.be,Navigation système de fichier,IT,2021-09-23,13:16:42,00:00:36
stefano.crapanzano@chu.ulg.ac.be,Navigation système de fichier,IT,2021-09-23,13:20:13,00:00:05
stefano.crapanzano@chu.ulg.ac.be,Navigation système de fichier,IT,2021-09-23,13:24:20,00:00:02
stefano.crapanzano@chu.ulg.ac.be,Navigation système de fichier,IT,2021-09-23,13:37:29,00:00:02
stefano.crapanzano@chu.ulg.ac.be,Navigation système de fichier,IT,2021-09-23,13:37:38,00:00:03
stefano.crapanzano@chu.ulg.ac.be,Navigation système de fichier,IT,2021-09-23,14:03:49,00:00:02
stefano.crapanzano@chu.ulg.ac.be,Navigation système de fichier,IT,2021-09-23,14:19:55,00:00:03
stefano.crapanzano@chu.ulg.ac.be,Navigation système de fichier,IT,2021-09-23,14:23:18,00:00:05
stefano.crapanzano@chu.ulg.ac.be,Navigation système de fichier,IT,2021-09-23,14:23:32,00:00:02
stefano.crapanzano@chu.ulg.ac.be,Navigation système de fichier,IT,2021-09-23,14:23:43,00:00:06
stefano.crapanzano@chu.ulg.ac.be,Navigation système de fichier,IT,2021-09-23,14:23:55,00:00:05
stefano.crapanzano@chu.ulg.ac.be,Navigation système de fichier,IT,2021-09-23,14:24:03,00:00:02
stefano.crapanzano@chu.ulg.ac.be,Navigation système de fichier,IT,2021-09-23,14:31:20,00:00:02
stefano.crapanzano@chu.ulg.ac.be,Navigation système de fichier,IT,2021-09-23,14:31:31,00:00:02
stefano.crapanzano@chu.ulg.ac.be,Navigation système de fichier,IT,2021-09-23,14:35:44,00:00:23
stefano.crapanzano@chu.ulg.ac.be,Navigation système de fichier,IT,2021-09-23,14:36:11,00:00:07
stefano.crapanzano@chu.ulg.ac.be,Navigation système de fichier,IT,2021-09-23,14:39:50,00:00:04
stefano.crapanzano@chu.ulg.ac.be,Navigation système de fichier,IT,2021-09-23,14:40:05,00:00:02
stefano.crapanzano@chu.ulg.ac.be,Navigation système de fichier,IT,2021-09-23,14:41:54,00:00:02
stefano.crapanzano@chu.ulg.ac.be,Navigation système de fichier,IT,2021-09-23,14:42:36,00:00:06
stefano.crapanzano@chu.ulg.ac.be,Navigation système de fichier,IT,2021-09-23,14:42:48,00:00:02
stefano.crapanzano@chu.ulg.ac.be,Navigation système de fichier,IT,2021-09-23,14:43:32,00:00:34
stefano.crapanzano@chu.ulg.ac.be,Navigation système de fichier,IT,2021-09-23,14:44:10,00:00:04
stefano.crapanzano@chu.ulg.ac.be,Navigation système de fichier,IT,2021-09-23,14:50:09,00:00:09
stefano.crapanzano@chu.ulg.ac.be,Navigation système de fichier,IT,2021-09-23,14:50:26,00:00:12
stefano.crapanzano@chu.ulg.ac.be,Navigation système de fichier,IT,2021-09-23,14:50:39,00:00:03
stefano.crapanzano@chu.ulg.ac.be,Navigation système de fichier,IT,2021-09-23,14:54:09,00:00:02
stefano.crapanzano@chu.ulg.ac.be,Navigation système de fichier,IT,2021-09-23,14:54:15,00:00:03
stefano.crapanzano@chu.ulg.ac.be,Navigation système de fichier,IT,2021-09-23,14:54:42,00:00:04
stefano.crapanzano@chu.ulg.ac.be,Navigation système de fichier,IT,2021-09-23,14:55:18,00:00:16
stefano.crapanzano@chu.ulg.ac.be,Navigation système de fichier,IT,2021-09-23,14:58:47,00:00:06
stefano.crapanzano@chu.ulg.ac.be,Navigation système de fichier,IT,2021-09-23,14:58:54,00:00:02
stefano.crapanzano@chu.ulg.ac.be,Navigation système de fichier,IT,2021-09-23,15:00:41,00:00:02
stefano.crapanzano@chu.ulg.ac.be,Navigation système de fichier,IT,2021-09-23,15:00:44,00:00:03
stefano.crapanzano@chu.ulg.ac.be,Navigation système de fichier,IT,2021-09-23,15:05:23,00:00:02
stefano.crapanzano@chu.ulg.ac.be,Navigation système de fichier,IT,2021-09-23,15:15:25,00:00:02
stefano.crapanzano@chu.ulg.ac.be,Navigation système de fichier,IT,2021-09-23,15:19:32,00:00:02
stefano.crapanzano@chu.ulg.ac.be,Navigation système de fichier,IT,2021-09-23,15:21:05,00:00:02
stefano.crapanzano@chu.ulg.ac.be,Navigation système de fichier,IT,2021-09-23,15:25:38,00:00:20
stefano.crapanzano@chu.ulg.ac.be,Navigation système de fichier,IT,2021-09-23,15:37:39,00:00:12
stefano.crapanzano@chu.ulg.ac.be,Navigation système de fichier,IT,2021-09-23,15:38:08,00:00:03
stefano.crapanzano@chu.ulg.ac.be,Navigation système de fichier,IT,2021-09-23,15:50:37,00:00:02
stefano.crapanzano@chu.ulg.ac.be,Navigation système de fichier,IT,2021-09-23,15:50:43,00:04:14
stefano.crapanzano@chu.ulg.ac.be,Navigation système de fichier,IT,2021-09-23,15:55:40,00:00:05
stefano.crapanzano@chu.ulg.ac.be,Navigation système de fichier,IT,2021-09-23,16:05:23,00:00:02
stefano.crapanzano@chu.ulg.ac.be,Navigation système de fichier,IT,2021-09-23,16:34:40,00:00:03
stefano.crapanzano@chu.ulg.ac.be,Navigation système de fichier,IT,2021-09-23,16:36:39,00:00:03
stefano.crapanzano@chu.ulg.ac.be,Navigation système de fichier,IT,2021-09-23,16:46:57,00:00:02
stefano.crapanzano@chu.ulg.ac.be,Navigation système de fichier,IT,2021-09-23,16:48:47,00:00:12
stefano.crapanzano@chu.ulg.ac.be,Envoyés - erp.sai@chuliege.be - Mozilla Thunderbird,Helpdesk général,2021-09-23,09:13:16,00:00:05
stefano.crapanzano@chu.ulg.ac.be,Envoyés - erp.sai@chuliege.be - Mozilla Thunderbird,Helpdesk général,2021-09-23,10:34:25,00:00:13
stefano.crapanzano@chu.ulg.ac.be,Envoyés - erp.sai@chuliege.be - Mozilla Thunderbird,Helpdesk général,2021-09-23,11:23:13,00:00:02
stefano.crapanzano@chu.ulg.ac.be,Envoyés - erp.sai@chuliege.be - Mozilla Thunderbird,Helpdesk général,2021-09-23,11:24:43,00:00:03
stefano.crapanzano@chu.ulg.ac.be,Envoyés - erp.sai@chuliege.be - Mozilla Thunderbird,Helpdesk général,2021-09-23,11:30:47,00:00:02
stefano.crapanzano@chu.ulg.ac.be,Envoyés - erp.sai@chuliege.be - Mozilla Thunderbird,Helpdesk général,2021-09-23,12:27:25,00:00:06
stefano.crapanzano@chu.ulg.ac.be,Envoyés - erp.sai@chuliege.be - Mozilla Thunderbird,Helpdesk général,2021-09-23,12:56:13,00:00:10
stefano.crapanzano@chu.ulg.ac.be,Envoyés - erp.sai@chuliege.be - Mozilla Thunderbird,Helpdesk général,2021-09-23,13:16:14,00:00:11
stefano.crapanzano@chu.ulg.ac.be,Envoyés - erp.sai@chuliege.be - Mozilla Thunderbird,Helpdesk général,2021-09-23,13:20:19,00:00:23
stefano.crapanzano@chu.ulg.ac.be,Envoyés - erp.sai@chuliege.be - Mozilla Thunderbird,Helpdesk général,2021-09-23,13:32:45,00:01:36
stefano.crapanzano@chu.ulg.ac.be,Envoyés - erp.sai@chuliege.be - Mozilla Thunderbird,Helpdesk général,2021-09-23,15:59:31,00:00:27
stefano.crapanzano@chu.ulg.ac.be,Envoyés - erp.sai@chuliege.be - Mozilla Thunderbird,Helpdesk général,2021-09-23,16:41:17,00:00:31
stefano.crapanzano@chu.ulg.ac.be,Impossible utiliser l'application SAP standard  paramètres par défaut pour l'acquisition d'utilisateurs  - Xperthis ERP4HC 2.0 Rollout - Service d'assistance - Google Chrome,Tâches diverses,2021-09-23,10:27:26,00:00:02
stefano.crapanzano@chu.ulg.ac.be,Impossible utiliser l'application SAP standard  paramètres par défaut pour l'acquisition d'utilisateurs  - Xperthis ERP4HC 2.0 Rollout - Service d'assistance - Google Chrome,Helpdesk général,2021-09-23,10:29:30,00:00:07
stefano.crapanzano@chu.ulg.ac.be,Impossible utiliser l'application SAP standard  paramètres par défaut pour l'acquisition d'utilisateurs  - Xperthis ERP4HC 2.0 Rollout - Service d'assistance - Google Chrome,Tâches diverses,2021-09-23,10:31:53,00:00:02
stefano.crapanzano@chu.ulg.ac.be,Impossible utiliser l'application SAP standard  paramètres par défaut pour l'acquisition d'utilisateurs  - Xperthis ERP4HC 2.0 Rollout - Service d'assistance - Google Chrome,Helpdesk général,2021-09-23,11:13:24,00:00:02
stefano.crapanzano@chu.ulg.ac.be,Programmation,IT,2021-09-23,09:13:23,00:00:54
stefano.crapanzano@chu.ulg.ac.be,Programmation,IT,2021-09-23,14:23:34,00:00:08
stefano.crapanzano@chu.ulg.ac.be,Rôle nécessaire pour les approbateurs de commande d'achat (CA) et demande d'achat (DA) sur X01 [DokuWiki ERP] - Google Chrome,Tâches diverses,2021-09-23,09:19:09,00:00:03
stefano.crapanzano@chu.ulg.ac.be,Rôle nécessaire pour les approbateurs de commande d'achat (CA) et demande d'achat (DA) sur X01 [DokuWiki ERP] - Google Chrome,Tâches diverses,2021-09-23,10:34:01,00:00:02
stefano.crapanzano@chu.ulg.ac.be,Demandes - Service d'assistance - Google Chrome,Tâches diverses,2021-09-23,09:19:13,00:00:21
stefano.crapanzano@chu.ulg.ac.be,Demandes - Service d'assistance - Google Chrome,Tâches diverses,2021-09-23,09:19:51,00:00:09
stefano.crapanzano@chu.ulg.ac.be,Demandes - Service d'assistance - Google Chrome,Tâches diverses,2021-09-23,09:20:19,00:00:06
stefano.crapanzano@chu.ulg.ac.be,Demandes - Service d'assistance - Google Chrome,Tâches diverses,2021-09-23,09:20:48,00:00:02
stefano.crapanzano@chu.ulg.ac.be,Demandes - Service d'assistance - Google Chrome,Tâches diverses,2021-09-23,10:31:56,00:00:02
stefano.crapanzano@chu.ulg.ac.be,Demandes - Service d'assistance - Google Chrome,Tâches diverses,2021-09-23,10:32:16,00:00:13
stefano.crapanzano@chu.ulg.ac.be,Demandes - Service d'assistance - Google Chrome,Tâches diverses,2021-09-23,10:35:12,00:00:25
stefano.crapanzano@chu.ulg.ac.be,Demandes - Service d'assistance - Google Chrome,Tâches diverses,2021-09-23,11:29:30,00:00:05
stefano.crapanzano@chu.ulg.ac.be,Demandes - Service d'assistance - Google Chrome,Tâches diverses,2021-09-23,11:32:53,00:01:18
stefano.crapanzano@chu.ulg.ac.be,Demandes - Service d'assistance - Google Chrome,Tâches diverses,2021-09-23,11:34:12,00:00:05
stefano.crapanzano@chu.ulg.ac.be,Demandes - Service d'assistance - Google Chrome,Tâches diverses,2021-09-23,11:35:40,00:00:03
stefano.crapanzano@chu.ulg.ac.be,Demandes - Service d'assistance - Google Chrome,Tâches diverses,2021-09-23,11:37:21,00:00:05
stefano.crapanzano@chu.ulg.ac.be,Demandes - Service d'assistance - Google Chrome,Tâches diverses,2021-09-23,12:44:04,00:00:02
stefano.crapanzano@chu.ulg.ac.be,Demandes - Service d'assistance - Google Chrome,Tâches diverses,2021-09-23,13:16:30,00:00:12
stefano.crapanzano@chu.ulg.ac.be,Demandes - Service d'assistance - Google Chrome,Tâches diverses,2021-09-23,13:17:42,00:00:05
stefano.crapanzano@chu.ulg.ac.be,Demandes - Service d'assistance - Google Chrome,Tâches diverses,2021-09-23,13:38:12,00:00:08
stefano.crapanzano@chu.ulg.ac.be,Demandes - Service d'assistance - Google Chrome,Tâches diverses,2021-09-23,13:38:21,00:00:03
stefano.crapanzano@chu.ulg.ac.be,Demandes - Service d'assistance - Google Chrome,Tâches diverses,2021-09-23,13:38:32,00:00:03
stefano.crapanzano@chu.ulg.ac.be,Demandes - Service d'assistance - Google Chrome,Tâches diverses,2021-09-23,13:39:16,00:00:07
stefano.crapanzano@chu.ulg.ac.be,Demandes - Service d'assistance - Google Chrome,Tâches diverses,2021-09-23,13:47:32,00:00:04
stefano.crapanzano@chu.ulg.ac.be,Demandes - Service d'assistance - Google Chrome,Tâches diverses,2021-09-23,14:16:07,00:00:02
stefano.crapanzano@chu.ulg.ac.be,Demandes - Service d'assistance - Google Chrome,Helpdesk général,2021-09-23,14:16:58,00:00:02
stefano.crapanzano@chu.ulg.ac.be,Demandes - Service d'assistance - Google Chrome,Tâches diverses,2021-09-23,14:19:35,00:00:06
stefano.crapanzano@chu.ulg.ac.be,Demandes - Service d'assistance - Google Chrome,Tâches diverses,2021-09-23,14:22:09,00:00:10
stefano.crapanzano@chu.ulg.ac.be,Demandes - Service d'assistance - Google Chrome,Tâches diverses,2021-09-23,14:22:27,00:00:51
stefano.crapanzano@chu.ulg.ac.be,Demandes - Service d'assistance - Google Chrome,Tâches diverses,2021-09-23,15:36:26,00:00:02
stefano.crapanzano@chu.ulg.ac.be,Demandes - Service d'assistance - Google Chrome,Tâches diverses,2021-09-23,15:47:02,00:00:05
stefano.crapanzano@chu.ulg.ac.be,Demandes - Service d'assistance - Google Chrome,Tâches diverses,2021-09-23,15:47:26,00:00:08
stefano.crapanzano@chu.ulg.ac.be,Demandes - Service d'assistance - Google Chrome,Tâches diverses,2021-09-23,15:47:45,00:00:03
stefano.crapanzano@chu.ulg.ac.be,Demandes - Service d'assistance - Google Chrome,Helpdesk général,2021-09-23,15:48:25,00:00:03
stefano.crapanzano@chu.ulg.ac.be,Demandes - Service d'assistance - Google Chrome,Tâches diverses,2021-09-23,15:56:55,00:00:02
stefano.crapanzano@chu.ulg.ac.be,Demandes - Service d'assistance - Google Chrome,Tâches diverses,2021-09-23,15:56:59,00:00:03
stefano.crapanzano@chu.ulg.ac.be,Demandes - Service d'assistance - Google Chrome,Tâches diverses,2021-09-23,15:57:27,00:00:05
stefano.crapanzano@chu.ulg.ac.be,Demandes - Service d'assistance - Google Chrome,Tâches diverses,2021-09-23,15:57:34,00:00:02
stefano.crapanzano@chu.ulg.ac.be,Demandes - Service d'assistance - Google Chrome,Tâches diverses,2021-09-23,15:57:38,00:00:06
stefano.crapanzano@chu.ulg.ac.be,Demandes - Service d'assistance - Google Chrome,Tâches diverses,2021-09-23,15:57:50,00:00:06
stefano.crapanzano@chu.ulg.ac.be,Demandes - Service d'assistance - Google Chrome,Tâches diverses,2021-09-23,16:01:31,00:00:08
stefano.crapanzano@chu.ulg.ac.be,Demandes - Service d'assistance - Google Chrome,Tâches diverses,2021-09-23,16:02:10,00:00:05
stefano.crapanzano@chu.ulg.ac.be,Demandes - Service d'assistance - Google Chrome,Tâches diverses,2021-09-23,16:02:26,00:00:03
stefano.crapanzano@chu.ulg.ac.be,Demandes - Service d'assistance - Google Chrome,Tâches diverses,2021-09-23,16:04:47,00:00:02
stefano.crapanzano@chu.ulg.ac.be,Demandes - Service d'assistance - Google Chrome,Tâches diverses,2021-09-23,16:05:11,00:00:08
stefano.crapanzano@chu.ulg.ac.be,Demandes - Service d'assistance - Google Chrome,Tâches diverses,2021-09-23,16:05:31,00:00:02
stefano.crapanzano@chu.ulg.ac.be,Demandes - Service d'assistance - Google Chrome,Tâches diverses,2021-09-23,16:24:49,00:00:34
stefano.crapanzano@chu.ulg.ac.be,Demandes - Service d'assistance - Google Chrome,Tâches diverses,2021-09-23,16:43:05,00:00:08
stefano.crapanzano@chu.ulg.ac.be,Demandes - Service d'assistance - Google Chrome,Tâches diverses,2021-09-23,16:44:52,00:00:04
stefano.crapanzano@chu.ulg.ac.be,Demandes - Service d'assistance - Google Chrome,Tâches diverses,2021-09-23,16:45:01,00:00:04
stefano.crapanzano@chu.ulg.ac.be,Demandes - Service d'assistance - Google Chrome,Tâches diverses,2021-09-23,16:45:07,00:00:02
stefano.crapanzano@chu.ulg.ac.be,Demandes - Service d'assistance - Google Chrome,Tâches diverses,2021-09-23,16:46:14,00:00:17
stefano.crapanzano@chu.ulg.ac.be,Demandes - Service d'assistance - Google Chrome,Tâches diverses,2021-09-23,16:46:49,00:00:04
stefano.crapanzano@chu.ulg.ac.be,SSP - Options par défaut pour utilisateurs - Xperthis ERP4HC 2.0 Rollout - Service d'assistance - Google Chrome,Tâches diverses,2021-09-23,09:19:34,00:00:17
stefano.crapanzano@chu.ulg.ac.be,SSP - Options par défaut pour utilisateurs - Xperthis ERP4HC 2.0 Rollout - Service d'assistance - Google Chrome,Tâches diverses,2021-09-23,13:38:36,00:00:39
stefano.crapanzano@chu.ulg.ac.be,SSP - Options par défaut pour utilisateurs - Xperthis ERP4HC 2.0 Rollout - Service d'assistance - Google Chrome,Tâches diverses,2021-09-23,16:43:13,00:01:39
stefano.crapanzano@chu.ulg.ac.be,par0112wi.xperthis.be:8081/sap/bc/webflow/wshandler?sap-client=203&saml2=disabled - Google Chrome,Tâches diverses,2021-09-23,09:20:01,00:00:06
stefano.crapanzano@chu.ulg.ac.be,par0112wi.xperthis.be:8081/sap/bc/webflow/wshandler?sap-client=203&saml2=disabled - Google Chrome,Tâches diverses,2021-09-23,11:28:20,00:00:02
stefano.crapanzano@chu.ulg.ac.be,Connexion impossible - Google Chrome,Tâches diverses,2021-09-23,09:20:07,00:00:02
stefano.crapanzano@chu.ulg.ac.be,Connexion impossible - Google Chrome,Tâches diverses,2021-09-23,11:28:23,00:00:08
stefano.crapanzano@chu.ulg.ac.be,Comment accéder à Fiori pour l'approbation des DA et CA sur X01 ? - Xperthis ERP4HC 2.0 Rollout - Service d'assistance - Google Chrome,Tâches diverses,2021-09-23,09:20:13,00:00:06
stefano.crapanzano@chu.ulg.ac.be,Comment accéder à Fiori pour l'approbation des DA et CA sur X01 ? - Xperthis ERP4HC 2.0 Rollout - Service d'assistance - Google Chrome,Tâches diverses,2021-09-23,11:32:39,00:00:04
stefano.crapanzano@chu.ulg.ac.be,Comment accéder à SAP Libération des factures (Workflow approval) sur X01 ? - Xperthis ERP4HC 2.0 Rollout - Service d'assistance - Google Chrome,Tâches diverses,2021-09-23,09:20:26,00:00:21
stefano.crapanzano@chu.ulg.ac.be,Comment accéder à SAP Libération des factures (Workflow approval) sur X01 ? - Xperthis ERP4HC 2.0 Rollout - Service d'assistance - Google Chrome,Tâches diverses,2021-09-23,10:35:37,00:00:06
stefano.crapanzano@chu.ulg.ac.be,Comment accéder à SAP Libération des factures (Workflow approval) sur X01 ? - Xperthis ERP4HC 2.0 Rollout - Service d'assistance - Google Chrome,Tâches diverses,2021-09-23,11:27:32,00:00:10
stefano.crapanzano@chu.ulg.ac.be,Comment accéder à SAP Libération des factures (Workflow approval) sur X01 ? - Xperthis ERP4HC 2.0 Rollout - Service d'assistance - Google Chrome,Helpdesk général,2021-09-23,11:27:52,00:00:03
stefano.crapanzano@chu.ulg.ac.be,Comment accéder à SAP Libération des factures (Workflow approval) sur X01 ? - Xperthis ERP4HC 2.0 Rollout - Service d'assistance - Google Chrome,Tâches diverses,2021-09-23,11:28:05,00:00:14
stefano.crapanzano@chu.ulg.ac.be,Comment accéder à SAP Libération des factures (Workflow approval) sur X01 ? - Xperthis ERP4HC 2.0 Rollout - Service d'assistance - Google Chrome,Tâches diverses,2021-09-23,11:28:31,00:00:09
stefano.crapanzano@chu.ulg.ac.be,Comment accéder à SAP Libération des factures (Workflow approval) sur X01 ? - Xperthis ERP4HC 2.0 Rollout - Service d'assistance - Google Chrome,Tâches diverses,2021-09-23,11:29:05,00:00:10
stefano.crapanzano@chu.ulg.ac.be,Comment accéder à SAP Libération des factures (Workflow approval) sur X01 ? - Xperthis ERP4HC 2.0 Rollout - Service d'assistance - Google Chrome,Tâches diverses,2021-09-23,11:37:35,00:00:02
stefano.crapanzano@chu.ulg.ac.be,Comment accéder à SAP Libération des factures (Workflow approval) sur X01 ? - Xperthis ERP4HC 2.0 Rollout - Service d'assistance - Google Chrome,Tâches diverses,2021-09-23,11:44:26,00:00:03
stefano.crapanzano@chu.ulg.ac.be,Lecture documentation,Tâches diverses,2021-09-23,09:20:57,00:02:49
stefano.crapanzano@chu.ulg.ac.be,Lecture documentation,Tâches diverses,2021-09-23,09:23:59,00:00:02
stefano.crapanzano@chu.ulg.ac.be,Lecture documentation,Tâches diverses,2021-09-23,09:25:20,00:03:23
stefano.crapanzano@chu.ulg.ac.be,Lecture documentation,Tâches diverses,2021-09-23,09:28:51,00:05:30
stefano.crapanzano@chu.ulg.ac.be,Lecture documentation,Tâches diverses,2021-09-23,09:34:29,00:00:19
stefano.crapanzano@chu.ulg.ac.be,Lecture documentation,Tâches diverses,2021-09-23,09:34:50,00:00:03
stefano.crapanzano@chu.ulg.ac.be,Lecture documentation,Tâches diverses,2021-09-23,09:35:16,00:06:04
stefano.crapanzano@chu.ulg.ac.be,Lecture documentation,Tâches diverses,2021-09-23,09:41:45,00:06:12
stefano.crapanzano@chu.ulg.ac.be,Lecture documentation,Tâches diverses,2021-09-23,10:27:28,00:01:48
stefano.crapanzano@chu.ulg.ac.be,Lecture documentation,Tâches diverses,2021-09-23,10:29:38,00:01:53
stefano.crapanzano@chu.ulg.ac.be,Lecture documentation,Tâches diverses,2021-09-23,10:34:04,00:00:07
stefano.crapanzano@chu.ulg.ac.be,Lecture documentation,Tâches diverses,2021-09-23,10:56:05,00:00:51
stefano.crapanzano@chu.ulg.ac.be,Lecture documentation,Tâches diverses,2021-09-23,10:57:13,00:00:14
stefano.crapanzano@chu.ulg.ac.be,Lecture documentation,Tâches diverses,2021-09-23,10:57:44,00:07:36
stefano.crapanzano@chu.ulg.ac.be,Lecture documentation,Tâches diverses,2021-09-23,11:05:32,00:00:54
stefano.crapanzano@chu.ulg.ac.be,Lecture documentation,Tâches diverses,2021-09-23,11:06:31,00:01:57
stefano.crapanzano@chu.ulg.ac.be,Lecture documentation,Tâches diverses,2021-09-23,11:11:23,00:00:48
stefano.crapanzano@chu.ulg.ac.be,Lecture documentation,Tâches diverses,2021-09-23,11:14:08,00:09:01
stefano.crapanzano@chu.ulg.ac.be,Lecture documentation,Tâches diverses,2021-09-23,11:23:16,00:01:27
stefano.crapanzano@chu.ulg.ac.be,Lecture documentation,Tâches diverses,2021-09-23,11:37:41,00:06:28
stefano.crapanzano@chu.ulg.ac.be,Lecture documentation,Tâches diverses,2021-09-23,11:44:30,00:00:22
stefano.crapanzano@chu.ulg.ac.be,Lecture documentation,Tâches diverses,2021-09-23,11:55:45,00:00:23
stefano.crapanzano@chu.ulg.ac.be,Lecture documentation,Tâches diverses,2021-09-23,11:56:13,00:00:37
stefano.crapanzano@chu.ulg.ac.be,Lecture documentation,Tâches diverses,2021-09-23,11:57:04,00:00:14
stefano.crapanzano@chu.ulg.ac.be,Lecture documentation,Tâches diverses,2021-09-23,11:57:23,00:00:16
stefano.crapanzano@chu.ulg.ac.be,Lecture documentation,Tâches diverses,2021-09-23,12:02:29,00:05:47
stefano.crapanzano@chu.ulg.ac.be,Lecture documentation,Tâches diverses,2021-09-23,12:08:28,00:00:02
stefano.crapanzano@chu.ulg.ac.be,Lecture documentation,Tâches diverses,2021-09-23,12:08:47,00:00:08
stefano.crapanzano@chu.ulg.ac.be,Lecture documentation,Tâches diverses,2021-09-23,12:09:09,00:01:46
stefano.crapanzano@chu.ulg.ac.be,Lecture documentation,Tâches diverses,2021-09-23,12:10:58,00:10:30
stefano.crapanzano@chu.ulg.ac.be,Lecture documentation,Tâches diverses,2021-09-23,12:21:41,00:04:43
stefano.crapanzano@chu.ulg.ac.be,Lecture documentation,Tâches diverses,2021-09-23,12:27:31,00:05:56
stefano.crapanzano@chu.ulg.ac.be,Lecture documentation,Tâches diverses,2021-09-23,12:33:53,00:00:28
stefano.crapanzano@chu.ulg.ac.be,Lecture documentation,Tâches diverses,2021-09-23,12:35:46,00:08:07
stefano.crapanzano@chu.ulg.ac.be,Lecture documentation,Tâches diverses,2021-09-23,12:52:38,00:00:07
stefano.crapanzano@chu.ulg.ac.be,Lecture documentation,Tâches diverses,2021-09-23,12:53:13,00:00:08
stefano.crapanzano@chu.ulg.ac.be,Lecture documentation,Tâches diverses,2021-09-23,12:53:30,00:00:20
stefano.crapanzano@chu.ulg.ac.be,Lecture documentation,Tâches diverses,2021-09-23,12:53:53,00:00:58
stefano.crapanzano@chu.ulg.ac.be,Lecture documentation,Tâches diverses,2021-09-23,12:55:03,00:00:08
stefano.crapanzano@chu.ulg.ac.be,Lecture documentation,Tâches diverses,2021-09-23,12:55:14,00:00:39
stefano.crapanzano@chu.ulg.ac.be,Lecture documentation,Tâches diverses,2021-09-23,12:56:27,00:03:35
stefano.crapanzano@chu.ulg.ac.be,Lecture documentation,Tâches diverses,2021-09-23,13:00:04,00:03:53
stefano.crapanzano@chu.ulg.ac.be,Lecture documentation,Tâches diverses,2021-09-23,13:04:38,00:03:07
stefano.crapanzano@chu.ulg.ac.be,Lecture documentation,Tâches diverses,2021-09-23,13:20:48,00:01:46
stefano.crapanzano@chu.ulg.ac.be,Lecture documentation,Tâches diverses,2021-09-23,13:22:39,00:00:37
stefano.crapanzano@chu.ulg.ac.be,Lecture documentation,Tâches diverses,2021-09-23,13:23:29,00:00:51
stefano.crapanzano@chu.ulg.ac.be,Lecture documentation,Tâches diverses,2021-09-23,13:24:29,00:05:28
stefano.crapanzano@chu.ulg.ac.be,Lecture documentation,Tâches diverses,2021-09-23,13:34:23,00:03:05
stefano.crapanzano@chu.ulg.ac.be,Lecture documentation,Tâches diverses,2021-09-23,13:52:41,00:09:20
stefano.crapanzano@chu.ulg.ac.be,Lecture documentation,Tâches diverses,2021-09-23,14:19:58,00:01:18
stefano.crapanzano@chu.ulg.ac.be,Lecture documentation,Tâches diverses,2021-09-23,14:24:25,00:06:54
stefano.crapanzano@chu.ulg.ac.be,Lecture documentation,Tâches diverses,2021-09-23,14:31:34,00:04:10
stefano.crapanzano@chu.ulg.ac.be,Lecture documentation,Tâches diverses,2021-09-23,14:36:08,00:00:03
stefano.crapanzano@chu.ulg.ac.be,Lecture documentation,Tâches diverses,2021-09-23,14:36:19,00:00:28
stefano.crapanzano@chu.ulg.ac.be,Lecture documentation,Tâches diverses,2021-09-23,14:37:12,00:02:38
stefano.crapanzano@chu.ulg.ac.be,Lecture documentation,Tâches diverses,2021-09-23,14:39:55,00:00:09
stefano.crapanzano@chu.ulg.ac.be,Lecture documentation,Tâches diverses,2021-09-23,14:41:57,00:00:39
stefano.crapanzano@chu.ulg.ac.be,Lecture documentation,Tâches diverses,2021-09-23,14:42:50,00:00:41
stefano.crapanzano@chu.ulg.ac.be,Lecture documentation,Tâches diverses,2021-09-23,14:44:15,00:01:38
stefano.crapanzano@chu.ulg.ac.be,Lecture documentation,Tâches diverses,2021-09-23,14:46:05,00:02:00
stefano.crapanzano@chu.ulg.ac.be,Lecture documentation,Tâches diverses,2021-09-23,14:48:13,00:00:06
stefano.crapanzano@chu.ulg.ac.be,Lecture documentation,Tâches diverses,2021-09-23,14:50:01,00:00:08
stefano.crapanzano@chu.ulg.ac.be,Lecture documentation,Tâches diverses,2021-09-23,14:51:31,00:00:30
stefano.crapanzano@chu.ulg.ac.be,Lecture documentation,Tâches diverses,2021-09-23,14:52:10,00:00:39
stefano.crapanzano@chu.ulg.ac.be,Lecture documentation,Tâches diverses,2021-09-23,14:53:28,00:00:40
stefano.crapanzano@chu.ulg.ac.be,Lecture documentation,Tâches diverses,2021-09-23,14:54:11,00:00:03
stefano.crapanzano@chu.ulg.ac.be,Lecture documentation,Tâches diverses,2021-09-23,14:54:19,00:00:23
stefano.crapanzano@chu.ulg.ac.be,Lecture documentation,Tâches diverses,2021-09-23,14:54:47,00:00:30
stefano.crapanzano@chu.ulg.ac.be,Lecture documentation,Tâches diverses,2021-09-23,14:56:29,00:01:28
stefano.crapanzano@chu.ulg.ac.be,Lecture documentation,Tâches diverses,2021-09-23,14:58:10,00:00:07
stefano.crapanzano@chu.ulg.ac.be,Lecture documentation,Tâches diverses,2021-09-23,14:58:20,00:00:27
stefano.crapanzano@chu.ulg.ac.be,Lecture documentation,Tâches diverses,2021-09-23,14:59:30,00:00:32
stefano.crapanzano@chu.ulg.ac.be,Lecture documentation,Tâches diverses,2021-09-23,15:00:06,00:00:17
stefano.crapanzano@chu.ulg.ac.be,Lecture documentation,Tâches diverses,2021-09-23,15:00:37,00:00:03
stefano.crapanzano@chu.ulg.ac.be,Lecture documentation,Tâches diverses,2021-09-23,15:00:48,00:00:42
stefano.crapanzano@chu.ulg.ac.be,Lecture documentation,Tâches diverses,2021-09-23,15:04:06,00:01:17
stefano.crapanzano@chu.ulg.ac.be,Lecture documentation,Tâches diverses,2021-09-23,15:05:25,00:00:09
stefano.crapanzano@chu.ulg.ac.be,Lecture documentation,Tâches diverses,2021-09-23,15:05:47,00:01:37
stefano.crapanzano@chu.ulg.ac.be,Lecture documentation,Tâches diverses,2021-09-23,15:07:53,00:00:09
stefano.crapanzano@chu.ulg.ac.be,Lecture documentation,Tâches diverses,2021-09-23,15:08:14,00:00:32
stefano.crapanzano@chu.ulg.ac.be,Lecture documentation,Tâches diverses,2021-09-23,15:09:06,00:01:48
stefano.crapanzano@chu.ulg.ac.be,Lecture documentation,Tâches diverses,2021-09-23,15:11:13,00:00:48
stefano.crapanzano@chu.ulg.ac.be,Lecture documentation,Tâches diverses,2021-09-23,15:12:08,00:00:34
stefano.crapanzano@chu.ulg.ac.be,Lecture documentation,Tâches diverses,2021-09-23,15:13:15,00:00:38
stefano.crapanzano@chu.ulg.ac.be,Lecture documentation,Tâches diverses,2021-09-23,15:14:03,00:00:30
stefano.crapanzano@chu.ulg.ac.be,Lecture documentation,Tâches diverses,2021-09-23,15:15:41,00:03:51
stefano.crapanzano@chu.ulg.ac.be,Lecture documentation,Tâches diverses,2021-09-23,15:19:35,00:00:02
stefano.crapanzano@chu.ulg.ac.be,Lecture documentation,Tâches diverses,2021-09-23,15:37:13,00:00:25
stefano.crapanzano@chu.ulg.ac.be,Lecture documentation,Tâches diverses,2021-09-23,15:38:11,00:08:19
stefano.crapanzano@chu.ulg.ac.be,Lecture documentation,Tâches diverses,2021-09-23,15:48:30,00:01:56
stefano.crapanzano@chu.ulg.ac.be,Lecture documentation,Tâches diverses,2021-09-23,15:54:57,00:00:40
stefano.crapanzano@chu.ulg.ac.be,Lecture documentation,Tâches diverses,2021-09-23,15:55:47,00:01:00
stefano.crapanzano@chu.ulg.ac.be,Lecture documentation,Tâches diverses,2021-09-23,15:58:02,00:01:24
stefano.crapanzano@chu.ulg.ac.be,Lecture documentation,Tâches diverses,2021-09-23,16:06:16,00:01:04
stefano.crapanzano@chu.ulg.ac.be,Lecture documentation,Tâches diverses,2021-09-23,16:08:13,00:10:21
stefano.crapanzano@chu.ulg.ac.be,Lecture documentation,Tâches diverses,2021-09-23,16:23:31,00:01:07
stefano.crapanzano@chu.ulg.ac.be,Lecture documentation,Tâches diverses,2021-09-23,16:33:52,00:00:47
stefano.crapanzano@chu.ulg.ac.be,Lecture documentation,Tâches diverses,2021-09-23,16:36:42,00:03:08
stefano.crapanzano@chu.ulg.ac.be,Lecture documentation,Tâches diverses,2021-09-23,16:39:58,00:01:14
stefano.crapanzano@chu.ulg.ac.be,Lecture documentation,Tâches diverses,2021-09-23,16:46:59,00:00:59
stefano.crapanzano@chu.ulg.ac.be,Lecture documentation,Tâches diverses,2021-09-23,16:48:16,00:00:30
stefano.crapanzano@chu.ulg.ac.be,Lecture documentation,Tâches diverses,2021-09-23,16:48:59,00:11:29
stefano.crapanzano@chu.ulg.ac.be,Lecture documentation,Tâches diverses,2021-09-23,17:00:54,00:04:45
stefano.crapanzano@chu.ulg.ac.be,Greenshot capture form,Helpdesk général,2021-09-23,09:23:47,00:00:11
stefano.crapanzano@chu.ulg.ac.be,Greenshot capture form,Helpdesk général,2021-09-23,09:24:02,00:00:07
stefano.crapanzano@chu.ulg.ac.be,Greenshot capture form,Helpdesk général,2021-09-23,09:34:22,00:00:05
stefano.crapanzano@chu.ulg.ac.be,Greenshot capture form,Helpdesk général,2021-09-23,09:34:53,00:00:06
stefano.crapanzano@chu.ulg.ac.be,Greenshot capture form,Helpdesk général,2021-09-23,09:41:20,00:00:13
stefano.crapanzano@chu.ulg.ac.be,Greenshot capture form,Helpdesk général,2021-09-23,10:23:14,00:00:04
stefano.crapanzano@chu.ulg.ac.be,Greenshot capture form,Helpdesk général,2021-09-23,10:56:57,00:00:04
stefano.crapanzano@chu.ulg.ac.be,Greenshot capture form,Helpdesk général,2021-09-23,10:57:04,00:00:08
stefano.crapanzano@chu.ulg.ac.be,Greenshot capture form,Helpdesk général,2021-09-23,11:05:21,00:00:09
stefano.crapanzano@chu.ulg.ac.be,Greenshot capture form,Helpdesk général,2021-09-23,11:06:26,00:00:03
stefano.crapanzano@chu.ulg.ac.be,Greenshot capture form,Helpdesk général,2021-09-23,12:08:17,00:00:10
stefano.crapanzano@chu.ulg.ac.be,Greenshot capture form,Helpdesk général,2021-09-23,13:12:42,00:00:04
stefano.crapanzano@chu.ulg.ac.be,Greenshot capture form,Exploration SAP,2021-09-23,13:19:48,00:00:06
stefano.crapanzano@chu.ulg.ac.be,Greenshot capture form,Helpdesk général,2021-09-23,13:45:33,00:00:10
stefano.crapanzano@chu.ulg.ac.be,Greenshot capture form,Helpdesk général,2021-09-23,14:06:59,00:00:03
stefano.crapanzano@chu.ulg.ac.be,Greenshot capture form,Tâches diverses,2021-09-23,14:07:34,00:00:06
stefano.crapanzano@chu.ulg.ac.be,Greenshot capture form,Helpdesk général,2021-09-23,14:18:55,00:00:04
stefano.crapanzano@chu.ulg.ac.be,Greenshot capture form,Helpdesk général,2021-09-23,14:19:11,00:00:04
stefano.crapanzano@chu.ulg.ac.be,Greenshot capture form,Helpdesk général,2021-09-23,14:45:53,00:00:10
stefano.crapanzano@chu.ulg.ac.be,Greenshot capture form,Helpdesk général,2021-09-23,14:48:48,00:00:03
stefano.crapanzano@chu.ulg.ac.be,Greenshot capture form,Helpdesk général,2021-09-23,14:52:02,00:00:06
stefano.crapanzano@chu.ulg.ac.be,Greenshot capture form,Helpdesk général,2021-09-23,14:52:49,00:00:03
stefano.crapanzano@chu.ulg.ac.be,Greenshot capture form,Helpdesk général,2021-09-23,14:57:57,00:00:06
stefano.crapanzano@chu.ulg.ac.be,Greenshot capture form,Helpdesk général,2021-09-23,15:05:38,00:00:05
stefano.crapanzano@chu.ulg.ac.be,Greenshot capture form,Helpdesk général,2021-09-23,15:08:03,00:00:09
stefano.crapanzano@chu.ulg.ac.be,Greenshot capture form,Helpdesk général,2021-09-23,15:10:54,00:00:06
stefano.crapanzano@chu.ulg.ac.be,Greenshot capture form,Helpdesk général,2021-09-23,15:11:03,00:00:08
stefano.crapanzano@chu.ulg.ac.be,Greenshot capture form,Helpdesk général,2021-09-23,15:12:01,00:00:06
stefano.crapanzano@chu.ulg.ac.be,Greenshot capture form,Helpdesk général,2021-09-23,15:13:54,00:00:08
stefano.crapanzano@chu.ulg.ac.be,Greenshot capture form,Helpdesk général,2021-09-23,15:15:28,00:00:12
stefano.crapanzano@chu.ulg.ac.be,Greenshot capture form,Helpdesk général,2021-09-23,16:25:33,00:00:05
stefano.crapanzano@chu.ulg.ac.be,Greenshot capture form,Helpdesk général,2021-09-23,17:00:29,00:00:16
stefano.crapanzano@chu.ulg.ac.be,Greenshot Éditeur d'Image,Helpdesk général,2021-09-23,09:24:10,00:00:25
stefano.crapanzano@chu.ulg.ac.be,Greenshot Éditeur d'Image,Helpdesk général,2021-09-23,09:25:07,00:00:11
stefano.crapanzano@chu.ulg.ac.be,Greenshot Éditeur d'Image,Helpdesk général,2021-09-23,09:28:45,00:00:02
stefano.crapanzano@chu.ulg.ac.be,Greenshot Éditeur d'Image,Helpdesk général,2021-09-23,09:35:00,00:00:13
stefano.crapanzano@chu.ulg.ac.be,Greenshot Éditeur d'Image,Helpdesk général,2021-09-23,09:41:33,00:00:10
stefano.crapanzano@chu.ulg.ac.be,Greenshot Éditeur d'Image,Helpdesk général,2021-09-23,13:45:45,00:01:38
stefano.crapanzano@chu.ulg.ac.be,Greenshot Éditeur d'Image,Helpdesk général,2021-09-23,14:07:40,00:00:03
stefano.crapanzano@chu.ulg.ac.be,Greenshot Éditeur d'Image,Helpdesk général,2021-09-23,14:18:59,00:00:05
stefano.crapanzano@chu.ulg.ac.be,Greenshot Éditeur d'Image,Helpdesk général,2021-09-23,14:52:55,00:00:02
stefano.crapanzano@chu.ulg.ac.be,Greenshot Éditeur d'Image,Helpdesk général,2021-09-23,14:53:00,00:00:25
stefano.crapanzano@chu.ulg.ac.be,Greenshot Éditeur d'Image,Helpdesk général,2021-09-23,17:00:46,00:00:07
stefano.crapanzano@chu.ulg.ac.be,SAP Easy Access Menu de base Applications financières-économiques,Exploration SAP,2021-09-23,09:24:42,00:00:05
stefano.crapanzano@chu.ulg.ac.be,SAP Easy Access Menu de base Applications financières-économiques,Helpdesk général,2021-09-23,10:10:47,00:00:21
stefano.crapanzano@chu.ulg.ac.be,SAP Easy Access Menu de base Applications financières-économiques,Exploration SAP,2021-09-23,13:10:31,00:00:05
stefano.crapanzano@chu.ulg.ac.be,SAP Easy Access Menu de base Applications financières-économiques,Exploration SAP,2021-09-23,13:11:49,00:00:04
stefano.crapanzano@chu.ulg.ac.be,Nom de l'utilisateur ds fiche utilisateur (1),Exploration SAP,2021-09-23,09:24:48,00:00:02
stefano.crapanzano@chu.ulg.ac.be,Nom de l'utilisateur ds fiche utilisateur (1)    2 Entrées trouvées,Exploration SAP,2021-09-23,09:24:51,00:00:02
stefano.crapanzano@chu.ulg.ac.be,Afficher utilisateur,Exploration SAP,2021-09-23,09:24:55,00:00:09
stefano.crapanzano@chu.ulg.ac.be,Enregistrer sous,Helpdesk général,2021-09-23,13:47:24,00:00:03
stefano.crapanzano@chu.ulg.ac.be,Enregistrer sous,Helpdesk général,2021-09-23,14:58:06,00:00:02
stefano.crapanzano@chu.ulg.ac.be,Identification - Google Chrome,Tâches diverses,2021-09-23,09:48:13,00:00:06
stefano.crapanzano@chu.ulg.ac.be,Identification - Google Chrome,Tâches diverses,2021-09-23,10:24:07,00:00:05
stefano.crapanzano@chu.ulg.ac.be,SAM-DB : Souci avec nouveau poste ATI 28203 - Google Chrome,Tâches diverses,2021-09-23,09:48:20,00:00:32
stefano.crapanzano@chu.ulg.ac.be,SAM-DB : Souci avec nouveau poste ATI 28203 - Google Chrome,Tâches diverses,2021-09-23,09:49:15,00:02:09
stefano.crapanzano@chu.ulg.ac.be,SAM-DB : Souci avec nouveau poste ATI 28203 - Google Chrome,Tâches diverses,2021-09-23,09:51:44,00:00:02
stefano.crapanzano@chu.ulg.ac.be,SAM-DB : Souci avec nouveau poste ATI 28203 - Google Chrome,Tâches diverses,2021-09-23,09:52:04,00:01:34
stefano.crapanzano@chu.ulg.ac.be,SAM-DB : Souci avec nouveau poste ATI 28203 - Google Chrome,Tâches diverses,2021-09-23,09:54:04,00:00:34
stefano.crapanzano@chu.ulg.ac.be,SAM-DB : Souci avec nouveau poste ATI 28203 - Google Chrome,Tâches diverses,2021-09-23,09:55:04,00:00:11
stefano.crapanzano@chu.ulg.ac.be,SAM-DB : Souci avec nouveau poste ATI 28203 - Google Chrome,Tâches diverses,2021-09-23,10:06:32,00:00:59
stefano.crapanzano@chu.ulg.ac.be,SAM-DB : Souci avec nouveau poste ATI 28203 - Google Chrome,Tâches diverses,2021-09-23,10:23:22,00:00:02
stefano.crapanzano@chu.ulg.ac.be,SAM-DB : Souci avec nouveau poste ATI 28203 - Google Chrome,Tâches diverses,2021-09-23,10:23:26,00:00:02
stefano.crapanzano@chu.ulg.ac.be,SAM-DB : Souci avec nouveau poste ATI 28203 - Google Chrome,Tâches diverses,2021-09-23,10:23:31,00:00:29
stefano.crapanzano@chu.ulg.ac.be,SAM-DB : Souci avec nouveau poste ATI 28203 - Google Chrome,Tâches diverses,2021-09-23,10:24:12,00:00:44
stefano.crapanzano@chu.ulg.ac.be,2021_08_10_06_42_151.png (1680×1050) - Google Chrome,Tâches diverses,2021-09-23,09:48:52,00:00:22
stefano.crapanzano@chu.ulg.ac.be,2021_08_10_06_42_151.png (1680×1050) - Google Chrome,Tâches diverses,2021-09-23,09:51:47,00:00:16
stefano.crapanzano@chu.ulg.ac.be,2021_08_10_06_42_151.png (1680×1050) - Google Chrome,Tâches diverses,2021-09-23,09:53:39,00:00:05
stefano.crapanzano@chu.ulg.ac.be,2021_08_10_06_42_151.png (1680×1050) - Google Chrome,Tâches diverses,2021-09-23,09:54:00,00:00:04
stefano.crapanzano@chu.ulg.ac.be,https://par0009wi.xperthis.be/sap(bD1mciZjPTIwMyZkPW1pbg==)/bc/bsp/sap/zmwi/main.do - Google Chrome,Tâches diverses,2021-09-23,09:53:56,00:00:03
stefano.crapanzano@chu.ulg.ac.be,P203 CHU Articles bloqués - Xperthis ERP4HC 1.0 - Service d'assistance - Google Chrome,Tâches diverses,2021-09-23,09:54:52,00:00:12
stefano.crapanzano@chu.ulg.ac.be,P203 CHU Articles bloqués - Xperthis ERP4HC 1.0 - Service d'assistance - Google Chrome,Tâches diverses,2021-09-23,10:32:29,00:00:24
stefano.crapanzano@chu.ulg.ac.be,P203 CHU Articles bloqués - Xperthis ERP4HC 1.0 - Service d'assistance - Google Chrome,Tâches diverses,2021-09-23,10:33:29,00:00:25
stefano.crapanzano@chu.ulg.ac.be,P203 CHU Articles bloqués - Xperthis ERP4HC 1.0 - Service d'assistance - Google Chrome,Tâches diverses,2021-09-23,10:35:44,00:00:02
stefano.crapanzano@chu.ulg.ac.be,Nouvel onglet - Google Chrome,Tâches diverses,2021-09-23,09:55:15,00:00:06
stefano.crapanzano@chu.ulg.ac.be,Nouvel onglet - Google Chrome,Tâches diverses,2021-09-23,12:00:08,00:00:03
stefano.crapanzano@chu.ulg.ac.be,Helpdesk ATI - Db Hardware Prod - Google Chrome,Tâches diverses,2021-09-23,09:55:22,00:00:18
stefano.crapanzano@chu.ulg.ac.be,Netop Invité,Tâches diverses,2021-09-23,09:55:41,00:00:39
stefano.crapanzano@chu.ulg.ac.be,Netop Invité,Helpdesk général,2021-09-23,10:07:32,00:00:04
stefano.crapanzano@chu.ulg.ac.be,Netop Invité,Helpdesk général,2021-09-23,10:11:10,00:00:13
stefano.crapanzano@chu.ulg.ac.be,Netop Invité,Helpdesk général,2021-09-23,10:21:02,00:00:56
stefano.crapanzano@chu.ulg.ac.be,Netop Invité,Helpdesk général,2021-09-23,11:44:17,00:00:09
stefano.crapanzano@chu.ulg.ac.be,Netop Invité,Helpdesk général,2021-09-23,11:44:54,00:00:03
stefano.crapanzano@chu.ulg.ac.be,Netop Invité,Helpdesk général,2021-09-23,11:45:19,00:00:02
stefano.crapanzano@chu.ulg.ac.be,Netop Invité,Helpdesk général,2021-09-23,11:45:24,00:00:07
stefano.crapanzano@chu.ulg.ac.be,Netop,Helpdesk général,2021-09-23,11:44:57,00:00:21
stefano.crapanzano@chu.ulg.ac.be,Netop,Helpdesk général,2021-09-23,11:45:22,00:00:02
stefano.crapanzano@chu.ulg.ac.be,Connexion à l'aide de l'authentification Windows,Helpdesk général,2021-09-23,09:56:22,00:00:02
stefano.crapanzano@chu.ulg.ac.be,Connexion à l'aide de l'authentification Windows,Helpdesk général,2021-09-23,10:11:23,00:00:04
stefano.crapanzano@chu.ulg.ac.be,lab-w-0285 - Netop Remote Control,Helpdesk général,2021-09-23,09:56:26,00:01:43
stefano.crapanzano@chu.ulg.ac.be,lab-w-0285 - Netop Remote Control,Helpdesk général,2021-09-23,09:58:50,00:07:38
stefano.crapanzano@chu.ulg.ac.be,lab-w-0285 - Netop File Manager,Helpdesk général,2021-09-23,09:58:31,00:00:17
stefano.crapanzano@chu.ulg.ac.be,lab-w-0285 - Lecture des enregistrements,Helpdesk général,2021-09-23,10:07:36,00:00:46
stefano.crapanzano@chu.ulg.ac.be,lab-w-0285 - Lecture des enregistrements,Helpdesk général,2021-09-23,10:22:26,00:00:47
stefano.crapanzano@chu.ulg.ac.be,PE2_203 - sftp://PE2U2FTP@153.89.110.38 - FileZilla,Helpdesk général,2021-09-23,10:09:43,00:01:03
stefano.crapanzano@chu.ulg.ac.be,PE2_203 - sftp://PE2U2FTP@153.89.110.38 - FileZilla,Helpdesk général,2021-09-23,10:16:32,00:00:11
stefano.crapanzano@chu.ulg.ac.be,PE2_203 - sftp://PE2U2FTP@153.89.110.38 - FileZilla,Helpdesk général,2021-09-23,10:17:46,00:01:04
stefano.crapanzano@chu.ulg.ac.be,PE2_203 - sftp://PE2U2FTP@153.89.110.38 - FileZilla,Helpdesk général,2021-09-23,10:20:01,00:00:08
stefano.crapanzano@chu.ulg.ac.be,PE2_203 - sftp://PE2U2FTP@153.89.110.38 - FileZilla,Helpdesk général,2021-09-23,10:20:18,00:00:02
stefano.crapanzano@chu.ulg.ac.be,PE2_203 - sftp://PE2U2FTP@153.89.110.38 - FileZilla,Helpdesk général,2021-09-23,13:07:48,00:00:02
stefano.crapanzano@chu.ulg.ac.be,PE2_203 - sftp://PE2U2FTP@153.89.110.38 - FileZilla,Helpdesk général,2021-09-23,13:40:25,00:00:45
stefano.crapanzano@chu.ulg.ac.be,PE2_203 - sftp://PE2U2FTP@153.89.110.38 - FileZilla,Helpdesk général,2021-09-23,14:14:36,00:00:11
stefano.crapanzano@chu.ulg.ac.be,PE2_203 - sftp://PE2U2FTP@153.89.110.38 - FileZilla,Helpdesk général,2021-09-23,14:14:52,00:00:19
stefano.crapanzano@chu.ulg.ac.be,PE2_203 - sftp://PE2U2FTP@153.89.110.38 - FileZilla,Helpdesk général,2021-09-23,14:15:18,00:00:02
stefano.crapanzano@chu.ulg.ac.be,192.168.79.168 - Netop Remote Control,Helpdesk général,2021-09-23,10:11:29,00:05:03
stefano.crapanzano@chu.ulg.ac.be,192.168.79.168 - Netop Remote Control,Helpdesk général,2021-09-23,10:17:24,00:00:21
stefano.crapanzano@chu.ulg.ac.be,192.168.79.168 - Netop Remote Control,Helpdesk général,2021-09-23,10:18:50,00:01:11
stefano.crapanzano@chu.ulg.ac.be,C:\Users\c158492\AppData\Local\Temp\fz3temp-3\20210628223532PAFD1900000970.DAT - Notepad++ [Administrator],Helpdesk général,2021-09-23,10:16:44,00:00:27
stefano.crapanzano@chu.ulg.ac.be,\\filesrv04.st.chulg\DSL\Achats\STATISTIQUES\Intrastat\DECLARATIONS\Déclarations 2020\envoyé\202010.sdf - Notepad++ [Administrator],IT,2021-09-23,10:17:12,00:00:11
stefano.crapanzano@chu.ulg.ac.be,\\filesrv04.st.chulg\DSL\Achats\STATISTIQUES\Intrastat\DECLARATIONS\Déclarations 2020\envoyé\202010.sdf - Notepad++ [Administrator],IT,2021-09-23,10:20:09,00:00:09
stefano.crapanzano@chu.ulg.ac.be,C:\Users\c158492\AppData\Local\Temp\fz3temp-3\20210628223532PAFD1900000970.txt - Notepad++ [Administrator],Helpdesk général,2021-09-23,10:21:59,00:00:14
stefano.crapanzano@chu.ulg.ac.be,Ouvrir,Tâches diverses,2021-09-23,10:23:28,00:00:02
stefano.crapanzano@chu.ulg.ac.be,Ouvrir,Tâches diverses,2021-09-23,13:19:41,00:00:05
stefano.crapanzano@chu.ulg.ac.be,Ouvrir,Tâches diverses,2021-09-23,13:19:55,00:00:02
stefano.crapanzano@chu.ulg.ac.be,Ouvrir,Tâches diverses,2021-09-23,14:19:20,00:00:02
stefano.crapanzano@chu.ulg.ac.be,SAM-DB - Google Chrome,Tâches diverses,2021-09-23,10:24:00,00:00:06
stefano.crapanzano@chu.ulg.ac.be,SAM-DB - Google Chrome,Tâches diverses,2021-09-23,10:24:56,00:00:34
stefano.crapanzano@chu.ulg.ac.be,SAM-DB - Google Chrome,Tâches diverses,2021-09-23,10:25:34,00:01:51
stefano.crapanzano@chu.ulg.ac.be,SAM-DB - Google Chrome,Tâches diverses,2021-09-23,10:31:34,00:00:02
stefano.crapanzano@chu.ulg.ac.be,SAM-DB - Google Chrome,Tâches diverses,2021-09-23,10:33:57,00:00:04
stefano.crapanzano@chu.ulg.ac.be,Modifier déclaration Intrastat : synthèse des postes - Google Chrome,Tâches diverses,2021-09-23,10:31:40,00:00:05
stefano.crapanzano@chu.ulg.ac.be,myCHU - Google Chrome,Tâches diverses,2021-09-23,10:31:48,00:00:02
stefano.crapanzano@chu.ulg.ac.be,X01-203 CHU Tests de la transaction ZAPO sur X01: les factures - Xperthis ERP4HC 2.0 Rollout - Service d'assistance - Google Chrome,Tâches diverses,2021-09-23,10:31:58,00:00:17
stefano.crapanzano@chu.ulg.ac.be,SDERP-18925 - Mozilla Thunderbird,Helpdesk général,2021-09-23,10:32:57,00:00:11
stefano.crapanzano@chu.ulg.ac.be,Fwd: Articles bloqués - Mozilla Thunderbird,Helpdesk général,2021-09-23,10:33:09,00:00:19
stefano.crapanzano@chu.ulg.ac.be,P203 Ajout des champs MWSKZ et ZZBBP_VALUE dans l'extract EBAN - Xperthis ERP4HC 1.0 - Service d'assistance - Google Chrome,Tâches diverses,2021-09-23,10:34:44,00:00:26
stefano.crapanzano@chu.ulg.ac.be,Connexion - Google Chrome,Tâches diverses,2021-09-23,13:39:45,00:00:08
stefano.crapanzano@chu.ulg.ac.be,Ouverture de S4H_intrastat_203.pptx,Helpdesk général,2021-09-23,10:36:43,00:00:02
stefano.crapanzano@chu.ulg.ac.be,CHL_ERP_COPIE_FACTURES_PAR_UB - OneNote,IT,2021-09-23,10:45:55,00:00:05
stefano.crapanzano@chu.ulg.ac.be,C:\Users\c158492\AppData\Local\Temp\OneNote\15.0\NT\0-30\config.ini - Notepad++ [Administrator],IT,2021-09-23,10:45:52,00:00:02
stefano.crapanzano@chu.ulg.ac.be,nouveau 3 - Notepad++ [Administrator],IT,2021-09-23,10:57:29,00:00:02
stefano.crapanzano@chu.ulg.ac.be,*nouveau 3 - Notepad++ [Administrator],IT,2021-09-23,10:57:32,00:00:11
stefano.crapanzano@chu.ulg.ac.be,P203 CHU Remboursements imputés sur des factures non échues - Xperthis ERP4HC 1.0 - Service d'assistance - Google Chrome,Tâches diverses,2021-09-23,11:12:20,00:00:11
stefano.crapanzano@chu.ulg.ac.be,P203 CHU Remboursements imputés sur des factures non échues - Xperthis ERP4HC 1.0 - Service d'assistance - Google Chrome,Tâches diverses,2021-09-23,12:44:00,00:00:03
stefano.crapanzano@chu.ulg.ac.be,Impossible de traiter une facture dans X01 - Xperthis ERP4HC 2.0 Rollout - Service d'assistance - Google Chrome,Tâches diverses,2021-09-23,11:28:03,00:00:02
stefano.crapanzano@chu.ulg.ac.be,Impossible de traiter une facture dans X01 - Xperthis ERP4HC 2.0 Rollout - Service d'assistance - Google Chrome,Tâches diverses,2021-09-23,11:29:15,00:00:14
stefano.crapanzano@chu.ulg.ac.be,Impossible de traiter une facture dans X01 - Xperthis ERP4HC 2.0 Rollout - Service d'assistance - Google Chrome,Tâches diverses,2021-09-23,12:44:06,00:01:33
stefano.crapanzano@chu.ulg.ac.be,Impossible de traiter une facture dans X01 - Xperthis ERP4HC 2.0 Rollout - Service d'assistance - Google Chrome,Helpdesk général,2021-09-23,12:52:27,00:00:09
stefano.crapanzano@chu.ulg.ac.be,Impossible de traiter une facture dans X01 - Xperthis ERP4HC 2.0 Rollout - Service d'assistance - Google Chrome,Tâches diverses,2021-09-23,13:16:27,00:00:02
stefano.crapanzano@chu.ulg.ac.be,9eb902c7-0ea8-487c-babb-6f960cf324ae.xlsx  [Mode protégé] - Excel,Helpdesk général,2021-09-23,11:29:51,00:00:07
stefano.crapanzano@chu.ulg.ac.be,9eb902c7-0ea8-487c-babb-6f960cf324ae.xlsx - Excel,Tâches diverses,2021-09-23,11:29:59,00:00:38
stefano.crapanzano@chu.ulg.ac.be,9eb902c7-0ea8-487c-babb-6f960cf324ae.xlsx - Excel,Tâches diverses,2021-09-23,11:31:55,00:00:30
stefano.crapanzano@chu.ulg.ac.be,Extended My Requests - All requests - Service Desk - Google Chrome,Tâches diverses,2021-09-23,11:34:19,00:00:33
stefano.crapanzano@chu.ulg.ac.be,Extended My Requests - All requests - Service Desk - Google Chrome,Tâches diverses,2021-09-23,11:34:54,00:00:06
stefano.crapanzano@chu.ulg.ac.be,gera - Mozilla Thunderbird,Helpdesk général,2021-09-23,11:35:05,00:00:09
stefano.crapanzano@chu.ulg.ac.be,Placeholder : ERP4HC2.00 BP + Intrastat + ? nouveautés Finance - Mozilla Thunderbird,Helpdesk général,2021-09-23,11:35:15,00:00:25
stefano.crapanzano@chu.ulg.ac.be,Placeholder : ERP4HC2.00 BP + Intrastat + ? nouveautés Finance - Mozilla Thunderbird,Helpdesk général,2021-09-23,11:36:26,00:00:11
stefano.crapanzano@chu.ulg.ac.be,ZORGI Help Center - Service d'assistance - Google Chrome,Tâches diverses,2021-09-23,11:35:44,00:00:04
stefano.crapanzano@chu.ulg.ac.be,ZORGI Help Center - Service d'assistance - Google Chrome,Tâches diverses,2021-09-23,13:17:47,00:00:03
stefano.crapanzano@chu.ulg.ac.be,ZORGI Help Center - Service d'assistance - Google Chrome,Tâches diverses,2021-09-23,14:17:01,00:00:02
stefano.crapanzano@chu.ulg.ac.be,Xperthis ERP4HC 2.0 Rollout - Service d'assistance - Google Chrome,Tâches diverses,2021-09-23,11:35:48,00:00:02
stefano.crapanzano@chu.ulg.ac.be,Question ERP for HealthCare - Xperthis ERP4HC 2.0 Rollout - Service d'assistance - Google Chrome,Tâches diverses,2021-09-23,11:35:50,00:00:35
stefano.crapanzano@chu.ulg.ac.be,Question ERP for HealthCare - Xperthis ERP4HC 2.0 Rollout - Service d'assistance - Google Chrome,Tâches diverses,2021-09-23,11:36:38,00:00:32
stefano.crapanzano@chu.ulg.ac.be,Test de GERA sur ERP 2.0 - Xperthis ERP4HC 2.0 Rollout - Service d'assistance - Google Chrome,Tâches diverses,2021-09-23,11:37:10,00:00:10
stefano.crapanzano@chu.ulg.ac.be,Test de GERA sur ERP 2.0 - Xperthis ERP4HC 2.0 Rollout - Service d'assistance - Google Chrome,Tâches diverses,2021-09-23,15:47:34,00:00:10
stefano.crapanzano@chu.ulg.ac.be,Test de GERA sur ERP 2.0 - Xperthis ERP4HC 2.0 Rollout - Service d'assistance - Google Chrome,Tâches diverses,2021-09-23,15:47:49,00:00:11
stefano.crapanzano@chu.ulg.ac.be,Notification par courrier électronique,Helpdesk général,2021-09-23,11:53:54,00:00:06
stefano.crapanzano@chu.ulg.ac.be,Erreur d’envoi du message,Helpdesk général,2021-09-23,11:54:01,00:00:02
stefano.crapanzano@chu.ulg.ac.be,Erreur d’envoi du message,Helpdesk général,2021-09-23,13:15:06,00:00:07
stefano.crapanzano@chu.ulg.ac.be,Tests interface SSP de ERP4HC 2.0 dans l'environnement X01 (réunion 2),Helpdesk général,2021-09-23,11:55:24,00:00:21
stefano.crapanzano@chu.ulg.ac.be,Tests interface SSP de ERP4HC 2.0 dans l'environnement X01 (réunion 2),Helpdesk général,2021-09-23,11:56:09,00:00:02
stefano.crapanzano@chu.ulg.ac.be,Tests interface SSP de ERP4HC 2.0 dans l'environnement X01 (réunion 2),Helpdesk général,2021-09-23,11:56:51,00:00:13
stefano.crapanzano@chu.ulg.ac.be,Tests interface SSP de ERP4HC 2.0 dans l'environnement X01 (réunion 2),Helpdesk général,2021-09-23,11:57:19,00:00:03
stefano.crapanzano@chu.ulg.ac.be,SSP_Scenarios_tests_interservices.xlsx - Excel,Tâches diverses,2021-09-23,11:58:11,00:01:53
stefano.crapanzano@chu.ulg.ac.be,SSP_Scenarios_tests_interservices.xlsx - Excel,Tâches diverses,2021-09-23,12:00:24,00:02:02
stefano.crapanzano@chu.ulg.ac.be,SSP_Scenarios_tests_interservices.xlsx - Excel,Tâches diverses,2021-09-23,13:17:19,00:00:06
stefano.crapanzano@chu.ulg.ac.be,fm sap - Recherche Google - Google Chrome,Tâches diverses,2021-09-23,12:00:12,00:00:05
stefano.crapanzano@chu.ulg.ac.be,Funds Management (FI-FM) - SAP Documentation - Google Chrome,Tâches diverses,2021-09-23,12:00:17,00:00:06
stefano.crapanzano@chu.ulg.ac.be,Funds Management (FI-FM) - SAP Documentation - Google Chrome,Tâches diverses,2021-09-23,12:21:36,00:00:03
stefano.crapanzano@chu.ulg.ac.be,SAM-DB : Test ERP 2.0 Commande via les PDAs sur X01 - Google Chrome,Tâches diverses,2021-09-23,12:26:39,00:00:30
stefano.crapanzano@chu.ulg.ac.be,SAM-DB : Test ERP 2.0 Commande via les PDAs sur X01 - Google Chrome,Exploration SAP,2021-09-23,13:37:53,00:00:02
stefano.crapanzano@chu.ulg.ac.be,Tests interface SSP de ERP4HC 2.0 dans l'environnement X01 (réunion 1 déplacée),Helpdesk général,2021-09-23,12:52:59,00:00:14
stefano.crapanzano@chu.ulg.ac.be,Tests interface SSP de ERP4HC 2.0 dans l'environnement X01 (réunion 1 déplacée),Helpdesk général,2021-09-23,12:53:22,00:00:07
stefano.crapanzano@chu.ulg.ac.be,Tests interface SSP de ERP4HC 2.0 dans l'environnement X01 (réunion 1 déplacée),Helpdesk général,2021-09-23,12:53:51,00:00:02
stefano.crapanzano@chu.ulg.ac.be,Tests interface SSP de ERP4HC 2.0 dans l'environnement X01 (réunion 3),Helpdesk général,2021-09-23,12:54:56,00:00:06
stefano.crapanzano@chu.ulg.ac.be,Tests interface SSP de ERP4HC 2.0 dans l'environnement X01 (réunion 3),Helpdesk général,2021-09-23,12:55:11,00:00:02
stefano.crapanzano@chu.ulg.ac.be,Gestionnaire de Sites,Helpdesk général,2021-09-23,13:07:51,00:00:03
stefano.crapanzano@chu.ulg.ac.be,Gestionnaire de Sites,Helpdesk général,2021-09-23,14:15:12,00:00:02
stefano.crapanzano@chu.ulg.ac.be,ULIS - sftp://compta@ULISCHU.SEGI.ULG.AC.BE - FileZilla,Helpdesk général,2021-09-23,13:07:57,00:00:09
stefano.crapanzano@chu.ulg.ac.be,ULIS - sftp://compta@ULISCHU.SEGI.ULG.AC.BE - FileZilla,Tâches diverses,2021-09-23,13:40:21,00:00:03
stefano.crapanzano@chu.ulg.ac.be,\\filesrv01.st.chulg\oazis_prod\APPL_PROD\SOURCES\PERL\ERP\CHL_ERP_ULIS_REDRESSEMENT_SIGNALETIQUE.pl - Notepad++ [Administrator],IT,2021-09-23,13:08:31,00:00:21
stefano.crapanzano@chu.ulg.ac.be,\\filesrv01.st.chulg\oazis_prod\APPL_PROD\SOURCES\PERL\ERP\CHL_ERP_ULIS_REDRESSEMENT_SIGNALETIQUE.pl - Notepad++ [Administrator],IT,2021-09-23,16:07:24,00:00:02
stefano.crapanzano@chu.ulg.ac.be,Total Commander,Tâches diverses,2021-09-23,13:10:05,00:00:06
stefano.crapanzano@chu.ulg.ac.be,Total Commander,Tâches diverses,2021-09-23,13:10:15,00:00:02
stefano.crapanzano@chu.ulg.ac.be,erpmanager - Total Commander (x64) 9.0a - NOT REGISTERED,Tâches diverses,2021-09-23,13:08:59,00:01:05
stefano.crapanzano@chu.ulg.ac.be,erpmanager - Total Commander (x64) 9.0a - NOT REGISTERED,Tâches diverses,2021-09-23,13:10:11,00:00:04
stefano.crapanzano@chu.ulg.ac.be,erpmanager - Total Commander (x64) 9.0a - NOT REGISTERED,Tâches diverses,2021-09-23,13:10:18,00:00:02
stefano.crapanzano@chu.ulg.ac.be,Créer Organisation : rôle CVI: FI Vendor,Exploration SAP,2021-09-23,13:10:27,00:00:02
stefano.crapanzano@chu.ulg.ac.be,mapping pour l'utilisation de l'interface salaire,Exploration SAP,2021-09-23,13:10:36,00:00:03
stefano.crapanzano@chu.ulg.ac.be,mapping pour l'utilisation de l'interface salaire,Exploration SAP,2021-09-23,13:10:43,00:00:15
stefano.crapanzano@chu.ulg.ac.be,mapping pour l'utilisation de l'interface salaire,Exploration SAP,2021-09-23,13:11:30,00:00:02
stefano.crapanzano@chu.ulg.ac.be,mapping pour l'utilisation de l'interface salaire,Exploration SAP,2021-09-23,13:11:34,00:00:10
stefano.crapanzano@chu.ulg.ac.be,File Dialog,Exploration SAP,2021-09-23,13:10:58,00:00:31
stefano.crapanzano@chu.ulg.ac.be,Batch input : synthèse des dossiers,Exploration SAP,2021-09-23,13:11:55,00:00:05
stefano.crapanzano@chu.ulg.ac.be,Batch input : synthèse des dossiers,Exploration SAP,2021-09-23,13:12:12,00:00:05
stefano.crapanzano@chu.ulg.ac.be,Batch input : synthèse des dossiers,Exploration SAP,2021-09-23,13:12:52,00:00:05
stefano.crapanzano@chu.ulg.ac.be,Batch input : synthèse des dossiers,Exploration SAP,2021-09-23,13:13:55,00:00:03
stefano.crapanzano@chu.ulg.ac.be,Batch input : synthèse des dossiers,Exploration SAP,2021-09-23,13:15:21,00:00:22
stefano.crapanzano@chu.ulg.ac.be,Batch input : synthèse des dossiers,Exploration SAP,2021-09-23,13:37:43,00:00:05
stefano.crapanzano@chu.ulg.ac.be,Batch input : lancer tous les dossiers à traiter,Exploration SAP,2021-09-23,13:12:02,00:00:09
stefano.crapanzano@chu.ulg.ac.be,Analyse du dossier UPLVND210923,Exploration SAP,2021-09-23,13:12:18,00:00:23
stefano.crapanzano@chu.ulg.ac.be,Analyse du dossier UPLVND210923,Helpdesk général,2021-09-23,13:12:47,00:00:05
stefano.crapanzano@chu.ulg.ac.be,Analyse du dossier UPLVND210923,Exploration SAP,2021-09-23,13:15:43,00:00:25
stefano.crapanzano@chu.ulg.ac.be,Analyse du dossier UPLVND210923,Exploration SAP,2021-09-23,13:16:10,00:00:02
stefano.crapanzano@chu.ulg.ac.be,Analyse du dossier UPLVND210923,Exploration SAP,2021-09-23,13:37:48,00:00:04
stefano.crapanzano@chu.ulg.ac.be,Rédaction : (pas de sujet) - Thunderbird,Helpdesk général,2021-09-23,13:13:01,00:00:05
stefano.crapanzano@chu.ulg.ac.be,Rédaction : (pas de sujet) - Thunderbird,Helpdesk général,2021-09-23,15:22:57,00:00:03
stefano.crapanzano@chu.ulg.ac.be,Rédaction : Test de ZCREATION_PERS - Thunderbird,Helpdesk général,2021-09-23,13:13:10,00:00:43
stefano.crapanzano@chu.ulg.ac.be,Rédaction : Test de ZCREATION_PERS - Thunderbird,Helpdesk général,2021-09-23,13:13:59,00:01:01
stefano.crapanzano@chu.ulg.ac.be,Rédaction : Test de ZCREATION_PERS sur X01 - Thunderbird,Helpdesk général,2021-09-23,13:15:15,00:00:02
stefano.crapanzano@chu.ulg.ac.be,Vérification de l’orthographe,Helpdesk général,2021-09-23,15:35:50,00:00:02
stefano.crapanzano@chu.ulg.ac.be,tests à réaliser.xlsx  [Lecture seule] - Excel,Tâches diverses,2021-09-23,13:17:27,00:00:13
stefano.crapanzano@chu.ulg.ac.be,Incident ERP for HealthCare - Xperthis ERP4HC 2.0 Rollout - Service d'assistance - Google Chrome,Tâches diverses,2021-09-23,13:17:51,00:01:49
stefano.crapanzano@chu.ulg.ac.be,Incident ERP for HealthCare - Xperthis ERP4HC 2.0 Rollout - Service d'assistance - Google Chrome,Tâches diverses,2021-09-23,13:19:58,00:00:06
stefano.crapanzano@chu.ulg.ac.be,Incident ERP for HealthCare - Xperthis ERP4HC 2.0 Rollout - Service d'assistance - Google Chrome,Tâches diverses,2021-09-23,13:47:37,00:02:15
stefano.crapanzano@chu.ulg.ac.be,Incident ERP for HealthCare - Xperthis ERP4HC 2.0 Rollout - Service d'assistance - Google Chrome,Tâches diverses,2021-09-23,13:49:59,00:01:40
stefano.crapanzano@chu.ulg.ac.be,Incident ERP for HealthCare - Xperthis ERP4HC 2.0 Rollout - Service d'assistance - Google Chrome,Tâches diverses,2021-09-23,13:51:41,00:00:46
stefano.crapanzano@chu.ulg.ac.be,Incident ERP for HealthCare - Xperthis ERP4HC 2.0 Rollout - Service d'assistance - Google Chrome,Tâches diverses,2021-09-23,14:17:04,00:00:59
stefano.crapanzano@chu.ulg.ac.be,Incident ERP for HealthCare - Xperthis ERP4HC 2.0 Rollout - Service d'assistance - Google Chrome,Tâches diverses,2021-09-23,14:18:10,00:00:27
stefano.crapanzano@chu.ulg.ac.be,Incident ERP for HealthCare - Xperthis ERP4HC 2.0 Rollout - Service d'assistance - Google Chrome,Tâches diverses,2021-09-23,14:18:43,00:00:06
stefano.crapanzano@chu.ulg.ac.be,Incident ERP for HealthCare - Xperthis ERP4HC 2.0 Rollout - Service d'assistance - Google Chrome,Tâches diverses,2021-09-23,14:19:18,00:00:02
stefano.crapanzano@chu.ulg.ac.be,Incident ERP for HealthCare - Xperthis ERP4HC 2.0 Rollout - Service d'assistance - Google Chrome,Tâches diverses,2021-09-23,14:19:23,00:00:09
stefano.crapanzano@chu.ulg.ac.be,Test de ZCREATION_PERS sur X01 - Xperthis ERP4HC 2.0 Rollout - Service d'assistance - Google Chrome,Tâches diverses,2021-09-23,13:20:05,00:00:07
stefano.crapanzano@chu.ulg.ac.be,Test de ZCREATION_PERS sur X01 - Xperthis ERP4HC 2.0 Rollout - Service d'assistance - Google Chrome,Tâches diverses,2021-09-23,13:37:33,00:00:02
stefano.crapanzano@chu.ulg.ac.be,Test de ZCREATION_PERS sur X01 - Xperthis ERP4HC 2.0 Rollout - Service d'assistance - Google Chrome,Tâches diverses,2021-09-23,13:37:56,00:00:16
stefano.crapanzano@chu.ulg.ac.be,Test de ZCREATION_PERS sur X01 - Xperthis ERP4HC 2.0 Rollout - Service d'assistance - Google Chrome,Tâches diverses,2021-09-23,15:57:45,00:00:05
stefano.crapanzano@chu.ulg.ac.be,Test de ZCREATION_PERS sur X01 - Xperthis ERP4HC 2.0 Rollout - Service d'assistance - Google Chrome,Tâches diverses,2021-09-23,16:46:32,00:00:17
stefano.crapanzano@chu.ulg.ac.be,migration drugbox prod en 4id/page - Service Desk - OmniPro Hospitals - Service d'assistance - Google Chrome,Tâches diverses,2021-09-23,13:38:25,00:00:06
stefano.crapanzano@chu.ulg.ac.be,Page d'accueil - Google Chrome,Tâches diverses,2021-09-23,13:39:54,00:00:11
stefano.crapanzano@chu.ulg.ac.be,Page d'accueil - Google Chrome,Tâches diverses,2021-09-23,13:44:14,00:00:02
stefano.crapanzano@chu.ulg.ac.be,Page d'accueil - Google Chrome,Tâches diverses,2021-09-23,14:07:52,00:00:03
stefano.crapanzano@chu.ulg.ac.be,Page d'accueil - Google Chrome,Tâches diverses,2021-09-23,14:40:18,00:00:05
stefano.crapanzano@chu.ulg.ac.be,Page d'accueil - Google Chrome,Tâches diverses,2021-09-23,14:40:35,00:00:06
stefano.crapanzano@chu.ulg.ac.be,Page d'accueil - Google Chrome,Tâches diverses,2021-09-23,14:41:02,00:00:17
stefano.crapanzano@chu.ulg.ac.be,Page d'accueil - Google Chrome,Tâches diverses,2021-09-23,14:41:31,00:00:22
stefano.crapanzano@chu.ulg.ac.be,Page d'accueil - Google Chrome,Tâches diverses,2021-09-23,15:20:30,00:00:12
stefano.crapanzano@chu.ulg.ac.be,Page d'accueil - Google Chrome,Tâches diverses,2021-09-23,15:24:43,00:00:02
stefano.crapanzano@chu.ulg.ac.be,Page d'accueil - Google Chrome,Tâches diverses,2021-09-23,15:24:50,00:00:13
stefano.crapanzano@chu.ulg.ac.be,Page d'accueil - Google Chrome,Tâches diverses,2021-09-23,15:25:58,00:00:02
stefano.crapanzano@chu.ulg.ac.be,Page d'accueil - Google Chrome,Tâches diverses,2021-09-23,15:36:32,00:00:02
stefano.crapanzano@chu.ulg.ac.be,Créer une demande d'achat - Google Chrome,Tâches diverses,2021-09-23,13:40:06,00:00:08
stefano.crapanzano@chu.ulg.ac.be,Créer une demande d'achat - Google Chrome,Tâches diverses,2021-09-23,13:41:11,00:02:47
stefano.crapanzano@chu.ulg.ac.be,Créer une demande d'achat - Google Chrome,Tâches diverses,2021-09-23,13:44:00,00:00:14
stefano.crapanzano@chu.ulg.ac.be,Créer une demande d'achat - Google Chrome,Tâches diverses,2021-09-23,13:44:17,00:00:13
stefano.crapanzano@chu.ulg.ac.be,Créer une demande d'achat - Google Chrome,Tâches diverses,2021-09-23,13:44:32,00:01:01
stefano.crapanzano@chu.ulg.ac.be,Créer une demande d'achat - Google Chrome,Tâches diverses,2021-09-23,13:47:29,00:00:02
stefano.crapanzano@chu.ulg.ac.be,Créer une demande d'achat - Google Chrome,Tâches diverses,2021-09-23,13:49:55,00:00:02
stefano.crapanzano@chu.ulg.ac.be,Créer une demande d'achat - Google Chrome,Tâches diverses,2021-09-23,14:03:53,00:03:05
stefano.crapanzano@chu.ulg.ac.be,Créer une demande d'achat - Google Chrome,Tâches diverses,2021-09-23,14:07:05,00:00:28
stefano.crapanzano@chu.ulg.ac.be,Créer une demande d'achat - Google Chrome,Tâches diverses,2021-09-23,14:07:56,00:00:15
stefano.crapanzano@chu.ulg.ac.be,Créer une demande d'achat - Google Chrome,Tâches diverses,2021-09-23,14:11:03,00:00:19
stefano.crapanzano@chu.ulg.ac.be,Créer une demande d'achat - Google Chrome,Tâches diverses,2021-09-23,14:12:04,00:00:30
stefano.crapanzano@chu.ulg.ac.be,Créer une demande d'achat - Google Chrome,Tâches diverses,2021-09-23,14:14:18,00:00:05
stefano.crapanzano@chu.ulg.ac.be,Créer une demande d'achat - Google Chrome,Tâches diverses,2021-09-23,14:14:31,00:00:05
stefano.crapanzano@chu.ulg.ac.be,Créer une demande d'achat - Google Chrome,Tâches diverses,2021-09-23,14:16:14,00:00:09
stefano.crapanzano@chu.ulg.ac.be,Créer une demande d'achat - Google Chrome,Tâches diverses,2021-09-23,14:16:31,00:00:23
stefano.crapanzano@chu.ulg.ac.be,Créer une demande d'achat - Google Chrome,Tâches diverses,2021-09-23,14:40:14,00:00:03
stefano.crapanzano@chu.ulg.ac.be,Créer une demande d'achat - Google Chrome,Tâches diverses,2021-09-23,14:40:42,00:00:20
stefano.crapanzano@chu.ulg.ac.be,Créer une demande d'achat - Google Chrome,Tâches diverses,2021-09-23,14:41:19,00:00:11
stefano.crapanzano@chu.ulg.ac.be,Créer une demande d'achat - Google Chrome,Tâches diverses,2021-09-23,15:20:42,00:00:22
stefano.crapanzano@chu.ulg.ac.be,Créer une demande d'achat - Google Chrome,Tâches diverses,2021-09-23,15:21:09,00:00:02
stefano.crapanzano@chu.ulg.ac.be,Créer une demande d'achat - Google Chrome,Tâches diverses,2021-09-23,15:26:01,00:00:18
stefano.crapanzano@chu.ulg.ac.be,Créer une demande d'achat - Google Chrome,Tâches diverses,2021-09-23,15:26:41,00:02:10
stefano.crapanzano@chu.ulg.ac.be,Créer une demande d'achat - Google Chrome,Tâches diverses,2021-09-23,15:31:36,00:00:22
stefano.crapanzano@chu.ulg.ac.be,Créer une demande d'achat - Google Chrome,Tâches diverses,2021-09-23,15:34:23,00:00:05
stefano.crapanzano@chu.ulg.ac.be,Créer une demande d'achat - Google Chrome,Tâches diverses,2021-09-23,15:36:28,00:00:04
stefano.crapanzano@chu.ulg.ac.be,Créer une demande d'achat - Google Chrome,Tâches diverses,2021-09-23,15:36:35,00:00:14
stefano.crapanzano@chu.ulg.ac.be,Créer une demande d'achat - Google Chrome,Tâches diverses,2021-09-23,16:02:56,00:01:44
stefano.crapanzano@chu.ulg.ac.be,Créer une demande d'achat - Google Chrome,Tâches diverses,2021-09-23,16:04:42,00:00:04
stefano.crapanzano@chu.ulg.ac.be,Créer une demande d'achat - Google Chrome,Tâches diverses,2021-09-23,16:25:26,00:00:06
stefano.crapanzano@chu.ulg.ac.be,Créer une demande d'achat - Google Chrome,Helpdesk général,2021-09-23,16:25:38,00:00:10
stefano.crapanzano@chu.ulg.ac.be,Créer une demande d'achat - Google Chrome,Tâches diverses,2021-09-23,16:26:39,00:00:02
stefano.crapanzano@chu.ulg.ac.be,Créer une demande d'achat - Google Chrome,Tâches diverses,2021-09-23,16:27:19,00:00:14
stefano.crapanzano@chu.ulg.ac.be,Créer une demande d'achat - Google Chrome,Tâches diverses,2021-09-23,16:32:12,00:00:25
stefano.crapanzano@chu.ulg.ac.be,Créer une demande d'achat - Google Chrome,Tâches diverses,2021-09-23,16:32:54,00:00:07
stefano.crapanzano@chu.ulg.ac.be,Détails du produit - Google Chrome,Tâches diverses,2021-09-23,13:40:14,00:00:06
stefano.crapanzano@chu.ulg.ac.be,Détails du produit - Google Chrome,Tâches diverses,2021-09-23,14:14:23,00:00:07
stefano.crapanzano@chu.ulg.ac.be,Détails du produit - Google Chrome,Tâches diverses,2021-09-23,14:15:49,00:00:02
stefano.crapanzano@chu.ulg.ac.be,Détails du produit - Google Chrome,Tâches diverses,2021-09-23,14:15:53,00:00:03
stefano.crapanzano@chu.ulg.ac.be,Détails du produit - Google Chrome,Tâches diverses,2021-09-23,14:15:58,00:00:02
stefano.crapanzano@chu.ulg.ac.be,Détails du produit - Google Chrome,Tâches diverses,2021-09-23,14:16:02,00:00:02
stefano.crapanzano@chu.ulg.ac.be,Détails du produit - Google Chrome,Tâches diverses,2021-09-23,14:16:10,00:00:02
stefano.crapanzano@chu.ulg.ac.be,Détails du produit - Google Chrome,Tâches diverses,2021-09-23,14:16:23,00:00:07
stefano.crapanzano@chu.ulg.ac.be,Détails du produit - Google Chrome,Tâches diverses,2021-09-23,14:18:51,00:00:03
stefano.crapanzano@chu.ulg.ac.be,SSP - Recherche d'un article par le numéro d'article - Xperthis ERP4HC 2.0 Rollout - Service d'assistance - Google Chrome,Tâches diverses,2021-09-23,13:52:28,00:00:06
stefano.crapanzano@chu.ulg.ac.be,SSP - Recherche d'un article par le numéro d'article - Xperthis ERP4HC 2.0 Rollout - Service d'assistance - Google Chrome,Tâches diverses,2021-09-23,14:02:25,00:01:24
stefano.crapanzano@chu.ulg.ac.be,SSP - Recherche d'un article par le numéro d'article - Xperthis ERP4HC 2.0 Rollout - Service d'assistance - Google Chrome,Tâches diverses,2021-09-23,14:07:45,00:00:02
stefano.crapanzano@chu.ulg.ac.be,SSP - Recherche d'un article par le numéro d'article - Xperthis ERP4HC 2.0 Rollout - Service d'assistance - Google Chrome,Tâches diverses,2021-09-23,14:08:13,00:01:34
stefano.crapanzano@chu.ulg.ac.be,SSP - Recherche d'un article par le numéro d'article - Xperthis ERP4HC 2.0 Rollout - Service d'assistance - Google Chrome,Tâches diverses,2021-09-23,14:09:52,00:01:11
stefano.crapanzano@chu.ulg.ac.be,SSP - Recherche d'un article par le numéro d'article - Xperthis ERP4HC 2.0 Rollout - Service d'assistance - Google Chrome,Tâches diverses,2021-09-23,14:11:23,00:00:41
stefano.crapanzano@chu.ulg.ac.be,SSP - Recherche d'un article par le numéro d'article - Xperthis ERP4HC 2.0 Rollout - Service d'assistance - Google Chrome,Tâches diverses,2021-09-23,14:12:35,00:01:43
stefano.crapanzano@chu.ulg.ac.be,SSP - Recherche d'un article par le numéro d'article - Xperthis ERP4HC 2.0 Rollout - Service d'assistance - Google Chrome,Tâches diverses,2021-09-23,14:16:04,00:00:02
stefano.crapanzano@chu.ulg.ac.be,SSP - Recherche d'un article par le numéro d'article - Xperthis ERP4HC 2.0 Rollout - Service d'assistance - Google Chrome,Tâches diverses,2021-09-23,14:19:41,00:00:13
stefano.crapanzano@chu.ulg.ac.be,SSP - Recherche d'un article par le numéro d'article - Xperthis ERP4HC 2.0 Rollout - Service d'assistance - Google Chrome,Tâches diverses,2021-09-23,14:22:23,00:00:03
stefano.crapanzano@chu.ulg.ac.be,SSP - Recherche d'un article par le numéro d'article - Xperthis ERP4HC 2.0 Rollout - Service d'assistance - Google Chrome,Tâches diverses,2021-09-23,15:19:44,00:00:46
stefano.crapanzano@chu.ulg.ac.be,SSP - Recherche d'un article par le numéro d'article - Xperthis ERP4HC 2.0 Rollout - Service d'assistance - Google Chrome,Tâches diverses,2021-09-23,15:21:11,00:01:42
stefano.crapanzano@chu.ulg.ac.be,SSP - Recherche d'un article par le numéro d'article - Xperthis ERP4HC 2.0 Rollout - Service d'assistance - Google Chrome,Tâches diverses,2021-09-23,15:23:07,00:00:03
stefano.crapanzano@chu.ulg.ac.be,SSP - Recherche d'un article par le numéro d'article - Xperthis ERP4HC 2.0 Rollout - Service d'assistance - Google Chrome,Tâches diverses,2021-09-23,15:24:39,00:00:02
stefano.crapanzano@chu.ulg.ac.be,SSP - Recherche d'un article par le numéro d'article - Xperthis ERP4HC 2.0 Rollout - Service d'assistance - Google Chrome,Tâches diverses,2021-09-23,15:29:10,00:00:02
stefano.crapanzano@chu.ulg.ac.be,SSP - Recherche d'un article par le numéro d'article - Xperthis ERP4HC 2.0 Rollout - Service d'assistance - Google Chrome,Tâches diverses,2021-09-23,15:29:30,00:00:02
stefano.crapanzano@chu.ulg.ac.be,SSP - Recherche d'un article par le numéro d'article - Xperthis ERP4HC 2.0 Rollout - Service d'assistance - Google Chrome,Tâches diverses,2021-09-23,15:30:29,00:01:06
stefano.crapanzano@chu.ulg.ac.be,SSP - Recherche d'un article par le numéro d'article - Xperthis ERP4HC 2.0 Rollout - Service d'assistance - Google Chrome,Tâches diverses,2021-09-23,15:31:59,00:02:24
stefano.crapanzano@chu.ulg.ac.be,SSP - Recherche d'un article par le numéro d'article - Xperthis ERP4HC 2.0 Rollout - Service d'assistance - Google Chrome,Tâches diverses,2021-09-23,15:34:29,00:00:06
stefano.crapanzano@chu.ulg.ac.be,SSP - Recherche d'un article par le numéro d'article - Xperthis ERP4HC 2.0 Rollout - Service d'assistance - Google Chrome,Tâches diverses,2021-09-23,15:34:37,00:00:38
stefano.crapanzano@chu.ulg.ac.be,SSP - Recherche d'un article par le numéro d'article - Xperthis ERP4HC 2.0 Rollout - Service d'assistance - Google Chrome,Helpdesk général,2021-09-23,15:35:52,00:00:33
stefano.crapanzano@chu.ulg.ac.be,SSP - Recherche d'un article par le numéro d'article - Xperthis ERP4HC 2.0 Rollout - Service d'assistance - Google Chrome,Tâches diverses,2021-09-23,15:36:53,00:00:19
stefano.crapanzano@chu.ulg.ac.be,SSP - Recherche d'un article par le numéro d'article - Xperthis ERP4HC 2.0 Rollout - Service d'assistance - Google Chrome,Tâches diverses,2021-09-23,15:46:36,00:00:25
stefano.crapanzano@chu.ulg.ac.be,SSP - Recherche d'un article par le numéro d'article - Xperthis ERP4HC 2.0 Rollout - Service d'assistance - Google Chrome,Tâches diverses,2021-09-23,15:48:02,00:00:02
stefano.crapanzano@chu.ulg.ac.be,SSP - Recherche d'un article par le numéro d'article - Xperthis ERP4HC 2.0 Rollout - Service d'assistance - Google Chrome,Tâches diverses,2021-09-23,15:57:03,00:00:24
stefano.crapanzano@chu.ulg.ac.be,SSP - Recherche d'un article par le numéro d'article - Xperthis ERP4HC 2.0 Rollout - Service d'assistance - Google Chrome,Tâches diverses,2021-09-23,15:59:59,00:01:32
stefano.crapanzano@chu.ulg.ac.be,SSP - Recherche d'un article par le numéro d'article - Xperthis ERP4HC 2.0 Rollout - Service d'assistance - Google Chrome,Tâches diverses,2021-09-23,16:01:40,00:00:30
stefano.crapanzano@chu.ulg.ac.be,SSP - Recherche d'un article par le numéro d'article - Xperthis ERP4HC 2.0 Rollout - Service d'assistance - Google Chrome,Tâches diverses,2021-09-23,16:04:49,00:00:17
stefano.crapanzano@chu.ulg.ac.be,SSP - Recherche d'un article par le numéro d'article - Xperthis ERP4HC 2.0 Rollout - Service d'assistance - Google Chrome,Tâches diverses,2021-09-23,16:08:01,00:00:11
stefano.crapanzano@chu.ulg.ac.be,SSP - Recherche d'un article par le numéro d'article - Xperthis ERP4HC 2.0 Rollout - Service d'assistance - Google Chrome,Tâches diverses,2021-09-23,16:19:06,00:04:24
stefano.crapanzano@chu.ulg.ac.be,SSP - Recherche d'un article par le numéro d'article - Xperthis ERP4HC 2.0 Rollout - Service d'assistance - Google Chrome,Tâches diverses,2021-09-23,16:24:43,00:00:06
stefano.crapanzano@chu.ulg.ac.be,SSP - Recherche d'un article par le numéro d'article - Xperthis ERP4HC 2.0 Rollout - Service d'assistance - Google Chrome,Tâches diverses,2021-09-23,16:25:48,00:00:13
stefano.crapanzano@chu.ulg.ac.be,SSP - Recherche d'un article par le numéro d'article - Xperthis ERP4HC 2.0 Rollout - Service d'assistance - Google Chrome,Tâches diverses,2021-09-23,16:26:03,00:00:36
stefano.crapanzano@chu.ulg.ac.be,SSP - Recherche d'un article par le numéro d'article - Xperthis ERP4HC 2.0 Rollout - Service d'assistance - Google Chrome,Tâches diverses,2021-09-23,16:26:42,00:00:37
stefano.crapanzano@chu.ulg.ac.be,SSP - Recherche d'un article par le numéro d'article - Xperthis ERP4HC 2.0 Rollout - Service d'assistance - Google Chrome,Tâches diverses,2021-09-23,16:27:34,00:04:38
stefano.crapanzano@chu.ulg.ac.be,SSP - Recherche d'un article par le numéro d'article - Xperthis ERP4HC 2.0 Rollout - Service d'assistance - Google Chrome,Tâches diverses,2021-09-23,16:32:37,00:00:16
stefano.crapanzano@chu.ulg.ac.be,SSP - Recherche d'un article par le numéro d'article - Xperthis ERP4HC 2.0 Rollout - Service d'assistance - Google Chrome,Tâches diverses,2021-09-23,16:33:02,00:00:46
stefano.crapanzano@chu.ulg.ac.be,SSP - Recherche d'un article par le numéro d'article - Xperthis ERP4HC 2.0 Rollout - Service d'assistance - Google Chrome,Tâches diverses,2021-09-23,16:33:50,00:00:02
stefano.crapanzano@chu.ulg.ac.be,SSP - Recherche d'un article par le numéro d'article - Xperthis ERP4HC 2.0 Rollout - Service d'assistance - Google Chrome,Tâches diverses,2021-09-23,16:34:57,00:01:40
stefano.crapanzano@chu.ulg.ac.be,SSP - Recherche d'un article par le numéro d'article - Xperthis ERP4HC 2.0 Rollout - Service d'assistance - Google Chrome,Tâches diverses,2021-09-23,16:39:52,00:00:04
stefano.crapanzano@chu.ulg.ac.be,SSP - Recherche d'un article par le numéro d'article - Xperthis ERP4HC 2.0 Rollout - Service d'assistance - Google Chrome,Tâches diverses,2021-09-23,16:41:49,00:01:16
stefano.crapanzano@chu.ulg.ac.be,SSP - Recherche d'un article par le numéro d'article - Xperthis ERP4HC 2.0 Rollout - Service d'assistance - Google Chrome,Tâches diverses,2021-09-23,16:45:10,00:01:04
stefano.crapanzano@chu.ulg.ac.be,Créer un dossier,Helpdesk général,2021-09-23,14:14:48,00:00:03
stefano.crapanzano@chu.ulg.ac.be,AE2_203 - sftp://AE2U2FTP@153.89.110.38 - FileZilla,Helpdesk général,2021-09-23,14:15:16,00:00:02
stefano.crapanzano@chu.ulg.ac.be,AE2_203 - sftp://AE2U2FTP@153.89.110.38 - FileZilla,Helpdesk général,2021-09-23,14:15:21,00:00:27
stefano.crapanzano@chu.ulg.ac.be,AE2_203 - sftp://AE2U2FTP@153.89.110.38 - FileZilla,Helpdesk général,2021-09-23,14:18:04,00:00:05
stefano.crapanzano@chu.ulg.ac.be,AE2_203 - sftp://AE2U2FTP@153.89.110.38 - FileZilla,Helpdesk général,2021-09-23,14:18:37,00:00:02
stefano.crapanzano@chu.ulg.ac.be,AE2_203 - sftp://AE2U2FTP@153.89.110.38 - FileZilla,Helpdesk général,2021-09-23,14:19:15,00:00:02
stefano.crapanzano@chu.ulg.ac.be,AE2_203 - sftp://AE2U2FTP@153.89.110.38 - FileZilla,Helpdesk général,2021-09-23,15:56:50,00:00:02
stefano.crapanzano@chu.ulg.ac.be,AE2_203 - sftp://AE2U2FTP@153.89.110.38 - FileZilla,Helpdesk général,2021-09-23,15:57:59,00:00:02
stefano.crapanzano@chu.ulg.ac.be,Chargement photo d'un article sur SSP - Xperthis ERP4HC 2.0 Rollout - Service d'assistance - Google Chrome,Tâches diverses,2021-09-23,14:19:32,00:00:02
stefano.crapanzano@chu.ulg.ac.be,Chargement photo d'un article sur SSP - Xperthis ERP4HC 2.0 Rollout - Service d'assistance - Google Chrome,Tâches diverses,2021-09-23,14:21:38,00:00:31
stefano.crapanzano@chu.ulg.ac.be,Chargement photo d'un article sur SSP - Xperthis ERP4HC 2.0 Rollout - Service d'assistance - Google Chrome,Tâches diverses,2021-09-23,15:47:08,00:00:18
stefano.crapanzano@chu.ulg.ac.be,Chargement photo d'un article sur SSP - Xperthis ERP4HC 2.0 Rollout - Service d'assistance - Google Chrome,Tâches diverses,2021-09-23,16:02:30,00:00:25
stefano.crapanzano@chu.ulg.ac.be,Chargement photo d'un article sur SSP - Xperthis ERP4HC 2.0 Rollout - Service d'assistance - Google Chrome,Tâches diverses,2021-09-23,16:05:07,00:00:03
stefano.crapanzano@chu.ulg.ac.be,Microsoft Excel,Tâches diverses,2021-09-23,14:23:24,00:00:02
stefano.crapanzano@chu.ulg.ac.be,Mes demandes d'achat - Google Chrome,Tâches diverses,2021-09-23,14:40:23,00:00:11
stefano.crapanzano@chu.ulg.ac.be,C:\temp\screenshots\2021-09-23 14_57_56-Photo - Google Photos.png - Greenshot Éditeur d'Image,Helpdesk général,2021-09-23,14:58:17,00:00:02
stefano.crapanzano@chu.ulg.ac.be,IMG_20170622_153918.jpg - IrfanView (Zoom: 1239 x 929),Helpdesk général,2021-09-23,15:05:44,00:00:02
stefano.crapanzano@chu.ulg.ac.be,Rédaction : ticket - Thunderbird,Helpdesk général,2021-09-23,15:23:02,00:00:03
stefano.crapanzano@chu.ulg.ac.be,Rédaction : ticket Recherche d'un article par le numéro d'article - Thunderbird,Helpdesk général,2021-09-23,15:23:14,00:01:25
stefano.crapanzano@chu.ulg.ac.be,Rédaction : ticket Recherche d'un article par le numéro d'article - Thunderbird,Tâches diverses,2021-09-23,15:28:51,00:00:16
stefano.crapanzano@chu.ulg.ac.be,Rédaction : ticket Recherche d'un article par le numéro d'article - Thunderbird,Helpdesk général,2021-09-23,15:29:13,00:00:16
stefano.crapanzano@chu.ulg.ac.be,Rédaction : ticket Recherche d'un article par le numéro d'article - Thunderbird,Helpdesk général,2021-09-23,15:29:33,00:00:56
stefano.crapanzano@chu.ulg.ac.be,Rédaction : ticket Recherche d'un article par le numéro d'article - Thunderbird,Helpdesk général,2021-09-23,15:35:16,00:00:33
stefano.crapanzano@chu.ulg.ac.be,Entrée de marchandises Commande d'achat - Stefano Crapanzano - Google Chrome,Tâches diverses,2021-09-23,15:24:46,00:00:04
stefano.crapanzano@chu.ulg.ac.be,Entrée de marchandises Commande d'achat - Stefano Crapanzano - Google Chrome,Tâches diverses,2021-09-23,15:25:03,00:00:34
stefano.crapanzano@chu.ulg.ac.be,Entrée de marchandises Commande d'achat - Stefano Crapanzano - Google Chrome,Tâches diverses,2021-09-23,15:26:21,00:00:18
stefano.crapanzano@chu.ulg.ac.be,Delta Manual - traduction incomplète - Xperthis ERP4HC 2.0 Rollout - Service d'assistance - Google Chrome,Tâches diverses,2021-09-23,16:02:16,00:00:10
stefano.crapanzano@chu.ulg.ac.be,*nouveau 2 - Notepad++ [Administrator],IT,2021-09-23,16:07:34,00:00:03
stefano.crapanzano@chu.ulg.ac.be,*nouveau 2 - Notepad++ [Administrator],IT,2021-09-23,16:07:40,00:00:02
stefano.crapanzano@chu.ulg.ac.be,\\si-s-serv993\wiki-erp\data\pages\configuration_SAP\Sauvegarde_des_variantes_SAP_avec_leurs_valeurs.txt - Notepad++ [Administrator],IT,2021-09-23,16:07:37,00:00:02
stefano.crapanzano@chu.ulg.ac.be,X01-203 CHR transaction ZGA15 - Xperthis ERP4HC 2.0 Rollout - Service d'assistance - Google Chrome,Tâches diverses,2021-09-23,16:44:56,00:00:04
stefano.crapanzano@chu.ulg.ac.be,P203 CHR - Clefs ana DDL 2020 - 092.093 - Xperthis ERP4HC 1.0 - Service d'assistance - Google Chrome,Tâches diverses,2021-09-23,16:45:05,00:00:02
