Email,Description,Project,Start date,Start time,Duration
stefano.crapanzano@chu.ulg.ac.be,Administrateur : C:\Windows\system32\cmd.exe - python  main.py,IT,2021-09-21,08:59:28,00:00:02
stefano.crapanzano@chu.ulg.ac.be,Administrateur : C:\Windows\system32\cmd.exe - python  main.py,IT,2021-09-21,09:48:58,00:00:03
stefano.crapanzano@chu.ulg.ac.be,Courrier entrant - erp.sai@chuliege.be - Mozilla Thunderbird,Helpdesk général,2021-09-21,08:59:11,00:00:10
stefano.crapanzano@chu.ulg.ac.be,Courrier entrant - erp.sai@chuliege.be - Mozilla Thunderbird,Helpdesk général,2021-09-21,08:59:40,00:00:10
stefano.crapanzano@chu.ulg.ac.be,Courrier entrant - erp.sai@chuliege.be - Mozilla Thunderbird,Helpdesk général,2021-09-21,09:00:16,00:00:05
stefano.crapanzano@chu.ulg.ac.be,Courrier entrant - erp.sai@chuliege.be - Mozilla Thunderbird,Helpdesk général,2021-09-21,09:05:43,00:00:37
stefano.crapanzano@chu.ulg.ac.be,Courrier entrant - erp.sai@chuliege.be - Mozilla Thunderbird,Helpdesk général,2021-09-21,09:06:42,00:00:16
stefano.crapanzano@chu.ulg.ac.be,Courrier entrant - erp.sai@chuliege.be - Mozilla Thunderbird,Helpdesk général,2021-09-21,09:07:45,00:00:26
stefano.crapanzano@chu.ulg.ac.be,Courrier entrant - erp.sai@chuliege.be - Mozilla Thunderbird,Helpdesk général,2021-09-21,09:19:12,00:00:02
stefano.crapanzano@chu.ulg.ac.be,Courrier entrant - erp.sai@chuliege.be - Mozilla Thunderbird,Helpdesk général,2021-09-21,09:22:29,00:00:29
stefano.crapanzano@chu.ulg.ac.be,Courrier entrant - erp.sai@chuliege.be - Mozilla Thunderbird,Helpdesk général,2021-09-21,09:25:04,00:00:11
stefano.crapanzano@chu.ulg.ac.be,Courrier entrant - erp.sai@chuliege.be - Mozilla Thunderbird,Helpdesk général,2021-09-21,09:25:20,00:00:03
stefano.crapanzano@chu.ulg.ac.be,Courrier entrant - erp.sai@chuliege.be - Mozilla Thunderbird,Helpdesk général,2021-09-21,09:25:26,00:00:20
stefano.crapanzano@chu.ulg.ac.be,Courrier entrant - erp.sai@chuliege.be - Mozilla Thunderbird,Tâches diverses,2021-09-21,09:29:31,00:00:14
stefano.crapanzano@chu.ulg.ac.be,Courrier entrant - erp.sai@chuliege.be - Mozilla Thunderbird,Helpdesk général,2021-09-21,09:29:51,00:00:05
stefano.crapanzano@chu.ulg.ac.be,Courrier entrant - erp.sai@chuliege.be - Mozilla Thunderbird,Helpdesk général,2021-09-21,09:31:17,00:00:04
stefano.crapanzano@chu.ulg.ac.be,Courrier entrant - erp.sai@chuliege.be - Mozilla Thunderbird,Helpdesk général,2021-09-21,09:31:58,00:00:03
stefano.crapanzano@chu.ulg.ac.be,Courrier entrant - erp.sai@chuliege.be - Mozilla Thunderbird,Helpdesk général,2021-09-21,09:32:05,00:00:06
stefano.crapanzano@chu.ulg.ac.be,Courrier entrant - erp.sai@chuliege.be - Mozilla Thunderbird,Helpdesk général,2021-09-21,09:33:16,00:00:18
stefano.crapanzano@chu.ulg.ac.be,Courrier entrant - erp.sai@chuliege.be - Mozilla Thunderbird,Helpdesk général,2021-09-21,09:34:24,00:02:51
stefano.crapanzano@chu.ulg.ac.be,Courrier entrant - erp.sai@chuliege.be - Mozilla Thunderbird,Helpdesk général,2021-09-21,09:37:40,00:01:47
stefano.crapanzano@chu.ulg.ac.be,Courrier entrant - erp.sai@chuliege.be - Mozilla Thunderbird,Helpdesk général,2021-09-21,09:39:29,00:01:33
stefano.crapanzano@chu.ulg.ac.be,Courrier entrant - erp.sai@chuliege.be - Mozilla Thunderbird,Helpdesk général,2021-09-21,09:41:07,00:00:15
stefano.crapanzano@chu.ulg.ac.be,Courrier entrant - erp.sai@chuliege.be - Mozilla Thunderbird,Helpdesk général,2021-09-21,09:42:43,00:00:07
stefano.crapanzano@chu.ulg.ac.be,Courrier entrant - erp.sai@chuliege.be - Mozilla Thunderbird,Helpdesk général,2021-09-21,09:43:11,00:00:14
stefano.crapanzano@chu.ulg.ac.be,Courrier entrant - erp.sai@chuliege.be - Mozilla Thunderbird,Helpdesk général,2021-09-21,09:44:25,00:00:06
stefano.crapanzano@chu.ulg.ac.be,Courrier entrant - erp.sai@chuliege.be - Mozilla Thunderbird,Helpdesk général,2021-09-21,09:44:33,00:00:03
stefano.crapanzano@chu.ulg.ac.be,Courrier entrant - erp.sai@chuliege.be - Mozilla Thunderbird,Helpdesk général,2021-09-21,09:44:40,00:00:02
stefano.crapanzano@chu.ulg.ac.be,Courrier entrant - erp.sai@chuliege.be - Mozilla Thunderbird,Helpdesk général,2021-09-21,09:47:11,00:00:04
stefano.crapanzano@chu.ulg.ac.be,Courrier entrant - erp.sai@chuliege.be - Mozilla Thunderbird,Helpdesk général,2021-09-21,09:49:03,00:00:06
stefano.crapanzano@chu.ulg.ac.be,Courrier entrant - erp.sai@chuliege.be - Mozilla Thunderbird,Helpdesk général,2021-09-21,09:54:23,00:00:06
stefano.crapanzano@chu.ulg.ac.be,Courrier entrant - erp.sai@chuliege.be - Mozilla Thunderbird,Helpdesk général,2021-09-21,09:54:36,00:00:08
stefano.crapanzano@chu.ulg.ac.be,Courrier entrant - erp.sai@chuliege.be - Mozilla Thunderbird,Helpdesk général,2021-09-21,09:55:29,00:00:09
stefano.crapanzano@chu.ulg.ac.be,Courrier entrant - erp.sai@chuliege.be - Mozilla Thunderbird,Helpdesk général,2021-09-21,10:05:21,00:00:17
stefano.crapanzano@chu.ulg.ac.be,Courrier entrant - erp.sai@chuliege.be - Mozilla Thunderbird,Helpdesk général,2021-09-21,10:06:32,00:00:03
stefano.crapanzano@chu.ulg.ac.be,Courrier entrant - erp.sai@chuliege.be - Mozilla Thunderbird,Helpdesk général,2021-09-21,10:06:46,00:00:12
stefano.crapanzano@chu.ulg.ac.be,Courrier entrant - erp.sai@chuliege.be - Mozilla Thunderbird,Helpdesk général,2021-09-21,10:07:45,00:00:05
stefano.crapanzano@chu.ulg.ac.be,Courrier entrant - erp.sai@chuliege.be - Mozilla Thunderbird,Helpdesk général,2021-09-21,10:08:21,00:00:14
stefano.crapanzano@chu.ulg.ac.be,Courrier entrant - erp.sai@chuliege.be - Mozilla Thunderbird,Helpdesk général,2021-09-21,10:08:48,00:00:14
stefano.crapanzano@chu.ulg.ac.be,Courrier entrant - erp.sai@chuliege.be - Mozilla Thunderbird,Helpdesk général,2021-09-21,10:20:18,00:00:14
stefano.crapanzano@chu.ulg.ac.be,Courrier entrant - erp.sai@chuliege.be - Mozilla Thunderbird,Helpdesk général,2021-09-21,10:22:01,00:05:47
stefano.crapanzano@chu.ulg.ac.be,Courrier entrant - erp.sai@chuliege.be - Mozilla Thunderbird,Helpdesk général,2021-09-21,10:27:51,00:00:05
stefano.crapanzano@chu.ulg.ac.be,Courrier entrant - erp.sai@chuliege.be - Mozilla Thunderbird,Helpdesk général,2021-09-21,10:40:21,00:00:02
stefano.crapanzano@chu.ulg.ac.be,Courrier entrant - erp.sai@chuliege.be - Mozilla Thunderbird,Helpdesk général,2021-09-21,10:40:26,00:02:51
stefano.crapanzano@chu.ulg.ac.be,Courrier entrant - erp.sai@chuliege.be - Mozilla Thunderbird,Helpdesk général,2021-09-21,10:58:16,00:00:23
stefano.crapanzano@chu.ulg.ac.be,Courrier entrant - erp.sai@chuliege.be - Mozilla Thunderbird,Helpdesk général,2021-09-21,11:02:14,00:00:05
stefano.crapanzano@chu.ulg.ac.be,Courrier entrant - erp.sai@chuliege.be - Mozilla Thunderbird,Helpdesk général,2021-09-21,11:02:24,00:00:32
stefano.crapanzano@chu.ulg.ac.be,Courrier entrant - erp.sai@chuliege.be - Mozilla Thunderbird,Helpdesk général,2021-09-21,11:03:13,00:01:03
stefano.crapanzano@chu.ulg.ac.be,Courrier entrant - erp.sai@chuliege.be - Mozilla Thunderbird,Helpdesk général,2021-09-21,11:04:47,00:00:05
stefano.crapanzano@chu.ulg.ac.be,Courrier entrant - erp.sai@chuliege.be - Mozilla Thunderbird,Helpdesk général,2021-09-21,11:07:46,00:00:03
stefano.crapanzano@chu.ulg.ac.be,Courrier entrant - erp.sai@chuliege.be - Mozilla Thunderbird,Helpdesk général,2021-09-21,11:13:53,00:00:07
stefano.crapanzano@chu.ulg.ac.be,Courrier entrant - erp.sai@chuliege.be - Mozilla Thunderbird,Helpdesk général,2021-09-21,11:31:56,00:00:13
stefano.crapanzano@chu.ulg.ac.be,Courrier entrant - erp.sai@chuliege.be - Mozilla Thunderbird,Helpdesk général,2021-09-21,11:39:32,00:00:07
stefano.crapanzano@chu.ulg.ac.be,Courrier entrant - erp.sai@chuliege.be - Mozilla Thunderbird,Tâches diverses,2021-09-21,11:39:49,00:00:11
stefano.crapanzano@chu.ulg.ac.be,Courrier entrant - erp.sai@chuliege.be - Mozilla Thunderbird,Helpdesk général,2021-09-21,11:40:14,00:00:06
stefano.crapanzano@chu.ulg.ac.be,Courrier entrant - erp.sai@chuliege.be - Mozilla Thunderbird,Helpdesk général,2021-09-21,11:40:37,00:00:08
stefano.crapanzano@chu.ulg.ac.be,Courrier entrant - erp.sai@chuliege.be - Mozilla Thunderbird,Helpdesk général,2021-09-21,11:41:48,00:00:02
stefano.crapanzano@chu.ulg.ac.be,Courrier entrant - erp.sai@chuliege.be - Mozilla Thunderbird,Helpdesk général,2021-09-21,11:59:17,00:05:49
stefano.crapanzano@chu.ulg.ac.be,Courrier entrant - erp.sai@chuliege.be - Mozilla Thunderbird,Helpdesk général,2021-09-21,12:05:08,00:00:02
stefano.crapanzano@chu.ulg.ac.be,Courrier entrant - erp.sai@chuliege.be - Mozilla Thunderbird,Helpdesk général,2021-09-21,12:05:18,00:00:13
stefano.crapanzano@chu.ulg.ac.be,Courrier entrant - stefano.crapanzano@chuliege.be - Mozilla Thunderbird,Helpdesk général,2021-09-21,08:59:22,00:00:06
stefano.crapanzano@chu.ulg.ac.be,Courrier entrant - stefano.crapanzano@chuliege.be - Mozilla Thunderbird,Tâches diverses,2021-09-21,09:05:40,00:00:02
stefano.crapanzano@chu.ulg.ac.be,Courrier entrant - stefano.crapanzano@chuliege.be - Mozilla Thunderbird,Helpdesk général,2021-09-21,09:32:51,00:00:02
stefano.crapanzano@chu.ulg.ac.be,Courrier entrant - stefano.crapanzano@chuliege.be - Mozilla Thunderbird,Helpdesk général,2021-09-21,09:33:01,00:00:05
stefano.crapanzano@chu.ulg.ac.be,Courrier entrant - stefano.crapanzano@chuliege.be - Mozilla Thunderbird,Tâches diverses,2021-09-21,09:33:08,00:00:07
stefano.crapanzano@chu.ulg.ac.be,Courrier entrant - stefano.crapanzano@chuliege.be - Mozilla Thunderbird,Helpdesk général,2021-09-21,09:37:15,00:00:24
stefano.crapanzano@chu.ulg.ac.be,Courrier entrant - stefano.crapanzano@chuliege.be - Mozilla Thunderbird,Helpdesk général,2021-09-21,09:48:50,00:00:02
stefano.crapanzano@chu.ulg.ac.be,Courrier entrant - stefano.crapanzano@chuliege.be - Mozilla Thunderbird,Helpdesk général,2021-09-21,09:55:38,00:00:06
stefano.crapanzano@chu.ulg.ac.be,Courrier entrant - stefano.crapanzano@chuliege.be - Mozilla Thunderbird,Helpdesk général,2021-09-21,09:55:54,00:01:03
stefano.crapanzano@chu.ulg.ac.be,Courrier entrant - stefano.crapanzano@chuliege.be - Mozilla Thunderbird,Helpdesk général,2021-09-21,09:58:17,00:00:03
stefano.crapanzano@chu.ulg.ac.be,Courrier entrant - stefano.crapanzano@chuliege.be - Mozilla Thunderbird,Helpdesk général,2021-09-21,10:27:48,00:00:02
stefano.crapanzano@chu.ulg.ac.be,Courrier entrant - stefano.crapanzano@chuliege.be - Mozilla Thunderbird,Helpdesk général,2021-09-21,10:30:55,00:00:26
stefano.crapanzano@chu.ulg.ac.be,Courrier entrant - stefano.crapanzano@chuliege.be - Mozilla Thunderbird,Helpdesk général,2021-09-21,10:38:33,00:00:24
stefano.crapanzano@chu.ulg.ac.be,Courrier entrant - stefano.crapanzano@chuliege.be - Mozilla Thunderbird,Helpdesk général,2021-09-21,10:40:18,00:00:02
stefano.crapanzano@chu.ulg.ac.be,Courrier entrant - stefano.crapanzano@chuliege.be - Mozilla Thunderbird,Helpdesk général,2021-09-21,11:02:20,00:00:03
stefano.crapanzano@chu.ulg.ac.be,Courrier entrant - stefano.crapanzano@chuliege.be - Mozilla Thunderbird,Helpdesk général,2021-09-21,11:32:09,00:00:22
stefano.crapanzano@chu.ulg.ac.be,Courrier entrant - stefano.crapanzano@chuliege.be - Mozilla Thunderbird,Helpdesk général,2021-09-21,11:40:21,00:00:02
stefano.crapanzano@chu.ulg.ac.be,SAML 2.0 Error - Google Chrome,Helpdesk général,2021-09-21,08:59:31,00:00:02
stefano.crapanzano@chu.ulg.ac.be,SAML 2.0 Error - Google Chrome,Tâches diverses,2021-09-21,08:59:36,00:00:04
stefano.crapanzano@chu.ulg.ac.be,SAML 2.0 Error - Google Chrome,Tâches diverses,2021-09-21,09:47:41,00:00:02
stefano.crapanzano@chu.ulg.ac.be,Erreur SAML 2.0 - Google Chrome,Tâches diverses,2021-09-21,08:59:33,00:00:02
stefano.crapanzano@chu.ulg.ac.be,Incohérence de lien détectée,Helpdesk général,2021-09-21,08:59:51,00:00:02
stefano.crapanzano@chu.ulg.ac.be,Connexion - Google Chrome,Tâches diverses,2021-09-21,08:59:55,00:00:10
stefano.crapanzano@chu.ulg.ac.be,Page d'accueil - Google Chrome,Tâches diverses,2021-09-21,09:00:05,00:00:10
stefano.crapanzano@chu.ulg.ac.be,Page d'accueil - Google Chrome,Tâches diverses,2021-09-21,09:24:03,00:00:03
stefano.crapanzano@chu.ulg.ac.be,Page d'accueil - Google Chrome,Tâches diverses,2021-09-21,09:25:17,00:00:02
stefano.crapanzano@chu.ulg.ac.be,Page d'accueil - Google Chrome,Tâches diverses,2021-09-21,09:25:49,00:00:10
stefano.crapanzano@chu.ulg.ac.be,Page d'accueil - Google Chrome,Tâches diverses,2021-09-21,09:26:08,00:00:16
stefano.crapanzano@chu.ulg.ac.be,Page d'accueil - Google Chrome,Tâches diverses,2021-09-21,09:26:40,00:00:06
stefano.crapanzano@chu.ulg.ac.be,Page d'accueil - Google Chrome,Tâches diverses,2021-09-21,09:26:52,00:00:25
stefano.crapanzano@chu.ulg.ac.be,Page d'accueil - Google Chrome,Tâches diverses,2021-09-21,09:27:27,00:00:06
stefano.crapanzano@chu.ulg.ac.be,Page d'accueil - Google Chrome,Tâches diverses,2021-09-21,09:33:36,00:00:05
stefano.crapanzano@chu.ulg.ac.be,Page d'accueil - Google Chrome,Tâches diverses,2021-09-21,09:41:41,00:00:07
stefano.crapanzano@chu.ulg.ac.be,Page d'accueil - Google Chrome,Tâches diverses,2021-09-21,09:42:25,00:00:13
stefano.crapanzano@chu.ulg.ac.be,Page d'accueil - Google Chrome,Tâches diverses,2021-09-21,09:47:18,00:00:17
stefano.crapanzano@chu.ulg.ac.be,Page d'accueil - Google Chrome,Tâches diverses,2021-09-21,09:47:54,00:00:04
stefano.crapanzano@chu.ulg.ac.be,Page d'accueil - Google Chrome,Tâches diverses,2021-09-21,09:47:59,00:00:02
stefano.crapanzano@chu.ulg.ac.be,Page d'accueil - Google Chrome,Tâches diverses,2021-09-21,09:49:11,00:00:05
stefano.crapanzano@chu.ulg.ac.be,Page d'accueil - Google Chrome,Tâches diverses,2021-09-21,09:49:26,00:00:45
stefano.crapanzano@chu.ulg.ac.be,Page d'accueil - Google Chrome,Tâches diverses,2021-09-21,09:50:14,00:00:37
stefano.crapanzano@chu.ulg.ac.be,Page d'accueil - Google Chrome,Tâches diverses,2021-09-21,10:05:41,00:00:24
stefano.crapanzano@chu.ulg.ac.be,Page d'accueil - Google Chrome,Tâches diverses,2021-09-21,10:08:38,00:00:09
stefano.crapanzano@chu.ulg.ac.be,Page d'accueil - Google Chrome,Tâches diverses,2021-09-21,10:09:50,00:00:05
stefano.crapanzano@chu.ulg.ac.be,Page d'accueil - Google Chrome,Tâches diverses,2021-09-21,10:21:39,00:00:09
stefano.crapanzano@chu.ulg.ac.be,Page d'accueil - Google Chrome,Tâches diverses,2021-09-21,10:21:54,00:00:05
stefano.crapanzano@chu.ulg.ac.be,Page d'accueil - Google Chrome,Tâches diverses,2021-09-21,10:37:30,00:00:12
stefano.crapanzano@chu.ulg.ac.be,Page d'accueil - Google Chrome,Tâches diverses,2021-09-21,10:47:28,00:00:09
stefano.crapanzano@chu.ulg.ac.be,Page d'accueil - Google Chrome,Tâches diverses,2021-09-21,10:51:54,00:00:10
stefano.crapanzano@chu.ulg.ac.be,Page d'accueil - Google Chrome,Tâches diverses,2021-09-21,10:53:52,00:00:02
stefano.crapanzano@chu.ulg.ac.be,Page d'accueil - Google Chrome,Tâches diverses,2021-09-21,10:56:18,00:00:02
stefano.crapanzano@chu.ulg.ac.be,Page d'accueil - Google Chrome,Tâches diverses,2021-09-21,10:56:22,00:00:09
stefano.crapanzano@chu.ulg.ac.be,Page d'accueil - Google Chrome,Tâches diverses,2021-09-21,10:57:06,00:00:03
stefano.crapanzano@chu.ulg.ac.be,Page d'accueil - Google Chrome,Helpdesk général,2021-09-21,11:40:46,00:00:06
stefano.crapanzano@chu.ulg.ac.be,Page d'accueil - Google Chrome,Tâches diverses,2021-09-21,11:40:57,00:00:02
stefano.crapanzano@chu.ulg.ac.be,Page d'accueil - Google Chrome,Tâches diverses,2021-09-21,11:41:01,00:00:02
stefano.crapanzano@chu.ulg.ac.be,Page d'accueil - Google Chrome,Tâches diverses,2021-09-21,11:41:05,00:00:02
stefano.crapanzano@chu.ulg.ac.be,Page d'accueil - Google Chrome,Tâches diverses,2021-09-21,11:41:10,00:00:02
stefano.crapanzano@chu.ulg.ac.be,Page d'accueil - Google Chrome,Tâches diverses,2021-09-21,11:41:15,00:00:11
stefano.crapanzano@chu.ulg.ac.be,Page d'accueil - Google Chrome,Tâches diverses,2021-09-21,11:51:57,00:00:08
stefano.crapanzano@chu.ulg.ac.be,Page d'accueil - Google Chrome,Tâches diverses,2021-09-21,11:52:11,00:00:02
stefano.crapanzano@chu.ulg.ac.be,Page d'accueil - Google Chrome,Tâches diverses,2021-09-21,11:56:24,00:00:13
stefano.crapanzano@chu.ulg.ac.be,par0112wi.xperthis.be:8081/sap/bc/webflow/wshandler?sap-client=203&saml2=disabled - Google Chrome,Tâches diverses,2021-09-21,09:00:21,00:00:06
stefano.crapanzano@chu.ulg.ac.be,par0112wi.xperthis.be:8081/sap/bc/webflow/wshandler?sap-client=203&saml2=disabled - Google Chrome,Tâches diverses,2021-09-21,09:47:38,00:00:02
stefano.crapanzano@chu.ulg.ac.be,par0112wi.xperthis.be:8081/sap/bc/webflow/wshandler?sap-client=203&saml2=disabled - Google Chrome,Tâches diverses,2021-09-21,10:07:09,00:00:02
stefano.crapanzano@chu.ulg.ac.be,Navigation système de fichier,IT,2021-09-21,09:00:28,00:00:03
stefano.crapanzano@chu.ulg.ac.be,Navigation système de fichier,IT,2021-09-21,09:04:06,00:00:03
stefano.crapanzano@chu.ulg.ac.be,Navigation système de fichier,IT,2021-09-21,09:09:22,00:00:06
stefano.crapanzano@chu.ulg.ac.be,Navigation système de fichier,IT,2021-09-21,09:09:46,00:00:02
stefano.crapanzano@chu.ulg.ac.be,Navigation système de fichier,IT,2021-09-21,09:23:23,00:00:20
stefano.crapanzano@chu.ulg.ac.be,Navigation système de fichier,IT,2021-09-21,09:29:56,00:00:03
stefano.crapanzano@chu.ulg.ac.be,Navigation système de fichier,IT,2021-09-21,09:32:02,00:00:02
stefano.crapanzano@chu.ulg.ac.be,Navigation système de fichier,IT,2021-09-21,09:42:38,00:00:02
stefano.crapanzano@chu.ulg.ac.be,Navigation système de fichier,IT,2021-09-21,09:48:56,00:00:02
stefano.crapanzano@chu.ulg.ac.be,Navigation système de fichier,IT,2021-09-21,09:49:19,00:00:03
stefano.crapanzano@chu.ulg.ac.be,Navigation système de fichier,IT,2021-09-21,09:58:06,00:00:07
stefano.crapanzano@chu.ulg.ac.be,Navigation système de fichier,IT,2021-09-21,10:30:51,00:00:02
stefano.crapanzano@chu.ulg.ac.be,Navigation système de fichier,IT,2021-09-21,10:56:13,00:00:02
stefano.crapanzano@chu.ulg.ac.be,Navigation système de fichier,IT,2021-09-21,10:59:21,00:00:06
stefano.crapanzano@chu.ulg.ac.be,Navigation système de fichier,IT,2021-09-21,10:59:47,00:00:05
stefano.crapanzano@chu.ulg.ac.be,Navigation système de fichier,IT,2021-09-21,11:00:23,00:00:03
stefano.crapanzano@chu.ulg.ac.be,Navigation système de fichier,IT,2021-09-21,11:00:39,00:00:02
stefano.crapanzano@chu.ulg.ac.be,Navigation système de fichier,IT,2021-09-21,11:01:47,00:00:02
stefano.crapanzano@chu.ulg.ac.be,Navigation système de fichier,IT,2021-09-21,11:04:17,00:00:02
stefano.crapanzano@chu.ulg.ac.be,Navigation système de fichier,IT,2021-09-21,11:04:38,00:00:03
stefano.crapanzano@chu.ulg.ac.be,Navigation système de fichier,IT,2021-09-21,11:04:43,00:00:02
stefano.crapanzano@chu.ulg.ac.be,Navigation système de fichier,IT,2021-09-21,11:05:47,00:00:03
stefano.crapanzano@chu.ulg.ac.be,Navigation système de fichier,IT,2021-09-21,11:07:30,00:00:06
stefano.crapanzano@chu.ulg.ac.be,Navigation système de fichier,IT,2021-09-21,11:08:13,00:00:11
stefano.crapanzano@chu.ulg.ac.be,Navigation système de fichier,IT,2021-09-21,11:09:12,00:00:06
stefano.crapanzano@chu.ulg.ac.be,Navigation système de fichier,IT,2021-09-21,11:09:22,00:00:13
stefano.crapanzano@chu.ulg.ac.be,Navigation système de fichier,IT,2021-09-21,11:09:37,00:00:03
stefano.crapanzano@chu.ulg.ac.be,Navigation système de fichier,IT,2021-09-21,11:10:17,00:00:46
stefano.crapanzano@chu.ulg.ac.be,Navigation système de fichier,IT,2021-09-21,11:11:13,00:00:21
stefano.crapanzano@chu.ulg.ac.be,Navigation système de fichier,IT,2021-09-21,11:11:38,00:00:10
stefano.crapanzano@chu.ulg.ac.be,Navigation système de fichier,IT,2021-09-21,11:12:46,00:00:06
stefano.crapanzano@chu.ulg.ac.be,Navigation système de fichier,IT,2021-09-21,11:12:57,00:00:05
stefano.crapanzano@chu.ulg.ac.be,Navigation système de fichier,IT,2021-09-21,11:14:06,00:00:02
stefano.crapanzano@chu.ulg.ac.be,Sécurité de Windows,Helpdesk général,2021-09-21,09:04:49,00:00:05
stefano.crapanzano@chu.ulg.ac.be,Greenshot capture form,Helpdesk général,2021-09-21,09:02:53,00:00:03
stefano.crapanzano@chu.ulg.ac.be,Greenshot capture form,Helpdesk général,2021-09-21,09:31:11,00:00:05
stefano.crapanzano@chu.ulg.ac.be,Greenshot capture form,Helpdesk général,2021-09-21,10:09:55,00:00:04
stefano.crapanzano@chu.ulg.ac.be,Greenshot capture form,Helpdesk général,2021-09-21,10:18:47,00:00:04
stefano.crapanzano@chu.ulg.ac.be,Greenshot capture form,Helpdesk général,2021-09-21,10:45:46,00:00:03
stefano.crapanzano@chu.ulg.ac.be,Greenshot capture form,Helpdesk général,2021-09-21,10:53:12,00:00:02
stefano.crapanzano@chu.ulg.ac.be,Comment accéder à SAP Libération des factures (Workflow approval) sur X01 ? - Xperthis ERP4HC 2.0 Rollout - Service d'assistance - Google Chrome,Tâches diverses,2021-09-21,09:03:00,00:00:17
stefano.crapanzano@chu.ulg.ac.be,Comment accéder à SAP Libération des factures (Workflow approval) sur X01 ? - Xperthis ERP4HC 2.0 Rollout - Service d'assistance - Google Chrome,Tâches diverses,2021-09-21,09:03:20,00:00:41
stefano.crapanzano@chu.ulg.ac.be,Comment accéder à SAP Libération des factures (Workflow approval) sur X01 ? - Xperthis ERP4HC 2.0 Rollout - Service d'assistance - Google Chrome,Tâches diverses,2021-09-21,09:04:59,00:00:41
stefano.crapanzano@chu.ulg.ac.be,Comment accéder à SAP Libération des factures (Workflow approval) sur X01 ? - Xperthis ERP4HC 2.0 Rollout - Service d'assistance - Google Chrome,Tâches diverses,2021-09-21,09:06:23,00:00:18
stefano.crapanzano@chu.ulg.ac.be,Comment accéder à SAP Libération des factures (Workflow approval) sur X01 ? - Xperthis ERP4HC 2.0 Rollout - Service d'assistance - Google Chrome,Tâches diverses,2021-09-21,09:47:45,00:00:02
stefano.crapanzano@chu.ulg.ac.be,Comment accéder à SAP Libération des factures (Workflow approval) sur X01 ? - Xperthis ERP4HC 2.0 Rollout - Service d'assistance - Google Chrome,Tâches diverses,2021-09-21,09:49:17,00:00:02
stefano.crapanzano@chu.ulg.ac.be,Comment accéder à SAP Libération des factures (Workflow approval) sur X01 ? - Xperthis ERP4HC 2.0 Rollout - Service d'assistance - Google Chrome,Tâches diverses,2021-09-21,10:34:33,00:00:02
stefano.crapanzano@chu.ulg.ac.be,Comment accéder à SAP Libération des factures (Workflow approval) sur X01 ? - Xperthis ERP4HC 2.0 Rollout - Service d'assistance - Google Chrome,Tâches diverses,2021-09-21,11:40:01,00:00:10
stefano.crapanzano@chu.ulg.ac.be,Ouvrir,Tâches diverses,2021-09-21,09:03:18,00:00:02
stefano.crapanzano@chu.ulg.ac.be,Ouvrir,Tâches diverses,2021-09-21,09:04:56,00:00:02
stefano.crapanzano@chu.ulg.ac.be,Ouvrir,Tâches diverses,2021-09-21,10:10:02,00:00:02
stefano.crapanzano@chu.ulg.ac.be,Ouvrir,Tâches diverses,2021-09-21,10:53:17,00:00:02
stefano.crapanzano@chu.ulg.ac.be,Ouvrir,Tâches diverses,2021-09-21,11:00:00,00:00:03
stefano.crapanzano@chu.ulg.ac.be,Ouvrir,Tâches diverses,2021-09-21,11:00:41,00:00:02
stefano.crapanzano@chu.ulg.ac.be,Comment accéder à Fiori pour l'approbation des DA et CA sur X01 ? - Xperthis ERP4HC 2.0 Rollout - Service d'assistance - Google Chrome,Tâches diverses,2021-09-21,09:06:59,00:00:45
stefano.crapanzano@chu.ulg.ac.be,Comment accéder à Fiori pour l'approbation des DA et CA sur X01 ? - Xperthis ERP4HC 2.0 Rollout - Service d'assistance - Google Chrome,Tâches diverses,2021-09-21,09:19:16,00:03:12
stefano.crapanzano@chu.ulg.ac.be,Comment accéder à Fiori pour l'approbation des DA et CA sur X01 ? - Xperthis ERP4HC 2.0 Rollout - Service d'assistance - Google Chrome,Tâches diverses,2021-09-21,09:23:00,00:00:22
stefano.crapanzano@chu.ulg.ac.be,Comment accéder à Fiori pour l'approbation des DA et CA sur X01 ? - Xperthis ERP4HC 2.0 Rollout - Service d'assistance - Google Chrome,Tâches diverses,2021-09-21,09:31:21,00:00:25
stefano.crapanzano@chu.ulg.ac.be,Comment accéder à Fiori pour l'approbation des DA et CA sur X01 ? - Xperthis ERP4HC 2.0 Rollout - Service d'assistance - Google Chrome,Tâches diverses,2021-09-21,09:31:47,00:00:10
stefano.crapanzano@chu.ulg.ac.be,Comment accéder à Fiori pour l'approbation des DA et CA sur X01 ? - Xperthis ERP4HC 2.0 Rollout - Service d'assistance - Google Chrome,Helpdesk général,2021-09-21,09:32:12,00:00:13
stefano.crapanzano@chu.ulg.ac.be,Comment accéder à Fiori pour l'approbation des DA et CA sur X01 ? - Xperthis ERP4HC 2.0 Rollout - Service d'assistance - Google Chrome,Tâches diverses,2021-09-21,09:43:49,00:00:29
stefano.crapanzano@chu.ulg.ac.be,Comment accéder à Fiori pour l'approbation des DA et CA sur X01 ? - Xperthis ERP4HC 2.0 Rollout - Service d'assistance - Google Chrome,Tâches diverses,2021-09-21,09:44:21,00:00:04
stefano.crapanzano@chu.ulg.ac.be,Comment accéder à Fiori pour l'approbation des DA et CA sur X01 ? - Xperthis ERP4HC 2.0 Rollout - Service d'assistance - Google Chrome,Helpdesk général,2021-09-21,09:54:45,00:00:02
stefano.crapanzano@chu.ulg.ac.be,Comment accéder à Fiori pour l'approbation des DA et CA sur X01 ? - Xperthis ERP4HC 2.0 Rollout - Service d'assistance - Google Chrome,Tâches diverses,2021-09-21,09:54:48,00:00:02
stefano.crapanzano@chu.ulg.ac.be,Comment accéder à Fiori pour l'approbation des DA et CA sur X01 ? - Xperthis ERP4HC 2.0 Rollout - Service d'assistance - Google Chrome,Tâches diverses,2021-09-21,10:09:04,00:00:34
stefano.crapanzano@chu.ulg.ac.be,Comment accéder à Fiori pour l'approbation des DA et CA sur X01 ? - Xperthis ERP4HC 2.0 Rollout - Service d'assistance - Google Chrome,Tâches diverses,2021-09-21,10:10:05,00:01:37
stefano.crapanzano@chu.ulg.ac.be,Comment accéder à Fiori pour l'approbation des DA et CA sur X01 ? - Xperthis ERP4HC 2.0 Rollout - Service d'assistance - Google Chrome,Tâches diverses,2021-09-21,10:12:05,00:01:50
stefano.crapanzano@chu.ulg.ac.be,Comment accéder à Fiori pour l'approbation des DA et CA sur X01 ? - Xperthis ERP4HC 2.0 Rollout - Service d'assistance - Google Chrome,Tâches diverses,2021-09-21,10:13:57,00:00:08
stefano.crapanzano@chu.ulg.ac.be,Comment accéder à Fiori pour l'approbation des DA et CA sur X01 ? - Xperthis ERP4HC 2.0 Rollout - Service d'assistance - Google Chrome,Tâches diverses,2021-09-21,10:14:57,00:00:20
stefano.crapanzano@chu.ulg.ac.be,Comment accéder à Fiori pour l'approbation des DA et CA sur X01 ? - Xperthis ERP4HC 2.0 Rollout - Service d'assistance - Google Chrome,Exploration SAP,2021-09-21,10:16:57,00:00:28
stefano.crapanzano@chu.ulg.ac.be,Comment accéder à Fiori pour l'approbation des DA et CA sur X01 ? - Xperthis ERP4HC 2.0 Rollout - Service d'assistance - Google Chrome,Tâches diverses,2021-09-21,10:17:33,00:01:05
stefano.crapanzano@chu.ulg.ac.be,Comment accéder à Fiori pour l'approbation des DA et CA sur X01 ? - Xperthis ERP4HC 2.0 Rollout - Service d'assistance - Google Chrome,Tâches diverses,2021-09-21,10:18:52,00:00:02
stefano.crapanzano@chu.ulg.ac.be,Comment accéder à Fiori pour l'approbation des DA et CA sur X01 ? - Xperthis ERP4HC 2.0 Rollout - Service d'assistance - Google Chrome,Tâches diverses,2021-09-21,10:18:56,00:00:19
stefano.crapanzano@chu.ulg.ac.be,Comment accéder à Fiori pour l'approbation des DA et CA sur X01 ? - Xperthis ERP4HC 2.0 Rollout - Service d'assistance - Google Chrome,Tâches diverses,2021-09-21,10:20:35,00:01:01
stefano.crapanzano@chu.ulg.ac.be,Comment accéder à Fiori pour l'approbation des DA et CA sur X01 ? - Xperthis ERP4HC 2.0 Rollout - Service d'assistance - Google Chrome,Tâches diverses,2021-09-21,10:34:37,00:00:09
stefano.crapanzano@chu.ulg.ac.be,Comment accéder à Fiori pour l'approbation des DA et CA sur X01 ? - Xperthis ERP4HC 2.0 Rollout - Service d'assistance - Google Chrome,Tâches diverses,2021-09-21,10:43:19,00:00:21
stefano.crapanzano@chu.ulg.ac.be,Comment accéder à Fiori pour l'approbation des DA et CA sur X01 ? - Xperthis ERP4HC 2.0 Rollout - Service d'assistance - Google Chrome,Tâches diverses,2021-09-21,10:45:10,00:00:36
stefano.crapanzano@chu.ulg.ac.be,Comment accéder à Fiori pour l'approbation des DA et CA sur X01 ? - Xperthis ERP4HC 2.0 Rollout - Service d'assistance - Google Chrome,Helpdesk général,2021-09-21,10:45:50,00:01:38
stefano.crapanzano@chu.ulg.ac.be,Comment accéder à Fiori pour l'approbation des DA et CA sur X01 ? - Xperthis ERP4HC 2.0 Rollout - Service d'assistance - Google Chrome,Tâches diverses,2021-09-21,10:47:38,00:00:29
stefano.crapanzano@chu.ulg.ac.be,Comment accéder à Fiori pour l'approbation des DA et CA sur X01 ? - Xperthis ERP4HC 2.0 Rollout - Service d'assistance - Google Chrome,Tâches diverses,2021-09-21,10:48:09,00:03:41
stefano.crapanzano@chu.ulg.ac.be,Comment accéder à Fiori pour l'approbation des DA et CA sur X01 ? - Xperthis ERP4HC 2.0 Rollout - Service d'assistance - Google Chrome,Tâches diverses,2021-09-21,10:52:39,00:00:30
stefano.crapanzano@chu.ulg.ac.be,Comment accéder à Fiori pour l'approbation des DA et CA sur X01 ? - Xperthis ERP4HC 2.0 Rollout - Service d'assistance - Google Chrome,Tâches diverses,2021-09-21,10:53:20,00:00:18
stefano.crapanzano@chu.ulg.ac.be,Comment accéder à Fiori pour l'approbation des DA et CA sur X01 ? - Xperthis ERP4HC 2.0 Rollout - Service d'assistance - Google Chrome,Tâches diverses,2021-09-21,10:55:43,00:00:29
stefano.crapanzano@chu.ulg.ac.be,Comment accéder à Fiori pour l'approbation des DA et CA sur X01 ? - Xperthis ERP4HC 2.0 Rollout - Service d'assistance - Google Chrome,Tâches diverses,2021-09-21,10:56:15,00:00:02
stefano.crapanzano@chu.ulg.ac.be,Comment accéder à Fiori pour l'approbation des DA et CA sur X01 ? - Xperthis ERP4HC 2.0 Rollout - Service d'assistance - Google Chrome,Tâches diverses,2021-09-21,10:56:31,00:00:35
stefano.crapanzano@chu.ulg.ac.be,Comment accéder à Fiori pour l'approbation des DA et CA sur X01 ? - Xperthis ERP4HC 2.0 Rollout - Service d'assistance - Google Chrome,Tâches diverses,2021-09-21,10:57:10,00:00:03
stefano.crapanzano@chu.ulg.ac.be,Comment accéder à Fiori pour l'approbation des DA et CA sur X01 ? - Xperthis ERP4HC 2.0 Rollout - Service d'assistance - Google Chrome,Tâches diverses,2021-09-21,10:58:11,00:00:05
stefano.crapanzano@chu.ulg.ac.be,Comment accéder à Fiori pour l'approbation des DA et CA sur X01 ? - Xperthis ERP4HC 2.0 Rollout - Service d'assistance - Google Chrome,Tâches diverses,2021-09-21,11:14:10,00:00:51
stefano.crapanzano@chu.ulg.ac.be,Comment accéder à Fiori pour l'approbation des DA et CA sur X01 ? - Xperthis ERP4HC 2.0 Rollout - Service d'assistance - Google Chrome,Tâches diverses,2021-09-21,11:16:04,00:00:04
stefano.crapanzano@chu.ulg.ac.be,Comment accéder à Fiori pour l'approbation des DA et CA sur X01 ? - Xperthis ERP4HC 2.0 Rollout - Service d'assistance - Google Chrome,Tâches diverses,2021-09-21,11:16:42,00:00:47
stefano.crapanzano@chu.ulg.ac.be,Comment accéder à Fiori pour l'approbation des DA et CA sur X01 ? - Xperthis ERP4HC 2.0 Rollout - Service d'assistance - Google Chrome,Tâches diverses,2021-09-21,11:17:30,00:00:06
stefano.crapanzano@chu.ulg.ac.be,Comment accéder à Fiori pour l'approbation des DA et CA sur X01 ? - Xperthis ERP4HC 2.0 Rollout - Service d'assistance - Google Chrome,Tâches diverses,2021-09-21,11:39:41,00:00:07
stefano.crapanzano@chu.ulg.ac.be,Comment accéder à Fiori pour l'approbation des DA et CA sur X01 ? - Xperthis ERP4HC 2.0 Rollout - Service d'assistance - Google Chrome,Tâches diverses,2021-09-21,11:49:44,00:00:04
stefano.crapanzano@chu.ulg.ac.be,Comment accéder à Fiori pour l'approbation des DA et CA sur X01 ? - Xperthis ERP4HC 2.0 Rollout - Service d'assistance - Google Chrome,Tâches diverses,2021-09-21,11:52:13,00:00:02
stefano.crapanzano@chu.ulg.ac.be,Comment accéder à Fiori pour l'approbation des DA et CA sur X01 ? - Xperthis ERP4HC 2.0 Rollout - Service d'assistance - Google Chrome,Tâches diverses,2021-09-21,11:57:23,00:00:29
stefano.crapanzano@chu.ulg.ac.be,Comment accéder à Fiori pour l'approbation des DA et CA sur X01 ? - Xperthis ERP4HC 2.0 Rollout - Service d'assistance - Google Chrome,Tâches diverses,2021-09-21,11:58:03,00:00:12
stefano.crapanzano@chu.ulg.ac.be,Comment accéder à Fiori pour l'approbation des DA et CA sur X01 ? - Xperthis ERP4HC 2.0 Rollout - Service d'assistance - Google Chrome,Tâches diverses,2021-09-21,11:58:42,00:00:34
stefano.crapanzano@chu.ulg.ac.be,Comment accéder à Fiori pour l'approbation des DA et CA sur X01 ? - Xperthis ERP4HC 2.0 Rollout - Service d'assistance - Google Chrome,Helpdesk général,2021-09-21,12:05:12,00:00:05
stefano.crapanzano@chu.ulg.ac.be,Comment accéder à Fiori pour l'approbation des DA et CA sur X01 ? - Xperthis ERP4HC 2.0 Rollout - Service d'assistance - Google Chrome,Tâches diverses,2021-09-21,12:05:32,00:00:18
stefano.crapanzano@chu.ulg.ac.be,Machine console kofax - OneNote,Tâches diverses,2021-09-21,09:26:24,00:00:14
stefano.crapanzano@chu.ulg.ac.be,Netop Invité,Helpdesk général,2021-09-21,09:13:16,00:00:02
stefano.crapanzano@chu.ulg.ac.be,Netop Invité,Helpdesk général,2021-09-21,09:13:27,00:00:02
stefano.crapanzano@chu.ulg.ac.be,Netop Invité,Helpdesk général,2021-09-21,09:15:24,00:00:02
stefano.crapanzano@chu.ulg.ac.be,Netop Invité,Helpdesk général,2021-09-21,09:17:35,00:00:06
stefano.crapanzano@chu.ulg.ac.be,Netop Invité,Helpdesk général,2021-09-21,09:19:07,00:00:05
stefano.crapanzano@chu.ulg.ac.be,Netop,Helpdesk général,2021-09-21,09:08:40,00:00:02
stefano.crapanzano@chu.ulg.ac.be,Netop,Helpdesk général,2021-09-21,09:13:02,00:00:09
stefano.crapanzano@chu.ulg.ac.be,Netop,Helpdesk général,2021-09-21,09:13:13,00:00:02
stefano.crapanzano@chu.ulg.ac.be,Netop,Helpdesk général,2021-09-21,09:13:18,00:00:08
stefano.crapanzano@chu.ulg.ac.be,Netop,Helpdesk général,2021-09-21,09:15:22,00:00:02
stefano.crapanzano@chu.ulg.ac.be,Netop,Helpdesk général,2021-09-21,09:17:21,00:00:13
stefano.crapanzano@chu.ulg.ac.be,Connexion à l'aide de l'authentification Windows,Helpdesk général,2021-09-21,09:08:43,00:00:02
stefano.crapanzano@chu.ulg.ac.be,Connexion à l'aide de l'authentification Windows,Helpdesk général,2021-09-21,09:13:31,00:00:02
stefano.crapanzano@chu.ulg.ac.be,Connexion à l'aide de l'authentification Windows,Helpdesk général,2021-09-21,09:15:28,00:00:04
stefano.crapanzano@chu.ulg.ac.be,Connexion à l'aide de l'authentification Windows,Helpdesk général,2021-09-21,09:17:43,00:00:05
stefano.crapanzano@chu.ulg.ac.be,dsl-wx-0044 - Netop Remote Control,Helpdesk général,2021-09-21,09:08:47,00:00:32
stefano.crapanzano@chu.ulg.ac.be,dsl-wx-0044 - Netop Remote Control,Helpdesk général,2021-09-21,09:13:35,00:00:51
stefano.crapanzano@chu.ulg.ac.be,dsl-wx-0044 - Netop Remote Control,Helpdesk général,2021-09-21,09:14:44,00:00:28
stefano.crapanzano@chu.ulg.ac.be,TeamViewer,Helpdesk général,2021-09-21,09:14:26,00:00:08
stefano.crapanzano@chu.ulg.ac.be,TeamViewer,Helpdesk général,2021-09-21,09:15:56,00:00:06
stefano.crapanzano@chu.ulg.ac.be,dsl-wx-0043 - Netop Remote Control,Helpdesk général,2021-09-21,09:15:34,00:00:21
stefano.crapanzano@chu.ulg.ac.be,dsl-wx-0043 - Netop Remote Control,Helpdesk général,2021-09-21,09:16:02,00:01:18
stefano.crapanzano@chu.ulg.ac.be,dsl-wx-0043 - Netop Remote Control,Helpdesk général,2021-09-21,09:17:49,00:01:15
stefano.crapanzano@chu.ulg.ac.be,Demandes - Service d'assistance - Google Chrome,Tâches diverses,2021-09-21,09:32:25,00:00:24
stefano.crapanzano@chu.ulg.ac.be,Demandes - Service d'assistance - Google Chrome,Helpdesk général,2021-09-21,09:41:22,00:00:04
stefano.crapanzano@chu.ulg.ac.be,Demandes - Service d'assistance - Google Chrome,Tâches diverses,2021-09-21,09:41:27,00:00:10
stefano.crapanzano@chu.ulg.ac.be,Demandes - Service d'assistance - Google Chrome,Tâches diverses,2021-09-21,09:44:43,00:00:05
stefano.crapanzano@chu.ulg.ac.be,Demandes - Service d'assistance - Google Chrome,Tâches diverses,2021-09-21,09:44:55,00:00:05
stefano.crapanzano@chu.ulg.ac.be,Demandes - Service d'assistance - Google Chrome,Tâches diverses,2021-09-21,09:45:02,00:00:05
stefano.crapanzano@chu.ulg.ac.be,Demandes - Service d'assistance - Google Chrome,Tâches diverses,2021-09-21,09:45:09,00:00:06
stefano.crapanzano@chu.ulg.ac.be,Demandes - Service d'assistance - Google Chrome,Tâches diverses,2021-09-21,09:45:21,00:01:50
stefano.crapanzano@chu.ulg.ac.be,Demandes - Service d'assistance - Google Chrome,Tâches diverses,2021-09-21,09:47:36,00:00:02
stefano.crapanzano@chu.ulg.ac.be,Demandes - Service d'assistance - Google Chrome,Tâches diverses,2021-09-21,09:48:22,00:00:28
stefano.crapanzano@chu.ulg.ac.be,Demandes - Service d'assistance - Google Chrome,Tâches diverses,2021-09-21,10:19:16,00:00:23
stefano.crapanzano@chu.ulg.ac.be,Demandes - Service d'assistance - Google Chrome,Tâches diverses,2021-09-21,10:20:07,00:00:10
stefano.crapanzano@chu.ulg.ac.be,Demandes - Service d'assistance - Google Chrome,Tâches diverses,2021-09-21,10:20:32,00:00:02
stefano.crapanzano@chu.ulg.ac.be,Demandes - Service d'assistance - Google Chrome,Tâches diverses,2021-09-21,10:34:29,00:00:03
stefano.crapanzano@chu.ulg.ac.be,Demandes - Service d'assistance - Google Chrome,Tâches diverses,2021-09-21,11:17:37,00:14:18
stefano.crapanzano@chu.ulg.ac.be,Demandes - Service d'assistance - Google Chrome,Tâches diverses,2021-09-21,11:40:12,00:00:02
stefano.crapanzano@chu.ulg.ac.be,Demandes - Service d'assistance - Google Chrome,Tâches diverses,2021-09-21,11:42:29,00:00:04
stefano.crapanzano@chu.ulg.ac.be,Demandes - Service d'assistance - Google Chrome,Tâches diverses,2021-09-21,11:49:48,00:00:31
stefano.crapanzano@chu.ulg.ac.be,Demandes - Service d'assistance - Google Chrome,Tâches diverses,2021-09-21,11:50:22,00:00:02
stefano.crapanzano@chu.ulg.ac.be,Demandes - Service d'assistance - Google Chrome,Tâches diverses,2021-09-21,11:52:16,00:00:03
stefano.crapanzano@chu.ulg.ac.be,Demandes - Service d'assistance - Google Chrome,Tâches diverses,2021-09-21,11:57:07,00:00:16
stefano.crapanzano@chu.ulg.ac.be,Demandes - Service d'assistance - Google Chrome,Tâches diverses,2021-09-21,11:58:16,00:00:21
stefano.crapanzano@chu.ulg.ac.be,Demandes - Service d'assistance - Google Chrome,Tâches diverses,2021-09-21,11:58:40,00:00:02
stefano.crapanzano@chu.ulg.ac.be,https://par0009wi.xperthis.be/sap/bc/ui5_ui5/ui2/ushell/shells/abap/FioriLaunchpad.html?sap-client=203&sap-language=FR - Google Chrome,Tâches diverses,2021-09-21,09:23:48,00:00:07
stefano.crapanzano@chu.ulg.ac.be,Logon Error Message - Google Chrome,Tâches diverses,2021-09-21,09:23:46,00:00:02
stefano.crapanzano@chu.ulg.ac.be,Identification - Google Chrome,Tâches diverses,2021-09-21,09:23:56,00:00:05
stefano.crapanzano@chu.ulg.ac.be,Ma boîte de réception - Google Chrome,Tâches diverses,2021-09-21,09:26:00,00:00:08
stefano.crapanzano@chu.ulg.ac.be,Ma boîte de réception - Google Chrome,Tâches diverses,2021-09-21,09:27:33,00:01:57
stefano.crapanzano@chu.ulg.ac.be,Ma boîte de réception - Google Chrome,Tâches diverses,2021-09-21,09:33:41,00:00:05
stefano.crapanzano@chu.ulg.ac.be,Ma boîte de réception - Google Chrome,Tâches diverses,2021-09-21,09:42:40,00:00:02
stefano.crapanzano@chu.ulg.ac.be,Ma boîte de réception - Google Chrome,Tâches diverses,2021-09-21,09:43:27,00:00:20
stefano.crapanzano@chu.ulg.ac.be,Ma boîte de réception - Google Chrome,Tâches diverses,2021-09-21,09:47:15,00:00:02
stefano.crapanzano@chu.ulg.ac.be,Ma boîte de réception - Google Chrome,Tâches diverses,2021-09-21,09:54:51,00:00:03
stefano.crapanzano@chu.ulg.ac.be,Ma boîte de réception - Google Chrome,Tâches diverses,2021-09-21,10:09:40,00:00:09
stefano.crapanzano@chu.ulg.ac.be,Ma boîte de réception - Google Chrome,Tâches diverses,2021-09-21,11:40:53,00:00:04
stefano.crapanzano@chu.ulg.ac.be,Ma boîte de réception - Google Chrome,Tâches diverses,2021-09-21,11:41:07,00:00:02
stefano.crapanzano@chu.ulg.ac.be,Gérer déclarations Intrastat : synthèse des déclarations - Google Chrome,Tâches diverses,2021-09-21,09:26:48,00:00:04
stefano.crapanzano@chu.ulg.ac.be,Gérer déclarations Intrastat : synthèse des déclarations - Google Chrome,Tâches diverses,2021-09-21,11:41:27,00:00:20
stefano.crapanzano@chu.ulg.ac.be,Gérer déclarations Intrastat : synthèse des déclarations - Google Chrome,Tâches diverses,2021-09-21,11:51:53,00:00:04
stefano.crapanzano@chu.ulg.ac.be,Mes demandes d'achat - Google Chrome,Tâches diverses,2021-09-21,09:27:17,00:00:09
stefano.crapanzano@chu.ulg.ac.be,1082996_Screenshot+2021-09-20+174053-1.png (991×308) - Google Chrome,Helpdesk général,2021-09-21,09:29:46,00:00:03
stefano.crapanzano@chu.ulg.ac.be,SAP Easy Access Menu de base Applications financières-économiques,Exploration SAP,2021-09-21,09:30:00,00:00:04
stefano.crapanzano@chu.ulg.ac.be,SAP Easy Access Menu de base Applications financières-économiques,Exploration SAP,2021-09-21,09:33:52,00:00:08
stefano.crapanzano@chu.ulg.ac.be,SAP Easy Access Menu de base Applications financières-économiques,Exploration SAP,2021-09-21,10:11:45,00:00:02
stefano.crapanzano@chu.ulg.ac.be,SAP Easy Access Menu de base Applications financières-économiques,Exploration SAP,2021-09-21,10:15:52,00:00:05
stefano.crapanzano@chu.ulg.ac.be,SAP Easy Access Menu de base Applications financières-économiques,Exploration SAP,2021-09-21,10:34:57,00:00:10
stefano.crapanzano@chu.ulg.ac.be,SAP Easy Access Menu de base Applications financières-économiques,Exploration SAP,2021-09-21,10:35:21,00:00:23
stefano.crapanzano@chu.ulg.ac.be,SAP Easy Access Menu de base Applications financières-économiques,Exploration SAP,2021-09-21,10:35:52,00:00:02
stefano.crapanzano@chu.ulg.ac.be,SAP Easy Access Menu de base Applications financières-économiques,Tâches diverses,2021-09-21,10:43:41,00:00:04
stefano.crapanzano@chu.ulg.ac.be,SAP Easy Access Menu de base Applications financières-économiques,Exploration SAP,2021-09-21,10:44:01,00:00:02
stefano.crapanzano@chu.ulg.ac.be,SAP Easy Access Menu de base Applications financières-économiques,Exploration SAP,2021-09-21,11:16:24,00:00:02
stefano.crapanzano@chu.ulg.ac.be,SAP Easy Access Menu de base Applications financières-économiques,Tâches diverses,2021-09-21,11:45:37,00:00:04
stefano.crapanzano@chu.ulg.ac.be,Gestion des utilisateurs : écran initial,Exploration SAP,2021-09-21,09:30:08,00:00:02
stefano.crapanzano@chu.ulg.ac.be,Gestion des utilisateurs : écran initial,Exploration SAP,2021-09-21,10:12:00,00:00:02
stefano.crapanzano@chu.ulg.ac.be,Gestion des utilisateurs : écran initial,Exploration SAP,2021-09-21,10:16:01,00:00:02
stefano.crapanzano@chu.ulg.ac.be,Gestion des utilisateurs : écran initial,Exploration SAP,2021-09-21,10:34:20,00:00:03
stefano.crapanzano@chu.ulg.ac.be,Gestion des utilisateurs : écran initial,Exploration SAP,2021-09-21,10:43:45,00:00:04
stefano.crapanzano@chu.ulg.ac.be,Gestion des utilisateurs : écran initial,Exploration SAP,2021-09-21,10:44:03,00:00:02
stefano.crapanzano@chu.ulg.ac.be,Gestion des utilisateurs : écran initial,Exploration SAP,2021-09-21,10:44:45,00:00:04
stefano.crapanzano@chu.ulg.ac.be,Gestion des utilisateurs : écran initial,Exploration SAP,2021-09-21,10:52:22,00:00:04
stefano.crapanzano@chu.ulg.ac.be,Gestion des utilisateurs : écran initial,Exploration SAP,2021-09-21,10:54:11,00:00:02
stefano.crapanzano@chu.ulg.ac.be,Gestion des utilisateurs : écran initial,Exploration SAP,2021-09-21,10:54:50,00:00:12
stefano.crapanzano@chu.ulg.ac.be,Gestion des utilisateurs : écran initial,Exploration SAP,2021-09-21,10:55:12,00:00:06
stefano.crapanzano@chu.ulg.ac.be,Gestion des utilisateurs : écran initial,Exploration SAP,2021-09-21,11:16:09,00:00:02
stefano.crapanzano@chu.ulg.ac.be,Gestion des utilisateurs : écran initial,Exploration SAP,2021-09-21,11:16:31,00:00:02
stefano.crapanzano@chu.ulg.ac.be,Gestion des utilisateurs : écran initial,Exploration SAP,2021-09-21,11:45:07,00:00:05
stefano.crapanzano@chu.ulg.ac.be,TypeAheadPopup,Exploration SAP,2021-09-21,09:30:05,00:00:02
stefano.crapanzano@chu.ulg.ac.be,TypeAheadPopup,Exploration SAP,2021-09-21,09:34:03,00:00:02
stefano.crapanzano@chu.ulg.ac.be,TypeAheadPopup,Exploration SAP,2021-09-21,10:15:58,00:00:02
stefano.crapanzano@chu.ulg.ac.be,TypeAheadPopup,Exploration SAP,2021-09-21,10:54:13,00:00:04
stefano.crapanzano@chu.ulg.ac.be,TypeAheadPopup,Exploration SAP,2021-09-21,11:16:27,00:00:04
stefano.crapanzano@chu.ulg.ac.be,Afficher utilisateur,Exploration SAP,2021-09-21,09:30:11,00:00:04
stefano.crapanzano@chu.ulg.ac.be,Afficher utilisateur,Exploration SAP,2021-09-21,10:11:49,00:00:10
stefano.crapanzano@chu.ulg.ac.be,Afficher utilisateur,Exploration SAP,2021-09-21,10:14:05,00:00:52
stefano.crapanzano@chu.ulg.ac.be,Afficher utilisateur,Exploration SAP,2021-09-21,10:15:17,00:00:34
stefano.crapanzano@chu.ulg.ac.be,Afficher utilisateur,Exploration SAP,2021-09-21,10:16:04,00:00:07
stefano.crapanzano@chu.ulg.ac.be,Afficher utilisateur,Exploration SAP,2021-09-21,10:16:34,00:00:06
stefano.crapanzano@chu.ulg.ac.be,Afficher utilisateur,Exploration SAP,2021-09-21,10:17:26,00:00:06
stefano.crapanzano@chu.ulg.ac.be,Afficher utilisateur,Exploration SAP,2021-09-21,10:43:52,00:00:07
stefano.crapanzano@chu.ulg.ac.be,Afficher utilisateur,Exploration SAP,2021-09-21,10:44:09,00:00:06
stefano.crapanzano@chu.ulg.ac.be,Afficher utilisateur,Exploration SAP,2021-09-21,10:44:17,00:00:03
stefano.crapanzano@chu.ulg.ac.be,Afficher utilisateur,Exploration SAP,2021-09-21,10:44:49,00:00:13
stefano.crapanzano@chu.ulg.ac.be,Afficher utilisateur,Exploration SAP,2021-09-21,10:55:02,00:00:10
stefano.crapanzano@chu.ulg.ac.be,Afficher utilisateur,Exploration SAP,2021-09-21,10:55:19,00:00:24
stefano.crapanzano@chu.ulg.ac.be,Afficher utilisateur,Exploration SAP,2021-09-21,11:14:02,00:00:03
stefano.crapanzano@chu.ulg.ac.be,Afficher utilisateur,Exploration SAP,2021-09-21,11:15:02,00:00:49
stefano.crapanzano@chu.ulg.ac.be,Afficher utilisateur,Exploration SAP,2021-09-21,11:45:43,00:00:32
stefano.crapanzano@chu.ulg.ac.be,Afficher utilisateur,Exploration SAP,2021-09-21,11:46:38,00:00:17
stefano.crapanzano@chu.ulg.ac.be,Gérer utilisateur,Exploration SAP,2021-09-21,09:30:15,00:00:55
stefano.crapanzano@chu.ulg.ac.be,Gérer utilisateur,Exploration SAP,2021-09-21,10:16:12,00:00:10
stefano.crapanzano@chu.ulg.ac.be,Gérer utilisateur,Exploration SAP,2021-09-21,10:16:24,00:00:10
stefano.crapanzano@chu.ulg.ac.be,Gérer utilisateur,Exploration SAP,2021-09-21,10:16:41,00:00:16
stefano.crapanzano@chu.ulg.ac.be,Gérer utilisateur,Exploration SAP,2021-09-21,10:18:39,00:00:08
stefano.crapanzano@chu.ulg.ac.be,Gérer utilisateur,Exploration SAP,2021-09-21,10:44:23,00:00:21
stefano.crapanzano@chu.ulg.ac.be,Gérer utilisateur,Exploration SAP,2021-09-21,10:45:02,00:00:08
stefano.crapanzano@chu.ulg.ac.be,Gérer utilisateur,Exploration SAP,2021-09-21,10:52:06,00:00:08
stefano.crapanzano@chu.ulg.ac.be,Gérer utilisateur,Exploration SAP,2021-09-21,10:52:26,00:00:13
stefano.crapanzano@chu.ulg.ac.be,Gérer utilisateur,Helpdesk général,2021-09-21,10:53:14,00:00:02
stefano.crapanzano@chu.ulg.ac.be,Gérer utilisateur,Exploration SAP,2021-09-21,10:53:38,00:00:02
stefano.crapanzano@chu.ulg.ac.be,Gérer utilisateur,Exploration SAP,2021-09-21,10:54:24,00:00:06
stefano.crapanzano@chu.ulg.ac.be,Gérer utilisateur,Tâches diverses,2021-09-21,10:54:32,00:00:16
stefano.crapanzano@chu.ulg.ac.be,Gérer utilisateur,Exploration SAP,2021-09-21,11:15:52,00:00:11
stefano.crapanzano@chu.ulg.ac.be,Gérer utilisateur,Exploration SAP,2021-09-21,11:16:34,00:00:08
stefano.crapanzano@chu.ulg.ac.be,Gérer utilisateur,Exploration SAP,2021-09-21,11:44:32,00:00:31
stefano.crapanzano@chu.ulg.ac.be,Envoyés - stefano.crapanzano@chuliege.be - Mozilla Thunderbird,Helpdesk général,2021-09-21,09:32:53,00:00:05
stefano.crapanzano@chu.ulg.ac.be,Perte de données possible,Exploration SAP,2021-09-21,11:45:04,00:00:02
stefano.crapanzano@chu.ulg.ac.be,Afficher Demande d'achat 5200086083,Exploration SAP,2021-09-21,09:34:07,00:00:17
stefano.crapanzano@chu.ulg.ac.be,CHR/U - CHU - URL's PE2 + AE2 - OneNote,Tâches diverses,2021-09-21,10:06:05,00:00:09
stefano.crapanzano@chu.ulg.ac.be,CHR/U - CHU - URL's PE2 + AE2 - OneNote,Tâches diverses,2021-09-21,10:57:14,00:00:10
stefano.crapanzano@chu.ulg.ac.be,Envoyés - erp.sai@chuliege.be - Mozilla Thunderbird,Helpdesk général,2021-09-21,09:44:37,00:00:02
stefano.crapanzano@chu.ulg.ac.be,Envoyés - erp.sai@chuliege.be - Mozilla Thunderbird,Helpdesk général,2021-09-21,11:40:25,00:00:11
stefano.crapanzano@chu.ulg.ac.be,passage drugbox en 4 id par page sur l'acceptance - Service Desk - OmniPro Hospitals - Service d'assistance - Google Chrome,Tâches diverses,2021-09-21,09:44:49,00:00:06
stefano.crapanzano@chu.ulg.ac.be,Erreur à la création d'une fiche info-achats - Xperthis ERP4HC 2.0 Rollout - Service d'assistance - Google Chrome,Tâches diverses,2021-09-21,09:45:16,00:00:05
stefano.crapanzano@chu.ulg.ac.be,myCHU - Google Chrome,Tâches diverses,2021-09-21,11:03:00,00:00:13
stefano.crapanzano@chu.ulg.ac.be,CHU de Liège - Intranet - Google Chrome,Tâches diverses,2021-09-21,09:48:05,00:00:02
stefano.crapanzano@chu.ulg.ac.be,SAM-DB - Google Chrome,Tâches diverses,2021-09-21,09:48:09,00:00:02
stefano.crapanzano@chu.ulg.ac.be,Gestion des numéros statistiques des marchandises - Google Chrome,Tâches diverses,2021-09-21,09:50:11,00:00:02
stefano.crapanzano@chu.ulg.ac.be,Nouvel onglet - Google Chrome,Tâches diverses,2021-09-21,09:50:51,00:00:04
stefano.crapanzano@chu.ulg.ac.be,Nouvel onglet - Google Chrome,Tâches diverses,2021-09-21,10:02:54,00:00:02
stefano.crapanzano@chu.ulg.ac.be,Nouvel onglet - Google Chrome,Tâches diverses,2021-09-21,10:51:50,00:00:03
stefano.crapanzano@chu.ulg.ac.be,Nouvel onglet - Google Chrome,Tâches diverses,2021-09-21,10:59:54,00:00:05
stefano.crapanzano@chu.ulg.ac.be,Connectez-vous à votre compte - Google Chrome,Tâches diverses,2021-09-21,09:50:57,00:00:06
stefano.crapanzano@chu.ulg.ac.be,Study Groups - Home - Google Chrome,Tâches diverses,2021-09-21,09:51:04,00:00:06
stefano.crapanzano@chu.ulg.ac.be,Study Groups - Home - Google Chrome,Tâches diverses,2021-09-21,09:51:54,00:00:05
stefano.crapanzano@chu.ulg.ac.be,Study Groups - Home - Google Chrome,Tâches diverses,2021-09-21,09:52:05,00:00:07
stefano.crapanzano@chu.ulg.ac.be,Traduire cette page ?,Tâches diverses,2021-09-21,09:51:13,00:00:03
stefano.crapanzano@chu.ulg.ac.be,Study Groups - ERP4HC - Tous les documents - Google Chrome,Tâches diverses,2021-09-21,09:51:17,00:00:16
stefano.crapanzano@chu.ulg.ac.be,Study Groups - ERP4HC - Tous les documents - Google Chrome,Tâches diverses,2021-09-21,09:51:42,00:00:11
stefano.crapanzano@chu.ulg.ac.be,Study Groups - ERP4HC - Tous les documents - Google Chrome,Tâches diverses,2021-09-21,09:52:20,00:00:04
stefano.crapanzano@chu.ulg.ac.be,Study Groups - Tous les documents - Google Chrome,Tâches diverses,2021-09-21,09:51:37,00:00:05
stefano.crapanzano@chu.ulg.ac.be,Study Groups - Tous les documents - Google Chrome,Tâches diverses,2021-09-21,09:52:31,00:00:13
stefano.crapanzano@chu.ulg.ac.be,Study Groups - ERP4HC Announcements - Tous les éléments - Google Chrome,Tâches diverses,2021-09-21,09:51:59,00:00:06
stefano.crapanzano@chu.ulg.ac.be,Study Groups - Manuals FR - Tous les documents - Google Chrome,Tâches diverses,2021-09-21,09:52:16,00:00:03
stefano.crapanzano@chu.ulg.ac.be,Traduite,Tâches diverses,2021-09-21,09:52:24,00:00:06
stefano.crapanzano@chu.ulg.ac.be,Study Groups - Résultats de la recherche pour « intrastat » - Tous les documents - Google Chrome,Tâches diverses,2021-09-21,09:52:44,00:00:07
stefano.crapanzano@chu.ulg.ac.be,Study Groups - Résultats de la recherche pour « intrastat » - Tous les documents - Google Chrome,Tâches diverses,2021-09-21,09:53:03,00:00:07
stefano.crapanzano@chu.ulg.ac.be,Study Groups - Résultats de la recherche pour « intrastat » - Tous les documents - Google Chrome,Tâches diverses,2021-09-21,10:32:09,00:00:13
stefano.crapanzano@chu.ulg.ac.be,Study Groups - Service Catalogue 2020-11 (FR).pdf - Tous les documents - Google Chrome,Tâches diverses,2021-09-21,09:52:52,00:00:10
stefano.crapanzano@chu.ulg.ac.be,Study Groups - LOG_MM_PUR_USR_Intrastat_FR.pdf - Tous les documents - Google Chrome,Tâches diverses,2021-09-21,09:53:11,00:01:12
stefano.crapanzano@chu.ulg.ac.be,Study Groups - LOG_MM_PUR_USR_Intrastat_FR.pdf - Tous les documents - Google Chrome,Tâches diverses,2021-09-21,09:54:58,00:00:31
stefano.crapanzano@chu.ulg.ac.be,Study Groups - LOG_MM_PUR_USR_Intrastat_FR.pdf - Tous les documents - Google Chrome,Tâches diverses,2021-09-21,09:55:45,00:00:09
stefano.crapanzano@chu.ulg.ac.be,Study Groups - LOG_MM_PUR_USR_Intrastat_FR.pdf - Tous les documents - Google Chrome,Tâches diverses,2021-09-21,09:58:21,00:04:32
stefano.crapanzano@chu.ulg.ac.be,Study Groups - LOG_MM_PUR_USR_Intrastat_FR.pdf - Tous les documents - Google Chrome,Tâches diverses,2021-09-21,10:03:35,00:01:45
stefano.crapanzano@chu.ulg.ac.be,Study Groups - LOG_MM_PUR_USR_Intrastat_FR.pdf - Tous les documents - Google Chrome,Tâches diverses,2021-09-21,10:21:49,00:00:02
stefano.crapanzano@chu.ulg.ac.be,Study Groups - LOG_MM_PUR_USR_Intrastat_FR.pdf - Tous les documents - Google Chrome,Tâches diverses,2021-09-21,10:32:07,00:00:02
stefano.crapanzano@chu.ulg.ac.be,P203 CHU ARCO 20210919855084 KOFAX - Traitement des factures papiers ne fonctionne pas - Xperthis ERP4HC 1.0 - Service d'assistance - Google Chrome,Tâches diverses,2021-09-21,09:54:31,00:00:05
stefano.crapanzano@chu.ulg.ac.be,P203 CHU ARCO 20210919855084 KOFAX - Traitement des factures papiers ne fonctionne pas - Xperthis ERP4HC 1.0 - Service d'assistance - Google Chrome,Tâches diverses,2021-09-21,10:34:26,00:00:02
stefano.crapanzano@chu.ulg.ac.be,Lecture documentation,Tâches diverses,2021-09-21,10:27:57,00:02:49
stefano.crapanzano@chu.ulg.ac.be,Lecture documentation,Tâches diverses,2021-09-21,10:31:21,00:00:11
stefano.crapanzano@chu.ulg.ac.be,Lecture documentation,Tâches diverses,2021-09-21,10:31:40,00:00:22
stefano.crapanzano@chu.ulg.ac.be,Lecture documentation,Tâches diverses,2021-09-21,11:32:32,00:07:00
stefano.crapanzano@chu.ulg.ac.be,Rédaction : Re: congés de fin d'année - Thunderbird,Helpdesk général,2021-09-21,09:56:59,00:01:06
stefano.crapanzano@chu.ulg.ac.be,Rédaction : Re: congés de fin d'année - Thunderbird,Helpdesk général,2021-09-21,09:58:13,00:00:02
stefano.crapanzano@chu.ulg.ac.be,POST data - Google Chrome,Tâches diverses,2021-09-21,10:02:56,00:00:08
stefano.crapanzano@chu.ulg.ac.be,Intrastat - Google Chrome,Tâches diverses,2021-09-21,10:03:05,00:00:30
stefano.crapanzano@chu.ulg.ac.be,Intrastat - Google Chrome,Tâches diverses,2021-09-21,10:21:37,00:00:02
stefano.crapanzano@chu.ulg.ac.be,SSP CHU 203 - Rol goederenontvangst via Fiori - Xperthis ERP4HC 2.0 Rollout - Service d'assistance - Google Chrome,Tâches diverses,2021-09-21,10:19:40,00:00:26
stefano.crapanzano@chu.ulg.ac.be,Programmation,IT,2021-09-21,10:31:34,00:00:04
stefano.crapanzano@chu.ulg.ac.be,Programmation,IT,2021-09-21,11:12:36,00:00:02
stefano.crapanzano@chu.ulg.ac.be,Centre Hospitalier Universitaire de Liège - Client Documents - Google Chrome,Tâches diverses,2021-09-21,10:32:23,00:00:23
stefano.crapanzano@chu.ulg.ac.be,Centre Hospitalier Universitaire de Liège - Client Documents - Google Chrome,Tâches diverses,2021-09-21,10:33:02,00:00:25
stefano.crapanzano@chu.ulg.ac.be,Centre Hospitalier Universitaire de Liège - Client Documents - Google Chrome,Tâches diverses,2021-09-21,10:36:51,00:00:02
stefano.crapanzano@chu.ulg.ac.be,Centre Hospitalier Universitaire de Liège - Client Documents - Google Chrome,Tâches diverses,2021-09-21,10:39:28,00:00:06
stefano.crapanzano@chu.ulg.ac.be,Centre Hospitalier Universitaire de Liège - Client Documents - Google Chrome,Tâches diverses,2021-09-21,10:39:52,00:00:02
stefano.crapanzano@chu.ulg.ac.be,Centre Hospitalier Universitaire de Liège - Client Documents - Google Chrome,Tâches diverses,2021-09-21,11:45:24,00:00:06
stefano.crapanzano@chu.ulg.ac.be,Centre Hospitalier Universitaire de Liège - Client Documents - Google Chrome,Tâches diverses,2021-09-21,11:47:15,00:00:09
stefano.crapanzano@chu.ulg.ac.be,Centre Hospitalier Universitaire de Liège - Client Documents - Google Chrome,Tâches diverses,2021-09-21,11:47:31,00:00:07
stefano.crapanzano@chu.ulg.ac.be,Centre Hospitalier Universitaire de Liège - Client Documents - Google Chrome,Tâches diverses,2021-09-21,11:47:40,00:00:05
stefano.crapanzano@chu.ulg.ac.be,Activité du site - Google Chrome,Tâches diverses,2021-09-21,10:32:46,00:00:16
stefano.crapanzano@chu.ulg.ac.be,PowerPoint Presentation - Google Chrome,Tâches diverses,2021-09-21,10:33:31,00:00:42
stefano.crapanzano@chu.ulg.ac.be,PowerPoint Presentation - Google Chrome,Tâches diverses,2021-09-21,10:34:49,00:00:06
stefano.crapanzano@chu.ulg.ac.be,PowerPoint Presentation - Google Chrome,Tâches diverses,2021-09-21,10:35:45,00:00:02
stefano.crapanzano@chu.ulg.ac.be,PowerPoint Presentation - Google Chrome,Tâches diverses,2021-09-21,10:35:55,00:00:56
stefano.crapanzano@chu.ulg.ac.be,PowerPoint Presentation - Google Chrome,Tâches diverses,2021-09-21,10:36:54,00:00:35
stefano.crapanzano@chu.ulg.ac.be,PowerPoint Presentation - Google Chrome,Tâches diverses,2021-09-21,10:37:43,00:00:50
stefano.crapanzano@chu.ulg.ac.be,PowerPoint Presentation - Google Chrome,Tâches diverses,2021-09-21,10:38:58,00:00:30
stefano.crapanzano@chu.ulg.ac.be,SAP Logon 760,Exploration SAP,2021-09-21,10:34:15,00:00:02
stefano.crapanzano@chu.ulg.ac.be,Recherche dans arborescence des menus,Exploration SAP,2021-09-21,10:35:08,00:00:13
stefano.crapanzano@chu.ulg.ac.be,Recherche dans arborescence des menus,Tâches diverses,2021-09-21,10:35:48,00:00:04
stefano.crapanzano@chu.ulg.ac.be,Standaardinstellingen - Google Chrome,Tâches diverses,2021-09-21,10:39:38,00:00:14
stefano.crapanzano@chu.ulg.ac.be,Standaardinstellingen - Google Chrome,Tâches diverses,2021-09-21,10:39:55,00:00:22
stefano.crapanzano@chu.ulg.ac.be,Standaardinstellingen - Google Chrome,Tâches diverses,2021-09-21,11:42:33,00:01:57
stefano.crapanzano@chu.ulg.ac.be,Standaardinstellingen - Google Chrome,Tâches diverses,2021-09-21,11:45:12,00:00:11
stefano.crapanzano@chu.ulg.ac.be,Standaardinstellingen - Google Chrome,Tâches diverses,2021-09-21,11:45:31,00:00:06
stefano.crapanzano@chu.ulg.ac.be,Standaardinstellingen - Google Chrome,Tâches diverses,2021-09-21,11:46:15,00:00:22
stefano.crapanzano@chu.ulg.ac.be,Standaardinstellingen - Google Chrome,Tâches diverses,2021-09-21,11:46:55,00:00:19
stefano.crapanzano@chu.ulg.ac.be,Standaardinstellingen - Google Chrome,Tâches diverses,2021-09-21,11:47:25,00:00:06
stefano.crapanzano@chu.ulg.ac.be,Standaardinstellingen - Google Chrome,Tâches diverses,2021-09-21,11:47:46,00:01:58
stefano.crapanzano@chu.ulg.ac.be,Standaardinstellingen - Google Chrome,Tâches diverses,2021-09-21,11:50:25,00:01:28
stefano.crapanzano@chu.ulg.ac.be,Standaardinstellingen - Google Chrome,Tâches diverses,2021-09-21,11:52:05,00:00:05
stefano.crapanzano@chu.ulg.ac.be,Standaardinstellingen - Google Chrome,Tâches diverses,2021-09-21,11:52:47,00:03:37
stefano.crapanzano@chu.ulg.ac.be,Standaardinstellingen - Google Chrome,Tâches diverses,2021-09-21,11:56:38,00:00:29
stefano.crapanzano@chu.ulg.ac.be,Standaardinstellingen - Google Chrome,Tâches diverses,2021-09-21,11:57:58,00:00:05
stefano.crapanzano@chu.ulg.ac.be,Tests interface SSP de ERP4HC 2.0 dans l'environnement X01 (réunion 1),Helpdesk général,2021-09-21,10:40:23,00:00:02
stefano.crapanzano@chu.ulg.ac.be,Nom de l'utilisateur ds fiche utilisateur (2),Exploration SAP,2021-09-21,10:52:15,00:00:05
stefano.crapanzano@chu.ulg.ac.be,SAP,Exploration SAP,2021-09-21,10:54:00,00:00:09
stefano.crapanzano@chu.ulg.ac.be,SAP,Exploration SAP,2021-09-21,11:16:16,00:00:08
stefano.crapanzano@chu.ulg.ac.be,Nom de l'utilisateur ds fiche utilisateur (1),Exploration SAP,2021-09-21,10:54:17,00:00:04
stefano.crapanzano@chu.ulg.ac.be,erreurs chargement pharma - Mozilla Thunderbird,Helpdesk général,2021-09-21,10:58:40,00:00:06
stefano.crapanzano@chu.ulg.ac.be,erreurs chargement pharma - Mozilla Thunderbird,Helpdesk général,2021-09-21,10:58:53,00:00:05
stefano.crapanzano@chu.ulg.ac.be,erreurs chargement pharma - Mozilla Thunderbird,Helpdesk général,2021-09-21,10:59:03,00:00:04
stefano.crapanzano@chu.ulg.ac.be,erreurs chargement pharma - Mozilla Thunderbird,Helpdesk général,2021-09-21,10:59:09,00:00:05
stefano.crapanzano@chu.ulg.ac.be,erreurs chargement pharma - Mozilla Thunderbird,Helpdesk général,2021-09-21,10:59:35,00:00:09
stefano.crapanzano@chu.ulg.ac.be,erreurs chargement pharma - Mozilla Thunderbird,Helpdesk général,2021-09-21,11:00:14,00:00:03
stefano.crapanzano@chu.ulg.ac.be,Enregistrer l’image,Helpdesk général,2021-09-21,10:58:47,00:00:06
stefano.crapanzano@chu.ulg.ac.be,Enregistrer l’image,Helpdesk général,2021-09-21,10:59:07,00:00:02
stefano.crapanzano@chu.ulg.ac.be,Enregistrer l’image,Helpdesk général,2021-09-21,10:59:15,00:00:05
stefano.crapanzano@chu.ulg.ac.be,OCR gratuit en ligne - convertir PDF en Word ou Image en texte - Google Chrome,Tâches diverses,2021-09-21,11:00:04,00:00:02
stefano.crapanzano@chu.ulg.ac.be,Gratuit en Ligne OCR - convertir PDF numérisé et images dans Word  JPEG vers Word - Google Chrome,Tâches diverses,2021-09-21,11:00:07,00:00:03
stefano.crapanzano@chu.ulg.ac.be,Gratuit en Ligne OCR - convertir PDF numérisé et images dans Word  JPEG vers Word - Google Chrome,Tâches diverses,2021-09-21,11:00:44,00:00:10
stefano.crapanzano@chu.ulg.ac.be,Gratuit en Ligne OCR - convertir PDF numérisé et images dans Word  JPEG vers Word - Google Chrome,Tâches diverses,2021-09-21,11:05:05,00:00:09
stefano.crapanzano@chu.ulg.ac.be,*nouveau 1 - Notepad++ [Administrator],IT,2021-09-21,11:00:54,00:00:52
stefano.crapanzano@chu.ulg.ac.be,*nouveau 1 - Notepad++ [Administrator],IT,2021-09-21,11:02:05,00:00:08
stefano.crapanzano@chu.ulg.ac.be,*nouveau 1 - Notepad++ [Administrator],IT,2021-09-21,11:05:15,00:00:32
stefano.crapanzano@chu.ulg.ac.be,*nouveau 1 - Notepad++ [Administrator],IT,2021-09-21,11:05:54,00:01:36
stefano.crapanzano@chu.ulg.ac.be,Stefano CRAPANZANO - erp.sai@chuliege.be - Mozilla Thunderbird,Helpdesk général,2021-09-21,11:07:50,00:00:08
stefano.crapanzano@chu.ulg.ac.be,Stefano CRAPANZANO - erp.sai@chuliege.be - Mozilla Thunderbird,Helpdesk général,2021-09-21,11:13:11,00:00:05
stefano.crapanzano@chu.ulg.ac.be,Stefano CRAPANZANO - erp.sai@chuliege.be - Mozilla Thunderbird,Helpdesk général,2021-09-21,11:13:45,00:00:05
stefano.crapanzano@chu.ulg.ac.be,Gestionnaire de Sites,Helpdesk général,2021-09-21,11:09:42,00:00:02
stefano.crapanzano@chu.ulg.ac.be,PE2_203 - sftp://PE2U2FTP@153.89.110.38 - FileZilla,Helpdesk général,2021-09-21,11:09:45,00:00:32
stefano.crapanzano@chu.ulg.ac.be,PE2_203 - sftp://PE2U2FTP@153.89.110.38 - FileZilla,Helpdesk général,2021-09-21,11:13:02,00:00:09
stefano.crapanzano@chu.ulg.ac.be,PE2_203 - sftp://PE2U2FTP@153.89.110.38 - FileZilla,Helpdesk général,2021-09-21,11:13:42,00:00:02
stefano.crapanzano@chu.ulg.ac.be,Rédaction : Re: erreurs chargement pharma - Thunderbird,Helpdesk général,2021-09-21,11:13:17,00:00:21
stefano.crapanzano@chu.ulg.ac.be,Impossible utiliser l'application SAP standard  paramètres par défaut pour l'acquisition d'utilisateurs  - Xperthis ERP4HC 2.0 Rollout - Service d'assistance - Google Chrome,Tâches diverses,2021-09-21,11:41:50,00:00:38
stefano.crapanzano@chu.ulg.ac.be,Impossible utiliser l'application SAP standard  paramètres par défaut pour l'acquisition d'utilisateurs  - Xperthis ERP4HC 2.0 Rollout - Service d'assistance - Google Chrome,Tâches diverses,2021-09-21,11:52:20,00:00:26
stefano.crapanzano@chu.ulg.ac.be,Impossible utiliser l'application SAP standard  paramètres par défaut pour l'acquisition d'utilisateurs  - Xperthis ERP4HC 2.0 Rollout - Service d'assistance - Google Chrome,Tâches diverses,2021-09-21,11:57:54,00:00:03
stefano.crapanzano@chu.ulg.ac.be,Impossible utiliser l'application SAP standard  paramètres par défaut pour l'acquisition d'utilisateurs  - Xperthis ERP4HC 2.0 Rollout - Service d'assistance - Google Chrome,Tâches diverses,2021-09-21,11:58:37,00:00:02
