Email,Description,Project,Start date,Start time,Duration
stefano.crapanzano@chu.ulg.ac.be,Administrateur : Perl (command line) - python  main.py,IT,2021-09-03,08:54:31,00:00:02
stefano.crapanzano@chu.ulg.ac.be,Active Directory Users and Computers,IT,2021-09-03,08:54:36,00:00:02
stefano.crapanzano@chu.ulg.ac.be,Programmation,IT,2021-09-03,08:54:40,00:00:03
stefano.crapanzano@chu.ulg.ac.be,Programmation,IT,2021-09-03,09:14:50,00:02:34
stefano.crapanzano@chu.ulg.ac.be,Programmation,IT,2021-09-03,09:18:13,00:04:07
stefano.crapanzano@chu.ulg.ac.be,Programmation,IT,2021-09-03,09:40:19,00:00:14
stefano.crapanzano@chu.ulg.ac.be,Navigation système de fichier,IT,2021-09-03,08:54:44,00:00:06
stefano.crapanzano@chu.ulg.ac.be,Navigation système de fichier,IT,2021-09-03,08:54:52,00:00:43
stefano.crapanzano@chu.ulg.ac.be,Navigation système de fichier,IT,2021-09-03,08:55:45,00:00:06
stefano.crapanzano@chu.ulg.ac.be,Navigation système de fichier,IT,2021-09-03,08:55:55,00:00:20
stefano.crapanzano@chu.ulg.ac.be,Navigation système de fichier,IT,2021-09-03,08:57:06,00:00:03
stefano.crapanzano@chu.ulg.ac.be,Navigation système de fichier,IT,2021-09-03,08:57:13,00:00:02
stefano.crapanzano@chu.ulg.ac.be,Navigation système de fichier,IT,2021-09-03,08:59:55,00:00:06
stefano.crapanzano@chu.ulg.ac.be,Navigation système de fichier,IT,2021-09-03,09:17:25,00:00:48
stefano.crapanzano@chu.ulg.ac.be,Navigation système de fichier,IT,2021-09-03,09:40:17,00:00:02
stefano.crapanzano@chu.ulg.ac.be,Navigation système de fichier,IT,2021-09-03,09:46:19,00:00:02
stefano.crapanzano@chu.ulg.ac.be,Navigation système de fichier,IT,2021-09-03,10:03:30,00:00:09
stefano.crapanzano@chu.ulg.ac.be,Navigation système de fichier,IT,2021-09-03,10:20:28,00:00:11
stefano.crapanzano@chu.ulg.ac.be,Navigation système de fichier,IT,2021-09-03,10:20:59,00:00:09
stefano.crapanzano@chu.ulg.ac.be,Navigation système de fichier,IT,2021-09-03,10:21:11,00:00:02
stefano.crapanzano@chu.ulg.ac.be,Navigation système de fichier,IT,2021-09-03,10:21:24,00:00:04
stefano.crapanzano@chu.ulg.ac.be,Navigation système de fichier,IT,2021-09-03,10:22:36,00:00:07
stefano.crapanzano@chu.ulg.ac.be,Navigation système de fichier,IT,2021-09-03,10:23:11,00:00:02
stefano.crapanzano@chu.ulg.ac.be,Navigation système de fichier,IT,2021-09-03,10:24:29,00:00:07
stefano.crapanzano@chu.ulg.ac.be,Navigation système de fichier,IT,2021-09-03,10:25:19,00:00:04
stefano.crapanzano@chu.ulg.ac.be,Navigation système de fichier,IT,2021-09-03,10:25:32,00:00:02
stefano.crapanzano@chu.ulg.ac.be,Navigation système de fichier,IT,2021-09-03,10:25:56,00:00:02
stefano.crapanzano@chu.ulg.ac.be,Navigation système de fichier,IT,2021-09-03,10:27:08,00:00:04
stefano.crapanzano@chu.ulg.ac.be,Navigation système de fichier,IT,2021-09-03,10:29:21,00:00:02
stefano.crapanzano@chu.ulg.ac.be,Navigation système de fichier,IT,2021-09-03,10:34:09,00:00:02
stefano.crapanzano@chu.ulg.ac.be,Navigation système de fichier,IT,2021-09-03,10:40:23,00:00:04
stefano.crapanzano@chu.ulg.ac.be,Navigation système de fichier,IT,2021-09-03,10:40:46,00:00:08
stefano.crapanzano@chu.ulg.ac.be,Navigation système de fichier,IT,2021-09-03,11:09:30,00:00:03
stefano.crapanzano@chu.ulg.ac.be,Navigation système de fichier,IT,2021-09-03,11:16:27,00:00:03
stefano.crapanzano@chu.ulg.ac.be,Navigation système de fichier,IT,2021-09-03,11:16:57,00:00:04
stefano.crapanzano@chu.ulg.ac.be,Navigation système de fichier,IT,2021-09-03,11:17:03,00:00:03
stefano.crapanzano@chu.ulg.ac.be,Navigation système de fichier,IT,2021-09-03,11:18:23,00:00:03
stefano.crapanzano@chu.ulg.ac.be,Navigation système de fichier,IT,2021-09-03,11:26:26,00:00:02
stefano.crapanzano@chu.ulg.ac.be,Navigation système de fichier,IT,2021-09-03,11:27:43,00:00:02
stefano.crapanzano@chu.ulg.ac.be,Navigation système de fichier,IT,2021-09-03,11:28:23,00:00:05
stefano.crapanzano@chu.ulg.ac.be,Navigation système de fichier,IT,2021-09-03,11:28:30,00:00:02
stefano.crapanzano@chu.ulg.ac.be,Navigation système de fichier,IT,2021-09-03,11:28:33,00:00:14
stefano.crapanzano@chu.ulg.ac.be,Navigation système de fichier,IT,2021-09-03,11:39:52,00:00:02
stefano.crapanzano@chu.ulg.ac.be,Navigation système de fichier,IT,2021-09-03,12:07:07,00:00:02
stefano.crapanzano@chu.ulg.ac.be,Navigation système de fichier,IT,2021-09-03,12:16:54,00:00:02
stefano.crapanzano@chu.ulg.ac.be,Navigation système de fichier,IT,2021-09-03,13:46:36,00:00:02
stefano.crapanzano@chu.ulg.ac.be,Navigation système de fichier,IT,2021-09-03,14:17:21,00:00:02
stefano.crapanzano@chu.ulg.ac.be,Navigation système de fichier,IT,2021-09-03,14:19:08,00:00:02
stefano.crapanzano@chu.ulg.ac.be,Navigation système de fichier,IT,2021-09-03,14:23:53,00:00:02
stefano.crapanzano@chu.ulg.ac.be,Navigation système de fichier,IT,2021-09-03,14:25:28,00:01:32
stefano.crapanzano@chu.ulg.ac.be,Navigation système de fichier,IT,2021-09-03,14:28:38,00:00:13
stefano.crapanzano@chu.ulg.ac.be,Navigation système de fichier,IT,2021-09-03,14:36:36,00:00:03
stefano.crapanzano@chu.ulg.ac.be,Navigation système de fichier,IT,2021-09-03,14:37:00,00:00:04
stefano.crapanzano@chu.ulg.ac.be,Navigation système de fichier,IT,2021-09-03,14:38:03,00:00:03
stefano.crapanzano@chu.ulg.ac.be,Navigation système de fichier,IT,2021-09-03,14:46:18,00:00:04
stefano.crapanzano@chu.ulg.ac.be,Navigation système de fichier,IT,2021-09-03,14:47:01,00:00:02
stefano.crapanzano@chu.ulg.ac.be,Navigation système de fichier,IT,2021-09-03,14:49:41,00:00:02
stefano.crapanzano@chu.ulg.ac.be,Navigation système de fichier,IT,2021-09-03,14:54:02,00:00:02
stefano.crapanzano@chu.ulg.ac.be,Navigation système de fichier,IT,2021-09-03,15:00:36,00:00:02
stefano.crapanzano@chu.ulg.ac.be,Navigation système de fichier,IT,2021-09-03,15:05:22,00:00:02
stefano.crapanzano@chu.ulg.ac.be,Navigation système de fichier,IT,2021-09-03,15:05:28,00:00:02
stefano.crapanzano@chu.ulg.ac.be,PE2_203 - sftp://PE2U2FTP@153.89.110.38 - FileZilla,Helpdesk général,2021-09-03,08:55:35,00:00:09
stefano.crapanzano@chu.ulg.ac.be,PE2_203 - sftp://PE2U2FTP@153.89.110.38 - FileZilla,Helpdesk général,2021-09-03,08:55:52,00:00:03
stefano.crapanzano@chu.ulg.ac.be,PE2_203 - sftp://PE2U2FTP@153.89.110.38 - FileZilla,Helpdesk général,2021-09-03,08:56:15,00:00:06
stefano.crapanzano@chu.ulg.ac.be,PE2_203 - sftp://PE2U2FTP@153.89.110.38 - FileZilla,Helpdesk général,2021-09-03,10:02:02,00:00:41
stefano.crapanzano@chu.ulg.ac.be,PE2_203 - sftp://PE2U2FTP@153.89.110.38 - FileZilla,Helpdesk général,2021-09-03,10:03:42,00:00:29
stefano.crapanzano@chu.ulg.ac.be,PE2_203 - sftp://PE2U2FTP@153.89.110.38 - FileZilla,Helpdesk général,2021-09-03,10:04:25,00:00:08
stefano.crapanzano@chu.ulg.ac.be,PE2_203 - sftp://PE2U2FTP@153.89.110.38 - FileZilla,Helpdesk général,2021-09-03,10:04:42,00:01:21
stefano.crapanzano@chu.ulg.ac.be,PE2_203 - sftp://PE2U2FTP@153.89.110.38 - FileZilla,Helpdesk général,2021-09-03,10:27:12,00:00:04
stefano.crapanzano@chu.ulg.ac.be,PE2_203 - sftp://PE2U2FTP@153.89.110.38 - FileZilla,Helpdesk général,2021-09-03,10:27:55,00:00:02
stefano.crapanzano@chu.ulg.ac.be,PE2_203 - sftp://PE2U2FTP@153.89.110.38 - FileZilla,Helpdesk général,2021-09-03,10:28:06,00:00:06
stefano.crapanzano@chu.ulg.ac.be,PE2_203 - sftp://PE2U2FTP@153.89.110.38 - FileZilla,Helpdesk général,2021-09-03,10:28:37,00:00:08
stefano.crapanzano@chu.ulg.ac.be,PE2_203 - sftp://PE2U2FTP@153.89.110.38 - FileZilla,Helpdesk général,2021-09-03,10:29:31,00:00:07
stefano.crapanzano@chu.ulg.ac.be,PE2_203 - sftp://PE2U2FTP@153.89.110.38 - FileZilla,Helpdesk général,2021-09-03,10:31:10,00:00:34
stefano.crapanzano@chu.ulg.ac.be,PE2_203 - sftp://PE2U2FTP@153.89.110.38 - FileZilla,Helpdesk général,2021-09-03,10:32:09,00:00:19
stefano.crapanzano@chu.ulg.ac.be,PE2_203 - sftp://PE2U2FTP@153.89.110.38 - FileZilla,Helpdesk général,2021-09-03,10:32:52,00:00:02
stefano.crapanzano@chu.ulg.ac.be,PE2_203 - sftp://PE2U2FTP@153.89.110.38 - FileZilla,Helpdesk général,2021-09-03,10:36:04,00:00:09
stefano.crapanzano@chu.ulg.ac.be,PE2_203 - sftp://PE2U2FTP@153.89.110.38 - FileZilla,Helpdesk général,2021-09-03,13:45:01,00:00:04
stefano.crapanzano@chu.ulg.ac.be,PE2_203 - sftp://PE2U2FTP@153.89.110.38 - FileZilla,Helpdesk général,2021-09-03,14:53:12,00:00:21
stefano.crapanzano@chu.ulg.ac.be,PE2_203 - sftp://PE2U2FTP@153.89.110.38 - FileZilla,Helpdesk général,2021-09-03,14:53:35,00:00:09
stefano.crapanzano@chu.ulg.ac.be,PE2_203 - sftp://PE2U2FTP@153.89.110.38 - FileZilla,Helpdesk général,2021-09-03,14:58:29,00:00:16
stefano.crapanzano@chu.ulg.ac.be,Courrier entrant - erp.sai@chuliege.be - Mozilla Thunderbird,Helpdesk général,2021-09-03,08:56:21,00:00:07
stefano.crapanzano@chu.ulg.ac.be,Courrier entrant - erp.sai@chuliege.be - Mozilla Thunderbird,Helpdesk général,2021-09-03,08:56:47,00:00:19
stefano.crapanzano@chu.ulg.ac.be,Courrier entrant - erp.sai@chuliege.be - Mozilla Thunderbird,Helpdesk général,2021-09-03,08:59:00,00:00:10
stefano.crapanzano@chu.ulg.ac.be,Courrier entrant - erp.sai@chuliege.be - Mozilla Thunderbird,Helpdesk général,2021-09-03,08:59:16,00:00:29
stefano.crapanzano@chu.ulg.ac.be,Courrier entrant - erp.sai@chuliege.be - Mozilla Thunderbird,Helpdesk général,2021-09-03,09:04:57,00:00:13
stefano.crapanzano@chu.ulg.ac.be,Courrier entrant - erp.sai@chuliege.be - Mozilla Thunderbird,Helpdesk général,2021-09-03,09:05:15,00:09:25
stefano.crapanzano@chu.ulg.ac.be,Courrier entrant - erp.sai@chuliege.be - Mozilla Thunderbird,Helpdesk général,2021-09-03,09:14:43,00:00:02
stefano.crapanzano@chu.ulg.ac.be,Courrier entrant - erp.sai@chuliege.be - Mozilla Thunderbird,Helpdesk général,2021-09-03,09:22:21,00:17:56
stefano.crapanzano@chu.ulg.ac.be,Courrier entrant - erp.sai@chuliege.be - Mozilla Thunderbird,Helpdesk général,2021-09-03,09:42:10,00:00:53
stefano.crapanzano@chu.ulg.ac.be,Courrier entrant - erp.sai@chuliege.be - Mozilla Thunderbird,Helpdesk général,2021-09-03,09:45:17,00:00:13
stefano.crapanzano@chu.ulg.ac.be,Courrier entrant - erp.sai@chuliege.be - Mozilla Thunderbird,Helpdesk général,2021-09-03,09:46:22,00:01:52
stefano.crapanzano@chu.ulg.ac.be,Courrier entrant - erp.sai@chuliege.be - Mozilla Thunderbird,Helpdesk général,2021-09-03,09:48:33,00:00:08
stefano.crapanzano@chu.ulg.ac.be,Courrier entrant - erp.sai@chuliege.be - Mozilla Thunderbird,Helpdesk général,2021-09-03,09:53:11,00:00:03
stefano.crapanzano@chu.ulg.ac.be,Courrier entrant - erp.sai@chuliege.be - Mozilla Thunderbird,Helpdesk général,2021-09-03,09:54:30,00:00:04
stefano.crapanzano@chu.ulg.ac.be,Courrier entrant - erp.sai@chuliege.be - Mozilla Thunderbird,Helpdesk général,2021-09-03,10:18:29,00:00:14
stefano.crapanzano@chu.ulg.ac.be,Courrier entrant - erp.sai@chuliege.be - Mozilla Thunderbird,Helpdesk général,2021-09-03,10:19:21,00:00:14
stefano.crapanzano@chu.ulg.ac.be,Courrier entrant - erp.sai@chuliege.be - Mozilla Thunderbird,Helpdesk général,2021-09-03,10:24:41,00:00:37
stefano.crapanzano@chu.ulg.ac.be,Courrier entrant - erp.sai@chuliege.be - Mozilla Thunderbird,Helpdesk général,2021-09-03,10:25:23,00:00:05
stefano.crapanzano@chu.ulg.ac.be,Courrier entrant - erp.sai@chuliege.be - Mozilla Thunderbird,Helpdesk général,2021-09-03,10:25:35,00:00:02
stefano.crapanzano@chu.ulg.ac.be,Courrier entrant - erp.sai@chuliege.be - Mozilla Thunderbird,Helpdesk général,2021-09-03,10:36:13,00:00:51
stefano.crapanzano@chu.ulg.ac.be,Courrier entrant - erp.sai@chuliege.be - Mozilla Thunderbird,Helpdesk général,2021-09-03,10:42:47,00:26:24
stefano.crapanzano@chu.ulg.ac.be,Courrier entrant - erp.sai@chuliege.be - Mozilla Thunderbird,Helpdesk général,2021-09-03,11:09:33,00:00:03
stefano.crapanzano@chu.ulg.ac.be,Courrier entrant - erp.sai@chuliege.be - Mozilla Thunderbird,Helpdesk général,2021-09-03,11:11:44,00:00:06
stefano.crapanzano@chu.ulg.ac.be,Courrier entrant - erp.sai@chuliege.be - Mozilla Thunderbird,Helpdesk général,2021-09-03,11:12:48,00:00:03
stefano.crapanzano@chu.ulg.ac.be,Courrier entrant - erp.sai@chuliege.be - Mozilla Thunderbird,Helpdesk général,2021-09-03,11:13:13,00:00:15
stefano.crapanzano@chu.ulg.ac.be,Courrier entrant - erp.sai@chuliege.be - Mozilla Thunderbird,Helpdesk général,2021-09-03,11:21:25,00:00:04
stefano.crapanzano@chu.ulg.ac.be,Courrier entrant - erp.sai@chuliege.be - Mozilla Thunderbird,Helpdesk général,2021-09-03,11:38:55,00:00:45
stefano.crapanzano@chu.ulg.ac.be,Courrier entrant - erp.sai@chuliege.be - Mozilla Thunderbird,Helpdesk général,2021-09-03,11:39:54,00:27:10
stefano.crapanzano@chu.ulg.ac.be,Courrier entrant - erp.sai@chuliege.be - Mozilla Thunderbird,Helpdesk général,2021-09-03,12:07:09,00:00:02
stefano.crapanzano@chu.ulg.ac.be,Courrier entrant - erp.sai@chuliege.be - Mozilla Thunderbird,Helpdesk général,2021-09-03,12:08:02,00:00:03
stefano.crapanzano@chu.ulg.ac.be,Courrier entrant - erp.sai@chuliege.be - Mozilla Thunderbird,Helpdesk général,2021-09-03,12:16:56,00:00:02
stefano.crapanzano@chu.ulg.ac.be,Courrier entrant - erp.sai@chuliege.be - Mozilla Thunderbird,Helpdesk général,2021-09-03,12:17:00,00:51:40
stefano.crapanzano@chu.ulg.ac.be,Courrier entrant - erp.sai@chuliege.be - Mozilla Thunderbird,Helpdesk général,2021-09-03,13:08:42,00:36:19
stefano.crapanzano@chu.ulg.ac.be,Courrier entrant - erp.sai@chuliege.be - Mozilla Thunderbird,Helpdesk général,2021-09-03,13:45:21,00:00:07
stefano.crapanzano@chu.ulg.ac.be,Courrier entrant - erp.sai@chuliege.be - Mozilla Thunderbird,Helpdesk général,2021-09-03,13:46:01,00:00:02
stefano.crapanzano@chu.ulg.ac.be,Courrier entrant - erp.sai@chuliege.be - Mozilla Thunderbird,Helpdesk général,2021-09-03,13:52:28,00:00:22
stefano.crapanzano@chu.ulg.ac.be,Courrier entrant - erp.sai@chuliege.be - Mozilla Thunderbird,Helpdesk général,2021-09-03,13:56:27,00:02:09
stefano.crapanzano@chu.ulg.ac.be,Courrier entrant - erp.sai@chuliege.be - Mozilla Thunderbird,Helpdesk général,2021-09-03,13:59:56,00:00:14
stefano.crapanzano@chu.ulg.ac.be,Courrier entrant - erp.sai@chuliege.be - Mozilla Thunderbird,Helpdesk général,2021-09-03,14:02:38,00:00:09
stefano.crapanzano@chu.ulg.ac.be,Courrier entrant - erp.sai@chuliege.be - Mozilla Thunderbird,Helpdesk général,2021-09-03,14:02:51,00:12:17
stefano.crapanzano@chu.ulg.ac.be,Courrier entrant - erp.sai@chuliege.be - Mozilla Thunderbird,Helpdesk général,2021-09-03,14:17:23,00:01:44
stefano.crapanzano@chu.ulg.ac.be,Courrier entrant - erp.sai@chuliege.be - Mozilla Thunderbird,Helpdesk général,2021-09-03,14:19:56,00:00:02
stefano.crapanzano@chu.ulg.ac.be,Courrier entrant - erp.sai@chuliege.be - Mozilla Thunderbird,Helpdesk général,2021-09-03,15:05:40,00:00:10
stefano.crapanzano@chu.ulg.ac.be,Courrier entrant - erp.sai@chuliege.be - Mozilla Thunderbird,Helpdesk général,2021-09-03,15:10:28,00:04:09
stefano.crapanzano@chu.ulg.ac.be,Courrier entrant - erp.sai@chuliege.be - Mozilla Thunderbird,Helpdesk général,2021-09-03,15:16:14,00:00:09
stefano.crapanzano@chu.ulg.ac.be,Courrier entrant - erp.sai@chuliege.be - Mozilla Thunderbird,Helpdesk général,2021-09-03,15:16:49,02:05:14
stefano.crapanzano@chu.ulg.ac.be,Rédaction : Re: erreur chargement - Thunderbird,Helpdesk général,2021-09-03,08:56:29,00:00:16
stefano.crapanzano@chu.ulg.ac.be,Vérification de l’orthographe,Helpdesk général,2021-09-03,10:19:19,00:00:02
stefano.crapanzano@chu.ulg.ac.be,Vérification de l’orthographe,Helpdesk général,2021-09-03,13:55:10,00:00:07
stefano.crapanzano@chu.ulg.ac.be,Vérification de l’orthographe,Helpdesk général,2021-09-03,15:05:12,00:00:03
stefano.crapanzano@chu.ulg.ac.be,Vérification de l’orthographe,Helpdesk général,2021-09-03,15:16:09,00:00:02
stefano.crapanzano@chu.ulg.ac.be,Greenshot Éditeur d'Image,Helpdesk général,2021-09-03,08:57:10,00:00:03
stefano.crapanzano@chu.ulg.ac.be,Greenshot Éditeur d'Image,Helpdesk général,2021-09-03,11:14:51,00:00:09
stefano.crapanzano@chu.ulg.ac.be,Lecture documentation,Tâches diverses,2021-09-03,08:57:16,00:01:44
stefano.crapanzano@chu.ulg.ac.be,Lecture documentation,Tâches diverses,2021-09-03,09:00:08,00:00:03
stefano.crapanzano@chu.ulg.ac.be,Lecture documentation,Tâches diverses,2021-09-03,09:01:16,00:03:29
stefano.crapanzano@chu.ulg.ac.be,Lecture documentation,Tâches diverses,2021-09-03,12:08:15,00:08:39
stefano.crapanzano@chu.ulg.ac.be,Création d'un Idoc en erreur suite à l'exécution du job C203_ZMMOPLBARCODE1_ZHUL dans X01: aucune réservation créée - Xperthis ERP4HC 2.0 Rollout - Service d'assistance - Google Chrome,Tâches diverses,2021-09-03,08:59:12,00:00:02
stefano.crapanzano@chu.ulg.ac.be,Création d'un Idoc en erreur suite à l'exécution du job C203_ZMMOPLBARCODE1_ZHUL dans X01: aucune réservation créée - Xperthis ERP4HC 2.0 Rollout - Service d'assistance - Google Chrome,Tâches diverses,2021-09-03,08:59:50,00:00:04
stefano.crapanzano@chu.ulg.ac.be,Création d'un Idoc en erreur suite à l'exécution du job C203_ZMMOPLBARCODE1_ZHUL dans X01: aucune réservation créée - Xperthis ERP4HC 2.0 Rollout - Service d'assistance - Google Chrome,Tâches diverses,2021-09-03,09:14:46,00:00:04
stefano.crapanzano@chu.ulg.ac.be,Création d'un Idoc en erreur suite à l'exécution du job C203_ZMMOPLBARCODE1_ZHUL dans X01: aucune réservation créée - Xperthis ERP4HC 2.0 Rollout - Service d'assistance - Google Chrome,Tâches diverses,2021-09-03,10:25:48,00:00:02
stefano.crapanzano@chu.ulg.ac.be,Création d'un Idoc en erreur suite à l'exécution du job C203_ZMMOPLBARCODE1_ZHUL dans X01: aucune réservation créée - Xperthis ERP4HC 2.0 Rollout - Service d'assistance - Google Chrome,Tâches diverses,2021-09-03,11:39:45,00:00:02
stefano.crapanzano@chu.ulg.ac.be,Création d'un Idoc en erreur suite à l'exécution du job C203_ZMMOPLBARCODE1_ZHUL dans X01: aucune réservation créée - Xperthis ERP4HC 2.0 Rollout - Service d'assistance - Google Chrome,Tâches diverses,2021-09-03,11:39:50,00:00:02
stefano.crapanzano@chu.ulg.ac.be,Création d'un Idoc en erreur suite à l'exécution du job C203_ZMMOPLBARCODE1_ZHUL dans X01: aucune réservation créée - Xperthis ERP4HC 2.0 Rollout - Service d'assistance - Google Chrome,Tâches diverses,2021-09-03,12:07:05,00:00:02
stefano.crapanzano@chu.ulg.ac.be,Création d'un Idoc en erreur suite à l'exécution du job C203_ZMMOPLBARCODE1_ZHUL dans X01: aucune réservation créée - Xperthis ERP4HC 2.0 Rollout - Service d'assistance - Google Chrome,Tâches diverses,2021-09-03,12:08:07,00:00:07
stefano.crapanzano@chu.ulg.ac.be,Envoyés - erp.sai@chuliege.be - Mozilla Thunderbird,Helpdesk général,2021-09-03,08:59:45,00:00:02
stefano.crapanzano@chu.ulg.ac.be,Envoyés - erp.sai@chuliege.be - Mozilla Thunderbird,Tâches diverses,2021-09-03,09:00:03,00:00:04
stefano.crapanzano@chu.ulg.ac.be,Envoyés - erp.sai@chuliege.be - Mozilla Thunderbird,Helpdesk général,2021-09-03,09:00:11,00:01:05
stefano.crapanzano@chu.ulg.ac.be,Envoyés - erp.sai@chuliege.be - Mozilla Thunderbird,Helpdesk général,2021-09-03,09:04:46,00:00:10
stefano.crapanzano@chu.ulg.ac.be,Envoyés - erp.sai@chuliege.be - Mozilla Thunderbird,Helpdesk général,2021-09-03,10:37:04,00:02:55
stefano.crapanzano@chu.ulg.ac.be,Envoyés - erp.sai@chuliege.be - Mozilla Thunderbird,Helpdesk général,2021-09-03,10:41:54,00:00:53
stefano.crapanzano@chu.ulg.ac.be,Envoyés - erp.sai@chuliege.be - Mozilla Thunderbird,Helpdesk général,2021-09-03,13:58:36,00:00:25
stefano.crapanzano@chu.ulg.ac.be,Envoyés - erp.sai@chuliege.be - Mozilla Thunderbird,Helpdesk général,2021-09-03,13:59:46,00:00:09
stefano.crapanzano@chu.ulg.ac.be,Envoyés - erp.sai@chuliege.be - Mozilla Thunderbird,Helpdesk général,2021-09-03,15:05:51,00:04:37
stefano.crapanzano@chu.ulg.ac.be,Envoyés - erp.sai@chuliege.be - Mozilla Thunderbird,Helpdesk général,2021-09-03,15:16:23,00:00:25
stefano.crapanzano@chu.ulg.ac.be,Courrier entrant - stefano.crapanzano@chuliege.be - Mozilla Thunderbird,Helpdesk général,2021-09-03,09:05:11,00:00:04
stefano.crapanzano@chu.ulg.ac.be,Courrier entrant - stefano.crapanzano@chuliege.be - Mozilla Thunderbird,Helpdesk général,2021-09-03,09:14:41,00:00:02
stefano.crapanzano@chu.ulg.ac.be,Courrier entrant - stefano.crapanzano@chuliege.be - Mozilla Thunderbird,Helpdesk général,2021-09-03,10:19:35,00:00:52
stefano.crapanzano@chu.ulg.ac.be,Courrier entrant - stefano.crapanzano@chuliege.be - Mozilla Thunderbird,Helpdesk général,2021-09-03,10:24:36,00:00:04
stefano.crapanzano@chu.ulg.ac.be,Courrier entrant - stefano.crapanzano@chuliege.be - Mozilla Thunderbird,Helpdesk général,2021-09-03,10:25:28,00:00:02
stefano.crapanzano@chu.ulg.ac.be,Courrier entrant - stefano.crapanzano@chuliege.be - Mozilla Thunderbird,Helpdesk général,2021-09-03,12:07:12,00:00:50
stefano.crapanzano@chu.ulg.ac.be,Site web intrastat.chuliege.be [DokuWiki ERP] - Google Chrome,Tâches diverses,2021-09-03,09:40:36,00:01:32
stefano.crapanzano@chu.ulg.ac.be,Site web intrastat.chuliege.be [DokuWiki ERP] - Google Chrome,Tâches diverses,2021-09-03,09:43:04,00:00:02
stefano.crapanzano@chu.ulg.ac.be,P203 CHU Connexion à ERP4HC 2.0 : IP 153.89.126.135 non accessible + connexions SAPLOGON - Xperthis ERP4HC 1.0 - Service d'assistance - Google Chrome,Tâches diverses,2021-09-03,09:43:06,00:00:07
stefano.crapanzano@chu.ulg.ac.be,Demandes - Service d'assistance - Google Chrome,Tâches diverses,2021-09-03,09:43:13,00:00:55
stefano.crapanzano@chu.ulg.ac.be,Demandes - Service d'assistance - Google Chrome,Tâches diverses,2021-09-03,09:44:46,00:00:14
stefano.crapanzano@chu.ulg.ac.be,Demandes - Service d'assistance - Google Chrome,Tâches diverses,2021-09-03,09:45:05,00:00:10
stefano.crapanzano@chu.ulg.ac.be,Demandes - Service d'assistance - Google Chrome,Tâches diverses,2021-09-03,09:45:32,00:00:02
stefano.crapanzano@chu.ulg.ac.be,Demandes - Service d'assistance - Google Chrome,Tâches diverses,2021-09-03,09:46:04,00:00:08
stefano.crapanzano@chu.ulg.ac.be,P203 CHU Factures EDICOM en erreur - Xperthis ERP4HC 1.0 - Service d'assistance - Google Chrome,Tâches diverses,2021-09-03,09:44:08,00:00:18
stefano.crapanzano@chu.ulg.ac.be,P203 CHU Factures EDICOM en erreur - Xperthis ERP4HC 1.0 - Service d'assistance - Google Chrome,Tâches diverses,2021-09-03,09:46:14,00:00:02
stefano.crapanzano@chu.ulg.ac.be,P203 CHU Factures EDICOM en erreur - Xperthis ERP4HC 1.0 - Service d'assistance - Google Chrome,Tâches diverses,2021-09-03,09:49:59,00:00:14
stefano.crapanzano@chu.ulg.ac.be,P203 CHU Factures EDICOM en erreur - Xperthis ERP4HC 1.0 - Service d'assistance - Google Chrome,Tâches diverses,2021-09-03,09:50:29,00:00:08
stefano.crapanzano@chu.ulg.ac.be,P203 CHU Factures EDICOM en erreur - Xperthis ERP4HC 1.0 - Service d'assistance - Google Chrome,Tâches diverses,2021-09-03,09:50:40,00:00:09
stefano.crapanzano@chu.ulg.ac.be,P203 CHU Factures EDICOM en erreur - Xperthis ERP4HC 1.0 - Service d'assistance - Google Chrome,Tâches diverses,2021-09-03,09:50:55,00:00:30
stefano.crapanzano@chu.ulg.ac.be,P203 CHU Factures EDICOM en erreur - Xperthis ERP4HC 1.0 - Service d'assistance - Google Chrome,Tâches diverses,2021-09-03,09:51:32,00:01:37
stefano.crapanzano@chu.ulg.ac.be,P203 CHU Factures EDICOM en erreur - Xperthis ERP4HC 1.0 - Service d'assistance - Google Chrome,Tâches diverses,2021-09-03,09:53:15,00:01:14
stefano.crapanzano@chu.ulg.ac.be,P203 CHU Factures EDICOM en erreur - Xperthis ERP4HC 1.0 - Service d'assistance - Google Chrome,Tâches diverses,2021-09-03,09:55:00,00:00:07
stefano.crapanzano@chu.ulg.ac.be,P203 CHU Factures EDICOM en erreur - Xperthis ERP4HC 1.0 - Service d'assistance - Google Chrome,Tâches diverses,2021-09-03,09:55:16,00:00:08
stefano.crapanzano@chu.ulg.ac.be,P203 CHU Factures EDICOM en erreur - Xperthis ERP4HC 1.0 - Service d'assistance - Google Chrome,Tâches diverses,2021-09-03,10:25:50,00:00:06
stefano.crapanzano@chu.ulg.ac.be,P203 CHU Factures EDICOM en erreur - Xperthis ERP4HC 1.0 - Service d'assistance - Google Chrome,Tâches diverses,2021-09-03,10:31:02,00:00:05
stefano.crapanzano@chu.ulg.ac.be,P203 CHU Factures EDICOM en erreur - Xperthis ERP4HC 1.0 - Service d'assistance - Google Chrome,Tâches diverses,2021-09-03,10:33:50,00:00:19
stefano.crapanzano@chu.ulg.ac.be,P203 CHU Factures EDICOM en erreur - Xperthis ERP4HC 1.0 - Service d'assistance - Google Chrome,Tâches diverses,2021-09-03,10:40:00,00:00:02
stefano.crapanzano@chu.ulg.ac.be,Fwd: Erreur workflow EDI - Mozilla Thunderbird,Helpdesk général,2021-09-03,09:44:27,00:00:15
stefano.crapanzano@chu.ulg.ac.be,Factures EDICOM en erreur - Xperthis ERP4HC 2.0 Rollout - Service d'assistance - Google Chrome,Tâches diverses,2021-09-03,09:45:01,00:00:03
stefano.crapanzano@chu.ulg.ac.be,P203 CHU Job C203_ZHUL_EDICOM interrompu - Xperthis ERP4HC 1.0 - Service d'assistance - Google Chrome,Tâches diverses,2021-09-03,09:45:34,00:00:30
stefano.crapanzano@chu.ulg.ac.be,P203 CHU Job C203_ZHUL_EDICOM interrompu - Xperthis ERP4HC 1.0 - Service d'assistance - Google Chrome,Tâches diverses,2021-09-03,09:46:17,00:00:02
stefano.crapanzano@chu.ulg.ac.be,P203 CHU Job C203_ZHUL_EDICOM interrompu - Xperthis ERP4HC 1.0 - Service d'assistance - Google Chrome,Tâches diverses,2021-09-03,09:48:15,00:00:18
stefano.crapanzano@chu.ulg.ac.be,P203 CHU Job C203_ZHUL_EDICOM interrompu - Xperthis ERP4HC 1.0 - Service d'assistance - Google Chrome,Tâches diverses,2021-09-03,09:48:42,00:01:17
stefano.crapanzano@chu.ulg.ac.be,P203 CHU Job C203_ZHUL_EDICOM interrompu - Xperthis ERP4HC 1.0 - Service d'assistance - Google Chrome,Tâches diverses,2021-09-03,09:50:14,00:00:14
stefano.crapanzano@chu.ulg.ac.be,P203 CHU Job C203_ZHUL_EDICOM interrompu - Xperthis ERP4HC 1.0 - Service d'assistance - Google Chrome,Tâches diverses,2021-09-03,09:50:37,00:00:02
stefano.crapanzano@chu.ulg.ac.be,P203 CHU Job C203_ZHUL_EDICOM interrompu - Xperthis ERP4HC 1.0 - Service d'assistance - Google Chrome,Tâches diverses,2021-09-03,09:50:49,00:00:06
stefano.crapanzano@chu.ulg.ac.be,P203 CHU Job C203_ZHUL_EDICOM interrompu - Xperthis ERP4HC 1.0 - Service d'assistance - Google Chrome,Tâches diverses,2021-09-03,09:51:26,00:00:06
stefano.crapanzano@chu.ulg.ac.be,P203 CHU Job C203_ZHUL_EDICOM interrompu - Xperthis ERP4HC 1.0 - Service d'assistance - Google Chrome,Tâches diverses,2021-09-03,09:56:06,00:00:07
stefano.crapanzano@chu.ulg.ac.be,P203 CHU Job C203_ZHUL_EDICOM interrompu - Xperthis ERP4HC 1.0 - Service d'assistance - Google Chrome,Tâches diverses,2021-09-03,09:57:04,00:00:15
stefano.crapanzano@chu.ulg.ac.be,P203 CHU Job C203_ZHUL_EDICOM interrompu - Xperthis ERP4HC 1.0 - Service d'assistance - Google Chrome,Tâches diverses,2021-09-03,09:57:53,00:00:04
stefano.crapanzano@chu.ulg.ac.be,P203 CHU Job C203_ZHUL_EDICOM interrompu - Xperthis ERP4HC 1.0 - Service d'assistance - Google Chrome,Tâches diverses,2021-09-03,09:58:06,00:00:03
stefano.crapanzano@chu.ulg.ac.be,P203 CHU Job C203_ZHUL_EDICOM interrompu - Xperthis ERP4HC 1.0 - Service d'assistance - Google Chrome,Tâches diverses,2021-09-03,09:58:29,00:00:19
stefano.crapanzano@chu.ulg.ac.be,P203 CHU Job C203_ZHUL_EDICOM interrompu - Xperthis ERP4HC 1.0 - Service d'assistance - Google Chrome,Tâches diverses,2021-09-03,10:03:06,00:00:24
stefano.crapanzano@chu.ulg.ac.be,Rédaction : Re: TR: Erreur workflow EDI - Thunderbird,Helpdesk général,2021-09-03,09:54:35,00:00:19
stefano.crapanzano@chu.ulg.ac.be,Rédaction : Re: TR: Erreur workflow EDI - Thunderbird,Helpdesk général,2021-09-03,09:54:57,00:00:03
stefano.crapanzano@chu.ulg.ac.be,Rédaction : Re: TR: Erreur workflow EDI - Thunderbird,Helpdesk général,2021-09-03,09:55:07,00:00:08
stefano.crapanzano@chu.ulg.ac.be,Rédaction : Re: TR: Erreur workflow EDI - Thunderbird,Helpdesk général,2021-09-03,09:55:26,00:00:39
stefano.crapanzano@chu.ulg.ac.be,Rédaction : Re: TR: Erreur workflow EDI - Thunderbird,Helpdesk général,2021-09-03,09:56:13,00:00:50
stefano.crapanzano@chu.ulg.ac.be,Rédaction : Re: TR: Erreur workflow EDI - Thunderbird,Helpdesk général,2021-09-03,09:57:21,00:00:31
stefano.crapanzano@chu.ulg.ac.be,Rédaction : Re: TR: Erreur workflow EDI - Thunderbird,Tâches diverses,2021-09-03,09:57:58,00:00:07
stefano.crapanzano@chu.ulg.ac.be,Rédaction : Re: TR: Erreur workflow EDI - Thunderbird,Helpdesk général,2021-09-03,09:58:10,00:00:18
stefano.crapanzano@chu.ulg.ac.be,Rédaction : Re: TR: Erreur workflow EDI - Thunderbird,Helpdesk général,2021-09-03,09:58:49,00:00:24
stefano.crapanzano@chu.ulg.ac.be,Rédaction : Re: TR: Erreur workflow EDI - Thunderbird,Helpdesk général,2021-09-03,09:59:14,00:02:47
stefano.crapanzano@chu.ulg.ac.be,Rédaction : Re: TR: Erreur workflow EDI - Thunderbird,Helpdesk général,2021-09-03,10:03:40,00:00:02
stefano.crapanzano@chu.ulg.ac.be,Rédaction : Re: TR: Erreur workflow EDI - Thunderbird,Helpdesk général,2021-09-03,10:25:59,00:00:38
stefano.crapanzano@chu.ulg.ac.be,Rédaction : Re: TR: Erreur workflow EDI - Thunderbird,Helpdesk général,2021-09-03,10:26:52,00:00:15
stefano.crapanzano@chu.ulg.ac.be,Rédaction : Re: TR: Erreur workflow EDI - Thunderbird,Helpdesk général,2021-09-03,10:27:18,00:00:29
stefano.crapanzano@chu.ulg.ac.be,Rédaction : Re: TR: Erreur workflow EDI - Thunderbird,Helpdesk général,2021-09-03,10:27:49,00:00:06
stefano.crapanzano@chu.ulg.ac.be,Rédaction : Re: TR: Erreur workflow EDI - Thunderbird,Helpdesk général,2021-09-03,10:27:58,00:00:08
stefano.crapanzano@chu.ulg.ac.be,Rédaction : Re: TR: Erreur workflow EDI - Thunderbird,Helpdesk général,2021-09-03,10:28:12,00:00:24
stefano.crapanzano@chu.ulg.ac.be,Rédaction : Re: TR: Erreur workflow EDI - Thunderbird,Helpdesk général,2021-09-03,10:29:39,00:01:17
stefano.crapanzano@chu.ulg.ac.be,Rédaction : Re: TR: Erreur workflow EDI - Thunderbird,Helpdesk général,2021-09-03,10:31:45,00:00:23
stefano.crapanzano@chu.ulg.ac.be,Rédaction : Re: TR: Erreur workflow EDI - Thunderbird,Helpdesk général,2021-09-03,10:32:29,00:00:21
stefano.crapanzano@chu.ulg.ac.be,Rédaction : Re: TR: Erreur workflow EDI - Thunderbird,Helpdesk général,2021-09-03,10:32:56,00:00:52
stefano.crapanzano@chu.ulg.ac.be,Rédaction : Re: TR: Erreur workflow EDI - Thunderbird,Helpdesk général,2021-09-03,10:34:11,00:01:48
stefano.crapanzano@chu.ulg.ac.be,C:\Users\c158492\AppData\Local\Temp\fz3temp-2\7500307039.xml - Notepad++ [Administrator],IT,2021-09-03,10:02:44,00:00:19
stefano.crapanzano@chu.ulg.ac.be,*new 1 - Notepad++ [Administrator],IT,2021-09-03,10:03:03,00:00:02
stefano.crapanzano@chu.ulg.ac.be,*new 1 - Notepad++ [Administrator],IT,2021-09-03,10:04:40,00:00:02
stefano.crapanzano@chu.ulg.ac.be,C:\Users\c158492\AppData\Local\Temp\fz3temp-2\21CHE-105.833.545MWST1400272976.xml - Notepad++ [Administrator],IT,2021-09-03,10:04:12,00:00:12
stefano.crapanzano@chu.ulg.ac.be,C:\Users\c158492\AppData\Local\Temp\fz3temp-2\21BE04030482626026123501.xml - Notepad++ [Administrator],IT,2021-09-03,10:04:34,00:00:06
stefano.crapanzano@chu.ulg.ac.be,Nouvel onglet - Google Chrome,Tâches diverses,2021-09-03,10:06:05,00:00:07
stefano.crapanzano@chu.ulg.ac.be,Nouvel onglet - Google Chrome,Tâches diverses,2021-09-03,10:06:23,00:00:08
stefano.crapanzano@chu.ulg.ac.be,Nouvel onglet - Google Chrome,Tâches diverses,2021-09-03,10:06:52,00:00:05
stefano.crapanzano@chu.ulg.ac.be,Nouvel onglet - Google Chrome,Tâches diverses,2021-09-03,10:20:42,00:00:07
stefano.crapanzano@chu.ulg.ac.be,Nouvel onglet - Google Chrome,Tâches diverses,2021-09-03,14:00:34,00:00:04
stefano.crapanzano@chu.ulg.ac.be,Nouvel onglet - Google Chrome,Tâches diverses,2021-09-03,14:51:55,00:00:16
stefano.crapanzano@chu.ulg.ac.be,EDIWIN ASP - Google Chrome,Tâches diverses,2021-09-03,10:06:13,00:00:02
stefano.crapanzano@chu.ulg.ac.be,ASP - Application EDI SaaS - Google Chrome,Tâches diverses,2021-09-03,10:06:15,00:00:07
stefano.crapanzano@chu.ulg.ac.be,ASP - Application EDI SaaS - Google Chrome,Tâches diverses,2021-09-03,10:06:31,00:00:06
stefano.crapanzano@chu.ulg.ac.be,ASP - Application EDI SaaS - Google Chrome,Tâches diverses,2021-09-03,10:06:49,00:00:02
stefano.crapanzano@chu.ulg.ac.be,ASP - Application EDI SaaS - Google Chrome,Tâches diverses,2021-09-03,10:07:28,00:10:59
stefano.crapanzano@chu.ulg.ac.be,ASP - Application EDI SaaS - Google Chrome,Tâches diverses,2021-09-03,10:20:39,00:00:02
stefano.crapanzano@chu.ulg.ac.be,ASP - Application EDI SaaS - Google Chrome,Tâches diverses,2021-09-03,10:26:41,00:00:09
stefano.crapanzano@chu.ulg.ac.be,ASP - Application EDI SaaS - Google Chrome,Tâches diverses,2021-09-03,10:28:47,00:00:20
stefano.crapanzano@chu.ulg.ac.be,ASP - Application EDI SaaS - Google Chrome,Tâches diverses,2021-09-03,10:29:12,00:00:07
stefano.crapanzano@chu.ulg.ac.be,Favori ajouté,Tâches diverses,2021-09-03,10:06:37,00:00:12
stefano.crapanzano@chu.ulg.ac.be,Identification - Google Chrome,Tâches diverses,2021-09-03,10:06:58,00:00:06
stefano.crapanzano@chu.ulg.ac.be,Teampass - Google Chrome,Tâches diverses,2021-09-03,10:07:06,00:00:18
stefano.crapanzano@chu.ulg.ac.be,Teampass - Google Chrome,Tâches diverses,2021-09-03,10:07:25,00:00:02
stefano.crapanzano@chu.ulg.ac.be,Teampass - Google Chrome,Tâches diverses,2021-09-03,10:25:42,00:00:02
stefano.crapanzano@chu.ulg.ac.be,Rédaction : Fwd: Déclarations Intrastat juin/juillet - Thunderbird,Helpdesk général,2021-09-03,10:18:43,00:00:35
stefano.crapanzano@chu.ulg.ac.be,Helpdesk ATI - Db Hardware Prod - Google Chrome,Tâches diverses,2021-09-03,10:20:49,00:00:09
stefano.crapanzano@chu.ulg.ac.be,Helpdesk ATI - Db Hardware Prod - Google Chrome,Tâches diverses,2021-09-03,10:25:38,00:00:03
stefano.crapanzano@chu.ulg.ac.be,Helpdesk ATI - Db Hardware Prod - Google Chrome,Tâches diverses,2021-09-03,10:25:44,00:00:02
stefano.crapanzano@chu.ulg.ac.be,Netop Invité,Helpdesk général,2021-09-03,10:21:08,00:00:02
stefano.crapanzano@chu.ulg.ac.be,Netop Invité,Helpdesk général,2021-09-03,10:21:28,00:00:03
stefano.crapanzano@chu.ulg.ac.be,Netop Invité,Helpdesk général,2021-09-03,14:23:56,00:00:13
stefano.crapanzano@chu.ulg.ac.be,Netop Invité,Helpdesk général,2021-09-03,14:24:25,00:00:02
stefano.crapanzano@chu.ulg.ac.be,Netop Invité,Helpdesk général,2021-09-03,14:28:16,00:00:20
stefano.crapanzano@chu.ulg.ac.be,Netop Invité,Helpdesk général,2021-09-03,14:28:51,00:00:06
stefano.crapanzano@chu.ulg.ac.be,Connexion à l'aide de l'authentification Windows,Helpdesk général,2021-09-03,10:21:32,00:00:02
stefano.crapanzano@chu.ulg.ac.be,Connexion à l'aide de l'authentification Windows,Helpdesk général,2021-09-03,14:24:30,00:00:03
stefano.crapanzano@chu.ulg.ac.be,Connexion à l'aide de l'authentification Windows,Helpdesk général,2021-09-03,14:28:58,00:00:03
stefano.crapanzano@chu.ulg.ac.be,Netop,Helpdesk général,2021-09-03,10:24:26,00:00:02
stefano.crapanzano@chu.ulg.ac.be,Netop,Helpdesk général,2021-09-03,14:24:28,00:00:02
stefano.crapanzano@chu.ulg.ac.be,dmi-w-1528 - Netop Remote Control,Helpdesk général,2021-09-03,10:21:36,00:01:00
stefano.crapanzano@chu.ulg.ac.be,dmi-w-1528 - Netop Remote Control,Helpdesk général,2021-09-03,10:23:14,00:00:02
stefano.crapanzano@chu.ulg.ac.be,dmi-w-1528 - Netop Remote Control,Helpdesk général,2021-09-03,10:23:41,00:00:44
stefano.crapanzano@chu.ulg.ac.be,SAP Logon 750,Exploration SAP,2021-09-03,10:22:44,00:00:11
stefano.crapanzano@chu.ulg.ac.be,SAP Logon 750,Exploration SAP,2021-09-03,11:29:13,00:00:07
stefano.crapanzano@chu.ulg.ac.be,SAP Easy Access Menu de base Applications financières-économiques,Exploration SAP,2021-09-03,10:23:08,00:00:03
stefano.crapanzano@chu.ulg.ac.be,Liste des utilisateurs,Exploration SAP,2021-09-03,10:23:17,00:00:04
stefano.crapanzano@chu.ulg.ac.be,Liste des utilisateurs,Exploration SAP,2021-09-03,10:23:26,00:00:10
stefano.crapanzano@chu.ulg.ac.be,Définir valeurs pour critères de filtre,Exploration SAP,2021-09-03,10:23:22,00:00:03
stefano.crapanzano@chu.ulg.ac.be,Déconnecter utilisateur,Exploration SAP,2021-09-03,10:23:37,00:00:02
stefano.crapanzano@chu.ulg.ac.be,report (4).pdf - Google Chrome,Tâches diverses,2021-09-03,10:29:09,00:00:02
stefano.crapanzano@chu.ulg.ac.be,report (4).pdf - Google Chrome,Tâches diverses,2021-09-03,10:29:25,00:00:02
stefano.crapanzano@chu.ulg.ac.be,Service MT - Google Chrome,Tâches diverses,2021-09-03,10:40:02,00:00:20
stefano.crapanzano@chu.ulg.ac.be,Service MT - Google Chrome,Tâches diverses,2021-09-03,10:40:58,00:00:54
stefano.crapanzano@chu.ulg.ac.be,\\oazisusers.st.chulg\oazis_users\Informatique\ERP\Exploitation\SURVEILLANCE\JOB\jobs_30_08_2021_09_00_00_09_59_59.csv_nok - Notepad++ [Administrator],IT,2021-09-03,10:40:32,00:00:09
stefano.crapanzano@chu.ulg.ac.be,\\oazisusers.st.chulg\oazis_users\Informatique\ERP\Exploitation\SURVEILLANCE\JOB\jobs_31_08_2021_09_00_00_09_59_59.csv_nok - Notepad++ [Administrator],IT,2021-09-03,10:40:44,00:00:02
stefano.crapanzano@chu.ulg.ac.be,L'adresse IP 153.89.126.135 n'est (toujours) pas accessible  malgré la demande faite dans le ticket SDERP-18907 - Xperthis ERP4HC 2.0 Rollout - Service d'assistance - Google Chrome,Tâches diverses,2021-09-03,11:09:12,00:00:12
stefano.crapanzano@chu.ulg.ac.be,L'adresse IP 153.89.126.135 n'est (toujours) pas accessible  malgré la demande faite dans le ticket SDERP-18907 - Xperthis ERP4HC 2.0 Rollout - Service d'assistance - Google Chrome,Tâches diverses,2021-09-03,11:15:14,00:00:03
stefano.crapanzano@chu.ulg.ac.be,L'adresse IP 153.89.126.135 n'est (toujours) pas accessible  malgré la demande faite dans le ticket SDERP-18907 - Xperthis ERP4HC 2.0 Rollout - Service d'assistance - Google Chrome,Tâches diverses,2021-09-03,11:15:21,00:01:06
stefano.crapanzano@chu.ulg.ac.be,L'adresse IP 153.89.126.135 n'est (toujours) pas accessible  malgré la demande faite dans le ticket SDERP-18907 - Xperthis ERP4HC 2.0 Rollout - Service d'assistance - Google Chrome,Tâches diverses,2021-09-03,11:17:25,00:00:02
stefano.crapanzano@chu.ulg.ac.be,L'adresse IP 153.89.126.135 n'est (toujours) pas accessible  malgré la demande faite dans le ticket SDERP-18907 - Xperthis ERP4HC 2.0 Rollout - Service d'assistance - Google Chrome,Tâches diverses,2021-09-03,11:17:32,00:00:50
stefano.crapanzano@chu.ulg.ac.be,L'adresse IP 153.89.126.135 n'est (toujours) pas accessible  malgré la demande faite dans le ticket SDERP-18907 - Xperthis ERP4HC 2.0 Rollout - Service d'assistance - Google Chrome,Tâches diverses,2021-09-03,11:18:40,00:02:06
stefano.crapanzano@chu.ulg.ac.be,L'adresse IP 153.89.126.135 n'est (toujours) pas accessible  malgré la demande faite dans le ticket SDERP-18907 - Xperthis ERP4HC 2.0 Rollout - Service d'assistance - Google Chrome,Tâches diverses,2021-09-03,11:20:53,00:00:23
stefano.crapanzano@chu.ulg.ac.be,L'adresse IP 153.89.126.135 n'est (toujours) pas accessible  malgré la demande faite dans le ticket SDERP-18907 - Xperthis ERP4HC 2.0 Rollout - Service d'assistance - Google Chrome,Tâches diverses,2021-09-03,11:25:00,00:01:25
stefano.crapanzano@chu.ulg.ac.be,L'adresse IP 153.89.126.135 n'est (toujours) pas accessible  malgré la demande faite dans le ticket SDERP-18907 - Xperthis ERP4HC 2.0 Rollout - Service d'assistance - Google Chrome,Tâches diverses,2021-09-03,11:27:14,00:00:19
stefano.crapanzano@chu.ulg.ac.be,L'adresse IP 153.89.126.135 n'est (toujours) pas accessible  malgré la demande faite dans le ticket SDERP-18907 - Xperthis ERP4HC 2.0 Rollout - Service d'assistance - Google Chrome,Tâches diverses,2021-09-03,11:27:46,00:00:07
stefano.crapanzano@chu.ulg.ac.be,L'adresse IP 153.89.126.135 n'est (toujours) pas accessible  malgré la demande faite dans le ticket SDERP-18907 - Xperthis ERP4HC 2.0 Rollout - Service d'assistance - Google Chrome,Tâches diverses,2021-09-03,11:29:52,00:08:33
stefano.crapanzano@chu.ulg.ac.be,L'adresse IP 153.89.126.135 n'est (toujours) pas accessible  malgré la demande faite dans le ticket SDERP-18907 - Xperthis ERP4HC 2.0 Rollout - Service d'assistance - Google Chrome,Tâches diverses,2021-09-03,11:39:41,00:00:03
stefano.crapanzano@chu.ulg.ac.be,taelmanx01 - Mozilla Thunderbird,Helpdesk général,2021-09-03,11:09:37,00:00:03
stefano.crapanzano@chu.ulg.ac.be,x01 - Mozilla Thunderbird,Helpdesk général,2021-09-03,11:09:40,00:00:27
stefano.crapanzano@chu.ulg.ac.be,x01 - Mozilla Thunderbird,Helpdesk général,2021-09-03,11:10:15,00:00:14
stefano.crapanzano@chu.ulg.ac.be,Automatic reply: Connexion à TE5 ou X01 - Mozilla Thunderbird,Helpdesk général,2021-09-03,11:10:08,00:00:07
stefano.crapanzano@chu.ulg.ac.be,ERP4HC2.0: SAP GUI 760 - SDERP-18905 - Mozilla Thunderbird,Helpdesk général,2021-09-03,11:10:30,00:01:14
stefano.crapanzano@chu.ulg.ac.be,ERP4HC2.0: SAP GUI 760 - SDERP-18905 - Mozilla Thunderbird,Helpdesk général,2021-09-03,11:11:55,00:00:11
stefano.crapanzano@chu.ulg.ac.be,ERP4HC2.0: SAP GUI 760 - SDERP-18905 - Mozilla Thunderbird,Helpdesk général,2021-09-03,11:12:10,00:00:38
stefano.crapanzano@chu.ulg.ac.be,logon données - Mozilla Thunderbird,Helpdesk général,2021-09-03,11:11:51,00:00:04
stefano.crapanzano@chu.ulg.ac.be,logon données - Mozilla Thunderbird,Helpdesk général,2021-09-03,11:12:06,00:00:03
stefano.crapanzano@chu.ulg.ac.be,logon données - Mozilla Thunderbird,Helpdesk général,2021-09-03,11:12:53,00:00:06
stefano.crapanzano@chu.ulg.ac.be,ERP 2.0 - demande d'info - Mozilla Thunderbird,Helpdesk général,2021-09-03,11:12:59,00:00:13
stefano.crapanzano@chu.ulg.ac.be,TR: ERP 2.0 - demande d'info - Mozilla Thunderbird,Helpdesk général,2021-09-03,11:13:29,00:00:47
stefano.crapanzano@chu.ulg.ac.be,TR: ERP 2.0 - demande d'info - Mozilla Thunderbird,Helpdesk général,2021-09-03,11:14:24,00:00:08
stefano.crapanzano@chu.ulg.ac.be,TR: ERP 2.0 - demande d'info - Mozilla Thunderbird,Helpdesk général,2021-09-03,11:20:47,00:00:04
stefano.crapanzano@chu.ulg.ac.be,TR: ERP 2.0 - demande d'info - Mozilla Thunderbird,Helpdesk général,2021-09-03,11:21:22,00:00:02
stefano.crapanzano@chu.ulg.ac.be,TR: ERP 2.0 - demande d'info - Mozilla Thunderbird,Helpdesk général,2021-09-03,11:38:52,00:00:02
stefano.crapanzano@chu.ulg.ac.be,Greenshot capture form,Helpdesk général,2021-09-03,11:14:33,00:00:16
stefano.crapanzano@chu.ulg.ac.be,Greenshot capture form,Helpdesk général,2021-09-03,11:17:16,00:00:06
stefano.crapanzano@chu.ulg.ac.be,Greenshot capture form,Helpdesk général,2021-09-03,13:45:33,00:00:09
stefano.crapanzano@chu.ulg.ac.be,Greenshot capture form,Helpdesk général,2021-09-03,13:45:46,00:00:06
stefano.crapanzano@chu.ulg.ac.be,Greenshot capture form,Helpdesk général,2021-09-03,13:46:51,00:00:05
stefano.crapanzano@chu.ulg.ac.be,Greenshot capture form,Helpdesk général,2021-09-03,14:38:07,00:00:10
stefano.crapanzano@chu.ulg.ac.be,Enregistrer sous,Helpdesk général,2021-09-03,11:15:00,00:00:09
stefano.crapanzano@chu.ulg.ac.be,C:\temp\screenshots\2021-09-03 11_14_31-TR_ ERP 2.0 - demande d'info - Mozilla Thunderbird.png - Greenshot Éditeur d'Image,Helpdesk général,2021-09-03,11:15:10,00:00:02
stefano.crapanzano@chu.ulg.ac.be,Ouvrir,Tâches diverses,2021-09-03,11:15:17,00:00:03
stefano.crapanzano@chu.ulg.ac.be,Ouvrir,Tâches diverses,2021-09-03,11:17:28,00:00:04
stefano.crapanzano@chu.ulg.ac.be,\\appsaiadm.st.chulg\ERP\Config\restore 06-04\Config\saplogon.ini - Notepad++ [Administrator],IT,2021-09-03,11:16:31,00:00:26
stefano.crapanzano@chu.ulg.ac.be,\\appsaiadm.st.chulg\ERP\Config\saplogon.ini - Notepad++ [Administrator],IT,2021-09-03,11:17:06,00:00:09
stefano.crapanzano@chu.ulg.ac.be,\\appsaiadm.st.chulg\ERP\Config\saplogon.ini - Notepad++ [Administrator],IT,2021-09-03,11:27:34,00:00:02
stefano.crapanzano@chu.ulg.ac.be,\\appsaiadm.st.chulg\ERP\Config\saplogon.ini - Notepad++ [Administrator],IT,2021-09-03,11:27:54,00:00:03
stefano.crapanzano@chu.ulg.ac.be,\\appsaiadm.st.chulg\ERP\Config\saplogon.ini - Notepad++ [Administrator],IT,2021-09-03,11:28:18,00:00:04
stefano.crapanzano@chu.ulg.ac.be,Administrateur : C:\Windows\system32\cmd.exe,IT,2021-09-03,11:18:26,00:00:06
stefano.crapanzano@chu.ulg.ac.be,Administrateur : C:\Windows\system32\cmd.exe,IT,2021-09-03,11:26:28,00:00:14
stefano.crapanzano@chu.ulg.ac.be,Administrateur : C:\Windows\system32\cmd.exe,IT,2021-09-03,11:26:49,00:00:15
stefano.crapanzano@chu.ulg.ac.be,Administrateur : C:\Windows\system32\cmd.exe,IT,2021-09-03,11:27:10,00:00:02
stefano.crapanzano@chu.ulg.ac.be,Administrateur : C:\Windows\system32\cmd.exe,IT,2021-09-03,11:27:40,00:00:03
stefano.crapanzano@chu.ulg.ac.be,Administrateur : C:\Windows\system32\cmd.exe,IT,2021-09-03,11:28:10,00:00:02
stefano.crapanzano@chu.ulg.ac.be,Administrateur : C:\Windows\system32\cmd.exe,IT,2021-09-03,11:29:21,00:00:03
stefano.crapanzano@chu.ulg.ac.be,Administrateur : C:\Windows\system32\cmd.exe,IT,2021-09-03,11:29:43,00:00:08
stefano.crapanzano@chu.ulg.ac.be,Administrateur : C:\Windows\system32\cmd.exe - ping  153.89.126.159,IT,2021-09-03,11:18:32,00:00:06
stefano.crapanzano@chu.ulg.ac.be,Administrateur : C:\Windows\system32\cmd.exe - ping  153.89.126.159,IT,2021-09-03,11:29:25,00:00:18
stefano.crapanzano@chu.ulg.ac.be,153.89.126.159 - Mozilla Thunderbird,Helpdesk général,2021-09-03,11:21:30,00:00:15
stefano.crapanzano@chu.ulg.ac.be,153.89.126.159 - Mozilla Thunderbird,Helpdesk général,2021-09-03,11:22:39,00:00:31
stefano.crapanzano@chu.ulg.ac.be,SDERP-18936 - connection issue CHU TE5/X01 - Mozilla Thunderbird,Helpdesk général,2021-09-03,11:21:45,00:00:39
stefano.crapanzano@chu.ulg.ac.be,SDERP-18936 - connection issue CHU TE5/X01 - Mozilla Thunderbird,Helpdesk général,2021-09-03,11:22:28,00:00:10
stefano.crapanzano@chu.ulg.ac.be,SDERP-18936 - connection issue CHU TE5/X01 - Mozilla Thunderbird,Helpdesk général,2021-09-03,11:23:10,00:01:48
stefano.crapanzano@chu.ulg.ac.be,SDERP-18936 - connection issue CHU TE5/X01 - Mozilla Thunderbird,Helpdesk général,2021-09-03,11:38:27,00:00:04
stefano.crapanzano@chu.ulg.ac.be,Administrateur : C:\Windows\system32\cmd.exe - ping  par0112wi.xperthis.be,IT,2021-09-03,11:26:43,00:00:06
stefano.crapanzano@chu.ulg.ac.be,Administrateur : C:\Windows\system32\cmd.exe - ping  par0097wi.xperthis.be,IT,2021-09-03,11:27:05,00:00:04
stefano.crapanzano@chu.ulg.ac.be,*\\appsaiadm.st.chulg\ERP\Config\saplogon.ini - Notepad++ [Administrator],IT,2021-09-03,11:27:58,00:00:07
stefano.crapanzano@chu.ulg.ac.be,*\\appsaiadm.st.chulg\ERP\Config\saplogon.ini - Notepad++ [Administrator],IT,2021-09-03,11:28:13,00:00:05
stefano.crapanzano@chu.ulg.ac.be,Fin de session,Exploration SAP,2021-09-03,11:29:07,00:00:05
stefano.crapanzano@chu.ulg.ac.be,SAP,Exploration SAP,2021-09-03,11:28:50,00:00:09
stefano.crapanzano@chu.ulg.ac.be,Info licence en cas de connexion multiple,Exploration SAP,2021-09-03,11:28:59,00:00:06
stefano.crapanzano@chu.ulg.ac.be,TEST ERP 2.0 Configuration GERA - Connexion de GERA (Environnement de Test) avec SAP X01 - Mozilla Thunderbird,Helpdesk général,2021-09-03,11:38:31,00:00:03
stefano.crapanzano@chu.ulg.ac.be,17359 - Mozilla Thunderbird,Helpdesk général,2021-09-03,11:38:37,00:00:02
stefano.crapanzano@chu.ulg.ac.be,TR: Factures CHR non injectées dans KOFAX - Mozilla Thunderbird,Helpdesk général,2021-09-03,11:38:47,00:00:03
stefano.crapanzano@chu.ulg.ac.be,TR: Factures CHR non injectées dans KOFAX - Mozilla Thunderbird,Helpdesk général,2021-09-03,13:46:04,00:00:08
stefano.crapanzano@chu.ulg.ac.be,TR: Factures CHR non injectées dans KOFAX - Mozilla Thunderbird,Helpdesk général,2021-09-03,13:52:22,00:00:02
stefano.crapanzano@chu.ulg.ac.be,TR: Factures CHR non injectées dans KOFAX - Mozilla Thunderbird,Helpdesk général,2021-09-03,13:52:26,00:00:02
stefano.crapanzano@chu.ulg.ac.be,TR: Factures CHR non injectées dans KOFAX - Mozilla Thunderbird,Helpdesk général,2021-09-03,14:37:09,00:00:04
stefano.crapanzano@chu.ulg.ac.be,TR: Factures CHR non injectées dans KOFAX - Mozilla Thunderbird,Tâches diverses,2021-09-03,15:05:34,00:00:03
stefano.crapanzano@chu.ulg.ac.be,Iepacs - sftp://kofaxchu@iepacs.chu.ulg.ac.be - FileZilla,Helpdesk général,2021-09-03,13:45:06,00:00:14
stefano.crapanzano@chu.ulg.ac.be,Iepacs - sftp://kofaxchu@iepacs.chu.ulg.ac.be - FileZilla,Helpdesk général,2021-09-03,13:45:29,00:00:03
stefano.crapanzano@chu.ulg.ac.be,Iepacs - sftp://kofaxchu@iepacs.chu.ulg.ac.be - FileZilla,Helpdesk général,2021-09-03,13:45:42,00:00:03
stefano.crapanzano@chu.ulg.ac.be,Iepacs - sftp://kofaxchu@iepacs.chu.ulg.ac.be - FileZilla,Helpdesk général,2021-09-03,13:45:53,00:00:07
stefano.crapanzano@chu.ulg.ac.be,Iepacs - sftp://kofaxchu@iepacs.chu.ulg.ac.be - FileZilla,Helpdesk général,2021-09-03,13:46:38,00:00:13
stefano.crapanzano@chu.ulg.ac.be,Iepacs - sftp://kofaxchu@iepacs.chu.ulg.ac.be - FileZilla,Helpdesk général,2021-09-03,13:48:09,00:00:13
stefano.crapanzano@chu.ulg.ac.be,Iepacs - sftp://kofaxchu@iepacs.chu.ulg.ac.be - FileZilla,Helpdesk général,2021-09-03,13:48:24,00:03:57
stefano.crapanzano@chu.ulg.ac.be,Iepacs - sftp://kofaxchu@iepacs.chu.ulg.ac.be - FileZilla,Helpdesk général,2021-09-03,13:53:22,00:00:06
stefano.crapanzano@chu.ulg.ac.be,Iepacs - sftp://kofaxchu@iepacs.chu.ulg.ac.be - FileZilla,Helpdesk général,2021-09-03,13:53:30,00:00:07
stefano.crapanzano@chu.ulg.ac.be,Iepacs - sftp://kofaxchu@iepacs.chu.ulg.ac.be - FileZilla,Helpdesk général,2021-09-03,14:15:10,00:00:13
stefano.crapanzano@chu.ulg.ac.be,Iepacs - sftp://kofaxchu@iepacs.chu.ulg.ac.be - FileZilla,Helpdesk général,2021-09-03,14:15:24,00:00:07
stefano.crapanzano@chu.ulg.ac.be,Iepacs - sftp://kofaxchu@iepacs.chu.ulg.ac.be - FileZilla,Helpdesk général,2021-09-03,14:15:34,00:00:03
stefano.crapanzano@chu.ulg.ac.be,Iepacs - sftp://kofaxchu@iepacs.chu.ulg.ac.be - FileZilla,Helpdesk général,2021-09-03,14:58:22,00:00:02
stefano.crapanzano@chu.ulg.ac.be,Rédaction : Re: TR: Factures CHR non injectées dans KOFAX - Thunderbird,Helpdesk général,2021-09-03,13:46:12,00:00:23
stefano.crapanzano@chu.ulg.ac.be,Rédaction : Re: TR: Factures CHR non injectées dans KOFAX - Thunderbird,Helpdesk général,2021-09-03,13:47:00,00:01:04
stefano.crapanzano@chu.ulg.ac.be,Rédaction : Re: TR: Factures CHR non injectées dans KOFAX - Thunderbird,Helpdesk général,2021-09-03,14:00:14,00:00:18
stefano.crapanzano@chu.ulg.ac.be,Rédaction : Re: TR: Factures CHR non injectées dans KOFAX - Thunderbird,Helpdesk général,2021-09-03,14:00:48,00:01:42
stefano.crapanzano@chu.ulg.ac.be,Rédaction : Re: TR: Factures CHR non injectées dans KOFAX - Thunderbird,Helpdesk général,2021-09-03,14:37:15,00:00:40
stefano.crapanzano@chu.ulg.ac.be,Rédaction : Re: TR: Factures CHR non injectées dans KOFAX - Thunderbird,Helpdesk général,2021-09-03,14:38:20,00:01:41
stefano.crapanzano@chu.ulg.ac.be,Rédaction : Re: TR: Factures CHR non injectées dans KOFAX - Thunderbird,Helpdesk général,2021-09-03,14:40:07,00:00:33
stefano.crapanzano@chu.ulg.ac.be,Rédaction : Re: TR: Factures CHR non injectées dans KOFAX - Thunderbird,Helpdesk général,2021-09-03,14:49:44,00:00:10
stefano.crapanzano@chu.ulg.ac.be,Rédaction : Re: TR: Factures CHR non injectées dans KOFAX - Thunderbird,Helpdesk général,2021-09-03,14:50:58,00:00:49
stefano.crapanzano@chu.ulg.ac.be,Rédaction : Re: TR: Factures CHR non injectées dans KOFAX - Thunderbird,Helpdesk général,2021-09-03,14:53:52,00:00:10
stefano.crapanzano@chu.ulg.ac.be,Rédaction : Re: TR: Factures CHR non injectées dans KOFAX - Thunderbird,Helpdesk général,2021-09-03,15:00:39,00:02:08
stefano.crapanzano@chu.ulg.ac.be,Rédaction : Re: TR: Factures CHR non injectées dans KOFAX - Thunderbird,Helpdesk général,2021-09-03,15:02:50,00:02:22
stefano.crapanzano@chu.ulg.ac.be,Envoi du message - Re: TR: Factures CHR non injectées dans KOFAX,Helpdesk général,2021-09-03,13:48:07,00:00:02
stefano.crapanzano@chu.ulg.ac.be,Envoi du message - Re: TR: Factures CHR non injectées dans KOFAX,Helpdesk général,2021-09-03,14:02:32,00:00:02
stefano.crapanzano@chu.ulg.ac.be,Envoi du message - Re: TR: Factures CHR non injectées dans KOFAX,Helpdesk général,2021-09-03,15:05:17,00:00:02
stefano.crapanzano@chu.ulg.ac.be,Rédaction : Fwd: TR: Factures CHR non injectées dans KOFAX - Thunderbird,Helpdesk général,2021-09-03,13:52:51,00:00:29
stefano.crapanzano@chu.ulg.ac.be,Rédaction : Fwd: TR: Factures CHR non injectées dans KOFAX - Thunderbird,Helpdesk général,2021-09-03,13:53:38,00:01:32
stefano.crapanzano@chu.ulg.ac.be,Rédaction : Fwd: TR: Factures CHR non injectées dans KOFAX - Thunderbird,Helpdesk général,2021-09-03,13:55:18,00:00:58
stefano.crapanzano@chu.ulg.ac.be,Rédaction : Fwd: TR: Factures CHR non injectées dans KOFAX - Thunderbird,Helpdesk général,2021-09-03,15:14:38,00:01:31
stefano.crapanzano@chu.ulg.ac.be,Iepacs_CHR - kofaxchr@iepacs.chu.ulg.ac.be - FileZilla,Helpdesk général,2021-09-03,14:15:38,00:00:04
stefano.crapanzano@chu.ulg.ac.be,Rappel pour les pièces jointes,Helpdesk général,2021-09-03,13:56:18,00:00:03
stefano.crapanzano@chu.ulg.ac.be,Rappel pour les pièces jointes,Helpdesk général,2021-09-03,13:59:34,00:00:02
stefano.crapanzano@chu.ulg.ac.be,Envoi du message - Fwd: TR: Factures CHR non injectées dans KOFAX,Helpdesk général,2021-09-03,13:56:23,00:00:02
stefano.crapanzano@chu.ulg.ac.be,Rédaction du message,Helpdesk général,2021-09-03,14:00:10,00:00:03
stefano.crapanzano@chu.ulg.ac.be,Rédaction : Fwd: Fwd: TR: Factures CHR non injectées dans KOFAX - Thunderbird,Helpdesk général,2021-09-03,13:59:03,00:00:28
stefano.crapanzano@chu.ulg.ac.be,Envoi du message - Fwd: Fwd: TR: Factures CHR non injectées dans KOFAX,Helpdesk général,2021-09-03,13:59:36,00:00:09
stefano.crapanzano@chu.ulg.ac.be,mettre en suspens ou suspend - Recherche Google - Google Chrome,Tâches diverses,2021-09-03,14:00:38,00:00:08
stefano.crapanzano@chu.ulg.ac.be,mettre en suspens ou suspend - Recherche Google - Google Chrome,Tâches diverses,2021-09-03,14:02:48,00:00:02
stefano.crapanzano@chu.ulg.ac.be,Confirmation requise,Helpdesk général,2021-09-03,14:15:32,00:00:02
stefano.crapanzano@chu.ulg.ac.be,Gestionnaire de Sites,Helpdesk général,2021-09-03,14:15:42,00:00:02
stefano.crapanzano@chu.ulg.ac.be,Gestionnaire de Sites,Helpdesk général,2021-09-03,14:16:21,00:00:12
stefano.crapanzano@chu.ulg.ac.be,Gestionnaire de Sites,Helpdesk général,2021-09-03,14:46:30,00:00:31
stefano.crapanzano@chu.ulg.ac.be,Gestionnaire de Sites,Helpdesk général,2021-09-03,14:49:11,00:00:14
stefano.crapanzano@chu.ulg.ac.be,Gestionnaire de Sites,Helpdesk général,2021-09-03,14:58:46,00:00:08
stefano.crapanzano@chu.ulg.ac.be,Gestionnaire de Sites,Helpdesk général,2021-09-03,14:59:30,00:00:04
stefano.crapanzano@chu.ulg.ac.be,Gestionnaire de Sites,Helpdesk général,2021-09-03,14:59:49,00:00:06
stefano.crapanzano@chu.ulg.ac.be,Déjà connecté,Helpdesk général,2021-09-03,14:15:45,00:00:02
stefano.crapanzano@chu.ulg.ac.be,Déjà connecté,Helpdesk général,2021-09-03,14:49:25,00:00:02
stefano.crapanzano@chu.ulg.ac.be,Déjà connecté,Helpdesk général,2021-09-03,14:59:35,00:00:02
stefano.crapanzano@chu.ulg.ac.be,Déjà connecté,Helpdesk général,2021-09-03,14:59:55,00:00:02
stefano.crapanzano@chu.ulg.ac.be,Iepacs_CHR_2 - kofaxchr2@iepacs.chu.ulg.ac.be - FileZilla,Helpdesk général,2021-09-03,14:15:47,00:00:30
stefano.crapanzano@chu.ulg.ac.be,Iepacs_CHR_2 - kofaxchr2@iepacs.chu.ulg.ac.be - FileZilla,Helpdesk général,2021-09-03,14:16:18,00:00:02
stefano.crapanzano@chu.ulg.ac.be,Iepacs_CHR_2 - kofaxchr2@iepacs.chu.ulg.ac.be - FileZilla,Helpdesk général,2021-09-03,14:16:33,00:00:47
stefano.crapanzano@chu.ulg.ac.be,Iepacs_CHR_2 - kofaxchr2@iepacs.chu.ulg.ac.be - FileZilla,Helpdesk général,2021-09-03,14:19:10,00:00:33
stefano.crapanzano@chu.ulg.ac.be,Iepacs_CHR_2 - kofaxchr2@iepacs.chu.ulg.ac.be - FileZilla,Helpdesk général,2021-09-03,14:19:45,00:00:09
stefano.crapanzano@chu.ulg.ac.be,Iepacs_CHR_2 - kofaxchr2@iepacs.chu.ulg.ac.be - FileZilla,Helpdesk général,2021-09-03,14:20:14,00:00:12
stefano.crapanzano@chu.ulg.ac.be,Iepacs_CHR_2 - kofaxchr2@iepacs.chu.ulg.ac.be - FileZilla,Helpdesk général,2021-09-03,14:46:25,00:00:04
stefano.crapanzano@chu.ulg.ac.be,Iepacs_CHR_2 - kofaxchr2@iepacs.chu.ulg.ac.be - FileZilla,Helpdesk général,2021-09-03,14:49:06,00:00:04
stefano.crapanzano@chu.ulg.ac.be,Iepacs_CHR_2 - kofaxchr2@iepacs.chu.ulg.ac.be - FileZilla,Helpdesk général,2021-09-03,14:49:35,00:00:05
stefano.crapanzano@chu.ulg.ac.be,Iepacs_CHR_2 - kofaxchr2@iepacs.chu.ulg.ac.be - FileZilla,Helpdesk général,2021-09-03,14:51:48,00:00:04
stefano.crapanzano@chu.ulg.ac.be,Iepacs_CHR_2 - kofaxchr2@iepacs.chu.ulg.ac.be - FileZilla,Helpdesk général,2021-09-03,14:52:58,00:00:02
stefano.crapanzano@chu.ulg.ac.be,Iepacs_CHR_2 - kofaxchr2@iepacs.chu.ulg.ac.be - FileZilla,Helpdesk général,2021-09-03,14:53:44,00:00:07
stefano.crapanzano@chu.ulg.ac.be,Iepacs_CHR_2 - kofaxchr2@iepacs.chu.ulg.ac.be - FileZilla,Helpdesk général,2021-09-03,14:58:12,00:00:09
stefano.crapanzano@chu.ulg.ac.be,Iepacs_CHR_2 - kofaxchr2@iepacs.chu.ulg.ac.be - FileZilla,Helpdesk général,2021-09-03,14:59:57,00:00:39
stefano.crapanzano@chu.ulg.ac.be,Iepacs_CHR_2 - kofaxchr2@iepacs.chu.ulg.ac.be - FileZilla,Helpdesk général,2021-09-03,15:02:47,00:00:02
stefano.crapanzano@chu.ulg.ac.be,Iepacs_CHR_2 - kofaxchr2@iepacs.chu.ulg.ac.be - FileZilla,Helpdesk général,2021-09-03,15:05:20,00:00:02
stefano.crapanzano@chu.ulg.ac.be,Stefano CRAPANZANO - erp.sai@chuliege.be - Mozilla Thunderbird,Helpdesk général,2021-09-03,14:19:58,00:00:15
stefano.crapanzano@chu.ulg.ac.be,Stefano CRAPANZANO - erp.sai@chuliege.be - Mozilla Thunderbird,Helpdesk général,2021-09-03,14:20:26,00:00:49
stefano.crapanzano@chu.ulg.ac.be,Stefano CRAPANZANO - erp.sai@chuliege.be - Mozilla Thunderbird,Helpdesk général,2021-09-03,14:37:05,00:00:02
stefano.crapanzano@chu.ulg.ac.be,Stefano CRAPANZANO - erp.sai@chuliege.be - Mozilla Thunderbird,Helpdesk général,2021-09-03,15:05:37,00:00:02
stefano.crapanzano@chu.ulg.ac.be,Exception calling  Write  with  3  argument(s):  Unable to write data to the transport connection: An existing connection was forcibly closed by the remote host.  - Recherche Google - Google Chrome,Tâches diverses,2021-09-03,14:21:20,00:00:03
stefano.crapanzano@chu.ulg.ac.be,Exception calling  Write  with  3  argument(s):  Unable to write data to the transport connection: An existing connection was forcibly closed by the remote host.  - Recherche Google - Google Chrome,Tâches diverses,2021-09-03,14:21:51,00:00:03
stefano.crapanzano@chu.ulg.ac.be,Exception calling  Write  with  3  argument(s):  Unable to write data to the transport connection: An existing connection was forcibly closed by the remote host.  - Recherche Google - Google Chrome,Tâches diverses,2021-09-03,14:22:25,00:00:03
stefano.crapanzano@chu.ulg.ac.be,Exception calling  Write  with  3  argument(s):  Unable to write data to the transport connection: An existing connection was forcibly closed by the remote host.  - Recherche Google - Google Chrome,Tâches diverses,2021-09-03,14:40:54,00:00:04
stefano.crapanzano@chu.ulg.ac.be,Exception calling  Write  with  3  argument(s):  Unable to write data to the transport connection: An existing connection was forcibly closed by the remote host.  - Recherche Google - Google Chrome,Tâches diverses,2021-09-03,14:43:48,00:00:16
stefano.crapanzano@chu.ulg.ac.be,c# - System.IO.IOException: Unable to write data to the transport connection: An existing connection was forcibly closed by the remote host - Stack Overflow - Google Chrome,Tâches diverses,2021-09-03,14:21:23,00:00:28
stefano.crapanzano@chu.ulg.ac.be,Unable to read data from the transport connection: An existing connection was forcibly closed by the remote host · Issue #939 · npgsql/npgsql · GitHub - Google Chrome,Tâches diverses,2021-09-03,14:21:55,00:00:30
stefano.crapanzano@chu.ulg.ac.be,Unable to write data to the transport connection: An existing connection was forcibly closed by the remote host in windows service - Google Chrome,Tâches diverses,2021-09-03,14:22:29,00:01:24
stefano.crapanzano@chu.ulg.ac.be,Unable to write data to the transport connection: An existing connection was forcibly closed by the remote host in windows service - Google Chrome,Tâches diverses,2021-09-03,14:36:39,00:00:17
stefano.crapanzano@chu.ulg.ac.be,Unable to write data to the transport connection: An existing connection was forcibly closed by the remote host in windows service - Google Chrome,Tâches diverses,2021-09-03,14:40:03,00:00:03
stefano.crapanzano@chu.ulg.ac.be,Unable to write data to the transport connection: An existing connection was forcibly closed by the remote host in windows service - Google Chrome,Tâches diverses,2021-09-03,14:40:41,00:00:13
stefano.crapanzano@chu.ulg.ac.be,dsl-wx-0044 - Netop Remote Control,Helpdesk général,2021-09-03,14:24:35,00:00:52
stefano.crapanzano@chu.ulg.ac.be,dsl-wx-0044 - Netop Remote Control,Helpdesk général,2021-09-03,14:27:00,00:01:14
stefano.crapanzano@chu.ulg.ac.be,si-s-serv503 - Netop Remote Control,Helpdesk général,2021-09-03,14:29:03,00:05:18
stefano.crapanzano@chu.ulg.ac.be,si-s-serv503 - Netop Remote Control,Helpdesk général,2021-09-03,14:34:24,00:02:11
stefano.crapanzano@chu.ulg.ac.be,si-s-serv503 - Netop Remote Control,Helpdesk général,2021-09-03,14:36:58,00:00:02
stefano.crapanzano@chu.ulg.ac.be,si-s-serv503 - Netop Remote Control,Helpdesk général,2021-09-03,14:37:57,00:00:05
stefano.crapanzano@chu.ulg.ac.be,An existing connection was forcibly closed by the remote host? [modified] - Visual Basic Discussion Boards - CodeProject - Google Chrome,Tâches diverses,2021-09-03,14:40:59,00:00:51
stefano.crapanzano@chu.ulg.ac.be,An existing connection was forcibly closed by the remote host? [modified] - Visual Basic Discussion Boards - CodeProject - Google Chrome,Tâches diverses,2021-09-03,14:43:33,00:00:14
stefano.crapanzano@chu.ulg.ac.be,Go to Parenthttp://social.msdn.microsoft.com/forums/en-US/netfxnetcom/thread/6981b252-30f0-4eb9-a3a6-bf6f2b138fb3 - Recherche Google - Google Chrome,Tâches diverses,2021-09-03,14:41:51,00:00:14
stefano.crapanzano@chu.ulg.ac.be, Unable to write data to the transport connection: An existing connection was forcibly closed by the remote host.  - Google Chrome,Tâches diverses,2021-09-03,14:42:06,00:01:05
stefano.crapanzano@chu.ulg.ac.be,httpRuntime Element (ASP.NET Settings Schema) | Microsoft Docs - Google Chrome,Tâches diverses,2021-09-03,14:43:11,00:00:18
stefano.crapanzano@chu.ulg.ac.be,An existing connection was forcibly closed by the remote host elasticsearch - Recherche Google - Google Chrome,Tâches diverses,2021-09-03,14:44:04,00:00:04
stefano.crapanzano@chu.ulg.ac.be,An existing connection was forcibly closed by the remote host elasticsearch - Recherche Google - Google Chrome,Tâches diverses,2021-09-03,14:44:49,00:00:06
stefano.crapanzano@chu.ulg.ac.be,An existing connection was forcibly closed by the remote host elasticsearch - Recherche Google - Google Chrome,Tâches diverses,2021-09-03,14:45:06,00:00:07
stefano.crapanzano@chu.ulg.ac.be,Connection Exception:  An existing connection was forcibly closed by the remote host  - Elastic Stack / Elasticsearch - Discuss the Elastic Stack - Google Chrome,Tâches diverses,2021-09-03,14:44:09,00:00:39
stefano.crapanzano@chu.ulg.ac.be,An existing connection was forcibly closed by the remote host with elasticsearch - Stack Overflow - Google Chrome,Tâches diverses,2021-09-03,14:44:56,00:00:09
stefano.crapanzano@chu.ulg.ac.be,An existing connection was forcibly closed by the remote host - Recherche Google - Google Chrome,Tâches diverses,2021-09-03,14:45:14,00:00:02
stefano.crapanzano@chu.ulg.ac.be,An existing connection was forcibly closed by the remote host - Recherche Google - Google Chrome,Tâches diverses,2021-09-03,14:48:21,00:00:10
stefano.crapanzano@chu.ulg.ac.be,An existing connection was forcibly closed by the remote host - Recherche Google - Google Chrome,Tâches diverses,2021-09-03,14:48:42,00:00:04
stefano.crapanzano@chu.ulg.ac.be,An existing connection was forcibly closed by the remote host - Recherche Google - Google Chrome,Tâches diverses,2021-09-03,14:49:59,00:00:06
stefano.crapanzano@chu.ulg.ac.be,An existing connection was forcibly closed by the remote host - Recherche Google - Google Chrome,Tâches diverses,2021-09-03,14:52:51,00:00:05
stefano.crapanzano@chu.ulg.ac.be,An existing connection was forcibly closed by the remote host - Recherche Google - Google Chrome,Tâches diverses,2021-09-03,14:54:05,00:00:07
stefano.crapanzano@chu.ulg.ac.be,c# - An existing connection was forcibly closed by the remote host - Stack Overflow - Google Chrome,Tâches diverses,2021-09-03,14:45:16,00:01:01
stefano.crapanzano@chu.ulg.ac.be,c# - An existing connection was forcibly closed by the remote host - Stack Overflow - Google Chrome,Tâches diverses,2021-09-03,14:47:03,00:01:17
stefano.crapanzano@chu.ulg.ac.be,sql server - Operational Error: An Existing connection was forcibly closed by the remote host. (10054) - Stack Overflow - Google Chrome,Tâches diverses,2021-09-03,14:48:31,00:00:10
stefano.crapanzano@chu.ulg.ac.be,c# - Http post error: An existing connection was forcibly closed by the remote host - Stack Overflow - Google Chrome,Tâches diverses,2021-09-03,14:48:47,00:00:18
stefano.crapanzano@chu.ulg.ac.be,c# - Http post error: An existing connection was forcibly closed by the remote host - Stack Overflow - Google Chrome,Tâches diverses,2021-09-03,14:49:57,00:00:02
stefano.crapanzano@chu.ulg.ac.be,Iepacs_CHR_2 - sftp://kofaxchr2@iepacs.chu.ulg.ac.be - FileZilla,Helpdesk général,2021-09-03,14:49:28,00:00:02
stefano.crapanzano@chu.ulg.ac.be,Iepacs_CHR_2 - sftp://kofaxchr2@iepacs.chu.ulg.ac.be - FileZilla,Helpdesk général,2021-09-03,14:59:38,00:00:02
stefano.crapanzano@chu.ulg.ac.be,FileZilla,Helpdesk général,2021-09-03,14:49:30,00:00:04
stefano.crapanzano@chu.ulg.ac.be,FileZilla,Helpdesk général,2021-09-03,14:59:40,00:00:06
stefano.crapanzano@chu.ulg.ac.be,FIX: An existing connection was forcibly closed on Minecraft - Google Chrome,Tâches diverses,2021-09-03,14:50:06,00:00:49
stefano.crapanzano@chu.ulg.ac.be,filezilla sending keep-alive command showing up - Recherche Google - Google Chrome,Tâches diverses,2021-09-03,14:52:11,00:00:18
stefano.crapanzano@chu.ulg.ac.be,why filezilla sending keep-alive command showing up - Recherche Google - Google Chrome,Tâches diverses,2021-09-03,14:52:29,00:00:12
stefano.crapanzano@chu.ulg.ac.be,How to Fix Timeouts in Filezilla | Techwalla - Google Chrome,Tâches diverses,2021-09-03,14:52:41,00:00:09
stefano.crapanzano@chu.ulg.ac.be,AE2_203 - sftp://AE2U2FTP@153.89.110.38 - FileZilla,Helpdesk général,2021-09-03,14:53:01,00:00:07
stefano.crapanzano@chu.ulg.ac.be,ULIS - sftp://compta@ULISCHU.SEGI.ULG.AC.BE - FileZilla,Helpdesk général,2021-09-03,14:53:08,00:00:03
stefano.crapanzano@chu.ulg.ac.be,ULIS - sftp://compta@ULISCHU.SEGI.ULG.AC.BE - FileZilla,Helpdesk général,2021-09-03,14:58:27,00:00:02
stefano.crapanzano@chu.ulg.ac.be,An existing connection was forcibly closed by the remote host site:stackoverflow.com - Recherche Google - Google Chrome,Tâches diverses,2021-09-03,14:54:12,00:00:09
stefano.crapanzano@chu.ulg.ac.be,An existing connection was forcibly closed by the remote host site:stackoverflow.com - Recherche Google - Google Chrome,Tâches diverses,2021-09-03,14:55:32,00:00:06
stefano.crapanzano@chu.ulg.ac.be,An existing connection was forcibly closed by the remote host site:stackoverflow.com - Recherche Google - Google Chrome,Tâches diverses,2021-09-03,14:55:56,00:00:16
stefano.crapanzano@chu.ulg.ac.be,An existing connection was forcibly closed by the remote host site:stackoverflow.com - Recherche Google - Google Chrome,Tâches diverses,2021-09-03,14:56:43,00:00:10
stefano.crapanzano@chu.ulg.ac.be,An existing connection was forcibly closed by the remote host site:stackoverflow.com - Recherche Google - Google Chrome,Tâches diverses,2021-09-03,14:56:56,00:00:02
stefano.crapanzano@chu.ulg.ac.be,An existing connection was forcibly closed by the remote host site:stackoverflow.com - Recherche Google - Google Chrome,Tâches diverses,2021-09-03,14:57:38,00:00:05
stefano.crapanzano@chu.ulg.ac.be,An existing connection was forcibly closed by the remote host site:stackoverflow.com - Recherche Google - Google Chrome,Tâches diverses,2021-09-03,14:58:06,00:00:05
stefano.crapanzano@chu.ulg.ac.be,An existing connection was forcibly closed by the remote host site:stackoverflow.com - Recherche Google - Google Chrome,Tâches diverses,2021-09-03,15:05:30,00:00:03
stefano.crapanzano@chu.ulg.ac.be,rest - Getting  java.io.IOException: An existing connection was forcibly closed by the remote host  - Stack Overflow - Google Chrome,Tâches diverses,2021-09-03,14:54:22,00:01:10
stefano.crapanzano@chu.ulg.ac.be,.net - An existing connection was forcibly closed by the remote host - Error on client computer - Stack Overflow - Google Chrome,Tâches diverses,2021-09-03,14:55:38,00:00:17
stefano.crapanzano@chu.ulg.ac.be,sockets - Python - [Errno 10054] An existing connection was forcibly closed by the remote host - sending pickled data issues - Stack Overflow - Google Chrome,Tâches diverses,2021-09-03,14:56:13,00:00:29
stefano.crapanzano@chu.ulg.ac.be,sharepoint - WCF: An existing connection was forcibly closed by the remote host - Stack Overflow - Google Chrome,Tâches diverses,2021-09-03,14:56:53,00:00:03
stefano.crapanzano@chu.ulg.ac.be,c# - An existing connection was forcibly closed by the remote host - WCF Data Service error - Stack Overflow - Google Chrome,Tâches diverses,2021-09-03,14:56:59,00:00:39
stefano.crapanzano@chu.ulg.ac.be,ssis - An existing connection was forcibly closed by the remote host error with Connection Manager - Stack Overflow - Google Chrome,Tâches diverses,2021-09-03,14:57:43,00:00:22
stefano.crapanzano@chu.ulg.ac.be,Saisie de mot de passe,Helpdesk général,2021-09-03,14:58:54,00:00:04
stefano.crapanzano@chu.ulg.ac.be,si-s-serv503 - ErpManager@si-s-serv503 - FileZilla,Helpdesk général,2021-09-03,14:59:01,00:00:29
stefano.crapanzano@chu.ulg.ac.be,si-s-serv503 - ErpManager@si-s-serv503 - FileZilla,Helpdesk général,2021-09-03,14:59:46,00:00:02
