Email,Description,Project,Start date,Start time,Duration
stefano.crapanzano@chu.ulg.ac.be,Administrateur : C:\Windows\system32\cmd.exe - python  main.py,IT,2021-10-19,10:00:13,00:00:04
stefano.crapanzano@chu.ulg.ac.be,Courrier entrant - erp.sai@chuliege.be - Mozilla Thunderbird,Helpdesk général,2021-10-19,08:37:11,00:00:02
stefano.crapanzano@chu.ulg.ac.be,Courrier entrant - erp.sai@chuliege.be - Mozilla Thunderbird,Helpdesk général,2021-10-19,08:38:41,00:01:03
stefano.crapanzano@chu.ulg.ac.be,Courrier entrant - erp.sai@chuliege.be - Mozilla Thunderbird,Helpdesk général,2021-10-19,08:39:46,00:02:39
stefano.crapanzano@chu.ulg.ac.be,Courrier entrant - erp.sai@chuliege.be - Mozilla Thunderbird,Helpdesk général,2021-10-19,08:42:28,00:00:04
stefano.crapanzano@chu.ulg.ac.be,Courrier entrant - erp.sai@chuliege.be - Mozilla Thunderbird,Helpdesk général,2021-10-19,08:58:52,00:01:45
stefano.crapanzano@chu.ulg.ac.be,Courrier entrant - erp.sai@chuliege.be - Mozilla Thunderbird,Helpdesk général,2021-10-19,09:01:59,00:00:12
stefano.crapanzano@chu.ulg.ac.be,Courrier entrant - erp.sai@chuliege.be - Mozilla Thunderbird,Helpdesk général,2021-10-19,09:02:40,00:00:14
stefano.crapanzano@chu.ulg.ac.be,Courrier entrant - erp.sai@chuliege.be - Mozilla Thunderbird,Helpdesk général,2021-10-19,09:19:30,00:00:02
stefano.crapanzano@chu.ulg.ac.be,Courrier entrant - erp.sai@chuliege.be - Mozilla Thunderbird,Helpdesk général,2021-10-19,09:25:23,00:00:16
stefano.crapanzano@chu.ulg.ac.be,Courrier entrant - erp.sai@chuliege.be - Mozilla Thunderbird,Helpdesk général,2021-10-19,09:32:55,00:00:02
stefano.crapanzano@chu.ulg.ac.be,Courrier entrant - erp.sai@chuliege.be - Mozilla Thunderbird,Helpdesk général,2021-10-19,09:34:19,00:00:02
stefano.crapanzano@chu.ulg.ac.be,Courrier entrant - erp.sai@chuliege.be - Mozilla Thunderbird,Helpdesk général,2021-10-19,09:35:48,00:00:02
stefano.crapanzano@chu.ulg.ac.be,Courrier entrant - erp.sai@chuliege.be - Mozilla Thunderbird,Helpdesk général,2021-10-19,09:41:55,00:00:02
stefano.crapanzano@chu.ulg.ac.be,Courrier entrant - erp.sai@chuliege.be - Mozilla Thunderbird,Helpdesk général,2021-10-19,09:43:45,00:00:02
stefano.crapanzano@chu.ulg.ac.be,Courrier entrant - erp.sai@chuliege.be - Mozilla Thunderbird,Helpdesk général,2021-10-19,09:47:14,00:00:13
stefano.crapanzano@chu.ulg.ac.be,Courrier entrant - erp.sai@chuliege.be - Mozilla Thunderbird,Helpdesk général,2021-10-19,09:49:03,00:00:04
stefano.crapanzano@chu.ulg.ac.be,Courrier entrant - erp.sai@chuliege.be - Mozilla Thunderbird,Helpdesk général,2021-10-19,09:52:26,00:00:27
stefano.crapanzano@chu.ulg.ac.be,Courrier entrant - erp.sai@chuliege.be - Mozilla Thunderbird,Helpdesk général,2021-10-19,09:54:16,00:00:13
stefano.crapanzano@chu.ulg.ac.be,Courrier entrant - erp.sai@chuliege.be - Mozilla Thunderbird,Helpdesk général,2021-10-19,09:57:16,00:00:03
stefano.crapanzano@chu.ulg.ac.be,Courrier entrant - erp.sai@chuliege.be - Mozilla Thunderbird,Helpdesk général,2021-10-19,09:57:43,00:00:04
stefano.crapanzano@chu.ulg.ac.be,Courrier entrant - erp.sai@chuliege.be - Mozilla Thunderbird,Tâches diverses,2021-10-19,09:58:36,00:00:05
stefano.crapanzano@chu.ulg.ac.be,Courrier entrant - stefano.crapanzano@chuliege.be - Mozilla Thunderbird,Helpdesk général,2021-10-19,08:37:08,00:00:02
stefano.crapanzano@chu.ulg.ac.be,Courrier entrant - stefano.crapanzano@chuliege.be - Mozilla Thunderbird,Helpdesk général,2021-10-19,08:42:25,00:00:02
stefano.crapanzano@chu.ulg.ac.be,Courrier entrant - stefano.crapanzano@chuliege.be - Mozilla Thunderbird,Helpdesk général,2021-10-19,08:42:32,00:03:21
stefano.crapanzano@chu.ulg.ac.be,Courrier entrant - stefano.crapanzano@chuliege.be - Mozilla Thunderbird,Helpdesk général,2021-10-19,08:51:19,00:01:33
stefano.crapanzano@chu.ulg.ac.be,Courrier entrant - stefano.crapanzano@chuliege.be - Mozilla Thunderbird,Helpdesk général,2021-10-19,08:58:49,00:00:02
stefano.crapanzano@chu.ulg.ac.be,Courrier entrant - stefano.crapanzano@chuliege.be - Mozilla Thunderbird,Helpdesk général,2021-10-19,09:25:40,00:00:05
stefano.crapanzano@chu.ulg.ac.be,Courrier entrant - stefano.crapanzano@chuliege.be - Mozilla Thunderbird,Helpdesk général,2021-10-19,09:41:52,00:00:02
stefano.crapanzano@chu.ulg.ac.be,Courrier entrant - stefano.crapanzano@chuliege.be - Mozilla Thunderbird,Helpdesk général,2021-10-19,09:48:50,00:00:02
stefano.crapanzano@chu.ulg.ac.be,Courrier entrant - stefano.crapanzano@chuliege.be - Mozilla Thunderbird,Helpdesk général,2021-10-19,09:54:12,00:00:04
stefano.crapanzano@chu.ulg.ac.be,Navigation système de fichier,IT,2021-10-19,09:04:07,00:00:02
stefano.crapanzano@chu.ulg.ac.be,Navigation système de fichier,IT,2021-10-19,09:57:20,00:00:06
stefano.crapanzano@chu.ulg.ac.be,Navigation système de fichier,IT,2021-10-19,09:57:41,00:00:02
stefano.crapanzano@chu.ulg.ac.be,Navigation système de fichier,IT,2021-10-19,10:03:26,00:00:02
stefano.crapanzano@chu.ulg.ac.be,Panier pour une immo - Erreur : Budget annuel dépassé - Xperthis ERP4HC 1.0 - Service d'assistance - Google Chrome,Tâches diverses,2021-10-19,08:37:18,00:00:34
stefano.crapanzano@chu.ulg.ac.be,Envoyés - stefano.crapanzano@chuliege.be - Mozilla Thunderbird,Helpdesk général,2021-10-19,08:37:54,00:00:47
stefano.crapanzano@chu.ulg.ac.be,Rédaction : Re: Enfant à charge - Thunderbird,Helpdesk général,2021-10-19,08:45:55,00:05:22
stefano.crapanzano@chu.ulg.ac.be,Rédaction : Re: Enfant à charge - Thunderbird,Helpdesk général,2021-10-19,08:52:57,00:01:11
stefano.crapanzano@chu.ulg.ac.be,Rédaction : Re: Enfant à charge - Thunderbird,Helpdesk général,2021-10-19,08:54:50,00:03:46
stefano.crapanzano@chu.ulg.ac.be,Enfant à charge - Mozilla Thunderbird,Helpdesk général,2021-10-19,08:52:52,00:00:05
stefano.crapanzano@chu.ulg.ac.be,Enfant à charge - Mozilla Thunderbird,Helpdesk général,2021-10-19,08:58:41,00:00:08
stefano.crapanzano@chu.ulg.ac.be,myCHU - Google Chrome,Tâches diverses,2021-10-19,08:54:10,00:00:39
stefano.crapanzano@chu.ulg.ac.be,myCHU - Google Chrome,Tâches diverses,2021-10-19,08:58:38,00:00:02
stefano.crapanzano@chu.ulg.ac.be,myCHU - Google Chrome,Tâches diverses,2021-10-19,09:58:08,00:00:21
stefano.crapanzano@chu.ulg.ac.be,Demandes - Service d'assistance - Google Chrome,Tâches diverses,2021-10-19,09:00:40,00:00:06
stefano.crapanzano@chu.ulg.ac.be,Demandes - Service d'assistance - Google Chrome,Tâches diverses,2021-10-19,09:01:26,00:00:23
stefano.crapanzano@chu.ulg.ac.be,Demandes - Service d'assistance - Google Chrome,Tâches diverses,2021-10-19,09:02:15,00:00:16
stefano.crapanzano@chu.ulg.ac.be,Demandes - Service d'assistance - Google Chrome,Tâches diverses,2021-10-19,09:03:17,00:00:19
stefano.crapanzano@chu.ulg.ac.be,Demandes - Service d'assistance - Google Chrome,Tâches diverses,2021-10-19,09:03:39,00:00:13
stefano.crapanzano@chu.ulg.ac.be,Demandes - Service d'assistance - Google Chrome,Tâches diverses,2021-10-19,09:04:55,00:00:09
stefano.crapanzano@chu.ulg.ac.be,Demandes - Service d'assistance - Google Chrome,Tâches diverses,2021-10-19,09:05:38,00:00:05
stefano.crapanzano@chu.ulg.ac.be,Demandes - Service d'assistance - Google Chrome,Tâches diverses,2021-10-19,09:05:58,00:00:04
stefano.crapanzano@chu.ulg.ac.be,Demandes - Service d'assistance - Google Chrome,Tâches diverses,2021-10-19,09:06:35,00:00:02
stefano.crapanzano@chu.ulg.ac.be,Demandes - Service d'assistance - Google Chrome,Tâches diverses,2021-10-19,09:13:34,00:00:04
stefano.crapanzano@chu.ulg.ac.be,Demandes - Service d'assistance - Google Chrome,Tâches diverses,2021-10-19,09:14:32,00:00:02
stefano.crapanzano@chu.ulg.ac.be,Demandes - Service d'assistance - Google Chrome,Tâches diverses,2021-10-19,09:15:44,00:00:02
stefano.crapanzano@chu.ulg.ac.be,Demandes - Service d'assistance - Google Chrome,Tâches diverses,2021-10-19,09:16:16,00:00:02
stefano.crapanzano@chu.ulg.ac.be,Demandes - Service d'assistance - Google Chrome,Tâches diverses,2021-10-19,09:16:48,00:00:04
stefano.crapanzano@chu.ulg.ac.be,Demandes - Service d'assistance - Google Chrome,Tâches diverses,2021-10-19,09:17:10,00:00:04
stefano.crapanzano@chu.ulg.ac.be,Demandes - Service d'assistance - Google Chrome,Tâches diverses,2021-10-19,09:18:38,00:00:12
stefano.crapanzano@chu.ulg.ac.be,Demandes - Service d'assistance - Google Chrome,Tâches diverses,2021-10-19,09:19:53,00:00:02
stefano.crapanzano@chu.ulg.ac.be,Demandes - Service d'assistance - Google Chrome,Tâches diverses,2021-10-19,09:23:46,00:00:23
stefano.crapanzano@chu.ulg.ac.be,Demandes - Service d'assistance - Google Chrome,Tâches diverses,2021-10-19,09:24:13,00:00:02
stefano.crapanzano@chu.ulg.ac.be,Demandes - Service d'assistance - Google Chrome,Tâches diverses,2021-10-19,09:26:03,00:00:04
stefano.crapanzano@chu.ulg.ac.be,Demandes - Service d'assistance - Google Chrome,Tâches diverses,2021-10-19,09:26:15,00:00:05
stefano.crapanzano@chu.ulg.ac.be,Demandes - Service d'assistance - Google Chrome,Tâches diverses,2021-10-19,09:26:49,00:00:05
stefano.crapanzano@chu.ulg.ac.be,Demandes - Service d'assistance - Google Chrome,Tâches diverses,2021-10-19,09:28:12,00:00:04
stefano.crapanzano@chu.ulg.ac.be,Demandes - Service d'assistance - Google Chrome,Tâches diverses,2021-10-19,09:29:29,00:00:02
stefano.crapanzano@chu.ulg.ac.be,Demandes - Service d'assistance - Google Chrome,Tâches diverses,2021-10-19,09:30:41,00:00:04
stefano.crapanzano@chu.ulg.ac.be,Demandes - Service d'assistance - Google Chrome,Tâches diverses,2021-10-19,09:31:23,00:00:02
stefano.crapanzano@chu.ulg.ac.be,Demandes - Service d'assistance - Google Chrome,Tâches diverses,2021-10-19,09:32:14,00:00:04
stefano.crapanzano@chu.ulg.ac.be,Demandes - Service d'assistance - Google Chrome,Tâches diverses,2021-10-19,09:32:47,00:00:02
stefano.crapanzano@chu.ulg.ac.be,Demandes - Service d'assistance - Google Chrome,Tâches diverses,2021-10-19,09:33:01,00:00:34
stefano.crapanzano@chu.ulg.ac.be,Demandes - Service d'assistance - Google Chrome,Tâches diverses,2021-10-19,09:34:25,00:00:25
stefano.crapanzano@chu.ulg.ac.be,Demandes - Service d'assistance - Google Chrome,Tâches diverses,2021-10-19,09:35:06,00:00:04
stefano.crapanzano@chu.ulg.ac.be,Demandes - Service d'assistance - Google Chrome,Tâches diverses,2021-10-19,09:47:38,00:00:02
stefano.crapanzano@chu.ulg.ac.be,Demandes - Service d'assistance - Google Chrome,Tâches diverses,2021-10-19,09:48:36,00:00:10
stefano.crapanzano@chu.ulg.ac.be,Demandes - Service d'assistance - Google Chrome,Tâches diverses,2021-10-19,09:49:15,00:00:38
stefano.crapanzano@chu.ulg.ac.be,Demandes - Service d'assistance - Google Chrome,Tâches diverses,2021-10-19,09:51:22,00:00:04
stefano.crapanzano@chu.ulg.ac.be,Demandes - Service d'assistance - Google Chrome,Tâches diverses,2021-10-19,09:52:54,00:00:05
stefano.crapanzano@chu.ulg.ac.be,Demandes - Service d'assistance - Google Chrome,Tâches diverses,2021-10-19,09:53:10,00:00:10
stefano.crapanzano@chu.ulg.ac.be,Demandes - Service d'assistance - Google Chrome,Tâches diverses,2021-10-19,09:53:44,00:00:04
stefano.crapanzano@chu.ulg.ac.be,Demandes - Service d'assistance - Google Chrome,Tâches diverses,2021-10-19,09:53:49,00:00:03
stefano.crapanzano@chu.ulg.ac.be,Demandes - Service d'assistance - Google Chrome,Tâches diverses,2021-10-19,09:53:56,00:00:13
stefano.crapanzano@chu.ulg.ac.be,Demandes - Service d'assistance - Google Chrome,Tâches diverses,2021-10-19,09:57:50,00:00:02
stefano.crapanzano@chu.ulg.ac.be,Erreur à la création d'une fiche info-achats - Xperthis ERP4HC 2.0 Rollout - Service d'assistance - Google Chrome,Tâches diverses,2021-10-19,09:00:47,00:00:39
stefano.crapanzano@chu.ulg.ac.be,Réceptionnaire  centre de coût et compte général pas remplis - Xperthis ERP4HC 2.0 Rollout - Service d'assistance - Google Chrome,Tâches diverses,2021-10-19,09:01:49,00:00:09
stefano.crapanzano@chu.ulg.ac.be,Réceptionnaire  centre de coût et compte général pas remplis - Xperthis ERP4HC 2.0 Rollout - Service d'assistance - Google Chrome,Tâches diverses,2021-10-19,09:02:11,00:00:04
stefano.crapanzano@chu.ulg.ac.be,P203 CHU Rapprochement F-03 pour mut V0300000 - Xperthis ERP4HC 1.0 - Service d'assistance - Google Chrome,Tâches diverses,2021-10-19,09:02:31,00:00:06
stefano.crapanzano@chu.ulg.ac.be,P203 CHU Rapprochement F-03 pour mut V0300000 - Xperthis ERP4HC 1.0 - Service d'assistance - Google Chrome,Helpdesk général,2021-10-19,09:02:55,00:00:21
stefano.crapanzano@chu.ulg.ac.be,P203 CHU Paniers toujours visible dans SSP - Xperthis ERP4HC 1.0 - Service d'assistance - Google Chrome,Tâches diverses,2021-10-19,09:03:36,00:00:02
stefano.crapanzano@chu.ulg.ac.be,P203 CHU Paniers toujours visible dans SSP - Xperthis ERP4HC 1.0 - Service d'assistance - Google Chrome,Tâches diverses,2021-10-19,09:15:46,00:00:25
stefano.crapanzano@chu.ulg.ac.be,Extended My Requests - All requests - Service Desk - Google Chrome,Tâches diverses,2021-10-19,09:03:54,00:00:12
stefano.crapanzano@chu.ulg.ac.be,Extended My Requests - All requests - Service Desk - Google Chrome,Tâches diverses,2021-10-19,09:04:38,00:00:17
stefano.crapanzano@chu.ulg.ac.be,Extended My Requests - All requests - Service Desk - Google Chrome,Tâches diverses,2021-10-19,09:34:22,00:00:02
stefano.crapanzano@chu.ulg.ac.be,My_Requests_19_10_2021_09_04.csv - Excel,Tâches diverses,2021-10-19,09:04:22,00:00:13
stefano.crapanzano@chu.ulg.ac.be,My_Requests_19_10_2021_09_04.csv - Excel,Tâches diverses,2021-10-19,09:05:08,00:00:30
stefano.crapanzano@chu.ulg.ac.be,My_Requests_19_10_2021_09_04.csv - Excel,Tâches diverses,2021-10-19,09:05:44,00:00:10
stefano.crapanzano@chu.ulg.ac.be,My_Requests_19_10_2021_09_04.csv - Excel,Tâches diverses,2021-10-19,09:05:56,00:00:02
stefano.crapanzano@chu.ulg.ac.be,My_Requests_19_10_2021_09_04.csv - Excel,Tâches diverses,2021-10-19,09:06:21,00:00:12
stefano.crapanzano@chu.ulg.ac.be,My_Requests_19_10_2021_09_04.csv - Excel,Tâches diverses,2021-10-19,09:07:36,00:00:09
stefano.crapanzano@chu.ulg.ac.be,My_Requests_19_10_2021_09_04.csv - Excel,Tâches diverses,2021-10-19,09:13:05,00:00:27
stefano.crapanzano@chu.ulg.ac.be,My_Requests_19_10_2021_09_04.csv - Excel,Tâches diverses,2021-10-19,09:14:17,00:00:13
stefano.crapanzano@chu.ulg.ac.be,My_Requests_19_10_2021_09_04.csv - Excel,Tâches diverses,2021-10-19,09:15:35,00:00:06
stefano.crapanzano@chu.ulg.ac.be,My_Requests_19_10_2021_09_04.csv - Excel,Tâches diverses,2021-10-19,09:16:12,00:00:02
stefano.crapanzano@chu.ulg.ac.be,My_Requests_19_10_2021_09_04.csv - Excel,Tâches diverses,2021-10-19,09:16:43,00:00:04
stefano.crapanzano@chu.ulg.ac.be,My_Requests_19_10_2021_09_04.csv - Excel,Tâches diverses,2021-10-19,09:16:56,00:00:13
stefano.crapanzano@chu.ulg.ac.be,My_Requests_19_10_2021_09_04.csv - Excel,Tâches diverses,2021-10-19,09:17:40,00:00:56
stefano.crapanzano@chu.ulg.ac.be,My_Requests_19_10_2021_09_04.csv - Excel,Tâches diverses,2021-10-19,09:18:50,00:00:39
stefano.crapanzano@chu.ulg.ac.be,My_Requests_19_10_2021_09_04.csv - Excel,Tâches diverses,2021-10-19,09:19:45,00:00:08
stefano.crapanzano@chu.ulg.ac.be,My_Requests_19_10_2021_09_04.csv - Excel,Tâches diverses,2021-10-19,09:22:10,00:00:04
stefano.crapanzano@chu.ulg.ac.be,My_Requests_19_10_2021_09_04.csv - Excel,Tâches diverses,2021-10-19,09:22:16,00:00:16
stefano.crapanzano@chu.ulg.ac.be,My_Requests_19_10_2021_09_04.csv - Excel,Tâches diverses,2021-10-19,09:22:35,00:00:04
stefano.crapanzano@chu.ulg.ac.be,My_Requests_19_10_2021_09_04.csv - Excel,Tâches diverses,2021-10-19,09:23:23,00:00:04
stefano.crapanzano@chu.ulg.ac.be,My_Requests_19_10_2021_09_04.csv - Excel,Tâches diverses,2021-10-19,09:26:08,00:00:06
stefano.crapanzano@chu.ulg.ac.be,My_Requests_19_10_2021_09_04.csv - Excel,Tâches diverses,2021-10-19,09:26:27,00:00:21
stefano.crapanzano@chu.ulg.ac.be,My_Requests_19_10_2021_09_04.csv - Excel,Tâches diverses,2021-10-19,09:27:52,00:00:18
stefano.crapanzano@chu.ulg.ac.be,My_Requests_19_10_2021_09_04.csv - Excel,Tâches diverses,2021-10-19,09:29:07,00:00:20
stefano.crapanzano@chu.ulg.ac.be,My_Requests_19_10_2021_09_04.csv - Excel,Tâches diverses,2021-10-19,09:29:44,00:00:05
stefano.crapanzano@chu.ulg.ac.be,My_Requests_19_10_2021_09_04.csv - Excel,Helpdesk général,2021-10-19,09:30:29,00:00:10
stefano.crapanzano@chu.ulg.ac.be,My_Requests_19_10_2021_09_04.csv - Excel,Tâches diverses,2021-10-19,09:31:07,00:00:15
stefano.crapanzano@chu.ulg.ac.be,My_Requests_19_10_2021_09_04.csv - Excel,Tâches diverses,2021-10-19,09:32:26,00:00:19
stefano.crapanzano@chu.ulg.ac.be,Assistant Conversion - Étape 1 sur 3,Tâches diverses,2021-10-19,09:04:15,00:00:02
stefano.crapanzano@chu.ulg.ac.be,Assistant Conversion - Étape 2 sur 3,Tâches diverses,2021-10-19,09:04:18,00:00:02
stefano.crapanzano@chu.ulg.ac.be,Filtre automatique personnalisé,Tâches diverses,2021-10-19,09:04:35,00:00:02
stefano.crapanzano@chu.ulg.ac.be,Filtre automatique personnalisé,Tâches diverses,2021-10-19,09:05:05,00:00:02
stefano.crapanzano@chu.ulg.ac.be,Filtre automatique personnalisé,Tâches diverses,2021-10-19,09:26:21,00:00:06
stefano.crapanzano@chu.ulg.ac.be,P203 CHU Demande de configuration de 3 terminaux bancontact - Xperthis ERP4HC 1.0 - Service d'assistance - Google Chrome,Tâches diverses,2021-10-19,09:06:03,00:00:18
stefano.crapanzano@chu.ulg.ac.be,P203 CHU Job C203_ZHUL_EDICOM interrompu - Xperthis ERP4HC 1.0 - Service d'assistance - Google Chrome,Tâches diverses,2021-10-19,09:06:38,00:00:27
stefano.crapanzano@chu.ulg.ac.be,P203 CHU Job C203_ZHUL_EDICOM interrompu - Xperthis ERP4HC 1.0 - Service d'assistance - Google Chrome,Tâches diverses,2021-10-19,09:07:07,00:00:28
stefano.crapanzano@chu.ulg.ac.be,P203 CHU Factures EDICOM en erreur - Xperthis ERP4HC 1.0 - Service d'assistance - Google Chrome,Tâches diverses,2021-10-19,09:07:05,00:00:02
stefano.crapanzano@chu.ulg.ac.be,P203 CHU Factures EDICOM en erreur - Xperthis ERP4HC 1.0 - Service d'assistance - Google Chrome,Tâches diverses,2021-10-19,09:07:47,00:01:59
stefano.crapanzano@chu.ulg.ac.be,P203 CHU Factures EDICOM en erreur - Xperthis ERP4HC 1.0 - Service d'assistance - Google Chrome,Exploration SAP,2021-10-19,09:09:59,00:00:16
stefano.crapanzano@chu.ulg.ac.be,P203 CHU Factures EDICOM en erreur - Xperthis ERP4HC 1.0 - Service d'assistance - Google Chrome,Tâches diverses,2021-10-19,09:12:27,00:00:32
stefano.crapanzano@chu.ulg.ac.be,SAP Logon 760,Exploration SAP,2021-10-19,09:09:46,00:00:02
stefano.crapanzano@chu.ulg.ac.be,SAP,Exploration SAP,2021-10-19,09:09:49,00:00:09
stefano.crapanzano@chu.ulg.ac.be,SAP,Exploration SAP,2021-10-19,09:11:56,00:00:06
stefano.crapanzano@chu.ulg.ac.be,SAP Easy Access Menu de base Applications financières-économiques,Exploration SAP,2021-10-19,09:11:42,00:00:05
stefano.crapanzano@chu.ulg.ac.be,PE2_203 - sftp://PE2U2FTP@153.89.110.38 - FileZilla,Tâches diverses,2021-10-19,09:10:16,00:00:13
stefano.crapanzano@chu.ulg.ac.be,PE2_203 - sftp://PE2U2FTP@153.89.110.38 - FileZilla,Helpdesk général,2021-10-19,09:10:31,00:00:19
stefano.crapanzano@chu.ulg.ac.be,PE2_203 - sftp://PE2U2FTP@153.89.110.38 - FileZilla,Helpdesk général,2021-10-19,09:10:51,00:00:26
stefano.crapanzano@chu.ulg.ac.be,AE2_203 - sftp://AE2U2FTP@153.89.110.38 - FileZilla,Helpdesk général,2021-10-19,09:11:18,00:00:20
stefano.crapanzano@chu.ulg.ac.be,AE2_203 - sftp://AE2U2FTP@153.89.110.38 - FileZilla,Helpdesk général,2021-10-19,09:12:04,00:00:12
stefano.crapanzano@chu.ulg.ac.be,Changement de tâche,Tâches diverses,2021-10-19,09:22:32,00:00:02
stefano.crapanzano@chu.ulg.ac.be,ABAP : catalogue des variantes du programme ZSCANINV_XML_TO_WF,Exploration SAP,2021-10-19,09:11:48,00:00:02
stefano.crapanzano@chu.ulg.ac.be,ZSCANINV_XML_TO_WF,Exploration SAP,2021-10-19,09:11:53,00:00:02
stefano.crapanzano@chu.ulg.ac.be,C:\Users\c158492\AppData\Local\Temp\fz3temp-3\ZHUL_632930.TXT - Notepad++ [Administrator],IT,2021-10-19,09:12:16,00:00:09
stefano.crapanzano@chu.ulg.ac.be,*nouveau 12 - Notepad++ [Administrator],IT,2021-10-19,09:13:01,00:00:04
stefano.crapanzano@chu.ulg.ac.be,P203 CHU IDoc 338410 en statut 51 - Xperthis ERP4HC 1.0 - Service d'assistance - Google Chrome,Tâches diverses,2021-10-19,09:13:38,00:00:39
stefano.crapanzano@chu.ulg.ac.be,P203 CHU IDoc 338410 en statut 51 - Xperthis ERP4HC 1.0 - Service d'assistance - Google Chrome,Tâches diverses,2021-10-19,09:16:52,00:00:04
stefano.crapanzano@chu.ulg.ac.be,P203 CHU IDoc 338410 en statut 51 - Xperthis ERP4HC 1.0 - Service d'assistance - Google Chrome,Tâches diverses,2021-10-19,09:19:56,00:00:08
stefano.crapanzano@chu.ulg.ac.be,P203 CHU IDoc 338410 en statut 51 - Xperthis ERP4HC 1.0 - Service d'assistance - Google Chrome,Tâches diverses,2021-10-19,09:22:39,00:00:43
stefano.crapanzano@chu.ulg.ac.be,P203 CHU IDoc 338410 en statut 51 - Xperthis ERP4HC 1.0 - Service d'assistance - Google Chrome,Tâches diverses,2021-10-19,09:23:43,00:00:02
stefano.crapanzano@chu.ulg.ac.be,P203 CHU IDoc 338410 en statut 51 - Xperthis ERP4HC 1.0 - Service d'assistance - Google Chrome,Tâches diverses,2021-10-19,09:52:59,00:00:10
stefano.crapanzano@chu.ulg.ac.be,CLONE - P203 CHU IDoc 329798 statut 51 car un article est en statut bloqué : toute la demande de réapprovisionnement est bloquée - Xperthis ERP4HC 1.0 - Service d'assistance - Google Chrome,Tâches diverses,2021-10-19,09:14:35,00:01:00
stefano.crapanzano@chu.ulg.ac.be,P203 coût licence SAP - Xperthis ERP4HC 1.0 - Service d'assistance - Google Chrome,Tâches diverses,2021-10-19,09:16:19,00:00:23
stefano.crapanzano@chu.ulg.ac.be,P203 coût licence SAP - Xperthis ERP4HC 1.0 - Service d'assistance - Google Chrome,Tâches diverses,2021-10-19,09:53:53,00:00:02
stefano.crapanzano@chu.ulg.ac.be,P203 CHU Caractères manquants concernant l'emplacement affiché sur les PDAs - suite du ticket SDERP-18663 - Xperthis ERP4HC 1.0 - Service d'assistance - Google Chrome,Tâches diverses,2021-10-19,09:17:14,00:00:26
stefano.crapanzano@chu.ulg.ac.be,Rédaction : (pas de sujet) - Thunderbird,Helpdesk général,2021-10-19,09:19:38,00:00:06
stefano.crapanzano@chu.ulg.ac.be,Rédaction : (pas de sujet) - Thunderbird,Helpdesk général,2021-10-19,09:20:07,00:02:02
stefano.crapanzano@chu.ulg.ac.be,Rédaction : (pas de sujet) - Thunderbird,Helpdesk général,2021-10-19,09:23:28,00:00:13
stefano.crapanzano@chu.ulg.ac.be,Rédaction : (pas de sujet) - Thunderbird,Helpdesk général,2021-10-19,09:24:09,00:00:04
stefano.crapanzano@chu.ulg.ac.be,Rédaction : (pas de sujet) - Thunderbird,Helpdesk général,2021-10-19,09:24:37,00:00:02
stefano.crapanzano@chu.ulg.ac.be,P203 CHU UNILAB : Distribution articles périmés - Xperthis ERP4HC 1.0 - Service d'assistance - Google Chrome,Tâches diverses,2021-10-19,09:24:16,00:00:20
stefano.crapanzano@chu.ulg.ac.be,P203 CHU UNILAB : Distribution articles périmés - Xperthis ERP4HC 1.0 - Service d'assistance - Google Chrome,Tâches diverses,2021-10-19,09:26:00,00:00:02
stefano.crapanzano@chu.ulg.ac.be,Rédaction : Liste de ticket en attente de réponse - Thunderbird,Helpdesk général,2021-10-19,09:24:55,00:00:10
stefano.crapanzano@chu.ulg.ac.be,Rédaction : Liste de ticket en attente de réponse de la - Thunderbird,Helpdesk général,2021-10-19,09:24:49,00:00:02
stefano.crapanzano@chu.ulg.ac.be,Rédaction : Liste de tickets en attente de réponse - Thunderbird,Helpdesk général,2021-10-19,09:25:06,00:00:04
stefano.crapanzano@chu.ulg.ac.be,Rédaction : Liste de tickets en attente de réponse - Thunderbird,Helpdesk général,2021-10-19,09:25:11,00:00:09
stefano.crapanzano@chu.ulg.ac.be,Envoyés - erp.sai@chuliege.be - Mozilla Thunderbird,Helpdesk général,2021-10-19,09:25:46,00:00:12
stefano.crapanzano@chu.ulg.ac.be,Envoyés - erp.sai@chuliege.be - Mozilla Thunderbird,Helpdesk général,2021-10-19,09:29:51,00:00:37
stefano.crapanzano@chu.ulg.ac.be,Envoyés - erp.sai@chuliege.be - Mozilla Thunderbird,Helpdesk général,2021-10-19,09:41:58,00:00:06
stefano.crapanzano@chu.ulg.ac.be,Envoyés - erp.sai@chuliege.be - Mozilla Thunderbird,Helpdesk général,2021-10-19,09:42:23,00:01:21
stefano.crapanzano@chu.ulg.ac.be,Envoyés - erp.sai@chuliege.be - Mozilla Thunderbird,Helpdesk général,2021-10-19,09:43:48,00:03:26
stefano.crapanzano@chu.ulg.ac.be,Envoyés - erp.sai@chuliege.be - Mozilla Thunderbird,Helpdesk général,2021-10-19,09:47:31,00:00:05
stefano.crapanzano@chu.ulg.ac.be,Envoyés - erp.sai@chuliege.be - Mozilla Thunderbird,Helpdesk général,2021-10-19,09:48:52,00:00:10
stefano.crapanzano@chu.ulg.ac.be,Envoyés - erp.sai@chuliege.be - Mozilla Thunderbird,Helpdesk général,2021-10-19,09:51:47,00:00:39
stefano.crapanzano@chu.ulg.ac.be,Envoyés - erp.sai@chuliege.be - Mozilla Thunderbird,Helpdesk général,2021-10-19,09:54:30,00:02:41
stefano.crapanzano@chu.ulg.ac.be,Comment accéder à SAP Libération des factures (Workflow approval) sur X01 ? - Xperthis ERP4HC 2.0 Rollout - Service d'assistance - Google Chrome,Tâches diverses,2021-10-19,09:26:55,00:00:57
stefano.crapanzano@chu.ulg.ac.be,Comment accéder à SAP Libération des factures (Workflow approval) sur X01 ? - Xperthis ERP4HC 2.0 Rollout - Service d'assistance - Google Chrome,Tâches diverses,2021-10-19,09:32:50,00:00:04
stefano.crapanzano@chu.ulg.ac.be,Comment accéder à SAP Libération des factures (Workflow approval) sur X01 ? - Xperthis ERP4HC 2.0 Rollout - Service d'assistance - Google Chrome,Tâches diverses,2021-10-19,09:32:58,00:00:02
stefano.crapanzano@chu.ulg.ac.be,Cycle 3 ERP 2.0 - Xperthis ERP4HC 2.0 Rollout - Service d'assistance - Google Chrome,Tâches diverses,2021-10-19,09:28:17,00:00:50
stefano.crapanzano@chu.ulg.ac.be,Test de ZCREATION_PERS sur X01 - Xperthis ERP4HC 2.0 Rollout - Service d'assistance - Google Chrome,Tâches diverses,2021-10-19,09:29:32,00:00:12
stefano.crapanzano@chu.ulg.ac.be,Test de ZCREATION_PERS sur X01 - Xperthis ERP4HC 2.0 Rollout - Service d'assistance - Google Chrome,Tâches diverses,2021-10-19,09:34:50,00:00:15
stefano.crapanzano@chu.ulg.ac.be,Connexion à TE6 et A03 impossible. Problème identique au ticket SDERP-18907 - Xperthis ERP4HC 2.0 Rollout - Service d'assistance - Google Chrome,Tâches diverses,2021-10-19,09:30:45,00:00:21
stefano.crapanzano@chu.ulg.ac.be,Unité dans SSP incorrecte - Elle doit venir de ZMMARTIKEL - Xperthis ERP4HC 2.0 Rollout - Service d'assistance - Google Chrome,Tâches diverses,2021-10-19,09:31:26,00:00:45
stefano.crapanzano@chu.ulg.ac.be,Approbation de commandes d'achat - Xperthis ERP4HC 2.0 Rollout - Service d'assistance - Google Chrome,Tâches diverses,2021-10-19,09:32:18,00:00:08
stefano.crapanzano@chu.ulg.ac.be,P203 - PE2 - Panier pour une immo - Erreur : Budget annuel dépassé - Xperthis ERP4HC 1.0 - Service d'assistance - Google Chrome,Tâches diverses,2021-10-19,09:33:35,00:00:04
stefano.crapanzano@chu.ulg.ac.be,2021-10-18 16_24_05-192.168.123.80 - Netop Remote Control.png - IrfanView,Tâches diverses,2021-10-19,09:33:40,00:00:04
stefano.crapanzano@chu.ulg.ac.be,Service MT - Google Chrome,Tâches diverses,2021-10-19,09:33:59,00:00:08
stefano.crapanzano@chu.ulg.ac.be,Service MT - Google Chrome,Tâches diverses,2021-10-19,09:49:09,00:00:05
stefano.crapanzano@chu.ulg.ac.be,Service MT - Google Chrome,Tâches diverses,2021-10-19,09:51:27,00:00:18
stefano.crapanzano@chu.ulg.ac.be,Service MT - Google Chrome,Tâches diverses,2021-10-19,09:57:54,00:00:04
stefano.crapanzano@chu.ulg.ac.be,Identification - Google Chrome,Tâches diverses,2021-10-19,09:33:52,00:00:05
stefano.crapanzano@chu.ulg.ac.be,Options par défaut pour utilisateurs - Google Chrome,Tâches diverses,2021-10-19,09:35:11,00:00:02
stefano.crapanzano@chu.ulg.ac.be,par0019wi.xperthis.be - Google Chrome,Tâches diverses,2021-10-19,09:35:19,00:00:02
stefano.crapanzano@chu.ulg.ac.be,Microsoft To Do - Google Chrome,Tâches diverses,2021-10-19,09:35:25,00:00:02
stefano.crapanzano@chu.ulg.ac.be,SAM-DB : clone d'un pc ATI - Google Chrome,Tâches diverses,2021-10-19,09:35:30,00:00:17
stefano.crapanzano@chu.ulg.ac.be,SAM-DB : clone d'un pc ATI - Google Chrome,Tâches diverses,2021-10-19,09:37:06,00:00:08
stefano.crapanzano@chu.ulg.ac.be,SAM-DB : clone d'un pc ATI - Google Chrome,Tâches diverses,2021-10-19,09:38:20,00:00:30
stefano.crapanzano@chu.ulg.ac.be,SAM-DB : clone d'un pc ATI - Google Chrome,Tâches diverses,2021-10-19,09:39:09,00:00:15
stefano.crapanzano@chu.ulg.ac.be,SAM-DB : clone d'un pc ATI - Google Chrome,Tâches diverses,2021-10-19,09:39:29,00:00:05
stefano.crapanzano@chu.ulg.ac.be,SAM-DB : clone d'un pc ATI - Google Chrome,Tâches diverses,2021-10-19,09:41:48,00:00:02
stefano.crapanzano@chu.ulg.ac.be,coline - Mozilla Thunderbird,Helpdesk général,2021-10-19,09:35:50,00:00:12
stefano.crapanzano@chu.ulg.ac.be,SAP Kardex Connector ticket 382931 - Mozilla Thunderbird,Helpdesk général,2021-10-19,09:36:03,00:00:05
stefano.crapanzano@chu.ulg.ac.be,Rédaction : Fwd: Fwd: SAP Kardex Connector ticket 382931 - Thunderbird,Helpdesk général,2021-10-19,09:36:09,00:00:56
stefano.crapanzano@chu.ulg.ac.be,Rédaction : Fwd: Fwd: SAP Kardex Connector ticket 382931 - Thunderbird,Helpdesk général,2021-10-19,09:37:14,00:00:12
stefano.crapanzano@chu.ulg.ac.be,Rédaction : Fwd: Fwd: SAP Kardex Connector ticket 382931 - Thunderbird,Helpdesk général,2021-10-19,09:37:44,00:00:35
stefano.crapanzano@chu.ulg.ac.be,Rédaction : Fwd: Fwd: SAP Kardex Connector ticket 382931 - Thunderbird,Helpdesk général,2021-10-19,09:38:50,00:00:19
stefano.crapanzano@chu.ulg.ac.be,Rédaction : Fwd: Fwd: SAP Kardex Connector ticket 382931 - Thunderbird,Helpdesk général,2021-10-19,09:39:24,00:00:05
stefano.crapanzano@chu.ulg.ac.be,Rédaction : Fwd: Fwd: SAP Kardex Connector ticket 382931 - Thunderbird,Helpdesk général,2021-10-19,09:39:35,00:02:10
stefano.crapanzano@chu.ulg.ac.be,SAM : Demande 382931 - Google Chrome,Tâches diverses,2021-10-19,09:37:28,00:00:02
stefano.crapanzano@chu.ulg.ac.be,SAM : Demande 382931 - Google Chrome,Tâches diverses,2021-10-19,09:49:53,00:01:29
stefano.crapanzano@chu.ulg.ac.be,Enregistrer sous,Tâches diverses,2021-10-19,09:37:30,00:00:02
stefano.crapanzano@chu.ulg.ac.be,Joindre les fichiers,Helpdesk général,2021-10-19,09:37:36,00:00:08
stefano.crapanzano@chu.ulg.ac.be,Rédaction : Fwd: Fwd: Fwd: SAP Kardex Connector ticket 382931 - Thunderbird,Helpdesk général,2021-10-19,09:42:04,00:00:16
stefano.crapanzano@chu.ulg.ac.be,P203 CHU Factures apo non comptabilisée lors du retour apo via la transaction zapo - Xperthis ERP4HC 1.0 - Service d'assistance - Google Chrome,Tâches diverses,2021-10-19,09:47:40,00:00:55
stefano.crapanzano@chu.ulg.ac.be,P203 CHU Suppression affichage quantité fractionnement du lot sur bon de livraison (projet GOAL) - Xperthis ERP4HC 1.0 - Service d'assistance - Google Chrome,Tâches diverses,2021-10-19,09:53:21,00:00:23
stefano.crapanzano@chu.ulg.ac.be,erpmanager - Total Commander (x64) 9.0a - NOT REGISTERED,Tâches diverses,2021-10-19,09:57:29,00:00:10
stefano.crapanzano@chu.ulg.ac.be,Dépannage des erreurs « RPC Server Unavailable » (serveur RPC non disponible) | Dell Belgique - Google Chrome,Tâches diverses,2021-10-19,09:58:00,00:00:06
stefano.crapanzano@chu.ulg.ac.be,c158492/intrastat_project - requirements.txt at master - intrastat_project - Gitea: Git with a cup of tea - Google Chrome,Helpdesk général,2021-10-19,09:58:31,00:00:02
stefano.crapanzano@chu.ulg.ac.be,Lecture documentation,Tâches diverses,2021-10-19,09:58:41,00:01:31
stefano.crapanzano@chu.ulg.ac.be,Lecture documentation,Tâches diverses,2021-10-19,10:00:18,00:03:08
stefano.crapanzano@chu.ulg.ac.be,Lecture documentation,Tâches diverses,2021-10-19,10:03:52,00:00:19
