Email,Description,Project,Start date,Start time,Duration
stefano.crapanzano@chu.ulg.ac.be,Courrier entrant - erp.sai@chuliege.be - Mozilla Thunderbird,Helpdesk général,2021-10-20,08:54:07,00:00:02
stefano.crapanzano@chu.ulg.ac.be,Courrier entrant - erp.sai@chuliege.be - Mozilla Thunderbird,Helpdesk général,2021-10-20,08:55:34,00:01:50
stefano.crapanzano@chu.ulg.ac.be,Courrier entrant - erp.sai@chuliege.be - Mozilla Thunderbird,Helpdesk général,2021-10-20,09:24:34,00:02:30
stefano.crapanzano@chu.ulg.ac.be,Courrier entrant - erp.sai@chuliege.be - Mozilla Thunderbird,Tâches diverses,2021-10-20,09:32:10,00:01:20
stefano.crapanzano@chu.ulg.ac.be,Courrier entrant - erp.sai@chuliege.be - Mozilla Thunderbird,Helpdesk général,2021-10-20,09:47:27,00:00:11
stefano.crapanzano@chu.ulg.ac.be,Courrier entrant - erp.sai@chuliege.be - Mozilla Thunderbird,Helpdesk général,2021-10-20,10:08:10,00:00:02
stefano.crapanzano@chu.ulg.ac.be,Courrier entrant - erp.sai@chuliege.be - Mozilla Thunderbird,Helpdesk général,2021-10-20,10:25:02,00:00:02
stefano.crapanzano@chu.ulg.ac.be,Courrier entrant - erp.sai@chuliege.be - Mozilla Thunderbird,Helpdesk général,2021-10-20,10:32:20,00:07:17
stefano.crapanzano@chu.ulg.ac.be,Courrier entrant - erp.sai@chuliege.be - Mozilla Thunderbird,Helpdesk général,2021-10-20,10:39:56,00:00:06
stefano.crapanzano@chu.ulg.ac.be,Courrier entrant - erp.sai@chuliege.be - Mozilla Thunderbird,Helpdesk général,2021-10-20,10:53:28,00:00:06
stefano.crapanzano@chu.ulg.ac.be,Courrier entrant - erp.sai@chuliege.be - Mozilla Thunderbird,Helpdesk général,2021-10-20,11:06:27,00:00:06
stefano.crapanzano@chu.ulg.ac.be,Courrier entrant - erp.sai@chuliege.be - Mozilla Thunderbird,Helpdesk général,2021-10-20,11:25:38,00:00:05
stefano.crapanzano@chu.ulg.ac.be,Courrier entrant - erp.sai@chuliege.be - Mozilla Thunderbird,Helpdesk général,2021-10-20,11:26:05,00:00:10
stefano.crapanzano@chu.ulg.ac.be,Courrier entrant - erp.sai@chuliege.be - Mozilla Thunderbird,Helpdesk général,2021-10-20,11:26:28,00:00:05
stefano.crapanzano@chu.ulg.ac.be,Courrier entrant - erp.sai@chuliege.be - Mozilla Thunderbird,Helpdesk général,2021-10-20,11:28:15,00:00:02
stefano.crapanzano@chu.ulg.ac.be,Courrier entrant - erp.sai@chuliege.be - Mozilla Thunderbird,Helpdesk général,2021-10-20,11:28:19,00:00:02
stefano.crapanzano@chu.ulg.ac.be,Courrier entrant - erp.sai@chuliege.be - Mozilla Thunderbird,Tâches diverses,2021-10-20,11:30:04,00:00:02
stefano.crapanzano@chu.ulg.ac.be,Courrier entrant - erp.sai@chuliege.be - Mozilla Thunderbird,Helpdesk général,2021-10-20,11:36:48,00:00:18
stefano.crapanzano@chu.ulg.ac.be,Courrier entrant - erp.sai@chuliege.be - Mozilla Thunderbird,Helpdesk général,2021-10-20,11:46:07,00:00:02
stefano.crapanzano@chu.ulg.ac.be,Courrier entrant - erp.sai@chuliege.be - Mozilla Thunderbird,Helpdesk général,2021-10-20,11:48:26,00:00:02
stefano.crapanzano@chu.ulg.ac.be,Courrier entrant - erp.sai@chuliege.be - Mozilla Thunderbird,Helpdesk général,2021-10-20,12:04:28,00:00:10
stefano.crapanzano@chu.ulg.ac.be,Courrier entrant - erp.sai@chuliege.be - Mozilla Thunderbird,Helpdesk général,2021-10-20,12:26:49,00:00:18
stefano.crapanzano@chu.ulg.ac.be,Courrier entrant - erp.sai@chuliege.be - Mozilla Thunderbird,Helpdesk général,2021-10-20,12:27:09,00:00:03
stefano.crapanzano@chu.ulg.ac.be,Courrier entrant - erp.sai@chuliege.be - Mozilla Thunderbird,Tâches diverses,2021-10-20,12:27:25,00:00:04
stefano.crapanzano@chu.ulg.ac.be,Courrier entrant - erp.sai@chuliege.be - Mozilla Thunderbird,Helpdesk général,2021-10-20,12:29:52,00:00:09
stefano.crapanzano@chu.ulg.ac.be,Lecture documentation,Tâches diverses,2021-10-20,08:54:10,00:01:04
stefano.crapanzano@chu.ulg.ac.be,Lecture documentation,Tâches diverses,2021-10-20,12:30:02,00:02:52
stefano.crapanzano@chu.ulg.ac.be,Navigation système de fichier,IT,2021-10-20,08:55:15,00:00:18
stefano.crapanzano@chu.ulg.ac.be,Navigation système de fichier,IT,2021-10-20,09:27:04,00:00:02
stefano.crapanzano@chu.ulg.ac.be,Navigation système de fichier,IT,2021-10-20,09:39:25,00:00:07
stefano.crapanzano@chu.ulg.ac.be,Navigation système de fichier,IT,2021-10-20,09:40:00,00:00:15
stefano.crapanzano@chu.ulg.ac.be,Navigation système de fichier,IT,2021-10-20,09:40:17,00:00:20
stefano.crapanzano@chu.ulg.ac.be,Navigation système de fichier,IT,2021-10-20,09:46:22,00:00:02
stefano.crapanzano@chu.ulg.ac.be,Navigation système de fichier,IT,2021-10-20,09:46:34,00:00:15
stefano.crapanzano@chu.ulg.ac.be,Navigation système de fichier,IT,2021-10-20,09:48:22,00:00:03
stefano.crapanzano@chu.ulg.ac.be,Navigation système de fichier,IT,2021-10-20,09:49:20,00:00:10
stefano.crapanzano@chu.ulg.ac.be,Navigation système de fichier,IT,2021-10-20,09:49:55,00:00:45
stefano.crapanzano@chu.ulg.ac.be,Navigation système de fichier,IT,2021-10-20,09:52:58,00:00:03
stefano.crapanzano@chu.ulg.ac.be,Navigation système de fichier,IT,2021-10-20,09:59:56,00:00:02
stefano.crapanzano@chu.ulg.ac.be,Navigation système de fichier,IT,2021-10-20,10:03:09,00:00:41
stefano.crapanzano@chu.ulg.ac.be,Navigation système de fichier,IT,2021-10-20,10:12:12,00:00:03
stefano.crapanzano@chu.ulg.ac.be,Navigation système de fichier,IT,2021-10-20,10:15:42,00:00:02
stefano.crapanzano@chu.ulg.ac.be,Navigation système de fichier,IT,2021-10-20,10:25:09,00:00:37
stefano.crapanzano@chu.ulg.ac.be,Navigation système de fichier,IT,2021-10-20,10:26:57,00:00:02
stefano.crapanzano@chu.ulg.ac.be,Navigation système de fichier,IT,2021-10-20,10:39:49,00:00:06
stefano.crapanzano@chu.ulg.ac.be,Navigation système de fichier,IT,2021-10-20,10:56:47,00:00:03
stefano.crapanzano@chu.ulg.ac.be,Navigation système de fichier,IT,2021-10-20,11:03:45,00:00:03
stefano.crapanzano@chu.ulg.ac.be,Navigation système de fichier,IT,2021-10-20,11:07:57,00:00:02
stefano.crapanzano@chu.ulg.ac.be,Navigation système de fichier,IT,2021-10-20,11:19:10,00:00:02
stefano.crapanzano@chu.ulg.ac.be,Navigation système de fichier,IT,2021-10-20,11:19:28,00:00:03
stefano.crapanzano@chu.ulg.ac.be,Navigation système de fichier,IT,2021-10-20,11:28:22,00:00:06
stefano.crapanzano@chu.ulg.ac.be,Navigation système de fichier,IT,2021-10-20,11:28:29,00:00:03
stefano.crapanzano@chu.ulg.ac.be,Navigation système de fichier,IT,2021-10-20,11:31:45,00:00:03
stefano.crapanzano@chu.ulg.ac.be,Navigation système de fichier,IT,2021-10-20,11:53:08,00:00:03
stefano.crapanzano@chu.ulg.ac.be,Navigation système de fichier,IT,2021-10-20,12:04:43,00:00:02
stefano.crapanzano@chu.ulg.ac.be,Navigation système de fichier,IT,2021-10-20,12:04:48,00:00:02
stefano.crapanzano@chu.ulg.ac.be,Navigation système de fichier,IT,2021-10-20,12:27:13,00:00:02
stefano.crapanzano@chu.ulg.ac.be,SAP HARPEGE - SDM Meeting Q2/2021 & Q3/2021,Helpdesk général,2021-10-20,08:57:24,00:00:09
stefano.crapanzano@chu.ulg.ac.be,Rédaction : (pas de sujet) - Thunderbird,Helpdesk général,2021-10-20,08:57:34,00:00:09
stefano.crapanzano@chu.ulg.ac.be,Rédaction : (pas de sujet) - Thunderbird,Helpdesk général,2021-10-20,12:05:34,00:00:14
stefano.crapanzano@chu.ulg.ac.be,Rédaction : (pas de sujet) - Thunderbird,Helpdesk général,2021-10-20,12:05:56,00:01:01
stefano.crapanzano@chu.ulg.ac.be,Rédaction : (pas de sujet) - Thunderbird,Helpdesk général,2021-10-20,12:06:59,00:00:55
stefano.crapanzano@chu.ulg.ac.be,Rédaction : (pas de sujet) - Thunderbird,Helpdesk général,2021-10-20,12:08:03,00:00:09
stefano.crapanzano@chu.ulg.ac.be,Rédaction : (pas de sujet) - Thunderbird,Helpdesk général,2021-10-20,12:08:19,00:00:40
stefano.crapanzano@chu.ulg.ac.be,Rédaction : (pas de sujet) - Thunderbird,Helpdesk général,2021-10-20,12:09:33,00:00:18
stefano.crapanzano@chu.ulg.ac.be,Rédaction : (pas de sujet) - Thunderbird,Helpdesk général,2021-10-20,12:09:55,00:00:08
stefano.crapanzano@chu.ulg.ac.be,Rédaction : (pas de sujet) - Thunderbird,Helpdesk général,2021-10-20,12:10:06,00:00:16
stefano.crapanzano@chu.ulg.ac.be,Rédaction : (pas de sujet) - Thunderbird,Tâches diverses,2021-10-20,12:10:25,00:00:39
stefano.crapanzano@chu.ulg.ac.be,Rédaction : (pas de sujet) - Thunderbird,Helpdesk général,2021-10-20,12:11:12,00:00:10
stefano.crapanzano@chu.ulg.ac.be,Rédaction : (pas de sujet) - Thunderbird,Helpdesk général,2021-10-20,12:11:24,00:00:02
stefano.crapanzano@chu.ulg.ac.be,Rédaction : (pas de sujet) - Thunderbird,Helpdesk général,2021-10-20,12:11:44,00:00:05
stefano.crapanzano@chu.ulg.ac.be,Rédaction : (pas de sujet) - Thunderbird,Helpdesk général,2021-10-20,12:11:52,00:00:06
stefano.crapanzano@chu.ulg.ac.be,Rédaction : (pas de sujet) - Thunderbird,Helpdesk général,2021-10-20,12:12:11,00:00:28
stefano.crapanzano@chu.ulg.ac.be,Rédaction : (pas de sujet) - Thunderbird,Helpdesk général,2021-10-20,12:12:56,00:00:16
stefano.crapanzano@chu.ulg.ac.be,Rédaction : (pas de sujet) - Thunderbird,Helpdesk général,2021-10-20,12:13:29,00:00:14
stefano.crapanzano@chu.ulg.ac.be,Rédaction : (pas de sujet) - Thunderbird,Helpdesk général,2021-10-20,12:14:08,00:00:09
stefano.crapanzano@chu.ulg.ac.be,Rédaction : (pas de sujet) - Thunderbird,Helpdesk général,2021-10-20,12:14:19,00:00:04
stefano.crapanzano@chu.ulg.ac.be,Rédaction : (pas de sujet) - Thunderbird,Helpdesk général,2021-10-20,12:14:31,00:00:06
stefano.crapanzano@chu.ulg.ac.be,Rédaction : (pas de sujet) - Thunderbird,Helpdesk général,2021-10-20,12:14:57,00:00:36
stefano.crapanzano@chu.ulg.ac.be,Rédaction : (pas de sujet) - Thunderbird,Helpdesk général,2021-10-20,12:15:48,00:00:05
stefano.crapanzano@chu.ulg.ac.be,Rédaction : (pas de sujet) - Thunderbird,Helpdesk général,2021-10-20,12:15:59,00:00:12
stefano.crapanzano@chu.ulg.ac.be,Rédaction : (pas de sujet) - Thunderbird,Helpdesk général,2021-10-20,12:16:22,00:00:05
stefano.crapanzano@chu.ulg.ac.be,Rédaction : (pas de sujet) - Thunderbird,Helpdesk général,2021-10-20,12:16:29,00:00:04
stefano.crapanzano@chu.ulg.ac.be,Rédaction : (pas de sujet) - Thunderbird,Tâches diverses,2021-10-20,12:16:39,00:00:24
stefano.crapanzano@chu.ulg.ac.be,Rédaction : (pas de sujet) - Thunderbird,Helpdesk général,2021-10-20,12:17:13,00:00:10
stefano.crapanzano@chu.ulg.ac.be,Rédaction : (pas de sujet) - Thunderbird,Helpdesk général,2021-10-20,12:17:26,00:00:50
stefano.crapanzano@chu.ulg.ac.be,Rédaction : (pas de sujet) - Thunderbird,Tâches diverses,2021-10-20,12:18:24,00:00:11
stefano.crapanzano@chu.ulg.ac.be,Rappel de sujet,Helpdesk général,2021-10-20,08:57:44,00:00:09
stefano.crapanzano@chu.ulg.ac.be,Courrier entrant - stefano.crapanzano@chuliege.be - Mozilla Thunderbird,Helpdesk général,2021-10-20,08:57:53,00:26:40
stefano.crapanzano@chu.ulg.ac.be,Courrier entrant - stefano.crapanzano@chuliege.be - Mozilla Thunderbird,Helpdesk général,2021-10-20,10:25:05,00:00:04
stefano.crapanzano@chu.ulg.ac.be,Courrier entrant - stefano.crapanzano@chuliege.be - Mozilla Thunderbird,Helpdesk général,2021-10-20,10:39:38,00:00:10
stefano.crapanzano@chu.ulg.ac.be,Courrier entrant - stefano.crapanzano@chuliege.be - Mozilla Thunderbird,Helpdesk général,2021-10-20,11:46:03,00:00:03
stefano.crapanzano@chu.ulg.ac.be,Courrier entrant - stefano.crapanzano@chuliege.be - Mozilla Thunderbird,Helpdesk général,2021-10-20,11:48:28,00:00:40
stefano.crapanzano@chu.ulg.ac.be,Courrier entrant - stefano.crapanzano@chuliege.be - Mozilla Thunderbird,Helpdesk général,2021-10-20,12:04:39,00:00:03
stefano.crapanzano@chu.ulg.ac.be,Courrier entrant - stefano.crapanzano@chuliege.be - Mozilla Thunderbird,Helpdesk général,2021-10-20,12:04:46,00:00:02
stefano.crapanzano@chu.ulg.ac.be,Courrier entrant - stefano.crapanzano@chuliege.be - Mozilla Thunderbird,Helpdesk général,2021-10-20,12:05:31,00:00:02
stefano.crapanzano@chu.ulg.ac.be,P203 CHU Caractères manquants concernant l'emplacement affiché sur les PDAs - suite du ticket SDERP-18663 - Xperthis ERP4HC 1.0 - Service d'assistance - Google Chrome,Tâches diverses,2021-10-20,09:27:07,00:00:04
stefano.crapanzano@chu.ulg.ac.be,P203 CHU Caractères manquants concernant l'emplacement affiché sur les PDAs - suite du ticket SDERP-18663 - Xperthis ERP4HC 1.0 - Service d'assistance - Google Chrome,Tâches diverses,2021-10-20,12:09:17,00:00:16
stefano.crapanzano@chu.ulg.ac.be,P203 CHU Caractères manquants concernant l'emplacement affiché sur les PDAs - suite du ticket SDERP-18663 - Xperthis ERP4HC 1.0 - Service d'assistance - Google Chrome,Helpdesk général,2021-10-20,12:09:52,00:00:02
stefano.crapanzano@chu.ulg.ac.be,P203 CHU Caractères manquants concernant l'emplacement affiché sur les PDAs - suite du ticket SDERP-18663 - Xperthis ERP4HC 1.0 - Service d'assistance - Google Chrome,Tâches diverses,2021-10-20,12:10:03,00:00:02
stefano.crapanzano@chu.ulg.ac.be,P203 CHU Caractères manquants concernant l'emplacement affiché sur les PDAs - suite du ticket SDERP-18663 - Xperthis ERP4HC 1.0 - Service d'assistance - Google Chrome,Tâches diverses,2021-10-20,12:10:22,00:00:02
stefano.crapanzano@chu.ulg.ac.be,P203 CHU Caractères manquants concernant l'emplacement affiché sur les PDAs - suite du ticket SDERP-18663 - Xperthis ERP4HC 1.0 - Service d'assistance - Google Chrome,Tâches diverses,2021-10-20,12:11:27,00:00:02
stefano.crapanzano@chu.ulg.ac.be,P203 CHU Caractères manquants concernant l'emplacement affiché sur les PDAs - suite du ticket SDERP-18663 - Xperthis ERP4HC 1.0 - Service d'assistance - Google Chrome,Tâches diverses,2021-10-20,12:12:47,00:00:09
stefano.crapanzano@chu.ulg.ac.be,P203 CHU Caractères manquants concernant l'emplacement affiché sur les PDAs - suite du ticket SDERP-18663 - Xperthis ERP4HC 1.0 - Service d'assistance - Google Chrome,Helpdesk général,2021-10-20,12:13:13,00:00:02
stefano.crapanzano@chu.ulg.ac.be,Demandes - Service d'assistance - Google Chrome,Tâches diverses,2021-10-20,09:27:11,00:00:22
stefano.crapanzano@chu.ulg.ac.be,Demandes - Service d'assistance - Google Chrome,Tâches diverses,2021-10-20,09:33:37,00:00:04
stefano.crapanzano@chu.ulg.ac.be,Demandes - Service d'assistance - Google Chrome,Tâches diverses,2021-10-20,09:41:18,00:00:08
stefano.crapanzano@chu.ulg.ac.be,Demandes - Service d'assistance - Google Chrome,Tâches diverses,2021-10-20,09:41:38,00:00:30
stefano.crapanzano@chu.ulg.ac.be,Demandes - Service d'assistance - Google Chrome,Tâches diverses,2021-10-20,09:42:31,00:00:28
stefano.crapanzano@chu.ulg.ac.be,Demandes - Service d'assistance - Google Chrome,Tâches diverses,2021-10-20,09:43:22,00:00:14
stefano.crapanzano@chu.ulg.ac.be,Demandes - Service d'assistance - Google Chrome,Tâches diverses,2021-10-20,09:43:41,00:00:55
stefano.crapanzano@chu.ulg.ac.be,Demandes - Service d'assistance - Google Chrome,Tâches diverses,2021-10-20,09:44:44,00:00:02
stefano.crapanzano@chu.ulg.ac.be,Demandes - Service d'assistance - Google Chrome,Tâches diverses,2021-10-20,09:45:32,00:00:40
stefano.crapanzano@chu.ulg.ac.be,Demandes - Service d'assistance - Google Chrome,Tâches diverses,2021-10-20,09:48:05,00:00:03
stefano.crapanzano@chu.ulg.ac.be,Demandes - Service d'assistance - Google Chrome,Tâches diverses,2021-10-20,09:48:34,00:00:08
stefano.crapanzano@chu.ulg.ac.be,Demandes - Service d'assistance - Google Chrome,Tâches diverses,2021-10-20,10:17:19,00:00:20
stefano.crapanzano@chu.ulg.ac.be,Demandes - Service d'assistance - Google Chrome,Tâches diverses,2021-10-20,10:22:55,00:00:07
stefano.crapanzano@chu.ulg.ac.be,Demandes - Service d'assistance - Google Chrome,Tâches diverses,2021-10-20,10:40:18,00:03:11
stefano.crapanzano@chu.ulg.ac.be,Demandes - Service d'assistance - Google Chrome,Tâches diverses,2021-10-20,11:33:28,00:00:06
stefano.crapanzano@chu.ulg.ac.be,Demandes - Service d'assistance - Google Chrome,Tâches diverses,2021-10-20,11:49:30,00:00:12
stefano.crapanzano@chu.ulg.ac.be,Demandes - Service d'assistance - Google Chrome,Tâches diverses,2021-10-20,11:56:23,00:00:18
stefano.crapanzano@chu.ulg.ac.be,Demandes - Service d'assistance - Google Chrome,Tâches diverses,2021-10-20,11:57:35,00:00:18
stefano.crapanzano@chu.ulg.ac.be,Demandes - Service d'assistance - Google Chrome,Tâches diverses,2021-10-20,11:58:15,00:00:17
stefano.crapanzano@chu.ulg.ac.be,Demandes - Service d'assistance - Google Chrome,Tâches diverses,2021-10-20,12:04:17,00:00:05
stefano.crapanzano@chu.ulg.ac.be,Demandes - Service d'assistance - Google Chrome,Tâches diverses,2021-10-20,12:05:16,00:00:02
stefano.crapanzano@chu.ulg.ac.be,Demandes - Service d'assistance - Google Chrome,Tâches diverses,2021-10-20,12:09:13,00:00:03
stefano.crapanzano@chu.ulg.ac.be,Demandes - Service d'assistance - Google Chrome,Tâches diverses,2021-10-20,12:11:30,00:00:04
stefano.crapanzano@chu.ulg.ac.be,Demandes - Service d'assistance - Google Chrome,Tâches diverses,2021-10-20,12:12:43,00:00:04
stefano.crapanzano@chu.ulg.ac.be,Demandes - Service d'assistance - Google Chrome,Tâches diverses,2021-10-20,12:13:15,00:00:05
stefano.crapanzano@chu.ulg.ac.be,Demandes - Service d'assistance - Google Chrome,Helpdesk général,2021-10-20,12:13:22,00:00:03
stefano.crapanzano@chu.ulg.ac.be,Demandes - Service d'assistance - Google Chrome,Tâches diverses,2021-10-20,12:13:51,00:00:02
stefano.crapanzano@chu.ulg.ac.be,Demandes - Service d'assistance - Google Chrome,Tâches diverses,2021-10-20,12:16:16,00:00:02
stefano.crapanzano@chu.ulg.ac.be,Demandes - Service d'assistance - Google Chrome,Tâches diverses,2021-10-20,12:23:40,00:00:02
stefano.crapanzano@chu.ulg.ac.be,SSP + Approbation + Workflow Approval inaccessible sur A03 - Xperthis ERP4HC 2.0 Rollout - Service d'assistance - Google Chrome,Tâches diverses,2021-10-20,09:27:33,00:04:36
stefano.crapanzano@chu.ulg.ac.be,SSP + Approbation + Workflow Approval inaccessible sur A03 - Xperthis ERP4HC 2.0 Rollout - Service d'assistance - Google Chrome,Tâches diverses,2021-10-20,09:44:46,00:00:45
stefano.crapanzano@chu.ulg.ac.be,Extended My Requests - ZORGI Jira - Google Chrome,Tâches diverses,2021-10-20,09:33:33,00:00:02
stefano.crapanzano@chu.ulg.ac.be,Extended My Requests - All requests - Service Desk - Google Chrome,Tâches diverses,2021-10-20,10:17:40,00:01:00
stefano.crapanzano@chu.ulg.ac.be,CLONE - P203 CHU IDoc 329798 statut 51 car un article est en statut bloqué : toute la demande de réapprovisionnement est bloquée - Xperthis ERP4HC 1.0 - Service d'assistance - Google Chrome,Tâches diverses,2021-10-20,09:33:41,00:01:55
stefano.crapanzano@chu.ulg.ac.be,CLONE - P203 CHU IDoc 329798 statut 51 car un article est en statut bloqué : toute la demande de réapprovisionnement est bloquée - Xperthis ERP4HC 1.0 - Service d'assistance - Google Chrome,Tâches diverses,2021-10-20,09:36:58,00:00:07
stefano.crapanzano@chu.ulg.ac.be,CLONE - P203 CHU IDoc 329798 statut 51 car un article est en statut bloqué : toute la demande de réapprovisionnement est bloquée - Xperthis ERP4HC 1.0 - Service d'assistance - Google Chrome,Tâches diverses,2021-10-20,09:37:13,00:00:12
stefano.crapanzano@chu.ulg.ac.be,CLONE - P203 CHU IDoc 329798 statut 51 car un article est en statut bloqué : toute la demande de réapprovisionnement est bloquée - Xperthis ERP4HC 1.0 - Service d'assistance - Google Chrome,Tâches diverses,2021-10-20,09:40:58,00:00:20
stefano.crapanzano@chu.ulg.ac.be,CLONE - P203 CHU IDoc 329798 statut 51 car un article est en statut bloqué : toute la demande de réapprovisionnement est bloquée - Xperthis ERP4HC 1.0 - Service d'assistance - Google Chrome,Tâches diverses,2021-10-20,09:48:42,00:00:02
stefano.crapanzano@chu.ulg.ac.be,CLONE - P203 CHU IDoc 329798 statut 51 car un article est en statut bloqué : toute la demande de réapprovisionnement est bloquée - Xperthis ERP4HC 1.0 - Service d'assistance - Google Chrome,Tâches diverses,2021-10-20,09:48:46,00:00:02
stefano.crapanzano@chu.ulg.ac.be,CLONE - P203 CHU IDoc 329798 statut 51 car un article est en statut bloqué : toute la demande de réapprovisionnement est bloquée - Xperthis ERP4HC 1.0 - Service d'assistance - Google Chrome,Tâches diverses,2021-10-20,09:49:09,00:00:10
stefano.crapanzano@chu.ulg.ac.be,CLONE - P203 CHU IDoc 329798 statut 51 car un article est en statut bloqué : toute la demande de réapprovisionnement est bloquée - Xperthis ERP4HC 1.0 - Service d'assistance - Google Chrome,Tâches diverses,2021-10-20,09:49:30,00:00:04
stefano.crapanzano@chu.ulg.ac.be,CLONE - P203 CHU IDoc 329798 statut 51 car un article est en statut bloqué : toute la demande de réapprovisionnement est bloquée - Xperthis ERP4HC 1.0 - Service d'assistance - Google Chrome,IT,2021-10-20,09:56:30,00:00:02
stefano.crapanzano@chu.ulg.ac.be,CLONE - P203 CHU IDoc 329798 statut 51 car un article est en statut bloqué : toute la demande de réapprovisionnement est bloquée - Xperthis ERP4HC 1.0 - Service d'assistance - Google Chrome,Tâches diverses,2021-10-20,10:22:51,00:00:04
stefano.crapanzano@chu.ulg.ac.be,CLONE - P203 CHU IDoc 329798 statut 51 car un article est en statut bloqué : toute la demande de réapprovisionnement est bloquée - Xperthis ERP4HC 1.0 - Service d'assistance - Google Chrome,Tâches diverses,2021-10-20,10:43:29,00:00:10
stefano.crapanzano@chu.ulg.ac.be,CLONE - P203 CHU IDoc 329798 statut 51 car un article est en statut bloqué : toute la demande de réapprovisionnement est bloquée - Xperthis ERP4HC 1.0 - Service d'assistance - Google Chrome,Tâches diverses,2021-10-20,11:06:06,00:00:20
stefano.crapanzano@chu.ulg.ac.be,CLONE - P203 CHU IDoc 329798 statut 51 car un article est en statut bloqué : toute la demande de réapprovisionnement est bloquée - Xperthis ERP4HC 1.0 - Service d'assistance - Google Chrome,Tâches diverses,2021-10-20,11:07:16,00:00:32
stefano.crapanzano@chu.ulg.ac.be,CLONE - P203 CHU IDoc 329798 statut 51 car un article est en statut bloqué : toute la demande de réapprovisionnement est bloquée - Xperthis ERP4HC 1.0 - Service d'assistance - Google Chrome,Tâches diverses,2021-10-20,11:15:03,00:00:58
stefano.crapanzano@chu.ulg.ac.be,CLONE - P203 CHU IDoc 329798 statut 51 car un article est en statut bloqué : toute la demande de réapprovisionnement est bloquée - Xperthis ERP4HC 1.0 - Service d'assistance - Google Chrome,Tâches diverses,2021-10-20,11:16:54,00:00:16
stefano.crapanzano@chu.ulg.ac.be,CLONE - P203 CHU IDoc 329798 statut 51 car un article est en statut bloqué : toute la demande de réapprovisionnement est bloquée - Xperthis ERP4HC 1.0 - Service d'assistance - Google Chrome,Tâches diverses,2021-10-20,11:18:00,00:00:54
stefano.crapanzano@chu.ulg.ac.be,CLONE - P203 CHU IDoc 329798 statut 51 car un article est en statut bloqué : toute la demande de réapprovisionnement est bloquée - Xperthis ERP4HC 1.0 - Service d'assistance - Google Chrome,Tâches diverses,2021-10-20,11:18:59,00:00:10
stefano.crapanzano@chu.ulg.ac.be,CLONE - P203 CHU IDoc 329798 statut 51 car un article est en statut bloqué : toute la demande de réapprovisionnement est bloquée - Xperthis ERP4HC 1.0 - Service d'assistance - Google Chrome,Exploration SAP,2021-10-20,11:20:18,00:05:15
stefano.crapanzano@chu.ulg.ac.be,CLONE - P203 CHU IDoc 329798 statut 51 car un article est en statut bloqué : toute la demande de réapprovisionnement est bloquée - Xperthis ERP4HC 1.0 - Service d'assistance - Google Chrome,Tâches diverses,2021-10-20,11:25:46,00:00:17
stefano.crapanzano@chu.ulg.ac.be,CLONE - P203 CHU IDoc 329798 statut 51 car un article est en statut bloqué : toute la demande de réapprovisionnement est bloquée - Xperthis ERP4HC 1.0 - Service d'assistance - Google Chrome,Tâches diverses,2021-10-20,11:28:33,00:00:09
stefano.crapanzano@chu.ulg.ac.be,CLONE - P203 CHU IDoc 329798 statut 51 car un article est en statut bloqué : toute la demande de réapprovisionnement est bloquée - Xperthis ERP4HC 1.0 - Service d'assistance - Google Chrome,Tâches diverses,2021-10-20,11:28:44,00:01:20
stefano.crapanzano@chu.ulg.ac.be,CLONE - P203 CHU IDoc 329798 statut 51 car un article est en statut bloqué : toute la demande de réapprovisionnement est bloquée - Xperthis ERP4HC 1.0 - Service d'assistance - Google Chrome,Exploration SAP,2021-10-20,11:33:26,00:00:02
stefano.crapanzano@chu.ulg.ac.be,CLONE - P203 CHU IDoc 329798 statut 51 car un article est en statut bloqué : toute la demande de réapprovisionnement est bloquée - Xperthis ERP4HC 1.0 - Service d'assistance - Google Chrome,Tâches diverses,2021-10-20,11:33:35,00:03:10
stefano.crapanzano@chu.ulg.ac.be,CLONE - P203 CHU IDoc 329798 statut 51 car un article est en statut bloqué : toute la demande de réapprovisionnement est bloquée - Xperthis ERP4HC 1.0 - Service d'assistance - Google Chrome,Tâches diverses,2021-10-20,11:45:14,00:00:02
stefano.crapanzano@chu.ulg.ac.be,CLONE - P203 CHU IDoc 329798 statut 51 car un article est en statut bloqué : toute la demande de réapprovisionnement est bloquée - Xperthis ERP4HC 1.0 - Service d'assistance - Google Chrome,Tâches diverses,2021-10-20,11:49:08,00:00:21
stefano.crapanzano@chu.ulg.ac.be,CLONE - P203 CHU IDoc 329798 statut 51 car un article est en statut bloqué : toute la demande de réapprovisionnement est bloquée - Xperthis ERP4HC 1.0 - Service d'assistance - Google Chrome,Tâches diverses,2021-10-20,12:00:59,00:00:02
stefano.crapanzano@chu.ulg.ac.be,CLONE - P203 CHU IDoc 329798 statut 51 car un article est en statut bloqué : toute la demande de réapprovisionnement est bloquée - Xperthis ERP4HC 1.0 - Service d'assistance - Google Chrome,Tâches diverses,2021-10-20,12:16:18,00:00:04
stefano.crapanzano@chu.ulg.ac.be,CLONE - P203 CHU IDoc 329798 statut 51 car un article est en statut bloqué : toute la demande de réapprovisionnement est bloquée - Xperthis ERP4HC 1.0 - Service d'assistance - Google Chrome,Tâches diverses,2021-10-20,12:16:33,00:00:05
stefano.crapanzano@chu.ulg.ac.be,CLONE - P203 CHU IDoc 329798 statut 51 car un article est en statut bloqué : toute la demande de réapprovisionnement est bloquée - Xperthis ERP4HC 1.0 - Service d'assistance - Google Chrome,Tâches diverses,2021-10-20,12:17:03,00:00:09
stefano.crapanzano@chu.ulg.ac.be,CLONE - P203 CHU IDoc 329798 statut 51 car un article est en statut bloqué : toute la demande de réapprovisionnement est bloquée - Xperthis ERP4HC 1.0 - Service d'assistance - Google Chrome,Tâches diverses,2021-10-20,12:17:23,00:00:02
stefano.crapanzano@chu.ulg.ac.be,CLONE - P203 CHU IDoc 329798 statut 51 car un article est en statut bloqué : toute la demande de réapprovisionnement est bloquée - Xperthis ERP4HC 1.0 - Service d'assistance - Google Chrome,Helpdesk général,2021-10-20,12:23:31,00:00:04
stefano.crapanzano@chu.ulg.ac.be,CLONE - P203 CHU IDoc 329798 statut 51 car un article est en statut bloqué : toute la demande de réapprovisionnement est bloquée - Xperthis ERP4HC 1.0 - Service d'assistance - Google Chrome,Tâches diverses,2021-10-20,12:23:37,00:00:02
stefano.crapanzano@chu.ulg.ac.be,Microsoft To Do - Google Chrome,Tâches diverses,2021-10-20,09:35:36,00:00:03
stefano.crapanzano@chu.ulg.ac.be,Planifié - To Do - Google Chrome,Tâches diverses,2021-10-20,09:35:40,00:00:03
stefano.crapanzano@chu.ulg.ac.be,Nouvel onglet - Google Chrome,Tâches diverses,2021-10-20,09:35:44,00:00:05
stefano.crapanzano@chu.ulg.ac.be,Nouvel onglet - Google Chrome,Tâches diverses,2021-10-20,09:36:15,00:00:02
stefano.crapanzano@chu.ulg.ac.be,Identification - Google Chrome,Tâches diverses,2021-10-20,09:35:50,00:00:06
stefano.crapanzano@chu.ulg.ac.be,SAM-DB - Google Chrome,Tâches diverses,2021-10-20,09:35:56,00:00:11
stefano.crapanzano@chu.ulg.ac.be,SAM-DB - Google Chrome,Tâches diverses,2021-10-20,09:36:11,00:00:04
stefano.crapanzano@chu.ulg.ac.be,SAM-DB - Google Chrome,Tâches diverses,2021-10-20,09:36:18,00:00:03
stefano.crapanzano@chu.ulg.ac.be,SAM-DB - Google Chrome,Tâches diverses,2021-10-20,09:36:27,00:00:29
stefano.crapanzano@chu.ulg.ac.be,SAM-DB - Google Chrome,Tâches diverses,2021-10-20,09:48:14,00:00:06
stefano.crapanzano@chu.ulg.ac.be,SAM-DB - Google Chrome,Tâches diverses,2021-10-20,09:56:34,00:01:31
stefano.crapanzano@chu.ulg.ac.be,SAM-DB - Google Chrome,Tâches diverses,2021-10-20,09:58:15,00:01:28
stefano.crapanzano@chu.ulg.ac.be,SAM-DB - Google Chrome,Tâches diverses,2021-10-20,10:01:27,00:01:41
stefano.crapanzano@chu.ulg.ac.be,SAM-DB - Google Chrome,Tâches diverses,2021-10-20,10:03:51,00:03:20
stefano.crapanzano@chu.ulg.ac.be,SAM-DB - Google Chrome,Tâches diverses,2021-10-20,10:08:15,00:00:06
stefano.crapanzano@chu.ulg.ac.be,SAM-DB - Google Chrome,Tâches diverses,2021-10-20,10:08:37,00:00:08
stefano.crapanzano@chu.ulg.ac.be,SAM-DB - Google Chrome,Tâches diverses,2021-10-20,10:21:16,00:00:38
stefano.crapanzano@chu.ulg.ac.be,par0105wi.xperthis.be - Google Chrome,Tâches diverses,2021-10-20,09:36:08,00:00:02
stefano.crapanzano@chu.ulg.ac.be,SAM-DB : Test ERP 2.0 Factures APO sur X01 - Google Chrome,Tâches diverses,2021-10-20,09:36:23,00:00:04
stefano.crapanzano@chu.ulg.ac.be,SAM-DB : Test ERP 2.0 Factures APO sur X01 - Google Chrome,Tâches diverses,2021-10-20,09:48:01,00:00:02
stefano.crapanzano@chu.ulg.ac.be,SSP Comment sélectionner tous les catalogues pour les ajouter à un utilisateur ? - Xperthis ERP4HC 2.0 Rollout - Service d'assistance - Google Chrome,Tâches diverses,2021-10-20,09:48:26,00:00:08
stefano.crapanzano@chu.ulg.ac.be,SAP Logon 760,Exploration SAP,2021-10-20,10:09:33,00:00:02
stefano.crapanzano@chu.ulg.ac.be,SAP Easy Access Menu de base Applications financières-économiques,Exploration SAP,2021-10-20,10:09:46,00:00:06
stefano.crapanzano@chu.ulg.ac.be,SAP Easy Access Menu de base Applications financières-économiques,Exploration SAP,2021-10-20,10:10:21,00:00:08
stefano.crapanzano@chu.ulg.ac.be,SAP Easy Access Menu de base Applications financières-économiques,Exploration SAP,2021-10-20,10:10:46,00:00:02
stefano.crapanzano@chu.ulg.ac.be,SAP Easy Access Menu de base Applications financières-économiques,Exploration SAP,2021-10-20,10:11:10,00:00:09
stefano.crapanzano@chu.ulg.ac.be,SAP Easy Access Menu de base Applications financières-économiques,Exploration SAP,2021-10-20,10:11:58,00:00:09
stefano.crapanzano@chu.ulg.ac.be,SAP Easy Access Menu de base Applications financières-économiques,Exploration SAP,2021-10-20,10:12:35,00:00:03
stefano.crapanzano@chu.ulg.ac.be,SAP Easy Access Menu de base Applications financières-économiques,Exploration SAP,2021-10-20,10:15:48,00:00:16
stefano.crapanzano@chu.ulg.ac.be,SAP Easy Access Menu de base Applications financières-économiques,Exploration SAP,2021-10-20,10:27:55,00:00:02
stefano.crapanzano@chu.ulg.ac.be,SAP Easy Access Menu de base Applications financières-économiques,Exploration SAP,2021-10-20,10:31:10,00:00:05
stefano.crapanzano@chu.ulg.ac.be,SAP Easy Access Menu de base Applications financières-économiques,Exploration SAP,2021-10-20,10:54:43,00:00:13
stefano.crapanzano@chu.ulg.ac.be,SAP Easy Access Menu de base Applications financières-économiques,Exploration SAP,2021-10-20,10:57:59,00:00:09
stefano.crapanzano@chu.ulg.ac.be,SAP Easy Access Menu de base Applications financières-économiques,Exploration SAP,2021-10-20,11:05:05,00:00:02
stefano.crapanzano@chu.ulg.ac.be,SAP Easy Access Menu de base Applications financières-économiques,Exploration SAP,2021-10-20,11:05:23,00:00:20
stefano.crapanzano@chu.ulg.ac.be,SAP Easy Access Menu de base Applications financières-économiques,Exploration SAP,2021-10-20,11:14:31,00:00:05
stefano.crapanzano@chu.ulg.ac.be,SAP Easy Access Menu de base Applications financières-économiques,Exploration SAP,2021-10-20,11:19:26,00:00:02
stefano.crapanzano@chu.ulg.ac.be,SAP Easy Access Menu de base Applications financières-économiques,Exploration SAP,2021-10-20,11:31:49,00:00:06
stefano.crapanzano@chu.ulg.ac.be,Synthèse IDocs,Exploration SAP,2021-10-20,09:37:27,00:00:09
stefano.crapanzano@chu.ulg.ac.be,Synthèse IDocs,Exploration SAP,2021-10-20,10:10:48,00:00:08
stefano.crapanzano@chu.ulg.ac.be,Synthèse IDocs,Exploration SAP,2021-10-20,10:27:58,00:00:29
stefano.crapanzano@chu.ulg.ac.be,Synthèse IDocs,Exploration SAP,2021-10-20,10:53:57,00:00:18
stefano.crapanzano@chu.ulg.ac.be,Synthèse IDocs,Exploration SAP,2021-10-20,11:19:36,00:00:04
stefano.crapanzano@chu.ulg.ac.be,Synthèse IDocs,Exploration SAP,2021-10-20,11:19:46,00:00:06
stefano.crapanzano@chu.ulg.ac.be,Synthèse IDocs,Exploration SAP,2021-10-20,11:31:55,00:00:05
stefano.crapanzano@chu.ulg.ac.be,Synthèse IDocs,Exploration SAP,2021-10-20,11:32:14,00:00:06
stefano.crapanzano@chu.ulg.ac.be,Synthèse IDocs,Exploration SAP,2021-10-20,11:53:21,00:00:09
stefano.crapanzano@chu.ulg.ac.be,TypeAheadPopup,Exploration SAP,2021-10-20,10:10:04,00:00:02
stefano.crapanzano@chu.ulg.ac.be,TypeAheadPopup,Exploration SAP,2021-10-20,10:11:23,00:00:02
stefano.crapanzano@chu.ulg.ac.be,TypeAheadPopup,Exploration SAP,2021-10-20,10:11:37,00:00:08
stefano.crapanzano@chu.ulg.ac.be,TypeAheadPopup,Exploration SAP,2021-10-20,10:16:08,00:00:02
stefano.crapanzano@chu.ulg.ac.be,TypeAheadPopup,Exploration SAP,2021-10-20,10:55:00,00:00:02
stefano.crapanzano@chu.ulg.ac.be,Overzicht IDocs,Exploration SAP,2021-10-20,09:37:39,00:00:05
stefano.crapanzano@chu.ulg.ac.be,Overzicht IDocs,Exploration SAP,2021-10-20,09:38:37,00:00:04
stefano.crapanzano@chu.ulg.ac.be,Overzicht IDocs,Exploration SAP,2021-10-20,09:39:06,00:00:02
stefano.crapanzano@chu.ulg.ac.be,Overzicht IDocs,Exploration SAP,2021-10-20,10:10:56,00:00:04
stefano.crapanzano@chu.ulg.ac.be,Overzicht IDocs,Exploration SAP,2021-10-20,10:28:27,00:00:06
stefano.crapanzano@chu.ulg.ac.be,Overzicht IDocs,Exploration SAP,2021-10-20,10:29:28,00:00:06
stefano.crapanzano@chu.ulg.ac.be,Overzicht IDocs,Exploration SAP,2021-10-20,10:31:33,00:00:04
stefano.crapanzano@chu.ulg.ac.be,Overzicht IDocs,Exploration SAP,2021-10-20,10:54:16,00:00:02
stefano.crapanzano@chu.ulg.ac.be,Overzicht IDocs,Exploration SAP,2021-10-20,11:19:34,00:00:02
stefano.crapanzano@chu.ulg.ac.be,Overzicht IDocs,Exploration SAP,2021-10-20,11:19:53,00:00:02
stefano.crapanzano@chu.ulg.ac.be,Overzicht IDocs,Exploration SAP,2021-10-20,11:32:21,00:00:04
stefano.crapanzano@chu.ulg.ac.be,Overzicht IDocs,Exploration SAP,2021-10-20,11:33:08,00:00:17
stefano.crapanzano@chu.ulg.ac.be,Overzicht IDocs,Exploration SAP,2021-10-20,11:53:31,00:00:02
stefano.crapanzano@chu.ulg.ac.be,Affichage de l'IDoc : 0000000000329798,Exploration SAP,2021-10-20,09:37:44,00:00:52
stefano.crapanzano@chu.ulg.ac.be,Affichage de l'IDoc : 0000000000329798,Exploration SAP,2021-10-20,09:38:41,00:00:25
stefano.crapanzano@chu.ulg.ac.be,Affichage de l'IDoc : 0000000000329798,Exploration SAP,2021-10-20,09:39:09,00:00:16
stefano.crapanzano@chu.ulg.ac.be,Affichage de l'IDoc : 0000000000329798,Exploration SAP,2021-10-20,09:46:24,00:00:02
stefano.crapanzano@chu.ulg.ac.be,Affichage de l'IDoc : 0000000000329798,Tâches diverses,2021-10-20,09:49:35,00:00:06
stefano.crapanzano@chu.ulg.ac.be,Affichage de l'IDoc : 0000000000329798,Exploration SAP,2021-10-20,09:51:23,00:00:04
stefano.crapanzano@chu.ulg.ac.be,Affichage de l'IDoc : 0000000000329798,Exploration SAP,2021-10-20,09:52:24,00:00:02
stefano.crapanzano@chu.ulg.ac.be,Affichage de l'IDoc : 0000000000329798,Exploration SAP,2021-10-20,09:56:13,00:00:02
stefano.crapanzano@chu.ulg.ac.be,Affichage de l'IDoc : 0000000000329798,Helpdesk général,2021-10-20,10:09:15,00:00:16
stefano.crapanzano@chu.ulg.ac.be,Affichage de l'IDoc : 0000000000329798,Exploration SAP,2021-10-20,10:09:56,00:00:02
stefano.crapanzano@chu.ulg.ac.be,dngrep - Recherche Google - Google Chrome,Tâches diverses,2021-10-20,09:39:34,00:00:02
stefano.crapanzano@chu.ulg.ac.be,dnGrep – Powerful search for Windows - Google Chrome,Tâches diverses,2021-10-20,09:39:37,00:00:02
stefano.crapanzano@chu.ulg.ac.be,Release v2.9.400.0 · dnGrep/dnGrep · GitHub - Google Chrome,Tâches diverses,2021-10-20,09:39:39,00:00:05
stefano.crapanzano@chu.ulg.ac.be,Release v2.9.400.0 · dnGrep/dnGrep · GitHub - Google Chrome,Tâches diverses,2021-10-20,09:40:37,00:00:18
stefano.crapanzano@chu.ulg.ac.be,Connexion à TE6 et A03 impossible. Problème identique au ticket SDERP-18907 - Xperthis ERP4HC 2.0 Rollout - Service d'assistance - Google Chrome,Tâches diverses,2021-10-20,09:41:26,00:00:12
stefano.crapanzano@chu.ulg.ac.be,SSP - Catalogue - Procédure pour le changement en masse de date de début/fin de validité - Xperthis ERP4HC 2.0 Rollout - Service d'assistance - Google Chrome,Tâches diverses,2021-10-20,09:42:08,00:00:23
stefano.crapanzano@chu.ulg.ac.be,Réceptionnaire  centre de coût et compte général pas remplis - Xperthis ERP4HC 2.0 Rollout - Service d'assistance - Google Chrome,Tâches diverses,2021-10-20,09:42:59,00:00:23
stefano.crapanzano@chu.ulg.ac.be,P203 CHU Paniers toujours visible dans SSP - Xperthis ERP4HC 1.0 - Service d'assistance - Google Chrome,Tâches diverses,2021-10-20,09:43:37,00:00:04
stefano.crapanzano@chu.ulg.ac.be,P203 CHU Paniers toujours visible dans SSP - Xperthis ERP4HC 1.0 - Service d'assistance - Google Chrome,Tâches diverses,2021-10-20,12:13:54,00:00:13
stefano.crapanzano@chu.ulg.ac.be,P203 CHU Paniers toujours visible dans SSP - Xperthis ERP4HC 1.0 - Service d'assistance - Google Chrome,Tâches diverses,2021-10-20,12:14:23,00:00:08
stefano.crapanzano@chu.ulg.ac.be,P203 CHU Paniers toujours visible dans SSP - Xperthis ERP4HC 1.0 - Service d'assistance - Google Chrome,Tâches diverses,2021-10-20,12:14:38,00:00:19
stefano.crapanzano@chu.ulg.ac.be,P203 CHU Paniers toujours visible dans SSP - Xperthis ERP4HC 1.0 - Service d'assistance - Google Chrome,Helpdesk général,2021-10-20,12:15:33,00:00:14
stefano.crapanzano@chu.ulg.ac.be,P203 CHU Paniers toujours visible dans SSP - Xperthis ERP4HC 1.0 - Service d'assistance - Google Chrome,Tâches diverses,2021-10-20,12:16:13,00:00:02
stefano.crapanzano@chu.ulg.ac.be,P203 CHU Paniers toujours visible dans SSP - Xperthis ERP4HC 1.0 - Service d'assistance - Google Chrome,Tâches diverses,2021-10-20,12:23:43,00:00:24
stefano.crapanzano@chu.ulg.ac.be,SSP - Approbation de DA non visible dans l'interface - Xperthis ERP4HC 2.0 Rollout - Service d'assistance - Google Chrome,Tâches diverses,2021-10-20,09:44:37,00:00:06
stefano.crapanzano@chu.ulg.ac.be,FileZilla,Helpdesk général,2021-10-20,09:46:50,00:00:02
stefano.crapanzano@chu.ulg.ac.be,Gestionnaire de Sites,Helpdesk général,2021-10-20,09:46:53,00:00:04
stefano.crapanzano@chu.ulg.ac.be,PE2_203 - sftp://PE2U2FTP@153.89.110.38 - FileZilla,Helpdesk général,2021-10-20,09:46:57,00:00:30
stefano.crapanzano@chu.ulg.ac.be,PE2_203 - sftp://PE2U2FTP@153.89.110.38 - FileZilla,Helpdesk général,2021-10-20,09:47:39,00:00:05
stefano.crapanzano@chu.ulg.ac.be,PE2_203 - sftp://PE2U2FTP@153.89.110.38 - FileZilla,Helpdesk général,2021-10-20,09:47:55,00:00:05
stefano.crapanzano@chu.ulg.ac.be,PE2_203 - sftp://PE2U2FTP@153.89.110.38 - FileZilla,Helpdesk général,2021-10-20,09:48:50,00:00:17
stefano.crapanzano@chu.ulg.ac.be,PE2_203 - sftp://PE2U2FTP@153.89.110.38 - FileZilla,Helpdesk général,2021-10-20,09:49:42,00:00:12
stefano.crapanzano@chu.ulg.ac.be,PE2_203 - sftp://PE2U2FTP@153.89.110.38 - FileZilla,Helpdesk général,2021-10-20,09:53:01,00:00:17
stefano.crapanzano@chu.ulg.ac.be,PE2_203 - sftp://PE2U2FTP@153.89.110.38 - FileZilla,Helpdesk général,2021-10-20,09:53:23,00:00:09
stefano.crapanzano@chu.ulg.ac.be,PE2_203 - sftp://PE2U2FTP@153.89.110.38 - FileZilla,IT,2021-10-20,09:53:37,00:00:06
stefano.crapanzano@chu.ulg.ac.be,PE2_203 - sftp://PE2U2FTP@153.89.110.38 - FileZilla,Helpdesk général,2021-10-20,09:53:48,00:00:05
stefano.crapanzano@chu.ulg.ac.be,PE2_203 - sftp://PE2U2FTP@153.89.110.38 - FileZilla,Helpdesk général,2021-10-20,10:07:11,00:00:58
stefano.crapanzano@chu.ulg.ac.be,PE2_203 - sftp://PE2U2FTP@153.89.110.38 - FileZilla,Tâches diverses,2021-10-20,10:08:46,00:00:02
stefano.crapanzano@chu.ulg.ac.be,PE2_203 - sftp://PE2U2FTP@153.89.110.38 - FileZilla,Helpdesk général,2021-10-20,10:43:56,00:00:06
stefano.crapanzano@chu.ulg.ac.be,PE2_203 - sftp://PE2U2FTP@153.89.110.38 - FileZilla,Helpdesk général,2021-10-20,10:44:07,00:00:08
stefano.crapanzano@chu.ulg.ac.be,PE2_203 - sftp://PE2U2FTP@153.89.110.38 - FileZilla,Helpdesk général,2021-10-20,10:44:17,00:00:46
stefano.crapanzano@chu.ulg.ac.be,PE2_203 - sftp://PE2U2FTP@153.89.110.38 - FileZilla,Helpdesk général,2021-10-20,10:46:22,00:01:42
stefano.crapanzano@chu.ulg.ac.be,PE2_203 - sftp://PE2U2FTP@153.89.110.38 - FileZilla,Helpdesk général,2021-10-20,10:52:50,00:00:37
stefano.crapanzano@chu.ulg.ac.be,PE2_203 - sftp://PE2U2FTP@153.89.110.38 - FileZilla,Helpdesk général,2021-10-20,10:53:34,00:00:02
stefano.crapanzano@chu.ulg.ac.be,Recherche de fichiers,Helpdesk général,2021-10-20,09:47:45,00:00:10
stefano.crapanzano@chu.ulg.ac.be,C:\temp\01234-20211030090010.txt - Notepad++ [Administrator],IT,2021-10-20,09:50:52,00:00:09
stefano.crapanzano@chu.ulg.ac.be,C:\temp\01234-20211030090010.txt - Notepad++ [Administrator],IT,2021-10-20,09:51:02,00:00:03
stefano.crapanzano@chu.ulg.ac.be,C:\temp\01234-20211030090010.txt - Notepad++ [Administrator],IT,2021-10-20,09:56:26,00:00:04
stefano.crapanzano@chu.ulg.ac.be,C:\temp\01234-20211030090010.txt - Notepad++ [Administrator],IT,2021-10-20,09:59:44,00:00:10
stefano.crapanzano@chu.ulg.ac.be,*C:\temp\01234-20211030090010.txt - Notepad++ [Administrator],IT,2021-10-20,09:51:13,00:00:08
stefano.crapanzano@chu.ulg.ac.be,*C:\temp\01234-20211030090010.txt - Notepad++ [Administrator],IT,2021-10-20,09:51:27,00:00:17
stefano.crapanzano@chu.ulg.ac.be,*C:\temp\01234-20211030090010.txt - Notepad++ [Administrator],Exploration SAP,2021-10-20,09:51:46,00:00:16
stefano.crapanzano@chu.ulg.ac.be,*C:\temp\01234-20211030090010.txt - Notepad++ [Administrator],Exploration SAP,2021-10-20,09:52:03,00:00:09
stefano.crapanzano@chu.ulg.ac.be,*C:\temp\01234-20211030090010.txt - Notepad++ [Administrator],IT,2021-10-20,09:52:14,00:00:09
stefano.crapanzano@chu.ulg.ac.be,*C:\temp\01234-20211030090010.txt - Notepad++ [Administrator],IT,2021-10-20,09:52:26,00:00:09
stefano.crapanzano@chu.ulg.ac.be,*C:\temp\01234-20211030090010.txt - Notepad++ [Administrator],Exploration SAP,2021-10-20,09:52:37,00:00:09
stefano.crapanzano@chu.ulg.ac.be,*C:\temp\01234-20211030090010.txt - Notepad++ [Administrator],IT,2021-10-20,09:52:48,00:00:09
stefano.crapanzano@chu.ulg.ac.be,*C:\temp\01234-20211030090010.txt - Notepad++ [Administrator],IT,2021-10-20,09:54:04,00:00:02
stefano.crapanzano@chu.ulg.ac.be,*C:\temp\01234-20211030090010.txt - Notepad++ [Administrator],IT,2021-10-20,09:54:12,00:00:10
stefano.crapanzano@chu.ulg.ac.be,*C:\temp\01234-20211030090010.txt - Notepad++ [Administrator],IT,2021-10-20,09:54:24,00:00:10
stefano.crapanzano@chu.ulg.ac.be,*C:\temp\01234-20211030090010.txt - Notepad++ [Administrator],IT,2021-10-20,09:54:36,00:00:09
stefano.crapanzano@chu.ulg.ac.be,*C:\temp\01234-20211030090010.txt - Notepad++ [Administrator],IT,2021-10-20,09:54:47,00:00:08
stefano.crapanzano@chu.ulg.ac.be,*C:\temp\01234-20211030090010.txt - Notepad++ [Administrator],IT,2021-10-20,09:54:57,00:00:08
stefano.crapanzano@chu.ulg.ac.be,*C:\temp\01234-20211030090010.txt - Notepad++ [Administrator],IT,2021-10-20,09:55:06,00:00:16
stefano.crapanzano@chu.ulg.ac.be,*C:\temp\01234-20211030090010.txt - Notepad++ [Administrator],IT,2021-10-20,09:55:24,00:00:18
stefano.crapanzano@chu.ulg.ac.be,*C:\temp\01234-20211030090010.txt - Notepad++ [Administrator],Exploration SAP,2021-10-20,09:55:44,00:00:09
stefano.crapanzano@chu.ulg.ac.be,*C:\temp\01234-20211030090010.txt - Notepad++ [Administrator],IT,2021-10-20,09:55:55,00:00:17
stefano.crapanzano@chu.ulg.ac.be,*C:\temp\01234-20211030090010.txt - Notepad++ [Administrator],IT,2021-10-20,09:56:16,00:00:10
stefano.crapanzano@chu.ulg.ac.be,C:\Users\c158492\AppData\Local\Temp\fz3temp-2\SAP202107200054.doc.txt - Notepad++ [Administrator],IT,2021-10-20,09:53:19,00:00:02
stefano.crapanzano@chu.ulg.ac.be,C:\Users\c158492\AppData\Local\Temp\fz3temp-2\SAP202107210001.doc.txt - Notepad++ [Administrator],IT,2021-10-20,09:53:33,00:00:04
stefano.crapanzano@chu.ulg.ac.be,C:\Users\c158492\AppData\Local\Temp\fz3temp-2\00309-20210722093010.txt - Notepad++ [Administrator],Helpdesk général,2021-10-20,09:53:53,00:00:10
stefano.crapanzano@chu.ulg.ac.be,C:\Users\c158492\AppData\Local\Temp\fz3temp-2\00309-20210722093010.txt - Notepad++ [Administrator],IT,2021-10-20,09:54:07,00:00:05
stefano.crapanzano@chu.ulg.ac.be,Ouvrir,Tâches diverses,2021-10-20,09:58:06,00:00:09
stefano.crapanzano@chu.ulg.ac.be,Ouvrir,Tâches diverses,2021-10-20,12:01:35,00:00:02
stefano.crapanzano@chu.ulg.ac.be,DBeaver 21.0.0 - <none> Script-1,IT,2021-10-20,10:00:57,00:00:29
stefano.crapanzano@chu.ulg.ac.be,DBeaver 21.0.0 - <none> Script-1,Helpdesk général,2021-10-20,10:48:04,00:00:23
stefano.crapanzano@chu.ulg.ac.be,*new 1 - Notepad++ [Administrator],IT,2021-10-20,10:00:34,00:00:22
stefano.crapanzano@chu.ulg.ac.be,SAM-DB : Test ERP 2.0 Tester blocage achat article ne doit pas bloquer créat DA - Google Chrome,Tâches diverses,2021-10-20,10:08:22,00:00:10
stefano.crapanzano@chu.ulg.ac.be,SAM-DB : Test ERP 2.0 Tester blocage achat article ne doit pas bloquer créat DA - Google Chrome,Tâches diverses,2021-10-20,10:43:40,00:00:05
stefano.crapanzano@chu.ulg.ac.be,AE2_203 - sftp://AE2U2FTP@153.89.110.38 - FileZilla,Helpdesk général,2021-10-20,10:08:51,00:00:23
stefano.crapanzano@chu.ulg.ac.be,AE2_203 - sftp://AE2U2FTP@153.89.110.38 - FileZilla,Helpdesk général,2021-10-20,10:25:47,00:00:02
stefano.crapanzano@chu.ulg.ac.be,AE2_203 - sftp://AE2U2FTP@153.89.110.38 - FileZilla,Tâches diverses,2021-10-20,10:43:52,00:00:04
stefano.crapanzano@chu.ulg.ac.be,SAP,Exploration SAP,2021-10-20,10:09:36,00:00:10
stefano.crapanzano@chu.ulg.ac.be,Afficher article (Initial Screen),Exploration SAP,2021-10-20,10:09:58,00:00:04
stefano.crapanzano@chu.ulg.ac.be,Afficher article (Initial Screen),Exploration SAP,2021-10-20,11:05:44,00:00:02
stefano.crapanzano@chu.ulg.ac.be,Afficher article 21604 (ARTICLE WM non valorisé),Exploration SAP,2021-10-20,10:10:06,00:00:13
stefano.crapanzano@chu.ulg.ac.be,Chargement code barre et création IDocs,Exploration SAP,2021-10-20,10:10:30,00:00:05
stefano.crapanzano@chu.ulg.ac.be,Chargement code barre et création IDocs,Exploration SAP,2021-10-20,10:10:36,00:00:06
stefano.crapanzano@chu.ulg.ac.be,Information,Exploration SAP,2021-10-20,11:32:01,00:00:02
stefano.crapanzano@chu.ulg.ac.be,Affichage de l'IDoc : 0000000000335076,Exploration SAP,2021-10-20,10:11:00,00:00:09
stefano.crapanzano@chu.ulg.ac.be,Affichage de l'IDoc : 0000000000335076,Exploration SAP,2021-10-20,10:15:33,00:00:09
stefano.crapanzano@chu.ulg.ac.be,Affichage de l'IDoc : 0000000000335076,Exploration SAP,2021-10-20,11:53:33,00:00:09
stefano.crapanzano@chu.ulg.ac.be,Afficher Demande d'achat 5300000111,Exploration SAP,2021-10-20,10:11:19,00:00:02
stefano.crapanzano@chu.ulg.ac.be,Afficher Demande d'achat 5300000111,Exploration SAP,2021-10-20,10:11:26,00:00:09
stefano.crapanzano@chu.ulg.ac.be,Afficher Demande d'achat 5300000111,Exploration SAP,2021-10-20,10:11:46,00:00:12
stefano.crapanzano@chu.ulg.ac.be,Afficher Demande d'achat 5300000111,Exploration SAP,2021-10-20,10:16:04,00:00:02
stefano.crapanzano@chu.ulg.ac.be,Afficher Demande d'achat 5300000111,Exploration SAP,2021-10-20,10:16:12,00:01:03
stefano.crapanzano@chu.ulg.ac.be,Handling Unit Flow Monitor,Exploration SAP,2021-10-20,10:12:08,00:00:03
stefano.crapanzano@chu.ulg.ac.be,Handling Unit Flow Monitor,Exploration SAP,2021-10-20,10:12:18,00:00:16
stefano.crapanzano@chu.ulg.ac.be,Handling Unit Flow Monitor,Exploration SAP,2021-10-20,10:12:39,00:02:54
stefano.crapanzano@chu.ulg.ac.be,Handling Unit Flow Monitor,Exploration SAP,2021-10-20,10:15:45,00:00:02
stefano.crapanzano@chu.ulg.ac.be,Handling Unit Flow Monitor,Exploration SAP,2021-10-20,10:27:00,00:00:10
stefano.crapanzano@chu.ulg.ac.be,Handling Unit Flow Monitor,Exploration SAP,2021-10-20,10:31:15,00:00:16
stefano.crapanzano@chu.ulg.ac.be,Handling Unit Flow Monitor,Exploration SAP,2021-10-20,10:58:08,00:00:06
stefano.crapanzano@chu.ulg.ac.be,Handling Unit Flow Monitor,Exploration SAP,2021-10-20,10:58:19,00:00:05
stefano.crapanzano@chu.ulg.ac.be,Handling Unit Flow Monitor,Exploration SAP,2021-10-20,10:58:28,00:00:41
stefano.crapanzano@chu.ulg.ac.be,Handling Unit Flow Monitor,Exploration SAP,2021-10-20,10:59:26,00:00:06
stefano.crapanzano@chu.ulg.ac.be,Handling Unit Flow Monitor,Exploration SAP,2021-10-20,11:01:50,00:00:18
stefano.crapanzano@chu.ulg.ac.be,Handling Unit Flow Monitor,Exploration SAP,2021-10-20,11:02:13,00:00:11
stefano.crapanzano@chu.ulg.ac.be,ERP2.0 test SSP : Flux WOAR incorrect - Xperthis ERP4HC 2.0 Rollout - Service d'assistance - Google Chrome,Tâches diverses,2021-10-20,10:18:40,00:00:59
stefano.crapanzano@chu.ulg.ac.be,Affichage demande d'achat en SAP-GUI ME53N - Xperthis ERP4HC 2.0 Rollout - Service d'assistance - Google Chrome,Tâches diverses,2021-10-20,10:19:40,00:01:35
stefano.crapanzano@chu.ulg.ac.be,Affichage demande d'achat en SAP-GUI ME53N - Xperthis ERP4HC 2.0 Rollout - Service d'assistance - Google Chrome,Tâches diverses,2021-10-20,11:56:19,00:00:03
stefano.crapanzano@chu.ulg.ac.be,SAM-DB : Test ERP 2.0 Commande via les PDAs sur X01 - Google Chrome,Tâches diverses,2021-10-20,10:21:54,00:00:56
stefano.crapanzano@chu.ulg.ac.be,SAM-DB : Test ERP 2.0 Commande via les PDAs sur X01 - Google Chrome,Tâches diverses,2021-10-20,10:27:11,00:00:35
stefano.crapanzano@chu.ulg.ac.be,SAM-DB : Test ERP 2.0 Commande via les PDAs sur X01 - Google Chrome,Tâches diverses,2021-10-20,10:28:36,00:00:17
stefano.crapanzano@chu.ulg.ac.be,SAM-DB : Test ERP 2.0 Commande via les PDAs sur X01 - Google Chrome,Tâches diverses,2021-10-20,10:29:35,00:01:33
stefano.crapanzano@chu.ulg.ac.be,SAM-DB : Test ERP 2.0 Commande via les PDAs sur X01 - Google Chrome,Helpdesk général,2021-10-20,10:40:03,00:00:05
stefano.crapanzano@chu.ulg.ac.be,Création d'un Idoc en erreur suite à l'exécution du job C203_ZMMOPLBARCODE1_ZHUL dans X01: aucune réservation créée - Xperthis ERP4HC 2.0 Rollout - Service d'assistance - Google Chrome,Tâches diverses,2021-10-20,10:23:03,00:00:14
stefano.crapanzano@chu.ulg.ac.be,Création d'un Idoc en erreur suite à l'exécution du job C203_ZMMOPLBARCODE1_ZHUL dans X01: aucune réservation créée - Xperthis ERP4HC 2.0 Rollout - Service d'assistance - Google Chrome,Tâches diverses,2021-10-20,10:25:49,00:00:02
stefano.crapanzano@chu.ulg.ac.be,Création d'un Idoc en erreur suite à l'exécution du job C203_ZMMOPLBARCODE1_ZHUL dans X01: aucune réservation créée - Xperthis ERP4HC 2.0 Rollout - Service d'assistance - Google Chrome,Tâches diverses,2021-10-20,10:40:09,00:00:09
stefano.crapanzano@chu.ulg.ac.be,https://sam.uliege.be/upload/c106720/files/02215-20210518103011.txt - Google Chrome,Tâches diverses,2021-10-20,10:25:55,00:00:09
stefano.crapanzano@chu.ulg.ac.be,https://sam.uliege.be/upload/c106720/files/02215-20210519150010.txt - Google Chrome,Tâches diverses,2021-10-20,10:26:17,00:00:02
stefano.crapanzano@chu.ulg.ac.be,https://sam.uliege.be/upload/c106720/files/02215-20210519150010.txt - Google Chrome,Tâches diverses,2021-10-20,10:27:46,00:00:08
stefano.crapanzano@chu.ulg.ac.be,https://sam.uliege.be/upload/c106720/files/02215-20210519150010.txt - Google Chrome,Tâches diverses,2021-10-20,10:28:53,00:00:10
stefano.crapanzano@chu.ulg.ac.be,Affichage de l'IDoc : 0000000000335012,Exploration SAP,2021-10-20,10:29:04,00:00:18
stefano.crapanzano@chu.ulg.ac.be,Affichage de l'IDoc : 0000000000335012,Exploration SAP,2021-10-20,10:29:25,00:00:02
stefano.crapanzano@chu.ulg.ac.be,Affichage de l'IDoc : 0000000000335012,Exploration SAP,2021-10-20,10:31:37,00:00:40
stefano.crapanzano@chu.ulg.ac.be,Affichage de l'IDoc : 0000000000335012,Exploration SAP,2021-10-20,11:19:13,00:00:02
stefano.crapanzano@chu.ulg.ac.be,Affichage de l'IDoc : 0000000000335012,Exploration SAP,2021-10-20,11:53:14,00:00:05
stefano.crapanzano@chu.ulg.ac.be,https://sam.uliege.be/upload/c158492/files/01234-20211030090010.txt - Google Chrome,Tâches diverses,2021-10-20,10:43:46,00:00:06
stefano.crapanzano@chu.ulg.ac.be,https://sam.uliege.be/upload/c158492/files/01234-20211030090010.txt - Google Chrome,Tâches diverses,2021-10-20,10:45:13,00:00:04
stefano.crapanzano@chu.ulg.ac.be,Créer un dossier,Helpdesk général,2021-10-20,10:44:03,00:00:04
stefano.crapanzano@chu.ulg.ac.be,C:\Users\c158492\AppData\Local\Temp\fz3temp-2\01114-20211012193010(2).txt - Notepad++ [Administrator],IT,2021-10-20,10:53:37,00:00:13
stefano.crapanzano@chu.ulg.ac.be,C:\Users\c158492\AppData\Local\Temp\fz3temp-2\01114-20211012193010(2).txt - Notepad++ [Administrator],IT,2021-10-20,10:53:54,00:00:02
stefano.crapanzano@chu.ulg.ac.be,C:\Users\c158492\AppData\Local\Temp\fz3temp-2\01114-20211012193010(2).txt - Notepad++ [Administrator],IT,2021-10-20,10:55:23,00:00:09
stefano.crapanzano@chu.ulg.ac.be,C:\Users\c158492\AppData\Local\Temp\fz3temp-2\01114-20211012193010(2).txt - Notepad++ [Administrator],IT,2021-10-20,11:02:38,00:00:14
stefano.crapanzano@chu.ulg.ac.be,C:\Users\c158492\AppData\Local\Temp\fz3temp-2\01114-20211012193010(2).txt - Notepad++ [Administrator],IT,2021-10-20,11:16:02,00:00:06
stefano.crapanzano@chu.ulg.ac.be,Affichage de l'IDoc : 0000000000353094,Exploration SAP,2021-10-20,10:54:19,00:00:24
stefano.crapanzano@chu.ulg.ac.be,Affichage de l'IDoc : 0000000000353094,Exploration SAP,2021-10-20,10:55:14,00:00:07
stefano.crapanzano@chu.ulg.ac.be,Affichage de l'IDoc : 0000000000353094,Exploration SAP,2021-10-20,10:56:16,00:00:14
stefano.crapanzano@chu.ulg.ac.be,Affichage de l'IDoc : 0000000000353094,Exploration SAP,2021-10-20,10:57:43,00:00:16
stefano.crapanzano@chu.ulg.ac.be,Affichage de l'IDoc : 0000000000353094,Exploration SAP,2021-10-20,10:58:15,00:00:04
stefano.crapanzano@chu.ulg.ac.be,Affichage de l'IDoc : 0000000000353094,Exploration SAP,2021-10-20,10:58:24,00:00:03
stefano.crapanzano@chu.ulg.ac.be,Affichage de l'IDoc : 0000000000353094,Exploration SAP,2021-10-20,11:03:48,00:00:10
stefano.crapanzano@chu.ulg.ac.be,Affichage de l'IDoc : 0000000000353094,Exploration SAP,2021-10-20,11:08:00,00:06:26
stefano.crapanzano@chu.ulg.ac.be,Afficher Demande d'achat 126749,Exploration SAP,2021-10-20,10:54:56,00:00:02
stefano.crapanzano@chu.ulg.ac.be,Afficher Demande d'achat 137345,Exploration SAP,2021-10-20,10:55:04,00:00:09
stefano.crapanzano@chu.ulg.ac.be,Afficher Demande d'achat 137345,Exploration SAP,2021-10-20,10:56:32,00:00:14
stefano.crapanzano@chu.ulg.ac.be,Afficher Demande d'achat 137345,Exploration SAP,2021-10-20,10:57:09,00:00:12
stefano.crapanzano@chu.ulg.ac.be,Afficher Demande d'achat 137345,Exploration SAP,2021-10-20,10:57:23,00:00:20
stefano.crapanzano@chu.ulg.ac.be,Afficher Demande d'achat 137345,Exploration SAP,2021-10-20,11:04:00,00:00:24
stefano.crapanzano@chu.ulg.ac.be,Afficher Demande d'achat 137345,Exploration SAP,2021-10-20,11:05:16,00:00:06
stefano.crapanzano@chu.ulg.ac.be,Afficher Demande d'achat 137345,Exploration SAP,2021-10-20,11:07:52,00:00:04
stefano.crapanzano@chu.ulg.ac.be,Afficher Demande d'achat 137345,Exploration SAP,2021-10-20,11:14:27,00:00:04
stefano.crapanzano@chu.ulg.ac.be,*new 2 - Notepad++ [Administrator],IT,2021-10-20,10:55:33,00:00:20
stefano.crapanzano@chu.ulg.ac.be,*new 2 - Notepad++ [Administrator],IT,2021-10-20,10:56:51,00:00:09
stefano.crapanzano@chu.ulg.ac.be,*new 2 - Notepad++ [Administrator],Exploration SAP,2021-10-20,10:57:01,00:00:04
stefano.crapanzano@chu.ulg.ac.be,DBeaver 21.0.0 - <MS SQL Server - si-s-serv24> Script-1,Exploration SAP,2021-10-20,10:59:10,00:00:16
stefano.crapanzano@chu.ulg.ac.be,DBeaver 21.0.0 - <MS SQL Server - si-s-serv24> Script-1,Exploration SAP,2021-10-20,11:00:19,00:00:08
stefano.crapanzano@chu.ulg.ac.be,Rechercher,IT,2021-10-20,10:57:05,00:00:02
stefano.crapanzano@chu.ulg.ac.be,Afficher demande de transfert : afficher poste individuel,Exploration SAP,2021-10-20,11:02:09,00:00:02
stefano.crapanzano@chu.ulg.ac.be,Afficher demande de transfert : afficher poste individuel,Exploration SAP,2021-10-20,11:02:25,00:00:05
stefano.crapanzano@chu.ulg.ac.be,Afficher demande de transfert : liste des postes,Exploration SAP,2021-10-20,11:02:30,00:00:06
stefano.crapanzano@chu.ulg.ac.be,Afficher demande de transfert : liste des postes,Exploration SAP,2021-10-20,11:02:53,00:00:17
stefano.crapanzano@chu.ulg.ac.be,Modifications Demande d'achat 137345 Poste 10,Exploration SAP,2021-10-20,11:05:09,00:00:06
stefano.crapanzano@chu.ulg.ac.be,Afficher article 20796 (ARTICLE WM non valorisé),Exploration SAP,2021-10-20,11:05:50,00:00:13
stefano.crapanzano@chu.ulg.ac.be,erp.sai - erp.sai@chuliege.be - Mozilla Thunderbird,Helpdesk général,2021-10-20,11:06:34,00:00:40
stefano.crapanzano@chu.ulg.ac.be,erp.sai - erp.sai@chuliege.be - Mozilla Thunderbird,Helpdesk général,2021-10-20,11:25:34,00:00:04
stefano.crapanzano@chu.ulg.ac.be,Afficher réservation : écran initial,Exploration SAP,2021-10-20,11:14:36,00:00:08
stefano.crapanzano@chu.ulg.ac.be,Afficher réservation 0000137345 : synthèse,Exploration SAP,2021-10-20,11:14:44,00:00:17
stefano.crapanzano@chu.ulg.ac.be,Affichage de l'IDoc : 0000000000321764,Exploration SAP,2021-10-20,11:19:55,00:00:05
stefano.crapanzano@chu.ulg.ac.be,Affichage de l'IDoc : 0000000000321764,Exploration SAP,2021-10-20,11:20:05,00:00:13
stefano.crapanzano@chu.ulg.ac.be,idoc - Mozilla Thunderbird,Helpdesk général,2021-10-20,11:26:15,00:00:12
stefano.crapanzano@chu.ulg.ac.be,idoc_monitoring - Mozilla Thunderbird,Helpdesk général,2021-10-20,11:26:33,00:01:32
stefano.crapanzano@chu.ulg.ac.be,idoc_monitoring - Mozilla Thunderbird,Helpdesk général,2021-10-20,11:28:08,00:00:06
stefano.crapanzano@chu.ulg.ac.be,idoc_monitoring - Mozilla Thunderbird,Helpdesk général,2021-10-20,11:30:07,00:00:05
stefano.crapanzano@chu.ulg.ac.be,idoc_monitoring - Mozilla Thunderbird,Helpdesk général,2021-10-20,11:30:23,00:00:04
stefano.crapanzano@chu.ulg.ac.be,idoc_monitoring - Mozilla Thunderbird,Helpdesk général,2021-10-20,11:30:30,00:00:02
stefano.crapanzano@chu.ulg.ac.be,idoc_monitoring - Mozilla Thunderbird,Helpdesk général,2021-10-20,11:30:42,00:00:02
stefano.crapanzano@chu.ulg.ac.be,idoc_monitoring - Mozilla Thunderbird,Helpdesk général,2021-10-20,11:30:46,00:00:02
stefano.crapanzano@chu.ulg.ac.be,idoc_monitoring - Mozilla Thunderbird,Helpdesk général,2021-10-20,11:30:54,00:00:02
stefano.crapanzano@chu.ulg.ac.be,idoc_monitoring - Mozilla Thunderbird,Helpdesk général,2021-10-20,11:31:09,00:00:02
stefano.crapanzano@chu.ulg.ac.be,idoc_monitoring - Mozilla Thunderbird,Helpdesk général,2021-10-20,11:31:15,00:00:02
stefano.crapanzano@chu.ulg.ac.be,idoc_monitoring - Mozilla Thunderbird,Helpdesk général,2021-10-20,11:31:19,00:00:02
stefano.crapanzano@chu.ulg.ac.be,Erreur dans le test IDOC_MONITORING - Mozilla Thunderbird,Helpdesk général,2021-10-20,11:30:12,00:00:04
stefano.crapanzano@chu.ulg.ac.be,Erreur dans le test IDOC_MONITORING - Mozilla Thunderbird,Helpdesk général,2021-10-20,11:30:18,00:00:05
stefano.crapanzano@chu.ulg.ac.be,Erreur dans le test IDOC_MONITORING - Mozilla Thunderbird,Helpdesk général,2021-10-20,11:30:27,00:00:02
stefano.crapanzano@chu.ulg.ac.be,Erreur dans le test IDOC_MONITORING - Mozilla Thunderbird,Helpdesk général,2021-10-20,11:30:35,00:00:02
stefano.crapanzano@chu.ulg.ac.be,Erreur dans le test IDOC_MONITORING - Mozilla Thunderbird,Helpdesk général,2021-10-20,11:30:39,00:00:02
stefano.crapanzano@chu.ulg.ac.be,Erreur dans le test IDOC_MONITORING - Mozilla Thunderbird,Helpdesk général,2021-10-20,11:30:49,00:00:02
stefano.crapanzano@chu.ulg.ac.be,Erreur dans le test IDOC_MONITORING - Mozilla Thunderbird,Helpdesk général,2021-10-20,11:30:57,00:00:03
stefano.crapanzano@chu.ulg.ac.be,Erreur dans le test IDOC_MONITORING - Mozilla Thunderbird,Helpdesk général,2021-10-20,11:31:02,00:00:02
stefano.crapanzano@chu.ulg.ac.be,Erreur dans le test IDOC_MONITORING - Mozilla Thunderbird,Helpdesk général,2021-10-20,11:31:06,00:00:02
stefano.crapanzano@chu.ulg.ac.be,Erreur dans le test IDOC_MONITORING - Mozilla Thunderbird,Helpdesk général,2021-10-20,11:31:11,00:00:04
stefano.crapanzano@chu.ulg.ac.be,Erreur dans le test IDOC_MONITORING - Mozilla Thunderbird,Helpdesk général,2021-10-20,11:31:22,00:00:22
stefano.crapanzano@chu.ulg.ac.be,Erreur dans le test IDOC_MONITORING - Mozilla Thunderbird,Helpdesk général,2021-10-20,11:32:05,00:00:04
stefano.crapanzano@chu.ulg.ac.be,Erreur dans le test IDOC_MONITORING - Mozilla Thunderbird,Helpdesk général,2021-10-20,11:32:10,00:00:03
stefano.crapanzano@chu.ulg.ac.be,Erreur dans le test IDOC_MONITORING - Mozilla Thunderbird,Helpdesk général,2021-10-20,11:32:44,00:00:13
stefano.crapanzano@chu.ulg.ac.be,Erreur dans le test IDOC_MONITORING - Mozilla Thunderbird,Tâches diverses,2021-10-20,11:36:45,00:00:02
stefano.crapanzano@chu.ulg.ac.be,Affichage de l'IDoc : 0000000000332504,Exploration SAP,2021-10-20,11:32:28,00:00:14
stefano.crapanzano@chu.ulg.ac.be,Affichage de l'IDoc : 0000000000332504,Exploration SAP,2021-10-20,11:32:57,00:00:10
stefano.crapanzano@chu.ulg.ac.be,Rédaction : Fwd: SDERP-18360 CLONE - P203 CHU IDoc 329798 statut 51 car un article est en statut bloqué : toute la demande de réapprovisionnement est bloquée - Thunderbird,Helpdesk général,2021-10-20,11:37:08,00:08:04
stefano.crapanzano@chu.ulg.ac.be,Rédaction : Fwd: SDERP-18360 CLONE - P203 CHU IDoc 329798 statut 51 car un article est en statut bloqué : toute la demande de réapprovisionnement est bloquée - Thunderbird,Helpdesk général,2021-10-20,11:45:17,00:00:40
stefano.crapanzano@chu.ulg.ac.be,Vérification de l’orthographe,Helpdesk général,2021-10-20,11:45:58,00:00:02
stefano.crapanzano@chu.ulg.ac.be,Envoyés - erp.sai@chuliege.be - Mozilla Thunderbird,Helpdesk général,2021-10-20,11:46:10,00:02:15
stefano.crapanzano@chu.ulg.ac.be,Envoyés - erp.sai@chuliege.be - Mozilla Thunderbird,Helpdesk général,2021-10-20,12:27:29,00:02:22
stefano.crapanzano@chu.ulg.ac.be,ZORGI Help Center - Service d'assistance - Google Chrome,Tâches diverses,2021-10-20,11:49:42,00:00:04
stefano.crapanzano@chu.ulg.ac.be,Incident ERP for HealthCare - Xperthis ERP4HC 2.0 Rollout - Service d'assistance - Google Chrome,Tâches diverses,2021-10-20,11:49:46,00:03:21
stefano.crapanzano@chu.ulg.ac.be,Incident ERP for HealthCare - Xperthis ERP4HC 2.0 Rollout - Service d'assistance - Google Chrome,Tâches diverses,2021-10-20,11:53:44,00:02:21
stefano.crapanzano@chu.ulg.ac.be,Incident ERP for HealthCare - Xperthis ERP4HC 2.0 Rollout - Service d'assistance - Google Chrome,Tâches diverses,2021-10-20,11:56:17,00:00:02
stefano.crapanzano@chu.ulg.ac.be,Incident ERP for HealthCare - Xperthis ERP4HC 2.0 Rollout - Service d'assistance - Google Chrome,Tâches diverses,2021-10-20,12:01:02,00:00:33
stefano.crapanzano@chu.ulg.ac.be,Incident ERP for HealthCare - Xperthis ERP4HC 2.0 Rollout - Service d'assistance - Google Chrome,Tâches diverses,2021-10-20,12:01:38,00:01:18
stefano.crapanzano@chu.ulg.ac.be,Connexion - Google Chrome,Tâches diverses,2021-10-20,11:56:06,00:00:10
stefano.crapanzano@chu.ulg.ac.be,ERP 2.0 test SSP - Xperthis ERP4HC 2.0 Rollout - Service d'assistance - Google Chrome,Tâches diverses,2021-10-20,11:56:42,00:00:05
stefano.crapanzano@chu.ulg.ac.be,ERP 2.0 test SSP - Xperthis ERP4HC 2.0 Rollout - Service d'assistance - Google Chrome,Tâches diverses,2021-10-20,11:57:54,00:00:20
stefano.crapanzano@chu.ulg.ac.be,SSP non-respect unités ZMMARTIKEL_création DA/réservation - Xperthis ERP4HC 2.0 Rollout - Service d'assistance - Google Chrome,Tâches diverses,2021-10-20,11:56:47,00:00:19
stefano.crapanzano@chu.ulg.ac.be,TESTS FLUX SSP - Imputation d'une DA pour un WOAR en K au lieu du T - Xperthis ERP4HC 2.0 Rollout - Service d'assistance - Google Chrome,Tâches diverses,2021-10-20,11:58:32,00:02:26
stefano.crapanzano@chu.ulg.ac.be,Flux des WOAR via les fichiers de commande PDA sur X01 - Xperthis ERP4HC 2.0 Rollout - Service d'assistance - Google Chrome,Tâches diverses,2021-10-20,12:02:57,00:01:19
stefano.crapanzano@chu.ulg.ac.be,Flux des WOAR via les fichiers de commande PDA sur X01 - Xperthis ERP4HC 2.0 Rollout - Service d'assistance - Google Chrome,Tâches diverses,2021-10-20,12:04:22,00:00:05
stefano.crapanzano@chu.ulg.ac.be,Flux des WOAR via les fichiers de commande PDA sur X01 - Xperthis ERP4HC 2.0 Rollout - Service d'assistance - Google Chrome,Tâches diverses,2021-10-20,12:05:14,00:00:02
stefano.crapanzano@chu.ulg.ac.be,My_Requests_20_10_2021_08_40.csv - Excel,Tâches diverses,2021-10-20,12:04:51,00:00:21
stefano.crapanzano@chu.ulg.ac.be,My_Requests_20_10_2021_08_40.csv - Excel,Tâches diverses,2021-10-20,12:09:01,00:00:08
stefano.crapanzano@chu.ulg.ac.be,My_Requests_20_10_2021_08_40.csv - Excel,Tâches diverses,2021-10-20,12:11:05,00:00:06
stefano.crapanzano@chu.ulg.ac.be,My_Requests_20_10_2021_08_40.csv - Excel,Tâches diverses,2021-10-20,12:13:44,00:00:03
stefano.crapanzano@chu.ulg.ac.be,My_Requests_20_10_2021_08_40.csv - Excel,Tâches diverses,2021-10-20,12:15:54,00:00:05
stefano.crapanzano@chu.ulg.ac.be,My_Requests_20_10_2021_08_40.csv - Excel,Tâches diverses,2021-10-20,12:18:17,00:00:06
stefano.crapanzano@chu.ulg.ac.be,My_Requests_20_10_2021_08_40.csv - Excel,Tâches diverses,2021-10-20,12:26:38,00:00:06
stefano.crapanzano@chu.ulg.ac.be,P203 CHU UNILAB : Distribution articles périmés - Xperthis ERP4HC 1.0 - Service d'assistance - Google Chrome,Tâches diverses,2021-10-20,12:05:19,00:00:12
stefano.crapanzano@chu.ulg.ac.be,P203 CHU UNILAB : Distribution articles périmés - Xperthis ERP4HC 1.0 - Service d'assistance - Google Chrome,Tâches diverses,2021-10-20,12:05:50,00:00:05
stefano.crapanzano@chu.ulg.ac.be,P203 CHU UNILAB : Distribution articles périmés - Xperthis ERP4HC 1.0 - Service d'assistance - Google Chrome,Tâches diverses,2021-10-20,12:06:57,00:00:02
stefano.crapanzano@chu.ulg.ac.be,P203 CHU UNILAB : Distribution articles périmés - Xperthis ERP4HC 1.0 - Service d'assistance - Google Chrome,Tâches diverses,2021-10-20,12:07:55,00:00:08
stefano.crapanzano@chu.ulg.ac.be,P203 CHU UNILAB : Distribution articles périmés - Xperthis ERP4HC 1.0 - Service d'assistance - Google Chrome,Tâches diverses,2021-10-20,12:08:12,00:00:06
stefano.crapanzano@chu.ulg.ac.be,P203 CHU UNILAB : Distribution articles périmés - Xperthis ERP4HC 1.0 - Service d'assistance - Google Chrome,Tâches diverses,2021-10-20,12:09:10,00:00:02
stefano.crapanzano@chu.ulg.ac.be,P203 coût licence SAP - Xperthis ERP4HC 1.0 - Service d'assistance - Google Chrome,Tâches diverses,2021-10-20,12:11:34,00:00:10
stefano.crapanzano@chu.ulg.ac.be,P203 coût licence SAP - Xperthis ERP4HC 1.0 - Service d'assistance - Google Chrome,Tâches diverses,2021-10-20,12:11:50,00:00:02
stefano.crapanzano@chu.ulg.ac.be,P203 coût licence SAP - Xperthis ERP4HC 1.0 - Service d'assistance - Google Chrome,Tâches diverses,2021-10-20,12:11:59,00:00:12
stefano.crapanzano@chu.ulg.ac.be,P203 coût licence SAP - Xperthis ERP4HC 1.0 - Service d'assistance - Google Chrome,Tâches diverses,2021-10-20,12:12:40,00:00:02
stefano.crapanzano@chu.ulg.ac.be,P203 coût licence SAP - Xperthis ERP4HC 1.0 - Service d'assistance - Google Chrome,Tâches diverses,2021-10-20,12:13:26,00:00:02
stefano.crapanzano@chu.ulg.ac.be,P203 coût licence SAP - Xperthis ERP4HC 1.0 - Service d'assistance - Google Chrome,Tâches diverses,2021-10-20,12:13:49,00:00:02
stefano.crapanzano@chu.ulg.ac.be,Rédaction : Suivi de tickets sans réponse - Thunderbird,Helpdesk général,2021-10-20,12:18:42,00:04:49
stefano.crapanzano@chu.ulg.ac.be,Rédaction : Suivi de tickets sans réponse - Thunderbird,Helpdesk général,2021-10-20,12:23:35,00:00:02
stefano.crapanzano@chu.ulg.ac.be,Rédaction : Suivi de tickets sans réponse - Thunderbird,Helpdesk général,2021-10-20,12:24:07,00:02:28
stefano.crapanzano@chu.ulg.ac.be,Service MT - Google Chrome,Tâches diverses,2021-10-20,12:27:17,00:00:08
