Email,Description,Project,Start date,Start time,Duration
stefano.crapanzano@chu.ulg.ac.be,Administrateur : Perl (command line) - python  main.py,IT,2021-10-22,08:29:00,00:00:49
stefano.crapanzano@chu.ulg.ac.be,Administrateur : Perl (command line) - python  main.py,IT,2021-10-22,08:29:53,00:00:02
stefano.crapanzano@chu.ulg.ac.be,Administrateur : Perl (command line) - python  main.py,IT,2021-10-22,08:30:05,00:00:02
stefano.crapanzano@chu.ulg.ac.be,Administrateur : Perl (command line) - python  main.py,Exploration SAP,2021-10-22,08:30:12,00:00:02
stefano.crapanzano@chu.ulg.ac.be,Administrateur : Perl (command line) - python  main.py,IT,2021-10-22,16:32:43,00:00:05
stefano.crapanzano@chu.ulg.ac.be,Administrateur : Perl (command line) - python  main.py,IT,2021-10-22,16:55:55,00:00:02
stefano.crapanzano@chu.ulg.ac.be,Navigation système de fichier,IT,2021-10-22,08:29:49,00:00:02
stefano.crapanzano@chu.ulg.ac.be,Navigation système de fichier,IT,2021-10-22,09:11:36,00:00:38
stefano.crapanzano@chu.ulg.ac.be,Navigation système de fichier,IT,2021-10-22,09:12:21,00:00:06
stefano.crapanzano@chu.ulg.ac.be,Navigation système de fichier,IT,2021-10-22,09:25:08,00:00:21
stefano.crapanzano@chu.ulg.ac.be,Navigation système de fichier,IT,2021-10-22,09:25:51,00:01:56
stefano.crapanzano@chu.ulg.ac.be,SAP Easy Access Menu de base Applications financières-économiques,IT,2021-10-22,08:29:56,00:00:03
stefano.crapanzano@chu.ulg.ac.be,SAP Easy Access Menu de base Applications financières-économiques,Exploration SAP,2021-10-22,08:30:25,00:00:03
stefano.crapanzano@chu.ulg.ac.be,SAP Easy Access Menu de base Applications financières-économiques,Exploration SAP,2021-10-22,08:31:19,00:00:13
stefano.crapanzano@chu.ulg.ac.be,Afficher Demande d'achat 5300000111,Exploration SAP,2021-10-22,08:30:16,00:00:02
stefano.crapanzano@chu.ulg.ac.be,SAP Logon 760,IT,2021-10-22,08:30:21,00:00:03
stefano.crapanzano@chu.ulg.ac.be,SAPconnect : ordres d'envoi de 21.10.2021 à 22.10.2021,Exploration SAP,2021-10-22,08:30:30,00:00:08
stefano.crapanzano@chu.ulg.ac.be,SAPconnect : ordres d'envoi de 20.10.2021 à 22.10.2021,Exploration SAP,2021-10-22,08:30:38,00:00:06
stefano.crapanzano@chu.ulg.ac.be,SAPconnect : ordres d'envoi de 20.10.2021 à 22.10.2021,Exploration SAP,2021-10-22,08:30:50,00:00:05
stefano.crapanzano@chu.ulg.ac.be,SAPconnect : ordres d'envoi de 20.10.2021 à 22.10.2021,Exploration SAP,2021-10-22,08:31:04,00:00:14
stefano.crapanzano@chu.ulg.ac.be,Définir valeurs pour critères de filtre,Exploration SAP,2021-10-22,08:30:45,00:00:05
stefano.crapanzano@chu.ulg.ac.be,Définir valeurs pour critères de filtre,Exploration SAP,2021-10-22,08:30:59,00:00:05
stefano.crapanzano@chu.ulg.ac.be,Définir critères de filtrage,Exploration SAP,2021-10-22,08:30:56,00:00:02
stefano.crapanzano@chu.ulg.ac.be,Commande interv. 40 4000209457 créée par Melinda COTTINI,Exploration SAP,2021-10-22,08:31:32,00:00:02
stefano.crapanzano@chu.ulg.ac.be,Sélectionner document,Exploration SAP,2021-10-22,08:31:35,00:00:04
stefano.crapanzano@chu.ulg.ac.be,Commande interv. 40 4000214496 créée par WEBUSERCHU,Exploration SAP,2021-10-22,08:31:39,00:00:05
stefano.crapanzano@chu.ulg.ac.be,Courrier entrant - erp.sai@chuliege.be - Mozilla Thunderbird,Helpdesk général,2021-10-22,08:31:44,00:00:57
stefano.crapanzano@chu.ulg.ac.be,Courrier entrant - erp.sai@chuliege.be - Mozilla Thunderbird,Helpdesk général,2021-10-22,09:12:51,00:02:17
stefano.crapanzano@chu.ulg.ac.be,Courrier entrant - erp.sai@chuliege.be - Mozilla Thunderbird,Helpdesk général,2021-10-22,09:20:27,00:00:02
stefano.crapanzano@chu.ulg.ac.be,Courrier entrant - erp.sai@chuliege.be - Mozilla Thunderbird,Helpdesk général,2021-10-22,16:32:51,00:00:02
stefano.crapanzano@chu.ulg.ac.be,Courrier entrant - erp.sai@chuliege.be - Mozilla Thunderbird,Helpdesk général,2021-10-22,16:39:21,00:00:16
stefano.crapanzano@chu.ulg.ac.be,Courrier entrant - erp.sai@chuliege.be - Mozilla Thunderbird,Tâches diverses,2021-10-22,16:47:32,00:00:17
stefano.crapanzano@chu.ulg.ac.be,Courrier entrant - erp.sai@chuliege.be - Mozilla Thunderbird,Helpdesk général,2021-10-22,16:52:22,00:00:06
stefano.crapanzano@chu.ulg.ac.be,Courrier entrant - stefano.crapanzano@chuliege.be - Mozilla Thunderbird,Helpdesk général,2021-10-22,08:32:42,00:00:02
stefano.crapanzano@chu.ulg.ac.be,Courrier entrant - stefano.crapanzano@chuliege.be - Mozilla Thunderbird,Tâches diverses,2021-10-22,08:32:57,00:38:38
stefano.crapanzano@chu.ulg.ac.be,Courrier entrant - stefano.crapanzano@chuliege.be - Mozilla Thunderbird,Helpdesk général,2021-10-22,09:12:48,00:00:02
stefano.crapanzano@chu.ulg.ac.be,Courrier entrant - stefano.crapanzano@chuliege.be - Mozilla Thunderbird,Helpdesk général,2021-10-22,16:32:53,00:00:02
stefano.crapanzano@chu.ulg.ac.be,Courrier entrant - stefano.crapanzano@chuliege.be - Mozilla Thunderbird,Helpdesk général,2021-10-22,16:39:18,00:00:02
stefano.crapanzano@chu.ulg.ac.be,Courrier entrant - stefano.crapanzano@chuliege.be - Mozilla Thunderbird,Helpdesk général,2021-10-22,16:47:50,00:04:32
stefano.crapanzano@chu.ulg.ac.be,Courrier entrant - stefano.crapanzano@chuliege.be - Mozilla Thunderbird,Helpdesk général,2021-10-22,16:54:48,00:00:21
stefano.crapanzano@chu.ulg.ac.be,Demandes - Service d'assistance - Google Chrome,Tâches diverses,2021-10-22,08:32:45,00:00:05
stefano.crapanzano@chu.ulg.ac.be,Demandes - Service d'assistance - Google Chrome,Tâches diverses,2021-10-22,08:32:52,00:00:05
stefano.crapanzano@chu.ulg.ac.be,Demandes - Service d'assistance - Google Chrome,Helpdesk général,2021-10-22,09:17:37,00:00:28
stefano.crapanzano@chu.ulg.ac.be,Demandes - Service d'assistance - Google Chrome,Tâches diverses,2021-10-22,16:33:03,00:00:11
stefano.crapanzano@chu.ulg.ac.be,Demandes - Service d'assistance - Google Chrome,Tâches diverses,2021-10-22,16:35:02,00:00:11
stefano.crapanzano@chu.ulg.ac.be,Demandes - Service d'assistance - Google Chrome,Tâches diverses,2021-10-22,16:35:20,00:00:12
stefano.crapanzano@chu.ulg.ac.be,Demandes - Service d'assistance - Google Chrome,Tâches diverses,2021-10-22,16:37:35,00:00:04
stefano.crapanzano@chu.ulg.ac.be,Demandes - Service d'assistance - Google Chrome,Tâches diverses,2021-10-22,16:40:27,00:00:04
stefano.crapanzano@chu.ulg.ac.be,Demandes - Service d'assistance - Google Chrome,Tâches diverses,2021-10-22,16:42:36,00:00:08
stefano.crapanzano@chu.ulg.ac.be,Demandes - Service d'assistance - Google Chrome,Tâches diverses,2021-10-22,16:44:08,00:00:27
stefano.crapanzano@chu.ulg.ac.be,Demandes - Service d'assistance - Google Chrome,Tâches diverses,2021-10-22,16:46:16,00:00:20
stefano.crapanzano@chu.ulg.ac.be,Demandes - Service d'assistance - Google Chrome,Tâches diverses,2021-10-22,16:46:49,00:00:19
stefano.crapanzano@chu.ulg.ac.be,Demandes - Service d'assistance - Google Chrome,Tâches diverses,2021-10-22,16:47:17,00:00:15
stefano.crapanzano@chu.ulg.ac.be,Demandes - Service d'assistance - Google Chrome,Tâches diverses,2021-10-22,16:55:11,00:00:04
stefano.crapanzano@chu.ulg.ac.be,Demandes - Service d'assistance - Google Chrome,Tâches diverses,2021-10-22,16:55:16,00:00:06
stefano.crapanzano@chu.ulg.ac.be,Demandes - Service d'assistance - Google Chrome,Tâches diverses,2021-10-22,16:55:37,00:00:02
stefano.crapanzano@chu.ulg.ac.be,Demandes - Service d'assistance - Google Chrome,Tâches diverses,2021-10-22,16:55:44,00:00:05
stefano.crapanzano@chu.ulg.ac.be,\\filesrv01.st.chulg\oazis_prod\APPL_PROD\SOURCES\BAT\ERP\CHL_ERP_DEPASSEMENT_DOTATION.bat - Notepad++ [Administrator],IT,2021-10-22,09:12:14,00:00:03
stefano.crapanzano@chu.ulg.ac.be,\\filesrv01.st.chulg\oazis_prod\APPL_PROD\SOURCES\BAT\ERP\CHL_ERP_DEPASSEMENT_DOTATION.bat - Notepad++ [Administrator],IT,2021-10-22,09:12:27,00:00:21
stefano.crapanzano@chu.ulg.ac.be,*\\filesrv01.st.chulg\oazis_prod\APPL_PROD\SOURCES\BAT\ERP\CHL_ERP_DEPASSEMENT_DOTATION.bat - Notepad++ [Administrator],IT,2021-10-22,09:12:18,00:00:02
stefano.crapanzano@chu.ulg.ac.be,valiodation - Mozilla Thunderbird,Helpdesk général,2021-10-22,09:15:08,00:00:05
stefano.crapanzano@chu.ulg.ac.be,validation - Mozilla Thunderbird,Helpdesk général,2021-10-22,09:15:14,00:01:20
stefano.crapanzano@chu.ulg.ac.be,Validation des données et SSP - Mozilla Thunderbird,Helpdesk général,2021-10-22,09:16:35,00:01:02
stefano.crapanzano@chu.ulg.ac.be,Extended My Requests - All requests - Service Desk - Google Chrome,Tâches diverses,2021-10-22,09:18:07,00:00:24
stefano.crapanzano@chu.ulg.ac.be,A03-203 CHU erreur validation des données A03 - FMDERIVER - Xperthis ERP4HC 2.0 Rollout - Service d'assistance - Google Chrome,Tâches diverses,2021-10-22,09:18:31,00:00:39
stefano.crapanzano@chu.ulg.ac.be,A03-203 CHU erreur validation des données A03 - FMDERIVER - Xperthis ERP4HC 2.0 Rollout - Service d'assistance - Google Chrome,Tâches diverses,2021-10-22,16:32:59,00:00:04
stefano.crapanzano@chu.ulg.ac.be,Service MT - Google Chrome,Tâches diverses,2021-10-22,09:19:10,00:00:02
stefano.crapanzano@chu.ulg.ac.be,Service MT - Google Chrome,Tâches diverses,2021-10-22,09:19:23,00:01:01
stefano.crapanzano@chu.ulg.ac.be,Service MT - Google Chrome,Tâches diverses,2021-10-22,09:21:26,00:02:55
stefano.crapanzano@chu.ulg.ac.be,Service MT - Google Chrome,Helpdesk général,2021-10-22,09:24:25,00:00:02
stefano.crapanzano@chu.ulg.ac.be,Service MT - Google Chrome,Tâches diverses,2021-10-22,09:24:29,00:00:39
stefano.crapanzano@chu.ulg.ac.be,Service MT - Google Chrome,Tâches diverses,2021-10-22,09:27:48,00:01:42
stefano.crapanzano@chu.ulg.ac.be,Service MT - Google Chrome,Tâches diverses,2021-10-22,16:38:59,00:00:12
stefano.crapanzano@chu.ulg.ac.be,Identification - Google Chrome,Tâches diverses,2021-10-22,09:19:13,00:00:08
stefano.crapanzano@chu.ulg.ac.be,POST data - Google Chrome,Tâches diverses,2021-10-22,09:30:52,00:00:04
stefano.crapanzano@chu.ulg.ac.be,erp.sai - erp.sai@chuliege.be - Mozilla Thunderbird,Helpdesk général,2021-10-22,09:20:29,00:00:26
stefano.crapanzano@chu.ulg.ac.be,erp.sai - erp.sai@chuliege.be - Mozilla Thunderbird,Helpdesk général,2021-10-22,09:21:12,00:00:04
stefano.crapanzano@chu.ulg.ac.be,erp.sai - erp.sai@chuliege.be - Mozilla Thunderbird,Helpdesk général,2021-10-22,09:29:30,00:01:14
stefano.crapanzano@chu.ulg.ac.be,erp.sai - erp.sai@chuliege.be - Mozilla Thunderbird,Helpdesk général,2021-10-22,16:32:48,00:00:02
stefano.crapanzano@chu.ulg.ac.be,monitoring - Mozilla Thunderbird,Helpdesk général,2021-10-22,09:20:56,00:00:13
stefano.crapanzano@chu.ulg.ac.be,job_monitoring - Mozilla Thunderbird,Helpdesk général,2021-10-22,09:21:16,00:00:04
stefano.crapanzano@chu.ulg.ac.be,Greenshot capture form,Helpdesk général,2021-10-22,09:24:21,00:00:04
stefano.crapanzano@chu.ulg.ac.be,\\oazisusers.st.chulg\oazis_users\Informatique\ERP\Exploitation\SURVEILLANCE\JOB\jobs_19_10_2021_14_00_00_14_59_59.csv_nok - Notepad++ [Administrator],IT,2021-10-22,09:25:30,00:00:19
stefano.crapanzano@chu.ulg.ac.be,Nouvel onglet - Google Chrome,Tâches diverses,2021-10-22,09:30:47,00:00:05
stefano.crapanzano@chu.ulg.ac.be,ERP-WIKI [DokuWiki ERP] - Google Chrome,Tâches diverses,2021-10-22,09:30:56,00:00:04
stefano.crapanzano@chu.ulg.ac.be,Tâches planifiées [DokuWiki ERP] - Google Chrome,Tâches diverses,2021-10-22,09:31:01,00:00:03
stefano.crapanzano@chu.ulg.ac.be,CHL_ERP_MAIL_MEDNUC_MONITORING - Surveillance des mails envoyés par la Médecine Nucléaire aux fournisseurs via SOST [DokuWiki ERP] - Google Chrome,Tâches diverses,2021-10-22,09:31:04,07:01:38
stefano.crapanzano@chu.ulg.ac.be,CHL_ERP_MAIL_MEDNUC_MONITORING - Surveillance des mails envoyés par la Médecine Nucléaire aux fournisseurs via SOST [DokuWiki ERP] - Google Chrome,Tâches diverses,2021-10-22,16:32:56,00:00:02
stefano.crapanzano@chu.ulg.ac.be,X01-203: Problème lors de la création d'une DA ou réservation à partir d'un fichier Glims - Xperthis ERP4HC 2.0 Rollout - Service d'assistance - Google Chrome,Tâches diverses,2021-10-22,16:33:15,00:01:46
stefano.crapanzano@chu.ulg.ac.be,X01-203: Problème lors de la création d'une DA ou réservation à partir d'un fichier Glims - Xperthis ERP4HC 2.0 Rollout - Service d'assistance - Google Chrome,Tâches diverses,2021-10-22,16:35:13,00:00:06
stefano.crapanzano@chu.ulg.ac.be,TESTS FLUX SSP - Imputation d'une DA pour un WOAR en K au lieu du T - Xperthis ERP4HC 2.0 Rollout - Service d'assistance - Google Chrome,Tâches diverses,2021-10-22,16:35:32,00:01:12
stefano.crapanzano@chu.ulg.ac.be,TESTS FLUX SSP - Imputation d'une DA pour un WOAR en K au lieu du T - Xperthis ERP4HC 2.0 Rollout - Service d'assistance - Google Chrome,Tâches diverses,2021-10-22,16:40:31,00:02:05
stefano.crapanzano@chu.ulg.ac.be,TESTS FLUX SSP - Imputation d'une DA pour un WOAR en K au lieu du T - Xperthis ERP4HC 2.0 Rollout - Service d'assistance - Google Chrome,Tâches diverses,2021-10-22,16:42:57,00:00:26
stefano.crapanzano@chu.ulg.ac.be,TESTS FLUX SSP - Imputation d'une DA pour un WOAR en K au lieu du T - Xperthis ERP4HC 2.0 Rollout - Service d'assistance - Google Chrome,Tâches diverses,2021-10-22,16:43:32,00:00:32
stefano.crapanzano@chu.ulg.ac.be,TESTS FLUX SSP - Imputation d'une DA pour un WOAR en K au lieu du T - Xperthis ERP4HC 2.0 Rollout - Service d'assistance - Google Chrome,Tâches diverses,2021-10-22,16:44:46,00:00:59
stefano.crapanzano@chu.ulg.ac.be,Connexion - Google Chrome,Tâches diverses,2021-10-22,16:36:50,00:00:09
stefano.crapanzano@chu.ulg.ac.be,Page d'accueil - Google Chrome,Tâches diverses,2021-10-22,16:37:01,00:00:16
stefano.crapanzano@chu.ulg.ac.be,Page d'accueil - Google Chrome,Tâches diverses,2021-10-22,16:37:42,00:00:05
stefano.crapanzano@chu.ulg.ac.be,Page d'accueil - Google Chrome,Tâches diverses,2021-10-22,16:38:00,00:00:02
stefano.crapanzano@chu.ulg.ac.be,Ma boîte de réception - Google Chrome,Tâches diverses,2021-10-22,16:37:17,00:00:17
stefano.crapanzano@chu.ulg.ac.be,Ma boîte de réception - Google Chrome,Tâches diverses,2021-10-22,16:37:39,00:00:02
stefano.crapanzano@chu.ulg.ac.be,Ma boîte de réception - Google Chrome,Tâches diverses,2021-10-22,16:37:52,00:00:08
stefano.crapanzano@chu.ulg.ac.be,Créer une demande d'achat - Google Chrome,Tâches diverses,2021-10-22,16:37:47,00:00:03
stefano.crapanzano@chu.ulg.ac.be,Créer une demande d'achat - Google Chrome,Tâches diverses,2021-10-22,16:38:03,00:00:55
stefano.crapanzano@chu.ulg.ac.be,Créer une demande d'achat - Google Chrome,Tâches diverses,2021-10-22,16:39:11,00:00:06
stefano.crapanzano@chu.ulg.ac.be,Créer une demande d'achat - Google Chrome,Tâches diverses,2021-10-22,16:39:37,00:00:31
stefano.crapanzano@chu.ulg.ac.be,Ma demande d'achat - Google Chrome,Tâches diverses,2021-10-22,16:40:08,00:00:06
stefano.crapanzano@chu.ulg.ac.be,Détails de l'article - Google Chrome,Tâches diverses,2021-10-22,16:40:15,00:00:06
stefano.crapanzano@chu.ulg.ac.be,Quantité à commander ne vient pas de ZMMARTIKEL sur A03 - Xperthis ERP4HC 2.0 Rollout - Service d'assistance - Google Chrome,Tâches diverses,2021-10-22,16:42:44,00:00:12
stefano.crapanzano@chu.ulg.ac.be,Quantité à commander ne vient pas de ZMMARTIKEL sur A03 - Xperthis ERP4HC 2.0 Rollout - Service d'assistance - Google Chrome,Tâches diverses,2021-10-22,16:43:24,00:00:08
stefano.crapanzano@chu.ulg.ac.be,Quantité à commander ne vient pas de ZMMARTIKEL sur A03 - Xperthis ERP4HC 2.0 Rollout - Service d'assistance - Google Chrome,Tâches diverses,2021-10-22,16:44:04,00:00:04
stefano.crapanzano@chu.ulg.ac.be,Réceptionnaire  centre de coût et compte général pas remplis - Xperthis ERP4HC 2.0 Rollout - Service d'assistance - Google Chrome,Tâches diverses,2021-10-22,16:44:36,00:00:10
stefano.crapanzano@chu.ulg.ac.be,Réceptionnaire  centre de coût et compte général pas remplis - Xperthis ERP4HC 2.0 Rollout - Service d'assistance - Google Chrome,Tâches diverses,2021-10-22,16:45:46,00:00:24
stefano.crapanzano@chu.ulg.ac.be,Réceptionnaire  centre de coût et compte général pas remplis - Xperthis ERP4HC 2.0 Rollout - Service d'assistance - Google Chrome,Tâches diverses,2021-10-22,16:55:39,00:00:02
stefano.crapanzano@chu.ulg.ac.be,Réceptionnaire  centre de coût et compte général pas remplis - Xperthis ERP4HC 2.0 Rollout - Service d'assistance - Google Chrome,Tâches diverses,2021-10-22,16:55:49,00:00:05
stefano.crapanzano@chu.ulg.ac.be,Réceptionnaire  centre de coût et compte général pas remplis - Xperthis ERP4HC 2.0 Rollout - Service d'assistance - Google Chrome,Tâches diverses,2021-10-22,16:55:57,00:06:23
stefano.crapanzano@chu.ulg.ac.be,P203 CHU Job interrompu - Xperthis ERP4HC 1.0 - Service d'assistance - Google Chrome,Tâches diverses,2021-10-22,16:46:10,00:00:05
stefano.crapanzano@chu.ulg.ac.be,Paramétrage approbateurs de demandes d'achats-nouvelle version 2.0 - Xperthis ERP4HC 2.0 Rollout - Service d'assistance - Google Chrome,Tâches diverses,2021-10-22,16:46:37,00:00:12
stefano.crapanzano@chu.ulg.ac.be,Flux des WOAR via les fichiers de commande PDA sur X01 - Xperthis ERP4HC 2.0 Rollout - Service d'assistance - Google Chrome,Tâches diverses,2021-10-22,16:47:08,00:00:08
stefano.crapanzano@chu.ulg.ac.be,Envoyés - erp.sai@chuliege.be - Mozilla Thunderbird,Helpdesk général,2021-10-22,16:52:28,00:02:18
stefano.crapanzano@chu.ulg.ac.be,P203 CHU Accès à SSP  SAP Libération des factures et Fiori impossible en VPN - Xperthis ERP4HC 1.0 - Service d'assistance - Google Chrome,Tâches diverses,2021-10-22,16:55:23,00:00:14
