Email,Description,Project,Start date,Start time,Duration
stefano.crapanzano@chu.ulg.ac.be,Administrateur : Perl (command line) - python  main.py,IT,2021-10-21,16:08:20,00:00:09
stefano.crapanzano@chu.ulg.ac.be,Administrateur : Perl (command line) - python  main.py,IT,2021-10-21,16:54:53,00:00:05
stefano.crapanzano@chu.ulg.ac.be,Administrateur : Perl (command line) - python  main.py,IT,2021-10-21,16:55:00,00:00:02
stefano.crapanzano@chu.ulg.ac.be,GOAL_COMMANDE_EN_COURS_LABO - erp.sai@chuliege.be - Mozilla Thunderbird,Helpdesk général,2021-10-21,08:38:41,00:03:41
stefano.crapanzano@chu.ulg.ac.be,GOAL_COMMANDE_EN_COURS_LABO - erp.sai@chuliege.be - Mozilla Thunderbird,Helpdesk général,2021-10-21,08:49:41,00:00:03
stefano.crapanzano@chu.ulg.ac.be,Navigation système de fichier,IT,2021-10-21,08:42:23,00:00:08
stefano.crapanzano@chu.ulg.ac.be,Navigation système de fichier,IT,2021-10-21,08:43:04,00:00:19
stefano.crapanzano@chu.ulg.ac.be,Navigation système de fichier,IT,2021-10-21,08:44:38,00:00:03
stefano.crapanzano@chu.ulg.ac.be,Navigation système de fichier,IT,2021-10-21,08:45:07,00:00:04
stefano.crapanzano@chu.ulg.ac.be,Navigation système de fichier,IT,2021-10-21,08:45:17,00:00:12
stefano.crapanzano@chu.ulg.ac.be,Navigation système de fichier,IT,2021-10-21,08:47:18,00:00:24
stefano.crapanzano@chu.ulg.ac.be,Navigation système de fichier,IT,2021-10-21,08:48:32,00:00:20
stefano.crapanzano@chu.ulg.ac.be,Navigation système de fichier,IT,2021-10-21,08:51:11,00:00:50
stefano.crapanzano@chu.ulg.ac.be,Navigation système de fichier,IT,2021-10-21,08:52:03,00:00:32
stefano.crapanzano@chu.ulg.ac.be,Navigation système de fichier,IT,2021-10-21,08:52:45,00:00:08
stefano.crapanzano@chu.ulg.ac.be,Navigation système de fichier,IT,2021-10-21,08:53:17,00:00:03
stefano.crapanzano@chu.ulg.ac.be,Navigation système de fichier,IT,2021-10-21,08:54:32,00:00:03
stefano.crapanzano@chu.ulg.ac.be,Navigation système de fichier,IT,2021-10-21,08:54:44,00:00:05
stefano.crapanzano@chu.ulg.ac.be,Navigation système de fichier,IT,2021-10-21,08:59:53,00:00:02
stefano.crapanzano@chu.ulg.ac.be,Navigation système de fichier,IT,2021-10-21,09:02:59,00:00:05
stefano.crapanzano@chu.ulg.ac.be,Navigation système de fichier,IT,2021-10-21,09:03:07,00:00:03
stefano.crapanzano@chu.ulg.ac.be,Navigation système de fichier,IT,2021-10-21,09:03:51,00:00:08
stefano.crapanzano@chu.ulg.ac.be,Navigation système de fichier,IT,2021-10-21,09:04:59,00:00:07
stefano.crapanzano@chu.ulg.ac.be,Navigation système de fichier,IT,2021-10-21,09:07:02,00:00:06
stefano.crapanzano@chu.ulg.ac.be,Navigation système de fichier,IT,2021-10-21,09:08:03,00:00:02
stefano.crapanzano@chu.ulg.ac.be,Navigation système de fichier,IT,2021-10-21,09:10:06,00:00:05
stefano.crapanzano@chu.ulg.ac.be,Navigation système de fichier,IT,2021-10-21,09:13:45,00:00:02
stefano.crapanzano@chu.ulg.ac.be,Navigation système de fichier,IT,2021-10-21,09:15:42,00:00:02
stefano.crapanzano@chu.ulg.ac.be,Navigation système de fichier,IT,2021-10-21,09:29:53,00:00:05
stefano.crapanzano@chu.ulg.ac.be,Navigation système de fichier,IT,2021-10-21,09:39:43,00:00:07
stefano.crapanzano@chu.ulg.ac.be,Navigation système de fichier,IT,2021-10-21,09:55:17,00:00:10
stefano.crapanzano@chu.ulg.ac.be,Navigation système de fichier,IT,2021-10-21,10:22:13,00:00:03
stefano.crapanzano@chu.ulg.ac.be,Navigation système de fichier,IT,2021-10-21,10:24:41,00:00:02
stefano.crapanzano@chu.ulg.ac.be,Navigation système de fichier,IT,2021-10-21,10:54:28,00:00:02
stefano.crapanzano@chu.ulg.ac.be,Navigation système de fichier,IT,2021-10-21,11:21:12,00:00:02
stefano.crapanzano@chu.ulg.ac.be,Navigation système de fichier,IT,2021-10-21,11:22:27,00:00:02
stefano.crapanzano@chu.ulg.ac.be,Navigation système de fichier,IT,2021-10-21,11:24:43,00:00:02
stefano.crapanzano@chu.ulg.ac.be,Navigation système de fichier,IT,2021-10-21,11:25:17,00:00:02
stefano.crapanzano@chu.ulg.ac.be,Navigation système de fichier,IT,2021-10-21,11:27:44,00:00:06
stefano.crapanzano@chu.ulg.ac.be,Navigation système de fichier,IT,2021-10-21,11:28:15,00:00:11
stefano.crapanzano@chu.ulg.ac.be,Navigation système de fichier,IT,2021-10-21,11:31:33,00:00:06
stefano.crapanzano@chu.ulg.ac.be,Navigation système de fichier,IT,2021-10-21,11:44:19,00:00:02
stefano.crapanzano@chu.ulg.ac.be,Navigation système de fichier,IT,2021-10-21,11:57:30,00:00:23
stefano.crapanzano@chu.ulg.ac.be,Navigation système de fichier,IT,2021-10-21,12:28:45,00:00:17
stefano.crapanzano@chu.ulg.ac.be,Navigation système de fichier,IT,2021-10-21,12:33:17,00:00:02
stefano.crapanzano@chu.ulg.ac.be,Navigation système de fichier,IT,2021-10-21,12:38:17,00:00:19
stefano.crapanzano@chu.ulg.ac.be,Navigation système de fichier,IT,2021-10-21,12:52:48,00:00:19
stefano.crapanzano@chu.ulg.ac.be,Navigation système de fichier,IT,2021-10-21,12:58:00,00:00:03
stefano.crapanzano@chu.ulg.ac.be,Navigation système de fichier,IT,2021-10-21,13:12:43,00:00:02
stefano.crapanzano@chu.ulg.ac.be,Navigation système de fichier,IT,2021-10-21,13:15:46,00:00:03
stefano.crapanzano@chu.ulg.ac.be,Navigation système de fichier,IT,2021-10-21,13:19:46,00:00:06
stefano.crapanzano@chu.ulg.ac.be,Navigation système de fichier,IT,2021-10-21,13:20:45,00:00:07
stefano.crapanzano@chu.ulg.ac.be,Navigation système de fichier,IT,2021-10-21,13:24:04,00:00:02
stefano.crapanzano@chu.ulg.ac.be,Navigation système de fichier,IT,2021-10-21,13:24:17,00:00:03
stefano.crapanzano@chu.ulg.ac.be,Navigation système de fichier,IT,2021-10-21,13:25:49,00:00:02
stefano.crapanzano@chu.ulg.ac.be,Navigation système de fichier,IT,2021-10-21,14:53:00,00:00:10
stefano.crapanzano@chu.ulg.ac.be,Navigation système de fichier,IT,2021-10-21,14:54:20,00:02:03
stefano.crapanzano@chu.ulg.ac.be,Navigation système de fichier,IT,2021-10-21,14:58:47,00:00:03
stefano.crapanzano@chu.ulg.ac.be,Navigation système de fichier,IT,2021-10-21,15:17:30,00:00:08
stefano.crapanzano@chu.ulg.ac.be,Navigation système de fichier,IT,2021-10-21,15:17:55,00:00:05
stefano.crapanzano@chu.ulg.ac.be,Navigation système de fichier,IT,2021-10-21,15:18:03,00:00:02
stefano.crapanzano@chu.ulg.ac.be,Navigation système de fichier,IT,2021-10-21,15:21:13,00:00:03
stefano.crapanzano@chu.ulg.ac.be,Navigation système de fichier,IT,2021-10-21,15:21:18,00:00:06
stefano.crapanzano@chu.ulg.ac.be,Navigation système de fichier,IT,2021-10-21,15:22:13,00:00:05
stefano.crapanzano@chu.ulg.ac.be,Navigation système de fichier,IT,2021-10-21,15:27:26,00:00:02
stefano.crapanzano@chu.ulg.ac.be,Navigation système de fichier,IT,2021-10-21,15:27:30,00:00:08
stefano.crapanzano@chu.ulg.ac.be,Navigation système de fichier,IT,2021-10-21,15:27:56,00:00:08
stefano.crapanzano@chu.ulg.ac.be,Navigation système de fichier,IT,2021-10-21,15:28:12,00:00:02
stefano.crapanzano@chu.ulg.ac.be,Navigation système de fichier,IT,2021-10-21,15:28:17,00:00:05
stefano.crapanzano@chu.ulg.ac.be,Navigation système de fichier,IT,2021-10-21,15:28:24,00:00:04
stefano.crapanzano@chu.ulg.ac.be,Navigation système de fichier,IT,2021-10-21,15:28:38,00:00:05
stefano.crapanzano@chu.ulg.ac.be,Navigation système de fichier,IT,2021-10-21,15:43:40,00:00:03
stefano.crapanzano@chu.ulg.ac.be,Navigation système de fichier,IT,2021-10-21,15:45:11,00:00:05
stefano.crapanzano@chu.ulg.ac.be,Navigation système de fichier,IT,2021-10-21,16:04:36,00:00:05
stefano.crapanzano@chu.ulg.ac.be,Navigation système de fichier,IT,2021-10-21,16:04:47,00:00:03
stefano.crapanzano@chu.ulg.ac.be,Navigation système de fichier,IT,2021-10-21,16:05:30,00:00:25
stefano.crapanzano@chu.ulg.ac.be,Navigation système de fichier,IT,2021-10-21,16:08:15,00:00:02
stefano.crapanzano@chu.ulg.ac.be,Navigation système de fichier,IT,2021-10-21,16:09:51,00:00:03
stefano.crapanzano@chu.ulg.ac.be,Netop Invité,Helpdesk général,2021-10-21,08:42:32,00:00:03
stefano.crapanzano@chu.ulg.ac.be,Netop Invité,Helpdesk général,2021-10-21,11:31:40,00:00:02
stefano.crapanzano@chu.ulg.ac.be,Netop Invité,Helpdesk général,2021-10-21,13:18:13,00:00:02
stefano.crapanzano@chu.ulg.ac.be,Connexion à l'aide de l'authentification Windows,Helpdesk général,2021-10-21,08:42:36,00:00:05
stefano.crapanzano@chu.ulg.ac.be,Connexion à l'aide de l'authentification Windows,Helpdesk général,2021-10-21,13:18:15,00:00:02
stefano.crapanzano@chu.ulg.ac.be,erpftp - Netop Remote Control,Helpdesk général,2021-10-21,08:42:42,00:00:22
stefano.crapanzano@chu.ulg.ac.be,erpftp - Netop Remote Control,Helpdesk général,2021-10-21,08:43:24,00:01:13
stefano.crapanzano@chu.ulg.ac.be,erpftp - Netop Remote Control,Helpdesk général,2021-10-21,08:45:12,00:00:05
stefano.crapanzano@chu.ulg.ac.be,erpftp - Netop Remote Control,Helpdesk général,2021-10-21,08:47:09,00:00:07
stefano.crapanzano@chu.ulg.ac.be,erpftp - Netop Remote Control,Helpdesk général,2021-10-21,08:53:21,00:00:12
stefano.crapanzano@chu.ulg.ac.be,erpftp - Netop Remote Control,Helpdesk général,2021-10-21,08:53:34,00:00:04
stefano.crapanzano@chu.ulg.ac.be,erpftp - Netop Remote Control,Helpdesk général,2021-10-21,08:53:47,00:00:44
stefano.crapanzano@chu.ulg.ac.be,erpftp - Netop Remote Control,Helpdesk général,2021-10-21,08:54:36,00:00:08
stefano.crapanzano@chu.ulg.ac.be,erpftp - Netop Remote Control,Helpdesk général,2021-10-21,08:55:20,00:00:12
stefano.crapanzano@chu.ulg.ac.be,erpftp - Netop Remote Control,Helpdesk général,2021-10-21,08:57:02,00:00:43
stefano.crapanzano@chu.ulg.ac.be,erpftp - Netop Remote Control,Helpdesk général,2021-10-21,08:58:10,00:00:35
stefano.crapanzano@chu.ulg.ac.be,erpftp - Netop Remote Control,Helpdesk général,2021-10-21,09:02:15,00:00:43
stefano.crapanzano@chu.ulg.ac.be,erpftp - Netop Remote Control,Helpdesk général,2021-10-21,09:05:07,00:01:43
stefano.crapanzano@chu.ulg.ac.be,erpftp - Netop Remote Control,Helpdesk général,2021-10-21,09:06:54,00:00:08
stefano.crapanzano@chu.ulg.ac.be,erpftp - Netop Remote Control,Helpdesk général,2021-10-21,13:18:19,00:01:11
stefano.crapanzano@chu.ulg.ac.be,erpftp - Netop Remote Control,Helpdesk général,2021-10-21,13:19:52,00:00:52
stefano.crapanzano@chu.ulg.ac.be,\\ERPFTP.st.chulg\ERP\Log\CHL_ERP_RAPPORT_GOAL_DISCORDANCE_PE2.log - Notepad++ [Administrator],IT,2021-10-21,08:44:42,00:00:17
stefano.crapanzano@chu.ulg.ac.be,*new 2 - Notepad++ [Administrator],IT,2021-10-21,08:44:59,00:00:07
stefano.crapanzano@chu.ulg.ac.be,*new 2 - Notepad++ [Administrator],IT,2021-10-21,15:28:48,00:00:02
stefano.crapanzano@chu.ulg.ac.be,*new 2 - Notepad++ [Administrator],IT,2021-10-21,15:28:54,00:00:06
stefano.crapanzano@chu.ulg.ac.be,*new 2 - Notepad++ [Administrator],Helpdesk général,2021-10-21,15:29:22,00:00:05
stefano.crapanzano@chu.ulg.ac.be,\\ERPFTP.st.chulg\ERP\Log\CHL_ERP_GOAL_RAPPORT_DISCORDANCE_PE2.log - Notepad++ [Administrator],IT,2021-10-21,08:45:29,00:01:39
stefano.crapanzano@chu.ulg.ac.be,\\ERPFTP.st.chulg\ERP\Log\CHL_ERP_GOAL_RAPPORT_DISCORDANCE_PE2.log - Notepad++ [Administrator],IT,2021-10-21,13:34:41,00:00:12
stefano.crapanzano@chu.ulg.ac.be,\\filesrv01.st.chulg\oazis_prod\APPL_PROD\SOURCES\BAT\ERP\CHL_ERP_GOAL_RAPPORT_DISCORDANCE_PE2.bat - Notepad++ [Administrator],IT,2021-10-21,08:47:42,00:00:49
stefano.crapanzano@chu.ulg.ac.be,\\filesrv01.st.chulg\oazis_prod\APPL_PROD\SOURCES\BAT\ERP\CHL_ERP_GOAL_RAPPORT_DISCORDANCE_PE2.bat - Notepad++ [Administrator],IT,2021-10-21,09:28:38,00:00:11
stefano.crapanzano@chu.ulg.ac.be,Programmation,IT,2021-10-21,08:48:53,00:00:46
stefano.crapanzano@chu.ulg.ac.be,Programmation,IT,2021-10-21,09:15:45,00:01:54
stefano.crapanzano@chu.ulg.ac.be,Programmation,IT,2021-10-21,09:17:42,00:01:24
stefano.crapanzano@chu.ulg.ac.be,Programmation,IT,2021-10-21,09:19:20,00:00:23
stefano.crapanzano@chu.ulg.ac.be,Programmation,IT,2021-10-21,09:21:58,00:01:33
stefano.crapanzano@chu.ulg.ac.be,Programmation,IT,2021-10-21,09:24:12,00:04:21
stefano.crapanzano@chu.ulg.ac.be,Programmation,IT,2021-10-21,09:28:51,00:00:41
stefano.crapanzano@chu.ulg.ac.be,Programmation,IT,2021-10-21,09:30:50,00:00:22
stefano.crapanzano@chu.ulg.ac.be,Programmation,IT,2021-10-21,09:31:37,00:00:16
stefano.crapanzano@chu.ulg.ac.be,Programmation,IT,2021-10-21,09:33:56,00:01:29
stefano.crapanzano@chu.ulg.ac.be,Programmation,IT,2021-10-21,09:35:43,00:00:55
stefano.crapanzano@chu.ulg.ac.be,Programmation,IT,2021-10-21,09:37:05,00:00:20
stefano.crapanzano@chu.ulg.ac.be,Programmation,IT,2021-10-21,09:38:13,00:01:29
stefano.crapanzano@chu.ulg.ac.be,Programmation,IT,2021-10-21,09:53:49,00:01:28
stefano.crapanzano@chu.ulg.ac.be,Programmation,IT,2021-10-21,09:55:27,00:02:29
stefano.crapanzano@chu.ulg.ac.be,Programmation,IT,2021-10-21,10:00:11,00:00:56
stefano.crapanzano@chu.ulg.ac.be,Programmation,IT,2021-10-21,10:01:13,00:00:05
stefano.crapanzano@chu.ulg.ac.be,Programmation,IT,2021-10-21,10:01:22,00:00:07
stefano.crapanzano@chu.ulg.ac.be,Programmation,IT,2021-10-21,10:01:52,00:00:12
stefano.crapanzano@chu.ulg.ac.be,Programmation,IT,2021-10-21,10:02:11,00:00:06
stefano.crapanzano@chu.ulg.ac.be,Programmation,IT,2021-10-21,10:22:17,00:01:39
stefano.crapanzano@chu.ulg.ac.be,Programmation,IT,2021-10-21,10:24:35,00:00:06
stefano.crapanzano@chu.ulg.ac.be,Programmation,IT,2021-10-21,10:24:49,00:00:22
stefano.crapanzano@chu.ulg.ac.be,Programmation,IT,2021-10-21,10:25:19,00:25:43
stefano.crapanzano@chu.ulg.ac.be,Programmation,IT,2021-10-21,10:51:19,00:03:09
stefano.crapanzano@chu.ulg.ac.be,Programmation,IT,2021-10-21,11:20:33,00:00:20
stefano.crapanzano@chu.ulg.ac.be,Programmation,IT,2021-10-21,11:31:44,00:05:31
stefano.crapanzano@chu.ulg.ac.be,Programmation,IT,2021-10-21,11:44:37,00:00:16
stefano.crapanzano@chu.ulg.ac.be,Programmation,IT,2021-10-21,11:44:59,00:07:53
stefano.crapanzano@chu.ulg.ac.be,Programmation,IT,2021-10-21,11:53:22,00:02:11
stefano.crapanzano@chu.ulg.ac.be,Programmation,IT,2021-10-21,11:55:46,00:01:34
stefano.crapanzano@chu.ulg.ac.be,Programmation,IT,2021-10-21,11:57:53,00:03:49
stefano.crapanzano@chu.ulg.ac.be,Programmation,IT,2021-10-21,12:03:05,00:06:28
stefano.crapanzano@chu.ulg.ac.be,Programmation,IT,2021-10-21,12:21:47,00:01:54
stefano.crapanzano@chu.ulg.ac.be,Programmation,IT,2021-10-21,12:23:57,00:04:48
stefano.crapanzano@chu.ulg.ac.be,Programmation,IT,2021-10-21,12:29:03,00:03:39
stefano.crapanzano@chu.ulg.ac.be,Programmation,IT,2021-10-21,12:32:43,00:00:33
stefano.crapanzano@chu.ulg.ac.be,Programmation,IT,2021-10-21,12:33:34,00:04:42
stefano.crapanzano@chu.ulg.ac.be,Programmation,IT,2021-10-21,12:38:49,00:13:58
stefano.crapanzano@chu.ulg.ac.be,Programmation,IT,2021-10-21,12:53:08,00:03:12
stefano.crapanzano@chu.ulg.ac.be,Programmation,IT,2021-10-21,12:56:54,00:01:06
stefano.crapanzano@chu.ulg.ac.be,Programmation,IT,2021-10-21,12:58:04,00:09:49
stefano.crapanzano@chu.ulg.ac.be,Programmation,IT,2021-10-21,13:08:26,00:02:31
stefano.crapanzano@chu.ulg.ac.be,Programmation,IT,2021-10-21,13:11:44,00:00:59
stefano.crapanzano@chu.ulg.ac.be,Programmation,IT,2021-10-21,13:13:33,00:01:45
stefano.crapanzano@chu.ulg.ac.be,Programmation,IT,2021-10-21,13:16:32,00:01:40
stefano.crapanzano@chu.ulg.ac.be,Programmation,IT,2021-10-21,15:28:14,00:00:02
stefano.crapanzano@chu.ulg.ac.be,Programmation,IT,2021-10-21,15:44:50,00:00:21
stefano.crapanzano@chu.ulg.ac.be,Programmation,IT,2021-10-21,15:45:29,00:00:36
stefano.crapanzano@chu.ulg.ac.be,Courrier entrant - erp.sai@chuliege.be - Mozilla Thunderbird,Helpdesk général,2021-10-21,08:49:45,00:01:25
stefano.crapanzano@chu.ulg.ac.be,Courrier entrant - erp.sai@chuliege.be - Mozilla Thunderbird,Helpdesk général,2021-10-21,08:53:39,00:00:08
stefano.crapanzano@chu.ulg.ac.be,Courrier entrant - erp.sai@chuliege.be - Mozilla Thunderbird,Helpdesk général,2021-10-21,08:55:16,00:00:04
stefano.crapanzano@chu.ulg.ac.be,Courrier entrant - erp.sai@chuliege.be - Mozilla Thunderbird,Helpdesk général,2021-10-21,08:55:36,00:00:07
stefano.crapanzano@chu.ulg.ac.be,Courrier entrant - erp.sai@chuliege.be - Mozilla Thunderbird,Helpdesk général,2021-10-21,08:56:39,00:00:23
stefano.crapanzano@chu.ulg.ac.be,Courrier entrant - erp.sai@chuliege.be - Mozilla Thunderbird,Helpdesk général,2021-10-21,08:57:45,00:00:04
stefano.crapanzano@chu.ulg.ac.be,Courrier entrant - erp.sai@chuliege.be - Mozilla Thunderbird,Helpdesk général,2021-10-21,09:04:00,00:00:14
stefano.crapanzano@chu.ulg.ac.be,Courrier entrant - erp.sai@chuliege.be - Mozilla Thunderbird,Helpdesk général,2021-10-21,09:10:14,00:00:15
stefano.crapanzano@chu.ulg.ac.be,Courrier entrant - erp.sai@chuliege.be - Mozilla Thunderbird,Helpdesk général,2021-10-21,09:10:57,00:00:03
stefano.crapanzano@chu.ulg.ac.be,Courrier entrant - erp.sai@chuliege.be - Mozilla Thunderbird,Helpdesk général,2021-10-21,09:29:32,00:00:20
stefano.crapanzano@chu.ulg.ac.be,Courrier entrant - erp.sai@chuliege.be - Mozilla Thunderbird,Helpdesk général,2021-10-21,09:45:30,00:00:02
stefano.crapanzano@chu.ulg.ac.be,Courrier entrant - erp.sai@chuliege.be - Mozilla Thunderbird,Helpdesk général,2021-10-21,09:46:00,00:07:47
stefano.crapanzano@chu.ulg.ac.be,Courrier entrant - erp.sai@chuliege.be - Mozilla Thunderbird,Helpdesk général,2021-10-21,09:57:56,00:00:09
stefano.crapanzano@chu.ulg.ac.be,Courrier entrant - erp.sai@chuliege.be - Mozilla Thunderbird,Helpdesk général,2021-10-21,09:58:29,00:00:08
stefano.crapanzano@chu.ulg.ac.be,Courrier entrant - erp.sai@chuliege.be - Mozilla Thunderbird,Helpdesk général,2021-10-21,10:06:56,00:00:08
stefano.crapanzano@chu.ulg.ac.be,Courrier entrant - erp.sai@chuliege.be - Mozilla Thunderbird,Helpdesk général,2021-10-21,10:08:22,00:00:04
stefano.crapanzano@chu.ulg.ac.be,Courrier entrant - erp.sai@chuliege.be - Mozilla Thunderbird,Helpdesk général,2021-10-21,10:08:34,00:00:04
stefano.crapanzano@chu.ulg.ac.be,Courrier entrant - erp.sai@chuliege.be - Mozilla Thunderbird,Helpdesk général,2021-10-21,10:09:02,00:00:06
stefano.crapanzano@chu.ulg.ac.be,Courrier entrant - erp.sai@chuliege.be - Mozilla Thunderbird,Helpdesk général,2021-10-21,10:11:00,00:02:14
stefano.crapanzano@chu.ulg.ac.be,Courrier entrant - erp.sai@chuliege.be - Mozilla Thunderbird,Helpdesk général,2021-10-21,10:51:04,00:00:14
stefano.crapanzano@chu.ulg.ac.be,Courrier entrant - erp.sai@chuliege.be - Mozilla Thunderbird,Helpdesk général,2021-10-21,10:54:31,00:00:02
stefano.crapanzano@chu.ulg.ac.be,Courrier entrant - erp.sai@chuliege.be - Mozilla Thunderbird,Helpdesk général,2021-10-21,10:54:35,00:20:25
stefano.crapanzano@chu.ulg.ac.be,Courrier entrant - erp.sai@chuliege.be - Mozilla Thunderbird,Helpdesk général,2021-10-21,11:15:08,00:00:28
stefano.crapanzano@chu.ulg.ac.be,Courrier entrant - erp.sai@chuliege.be - Mozilla Thunderbird,Helpdesk général,2021-10-21,11:15:38,00:04:54
stefano.crapanzano@chu.ulg.ac.be,Courrier entrant - erp.sai@chuliege.be - Mozilla Thunderbird,Helpdesk général,2021-10-21,11:20:53,00:00:18
stefano.crapanzano@chu.ulg.ac.be,Courrier entrant - erp.sai@chuliege.be - Mozilla Thunderbird,Helpdesk général,2021-10-21,11:21:35,00:00:04
stefano.crapanzano@chu.ulg.ac.be,Courrier entrant - erp.sai@chuliege.be - Mozilla Thunderbird,Helpdesk général,2021-10-21,11:23:58,00:00:05
stefano.crapanzano@chu.ulg.ac.be,Courrier entrant - erp.sai@chuliege.be - Mozilla Thunderbird,Helpdesk général,2021-10-21,11:24:20,00:00:13
stefano.crapanzano@chu.ulg.ac.be,Courrier entrant - erp.sai@chuliege.be - Mozilla Thunderbird,Helpdesk général,2021-10-21,11:24:35,00:00:02
stefano.crapanzano@chu.ulg.ac.be,Courrier entrant - erp.sai@chuliege.be - Mozilla Thunderbird,Helpdesk général,2021-10-21,11:27:50,00:00:04
stefano.crapanzano@chu.ulg.ac.be,Courrier entrant - erp.sai@chuliege.be - Mozilla Thunderbird,Helpdesk général,2021-10-21,11:29:10,00:00:21
stefano.crapanzano@chu.ulg.ac.be,Courrier entrant - erp.sai@chuliege.be - Mozilla Thunderbird,Helpdesk général,2021-10-21,11:30:20,00:00:02
stefano.crapanzano@chu.ulg.ac.be,Courrier entrant - erp.sai@chuliege.be - Mozilla Thunderbird,Helpdesk général,2021-10-21,11:30:27,00:00:06
stefano.crapanzano@chu.ulg.ac.be,Courrier entrant - erp.sai@chuliege.be - Mozilla Thunderbird,Helpdesk général,2021-10-21,11:30:54,00:00:02
stefano.crapanzano@chu.ulg.ac.be,Courrier entrant - erp.sai@chuliege.be - Mozilla Thunderbird,Helpdesk général,2021-10-21,11:31:16,00:00:06
stefano.crapanzano@chu.ulg.ac.be,Courrier entrant - erp.sai@chuliege.be - Mozilla Thunderbird,Helpdesk général,2021-10-21,11:37:15,00:00:17
stefano.crapanzano@chu.ulg.ac.be,Courrier entrant - erp.sai@chuliege.be - Mozilla Thunderbird,Helpdesk général,2021-10-21,11:42:59,00:00:12
stefano.crapanzano@chu.ulg.ac.be,Courrier entrant - erp.sai@chuliege.be - Mozilla Thunderbird,Helpdesk général,2021-10-21,11:43:25,00:00:38
stefano.crapanzano@chu.ulg.ac.be,Courrier entrant - erp.sai@chuliege.be - Mozilla Thunderbird,Helpdesk général,2021-10-21,11:44:05,00:00:05
stefano.crapanzano@chu.ulg.ac.be,Courrier entrant - erp.sai@chuliege.be - Mozilla Thunderbird,Helpdesk général,2021-10-21,11:44:15,00:00:04
stefano.crapanzano@chu.ulg.ac.be,Courrier entrant - erp.sai@chuliege.be - Mozilla Thunderbird,Helpdesk général,2021-10-21,11:44:54,00:00:05
stefano.crapanzano@chu.ulg.ac.be,Courrier entrant - erp.sai@chuliege.be - Mozilla Thunderbird,Helpdesk général,2021-10-21,11:52:52,00:00:29
stefano.crapanzano@chu.ulg.ac.be,Courrier entrant - erp.sai@chuliege.be - Mozilla Thunderbird,Helpdesk général,2021-10-21,11:57:21,00:00:09
stefano.crapanzano@chu.ulg.ac.be,Courrier entrant - erp.sai@chuliege.be - Mozilla Thunderbird,Helpdesk général,2021-10-21,12:01:44,00:00:59
stefano.crapanzano@chu.ulg.ac.be,Courrier entrant - erp.sai@chuliege.be - Mozilla Thunderbird,Helpdesk général,2021-10-21,12:02:46,00:00:19
stefano.crapanzano@chu.ulg.ac.be,Courrier entrant - erp.sai@chuliege.be - Mozilla Thunderbird,Helpdesk général,2021-10-21,12:56:21,00:00:33
stefano.crapanzano@chu.ulg.ac.be,Courrier entrant - erp.sai@chuliege.be - Mozilla Thunderbird,Helpdesk général,2021-10-21,13:16:22,00:00:05
stefano.crapanzano@chu.ulg.ac.be,Courrier entrant - erp.sai@chuliege.be - Mozilla Thunderbird,Helpdesk général,2021-10-21,13:26:29,00:00:09
stefano.crapanzano@chu.ulg.ac.be,Courrier entrant - erp.sai@chuliege.be - Mozilla Thunderbird,Helpdesk général,2021-10-21,13:30:26,00:00:27
stefano.crapanzano@chu.ulg.ac.be,Courrier entrant - erp.sai@chuliege.be - Mozilla Thunderbird,Tâches diverses,2021-10-21,13:31:37,00:00:08
stefano.crapanzano@chu.ulg.ac.be,Courrier entrant - erp.sai@chuliege.be - Mozilla Thunderbird,Helpdesk général,2021-10-21,14:07:19,00:00:09
stefano.crapanzano@chu.ulg.ac.be,Courrier entrant - erp.sai@chuliege.be - Mozilla Thunderbird,Helpdesk général,2021-10-21,14:13:23,00:00:26
stefano.crapanzano@chu.ulg.ac.be,Courrier entrant - erp.sai@chuliege.be - Mozilla Thunderbird,Helpdesk général,2021-10-21,14:16:09,00:00:09
stefano.crapanzano@chu.ulg.ac.be,Courrier entrant - erp.sai@chuliege.be - Mozilla Thunderbird,Helpdesk général,2021-10-21,14:16:30,00:00:10
stefano.crapanzano@chu.ulg.ac.be,Courrier entrant - erp.sai@chuliege.be - Mozilla Thunderbird,Helpdesk général,2021-10-21,14:17:18,00:00:05
stefano.crapanzano@chu.ulg.ac.be,Courrier entrant - erp.sai@chuliege.be - Mozilla Thunderbird,Tâches diverses,2021-10-21,14:17:56,00:00:38
stefano.crapanzano@chu.ulg.ac.be,Courrier entrant - erp.sai@chuliege.be - Mozilla Thunderbird,Helpdesk général,2021-10-21,14:18:36,00:00:03
stefano.crapanzano@chu.ulg.ac.be,Courrier entrant - erp.sai@chuliege.be - Mozilla Thunderbird,Helpdesk général,2021-10-21,14:19:01,00:00:13
stefano.crapanzano@chu.ulg.ac.be,Courrier entrant - erp.sai@chuliege.be - Mozilla Thunderbird,Helpdesk général,2021-10-21,14:31:56,00:00:07
stefano.crapanzano@chu.ulg.ac.be,Courrier entrant - erp.sai@chuliege.be - Mozilla Thunderbird,Helpdesk général,2021-10-21,14:34:27,00:00:05
stefano.crapanzano@chu.ulg.ac.be,Courrier entrant - erp.sai@chuliege.be - Mozilla Thunderbird,Helpdesk général,2021-10-21,15:16:07,00:00:10
stefano.crapanzano@chu.ulg.ac.be,Courrier entrant - erp.sai@chuliege.be - Mozilla Thunderbird,Helpdesk général,2021-10-21,15:16:57,00:00:02
stefano.crapanzano@chu.ulg.ac.be,Courrier entrant - erp.sai@chuliege.be - Mozilla Thunderbird,Helpdesk général,2021-10-21,15:22:20,00:00:02
stefano.crapanzano@chu.ulg.ac.be,Courrier entrant - erp.sai@chuliege.be - Mozilla Thunderbird,Helpdesk général,2021-10-21,15:26:21,00:00:04
stefano.crapanzano@chu.ulg.ac.be,Courrier entrant - erp.sai@chuliege.be - Mozilla Thunderbird,Helpdesk général,2021-10-21,15:26:36,00:00:30
stefano.crapanzano@chu.ulg.ac.be,Courrier entrant - erp.sai@chuliege.be - Mozilla Thunderbird,Helpdesk général,2021-10-21,15:29:00,00:00:21
stefano.crapanzano@chu.ulg.ac.be,Courrier entrant - erp.sai@chuliege.be - Mozilla Thunderbird,Helpdesk général,2021-10-21,15:44:31,00:00:05
stefano.crapanzano@chu.ulg.ac.be,Courrier entrant - erp.sai@chuliege.be - Mozilla Thunderbird,Helpdesk général,2021-10-21,15:46:06,00:03:32
stefano.crapanzano@chu.ulg.ac.be,Courrier entrant - erp.sai@chuliege.be - Mozilla Thunderbird,Helpdesk général,2021-10-21,15:54:01,00:00:04
stefano.crapanzano@chu.ulg.ac.be,Courrier entrant - erp.sai@chuliege.be - Mozilla Thunderbird,Helpdesk général,2021-10-21,16:37:20,00:00:06
stefano.crapanzano@chu.ulg.ac.be,Courrier entrant - erp.sai@chuliege.be - Mozilla Thunderbird,Helpdesk général,2021-10-21,16:39:14,00:00:18
stefano.crapanzano@chu.ulg.ac.be,Courrier entrant - erp.sai@chuliege.be - Mozilla Thunderbird,Helpdesk général,2021-10-21,16:39:34,00:00:02
stefano.crapanzano@chu.ulg.ac.be,Courrier entrant - erp.sai@chuliege.be - Mozilla Thunderbird,Helpdesk général,2021-10-21,16:50:23,00:00:08
stefano.crapanzano@chu.ulg.ac.be,Courrier entrant - erp.sai@chuliege.be - Mozilla Thunderbird,Helpdesk général,2021-10-21,16:53:59,00:00:32
stefano.crapanzano@chu.ulg.ac.be,Courrier entrant - erp.sai@chuliege.be - Mozilla Thunderbird,Tâches diverses,2021-10-21,16:55:06,00:00:03
stefano.crapanzano@chu.ulg.ac.be,Courrier entrant - erp.sai@chuliege.be - Mozilla Thunderbird,Helpdesk général,2021-10-21,16:56:15,00:00:09
stefano.crapanzano@chu.ulg.ac.be,\\filesrv01.st.chulg\oazis_prod\APPL_PROD\SOURCES\BAT\ERP\CHL_ERP_DEPASSEMENT_DOTATION.bat - Notepad++ [Administrator],IT,2021-10-21,08:52:36,00:00:09
stefano.crapanzano@chu.ulg.ac.be,\\filesrv01.st.chulg\oazis_prod\APPL_PROD\SOURCES\BAT\ERP\CHL_ERP_DEPASSEMENT_DOTATION.bat - Notepad++ [Administrator],IT,2021-10-21,09:28:35,00:00:02
stefano.crapanzano@chu.ulg.ac.be,\\filesrv01.st.chulg\oazis_prod\APPL_PROD\SOURCES\BAT\ERP\CHL_ERP_DEPASSEMENT_DOTATION.bat - Notepad++ [Administrator],IT,2021-10-21,13:34:36,00:00:04
stefano.crapanzano@chu.ulg.ac.be,reappro_max.xltm - Excel,Tâches diverses,2021-10-21,08:52:54,00:00:04
stefano.crapanzano@chu.ulg.ac.be,reappro_max.xltm - Excel,Tâches diverses,2021-10-21,08:53:13,00:00:04
stefano.crapanzano@chu.ulg.ac.be,reappro_max.xltm - Excel,Tâches diverses,2021-10-21,09:03:21,00:00:04
stefano.crapanzano@chu.ulg.ac.be,reappro_max.xltm - Excel,Tâches diverses,2021-10-21,09:03:33,00:00:04
stefano.crapanzano@chu.ulg.ac.be,reappro_max.xltm - Excel,Helpdesk général,2021-10-21,09:06:50,00:00:02
stefano.crapanzano@chu.ulg.ac.be,Propriétés de connexion,Tâches diverses,2021-10-21,08:52:59,00:00:12
stefano.crapanzano@chu.ulg.ac.be,Propriétés de connexion,Tâches diverses,2021-10-21,09:03:26,00:00:05
stefano.crapanzano@chu.ulg.ac.be,Greenshot capture form,Helpdesk général,2021-10-21,08:55:33,00:00:02
stefano.crapanzano@chu.ulg.ac.be,Greenshot capture form,Helpdesk général,2021-10-21,09:58:06,00:00:05
stefano.crapanzano@chu.ulg.ac.be,Greenshot capture form,Helpdesk général,2021-10-21,13:16:15,00:00:04
stefano.crapanzano@chu.ulg.ac.be,Greenshot capture form,Helpdesk général,2021-10-21,15:20:55,00:00:06
stefano.crapanzano@chu.ulg.ac.be,Rédaction : Re: Migration DB CommERP - Thunderbird,Helpdesk général,2021-10-21,08:55:44,00:00:50
stefano.crapanzano@chu.ulg.ac.be,Rédaction : Re: Migration DB CommERP - Thunderbird,Helpdesk général,2021-10-21,08:57:53,00:00:13
stefano.crapanzano@chu.ulg.ac.be,Vérification de l’orthographe,Helpdesk général,2021-10-21,09:45:49,00:00:09
stefano.crapanzano@chu.ulg.ac.be,Vérification de l’orthographe,Helpdesk général,2021-10-21,10:10:48,00:00:02
stefano.crapanzano@chu.ulg.ac.be,Envoyés - erp.sai@chuliege.be - Mozilla Thunderbird,Helpdesk général,2021-10-21,08:57:51,00:00:02
stefano.crapanzano@chu.ulg.ac.be,Envoyés - erp.sai@chuliege.be - Mozilla Thunderbird,Helpdesk général,2021-10-21,08:59:14,00:00:12
stefano.crapanzano@chu.ulg.ac.be,Envoyés - erp.sai@chuliege.be - Mozilla Thunderbird,Helpdesk général,2021-10-21,09:03:04,00:00:02
stefano.crapanzano@chu.ulg.ac.be,Envoyés - erp.sai@chuliege.be - Mozilla Thunderbird,Helpdesk général,2021-10-21,11:44:03,00:00:02
stefano.crapanzano@chu.ulg.ac.be,Envoyés - erp.sai@chuliege.be - Mozilla Thunderbird,Helpdesk général,2021-10-21,13:26:39,00:03:47
stefano.crapanzano@chu.ulg.ac.be,Envoyés - erp.sai@chuliege.be - Mozilla Thunderbird,Helpdesk général,2021-10-21,13:32:38,00:01:41
stefano.crapanzano@chu.ulg.ac.be,Envoyés - erp.sai@chuliege.be - Mozilla Thunderbird,Tâches diverses,2021-10-21,13:34:26,00:00:02
stefano.crapanzano@chu.ulg.ac.be,Envoyés - erp.sai@chuliege.be - Mozilla Thunderbird,Helpdesk général,2021-10-21,14:18:40,00:00:21
stefano.crapanzano@chu.ulg.ac.be,Envoyés - erp.sai@chuliege.be - Mozilla Thunderbird,Helpdesk général,2021-10-21,15:44:39,00:00:02
stefano.crapanzano@chu.ulg.ac.be,Envoyés - erp.sai@chuliege.be - Mozilla Thunderbird,Helpdesk général,2021-10-21,15:54:05,00:00:41
stefano.crapanzano@chu.ulg.ac.be,Envoyés - erp.sai@chuliege.be - Mozilla Thunderbird,Helpdesk général,2021-10-21,16:55:10,00:00:29
stefano.crapanzano@chu.ulg.ac.be,DBeaver 21.0.0 - <master> Script-9,Tâches diverses,2021-10-21,09:02:11,00:00:02
stefano.crapanzano@chu.ulg.ac.be,DBeaver 21.0.0 - <master> Script-9,Tâches diverses,2021-10-21,09:03:37,00:00:02
stefano.crapanzano@chu.ulg.ac.be,Créer un nouvelle connexion,Helpdesk général,2021-10-21,08:59:27,00:00:09
stefano.crapanzano@chu.ulg.ac.be,Créer un nouvelle connexion,Helpdesk général,2021-10-21,09:10:29,00:00:02
stefano.crapanzano@chu.ulg.ac.be,Ouverture -Excel,Tâches diverses,2021-10-21,09:03:11,00:00:06
stefano.crapanzano@chu.ulg.ac.be,Ouverture -Excel,Tâches diverses,2021-10-21,09:29:58,00:00:04
stefano.crapanzano@chu.ulg.ac.be,Ouverture -Excel,Tâches diverses,2021-10-21,13:20:52,00:00:06
stefano.crapanzano@chu.ulg.ac.be,Ouverture -Excel,Tâches diverses,2021-10-21,13:24:06,00:00:04
stefano.crapanzano@chu.ulg.ac.be,Ouverture -Excel,Tâches diverses,2021-10-21,13:54:59,00:00:05
stefano.crapanzano@chu.ulg.ac.be,Ouverture -Excel,Tâches diverses,2021-10-21,14:53:11,00:00:04
stefano.crapanzano@chu.ulg.ac.be,Ouverture -Excel,Tâches diverses,2021-10-21,16:05:55,00:00:05
stefano.crapanzano@chu.ulg.ac.be,Se connecter au serveur,IT,2021-10-21,09:04:14,00:00:10
stefano.crapanzano@chu.ulg.ac.be,Microsoft SQL Server Management Studio (Administrateur),IT,2021-10-21,09:04:25,00:00:08
stefano.crapanzano@chu.ulg.ac.be,SQLQuery1.sql - si-s-serv1126\COMMERP.CommERP_Prod (CHULG\c158492 (57))* - Microsoft SQL Server Management Studio (Administrateur),IT,2021-10-21,09:04:36,00:00:23
stefano.crapanzano@chu.ulg.ac.be,SQLQuery1.sql - si-s-serv1126\COMMERP.CommERP_Prod (CHULG\c158492 (57))* - Microsoft SQL Server Management Studio (Administrateur),IT,2021-10-21,09:07:50,00:00:05
stefano.crapanzano@chu.ulg.ac.be,\\ERPFTP.st.chulg\ERP\Log\Rapport_Depassement_Dotation.log - Notepad++ [Administrator],IT,2021-10-21,09:07:09,00:00:23
stefano.crapanzano@chu.ulg.ac.be,\\ERPFTP.st.chulg\ERP\Log\Rapport_Depassement_Dotation.log - Notepad++ [Administrator],IT,2021-10-21,11:30:58,00:00:02
stefano.crapanzano@chu.ulg.ac.be,Propriétés du serveur - si-s-serv1126\COMMERP,IT,2021-10-21,09:07:56,00:00:06
stefano.crapanzano@chu.ulg.ac.be,Propriétés du serveur - si-s-serv1126\COMMERP,IT,2021-10-21,09:08:05,00:00:21
stefano.crapanzano@chu.ulg.ac.be,Propriétés du serveur - si-s-serv1126\COMMERP,IT,2021-10-21,09:13:26,00:00:18
stefano.crapanzano@chu.ulg.ac.be,CHU de Liège - Intranet - Google Chrome,Tâches diverses,2021-10-21,11:44:29,00:00:02
stefano.crapanzano@chu.ulg.ac.be,Nouvel onglet - Google Chrome,Tâches diverses,2021-10-21,09:35:29,00:00:14
stefano.crapanzano@chu.ulg.ac.be,Nouvel onglet - Google Chrome,Tâches diverses,2021-10-21,09:40:12,00:00:12
stefano.crapanzano@chu.ulg.ac.be,Nouvel onglet - Google Chrome,Tâches diverses,2021-10-21,11:22:05,00:00:08
stefano.crapanzano@chu.ulg.ac.be,Nouvel onglet - Google Chrome,Tâches diverses,2021-10-21,11:55:37,00:00:08
stefano.crapanzano@chu.ulg.ac.be,Nouvel onglet - Google Chrome,Tâches diverses,2021-10-21,13:25:51,00:00:05
stefano.crapanzano@chu.ulg.ac.be,TypeError: '<' not supported between instances of 'str' and 'NoneType' - Recherche Google - Google Chrome,Tâches diverses,2021-10-21,09:23:36,00:00:02
stefano.crapanzano@chu.ulg.ac.be,python - TypeError: '<' not supported between instances of 'NoneType' and 'str' - Stack Overflow - Google Chrome,Tâches diverses,2021-10-21,09:23:39,00:00:33
stefano.crapanzano@chu.ulg.ac.be,discordances_glims_sap_2021_10_21_09_28_51.xlsx - Excel,Tâches diverses,2021-10-21,09:30:02,00:00:48
stefano.crapanzano@chu.ulg.ac.be,discordances_glims_sap_2021_10_21_09_28_51.xlsx - Excel,Tâches diverses,2021-10-21,09:37:26,00:00:46
stefano.crapanzano@chu.ulg.ac.be,discordances_glims_sap_2021_10_21_09_28_51.xlsx - Excel,Tâches diverses,2021-10-21,12:33:31,00:00:02
stefano.crapanzano@chu.ulg.ac.be,discordances_glims_sap_2021_10_21_09_28_51.xlsx - Excel,Tâches diverses,2021-10-21,12:38:45,00:00:03
stefano.crapanzano@chu.ulg.ac.be,DBeaver 21.0.0 - <GLIMS1.ST.CHULG> Script-7,Helpdesk général,2021-10-21,09:33:12,00:00:27
stefano.crapanzano@chu.ulg.ac.be,DBeaver 21.0.0 - <GLIMS1.ST.CHULG> Script-7,Tâches diverses,2021-10-21,09:40:38,00:01:51
stefano.crapanzano@chu.ulg.ac.be,DBeaver 21.0.0 - <GLIMS1.ST.CHULG> Script-7,Tâches diverses,2021-10-21,10:04:06,00:00:02
stefano.crapanzano@chu.ulg.ac.be,sql strip space - Recherche Google - Google Chrome,Tâches diverses,2021-10-21,09:40:24,00:00:02
stefano.crapanzano@chu.ulg.ac.be,sql strip space - Recherche Google - Google Chrome,Tâches diverses,2021-10-21,10:03:40,00:00:05
stefano.crapanzano@chu.ulg.ac.be,Remove all spaces from a string in SQL Server - Stack Overflow - Google Chrome,Tâches diverses,2021-10-21,09:40:27,00:00:10
stefano.crapanzano@chu.ulg.ac.be,Remove all spaces from a string in SQL Server - Stack Overflow - Google Chrome,Tâches diverses,2021-10-21,10:03:36,00:00:04
stefano.crapanzano@chu.ulg.ac.be,Identification - Google Chrome,Tâches diverses,2021-10-21,09:42:32,00:00:06
stefano.crapanzano@chu.ulg.ac.be,myCHU - Google Chrome,Tâches diverses,2021-10-21,09:42:39,00:01:58
stefano.crapanzano@chu.ulg.ac.be,myCHU - Google Chrome,Tâches diverses,2021-10-21,13:31:56,00:00:04
stefano.crapanzano@chu.ulg.ac.be,myCHU - Google Chrome,Tâches diverses,2021-10-21,13:32:31,00:00:02
stefano.crapanzano@chu.ulg.ac.be,Rédaction : (pas de sujet) - Thunderbird,Helpdesk général,2021-10-21,09:45:33,00:00:10
stefano.crapanzano@chu.ulg.ac.be,Service MT - Google Chrome,Tâches diverses,2021-10-21,15:17:08,00:00:21
stefano.crapanzano@chu.ulg.ac.be,Service MT - Google Chrome,Tâches diverses,2021-10-21,15:19:09,00:00:12
stefano.crapanzano@chu.ulg.ac.be,Service MT - Google Chrome,Tâches diverses,2021-10-21,15:22:48,00:00:12
stefano.crapanzano@chu.ulg.ac.be,Service MT - Google Chrome,Tâches diverses,2021-10-21,16:08:42,00:00:10
stefano.crapanzano@chu.ulg.ac.be,Service MT - Google Chrome,Tâches diverses,2021-10-21,16:54:45,00:00:08
stefano.crapanzano@chu.ulg.ac.be,Service MT - Google Chrome,Tâches diverses,2021-10-21,16:55:49,00:00:26
stefano.crapanzano@chu.ulg.ac.be,P203 CHU Paniers toujours visible dans SSP - Xperthis ERP4HC 1.0 - Service d'assistance - Google Chrome,Tâches diverses,2021-10-21,09:58:17,00:00:04
stefano.crapanzano@chu.ulg.ac.be,Demandes - Service d'assistance - Google Chrome,Tâches diverses,2021-10-21,10:07:52,00:00:17
stefano.crapanzano@chu.ulg.ac.be,Demandes - Service d'assistance - Google Chrome,Tâches diverses,2021-10-21,10:24:46,00:00:02
stefano.crapanzano@chu.ulg.ac.be,Demandes - Service d'assistance - Google Chrome,Tâches diverses,2021-10-21,11:38:17,00:00:11
stefano.crapanzano@chu.ulg.ac.be,Demandes - Service d'assistance - Google Chrome,Tâches diverses,2021-10-21,11:38:32,00:00:04
stefano.crapanzano@chu.ulg.ac.be,Demandes - Service d'assistance - Google Chrome,Tâches diverses,2021-10-21,11:40:25,00:00:16
stefano.crapanzano@chu.ulg.ac.be,Demandes - Service d'assistance - Google Chrome,Tâches diverses,2021-10-21,11:40:53,00:00:05
stefano.crapanzano@chu.ulg.ac.be,Demandes - Service d'assistance - Google Chrome,Tâches diverses,2021-10-21,11:42:53,00:00:05
stefano.crapanzano@chu.ulg.ac.be,Demandes - Service d'assistance - Google Chrome,Tâches diverses,2021-10-21,11:44:21,00:00:02
stefano.crapanzano@chu.ulg.ac.be,Demandes - Service d'assistance - Google Chrome,Tâches diverses,2021-10-21,13:31:48,00:00:06
stefano.crapanzano@chu.ulg.ac.be,Demandes - Service d'assistance - Google Chrome,Tâches diverses,2021-10-21,13:32:00,00:00:25
stefano.crapanzano@chu.ulg.ac.be,Demandes - Service d'assistance - Google Chrome,Tâches diverses,2021-10-21,13:32:34,00:00:02
stefano.crapanzano@chu.ulg.ac.be,Demandes - Service d'assistance - Google Chrome,Tâches diverses,2021-10-21,13:34:19,00:00:04
stefano.crapanzano@chu.ulg.ac.be,Demandes - Service d'assistance - Google Chrome,Tâches diverses,2021-10-21,13:34:29,00:00:05
stefano.crapanzano@chu.ulg.ac.be,Demandes - Service d'assistance - Google Chrome,Tâches diverses,2021-10-21,15:22:27,00:00:05
stefano.crapanzano@chu.ulg.ac.be,Demandes - Service d'assistance - Google Chrome,Tâches diverses,2021-10-21,15:22:33,00:00:05
stefano.crapanzano@chu.ulg.ac.be,Demandes - Service d'assistance - Google Chrome,Tâches diverses,2021-10-21,15:27:14,00:00:12
stefano.crapanzano@chu.ulg.ac.be,Demandes - Service d'assistance - Google Chrome,Tâches diverses,2021-10-21,15:49:40,00:00:16
stefano.crapanzano@chu.ulg.ac.be,Demandes - Service d'assistance - Google Chrome,Tâches diverses,2021-10-21,15:50:00,00:00:10
stefano.crapanzano@chu.ulg.ac.be,Demandes - Service d'assistance - Google Chrome,Tâches diverses,2021-10-21,15:51:07,00:00:04
stefano.crapanzano@chu.ulg.ac.be,Demandes - Service d'assistance - Google Chrome,Tâches diverses,2021-10-21,15:51:30,00:02:28
stefano.crapanzano@chu.ulg.ac.be,Demandes - Service d'assistance - Google Chrome,Helpdesk général,2021-10-21,16:08:39,00:00:02
stefano.crapanzano@chu.ulg.ac.be,Demandes - Service d'assistance - Google Chrome,Tâches diverses,2021-10-21,16:38:52,00:00:02
stefano.crapanzano@chu.ulg.ac.be,Demandes - Service d'assistance - Google Chrome,Tâches diverses,2021-10-21,16:51:04,00:00:09
stefano.crapanzano@chu.ulg.ac.be,Demandes - Service d'assistance - Google Chrome,Tâches diverses,2021-10-21,16:51:17,00:00:04
stefano.crapanzano@chu.ulg.ac.be,Demandes - Service d'assistance - Google Chrome,Tâches diverses,2021-10-21,16:51:53,00:00:13
stefano.crapanzano@chu.ulg.ac.be,Demandes - Service d'assistance - Google Chrome,Tâches diverses,2021-10-21,16:52:13,00:00:09
stefano.crapanzano@chu.ulg.ac.be,Demandes - Service d'assistance - Google Chrome,Helpdesk général,2021-10-21,16:54:39,00:00:06
stefano.crapanzano@chu.ulg.ac.be,Demandes - Service d'assistance - Google Chrome,Tâches diverses,2021-10-21,16:58:23,00:00:02
stefano.crapanzano@chu.ulg.ac.be,ZORGI Help Center - Service d'assistance - Google Chrome,Tâches diverses,2021-10-21,09:58:22,00:00:02
stefano.crapanzano@chu.ulg.ac.be,Demande de Configuration ERP for HealthCare - Xperthis ERP4HC 1.0 - Service d'assistance - Google Chrome,Tâches diverses,2021-10-21,09:58:39,00:01:31
stefano.crapanzano@chu.ulg.ac.be,Demande de Configuration ERP for HealthCare - Xperthis ERP4HC 1.0 - Service d'assistance - Google Chrome,Tâches diverses,2021-10-21,10:07:11,00:00:38
stefano.crapanzano@chu.ulg.ac.be,Demande de Configuration ERP for HealthCare - Xperthis ERP4HC 1.0 - Service d'assistance - Google Chrome,Tâches diverses,2021-10-21,10:08:38,00:00:06
stefano.crapanzano@chu.ulg.ac.be,Demande de Configuration ERP for HealthCare - Xperthis ERP4HC 1.0 - Service d'assistance - Google Chrome,Tâches diverses,2021-10-21,10:08:56,00:00:05
stefano.crapanzano@chu.ulg.ac.be,Demande de Configuration ERP for HealthCare - Xperthis ERP4HC 1.0 - Service d'assistance - Google Chrome,Tâches diverses,2021-10-21,10:09:09,00:00:11
stefano.crapanzano@chu.ulg.ac.be,Demande de Configuration ERP for HealthCare - Xperthis ERP4HC 1.0 - Service d'assistance - Google Chrome,Tâches diverses,2021-10-21,10:09:28,00:00:15
stefano.crapanzano@chu.ulg.ac.be,https://sam.uliege.be/upload/c158492/files/01234-20211030090010.txt - Google Chrome,Tâches diverses,2021-10-21,10:07:07,00:00:02
stefano.crapanzano@chu.ulg.ac.be,sql server - SQL remove whitespace from Where Clause - Stack Overflow - Google Chrome,Tâches diverses,2021-10-21,10:03:47,00:00:19
stefano.crapanzano@chu.ulg.ac.be,sql server - SQL remove whitespace from Where Clause - Stack Overflow - Google Chrome,Tâches diverses,2021-10-21,10:13:14,00:00:02
stefano.crapanzano@chu.ulg.ac.be,sql server - SQL remove whitespace from Where Clause - Stack Overflow - Google Chrome,Tâches diverses,2021-10-21,10:23:57,00:00:26
stefano.crapanzano@chu.ulg.ac.be,CLONE - P203 CHU IDoc 329798 statut 51 car un article est en statut bloqué : toute la demande de réapprovisionnement est bloquée - Xperthis ERP4HC 1.0 - Service d'assistance - Google Chrome,Tâches diverses,2021-10-21,10:07:49,00:00:02
stefano.crapanzano@chu.ulg.ac.be,CLONE - P203 CHU IDoc 329798 statut 51 car un article est en statut bloqué : toute la demande de réapprovisionnement est bloquée - Xperthis ERP4HC 1.0 - Service d'assistance - Google Chrome,Tâches diverses,2021-10-21,15:49:56,00:00:04
stefano.crapanzano@chu.ulg.ac.be,CLONE - P203 CHU IDoc 329798 statut 51 car un article est en statut bloqué : toute la demande de réapprovisionnement est bloquée - Xperthis ERP4HC 1.0 - Service d'assistance - Google Chrome,Tâches diverses,2021-10-21,16:37:29,00:01:23
stefano.crapanzano@chu.ulg.ac.be,CLONE - P203 CHU IDoc 329798 statut 51 car un article est en statut bloqué : toute la demande de réapprovisionnement est bloquée - Xperthis ERP4HC 1.0 - Service d'assistance - Google Chrome,Tâches diverses,2021-10-21,16:38:55,00:00:19
stefano.crapanzano@chu.ulg.ac.be,CLONE - P203 CHU IDoc 329798 statut 51 car un article est en statut bloqué : toute la demande de réapprovisionnement est bloquée - Xperthis ERP4HC 1.0 - Service d'assistance - Google Chrome,Tâches diverses,2021-10-21,16:51:13,00:00:03
stefano.crapanzano@chu.ulg.ac.be,CLONE - P203 CHU IDoc 329798 statut 51 car un article est en statut bloqué : toute la demande de réapprovisionnement est bloquée - Xperthis ERP4HC 1.0 - Service d'assistance - Google Chrome,Tâches diverses,2021-10-21,16:51:21,00:00:31
stefano.crapanzano@chu.ulg.ac.be,CLONE - P203 CHU IDoc 329798 statut 51 car un article est en statut bloqué : toute la demande de réapprovisionnement est bloquée - Xperthis ERP4HC 1.0 - Service d'assistance - Google Chrome,Tâches diverses,2021-10-21,16:56:25,00:01:57
stefano.crapanzano@chu.ulg.ac.be,P203 CHU Récupération de TVA sur 2 CC - Xperthis ERP4HC 1.0 - Service d'assistance - Google Chrome,Tâches diverses,2021-10-21,10:08:10,00:00:12
stefano.crapanzano@chu.ulg.ac.be,P203 CHU Récupération de TVA sur 2 CC - Xperthis ERP4HC 1.0 - Service d'assistance - Google Chrome,Helpdesk général,2021-10-21,10:08:26,00:00:06
stefano.crapanzano@chu.ulg.ac.be,P203 CHU Récupération de TVA sur 2 CC - Xperthis ERP4HC 1.0 - Service d'assistance - Google Chrome,Tâches diverses,2021-10-21,10:08:45,00:00:10
stefano.crapanzano@chu.ulg.ac.be,P203 CHU Récupération de TVA sur 2 CC - Xperthis ERP4HC 1.0 - Service d'assistance - Google Chrome,Tâches diverses,2021-10-21,13:31:18,00:00:02
stefano.crapanzano@chu.ulg.ac.be,P203 CHU Récupération de TVA sur 2 CC - Xperthis ERP4HC 1.0 - Service d'assistance - Google Chrome,Tâches diverses,2021-10-21,13:31:46,00:00:02
stefano.crapanzano@chu.ulg.ac.be,Ouvrir,Tâches diverses,2021-10-21,10:09:20,00:00:08
stefano.crapanzano@chu.ulg.ac.be,Ouvrir,Tâches diverses,2021-10-21,11:22:15,00:00:02
stefano.crapanzano@chu.ulg.ac.be,Ouvrir,Tâches diverses,2021-10-21,15:21:05,00:00:05
stefano.crapanzano@chu.ulg.ac.be,Récupération de TVA sur 3 CC - Xperthis ERP4HC 1.0 - Service d'assistance - Google Chrome,Tâches diverses,2021-10-21,10:09:43,00:00:02
stefano.crapanzano@chu.ulg.ac.be,Récupération de TVA sur 3 CC - Xperthis ERP4HC 1.0 - Service d'assistance - Google Chrome,Tâches diverses,2021-10-21,10:10:52,00:00:04
stefano.crapanzano@chu.ulg.ac.be,création centre de cout - Mozilla Thunderbird,Helpdesk général,2021-10-21,10:10:57,00:00:02
stefano.crapanzano@chu.ulg.ac.be,Rédaction : Re: création centre de cout - Thunderbird,Helpdesk général,2021-10-21,10:09:51,00:00:56
stefano.crapanzano@chu.ulg.ac.be,Rédaction : Re: création centre de cout - Thunderbird,Helpdesk général,2021-10-21,14:16:51,00:00:22
stefano.crapanzano@chu.ulg.ac.be,Lecture documentation,Tâches diverses,2021-10-21,10:13:18,00:08:55
stefano.crapanzano@chu.ulg.ac.be,Lecture documentation,Tâches diverses,2021-10-21,12:10:01,00:11:45
stefano.crapanzano@chu.ulg.ac.be,Lecture documentation,Tâches diverses,2021-10-21,13:34:55,00:12:52
stefano.crapanzano@chu.ulg.ac.be,Lecture documentation,Tâches diverses,2021-10-21,13:48:05,00:00:03
stefano.crapanzano@chu.ulg.ac.be,Lecture documentation,Tâches diverses,2021-10-21,13:48:14,00:06:44
stefano.crapanzano@chu.ulg.ac.be,Lecture documentation,Tâches diverses,2021-10-21,13:56:58,00:10:20
stefano.crapanzano@chu.ulg.ac.be,Lecture documentation,Tâches diverses,2021-10-21,14:07:28,00:05:55
stefano.crapanzano@chu.ulg.ac.be,Lecture documentation,Tâches diverses,2021-10-21,14:14:25,00:01:44
stefano.crapanzano@chu.ulg.ac.be,Lecture documentation,Tâches diverses,2021-10-21,14:19:20,00:12:36
stefano.crapanzano@chu.ulg.ac.be,Lecture documentation,Tâches diverses,2021-10-21,14:34:38,00:00:02
stefano.crapanzano@chu.ulg.ac.be,Lecture documentation,Tâches diverses,2021-10-21,14:34:45,00:18:15
stefano.crapanzano@chu.ulg.ac.be,Lecture documentation,Tâches diverses,2021-10-21,14:56:24,00:02:23
stefano.crapanzano@chu.ulg.ac.be,Lecture documentation,Tâches diverses,2021-10-21,14:59:59,00:00:49
stefano.crapanzano@chu.ulg.ac.be,Lecture documentation,Tâches diverses,2021-10-21,15:00:56,00:15:11
stefano.crapanzano@chu.ulg.ac.be,Lecture documentation,Tâches diverses,2021-10-21,15:23:03,00:03:17
stefano.crapanzano@chu.ulg.ac.be,Lecture documentation,Tâches diverses,2021-10-21,15:29:27,00:14:12
stefano.crapanzano@chu.ulg.ac.be,Lecture documentation,Tâches diverses,2021-10-21,15:43:44,00:00:30
stefano.crapanzano@chu.ulg.ac.be,Lecture documentation,Tâches diverses,2021-10-21,15:44:16,00:00:11
stefano.crapanzano@chu.ulg.ac.be,Lecture documentation,Tâches diverses,2021-10-21,15:44:28,00:00:02
stefano.crapanzano@chu.ulg.ac.be,Lecture documentation,Tâches diverses,2021-10-21,15:54:49,00:09:47
stefano.crapanzano@chu.ulg.ac.be,Lecture documentation,Tâches diverses,2021-10-21,16:06:34,00:01:40
stefano.crapanzano@chu.ulg.ac.be,Lecture documentation,Tâches diverses,2021-10-21,16:08:53,00:00:57
stefano.crapanzano@chu.ulg.ac.be,Lecture documentation,Tâches diverses,2021-10-21,16:14:28,00:22:52
stefano.crapanzano@chu.ulg.ac.be,Lecture documentation,Tâches diverses,2021-10-21,16:39:38,00:10:44
stefano.crapanzano@chu.ulg.ac.be,Lecture documentation,Tâches diverses,2021-10-21,16:52:22,00:01:36
stefano.crapanzano@chu.ulg.ac.be,Lecture documentation,Tâches diverses,2021-10-21,16:55:42,00:00:03
stefano.crapanzano@chu.ulg.ac.be,python how to check if string contains only space - Recherche Google - Google Chrome,Tâches diverses,2021-10-21,10:24:23,00:00:02
stefano.crapanzano@chu.ulg.ac.be,Python String isspace() Method - GeeksforGeeks - Google Chrome,Tâches diverses,2021-10-21,10:24:26,00:00:08
stefano.crapanzano@chu.ulg.ac.be,Python String isspace() Method - GeeksforGeeks - Google Chrome,Tâches diverses,2021-10-21,10:25:12,00:00:06
stefano.crapanzano@chu.ulg.ac.be,Python String isspace() Method - GeeksforGeeks - Google Chrome,Tâches diverses,2021-10-21,11:44:25,00:00:02
stefano.crapanzano@chu.ulg.ac.be,Restaurer les pages ?,Tâches diverses,2021-10-21,10:24:43,00:00:02
stefano.crapanzano@chu.ulg.ac.be,Courrier entrant - stefano.crapanzano@chuliege.be - Mozilla Thunderbird,Helpdesk général,2021-10-21,11:15:00,00:00:08
stefano.crapanzano@chu.ulg.ac.be,Courrier entrant - stefano.crapanzano@chuliege.be - Mozilla Thunderbird,Helpdesk général,2021-10-21,11:31:13,00:00:02
stefano.crapanzano@chu.ulg.ac.be,Courrier entrant - stefano.crapanzano@chuliege.be - Mozilla Thunderbird,Helpdesk général,2021-10-21,11:43:11,00:00:13
stefano.crapanzano@chu.ulg.ac.be,Courrier entrant - stefano.crapanzano@chuliege.be - Mozilla Thunderbird,Helpdesk général,2021-10-21,13:30:54,00:00:05
stefano.crapanzano@chu.ulg.ac.be,Courrier entrant - stefano.crapanzano@chuliege.be - Mozilla Thunderbird,Helpdesk général,2021-10-21,13:47:50,00:00:02
stefano.crapanzano@chu.ulg.ac.be,Courrier entrant - stefano.crapanzano@chuliege.be - Mozilla Thunderbird,Helpdesk général,2021-10-21,13:48:12,00:00:02
stefano.crapanzano@chu.ulg.ac.be,Courrier entrant - stefano.crapanzano@chuliege.be - Mozilla Thunderbird,Helpdesk général,2021-10-21,14:13:50,00:00:34
stefano.crapanzano@chu.ulg.ac.be,Courrier entrant - stefano.crapanzano@chuliege.be - Mozilla Thunderbird,Helpdesk général,2021-10-21,14:32:04,00:02:23
stefano.crapanzano@chu.ulg.ac.be,Courrier entrant - stefano.crapanzano@chuliege.be - Mozilla Thunderbird,Helpdesk général,2021-10-21,14:34:33,00:00:05
stefano.crapanzano@chu.ulg.ac.be,Courrier entrant - stefano.crapanzano@chuliege.be - Mozilla Thunderbird,Helpdesk général,2021-10-21,14:34:41,00:00:03
stefano.crapanzano@chu.ulg.ac.be,Courrier entrant - stefano.crapanzano@chuliege.be - Mozilla Thunderbird,Helpdesk général,2021-10-21,15:16:18,00:00:38
stefano.crapanzano@chu.ulg.ac.be,Courrier entrant - stefano.crapanzano@chuliege.be - Mozilla Thunderbird,Helpdesk général,2021-10-21,15:27:08,00:00:02
stefano.crapanzano@chu.ulg.ac.be,Courrier entrant - stefano.crapanzano@chuliege.be - Mozilla Thunderbird,Helpdesk général,2021-10-21,15:44:36,00:00:02
stefano.crapanzano@chu.ulg.ac.be,Courrier entrant - stefano.crapanzano@chuliege.be - Mozilla Thunderbird,Helpdesk général,2021-10-21,16:54:32,00:00:02
stefano.crapanzano@chu.ulg.ac.be,OCR gratuit en ligne - convertir PDF en Word ou Image en texte - Google Chrome,Tâches diverses,2021-10-21,11:22:17,00:00:02
stefano.crapanzano@chu.ulg.ac.be,Gratuit en Ligne OCR - convertir PDF numérisé et images dans Word  JPEG vers Word - Google Chrome,Tâches diverses,2021-10-21,11:22:20,00:00:06
stefano.crapanzano@chu.ulg.ac.be,Gratuit en Ligne OCR - convertir PDF numérisé et images dans Word  JPEG vers Word - Google Chrome,Tâches diverses,2021-10-21,11:24:48,00:00:06
stefano.crapanzano@chu.ulg.ac.be,*new 3 - Notepad++ [Administrator],IT,2021-10-21,11:22:32,00:01:25
stefano.crapanzano@chu.ulg.ac.be,*new 3 - Notepad++ [Administrator],IT,2021-10-21,11:24:03,00:00:16
stefano.crapanzano@chu.ulg.ac.be,*new 3 - Notepad++ [Administrator],IT,2021-10-21,11:24:38,00:00:05
stefano.crapanzano@chu.ulg.ac.be,*new 3 - Notepad++ [Administrator],IT,2021-10-21,11:24:55,00:00:21
stefano.crapanzano@chu.ulg.ac.be,*new 3 - Notepad++ [Administrator],IT,2021-10-21,11:25:31,00:00:23
stefano.crapanzano@chu.ulg.ac.be,PE2_203 - sftp://PE2U2FTP@153.89.110.38 - FileZilla,Helpdesk général,2021-10-21,11:28:26,00:00:38
stefano.crapanzano@chu.ulg.ac.be,PE2_203 - sftp://PE2U2FTP@153.89.110.38 - FileZilla,Helpdesk général,2021-10-21,11:29:06,00:00:04
stefano.crapanzano@chu.ulg.ac.be,PE2_203 - sftp://PE2U2FTP@153.89.110.38 - FileZilla,Helpdesk général,2021-10-21,11:29:32,00:00:02
stefano.crapanzano@chu.ulg.ac.be,X01-203: Problème lors de la création d'une DA ou réservation à partir d'un fichier Glims - Xperthis ERP4HC 2.0 Rollout - Service d'assistance - Google Chrome,Tâches diverses,2021-10-21,11:29:37,00:00:42
stefano.crapanzano@chu.ulg.ac.be,X01-203: Problème lors de la création d'une DA ou réservation à partir d'un fichier Glims - Xperthis ERP4HC 2.0 Rollout - Service d'assistance - Google Chrome,Tâches diverses,2021-10-21,11:31:04,00:00:02
stefano.crapanzano@chu.ulg.ac.be,X01-203: Problème lors de la création d'une DA ou réservation à partir d'un fichier Glims - Xperthis ERP4HC 2.0 Rollout - Service d'assistance - Google Chrome,Tâches diverses,2021-10-21,11:38:14,00:00:02
stefano.crapanzano@chu.ulg.ac.be,Rédaction : Re: erreur chargement - Thunderbird,Helpdesk général,2021-10-21,11:30:34,00:00:17
stefano.crapanzano@chu.ulg.ac.be,erpftp,Helpdesk général,2021-10-21,11:31:28,00:00:03
stefano.crapanzano@chu.ulg.ac.be,1099755_AE2_prorata_cc.jpg (948×261) - Google Chrome,Tâches diverses,2021-10-21,11:37:33,00:00:07
stefano.crapanzano@chu.ulg.ac.be,1099755_AE2_prorata_cc.jpg (948×261) - Google Chrome,Tâches diverses,2021-10-21,11:38:56,00:00:08
stefano.crapanzano@chu.ulg.ac.be,P203 CHU Récupération de TVA sur 3 CC - Xperthis ERP4HC 1.0 - Service d'assistance - Google Chrome,Tâches diverses,2021-10-21,11:37:44,00:00:28
stefano.crapanzano@chu.ulg.ac.be,P203 CHU Récupération de TVA sur 3 CC - Xperthis ERP4HC 1.0 - Service d'assistance - Google Chrome,Tâches diverses,2021-10-21,11:39:09,00:00:28
stefano.crapanzano@chu.ulg.ac.be,P203 CHU Récupération de TVA sur 3 CC - Xperthis ERP4HC 1.0 - Service d'assistance - Google Chrome,Tâches diverses,2021-10-21,11:42:34,00:00:17
stefano.crapanzano@chu.ulg.ac.be,P203 CHU Récupération de TVA sur 3 CC - Xperthis ERP4HC 1.0 - Service d'assistance - Google Chrome,Tâches diverses,2021-10-21,11:44:32,00:00:03
stefano.crapanzano@chu.ulg.ac.be,P203 CHU Récupération de TVA sur 3 CC - Xperthis ERP4HC 1.0 - Service d'assistance - Google Chrome,Tâches diverses,2021-10-21,14:17:25,00:00:31
stefano.crapanzano@chu.ulg.ac.be,P203 CHU Récupération de TVA sur 3 CC - Xperthis ERP4HC 1.0 - Service d'assistance - Google Chrome,Tâches diverses,2021-10-21,14:19:14,00:00:02
stefano.crapanzano@chu.ulg.ac.be,P203 CHU Récupération de TVA sur 3 CC - Xperthis ERP4HC 1.0 - Service d'assistance - Google Chrome,Tâches diverses,2021-10-21,15:17:02,00:00:06
stefano.crapanzano@chu.ulg.ac.be,P203 CHU Récupération de TVA sur 3 CC - Xperthis ERP4HC 1.0 - Service d'assistance - Google Chrome,Tâches diverses,2021-10-21,15:19:24,00:00:03
stefano.crapanzano@chu.ulg.ac.be,P203 CHU Récupération de TVA sur 3 CC - Xperthis ERP4HC 1.0 - Service d'assistance - Google Chrome,Tâches diverses,2021-10-21,15:22:39,00:00:09
stefano.crapanzano@chu.ulg.ac.be,P203 CHU Récupération de TVA sur 3 CC - Xperthis ERP4HC 1.0 - Service d'assistance - Google Chrome,Tâches diverses,2021-10-21,15:27:10,00:00:03
stefano.crapanzano@chu.ulg.ac.be,P203 CHU Récupération de TVA sur plusieurs CC - Xperthis ERP4HC 1.0 - Service d'assistance - Google Chrome,Tâches diverses,2021-10-21,11:38:28,00:00:04
stefano.crapanzano@chu.ulg.ac.be,P203 CHU Récupération de TVA sur plusieurs CC - Xperthis ERP4HC 1.0 - Service d'assistance - Google Chrome,Tâches diverses,2021-10-21,11:38:36,00:00:20
stefano.crapanzano@chu.ulg.ac.be,P203 CHU Récupération de TVA sur plusieurs CC - Xperthis ERP4HC 1.0 - Service d'assistance - Google Chrome,Tâches diverses,2021-10-21,11:39:05,00:00:02
stefano.crapanzano@chu.ulg.ac.be,EHEALTH - CONSULT NISS - Xperthis Oazis - Service d'assistance - Google Chrome,Tâches diverses,2021-10-21,11:39:39,00:00:45
stefano.crapanzano@chu.ulg.ac.be,T06-203 CHU Extract de BSIS 202103 via SQVI sur TE6 - Xperthis ERP4HC 2.0 Rollout - Service d'assistance - Google Chrome,Tâches diverses,2021-10-21,11:40:41,00:00:12
stefano.crapanzano@chu.ulg.ac.be,Flux des WOAR via les fichiers de commande PDA sur X01 - Xperthis ERP4HC 2.0 Rollout - Service d'assistance - Google Chrome,Tâches diverses,2021-10-21,11:40:59,00:01:35
stefano.crapanzano@chu.ulg.ac.be,Flux des WOAR via les fichiers de commande PDA sur X01 - Xperthis ERP4HC 2.0 Rollout - Service d'assistance - Google Chrome,Tâches diverses,2021-10-21,15:51:11,00:00:18
stefano.crapanzano@chu.ulg.ac.be,Flux des WOAR via les fichiers de commande PDA sur X01 - Xperthis ERP4HC 2.0 Rollout - Service d'assistance - Google Chrome,Tâches diverses,2021-10-21,16:52:06,00:00:06
stefano.crapanzano@chu.ulg.ac.be,python convert set to dictionary - Recherche Google - Google Chrome,Tâches diverses,2021-10-21,12:09:37,00:00:24
stefano.crapanzano@chu.ulg.ac.be,python convert set to dictionary - Recherche Google - Google Chrome,Tâches diverses,2021-10-21,12:23:44,00:00:03
stefano.crapanzano@chu.ulg.ac.be,python convert set to dictionary - Recherche Google - Google Chrome,Tâches diverses,2021-10-21,12:23:49,00:00:05
stefano.crapanzano@chu.ulg.ac.be,python convert set to array - Recherche Google - Google Chrome,Tâches diverses,2021-10-21,12:23:54,00:00:02
stefano.crapanzano@chu.ulg.ac.be,discordances_glims_sap_2021_10_21_12_32_37.xlsx - Excel,Tâches diverses,2021-10-21,12:33:19,00:00:10
stefano.crapanzano@chu.ulg.ac.be,discordances_glims_sap_2021_10_21_12_37_54.xlsx - Excel,Tâches diverses,2021-10-21,12:38:36,00:00:08
stefano.crapanzano@chu.ulg.ac.be,discordances_glims_sap_2021_10_21_13_04_15.xlsx - Excel,Tâches diverses,2021-10-21,13:07:55,00:00:31
stefano.crapanzano@chu.ulg.ac.be,discordances_glims_sap_2021_10_21_13_04_15.xlsx - Excel,Tâches diverses,2021-10-21,13:10:58,00:00:44
stefano.crapanzano@chu.ulg.ac.be,discordances_glims_sap_2021_10_21_13_12_06.xlsx - Excel,Tâches diverses,2021-10-21,13:12:47,00:00:45
stefano.crapanzano@chu.ulg.ac.be,discordances_glims_sap_2021_10_21_13_12_06.xlsx - Excel,Tâches diverses,2021-10-21,13:15:18,00:00:28
stefano.crapanzano@chu.ulg.ac.be,discordances_glims_sap_2021_10_21_13_15_03.xlsx - Excel,Tâches diverses,2021-10-21,13:15:50,00:00:25
stefano.crapanzano@chu.ulg.ac.be,discordances_glims_sap_2021_10_21_13_15_03.xlsx - Excel,Helpdesk général,2021-10-21,13:16:20,00:00:02
stefano.crapanzano@chu.ulg.ac.be,discordances_glims_sap_2021_10_21_13_15_03.xlsx - Excel,Tâches diverses,2021-10-21,13:19:33,00:00:02
stefano.crapanzano@chu.ulg.ac.be,Rédaction : Re: GOAL : Suivi des discordances Glims-SAP - Thunderbird,Helpdesk général,2021-10-21,13:16:28,00:00:03
stefano.crapanzano@chu.ulg.ac.be,Rédaction : Re: GOAL : Suivi des discordances Glims-SAP - Thunderbird,Helpdesk général,2021-10-21,13:21:08,00:02:55
stefano.crapanzano@chu.ulg.ac.be,Rédaction : Re: GOAL : Suivi des discordances Glims-SAP - Thunderbird,Helpdesk général,2021-10-21,13:24:14,00:00:02
stefano.crapanzano@chu.ulg.ac.be,Rédaction : Re: GOAL : Suivi des discordances Glims-SAP - Thunderbird,Helpdesk général,2021-10-21,13:24:21,00:01:26
stefano.crapanzano@chu.ulg.ac.be,Rédaction : Re: GOAL : Suivi des discordances Glims-SAP - Thunderbird,Helpdesk général,2021-10-21,13:26:04,00:00:21
stefano.crapanzano@chu.ulg.ac.be,discordances_glims_sap_2021_10_21_13_20_10.xlsx - Excel,Tâches diverses,2021-10-21,13:20:59,00:00:06
stefano.crapanzano@chu.ulg.ac.be,discordances_glims_sap_2021_10_21_13_20_10.xlsx - Excel,Tâches diverses,2021-10-21,13:24:10,00:00:02
stefano.crapanzano@chu.ulg.ac.be,ces cas de figure - Recherche Google - Google Chrome,Tâches diverses,2021-10-21,13:25:57,00:00:06
stefano.crapanzano@chu.ulg.ac.be,ces cas de figure - Recherche Google - Google Chrome,Helpdesk général,2021-10-21,13:26:27,00:00:02
stefano.crapanzano@chu.ulg.ac.be,https://sam.uliege.be/upload/c106720/files/02215-20210519150010.txt - Google Chrome,Tâches diverses,2021-10-21,13:31:00,00:00:02
stefano.crapanzano@chu.ulg.ac.be,https://sam.uliege.be/upload/c106720/files/02215-20210519150010.txt - Google Chrome,Tâches diverses,2021-10-21,13:31:06,00:00:02
stefano.crapanzano@chu.ulg.ac.be,SAM-DB : Test ERP 2.0 Tester blocage achat article ne doit pas bloquer créat DA - Google Chrome,Tâches diverses,2021-10-21,13:31:02,00:00:02
stefano.crapanzano@chu.ulg.ac.be,SAM-DB : Test ERP 2.0 Commande via les PDAs sur X01 - Google Chrome,Tâches diverses,2021-10-21,13:31:13,00:00:02
stefano.crapanzano@chu.ulg.ac.be,PowerPoint Presentation - Google Chrome,Tâches diverses,2021-10-21,13:31:21,00:00:02
stefano.crapanzano@chu.ulg.ac.be,Affichage demande d'achat en SAP-GUI ME53N - Xperthis ERP4HC 2.0 Rollout - Service d'assistance - Google Chrome,Tâches diverses,2021-10-21,13:31:28,00:00:02
stefano.crapanzano@chu.ulg.ac.be,par0105wi.xperthis.be - Google Chrome,Tâches diverses,2021-10-21,13:31:32,00:00:02
stefano.crapanzano@chu.ulg.ac.be,Standaardinstellingen - Google Chrome,Tâches diverses,2021-10-21,13:32:27,00:00:03
stefano.crapanzano@chu.ulg.ac.be,20211021140323426.pdf - Mozilla Thunderbird,Helpdesk général,2021-10-21,13:47:52,00:00:10
stefano.crapanzano@chu.ulg.ac.be,Enregistrer la pièce jointe,Helpdesk général,2021-10-21,13:48:09,00:00:02
stefano.crapanzano@chu.ulg.ac.be,Serco-be_AD_26-01-2009 By Group.xls  [Mode protégé] - Excel,Tâches diverses,2021-10-21,13:55:06,00:00:02
stefano.crapanzano@chu.ulg.ac.be,Serco-be_AD_26-01-2009 By Group.xls  [Mode de compatibilité] - Excel,Tâches diverses,2021-10-21,13:55:10,00:00:46
stefano.crapanzano@chu.ulg.ac.be,Serco-be_AD_26-01-2009 By Group.xls  [Mode de compatibilité] - Excel,Tâches diverses,2021-10-21,13:56:07,00:00:51
stefano.crapanzano@chu.ulg.ac.be,Rechercher et remplacer,Tâches diverses,2021-10-21,13:55:59,00:00:05
stefano.crapanzano@chu.ulg.ac.be,Stefano CRAPANZANO - erp.sai@chuliege.be - Mozilla Thunderbird,Helpdesk général,2021-10-21,14:16:19,00:00:10
stefano.crapanzano@chu.ulg.ac.be,2 Traité - erp.sai@chuliege.be - Mozilla Thunderbird,Helpdesk général,2021-10-21,14:16:40,00:00:10
stefano.crapanzano@chu.ulg.ac.be,Télétravail (à partir du 11-01-21).xlsx - Excel,Tâches diverses,2021-10-21,14:53:16,00:01:02
stefano.crapanzano@chu.ulg.ac.be,\\oazisusers.st.chulg\oazis_users\Informatique\ERP\Exploitation\SURVEILLANCE\JOB\jobs_19_10_2021_14_00_00_14_59_59.csv_nok - Notepad++ [Administrator],IT,2021-10-21,15:17:39,00:00:08
stefano.crapanzano@chu.ulg.ac.be,\\oazisusers.st.chulg\oazis_users\Informatique\ERP\Exploitation\SURVEILLANCE\JOB\jobs_19_10_2021_14_00_00_14_59_59.csv_nok - Notepad++ [Administrator],IT,2021-10-21,15:21:24,00:00:06
stefano.crapanzano@chu.ulg.ac.be,\\oazisusers.st.chulg\oazis_users\Informatique\ERP\Exploitation\SURVEILLANCE\JOB\jobs_19_10_2021_14_00_00_14_59_59.csv_nok - Notepad++ [Administrator],IT,2021-10-21,15:28:43,00:00:02
stefano.crapanzano@chu.ulg.ac.be,\\oazisusers.st.chulg\oazis_users\Informatique\ERP\Exploitation\SURVEILLANCE\JOB\jobs_19_10_2021_15_00_00_15_59_59.csv_nok - Notepad++ [Administrator],IT,2021-10-21,15:17:48,00:00:05
stefano.crapanzano@chu.ulg.ac.be,\\oazisusers.st.chulg\oazis_users\Informatique\ERP\Exploitation\SURVEILLANCE\JOB\jobs_21_10_2021_14_00_00_14_59_59.csv_nok - Notepad++ [Administrator],IT,2021-10-21,15:18:00,00:00:02
stefano.crapanzano@chu.ulg.ac.be,SAP Logon 760,Exploration SAP,2021-10-21,15:18:05,00:00:02
stefano.crapanzano@chu.ulg.ac.be,SAP Easy Access Menu de base Applications financières-économiques,Exploration SAP,2021-10-21,15:18:08,00:00:06
stefano.crapanzano@chu.ulg.ac.be,Sélection de jobs simple,Exploration SAP,2021-10-21,15:18:15,00:00:08
stefano.crapanzano@chu.ulg.ac.be,Synthèse des jobs,Exploration SAP,2021-10-21,15:18:23,00:00:02
stefano.crapanzano@chu.ulg.ac.be,Synthèse des jobs,Exploration SAP,2021-10-21,15:18:28,00:00:18
stefano.crapanzano@chu.ulg.ac.be,Synthèse des jobs,Exploration SAP,2021-10-21,15:19:01,00:00:08
stefano.crapanzano@chu.ulg.ac.be,Synthèse des jobs,Exploration SAP,2021-10-21,15:20:50,00:00:05
stefano.crapanzano@chu.ulg.ac.be,Afficher job /UI5/APP_INDEX_CALCULATE,Exploration SAP,2021-10-21,15:18:25,00:00:02
stefano.crapanzano@chu.ulg.ac.be,Protocole du job ZWM_LT10 / 09401202,Exploration SAP,2021-10-21,15:18:51,00:00:08
stefano.crapanzano@chu.ulg.ac.be,Incident ERP for HealthCare - Xperthis ERP4HC 1.0 - Service d'assistance - Google Chrome,Tâches diverses,2021-10-21,15:19:29,00:01:20
stefano.crapanzano@chu.ulg.ac.be,Incident ERP for HealthCare - Xperthis ERP4HC 1.0 - Service d'assistance - Google Chrome,Tâches diverses,2021-10-21,15:21:02,00:00:02
stefano.crapanzano@chu.ulg.ac.be,Incident ERP for HealthCare - Xperthis ERP4HC 1.0 - Service d'assistance - Google Chrome,Tâches diverses,2021-10-21,15:21:32,00:00:24
stefano.crapanzano@chu.ulg.ac.be,Job interrompu - Xperthis ERP4HC 1.0 - Service d'assistance - Google Chrome,Tâches diverses,2021-10-21,15:21:57,00:00:15
stefano.crapanzano@chu.ulg.ac.be,Job interrompu - Xperthis ERP4HC 1.0 - Service d'assistance - Google Chrome,Tâches diverses,2021-10-21,15:22:23,00:00:04
stefano.crapanzano@chu.ulg.ac.be,P203 CHU Job interrompu - Xperthis ERP4HC 1.0 - Service d'assistance - Google Chrome,Tâches diverses,2021-10-21,15:26:26,00:00:09
stefano.crapanzano@chu.ulg.ac.be,P203 CHU Job interrompu - Xperthis ERP4HC 1.0 - Service d'assistance - Google Chrome,Tâches diverses,2021-10-21,15:27:49,00:00:02
stefano.crapanzano@chu.ulg.ac.be,P203 CHU Job interrompu - Xperthis ERP4HC 1.0 - Service d'assistance - Google Chrome,Tâches diverses,2021-10-21,15:44:45,00:00:03
stefano.crapanzano@chu.ulg.ac.be,Intégration système,Helpdesk général,2021-10-21,15:28:29,00:00:04
stefano.crapanzano@chu.ulg.ac.be,C:\Users\c158492\AppData\Local\Temp\fz3temp-2\01114-20211012193010(2).txt - Notepad++ [Administrator],IT,2021-10-21,15:28:51,00:00:02
stefano.crapanzano@chu.ulg.ac.be,C:\Users\c158492\ProjetBoulot\Backup APPL_PROD\SOURCES\BAT\ERP\CHL_ERP_DEPASSEMENT_DOTATION.bat - Notepad++ [Administrator],IT,2021-10-21,15:45:16,00:00:02
stefano.crapanzano@chu.ulg.ac.be,C:\Users\c158492\ProjetBoulot\Backup APPL_PROD\SOURCES\BAT\ERP\CHL_ERP_DEPASSEMENT_DOTATION.bat - Notepad++ [Administrator],IT,2021-10-21,15:45:23,00:00:02
stefano.crapanzano@chu.ulg.ac.be,*C:\Users\c158492\ProjetBoulot\Backup APPL_PROD\SOURCES\BAT\ERP\CHL_ERP_DEPASSEMENT_DOTATION.bat - Notepad++ [Administrator],IT,2021-10-21,15:45:19,00:00:04
stefano.crapanzano@chu.ulg.ac.be,SSP Comment sélectionner tous les catalogues pour les ajouter à un utilisateur ? - Xperthis ERP4HC 2.0 Rollout - Service d'assistance - Google Chrome,Tâches diverses,2021-10-21,15:50:10,00:00:56
stefano.crapanzano@chu.ulg.ac.be,erpmanager - Total Commander (x64) 9.0a - NOT REGISTERED,Tâches diverses,2021-10-21,16:04:52,00:00:08
stefano.crapanzano@chu.ulg.ac.be,erpmanager - Total Commander (x64) 9.0a - NOT REGISTERED,Tâches diverses,2021-10-21,16:05:05,00:00:10
stefano.crapanzano@chu.ulg.ac.be,erpmanager - Total Commander (x64) 9.0a - NOT REGISTERED,Tâches diverses,2021-10-21,16:05:18,00:00:12
stefano.crapanzano@chu.ulg.ac.be,erpmanager - Total Commander (x64) 9.0a - NOT REGISTERED,Tâches diverses,2021-10-21,16:09:55,00:04:31
stefano.crapanzano@chu.ulg.ac.be,harpege-signaletiques-20211021.txt.DONE - Excel,Tâches diverses,2021-10-21,16:06:00,00:00:05
stefano.crapanzano@chu.ulg.ac.be,harpege-signaletiques-20211021.txt.DONE - Excel,Tâches diverses,2021-10-21,16:06:10,00:00:23
stefano.crapanzano@chu.ulg.ac.be,harpege-signaletiques-20211021.txt.DONE - Excel,Tâches diverses,2021-10-21,16:08:18,00:00:02
stefano.crapanzano@chu.ulg.ac.be,harpege-signaletiques-20211021.txt.DONE - Excel,Tâches diverses,2021-10-21,16:08:30,00:00:02
stefano.crapanzano@chu.ulg.ac.be,Assistant Conversion - Étape 2 sur 3,Tâches diverses,2021-10-21,16:06:07,00:00:02
stefano.crapanzano@chu.ulg.ac.be,P203 CHU ARCO 20210919889962 KOFAX - Les scans ne fonctionnent plus - Xperthis ERP4HC 1.0 - Service d'assistance - Google Chrome,Tâches diverses,2021-10-21,16:50:31,00:00:32
