Email,Description,Project,Start date,Start time,Duration
stefano.crapanzano@chu.ulg.ac.be,Administrateur : Perl (command line) - python  main.py,IT,2021-06-07,08:27:45,00:00:02
stefano.crapanzano@chu.ulg.ac.be,Envoyés - stefano.crapanzano@chuliege.be - Mozilla Thunderbird,Helpdesk général,2021-06-07,08:27:47,00:00:26
stefano.crapanzano@chu.ulg.ac.be,Courrier entrant - stefano.crapanzano@chuliege.be - Mozilla Thunderbird,Helpdesk général,2021-06-07,08:28:14,00:00:10
stefano.crapanzano@chu.ulg.ac.be,Courrier entrant - stefano.crapanzano@chuliege.be - Mozilla Thunderbird,Helpdesk général,2021-06-07,08:30:28,00:00:10
stefano.crapanzano@chu.ulg.ac.be,Courrier entrant - stefano.crapanzano@chuliege.be - Mozilla Thunderbird,Helpdesk général,2021-06-07,08:39:50,00:00:14
stefano.crapanzano@chu.ulg.ac.be,Courrier entrant - stefano.crapanzano@chuliege.be - Mozilla Thunderbird,Helpdesk général,2021-06-07,08:40:22,00:00:04
stefano.crapanzano@chu.ulg.ac.be,Courrier entrant - stefano.crapanzano@chuliege.be - Mozilla Thunderbird,Helpdesk général,2021-06-07,09:15:03,00:00:10
stefano.crapanzano@chu.ulg.ac.be,Courrier entrant - stefano.crapanzano@chuliege.be - Mozilla Thunderbird,Helpdesk général,2021-06-07,09:17:07,01:57:08
stefano.crapanzano@chu.ulg.ac.be,Courrier entrant - stefano.crapanzano@chuliege.be - Mozilla Thunderbird,Helpdesk général,2021-06-07,12:48:58,00:00:03
stefano.crapanzano@chu.ulg.ac.be,Courrier entrant - stefano.crapanzano@chuliege.be - Mozilla Thunderbird,Helpdesk général,2021-06-07,14:19:35,00:00:29
stefano.crapanzano@chu.ulg.ac.be,Courrier entrant - stefano.crapanzano@chuliege.be - Mozilla Thunderbird,Helpdesk général,2021-06-07,14:21:48,00:00:05
stefano.crapanzano@chu.ulg.ac.be,Courrier entrant - stefano.crapanzano@chuliege.be - Mozilla Thunderbird,Helpdesk général,2021-06-07,14:22:47,00:00:39
stefano.crapanzano@chu.ulg.ac.be,Courrier entrant - stefano.crapanzano@chuliege.be - Mozilla Thunderbird,Helpdesk général,2021-06-07,14:24:01,00:00:03
stefano.crapanzano@chu.ulg.ac.be,Courrier entrant - stefano.crapanzano@chuliege.be - Mozilla Thunderbird,Helpdesk général,2021-06-07,14:24:12,00:00:27
stefano.crapanzano@chu.ulg.ac.be,Courrier entrant - stefano.crapanzano@chuliege.be - Mozilla Thunderbird,Helpdesk général,2021-06-07,14:26:55,00:01:56
stefano.crapanzano@chu.ulg.ac.be,Courrier entrant - stefano.crapanzano@chuliege.be - Mozilla Thunderbird,Helpdesk général,2021-06-07,14:28:54,00:00:25
stefano.crapanzano@chu.ulg.ac.be,Courrier entrant - stefano.crapanzano@chuliege.be - Mozilla Thunderbird,Helpdesk général,2021-06-07,14:30:10,00:00:02
stefano.crapanzano@chu.ulg.ac.be,Courrier entrant - stefano.crapanzano@chuliege.be - Mozilla Thunderbird,Helpdesk général,2021-06-07,14:31:43,00:00:05
stefano.crapanzano@chu.ulg.ac.be,Courrier entrant - stefano.crapanzano@chuliege.be - Mozilla Thunderbird,Helpdesk général,2021-06-07,14:35:45,00:00:13
stefano.crapanzano@chu.ulg.ac.be,Courrier entrant - stefano.crapanzano@chuliege.be - Mozilla Thunderbird,Helpdesk général,2021-06-07,14:48:37,00:00:02
stefano.crapanzano@chu.ulg.ac.be,Courrier entrant - stefano.crapanzano@chuliege.be - Mozilla Thunderbird,Helpdesk général,2021-06-07,14:48:45,00:01:17
stefano.crapanzano@chu.ulg.ac.be,Courrier entrant - stefano.crapanzano@chuliege.be - Mozilla Thunderbird,Helpdesk général,2021-06-07,14:50:09,00:00:04
stefano.crapanzano@chu.ulg.ac.be,Courrier entrant - stefano.crapanzano@chuliege.be - Mozilla Thunderbird,Helpdesk général,2021-06-07,14:50:15,00:00:20
stefano.crapanzano@chu.ulg.ac.be,Courrier entrant - stefano.crapanzano@chuliege.be - Mozilla Thunderbird,Helpdesk général,2021-06-07,14:51:15,00:00:05
stefano.crapanzano@chu.ulg.ac.be,Courrier entrant - stefano.crapanzano@chuliege.be - Mozilla Thunderbird,Helpdesk général,2021-06-07,14:51:54,00:00:20
stefano.crapanzano@chu.ulg.ac.be,Courrier entrant - stefano.crapanzano@chuliege.be - Mozilla Thunderbird,Helpdesk général,2021-06-07,14:58:26,00:00:02
stefano.crapanzano@chu.ulg.ac.be,Courrier entrant - stefano.crapanzano@chuliege.be - Mozilla Thunderbird,Helpdesk général,2021-06-07,15:02:14,00:00:04
stefano.crapanzano@chu.ulg.ac.be,Courrier entrant - stefano.crapanzano@chuliege.be - Mozilla Thunderbird,Helpdesk général,2021-06-07,15:03:18,00:00:02
stefano.crapanzano@chu.ulg.ac.be,Courrier entrant - stefano.crapanzano@chuliege.be - Mozilla Thunderbird,Helpdesk général,2021-06-07,15:21:43,00:00:02
stefano.crapanzano@chu.ulg.ac.be,Courrier entrant - stefano.crapanzano@chuliege.be - Mozilla Thunderbird,Helpdesk général,2021-06-07,16:28:07,00:00:09
stefano.crapanzano@chu.ulg.ac.be,Courrier entrant - stefano.crapanzano@chuliege.be - Mozilla Thunderbird,Helpdesk général,2021-06-07,16:30:51,00:00:02
stefano.crapanzano@chu.ulg.ac.be,Courrier entrant - erp.sai@chuliege.be - Mozilla Thunderbird,Helpdesk général,2021-06-07,08:28:25,00:01:40
stefano.crapanzano@chu.ulg.ac.be,Courrier entrant - erp.sai@chuliege.be - Mozilla Thunderbird,Helpdesk général,2021-06-07,08:30:25,00:00:03
stefano.crapanzano@chu.ulg.ac.be,Courrier entrant - erp.sai@chuliege.be - Mozilla Thunderbird,Helpdesk général,2021-06-07,08:30:41,00:05:51
stefano.crapanzano@chu.ulg.ac.be,Courrier entrant - erp.sai@chuliege.be - Mozilla Thunderbird,Helpdesk général,2021-06-07,08:37:46,00:00:04
stefano.crapanzano@chu.ulg.ac.be,Courrier entrant - erp.sai@chuliege.be - Mozilla Thunderbird,Helpdesk général,2021-06-07,08:39:48,00:00:02
stefano.crapanzano@chu.ulg.ac.be,Courrier entrant - erp.sai@chuliege.be - Mozilla Thunderbird,Helpdesk général,2021-06-07,08:40:26,00:00:08
stefano.crapanzano@chu.ulg.ac.be,Courrier entrant - erp.sai@chuliege.be - Mozilla Thunderbird,Helpdesk général,2021-06-07,09:15:14,00:00:03
stefano.crapanzano@chu.ulg.ac.be,Courrier entrant - erp.sai@chuliege.be - Mozilla Thunderbird,Helpdesk général,2021-06-07,09:16:23,00:00:09
stefano.crapanzano@chu.ulg.ac.be,Courrier entrant - erp.sai@chuliege.be - Mozilla Thunderbird,Helpdesk général,2021-06-07,12:49:02,00:29:59
stefano.crapanzano@chu.ulg.ac.be,Courrier entrant - erp.sai@chuliege.be - Mozilla Thunderbird,Helpdesk général,2021-06-07,13:31:42,00:47:53
stefano.crapanzano@chu.ulg.ac.be,Courrier entrant - erp.sai@chuliege.be - Mozilla Thunderbird,Helpdesk général,2021-06-07,14:48:39,00:00:06
stefano.crapanzano@chu.ulg.ac.be,Courrier entrant - erp.sai@chuliege.be - Mozilla Thunderbird,Helpdesk général,2021-06-07,14:58:29,00:00:02
stefano.crapanzano@chu.ulg.ac.be,Courrier entrant - erp.sai@chuliege.be - Mozilla Thunderbird,Helpdesk général,2021-06-07,14:58:36,00:00:02
stefano.crapanzano@chu.ulg.ac.be,Courrier entrant - erp.sai@chuliege.be - Mozilla Thunderbird,Helpdesk général,2021-06-07,15:02:06,00:00:08
stefano.crapanzano@chu.ulg.ac.be,Courrier entrant - erp.sai@chuliege.be - Mozilla Thunderbird,Helpdesk général,2021-06-07,15:03:21,00:00:09
stefano.crapanzano@chu.ulg.ac.be,Courrier entrant - erp.sai@chuliege.be - Mozilla Thunderbird,Helpdesk général,2021-06-07,15:06:39,00:01:04
stefano.crapanzano@chu.ulg.ac.be,Courrier entrant - erp.sai@chuliege.be - Mozilla Thunderbird,Helpdesk général,2021-06-07,15:07:52,00:00:04
stefano.crapanzano@chu.ulg.ac.be,Courrier entrant - erp.sai@chuliege.be - Mozilla Thunderbird,Helpdesk général,2021-06-07,15:21:45,00:05:45
stefano.crapanzano@chu.ulg.ac.be,Courrier entrant - erp.sai@chuliege.be - Mozilla Thunderbird,Helpdesk général,2021-06-07,15:34:33,00:00:09
stefano.crapanzano@chu.ulg.ac.be,Courrier entrant - erp.sai@chuliege.be - Mozilla Thunderbird,Helpdesk général,2021-06-07,15:34:56,00:00:04
stefano.crapanzano@chu.ulg.ac.be,Courrier entrant - erp.sai@chuliege.be - Mozilla Thunderbird,Helpdesk général,2021-06-07,15:35:40,00:02:56
stefano.crapanzano@chu.ulg.ac.be,Courrier entrant - erp.sai@chuliege.be - Mozilla Thunderbird,Helpdesk général,2021-06-07,16:17:38,00:00:38
stefano.crapanzano@chu.ulg.ac.be,Courrier entrant - erp.sai@chuliege.be - Mozilla Thunderbird,Helpdesk général,2021-06-07,16:27:23,00:00:44
stefano.crapanzano@chu.ulg.ac.be,Courrier entrant - erp.sai@chuliege.be - Mozilla Thunderbird,Helpdesk général,2021-06-07,16:28:17,00:00:07
stefano.crapanzano@chu.ulg.ac.be,Courrier entrant - erp.sai@chuliege.be - Mozilla Thunderbird,Helpdesk général,2021-06-07,16:30:53,00:00:55
stefano.crapanzano@chu.ulg.ac.be,Courrier entrant - erp.sai@chuliege.be - Mozilla Thunderbird,Helpdesk général,2021-06-07,16:55:44,00:00:30
stefano.crapanzano@chu.ulg.ac.be,Courrier entrant - erp.sai@chuliege.be - Mozilla Thunderbird,Helpdesk général,2021-06-07,16:56:15,00:06:26
stefano.crapanzano@chu.ulg.ac.be,Brouillons - erp.sai@chuliege.be - Mozilla Thunderbird,Helpdesk général,2021-06-07,08:30:07,00:00:18
stefano.crapanzano@chu.ulg.ac.be,erp.sai@chuliege.be - Mozilla Thunderbird,Helpdesk général,2021-06-07,08:30:39,00:00:02
stefano.crapanzano@chu.ulg.ac.be,Navigation système de fichier,IT,2021-06-07,08:36:33,00:00:02
stefano.crapanzano@chu.ulg.ac.be,Navigation système de fichier,IT,2021-06-07,09:13:28,00:00:03
stefano.crapanzano@chu.ulg.ac.be,Navigation système de fichier,IT,2021-06-07,12:37:46,00:00:17
stefano.crapanzano@chu.ulg.ac.be,Navigation système de fichier,IT,2021-06-07,12:38:25,00:00:12
stefano.crapanzano@chu.ulg.ac.be,Navigation système de fichier,IT,2021-06-07,12:40:07,00:00:37
stefano.crapanzano@chu.ulg.ac.be,Navigation système de fichier,IT,2021-06-07,12:40:49,00:01:25
stefano.crapanzano@chu.ulg.ac.be,Navigation système de fichier,IT,2021-06-07,12:42:19,00:00:50
stefano.crapanzano@chu.ulg.ac.be,Navigation système de fichier,IT,2021-06-07,12:43:48,00:01:39
stefano.crapanzano@chu.ulg.ac.be,Navigation système de fichier,IT,2021-06-07,12:45:42,00:00:22
stefano.crapanzano@chu.ulg.ac.be,Navigation système de fichier,IT,2021-06-07,12:46:09,00:02:31
stefano.crapanzano@chu.ulg.ac.be,Navigation système de fichier,IT,2021-06-07,12:48:50,00:00:02
stefano.crapanzano@chu.ulg.ac.be,Navigation système de fichier,IT,2021-06-07,12:48:55,00:00:03
stefano.crapanzano@chu.ulg.ac.be,Navigation système de fichier,IT,2021-06-07,13:23:08,00:00:02
stefano.crapanzano@chu.ulg.ac.be,Navigation système de fichier,IT,2021-06-07,14:20:05,00:00:04
stefano.crapanzano@chu.ulg.ac.be,Navigation système de fichier,IT,2021-06-07,14:20:36,00:00:03
stefano.crapanzano@chu.ulg.ac.be,Navigation système de fichier,IT,2021-06-07,14:21:02,00:00:02
stefano.crapanzano@chu.ulg.ac.be,Navigation système de fichier,IT,2021-06-07,14:23:59,00:00:02
stefano.crapanzano@chu.ulg.ac.be,Navigation système de fichier,IT,2021-06-07,14:24:08,00:00:04
stefano.crapanzano@chu.ulg.ac.be,Navigation système de fichier,IT,2021-06-07,14:29:19,00:00:03
stefano.crapanzano@chu.ulg.ac.be,Navigation système de fichier,IT,2021-06-07,14:31:40,00:00:02
stefano.crapanzano@chu.ulg.ac.be,Navigation système de fichier,IT,2021-06-07,14:34:37,00:00:02
stefano.crapanzano@chu.ulg.ac.be,Navigation système de fichier,IT,2021-06-07,14:38:20,00:00:02
stefano.crapanzano@chu.ulg.ac.be,Navigation système de fichier,IT,2021-06-07,14:38:25,00:00:04
stefano.crapanzano@chu.ulg.ac.be,Navigation système de fichier,IT,2021-06-07,14:57:18,00:01:08
stefano.crapanzano@chu.ulg.ac.be,Navigation système de fichier,IT,2021-06-07,15:02:19,00:00:02
stefano.crapanzano@chu.ulg.ac.be,Navigation système de fichier,IT,2021-06-07,15:06:35,00:00:03
stefano.crapanzano@chu.ulg.ac.be,Navigation système de fichier,IT,2021-06-07,15:08:21,00:00:02
stefano.crapanzano@chu.ulg.ac.be,Navigation système de fichier,IT,2021-06-07,15:08:24,00:00:02
stefano.crapanzano@chu.ulg.ac.be,Navigation système de fichier,IT,2021-06-07,15:11:15,00:00:07
stefano.crapanzano@chu.ulg.ac.be,Navigation système de fichier,IT,2021-06-07,15:11:27,00:00:02
stefano.crapanzano@chu.ulg.ac.be,Navigation système de fichier,IT,2021-06-07,15:12:36,00:00:02
stefano.crapanzano@chu.ulg.ac.be,Navigation système de fichier,IT,2021-06-07,15:27:31,00:00:06
stefano.crapanzano@chu.ulg.ac.be,Navigation système de fichier,IT,2021-06-07,15:27:38,00:00:39
stefano.crapanzano@chu.ulg.ac.be,Navigation système de fichier,IT,2021-06-07,15:38:36,00:00:05
stefano.crapanzano@chu.ulg.ac.be,Navigation système de fichier,IT,2021-06-07,15:43:47,00:00:04
stefano.crapanzano@chu.ulg.ac.be,Navigation système de fichier,IT,2021-06-07,15:43:52,00:00:03
stefano.crapanzano@chu.ulg.ac.be,Navigation système de fichier,IT,2021-06-07,15:45:30,00:00:05
stefano.crapanzano@chu.ulg.ac.be,Navigation système de fichier,IT,2021-06-07,15:47:12,00:03:33
stefano.crapanzano@chu.ulg.ac.be,Navigation système de fichier,IT,2021-06-07,15:59:38,00:00:03
stefano.crapanzano@chu.ulg.ac.be,Navigation système de fichier,IT,2021-06-07,15:59:47,00:00:04
stefano.crapanzano@chu.ulg.ac.be,Navigation système de fichier,IT,2021-06-07,16:02:13,00:00:02
stefano.crapanzano@chu.ulg.ac.be,Navigation système de fichier,IT,2021-06-07,16:02:16,00:00:06
stefano.crapanzano@chu.ulg.ac.be,Navigation système de fichier,IT,2021-06-07,16:02:24,00:00:03
stefano.crapanzano@chu.ulg.ac.be,Navigation système de fichier,IT,2021-06-07,16:11:27,00:00:03
stefano.crapanzano@chu.ulg.ac.be,Navigation système de fichier,IT,2021-06-07,16:12:10,00:00:02
stefano.crapanzano@chu.ulg.ac.be,Navigation système de fichier,IT,2021-06-07,16:12:14,00:00:03
stefano.crapanzano@chu.ulg.ac.be,Navigation système de fichier,IT,2021-06-07,16:28:30,00:00:04
stefano.crapanzano@chu.ulg.ac.be,Navigation système de fichier,IT,2021-06-07,16:32:57,00:00:03
stefano.crapanzano@chu.ulg.ac.be,Navigation système de fichier,IT,2021-06-07,16:33:13,00:00:02
stefano.crapanzano@chu.ulg.ac.be,Navigation système de fichier,IT,2021-06-07,16:34:57,00:00:02
stefano.crapanzano@chu.ulg.ac.be,Navigation système de fichier,IT,2021-06-07,16:35:12,00:00:02
stefano.crapanzano@chu.ulg.ac.be,Navigation système de fichier,IT,2021-06-07,16:35:25,00:00:04
stefano.crapanzano@chu.ulg.ac.be,Navigation système de fichier,IT,2021-06-07,16:36:04,00:00:03
stefano.crapanzano@chu.ulg.ac.be,Navigation système de fichier,IT,2021-06-07,16:36:38,00:00:02
stefano.crapanzano@chu.ulg.ac.be,Navigation système de fichier,IT,2021-06-07,16:39:00,00:00:02
stefano.crapanzano@chu.ulg.ac.be,Navigation système de fichier,IT,2021-06-07,17:02:42,00:00:02
stefano.crapanzano@chu.ulg.ac.be,Navigation système de fichier,IT,2021-06-07,17:03:08,00:00:02
stefano.crapanzano@chu.ulg.ac.be,Navigation système de fichier,IT,2021-06-07,17:03:12,00:00:04
stefano.crapanzano@chu.ulg.ac.be,Navigation système de fichier,IT,2021-06-07,17:03:34,00:00:02
stefano.crapanzano@chu.ulg.ac.be,Navigation système de fichier,IT,2021-06-07,17:03:40,00:00:03
stefano.crapanzano@chu.ulg.ac.be,Navigation système de fichier,IT,2021-06-07,17:04:08,00:00:05
stefano.crapanzano@chu.ulg.ac.be,Navigation système de fichier,IT,2021-06-07,17:05:11,00:00:03
stefano.crapanzano@chu.ulg.ac.be,view-source:https://goal.chuliege.be/validation/article/task_id/16566996-754d-45b1-a4aa-80373f595d5c - Google Chrome,Tâches diverses,2021-06-07,08:37:51,00:00:02
stefano.crapanzano@chu.ulg.ac.be,view-source:https://goal.chuliege.be/validation/article/task_id/16566996-754d-45b1-a4aa-80373f595d5c - Google Chrome,Tâches diverses,2021-06-07,14:29:45,00:00:03
stefano.crapanzano@chu.ulg.ac.be,Bureau - Google Sheets - Google Chrome,Tâches diverses,2021-06-07,08:37:53,00:01:53
stefano.crapanzano@chu.ulg.ac.be,Bureau - Google Sheets - Google Chrome,Tâches diverses,2021-06-07,09:15:18,00:00:04
stefano.crapanzano@chu.ulg.ac.be,Bureau - Google Sheets - Google Chrome,Tâches diverses,2021-06-07,12:46:04,00:00:04
stefano.crapanzano@chu.ulg.ac.be,Bureau - Google Sheets - Google Chrome,Tâches diverses,2021-06-07,12:48:52,00:00:02
stefano.crapanzano@chu.ulg.ac.be,Bureau - Google Sheets - Google Chrome,Tâches diverses,2021-06-07,14:29:23,00:00:02
stefano.crapanzano@chu.ulg.ac.be,GOAL_DISCORDANCES - erp.sai@chuliege.be - Mozilla Thunderbird,Helpdesk général,2021-06-07,08:40:10,00:00:07
stefano.crapanzano@chu.ulg.ac.be,GOAL_RESERVATION_EN_COURS - erp.sai@chuliege.be - Mozilla Thunderbird,Helpdesk général,2021-06-07,08:40:06,00:00:03
stefano.crapanzano@chu.ulg.ac.be,2 Traité - erp.sai@chuliege.be - Mozilla Thunderbird,Helpdesk général,2021-06-07,08:40:17,00:00:04
stefano.crapanzano@chu.ulg.ac.be,erp.sai - erp.sai@chuliege.be - Mozilla Thunderbird,Helpdesk général,2021-06-07,08:40:36,00:32:52
stefano.crapanzano@chu.ulg.ac.be,erp.sai - erp.sai@chuliege.be - Mozilla Thunderbird,Helpdesk général,2021-06-07,09:14:37,00:00:02
stefano.crapanzano@chu.ulg.ac.be,SAP Logon 750,Exploration SAP,2021-06-07,09:13:32,00:00:08
stefano.crapanzano@chu.ulg.ac.be,SAP Logon 750,Exploration SAP,2021-06-07,13:19:02,00:00:03
stefano.crapanzano@chu.ulg.ac.be,SAP Logon 750,Exploration SAP,2021-06-07,13:23:11,00:08:29
stefano.crapanzano@chu.ulg.ac.be,SAP Easy Access Menu de base Applications financières-économiques,Exploration SAP,2021-06-07,09:13:40,00:00:07
stefano.crapanzano@chu.ulg.ac.be,SAP Easy Access Menu de base Applications financières-économiques,Exploration SAP,2021-06-07,13:19:06,00:00:08
stefano.crapanzano@chu.ulg.ac.be,SAP Easy Access Menu de base Applications financières-économiques,Exploration SAP,2021-06-07,13:19:29,00:00:09
stefano.crapanzano@chu.ulg.ac.be,SAP Easy Access Menu de base Applications financières-économiques,Exploration SAP,2021-06-07,13:19:41,00:00:03
stefano.crapanzano@chu.ulg.ac.be,SAP Easy Access Menu de base Applications financières-économiques,Exploration SAP,2021-06-07,13:19:48,00:00:04
stefano.crapanzano@chu.ulg.ac.be,SAP Easy Access Menu de base Applications financières-économiques,Exploration SAP,2021-06-07,14:21:08,00:00:12
stefano.crapanzano@chu.ulg.ac.be,SAP Easy Access Menu de base Applications financières-économiques,Exploration SAP,2021-06-07,14:24:47,00:00:06
stefano.crapanzano@chu.ulg.ac.be,SAP Easy Access Menu de base Applications financières-économiques,Exploration SAP,2021-06-07,14:33:25,00:00:06
stefano.crapanzano@chu.ulg.ac.be,SAP Easy Access Menu de base Applications financières-économiques,Exploration SAP,2021-06-07,14:36:53,00:00:03
stefano.crapanzano@chu.ulg.ac.be,SAP Easy Access Menu de base Applications financières-économiques,Exploration SAP,2021-06-07,15:08:10,00:00:09
stefano.crapanzano@chu.ulg.ac.be,SAP Easy Access Menu de base Applications financières-économiques,Exploration SAP,2021-06-07,15:11:33,00:00:03
stefano.crapanzano@chu.ulg.ac.be,SAP Easy Access Menu de base Applications financières-économiques,Exploration SAP,2021-06-07,15:11:40,00:00:06
stefano.crapanzano@chu.ulg.ac.be,SAP Easy Access Menu de base Applications financières-économiques,Exploration SAP,2021-06-07,16:12:21,00:00:02
stefano.crapanzano@chu.ulg.ac.be,SAP Easy Access Menu de base Applications financières-économiques,Exploration SAP,2021-06-07,16:12:25,00:00:38
stefano.crapanzano@chu.ulg.ac.be,SAP Easy Access Menu de base Applications financières-économiques,Exploration SAP,2021-06-07,16:13:07,00:00:02
stefano.crapanzano@chu.ulg.ac.be,SAP Easy Access Menu de base Applications financières-économiques,Exploration SAP,2021-06-07,16:13:13,00:00:03
stefano.crapanzano@chu.ulg.ac.be,SAP Easy Access Menu de base Applications financières-économiques,Exploration SAP,2021-06-07,16:34:59,00:00:03
stefano.crapanzano@chu.ulg.ac.be,SAP Easy Access Menu de base Applications financières-économiques,Exploration SAP,2021-06-07,16:36:54,00:00:02
stefano.crapanzano@chu.ulg.ac.be,SAP Easy Access Menu de base Applications financières-économiques,Exploration SAP,2021-06-07,16:37:00,00:00:03
stefano.crapanzano@chu.ulg.ac.be,SAP Easy Access Menu de base Applications financières-économiques,Exploration SAP,2021-06-07,17:04:13,00:00:03
stefano.crapanzano@chu.ulg.ac.be,Display Table,Exploration SAP,2021-06-07,09:13:48,00:00:25
stefano.crapanzano@chu.ulg.ac.be,Display Table,Exploration SAP,2021-06-07,17:03:43,00:00:02
stefano.crapanzano@chu.ulg.ac.be,AE2_203 - sftp://AE2U2FTP@153.89.110.38 - FileZilla,Helpdesk général,2021-06-07,09:14:13,00:00:06
stefano.crapanzano@chu.ulg.ac.be,PE2_203 - sftp://PE2U2FTP@153.89.110.38 - FileZilla,Helpdesk général,2021-06-07,09:14:19,00:00:18
stefano.crapanzano@chu.ulg.ac.be,Stefano CRAPANZANO - erp.sai@chuliege.be - Mozilla Thunderbird,Helpdesk général,2021-06-07,09:14:39,00:00:05
stefano.crapanzano@chu.ulg.ac.be,Stefano CRAPANZANO - erp.sai@chuliege.be - Mozilla Thunderbird,Helpdesk général,2021-06-07,09:15:01,00:00:02
stefano.crapanzano@chu.ulg.ac.be,Stefano CRAPANZANO - erp.sai@chuliege.be - Mozilla Thunderbird,Helpdesk général,2021-06-07,09:16:32,00:00:35
stefano.crapanzano@chu.ulg.ac.be,Lecture documentation,Tâches diverses,2021-06-07,09:14:45,00:00:15
stefano.crapanzano@chu.ulg.ac.be,Lecture documentation,Tâches diverses,2021-06-07,09:15:22,00:01:00
stefano.crapanzano@chu.ulg.ac.be,Lecture documentation,Tâches diverses,2021-06-07,14:59:15,00:02:45
stefano.crapanzano@chu.ulg.ac.be,Lecture documentation,Tâches diverses,2021-06-07,15:17:49,00:02:39
stefano.crapanzano@chu.ulg.ac.be,Lecture documentation,Tâches diverses,2021-06-07,15:20:58,00:00:35
stefano.crapanzano@chu.ulg.ac.be,Lecture documentation,Tâches diverses,2021-06-07,15:28:18,00:03:32
stefano.crapanzano@chu.ulg.ac.be,Lecture documentation,Tâches diverses,2021-06-07,15:34:42,00:00:11
stefano.crapanzano@chu.ulg.ac.be,Lecture documentation,Tâches diverses,2021-06-07,15:35:00,00:00:38
stefano.crapanzano@chu.ulg.ac.be,Lecture documentation,Tâches diverses,2021-06-07,15:46:31,00:00:38
stefano.crapanzano@chu.ulg.ac.be,Lecture documentation,Tâches diverses,2021-06-07,15:50:46,00:08:51
stefano.crapanzano@chu.ulg.ac.be,Lecture documentation,Tâches diverses,2021-06-07,15:59:41,00:00:05
stefano.crapanzano@chu.ulg.ac.be,Lecture documentation,Tâches diverses,2021-06-07,16:11:31,00:00:39
stefano.crapanzano@chu.ulg.ac.be,Lecture documentation,Tâches diverses,2021-06-07,16:18:16,00:09:05
stefano.crapanzano@chu.ulg.ac.be,Lecture documentation,Tâches diverses,2021-06-07,16:28:26,00:00:04
stefano.crapanzano@chu.ulg.ac.be,Lecture documentation,Tâches diverses,2021-06-07,16:35:40,00:00:23
stefano.crapanzano@chu.ulg.ac.be,SAP GUI for Windows 750,Exploration SAP,2021-06-07,11:14:16,01:23:29
stefano.crapanzano@chu.ulg.ac.be,\\ERPFTP.st.chulg\ERP\Log\Serv940SapOk-SapPE2203-MmOplbarcodeInput.log - Notepad++ [Administrator],IT,2021-06-07,12:38:04,00:00:21
stefano.crapanzano@chu.ulg.ac.be,*new 2 - Notepad++ [Administrator],IT,2021-06-07,12:38:38,00:00:03
stefano.crapanzano@chu.ulg.ac.be,\\ERPFTP.st.chulg\ERP\Log\KOFAX-KofaxCaptureSVReleaseProdFRCHR.log - Notepad++ [Administrator],IT,2021-06-07,12:38:48,00:01:18
stefano.crapanzano@chu.ulg.ac.be,\\ERPFTP.st.chulg\ERP\Log\KOFAX-KofaxCaptureSVReleaseProdFRCHR.log - Notepad++ [Administrator],IT,2021-06-07,12:40:44,00:00:04
stefano.crapanzano@chu.ulg.ac.be,\\ERPFTP.st.chulg\ERP\Log\KOFAX-KofaxCaptureSVReleaseProdFRCHR.log - Notepad++ [Administrator],IT,2021-06-07,12:42:15,00:00:04
stefano.crapanzano@chu.ulg.ac.be,\\ERPFTP.st.chulg\ERP\Log\KOFAX-KofaxCaptureSVReleaseProdFRCHR.log - Notepad++ [Administrator],IT,2021-06-07,15:12:09,00:00:07
stefano.crapanzano@chu.ulg.ac.be,*\\ERPFTP.st.chulg\ERP\Log\KOFAX-KofaxCaptureSVReleaseProdFRCHR.log - Notepad++ [Administrator],IT,2021-06-07,12:38:43,00:00:04
stefano.crapanzano@chu.ulg.ac.be,console_erpftp - [Racine de la console\Gestion de l’ordinateur (ERPFTP)\Outils système\Planificateur de tâches],IT,2021-06-07,12:43:23,00:00:02
stefano.crapanzano@chu.ulg.ac.be,Planificateur de tâches,IT,2021-06-07,12:43:18,00:00:02
stefano.crapanzano@chu.ulg.ac.be,console_erpftp - [Racine de la console\Gestion de l’ordinateur (ERPFTP)\Outils système\Planificateur de tâches\Bibliothèque du Planificateur de tâches],IT,2021-06-07,12:43:26,00:00:21
stefano.crapanzano@chu.ulg.ac.be,console_erpftp - [Racine de la console\Gestion de l’ordinateur (ERPFTP)\Outils système\Planificateur de tâches\Bibliothèque du Planificateur de tâches],IT,2021-06-07,12:45:28,00:00:14
stefano.crapanzano@chu.ulg.ac.be,console_erpftp - [Racine de la console\Gestion de l’ordinateur (ERPFTP)\Outils système\Planificateur de tâches\Bibliothèque du Planificateur de tâches],IT,2021-06-07,12:48:41,00:00:07
stefano.crapanzano@chu.ulg.ac.be,Exporter/importer Lien entre article-centre de coûts et quantité,Exploration SAP,2021-06-07,13:19:14,00:00:14
stefano.crapanzano@chu.ulg.ac.be,Recherche dans arborescence des menus,Exploration SAP,2021-06-07,13:19:38,00:00:02
stefano.crapanzano@chu.ulg.ac.be,Recherche dans arborescence des menus,Exploration SAP,2021-06-07,13:19:44,00:00:03
stefano.crapanzano@chu.ulg.ac.be,Recherche dans arborescence des menus,Exploration SAP,2021-06-07,16:12:23,00:00:02
stefano.crapanzano@chu.ulg.ac.be,Recherche dans arborescence des menus,Exploration SAP,2021-06-07,16:13:04,00:00:03
stefano.crapanzano@chu.ulg.ac.be,Recherche dans arborescence des menus,Exploration SAP,2021-06-07,16:13:10,00:00:03
stefano.crapanzano@chu.ulg.ac.be,Articles par réceptionnaire-centre de frais,Exploration SAP,2021-06-07,13:19:53,00:00:28
stefano.crapanzano@chu.ulg.ac.be,Articles par réceptionnaire-centre de frais,Exploration SAP,2021-06-07,13:20:50,00:02:17
stefano.crapanzano@chu.ulg.ac.be,Articles par réceptionnaire-centre de frais,Exploration SAP,2021-06-07,14:21:04,00:00:03
stefano.crapanzano@chu.ulg.ac.be,Nouvels enregistrements,Exploration SAP,2021-06-07,13:20:22,00:00:10
stefano.crapanzano@chu.ulg.ac.be,Nouvels enregistrements,Exploration SAP,2021-06-07,13:20:37,00:00:09
stefano.crapanzano@chu.ulg.ac.be,Information,Exploration SAP,2021-06-07,13:20:32,00:00:04
stefano.crapanzano@chu.ulg.ac.be,Information,Exploration SAP,2021-06-07,13:20:47,00:00:02
stefano.crapanzano@chu.ulg.ac.be,Programmation,IT,2021-06-07,14:20:10,00:00:25
stefano.crapanzano@chu.ulg.ac.be,Programmation,IT,2021-06-07,14:38:29,00:00:02
stefano.crapanzano@chu.ulg.ac.be,Programmation,IT,2021-06-07,14:39:04,00:00:11
stefano.crapanzano@chu.ulg.ac.be,Programmation,IT,2021-06-07,14:42:33,00:00:31
stefano.crapanzano@chu.ulg.ac.be,Programmation,IT,2021-06-07,14:43:15,00:03:53
stefano.crapanzano@chu.ulg.ac.be,Programmation,IT,2021-06-07,14:47:11,00:01:18
stefano.crapanzano@chu.ulg.ac.be,Programmation,IT,2021-06-07,14:50:37,00:00:37
stefano.crapanzano@chu.ulg.ac.be,Programmation,IT,2021-06-07,14:51:22,00:00:30
stefano.crapanzano@chu.ulg.ac.be,Programmation,IT,2021-06-07,14:52:15,00:05:03
stefano.crapanzano@chu.ulg.ac.be,Programmation,IT,2021-06-07,15:02:21,00:00:55
stefano.crapanzano@chu.ulg.ac.be,Programmation,IT,2021-06-07,15:03:31,00:03:03
stefano.crapanzano@chu.ulg.ac.be,Programmation,IT,2021-06-07,15:10:27,00:00:47
stefano.crapanzano@chu.ulg.ac.be,Programmation,IT,2021-06-07,15:12:38,00:00:46
stefano.crapanzano@chu.ulg.ac.be,Programmation,IT,2021-06-07,15:13:27,00:01:57
stefano.crapanzano@chu.ulg.ac.be,Programmation,IT,2021-06-07,15:16:23,00:01:24
stefano.crapanzano@chu.ulg.ac.be,Programmation,IT,2021-06-07,15:20:29,00:00:27
stefano.crapanzano@chu.ulg.ac.be,Programmation,IT,2021-06-07,15:31:52,00:02:39
stefano.crapanzano@chu.ulg.ac.be,Programmation,IT,2021-06-07,15:38:43,00:05:03
stefano.crapanzano@chu.ulg.ac.be,Programmation,IT,2021-06-07,16:28:35,00:02:14
stefano.crapanzano@chu.ulg.ac.be,Programmation,IT,2021-06-07,16:31:50,00:01:07
stefano.crapanzano@chu.ulg.ac.be,Programmation,IT,2021-06-07,16:33:00,00:00:11
stefano.crapanzano@chu.ulg.ac.be,Programmation,IT,2021-06-07,16:33:27,00:01:29
stefano.crapanzano@chu.ulg.ac.be,Programmation,IT,2021-06-07,16:35:14,00:00:11
stefano.crapanzano@chu.ulg.ac.be,Programmation,IT,2021-06-07,16:35:33,00:00:05
stefano.crapanzano@chu.ulg.ac.be,Programmation,IT,2021-06-07,16:36:08,00:00:22
stefano.crapanzano@chu.ulg.ac.be,Programmation,IT,2021-06-07,16:37:41,00:00:05
stefano.crapanzano@chu.ulg.ac.be,Programmation,IT,2021-06-07,16:37:49,00:00:28
stefano.crapanzano@chu.ulg.ac.be,Programmation,IT,2021-06-07,16:38:24,00:00:35
stefano.crapanzano@chu.ulg.ac.be,Programmation,IT,2021-06-07,16:39:02,00:07:54
stefano.crapanzano@chu.ulg.ac.be,Programmation,IT,2021-06-07,16:46:58,00:01:07
stefano.crapanzano@chu.ulg.ac.be,Programmation,IT,2021-06-07,16:48:07,00:02:33
stefano.crapanzano@chu.ulg.ac.be,Programmation,IT,2021-06-07,17:02:44,00:00:11
stefano.crapanzano@chu.ulg.ac.be,Programmation,IT,2021-06-07,17:03:05,00:00:03
stefano.crapanzano@chu.ulg.ac.be,Programmation,IT,2021-06-07,17:03:20,00:00:09
stefano.crapanzano@chu.ulg.ac.be,Programmation,IT,2021-06-07,17:04:00,00:00:07
stefano.crapanzano@chu.ulg.ac.be,Programmation,IT,2021-06-07,17:04:17,00:00:45
stefano.crapanzano@chu.ulg.ac.be,Programmation,IT,2021-06-07,17:05:07,00:00:03
stefano.crapanzano@chu.ulg.ac.be,Programmation,IT,2021-06-07,17:05:16,00:00:02
stefano.crapanzano@chu.ulg.ac.be,Programmation,IT,2021-06-07,17:05:20,00:02:14
stefano.crapanzano@chu.ulg.ac.be,SVN_LOCAL – CHL_ERP_PSRL_COMPTA_HOME_SENY_MUT_VERS_SAP.pl [SVN_LOCAL] (Administrator),IT,2021-06-07,14:20:39,00:00:13
stefano.crapanzano@chu.ulg.ac.be,SVN_LOCAL – CHL_ERP_RAPPORT_STOCK_ARTICLE.pl [SVN_LOCAL] (Administrator),IT,2021-06-07,14:20:52,00:00:09
stefano.crapanzano@chu.ulg.ac.be,Valeur par Type de Magasin,Exploration SAP,2021-06-07,14:21:20,00:00:09
stefano.crapanzano@chu.ulg.ac.be,Gewaardeerde voorraad,Exploration SAP,2021-06-07,14:21:30,00:00:16
stefano.crapanzano@chu.ulg.ac.be,Gewaardeerde voorraad,Exploration SAP,2021-06-07,14:21:55,00:00:16
stefano.crapanzano@chu.ulg.ac.be,Gewaardeerde voorraad,Exploration SAP,2021-06-07,14:22:26,00:00:20
stefano.crapanzano@chu.ulg.ac.be,Gewaardeerde voorraad,Exploration SAP,2021-06-07,14:23:28,00:00:09
stefano.crapanzano@chu.ulg.ac.be,Gewaardeerde voorraad,Exploration SAP,2021-06-07,14:23:40,00:00:18
stefano.crapanzano@chu.ulg.ac.be,Gewaardeerde voorraad,Exploration SAP,2021-06-07,14:24:06,00:00:02
stefano.crapanzano@chu.ulg.ac.be,Gewaardeerde voorraad,Exploration SAP,2021-06-07,14:24:44,00:00:03
stefano.crapanzano@chu.ulg.ac.be,Gewaardeerde voorraad,Exploration SAP,2021-06-07,14:26:29,00:00:25
stefano.crapanzano@chu.ulg.ac.be,Gewaardeerde voorraad,Exploration SAP,2021-06-07,14:33:03,00:00:02
stefano.crapanzano@chu.ulg.ac.be,Gewaardeerde voorraad,Exploration SAP,2021-06-07,16:02:27,00:00:22
stefano.crapanzano@chu.ulg.ac.be,Gewaardeerde voorraad,Exploration SAP,2021-06-07,16:03:00,00:03:06
stefano.crapanzano@chu.ulg.ac.be,Gewaardeerde voorraad,Exploration SAP,2021-06-07,16:06:17,00:00:08
stefano.crapanzano@chu.ulg.ac.be,Gewaardeerde voorraad,Exploration SAP,2021-06-07,16:06:33,00:02:23
stefano.crapanzano@chu.ulg.ac.be,Gewaardeerde voorraad,Exploration SAP,2021-06-07,16:08:59,00:00:37
stefano.crapanzano@chu.ulg.ac.be,Gewaardeerde voorraad,Exploration SAP,2021-06-07,16:09:45,00:00:03
stefano.crapanzano@chu.ulg.ac.be,Gewaardeerde voorraad,Exploration SAP,2021-06-07,16:10:07,00:00:03
stefano.crapanzano@chu.ulg.ac.be,Gewaardeerde voorraad,Exploration SAP,2021-06-07,16:12:17,00:00:03
stefano.crapanzano@chu.ulg.ac.be,Gewaardeerde voorraad,Exploration SAP,2021-06-07,16:13:18,00:00:13
stefano.crapanzano@chu.ulg.ac.be,Gewaardeerde voorraad,Exploration SAP,2021-06-07,16:13:55,00:03:42
stefano.crapanzano@chu.ulg.ac.be,Gewaardeerde voorraad,Exploration SAP,2021-06-07,17:03:51,00:00:03
stefano.crapanzano@chu.ulg.ac.be,Modifier mise en forme,Exploration SAP,2021-06-07,14:22:11,00:00:14
stefano.crapanzano@chu.ulg.ac.be,Modifier mise en forme,Exploration SAP,2021-06-07,16:02:50,00:00:09
stefano.crapanzano@chu.ulg.ac.be,Définir tri,Exploration SAP,2021-06-07,14:23:38,00:00:02
stefano.crapanzano@chu.ulg.ac.be,Afficher article (Initial Screen),Exploration SAP,2021-06-07,14:25:00,00:00:02
stefano.crapanzano@chu.ulg.ac.be,Afficher article (Initial Screen),Exploration SAP,2021-06-07,14:25:26,00:00:03
stefano.crapanzano@chu.ulg.ac.be,Select View(s),Exploration SAP,2021-06-07,14:25:03,00:00:02
stefano.crapanzano@chu.ulg.ac.be,Select View(s),Exploration SAP,2021-06-07,14:25:29,00:00:06
stefano.crapanzano@chu.ulg.ac.be,Select View(s),Exploration SAP,2021-06-07,14:26:11,00:00:02
stefano.crapanzano@chu.ulg.ac.be,TypeAheadPopup,Exploration SAP,2021-06-07,14:25:35,00:00:02
stefano.crapanzano@chu.ulg.ac.be,Afficher article 600249 (ARTICLE WM Stock),Exploration SAP,2021-06-07,14:25:09,00:00:03
stefano.crapanzano@chu.ulg.ac.be,Afficher article 600249 (ARTICLE WM Stock),Exploration SAP,2021-06-07,14:25:15,00:00:02
stefano.crapanzano@chu.ulg.ac.be,Afficher article 600249 (ARTICLE WM Stock),Exploration SAP,2021-06-07,14:25:38,00:00:25
stefano.crapanzano@chu.ulg.ac.be,Afficher article 600249 (ARTICLE WM Stock),Exploration SAP,2021-06-07,14:26:06,00:00:02
stefano.crapanzano@chu.ulg.ac.be,Afficher article 600249 (ARTICLE WM Stock),Exploration SAP,2021-06-07,14:26:17,00:00:10
stefano.crapanzano@chu.ulg.ac.be,Afficher article 600249 (ARTICLE WM Stock),Exploration SAP,2021-06-07,14:33:07,00:00:18
stefano.crapanzano@chu.ulg.ac.be,MCX_DUMMY_POPUP,Exploration SAP,2021-06-07,14:25:12,00:00:02
stefano.crapanzano@chu.ulg.ac.be,classification,Exploration SAP,2021-06-07,14:25:18,00:00:07
stefano.crapanzano@chu.ulg.ac.be,Afficher article 600249 (Données d'emballage  ARTICLE WM Stock),Exploration SAP,2021-06-07,14:26:03,00:00:03
stefano.crapanzano@chu.ulg.ac.be,GOAL - LABO - Google Chrome,Tâches diverses,2021-06-07,14:29:25,00:00:03
stefano.crapanzano@chu.ulg.ac.be,GOAL - LABO - Google Chrome,Tâches diverses,2021-06-07,14:29:37,00:00:07
stefano.crapanzano@chu.ulg.ac.be,GOAL - LABO - Google Chrome,Tâches diverses,2021-06-07,14:30:04,00:00:04
stefano.crapanzano@chu.ulg.ac.be,GOAL - LABO - Google Chrome,Tâches diverses,2021-06-07,14:30:12,00:00:13
stefano.crapanzano@chu.ulg.ac.be,GOAL - LABO - Google Chrome,Tâches diverses,2021-06-07,14:30:28,00:00:10
stefano.crapanzano@chu.ulg.ac.be,GOAL - LABO - Google Chrome,Tâches diverses,2021-06-07,14:31:15,00:00:25
stefano.crapanzano@chu.ulg.ac.be,GOAL - LABO - Google Chrome,Tâches diverses,2021-06-07,16:13:31,00:00:02
stefano.crapanzano@chu.ulg.ac.be,Identification - Google Chrome,Tâches diverses,2021-06-07,14:29:29,00:00:07
stefano.crapanzano@chu.ulg.ac.be,Administration du site | Site d’administration de Django - Google Chrome,Tâches diverses,2021-06-07,14:29:48,00:00:02
stefano.crapanzano@chu.ulg.ac.be,Sélectionnez l’objet utilisateur à changer | Site d’administration de Django - Google Chrome,Tâches diverses,2021-06-07,14:29:51,00:00:06
stefano.crapanzano@chu.ulg.ac.be,Sélectionnez l’objet utilisateur à changer | Site d’administration de Django - Google Chrome,Tâches diverses,2021-06-07,14:29:58,00:00:06
stefano.crapanzano@chu.ulg.ac.be,Sélectionnez l’objet utilisateur à changer | Site d’administration de Django - Google Chrome,Tâches diverses,2021-06-07,14:30:25,00:00:02
stefano.crapanzano@chu.ulg.ac.be,Sélectionnez l’objet utilisateur à changer | Site d’administration de Django - Google Chrome,Tâches diverses,2021-06-07,14:30:39,00:00:07
stefano.crapanzano@chu.ulg.ac.be,Sélectionnez l’objet utilisateur à changer | Site d’administration de Django - Google Chrome,Tâches diverses,2021-06-07,14:30:49,00:00:06
stefano.crapanzano@chu.ulg.ac.be,Sélectionnez l’objet utilisateur à changer | Site d’administration de Django - Google Chrome,Tâches diverses,2021-06-07,14:31:01,00:00:14
stefano.crapanzano@chu.ulg.ac.be,Modification de utilisateur | Site d’administration de Django - Google Chrome,Tâches diverses,2021-06-07,14:30:46,00:00:02
stefano.crapanzano@chu.ulg.ac.be,Modification de utilisateur | Site d’administration de Django - Google Chrome,Tâches diverses,2021-06-07,14:30:55,00:00:06
stefano.crapanzano@chu.ulg.ac.be,Outil WEB vue stock CLC/GLIMS - Mozilla Thunderbird,Helpdesk général,2021-06-07,14:31:48,00:01:14
stefano.crapanzano@chu.ulg.ac.be,Outil WEB vue stock CLC/GLIMS - Mozilla Thunderbird,Helpdesk général,2021-06-07,14:35:22,00:00:22
stefano.crapanzano@chu.ulg.ac.be,Synthèse des stocks,Exploration SAP,2021-06-07,14:33:31,00:00:13
stefano.crapanzano@chu.ulg.ac.be,Synthèse des stocks,Exploration SAP,2021-06-07,14:34:21,00:00:06
stefano.crapanzano@chu.ulg.ac.be,Synthèse des stocks,Exploration SAP,2021-06-07,14:34:33,00:00:03
stefano.crapanzano@chu.ulg.ac.be,Synthèse des stocks,Exploration SAP,2021-06-07,14:36:37,00:00:03
stefano.crapanzano@chu.ulg.ac.be,Stocks article,Exploration SAP,2021-06-07,14:33:44,00:00:37
stefano.crapanzano@chu.ulg.ac.be,Stocks article,Exploration SAP,2021-06-07,14:34:27,00:00:06
stefano.crapanzano@chu.ulg.ac.be,Stocks article,Exploration SAP,2021-06-07,14:36:40,00:00:02
stefano.crapanzano@chu.ulg.ac.be,Netop Invité,Helpdesk général,2021-06-07,14:34:39,00:00:12
stefano.crapanzano@chu.ulg.ac.be,Netop Invité,Helpdesk général,2021-06-07,14:35:08,00:00:12
stefano.crapanzano@chu.ulg.ac.be,Netop Invité,Helpdesk général,2021-06-07,16:50:57,00:00:02
stefano.crapanzano@chu.ulg.ac.be,Connexion à l'aide de l'authentification Windows,Helpdesk général,2021-06-07,14:34:52,00:00:03
stefano.crapanzano@chu.ulg.ac.be,Connexion à l'aide de l'authentification Windows,Helpdesk général,2021-06-07,14:34:59,00:00:03
stefano.crapanzano@chu.ulg.ac.be,Connexion à l'aide de l'authentification Windows,Helpdesk général,2021-06-07,16:50:59,00:00:02
stefano.crapanzano@chu.ulg.ac.be,Mot de passe,Helpdesk général,2021-06-07,14:34:57,00:00:02
stefano.crapanzano@chu.ulg.ac.be,Accueil - Mozilla Thunderbird,Helpdesk général,2021-06-07,14:35:59,00:00:34
stefano.crapanzano@chu.ulg.ac.be,Accueil - Mozilla Thunderbird,Helpdesk général,2021-06-07,14:38:07,00:00:13
stefano.crapanzano@chu.ulg.ac.be,Accueil - Mozilla Thunderbird,Helpdesk général,2021-06-07,14:43:06,00:00:08
stefano.crapanzano@chu.ulg.ac.be,Accueil - Mozilla Thunderbird,Helpdesk général,2021-06-07,14:48:29,00:00:07
stefano.crapanzano@chu.ulg.ac.be,Afficher lot,Exploration SAP,2021-06-07,14:36:43,00:00:09
stefano.crapanzano@chu.ulg.ac.be,Afficher lot,Exploration SAP,2021-06-07,14:36:57,00:01:09
stefano.crapanzano@chu.ulg.ac.be,Afficher lot,Exploration SAP,2021-06-07,14:38:22,00:00:02
stefano.crapanzano@chu.ulg.ac.be,Afficher lot,Exploration SAP,2021-06-07,14:38:33,00:00:29
stefano.crapanzano@chu.ulg.ac.be,Afficher lot,Exploration SAP,2021-06-07,14:39:15,00:03:16
stefano.crapanzano@chu.ulg.ac.be,Afficher lot,Exploration SAP,2021-06-07,14:50:04,00:00:04
stefano.crapanzano@chu.ulg.ac.be,Afficher lot,Exploration SAP,2021-06-07,15:08:07,00:00:03
stefano.crapanzano@chu.ulg.ac.be,Afficher lot,Exploration SAP,2021-06-07,15:11:30,00:00:03
stefano.crapanzano@chu.ulg.ac.be,Afficher lot,Exploration SAP,2021-06-07,15:11:46,00:00:16
stefano.crapanzano@chu.ulg.ac.be,Afficher lot,Exploration SAP,2021-06-07,15:13:25,00:00:02
stefano.crapanzano@chu.ulg.ac.be,Afficher lot,Exploration SAP,2021-06-07,15:15:26,00:00:07
stefano.crapanzano@chu.ulg.ac.be,Afficher lot,Exploration SAP,2021-06-07,15:15:36,00:00:02
stefano.crapanzano@chu.ulg.ac.be,Afficher lot,Exploration SAP,2021-06-07,15:16:00,00:00:21
stefano.crapanzano@chu.ulg.ac.be,Afficher lot,Exploration SAP,2021-06-07,15:45:18,00:00:06
stefano.crapanzano@chu.ulg.ac.be,Afficher lot,Exploration SAP,2021-06-07,16:00:04,00:02:08
stefano.crapanzano@chu.ulg.ac.be,Afficher lot,Exploration SAP,2021-06-07,16:09:39,00:00:04
stefano.crapanzano@chu.ulg.ac.be,Afficher lot,Exploration SAP,2021-06-07,16:09:48,00:00:08
stefano.crapanzano@chu.ulg.ac.be,Afficher lot,Exploration SAP,2021-06-07,16:10:12,00:00:07
stefano.crapanzano@chu.ulg.ac.be,Afficher lot,Exploration SAP,2021-06-07,16:35:02,00:00:09
stefano.crapanzano@chu.ulg.ac.be,Afficher lot,Exploration SAP,2021-06-07,16:35:30,00:00:02
stefano.crapanzano@chu.ulg.ac.be,Afficher lot,Exploration SAP,2021-06-07,16:36:31,00:00:07
stefano.crapanzano@chu.ulg.ac.be,Afficher lot,Exploration SAP,2021-06-07,16:36:44,00:00:04
stefano.crapanzano@chu.ulg.ac.be,Afficher lot,Exploration SAP,2021-06-07,16:36:52,00:00:02
stefano.crapanzano@chu.ulg.ac.be,Afficher lot,Exploration SAP,2021-06-07,16:37:04,00:00:02
stefano.crapanzano@chu.ulg.ac.be,Afficher lot,Exploration SAP,2021-06-07,16:37:11,00:00:02
stefano.crapanzano@chu.ulg.ac.be,Afficher lot,Exploration SAP,2021-06-07,16:37:19,00:00:10
stefano.crapanzano@chu.ulg.ac.be,Afficher lot,Exploration SAP,2021-06-07,17:02:56,00:00:07
stefano.crapanzano@chu.ulg.ac.be,Afficher lot,Exploration SAP,2021-06-07,17:03:37,00:00:02
stefano.crapanzano@chu.ulg.ac.be,inventaire matériel SAI - Mozilla Thunderbird,Helpdesk général,2021-06-07,14:58:32,00:00:04
stefano.crapanzano@chu.ulg.ac.be,inventaire matériel SAI - Mozilla Thunderbird,Helpdesk général,2021-06-07,14:58:39,00:00:02
stefano.crapanzano@chu.ulg.ac.be,Agenda - Mozilla Thunderbird,Helpdesk général,2021-06-07,14:58:42,00:00:02
stefano.crapanzano@chu.ulg.ac.be,Présences au bureau la semaine prochaine - Mozilla Thunderbird,Helpdesk général,2021-06-07,14:58:45,00:00:02
stefano.crapanzano@chu.ulg.ac.be,GOAL: fichier de comparaison - Mozilla Thunderbird,Helpdesk général,2021-06-07,14:58:48,00:00:02
stefano.crapanzano@chu.ulg.ac.be,SDERP-18608 P203 CHU Commande 4000205977 ne contient rien dans le champs  notre référence  dans l'onglet communication - Mozilla Thunderbird,Helpdesk général,2021-06-07,14:58:53,00:00:22
stefano.crapanzano@chu.ulg.ac.be,SDERP-18608 P203 CHU Commande 4000205977 ne contient rien dans le champs  notre référence  dans l'onglet communication - Mozilla Thunderbird,Helpdesk général,2021-06-07,15:02:02,00:00:03
stefano.crapanzano@chu.ulg.ac.be,SDERP-18608 P203 CHU Commande 4000205977 ne contient rien dans le champs  notre référence  dans l'onglet communication - Mozilla Thunderbird,Helpdesk général,2021-06-07,15:21:39,00:00:02
stefano.crapanzano@chu.ulg.ac.be,Transfert licence SAP_MAZY-GODIN - Mozilla Thunderbird,Helpdesk général,2021-06-07,15:07:45,00:00:03
stefano.crapanzano@chu.ulg.ac.be,Transfert licence SAP_MAZY-GODIN - Mozilla Thunderbird,Helpdesk général,2021-06-07,15:07:59,00:00:06
stefano.crapanzano@chu.ulg.ac.be,Transfert licence SAP_MAZY-GODIN - Mozilla Thunderbird,Helpdesk général,2021-06-07,15:08:43,00:00:13
stefano.crapanzano@chu.ulg.ac.be,Transfert licence SAP_MAZY-GODIN - Mozilla Thunderbird,Helpdesk général,2021-06-07,15:09:06,00:00:06
stefano.crapanzano@chu.ulg.ac.be,Transfert licence SAP_MAZY-GODIN - Mozilla Thunderbird,Helpdesk général,2021-06-07,15:21:34,00:00:03
stefano.crapanzano@chu.ulg.ac.be,Gestion des utilisateurs : écran initial,Exploration SAP,2021-06-07,15:08:27,00:00:08
stefano.crapanzano@chu.ulg.ac.be,Gestion des utilisateurs : écran initial,Exploration SAP,2021-06-07,15:09:14,00:00:07
stefano.crapanzano@chu.ulg.ac.be,Afficher utilisateur,Exploration SAP,2021-06-07,15:08:35,00:00:07
stefano.crapanzano@chu.ulg.ac.be,Afficher utilisateur,Exploration SAP,2021-06-07,15:09:21,00:01:04
stefano.crapanzano@chu.ulg.ac.be,Afficher utilisateur,Exploration SAP,2021-06-07,15:11:23,00:00:04
stefano.crapanzano@chu.ulg.ac.be,Afficher utilisateur,Exploration SAP,2021-06-07,16:00:00,00:00:03
stefano.crapanzano@chu.ulg.ac.be,Gérer utilisateur,Exploration SAP,2021-06-07,15:08:59,00:00:07
stefano.crapanzano@chu.ulg.ac.be,Enregistrement et Playback,Exploration SAP,2021-06-07,15:11:37,00:00:02
stefano.crapanzano@chu.ulg.ac.be,Enregistrement et Playback,Exploration SAP,2021-06-07,15:12:03,00:00:06
stefano.crapanzano@chu.ulg.ac.be,Enregistrement et Playback,Exploration SAP,2021-06-07,15:12:24,00:00:02
stefano.crapanzano@chu.ulg.ac.be,Enregistrement et Playback,Exploration SAP,2021-06-07,16:36:57,00:00:02
stefano.crapanzano@chu.ulg.ac.be,Enregistrement et Playback,Exploration SAP,2021-06-07,16:37:47,00:00:02
stefano.crapanzano@chu.ulg.ac.be,Enregistrement et Playback,Exploration SAP,2021-06-07,16:38:18,00:00:05
stefano.crapanzano@chu.ulg.ac.be,C:\Users\c158492\AppData\Roaming\SAP\SAP GUI\Scripts\Script3.vbs - Notepad++ [Administrator],IT,2021-06-07,15:12:20,00:00:03
stefano.crapanzano@chu.ulg.ac.be,C:\Users\c158492\AppData\Roaming\SAP\SAP GUI\Scripts\Script3.vbs - Notepad++ [Administrator],IT,2021-06-07,15:12:26,00:00:09
stefano.crapanzano@chu.ulg.ac.be,C:\Users\c158492\AppData\Roaming\SAP\SAP GUI\Scripts\Script3.vbs - Notepad++ [Administrator],IT,2021-06-07,16:36:40,00:00:02
stefano.crapanzano@chu.ulg.ac.be,C:\Users\c158492\AppData\Roaming\SAP\SAP GUI\Scripts\Script3.vbs - Notepad++ [Administrator],IT,2021-06-07,16:37:34,00:00:05
stefano.crapanzano@chu.ulg.ac.be,Numéro de lot (2),Exploration SAP,2021-06-07,15:15:41,00:00:02
stefano.crapanzano@chu.ulg.ac.be,Numéro de lot (2)    1 Entrée trouvée,Exploration SAP,2021-06-07,15:15:34,00:00:02
stefano.crapanzano@chu.ulg.ac.be,Créer lot,Exploration SAP,2021-06-07,15:15:39,00:00:02
stefano.crapanzano@chu.ulg.ac.be,Créer lot,Exploration SAP,2021-06-07,15:15:45,00:00:15
stefano.crapanzano@chu.ulg.ac.be,Ouverture -Excel,Tâches diverses,2021-06-07,15:43:56,00:00:06
stefano.crapanzano@chu.ulg.ac.be,Harpège Download_tables_SaaS_SAP_V13.xlsx - Excel,Tâches diverses,2021-06-07,15:45:35,00:00:04
stefano.crapanzano@chu.ulg.ac.be,Rechercher et remplacer,Tâches diverses,2021-06-07,15:44:04,00:00:13
stefano.crapanzano@chu.ulg.ac.be,Rechercher et remplacer,Tâches diverses,2021-06-07,15:44:20,00:00:56
stefano.crapanzano@chu.ulg.ac.be,Microsoft Excel,Tâches diverses,2021-06-07,15:44:18,00:00:02
stefano.crapanzano@chu.ulg.ac.be,Performance Assistant,Exploration SAP,2021-06-07,15:46:17,00:00:08
stefano.crapanzano@chu.ulg.ac.be,Performance Assistant,Exploration SAP,2021-06-07,16:06:06,00:00:04
stefano.crapanzano@chu.ulg.ac.be,Performance Assistant,Exploration SAP,2021-06-07,16:06:12,00:00:04
stefano.crapanzano@chu.ulg.ac.be,Performance Assistant,Exploration SAP,2021-06-07,16:06:25,00:00:02
stefano.crapanzano@chu.ulg.ac.be,Information technique,Exploration SAP,2021-06-07,15:45:25,00:00:04
stefano.crapanzano@chu.ulg.ac.be,Information technique,Exploration SAP,2021-06-07,15:46:26,00:00:04
stefano.crapanzano@chu.ulg.ac.be,Information technique,Exploration SAP,2021-06-07,15:59:55,00:00:02
stefano.crapanzano@chu.ulg.ac.be,Information technique,Exploration SAP,2021-06-07,16:06:27,00:00:06
stefano.crapanzano@chu.ulg.ac.be,Activer,Tâches diverses,2021-06-07,15:45:40,00:00:33
stefano.crapanzano@chu.ulg.ac.be,Définir critères de filtrage,Exploration SAP,2021-06-07,16:08:57,00:00:02
stefano.crapanzano@chu.ulg.ac.be,Greenshot capture form,Helpdesk général,2021-06-07,16:09:57,00:00:06
stefano.crapanzano@chu.ulg.ac.be,Greenshot Éditeur d'Image,Helpdesk général,2021-06-07,16:10:20,00:01:07
stefano.crapanzano@chu.ulg.ac.be,Nouvel onglet - Google Chrome,Tâches diverses,2021-06-07,16:13:34,00:00:02
stefano.crapanzano@chu.ulg.ac.be,Nouvel onglet - Google Chrome,Tâches diverses,2021-06-07,16:50:42,00:00:06
stefano.crapanzano@chu.ulg.ac.be,traduction - Recherche Google - Google Chrome,Tâches diverses,2021-06-07,16:13:36,00:00:17
stefano.crapanzano@chu.ulg.ac.be,traduction - Recherche Google - Google Chrome,Tâches diverses,2021-06-07,16:50:40,00:00:02
stefano.crapanzano@chu.ulg.ac.be,*new 4 - Notepad++ [Administrator],IT,2021-06-07,16:37:07,00:00:03
stefano.crapanzano@chu.ulg.ac.be,*new 4 - Notepad++ [Administrator],IT,2021-06-07,16:37:13,00:00:04
stefano.crapanzano@chu.ulg.ac.be,Helpdesk ATI - Db Hardware Prod - Google Chrome,Tâches diverses,2021-06-07,16:50:48,00:00:02
stefano.crapanzano@chu.ulg.ac.be,Helpdesk ATI - Db Hardware Prod - Google Chrome,Tâches diverses,2021-06-07,16:50:52,00:00:04
stefano.crapanzano@chu.ulg.ac.be,dmi-w-0742 - Netop Remote Control,Helpdesk général,2021-06-07,16:51:03,00:00:14
stefano.crapanzano@chu.ulg.ac.be,dmi-w-0742 - Netop Remote Control,Helpdesk général,2021-06-07,16:51:19,00:04:20
