Email,Description,Project,Start date,Start time,Duration
stefano.crapanzano@chu.ulg.ac.be,Administrateur : Perl (command line) - python  main.py,IT,2021-06-10,08:28:05,00:00:02
stefano.crapanzano@chu.ulg.ac.be,Programmation,IT,2021-06-10,08:28:12,00:00:02
stefano.crapanzano@chu.ulg.ac.be,Programmation,IT,2021-06-10,08:31:58,00:00:02
stefano.crapanzano@chu.ulg.ac.be,Programmation,IT,2021-06-10,16:43:42,00:00:16
stefano.crapanzano@chu.ulg.ac.be,Programmation,IT,2021-06-10,16:46:30,00:00:47
stefano.crapanzano@chu.ulg.ac.be,Programmation,IT,2021-06-10,16:47:24,00:00:56
stefano.crapanzano@chu.ulg.ac.be,Programmation,IT,2021-06-10,16:56:37,00:00:07
stefano.crapanzano@chu.ulg.ac.be,Navigation système de fichier,IT,2021-06-10,08:32:34,00:00:05
stefano.crapanzano@chu.ulg.ac.be,Navigation système de fichier,IT,2021-06-10,08:32:52,00:00:02
stefano.crapanzano@chu.ulg.ac.be,Navigation système de fichier,IT,2021-06-10,08:35:39,00:00:02
stefano.crapanzano@chu.ulg.ac.be,Navigation système de fichier,IT,2021-06-10,08:36:35,00:00:02
stefano.crapanzano@chu.ulg.ac.be,Navigation système de fichier,IT,2021-06-10,11:23:00,00:00:02
stefano.crapanzano@chu.ulg.ac.be,Navigation système de fichier,IT,2021-06-10,11:25:18,00:00:02
stefano.crapanzano@chu.ulg.ac.be,Navigation système de fichier,IT,2021-06-10,11:37:41,00:00:02
stefano.crapanzano@chu.ulg.ac.be,Navigation système de fichier,IT,2021-06-10,11:59:07,00:02:03
stefano.crapanzano@chu.ulg.ac.be,Navigation système de fichier,IT,2021-06-10,12:23:24,00:00:02
stefano.crapanzano@chu.ulg.ac.be,Navigation système de fichier,IT,2021-06-10,12:26:48,00:00:02
stefano.crapanzano@chu.ulg.ac.be,Navigation système de fichier,IT,2021-06-10,12:27:22,00:00:03
stefano.crapanzano@chu.ulg.ac.be,Navigation système de fichier,IT,2021-06-10,15:19:02,00:00:08
stefano.crapanzano@chu.ulg.ac.be,Navigation système de fichier,IT,2021-06-10,15:19:13,00:00:11
stefano.crapanzano@chu.ulg.ac.be,Navigation système de fichier,IT,2021-06-10,15:54:29,00:00:17
stefano.crapanzano@chu.ulg.ac.be,Navigation système de fichier,IT,2021-06-10,15:55:31,00:00:06
stefano.crapanzano@chu.ulg.ac.be,Navigation système de fichier,IT,2021-06-10,15:55:54,00:00:13
stefano.crapanzano@chu.ulg.ac.be,Navigation système de fichier,IT,2021-06-10,15:56:11,00:00:04
stefano.crapanzano@chu.ulg.ac.be,Navigation système de fichier,IT,2021-06-10,15:56:45,00:02:07
stefano.crapanzano@chu.ulg.ac.be,Navigation système de fichier,IT,2021-06-10,15:59:39,00:00:02
stefano.crapanzano@chu.ulg.ac.be,Navigation système de fichier,IT,2021-06-10,15:59:46,00:00:02
stefano.crapanzano@chu.ulg.ac.be,Navigation système de fichier,IT,2021-06-10,16:00:51,00:00:02
stefano.crapanzano@chu.ulg.ac.be,Navigation système de fichier,IT,2021-06-10,16:03:13,00:00:03
stefano.crapanzano@chu.ulg.ac.be,Navigation système de fichier,IT,2021-06-10,16:03:56,00:00:03
stefano.crapanzano@chu.ulg.ac.be,Navigation système de fichier,IT,2021-06-10,16:04:30,00:00:03
stefano.crapanzano@chu.ulg.ac.be,Navigation système de fichier,IT,2021-06-10,16:05:23,00:00:03
stefano.crapanzano@chu.ulg.ac.be,Navigation système de fichier,IT,2021-06-10,16:08:26,00:00:05
stefano.crapanzano@chu.ulg.ac.be,Navigation système de fichier,IT,2021-06-10,16:13:38,00:00:02
stefano.crapanzano@chu.ulg.ac.be,Navigation système de fichier,IT,2021-06-10,16:14:43,00:00:12
stefano.crapanzano@chu.ulg.ac.be,Navigation système de fichier,IT,2021-06-10,16:15:42,00:00:02
stefano.crapanzano@chu.ulg.ac.be,Navigation système de fichier,IT,2021-06-10,16:16:14,00:00:02
stefano.crapanzano@chu.ulg.ac.be,Navigation système de fichier,IT,2021-06-10,16:16:18,00:00:04
stefano.crapanzano@chu.ulg.ac.be,Navigation système de fichier,IT,2021-06-10,16:17:51,00:00:02
stefano.crapanzano@chu.ulg.ac.be,Navigation système de fichier,IT,2021-06-10,16:18:34,00:00:10
stefano.crapanzano@chu.ulg.ac.be,Navigation système de fichier,IT,2021-06-10,16:19:31,00:00:03
stefano.crapanzano@chu.ulg.ac.be,Navigation système de fichier,IT,2021-06-10,16:20:05,00:00:02
stefano.crapanzano@chu.ulg.ac.be,Navigation système de fichier,IT,2021-06-10,16:20:51,00:00:02
stefano.crapanzano@chu.ulg.ac.be,Navigation système de fichier,IT,2021-06-10,16:21:16,00:00:02
stefano.crapanzano@chu.ulg.ac.be,Navigation système de fichier,IT,2021-06-10,16:22:59,00:00:02
stefano.crapanzano@chu.ulg.ac.be,Navigation système de fichier,IT,2021-06-10,16:25:44,00:00:02
stefano.crapanzano@chu.ulg.ac.be,Navigation système de fichier,IT,2021-06-10,16:26:26,00:00:04
stefano.crapanzano@chu.ulg.ac.be,Navigation système de fichier,IT,2021-06-10,16:26:41,00:00:03
stefano.crapanzano@chu.ulg.ac.be,Navigation système de fichier,IT,2021-06-10,16:26:58,00:00:02
stefano.crapanzano@chu.ulg.ac.be,Navigation système de fichier,IT,2021-06-10,16:32:02,00:00:02
stefano.crapanzano@chu.ulg.ac.be,Navigation système de fichier,IT,2021-06-10,16:32:11,00:00:02
stefano.crapanzano@chu.ulg.ac.be,Navigation système de fichier,IT,2021-06-10,16:32:32,00:00:02
stefano.crapanzano@chu.ulg.ac.be,Navigation système de fichier,IT,2021-06-10,16:32:40,00:00:03
stefano.crapanzano@chu.ulg.ac.be,Navigation système de fichier,IT,2021-06-10,16:33:01,00:00:03
stefano.crapanzano@chu.ulg.ac.be,Navigation système de fichier,IT,2021-06-10,16:33:20,00:00:02
stefano.crapanzano@chu.ulg.ac.be,Navigation système de fichier,IT,2021-06-10,16:34:25,00:00:02
stefano.crapanzano@chu.ulg.ac.be,Navigation système de fichier,IT,2021-06-10,16:34:50,00:00:02
stefano.crapanzano@chu.ulg.ac.be,Navigation système de fichier,IT,2021-06-10,16:35:31,00:00:02
stefano.crapanzano@chu.ulg.ac.be,Navigation système de fichier,IT,2021-06-10,16:42:07,00:00:02
stefano.crapanzano@chu.ulg.ac.be,Navigation système de fichier,IT,2021-06-10,16:43:32,00:00:06
stefano.crapanzano@chu.ulg.ac.be,Navigation système de fichier,IT,2021-06-10,16:43:59,00:00:03
stefano.crapanzano@chu.ulg.ac.be,Navigation système de fichier,IT,2021-06-10,16:44:16,00:00:10
stefano.crapanzano@chu.ulg.ac.be,Navigation système de fichier,IT,2021-06-10,16:44:44,00:00:02
stefano.crapanzano@chu.ulg.ac.be,Navigation système de fichier,IT,2021-06-10,16:47:18,00:00:03
stefano.crapanzano@chu.ulg.ac.be,Navigation système de fichier,IT,2021-06-10,17:00:30,00:00:02
stefano.crapanzano@chu.ulg.ac.be,Courrier entrant - stefano.crapanzano@chuliege.be - Mozilla Thunderbird,Helpdesk général,2021-06-10,08:28:15,00:00:02
stefano.crapanzano@chu.ulg.ac.be,Courrier entrant - stefano.crapanzano@chuliege.be - Mozilla Thunderbird,Helpdesk général,2021-06-10,08:29:17,00:00:03
stefano.crapanzano@chu.ulg.ac.be,Courrier entrant - stefano.crapanzano@chuliege.be - Mozilla Thunderbird,Helpdesk général,2021-06-10,08:29:45,00:00:02
stefano.crapanzano@chu.ulg.ac.be,Courrier entrant - stefano.crapanzano@chuliege.be - Mozilla Thunderbird,Helpdesk général,2021-06-10,08:30:16,00:00:54
stefano.crapanzano@chu.ulg.ac.be,Courrier entrant - stefano.crapanzano@chuliege.be - Mozilla Thunderbird,Helpdesk général,2021-06-10,08:31:30,00:00:02
stefano.crapanzano@chu.ulg.ac.be,Courrier entrant - stefano.crapanzano@chuliege.be - Mozilla Thunderbird,Helpdesk général,2021-06-10,08:35:51,00:00:29
stefano.crapanzano@chu.ulg.ac.be,Courrier entrant - stefano.crapanzano@chuliege.be - Mozilla Thunderbird,Helpdesk général,2021-06-10,08:38:07,00:00:02
stefano.crapanzano@chu.ulg.ac.be,Courrier entrant - stefano.crapanzano@chuliege.be - Mozilla Thunderbird,Helpdesk général,2021-06-10,08:39:26,00:00:02
stefano.crapanzano@chu.ulg.ac.be,Courrier entrant - stefano.crapanzano@chuliege.be - Mozilla Thunderbird,Helpdesk général,2021-06-10,08:52:20,00:00:04
stefano.crapanzano@chu.ulg.ac.be,Courrier entrant - stefano.crapanzano@chuliege.be - Mozilla Thunderbird,Helpdesk général,2021-06-10,08:52:59,00:00:34
stefano.crapanzano@chu.ulg.ac.be,Courrier entrant - stefano.crapanzano@chuliege.be - Mozilla Thunderbird,Helpdesk général,2021-06-10,08:53:54,00:01:06
stefano.crapanzano@chu.ulg.ac.be,Courrier entrant - stefano.crapanzano@chuliege.be - Mozilla Thunderbird,Helpdesk général,2021-06-10,08:57:08,00:00:49
stefano.crapanzano@chu.ulg.ac.be,Courrier entrant - stefano.crapanzano@chuliege.be - Mozilla Thunderbird,Helpdesk général,2021-06-10,08:59:07,00:00:02
stefano.crapanzano@chu.ulg.ac.be,Courrier entrant - stefano.crapanzano@chuliege.be - Mozilla Thunderbird,Helpdesk général,2021-06-10,08:59:14,00:00:06
stefano.crapanzano@chu.ulg.ac.be,Courrier entrant - stefano.crapanzano@chuliege.be - Mozilla Thunderbird,Helpdesk général,2021-06-10,11:25:22,00:00:03
stefano.crapanzano@chu.ulg.ac.be,Courrier entrant - stefano.crapanzano@chuliege.be - Mozilla Thunderbird,Helpdesk général,2021-06-10,11:34:36,00:00:02
stefano.crapanzano@chu.ulg.ac.be,Courrier entrant - stefano.crapanzano@chuliege.be - Mozilla Thunderbird,Helpdesk général,2021-06-10,11:36:09,00:00:02
stefano.crapanzano@chu.ulg.ac.be,Courrier entrant - stefano.crapanzano@chuliege.be - Mozilla Thunderbird,Helpdesk général,2021-06-10,11:45:40,00:00:02
stefano.crapanzano@chu.ulg.ac.be,Courrier entrant - stefano.crapanzano@chuliege.be - Mozilla Thunderbird,Helpdesk général,2021-06-10,11:48:55,00:00:02
stefano.crapanzano@chu.ulg.ac.be,Courrier entrant - stefano.crapanzano@chuliege.be - Mozilla Thunderbird,Helpdesk général,2021-06-10,12:01:11,00:00:29
stefano.crapanzano@chu.ulg.ac.be,Courrier entrant - stefano.crapanzano@chuliege.be - Mozilla Thunderbird,Helpdesk général,2021-06-10,12:02:06,00:00:03
stefano.crapanzano@chu.ulg.ac.be,Courrier entrant - stefano.crapanzano@chuliege.be - Mozilla Thunderbird,Helpdesk général,2021-06-10,12:25:01,00:00:13
stefano.crapanzano@chu.ulg.ac.be,Courrier entrant - stefano.crapanzano@chuliege.be - Mozilla Thunderbird,Helpdesk général,2021-06-10,12:26:43,00:00:03
stefano.crapanzano@chu.ulg.ac.be,Courrier entrant - stefano.crapanzano@chuliege.be - Mozilla Thunderbird,Helpdesk général,2021-06-10,15:23:44,00:04:14
stefano.crapanzano@chu.ulg.ac.be,Courrier entrant - stefano.crapanzano@chuliege.be - Mozilla Thunderbird,Helpdesk général,2021-06-10,15:28:16,00:00:02
stefano.crapanzano@chu.ulg.ac.be,Courrier entrant - stefano.crapanzano@chuliege.be - Mozilla Thunderbird,Helpdesk général,2021-06-10,15:59:32,00:00:03
stefano.crapanzano@chu.ulg.ac.be,Courrier entrant - stefano.crapanzano@chuliege.be - Mozilla Thunderbird,Helpdesk général,2021-06-10,16:01:21,00:00:02
stefano.crapanzano@chu.ulg.ac.be,Courrier entrant - stefano.crapanzano@chuliege.be - Mozilla Thunderbird,Helpdesk général,2021-06-10,16:01:25,00:00:35
stefano.crapanzano@chu.ulg.ac.be,Courrier entrant - stefano.crapanzano@chuliege.be - Mozilla Thunderbird,Helpdesk général,2021-06-10,16:02:57,00:00:02
stefano.crapanzano@chu.ulg.ac.be,Courrier entrant - stefano.crapanzano@chuliege.be - Mozilla Thunderbird,Helpdesk général,2021-06-10,16:08:17,00:00:09
stefano.crapanzano@chu.ulg.ac.be,Courrier entrant - stefano.crapanzano@chuliege.be - Mozilla Thunderbird,Helpdesk général,2021-06-10,16:08:32,00:00:36
stefano.crapanzano@chu.ulg.ac.be,Courrier entrant - stefano.crapanzano@chuliege.be - Mozilla Thunderbird,Helpdesk général,2021-06-10,16:10:06,00:00:03
stefano.crapanzano@chu.ulg.ac.be,Courrier entrant - stefano.crapanzano@chuliege.be - Mozilla Thunderbird,Helpdesk général,2021-06-10,16:25:14,00:00:03
stefano.crapanzano@chu.ulg.ac.be,Courrier entrant - stefano.crapanzano@chuliege.be - Mozilla Thunderbird,Helpdesk général,2021-06-10,16:26:32,00:00:03
stefano.crapanzano@chu.ulg.ac.be,Courrier entrant - stefano.crapanzano@chuliege.be - Mozilla Thunderbird,Helpdesk général,2021-06-10,16:31:38,00:00:14
stefano.crapanzano@chu.ulg.ac.be,Courrier entrant - stefano.crapanzano@chuliege.be - Mozilla Thunderbird,Helpdesk général,2021-06-10,16:32:13,00:00:03
stefano.crapanzano@chu.ulg.ac.be,Courrier entrant - stefano.crapanzano@chuliege.be - Mozilla Thunderbird,Helpdesk général,2021-06-10,16:43:13,00:00:19
stefano.crapanzano@chu.ulg.ac.be,Courrier entrant - stefano.crapanzano@chuliege.be - Mozilla Thunderbird,Helpdesk général,2021-06-10,16:44:12,00:00:04
stefano.crapanzano@chu.ulg.ac.be,Courrier entrant - stefano.crapanzano@chuliege.be - Mozilla Thunderbird,Helpdesk général,2021-06-10,16:55:26,00:00:02
stefano.crapanzano@chu.ulg.ac.be,Courrier entrant - stefano.crapanzano@chuliege.be - Mozilla Thunderbird,Helpdesk général,2021-06-10,16:57:52,00:00:07
stefano.crapanzano@chu.ulg.ac.be,Courrier entrant - erp.sai@chuliege.be - Mozilla Thunderbird,Helpdesk général,2021-06-10,08:28:17,00:00:43
stefano.crapanzano@chu.ulg.ac.be,Courrier entrant - erp.sai@chuliege.be - Mozilla Thunderbird,Helpdesk général,2021-06-10,08:29:04,00:00:13
stefano.crapanzano@chu.ulg.ac.be,Courrier entrant - erp.sai@chuliege.be - Mozilla Thunderbird,Helpdesk général,2021-06-10,08:29:47,00:00:28
stefano.crapanzano@chu.ulg.ac.be,Courrier entrant - erp.sai@chuliege.be - Mozilla Thunderbird,Helpdesk général,2021-06-10,08:36:20,00:00:14
stefano.crapanzano@chu.ulg.ac.be,Courrier entrant - erp.sai@chuliege.be - Mozilla Thunderbird,Helpdesk général,2021-06-10,08:38:05,00:00:02
stefano.crapanzano@chu.ulg.ac.be,Courrier entrant - erp.sai@chuliege.be - Mozilla Thunderbird,Helpdesk général,2021-06-10,08:38:09,00:01:16
stefano.crapanzano@chu.ulg.ac.be,Courrier entrant - erp.sai@chuliege.be - Mozilla Thunderbird,Helpdesk général,2021-06-10,08:39:29,00:12:50
stefano.crapanzano@chu.ulg.ac.be,Courrier entrant - erp.sai@chuliege.be - Mozilla Thunderbird,Helpdesk général,2021-06-10,08:55:00,00:01:05
stefano.crapanzano@chu.ulg.ac.be,Courrier entrant - erp.sai@chuliege.be - Mozilla Thunderbird,Helpdesk général,2021-06-10,08:56:06,00:00:49
stefano.crapanzano@chu.ulg.ac.be,Courrier entrant - erp.sai@chuliege.be - Mozilla Thunderbird,Helpdesk général,2021-06-10,08:57:05,00:00:02
stefano.crapanzano@chu.ulg.ac.be,Courrier entrant - erp.sai@chuliege.be - Mozilla Thunderbird,Helpdesk général,2021-06-10,08:59:09,00:00:04
stefano.crapanzano@chu.ulg.ac.be,Courrier entrant - erp.sai@chuliege.be - Mozilla Thunderbird,Helpdesk général,2021-06-10,09:00:26,00:00:06
stefano.crapanzano@chu.ulg.ac.be,Courrier entrant - erp.sai@chuliege.be - Mozilla Thunderbird,Helpdesk général,2021-06-10,09:10:11,00:00:02
stefano.crapanzano@chu.ulg.ac.be,Courrier entrant - erp.sai@chuliege.be - Mozilla Thunderbird,Helpdesk général,2021-06-10,09:11:55,00:00:04
stefano.crapanzano@chu.ulg.ac.be,Courrier entrant - erp.sai@chuliege.be - Mozilla Thunderbird,Helpdesk général,2021-06-10,09:12:05,00:39:33
stefano.crapanzano@chu.ulg.ac.be,Courrier entrant - erp.sai@chuliege.be - Mozilla Thunderbird,Helpdesk général,2021-06-10,11:25:25,00:00:13
stefano.crapanzano@chu.ulg.ac.be,Courrier entrant - erp.sai@chuliege.be - Mozilla Thunderbird,Helpdesk général,2021-06-10,11:26:15,00:00:07
stefano.crapanzano@chu.ulg.ac.be,Courrier entrant - erp.sai@chuliege.be - Mozilla Thunderbird,Helpdesk général,2021-06-10,11:34:13,00:00:22
stefano.crapanzano@chu.ulg.ac.be,Courrier entrant - erp.sai@chuliege.be - Mozilla Thunderbird,Helpdesk général,2021-06-10,11:34:39,00:00:21
stefano.crapanzano@chu.ulg.ac.be,Courrier entrant - erp.sai@chuliege.be - Mozilla Thunderbird,Helpdesk général,2021-06-10,11:35:01,00:00:32
stefano.crapanzano@chu.ulg.ac.be,Courrier entrant - erp.sai@chuliege.be - Mozilla Thunderbird,Helpdesk général,2021-06-10,11:35:59,00:00:09
stefano.crapanzano@chu.ulg.ac.be,Courrier entrant - erp.sai@chuliege.be - Mozilla Thunderbird,Helpdesk général,2021-06-10,11:36:11,00:01:27
stefano.crapanzano@chu.ulg.ac.be,Courrier entrant - erp.sai@chuliege.be - Mozilla Thunderbird,Helpdesk général,2021-06-10,11:37:58,00:00:04
stefano.crapanzano@chu.ulg.ac.be,Courrier entrant - erp.sai@chuliege.be - Mozilla Thunderbird,Helpdesk général,2021-06-10,11:40:10,00:01:09
stefano.crapanzano@chu.ulg.ac.be,Courrier entrant - erp.sai@chuliege.be - Mozilla Thunderbird,Helpdesk général,2021-06-10,11:41:38,00:00:04
stefano.crapanzano@chu.ulg.ac.be,Courrier entrant - erp.sai@chuliege.be - Mozilla Thunderbird,Helpdesk général,2021-06-10,11:41:48,00:01:48
stefano.crapanzano@chu.ulg.ac.be,Courrier entrant - erp.sai@chuliege.be - Mozilla Thunderbird,Helpdesk général,2021-06-10,11:43:37,00:00:07
stefano.crapanzano@chu.ulg.ac.be,Courrier entrant - erp.sai@chuliege.be - Mozilla Thunderbird,Helpdesk général,2021-06-10,11:43:48,00:01:28
stefano.crapanzano@chu.ulg.ac.be,Courrier entrant - erp.sai@chuliege.be - Mozilla Thunderbird,Helpdesk général,2021-06-10,11:45:24,00:00:15
stefano.crapanzano@chu.ulg.ac.be,Courrier entrant - erp.sai@chuliege.be - Mozilla Thunderbird,Helpdesk général,2021-06-10,11:45:42,00:00:03
stefano.crapanzano@chu.ulg.ac.be,Courrier entrant - erp.sai@chuliege.be - Mozilla Thunderbird,Helpdesk général,2021-06-10,11:45:50,00:00:44
stefano.crapanzano@chu.ulg.ac.be,Courrier entrant - erp.sai@chuliege.be - Mozilla Thunderbird,Helpdesk général,2021-06-10,11:46:59,00:00:04
stefano.crapanzano@chu.ulg.ac.be,Courrier entrant - erp.sai@chuliege.be - Mozilla Thunderbird,Helpdesk général,2021-06-10,11:47:11,00:00:08
stefano.crapanzano@chu.ulg.ac.be,Courrier entrant - erp.sai@chuliege.be - Mozilla Thunderbird,Helpdesk général,2021-06-10,11:48:53,00:00:02
stefano.crapanzano@chu.ulg.ac.be,Courrier entrant - erp.sai@chuliege.be - Mozilla Thunderbird,Helpdesk général,2021-06-10,11:48:58,00:07:25
stefano.crapanzano@chu.ulg.ac.be,Courrier entrant - erp.sai@chuliege.be - Mozilla Thunderbird,Helpdesk général,2021-06-10,11:56:24,00:00:03
stefano.crapanzano@chu.ulg.ac.be,Courrier entrant - erp.sai@chuliege.be - Mozilla Thunderbird,Helpdesk général,2021-06-10,12:02:09,00:21:14
stefano.crapanzano@chu.ulg.ac.be,Courrier entrant - erp.sai@chuliege.be - Mozilla Thunderbird,Helpdesk général,2021-06-10,12:23:28,00:00:08
stefano.crapanzano@chu.ulg.ac.be,Courrier entrant - erp.sai@chuliege.be - Mozilla Thunderbird,Helpdesk général,2021-06-10,12:24:07,00:00:07
stefano.crapanzano@chu.ulg.ac.be,Courrier entrant - erp.sai@chuliege.be - Mozilla Thunderbird,Helpdesk général,2021-06-10,12:24:56,00:00:02
stefano.crapanzano@chu.ulg.ac.be,Courrier entrant - erp.sai@chuliege.be - Mozilla Thunderbird,Helpdesk général,2021-06-10,12:25:14,00:00:04
stefano.crapanzano@chu.ulg.ac.be,Courrier entrant - erp.sai@chuliege.be - Mozilla Thunderbird,Helpdesk général,2021-06-10,12:25:32,00:00:19
stefano.crapanzano@chu.ulg.ac.be,Courrier entrant - erp.sai@chuliege.be - Mozilla Thunderbird,Helpdesk général,2021-06-10,12:26:07,00:00:02
stefano.crapanzano@chu.ulg.ac.be,Courrier entrant - erp.sai@chuliege.be - Mozilla Thunderbird,Helpdesk général,2021-06-10,15:23:41,00:00:02
stefano.crapanzano@chu.ulg.ac.be,Courrier entrant - erp.sai@chuliege.be - Mozilla Thunderbird,Helpdesk général,2021-06-10,15:28:19,00:00:04
stefano.crapanzano@chu.ulg.ac.be,Courrier entrant - erp.sai@chuliege.be - Mozilla Thunderbird,Helpdesk général,2021-06-10,15:28:29,00:00:39
stefano.crapanzano@chu.ulg.ac.be,Courrier entrant - erp.sai@chuliege.be - Mozilla Thunderbird,Helpdesk général,2021-06-10,15:54:15,00:00:09
stefano.crapanzano@chu.ulg.ac.be,Courrier entrant - erp.sai@chuliege.be - Mozilla Thunderbird,Helpdesk général,2021-06-10,15:59:01,00:00:31
stefano.crapanzano@chu.ulg.ac.be,Courrier entrant - erp.sai@chuliege.be - Mozilla Thunderbird,Helpdesk général,2021-06-10,15:59:48,00:00:04
stefano.crapanzano@chu.ulg.ac.be,Courrier entrant - erp.sai@chuliege.be - Mozilla Thunderbird,Helpdesk général,2021-06-10,16:00:39,00:00:04
stefano.crapanzano@chu.ulg.ac.be,Courrier entrant - erp.sai@chuliege.be - Mozilla Thunderbird,Helpdesk général,2021-06-10,16:00:47,00:00:03
stefano.crapanzano@chu.ulg.ac.be,Courrier entrant - erp.sai@chuliege.be - Mozilla Thunderbird,Helpdesk général,2021-06-10,16:01:23,00:00:02
stefano.crapanzano@chu.ulg.ac.be,Courrier entrant - erp.sai@chuliege.be - Mozilla Thunderbird,Helpdesk général,2021-06-10,16:02:59,00:00:04
stefano.crapanzano@chu.ulg.ac.be,Courrier entrant - erp.sai@chuliege.be - Mozilla Thunderbird,Helpdesk général,2021-06-10,16:03:27,00:00:02
stefano.crapanzano@chu.ulg.ac.be,Courrier entrant - erp.sai@chuliege.be - Mozilla Thunderbird,Helpdesk général,2021-06-10,16:07:21,00:00:08
stefano.crapanzano@chu.ulg.ac.be,Courrier entrant - erp.sai@chuliege.be - Mozilla Thunderbird,Helpdesk général,2021-06-10,16:07:38,00:00:38
stefano.crapanzano@chu.ulg.ac.be,Courrier entrant - erp.sai@chuliege.be - Mozilla Thunderbird,Helpdesk général,2021-06-10,16:10:10,00:00:43
stefano.crapanzano@chu.ulg.ac.be,Courrier entrant - erp.sai@chuliege.be - Mozilla Thunderbird,Helpdesk général,2021-06-10,16:13:45,00:00:57
stefano.crapanzano@chu.ulg.ac.be,Courrier entrant - erp.sai@chuliege.be - Mozilla Thunderbird,Helpdesk général,2021-06-10,16:16:16,00:00:02
stefano.crapanzano@chu.ulg.ac.be,Courrier entrant - erp.sai@chuliege.be - Mozilla Thunderbird,Helpdesk général,2021-06-10,16:16:44,00:00:03
stefano.crapanzano@chu.ulg.ac.be,Courrier entrant - erp.sai@chuliege.be - Mozilla Thunderbird,Helpdesk général,2021-06-10,16:26:36,00:00:05
stefano.crapanzano@chu.ulg.ac.be,Courrier entrant - erp.sai@chuliege.be - Mozilla Thunderbird,Helpdesk général,2021-06-10,16:30:32,00:00:07
stefano.crapanzano@chu.ulg.ac.be,Courrier entrant - erp.sai@chuliege.be - Mozilla Thunderbird,Helpdesk général,2021-06-10,16:31:00,00:00:15
stefano.crapanzano@chu.ulg.ac.be,Courrier entrant - erp.sai@chuliege.be - Mozilla Thunderbird,Helpdesk général,2021-06-10,16:31:22,00:00:16
stefano.crapanzano@chu.ulg.ac.be,Courrier entrant - erp.sai@chuliege.be - Mozilla Thunderbird,Helpdesk général,2021-06-10,16:32:16,00:00:15
stefano.crapanzano@chu.ulg.ac.be,Courrier entrant - erp.sai@chuliege.be - Mozilla Thunderbird,Helpdesk général,2021-06-10,16:33:22,00:00:02
stefano.crapanzano@chu.ulg.ac.be,Courrier entrant - erp.sai@chuliege.be - Mozilla Thunderbird,Helpdesk général,2021-06-10,16:42:10,00:01:02
stefano.crapanzano@chu.ulg.ac.be,Courrier entrant - erp.sai@chuliege.be - Mozilla Thunderbird,Helpdesk général,2021-06-10,16:58:00,00:00:49
stefano.crapanzano@chu.ulg.ac.be,Courrier entrant - erp.sai@chuliege.be - Mozilla Thunderbird,Helpdesk général,2021-06-10,16:59:13,00:01:16
stefano.crapanzano@chu.ulg.ac.be,Courrier entrant - erp.sai@chuliege.be - Mozilla Thunderbird,Helpdesk général,2021-06-10,17:00:54,00:00:46
stefano.crapanzano@chu.ulg.ac.be,TR: Validation des données: CHU et CHR,Helpdesk général,2021-06-10,08:29:01,00:00:03
stefano.crapanzano@chu.ulg.ac.be,TR: Validation des données: CHU et CHR,Helpdesk général,2021-06-10,09:51:38,00:06:50
stefano.crapanzano@chu.ulg.ac.be,TR: Validation des données: CHU et CHR,Helpdesk général,2021-06-10,09:58:38,01:24:18
stefano.crapanzano@chu.ulg.ac.be,Envoyés - stefano.crapanzano@chuliege.be - Mozilla Thunderbird,Helpdesk général,2021-06-10,08:29:21,00:00:24
stefano.crapanzano@chu.ulg.ac.be,Envoyés - stefano.crapanzano@chuliege.be - Mozilla Thunderbird,Helpdesk général,2021-06-10,15:27:58,00:00:18
stefano.crapanzano@chu.ulg.ac.be,Procédure d'injection de fichier csv vers SAP via les transactions ZFILE_HON_KAS et ZFAK_HON_KAS [DokuWiki ERP] - Google Chrome,Tâches diverses,2021-06-10,08:31:10,00:00:02
stefano.crapanzano@chu.ulg.ac.be,Procédure d'injection de fichier csv vers SAP via les transactions ZFILE_HON_KAS et ZFAK_HON_KAS [DokuWiki ERP] - Google Chrome,Tâches diverses,2021-06-10,16:10:02,00:00:04
stefano.crapanzano@chu.ulg.ac.be,correction clôture 2020 immobilisations - Bienvenue! Vous pouvez poser une demande de Service Desk ERP for HealthCare parmi les options fournies. - Service d'assistance - Google Chrome,Tâches diverses,2021-06-10,08:31:13,00:00:06
stefano.crapanzano@chu.ulg.ac.be,Demandes - Service d'assistance - Google Chrome,Tâches diverses,2021-06-10,08:31:19,00:00:02
stefano.crapanzano@chu.ulg.ac.be,Demandes - Service d'assistance - Google Chrome,Tâches diverses,2021-06-10,08:58:10,00:00:12
stefano.crapanzano@chu.ulg.ac.be,Demandes - Service d'assistance - Google Chrome,Tâches diverses,2021-06-10,11:47:05,00:00:04
stefano.crapanzano@chu.ulg.ac.be,Demandes - Service d'assistance - Google Chrome,Tâches diverses,2021-06-10,12:27:25,01:09:43
stefano.crapanzano@chu.ulg.ac.be,Demandes - Service d'assistance - Google Chrome,Tâches diverses,2021-06-10,15:22:04,00:00:09
stefano.crapanzano@chu.ulg.ac.be,Demandes - Service d'assistance - Google Chrome,Tâches diverses,2021-06-10,16:12:58,00:00:05
stefano.crapanzano@chu.ulg.ac.be,P203 CHU correction clôture 2020 immobilisations - Bienvenue! Vous pouvez poser une demande de Service Desk ERP for HealthCare parmi les options fournies. - Service d'assistance - Google Chrome,Tâches diverses,2021-06-10,08:31:21,00:00:07
stefano.crapanzano@chu.ulg.ac.be,P203 CHU correction clôture 2020 immobilisations - Bienvenue! Vous pouvez poser une demande de Service Desk ERP for HealthCare parmi les options fournies. - Service d'assistance - Google Chrome,Tâches diverses,2021-06-10,08:31:49,00:00:09
stefano.crapanzano@chu.ulg.ac.be,P203 CHU correction clôture 2020 immobilisations - Bienvenue! Vous pouvez poser une demande de Service Desk ERP for HealthCare parmi les options fournies. - Service d'assistance - Google Chrome,Tâches diverses,2021-06-10,08:33:08,00:00:14
stefano.crapanzano@chu.ulg.ac.be,P203 CHU correction clôture 2020 immobilisations - Bienvenue! Vous pouvez poser une demande de Service Desk ERP for HealthCare parmi les options fournies. - Service d'assistance - Google Chrome,Tâches diverses,2021-06-10,08:34:12,00:00:09
stefano.crapanzano@chu.ulg.ac.be,P203 CHU correction clôture 2020 immobilisations - Bienvenue! Vous pouvez poser une demande de Service Desk ERP for HealthCare parmi les options fournies. - Service d'assistance - Google Chrome,Tâches diverses,2021-06-10,08:34:32,00:00:02
stefano.crapanzano@chu.ulg.ac.be,P203 CHU correction clôture 2020 immobilisations - Bienvenue! Vous pouvez poser une demande de Service Desk ERP for HealthCare parmi les options fournies. - Service d'assistance - Google Chrome,Tâches diverses,2021-06-10,08:58:01,00:00:09
stefano.crapanzano@chu.ulg.ac.be,Stefano CRAPANZANO - erp.sai@chuliege.be - Mozilla Thunderbird,Helpdesk général,2021-06-10,08:31:32,00:00:04
stefano.crapanzano@chu.ulg.ac.be,Stefano CRAPANZANO - erp.sai@chuliege.be - Mozilla Thunderbird,Helpdesk général,2021-06-10,08:35:49,00:00:02
stefano.crapanzano@chu.ulg.ac.be,Stefano CRAPANZANO - erp.sai@chuliege.be - Mozilla Thunderbird,Helpdesk général,2021-06-10,09:10:13,00:01:40
stefano.crapanzano@chu.ulg.ac.be,Stefano CRAPANZANO - erp.sai@chuliege.be - Mozilla Thunderbird,Helpdesk général,2021-06-10,11:26:22,00:07:50
stefano.crapanzano@chu.ulg.ac.be,Stefano CRAPANZANO - erp.sai@chuliege.be - Mozilla Thunderbird,Helpdesk général,2021-06-10,15:54:25,00:00:03
stefano.crapanzano@chu.ulg.ac.be,Stefano CRAPANZANO - erp.sai@chuliege.be - Mozilla Thunderbird,Helpdesk général,2021-06-10,15:58:58,00:00:02
stefano.crapanzano@chu.ulg.ac.be,Stefano CRAPANZANO - erp.sai@chuliege.be - Mozilla Thunderbird,Helpdesk général,2021-06-10,16:03:59,00:00:08
stefano.crapanzano@chu.ulg.ac.be,Stefano CRAPANZANO - erp.sai@chuliege.be - Mozilla Thunderbird,Helpdesk général,2021-06-10,16:04:34,00:00:02
stefano.crapanzano@chu.ulg.ac.be,Stefano CRAPANZANO - erp.sai@chuliege.be - Mozilla Thunderbird,Helpdesk général,2021-06-10,16:05:26,00:00:07
stefano.crapanzano@chu.ulg.ac.be,Stefano CRAPANZANO - erp.sai@chuliege.be - Mozilla Thunderbird,Helpdesk général,2021-06-10,16:07:18,00:00:03
stefano.crapanzano@chu.ulg.ac.be,Stefano CRAPANZANO - erp.sai@chuliege.be - Mozilla Thunderbird,Helpdesk général,2021-06-10,16:07:30,00:00:08
stefano.crapanzano@chu.ulg.ac.be,Stefano CRAPANZANO - erp.sai@chuliege.be - Mozilla Thunderbird,Helpdesk général,2021-06-10,16:10:53,00:00:13
stefano.crapanzano@chu.ulg.ac.be,Stefano CRAPANZANO - erp.sai@chuliege.be - Mozilla Thunderbird,Helpdesk général,2021-06-10,16:13:31,00:00:06
stefano.crapanzano@chu.ulg.ac.be,Stefano CRAPANZANO - erp.sai@chuliege.be - Mozilla Thunderbird,Helpdesk général,2021-06-10,16:13:40,00:00:05
stefano.crapanzano@chu.ulg.ac.be,S4H - préparation de la conversion - Mozilla Thunderbird,Helpdesk général,2021-06-10,08:31:37,00:00:02
stefano.crapanzano@chu.ulg.ac.be,Rédaction : Re: S4H - préparation de la conversion - Thunderbird,Helpdesk général,2021-06-10,08:31:39,00:00:08
stefano.crapanzano@chu.ulg.ac.be,Rédaction : Re: S4H - préparation de la conversion - Thunderbird,Helpdesk général,2021-06-10,08:32:40,00:00:11
stefano.crapanzano@chu.ulg.ac.be,Rédaction : Re: S4H - préparation de la conversion - Thunderbird,Helpdesk général,2021-06-10,08:33:24,00:00:48
stefano.crapanzano@chu.ulg.ac.be,Rédaction : Re: S4H - préparation de la conversion - Thunderbird,Helpdesk général,2021-06-10,08:34:56,00:00:33
stefano.crapanzano@chu.ulg.ac.be,RE: S4H - préparation de la conversion - Message (HTML),Helpdesk général,2021-06-10,08:32:01,00:00:02
stefano.crapanzano@chu.ulg.ac.be,RE: S4H - préparation de la conversion - Message (HTML),Helpdesk général,2021-06-10,08:32:08,00:00:25
stefano.crapanzano@chu.ulg.ac.be,RE: S4H - préparation de la conversion - Message (HTML),Helpdesk général,2021-06-10,08:32:54,00:00:13
stefano.crapanzano@chu.ulg.ac.be,RE: S4H - préparation de la conversion - Message (HTML),Helpdesk général,2021-06-10,08:35:36,00:00:02
stefano.crapanzano@chu.ulg.ac.be,Zimbra État de l’opération Envoyer/Recevoir,Helpdesk général,2021-06-10,08:32:03,00:00:05
stefano.crapanzano@chu.ulg.ac.be,Enregistrer sous,Tâches diverses,2021-06-10,08:34:21,00:00:06
stefano.crapanzano@chu.ulg.ac.be,Confirmer l’enregistrement,Tâches diverses,2021-06-10,08:34:27,00:00:04
stefano.crapanzano@chu.ulg.ac.be,Joindre les fichiers,Helpdesk général,2021-06-10,08:34:37,00:00:19
stefano.crapanzano@chu.ulg.ac.be,Vérification de l’orthographe,Helpdesk général,2021-06-10,08:35:30,00:00:02
stefano.crapanzano@chu.ulg.ac.be,Vérification de l’orthographe,Helpdesk général,2021-06-10,16:59:09,00:00:02
stefano.crapanzano@chu.ulg.ac.be,discordances_glims_sap_2021_06_10_06_00_12.xlsx - Excel,Tâches diverses,2021-06-10,08:36:37,00:01:15
stefano.crapanzano@chu.ulg.ac.be,Microsoft Excel,Tâches diverses,2021-06-10,08:37:53,00:00:02
stefano.crapanzano@chu.ulg.ac.be,Microsoft Excel,Tâches diverses,2021-06-10,15:56:34,00:00:02
stefano.crapanzano@chu.ulg.ac.be,Microsoft Excel,Tâches diverses,2021-06-10,16:15:56,00:00:02
stefano.crapanzano@chu.ulg.ac.be,discordances_glims_sap_2021_06_09_06_00_07.xlsx - Excel,Tâches diverses,2021-06-10,08:37:55,00:00:02
stefano.crapanzano@chu.ulg.ac.be,discordances_glims_sap_2021_06_09_06_00_07.xlsx - Excel,Tâches diverses,2021-06-10,16:14:55,00:00:04
stefano.crapanzano@chu.ulg.ac.be,discordances_glims_sap_2021_06_09_06_00_07.xlsx - Excel,Tâches diverses,2021-06-10,16:15:44,00:00:02
stefano.crapanzano@chu.ulg.ac.be,Rédaction : (pas de sujet) - Thunderbird,Helpdesk général,2021-06-10,08:38:01,00:00:02
stefano.crapanzano@chu.ulg.ac.be,Carnet d’adresses,Helpdesk général,2021-06-10,08:52:24,00:00:08
stefano.crapanzano@chu.ulg.ac.be,Carnet d’adresses,Helpdesk général,2021-06-10,08:52:44,00:00:03
stefano.crapanzano@chu.ulg.ac.be,Carnet d’adresses,Helpdesk général,2021-06-10,08:52:56,00:00:02
stefano.crapanzano@chu.ulg.ac.be,Carnet d’adresses,Helpdesk général,2021-06-10,08:53:34,00:00:06
stefano.crapanzano@chu.ulg.ac.be,Carnet d’adresses,Helpdesk général,2021-06-10,08:53:49,00:00:04
stefano.crapanzano@chu.ulg.ac.be,Carnet d’adresses,Helpdesk général,2021-06-10,09:00:32,00:09:38
stefano.crapanzano@chu.ulg.ac.be,Modifier la fiche de Greet Peeters,Helpdesk général,2021-06-10,08:52:33,00:00:10
stefano.crapanzano@chu.ulg.ac.be,Modifier la fiche de Greet Peeters,Helpdesk général,2021-06-10,08:52:47,00:00:06
stefano.crapanzano@chu.ulg.ac.be,Modifier la fiche de Greet Peeters,Helpdesk général,2021-06-10,08:53:40,00:00:09
stefano.crapanzano@chu.ulg.ac.be,Envoyés - erp.sai@chuliege.be - Mozilla Thunderbird,Helpdesk général,2021-06-10,08:56:56,00:00:09
stefano.crapanzano@chu.ulg.ac.be,Envoyés - erp.sai@chuliege.be - Mozilla Thunderbird,Helpdesk général,2021-06-10,09:00:20,00:00:06
stefano.crapanzano@chu.ulg.ac.be,Envoyés - erp.sai@chuliege.be - Mozilla Thunderbird,Helpdesk général,2021-06-10,09:12:00,00:00:04
stefano.crapanzano@chu.ulg.ac.be,Envoyés - erp.sai@chuliege.be - Mozilla Thunderbird,Helpdesk général,2021-06-10,11:38:02,00:02:07
stefano.crapanzano@chu.ulg.ac.be,Envoyés - erp.sai@chuliege.be - Mozilla Thunderbird,Helpdesk général,2021-06-10,11:41:43,00:00:04
stefano.crapanzano@chu.ulg.ac.be,Envoyés - erp.sai@chuliege.be - Mozilla Thunderbird,Helpdesk général,2021-06-10,11:43:44,00:00:03
stefano.crapanzano@chu.ulg.ac.be,Envoyés - erp.sai@chuliege.be - Mozilla Thunderbird,Helpdesk général,2021-06-10,11:45:46,00:00:04
stefano.crapanzano@chu.ulg.ac.be,Envoyés - erp.sai@chuliege.be - Mozilla Thunderbird,Helpdesk général,2021-06-10,12:25:19,00:00:13
stefano.crapanzano@chu.ulg.ac.be,Envoyés - erp.sai@chuliege.be - Mozilla Thunderbird,Helpdesk général,2021-06-10,15:28:23,00:00:06
stefano.crapanzano@chu.ulg.ac.be,Envoyés - erp.sai@chuliege.be - Mozilla Thunderbird,Helpdesk général,2021-06-10,15:59:53,00:00:19
stefano.crapanzano@chu.ulg.ac.be,Envoyés - erp.sai@chuliege.be - Mozilla Thunderbird,Helpdesk général,2021-06-10,16:00:44,00:00:03
stefano.crapanzano@chu.ulg.ac.be,Envoyés - erp.sai@chuliege.be - Mozilla Thunderbird,Helpdesk général,2021-06-10,16:03:04,00:00:03
stefano.crapanzano@chu.ulg.ac.be,P203 CHU Pourquoi la facture est en révision pour la commande 4000189893 - Bienvenue! Vous pouvez poser une demande de Service Desk ERP for HealthCare parmi les options fournies. - Service d'assistance - Google Chrome,Tâches diverses,2021-06-10,08:58:23,00:00:43
stefano.crapanzano@chu.ulg.ac.be,P203 CHU Pourquoi la facture est en révision pour la commande 4000189893 - Bienvenue! Vous pouvez poser une demande de Service Desk ERP for HealthCare parmi les options fournies. - Service d'assistance - Google Chrome,Tâches diverses,2021-06-10,08:59:21,00:00:08
stefano.crapanzano@chu.ulg.ac.be,P203 CHU Pourquoi la facture est en révision pour la commande 4000189893 - Bienvenue! Vous pouvez poser une demande de Service Desk ERP for HealthCare parmi les options fournies. - Service d'assistance - Google Chrome,Tâches diverses,2021-06-10,11:23:35,00:00:06
stefano.crapanzano@chu.ulg.ac.be,Service MT - Google Chrome,Tâches diverses,2021-06-10,08:59:30,00:00:03
stefano.crapanzano@chu.ulg.ac.be,Service MT - Google Chrome,Tâches diverses,2021-06-10,09:00:11,00:00:08
stefano.crapanzano@chu.ulg.ac.be,Service MT - Google Chrome,Tâches diverses,2021-06-10,09:58:30,00:00:07
stefano.crapanzano@chu.ulg.ac.be,Service MT - Google Chrome,Tâches diverses,2021-06-10,11:22:57,00:00:03
stefano.crapanzano@chu.ulg.ac.be,Service MT - Google Chrome,Tâches diverses,2021-06-10,11:23:31,00:00:03
stefano.crapanzano@chu.ulg.ac.be,Service MT - Google Chrome,Tâches diverses,2021-06-10,15:22:33,00:00:31
stefano.crapanzano@chu.ulg.ac.be,Service MT - Google Chrome,Tâches diverses,2021-06-10,15:29:15,00:00:02
stefano.crapanzano@chu.ulg.ac.be,Service MT - Google Chrome,Tâches diverses,2021-06-10,16:09:13,00:00:06
stefano.crapanzano@chu.ulg.ac.be,Service MT - Google Chrome,Tâches diverses,2021-06-10,16:09:34,00:00:07
stefano.crapanzano@chu.ulg.ac.be,Identification - Google Chrome,Tâches diverses,2021-06-10,08:59:33,00:00:37
stefano.crapanzano@chu.ulg.ac.be,Identification - Google Chrome,Tâches diverses,2021-06-10,16:09:31,00:00:02
stefano.crapanzano@chu.ulg.ac.be,Chargement code barre et création IDocs,Exploration SAP,2021-06-10,11:23:02,00:00:02
stefano.crapanzano@chu.ulg.ac.be,SAP Easy Access Menu de base Applications financières-économiques,Exploration SAP,2021-06-10,11:23:05,00:00:06
stefano.crapanzano@chu.ulg.ac.be,SAP Easy Access Menu de base Applications financières-économiques,Exploration SAP,2021-06-10,16:03:21,00:00:03
stefano.crapanzano@chu.ulg.ac.be,SAP Easy Access Menu de base Applications financières-économiques,Exploration SAP,2021-06-10,16:04:58,00:00:07
stefano.crapanzano@chu.ulg.ac.be,SAP Easy Access Menu de base Applications financières-économiques,Exploration SAP,2021-06-10,16:18:48,00:00:04
stefano.crapanzano@chu.ulg.ac.be,Modifier vue  Données réceptionnaire suppl. pour Warehouse Management ,Exploration SAP,2021-06-10,11:23:11,00:00:20
stefano.crapanzano@chu.ulg.ac.be,ZORGI Help Center - Service d'assistance - Google Chrome,Tâches diverses,2021-06-10,11:23:42,00:00:02
stefano.crapanzano@chu.ulg.ac.be,Demande de Configuration ERP for HealthCare - Bienvenue! Vous pouvez poser une demande de Service Desk ERP for HealthCare parmi les options fournies. - Service d'assistance - Google Chrome,Tâches diverses,2021-06-10,11:23:45,00:01:32
stefano.crapanzano@chu.ulg.ac.be,Ajout de la table ZWM_ONTVANGST dans extract BI SAAS.zip - Bienvenue! Vous pouvez poser une demande de Service Desk ERP for HealthCare parmi les options fournies. - Service d'assistance - Google Chrome,Tâches diverses,2021-06-10,11:37:46,00:00:10
stefano.crapanzano@chu.ulg.ac.be,Lecture documentation,Tâches diverses,2021-06-10,11:25:40,00:00:35
stefano.crapanzano@chu.ulg.ac.be,Lecture documentation,Tâches diverses,2021-06-10,11:35:34,00:00:25
stefano.crapanzano@chu.ulg.ac.be,Lecture documentation,Tâches diverses,2021-06-10,11:41:24,00:00:13
stefano.crapanzano@chu.ulg.ac.be,Lecture documentation,Tâches diverses,2021-06-10,11:45:17,00:00:07
stefano.crapanzano@chu.ulg.ac.be,Lecture documentation,Tâches diverses,2021-06-10,11:47:19,00:01:32
stefano.crapanzano@chu.ulg.ac.be,Lecture documentation,Tâches diverses,2021-06-10,11:56:29,00:02:38
stefano.crapanzano@chu.ulg.ac.be,Lecture documentation,Tâches diverses,2021-06-10,12:01:40,00:00:24
stefano.crapanzano@chu.ulg.ac.be,Lecture documentation,Tâches diverses,2021-06-10,12:26:50,00:00:32
stefano.crapanzano@chu.ulg.ac.be,Lecture documentation,Tâches diverses,2021-06-10,13:37:09,01:41:52
stefano.crapanzano@chu.ulg.ac.be,Lecture documentation,Tâches diverses,2021-06-10,15:19:11,00:00:02
stefano.crapanzano@chu.ulg.ac.be,Lecture documentation,Tâches diverses,2021-06-10,15:19:32,00:02:10
stefano.crapanzano@chu.ulg.ac.be,Lecture documentation,Tâches diverses,2021-06-10,15:23:05,00:00:34
stefano.crapanzano@chu.ulg.ac.be,Lecture documentation,Tâches diverses,2021-06-10,15:29:19,00:24:53
stefano.crapanzano@chu.ulg.ac.be,Lecture documentation,Tâches diverses,2021-06-10,16:00:22,00:00:15
stefano.crapanzano@chu.ulg.ac.be,Lecture documentation,Tâches diverses,2021-06-10,16:00:53,00:00:27
stefano.crapanzano@chu.ulg.ac.be,Lecture documentation,Tâches diverses,2021-06-10,16:02:01,00:00:16
stefano.crapanzano@chu.ulg.ac.be,Lecture documentation,Tâches diverses,2021-06-10,16:02:19,00:00:36
stefano.crapanzano@chu.ulg.ac.be,Lecture documentation,Tâches diverses,2021-06-10,16:05:33,00:01:44
stefano.crapanzano@chu.ulg.ac.be,Lecture documentation,Tâches diverses,2021-06-10,16:09:08,00:00:04
stefano.crapanzano@chu.ulg.ac.be,Lecture documentation,Tâches diverses,2021-06-10,17:01:40,00:00:03
stefano.crapanzano@chu.ulg.ac.be,Vue en galerie pour : Fwd: jira - no password reset mail - Mozilla Thunderbird,Helpdesk général,2021-06-10,11:46:35,00:00:24
stefano.crapanzano@chu.ulg.ac.be,PE2_203 - sftp://PE2U2FTP@153.89.110.38 - FileZilla,Helpdesk général,2021-06-10,12:23:37,00:00:10
stefano.crapanzano@chu.ulg.ac.be,PE2_203 - sftp://PE2U2FTP@153.89.110.38 - FileZilla,Helpdesk général,2021-06-10,12:23:54,00:00:11
stefano.crapanzano@chu.ulg.ac.be,PE2_203 - sftp://PE2U2FTP@153.89.110.38 - FileZilla,Helpdesk général,2021-06-10,12:24:14,00:00:32
stefano.crapanzano@chu.ulg.ac.be,PE2_203 - sftp://PE2U2FTP@153.89.110.38 - FileZilla,Helpdesk général,2021-06-10,12:24:53,00:00:02
stefano.crapanzano@chu.ulg.ac.be,PE2_203 - sftp://PE2U2FTP@153.89.110.38 - FileZilla,Helpdesk général,2021-06-10,12:25:51,00:00:14
stefano.crapanzano@chu.ulg.ac.be,PE2_203 - sftp://PE2U2FTP@153.89.110.38 - FileZilla,Helpdesk général,2021-06-10,12:26:09,00:00:31
stefano.crapanzano@chu.ulg.ac.be,PE2_203 - sftp://PE2U2FTP@153.89.110.38 - FileZilla,Helpdesk général,2021-06-10,15:55:38,00:00:04
stefano.crapanzano@chu.ulg.ac.be,C:\Users\c158492\AppData\Local\Temp\fz3temp-2\ZHUL_560664.TXT - Notepad++ [Administrator],IT,2021-06-10,12:23:48,00:00:04
stefano.crapanzano@chu.ulg.ac.be,C:\Users\c158492\AppData\Local\Temp\fz3temp-2\ZHUL_560664.TXT - Notepad++ [Administrator],IT,2021-06-10,12:24:49,00:00:02
stefano.crapanzano@chu.ulg.ac.be,Brouillons - stefano.crapanzano@chuliege.be - Mozilla Thunderbird,Helpdesk général,2021-06-10,12:24:58,00:00:02
stefano.crapanzano@chu.ulg.ac.be,Bureau - Google Sheets - Google Chrome,Tâches diverses,2021-06-10,15:21:45,00:00:19
stefano.crapanzano@chu.ulg.ac.be,P203 CHR Nouveau KU Jira - Bienvenue! Vous pouvez poser une demande de Service Desk ERP for HealthCare parmi les options fournies. - Service d'assistance - Google Chrome,Tâches diverses,2021-06-10,15:22:14,00:00:19
stefano.crapanzano@chu.ulg.ac.be,Agenda - Mozilla Thunderbird,Helpdesk général,2021-06-10,15:29:09,00:00:06
stefano.crapanzano@chu.ulg.ac.be,Agenda - Mozilla Thunderbird,Helpdesk général,2021-06-10,15:54:13,00:00:02
stefano.crapanzano@chu.ulg.ac.be,[SAM][Partage pour action] : Transfert de licence - COLON Julie à FERRACIN Frédérique - Mozilla Thunderbird,Helpdesk général,2021-06-10,15:54:50,00:00:04
stefano.crapanzano@chu.ulg.ac.be,[SAM][Partage pour action] : Transfert de licence - COLON Julie à FERRACIN Frédérique - Mozilla Thunderbird,Helpdesk général,2021-06-10,15:58:56,00:00:02
stefano.crapanzano@chu.ulg.ac.be,chargement_manuel_AD_v2.xlsm - Excel,Tâches diverses,2021-06-10,15:54:56,00:00:29
stefano.crapanzano@chu.ulg.ac.be,chargement_manuel_AD_v2.xlsm - Excel,Tâches diverses,2021-06-10,15:55:28,00:00:03
stefano.crapanzano@chu.ulg.ac.be,chargement_manuel_AD_v2.xlsm - Excel,Tâches diverses,2021-06-10,15:56:07,00:00:03
stefano.crapanzano@chu.ulg.ac.be,chargement_manuel_AD_v2.xlsm - Excel,Tâches diverses,2021-06-10,15:56:22,00:00:04
stefano.crapanzano@chu.ulg.ac.be,chargement_manuel_AD_v2.xlsm - Excel,Tâches diverses,2021-06-10,15:59:41,00:00:04
stefano.crapanzano@chu.ulg.ac.be,Macro,Tâches diverses,2021-06-10,15:55:25,00:00:02
stefano.crapanzano@chu.ulg.ac.be,Gestionnaire de Sites,Helpdesk général,2021-06-10,15:55:43,00:00:07
stefano.crapanzano@chu.ulg.ac.be,PE2_203_IDMGMT - sftp://PE2U2FTPID@153.89.110.38 - FileZilla,Helpdesk général,2021-06-10,15:55:51,00:00:02
stefano.crapanzano@chu.ulg.ac.be,PE2_203_IDMGMT - sftp://PE2U2FTPID@153.89.110.38 - FileZilla,Helpdesk général,2021-06-10,15:56:15,00:00:05
stefano.crapanzano@chu.ulg.ac.be,PE2_203_IDMGMT - sftp://PE2U2FTPID@153.89.110.38 - FileZilla,Helpdesk général,2021-06-10,15:56:36,00:00:08
stefano.crapanzano@chu.ulg.ac.be,PE2_203_IDMGMT - sftp://PE2U2FTPID@153.89.110.38 - FileZilla,Helpdesk général,2021-06-10,15:58:52,00:00:02
stefano.crapanzano@chu.ulg.ac.be,PE2_203_IDMGMT - sftp://PE2U2FTPID@153.89.110.38 - FileZilla,Helpdesk général,2021-06-10,15:59:37,00:00:02
stefano.crapanzano@chu.ulg.ac.be,PE2_203_IDMGMT - sftp://PE2U2FTPID@153.89.110.38 - FileZilla,Helpdesk général,2021-06-10,16:00:15,00:00:07
stefano.crapanzano@chu.ulg.ac.be,PE2_203_IDMGMT - sftp://PE2U2FTPID@153.89.110.38 - FileZilla,Helpdesk général,2021-06-10,16:03:09,00:00:04
stefano.crapanzano@chu.ulg.ac.be,SAP Logon 750,Exploration SAP,2021-06-10,16:03:17,00:00:04
stefano.crapanzano@chu.ulg.ac.be,Gestion des utilisateurs : écran initial,Exploration SAP,2021-06-10,16:03:32,00:00:02
stefano.crapanzano@chu.ulg.ac.be,Gestion des utilisateurs : écran initial,Exploration SAP,2021-06-10,16:03:39,00:00:02
stefano.crapanzano@chu.ulg.ac.be,Gestion des utilisateurs : écran initial,Exploration SAP,2021-06-10,16:04:09,00:00:02
stefano.crapanzano@chu.ulg.ac.be,Gestion des utilisateurs : écran initial,Exploration SAP,2021-06-10,16:04:28,00:00:02
stefano.crapanzano@chu.ulg.ac.be,Gestion des utilisateurs : écran initial,Exploration SAP,2021-06-10,16:04:36,00:00:06
stefano.crapanzano@chu.ulg.ac.be,Gestion des utilisateurs : écran initial,Exploration SAP,2021-06-10,16:04:55,00:00:02
stefano.crapanzano@chu.ulg.ac.be,Nom de l'utilisateur ds fiche utilisateur (1),Exploration SAP,2021-06-10,16:03:34,00:00:03
stefano.crapanzano@chu.ulg.ac.be,Afficher utilisateur,Exploration SAP,2021-06-10,16:03:41,00:00:13
stefano.crapanzano@chu.ulg.ac.be,Afficher utilisateur,Exploration SAP,2021-06-10,16:04:11,00:00:07
stefano.crapanzano@chu.ulg.ac.be,Afficher utilisateur,Exploration SAP,2021-06-10,16:04:42,00:00:02
stefano.crapanzano@chu.ulg.ac.be,Gérer utilisateur,Exploration SAP,2021-06-10,16:04:18,00:00:09
stefano.crapanzano@chu.ulg.ac.be,Gérer utilisateur,Exploration SAP,2021-06-10,16:04:45,00:00:10
stefano.crapanzano@chu.ulg.ac.be,Attributs généraux (BBP) Modifier,Exploration SAP,2021-06-10,16:05:05,00:00:04
stefano.crapanzano@chu.ulg.ac.be,Attributs généraux (BBP) Modifier,Exploration SAP,2021-06-10,16:18:44,00:00:03
stefano.crapanzano@chu.ulg.ac.be,Type d'objet (1)    6 Entrées trouvées,Exploration SAP,2021-06-10,16:05:10,00:00:02
stefano.crapanzano@chu.ulg.ac.be,Poste (1),Exploration SAP,2021-06-10,16:05:12,00:00:04
stefano.crapanzano@chu.ulg.ac.be,Poste (1)    1 Entrée trouvée,Exploration SAP,2021-06-10,16:05:17,00:00:03
stefano.crapanzano@chu.ulg.ac.be,GOAL - LABO - Google Chrome,Tâches diverses,2021-06-10,16:09:26,00:00:04
stefano.crapanzano@chu.ulg.ac.be,GOAL - LABO - Google Chrome,Tâches diverses,2021-06-10,17:01:49,00:01:19
stefano.crapanzano@chu.ulg.ac.be,400 Bad Request - Google Chrome,Tâches diverses,2021-06-10,16:09:20,00:00:04
stefano.crapanzano@chu.ulg.ac.be,400 Bad Request - Google Chrome,Tâches diverses,2021-06-10,17:01:46,00:00:02
stefano.crapanzano@chu.ulg.ac.be,Resolving Conflicts - Google Chrome,Tâches diverses,2021-06-10,16:09:41,00:00:02
stefano.crapanzano@chu.ulg.ac.be,Resolving Conflicts - Google Chrome,Tâches diverses,2021-06-10,16:09:46,00:00:08
stefano.crapanzano@chu.ulg.ac.be,Nouvel onglet - Google Chrome,Tâches diverses,2021-06-10,16:20:55,00:00:04
stefano.crapanzano@chu.ulg.ac.be,Nouvel onglet - Google Chrome,Tâches diverses,2021-06-10,16:29:06,00:01:25
stefano.crapanzano@chu.ulg.ac.be,Nouvel onglet - Google Chrome,Tâches diverses,2021-06-10,16:32:00,00:00:02
stefano.crapanzano@chu.ulg.ac.be,Nouvel onglet - Google Chrome,Tâches diverses,2021-06-10,17:01:44,00:00:02
stefano.crapanzano@chu.ulg.ac.be,How to Import or Export Tasks from Task Scheduler in Windows 10 - Google Chrome,Tâches diverses,2021-06-10,16:09:54,00:00:05
stefano.crapanzano@chu.ulg.ac.be,Rédaction : Re: Question sur fichier discordance - Thunderbird,Helpdesk général,2021-06-10,16:11:06,00:01:45
stefano.crapanzano@chu.ulg.ac.be,Rédaction : Re: Question sur fichier discordance - Thunderbird,Helpdesk général,2021-06-10,16:13:06,00:00:20
stefano.crapanzano@chu.ulg.ac.be,Fichier en cours d'utilisation,Tâches diverses,2021-06-10,16:15:02,00:00:03
stefano.crapanzano@chu.ulg.ac.be,Excel,Tâches diverses,2021-06-10,16:15:06,00:00:09
stefano.crapanzano@chu.ulg.ac.be,Excel,Tâches diverses,2021-06-10,16:15:46,00:00:09
stefano.crapanzano@chu.ulg.ac.be,INTRASTAT_202103_et_04_v06.xlsx  [Lecture seule] - Excel,Tâches diverses,2021-06-10,16:15:15,00:00:25
stefano.crapanzano@chu.ulg.ac.be,INTRASTAT_202103_et_04_v01.xlsx - Excel,Tâches diverses,2021-06-10,16:15:59,00:00:14
stefano.crapanzano@chu.ulg.ac.be,INTRASTAT_202103_et_04_v01.xlsx - Excel,Tâches diverses,2021-06-10,16:16:23,00:00:20
stefano.crapanzano@chu.ulg.ac.be,INTRASTAT_202103_et_04_v01.xlsx - Excel,Tâches diverses,2021-06-10,16:16:48,00:00:53
stefano.crapanzano@chu.ulg.ac.be,INTRASTAT_202103_et_04_v01.xlsx - Excel,Tâches diverses,2021-06-10,16:19:38,00:00:26
stefano.crapanzano@chu.ulg.ac.be,INTRASTAT_202103_et_04_v01.xlsx - Excel,Tâches diverses,2021-06-10,16:22:44,00:00:15
stefano.crapanzano@chu.ulg.ac.be,INTRASTAT_202103_et_04_v01.xlsx - Excel,Tâches diverses,2021-06-10,16:23:14,00:01:03
stefano.crapanzano@chu.ulg.ac.be,INTRASTAT_202103_et_04_v01.xlsx - Excel,Tâches diverses,2021-06-10,16:24:27,00:00:10
stefano.crapanzano@chu.ulg.ac.be,INTRASTAT_202103_et_04_v01.xlsx - Excel,Tâches diverses,2021-06-10,16:24:47,00:00:04
stefano.crapanzano@chu.ulg.ac.be,INTRASTAT_202103_et_04_v01.xlsx - Excel,Tâches diverses,2021-06-10,16:24:57,00:00:06
stefano.crapanzano@chu.ulg.ac.be,INTRASTAT_202103_et_04_v01.xlsx - Excel,Tâches diverses,2021-06-10,16:25:26,00:00:06
stefano.crapanzano@chu.ulg.ac.be,INTRASTAT_202103_et_04_v01.xlsx - Excel,Tâches diverses,2021-06-10,16:25:46,00:00:07
stefano.crapanzano@chu.ulg.ac.be,INTRASTAT_202103_et_04_v01.xlsx - Excel,Tâches diverses,2021-06-10,16:26:01,00:00:05
stefano.crapanzano@chu.ulg.ac.be,INTRASTAT_202103_et_04_v01.xlsx - Excel,Tâches diverses,2021-06-10,16:26:11,00:00:03
stefano.crapanzano@chu.ulg.ac.be,INTRASTAT_202103_et_04_v01.xlsx - Excel,Tâches diverses,2021-06-10,16:26:21,00:00:04
stefano.crapanzano@chu.ulg.ac.be,INTRASTAT_202103_et_04_v01.xlsx - Excel,Tâches diverses,2021-06-10,16:32:05,00:00:05
stefano.crapanzano@chu.ulg.ac.be,INTRASTAT_202103_et_04_v01.xlsx - Excel,Tâches diverses,2021-06-10,16:32:35,00:00:04
stefano.crapanzano@chu.ulg.ac.be,INTRASTAT_202103_et_04_v01.xlsx - Excel,Tâches diverses,2021-06-10,16:32:43,00:00:03
stefano.crapanzano@chu.ulg.ac.be,INTRASTAT_202103_et_04_v01.xlsx - Excel,Tâches diverses,2021-06-10,16:33:04,00:00:06
stefano.crapanzano@chu.ulg.ac.be,INTRASTAT_202103_et_04_v01.xlsx - Excel,Tâches diverses,2021-06-10,16:36:36,00:00:02
stefano.crapanzano@chu.ulg.ac.be,INTRASTAT_202103_et_04_v01.xlsx - Excel,Tâches diverses,2021-06-10,16:36:42,00:00:16
stefano.crapanzano@chu.ulg.ac.be,INTRASTAT_202103_et_04_v01.xlsx - Excel,Tâches diverses,2021-06-10,16:37:09,00:00:06
stefano.crapanzano@chu.ulg.ac.be,INTRASTAT_202103_et_04_v01.xlsx - Excel,Tâches diverses,2021-06-10,16:37:38,00:00:06
stefano.crapanzano@chu.ulg.ac.be,INTRASTAT_202103_et_04_v01.xlsx - Excel,Tâches diverses,2021-06-10,16:37:56,00:00:02
stefano.crapanzano@chu.ulg.ac.be,INTRASTAT_202103_et_04_v01.xlsx - Excel,Tâches diverses,2021-06-10,16:38:16,00:00:18
stefano.crapanzano@chu.ulg.ac.be,INTRASTAT_202103_et_04_v01.xlsx - Excel,Tâches diverses,2021-06-10,16:39:01,00:00:02
stefano.crapanzano@chu.ulg.ac.be,INTRASTAT_202103_et_04_v01.xlsx - Excel,Tâches diverses,2021-06-10,16:39:15,00:00:06
stefano.crapanzano@chu.ulg.ac.be,INTRASTAT_202103_et_04_v01.xlsx - Excel,Tâches diverses,2021-06-10,16:40:32,00:00:03
stefano.crapanzano@chu.ulg.ac.be,INTRASTAT_202103_et_04_v01.xlsx - Excel,Tâches diverses,2021-06-10,16:44:26,00:00:18
stefano.crapanzano@chu.ulg.ac.be,INTRASTAT_202103_et_04_v01.xlsx - Excel,Tâches diverses,2021-06-10,17:00:32,00:00:20
stefano.crapanzano@chu.ulg.ac.be,Connexions du classeur,Tâches diverses,2021-06-10,16:17:42,00:00:02
stefano.crapanzano@chu.ulg.ac.be,Connexions du classeur,Tâches diverses,2021-06-10,16:19:36,00:00:02
stefano.crapanzano@chu.ulg.ac.be,Propriétés de connexion,Tâches diverses,2021-06-10,16:17:44,00:00:07
stefano.crapanzano@chu.ulg.ac.be,Commande interv. 40 4000189893 créée par WEBUSERCHU,Exploration SAP,2021-06-10,16:18:53,00:00:03
stefano.crapanzano@chu.ulg.ac.be,Sélectionner document,Exploration SAP,2021-06-10,16:18:57,00:00:02
stefano.crapanzano@chu.ulg.ac.be,Sélectionner document,Exploration SAP,2021-06-10,16:25:20,00:00:02
stefano.crapanzano@chu.ulg.ac.be,Sélectionner document,Exploration SAP,2021-06-10,16:25:56,00:00:02
stefano.crapanzano@chu.ulg.ac.be,Sélectionner document,Exploration SAP,2021-06-10,16:35:22,00:00:03
stefano.crapanzano@chu.ulg.ac.be,Sélectionner document,Exploration SAP,2021-06-10,16:39:07,00:00:02
stefano.crapanzano@chu.ulg.ac.be,Sélectionner document,Exploration SAP,2021-06-10,16:39:24,00:00:02
stefano.crapanzano@chu.ulg.ac.be,Commande interv. 40 4000173587 créée par Aurélie SCAFFE,Exploration SAP,2021-06-10,16:18:59,00:00:22
stefano.crapanzano@chu.ulg.ac.be,Commande interv. 40 4000173587 créée par Aurélie SCAFFE,Exploration SAP,2021-06-10,16:19:26,00:00:04
stefano.crapanzano@chu.ulg.ac.be,Commande interv. 40 4000173587 créée par Aurélie SCAFFE,Exploration SAP,2021-06-10,16:20:07,00:00:02
stefano.crapanzano@chu.ulg.ac.be,Commande interv. 40 4000173587 créée par Aurélie SCAFFE,Exploration SAP,2021-06-10,16:25:40,00:00:03
stefano.crapanzano@chu.ulg.ac.be,Commande interv. 40 4000173587 créée par Aurélie SCAFFE,Exploration SAP,2021-06-10,16:26:48,00:00:09
stefano.crapanzano@chu.ulg.ac.be,Commande interv. 40 4000173587 créée par Aurélie SCAFFE,Exploration SAP,2021-06-10,16:27:03,00:00:03
stefano.crapanzano@chu.ulg.ac.be,Commande interv. 40 4000173587 créée par Aurélie SCAFFE,Exploration SAP,2021-06-10,16:27:11,00:00:07
stefano.crapanzano@chu.ulg.ac.be,Commande interv. 40 4000173587 créée par Aurélie SCAFFE,Exploration SAP,2021-06-10,16:27:32,00:00:06
stefano.crapanzano@chu.ulg.ac.be,Commande interv. 40 4000173587 créée par Aurélie SCAFFE,Exploration SAP,2021-06-10,16:30:40,00:00:19
stefano.crapanzano@chu.ulg.ac.be,Commande interv. 40 4000173587 créée par Aurélie SCAFFE,Exploration SAP,2021-06-10,16:32:48,00:00:02
stefano.crapanzano@chu.ulg.ac.be,Commande interv. 40 4000173587 créée par Aurélie SCAFFE,Exploration SAP,2021-06-10,16:36:59,00:00:02
stefano.crapanzano@chu.ulg.ac.be,Commande interv. 40 4000195976 créée par Elise LAMBERT,Exploration SAP,2021-06-10,16:20:11,00:00:11
stefano.crapanzano@chu.ulg.ac.be,Commande interv. 40 4000195976 créée par Elise LAMBERT,Exploration SAP,2021-06-10,16:20:45,00:00:05
stefano.crapanzano@chu.ulg.ac.be,Commande interv. 40 4000195976 créée par Elise LAMBERT,Exploration SAP,2021-06-10,16:21:18,00:01:23
stefano.crapanzano@chu.ulg.ac.be,Commande interv. 40 4000195976 créée par Elise LAMBERT,Exploration SAP,2021-06-10,16:23:02,00:00:10
stefano.crapanzano@chu.ulg.ac.be,Commande interv. 40 4000195976 créée par Elise LAMBERT,Exploration SAP,2021-06-10,16:24:17,00:00:03
stefano.crapanzano@chu.ulg.ac.be,veiav datummona - Recherche Google - Google Chrome,Tâches diverses,2021-06-10,16:27:45,00:00:03
stefano.crapanzano@chu.ulg.ac.be,veiav datummona - Recherche Google - Google Chrome,Tâches diverses,2021-06-10,16:27:58,00:00:04
stefano.crapanzano@chu.ulg.ac.be,veiav datummona - Recherche Google - Google Chrome,Tâches diverses,2021-06-10,16:28:10,00:00:08
stefano.crapanzano@chu.ulg.ac.be,veiav datummona - Recherche Google - Google Chrome,Tâches diverses,2021-06-10,16:28:35,00:00:08
stefano.crapanzano@chu.ulg.ac.be,veiav datummona - Recherche Google - Google Chrome,Tâches diverses,2021-06-10,16:28:54,00:00:12
stefano.crapanzano@chu.ulg.ac.be,VEIAV-DATUMMONA Month SAP Table field info and attributes - Google Chrome,Tâches diverses,2021-06-10,16:21:01,00:00:15
stefano.crapanzano@chu.ulg.ac.be,VEIAV-DATUMMONA Month SAP Table field info and attributes - Google Chrome,Tâches diverses,2021-06-10,16:27:20,00:00:12
stefano.crapanzano@chu.ulg.ac.be,VEIAV-DATUMMONA Month SAP Table field info and attributes - Google Chrome,Tâches diverses,2021-06-10,16:27:38,00:00:07
stefano.crapanzano@chu.ulg.ac.be,Commande interv. 41 4100003991 créée par Michel DAIX,Exploration SAP,2021-06-10,16:24:22,00:00:05
stefano.crapanzano@chu.ulg.ac.be,Commande interv. 41 4100003991 créée par Michel DAIX,Exploration SAP,2021-06-10,16:24:38,00:00:02
stefano.crapanzano@chu.ulg.ac.be,Commande interv. 40 4000199971 créée par Kevin LODEWYK,Exploration SAP,2021-06-10,16:24:41,00:00:06
stefano.crapanzano@chu.ulg.ac.be,Commande interv. 40 4000200347 créée par Fanny GAVAGE,Exploration SAP,2021-06-10,16:25:05,00:00:08
stefano.crapanzano@chu.ulg.ac.be,Commande interv. 40 4000200347 créée par Fanny GAVAGE,Exploration SAP,2021-06-10,16:25:18,00:00:02
stefano.crapanzano@chu.ulg.ac.be,Commande interv. 40 4000202144 créée par Noéline COLSON,Exploration SAP,2021-06-10,16:25:37,00:00:02
stefano.crapanzano@chu.ulg.ac.be,Commande interv. 40 4000203580 créée par Melinda COTTINI,Exploration SAP,2021-06-10,16:26:06,00:00:02
stefano.crapanzano@chu.ulg.ac.be,Commande-cadre 4500003777 créée par Mathieu ORBAN JAMERS,Exploration SAP,2021-06-10,16:26:15,00:00:02
stefano.crapanzano@chu.ulg.ac.be,Commande interv. 40 4000203544 créée par Christine PAK,Exploration SAP,2021-06-10,16:26:45,00:00:02
stefano.crapanzano@chu.ulg.ac.be,Performance Assistant,Exploration SAP,2021-06-10,16:27:06,00:00:02
stefano.crapanzano@chu.ulg.ac.be,Determination of VEIAV data in transactions VE01 and VI98 (SD-FT-GOV) - ERP SD - Community Wiki - Google Chrome,Tâches diverses,2021-06-10,16:27:49,00:00:09
stefano.crapanzano@chu.ulg.ac.be,Archiving INTRASTAT Statistics Data with FT_VEIAV - SAP Documentation - Google Chrome,Tâches diverses,2021-06-10,16:28:03,00:00:07
stefano.crapanzano@chu.ulg.ac.be,VEIAV - INTRASTAT Receipt/Dispatch | LeanX - Google Chrome,Tâches diverses,2021-06-10,16:28:19,00:00:15
stefano.crapanzano@chu.ulg.ac.be,SAP ABAP Table VEIAV (INTRASTAT Receipt/Dispatch)  sap-tables.org - The Best Online document for SAP ABAP Tables - Google Chrome,Tâches diverses,2021-06-10,16:28:43,00:00:10
stefano.crapanzano@chu.ulg.ac.be,anomalie tableau intrastat - Mozilla Thunderbird,Helpdesk général,2021-06-10,16:31:17,00:00:04
stefano.crapanzano@chu.ulg.ac.be,anomalie tableau intrastat - Mozilla Thunderbird,Helpdesk général,2021-06-10,16:33:25,00:00:02
stefano.crapanzano@chu.ulg.ac.be,Commande interv. 40 4000204838 créée par Kevin LODEWYK,Exploration SAP,2021-06-10,16:32:51,00:00:09
stefano.crapanzano@chu.ulg.ac.be,Commande interv. 40 4000204838 créée par Kevin LODEWYK,Exploration SAP,2021-06-10,16:33:13,00:00:02
stefano.crapanzano@chu.ulg.ac.be,Commande interv. 40 4000203236 créée par Mathieu ORBAN JAMERS,Exploration SAP,2021-06-10,16:33:16,00:00:03
stefano.crapanzano@chu.ulg.ac.be,Commande interv. 40 4000203236 créée par Mathieu ORBAN JAMERS,Exploration SAP,2021-06-10,16:35:00,00:00:02
stefano.crapanzano@chu.ulg.ac.be,Commande interv. 40 4000203236 créée par Mathieu ORBAN JAMERS,Exploration SAP,2021-06-10,16:35:03,00:00:04
stefano.crapanzano@chu.ulg.ac.be,Commande interv. 40 4000203236 créée par Mathieu ORBAN JAMERS,Exploration SAP,2021-06-10,16:35:14,00:00:02
stefano.crapanzano@chu.ulg.ac.be,Rédaction : Re: anomalie tableau intrastat - Thunderbird,Helpdesk général,2021-06-10,16:33:27,00:00:57
stefano.crapanzano@chu.ulg.ac.be,Rédaction : Re: anomalie tableau intrastat - Thunderbird,Helpdesk général,2021-06-10,16:34:28,00:00:22
stefano.crapanzano@chu.ulg.ac.be,Rédaction : Re: anomalie tableau intrastat - Thunderbird,Helpdesk général,2021-06-10,16:34:55,00:00:02
stefano.crapanzano@chu.ulg.ac.be,Rédaction : Re: anomalie tableau intrastat - Thunderbird,Helpdesk général,2021-06-10,16:35:35,00:00:59
stefano.crapanzano@chu.ulg.ac.be,Rédaction : Re: anomalie tableau intrastat - Thunderbird,Helpdesk général,2021-06-10,16:36:39,00:00:02
stefano.crapanzano@chu.ulg.ac.be,Rédaction : Re: anomalie tableau intrastat - Thunderbird,Helpdesk général,2021-06-10,16:38:36,00:00:25
stefano.crapanzano@chu.ulg.ac.be,Éditeur des propriétés avancées,Helpdesk général,2021-06-10,16:35:09,00:00:02
stefano.crapanzano@chu.ulg.ac.be,Éditeur des propriétés avancées,Helpdesk général,2021-06-10,16:35:19,00:00:03
stefano.crapanzano@chu.ulg.ac.be,Éditeur des propriétés avancées,Helpdesk général,2021-06-10,16:35:33,00:00:02
stefano.crapanzano@chu.ulg.ac.be,TypeAheadPopup,Exploration SAP,2021-06-10,16:35:26,00:00:03
stefano.crapanzano@chu.ulg.ac.be,Commande-cadre 4500003513 créée par Elise LAMBERT,Exploration SAP,2021-06-10,16:37:03,00:00:05
stefano.crapanzano@chu.ulg.ac.be,Commande-cadre 4500003513 créée par Elise LAMBERT,Exploration SAP,2021-06-10,16:37:15,00:00:23
stefano.crapanzano@chu.ulg.ac.be,Commande-cadre 4500003513 créée par Elise LAMBERT,Exploration SAP,2021-06-10,16:37:44,00:00:03
stefano.crapanzano@chu.ulg.ac.be,Commande-cadre 4500003513 créée par Elise LAMBERT,Exploration SAP,2021-06-10,16:38:03,00:00:13
stefano.crapanzano@chu.ulg.ac.be,Commande-cadre 4500003513 créée par Elise LAMBERT,Exploration SAP,2021-06-10,16:39:05,00:00:02
stefano.crapanzano@chu.ulg.ac.be,Commande-cadre 4500003513 créée par Elise LAMBERT,Exploration SAP,2021-06-10,16:39:26,00:00:06
stefano.crapanzano@chu.ulg.ac.be,Commande-cadre 4500003513 créée par Elise LAMBERT,Exploration SAP,2021-06-10,16:39:43,00:00:10
stefano.crapanzano@chu.ulg.ac.be,Commande-cadre 4500003513 créée par Elise LAMBERT,Exploration SAP,2021-06-10,16:40:07,00:00:22
stefano.crapanzano@chu.ulg.ac.be,Commande interv. 40 4000201326 créée par Clara ELKHARRAT,Exploration SAP,2021-06-10,16:37:49,00:00:05
stefano.crapanzano@chu.ulg.ac.be,Commande interv. 40 4000201326 créée par Clara ELKHARRAT,Exploration SAP,2021-06-10,16:37:58,00:00:03
stefano.crapanzano@chu.ulg.ac.be,Commande interv. 40 4000197869 créée par Noéline COLSON,Exploration SAP,2021-06-10,16:39:09,00:00:04
stefano.crapanzano@chu.ulg.ac.be,Commande interv. 40 4000197869 créée par Noéline COLSON,Exploration SAP,2021-06-10,16:39:22,00:00:02
stefano.crapanzano@chu.ulg.ac.be,Modifications Commande achat 4500003513,Exploration SAP,2021-06-10,16:39:33,00:00:10
stefano.crapanzano@chu.ulg.ac.be,Modifications Commande achat 4500003513 Poste 10,Exploration SAP,2021-06-10,16:39:54,00:00:13
stefano.crapanzano@chu.ulg.ac.be,Netop Invité,Helpdesk général,2021-06-10,16:43:38,00:00:03
stefano.crapanzano@chu.ulg.ac.be,Netop Invité,Helpdesk général,2021-06-10,16:48:21,00:00:04
stefano.crapanzano@chu.ulg.ac.be,*new 6 - Notepad++ [Administrator],IT,2021-06-10,16:44:04,00:00:02
stefano.crapanzano@chu.ulg.ac.be,new 6 - Notepad++ [Administrator],IT,2021-06-10,16:44:06,00:00:02
stefano.crapanzano@chu.ulg.ac.be,Classeur1 - Excel,Tâches diverses,2021-06-10,16:44:47,00:01:42
stefano.crapanzano@chu.ulg.ac.be,Classeur1 - Excel,Tâches diverses,2021-06-10,16:47:22,00:00:02
stefano.crapanzano@chu.ulg.ac.be,Connexion à l'aide de l'authentification Windows,Helpdesk général,2021-06-10,16:48:27,00:00:02
stefano.crapanzano@chu.ulg.ac.be,erpftp - Netop Remote Control,Helpdesk général,2021-06-10,16:48:31,00:06:53
stefano.crapanzano@chu.ulg.ac.be,erpftp - Netop Remote Control,Helpdesk général,2021-06-10,16:56:03,00:00:33
stefano.crapanzano@chu.ulg.ac.be,erpftp - Netop Remote Control,Helpdesk général,2021-06-10,16:56:46,00:00:59
stefano.crapanzano@chu.ulg.ac.be,Ajout accès GOAL.CHULIEGE.BE - Mozilla Thunderbird,Helpdesk général,2021-06-10,16:55:29,00:00:02
stefano.crapanzano@chu.ulg.ac.be,Ajout accès GOAL.CHULIEGE.BE - Mozilla Thunderbird,Helpdesk général,2021-06-10,16:57:50,00:00:02
stefano.crapanzano@chu.ulg.ac.be,Rédaction : Re: Ajout accès GOAL.CHULIEGE.BE - Thunderbird,Helpdesk général,2021-06-10,16:55:31,00:00:27
stefano.crapanzano@chu.ulg.ac.be,Rédaction : Re: Rapprochemet automatique des MUT - Thunderbird,Helpdesk général,2021-06-10,16:58:50,00:00:19
