Email,Description,Project,Start date,Start time,Duration
stefano.crapanzano@chu.ulg.ac.be,Administrateur : Perl (command line) - python  main.py,IT,2021-06-08,08:22:45,00:00:05
stefano.crapanzano@chu.ulg.ac.be,Administrateur : Perl (command line) - python  main.py,IT,2021-06-08,16:43:35,00:00:02
stefano.crapanzano@chu.ulg.ac.be,Courrier entrant - erp.sai@chuliege.be - Mozilla Thunderbird,Helpdesk général,2021-06-08,08:22:50,00:11:02
stefano.crapanzano@chu.ulg.ac.be,Courrier entrant - erp.sai@chuliege.be - Mozilla Thunderbird,Helpdesk général,2021-06-08,10:59:25,00:00:25
stefano.crapanzano@chu.ulg.ac.be,Courrier entrant - erp.sai@chuliege.be - Mozilla Thunderbird,Helpdesk général,2021-06-08,11:13:30,00:00:02
stefano.crapanzano@chu.ulg.ac.be,Courrier entrant - erp.sai@chuliege.be - Mozilla Thunderbird,Helpdesk général,2021-06-08,11:17:25,00:00:02
stefano.crapanzano@chu.ulg.ac.be,Courrier entrant - erp.sai@chuliege.be - Mozilla Thunderbird,Helpdesk général,2021-06-08,11:17:40,00:00:04
stefano.crapanzano@chu.ulg.ac.be,Courrier entrant - erp.sai@chuliege.be - Mozilla Thunderbird,Helpdesk général,2021-06-08,11:29:17,00:00:38
stefano.crapanzano@chu.ulg.ac.be,Courrier entrant - erp.sai@chuliege.be - Mozilla Thunderbird,Helpdesk général,2021-06-08,11:30:35,00:00:03
stefano.crapanzano@chu.ulg.ac.be,Courrier entrant - erp.sai@chuliege.be - Mozilla Thunderbird,Helpdesk général,2021-06-08,11:30:42,00:00:10
stefano.crapanzano@chu.ulg.ac.be,Courrier entrant - erp.sai@chuliege.be - Mozilla Thunderbird,Helpdesk général,2021-06-08,11:33:29,00:00:26
stefano.crapanzano@chu.ulg.ac.be,Courrier entrant - erp.sai@chuliege.be - Mozilla Thunderbird,Helpdesk général,2021-06-08,11:33:59,00:00:04
stefano.crapanzano@chu.ulg.ac.be,Courrier entrant - erp.sai@chuliege.be - Mozilla Thunderbird,Helpdesk général,2021-06-08,11:34:52,00:00:02
stefano.crapanzano@chu.ulg.ac.be,Courrier entrant - erp.sai@chuliege.be - Mozilla Thunderbird,Helpdesk général,2021-06-08,11:42:08,00:01:17
stefano.crapanzano@chu.ulg.ac.be,Courrier entrant - erp.sai@chuliege.be - Mozilla Thunderbird,Helpdesk général,2021-06-08,11:43:55,00:00:14
stefano.crapanzano@chu.ulg.ac.be,Courrier entrant - erp.sai@chuliege.be - Mozilla Thunderbird,Helpdesk général,2021-06-08,11:45:06,00:00:02
stefano.crapanzano@chu.ulg.ac.be,Courrier entrant - erp.sai@chuliege.be - Mozilla Thunderbird,Helpdesk général,2021-06-08,11:46:18,00:00:31
stefano.crapanzano@chu.ulg.ac.be,Courrier entrant - erp.sai@chuliege.be - Mozilla Thunderbird,Helpdesk général,2021-06-08,11:51:55,00:00:12
stefano.crapanzano@chu.ulg.ac.be,Courrier entrant - erp.sai@chuliege.be - Mozilla Thunderbird,Helpdesk général,2021-06-08,11:53:00,00:00:12
stefano.crapanzano@chu.ulg.ac.be,Courrier entrant - erp.sai@chuliege.be - Mozilla Thunderbird,Helpdesk général,2021-06-08,12:00:39,00:00:03
stefano.crapanzano@chu.ulg.ac.be,Courrier entrant - erp.sai@chuliege.be - Mozilla Thunderbird,Helpdesk général,2021-06-08,12:07:09,00:00:45
stefano.crapanzano@chu.ulg.ac.be,Courrier entrant - erp.sai@chuliege.be - Mozilla Thunderbird,Helpdesk général,2021-06-08,12:09:48,00:00:32
stefano.crapanzano@chu.ulg.ac.be,Courrier entrant - erp.sai@chuliege.be - Mozilla Thunderbird,Helpdesk général,2021-06-08,12:10:31,00:00:10
stefano.crapanzano@chu.ulg.ac.be,Courrier entrant - erp.sai@chuliege.be - Mozilla Thunderbird,Helpdesk général,2021-06-08,12:12:05,00:00:03
stefano.crapanzano@chu.ulg.ac.be,Courrier entrant - erp.sai@chuliege.be - Mozilla Thunderbird,Helpdesk général,2021-06-08,12:12:28,00:00:02
stefano.crapanzano@chu.ulg.ac.be,Courrier entrant - erp.sai@chuliege.be - Mozilla Thunderbird,Helpdesk général,2021-06-08,12:13:39,00:00:26
stefano.crapanzano@chu.ulg.ac.be,Courrier entrant - erp.sai@chuliege.be - Mozilla Thunderbird,Helpdesk général,2021-06-08,12:15:30,00:00:02
stefano.crapanzano@chu.ulg.ac.be,Courrier entrant - erp.sai@chuliege.be - Mozilla Thunderbird,Helpdesk général,2021-06-08,12:15:35,00:00:44
stefano.crapanzano@chu.ulg.ac.be,Courrier entrant - erp.sai@chuliege.be - Mozilla Thunderbird,Helpdesk général,2021-06-08,16:11:05,00:01:30
stefano.crapanzano@chu.ulg.ac.be,Courrier entrant - erp.sai@chuliege.be - Mozilla Thunderbird,Helpdesk général,2021-06-08,16:12:39,00:00:03
stefano.crapanzano@chu.ulg.ac.be,Courrier entrant - erp.sai@chuliege.be - Mozilla Thunderbird,Helpdesk général,2021-06-08,16:15:29,00:00:02
stefano.crapanzano@chu.ulg.ac.be,Courrier entrant - erp.sai@chuliege.be - Mozilla Thunderbird,Helpdesk général,2021-06-08,16:16:31,00:00:02
stefano.crapanzano@chu.ulg.ac.be,Courrier entrant - erp.sai@chuliege.be - Mozilla Thunderbird,Helpdesk général,2021-06-08,16:17:27,00:06:11
stefano.crapanzano@chu.ulg.ac.be,Courrier entrant - erp.sai@chuliege.be - Mozilla Thunderbird,Helpdesk général,2021-06-08,16:39:35,00:01:29
stefano.crapanzano@chu.ulg.ac.be,Courrier entrant - erp.sai@chuliege.be - Mozilla Thunderbird,Helpdesk général,2021-06-08,16:42:46,00:00:35
stefano.crapanzano@chu.ulg.ac.be,Courrier entrant - erp.sai@chuliege.be - Mozilla Thunderbird,Helpdesk général,2021-06-08,16:46:23,00:00:06
stefano.crapanzano@chu.ulg.ac.be,Courrier entrant - erp.sai@chuliege.be - Mozilla Thunderbird,Helpdesk général,2021-06-08,16:53:34,00:00:02
stefano.crapanzano@chu.ulg.ac.be,Courrier entrant - stefano.crapanzano@chuliege.be - Mozilla Thunderbird,Helpdesk général,2021-06-08,08:33:52,00:00:21
stefano.crapanzano@chu.ulg.ac.be,Courrier entrant - stefano.crapanzano@chuliege.be - Mozilla Thunderbird,Helpdesk général,2021-06-08,12:10:20,00:00:07
stefano.crapanzano@chu.ulg.ac.be,Courrier entrant - stefano.crapanzano@chuliege.be - Mozilla Thunderbird,Helpdesk général,2021-06-08,12:15:32,00:00:02
stefano.crapanzano@chu.ulg.ac.be,Courrier entrant - stefano.crapanzano@chuliege.be - Mozilla Thunderbird,Helpdesk général,2021-06-08,15:19:48,00:00:22
stefano.crapanzano@chu.ulg.ac.be,Courrier entrant - stefano.crapanzano@chuliege.be - Mozilla Thunderbird,Helpdesk général,2021-06-08,15:33:17,00:00:04
stefano.crapanzano@chu.ulg.ac.be,Courrier entrant - stefano.crapanzano@chuliege.be - Mozilla Thunderbird,Helpdesk général,2021-06-08,15:39:24,00:00:02
stefano.crapanzano@chu.ulg.ac.be,Courrier entrant - stefano.crapanzano@chuliege.be - Mozilla Thunderbird,Helpdesk général,2021-06-08,16:11:03,00:00:02
stefano.crapanzano@chu.ulg.ac.be,Courrier entrant - stefano.crapanzano@chuliege.be - Mozilla Thunderbird,Helpdesk général,2021-06-08,16:12:35,00:00:03
stefano.crapanzano@chu.ulg.ac.be,Courrier entrant - stefano.crapanzano@chuliege.be - Mozilla Thunderbird,Helpdesk général,2021-06-08,16:14:41,00:00:02
stefano.crapanzano@chu.ulg.ac.be,Courrier entrant - stefano.crapanzano@chuliege.be - Mozilla Thunderbird,Helpdesk général,2021-06-08,16:41:05,00:00:26
stefano.crapanzano@chu.ulg.ac.be,Courrier entrant - stefano.crapanzano@chuliege.be - Mozilla Thunderbird,Helpdesk général,2021-06-08,16:53:36,00:00:05
stefano.crapanzano@chu.ulg.ac.be,Envoyés - erp.sai@chuliege.be - Mozilla Thunderbird,Helpdesk général,2021-06-08,08:34:13,00:00:10
stefano.crapanzano@chu.ulg.ac.be,Envoyés - erp.sai@chuliege.be - Mozilla Thunderbird,Helpdesk général,2021-06-08,08:36:28,00:00:02
stefano.crapanzano@chu.ulg.ac.be,Envoyés - erp.sai@chuliege.be - Mozilla Thunderbird,Helpdesk général,2021-06-08,11:17:44,00:00:49
stefano.crapanzano@chu.ulg.ac.be,Envoyés - erp.sai@chuliege.be - Mozilla Thunderbird,Helpdesk général,2021-06-08,11:24:33,00:01:25
stefano.crapanzano@chu.ulg.ac.be,Envoyés - erp.sai@chuliege.be - Mozilla Thunderbird,Helpdesk général,2021-06-08,11:27:39,00:00:02
stefano.crapanzano@chu.ulg.ac.be,Envoyés - erp.sai@chuliege.be - Mozilla Thunderbird,Helpdesk général,2021-06-08,11:27:54,00:00:26
stefano.crapanzano@chu.ulg.ac.be,Envoyés - erp.sai@chuliege.be - Mozilla Thunderbird,Helpdesk général,2021-06-08,11:29:09,00:00:08
stefano.crapanzano@chu.ulg.ac.be,Envoyés - erp.sai@chuliege.be - Mozilla Thunderbird,Helpdesk général,2021-06-08,11:30:53,00:00:04
stefano.crapanzano@chu.ulg.ac.be,Envoyés - erp.sai@chuliege.be - Mozilla Thunderbird,Helpdesk général,2021-06-08,11:52:07,00:00:52
stefano.crapanzano@chu.ulg.ac.be,Envoyés - erp.sai@chuliege.be - Mozilla Thunderbird,Helpdesk général,2021-06-08,12:00:42,00:06:26
stefano.crapanzano@chu.ulg.ac.be,Envoyés - erp.sai@chuliege.be - Mozilla Thunderbird,Helpdesk général,2021-06-08,12:10:27,00:00:03
stefano.crapanzano@chu.ulg.ac.be,Envoyés - erp.sai@chuliege.be - Mozilla Thunderbird,Helpdesk général,2021-06-08,12:16:19,00:12:06
stefano.crapanzano@chu.ulg.ac.be,Envoyés - erp.sai@chuliege.be - Mozilla Thunderbird,Helpdesk général,2021-06-08,12:28:57,01:28:21
stefano.crapanzano@chu.ulg.ac.be,Envoyés - erp.sai@chuliege.be - Mozilla Thunderbird,Helpdesk général,2021-06-08,14:57:14,00:00:32
stefano.crapanzano@chu.ulg.ac.be,Envoyés - erp.sai@chuliege.be - Mozilla Thunderbird,Helpdesk général,2021-06-08,14:57:51,00:00:02
stefano.crapanzano@chu.ulg.ac.be,Envoyés - erp.sai@chuliege.be - Mozilla Thunderbird,Helpdesk général,2021-06-08,15:40:28,00:00:06
stefano.crapanzano@chu.ulg.ac.be,Envoyés - erp.sai@chuliege.be - Mozilla Thunderbird,Helpdesk général,2021-06-08,15:45:07,00:00:19
stefano.crapanzano@chu.ulg.ac.be,Envoyés - erp.sai@chuliege.be - Mozilla Thunderbird,Helpdesk général,2021-06-08,15:46:42,00:00:03
stefano.crapanzano@chu.ulg.ac.be,Envoyés - erp.sai@chuliege.be - Mozilla Thunderbird,Helpdesk général,2021-06-08,15:47:46,00:00:23
stefano.crapanzano@chu.ulg.ac.be,Envoyés - erp.sai@chuliege.be - Mozilla Thunderbird,Helpdesk général,2021-06-08,15:48:29,00:00:03
stefano.crapanzano@chu.ulg.ac.be,Envoyés - erp.sai@chuliege.be - Mozilla Thunderbird,Tâches diverses,2021-06-08,16:10:58,00:00:04
stefano.crapanzano@chu.ulg.ac.be,Envoyés - erp.sai@chuliege.be - Mozilla Thunderbird,Helpdesk général,2021-06-08,16:14:36,00:00:03
stefano.crapanzano@chu.ulg.ac.be,Envoyés - erp.sai@chuliege.be - Mozilla Thunderbird,Helpdesk général,2021-06-08,16:41:31,00:00:18
stefano.crapanzano@chu.ulg.ac.be,Envoyés - erp.sai@chuliege.be - Mozilla Thunderbird,Helpdesk général,2021-06-08,16:42:42,00:00:03
stefano.crapanzano@chu.ulg.ac.be,Envoyés - erp.sai@chuliege.be - Mozilla Thunderbird,Helpdesk général,2021-06-08,16:46:29,00:00:10
stefano.crapanzano@chu.ulg.ac.be,Envoyés - erp.sai@chuliege.be - Mozilla Thunderbird,Helpdesk général,2021-06-08,16:52:38,00:00:06
stefano.crapanzano@chu.ulg.ac.be,Excel,Helpdesk général,2021-06-08,08:34:25,00:00:02
stefano.crapanzano@chu.ulg.ac.be,Parallele Liens applicatifs CHU-Inventaire Interfaces.xlsx  [Mode protégé] - Excel,Tâches diverses,2021-06-08,08:34:28,00:01:56
stefano.crapanzano@chu.ulg.ac.be,Parallele Liens applicatifs CHU-Inventaire Interfaces.xlsx  [Mode protégé] - Excel,Tâches diverses,2021-06-08,08:36:32,00:00:02
stefano.crapanzano@chu.ulg.ac.be,Navigation système de fichier,IT,2021-06-08,08:36:24,00:00:02
stefano.crapanzano@chu.ulg.ac.be,Navigation système de fichier,IT,2021-06-08,10:58:09,00:00:13
stefano.crapanzano@chu.ulg.ac.be,Navigation système de fichier,IT,2021-06-08,11:00:50,00:00:02
stefano.crapanzano@chu.ulg.ac.be,Navigation système de fichier,IT,2021-06-08,11:05:29,00:00:15
stefano.crapanzano@chu.ulg.ac.be,Navigation système de fichier,IT,2021-06-08,11:05:46,00:00:02
stefano.crapanzano@chu.ulg.ac.be,Navigation système de fichier,IT,2021-06-08,11:06:05,00:00:04
stefano.crapanzano@chu.ulg.ac.be,Navigation système de fichier,IT,2021-06-08,11:06:24,00:00:03
stefano.crapanzano@chu.ulg.ac.be,Navigation système de fichier,IT,2021-06-08,11:07:41,00:00:05
stefano.crapanzano@chu.ulg.ac.be,Navigation système de fichier,IT,2021-06-08,11:10:09,00:00:02
stefano.crapanzano@chu.ulg.ac.be,Navigation système de fichier,IT,2021-06-08,11:11:03,00:00:08
stefano.crapanzano@chu.ulg.ac.be,Navigation système de fichier,IT,2021-06-08,11:11:38,00:00:22
stefano.crapanzano@chu.ulg.ac.be,Navigation système de fichier,IT,2021-06-08,11:12:37,00:00:30
stefano.crapanzano@chu.ulg.ac.be,Navigation système de fichier,IT,2021-06-08,11:13:09,00:00:03
stefano.crapanzano@chu.ulg.ac.be,Navigation système de fichier,IT,2021-06-08,11:13:58,00:00:02
stefano.crapanzano@chu.ulg.ac.be,Navigation système de fichier,IT,2021-06-08,11:15:29,00:00:05
stefano.crapanzano@chu.ulg.ac.be,Navigation système de fichier,IT,2021-06-08,11:22:49,00:00:45
stefano.crapanzano@chu.ulg.ac.be,Navigation système de fichier,IT,2021-06-08,11:23:39,00:00:03
stefano.crapanzano@chu.ulg.ac.be,Navigation système de fichier,IT,2021-06-08,11:23:44,00:00:18
stefano.crapanzano@chu.ulg.ac.be,Navigation système de fichier,IT,2021-06-08,11:24:08,00:00:24
stefano.crapanzano@chu.ulg.ac.be,Navigation système de fichier,IT,2021-06-08,11:25:58,00:00:14
stefano.crapanzano@chu.ulg.ac.be,Navigation système de fichier,IT,2021-06-08,11:26:31,00:00:30
stefano.crapanzano@chu.ulg.ac.be,Navigation système de fichier,IT,2021-06-08,11:28:20,00:00:04
stefano.crapanzano@chu.ulg.ac.be,Navigation système de fichier,IT,2021-06-08,11:30:39,00:00:02
stefano.crapanzano@chu.ulg.ac.be,Navigation système de fichier,IT,2021-06-08,11:32:29,00:00:02
stefano.crapanzano@chu.ulg.ac.be,Navigation système de fichier,IT,2021-06-08,11:33:55,00:00:03
stefano.crapanzano@chu.ulg.ac.be,Navigation système de fichier,IT,2021-06-08,11:34:03,00:00:11
stefano.crapanzano@chu.ulg.ac.be,Navigation système de fichier,IT,2021-06-08,11:35:39,00:00:02
stefano.crapanzano@chu.ulg.ac.be,Navigation système de fichier,IT,2021-06-08,11:37:05,00:00:02
stefano.crapanzano@chu.ulg.ac.be,Navigation système de fichier,IT,2021-06-08,11:41:50,00:00:02
stefano.crapanzano@chu.ulg.ac.be,Navigation système de fichier,IT,2021-06-08,11:41:58,00:00:03
stefano.crapanzano@chu.ulg.ac.be,Navigation système de fichier,IT,2021-06-08,11:42:02,00:00:06
stefano.crapanzano@chu.ulg.ac.be,Navigation système de fichier,IT,2021-06-08,11:43:26,00:00:15
stefano.crapanzano@chu.ulg.ac.be,Navigation système de fichier,IT,2021-06-08,11:43:52,00:00:02
stefano.crapanzano@chu.ulg.ac.be,Navigation système de fichier,IT,2021-06-08,11:44:09,00:00:02
stefano.crapanzano@chu.ulg.ac.be,Navigation système de fichier,IT,2021-06-08,11:44:24,00:00:41
stefano.crapanzano@chu.ulg.ac.be,Navigation système de fichier,IT,2021-06-08,11:46:12,00:00:03
stefano.crapanzano@chu.ulg.ac.be,Navigation système de fichier,IT,2021-06-08,11:46:49,00:00:12
stefano.crapanzano@chu.ulg.ac.be,Navigation système de fichier,IT,2021-06-08,11:47:04,00:00:14
stefano.crapanzano@chu.ulg.ac.be,Navigation système de fichier,IT,2021-06-08,11:50:00,00:00:05
stefano.crapanzano@chu.ulg.ac.be,Navigation système de fichier,IT,2021-06-08,11:50:07,00:00:05
stefano.crapanzano@chu.ulg.ac.be,Navigation système de fichier,IT,2021-06-08,11:50:21,00:00:03
stefano.crapanzano@chu.ulg.ac.be,Navigation système de fichier,IT,2021-06-08,11:51:33,00:00:02
stefano.crapanzano@chu.ulg.ac.be,Navigation système de fichier,IT,2021-06-08,11:51:50,00:00:04
stefano.crapanzano@chu.ulg.ac.be,Navigation système de fichier,IT,2021-06-08,11:54:25,00:00:03
stefano.crapanzano@chu.ulg.ac.be,Navigation système de fichier,IT,2021-06-08,11:54:30,00:00:02
stefano.crapanzano@chu.ulg.ac.be,Navigation système de fichier,IT,2021-06-08,12:00:34,00:00:02
stefano.crapanzano@chu.ulg.ac.be,Navigation système de fichier,IT,2021-06-08,14:57:47,00:00:04
stefano.crapanzano@chu.ulg.ac.be,Navigation système de fichier,IT,2021-06-08,14:58:04,00:00:09
stefano.crapanzano@chu.ulg.ac.be,Navigation système de fichier,IT,2021-06-08,14:59:35,00:00:04
stefano.crapanzano@chu.ulg.ac.be,Navigation système de fichier,IT,2021-06-08,15:00:19,00:00:15
stefano.crapanzano@chu.ulg.ac.be,Navigation système de fichier,IT,2021-06-08,15:00:49,00:00:03
stefano.crapanzano@chu.ulg.ac.be,Navigation système de fichier,IT,2021-06-08,15:00:59,00:00:05
stefano.crapanzano@chu.ulg.ac.be,Navigation système de fichier,IT,2021-06-08,15:01:50,00:00:12
stefano.crapanzano@chu.ulg.ac.be,Navigation système de fichier,IT,2021-06-08,15:02:13,00:00:08
stefano.crapanzano@chu.ulg.ac.be,Navigation système de fichier,IT,2021-06-08,15:07:45,00:00:03
stefano.crapanzano@chu.ulg.ac.be,Navigation système de fichier,IT,2021-06-08,15:09:27,00:00:15
stefano.crapanzano@chu.ulg.ac.be,Navigation système de fichier,IT,2021-06-08,15:10:31,00:00:06
stefano.crapanzano@chu.ulg.ac.be,Navigation système de fichier,IT,2021-06-08,15:14:01,00:00:06
stefano.crapanzano@chu.ulg.ac.be,Navigation système de fichier,IT,2021-06-08,15:15:26,00:00:02
stefano.crapanzano@chu.ulg.ac.be,Navigation système de fichier,IT,2021-06-08,15:16:42,00:00:07
stefano.crapanzano@chu.ulg.ac.be,Navigation système de fichier,IT,2021-06-08,15:17:08,00:00:06
stefano.crapanzano@chu.ulg.ac.be,Navigation système de fichier,IT,2021-06-08,15:17:18,00:00:02
stefano.crapanzano@chu.ulg.ac.be,Navigation système de fichier,IT,2021-06-08,15:17:22,00:00:25
stefano.crapanzano@chu.ulg.ac.be,Navigation système de fichier,IT,2021-06-08,15:19:02,00:00:27
stefano.crapanzano@chu.ulg.ac.be,Navigation système de fichier,IT,2021-06-08,15:19:32,00:00:14
stefano.crapanzano@chu.ulg.ac.be,Navigation système de fichier,IT,2021-06-08,15:20:11,00:00:03
stefano.crapanzano@chu.ulg.ac.be,Navigation système de fichier,IT,2021-06-08,15:23:54,00:00:02
stefano.crapanzano@chu.ulg.ac.be,Navigation système de fichier,IT,2021-06-08,15:24:31,00:00:03
stefano.crapanzano@chu.ulg.ac.be,Navigation système de fichier,IT,2021-06-08,15:26:56,00:00:02
stefano.crapanzano@chu.ulg.ac.be,Navigation système de fichier,IT,2021-06-08,15:27:46,00:00:08
stefano.crapanzano@chu.ulg.ac.be,Navigation système de fichier,IT,2021-06-08,15:29:08,00:00:02
stefano.crapanzano@chu.ulg.ac.be,Navigation système de fichier,IT,2021-06-08,15:30:16,00:00:06
stefano.crapanzano@chu.ulg.ac.be,Navigation système de fichier,IT,2021-06-08,15:30:33,00:00:35
stefano.crapanzano@chu.ulg.ac.be,Navigation système de fichier,IT,2021-06-08,15:31:30,00:00:06
stefano.crapanzano@chu.ulg.ac.be,Navigation système de fichier,IT,2021-06-08,15:33:54,00:00:05
stefano.crapanzano@chu.ulg.ac.be,Navigation système de fichier,IT,2021-06-08,15:34:17,00:00:03
stefano.crapanzano@chu.ulg.ac.be,Navigation système de fichier,IT,2021-06-08,15:34:22,00:00:06
stefano.crapanzano@chu.ulg.ac.be,Navigation système de fichier,IT,2021-06-08,15:34:41,00:00:06
stefano.crapanzano@chu.ulg.ac.be,Navigation système de fichier,IT,2021-06-08,15:36:42,00:00:02
stefano.crapanzano@chu.ulg.ac.be,Navigation système de fichier,IT,2021-06-08,15:37:04,00:00:02
stefano.crapanzano@chu.ulg.ac.be,Navigation système de fichier,IT,2021-06-08,15:39:39,00:00:06
stefano.crapanzano@chu.ulg.ac.be,Navigation système de fichier,IT,2021-06-08,15:40:35,00:00:03
stefano.crapanzano@chu.ulg.ac.be,Navigation système de fichier,IT,2021-06-08,15:42:55,00:00:02
stefano.crapanzano@chu.ulg.ac.be,Navigation système de fichier,IT,2021-06-08,15:42:58,00:00:05
stefano.crapanzano@chu.ulg.ac.be,Navigation système de fichier,IT,2021-06-08,15:44:58,00:00:02
stefano.crapanzano@chu.ulg.ac.be,Navigation système de fichier,IT,2021-06-08,15:45:26,00:00:02
stefano.crapanzano@chu.ulg.ac.be,Navigation système de fichier,IT,2021-06-08,15:45:29,00:00:03
stefano.crapanzano@chu.ulg.ac.be,Navigation système de fichier,IT,2021-06-08,15:45:46,00:00:02
stefano.crapanzano@chu.ulg.ac.be,Navigation système de fichier,IT,2021-06-08,15:46:10,00:00:02
stefano.crapanzano@chu.ulg.ac.be,Navigation système de fichier,IT,2021-06-08,15:46:35,00:00:06
stefano.crapanzano@chu.ulg.ac.be,Navigation système de fichier,IT,2021-06-08,15:46:58,00:00:03
stefano.crapanzano@chu.ulg.ac.be,Navigation système de fichier,IT,2021-06-08,15:47:24,00:00:03
stefano.crapanzano@chu.ulg.ac.be,Navigation système de fichier,IT,2021-06-08,15:47:36,00:00:02
stefano.crapanzano@chu.ulg.ac.be,Navigation système de fichier,IT,2021-06-08,15:47:41,00:00:05
stefano.crapanzano@chu.ulg.ac.be,Navigation système de fichier,IT,2021-06-08,15:48:10,00:00:07
stefano.crapanzano@chu.ulg.ac.be,Navigation système de fichier,IT,2021-06-08,15:48:20,00:00:06
stefano.crapanzano@chu.ulg.ac.be,Navigation système de fichier,IT,2021-06-08,15:51:07,00:00:03
stefano.crapanzano@chu.ulg.ac.be,Navigation système de fichier,IT,2021-06-08,15:51:32,00:00:03
stefano.crapanzano@chu.ulg.ac.be,Navigation système de fichier,IT,2021-06-08,15:51:52,00:00:05
stefano.crapanzano@chu.ulg.ac.be,Navigation système de fichier,IT,2021-06-08,15:52:34,00:00:05
stefano.crapanzano@chu.ulg.ac.be,Navigation système de fichier,IT,2021-06-08,16:12:43,00:00:13
stefano.crapanzano@chu.ulg.ac.be,Navigation système de fichier,IT,2021-06-08,16:13:04,00:00:02
stefano.crapanzano@chu.ulg.ac.be,Navigation système de fichier,IT,2021-06-08,16:14:34,00:00:02
stefano.crapanzano@chu.ulg.ac.be,Navigation système de fichier,IT,2021-06-08,16:15:25,00:00:03
stefano.crapanzano@chu.ulg.ac.be,Navigation système de fichier,IT,2021-06-08,16:16:26,00:00:04
stefano.crapanzano@chu.ulg.ac.be,Navigation système de fichier,IT,2021-06-08,16:43:25,00:00:03
stefano.crapanzano@chu.ulg.ac.be,Navigation système de fichier,IT,2021-06-08,16:43:41,00:00:04
stefano.crapanzano@chu.ulg.ac.be,Navigation système de fichier,IT,2021-06-08,16:46:21,00:00:02
stefano.crapanzano@chu.ulg.ac.be,Navigation système de fichier,IT,2021-06-08,16:48:35,00:00:02
stefano.crapanzano@chu.ulg.ac.be,Navigation système de fichier,IT,2021-06-08,16:49:21,00:00:02
stefano.crapanzano@chu.ulg.ac.be,Navigation système de fichier,IT,2021-06-08,16:53:42,00:00:04
stefano.crapanzano@chu.ulg.ac.be,Navigation système de fichier,IT,2021-06-08,16:56:01,00:00:04
stefano.crapanzano@chu.ulg.ac.be,Navigation système de fichier,IT,2021-06-08,16:56:13,00:00:04
stefano.crapanzano@chu.ulg.ac.be,Navigation système de fichier,IT,2021-06-08,16:58:47,00:02:01
stefano.crapanzano@chu.ulg.ac.be,Navigation système de fichier,IT,2021-06-08,17:00:50,00:00:02
stefano.crapanzano@chu.ulg.ac.be,Navigation système de fichier,IT,2021-06-08,17:00:53,00:00:03
stefano.crapanzano@chu.ulg.ac.be,SAP GUI for Windows 750,Exploration SAP,2021-06-08,13:57:20,00:59:53
stefano.crapanzano@chu.ulg.ac.be,Lecture documentation,Tâches diverses,2021-06-08,08:36:36,00:00:03
stefano.crapanzano@chu.ulg.ac.be,Lecture documentation,Tâches diverses,2021-06-08,08:37:32,02:19:44
stefano.crapanzano@chu.ulg.ac.be,Lecture documentation,Tâches diverses,2021-06-08,11:23:34,00:00:05
stefano.crapanzano@chu.ulg.ac.be,Lecture documentation,Tâches diverses,2021-06-08,11:26:12,00:00:16
stefano.crapanzano@chu.ulg.ac.be,Lecture documentation,Tâches diverses,2021-06-08,12:07:54,00:01:53
stefano.crapanzano@chu.ulg.ac.be,Lecture documentation,Tâches diverses,2021-06-08,12:10:43,00:00:41
stefano.crapanzano@chu.ulg.ac.be,Lecture documentation,Tâches diverses,2021-06-08,12:11:34,00:00:29
stefano.crapanzano@chu.ulg.ac.be,Lecture documentation,Tâches diverses,2021-06-08,12:12:30,00:01:07
stefano.crapanzano@chu.ulg.ac.be,Lecture documentation,Tâches diverses,2021-06-08,12:14:06,00:01:22
stefano.crapanzano@chu.ulg.ac.be,Lecture documentation,Tâches diverses,2021-06-08,15:51:35,00:00:07
stefano.crapanzano@chu.ulg.ac.be,Lecture documentation,Tâches diverses,2021-06-08,16:56:17,00:02:29
stefano.crapanzano@chu.ulg.ac.be,Programmation,IT,2021-06-08,08:36:40,00:00:50
stefano.crapanzano@chu.ulg.ac.be,Programmation,IT,2021-06-08,11:05:48,00:00:17
stefano.crapanzano@chu.ulg.ac.be,Programmation,IT,2021-06-08,15:10:38,00:03:23
stefano.crapanzano@chu.ulg.ac.be,Programmation,IT,2021-06-08,15:14:08,00:00:59
stefano.crapanzano@chu.ulg.ac.be,Programmation,IT,2021-06-08,15:15:14,00:00:11
stefano.crapanzano@chu.ulg.ac.be,Programmation,IT,2021-06-08,15:16:09,00:00:11
stefano.crapanzano@chu.ulg.ac.be,Programmation,IT,2021-06-08,15:16:27,00:00:14
stefano.crapanzano@chu.ulg.ac.be,Programmation,IT,2021-06-08,15:16:57,00:00:11
stefano.crapanzano@chu.ulg.ac.be,Programmation,IT,2021-06-08,15:17:47,00:00:32
stefano.crapanzano@chu.ulg.ac.be,Programmation,IT,2021-06-08,15:18:58,00:00:04
stefano.crapanzano@chu.ulg.ac.be,Programmation,IT,2021-06-08,15:19:30,00:00:02
stefano.crapanzano@chu.ulg.ac.be,Programmation,IT,2021-06-08,15:20:51,00:03:02
stefano.crapanzano@chu.ulg.ac.be,Programmation,IT,2021-06-08,15:24:34,00:01:20
stefano.crapanzano@chu.ulg.ac.be,Programmation,IT,2021-06-08,15:25:57,00:00:58
stefano.crapanzano@chu.ulg.ac.be,Programmation,IT,2021-06-08,15:27:55,00:01:12
stefano.crapanzano@chu.ulg.ac.be,Programmation,IT,2021-06-08,15:29:38,00:00:37
stefano.crapanzano@chu.ulg.ac.be,Programmation,IT,2021-06-08,15:39:46,00:00:34
stefano.crapanzano@chu.ulg.ac.be,Programmation,IT,2021-06-08,15:41:52,00:00:30
stefano.crapanzano@chu.ulg.ac.be,Programmation,IT,2021-06-08,15:42:35,00:00:08
stefano.crapanzano@chu.ulg.ac.be,Programmation,IT,2021-06-08,15:42:50,00:00:05
stefano.crapanzano@chu.ulg.ac.be,Programmation,IT,2021-06-08,15:43:04,00:00:45
stefano.crapanzano@chu.ulg.ac.be,Programmation,IT,2021-06-08,15:44:15,00:00:03
stefano.crapanzano@chu.ulg.ac.be,Programmation,IT,2021-06-08,15:44:24,00:00:26
stefano.crapanzano@chu.ulg.ac.be,Programmation,IT,2021-06-08,15:45:00,00:00:05
stefano.crapanzano@chu.ulg.ac.be,Programmation,IT,2021-06-08,15:45:33,00:00:13
stefano.crapanzano@chu.ulg.ac.be,Programmation,IT,2021-06-08,15:48:33,00:01:18
stefano.crapanzano@chu.ulg.ac.be,PE2_203 - sftp://PE2U2FTP@153.89.110.38 - FileZilla,Helpdesk général,2021-06-08,10:57:17,00:00:38
stefano.crapanzano@chu.ulg.ac.be,PE2_203 - sftp://PE2U2FTP@153.89.110.38 - FileZilla,Helpdesk général,2021-06-08,10:57:57,00:00:11
stefano.crapanzano@chu.ulg.ac.be,PE2_203 - sftp://PE2U2FTP@153.89.110.38 - FileZilla,Helpdesk général,2021-06-08,10:58:51,00:00:13
stefano.crapanzano@chu.ulg.ac.be,PE2_203 - sftp://PE2U2FTP@153.89.110.38 - FileZilla,Helpdesk général,2021-06-08,11:00:52,00:00:14
stefano.crapanzano@chu.ulg.ac.be,PE2_203 - sftp://PE2U2FTP@153.89.110.38 - FileZilla,Helpdesk général,2021-06-08,11:01:15,00:00:18
stefano.crapanzano@chu.ulg.ac.be,PE2_203 - sftp://PE2U2FTP@153.89.110.38 - FileZilla,Helpdesk général,2021-06-08,11:03:46,00:00:09
stefano.crapanzano@chu.ulg.ac.be,PE2_203 - sftp://PE2U2FTP@153.89.110.38 - FileZilla,Helpdesk général,2021-06-08,11:28:34,00:00:09
stefano.crapanzano@chu.ulg.ac.be,PE2_203 - sftp://PE2U2FTP@153.89.110.38 - FileZilla,Helpdesk général,2021-06-08,11:36:18,00:00:04
stefano.crapanzano@chu.ulg.ac.be,PE2_203 - sftp://PE2U2FTP@153.89.110.38 - FileZilla,Helpdesk général,2021-06-08,11:36:30,00:00:04
stefano.crapanzano@chu.ulg.ac.be,PE2_203 - sftp://PE2U2FTP@153.89.110.38 - FileZilla,Helpdesk général,2021-06-08,11:36:43,00:00:02
stefano.crapanzano@chu.ulg.ac.be,PE2_203 - sftp://PE2U2FTP@153.89.110.38 - FileZilla,Helpdesk général,2021-06-08,11:37:07,00:00:07
stefano.crapanzano@chu.ulg.ac.be,PE2_203 - sftp://PE2U2FTP@153.89.110.38 - FileZilla,Helpdesk général,2021-06-08,11:37:30,00:00:27
stefano.crapanzano@chu.ulg.ac.be,PE2_203 - sftp://PE2U2FTP@153.89.110.38 - FileZilla,Helpdesk général,2021-06-08,11:38:13,00:00:16
stefano.crapanzano@chu.ulg.ac.be,PE2_203 - sftp://PE2U2FTP@153.89.110.38 - FileZilla,Helpdesk général,2021-06-08,11:39:05,00:00:04
stefano.crapanzano@chu.ulg.ac.be,PE2_203 - sftp://PE2U2FTP@153.89.110.38 - FileZilla,Helpdesk général,2021-06-08,11:39:31,00:00:06
stefano.crapanzano@chu.ulg.ac.be,PE2_203 - sftp://PE2U2FTP@153.89.110.38 - FileZilla,Helpdesk général,2021-06-08,11:39:56,00:00:03
stefano.crapanzano@chu.ulg.ac.be,PE2_203 - sftp://PE2U2FTP@153.89.110.38 - FileZilla,Helpdesk général,2021-06-08,11:40:32,00:00:06
stefano.crapanzano@chu.ulg.ac.be,PE2_203 - sftp://PE2U2FTP@153.89.110.38 - FileZilla,Helpdesk général,2021-06-08,11:40:46,00:00:18
stefano.crapanzano@chu.ulg.ac.be,PE2_203 - sftp://PE2U2FTP@153.89.110.38 - FileZilla,Helpdesk général,2021-06-08,11:44:11,00:00:13
stefano.crapanzano@chu.ulg.ac.be,PE2_203 - sftp://PE2U2FTP@153.89.110.38 - FileZilla,Helpdesk général,2021-06-08,11:46:05,00:00:07
stefano.crapanzano@chu.ulg.ac.be,PE2_203 - sftp://PE2U2FTP@153.89.110.38 - FileZilla,Helpdesk général,2021-06-08,11:50:13,00:00:08
stefano.crapanzano@chu.ulg.ac.be,PE2_203 - sftp://PE2U2FTP@153.89.110.38 - FileZilla,Helpdesk général,2021-06-08,11:51:35,00:00:10
stefano.crapanzano@chu.ulg.ac.be,PE2_203 - sftp://PE2U2FTP@153.89.110.38 - FileZilla,Helpdesk général,2021-06-08,11:54:32,00:00:06
stefano.crapanzano@chu.ulg.ac.be,PE2_203 - sftp://PE2U2FTP@153.89.110.38 - FileZilla,Helpdesk général,2021-06-08,11:54:39,00:00:10
stefano.crapanzano@chu.ulg.ac.be,SAP Logon 750,Exploration SAP,2021-06-08,10:59:50,00:00:03
stefano.crapanzano@chu.ulg.ac.be,SAP Logon 750,Exploration SAP,2021-06-08,11:01:51,00:00:02
stefano.crapanzano@chu.ulg.ac.be,SAP Logon 750,Exploration SAP,2021-06-08,15:32:22,00:00:02
stefano.crapanzano@chu.ulg.ac.be,SAP Logon 750,Exploration SAP,2021-06-08,16:48:42,00:00:02
stefano.crapanzano@chu.ulg.ac.be,\\ERPFTP.st.chulg\ERP\Log\Serv940SapOk-SapPE2203-MmOplbarcodeInput.log - Notepad++ [Administrator],IT,2021-06-08,10:58:22,00:00:28
stefano.crapanzano@chu.ulg.ac.be,\\ERPFTP.st.chulg\ERP\Log\Serv940SapOk-SapPE2203-MmOplbarcodeInput.log - Notepad++ [Administrator],IT,2021-06-08,11:01:13,00:00:02
stefano.crapanzano@chu.ulg.ac.be,\\ERPFTP.st.chulg\ERP\Log\Serv940SapOk-SapPE2203-MmOplbarcodeInput.log - Notepad++ [Administrator],IT,2021-06-08,11:34:17,00:00:15
stefano.crapanzano@chu.ulg.ac.be,\\ERPFTP.st.chulg\ERP\Log\Serv940SapOk-SapPE2203-MmOplbarcodeInput.log - Notepad++ [Administrator],IT,2021-06-08,11:34:39,00:00:11
stefano.crapanzano@chu.ulg.ac.be,\\ERPFTP.st.chulg\ERP\Log\Serv940SapOk-SapPE2203-MmOplbarcodeInput.log - Notepad++ [Administrator],IT,2021-06-08,12:28:39,00:00:16
stefano.crapanzano@chu.ulg.ac.be,Helpdesk ATI - Db Hardware Prod - Google Chrome,Tâches diverses,2021-06-08,10:59:04,00:00:20
stefano.crapanzano@chu.ulg.ac.be,Helpdesk ATI - Db Hardware Prod - Google Chrome,Tâches diverses,2021-06-08,15:54:51,00:00:03
stefano.crapanzano@chu.ulg.ac.be,SAP Easy Access Menu de base Applications financières-économiques,Exploration SAP,2021-06-08,10:59:54,00:00:06
stefano.crapanzano@chu.ulg.ac.be,SAP Easy Access Menu de base Applications financières-économiques,Exploration SAP,2021-06-08,11:00:03,00:00:02
stefano.crapanzano@chu.ulg.ac.be,SAP Easy Access Menu de base Applications financières-économiques,Exploration SAP,2021-06-08,11:02:15,00:00:07
stefano.crapanzano@chu.ulg.ac.be,SAP Easy Access Menu de base Applications financières-économiques,Exploration SAP,2021-06-08,11:07:25,00:00:03
stefano.crapanzano@chu.ulg.ac.be,SAP Easy Access Menu de base Applications financières-économiques,Exploration SAP,2021-06-08,11:07:37,00:00:04
stefano.crapanzano@chu.ulg.ac.be,SAP Easy Access Menu de base Applications financières-économiques,Exploration SAP,2021-06-08,11:07:54,00:00:02
stefano.crapanzano@chu.ulg.ac.be,SAP Easy Access Menu de base Applications financières-économiques,Exploration SAP,2021-06-08,11:07:58,00:00:02
stefano.crapanzano@chu.ulg.ac.be,SAP Easy Access Menu de base Applications financières-économiques,Exploration SAP,2021-06-08,11:09:32,00:00:07
stefano.crapanzano@chu.ulg.ac.be,SAP Easy Access Menu de base Applications financières-économiques,Exploration SAP,2021-06-08,11:41:10,00:00:02
stefano.crapanzano@chu.ulg.ac.be,SAP Easy Access Menu de base Applications financières-économiques,Exploration SAP,2021-06-08,11:41:21,00:00:05
stefano.crapanzano@chu.ulg.ac.be,SAP Easy Access Menu de base Applications financières-économiques,Exploration SAP,2021-06-08,15:32:25,00:00:03
stefano.crapanzano@chu.ulg.ac.be,Recherche dans arborescence des menus,Exploration SAP,2021-06-08,11:00:00,00:00:03
stefano.crapanzano@chu.ulg.ac.be,Recherche dans arborescence des menus,Exploration SAP,2021-06-08,11:02:22,00:00:02
stefano.crapanzano@chu.ulg.ac.be,Recherche dans arborescence des menus,Exploration SAP,2021-06-08,11:07:28,00:00:08
stefano.crapanzano@chu.ulg.ac.be,Recherche dans arborescence des menus,Exploration SAP,2021-06-08,11:41:13,00:00:08
stefano.crapanzano@chu.ulg.ac.be,Chargement code barre et création IDocs,Exploration SAP,2021-06-08,11:00:06,00:00:02
stefano.crapanzano@chu.ulg.ac.be,Chargement code barre et création IDocs,Exploration SAP,2021-06-08,11:00:12,00:00:07
stefano.crapanzano@chu.ulg.ac.be,Chargement code barre et création IDocs,Exploration SAP,2021-06-08,11:00:28,00:00:06
stefano.crapanzano@chu.ulg.ac.be,Chargement code barre et création IDocs,Exploration SAP,2021-06-08,11:00:40,00:00:09
stefano.crapanzano@chu.ulg.ac.be,Chargement code barre et création IDocs,Exploration SAP,2021-06-08,11:02:26,00:00:03
stefano.crapanzano@chu.ulg.ac.be,Chargement code barre et création IDocs,Exploration SAP,2021-06-08,11:02:31,00:00:02
stefano.crapanzano@chu.ulg.ac.be,Chargement code barre et création IDocs,Exploration SAP,2021-06-08,11:02:37,00:00:02
stefano.crapanzano@chu.ulg.ac.be,Chargement code barre et création IDocs,Exploration SAP,2021-06-08,11:03:18,00:00:03
stefano.crapanzano@chu.ulg.ac.be,Chargement code barre et création IDocs,Exploration SAP,2021-06-08,11:04:36,00:00:04
stefano.crapanzano@chu.ulg.ac.be,Chargement code barre et création IDocs,Exploration SAP,2021-06-08,11:04:49,00:00:10
stefano.crapanzano@chu.ulg.ac.be,Chargement code barre et création IDocs,Exploration SAP,2021-06-08,11:05:04,00:00:02
stefano.crapanzano@chu.ulg.ac.be,Chargement code barre et création IDocs,Exploration SAP,2021-06-08,11:06:56,00:00:15
stefano.crapanzano@chu.ulg.ac.be,Chargement code barre et création IDocs,Exploration SAP,2021-06-08,11:07:22,00:00:02
stefano.crapanzano@chu.ulg.ac.be,Chargement code barre et création IDocs,Exploration SAP,2021-06-08,11:09:40,00:00:02
stefano.crapanzano@chu.ulg.ac.be,Chargement code barre et création IDocs,Exploration SAP,2021-06-08,11:09:43,00:00:18
stefano.crapanzano@chu.ulg.ac.be,Chargement code barre et création IDocs,Exploration SAP,2021-06-08,11:10:23,00:00:07
stefano.crapanzano@chu.ulg.ac.be,Chargement code barre et création IDocs,Exploration SAP,2021-06-08,11:10:47,00:00:03
stefano.crapanzano@chu.ulg.ac.be,Chargement code barre et création IDocs,Exploration SAP,2021-06-08,11:10:54,00:00:09
stefano.crapanzano@chu.ulg.ac.be,Chargement code barre et création IDocs,Exploration SAP,2021-06-08,11:15:35,00:00:03
stefano.crapanzano@chu.ulg.ac.be,Chargement code barre et création IDocs,Exploration SAP,2021-06-08,11:18:36,00:04:12
stefano.crapanzano@chu.ulg.ac.be,Chargement code barre et création IDocs,Exploration SAP,2021-06-08,11:24:03,00:00:05
stefano.crapanzano@chu.ulg.ac.be,Chargement code barre et création IDocs,Exploration SAP,2021-06-08,11:37:15,00:00:10
stefano.crapanzano@chu.ulg.ac.be,Chargement code barre et création IDocs,Exploration SAP,2021-06-08,11:37:58,00:00:03
stefano.crapanzano@chu.ulg.ac.be,Chargement code barre et création IDocs,Exploration SAP,2021-06-08,11:38:03,00:00:06
stefano.crapanzano@chu.ulg.ac.be,Chargement code barre et création IDocs,Exploration SAP,2021-06-08,11:41:04,00:00:06
stefano.crapanzano@chu.ulg.ac.be,Chargement code barre et création IDocs,Exploration SAP,2021-06-08,11:50:25,00:00:02
stefano.crapanzano@chu.ulg.ac.be,Chargement code barre et création IDocs,Exploration SAP,2021-06-08,11:50:28,00:00:10
stefano.crapanzano@chu.ulg.ac.be,Chargement code barre et création IDocs,Exploration SAP,2021-06-08,11:50:52,00:00:02
stefano.crapanzano@chu.ulg.ac.be,ABAP : catalogue des variantes du programme ZMMOPLBARCODE1,Exploration SAP,2021-06-08,11:00:08,00:00:03
stefano.crapanzano@chu.ulg.ac.be,Information,Exploration SAP,2021-06-08,11:00:19,00:00:09
stefano.crapanzano@chu.ulg.ac.be,Information,Exploration SAP,2021-06-08,11:00:34,00:00:06
stefano.crapanzano@chu.ulg.ac.be,Information,Exploration SAP,2021-06-08,11:02:13,00:00:02
stefano.crapanzano@chu.ulg.ac.be,Information,Exploration SAP,2021-06-08,11:02:33,00:00:03
stefano.crapanzano@chu.ulg.ac.be,Information,Exploration SAP,2021-06-08,11:03:24,00:00:02
stefano.crapanzano@chu.ulg.ac.be,Information,Exploration SAP,2021-06-08,11:05:00,00:00:03
stefano.crapanzano@chu.ulg.ac.be,Information,Exploration SAP,2021-06-08,11:07:12,00:00:03
stefano.crapanzano@chu.ulg.ac.be,Information,Exploration SAP,2021-06-08,11:08:12,00:00:02
stefano.crapanzano@chu.ulg.ac.be,Information,Exploration SAP,2021-06-08,11:08:29,00:00:02
stefano.crapanzano@chu.ulg.ac.be,Information,Exploration SAP,2021-06-08,11:10:01,00:00:07
stefano.crapanzano@chu.ulg.ac.be,Information,Exploration SAP,2021-06-08,11:10:30,00:00:16
stefano.crapanzano@chu.ulg.ac.be,Information,Exploration SAP,2021-06-08,11:10:50,00:00:03
stefano.crapanzano@chu.ulg.ac.be,Information,Exploration SAP,2021-06-08,11:15:38,00:00:02
stefano.crapanzano@chu.ulg.ac.be,Information,Exploration SAP,2021-06-08,11:37:26,00:00:02
stefano.crapanzano@chu.ulg.ac.be,Information,Exploration SAP,2021-06-08,11:38:09,00:00:03
stefano.crapanzano@chu.ulg.ac.be,Information,Exploration SAP,2021-06-08,11:38:29,00:00:36
stefano.crapanzano@chu.ulg.ac.be,Information,Exploration SAP,2021-06-08,11:39:10,00:00:20
stefano.crapanzano@chu.ulg.ac.be,Information,Exploration SAP,2021-06-08,11:39:37,00:00:17
stefano.crapanzano@chu.ulg.ac.be,Information,Exploration SAP,2021-06-08,11:39:59,00:00:32
stefano.crapanzano@chu.ulg.ac.be,Information,Exploration SAP,2021-06-08,11:40:39,00:00:07
stefano.crapanzano@chu.ulg.ac.be,Information,Exploration SAP,2021-06-08,11:41:34,00:00:02
stefano.crapanzano@chu.ulg.ac.be,Information,Exploration SAP,2021-06-08,11:50:39,00:00:13
stefano.crapanzano@chu.ulg.ac.be,C:\Users\c158492\AppData\Local\Temp\fz3temp-2\SAP202106080021.txt - Notepad++ [Administrator],IT,2021-06-08,11:01:07,00:00:06
stefano.crapanzano@chu.ulg.ac.be,AE2_203 - sftp://AE2U2FTP@153.89.110.38 - FileZilla,Helpdesk général,2021-06-08,11:01:33,00:00:16
stefano.crapanzano@chu.ulg.ac.be,AE2_203 - sftp://AE2U2FTP@153.89.110.38 - FileZilla,Helpdesk général,2021-06-08,11:02:39,00:00:37
stefano.crapanzano@chu.ulg.ac.be,AE2_203 - sftp://AE2U2FTP@153.89.110.38 - FileZilla,Helpdesk général,2021-06-08,11:03:28,00:00:10
stefano.crapanzano@chu.ulg.ac.be,AE2_203 - sftp://AE2U2FTP@153.89.110.38 - FileZilla,Helpdesk général,2021-06-08,11:03:40,00:00:06
stefano.crapanzano@chu.ulg.ac.be,AE2_203 - sftp://AE2U2FTP@153.89.110.38 - FileZilla,Helpdesk général,2021-06-08,11:03:56,00:00:04
stefano.crapanzano@chu.ulg.ac.be,AE2_203 - sftp://AE2U2FTP@153.89.110.38 - FileZilla,Helpdesk général,2021-06-08,11:04:07,00:00:04
stefano.crapanzano@chu.ulg.ac.be,AE2_203 - sftp://AE2U2FTP@153.89.110.38 - FileZilla,Helpdesk général,2021-06-08,11:04:28,00:00:07
stefano.crapanzano@chu.ulg.ac.be,AE2_203 - sftp://AE2U2FTP@153.89.110.38 - FileZilla,Helpdesk général,2021-06-08,11:04:45,00:00:03
stefano.crapanzano@chu.ulg.ac.be,AE2_203 - sftp://AE2U2FTP@153.89.110.38 - FileZilla,Helpdesk général,2021-06-08,11:05:06,00:00:15
stefano.crapanzano@chu.ulg.ac.be,AE2_203 - sftp://AE2U2FTP@153.89.110.38 - FileZilla,Helpdesk général,2021-06-08,11:06:37,00:00:03
stefano.crapanzano@chu.ulg.ac.be,AE2_203 - sftp://AE2U2FTP@153.89.110.38 - FileZilla,Helpdesk général,2021-06-08,11:06:44,00:00:10
stefano.crapanzano@chu.ulg.ac.be,AE2_203 - sftp://AE2U2FTP@153.89.110.38 - FileZilla,Helpdesk général,2021-06-08,11:07:18,00:00:03
stefano.crapanzano@chu.ulg.ac.be,AE2_203 - sftp://AE2U2FTP@153.89.110.38 - FileZilla,Helpdesk général,2021-06-08,11:08:41,00:00:08
stefano.crapanzano@chu.ulg.ac.be,AE2_203 - sftp://AE2U2FTP@153.89.110.38 - FileZilla,Helpdesk général,2021-06-08,11:09:17,00:00:04
stefano.crapanzano@chu.ulg.ac.be,AE2_203 - sftp://AE2U2FTP@153.89.110.38 - FileZilla,Helpdesk général,2021-06-08,11:28:25,00:00:09
stefano.crapanzano@chu.ulg.ac.be,AE2_203 - sftp://AE2U2FTP@153.89.110.38 - FileZilla,Helpdesk général,2021-06-08,11:28:44,00:00:23
stefano.crapanzano@chu.ulg.ac.be,AE2_203 - sftp://AE2U2FTP@153.89.110.38 - FileZilla,Helpdesk général,2021-06-08,11:35:41,00:00:08
stefano.crapanzano@chu.ulg.ac.be,AE2_203 - sftp://AE2U2FTP@153.89.110.38 - FileZilla,Helpdesk général,2021-06-08,11:36:16,00:00:02
stefano.crapanzano@chu.ulg.ac.be,SAP,Exploration SAP,2021-06-08,11:01:53,00:00:19
stefano.crapanzano@chu.ulg.ac.be,C:\temp\01228-20210608110010.txt - Notepad++ [Administrator],IT,2021-06-08,11:04:01,00:00:03
stefano.crapanzano@chu.ulg.ac.be,C:\temp\01228-20210608110010.txt - Notepad++ [Administrator],IT,2021-06-08,11:06:12,00:00:02
stefano.crapanzano@chu.ulg.ac.be,C:\temp\01228-20210608110010.txt - Notepad++ [Administrator],IT,2021-06-08,11:09:00,00:00:06
stefano.crapanzano@chu.ulg.ac.be,C:\temp\01228-20210608110010.txt - Notepad++ [Administrator],IT,2021-06-08,11:09:28,00:00:03
stefano.crapanzano@chu.ulg.ac.be,C:\temp\01228-20210608110010.txt - Notepad++ [Administrator],IT,2021-06-08,11:10:12,00:00:10
stefano.crapanzano@chu.ulg.ac.be,C:\Users\c158492\AppData\Local\Temp\fz3temp-2\202106080020.txt - Notepad++ [Administrator],IT,2021-06-08,11:04:11,00:00:14
stefano.crapanzano@chu.ulg.ac.be,C:\Users\c158492\AppData\Local\Temp\fz3temp-2\202106080020.txt - Notepad++ [Administrator],IT,2021-06-08,11:05:24,00:00:04
stefano.crapanzano@chu.ulg.ac.be,Le fichier sélectionné est déjà en cours d'édition,Helpdesk général,2021-06-08,11:05:22,00:00:02
stefano.crapanzano@chu.ulg.ac.be,C:\temp\SAP202106080001.txt - Notepad++ [Administrator],IT,2021-06-08,11:06:15,00:00:09
stefano.crapanzano@chu.ulg.ac.be,C:\temp\SAP202106080001.txt - Notepad++ [Administrator],IT,2021-06-08,11:06:28,00:00:03
stefano.crapanzano@chu.ulg.ac.be,C:\temp\SAP202106080001.txt - Notepad++ [Administrator],IT,2021-06-08,11:06:41,00:00:02
stefano.crapanzano@chu.ulg.ac.be,*C:\temp\SAP202106080001.txt - Notepad++ [Administrator],IT,2021-06-08,11:06:31,00:00:03
stefano.crapanzano@chu.ulg.ac.be,Liste des IDocs,Exploration SAP,2021-06-08,11:07:51,00:00:03
stefano.crapanzano@chu.ulg.ac.be,Synthèse IDocs,Exploration SAP,2021-06-08,11:08:00,00:00:07
stefano.crapanzano@chu.ulg.ac.be,Synthèse IDocs,Exploration SAP,2021-06-08,11:08:09,00:00:03
stefano.crapanzano@chu.ulg.ac.be,Synthèse IDocs,Exploration SAP,2021-06-08,11:08:15,00:00:14
stefano.crapanzano@chu.ulg.ac.be,Synthèse IDocs,Exploration SAP,2021-06-08,11:08:31,00:00:02
stefano.crapanzano@chu.ulg.ac.be,Synthèse IDocs,Exploration SAP,2021-06-08,11:08:36,00:00:02
stefano.crapanzano@chu.ulg.ac.be,Synthèse IDocs,Exploration SAP,2021-06-08,11:41:29,00:00:04
stefano.crapanzano@chu.ulg.ac.be,Synthèse IDocs,Exploration SAP,2021-06-08,11:41:36,00:00:06
stefano.crapanzano@chu.ulg.ac.be,Synthèse IDocs,Exploration SAP,2021-06-08,11:50:59,00:00:02
stefano.crapanzano@chu.ulg.ac.be,Synthèse IDocs,Exploration SAP,2021-06-08,11:51:03,00:00:16
stefano.crapanzano@chu.ulg.ac.be,Synthèse IDocs,Exploration SAP,2021-06-08,11:56:33,00:00:06
stefano.crapanzano@chu.ulg.ac.be,Synthèse IDocs,Exploration SAP,2021-06-08,11:56:57,00:00:06
stefano.crapanzano@chu.ulg.ac.be,Statut de l'IDOC 69 Entrées,Exploration SAP,2021-06-08,11:08:34,00:00:02
stefano.crapanzano@chu.ulg.ac.be,C:\Users\c158492\AppData\Local\Temp\fz3temp-2\SAP202106080001.txt - Notepad++ [Administrator],IT,2021-06-08,11:08:49,00:00:08
stefano.crapanzano@chu.ulg.ac.be,C:\Users\c158492\AppData\Local\Temp\fz3temp-2\SAP202106080001.txt - Notepad++ [Administrator],IT,2021-06-08,11:09:24,00:00:03
stefano.crapanzano@chu.ulg.ac.be,*C:\Users\c158492\AppData\Local\Temp\fz3temp-2\SAP202106080001.txt - Notepad++ [Administrator],IT,2021-06-08,11:08:58,00:00:02
stefano.crapanzano@chu.ulg.ac.be,*C:\Users\c158492\AppData\Local\Temp\fz3temp-2\SAP202106080001.txt - Notepad++ [Administrator],IT,2021-06-08,11:09:06,00:00:07
stefano.crapanzano@chu.ulg.ac.be,C:\temp\SAP202106080020.txt - Notepad++ [Administrator],IT,2021-06-08,11:11:12,00:00:02
stefano.crapanzano@chu.ulg.ac.be,C:\temp\SAP202106080002.txt - Notepad++ [Administrator],IT,2021-06-08,11:11:15,00:00:02
stefano.crapanzano@chu.ulg.ac.be,C:\temp\SAP202106080002.txt - Notepad++ [Administrator],IT,2021-06-08,11:31:00,00:01:22
stefano.crapanzano@chu.ulg.ac.be,C:\temp\SAP202106080002.txt - Notepad++ [Administrator],IT,2021-06-08,11:32:46,00:00:38
stefano.crapanzano@chu.ulg.ac.be,C:\temp\SAP202106080021.txt - Notepad++ [Administrator],IT,2021-06-08,11:11:17,00:00:21
stefano.crapanzano@chu.ulg.ac.be,C:\temp\SAP202106080021.txt - Notepad++ [Administrator],IT,2021-06-08,11:13:12,00:00:06
stefano.crapanzano@chu.ulg.ac.be,C:\temp\SAP202106080021.txt - Notepad++ [Administrator],IT,2021-06-08,11:13:19,00:00:02
stefano.crapanzano@chu.ulg.ac.be,C:\temp\SAP202106080021.txt - Notepad++ [Administrator],Helpdesk général,2021-06-08,11:13:28,00:00:02
stefano.crapanzano@chu.ulg.ac.be,C:\temp\SAP202106080021.txt - Notepad++ [Administrator],IT,2021-06-08,11:30:58,00:00:02
stefano.crapanzano@chu.ulg.ac.be,Greenshot capture form,Helpdesk général,2021-06-08,11:13:22,00:00:06
stefano.crapanzano@chu.ulg.ac.be,Greenshot capture form,Helpdesk général,2021-06-08,11:15:41,00:00:02
stefano.crapanzano@chu.ulg.ac.be,Greenshot capture form,Helpdesk général,2021-06-08,11:27:33,00:00:03
stefano.crapanzano@chu.ulg.ac.be,Greenshot capture form,Helpdesk général,2021-06-08,11:32:23,00:00:04
stefano.crapanzano@chu.ulg.ac.be,Greenshot capture form,Helpdesk général,2021-06-08,11:34:32,00:00:06
stefano.crapanzano@chu.ulg.ac.be,Greenshot capture form,Helpdesk général,2021-06-08,11:36:10,00:00:03
stefano.crapanzano@chu.ulg.ac.be,Greenshot capture form,Helpdesk général,2021-06-08,11:36:35,00:00:06
stefano.crapanzano@chu.ulg.ac.be,Greenshot capture form,Helpdesk général,2021-06-08,11:36:49,00:00:02
stefano.crapanzano@chu.ulg.ac.be,Greenshot capture form,Helpdesk général,2021-06-08,11:56:27,00:00:04
stefano.crapanzano@chu.ulg.ac.be,Greenshot capture form,Helpdesk général,2021-06-08,11:57:04,00:00:05
stefano.crapanzano@chu.ulg.ac.be,Greenshot capture form,Helpdesk général,2021-06-08,12:11:25,00:00:08
stefano.crapanzano@chu.ulg.ac.be,Greenshot capture form,Helpdesk général,2021-06-08,15:40:42,00:00:10
stefano.crapanzano@chu.ulg.ac.be,GOAL : exploitation - fichiers de commandes SAP à traiter en attente - Mozilla Thunderbird,Helpdesk général,2021-06-08,11:13:33,00:00:03
stefano.crapanzano@chu.ulg.ac.be,GOAL : exploitation - fichiers de commandes SAP à traiter en attente - Mozilla Thunderbird,Helpdesk général,2021-06-08,11:17:23,00:00:02
stefano.crapanzano@chu.ulg.ac.be,GOAL : exploitation - fichiers de commandes SAP à traiter en attente - Mozilla Thunderbird,Helpdesk général,2021-06-08,11:45:09,00:00:02
stefano.crapanzano@chu.ulg.ac.be,GOAL : exploitation - fichiers de commandes SAP à traiter en attente - Mozilla Thunderbird,Helpdesk général,2021-06-08,11:46:16,00:00:02
stefano.crapanzano@chu.ulg.ac.be,GOAL : exploitation - fichiers de commandes SAP à traiter en attente - Mozilla Thunderbird,Helpdesk général,2021-06-08,11:53:12,00:00:02
stefano.crapanzano@chu.ulg.ac.be,GOAL : exploitation - fichiers de commandes SAP à traiter en attente - Mozilla Thunderbird,Helpdesk général,2021-06-08,12:00:36,00:00:02
stefano.crapanzano@chu.ulg.ac.be,Rédaction : Re: GOAL : exploitation - fichiers de commandes SAP à traiter en attente - Thunderbird,Helpdesk général,2021-06-08,11:13:36,00:00:21
stefano.crapanzano@chu.ulg.ac.be,Rédaction : Re: GOAL : exploitation - fichiers de commandes SAP à traiter en attente - Thunderbird,Helpdesk général,2021-06-08,11:14:00,00:01:28
stefano.crapanzano@chu.ulg.ac.be,Rédaction : Re: GOAL : exploitation - fichiers de commandes SAP à traiter en attente - Thunderbird,Helpdesk général,2021-06-08,11:15:46,00:01:34
stefano.crapanzano@chu.ulg.ac.be,Rédaction : Re: GOAL : exploitation - fichiers de commandes SAP à traiter en attente - Thunderbird,Helpdesk général,2021-06-08,11:17:28,00:00:09
stefano.crapanzano@chu.ulg.ac.be,Rédaction : Re: GOAL : exploitation - fichiers de commandes SAP à traiter en attente - Thunderbird,Helpdesk général,2021-06-08,11:29:56,00:00:38
stefano.crapanzano@chu.ulg.ac.be,Rédaction : Re: GOAL : exploitation - fichiers de commandes SAP à traiter en attente - Thunderbird,Helpdesk général,2021-06-08,11:34:54,00:00:40
stefano.crapanzano@chu.ulg.ac.be,Rédaction : Re: GOAL : exploitation - fichiers de commandes SAP à traiter en attente - Thunderbird,Helpdesk général,2021-06-08,11:45:13,00:00:48
stefano.crapanzano@chu.ulg.ac.be,Rédaction : Re: GOAL : exploitation - fichiers de commandes SAP à traiter en attente - Thunderbird,Helpdesk général,2021-06-08,11:53:14,00:00:57
stefano.crapanzano@chu.ulg.ac.be,Rédaction : Re: GOAL : exploitation - fichiers de commandes SAP à traiter en attente - Thunderbird,Helpdesk général,2021-06-08,11:55:22,00:01:01
stefano.crapanzano@chu.ulg.ac.be,Rédaction : Re: GOAL : exploitation - fichiers de commandes SAP à traiter en attente - Thunderbird,Helpdesk général,2021-06-08,11:57:11,00:01:16
stefano.crapanzano@chu.ulg.ac.be,Rédaction : Re: GOAL : exploitation - fichiers de commandes SAP à traiter en attente - Thunderbird,Helpdesk général,2021-06-08,11:58:41,00:01:03
stefano.crapanzano@chu.ulg.ac.be,Rédaction : Re: GOAL : exploitation - fichiers de commandes SAP à traiter en attente - Thunderbird,Helpdesk général,2021-06-08,11:59:48,00:00:26
stefano.crapanzano@chu.ulg.ac.be,Vérification de l’orthographe,Helpdesk général,2021-06-08,11:35:35,00:00:02
stefano.crapanzano@chu.ulg.ac.be,Vérification de l’orthographe,Helpdesk général,2021-06-08,11:46:01,00:00:02
stefano.crapanzano@chu.ulg.ac.be,Vérification de l’orthographe,Helpdesk général,2021-06-08,12:00:15,00:00:06
stefano.crapanzano@chu.ulg.ac.be,Fichier réappro transmis par les pda à SAP - OneNote,Helpdesk général,2021-06-08,11:27:37,00:00:02
stefano.crapanzano@chu.ulg.ac.be,Fichier réappro transmis par les pda à SAP - OneNote,Helpdesk général,2021-06-08,15:51:03,00:00:02
stefano.crapanzano@chu.ulg.ac.be,Rédaction : (pas de sujet) - Thunderbird,Helpdesk général,2021-06-08,11:27:42,00:00:04
stefano.crapanzano@chu.ulg.ac.be,Rédaction : (pas de sujet) - Thunderbird,Helpdesk général,2021-06-08,11:32:34,00:00:08
stefano.crapanzano@chu.ulg.ac.be,Rédaction : (pas de sujet) - Thunderbird,Helpdesk général,2021-06-08,11:36:56,00:00:04
stefano.crapanzano@chu.ulg.ac.be,Rédaction : (pas de sujet) - Thunderbird,Helpdesk général,2021-06-08,16:56:06,00:00:03
stefano.crapanzano@chu.ulg.ac.be,*C:\temp\SAP202106080002.txt - Notepad++ [Administrator],IT,2021-06-08,11:33:24,00:00:04
stefano.crapanzano@chu.ulg.ac.be,*C:\temp\SAP202106080002.txt - Notepad++ [Administrator],IT,2021-06-08,11:34:14,00:00:02
stefano.crapanzano@chu.ulg.ac.be,C:\Users\c158492\AppData\Local\Temp\fz3temp-2\SAP202106080001 2.txt - Notepad++ [Administrator],IT,2021-06-08,11:35:49,00:00:20
stefano.crapanzano@chu.ulg.ac.be,C:\Users\c158492\AppData\Local\Temp\fz3temp-2\SAP202106080001 2.txt - Notepad++ [Administrator],IT,2021-06-08,11:36:13,00:00:02
stefano.crapanzano@chu.ulg.ac.be,C:\Users\c158492\AppData\Local\Temp\fz3temp-2\SAP202106080001 3.txt - Notepad++ [Administrator],IT,2021-06-08,11:36:23,00:00:04
stefano.crapanzano@chu.ulg.ac.be,C:\Users\c158492\AppData\Local\Temp\fz3temp-2\SAP202106080001 3.txt - Notepad++ [Administrator],IT,2021-06-08,11:36:47,00:00:02
stefano.crapanzano@chu.ulg.ac.be,C:\Users\c158492\AppData\Local\Temp\fz3temp-2\SAP202106080001 3.txt - Notepad++ [Administrator],IT,2021-06-08,11:36:52,00:00:02
stefano.crapanzano@chu.ulg.ac.be,C:\Users\c158492\AppData\Local\Temp\fz3temp-2\SAP202106080001 3.txt - Notepad++ [Administrator],IT,2021-06-08,11:37:01,00:00:02
stefano.crapanzano@chu.ulg.ac.be,*new 5 - Notepad++ [Administrator],IT,2021-06-08,11:41:52,00:00:05
stefano.crapanzano@chu.ulg.ac.be,Overzicht IDocs,Exploration SAP,2021-06-08,11:41:42,00:00:07
stefano.crapanzano@chu.ulg.ac.be,Overzicht IDocs,Exploration SAP,2021-06-08,11:50:56,00:00:03
stefano.crapanzano@chu.ulg.ac.be,Overzicht IDocs,Exploration SAP,2021-06-08,11:51:20,00:00:09
stefano.crapanzano@chu.ulg.ac.be,Overzicht IDocs,Exploration SAP,2021-06-08,11:54:15,00:00:10
stefano.crapanzano@chu.ulg.ac.be,Overzicht IDocs,Exploration SAP,2021-06-08,11:54:57,00:00:02
stefano.crapanzano@chu.ulg.ac.be,Overzicht IDocs,Exploration SAP,2021-06-08,11:56:25,00:00:02
stefano.crapanzano@chu.ulg.ac.be,Overzicht IDocs,Exploration SAP,2021-06-08,11:56:39,00:00:18
stefano.crapanzano@chu.ulg.ac.be,\\ERPFTP.st.chulg\ERP\Security\Serv940SapOk-SapPE2203-MmOplbarcodeInput.info - Notepad++ [Administrator],IT,2021-06-08,11:43:42,00:00:04
stefano.crapanzano@chu.ulg.ac.be,\\ERPFTP.st.chulg\ERP\Security\Serv940SapOk-SapPE2203-MmOplbarcodeInput.info - Notepad++ [Administrator],IT,2021-06-08,12:28:29,00:00:09
stefano.crapanzano@chu.ulg.ac.be,*\\ERPFTP.st.chulg\ERP\Security\Serv940SapOk-SapPE2203-MmOplbarcodeInput.info - Notepad++ [Administrator],IT,2021-06-08,11:43:47,00:00:04
stefano.crapanzano@chu.ulg.ac.be,Active Directory Users and Computers,IT,2021-06-08,11:47:02,00:00:02
stefano.crapanzano@chu.ulg.ac.be,console_erpftp - [Racine de la console\Gestion de l’ordinateur (ERPFTP)\Outils système\Planificateur de tâches],IT,2021-06-08,11:47:18,00:00:02
stefano.crapanzano@chu.ulg.ac.be,console_erpftp - [Racine de la console\Gestion de l’ordinateur (ERPFTP)\Outils système\Planificateur de tâches],IT,2021-06-08,11:47:24,00:00:07
stefano.crapanzano@chu.ulg.ac.be,Planificateur de tâches,IT,2021-06-08,11:47:32,00:00:03
stefano.crapanzano@chu.ulg.ac.be,console_erpftp - [Racine de la console\Gestion de l’ordinateur (ERPFTP)\Outils système\Planificateur de tâches\Bibliothèque du Planificateur de tâches],IT,2021-06-08,11:47:35,00:00:20
stefano.crapanzano@chu.ulg.ac.be,console_erpftp - [Racine de la console\Gestion de l’ordinateur (ERPFTP)\Outils système\Planificateur de tâches\Bibliothèque du Planificateur de tâches],IT,2021-06-08,11:47:57,00:00:02
stefano.crapanzano@chu.ulg.ac.be,console_erpftp - [Racine de la console\Gestion de l’ordinateur (ERPFTP)\Outils système\Planificateur de tâches\Bibliothèque du Planificateur de tâches],IT,2021-06-08,16:43:45,00:01:24
stefano.crapanzano@chu.ulg.ac.be,console_erpftp - [Racine de la console\Gestion de l’ordinateur (ERPFTP)\Outils système\Planificateur de tâches\Bibliothèque du Planificateur de tâches],IT,2021-06-08,16:45:13,00:00:04
stefano.crapanzano@chu.ulg.ac.be,console_erpftp - [Racine de la console\Gestion de l’ordinateur (ERPFTP)\Outils système\Planificateur de tâches\Bibliothèque du Planificateur de tâches],IT,2021-06-08,16:45:19,00:00:06
stefano.crapanzano@chu.ulg.ac.be,console_erpftp - [Racine de la console\Gestion de l’ordinateur (ERPFTP)\Outils système\Planificateur de tâches\Bibliothèque du Planificateur de tâches],IT,2021-06-08,16:45:26,00:00:22
stefano.crapanzano@chu.ulg.ac.be,console_erpftp - [Racine de la console\Gestion de l’ordinateur (ERPFTP)\Outils système\Planificateur de tâches\Bibliothèque du Planificateur de tâches],IT,2021-06-08,16:46:00,00:00:10
stefano.crapanzano@chu.ulg.ac.be,Netop Invité,IT,2021-06-08,11:47:59,00:00:06
stefano.crapanzano@chu.ulg.ac.be,Netop Invité,Helpdesk général,2021-06-08,15:49:52,00:00:03
stefano.crapanzano@chu.ulg.ac.be,Connexion à l'aide de l'authentification Windows,Helpdesk général,2021-06-08,11:48:05,00:00:03
stefano.crapanzano@chu.ulg.ac.be,Connexion à l'aide de l'authentification Windows,Helpdesk général,2021-06-08,15:49:56,00:00:02
stefano.crapanzano@chu.ulg.ac.be,erpftp - Netop Remote Control,Helpdesk général,2021-06-08,11:48:10,00:01:49
stefano.crapanzano@chu.ulg.ac.be,erpftp - Netop Remote Control,Helpdesk général,2021-06-08,11:50:05,00:00:02
stefano.crapanzano@chu.ulg.ac.be,erpftp - Netop Remote Control,Helpdesk général,2021-06-08,15:49:59,00:01:00
stefano.crapanzano@chu.ulg.ac.be,erpftp - Netop Remote Control,Helpdesk général,2021-06-08,15:51:26,00:00:05
stefano.crapanzano@chu.ulg.ac.be,erpftp - Netop Remote Control,Helpdesk général,2021-06-08,15:51:43,00:00:03
stefano.crapanzano@chu.ulg.ac.be,erpftp - Netop Remote Control,Helpdesk général,2021-06-08,15:51:49,00:00:02
stefano.crapanzano@chu.ulg.ac.be,erpftp - Netop Remote Control,Helpdesk général,2021-06-08,15:51:57,00:00:37
stefano.crapanzano@chu.ulg.ac.be,C:\Users\c158492\AppData\Local\Temp\fz3temp-2\SAP202106080020.txt - Notepad++ [Administrator],IT,2021-06-08,11:55:08,00:00:03
stefano.crapanzano@chu.ulg.ac.be,C:\Users\c158492\AppData\Local\Temp\fz3temp-2\SAP202106080001 4.txt - Notepad++ [Administrator],IT,2021-06-08,11:54:51,00:00:02
stefano.crapanzano@chu.ulg.ac.be,C:\Users\c158492\AppData\Local\Temp\fz3temp-2\SAP202106080001 4.txt - Notepad++ [Administrator],IT,2021-06-08,11:58:34,00:00:07
stefano.crapanzano@chu.ulg.ac.be,C:\Users\c158492\AppData\Local\Temp\fz3temp-2\SAP202106080001 4.txt - Notepad++ [Administrator],IT,2021-06-08,11:59:46,00:00:02
stefano.crapanzano@chu.ulg.ac.be,C:\Users\c158492\AppData\Local\Temp\fz3temp-2\SAP202106080001 4.txt - Notepad++ [Administrator],IT,2021-06-08,12:00:22,00:00:08
stefano.crapanzano@chu.ulg.ac.be,C:\Users\c158492\AppData\Local\Temp\fz3temp-2\SAP202106080001 4.txt - Notepad++ [Administrator],IT,2021-06-08,12:00:32,00:00:02
stefano.crapanzano@chu.ulg.ac.be,C:\Users\c158492\AppData\Local\Temp\fz3temp-2\SAP202106080001 4.txt - Notepad++ [Administrator],IT,2021-06-08,12:28:26,00:00:03
stefano.crapanzano@chu.ulg.ac.be,C:\Users\c158492\AppData\Local\Temp\fz3temp-2\SAP202106080002.txt - Notepad++ [Administrator],IT,2021-06-08,11:55:01,00:00:07
stefano.crapanzano@chu.ulg.ac.be,C:\Users\c158492\AppData\Local\Temp\fz3temp-2\SAP202106080025.txt - Notepad++ [Administrator],IT,2021-06-08,11:55:12,00:00:06
stefano.crapanzano@chu.ulg.ac.be,C:\Users\c158492\AppData\Local\Temp\fz3temp-2\SAP202106080021 2.txt - Notepad++ [Administrator],IT,2021-06-08,11:55:18,00:00:03
stefano.crapanzano@chu.ulg.ac.be,C:\Users\c158492\AppData\Local\Temp\fz3temp-2\SAP202106080021 2.txt - Notepad++ [Administrator],IT,2021-06-08,11:58:29,00:00:04
stefano.crapanzano@chu.ulg.ac.be,ERREUR COMMANDE - ZHUL-4000213774 - Mozilla Thunderbird,Helpdesk général,2021-06-08,12:12:09,00:00:19
stefano.crapanzano@chu.ulg.ac.be,erp.sai - erp.sai@chuliege.be - Mozilla Thunderbird,Helpdesk général,2021-06-08,14:57:54,00:00:10
stefano.crapanzano@chu.ulg.ac.be,discordances_glims_sap_2021_06_08_06_00_12.xlsx  [Lecture seule] - Excel,Tâches diverses,2021-06-08,14:58:16,00:01:19
stefano.crapanzano@chu.ulg.ac.be,discordances_glims_sap_2021_06_08_06_00_12.xlsx  [Lecture seule] - Excel,Tâches diverses,2021-06-08,14:59:41,00:00:38
stefano.crapanzano@chu.ulg.ac.be,discordances_glims_sap_2021_06_08_06_00_12.xlsx  [Lecture seule] - Excel,Tâches diverses,2021-06-08,15:34:00,00:00:07
stefano.crapanzano@chu.ulg.ac.be,Harpège Download_tables_SaaS_SAP_V13.xlsx - Excel,Tâches diverses,2021-06-08,15:51:15,00:00:02
stefano.crapanzano@chu.ulg.ac.be,Harpège Download_tables_SaaS_SAP_V13.xlsx - Excel,Tâches diverses,2021-06-08,15:51:19,00:00:02
stefano.crapanzano@chu.ulg.ac.be,discordances_glims_sap_2021_06_05_06_00_07.xlsx - Excel,Tâches diverses,2021-06-08,15:00:35,00:00:10
stefano.crapanzano@chu.ulg.ac.be,Microsoft Excel,Tâches diverses,2021-06-08,15:00:46,00:00:02
stefano.crapanzano@chu.ulg.ac.be,Microsoft Excel,Tâches diverses,2021-06-08,15:29:30,00:00:02
stefano.crapanzano@chu.ulg.ac.be,Microsoft Excel,Tâches diverses,2021-06-08,16:12:57,00:00:02
stefano.crapanzano@chu.ulg.ac.be,discordances_glims_sap_2021_06_02_11_44_40.xlsx - Excel,Tâches diverses,2021-06-08,15:00:53,00:00:03
stefano.crapanzano@chu.ulg.ac.be,discordances_glims_sap_2021_05_11_15_36_06.xlsx - Excel,Tâches diverses,2021-06-08,15:01:06,00:00:44
stefano.crapanzano@chu.ulg.ac.be,discordances_glims_sap_2021_05_11_15_36_06.xlsx - Excel,Tâches diverses,2021-06-08,15:07:49,00:00:26
stefano.crapanzano@chu.ulg.ac.be,discordances_glims_sap_2021_05_11_15_36_06.xlsx - Excel,Tâches diverses,2021-06-08,15:16:49,00:00:03
stefano.crapanzano@chu.ulg.ac.be,discordances_glims_sap_2021_06_08_15_13_54.xlsx - Excel,Tâches diverses,2021-06-08,15:15:29,00:00:38
stefano.crapanzano@chu.ulg.ac.be,discordances_glims_sap_2021_06_08_15_19_02.xlsx - Excel,Tâches diverses,2021-06-08,15:20:15,00:00:26
stefano.crapanzano@chu.ulg.ac.be,discordances_glims_sap_2021_06_08_15_19_02.xlsx - Excel,Tâches diverses,2021-06-08,15:20:44,00:00:06
stefano.crapanzano@chu.ulg.ac.be,discordances_glims_sap_2021_06_08_15_23_11.xlsx - Excel,Tâches diverses,2021-06-08,15:23:57,00:00:33
stefano.crapanzano@chu.ulg.ac.be,discordances_glims_sap_2021_06_08_15_23_11.xlsx - Excel,Tâches diverses,2021-06-08,15:26:58,00:00:47
stefano.crapanzano@chu.ulg.ac.be,discordances_glims_sap_2021_06_08_15_28_25.xlsx - Excel,Tâches diverses,2021-06-08,15:29:11,00:00:18
stefano.crapanzano@chu.ulg.ac.be,discordances_glims_sap_2021_06_08_15_28_25.xlsx - Excel,Tâches diverses,2021-06-08,15:29:32,00:00:04
stefano.crapanzano@chu.ulg.ac.be,discordances_glims_sap_2021_06_08_15_28_25.xlsx - Excel,Tâches diverses,2021-06-08,15:30:22,00:00:02
stefano.crapanzano@chu.ulg.ac.be,discordances_glims_sap_2021_06_08_15_29_54.xlsx - Excel,Tâches diverses,2021-06-08,15:31:10,00:00:20
stefano.crapanzano@chu.ulg.ac.be,discordances_glims_sap_2021_06_08_15_29_54.xlsx - Excel,Tâches diverses,2021-06-08,15:31:37,00:00:41
stefano.crapanzano@chu.ulg.ac.be,discordances_glims_sap_2021_06_08_15_29_54.xlsx - Excel,Tâches diverses,2021-06-08,15:32:49,00:00:03
stefano.crapanzano@chu.ulg.ac.be,discordances_glims_sap_2021_06_08_15_29_54.xlsx - Excel,Tâches diverses,2021-06-08,15:33:03,00:00:13
stefano.crapanzano@chu.ulg.ac.be,discordances_glims_sap_2021_06_08_15_29_54.xlsx - Excel,Tâches diverses,2021-06-08,15:36:46,00:00:18
stefano.crapanzano@chu.ulg.ac.be,discordances_glims_sap_2021_06_08_15_29_54.xlsx - Excel,Tâches diverses,2021-06-08,15:37:31,00:01:49
stefano.crapanzano@chu.ulg.ac.be,discordances_glims_sap_2021_06_08_15_29_54.xlsx - Excel,Tâches diverses,2021-06-08,15:39:31,00:00:08
stefano.crapanzano@chu.ulg.ac.be,discordances_glims_sap_2021_06_08_15_29_54.xlsx - Excel,Tâches diverses,2021-06-08,15:40:38,00:00:03
stefano.crapanzano@chu.ulg.ac.be,discordances_glims_sap_2021_06_08_15_29_54.xlsx - Excel,Tâches diverses,2021-06-08,15:42:24,00:00:09
stefano.crapanzano@chu.ulg.ac.be,discordances_glims_sap_2021_06_08_15_29_54.xlsx - Excel,Tâches diverses,2021-06-08,15:42:44,00:00:04
stefano.crapanzano@chu.ulg.ac.be,discordances_glims_sap_2021_06_08_15_29_54.xlsx - Excel,Tâches diverses,2021-06-08,15:46:12,00:00:05
stefano.crapanzano@chu.ulg.ac.be,Exporter/importer Lien entre article-centre de coûts et quantité,Exploration SAP,2021-06-08,15:32:28,00:00:07
stefano.crapanzano@chu.ulg.ac.be,Exporter/importer Lien entre article-centre de coûts et quantité,Exploration SAP,2021-06-08,15:32:41,00:00:03
stefano.crapanzano@chu.ulg.ac.be,Exporter/importer Lien entre article-centre de coûts et quantité,Exploration SAP,2021-06-08,15:32:53,00:00:08
stefano.crapanzano@chu.ulg.ac.be,Exporter/importer Lien entre article-centre de coûts et quantité,Exploration SAP,2021-06-08,15:51:12,00:00:03
stefano.crapanzano@chu.ulg.ac.be,Exporter/importer Lien entre article-centre de coûts et quantité,Exploration SAP,2021-06-08,15:51:21,00:00:02
stefano.crapanzano@chu.ulg.ac.be,Modifier mise en forme,Exploration SAP,2021-06-08,15:32:35,00:00:02
stefano.crapanzano@chu.ulg.ac.be,Mise en forme : sélectionner,Exploration SAP,2021-06-08,15:32:39,00:00:02
stefano.crapanzano@chu.ulg.ac.be,Question sur fichier discordance - Mozilla Thunderbird,Helpdesk général,2021-06-08,15:33:22,00:00:02
stefano.crapanzano@chu.ulg.ac.be,Question sur fichier discordance - Mozilla Thunderbird,Helpdesk général,2021-06-08,15:39:21,00:00:02
stefano.crapanzano@chu.ulg.ac.be,Rédaction : Re: Question sur fichier discordance - Thunderbird,Helpdesk général,2021-06-08,15:33:26,00:00:28
stefano.crapanzano@chu.ulg.ac.be,Rédaction : Re: Question sur fichier discordance - Thunderbird,Helpdesk général,2021-06-08,15:34:08,00:00:08
stefano.crapanzano@chu.ulg.ac.be,Rédaction : Re: Question sur fichier discordance - Thunderbird,Helpdesk général,2021-06-08,15:34:29,00:00:07
stefano.crapanzano@chu.ulg.ac.be,Rédaction : Re: Question sur fichier discordance - Thunderbird,Helpdesk général,2021-06-08,15:34:56,00:00:32
stefano.crapanzano@chu.ulg.ac.be,Rédaction : Re: Question sur fichier discordance - Thunderbird,Helpdesk général,2021-06-08,15:35:30,00:01:11
stefano.crapanzano@chu.ulg.ac.be,Rédaction : Re: Question sur fichier discordance - Thunderbird,Helpdesk général,2021-06-08,15:37:07,00:00:19
stefano.crapanzano@chu.ulg.ac.be,Rédaction : Re: Question sur fichier discordance - Thunderbird,Helpdesk général,2021-06-08,15:40:54,00:00:15
stefano.crapanzano@chu.ulg.ac.be,Rédaction : Re: Question sur fichier discordance - Thunderbird,Helpdesk général,2021-06-08,15:41:11,00:00:36
stefano.crapanzano@chu.ulg.ac.be,Rédaction : Re: Question sur fichier discordance - Thunderbird,Helpdesk général,2021-06-08,15:46:46,00:00:09
stefano.crapanzano@chu.ulg.ac.be,Rédaction : Re: Question sur fichier discordance - Thunderbird,Helpdesk général,2021-06-08,15:47:08,00:00:14
stefano.crapanzano@chu.ulg.ac.be,Propriétés des liens,Helpdesk général,2021-06-08,15:34:36,00:00:03
stefano.crapanzano@chu.ulg.ac.be,Propriétés des liens,Helpdesk général,2021-06-08,15:34:48,00:00:08
stefano.crapanzano@chu.ulg.ac.be,Propriétés des liens,Helpdesk général,2021-06-08,15:46:56,00:00:02
stefano.crapanzano@chu.ulg.ac.be,Propriétés des liens,Helpdesk général,2021-06-08,15:47:02,00:00:06
stefano.crapanzano@chu.ulg.ac.be,Envoyés - stefano.crapanzano@chuliege.be - Mozilla Thunderbird,Helpdesk général,2021-06-08,15:39:26,00:00:02
stefano.crapanzano@chu.ulg.ac.be,Envoyés - stefano.crapanzano@chuliege.be - Mozilla Thunderbird,Helpdesk général,2021-06-08,15:40:22,00:00:06
stefano.crapanzano@chu.ulg.ac.be,discordances_glims_sap_2021_06_08_15_45_03.xlsx - Excel,Tâches diverses,2021-06-08,15:45:50,00:00:20
stefano.crapanzano@chu.ulg.ac.be,discordances_glims_sap_2021_06_08_15_45_03.xlsx - Excel,Tâches diverses,2021-06-08,15:46:19,00:00:15
stefano.crapanzano@chu.ulg.ac.be,discordances_glims_sap_2021_06_08_15_45_03.xlsx - Excel,Tâches diverses,2021-06-08,15:47:28,00:00:04
stefano.crapanzano@chu.ulg.ac.be,discordances_glims_sap_2021_06_08_15_45_03.xlsx - Excel,Tâches diverses,2021-06-08,15:52:46,00:02:04
stefano.crapanzano@chu.ulg.ac.be,discordances_glims_sap_2021_06_08_15_45_03.xlsx - Excel,Tâches diverses,2021-06-08,16:12:59,00:00:02
stefano.crapanzano@chu.ulg.ac.be,discordances_glims_sap_2021_06_08_15_45_03.xlsx - Excel,Tâches diverses,2021-06-08,16:13:08,00:01:25
stefano.crapanzano@chu.ulg.ac.be,discordances_glims_sap_2021_06_08_15_45_03.xlsx - Excel,Tâches diverses,2021-06-08,16:14:46,00:00:39
stefano.crapanzano@chu.ulg.ac.be,discordances_glims_sap_2021_06_08_15_45_03.xlsx - Excel,Tâches diverses,2021-06-08,16:15:31,00:00:55
stefano.crapanzano@chu.ulg.ac.be,discordances_glims_sap_2021_06_08_15_45_03.xlsx - Excel,Tâches diverses,2021-06-08,16:16:33,00:00:52
stefano.crapanzano@chu.ulg.ac.be,discordances_glims_sap_2021_06_08_15_45_03.xlsx - Excel,Tâches diverses,2021-06-08,16:46:43,00:01:52
stefano.crapanzano@chu.ulg.ac.be,discordances_glims_sap_2021_06_08_15_45_03.xlsx - Excel,Tâches diverses,2021-06-08,16:48:38,00:00:02
stefano.crapanzano@chu.ulg.ac.be,discordances_glims_sap_2021_06_08_15_45_03.xlsx - Excel,Tâches diverses,2021-06-08,16:48:48,00:00:32
stefano.crapanzano@chu.ulg.ac.be,discordances_glims_sap_2021_06_08_15_45_03.xlsx - Excel,Tâches diverses,2021-06-08,16:50:32,00:02:02
stefano.crapanzano@chu.ulg.ac.be,discordances_glims_sap_2021_06_08_15_45_03.xlsx - Excel,Tâches diverses,2021-06-08,16:52:46,00:00:46
stefano.crapanzano@chu.ulg.ac.be,discordances_glims_sap_2021_06_08_15_45_03.xlsx - Excel,Tâches diverses,2021-06-08,16:53:47,00:02:14
stefano.crapanzano@chu.ulg.ac.be,discordances_glims_sap_2021_06_08_15_45_03.xlsx - Excel,Tâches diverses,2021-06-08,16:56:10,00:00:02
stefano.crapanzano@chu.ulg.ac.be,Fin de session,Exploration SAP,2021-06-08,15:51:24,00:00:02
stefano.crapanzano@chu.ulg.ac.be,Ouverture -Excel,Tâches diverses,2021-06-08,15:52:40,00:00:04
stefano.crapanzano@chu.ulg.ac.be,Ouverture -Excel,Tâches diverses,2021-06-08,16:13:06,00:00:02
stefano.crapanzano@chu.ulg.ac.be,Nouvel onglet - Google Chrome,Tâches diverses,2021-06-08,15:54:54,00:00:03
stefano.crapanzano@chu.ulg.ac.be,Nouvel onglet - Google Chrome,Tâches diverses,2021-06-08,15:56:23,00:00:07
stefano.crapanzano@chu.ulg.ac.be,Nouvel onglet - Google Chrome,Tâches diverses,2021-06-08,15:56:47,00:00:06
stefano.crapanzano@chu.ulg.ac.be,urbanisme seraing - Recherche Google - Google Chrome,Tâches diverses,2021-06-08,15:54:58,00:00:02
stefano.crapanzano@chu.ulg.ac.be,Urbanisme et aménagement du territoire • Ville de Seraing | Ville de Seraing - Google Chrome,Tâches diverses,2021-06-08,15:55:01,00:01:21
stefano.crapanzano@chu.ulg.ac.be,Urbanisme et aménagement du territoire • Ville de Seraing | Ville de Seraing - Google Chrome,Tâches diverses,2021-06-08,16:36:04,00:00:04
stefano.crapanzano@chu.ulg.ac.be,Urbanisme et aménagement du territoire • Ville de Seraing | Ville de Seraing - Google Chrome,Tâches diverses,2021-06-08,16:41:58,00:00:03
stefano.crapanzano@chu.ulg.ac.be,Urbanisme et aménagement du territoire • Ville de Seraing | Ville de Seraing - Google Chrome,Tâches diverses,2021-06-08,16:43:30,00:00:04
stefano.crapanzano@chu.ulg.ac.be,Urbanisme et aménagement du territoire • Ville de Seraing | Ville de Seraing - Google Chrome,Tâches diverses,2021-06-08,16:43:37,00:00:03
stefano.crapanzano@chu.ulg.ac.be,Urbanisme et aménagement du territoire • Ville de Seraing | Ville de Seraing - Google Chrome,Tâches diverses,2021-06-08,16:46:11,00:00:02
stefano.crapanzano@chu.ulg.ac.be,walonmap - Recherche Google - Google Chrome,Tâches diverses,2021-06-08,15:56:30,00:00:04
stefano.crapanzano@chu.ulg.ac.be,WalOnMap | Géoportail de la Wallonie - Google Chrome,Tâches diverses,2021-06-08,15:56:35,00:00:12
stefano.crapanzano@chu.ulg.ac.be,WalOnMap | Géoportail de la Wallonie - Google Chrome,Tâches diverses,2021-06-08,15:57:01,00:00:49
stefano.crapanzano@chu.ulg.ac.be,cadgis - Recherche Google - Google Chrome,Tâches diverses,2021-06-08,15:56:53,00:00:03
stefano.crapanzano@chu.ulg.ac.be,CadGIS | SPF Finances - Google Chrome,Tâches diverses,2021-06-08,15:56:56,00:00:04
stefano.crapanzano@chu.ulg.ac.be,CadGIS | SPF Finances - Google Chrome,Tâches diverses,2021-06-08,15:57:50,00:00:03
stefano.crapanzano@chu.ulg.ac.be,CadGIS | SPF Finances - Google Chrome,Tâches diverses,2021-06-08,16:09:56,00:00:10
stefano.crapanzano@chu.ulg.ac.be,CadGIS | SPF Finances - Google Chrome,Tâches diverses,2021-06-08,16:36:00,00:00:02
stefano.crapanzano@chu.ulg.ac.be,E-Services | SPF Finances - Google Chrome,Tâches diverses,2021-06-08,15:57:54,00:12:02
stefano.crapanzano@chu.ulg.ac.be,CadGIS - Google Chrome,Tâches diverses,2021-06-08,16:10:07,00:00:50
stefano.crapanzano@chu.ulg.ac.be,CadGIS - Google Chrome,Tâches diverses,2021-06-08,16:24:36,00:11:23
stefano.crapanzano@chu.ulg.ac.be,Bureau - Google Sheets - Google Chrome,Tâches diverses,2021-06-08,16:23:40,00:00:55
stefano.crapanzano@chu.ulg.ac.be,How do I do multiple CASE WHEN conditions using SQL Server 2008? - Stack Overflow - Google Chrome,Tâches diverses,2021-06-08,16:36:11,00:00:02
stefano.crapanzano@chu.ulg.ac.be,Identification - Google Chrome,Tâches diverses,2021-06-08,16:41:52,00:00:04
stefano.crapanzano@chu.ulg.ac.be,Identification - Google Chrome,Tâches diverses,2021-06-08,16:42:12,00:00:07
stefano.crapanzano@chu.ulg.ac.be,400 Bad Request - Google Chrome,Tâches diverses,2021-06-08,16:42:03,00:00:02
stefano.crapanzano@chu.ulg.ac.be,Service MT - Google Chrome,Tâches diverses,2021-06-08,16:42:08,00:00:03
stefano.crapanzano@chu.ulg.ac.be,Service MT - Google Chrome,Tâches diverses,2021-06-08,16:42:19,00:00:21
stefano.crapanzano@chu.ulg.ac.be,Service MT - Google Chrome,Tâches diverses,2021-06-08,16:43:23,00:00:02
stefano.crapanzano@chu.ulg.ac.be,Microsoft Management Console,IT,2021-06-08,16:45:09,00:00:03
stefano.crapanzano@chu.ulg.ac.be,Propriétés de Serv789SapOk-SapAE2203-MmOplbarcodeInput (erpftp),IT,2021-06-08,16:45:49,00:00:07
stefano.crapanzano@chu.ulg.ac.be,Modifier le déclencheur,IT,2021-06-08,16:45:56,00:00:02
stefano.crapanzano@chu.ulg.ac.be,GOAL - LABO - Google Chrome,Tâches diverses,2021-06-08,16:46:19,00:00:02
stefano.crapanzano@chu.ulg.ac.be,POST data - Google Chrome,Tâches diverses,2021-06-08,16:46:16,00:00:02
