Email,Description,Project,Start date,Start time,Duration
stefano.crapanzano@chu.ulg.ac.be,Administrateur : Perl (command line) - python  main.py,IT,2021-06-09,08:33:57,00:00:02
stefano.crapanzano@chu.ulg.ac.be,Administrateur : Perl (command line) - python  main.py,IT,2021-06-09,08:38:08,00:00:02
stefano.crapanzano@chu.ulg.ac.be,Courrier entrant - erp.sai@chuliege.be - Mozilla Thunderbird,Helpdesk général,2021-06-09,08:33:59,00:00:02
stefano.crapanzano@chu.ulg.ac.be,Courrier entrant - erp.sai@chuliege.be - Mozilla Thunderbird,Helpdesk général,2021-06-09,08:34:06,00:00:03
stefano.crapanzano@chu.ulg.ac.be,Courrier entrant - erp.sai@chuliege.be - Mozilla Thunderbird,Helpdesk général,2021-06-09,08:38:14,00:00:27
stefano.crapanzano@chu.ulg.ac.be,Courrier entrant - erp.sai@chuliege.be - Mozilla Thunderbird,Helpdesk général,2021-06-09,08:40:55,00:01:58
stefano.crapanzano@chu.ulg.ac.be,Courrier entrant - erp.sai@chuliege.be - Mozilla Thunderbird,Helpdesk général,2021-06-09,08:44:07,00:00:02
stefano.crapanzano@chu.ulg.ac.be,Courrier entrant - erp.sai@chuliege.be - Mozilla Thunderbird,Helpdesk général,2021-06-09,08:44:35,00:00:03
stefano.crapanzano@chu.ulg.ac.be,Courrier entrant - erp.sai@chuliege.be - Mozilla Thunderbird,Helpdesk général,2021-06-09,08:45:50,00:00:03
stefano.crapanzano@chu.ulg.ac.be,Courrier entrant - erp.sai@chuliege.be - Mozilla Thunderbird,Helpdesk général,2021-06-09,08:50:02,00:00:02
stefano.crapanzano@chu.ulg.ac.be,Courrier entrant - erp.sai@chuliege.be - Mozilla Thunderbird,Helpdesk général,2021-06-09,08:50:08,00:00:02
stefano.crapanzano@chu.ulg.ac.be,Courrier entrant - erp.sai@chuliege.be - Mozilla Thunderbird,Helpdesk général,2021-06-09,08:50:16,00:00:49
stefano.crapanzano@chu.ulg.ac.be,Courrier entrant - erp.sai@chuliege.be - Mozilla Thunderbird,Helpdesk général,2021-06-09,08:53:33,00:00:20
stefano.crapanzano@chu.ulg.ac.be,Courrier entrant - erp.sai@chuliege.be - Mozilla Thunderbird,Helpdesk général,2021-06-09,08:59:45,00:00:06
stefano.crapanzano@chu.ulg.ac.be,Courrier entrant - erp.sai@chuliege.be - Mozilla Thunderbird,Helpdesk général,2021-06-09,08:59:54,00:00:12
stefano.crapanzano@chu.ulg.ac.be,Courrier entrant - erp.sai@chuliege.be - Mozilla Thunderbird,Helpdesk général,2021-06-09,09:00:09,00:00:08
stefano.crapanzano@chu.ulg.ac.be,Courrier entrant - erp.sai@chuliege.be - Mozilla Thunderbird,Helpdesk général,2021-06-09,11:32:40,00:00:02
stefano.crapanzano@chu.ulg.ac.be,Courrier entrant - erp.sai@chuliege.be - Mozilla Thunderbird,Helpdesk général,2021-06-09,11:32:45,00:00:15
stefano.crapanzano@chu.ulg.ac.be,Courrier entrant - erp.sai@chuliege.be - Mozilla Thunderbird,Helpdesk général,2021-06-09,11:33:04,00:00:56
stefano.crapanzano@chu.ulg.ac.be,Courrier entrant - erp.sai@chuliege.be - Mozilla Thunderbird,Helpdesk général,2021-06-09,11:34:16,00:00:16
stefano.crapanzano@chu.ulg.ac.be,Courrier entrant - erp.sai@chuliege.be - Mozilla Thunderbird,Helpdesk général,2021-06-09,11:34:45,00:00:02
stefano.crapanzano@chu.ulg.ac.be,Courrier entrant - erp.sai@chuliege.be - Mozilla Thunderbird,Helpdesk général,2021-06-09,11:34:49,00:00:02
stefano.crapanzano@chu.ulg.ac.be,Courrier entrant - erp.sai@chuliege.be - Mozilla Thunderbird,Helpdesk général,2021-06-09,11:35:43,00:00:02
stefano.crapanzano@chu.ulg.ac.be,Courrier entrant - erp.sai@chuliege.be - Mozilla Thunderbird,Helpdesk général,2021-06-09,11:35:47,00:04:37
stefano.crapanzano@chu.ulg.ac.be,Courrier entrant - erp.sai@chuliege.be - Mozilla Thunderbird,Helpdesk général,2021-06-09,11:46:08,00:00:02
stefano.crapanzano@chu.ulg.ac.be,Courrier entrant - erp.sai@chuliege.be - Mozilla Thunderbird,Helpdesk général,2021-06-09,13:54:24,00:00:04
stefano.crapanzano@chu.ulg.ac.be,Courrier entrant - erp.sai@chuliege.be - Mozilla Thunderbird,Helpdesk général,2021-06-09,14:09:45,00:00:02
stefano.crapanzano@chu.ulg.ac.be,Courrier entrant - erp.sai@chuliege.be - Mozilla Thunderbird,Helpdesk général,2021-06-09,14:10:33,00:00:18
stefano.crapanzano@chu.ulg.ac.be,Courrier entrant - erp.sai@chuliege.be - Mozilla Thunderbird,Helpdesk général,2021-06-09,14:10:54,00:00:04
stefano.crapanzano@chu.ulg.ac.be,Courrier entrant - erp.sai@chuliege.be - Mozilla Thunderbird,Helpdesk général,2021-06-09,14:13:53,00:00:10
stefano.crapanzano@chu.ulg.ac.be,Courrier entrant - erp.sai@chuliege.be - Mozilla Thunderbird,Helpdesk général,2021-06-09,14:20:08,00:00:03
stefano.crapanzano@chu.ulg.ac.be,Courrier entrant - erp.sai@chuliege.be - Mozilla Thunderbird,Helpdesk général,2021-06-09,14:20:20,00:00:30
stefano.crapanzano@chu.ulg.ac.be,Courrier entrant - erp.sai@chuliege.be - Mozilla Thunderbird,Helpdesk général,2021-06-09,14:21:46,00:00:02
stefano.crapanzano@chu.ulg.ac.be,Courrier entrant - erp.sai@chuliege.be - Mozilla Thunderbird,Helpdesk général,2021-06-09,14:22:59,00:06:25
stefano.crapanzano@chu.ulg.ac.be,Courrier entrant - erp.sai@chuliege.be - Mozilla Thunderbird,Helpdesk général,2021-06-09,14:36:27,00:00:02
stefano.crapanzano@chu.ulg.ac.be,Courrier entrant - erp.sai@chuliege.be - Mozilla Thunderbird,Helpdesk général,2021-06-09,14:36:34,00:00:03
stefano.crapanzano@chu.ulg.ac.be,Courrier entrant - erp.sai@chuliege.be - Mozilla Thunderbird,Helpdesk général,2021-06-09,14:40:05,00:02:16
stefano.crapanzano@chu.ulg.ac.be,Courrier entrant - erp.sai@chuliege.be - Mozilla Thunderbird,Helpdesk général,2021-06-09,14:43:26,00:00:42
stefano.crapanzano@chu.ulg.ac.be,Courrier entrant - erp.sai@chuliege.be - Mozilla Thunderbird,Helpdesk général,2021-06-09,14:48:19,00:00:02
stefano.crapanzano@chu.ulg.ac.be,Courrier entrant - erp.sai@chuliege.be - Mozilla Thunderbird,Helpdesk général,2021-06-09,14:48:24,00:00:03
stefano.crapanzano@chu.ulg.ac.be,Courrier entrant - erp.sai@chuliege.be - Mozilla Thunderbird,Helpdesk général,2021-06-09,14:50:56,00:00:03
stefano.crapanzano@chu.ulg.ac.be,Courrier entrant - erp.sai@chuliege.be - Mozilla Thunderbird,Helpdesk général,2021-06-09,14:51:02,00:00:02
stefano.crapanzano@chu.ulg.ac.be,Courrier entrant - erp.sai@chuliege.be - Mozilla Thunderbird,Helpdesk général,2021-06-09,14:52:42,00:00:02
stefano.crapanzano@chu.ulg.ac.be,Courrier entrant - erp.sai@chuliege.be - Mozilla Thunderbird,Helpdesk général,2021-06-09,14:52:50,00:00:02
stefano.crapanzano@chu.ulg.ac.be,Courrier entrant - erp.sai@chuliege.be - Mozilla Thunderbird,Helpdesk général,2021-06-09,14:58:54,00:00:10
stefano.crapanzano@chu.ulg.ac.be,Courrier entrant - erp.sai@chuliege.be - Mozilla Thunderbird,Helpdesk général,2021-06-09,15:01:18,00:00:10
stefano.crapanzano@chu.ulg.ac.be,Courrier entrant - erp.sai@chuliege.be - Mozilla Thunderbird,Helpdesk général,2021-06-09,15:02:37,00:00:02
stefano.crapanzano@chu.ulg.ac.be,Courrier entrant - erp.sai@chuliege.be - Mozilla Thunderbird,Helpdesk général,2021-06-09,15:03:01,00:00:02
stefano.crapanzano@chu.ulg.ac.be,Courrier entrant - erp.sai@chuliege.be - Mozilla Thunderbird,Helpdesk général,2021-06-09,15:05:27,00:00:02
stefano.crapanzano@chu.ulg.ac.be,Courrier entrant - erp.sai@chuliege.be - Mozilla Thunderbird,Helpdesk général,2021-06-09,15:09:55,00:00:02
stefano.crapanzano@chu.ulg.ac.be,Courrier entrant - erp.sai@chuliege.be - Mozilla Thunderbird,Helpdesk général,2021-06-09,15:18:14,00:00:04
stefano.crapanzano@chu.ulg.ac.be,Courrier entrant - erp.sai@chuliege.be - Mozilla Thunderbird,Helpdesk général,2021-06-09,15:19:36,00:00:03
stefano.crapanzano@chu.ulg.ac.be,Courrier entrant - erp.sai@chuliege.be - Mozilla Thunderbird,Helpdesk général,2021-06-09,15:20:21,00:00:02
stefano.crapanzano@chu.ulg.ac.be,Courrier entrant - erp.sai@chuliege.be - Mozilla Thunderbird,Helpdesk général,2021-06-09,15:20:27,00:00:07
stefano.crapanzano@chu.ulg.ac.be,Courrier entrant - erp.sai@chuliege.be - Mozilla Thunderbird,Helpdesk général,2021-06-09,15:37:00,00:00:02
stefano.crapanzano@chu.ulg.ac.be,Courrier entrant - erp.sai@chuliege.be - Mozilla Thunderbird,Helpdesk général,2021-06-09,15:53:48,00:00:02
stefano.crapanzano@chu.ulg.ac.be,Courrier entrant - erp.sai@chuliege.be - Mozilla Thunderbird,Helpdesk général,2021-06-09,15:55:01,00:01:01
stefano.crapanzano@chu.ulg.ac.be,Courrier entrant - erp.sai@chuliege.be - Mozilla Thunderbird,Helpdesk général,2021-06-09,16:00:06,00:00:02
stefano.crapanzano@chu.ulg.ac.be,Courrier entrant - erp.sai@chuliege.be - Mozilla Thunderbird,Helpdesk général,2021-06-09,16:03:15,00:00:02
stefano.crapanzano@chu.ulg.ac.be,Courrier entrant - erp.sai@chuliege.be - Mozilla Thunderbird,Helpdesk général,2021-06-09,16:17:46,00:00:02
stefano.crapanzano@chu.ulg.ac.be,Courrier entrant - erp.sai@chuliege.be - Mozilla Thunderbird,Helpdesk général,2021-06-09,16:24:20,00:00:02
stefano.crapanzano@chu.ulg.ac.be,Courrier entrant - erp.sai@chuliege.be - Mozilla Thunderbird,Helpdesk général,2021-06-09,16:24:26,00:00:12
stefano.crapanzano@chu.ulg.ac.be,Courrier entrant - erp.sai@chuliege.be - Mozilla Thunderbird,Helpdesk général,2021-06-09,16:24:40,00:00:14
stefano.crapanzano@chu.ulg.ac.be,Courrier entrant - erp.sai@chuliege.be - Mozilla Thunderbird,Helpdesk général,2021-06-09,16:30:50,00:00:03
stefano.crapanzano@chu.ulg.ac.be,Courrier entrant - erp.sai@chuliege.be - Mozilla Thunderbird,Helpdesk général,2021-06-09,16:31:16,00:00:03
stefano.crapanzano@chu.ulg.ac.be,Courrier entrant - erp.sai@chuliege.be - Mozilla Thunderbird,Helpdesk général,2021-06-09,16:40:32,00:00:20
stefano.crapanzano@chu.ulg.ac.be,Courrier entrant - erp.sai@chuliege.be - Mozilla Thunderbird,Helpdesk général,2021-06-09,16:42:07,00:00:06
stefano.crapanzano@chu.ulg.ac.be,Courrier entrant - erp.sai@chuliege.be - Mozilla Thunderbird,Helpdesk général,2021-06-09,16:42:15,00:00:28
stefano.crapanzano@chu.ulg.ac.be,Courrier entrant - erp.sai@chuliege.be - Mozilla Thunderbird,Helpdesk général,2021-06-09,16:53:04,00:00:04
stefano.crapanzano@chu.ulg.ac.be,Courrier entrant - stefano.crapanzano@chuliege.be - Mozilla Thunderbird,Helpdesk général,2021-06-09,08:34:02,00:00:04
stefano.crapanzano@chu.ulg.ac.be,Courrier entrant - stefano.crapanzano@chuliege.be - Mozilla Thunderbird,Helpdesk général,2021-06-09,08:50:04,00:00:03
stefano.crapanzano@chu.ulg.ac.be,Courrier entrant - stefano.crapanzano@chuliege.be - Mozilla Thunderbird,Helpdesk général,2021-06-09,08:58:40,00:00:24
stefano.crapanzano@chu.ulg.ac.be,Courrier entrant - stefano.crapanzano@chuliege.be - Mozilla Thunderbird,Helpdesk général,2021-06-09,11:32:43,00:00:02
stefano.crapanzano@chu.ulg.ac.be,Courrier entrant - stefano.crapanzano@chuliege.be - Mozilla Thunderbird,Helpdesk général,2021-06-09,11:33:01,00:00:03
stefano.crapanzano@chu.ulg.ac.be,Courrier entrant - stefano.crapanzano@chuliege.be - Mozilla Thunderbird,Helpdesk général,2021-06-09,11:34:01,00:00:04
stefano.crapanzano@chu.ulg.ac.be,Courrier entrant - stefano.crapanzano@chuliege.be - Mozilla Thunderbird,Helpdesk général,2021-06-09,11:34:35,00:00:09
stefano.crapanzano@chu.ulg.ac.be,Courrier entrant - stefano.crapanzano@chuliege.be - Mozilla Thunderbird,Helpdesk général,2021-06-09,11:35:41,00:00:02
stefano.crapanzano@chu.ulg.ac.be,Courrier entrant - stefano.crapanzano@chuliege.be - Mozilla Thunderbird,Helpdesk général,2021-06-09,11:40:24,00:02:43
stefano.crapanzano@chu.ulg.ac.be,Courrier entrant - stefano.crapanzano@chuliege.be - Mozilla Thunderbird,Helpdesk général,2021-06-09,11:43:08,00:00:04
stefano.crapanzano@chu.ulg.ac.be,Courrier entrant - stefano.crapanzano@chuliege.be - Mozilla Thunderbird,Helpdesk général,2021-06-09,11:43:15,00:00:06
stefano.crapanzano@chu.ulg.ac.be,Courrier entrant - stefano.crapanzano@chuliege.be - Mozilla Thunderbird,Helpdesk général,2021-06-09,11:45:24,00:00:13
stefano.crapanzano@chu.ulg.ac.be,Courrier entrant - stefano.crapanzano@chuliege.be - Mozilla Thunderbird,Helpdesk général,2021-06-09,11:45:39,00:00:28
stefano.crapanzano@chu.ulg.ac.be,Courrier entrant - stefano.crapanzano@chuliege.be - Mozilla Thunderbird,Helpdesk général,2021-06-09,11:46:10,00:00:03
stefano.crapanzano@chu.ulg.ac.be,Courrier entrant - stefano.crapanzano@chuliege.be - Mozilla Thunderbird,Helpdesk général,2021-06-09,11:56:27,00:00:02
stefano.crapanzano@chu.ulg.ac.be,Courrier entrant - stefano.crapanzano@chuliege.be - Mozilla Thunderbird,Helpdesk général,2021-06-09,13:36:23,00:00:18
stefano.crapanzano@chu.ulg.ac.be,Courrier entrant - stefano.crapanzano@chuliege.be - Mozilla Thunderbird,Helpdesk général,2021-06-09,13:37:45,00:00:02
stefano.crapanzano@chu.ulg.ac.be,Courrier entrant - stefano.crapanzano@chuliege.be - Mozilla Thunderbird,Helpdesk général,2021-06-09,13:40:14,00:00:03
stefano.crapanzano@chu.ulg.ac.be,Courrier entrant - stefano.crapanzano@chuliege.be - Mozilla Thunderbird,Helpdesk général,2021-06-09,13:53:15,00:00:19
stefano.crapanzano@chu.ulg.ac.be,Courrier entrant - stefano.crapanzano@chuliege.be - Mozilla Thunderbird,Helpdesk général,2021-06-09,13:53:39,00:00:03
stefano.crapanzano@chu.ulg.ac.be,Courrier entrant - stefano.crapanzano@chuliege.be - Mozilla Thunderbird,Helpdesk général,2021-06-09,13:53:44,00:00:09
stefano.crapanzano@chu.ulg.ac.be,Courrier entrant - stefano.crapanzano@chuliege.be - Mozilla Thunderbird,Helpdesk général,2021-06-09,13:54:07,00:00:06
stefano.crapanzano@chu.ulg.ac.be,Courrier entrant - stefano.crapanzano@chuliege.be - Mozilla Thunderbird,Helpdesk général,2021-06-09,13:54:34,00:00:44
stefano.crapanzano@chu.ulg.ac.be,Courrier entrant - stefano.crapanzano@chuliege.be - Mozilla Thunderbird,Helpdesk général,2021-06-09,13:55:32,00:05:50
stefano.crapanzano@chu.ulg.ac.be,Courrier entrant - stefano.crapanzano@chuliege.be - Mozilla Thunderbird,Helpdesk général,2021-06-09,14:01:23,00:00:04
stefano.crapanzano@chu.ulg.ac.be,Courrier entrant - stefano.crapanzano@chuliege.be - Mozilla Thunderbird,Helpdesk général,2021-06-09,14:02:38,00:00:08
stefano.crapanzano@chu.ulg.ac.be,Courrier entrant - stefano.crapanzano@chuliege.be - Mozilla Thunderbird,Helpdesk général,2021-06-09,14:09:48,00:00:13
stefano.crapanzano@chu.ulg.ac.be,Courrier entrant - stefano.crapanzano@chuliege.be - Mozilla Thunderbird,Helpdesk général,2021-06-09,14:20:12,00:00:08
stefano.crapanzano@chu.ulg.ac.be,Courrier entrant - stefano.crapanzano@chuliege.be - Mozilla Thunderbird,Helpdesk général,2021-06-09,14:20:50,00:00:07
stefano.crapanzano@chu.ulg.ac.be,Courrier entrant - stefano.crapanzano@chuliege.be - Mozilla Thunderbird,Helpdesk général,2021-06-09,14:48:21,00:00:02
stefano.crapanzano@chu.ulg.ac.be,Courrier entrant - stefano.crapanzano@chuliege.be - Mozilla Thunderbird,Helpdesk général,2021-06-09,14:50:49,00:00:07
stefano.crapanzano@chu.ulg.ac.be,Courrier entrant - stefano.crapanzano@chuliege.be - Mozilla Thunderbird,Helpdesk général,2021-06-09,14:52:40,00:00:02
stefano.crapanzano@chu.ulg.ac.be,Courrier entrant - stefano.crapanzano@chuliege.be - Mozilla Thunderbird,Helpdesk général,2021-06-09,14:52:53,00:00:02
stefano.crapanzano@chu.ulg.ac.be,Courrier entrant - stefano.crapanzano@chuliege.be - Mozilla Thunderbird,Helpdesk général,2021-06-09,14:58:17,00:00:37
stefano.crapanzano@chu.ulg.ac.be,Courrier entrant - stefano.crapanzano@chuliege.be - Mozilla Thunderbird,Helpdesk général,2021-06-09,15:00:00,00:00:04
stefano.crapanzano@chu.ulg.ac.be,Courrier entrant - stefano.crapanzano@chuliege.be - Mozilla Thunderbird,Helpdesk général,2021-06-09,15:01:16,00:00:02
stefano.crapanzano@chu.ulg.ac.be,Courrier entrant - stefano.crapanzano@chuliege.be - Mozilla Thunderbird,Helpdesk général,2021-06-09,15:07:34,00:00:11
stefano.crapanzano@chu.ulg.ac.be,Courrier entrant - stefano.crapanzano@chuliege.be - Mozilla Thunderbird,Helpdesk général,2021-06-09,15:08:16,00:00:03
stefano.crapanzano@chu.ulg.ac.be,Courrier entrant - stefano.crapanzano@chuliege.be - Mozilla Thunderbird,Helpdesk général,2021-06-09,15:08:21,00:00:09
stefano.crapanzano@chu.ulg.ac.be,Courrier entrant - stefano.crapanzano@chuliege.be - Mozilla Thunderbird,Helpdesk général,2021-06-09,15:09:58,00:00:05
stefano.crapanzano@chu.ulg.ac.be,Courrier entrant - stefano.crapanzano@chuliege.be - Mozilla Thunderbird,Helpdesk général,2021-06-09,15:15:31,00:00:02
stefano.crapanzano@chu.ulg.ac.be,Courrier entrant - stefano.crapanzano@chuliege.be - Mozilla Thunderbird,Helpdesk général,2021-06-09,15:16:14,00:00:03
stefano.crapanzano@chu.ulg.ac.be,Courrier entrant - stefano.crapanzano@chuliege.be - Mozilla Thunderbird,Helpdesk général,2021-06-09,15:17:58,00:00:15
stefano.crapanzano@chu.ulg.ac.be,Courrier entrant - stefano.crapanzano@chuliege.be - Mozilla Thunderbird,Helpdesk général,2021-06-09,15:19:33,00:00:02
stefano.crapanzano@chu.ulg.ac.be,Courrier entrant - stefano.crapanzano@chuliege.be - Mozilla Thunderbird,Helpdesk général,2021-06-09,15:20:24,00:00:03
stefano.crapanzano@chu.ulg.ac.be,Courrier entrant - stefano.crapanzano@chuliege.be - Mozilla Thunderbird,Helpdesk général,2021-06-09,15:53:37,00:00:10
stefano.crapanzano@chu.ulg.ac.be,Courrier entrant - stefano.crapanzano@chuliege.be - Mozilla Thunderbird,Helpdesk général,2021-06-09,15:57:48,00:00:07
stefano.crapanzano@chu.ulg.ac.be,Courrier entrant - stefano.crapanzano@chuliege.be - Mozilla Thunderbird,Tâches diverses,2021-06-09,15:58:11,00:00:14
stefano.crapanzano@chu.ulg.ac.be,Courrier entrant - stefano.crapanzano@chuliege.be - Mozilla Thunderbird,Helpdesk général,2021-06-09,16:00:08,00:00:03
stefano.crapanzano@chu.ulg.ac.be,Courrier entrant - stefano.crapanzano@chuliege.be - Mozilla Thunderbird,Helpdesk général,2021-06-09,16:02:16,00:00:02
stefano.crapanzano@chu.ulg.ac.be,Courrier entrant - stefano.crapanzano@chuliege.be - Mozilla Thunderbird,Helpdesk général,2021-06-09,16:03:18,00:00:08
stefano.crapanzano@chu.ulg.ac.be,Courrier entrant - stefano.crapanzano@chuliege.be - Mozilla Thunderbird,Helpdesk général,2021-06-09,16:04:26,00:00:14
stefano.crapanzano@chu.ulg.ac.be,Courrier entrant - stefano.crapanzano@chuliege.be - Mozilla Thunderbird,Helpdesk général,2021-06-09,16:04:54,00:01:20
stefano.crapanzano@chu.ulg.ac.be,Courrier entrant - stefano.crapanzano@chuliege.be - Mozilla Thunderbird,Helpdesk général,2021-06-09,16:06:45,00:00:04
stefano.crapanzano@chu.ulg.ac.be,Courrier entrant - stefano.crapanzano@chuliege.be - Mozilla Thunderbird,Helpdesk général,2021-06-09,16:10:28,00:00:56
stefano.crapanzano@chu.ulg.ac.be,Courrier entrant - stefano.crapanzano@chuliege.be - Mozilla Thunderbird,Helpdesk général,2021-06-09,16:13:54,00:00:04
stefano.crapanzano@chu.ulg.ac.be,Courrier entrant - stefano.crapanzano@chuliege.be - Mozilla Thunderbird,Helpdesk général,2021-06-09,16:16:36,00:00:07
stefano.crapanzano@chu.ulg.ac.be,Courrier entrant - stefano.crapanzano@chuliege.be - Mozilla Thunderbird,Helpdesk général,2021-06-09,16:16:47,00:00:08
stefano.crapanzano@chu.ulg.ac.be,Courrier entrant - stefano.crapanzano@chuliege.be - Mozilla Thunderbird,Helpdesk général,2021-06-09,16:17:05,00:00:05
stefano.crapanzano@chu.ulg.ac.be,Courrier entrant - stefano.crapanzano@chuliege.be - Mozilla Thunderbird,Helpdesk général,2021-06-09,16:17:41,00:00:04
stefano.crapanzano@chu.ulg.ac.be,Courrier entrant - stefano.crapanzano@chuliege.be - Mozilla Thunderbird,Helpdesk général,2021-06-09,16:17:48,00:00:02
stefano.crapanzano@chu.ulg.ac.be,Courrier entrant - stefano.crapanzano@chuliege.be - Mozilla Thunderbird,Helpdesk général,2021-06-09,16:23:34,00:00:08
stefano.crapanzano@chu.ulg.ac.be,Courrier entrant - stefano.crapanzano@chuliege.be - Mozilla Thunderbird,Helpdesk général,2021-06-09,16:24:22,00:00:03
stefano.crapanzano@chu.ulg.ac.be,Courrier entrant - stefano.crapanzano@chuliege.be - Mozilla Thunderbird,Helpdesk général,2021-06-09,16:24:38,00:00:02
stefano.crapanzano@chu.ulg.ac.be,Courrier entrant - stefano.crapanzano@chuliege.be - Mozilla Thunderbird,Helpdesk général,2021-06-09,16:24:58,00:00:13
stefano.crapanzano@chu.ulg.ac.be,Courrier entrant - stefano.crapanzano@chuliege.be - Mozilla Thunderbird,Helpdesk général,2021-06-09,16:26:15,00:00:03
stefano.crapanzano@chu.ulg.ac.be,Courrier entrant - stefano.crapanzano@chuliege.be - Mozilla Thunderbird,Helpdesk général,2021-06-09,16:29:22,00:00:27
stefano.crapanzano@chu.ulg.ac.be,Courrier entrant - stefano.crapanzano@chuliege.be - Mozilla Thunderbird,Helpdesk général,2021-06-09,16:29:51,00:00:51
stefano.crapanzano@chu.ulg.ac.be,Courrier entrant - stefano.crapanzano@chuliege.be - Mozilla Thunderbird,Helpdesk général,2021-06-09,16:30:58,00:00:06
stefano.crapanzano@chu.ulg.ac.be,Courrier entrant - stefano.crapanzano@chuliege.be - Mozilla Thunderbird,Helpdesk général,2021-06-09,16:32:42,00:00:02
stefano.crapanzano@chu.ulg.ac.be,Courrier entrant - stefano.crapanzano@chuliege.be - Mozilla Thunderbird,Helpdesk général,2021-06-09,16:40:17,00:00:12
stefano.crapanzano@chu.ulg.ac.be,Courrier entrant - stefano.crapanzano@chuliege.be - Mozilla Thunderbird,Helpdesk général,2021-06-09,16:40:53,00:01:08
stefano.crapanzano@chu.ulg.ac.be,Courrier entrant - stefano.crapanzano@chuliege.be - Mozilla Thunderbird,Helpdesk général,2021-06-09,16:42:02,00:00:04
stefano.crapanzano@chu.ulg.ac.be,Courrier entrant - stefano.crapanzano@chuliege.be - Mozilla Thunderbird,Helpdesk général,2021-06-09,16:45:10,00:00:03
stefano.crapanzano@chu.ulg.ac.be,Courrier entrant - stefano.crapanzano@chuliege.be - Mozilla Thunderbird,Helpdesk général,2021-06-09,16:46:55,00:00:08
stefano.crapanzano@chu.ulg.ac.be,Courrier entrant - stefano.crapanzano@chuliege.be - Mozilla Thunderbird,Helpdesk général,2021-06-09,16:47:35,00:00:14
stefano.crapanzano@chu.ulg.ac.be,Courrier entrant - stefano.crapanzano@chuliege.be - Mozilla Thunderbird,Helpdesk général,2021-06-09,16:51:56,00:00:09
stefano.crapanzano@chu.ulg.ac.be,Courrier entrant - stefano.crapanzano@chuliege.be - Mozilla Thunderbird,Helpdesk général,2021-06-09,16:52:50,00:00:12
stefano.crapanzano@chu.ulg.ac.be,Courrier entrant - stefano.crapanzano@chuliege.be - Mozilla Thunderbird,Helpdesk général,2021-06-09,16:53:09,00:00:20
stefano.crapanzano@chu.ulg.ac.be,Courrier entrant - stefano.crapanzano@chuliege.be - Mozilla Thunderbird,Helpdesk général,2021-06-09,16:53:48,00:00:03
stefano.crapanzano@chu.ulg.ac.be,Courrier entrant - stefano.crapanzano@chuliege.be - Mozilla Thunderbird,Helpdesk général,2021-06-09,16:53:55,00:00:04
stefano.crapanzano@chu.ulg.ac.be,Courrier entrant - stefano.crapanzano@chuliege.be - Mozilla Thunderbird,Helpdesk général,2021-06-09,16:57:03,00:00:06
stefano.crapanzano@chu.ulg.ac.be,Envoyés - erp.sai@chuliege.be - Mozilla Thunderbird,Helpdesk général,2021-06-09,08:50:10,00:00:06
stefano.crapanzano@chu.ulg.ac.be,Envoyés - erp.sai@chuliege.be - Mozilla Thunderbird,Helpdesk général,2021-06-09,11:34:05,00:00:10
stefano.crapanzano@chu.ulg.ac.be,Envoyés - erp.sai@chuliege.be - Mozilla Thunderbird,Helpdesk général,2021-06-09,14:36:38,00:03:27
stefano.crapanzano@chu.ulg.ac.be,Envoyés - erp.sai@chuliege.be - Mozilla Thunderbird,Helpdesk général,2021-06-09,14:51:05,00:01:34
stefano.crapanzano@chu.ulg.ac.be,Envoyés - erp.sai@chuliege.be - Mozilla Thunderbird,Helpdesk général,2021-06-09,14:52:44,00:00:06
stefano.crapanzano@chu.ulg.ac.be,Envoyés - erp.sai@chuliege.be - Mozilla Thunderbird,Helpdesk général,2021-06-09,14:59:05,00:00:54
stefano.crapanzano@chu.ulg.ac.be,Envoyés - erp.sai@chuliege.be - Mozilla Thunderbird,Helpdesk général,2021-06-09,15:01:29,00:01:07
stefano.crapanzano@chu.ulg.ac.be,Envoyés - erp.sai@chuliege.be - Mozilla Thunderbird,Helpdesk général,2021-06-09,15:05:31,00:00:17
stefano.crapanzano@chu.ulg.ac.be,Envoyés - erp.sai@chuliege.be - Mozilla Thunderbird,Helpdesk général,2021-06-09,15:06:02,00:00:05
stefano.crapanzano@chu.ulg.ac.be,Envoyés - erp.sai@chuliege.be - Mozilla Thunderbird,Helpdesk général,2021-06-09,15:06:10,00:00:03
stefano.crapanzano@chu.ulg.ac.be,Envoyés - erp.sai@chuliege.be - Mozilla Thunderbird,Helpdesk général,2021-06-09,15:18:19,00:01:14
stefano.crapanzano@chu.ulg.ac.be,Envoyés - erp.sai@chuliege.be - Mozilla Thunderbird,Helpdesk général,2021-06-09,15:19:39,00:00:42
stefano.crapanzano@chu.ulg.ac.be,Envoyés - erp.sai@chuliege.be - Mozilla Thunderbird,Helpdesk général,2021-06-09,15:58:25,00:00:07
stefano.crapanzano@chu.ulg.ac.be,Envoyés - erp.sai@chuliege.be - Mozilla Thunderbird,Helpdesk général,2021-06-09,16:00:02,00:00:03
stefano.crapanzano@chu.ulg.ac.be,Envoyés - erp.sai@chuliege.be - Mozilla Thunderbird,Helpdesk général,2021-06-09,16:26:18,00:00:04
stefano.crapanzano@chu.ulg.ac.be,Envoyés - erp.sai@chuliege.be - Mozilla Thunderbird,Helpdesk général,2021-06-09,16:30:53,00:00:04
stefano.crapanzano@chu.ulg.ac.be,Envoyés - erp.sai@chuliege.be - Mozilla Thunderbird,Helpdesk général,2021-06-09,16:31:20,00:00:08
stefano.crapanzano@chu.ulg.ac.be,Envoyés - erp.sai@chuliege.be - Mozilla Thunderbird,Helpdesk général,2021-06-09,16:42:13,00:00:02
stefano.crapanzano@chu.ulg.ac.be,GOAL - LABO - Google Chrome,Tâches diverses,2021-06-09,08:34:13,00:00:03
stefano.crapanzano@chu.ulg.ac.be,GOAL - LABO - Google Chrome,Tâches diverses,2021-06-09,08:42:56,00:00:02
stefano.crapanzano@chu.ulg.ac.be,GOAL - LABO - Google Chrome,Tâches diverses,2021-06-09,11:43:31,00:00:02
stefano.crapanzano@chu.ulg.ac.be,GOAL - LABO - Google Chrome,Tâches diverses,2021-06-09,11:43:35,00:00:42
stefano.crapanzano@chu.ulg.ac.be,GOAL - LABO - Google Chrome,Tâches diverses,2021-06-09,11:46:16,00:00:10
stefano.crapanzano@chu.ulg.ac.be,GOAL - LABO - Google Chrome,Tâches diverses,2021-06-09,11:46:28,00:00:02
stefano.crapanzano@chu.ulg.ac.be,Document.docx - Word,Helpdesk général,2021-06-09,08:34:17,00:03:51
stefano.crapanzano@chu.ulg.ac.be,Navigation système de fichier,IT,2021-06-09,08:38:42,00:00:04
stefano.crapanzano@chu.ulg.ac.be,Navigation système de fichier,IT,2021-06-09,08:44:09,00:00:02
stefano.crapanzano@chu.ulg.ac.be,Navigation système de fichier,IT,2021-06-09,08:45:36,00:00:11
stefano.crapanzano@chu.ulg.ac.be,Navigation système de fichier,IT,2021-06-09,08:49:38,00:00:02
stefano.crapanzano@chu.ulg.ac.be,Navigation système de fichier,IT,2021-06-09,08:52:51,00:00:03
stefano.crapanzano@chu.ulg.ac.be,Navigation système de fichier,IT,2021-06-09,08:59:05,00:00:03
stefano.crapanzano@chu.ulg.ac.be,Navigation système de fichier,IT,2021-06-09,08:59:42,00:00:02
stefano.crapanzano@chu.ulg.ac.be,Navigation système de fichier,IT,2021-06-09,11:44:51,00:00:33
stefano.crapanzano@chu.ulg.ac.be,Navigation système de fichier,IT,2021-06-09,11:47:21,00:00:06
stefano.crapanzano@chu.ulg.ac.be,Navigation système de fichier,IT,2021-06-09,11:56:24,00:00:03
stefano.crapanzano@chu.ulg.ac.be,Navigation système de fichier,IT,2021-06-09,11:57:11,00:00:05
stefano.crapanzano@chu.ulg.ac.be,Navigation système de fichier,IT,2021-06-09,12:00:46,00:00:03
stefano.crapanzano@chu.ulg.ac.be,Navigation système de fichier,IT,2021-06-09,12:07:51,00:00:04
stefano.crapanzano@chu.ulg.ac.be,Navigation système de fichier,IT,2021-06-09,12:10:58,00:00:02
stefano.crapanzano@chu.ulg.ac.be,Navigation système de fichier,IT,2021-06-09,12:13:16,00:00:14
stefano.crapanzano@chu.ulg.ac.be,Navigation système de fichier,IT,2021-06-09,12:16:17,00:00:03
stefano.crapanzano@chu.ulg.ac.be,Navigation système de fichier,IT,2021-06-09,12:17:18,00:00:03
stefano.crapanzano@chu.ulg.ac.be,Navigation système de fichier,IT,2021-06-09,12:17:33,00:00:03
stefano.crapanzano@chu.ulg.ac.be,Navigation système de fichier,IT,2021-06-09,12:32:23,00:00:03
stefano.crapanzano@chu.ulg.ac.be,Navigation système de fichier,IT,2021-06-09,12:32:55,00:00:04
stefano.crapanzano@chu.ulg.ac.be,Navigation système de fichier,IT,2021-06-09,12:35:16,00:00:04
stefano.crapanzano@chu.ulg.ac.be,Navigation système de fichier,IT,2021-06-09,12:37:12,00:00:03
stefano.crapanzano@chu.ulg.ac.be,Navigation système de fichier,IT,2021-06-09,12:37:27,00:00:02
stefano.crapanzano@chu.ulg.ac.be,Navigation système de fichier,IT,2021-06-09,12:38:03,00:00:12
stefano.crapanzano@chu.ulg.ac.be,Navigation système de fichier,IT,2021-06-09,12:39:27,00:00:21
stefano.crapanzano@chu.ulg.ac.be,Navigation système de fichier,IT,2021-06-09,12:39:52,00:00:06
stefano.crapanzano@chu.ulg.ac.be,Navigation système de fichier,IT,2021-06-09,12:40:19,00:00:04
stefano.crapanzano@chu.ulg.ac.be,Navigation système de fichier,IT,2021-06-09,12:41:27,00:00:33
stefano.crapanzano@chu.ulg.ac.be,Navigation système de fichier,IT,2021-06-09,12:42:56,00:00:16
stefano.crapanzano@chu.ulg.ac.be,Navigation système de fichier,IT,2021-06-09,12:43:15,00:00:03
stefano.crapanzano@chu.ulg.ac.be,Navigation système de fichier,IT,2021-06-09,12:43:49,00:00:04
stefano.crapanzano@chu.ulg.ac.be,Navigation système de fichier,IT,2021-06-09,12:43:56,00:00:03
stefano.crapanzano@chu.ulg.ac.be,Navigation système de fichier,IT,2021-06-09,12:44:34,00:00:59
stefano.crapanzano@chu.ulg.ac.be,Navigation système de fichier,IT,2021-06-09,12:46:02,00:00:19
stefano.crapanzano@chu.ulg.ac.be,Navigation système de fichier,IT,2021-06-09,12:46:35,00:00:02
stefano.crapanzano@chu.ulg.ac.be,Navigation système de fichier,IT,2021-06-09,12:46:45,00:00:12
stefano.crapanzano@chu.ulg.ac.be,Navigation système de fichier,IT,2021-06-09,12:47:00,00:00:06
stefano.crapanzano@chu.ulg.ac.be,Navigation système de fichier,IT,2021-06-09,12:47:11,00:00:05
stefano.crapanzano@chu.ulg.ac.be,Navigation système de fichier,IT,2021-06-09,12:47:20,00:00:02
stefano.crapanzano@chu.ulg.ac.be,Navigation système de fichier,IT,2021-06-09,12:47:28,00:00:03
stefano.crapanzano@chu.ulg.ac.be,Navigation système de fichier,IT,2021-06-09,12:47:32,00:00:05
stefano.crapanzano@chu.ulg.ac.be,Navigation système de fichier,IT,2021-06-09,12:47:50,00:00:04
stefano.crapanzano@chu.ulg.ac.be,Navigation système de fichier,IT,2021-06-09,12:47:57,00:00:04
stefano.crapanzano@chu.ulg.ac.be,Navigation système de fichier,IT,2021-06-09,12:48:45,00:00:02
stefano.crapanzano@chu.ulg.ac.be,Navigation système de fichier,IT,2021-06-09,12:48:57,00:00:04
stefano.crapanzano@chu.ulg.ac.be,Navigation système de fichier,IT,2021-06-09,12:50:59,00:00:03
stefano.crapanzano@chu.ulg.ac.be,Navigation système de fichier,IT,2021-06-09,12:51:32,00:00:07
stefano.crapanzano@chu.ulg.ac.be,Navigation système de fichier,IT,2021-06-09,12:51:41,00:00:13
stefano.crapanzano@chu.ulg.ac.be,Navigation système de fichier,IT,2021-06-09,12:52:38,00:00:24
stefano.crapanzano@chu.ulg.ac.be,Navigation système de fichier,IT,2021-06-09,12:54:04,00:00:08
stefano.crapanzano@chu.ulg.ac.be,Navigation système de fichier,IT,2021-06-09,12:56:59,00:00:03
stefano.crapanzano@chu.ulg.ac.be,Navigation système de fichier,IT,2021-06-09,12:57:36,00:00:35
stefano.crapanzano@chu.ulg.ac.be,Navigation système de fichier,IT,2021-06-09,12:58:35,00:00:05
stefano.crapanzano@chu.ulg.ac.be,Navigation système de fichier,IT,2021-06-09,13:00:52,00:00:12
stefano.crapanzano@chu.ulg.ac.be,Navigation système de fichier,IT,2021-06-09,13:01:33,00:00:02
stefano.crapanzano@chu.ulg.ac.be,Navigation système de fichier,IT,2021-06-09,13:01:54,00:00:05
stefano.crapanzano@chu.ulg.ac.be,Navigation système de fichier,IT,2021-06-09,13:02:06,00:00:05
stefano.crapanzano@chu.ulg.ac.be,Navigation système de fichier,IT,2021-06-09,13:02:56,00:00:06
stefano.crapanzano@chu.ulg.ac.be,Navigation système de fichier,IT,2021-06-09,13:03:19,00:00:08
stefano.crapanzano@chu.ulg.ac.be,Navigation système de fichier,IT,2021-06-09,13:03:39,00:00:06
stefano.crapanzano@chu.ulg.ac.be,Navigation système de fichier,IT,2021-06-09,13:04:35,00:00:02
stefano.crapanzano@chu.ulg.ac.be,Navigation système de fichier,IT,2021-06-09,13:04:54,00:00:06
stefano.crapanzano@chu.ulg.ac.be,Navigation système de fichier,IT,2021-06-09,13:07:08,00:00:02
stefano.crapanzano@chu.ulg.ac.be,Navigation système de fichier,IT,2021-06-09,13:07:53,00:00:21
stefano.crapanzano@chu.ulg.ac.be,Navigation système de fichier,IT,2021-06-09,13:08:42,00:00:02
stefano.crapanzano@chu.ulg.ac.be,Navigation système de fichier,IT,2021-06-09,13:08:57,00:00:05
stefano.crapanzano@chu.ulg.ac.be,Navigation système de fichier,IT,2021-06-09,13:09:10,00:00:07
stefano.crapanzano@chu.ulg.ac.be,Navigation système de fichier,IT,2021-06-09,13:10:34,00:00:02
stefano.crapanzano@chu.ulg.ac.be,Navigation système de fichier,IT,2021-06-09,13:11:33,00:00:07
stefano.crapanzano@chu.ulg.ac.be,Navigation système de fichier,IT,2021-06-09,13:11:58,00:00:03
stefano.crapanzano@chu.ulg.ac.be,Navigation système de fichier,IT,2021-06-09,13:13:07,00:00:22
stefano.crapanzano@chu.ulg.ac.be,Navigation système de fichier,IT,2021-06-09,13:14:21,00:00:05
stefano.crapanzano@chu.ulg.ac.be,Navigation système de fichier,IT,2021-06-09,13:15:09,00:00:02
stefano.crapanzano@chu.ulg.ac.be,Navigation système de fichier,IT,2021-06-09,13:19:19,00:00:22
stefano.crapanzano@chu.ulg.ac.be,Navigation système de fichier,IT,2021-06-09,13:23:29,00:00:02
stefano.crapanzano@chu.ulg.ac.be,Navigation système de fichier,IT,2021-06-09,13:24:30,00:00:02
stefano.crapanzano@chu.ulg.ac.be,Navigation système de fichier,IT,2021-06-09,13:39:31,00:00:41
stefano.crapanzano@chu.ulg.ac.be,Navigation système de fichier,IT,2021-06-09,13:47:59,00:00:29
stefano.crapanzano@chu.ulg.ac.be,Navigation système de fichier,IT,2021-06-09,13:49:02,00:00:04
stefano.crapanzano@chu.ulg.ac.be,Navigation système de fichier,IT,2021-06-09,13:52:05,00:00:24
stefano.crapanzano@chu.ulg.ac.be,Navigation système de fichier,IT,2021-06-09,14:06:22,00:00:03
stefano.crapanzano@chu.ulg.ac.be,Navigation système de fichier,IT,2021-06-09,14:43:23,00:00:03
stefano.crapanzano@chu.ulg.ac.be,Navigation système de fichier,IT,2021-06-09,14:46:51,00:00:03
stefano.crapanzano@chu.ulg.ac.be,Navigation système de fichier,IT,2021-06-09,14:49:18,00:00:12
stefano.crapanzano@chu.ulg.ac.be,Navigation système de fichier,IT,2021-06-09,14:49:57,00:00:03
stefano.crapanzano@chu.ulg.ac.be,Navigation système de fichier,IT,2021-06-09,14:52:55,00:00:03
stefano.crapanzano@chu.ulg.ac.be,Navigation système de fichier,IT,2021-06-09,14:53:14,00:00:32
stefano.crapanzano@chu.ulg.ac.be,Navigation système de fichier,IT,2021-06-09,15:09:51,00:00:03
stefano.crapanzano@chu.ulg.ac.be,Navigation système de fichier,IT,2021-06-09,15:11:15,00:00:02
stefano.crapanzano@chu.ulg.ac.be,Navigation système de fichier,IT,2021-06-09,15:23:34,00:00:02
stefano.crapanzano@chu.ulg.ac.be,Navigation système de fichier,IT,2021-06-09,15:25:49,00:00:07
stefano.crapanzano@chu.ulg.ac.be,Navigation système de fichier,IT,2021-06-09,15:26:02,00:00:12
stefano.crapanzano@chu.ulg.ac.be,Navigation système de fichier,IT,2021-06-09,15:29:44,00:00:18
stefano.crapanzano@chu.ulg.ac.be,Navigation système de fichier,IT,2021-06-09,15:30:16,00:00:42
stefano.crapanzano@chu.ulg.ac.be,Navigation système de fichier,IT,2021-06-09,15:36:54,00:00:02
stefano.crapanzano@chu.ulg.ac.be,Navigation système de fichier,IT,2021-06-09,15:42:25,00:00:02
stefano.crapanzano@chu.ulg.ac.be,Navigation système de fichier,IT,2021-06-09,15:44:49,00:00:32
stefano.crapanzano@chu.ulg.ac.be,Navigation système de fichier,IT,2021-06-09,15:49:47,00:00:02
stefano.crapanzano@chu.ulg.ac.be,Navigation système de fichier,IT,2021-06-09,15:53:17,00:00:18
stefano.crapanzano@chu.ulg.ac.be,Navigation système de fichier,IT,2021-06-09,15:57:55,00:00:02
stefano.crapanzano@chu.ulg.ac.be,Navigation système de fichier,IT,2021-06-09,15:58:07,00:00:02
stefano.crapanzano@chu.ulg.ac.be,Navigation système de fichier,IT,2021-06-09,15:58:32,00:00:02
stefano.crapanzano@chu.ulg.ac.be,Navigation système de fichier,IT,2021-06-09,16:04:40,00:00:02
stefano.crapanzano@chu.ulg.ac.be,Navigation système de fichier,IT,2021-06-09,16:10:21,00:00:03
stefano.crapanzano@chu.ulg.ac.be,Navigation système de fichier,IT,2021-06-09,16:26:12,00:00:02
stefano.crapanzano@chu.ulg.ac.be,Navigation système de fichier,IT,2021-06-09,16:30:46,00:00:02
stefano.crapanzano@chu.ulg.ac.be,Navigation système de fichier,IT,2021-06-09,16:36:46,00:00:03
stefano.crapanzano@chu.ulg.ac.be,discordances_glims_sap_2021_06_09_06_00_07.xlsx - Excel,Tâches diverses,2021-06-09,08:38:46,00:02:07
stefano.crapanzano@chu.ulg.ac.be,discordances_glims_sap_2021_06_09_06_00_07.xlsx - Excel,Tâches diverses,2021-06-09,08:59:08,00:00:21
stefano.crapanzano@chu.ulg.ac.be,SAP GUI for Windows 750,Exploration SAP,2021-06-09,10:59:42,00:32:58
stefano.crapanzano@chu.ulg.ac.be,400 Bad Request - Google Chrome,Tâches diverses,2021-06-09,08:42:58,00:00:02
stefano.crapanzano@chu.ulg.ac.be,Identification - Google Chrome,Tâches diverses,2021-06-09,08:43:01,00:00:02
stefano.crapanzano@chu.ulg.ac.be,Identification - Google Chrome,Tâches diverses,2021-06-09,08:45:12,00:00:06
stefano.crapanzano@chu.ulg.ac.be,Bureau - Google Sheets - Google Chrome,Tâches diverses,2021-06-09,08:43:03,00:00:16
stefano.crapanzano@chu.ulg.ac.be,P203 CHU Demande de configuration de 3 terminaux bancontact - Bienvenue! Vous pouvez poser une demande de Service Desk ERP for HealthCare parmi les options fournies. - Service d'assistance - Google Chrome,Tâches diverses,2021-06-09,08:43:21,00:00:02
stefano.crapanzano@chu.ulg.ac.be,Demandes - Service d'assistance - Google Chrome,Tâches diverses,2021-06-09,08:43:23,00:00:06
stefano.crapanzano@chu.ulg.ac.be,Demandes - Service d'assistance - Google Chrome,Tâches diverses,2021-06-09,08:43:33,00:00:14
stefano.crapanzano@chu.ulg.ac.be,Demandes - Service d'assistance - Google Chrome,Tâches diverses,2021-06-09,08:43:52,00:00:12
stefano.crapanzano@chu.ulg.ac.be,Demandes - Service d'assistance - Google Chrome,Tâches diverses,2021-06-09,15:56:18,00:00:04
stefano.crapanzano@chu.ulg.ac.be,P203 CHU Commande pas réceptionnée dans SAP alors qu'elle est réceptionnée dans GERA - Bienvenue! Vous pouvez poser une demande de Service Desk ERP for HealthCare parmi les options fournies. - Service d'assistance - Google Chrome,Tâches diverses,2021-06-09,08:43:29,00:00:03
stefano.crapanzano@chu.ulg.ac.be,P203 CHU Factures apo non comptabilisée lors du retour apo via la transaction zapo - Bienvenue! Vous pouvez poser une demande de Service Desk ERP for HealthCare parmi les options fournies. - Service d'assistance - Google Chrome,Tâches diverses,2021-06-09,08:43:47,00:00:04
stefano.crapanzano@chu.ulg.ac.be,Rédaction : Re: GOAL : exploitation - fichiers de commandes SAP à traiter en attente - Thunderbird,Helpdesk général,2021-06-09,08:44:31,00:00:03
stefano.crapanzano@chu.ulg.ac.be,Service MT - Google Chrome,Tâches diverses,2021-06-09,08:45:09,00:00:02
stefano.crapanzano@chu.ulg.ac.be,Service MT - Google Chrome,Tâches diverses,2021-06-09,08:45:19,00:00:16
stefano.crapanzano@chu.ulg.ac.be,Service MT - Google Chrome,Tâches diverses,2021-06-09,11:46:30,00:00:44
stefano.crapanzano@chu.ulg.ac.be,GitHub Desktop,Helpdesk général,2021-06-09,15:00:05,00:00:13
stefano.crapanzano@chu.ulg.ac.be,Nouvel onglet - Google Chrome,Tâches diverses,2021-06-09,08:46:32,00:00:03
stefano.crapanzano@chu.ulg.ac.be,Nouvel onglet - Google Chrome,Tâches diverses,2021-06-09,08:46:54,00:00:10
stefano.crapanzano@chu.ulg.ac.be,Nouvel onglet - Google Chrome,Tâches diverses,2021-06-09,08:47:16,00:00:03
stefano.crapanzano@chu.ulg.ac.be,Nouvel onglet - Google Chrome,Tâches diverses,2021-06-09,08:47:25,00:00:02
stefano.crapanzano@chu.ulg.ac.be,Nouvel onglet - Google Chrome,Tâches diverses,2021-06-09,08:47:41,00:00:04
stefano.crapanzano@chu.ulg.ac.be,Nouvel onglet - Google Chrome,Tâches diverses,2021-06-09,08:47:48,00:00:03
stefano.crapanzano@chu.ulg.ac.be,Nouvel onglet - Google Chrome,Tâches diverses,2021-06-09,11:47:15,00:00:02
stefano.crapanzano@chu.ulg.ac.be,Nouvel onglet - Google Chrome,Tâches diverses,2021-06-09,12:16:29,00:00:09
stefano.crapanzano@chu.ulg.ac.be,Nouvel onglet - Google Chrome,Tâches diverses,2021-06-09,12:45:35,00:00:08
stefano.crapanzano@chu.ulg.ac.be,Nouvel onglet - Google Chrome,Tâches diverses,2021-06-09,12:55:33,00:00:10
stefano.crapanzano@chu.ulg.ac.be,Nouvel onglet - Google Chrome,Tâches diverses,2021-06-09,12:56:16,00:00:12
stefano.crapanzano@chu.ulg.ac.be,Nouvel onglet - Google Chrome,Tâches diverses,2021-06-09,13:12:47,00:00:04
stefano.crapanzano@chu.ulg.ac.be,Nouvel onglet - Google Chrome,Tâches diverses,2021-06-09,13:43:44,00:00:07
stefano.crapanzano@chu.ulg.ac.be,Nouvel onglet - Google Chrome,Tâches diverses,2021-06-09,14:01:44,00:00:06
stefano.crapanzano@chu.ulg.ac.be,Nouvel onglet - Google Chrome,Tâches diverses,2021-06-09,16:06:15,00:00:04
stefano.crapanzano@chu.ulg.ac.be,Nouvel onglet - Google Chrome,Tâches diverses,2021-06-09,16:33:30,00:00:08
stefano.crapanzano@chu.ulg.ac.be,Nouvel onglet - Google Chrome,Tâches diverses,2021-06-09,16:55:30,00:00:04
stefano.crapanzano@chu.ulg.ac.be,start [DokuWiki ERP] - Google Chrome,Tâches diverses,2021-06-09,08:46:36,00:00:12
stefano.crapanzano@chu.ulg.ac.be,start [DokuWiki ERP] - Google Chrome,Tâches diverses,2021-06-09,08:47:37,00:00:03
stefano.crapanzano@chu.ulg.ac.be,start [DokuWiki ERP] - Google Chrome,Tâches diverses,2021-06-09,08:47:52,00:00:03
stefano.crapanzano@chu.ulg.ac.be,Finance [DokuWiki ERP] - Google Chrome,Tâches diverses,2021-06-09,08:46:48,00:00:04
stefano.crapanzano@chu.ulg.ac.be,Finance [DokuWiki ERP] - Google Chrome,Tâches diverses,2021-06-09,08:47:19,00:00:06
stefano.crapanzano@chu.ulg.ac.be,Finance [DokuWiki ERP] - Google Chrome,Tâches diverses,2021-06-09,08:47:35,00:00:02
stefano.crapanzano@chu.ulg.ac.be,Finance [DokuWiki ERP] - Google Chrome,Tâches diverses,2021-06-09,08:48:00,00:00:10
stefano.crapanzano@chu.ulg.ac.be,Finance [DokuWiki ERP] - Google Chrome,Tâches diverses,2021-06-09,08:48:19,00:00:07
stefano.crapanzano@chu.ulg.ac.be,Modifier le favori,Tâches diverses,2021-06-09,08:47:05,00:00:10
stefano.crapanzano@chu.ulg.ac.be,Modifier le favori,Tâches diverses,2021-06-09,08:47:28,00:00:06
stefano.crapanzano@chu.ulg.ac.be,Modifier le favori,Tâches diverses,2021-06-09,08:47:46,00:00:02
stefano.crapanzano@chu.ulg.ac.be,Configuration SAP [DokuWiki ERP] - Google Chrome,Tâches diverses,2021-06-09,08:47:55,00:00:03
stefano.crapanzano@chu.ulg.ac.be,Procédure de modification des date de facture PHUL [DokuWiki ERP] - Google Chrome,Tâches diverses,2021-06-09,08:48:11,00:00:08
stefano.crapanzano@chu.ulg.ac.be,Compta Seny - Procédure de traitement des exports de Seny (MUT / PAT) [DokuWiki ERP] - Google Chrome,Tâches diverses,2021-06-09,08:48:27,00:00:10
stefano.crapanzano@chu.ulg.ac.be,Procédure d'injection de fichier csv vers SAP via les transactions ZFILE_HON_KAS et ZFAK_HON_KAS [DokuWiki ERP] - Google Chrome,Tâches diverses,2021-06-09,08:48:39,00:00:15
stefano.crapanzano@chu.ulg.ac.be,Procédure d'injection de fichier csv vers SAP via les transactions ZFILE_HON_KAS et ZFAK_HON_KAS [DokuWiki ERP] - Google Chrome,Tâches diverses,2021-06-09,11:34:56,00:00:03
stefano.crapanzano@chu.ulg.ac.be,Procédure d'injection de fichier csv vers SAP via les transactions ZFILE_HON_KAS et ZFAK_HON_KAS [DokuWiki ERP] - Google Chrome,Tâches diverses,2021-06-09,11:35:08,00:00:31
stefano.crapanzano@chu.ulg.ac.be,Procédure d'injection de fichier csv vers SAP via les transactions ZFILE_HON_KAS et ZFAK_HON_KAS [DokuWiki ERP] - Google Chrome,Tâches diverses,2021-06-09,11:43:21,00:00:02
stefano.crapanzano@chu.ulg.ac.be,Procédure d'injection de fichier csv vers SAP via les transactions ZFILE_HON_KAS et ZFAK_HON_KAS [DokuWiki ERP] - Google Chrome,Tâches diverses,2021-06-09,11:43:29,00:00:02
stefano.crapanzano@chu.ulg.ac.be,Procédure d'injection de fichier csv vers SAP via les transactions ZFILE_HON_KAS et ZFAK_HON_KAS [DokuWiki ERP] - Google Chrome,Tâches diverses,2021-06-09,11:44:17,00:00:03
stefano.crapanzano@chu.ulg.ac.be,Procédure d'injection de fichier csv vers SAP via les transactions ZFILE_HON_KAS et ZFAK_HON_KAS [DokuWiki ERP] - Google Chrome,Tâches diverses,2021-06-09,11:44:21,00:00:02
stefano.crapanzano@chu.ulg.ac.be,Lecture documentation,Tâches diverses,2021-06-09,08:48:56,00:00:41
stefano.crapanzano@chu.ulg.ac.be,Lecture documentation,Tâches diverses,2021-06-09,08:49:46,00:00:02
stefano.crapanzano@chu.ulg.ac.be,Lecture documentation,Tâches diverses,2021-06-09,08:49:59,00:00:02
stefano.crapanzano@chu.ulg.ac.be,Lecture documentation,Tâches diverses,2021-06-09,11:34:59,00:00:07
stefano.crapanzano@chu.ulg.ac.be,Lecture documentation,Tâches diverses,2021-06-09,11:44:25,00:00:26
stefano.crapanzano@chu.ulg.ac.be,Lecture documentation,Tâches diverses,2021-06-09,11:47:49,00:07:35
stefano.crapanzano@chu.ulg.ac.be,Lecture documentation,Tâches diverses,2021-06-09,11:55:28,00:00:47
stefano.crapanzano@chu.ulg.ac.be,Lecture documentation,Tâches diverses,2021-06-09,11:57:09,00:00:02
stefano.crapanzano@chu.ulg.ac.be,Lecture documentation,Tâches diverses,2021-06-09,11:57:17,00:03:25
stefano.crapanzano@chu.ulg.ac.be,Lecture documentation,Tâches diverses,2021-06-09,12:01:05,00:05:25
stefano.crapanzano@chu.ulg.ac.be,Lecture documentation,Tâches diverses,2021-06-09,12:06:38,00:01:12
stefano.crapanzano@chu.ulg.ac.be,Lecture documentation,Tâches diverses,2021-06-09,12:08:24,00:02:34
stefano.crapanzano@chu.ulg.ac.be,Lecture documentation,Tâches diverses,2021-06-09,12:11:09,00:00:03
stefano.crapanzano@chu.ulg.ac.be,Lecture documentation,Tâches diverses,2021-06-09,12:11:25,00:00:13
stefano.crapanzano@chu.ulg.ac.be,Lecture documentation,Tâches diverses,2021-06-09,12:11:54,00:00:41
stefano.crapanzano@chu.ulg.ac.be,Lecture documentation,Tâches diverses,2021-06-09,12:12:55,00:00:06
stefano.crapanzano@chu.ulg.ac.be,Lecture documentation,Tâches diverses,2021-06-09,12:13:10,00:00:05
stefano.crapanzano@chu.ulg.ac.be,Lecture documentation,Tâches diverses,2021-06-09,12:14:35,00:00:34
stefano.crapanzano@chu.ulg.ac.be,Lecture documentation,Tâches diverses,2021-06-09,12:15:24,00:00:05
stefano.crapanzano@chu.ulg.ac.be,Lecture documentation,Tâches diverses,2021-06-09,12:15:42,00:00:03
stefano.crapanzano@chu.ulg.ac.be,Lecture documentation,Tâches diverses,2021-06-09,12:16:01,00:00:16
stefano.crapanzano@chu.ulg.ac.be,Lecture documentation,Tâches diverses,2021-06-09,12:17:37,00:00:23
stefano.crapanzano@chu.ulg.ac.be,Lecture documentation,Tâches diverses,2021-06-09,12:19:11,00:00:12
stefano.crapanzano@chu.ulg.ac.be,Lecture documentation,Tâches diverses,2021-06-09,12:19:32,00:00:24
stefano.crapanzano@chu.ulg.ac.be,Lecture documentation,Tâches diverses,2021-06-09,12:20:05,00:00:18
stefano.crapanzano@chu.ulg.ac.be,Lecture documentation,Tâches diverses,2021-06-09,12:20:28,00:00:06
stefano.crapanzano@chu.ulg.ac.be,Lecture documentation,Tâches diverses,2021-06-09,12:21:22,00:01:19
stefano.crapanzano@chu.ulg.ac.be,Lecture documentation,Tâches diverses,2021-06-09,12:22:46,00:01:01
stefano.crapanzano@chu.ulg.ac.be,Lecture documentation,Tâches diverses,2021-06-09,12:23:58,00:00:51
stefano.crapanzano@chu.ulg.ac.be,Lecture documentation,Tâches diverses,2021-06-09,12:25:12,00:00:45
stefano.crapanzano@chu.ulg.ac.be,Lecture documentation,Tâches diverses,2021-06-09,12:26:29,00:00:14
stefano.crapanzano@chu.ulg.ac.be,Lecture documentation,Tâches diverses,2021-06-09,12:27:06,00:00:15
stefano.crapanzano@chu.ulg.ac.be,Lecture documentation,Tâches diverses,2021-06-09,12:27:58,00:00:08
stefano.crapanzano@chu.ulg.ac.be,Lecture documentation,Tâches diverses,2021-06-09,12:28:14,00:00:05
stefano.crapanzano@chu.ulg.ac.be,Lecture documentation,Tâches diverses,2021-06-09,12:29:02,00:00:16
stefano.crapanzano@chu.ulg.ac.be,Lecture documentation,Tâches diverses,2021-06-09,12:31:00,00:01:22
stefano.crapanzano@chu.ulg.ac.be,Lecture documentation,Tâches diverses,2021-06-09,12:32:26,00:00:28
stefano.crapanzano@chu.ulg.ac.be,Lecture documentation,Tâches diverses,2021-06-09,12:32:59,00:00:23
stefano.crapanzano@chu.ulg.ac.be,Lecture documentation,Tâches diverses,2021-06-09,12:33:25,00:01:51
stefano.crapanzano@chu.ulg.ac.be,Lecture documentation,Tâches diverses,2021-06-09,12:35:41,00:01:30
stefano.crapanzano@chu.ulg.ac.be,Lecture documentation,Tâches diverses,2021-06-09,12:37:16,00:00:11
stefano.crapanzano@chu.ulg.ac.be,Lecture documentation,Tâches diverses,2021-06-09,12:48:01,00:00:34
stefano.crapanzano@chu.ulg.ac.be,Lecture documentation,Tâches diverses,2021-06-09,12:50:00,00:00:53
stefano.crapanzano@chu.ulg.ac.be,Lecture documentation,Tâches diverses,2021-06-09,12:51:13,00:00:02
stefano.crapanzano@chu.ulg.ac.be,Lecture documentation,Tâches diverses,2021-06-09,12:58:17,00:00:17
stefano.crapanzano@chu.ulg.ac.be,Lecture documentation,Tâches diverses,2021-06-09,12:58:40,00:00:33
stefano.crapanzano@chu.ulg.ac.be,Lecture documentation,Tâches diverses,2021-06-09,12:59:15,00:00:08
stefano.crapanzano@chu.ulg.ac.be,Lecture documentation,Tâches diverses,2021-06-09,13:07:10,00:00:07
stefano.crapanzano@chu.ulg.ac.be,Lecture documentation,Tâches diverses,2021-06-09,13:19:44,00:00:20
stefano.crapanzano@chu.ulg.ac.be,Lecture documentation,Tâches diverses,2021-06-09,13:23:35,00:00:55
stefano.crapanzano@chu.ulg.ac.be,Lecture documentation,Tâches diverses,2021-06-09,13:24:48,00:00:56
stefano.crapanzano@chu.ulg.ac.be,Lecture documentation,Tâches diverses,2021-06-09,13:25:46,00:00:03
stefano.crapanzano@chu.ulg.ac.be,Lecture documentation,Tâches diverses,2021-06-09,13:25:52,00:00:05
stefano.crapanzano@chu.ulg.ac.be,Lecture documentation,Tâches diverses,2021-06-09,13:35:29,00:00:51
stefano.crapanzano@chu.ulg.ac.be,Lecture documentation,Tâches diverses,2021-06-09,13:50:22,00:01:43
stefano.crapanzano@chu.ulg.ac.be,Lecture documentation,Tâches diverses,2021-06-09,13:52:29,00:00:44
stefano.crapanzano@chu.ulg.ac.be,Lecture documentation,Tâches diverses,2021-06-09,13:53:35,00:00:04
stefano.crapanzano@chu.ulg.ac.be,Lecture documentation,Tâches diverses,2021-06-09,13:53:57,00:00:02
stefano.crapanzano@chu.ulg.ac.be,Lecture documentation,Tâches diverses,2021-06-09,13:54:17,00:00:05
stefano.crapanzano@chu.ulg.ac.be,Lecture documentation,Tâches diverses,2021-06-09,13:55:18,00:00:12
stefano.crapanzano@chu.ulg.ac.be,Lecture documentation,Tâches diverses,2021-06-09,14:06:04,00:00:17
stefano.crapanzano@chu.ulg.ac.be,Lecture documentation,Tâches diverses,2021-06-09,14:10:31,00:00:02
stefano.crapanzano@chu.ulg.ac.be,Lecture documentation,Tâches diverses,2021-06-09,14:14:34,00:00:29
stefano.crapanzano@chu.ulg.ac.be,Lecture documentation,Tâches diverses,2021-06-09,14:16:27,00:00:11
stefano.crapanzano@chu.ulg.ac.be,Lecture documentation,Tâches diverses,2021-06-09,14:17:41,00:00:12
stefano.crapanzano@chu.ulg.ac.be,Lecture documentation,Tâches diverses,2021-06-09,14:21:06,00:00:36
stefano.crapanzano@chu.ulg.ac.be,Lecture documentation,Tâches diverses,2021-06-09,14:33:13,00:00:22
stefano.crapanzano@chu.ulg.ac.be,Lecture documentation,Tâches diverses,2021-06-09,14:34:09,00:00:04
stefano.crapanzano@chu.ulg.ac.be,Lecture documentation,Tâches diverses,2021-06-09,14:35:32,00:00:04
stefano.crapanzano@chu.ulg.ac.be,Lecture documentation,Tâches diverses,2021-06-09,14:42:25,00:00:57
stefano.crapanzano@chu.ulg.ac.be,Lecture documentation,Tâches diverses,2021-06-09,14:44:41,00:00:03
stefano.crapanzano@chu.ulg.ac.be,Lecture documentation,Tâches diverses,2021-06-09,14:45:35,00:01:15
stefano.crapanzano@chu.ulg.ac.be,Lecture documentation,Tâches diverses,2021-06-09,14:46:54,00:01:24
stefano.crapanzano@chu.ulg.ac.be,Lecture documentation,Tâches diverses,2021-06-09,14:48:37,00:00:06
stefano.crapanzano@chu.ulg.ac.be,Lecture documentation,Tâches diverses,2021-06-09,14:48:51,00:00:27
stefano.crapanzano@chu.ulg.ac.be,Lecture documentation,Tâches diverses,2021-06-09,14:49:42,00:00:11
stefano.crapanzano@chu.ulg.ac.be,Lecture documentation,Tâches diverses,2021-06-09,15:05:50,00:00:12
stefano.crapanzano@chu.ulg.ac.be,Lecture documentation,Tâches diverses,2021-06-09,15:06:08,00:00:02
stefano.crapanzano@chu.ulg.ac.be,Lecture documentation,Tâches diverses,2021-06-09,15:06:14,00:01:18
stefano.crapanzano@chu.ulg.ac.be,Lecture documentation,Tâches diverses,2021-06-09,15:07:46,00:00:29
stefano.crapanzano@chu.ulg.ac.be,Lecture documentation,Tâches diverses,2021-06-09,15:08:30,00:01:20
stefano.crapanzano@chu.ulg.ac.be,Lecture documentation,Tâches diverses,2021-06-09,15:10:05,00:01:10
stefano.crapanzano@chu.ulg.ac.be,Lecture documentation,Tâches diverses,2021-06-09,15:15:34,00:00:39
stefano.crapanzano@chu.ulg.ac.be,Lecture documentation,Tâches diverses,2021-06-09,15:16:38,00:00:04
stefano.crapanzano@chu.ulg.ac.be,Lecture documentation,Tâches diverses,2021-06-09,15:23:40,00:00:39
stefano.crapanzano@chu.ulg.ac.be,Lecture documentation,Tâches diverses,2021-06-09,15:26:14,00:03:30
stefano.crapanzano@chu.ulg.ac.be,Lecture documentation,Tâches diverses,2021-06-09,15:30:03,00:00:13
stefano.crapanzano@chu.ulg.ac.be,Lecture documentation,Tâches diverses,2021-06-09,15:30:59,00:05:55
stefano.crapanzano@chu.ulg.ac.be,Lecture documentation,Tâches diverses,2021-06-09,15:44:47,00:00:02
stefano.crapanzano@chu.ulg.ac.be,Lecture documentation,Tâches diverses,2021-06-09,15:47:46,00:00:49
stefano.crapanzano@chu.ulg.ac.be,Lecture documentation,Tâches diverses,2021-06-09,15:48:49,00:00:58
stefano.crapanzano@chu.ulg.ac.be,Lecture documentation,Tâches diverses,2021-06-09,15:50:12,00:00:19
stefano.crapanzano@chu.ulg.ac.be,Lecture documentation,Tâches diverses,2021-06-09,15:51:19,00:00:06
stefano.crapanzano@chu.ulg.ac.be,Lecture documentation,Tâches diverses,2021-06-09,15:52:31,00:00:46
stefano.crapanzano@chu.ulg.ac.be,Lecture documentation,Tâches diverses,2021-06-09,15:57:57,00:00:09
stefano.crapanzano@chu.ulg.ac.be,Lecture documentation,Tâches diverses,2021-06-09,15:58:35,00:01:20
stefano.crapanzano@chu.ulg.ac.be,Lecture documentation,Tâches diverses,2021-06-09,16:02:19,00:00:55
stefano.crapanzano@chu.ulg.ac.be,Lecture documentation,Tâches diverses,2021-06-09,16:04:43,00:00:11
stefano.crapanzano@chu.ulg.ac.be,Lecture documentation,Tâches diverses,2021-06-09,16:11:25,00:02:27
stefano.crapanzano@chu.ulg.ac.be,Lecture documentation,Tâches diverses,2021-06-09,16:13:59,00:00:06
stefano.crapanzano@chu.ulg.ac.be,Lecture documentation,Tâches diverses,2021-06-09,16:14:07,00:02:28
stefano.crapanzano@chu.ulg.ac.be,Lecture documentation,Tâches diverses,2021-06-09,16:16:43,00:00:03
stefano.crapanzano@chu.ulg.ac.be,Lecture documentation,Tâches diverses,2021-06-09,16:16:56,00:00:08
stefano.crapanzano@chu.ulg.ac.be,Lecture documentation,Tâches diverses,2021-06-09,16:17:12,00:00:27
stefano.crapanzano@chu.ulg.ac.be,Lecture documentation,Tâches diverses,2021-06-09,16:18:29,00:01:01
stefano.crapanzano@chu.ulg.ac.be,Lecture documentation,Tâches diverses,2021-06-09,16:19:59,00:00:34
stefano.crapanzano@chu.ulg.ac.be,Lecture documentation,Tâches diverses,2021-06-09,16:20:34,00:02:57
stefano.crapanzano@chu.ulg.ac.be,Lecture documentation,Tâches diverses,2021-06-09,16:23:42,00:00:35
stefano.crapanzano@chu.ulg.ac.be,Lecture documentation,Tâches diverses,2021-06-09,16:25:16,00:00:54
stefano.crapanzano@chu.ulg.ac.be,Lecture documentation,Tâches diverses,2021-06-09,16:28:55,00:00:02
stefano.crapanzano@chu.ulg.ac.be,Lecture documentation,Tâches diverses,2021-06-09,16:29:13,00:00:02
stefano.crapanzano@chu.ulg.ac.be,Lecture documentation,Tâches diverses,2021-06-09,16:30:44,00:00:02
stefano.crapanzano@chu.ulg.ac.be,Lecture documentation,Tâches diverses,2021-06-09,16:32:45,00:00:39
stefano.crapanzano@chu.ulg.ac.be,Lecture documentation,Tâches diverses,2021-06-09,16:33:40,00:03:05
stefano.crapanzano@chu.ulg.ac.be,Lecture documentation,Tâches diverses,2021-06-09,16:36:59,00:03:16
stefano.crapanzano@chu.ulg.ac.be,Lecture documentation,Tâches diverses,2021-06-09,16:45:13,00:01:40
stefano.crapanzano@chu.ulg.ac.be,Lecture documentation,Tâches diverses,2021-06-09,16:47:04,00:00:29
stefano.crapanzano@chu.ulg.ac.be,Lecture documentation,Tâches diverses,2021-06-09,16:47:50,00:04:05
stefano.crapanzano@chu.ulg.ac.be,Lecture documentation,Tâches diverses,2021-06-09,16:52:08,00:00:40
stefano.crapanzano@chu.ulg.ac.be,Lecture documentation,Tâches diverses,2021-06-09,16:53:30,00:00:17
stefano.crapanzano@chu.ulg.ac.be,Lecture documentation,Tâches diverses,2021-06-09,16:54:11,00:01:18
stefano.crapanzano@chu.ulg.ac.be,Lecture documentation,Tâches diverses,2021-06-09,16:55:35,00:01:23
stefano.crapanzano@chu.ulg.ac.be,Greenshot Éditeur d'Image,Helpdesk général,2021-06-09,08:49:40,00:00:02
stefano.crapanzano@chu.ulg.ac.be,console_erpftp - [Racine de la console\Gestion de l’ordinateur (ERPFTP)\Outils système\Planificateur de tâches\Bibliothèque du Planificateur de tâches],IT,2021-06-09,08:49:49,00:00:06
stefano.crapanzano@chu.ulg.ac.be,Microsoft Management Console,IT,2021-06-09,08:49:55,00:00:04
stefano.crapanzano@chu.ulg.ac.be,DBeaver 21.0.0 - <MS SQL Server - si-s-serv24> Script,Helpdesk général,2021-06-09,15:46:35,00:01:00
stefano.crapanzano@chu.ulg.ac.be,SAP Logon 750,Exploration SAP,2021-06-09,08:52:54,00:00:02
stefano.crapanzano@chu.ulg.ac.be,SAP Easy Access Menu de base Applications financières-économiques,Exploration SAP,2021-06-09,08:52:57,00:00:03
stefano.crapanzano@chu.ulg.ac.be,SAP Easy Access Menu de base Applications financières-économiques,Exploration SAP,2021-06-09,08:53:54,00:00:09
stefano.crapanzano@chu.ulg.ac.be,SAP Easy Access Menu de base Applications financières-économiques,Exploration SAP,2021-06-09,08:54:49,00:00:08
stefano.crapanzano@chu.ulg.ac.be,SAP Easy Access Menu de base Applications financières-économiques,Exploration SAP,2021-06-09,08:55:01,00:00:10
stefano.crapanzano@chu.ulg.ac.be,Ecran initial du Quickviewer,Exploration SAP,2021-06-09,08:53:00,00:00:12
stefano.crapanzano@chu.ulg.ac.be,Ecran initial du Quickviewer,Exploration SAP,2021-06-09,08:53:29,00:00:02
stefano.crapanzano@chu.ulg.ac.be,Ecran initial du Quickviewer,Exploration SAP,2021-06-09,08:55:12,00:00:02
stefano.crapanzano@chu.ulg.ac.be,Ecran initial du Quickviewer,Exploration SAP,2021-06-09,08:55:19,00:00:08
stefano.crapanzano@chu.ulg.ac.be,Ecran initial du Quickviewer,Exploration SAP,2021-06-09,08:55:41,00:00:03
stefano.crapanzano@chu.ulg.ac.be,Créer Quickview ZWMONTVANGST : sélectionner une source de données,Exploration SAP,2021-06-09,08:53:12,00:00:13
stefano.crapanzano@chu.ulg.ac.be,Créer Quickview ZWMONTVANGST : sélectionner une source de données,Exploration SAP,2021-06-09,08:53:27,00:00:02
stefano.crapanzano@chu.ulg.ac.be,Modifier vue  Données réceptionnaire suppl. pour Warehouse Management ,Exploration SAP,2021-06-09,08:54:04,00:00:22
stefano.crapanzano@chu.ulg.ac.be,Modifier vue  Données réceptionnaire suppl. pour Warehouse Management ,Exploration SAP,2021-06-09,08:54:41,00:00:08
stefano.crapanzano@chu.ulg.ac.be,Performance Assistant,Exploration SAP,2021-06-09,08:54:39,00:00:02
stefano.crapanzano@chu.ulg.ac.be,Information technique,Exploration SAP,2021-06-09,08:54:28,00:00:10
stefano.crapanzano@chu.ulg.ac.be,Display Table,Exploration SAP,2021-06-09,08:54:58,00:00:03
stefano.crapanzano@chu.ulg.ac.be,Créer Quickview ZWM_ONTVANGST : sélectionner une source de données,Exploration SAP,2021-06-09,08:55:15,00:00:04
stefano.crapanzano@chu.ulg.ac.be,zwm_ontvangst,Exploration SAP,2021-06-09,08:55:31,00:00:09
stefano.crapanzano@chu.ulg.ac.be,zwm_ontvangst,Exploration SAP,2021-06-09,08:57:24,00:00:02
stefano.crapanzano@chu.ulg.ac.be,zwm_ontvangst,Exploration SAP,2021-06-09,08:57:29,00:01:09
stefano.crapanzano@chu.ulg.ac.be,zwm_ontvangst,Exploration SAP,2021-06-09,08:59:31,00:00:10
stefano.crapanzano@chu.ulg.ac.be,zwm_ontvangst,Exploration SAP,2021-06-09,08:59:51,00:00:02
stefano.crapanzano@chu.ulg.ac.be,zwm_ontvangst,Exploration SAP,2021-06-09,09:00:06,00:00:03
stefano.crapanzano@chu.ulg.ac.be,zwm_ontvangst,Exploration SAP,2021-06-09,09:00:19,00:01:52
stefano.crapanzano@chu.ulg.ac.be,Limitation des accès à la base de données,Exploration SAP,2021-06-09,08:55:29,00:00:02
stefano.crapanzano@chu.ulg.ac.be,Limitation des accès à la base de données,Exploration SAP,2021-06-09,08:57:27,00:00:02
stefano.crapanzano@chu.ulg.ac.be,Notification par courrier électronique,Helpdesk général,2021-06-09,11:43:13,00:00:02
stefano.crapanzano@chu.ulg.ac.be,\\ERPFTP.st.chulg\ERP\Log\Serv940SapOk-SapPE2203-MmOplbarcodeInput.log - Notepad++ [Administrator],IT,2021-06-09,11:43:25,00:00:03
stefano.crapanzano@chu.ulg.ac.be,\\ERPFTP.st.chulg\ERP\Log\Serv940SapOk-SapPE2203-MmOplbarcodeInput.log - Notepad++ [Administrator],IT,2021-06-09,12:08:22,00:00:02
stefano.crapanzano@chu.ulg.ac.be,\\ERPFTP.st.chulg\ERP\Log\Serv940SapOk-SapPE2203-MmOplbarcodeInput.log - Notepad++ [Administrator],IT,2021-06-09,12:16:23,00:00:04
stefano.crapanzano@chu.ulg.ac.be,dox - Recherche Google - Google Chrome,Tâches diverses,2021-06-09,11:47:17,00:00:03
stefano.crapanzano@chu.ulg.ac.be,Greenshot capture form,Helpdesk général,2021-06-09,11:56:15,00:00:05
stefano.crapanzano@chu.ulg.ac.be,Greenshot capture form,Helpdesk général,2021-06-09,12:11:12,00:00:05
stefano.crapanzano@chu.ulg.ac.be,Greenshot capture form,Helpdesk général,2021-06-09,12:28:19,00:00:04
stefano.crapanzano@chu.ulg.ac.be,Greenshot capture form,Helpdesk général,2021-06-09,13:25:49,00:00:02
stefano.crapanzano@chu.ulg.ac.be,Greenshot capture form,Helpdesk général,2021-06-09,13:25:57,00:00:07
stefano.crapanzano@chu.ulg.ac.be,Greenshot capture form,Helpdesk général,2021-06-09,15:03:10,00:00:18
stefano.crapanzano@chu.ulg.ac.be,Greenshot capture form,Helpdesk général,2021-06-09,15:59:55,00:00:05
stefano.crapanzano@chu.ulg.ac.be,Rédaction : (pas de sujet) - Thunderbird,Helpdesk général,2021-06-09,11:56:31,00:00:08
stefano.crapanzano@chu.ulg.ac.be,Rédaction : (pas de sujet) - Thunderbird,Helpdesk général,2021-06-09,13:49:12,00:01:08
stefano.crapanzano@chu.ulg.ac.be,Rédaction : (pas de sujet) - Thunderbird,Helpdesk général,2021-06-09,15:02:40,00:00:21
stefano.crapanzano@chu.ulg.ac.be,Rédaction : Backup code - Thunderbird,Helpdesk général,2021-06-09,11:56:40,00:00:02
stefano.crapanzano@chu.ulg.ac.be,Rédaction : Backup codes divers - Thunderbird,Helpdesk général,2021-06-09,11:56:45,00:00:22
stefano.crapanzano@chu.ulg.ac.be,Rédaction : Backup codes divers - Thunderbird,Helpdesk général,2021-06-09,12:00:49,00:00:14
stefano.crapanzano@chu.ulg.ac.be,Rédaction : Backup codes divers - Thunderbird,Helpdesk général,2021-06-09,12:11:00,00:00:07
stefano.crapanzano@chu.ulg.ac.be,Rédaction : Backup codes divers - Thunderbird,Helpdesk général,2021-06-09,12:11:20,00:00:05
stefano.crapanzano@chu.ulg.ac.be,Rédaction : Backup codes divers - Thunderbird,Helpdesk général,2021-06-09,12:11:40,00:00:13
stefano.crapanzano@chu.ulg.ac.be,Rédaction : Backup codes divers - Thunderbird,Helpdesk général,2021-06-09,12:12:36,00:00:17
stefano.crapanzano@chu.ulg.ac.be,Rédaction : Backup codes divers - Thunderbird,Helpdesk général,2021-06-09,12:13:02,00:00:08
stefano.crapanzano@chu.ulg.ac.be,Rédaction : Backup codes divers - Thunderbird,Helpdesk général,2021-06-09,12:13:30,00:01:03
stefano.crapanzano@chu.ulg.ac.be,Rédaction : Backup codes divers - Thunderbird,Helpdesk général,2021-06-09,12:15:10,00:00:14
stefano.crapanzano@chu.ulg.ac.be,Rédaction : Backup codes divers - Thunderbird,Helpdesk général,2021-06-09,12:15:30,00:00:11
stefano.crapanzano@chu.ulg.ac.be,Rédaction : Backup codes divers - Thunderbird,Helpdesk général,2021-06-09,12:15:45,00:00:15
stefano.crapanzano@chu.ulg.ac.be,Rédaction : Backup codes divers - Thunderbird,Helpdesk général,2021-06-09,12:17:22,00:00:11
stefano.crapanzano@chu.ulg.ac.be,Rédaction : Backup codes divers - Thunderbird,Helpdesk général,2021-06-09,12:18:00,00:01:09
stefano.crapanzano@chu.ulg.ac.be,Rédaction : Backup codes divers - Thunderbird,Helpdesk général,2021-06-09,12:20:35,00:00:45
stefano.crapanzano@chu.ulg.ac.be,Rédaction : Backup codes divers - Thunderbird,Helpdesk général,2021-06-09,12:22:41,00:00:03
stefano.crapanzano@chu.ulg.ac.be,Rédaction : Backup codes divers - Thunderbird,Helpdesk général,2021-06-09,12:23:48,00:00:09
stefano.crapanzano@chu.ulg.ac.be,Rédaction : Backup codes divers - Thunderbird,Helpdesk général,2021-06-09,12:24:51,00:00:20
stefano.crapanzano@chu.ulg.ac.be,Rédaction : Backup codes divers - Thunderbird,Helpdesk général,2021-06-09,12:25:57,00:00:11
stefano.crapanzano@chu.ulg.ac.be,Rédaction : Backup codes divers - Thunderbird,Helpdesk général,2021-06-09,12:26:10,00:00:02
stefano.crapanzano@chu.ulg.ac.be,Rédaction : Backup codes divers - Thunderbird,Helpdesk général,2021-06-09,12:26:14,00:00:14
stefano.crapanzano@chu.ulg.ac.be,Rédaction : Backup codes divers - Thunderbird,Helpdesk général,2021-06-09,12:26:45,00:00:21
stefano.crapanzano@chu.ulg.ac.be,Rédaction : Backup codes divers - Thunderbird,Helpdesk général,2021-06-09,12:27:29,00:00:28
stefano.crapanzano@chu.ulg.ac.be,Rédaction : Backup codes divers - Thunderbird,Helpdesk général,2021-06-09,12:28:08,00:00:04
stefano.crapanzano@chu.ulg.ac.be,Rédaction : Backup codes divers - Thunderbird,Helpdesk général,2021-06-09,12:28:25,00:00:28
stefano.crapanzano@chu.ulg.ac.be,Rédaction : Backup codes divers - Thunderbird,Helpdesk général,2021-06-09,12:28:55,00:00:07
stefano.crapanzano@chu.ulg.ac.be,Rédaction : Backup codes divers - Thunderbird,Helpdesk général,2021-06-09,12:29:20,00:01:39
stefano.crapanzano@chu.ulg.ac.be,Rédaction : Backup codes divers - Thunderbird,Helpdesk général,2021-06-09,12:37:29,00:00:33
stefano.crapanzano@chu.ulg.ac.be,Rédaction : Backup codes divers - Thunderbird,Helpdesk général,2021-06-09,12:38:15,00:01:11
stefano.crapanzano@chu.ulg.ac.be,Rédaction : Backup codes divers - Thunderbird,Helpdesk général,2021-06-09,12:40:23,00:01:03
stefano.crapanzano@chu.ulg.ac.be,Rédaction : Backup codes divers - Thunderbird,Helpdesk général,2021-06-09,12:44:02,00:00:32
stefano.crapanzano@chu.ulg.ac.be,Rédaction : Backup codes divers - Thunderbird,Helpdesk général,2021-06-09,13:03:28,00:00:10
stefano.crapanzano@chu.ulg.ac.be,Rédaction : Backup codes divers - Thunderbird,Helpdesk général,2021-06-09,13:03:46,00:00:49
stefano.crapanzano@chu.ulg.ac.be,Rédaction : Backup codes divers - Thunderbird,Helpdesk général,2021-06-09,13:04:37,00:00:16
stefano.crapanzano@chu.ulg.ac.be,Rédaction : Backup codes divers - Thunderbird,Helpdesk général,2021-06-09,13:05:00,00:01:20
stefano.crapanzano@chu.ulg.ac.be,Rédaction : Backup codes divers - Thunderbird,Helpdesk général,2021-06-09,13:06:29,00:00:07
stefano.crapanzano@chu.ulg.ac.be,Rédaction : Backup codes divers - Thunderbird,Helpdesk général,2021-06-09,13:06:52,00:00:04
stefano.crapanzano@chu.ulg.ac.be,Rédaction : Backup codes divers - Thunderbird,Helpdesk général,2021-06-09,13:07:19,00:00:04
stefano.crapanzano@chu.ulg.ac.be,Rédaction : Backup codes divers - Thunderbird,Helpdesk général,2021-06-09,13:07:35,00:00:09
stefano.crapanzano@chu.ulg.ac.be,Rédaction : Backup codes divers - Thunderbird,Helpdesk général,2021-06-09,13:08:44,00:00:12
stefano.crapanzano@chu.ulg.ac.be,Rédaction : Backup codes divers - Thunderbird,Helpdesk général,2021-06-09,13:09:03,00:00:03
stefano.crapanzano@chu.ulg.ac.be,Rédaction : Backup codes divers - Thunderbird,Helpdesk général,2021-06-09,13:15:12,00:03:13
stefano.crapanzano@chu.ulg.ac.be,Rédaction : Backup codes divers - Thunderbird,Helpdesk général,2021-06-09,13:18:26,00:00:52
stefano.crapanzano@chu.ulg.ac.be,Rédaction : Backup codes divers - Thunderbird,Helpdesk général,2021-06-09,13:20:06,00:03:22
stefano.crapanzano@chu.ulg.ac.be,Rédaction : Backup codes divers - Thunderbird,Helpdesk général,2021-06-09,13:24:32,00:00:13
stefano.crapanzano@chu.ulg.ac.be,Rédaction : Backup codes divers - Thunderbird,Helpdesk général,2021-06-09,13:26:06,00:01:02
stefano.crapanzano@chu.ulg.ac.be,Rédaction : Backup codes divers - Thunderbird,Helpdesk général,2021-06-09,13:27:10,00:08:17
stefano.crapanzano@chu.ulg.ac.be,Rédaction : Backup codes divers - Thunderbird,Helpdesk général,2021-06-09,13:44:59,00:02:59
stefano.crapanzano@chu.ulg.ac.be,Rédaction : Backup codes divers - Thunderbird,Helpdesk général,2021-06-09,13:48:29,00:00:33
stefano.crapanzano@chu.ulg.ac.be,Rédaction : Backup codes divers - Thunderbird,Helpdesk général,2021-06-09,14:52:59,00:00:15
stefano.crapanzano@chu.ulg.ac.be,Rédaction : Backup codes divers - Thunderbird,Helpdesk général,2021-06-09,14:54:00,00:04:13
stefano.crapanzano@chu.ulg.ac.be,Rédaction : Backup codes divers - Thunderbird,Helpdesk général,2021-06-09,15:00:19,00:00:56
stefano.crapanzano@chu.ulg.ac.be,Rédaction : Backup codes divers - Thunderbird,Helpdesk général,2021-06-09,15:11:17,00:03:47
stefano.crapanzano@chu.ulg.ac.be,Rédaction : Backup codes divers - Thunderbird,Helpdesk général,2021-06-09,15:15:13,00:00:18
stefano.crapanzano@chu.ulg.ac.be,Rédaction : Backup codes divers - Thunderbird,Helpdesk général,2021-06-09,15:21:13,00:02:21
stefano.crapanzano@chu.ulg.ac.be,Rédaction : Backup codes divers - Thunderbird,Helpdesk général,2021-06-09,15:24:21,00:01:28
stefano.crapanzano@chu.ulg.ac.be,Rédaction : Backup codes divers - Thunderbird,Helpdesk général,2021-06-09,15:25:57,00:00:04
stefano.crapanzano@chu.ulg.ac.be,Rédaction : Backup codes divers - Thunderbird,Helpdesk général,2021-06-09,15:42:28,00:02:14
stefano.crapanzano@chu.ulg.ac.be,Rédaction : Backup codes divers - Thunderbird,Tâches diverses,2021-06-09,15:44:43,00:00:02
stefano.crapanzano@chu.ulg.ac.be,Rédaction : Backup codes divers - Thunderbird,Helpdesk général,2021-06-09,15:49:49,00:00:22
stefano.crapanzano@chu.ulg.ac.be,Rédaction : Backup codes divers - Thunderbird,Helpdesk général,2021-06-09,15:50:33,00:00:45
stefano.crapanzano@chu.ulg.ac.be,Rédaction : Backup codes divers - Thunderbird,Helpdesk général,2021-06-09,15:51:27,00:01:01
stefano.crapanzano@chu.ulg.ac.be,C:\Users\c158492\AppData\Local\Temp\CHL_ERP_ENCOURS.pl - Notepad++ [Administrator],IT,2021-06-09,12:06:33,00:00:04
stefano.crapanzano@chu.ulg.ac.be,C:\Users\c158492\Downloads\backup_erpwiki.bat - Notepad++ [Administrator],IT,2021-06-09,12:07:56,00:00:24
stefano.crapanzano@chu.ulg.ac.be,C:\Users\c158492\AppData\Local\Temp\ArchiveLogMonitoring - Notepad++ [Administrator],IT,2021-06-09,12:16:21,00:00:02
stefano.crapanzano@chu.ulg.ac.be,task scheduler xml file import - Recherche Google - Google Chrome,Tâches diverses,2021-06-09,12:16:39,00:00:04
stefano.crapanzano@chu.ulg.ac.be,How to Import or Export Tasks from Task Scheduler in Windows 10 - Google Chrome,Tâches diverses,2021-06-09,12:16:43,00:00:34
stefano.crapanzano@chu.ulg.ac.be,C:\Users\c158492\AppData\Local\Temp\CHL_ERP_SURVEILLANCE_ZMMARTIKEL.pl - Notepad++ [Administrator],IT,2021-06-09,12:19:23,00:00:07
stefano.crapanzano@chu.ulg.ac.be,C:\Users\c158492\AppData\Local\Temp\CHL_DEPASSEMENT_DOTATION.pl - Notepad++ [Administrator],IT,2021-06-09,12:19:56,00:00:08
stefano.crapanzano@chu.ulg.ac.be,C:\Users\c158492\AppData\Local\Temp\yesterday.pl - Notepad++ [Administrator],IT,2021-06-09,12:20:24,00:00:04
stefano.crapanzano@chu.ulg.ac.be,C:\Users\c158492\AppData\Local\Temp\CHL_ERP_APPLY_ACCESS_TO_FOLDER.pl - Notepad++ [Administrator],IT,2021-06-09,12:27:22,00:00:04
stefano.crapanzano@chu.ulg.ac.be,Active Directory Users and Computers,IT,2021-06-09,15:48:42,00:00:02
stefano.crapanzano@chu.ulg.ac.be,Rechercher Utilisateurs  contacts et groupes,IT,2021-06-09,12:35:37,00:00:03
stefano.crapanzano@chu.ulg.ac.be,Rechercher Utilisateurs  contacts et groupes,IT,2021-06-09,15:48:44,00:00:03
stefano.crapanzano@chu.ulg.ac.be,Update Finished!,IT,2021-06-09,12:39:48,00:00:03
stefano.crapanzano@chu.ulg.ac.be,Update Finished!,IT,2021-06-09,12:43:12,00:00:02
stefano.crapanzano@chu.ulg.ac.be,Update Finished!,IT,2021-06-09,12:43:54,00:00:02
stefano.crapanzano@chu.ulg.ac.be,Update Finished!,IT,2021-06-09,12:47:16,00:00:02
stefano.crapanzano@chu.ulg.ac.be,Update Finished!,IT,2021-06-09,12:47:54,00:00:02
stefano.crapanzano@chu.ulg.ac.be,Update Finished!,IT,2021-06-09,12:49:02,00:00:21
stefano.crapanzano@chu.ulg.ac.be,Update Finished!,IT,2021-06-09,12:49:29,00:00:09
stefano.crapanzano@chu.ulg.ac.be,Update Finished!,IT,2021-06-09,12:50:55,00:00:04
stefano.crapanzano@chu.ulg.ac.be,Update Finished!,IT,2021-06-09,12:51:08,00:00:02
stefano.crapanzano@chu.ulg.ac.be,Update Finished!,IT,2021-06-09,12:51:21,00:00:10
stefano.crapanzano@chu.ulg.ac.be,Update Finished!,IT,2021-06-09,12:51:54,00:00:08
stefano.crapanzano@chu.ulg.ac.be,Update Finished!,IT,2021-06-09,12:52:18,00:00:03
stefano.crapanzano@chu.ulg.ac.be,Update Finished!,IT,2021-06-09,12:52:24,00:00:10
stefano.crapanzano@chu.ulg.ac.be,C:\Users\c158492\ProjetBoulot\SVN_LOCAL\PERL - Commit - TortoiseSVN,IT,2021-06-09,12:39:58,00:00:20
stefano.crapanzano@chu.ulg.ac.be,SVN_LOCAL (Administrator),IT,2021-06-09,12:42:00,00:00:03
stefano.crapanzano@chu.ulg.ac.be,SVN_LOCAL – CHL_ERP_RAPPORT_STOCK_ARTICLE.pl [SVN_LOCAL] (Administrator),IT,2021-06-09,12:42:05,00:00:08
stefano.crapanzano@chu.ulg.ac.be,SVN_LOCAL – adaptations.bak [SVN_LOCAL] (Administrator),IT,2021-06-09,12:42:14,00:00:03
stefano.crapanzano@chu.ulg.ac.be,SVN_LOCAL – adaptations [SVN_LOCAL] (Administrator),IT,2021-06-09,12:42:17,00:00:20
stefano.crapanzano@chu.ulg.ac.be,Schedule for Addition,IT,2021-06-09,12:42:38,00:00:02
stefano.crapanzano@chu.ulg.ac.be,SVN_LOCAL – test.pl [SVN_LOCAL] (Administrator),IT,2021-06-09,12:42:41,00:00:08
stefano.crapanzano@chu.ulg.ac.be,SVN_LOCAL – test.pl [SVN_LOCAL] (Administrator),IT,2021-06-09,12:42:53,00:00:02
stefano.crapanzano@chu.ulg.ac.be,SVN_LOCAL – test.pl [SVN_LOCAL] (Administrator),IT,2021-06-09,12:43:28,00:00:18
stefano.crapanzano@chu.ulg.ac.be,SVN_LOCAL – test.pl [SVN_LOCAL] (Administrator),IT,2021-06-09,12:47:44,00:00:02
stefano.crapanzano@chu.ulg.ac.be,SVN_LOCAL – test.pl [SVN_LOCAL] (Administrator),IT,2021-06-09,12:48:35,00:00:09
stefano.crapanzano@chu.ulg.ac.be,SVN_LOCAL – test.pl [SVN_LOCAL] (Administrator),IT,2021-06-09,12:48:48,00:00:04
stefano.crapanzano@chu.ulg.ac.be,SVN_LOCAL – test.pl [SVN_LOCAL] (Administrator),IT,2021-06-09,13:00:50,00:00:02
stefano.crapanzano@chu.ulg.ac.be,Commit Changes,IT,2021-06-09,12:42:50,00:00:03
stefano.crapanzano@chu.ulg.ac.be,Commit Changes,IT,2021-06-09,12:43:46,00:00:03
stefano.crapanzano@chu.ulg.ac.be,Commit Changes,IT,2021-06-09,12:48:53,00:00:03
stefano.crapanzano@chu.ulg.ac.be,\\filesrv01.st.chulg\oazis_prod\APPL_PROD\SOURCES\PERL\ERP\test.pl - Notepad++ [Administrator],IT,2021-06-09,12:46:38,00:00:06
stefano.crapanzano@chu.ulg.ac.be,\\filesrv01.st.chulg\oazis_prod\APPL_PROD\SOURCES\PERL\ERP\test.pl - Notepad++ [Administrator],IT,2021-06-09,12:47:07,00:00:02
stefano.crapanzano@chu.ulg.ac.be,\\filesrv01.st.chulg\oazis_prod\APPL_PROD\SOURCES\PERL\ERP\test.pl - Notepad++ [Administrator],IT,2021-06-09,12:47:22,00:00:03
stefano.crapanzano@chu.ulg.ac.be,\\filesrv01.st.chulg\oazis_prod\APPL_PROD\SOURCES\PERL\ERP\test.pl - Notepad++ [Administrator],IT,2021-06-09,12:47:38,00:00:04
stefano.crapanzano@chu.ulg.ac.be,\\filesrv01.st.chulg\oazis_prod\APPL_PROD\SOURCES\PERL\ERP\test.pl - Notepad++ [Administrator],IT,2021-06-09,12:47:47,00:00:02
stefano.crapanzano@chu.ulg.ac.be,\\filesrv01.st.chulg\oazis_prod\APPL_PROD\SOURCES\PERL\ERP\test.pl - Notepad++ [Administrator],IT,2021-06-09,12:51:03,00:00:03
stefano.crapanzano@chu.ulg.ac.be,\\filesrv01.st.chulg\oazis_prod\APPL_PROD\SOURCES\PERL\ERP\test.pl - Notepad++ [Administrator],IT,2021-06-09,12:55:25,00:00:06
stefano.crapanzano@chu.ulg.ac.be,*\\filesrv01.st.chulg\oazis_prod\APPL_PROD\SOURCES\PERL\ERP\test.pl - Notepad++ [Administrator],IT,2021-06-09,12:43:19,00:00:06
stefano.crapanzano@chu.ulg.ac.be,*\\filesrv01.st.chulg\oazis_prod\APPL_PROD\SOURCES\PERL\ERP\test.pl - Notepad++ [Administrator],IT,2021-06-09,12:47:26,00:00:02
stefano.crapanzano@chu.ulg.ac.be,edit conflict tortoisesvn - Recherche Google - Google Chrome,Tâches diverses,2021-06-09,12:45:43,00:00:02
stefano.crapanzano@chu.ulg.ac.be,edit conflict tortoisesvn - Recherche Google - Google Chrome,Tâches diverses,2021-06-09,12:45:55,00:00:02
stefano.crapanzano@chu.ulg.ac.be,Resolving Conflicts - Google Chrome,Tâches diverses,2021-06-09,12:45:46,00:00:09
stefano.crapanzano@chu.ulg.ac.be,Resolving Conflicts - Google Chrome,Tâches diverses,2021-06-09,12:55:46,00:00:19
stefano.crapanzano@chu.ulg.ac.be,Merging / Editing Conflicts - Google Chrome,Tâches diverses,2021-06-09,12:45:58,00:00:04
stefano.crapanzano@chu.ulg.ac.be,\\filesrv01.st.chulg\oazis_prod\APPL_PROD\SOURCES\PERL\ERP\test.pl - Resolve - TortoiseSVN,IT,2021-06-09,12:46:22,00:00:08
stefano.crapanzano@chu.ulg.ac.be,Resolve Finished!,IT,2021-06-09,12:46:32,00:00:03
stefano.crapanzano@chu.ulg.ac.be,Fichier ouvert - Avertissement de sécurité,IT,2021-06-09,12:49:24,00:00:02
stefano.crapanzano@chu.ulg.ac.be,Ouvrir avec,IT,2021-06-09,12:49:26,00:00:02
stefano.crapanzano@chu.ulg.ac.be,\\filesrv01.st.chulg\oazis_prod\APPL_PROD\SOURCES\PERL\ERP - Log Messages - TortoiseSVN,IT,2021-06-09,12:49:38,00:00:05
stefano.crapanzano@chu.ulg.ac.be,\\filesrv01.st.chulg\oazis_prod\APPL_PROD\SOURCES\PERL\ERP - Log Messages - TortoiseSVN,IT,2021-06-09,12:52:35,00:00:02
stefano.crapanzano@chu.ulg.ac.be,\\filesrv01.st.chulg\oazis_prod\APPL_PROD\SOURCES\PERL\ERP - Log Messages - TortoiseSVN,IT,2021-06-09,13:02:00,00:00:05
stefano.crapanzano@chu.ulg.ac.be,Programmation,IT,2021-06-09,12:49:44,00:00:15
stefano.crapanzano@chu.ulg.ac.be,Programmation,IT,2021-06-09,12:51:16,00:00:02
stefano.crapanzano@chu.ulg.ac.be,Programmation,IT,2021-06-09,12:52:03,00:00:15
stefano.crapanzano@chu.ulg.ac.be,Programmation,IT,2021-06-09,12:54:22,00:00:08
stefano.crapanzano@chu.ulg.ac.be,Programmation,IT,2021-06-09,12:55:00,00:00:04
stefano.crapanzano@chu.ulg.ac.be,Programmation,IT,2021-06-09,15:15:09,00:00:03
stefano.crapanzano@chu.ulg.ac.be,Programmation,IT,2021-06-09,16:44:59,00:00:11
stefano.crapanzano@chu.ulg.ac.be,\\filesrv01.st.chulg\oazis_prod\APPL_PROD\SOURCES\PERL\ERP\test.pl - Log Messages - TortoiseSVN,IT,2021-06-09,12:52:22,00:00:02
stefano.crapanzano@chu.ulg.ac.be,Settings - TortoiseSVN,IT,2021-06-09,12:53:03,00:00:13
stefano.crapanzano@chu.ulg.ac.be,Settings - TortoiseSVN,IT,2021-06-09,12:53:18,00:00:45
stefano.crapanzano@chu.ulg.ac.be,Settings - TortoiseSVN,IT,2021-06-09,12:57:03,00:00:15
stefano.crapanzano@chu.ulg.ac.be,Settings - TortoiseSVN,IT,2021-06-09,13:01:35,00:00:04
stefano.crapanzano@chu.ulg.ac.be,Settings - TortoiseSVN,IT,2021-06-09,13:01:47,00:00:07
stefano.crapanzano@chu.ulg.ac.be,Advanced merge settings,IT,2021-06-09,12:53:16,00:00:02
stefano.crapanzano@chu.ulg.ac.be,\\filesrv01.st.chulg\oazis_prod\APPL_PROD\SOURCES\PERL\ERP - Commit - TortoiseSVN,IT,2021-06-09,12:54:13,00:00:09
stefano.crapanzano@chu.ulg.ac.be,\\filesrv01.st.chulg\oazis_prod\APPL_PROD\SOURCES\PERL\ERP - Commit - TortoiseSVN,IT,2021-06-09,12:54:31,00:00:28
stefano.crapanzano@chu.ulg.ac.be,\\filesrv01.st.chulg\oazis_prod\APPL_PROD\SOURCES\PERL\ERP - Commit - TortoiseSVN,IT,2021-06-09,12:55:04,00:00:19
stefano.crapanzano@chu.ulg.ac.be,\\filesrv01.st.chulg\oazis_prod\APPL_PROD\SOURCES\PERL\ERP - Commit - TortoiseSVN,IT,2021-06-09,12:56:07,00:00:07
stefano.crapanzano@chu.ulg.ac.be,\\filesrv01.st.chulg\oazis_prod\APPL_PROD\SOURCES\PERL\ERP - Commit - TortoiseSVN,IT,2021-06-09,12:57:19,00:00:16
stefano.crapanzano@chu.ulg.ac.be,\\filesrv01.st.chulg\oazis_prod\APPL_PROD\SOURCES\PERL\ERP - Commit - TortoiseSVN,IT,2021-06-09,12:58:11,00:00:05
stefano.crapanzano@chu.ulg.ac.be,tortoise svn conflict tool - Recherche Google - Google Chrome,Tâches diverses,2021-06-09,12:55:44,00:00:02
stefano.crapanzano@chu.ulg.ac.be,edit conflict doesnt work tortoisesvn - Recherche Google - Google Chrome,Tâches diverses,2021-06-09,12:56:28,00:00:04
stefano.crapanzano@chu.ulg.ac.be,tortoisesvn - Handling conflicts in SVN with Tortoise? - Stack Overflow - Google Chrome,Tâches diverses,2021-06-09,12:56:33,00:00:23
stefano.crapanzano@chu.ulg.ac.be,tortoisesvn - Handling conflicts in SVN with Tortoise? - Stack Overflow - Google Chrome,Tâches diverses,2021-06-09,16:33:26,00:00:04
stefano.crapanzano@chu.ulg.ac.be,\\filesrv01.st.chulg\oazis_prod\APPL_PROD\SOURCES\PERL\ERP - Resolve - TortoiseSVN,IT,2021-06-09,13:01:04,00:00:16
stefano.crapanzano@chu.ulg.ac.be,\\filesrv01.st.chulg\oazis_prod\APPL_PROD\SOURCES\PERL\ERP - Resolve - TortoiseSVN,IT,2021-06-09,13:01:26,00:00:07
stefano.crapanzano@chu.ulg.ac.be,\\filesrv01.st.chulg\oazis_prod\APPL_PROD\SOURCES\PERL\ERP - Resolve - TortoiseSVN,IT,2021-06-09,13:03:17,00:00:02
stefano.crapanzano@chu.ulg.ac.be,\\filesrv01.st.chulg\oazis_prod\APPL_PROD\SOURCES\PERL\ERP\test.pl - Properties - TortoiseSVN,IT,2021-06-09,13:01:21,00:00:04
stefano.crapanzano@chu.ulg.ac.be,Advanced diff settings,IT,2021-06-09,13:01:40,00:00:07
stefano.crapanzano@chu.ulg.ac.be,test.pl - TortoiseMerge,IT,2021-06-09,13:02:12,00:00:39
stefano.crapanzano@chu.ulg.ac.be,test.pl - TortoiseMerge,IT,2021-06-09,13:02:54,00:00:02
stefano.crapanzano@chu.ulg.ac.be,test.pl - TortoiseMerge,IT,2021-06-09,13:03:05,00:00:07
stefano.crapanzano@chu.ulg.ac.be,test.pl - TortoiseMerge,IT,2021-06-09,13:03:13,00:00:03
stefano.crapanzano@chu.ulg.ac.be,TortoiseMerge,IT,2021-06-09,13:02:51,00:00:02
stefano.crapanzano@chu.ulg.ac.be,Administrateur : C:\Windows\System32\cmd.exe,IT,2021-06-09,13:12:01,00:00:44
stefano.crapanzano@chu.ulg.ac.be,Administrateur : C:\Windows\System32\cmd.exe,IT,2021-06-09,13:12:56,00:00:10
stefano.crapanzano@chu.ulg.ac.be,Administrateur : C:\Windows\System32\cmd.exe,IT,2021-06-09,13:13:42,00:00:06
stefano.crapanzano@chu.ulg.ac.be,Administrateur : C:\Windows\System32\cmd.exe,IT,2021-06-09,13:13:49,00:00:06
stefano.crapanzano@chu.ulg.ac.be,get git remote address - Recherche Google - Google Chrome,Tâches diverses,2021-06-09,13:12:51,00:00:02
stefano.crapanzano@chu.ulg.ac.be,How can I retrieve the remote git address of a repo? - Stack Overflow - Google Chrome,Tâches diverses,2021-06-09,13:13:29,00:00:04
stefano.crapanzano@chu.ulg.ac.be,remove remote git - Recherche Google - Google Chrome,Tâches diverses,2021-06-09,13:13:34,00:00:02
stefano.crapanzano@chu.ulg.ac.be,Git Remove Remote: A Guide | Career Karma - Google Chrome,Tâches diverses,2021-06-09,13:13:36,00:00:06
stefano.crapanzano@chu.ulg.ac.be,Git Remove Remote: A Guide | Career Karma - Google Chrome,Tâches diverses,2021-06-09,13:14:26,00:00:10
stefano.crapanzano@chu.ulg.ac.be,Git Remove Remote: A Guide | Career Karma - Google Chrome,Tâches diverses,2021-06-09,13:19:41,00:00:02
stefano.crapanzano@chu.ulg.ac.be,Git Remove Remote: A Guide | Career Karma - Google Chrome,Tâches diverses,2021-06-09,13:23:31,00:00:02
stefano.crapanzano@chu.ulg.ac.be,intrastat - Mozilla Thunderbird,Helpdesk général,2021-06-09,13:36:41,00:01:00
stefano.crapanzano@chu.ulg.ac.be,intrastat - Mozilla Thunderbird,Helpdesk général,2021-06-09,13:37:47,00:01:09
stefano.crapanzano@chu.ulg.ac.be,intrastat - Mozilla Thunderbird,Helpdesk général,2021-06-09,13:40:20,00:00:09
stefano.crapanzano@chu.ulg.ac.be,intrastat - Mozilla Thunderbird,Helpdesk général,2021-06-09,13:40:34,00:01:54
stefano.crapanzano@chu.ulg.ac.be,intrastat - Mozilla Thunderbird,Helpdesk général,2021-06-09,13:43:31,00:00:12
stefano.crapanzano@chu.ulg.ac.be,intrastat - Mozilla Thunderbird,Helpdesk général,2021-06-09,13:49:07,00:00:03
stefano.crapanzano@chu.ulg.ac.be,[MON SUIVI] : Demande de création d'alias pour le projet goal - Mozilla Thunderbird,Helpdesk général,2021-06-09,13:37:41,00:00:03
stefano.crapanzano@chu.ulg.ac.be,Programme intrastat - Mozilla Thunderbird,Helpdesk général,2021-06-09,13:38:57,00:00:33
stefano.crapanzano@chu.ulg.ac.be,Programme intrastat - Mozilla Thunderbird,Helpdesk général,2021-06-09,13:42:28,00:01:02
stefano.crapanzano@chu.ulg.ac.be,Nouveau programme Intrastat - Mozilla Thunderbird,Helpdesk général,2021-06-09,13:40:29,00:00:04
stefano.crapanzano@chu.ulg.ac.be,veiav erp 2.0 - Recherche Google - Google Chrome,Tâches diverses,2021-06-09,13:43:52,00:00:03
stefano.crapanzano@chu.ulg.ac.be,sap veiav erp 2.0 - Recherche Google - Google Chrome,Tâches diverses,2021-06-09,13:43:56,00:01:02
stefano.crapanzano@chu.ulg.ac.be,Indésirables - stefano.crapanzano@chuliege.be - Mozilla Thunderbird,Helpdesk général,2021-06-09,13:54:02,00:00:04
stefano.crapanzano@chu.ulg.ac.be,Envoyés - stefano.crapanzano@chuliege.be - Mozilla Thunderbird,Helpdesk général,2021-06-09,15:53:50,00:01:10
stefano.crapanzano@chu.ulg.ac.be,Envoyés - stefano.crapanzano@chuliege.be - Mozilla Thunderbird,Helpdesk général,2021-06-09,16:03:26,00:01:00
stefano.crapanzano@chu.ulg.ac.be,Envoyés - stefano.crapanzano@chuliege.be - Mozilla Thunderbird,Helpdesk général,2021-06-09,16:26:29,00:00:44
stefano.crapanzano@chu.ulg.ac.be,Envoyés - stefano.crapanzano@chuliege.be - Mozilla Thunderbird,Helpdesk général,2021-06-09,16:28:01,00:00:53
stefano.crapanzano@chu.ulg.ac.be,Envoyés - stefano.crapanzano@chuliege.be - Mozilla Thunderbird,Helpdesk général,2021-06-09,16:28:58,00:00:14
stefano.crapanzano@chu.ulg.ac.be,Envoyés - stefano.crapanzano@chuliege.be - Mozilla Thunderbird,Helpdesk général,2021-06-09,16:31:28,00:01:14
stefano.crapanzano@chu.ulg.ac.be,Envoyés - stefano.crapanzano@chuliege.be - Mozilla Thunderbird,Helpdesk général,2021-06-09,16:42:44,00:02:14
stefano.crapanzano@chu.ulg.ac.be,Envoyés - stefano.crapanzano@chuliege.be - Mozilla Thunderbird,Helpdesk général,2021-06-09,16:54:00,00:00:09
stefano.crapanzano@chu.ulg.ac.be,Envoyés - stefano.crapanzano@chuliege.be - Mozilla Thunderbird,Helpdesk général,2021-06-09,16:57:01,00:00:02
stefano.crapanzano@chu.ulg.ac.be,Rechercher - Mozilla Thunderbird,Helpdesk général,2021-06-09,14:01:28,00:00:07
stefano.crapanzano@chu.ulg.ac.be,jira - Mozilla Thunderbird,Helpdesk général,2021-06-09,14:01:35,00:00:06
stefano.crapanzano@chu.ulg.ac.be,myCHU - Google Chrome,Tâches diverses,2021-06-09,14:01:50,00:00:46
stefano.crapanzano@chu.ulg.ac.be,myCHU - Google Chrome,Tâches diverses,2021-06-09,14:06:00,00:00:02
stefano.crapanzano@chu.ulg.ac.be,myCHU - Google Chrome,Tâches diverses,2021-06-09,14:42:22,00:00:02
stefano.crapanzano@chu.ulg.ac.be,myCHU - Google Chrome,Tâches diverses,2021-06-09,14:51:00,00:00:02
stefano.crapanzano@chu.ulg.ac.be,myCHU - Google Chrome,Tâches diverses,2021-06-09,14:53:46,00:00:02
stefano.crapanzano@chu.ulg.ac.be,myCHU - Google Chrome,Tâches diverses,2021-06-09,15:23:36,00:00:02
stefano.crapanzano@chu.ulg.ac.be,myCHU - Google Chrome,Tâches diverses,2021-06-09,15:56:14,00:00:03
stefano.crapanzano@chu.ulg.ac.be,myCHU - Google Chrome,Tâches diverses,2021-06-09,16:19:33,00:00:02
stefano.crapanzano@chu.ulg.ac.be,myCHU - Google Chrome,Tâches diverses,2021-06-09,16:19:36,00:00:03
stefano.crapanzano@chu.ulg.ac.be,myCHU - Google Chrome,Tâches diverses,2021-06-09,16:19:44,00:00:04
stefano.crapanzano@chu.ulg.ac.be,Rédaction : Re: Passage KARDEX - ZORGI sur acceptance - Thunderbird,Helpdesk général,2021-06-09,14:02:46,00:03:14
stefano.crapanzano@chu.ulg.ac.be,Rédaction : Re: Passage KARDEX - ZORGI sur acceptance - Thunderbird,Helpdesk général,2021-06-09,14:06:25,00:03:17
stefano.crapanzano@chu.ulg.ac.be,Rédaction : Re: Passage KARDEX - ZORGI sur acceptance - Thunderbird,Helpdesk général,2021-06-09,14:10:02,00:00:26
stefano.crapanzano@chu.ulg.ac.be,Rédaction : Re: Passage KARDEX - ZORGI sur acceptance - Thunderbird,Helpdesk général,2021-06-09,14:53:50,00:00:03
stefano.crapanzano@chu.ulg.ac.be,Fwd: AW: Connection to S4H in CHU Liège - Mozilla Thunderbird,Helpdesk général,2021-06-09,14:10:51,00:00:03
stefano.crapanzano@chu.ulg.ac.be,Fwd: AW: Connection to S4H in CHU Liège - Mozilla Thunderbird,Helpdesk général,2021-06-09,14:11:02,00:02:32
stefano.crapanzano@chu.ulg.ac.be,Fwd: AW: Connection to S4H in CHU Liège - Mozilla Thunderbird,Helpdesk général,2021-06-09,15:03:05,00:00:04
stefano.crapanzano@chu.ulg.ac.be,Fwd: AW: Connection to S4H in CHU Liège - Mozilla Thunderbird,Helpdesk général,2021-06-09,15:03:28,00:01:58
stefano.crapanzano@chu.ulg.ac.be,Stefano CRAPANZANO - erp.sai@chuliege.be - Mozilla Thunderbird,Helpdesk général,2021-06-09,14:10:59,00:00:02
stefano.crapanzano@chu.ulg.ac.be,Stefano CRAPANZANO - erp.sai@chuliege.be - Mozilla Thunderbird,Helpdesk général,2021-06-09,14:20:59,00:00:07
stefano.crapanzano@chu.ulg.ac.be,Stefano CRAPANZANO - erp.sai@chuliege.be - Mozilla Thunderbird,Helpdesk général,2021-06-09,14:21:43,00:00:02
stefano.crapanzano@chu.ulg.ac.be,Stefano CRAPANZANO - erp.sai@chuliege.be - Mozilla Thunderbird,Helpdesk général,2021-06-09,14:21:48,00:01:10
stefano.crapanzano@chu.ulg.ac.be,Stefano CRAPANZANO - erp.sai@chuliege.be - Mozilla Thunderbird,Helpdesk général,2021-06-09,14:48:27,00:00:08
stefano.crapanzano@chu.ulg.ac.be,Stefano CRAPANZANO - erp.sai@chuliege.be - Mozilla Thunderbird,Helpdesk général,2021-06-09,14:48:45,00:00:04
stefano.crapanzano@chu.ulg.ac.be,Stefano CRAPANZANO - erp.sai@chuliege.be - Mozilla Thunderbird,Helpdesk général,2021-06-09,14:49:30,00:00:10
stefano.crapanzano@chu.ulg.ac.be,Stefano CRAPANZANO - erp.sai@chuliege.be - Mozilla Thunderbird,Helpdesk général,2021-06-09,14:49:53,00:00:02
stefano.crapanzano@chu.ulg.ac.be,Stefano CRAPANZANO - erp.sai@chuliege.be - Mozilla Thunderbird,Helpdesk général,2021-06-09,15:16:18,00:00:19
stefano.crapanzano@chu.ulg.ac.be,Stefano CRAPANZANO - erp.sai@chuliege.be - Mozilla Thunderbird,Helpdesk général,2021-06-09,15:16:43,00:01:14
stefano.crapanzano@chu.ulg.ac.be,Stefano CRAPANZANO - erp.sai@chuliege.be - Mozilla Thunderbird,Helpdesk général,2021-06-09,15:20:34,00:00:37
stefano.crapanzano@chu.ulg.ac.be,Stefano CRAPANZANO - erp.sai@chuliege.be - Mozilla Thunderbird,Helpdesk général,2021-06-09,15:36:57,00:00:03
stefano.crapanzano@chu.ulg.ac.be,Stefano CRAPANZANO - erp.sai@chuliege.be - Mozilla Thunderbird,Helpdesk général,2021-06-09,15:37:03,00:05:22
stefano.crapanzano@chu.ulg.ac.be,Stefano CRAPANZANO - erp.sai@chuliege.be - Mozilla Thunderbird,Helpdesk général,2021-06-09,15:56:02,00:00:12
stefano.crapanzano@chu.ulg.ac.be,Stefano CRAPANZANO - erp.sai@chuliege.be - Mozilla Thunderbird,Helpdesk général,2021-06-09,15:56:26,00:00:03
stefano.crapanzano@chu.ulg.ac.be,Stefano CRAPANZANO - erp.sai@chuliege.be - Mozilla Thunderbird,Helpdesk général,2021-06-09,15:56:33,00:00:12
stefano.crapanzano@chu.ulg.ac.be,Stefano CRAPANZANO - erp.sai@chuliege.be - Mozilla Thunderbird,Helpdesk général,2021-06-09,15:57:34,00:00:13
stefano.crapanzano@chu.ulg.ac.be,Stefano CRAPANZANO - erp.sai@chuliege.be - Mozilla Thunderbird,Helpdesk général,2021-06-09,16:07:38,00:00:12
stefano.crapanzano@chu.ulg.ac.be,Stefano CRAPANZANO - erp.sai@chuliege.be - Mozilla Thunderbird,Helpdesk général,2021-06-09,16:17:51,00:00:37
stefano.crapanzano@chu.ulg.ac.be,Rédaction : Re: Fwd: AW: Connection to S4H in CHU Liège - Thunderbird,Helpdesk général,2021-06-09,14:13:35,00:00:18
stefano.crapanzano@chu.ulg.ac.be,Rédaction : Re: Fwd: AW: Connection to S4H in CHU Liège - Thunderbird,Helpdesk général,2021-06-09,14:15:44,00:00:41
stefano.crapanzano@chu.ulg.ac.be,Rédaction : Re: Fwd: AW: Connection to S4H in CHU Liège - Thunderbird,Helpdesk général,2021-06-09,14:16:38,00:01:01
stefano.crapanzano@chu.ulg.ac.be,Rédaction : Re: Fwd: AW: Connection to S4H in CHU Liège - Thunderbird,Helpdesk général,2021-06-09,14:17:53,00:02:08
stefano.crapanzano@chu.ulg.ac.be,Fwd: Évolution des connecteurs Kardex-SAP - Mozilla Thunderbird,Helpdesk général,2021-06-09,14:14:04,00:00:03
stefano.crapanzano@chu.ulg.ac.be,Fwd: Évolution des connecteurs Kardex-SAP - Mozilla Thunderbird,Helpdesk général,2021-06-09,14:14:10,00:00:23
stefano.crapanzano@chu.ulg.ac.be,Fwd: Évolution des connecteurs Kardex-SAP - Mozilla Thunderbird,Helpdesk général,2021-06-09,14:15:05,00:00:38
stefano.crapanzano@chu.ulg.ac.be,Envoi du message - Re: Fwd: AW: Connection to S4H in CHU Liège,Helpdesk général,2021-06-09,14:20:02,00:00:02
stefano.crapanzano@chu.ulg.ac.be,Rédaction : Re: AW: Fwd: AW: Connection to S4H in CHU Liège - Thunderbird,Helpdesk général,2021-06-09,14:29:24,00:03:47
stefano.crapanzano@chu.ulg.ac.be,Rédaction : Re: AW: Fwd: AW: Connection to S4H in CHU Liège - Thunderbird,Helpdesk général,2021-06-09,14:33:37,00:00:31
stefano.crapanzano@chu.ulg.ac.be,Rédaction : Re: AW: Fwd: AW: Connection to S4H in CHU Liège - Thunderbird,Helpdesk général,2021-06-09,14:34:13,00:01:17
stefano.crapanzano@chu.ulg.ac.be,Rédaction : Re: AW: Fwd: AW: Connection to S4H in CHU Liège - Thunderbird,Helpdesk général,2021-06-09,14:35:37,00:00:46
stefano.crapanzano@chu.ulg.ac.be,Rédaction : Fwd: AW: AW: Fwd: AW: Connection to S4H in CHU Liège - Thunderbird,Helpdesk général,2021-06-09,14:44:09,00:00:31
stefano.crapanzano@chu.ulg.ac.be,Rédaction : Fwd: AW: AW: Fwd: AW: Connection to S4H in CHU Liège - Thunderbird,Helpdesk général,2021-06-09,14:44:45,00:00:49
stefano.crapanzano@chu.ulg.ac.be,Rédaction : Fwd: AW: AW: Fwd: AW: Connection to S4H in CHU Liège - Thunderbird,Helpdesk général,2021-06-09,14:50:00,00:00:45
stefano.crapanzano@chu.ulg.ac.be,Netop Invité,Helpdesk général,2021-06-09,15:45:22,00:00:04
stefano.crapanzano@chu.ulg.ac.be,Netop Invité,Helpdesk général,2021-06-09,15:47:36,00:00:09
stefano.crapanzano@chu.ulg.ac.be,Connexion à l'aide de l'authentification Windows,Helpdesk général,2021-06-09,15:45:28,00:00:04
stefano.crapanzano@chu.ulg.ac.be,si-s-serv503 - Netop Remote Control,Helpdesk général,2021-06-09,15:45:34,00:01:01
stefano.crapanzano@chu.ulg.ac.be,ZORGI Help Center - Service d'assistance - Google Chrome,Tâches diverses,2021-06-09,15:56:23,00:00:02
stefano.crapanzano@chu.ulg.ac.be,Demande de Configuration ERP for HealthCare - Bienvenue! Vous pouvez poser une demande de Service Desk ERP for HealthCare parmi les options fournies. - Service d'assistance - Google Chrome,Tâches diverses,2021-06-09,15:56:45,00:00:49
stefano.crapanzano@chu.ulg.ac.be,Demande de Configuration ERP for HealthCare - Bienvenue! Vous pouvez poser une demande de Service Desk ERP for HealthCare parmi les options fournies. - Service d'assistance - Google Chrome,Tâches diverses,2021-06-09,16:07:24,00:00:10
stefano.crapanzano@chu.ulg.ac.be,Demande de Configuration ERP for HealthCare - Bienvenue! Vous pouvez poser une demande de Service Desk ERP for HealthCare parmi les options fournies. - Service d'assistance - Google Chrome,Tâches diverses,2021-06-09,16:08:12,00:00:02
stefano.crapanzano@chu.ulg.ac.be,Demande de Configuration ERP for HealthCare - Bienvenue! Vous pouvez poser une demande de Service Desk ERP for HealthCare parmi les options fournies. - Service d'assistance - Google Chrome,Tâches diverses,2021-06-09,16:08:20,00:00:03
stefano.crapanzano@chu.ulg.ac.be,Demande de Configuration ERP for HealthCare - Bienvenue! Vous pouvez poser une demande de Service Desk ERP for HealthCare parmi les options fournies. - Service d'assistance - Google Chrome,Tâches diverses,2021-06-09,16:08:31,00:00:06
stefano.crapanzano@chu.ulg.ac.be,Demande de Configuration ERP for HealthCare - Bienvenue! Vous pouvez poser une demande de Service Desk ERP for HealthCare parmi les options fournies. - Service d'assistance - Google Chrome,Tâches diverses,2021-06-09,16:08:42,00:00:36
stefano.crapanzano@chu.ulg.ac.be,Rédaction : Re: AW: Invitation : Migration connecteur Kardex S4H - Thunderbird,Helpdesk général,2021-06-09,16:00:13,00:02:00
stefano.crapanzano@chu.ulg.ac.be,doodle time slots - Recherche Google - Google Chrome,Tâches diverses,2021-06-09,16:06:20,00:00:04
stefano.crapanzano@chu.ulg.ac.be,Online polling tool - fast and easy scheduling | Doodle - Google Chrome,Tâches diverses,2021-06-09,16:06:25,00:00:02
stefano.crapanzano@chu.ulg.ac.be,Online polling tool - fast and easy scheduling | Doodle - Google Chrome,Tâches diverses,2021-06-09,16:06:33,00:00:02
stefano.crapanzano@chu.ulg.ac.be,Doodle | Premium - Google Chrome,Tâches diverses,2021-06-09,16:06:27,00:00:06
stefano.crapanzano@chu.ulg.ac.be,Doodle | Premium - Google Chrome,Tâches diverses,2021-06-09,16:06:36,00:00:03
stefano.crapanzano@chu.ulg.ac.be,Doodle | Premium - Google Chrome,Tâches diverses,2021-06-09,16:07:20,00:00:03
stefano.crapanzano@chu.ulg.ac.be,Doodle - Pour que les réunions se produisent - Google Chrome,Tâches diverses,2021-06-09,16:07:17,00:00:03
stefano.crapanzano@chu.ulg.ac.be,Doodle - Google Chrome,Tâches diverses,2021-06-09,16:06:41,00:00:03
stefano.crapanzano@chu.ulg.ac.be,Doodle - Google Chrome,Tâches diverses,2021-06-09,16:06:50,00:00:26
stefano.crapanzano@chu.ulg.ac.be,S4H - préparation de la conversion - Mozilla Thunderbird,Helpdesk général,2021-06-09,16:07:50,00:00:16
stefano.crapanzano@chu.ulg.ac.be,S4H - préparation de la conversion - Mozilla Thunderbird,Helpdesk général,2021-06-09,16:08:24,00:00:05
stefano.crapanzano@chu.ulg.ac.be,S4H - préparation de la conversion - Mozilla Thunderbird,Helpdesk général,2021-06-09,16:08:37,00:00:04
stefano.crapanzano@chu.ulg.ac.be,S4H - préparation de la conversion - Mozilla Thunderbird,Helpdesk général,2021-06-09,16:09:40,00:00:02
stefano.crapanzano@chu.ulg.ac.be,S4H - préparation de la conversion - Mozilla Thunderbird,Helpdesk général,2021-06-09,16:53:52,00:00:02
stefano.crapanzano@chu.ulg.ac.be,Enregistrer le message sous,Helpdesk général,2021-06-09,16:08:07,00:00:03
stefano.crapanzano@chu.ulg.ac.be,Ouvrir,Tâches diverses,2021-06-09,16:08:14,00:00:06
stefano.crapanzano@chu.ulg.ac.be,correction clôture 2020 immobilisations - Bienvenue! Vous pouvez poser une demande de Service Desk ERP for HealthCare parmi les options fournies. - Service d'assistance - Google Chrome,Tâches diverses,2021-06-09,16:09:18,00:00:18
stefano.crapanzano@chu.ulg.ac.be,correction clôture 2020 immobilisations - Bienvenue! Vous pouvez poser une demande de Service Desk ERP for HealthCare parmi les options fournies. - Service d'assistance - Google Chrome,Tâches diverses,2021-06-09,16:09:37,00:00:03
stefano.crapanzano@chu.ulg.ac.be,correction clôture 2020 immobilisations - Bienvenue! Vous pouvez poser une demande de Service Desk ERP for HealthCare parmi les options fournies. - Service d'assistance - Google Chrome,Tâches diverses,2021-06-09,16:19:30,00:00:02
stefano.crapanzano@chu.ulg.ac.be,Rédaction : Re: S4H - préparation de la conversion - Thunderbird,Helpdesk général,2021-06-09,16:09:44,00:00:34
stefano.crapanzano@chu.ulg.ac.be,CHU de Liège - Intranet - Google Chrome,Tâches diverses,2021-06-09,16:19:40,00:00:02
stefano.crapanzano@chu.ulg.ac.be,CHU de Liège - Intranet - Google Chrome,Tâches diverses,2021-06-09,16:31:05,00:00:02
stefano.crapanzano@chu.ulg.ac.be,https://decis.chu.ulg.ac.be/STPNET/stpnetdll.dll - Google Chrome,Tâches diverses,2021-06-09,16:19:48,00:00:03
stefano.crapanzano@chu.ulg.ac.be,Planning équipes - Google Chrome,Tâches diverses,2021-06-09,16:19:56,00:00:03
stefano.crapanzano@chu.ulg.ac.be,STP : continue - Google Chrome,Tâches diverses,2021-06-09,16:25:11,00:00:03
stefano.crapanzano@chu.ulg.ac.be,Modèles - stefano.crapanzano@chuliege.be - Mozilla Thunderbird,Helpdesk général,2021-06-09,16:26:23,00:00:06
