Email,Description,Project,Start date,Start time,Duration
stefano.crapanzano@chu.ulg.ac.be,Administrateur : C:\Windows\system32\cmd.exe - python  main.py,IT,2021-06-16,08:30:04,00:00:02
stefano.crapanzano@chu.ulg.ac.be,Courrier entrant - erp.sai@chuliege.be - Mozilla Thunderbird,Helpdesk général,2021-06-16,08:30:06,00:02:01
stefano.crapanzano@chu.ulg.ac.be,Courrier entrant - erp.sai@chuliege.be - Mozilla Thunderbird,Helpdesk général,2021-06-16,08:44:11,00:00:02
stefano.crapanzano@chu.ulg.ac.be,Courrier entrant - erp.sai@chuliege.be - Mozilla Thunderbird,Helpdesk général,2021-06-16,08:47:39,00:00:09
stefano.crapanzano@chu.ulg.ac.be,Courrier entrant - erp.sai@chuliege.be - Mozilla Thunderbird,Helpdesk général,2021-06-16,09:41:09,00:00:34
stefano.crapanzano@chu.ulg.ac.be,Courrier entrant - erp.sai@chuliege.be - Mozilla Thunderbird,Helpdesk général,2021-06-16,09:43:58,00:02:50
stefano.crapanzano@chu.ulg.ac.be,Courrier entrant - erp.sai@chuliege.be - Mozilla Thunderbird,Helpdesk général,2021-06-16,09:47:14,00:04:20
stefano.crapanzano@chu.ulg.ac.be,Courrier entrant - erp.sai@chuliege.be - Mozilla Thunderbird,Helpdesk général,2021-06-16,10:09:06,00:00:14
stefano.crapanzano@chu.ulg.ac.be,Courrier entrant - erp.sai@chuliege.be - Mozilla Thunderbird,Helpdesk général,2021-06-16,10:10:55,00:00:11
stefano.crapanzano@chu.ulg.ac.be,Courrier entrant - erp.sai@chuliege.be - Mozilla Thunderbird,Helpdesk général,2021-06-16,10:11:49,00:00:32
stefano.crapanzano@chu.ulg.ac.be,Courrier entrant - erp.sai@chuliege.be - Mozilla Thunderbird,Helpdesk général,2021-06-16,10:20:16,00:00:06
stefano.crapanzano@chu.ulg.ac.be,Courrier entrant - erp.sai@chuliege.be - Mozilla Thunderbird,Helpdesk général,2021-06-16,10:24:44,00:00:04
stefano.crapanzano@chu.ulg.ac.be,Courrier entrant - erp.sai@chuliege.be - Mozilla Thunderbird,Helpdesk général,2021-06-16,10:30:06,00:00:07
stefano.crapanzano@chu.ulg.ac.be,Courrier entrant - erp.sai@chuliege.be - Mozilla Thunderbird,Helpdesk général,2021-06-16,10:31:49,00:00:08
stefano.crapanzano@chu.ulg.ac.be,Courrier entrant - erp.sai@chuliege.be - Mozilla Thunderbird,Helpdesk général,2021-06-16,11:03:13,00:08:23
stefano.crapanzano@chu.ulg.ac.be,Courrier entrant - erp.sai@chuliege.be - Mozilla Thunderbird,Helpdesk général,2021-06-16,11:58:20,00:00:02
stefano.crapanzano@chu.ulg.ac.be,Courrier entrant - erp.sai@chuliege.be - Mozilla Thunderbird,Helpdesk général,2021-06-16,12:02:21,00:02:16
stefano.crapanzano@chu.ulg.ac.be,Courrier entrant - erp.sai@chuliege.be - Mozilla Thunderbird,Helpdesk général,2021-06-16,12:09:12,00:00:51
stefano.crapanzano@chu.ulg.ac.be,Courrier entrant - erp.sai@chuliege.be - Mozilla Thunderbird,Helpdesk général,2021-06-16,12:10:06,00:00:02
stefano.crapanzano@chu.ulg.ac.be,Courrier entrant - erp.sai@chuliege.be - Mozilla Thunderbird,Helpdesk général,2021-06-16,13:49:10,00:00:04
stefano.crapanzano@chu.ulg.ac.be,static content no longer being served - Using Umbraco And Getting Started - our.umbraco.com - Google Chrome,Tâches diverses,2021-06-16,08:32:08,00:00:02
stefano.crapanzano@chu.ulg.ac.be,static content no longer being served - Using Umbraco And Getting Started - our.umbraco.com - Google Chrome,Tâches diverses,2021-06-16,09:38:57,00:00:02
stefano.crapanzano@chu.ulg.ac.be,Lecture documentation,Tâches diverses,2021-06-16,08:32:10,00:11:58
stefano.crapanzano@chu.ulg.ac.be,Navigation système de fichier,IT,2021-06-16,08:44:09,00:00:02
stefano.crapanzano@chu.ulg.ac.be,Navigation système de fichier,IT,2021-06-16,09:43:18,00:00:04
stefano.crapanzano@chu.ulg.ac.be,Navigation système de fichier,IT,2021-06-16,09:47:09,00:00:02
stefano.crapanzano@chu.ulg.ac.be,Navigation système de fichier,IT,2021-06-16,09:47:12,00:00:02
stefano.crapanzano@chu.ulg.ac.be,Navigation système de fichier,IT,2021-06-16,10:07:47,00:00:02
stefano.crapanzano@chu.ulg.ac.be,Navigation système de fichier,IT,2021-06-16,10:08:12,00:00:02
stefano.crapanzano@chu.ulg.ac.be,Navigation système de fichier,IT,2021-06-16,10:08:36,00:00:02
stefano.crapanzano@chu.ulg.ac.be,Navigation système de fichier,IT,2021-06-16,10:09:20,00:00:03
stefano.crapanzano@chu.ulg.ac.be,Navigation système de fichier,IT,2021-06-16,10:10:03,00:00:05
stefano.crapanzano@chu.ulg.ac.be,Navigation système de fichier,IT,2021-06-16,10:10:26,00:00:03
stefano.crapanzano@chu.ulg.ac.be,Navigation système de fichier,IT,2021-06-16,10:10:52,00:00:02
stefano.crapanzano@chu.ulg.ac.be,Navigation système de fichier,IT,2021-06-16,10:11:07,00:00:03
stefano.crapanzano@chu.ulg.ac.be,Navigation système de fichier,IT,2021-06-16,10:13:29,00:00:07
stefano.crapanzano@chu.ulg.ac.be,Navigation système de fichier,IT,2021-06-16,10:13:59,00:00:10
stefano.crapanzano@chu.ulg.ac.be,Navigation système de fichier,IT,2021-06-16,10:14:50,00:00:02
stefano.crapanzano@chu.ulg.ac.be,Navigation système de fichier,IT,2021-06-16,10:15:25,00:00:02
stefano.crapanzano@chu.ulg.ac.be,Navigation système de fichier,IT,2021-06-16,10:15:33,00:00:03
stefano.crapanzano@chu.ulg.ac.be,Navigation système de fichier,IT,2021-06-16,10:17:04,00:00:02
stefano.crapanzano@chu.ulg.ac.be,Navigation système de fichier,IT,2021-06-16,10:19:42,00:00:02
stefano.crapanzano@chu.ulg.ac.be,Navigation système de fichier,IT,2021-06-16,10:23:49,00:00:02
stefano.crapanzano@chu.ulg.ac.be,Navigation système de fichier,IT,2021-06-16,10:28:09,00:00:04
stefano.crapanzano@chu.ulg.ac.be,Navigation système de fichier,IT,2021-06-16,10:28:22,00:00:04
stefano.crapanzano@chu.ulg.ac.be,Navigation système de fichier,IT,2021-06-16,10:28:29,00:00:03
stefano.crapanzano@chu.ulg.ac.be,Navigation système de fichier,IT,2021-06-16,10:30:00,00:00:02
stefano.crapanzano@chu.ulg.ac.be,Navigation système de fichier,IT,2021-06-16,10:37:12,00:00:03
stefano.crapanzano@chu.ulg.ac.be,Navigation système de fichier,IT,2021-06-16,10:37:17,00:00:02
stefano.crapanzano@chu.ulg.ac.be,Navigation système de fichier,IT,2021-06-16,10:44:08,00:00:03
stefano.crapanzano@chu.ulg.ac.be,Navigation système de fichier,IT,2021-06-16,11:12:21,00:00:02
stefano.crapanzano@chu.ulg.ac.be,Navigation système de fichier,IT,2021-06-16,11:19:19,00:00:03
stefano.crapanzano@chu.ulg.ac.be,Navigation système de fichier,IT,2021-06-16,11:26:13,00:00:02
stefano.crapanzano@chu.ulg.ac.be,Navigation système de fichier,IT,2021-06-16,11:30:25,00:00:02
stefano.crapanzano@chu.ulg.ac.be,Navigation système de fichier,IT,2021-06-16,12:04:45,00:00:04
stefano.crapanzano@chu.ulg.ac.be,Navigation système de fichier,IT,2021-06-16,12:05:46,00:00:03
stefano.crapanzano@chu.ulg.ac.be,Courrier entrant - stefano.crapanzano@chuliege.be - Mozilla Thunderbird,Helpdesk général,2021-06-16,08:44:14,00:03:25
stefano.crapanzano@chu.ulg.ac.be,Courrier entrant - stefano.crapanzano@chuliege.be - Mozilla Thunderbird,Helpdesk général,2021-06-16,08:47:48,00:49:49
stefano.crapanzano@chu.ulg.ac.be,Courrier entrant - stefano.crapanzano@chuliege.be - Mozilla Thunderbird,Helpdesk général,2021-06-16,09:41:02,00:00:07
stefano.crapanzano@chu.ulg.ac.be,Courrier entrant - stefano.crapanzano@chuliege.be - Mozilla Thunderbird,Helpdesk général,2021-06-16,10:12:21,00:00:54
stefano.crapanzano@chu.ulg.ac.be,Courrier entrant - stefano.crapanzano@chuliege.be - Mozilla Thunderbird,Helpdesk général,2021-06-16,10:19:45,00:00:31
stefano.crapanzano@chu.ulg.ac.be,Courrier entrant - stefano.crapanzano@chuliege.be - Mozilla Thunderbird,Helpdesk général,2021-06-16,10:32:27,00:00:05
stefano.crapanzano@chu.ulg.ac.be,Courrier entrant - stefano.crapanzano@chuliege.be - Mozilla Thunderbird,Helpdesk général,2021-06-16,10:32:45,00:00:46
stefano.crapanzano@chu.ulg.ac.be,Courrier entrant - stefano.crapanzano@chuliege.be - Mozilla Thunderbird,Helpdesk général,2021-06-16,10:46:14,00:00:02
stefano.crapanzano@chu.ulg.ac.be,Courrier entrant - stefano.crapanzano@chuliege.be - Mozilla Thunderbird,Helpdesk général,2021-06-16,11:03:10,00:00:03
stefano.crapanzano@chu.ulg.ac.be,Courrier entrant - stefano.crapanzano@chuliege.be - Mozilla Thunderbird,Helpdesk général,2021-06-16,11:58:22,00:00:17
stefano.crapanzano@chu.ulg.ac.be,Courrier entrant - stefano.crapanzano@chuliege.be - Mozilla Thunderbird,Helpdesk général,2021-06-16,12:05:00,00:00:03
stefano.crapanzano@chu.ulg.ac.be,Courrier entrant - stefano.crapanzano@chuliege.be - Mozilla Thunderbird,Helpdesk général,2021-06-16,12:09:09,00:00:02
stefano.crapanzano@chu.ulg.ac.be,Courrier entrant - stefano.crapanzano@chuliege.be - Mozilla Thunderbird,Helpdesk général,2021-06-16,13:49:15,00:00:40
stefano.crapanzano@chu.ulg.ac.be,SAP Logon 750,Exploration SAP,2021-06-16,09:37:38,00:00:03
stefano.crapanzano@chu.ulg.ac.be,SAP Logon 750,Exploration SAP,2021-06-16,09:38:38,00:00:02
stefano.crapanzano@chu.ulg.ac.be,SAP Logon 750,Exploration SAP,2021-06-16,09:38:43,00:00:03
stefano.crapanzano@chu.ulg.ac.be,SAP Logon 750,Exploration SAP,2021-06-16,09:41:44,00:00:02
stefano.crapanzano@chu.ulg.ac.be,SAP Logon 750,Exploration SAP,2021-06-16,10:07:49,00:00:02
stefano.crapanzano@chu.ulg.ac.be,SAP Logon 750,Exploration SAP,2021-06-16,10:09:23,00:00:03
stefano.crapanzano@chu.ulg.ac.be,SAP Logon 750,Exploration SAP,2021-06-16,10:09:45,00:00:02
stefano.crapanzano@chu.ulg.ac.be,Netop Invité,Exploration SAP,2021-06-16,09:37:41,00:00:56
stefano.crapanzano@chu.ulg.ac.be,Netop Invité,Helpdesk général,2021-06-16,09:38:40,00:00:02
stefano.crapanzano@chu.ulg.ac.be,Netop Invité,Helpdesk général,2021-06-16,09:38:46,00:00:10
stefano.crapanzano@chu.ulg.ac.be,Netop Invité,Helpdesk général,2021-06-16,09:43:22,00:00:34
stefano.crapanzano@chu.ulg.ac.be,Netop Invité,Helpdesk général,2021-06-16,09:46:49,00:00:04
stefano.crapanzano@chu.ulg.ac.be,Netop Invité,Helpdesk général,2021-06-16,09:47:04,00:00:03
stefano.crapanzano@chu.ulg.ac.be,Netop Invité,Helpdesk général,2021-06-16,10:13:37,00:00:03
stefano.crapanzano@chu.ulg.ac.be,Netop Invité,Helpdesk général,2021-06-16,10:13:50,00:00:02
stefano.crapanzano@chu.ulg.ac.be,Netop Invité,Helpdesk général,2021-06-16,10:42:09,00:00:02
stefano.crapanzano@chu.ulg.ac.be,Netop Invité,Helpdesk général,2021-06-16,10:50:01,00:00:02
stefano.crapanzano@chu.ulg.ac.be,Nouvel onglet - Google Chrome,Tâches diverses,2021-06-16,09:38:59,00:00:06
stefano.crapanzano@chu.ulg.ac.be,Nouvel onglet - Google Chrome,Tâches diverses,2021-06-16,11:23:37,00:00:04
stefano.crapanzano@chu.ulg.ac.be,Nouvel onglet - Google Chrome,Tâches diverses,2021-06-16,11:24:59,00:00:03
stefano.crapanzano@chu.ulg.ac.be,Nouvel onglet - Google Chrome,Tâches diverses,2021-06-16,11:28:42,00:00:02
stefano.crapanzano@chu.ulg.ac.be,Nouvel onglet - Google Chrome,Tâches diverses,2021-06-16,11:59:38,00:00:04
stefano.crapanzano@chu.ulg.ac.be,Nouvel onglet - Google Chrome,Tâches diverses,2021-06-16,12:00:46,00:00:02
stefano.crapanzano@chu.ulg.ac.be,Identification - Google Chrome,Tâches diverses,2021-06-16,09:39:05,00:00:07
stefano.crapanzano@chu.ulg.ac.be,Helpdesk ATI - Db Hardware Prod - Google Chrome,Tâches diverses,2021-06-16,09:39:13,00:00:08
stefano.crapanzano@chu.ulg.ac.be,Helpdesk ATI - Db Hardware Prod - Google Chrome,Tâches diverses,2021-06-16,09:51:34,00:16:12
stefano.crapanzano@chu.ulg.ac.be,Helpdesk ATI - Db Hardware Prod - Google Chrome,Tâches diverses,2021-06-16,10:11:10,00:00:03
stefano.crapanzano@chu.ulg.ac.be,Netop,Helpdesk général,2021-06-16,10:42:05,00:00:03
stefano.crapanzano@chu.ulg.ac.be,Connexion à l'aide de l'authentification Windows,Helpdesk général,2021-06-16,09:39:25,00:00:03
stefano.crapanzano@chu.ulg.ac.be,Connexion à l'aide de l'authentification Windows,Helpdesk général,2021-06-16,10:13:40,00:00:03
stefano.crapanzano@chu.ulg.ac.be,Connexion à l'aide de l'authentification Windows,Helpdesk général,2021-06-16,10:13:53,00:00:02
stefano.crapanzano@chu.ulg.ac.be,Connexion à l'aide de l'authentification Windows,Helpdesk général,2021-06-16,10:42:12,00:00:02
stefano.crapanzano@chu.ulg.ac.be,dsl-wx-0004 - Netop Remote Control,Helpdesk général,2021-06-16,09:39:29,00:01:30
stefano.crapanzano@chu.ulg.ac.be,dsl-wx-0004 - Netop Remote Control,Helpdesk général,2021-06-16,10:13:45,00:00:03
stefano.crapanzano@chu.ulg.ac.be,SAP Easy Access Menu de base Applications financières-économiques,Exploration SAP,2021-06-16,09:41:46,00:00:07
stefano.crapanzano@chu.ulg.ac.be,SAP Easy Access Menu de base Applications financières-économiques,Exploration SAP,2021-06-16,10:08:17,00:00:04
stefano.crapanzano@chu.ulg.ac.be,SAP Easy Access Menu de base Applications financières-économiques,Exploration SAP,2021-06-16,10:28:37,00:00:02
stefano.crapanzano@chu.ulg.ac.be,Liste des utilisateurs,Exploration SAP,2021-06-16,09:41:54,00:00:32
stefano.crapanzano@chu.ulg.ac.be,Liste des utilisateurs,Exploration SAP,2021-06-16,09:42:31,00:00:09
stefano.crapanzano@chu.ulg.ac.be,Liste des utilisateurs,Exploration SAP,2021-06-16,09:42:43,00:00:34
stefano.crapanzano@chu.ulg.ac.be,Liste des utilisateurs,Exploration SAP,2021-06-16,10:08:14,00:00:02
stefano.crapanzano@chu.ulg.ac.be,Définir valeurs pour critères de filtre,Exploration SAP,2021-06-16,09:42:26,00:00:04
stefano.crapanzano@chu.ulg.ac.be,Déconnecter utilisateur,Exploration SAP,2021-06-16,09:42:40,00:00:02
stefano.crapanzano@chu.ulg.ac.be,dsl-wx-0004 - Lecture des enregistrements,Helpdesk général,2021-06-16,09:46:54,00:00:09
stefano.crapanzano@chu.ulg.ac.be,SAP,Exploration SAP,2021-06-16,10:07:52,00:00:20
stefano.crapanzano@chu.ulg.ac.be,SAP,Exploration SAP,2021-06-16,10:08:38,00:00:04
stefano.crapanzano@chu.ulg.ac.be,SAP,Exploration SAP,2021-06-16,10:09:27,00:00:18
stefano.crapanzano@chu.ulg.ac.be,SAP,Exploration SAP,2021-06-16,10:09:47,00:00:15
stefano.crapanzano@chu.ulg.ac.be,SAP,Exploration SAP,2021-06-16,10:28:26,00:00:02
stefano.crapanzano@chu.ulg.ac.be,Gestion des utilisateurs : écran initial,Exploration SAP,2021-06-16,10:08:22,00:00:04
stefano.crapanzano@chu.ulg.ac.be,Gestion des utilisateurs : écran initial,Exploration SAP,2021-06-16,10:08:30,00:00:05
stefano.crapanzano@chu.ulg.ac.be,Gestion des utilisateurs : écran initial,Exploration SAP,2021-06-16,10:08:51,00:00:03
stefano.crapanzano@chu.ulg.ac.be,Gestion des utilisateurs : écran initial,Exploration SAP,2021-06-16,10:10:13,00:00:08
stefano.crapanzano@chu.ulg.ac.be,Gestion des utilisateurs : écran initial,Exploration SAP,2021-06-16,10:28:32,00:00:04
stefano.crapanzano@chu.ulg.ac.be,Gestion des utilisateurs : écran initial,Exploration SAP,2021-06-16,10:28:39,00:00:03
stefano.crapanzano@chu.ulg.ac.be,Gestion des utilisateurs : écran initial,Exploration SAP,2021-06-16,10:28:44,00:00:06
stefano.crapanzano@chu.ulg.ac.be,Gestion des utilisateurs : écran initial,Exploration SAP,2021-06-16,10:29:00,00:00:04
stefano.crapanzano@chu.ulg.ac.be,Gestion des utilisateurs : écran initial,Exploration SAP,2021-06-16,10:43:21,00:00:13
stefano.crapanzano@chu.ulg.ac.be,Gestion des utilisateurs : écran initial,Exploration SAP,2021-06-16,10:43:44,00:00:23
stefano.crapanzano@chu.ulg.ac.be,Gestion des utilisateurs : écran initial,Exploration SAP,2021-06-16,10:44:11,00:01:12
stefano.crapanzano@chu.ulg.ac.be,Débloquer utilisateur C185395,Exploration SAP,2021-06-16,10:08:26,00:00:03
stefano.crapanzano@chu.ulg.ac.be,Débloquer utilisateur C185395,Exploration SAP,2021-06-16,10:43:38,00:00:06
stefano.crapanzano@chu.ulg.ac.be,Information,Exploration SAP,2021-06-16,10:08:43,00:00:03
stefano.crapanzano@chu.ulg.ac.be,SAP Easy Access -  Menu pour Bernard GAUBLOMME,Exploration SAP,2021-06-16,10:08:47,00:00:04
stefano.crapanzano@chu.ulg.ac.be,SAP Easy Access -  Menu pour Bernard GAUBLOMME,Exploration SAP,2021-06-16,10:10:08,00:00:02
stefano.crapanzano@chu.ulg.ac.be,SAP Easy Access -  Menu pour Bernard GAUBLOMME,Exploration SAP,2021-06-16,10:10:30,00:00:22
stefano.crapanzano@chu.ulg.ac.be,SAP Easy Access -  Menu pour Bernard GAUBLOMME,Exploration SAP,2021-06-16,10:28:14,00:00:06
stefano.crapanzano@chu.ulg.ac.be,Afficher utilisateur,Exploration SAP,2021-06-16,10:08:55,00:00:09
stefano.crapanzano@chu.ulg.ac.be,Afficher utilisateur,Exploration SAP,2021-06-16,10:10:11,00:00:02
stefano.crapanzano@chu.ulg.ac.be,Afficher utilisateur,Exploration SAP,2021-06-16,10:29:05,00:00:07
stefano.crapanzano@chu.ulg.ac.be,Afficher utilisateur,Exploration SAP,2021-06-16,10:29:13,00:00:47
stefano.crapanzano@chu.ulg.ac.be,Afficher utilisateur,Helpdesk général,2021-06-16,10:43:16,00:00:04
stefano.crapanzano@chu.ulg.ac.be,Débloquer utilisateur H185395,Exploration SAP,2021-06-16,10:10:22,00:00:02
stefano.crapanzano@chu.ulg.ac.be,Demandes - Service d'assistance - Google Chrome,Tâches diverses,2021-06-16,10:11:14,00:00:06
stefano.crapanzano@chu.ulg.ac.be,P203 CHU Problème général pour créer des commandes d'achats - Bienvenue! Vous pouvez poser une demande de Service Desk ERP for HealthCare parmi les options fournies. - Service d'assistance - Google Chrome,Tâches diverses,2021-06-16,10:11:20,00:00:27
stefano.crapanzano@chu.ulg.ac.be,Ouverture -Excel,Tâches diverses,2021-06-16,10:13:16,00:00:06
stefano.crapanzano@chu.ulg.ac.be,Classeur1 - Excel,Tâches diverses,2021-06-16,10:13:23,00:00:05
stefano.crapanzano@chu.ulg.ac.be,Classeur1 - Excel,Tâches diverses,2021-06-16,10:14:35,00:00:03
stefano.crapanzano@chu.ulg.ac.be,Classeur1 - Excel,Tâches diverses,2021-06-16,10:15:01,00:00:03
stefano.crapanzano@chu.ulg.ac.be,Classeur1 - Excel,Tâches diverses,2021-06-16,10:15:06,00:00:19
stefano.crapanzano@chu.ulg.ac.be,Classeur1 - Excel,Tâches diverses,2021-06-16,10:15:37,00:00:13
stefano.crapanzano@chu.ulg.ac.be,Classeur1 - Excel,Tâches diverses,2021-06-16,10:16:05,00:00:10
stefano.crapanzano@chu.ulg.ac.be,Classeur1 - Excel,Tâches diverses,2021-06-16,10:16:25,00:00:02
stefano.crapanzano@chu.ulg.ac.be,chargement_manuel_AD_v2.xlsm - Excel,Tâches diverses,2021-06-16,10:14:11,00:00:03
stefano.crapanzano@chu.ulg.ac.be,chargement_manuel_AD_v2.xlsm - Excel,Tâches diverses,2021-06-16,10:14:53,00:00:07
stefano.crapanzano@chu.ulg.ac.be,chargement_manuel_AD_v2.xlsm - Excel,Tâches diverses,2021-06-16,10:15:54,00:00:09
stefano.crapanzano@chu.ulg.ac.be,chargement_manuel_AD_v2.xlsm - Excel,Tâches diverses,2021-06-16,10:16:16,00:00:07
stefano.crapanzano@chu.ulg.ac.be,chargement_manuel_AD_v2.xlsm - Excel,Tâches diverses,2021-06-16,10:17:58,00:01:44
stefano.crapanzano@chu.ulg.ac.be,chargement_manuel_AD_v2.xlsm - Excel,Tâches diverses,2021-06-16,10:20:22,00:00:12
stefano.crapanzano@chu.ulg.ac.be,chargement_manuel_AD_v2.xlsm - Excel,Tâches diverses,2021-06-16,10:20:39,00:00:10
stefano.crapanzano@chu.ulg.ac.be,chargement_manuel_AD_v2.xlsm - Excel,Tâches diverses,2021-06-16,10:20:55,00:00:02
stefano.crapanzano@chu.ulg.ac.be,chargement_manuel_AD_v2.xlsm - Excel,Tâches diverses,2021-06-16,10:21:05,00:00:40
stefano.crapanzano@chu.ulg.ac.be,chargement_manuel_AD_v2.xlsm - Excel,Tâches diverses,2021-06-16,10:21:52,00:01:23
stefano.crapanzano@chu.ulg.ac.be,chargement_manuel_AD_v2.xlsm - Excel,Tâches diverses,2021-06-16,10:23:18,00:00:15
stefano.crapanzano@chu.ulg.ac.be,chargement_manuel_AD_v2.xlsm - Excel,Tâches diverses,2021-06-16,10:23:52,00:00:44
stefano.crapanzano@chu.ulg.ac.be,Microsoft Visual Basic pour Applications - chargement_manuel_AD_v2.xlsm - [Module1 (Code)],Tâches diverses,2021-06-16,10:14:15,00:00:17
stefano.crapanzano@chu.ulg.ac.be,Microsoft Visual Basic pour Applications - chargement_manuel_AD_v2.xlsm - [Module1 (Code)],Tâches diverses,2021-06-16,10:14:39,00:00:03
stefano.crapanzano@chu.ulg.ac.be,Microsoft Visual Basic pour Applications - Classeur1 - [Module1 (Code)],Tâches diverses,2021-06-16,10:14:42,00:00:07
stefano.crapanzano@chu.ulg.ac.be,Microsoft Visual Basic pour Applications - Classeur1 - [Classe1 (Code)],Tâches diverses,2021-06-16,10:15:28,00:00:05
stefano.crapanzano@chu.ulg.ac.be,Microsoft Visual Basic pour Applications - Classeur1 - [Classe1 (Code)],Tâches diverses,2021-06-16,10:16:30,00:00:12
stefano.crapanzano@chu.ulg.ac.be,Enregistrer sous,Tâches diverses,2021-06-16,10:16:42,00:00:08
stefano.crapanzano@chu.ulg.ac.be,Enregistrer sous,Tâches diverses,2021-06-16,10:16:56,00:00:07
stefano.crapanzano@chu.ulg.ac.be,Microsoft Excel,Tâches diverses,2021-06-16,10:16:50,00:00:06
stefano.crapanzano@chu.ulg.ac.be,Microsoft Excel,Tâches diverses,2021-06-16,10:21:46,00:00:06
stefano.crapanzano@chu.ulg.ac.be,Microsoft Excel,Tâches diverses,2021-06-16,10:37:05,00:00:02
stefano.crapanzano@chu.ulg.ac.be,users.xlsm - Excel,Tâches diverses,2021-06-16,10:17:07,00:00:50
stefano.crapanzano@chu.ulg.ac.be,users.xlsm - Excel,Tâches diverses,2021-06-16,10:23:35,00:00:14
stefano.crapanzano@chu.ulg.ac.be,users.xlsm - Excel,Tâches diverses,2021-06-16,10:24:37,00:00:05
stefano.crapanzano@chu.ulg.ac.be,users.xlsm - Excel,Tâches diverses,2021-06-16,10:32:00,00:00:03
stefano.crapanzano@chu.ulg.ac.be,users.xlsm - Excel,Tâches diverses,2021-06-16,10:33:36,00:00:09
stefano.crapanzano@chu.ulg.ac.be,users.xlsm - Excel,Tâches diverses,2021-06-16,10:33:51,00:00:05
stefano.crapanzano@chu.ulg.ac.be,users.xlsm - Excel,Tâches diverses,2021-06-16,10:34:00,00:00:33
stefano.crapanzano@chu.ulg.ac.be,users.xlsm - Excel,Tâches diverses,2021-06-16,10:34:34,00:01:33
stefano.crapanzano@chu.ulg.ac.be,users.xlsm - Excel,Tâches diverses,2021-06-16,10:36:28,00:00:08
stefano.crapanzano@chu.ulg.ac.be,users.xlsm - Excel,Tâches diverses,2021-06-16,10:36:39,00:00:21
stefano.crapanzano@chu.ulg.ac.be,users.xlsm - Excel,Tâches diverses,2021-06-16,10:37:35,00:00:18
stefano.crapanzano@chu.ulg.ac.be,users.xlsm - Excel,Tâches diverses,2021-06-16,10:38:01,00:00:18
stefano.crapanzano@chu.ulg.ac.be,users.xlsm - Excel,Tâches diverses,2021-06-16,10:38:21,00:00:39
stefano.crapanzano@chu.ulg.ac.be,users.xlsm - Excel,Tâches diverses,2021-06-16,10:39:37,00:00:04
stefano.crapanzano@chu.ulg.ac.be,users.xlsm - Excel,Tâches diverses,2021-06-16,10:39:47,00:00:08
stefano.crapanzano@chu.ulg.ac.be,users.xlsm - Excel,Tâches diverses,2021-06-16,10:39:57,00:00:02
stefano.crapanzano@chu.ulg.ac.be,users.xlsm - Excel,Tâches diverses,2021-06-16,10:40:03,00:00:07
stefano.crapanzano@chu.ulg.ac.be,users.xlsm - Excel,Tâches diverses,2021-06-16,10:40:19,00:00:03
stefano.crapanzano@chu.ulg.ac.be,users.xlsm - Excel,Tâches diverses,2021-06-16,10:40:44,00:00:09
stefano.crapanzano@chu.ulg.ac.be,Format de cellule,Tâches diverses,2021-06-16,10:20:34,00:00:04
stefano.crapanzano@chu.ulg.ac.be,Rechercher Utilisateurs  contacts et groupes,IT,2021-06-16,10:20:51,00:00:03
stefano.crapanzano@chu.ulg.ac.be,Rechercher Utilisateurs  contacts et groupes,IT,2021-06-16,10:20:57,00:00:08
stefano.crapanzano@chu.ulg.ac.be,Rédaction : Re: Code PDA - Thunderbird,Helpdesk général,2021-06-16,10:24:49,00:03:20
stefano.crapanzano@chu.ulg.ac.be,Rédaction : Re: Code PDA - Thunderbird,Helpdesk général,2021-06-16,10:30:02,00:00:02
stefano.crapanzano@chu.ulg.ac.be,Rédaction : Re: Code PDA - Thunderbird,Helpdesk général,2021-06-16,10:30:19,00:00:44
stefano.crapanzano@chu.ulg.ac.be,Rédaction : Re: Code PDA - Thunderbird,Helpdesk général,2021-06-16,10:31:06,00:00:38
stefano.crapanzano@chu.ulg.ac.be,Fin de session,Exploration SAP,2021-06-16,10:28:20,00:00:02
stefano.crapanzano@chu.ulg.ac.be,Nom de l'utilisateur ds fiche utilisateur (2),Exploration SAP,2021-06-16,10:28:50,00:00:07
stefano.crapanzano@chu.ulg.ac.be,Nom de l'utilisateur ds fiche utilisateur (2)    3 Entrées trouvées,Exploration SAP,2021-06-16,10:28:57,00:00:02
stefano.crapanzano@chu.ulg.ac.be,Stefano CRAPANZANO - erp.sai@chuliege.be - Mozilla Thunderbird,Helpdesk général,2021-06-16,10:30:13,00:00:04
stefano.crapanzano@chu.ulg.ac.be,Stefano CRAPANZANO - erp.sai@chuliege.be - Mozilla Thunderbird,Helpdesk général,2021-06-16,10:31:46,00:00:02
stefano.crapanzano@chu.ulg.ac.be,Stefano CRAPANZANO - erp.sai@chuliege.be - Mozilla Thunderbird,Helpdesk général,2021-06-16,12:05:04,00:00:18
stefano.crapanzano@chu.ulg.ac.be,Stefano CRAPANZANO - erp.sai@chuliege.be - Mozilla Thunderbird,Helpdesk général,2021-06-16,12:05:28,00:00:02
stefano.crapanzano@chu.ulg.ac.be,Stefano CRAPANZANO - erp.sai@chuliege.be - Mozilla Thunderbird,Helpdesk général,2021-06-16,12:05:52,00:00:13
stefano.crapanzano@chu.ulg.ac.be,Stefano CRAPANZANO - erp.sai@chuliege.be - Mozilla Thunderbird,Helpdesk général,2021-06-16,12:08:10,00:00:02
stefano.crapanzano@chu.ulg.ac.be,Vérification de l’orthographe,Helpdesk général,2021-06-16,10:31:44,00:00:02
stefano.crapanzano@chu.ulg.ac.be,Programmation,IT,2021-06-16,10:32:07,00:00:19
stefano.crapanzano@chu.ulg.ac.be,Programmation,IT,2021-06-16,10:32:33,00:00:04
stefano.crapanzano@chu.ulg.ac.be,Programmation,IT,2021-06-16,10:32:39,00:00:05
stefano.crapanzano@chu.ulg.ac.be,Programmation,IT,2021-06-16,10:33:32,00:00:03
stefano.crapanzano@chu.ulg.ac.be,Programmation,IT,2021-06-16,10:36:08,00:00:20
stefano.crapanzano@chu.ulg.ac.be,Programmation,IT,2021-06-16,10:36:37,00:00:02
stefano.crapanzano@chu.ulg.ac.be,Programmation,IT,2021-06-16,10:39:04,00:00:29
stefano.crapanzano@chu.ulg.ac.be,Programmation,IT,2021-06-16,10:39:43,00:00:04
stefano.crapanzano@chu.ulg.ac.be,Programmation,IT,2021-06-16,10:40:00,00:00:03
stefano.crapanzano@chu.ulg.ac.be,Programmation,IT,2021-06-16,10:40:10,00:00:08
stefano.crapanzano@chu.ulg.ac.be,Programmation,IT,2021-06-16,10:40:25,00:00:19
stefano.crapanzano@chu.ulg.ac.be,Programmation,IT,2021-06-16,10:40:54,00:01:10
stefano.crapanzano@chu.ulg.ac.be,Programmation,IT,2021-06-16,10:45:55,00:00:02
stefano.crapanzano@chu.ulg.ac.be,Programmation,IT,2021-06-16,10:50:03,00:00:16
stefano.crapanzano@chu.ulg.ac.be,Programmation,IT,2021-06-16,10:51:08,00:11:56
stefano.crapanzano@chu.ulg.ac.be,Programmation,IT,2021-06-16,11:11:37,00:00:44
stefano.crapanzano@chu.ulg.ac.be,Programmation,IT,2021-06-16,11:12:23,00:00:36
stefano.crapanzano@chu.ulg.ac.be,Programmation,IT,2021-06-16,11:13:20,00:00:44
stefano.crapanzano@chu.ulg.ac.be,Programmation,IT,2021-06-16,11:14:16,00:04:22
stefano.crapanzano@chu.ulg.ac.be,Programmation,IT,2021-06-16,11:19:22,00:00:47
stefano.crapanzano@chu.ulg.ac.be,Programmation,IT,2021-06-16,11:20:16,00:00:30
stefano.crapanzano@chu.ulg.ac.be,Programmation,IT,2021-06-16,11:22:09,00:00:19
stefano.crapanzano@chu.ulg.ac.be,Programmation,IT,2021-06-16,11:22:37,00:00:10
stefano.crapanzano@chu.ulg.ac.be,Programmation,IT,2021-06-16,11:23:01,00:00:15
stefano.crapanzano@chu.ulg.ac.be,Programmation,IT,2021-06-16,11:24:20,00:00:36
stefano.crapanzano@chu.ulg.ac.be,Programmation,IT,2021-06-16,11:25:31,00:00:22
stefano.crapanzano@chu.ulg.ac.be,Programmation,IT,2021-06-16,11:26:05,00:00:07
stefano.crapanzano@chu.ulg.ac.be,Programmation,IT,2021-06-16,11:26:20,00:00:05
stefano.crapanzano@chu.ulg.ac.be,Programmation,IT,2021-06-16,11:27:07,00:01:00
stefano.crapanzano@chu.ulg.ac.be,Programmation,IT,2021-06-16,11:28:11,00:00:30
stefano.crapanzano@chu.ulg.ac.be,Programmation,IT,2021-06-16,11:28:50,00:00:27
stefano.crapanzano@chu.ulg.ac.be,Programmation,IT,2021-06-16,11:29:33,00:00:49
stefano.crapanzano@chu.ulg.ac.be,Programmation,IT,2021-06-16,11:30:28,00:00:03
stefano.crapanzano@chu.ulg.ac.be,Programmation,IT,2021-06-16,11:30:40,00:00:13
stefano.crapanzano@chu.ulg.ac.be,Programmation,IT,2021-06-16,11:58:41,00:00:11
stefano.crapanzano@chu.ulg.ac.be,Programmation,IT,2021-06-16,11:58:59,00:00:36
stefano.crapanzano@chu.ulg.ac.be,Programmation,IT,2021-06-16,12:00:03,00:00:10
stefano.crapanzano@chu.ulg.ac.be,Programmation,IT,2021-06-16,12:00:18,00:00:04
stefano.crapanzano@chu.ulg.ac.be,Programmation,IT,2021-06-16,12:00:24,00:00:19
stefano.crapanzano@chu.ulg.ac.be,Programmation,IT,2021-06-16,12:01:04,00:00:05
stefano.crapanzano@chu.ulg.ac.be,Programmation,IT,2021-06-16,12:01:18,00:00:23
stefano.crapanzano@chu.ulg.ac.be,Programmation,IT,2021-06-16,12:01:43,00:00:09
stefano.crapanzano@chu.ulg.ac.be,Programmation,IT,2021-06-16,12:01:54,00:00:06
stefano.crapanzano@chu.ulg.ac.be,Programmation,IT,2021-06-16,12:02:02,00:00:05
stefano.crapanzano@chu.ulg.ac.be,Programmation,IT,2021-06-16,12:02:10,00:00:09
stefano.crapanzano@chu.ulg.ac.be,Rechercher et remplacer,Tâches diverses,2021-06-16,10:37:00,00:00:04
stefano.crapanzano@chu.ulg.ac.be,Rechercher et remplacer,Tâches diverses,2021-06-16,10:37:07,00:00:03
stefano.crapanzano@chu.ulg.ac.be,*new 1 - Notepad++ [Administrator],IT,2021-06-16,10:37:22,00:00:02
stefano.crapanzano@chu.ulg.ac.be,*new 1 - Notepad++ [Administrator],IT,2021-06-16,10:37:31,00:00:02
stefano.crapanzano@chu.ulg.ac.be,*new 1 - Notepad++ [Administrator],IT,2021-06-16,10:37:53,00:00:08
stefano.crapanzano@chu.ulg.ac.be,Remplacer,IT,2021-06-16,10:37:25,00:00:06
stefano.crapanzano@chu.ulg.ac.be,erpftp - Netop Remote Control,Helpdesk général,2021-06-16,10:42:15,00:01:01
stefano.crapanzano@chu.ulg.ac.be,erpftp - Netop Remote Control,Exploration SAP,2021-06-16,10:45:23,00:00:31
stefano.crapanzano@chu.ulg.ac.be,erpftp - Netop Remote Control,Helpdesk général,2021-06-16,10:45:57,00:00:15
stefano.crapanzano@chu.ulg.ac.be,erpftp - Netop Remote Control,Helpdesk général,2021-06-16,10:47:16,00:00:42
stefano.crapanzano@chu.ulg.ac.be,Modification du mot de passe,Exploration SAP,2021-06-16,10:43:34,00:00:02
stefano.crapanzano@chu.ulg.ac.be,Ajout utilisateurs : GOAL.CHULIEGE.BE - Mozilla Thunderbird,Helpdesk général,2021-06-16,10:46:17,00:00:02
stefano.crapanzano@chu.ulg.ac.be,Ajout utilisateurs : GOAL.CHULIEGE.BE - Mozilla Thunderbird,Helpdesk général,2021-06-16,11:03:06,00:00:03
stefano.crapanzano@chu.ulg.ac.be,Rédaction : Re: Ajout utilisateurs : GOAL.CHULIEGE.BE - Thunderbird,Helpdesk général,2021-06-16,10:46:21,00:00:53
stefano.crapanzano@chu.ulg.ac.be,Rédaction : Re: Ajout utilisateurs : GOAL.CHULIEGE.BE - Thunderbird,Helpdesk général,2021-06-16,10:48:00,00:01:58
stefano.crapanzano@chu.ulg.ac.be,Rédaction : (pas de sujet) - Thunderbird,Helpdesk général,2021-06-16,10:50:21,00:00:47
stefano.crapanzano@chu.ulg.ac.be,Rédaction : (pas de sujet) - Thunderbird,Helpdesk général,2021-06-16,11:30:55,00:27:23
stefano.crapanzano@chu.ulg.ac.be,Rédaction : (pas de sujet) - Thunderbird,Helpdesk général,2021-06-16,12:11:06,00:01:06
stefano.crapanzano@chu.ulg.ac.be,GOAL - LABO - Google Chrome,Tâches diverses,2021-06-16,11:13:01,00:00:13
stefano.crapanzano@chu.ulg.ac.be,GOAL - LABO - Google Chrome,Tâches diverses,2021-06-16,11:18:40,00:00:38
stefano.crapanzano@chu.ulg.ac.be,GOAL - LABO - Google Chrome,Tâches diverses,2021-06-16,11:20:10,00:00:06
stefano.crapanzano@chu.ulg.ac.be,GOAL - LABO - Google Chrome,Tâches diverses,2021-06-16,11:20:48,00:01:21
stefano.crapanzano@chu.ulg.ac.be,GOAL - LABO - Google Chrome,Tâches diverses,2021-06-16,11:22:29,00:00:07
stefano.crapanzano@chu.ulg.ac.be,GOAL - LABO - Google Chrome,Tâches diverses,2021-06-16,11:22:47,00:00:13
stefano.crapanzano@chu.ulg.ac.be,GOAL - LABO - Google Chrome,Tâches diverses,2021-06-16,11:23:17,00:00:20
stefano.crapanzano@chu.ulg.ac.be,GOAL - LABO - Google Chrome,Tâches diverses,2021-06-16,11:25:56,00:00:08
stefano.crapanzano@chu.ulg.ac.be,GOAL - LABO - Google Chrome,Tâches diverses,2021-06-16,11:26:15,00:00:03
stefano.crapanzano@chu.ulg.ac.be,GOAL - LABO - Google Chrome,Tâches diverses,2021-06-16,11:26:25,00:00:40
stefano.crapanzano@chu.ulg.ac.be,GOAL - LABO - Google Chrome,Tâches diverses,2021-06-16,11:29:20,00:00:11
stefano.crapanzano@chu.ulg.ac.be,GOAL - LABO - Google Chrome,Tâches diverses,2021-06-16,11:30:31,00:00:08
stefano.crapanzano@chu.ulg.ac.be,GOAL - LABO - Google Chrome,Tâches diverses,2021-06-16,11:58:54,00:00:03
stefano.crapanzano@chu.ulg.ac.be,GOAL - LABO - Google Chrome,Tâches diverses,2021-06-16,11:59:36,00:00:02
stefano.crapanzano@chu.ulg.ac.be,Page not found at /gestion_utilisateur - Google Chrome,Tâches diverses,2021-06-16,11:13:15,00:00:03
stefano.crapanzano@chu.ulg.ac.be,Page not found at /gestion_utilisateur - Google Chrome,Tâches diverses,2021-06-16,11:14:05,00:00:02
stefano.crapanzano@chu.ulg.ac.be,127.0.0.1 - Google Chrome,Tâches diverses,2021-06-16,11:14:07,00:00:07
stefano.crapanzano@chu.ulg.ac.be,font awesome icons - Recherche Google - Google Chrome,Tâches diverses,2021-06-16,11:23:42,00:00:03
stefano.crapanzano@chu.ulg.ac.be,Icons | Font Awesome - Google Chrome,Tâches diverses,2021-06-16,11:23:47,00:00:02
stefano.crapanzano@chu.ulg.ac.be,User Icons | Font Awesome - Google Chrome,Tâches diverses,2021-06-16,11:23:50,00:00:09
stefano.crapanzano@chu.ulg.ac.be,User Icons | Font Awesome - Google Chrome,Tâches diverses,2021-06-16,11:24:01,00:00:10
stefano.crapanzano@chu.ulg.ac.be,User Plus Icon | Font Awesome - Google Chrome,Tâches diverses,2021-06-16,11:24:12,00:00:07
stefano.crapanzano@chu.ulg.ac.be,friconix icone - Recherche Google - Google Chrome,Tâches diverses,2021-06-16,11:25:03,00:00:02
stefano.crapanzano@chu.ulg.ac.be,Friconix | Free and beautiful vector icons - Google Chrome,Tâches diverses,2021-06-16,11:25:05,00:00:06
stefano.crapanzano@chu.ulg.ac.be,Results for user | Friconix - Google Chrome,Tâches diverses,2021-06-16,11:25:11,00:00:08
stefano.crapanzano@chu.ulg.ac.be,User plus solid icon by Friconix (fi-xnsuxl-user-plus-solid) normal solid sign plus add user sign-up account newuser profile usericon user-plus-solid - Google Chrome,Tâches diverses,2021-06-16,11:25:20,00:00:09
stefano.crapanzano@chu.ulg.ac.be,User plus solid icon by Friconix (fi-xnsuxl-user-plus-solid) normal solid sign plus add user sign-up account newuser profile usericon user-plus-solid - Google Chrome,Tâches diverses,2021-06-16,11:25:53,00:00:02
stefano.crapanzano@chu.ulg.ac.be,thead - Recherche Google - Google Chrome,Tâches diverses,2021-06-16,11:28:45,00:00:02
stefano.crapanzano@chu.ulg.ac.be,<thead> - HTML (HyperText Markup Language) | MDN - Google Chrome,Tâches diverses,2021-06-16,11:28:47,00:00:02
stefano.crapanzano@chu.ulg.ac.be,how to get all users django - Recherche Google - Google Chrome,Tâches diverses,2021-06-16,11:59:43,00:00:02
stefano.crapanzano@chu.ulg.ac.be,python - Django Get All Users - Stack Overflow - Google Chrome,Tâches diverses,2021-06-16,11:59:46,00:00:17
stefano.crapanzano@chu.ulg.ac.be,python - Django Get All Users - Stack Overflow - Google Chrome,Tâches diverses,2021-06-16,12:00:13,00:00:04
stefano.crapanzano@chu.ulg.ac.be,python - Django Get All Users - Stack Overflow - Google Chrome,Tâches diverses,2021-06-16,12:00:43,00:00:02
stefano.crapanzano@chu.ulg.ac.be,define a datatable - Recherche Google - Google Chrome,Tâches diverses,2021-06-16,12:00:49,00:00:04
stefano.crapanzano@chu.ulg.ac.be,define a datatable javascript - Recherche Google - Google Chrome,Tâches diverses,2021-06-16,12:00:53,00:00:02
stefano.crapanzano@chu.ulg.ac.be,DataTables example - Javascript sourced data - Google Chrome,Tâches diverses,2021-06-16,12:00:56,00:00:07
stefano.crapanzano@chu.ulg.ac.be,DataTables example - Javascript sourced data - Google Chrome,Tâches diverses,2021-06-16,12:01:10,00:00:08
stefano.crapanzano@chu.ulg.ac.be,Rédaction : Re: AW: Migration connecteur Kardex S4H Acceptance - Thunderbird,Helpdesk général,2021-06-16,12:04:38,00:00:07
stefano.crapanzano@chu.ulg.ac.be,Rédaction : Re: AW: Migration connecteur Kardex S4H Acceptance - Thunderbird,Helpdesk général,2021-06-16,12:04:50,00:00:02
stefano.crapanzano@chu.ulg.ac.be,Rédaction : Re: AW: Migration connecteur Kardex S4H Acceptance - Thunderbird,Helpdesk général,2021-06-16,12:04:57,00:00:02
stefano.crapanzano@chu.ulg.ac.be,Rédaction : Re: AW: Migration connecteur Kardex S4H Acceptance - Thunderbird,Helpdesk général,2021-06-16,12:05:32,00:00:13
stefano.crapanzano@chu.ulg.ac.be,Rédaction : Re: AW: Migration connecteur Kardex S4H Acceptance - Thunderbird,Helpdesk général,2021-06-16,12:06:25,00:00:02
stefano.crapanzano@chu.ulg.ac.be,Rédaction : Re: AW: Migration connecteur Kardex S4H Acceptance - Thunderbird,Helpdesk général,2021-06-16,12:06:45,00:00:04
stefano.crapanzano@chu.ulg.ac.be,Rédaction : Re: AW: Migration connecteur Kardex S4H Acceptance - Thunderbird,Helpdesk général,2021-06-16,12:07:16,00:00:52
stefano.crapanzano@chu.ulg.ac.be,Rédaction : Re: AW: Migration connecteur Kardex S4H Acceptance - Thunderbird,Helpdesk général,2021-06-16,12:08:29,00:00:03
stefano.crapanzano@chu.ulg.ac.be,Rédaction : Re: AW: Migration connecteur Kardex S4H Acceptance - Thunderbird,Helpdesk général,2021-06-16,12:08:57,00:00:07
stefano.crapanzano@chu.ulg.ac.be,Rédaction : Re: AW: Migration connecteur Kardex S4H Acceptance - Thunderbird,Helpdesk général,2021-06-16,12:10:08,00:00:56
stefano.crapanzano@chu.ulg.ac.be,Rédaction : Re: AW: Migration connecteur Kardex S4H Acceptance - Thunderbird,Helpdesk général,2021-06-16,12:12:14,00:01:34
stefano.crapanzano@chu.ulg.ac.be,Rédaction : Re: AW: Migration connecteur Kardex S4H Acceptance - Thunderbird,Helpdesk général,2021-06-16,12:14:52,01:34:16
stefano.crapanzano@chu.ulg.ac.be,Joindre les fichiers,Helpdesk général,2021-06-16,12:04:52,00:00:04
stefano.crapanzano@chu.ulg.ac.be,Joindre les fichiers,Helpdesk général,2021-06-16,12:06:28,00:00:16
stefano.crapanzano@chu.ulg.ac.be,Enregistrer la pièce jointe,Helpdesk général,2021-06-16,12:05:22,00:00:06
stefano.crapanzano@chu.ulg.ac.be,Fwd: AW: Connection to S4H in CHU Liège - Mozilla Thunderbird,Helpdesk général,2021-06-16,12:08:13,00:00:14
stefano.crapanzano@chu.ulg.ac.be,Fwd: AW: Connection to S4H in CHU Liège - Mozilla Thunderbird,Helpdesk général,2021-06-16,12:09:06,00:00:02
stefano.crapanzano@chu.ulg.ac.be,SAP GUI for Windows 750,Exploration SAP,2021-06-16,12:10:03,00:00:02
