Email,Description,Project,Start date,Start time,Duration
stefano.crapanzano@chu.ulg.ac.be,Navigation système de fichier,IT,2021-06-15,08:43:36,00:00:02
stefano.crapanzano@chu.ulg.ac.be,Navigation système de fichier,IT,2021-06-15,08:44:51,00:00:03
stefano.crapanzano@chu.ulg.ac.be,Navigation système de fichier,IT,2021-06-15,08:48:41,00:00:02
stefano.crapanzano@chu.ulg.ac.be,Navigation système de fichier,IT,2021-06-15,08:48:59,00:00:02
stefano.crapanzano@chu.ulg.ac.be,Navigation système de fichier,IT,2021-06-15,08:50:45,00:00:02
stefano.crapanzano@chu.ulg.ac.be,Navigation système de fichier,IT,2021-06-15,10:46:25,00:00:22
stefano.crapanzano@chu.ulg.ac.be,Navigation système de fichier,IT,2021-06-15,11:10:32,00:00:35
stefano.crapanzano@chu.ulg.ac.be,Navigation système de fichier,IT,2021-06-15,11:14:22,00:00:08
stefano.crapanzano@chu.ulg.ac.be,Navigation système de fichier,IT,2021-06-15,11:17:58,00:00:02
stefano.crapanzano@chu.ulg.ac.be,Navigation système de fichier,IT,2021-06-15,11:21:30,00:00:04
stefano.crapanzano@chu.ulg.ac.be,Navigation système de fichier,IT,2021-06-15,11:23:08,00:00:14
stefano.crapanzano@chu.ulg.ac.be,Navigation système de fichier,IT,2021-06-15,11:23:40,00:00:03
stefano.crapanzano@chu.ulg.ac.be,Navigation système de fichier,IT,2021-06-15,11:47:42,00:00:18
stefano.crapanzano@chu.ulg.ac.be,Navigation système de fichier,IT,2021-06-15,11:59:09,00:00:03
stefano.crapanzano@chu.ulg.ac.be,Navigation système de fichier,IT,2021-06-15,12:25:17,00:00:02
stefano.crapanzano@chu.ulg.ac.be,Navigation système de fichier,IT,2021-06-15,12:28:46,00:00:04
stefano.crapanzano@chu.ulg.ac.be,Navigation système de fichier,IT,2021-06-15,12:30:53,00:00:02
stefano.crapanzano@chu.ulg.ac.be,Navigation système de fichier,IT,2021-06-15,12:30:56,00:00:03
stefano.crapanzano@chu.ulg.ac.be,Navigation système de fichier,IT,2021-06-15,13:12:18,00:00:02
stefano.crapanzano@chu.ulg.ac.be,Navigation système de fichier,IT,2021-06-15,13:19:43,00:00:02
stefano.crapanzano@chu.ulg.ac.be,Navigation système de fichier,IT,2021-06-15,13:22:29,00:00:03
stefano.crapanzano@chu.ulg.ac.be,Navigation système de fichier,IT,2021-06-15,13:23:03,00:00:03
stefano.crapanzano@chu.ulg.ac.be,Navigation système de fichier,IT,2021-06-15,13:33:53,00:00:02
stefano.crapanzano@chu.ulg.ac.be,Navigation système de fichier,IT,2021-06-15,13:34:13,00:00:02
stefano.crapanzano@chu.ulg.ac.be,Navigation système de fichier,IT,2021-06-15,13:34:16,00:00:05
stefano.crapanzano@chu.ulg.ac.be,Navigation système de fichier,IT,2021-06-15,13:34:33,00:00:13
stefano.crapanzano@chu.ulg.ac.be,Navigation système de fichier,IT,2021-06-15,13:34:57,00:00:02
stefano.crapanzano@chu.ulg.ac.be,Navigation système de fichier,IT,2021-06-15,13:42:37,00:00:02
stefano.crapanzano@chu.ulg.ac.be,Navigation système de fichier,IT,2021-06-15,14:41:38,00:00:02
stefano.crapanzano@chu.ulg.ac.be,Navigation système de fichier,IT,2021-06-15,14:59:21,00:00:02
stefano.crapanzano@chu.ulg.ac.be,Navigation système de fichier,IT,2021-06-15,15:02:23,00:00:02
stefano.crapanzano@chu.ulg.ac.be,Navigation système de fichier,IT,2021-06-15,15:09:51,00:00:02
stefano.crapanzano@chu.ulg.ac.be,Navigation système de fichier,IT,2021-06-15,15:12:54,00:00:12
stefano.crapanzano@chu.ulg.ac.be,Navigation système de fichier,IT,2021-06-15,15:13:14,00:00:02
stefano.crapanzano@chu.ulg.ac.be,Navigation système de fichier,IT,2021-06-15,15:25:26,00:00:11
stefano.crapanzano@chu.ulg.ac.be,Navigation système de fichier,IT,2021-06-15,15:25:40,00:00:15
stefano.crapanzano@chu.ulg.ac.be,Navigation système de fichier,IT,2021-06-15,15:36:51,00:00:02
stefano.crapanzano@chu.ulg.ac.be,Navigation système de fichier,IT,2021-06-15,16:43:08,00:00:02
stefano.crapanzano@chu.ulg.ac.be,Navigation système de fichier,IT,2021-06-15,16:54:24,00:00:03
stefano.crapanzano@chu.ulg.ac.be,Navigation système de fichier,IT,2021-06-15,16:54:34,00:00:06
stefano.crapanzano@chu.ulg.ac.be,Navigation système de fichier,IT,2021-06-15,16:54:53,00:02:25
stefano.crapanzano@chu.ulg.ac.be,Courrier entrant - stefano.crapanzano@chuliege.be - Mozilla Thunderbird,Helpdesk général,2021-06-15,08:38:27,00:00:02
stefano.crapanzano@chu.ulg.ac.be,Courrier entrant - stefano.crapanzano@chuliege.be - Mozilla Thunderbird,Helpdesk général,2021-06-15,08:49:19,00:01:03
stefano.crapanzano@chu.ulg.ac.be,Courrier entrant - stefano.crapanzano@chuliege.be - Mozilla Thunderbird,Helpdesk général,2021-06-15,08:50:43,00:00:02
stefano.crapanzano@chu.ulg.ac.be,Courrier entrant - stefano.crapanzano@chuliege.be - Mozilla Thunderbird,Helpdesk général,2021-06-15,10:39:55,00:00:12
stefano.crapanzano@chu.ulg.ac.be,Courrier entrant - stefano.crapanzano@chuliege.be - Mozilla Thunderbird,Helpdesk général,2021-06-15,10:40:10,00:00:02
stefano.crapanzano@chu.ulg.ac.be,Courrier entrant - stefano.crapanzano@chuliege.be - Mozilla Thunderbird,Helpdesk général,2021-06-15,10:40:19,00:00:33
stefano.crapanzano@chu.ulg.ac.be,Courrier entrant - stefano.crapanzano@chuliege.be - Mozilla Thunderbird,Helpdesk général,2021-06-15,10:40:55,00:00:02
stefano.crapanzano@chu.ulg.ac.be,Courrier entrant - stefano.crapanzano@chuliege.be - Mozilla Thunderbird,Helpdesk général,2021-06-15,10:41:10,00:05:14
stefano.crapanzano@chu.ulg.ac.be,Courrier entrant - stefano.crapanzano@chuliege.be - Mozilla Thunderbird,Tâches diverses,2021-06-15,11:45:12,00:00:02
stefano.crapanzano@chu.ulg.ac.be,Courrier entrant - stefano.crapanzano@chuliege.be - Mozilla Thunderbird,Helpdesk général,2021-06-15,11:46:40,00:00:02
stefano.crapanzano@chu.ulg.ac.be,Courrier entrant - stefano.crapanzano@chuliege.be - Mozilla Thunderbird,Helpdesk général,2021-06-15,12:18:28,00:01:48
stefano.crapanzano@chu.ulg.ac.be,Courrier entrant - stefano.crapanzano@chuliege.be - Mozilla Thunderbird,Helpdesk général,2021-06-15,12:34:34,00:00:08
stefano.crapanzano@chu.ulg.ac.be,Courrier entrant - stefano.crapanzano@chuliege.be - Mozilla Thunderbird,Helpdesk général,2021-06-15,12:34:45,00:00:02
stefano.crapanzano@chu.ulg.ac.be,Courrier entrant - stefano.crapanzano@chuliege.be - Mozilla Thunderbird,Helpdesk général,2021-06-15,12:37:14,00:02:16
stefano.crapanzano@chu.ulg.ac.be,Courrier entrant - stefano.crapanzano@chuliege.be - Mozilla Thunderbird,Helpdesk général,2021-06-15,12:39:32,00:00:27
stefano.crapanzano@chu.ulg.ac.be,Courrier entrant - stefano.crapanzano@chuliege.be - Mozilla Thunderbird,Helpdesk général,2021-06-15,12:40:19,00:00:32
stefano.crapanzano@chu.ulg.ac.be,Courrier entrant - stefano.crapanzano@chuliege.be - Mozilla Thunderbird,Helpdesk général,2021-06-15,12:41:57,00:07:34
stefano.crapanzano@chu.ulg.ac.be,Courrier entrant - stefano.crapanzano@chuliege.be - Mozilla Thunderbird,Helpdesk général,2021-06-15,12:51:25,00:02:30
stefano.crapanzano@chu.ulg.ac.be,Courrier entrant - stefano.crapanzano@chuliege.be - Mozilla Thunderbird,Helpdesk général,2021-06-15,12:53:56,00:00:43
stefano.crapanzano@chu.ulg.ac.be,Courrier entrant - stefano.crapanzano@chuliege.be - Mozilla Thunderbird,Helpdesk général,2021-06-15,12:56:12,00:00:03
stefano.crapanzano@chu.ulg.ac.be,Courrier entrant - stefano.crapanzano@chuliege.be - Mozilla Thunderbird,Helpdesk général,2021-06-15,13:06:08,00:00:02
stefano.crapanzano@chu.ulg.ac.be,Courrier entrant - stefano.crapanzano@chuliege.be - Mozilla Thunderbird,Helpdesk général,2021-06-15,13:07:30,00:00:04
stefano.crapanzano@chu.ulg.ac.be,Courrier entrant - stefano.crapanzano@chuliege.be - Mozilla Thunderbird,Helpdesk général,2021-06-15,13:33:47,00:00:02
stefano.crapanzano@chu.ulg.ac.be,Courrier entrant - stefano.crapanzano@chuliege.be - Mozilla Thunderbird,Helpdesk général,2021-06-15,13:40:37,00:00:22
stefano.crapanzano@chu.ulg.ac.be,Courrier entrant - stefano.crapanzano@chuliege.be - Mozilla Thunderbird,Helpdesk général,2021-06-15,13:41:20,00:00:27
stefano.crapanzano@chu.ulg.ac.be,Courrier entrant - stefano.crapanzano@chuliege.be - Mozilla Thunderbird,Helpdesk général,2021-06-15,14:58:47,00:00:03
stefano.crapanzano@chu.ulg.ac.be,Courrier entrant - stefano.crapanzano@chuliege.be - Mozilla Thunderbird,Helpdesk général,2021-06-15,16:23:34,00:00:06
stefano.crapanzano@chu.ulg.ac.be,Courrier entrant - stefano.crapanzano@chuliege.be - Mozilla Thunderbird,Helpdesk général,2021-06-15,16:54:45,00:00:02
stefano.crapanzano@chu.ulg.ac.be,Courrier entrant - stefano.crapanzano@chuliege.be - Mozilla Thunderbird,Helpdesk général,2021-06-15,16:57:44,00:02:20
stefano.crapanzano@chu.ulg.ac.be,Courrier entrant - erp.sai@chuliege.be - Mozilla Thunderbird,Helpdesk général,2021-06-15,08:38:30,00:00:05
stefano.crapanzano@chu.ulg.ac.be,Courrier entrant - erp.sai@chuliege.be - Mozilla Thunderbird,Helpdesk général,2021-06-15,08:48:43,00:00:12
stefano.crapanzano@chu.ulg.ac.be,Courrier entrant - erp.sai@chuliege.be - Mozilla Thunderbird,Helpdesk général,2021-06-15,08:50:22,00:00:20
stefano.crapanzano@chu.ulg.ac.be,Courrier entrant - erp.sai@chuliege.be - Mozilla Thunderbird,Helpdesk général,2021-06-15,10:39:51,00:00:03
stefano.crapanzano@chu.ulg.ac.be,Courrier entrant - erp.sai@chuliege.be - Mozilla Thunderbird,Helpdesk général,2021-06-15,10:40:07,00:00:03
stefano.crapanzano@chu.ulg.ac.be,Courrier entrant - erp.sai@chuliege.be - Mozilla Thunderbird,Helpdesk général,2021-06-15,10:40:16,00:00:02
stefano.crapanzano@chu.ulg.ac.be,Courrier entrant - erp.sai@chuliege.be - Mozilla Thunderbird,Helpdesk général,2021-06-15,10:40:52,00:00:02
stefano.crapanzano@chu.ulg.ac.be,Courrier entrant - erp.sai@chuliege.be - Mozilla Thunderbird,Helpdesk général,2021-06-15,10:40:57,00:00:07
stefano.crapanzano@chu.ulg.ac.be,Courrier entrant - erp.sai@chuliege.be - Mozilla Thunderbird,Helpdesk général,2021-06-15,10:41:05,00:00:02
stefano.crapanzano@chu.ulg.ac.be,Courrier entrant - erp.sai@chuliege.be - Mozilla Thunderbird,Helpdesk général,2021-06-15,11:45:15,00:00:28
stefano.crapanzano@chu.ulg.ac.be,Courrier entrant - erp.sai@chuliege.be - Mozilla Thunderbird,Helpdesk général,2021-06-15,11:47:10,00:00:02
stefano.crapanzano@chu.ulg.ac.be,Courrier entrant - erp.sai@chuliege.be - Mozilla Thunderbird,Helpdesk général,2021-06-15,11:47:29,00:00:13
stefano.crapanzano@chu.ulg.ac.be,Courrier entrant - erp.sai@chuliege.be - Mozilla Thunderbird,Tâches diverses,2021-06-15,11:49:24,00:00:02
stefano.crapanzano@chu.ulg.ac.be,Courrier entrant - erp.sai@chuliege.be - Mozilla Thunderbird,Helpdesk général,2021-06-15,11:49:28,00:00:10
stefano.crapanzano@chu.ulg.ac.be,Courrier entrant - erp.sai@chuliege.be - Mozilla Thunderbird,Helpdesk général,2021-06-15,11:49:42,00:00:03
stefano.crapanzano@chu.ulg.ac.be,Courrier entrant - erp.sai@chuliege.be - Mozilla Thunderbird,Helpdesk général,2021-06-15,11:50:40,00:00:03
stefano.crapanzano@chu.ulg.ac.be,Courrier entrant - erp.sai@chuliege.be - Mozilla Thunderbird,Helpdesk général,2021-06-15,12:06:20,00:01:58
stefano.crapanzano@chu.ulg.ac.be,Courrier entrant - erp.sai@chuliege.be - Mozilla Thunderbird,Helpdesk général,2021-06-15,12:18:26,00:00:02
stefano.crapanzano@chu.ulg.ac.be,Courrier entrant - erp.sai@chuliege.be - Mozilla Thunderbird,Helpdesk général,2021-06-15,12:20:47,00:00:16
stefano.crapanzano@chu.ulg.ac.be,Courrier entrant - erp.sai@chuliege.be - Mozilla Thunderbird,Helpdesk général,2021-06-15,12:21:27,00:00:03
stefano.crapanzano@chu.ulg.ac.be,Courrier entrant - erp.sai@chuliege.be - Mozilla Thunderbird,Helpdesk général,2021-06-15,12:21:44,00:00:04
stefano.crapanzano@chu.ulg.ac.be,Courrier entrant - erp.sai@chuliege.be - Mozilla Thunderbird,Helpdesk général,2021-06-15,12:24:11,00:00:09
stefano.crapanzano@chu.ulg.ac.be,Courrier entrant - erp.sai@chuliege.be - Mozilla Thunderbird,Helpdesk général,2021-06-15,12:24:26,00:00:19
stefano.crapanzano@chu.ulg.ac.be,Courrier entrant - erp.sai@chuliege.be - Mozilla Thunderbird,Helpdesk général,2021-06-15,12:32:08,00:00:03
stefano.crapanzano@chu.ulg.ac.be,Courrier entrant - erp.sai@chuliege.be - Mozilla Thunderbird,Helpdesk général,2021-06-15,12:32:15,00:00:03
stefano.crapanzano@chu.ulg.ac.be,Courrier entrant - erp.sai@chuliege.be - Mozilla Thunderbird,Helpdesk général,2021-06-15,12:34:31,00:00:03
stefano.crapanzano@chu.ulg.ac.be,Courrier entrant - erp.sai@chuliege.be - Mozilla Thunderbird,Helpdesk général,2021-06-15,12:34:43,00:00:02
stefano.crapanzano@chu.ulg.ac.be,Courrier entrant - erp.sai@chuliege.be - Mozilla Thunderbird,Helpdesk général,2021-06-15,12:40:00,00:00:19
stefano.crapanzano@chu.ulg.ac.be,Courrier entrant - erp.sai@chuliege.be - Mozilla Thunderbird,Helpdesk général,2021-06-15,12:56:00,00:00:03
stefano.crapanzano@chu.ulg.ac.be,Courrier entrant - erp.sai@chuliege.be - Mozilla Thunderbird,Helpdesk général,2021-06-15,12:56:07,00:00:04
stefano.crapanzano@chu.ulg.ac.be,Courrier entrant - erp.sai@chuliege.be - Mozilla Thunderbird,Helpdesk général,2021-06-15,12:56:18,00:07:01
stefano.crapanzano@chu.ulg.ac.be,Courrier entrant - erp.sai@chuliege.be - Mozilla Thunderbird,Helpdesk général,2021-06-15,13:03:20,00:00:09
stefano.crapanzano@chu.ulg.ac.be,Courrier entrant - erp.sai@chuliege.be - Mozilla Thunderbird,Helpdesk général,2021-06-15,13:03:32,00:00:26
stefano.crapanzano@chu.ulg.ac.be,Courrier entrant - erp.sai@chuliege.be - Mozilla Thunderbird,Helpdesk général,2021-06-15,13:04:53,00:00:08
stefano.crapanzano@chu.ulg.ac.be,Courrier entrant - erp.sai@chuliege.be - Mozilla Thunderbird,Helpdesk général,2021-06-15,13:12:21,00:00:03
stefano.crapanzano@chu.ulg.ac.be,Courrier entrant - erp.sai@chuliege.be - Mozilla Thunderbird,Helpdesk général,2021-06-15,13:19:40,00:00:02
stefano.crapanzano@chu.ulg.ac.be,Courrier entrant - erp.sai@chuliege.be - Mozilla Thunderbird,Helpdesk général,2021-06-15,13:23:06,00:00:03
stefano.crapanzano@chu.ulg.ac.be,Courrier entrant - erp.sai@chuliege.be - Mozilla Thunderbird,Helpdesk général,2021-06-15,13:32:33,00:00:03
stefano.crapanzano@chu.ulg.ac.be,Courrier entrant - erp.sai@chuliege.be - Mozilla Thunderbird,Helpdesk général,2021-06-15,13:33:49,00:00:02
stefano.crapanzano@chu.ulg.ac.be,Courrier entrant - erp.sai@chuliege.be - Mozilla Thunderbird,Helpdesk général,2021-06-15,14:32:45,00:00:21
stefano.crapanzano@chu.ulg.ac.be,Courrier entrant - erp.sai@chuliege.be - Mozilla Thunderbird,Helpdesk général,2021-06-15,14:33:13,00:07:28
stefano.crapanzano@chu.ulg.ac.be,Courrier entrant - erp.sai@chuliege.be - Mozilla Thunderbird,Helpdesk général,2021-06-15,14:40:50,00:00:47
stefano.crapanzano@chu.ulg.ac.be,Courrier entrant - erp.sai@chuliege.be - Mozilla Thunderbird,Helpdesk général,2021-06-15,14:43:24,00:01:09
stefano.crapanzano@chu.ulg.ac.be,Courrier entrant - erp.sai@chuliege.be - Mozilla Thunderbird,Helpdesk général,2021-06-15,14:44:36,00:02:21
stefano.crapanzano@chu.ulg.ac.be,Courrier entrant - erp.sai@chuliege.be - Mozilla Thunderbird,Helpdesk général,2021-06-15,14:47:09,00:00:04
stefano.crapanzano@chu.ulg.ac.be,Courrier entrant - erp.sai@chuliege.be - Mozilla Thunderbird,Helpdesk général,2021-06-15,14:47:16,00:00:02
stefano.crapanzano@chu.ulg.ac.be,Courrier entrant - erp.sai@chuliege.be - Mozilla Thunderbird,Helpdesk général,2021-06-15,14:58:39,00:00:08
stefano.crapanzano@chu.ulg.ac.be,Courrier entrant - erp.sai@chuliege.be - Mozilla Thunderbird,Helpdesk général,2021-06-15,14:58:51,00:00:02
stefano.crapanzano@chu.ulg.ac.be,Courrier entrant - erp.sai@chuliege.be - Mozilla Thunderbird,Helpdesk général,2021-06-15,15:06:45,00:00:03
stefano.crapanzano@chu.ulg.ac.be,Courrier entrant - erp.sai@chuliege.be - Mozilla Thunderbird,Helpdesk général,2021-06-15,15:34:14,00:00:19
stefano.crapanzano@chu.ulg.ac.be,Courrier entrant - erp.sai@chuliege.be - Mozilla Thunderbird,Helpdesk général,2021-06-15,15:36:53,00:00:06
stefano.crapanzano@chu.ulg.ac.be,Courrier entrant - erp.sai@chuliege.be - Mozilla Thunderbird,Helpdesk général,2021-06-15,15:59:05,00:00:03
stefano.crapanzano@chu.ulg.ac.be,Courrier entrant - erp.sai@chuliege.be - Mozilla Thunderbird,Helpdesk général,2021-06-15,16:23:44,00:00:03
stefano.crapanzano@chu.ulg.ac.be,Courrier entrant - erp.sai@chuliege.be - Mozilla Thunderbird,Helpdesk général,2021-06-15,16:33:17,00:00:03
stefano.crapanzano@chu.ulg.ac.be,Courrier entrant - erp.sai@chuliege.be - Mozilla Thunderbird,Helpdesk général,2021-06-15,16:33:23,00:00:27
stefano.crapanzano@chu.ulg.ac.be,Courrier entrant - erp.sai@chuliege.be - Mozilla Thunderbird,Helpdesk général,2021-06-15,16:33:51,00:00:02
stefano.crapanzano@chu.ulg.ac.be,Courrier entrant - erp.sai@chuliege.be - Mozilla Thunderbird,Helpdesk général,2021-06-15,16:33:55,00:00:02
stefano.crapanzano@chu.ulg.ac.be,Courrier entrant - erp.sai@chuliege.be - Mozilla Thunderbird,Helpdesk général,2021-06-15,16:53:29,00:00:02
stefano.crapanzano@chu.ulg.ac.be,Courrier entrant - erp.sai@chuliege.be - Mozilla Thunderbird,Helpdesk général,2021-06-15,16:54:30,00:00:02
stefano.crapanzano@chu.ulg.ac.be,Courrier entrant - erp.sai@chuliege.be - Mozilla Thunderbird,Helpdesk général,2021-06-15,16:54:49,00:00:02
stefano.crapanzano@chu.ulg.ac.be,Courrier entrant - erp.sai@chuliege.be - Mozilla Thunderbird,Helpdesk général,2021-06-15,16:57:18,00:00:02
stefano.crapanzano@chu.ulg.ac.be,Lecture documentation,Tâches diverses,2021-06-15,08:38:37,00:03:02
stefano.crapanzano@chu.ulg.ac.be,Lecture documentation,Tâches diverses,2021-06-15,11:50:49,00:08:19
stefano.crapanzano@chu.ulg.ac.be,Lecture documentation,Tâches diverses,2021-06-15,11:59:30,00:06:50
stefano.crapanzano@chu.ulg.ac.be,Lecture documentation,Tâches diverses,2021-06-15,12:08:23,00:10:03
stefano.crapanzano@chu.ulg.ac.be,Lecture documentation,Tâches diverses,2021-06-15,13:08:18,00:03:59
stefano.crapanzano@chu.ulg.ac.be,Lecture documentation,Tâches diverses,2021-06-15,13:42:40,00:01:02
stefano.crapanzano@chu.ulg.ac.be,Lecture documentation,Tâches diverses,2021-06-15,16:27:07,00:00:57
stefano.crapanzano@chu.ulg.ac.be,Lecture documentation,Tâches diverses,2021-06-15,16:43:10,00:00:08
stefano.crapanzano@chu.ulg.ac.be,Lecture documentation,Tâches diverses,2021-06-15,16:43:25,00:00:10
stefano.crapanzano@chu.ulg.ac.be,Lecture documentation,Tâches diverses,2021-06-15,16:54:32,00:00:02
stefano.crapanzano@chu.ulg.ac.be,SAP Logon 750,Exploration SAP,2021-06-15,08:41:40,00:00:02
stefano.crapanzano@chu.ulg.ac.be,SAP Logon 750,Exploration SAP,2021-06-15,12:24:46,00:00:02
stefano.crapanzano@chu.ulg.ac.be,SAP Logon 750,Exploration SAP,2021-06-15,12:27:25,00:00:02
stefano.crapanzano@chu.ulg.ac.be,SAP Logon 750,Exploration SAP,2021-06-15,12:28:50,00:00:02
stefano.crapanzano@chu.ulg.ac.be,SAP Logon 750,Exploration SAP,2021-06-15,12:29:18,00:00:02
stefano.crapanzano@chu.ulg.ac.be,SAP Logon 750,Exploration SAP,2021-06-15,12:29:29,00:00:02
stefano.crapanzano@chu.ulg.ac.be,SAP Logon 750,Exploration SAP,2021-06-15,12:30:18,00:00:02
stefano.crapanzano@chu.ulg.ac.be,SAP Logon 750,Exploration SAP,2021-06-15,12:31:43,00:00:02
stefano.crapanzano@chu.ulg.ac.be,SAP Logon 750,Exploration SAP,2021-06-15,12:33:10,00:00:02
stefano.crapanzano@chu.ulg.ac.be,SAP Easy Access Menu de base Applications financières-économiques,Exploration SAP,2021-06-15,08:41:42,00:00:03
stefano.crapanzano@chu.ulg.ac.be,SAP Easy Access Menu de base Applications financières-économiques,Exploration SAP,2021-06-15,08:43:28,00:00:04
stefano.crapanzano@chu.ulg.ac.be,SAP Easy Access Menu de base Applications financières-économiques,Exploration SAP,2021-06-15,12:21:12,00:00:03
stefano.crapanzano@chu.ulg.ac.be,SAP Easy Access Menu de base Applications financières-économiques,Exploration SAP,2021-06-15,12:25:20,00:00:02
stefano.crapanzano@chu.ulg.ac.be,Synthèse IDocs,Exploration SAP,2021-06-15,08:41:46,00:00:04
stefano.crapanzano@chu.ulg.ac.be,Overzicht IDocs,Exploration SAP,2021-06-15,08:41:51,00:00:02
stefano.crapanzano@chu.ulg.ac.be,Overzicht IDocs,Exploration SAP,2021-06-15,08:42:18,00:00:10
stefano.crapanzano@chu.ulg.ac.be,Overzicht IDocs,Exploration SAP,2021-06-15,08:42:49,00:00:16
stefano.crapanzano@chu.ulg.ac.be,Overzicht IDocs,Exploration SAP,2021-06-15,08:43:08,00:00:08
stefano.crapanzano@chu.ulg.ac.be,Overzicht IDocs,Exploration SAP,2021-06-15,08:44:21,00:00:02
stefano.crapanzano@chu.ulg.ac.be,Overzicht IDocs,Exploration SAP,2021-06-15,08:45:00,00:00:03
stefano.crapanzano@chu.ulg.ac.be,Overzicht IDocs,Helpdesk général,2021-06-15,08:45:09,00:00:02
stefano.crapanzano@chu.ulg.ac.be,Overzicht IDocs,Exploration SAP,2021-06-15,08:45:31,00:00:02
stefano.crapanzano@chu.ulg.ac.be,Overzicht IDocs,Exploration SAP,2021-06-15,08:46:17,00:00:02
stefano.crapanzano@chu.ulg.ac.be,Overzicht IDocs,Exploration SAP,2021-06-15,08:46:43,00:00:06
stefano.crapanzano@chu.ulg.ac.be,Affichage de l'IDoc : 0000000000332504,Exploration SAP,2021-06-15,08:41:53,00:00:25
stefano.crapanzano@chu.ulg.ac.be,Traitement IDocs,Exploration SAP,2021-06-15,08:42:29,00:00:20
stefano.crapanzano@chu.ulg.ac.be,Traitement IDocs,Exploration SAP,2021-06-15,08:43:16,00:00:12
stefano.crapanzano@chu.ulg.ac.be,Traitement IDocs,Exploration SAP,2021-06-15,08:43:33,00:00:03
stefano.crapanzano@chu.ulg.ac.be,Traitement IDocs,Exploration SAP,2021-06-15,08:43:41,00:00:03
stefano.crapanzano@chu.ulg.ac.be,Traitement IDocs,Exploration SAP,2021-06-15,08:43:52,00:00:02
stefano.crapanzano@chu.ulg.ac.be,Traitement IDocs,Exploration SAP,2021-06-15,08:44:11,00:00:09
stefano.crapanzano@chu.ulg.ac.be,Traitement IDocs,Exploration SAP,2021-06-15,08:46:49,00:00:03
stefano.crapanzano@chu.ulg.ac.be,Traitement IDocs,Exploration SAP,2021-06-15,08:47:04,00:00:03
stefano.crapanzano@chu.ulg.ac.be,Traitement IDocs,Exploration SAP,2021-06-15,08:47:21,00:00:02
stefano.crapanzano@chu.ulg.ac.be,Traitement IDocs,Exploration SAP,2021-06-15,08:50:52,01:48:57
stefano.crapanzano@chu.ulg.ac.be,Traitement IDocs,Exploration SAP,2021-06-15,12:21:05,00:00:06
stefano.crapanzano@chu.ulg.ac.be,Handling Unit Flow Monitor,Exploration SAP,2021-06-15,08:43:39,00:00:02
stefano.crapanzano@chu.ulg.ac.be,Handling Unit Flow Monitor,Exploration SAP,2021-06-15,08:43:45,00:00:07
stefano.crapanzano@chu.ulg.ac.be,Handling Unit Flow Monitor,Exploration SAP,2021-06-15,08:43:54,00:00:16
stefano.crapanzano@chu.ulg.ac.be,Handling Unit Flow Monitor,Exploration SAP,2021-06-15,08:44:23,00:00:04
stefano.crapanzano@chu.ulg.ac.be,Handling Unit Flow Monitor,Exploration SAP,2021-06-15,08:44:54,00:00:04
stefano.crapanzano@chu.ulg.ac.be,Greenshot capture form,Exploration SAP,2021-06-15,08:44:28,00:00:10
stefano.crapanzano@chu.ulg.ac.be,Greenshot capture form,Helpdesk général,2021-06-15,08:45:03,00:00:05
stefano.crapanzano@chu.ulg.ac.be,Greenshot capture form,Helpdesk général,2021-06-15,15:11:05,00:00:05
stefano.crapanzano@chu.ulg.ac.be,Greenshot capture form,Helpdesk général,2021-06-15,15:56:48,00:00:05
stefano.crapanzano@chu.ulg.ac.be,Greenshot Éditeur d'Image,Helpdesk général,2021-06-15,08:44:40,00:00:08
stefano.crapanzano@chu.ulg.ac.be,Greenshot Éditeur d'Image,Helpdesk général,2021-06-15,15:56:54,00:00:03
stefano.crapanzano@chu.ulg.ac.be,Enregistrer sous,Helpdesk général,2021-06-15,08:44:48,00:00:02
stefano.crapanzano@chu.ulg.ac.be,Demandes - Service d'assistance - Google Chrome,Tâches diverses,2021-06-15,08:45:11,00:00:06
stefano.crapanzano@chu.ulg.ac.be,ZORGI Help Center - Service d'assistance - Google Chrome,Tâches diverses,2021-06-15,08:45:17,00:00:02
stefano.crapanzano@chu.ulg.ac.be,Incident ERP for HealthCare - Bienvenue! Vous pouvez poser une demande de Service Desk ERP for HealthCare parmi les options fournies. - Service d'assistance - Google Chrome,Tâches diverses,2021-06-15,08:45:19,00:00:12
stefano.crapanzano@chu.ulg.ac.be,Incident ERP for HealthCare - Bienvenue! Vous pouvez poser une demande de Service Desk ERP for HealthCare parmi les options fournies. - Service d'assistance - Google Chrome,Tâches diverses,2021-06-15,08:45:34,00:00:41
stefano.crapanzano@chu.ulg.ac.be,Incident ERP for HealthCare - Bienvenue! Vous pouvez poser une demande de Service Desk ERP for HealthCare parmi les options fournies. - Service d'assistance - Google Chrome,Tâches diverses,2021-06-15,08:46:23,00:00:20
stefano.crapanzano@chu.ulg.ac.be,Incident ERP for HealthCare - Bienvenue! Vous pouvez poser une demande de Service Desk ERP for HealthCare parmi les options fournies. - Service d'assistance - Google Chrome,Tâches diverses,2021-06-15,08:46:53,00:00:10
stefano.crapanzano@chu.ulg.ac.be,Incident ERP for HealthCare - Bienvenue! Vous pouvez poser une demande de Service Desk ERP for HealthCare parmi les options fournies. - Service d'assistance - Google Chrome,Tâches diverses,2021-06-15,08:47:07,00:00:13
stefano.crapanzano@chu.ulg.ac.be,Incident ERP for HealthCare - Bienvenue! Vous pouvez poser une demande de Service Desk ERP for HealthCare parmi les options fournies. - Service d'assistance - Google Chrome,Exploration SAP,2021-06-15,08:47:23,00:00:09
stefano.crapanzano@chu.ulg.ac.be,Incident ERP for HealthCare - Bienvenue! Vous pouvez poser une demande de Service Desk ERP for HealthCare parmi les options fournies. - Service d'assistance - Google Chrome,Tâches diverses,2021-06-15,08:47:35,00:00:04
stefano.crapanzano@chu.ulg.ac.be,Incident ERP for HealthCare - Bienvenue! Vous pouvez poser une demande de Service Desk ERP for HealthCare parmi les options fournies. - Service d'assistance - Google Chrome,Tâches diverses,2021-06-15,08:47:41,00:00:03
stefano.crapanzano@chu.ulg.ac.be,Incident ERP for HealthCare - Bienvenue! Vous pouvez poser une demande de Service Desk ERP for HealthCare parmi les options fournies. - Service d'assistance - Google Chrome,Tâches diverses,2021-06-15,08:47:46,00:00:36
stefano.crapanzano@chu.ulg.ac.be,Incident ERP for HealthCare - Bienvenue! Vous pouvez poser une demande de Service Desk ERP for HealthCare parmi les options fournies. - Service d'assistance - Google Chrome,Tâches diverses,2021-06-15,08:48:28,00:00:13
stefano.crapanzano@chu.ulg.ac.be,Ouvrir,Tâches diverses,2021-06-15,08:48:22,00:00:06
stefano.crapanzano@chu.ulg.ac.be,IDoc 332504 en statut 51 pour article 601839 - Bienvenue! Vous pouvez poser une demande de Service Desk ERP for HealthCare parmi les options fournies. - Service d'assistance - Google Chrome,Helpdesk général,2021-06-15,08:49:07,00:00:10
stefano.crapanzano@chu.ulg.ac.be,C:\temp\screenshots\2021-06-15 08_44_27-Handling Unit Flow Monitor.png - Greenshot Éditeur d'Image,Helpdesk général,2021-06-15,08:49:01,00:00:06
stefano.crapanzano@chu.ulg.ac.be,Fwd: TR: journée du 6/1/21 [file:/.../Fwd%20%20TR%20%20journ%C3%A9e%20du%206_1_21.html],Helpdesk général,2021-06-15,08:50:50,00:00:02
stefano.crapanzano@chu.ulg.ac.be,Envoyés - erp.sai@chuliege.be - Mozilla Thunderbird,Helpdesk général,2021-06-15,10:40:13,00:00:03
stefano.crapanzano@chu.ulg.ac.be,Envoyés - erp.sai@chuliege.be - Mozilla Thunderbird,Helpdesk général,2021-06-15,10:41:08,00:00:02
stefano.crapanzano@chu.ulg.ac.be,Envoyés - erp.sai@chuliege.be - Mozilla Thunderbird,Helpdesk général,2021-06-15,11:46:42,00:00:27
stefano.crapanzano@chu.ulg.ac.be,Envoyés - erp.sai@chuliege.be - Mozilla Thunderbird,Helpdesk général,2021-06-15,11:49:38,00:00:03
stefano.crapanzano@chu.ulg.ac.be,Envoyés - erp.sai@chuliege.be - Mozilla Thunderbird,Helpdesk général,2021-06-15,11:50:43,00:00:02
stefano.crapanzano@chu.ulg.ac.be,Envoyés - erp.sai@chuliege.be - Mozilla Thunderbird,Helpdesk général,2021-06-15,12:34:48,00:02:26
stefano.crapanzano@chu.ulg.ac.be,Envoyés - erp.sai@chuliege.be - Mozilla Thunderbird,Helpdesk général,2021-06-15,12:56:04,00:00:03
stefano.crapanzano@chu.ulg.ac.be,Envoyés - erp.sai@chuliege.be - Mozilla Thunderbird,Helpdesk général,2021-06-15,12:56:16,00:00:02
stefano.crapanzano@chu.ulg.ac.be,Envoyés - erp.sai@chuliege.be - Mozilla Thunderbird,Helpdesk général,2021-06-15,13:03:30,00:00:02
stefano.crapanzano@chu.ulg.ac.be,Envoyés - erp.sai@chuliege.be - Mozilla Thunderbird,Helpdesk général,2021-06-15,13:32:36,00:01:09
stefano.crapanzano@chu.ulg.ac.be,Envoyés - erp.sai@chuliege.be - Mozilla Thunderbird,Helpdesk général,2021-06-15,13:33:55,00:00:06
stefano.crapanzano@chu.ulg.ac.be,Envoyés - erp.sai@chuliege.be - Mozilla Thunderbird,Helpdesk général,2021-06-15,13:40:32,00:00:02
stefano.crapanzano@chu.ulg.ac.be,Envoyés - erp.sai@chuliege.be - Mozilla Thunderbird,Helpdesk général,2021-06-15,14:44:33,00:00:02
stefano.crapanzano@chu.ulg.ac.be,Envoyés - erp.sai@chuliege.be - Mozilla Thunderbird,Helpdesk général,2021-06-15,14:47:14,00:00:02
stefano.crapanzano@chu.ulg.ac.be,Envoyés - erp.sai@chuliege.be - Mozilla Thunderbird,Helpdesk général,2021-06-15,14:47:19,00:11:20
stefano.crapanzano@chu.ulg.ac.be,Envoyés - erp.sai@chuliege.be - Mozilla Thunderbird,Helpdesk général,2021-06-15,14:58:53,00:00:27
stefano.crapanzano@chu.ulg.ac.be,Envoyés - erp.sai@chuliege.be - Mozilla Thunderbird,Helpdesk général,2021-06-15,15:06:48,00:00:33
stefano.crapanzano@chu.ulg.ac.be,Envoyés - erp.sai@chuliege.be - Mozilla Thunderbird,Helpdesk général,2021-06-15,15:09:53,00:00:03
stefano.crapanzano@chu.ulg.ac.be,Envoyés - erp.sai@chuliege.be - Mozilla Thunderbird,Helpdesk général,2021-06-15,15:21:38,00:03:15
stefano.crapanzano@chu.ulg.ac.be,Envoyés - erp.sai@chuliege.be - Mozilla Thunderbird,Helpdesk général,2021-06-15,15:35:02,00:01:48
stefano.crapanzano@chu.ulg.ac.be,Envoyés - erp.sai@chuliege.be - Mozilla Thunderbird,Helpdesk général,2021-06-15,15:59:09,00:24:25
stefano.crapanzano@chu.ulg.ac.be,Envoyés - erp.sai@chuliege.be - Mozilla Thunderbird,Helpdesk général,2021-06-15,16:23:47,00:03:16
stefano.crapanzano@chu.ulg.ac.be,Envoyés - erp.sai@chuliege.be - Mozilla Thunderbird,Helpdesk général,2021-06-15,16:28:05,00:05:10
stefano.crapanzano@chu.ulg.ac.be,Envoyés - erp.sai@chuliege.be - Mozilla Thunderbird,Helpdesk général,2021-06-15,16:33:20,00:00:02
stefano.crapanzano@chu.ulg.ac.be,Envoyés - erp.sai@chuliege.be - Mozilla Thunderbird,Helpdesk général,2021-06-15,16:33:57,00:03:37
stefano.crapanzano@chu.ulg.ac.be,Envoyés - erp.sai@chuliege.be - Mozilla Thunderbird,Helpdesk général,2021-06-15,16:38:36,00:00:03
stefano.crapanzano@chu.ulg.ac.be,Envoyés - erp.sai@chuliege.be - Mozilla Thunderbird,Helpdesk général,2021-06-15,16:49:01,00:01:55
stefano.crapanzano@chu.ulg.ac.be,Envoyés - erp.sai@chuliege.be - Mozilla Thunderbird,Helpdesk général,2021-06-15,16:51:35,00:01:54
stefano.crapanzano@chu.ulg.ac.be,Envoyés - erp.sai@chuliege.be - Mozilla Thunderbird,Helpdesk général,2021-06-15,16:53:31,00:00:52
stefano.crapanzano@chu.ulg.ac.be,Envoyés - erp.sai@chuliege.be - Mozilla Thunderbird,Helpdesk général,2021-06-15,16:54:47,00:00:02
stefano.crapanzano@chu.ulg.ac.be,Envoyés - erp.sai@chuliege.be - Mozilla Thunderbird,Helpdesk général,2021-06-15,16:57:21,00:00:21
stefano.crapanzano@chu.ulg.ac.be,Programmation,IT,2021-06-15,10:46:47,00:00:55
stefano.crapanzano@chu.ulg.ac.be,Programmation,IT,2021-06-15,10:49:07,00:01:17
stefano.crapanzano@chu.ulg.ac.be,Programmation,IT,2021-06-15,10:51:44,00:00:55
stefano.crapanzano@chu.ulg.ac.be,Programmation,IT,2021-06-15,10:53:20,00:02:29
stefano.crapanzano@chu.ulg.ac.be,Programmation,IT,2021-06-15,10:56:12,00:00:58
stefano.crapanzano@chu.ulg.ac.be,Programmation,IT,2021-06-15,10:57:43,00:00:12
stefano.crapanzano@chu.ulg.ac.be,Programmation,IT,2021-06-15,10:58:09,00:00:07
stefano.crapanzano@chu.ulg.ac.be,Programmation,IT,2021-06-15,10:58:25,00:00:21
stefano.crapanzano@chu.ulg.ac.be,Programmation,IT,2021-06-15,10:58:55,00:01:26
stefano.crapanzano@chu.ulg.ac.be,Programmation,IT,2021-06-15,11:00:26,00:00:07
stefano.crapanzano@chu.ulg.ac.be,Programmation,IT,2021-06-15,11:00:40,00:00:28
stefano.crapanzano@chu.ulg.ac.be,Programmation,IT,2021-06-15,11:01:11,00:00:05
stefano.crapanzano@chu.ulg.ac.be,Programmation,IT,2021-06-15,11:01:18,00:00:33
stefano.crapanzano@chu.ulg.ac.be,Programmation,IT,2021-06-15,11:01:54,00:03:16
stefano.crapanzano@chu.ulg.ac.be,Programmation,IT,2021-06-15,11:05:15,00:02:08
stefano.crapanzano@chu.ulg.ac.be,Programmation,IT,2021-06-15,11:07:27,00:00:46
stefano.crapanzano@chu.ulg.ac.be,Programmation,IT,2021-06-15,11:08:19,00:01:02
stefano.crapanzano@chu.ulg.ac.be,Programmation,IT,2021-06-15,11:09:50,00:00:41
stefano.crapanzano@chu.ulg.ac.be,Programmation,IT,2021-06-15,11:11:07,00:02:52
stefano.crapanzano@chu.ulg.ac.be,Programmation,IT,2021-06-15,11:14:09,00:00:11
stefano.crapanzano@chu.ulg.ac.be,Programmation,IT,2021-06-15,11:20:30,00:00:59
stefano.crapanzano@chu.ulg.ac.be,Programmation,IT,2021-06-15,11:27:00,00:02:32
stefano.crapanzano@chu.ulg.ac.be,Programmation,IT,2021-06-15,11:29:42,00:00:35
stefano.crapanzano@chu.ulg.ac.be,Programmation,IT,2021-06-15,11:30:22,00:00:02
stefano.crapanzano@chu.ulg.ac.be,Programmation,IT,2021-06-15,11:30:42,00:07:37
stefano.crapanzano@chu.ulg.ac.be,Programmation,IT,2021-06-15,11:38:32,00:00:35
stefano.crapanzano@chu.ulg.ac.be,Programmation,IT,2021-06-15,11:41:42,00:01:56
stefano.crapanzano@chu.ulg.ac.be,Programmation,IT,2021-06-15,11:43:51,00:00:28
stefano.crapanzano@chu.ulg.ac.be,Nouvel onglet - Google Chrome,Tâches diverses,2021-06-15,10:47:43,00:00:03
stefano.crapanzano@chu.ulg.ac.be,Nouvel onglet - Google Chrome,Tâches diverses,2021-06-15,11:22:32,00:00:04
stefano.crapanzano@chu.ulg.ac.be,Nouvel onglet - Google Chrome,Tâches diverses,2021-06-15,11:43:39,00:00:02
stefano.crapanzano@chu.ulg.ac.be,Nouvel onglet - Google Chrome,Tâches diverses,2021-06-15,12:49:33,00:00:07
stefano.crapanzano@chu.ulg.ac.be,Nouvel onglet - Google Chrome,Tâches diverses,2021-06-15,13:07:58,00:00:20
stefano.crapanzano@chu.ulg.ac.be,Nouvel onglet - Google Chrome,Tâches diverses,2021-06-15,13:13:17,00:00:04
stefano.crapanzano@chu.ulg.ac.be,Nouvel onglet - Google Chrome,Tâches diverses,2021-06-15,13:59:09,00:00:08
stefano.crapanzano@chu.ulg.ac.be,Nouvel onglet - Google Chrome,Tâches diverses,2021-06-15,14:59:28,00:00:04
stefano.crapanzano@chu.ulg.ac.be,Nouvel onglet - Google Chrome,Tâches diverses,2021-06-15,15:01:13,00:00:06
stefano.crapanzano@chu.ulg.ac.be,Nouvel onglet - Google Chrome,Tâches diverses,2021-06-15,15:09:30,00:00:02
stefano.crapanzano@chu.ulg.ac.be,Nouvel onglet - Google Chrome,Tâches diverses,2021-06-15,15:10:19,00:00:04
stefano.crapanzano@chu.ulg.ac.be,Nouvel onglet - Google Chrome,Tâches diverses,2021-06-15,15:11:14,00:00:02
stefano.crapanzano@chu.ulg.ac.be,Nouvel onglet - Google Chrome,Tâches diverses,2021-06-15,15:27:41,00:00:04
stefano.crapanzano@chu.ulg.ac.be,Nouvel onglet - Google Chrome,Tâches diverses,2021-06-15,15:29:11,00:00:02
stefano.crapanzano@chu.ulg.ac.be,Nouvel onglet - Google Chrome,Tâches diverses,2021-06-15,15:36:59,00:00:03
stefano.crapanzano@chu.ulg.ac.be,Nouvel onglet - Google Chrome,Tâches diverses,2021-06-15,15:41:50,00:00:19
stefano.crapanzano@chu.ulg.ac.be,Nouvel onglet - Google Chrome,Tâches diverses,2021-06-15,15:45:02,00:00:04
stefano.crapanzano@chu.ulg.ac.be,Nouvel onglet - Google Chrome,Tâches diverses,2021-06-15,15:47:49,00:00:20
stefano.crapanzano@chu.ulg.ac.be,Nouvel onglet - Google Chrome,Tâches diverses,2021-06-15,16:50:58,00:00:02
stefano.crapanzano@chu.ulg.ac.be,Identification - Google Chrome,Tâches diverses,2021-06-15,10:47:47,00:00:06
stefano.crapanzano@chu.ulg.ac.be,GOAL - LABO - Google Chrome,Tâches diverses,2021-06-15,10:47:54,00:00:20
stefano.crapanzano@chu.ulg.ac.be,GOAL - LABO - Google Chrome,Tâches diverses,2021-06-15,10:48:18,00:00:49
stefano.crapanzano@chu.ulg.ac.be,GOAL - LABO - Google Chrome,Tâches diverses,2021-06-15,10:50:24,00:01:20
stefano.crapanzano@chu.ulg.ac.be,GOAL - LABO - Google Chrome,Tâches diverses,2021-06-15,10:52:40,00:00:40
stefano.crapanzano@chu.ulg.ac.be,GOAL - LABO - Google Chrome,Tâches diverses,2021-06-15,10:57:21,00:00:08
stefano.crapanzano@chu.ulg.ac.be,GOAL - LABO - Google Chrome,Tâches diverses,2021-06-15,10:57:32,00:00:11
stefano.crapanzano@chu.ulg.ac.be,GOAL - LABO - Google Chrome,Tâches diverses,2021-06-15,10:57:56,00:00:07
stefano.crapanzano@chu.ulg.ac.be,GOAL - LABO - Google Chrome,Tâches diverses,2021-06-15,10:58:17,00:00:02
stefano.crapanzano@chu.ulg.ac.be,GOAL - LABO - Google Chrome,Tâches diverses,2021-06-15,10:58:48,00:00:07
stefano.crapanzano@chu.ulg.ac.be,GOAL - LABO - Google Chrome,Tâches diverses,2021-06-15,11:00:22,00:00:04
stefano.crapanzano@chu.ulg.ac.be,GOAL - LABO - Google Chrome,Tâches diverses,2021-06-15,11:00:34,00:00:05
stefano.crapanzano@chu.ulg.ac.be,GOAL - LABO - Google Chrome,Tâches diverses,2021-06-15,11:01:09,00:00:02
stefano.crapanzano@chu.ulg.ac.be,GOAL - LABO - Google Chrome,Tâches diverses,2021-06-15,11:01:51,00:00:03
stefano.crapanzano@chu.ulg.ac.be,GOAL - LABO - Google Chrome,Tâches diverses,2021-06-15,11:05:11,00:00:04
stefano.crapanzano@chu.ulg.ac.be,GOAL - LABO - Google Chrome,Tâches diverses,2021-06-15,11:07:24,00:00:02
stefano.crapanzano@chu.ulg.ac.be,GOAL - LABO - Google Chrome,Tâches diverses,2021-06-15,11:09:23,00:00:27
stefano.crapanzano@chu.ulg.ac.be,GOAL - LABO - Google Chrome,Tâches diverses,2021-06-15,11:14:00,00:00:06
stefano.crapanzano@chu.ulg.ac.be,GOAL - LABO - Google Chrome,Tâches diverses,2021-06-15,11:17:45,00:00:03
stefano.crapanzano@chu.ulg.ac.be,GOAL - LABO - Google Chrome,Tâches diverses,2021-06-15,11:17:52,00:00:05
stefano.crapanzano@chu.ulg.ac.be,GOAL - LABO - Google Chrome,Tâches diverses,2021-06-15,11:18:01,00:00:03
stefano.crapanzano@chu.ulg.ac.be,GOAL - LABO - Google Chrome,Tâches diverses,2021-06-15,11:18:17,00:00:15
stefano.crapanzano@chu.ulg.ac.be,GOAL - LABO - Google Chrome,Tâches diverses,2021-06-15,11:18:35,00:00:02
stefano.crapanzano@chu.ulg.ac.be,GOAL - LABO - Google Chrome,Tâches diverses,2021-06-15,11:19:49,00:00:27
stefano.crapanzano@chu.ulg.ac.be,GOAL - LABO - Google Chrome,Tâches diverses,2021-06-15,11:20:19,00:00:04
stefano.crapanzano@chu.ulg.ac.be,GOAL - LABO - Google Chrome,Tâches diverses,2021-06-15,11:20:28,00:00:02
stefano.crapanzano@chu.ulg.ac.be,GOAL - LABO - Google Chrome,Tâches diverses,2021-06-15,11:22:18,00:00:14
stefano.crapanzano@chu.ulg.ac.be,GOAL - LABO - Google Chrome,Tâches diverses,2021-06-15,11:22:44,00:00:07
stefano.crapanzano@chu.ulg.ac.be,GOAL - LABO - Google Chrome,Tâches diverses,2021-06-15,11:23:01,00:00:07
stefano.crapanzano@chu.ulg.ac.be,GOAL - LABO - Google Chrome,Tâches diverses,2021-06-15,11:23:25,00:00:06
stefano.crapanzano@chu.ulg.ac.be,GOAL - LABO - Google Chrome,Tâches diverses,2021-06-15,11:23:33,00:00:07
stefano.crapanzano@chu.ulg.ac.be,GOAL - LABO - Google Chrome,Tâches diverses,2021-06-15,11:23:44,00:00:14
stefano.crapanzano@chu.ulg.ac.be,GOAL - LABO - Google Chrome,Tâches diverses,2021-06-15,11:24:06,00:00:04
stefano.crapanzano@chu.ulg.ac.be,GOAL - LABO - Google Chrome,Tâches diverses,2021-06-15,11:24:14,00:00:13
stefano.crapanzano@chu.ulg.ac.be,GOAL - LABO - Google Chrome,Tâches diverses,2021-06-15,11:25:52,00:01:08
stefano.crapanzano@chu.ulg.ac.be,GOAL - LABO - Google Chrome,Tâches diverses,2021-06-15,11:29:36,00:00:05
stefano.crapanzano@chu.ulg.ac.be,GOAL - LABO - Google Chrome,Tâches diverses,2021-06-15,11:30:17,00:00:04
stefano.crapanzano@chu.ulg.ac.be,GOAL - LABO - Google Chrome,Tâches diverses,2021-06-15,11:30:25,00:00:17
stefano.crapanzano@chu.ulg.ac.be,GOAL - LABO - Google Chrome,Tâches diverses,2021-06-15,11:38:20,00:00:11
stefano.crapanzano@chu.ulg.ac.be,GOAL - LABO - Google Chrome,Tâches diverses,2021-06-15,11:39:31,00:00:15
stefano.crapanzano@chu.ulg.ac.be,GOAL - LABO - Google Chrome,Tâches diverses,2021-06-15,11:39:57,00:00:39
stefano.crapanzano@chu.ulg.ac.be,GOAL - LABO - Google Chrome,Tâches diverses,2021-06-15,11:40:54,00:00:04
stefano.crapanzano@chu.ulg.ac.be,GOAL - LABO - Google Chrome,Tâches diverses,2021-06-15,11:41:04,00:00:38
stefano.crapanzano@chu.ulg.ac.be,GOAL - LABO - Google Chrome,Tâches diverses,2021-06-15,11:43:41,00:00:09
stefano.crapanzano@chu.ulg.ac.be,GOAL - LABO - Google Chrome,Tâches diverses,2021-06-15,11:44:36,00:00:36
stefano.crapanzano@chu.ulg.ac.be,GOAL - LABO - Google Chrome,Tâches diverses,2021-06-15,11:46:22,00:00:16
stefano.crapanzano@chu.ulg.ac.be,GOAL - LABO - Google Chrome,Tâches diverses,2021-06-15,11:47:14,00:00:15
stefano.crapanzano@chu.ulg.ac.be,GOAL - LABO - Google Chrome,Tâches diverses,2021-06-15,12:20:17,00:00:19
stefano.crapanzano@chu.ulg.ac.be,GOAL - LABO - Google Chrome,Tâches diverses,2021-06-15,12:20:38,00:00:08
stefano.crapanzano@chu.ulg.ac.be,GOAL - LABO - Google Chrome,Tâches diverses,2021-06-15,13:34:29,00:00:02
stefano.crapanzano@chu.ulg.ac.be,GOAL - LABO - Google Chrome,Tâches diverses,2021-06-15,15:00:03,00:00:02
stefano.crapanzano@chu.ulg.ac.be,GOAL - LABO - Google Chrome,Tâches diverses,2021-06-15,15:00:07,00:00:02
stefano.crapanzano@chu.ulg.ac.be,view-source:https://goal-test.chuliege.be - Google Chrome,Tâches diverses,2021-06-15,10:48:14,00:00:03
stefano.crapanzano@chu.ulg.ac.be,Netop,Helpdesk général,2021-06-15,15:10:39,00:00:02
stefano.crapanzano@chu.ulg.ac.be,Netop,Helpdesk général,2021-06-15,15:14:08,00:00:03
stefano.crapanzano@chu.ulg.ac.be,Netop,Helpdesk général,2021-06-15,15:15:31,00:00:20
stefano.crapanzano@chu.ulg.ac.be,Netop,Helpdesk général,2021-06-15,15:16:41,00:00:03
stefano.crapanzano@chu.ulg.ac.be,Netop,Helpdesk général,2021-06-15,15:37:10,00:00:03
stefano.crapanzano@chu.ulg.ac.be,Netop Invité,Helpdesk général,2021-06-15,11:21:36,00:00:02
stefano.crapanzano@chu.ulg.ac.be,Netop Invité,Helpdesk général,2021-06-15,11:39:09,00:00:02
stefano.crapanzano@chu.ulg.ac.be,Netop Invité,Helpdesk général,2021-06-15,11:44:20,00:00:04
stefano.crapanzano@chu.ulg.ac.be,Netop Invité,Helpdesk général,2021-06-15,13:52:00,00:00:02
stefano.crapanzano@chu.ulg.ac.be,Netop Invité,Helpdesk général,2021-06-15,14:46:57,00:00:02
stefano.crapanzano@chu.ulg.ac.be,Netop Invité,Helpdesk général,2021-06-15,15:10:33,00:00:02
stefano.crapanzano@chu.ulg.ac.be,Netop Invité,Helpdesk général,2021-06-15,15:14:12,00:00:03
stefano.crapanzano@chu.ulg.ac.be,Netop Invité,Helpdesk général,2021-06-15,15:14:36,00:00:19
stefano.crapanzano@chu.ulg.ac.be,Netop Invité,Helpdesk général,2021-06-15,15:15:11,00:00:03
stefano.crapanzano@chu.ulg.ac.be,Netop Invité,Helpdesk général,2021-06-15,15:15:25,00:00:03
stefano.crapanzano@chu.ulg.ac.be,Netop Invité,Helpdesk général,2021-06-15,15:16:45,00:00:15
stefano.crapanzano@chu.ulg.ac.be,Netop Invité,Helpdesk général,2021-06-15,15:24:53,00:00:03
stefano.crapanzano@chu.ulg.ac.be,Netop Invité,Helpdesk général,2021-06-15,15:25:10,00:00:02
stefano.crapanzano@chu.ulg.ac.be,Netop Invité,Helpdesk général,2021-06-15,15:25:21,00:00:04
stefano.crapanzano@chu.ulg.ac.be,Netop Invité,Helpdesk général,2021-06-15,15:27:21,00:00:02
stefano.crapanzano@chu.ulg.ac.be,Netop Invité,Helpdesk général,2021-06-15,15:27:32,00:00:04
stefano.crapanzano@chu.ulg.ac.be,Netop Invité,Helpdesk général,2021-06-15,15:37:13,00:00:02
stefano.crapanzano@chu.ulg.ac.be,Connexion à l'aide de l'authentification Windows,Helpdesk général,2021-06-15,11:21:38,00:00:03
stefano.crapanzano@chu.ulg.ac.be,Connexion à l'aide de l'authentification Windows,Helpdesk général,2021-06-15,11:39:12,00:00:02
stefano.crapanzano@chu.ulg.ac.be,Connexion à l'aide de l'authentification Windows,Helpdesk général,2021-06-15,11:44:24,00:00:02
stefano.crapanzano@chu.ulg.ac.be,Connexion à l'aide de l'authentification Windows,Helpdesk général,2021-06-15,13:52:04,00:00:03
stefano.crapanzano@chu.ulg.ac.be,Connexion à l'aide de l'authentification Windows,Helpdesk général,2021-06-15,15:10:36,00:00:02
stefano.crapanzano@chu.ulg.ac.be,Connexion à l'aide de l'authentification Windows,Helpdesk général,2021-06-15,15:10:42,00:00:03
stefano.crapanzano@chu.ulg.ac.be,Connexion à l'aide de l'authentification Windows,Helpdesk général,2021-06-15,15:13:07,00:00:07
stefano.crapanzano@chu.ulg.ac.be,Connexion à l'aide de l'authentification Windows,Helpdesk général,2021-06-15,15:14:16,00:00:03
stefano.crapanzano@chu.ulg.ac.be,Connexion à l'aide de l'authentification Windows,Helpdesk général,2021-06-15,15:14:24,00:00:04
stefano.crapanzano@chu.ulg.ac.be,Connexion à l'aide de l'authentification Windows,Helpdesk général,2021-06-15,15:14:32,00:00:02
stefano.crapanzano@chu.ulg.ac.be,Connexion à l'aide de l'authentification Windows,Helpdesk général,2021-06-15,15:14:56,00:00:02
stefano.crapanzano@chu.ulg.ac.be,Connexion à l'aide de l'authentification Windows,Helpdesk général,2021-06-15,15:15:02,00:00:03
stefano.crapanzano@chu.ulg.ac.be,Connexion à l'aide de l'authentification Windows,Helpdesk général,2021-06-15,15:15:09,00:00:02
stefano.crapanzano@chu.ulg.ac.be,Connexion à l'aide de l'authentification Windows,Helpdesk général,2021-06-15,15:15:15,00:00:02
stefano.crapanzano@chu.ulg.ac.be,Connexion à l'aide de l'authentification Windows,Helpdesk général,2021-06-15,15:15:21,00:00:03
stefano.crapanzano@chu.ulg.ac.be,Connexion à l'aide de l'authentification Windows,Helpdesk général,2021-06-15,15:15:29,00:00:02
stefano.crapanzano@chu.ulg.ac.be,Connexion à l'aide de l'authentification Windows,Helpdesk général,2021-06-15,15:16:12,00:00:04
stefano.crapanzano@chu.ulg.ac.be,Connexion à l'aide de l'authentification Windows,Helpdesk général,2021-06-15,15:16:23,00:00:04
stefano.crapanzano@chu.ulg.ac.be,Connexion à l'aide de l'authentification Windows,Helpdesk général,2021-06-15,15:16:32,00:00:09
stefano.crapanzano@chu.ulg.ac.be,Connexion à l'aide de l'authentification Windows,Helpdesk général,2021-06-15,15:24:57,00:00:03
stefano.crapanzano@chu.ulg.ac.be,Connexion à l'aide de l'authentification Windows,Helpdesk général,2021-06-15,15:25:03,00:00:06
stefano.crapanzano@chu.ulg.ac.be,Connexion à l'aide de l'authentification Windows,Helpdesk général,2021-06-15,15:25:14,00:00:02
stefano.crapanzano@chu.ulg.ac.be,Connexion à l'aide de l'authentification Windows,Helpdesk général,2021-06-15,15:27:23,00:00:03
stefano.crapanzano@chu.ulg.ac.be,Connexion à l'aide de l'authentification Windows,Helpdesk général,2021-06-15,15:34:04,00:00:03
stefano.crapanzano@chu.ulg.ac.be,Connexion à l'aide de l'authentification Windows,Helpdesk général,2021-06-15,15:37:16,00:00:03
stefano.crapanzano@chu.ulg.ac.be,erpftp - Netop Remote Control,Helpdesk général,2021-06-15,11:21:43,00:00:32
stefano.crapanzano@chu.ulg.ac.be,erpftp - Netop Remote Control,Helpdesk général,2021-06-15,11:39:16,00:00:15
stefano.crapanzano@chu.ulg.ac.be,erpftp - Netop Remote Control,Helpdesk général,2021-06-15,11:40:37,00:00:08
stefano.crapanzano@chu.ulg.ac.be,erpftp - Netop Remote Control,Helpdesk général,2021-06-15,11:44:28,00:00:08
stefano.crapanzano@chu.ulg.ac.be,erpftp - Netop Remote Control,Helpdesk général,2021-06-15,13:52:08,00:02:02
stefano.crapanzano@chu.ulg.ac.be,erpftp - Netop Remote Control,Helpdesk général,2021-06-15,13:54:45,00:00:03
stefano.crapanzano@chu.ulg.ac.be,erpftp - Netop Remote Control,Helpdesk général,2021-06-15,13:54:57,00:00:14
stefano.crapanzano@chu.ulg.ac.be,erpftp - Netop Remote Control,Helpdesk général,2021-06-15,13:55:15,00:00:06
stefano.crapanzano@chu.ulg.ac.be,erpftp - Netop Remote Control,Helpdesk général,2021-06-15,13:55:36,00:03:32
stefano.crapanzano@chu.ulg.ac.be,erpftp - Netop Remote Control,Helpdesk général,2021-06-15,14:00:54,00:00:18
stefano.crapanzano@chu.ulg.ac.be,erpftp - Netop Remote Control,Helpdesk général,2021-06-15,14:01:30,00:00:13
stefano.crapanzano@chu.ulg.ac.be,erpftp - Netop Remote Control,Helpdesk général,2021-06-15,14:01:56,00:00:09
stefano.crapanzano@chu.ulg.ac.be,erpftp - Netop Remote Control,Tâches diverses,2021-06-15,14:02:21,00:01:04
stefano.crapanzano@chu.ulg.ac.be,erpftp - Netop Remote Control,Helpdesk général,2021-06-15,14:03:52,00:03:31
stefano.crapanzano@chu.ulg.ac.be,erpftp - Netop Remote Control,Helpdesk général,2021-06-15,14:07:32,00:00:58
stefano.crapanzano@chu.ulg.ac.be,erpftp - Netop Remote Control,Helpdesk général,2021-06-15,14:08:41,00:00:37
stefano.crapanzano@chu.ulg.ac.be,erpftp - Netop Remote Control,Helpdesk général,2021-06-15,14:09:29,00:01:44
stefano.crapanzano@chu.ulg.ac.be,erpftp - Netop Remote Control,Helpdesk général,2021-06-15,14:11:50,00:00:40
stefano.crapanzano@chu.ulg.ac.be,erpftp - Netop Remote Control,Helpdesk général,2021-06-15,14:12:49,00:01:48
stefano.crapanzano@chu.ulg.ac.be,erpftp - Netop Remote Control,Helpdesk général,2021-06-15,14:14:58,00:00:56
stefano.crapanzano@chu.ulg.ac.be,erpftp - Netop Remote Control,Helpdesk général,2021-06-15,14:16:23,00:00:50
stefano.crapanzano@chu.ulg.ac.be,erpftp - Netop Remote Control,Helpdesk général,2021-06-15,14:17:15,00:01:10
stefano.crapanzano@chu.ulg.ac.be,erpftp - Netop Remote Control,Helpdesk général,2021-06-15,14:18:28,00:01:12
stefano.crapanzano@chu.ulg.ac.be,erpftp - Netop Remote Control,Helpdesk général,2021-06-15,14:20:24,00:00:13
stefano.crapanzano@chu.ulg.ac.be,erpftp - Netop Remote Control,Helpdesk général,2021-06-15,14:20:38,00:00:07
stefano.crapanzano@chu.ulg.ac.be,erpftp - Netop Remote Control,Helpdesk général,2021-06-15,14:20:49,00:02:06
stefano.crapanzano@chu.ulg.ac.be,erpftp - Netop Remote Control,Helpdesk général,2021-06-15,14:23:01,00:03:03
stefano.crapanzano@chu.ulg.ac.be,erpftp - Netop Remote Control,Helpdesk général,2021-06-15,14:27:38,00:00:06
stefano.crapanzano@chu.ulg.ac.be,erpftp - Netop Remote Control,Helpdesk général,2021-06-15,14:28:21,00:00:31
stefano.crapanzano@chu.ulg.ac.be,erpftp - Netop Remote Control,Helpdesk général,2021-06-15,14:29:10,00:00:26
stefano.crapanzano@chu.ulg.ac.be,erpftp - Netop Remote Control,Helpdesk général,2021-06-15,14:32:36,00:00:07
stefano.crapanzano@chu.ulg.ac.be,erpftp - Netop Remote Control,Helpdesk général,2021-06-15,14:41:40,00:01:39
stefano.crapanzano@chu.ulg.ac.be,erpftp - Netop Remote Control,Helpdesk général,2021-06-15,15:37:19,00:00:44
stefano.crapanzano@chu.ulg.ac.be,erpftp - Netop Remote Control,Helpdesk général,2021-06-15,15:39:56,00:01:01
stefano.crapanzano@chu.ulg.ac.be,erpftp - Netop Remote Control,Helpdesk général,2021-06-15,15:43:15,00:00:51
stefano.crapanzano@chu.ulg.ac.be,erpftp - Netop Remote Control,Helpdesk général,2021-06-15,15:44:20,00:00:42
stefano.crapanzano@chu.ulg.ac.be,erpftp - Netop Remote Control,Helpdesk général,2021-06-15,15:45:14,00:00:18
stefano.crapanzano@chu.ulg.ac.be,erpftp - Netop Remote Control,Helpdesk général,2021-06-15,15:46:00,00:00:18
stefano.crapanzano@chu.ulg.ac.be,erpftp - Netop Remote Control,Helpdesk général,2021-06-15,15:46:34,00:01:14
stefano.crapanzano@chu.ulg.ac.be,erpftp - Netop Remote Control,Helpdesk général,2021-06-15,15:48:45,00:04:52
stefano.crapanzano@chu.ulg.ac.be,erpftp - Netop Remote Control,Helpdesk général,2021-06-15,15:54:10,00:00:18
stefano.crapanzano@chu.ulg.ac.be,erpftp - Netop Remote Control,Tâches diverses,2021-06-15,15:55:28,00:01:18
stefano.crapanzano@chu.ulg.ac.be,erpftp - Netop Remote Control,Helpdesk général,2021-06-15,15:56:58,00:02:07
stefano.crapanzano@chu.ulg.ac.be,Administration du site | Site d’administration de Django - Google Chrome,Tâches diverses,2021-06-15,11:22:37,00:00:02
stefano.crapanzano@chu.ulg.ac.be,Sélectionnez l’objet task retrieve stock from sap à changer | Site d’administration de Django - Google Chrome,Tâches diverses,2021-06-15,11:22:39,00:00:04
stefano.crapanzano@chu.ulg.ac.be,Sélectionnez l’objet task retrieve stock from sap à changer | Site d’administration de Django - Google Chrome,Tâches diverses,2021-06-15,11:22:51,00:00:09
stefano.crapanzano@chu.ulg.ac.be,Sélectionnez l’objet task retrieve stock from sap à changer | Site d’administration de Django - Google Chrome,Tâches diverses,2021-06-15,11:23:22,00:00:02
stefano.crapanzano@chu.ulg.ac.be,Sélectionnez l’objet task retrieve stock from sap à changer | Site d’administration de Django - Google Chrome,Tâches diverses,2021-06-15,11:23:31,00:00:02
stefano.crapanzano@chu.ulg.ac.be,Sélectionnez l’objet task retrieve stock from sap à changer | Site d’administration de Django - Google Chrome,Tâches diverses,2021-06-15,11:23:58,00:00:08
stefano.crapanzano@chu.ulg.ac.be,Sélectionnez l’objet task retrieve stock from sap à changer | Site d’administration de Django - Google Chrome,Tâches diverses,2021-06-15,11:24:11,00:00:02
stefano.crapanzano@chu.ulg.ac.be,Sélectionnez l’objet task retrieve stock from sap à changer | Site d’administration de Django - Google Chrome,Tâches diverses,2021-06-15,11:25:17,00:00:02
stefano.crapanzano@chu.ulg.ac.be,Sélectionnez l’objet task retrieve stock from sap à changer | Site d’administration de Django - Google Chrome,Tâches diverses,2021-06-15,11:39:47,00:00:09
stefano.crapanzano@chu.ulg.ac.be,Sélectionnez l’objet task retrieve stock from sap à changer | Site d’administration de Django - Google Chrome,Tâches diverses,2021-06-15,11:40:49,00:00:04
stefano.crapanzano@chu.ulg.ac.be,Sélectionnez l’objet task retrieve stock from sap à changer | Site d’administration de Django - Google Chrome,Tâches diverses,2021-06-15,11:40:59,00:00:04
stefano.crapanzano@chu.ulg.ac.be,P203 CHU IDoc 332504 en statut 51 pour article 601839 - Bienvenue! Vous pouvez poser une demande de Service Desk ERP for HealthCare parmi les options fournies. - Service d'assistance - Google Chrome,Tâches diverses,2021-06-15,11:45:58,00:00:22
stefano.crapanzano@chu.ulg.ac.be,P203 CHU Paiement via FEBAN - journée du 6/1/21 - Bienvenue! Vous pouvez poser une demande de Service Desk ERP for HealthCare parmi les options fournies. - Service d'assistance - Google Chrome,Tâches diverses,2021-06-15,11:48:01,00:01:22
stefano.crapanzano@chu.ulg.ac.be,P203 CHU Paiement via FEBAN - journée du 6/1/21 - Bienvenue! Vous pouvez poser une demande de Service Desk ERP for HealthCare parmi les options fournies. - Service d'assistance - Google Chrome,Tâches diverses,2021-06-15,11:50:47,00:00:02
stefano.crapanzano@chu.ulg.ac.be,anomalie tableau intrastat - Mozilla Thunderbird,Helpdesk général,2021-06-15,11:49:46,00:00:39
stefano.crapanzano@chu.ulg.ac.be,TR: Recettes 05 - Mozilla Thunderbird,Helpdesk général,2021-06-15,11:50:25,00:00:02
stefano.crapanzano@chu.ulg.ac.be,Accueil - Mozilla Thunderbird,Helpdesk général,2021-06-15,11:50:28,00:00:02
stefano.crapanzano@chu.ulg.ac.be,Fwd: WOAR RT Labo - Mozilla Thunderbird,Helpdesk général,2021-06-15,11:50:31,00:00:03
stefano.crapanzano@chu.ulg.ac.be,[ GOAL ] Discordances entre GLIMS et SAP - Mozilla Thunderbird,Helpdesk général,2021-06-15,11:50:35,00:00:02
stefano.crapanzano@chu.ulg.ac.be,Gestion des utilisateurs : écran initial,Exploration SAP,2021-06-15,12:21:16,00:00:08
stefano.crapanzano@chu.ulg.ac.be,Gestion des utilisateurs : écran initial,Exploration SAP,2021-06-15,12:22:22,00:00:02
stefano.crapanzano@chu.ulg.ac.be,Gestion des utilisateurs : écran initial,Exploration SAP,2021-06-15,12:22:43,00:00:02
stefano.crapanzano@chu.ulg.ac.be,Gestion des utilisateurs : écran initial,Exploration SAP,2021-06-15,12:22:55,00:00:02
stefano.crapanzano@chu.ulg.ac.be,Gestion des utilisateurs : écran initial,Exploration SAP,2021-06-15,12:25:22,00:00:15
stefano.crapanzano@chu.ulg.ac.be,Gestion des utilisateurs : écran initial,Exploration SAP,2021-06-15,12:25:45,00:00:06
stefano.crapanzano@chu.ulg.ac.be,Gestion des utilisateurs : écran initial,Exploration SAP,2021-06-15,12:26:00,00:00:04
stefano.crapanzano@chu.ulg.ac.be,Gestion des utilisateurs : écran initial,Exploration SAP,2021-06-15,12:26:20,00:00:02
stefano.crapanzano@chu.ulg.ac.be,Gestion des utilisateurs : écran initial,Exploration SAP,2021-06-15,12:26:59,00:00:04
stefano.crapanzano@chu.ulg.ac.be,Gestion des utilisateurs : écran initial,Exploration SAP,2021-06-15,12:28:10,00:00:06
stefano.crapanzano@chu.ulg.ac.be,Gestion des utilisateurs : écran initial,Exploration SAP,2021-06-15,12:32:36,00:00:06
stefano.crapanzano@chu.ulg.ac.be,Gestion des utilisateurs : écran initial,Exploration SAP,2021-06-15,12:32:48,00:00:02
stefano.crapanzano@chu.ulg.ac.be,Gestion des utilisateurs : écran initial,Exploration SAP,2021-06-15,12:32:51,00:00:02
stefano.crapanzano@chu.ulg.ac.be,Gestion des utilisateurs : écran initial,Exploration SAP,2021-06-15,12:33:05,00:00:02
stefano.crapanzano@chu.ulg.ac.be,Gestion des utilisateurs : écran initial,Exploration SAP,2021-06-15,12:33:08,00:00:02
stefano.crapanzano@chu.ulg.ac.be,Stefano CRAPANZANO - erp.sai@chuliege.be - Mozilla Thunderbird,Helpdesk général,2021-06-15,12:21:30,00:00:03
stefano.crapanzano@chu.ulg.ac.be,Stefano CRAPANZANO - erp.sai@chuliege.be - Mozilla Thunderbird,Helpdesk général,2021-06-15,12:21:38,00:00:06
stefano.crapanzano@chu.ulg.ac.be,Stefano CRAPANZANO - erp.sai@chuliege.be - Mozilla Thunderbird,Helpdesk général,2021-06-15,12:21:53,00:00:08
stefano.crapanzano@chu.ulg.ac.be,Stefano CRAPANZANO - erp.sai@chuliege.be - Mozilla Thunderbird,Helpdesk général,2021-06-15,12:22:24,00:00:02
stefano.crapanzano@chu.ulg.ac.be,Stefano CRAPANZANO - erp.sai@chuliege.be - Mozilla Thunderbird,Helpdesk général,2021-06-15,12:24:21,00:00:04
stefano.crapanzano@chu.ulg.ac.be,Stefano CRAPANZANO - erp.sai@chuliege.be - Mozilla Thunderbird,Helpdesk général,2021-06-15,12:40:53,00:01:03
stefano.crapanzano@chu.ulg.ac.be,Stefano CRAPANZANO - erp.sai@chuliege.be - Mozilla Thunderbird,Helpdesk général,2021-06-15,15:09:57,00:00:21
stefano.crapanzano@chu.ulg.ac.be,Stefano CRAPANZANO - erp.sai@chuliege.be - Mozilla Thunderbird,Helpdesk général,2021-06-15,15:11:43,00:00:03
stefano.crapanzano@chu.ulg.ac.be,Stefano CRAPANZANO - erp.sai@chuliege.be - Mozilla Thunderbird,Helpdesk général,2021-06-15,15:21:35,00:00:02
stefano.crapanzano@chu.ulg.ac.be,Stefano CRAPANZANO - erp.sai@chuliege.be - Mozilla Thunderbird,Helpdesk général,2021-06-15,15:34:33,00:00:04
stefano.crapanzano@chu.ulg.ac.be,Stefano CRAPANZANO - erp.sai@chuliege.be - Mozilla Thunderbird,Tâches diverses,2021-06-15,15:34:58,00:00:03
stefano.crapanzano@chu.ulg.ac.be,2 Traité - erp.sai@chuliege.be - Mozilla Thunderbird,Helpdesk général,2021-06-15,12:21:34,00:00:03
stefano.crapanzano@chu.ulg.ac.be,Afficher utilisateur,Exploration SAP,2021-06-15,12:21:48,00:00:02
stefano.crapanzano@chu.ulg.ac.be,Afficher utilisateur,Exploration SAP,2021-06-15,12:22:32,00:00:03
stefano.crapanzano@chu.ulg.ac.be,Afficher utilisateur,Exploration SAP,2021-06-15,12:22:45,00:00:02
stefano.crapanzano@chu.ulg.ac.be,Afficher utilisateur,Exploration SAP,2021-06-15,12:32:42,00:00:06
stefano.crapanzano@chu.ulg.ac.be,Gérer utilisateur,Exploration SAP,2021-06-15,12:21:51,00:00:02
stefano.crapanzano@chu.ulg.ac.be,Gérer utilisateur,Exploration SAP,2021-06-15,12:22:02,00:00:20
stefano.crapanzano@chu.ulg.ac.be,Gérer utilisateur,Exploration SAP,2021-06-15,12:22:35,00:00:07
stefano.crapanzano@chu.ulg.ac.be,Gérer utilisateur,Exploration SAP,2021-06-15,12:22:47,00:00:07
stefano.crapanzano@chu.ulg.ac.be,Gérer utilisateur,Exploration SAP,2021-06-15,12:22:58,00:00:07
stefano.crapanzano@chu.ulg.ac.be,Nom de l'utilisateur ds fiche utilisateur (1),Exploration SAP,2021-06-15,12:22:27,00:00:03
stefano.crapanzano@chu.ulg.ac.be,SAM-DB : Transfert licence - DECKERS V. à DELVILLE K. - Google Chrome,Tâches diverses,2021-06-15,12:23:10,00:01:01
stefano.crapanzano@chu.ulg.ac.be,SAP,Exploration SAP,2021-06-15,12:24:51,00:00:26
stefano.crapanzano@chu.ulg.ac.be,SAP,Exploration SAP,2021-06-15,12:25:51,00:00:08
stefano.crapanzano@chu.ulg.ac.be,SAP,Exploration SAP,2021-06-15,12:26:23,00:00:07
stefano.crapanzano@chu.ulg.ac.be,SAP,Exploration SAP,2021-06-15,12:26:34,00:00:03
stefano.crapanzano@chu.ulg.ac.be,SAP,Exploration SAP,2021-06-15,12:26:43,00:00:10
stefano.crapanzano@chu.ulg.ac.be,SAP,Exploration SAP,2021-06-15,12:27:27,00:00:16
stefano.crapanzano@chu.ulg.ac.be,SAP,Exploration SAP,2021-06-15,12:27:52,00:00:08
stefano.crapanzano@chu.ulg.ac.be,SAP,Exploration SAP,2021-06-15,12:28:53,00:00:08
stefano.crapanzano@chu.ulg.ac.be,SAP,Exploration SAP,2021-06-15,12:29:11,00:00:02
stefano.crapanzano@chu.ulg.ac.be,SAP,Exploration SAP,2021-06-15,12:29:31,00:00:18
stefano.crapanzano@chu.ulg.ac.be,SAP,Exploration SAP,2021-06-15,12:30:04,00:00:02
stefano.crapanzano@chu.ulg.ac.be,SAP,Exploration SAP,2021-06-15,12:30:20,00:00:08
stefano.crapanzano@chu.ulg.ac.be,SAP,Exploration SAP,2021-06-15,12:30:32,00:00:08
stefano.crapanzano@chu.ulg.ac.be,SAP,Exploration SAP,2021-06-15,12:31:01,00:00:19
stefano.crapanzano@chu.ulg.ac.be,SAP,Exploration SAP,2021-06-15,12:31:26,00:00:02
stefano.crapanzano@chu.ulg.ac.be,SAP,Exploration SAP,2021-06-15,12:31:45,00:00:11
stefano.crapanzano@chu.ulg.ac.be,SAP,Exploration SAP,2021-06-15,12:32:00,00:00:04
stefano.crapanzano@chu.ulg.ac.be,SAP,Exploration SAP,2021-06-15,12:33:13,00:00:15
stefano.crapanzano@chu.ulg.ac.be,Modification du mot de passe,Exploration SAP,2021-06-15,12:25:38,00:00:03
stefano.crapanzano@chu.ulg.ac.be,Modification du mot de passe,Exploration SAP,2021-06-15,12:26:04,00:00:15
stefano.crapanzano@chu.ulg.ac.be,Modification du mot de passe,Exploration SAP,2021-06-15,12:27:04,00:00:12
stefano.crapanzano@chu.ulg.ac.be,Modification du mot de passe,Exploration SAP,2021-06-15,12:28:04,00:00:06
stefano.crapanzano@chu.ulg.ac.be,Modification du mot de passe,Exploration SAP,2021-06-15,12:29:20,00:00:06
stefano.crapanzano@chu.ulg.ac.be,Modification du mot de passe,Exploration SAP,2021-06-15,12:30:12,00:00:04
stefano.crapanzano@chu.ulg.ac.be,Modification du mot de passe,Exploration SAP,2021-06-15,12:30:47,00:00:04
stefano.crapanzano@chu.ulg.ac.be,Modification du mot de passe,Exploration SAP,2021-06-15,12:31:36,00:00:06
stefano.crapanzano@chu.ulg.ac.be,Modification du mot de passe,Exploration SAP,2021-06-15,12:32:56,00:00:08
stefano.crapanzano@chu.ulg.ac.be,Débloquer utilisateur H185395,Exploration SAP,2021-06-15,12:25:42,00:00:02
stefano.crapanzano@chu.ulg.ac.be,Erreur,Exploration SAP,2021-06-15,12:26:31,00:00:03
stefano.crapanzano@chu.ulg.ac.be,Erreur,Exploration SAP,2021-06-15,12:26:38,00:00:04
stefano.crapanzano@chu.ulg.ac.be,Erreur,Exploration SAP,2021-06-15,12:29:49,00:00:02
stefano.crapanzano@chu.ulg.ac.be,Copyright,Exploration SAP,2021-06-15,12:26:53,00:00:02
stefano.crapanzano@chu.ulg.ac.be,Information,Exploration SAP,2021-06-15,12:26:56,00:00:02
stefano.crapanzano@chu.ulg.ac.be,SAP Easy Access -  Menu pour Bernard GAUBLOMME,Exploration SAP,2021-06-15,12:29:13,00:00:03
stefano.crapanzano@chu.ulg.ac.be,SAP Easy Access -  Menu pour Bernard GAUBLOMME,Exploration SAP,2021-06-15,12:30:41,00:00:02
stefano.crapanzano@chu.ulg.ac.be,SAP Easy Access -  Menu pour Bernard GAUBLOMME,Exploration SAP,2021-06-15,12:32:04,00:00:02
stefano.crapanzano@chu.ulg.ac.be,Fin de session,Exploration SAP,2021-06-15,12:27:19,00:00:03
stefano.crapanzano@chu.ulg.ac.be,Info licence en cas de connexion multiple,Exploration SAP,2021-06-15,12:29:01,00:00:08
stefano.crapanzano@chu.ulg.ac.be,SAP GUI for Windows 750,Exploration SAP,2021-06-15,14:33:07,00:00:06
stefano.crapanzano@chu.ulg.ac.be,Code PDA - Mozilla Thunderbird,Helpdesk général,2021-06-15,12:32:12,00:00:03
stefano.crapanzano@chu.ulg.ac.be,Rédaction : Re: Code PDA - Thunderbird,Helpdesk général,2021-06-15,12:32:20,00:00:15
stefano.crapanzano@chu.ulg.ac.be,Rédaction : Re: Code PDA - Thunderbird,Helpdesk général,2021-06-15,12:33:33,00:00:54
stefano.crapanzano@chu.ulg.ac.be,Vérification de l’orthographe,Helpdesk général,2021-06-15,13:41:18,00:00:02
stefano.crapanzano@chu.ulg.ac.be,Vérification de l’orthographe,Helpdesk général,2021-06-15,16:48:53,00:00:03
stefano.crapanzano@chu.ulg.ac.be,SAM-DB - Google Chrome,Tâches diverses,2021-06-15,12:55:56,00:00:02
stefano.crapanzano@chu.ulg.ac.be,SAM-DB - Google Chrome,Tâches diverses,2021-06-15,13:07:35,00:00:02
stefano.crapanzano@chu.ulg.ac.be,SAM-DB - Google Chrome,Tâches diverses,2021-06-15,15:11:17,00:00:12
stefano.crapanzano@chu.ulg.ac.be,SAM-DB - Google Chrome,Tâches diverses,2021-06-15,15:11:37,00:00:06
stefano.crapanzano@chu.ulg.ac.be,SAM-DB - Google Chrome,Tâches diverses,2021-06-15,15:11:47,00:01:07
stefano.crapanzano@chu.ulg.ac.be,SAM-DB - Google Chrome,Tâches diverses,2021-06-15,15:25:37,00:00:03
stefano.crapanzano@chu.ulg.ac.be,SAM-DB - Google Chrome,Tâches diverses,2021-06-15,15:25:56,00:01:25
stefano.crapanzano@chu.ulg.ac.be,SAM-DB - Google Chrome,Tâches diverses,2021-06-15,15:27:38,00:00:03
stefano.crapanzano@chu.ulg.ac.be,SAM-DB - Google Chrome,Tâches diverses,2021-06-15,15:27:51,00:00:07
stefano.crapanzano@chu.ulg.ac.be,Google Maps - Google Chrome,Tâches diverses,2021-06-15,12:49:41,00:01:44
stefano.crapanzano@chu.ulg.ac.be,Google Maps - Google Chrome,Tâches diverses,2021-06-15,12:54:40,00:00:20
stefano.crapanzano@chu.ulg.ac.be,Google Maps - Google Chrome,Tâches diverses,2021-06-15,15:00:23,00:00:02
stefano.crapanzano@chu.ulg.ac.be,Casterman / Marie-Christine - Google Maps - Google Chrome,Tâches diverses,2021-06-15,12:55:00,00:00:15
stefano.crapanzano@chu.ulg.ac.be,La Fontana D'Oro - Google Maps - Google Chrome,Tâches diverses,2021-06-15,12:55:16,00:00:39
stefano.crapanzano@chu.ulg.ac.be,La Fontana D'Oro - Google Maps - Google Chrome,Tâches diverses,2021-06-15,13:07:39,00:00:19
stefano.crapanzano@chu.ulg.ac.be,La Fontana D'Oro - Google Maps - Google Chrome,Tâches diverses,2021-06-15,13:43:45,00:08:13
stefano.crapanzano@chu.ulg.ac.be,La Fontana D'Oro - Google Maps - Google Chrome,Tâches diverses,2021-06-15,15:00:14,00:00:03
stefano.crapanzano@chu.ulg.ac.be,migration - Mozilla Thunderbird,Helpdesk général,2021-06-15,13:03:59,00:00:09
stefano.crapanzano@chu.ulg.ac.be,AW: Invitation : Migration connecteur Kardex S4H - Mozilla Thunderbird,Helpdesk général,2021-06-15,13:04:08,00:00:44
stefano.crapanzano@chu.ulg.ac.be,AW: Invitation : Migration connecteur Kardex S4H - Mozilla Thunderbird,Helpdesk général,2021-06-15,13:27:07,00:00:19
stefano.crapanzano@chu.ulg.ac.be,Brouillons - stefano.crapanzano@chuliege.be - Mozilla Thunderbird,Helpdesk général,2021-06-15,13:05:01,00:00:14
stefano.crapanzano@chu.ulg.ac.be,Brouillons - stefano.crapanzano@chuliege.be - Mozilla Thunderbird,Helpdesk général,2021-06-15,13:12:25,00:00:14
stefano.crapanzano@chu.ulg.ac.be,Brouillons - stefano.crapanzano@chuliege.be - Mozilla Thunderbird,Helpdesk général,2021-06-15,13:19:34,00:00:02
stefano.crapanzano@chu.ulg.ac.be,Brouillons - erp.sai@chuliege.be - Mozilla Thunderbird,Helpdesk général,2021-06-15,13:05:16,00:00:48
stefano.crapanzano@chu.ulg.ac.be,Brouillons - erp.sai@chuliege.be - Mozilla Thunderbird,Helpdesk général,2021-06-15,13:06:11,00:01:18
stefano.crapanzano@chu.ulg.ac.be,Rédaction : (pas de sujet) - Thunderbird,Helpdesk général,2021-06-15,13:06:05,00:00:03
stefano.crapanzano@chu.ulg.ac.be,Rédaction : (pas de sujet) - Thunderbird,Helpdesk général,2021-06-15,13:12:41,00:00:36
stefano.crapanzano@chu.ulg.ac.be,Rédaction : (pas de sujet) - Thunderbird,Helpdesk général,2021-06-15,13:13:29,00:06:04
stefano.crapanzano@chu.ulg.ac.be,Rédaction : (pas de sujet) - Thunderbird,Helpdesk général,2021-06-15,13:35:00,00:00:25
stefano.crapanzano@chu.ulg.ac.be,Rédaction : (pas de sujet) - Thunderbird,Helpdesk général,2021-06-15,14:27:07,00:00:20
stefano.crapanzano@chu.ulg.ac.be,myCHU - Google Chrome,Tâches diverses,2021-06-15,13:13:21,00:00:05
stefano.crapanzano@chu.ulg.ac.be,myCHU - Google Chrome,Tâches diverses,2021-06-15,13:34:06,00:00:02
stefano.crapanzano@chu.ulg.ac.be,myCHU - Google Chrome,Tâches diverses,2021-06-15,13:34:23,00:00:03
stefano.crapanzano@chu.ulg.ac.be,myCHU - Google Chrome,Tâches diverses,2021-06-15,14:59:59,00:00:02
stefano.crapanzano@chu.ulg.ac.be,myCHU - Google Chrome,Tâches diverses,2021-06-15,15:00:11,00:00:02
stefano.crapanzano@chu.ulg.ac.be,myCHU - Google Chrome,Tâches diverses,2021-06-15,16:51:00,00:00:31
stefano.crapanzano@chu.ulg.ac.be,test cycle - Mozilla Thunderbird,Helpdesk général,2021-06-15,13:23:10,00:00:16
stefano.crapanzano@chu.ulg.ac.be,test cycle - Mozilla Thunderbird,Helpdesk général,2021-06-15,13:23:34,00:00:10
stefano.crapanzano@chu.ulg.ac.be,Fwd: AW: Connection to S4H in CHU Liège - Mozilla Thunderbird,Helpdesk général,2021-06-15,13:23:27,00:00:07
stefano.crapanzano@chu.ulg.ac.be,Fwd: AW: Connection to S4H in CHU Liège - Mozilla Thunderbird,Helpdesk général,2021-06-15,13:23:45,00:00:08
stefano.crapanzano@chu.ulg.ac.be,Fwd: AW: Connection to S4H in CHU Liège - Mozilla Thunderbird,Helpdesk général,2021-06-15,13:26:34,00:00:31
stefano.crapanzano@chu.ulg.ac.be,Rédaction : Re: Fwd: AW: Connection to S4H in CHU Liège - Thunderbird,Helpdesk général,2021-06-15,13:23:53,00:02:40
stefano.crapanzano@chu.ulg.ac.be,Rédaction : Re: Fwd: AW: Connection to S4H in CHU Liège - Thunderbird,Helpdesk général,2021-06-15,13:27:28,00:05:01
stefano.crapanzano@chu.ulg.ac.be,Rédaction : Re: Fwd: AW: Connection to S4H in CHU Liège - Thunderbird,Helpdesk général,2021-06-15,15:07:22,00:02:05
stefano.crapanzano@chu.ulg.ac.be,Rédaction : Re: Fwd: AW: Connection to S4H in CHU Liège - Thunderbird,Helpdesk général,2021-06-15,15:09:39,00:00:11
stefano.crapanzano@chu.ulg.ac.be,Rédaction : Re: Fwd: AW: Connection to S4H in CHU Liège - Thunderbird,Helpdesk général,2021-06-15,15:15:52,00:00:19
stefano.crapanzano@chu.ulg.ac.be,Rédaction : Re: Fwd: AW: Connection to S4H in CHU Liège - Thunderbird,Helpdesk général,2021-06-15,15:16:21,00:00:02
stefano.crapanzano@chu.ulg.ac.be,Rédaction : Re: Fwd: AW: Connection to S4H in CHU Liège - Thunderbird,Helpdesk général,2021-06-15,15:17:01,00:04:30
stefano.crapanzano@chu.ulg.ac.be,kok - Mozilla Thunderbird,Helpdesk général,2021-06-15,13:27:05,00:00:02
stefano.crapanzano@chu.ulg.ac.be,Rédaction : Virtualisation machine KARDEX - Thunderbird,Helpdesk général,2021-06-15,13:35:30,00:01:18
stefano.crapanzano@chu.ulg.ac.be,Rédaction : Virtualisation machine KARDEX - Thunderbird,Helpdesk général,2021-06-15,13:38:11,00:02:19
stefano.crapanzano@chu.ulg.ac.be,Kardex : mdp - Message (HTML),Helpdesk général,2021-06-15,13:37:58,00:00:03
stefano.crapanzano@chu.ulg.ac.be,Rédaction : Fwd: Déménagement GSI  séance d'information - Thunderbird,Helpdesk général,2021-06-15,13:41:00,00:00:18
stefano.crapanzano@chu.ulg.ac.be,Envoyés - stefano.crapanzano@chuliege.be - Mozilla Thunderbird,Helpdesk général,2021-06-15,13:41:48,00:00:48
stefano.crapanzano@chu.ulg.ac.be,Envoyés - stefano.crapanzano@chuliege.be - Mozilla Thunderbird,Helpdesk général,2021-06-15,14:27:03,00:00:02
stefano.crapanzano@chu.ulg.ac.be,iis 403 StaticFile error - Recherche Google - Google Chrome,Tâches diverses,2021-06-15,13:59:17,00:00:03
stefano.crapanzano@chu.ulg.ac.be,iis 403 StaticFile error - Recherche Google - Google Chrome,Tâches diverses,2021-06-15,14:01:45,00:00:06
stefano.crapanzano@chu.ulg.ac.be,asp.net - IIS 7.5 - 403 Forbidden - Stack Overflow - Google Chrome,Tâches diverses,2021-06-15,13:59:21,00:01:33
stefano.crapanzano@chu.ulg.ac.be,asp.net - IIS 7.5 - 403 Forbidden - Stack Overflow - Google Chrome,Tâches diverses,2021-06-15,14:01:12,00:00:18
stefano.crapanzano@chu.ulg.ac.be,erreur http 403.14 - forbidden iis 7 - Recherche Google - Google Chrome,Tâches diverses,2021-06-15,14:01:51,00:00:04
stefano.crapanzano@chu.ulg.ac.be,HTTP Error 403.14 when you open IIS webpages - Internet Information Services | Microsoft Docs - Google Chrome,Tâches diverses,2021-06-15,14:02:05,00:00:15
stefano.crapanzano@chu.ulg.ac.be,HTTP Error 403.14 when you open IIS webpages - Internet Information Services | Microsoft Docs - Google Chrome,Helpdesk général,2021-06-15,14:03:26,00:00:26
stefano.crapanzano@chu.ulg.ac.be,HTTP Error 403.14 when you open IIS webpages - Internet Information Services | Microsoft Docs - Google Chrome,Tâches diverses,2021-06-15,14:07:23,00:00:08
stefano.crapanzano@chu.ulg.ac.be,HTTP Error 403.14 when you open IIS webpages - Internet Information Services | Microsoft Docs - Google Chrome,Tâches diverses,2021-06-15,14:08:31,00:00:10
stefano.crapanzano@chu.ulg.ac.be,HTTP Error 403.14 when you open IIS webpages - Internet Information Services | Microsoft Docs - Google Chrome,Tâches diverses,2021-06-15,14:09:19,00:00:10
stefano.crapanzano@chu.ulg.ac.be,HTTP Error 403.14 when you open IIS webpages - Internet Information Services | Microsoft Docs - Google Chrome,Tâches diverses,2021-06-15,14:11:14,00:00:12
stefano.crapanzano@chu.ulg.ac.be,HTTP Error 403.14 when you open IIS webpages - Internet Information Services | Microsoft Docs - Google Chrome,Tâches diverses,2021-06-15,14:11:35,00:00:02
stefano.crapanzano@chu.ulg.ac.be,Troubleshooting Failed Requests Using Tracing in IIS 7 | Microsoft Docs - Google Chrome,Tâches diverses,2021-06-15,14:11:26,00:00:09
stefano.crapanzano@chu.ulg.ac.be,Select a language | Microsoft Docs - Google Chrome,Tâches diverses,2021-06-15,14:11:38,00:00:04
stefano.crapanzano@chu.ulg.ac.be,Erreur HTTP 403.14 lorsque vous ouvrez des pages web IIS - Internet Information Services | Microsoft Docs - Google Chrome,Tâches diverses,2021-06-15,14:11:43,00:00:07
stefano.crapanzano@chu.ulg.ac.be,Erreur HTTP 403.14 lorsque vous ouvrez des pages web IIS - Internet Information Services | Microsoft Docs - Google Chrome,Tâches diverses,2021-06-15,14:12:31,00:00:18
stefano.crapanzano@chu.ulg.ac.be,Erreur HTTP 403.14 lorsque vous ouvrez des pages web IIS - Internet Information Services | Microsoft Docs - Google Chrome,Tâches diverses,2021-06-15,14:14:37,00:00:21
stefano.crapanzano@chu.ulg.ac.be,Erreur HTTP 403.14 lorsque vous ouvrez des pages web IIS - Internet Information Services | Microsoft Docs - Google Chrome,Tâches diverses,2021-06-15,14:15:55,00:00:28
stefano.crapanzano@chu.ulg.ac.be,Erreur HTTP 403.14 lorsque vous ouvrez des pages web IIS - Internet Information Services | Microsoft Docs - Google Chrome,Tâches diverses,2021-06-15,14:18:26,00:00:02
stefano.crapanzano@chu.ulg.ac.be,Erreur HTTP 403.14 lorsque vous ouvrez des pages web IIS - Internet Information Services | Microsoft Docs - Google Chrome,Tâches diverses,2021-06-15,14:59:57,00:00:02
stefano.crapanzano@chu.ulg.ac.be,Module DirectoryListingModule Notification ExecuteRequestHandler Gestionnaire StaticFile - Recherche Google - Google Chrome,Tâches diverses,2021-06-15,14:19:43,00:00:03
stefano.crapanzano@chu.ulg.ac.be,Module DirectoryListingModule Notification ExecuteRequestHandler Gestionnaire StaticFile - Recherche Google - Google Chrome,Tâches diverses,2021-06-15,14:29:38,00:00:06
stefano.crapanzano@chu.ulg.ac.be,Module DirectoryListingModule Notification ExecuteRequestHandler Gestionnaire StaticFile - Recherche Google - Google Chrome,Tâches diverses,2021-06-15,14:30:28,00:00:09
stefano.crapanzano@chu.ulg.ac.be,[Résolu] .net-4.0 | ASP.NET MVC sur IIS 7.5 - Google Chrome,Tâches diverses,2021-06-15,14:19:46,00:00:37
stefano.crapanzano@chu.ulg.ac.be,[Résolu] .net-4.0 | ASP.NET MVC sur IIS 7.5 - Google Chrome,Tâches diverses,2021-06-15,14:20:45,00:00:03
stefano.crapanzano@chu.ulg.ac.be,[Résolu] .net-4.0 | ASP.NET MVC sur IIS 7.5 - Google Chrome,Tâches diverses,2021-06-15,14:22:55,00:00:06
stefano.crapanzano@chu.ulg.ac.be,[Résolu] .net-4.0 | ASP.NET MVC sur IIS 7.5 - Google Chrome,Tâches diverses,2021-06-15,14:26:04,00:00:57
stefano.crapanzano@chu.ulg.ac.be,[Résolu] .net-4.0 | ASP.NET MVC sur IIS 7.5 - Google Chrome,Tâches diverses,2021-06-15,14:27:44,00:00:37
stefano.crapanzano@chu.ulg.ac.be,[Résolu] .net-4.0 | ASP.NET MVC sur IIS 7.5 - Google Chrome,Tâches diverses,2021-06-15,14:28:52,00:00:10
stefano.crapanzano@chu.ulg.ac.be,[Résolu] .net-4.0 | ASP.NET MVC sur IIS 7.5 - Google Chrome,Tâches diverses,2021-06-15,14:29:07,00:00:03
stefano.crapanzano@chu.ulg.ac.be,Sans titre - Google Chrome,Tâches diverses,2021-06-15,14:31:58,00:00:02
stefano.crapanzano@chu.ulg.ac.be,DevBlogs - Microsoft Developer Blogs - Google Chrome,Tâches diverses,2021-06-15,14:29:04,00:00:02
stefano.crapanzano@chu.ulg.ac.be,HTTP Error 403.14 - Forbidden | The ASP.NET Forums - Google Chrome,Tâches diverses,2021-06-15,14:29:44,00:00:44
stefano.crapanzano@chu.ulg.ac.be,ASP.NET MVC sur IIS 7.5 - Google Chrome,Tâches diverses,2021-06-15,14:30:38,00:01:13
stefano.crapanzano@chu.ulg.ac.be,ASP.NET MVC sur IIS 7.5 - Google Chrome,Tâches diverses,2021-06-15,14:31:55,00:00:03
stefano.crapanzano@chu.ulg.ac.be,Error 404 - Not Found - Google Chrome,Tâches diverses,2021-06-15,14:31:52,00:00:02
stefano.crapanzano@chu.ulg.ac.be,Don't use runAllManagedModulesForAllRequests= true  when getting your MVC routing to work - Google Chrome,Tâches diverses,2021-06-15,14:32:01,00:00:34
stefano.crapanzano@chu.ulg.ac.be,Don't use runAllManagedModulesForAllRequests= true  when getting your MVC routing to work - Google Chrome,Tâches diverses,2021-06-15,14:40:42,00:00:08
stefano.crapanzano@chu.ulg.ac.be,Don't use runAllManagedModulesForAllRequests= true  when getting your MVC routing to work - Google Chrome,Tâches diverses,2021-06-15,14:59:23,00:00:04
stefano.crapanzano@chu.ulg.ac.be,Don't use runAllManagedModulesForAllRequests= true  when getting your MVC routing to work - Google Chrome,Tâches diverses,2021-06-15,14:59:53,00:00:02
stefano.crapanzano@chu.ulg.ac.be,Don't use runAllManagedModulesForAllRequests= true  when getting your MVC routing to work - Google Chrome,Tâches diverses,2021-06-15,15:28:04,00:00:25
stefano.crapanzano@chu.ulg.ac.be,Don't use runAllManagedModulesForAllRequests= true  when getting your MVC routing to work - Google Chrome,Tâches diverses,2021-06-15,15:29:41,00:00:33
stefano.crapanzano@chu.ulg.ac.be,Don't use runAllManagedModulesForAllRequests= true  when getting your MVC routing to work - Google Chrome,Tâches diverses,2021-06-15,15:38:09,00:01:46
stefano.crapanzano@chu.ulg.ac.be,Don't use runAllManagedModulesForAllRequests= true  when getting your MVC routing to work - Google Chrome,Tâches diverses,2021-06-15,15:40:57,00:00:22
stefano.crapanzano@chu.ulg.ac.be,Don't use runAllManagedModulesForAllRequests= true  when getting your MVC routing to work - Google Chrome,Tâches diverses,2021-06-15,15:41:22,00:00:27
stefano.crapanzano@chu.ulg.ac.be,Contrix - Google Chrome,Tâches diverses,2021-06-15,14:59:33,00:00:20
stefano.crapanzano@chu.ulg.ac.be,Contrix - Google Chrome,Tâches diverses,2021-06-15,15:27:46,00:00:04
stefano.crapanzano@chu.ulg.ac.be,Contrix - Google Chrome,Tâches diverses,2021-06-15,15:30:16,00:03:18
stefano.crapanzano@chu.ulg.ac.be,Contrix - Google Chrome,Tâches diverses,2021-06-15,15:33:35,00:00:27
stefano.crapanzano@chu.ulg.ac.be,Contrix - Google Chrome,Tâches diverses,2021-06-15,15:34:39,00:00:02
stefano.crapanzano@chu.ulg.ac.be,Contrix - Google Chrome,Tâches diverses,2021-06-15,15:34:43,00:00:15
stefano.crapanzano@chu.ulg.ac.be,Contrix - Google Chrome,Tâches diverses,2021-06-15,15:37:03,00:00:06
stefano.crapanzano@chu.ulg.ac.be,Contrix - Google Chrome,Tâches diverses,2021-06-15,15:38:04,00:00:04
stefano.crapanzano@chu.ulg.ac.be,La Fontana D'Oro à Féronstrée 77-37  4000 Liège - Google Maps - Google Chrome,Tâches diverses,2021-06-15,15:00:19,00:00:04
stefano.crapanzano@chu.ulg.ac.be,Rue de la Collectivité 63 à Féronstrée 77-37  4000 Liège - Google Maps - Google Chrome,Tâches diverses,2021-06-15,15:00:26,00:00:46
stefano.crapanzano@chu.ulg.ac.be,corona direct - Recherche Google - Google Chrome,Tâches diverses,2021-06-15,15:01:19,00:00:02
stefano.crapanzano@chu.ulg.ac.be,Corona Direct Assurances - Google Chrome,Tâches diverses,2021-06-15,15:01:21,00:00:04
stefano.crapanzano@chu.ulg.ac.be,https://www.coronadirect.be/fr/assurance-auto/calculez-votre-prix - Google Chrome,Tâches diverses,2021-06-15,15:01:27,00:00:56
stefano.crapanzano@chu.ulg.ac.be,https://www.coronadirect.be/fr/assurance-auto/calculez-votre-prix - Google Chrome,Tâches diverses,2021-06-15,15:02:35,00:04:07
stefano.crapanzano@chu.ulg.ac.be,https://www.coronadirect.be/fr/assurance-auto/calculez-votre-prix - Google Chrome,Tâches diverses,2021-06-15,15:28:01,00:00:02
stefano.crapanzano@chu.ulg.ac.be,traduction - Recherche Google - Google Chrome,Tâches diverses,2021-06-15,15:09:33,00:00:06
stefano.crapanzano@chu.ulg.ac.be,traduction - Recherche Google - Google Chrome,Tâches diverses,2021-06-15,15:27:58,00:00:02
stefano.crapanzano@chu.ulg.ac.be,Helpdesk ATI - Db Hardware Prod - Google Chrome,Tâches diverses,2021-06-15,15:10:24,00:00:08
stefano.crapanzano@chu.ulg.ac.be,Helpdesk ATI - Db Hardware Prod - Google Chrome,Tâches diverses,2021-06-15,15:11:33,00:00:03
stefano.crapanzano@chu.ulg.ac.be,Mot de passe,Helpdesk général,2021-06-15,15:10:47,00:00:18
stefano.crapanzano@chu.ulg.ac.be,Mot de passe,Helpdesk général,2021-06-15,15:11:29,00:00:02
stefano.crapanzano@chu.ulg.ac.be,Mot de passe,Helpdesk général,2021-06-15,15:14:20,00:00:03
stefano.crapanzano@chu.ulg.ac.be,Mot de passe,Helpdesk général,2021-06-15,15:14:30,00:00:02
stefano.crapanzano@chu.ulg.ac.be,Mot de passe,Helpdesk général,2021-06-15,15:15:00,00:00:02
stefano.crapanzano@chu.ulg.ac.be,Mot de passe,Helpdesk général,2021-06-15,15:15:18,00:00:02
stefano.crapanzano@chu.ulg.ac.be,Mot de passe,Helpdesk général,2021-06-15,15:16:18,00:00:02
stefano.crapanzano@chu.ulg.ac.be,Mot de passe,Helpdesk général,2021-06-15,15:16:29,00:00:02
stefano.crapanzano@chu.ulg.ac.be,Mot de passe,Helpdesk général,2021-06-15,15:27:28,00:00:02
stefano.crapanzano@chu.ulg.ac.be,Active Directory Users and Computers,IT,2021-06-15,15:13:25,00:00:03
stefano.crapanzano@chu.ulg.ac.be,Rechercher Utilisateurs  contacts et groupes,IT,2021-06-15,15:13:29,00:00:07
stefano.crapanzano@chu.ulg.ac.be,Rechercher Utilisateurs  contacts et groupes,IT,2021-06-15,15:14:06,00:00:02
stefano.crapanzano@chu.ulg.ac.be,Propriétés de : c158492,IT,2021-06-15,15:13:36,00:00:19
stefano.crapanzano@chu.ulg.ac.be,Propriétés de : Netop_SAP,IT,2021-06-15,15:13:55,00:00:09
stefano.crapanzano@chu.ulg.ac.be,Une mise à jour est disponible qui permet à certains gestionnaires d'IIS 7.0 ou IIS 7.5 de gérer les demandes dont l'URL ne se termine pas par un point - Google Chrome,Tâches diverses,2021-06-15,15:28:31,00:00:40
stefano.crapanzano@chu.ulg.ac.be,Une mise à jour est disponible qui permet à certains gestionnaires d'IIS 7.0 ou IIS 7.5 de gérer les demandes dont l'URL ne se termine pas par un point - Google Chrome,Tâches diverses,2021-06-15,15:29:33,00:00:08
stefano.crapanzano@chu.ulg.ac.be,Une mise à jour est disponible qui permet à certains gestionnaires d'IIS 7.0 ou IIS 7.5 de gérer les demandes dont l'URL ne se termine pas par un point - Google Chrome,Tâches diverses,2021-06-15,15:42:42,00:00:32
stefano.crapanzano@chu.ulg.ac.be,Une mise à jour est disponible qui permet à certains gestionnaires d'IIS 7.0 ou IIS 7.5 de gérer les demandes dont l'URL ne se termine pas par un point - Google Chrome,Tâches diverses,2021-06-15,15:44:06,00:00:13
stefano.crapanzano@chu.ulg.ac.be,Une mise à jour est disponible qui permet à certains gestionnaires d'IIS 7.0 ou IIS 7.5 de gérer les demandes dont l'URL ne se termine pas par un point - Google Chrome,Tâches diverses,2021-06-15,15:54:29,00:00:02
stefano.crapanzano@chu.ulg.ac.be,Une mise à jour est disponible qui permet à certains gestionnaires d'IIS 7.0 ou IIS 7.5 de gérer les demandes dont l'URL ne se termine pas par un point - Google Chrome,Tâches diverses,2021-06-15,15:54:34,00:00:06
stefano.crapanzano@chu.ulg.ac.be,météo - Recherche Google - Google Chrome,Tâches diverses,2021-06-15,15:29:14,00:00:19
stefano.crapanzano@chu.ulg.ac.be,runallmanagedmodulesforallrequests static files not loaded - Recherche Google - Google Chrome,Tâches diverses,2021-06-15,15:42:09,00:00:03
stefano.crapanzano@chu.ulg.ac.be,runallmanagedmodulesforallrequests static files not loaded - Recherche Google - Google Chrome,Tâches diverses,2021-06-15,15:55:14,00:00:04
stefano.crapanzano@chu.ulg.ac.be,Requests for static files are hitting the managed code in ASP.NET MVC3 - Stack Overflow - Google Chrome,Tâches diverses,2021-06-15,15:42:12,00:00:30
stefano.crapanzano@chu.ulg.ac.be,Requests for static files are hitting the managed code in ASP.NET MVC3 - Stack Overflow - Google Chrome,Tâches diverses,2021-06-15,15:54:40,00:00:33
stefano.crapanzano@chu.ulg.ac.be,iis version which - Recherche Google - Google Chrome,Tâches diverses,2021-06-15,15:45:06,00:00:02
stefano.crapanzano@chu.ulg.ac.be,iis version which - Recherche Google - Google Chrome,Tâches diverses,2021-06-15,15:45:35,00:00:07
stefano.crapanzano@chu.ulg.ac.be,Internet Information Services — Wikipédia - Google Chrome,Tâches diverses,2021-06-15,15:45:09,00:00:04
stefano.crapanzano@chu.ulg.ac.be,Internet Information Services — Wikipédia - Google Chrome,Tâches diverses,2021-06-15,15:45:32,00:00:03
stefano.crapanzano@chu.ulg.ac.be,iis get version - Recherche Google - Google Chrome,Tâches diverses,2021-06-15,15:45:42,00:00:02
stefano.crapanzano@chu.ulg.ac.be,iis get version - Recherche Google - Google Chrome,Tâches diverses,2021-06-15,15:53:44,00:00:04
stefano.crapanzano@chu.ulg.ac.be,5 Ways To Check Installed Version Of IIS In Windows - Google Chrome,Tâches diverses,2021-06-15,15:45:45,00:00:15
stefano.crapanzano@chu.ulg.ac.be,5 Ways To Check Installed Version Of IIS In Windows - Google Chrome,Tâches diverses,2021-06-15,15:46:18,00:00:15
stefano.crapanzano@chu.ulg.ac.be,5 Ways To Check Installed Version Of IIS In Windows - Google Chrome,Tâches diverses,2021-06-15,15:53:39,00:00:04
stefano.crapanzano@chu.ulg.ac.be,turn off windows features server 2012 - Recherche Google - Google Chrome,Tâches diverses,2021-06-15,15:48:09,00:00:03
stefano.crapanzano@chu.ulg.ac.be,turn off windows features server 2012 - Recherche Google - Google Chrome,Tâches diverses,2021-06-15,15:48:16,00:00:08
stefano.crapanzano@chu.ulg.ac.be,Document not available - Sage Knowledgebase - Google Chrome,Tâches diverses,2021-06-15,15:48:13,00:00:03
stefano.crapanzano@chu.ulg.ac.be,turn off windows features server 2012 not openin - Recherche Google - Google Chrome,Tâches diverses,2021-06-15,15:48:25,00:00:04
stefano.crapanzano@chu.ulg.ac.be,Windows Server 2008 R2 -  Turn Windows features on or off  Opens  Server Manager  - Google Chrome,Tâches diverses,2021-06-15,15:48:29,00:00:15
stefano.crapanzano@chu.ulg.ac.be,windows - How can I tell what version of IIS is installed? - Server Fault - Google Chrome,Tâches diverses,2021-06-15,15:53:49,00:00:21
stefano.crapanzano@chu.ulg.ac.be,Caveats with the runAllManagedModulesForAllRequests in IIS 7/8 - Rick Strahl's Web Log - Google Chrome,Tâches diverses,2021-06-15,15:55:19,00:00:09
stefano.crapanzano@chu.ulg.ac.be,Caveats with the runAllManagedModulesForAllRequests in IIS 7/8 - Rick Strahl's Web Log - Google Chrome,Helpdesk général,2021-06-15,16:27:04,00:00:02
stefano.crapanzano@chu.ulg.ac.be,Virtualisation machine KARDEX - Mozilla Thunderbird,Helpdesk général,2021-06-15,16:37:35,00:00:04
stefano.crapanzano@chu.ulg.ac.be,Rédaction : Re: Virtualisation machine KARDEX - Thunderbird,Helpdesk général,2021-06-15,16:37:41,00:00:55
stefano.crapanzano@chu.ulg.ac.be,Rédaction : Re: Virtualisation machine KARDEX - Thunderbird,Helpdesk général,2021-06-15,16:39:20,00:00:02
stefano.crapanzano@chu.ulg.ac.be,Rédaction : Re: Virtualisation machine KARDEX - Thunderbird,Helpdesk général,2021-06-15,16:39:25,00:03:43
stefano.crapanzano@chu.ulg.ac.be,Rédaction : Re: Virtualisation machine KARDEX - Thunderbird,Helpdesk général,2021-06-15,16:43:19,00:00:05
stefano.crapanzano@chu.ulg.ac.be,Rédaction : Re: Virtualisation machine KARDEX - Thunderbird,Helpdesk général,2021-06-15,16:43:35,00:05:18
stefano.crapanzano@chu.ulg.ac.be,degey - Mozilla Thunderbird,Helpdesk général,2021-06-15,16:38:39,00:00:14
stefano.crapanzano@chu.ulg.ac.be,Fwd: Évolution des connecteurs Kardex-SAP - Mozilla Thunderbird,Helpdesk général,2021-06-15,16:38:54,00:00:26
stefano.crapanzano@chu.ulg.ac.be,Fwd: Évolution des connecteurs Kardex-SAP - Mozilla Thunderbird,Helpdesk général,2021-06-15,16:39:23,00:00:02
