Email,Description,Project,Start date,Start time,Duration
stefano.crapanzano@chu.ulg.ac.be,Administrateur : C:\Windows\system32\cmd.exe - python  main.py,IT,2021-06-17,08:30:10,00:00:02
stefano.crapanzano@chu.ulg.ac.be,Navigation système de fichier,IT,2021-06-17,08:30:12,00:00:02
stefano.crapanzano@chu.ulg.ac.be,Navigation système de fichier,IT,2021-06-17,09:01:33,00:00:02
stefano.crapanzano@chu.ulg.ac.be,Navigation système de fichier,IT,2021-06-17,10:40:43,00:00:02
stefano.crapanzano@chu.ulg.ac.be,Navigation système de fichier,IT,2021-06-17,10:41:43,00:00:03
stefano.crapanzano@chu.ulg.ac.be,Navigation système de fichier,IT,2021-06-17,16:10:10,00:00:04
stefano.crapanzano@chu.ulg.ac.be,Navigation système de fichier,IT,2021-06-17,16:14:57,00:00:02
stefano.crapanzano@chu.ulg.ac.be,Navigation système de fichier,IT,2021-06-17,16:37:49,00:00:03
stefano.crapanzano@chu.ulg.ac.be,Navigation système de fichier,IT,2021-06-17,16:40:41,00:00:03
stefano.crapanzano@chu.ulg.ac.be,Courrier entrant - stefano.crapanzano@chuliege.be - Mozilla Thunderbird,Helpdesk général,2021-06-17,08:30:14,00:03:18
stefano.crapanzano@chu.ulg.ac.be,Courrier entrant - stefano.crapanzano@chuliege.be - Mozilla Thunderbird,Helpdesk général,2021-06-17,08:33:43,00:00:02
stefano.crapanzano@chu.ulg.ac.be,Courrier entrant - stefano.crapanzano@chuliege.be - Mozilla Thunderbird,Helpdesk général,2021-06-17,08:56:12,00:03:10
stefano.crapanzano@chu.ulg.ac.be,Courrier entrant - stefano.crapanzano@chuliege.be - Mozilla Thunderbird,Helpdesk général,2021-06-17,16:10:20,00:00:13
stefano.crapanzano@chu.ulg.ac.be,Courrier entrant - stefano.crapanzano@chuliege.be - Mozilla Thunderbird,Helpdesk général,2021-06-17,16:16:49,00:00:03
stefano.crapanzano@chu.ulg.ac.be,Courrier entrant - stefano.crapanzano@chuliege.be - Mozilla Thunderbird,Helpdesk général,2021-06-17,16:22:01,00:15:38
stefano.crapanzano@chu.ulg.ac.be,Courrier entrant - stefano.crapanzano@chuliege.be - Mozilla Thunderbird,Helpdesk général,2021-06-17,16:40:48,00:19:29
stefano.crapanzano@chu.ulg.ac.be,Stefano CRAPANZANO - erp.sai@chuliege.be - Mozilla Thunderbird,Helpdesk général,2021-06-17,08:33:33,00:00:07
stefano.crapanzano@chu.ulg.ac.be,Stefano CRAPANZANO - erp.sai@chuliege.be - Mozilla Thunderbird,Helpdesk général,2021-06-17,08:33:41,00:00:02
stefano.crapanzano@chu.ulg.ac.be,Rédaction : (pas de sujet) - Thunderbird,Helpdesk général,2021-06-17,08:33:46,00:17:03
stefano.crapanzano@chu.ulg.ac.be,Rédaction : (pas de sujet) - Thunderbird,Helpdesk général,2021-06-17,09:01:35,01:39:07
stefano.crapanzano@chu.ulg.ac.be,Réunion de service (STH),Helpdesk général,2021-06-17,08:50:50,00:03:57
stefano.crapanzano@chu.ulg.ac.be,Réunion de service (STH),Helpdesk général,2021-06-17,08:59:23,00:02:09
stefano.crapanzano@chu.ulg.ac.be,Réunion de service (STH),Helpdesk général,2021-06-17,16:10:14,00:00:02
stefano.crapanzano@chu.ulg.ac.be,Courrier entrant - erp.sai@chuliege.be - Mozilla Thunderbird,Helpdesk général,2021-06-17,08:54:48,00:01:20
stefano.crapanzano@chu.ulg.ac.be,Courrier entrant - erp.sai@chuliege.be - Mozilla Thunderbird,Helpdesk général,2021-06-17,08:56:10,00:00:02
stefano.crapanzano@chu.ulg.ac.be,Courrier entrant - erp.sai@chuliege.be - Mozilla Thunderbird,Helpdesk général,2021-06-17,16:11:51,00:02:26
stefano.crapanzano@chu.ulg.ac.be,Courrier entrant - erp.sai@chuliege.be - Mozilla Thunderbird,Helpdesk général,2021-06-17,16:15:00,00:01:49
stefano.crapanzano@chu.ulg.ac.be,Courrier entrant - erp.sai@chuliege.be - Mozilla Thunderbird,Helpdesk général,2021-06-17,16:16:52,00:00:02
stefano.crapanzano@chu.ulg.ac.be,Courrier entrant - erp.sai@chuliege.be - Mozilla Thunderbird,Helpdesk général,2021-06-17,16:21:45,00:00:15
stefano.crapanzano@chu.ulg.ac.be,GOAL - LABO - Internet Explorer,Helpdesk général,2021-06-17,16:10:16,00:00:02
stefano.crapanzano@chu.ulg.ac.be,Nouvel onglet - Google Chrome,Tâches diverses,2021-06-17,10:41:48,00:00:02
stefano.crapanzano@chu.ulg.ac.be,document.forms['form-search-stock'].reportValidity() L’objet ne gère pas la propriété ou la méthode « reportValidity » - Recherche Google - Google Chrome,Tâches diverses,2021-06-17,10:41:50,00:00:07
stefano.crapanzano@chu.ulg.ac.be,internet explorer document.forms['form-search-stock'].reportValidity() L’objet ne gère pas la propriété ou la méthode « reportValidity » - Recherche Google - Google Chrome,Tâches diverses,2021-06-17,10:41:58,00:00:09
stefano.crapanzano@chu.ulg.ac.be,internet explorer document.forms['form-search-stock'].reportValidity() L’objet ne gère pas la propriété ou la méthode « reportValidity » - Recherche Google - Google Chrome,Tâches diverses,2021-06-17,10:42:59,00:00:04
stefano.crapanzano@chu.ulg.ac.be,internet explorer document.forms['form-search-stock'].reportValidity() L’objet ne gère pas la propriété ou la méthode « reportValidity » - Recherche Google - Google Chrome,Tâches diverses,2021-06-17,10:43:37,00:00:34
stefano.crapanzano@chu.ulg.ac.be,javascript - Need a work around for reportValidity() - Stack Overflow - Google Chrome,Tâches diverses,2021-06-17,10:42:07,00:00:36
stefano.crapanzano@chu.ulg.ac.be,javascript - Need a work around for reportValidity() - Stack Overflow - Google Chrome,Tâches diverses,2021-06-17,10:42:44,00:00:14
stefano.crapanzano@chu.ulg.ac.be,IE - Javascript - document.forms problème par NasdroViah - OpenClassrooms - Google Chrome,Tâches diverses,2021-06-17,10:43:04,00:00:33
stefano.crapanzano@chu.ulg.ac.be,internet explorer document.forms[''].reportValidity() L’objet ne gère pas la propriété ou la méthode « reportValidity » - Recherche Google - Google Chrome,Tâches diverses,2021-06-17,10:44:12,00:00:45
stefano.crapanzano@chu.ulg.ac.be,internet explorer document.forms[''].reportValidity() L’objet ne gère pas la propriété ou la méthode « reportValidity » - Recherche Google - Google Chrome,Tâches diverses,2021-06-17,10:45:08,00:00:24
stefano.crapanzano@chu.ulg.ac.be,Cet objet ne gère pas cette propriété ou cette méthode sur IE - Alsacreations - Google Chrome,Tâches diverses,2021-06-17,10:44:58,00:00:09
stefano.crapanzano@chu.ulg.ac.be,Déclenchement de la validation de formulaire HTML5 - Google Chrome,Tâches diverses,2021-06-17,10:45:32,00:02:47
stefano.crapanzano@chu.ulg.ac.be,Déclenchement de la validation de formulaire HTML5 - Google Chrome,Tâches diverses,2021-06-17,10:48:22,00:36:17
stefano.crapanzano@chu.ulg.ac.be,Déclenchement de la validation de formulaire HTML5 - Google Chrome,Tâches diverses,2021-06-17,16:14:18,00:00:02
stefano.crapanzano@chu.ulg.ac.be,Déclenchement de la validation de formulaire HTML5 - Google Chrome,Tâches diverses,2021-06-17,16:20:03,00:00:07
stefano.crapanzano@chu.ulg.ac.be,Envoyés - stefano.crapanzano@chuliege.be - Mozilla Thunderbird,Helpdesk général,2021-06-17,16:10:33,00:01:18
stefano.crapanzano@chu.ulg.ac.be,Envoyés - stefano.crapanzano@chuliege.be - Mozilla Thunderbird,Helpdesk général,2021-06-17,16:16:55,00:03:06
stefano.crapanzano@chu.ulg.ac.be,Envoyés - stefano.crapanzano@chuliege.be - Mozilla Thunderbird,Helpdesk général,2021-06-17,16:21:43,00:00:02
stefano.crapanzano@chu.ulg.ac.be,Sélectionnez l’objet task retrieve stock from sap à changer | Site d’administration de Django - Google Chrome,Tâches diverses,2021-06-17,16:14:20,00:00:02
stefano.crapanzano@chu.ulg.ac.be,Sélectionnez l’objet task retrieve stock from sap à changer | Site d’administration de Django - Google Chrome,Tâches diverses,2021-06-17,16:14:33,00:00:23
stefano.crapanzano@chu.ulg.ac.be,Sélectionnez l’objet task retrieve stock from sap à changer | Site d’administration de Django - Google Chrome,Tâches diverses,2021-06-17,16:20:01,00:00:02
stefano.crapanzano@chu.ulg.ac.be,Identification - Google Chrome,Tâches diverses,2021-06-17,16:14:23,00:00:09
stefano.crapanzano@chu.ulg.ac.be,GOAL - LABO - Google Chrome,Tâches diverses,2021-06-17,16:20:11,00:00:09
stefano.crapanzano@chu.ulg.ac.be,Rue de la Collectivité 63 à Féronstrée 77-37  4000 Liège - Google Maps - Google Chrome,Tâches diverses,2021-06-17,16:20:20,00:00:07
stefano.crapanzano@chu.ulg.ac.be,Rue de la Collectivité 63 à Féronstrée 77-37  4000 Liège - Google Maps - Google Chrome,Tâches diverses,2021-06-17,16:20:31,00:00:07
stefano.crapanzano@chu.ulg.ac.be,Google Maps - Google Chrome,Tâches diverses,2021-06-17,16:20:29,00:00:02
stefano.crapanzano@chu.ulg.ac.be,Google Maps - Google Chrome,Tâches diverses,2021-06-17,16:20:38,00:00:02
stefano.crapanzano@chu.ulg.ac.be,Rue de la Collectivité 63 à Boulevard d'Avroy 35  Liège - Google Maps - Google Chrome,Tâches diverses,2021-06-17,16:20:40,00:01:00
stefano.crapanzano@chu.ulg.ac.be,Rue de la Collectivité 63 à Boulevard d'Avroy 35  Liège - Google Maps - Google Chrome,Tâches diverses,2021-06-17,16:37:39,00:00:02
stefano.crapanzano@chu.ulg.ac.be,Helpdesk ATI - Db Hardware Prod - Google Chrome,Tâches diverses,2021-06-17,16:37:42,00:00:03
stefano.crapanzano@chu.ulg.ac.be,Helpdesk ATI - Db Hardware Prod - Google Chrome,Tâches diverses,2021-06-17,16:37:47,00:00:02
stefano.crapanzano@chu.ulg.ac.be,Helpdesk ATI - Db Hardware Prod - Google Chrome,Tâches diverses,2021-06-17,16:38:40,00:00:37
stefano.crapanzano@chu.ulg.ac.be,Helpdesk ATI - Db Hardware Prod - Google Chrome,Tâches diverses,2021-06-17,16:39:18,00:00:08
stefano.crapanzano@chu.ulg.ac.be,Helpdesk ATI - Db Hardware Prod - Google Chrome,Tâches diverses,2021-06-17,16:40:18,00:00:22
stefano.crapanzano@chu.ulg.ac.be,Helpdesk ATI - Db Hardware Prod - Google Chrome,Tâches diverses,2021-06-17,16:40:45,00:00:02
stefano.crapanzano@chu.ulg.ac.be,Netop Invité,Helpdesk général,2021-06-17,16:37:52,00:00:03
stefano.crapanzano@chu.ulg.ac.be,Netop Invité,Helpdesk général,2021-06-17,16:38:09,00:00:30
stefano.crapanzano@chu.ulg.ac.be,Netop Invité,Helpdesk général,2021-06-17,16:39:28,00:00:34
stefano.crapanzano@chu.ulg.ac.be,Netop,Helpdesk général,2021-06-17,16:40:05,00:00:02
stefano.crapanzano@chu.ulg.ac.be,Connexion à l'aide de l'authentification Windows,Helpdesk général,2021-06-17,16:37:57,00:00:02
stefano.crapanzano@chu.ulg.ac.be,Connexion à l'aide de l'authentification Windows,Helpdesk général,2021-06-17,16:38:06,00:00:02
stefano.crapanzano@chu.ulg.ac.be,Connexion à l'aide de l'authentification Windows,Helpdesk général,2021-06-17,16:40:03,00:00:02
stefano.crapanzano@chu.ulg.ac.be,Mot de passe,Helpdesk général,2021-06-17,16:38:01,00:00:04
stefano.crapanzano@chu.ulg.ac.be,dsl-wx-0064 - Netop Remote Control,Helpdesk général,2021-06-17,16:40:08,00:00:08
