Email,Description,Project,Start date,Start time,Duration
stefano.crapanzano@chu.ulg.ac.be,Administrateur : C:\Windows\system32\cmd.exe - python  main.py,IT,2021-06-14,08:36:36,00:00:08
stefano.crapanzano@chu.ulg.ac.be,Navigation système de fichier,IT,2021-06-14,08:36:53,00:00:02
stefano.crapanzano@chu.ulg.ac.be,Navigation système de fichier,IT,2021-06-14,08:38:41,00:00:03
stefano.crapanzano@chu.ulg.ac.be,Navigation système de fichier,IT,2021-06-14,08:52:25,00:00:06
stefano.crapanzano@chu.ulg.ac.be,Navigation système de fichier,IT,2021-06-14,08:52:37,00:00:12
stefano.crapanzano@chu.ulg.ac.be,Navigation système de fichier,IT,2021-06-14,09:02:38,00:00:03
stefano.crapanzano@chu.ulg.ac.be,Navigation système de fichier,IT,2021-06-14,11:31:45,00:00:02
stefano.crapanzano@chu.ulg.ac.be,Navigation système de fichier,IT,2021-06-14,12:10:06,01:23:06
stefano.crapanzano@chu.ulg.ac.be,Intégration système,Helpdesk général,2021-06-14,08:36:58,00:00:04
stefano.crapanzano@chu.ulg.ac.be,Courrier entrant - stefano.crapanzano@chuliege.be - Mozilla Thunderbird,Helpdesk général,2021-06-14,08:37:04,00:00:08
stefano.crapanzano@chu.ulg.ac.be,Courrier entrant - stefano.crapanzano@chuliege.be - Mozilla Thunderbird,Helpdesk général,2021-06-14,08:37:19,00:00:02
stefano.crapanzano@chu.ulg.ac.be,Courrier entrant - stefano.crapanzano@chuliege.be - Mozilla Thunderbird,Helpdesk général,2021-06-14,08:37:29,00:00:19
stefano.crapanzano@chu.ulg.ac.be,Courrier entrant - stefano.crapanzano@chuliege.be - Mozilla Thunderbird,Helpdesk général,2021-06-14,08:37:56,00:00:13
stefano.crapanzano@chu.ulg.ac.be,Courrier entrant - stefano.crapanzano@chuliege.be - Mozilla Thunderbird,Helpdesk général,2021-06-14,08:54:49,00:02:15
stefano.crapanzano@chu.ulg.ac.be,Courrier entrant - stefano.crapanzano@chuliege.be - Mozilla Thunderbird,Helpdesk général,2021-06-14,08:57:41,00:00:02
stefano.crapanzano@chu.ulg.ac.be,Courrier entrant - stefano.crapanzano@chuliege.be - Mozilla Thunderbird,Helpdesk général,2021-06-14,08:58:01,00:00:02
stefano.crapanzano@chu.ulg.ac.be,Courrier entrant - stefano.crapanzano@chuliege.be - Mozilla Thunderbird,Helpdesk général,2021-06-14,11:31:50,00:00:02
stefano.crapanzano@chu.ulg.ac.be,Courrier entrant - stefano.crapanzano@chuliege.be - Mozilla Thunderbird,Helpdesk général,2021-06-14,11:38:02,00:00:02
stefano.crapanzano@chu.ulg.ac.be,Courrier entrant - stefano.crapanzano@chuliege.be - Mozilla Thunderbird,Helpdesk général,2021-06-14,13:33:12,00:00:02
stefano.crapanzano@chu.ulg.ac.be,Courrier entrant - erp.sai@chuliege.be - Mozilla Thunderbird,Helpdesk général,2021-06-14,08:37:12,00:00:02
stefano.crapanzano@chu.ulg.ac.be,Courrier entrant - erp.sai@chuliege.be - Mozilla Thunderbird,Helpdesk général,2021-06-14,08:37:22,00:00:07
stefano.crapanzano@chu.ulg.ac.be,Courrier entrant - erp.sai@chuliege.be - Mozilla Thunderbird,Helpdesk général,2021-06-14,08:37:52,00:00:04
stefano.crapanzano@chu.ulg.ac.be,Courrier entrant - erp.sai@chuliege.be - Mozilla Thunderbird,Helpdesk général,2021-06-14,08:38:18,00:00:21
stefano.crapanzano@chu.ulg.ac.be,Courrier entrant - erp.sai@chuliege.be - Mozilla Thunderbird,Tâches diverses,2021-06-14,08:39:54,00:00:57
stefano.crapanzano@chu.ulg.ac.be,Courrier entrant - erp.sai@chuliege.be - Mozilla Thunderbird,Helpdesk général,2021-06-14,08:46:38,00:00:15
stefano.crapanzano@chu.ulg.ac.be,Courrier entrant - erp.sai@chuliege.be - Mozilla Thunderbird,Helpdesk général,2021-06-14,08:47:14,00:00:18
stefano.crapanzano@chu.ulg.ac.be,Courrier entrant - erp.sai@chuliege.be - Mozilla Thunderbird,Helpdesk général,2021-06-14,08:48:14,00:00:03
stefano.crapanzano@chu.ulg.ac.be,Courrier entrant - erp.sai@chuliege.be - Mozilla Thunderbird,Helpdesk général,2021-06-14,08:51:52,00:00:07
stefano.crapanzano@chu.ulg.ac.be,Courrier entrant - erp.sai@chuliege.be - Mozilla Thunderbird,Helpdesk général,2021-06-14,08:53:11,00:00:04
stefano.crapanzano@chu.ulg.ac.be,Courrier entrant - erp.sai@chuliege.be - Mozilla Thunderbird,Helpdesk général,2021-06-14,08:57:43,00:00:18
stefano.crapanzano@chu.ulg.ac.be,Courrier entrant - erp.sai@chuliege.be - Mozilla Thunderbird,Helpdesk général,2021-06-14,08:58:04,00:00:03
stefano.crapanzano@chu.ulg.ac.be,Courrier entrant - erp.sai@chuliege.be - Mozilla Thunderbird,Helpdesk général,2021-06-14,08:58:12,00:01:32
stefano.crapanzano@chu.ulg.ac.be,Courrier entrant - erp.sai@chuliege.be - Mozilla Thunderbird,Helpdesk général,2021-06-14,08:59:46,00:02:51
stefano.crapanzano@chu.ulg.ac.be,Courrier entrant - erp.sai@chuliege.be - Mozilla Thunderbird,Helpdesk général,2021-06-14,11:31:47,00:00:02
stefano.crapanzano@chu.ulg.ac.be,Courrier entrant - erp.sai@chuliege.be - Mozilla Thunderbird,Helpdesk général,2021-06-14,11:31:52,00:06:09
stefano.crapanzano@chu.ulg.ac.be,Courrier entrant - erp.sai@chuliege.be - Mozilla Thunderbird,Helpdesk général,2021-06-14,11:38:04,00:00:03
stefano.crapanzano@chu.ulg.ac.be,Courrier entrant - erp.sai@chuliege.be - Mozilla Thunderbird,Helpdesk général,2021-06-14,11:38:14,00:31:52
stefano.crapanzano@chu.ulg.ac.be,Courrier entrant - erp.sai@chuliege.be - Mozilla Thunderbird,Helpdesk général,2021-06-14,13:33:14,03:49:25
stefano.crapanzano@chu.ulg.ac.be,Envoyés - stefano.crapanzano@chuliege.be - Mozilla Thunderbird,Helpdesk général,2021-06-14,08:37:14,00:00:04
stefano.crapanzano@chu.ulg.ac.be,Envoyés - stefano.crapanzano@chuliege.be - Mozilla Thunderbird,Helpdesk général,2021-06-14,08:40:51,00:05:46
stefano.crapanzano@chu.ulg.ac.be,2 Traité - erp.sai@chuliege.be - Mozilla Thunderbird,Helpdesk général,2021-06-14,08:37:48,00:00:03
stefano.crapanzano@chu.ulg.ac.be,2 Traité - erp.sai@chuliege.be - Mozilla Thunderbird,Helpdesk général,2021-06-14,08:38:10,00:00:08
stefano.crapanzano@chu.ulg.ac.be,Ouverture -Excel,Tâches diverses,2021-06-14,08:38:44,00:00:06
stefano.crapanzano@chu.ulg.ac.be,discordances_glims_sap_2021_06_14_06_00_08.xlsx - Excel,Tâches diverses,2021-06-14,08:38:50,00:01:01
stefano.crapanzano@chu.ulg.ac.be,Microsoft Excel,Tâches diverses,2021-06-14,08:39:51,00:00:02
stefano.crapanzano@chu.ulg.ac.be,Nouvel onglet - Google Chrome,Tâches diverses,2021-06-14,08:46:53,00:00:04
stefano.crapanzano@chu.ulg.ac.be,Log in - Service Desk - Google Chrome,Tâches diverses,2021-06-14,08:46:58,00:00:08
stefano.crapanzano@chu.ulg.ac.be,Bienvenue! Vous pouvez poser une demande de Service Desk ERP for HealthCare parmi les options fournies. - Service d'assistance - Google Chrome,Tâches diverses,2021-06-14,08:47:08,00:00:04
stefano.crapanzano@chu.ulg.ac.be,Question ERP for HealthCare - Bienvenue! Vous pouvez poser une demande de Service Desk ERP for HealthCare parmi les options fournies. - Service d'assistance - Google Chrome,Tâches diverses,2021-06-14,08:47:33,00:00:39
stefano.crapanzano@chu.ulg.ac.be,Question ERP for HealthCare - Bienvenue! Vous pouvez poser une demande de Service Desk ERP for HealthCare parmi les options fournies. - Service d'assistance - Google Chrome,Tâches diverses,2021-06-14,08:48:53,00:00:09
stefano.crapanzano@chu.ulg.ac.be,Question ERP for HealthCare - Bienvenue! Vous pouvez poser une demande de Service Desk ERP for HealthCare parmi les options fournies. - Service d'assistance - Google Chrome,Tâches diverses,2021-06-14,08:49:30,00:00:04
stefano.crapanzano@chu.ulg.ac.be,Question ERP for HealthCare - Bienvenue! Vous pouvez poser une demande de Service Desk ERP for HealthCare parmi les options fournies. - Service d'assistance - Google Chrome,Tâches diverses,2021-06-14,08:49:48,00:00:22
stefano.crapanzano@chu.ulg.ac.be,Question ERP for HealthCare - Bienvenue! Vous pouvez poser une demande de Service Desk ERP for HealthCare parmi les options fournies. - Service d'assistance - Google Chrome,Tâches diverses,2021-06-14,08:50:22,00:00:16
stefano.crapanzano@chu.ulg.ac.be,Question ERP for HealthCare - Bienvenue! Vous pouvez poser une demande de Service Desk ERP for HealthCare parmi les options fournies. - Service d'assistance - Google Chrome,Tâches diverses,2021-06-14,08:50:40,00:00:48
stefano.crapanzano@chu.ulg.ac.be,Question ERP for HealthCare - Bienvenue! Vous pouvez poser une demande de Service Desk ERP for HealthCare parmi les options fournies. - Service d'assistance - Google Chrome,Tâches diverses,2021-06-14,08:52:56,00:00:07
stefano.crapanzano@chu.ulg.ac.be,TR: journée du 6/1/21 - Mozilla Thunderbird,Helpdesk général,2021-06-14,08:48:17,00:00:34
stefano.crapanzano@chu.ulg.ac.be,TR: journée du 6/1/21 - Mozilla Thunderbird,Helpdesk général,2021-06-14,08:49:04,00:00:05
stefano.crapanzano@chu.ulg.ac.be,TR: journée du 6/1/21 - Mozilla Thunderbird,Helpdesk général,2021-06-14,08:49:19,00:00:03
stefano.crapanzano@chu.ulg.ac.be,TR: journée du 6/1/21 - Mozilla Thunderbird,Helpdesk général,2021-06-14,08:50:12,00:00:09
stefano.crapanzano@chu.ulg.ac.be,TR: journée du 6/1/21 - Mozilla Thunderbird,Helpdesk général,2021-06-14,08:51:29,00:00:22
stefano.crapanzano@chu.ulg.ac.be,Greenshot capture form,Helpdesk général,2021-06-14,08:49:09,00:00:09
stefano.crapanzano@chu.ulg.ac.be,Greenshot capture form,Helpdesk général,2021-06-14,08:49:22,00:00:06
stefano.crapanzano@chu.ulg.ac.be,Ouvrir,Tâches diverses,2021-06-14,08:49:35,00:00:13
stefano.crapanzano@chu.ulg.ac.be,Ouvrir,Tâches diverses,2021-06-14,08:52:50,00:00:06
stefano.crapanzano@chu.ulg.ac.be,Rédaction : Fwd: TR: journée du 6/1/21 - Thunderbird,Helpdesk général,2021-06-14,08:51:59,00:00:06
stefano.crapanzano@chu.ulg.ac.be,Enregistrer le document sous,Helpdesk général,2021-06-14,08:52:05,00:00:16
stefano.crapanzano@chu.ulg.ac.be,Paiement via FEBAN - journée du 6/1/21 - Bienvenue! Vous pouvez poser une demande de Service Desk ERP for HealthCare parmi les options fournies. - Service d'assistance - Google Chrome,Tâches diverses,2021-06-14,08:53:04,00:00:07
stefano.crapanzano@chu.ulg.ac.be,Paiement via FEBAN - journée du 6/1/21 - Bienvenue! Vous pouvez poser une demande de Service Desk ERP for HealthCare parmi les options fournies. - Service d'assistance - Google Chrome,Exploration SAP,2021-06-14,08:57:05,00:00:04
stefano.crapanzano@chu.ulg.ac.be,Stefano CRAPANZANO - erp.sai@chuliege.be - Mozilla Thunderbird,Helpdesk général,2021-06-14,08:53:16,00:00:09
stefano.crapanzano@chu.ulg.ac.be,Stefano CRAPANZANO - erp.sai@chuliege.be - Mozilla Thunderbird,Helpdesk général,2021-06-14,08:54:45,00:00:04
stefano.crapanzano@chu.ulg.ac.be,Rédaction : Re: TR: journée du 6/1/21 - Thunderbird,Helpdesk général,2021-06-14,08:53:27,00:01:10
stefano.crapanzano@chu.ulg.ac.be,Demandes - Service d'assistance - Google Chrome,Tâches diverses,2021-06-14,08:57:10,00:00:03
stefano.crapanzano@chu.ulg.ac.be,Demandes - Service d'assistance - Google Chrome,Tâches diverses,2021-06-14,08:57:22,00:00:03
stefano.crapanzano@chu.ulg.ac.be,Demandes - Service d'assistance - Google Chrome,Tâches diverses,2021-06-14,08:57:33,00:00:07
stefano.crapanzano@chu.ulg.ac.be,Demandes - Service d'assistance - Google Chrome,Tâches diverses,2021-06-14,11:30:53,00:00:03
stefano.crapanzano@chu.ulg.ac.be,P203 CHU Déclaration Intrastat : Question sur commande reprise sur un mois différent de la date de réception - Bienvenue! Vous pouvez poser une demande de Service Desk ERP for HealthCare parmi les options fournies. - Service d'assistance - Google Chrome,Tâches diverses,2021-06-14,08:57:13,00:00:08
stefano.crapanzano@chu.ulg.ac.be,P203 CHU Possibilité de changer de queue de traitement via le pda - Bienvenue! Vous pouvez poser une demande de Service Desk ERP for HealthCare parmi les options fournies. - Service d'assistance - Google Chrome,Tâches diverses,2021-06-14,08:57:25,00:00:07
stefano.crapanzano@chu.ulg.ac.be,Envoyés - erp.sai@chuliege.be - Mozilla Thunderbird,Helpdesk général,2021-06-14,08:58:07,00:00:04
stefano.crapanzano@chu.ulg.ac.be,Envoyés - erp.sai@chuliege.be - Mozilla Thunderbird,Helpdesk général,2021-06-14,11:38:08,00:00:06
stefano.crapanzano@chu.ulg.ac.be,Lecture documentation,Tâches diverses,2021-06-14,09:02:41,02:28:12
stefano.crapanzano@chu.ulg.ac.be,Lecture documentation,Tâches diverses,2021-06-14,11:30:57,00:00:48
