Email,Description,Project,Start date,Start time,Duration
stefano.crapanzano@chu.ulg.ac.be,Administrateur : Perl (command line) - python  main.py,IT,2021-04-16,08:50:48,00:00:02
stefano.crapanzano@chu.ulg.ac.be,Administrateur : Perl (command line) - python  main.py,IT,2021-04-16,08:52:02,00:00:07
stefano.crapanzano@chu.ulg.ac.be,Administrateur : Perl (command line) - python  main.py,IT,2021-04-16,08:52:11,00:00:03
stefano.crapanzano@chu.ulg.ac.be,Courrier entrant - erp.sai@chuliege.be - Mozilla Thunderbird,Helpdesk général,2021-04-16,08:50:51,00:00:17
stefano.crapanzano@chu.ulg.ac.be,Courrier entrant - erp.sai@chuliege.be - Mozilla Thunderbird,Helpdesk général,2021-04-16,08:51:27,00:00:11
stefano.crapanzano@chu.ulg.ac.be,Courrier entrant - erp.sai@chuliege.be - Mozilla Thunderbird,Helpdesk général,2021-04-16,08:51:40,00:00:03
stefano.crapanzano@chu.ulg.ac.be,Courrier entrant - erp.sai@chuliege.be - Mozilla Thunderbird,Helpdesk général,2021-04-16,08:52:09,00:00:02
stefano.crapanzano@chu.ulg.ac.be,Courrier entrant - erp.sai@chuliege.be - Mozilla Thunderbird,Helpdesk général,2021-04-16,08:52:15,00:00:03
stefano.crapanzano@chu.ulg.ac.be,Courrier entrant - erp.sai@chuliege.be - Mozilla Thunderbird,Helpdesk général,2021-04-16,08:52:49,00:00:03
stefano.crapanzano@chu.ulg.ac.be,Courrier entrant - erp.sai@chuliege.be - Mozilla Thunderbird,Helpdesk général,2021-04-16,08:53:11,00:00:08
stefano.crapanzano@chu.ulg.ac.be,Courrier entrant - erp.sai@chuliege.be - Mozilla Thunderbird,Helpdesk général,2021-04-16,08:54:12,00:00:04
stefano.crapanzano@chu.ulg.ac.be,Courrier entrant - erp.sai@chuliege.be - Mozilla Thunderbird,Helpdesk général,2021-04-16,08:54:23,00:00:02
stefano.crapanzano@chu.ulg.ac.be,Courrier entrant - erp.sai@chuliege.be - Mozilla Thunderbird,Helpdesk général,2021-04-16,08:54:51,00:00:02
stefano.crapanzano@chu.ulg.ac.be,Courrier entrant - erp.sai@chuliege.be - Mozilla Thunderbird,Tâches diverses,2021-04-16,09:04:56,00:00:02
stefano.crapanzano@chu.ulg.ac.be,Courrier entrant - erp.sai@chuliege.be - Mozilla Thunderbird,Helpdesk général,2021-04-16,10:05:48,00:00:02
stefano.crapanzano@chu.ulg.ac.be,Courrier entrant - erp.sai@chuliege.be - Mozilla Thunderbird,Helpdesk général,2021-04-16,10:50:08,00:00:02
stefano.crapanzano@chu.ulg.ac.be,Courrier entrant - erp.sai@chuliege.be - Mozilla Thunderbird,Helpdesk général,2021-04-16,11:39:41,00:00:09
stefano.crapanzano@chu.ulg.ac.be,Courrier entrant - erp.sai@chuliege.be - Mozilla Thunderbird,Helpdesk général,2021-04-16,11:39:59,00:00:21
stefano.crapanzano@chu.ulg.ac.be,Courrier entrant - erp.sai@chuliege.be - Mozilla Thunderbird,Helpdesk général,2021-04-16,11:40:49,00:00:27
stefano.crapanzano@chu.ulg.ac.be,Courrier entrant - erp.sai@chuliege.be - Mozilla Thunderbird,Helpdesk général,2021-04-16,11:41:20,00:00:04
stefano.crapanzano@chu.ulg.ac.be,Courrier entrant - erp.sai@chuliege.be - Mozilla Thunderbird,Helpdesk général,2021-04-16,11:41:57,00:00:09
stefano.crapanzano@chu.ulg.ac.be,Courrier entrant - erp.sai@chuliege.be - Mozilla Thunderbird,Helpdesk général,2021-04-16,11:44:38,00:00:33
stefano.crapanzano@chu.ulg.ac.be,Courrier entrant - erp.sai@chuliege.be - Mozilla Thunderbird,Helpdesk général,2021-04-16,11:45:18,00:00:40
stefano.crapanzano@chu.ulg.ac.be,Courrier entrant - erp.sai@chuliege.be - Mozilla Thunderbird,Helpdesk général,2021-04-16,11:48:54,00:00:40
stefano.crapanzano@chu.ulg.ac.be,Courrier entrant - erp.sai@chuliege.be - Mozilla Thunderbird,Helpdesk général,2021-04-16,11:50:47,00:00:20
stefano.crapanzano@chu.ulg.ac.be,Courrier entrant - erp.sai@chuliege.be - Mozilla Thunderbird,Helpdesk général,2021-04-16,11:51:46,00:00:07
stefano.crapanzano@chu.ulg.ac.be,Courrier entrant - erp.sai@chuliege.be - Mozilla Thunderbird,Helpdesk général,2021-04-16,11:53:46,00:00:02
stefano.crapanzano@chu.ulg.ac.be,Courrier entrant - erp.sai@chuliege.be - Mozilla Thunderbird,Helpdesk général,2021-04-16,11:53:58,00:00:03
stefano.crapanzano@chu.ulg.ac.be,Courrier entrant - erp.sai@chuliege.be - Mozilla Thunderbird,Helpdesk général,2021-04-16,12:13:23,00:00:31
stefano.crapanzano@chu.ulg.ac.be,Courrier entrant - erp.sai@chuliege.be - Mozilla Thunderbird,Helpdesk général,2021-04-16,12:20:21,00:00:03
stefano.crapanzano@chu.ulg.ac.be,Courrier entrant - erp.sai@chuliege.be - Mozilla Thunderbird,Helpdesk général,2021-04-16,12:30:58,00:00:55
stefano.crapanzano@chu.ulg.ac.be,Courrier entrant - erp.sai@chuliege.be - Mozilla Thunderbird,Helpdesk général,2021-04-16,12:33:02,00:00:22
stefano.crapanzano@chu.ulg.ac.be,Courrier entrant - erp.sai@chuliege.be - Mozilla Thunderbird,Helpdesk général,2021-04-16,12:33:45,00:00:03
stefano.crapanzano@chu.ulg.ac.be,Courrier entrant - erp.sai@chuliege.be - Mozilla Thunderbird,Helpdesk général,2021-04-16,12:33:53,00:01:07
stefano.crapanzano@chu.ulg.ac.be,Courrier entrant - erp.sai@chuliege.be - Mozilla Thunderbird,Helpdesk général,2021-04-16,12:45:58,00:00:02
stefano.crapanzano@chu.ulg.ac.be,Courrier entrant - erp.sai@chuliege.be - Mozilla Thunderbird,Helpdesk général,2021-04-16,12:46:35,00:00:04
stefano.crapanzano@chu.ulg.ac.be,Courrier entrant - erp.sai@chuliege.be - Mozilla Thunderbird,Helpdesk général,2021-04-16,12:47:15,00:00:07
stefano.crapanzano@chu.ulg.ac.be,Courrier entrant - erp.sai@chuliege.be - Mozilla Thunderbird,Helpdesk général,2021-04-16,12:47:53,00:04:03
stefano.crapanzano@chu.ulg.ac.be,Courrier entrant - erp.sai@chuliege.be - Mozilla Thunderbird,Helpdesk général,2021-04-16,12:53:39,00:04:35
stefano.crapanzano@chu.ulg.ac.be,Courrier entrant - erp.sai@chuliege.be - Mozilla Thunderbird,Helpdesk général,2021-04-16,12:58:47,00:00:04
stefano.crapanzano@chu.ulg.ac.be,Courrier entrant - erp.sai@chuliege.be - Mozilla Thunderbird,Helpdesk général,2021-04-16,12:58:58,00:00:02
stefano.crapanzano@chu.ulg.ac.be,Courrier entrant - erp.sai@chuliege.be - Mozilla Thunderbird,Helpdesk général,2021-04-16,12:59:11,00:00:43
stefano.crapanzano@chu.ulg.ac.be,Courrier entrant - erp.sai@chuliege.be - Mozilla Thunderbird,Tâches diverses,2021-04-16,13:11:33,00:00:29
stefano.crapanzano@chu.ulg.ac.be,Courrier entrant - erp.sai@chuliege.be - Mozilla Thunderbird,Helpdesk général,2021-04-16,13:19:04,00:01:04
stefano.crapanzano@chu.ulg.ac.be,Courrier entrant - erp.sai@chuliege.be - Mozilla Thunderbird,Helpdesk général,2021-04-16,13:40:41,00:01:46
stefano.crapanzano@chu.ulg.ac.be,Courrier entrant - erp.sai@chuliege.be - Mozilla Thunderbird,Helpdesk général,2021-04-16,13:49:36,00:00:16
stefano.crapanzano@chu.ulg.ac.be,Courrier entrant - erp.sai@chuliege.be - Mozilla Thunderbird,Helpdesk général,2021-04-16,13:51:02,00:06:02
stefano.crapanzano@chu.ulg.ac.be,Courrier entrant - erp.sai@chuliege.be - Mozilla Thunderbird,Helpdesk général,2021-04-16,13:58:55,00:06:15
stefano.crapanzano@chu.ulg.ac.be,Courrier entrant - erp.sai@chuliege.be - Mozilla Thunderbird,Helpdesk général,2021-04-16,14:05:17,00:04:26
stefano.crapanzano@chu.ulg.ac.be,Courrier entrant - erp.sai@chuliege.be - Mozilla Thunderbird,Helpdesk général,2021-04-16,15:51:54,00:00:12
stefano.crapanzano@chu.ulg.ac.be,Courrier entrant - erp.sai@chuliege.be - Mozilla Thunderbird,Helpdesk général,2021-04-16,15:53:30,00:00:02
stefano.crapanzano@chu.ulg.ac.be,Courrier entrant - erp.sai@chuliege.be - Mozilla Thunderbird,Helpdesk général,2021-04-16,16:08:52,00:01:08
stefano.crapanzano@chu.ulg.ac.be,Courrier entrant - erp.sai@chuliege.be - Mozilla Thunderbird,Helpdesk général,2021-04-16,16:10:08,00:00:02
stefano.crapanzano@chu.ulg.ac.be,Courrier entrant - erp.sai@chuliege.be - Mozilla Thunderbird,Helpdesk général,2021-04-16,16:33:07,00:00:19
stefano.crapanzano@chu.ulg.ac.be,Courrier entrant - erp.sai@chuliege.be - Mozilla Thunderbird,Helpdesk général,2021-04-16,16:35:00,00:00:16
stefano.crapanzano@chu.ulg.ac.be,Options - Mozilla Thunderbird,Helpdesk général,2021-04-16,08:51:09,00:00:07
stefano.crapanzano@chu.ulg.ac.be,Options - Mozilla Thunderbird,Helpdesk général,2021-04-16,08:51:23,00:00:03
stefano.crapanzano@chu.ulg.ac.be,Couleurs,Helpdesk général,2021-04-16,08:51:16,00:00:07
stefano.crapanzano@chu.ulg.ac.be,Navigation système de fichier,IT,2021-04-16,08:51:45,00:00:13
stefano.crapanzano@chu.ulg.ac.be,Navigation système de fichier,IT,2021-04-16,08:52:52,00:00:02
stefano.crapanzano@chu.ulg.ac.be,Navigation système de fichier,IT,2021-04-16,08:54:29,00:00:02
stefano.crapanzano@chu.ulg.ac.be,Navigation système de fichier,IT,2021-04-16,08:54:58,00:00:02
stefano.crapanzano@chu.ulg.ac.be,Navigation système de fichier,IT,2021-04-16,09:12:34,00:00:02
stefano.crapanzano@chu.ulg.ac.be,Navigation système de fichier,IT,2021-04-16,09:18:48,00:00:02
stefano.crapanzano@chu.ulg.ac.be,Navigation système de fichier,IT,2021-04-16,09:24:07,00:00:02
stefano.crapanzano@chu.ulg.ac.be,Navigation système de fichier,IT,2021-04-16,09:35:26,00:00:02
stefano.crapanzano@chu.ulg.ac.be,Navigation système de fichier,IT,2021-04-16,10:55:58,00:00:02
stefano.crapanzano@chu.ulg.ac.be,Navigation système de fichier,IT,2021-04-16,11:09:15,00:00:02
stefano.crapanzano@chu.ulg.ac.be,Navigation système de fichier,IT,2021-04-16,13:26:17,00:00:04
stefano.crapanzano@chu.ulg.ac.be,Navigation système de fichier,IT,2021-04-16,13:26:35,00:00:03
stefano.crapanzano@chu.ulg.ac.be,Navigation système de fichier,IT,2021-04-16,13:27:34,00:00:03
stefano.crapanzano@chu.ulg.ac.be,Navigation système de fichier,IT,2021-04-16,13:27:49,00:00:06
stefano.crapanzano@chu.ulg.ac.be,Navigation système de fichier,IT,2021-04-16,13:32:39,00:00:02
stefano.crapanzano@chu.ulg.ac.be,Navigation système de fichier,IT,2021-04-16,13:42:28,00:00:02
stefano.crapanzano@chu.ulg.ac.be,Navigation système de fichier,IT,2021-04-16,14:48:10,00:00:02
stefano.crapanzano@chu.ulg.ac.be,Navigation système de fichier,IT,2021-04-16,14:49:43,00:00:02
stefano.crapanzano@chu.ulg.ac.be,Navigation système de fichier,IT,2021-04-16,15:51:39,00:00:14
stefano.crapanzano@chu.ulg.ac.be,Navigation système de fichier,IT,2021-04-16,15:52:52,00:00:02
stefano.crapanzano@chu.ulg.ac.be,Navigation système de fichier,IT,2021-04-16,16:10:14,00:00:04
stefano.crapanzano@chu.ulg.ac.be,Navigation système de fichier,IT,2021-04-16,16:17:13,00:00:06
stefano.crapanzano@chu.ulg.ac.be,Navigation système de fichier,IT,2021-04-16,16:33:04,00:00:02
stefano.crapanzano@chu.ulg.ac.be,Navigation système de fichier,IT,2021-04-16,16:36:36,00:00:02
stefano.crapanzano@chu.ulg.ac.be,C:\Users\c158492\ProjetBoulot\PYTHON\automatic_toggl\app_logged.csv - Notepad++ [Administrator],IT,2021-04-16,08:51:58,00:00:02
stefano.crapanzano@chu.ulg.ac.be,C:\Users\c158492\ProjetBoulot\PYTHON\automatic_toggl\app_logged.csv - Notepad++ [Administrator],IT,2021-04-16,08:52:20,00:00:02
stefano.crapanzano@chu.ulg.ac.be,C:\Users\c158492\ProjetBoulot\PYTHON\automatic_toggl\app_logged.csv - Notepad++ [Administrator],IT,2021-04-16,08:52:44,00:00:03
stefano.crapanzano@chu.ulg.ac.be,*C:\Users\c158492\ProjetBoulot\PYTHON\automatic_toggl\app_logged.csv - Notepad++ [Administrator],IT,2021-04-16,08:52:22,00:00:21
stefano.crapanzano@chu.ulg.ac.be,*C:\Users\c158492\ProjetBoulot\PYTHON\automatic_toggl\app_logged.csv - Notepad++ [Administrator],IT,2021-04-16,13:26:48,00:00:24
stefano.crapanzano@chu.ulg.ac.be,C:\Users\c158492\ProjetBoulot\signature_thunderbird\signature.html - Notepad++ [Administrator],IT,2021-04-16,13:26:38,00:00:08
stefano.crapanzano@chu.ulg.ac.be,Boîte de Réception - Zimbra - Stefano Crapanzano - Outlook,Helpdesk général,2021-04-16,08:52:56,00:00:04
stefano.crapanzano@chu.ulg.ac.be,Zimbra État de l’opération Envoyer/Recevoir,Helpdesk général,2021-04-16,08:53:03,00:00:05
stefano.crapanzano@chu.ulg.ac.be,Boîte de réception - erp.sai@chuliege.be - Outlook,Helpdesk général,2021-04-16,08:53:09,00:00:02
stefano.crapanzano@chu.ulg.ac.be,Boîte de réception - erp.sai@chuliege.be - Outlook,Helpdesk général,2021-04-16,08:54:26,00:00:03
stefano.crapanzano@chu.ulg.ac.be,Courrier entrant - stefano.crapanzano@chuliege.be - Mozilla Thunderbird,Helpdesk général,2021-04-16,08:53:20,00:00:04
stefano.crapanzano@chu.ulg.ac.be,Courrier entrant - stefano.crapanzano@chuliege.be - Mozilla Thunderbird,Helpdesk général,2021-04-16,08:53:33,00:00:14
stefano.crapanzano@chu.ulg.ac.be,Courrier entrant - stefano.crapanzano@chuliege.be - Mozilla Thunderbird,Helpdesk général,2021-04-16,08:53:53,00:00:03
stefano.crapanzano@chu.ulg.ac.be,Courrier entrant - stefano.crapanzano@chuliege.be - Mozilla Thunderbird,Helpdesk général,2021-04-16,08:53:58,00:00:14
stefano.crapanzano@chu.ulg.ac.be,Courrier entrant - stefano.crapanzano@chuliege.be - Mozilla Thunderbird,Helpdesk général,2021-04-16,09:04:59,00:00:07
stefano.crapanzano@chu.ulg.ac.be,Courrier entrant - stefano.crapanzano@chuliege.be - Mozilla Thunderbird,Helpdesk général,2021-04-16,09:09:54,00:00:02
stefano.crapanzano@chu.ulg.ac.be,Courrier entrant - stefano.crapanzano@chuliege.be - Mozilla Thunderbird,Helpdesk général,2021-04-16,10:05:41,00:00:07
stefano.crapanzano@chu.ulg.ac.be,Courrier entrant - stefano.crapanzano@chuliege.be - Mozilla Thunderbird,Helpdesk général,2021-04-16,11:05:38,00:01:13
stefano.crapanzano@chu.ulg.ac.be,Courrier entrant - stefano.crapanzano@chuliege.be - Mozilla Thunderbird,Helpdesk général,2021-04-16,11:06:53,00:00:12
stefano.crapanzano@chu.ulg.ac.be,Courrier entrant - stefano.crapanzano@chuliege.be - Mozilla Thunderbird,Helpdesk général,2021-04-16,11:09:11,00:00:04
stefano.crapanzano@chu.ulg.ac.be,Courrier entrant - stefano.crapanzano@chuliege.be - Mozilla Thunderbird,Helpdesk général,2021-04-16,11:29:48,00:00:03
stefano.crapanzano@chu.ulg.ac.be,Courrier entrant - stefano.crapanzano@chuliege.be - Mozilla Thunderbird,Helpdesk général,2021-04-16,11:31:58,00:00:10
stefano.crapanzano@chu.ulg.ac.be,Courrier entrant - stefano.crapanzano@chuliege.be - Mozilla Thunderbird,Helpdesk général,2021-04-16,11:35:33,00:00:03
stefano.crapanzano@chu.ulg.ac.be,Courrier entrant - stefano.crapanzano@chuliege.be - Mozilla Thunderbird,Helpdesk général,2021-04-16,12:33:49,00:00:04
stefano.crapanzano@chu.ulg.ac.be,Courrier entrant - stefano.crapanzano@chuliege.be - Mozilla Thunderbird,Helpdesk général,2021-04-16,12:46:00,00:00:30
stefano.crapanzano@chu.ulg.ac.be,Courrier entrant - stefano.crapanzano@chuliege.be - Mozilla Thunderbird,Helpdesk général,2021-04-16,12:46:33,00:00:02
stefano.crapanzano@chu.ulg.ac.be,Courrier entrant - stefano.crapanzano@chuliege.be - Mozilla Thunderbird,Helpdesk général,2021-04-16,12:47:37,00:00:16
stefano.crapanzano@chu.ulg.ac.be,Courrier entrant - stefano.crapanzano@chuliege.be - Mozilla Thunderbird,Helpdesk général,2021-04-16,16:35:17,00:00:16
stefano.crapanzano@chu.ulg.ac.be,Rédaction : (pas de sujet) - Thunderbird,Helpdesk général,2021-04-16,08:53:24,00:00:03
stefano.crapanzano@chu.ulg.ac.be,Rédaction : (pas de sujet) - Thunderbird,Helpdesk général,2021-04-16,09:54:37,00:00:37
stefano.crapanzano@chu.ulg.ac.be,Rédaction : test - Thunderbird,Helpdesk général,2021-04-16,08:53:28,00:00:03
stefano.crapanzano@chu.ulg.ac.be,Rédaction : Re: test - Thunderbird,Helpdesk général,2021-04-16,08:53:47,00:00:03
stefano.crapanzano@chu.ulg.ac.be,Vérification de l’orthographe,Helpdesk général,2021-04-16,11:08:44,00:00:02
stefano.crapanzano@chu.ulg.ac.be,Vérification de l’orthographe,Helpdesk général,2021-04-16,11:08:53,00:00:15
stefano.crapanzano@chu.ulg.ac.be,Vérification de l’orthographe,Helpdesk général,2021-04-16,11:29:40,00:00:03
stefano.crapanzano@chu.ulg.ac.be,Vérification de l’orthographe,Helpdesk général,2021-04-16,11:53:43,00:00:02
stefano.crapanzano@chu.ulg.ac.be,Stefano CRAPANZANO - erp.sai@chuliege.be - Mozilla Thunderbird,Helpdesk général,2021-04-16,08:54:17,00:00:05
stefano.crapanzano@chu.ulg.ac.be,Stefano CRAPANZANO - erp.sai@chuliege.be - Mozilla Thunderbird,Helpdesk général,2021-04-16,09:09:57,00:00:16
stefano.crapanzano@chu.ulg.ac.be,Stefano CRAPANZANO - erp.sai@chuliege.be - Mozilla Thunderbird,Helpdesk général,2021-04-16,09:17:23,00:00:16
stefano.crapanzano@chu.ulg.ac.be,Stefano CRAPANZANO - erp.sai@chuliege.be - Mozilla Thunderbird,Helpdesk général,2021-04-16,09:18:22,00:00:15
stefano.crapanzano@chu.ulg.ac.be,Stefano CRAPANZANO - erp.sai@chuliege.be - Mozilla Thunderbird,Helpdesk général,2021-04-16,09:24:36,00:00:15
stefano.crapanzano@chu.ulg.ac.be,Stefano CRAPANZANO - erp.sai@chuliege.be - Mozilla Thunderbird,Helpdesk général,2021-04-16,09:29:25,00:00:27
stefano.crapanzano@chu.ulg.ac.be,Stefano CRAPANZANO - erp.sai@chuliege.be - Mozilla Thunderbird,Helpdesk général,2021-04-16,09:35:28,00:00:27
stefano.crapanzano@chu.ulg.ac.be,Stefano CRAPANZANO - erp.sai@chuliege.be - Mozilla Thunderbird,Helpdesk général,2021-04-16,09:48:18,00:00:09
stefano.crapanzano@chu.ulg.ac.be,Stefano CRAPANZANO - erp.sai@chuliege.be - Mozilla Thunderbird,Helpdesk général,2021-04-16,09:52:49,00:00:13
stefano.crapanzano@chu.ulg.ac.be,Stefano CRAPANZANO - erp.sai@chuliege.be - Mozilla Thunderbird,Helpdesk général,2021-04-16,09:54:35,00:00:02
stefano.crapanzano@chu.ulg.ac.be,Stefano CRAPANZANO - erp.sai@chuliege.be - Mozilla Thunderbird,Helpdesk général,2021-04-16,10:05:32,00:00:02
stefano.crapanzano@chu.ulg.ac.be,Stefano CRAPANZANO - erp.sai@chuliege.be - Mozilla Thunderbird,Helpdesk général,2021-04-16,10:50:11,00:00:09
stefano.crapanzano@chu.ulg.ac.be,Stefano CRAPANZANO - erp.sai@chuliege.be - Mozilla Thunderbird,Helpdesk général,2021-04-16,12:13:54,00:00:33
stefano.crapanzano@chu.ulg.ac.be,Stefano CRAPANZANO - erp.sai@chuliege.be - Mozilla Thunderbird,Helpdesk général,2021-04-16,12:15:50,00:01:26
stefano.crapanzano@chu.ulg.ac.be,Stefano CRAPANZANO - erp.sai@chuliege.be - Mozilla Thunderbird,Helpdesk général,2021-04-16,12:17:31,00:00:35
stefano.crapanzano@chu.ulg.ac.be,Stefano CRAPANZANO - erp.sai@chuliege.be - Mozilla Thunderbird,Helpdesk général,2021-04-16,12:20:08,00:00:02
stefano.crapanzano@chu.ulg.ac.be,Stefano CRAPANZANO - erp.sai@chuliege.be - Mozilla Thunderbird,Helpdesk général,2021-04-16,16:35:38,00:00:07
stefano.crapanzano@chu.ulg.ac.be,Stefano CRAPANZANO - erp.sai@chuliege.be - Mozilla Thunderbird,Helpdesk général,2021-04-16,16:36:09,00:00:03
stefano.crapanzano@chu.ulg.ac.be,Stefano CRAPANZANO - erp.sai@chuliege.be - Mozilla Thunderbird,Helpdesk général,2021-04-16,16:40:31,00:00:34
stefano.crapanzano@chu.ulg.ac.be,Stefano CRAPANZANO - erp.sai@chuliege.be - Mozilla Thunderbird,Helpdesk général,2021-04-16,16:41:30,00:02:21
stefano.crapanzano@chu.ulg.ac.be,Stefano CRAPANZANO - erp.sai@chuliege.be - Mozilla Thunderbird,Tâches diverses,2021-04-16,16:46:56,00:01:46
stefano.crapanzano@chu.ulg.ac.be,Stefano CRAPANZANO - erp.sai@chuliege.be - Mozilla Thunderbird,Helpdesk général,2021-04-16,16:52:06,00:03:50
stefano.crapanzano@chu.ulg.ac.be,Stefano CRAPANZANO - erp.sai@chuliege.be - Mozilla Thunderbird,Helpdesk général,2021-04-16,16:57:29,00:00:58
stefano.crapanzano@chu.ulg.ac.be,SAM-DB - Google Chrome,Tâches diverses,2021-04-16,13:17:36,00:00:07
stefano.crapanzano@chu.ulg.ac.be,Signatures | Thunderbird Help - Google Chrome,Tâches diverses,2021-04-16,08:54:34,00:00:02
stefano.crapanzano@chu.ulg.ac.be,GOAL - Blocage de SSP pendant plusieurs jours - Bienvenue! Vous pouvez poser une demande de Service Desk ERP for HealthCare parmi les options fournies. - Service d'assistance - Google Chrome,Tâches diverses,2021-04-16,08:54:39,00:00:02
stefano.crapanzano@chu.ulg.ac.be,GOAL - Blocage de SSP pendant plusieurs jours - Bienvenue! Vous pouvez poser une demande de Service Desk ERP for HealthCare parmi les options fournies. - Service d'assistance - Google Chrome,Tâches diverses,2021-04-16,13:18:21,00:00:10
stefano.crapanzano@chu.ulg.ac.be,Lecture documentation,Tâches diverses,2021-04-16,08:54:46,00:00:05
stefano.crapanzano@chu.ulg.ac.be,Lecture documentation,Tâches diverses,2021-04-16,09:05:09,00:01:14
stefano.crapanzano@chu.ulg.ac.be,Lecture documentation,Tâches diverses,2021-04-16,10:56:01,00:00:24
stefano.crapanzano@chu.ulg.ac.be,Lecture documentation,Tâches diverses,2021-04-16,14:34:52,00:00:11
stefano.crapanzano@chu.ulg.ac.be,Lecture documentation,Tâches diverses,2021-04-16,14:35:17,00:00:03
stefano.crapanzano@chu.ulg.ac.be,Lecture documentation,Tâches diverses,2021-04-16,14:35:26,00:00:02
stefano.crapanzano@chu.ulg.ac.be,Lecture documentation,Tâches diverses,2021-04-16,14:36:01,00:00:04
stefano.crapanzano@chu.ulg.ac.be,Lecture documentation,Tâches diverses,2021-04-16,15:27:40,00:01:03
stefano.crapanzano@chu.ulg.ac.be,Lecture documentation,Tâches diverses,2021-04-16,15:30:06,00:00:17
stefano.crapanzano@chu.ulg.ac.be,Lecture documentation,Tâches diverses,2021-04-16,15:31:13,00:00:30
stefano.crapanzano@chu.ulg.ac.be,Lecture documentation,Tâches diverses,2021-04-16,15:45:28,00:00:23
stefano.crapanzano@chu.ulg.ac.be,Lecture documentation,Tâches diverses,2021-04-16,16:25:33,00:00:24
stefano.crapanzano@chu.ulg.ac.be,Lecture documentation,Tâches diverses,2021-04-16,16:25:59,00:00:04
stefano.crapanzano@chu.ulg.ac.be,Lecture documentation,Tâches diverses,2021-04-16,16:26:41,00:00:55
stefano.crapanzano@chu.ulg.ac.be,Lecture documentation,Tâches diverses,2021-04-16,16:36:41,00:03:50
stefano.crapanzano@chu.ulg.ac.be,Classeur2 - Excel,Tâches diverses,2021-04-16,08:54:55,00:00:02
stefano.crapanzano@chu.ulg.ac.be,20191018_TEMPLATE XPERTHIS WART NART_F9_AVEC MAJ DONNEES LABO_V121_TEMPLATE ARRETE AU 20201002_V04_ANALYSE DONNEES SAP_TEMPLATE_V01.xlsx - Excel,Tâches diverses,2021-04-16,15:53:28,00:00:02
stefano.crapanzano@chu.ulg.ac.be,Classeur3 - Excel,Tâches diverses,2021-04-16,08:55:01,00:00:02
stefano.crapanzano@chu.ulg.ac.be,Classeur3 - Excel,Tâches diverses,2021-04-16,08:55:31,00:00:25
stefano.crapanzano@chu.ulg.ac.be,Classeur3 - Excel,Tâches diverses,2021-04-16,08:56:26,00:01:20
stefano.crapanzano@chu.ulg.ac.be,Classeur3 - Excel,Tâches diverses,2021-04-16,08:57:58,00:00:25
stefano.crapanzano@chu.ulg.ac.be,Classeur3 - Excel,Tâches diverses,2021-04-16,08:58:26,00:03:29
stefano.crapanzano@chu.ulg.ac.be,Classeur3 - Excel,Tâches diverses,2021-04-16,09:01:56,00:00:08
stefano.crapanzano@chu.ulg.ac.be,Classeur3 - Excel,Tâches diverses,2021-04-16,09:02:31,00:00:15
stefano.crapanzano@chu.ulg.ac.be,Classeur3 - Excel,Tâches diverses,2021-04-16,09:02:56,00:00:26
stefano.crapanzano@chu.ulg.ac.be,Classeur3 - Excel,Tâches diverses,2021-04-16,09:03:30,00:01:22
stefano.crapanzano@chu.ulg.ac.be,Classeur3 - Excel,Tâches diverses,2021-04-16,09:06:26,00:03:20
stefano.crapanzano@chu.ulg.ac.be,Classeur3 - Excel,Tâches diverses,2021-04-16,09:10:15,00:02:02
stefano.crapanzano@chu.ulg.ac.be,Classeur3 - Excel,Tâches diverses,2021-04-16,09:12:23,00:00:10
stefano.crapanzano@chu.ulg.ac.be,Classeur3 - Excel,Tâches diverses,2021-04-16,09:12:53,00:00:48
stefano.crapanzano@chu.ulg.ac.be,Classeur3 - Excel,Tâches diverses,2021-04-16,09:14:22,00:00:12
stefano.crapanzano@chu.ulg.ac.be,Classeur3 - Excel,Tâches diverses,2021-04-16,09:14:37,00:00:03
stefano.crapanzano@chu.ulg.ac.be,Classeur3 - Excel,Tâches diverses,2021-04-16,09:15:50,00:00:04
stefano.crapanzano@chu.ulg.ac.be,Classeur3 - Excel,Tâches diverses,2021-04-16,09:15:59,00:00:13
stefano.crapanzano@chu.ulg.ac.be,Classeur3 - Excel,Tâches diverses,2021-04-16,09:16:13,00:00:02
stefano.crapanzano@chu.ulg.ac.be,Classeur3 - Excel,Tâches diverses,2021-04-16,09:16:21,00:00:03
stefano.crapanzano@chu.ulg.ac.be,Classeur3 - Excel,Tâches diverses,2021-04-16,09:16:26,00:00:48
stefano.crapanzano@chu.ulg.ac.be,Classeur3 - Excel,Tâches diverses,2021-04-16,09:17:40,00:00:39
stefano.crapanzano@chu.ulg.ac.be,Classeur3 - Excel,Tâches diverses,2021-04-16,09:18:51,00:00:04
stefano.crapanzano@chu.ulg.ac.be,Classeur3 - Excel,Tâches diverses,2021-04-16,09:18:57,00:00:15
stefano.crapanzano@chu.ulg.ac.be,Classeur3 - Excel,Tâches diverses,2021-04-16,09:19:34,00:00:02
stefano.crapanzano@chu.ulg.ac.be,Classeur3 - Excel,Tâches diverses,2021-04-16,09:19:39,00:03:24
stefano.crapanzano@chu.ulg.ac.be,Classeur3 - Excel,Tâches diverses,2021-04-16,09:23:04,00:00:26
stefano.crapanzano@chu.ulg.ac.be,Classeur3 - Excel,Tâches diverses,2021-04-16,09:23:31,00:00:35
stefano.crapanzano@chu.ulg.ac.be,Classeur3 - Excel,Tâches diverses,2021-04-16,09:24:10,00:00:25
stefano.crapanzano@chu.ulg.ac.be,Classeur3 - Excel,Tâches diverses,2021-04-16,09:24:51,00:01:16
stefano.crapanzano@chu.ulg.ac.be,Classeur3 - Excel,Tâches diverses,2021-04-16,09:26:10,00:02:24
stefano.crapanzano@chu.ulg.ac.be,Classeur3 - Excel,Tâches diverses,2021-04-16,09:28:55,00:00:28
stefano.crapanzano@chu.ulg.ac.be,Classeur3 - Excel,Tâches diverses,2021-04-16,09:29:53,00:05:33
stefano.crapanzano@chu.ulg.ac.be,Classeur3 - Excel,Tâches diverses,2021-04-16,09:35:56,00:12:20
stefano.crapanzano@chu.ulg.ac.be,Classeur3 - Excel,Tâches diverses,2021-04-16,09:48:27,00:04:21
stefano.crapanzano@chu.ulg.ac.be,Classeur3 - Excel,Tâches diverses,2021-04-16,09:53:02,00:01:32
stefano.crapanzano@chu.ulg.ac.be,Classeur3 - Excel,Tâches diverses,2021-04-16,10:05:51,00:04:38
stefano.crapanzano@chu.ulg.ac.be,Classeur3 - Excel,Tâches diverses,2021-04-16,10:10:34,00:12:35
stefano.crapanzano@chu.ulg.ac.be,Classeur3 - Excel,Tâches diverses,2021-04-16,10:23:42,00:00:07
stefano.crapanzano@chu.ulg.ac.be,Classeur3 - Excel,Tâches diverses,2021-04-16,10:23:52,00:00:02
stefano.crapanzano@chu.ulg.ac.be,Classeur3 - Excel,Tâches diverses,2021-04-16,10:24:17,00:00:02
stefano.crapanzano@chu.ulg.ac.be,Classeur3 - Excel,Tâches diverses,2021-04-16,10:24:50,00:00:02
stefano.crapanzano@chu.ulg.ac.be,Classeur3 - Excel,Tâches diverses,2021-04-16,10:25:10,00:00:02
stefano.crapanzano@chu.ulg.ac.be,Classeur3 - Excel,Tâches diverses,2021-04-16,10:25:26,00:00:02
stefano.crapanzano@chu.ulg.ac.be,Classeur3 - Excel,Tâches diverses,2021-04-16,10:25:32,00:00:09
stefano.crapanzano@chu.ulg.ac.be,Classeur3 - Excel,Tâches diverses,2021-04-16,10:25:49,00:00:02
stefano.crapanzano@chu.ulg.ac.be,Classeur3 - Excel,Tâches diverses,2021-04-16,10:26:01,00:00:02
stefano.crapanzano@chu.ulg.ac.be,Classeur3 - Excel,Tâches diverses,2021-04-16,10:26:18,00:00:03
stefano.crapanzano@chu.ulg.ac.be,Classeur3 - Excel,Tâches diverses,2021-04-16,10:26:31,00:00:02
stefano.crapanzano@chu.ulg.ac.be,Classeur3 - Excel,Tâches diverses,2021-04-16,10:26:45,00:00:06
stefano.crapanzano@chu.ulg.ac.be,Classeur3 - Excel,Tâches diverses,2021-04-16,10:27:16,00:00:02
stefano.crapanzano@chu.ulg.ac.be,Classeur3 - Excel,Tâches diverses,2021-04-16,10:27:21,00:00:06
stefano.crapanzano@chu.ulg.ac.be,Classeur3 - Excel,Tâches diverses,2021-04-16,10:28:40,00:00:04
stefano.crapanzano@chu.ulg.ac.be,Classeur3 - Excel,Tâches diverses,2021-04-16,10:28:56,00:00:02
stefano.crapanzano@chu.ulg.ac.be,Classeur3 - Excel,Tâches diverses,2021-04-16,10:29:06,00:00:03
stefano.crapanzano@chu.ulg.ac.be,Classeur3 - Excel,Tâches diverses,2021-04-16,10:29:16,00:00:02
stefano.crapanzano@chu.ulg.ac.be,Classeur3 - Excel,Tâches diverses,2021-04-16,10:29:23,00:00:02
stefano.crapanzano@chu.ulg.ac.be,Classeur3 - Excel,Tâches diverses,2021-04-16,10:29:52,00:00:02
stefano.crapanzano@chu.ulg.ac.be,Classeur3 - Excel,Tâches diverses,2021-04-16,10:30:00,00:00:02
stefano.crapanzano@chu.ulg.ac.be,Classeur3 - Excel,Tâches diverses,2021-04-16,10:30:06,00:00:02
stefano.crapanzano@chu.ulg.ac.be,Classeur3 - Excel,Tâches diverses,2021-04-16,10:30:11,00:00:02
stefano.crapanzano@chu.ulg.ac.be,Classeur3 - Excel,Tâches diverses,2021-04-16,10:30:26,00:00:02
stefano.crapanzano@chu.ulg.ac.be,Classeur3 - Excel,Tâches diverses,2021-04-16,10:31:31,00:00:02
stefano.crapanzano@chu.ulg.ac.be,Classeur3 - Excel,Tâches diverses,2021-04-16,10:31:37,00:00:02
stefano.crapanzano@chu.ulg.ac.be,Classeur3 - Excel,Tâches diverses,2021-04-16,10:31:44,00:00:02
stefano.crapanzano@chu.ulg.ac.be,Classeur3 - Excel,Tâches diverses,2021-04-16,10:33:05,00:00:06
stefano.crapanzano@chu.ulg.ac.be,Classeur3 - Excel,Tâches diverses,2021-04-16,10:33:15,00:00:02
stefano.crapanzano@chu.ulg.ac.be,Classeur3 - Excel,Tâches diverses,2021-04-16,10:34:19,00:00:04
stefano.crapanzano@chu.ulg.ac.be,Classeur3 - Excel,Tâches diverses,2021-04-16,10:34:31,00:00:04
stefano.crapanzano@chu.ulg.ac.be,Classeur3 - Excel,Tâches diverses,2021-04-16,10:34:43,00:00:02
stefano.crapanzano@chu.ulg.ac.be,Classeur3 - Excel,Tâches diverses,2021-04-16,10:34:59,00:00:08
stefano.crapanzano@chu.ulg.ac.be,Classeur3 - Excel,Tâches diverses,2021-04-16,10:35:22,00:00:03
stefano.crapanzano@chu.ulg.ac.be,Classeur3 - Excel,Tâches diverses,2021-04-16,10:35:49,00:00:09
stefano.crapanzano@chu.ulg.ac.be,Classeur3 - Excel,Tâches diverses,2021-04-16,10:36:13,00:00:03
stefano.crapanzano@chu.ulg.ac.be,Classeur3 - Excel,Tâches diverses,2021-04-16,10:36:19,00:00:03
stefano.crapanzano@chu.ulg.ac.be,Classeur3 - Excel,Tâches diverses,2021-04-16,10:36:28,00:00:07
stefano.crapanzano@chu.ulg.ac.be,Classeur3 - Excel,Tâches diverses,2021-04-16,10:36:58,00:00:04
stefano.crapanzano@chu.ulg.ac.be,Classeur3 - Excel,Tâches diverses,2021-04-16,10:37:11,00:00:02
stefano.crapanzano@chu.ulg.ac.be,Classeur3 - Excel,Tâches diverses,2021-04-16,10:37:22,00:00:02
stefano.crapanzano@chu.ulg.ac.be,Classeur3 - Excel,Tâches diverses,2021-04-16,10:54:30,00:01:24
stefano.crapanzano@chu.ulg.ac.be,Classeur3 - Excel,Tâches diverses,2021-04-16,10:56:27,00:00:30
stefano.crapanzano@chu.ulg.ac.be,Classeur3 - Excel,Tâches diverses,2021-04-16,10:57:00,00:02:35
stefano.crapanzano@chu.ulg.ac.be,Gestion des utilisateurs : écran initial,Exploration SAP,2021-04-16,09:02:05,00:00:02
stefano.crapanzano@chu.ulg.ac.be,Gestion des utilisateurs : écran initial,Exploration SAP,2021-04-16,09:56:49,00:00:06
stefano.crapanzano@chu.ulg.ac.be,SAP Easy Access Menu de base Applications financières-économiques,Exploration SAP,2021-04-16,09:02:07,00:00:06
stefano.crapanzano@chu.ulg.ac.be,Afficher article (Initial Screen),Exploration SAP,2021-04-16,09:02:13,00:00:03
stefano.crapanzano@chu.ulg.ac.be,Afficher article (Initial Screen),Exploration SAP,2021-04-16,13:20:26,00:00:06
stefano.crapanzano@chu.ulg.ac.be,Afficher article (Initial Screen),Exploration SAP,2021-04-16,13:20:45,00:00:03
stefano.crapanzano@chu.ulg.ac.be,Afficher article (Initial Screen),Exploration SAP,2021-04-16,13:21:00,00:00:02
stefano.crapanzano@chu.ulg.ac.be,Afficher article (Initial Screen),Exploration SAP,2021-04-16,13:48:46,00:00:04
stefano.crapanzano@chu.ulg.ac.be,Afficher article (Initial Screen),Exploration SAP,2021-04-16,13:48:57,00:00:04
stefano.crapanzano@chu.ulg.ac.be,TypeAheadPopup,Exploration SAP,2021-04-16,09:02:18,00:00:03
stefano.crapanzano@chu.ulg.ac.be,TypeAheadPopup,Exploration SAP,2021-04-16,13:30:24,00:00:02
stefano.crapanzano@chu.ulg.ac.be,TypeAheadPopup,Exploration SAP,2021-04-16,13:32:52,00:00:02
stefano.crapanzano@chu.ulg.ac.be,TypeAheadPopup,Exploration SAP,2021-04-16,13:33:07,00:00:02
stefano.crapanzano@chu.ulg.ac.be,TypeAheadPopup,Exploration SAP,2021-04-16,13:49:03,00:00:02
stefano.crapanzano@chu.ulg.ac.be,Afficher article 600003 (ARTICLE WM Stock),Exploration SAP,2021-04-16,09:02:21,00:00:08
stefano.crapanzano@chu.ulg.ac.be,Afficher article 600003 (ARTICLE WM Stock),Exploration SAP,2021-04-16,09:03:23,00:00:07
stefano.crapanzano@chu.ulg.ac.be,Afficher article 600003 (ARTICLE WM Stock),Exploration SAP,2021-04-16,13:20:10,00:00:15
stefano.crapanzano@chu.ulg.ac.be,Greenshot capture form,Helpdesk général,2021-04-16,09:02:48,00:00:07
stefano.crapanzano@chu.ulg.ac.be,Collage spécial,Tâches diverses,2021-04-16,09:04:53,00:00:03
stefano.crapanzano@chu.ulg.ac.be,Microsoft Excel,Tâches diverses,2021-04-16,09:16:16,00:00:04
stefano.crapanzano@chu.ulg.ac.be,Microsoft Excel,Tâches diverses,2021-04-16,11:16:25,00:00:02
stefano.crapanzano@chu.ulg.ac.be,Microsoft Excel,Tâches diverses,2021-04-16,14:28:38,00:00:02
stefano.crapanzano@chu.ulg.ac.be,Microsoft Excel,Tâches diverses,2021-04-16,14:37:01,00:00:02
stefano.crapanzano@chu.ulg.ac.be,Microsoft Excel,Tâches diverses,2021-04-16,15:53:10,00:00:09
stefano.crapanzano@chu.ulg.ac.be,Analyse loupe,Tâches diverses,2021-04-16,10:10:30,00:00:04
stefano.crapanzano@chu.ulg.ac.be,Netop Invité,Helpdesk général,2021-04-16,09:55:14,00:00:04
stefano.crapanzano@chu.ulg.ac.be,Netop Invité,Helpdesk général,2021-04-16,10:05:30,00:00:02
stefano.crapanzano@chu.ulg.ac.be,Netop Invité,Helpdesk général,2021-04-16,10:42:32,00:00:06
stefano.crapanzano@chu.ulg.ac.be,Netop Invité,Helpdesk général,2021-04-16,10:45:15,00:00:03
stefano.crapanzano@chu.ulg.ac.be,Nouvel onglet - Google Chrome,Tâches diverses,2021-04-16,09:55:20,00:00:13
stefano.crapanzano@chu.ulg.ac.be,Nouvel onglet - Google Chrome,Tâches diverses,2021-04-16,13:40:25,00:00:15
stefano.crapanzano@chu.ulg.ac.be,Nouvel onglet - Google Chrome,Tâches diverses,2021-04-16,16:18:04,00:00:10
stefano.crapanzano@chu.ulg.ac.be,Helpdesk ATI - Db Hardware Prod - Google Chrome,Tâches diverses,2021-04-16,09:55:34,00:00:11
stefano.crapanzano@chu.ulg.ac.be,Helpdesk ATI - Db Hardware Prod - Google Chrome,Tâches diverses,2021-04-16,13:17:31,00:00:04
stefano.crapanzano@chu.ulg.ac.be,Connexion à l'aide de l'authentification Windows,Helpdesk général,2021-04-16,09:55:48,00:00:02
stefano.crapanzano@chu.ulg.ac.be,Connexion à l'aide de l'authentification Windows,Helpdesk général,2021-04-16,10:42:38,00:00:03
stefano.crapanzano@chu.ulg.ac.be,Netop,Helpdesk général,2021-04-16,09:55:50,00:00:02
stefano.crapanzano@chu.ulg.ac.be,dmi-we-0002 - Netop Remote Control,Helpdesk général,2021-04-16,09:55:53,00:00:53
stefano.crapanzano@chu.ulg.ac.be,dmi-we-0002 - Netop Remote Control,Helpdesk général,2021-04-16,09:56:59,00:08:30
stefano.crapanzano@chu.ulg.ac.be,dmi-we-0002 - Netop Remote Control,Helpdesk général,2021-04-16,10:42:43,00:02:31
stefano.crapanzano@chu.ulg.ac.be,Afficher utilisateur,Exploration SAP,2021-04-16,09:56:55,00:00:03
stefano.crapanzano@chu.ulg.ac.be,Compacter les dossiers,Helpdesk général,2021-04-16,10:05:35,00:00:06
stefano.crapanzano@chu.ulg.ac.be,Format de cellule,Tâches diverses,2021-04-16,10:55:55,00:00:03
stefano.crapanzano@chu.ulg.ac.be,Supprimer,Tâches diverses,2021-04-16,10:56:58,00:00:02
stefano.crapanzano@chu.ulg.ac.be,Supprimer,Tâches diverses,2021-04-16,14:11:17,00:00:02
stefano.crapanzano@chu.ulg.ac.be,Supprimer,Tâches diverses,2021-04-16,14:14:05,00:00:06
stefano.crapanzano@chu.ulg.ac.be,Supprimer,Tâches diverses,2021-04-16,14:14:43,00:00:02
stefano.crapanzano@chu.ulg.ac.be,Supprimer,Tâches diverses,2021-04-16,14:15:11,00:00:02
stefano.crapanzano@chu.ulg.ac.be,Enregistrer sous,Tâches diverses,2021-04-16,10:59:36,00:00:14
stefano.crapanzano@chu.ulg.ac.be,Règles cohérence.xlsx - Excel,Tâches diverses,2021-04-16,10:59:50,00:00:08
stefano.crapanzano@chu.ulg.ac.be,Règles cohérence.xlsx - Excel,Tâches diverses,2021-04-16,11:03:44,00:00:16
stefano.crapanzano@chu.ulg.ac.be,Règles cohérence.xlsx - Excel,Tâches diverses,2021-04-16,11:04:07,00:00:58
stefano.crapanzano@chu.ulg.ac.be,Règles cohérence.xlsx - Excel,Tâches diverses,2021-04-16,11:05:36,00:00:02
stefano.crapanzano@chu.ulg.ac.be,Règles cohérence.xlsx - Excel,Tâches diverses,2021-04-16,11:09:57,00:06:27
stefano.crapanzano@chu.ulg.ac.be,Règles cohérence.xlsx - Excel,Tâches diverses,2021-04-16,11:16:27,00:01:45
stefano.crapanzano@chu.ulg.ac.be,Règles cohérence.xlsx - Excel,Tâches diverses,2021-04-16,11:18:24,00:03:41
stefano.crapanzano@chu.ulg.ac.be,Règles cohérence.xlsx - Excel,Tâches diverses,2021-04-16,11:22:23,00:01:08
stefano.crapanzano@chu.ulg.ac.be,Règles cohérence.xlsx - Excel,Tâches diverses,2021-04-16,11:23:59,00:00:08
stefano.crapanzano@chu.ulg.ac.be,Règles cohérence.xlsx - Excel,Tâches diverses,2021-04-16,11:24:17,00:00:22
stefano.crapanzano@chu.ulg.ac.be,Règles cohérence.xlsx - Excel,Tâches diverses,2021-04-16,11:25:52,00:00:26
stefano.crapanzano@chu.ulg.ac.be,Règles cohérence.xlsx - Excel,Tâches diverses,2021-04-16,11:28:49,00:00:46
stefano.crapanzano@chu.ulg.ac.be,Règles cohérence.xlsx - Excel,Tâches diverses,2021-04-16,11:30:33,00:00:26
stefano.crapanzano@chu.ulg.ac.be,Règles cohérence.xlsx - Excel,Tâches diverses,2021-04-16,11:31:20,00:00:37
stefano.crapanzano@chu.ulg.ac.be,Règles cohérence.xlsx - Excel,Tâches diverses,2021-04-16,11:32:09,00:03:22
stefano.crapanzano@chu.ulg.ac.be,Règles cohérence.xlsx - Excel,Tâches diverses,2021-04-16,11:36:27,00:03:14
stefano.crapanzano@chu.ulg.ac.be,Règles cohérence.xlsx - Excel,Tâches diverses,2021-04-16,11:39:52,00:00:07
stefano.crapanzano@chu.ulg.ac.be,Règles cohérence.xlsx - Excel,Tâches diverses,2021-04-16,11:40:21,00:00:27
stefano.crapanzano@chu.ulg.ac.be,Règles cohérence.xlsx - Excel,Tâches diverses,2021-04-16,11:42:07,00:02:29
stefano.crapanzano@chu.ulg.ac.be,Règles cohérence.xlsx - Excel,Tâches diverses,2021-04-16,11:45:12,00:00:06
stefano.crapanzano@chu.ulg.ac.be,Règles cohérence.xlsx - Excel,Tâches diverses,2021-04-16,11:45:59,00:02:53
stefano.crapanzano@chu.ulg.ac.be,Règles cohérence.xlsx - Excel,Tâches diverses,2021-04-16,11:49:36,00:01:09
stefano.crapanzano@chu.ulg.ac.be,Règles cohérence.xlsx - Excel,Tâches diverses,2021-04-16,11:51:07,00:00:37
stefano.crapanzano@chu.ulg.ac.be,Règles cohérence.xlsx - Excel,Tâches diverses,2021-04-16,11:53:52,00:00:06
stefano.crapanzano@chu.ulg.ac.be,Règles cohérence.xlsx - Excel,Tâches diverses,2021-04-16,11:54:10,00:02:51
stefano.crapanzano@chu.ulg.ac.be,Règles cohérence.xlsx - Excel,Tâches diverses,2021-04-16,11:57:05,00:06:53
stefano.crapanzano@chu.ulg.ac.be,Règles cohérence.xlsx - Excel,Tâches diverses,2021-04-16,12:05:05,00:05:58
stefano.crapanzano@chu.ulg.ac.be,Règles cohérence.xlsx - Excel,Tâches diverses,2021-04-16,12:11:38,00:00:50
stefano.crapanzano@chu.ulg.ac.be,Règles cohérence.xlsx - Excel,Tâches diverses,2021-04-16,12:14:27,00:01:21
stefano.crapanzano@chu.ulg.ac.be,Règles cohérence.xlsx - Excel,Tâches diverses,2021-04-16,12:18:08,00:00:46
stefano.crapanzano@chu.ulg.ac.be,Règles cohérence.xlsx - Excel,Tâches diverses,2021-04-16,12:19:28,00:00:38
stefano.crapanzano@chu.ulg.ac.be,Règles cohérence.xlsx - Excel,Tâches diverses,2021-04-16,12:22:34,00:03:26
stefano.crapanzano@chu.ulg.ac.be,Règles cohérence.xlsx - Excel,Helpdesk général,2021-04-16,12:27:19,00:03:38
stefano.crapanzano@chu.ulg.ac.be,Règles cohérence.xlsx - Excel,Tâches diverses,2021-04-16,12:31:55,00:01:07
stefano.crapanzano@chu.ulg.ac.be,Règles cohérence.xlsx - Excel,Tâches diverses,2021-04-16,12:33:26,00:00:19
stefano.crapanzano@chu.ulg.ac.be,Règles cohérence.xlsx - Excel,Tâches diverses,2021-04-16,12:35:01,00:10:56
stefano.crapanzano@chu.ulg.ac.be,Règles cohérence.xlsx - Excel,Tâches diverses,2021-04-16,12:51:58,00:01:39
stefano.crapanzano@chu.ulg.ac.be,Règles cohérence.xlsx - Excel,Tâches diverses,2021-04-16,12:58:16,00:00:31
stefano.crapanzano@chu.ulg.ac.be,Règles cohérence.xlsx - Excel,Tâches diverses,2021-04-16,12:59:55,00:00:07
stefano.crapanzano@chu.ulg.ac.be,Règles cohérence.xlsx - Excel,Tâches diverses,2021-04-16,13:00:04,00:11:29
stefano.crapanzano@chu.ulg.ac.be,Règles cohérence.xlsx - Excel,Tâches diverses,2021-04-16,13:12:05,00:02:53
stefano.crapanzano@chu.ulg.ac.be,Règles cohérence.xlsx - Excel,Tâches diverses,2021-04-16,13:34:22,00:06:01
stefano.crapanzano@chu.ulg.ac.be,Règles cohérence.xlsx - Excel,Tâches diverses,2021-04-16,13:42:30,00:06:08
stefano.crapanzano@chu.ulg.ac.be,Règles cohérence.xlsx - Excel,Tâches diverses,2021-04-16,13:49:54,00:01:07
stefano.crapanzano@chu.ulg.ac.be,Règles cohérence.xlsx - Excel,Tâches diverses,2021-04-16,13:57:05,00:01:49
stefano.crapanzano@chu.ulg.ac.be,Règles cohérence.xlsx - Excel,Tâches diverses,2021-04-16,14:09:45,00:00:31
stefano.crapanzano@chu.ulg.ac.be,Règles cohérence.xlsx - Excel,Tâches diverses,2021-04-16,14:10:21,00:00:56
stefano.crapanzano@chu.ulg.ac.be,Règles cohérence.xlsx - Excel,Tâches diverses,2021-04-16,14:11:19,00:01:09
stefano.crapanzano@chu.ulg.ac.be,Règles cohérence.xlsx - Excel,Tâches diverses,2021-04-16,14:12:30,00:00:20
stefano.crapanzano@chu.ulg.ac.be,Règles cohérence.xlsx - Excel,Tâches diverses,2021-04-16,14:12:51,00:00:22
stefano.crapanzano@chu.ulg.ac.be,Règles cohérence.xlsx - Excel,Tâches diverses,2021-04-16,14:13:15,00:00:15
stefano.crapanzano@chu.ulg.ac.be,Règles cohérence.xlsx - Excel,Tâches diverses,2021-04-16,14:13:32,00:00:32
stefano.crapanzano@chu.ulg.ac.be,Règles cohérence.xlsx - Excel,Tâches diverses,2021-04-16,14:14:11,00:00:03
stefano.crapanzano@chu.ulg.ac.be,Règles cohérence.xlsx - Excel,Tâches diverses,2021-04-16,14:14:16,00:00:04
stefano.crapanzano@chu.ulg.ac.be,Règles cohérence.xlsx - Excel,Tâches diverses,2021-04-16,14:14:21,00:00:11
stefano.crapanzano@chu.ulg.ac.be,Règles cohérence.xlsx - Excel,Tâches diverses,2021-04-16,14:14:34,00:00:03
stefano.crapanzano@chu.ulg.ac.be,Règles cohérence.xlsx - Excel,Tâches diverses,2021-04-16,14:14:39,00:00:04
stefano.crapanzano@chu.ulg.ac.be,Règles cohérence.xlsx - Excel,Tâches diverses,2021-04-16,14:14:48,00:00:03
stefano.crapanzano@chu.ulg.ac.be,Règles cohérence.xlsx - Excel,Tâches diverses,2021-04-16,14:14:53,00:00:04
stefano.crapanzano@chu.ulg.ac.be,Règles cohérence.xlsx - Excel,Tâches diverses,2021-04-16,14:14:58,00:00:04
stefano.crapanzano@chu.ulg.ac.be,Règles cohérence.xlsx - Excel,Tâches diverses,2021-04-16,14:15:03,00:00:02
stefano.crapanzano@chu.ulg.ac.be,Règles cohérence.xlsx - Excel,Tâches diverses,2021-04-16,14:15:07,00:00:03
stefano.crapanzano@chu.ulg.ac.be,Règles cohérence.xlsx - Excel,Tâches diverses,2021-04-16,14:15:16,00:12:42
stefano.crapanzano@chu.ulg.ac.be,Règles cohérence.xlsx - Excel,Tâches diverses,2021-04-16,14:28:00,00:00:38
stefano.crapanzano@chu.ulg.ac.be,Règles cohérence.xlsx - Excel,Tâches diverses,2021-04-16,14:28:41,00:01:24
stefano.crapanzano@chu.ulg.ac.be,Règles cohérence.xlsx - Excel,Tâches diverses,2021-04-16,14:30:17,00:00:13
stefano.crapanzano@chu.ulg.ac.be,Règles cohérence.xlsx - Excel,Tâches diverses,2021-04-16,14:30:41,00:00:04
stefano.crapanzano@chu.ulg.ac.be,Règles cohérence.xlsx - Excel,Tâches diverses,2021-04-16,14:30:55,00:00:48
stefano.crapanzano@chu.ulg.ac.be,Règles cohérence.xlsx - Excel,Tâches diverses,2021-04-16,14:32:07,00:00:02
stefano.crapanzano@chu.ulg.ac.be,Règles cohérence.xlsx - Excel,Tâches diverses,2021-04-16,14:32:20,00:00:24
stefano.crapanzano@chu.ulg.ac.be,Règles cohérence.xlsx - Excel,Tâches diverses,2021-04-16,14:32:45,00:01:04
stefano.crapanzano@chu.ulg.ac.be,Règles cohérence.xlsx - Excel,Tâches diverses,2021-04-16,14:34:23,00:00:23
stefano.crapanzano@chu.ulg.ac.be,Règles cohérence.xlsx - Excel,Tâches diverses,2021-04-16,14:35:31,00:00:10
stefano.crapanzano@chu.ulg.ac.be,Règles cohérence.xlsx - Excel,Tâches diverses,2021-04-16,14:36:06,00:00:07
stefano.crapanzano@chu.ulg.ac.be,Règles cohérence.xlsx - Excel,Tâches diverses,2021-04-16,14:36:36,00:00:05
stefano.crapanzano@chu.ulg.ac.be,Règles cohérence.xlsx - Excel,Tâches diverses,2021-04-16,14:36:53,00:00:08
stefano.crapanzano@chu.ulg.ac.be,Règles cohérence.xlsx - Excel,Tâches diverses,2021-04-16,14:37:03,00:00:21
stefano.crapanzano@chu.ulg.ac.be,Règles cohérence.xlsx - Excel,Tâches diverses,2021-04-16,14:37:26,00:00:11
stefano.crapanzano@chu.ulg.ac.be,Règles cohérence.xlsx - Excel,Tâches diverses,2021-04-16,14:37:40,00:01:25
stefano.crapanzano@chu.ulg.ac.be,Règles cohérence.xlsx - Excel,Tâches diverses,2021-04-16,14:39:15,00:08:45
stefano.crapanzano@chu.ulg.ac.be,Règles cohérence.xlsx - Excel,Tâches diverses,2021-04-16,14:48:08,00:00:02
stefano.crapanzano@chu.ulg.ac.be,Règles cohérence.xlsx - Excel,Tâches diverses,2021-04-16,14:48:20,00:00:14
stefano.crapanzano@chu.ulg.ac.be,Règles cohérence.xlsx - Excel,Tâches diverses,2021-04-16,14:49:46,00:00:03
stefano.crapanzano@chu.ulg.ac.be,Règles cohérence.xlsx - Excel,Tâches diverses,2021-04-16,14:50:13,00:00:02
stefano.crapanzano@chu.ulg.ac.be,Règles cohérence.xlsx - Excel,Tâches diverses,2021-04-16,14:50:27,00:00:02
stefano.crapanzano@chu.ulg.ac.be,Règles cohérence.xlsx - Excel,Tâches diverses,2021-04-16,14:51:58,00:00:02
stefano.crapanzano@chu.ulg.ac.be,Règles cohérence.xlsx - Excel,Tâches diverses,2021-04-16,14:52:16,00:00:04
stefano.crapanzano@chu.ulg.ac.be,Règles cohérence.xlsx - Excel,Tâches diverses,2021-04-16,14:53:10,00:00:15
stefano.crapanzano@chu.ulg.ac.be,Règles cohérence.xlsx - Excel,Tâches diverses,2021-04-16,14:54:15,00:00:02
stefano.crapanzano@chu.ulg.ac.be,Règles cohérence.xlsx - Excel,Tâches diverses,2021-04-16,14:54:26,00:00:07
stefano.crapanzano@chu.ulg.ac.be,Règles cohérence.xlsx - Excel,Tâches diverses,2021-04-16,14:54:53,00:00:08
stefano.crapanzano@chu.ulg.ac.be,Règles cohérence.xlsx - Excel,Tâches diverses,2021-04-16,14:57:06,00:00:07
stefano.crapanzano@chu.ulg.ac.be,Règles cohérence.xlsx - Excel,Tâches diverses,2021-04-16,14:57:23,00:00:02
stefano.crapanzano@chu.ulg.ac.be,Règles cohérence.xlsx - Excel,Tâches diverses,2021-04-16,14:57:36,00:00:04
stefano.crapanzano@chu.ulg.ac.be,Règles cohérence.xlsx - Excel,Tâches diverses,2021-04-16,14:58:00,00:00:03
stefano.crapanzano@chu.ulg.ac.be,Règles cohérence.xlsx - Excel,Tâches diverses,2021-04-16,14:58:37,00:00:03
stefano.crapanzano@chu.ulg.ac.be,Règles cohérence.xlsx - Excel,Tâches diverses,2021-04-16,14:58:43,00:00:08
stefano.crapanzano@chu.ulg.ac.be,Règles cohérence.xlsx - Excel,Tâches diverses,2021-04-16,15:00:43,00:00:03
stefano.crapanzano@chu.ulg.ac.be,Règles cohérence.xlsx - Excel,Tâches diverses,2021-04-16,15:00:53,00:00:02
stefano.crapanzano@chu.ulg.ac.be,Règles cohérence.xlsx - Excel,Tâches diverses,2021-04-16,15:01:02,00:00:10
stefano.crapanzano@chu.ulg.ac.be,Règles cohérence.xlsx - Excel,Tâches diverses,2021-04-16,15:03:03,00:00:05
stefano.crapanzano@chu.ulg.ac.be,Règles cohérence.xlsx - Excel,Tâches diverses,2021-04-16,15:03:57,00:00:02
stefano.crapanzano@chu.ulg.ac.be,Règles cohérence.xlsx - Excel,Tâches diverses,2021-04-16,15:04:48,00:00:03
stefano.crapanzano@chu.ulg.ac.be,Règles cohérence.xlsx - Excel,Tâches diverses,2021-04-16,15:05:06,00:00:07
stefano.crapanzano@chu.ulg.ac.be,Règles cohérence.xlsx - Excel,Tâches diverses,2021-04-16,15:05:57,00:00:07
stefano.crapanzano@chu.ulg.ac.be,Règles cohérence.xlsx - Excel,Tâches diverses,2021-04-16,15:06:14,00:00:03
stefano.crapanzano@chu.ulg.ac.be,Règles cohérence.xlsx - Excel,Tâches diverses,2021-04-16,15:07:13,00:00:13
stefano.crapanzano@chu.ulg.ac.be,Règles cohérence.xlsx - Excel,Tâches diverses,2021-04-16,15:07:47,00:00:05
stefano.crapanzano@chu.ulg.ac.be,Règles cohérence.xlsx - Excel,Tâches diverses,2021-04-16,15:08:09,00:00:03
stefano.crapanzano@chu.ulg.ac.be,Règles cohérence.xlsx - Excel,Tâches diverses,2021-04-16,15:08:25,00:00:04
stefano.crapanzano@chu.ulg.ac.be,Règles cohérence.xlsx - Excel,Tâches diverses,2021-04-16,15:08:51,00:00:02
stefano.crapanzano@chu.ulg.ac.be,Règles cohérence.xlsx - Excel,Tâches diverses,2021-04-16,15:09:05,00:00:03
stefano.crapanzano@chu.ulg.ac.be,Règles cohérence.xlsx - Excel,Tâches diverses,2021-04-16,15:09:14,00:00:07
stefano.crapanzano@chu.ulg.ac.be,Règles cohérence.xlsx - Excel,Tâches diverses,2021-04-16,15:10:20,00:00:09
stefano.crapanzano@chu.ulg.ac.be,Règles cohérence.xlsx - Excel,Tâches diverses,2021-04-16,15:10:52,00:00:03
stefano.crapanzano@chu.ulg.ac.be,Règles cohérence.xlsx - Excel,Tâches diverses,2021-04-16,15:11:00,00:00:02
stefano.crapanzano@chu.ulg.ac.be,Règles cohérence.xlsx - Excel,Tâches diverses,2021-04-16,15:11:13,00:00:05
stefano.crapanzano@chu.ulg.ac.be,Règles cohérence.xlsx - Excel,Tâches diverses,2021-04-16,15:11:41,00:00:28
stefano.crapanzano@chu.ulg.ac.be,Règles cohérence.xlsx - Excel,Tâches diverses,2021-04-16,15:12:19,00:00:05
stefano.crapanzano@chu.ulg.ac.be,Règles cohérence.xlsx - Excel,Tâches diverses,2021-04-16,15:12:51,00:00:03
stefano.crapanzano@chu.ulg.ac.be,Règles cohérence.xlsx - Excel,Tâches diverses,2021-04-16,15:13:17,00:00:02
stefano.crapanzano@chu.ulg.ac.be,Règles cohérence.xlsx - Excel,Tâches diverses,2021-04-16,15:33:36,00:00:02
stefano.crapanzano@chu.ulg.ac.be,Règles cohérence.xlsx - Excel,Tâches diverses,2021-04-16,15:38:06,00:00:16
stefano.crapanzano@chu.ulg.ac.be,Règles cohérence.xlsx - Excel,Tâches diverses,2021-04-16,15:51:27,00:00:09
stefano.crapanzano@chu.ulg.ac.be,Règles cohérence.xlsx - Excel,Tâches diverses,2021-04-16,15:52:54,00:00:15
stefano.crapanzano@chu.ulg.ac.be,Règles cohérence.xlsx - Excel,Tâches diverses,2021-04-16,15:53:46,00:00:49
stefano.crapanzano@chu.ulg.ac.be,Règles cohérence.xlsx - Excel,Tâches diverses,2021-04-16,15:54:36,00:01:30
stefano.crapanzano@chu.ulg.ac.be,Règles cohérence.xlsx - Excel,Tâches diverses,2021-04-16,15:56:19,00:01:33
stefano.crapanzano@chu.ulg.ac.be,Règles cohérence.xlsx - Excel,Tâches diverses,2021-04-16,15:59:50,00:00:55
stefano.crapanzano@chu.ulg.ac.be,Règles cohérence.xlsx - Excel,Tâches diverses,2021-04-16,16:01:58,00:05:13
stefano.crapanzano@chu.ulg.ac.be,Règles cohérence.xlsx - Excel,Tâches diverses,2021-04-16,16:35:46,00:00:04
stefano.crapanzano@chu.ulg.ac.be,Règles cohérence.xlsx - Excel,Tâches diverses,2021-04-16,16:36:16,00:00:19
stefano.crapanzano@chu.ulg.ac.be,Règles cohérence.xlsx - Excel,Tâches diverses,2021-04-16,16:43:52,00:03:04
stefano.crapanzano@chu.ulg.ac.be,Règles cohérence.xlsx - Excel,Tâches diverses,2021-04-16,16:48:43,00:03:22
stefano.crapanzano@chu.ulg.ac.be,Règles cohérence.xlsx - Excel,Tâches diverses,2021-04-16,16:55:56,00:01:32
stefano.crapanzano@chu.ulg.ac.be,Règles cohérence.xlsx - Excel,Tâches diverses,2021-04-16,16:58:28,00:00:49
stefano.crapanzano@chu.ulg.ac.be,Comparaison des catalogues - Mozilla Thunderbird,Helpdesk général,2021-04-16,11:00:01,00:00:02
stefano.crapanzano@chu.ulg.ac.be,Comparaison des catalogues - Mozilla Thunderbird,Helpdesk général,2021-04-16,12:59:07,00:00:03
stefano.crapanzano@chu.ulg.ac.be,Rédaction : Re: Comparaison des catalogues - Thunderbird,Helpdesk général,2021-04-16,11:00:04,00:00:15
stefano.crapanzano@chu.ulg.ac.be,Rédaction : Re: Comparaison des catalogues - Thunderbird,Helpdesk général,2021-04-16,11:00:20,00:02:37
stefano.crapanzano@chu.ulg.ac.be,Rédaction : Re: Comparaison des catalogues - Thunderbird,Helpdesk général,2021-04-16,11:02:59,00:00:16
stefano.crapanzano@chu.ulg.ac.be,Rédaction : Re: Comparaison des catalogues - Thunderbird,Helpdesk général,2021-04-16,11:03:41,00:00:02
stefano.crapanzano@chu.ulg.ac.be,Rédaction : Re: Comparaison des catalogues - Thunderbird,Helpdesk général,2021-04-16,11:04:01,00:00:06
stefano.crapanzano@chu.ulg.ac.be,Rédaction : Re: Comparaison des catalogues - Thunderbird,Helpdesk général,2021-04-16,11:05:07,00:00:28
stefano.crapanzano@chu.ulg.ac.be,Rédaction : Re: Comparaison des catalogues - Thunderbird,Helpdesk général,2021-04-16,11:09:18,00:00:39
stefano.crapanzano@chu.ulg.ac.be,Rédaction : Re: Comparaison des catalogues - Thunderbird,Helpdesk général,2021-04-16,11:18:13,00:00:04
stefano.crapanzano@chu.ulg.ac.be,Rédaction : Re: Comparaison des catalogues - Thunderbird,Helpdesk général,2021-04-16,11:18:21,00:00:02
stefano.crapanzano@chu.ulg.ac.be,Rédaction : Re: Comparaison des catalogues - Thunderbird,Helpdesk général,2021-04-16,11:22:06,00:00:04
stefano.crapanzano@chu.ulg.ac.be,Rédaction : Re: Comparaison des catalogues - Thunderbird,Helpdesk général,2021-04-16,11:22:15,00:00:07
stefano.crapanzano@chu.ulg.ac.be,Rédaction : Re: Comparaison des catalogues - Thunderbird,Helpdesk général,2021-04-16,11:23:33,00:00:03
stefano.crapanzano@chu.ulg.ac.be,Rédaction : Re: Comparaison des catalogues - Thunderbird,Helpdesk général,2021-04-16,11:23:42,00:00:16
stefano.crapanzano@chu.ulg.ac.be,Rédaction : Re: Comparaison des catalogues - Thunderbird,Helpdesk général,2021-04-16,11:24:08,00:00:09
stefano.crapanzano@chu.ulg.ac.be,Rédaction : Re: Comparaison des catalogues - Thunderbird,Helpdesk général,2021-04-16,11:24:40,00:01:12
stefano.crapanzano@chu.ulg.ac.be,Rédaction : Re: Comparaison des catalogues - Thunderbird,Helpdesk général,2021-04-16,11:26:18,00:02:30
stefano.crapanzano@chu.ulg.ac.be,Rédaction : Re: Comparaison des catalogues - Thunderbird,Helpdesk général,2021-04-16,11:29:35,00:00:04
stefano.crapanzano@chu.ulg.ac.be,Rédaction : Re: Comparaison des catalogues - Thunderbird,Helpdesk général,2021-04-16,11:41:16,00:00:03
stefano.crapanzano@chu.ulg.ac.be,Rédaction : Re: Comparaison des catalogues - Thunderbird,Helpdesk général,2021-04-16,11:41:26,00:00:28
stefano.crapanzano@chu.ulg.ac.be,Rédaction : Re: Comparaison des catalogues - Thunderbird,Helpdesk général,2021-04-16,11:51:54,00:01:49
stefano.crapanzano@chu.ulg.ac.be,Rédaction : Re: Comparaison des catalogues - Thunderbird,Helpdesk général,2021-04-16,12:46:40,00:00:32
stefano.crapanzano@chu.ulg.ac.be,Rédaction : Re: Comparaison des catalogues - Thunderbird,Helpdesk général,2021-04-16,15:52:06,00:00:06
stefano.crapanzano@chu.ulg.ac.be,Rédaction : Re: Comparaison des catalogues - Thunderbird,Helpdesk général,2021-04-16,15:52:18,00:00:32
stefano.crapanzano@chu.ulg.ac.be,Rédaction : Re: Comparaison des catalogues - Thunderbird,Helpdesk général,2021-04-16,15:53:21,00:00:04
stefano.crapanzano@chu.ulg.ac.be,Joindre les fichiers,Helpdesk général,2021-04-16,11:03:16,00:00:02
stefano.crapanzano@chu.ulg.ac.be,Joindre les fichiers,Helpdesk général,2021-04-16,11:03:20,00:00:20
stefano.crapanzano@chu.ulg.ac.be,Joindre les fichiers,Helpdesk général,2021-04-16,11:18:18,00:00:03
stefano.crapanzano@chu.ulg.ac.be,Joindre les fichiers,Helpdesk général,2021-04-16,11:22:11,00:00:03
stefano.crapanzano@chu.ulg.ac.be,Joindre les fichiers,Helpdesk général,2021-04-16,11:23:36,00:00:06
stefano.crapanzano@chu.ulg.ac.be,Joindre les fichiers,Helpdesk général,2021-04-16,15:52:12,00:00:06
stefano.crapanzano@chu.ulg.ac.be,Rédaction : Fwd: [MON SUIVI] : Blocage de SSP du 29/4 au 3/5 - Thunderbird,Helpdesk général,2021-04-16,11:07:05,00:01:39
stefano.crapanzano@chu.ulg.ac.be,Rédaction : Fwd: [MON SUIVI] : Blocage de SSP du 29/4 au 3/5 - Thunderbird,Helpdesk général,2021-04-16,11:08:47,00:00:06
stefano.crapanzano@chu.ulg.ac.be,Envoi du message - Fwd: [MON SUIVI] : Blocage de SSP du 29/4 au 3/5,Helpdesk général,2021-04-16,11:09:08,00:00:02
stefano.crapanzano@chu.ulg.ac.be,Envoi du message - Re: Comparaison des catalogues,Helpdesk général,2021-04-16,11:29:44,00:00:02
stefano.crapanzano@chu.ulg.ac.be,Envoyés - erp.sai@chuliege.be - Mozilla Thunderbird,Helpdesk général,2021-04-16,11:29:52,00:00:40
stefano.crapanzano@chu.ulg.ac.be,Envoyés - erp.sai@chuliege.be - Mozilla Thunderbird,Helpdesk général,2021-04-16,11:30:59,00:00:20
stefano.crapanzano@chu.ulg.ac.be,Envoyés - erp.sai@chuliege.be - Mozilla Thunderbird,Helpdesk général,2021-04-16,11:35:36,00:00:50
stefano.crapanzano@chu.ulg.ac.be,Envoyés - erp.sai@chuliege.be - Mozilla Thunderbird,Helpdesk général,2021-04-16,11:54:01,00:00:08
stefano.crapanzano@chu.ulg.ac.be,Envoyés - erp.sai@chuliege.be - Mozilla Thunderbird,Helpdesk général,2021-04-16,12:04:00,00:01:03
stefano.crapanzano@chu.ulg.ac.be,Envoyés - erp.sai@chuliege.be - Mozilla Thunderbird,Helpdesk général,2021-04-16,12:11:05,00:00:32
stefano.crapanzano@chu.ulg.ac.be,Envoyés - erp.sai@chuliege.be - Mozilla Thunderbird,Helpdesk général,2021-04-16,12:12:29,00:00:54
stefano.crapanzano@chu.ulg.ac.be,Envoyés - erp.sai@chuliege.be - Mozilla Thunderbird,Helpdesk général,2021-04-16,12:20:25,00:02:08
stefano.crapanzano@chu.ulg.ac.be,Envoyés - erp.sai@chuliege.be - Mozilla Thunderbird,Helpdesk général,2021-04-16,12:26:02,00:01:16
stefano.crapanzano@chu.ulg.ac.be,Envoyés - erp.sai@chuliege.be - Mozilla Thunderbird,Helpdesk général,2021-04-16,12:47:22,00:00:14
stefano.crapanzano@chu.ulg.ac.be,Envoyés - erp.sai@chuliege.be - Mozilla Thunderbird,Helpdesk général,2021-04-16,14:05:11,00:00:06
stefano.crapanzano@chu.ulg.ac.be,Envoyés - erp.sai@chuliege.be - Mozilla Thunderbird,Helpdesk général,2021-04-16,15:53:33,00:00:11
stefano.crapanzano@chu.ulg.ac.be,Envoyés - erp.sai@chuliege.be - Mozilla Thunderbird,Helpdesk général,2021-04-16,16:35:33,00:00:02
stefano.crapanzano@chu.ulg.ac.be,SAP GUI for Windows 750,Exploration SAP,2021-04-16,11:57:01,00:00:03
stefano.crapanzano@chu.ulg.ac.be,Brouillons - erp.sai@chuliege.be - Mozilla Thunderbird,Helpdesk général,2021-04-16,12:20:12,00:00:09
stefano.crapanzano@chu.ulg.ac.be,Notification par courrier électronique,Helpdesk général,2021-04-16,12:46:30,00:00:02
stefano.crapanzano@chu.ulg.ac.be,Agenda - Mozilla Thunderbird,Helpdesk général,2021-04-16,12:58:52,00:00:06
stefano.crapanzano@chu.ulg.ac.be,Agenda - Mozilla Thunderbird,Helpdesk général,2021-04-16,12:59:00,00:00:06
stefano.crapanzano@chu.ulg.ac.be,Bureau - Google Sheets - Google Chrome,Tâches diverses,2021-04-16,13:15:01,00:02:30
stefano.crapanzano@chu.ulg.ac.be,SAM-DB : Blocage de SSP du 29/4 au 3/5 - Google Chrome,Tâches diverses,2021-04-16,13:17:43,00:00:38
stefano.crapanzano@chu.ulg.ac.be,P203 CHU GOAL - Blocage de SSP pendant plusieurs jours - Bienvenue! Vous pouvez poser une demande de Service Desk ERP for HealthCare parmi les options fournies. - Service d'assistance - Google Chrome,Tâches diverses,2021-04-16,13:18:32,00:00:03
stefano.crapanzano@chu.ulg.ac.be,Demandes - Service d'assistance - Google Chrome,Tâches diverses,2021-04-16,13:18:36,00:00:14
stefano.crapanzano@chu.ulg.ac.be,Demandes - Service d'assistance - Google Chrome,Tâches diverses,2021-04-16,13:18:56,00:00:07
stefano.crapanzano@chu.ulg.ac.be,P203 CHU GOAL - Ajout de la table AUSP dans extract BI - Bienvenue! Vous pouvez poser une demande de Service Desk ERP for HealthCare parmi les options fournies. - Service d'assistance - Google Chrome,Tâches diverses,2021-04-16,13:18:50,00:00:06
stefano.crapanzano@chu.ulg.ac.be,Afficher article 600876 (ARTICLE WM non valorisé),Exploration SAP,2021-04-16,13:20:37,00:00:08
stefano.crapanzano@chu.ulg.ac.be,Afficher article 600764 (ARTICLE WM Stock),Exploration SAP,2021-04-16,13:20:54,00:00:06
stefano.crapanzano@chu.ulg.ac.be,Afficher article 500217 (ARTICLE WM Stock),Exploration SAP,2021-04-16,13:21:07,00:00:55
stefano.crapanzano@chu.ulg.ac.be,Afficher article 500217 (ARTICLE WM Stock),Exploration SAP,2021-04-16,13:22:04,00:00:50
stefano.crapanzano@chu.ulg.ac.be,Commercial 295 Entrées,Exploration SAP,2021-04-16,13:22:02,00:00:02
stefano.crapanzano@chu.ulg.ac.be,Afficher article 501109 (ARTICLE WM Stock),Exploration SAP,2021-04-16,13:23:39,00:00:03
stefano.crapanzano@chu.ulg.ac.be,Programmation,IT,2021-04-16,13:26:22,00:00:12
stefano.crapanzano@chu.ulg.ac.be,Programmation,IT,2021-04-16,13:27:14,00:00:19
stefano.crapanzano@chu.ulg.ac.be,Afficher article 800821 (ARTICLE non Stock),Exploration SAP,2021-04-16,13:30:27,00:00:08
stefano.crapanzano@chu.ulg.ac.be,Afficher article 800821 (ARTICLE non Stock),Exploration SAP,2021-04-16,13:30:43,00:00:02
stefano.crapanzano@chu.ulg.ac.be,Afficher article 500620 (ARTICLE WM Stock),Exploration SAP,2021-04-16,13:30:49,00:01:15
stefano.crapanzano@chu.ulg.ac.be,Afficher article 500620 (ARTICLE WM Stock),Exploration SAP,2021-04-16,13:32:30,00:00:09
stefano.crapanzano@chu.ulg.ac.be,Afficher article 500620 (ARTICLE WM Stock),Exploration SAP,2021-04-16,13:32:47,00:00:02
stefano.crapanzano@chu.ulg.ac.be,Afficher article 500620 (ARTICLE WM Stock),Exploration SAP,2021-04-16,13:49:05,00:00:31
stefano.crapanzano@chu.ulg.ac.be,Afficher article 500840 (ARTICLE WM Stock),Exploration SAP,2021-04-16,13:32:55,00:00:04
stefano.crapanzano@chu.ulg.ac.be,Afficher article 502086 (ARTICLE WM Stock),Exploration SAP,2021-04-16,13:33:09,00:00:03
stefano.crapanzano@chu.ulg.ac.be,Afficher article 502086 (ARTICLE WM Stock),Exploration SAP,2021-04-16,13:48:54,00:00:02
stefano.crapanzano@chu.ulg.ac.be,Afficher article 502454 (ARTICLE WM Stock),Exploration SAP,2021-04-16,13:33:22,00:00:03
stefano.crapanzano@chu.ulg.ac.be,Afficher article 502454 (ARTICLE WM Stock),Exploration SAP,2021-04-16,13:34:16,00:00:04
stefano.crapanzano@chu.ulg.ac.be,Afficher article 502454 (ARTICLE WM Stock),Exploration SAP,2021-04-16,13:48:40,00:00:06
stefano.crapanzano@chu.ulg.ac.be,Insérer et coller,Tâches diverses,2021-04-16,14:10:16,00:00:04
stefano.crapanzano@chu.ulg.ac.be,Insérer et coller,Tâches diverses,2021-04-16,14:37:38,00:00:02
stefano.crapanzano@chu.ulg.ac.be,Rechercher et remplacer,Tâches diverses,2021-04-16,14:30:05,00:00:09
stefano.crapanzano@chu.ulg.ac.be,Rechercher et remplacer,Tâches diverses,2021-04-16,14:30:30,00:00:08
stefano.crapanzano@chu.ulg.ac.be,Rechercher et remplacer,Tâches diverses,2021-04-16,14:30:45,00:00:07
stefano.crapanzano@chu.ulg.ac.be,Rechercher et remplacer,Tâches diverses,2021-04-16,14:31:43,00:00:12
stefano.crapanzano@chu.ulg.ac.be,Rechercher et remplacer,Tâches diverses,2021-04-16,14:31:56,00:00:08
stefano.crapanzano@chu.ulg.ac.be,Rechercher et remplacer,Tâches diverses,2021-04-16,14:32:09,00:00:08
stefano.crapanzano@chu.ulg.ac.be,Programmation,IT,2021-04-16,14:33:50,00:00:33
stefano.crapanzano@chu.ulg.ac.be,Programmation,IT,2021-04-16,14:34:47,00:00:04
stefano.crapanzano@chu.ulg.ac.be,Programmation,IT,2021-04-16,14:35:03,00:00:06
stefano.crapanzano@chu.ulg.ac.be,Programmation,IT,2021-04-16,14:35:10,00:00:03
stefano.crapanzano@chu.ulg.ac.be,Programmation,IT,2021-04-16,14:35:15,00:00:02
stefano.crapanzano@chu.ulg.ac.be,Programmation,IT,2021-04-16,14:35:21,00:00:04
stefano.crapanzano@chu.ulg.ac.be,Programmation,IT,2021-04-16,14:35:28,00:00:02
stefano.crapanzano@chu.ulg.ac.be,Programmation,IT,2021-04-16,14:35:43,00:00:17
stefano.crapanzano@chu.ulg.ac.be,Programmation,IT,2021-04-16,14:36:13,00:00:08
stefano.crapanzano@chu.ulg.ac.be,Programmation,IT,2021-04-16,14:36:23,00:00:12
stefano.crapanzano@chu.ulg.ac.be,Programmation,IT,2021-04-16,14:36:42,00:00:11
stefano.crapanzano@chu.ulg.ac.be,Programmation,IT,2021-04-16,14:39:05,00:00:10
stefano.crapanzano@chu.ulg.ac.be,Programmation,IT,2021-04-16,14:48:02,00:00:05
stefano.crapanzano@chu.ulg.ac.be,Programmation,IT,2021-04-16,14:48:36,00:01:07
stefano.crapanzano@chu.ulg.ac.be,Programmation,IT,2021-04-16,14:49:50,00:00:15
stefano.crapanzano@chu.ulg.ac.be,Programmation,IT,2021-04-16,14:50:15,00:00:12
stefano.crapanzano@chu.ulg.ac.be,Programmation,IT,2021-04-16,14:50:30,00:01:28
stefano.crapanzano@chu.ulg.ac.be,Programmation,IT,2021-04-16,14:52:01,00:00:14
stefano.crapanzano@chu.ulg.ac.be,Programmation,IT,2021-04-16,14:52:20,00:00:48
stefano.crapanzano@chu.ulg.ac.be,Programmation,IT,2021-04-16,14:53:25,00:00:49
stefano.crapanzano@chu.ulg.ac.be,Programmation,IT,2021-04-16,14:54:17,00:00:08
stefano.crapanzano@chu.ulg.ac.be,Programmation,IT,2021-04-16,14:54:33,00:00:19
stefano.crapanzano@chu.ulg.ac.be,Programmation,IT,2021-04-16,14:55:01,00:02:04
stefano.crapanzano@chu.ulg.ac.be,Programmation,IT,2021-04-16,14:57:13,00:00:10
stefano.crapanzano@chu.ulg.ac.be,Programmation,IT,2021-04-16,14:57:25,00:00:11
stefano.crapanzano@chu.ulg.ac.be,Programmation,IT,2021-04-16,14:57:41,00:00:18
stefano.crapanzano@chu.ulg.ac.be,Programmation,IT,2021-04-16,14:58:03,00:00:33
stefano.crapanzano@chu.ulg.ac.be,Programmation,IT,2021-04-16,14:58:40,00:00:03
stefano.crapanzano@chu.ulg.ac.be,Programmation,IT,2021-04-16,14:58:52,00:01:51
stefano.crapanzano@chu.ulg.ac.be,Programmation,IT,2021-04-16,15:00:46,00:00:06
stefano.crapanzano@chu.ulg.ac.be,Programmation,IT,2021-04-16,15:00:55,00:00:06
stefano.crapanzano@chu.ulg.ac.be,Programmation,IT,2021-04-16,15:01:13,00:01:50
stefano.crapanzano@chu.ulg.ac.be,Programmation,IT,2021-04-16,15:03:09,00:00:48
stefano.crapanzano@chu.ulg.ac.be,Programmation,IT,2021-04-16,15:04:00,00:00:48
stefano.crapanzano@chu.ulg.ac.be,Programmation,IT,2021-04-16,15:04:52,00:00:14
stefano.crapanzano@chu.ulg.ac.be,Programmation,IT,2021-04-16,15:05:13,00:00:39
stefano.crapanzano@chu.ulg.ac.be,Programmation,IT,2021-04-16,15:05:54,00:00:03
stefano.crapanzano@chu.ulg.ac.be,Programmation,IT,2021-04-16,15:06:04,00:00:10
stefano.crapanzano@chu.ulg.ac.be,Programmation,IT,2021-04-16,15:06:18,00:00:55
stefano.crapanzano@chu.ulg.ac.be,Programmation,IT,2021-04-16,15:07:26,00:00:21
stefano.crapanzano@chu.ulg.ac.be,Programmation,IT,2021-04-16,15:07:53,00:00:15
stefano.crapanzano@chu.ulg.ac.be,Programmation,IT,2021-04-16,15:08:12,00:00:13
stefano.crapanzano@chu.ulg.ac.be,Programmation,IT,2021-04-16,15:08:30,00:00:21
stefano.crapanzano@chu.ulg.ac.be,Programmation,IT,2021-04-16,15:08:53,00:00:11
stefano.crapanzano@chu.ulg.ac.be,Programmation,IT,2021-04-16,15:09:08,00:00:05
stefano.crapanzano@chu.ulg.ac.be,Programmation,IT,2021-04-16,15:09:21,00:00:59
stefano.crapanzano@chu.ulg.ac.be,Programmation,IT,2021-04-16,15:10:30,00:00:22
stefano.crapanzano@chu.ulg.ac.be,Programmation,IT,2021-04-16,15:10:55,00:00:04
stefano.crapanzano@chu.ulg.ac.be,Programmation,IT,2021-04-16,15:11:02,00:00:11
stefano.crapanzano@chu.ulg.ac.be,Programmation,IT,2021-04-16,15:11:19,00:00:22
stefano.crapanzano@chu.ulg.ac.be,Programmation,IT,2021-04-16,15:12:10,00:00:08
stefano.crapanzano@chu.ulg.ac.be,Programmation,IT,2021-04-16,15:12:25,00:00:26
stefano.crapanzano@chu.ulg.ac.be,Programmation,IT,2021-04-16,15:12:55,00:00:22
stefano.crapanzano@chu.ulg.ac.be,Programmation,IT,2021-04-16,15:13:19,00:11:33
stefano.crapanzano@chu.ulg.ac.be,Programmation,IT,2021-04-16,15:24:54,00:02:46
stefano.crapanzano@chu.ulg.ac.be,Programmation,IT,2021-04-16,15:28:44,00:01:22
stefano.crapanzano@chu.ulg.ac.be,Programmation,IT,2021-04-16,15:30:24,00:00:23
stefano.crapanzano@chu.ulg.ac.be,Programmation,IT,2021-04-16,15:30:55,00:00:17
stefano.crapanzano@chu.ulg.ac.be,Programmation,IT,2021-04-16,15:31:45,00:00:05
stefano.crapanzano@chu.ulg.ac.be,Programmation,IT,2021-04-16,15:31:51,00:01:44
stefano.crapanzano@chu.ulg.ac.be,Programmation,IT,2021-04-16,15:33:38,00:04:27
stefano.crapanzano@chu.ulg.ac.be,Programmation,IT,2021-04-16,15:38:23,00:07:04
stefano.crapanzano@chu.ulg.ac.be,Programmation,IT,2021-04-16,15:45:52,00:05:35
stefano.crapanzano@chu.ulg.ac.be,Programmation,IT,2021-04-16,15:56:06,00:00:12
stefano.crapanzano@chu.ulg.ac.be,Programmation,IT,2021-04-16,15:57:52,00:01:57
stefano.crapanzano@chu.ulg.ac.be,Programmation,IT,2021-04-16,16:00:45,00:01:11
stefano.crapanzano@chu.ulg.ac.be,Programmation,IT,2021-04-16,16:07:11,00:01:39
stefano.crapanzano@chu.ulg.ac.be,Programmation,IT,2021-04-16,16:10:18,00:06:54
stefano.crapanzano@chu.ulg.ac.be,Programmation,IT,2021-04-16,16:17:19,00:00:09
stefano.crapanzano@chu.ulg.ac.be,Programmation,IT,2021-04-16,16:17:30,00:00:33
stefano.crapanzano@chu.ulg.ac.be,Programmation,IT,2021-04-16,16:18:51,00:00:06
stefano.crapanzano@chu.ulg.ac.be,Programmation,IT,2021-04-16,16:19:04,00:00:39
stefano.crapanzano@chu.ulg.ac.be,Programmation,IT,2021-04-16,16:20:28,00:00:49
stefano.crapanzano@chu.ulg.ac.be,Programmation,IT,2021-04-16,16:22:19,00:03:14
stefano.crapanzano@chu.ulg.ac.be,Programmation,IT,2021-04-16,16:26:03,00:00:38
stefano.crapanzano@chu.ulg.ac.be,Programmation,IT,2021-04-16,16:27:36,00:05:27
stefano.crapanzano@chu.ulg.ac.be,Programmation,IT,2021-04-16,16:33:26,00:01:29
stefano.crapanzano@chu.ulg.ac.be,Programmation,IT,2021-04-16,16:35:52,00:00:16
stefano.crapanzano@chu.ulg.ac.be,Programmation,IT,2021-04-16,16:36:12,00:00:03
stefano.crapanzano@chu.ulg.ac.be,Programmation,IT,2021-04-16,16:41:06,00:00:24
stefano.crapanzano@chu.ulg.ac.be,*new 3 - Notepad++ [Administrator],IT,2021-04-16,14:48:14,00:00:04
stefano.crapanzano@chu.ulg.ac.be,data:  - Google Chrome,Tâches diverses,2021-04-16,15:30:47,00:00:02
stefano.crapanzano@chu.ulg.ac.be,Server Error (500) - Google Chrome,Tâches diverses,2021-04-16,15:30:49,00:00:05
stefano.crapanzano@chu.ulg.ac.be,pycharm launch debug with special setting - Recherche Google - Google Chrome,Tâches diverses,2021-04-16,16:18:14,00:00:08
stefano.crapanzano@chu.ulg.ac.be,pycharm launch debug with special setting django - Recherche Google - Google Chrome,Tâches diverses,2021-04-16,16:18:23,00:00:04
stefano.crapanzano@chu.ulg.ac.be,pycharm launch unittest debug with special setting django - Recherche Google - Google Chrome,Tâches diverses,2021-04-16,16:18:28,00:00:06
stefano.crapanzano@chu.ulg.ac.be,pycharm launch unittest debug with special setting django - Recherche Google - Google Chrome,Tâches diverses,2021-04-16,16:21:20,00:00:15
stefano.crapanzano@chu.ulg.ac.be,Run/Debug Configuration: Python Unit Test | PyCharm - Google Chrome,Tâches diverses,2021-04-16,16:18:34,00:00:17
stefano.crapanzano@chu.ulg.ac.be,Run/Debug Configuration: Python Unit Test | PyCharm - Google Chrome,Tâches diverses,2021-04-16,16:18:58,00:00:04
stefano.crapanzano@chu.ulg.ac.be,python 3.x - How to fix  TypeError: argument of type 'ConnectionHandler' is not iterable  when running a django test? - Stack Overflow - Google Chrome,Tâches diverses,2021-04-16,16:19:48,00:00:37
stefano.crapanzano@chu.ulg.ac.be,django pycharm unittest specific manage.py - Recherche Google - Google Chrome,Tâches diverses,2021-04-16,16:21:35,00:00:02
stefano.crapanzano@chu.ulg.ac.be,python - Setting pycharm run django unittest - Stack Overflow - Google Chrome,Tâches diverses,2021-04-16,16:21:38,00:00:39
