Email,Description,Project,Start date,Start time,Duration
stefano.crapanzano@chu.ulg.ac.be,Administrateur : Perl (command line) - python  main.py,IT,2021-04-14,08:40:36,00:00:02
stefano.crapanzano@chu.ulg.ac.be,Navigation système de fichier,IT,2021-04-14,08:40:39,00:00:02
stefano.crapanzano@chu.ulg.ac.be,Navigation système de fichier,IT,2021-04-14,08:46:32,00:00:19
stefano.crapanzano@chu.ulg.ac.be,Navigation système de fichier,IT,2021-04-14,09:26:47,00:01:18
stefano.crapanzano@chu.ulg.ac.be,Navigation système de fichier,IT,2021-04-14,09:28:09,00:00:04
stefano.crapanzano@chu.ulg.ac.be,Navigation système de fichier,IT,2021-04-14,09:28:19,00:00:06
stefano.crapanzano@chu.ulg.ac.be,Navigation système de fichier,IT,2021-04-14,09:28:55,00:00:05
stefano.crapanzano@chu.ulg.ac.be,Navigation système de fichier,IT,2021-04-14,09:29:28,00:00:11
stefano.crapanzano@chu.ulg.ac.be,Navigation système de fichier,IT,2021-04-14,09:29:52,00:00:03
stefano.crapanzano@chu.ulg.ac.be,Navigation système de fichier,IT,2021-04-14,09:30:21,00:00:12
stefano.crapanzano@chu.ulg.ac.be,Navigation système de fichier,IT,2021-04-14,09:32:29,00:00:02
stefano.crapanzano@chu.ulg.ac.be,Navigation système de fichier,IT,2021-04-14,09:33:06,00:00:12
stefano.crapanzano@chu.ulg.ac.be,Navigation système de fichier,IT,2021-04-14,09:33:54,00:00:11
stefano.crapanzano@chu.ulg.ac.be,Navigation système de fichier,IT,2021-04-14,09:34:21,00:00:02
stefano.crapanzano@chu.ulg.ac.be,Navigation système de fichier,IT,2021-04-14,09:34:24,00:00:13
stefano.crapanzano@chu.ulg.ac.be,Navigation système de fichier,IT,2021-04-14,09:34:47,00:00:15
stefano.crapanzano@chu.ulg.ac.be,Navigation système de fichier,IT,2021-04-14,09:35:07,00:00:06
stefano.crapanzano@chu.ulg.ac.be,Navigation système de fichier,IT,2021-04-14,09:36:25,00:01:25
stefano.crapanzano@chu.ulg.ac.be,Navigation système de fichier,IT,2021-04-14,09:38:14,00:00:05
stefano.crapanzano@chu.ulg.ac.be,Navigation système de fichier,IT,2021-04-14,09:41:18,00:00:15
stefano.crapanzano@chu.ulg.ac.be,Navigation système de fichier,IT,2021-04-14,09:42:53,00:00:14
stefano.crapanzano@chu.ulg.ac.be,Navigation système de fichier,IT,2021-04-14,09:44:02,00:00:08
stefano.crapanzano@chu.ulg.ac.be,Navigation système de fichier,IT,2021-04-14,09:45:15,00:00:03
stefano.crapanzano@chu.ulg.ac.be,Navigation système de fichier,IT,2021-04-14,09:46:01,00:00:04
stefano.crapanzano@chu.ulg.ac.be,Navigation système de fichier,IT,2021-04-14,09:46:27,00:00:05
stefano.crapanzano@chu.ulg.ac.be,Navigation système de fichier,IT,2021-04-14,09:46:34,00:00:02
stefano.crapanzano@chu.ulg.ac.be,Navigation système de fichier,IT,2021-04-14,09:46:39,00:00:03
stefano.crapanzano@chu.ulg.ac.be,Navigation système de fichier,IT,2021-04-14,09:46:43,00:00:02
stefano.crapanzano@chu.ulg.ac.be,Navigation système de fichier,IT,2021-04-14,09:46:50,00:00:02
stefano.crapanzano@chu.ulg.ac.be,Navigation système de fichier,IT,2021-04-14,10:16:31,00:00:02
stefano.crapanzano@chu.ulg.ac.be,Navigation système de fichier,IT,2021-04-14,10:17:38,00:00:03
stefano.crapanzano@chu.ulg.ac.be,Navigation système de fichier,IT,2021-04-14,10:18:58,00:00:18
stefano.crapanzano@chu.ulg.ac.be,Navigation système de fichier,IT,2021-04-14,10:19:31,00:00:04
stefano.crapanzano@chu.ulg.ac.be,Navigation système de fichier,IT,2021-04-14,10:19:40,00:00:02
stefano.crapanzano@chu.ulg.ac.be,Navigation système de fichier,IT,2021-04-14,10:19:45,00:00:02
stefano.crapanzano@chu.ulg.ac.be,Navigation système de fichier,IT,2021-04-14,10:19:54,00:00:02
stefano.crapanzano@chu.ulg.ac.be,Navigation système de fichier,IT,2021-04-14,10:20:23,00:00:02
stefano.crapanzano@chu.ulg.ac.be,Navigation système de fichier,IT,2021-04-14,10:20:38,00:00:02
stefano.crapanzano@chu.ulg.ac.be,Navigation système de fichier,IT,2021-04-14,10:20:50,00:00:02
stefano.crapanzano@chu.ulg.ac.be,Navigation système de fichier,IT,2021-04-14,10:44:04,00:00:02
stefano.crapanzano@chu.ulg.ac.be,Navigation système de fichier,IT,2021-04-14,10:48:31,00:00:12
stefano.crapanzano@chu.ulg.ac.be,Navigation système de fichier,IT,2021-04-14,10:49:11,00:00:02
stefano.crapanzano@chu.ulg.ac.be,Navigation système de fichier,IT,2021-04-14,10:50:56,00:00:02
stefano.crapanzano@chu.ulg.ac.be,Navigation système de fichier,IT,2021-04-14,10:53:58,00:00:02
stefano.crapanzano@chu.ulg.ac.be,Navigation système de fichier,IT,2021-04-14,10:54:22,00:00:02
stefano.crapanzano@chu.ulg.ac.be,Navigation système de fichier,IT,2021-04-14,10:57:25,00:00:03
stefano.crapanzano@chu.ulg.ac.be,Navigation système de fichier,IT,2021-04-14,11:06:06,00:00:03
stefano.crapanzano@chu.ulg.ac.be,Navigation système de fichier,IT,2021-04-14,11:43:10,00:00:02
stefano.crapanzano@chu.ulg.ac.be,Navigation système de fichier,IT,2021-04-14,11:48:19,00:00:04
stefano.crapanzano@chu.ulg.ac.be,Navigation système de fichier,IT,2021-04-14,12:06:43,00:00:05
stefano.crapanzano@chu.ulg.ac.be,Navigation système de fichier,IT,2021-04-14,12:08:21,00:00:02
stefano.crapanzano@chu.ulg.ac.be,Navigation système de fichier,IT,2021-04-14,12:08:41,00:00:05
stefano.crapanzano@chu.ulg.ac.be,Navigation système de fichier,IT,2021-04-14,12:44:46,00:00:02
stefano.crapanzano@chu.ulg.ac.be,Navigation système de fichier,IT,2021-04-14,12:44:53,00:00:02
stefano.crapanzano@chu.ulg.ac.be,Navigation système de fichier,IT,2021-04-14,13:50:34,00:00:03
stefano.crapanzano@chu.ulg.ac.be,Navigation système de fichier,IT,2021-04-14,14:07:35,00:00:02
stefano.crapanzano@chu.ulg.ac.be,Navigation système de fichier,IT,2021-04-14,14:07:42,00:00:02
stefano.crapanzano@chu.ulg.ac.be,Navigation système de fichier,IT,2021-04-14,15:50:09,00:00:02
stefano.crapanzano@chu.ulg.ac.be,Navigation système de fichier,IT,2021-04-14,16:02:53,00:00:02
stefano.crapanzano@chu.ulg.ac.be,Navigation système de fichier,IT,2021-04-14,16:03:36,00:00:02
stefano.crapanzano@chu.ulg.ac.be,Navigation système de fichier,IT,2021-04-14,16:03:43,00:00:02
stefano.crapanzano@chu.ulg.ac.be,Navigation système de fichier,IT,2021-04-14,16:32:53,00:00:02
stefano.crapanzano@chu.ulg.ac.be,Navigation système de fichier,IT,2021-04-14,16:36:52,00:00:02
stefano.crapanzano@chu.ulg.ac.be,Navigation système de fichier,IT,2021-04-14,16:42:44,00:00:02
stefano.crapanzano@chu.ulg.ac.be,Navigation système de fichier,IT,2021-04-14,16:46:57,00:00:02
stefano.crapanzano@chu.ulg.ac.be,Navigation système de fichier,IT,2021-04-14,16:51:07,00:00:03
stefano.crapanzano@chu.ulg.ac.be,Navigation système de fichier,IT,2021-04-14,16:54:40,00:00:17
stefano.crapanzano@chu.ulg.ac.be,Boîte de Réception - Zimbra - Stefano Crapanzano - Outlook,Helpdesk général,2021-04-14,08:40:41,00:00:04
stefano.crapanzano@chu.ulg.ac.be,Boîte de Réception - Zimbra - Stefano Crapanzano - Outlook,Helpdesk général,2021-04-14,08:40:52,00:00:16
stefano.crapanzano@chu.ulg.ac.be,Boîte de Réception - Zimbra - Stefano Crapanzano - Outlook,Helpdesk général,2021-04-14,08:42:07,00:00:05
stefano.crapanzano@chu.ulg.ac.be,Boîte de Réception - Zimbra - Stefano Crapanzano - Outlook,Helpdesk général,2021-04-14,08:42:14,00:00:04
stefano.crapanzano@chu.ulg.ac.be,Boîte de Réception - Zimbra - Stefano Crapanzano - Outlook,Helpdesk général,2021-04-14,08:42:20,00:00:04
stefano.crapanzano@chu.ulg.ac.be,Boîte de Réception - Zimbra - Stefano Crapanzano - Outlook,Helpdesk général,2021-04-14,08:42:31,00:00:44
stefano.crapanzano@chu.ulg.ac.be,Boîte de Réception - Zimbra - Stefano Crapanzano - Outlook,Helpdesk général,2021-04-14,08:44:37,00:00:32
stefano.crapanzano@chu.ulg.ac.be,Boîte de Réception - Zimbra - Stefano Crapanzano - Outlook,Helpdesk général,2021-04-14,08:46:16,00:00:14
stefano.crapanzano@chu.ulg.ac.be,Boîte de Réception - Zimbra - Stefano Crapanzano - Outlook,Helpdesk général,2021-04-14,08:46:52,00:00:08
stefano.crapanzano@chu.ulg.ac.be,Boîte de Réception - Zimbra - Stefano Crapanzano - Outlook,Helpdesk général,2021-04-14,08:49:29,00:37:18
stefano.crapanzano@chu.ulg.ac.be,Boîte de Réception - Zimbra - Stefano Crapanzano - Outlook,Tâches diverses,2021-04-14,09:39:52,00:00:22
stefano.crapanzano@chu.ulg.ac.be,Boîte de Réception - Zimbra - Stefano Crapanzano - Outlook,Helpdesk général,2021-04-14,09:40:16,00:00:02
stefano.crapanzano@chu.ulg.ac.be,Boîte de Réception - Zimbra - Stefano Crapanzano - Outlook,Helpdesk général,2021-04-14,09:40:23,00:00:13
stefano.crapanzano@chu.ulg.ac.be,Boîte de Réception - Zimbra - Stefano Crapanzano - Outlook,Helpdesk général,2021-04-14,09:40:46,00:00:06
stefano.crapanzano@chu.ulg.ac.be,Boîte de Réception - Zimbra - Stefano Crapanzano - Outlook,Helpdesk général,2021-04-14,09:45:18,00:00:04
stefano.crapanzano@chu.ulg.ac.be,Boîte de Réception - Zimbra - Stefano Crapanzano - Outlook,Helpdesk général,2021-04-14,09:45:25,00:00:35
stefano.crapanzano@chu.ulg.ac.be,Boîte de Réception - Zimbra - Stefano Crapanzano - Outlook,Helpdesk général,2021-04-14,10:03:03,00:00:16
stefano.crapanzano@chu.ulg.ac.be,Boîte de Réception - Zimbra - Stefano Crapanzano - Outlook,Helpdesk général,2021-04-14,10:13:33,00:00:32
stefano.crapanzano@chu.ulg.ac.be,Boîte de Réception - Zimbra - Stefano Crapanzano - Outlook,Helpdesk général,2021-04-14,10:14:08,00:00:03
stefano.crapanzano@chu.ulg.ac.be,Boîte de Réception - Zimbra - Stefano Crapanzano - Outlook,Helpdesk général,2021-04-14,10:49:25,00:00:08
stefano.crapanzano@chu.ulg.ac.be,Boîte de Réception - Zimbra - Stefano Crapanzano - Outlook,Helpdesk général,2021-04-14,10:55:52,00:00:06
stefano.crapanzano@chu.ulg.ac.be,Boîte de Réception - Zimbra - Stefano Crapanzano - Outlook,Helpdesk général,2021-04-14,11:11:45,00:00:07
stefano.crapanzano@chu.ulg.ac.be,Boîte de Réception - Zimbra - Stefano Crapanzano - Outlook,Helpdesk général,2021-04-14,11:30:17,00:00:02
stefano.crapanzano@chu.ulg.ac.be,Boîte de Réception - Zimbra - Stefano Crapanzano - Outlook,Helpdesk général,2021-04-14,12:44:22,00:00:07
stefano.crapanzano@chu.ulg.ac.be,Boîte de Réception - Zimbra - Stefano Crapanzano - Outlook,Helpdesk général,2021-04-14,13:06:09,00:00:03
stefano.crapanzano@chu.ulg.ac.be,Boîte de Réception - Zimbra - Stefano Crapanzano - Outlook,Helpdesk général,2021-04-14,13:50:05,00:00:02
stefano.crapanzano@chu.ulg.ac.be,Boîte de Réception - Zimbra - Stefano Crapanzano - Outlook,Helpdesk général,2021-04-14,15:54:46,00:01:59
stefano.crapanzano@chu.ulg.ac.be,Boîte de Réception - Zimbra - Stefano Crapanzano - Outlook,Helpdesk général,2021-04-14,16:02:55,00:00:02
stefano.crapanzano@chu.ulg.ac.be,Boîte de Réception - Zimbra - Stefano Crapanzano - Outlook,Helpdesk général,2021-04-14,16:03:01,00:00:03
stefano.crapanzano@chu.ulg.ac.be,Boîte de réception - erp.sai@chuliege.be - Outlook,Helpdesk général,2021-04-14,08:40:45,00:00:06
stefano.crapanzano@chu.ulg.ac.be,Boîte de réception - erp.sai@chuliege.be - Outlook,Helpdesk général,2021-04-14,09:40:19,00:00:04
stefano.crapanzano@chu.ulg.ac.be,Boîte de réception - erp.sai@chuliege.be - Outlook,Helpdesk général,2021-04-14,09:45:23,00:00:02
stefano.crapanzano@chu.ulg.ac.be,Boîte de réception - erp.sai@chuliege.be - Outlook,Helpdesk général,2021-04-14,10:03:20,00:00:09
stefano.crapanzano@chu.ulg.ac.be,Boîte de réception - erp.sai@chuliege.be - Outlook,Helpdesk général,2021-04-14,10:03:34,00:01:18
stefano.crapanzano@chu.ulg.ac.be,Boîte de réception - erp.sai@chuliege.be - Outlook,Helpdesk général,2021-04-14,10:04:53,00:00:05
stefano.crapanzano@chu.ulg.ac.be,Boîte de réception - erp.sai@chuliege.be - Outlook,Helpdesk général,2021-04-14,10:13:31,00:00:02
stefano.crapanzano@chu.ulg.ac.be,Boîte de réception - erp.sai@chuliege.be - Outlook,Helpdesk général,2021-04-14,10:55:58,00:00:02
stefano.crapanzano@chu.ulg.ac.be,Boîte de réception - erp.sai@chuliege.be - Outlook,Helpdesk général,2021-04-14,11:11:42,00:00:02
stefano.crapanzano@chu.ulg.ac.be,Boîte de réception - erp.sai@chuliege.be - Outlook,Helpdesk général,2021-04-14,11:30:14,00:00:02
stefano.crapanzano@chu.ulg.ac.be,Boîte de réception - erp.sai@chuliege.be - Outlook,Helpdesk général,2021-04-14,11:41:55,00:00:33
stefano.crapanzano@chu.ulg.ac.be,Boîte de réception - erp.sai@chuliege.be - Outlook,Helpdesk général,2021-04-14,11:43:12,00:00:03
stefano.crapanzano@chu.ulg.ac.be,Boîte de réception - erp.sai@chuliege.be - Outlook,Helpdesk général,2021-04-14,11:45:02,00:00:06
stefano.crapanzano@chu.ulg.ac.be,Boîte de réception - erp.sai@chuliege.be - Outlook,Helpdesk général,2021-04-14,12:21:16,00:00:18
stefano.crapanzano@chu.ulg.ac.be,Boîte de réception - erp.sai@chuliege.be - Outlook,Helpdesk général,2021-04-14,12:44:20,00:00:02
stefano.crapanzano@chu.ulg.ac.be,Boîte de réception - erp.sai@chuliege.be - Outlook,Helpdesk général,2021-04-14,12:44:29,00:00:03
stefano.crapanzano@chu.ulg.ac.be,Boîte de réception - erp.sai@chuliege.be - Outlook,Helpdesk général,2021-04-14,13:06:06,00:00:03
stefano.crapanzano@chu.ulg.ac.be,Boîte de réception - erp.sai@chuliege.be - Outlook,Helpdesk général,2021-04-14,13:06:26,00:00:06
stefano.crapanzano@chu.ulg.ac.be,Boîte de réception - erp.sai@chuliege.be - Outlook,Helpdesk général,2021-04-14,13:50:01,00:00:03
stefano.crapanzano@chu.ulg.ac.be,Boîte de réception - erp.sai@chuliege.be - Outlook,Helpdesk général,2021-04-14,15:54:43,00:00:02
stefano.crapanzano@chu.ulg.ac.be,Boîte de réception - erp.sai@chuliege.be - Outlook,Helpdesk général,2021-04-14,16:02:58,00:00:03
stefano.crapanzano@chu.ulg.ac.be,Boîte de réception - erp.sai@chuliege.be - Outlook,Helpdesk général,2021-04-14,16:03:48,00:25:20
stefano.crapanzano@chu.ulg.ac.be,Boîte de réception - erp.sai@chuliege.be - Outlook,Helpdesk général,2021-04-14,16:41:56,00:00:08
stefano.crapanzano@chu.ulg.ac.be,Boîte de réception - erp.sai@chuliege.be - Outlook,Helpdesk général,2021-04-14,16:54:58,00:00:02
stefano.crapanzano@chu.ulg.ac.be,Boîte de réception - erp.sai@chuliege.be - Outlook,Helpdesk général,2021-04-14,16:58:35,00:00:04
stefano.crapanzano@chu.ulg.ac.be,Enregistrer la pièce jointe,Helpdesk général,2021-04-14,08:41:08,00:00:58
stefano.crapanzano@chu.ulg.ac.be,Enregistrer la pièce jointe,Helpdesk général,2021-04-14,08:42:12,00:00:02
stefano.crapanzano@chu.ulg.ac.be,Enregistrer la pièce jointe,Helpdesk général,2021-04-14,08:42:24,00:00:07
stefano.crapanzano@chu.ulg.ac.be,assurance auto - Message (HTML),Helpdesk général,2021-04-14,08:43:16,00:00:06
stefano.crapanzano@chu.ulg.ac.be,assurance auto - Message (HTML),Helpdesk général,2021-04-14,08:44:32,00:00:04
stefano.crapanzano@chu.ulg.ac.be,RE: assurance auto - Message (HTML),Helpdesk général,2021-04-14,08:43:22,00:01:10
stefano.crapanzano@chu.ulg.ac.be,RE: Intégrations - Message (HTML),Helpdesk général,2021-04-14,08:45:10,00:01:00
stefano.crapanzano@chu.ulg.ac.be,RE: Intégrations - Message (HTML),Helpdesk général,2021-04-14,09:40:52,00:00:25
stefano.crapanzano@chu.ulg.ac.be,RE: Intégrations - Message (HTML),Helpdesk général,2021-04-14,09:41:34,00:00:12
stefano.crapanzano@chu.ulg.ac.be,RE: Intégrations - Message (HTML),Helpdesk général,2021-04-14,09:41:54,00:00:08
stefano.crapanzano@chu.ulg.ac.be,RE: Intégrations - Message (HTML),Helpdesk général,2021-04-14,09:42:14,00:00:09
stefano.crapanzano@chu.ulg.ac.be,RE: Intégrations - Message (HTML),Helpdesk général,2021-04-14,09:42:31,00:00:21
stefano.crapanzano@chu.ulg.ac.be,RE: Intégrations - Message (HTML),Helpdesk général,2021-04-14,09:43:07,00:00:33
stefano.crapanzano@chu.ulg.ac.be,RE: Intégrations - Message (HTML),Helpdesk général,2021-04-14,09:43:43,00:00:19
stefano.crapanzano@chu.ulg.ac.be,RE: Intégrations - Message (HTML),Helpdesk général,2021-04-14,09:44:11,00:00:57
stefano.crapanzano@chu.ulg.ac.be,Alerte sur le Bureau,Helpdesk général,2021-04-14,08:46:10,00:00:06
stefano.crapanzano@chu.ulg.ac.be,erp.sai - erp.sai@chuliege.be - Outlook,Helpdesk général,2021-04-14,08:47:00,00:02:28
stefano.crapanzano@chu.ulg.ac.be,CHL_ERP_PSRL_COMPTA_HOME_SENY_PAT_VERS_SAP.bat - Bloc-notes,IT,2021-04-14,09:28:06,00:00:03
stefano.crapanzano@chu.ulg.ac.be,\\filesrv01.st.chulg\oazis_prod\APPL_PROD\SOURCES\BAT\ERP\CHL_ERP_PSRL_COMPTA_HOME_SENY_PAT_VERS_SAP.bat - Notepad++ [Administrator],IT,2021-04-14,09:28:14,00:00:03
stefano.crapanzano@chu.ulg.ac.be,\\filesrv01.st.chulg\oazis_prod\APPL_PROD\SOURCES\BAT\ERP\CHL_ERP_PSRL_COMPTA_HOME_SENY_PAT_VERS_SAP.bat - Notepad++ [Administrator],IT,2021-04-14,09:28:26,00:00:03
stefano.crapanzano@chu.ulg.ac.be,\\filesrv01.st.chulg\oazis_prod\APPL_PROD\SOURCES\BAT\ERP\CHL_ERP_PSRL_COMPTA_HOME_SENY_PAT_VERS_SAP.bat - Notepad++ [Administrator],IT,2021-04-14,09:28:50,00:00:04
stefano.crapanzano@chu.ulg.ac.be,\\filesrv01.st.chulg\oazis_prod\APPL_PROD\SOURCES\BAT\ERP\CHL_ERP_PSRL_COMPTA_HOME_SENY_PAT_VERS_SAP.bat - Notepad++ [Administrator],IT,2021-04-14,09:29:05,00:00:04
stefano.crapanzano@chu.ulg.ac.be,\\filesrv01.st.chulg\oazis_prod\APPL_PROD\SOURCES\BAT\ERP\CHL_ERP_PSRL_COMPTA_HOME_SENY_PAT_VERS_SAP.bat - Notepad++ [Administrator],IT,2021-04-14,09:29:57,00:00:15
stefano.crapanzano@chu.ulg.ac.be,\\filesrv01.st.chulg\oazis_prod\APPL_PROD\SOURCES\BAT\ERP\CHL_ERP_PSRL_COMPTA_HOME_SENY_PAT_VERS_SAP.bat - Notepad++ [Administrator],IT,2021-04-14,09:32:05,00:00:08
stefano.crapanzano@chu.ulg.ac.be,\\filesrv01.st.chulg\oazis_prod\APPL_PROD\SOURCES\BAT\ERP\CHL_ERP_PSRL_COMPTA_HOME_SENY_PAT_VERS_SAP.bat - Notepad++ [Administrator],IT,2021-04-14,09:32:31,00:00:03
stefano.crapanzano@chu.ulg.ac.be,\\filesrv01.st.chulg\oazis_prod\APPL_PROD\SOURCES\BAT\ERP\CHL_ERP_PSRL_COMPTA_HOME_SENY_PAT_VERS_SAP.bat - Notepad++ [Administrator],IT,2021-04-14,09:33:00,00:00:04
stefano.crapanzano@chu.ulg.ac.be,\\filesrv01.st.chulg\oazis_prod\APPL_PROD\SOURCES\BAT\ERP\CHL_ERP_PSRL_COMPTA_HOME_SENY_PAT_VERS_SAP.bat - Notepad++ [Administrator],IT,2021-04-14,09:33:33,00:00:02
stefano.crapanzano@chu.ulg.ac.be,\\filesrv01.st.chulg\oazis_prod\APPL_PROD\SOURCES\BAT\ERP\CHL_ERP_PSRL_COMPTA_HOME_SENY_PAT_VERS_SAP.bat - Notepad++ [Administrator],IT,2021-04-14,09:34:05,00:00:03
stefano.crapanzano@chu.ulg.ac.be,\\filesrv01.st.chulg\oazis_prod\APPL_PROD\SOURCES\BAT\ERP\CHL_ERP_PSRL_COMPTA_HOME_SENY_PAT_VERS_SAP.bat - Notepad++ [Administrator],IT,2021-04-14,09:34:38,00:00:08
stefano.crapanzano@chu.ulg.ac.be,*\\filesrv01.st.chulg\oazis_prod\APPL_PROD\SOURCES\BAT\ERP\CHL_ERP_PSRL_COMPTA_HOME_SENY_PAT_VERS_SAP.bat - Notepad++ [Administrator],IT,2021-04-14,09:28:30,00:00:18
stefano.crapanzano@chu.ulg.ac.be,*\\filesrv01.st.chulg\oazis_prod\APPL_PROD\SOURCES\BAT\ERP\CHL_ERP_PSRL_COMPTA_HOME_SENY_PAT_VERS_SAP.bat - Notepad++ [Administrator],IT,2021-04-14,09:29:17,00:00:04
stefano.crapanzano@chu.ulg.ac.be,*\\filesrv01.st.chulg\oazis_prod\APPL_PROD\SOURCES\BAT\ERP\CHL_ERP_PSRL_COMPTA_HOME_SENY_PAT_VERS_SAP.bat - Notepad++ [Administrator],IT,2021-04-14,09:32:35,00:00:16
stefano.crapanzano@chu.ulg.ac.be,*\\filesrv01.st.chulg\oazis_prod\APPL_PROD\SOURCES\BAT\ERP\CHL_ERP_PSRL_COMPTA_HOME_SENY_PAT_VERS_SAP.bat - Notepad++ [Administrator],IT,2021-04-14,09:33:18,00:00:08
stefano.crapanzano@chu.ulg.ac.be,*\\filesrv01.st.chulg\oazis_prod\APPL_PROD\SOURCES\BAT\ERP\CHL_ERP_PSRL_COMPTA_HOME_SENY_PAT_VERS_SAP.bat - Notepad++ [Administrator],IT,2021-04-14,09:33:35,00:00:02
stefano.crapanzano@chu.ulg.ac.be,Administrateur : C:\Windows\System32\cmd.exe,IT,2021-04-14,09:29:00,00:00:03
stefano.crapanzano@chu.ulg.ac.be,Administrateur : C:\Windows\System32\cmd.exe,IT,2021-04-14,09:29:11,00:00:06
stefano.crapanzano@chu.ulg.ac.be,Administrateur : C:\Windows\System32\cmd.exe,IT,2021-04-14,09:30:15,00:00:02
stefano.crapanzano@chu.ulg.ac.be,Administrateur : C:\Windows\System32\cmd.exe,IT,2021-04-14,09:30:19,00:00:02
stefano.crapanzano@chu.ulg.ac.be,Administrateur : C:\Windows\System32\cmd.exe,IT,2021-04-14,09:32:54,00:00:06
stefano.crapanzano@chu.ulg.ac.be,Administrateur : C:\Windows\System32\cmd.exe,IT,2021-04-14,09:33:28,00:00:03
stefano.crapanzano@chu.ulg.ac.be,Administrateur : C:\Windows\System32\cmd.exe,IT,2021-04-14,09:34:11,00:00:02
stefano.crapanzano@chu.ulg.ac.be,Administrateur : C:\Windows\System32\cmd.exe,IT,2021-04-14,09:36:02,00:00:09
stefano.crapanzano@chu.ulg.ac.be,Administrateur : C:\Windows\System32\cmd.exe,IT,2021-04-14,09:36:13,00:00:06
stefano.crapanzano@chu.ulg.ac.be,Administrateur : C:\Windows\System32\cmd.exe,IT,2021-04-14,09:46:53,00:00:02
stefano.crapanzano@chu.ulg.ac.be,Administrateur : C:\Windows\System32\cmd.exe - \\filesrv01.st.chulg\oazis_prod\APPL_PROD\SOURCES\BAT\ERP\CHL_ERP_PSRL_COMPTA_HOME_SENY_PAT_VERS_SAP.bat,IT,2021-04-14,09:29:24,00:00:03
stefano.crapanzano@chu.ulg.ac.be,Administrateur : C:\Windows\System32\cmd.exe - \\filesrv01.st.chulg\oazis_prod\APPL_PROD\SOURCES\BAT\ERP\CHL_ERP_PSRL_COMPTA_HOME_SENY_PAT_VERS_SAP.bat,IT,2021-04-14,09:33:40,00:00:14
stefano.crapanzano@chu.ulg.ac.be,Administrateur : C:\Windows\System32\cmd.exe - \\filesrv01.st.chulg\oazis_prod\APPL_PROD\SOURCES\BAT\ERP\CHL_ERP_PSRL_COMPTA_HOME_SENY_PAT_VERS_SAP.bat,IT,2021-04-14,09:34:13,00:00:07
stefano.crapanzano@chu.ulg.ac.be,I:\Informatique\ERP\Exploitation\COMPTA\SENY\envoi PAT 1 seny 022021 NC.txt - Notepad++ [Administrator],IT,2021-04-14,09:29:39,00:00:13
stefano.crapanzano@chu.ulg.ac.be,Résidents présents 2021 03.xlsx - Excel,Tâches diverses,2021-04-14,09:30:33,00:00:18
stefano.crapanzano@chu.ulg.ac.be,Résidents présents 2021 03.xlsx - Excel,Tâches diverses,2021-04-14,09:31:15,00:00:43
stefano.crapanzano@chu.ulg.ac.be,Microsoft Visual Basic pour Applications - Preparation_Residents_Presents_Csv.xlam [arrêt] - [Module1 (Code)],Tâches diverses,2021-04-14,09:30:53,00:00:04
stefano.crapanzano@chu.ulg.ac.be,Microsoft Visual Basic pour Applications - Preparation_Residents_Presents_Csv.xlam - [Module1 (Code)],Tâches diverses,2021-04-14,09:30:58,00:00:10
stefano.crapanzano@chu.ulg.ac.be,20191018_TEMPLATE XPERTHIS WART NART_F9_AVEC MAJ DONNEES LABO_V121_TEMPLATE ARRETE AU 20201002_V04_ANALYSE DONNEES SAP_TEMPLATE_V01.xlsx - Excel,Tâches diverses,2021-04-14,09:31:12,00:00:02
stefano.crapanzano@chu.ulg.ac.be,20191018_TEMPLATE XPERTHIS WART NART_F9_AVEC MAJ DONNEES LABO_V121_TEMPLATE ARRETE AU 20201002_V04_ANALYSE DONNEES SAP_TEMPLATE_V01.xlsx - Excel,Tâches diverses,2021-04-14,10:18:56,00:00:02
stefano.crapanzano@chu.ulg.ac.be,Enregistrer sous,Tâches diverses,2021-04-14,09:31:58,00:00:05
stefano.crapanzano@chu.ulg.ac.be,Enregistrer sous,Tâches diverses,2021-04-14,09:32:14,00:00:10
stefano.crapanzano@chu.ulg.ac.be,Enregistrer sous,Exploration SAP,2021-04-14,16:53:45,00:00:19
stefano.crapanzano@chu.ulg.ac.be,Microsoft Excel,Tâches diverses,2021-04-14,09:32:24,00:00:04
stefano.crapanzano@chu.ulg.ac.be,Microsoft Excel,Tâches diverses,2021-04-14,09:46:48,00:00:02
stefano.crapanzano@chu.ulg.ac.be,Microsoft Excel,Tâches diverses,2021-04-14,16:37:24,00:00:07
stefano.crapanzano@chu.ulg.ac.be,Microsoft Excel,Tâches diverses,2021-04-14,16:54:32,00:00:03
stefano.crapanzano@chu.ulg.ac.be,C:\Users\c158492\ProjetBoulot\SQL\GOAL\v_goal_extract_articles_pe2.sql - Notepad++ [Administrator],IT,2021-04-14,09:46:36,00:00:02
stefano.crapanzano@chu.ulg.ac.be,\\filesrv01.st.chulg\oazis_prod\APPL_PROD\SOURCES\BAT\ERP\CHL_ERP_PSRL_COMPTA_HOME_SENY_MUT_VERS_SAP.bat - Notepad++ [Administrator],IT,2021-04-14,09:35:03,00:00:02
stefano.crapanzano@chu.ulg.ac.be,\\filesrv01.st.chulg\oazis_prod\APPL_PROD\SOURCES\BAT\ERP\CHL_ERP_PSRL_COMPTA_HOME_SENY_MUT_VERS_SAP.bat - Notepad++ [Administrator],IT,2021-04-14,09:35:14,00:00:03
stefano.crapanzano@chu.ulg.ac.be,\\filesrv01.st.chulg\oazis_prod\APPL_PROD\SOURCES\BAT\ERP\CHL_ERP_PSRL_COMPTA_HOME_SENY_MUT_VERS_SAP.bat - Notepad++ [Administrator],IT,2021-04-14,09:35:20,00:00:03
stefano.crapanzano@chu.ulg.ac.be,\\filesrv01.st.chulg\oazis_prod\APPL_PROD\SOURCES\BAT\ERP\CHL_ERP_PSRL_COMPTA_HOME_SENY_MUT_VERS_SAP.bat - Notepad++ [Administrator],IT,2021-04-14,09:35:57,00:00:04
stefano.crapanzano@chu.ulg.ac.be,\\filesrv01.st.chulg\oazis_prod\APPL_PROD\SOURCES\BAT\ERP\CHL_ERP_PSRL_COMPTA_HOME_SENY_MUT_VERS_SAP.bat - Notepad++ [Administrator],IT,2021-04-14,09:46:22,00:00:04
stefano.crapanzano@chu.ulg.ac.be,*\\filesrv01.st.chulg\oazis_prod\APPL_PROD\SOURCES\BAT\ERP\CHL_ERP_PSRL_COMPTA_HOME_SENY_MUT_VERS_SAP.bat - Notepad++ [Administrator],IT,2021-04-14,09:35:17,00:00:02
stefano.crapanzano@chu.ulg.ac.be,*\\filesrv01.st.chulg\oazis_prod\APPL_PROD\SOURCES\BAT\ERP\CHL_ERP_PSRL_COMPTA_HOME_SENY_MUT_VERS_SAP.bat - Notepad++ [Administrator],IT,2021-04-14,09:35:24,00:00:32
stefano.crapanzano@chu.ulg.ac.be,Total Commander,Tâches diverses,2021-04-14,09:37:50,00:00:03
stefano.crapanzano@chu.ulg.ac.be,Total Commander,Tâches diverses,2021-04-14,09:38:34,00:00:02
stefano.crapanzano@chu.ulg.ac.be,Total Commander,Tâches diverses,2021-04-14,09:39:28,00:00:02
stefano.crapanzano@chu.ulg.ac.be,Total Commander,Tâches diverses,2021-04-14,09:39:44,00:00:03
stefano.crapanzano@chu.ulg.ac.be,erpmanager - Total Commander (x64) 9.0a - NOT REGISTERED,Tâches diverses,2021-04-14,09:37:54,00:00:08
stefano.crapanzano@chu.ulg.ac.be,erpmanager - Total Commander (x64) 9.0a - NOT REGISTERED,Tâches diverses,2021-04-14,09:38:04,00:00:07
stefano.crapanzano@chu.ulg.ac.be,erpmanager - Total Commander (x64) 9.0a - NOT REGISTERED,Tâches diverses,2021-04-14,09:38:12,00:00:02
stefano.crapanzano@chu.ulg.ac.be,erpmanager - Total Commander (x64) 9.0a - NOT REGISTERED,Tâches diverses,2021-04-14,09:38:21,00:00:13
stefano.crapanzano@chu.ulg.ac.be,erpmanager - Total Commander (x64) 9.0a - NOT REGISTERED,Tâches diverses,2021-04-14,09:38:37,00:00:51
stefano.crapanzano@chu.ulg.ac.be,erpmanager - Total Commander (x64) 9.0a - NOT REGISTERED,Tâches diverses,2021-04-14,09:39:31,00:00:13
stefano.crapanzano@chu.ulg.ac.be,erpmanager - Total Commander (x64) 9.0a - NOT REGISTERED,Tâches diverses,2021-04-14,09:39:48,00:00:04
stefano.crapanzano@chu.ulg.ac.be,RE: Données Seny 2021 01 - Message (HTML),Helpdesk général,2021-04-14,09:40:37,00:00:09
stefano.crapanzano@chu.ulg.ac.be,Modifier le lien hypertexte,Helpdesk général,2021-04-14,09:41:46,00:00:07
stefano.crapanzano@chu.ulg.ac.be,Modifier le lien hypertexte,Helpdesk général,2021-04-14,09:42:02,00:00:12
stefano.crapanzano@chu.ulg.ac.be,Modifier le lien hypertexte,Helpdesk général,2021-04-14,09:42:23,00:00:08
stefano.crapanzano@chu.ulg.ac.be,Insérer un lien hypertexte,Helpdesk général,2021-04-14,09:43:41,00:00:02
stefano.crapanzano@chu.ulg.ac.be,Orthographe : Français (Belgique),Helpdesk général,2021-04-14,09:45:08,00:00:02
stefano.crapanzano@chu.ulg.ac.be,Orthographe : Français (Belgique),Helpdesk général,2021-04-14,11:11:35,00:00:02
stefano.crapanzano@chu.ulg.ac.be,Microsoft Outlook,Helpdesk général,2021-04-14,09:45:11,00:00:03
stefano.crapanzano@chu.ulg.ac.be,Attestation télétravail - présence sur site Crapanzano - Message (Texte brut),Helpdesk général,2021-04-14,09:46:05,00:00:03
stefano.crapanzano@chu.ulg.ac.be,Residents presents 2021 03.csv - Excel,Tâches diverses,2021-04-14,09:46:46,00:00:02
stefano.crapanzano@chu.ulg.ac.be,Lecture documentation,Tâches diverses,2021-04-14,09:46:56,00:16:05
stefano.crapanzano@chu.ulg.ac.be,Sent - erp.sai@chuliege.be - Outlook,Helpdesk général,2021-04-14,10:03:29,00:00:04
stefano.crapanzano@chu.ulg.ac.be,Sent - erp.sai@chuliege.be - Outlook,Helpdesk général,2021-04-14,11:11:52,00:18:22
stefano.crapanzano@chu.ulg.ac.be,Sent - erp.sai@chuliege.be - Outlook,Helpdesk général,2021-04-14,11:30:19,00:11:36
stefano.crapanzano@chu.ulg.ac.be,Sent - erp.sai@chuliege.be - Outlook,Helpdesk général,2021-04-14,11:43:16,00:01:46
stefano.crapanzano@chu.ulg.ac.be,Sent - erp.sai@chuliege.be - Outlook,Helpdesk général,2021-04-14,11:45:08,00:03:10
stefano.crapanzano@chu.ulg.ac.be,Sent - erp.sai@chuliege.be - Outlook,Helpdesk général,2021-04-14,11:49:03,00:00:12
stefano.crapanzano@chu.ulg.ac.be,Sent - erp.sai@chuliege.be - Outlook,Helpdesk général,2021-04-14,11:51:46,00:01:43
stefano.crapanzano@chu.ulg.ac.be,Sent - erp.sai@chuliege.be - Outlook,Helpdesk général,2021-04-14,11:53:54,00:00:20
stefano.crapanzano@chu.ulg.ac.be,Sent - erp.sai@chuliege.be - Outlook,Helpdesk général,2021-04-14,12:21:14,00:00:02
stefano.crapanzano@chu.ulg.ac.be,Sent - erp.sai@chuliege.be - Outlook,Helpdesk général,2021-04-14,12:21:34,00:22:45
stefano.crapanzano@chu.ulg.ac.be,Sent - erp.sai@chuliege.be - Outlook,Helpdesk général,2021-04-14,12:44:33,00:00:13
stefano.crapanzano@chu.ulg.ac.be,Sent - erp.sai@chuliege.be - Outlook,Helpdesk général,2021-04-14,12:51:11,00:14:54
stefano.crapanzano@chu.ulg.ac.be,Sent - erp.sai@chuliege.be - Outlook,Helpdesk général,2021-04-14,13:06:13,00:00:02
stefano.crapanzano@chu.ulg.ac.be,Sent - erp.sai@chuliege.be - Outlook,Helpdesk général,2021-04-14,13:06:32,00:43:29
stefano.crapanzano@chu.ulg.ac.be,Sent - erp.sai@chuliege.be - Outlook,Helpdesk général,2021-04-14,13:50:07,00:00:26
stefano.crapanzano@chu.ulg.ac.be,Sent - erp.sai@chuliege.be - Outlook,Helpdesk général,2021-04-14,15:54:07,00:00:27
stefano.crapanzano@chu.ulg.ac.be,Sent - erp.sai@chuliege.be - Outlook,Helpdesk général,2021-04-14,15:54:41,00:00:02
stefano.crapanzano@chu.ulg.ac.be,Sent - erp.sai@chuliege.be - Outlook,Helpdesk général,2021-04-14,16:03:05,00:00:31
stefano.crapanzano@chu.ulg.ac.be,Sent - erp.sai@chuliege.be - Outlook,Helpdesk général,2021-04-14,16:03:45,00:00:02
stefano.crapanzano@chu.ulg.ac.be,Sent - erp.sai@chuliege.be - Outlook,Helpdesk général,2021-04-14,16:58:40,00:00:46
stefano.crapanzano@chu.ulg.ac.be,SAP Logon 750,Exploration SAP,2021-04-14,16:47:52,00:00:02
stefano.crapanzano@chu.ulg.ac.be,Programmation,IT,2021-04-14,10:04:58,00:06:42
stefano.crapanzano@chu.ulg.ac.be,Programmation,IT,2021-04-14,10:11:44,00:00:37
stefano.crapanzano@chu.ulg.ac.be,Programmation,IT,2021-04-14,10:12:22,00:01:06
stefano.crapanzano@chu.ulg.ac.be,Programmation,IT,2021-04-14,10:14:06,00:00:02
stefano.crapanzano@chu.ulg.ac.be,Programmation,IT,2021-04-14,10:14:13,00:02:18
stefano.crapanzano@chu.ulg.ac.be,Programmation,IT,2021-04-14,10:20:52,00:08:24
stefano.crapanzano@chu.ulg.ac.be,Programmation,IT,2021-04-14,10:29:21,00:00:54
stefano.crapanzano@chu.ulg.ac.be,Programmation,IT,2021-04-14,10:30:17,00:00:12
stefano.crapanzano@chu.ulg.ac.be,Programmation,IT,2021-04-14,10:30:34,00:03:45
stefano.crapanzano@chu.ulg.ac.be,Programmation,IT,2021-04-14,10:42:01,00:02:02
stefano.crapanzano@chu.ulg.ac.be,Programmation,IT,2021-04-14,10:45:57,00:02:34
stefano.crapanzano@chu.ulg.ac.be,Programmation,IT,2021-04-14,10:49:13,00:00:12
stefano.crapanzano@chu.ulg.ac.be,Programmation,IT,2021-04-14,10:49:36,00:01:20
stefano.crapanzano@chu.ulg.ac.be,Programmation,IT,2021-04-14,10:54:20,00:00:02
stefano.crapanzano@chu.ulg.ac.be,Programmation,IT,2021-04-14,12:17:21,00:03:51
stefano.crapanzano@chu.ulg.ac.be,Programmation,IT,2021-04-14,13:50:37,00:02:34
stefano.crapanzano@chu.ulg.ac.be,Programmation,IT,2021-04-14,13:55:18,00:10:57
stefano.crapanzano@chu.ulg.ac.be,Programmation,IT,2021-04-14,14:06:36,00:00:21
stefano.crapanzano@chu.ulg.ac.be,Programmation,IT,2021-04-14,14:07:04,00:00:26
stefano.crapanzano@chu.ulg.ac.be,Programmation,IT,2021-04-14,14:08:10,00:40:56
stefano.crapanzano@chu.ulg.ac.be,Programmation,IT,2021-04-14,14:49:38,00:50:15
stefano.crapanzano@chu.ulg.ac.be,Programmation,IT,2021-04-14,15:39:54,00:04:44
stefano.crapanzano@chu.ulg.ac.be,Programmation,IT,2021-04-14,15:45:49,00:00:02
stefano.crapanzano@chu.ulg.ac.be,Programmation,IT,2021-04-14,15:49:38,00:00:30
stefano.crapanzano@chu.ulg.ac.be,Programmation,IT,2021-04-14,15:50:11,00:00:23
stefano.crapanzano@chu.ulg.ac.be,Programmation,IT,2021-04-14,15:50:36,00:00:26
stefano.crapanzano@chu.ulg.ac.be,Programmation,IT,2021-04-14,15:51:04,00:00:27
stefano.crapanzano@chu.ulg.ac.be,Programmation,IT,2021-04-14,15:51:32,00:02:33
stefano.crapanzano@chu.ulg.ac.be,Programmation,IT,2021-04-14,15:54:35,00:00:04
stefano.crapanzano@chu.ulg.ac.be,Programmation,IT,2021-04-14,15:56:46,00:03:44
stefano.crapanzano@chu.ulg.ac.be,Programmation,IT,2021-04-14,16:00:32,00:02:20
stefano.crapanzano@chu.ulg.ac.be,Programmation,IT,2021-04-14,16:29:09,00:02:53
stefano.crapanzano@chu.ulg.ac.be,Programmation,IT,2021-04-14,16:32:36,00:00:16
stefano.crapanzano@chu.ulg.ac.be,Programmation,IT,2021-04-14,16:33:33,00:01:48
stefano.crapanzano@chu.ulg.ac.be,Programmation,IT,2021-04-14,16:35:28,00:00:45
stefano.crapanzano@chu.ulg.ac.be,Programmation,IT,2021-04-14,16:36:48,00:00:03
stefano.crapanzano@chu.ulg.ac.be,Programmation,IT,2021-04-14,16:36:54,00:00:04
stefano.crapanzano@chu.ulg.ac.be,Programmation,IT,2021-04-14,16:43:17,00:01:50
stefano.crapanzano@chu.ulg.ac.be,Programmation,IT,2021-04-14,16:45:11,00:00:02
stefano.crapanzano@chu.ulg.ac.be,Programmation,IT,2021-04-14,16:45:15,00:00:51
stefano.crapanzano@chu.ulg.ac.be,Programmation,IT,2021-04-14,16:46:43,00:00:10
stefano.crapanzano@chu.ulg.ac.be,new 2 - Notepad++ [Administrator],IT,2021-04-14,10:17:43,00:00:02
stefano.crapanzano@chu.ulg.ac.be,*new 2 - Notepad++ [Administrator],IT,2021-04-14,10:17:45,00:00:04
stefano.crapanzano@chu.ulg.ac.be,*new 2 - Notepad++ [Administrator],IT,2021-04-14,10:17:57,00:00:04
stefano.crapanzano@chu.ulg.ac.be,*new 2 - Notepad++ [Administrator],IT,2021-04-14,10:18:04,00:00:02
stefano.crapanzano@chu.ulg.ac.be,*new 2 - Notepad++ [Administrator],IT,2021-04-14,10:18:34,00:00:03
stefano.crapanzano@chu.ulg.ac.be,*new 2 - Notepad++ [Administrator],IT,2021-04-14,10:18:53,00:00:02
stefano.crapanzano@chu.ulg.ac.be,*new 2 - Notepad++ [Administrator],IT,2021-04-14,10:19:36,00:00:02
stefano.crapanzano@chu.ulg.ac.be,*new 2 - Notepad++ [Administrator],IT,2021-04-14,10:19:57,00:00:02
stefano.crapanzano@chu.ulg.ac.be,*new 2 - Notepad++ [Administrator],IT,2021-04-14,10:20:15,00:00:02
stefano.crapanzano@chu.ulg.ac.be,*new 2 - Notepad++ [Administrator],IT,2021-04-14,10:20:25,00:00:03
stefano.crapanzano@chu.ulg.ac.be,*new 2 - Notepad++ [Administrator],IT,2021-04-14,10:20:41,00:00:09
stefano.crapanzano@chu.ulg.ac.be,*new 2 - Notepad++ [Administrator],IT,2021-04-14,10:29:18,00:00:02
stefano.crapanzano@chu.ulg.ac.be,*new 2 - Notepad++ [Administrator],IT,2021-04-14,10:30:31,00:00:02
stefano.crapanzano@chu.ulg.ac.be,*new 2 - Notepad++ [Administrator],IT,2021-04-14,10:54:01,00:00:04
stefano.crapanzano@chu.ulg.ac.be,*new 2 - Notepad++ [Administrator],IT,2021-04-14,10:54:13,00:00:02
stefano.crapanzano@chu.ulg.ac.be,*new 2 - Notepad++ [Administrator],IT,2021-04-14,10:54:26,00:00:04
stefano.crapanzano@chu.ulg.ac.be,Remplacer,IT,2021-04-14,10:17:51,00:00:06
stefano.crapanzano@chu.ulg.ac.be,Remplacer,IT,2021-04-14,10:54:07,00:00:06
stefano.crapanzano@chu.ulg.ac.be,Harpège Download_tables_SaaS_SAP_V13.xlsx - Excel,Tâches diverses,2021-04-14,10:19:43,00:00:02
stefano.crapanzano@chu.ulg.ac.be,Harpège Download_tables_SaaS_SAP_V13.xlsx - Excel,Tâches diverses,2021-04-14,10:20:07,00:00:04
stefano.crapanzano@chu.ulg.ac.be,Harpège Download_tables_SaaS_SAP_V13.xlsx - Excel,Tâches diverses,2021-04-14,10:20:17,00:00:03
stefano.crapanzano@chu.ulg.ac.be,Harpège Download_tables_SaaS_SAP_V13.xlsx - Excel,Tâches diverses,2021-04-14,10:20:35,00:00:03
stefano.crapanzano@chu.ulg.ac.be,Harpège Download_tables_SaaS_SAP_V13.xlsx - Excel,Tâches diverses,2021-04-14,10:36:24,00:00:04
stefano.crapanzano@chu.ulg.ac.be,Rechercher et remplacer,Tâches diverses,2021-04-14,10:19:19,00:00:02
stefano.crapanzano@chu.ulg.ac.be,Rechercher et remplacer,Tâches diverses,2021-04-14,10:19:23,00:00:07
stefano.crapanzano@chu.ulg.ac.be,Sans titre - Message (HTML),Helpdesk général,2021-04-14,10:38:14,00:00:04
stefano.crapanzano@chu.ulg.ac.be,Sans titre - Message (HTML),Helpdesk général,2021-04-14,10:56:00,00:00:19
stefano.crapanzano@chu.ulg.ac.be,Sans titre - Message (HTML),Helpdesk général,2021-04-14,10:57:28,00:00:03
stefano.crapanzano@chu.ulg.ac.be,Sans titre - Message (HTML),Helpdesk général,2021-04-14,14:07:38,00:00:04
stefano.crapanzano@chu.ulg.ac.be,Sans titre - Message (HTML),Helpdesk général,2021-04-14,16:42:04,00:00:02
stefano.crapanzano@chu.ulg.ac.be,Sans titre - Message (HTML),Helpdesk général,2021-04-14,16:55:00,00:00:36
stefano.crapanzano@chu.ulg.ac.be,Comparaison des catalogues - Message (HTML),Helpdesk général,2021-04-14,10:56:19,00:01:05
stefano.crapanzano@chu.ulg.ac.be,Comparaison des catalogues - Message (HTML),Helpdesk général,2021-04-14,10:57:33,00:00:40
stefano.crapanzano@chu.ulg.ac.be,Comparaison des catalogues - Message (HTML),Helpdesk général,2021-04-14,10:58:22,00:00:08
stefano.crapanzano@chu.ulg.ac.be,Comparaison des catalogues - Message (HTML),Helpdesk général,2021-04-14,10:58:58,00:00:58
stefano.crapanzano@chu.ulg.ac.be,Comparaison des catalogues - Message (HTML),Helpdesk général,2021-04-14,11:00:28,00:00:38
stefano.crapanzano@chu.ulg.ac.be,Comparaison des catalogues - Message (HTML),Helpdesk général,2021-04-14,11:01:41,00:00:26
stefano.crapanzano@chu.ulg.ac.be,Comparaison des catalogues - Message (HTML),Helpdesk général,2021-04-14,11:02:20,00:00:29
stefano.crapanzano@chu.ulg.ac.be,Comparaison des catalogues - Message (HTML),Helpdesk général,2021-04-14,11:03:15,00:02:51
stefano.crapanzano@chu.ulg.ac.be,Comparaison des catalogues - Message (HTML),Helpdesk général,2021-04-14,11:07:36,00:00:04
stefano.crapanzano@chu.ulg.ac.be,Comparaison des catalogues - Message (HTML),Helpdesk général,2021-04-14,11:07:52,00:03:42
stefano.crapanzano@chu.ulg.ac.be,Greenshot capture form,Helpdesk général,2021-04-14,11:01:35,00:00:04
stefano.crapanzano@chu.ulg.ac.be,Greenshot capture form,Helpdesk général,2021-04-14,11:03:09,00:00:04
stefano.crapanzano@chu.ulg.ac.be,Greenshot capture form,Helpdesk général,2021-04-14,11:07:45,00:00:06
stefano.crapanzano@chu.ulg.ac.be,actions - Google Sheets - Google Chrome,Tâches diverses,2021-04-14,11:42:29,00:00:03
stefano.crapanzano@chu.ulg.ac.be,actions - Google Sheets - Google Chrome,Tâches diverses,2021-04-14,11:43:07,00:00:02
stefano.crapanzano@chu.ulg.ac.be,actions - Google Sheets - Google Chrome,Tâches diverses,2021-04-14,16:03:38,00:00:04
stefano.crapanzano@chu.ulg.ac.be,Bureau - Google Sheets - Google Chrome,Tâches diverses,2021-04-14,11:42:33,00:00:02
stefano.crapanzano@chu.ulg.ac.be,Bureau - Google Sheets - Google Chrome,Tâches diverses,2021-04-14,11:42:53,00:00:10
stefano.crapanzano@chu.ulg.ac.be,Service MT - Google Chrome,Tâches diverses,2021-04-14,11:42:35,00:00:18
stefano.crapanzano@chu.ulg.ac.be,Mon Drive - Google Drive - Google Chrome,Tâches diverses,2021-04-14,11:43:05,00:00:02
stefano.crapanzano@chu.ulg.ac.be,Tous les éléments Outlook - Zimbra - Stefano Crapanzano - Outlook,Helpdesk général,2021-04-14,11:49:16,00:00:57
stefano.crapanzano@chu.ulg.ac.be,Tous les éléments Outlook - Zimbra - Stefano Crapanzano - Outlook,Helpdesk général,2021-04-14,11:51:39,00:00:07
stefano.crapanzano@chu.ulg.ac.be,RE: Comparaison des catalogues - Message (HTML),Helpdesk général,2021-04-14,11:54:15,00:11:12
stefano.crapanzano@chu.ulg.ac.be,RE: Comparaison des catalogues - Message (HTML),Helpdesk général,2021-04-14,12:08:23,00:00:13
stefano.crapanzano@chu.ulg.ac.be,RE: Comparaison des catalogues - Message (HTML),Helpdesk général,2021-04-14,12:08:39,00:00:02
stefano.crapanzano@chu.ulg.ac.be,Classeur1 - Excel,Tâches diverses,2021-04-14,12:06:49,00:00:19
stefano.crapanzano@chu.ulg.ac.be,Classeur1 - Excel,Tâches diverses,2021-04-14,12:07:39,00:00:16
stefano.crapanzano@chu.ulg.ac.be,Classeur1 - Excel,Tâches diverses,2021-04-14,12:08:02,00:00:19
stefano.crapanzano@chu.ulg.ac.be,Classeur1 - Excel,Tâches diverses,2021-04-14,12:44:48,00:00:04
stefano.crapanzano@chu.ulg.ac.be,Trash - erp.sai@chuliege.be - Outlook,Helpdesk général,2021-04-14,13:06:15,00:00:10
stefano.crapanzano@chu.ulg.ac.be,différence_catalogue_article_glims_sap.xlsx - Excel,Tâches diverses,2021-04-14,16:32:02,00:00:32
stefano.crapanzano@chu.ulg.ac.be,différence_catalogue_article_glims_sap.xlsx - Excel,Tâches diverses,2021-04-14,16:33:13,00:00:19
stefano.crapanzano@chu.ulg.ac.be,différence_catalogue_article_glims_sap.xlsx - Excel,Tâches diverses,2021-04-14,16:35:23,00:00:02
stefano.crapanzano@chu.ulg.ac.be,différence_catalogue_article_glims_sap.xlsx - Excel,Tâches diverses,2021-04-14,16:36:58,00:00:25
stefano.crapanzano@chu.ulg.ac.be,différence_catalogue_article_glims_sap.xlsx - Excel,Tâches diverses,2021-04-14,16:42:46,00:00:28
stefano.crapanzano@chu.ulg.ac.be,différence_catalogue_article_glims_sap.xlsx - Excel,Tâches diverses,2021-04-14,16:46:06,00:00:35
stefano.crapanzano@chu.ulg.ac.be,différence_catalogue_article_glims_sap.xlsx - Excel,Tâches diverses,2021-04-14,16:46:54,00:00:02
stefano.crapanzano@chu.ulg.ac.be,différence_catalogue_article_glims_sap.xlsx - Excel,Tâches diverses,2021-04-14,16:47:29,00:00:02
stefano.crapanzano@chu.ulg.ac.be,différence_catalogue_article_glims_sap.xlsx - Excel,Tâches diverses,2021-04-14,16:54:38,00:00:02
stefano.crapanzano@chu.ulg.ac.be,SAP,Exploration SAP,2021-04-14,16:47:55,00:00:12
stefano.crapanzano@chu.ulg.ac.be,SAP,Exploration SAP,2021-04-14,16:49:44,00:00:07
stefano.crapanzano@chu.ulg.ac.be,SAP Easy Access Menu de base Applications financières-économiques,Exploration SAP,2021-04-14,16:48:07,00:00:04
stefano.crapanzano@chu.ulg.ac.be,SAP Easy Access Menu de base Applications financières-économiques,Exploration SAP,2021-04-14,16:49:19,00:00:04
stefano.crapanzano@chu.ulg.ac.be,SAP Easy Access Menu de base Applications financières-économiques,Exploration SAP,2021-04-14,16:49:51,00:00:16
stefano.crapanzano@chu.ulg.ac.be,SAP Easy Access Menu de base Applications financières-économiques,Exploration SAP,2021-04-14,16:51:10,00:00:06
stefano.crapanzano@chu.ulg.ac.be,Exporter/importer Lien entre article-centre de coûts et quantité,Exploration SAP,2021-04-14,16:48:12,00:00:09
stefano.crapanzano@chu.ulg.ac.be,Exporter/importer Lien entre article-centre de coûts et quantité,Exploration SAP,2021-04-14,16:48:22,00:00:02
stefano.crapanzano@chu.ulg.ac.be,Exporter/importer Lien entre article-centre de coûts et quantité,Exploration SAP,2021-04-14,16:48:27,00:00:51
stefano.crapanzano@chu.ulg.ac.be,Mise en forme : sélectionner,Exploration SAP,2021-04-14,16:48:25,00:00:02
stefano.crapanzano@chu.ulg.ac.be,Display Table,Exploration SAP,2021-04-14,16:49:24,00:00:20
stefano.crapanzano@chu.ulg.ac.be,Ecran initial du Quickviewer,Exploration SAP,2021-04-14,16:51:16,00:00:10
stefano.crapanzano@chu.ulg.ac.be,GOAL_ZMMARTIKEL,Exploration SAP,2021-04-14,16:51:38,00:00:18
stefano.crapanzano@chu.ulg.ac.be,GOAL_ZMMARTIKEL,Exploration SAP,2021-04-14,16:52:00,00:00:14
stefano.crapanzano@chu.ulg.ac.be,GOAL_ZMMARTIKEL,Exploration SAP,2021-04-14,16:52:21,00:00:04
stefano.crapanzano@chu.ulg.ac.be,GOAL_ZMMARTIKEL,Exploration SAP,2021-04-14,16:52:31,00:00:19
stefano.crapanzano@chu.ulg.ac.be,Limitation des accès à la base de données,Exploration SAP,2021-04-14,16:51:28,00:00:09
stefano.crapanzano@chu.ulg.ac.be,Définir valeurs pour critères de filtre,Exploration SAP,2021-04-14,16:51:56,00:00:03
stefano.crapanzano@chu.ulg.ac.be,Définir valeurs pour critères de filtre,Exploration SAP,2021-04-14,16:52:14,00:00:07
stefano.crapanzano@chu.ulg.ac.be,Définir valeurs pour critères de filtre,Exploration SAP,2021-04-14,16:52:26,00:00:04
stefano.crapanzano@chu.ulg.ac.be,Sélection du calcul avec tableur,Exploration SAP,2021-04-14,16:52:50,00:00:55
stefano.crapanzano@chu.ulg.ac.be,Sélection du calcul avec tableur,Exploration SAP,2021-04-14,16:54:04,00:00:02
stefano.crapanzano@chu.ulg.ac.be,Sécurité SAP GUI,Exploration SAP,2021-04-14,16:54:07,00:00:07
stefano.crapanzano@chu.ulg.ac.be,aeé_zmmartikel.XLSX - Excel,Tâches diverses,2021-04-14,16:54:16,00:00:15
stefano.crapanzano@chu.ulg.ac.be,aeé_zmmartikel.XLSX - Excel,Tâches diverses,2021-04-14,16:54:36,00:00:02
stefano.crapanzano@chu.ulg.ac.be,chargement dans le schéma ae2 table zmmartikel - Message (HTML),Helpdesk général,2021-04-14,16:55:37,00:02:56
