Email,Description,Project,Start date,Start time,Duration
stefano.crapanzano@chu.ulg.ac.be,Navigation système de fichier,IT,2021-04-13,08:32:40,00:01:28
stefano.crapanzano@chu.ulg.ac.be,Navigation système de fichier,IT,2021-04-13,08:40:52,00:00:10
stefano.crapanzano@chu.ulg.ac.be,Navigation système de fichier,IT,2021-04-13,08:41:26,00:00:02
stefano.crapanzano@chu.ulg.ac.be,Navigation système de fichier,IT,2021-04-13,08:56:30,00:00:02
stefano.crapanzano@chu.ulg.ac.be,Navigation système de fichier,IT,2021-04-13,10:25:23,00:00:03
stefano.crapanzano@chu.ulg.ac.be,Navigation système de fichier,IT,2021-04-13,13:42:38,00:00:03
stefano.crapanzano@chu.ulg.ac.be,Navigation système de fichier,IT,2021-04-13,13:50:46,00:00:02
stefano.crapanzano@chu.ulg.ac.be,Navigation système de fichier,IT,2021-04-13,13:55:31,00:01:02
stefano.crapanzano@chu.ulg.ac.be,Navigation système de fichier,IT,2021-04-13,13:56:38,00:00:02
stefano.crapanzano@chu.ulg.ac.be,Navigation système de fichier,IT,2021-04-13,13:59:29,00:00:04
stefano.crapanzano@chu.ulg.ac.be,Navigation système de fichier,IT,2021-04-13,14:00:44,00:00:28
stefano.crapanzano@chu.ulg.ac.be,Navigation système de fichier,IT,2021-04-13,14:02:59,00:00:11
stefano.crapanzano@chu.ulg.ac.be,Navigation système de fichier,IT,2021-04-13,14:03:13,00:00:58
stefano.crapanzano@chu.ulg.ac.be,Navigation système de fichier,IT,2021-04-13,14:04:25,00:00:04
stefano.crapanzano@chu.ulg.ac.be,Navigation système de fichier,IT,2021-04-13,14:43:49,00:00:02
stefano.crapanzano@chu.ulg.ac.be,Navigation système de fichier,IT,2021-04-13,15:07:20,00:00:03
stefano.crapanzano@chu.ulg.ac.be,Navigation système de fichier,IT,2021-04-13,15:07:31,00:00:02
stefano.crapanzano@chu.ulg.ac.be,Navigation système de fichier,IT,2021-04-13,15:08:34,00:00:08
stefano.crapanzano@chu.ulg.ac.be,Navigation système de fichier,IT,2021-04-13,15:10:06,00:00:03
stefano.crapanzano@chu.ulg.ac.be,Navigation système de fichier,IT,2021-04-13,15:11:53,00:00:02
stefano.crapanzano@chu.ulg.ac.be,Navigation système de fichier,IT,2021-04-13,15:12:06,00:00:04
stefano.crapanzano@chu.ulg.ac.be,Navigation système de fichier,IT,2021-04-13,15:12:39,00:00:02
stefano.crapanzano@chu.ulg.ac.be,Navigation système de fichier,IT,2021-04-13,15:16:15,00:00:04
stefano.crapanzano@chu.ulg.ac.be,Navigation système de fichier,IT,2021-04-13,15:17:14,00:00:05
stefano.crapanzano@chu.ulg.ac.be,Navigation système de fichier,IT,2021-04-13,15:18:51,00:00:05
stefano.crapanzano@chu.ulg.ac.be,Navigation système de fichier,IT,2021-04-13,15:19:12,00:00:03
stefano.crapanzano@chu.ulg.ac.be,Navigation système de fichier,IT,2021-04-13,15:19:50,00:00:07
stefano.crapanzano@chu.ulg.ac.be,Navigation système de fichier,IT,2021-04-13,15:28:25,00:00:08
stefano.crapanzano@chu.ulg.ac.be,Navigation système de fichier,IT,2021-04-13,15:30:51,00:00:07
stefano.crapanzano@chu.ulg.ac.be,Navigation système de fichier,IT,2021-04-13,15:31:31,00:00:02
stefano.crapanzano@chu.ulg.ac.be,Navigation système de fichier,IT,2021-04-13,15:33:33,00:00:11
stefano.crapanzano@chu.ulg.ac.be,Navigation système de fichier,IT,2021-04-13,15:36:02,00:00:26
stefano.crapanzano@chu.ulg.ac.be,Navigation système de fichier,IT,2021-04-13,15:36:59,00:00:02
stefano.crapanzano@chu.ulg.ac.be,Navigation système de fichier,IT,2021-04-13,15:37:08,00:00:02
stefano.crapanzano@chu.ulg.ac.be,Navigation système de fichier,IT,2021-04-13,15:44:02,00:00:08
stefano.crapanzano@chu.ulg.ac.be,Navigation système de fichier,IT,2021-04-13,16:02:48,00:00:03
stefano.crapanzano@chu.ulg.ac.be,Navigation système de fichier,IT,2021-04-13,16:06:18,00:00:05
stefano.crapanzano@chu.ulg.ac.be,Navigation système de fichier,IT,2021-04-13,16:11:50,00:00:32
stefano.crapanzano@chu.ulg.ac.be,Navigation système de fichier,IT,2021-04-13,16:12:28,00:00:02
stefano.crapanzano@chu.ulg.ac.be,Navigation système de fichier,IT,2021-04-13,16:12:45,00:00:02
stefano.crapanzano@chu.ulg.ac.be,Navigation système de fichier,IT,2021-04-13,16:15:05,00:00:02
stefano.crapanzano@chu.ulg.ac.be,Navigation système de fichier,IT,2021-04-13,16:22:46,00:00:04
stefano.crapanzano@chu.ulg.ac.be,Navigation système de fichier,IT,2021-04-13,16:24:16,00:00:03
stefano.crapanzano@chu.ulg.ac.be,Navigation système de fichier,IT,2021-04-13,16:25:35,00:00:02
stefano.crapanzano@chu.ulg.ac.be,Navigation système de fichier,IT,2021-04-13,16:58:24,00:00:02
stefano.crapanzano@chu.ulg.ac.be,Navigation système de fichier,IT,2021-04-13,16:58:42,00:00:02
stefano.crapanzano@chu.ulg.ac.be,Boîte de Réception - Zimbra - Stefano Crapanzano - Outlook,Helpdesk général,2021-04-13,08:31:59,00:00:06
stefano.crapanzano@chu.ulg.ac.be,Boîte de Réception - Zimbra - Stefano Crapanzano - Outlook,Helpdesk général,2021-04-13,08:32:29,00:00:10
stefano.crapanzano@chu.ulg.ac.be,Boîte de Réception - Zimbra - Stefano Crapanzano - Outlook,Helpdesk général,2021-04-13,08:34:08,00:04:35
stefano.crapanzano@chu.ulg.ac.be,Boîte de Réception - Zimbra - Stefano Crapanzano - Outlook,Helpdesk général,2021-04-13,08:56:32,00:00:08
stefano.crapanzano@chu.ulg.ac.be,Boîte de Réception - Zimbra - Stefano Crapanzano - Outlook,Helpdesk général,2021-04-13,08:58:10,00:00:02
stefano.crapanzano@chu.ulg.ac.be,Boîte de Réception - Zimbra - Stefano Crapanzano - Outlook,Helpdesk général,2021-04-13,09:24:09,00:00:03
stefano.crapanzano@chu.ulg.ac.be,Boîte de Réception - Zimbra - Stefano Crapanzano - Outlook,Helpdesk général,2021-04-13,09:28:35,00:00:04
stefano.crapanzano@chu.ulg.ac.be,Boîte de Réception - Zimbra - Stefano Crapanzano - Outlook,Helpdesk général,2021-04-13,09:44:32,00:00:07
stefano.crapanzano@chu.ulg.ac.be,Boîte de Réception - Zimbra - Stefano Crapanzano - Outlook,Helpdesk général,2021-04-13,09:45:53,00:00:02
stefano.crapanzano@chu.ulg.ac.be,Boîte de Réception - Zimbra - Stefano Crapanzano - Outlook,Helpdesk général,2021-04-13,09:46:01,00:00:02
stefano.crapanzano@chu.ulg.ac.be,Boîte de Réception - Zimbra - Stefano Crapanzano - Outlook,Helpdesk général,2021-04-13,10:35:13,00:00:03
stefano.crapanzano@chu.ulg.ac.be,Boîte de Réception - Zimbra - Stefano Crapanzano - Outlook,Helpdesk général,2021-04-13,10:36:41,00:04:30
stefano.crapanzano@chu.ulg.ac.be,Boîte de Réception - Zimbra - Stefano Crapanzano - Outlook,Helpdesk général,2021-04-13,10:41:14,01:31:20
stefano.crapanzano@chu.ulg.ac.be,Boîte de Réception - Zimbra - Stefano Crapanzano - Outlook,Helpdesk général,2021-04-13,12:12:37,01:01:41
stefano.crapanzano@chu.ulg.ac.be,Boîte de Réception - Zimbra - Stefano Crapanzano - Outlook,Helpdesk général,2021-04-13,13:42:54,00:00:03
stefano.crapanzano@chu.ulg.ac.be,Boîte de Réception - Zimbra - Stefano Crapanzano - Outlook,Helpdesk général,2021-04-13,14:28:55,00:00:02
stefano.crapanzano@chu.ulg.ac.be,Boîte de Réception - Zimbra - Stefano Crapanzano - Outlook,Helpdesk général,2021-04-13,16:12:51,00:00:38
stefano.crapanzano@chu.ulg.ac.be,Boîte de Réception - Zimbra - Stefano Crapanzano - Outlook,Helpdesk général,2021-04-13,16:14:29,00:00:07
stefano.crapanzano@chu.ulg.ac.be,Boîte de Réception - Zimbra - Stefano Crapanzano - Outlook,Helpdesk général,2021-04-13,16:58:44,00:00:02
stefano.crapanzano@chu.ulg.ac.be,Boîte de Réception - Zimbra - Stefano Crapanzano - Outlook,Helpdesk général,2021-04-13,16:58:49,00:00:44
stefano.crapanzano@chu.ulg.ac.be,Boîte de réception - erp.sai@chuliege.be - Outlook,Helpdesk général,2021-04-13,08:32:05,00:00:24
stefano.crapanzano@chu.ulg.ac.be,Boîte de réception - erp.sai@chuliege.be - Outlook,Helpdesk général,2021-04-13,08:56:40,00:00:46
stefano.crapanzano@chu.ulg.ac.be,Boîte de réception - erp.sai@chuliege.be - Outlook,Helpdesk général,2021-04-13,08:57:50,00:00:20
stefano.crapanzano@chu.ulg.ac.be,Boîte de réception - erp.sai@chuliege.be - Outlook,Helpdesk général,2021-04-13,09:24:13,00:00:03
stefano.crapanzano@chu.ulg.ac.be,Boîte de réception - erp.sai@chuliege.be - Outlook,Helpdesk général,2021-04-13,09:24:22,00:04:13
stefano.crapanzano@chu.ulg.ac.be,Boîte de réception - erp.sai@chuliege.be - Outlook,Helpdesk général,2021-04-13,09:33:07,00:00:15
stefano.crapanzano@chu.ulg.ac.be,Boîte de réception - erp.sai@chuliege.be - Outlook,Helpdesk général,2021-04-13,09:33:24,00:00:04
stefano.crapanzano@chu.ulg.ac.be,Boîte de réception - erp.sai@chuliege.be - Outlook,Helpdesk général,2021-04-13,09:45:56,00:00:04
stefano.crapanzano@chu.ulg.ac.be,Boîte de réception - erp.sai@chuliege.be - Outlook,Helpdesk général,2021-04-13,09:46:03,00:39:20
stefano.crapanzano@chu.ulg.ac.be,Boîte de réception - erp.sai@chuliege.be - Outlook,Helpdesk général,2021-04-13,10:25:28,00:09:45
stefano.crapanzano@chu.ulg.ac.be,Boîte de réception - erp.sai@chuliege.be - Outlook,Helpdesk général,2021-04-13,10:35:17,00:00:04
stefano.crapanzano@chu.ulg.ac.be,Boîte de réception - erp.sai@chuliege.be - Outlook,Helpdesk général,2021-04-13,12:12:35,00:00:02
stefano.crapanzano@chu.ulg.ac.be,Boîte de réception - erp.sai@chuliege.be - Outlook,Helpdesk général,2021-04-13,13:14:19,00:00:58
stefano.crapanzano@chu.ulg.ac.be,Boîte de réception - erp.sai@chuliege.be - Outlook,Helpdesk général,2021-04-13,13:15:25,00:00:13
stefano.crapanzano@chu.ulg.ac.be,Boîte de réception - erp.sai@chuliege.be - Outlook,Helpdesk général,2021-04-13,13:42:44,00:00:09
stefano.crapanzano@chu.ulg.ac.be,Boîte de réception - erp.sai@chuliege.be - Outlook,Helpdesk général,2021-04-13,13:42:57,00:00:07
stefano.crapanzano@chu.ulg.ac.be,Boîte de réception - erp.sai@chuliege.be - Outlook,Helpdesk général,2021-04-13,13:50:51,00:00:13
stefano.crapanzano@chu.ulg.ac.be,Boîte de réception - erp.sai@chuliege.be - Outlook,Helpdesk général,2021-04-13,14:28:51,00:00:03
stefano.crapanzano@chu.ulg.ac.be,Boîte de réception - erp.sai@chuliege.be - Outlook,Helpdesk général,2021-04-13,14:28:57,00:00:08
stefano.crapanzano@chu.ulg.ac.be,Boîte de réception - erp.sai@chuliege.be - Outlook,Helpdesk général,2021-04-13,16:58:46,00:00:02
stefano.crapanzano@chu.ulg.ac.be,SAP Logon 750,Exploration SAP,2021-04-13,08:38:47,00:00:04
stefano.crapanzano@chu.ulg.ac.be,SAP Logon 750,Exploration SAP,2021-04-13,15:07:23,00:00:03
stefano.crapanzano@chu.ulg.ac.be,SAP Easy Access Menu de base Applications financières-économiques,Exploration SAP,2021-04-13,08:38:52,00:00:08
stefano.crapanzano@chu.ulg.ac.be,SAP Easy Access Menu de base Applications financières-économiques,Exploration SAP,2021-04-13,15:07:27,00:00:04
stefano.crapanzano@chu.ulg.ac.be,SAP Easy Access Menu de base Applications financières-économiques,Exploration SAP,2021-04-13,15:07:42,00:00:04
stefano.crapanzano@chu.ulg.ac.be,SAP Easy Access Menu de base Applications financières-économiques,Exploration SAP,2021-04-13,15:07:50,00:00:08
stefano.crapanzano@chu.ulg.ac.be,SAP Easy Access Menu de base Applications financières-économiques,Exploration SAP,2021-04-13,15:10:45,00:00:03
stefano.crapanzano@chu.ulg.ac.be,SAP Easy Access Menu de base Applications financières-économiques,Exploration SAP,2021-04-13,15:10:50,00:00:09
stefano.crapanzano@chu.ulg.ac.be,SAP Easy Access Menu de base Applications financières-économiques,Exploration SAP,2021-04-13,15:13:03,00:00:08
stefano.crapanzano@chu.ulg.ac.be,SAP Easy Access Menu de base Applications financières-économiques,Exploration SAP,2021-04-13,15:13:14,00:00:09
stefano.crapanzano@chu.ulg.ac.be,SAP Easy Access Menu de base Applications financières-économiques,Exploration SAP,2021-04-13,15:17:23,00:00:02
stefano.crapanzano@chu.ulg.ac.be,SAP Easy Access Menu de base Applications financières-économiques,Exploration SAP,2021-04-13,15:17:28,00:00:04
stefano.crapanzano@chu.ulg.ac.be,Exporter/importer Lien entre article-centre de coûts et quantité,Exploration SAP,2021-04-13,08:39:00,00:00:33
stefano.crapanzano@chu.ulg.ac.be,Exporter/importer Lien entre article-centre de coûts et quantité,Exploration SAP,2021-04-13,08:39:37,00:00:03
stefano.crapanzano@chu.ulg.ac.be,Exporter/importer Lien entre article-centre de coûts et quantité,Exploration SAP,2021-04-13,08:39:43,00:00:50
stefano.crapanzano@chu.ulg.ac.be,Exporter/importer Lien entre article-centre de coûts et quantité,Exploration SAP,2021-04-13,08:40:40,00:00:06
stefano.crapanzano@chu.ulg.ac.be,Exporter/importer Lien entre article-centre de coûts et quantité,Exploration SAP,2021-04-13,08:40:49,00:00:02
stefano.crapanzano@chu.ulg.ac.be,Exporter/importer Lien entre article-centre de coûts et quantité,Exploration SAP,2021-04-13,08:41:28,00:00:03
stefano.crapanzano@chu.ulg.ac.be,Exporter/importer Lien entre article-centre de coûts et quantité,Exploration SAP,2021-04-13,08:41:33,00:00:15
stefano.crapanzano@chu.ulg.ac.be,Exporter/importer Lien entre article-centre de coûts et quantité,Exploration SAP,2021-04-13,15:07:59,00:00:30
stefano.crapanzano@chu.ulg.ac.be,Exporter/importer Lien entre article-centre de coûts et quantité,Exploration SAP,2021-04-13,15:08:42,00:00:03
stefano.crapanzano@chu.ulg.ac.be,Exporter/importer Lien entre article-centre de coûts et quantité,Exploration SAP,2021-04-13,15:08:50,00:00:45
stefano.crapanzano@chu.ulg.ac.be,Exporter/importer Lien entre article-centre de coûts et quantité,Exploration SAP,2021-04-13,15:09:45,00:00:19
stefano.crapanzano@chu.ulg.ac.be,Exporter/importer Lien entre article-centre de coûts et quantité,Exploration SAP,2021-04-13,15:11:00,00:00:13
stefano.crapanzano@chu.ulg.ac.be,Exporter/importer Lien entre article-centre de coûts et quantité,Exploration SAP,2021-04-13,15:11:17,00:00:15
stefano.crapanzano@chu.ulg.ac.be,Exporter/importer Lien entre article-centre de coûts et quantité,Exploration SAP,2021-04-13,15:11:37,00:00:09
stefano.crapanzano@chu.ulg.ac.be,Exporter/importer Lien entre article-centre de coûts et quantité,Exploration SAP,2021-04-13,15:11:50,00:00:02
stefano.crapanzano@chu.ulg.ac.be,Exporter/importer Lien entre article-centre de coûts et quantité,Exploration SAP,2021-04-13,15:12:58,00:00:04
stefano.crapanzano@chu.ulg.ac.be,Exporter/importer Lien entre article-centre de coûts et quantité,Exploration SAP,2021-04-13,15:13:23,00:00:08
stefano.crapanzano@chu.ulg.ac.be,Exporter/importer Lien entre article-centre de coûts et quantité,Exploration SAP,2021-04-13,15:13:35,00:00:02
stefano.crapanzano@chu.ulg.ac.be,Exporter/importer Lien entre article-centre de coûts et quantité,Exploration SAP,2021-04-13,15:13:41,00:01:18
stefano.crapanzano@chu.ulg.ac.be,Exporter/importer Lien entre article-centre de coûts et quantité,Exploration SAP,2021-04-13,15:15:03,00:00:10
stefano.crapanzano@chu.ulg.ac.be,Exporter/importer Lien entre article-centre de coûts et quantité,Exploration SAP,2021-04-13,15:15:17,00:00:25
stefano.crapanzano@chu.ulg.ac.be,Exporter/importer Lien entre article-centre de coûts et quantité,Exploration SAP,2021-04-13,15:15:46,00:00:03
stefano.crapanzano@chu.ulg.ac.be,Exporter/importer Lien entre article-centre de coûts et quantité,Exploration SAP,2021-04-13,15:15:52,00:00:21
stefano.crapanzano@chu.ulg.ac.be,Exporter/importer Lien entre article-centre de coûts et quantité,Exploration SAP,2021-04-13,15:17:20,00:00:03
stefano.crapanzano@chu.ulg.ac.be,Exporter/importer Lien entre article-centre de coûts et quantité,Exploration SAP,2021-04-13,15:17:33,00:00:07
stefano.crapanzano@chu.ulg.ac.be,Exporter/importer Lien entre article-centre de coûts et quantité,Exploration SAP,2021-04-13,15:17:46,00:00:03
stefano.crapanzano@chu.ulg.ac.be,Exporter/importer Lien entre article-centre de coûts et quantité,Exploration SAP,2021-04-13,15:17:55,00:00:48
stefano.crapanzano@chu.ulg.ac.be,Exporter/importer Lien entre article-centre de coûts et quantité,Exploration SAP,2021-04-13,15:18:48,00:00:03
stefano.crapanzano@chu.ulg.ac.be,Exporter/importer Lien entre article-centre de coûts et quantité,Exploration SAP,2021-04-13,15:18:57,00:00:09
stefano.crapanzano@chu.ulg.ac.be,Exporter/importer Lien entre article-centre de coûts et quantité,Exploration SAP,2021-04-13,15:19:10,00:00:02
stefano.crapanzano@chu.ulg.ac.be,Exporter/importer Lien entre article-centre de coûts et quantité,Exploration SAP,2021-04-13,15:31:33,00:00:04
stefano.crapanzano@chu.ulg.ac.be,Exporter/importer Lien entre article-centre de coûts et quantité,Exploration SAP,2021-04-13,15:37:01,00:00:03
stefano.crapanzano@chu.ulg.ac.be,Exporter/importer Lien entre article-centre de coûts et quantité,Exploration SAP,2021-04-13,16:14:57,00:00:03
stefano.crapanzano@chu.ulg.ac.be,Exporter/importer Lien entre article-centre de coûts et quantité,Exploration SAP,2021-04-13,16:15:08,00:07:37
stefano.crapanzano@chu.ulg.ac.be,Information,Exploration SAP,2021-04-13,08:39:34,00:00:03
stefano.crapanzano@chu.ulg.ac.be,Information,Exploration SAP,2021-04-13,15:08:29,00:00:03
stefano.crapanzano@chu.ulg.ac.be,Information,Exploration SAP,2021-04-13,15:11:13,00:00:03
stefano.crapanzano@chu.ulg.ac.be,Information,Exploration SAP,2021-04-13,15:13:32,00:00:03
stefano.crapanzano@chu.ulg.ac.be,Information,Exploration SAP,2021-04-13,15:17:40,00:00:06
stefano.crapanzano@chu.ulg.ac.be,Mise en forme : sélectionner,Exploration SAP,2021-04-13,08:39:41,00:00:02
stefano.crapanzano@chu.ulg.ac.be,Mise en forme : sélectionner,Exploration SAP,2021-04-13,15:08:46,00:00:03
stefano.crapanzano@chu.ulg.ac.be,Mise en forme : sélectionner,Exploration SAP,2021-04-13,15:13:38,00:00:03
stefano.crapanzano@chu.ulg.ac.be,Mise en forme : sélectionner,Exploration SAP,2021-04-13,15:14:59,00:00:03
stefano.crapanzano@chu.ulg.ac.be,Mise en forme : sélectionner,Exploration SAP,2021-04-13,15:15:43,00:00:03
stefano.crapanzano@chu.ulg.ac.be,Mise en forme : sélectionner,Exploration SAP,2021-04-13,15:17:50,00:00:04
stefano.crapanzano@chu.ulg.ac.be,Sauveg. liste ds fichier.,Exploration SAP,2021-04-13,08:40:34,00:00:06
stefano.crapanzano@chu.ulg.ac.be,Sauveg. liste ds fichier.,Exploration SAP,2021-04-13,15:09:35,00:00:09
stefano.crapanzano@chu.ulg.ac.be,Sauveg. liste ds fichier.,Exploration SAP,2021-04-13,15:11:32,00:00:04
stefano.crapanzano@chu.ulg.ac.be,Sauveg. liste ds fichier.,Exploration SAP,2021-04-13,15:18:43,00:00:04
stefano.crapanzano@chu.ulg.ac.be,Sécurité SAP GUI,Exploration SAP,2021-04-13,08:40:46,00:00:03
stefano.crapanzano@chu.ulg.ac.be,Sécurité SAP GUI,Exploration SAP,2021-04-13,15:11:47,00:00:03
stefano.crapanzano@chu.ulg.ac.be,Sécurité SAP GUI,Exploration SAP,2021-04-13,15:19:06,00:00:03
stefano.crapanzano@chu.ulg.ac.be,Sécurité SAP GUI,Exploration SAP,2021-04-13,15:26:48,00:00:06
stefano.crapanzano@chu.ulg.ac.be,C:\temp\test.txt - Notepad++ [Administrator],IT,2021-04-13,08:41:02,00:00:22
stefano.crapanzano@chu.ulg.ac.be,C:\temp\test.txt - Notepad++ [Administrator],IT,2021-04-13,08:41:49,00:14:13
stefano.crapanzano@chu.ulg.ac.be,C:\temp\test.txt - Notepad++ [Administrator],IT,2021-04-13,08:56:16,00:00:13
stefano.crapanzano@chu.ulg.ac.be,C:\temp\test.txt - Notepad++ [Administrator],IT,2021-04-13,14:03:10,00:00:03
stefano.crapanzano@chu.ulg.ac.be,SVN_LOCAL – ALERT_EMAIL_ERP.pm [SVN_LOCAL] (Administrator),IT,2021-04-13,08:56:03,00:00:13
stefano.crapanzano@chu.ulg.ac.be,SVN_LOCAL – ALERT_EMAIL_ERP.pm [SVN_LOCAL] (Administrator),IT,2021-04-13,13:21:24,00:00:32
stefano.crapanzano@chu.ulg.ac.be,Sent - erp.sai@chuliege.be - Outlook,Helpdesk général,2021-04-13,08:57:27,00:00:22
stefano.crapanzano@chu.ulg.ac.be,Sent - erp.sai@chuliege.be - Outlook,Helpdesk général,2021-04-13,09:24:17,00:00:04
stefano.crapanzano@chu.ulg.ac.be,Sent - erp.sai@chuliege.be - Outlook,Helpdesk général,2021-04-13,09:28:40,00:04:27
stefano.crapanzano@chu.ulg.ac.be,Sent - erp.sai@chuliege.be - Outlook,Helpdesk général,2021-04-13,09:33:29,00:00:30
stefano.crapanzano@chu.ulg.ac.be,Sent - erp.sai@chuliege.be - Outlook,Helpdesk général,2021-04-13,09:39:47,00:00:10
stefano.crapanzano@chu.ulg.ac.be,Sent - erp.sai@chuliege.be - Outlook,Helpdesk général,2021-04-13,09:44:28,00:00:03
stefano.crapanzano@chu.ulg.ac.be,Sent - erp.sai@chuliege.be - Outlook,Helpdesk général,2021-04-13,10:35:22,00:01:19
stefano.crapanzano@chu.ulg.ac.be,Sent - erp.sai@chuliege.be - Outlook,Helpdesk général,2021-04-13,13:15:18,00:00:07
stefano.crapanzano@chu.ulg.ac.be,Sent - erp.sai@chuliege.be - Outlook,Helpdesk général,2021-04-13,13:15:38,00:05:45
stefano.crapanzano@chu.ulg.ac.be,Sent - erp.sai@chuliege.be - Outlook,Helpdesk général,2021-04-13,13:42:42,00:00:02
stefano.crapanzano@chu.ulg.ac.be,Sent - erp.sai@chuliege.be - Outlook,Helpdesk général,2021-04-13,13:43:04,00:01:57
stefano.crapanzano@chu.ulg.ac.be,Sent - erp.sai@chuliege.be - Outlook,Helpdesk général,2021-04-13,13:50:48,00:00:02
stefano.crapanzano@chu.ulg.ac.be,Sent - erp.sai@chuliege.be - Outlook,Helpdesk général,2021-04-13,14:29:05,00:14:43
stefano.crapanzano@chu.ulg.ac.be,Sent - erp.sai@chuliege.be - Outlook,Helpdesk général,2021-04-13,16:12:48,00:00:03
stefano.crapanzano@chu.ulg.ac.be,Didier BARE - erp.sai@chuliege.be - Outlook,Helpdesk général,2021-04-13,08:58:14,00:00:04
stefano.crapanzano@chu.ulg.ac.be,Stefano CRAPANZANO - erp.sai@chuliege.be - Outlook,Helpdesk général,2021-04-13,08:58:19,00:25:50
stefano.crapanzano@chu.ulg.ac.be,Helpdesk ATI - Db Hardware Prod - Google Chrome,Tâches diverses,2021-04-13,09:33:59,00:00:04
stefano.crapanzano@chu.ulg.ac.be,Service MT - Google Chrome,Tâches diverses,2021-04-13,09:34:15,00:00:20
stefano.crapanzano@chu.ulg.ac.be,Service MT - Google Chrome,Tâches diverses,2021-04-13,09:39:19,00:00:26
stefano.crapanzano@chu.ulg.ac.be,Service MT - Google Chrome,Tâches diverses,2021-04-13,09:39:59,00:04:29
stefano.crapanzano@chu.ulg.ac.be,Service MT - Google Chrome,Tâches diverses,2021-04-13,09:44:39,00:01:13
stefano.crapanzano@chu.ulg.ac.be,Service MT - Google Chrome,Tâches diverses,2021-04-13,13:49:36,00:01:09
stefano.crapanzano@chu.ulg.ac.be,Service MT - Google Chrome,Tâches diverses,2021-04-13,13:51:04,00:01:34
stefano.crapanzano@chu.ulg.ac.be,Identification - Google Chrome,Tâches diverses,2021-04-13,09:34:06,00:00:08
stefano.crapanzano@chu.ulg.ac.be,PE2_203 - sftp://PE2U2FTP@153.89.110.38 - FileZilla,Helpdesk général,2021-04-13,09:34:35,00:00:02
stefano.crapanzano@chu.ulg.ac.be,Gestionnaire de Sites,Helpdesk général,2021-04-13,09:34:37,00:00:02
stefano.crapanzano@chu.ulg.ac.be,Iepacs - sftp://kofaxchu@iepacs.chu.ulg.ac.be - FileZilla,Helpdesk général,2021-04-13,09:34:41,00:04:38
stefano.crapanzano@chu.ulg.ac.be,Schedule for Addition,IT,2021-04-13,16:07:58,00:00:02
stefano.crapanzano@chu.ulg.ac.be,SVN_LOCAL – CHL_ERP_EXTRACT_ZMMARTIKEL.pl [SVN_LOCAL] (Administrator),IT,2021-04-13,13:21:58,00:00:12
stefano.crapanzano@chu.ulg.ac.be,SVN_LOCAL – CHL_ERP_EXTRACT_ZMMARTIKEL.pl [SVN_LOCAL] (Administrator),IT,2021-04-13,13:22:19,00:00:02
stefano.crapanzano@chu.ulg.ac.be,SVN_LOCAL – CHL_ERP_EXTRACT_ZMMARTIKEL.pl [SVN_LOCAL] (Administrator),IT,2021-04-13,13:22:46,00:00:02
stefano.crapanzano@chu.ulg.ac.be,SVN_LOCAL – CHL_ERP_EXTRACT_ZMMARTIKEL.pl [SVN_LOCAL] (Administrator),IT,2021-04-13,13:22:54,00:00:02
stefano.crapanzano@chu.ulg.ac.be,SVN_LOCAL – CHL_ERP_EXTRACT_ZMMARTIKEL.pl [SVN_LOCAL] (Administrator),IT,2021-04-13,13:23:08,00:00:02
stefano.crapanzano@chu.ulg.ac.be,SVN_LOCAL – CHL_ERP_EXTRACT_ZMMARTIKEL.pl [SVN_LOCAL] (Administrator),IT,2021-04-13,13:23:30,00:00:58
stefano.crapanzano@chu.ulg.ac.be,SVN_LOCAL – CHL_ERP_EXTRACT_ZMMARTIKEL.pl [SVN_LOCAL] (Administrator),IT,2021-04-13,13:24:30,00:00:02
stefano.crapanzano@chu.ulg.ac.be,SVN_LOCAL – CHL_ERP_EXTRACT_ZMMARTIKEL.pl [SVN_LOCAL] (Administrator),IT,2021-04-13,13:24:34,00:00:33
stefano.crapanzano@chu.ulg.ac.be,SVN_LOCAL – CHL_ERP_EXTRACT_ZMMARTIKEL.pl [SVN_LOCAL] (Administrator),IT,2021-04-13,13:25:25,00:00:45
stefano.crapanzano@chu.ulg.ac.be,SVN_LOCAL – CHL_ERP_EXTRACT_ZMMARTIKEL.pl [SVN_LOCAL] (Administrator),IT,2021-04-13,13:26:23,00:00:04
stefano.crapanzano@chu.ulg.ac.be,SVN_LOCAL – CHL_ERP_EXTRACT_ZMMARTIKEL.pl [SVN_LOCAL] (Administrator),IT,2021-04-13,13:26:29,00:01:14
stefano.crapanzano@chu.ulg.ac.be,SVN_LOCAL – CHL_ERP_EXTRACT_ZMMARTIKEL.pl [SVN_LOCAL] (Administrator),IT,2021-04-13,13:27:53,00:00:06
stefano.crapanzano@chu.ulg.ac.be,SVN_LOCAL – CHL_ERP_EXTRACT_ZMMARTIKEL.pl [SVN_LOCAL] (Administrator),IT,2021-04-13,13:28:03,00:14:34
stefano.crapanzano@chu.ulg.ac.be,SVN_LOCAL – CHL_ERP_EXTRACT_ZMMARTIKEL.pl [SVN_LOCAL] (Administrator),IT,2021-04-13,13:45:01,00:04:21
stefano.crapanzano@chu.ulg.ac.be,SVN_LOCAL – CHL_ERP_EXTRACT_ZMMARTIKEL.pl [SVN_LOCAL] (Administrator),IT,2021-04-13,13:49:30,00:00:06
stefano.crapanzano@chu.ulg.ac.be,SVN_LOCAL – CHL_ERP_EXTRACT_ZMMARTIKEL.pl [SVN_LOCAL] (Administrator),IT,2021-04-13,13:52:38,00:02:53
stefano.crapanzano@chu.ulg.ac.be,SVN_LOCAL – CHL_ERP_EXTRACT_ZMMARTIKEL.pl [SVN_LOCAL] (Administrator),IT,2021-04-13,14:01:37,00:00:02
stefano.crapanzano@chu.ulg.ac.be,SVN_LOCAL – CHL_ERP_EXTRACT_ZMMARTIKEL.pl [SVN_LOCAL] (Administrator),IT,2021-04-13,16:07:17,00:00:28
stefano.crapanzano@chu.ulg.ac.be,SVN_LOCAL – CHL_ERP_EXTRACT_ZMMARTIKEL.pl [SVN_LOCAL] (Administrator),IT,2021-04-13,16:10:08,00:00:12
stefano.crapanzano@chu.ulg.ac.be,SVN_LOCAL – CHL_ERP_EXTRACT_ZMMARTIKEL.pl [SVN_LOCAL] (Administrator),IT,2021-04-13,16:10:55,00:00:27
stefano.crapanzano@chu.ulg.ac.be,SVN_LOCAL – CHL_ERP_EXTRACT_ZMMARTIKEL.pl [SVN_LOCAL] (Administrator),IT,2021-04-13,16:11:35,00:00:14
stefano.crapanzano@chu.ulg.ac.be,SVN_LOCAL – CHL_ERP_EXTRACT_ZMMARTIKEL.pl [SVN_LOCAL] (Administrator),IT,2021-04-13,16:12:43,00:00:02
stefano.crapanzano@chu.ulg.ac.be,SVN_LOCAL – CHL_ERP_ZI54_MONITORING.pl [SVN_LOCAL] (Administrator),IT,2021-04-13,13:22:10,00:00:08
stefano.crapanzano@chu.ulg.ac.be,SVN_LOCAL – CHL_ERP_ZI54_MONITORING.pl [SVN_LOCAL] (Administrator),IT,2021-04-13,13:22:22,00:00:24
stefano.crapanzano@chu.ulg.ac.be,SVN_LOCAL – CHL_ERP_ZI54_MONITORING.pl [SVN_LOCAL] (Administrator),IT,2021-04-13,13:22:48,00:00:06
stefano.crapanzano@chu.ulg.ac.be,SVN_LOCAL – CHL_ERP_ZI54_MONITORING.pl [SVN_LOCAL] (Administrator),IT,2021-04-13,13:22:57,00:00:10
stefano.crapanzano@chu.ulg.ac.be,SVN_LOCAL – CHL_ERP_ZI54_MONITORING.pl [SVN_LOCAL] (Administrator),IT,2021-04-13,13:23:10,00:00:19
stefano.crapanzano@chu.ulg.ac.be,SVN_LOCAL – CHL_ERP_ZI54_MONITORING.pl [SVN_LOCAL] (Administrator),IT,2021-04-13,16:11:22,00:00:12
stefano.crapanzano@chu.ulg.ac.be,SVN_LOCAL – CHL_ERP_IDOC_MONITORING.pl [SVN_LOCAL] (Administrator),IT,2021-04-13,13:25:07,00:00:17
stefano.crapanzano@chu.ulg.ac.be,SVN_LOCAL – CHL_ERP_IDOC_MONITORING.pl [SVN_LOCAL] (Administrator),IT,2021-04-13,13:26:10,00:00:12
stefano.crapanzano@chu.ulg.ac.be,SVN_LOCAL – CHL_ERP_IDOC_MONITORING.pl [SVN_LOCAL] (Administrator),IT,2021-04-13,13:27:43,00:00:09
stefano.crapanzano@chu.ulg.ac.be,SVN_LOCAL – CHL_ERP_IDOC_MONITORING.pl [SVN_LOCAL] (Administrator),IT,2021-04-13,13:27:59,00:00:03
stefano.crapanzano@chu.ulg.ac.be,C:\Users\c158492\ProjetBoulot\SVN_LOCAL\BAT\ERP\BAT\ERP\CHL_ERP_MAIL_MEDNUC_MONITORING.bat,IT,2021-04-13,13:49:23,00:00:07
stefano.crapanzano@chu.ulg.ac.be,contrat.xls  [Mode de compatibilité] - Excel,Tâches diverses,2021-04-13,13:56:34,00:00:03
stefano.crapanzano@chu.ulg.ac.be,contrat.xls  [Mode de compatibilité] - Excel,Tâches diverses,2021-04-13,13:56:51,00:01:20
stefano.crapanzano@chu.ulg.ac.be,20191018_TEMPLATE XPERTHIS WART NART_F9_AVEC MAJ DONNEES LABO_V121_TEMPLATE ARRETE AU 20201002_V04_ANALYSE DONNEES SAP_TEMPLATE_V01.xlsx - Excel,Tâches diverses,2021-04-13,13:56:40,00:00:10
stefano.crapanzano@chu.ulg.ac.be,20191018_TEMPLATE XPERTHIS WART NART_F9_AVEC MAJ DONNEES LABO_V121_TEMPLATE ARRETE AU 20201002_V04_ANALYSE DONNEES SAP_TEMPLATE_V01.xlsx - Excel,Tâches diverses,2021-04-13,13:58:13,00:01:16
stefano.crapanzano@chu.ulg.ac.be,20191018_TEMPLATE XPERTHIS WART NART_F9_AVEC MAJ DONNEES LABO_V121_TEMPLATE ARRETE AU 20201002_V04_ANALYSE DONNEES SAP_TEMPLATE_V01.xlsx - Excel,Tâches diverses,2021-04-13,14:00:38,00:00:05
stefano.crapanzano@chu.ulg.ac.be,20191018_TEMPLATE XPERTHIS WART NART_F9_AVEC MAJ DONNEES LABO_V121_TEMPLATE ARRETE AU 20201002_V04_ANALYSE DONNEES SAP_TEMPLATE_V01.xlsx - Excel,Tâches diverses,2021-04-13,16:05:59,00:00:19
stefano.crapanzano@chu.ulg.ac.be,20191018_TEMPLATE XPERTHIS WART NART_F9_AVEC MAJ DONNEES LABO_V121_TEMPLATE ARRETE AU 20201002_V04_ANALYSE DONNEES SAP_TEMPLATE_V01.xlsx - Excel,Tâches diverses,2021-04-13,16:07:14,00:00:02
stefano.crapanzano@chu.ulg.ac.be,Microsoft Excel,Tâches diverses,2021-04-13,14:00:36,00:00:02
stefano.crapanzano@chu.ulg.ac.be,Microsoft Excel,Tâches diverses,2021-04-13,15:37:13,00:00:02
stefano.crapanzano@chu.ulg.ac.be,Excel,Tâches diverses,2021-04-13,13:59:33,00:00:02
stefano.crapanzano@chu.ulg.ac.be,EXTRACT_CONTRIX.xltm - Excel,Tâches diverses,2021-04-13,13:59:36,00:00:04
stefano.crapanzano@chu.ulg.ac.be,EXTRACT_CONTRIX.xltm - Excel,Tâches diverses,2021-04-13,14:00:02,00:00:07
stefano.crapanzano@chu.ulg.ac.be,EXTRACT_CONTRIX.xltm - Excel,Tâches diverses,2021-04-13,14:00:29,00:00:07
stefano.crapanzano@chu.ulg.ac.be,Microsoft Visual Basic pour Applications - EXTRACT_CONTRIX.xltm - [Module1 (Code)],Tâches diverses,2021-04-13,13:59:41,00:00:21
stefano.crapanzano@chu.ulg.ac.be,Connexions du classeur,Tâches diverses,2021-04-13,14:00:09,00:00:02
stefano.crapanzano@chu.ulg.ac.be,Propriétés de connexion,Tâches diverses,2021-04-13,14:00:12,00:00:15
stefano.crapanzano@chu.ulg.ac.be,EXTRACT_ZMMARTIKEL.xltm - Excel,Tâches diverses,2021-04-13,14:01:13,00:00:03
stefano.crapanzano@chu.ulg.ac.be,EXTRACT_ZMMARTIKEL.xltm - Excel,Tâches diverses,2021-04-13,15:43:26,00:00:02
stefano.crapanzano@chu.ulg.ac.be,EXTRACT_ZMMARTIKEL.xltm - Excel,Tâches diverses,2021-04-13,16:03:01,00:02:50
stefano.crapanzano@chu.ulg.ac.be,EXTRACT_ZMMARTIKEL.xltm - Excel,Tâches diverses,2021-04-13,16:06:24,00:00:04
stefano.crapanzano@chu.ulg.ac.be,EXTRACT_ZMMARTIKEL.xltm - Excel,Tâches diverses,2021-04-13,16:07:11,00:00:03
stefano.crapanzano@chu.ulg.ac.be,Microsoft Visual Basic pour Applications - EXTRACT_ZMMARTIKEL.xltm - [Module1 (Code)],Tâches diverses,2021-04-13,14:01:17,00:00:19
stefano.crapanzano@chu.ulg.ac.be,Microsoft Visual Basic pour Applications - EXTRACT_ZMMARTIKEL.xltm - [Module1 (Code)],Tâches diverses,2021-04-13,14:01:40,00:01:19
stefano.crapanzano@chu.ulg.ac.be,Microsoft Visual Basic pour Applications - EXTRACT_ZMMARTIKEL.xltm - [Module1 (Code)],Tâches diverses,2021-04-13,14:04:29,00:24:20
stefano.crapanzano@chu.ulg.ac.be,Microsoft Visual Basic pour Applications - EXTRACT_ZMMARTIKEL.xltm - [Module1 (Code)],Tâches diverses,2021-04-13,14:43:53,00:23:26
stefano.crapanzano@chu.ulg.ac.be,Microsoft Visual Basic pour Applications - EXTRACT_ZMMARTIKEL.xltm - [Module1 (Code)],Tâches diverses,2021-04-13,15:07:34,00:00:08
stefano.crapanzano@chu.ulg.ac.be,Microsoft Visual Basic pour Applications - EXTRACT_ZMMARTIKEL.xltm - [Module1 (Code)],Tâches diverses,2021-04-13,15:16:44,00:00:10
stefano.crapanzano@chu.ulg.ac.be,Microsoft Visual Basic pour Applications - EXTRACT_ZMMARTIKEL.xltm - [Module1 (Code)],Tâches diverses,2021-04-13,15:20:10,00:00:21
stefano.crapanzano@chu.ulg.ac.be,Microsoft Visual Basic pour Applications - EXTRACT_ZMMARTIKEL.xltm - [Module1 (Code)],Tâches diverses,2021-04-13,15:20:58,00:00:06
stefano.crapanzano@chu.ulg.ac.be,Microsoft Visual Basic pour Applications - EXTRACT_ZMMARTIKEL.xltm - [Module1 (Code)],Tâches diverses,2021-04-13,15:21:06,00:04:27
stefano.crapanzano@chu.ulg.ac.be,Microsoft Visual Basic pour Applications - EXTRACT_ZMMARTIKEL.xltm - [Module1 (Code)],Tâches diverses,2021-04-13,15:25:37,00:00:06
stefano.crapanzano@chu.ulg.ac.be,Microsoft Visual Basic pour Applications - EXTRACT_ZMMARTIKEL.xltm - [Module1 (Code)],Tâches diverses,2021-04-13,15:36:31,00:00:27
stefano.crapanzano@chu.ulg.ac.be,Microsoft Visual Basic pour Applications - EXTRACT_ZMMARTIKEL.xltm - [Module1 (Code)],Tâches diverses,2021-04-13,15:37:18,00:00:03
stefano.crapanzano@chu.ulg.ac.be,Microsoft Visual Basic pour Applications - EXTRACT_ZMMARTIKEL.xltm - [Module1 (Code)],Tâches diverses,2021-04-13,15:37:25,00:00:09
stefano.crapanzano@chu.ulg.ac.be,Microsoft Visual Basic pour Applications - EXTRACT_ZMMARTIKEL.xltm - [Module1 (Code)],Tâches diverses,2021-04-13,16:02:53,00:00:08
stefano.crapanzano@chu.ulg.ac.be,Microsoft Visual Basic pour Applications - EXTRACT_ZMMARTIKEL.xltm - [Module1 (Code)],Tâches diverses,2021-04-13,16:06:29,00:00:42
stefano.crapanzano@chu.ulg.ac.be,C:\temp\zi103.txt - Notepad++ [Administrator],IT,2021-04-13,14:04:12,00:00:13
stefano.crapanzano@chu.ulg.ac.be,Enregistrement et Playback,Exploration SAP,2021-04-13,15:07:47,00:00:02
stefano.crapanzano@chu.ulg.ac.be,Enregistrement et Playback,Exploration SAP,2021-04-13,15:10:19,00:00:03
stefano.crapanzano@chu.ulg.ac.be,Enregistrement et Playback,Exploration SAP,2021-04-13,15:15:14,00:00:03
stefano.crapanzano@chu.ulg.ac.be,Enregistrement et Playback,Exploration SAP,2021-04-13,15:16:26,00:00:06
stefano.crapanzano@chu.ulg.ac.be,Enregistrement et Playback,Exploration SAP,2021-04-13,15:19:21,00:00:02
stefano.crapanzano@chu.ulg.ac.be,SAP Frontend Server,Exploration SAP,2021-04-13,15:15:50,00:00:02
stefano.crapanzano@chu.ulg.ac.be,C:\Users\c158492\ProjetBoulot\SQL\GOAL\v_goal_extract_articles_pe2.sql - Notepad++ [Administrator],IT,2021-04-13,15:10:10,00:00:06
stefano.crapanzano@chu.ulg.ac.be,C:\Users\c158492\ProjetBoulot\SQL\GOAL\v_goal_extract_articles_pe2.sql - Notepad++ [Administrator],IT,2021-04-13,16:12:38,00:00:04
stefano.crapanzano@chu.ulg.ac.be,C:\Users\c158492\ProjetBoulot\SVN_LOCAL\PERL\ERP\CHL_ERP_ZI103_MONITORING.pl - Notepad++ [Administrator],IT,2021-04-13,15:10:17,00:00:02
stefano.crapanzano@chu.ulg.ac.be,C:\Users\c158492\ProjetBoulot\SVN_LOCAL\PERL\ERP\CHL_ERP_ZI103_MONITORING.pl - Notepad++ [Administrator],IT,2021-04-13,15:10:23,00:00:02
stefano.crapanzano@chu.ulg.ac.be,C:\Users\c158492\AppData\Roaming\SAP\SAP GUI\Scripts\Script3.vbs - Notepad++ [Administrator],IT,2021-04-13,15:10:25,00:00:05
stefano.crapanzano@chu.ulg.ac.be,C:\Users\c158492\AppData\Roaming\SAP\SAP GUI\Scripts\Script3.vbs - Notepad++ [Administrator],IT,2021-04-13,15:10:33,00:00:10
stefano.crapanzano@chu.ulg.ac.be,C:\Users\c158492\AppData\Roaming\SAP\SAP GUI\Scripts\Script3.vbs - Notepad++ [Administrator],IT,2021-04-13,15:12:01,00:00:02
stefano.crapanzano@chu.ulg.ac.be,C:\Users\c158492\AppData\Roaming\SAP\SAP GUI\Scripts\Script3.vbs - Notepad++ [Administrator],IT,2021-04-13,15:16:19,00:00:07
stefano.crapanzano@chu.ulg.ac.be,C:\Users\c158492\AppData\Roaming\SAP\SAP GUI\Scripts\Script3.vbs - Notepad++ [Administrator],IT,2021-04-13,15:16:33,00:00:10
stefano.crapanzano@chu.ulg.ac.be,C:\Users\c158492\AppData\Roaming\SAP\SAP GUI\Scripts\Script3.vbs - Notepad++ [Administrator],IT,2021-04-13,15:20:00,00:00:08
stefano.crapanzano@chu.ulg.ac.be,*new 2 - Notepad++ [Administrator],IT,2021-04-13,15:11:59,00:00:02
stefano.crapanzano@chu.ulg.ac.be,*new 2 - Notepad++ [Administrator],IT,2021-04-13,15:16:59,00:00:15
stefano.crapanzano@chu.ulg.ac.be,C:\temp\test2.txt - Notepad++ [Administrator],IT,2021-04-13,15:12:10,00:00:28
stefano.crapanzano@chu.ulg.ac.be,C:\temp\test2.txt - Notepad++ [Administrator],IT,2021-04-13,15:12:41,00:00:15
stefano.crapanzano@chu.ulg.ac.be,C:\temp\test2.txt - Notepad++ [Administrator],IT,2021-04-13,16:12:33,00:00:02
stefano.crapanzano@chu.ulg.ac.be,C:\temp2\zmmartikel.txt - Notepad++ [Administrator],IT,2021-04-13,15:19:18,00:00:03
stefano.crapanzano@chu.ulg.ac.be,C:\temp2\zmmartikel.txt - Notepad++ [Administrator],IT,2021-04-13,15:19:24,00:00:26
stefano.crapanzano@chu.ulg.ac.be,C:\temp2\zmmartikel.txt - Notepad++ [Administrator],IT,2021-04-13,15:19:58,00:00:02
stefano.crapanzano@chu.ulg.ac.be,C:\temp2\zmmartikel.txt - Notepad++ [Administrator],IT,2021-04-13,15:30:59,00:00:02
stefano.crapanzano@chu.ulg.ac.be,Rechercher,Tâches diverses,2021-04-13,15:20:31,00:00:07
stefano.crapanzano@chu.ulg.ac.be,Remplacer,Tâches diverses,2021-04-13,15:20:39,00:00:16
stefano.crapanzano@chu.ulg.ac.be,Microsoft Visual Basic pour Applications - EXTRACT_ZMMARTIKEL.xltm [exécution en cours] - [Module1 (Code)],Tâches diverses,2021-04-13,15:25:54,00:00:06
stefano.crapanzano@chu.ulg.ac.be,Microsoft Visual Basic pour Applications - EXTRACT_ZMMARTIKEL.xltm [exécution en cours] - [Module1 (Code)],Tâches diverses,2021-04-13,15:26:10,00:00:02
stefano.crapanzano@chu.ulg.ac.be,Microsoft Visual Basic pour Applications - EXTRACT_ZMMARTIKEL.xltm [exécution en cours] - [Module1 (Code)],Tâches diverses,2021-04-13,15:26:27,00:00:21
stefano.crapanzano@chu.ulg.ac.be,Microsoft Visual Basic pour Applications - EXTRACT_ZMMARTIKEL.xltm [exécution en cours] - [Module1 (Code)],Tâches diverses,2021-04-13,15:26:54,00:00:02
stefano.crapanzano@chu.ulg.ac.be,Microsoft Visual Basic pour Applications - EXTRACT_ZMMARTIKEL.xltm [exécution en cours] - [Module1 (Code)],Tâches diverses,2021-04-13,15:37:38,00:00:33
stefano.crapanzano@chu.ulg.ac.be,Microsoft Visual Basic pour Applications - EXTRACT_ZMMARTIKEL.xltm [arrêt] - [Module1 (Code)],Tâches diverses,2021-04-13,15:25:43,00:00:10
stefano.crapanzano@chu.ulg.ac.be,Microsoft Visual Basic pour Applications - EXTRACT_ZMMARTIKEL.xltm [arrêt] - [Module1 (Code)],Tâches diverses,2021-04-13,15:26:00,00:00:03
stefano.crapanzano@chu.ulg.ac.be,Microsoft Visual Basic pour Applications - EXTRACT_ZMMARTIKEL.xltm [arrêt] - [Module1 (Code)],Tâches diverses,2021-04-13,15:26:05,00:00:04
stefano.crapanzano@chu.ulg.ac.be,Microsoft Visual Basic pour Applications - EXTRACT_ZMMARTIKEL.xltm [arrêt] - [Module1 (Code)],Tâches diverses,2021-04-13,15:26:12,00:00:12
stefano.crapanzano@chu.ulg.ac.be,Microsoft Visual Basic pour Applications - EXTRACT_ZMMARTIKEL.xltm [arrêt] - [Module1 (Code)],Tâches diverses,2021-04-13,15:37:34,00:00:03
stefano.crapanzano@chu.ulg.ac.be,Microsoft Visual Basic pour Applications - EXTRACT_ZMMARTIKEL.xltm [arrêt] - [Module1 (Code)],Tâches diverses,2021-04-13,15:38:12,00:05:11
stefano.crapanzano@chu.ulg.ac.be,Microsoft Visual Basic pour Applications - EXTRACT_ZMMARTIKEL.xltm [arrêt] - [Module1 (Code)],Tâches diverses,2021-04-13,15:43:30,00:00:22
stefano.crapanzano@chu.ulg.ac.be,Microsoft Visual Basic pour Applications - EXTRACT_ZMMARTIKEL.xltm [arrêt] - [Module1 (Code)],Tâches diverses,2021-04-13,15:43:54,00:00:07
stefano.crapanzano@chu.ulg.ac.be,Microsoft Visual Basic pour Applications - MONITORING_ZI54_SAP.xlsm - [Module1 (Code)],Tâches diverses,2021-04-13,15:26:57,00:00:18
stefano.crapanzano@chu.ulg.ac.be,Microsoft Visual Basic pour Applications - MONITORING_ZI54_SAP.xlsm - [Module1 (Code)],Tâches diverses,2021-04-13,15:27:17,00:00:06
stefano.crapanzano@chu.ulg.ac.be,Microsoft Visual Basic pour Applications - MONITORING_ZI54_SAP.xlsm - [Module1 (Code)],Tâches diverses,2021-04-13,15:29:00,00:01:50
stefano.crapanzano@chu.ulg.ac.be,Microsoft Visual Basic pour Applications - MONITORING_ZI54_SAP.xlsm - [Module1 (Code)],Tâches diverses,2021-04-13,15:31:02,00:00:25
stefano.crapanzano@chu.ulg.ac.be,Microsoft Visual Basic pour Applications - MONITORING_ZI54_SAP.xlsm [arrêt] - [Module1 (Code)],Tâches diverses,2021-04-13,15:27:23,00:00:03
stefano.crapanzano@chu.ulg.ac.be,Microsoft Visual Basic pour Applications - MONITORING_ZI54_SAP.xlsm [arrêt] - [Module1 (Code)],Tâches diverses,2021-04-13,15:27:34,00:00:02
stefano.crapanzano@chu.ulg.ac.be,Microsoft Visual Basic pour Applications - MONITORING_ZI54_SAP.xlsm [arrêt] - [Module1 (Code)],Tâches diverses,2021-04-13,15:27:40,00:00:04
stefano.crapanzano@chu.ulg.ac.be,Microsoft Visual Basic pour Applications - MONITORING_ZI54_SAP.xlsm [arrêt] - [Module1 (Code)],Tâches diverses,2021-04-13,15:28:06,00:00:04
stefano.crapanzano@chu.ulg.ac.be,Microsoft Visual Basic pour Applications - MONITORING_ZI54_SAP.xlsm [arrêt] - [Module1 (Code)],Tâches diverses,2021-04-13,15:28:14,00:00:03
stefano.crapanzano@chu.ulg.ac.be,Microsoft Visual Basic pour Applications - MONITORING_ZI54_SAP.xlsm [arrêt] - [Module1 (Code)],Tâches diverses,2021-04-13,15:28:18,00:00:03
stefano.crapanzano@chu.ulg.ac.be,Microsoft Visual Basic pour Applications - MONITORING_ZI54_SAP.xlsm [arrêt] - [Module1 (Code)],Tâches diverses,2021-04-13,15:28:23,00:00:02
stefano.crapanzano@chu.ulg.ac.be,Microsoft Visual Basic pour Applications - MONITORING_ZI54_SAP.xlsm [arrêt] - [Module1 (Code)],Tâches diverses,2021-04-13,15:28:49,00:00:10
stefano.crapanzano@chu.ulg.ac.be,Microsoft Visual Basic pour Applications - MONITORING_ZI54_SAP.xlsm [arrêt] - [Module1 (Code)],Tâches diverses,2021-04-13,15:31:28,00:00:03
stefano.crapanzano@chu.ulg.ac.be,Microsoft Visual Basic pour Applications - MONITORING_ZI54_SAP.xlsm [arrêt] - [Module1 (Code)],Tâches diverses,2021-04-13,15:31:39,00:00:04
stefano.crapanzano@chu.ulg.ac.be,Microsoft Visual Basic pour Applications - MONITORING_ZI54_SAP.xlsm [arrêt] - [Module1 (Code)],Tâches diverses,2021-04-13,15:31:55,00:00:02
stefano.crapanzano@chu.ulg.ac.be,Microsoft Visual Basic pour Applications - MONITORING_ZI54_SAP.xlsm [arrêt] - [Module1 (Code)],Tâches diverses,2021-04-13,15:31:59,00:00:02
stefano.crapanzano@chu.ulg.ac.be,Microsoft Visual Basic pour Applications - MONITORING_ZI54_SAP.xlsm [arrêt] - [Module1 (Code)],Tâches diverses,2021-04-13,15:32:23,00:00:03
stefano.crapanzano@chu.ulg.ac.be,Microsoft Visual Basic pour Applications - MONITORING_ZI54_SAP.xlsm [arrêt] - [Module1 (Code)],Tâches diverses,2021-04-13,15:32:30,00:00:02
stefano.crapanzano@chu.ulg.ac.be,Microsoft Visual Basic pour Applications - MONITORING_ZI54_SAP.xlsm [arrêt] - [Module1 (Code)],Tâches diverses,2021-04-13,15:32:33,00:00:49
stefano.crapanzano@chu.ulg.ac.be,Microsoft Visual Basic pour Applications - MONITORING_ZI54_SAP.xlsm [arrêt] - [Module1 (Code)],Tâches diverses,2021-04-13,15:33:24,00:00:09
stefano.crapanzano@chu.ulg.ac.be,Microsoft Visual Basic pour Applications - MONITORING_ZI54_SAP.xlsm [arrêt] - [Module1 (Code)],Tâches diverses,2021-04-13,15:33:50,00:01:57
stefano.crapanzano@chu.ulg.ac.be,Microsoft Visual Basic pour Applications - MONITORING_ZI54_SAP.xlsm [exécution en cours] - [Module1 (Code)],Tâches diverses,2021-04-13,15:27:27,00:00:04
stefano.crapanzano@chu.ulg.ac.be,Microsoft Visual Basic pour Applications - MONITORING_ZI54_SAP.xlsm [exécution en cours] - [Module1 (Code)],Tâches diverses,2021-04-13,15:27:36,00:00:03
stefano.crapanzano@chu.ulg.ac.be,Microsoft Visual Basic pour Applications - MONITORING_ZI54_SAP.xlsm [exécution en cours] - [Module1 (Code)],Tâches diverses,2021-04-13,15:27:47,00:00:15
stefano.crapanzano@chu.ulg.ac.be,Microsoft Visual Basic pour Applications - MONITORING_ZI54_SAP.xlsm [exécution en cours] - [Module1 (Code)],Tâches diverses,2021-04-13,15:28:04,00:00:02
stefano.crapanzano@chu.ulg.ac.be,Microsoft Visual Basic pour Applications - MONITORING_ZI54_SAP.xlsm [exécution en cours] - [Module1 (Code)],Tâches diverses,2021-04-13,15:28:11,00:00:02
stefano.crapanzano@chu.ulg.ac.be,Microsoft Visual Basic pour Applications - MONITORING_ZI54_SAP.xlsm [exécution en cours] - [Module1 (Code)],Tâches diverses,2021-04-13,15:31:44,00:00:07
stefano.crapanzano@chu.ulg.ac.be,Microsoft Visual Basic pour Applications - MONITORING_ZI54_SAP.xlsm [exécution en cours] - [Module1 (Code)],Tâches diverses,2021-04-13,15:31:53,00:00:02
stefano.crapanzano@chu.ulg.ac.be,Microsoft Visual Basic pour Applications - MONITORING_ZI54_SAP.xlsm [exécution en cours] - [Module1 (Code)],Tâches diverses,2021-04-13,15:32:01,00:00:18
stefano.crapanzano@chu.ulg.ac.be,Microsoft Visual Basic pour Applications - MONITORING_ZI54_SAP.xlsm [exécution en cours] - [Module1 (Code)],Tâches diverses,2021-04-13,15:32:20,00:00:02
stefano.crapanzano@chu.ulg.ac.be,Microsoft Visual Basic pour Applications - MONITORING_ZI54_SAP.xlsm [exécution en cours] - [Module1 (Code)],Tâches diverses,2021-04-13,15:32:26,00:00:03
stefano.crapanzano@chu.ulg.ac.be,MONITORING_ZI54_SAP.xlsm - Excel,Tâches diverses,2021-04-13,15:28:34,00:00:14
stefano.crapanzano@chu.ulg.ac.be,MONITORING_ZI54_SAP.xlsm - Excel,Tâches diverses,2021-04-13,15:33:44,00:00:06
stefano.crapanzano@chu.ulg.ac.be,Microsoft Visual Basic pour Applications - EXTRACT_ZMMARTIKEL.xlsm [arrêt] - [Module1 (Code)],Tâches diverses,2021-04-13,15:35:48,00:00:03
stefano.crapanzano@chu.ulg.ac.be,Microsoft Visual Basic pour Applications - EXTRACT_ZMMARTIKEL.xlsm [arrêt] - [Module1 (Code)],Tâches diverses,2021-04-13,16:02:29,00:00:03
stefano.crapanzano@chu.ulg.ac.be,Microsoft Visual Basic pour Applications - EXTRACT_ZMMARTIKEL.xlsm - [Module1 (Code)],Tâches diverses,2021-04-13,15:35:52,00:00:10
stefano.crapanzano@chu.ulg.ac.be,Microsoft Visual Basic pour Applications - EXTRACT_ZMMARTIKEL.xlsm - [Module1 (Code)],Tâches diverses,2021-04-13,16:02:33,00:00:14
stefano.crapanzano@chu.ulg.ac.be,Fin de session,Exploration SAP,2021-04-13,15:37:06,00:00:02
stefano.crapanzano@chu.ulg.ac.be,Fin de session,Exploration SAP,2021-04-13,16:15:02,00:00:02
stefano.crapanzano@chu.ulg.ac.be,EXTRACT_ZMMARTIKEL.xlsm - Excel,Tâches diverses,2021-04-13,15:37:10,00:00:02
stefano.crapanzano@chu.ulg.ac.be,EXTRACT_ZMMARTIKEL.xlsm - Excel,Tâches diverses,2021-04-13,16:05:52,00:00:06
stefano.crapanzano@chu.ulg.ac.be,C:\temp\zmmartikel_11_01_2021_09_00_00.csv - Notepad++ [Administrator],IT,2021-04-13,15:44:11,00:18:15
stefano.crapanzano@chu.ulg.ac.be,Copy,IT,2021-04-13,16:07:46,00:00:10
stefano.crapanzano@chu.ulg.ac.be,SVN_LOCAL – CHL_ERP_EXTRACT_ZMMARTIKEL.bat [SVN_LOCAL] (Administrator),IT,2021-04-13,16:08:01,00:02:06
stefano.crapanzano@chu.ulg.ac.be,SVN_LOCAL – CHL_ERP_EXTRACT_ZMMARTIKEL.bat [SVN_LOCAL] (Administrator),IT,2021-04-13,16:10:20,00:00:32
stefano.crapanzano@chu.ulg.ac.be,EXTRACT_ZMMARTIKEL1 - Excel,Tâches diverses,2021-04-13,16:12:22,00:00:02
stefano.crapanzano@chu.ulg.ac.be,C:\temp\zmmartikel_2021_04_13_16_11_45.csv - Notepad++ [Administrator],IT,2021-04-13,16:12:30,00:00:02
stefano.crapanzano@chu.ulg.ac.be,Ouverture d'une pièce jointe,Helpdesk général,2021-04-13,16:13:30,00:00:02
stefano.crapanzano@chu.ulg.ac.be,Lecture documentation,Tâches diverses,2021-04-13,16:13:33,00:00:56
stefano.crapanzano@chu.ulg.ac.be,Lecture documentation,Tâches diverses,2021-04-13,16:24:20,00:01:15
stefano.crapanzano@chu.ulg.ac.be,Lecture documentation,Tâches diverses,2021-04-13,16:25:56,00:00:06
stefano.crapanzano@chu.ulg.ac.be,Lecture documentation,Tâches diverses,2021-04-13,16:26:06,00:00:03
stefano.crapanzano@chu.ulg.ac.be,Lecture documentation,Tâches diverses,2021-04-13,16:26:12,00:00:04
stefano.crapanzano@chu.ulg.ac.be,Lecture documentation,Tâches diverses,2021-04-13,16:27:23,00:00:07
stefano.crapanzano@chu.ulg.ac.be,Lecture documentation,Tâches diverses,2021-04-13,16:27:34,00:00:18
stefano.crapanzano@chu.ulg.ac.be,Lecture documentation,Tâches diverses,2021-04-13,16:27:55,00:08:07
stefano.crapanzano@chu.ulg.ac.be,Lecture documentation,Tâches diverses,2021-04-13,16:36:41,00:21:42
stefano.crapanzano@chu.ulg.ac.be,Attestation télétravail - présence sur site Crapanzano - Message (Texte brut),Helpdesk général,2021-04-13,16:14:37,00:00:19
stefano.crapanzano@chu.ulg.ac.be,Administrateur : C:\Windows\system32\cmd.exe,IT,2021-04-13,16:22:51,00:00:20
stefano.crapanzano@chu.ulg.ac.be,Administrateur : C:\Windows\system32\cmd.exe,IT,2021-04-13,16:23:13,00:00:16
stefano.crapanzano@chu.ulg.ac.be,Administrateur : C:\Windows\system32\cmd.exe,IT,2021-04-13,16:23:31,00:00:38
stefano.crapanzano@chu.ulg.ac.be,Administrateur : C:\Windows\system32\cmd.exe,IT,2021-04-13,16:58:34,00:00:07
stefano.crapanzano@chu.ulg.ac.be,Administrateur : C:\Windows\system32\cmd.exe - run_dev_server.bat,IT,2021-04-13,16:24:09,00:00:07
stefano.crapanzano@chu.ulg.ac.be,Administrateur : C:\Windows\system32\cmd.exe - run_dev_server.bat,IT,2021-04-13,16:58:26,00:00:08
stefano.crapanzano@chu.ulg.ac.be,Nouvel onglet - Google Chrome,Tâches diverses,2021-04-13,16:25:39,00:00:07
stefano.crapanzano@chu.ulg.ac.be,actions - Google Sheets - Google Chrome,Tâches diverses,2021-04-13,16:25:50,00:00:04
stefano.crapanzano@chu.ulg.ac.be,actions - Google Sheets - Google Chrome,Tâches diverses,2021-04-13,16:26:04,00:00:02
stefano.crapanzano@chu.ulg.ac.be,actions - Google Sheets - Google Chrome,Tâches diverses,2021-04-13,16:26:10,00:00:02
stefano.crapanzano@chu.ulg.ac.be,actions - Google Sheets - Google Chrome,Tâches diverses,2021-04-13,16:26:17,00:01:05
stefano.crapanzano@chu.ulg.ac.be,actions - Google Sheets - Google Chrome,Tâches diverses,2021-04-13,16:27:53,00:00:02
stefano.crapanzano@chu.ulg.ac.be,actions - Google Sheets - Google Chrome,Tâches diverses,2021-04-13,16:36:03,00:00:38
