Email,Description,Project,Start date,Start time,Duration
stefano.crapanzano@chu.ulg.ac.be,Administrateur : C:\Windows\System32\cmd.exe - python  main.py,IT,2021-02-23,12:53:25,00:00:02
stefano.crapanzano@chu.ulg.ac.be,Administrateur : C:\Windows\System32\cmd.exe - python  main.py,IT,2021-02-23,14:52:36,00:00:02
stefano.crapanzano@chu.ulg.ac.be,Identification - Google Chrome,Tâches diverses,2021-02-23,12:52:58,00:00:09
stefano.crapanzano@chu.ulg.ac.be,SAM - DB - Google Chrome,Tâches diverses,2021-02-23,12:53:09,00:00:14
stefano.crapanzano@chu.ulg.ac.be,SAM - DB - Google Chrome,Tâches diverses,2021-02-23,12:53:28,00:00:13
stefano.crapanzano@chu.ulg.ac.be,SAM - DB - Google Chrome,Tâches diverses,2021-02-23,13:07:35,00:01:17
stefano.crapanzano@chu.ulg.ac.be,SAM - DB - Google Chrome,Tâches diverses,2021-02-23,13:08:53,00:00:53
stefano.crapanzano@chu.ulg.ac.be,SAM - DB - Google Chrome,Tâches diverses,2021-02-23,13:09:49,00:00:04
stefano.crapanzano@chu.ulg.ac.be,SAM - DB - Google Chrome,Tâches diverses,2021-02-23,13:10:04,00:00:48
stefano.crapanzano@chu.ulg.ac.be,SAM - DB - Google Chrome,Tâches diverses,2021-02-23,13:10:55,00:00:10
stefano.crapanzano@chu.ulg.ac.be,SAM - DB - Google Chrome,Tâches diverses,2021-02-23,13:12:37,00:00:20
stefano.crapanzano@chu.ulg.ac.be,SAM - DB - Google Chrome,Tâches diverses,2021-02-23,13:14:14,00:00:03
stefano.crapanzano@chu.ulg.ac.be,SAM - DB - Google Chrome,Tâches diverses,2021-02-23,13:48:46,00:01:46
stefano.crapanzano@chu.ulg.ac.be,SAM - DB - Google Chrome,Tâches diverses,2021-02-23,13:51:18,00:01:08
stefano.crapanzano@chu.ulg.ac.be,SAM - DB - Google Chrome,Tâches diverses,2021-02-23,13:52:35,00:00:13
stefano.crapanzano@chu.ulg.ac.be,SAM - DB - Google Chrome,Tâches diverses,2021-02-23,13:52:55,00:00:04
stefano.crapanzano@chu.ulg.ac.be,SAM - DB - Google Chrome,Tâches diverses,2021-02-23,13:56:07,00:04:38
stefano.crapanzano@chu.ulg.ac.be,SAM - DB - Google Chrome,Tâches diverses,2021-02-23,14:01:04,00:00:19
stefano.crapanzano@chu.ulg.ac.be,SAM - DB - Google Chrome,Tâches diverses,2021-02-23,14:03:08,00:00:32
stefano.crapanzano@chu.ulg.ac.be,SAM - DB - Google Chrome,Tâches diverses,2021-02-23,14:14:15,00:00:20
stefano.crapanzano@chu.ulg.ac.be,SAM - DB - Google Chrome,Tâches diverses,2021-02-23,14:15:00,00:02:06
stefano.crapanzano@chu.ulg.ac.be,SAM - DB - Google Chrome,Tâches diverses,2021-02-23,14:23:11,00:00:57
stefano.crapanzano@chu.ulg.ac.be,SAM - DB - Google Chrome,Tâches diverses,2021-02-23,14:24:26,00:09:42
stefano.crapanzano@chu.ulg.ac.be,SAM - DB - Google Chrome,Tâches diverses,2021-02-23,14:34:16,00:00:44
stefano.crapanzano@chu.ulg.ac.be,SAM - DB - Google Chrome,Tâches diverses,2021-02-23,14:35:28,00:00:32
stefano.crapanzano@chu.ulg.ac.be,SAM - DB - Google Chrome,Tâches diverses,2021-02-23,14:36:03,00:09:00
stefano.crapanzano@chu.ulg.ac.be,SAM - DB - Google Chrome,Helpdesk général,2021-02-23,14:49:26,00:01:03
stefano.crapanzano@chu.ulg.ac.be,SAM - DB - Google Chrome,Tâches diverses,2021-02-23,16:19:53,00:05:26
stefano.crapanzano@chu.ulg.ac.be,SAM - DB - Google Chrome,Tâches diverses,2021-02-23,16:26:07,00:01:13
stefano.crapanzano@chu.ulg.ac.be,Navigation système de fichier,IT,2021-02-23,12:53:41,00:00:03
stefano.crapanzano@chu.ulg.ac.be,Navigation système de fichier,IT,2021-02-23,12:54:11,00:00:02
stefano.crapanzano@chu.ulg.ac.be,Navigation système de fichier,IT,2021-02-23,12:55:00,00:00:10
stefano.crapanzano@chu.ulg.ac.be,Navigation système de fichier,IT,2021-02-23,12:56:09,00:00:32
stefano.crapanzano@chu.ulg.ac.be,Navigation système de fichier,IT,2021-02-23,12:57:47,00:00:02
stefano.crapanzano@chu.ulg.ac.be,Navigation système de fichier,IT,2021-02-23,13:00:40,00:00:02
stefano.crapanzano@chu.ulg.ac.be,Navigation système de fichier,IT,2021-02-23,13:00:44,00:00:04
stefano.crapanzano@chu.ulg.ac.be,Navigation système de fichier,IT,2021-02-23,13:09:47,00:00:02
stefano.crapanzano@chu.ulg.ac.be,Navigation système de fichier,IT,2021-02-23,13:12:57,00:00:04
stefano.crapanzano@chu.ulg.ac.be,Navigation système de fichier,IT,2021-02-23,13:13:04,00:00:07
stefano.crapanzano@chu.ulg.ac.be,Navigation système de fichier,IT,2021-02-23,13:15:14,00:00:02
stefano.crapanzano@chu.ulg.ac.be,Navigation système de fichier,IT,2021-02-23,13:24:34,00:00:02
stefano.crapanzano@chu.ulg.ac.be,Navigation système de fichier,IT,2021-02-23,13:27:47,00:00:02
stefano.crapanzano@chu.ulg.ac.be,Navigation système de fichier,IT,2021-02-23,13:29:10,00:00:02
stefano.crapanzano@chu.ulg.ac.be,Navigation système de fichier,IT,2021-02-23,13:30:17,00:00:02
stefano.crapanzano@chu.ulg.ac.be,Navigation système de fichier,IT,2021-02-23,13:32:06,00:00:02
stefano.crapanzano@chu.ulg.ac.be,Navigation système de fichier,IT,2021-02-23,13:35:05,00:00:02
stefano.crapanzano@chu.ulg.ac.be,Navigation système de fichier,IT,2021-02-23,13:41:52,00:00:02
stefano.crapanzano@chu.ulg.ac.be,Navigation système de fichier,IT,2021-02-23,13:43:25,00:00:02
stefano.crapanzano@chu.ulg.ac.be,Navigation système de fichier,IT,2021-02-23,13:46:40,00:00:02
stefano.crapanzano@chu.ulg.ac.be,Navigation système de fichier,IT,2021-02-23,13:48:41,00:00:03
stefano.crapanzano@chu.ulg.ac.be,Navigation système de fichier,IT,2021-02-23,13:50:33,00:00:05
stefano.crapanzano@chu.ulg.ac.be,Navigation système de fichier,IT,2021-02-23,14:02:46,00:00:05
stefano.crapanzano@chu.ulg.ac.be,Navigation système de fichier,IT,2021-02-23,14:02:55,00:00:02
stefano.crapanzano@chu.ulg.ac.be,Navigation système de fichier,IT,2021-02-23,14:03:05,00:00:03
stefano.crapanzano@chu.ulg.ac.be,Navigation système de fichier,IT,2021-02-23,14:05:27,00:00:03
stefano.crapanzano@chu.ulg.ac.be,Navigation système de fichier,IT,2021-02-23,14:05:38,00:00:02
stefano.crapanzano@chu.ulg.ac.be,Navigation système de fichier,IT,2021-02-23,14:05:49,00:00:02
stefano.crapanzano@chu.ulg.ac.be,Navigation système de fichier,IT,2021-02-23,14:07:24,00:00:02
stefano.crapanzano@chu.ulg.ac.be,Navigation système de fichier,IT,2021-02-23,14:08:54,00:00:06
stefano.crapanzano@chu.ulg.ac.be,Navigation système de fichier,IT,2021-02-23,14:09:11,00:00:02
stefano.crapanzano@chu.ulg.ac.be,Navigation système de fichier,IT,2021-02-23,14:10:14,00:00:02
stefano.crapanzano@chu.ulg.ac.be,Navigation système de fichier,IT,2021-02-23,14:10:21,00:00:03
stefano.crapanzano@chu.ulg.ac.be,Navigation système de fichier,IT,2021-02-23,14:10:34,00:00:02
stefano.crapanzano@chu.ulg.ac.be,Navigation système de fichier,IT,2021-02-23,14:10:59,00:00:22
stefano.crapanzano@chu.ulg.ac.be,Navigation système de fichier,IT,2021-02-23,14:14:35,00:00:03
stefano.crapanzano@chu.ulg.ac.be,Navigation système de fichier,IT,2021-02-23,14:14:57,00:00:02
stefano.crapanzano@chu.ulg.ac.be,Navigation système de fichier,IT,2021-02-23,14:18:33,00:00:02
stefano.crapanzano@chu.ulg.ac.be,Navigation système de fichier,IT,2021-02-23,14:22:58,00:00:02
stefano.crapanzano@chu.ulg.ac.be,Navigation système de fichier,IT,2021-02-23,14:24:12,00:00:02
stefano.crapanzano@chu.ulg.ac.be,Navigation système de fichier,IT,2021-02-23,14:35:00,00:00:02
stefano.crapanzano@chu.ulg.ac.be,Navigation système de fichier,IT,2021-02-23,14:45:03,00:00:10
stefano.crapanzano@chu.ulg.ac.be,Navigation système de fichier,IT,2021-02-23,14:47:07,00:00:27
stefano.crapanzano@chu.ulg.ac.be,Navigation système de fichier,IT,2021-02-23,14:49:19,00:00:03
stefano.crapanzano@chu.ulg.ac.be,SAP GUI Installation & Upgrade - Google Chrome,Tâches diverses,2021-02-23,12:54:08,00:00:02
stefano.crapanzano@chu.ulg.ac.be,SAP GUI Installation & Upgrade - Google Chrome,Tâches diverses,2021-02-23,12:56:02,00:00:07
stefano.crapanzano@chu.ulg.ac.be,SAP GUI Installation & Upgrade - Google Chrome,Tâches diverses,2021-02-23,12:57:31,00:00:16
stefano.crapanzano@chu.ulg.ac.be,SAP GUI Installation & Upgrade - Google Chrome,Tâches diverses,2021-02-23,12:57:52,00:00:32
stefano.crapanzano@chu.ulg.ac.be,SAP GUI Installation & Upgrade - Google Chrome,Tâches diverses,2021-02-23,13:14:17,00:00:15
stefano.crapanzano@chu.ulg.ac.be,SAP GUI Installation & Upgrade - Google Chrome,Tâches diverses,2021-02-23,13:27:50,00:00:17
stefano.crapanzano@chu.ulg.ac.be,SAP GUI Installation & Upgrade - Google Chrome,Tâches diverses,2021-02-23,13:29:18,00:00:03
stefano.crapanzano@chu.ulg.ac.be,SAP GUI Installation & Upgrade - Google Chrome,Tâches diverses,2021-02-23,13:32:08,00:00:03
stefano.crapanzano@chu.ulg.ac.be,SAP GUI Installation & Upgrade - Google Chrome,Tâches diverses,2021-02-23,13:34:34,00:00:21
stefano.crapanzano@chu.ulg.ac.be,SAP GUI Installation & Upgrade - Google Chrome,Tâches diverses,2021-02-23,13:42:05,00:00:03
stefano.crapanzano@chu.ulg.ac.be,SAP GUI Installation & Upgrade - Google Chrome,Tâches diverses,2021-02-23,16:25:19,00:00:03
stefano.crapanzano@chu.ulg.ac.be,P203 CHU Suite du ticket SDERP-13761 Mise à jour SAP GUI 760 Patch 4 - Bienvenue! Vous pouvez poser une demande de Service Desk ERP for HealthCare parmi les options fournies. - Service d'assistance - Google Chrome,Tâches diverses,2021-02-23,12:53:47,00:00:03
stefano.crapanzano@chu.ulg.ac.be,P203 CHU Suite du ticket SDERP-13761 Mise à jour SAP GUI 760 Patch 4 - Bienvenue! Vous pouvez poser une demande de Service Desk ERP for HealthCare parmi les options fournies. - Service d'assistance - Google Chrome,Tâches diverses,2021-02-23,16:25:24,00:00:02
stefano.crapanzano@chu.ulg.ac.be,P203 CHU Suite du ticket SDERP-13761 Mise à jour SAP GUI 760 Patch 4 - Bienvenue! Vous pouvez poser une demande de Service Desk ERP for HealthCare parmi les options fournies. - Service d'assistance - Google Chrome,Tâches diverses,2021-02-23,16:26:03,00:00:03
stefano.crapanzano@chu.ulg.ac.be,Boîte de Réception - Zimbra - Stefano Crapanzano - Outlook,Helpdesk général,2021-02-23,12:53:50,00:00:02
stefano.crapanzano@chu.ulg.ac.be,Boîte de Réception - Zimbra - Stefano Crapanzano - Outlook,Helpdesk général,2021-02-23,13:07:06,00:00:04
stefano.crapanzano@chu.ulg.ac.be,Boîte de Réception - Zimbra - Stefano Crapanzano - Outlook,Helpdesk général,2021-02-23,13:09:58,00:00:04
stefano.crapanzano@chu.ulg.ac.be,Boîte de Réception - Zimbra - Stefano Crapanzano - Outlook,Helpdesk général,2021-02-23,13:11:07,00:00:03
stefano.crapanzano@chu.ulg.ac.be,Boîte de Réception - Zimbra - Stefano Crapanzano - Outlook,Helpdesk général,2021-02-23,13:37:17,00:00:02
stefano.crapanzano@chu.ulg.ac.be,Boîte de Réception - Zimbra - Stefano Crapanzano - Outlook,Helpdesk général,2021-02-23,13:37:39,00:02:42
stefano.crapanzano@chu.ulg.ac.be,Boîte de Réception - Zimbra - Stefano Crapanzano - Outlook,Helpdesk général,2021-02-23,14:35:05,00:00:03
stefano.crapanzano@chu.ulg.ac.be,Boîte de Réception - Zimbra - Stefano Crapanzano - Outlook,Helpdesk général,2021-02-23,14:35:16,00:00:12
stefano.crapanzano@chu.ulg.ac.be,Boîte de Réception - Zimbra - Stefano Crapanzano - Outlook,Helpdesk général,2021-02-23,14:45:13,00:00:03
stefano.crapanzano@chu.ulg.ac.be,Boîte de Réception - Zimbra - Stefano Crapanzano - Outlook,Helpdesk général,2021-02-23,14:46:43,00:00:03
stefano.crapanzano@chu.ulg.ac.be,Boîte de Réception - Zimbra - Stefano Crapanzano - Outlook,Helpdesk général,2021-02-23,15:56:23,00:00:06
stefano.crapanzano@chu.ulg.ac.be,Boîte de Réception - Zimbra - Stefano Crapanzano - Outlook,Helpdesk général,2021-02-23,16:25:33,00:00:03
stefano.crapanzano@chu.ulg.ac.be,Boîte de Réception - Zimbra - Stefano Crapanzano - Outlook,Helpdesk général,2021-02-23,16:25:39,00:00:20
stefano.crapanzano@chu.ulg.ac.be,Boîte de Réception - Zimbra - Stefano Crapanzano - Outlook,Helpdesk général,2021-02-23,16:27:24,00:00:04
stefano.crapanzano@chu.ulg.ac.be,Sans titre - Message (HTML),Helpdesk général,2021-02-23,12:53:53,00:00:13
stefano.crapanzano@chu.ulg.ac.be,Sans titre - Message (HTML),Helpdesk général,2021-02-23,12:54:13,00:00:02
stefano.crapanzano@chu.ulg.ac.be,Installation SAPGUI 760 SP4 - Message (HTML),Helpdesk général,2021-02-23,12:54:15,00:00:44
stefano.crapanzano@chu.ulg.ac.be,Installation SAPGUI 760 SP4 - Message (HTML),Helpdesk général,2021-02-23,12:55:10,00:00:20
stefano.crapanzano@chu.ulg.ac.be,Installation SAPGUI 760 SP4 - Message (HTML),Helpdesk général,2021-02-23,12:55:37,00:00:13
stefano.crapanzano@chu.ulg.ac.be,Installation SAPGUI 760 SP4 - Message (HTML),Helpdesk général,2021-02-23,12:55:53,00:00:09
stefano.crapanzano@chu.ulg.ac.be,Installation SAPGUI 760 SP4 - Message (HTML),Helpdesk général,2021-02-23,12:56:41,00:00:47
stefano.crapanzano@chu.ulg.ac.be,Installation SAPGUI 760 SP4 - Message (HTML),Helpdesk général,2021-02-23,12:58:25,00:02:15
stefano.crapanzano@chu.ulg.ac.be,Installation SAPGUI 760 SP4 - Message (HTML),Helpdesk général,2021-02-23,13:01:10,00:05:45
stefano.crapanzano@chu.ulg.ac.be,Installation SAPGUI 760 SP4 - Message (HTML),Helpdesk général,2021-02-23,13:24:29,00:00:02
stefano.crapanzano@chu.ulg.ac.be,ftxperthis - SAP1@ftp.xperthis.be - FileZilla,Helpdesk général,2021-02-23,12:55:31,00:00:04
stefano.crapanzano@chu.ulg.ac.be,ftxperthis - SAP1@ftp.xperthis.be - FileZilla,Helpdesk général,2021-02-23,15:18:38,00:00:03
stefano.crapanzano@chu.ulg.ac.be,Rechercher et remplacer,Helpdesk général,2021-02-23,12:55:50,00:00:02
stefano.crapanzano@chu.ulg.ac.be,Administrateur : C:\Windows\System32\cmd.exe,IT,2021-02-23,13:00:48,00:00:04
stefano.crapanzano@chu.ulg.ac.be,Administrateur : C:\Windows\System32\cmd.exe,IT,2021-02-23,13:07:03,00:00:02
stefano.crapanzano@chu.ulg.ac.be,Help - SAP Front-End Installation Self-Extractor,Helpdesk général,2021-02-23,13:01:03,00:00:07
stefano.crapanzano@chu.ulg.ac.be,Greenshot capture form,Helpdesk général,2021-02-23,13:00:58,00:00:05
stefano.crapanzano@chu.ulg.ac.be,Greenshot capture form,Helpdesk général,2021-02-23,13:24:16,00:00:06
stefano.crapanzano@chu.ulg.ac.be,Greenshot capture form,Helpdesk général,2021-02-23,13:24:55,00:00:05
stefano.crapanzano@chu.ulg.ac.be,Greenshot capture form,Helpdesk général,2021-02-23,13:30:52,00:00:02
stefano.crapanzano@chu.ulg.ac.be,Greenshot capture form,Helpdesk général,2021-02-23,13:47:26,00:00:03
stefano.crapanzano@chu.ulg.ac.be,Greenshot capture form,Helpdesk général,2021-02-23,13:48:21,00:00:17
stefano.crapanzano@chu.ulg.ac.be,Greenshot capture form,Helpdesk général,2021-02-23,14:02:58,00:00:05
stefano.crapanzano@chu.ulg.ac.be,Greenshot capture form,Helpdesk général,2021-02-23,14:05:31,00:00:05
stefano.crapanzano@chu.ulg.ac.be,Greenshot capture form,Helpdesk général,2021-02-23,14:05:40,00:00:07
stefano.crapanzano@chu.ulg.ac.be,Greenshot capture form,Helpdesk général,2021-02-23,14:09:01,00:00:09
stefano.crapanzano@chu.ulg.ac.be,Greenshot capture form,Helpdesk général,2021-02-23,14:10:24,00:00:08
stefano.crapanzano@chu.ulg.ac.be,Greenshot capture form,Helpdesk général,2021-02-23,14:14:48,00:00:07
stefano.crapanzano@chu.ulg.ac.be,Greenshot capture form,Helpdesk général,2021-02-23,14:24:14,00:00:07
stefano.crapanzano@chu.ulg.ac.be,Microsoft Outlook,Helpdesk général,2021-02-23,13:27:35,00:00:02
stefano.crapanzano@chu.ulg.ac.be,Sent - erp.sai@chuliege.be - Outlook,Helpdesk général,2021-02-23,13:07:10,00:00:21
stefano.crapanzano@chu.ulg.ac.be,Sent - erp.sai@chuliege.be - Outlook,Helpdesk général,2021-02-23,13:09:54,00:00:03
stefano.crapanzano@chu.ulg.ac.be,Sent - erp.sai@chuliege.be - Outlook,Helpdesk général,2021-02-23,13:11:11,00:00:06
stefano.crapanzano@chu.ulg.ac.be,Sent - erp.sai@chuliege.be - Outlook,Helpdesk général,2021-02-23,13:14:43,00:00:31
stefano.crapanzano@chu.ulg.ac.be,Sent - erp.sai@chuliege.be - Outlook,Helpdesk général,2021-02-23,13:24:24,00:00:04
stefano.crapanzano@chu.ulg.ac.be,Sent - erp.sai@chuliege.be - Outlook,Helpdesk général,2021-02-23,13:29:12,00:00:04
stefano.crapanzano@chu.ulg.ac.be,Sent - erp.sai@chuliege.be - Outlook,Helpdesk général,2021-02-23,13:29:23,00:00:02
stefano.crapanzano@chu.ulg.ac.be,Sent - erp.sai@chuliege.be - Outlook,Helpdesk général,2021-02-23,13:30:19,00:00:08
stefano.crapanzano@chu.ulg.ac.be,Sent - erp.sai@chuliege.be - Outlook,Helpdesk général,2021-02-23,13:30:59,00:00:02
stefano.crapanzano@chu.ulg.ac.be,Sent - erp.sai@chuliege.be - Outlook,Helpdesk général,2021-02-23,13:32:17,00:00:25
stefano.crapanzano@chu.ulg.ac.be,Sent - erp.sai@chuliege.be - Outlook,Helpdesk général,2021-02-23,13:35:08,00:00:45
stefano.crapanzano@chu.ulg.ac.be,Sent - erp.sai@chuliege.be - Outlook,Helpdesk général,2021-02-23,13:37:01,00:00:11
stefano.crapanzano@chu.ulg.ac.be,Sent - erp.sai@chuliege.be - Outlook,Helpdesk général,2021-02-23,13:37:14,00:00:02
stefano.crapanzano@chu.ulg.ac.be,Sent - erp.sai@chuliege.be - Outlook,Helpdesk général,2021-02-23,13:37:25,00:00:04
stefano.crapanzano@chu.ulg.ac.be,Sent - erp.sai@chuliege.be - Outlook,Helpdesk général,2021-02-23,13:40:26,00:00:50
stefano.crapanzano@chu.ulg.ac.be,Sent - erp.sai@chuliege.be - Outlook,Helpdesk général,2021-02-23,13:43:19,00:00:02
stefano.crapanzano@chu.ulg.ac.be,Sent - erp.sai@chuliege.be - Outlook,Helpdesk général,2021-02-23,14:09:17,00:00:17
stefano.crapanzano@chu.ulg.ac.be,Sent - erp.sai@chuliege.be - Outlook,Helpdesk général,2021-02-23,14:10:46,00:00:05
stefano.crapanzano@chu.ulg.ac.be,Sent - erp.sai@chuliege.be - Outlook,Helpdesk général,2021-02-23,14:14:10,00:00:03
stefano.crapanzano@chu.ulg.ac.be,Sent - erp.sai@chuliege.be - Outlook,Helpdesk général,2021-02-23,14:19:18,00:00:43
stefano.crapanzano@chu.ulg.ac.be,Sent - erp.sai@chuliege.be - Outlook,Helpdesk général,2021-02-23,14:21:23,00:00:04
stefano.crapanzano@chu.ulg.ac.be,Sent - erp.sai@chuliege.be - Outlook,Helpdesk général,2021-02-23,14:35:02,00:00:02
stefano.crapanzano@chu.ulg.ac.be,Sent - erp.sai@chuliege.be - Outlook,Helpdesk général,2021-02-23,14:46:47,00:00:07
stefano.crapanzano@chu.ulg.ac.be,Sent - erp.sai@chuliege.be - Outlook,Helpdesk général,2021-02-23,14:47:41,00:01:34
stefano.crapanzano@chu.ulg.ac.be,Sent - erp.sai@chuliege.be - Outlook,Helpdesk général,2021-02-23,16:02:19,00:00:06
stefano.crapanzano@chu.ulg.ac.be,Sent - erp.sai@chuliege.be - Outlook,Helpdesk général,2021-02-23,16:18:43,00:00:04
stefano.crapanzano@chu.ulg.ac.be,Sent - erp.sai@chuliege.be - Outlook,Helpdesk général,2021-02-23,16:18:56,00:00:02
stefano.crapanzano@chu.ulg.ac.be,Sent - erp.sai@chuliege.be - Outlook,Helpdesk général,2021-02-23,16:19:15,00:00:37
stefano.crapanzano@chu.ulg.ac.be,Sent - erp.sai@chuliege.be - Outlook,Helpdesk général,2021-02-23,16:25:27,00:00:03
stefano.crapanzano@chu.ulg.ac.be,Sent - erp.sai@chuliege.be - Outlook,Helpdesk général,2021-02-23,16:27:29,00:00:03
stefano.crapanzano@chu.ulg.ac.be,Sent - erp.sai@chuliege.be - Outlook,Helpdesk général,2021-02-23,16:28:14,00:00:02
stefano.crapanzano@chu.ulg.ac.be,2021_02_23_12_08_031.jpg (799×389) - Google Chrome,Tâches diverses,2021-02-23,13:10:52,00:00:03
stefano.crapanzano@chu.ulg.ac.be,Ouverture d'une pièce jointe,Helpdesk général,2021-02-23,13:11:17,00:00:02
stefano.crapanzano@chu.ulg.ac.be,Ouverture d'une pièce jointe,Helpdesk général,2021-02-23,13:41:16,00:00:02
stefano.crapanzano@chu.ulg.ac.be,Lecture documentation,Tâches diverses,2021-02-23,13:11:20,00:01:16
stefano.crapanzano@chu.ulg.ac.be,Lecture documentation,Tâches diverses,2021-02-23,13:13:01,00:00:02
stefano.crapanzano@chu.ulg.ac.be,Lecture documentation,Tâches diverses,2021-02-23,13:41:19,00:00:33
stefano.crapanzano@chu.ulg.ac.be,Lecture documentation,Tâches diverses,2021-02-23,14:50:30,00:00:13
stefano.crapanzano@chu.ulg.ac.be,Lecture documentation,Tâches diverses,2021-02-23,14:50:50,00:01:45
stefano.crapanzano@chu.ulg.ac.be,Lecture documentation,Tâches diverses,2021-02-23,14:52:39,00:25:58
stefano.crapanzano@chu.ulg.ac.be,Lecture documentation,Tâches diverses,2021-02-23,16:01:40,00:00:34
stefano.crapanzano@chu.ulg.ac.be,Netop Invité,Helpdesk général,2021-02-23,13:13:11,00:00:04
stefano.crapanzano@chu.ulg.ac.be,Netop Invité,Helpdesk général,2021-02-23,13:24:12,00:00:03
stefano.crapanzano@chu.ulg.ac.be,Netop Invité,Helpdesk général,2021-02-23,13:24:36,00:00:02
stefano.crapanzano@chu.ulg.ac.be,Netop Invité,Helpdesk général,2021-02-23,13:30:54,00:00:04
stefano.crapanzano@chu.ulg.ac.be,Netop Invité,Helpdesk général,2021-02-23,14:45:42,00:00:02
stefano.crapanzano@chu.ulg.ac.be,Netop Invité,Helpdesk général,2021-02-23,14:46:58,00:00:09
stefano.crapanzano@chu.ulg.ac.be,Netop Invité,Helpdesk général,2021-02-23,14:47:35,00:00:03
stefano.crapanzano@chu.ulg.ac.be,Connexion à l'aide de l'authentification Windows,Helpdesk général,2021-02-23,13:13:16,00:00:03
stefano.crapanzano@chu.ulg.ac.be,Connexion à l'aide de l'authentification Windows,Helpdesk général,2021-02-23,14:45:45,00:00:02
stefano.crapanzano@chu.ulg.ac.be,Connexion à l'aide de l'authentification Windows,Helpdesk général,2021-02-23,14:45:50,00:00:06
stefano.crapanzano@chu.ulg.ac.be,Netop,Helpdesk général,2021-02-23,13:15:42,00:00:08
stefano.crapanzano@chu.ulg.ac.be,Netop,Helpdesk général,2021-02-23,13:15:56,00:00:04
stefano.crapanzano@chu.ulg.ac.be,Netop,Helpdesk général,2021-02-23,13:18:14,00:00:19
stefano.crapanzano@chu.ulg.ac.be,Netop,Helpdesk général,2021-02-23,13:22:57,00:00:19
stefano.crapanzano@chu.ulg.ac.be,Netop,Helpdesk général,2021-02-23,13:29:25,00:00:06
stefano.crapanzano@chu.ulg.ac.be,Netop,Helpdesk général,2021-02-23,14:46:35,00:00:07
stefano.crapanzano@chu.ulg.ac.be,Netop,Helpdesk général,2021-02-23,14:47:38,00:00:02
stefano.crapanzano@chu.ulg.ac.be,ati-w-w7sapgui.st.chulg - Netop Remote Control,Helpdesk général,2021-02-23,13:13:21,00:00:52
stefano.crapanzano@chu.ulg.ac.be,ati-w-w7sapgui.st.chulg - Netop Remote Control,Helpdesk général,2021-02-23,13:14:35,00:00:08
stefano.crapanzano@chu.ulg.ac.be,ati-w-w7sapgui.st.chulg - Netop Remote Control,Helpdesk général,2021-02-23,13:15:16,00:00:25
stefano.crapanzano@chu.ulg.ac.be,ati-w-w7sapgui.st.chulg - Netop Remote Control,Helpdesk général,2021-02-23,13:16:02,00:00:51
stefano.crapanzano@chu.ulg.ac.be,ati-w-w7sapgui.st.chulg - Netop Remote Control,Helpdesk général,2021-02-23,13:17:22,00:00:09
stefano.crapanzano@chu.ulg.ac.be,ati-w-w7sapgui.st.chulg - Netop Remote Control,Helpdesk général,2021-02-23,13:17:34,00:00:39
stefano.crapanzano@chu.ulg.ac.be,ati-w-w7sapgui.st.chulg - Netop Remote Control,Helpdesk général,2021-02-23,13:18:35,00:04:22
stefano.crapanzano@chu.ulg.ac.be,ati-w-w7sapgui.st.chulg - Netop Remote Control,Helpdesk général,2021-02-23,13:23:17,00:00:55
stefano.crapanzano@chu.ulg.ac.be,ati-w-w7sapgui.st.chulg - Netop Remote Control,Helpdesk général,2021-02-23,13:24:39,00:00:14
stefano.crapanzano@chu.ulg.ac.be,ati-w-w7sapgui.st.chulg - Netop Remote Control,Helpdesk général,2021-02-23,13:25:56,00:00:13
stefano.crapanzano@chu.ulg.ac.be,ati-w-w7sapgui.st.chulg - Netop Remote Control,Helpdesk général,2021-02-23,13:26:25,00:00:18
stefano.crapanzano@chu.ulg.ac.be,ati-w-w7sapgui.st.chulg - Netop Remote Control,Helpdesk général,2021-02-23,13:27:39,00:00:08
stefano.crapanzano@chu.ulg.ac.be,ati-w-w7sapgui.st.chulg - Netop Remote Control,Helpdesk général,2021-02-23,13:28:09,00:01:01
stefano.crapanzano@chu.ulg.ac.be,ati-w-w7sapgui.st.chulg - Netop Remote Control,Helpdesk général,2021-02-23,13:29:33,00:00:44
stefano.crapanzano@chu.ulg.ac.be,ati-w-w7sapgui.st.chulg - Netop Remote Control,Helpdesk général,2021-02-23,13:30:29,00:00:21
stefano.crapanzano@chu.ulg.ac.be,ati-w-w7sapgui.st.chulg - Netop Remote Control,Helpdesk général,2021-02-23,13:32:48,00:01:46
stefano.crapanzano@chu.ulg.ac.be,ati-w-w7sapgui.st.chulg - Netop Remote Control,Helpdesk général,2021-02-23,13:34:56,00:00:09
stefano.crapanzano@chu.ulg.ac.be,ati-w-w7sapgui.st.chulg - Netop Remote Control,Helpdesk général,2021-02-23,13:35:54,00:01:07
stefano.crapanzano@chu.ulg.ac.be,ati-w-w7sapgui.st.chulg - Netop Remote Control,Helpdesk général,2021-02-23,13:41:54,00:00:10
stefano.crapanzano@chu.ulg.ac.be,ati-w-w7sapgui.st.chulg - Netop Remote Control,Helpdesk général,2021-02-23,13:44:16,00:02:24
stefano.crapanzano@chu.ulg.ac.be,ati-w-w7sapgui.st.chulg - Netop Remote Control,Helpdesk général,2021-02-23,13:47:15,00:00:04
stefano.crapanzano@chu.ulg.ac.be,ati-w-w7sapgui.st.chulg - Netop Remote Control,Helpdesk général,2021-02-23,13:48:02,00:00:08
stefano.crapanzano@chu.ulg.ac.be,ati-w-w7sapgui.st.chulg - Netop Remote Control,Helpdesk général,2021-02-23,13:48:15,00:00:03
stefano.crapanzano@chu.ulg.ac.be,ati-w-w7sapgui.st.chulg - Netop Remote Control,Helpdesk général,2021-02-23,13:52:27,00:00:07
stefano.crapanzano@chu.ulg.ac.be,ati-w-w7sapgui.st.chulg - Netop Remote Control,Helpdesk général,2021-02-23,13:52:49,00:00:06
stefano.crapanzano@chu.ulg.ac.be,ati-w-w7sapgui.st.chulg - Netop Remote Control,Helpdesk général,2021-02-23,13:53:00,00:03:06
stefano.crapanzano@chu.ulg.ac.be,ati-w-w7sapgui.st.chulg - Netop Remote Control,Tâches diverses,2021-02-23,14:00:45,00:00:19
stefano.crapanzano@chu.ulg.ac.be,ati-w-w7sapgui.st.chulg - Netop Remote Control,Helpdesk général,2021-02-23,14:01:25,00:01:21
stefano.crapanzano@chu.ulg.ac.be,ati-w-w7sapgui.st.chulg - Netop Remote Control,Helpdesk général,2021-02-23,14:02:52,00:00:03
stefano.crapanzano@chu.ulg.ac.be,ati-w-w7sapgui.st.chulg - Netop Remote Control,Helpdesk général,2021-02-23,14:03:42,00:01:45
stefano.crapanzano@chu.ulg.ac.be,ati-w-w7sapgui.st.chulg - Netop Remote Control,Helpdesk général,2021-02-23,14:07:26,00:01:27
stefano.crapanzano@chu.ulg.ac.be,ati-w-w7sapgui.st.chulg - Netop Remote Control,Helpdesk général,2021-02-23,14:10:16,00:00:04
stefano.crapanzano@chu.ulg.ac.be,ati-w-w7sapgui.st.chulg - Netop Remote Control,Helpdesk général,2021-02-23,14:14:39,00:00:02
stefano.crapanzano@chu.ulg.ac.be,ati-w-w7sapgui.st.chulg - Netop Remote Control,Helpdesk général,2021-02-23,14:14:42,00:00:02
stefano.crapanzano@chu.ulg.ac.be,ati-w-w7sapgui.st.chulg - Netop Remote Control,Helpdesk général,2021-02-23,14:17:18,00:00:06
stefano.crapanzano@chu.ulg.ac.be,ati-w-w7sapgui.st.chulg - Netop Remote Control,Helpdesk général,2021-02-23,14:17:29,00:00:10
stefano.crapanzano@chu.ulg.ac.be,ati-w-w7sapgui.st.chulg - Netop Remote Control,Helpdesk général,2021-02-23,14:17:47,00:00:45
stefano.crapanzano@chu.ulg.ac.be,ati-w-w7sapgui.st.chulg - Netop Remote Control,Helpdesk général,2021-02-23,14:19:13,00:00:04
stefano.crapanzano@chu.ulg.ac.be,ati-w-w7sapgui.st.chulg - Netop Remote Control,Helpdesk général,2021-02-23,14:20:03,00:01:20
stefano.crapanzano@chu.ulg.ac.be,ati-w-w7sapgui.st.chulg - Netop Remote Control,Helpdesk général,2021-02-23,14:21:28,00:01:30
stefano.crapanzano@chu.ulg.ac.be,ati-w-w7sapgui.st.chulg - Netop Remote Control,Helpdesk général,2021-02-23,14:24:10,00:00:02
stefano.crapanzano@chu.ulg.ac.be,ati-w-w7sapgui.st.chulg - Netop Remote Control,Helpdesk général,2021-02-23,14:24:22,00:00:03
stefano.crapanzano@chu.ulg.ac.be,ati-w-w7sapgui.st.chulg - Netop Remote Control,Helpdesk général,2021-02-23,14:45:57,00:00:37
stefano.crapanzano@chu.ulg.ac.be,ati-w-w7sapgui.st.chulg - Netop Remote Control,Helpdesk général,2021-02-23,14:46:54,00:00:02
stefano.crapanzano@chu.ulg.ac.be,ati-w-w7sapgui.st.chulg - Netop File Manager,Helpdesk général,2021-02-23,13:16:54,00:00:12
stefano.crapanzano@chu.ulg.ac.be,Netop File Manager - Transfer Status,Helpdesk général,2021-02-23,13:17:06,00:00:15
stefano.crapanzano@chu.ulg.ac.be,Netop File Manager - Transfer Status,Helpdesk général,2021-02-23,13:17:32,00:00:02
stefano.crapanzano@chu.ulg.ac.be,TR: Installation SAPGUI 760 SP4 - Message (HTML),Helpdesk général,2021-02-23,13:24:31,00:00:02
stefano.crapanzano@chu.ulg.ac.be,TR: Installation SAPGUI 760 SP4 - Message (HTML),Helpdesk général,2021-02-23,13:25:12,00:00:43
stefano.crapanzano@chu.ulg.ac.be,TR: Installation SAPGUI 760 SP4 - Message (HTML),Helpdesk général,2021-02-23,13:26:09,00:00:14
stefano.crapanzano@chu.ulg.ac.be,TR: Installation SAPGUI 760 SP4 - Message (HTML),Helpdesk général,2021-02-23,13:26:43,00:00:50
stefano.crapanzano@chu.ulg.ac.be,TR: Installation SAPGUI 760 SP4 - Message (HTML),Helpdesk général,2021-02-23,13:31:01,00:01:04
stefano.crapanzano@chu.ulg.ac.be,TR: Installation SAPGUI 760 SP4 - Message (HTML),Helpdesk général,2021-02-23,13:32:12,00:00:03
stefano.crapanzano@chu.ulg.ac.be,TR: Installation SAPGUI 760 SP4 - Message (HTML),Helpdesk général,2021-02-23,13:46:43,00:00:03
stefano.crapanzano@chu.ulg.ac.be,TR: Installation SAPGUI 760 SP4 - Message (HTML),Helpdesk général,2021-02-23,13:48:10,00:00:04
stefano.crapanzano@chu.ulg.ac.be,TR: Installation SAPGUI 760 SP4 - Message (HTML),Helpdesk général,2021-02-23,13:48:19,00:00:02
stefano.crapanzano@chu.ulg.ac.be,TR: Installation SAPGUI 760 SP4 - Message (HTML),Helpdesk général,2021-02-23,13:48:39,00:00:02
stefano.crapanzano@chu.ulg.ac.be,TR: Installation SAPGUI 760 SP4 - Message (HTML),Helpdesk général,2021-02-23,14:09:34,00:00:39
stefano.crapanzano@chu.ulg.ac.be,TR: Installation SAPGUI 760 SP4 - Message (HTML),Helpdesk général,2021-02-23,14:10:38,00:00:07
stefano.crapanzano@chu.ulg.ac.be,TR: Installation SAPGUI 760 SP4 - Message (HTML),Helpdesk général,2021-02-23,14:10:52,00:00:07
stefano.crapanzano@chu.ulg.ac.be,TR: Installation SAPGUI 760 SP4 - Message (HTML),Helpdesk général,2021-02-23,14:11:21,00:02:48
stefano.crapanzano@chu.ulg.ac.be,Greenshot Éditeur d'Image,Helpdesk général,2021-02-23,13:25:02,00:00:08
stefano.crapanzano@chu.ulg.ac.be,Boîte de réception - erp.sai@chuliege.be - Outlook,Helpdesk général,2021-02-23,13:37:19,00:00:06
stefano.crapanzano@chu.ulg.ac.be,Boîte de réception - erp.sai@chuliege.be - Outlook,Helpdesk général,2021-02-23,13:37:30,00:00:08
stefano.crapanzano@chu.ulg.ac.be,Boîte de réception - erp.sai@chuliege.be - Outlook,Helpdesk général,2021-02-23,13:40:21,00:00:04
stefano.crapanzano@chu.ulg.ac.be,Boîte de réception - erp.sai@chuliege.be - Outlook,Helpdesk général,2021-02-23,13:43:21,00:00:03
stefano.crapanzano@chu.ulg.ac.be,Boîte de réception - erp.sai@chuliege.be - Outlook,Helpdesk général,2021-02-23,13:50:38,00:00:38
stefano.crapanzano@chu.ulg.ac.be,Boîte de réception - erp.sai@chuliege.be - Outlook,Helpdesk général,2021-02-23,14:05:51,00:01:32
stefano.crapanzano@chu.ulg.ac.be,Boîte de réception - erp.sai@chuliege.be - Outlook,Helpdesk général,2021-02-23,14:09:14,00:00:03
stefano.crapanzano@chu.ulg.ac.be,Boîte de réception - erp.sai@chuliege.be - Outlook,Helpdesk général,2021-02-23,14:35:09,00:00:07
stefano.crapanzano@chu.ulg.ac.be,Boîte de réception - erp.sai@chuliege.be - Outlook,Helpdesk général,2021-02-23,14:45:16,00:00:22
stefano.crapanzano@chu.ulg.ac.be,Boîte de réception - erp.sai@chuliege.be - Outlook,Helpdesk général,2021-02-23,14:49:16,00:00:03
stefano.crapanzano@chu.ulg.ac.be,Boîte de réception - erp.sai@chuliege.be - Outlook,Helpdesk général,2021-02-23,15:56:00,00:00:22
stefano.crapanzano@chu.ulg.ac.be,Boîte de réception - erp.sai@chuliege.be - Outlook,Helpdesk général,2021-02-23,15:56:29,00:04:31
stefano.crapanzano@chu.ulg.ac.be,Boîte de réception - erp.sai@chuliege.be - Outlook,Helpdesk général,2021-02-23,16:01:16,00:00:23
stefano.crapanzano@chu.ulg.ac.be,Boîte de réception - erp.sai@chuliege.be - Outlook,Helpdesk général,2021-02-23,16:02:14,00:00:04
stefano.crapanzano@chu.ulg.ac.be,Boîte de réception - erp.sai@chuliege.be - Outlook,Helpdesk général,2021-02-23,16:02:25,00:16:17
stefano.crapanzano@chu.ulg.ac.be,Boîte de réception - erp.sai@chuliege.be - Outlook,Helpdesk général,2021-02-23,16:18:58,00:00:16
stefano.crapanzano@chu.ulg.ac.be,Boîte de réception - erp.sai@chuliege.be - Outlook,Helpdesk général,2021-02-23,16:25:30,00:00:02
stefano.crapanzano@chu.ulg.ac.be,Boîte de réception - erp.sai@chuliege.be - Outlook,Helpdesk général,2021-02-23,16:25:36,00:00:02
stefano.crapanzano@chu.ulg.ac.be,Boîte de réception - erp.sai@chuliege.be - Outlook,Helpdesk général,2021-02-23,16:27:32,00:00:18
stefano.crapanzano@chu.ulg.ac.be,Boîte de réception - erp.sai@chuliege.be - Outlook,Helpdesk général,2021-02-23,16:28:10,00:00:04
stefano.crapanzano@chu.ulg.ac.be,Boîte de réception - erp.sai@chuliege.be - Outlook,Helpdesk général,2021-02-23,16:28:52,00:29:56
stefano.crapanzano@chu.ulg.ac.be,Nouvel onglet - Google Chrome,Tâches diverses,2021-02-23,13:42:09,00:00:04
stefano.crapanzano@chu.ulg.ac.be,saplogon_ini_file - Recherche Google - Google Chrome,Tâches diverses,2021-02-23,13:42:14,00:00:06
stefano.crapanzano@chu.ulg.ac.be,saplogon_ini_file - Recherche Google - Google Chrome,Tâches diverses,2021-02-23,13:42:29,00:00:07
stefano.crapanzano@chu.ulg.ac.be,saplogon_ini_file - Recherche Google - Google Chrome,Tâches diverses,2021-02-23,13:43:04,00:00:03
stefano.crapanzano@chu.ulg.ac.be,2501405 - SAPLOGON_INI_FILE is not working after upgrade to GUI 7.50 | SAP Knowledge Base Article - Google Chrome,Tâches diverses,2021-02-23,13:42:20,00:00:09
stefano.crapanzano@chu.ulg.ac.be,SAP GUI Logon Configuration - Netweaver Technology - Community Wiki - Google Chrome,Tâches diverses,2021-02-23,13:42:37,00:00:26
stefano.crapanzano@chu.ulg.ac.be,saplogon_ini_file 760 - Recherche Google - Google Chrome,Tâches diverses,2021-02-23,13:43:08,00:00:11
stefano.crapanzano@chu.ulg.ac.be,saplogon_ini_file 760 - Recherche Google - Google Chrome,Tâches diverses,2021-02-23,13:43:27,00:00:08
stefano.crapanzano@chu.ulg.ac.be,SAP GUI - I can't see any servers in the  Server description  dropdown-list. - Micro Focus Community - 262299 - Google Chrome,Tâches diverses,2021-02-23,13:43:35,00:00:39
stefano.crapanzano@chu.ulg.ac.be,SAP GUI - I can't see any servers in the  Server description  dropdown-list. - Micro Focus Community - 262299 - Google Chrome,Tâches diverses,2021-02-23,14:23:00,00:00:03
stefano.crapanzano@chu.ulg.ac.be,SAP GUI - I can't see any servers in the  Server description  dropdown-list. - Micro Focus Community - 262299 - Google Chrome,Tâches diverses,2021-02-23,14:23:05,00:00:03
stefano.crapanzano@chu.ulg.ac.be,SAP GUI - I can't see any servers in the  Server description  dropdown-list. - Micro Focus Community - 262299 - Google Chrome,Tâches diverses,2021-02-23,14:49:23,00:00:02
stefano.crapanzano@chu.ulg.ac.be,RE: Installation SAPGUI 760 SP4 - Message (HTML),Helpdesk général,2021-02-23,13:46:46,00:00:27
stefano.crapanzano@chu.ulg.ac.be,RE: Installation SAPGUI 760 SP4 - Message (HTML),Helpdesk général,2021-02-23,13:47:20,00:00:06
stefano.crapanzano@chu.ulg.ac.be,RE: Installation SAPGUI 760 SP4 - Message (HTML),Helpdesk général,2021-02-23,13:47:30,00:00:31
stefano.crapanzano@chu.ulg.ac.be,image(7).png (931×750) - Google Chrome,Tâches diverses,2021-02-23,14:17:06,00:00:10
stefano.crapanzano@chu.ulg.ac.be,image(7).png (931×750) - Google Chrome,Tâches diverses,2021-02-23,14:17:24,00:00:03
stefano.crapanzano@chu.ulg.ac.be,image(7).png (931×750) - Google Chrome,Tâches diverses,2021-02-23,14:17:40,00:00:07
stefano.crapanzano@chu.ulg.ac.be,image(7).png (931×750) - Google Chrome,Tâches diverses,2021-02-23,14:23:09,00:00:02
stefano.crapanzano@chu.ulg.ac.be,Administrateur : C:\Windows\system32\cmd.exe,IT,2021-02-23,14:18:35,00:00:38
stefano.crapanzano@chu.ulg.ac.be,image(8).png (820×519) - Google Chrome,Tâches diverses,2021-02-23,14:34:08,00:00:07
stefano.crapanzano@chu.ulg.ac.be,SAP GUI for Windows 750,Exploration SAP,2021-02-23,14:36:00,00:00:02
stefano.crapanzano@chu.ulg.ac.be,ati-w-w7sapgui.st.chulg,Helpdesk général,2021-02-23,14:45:39,00:00:02
stefano.crapanzano@chu.ulg.ac.be,Gewaardeerde voorraad,Exploration SAP,2021-02-23,14:50:45,00:00:04
stefano.crapanzano@chu.ulg.ac.be,Gestionnaire de Sites,Helpdesk général,2021-02-23,15:18:41,00:00:02
stefano.crapanzano@chu.ulg.ac.be,CHR_FRCHR - sftp://kofax@secure.chrcitadelle.be - FileZilla,Helpdesk général,2021-02-23,15:18:45,00:37:15
stefano.crapanzano@chu.ulg.ac.be,SAP Logon 750,Exploration SAP,2021-02-23,16:01:00,00:00:03
stefano.crapanzano@chu.ulg.ac.be,SAP Easy Access Menu de base Applications financières-économiques,Exploration SAP,2021-02-23,16:01:04,00:00:06
stefano.crapanzano@chu.ulg.ac.be,Sélectionner document,Exploration SAP,2021-02-23,16:01:11,00:00:02
stefano.crapanzano@chu.ulg.ac.be,Commande interv. 40 4000197171 créée par WEBUSERCHU,Exploration SAP,2021-02-23,16:01:13,00:00:02
stefano.crapanzano@chu.ulg.ac.be,Envoyé - Zimbra - Stefano Crapanzano - Outlook,Helpdesk général,2021-02-23,16:18:48,00:00:08
stefano.crapanzano@chu.ulg.ac.be,Envoyé - Zimbra - Stefano Crapanzano - Outlook,Helpdesk général,2021-02-23,16:25:59,00:00:03
stefano.crapanzano@chu.ulg.ac.be,Envoyé - Zimbra - Stefano Crapanzano - Outlook,Helpdesk général,2021-02-23,16:27:20,00:00:03
stefano.crapanzano@chu.ulg.ac.be,Envoyé - Zimbra - Stefano Crapanzano - Outlook,Helpdesk général,2021-02-23,16:28:05,00:00:04
stefano.crapanzano@chu.ulg.ac.be,Ouverture -Outlook,Helpdesk général,2021-02-23,16:27:56,00:00:03
stefano.crapanzano@chu.ulg.ac.be,Zimbra État de l’opération Envoyer/Recevoir,Helpdesk général,2021-02-23,16:28:00,00:00:04
stefano.crapanzano@chu.ulg.ac.be,Drafts - erp.sai@chuliege.be - Outlook,Helpdesk général,2021-02-23,16:28:17,00:00:34
stefano.crapanzano@chu.ulg.ac.be,Boîte de réception - erp.sai@chuliege.be - Outlook,Helpdesk général,2021-02-23,08:29:36,00:00:13
stefano.crapanzano@chu.ulg.ac.be,Boîte de réception - erp.sai@chuliege.be - Outlook,Helpdesk général,2021-02-23,08:30:46,00:00:02
stefano.crapanzano@chu.ulg.ac.be,Boîte de réception - erp.sai@chuliege.be - Outlook,Helpdesk général,2021-02-23,08:32:09,00:00:10
stefano.crapanzano@chu.ulg.ac.be,Boîte de réception - erp.sai@chuliege.be - Outlook,Helpdesk général,2021-02-23,09:06:31,00:00:07
stefano.crapanzano@chu.ulg.ac.be,Boîte de réception - erp.sai@chuliege.be - Outlook,Helpdesk général,2021-02-23,09:07:11,00:00:02
stefano.crapanzano@chu.ulg.ac.be,Boîte de réception - erp.sai@chuliege.be - Outlook,Helpdesk général,2021-02-23,09:09:03,00:00:06
stefano.crapanzano@chu.ulg.ac.be,Boîte de réception - erp.sai@chuliege.be - Outlook,Helpdesk général,2021-02-23,09:09:29,00:00:03
stefano.crapanzano@chu.ulg.ac.be,Lecture documentation,Tâches diverses,2021-02-23,08:29:51,00:00:53
stefano.crapanzano@chu.ulg.ac.be,Lecture documentation,Tâches diverses,2021-02-23,08:39:02,00:00:09
stefano.crapanzano@chu.ulg.ac.be,Lecture documentation,Tâches diverses,2021-02-23,08:39:19,00:00:25
stefano.crapanzano@chu.ulg.ac.be,Lecture documentation,Tâches diverses,2021-02-23,08:40:05,00:00:16
stefano.crapanzano@chu.ulg.ac.be,Lecture documentation,Tâches diverses,2021-02-23,08:42:36,00:00:03
stefano.crapanzano@chu.ulg.ac.be,Lecture documentation,Tâches diverses,2021-02-23,08:42:51,00:00:07
stefano.crapanzano@chu.ulg.ac.be,Lecture documentation,Tâches diverses,2021-02-23,08:43:44,00:00:04
stefano.crapanzano@chu.ulg.ac.be,Lecture documentation,Tâches diverses,2021-02-23,08:43:51,00:00:02
stefano.crapanzano@chu.ulg.ac.be,Lecture documentation,Tâches diverses,2021-02-23,08:44:03,00:00:17
stefano.crapanzano@chu.ulg.ac.be,Lecture documentation,Tâches diverses,2021-02-23,08:45:31,00:00:04
stefano.crapanzano@chu.ulg.ac.be,Lecture documentation,Tâches diverses,2021-02-23,08:45:51,00:00:04
stefano.crapanzano@chu.ulg.ac.be,Lecture documentation,Tâches diverses,2021-02-23,09:04:57,00:00:06
stefano.crapanzano@chu.ulg.ac.be,Lecture documentation,Tâches diverses,2021-02-23,09:05:11,00:01:19
stefano.crapanzano@chu.ulg.ac.be,Lecture documentation,Tâches diverses,2021-02-23,09:21:35,00:01:34
stefano.crapanzano@chu.ulg.ac.be,Lecture documentation,Tâches diverses,2021-02-23,09:24:38,00:00:40
stefano.crapanzano@chu.ulg.ac.be,Navigation système de fichier,IT,2021-02-23,08:32:20,00:00:02
stefano.crapanzano@chu.ulg.ac.be,Navigation système de fichier,IT,2021-02-23,08:36:19,00:00:02
stefano.crapanzano@chu.ulg.ac.be,Navigation système de fichier,IT,2021-02-23,08:39:12,00:00:03
stefano.crapanzano@chu.ulg.ac.be,Navigation système de fichier,IT,2021-02-23,08:39:45,00:00:03
stefano.crapanzano@chu.ulg.ac.be,Navigation système de fichier,IT,2021-02-23,08:40:21,00:00:02
stefano.crapanzano@chu.ulg.ac.be,Navigation système de fichier,IT,2021-02-23,08:42:23,00:00:02
stefano.crapanzano@chu.ulg.ac.be,Navigation système de fichier,IT,2021-02-23,08:42:39,00:00:02
stefano.crapanzano@chu.ulg.ac.be,Navigation système de fichier,IT,2021-02-23,08:42:59,00:00:29
stefano.crapanzano@chu.ulg.ac.be,Navigation système de fichier,IT,2021-02-23,08:47:08,00:00:02
stefano.crapanzano@chu.ulg.ac.be,Navigation système de fichier,IT,2021-02-23,08:50:05,00:00:14
stefano.crapanzano@chu.ulg.ac.be,Navigation système de fichier,IT,2021-02-23,08:51:19,00:00:02
stefano.crapanzano@chu.ulg.ac.be,Navigation système de fichier,IT,2021-02-23,08:51:23,00:00:36
stefano.crapanzano@chu.ulg.ac.be,Navigation système de fichier,IT,2021-02-23,08:52:05,00:00:25
stefano.crapanzano@chu.ulg.ac.be,Navigation système de fichier,IT,2021-02-23,08:52:55,00:00:02
stefano.crapanzano@chu.ulg.ac.be,Navigation système de fichier,IT,2021-02-23,08:54:26,00:00:10
stefano.crapanzano@chu.ulg.ac.be,Navigation système de fichier,IT,2021-02-23,08:54:39,00:00:05
stefano.crapanzano@chu.ulg.ac.be,Navigation système de fichier,IT,2021-02-23,08:55:02,00:00:10
stefano.crapanzano@chu.ulg.ac.be,Navigation système de fichier,IT,2021-02-23,08:55:13,00:00:02
stefano.crapanzano@chu.ulg.ac.be,Navigation système de fichier,IT,2021-02-23,08:55:16,00:06:44
stefano.crapanzano@chu.ulg.ac.be,Navigation système de fichier,IT,2021-02-23,09:03:58,00:00:02
stefano.crapanzano@chu.ulg.ac.be,Navigation système de fichier,IT,2021-02-23,09:06:48,00:00:04
stefano.crapanzano@chu.ulg.ac.be,Navigation système de fichier,IT,2021-02-23,09:06:56,00:00:02
stefano.crapanzano@chu.ulg.ac.be,Navigation système de fichier,IT,2021-02-23,09:11:26,00:00:02
stefano.crapanzano@chu.ulg.ac.be,Navigation système de fichier,IT,2021-02-23,09:12:13,00:00:07
stefano.crapanzano@chu.ulg.ac.be,Navigation système de fichier,IT,2021-02-23,09:12:56,00:00:03
stefano.crapanzano@chu.ulg.ac.be,Navigation système de fichier,IT,2021-02-23,09:13:34,00:00:27
stefano.crapanzano@chu.ulg.ac.be,Navigation système de fichier,IT,2021-02-23,09:14:24,00:00:51
stefano.crapanzano@chu.ulg.ac.be,Navigation système de fichier,IT,2021-02-23,09:15:37,00:00:39
stefano.crapanzano@chu.ulg.ac.be,Navigation système de fichier,IT,2021-02-23,09:16:33,00:00:05
stefano.crapanzano@chu.ulg.ac.be,Navigation système de fichier,IT,2021-02-23,09:18:48,00:00:05
stefano.crapanzano@chu.ulg.ac.be,Navigation système de fichier,IT,2021-02-23,09:18:55,00:00:04
stefano.crapanzano@chu.ulg.ac.be,Navigation système de fichier,IT,2021-02-23,09:19:04,00:00:05
stefano.crapanzano@chu.ulg.ac.be,Navigation système de fichier,IT,2021-02-23,09:20:14,00:00:08
stefano.crapanzano@chu.ulg.ac.be,Navigation système de fichier,IT,2021-02-23,09:20:29,00:00:05
stefano.crapanzano@chu.ulg.ac.be,Navigation système de fichier,IT,2021-02-23,09:20:57,00:00:05
stefano.crapanzano@chu.ulg.ac.be,Navigation système de fichier,IT,2021-02-23,09:21:14,00:00:02
stefano.crapanzano@chu.ulg.ac.be,Navigation système de fichier,IT,2021-02-23,09:23:09,00:00:21
stefano.crapanzano@chu.ulg.ac.be,Navigation système de fichier,IT,2021-02-23,09:23:33,00:00:23
stefano.crapanzano@chu.ulg.ac.be,Navigation système de fichier,IT,2021-02-23,09:24:01,00:00:11
stefano.crapanzano@chu.ulg.ac.be,Navigation système de fichier,IT,2021-02-23,09:24:34,00:00:03
stefano.crapanzano@chu.ulg.ac.be,Boîte de Réception - Zimbra - Stefano Crapanzano - Outlook,Helpdesk général,2021-02-23,08:30:48,00:01:20
stefano.crapanzano@chu.ulg.ac.be,Boîte de Réception - Zimbra - Stefano Crapanzano - Outlook,Helpdesk général,2021-02-23,09:09:33,00:00:02
stefano.crapanzano@chu.ulg.ac.be,Programmation,IT,2021-02-23,08:32:22,00:03:56
stefano.crapanzano@chu.ulg.ac.be,Programmation,IT,2021-02-23,08:36:26,00:00:36
stefano.crapanzano@chu.ulg.ac.be,Programmation,IT,2021-02-23,08:37:03,00:01:58
stefano.crapanzano@chu.ulg.ac.be,Programmation,IT,2021-02-23,08:39:15,00:00:03
stefano.crapanzano@chu.ulg.ac.be,Programmation,IT,2021-02-23,08:39:57,00:00:06
stefano.crapanzano@chu.ulg.ac.be,Programmation,IT,2021-02-23,08:40:23,00:00:09
stefano.crapanzano@chu.ulg.ac.be,Programmation,IT,2021-02-23,08:40:34,00:01:49
stefano.crapanzano@chu.ulg.ac.be,Programmation,IT,2021-02-23,08:42:34,00:00:02
stefano.crapanzano@chu.ulg.ac.be,Programmation,IT,2021-02-23,08:42:44,00:00:06
stefano.crapanzano@chu.ulg.ac.be,Programmation,IT,2021-02-23,08:44:21,00:00:15
stefano.crapanzano@chu.ulg.ac.be,Programmation,IT,2021-02-23,08:44:39,00:00:50
stefano.crapanzano@chu.ulg.ac.be,Programmation,IT,2021-02-23,08:45:36,00:00:14
stefano.crapanzano@chu.ulg.ac.be,Programmation,IT,2021-02-23,08:45:56,00:00:27
stefano.crapanzano@chu.ulg.ac.be,Programmation,IT,2021-02-23,09:04:37,00:00:08
stefano.crapanzano@chu.ulg.ac.be,Programmation,IT,2021-02-23,09:04:46,00:00:11
stefano.crapanzano@chu.ulg.ac.be,Programmation,IT,2021-02-23,09:05:05,00:00:05
stefano.crapanzano@chu.ulg.ac.be,Sécurité SAP GUI,Exploration SAP,2021-02-23,08:39:48,00:00:03
stefano.crapanzano@chu.ulg.ac.be,Ouverture -Excel,Tâches diverses,2021-02-23,08:46:23,00:00:03
stefano.crapanzano@chu.ulg.ac.be,Excel,Tâches diverses,2021-02-23,08:46:27,00:00:02
stefano.crapanzano@chu.ulg.ac.be,Classeur1 - Excel,Tâches diverses,2021-02-23,08:46:30,00:00:04
stefano.crapanzano@chu.ulg.ac.be,Classeur1 - Excel,Tâches diverses,2021-02-23,08:47:03,00:00:04
stefano.crapanzano@chu.ulg.ac.be,Classeur1 - Excel,Tâches diverses,2021-02-23,09:11:38,00:00:02
stefano.crapanzano@chu.ulg.ac.be,Connexions du classeur,Tâches diverses,2021-02-23,08:46:34,00:00:03
stefano.crapanzano@chu.ulg.ac.be,Connexions du classeur,Tâches diverses,2021-02-23,08:47:01,00:00:02
stefano.crapanzano@chu.ulg.ac.be,Connexions du classeur,Tâches diverses,2021-02-23,08:47:27,00:00:02
stefano.crapanzano@chu.ulg.ac.be,Connexions du classeur,Tâches diverses,2021-02-23,08:48:23,00:00:03
stefano.crapanzano@chu.ulg.ac.be,Connexions du classeur,Tâches diverses,2021-02-23,09:11:41,00:00:02
stefano.crapanzano@chu.ulg.ac.be,Connexions existantes,Tâches diverses,2021-02-23,09:11:43,00:00:02
stefano.crapanzano@chu.ulg.ac.be,Propriétés des liaisons de données,Tâches diverses,2021-02-23,08:46:40,00:00:20
stefano.crapanzano@chu.ulg.ac.be,Propriétés des liaisons de données,Tâches diverses,2021-02-23,08:47:31,00:00:25
stefano.crapanzano@chu.ulg.ac.be,Propriétés des liaisons de données,Tâches diverses,2021-02-23,08:47:58,00:00:06
stefano.crapanzano@chu.ulg.ac.be,Propriétés des liaisons de données,Tâches diverses,2021-02-23,08:48:09,00:00:14
stefano.crapanzano@chu.ulg.ac.be,Propriétés des liaisons de données,Tâches diverses,2021-02-23,09:11:46,00:00:25
stefano.crapanzano@chu.ulg.ac.be,Erreur de liaison de données Microsoft,Tâches diverses,2021-02-23,08:47:56,00:00:02
stefano.crapanzano@chu.ulg.ac.be,Erreur de liaison de données Microsoft,Tâches diverses,2021-02-23,08:48:04,00:00:04
stefano.crapanzano@chu.ulg.ac.be,502 Server Error - Google Chrome,Tâches diverses,2021-02-23,08:48:28,00:00:06
stefano.crapanzano@chu.ulg.ac.be,Toggl Track - Google Chrome,Tâches diverses,2021-02-23,08:48:34,00:00:03
stefano.crapanzano@chu.ulg.ac.be,Nouvel onglet - Google Chrome,Tâches diverses,2021-02-23,08:48:38,00:00:08
stefano.crapanzano@chu.ulg.ac.be,Nouvel onglet - Google Chrome,Tâches diverses,2021-02-23,08:52:31,00:00:23
stefano.crapanzano@chu.ulg.ac.be,Nouvel onglet - Google Chrome,Tâches diverses,2021-02-23,09:12:59,00:00:07
stefano.crapanzano@chu.ulg.ac.be,\\filesrv01.st.chulg\oazis_prod\APPL_PROD\SOURCES\BAT\ERP\ACHAT\GOAL\COMPARAISON_ARTICLE_LABO_vs_SAP\CHL_ERP_ACHAT_GOAL_LEVENSHTEIN_D_vs_SAP.bat - Notepad++ [Administrator],IT,2021-02-23,08:53:19,00:00:02
stefano.crapanzano@chu.ulg.ac.be,*new 4 - Notepad++ [Administrator],IT,2021-02-23,08:53:21,00:00:07
stefano.crapanzano@chu.ulg.ac.be,*new 4 - Notepad++ [Administrator],IT,2021-02-23,08:53:45,00:00:40
stefano.crapanzano@chu.ulg.ac.be,*new 4 - Notepad++ [Administrator],IT,2021-02-23,09:06:54,00:00:02
stefano.crapanzano@chu.ulg.ac.be,Rechercher,IT,2021-02-23,08:53:28,00:00:09
stefano.crapanzano@chu.ulg.ac.be,Remplacer,IT,2021-02-23,08:53:38,00:00:07
stefano.crapanzano@chu.ulg.ac.be,\\oazisusers.st.chulg\oazis_users\Informatique\ERP\Exploitation\SURVEILLANCE\JOB\jobs_23_02_2021_08_00_00_08_59_59.csv_nok - Notepad++ [Administrator],IT,2021-02-23,09:06:41,00:00:07
stefano.crapanzano@chu.ulg.ac.be,Sans titre - Message (HTML),Helpdesk général,2021-02-23,09:07:14,00:01:45
stefano.crapanzano@chu.ulg.ac.be,Orthographe : Français (Belgique),Helpdesk général,2021-02-23,09:08:59,00:00:02
stefano.crapanzano@chu.ulg.ac.be,Sent - erp.sai@chuliege.be - Outlook,Helpdesk général,2021-02-23,09:09:09,00:00:20
stefano.crapanzano@chu.ulg.ac.be,Sent - erp.sai@chuliege.be - Outlook,Helpdesk général,2021-02-23,09:09:35,00:01:49
stefano.crapanzano@chu.ulg.ac.be,Sent - erp.sai@chuliege.be - Outlook,Helpdesk général,2021-02-23,09:11:36,00:00:02
stefano.crapanzano@chu.ulg.ac.be,Administrateur : C:\Windows\System32\cmd.exe,IT,2021-02-23,09:12:21,00:00:34
stefano.crapanzano@chu.ulg.ac.be,Administrateur : C:\Windows\System32\cmd.exe,IT,2021-02-23,09:18:59,00:00:04
stefano.crapanzano@chu.ulg.ac.be,Administrateur : C:\Windows\System32\cmd.exe,IT,2021-02-23,09:20:23,00:00:05
stefano.crapanzano@chu.ulg.ac.be,Administrateur : C:\Windows\System32\cmd.exe,IT,2021-02-23,09:23:30,00:00:02
stefano.crapanzano@chu.ulg.ac.be,Administrateur : C:\Windows\System32\cmd.exe,IT,2021-02-23,09:25:27,00:00:02
stefano.crapanzano@chu.ulg.ac.be,Administrateur : C:\Windows\System32\cmd.exe,IT,2021-02-23,09:25:32,00:00:03
stefano.crapanzano@chu.ulg.ac.be,Administrateur : C:\Windows\System32\cmd.exe,IT,2021-02-23,09:25:40,00:00:04
stefano.crapanzano@chu.ulg.ac.be,oracle instant client odbc - Recherche Google - Google Chrome,Tâches diverses,2021-02-23,09:13:07,00:00:03
stefano.crapanzano@chu.ulg.ac.be,Oracle Instant Client ODBC Installation Notes - Google Chrome,Tâches diverses,2021-02-23,09:13:10,00:00:15
stefano.crapanzano@chu.ulg.ac.be,Oracle Instant Client ODBC Installation Notes - Google Chrome,Tâches diverses,2021-02-23,09:18:31,00:00:11
stefano.crapanzano@chu.ulg.ac.be,Oracle Instant Client ODBC Installation Notes - Google Chrome,IT,2021-02-23,09:18:46,00:00:02
stefano.crapanzano@chu.ulg.ac.be,Oracle Instant Client ODBC Installation Notes - Google Chrome,Tâches diverses,2021-02-23,09:21:03,00:00:11
stefano.crapanzano@chu.ulg.ac.be,Oracle Instant Client ODBC Installation Notes - Google Chrome,Tâches diverses,2021-02-23,09:23:56,00:00:04
stefano.crapanzano@chu.ulg.ac.be,Oracle Instant Client ODBC Installation Notes - Google Chrome,Tâches diverses,2021-02-23,09:25:24,00:00:02
stefano.crapanzano@chu.ulg.ac.be,Oracle Instant Client ODBC Installation Notes - Google Chrome,Tâches diverses,2021-02-23,09:25:45,00:00:05
stefano.crapanzano@chu.ulg.ac.be,Oracle Instant Client Downloads - Google Chrome,Tâches diverses,2021-02-23,09:13:26,00:00:08
stefano.crapanzano@chu.ulg.ac.be,Oracle Instant Client Downloads - Google Chrome,Tâches diverses,2021-02-23,09:14:02,00:00:04
stefano.crapanzano@chu.ulg.ac.be,Instant Client for Microsoft Windows (x64) 64-bit - Google Chrome,Tâches diverses,2021-02-23,09:14:07,00:00:17
stefano.crapanzano@chu.ulg.ac.be,Instant Client for Microsoft Windows (x64) 64-bit - Google Chrome,Tâches diverses,2021-02-23,09:15:16,00:00:21
stefano.crapanzano@chu.ulg.ac.be,Instant Client for Microsoft Windows (x64) 64-bit - Google Chrome,Tâches diverses,2021-02-23,09:16:17,00:00:14
stefano.crapanzano@chu.ulg.ac.be,Instant Client for Microsoft Windows (x64) 64-bit - Google Chrome,Tâches diverses,2021-02-23,09:17:08,00:00:21
stefano.crapanzano@chu.ulg.ac.be,Instant Client for Microsoft Windows (x64) 64-bit - Google Chrome,Tâches diverses,2021-02-23,09:17:52,00:00:15
stefano.crapanzano@chu.ulg.ac.be,Instant Client for Microsoft Windows (x64) 64-bit - Google Chrome,Tâches diverses,2021-02-23,09:18:10,00:00:05
stefano.crapanzano@chu.ulg.ac.be,Instant Client for Microsoft Windows (x64) 64-bit - Google Chrome,Tâches diverses,2021-02-23,09:18:17,00:00:09
stefano.crapanzano@chu.ulg.ac.be,The latest supported Visual C++ downloads - Google Chrome,Tâches diverses,2021-02-23,09:17:30,00:00:08
stefano.crapanzano@chu.ulg.ac.be,Administrateur : C:\Windows\system32\cmd.exe - python  main.py,IT,2021-02-23,09:37:09,00:00:02
stefano.crapanzano@chu.ulg.ac.be,Navigation système de fichier,IT,2021-02-23,09:37:28,00:00:04
stefano.crapanzano@chu.ulg.ac.be,Navigation système de fichier,IT,2021-02-23,09:38:10,00:00:18
stefano.crapanzano@chu.ulg.ac.be,Navigation système de fichier,IT,2021-02-23,09:38:39,00:00:06
stefano.crapanzano@chu.ulg.ac.be,Navigation système de fichier,IT,2021-02-23,09:39:19,00:00:27
stefano.crapanzano@chu.ulg.ac.be,Navigation système de fichier,IT,2021-02-23,09:41:16,00:00:34
stefano.crapanzano@chu.ulg.ac.be,Navigation système de fichier,IT,2021-02-23,09:41:53,00:00:02
stefano.crapanzano@chu.ulg.ac.be,Navigation système de fichier,IT,2021-02-23,09:42:08,00:00:02
stefano.crapanzano@chu.ulg.ac.be,Navigation système de fichier,IT,2021-02-23,09:43:00,00:00:06
stefano.crapanzano@chu.ulg.ac.be,Navigation système de fichier,IT,2021-02-23,09:44:15,00:00:11
stefano.crapanzano@chu.ulg.ac.be,Navigation système de fichier,IT,2021-02-23,09:47:14,00:00:03
stefano.crapanzano@chu.ulg.ac.be,Navigation système de fichier,IT,2021-02-23,09:48:31,00:00:14
stefano.crapanzano@chu.ulg.ac.be,Navigation système de fichier,IT,2021-02-23,09:49:18,00:00:55
stefano.crapanzano@chu.ulg.ac.be,Navigation système de fichier,IT,2021-02-23,09:50:14,00:00:03
stefano.crapanzano@chu.ulg.ac.be,Navigation système de fichier,IT,2021-02-23,09:52:20,00:00:02
stefano.crapanzano@chu.ulg.ac.be,Navigation système de fichier,IT,2021-02-23,09:52:27,00:00:29
stefano.crapanzano@chu.ulg.ac.be,Navigation système de fichier,IT,2021-02-23,09:56:29,00:00:03
stefano.crapanzano@chu.ulg.ac.be,Administrateur de sources de données ODBC,Tâches diverses,2021-02-23,10:01:02,00:00:06
stefano.crapanzano@chu.ulg.ac.be,Boîte de Réception - Zimbra - Stefano Crapanzano - Outlook,Helpdesk général,2021-02-23,09:37:46,00:00:02
stefano.crapanzano@chu.ulg.ac.be,Administrateur : C:\Windows\System32\cmd.exe,IT,2021-02-23,09:38:29,00:00:09
stefano.crapanzano@chu.ulg.ac.be,Administrateur : C:\Windows\System32\cmd.exe,IT,2021-02-23,09:41:51,00:00:02
stefano.crapanzano@chu.ulg.ac.be,Administrateur : C:\Windows\System32\cmd.exe,IT,2021-02-23,09:42:02,00:00:05
stefano.crapanzano@chu.ulg.ac.be,Administrateur : C:\Windows\System32\cmd.exe,IT,2021-02-23,09:42:51,00:00:08
stefano.crapanzano@chu.ulg.ac.be,Administrateur : C:\Windows\System32\cmd.exe,IT,2021-02-23,09:43:16,00:00:03
stefano.crapanzano@chu.ulg.ac.be,Nouvel onglet - Google Chrome,Tâches diverses,2021-02-23,09:38:45,00:00:06
stefano.crapanzano@chu.ulg.ac.be,Nouvel onglet - Google Chrome,Tâches diverses,2021-02-23,09:43:22,00:00:04
stefano.crapanzano@chu.ulg.ac.be,Nouvel onglet - Google Chrome,Tâches diverses,2021-02-23,09:45:08,00:00:12
stefano.crapanzano@chu.ulg.ac.be,Nouvel onglet - Google Chrome,Tâches diverses,2021-02-23,09:54:05,00:00:10
stefano.crapanzano@chu.ulg.ac.be,oracle instant client - Recherche Google - Google Chrome,Tâches diverses,2021-02-23,09:38:51,00:00:03
stefano.crapanzano@chu.ulg.ac.be,Oracle Instant Client Downloads - Google Chrome,Tâches diverses,2021-02-23,09:38:55,00:00:10
stefano.crapanzano@chu.ulg.ac.be,Instant Client for Windows 32-bit - Google Chrome,Tâches diverses,2021-02-23,09:39:06,00:00:13
stefano.crapanzano@chu.ulg.ac.be,Instant Client for Windows 32-bit - Google Chrome,Tâches diverses,2021-02-23,09:39:47,00:01:28
stefano.crapanzano@chu.ulg.ac.be,Instant Client for Windows 32-bit - Google Chrome,Tâches diverses,2021-02-23,09:43:20,00:00:02
stefano.crapanzano@chu.ulg.ac.be,odbc 64 bit on windows 7 - Recherche Google - Google Chrome,Tâches diverses,2021-02-23,09:43:27,00:00:08
stefano.crapanzano@chu.ulg.ac.be,Create an ODBC data source on 64-bit computers - Google Chrome,Tâches diverses,2021-02-23,09:43:35,00:00:32
stefano.crapanzano@chu.ulg.ac.be,Create an ODBC data source on 64-bit computers - Google Chrome,Tâches diverses,2021-02-23,09:44:09,00:00:05
stefano.crapanzano@chu.ulg.ac.be,Create an ODBC data source on 64-bit computers - Google Chrome,Tâches diverses,2021-02-23,09:45:01,00:00:03
stefano.crapanzano@chu.ulg.ac.be,sqoras32.dll error code 998 - Recherche Google - Google Chrome,Tâches diverses,2021-02-23,09:45:20,00:00:02
stefano.crapanzano@chu.ulg.ac.be,ODBC driver could not be loaded due to system error code 998 — oracle-tech - Google Chrome,Tâches diverses,2021-02-23,09:45:22,00:01:50
stefano.crapanzano@chu.ulg.ac.be,ODBC driver could not be loaded due to system error code 998 — oracle-tech - Google Chrome,Tâches diverses,2021-02-23,09:47:57,00:00:34
stefano.crapanzano@chu.ulg.ac.be,ODBC driver could not be loaded due to system error code 998 — oracle-tech - Google Chrome,Tâches diverses,2021-02-23,09:54:03,00:00:02
stefano.crapanzano@chu.ulg.ac.be,*new 1 - Notepad++ [Administrator],IT,2021-02-23,09:50:43,00:00:02
stefano.crapanzano@chu.ulg.ac.be,*new 1 - Notepad++ [Administrator],IT,2021-02-23,09:50:50,00:00:03
stefano.crapanzano@chu.ulg.ac.be,*new 1 - Notepad++ [Administrator],IT,2021-02-23,09:51:06,00:00:20
stefano.crapanzano@chu.ulg.ac.be,Rechercher,IT,2021-02-23,09:51:26,00:00:02
stefano.crapanzano@chu.ulg.ac.be,Remplacer,IT,2021-02-23,09:50:31,00:00:11
stefano.crapanzano@chu.ulg.ac.be,Remplacer,IT,2021-02-23,09:50:45,00:00:04
stefano.crapanzano@chu.ulg.ac.be,Remplacer,IT,2021-02-23,09:51:28,00:00:07
stefano.crapanzano@chu.ulg.ac.be,uninstall oracle driver 11.2 - Recherche Google - Google Chrome,Tâches diverses,2021-02-23,09:54:16,00:00:12
stefano.crapanzano@chu.ulg.ac.be,Removing Oracle Database Client Software - Google Chrome,Tâches diverses,2021-02-23,09:54:28,00:01:22
stefano.crapanzano@chu.ulg.ac.be,odbc remove drivers - Recherche Google - Google Chrome,Tâches diverses,2021-02-23,09:55:51,00:00:04
stefano.crapanzano@chu.ulg.ac.be,odbc remove drivers oracle - Recherche Google - Google Chrome,Tâches diverses,2021-02-23,09:55:56,00:00:08
stefano.crapanzano@chu.ulg.ac.be,odbc remove drivers oracle - Recherche Google - Google Chrome,Tâches diverses,2021-02-23,09:56:17,00:00:11
stefano.crapanzano@chu.ulg.ac.be,odbc remove drivers oracle - Recherche Google - Google Chrome,Tâches diverses,2021-02-23,09:57:30,00:00:10
stefano.crapanzano@chu.ulg.ac.be,Uninstalling Oracle ODBC Drivers | CARLI - Google Chrome,Tâches diverses,2021-02-23,09:56:04,00:00:13
stefano.crapanzano@chu.ulg.ac.be,odbc remove driver oracle sqora32 dll - Recherche Google - Google Chrome,Tâches diverses,2021-02-23,09:57:41,00:00:04
stefano.crapanzano@chu.ulg.ac.be,How to uninstall Oracle ODBC Client completely - Ex Libris Knowledge Center - Google Chrome,Tâches diverses,2021-02-23,09:57:46,00:00:15
stefano.crapanzano@chu.ulg.ac.be,How to uninstall Oracle ODBC Client completely - Ex Libris Knowledge Center - Google Chrome,Tâches diverses,2021-02-23,10:00:02,00:00:18
stefano.crapanzano@chu.ulg.ac.be,How to uninstall Oracle ODBC Client completely - Ex Libris Knowledge Center - Google Chrome,Tâches diverses,2021-02-23,10:01:18,00:00:04
