Email,Description,Project,Start date,Start time,Duration
stefano.crapanzano@chu.ulg.ac.be,Administrateur : C:\Windows\System32\cmd.exe - python  main.py,IT,2021-02-25,16:24:45,00:00:03
stefano.crapanzano@chu.ulg.ac.be,Iepacs - sftp://kofaxchu@iepacs.chu.ulg.ac.be - FileZilla,Helpdesk général,2021-02-25,08:28:02,00:00:14
stefano.crapanzano@chu.ulg.ac.be,Iepacs - sftp://kofaxchu@iepacs.chu.ulg.ac.be - FileZilla,Helpdesk général,2021-02-25,13:12:52,00:00:26
stefano.crapanzano@chu.ulg.ac.be,Iepacs - sftp://kofaxchu@iepacs.chu.ulg.ac.be - FileZilla,Helpdesk général,2021-02-25,15:27:47,00:00:03
stefano.crapanzano@chu.ulg.ac.be,Iepacs - sftp://kofaxchu@iepacs.chu.ulg.ac.be - FileZilla,Helpdesk général,2021-02-25,16:00:20,00:00:07
stefano.crapanzano@chu.ulg.ac.be,Iepacs - sftp://kofaxchu@iepacs.chu.ulg.ac.be - FileZilla,Helpdesk général,2021-02-25,16:00:39,00:00:02
stefano.crapanzano@chu.ulg.ac.be,Iepacs - sftp://kofaxchu@iepacs.chu.ulg.ac.be - FileZilla,Helpdesk général,2021-02-25,16:24:50,00:00:19
stefano.crapanzano@chu.ulg.ac.be,Iepacs - sftp://kofaxchu@iepacs.chu.ulg.ac.be - FileZilla,Helpdesk général,2021-02-25,16:25:12,00:00:51
stefano.crapanzano@chu.ulg.ac.be,Boîte de réception - erp.sai@chuliege.be - Outlook,Helpdesk général,2021-02-25,08:28:16,00:00:02
stefano.crapanzano@chu.ulg.ac.be,Boîte de réception - erp.sai@chuliege.be - Outlook,Helpdesk général,2021-02-25,08:28:24,00:01:07
stefano.crapanzano@chu.ulg.ac.be,Boîte de réception - erp.sai@chuliege.be - Outlook,Helpdesk général,2021-02-25,08:31:56,00:04:52
stefano.crapanzano@chu.ulg.ac.be,Boîte de réception - erp.sai@chuliege.be - Outlook,Helpdesk général,2021-02-25,08:36:59,00:01:44
stefano.crapanzano@chu.ulg.ac.be,Boîte de réception - erp.sai@chuliege.be - Outlook,Helpdesk général,2021-02-25,08:39:08,00:00:03
stefano.crapanzano@chu.ulg.ac.be,Boîte de réception - erp.sai@chuliege.be - Outlook,Helpdesk général,2021-02-25,08:41:05,00:00:07
stefano.crapanzano@chu.ulg.ac.be,Boîte de réception - erp.sai@chuliege.be - Outlook,Helpdesk général,2021-02-25,08:43:27,00:00:27
stefano.crapanzano@chu.ulg.ac.be,Boîte de réception - erp.sai@chuliege.be - Outlook,Helpdesk général,2021-02-25,08:45:28,00:00:13
stefano.crapanzano@chu.ulg.ac.be,Boîte de réception - erp.sai@chuliege.be - Outlook,Helpdesk général,2021-02-25,08:53:23,00:00:04
stefano.crapanzano@chu.ulg.ac.be,Boîte de réception - erp.sai@chuliege.be - Outlook,Helpdesk général,2021-02-25,08:55:49,00:00:10
stefano.crapanzano@chu.ulg.ac.be,Boîte de réception - erp.sai@chuliege.be - Outlook,Helpdesk général,2021-02-25,08:57:06,00:00:02
stefano.crapanzano@chu.ulg.ac.be,Boîte de réception - erp.sai@chuliege.be - Outlook,Helpdesk général,2021-02-25,08:57:10,00:00:02
stefano.crapanzano@chu.ulg.ac.be,Boîte de réception - erp.sai@chuliege.be - Outlook,Helpdesk général,2021-02-25,08:57:17,00:00:14
stefano.crapanzano@chu.ulg.ac.be,Boîte de réception - erp.sai@chuliege.be - Outlook,Helpdesk général,2021-02-25,09:01:08,00:00:03
stefano.crapanzano@chu.ulg.ac.be,Boîte de réception - erp.sai@chuliege.be - Outlook,Helpdesk général,2021-02-25,09:28:54,00:00:03
stefano.crapanzano@chu.ulg.ac.be,Boîte de réception - erp.sai@chuliege.be - Outlook,Helpdesk général,2021-02-25,09:29:04,00:00:38
stefano.crapanzano@chu.ulg.ac.be,Boîte de réception - erp.sai@chuliege.be - Outlook,Helpdesk général,2021-02-25,09:29:53,00:00:50
stefano.crapanzano@chu.ulg.ac.be,Boîte de réception - erp.sai@chuliege.be - Outlook,Helpdesk général,2021-02-25,09:51:35,00:00:21
stefano.crapanzano@chu.ulg.ac.be,Boîte de réception - erp.sai@chuliege.be - Outlook,Helpdesk général,2021-02-25,09:51:59,00:02:57
stefano.crapanzano@chu.ulg.ac.be,Boîte de réception - erp.sai@chuliege.be - Outlook,Helpdesk général,2021-02-25,09:56:25,00:00:06
stefano.crapanzano@chu.ulg.ac.be,Boîte de réception - erp.sai@chuliege.be - Outlook,Helpdesk général,2021-02-25,09:57:12,00:00:04
stefano.crapanzano@chu.ulg.ac.be,Boîte de réception - erp.sai@chuliege.be - Outlook,Helpdesk général,2021-02-25,10:12:13,00:03:26
stefano.crapanzano@chu.ulg.ac.be,Boîte de réception - erp.sai@chuliege.be - Outlook,Helpdesk général,2021-02-25,10:30:55,00:00:02
stefano.crapanzano@chu.ulg.ac.be,Boîte de réception - erp.sai@chuliege.be - Outlook,Helpdesk général,2021-02-25,10:31:00,00:00:05
stefano.crapanzano@chu.ulg.ac.be,Boîte de réception - erp.sai@chuliege.be - Outlook,Helpdesk général,2021-02-25,10:32:30,00:00:04
stefano.crapanzano@chu.ulg.ac.be,Boîte de réception - erp.sai@chuliege.be - Outlook,Helpdesk général,2021-02-25,11:58:03,00:00:02
stefano.crapanzano@chu.ulg.ac.be,Boîte de réception - erp.sai@chuliege.be - Outlook,Helpdesk général,2021-02-25,12:15:27,00:00:13
stefano.crapanzano@chu.ulg.ac.be,Boîte de réception - erp.sai@chuliege.be - Outlook,Helpdesk général,2021-02-25,13:08:39,00:03:34
stefano.crapanzano@chu.ulg.ac.be,Boîte de réception - erp.sai@chuliege.be - Outlook,Helpdesk général,2021-02-25,13:12:50,00:00:02
stefano.crapanzano@chu.ulg.ac.be,Boîte de réception - erp.sai@chuliege.be - Outlook,Helpdesk général,2021-02-25,13:14:17,00:00:02
stefano.crapanzano@chu.ulg.ac.be,Boîte de réception - erp.sai@chuliege.be - Outlook,Helpdesk général,2021-02-25,13:16:47,00:00:03
stefano.crapanzano@chu.ulg.ac.be,Boîte de réception - erp.sai@chuliege.be - Outlook,Helpdesk général,2021-02-25,13:19:08,00:00:03
stefano.crapanzano@chu.ulg.ac.be,Boîte de réception - erp.sai@chuliege.be - Outlook,Helpdesk général,2021-02-25,13:19:13,00:00:03
stefano.crapanzano@chu.ulg.ac.be,Boîte de réception - erp.sai@chuliege.be - Outlook,Helpdesk général,2021-02-25,13:19:47,00:00:27
stefano.crapanzano@chu.ulg.ac.be,Boîte de réception - erp.sai@chuliege.be - Outlook,Helpdesk général,2021-02-25,13:20:19,00:00:02
stefano.crapanzano@chu.ulg.ac.be,Boîte de réception - erp.sai@chuliege.be - Outlook,Helpdesk général,2021-02-25,13:20:29,00:00:09
stefano.crapanzano@chu.ulg.ac.be,Boîte de réception - erp.sai@chuliege.be - Outlook,Helpdesk général,2021-02-25,13:21:36,00:00:02
stefano.crapanzano@chu.ulg.ac.be,Boîte de réception - erp.sai@chuliege.be - Outlook,IT,2021-02-25,13:25:10,00:00:31
stefano.crapanzano@chu.ulg.ac.be,Boîte de réception - erp.sai@chuliege.be - Outlook,Helpdesk général,2021-02-25,13:25:55,00:00:03
stefano.crapanzano@chu.ulg.ac.be,Boîte de réception - erp.sai@chuliege.be - Outlook,Helpdesk général,2021-02-25,13:27:45,00:08:16
stefano.crapanzano@chu.ulg.ac.be,Boîte de réception - erp.sai@chuliege.be - Outlook,Helpdesk général,2021-02-25,13:39:46,00:00:02
stefano.crapanzano@chu.ulg.ac.be,Boîte de réception - erp.sai@chuliege.be - Outlook,Helpdesk général,2021-02-25,13:46:34,00:00:02
stefano.crapanzano@chu.ulg.ac.be,Boîte de réception - erp.sai@chuliege.be - Outlook,Helpdesk général,2021-02-25,13:46:45,00:00:21
stefano.crapanzano@chu.ulg.ac.be,Boîte de réception - erp.sai@chuliege.be - Outlook,Helpdesk général,2021-02-25,13:47:30,00:00:02
stefano.crapanzano@chu.ulg.ac.be,Boîte de réception - erp.sai@chuliege.be - Outlook,Helpdesk général,2021-02-25,13:47:43,00:00:11
stefano.crapanzano@chu.ulg.ac.be,Boîte de réception - erp.sai@chuliege.be - Outlook,Helpdesk général,2021-02-25,13:47:59,00:00:09
stefano.crapanzano@chu.ulg.ac.be,Boîte de réception - erp.sai@chuliege.be - Outlook,Helpdesk général,2021-02-25,13:52:27,00:00:02
stefano.crapanzano@chu.ulg.ac.be,Boîte de réception - erp.sai@chuliege.be - Outlook,Helpdesk général,2021-02-25,13:53:16,00:00:03
stefano.crapanzano@chu.ulg.ac.be,Boîte de réception - erp.sai@chuliege.be - Outlook,Helpdesk général,2021-02-25,14:02:13,00:02:29
stefano.crapanzano@chu.ulg.ac.be,Boîte de réception - erp.sai@chuliege.be - Outlook,Helpdesk général,2021-02-25,14:06:07,00:00:10
stefano.crapanzano@chu.ulg.ac.be,Boîte de réception - erp.sai@chuliege.be - Outlook,Helpdesk général,2021-02-25,14:06:23,00:00:02
stefano.crapanzano@chu.ulg.ac.be,Boîte de réception - erp.sai@chuliege.be - Outlook,Helpdesk général,2021-02-25,14:23:01,00:00:03
stefano.crapanzano@chu.ulg.ac.be,Boîte de réception - erp.sai@chuliege.be - Outlook,Helpdesk général,2021-02-25,14:23:07,00:00:09
stefano.crapanzano@chu.ulg.ac.be,Boîte de réception - erp.sai@chuliege.be - Outlook,Helpdesk général,2021-02-25,15:24:34,00:00:13
stefano.crapanzano@chu.ulg.ac.be,Boîte de réception - erp.sai@chuliege.be - Outlook,Helpdesk général,2021-02-25,15:27:37,00:00:04
stefano.crapanzano@chu.ulg.ac.be,Boîte de réception - erp.sai@chuliege.be - Outlook,Helpdesk général,2021-02-25,15:50:38,00:00:09
stefano.crapanzano@chu.ulg.ac.be,Boîte de réception - erp.sai@chuliege.be - Outlook,Helpdesk général,2021-02-25,15:58:13,00:00:03
stefano.crapanzano@chu.ulg.ac.be,Boîte de réception - erp.sai@chuliege.be - Outlook,Helpdesk général,2021-02-25,15:58:20,00:00:15
stefano.crapanzano@chu.ulg.ac.be,Boîte de réception - erp.sai@chuliege.be - Outlook,Helpdesk général,2021-02-25,15:58:39,00:00:02
stefano.crapanzano@chu.ulg.ac.be,Boîte de réception - erp.sai@chuliege.be - Outlook,Helpdesk général,2021-02-25,16:02:09,00:00:03
stefano.crapanzano@chu.ulg.ac.be,Boîte de réception - erp.sai@chuliege.be - Outlook,Helpdesk général,2021-02-25,16:02:20,00:00:02
stefano.crapanzano@chu.ulg.ac.be,Boîte de réception - erp.sai@chuliege.be - Outlook,Helpdesk général,2021-02-25,16:02:31,00:00:04
stefano.crapanzano@chu.ulg.ac.be,Boîte de réception - erp.sai@chuliege.be - Outlook,Helpdesk général,2021-02-25,16:47:40,00:00:02
stefano.crapanzano@chu.ulg.ac.be,Boîte de réception - erp.sai@chuliege.be - Outlook,Helpdesk général,2021-02-25,16:48:22,00:00:04
stefano.crapanzano@chu.ulg.ac.be,Boîte de réception - erp.sai@chuliege.be - Outlook,Helpdesk général,2021-02-25,16:49:14,00:00:03
stefano.crapanzano@chu.ulg.ac.be,Boîte de Réception - Zimbra - Stefano Crapanzano - Outlook,Helpdesk général,2021-02-25,08:28:18,00:00:06
stefano.crapanzano@chu.ulg.ac.be,Boîte de Réception - Zimbra - Stefano Crapanzano - Outlook,Helpdesk général,2021-02-25,08:31:52,00:00:03
stefano.crapanzano@chu.ulg.ac.be,Boîte de Réception - Zimbra - Stefano Crapanzano - Outlook,Helpdesk général,2021-02-25,08:38:44,00:00:24
stefano.crapanzano@chu.ulg.ac.be,Boîte de Réception - Zimbra - Stefano Crapanzano - Outlook,Helpdesk général,2021-02-25,08:39:11,00:00:23
stefano.crapanzano@chu.ulg.ac.be,Boîte de Réception - Zimbra - Stefano Crapanzano - Outlook,Helpdesk général,2021-02-25,08:40:59,00:00:06
stefano.crapanzano@chu.ulg.ac.be,Boîte de Réception - Zimbra - Stefano Crapanzano - Outlook,Helpdesk général,2021-02-25,08:48:03,00:00:20
stefano.crapanzano@chu.ulg.ac.be,Boîte de Réception - Zimbra - Stefano Crapanzano - Outlook,Helpdesk général,2021-02-25,08:51:31,00:00:07
stefano.crapanzano@chu.ulg.ac.be,Boîte de Réception - Zimbra - Stefano Crapanzano - Outlook,Helpdesk général,2021-02-25,08:52:56,00:00:03
stefano.crapanzano@chu.ulg.ac.be,Boîte de Réception - Zimbra - Stefano Crapanzano - Outlook,Helpdesk général,2021-02-25,08:53:28,00:00:08
stefano.crapanzano@chu.ulg.ac.be,Boîte de Réception - Zimbra - Stefano Crapanzano - Outlook,IT,2021-02-25,08:55:46,00:00:02
stefano.crapanzano@chu.ulg.ac.be,Boîte de Réception - Zimbra - Stefano Crapanzano - Outlook,Helpdesk général,2021-02-25,09:28:49,00:00:04
stefano.crapanzano@chu.ulg.ac.be,Boîte de Réception - Zimbra - Stefano Crapanzano - Outlook,Helpdesk général,2021-02-25,09:29:00,00:00:03
stefano.crapanzano@chu.ulg.ac.be,Boîte de Réception - Zimbra - Stefano Crapanzano - Outlook,Helpdesk général,2021-02-25,09:29:51,00:00:02
stefano.crapanzano@chu.ulg.ac.be,Boîte de Réception - Zimbra - Stefano Crapanzano - Outlook,Helpdesk général,2021-02-25,09:35:23,00:00:56
stefano.crapanzano@chu.ulg.ac.be,Boîte de Réception - Zimbra - Stefano Crapanzano - Outlook,Helpdesk général,2021-02-25,09:38:55,00:00:02
stefano.crapanzano@chu.ulg.ac.be,Boîte de Réception - Zimbra - Stefano Crapanzano - Outlook,Helpdesk général,2021-02-25,09:54:56,00:01:28
stefano.crapanzano@chu.ulg.ac.be,Boîte de Réception - Zimbra - Stefano Crapanzano - Outlook,Helpdesk général,2021-02-25,10:30:58,00:00:02
stefano.crapanzano@chu.ulg.ac.be,Boîte de Réception - Zimbra - Stefano Crapanzano - Outlook,Helpdesk général,2021-02-25,11:58:05,00:17:21
stefano.crapanzano@chu.ulg.ac.be,Boîte de Réception - Zimbra - Stefano Crapanzano - Outlook,Helpdesk général,2021-02-25,12:46:19,00:00:03
stefano.crapanzano@chu.ulg.ac.be,Boîte de Réception - Zimbra - Stefano Crapanzano - Outlook,Helpdesk général,2021-02-25,12:46:25,00:00:03
stefano.crapanzano@chu.ulg.ac.be,Boîte de Réception - Zimbra - Stefano Crapanzano - Outlook,Helpdesk général,2021-02-25,12:56:29,00:00:12
stefano.crapanzano@chu.ulg.ac.be,Boîte de Réception - Zimbra - Stefano Crapanzano - Outlook,Helpdesk général,2021-02-25,13:00:37,00:00:03
stefano.crapanzano@chu.ulg.ac.be,Boîte de Réception - Zimbra - Stefano Crapanzano - Outlook,Helpdesk général,2021-02-25,13:01:55,00:00:08
stefano.crapanzano@chu.ulg.ac.be,Boîte de Réception - Zimbra - Stefano Crapanzano - Outlook,Helpdesk général,2021-02-25,13:08:37,00:00:02
stefano.crapanzano@chu.ulg.ac.be,Boîte de Réception - Zimbra - Stefano Crapanzano - Outlook,Helpdesk général,2021-02-25,13:14:19,00:00:08
stefano.crapanzano@chu.ulg.ac.be,Boîte de Réception - Zimbra - Stefano Crapanzano - Outlook,Helpdesk général,2021-02-25,13:16:44,00:00:02
stefano.crapanzano@chu.ulg.ac.be,Boîte de Réception - Zimbra - Stefano Crapanzano - Outlook,Helpdesk général,2021-02-25,13:20:22,00:00:03
stefano.crapanzano@chu.ulg.ac.be,Boîte de Réception - Zimbra - Stefano Crapanzano - Outlook,Helpdesk général,2021-02-25,13:39:42,00:00:04
stefano.crapanzano@chu.ulg.ac.be,Boîte de Réception - Zimbra - Stefano Crapanzano - Outlook,Helpdesk général,2021-02-25,13:45:10,00:00:03
stefano.crapanzano@chu.ulg.ac.be,Boîte de Réception - Zimbra - Stefano Crapanzano - Outlook,Helpdesk général,2021-02-25,13:46:36,00:00:02
stefano.crapanzano@chu.ulg.ac.be,Boîte de Réception - Zimbra - Stefano Crapanzano - Outlook,Helpdesk général,2021-02-25,14:02:10,00:00:03
stefano.crapanzano@chu.ulg.ac.be,Boîte de Réception - Zimbra - Stefano Crapanzano - Outlook,Helpdesk général,2021-02-25,14:06:18,00:00:02
stefano.crapanzano@chu.ulg.ac.be,Boîte de Réception - Zimbra - Stefano Crapanzano - Outlook,Helpdesk général,2021-02-25,14:06:25,00:01:09
stefano.crapanzano@chu.ulg.ac.be,Boîte de Réception - Zimbra - Stefano Crapanzano - Outlook,Helpdesk général,2021-02-25,14:22:49,00:00:02
stefano.crapanzano@chu.ulg.ac.be,Boîte de Réception - Zimbra - Stefano Crapanzano - Outlook,Helpdesk général,2021-02-25,14:22:59,00:00:02
stefano.crapanzano@chu.ulg.ac.be,Boîte de Réception - Zimbra - Stefano Crapanzano - Outlook,Helpdesk général,2021-02-25,15:24:32,00:00:02
stefano.crapanzano@chu.ulg.ac.be,Boîte de Réception - Zimbra - Stefano Crapanzano - Outlook,Helpdesk général,2021-02-25,15:27:32,00:00:04
stefano.crapanzano@chu.ulg.ac.be,Boîte de Réception - Zimbra - Stefano Crapanzano - Outlook,Helpdesk général,2021-02-25,15:57:39,00:00:33
stefano.crapanzano@chu.ulg.ac.be,Boîte de Réception - Zimbra - Stefano Crapanzano - Outlook,Helpdesk général,2021-02-25,16:01:56,00:00:13
stefano.crapanzano@chu.ulg.ac.be,Boîte de Réception - Zimbra - Stefano Crapanzano - Outlook,Helpdesk général,2021-02-25,16:02:13,00:00:07
stefano.crapanzano@chu.ulg.ac.be,Boîte de Réception - Zimbra - Stefano Crapanzano - Outlook,Helpdesk général,2021-02-25,16:22:33,00:00:02
stefano.crapanzano@chu.ulg.ac.be,Boîte de Réception - Zimbra - Stefano Crapanzano - Outlook,Helpdesk général,2021-02-25,16:22:38,00:00:04
stefano.crapanzano@chu.ulg.ac.be,Boîte de Réception - Zimbra - Stefano Crapanzano - Outlook,Helpdesk général,2021-02-25,16:47:43,00:00:03
stefano.crapanzano@chu.ulg.ac.be,Boîte de Réception - Zimbra - Stefano Crapanzano - Outlook,Helpdesk général,2021-02-25,16:49:11,00:00:02
stefano.crapanzano@chu.ulg.ac.be,Boîte de Réception - Zimbra - Stefano Crapanzano - Outlook,Helpdesk général,2021-02-25,17:01:13,00:00:03
stefano.crapanzano@chu.ulg.ac.be,Lecture documentation,Tâches diverses,2021-02-25,08:29:33,00:01:01
stefano.crapanzano@chu.ulg.ac.be,Lecture documentation,Tâches diverses,2021-02-25,08:43:59,00:00:21
stefano.crapanzano@chu.ulg.ac.be,Lecture documentation,Tâches diverses,2021-02-25,08:45:44,00:00:18
stefano.crapanzano@chu.ulg.ac.be,Lecture documentation,Tâches diverses,2021-02-25,08:46:09,00:00:20
stefano.crapanzano@chu.ulg.ac.be,Lecture documentation,Tâches diverses,2021-02-25,08:47:04,00:00:04
stefano.crapanzano@chu.ulg.ac.be,Lecture documentation,Tâches diverses,2021-02-25,08:47:13,00:00:47
stefano.crapanzano@chu.ulg.ac.be,Lecture documentation,Tâches diverses,2021-02-25,08:56:01,00:00:06
stefano.crapanzano@chu.ulg.ac.be,Lecture documentation,Tâches diverses,2021-02-25,08:56:18,00:00:48
stefano.crapanzano@chu.ulg.ac.be,Lecture documentation,Tâches diverses,2021-02-25,09:45:33,00:00:14
stefano.crapanzano@chu.ulg.ac.be,Lecture documentation,Tâches diverses,2021-02-25,09:45:54,00:01:20
stefano.crapanzano@chu.ulg.ac.be,Lecture documentation,Tâches diverses,2021-02-25,09:47:21,00:04:10
stefano.crapanzano@chu.ulg.ac.be,Lecture documentation,Tâches diverses,2021-02-25,09:57:16,00:00:27
stefano.crapanzano@chu.ulg.ac.be,Lecture documentation,Tâches diverses,2021-02-25,09:58:01,00:06:26
stefano.crapanzano@chu.ulg.ac.be,Lecture documentation,Tâches diverses,2021-02-25,10:15:48,00:15:06
stefano.crapanzano@chu.ulg.ac.be,Lecture documentation,Tâches diverses,2021-02-25,10:31:06,00:01:23
stefano.crapanzano@chu.ulg.ac.be,Lecture documentation,Tâches diverses,2021-02-25,10:34:05,01:10:16
stefano.crapanzano@chu.ulg.ac.be,Lecture documentation,Tâches diverses,2021-02-25,11:44:56,00:13:04
stefano.crapanzano@chu.ulg.ac.be,Lecture documentation,Tâches diverses,2021-02-25,12:18:38,00:03:59
stefano.crapanzano@chu.ulg.ac.be,Lecture documentation,Tâches diverses,2021-02-25,12:31:48,00:00:18
stefano.crapanzano@chu.ulg.ac.be,Lecture documentation,Tâches diverses,2021-02-25,12:32:24,00:00:07
stefano.crapanzano@chu.ulg.ac.be,Lecture documentation,Tâches diverses,2021-02-25,12:32:45,00:00:06
stefano.crapanzano@chu.ulg.ac.be,Lecture documentation,Tâches diverses,2021-02-25,12:32:59,00:00:14
stefano.crapanzano@chu.ulg.ac.be,Lecture documentation,Tâches diverses,2021-02-25,12:33:18,00:00:08
stefano.crapanzano@chu.ulg.ac.be,Lecture documentation,Tâches diverses,2021-02-25,12:33:44,00:00:29
stefano.crapanzano@chu.ulg.ac.be,Lecture documentation,Tâches diverses,2021-02-25,12:35:22,00:00:11
stefano.crapanzano@chu.ulg.ac.be,Lecture documentation,Tâches diverses,2021-02-25,12:35:40,00:00:57
stefano.crapanzano@chu.ulg.ac.be,Lecture documentation,Tâches diverses,2021-02-25,12:37:55,00:00:12
stefano.crapanzano@chu.ulg.ac.be,Lecture documentation,Tâches diverses,2021-02-25,12:38:09,00:00:09
stefano.crapanzano@chu.ulg.ac.be,Lecture documentation,Tâches diverses,2021-02-25,12:38:40,00:00:08
stefano.crapanzano@chu.ulg.ac.be,Lecture documentation,Tâches diverses,2021-02-25,12:38:57,00:00:05
stefano.crapanzano@chu.ulg.ac.be,Lecture documentation,Tâches diverses,2021-02-25,12:39:10,00:00:02
stefano.crapanzano@chu.ulg.ac.be,Lecture documentation,Tâches diverses,2021-02-25,12:39:31,00:00:03
stefano.crapanzano@chu.ulg.ac.be,Lecture documentation,Tâches diverses,2021-02-25,12:40:19,00:00:02
stefano.crapanzano@chu.ulg.ac.be,Lecture documentation,Tâches diverses,2021-02-25,12:41:21,00:00:02
stefano.crapanzano@chu.ulg.ac.be,Lecture documentation,Tâches diverses,2021-02-25,12:41:55,00:00:03
stefano.crapanzano@chu.ulg.ac.be,Lecture documentation,Tâches diverses,2021-02-25,12:42:00,00:00:17
stefano.crapanzano@chu.ulg.ac.be,Lecture documentation,Tâches diverses,2021-02-25,12:42:38,00:00:33
stefano.crapanzano@chu.ulg.ac.be,Lecture documentation,Tâches diverses,2021-02-25,12:43:33,00:00:04
stefano.crapanzano@chu.ulg.ac.be,Lecture documentation,Tâches diverses,2021-02-25,12:43:59,00:00:02
stefano.crapanzano@chu.ulg.ac.be,Lecture documentation,Tâches diverses,2021-02-25,12:44:28,00:00:11
stefano.crapanzano@chu.ulg.ac.be,Lecture documentation,Tâches diverses,2021-02-25,12:45:52,00:00:02
stefano.crapanzano@chu.ulg.ac.be,Lecture documentation,Tâches diverses,2021-02-25,12:46:29,00:10:00
stefano.crapanzano@chu.ulg.ac.be,Lecture documentation,Tâches diverses,2021-02-25,12:56:47,00:00:36
stefano.crapanzano@chu.ulg.ac.be,Lecture documentation,Tâches diverses,2021-02-25,12:57:53,00:00:13
stefano.crapanzano@chu.ulg.ac.be,Lecture documentation,Tâches diverses,2021-02-25,12:58:51,00:00:45
stefano.crapanzano@chu.ulg.ac.be,Lecture documentation,Tâches diverses,2021-02-25,13:02:03,00:06:33
stefano.crapanzano@chu.ulg.ac.be,Lecture documentation,Tâches diverses,2021-02-25,13:14:30,00:00:02
stefano.crapanzano@chu.ulg.ac.be,Lecture documentation,Tâches diverses,2021-02-25,13:16:00,00:00:44
stefano.crapanzano@chu.ulg.ac.be,Lecture documentation,Tâches diverses,2021-02-25,13:16:53,00:00:04
stefano.crapanzano@chu.ulg.ac.be,Lecture documentation,Tâches diverses,2021-02-25,13:16:58,00:00:02
stefano.crapanzano@chu.ulg.ac.be,Lecture documentation,Tâches diverses,2021-02-25,13:17:16,00:00:29
stefano.crapanzano@chu.ulg.ac.be,Lecture documentation,Tâches diverses,2021-02-25,13:18:10,00:00:38
stefano.crapanzano@chu.ulg.ac.be,Lecture documentation,Tâches diverses,2021-02-25,13:20:40,00:00:07
stefano.crapanzano@chu.ulg.ac.be,Lecture documentation,Tâches diverses,2021-02-25,13:21:09,00:00:23
stefano.crapanzano@chu.ulg.ac.be,Lecture documentation,Tâches diverses,2021-02-25,13:25:42,00:00:13
stefano.crapanzano@chu.ulg.ac.be,Lecture documentation,Tâches diverses,2021-02-25,13:36:02,00:00:08
stefano.crapanzano@chu.ulg.ac.be,Lecture documentation,Tâches diverses,2021-02-25,13:36:14,00:00:03
stefano.crapanzano@chu.ulg.ac.be,Lecture documentation,Tâches diverses,2021-02-25,13:36:21,00:00:21
stefano.crapanzano@chu.ulg.ac.be,Lecture documentation,Tâches diverses,2021-02-25,13:36:43,00:00:08
stefano.crapanzano@chu.ulg.ac.be,Lecture documentation,Tâches diverses,2021-02-25,13:37:19,00:00:05
stefano.crapanzano@chu.ulg.ac.be,Lecture documentation,Tâches diverses,2021-02-25,13:37:30,00:00:11
stefano.crapanzano@chu.ulg.ac.be,Lecture documentation,Tâches diverses,2021-02-25,13:37:53,00:00:22
stefano.crapanzano@chu.ulg.ac.be,Lecture documentation,Tâches diverses,2021-02-25,13:38:18,00:00:27
stefano.crapanzano@chu.ulg.ac.be,Lecture documentation,Tâches diverses,2021-02-25,13:38:58,00:00:05
stefano.crapanzano@chu.ulg.ac.be,Lecture documentation,Tâches diverses,2021-02-25,13:45:21,00:00:03
stefano.crapanzano@chu.ulg.ac.be,Lecture documentation,Tâches diverses,2021-02-25,13:45:59,00:00:02
stefano.crapanzano@chu.ulg.ac.be,Lecture documentation,Tâches diverses,2021-02-25,13:52:29,00:00:02
stefano.crapanzano@chu.ulg.ac.be,Lecture documentation,Tâches diverses,2021-02-25,14:05:02,00:00:18
stefano.crapanzano@chu.ulg.ac.be,Lecture documentation,Tâches diverses,2021-02-25,14:07:34,00:05:11
stefano.crapanzano@chu.ulg.ac.be,Lecture documentation,Tâches diverses,2021-02-25,14:28:21,00:04:42
stefano.crapanzano@chu.ulg.ac.be,Lecture documentation,Tâches diverses,2021-02-25,14:33:46,00:00:08
stefano.crapanzano@chu.ulg.ac.be,Lecture documentation,Tâches diverses,2021-02-25,14:33:59,00:00:06
stefano.crapanzano@chu.ulg.ac.be,Lecture documentation,Tâches diverses,2021-02-25,14:34:11,00:00:02
stefano.crapanzano@chu.ulg.ac.be,Lecture documentation,Tâches diverses,2021-02-25,14:34:59,00:00:10
stefano.crapanzano@chu.ulg.ac.be,Lecture documentation,Tâches diverses,2021-02-25,14:35:21,00:00:03
stefano.crapanzano@chu.ulg.ac.be,Lecture documentation,Tâches diverses,2021-02-25,14:35:40,00:16:05
stefano.crapanzano@chu.ulg.ac.be,Lecture documentation,Tâches diverses,2021-02-25,14:51:50,00:00:05
stefano.crapanzano@chu.ulg.ac.be,Lecture documentation,Tâches diverses,2021-02-25,14:51:56,00:00:02
stefano.crapanzano@chu.ulg.ac.be,Lecture documentation,Tâches diverses,2021-02-25,14:52:09,00:00:06
stefano.crapanzano@chu.ulg.ac.be,Lecture documentation,Tâches diverses,2021-02-25,15:05:20,00:01:17
stefano.crapanzano@chu.ulg.ac.be,Lecture documentation,Tâches diverses,2021-02-25,15:07:37,00:01:43
stefano.crapanzano@chu.ulg.ac.be,Lecture documentation,Tâches diverses,2021-02-25,15:10:57,00:00:32
stefano.crapanzano@chu.ulg.ac.be,Lecture documentation,Tâches diverses,2021-02-25,15:12:28,00:00:04
stefano.crapanzano@chu.ulg.ac.be,Lecture documentation,Tâches diverses,2021-02-25,15:26:56,00:00:18
stefano.crapanzano@chu.ulg.ac.be,Lecture documentation,Tâches diverses,2021-02-25,15:28:29,00:00:51
stefano.crapanzano@chu.ulg.ac.be,Lecture documentation,Tâches diverses,2021-02-25,15:50:52,00:05:04
stefano.crapanzano@chu.ulg.ac.be,Lecture documentation,Tâches diverses,2021-02-25,15:56:09,00:00:27
stefano.crapanzano@chu.ulg.ac.be,Lecture documentation,Tâches diverses,2021-02-25,15:56:39,00:01:00
stefano.crapanzano@chu.ulg.ac.be,Lecture documentation,Tâches diverses,2021-02-25,15:58:42,00:01:21
stefano.crapanzano@chu.ulg.ac.be,Lecture documentation,Tâches diverses,2021-02-25,16:00:08,00:00:08
stefano.crapanzano@chu.ulg.ac.be,Lecture documentation,Tâches diverses,2021-02-25,16:00:30,00:00:08
stefano.crapanzano@chu.ulg.ac.be,Lecture documentation,Tâches diverses,2021-02-25,16:00:43,00:00:02
stefano.crapanzano@chu.ulg.ac.be,Lecture documentation,Tâches diverses,2021-02-25,16:01:08,00:00:09
stefano.crapanzano@chu.ulg.ac.be,Lecture documentation,Tâches diverses,2021-02-25,16:02:38,00:01:39
stefano.crapanzano@chu.ulg.ac.be,Lecture documentation,Tâches diverses,2021-02-25,16:22:44,00:01:47
stefano.crapanzano@chu.ulg.ac.be,Lecture documentation,Tâches diverses,2021-02-25,16:24:37,00:00:02
stefano.crapanzano@chu.ulg.ac.be,Lecture documentation,Tâches diverses,2021-02-25,16:26:06,00:01:33
stefano.crapanzano@chu.ulg.ac.be,Lecture documentation,Tâches diverses,2021-02-25,16:27:41,00:00:27
stefano.crapanzano@chu.ulg.ac.be,Lecture documentation,Tâches diverses,2021-02-25,16:28:11,00:16:34
stefano.crapanzano@chu.ulg.ac.be,Lecture documentation,Tâches diverses,2021-02-25,16:47:49,00:00:19
stefano.crapanzano@chu.ulg.ac.be,Lecture documentation,Tâches diverses,2021-02-25,16:49:34,00:07:22
stefano.crapanzano@chu.ulg.ac.be,Lecture documentation,Tâches diverses,2021-02-25,16:58:01,00:03:10
stefano.crapanzano@chu.ulg.ac.be,Stefano CRAPANZANO - erp.sai@chuliege.be - Outlook,Helpdesk général,2021-02-25,08:30:36,00:00:06
stefano.crapanzano@chu.ulg.ac.be,Stefano CRAPANZANO - erp.sai@chuliege.be - Outlook,Helpdesk général,2021-02-25,12:15:40,00:00:06
stefano.crapanzano@chu.ulg.ac.be,Stefano CRAPANZANO - erp.sai@chuliege.be - Outlook,Helpdesk général,2021-02-25,12:46:17,00:00:02
stefano.crapanzano@chu.ulg.ac.be,Stefano CRAPANZANO - erp.sai@chuliege.be - Outlook,Helpdesk général,2021-02-25,13:25:59,00:01:45
stefano.crapanzano@chu.ulg.ac.be,URGENT : Clôture réservation 20073536 - Message (HTML),Helpdesk général,2021-02-25,08:31:47,00:00:02
stefano.crapanzano@chu.ulg.ac.be,RE: URGENT : Clôture réservation 20073536 - Message (HTML),Helpdesk général,2021-02-25,08:30:43,00:01:02
stefano.crapanzano@chu.ulg.ac.be,RE: URGENT : Clôture réservation 20073536 - Message (HTML),Helpdesk général,2021-02-25,08:41:12,00:01:12
stefano.crapanzano@chu.ulg.ac.be,RE: URGENT : Clôture réservation 20073536 - Message (HTML),Helpdesk général,2021-02-25,12:15:46,00:01:00
stefano.crapanzano@chu.ulg.ac.be,RE: URGENT : Clôture réservation 20073536 - Message (HTML),Helpdesk général,2021-02-25,12:18:13,00:00:15
stefano.crapanzano@chu.ulg.ac.be,Navigation système de fichier,IT,2021-02-25,08:39:48,00:00:02
stefano.crapanzano@chu.ulg.ac.be,Navigation système de fichier,IT,2021-02-25,08:44:51,00:00:26
stefano.crapanzano@chu.ulg.ac.be,Navigation système de fichier,IT,2021-02-25,08:45:18,00:00:02
stefano.crapanzano@chu.ulg.ac.be,Navigation système de fichier,IT,2021-02-25,08:46:03,00:00:03
stefano.crapanzano@chu.ulg.ac.be,Navigation système de fichier,IT,2021-02-25,08:46:30,00:00:02
stefano.crapanzano@chu.ulg.ac.be,Navigation système de fichier,IT,2021-02-25,08:46:37,00:00:11
stefano.crapanzano@chu.ulg.ac.be,Navigation système de fichier,IT,2021-02-25,08:47:02,00:00:02
stefano.crapanzano@chu.ulg.ac.be,Navigation système de fichier,IT,2021-02-25,08:50:30,00:00:13
stefano.crapanzano@chu.ulg.ac.be,Navigation système de fichier,IT,2021-02-25,08:53:37,00:00:02
stefano.crapanzano@chu.ulg.ac.be,Navigation système de fichier,IT,2021-02-25,08:53:41,00:00:05
stefano.crapanzano@chu.ulg.ac.be,Navigation système de fichier,IT,2021-02-25,08:57:32,00:00:08
stefano.crapanzano@chu.ulg.ac.be,Navigation système de fichier,IT,2021-02-25,08:57:46,00:00:05
stefano.crapanzano@chu.ulg.ac.be,Navigation système de fichier,IT,2021-02-25,08:58:30,00:00:18
stefano.crapanzano@chu.ulg.ac.be,Navigation système de fichier,IT,2021-02-25,09:01:06,00:00:02
stefano.crapanzano@chu.ulg.ac.be,Navigation système de fichier,IT,2021-02-25,09:02:45,00:00:17
stefano.crapanzano@chu.ulg.ac.be,Navigation système de fichier,IT,2021-02-25,09:05:51,00:00:18
stefano.crapanzano@chu.ulg.ac.be,Navigation système de fichier,IT,2021-02-25,09:06:46,00:00:02
stefano.crapanzano@chu.ulg.ac.be,Navigation système de fichier,IT,2021-02-25,09:07:00,00:00:23
stefano.crapanzano@chu.ulg.ac.be,Navigation système de fichier,IT,2021-02-25,09:07:29,00:00:04
stefano.crapanzano@chu.ulg.ac.be,Navigation système de fichier,IT,2021-02-25,09:08:32,00:01:41
stefano.crapanzano@chu.ulg.ac.be,Navigation système de fichier,IT,2021-02-25,09:10:16,00:00:05
stefano.crapanzano@chu.ulg.ac.be,Navigation système de fichier,IT,2021-02-25,09:14:35,00:00:10
stefano.crapanzano@chu.ulg.ac.be,Navigation système de fichier,IT,2021-02-25,09:14:51,00:00:08
stefano.crapanzano@chu.ulg.ac.be,Navigation système de fichier,IT,2021-02-25,09:29:42,00:00:05
stefano.crapanzano@chu.ulg.ac.be,Navigation système de fichier,IT,2021-02-25,09:30:44,00:00:23
stefano.crapanzano@chu.ulg.ac.be,Navigation système de fichier,IT,2021-02-25,09:31:18,00:00:02
stefano.crapanzano@chu.ulg.ac.be,Navigation système de fichier,IT,2021-02-25,09:31:31,00:00:32
stefano.crapanzano@chu.ulg.ac.be,Navigation système de fichier,IT,2021-02-25,09:32:28,00:00:02
stefano.crapanzano@chu.ulg.ac.be,Navigation système de fichier,IT,2021-02-25,09:32:36,00:00:12
stefano.crapanzano@chu.ulg.ac.be,Navigation système de fichier,IT,2021-02-25,09:34:09,00:00:03
stefano.crapanzano@chu.ulg.ac.be,Navigation système de fichier,IT,2021-02-25,09:34:21,00:00:04
stefano.crapanzano@chu.ulg.ac.be,Navigation système de fichier,IT,2021-02-25,09:47:18,00:00:03
stefano.crapanzano@chu.ulg.ac.be,Navigation système de fichier,IT,2021-02-25,09:51:56,00:00:02
stefano.crapanzano@chu.ulg.ac.be,Navigation système de fichier,IT,2021-02-25,09:57:06,00:00:03
stefano.crapanzano@chu.ulg.ac.be,Navigation système de fichier,IT,2021-02-25,09:57:44,00:00:03
stefano.crapanzano@chu.ulg.ac.be,Navigation système de fichier,IT,2021-02-25,09:57:56,00:00:04
stefano.crapanzano@chu.ulg.ac.be,Navigation système de fichier,IT,2021-02-25,10:12:01,00:00:12
stefano.crapanzano@chu.ulg.ac.be,Navigation système de fichier,IT,2021-02-25,12:22:38,00:00:02
stefano.crapanzano@chu.ulg.ac.be,Navigation système de fichier,IT,2021-02-25,12:32:06,00:00:09
stefano.crapanzano@chu.ulg.ac.be,Navigation système de fichier,IT,2021-02-25,12:39:03,00:00:07
stefano.crapanzano@chu.ulg.ac.be,Navigation système de fichier,IT,2021-02-25,12:42:17,00:00:12
stefano.crapanzano@chu.ulg.ac.be,Navigation système de fichier,IT,2021-02-25,12:43:40,00:00:02
stefano.crapanzano@chu.ulg.ac.be,Navigation système de fichier,IT,2021-02-25,12:43:51,00:00:07
stefano.crapanzano@chu.ulg.ac.be,Navigation système de fichier,IT,2021-02-25,12:44:08,00:00:17
stefano.crapanzano@chu.ulg.ac.be,Navigation système de fichier,IT,2021-02-25,12:45:58,00:00:17
stefano.crapanzano@chu.ulg.ac.be,Navigation système de fichier,IT,2021-02-25,12:56:42,00:00:04
stefano.crapanzano@chu.ulg.ac.be,Navigation système de fichier,IT,2021-02-25,12:58:10,00:00:13
stefano.crapanzano@chu.ulg.ac.be,Navigation système de fichier,IT,2021-02-25,12:59:42,00:00:11
stefano.crapanzano@chu.ulg.ac.be,Navigation système de fichier,IT,2021-02-25,13:00:03,00:00:34
stefano.crapanzano@chu.ulg.ac.be,Navigation système de fichier,IT,2021-02-25,13:00:40,00:00:07
stefano.crapanzano@chu.ulg.ac.be,Navigation système de fichier,IT,2021-02-25,13:00:49,00:00:10
stefano.crapanzano@chu.ulg.ac.be,Navigation système de fichier,IT,2021-02-25,13:14:39,00:00:11
stefano.crapanzano@chu.ulg.ac.be,Navigation système de fichier,IT,2021-02-25,13:17:04,00:00:12
stefano.crapanzano@chu.ulg.ac.be,Navigation système de fichier,IT,2021-02-25,13:18:52,00:00:04
stefano.crapanzano@chu.ulg.ac.be,Navigation système de fichier,IT,2021-02-25,13:21:51,00:03:19
stefano.crapanzano@chu.ulg.ac.be,Navigation système de fichier,IT,2021-02-25,13:37:13,00:00:06
stefano.crapanzano@chu.ulg.ac.be,Navigation système de fichier,IT,2021-02-25,13:39:12,00:00:27
stefano.crapanzano@chu.ulg.ac.be,Navigation système de fichier,IT,2021-02-25,13:46:05,00:00:23
stefano.crapanzano@chu.ulg.ac.be,Navigation système de fichier,IT,2021-02-25,13:47:11,00:00:02
stefano.crapanzano@chu.ulg.ac.be,Navigation système de fichier,IT,2021-02-25,13:47:56,00:00:02
stefano.crapanzano@chu.ulg.ac.be,Navigation système de fichier,IT,2021-02-25,13:52:33,00:00:40
stefano.crapanzano@chu.ulg.ac.be,Navigation système de fichier,IT,2021-02-25,14:04:50,00:00:10
stefano.crapanzano@chu.ulg.ac.be,Navigation système de fichier,IT,2021-02-25,14:06:04,00:00:02
stefano.crapanzano@chu.ulg.ac.be,Navigation système de fichier,IT,2021-02-25,14:23:17,00:05:04
stefano.crapanzano@chu.ulg.ac.be,Navigation système de fichier,IT,2021-02-25,14:33:04,00:00:03
stefano.crapanzano@chu.ulg.ac.be,Navigation système de fichier,IT,2021-02-25,14:33:40,00:00:03
stefano.crapanzano@chu.ulg.ac.be,Navigation système de fichier,IT,2021-02-25,14:34:55,00:00:02
stefano.crapanzano@chu.ulg.ac.be,Navigation système de fichier,IT,2021-02-25,14:52:16,00:00:11
stefano.crapanzano@chu.ulg.ac.be,Navigation système de fichier,IT,2021-02-25,14:52:33,00:12:44
stefano.crapanzano@chu.ulg.ac.be,Navigation système de fichier,IT,2021-02-25,15:06:37,00:00:19
stefano.crapanzano@chu.ulg.ac.be,Navigation système de fichier,IT,2021-02-25,15:09:20,00:00:13
stefano.crapanzano@chu.ulg.ac.be,Navigation système de fichier,IT,2021-02-25,15:09:59,00:00:30
stefano.crapanzano@chu.ulg.ac.be,Navigation système de fichier,IT,2021-02-25,15:14:33,00:00:32
stefano.crapanzano@chu.ulg.ac.be,Navigation système de fichier,IT,2021-02-25,15:15:59,00:00:07
stefano.crapanzano@chu.ulg.ac.be,Navigation système de fichier,IT,2021-02-25,15:17:08,00:00:27
stefano.crapanzano@chu.ulg.ac.be,Navigation système de fichier,IT,2021-02-25,15:17:38,00:00:02
stefano.crapanzano@chu.ulg.ac.be,Navigation système de fichier,IT,2021-02-25,15:17:46,00:00:07
stefano.crapanzano@chu.ulg.ac.be,Navigation système de fichier,IT,2021-02-25,15:18:05,00:00:14
stefano.crapanzano@chu.ulg.ac.be,Navigation système de fichier,IT,2021-02-25,15:18:34,00:00:19
stefano.crapanzano@chu.ulg.ac.be,Navigation système de fichier,IT,2021-02-25,15:19:38,00:00:16
stefano.crapanzano@chu.ulg.ac.be,Navigation système de fichier,IT,2021-02-25,15:20:04,00:00:10
stefano.crapanzano@chu.ulg.ac.be,Navigation système de fichier,IT,2021-02-25,15:21:11,00:00:04
stefano.crapanzano@chu.ulg.ac.be,Navigation système de fichier,IT,2021-02-25,15:22:21,00:00:11
stefano.crapanzano@chu.ulg.ac.be,Navigation système de fichier,IT,2021-02-25,15:27:43,00:00:03
stefano.crapanzano@chu.ulg.ac.be,Navigation système de fichier,IT,2021-02-25,15:28:24,00:00:04
stefano.crapanzano@chu.ulg.ac.be,Navigation système de fichier,IT,2021-02-25,15:29:21,00:00:05
stefano.crapanzano@chu.ulg.ac.be,Navigation système de fichier,IT,2021-02-25,15:29:28,00:00:12
stefano.crapanzano@chu.ulg.ac.be,Navigation système de fichier,IT,2021-02-25,15:29:59,00:00:05
stefano.crapanzano@chu.ulg.ac.be,Navigation système de fichier,IT,2021-02-25,15:30:15,00:00:05
stefano.crapanzano@chu.ulg.ac.be,Navigation système de fichier,IT,2021-02-25,15:31:34,00:00:33
stefano.crapanzano@chu.ulg.ac.be,Navigation système de fichier,IT,2021-02-25,15:32:28,00:00:02
stefano.crapanzano@chu.ulg.ac.be,Navigation système de fichier,IT,2021-02-25,15:32:37,00:00:06
stefano.crapanzano@chu.ulg.ac.be,Navigation système de fichier,IT,2021-02-25,15:33:21,00:00:11
stefano.crapanzano@chu.ulg.ac.be,Navigation système de fichier,IT,2021-02-25,15:34:29,00:00:04
stefano.crapanzano@chu.ulg.ac.be,Navigation système de fichier,IT,2021-02-25,15:34:46,00:01:50
stefano.crapanzano@chu.ulg.ac.be,Navigation système de fichier,IT,2021-02-25,15:37:07,00:00:03
stefano.crapanzano@chu.ulg.ac.be,Navigation système de fichier,IT,2021-02-25,15:37:39,00:00:03
stefano.crapanzano@chu.ulg.ac.be,Navigation système de fichier,IT,2021-02-25,15:37:57,00:00:03
stefano.crapanzano@chu.ulg.ac.be,Navigation système de fichier,IT,2021-02-25,15:38:10,00:00:03
stefano.crapanzano@chu.ulg.ac.be,Navigation système de fichier,IT,2021-02-25,15:38:30,00:00:04
stefano.crapanzano@chu.ulg.ac.be,Navigation système de fichier,IT,2021-02-25,15:39:04,00:00:08
stefano.crapanzano@chu.ulg.ac.be,Navigation système de fichier,IT,2021-02-25,15:40:44,00:00:03
stefano.crapanzano@chu.ulg.ac.be,Navigation système de fichier,IT,2021-02-25,15:42:52,00:00:10
stefano.crapanzano@chu.ulg.ac.be,Navigation système de fichier,IT,2021-02-25,15:50:00,00:00:04
stefano.crapanzano@chu.ulg.ac.be,Navigation système de fichier,IT,2021-02-25,16:00:03,00:00:02
stefano.crapanzano@chu.ulg.ac.be,Navigation système de fichier,IT,2021-02-25,16:00:17,00:00:03
stefano.crapanzano@chu.ulg.ac.be,Navigation système de fichier,IT,2021-02-25,16:00:41,00:00:02
stefano.crapanzano@chu.ulg.ac.be,Navigation système de fichier,IT,2021-02-25,16:00:54,00:00:03
stefano.crapanzano@chu.ulg.ac.be,Navigation système de fichier,IT,2021-02-25,16:01:18,00:00:04
stefano.crapanzano@chu.ulg.ac.be,Navigation système de fichier,IT,2021-02-25,16:01:52,00:00:04
stefano.crapanzano@chu.ulg.ac.be,Navigation système de fichier,IT,2021-02-25,16:22:17,00:00:14
stefano.crapanzano@chu.ulg.ac.be,Navigation système de fichier,IT,2021-02-25,16:24:31,00:00:02
stefano.crapanzano@chu.ulg.ac.be,Navigation système de fichier,IT,2021-02-25,16:24:40,00:00:02
stefano.crapanzano@chu.ulg.ac.be,Navigation système de fichier,IT,2021-02-25,16:25:09,00:00:03
stefano.crapanzano@chu.ulg.ac.be,Navigation système de fichier,IT,2021-02-25,16:26:04,00:00:02
stefano.crapanzano@chu.ulg.ac.be,Navigation système de fichier,IT,2021-02-25,16:47:47,00:00:02
stefano.crapanzano@chu.ulg.ac.be,Navigation système de fichier,IT,2021-02-25,16:48:27,00:00:37
stefano.crapanzano@chu.ulg.ac.be,Navigation système de fichier,IT,2021-02-25,16:49:06,00:00:04
stefano.crapanzano@chu.ulg.ac.be,Navigation système de fichier,IT,2021-02-25,16:49:18,00:00:15
stefano.crapanzano@chu.ulg.ac.be,Navigation système de fichier,IT,2021-02-25,16:56:56,00:01:03
stefano.crapanzano@chu.ulg.ac.be,Navigation système de fichier,IT,2021-02-25,17:01:16,00:00:03
stefano.crapanzano@chu.ulg.ac.be,taskeng.exe,IT,2021-02-25,08:36:49,00:00:10
stefano.crapanzano@chu.ulg.ac.be,RE: SCAN2CHU/KOFAX/SAP CHR - Message (HTML),Helpdesk général,2021-02-25,08:39:35,00:00:12
stefano.crapanzano@chu.ulg.ac.be,Demandes - Service d'assistance - Google Chrome,Tâches diverses,2021-02-25,08:39:53,00:01:06
stefano.crapanzano@chu.ulg.ac.be,Demandes - Service d'assistance - Google Chrome,Tâches diverses,2021-02-25,08:42:24,00:00:06
stefano.crapanzano@chu.ulg.ac.be,Demandes - Service d'assistance - Google Chrome,Tâches diverses,2021-02-25,12:16:49,00:00:02
stefano.crapanzano@chu.ulg.ac.be,P203 CHU Cloture de la réservation 0020073536 impossible - Bienvenue! Vous pouvez poser une demande de Service Desk ERP for HealthCare parmi les options fournies. - Service d'assistance - Google Chrome,Tâches diverses,2021-02-25,08:42:30,00:00:57
stefano.crapanzano@chu.ulg.ac.be,P203 CHU Cloture de la réservation 0020073536 impossible - Bienvenue! Vous pouvez poser une demande de Service Desk ERP for HealthCare parmi les options fournies. - Service d'assistance - Google Chrome,Tâches diverses,2021-02-25,08:43:55,00:00:03
stefano.crapanzano@chu.ulg.ac.be,P203 CHU Cloture de la réservation 0020073536 impossible - Bienvenue! Vous pouvez poser une demande de Service Desk ERP for HealthCare parmi les options fournies. - Service d'assistance - Google Chrome,Tâches diverses,2021-02-25,08:45:41,00:00:03
stefano.crapanzano@chu.ulg.ac.be,P203 CHU Cloture de la réservation 0020073536 impossible - Bienvenue! Vous pouvez poser une demande de Service Desk ERP for HealthCare parmi les options fournies. - Service d'assistance - Google Chrome,Tâches diverses,2021-02-25,12:16:46,00:00:02
stefano.crapanzano@chu.ulg.ac.be,P203 CHU Cloture de la réservation 0020073536 impossible - Bienvenue! Vous pouvez poser une demande de Service Desk ERP for HealthCare parmi les options fournies. - Service d'assistance - Google Chrome,Tâches diverses,2021-02-25,12:16:51,00:01:20
stefano.crapanzano@chu.ulg.ac.be,P203 CHU Cloture de la réservation 0020073536 impossible - Bienvenue! Vous pouvez poser une demande de Service Desk ERP for HealthCare parmi les options fournies. - Service d'assistance - Google Chrome,Tâches diverses,2021-02-25,12:18:28,00:00:02
stefano.crapanzano@chu.ulg.ac.be,Calendrier - Zimbra - Stefano Crapanzano - Outlook,Helpdesk général,2021-02-25,08:44:21,00:00:03
stefano.crapanzano@chu.ulg.ac.be,Calendrier - Zimbra - Stefano Crapanzano - Outlook,Helpdesk général,2021-02-25,08:45:21,00:00:07
stefano.crapanzano@chu.ulg.ac.be,Calendrier - Zimbra - Stefano Crapanzano - Outlook,Helpdesk général,2021-02-25,09:56:31,00:00:02
stefano.crapanzano@chu.ulg.ac.be,Calendrier - Zimbra - Stefano Crapanzano - Outlook,Helpdesk général,2021-02-25,09:57:09,00:00:02
stefano.crapanzano@chu.ulg.ac.be,Calendrier - Zimbra - Stefano Crapanzano - Outlook,Helpdesk général,2021-02-25,10:32:35,00:00:02
stefano.crapanzano@chu.ulg.ac.be,TR: GOAL : outils SAI - Réunion,Helpdesk général,2021-02-25,08:44:24,00:00:26
stefano.crapanzano@chu.ulg.ac.be,TR: GOAL : outils SAI - Réunion,Helpdesk général,2021-02-25,08:53:39,00:00:02
stefano.crapanzano@chu.ulg.ac.be,TR: GOAL : outils SAI - Réunion,Helpdesk général,2021-02-25,09:56:33,00:00:20
stefano.crapanzano@chu.ulg.ac.be,TR: GOAL : outils SAI - Réunion,IT,2021-02-25,09:56:57,00:00:08
stefano.crapanzano@chu.ulg.ac.be,TR: GOAL : outils SAI - Réunion,Helpdesk général,2021-02-25,10:04:27,00:07:33
stefano.crapanzano@chu.ulg.ac.be,TR: GOAL : outils SAI - Réunion,Helpdesk général,2021-02-25,10:32:37,00:01:27
stefano.crapanzano@chu.ulg.ac.be,TR: GOAL : outils SAI - Réunion,Helpdesk général,2021-02-25,14:12:48,00:09:58
stefano.crapanzano@chu.ulg.ac.be,TR: GOAL : outils SAI - Réunion,Helpdesk général,2021-02-25,14:33:08,00:00:32
stefano.crapanzano@chu.ulg.ac.be,TR: GOAL : outils SAI - Réunion,Helpdesk général,2021-02-25,16:04:17,00:10:36
stefano.crapanzano@chu.ulg.ac.be,TR: GOAL : outils SAI - Réunion,Helpdesk général,2021-02-25,16:44:46,00:02:52
stefano.crapanzano@chu.ulg.ac.be,Gewaardeerde voorraad,Exploration SAP,2021-02-25,08:56:10,00:00:03
stefano.crapanzano@chu.ulg.ac.be,Gewaardeerde voorraad,Exploration SAP,2021-02-25,09:47:15,00:00:03
stefano.crapanzano@chu.ulg.ac.be,Gewaardeerde voorraad,Exploration SAP,2021-02-25,13:18:01,00:00:02
stefano.crapanzano@chu.ulg.ac.be,Gewaardeerde voorraad,Exploration SAP,2021-02-25,13:18:05,00:00:02
stefano.crapanzano@chu.ulg.ac.be,Gewaardeerde voorraad,Exploration SAP,2021-02-25,14:35:30,00:00:02
stefano.crapanzano@chu.ulg.ac.be,Programmation,IT,2021-02-25,08:46:32,00:00:05
stefano.crapanzano@chu.ulg.ac.be,Programmation,IT,2021-02-25,09:06:10,00:00:36
stefano.crapanzano@chu.ulg.ac.be,Programmation,IT,2021-02-25,09:45:28,00:00:04
stefano.crapanzano@chu.ulg.ac.be,Programmation,IT,2021-02-25,12:22:40,00:09:08
stefano.crapanzano@chu.ulg.ac.be,Programmation,IT,2021-02-25,12:32:16,00:00:07
stefano.crapanzano@chu.ulg.ac.be,Programmation,IT,2021-02-25,12:32:32,00:00:13
stefano.crapanzano@chu.ulg.ac.be,Programmation,IT,2021-02-25,12:32:52,00:00:07
stefano.crapanzano@chu.ulg.ac.be,Programmation,IT,2021-02-25,12:33:14,00:00:03
stefano.crapanzano@chu.ulg.ac.be,Programmation,IT,2021-02-25,12:33:27,00:00:17
stefano.crapanzano@chu.ulg.ac.be,Programmation,IT,2021-02-25,12:34:14,00:01:08
stefano.crapanzano@chu.ulg.ac.be,Programmation,IT,2021-02-25,12:35:33,00:00:06
stefano.crapanzano@chu.ulg.ac.be,Programmation,IT,2021-02-25,12:36:37,00:01:18
stefano.crapanzano@chu.ulg.ac.be,Programmation,IT,2021-02-25,12:38:19,00:00:20
stefano.crapanzano@chu.ulg.ac.be,Programmation,IT,2021-02-25,12:38:48,00:00:08
stefano.crapanzano@chu.ulg.ac.be,Programmation,IT,2021-02-25,12:39:35,00:00:43
stefano.crapanzano@chu.ulg.ac.be,Programmation,IT,2021-02-25,12:40:26,00:00:15
stefano.crapanzano@chu.ulg.ac.be,Programmation,IT,2021-02-25,12:41:27,00:00:15
stefano.crapanzano@chu.ulg.ac.be,Programmation,IT,2021-02-25,12:43:12,00:00:17
stefano.crapanzano@chu.ulg.ac.be,Programmation,IT,2021-02-25,12:43:42,00:00:08
stefano.crapanzano@chu.ulg.ac.be,Programmation,IT,2021-02-25,13:14:57,00:00:56
stefano.crapanzano@chu.ulg.ac.be,Programmation,IT,2021-02-25,13:15:55,00:00:02
stefano.crapanzano@chu.ulg.ac.be,Programmation,IT,2021-02-25,13:45:04,00:00:03
stefano.crapanzano@chu.ulg.ac.be,C:\temp\rapport_stock_article_2021_02_25_08_45_54_600173.txt - Notepad++ [Administrator],IT,2021-02-25,08:46:49,00:00:13
stefano.crapanzano@chu.ulg.ac.be,C:\temp\rapport_stock_article_2021_02_25_08_45_54_600173.txt - Notepad++ [Administrator],IT,2021-02-25,08:47:08,00:00:04
stefano.crapanzano@chu.ulg.ac.be,C:\temp\rapport_stock_article_2021_02_25_08_45_54_600173.txt - Notepad++ [Administrator],IT,2021-02-25,08:53:47,00:00:03
stefano.crapanzano@chu.ulg.ac.be,RE: Présence sur site - Semaine du 1er mars - Message (HTML),Helpdesk général,2021-02-25,08:48:24,00:02:05
stefano.crapanzano@chu.ulg.ac.be,RE: Présence sur site - Semaine du 1er mars - Message (HTML),Helpdesk général,2021-02-25,08:50:43,00:00:46
stefano.crapanzano@chu.ulg.ac.be,RE: Présence sur site - Semaine du 1er mars - Message (HTML),Helpdesk général,2021-02-25,09:00:00,00:01:05
stefano.crapanzano@chu.ulg.ac.be,RE: Présence sur site - Semaine du 1er mars - Message (HTML),Helpdesk général,2021-02-25,09:36:20,00:02:30
stefano.crapanzano@chu.ulg.ac.be,RE: Présence sur site - Semaine du 1er mars - Message (HTML),Helpdesk général,2021-02-25,09:38:52,00:00:02
stefano.crapanzano@chu.ulg.ac.be,Envoyé - Zimbra - Stefano Crapanzano - Outlook,Helpdesk général,2021-02-25,08:51:38,00:01:18
stefano.crapanzano@chu.ulg.ac.be,Envoyé - Zimbra - Stefano Crapanzano - Outlook,Helpdesk général,2021-02-25,09:01:15,00:01:28
stefano.crapanzano@chu.ulg.ac.be,Envoyé - Zimbra - Stefano Crapanzano - Outlook,Helpdesk général,2021-02-25,09:15:02,00:08:02
stefano.crapanzano@chu.ulg.ac.be,Envoyé - Zimbra - Stefano Crapanzano - Outlook,Helpdesk général,2021-02-25,09:38:58,00:06:28
stefano.crapanzano@chu.ulg.ac.be,Envoyé - Zimbra - Stefano Crapanzano - Outlook,Helpdesk général,2021-02-25,09:51:32,00:00:02
stefano.crapanzano@chu.ulg.ac.be,Envoyé - Zimbra - Stefano Crapanzano - Outlook,Helpdesk général,2021-02-25,13:46:39,00:00:02
stefano.crapanzano@chu.ulg.ac.be,Sent - erp.sai@chuliege.be - Outlook,Helpdesk général,2021-02-25,08:57:12,00:00:04
stefano.crapanzano@chu.ulg.ac.be,Sent - erp.sai@chuliege.be - Outlook,Helpdesk général,2021-02-25,09:01:12,00:00:03
stefano.crapanzano@chu.ulg.ac.be,Sent - erp.sai@chuliege.be - Outlook,Helpdesk général,2021-02-25,09:28:58,00:00:02
stefano.crapanzano@chu.ulg.ac.be,Sent - erp.sai@chuliege.be - Outlook,Helpdesk général,2021-02-25,13:19:17,00:00:30
stefano.crapanzano@chu.ulg.ac.be,Sent - erp.sai@chuliege.be - Outlook,Helpdesk général,2021-02-25,13:20:17,00:00:02
stefano.crapanzano@chu.ulg.ac.be,Sent - erp.sai@chuliege.be - Outlook,Helpdesk général,2021-02-25,13:20:25,00:00:03
stefano.crapanzano@chu.ulg.ac.be,Sent - erp.sai@chuliege.be - Outlook,Helpdesk général,2021-02-25,13:45:14,00:00:06
stefano.crapanzano@chu.ulg.ac.be,Sent - erp.sai@chuliege.be - Outlook,Helpdesk général,2021-02-25,13:46:28,00:00:06
stefano.crapanzano@chu.ulg.ac.be,Sent - erp.sai@chuliege.be - Outlook,Helpdesk général,2021-02-25,13:46:41,00:00:03
stefano.crapanzano@chu.ulg.ac.be,Sent - erp.sai@chuliege.be - Outlook,Helpdesk général,2021-02-25,13:47:33,00:00:10
stefano.crapanzano@chu.ulg.ac.be,Sent - erp.sai@chuliege.be - Outlook,Helpdesk général,2021-02-25,13:53:19,00:08:46
stefano.crapanzano@chu.ulg.ac.be,Sent - erp.sai@chuliege.be - Outlook,Helpdesk général,2021-02-25,14:02:07,00:00:02
stefano.crapanzano@chu.ulg.ac.be,Sent - erp.sai@chuliege.be - Outlook,Helpdesk général,2021-02-25,14:06:20,00:00:02
stefano.crapanzano@chu.ulg.ac.be,Sent - erp.sai@chuliege.be - Outlook,Helpdesk général,2021-02-25,14:23:05,00:00:02
stefano.crapanzano@chu.ulg.ac.be,Sent - erp.sai@chuliege.be - Outlook,Helpdesk général,2021-02-25,15:58:17,00:00:03
stefano.crapanzano@chu.ulg.ac.be,Sent - erp.sai@chuliege.be - Outlook,Helpdesk général,2021-02-25,15:58:36,00:00:03
stefano.crapanzano@chu.ulg.ac.be,Sent - erp.sai@chuliege.be - Outlook,Helpdesk général,2021-02-25,16:02:23,00:00:08
stefano.crapanzano@chu.ulg.ac.be,Sent - erp.sai@chuliege.be - Outlook,Helpdesk général,2021-02-25,16:22:35,00:00:02
stefano.crapanzano@chu.ulg.ac.be,Drafts - erp.sai@chuliege.be - Outlook,Helpdesk général,2021-02-25,08:53:01,00:00:12
stefano.crapanzano@chu.ulg.ac.be,Drafts - erp.sai@chuliege.be - Outlook,Helpdesk général,2021-02-25,08:53:21,00:00:02
stefano.crapanzano@chu.ulg.ac.be,Drafts - erp.sai@chuliege.be - Outlook,Helpdesk général,2021-02-25,13:20:14,00:00:02
stefano.crapanzano@chu.ulg.ac.be,Trash - erp.sai@chuliege.be - Outlook,Helpdesk général,2021-02-25,08:53:13,00:00:08
stefano.crapanzano@chu.ulg.ac.be,\\ERPFTP.st.chulg\ERP\Log\KOFAX-KofaxCaptureSVReleaseProdFRCHR.log - Notepad++ [Administrator],IT,2021-02-25,08:53:50,00:01:51
stefano.crapanzano@chu.ulg.ac.be,\\ERPFTP.st.chulg\ERP\Log\KOFAX-KofaxCaptureSVReleaseProdFRCHR.log - Notepad++ [Administrator],IT,2021-02-25,13:00:59,00:00:55
stefano.crapanzano@chu.ulg.ac.be,\\ERPFTP.st.chulg\ERP\Log\KOFAX-KofaxCaptureSVReleaseProdFRCHR.log - Notepad++ [Administrator],IT,2021-02-25,13:13:19,00:00:57
stefano.crapanzano@chu.ulg.ac.be,\\ERPFTP.st.chulg\ERP\Log\KOFAX-KofaxCaptureSVReleaseProdFRCHR.log - Notepad++ [Administrator],IT,2021-02-25,13:19:05,00:00:03
stefano.crapanzano@chu.ulg.ac.be,\\ERPFTP.st.chulg\ERP\Log\KOFAX-KofaxCaptureSVReleaseProdFRCHR.log - Notepad++ [Administrator],IT,2021-02-25,15:27:50,00:00:30
stefano.crapanzano@chu.ulg.ac.be,SAP,Exploration SAP,2021-02-25,13:17:57,00:00:02
stefano.crapanzano@chu.ulg.ac.be,SAP,Exploration SAP,2021-02-25,14:35:26,00:00:02
stefano.crapanzano@chu.ulg.ac.be,SAP Logon 750,Exploration SAP,2021-02-25,08:56:16,00:00:02
stefano.crapanzano@chu.ulg.ac.be,SAP Logon 750,Exploration SAP,2021-02-25,09:57:52,00:00:02
stefano.crapanzano@chu.ulg.ac.be,SAP Logon 750,Exploration SAP,2021-02-25,12:44:02,00:00:02
stefano.crapanzano@chu.ulg.ac.be,SAP Logon 750,Exploration SAP,2021-02-25,12:44:26,00:00:02
stefano.crapanzano@chu.ulg.ac.be,SAP Logon 750,Exploration SAP,2021-02-25,12:59:36,00:00:02
stefano.crapanzano@chu.ulg.ac.be,SAP Logon 750,Exploration SAP,2021-02-25,13:14:33,00:00:02
stefano.crapanzano@chu.ulg.ac.be,SAP Logon 750,Exploration SAP,2021-02-25,13:17:01,00:00:02
stefano.crapanzano@chu.ulg.ac.be,SAP Logon 750,Exploration SAP,2021-02-25,13:18:07,00:00:02
stefano.crapanzano@chu.ulg.ac.be,SAP Logon 750,Exploration SAP,2021-02-25,13:39:08,00:00:02
stefano.crapanzano@chu.ulg.ac.be,SAP Logon 750,Exploration SAP,2021-02-25,13:47:24,00:00:03
stefano.crapanzano@chu.ulg.ac.be,SAP Logon 750,Exploration SAP,2021-02-25,14:35:36,00:00:02
stefano.crapanzano@chu.ulg.ac.be,\\filesrv01.st.chulg\oazis_prod\APPL_PROD\SOURCES\PYTHON\ERP\ACHAT\GOAL\COMPARAISON_ARTICLE_LABO_vs_SAP\CHL_ERP_COMP_DENOMINATION_ARTICLE_LABO_vs_SAP.py - Notepad++ [Administrator],IT,2021-02-25,09:03:02,00:02:49
stefano.crapanzano@chu.ulg.ac.be,\\filesrv01.st.chulg\oazis_prod\APPL_PROD\SOURCES\PYTHON\ERP\ACHAT\GOAL\COMPARAISON_ARTICLE_LABO_vs_SAP\CHL_ERP_COMP_DENOMINATION_ARTICLE_LABO_vs_SAP.py - Notepad++ [Administrator],IT,2021-02-25,09:06:49,00:00:10
stefano.crapanzano@chu.ulg.ac.be,\\filesrv01.st.chulg\oazis_prod\APPL_PROD\SOURCES\PYTHON\ERP\ACHAT\GOAL\COMPARAISON_ARTICLE_LABO_vs_SAP\CHL_ERP_COMP_DENOMINATION_ARTICLE_LABO_vs_SAP.py - Notepad++ [Administrator],IT,2021-02-25,09:23:14,00:05:33
stefano.crapanzano@chu.ulg.ac.be,\\filesrv01.st.chulg\oazis_prod\APPL_PROD\SOURCES\PYTHON\ERP\ACHAT\GOAL\COMPARAISON_ARTICLE_LABO_vs_SAP\CHL_ERP_COMP_DENOMINATION_ARTICLE_LABO_vs_SAP.py - Notepad++ [Administrator],IT,2021-02-25,09:32:31,00:00:03
stefano.crapanzano@chu.ulg.ac.be,Administrateur : C:\Windows\system32\cmd.exe,IT,2021-02-25,09:07:23,00:00:04
stefano.crapanzano@chu.ulg.ac.be,Administrateur : C:\Windows\system32\cmd.exe,IT,2021-02-25,09:08:13,00:00:09
stefano.crapanzano@chu.ulg.ac.be,Administrateur : C:\Windows\system32\cmd.exe,IT,2021-02-25,09:14:07,00:00:04
stefano.crapanzano@chu.ulg.ac.be,Administrateur : C:\Windows\system32\cmd.exe,IT,2021-02-25,09:56:54,00:00:03
stefano.crapanzano@chu.ulg.ac.be,Administrateur : C:\Windows\system32\cmd.exe,IT,2021-02-25,13:47:13,00:00:03
stefano.crapanzano@chu.ulg.ac.be,Administrateur : C:\Windows\system32\cmd.exe,IT,2021-02-25,13:47:18,00:00:02
stefano.crapanzano@chu.ulg.ac.be,\\filesrv01.st.chulg\oazis_prod\APPL_PROD\SOURCES\BAT\ERP\ACHAT\GOAL\COMPARAISON_ARTICLE_LABO_vs_SAP\CHL_ERP_ACHAT_GOAL_LEVENSHTEIN_D_vs_SAP.bat - Notepad++ [Administrator],IT,2021-02-25,09:07:33,00:00:31
stefano.crapanzano@chu.ulg.ac.be,\\filesrv01.st.chulg\oazis_prod\APPL_PROD\SOURCES\BAT\ERP\ACHAT\GOAL\COMPARAISON_ARTICLE_LABO_vs_SAP\CHL_ERP_ACHAT_GOAL_LEVENSHTEIN_D_vs_SAP.bat - Notepad++ [Administrator],IT,2021-02-25,09:14:13,00:00:03
stefano.crapanzano@chu.ulg.ac.be,\\filesrv01.st.chulg\oazis_prod\APPL_PROD\SOURCES\BAT\ERP\ACHAT\GOAL\COMPARAISON_ARTICLE_LABO_vs_SAP\CHL_ERP_ACHAT_GOAL_LEVENSHTEIN_D_vs_SAP.bat - Notepad++ [Administrator],IT,2021-02-25,09:14:20,00:00:05
stefano.crapanzano@chu.ulg.ac.be,\\filesrv01.st.chulg\oazis_prod\APPL_PROD\SOURCES\BAT\ERP\ACHAT\GOAL\COMPARAISON_ARTICLE_LABO_vs_SAP\CHL_ERP_ACHAT_GOAL_LEVENSHTEIN_D_vs_SAP.bat - Notepad++ [Administrator],IT,2021-02-25,09:23:12,00:00:02
stefano.crapanzano@chu.ulg.ac.be,\\filesrv01.st.chulg\oazis_prod\APPL_PROD\SOURCES\BAT\ERP\ACHAT\GOAL\COMPARAISON_ARTICLE_LABO_vs_SAP\CHL_ERP_ACHAT_GOAL_LEVENSHTEIN_D_vs_SAP.bat - Notepad++ [Administrator],IT,2021-02-25,09:31:07,00:00:10
stefano.crapanzano@chu.ulg.ac.be,*\\filesrv01.st.chulg\oazis_prod\APPL_PROD\SOURCES\BAT\ERP\ACHAT\GOAL\COMPARAISON_ARTICLE_LABO_vs_SAP\CHL_ERP_ACHAT_GOAL_LEVENSHTEIN_D_vs_SAP.bat - Notepad++ [Administrator],IT,2021-02-25,09:08:05,00:00:06
stefano.crapanzano@chu.ulg.ac.be,*\\filesrv01.st.chulg\oazis_prod\APPL_PROD\SOURCES\BAT\ERP\ACHAT\GOAL\COMPARAISON_ARTICLE_LABO_vs_SAP\CHL_ERP_ACHAT_GOAL_LEVENSHTEIN_D_vs_SAP.bat - Notepad++ [Administrator],IT,2021-02-25,09:14:16,00:00:03
stefano.crapanzano@chu.ulg.ac.be,Administrateur : C:\Windows\system32\cmd.exe - \\filesrv01.st.chulg\oazis_prod\APPL_PROD\SOURCES\BAT\ERP\ACHAT\GOAL\COMPARAISON_ARTICLE_LABO_vs_SAP\CHL_ERP_ACHAT_GOAL_LEVENSHTEIN_D_vs_SAP.bat,IT,2021-02-25,09:08:22,00:00:09
stefano.crapanzano@chu.ulg.ac.be,Ouverture -Excel,Tâches diverses,2021-02-25,09:10:21,00:00:03
stefano.crapanzano@chu.ulg.ac.be,Ouverture -Excel,Tâches diverses,2021-02-25,09:32:54,00:00:03
stefano.crapanzano@chu.ulg.ac.be,RESULT_COMPARAISON_DENOMINATION_FEUIL1_D_LABO_vs_SAP_2021_02_25_09_10_09.csv - Excel,Tâches diverses,2021-02-25,09:10:25,00:00:06
stefano.crapanzano@chu.ulg.ac.be,RESULT_COMPARAISON_DENOMINATION_FEUIL1_D_LABO_vs_SAP_2021_02_25_09_10_09.csv - Excel,Tâches diverses,2021-02-25,09:10:42,00:00:14
stefano.crapanzano@chu.ulg.ac.be,RESULT_COMPARAISON_DENOMINATION_FEUIL1_D_LABO_vs_SAP_2021_02_25_09_10_09.csv - Excel,Tâches diverses,2021-02-25,09:10:57,00:03:09
stefano.crapanzano@chu.ulg.ac.be,RESULT_COMPARAISON_DENOMINATION_FEUIL1_D_LABO_vs_SAP_2021_02_25_09_10_09.csv - Excel,Tâches diverses,2021-02-25,09:32:18,00:00:07
stefano.crapanzano@chu.ulg.ac.be,Assistant Conversion - Étape 1 sur 3,Tâches diverses,2021-02-25,09:10:31,00:00:02
stefano.crapanzano@chu.ulg.ac.be,Assistant Conversion - Étape 2 sur 3,Tâches diverses,2021-02-25,09:10:33,00:00:03
stefano.crapanzano@chu.ulg.ac.be,Assistant Conversion - Étape 3 sur 3,Tâches diverses,2021-02-25,09:10:37,00:00:02
stefano.crapanzano@chu.ulg.ac.be,Microsoft Excel,Tâches diverses,2021-02-25,09:10:39,00:00:02
stefano.crapanzano@chu.ulg.ac.be,\\ERPFTP.st.chulg\ERP\Log\Iepacs_file_Pdf-Kofaxchu_FRCHR_Pdf.log - Notepad++ [Administrator],IT,2021-02-25,09:23:08,00:00:03
stefano.crapanzano@chu.ulg.ac.be,\\filesrv01.st.chulg\oazis_prod\APPL_PROD\SOURCES\BAT\ERP\ACHAT\GOAL\COMPARAISON_ARTICLE_LABO_vs_SAP\CHL_ERP_ACHAT_GOAL_LEVENSHTEIN_J_vs_SAP.bat - Notepad++ [Administrator],IT,2021-02-25,09:31:20,00:00:10
stefano.crapanzano@chu.ulg.ac.be,Excel,Tâches diverses,2021-02-25,09:32:58,00:00:02
stefano.crapanzano@chu.ulg.ac.be,20201009_DONNEES SAP_ZMMARTSTAM_ZMEINFOREC_INJECTION 1_V01.xlsx - Excel,Tâches diverses,2021-02-25,09:32:04,00:00:13
stefano.crapanzano@chu.ulg.ac.be,I:\Informatique\ERP\Exploitation\ACHAT\ARTICLES\GOAL\COMPARAISON_ARTICLE_LABO_vs_SAP\input\DENOMINATION_FEUIL1_D_LABO.txt - Notepad++ [Administrator],IT,2021-02-25,09:32:48,00:00:03
stefano.crapanzano@chu.ulg.ac.be,20200128_INVENTAIRE ORIGINAL_HORS-STOCK AU 22-01-2020_OLIVIER_AVEC CODE SAP SUPPL_POUR SAI_V04.xlsm - Excel,Tâches diverses,2021-02-25,09:33:00,00:01:08
stefano.crapanzano@chu.ulg.ac.be,20200128_INVENTAIRE ORIGINAL_HORS-STOCK AU 22-01-2020_OLIVIER_AVEC CODE SAP SUPPL_POUR SAI_V04.xlsm - Excel,Tâches diverses,2021-02-25,09:34:26,00:00:55
stefano.crapanzano@chu.ulg.ac.be,20200128_INVENTAIRE ORIGINAL_HORS-STOCK AU 22-01-2020_OLIVIER_AVEC CODE SAP SUPPL_POUR SAI_V04.xlsm - Excel,Tâches diverses,2021-02-25,12:18:34,00:00:02
stefano.crapanzano@chu.ulg.ac.be,I:\Informatique\ERP\Exploitation\ACHAT\ARTICLES\GOAL\COMPARAISON_ARTICLE_LABO_vs_SAP\input\DENOMINATION_SAP.txt - Notepad++ [Administrator],IT,2021-02-25,09:34:12,00:00:08
stefano.crapanzano@chu.ulg.ac.be,[ CHL_ERP_RAPPORT_STOCK_ARTICLE ] ERREUR - Message (HTML),Helpdesk général,2021-02-25,09:45:47,00:00:07
stefano.crapanzano@chu.ulg.ac.be,1 rappel(s),Helpdesk général,2021-02-25,09:57:47,00:00:04
stefano.crapanzano@chu.ulg.ac.be,[MON SUIVI] : Impossible de se connecter à SAP via SAPGUI 750 sur portable Lenovo - Message (HTML),Helpdesk général,2021-02-25,10:15:41,00:00:07
stefano.crapanzano@chu.ulg.ac.be,Nouvel onglet - Google Chrome,Tâches diverses,2021-02-25,12:39:14,00:00:04
stefano.crapanzano@chu.ulg.ac.be,Nouvel onglet - Google Chrome,Tâches diverses,2021-02-25,12:40:41,00:00:06
stefano.crapanzano@chu.ulg.ac.be,Nouvel onglet - Google Chrome,Tâches diverses,2021-02-25,12:42:29,00:00:04
stefano.crapanzano@chu.ulg.ac.be,Nouvel onglet - Google Chrome,Tâches diverses,2021-02-25,16:02:36,00:00:02
stefano.crapanzano@chu.ulg.ac.be,Nouvel onglet - Google Chrome,Tâches diverses,2021-02-25,16:24:34,00:00:02
stefano.crapanzano@chu.ulg.ac.be,LABO - Stock article - Google Chrome,Tâches diverses,2021-02-25,12:39:19,00:00:11
stefano.crapanzano@chu.ulg.ac.be,LABO - Stock article - Google Chrome,Tâches diverses,2021-02-25,12:40:21,00:00:03
stefano.crapanzano@chu.ulg.ac.be,LABO - Stock article - Google Chrome,Tâches diverses,2021-02-25,12:41:09,00:00:11
stefano.crapanzano@chu.ulg.ac.be,LABO - Stock article - Google Chrome,Tâches diverses,2021-02-25,12:41:23,00:00:02
stefano.crapanzano@chu.ulg.ac.be,LABO - Stock article - Google Chrome,Tâches diverses,2021-02-25,12:41:44,00:00:08
stefano.crapanzano@chu.ulg.ac.be,LABO - Stock article - Google Chrome,Tâches diverses,2021-02-25,12:43:31,00:00:02
stefano.crapanzano@chu.ulg.ac.be,LABO - Stock article - Google Chrome,Tâches diverses,2021-02-25,12:43:38,00:00:02
stefano.crapanzano@chu.ulg.ac.be,LABO - Stock article - Google Chrome,Tâches diverses,2021-02-25,12:44:39,00:01:09
stefano.crapanzano@chu.ulg.ac.be,LABO - Stock article - Google Chrome,Tâches diverses,2021-02-25,12:45:50,00:00:02
stefano.crapanzano@chu.ulg.ac.be,LABO - Stock article - Google Chrome,Tâches diverses,2021-02-25,12:57:23,00:00:10
stefano.crapanzano@chu.ulg.ac.be,LABO - Stock article - Google Chrome,Tâches diverses,2021-02-25,12:57:39,00:00:13
stefano.crapanzano@chu.ulg.ac.be,LABO - Stock article - Google Chrome,Tâches diverses,2021-02-25,12:58:07,00:00:03
stefano.crapanzano@chu.ulg.ac.be,LABO - Stock article - Google Chrome,Tâches diverses,2021-02-25,12:58:23,00:00:27
stefano.crapanzano@chu.ulg.ac.be,LABO - Stock article - Google Chrome,Tâches diverses,2021-02-25,12:59:53,00:00:09
stefano.crapanzano@chu.ulg.ac.be,LABO - Stock article - Google Chrome,Tâches diverses,2021-02-25,13:12:14,00:00:36
stefano.crapanzano@chu.ulg.ac.be,LABO - Stock article - Google Chrome,Tâches diverses,2021-02-25,13:14:27,00:00:02
stefano.crapanzano@chu.ulg.ac.be,LABO - Stock article - Google Chrome,Tâches diverses,2021-02-25,13:14:50,00:00:05
stefano.crapanzano@chu.ulg.ac.be,LABO - Stock article - Google Chrome,Tâches diverses,2021-02-25,13:15:57,00:00:02
stefano.crapanzano@chu.ulg.ac.be,LABO - Stock article - Google Chrome,Helpdesk général,2021-02-25,13:16:50,00:00:02
stefano.crapanzano@chu.ulg.ac.be,LABO - Stock article - Google Chrome,Tâches diverses,2021-02-25,13:17:52,00:00:03
stefano.crapanzano@chu.ulg.ac.be,LABO - Stock article - Google Chrome,Tâches diverses,2021-02-25,13:18:50,00:00:02
stefano.crapanzano@chu.ulg.ac.be,LABO - Stock article - Google Chrome,Tâches diverses,2021-02-25,13:18:56,00:00:02
stefano.crapanzano@chu.ulg.ac.be,LABO - Stock article - Google Chrome,Tâches diverses,2021-02-25,13:20:47,00:00:21
stefano.crapanzano@chu.ulg.ac.be,LABO - Stock article - Google Chrome,Tâches diverses,2021-02-25,13:21:32,00:00:03
stefano.crapanzano@chu.ulg.ac.be,LABO - Stock article - Google Chrome,Tâches diverses,2021-02-25,13:21:38,00:00:02
stefano.crapanzano@chu.ulg.ac.be,LABO - Stock article - Google Chrome,Tâches diverses,2021-02-25,13:36:11,00:00:03
stefano.crapanzano@chu.ulg.ac.be,LABO - Stock article - Google Chrome,Tâches diverses,2021-02-25,13:36:52,00:00:13
stefano.crapanzano@chu.ulg.ac.be,LABO - Stock article - Google Chrome,Tâches diverses,2021-02-25,13:37:07,00:00:02
stefano.crapanzano@chu.ulg.ac.be,LABO - Stock article - Google Chrome,Tâches diverses,2021-02-25,13:37:25,00:00:04
stefano.crapanzano@chu.ulg.ac.be,LABO - Stock article - Google Chrome,Tâches diverses,2021-02-25,13:37:41,00:00:11
stefano.crapanzano@chu.ulg.ac.be,LABO - Stock article - Google Chrome,Tâches diverses,2021-02-25,13:38:46,00:00:09
stefano.crapanzano@chu.ulg.ac.be,LABO - Stock article - Google Chrome,Tâches diverses,2021-02-25,13:39:03,00:00:02
stefano.crapanzano@chu.ulg.ac.be,LABO - Stock article - Google Chrome,Tâches diverses,2021-02-25,13:39:50,00:00:02
stefano.crapanzano@chu.ulg.ac.be,LABO - Stock article - Google Chrome,Tâches diverses,2021-02-25,13:40:05,00:04:57
stefano.crapanzano@chu.ulg.ac.be,LABO - Stock article - Google Chrome,Tâches diverses,2021-02-25,13:45:24,00:00:33
stefano.crapanzano@chu.ulg.ac.be,LABO - Stock article - Google Chrome,Tâches diverses,2021-02-25,13:46:01,00:00:03
stefano.crapanzano@chu.ulg.ac.be,LABO - Stock article - Google Chrome,Tâches diverses,2021-02-25,14:04:44,00:00:03
stefano.crapanzano@chu.ulg.ac.be,LABO - Stock article - Google Chrome,Tâches diverses,2021-02-25,14:05:20,00:00:42
stefano.crapanzano@chu.ulg.ac.be,LABO - Stock article - Google Chrome,Tâches diverses,2021-02-25,14:33:43,00:00:02
stefano.crapanzano@chu.ulg.ac.be,LABO - Stock article - Google Chrome,Tâches diverses,2021-02-25,14:33:54,00:00:04
stefano.crapanzano@chu.ulg.ac.be,LABO - Stock article - Google Chrome,Tâches diverses,2021-02-25,14:34:06,00:00:02
stefano.crapanzano@chu.ulg.ac.be,LABO - Stock article - Google Chrome,Tâches diverses,2021-02-25,14:34:13,00:00:04
stefano.crapanzano@chu.ulg.ac.be,LABO - Stock article - Google Chrome,Tâches diverses,2021-02-25,14:34:19,00:00:35
stefano.crapanzano@chu.ulg.ac.be,LABO - Stock article - Google Chrome,Tâches diverses,2021-02-25,14:34:57,00:00:02
stefano.crapanzano@chu.ulg.ac.be,LABO - Stock article - Google Chrome,Tâches diverses,2021-02-25,14:35:09,00:00:11
stefano.crapanzano@chu.ulg.ac.be,LABO - Stock article - Google Chrome,Tâches diverses,2021-02-25,14:51:59,00:00:10
stefano.crapanzano@chu.ulg.ac.be,LABO - Stock article - Google Chrome,Tâches diverses,2021-02-25,15:05:17,00:00:02
stefano.crapanzano@chu.ulg.ac.be,LABO - Stock article - Google Chrome,Tâches diverses,2021-02-25,15:22:32,00:00:03
stefano.crapanzano@chu.ulg.ac.be,LABO - Stock article - Google Chrome,Tâches diverses,2021-02-25,15:26:53,00:00:02
stefano.crapanzano@chu.ulg.ac.be,LABO - Stock article - Google Chrome,Tâches diverses,2021-02-25,15:27:17,00:00:15
stefano.crapanzano@chu.ulg.ac.be,LABO - Stock article - Google Chrome,Tâches diverses,2021-02-25,15:50:50,00:00:02
stefano.crapanzano@chu.ulg.ac.be,LABO - Stock article - Google Chrome,Tâches diverses,2021-02-25,15:55:58,00:00:10
stefano.crapanzano@chu.ulg.ac.be,LABO - Stock article - Google Chrome,Tâches diverses,2021-02-25,16:00:27,00:00:02
stefano.crapanzano@chu.ulg.ac.be,LABO - Stock article - Google Chrome,Tâches diverses,2021-02-25,16:00:58,00:00:08
stefano.crapanzano@chu.ulg.ac.be,Sélectionnez l’objet utilisateur à changer | Site d’administration de Django - Google Chrome,Tâches diverses,2021-02-25,12:40:49,00:00:04
stefano.crapanzano@chu.ulg.ac.be,Ajout de utilisateur | Site d’administration de Django - Google Chrome,Tâches diverses,2021-02-25,12:40:53,00:00:14
stefano.crapanzano@chu.ulg.ac.be,Modification de utilisateur | Site d’administration de Django - Google Chrome,Tâches diverses,2021-02-25,12:57:35,00:00:03
stefano.crapanzano@chu.ulg.ac.be,Connexion | Site d’administration de Django - Google Chrome,Tâches diverses,2021-02-25,12:42:34,00:00:03
stefano.crapanzano@chu.ulg.ac.be,console_erpftp - [Racine de la console\Gestion de l’ordinateur (ERPFTP)\Outils système\Planificateur de tâches\Bibliothèque du Planificateur de tâches],IT,2021-02-25,13:39:55,00:00:04
stefano.crapanzano@chu.ulg.ac.be,console_erpftp - [Racine de la console\Gestion de l’ordinateur (ERPFTP)\Outils système\Planificateur de tâches\Bibliothèque du Planificateur de tâches],IT,2021-02-25,16:48:09,00:00:02
stefano.crapanzano@chu.ulg.ac.be,Conserver un fichier non existant,IT,2021-02-25,13:40:00,00:00:02
stefano.crapanzano@chu.ulg.ac.be,Administrateur : C:\Windows\System32\cmd.exe,IT,2021-02-25,13:47:22,00:00:02
stefano.crapanzano@chu.ulg.ac.be,Administrateur : C:\Windows\System32\cmd.exe,IT,2021-02-25,15:10:30,00:00:09
stefano.crapanzano@chu.ulg.ac.be,Administrateur : C:\Windows\System32\cmd.exe,IT,2021-02-25,15:10:40,00:00:14
stefano.crapanzano@chu.ulg.ac.be,SVN_LOCAL (Administrator),IT,2021-02-25,15:06:56,00:00:02
stefano.crapanzano@chu.ulg.ac.be,SVN_LOCAL – CHL_ERP_RAPPORT_STOCK_ARTICLE.bat [SVN_LOCAL] (Administrator),IT,2021-02-25,15:07:12,00:00:23
stefano.crapanzano@chu.ulg.ac.be,SVN_LOCAL – CHL_ERP_RAPPORT_STOCK_ARTICLE.bat [SVN_LOCAL] (Administrator),IT,2021-02-25,15:09:34,00:00:25
stefano.crapanzano@chu.ulg.ac.be,SVN_LOCAL – CHL_ERP_RAPPORT_STOCK_ARTICLE.bat [SVN_LOCAL] (Administrator),IT,2021-02-25,15:11:29,00:00:26
stefano.crapanzano@chu.ulg.ac.be,SVN_LOCAL – CHL_ERP_RAPPORT_STOCK_ARTICLE.bat [SVN_LOCAL] (Administrator),IT,2021-02-25,15:12:10,00:00:12
stefano.crapanzano@chu.ulg.ac.be,SVN_LOCAL – CHL_ERP_RAPPORT_STOCK_ARTICLE.bat [SVN_LOCAL] (Administrator),IT,2021-02-25,15:15:16,00:00:14
stefano.crapanzano@chu.ulg.ac.be,SVN_LOCAL – ALERT_EMAIL_ERP.pm [SVN_LOCAL] (Administrator),IT,2021-02-25,15:07:00,00:00:03
stefano.crapanzano@chu.ulg.ac.be,SVN_LOCAL – ALERT_EMAIL_ERP.pm [SVN_LOCAL] (Administrator),IT,2021-02-25,15:07:05,00:00:03
stefano.crapanzano@chu.ulg.ac.be,SVN_LOCAL – CHL_ERP_RAPPORT_STOCK_ARTICLE.pl [SVN_LOCAL] (Administrator),IT,2021-02-25,15:07:08,00:00:03
stefano.crapanzano@chu.ulg.ac.be,Add File to Git,IT,2021-02-25,15:11:56,00:00:03
stefano.crapanzano@chu.ulg.ac.be,SVN_LOCAL – test_levenshtein.pm [PERL] (Administrator),IT,2021-02-25,15:11:59,00:00:09
stefano.crapanzano@chu.ulg.ac.be,SVN_LOCAL – test_levenshtein.pl [PERL] (Administrator),IT,2021-02-25,15:12:23,00:00:03
stefano.crapanzano@chu.ulg.ac.be,SVN_LOCAL – test_levenshtein.pl [PERL] (Administrator),IT,2021-02-25,15:12:32,00:02:01
stefano.crapanzano@chu.ulg.ac.be,SVN_LOCAL – test_levenshtein.pl [PERL] (Administrator),IT,2021-02-25,15:15:05,00:00:10
stefano.crapanzano@chu.ulg.ac.be,SVN_LOCAL – test_levenshtein.pl [PERL] (Administrator),IT,2021-02-25,15:15:45,00:00:14
stefano.crapanzano@chu.ulg.ac.be,SVN_LOCAL – test_levenshtein.pl [PERL] (Administrator),IT,2021-02-25,15:16:07,00:00:36
stefano.crapanzano@chu.ulg.ac.be,SVN_LOCAL – test_levenshtein.pl [PERL] (Administrator),IT,2021-02-25,15:16:55,00:00:13
stefano.crapanzano@chu.ulg.ac.be,SVN_LOCAL – test_levenshtein.pl [PERL] (Administrator),IT,2021-02-25,15:17:36,00:00:02
stefano.crapanzano@chu.ulg.ac.be,SVN_LOCAL – test_levenshtein.pl [PERL] (Administrator),IT,2021-02-25,15:17:54,00:00:10
stefano.crapanzano@chu.ulg.ac.be,SVN_LOCAL – test_levenshtein.pl [PERL] (Administrator),IT,2021-02-25,15:18:19,00:00:13
stefano.crapanzano@chu.ulg.ac.be,SVN_LOCAL – test_levenshtein.pl [PERL] (Administrator),IT,2021-02-25,15:18:54,00:00:44
stefano.crapanzano@chu.ulg.ac.be,SVN_LOCAL – test_levenshtein.pl [PERL] (Administrator),IT,2021-02-25,15:20:14,00:00:20
stefano.crapanzano@chu.ulg.ac.be,SVN_LOCAL – test_levenshtein.pl [PERL] (Administrator),IT,2021-02-25,15:22:15,00:00:05
stefano.crapanzano@chu.ulg.ac.be,SVN_LOCAL – test_levenshtein.pl [PERL] (Administrator),IT,2021-02-25,16:00:48,00:00:05
stefano.crapanzano@chu.ulg.ac.be,SVN_LOCAL – test_levenshtein.pl [PERL] (Administrator),IT,2021-02-25,16:01:31,00:00:03
stefano.crapanzano@chu.ulg.ac.be,SVN_LOCAL – test_levenshtein.pl [PERL] (Administrator),IT,2021-02-25,16:48:12,00:00:03
stefano.crapanzano@chu.ulg.ac.be,SVN_LOCAL – test_levenshtein.pl [PERL] (Administrator),IT,2021-02-25,16:48:16,00:00:04
stefano.crapanzano@chu.ulg.ac.be,SVN_LOCAL – CHL_ERP_ENCOURS.pl [SVN_LOCAL] (Administrator),IT,2021-02-25,15:15:31,00:00:14
stefano.crapanzano@chu.ulg.ac.be,SVN_LOCAL – CHL_ERP_FTP_TO_FTP.pl [SVN_LOCAL] (Administrator),IT,2021-02-25,15:16:43,00:00:03
stefano.crapanzano@chu.ulg.ac.be,SVN_LOCAL – CHL_ERP_JOB_MONITORING.pl [SVN_LOCAL] (Administrator),IT,2021-02-25,15:16:47,00:00:08
stefano.crapanzano@chu.ulg.ac.be,\\filesrv01.st.chulg\oazis_prod\APPL_PROD\SOURCES\PERL\COMMON\Levenshtein.pm - Notepad++ [Administrator],IT,2021-02-25,15:17:40,00:00:05
stefano.crapanzano@chu.ulg.ac.be,\\filesrv01.st.chulg\oazis_prod\APPL_PROD\SOURCES\PERL\COMMON\Text\Levenshtein.pm - Notepad++ [Administrator],IT,2021-02-25,15:19:54,00:00:02
stefano.crapanzano@chu.ulg.ac.be,\\filesrv01.st.chulg\oazis_prod\APPL_PROD\SOURCES\PERL\COMMON\Text\Levenshtein.pm - Notepad++ [Administrator],IT,2021-02-25,15:20:00,00:00:02
stefano.crapanzano@chu.ulg.ac.be,*\\filesrv01.st.chulg\oazis_prod\APPL_PROD\SOURCES\PERL\COMMON\Text\Levenshtein.pm - Notepad++ [Administrator],IT,2021-02-25,15:19:57,00:00:03
stefano.crapanzano@chu.ulg.ac.be,SVN_LOCAL – \\OAZfact2.st.chulg\perl_chl_perl5lib\PERL_SET_APPL_ENV.pm (Administrator),IT,2021-02-25,15:20:34,00:00:27
stefano.crapanzano@chu.ulg.ac.be,SVN_LOCAL – \\OAZfact2.st.chulg\perl_chl_perl5lib\PERL_SET_APPL_ENV.pm (Administrator),IT,2021-02-25,15:21:04,00:00:07
stefano.crapanzano@chu.ulg.ac.be,SVN_LOCAL – \\OAZfact2.st.chulg\perl_chl_perl5lib\PERL_SET_APPL_ENV.pm (Administrator),IT,2021-02-25,15:21:16,00:00:58
stefano.crapanzano@chu.ulg.ac.be,Move,IT,2021-02-25,15:21:02,00:00:02
stefano.crapanzano@chu.ulg.ac.be,new 2 - Notepad++ [Administrator],IT,2021-02-25,15:28:21,00:00:02
stefano.crapanzano@chu.ulg.ac.be,new 2 - Notepad++ [Administrator],IT,2021-02-25,15:34:27,00:00:02
stefano.crapanzano@chu.ulg.ac.be,new 2 - Notepad++ [Administrator],IT,2021-02-25,15:40:42,00:00:02
stefano.crapanzano@chu.ulg.ac.be,P:\SOURCES\PERL\COMMON\MAJUSCULE.pm - Notepad++ [Administrator],IT,2021-02-25,15:29:40,00:00:18
stefano.crapanzano@chu.ulg.ac.be,P:\SOURCES\PERL\COMMON\NEUTRALIZE_BOM.pm - Notepad++ [Administrator],IT,2021-02-25,15:30:06,00:00:08
stefano.crapanzano@chu.ulg.ac.be,P:\SOURCES\PERL\COMMON\LOGME_ERP.pm - Notepad++ [Administrator],IT,2021-02-25,15:30:21,00:01:12
stefano.crapanzano@chu.ulg.ac.be,P:\SOURCES\PERL\COMMON\SEND_EMAIL_HTML.pm - Notepad++ [Administrator],IT,2021-02-25,15:32:08,00:00:18
stefano.crapanzano@chu.ulg.ac.be,P:\SOURCES\PERL\COMMON\SEND_EMAIL.pm - Notepad++ [Administrator],IT,2021-02-25,15:32:30,00:00:06
stefano.crapanzano@chu.ulg.ac.be,P:\SOURCES\PERL\COMMON\TRSL.pm - Notepad++ [Administrator],IT,2021-02-25,15:32:45,00:00:34
stefano.crapanzano@chu.ulg.ac.be,P:\SOURCES\PERL\COMMON\REMOTE_TASK.pm - Notepad++ [Administrator],IT,2021-02-25,15:33:32,00:00:55
stefano.crapanzano@chu.ulg.ac.be,P:\SOURCES\PERL\COMMON\ROUND.pm - Notepad++ [Administrator],IT,2021-02-25,15:34:35,00:00:09
stefano.crapanzano@chu.ulg.ac.be,P:\SOURCES\PERL\ERP\CHL_ERP_IDOC_MONITORING.pl - Notepad++ [Administrator],IT,2021-02-25,15:36:36,00:00:30
stefano.crapanzano@chu.ulg.ac.be,P:\SOURCES\PERL\ERP\CHL_ERP_RAPPORT_STOCK_ARTICLE.pl - Notepad++ [Administrator],IT,2021-02-25,15:37:10,00:00:28
stefano.crapanzano@chu.ulg.ac.be,P:\SOURCES\PERL\ERP\CHL_ERP_RAPPORT_STOCK_ARTICLE.pl - Notepad++ [Administrator],IT,2021-02-25,15:40:40,00:00:02
stefano.crapanzano@chu.ulg.ac.be,P:\SOURCES\PERL\ERP\CHL_ERP_APPLY_ACCESS_TO_FOLDER.pl - Notepad++ [Administrator],IT,2021-02-25,15:37:43,00:00:13
stefano.crapanzano@chu.ulg.ac.be,P:\SOURCES\PERL\ERP\APPLY_ACCESS_RIGHTS.pm - Notepad++ [Administrator],IT,2021-02-25,15:38:00,00:00:08
stefano.crapanzano@chu.ulg.ac.be,P:\SOURCES\PERL\ERP\CHL_ERP_JOB_MONITORING.pl - Notepad++ [Administrator],IT,2021-02-25,15:38:13,00:00:15
stefano.crapanzano@chu.ulg.ac.be,P:\SOURCES\PERL\ERP\CHL_ERP_ENCOURS.pl - Notepad++ [Administrator],IT,2021-02-25,15:38:34,00:00:28
stefano.crapanzano@chu.ulg.ac.be,P:\SOURCES\PERL\ERP\CHL_ERP_TRANSFER_FILE_SC.pl - Notepad++ [Administrator],IT,2021-02-25,15:39:13,00:01:26
stefano.crapanzano@chu.ulg.ac.be,P:\SOURCES\PERL\ERP\CHL_ERP_TRANSFER_TREE.pl - Notepad++ [Administrator],IT,2021-02-25,15:40:48,00:02:03
stefano.crapanzano@chu.ulg.ac.be,P:\SOURCES\PERL\ERP\CHL_ERP_COPIE_FACTURES_PAR_UB.pl - Notepad++ [Administrator],IT,2021-02-25,15:43:02,00:06:55
stefano.crapanzano@chu.ulg.ac.be,P:\SOURCES\PERL\ERP\CHL_ERP_ZI54_MONITORING.pl - Notepad++ [Administrator],IT,2021-02-25,15:50:04,00:00:30
