Email,Description,Project,Start date,Start time,Duration
stefano.crapanzano@chu.ulg.ac.be,Administrateur : C:\Windows\System32\cmd.exe - python  main.py,IT,2021-02-26,13:03:11,00:00:02
stefano.crapanzano@chu.ulg.ac.be,Administrateur : C:\Windows\System32\cmd.exe - python  main.py,IT,2021-02-26,16:55:12,00:00:03
stefano.crapanzano@chu.ulg.ac.be,Boîte de Réception - Zimbra - Stefano Crapanzano - Outlook,Helpdesk général,2021-02-26,08:32:04,00:00:06
stefano.crapanzano@chu.ulg.ac.be,Boîte de Réception - Zimbra - Stefano Crapanzano - Outlook,Helpdesk général,2021-02-26,08:37:43,00:00:02
stefano.crapanzano@chu.ulg.ac.be,Boîte de Réception - Zimbra - Stefano Crapanzano - Outlook,Helpdesk général,2021-02-26,08:58:35,00:00:08
stefano.crapanzano@chu.ulg.ac.be,Boîte de Réception - Zimbra - Stefano Crapanzano - Outlook,Helpdesk général,2021-02-26,08:58:52,00:00:02
stefano.crapanzano@chu.ulg.ac.be,Boîte de Réception - Zimbra - Stefano Crapanzano - Outlook,Helpdesk général,2021-02-26,09:15:07,00:00:02
stefano.crapanzano@chu.ulg.ac.be,Boîte de Réception - Zimbra - Stefano Crapanzano - Outlook,Helpdesk général,2021-02-26,09:19:23,00:00:03
stefano.crapanzano@chu.ulg.ac.be,Boîte de Réception - Zimbra - Stefano Crapanzano - Outlook,Helpdesk général,2021-02-26,09:52:51,00:00:03
stefano.crapanzano@chu.ulg.ac.be,Boîte de Réception - Zimbra - Stefano Crapanzano - Outlook,Helpdesk général,2021-02-26,09:55:03,00:00:03
stefano.crapanzano@chu.ulg.ac.be,Boîte de Réception - Zimbra - Stefano Crapanzano - Outlook,Helpdesk général,2021-02-26,10:10:55,00:00:02
stefano.crapanzano@chu.ulg.ac.be,Boîte de Réception - Zimbra - Stefano Crapanzano - Outlook,Helpdesk général,2021-02-26,10:24:51,00:00:03
stefano.crapanzano@chu.ulg.ac.be,Boîte de Réception - Zimbra - Stefano Crapanzano - Outlook,Helpdesk général,2021-02-26,10:31:17,00:00:14
stefano.crapanzano@chu.ulg.ac.be,Boîte de Réception - Zimbra - Stefano Crapanzano - Outlook,Helpdesk général,2021-02-26,10:36:56,00:00:02
stefano.crapanzano@chu.ulg.ac.be,Boîte de Réception - Zimbra - Stefano Crapanzano - Outlook,Helpdesk général,2021-02-26,10:42:10,00:00:02
stefano.crapanzano@chu.ulg.ac.be,Boîte de Réception - Zimbra - Stefano Crapanzano - Outlook,Helpdesk général,2021-02-26,10:51:13,00:00:03
stefano.crapanzano@chu.ulg.ac.be,Boîte de Réception - Zimbra - Stefano Crapanzano - Outlook,Helpdesk général,2021-02-26,11:06:27,00:00:10
stefano.crapanzano@chu.ulg.ac.be,Boîte de Réception - Zimbra - Stefano Crapanzano - Outlook,Helpdesk général,2021-02-26,11:09:57,00:00:19
stefano.crapanzano@chu.ulg.ac.be,Boîte de Réception - Zimbra - Stefano Crapanzano - Outlook,Helpdesk général,2021-02-26,11:16:45,00:00:03
stefano.crapanzano@chu.ulg.ac.be,Boîte de Réception - Zimbra - Stefano Crapanzano - Outlook,Helpdesk général,2021-02-26,11:16:54,00:00:02
stefano.crapanzano@chu.ulg.ac.be,Boîte de Réception - Zimbra - Stefano Crapanzano - Outlook,Helpdesk général,2021-02-26,11:23:02,00:02:32
stefano.crapanzano@chu.ulg.ac.be,Boîte de Réception - Zimbra - Stefano Crapanzano - Outlook,Helpdesk général,2021-02-26,12:13:55,00:00:03
stefano.crapanzano@chu.ulg.ac.be,Boîte de Réception - Zimbra - Stefano Crapanzano - Outlook,Helpdesk général,2021-02-26,12:14:13,00:00:02
stefano.crapanzano@chu.ulg.ac.be,Boîte de Réception - Zimbra - Stefano Crapanzano - Outlook,Helpdesk général,2021-02-26,12:20:29,00:00:03
stefano.crapanzano@chu.ulg.ac.be,Boîte de Réception - Zimbra - Stefano Crapanzano - Outlook,Helpdesk général,2021-02-26,12:31:50,00:00:03
stefano.crapanzano@chu.ulg.ac.be,Boîte de Réception - Zimbra - Stefano Crapanzano - Outlook,Helpdesk général,2021-02-26,13:02:18,00:00:03
stefano.crapanzano@chu.ulg.ac.be,Boîte de Réception - Zimbra - Stefano Crapanzano - Outlook,Helpdesk général,2021-02-26,13:15:32,00:00:02
stefano.crapanzano@chu.ulg.ac.be,Boîte de Réception - Zimbra - Stefano Crapanzano - Outlook,Helpdesk général,2021-02-26,13:17:44,00:00:02
stefano.crapanzano@chu.ulg.ac.be,Boîte de Réception - Zimbra - Stefano Crapanzano - Outlook,Helpdesk général,2021-02-26,13:18:03,00:00:09
stefano.crapanzano@chu.ulg.ac.be,Boîte de Réception - Zimbra - Stefano Crapanzano - Outlook,Helpdesk général,2021-02-26,13:20:00,00:00:03
stefano.crapanzano@chu.ulg.ac.be,Boîte de Réception - Zimbra - Stefano Crapanzano - Outlook,Helpdesk général,2021-02-26,13:31:33,00:00:20
stefano.crapanzano@chu.ulg.ac.be,Boîte de Réception - Zimbra - Stefano Crapanzano - Outlook,Helpdesk général,2021-02-26,13:38:16,00:00:02
stefano.crapanzano@chu.ulg.ac.be,Boîte de Réception - Zimbra - Stefano Crapanzano - Outlook,Helpdesk général,2021-02-26,13:57:04,00:00:02
stefano.crapanzano@chu.ulg.ac.be,Boîte de Réception - Zimbra - Stefano Crapanzano - Outlook,Helpdesk général,2021-02-26,13:58:43,00:00:03
stefano.crapanzano@chu.ulg.ac.be,Boîte de Réception - Zimbra - Stefano Crapanzano - Outlook,Helpdesk général,2021-02-26,14:03:44,00:00:02
stefano.crapanzano@chu.ulg.ac.be,Boîte de Réception - Zimbra - Stefano Crapanzano - Outlook,Helpdesk général,2021-02-26,14:07:08,00:00:06
stefano.crapanzano@chu.ulg.ac.be,Boîte de Réception - Zimbra - Stefano Crapanzano - Outlook,Helpdesk général,2021-02-26,14:28:59,00:00:02
stefano.crapanzano@chu.ulg.ac.be,Boîte de Réception - Zimbra - Stefano Crapanzano - Outlook,Helpdesk général,2021-02-26,14:44:17,00:00:02
stefano.crapanzano@chu.ulg.ac.be,Boîte de Réception - Zimbra - Stefano Crapanzano - Outlook,Helpdesk général,2021-02-26,15:18:33,00:03:55
stefano.crapanzano@chu.ulg.ac.be,Boîte de Réception - Zimbra - Stefano Crapanzano - Outlook,Helpdesk général,2021-02-26,15:25:45,00:00:02
stefano.crapanzano@chu.ulg.ac.be,Boîte de Réception - Zimbra - Stefano Crapanzano - Outlook,Helpdesk général,2021-02-26,15:55:13,00:00:03
stefano.crapanzano@chu.ulg.ac.be,Boîte de Réception - Zimbra - Stefano Crapanzano - Outlook,Helpdesk général,2021-02-26,16:10:09,00:00:02
stefano.crapanzano@chu.ulg.ac.be,Boîte de Réception - Zimbra - Stefano Crapanzano - Outlook,Helpdesk général,2021-02-26,16:23:13,00:00:02
stefano.crapanzano@chu.ulg.ac.be,Boîte de Réception - Zimbra - Stefano Crapanzano - Outlook,Helpdesk général,2021-02-26,16:55:18,00:00:10
stefano.crapanzano@chu.ulg.ac.be,Boîte de Réception - Zimbra - Stefano Crapanzano - Outlook,Helpdesk général,2021-02-26,16:58:09,00:00:02
stefano.crapanzano@chu.ulg.ac.be,Boîte de réception - erp.sai@chuliege.be - Outlook,Helpdesk général,2021-02-26,08:32:10,00:01:10
stefano.crapanzano@chu.ulg.ac.be,Boîte de réception - erp.sai@chuliege.be - Outlook,Helpdesk général,2021-02-26,08:33:23,00:00:23
stefano.crapanzano@chu.ulg.ac.be,Boîte de réception - erp.sai@chuliege.be - Outlook,Helpdesk général,2021-02-26,08:37:45,00:00:32
stefano.crapanzano@chu.ulg.ac.be,Boîte de réception - erp.sai@chuliege.be - Outlook,Helpdesk général,2021-02-26,08:40:13,00:00:02
stefano.crapanzano@chu.ulg.ac.be,Boîte de réception - erp.sai@chuliege.be - Outlook,Helpdesk général,2021-02-26,08:44:48,00:01:03
stefano.crapanzano@chu.ulg.ac.be,Boîte de réception - erp.sai@chuliege.be - Outlook,Helpdesk général,2021-02-26,08:48:01,00:00:40
stefano.crapanzano@chu.ulg.ac.be,Boîte de réception - erp.sai@chuliege.be - Outlook,Helpdesk général,2021-02-26,08:48:45,00:00:37
stefano.crapanzano@chu.ulg.ac.be,Boîte de réception - erp.sai@chuliege.be - Outlook,Helpdesk général,2021-02-26,08:50:31,00:00:06
stefano.crapanzano@chu.ulg.ac.be,Boîte de réception - erp.sai@chuliege.be - Outlook,Helpdesk général,2021-02-26,08:58:54,00:00:15
stefano.crapanzano@chu.ulg.ac.be,Boîte de réception - erp.sai@chuliege.be - Outlook,Helpdesk général,2021-02-26,09:01:43,00:01:51
stefano.crapanzano@chu.ulg.ac.be,Boîte de réception - erp.sai@chuliege.be - Outlook,Helpdesk général,2021-02-26,09:03:36,00:01:51
stefano.crapanzano@chu.ulg.ac.be,Boîte de réception - erp.sai@chuliege.be - Outlook,Helpdesk général,2021-02-26,09:08:04,00:01:22
stefano.crapanzano@chu.ulg.ac.be,Boîte de réception - erp.sai@chuliege.be - Outlook,Helpdesk général,2021-02-26,09:15:10,00:00:54
stefano.crapanzano@chu.ulg.ac.be,Boîte de réception - erp.sai@chuliege.be - Outlook,Helpdesk général,2021-02-26,09:16:07,00:00:04
stefano.crapanzano@chu.ulg.ac.be,Boîte de réception - erp.sai@chuliege.be - Outlook,Helpdesk général,2021-02-26,09:18:09,00:00:02
stefano.crapanzano@chu.ulg.ac.be,Boîte de réception - erp.sai@chuliege.be - Outlook,Helpdesk général,2021-02-26,09:18:18,00:01:04
stefano.crapanzano@chu.ulg.ac.be,Boîte de réception - erp.sai@chuliege.be - Outlook,Helpdesk général,2021-02-26,09:19:29,00:01:15
stefano.crapanzano@chu.ulg.ac.be,Boîte de réception - erp.sai@chuliege.be - Outlook,Helpdesk général,2021-02-26,09:27:29,00:00:10
stefano.crapanzano@chu.ulg.ac.be,Boîte de réception - erp.sai@chuliege.be - Outlook,Helpdesk général,2021-02-26,09:27:51,00:00:37
stefano.crapanzano@chu.ulg.ac.be,Boîte de réception - erp.sai@chuliege.be - Outlook,Helpdesk général,2021-02-26,09:28:30,00:00:02
stefano.crapanzano@chu.ulg.ac.be,Boîte de réception - erp.sai@chuliege.be - Outlook,Helpdesk général,2021-02-26,09:28:36,00:00:44
stefano.crapanzano@chu.ulg.ac.be,Boîte de réception - erp.sai@chuliege.be - Outlook,Helpdesk général,2021-02-26,09:42:25,00:00:08
stefano.crapanzano@chu.ulg.ac.be,Boîte de réception - erp.sai@chuliege.be - Outlook,Helpdesk général,2021-02-26,09:42:37,00:01:23
stefano.crapanzano@chu.ulg.ac.be,Boîte de réception - erp.sai@chuliege.be - Outlook,Helpdesk général,2021-02-26,09:46:10,00:00:03
stefano.crapanzano@chu.ulg.ac.be,Boîte de réception - erp.sai@chuliege.be - Outlook,Helpdesk général,2021-02-26,09:46:44,00:04:58
stefano.crapanzano@chu.ulg.ac.be,Boîte de réception - erp.sai@chuliege.be - Outlook,Helpdesk général,2021-02-26,09:52:48,00:00:02
stefano.crapanzano@chu.ulg.ac.be,Boîte de réception - erp.sai@chuliege.be - Outlook,Helpdesk général,2021-02-26,09:55:06,00:00:02
stefano.crapanzano@chu.ulg.ac.be,Boîte de réception - erp.sai@chuliege.be - Outlook,Helpdesk général,2021-02-26,09:56:00,00:02:09
stefano.crapanzano@chu.ulg.ac.be,Boîte de réception - erp.sai@chuliege.be - Outlook,Helpdesk général,2021-02-26,10:10:58,00:00:03
stefano.crapanzano@chu.ulg.ac.be,Boîte de réception - erp.sai@chuliege.be - Outlook,Helpdesk général,2021-02-26,10:24:55,00:00:02
stefano.crapanzano@chu.ulg.ac.be,Boîte de réception - erp.sai@chuliege.be - Outlook,Helpdesk général,2021-02-26,10:24:59,00:06:18
stefano.crapanzano@chu.ulg.ac.be,Boîte de réception - erp.sai@chuliege.be - Outlook,Helpdesk général,2021-02-26,10:55:34,00:00:13
stefano.crapanzano@chu.ulg.ac.be,Boîte de réception - erp.sai@chuliege.be - Outlook,Helpdesk général,2021-02-26,10:59:26,00:00:07
stefano.crapanzano@chu.ulg.ac.be,Boîte de réception - erp.sai@chuliege.be - Outlook,Helpdesk général,2021-02-26,10:59:38,00:00:23
stefano.crapanzano@chu.ulg.ac.be,Boîte de réception - erp.sai@chuliege.be - Outlook,Helpdesk général,2021-02-26,11:01:08,00:00:14
stefano.crapanzano@chu.ulg.ac.be,Boîte de réception - erp.sai@chuliege.be - Outlook,Helpdesk général,2021-02-26,11:01:28,00:00:10
stefano.crapanzano@chu.ulg.ac.be,Boîte de réception - erp.sai@chuliege.be - Outlook,Helpdesk général,2021-02-26,11:06:23,00:00:03
stefano.crapanzano@chu.ulg.ac.be,Boîte de réception - erp.sai@chuliege.be - Outlook,Helpdesk général,2021-02-26,11:10:36,00:00:03
stefano.crapanzano@chu.ulg.ac.be,Boîte de réception - erp.sai@chuliege.be - Outlook,Helpdesk général,2021-02-26,11:10:49,00:00:06
stefano.crapanzano@chu.ulg.ac.be,Boîte de réception - erp.sai@chuliege.be - Outlook,Helpdesk général,2021-02-26,11:14:42,00:00:03
stefano.crapanzano@chu.ulg.ac.be,Boîte de réception - erp.sai@chuliege.be - Outlook,Helpdesk général,2021-02-26,11:14:58,00:00:22
stefano.crapanzano@chu.ulg.ac.be,Boîte de réception - erp.sai@chuliege.be - Outlook,Helpdesk général,2021-02-26,11:16:34,00:00:10
stefano.crapanzano@chu.ulg.ac.be,Boîte de réception - erp.sai@chuliege.be - Outlook,Helpdesk général,2021-02-26,11:16:56,00:00:02
stefano.crapanzano@chu.ulg.ac.be,Boîte de réception - erp.sai@chuliege.be - Outlook,Helpdesk général,2021-02-26,11:17:02,00:00:06
stefano.crapanzano@chu.ulg.ac.be,Boîte de réception - erp.sai@chuliege.be - Outlook,Helpdesk général,2021-02-26,11:28:46,00:01:27
stefano.crapanzano@chu.ulg.ac.be,Boîte de réception - erp.sai@chuliege.be - Outlook,Helpdesk général,2021-02-26,11:30:17,00:00:04
stefano.crapanzano@chu.ulg.ac.be,Boîte de réception - erp.sai@chuliege.be - Outlook,Helpdesk général,2021-02-26,11:30:23,00:00:07
stefano.crapanzano@chu.ulg.ac.be,Boîte de réception - erp.sai@chuliege.be - Outlook,Helpdesk général,2021-02-26,11:30:49,00:00:03
stefano.crapanzano@chu.ulg.ac.be,Boîte de réception - erp.sai@chuliege.be - Outlook,Helpdesk général,2021-02-26,12:13:01,00:00:06
stefano.crapanzano@chu.ulg.ac.be,Boîte de réception - erp.sai@chuliege.be - Outlook,Helpdesk général,2021-02-26,12:13:09,00:00:45
stefano.crapanzano@chu.ulg.ac.be,Boîte de réception - erp.sai@chuliege.be - Outlook,Helpdesk général,2021-02-26,12:14:16,00:00:08
stefano.crapanzano@chu.ulg.ac.be,Boîte de réception - erp.sai@chuliege.be - Outlook,Helpdesk général,2021-02-26,12:14:27,00:00:11
stefano.crapanzano@chu.ulg.ac.be,Boîte de réception - erp.sai@chuliege.be - Outlook,Helpdesk général,2021-02-26,12:20:33,00:00:03
stefano.crapanzano@chu.ulg.ac.be,Boîte de réception - erp.sai@chuliege.be - Outlook,Helpdesk général,2021-02-26,12:20:45,00:00:47
stefano.crapanzano@chu.ulg.ac.be,Boîte de réception - erp.sai@chuliege.be - Outlook,Helpdesk général,2021-02-26,12:26:10,00:00:02
stefano.crapanzano@chu.ulg.ac.be,Boîte de réception - erp.sai@chuliege.be - Outlook,Exploration SAP,2021-02-26,12:28:55,00:00:02
stefano.crapanzano@chu.ulg.ac.be,Boîte de réception - erp.sai@chuliege.be - Outlook,Helpdesk général,2021-02-26,12:28:59,00:00:03
stefano.crapanzano@chu.ulg.ac.be,Boîte de réception - erp.sai@chuliege.be - Outlook,Helpdesk général,2021-02-26,12:29:05,00:00:33
stefano.crapanzano@chu.ulg.ac.be,Boîte de réception - erp.sai@chuliege.be - Outlook,Helpdesk général,2021-02-26,12:29:40,00:00:03
stefano.crapanzano@chu.ulg.ac.be,Boîte de réception - erp.sai@chuliege.be - Outlook,Helpdesk général,2021-02-26,12:31:56,00:00:05
stefano.crapanzano@chu.ulg.ac.be,Boîte de réception - erp.sai@chuliege.be - Outlook,Helpdesk général,2021-02-26,12:40:10,00:00:02
stefano.crapanzano@chu.ulg.ac.be,Boîte de réception - erp.sai@chuliege.be - Outlook,Helpdesk général,2021-02-26,12:40:14,00:00:13
stefano.crapanzano@chu.ulg.ac.be,Boîte de réception - erp.sai@chuliege.be - Outlook,Helpdesk général,2021-02-26,12:40:34,00:00:02
stefano.crapanzano@chu.ulg.ac.be,Boîte de réception - erp.sai@chuliege.be - Outlook,Helpdesk général,2021-02-26,13:02:15,00:00:03
stefano.crapanzano@chu.ulg.ac.be,Boîte de réception - erp.sai@chuliege.be - Outlook,Helpdesk général,2021-02-26,13:02:26,00:00:08
stefano.crapanzano@chu.ulg.ac.be,Boîte de réception - erp.sai@chuliege.be - Outlook,Helpdesk général,2021-02-26,13:15:37,00:02:07
stefano.crapanzano@chu.ulg.ac.be,Boîte de réception - erp.sai@chuliege.be - Outlook,Helpdesk général,2021-02-26,13:17:50,00:00:13
stefano.crapanzano@chu.ulg.ac.be,Boîte de réception - erp.sai@chuliege.be - Outlook,Helpdesk général,2021-02-26,13:18:13,00:00:02
stefano.crapanzano@chu.ulg.ac.be,Boîte de réception - erp.sai@chuliege.be - Outlook,Helpdesk général,2021-02-26,13:18:19,00:01:40
stefano.crapanzano@chu.ulg.ac.be,Boîte de réception - erp.sai@chuliege.be - Outlook,Helpdesk général,2021-02-26,13:31:25,00:00:02
stefano.crapanzano@chu.ulg.ac.be,Boîte de réception - erp.sai@chuliege.be - Outlook,Helpdesk général,2021-02-26,13:31:29,00:00:03
stefano.crapanzano@chu.ulg.ac.be,Boîte de réception - erp.sai@chuliege.be - Outlook,Helpdesk général,2021-02-26,13:33:11,00:00:02
stefano.crapanzano@chu.ulg.ac.be,Boîte de réception - erp.sai@chuliege.be - Outlook,Helpdesk général,2021-02-26,13:39:32,00:00:03
stefano.crapanzano@chu.ulg.ac.be,Boîte de réception - erp.sai@chuliege.be - Outlook,Helpdesk général,2021-02-26,13:39:38,00:00:25
stefano.crapanzano@chu.ulg.ac.be,Boîte de réception - erp.sai@chuliege.be - Outlook,Helpdesk général,2021-02-26,13:53:12,00:00:40
stefano.crapanzano@chu.ulg.ac.be,Boîte de réception - erp.sai@chuliege.be - Outlook,Helpdesk général,2021-02-26,13:53:54,00:00:02
stefano.crapanzano@chu.ulg.ac.be,Boîte de réception - erp.sai@chuliege.be - Outlook,Helpdesk général,2021-02-26,13:53:57,00:03:07
stefano.crapanzano@chu.ulg.ac.be,Boîte de réception - erp.sai@chuliege.be - Outlook,Helpdesk général,2021-02-26,13:57:12,00:00:20
stefano.crapanzano@chu.ulg.ac.be,Boîte de réception - erp.sai@chuliege.be - Outlook,Helpdesk général,2021-02-26,13:57:34,00:00:08
stefano.crapanzano@chu.ulg.ac.be,Boîte de réception - erp.sai@chuliege.be - Outlook,Helpdesk général,2021-02-26,13:57:48,00:00:55
stefano.crapanzano@chu.ulg.ac.be,Boîte de réception - erp.sai@chuliege.be - Outlook,Helpdesk général,2021-02-26,13:58:49,00:00:42
stefano.crapanzano@chu.ulg.ac.be,Boîte de réception - erp.sai@chuliege.be - Outlook,Helpdesk général,2021-02-26,14:03:47,00:00:02
stefano.crapanzano@chu.ulg.ac.be,Boîte de réception - erp.sai@chuliege.be - Outlook,Helpdesk général,2021-02-26,14:06:59,00:00:03
stefano.crapanzano@chu.ulg.ac.be,Boîte de réception - erp.sai@chuliege.be - Outlook,Helpdesk général,2021-02-26,14:07:04,00:00:03
stefano.crapanzano@chu.ulg.ac.be,Boîte de réception - erp.sai@chuliege.be - Outlook,Helpdesk général,2021-02-26,14:07:15,00:00:26
stefano.crapanzano@chu.ulg.ac.be,Boîte de réception - erp.sai@chuliege.be - Outlook,Helpdesk général,2021-02-26,14:11:06,00:00:02
stefano.crapanzano@chu.ulg.ac.be,Boîte de réception - erp.sai@chuliege.be - Outlook,Helpdesk général,2021-02-26,14:23:58,00:00:02
stefano.crapanzano@chu.ulg.ac.be,Boîte de réception - erp.sai@chuliege.be - Outlook,Helpdesk général,2021-02-26,14:26:36,00:00:02
stefano.crapanzano@chu.ulg.ac.be,Boîte de réception - erp.sai@chuliege.be - Outlook,Helpdesk général,2021-02-26,14:26:42,00:01:43
stefano.crapanzano@chu.ulg.ac.be,Boîte de réception - erp.sai@chuliege.be - Outlook,Helpdesk général,2021-02-26,14:29:01,00:00:02
stefano.crapanzano@chu.ulg.ac.be,Boîte de réception - erp.sai@chuliege.be - Outlook,Helpdesk général,2021-02-26,14:29:15,00:00:03
stefano.crapanzano@chu.ulg.ac.be,Boîte de réception - erp.sai@chuliege.be - Outlook,Helpdesk général,2021-02-26,14:29:26,00:00:03
stefano.crapanzano@chu.ulg.ac.be,Boîte de réception - erp.sai@chuliege.be - Outlook,Helpdesk général,2021-02-26,14:33:32,00:00:02
stefano.crapanzano@chu.ulg.ac.be,Boîte de réception - erp.sai@chuliege.be - Outlook,Helpdesk général,2021-02-26,14:33:37,00:01:46
stefano.crapanzano@chu.ulg.ac.be,Boîte de réception - erp.sai@chuliege.be - Outlook,Helpdesk général,2021-02-26,14:39:00,00:00:03
stefano.crapanzano@chu.ulg.ac.be,Boîte de réception - erp.sai@chuliege.be - Outlook,Tâches diverses,2021-02-26,14:44:14,00:00:02
stefano.crapanzano@chu.ulg.ac.be,Boîte de réception - erp.sai@chuliege.be - Outlook,Helpdesk général,2021-02-26,14:44:19,00:00:14
stefano.crapanzano@chu.ulg.ac.be,Boîte de réception - erp.sai@chuliege.be - Outlook,Helpdesk général,2021-02-26,15:22:28,00:00:03
stefano.crapanzano@chu.ulg.ac.be,Boîte de réception - erp.sai@chuliege.be - Outlook,Helpdesk général,2021-02-26,15:37:44,00:00:02
stefano.crapanzano@chu.ulg.ac.be,Boîte de réception - erp.sai@chuliege.be - Outlook,Helpdesk général,2021-02-26,15:39:39,00:00:03
stefano.crapanzano@chu.ulg.ac.be,Boîte de réception - erp.sai@chuliege.be - Outlook,Helpdesk général,2021-02-26,15:39:50,00:00:06
stefano.crapanzano@chu.ulg.ac.be,Boîte de réception - erp.sai@chuliege.be - Outlook,Helpdesk général,2021-02-26,15:47:19,00:00:02
stefano.crapanzano@chu.ulg.ac.be,Boîte de réception - erp.sai@chuliege.be - Outlook,Helpdesk général,2021-02-26,15:55:17,00:00:03
stefano.crapanzano@chu.ulg.ac.be,Boîte de réception - erp.sai@chuliege.be - Outlook,Helpdesk général,2021-02-26,16:10:12,00:00:03
stefano.crapanzano@chu.ulg.ac.be,Boîte de réception - erp.sai@chuliege.be - Outlook,Helpdesk général,2021-02-26,16:10:25,00:04:21
stefano.crapanzano@chu.ulg.ac.be,Boîte de réception - erp.sai@chuliege.be - Outlook,Helpdesk général,2021-02-26,16:15:02,00:00:23
stefano.crapanzano@chu.ulg.ac.be,Boîte de réception - erp.sai@chuliege.be - Outlook,Helpdesk général,2021-02-26,16:23:15,00:00:02
stefano.crapanzano@chu.ulg.ac.be,Boîte de réception - erp.sai@chuliege.be - Outlook,Helpdesk général,2021-02-26,16:30:53,00:00:02
stefano.crapanzano@chu.ulg.ac.be,Boîte de réception - erp.sai@chuliege.be - Outlook,Helpdesk général,2021-02-26,16:39:10,00:00:03
stefano.crapanzano@chu.ulg.ac.be,Boîte de réception - erp.sai@chuliege.be - Outlook,Helpdesk général,2021-02-26,16:51:41,00:00:03
stefano.crapanzano@chu.ulg.ac.be,Boîte de réception - erp.sai@chuliege.be - Outlook,Helpdesk général,2021-02-26,16:55:16,00:00:02
stefano.crapanzano@chu.ulg.ac.be,Boîte de réception - erp.sai@chuliege.be - Outlook,Helpdesk général,2021-02-26,16:58:12,00:00:02
stefano.crapanzano@chu.ulg.ac.be,Sent - erp.sai@chuliege.be - Outlook,Helpdesk général,2021-02-26,08:33:21,00:00:02
stefano.crapanzano@chu.ulg.ac.be,Sent - erp.sai@chuliege.be - Outlook,Helpdesk général,2021-02-26,09:16:04,00:00:03
stefano.crapanzano@chu.ulg.ac.be,Sent - erp.sai@chuliege.be - Outlook,Helpdesk général,2021-02-26,09:18:16,00:00:02
stefano.crapanzano@chu.ulg.ac.be,Sent - erp.sai@chuliege.be - Outlook,Helpdesk général,2021-02-26,09:19:27,00:00:02
stefano.crapanzano@chu.ulg.ac.be,Sent - erp.sai@chuliege.be - Outlook,Helpdesk général,2021-02-26,09:28:32,00:00:02
stefano.crapanzano@chu.ulg.ac.be,Sent - erp.sai@chuliege.be - Outlook,Helpdesk général,2021-02-26,09:42:34,00:00:03
stefano.crapanzano@chu.ulg.ac.be,Sent - erp.sai@chuliege.be - Outlook,Helpdesk général,2021-02-26,09:46:14,00:00:30
stefano.crapanzano@chu.ulg.ac.be,Sent - erp.sai@chuliege.be - Outlook,Helpdesk général,2021-02-26,09:55:09,00:00:04
stefano.crapanzano@chu.ulg.ac.be,Sent - erp.sai@chuliege.be - Outlook,Helpdesk général,2021-02-26,09:55:57,00:00:02
stefano.crapanzano@chu.ulg.ac.be,Sent - erp.sai@chuliege.be - Outlook,Helpdesk général,2021-02-26,10:24:57,00:00:02
stefano.crapanzano@chu.ulg.ac.be,Sent - erp.sai@chuliege.be - Outlook,Helpdesk général,2021-02-26,10:37:17,00:00:40
stefano.crapanzano@chu.ulg.ac.be,Sent - erp.sai@chuliege.be - Outlook,Helpdesk général,2021-02-26,10:51:17,00:00:04
stefano.crapanzano@chu.ulg.ac.be,Sent - erp.sai@chuliege.be - Outlook,Helpdesk général,2021-02-26,11:16:58,00:00:03
stefano.crapanzano@chu.ulg.ac.be,Sent - erp.sai@chuliege.be - Outlook,Helpdesk général,2021-02-26,11:17:08,00:05:54
stefano.crapanzano@chu.ulg.ac.be,Sent - erp.sai@chuliege.be - Outlook,Helpdesk général,2021-02-26,12:13:07,00:00:02
stefano.crapanzano@chu.ulg.ac.be,Sent - erp.sai@chuliege.be - Outlook,Helpdesk général,2021-02-26,12:13:59,00:00:02
stefano.crapanzano@chu.ulg.ac.be,Sent - erp.sai@chuliege.be - Outlook,Helpdesk général,2021-02-26,12:14:11,00:00:02
stefano.crapanzano@chu.ulg.ac.be,Sent - erp.sai@chuliege.be - Outlook,Helpdesk général,2021-02-26,12:20:37,00:00:08
stefano.crapanzano@chu.ulg.ac.be,Sent - erp.sai@chuliege.be - Outlook,Helpdesk général,2021-02-26,12:29:03,00:00:02
stefano.crapanzano@chu.ulg.ac.be,Sent - erp.sai@chuliege.be - Outlook,Helpdesk général,2021-02-26,12:29:44,00:01:33
stefano.crapanzano@chu.ulg.ac.be,Sent - erp.sai@chuliege.be - Outlook,Helpdesk général,2021-02-26,12:31:54,00:00:02
stefano.crapanzano@chu.ulg.ac.be,Sent - erp.sai@chuliege.be - Outlook,Helpdesk général,2021-02-26,13:02:22,00:00:03
stefano.crapanzano@chu.ulg.ac.be,Sent - erp.sai@chuliege.be - Outlook,Helpdesk général,2021-02-26,13:15:35,00:00:02
stefano.crapanzano@chu.ulg.ac.be,Sent - erp.sai@chuliege.be - Outlook,Helpdesk général,2021-02-26,13:17:47,00:00:03
stefano.crapanzano@chu.ulg.ac.be,Sent - erp.sai@chuliege.be - Outlook,Helpdesk général,2021-02-26,13:18:15,00:00:03
stefano.crapanzano@chu.ulg.ac.be,Sent - erp.sai@chuliege.be - Outlook,Helpdesk général,2021-02-26,13:31:27,00:00:02
stefano.crapanzano@chu.ulg.ac.be,Sent - erp.sai@chuliege.be - Outlook,Helpdesk général,2021-02-26,13:33:13,00:01:14
stefano.crapanzano@chu.ulg.ac.be,Sent - erp.sai@chuliege.be - Outlook,Helpdesk général,2021-02-26,13:38:19,00:01:13
stefano.crapanzano@chu.ulg.ac.be,Sent - erp.sai@chuliege.be - Outlook,Helpdesk général,2021-02-26,13:39:36,00:00:02
stefano.crapanzano@chu.ulg.ac.be,Sent - erp.sai@chuliege.be - Outlook,Helpdesk général,2021-02-26,13:57:07,00:00:04
stefano.crapanzano@chu.ulg.ac.be,Sent - erp.sai@chuliege.be - Outlook,Helpdesk général,2021-02-26,13:58:46,00:00:02
stefano.crapanzano@chu.ulg.ac.be,Sent - erp.sai@chuliege.be - Outlook,Helpdesk général,2021-02-26,14:03:49,00:00:11
stefano.crapanzano@chu.ulg.ac.be,Sent - erp.sai@chuliege.be - Outlook,Helpdesk général,2021-02-26,14:26:39,00:00:03
stefano.crapanzano@chu.ulg.ac.be,Sent - erp.sai@chuliege.be - Outlook,Helpdesk général,2021-02-26,14:29:03,00:00:12
stefano.crapanzano@chu.ulg.ac.be,Sent - erp.sai@chuliege.be - Outlook,Helpdesk général,2021-02-26,14:29:19,00:00:07
stefano.crapanzano@chu.ulg.ac.be,Sent - erp.sai@chuliege.be - Outlook,Helpdesk général,2021-02-26,14:33:35,00:00:02
stefano.crapanzano@chu.ulg.ac.be,Sent - erp.sai@chuliege.be - Outlook,Helpdesk général,2021-02-26,14:39:04,00:00:40
stefano.crapanzano@chu.ulg.ac.be,Sent - erp.sai@chuliege.be - Outlook,Helpdesk général,2021-02-26,14:42:04,00:02:01
stefano.crapanzano@chu.ulg.ac.be,Sent - erp.sai@chuliege.be - Outlook,Helpdesk général,2021-02-26,15:22:32,00:00:04
stefano.crapanzano@chu.ulg.ac.be,Sent - erp.sai@chuliege.be - Outlook,Helpdesk général,2021-02-26,15:25:43,00:00:02
stefano.crapanzano@chu.ulg.ac.be,Sent - erp.sai@chuliege.be - Outlook,Helpdesk général,2021-02-26,15:25:48,00:00:03
stefano.crapanzano@chu.ulg.ac.be,Sent - erp.sai@chuliege.be - Outlook,Helpdesk général,2021-02-26,15:26:20,00:00:03
stefano.crapanzano@chu.ulg.ac.be,Sent - erp.sai@chuliege.be - Outlook,Helpdesk général,2021-02-26,15:26:26,00:00:02
stefano.crapanzano@chu.ulg.ac.be,Sent - erp.sai@chuliege.be - Outlook,Helpdesk général,2021-02-26,15:36:43,00:01:00
stefano.crapanzano@chu.ulg.ac.be,Sent - erp.sai@chuliege.be - Outlook,Helpdesk général,2021-02-26,15:39:43,00:00:07
stefano.crapanzano@chu.ulg.ac.be,Sent - erp.sai@chuliege.be - Outlook,Helpdesk général,2021-02-26,15:55:20,00:00:09
stefano.crapanzano@chu.ulg.ac.be,Sent - erp.sai@chuliege.be - Outlook,Helpdesk général,2021-02-26,15:57:46,00:00:02
stefano.crapanzano@chu.ulg.ac.be,Sent - erp.sai@chuliege.be - Outlook,Helpdesk général,2021-02-26,15:58:22,00:00:09
stefano.crapanzano@chu.ulg.ac.be,Sent - erp.sai@chuliege.be - Outlook,Helpdesk général,2021-02-26,16:10:15,00:00:09
stefano.crapanzano@chu.ulg.ac.be,Lecture documentation,Tâches diverses,2021-02-26,08:33:48,00:03:25
stefano.crapanzano@chu.ulg.ac.be,Lecture documentation,Tâches diverses,2021-02-26,08:38:22,00:00:34
stefano.crapanzano@chu.ulg.ac.be,Lecture documentation,Tâches diverses,2021-02-26,08:41:55,00:02:02
stefano.crapanzano@chu.ulg.ac.be,Lecture documentation,Tâches diverses,2021-02-26,08:45:56,00:02:04
stefano.crapanzano@chu.ulg.ac.be,Lecture documentation,Tâches diverses,2021-02-26,08:48:41,00:00:03
stefano.crapanzano@chu.ulg.ac.be,Lecture documentation,Tâches diverses,2021-02-26,08:49:22,00:01:09
stefano.crapanzano@chu.ulg.ac.be,Lecture documentation,Tâches diverses,2021-02-26,08:51:38,00:00:56
stefano.crapanzano@chu.ulg.ac.be,Lecture documentation,Tâches diverses,2021-02-26,08:53:38,00:00:08
stefano.crapanzano@chu.ulg.ac.be,Lecture documentation,Tâches diverses,2021-02-26,08:55:00,00:01:45
stefano.crapanzano@chu.ulg.ac.be,Lecture documentation,Tâches diverses,2021-02-26,08:57:39,00:00:11
stefano.crapanzano@chu.ulg.ac.be,Lecture documentation,Tâches diverses,2021-02-26,08:58:43,00:00:08
stefano.crapanzano@chu.ulg.ac.be,Lecture documentation,Tâches diverses,2021-02-26,08:59:10,00:02:33
stefano.crapanzano@chu.ulg.ac.be,Lecture documentation,Tâches diverses,2021-02-26,09:05:28,00:02:35
stefano.crapanzano@chu.ulg.ac.be,Lecture documentation,Tâches diverses,2021-02-26,09:09:26,00:05:41
stefano.crapanzano@chu.ulg.ac.be,Lecture documentation,Tâches diverses,2021-02-26,09:16:53,00:01:14
stefano.crapanzano@chu.ulg.ac.be,Lecture documentation,Tâches diverses,2021-02-26,09:20:45,00:06:11
stefano.crapanzano@chu.ulg.ac.be,Lecture documentation,Tâches diverses,2021-02-26,09:27:14,00:00:13
stefano.crapanzano@chu.ulg.ac.be,Lecture documentation,Tâches diverses,2021-02-26,09:27:40,00:00:03
stefano.crapanzano@chu.ulg.ac.be,Lecture documentation,Tâches diverses,2021-02-26,09:29:20,00:00:47
stefano.crapanzano@chu.ulg.ac.be,Lecture documentation,Tâches diverses,2021-02-26,09:30:18,00:00:05
stefano.crapanzano@chu.ulg.ac.be,Lecture documentation,Tâches diverses,2021-02-26,09:30:26,00:00:02
stefano.crapanzano@chu.ulg.ac.be,Lecture documentation,Tâches diverses,2021-02-26,09:31:18,00:07:00
stefano.crapanzano@chu.ulg.ac.be,Lecture documentation,Tâches diverses,2021-02-26,09:39:06,00:03:19
stefano.crapanzano@chu.ulg.ac.be,Lecture documentation,Tâches diverses,2021-02-26,09:44:01,00:00:21
stefano.crapanzano@chu.ulg.ac.be,Lecture documentation,Tâches diverses,2021-02-26,09:44:58,00:01:11
stefano.crapanzano@chu.ulg.ac.be,Lecture documentation,Tâches diverses,2021-02-26,09:55:18,00:00:37
stefano.crapanzano@chu.ulg.ac.be,Lecture documentation,Tâches diverses,2021-02-26,09:58:10,00:12:45
stefano.crapanzano@chu.ulg.ac.be,Lecture documentation,Tâches diverses,2021-02-26,10:12:29,00:02:28
stefano.crapanzano@chu.ulg.ac.be,Lecture documentation,Tâches diverses,2021-02-26,10:16:47,00:00:08
stefano.crapanzano@chu.ulg.ac.be,Lecture documentation,Tâches diverses,2021-02-26,10:17:25,00:02:20
stefano.crapanzano@chu.ulg.ac.be,Lecture documentation,Tâches diverses,2021-02-26,10:19:58,00:01:57
stefano.crapanzano@chu.ulg.ac.be,Lecture documentation,Tâches diverses,2021-02-26,10:22:18,00:02:31
stefano.crapanzano@chu.ulg.ac.be,Lecture documentation,Tâches diverses,2021-02-26,11:30:53,00:00:34
stefano.crapanzano@chu.ulg.ac.be,Lecture documentation,Tâches diverses,2021-02-26,11:32:03,00:00:27
stefano.crapanzano@chu.ulg.ac.be,Lecture documentation,Tâches diverses,2021-02-26,11:33:11,00:00:09
stefano.crapanzano@chu.ulg.ac.be,Lecture documentation,Tâches diverses,2021-02-26,11:33:30,00:00:09
stefano.crapanzano@chu.ulg.ac.be,Lecture documentation,Tâches diverses,2021-02-26,11:33:47,00:00:11
stefano.crapanzano@chu.ulg.ac.be,Lecture documentation,Tâches diverses,2021-02-26,11:34:21,00:00:28
stefano.crapanzano@chu.ulg.ac.be,Lecture documentation,Tâches diverses,2021-02-26,11:35:16,00:00:02
stefano.crapanzano@chu.ulg.ac.be,Lecture documentation,Tâches diverses,2021-02-26,12:10:46,00:00:03
stefano.crapanzano@chu.ulg.ac.be,Lecture documentation,Tâches diverses,2021-02-26,12:10:52,00:00:03
stefano.crapanzano@chu.ulg.ac.be,Lecture documentation,Tâches diverses,2021-02-26,12:11:05,00:00:02
stefano.crapanzano@chu.ulg.ac.be,Lecture documentation,Tâches diverses,2021-02-26,12:11:11,00:00:02
stefano.crapanzano@chu.ulg.ac.be,Lecture documentation,Tâches diverses,2021-02-26,12:11:32,00:01:25
stefano.crapanzano@chu.ulg.ac.be,Lecture documentation,Tâches diverses,2021-02-26,12:14:01,00:00:03
stefano.crapanzano@chu.ulg.ac.be,Lecture documentation,Tâches diverses,2021-02-26,12:14:40,00:00:04
stefano.crapanzano@chu.ulg.ac.be,Lecture documentation,Tâches diverses,2021-02-26,12:15:22,00:00:34
stefano.crapanzano@chu.ulg.ac.be,Lecture documentation,Tâches diverses,2021-02-26,12:18:07,00:02:05
stefano.crapanzano@chu.ulg.ac.be,Lecture documentation,Tâches diverses,2021-02-26,12:20:14,00:00:11
stefano.crapanzano@chu.ulg.ac.be,Lecture documentation,Tâches diverses,2021-02-26,12:21:33,00:02:34
stefano.crapanzano@chu.ulg.ac.be,Lecture documentation,Tâches diverses,2021-02-26,12:24:09,00:00:21
stefano.crapanzano@chu.ulg.ac.be,Lecture documentation,Tâches diverses,2021-02-26,12:24:53,00:01:10
stefano.crapanzano@chu.ulg.ac.be,Lecture documentation,Tâches diverses,2021-02-26,12:27:44,00:00:08
stefano.crapanzano@chu.ulg.ac.be,Lecture documentation,Tâches diverses,2021-02-26,12:31:17,00:00:32
stefano.crapanzano@chu.ulg.ac.be,Lecture documentation,Tâches diverses,2021-02-26,12:32:02,00:00:06
stefano.crapanzano@chu.ulg.ac.be,Lecture documentation,Tâches diverses,2021-02-26,12:32:19,00:00:35
stefano.crapanzano@chu.ulg.ac.be,Lecture documentation,Tâches diverses,2021-02-26,12:33:04,00:01:10
stefano.crapanzano@chu.ulg.ac.be,Lecture documentation,Tâches diverses,2021-02-26,12:34:23,00:02:23
stefano.crapanzano@chu.ulg.ac.be,Lecture documentation,Tâches diverses,2021-02-26,12:36:53,00:00:05
stefano.crapanzano@chu.ulg.ac.be,Lecture documentation,Tâches diverses,2021-02-26,12:37:06,00:00:23
stefano.crapanzano@chu.ulg.ac.be,Lecture documentation,Tâches diverses,2021-02-26,12:37:34,00:01:30
stefano.crapanzano@chu.ulg.ac.be,Lecture documentation,Tâches diverses,2021-02-26,12:39:55,00:00:15
stefano.crapanzano@chu.ulg.ac.be,Lecture documentation,Tâches diverses,2021-02-26,12:42:51,00:00:46
stefano.crapanzano@chu.ulg.ac.be,Lecture documentation,Tâches diverses,2021-02-26,12:51:08,00:00:12
stefano.crapanzano@chu.ulg.ac.be,Lecture documentation,Tâches diverses,2021-02-26,12:55:07,00:00:51
stefano.crapanzano@chu.ulg.ac.be,Lecture documentation,Tâches diverses,2021-02-26,12:59:25,00:02:49
stefano.crapanzano@chu.ulg.ac.be,Lecture documentation,Tâches diverses,2021-02-26,13:03:14,00:05:44
stefano.crapanzano@chu.ulg.ac.be,Lecture documentation,Tâches diverses,2021-02-26,13:09:10,00:00:16
stefano.crapanzano@chu.ulg.ac.be,Lecture documentation,Tâches diverses,2021-02-26,13:09:49,00:00:12
stefano.crapanzano@chu.ulg.ac.be,Lecture documentation,Tâches diverses,2021-02-26,13:10:19,00:00:13
stefano.crapanzano@chu.ulg.ac.be,Lecture documentation,Tâches diverses,2021-02-26,13:10:56,00:03:13
stefano.crapanzano@chu.ulg.ac.be,Lecture documentation,Tâches diverses,2021-02-26,13:15:06,00:00:24
stefano.crapanzano@chu.ulg.ac.be,Lecture documentation,Tâches diverses,2021-02-26,13:20:03,00:11:21
stefano.crapanzano@chu.ulg.ac.be,Lecture documentation,Tâches diverses,2021-02-26,13:31:55,00:01:16
stefano.crapanzano@chu.ulg.ac.be,Lecture documentation,Tâches diverses,2021-02-26,13:34:27,00:03:46
stefano.crapanzano@chu.ulg.ac.be,Lecture documentation,Tâches diverses,2021-02-26,13:40:03,00:06:27
stefano.crapanzano@chu.ulg.ac.be,Lecture documentation,Tâches diverses,2021-02-26,13:47:10,00:03:30
stefano.crapanzano@chu.ulg.ac.be,Lecture documentation,Tâches diverses,2021-02-26,13:51:30,00:00:44
stefano.crapanzano@chu.ulg.ac.be,Lecture documentation,Tâches diverses,2021-02-26,13:52:20,00:00:50
stefano.crapanzano@chu.ulg.ac.be,Lecture documentation,Tâches diverses,2021-02-26,13:59:32,00:04:12
stefano.crapanzano@chu.ulg.ac.be,Lecture documentation,Tâches diverses,2021-02-26,14:04:01,00:02:20
stefano.crapanzano@chu.ulg.ac.be,Lecture documentation,Tâches diverses,2021-02-26,14:06:57,00:00:02
stefano.crapanzano@chu.ulg.ac.be,Lecture documentation,Tâches diverses,2021-02-26,14:07:41,00:00:18
stefano.crapanzano@chu.ulg.ac.be,Lecture documentation,Tâches diverses,2021-02-26,14:08:21,00:02:35
stefano.crapanzano@chu.ulg.ac.be,Lecture documentation,Tâches diverses,2021-02-26,14:11:09,00:00:10
stefano.crapanzano@chu.ulg.ac.be,Lecture documentation,Tâches diverses,2021-02-26,14:11:31,00:05:32
stefano.crapanzano@chu.ulg.ac.be,Lecture documentation,Tâches diverses,2021-02-26,14:17:05,00:06:52
stefano.crapanzano@chu.ulg.ac.be,Lecture documentation,Tâches diverses,2021-02-26,14:24:15,00:02:20
stefano.crapanzano@chu.ulg.ac.be,Lecture documentation,Tâches diverses,2021-02-26,14:28:26,00:00:03
stefano.crapanzano@chu.ulg.ac.be,Lecture documentation,Tâches diverses,2021-02-26,14:28:31,00:00:27
stefano.crapanzano@chu.ulg.ac.be,Lecture documentation,Tâches diverses,2021-02-26,14:32:17,00:00:13
stefano.crapanzano@chu.ulg.ac.be,Lecture documentation,Tâches diverses,2021-02-26,14:35:24,00:03:19
stefano.crapanzano@chu.ulg.ac.be,Lecture documentation,Tâches diverses,2021-02-26,14:41:27,00:00:37
stefano.crapanzano@chu.ulg.ac.be,Lecture documentation,Tâches diverses,2021-02-26,14:44:34,00:02:31
stefano.crapanzano@chu.ulg.ac.be,Lecture documentation,Tâches diverses,2021-02-26,14:47:24,00:00:05
stefano.crapanzano@chu.ulg.ac.be,Lecture documentation,Tâches diverses,2021-02-26,14:48:30,00:05:01
stefano.crapanzano@chu.ulg.ac.be,Lecture documentation,Tâches diverses,2021-02-26,14:56:21,00:22:12
stefano.crapanzano@chu.ulg.ac.be,Lecture documentation,Tâches diverses,2021-02-26,15:22:39,00:00:20
stefano.crapanzano@chu.ulg.ac.be,Lecture documentation,Tâches diverses,2021-02-26,15:25:22,00:00:04
stefano.crapanzano@chu.ulg.ac.be,Lecture documentation,Tâches diverses,2021-02-26,15:26:23,00:00:02
stefano.crapanzano@chu.ulg.ac.be,Lecture documentation,Tâches diverses,2021-02-26,15:26:31,00:00:46
stefano.crapanzano@chu.ulg.ac.be,Lecture documentation,Tâches diverses,2021-02-26,15:28:00,00:03:59
stefano.crapanzano@chu.ulg.ac.be,Lecture documentation,Tâches diverses,2021-02-26,15:32:02,00:03:48
stefano.crapanzano@chu.ulg.ac.be,Lecture documentation,Tâches diverses,2021-02-26,15:36:01,00:00:37
stefano.crapanzano@chu.ulg.ac.be,Lecture documentation,Tâches diverses,2021-02-26,15:37:48,00:01:51
stefano.crapanzano@chu.ulg.ac.be,Lecture documentation,Tâches diverses,2021-02-26,15:40:46,00:06:32
stefano.crapanzano@chu.ulg.ac.be,Lecture documentation,Tâches diverses,2021-02-26,15:47:39,00:05:54
stefano.crapanzano@chu.ulg.ac.be,Lecture documentation,Tâches diverses,2021-02-26,15:53:39,00:00:12
stefano.crapanzano@chu.ulg.ac.be,Lecture documentation,Tâches diverses,2021-02-26,15:55:30,00:02:16
stefano.crapanzano@chu.ulg.ac.be,Lecture documentation,Tâches diverses,2021-02-26,15:57:48,00:00:02
stefano.crapanzano@chu.ulg.ac.be,Lecture documentation,Tâches diverses,2021-02-26,15:58:00,00:00:03
stefano.crapanzano@chu.ulg.ac.be,Lecture documentation,Tâches diverses,2021-02-26,15:58:11,00:00:11
stefano.crapanzano@chu.ulg.ac.be,Lecture documentation,Tâches diverses,2021-02-26,16:01:08,00:01:14
stefano.crapanzano@chu.ulg.ac.be,Lecture documentation,Tâches diverses,2021-02-26,16:02:45,00:01:58
stefano.crapanzano@chu.ulg.ac.be,Lecture documentation,Tâches diverses,2021-02-26,16:04:52,00:05:14
stefano.crapanzano@chu.ulg.ac.be,Lecture documentation,Tâches diverses,2021-02-26,16:15:26,00:07:45
stefano.crapanzano@chu.ulg.ac.be,Lecture documentation,Tâches diverses,2021-02-26,16:23:20,00:01:27
stefano.crapanzano@chu.ulg.ac.be,Lecture documentation,Tâches diverses,2021-02-26,16:27:17,00:00:13
stefano.crapanzano@chu.ulg.ac.be,Lecture documentation,Tâches diverses,2021-02-26,16:29:30,00:01:19
stefano.crapanzano@chu.ulg.ac.be,Lecture documentation,Tâches diverses,2021-02-26,16:30:55,00:06:32
stefano.crapanzano@chu.ulg.ac.be,Lecture documentation,Tâches diverses,2021-02-26,16:37:41,00:00:02
stefano.crapanzano@chu.ulg.ac.be,Lecture documentation,Tâches diverses,2021-02-26,16:39:20,00:00:06
stefano.crapanzano@chu.ulg.ac.be,Lecture documentation,Tâches diverses,2021-02-26,16:51:53,00:03:18
stefano.crapanzano@chu.ulg.ac.be,Lecture documentation,Tâches diverses,2021-02-26,16:55:29,00:01:54
stefano.crapanzano@chu.ulg.ac.be,Lecture documentation,Tâches diverses,2021-02-26,16:58:06,00:00:02
stefano.crapanzano@chu.ulg.ac.be,taskeng.exe,IT,2021-02-26,08:37:14,00:00:11
stefano.crapanzano@chu.ulg.ac.be,Navigation système de fichier,IT,2021-02-26,08:37:26,00:00:15
stefano.crapanzano@chu.ulg.ac.be,Navigation système de fichier,IT,2021-02-26,08:38:17,00:00:04
stefano.crapanzano@chu.ulg.ac.be,Navigation système de fichier,IT,2021-02-26,08:38:56,00:00:03
stefano.crapanzano@chu.ulg.ac.be,Navigation système de fichier,IT,2021-02-26,08:39:14,00:00:59
stefano.crapanzano@chu.ulg.ac.be,Navigation système de fichier,IT,2021-02-26,08:43:57,00:00:04
stefano.crapanzano@chu.ulg.ac.be,Navigation système de fichier,IT,2021-02-26,08:44:17,00:00:02
stefano.crapanzano@chu.ulg.ac.be,Navigation système de fichier,IT,2021-02-26,08:45:52,00:00:04
stefano.crapanzano@chu.ulg.ac.be,Navigation système de fichier,IT,2021-02-26,08:50:37,00:00:02
stefano.crapanzano@chu.ulg.ac.be,Navigation système de fichier,IT,2021-02-26,08:52:34,00:00:02
stefano.crapanzano@chu.ulg.ac.be,Navigation système de fichier,IT,2021-02-26,08:57:50,00:00:03
stefano.crapanzano@chu.ulg.ac.be,Navigation système de fichier,IT,2021-02-26,09:30:28,00:00:21
stefano.crapanzano@chu.ulg.ac.be,Navigation système de fichier,IT,2021-02-26,09:31:07,00:00:05
stefano.crapanzano@chu.ulg.ac.be,Navigation système de fichier,IT,2021-02-26,09:38:51,00:00:12
stefano.crapanzano@chu.ulg.ac.be,Navigation système de fichier,IT,2021-02-26,09:44:53,00:00:04
stefano.crapanzano@chu.ulg.ac.be,Navigation système de fichier,IT,2021-02-26,09:52:41,00:00:06
stefano.crapanzano@chu.ulg.ac.be,Navigation système de fichier,IT,2021-02-26,09:55:13,00:00:02
stefano.crapanzano@chu.ulg.ac.be,Navigation système de fichier,IT,2021-02-26,10:11:55,00:00:03
stefano.crapanzano@chu.ulg.ac.be,Navigation système de fichier,IT,2021-02-26,10:12:14,00:00:14
stefano.crapanzano@chu.ulg.ac.be,Navigation système de fichier,IT,2021-02-26,10:14:57,00:00:02
stefano.crapanzano@chu.ulg.ac.be,Navigation système de fichier,IT,2021-02-26,10:19:46,00:00:12
stefano.crapanzano@chu.ulg.ac.be,Navigation système de fichier,IT,2021-02-26,10:21:59,00:00:02
stefano.crapanzano@chu.ulg.ac.be,Navigation système de fichier,IT,2021-02-26,10:22:16,00:00:02
stefano.crapanzano@chu.ulg.ac.be,Navigation système de fichier,IT,2021-02-26,10:31:32,00:00:05
stefano.crapanzano@chu.ulg.ac.be,Navigation système de fichier,IT,2021-02-26,10:36:54,00:00:02
stefano.crapanzano@chu.ulg.ac.be,Navigation système de fichier,IT,2021-02-26,10:39:27,00:00:05
stefano.crapanzano@chu.ulg.ac.be,Navigation système de fichier,IT,2021-02-26,10:40:22,00:00:04
stefano.crapanzano@chu.ulg.ac.be,Navigation système de fichier,IT,2021-02-26,10:41:47,00:00:02
stefano.crapanzano@chu.ulg.ac.be,Navigation système de fichier,IT,2021-02-26,10:42:08,00:00:02
stefano.crapanzano@chu.ulg.ac.be,Navigation système de fichier,IT,2021-02-26,10:42:18,00:00:24
stefano.crapanzano@chu.ulg.ac.be,Navigation système de fichier,IT,2021-02-26,10:43:45,00:00:36
stefano.crapanzano@chu.ulg.ac.be,Navigation système de fichier,IT,2021-02-26,10:44:34,00:00:08
stefano.crapanzano@chu.ulg.ac.be,Navigation système de fichier,IT,2021-02-26,10:49:23,00:00:02
stefano.crapanzano@chu.ulg.ac.be,Navigation système de fichier,IT,2021-02-26,10:49:28,00:00:19
stefano.crapanzano@chu.ulg.ac.be,Navigation système de fichier,IT,2021-02-26,10:49:51,00:00:08
stefano.crapanzano@chu.ulg.ac.be,Navigation système de fichier,IT,2021-02-26,10:51:38,00:00:02
stefano.crapanzano@chu.ulg.ac.be,Navigation système de fichier,IT,2021-02-26,10:55:59,00:00:25
stefano.crapanzano@chu.ulg.ac.be,Navigation système de fichier,IT,2021-02-26,10:57:29,00:00:13
stefano.crapanzano@chu.ulg.ac.be,Navigation système de fichier,IT,2021-02-26,10:58:15,00:00:37
stefano.crapanzano@chu.ulg.ac.be,Navigation système de fichier,IT,2021-02-26,11:00:02,00:00:02
stefano.crapanzano@chu.ulg.ac.be,Navigation système de fichier,IT,2021-02-26,11:01:39,00:00:03
stefano.crapanzano@chu.ulg.ac.be,Navigation système de fichier,IT,2021-02-26,11:01:45,00:00:18
stefano.crapanzano@chu.ulg.ac.be,Navigation système de fichier,IT,2021-02-26,11:02:06,00:00:15
stefano.crapanzano@chu.ulg.ac.be,Navigation système de fichier,IT,2021-02-26,11:03:25,00:00:10
stefano.crapanzano@chu.ulg.ac.be,Navigation système de fichier,IT,2021-02-26,11:04:18,00:00:05
stefano.crapanzano@chu.ulg.ac.be,Navigation système de fichier,IT,2021-02-26,11:04:40,00:00:33
stefano.crapanzano@chu.ulg.ac.be,Navigation système de fichier,IT,2021-02-26,11:05:32,00:00:21
stefano.crapanzano@chu.ulg.ac.be,Navigation système de fichier,IT,2021-02-26,11:06:04,00:00:02
stefano.crapanzano@chu.ulg.ac.be,Navigation système de fichier,IT,2021-02-26,11:06:20,00:00:03
stefano.crapanzano@chu.ulg.ac.be,Navigation système de fichier,IT,2021-02-26,11:08:36,00:00:56
stefano.crapanzano@chu.ulg.ac.be,Navigation système de fichier,IT,2021-02-26,11:10:16,00:00:10
stefano.crapanzano@chu.ulg.ac.be,Navigation système de fichier,IT,2021-02-26,11:10:28,00:00:03
stefano.crapanzano@chu.ulg.ac.be,Navigation système de fichier,IT,2021-02-26,11:10:56,00:00:08
stefano.crapanzano@chu.ulg.ac.be,Navigation système de fichier,IT,2021-02-26,11:12:55,00:00:17
stefano.crapanzano@chu.ulg.ac.be,Navigation système de fichier,IT,2021-02-26,11:13:38,00:00:18
stefano.crapanzano@chu.ulg.ac.be,Navigation système de fichier,IT,2021-02-26,11:13:59,00:00:17
stefano.crapanzano@chu.ulg.ac.be,Navigation système de fichier,IT,2021-02-26,11:26:00,00:00:07
stefano.crapanzano@chu.ulg.ac.be,Navigation système de fichier,IT,2021-02-26,11:30:30,00:00:08
stefano.crapanzano@chu.ulg.ac.be,Navigation système de fichier,IT,2021-02-26,11:30:42,00:00:05
stefano.crapanzano@chu.ulg.ac.be,Navigation système de fichier,IT,2021-02-26,11:33:21,00:00:04
stefano.crapanzano@chu.ulg.ac.be,Navigation système de fichier,IT,2021-02-26,11:33:40,00:00:06
stefano.crapanzano@chu.ulg.ac.be,Navigation système de fichier,IT,2021-02-26,11:34:49,00:00:02
stefano.crapanzano@chu.ulg.ac.be,Navigation système de fichier,IT,2021-02-26,11:35:25,00:00:07
stefano.crapanzano@chu.ulg.ac.be,Navigation système de fichier,IT,2021-02-26,11:41:19,00:00:33
stefano.crapanzano@chu.ulg.ac.be,Navigation système de fichier,IT,2021-02-26,12:11:13,00:00:18
stefano.crapanzano@chu.ulg.ac.be,Navigation système de fichier,IT,2021-02-26,12:14:04,00:00:03
stefano.crapanzano@chu.ulg.ac.be,Navigation système de fichier,IT,2021-02-26,12:14:09,00:00:02
stefano.crapanzano@chu.ulg.ac.be,Navigation système de fichier,IT,2021-02-26,12:15:12,00:00:03
stefano.crapanzano@chu.ulg.ac.be,Navigation système de fichier,IT,2021-02-26,12:16:12,00:00:19
stefano.crapanzano@chu.ulg.ac.be,Navigation système de fichier,IT,2021-02-26,12:16:35,00:01:32
stefano.crapanzano@chu.ulg.ac.be,Navigation système de fichier,IT,2021-02-26,12:20:25,00:00:03
stefano.crapanzano@chu.ulg.ac.be,Navigation système de fichier,IT,2021-02-26,12:26:04,00:00:03
stefano.crapanzano@chu.ulg.ac.be,Navigation système de fichier,IT,2021-02-26,12:26:08,00:00:02
stefano.crapanzano@chu.ulg.ac.be,Navigation système de fichier,IT,2021-02-26,12:32:09,00:00:09
stefano.crapanzano@chu.ulg.ac.be,Navigation système de fichier,IT,2021-02-26,12:32:54,00:00:09
stefano.crapanzano@chu.ulg.ac.be,Navigation système de fichier,IT,2021-02-26,12:34:14,00:00:06
stefano.crapanzano@chu.ulg.ac.be,Navigation système de fichier,IT,2021-02-26,12:36:46,00:00:02
stefano.crapanzano@chu.ulg.ac.be,Navigation système de fichier,IT,2021-02-26,12:37:29,00:00:03
stefano.crapanzano@chu.ulg.ac.be,Navigation système de fichier,IT,2021-02-26,12:39:08,00:00:18
stefano.crapanzano@chu.ulg.ac.be,Navigation système de fichier,IT,2021-02-26,12:39:37,00:00:03
stefano.crapanzano@chu.ulg.ac.be,Navigation système de fichier,IT,2021-02-26,12:40:27,00:00:02
stefano.crapanzano@chu.ulg.ac.be,Navigation système de fichier,IT,2021-02-26,12:41:16,00:01:35
stefano.crapanzano@chu.ulg.ac.be,Navigation système de fichier,IT,2021-02-26,12:51:20,00:00:25
stefano.crapanzano@chu.ulg.ac.be,Navigation système de fichier,IT,2021-02-26,12:54:45,00:00:02
stefano.crapanzano@chu.ulg.ac.be,Navigation système de fichier,IT,2021-02-26,12:54:48,00:00:05
stefano.crapanzano@chu.ulg.ac.be,Navigation système de fichier,IT,2021-02-26,12:55:59,00:00:02
stefano.crapanzano@chu.ulg.ac.be,Navigation système de fichier,IT,2021-02-26,13:02:36,00:00:03
stefano.crapanzano@chu.ulg.ac.be,Navigation système de fichier,IT,2021-02-26,13:02:48,00:00:02
stefano.crapanzano@chu.ulg.ac.be,Navigation système de fichier,IT,2021-02-26,13:03:06,00:00:03
stefano.crapanzano@chu.ulg.ac.be,Navigation système de fichier,IT,2021-02-26,13:08:59,00:00:11
stefano.crapanzano@chu.ulg.ac.be,Navigation système de fichier,IT,2021-02-26,13:09:26,00:00:02
stefano.crapanzano@chu.ulg.ac.be,Navigation système de fichier,IT,2021-02-26,13:10:02,00:00:17
stefano.crapanzano@chu.ulg.ac.be,Navigation système de fichier,IT,2021-02-26,13:10:39,00:00:16
stefano.crapanzano@chu.ulg.ac.be,Navigation système de fichier,IT,2021-02-26,13:14:47,00:00:18
stefano.crapanzano@chu.ulg.ac.be,Navigation système de fichier,IT,2021-02-26,13:46:50,00:00:08
stefano.crapanzano@chu.ulg.ac.be,Navigation système de fichier,IT,2021-02-26,13:47:00,00:00:04
stefano.crapanzano@chu.ulg.ac.be,Navigation système de fichier,IT,2021-02-26,13:47:06,00:00:03
stefano.crapanzano@chu.ulg.ac.be,Navigation système de fichier,IT,2021-02-26,13:52:14,00:00:05
stefano.crapanzano@chu.ulg.ac.be,Navigation système de fichier,IT,2021-02-26,14:06:22,00:00:05
stefano.crapanzano@chu.ulg.ac.be,Navigation système de fichier,IT,2021-02-26,14:08:00,00:00:02
stefano.crapanzano@chu.ulg.ac.be,Navigation système de fichier,IT,2021-02-26,14:17:03,00:00:02
stefano.crapanzano@chu.ulg.ac.be,Navigation système de fichier,IT,2021-02-26,14:24:02,00:00:02
stefano.crapanzano@chu.ulg.ac.be,Navigation système de fichier,IT,2021-02-26,14:28:29,00:00:02
stefano.crapanzano@chu.ulg.ac.be,Navigation système de fichier,IT,2021-02-26,14:29:42,00:02:35
stefano.crapanzano@chu.ulg.ac.be,Navigation système de fichier,IT,2021-02-26,14:32:30,00:00:02
stefano.crapanzano@chu.ulg.ac.be,Navigation système de fichier,IT,2021-02-26,14:33:27,00:00:02
stefano.crapanzano@chu.ulg.ac.be,Navigation système de fichier,IT,2021-02-26,14:38:43,00:00:02
stefano.crapanzano@chu.ulg.ac.be,Navigation système de fichier,IT,2021-02-26,14:38:50,00:00:02
stefano.crapanzano@chu.ulg.ac.be,Navigation système de fichier,IT,2021-02-26,14:38:58,00:00:02
stefano.crapanzano@chu.ulg.ac.be,Navigation système de fichier,IT,2021-02-26,14:47:05,00:00:02
stefano.crapanzano@chu.ulg.ac.be,Navigation système de fichier,IT,2021-02-26,15:23:00,00:02:21
stefano.crapanzano@chu.ulg.ac.be,Navigation système de fichier,IT,2021-02-26,15:25:28,00:00:14
stefano.crapanzano@chu.ulg.ac.be,Navigation système de fichier,IT,2021-02-26,15:25:51,00:00:07
stefano.crapanzano@chu.ulg.ac.be,Navigation système de fichier,IT,2021-02-26,15:26:11,00:00:08
stefano.crapanzano@chu.ulg.ac.be,Navigation système de fichier,IT,2021-02-26,15:26:28,00:00:02
stefano.crapanzano@chu.ulg.ac.be,Navigation système de fichier,IT,2021-02-26,15:31:59,00:00:02
stefano.crapanzano@chu.ulg.ac.be,Navigation système de fichier,IT,2021-02-26,15:35:55,00:00:02
stefano.crapanzano@chu.ulg.ac.be,Navigation système de fichier,IT,2021-02-26,15:35:59,00:00:02
stefano.crapanzano@chu.ulg.ac.be,Navigation système de fichier,IT,2021-02-26,15:39:56,00:00:02
stefano.crapanzano@chu.ulg.ac.be,Navigation système de fichier,IT,2021-02-26,15:47:23,00:00:02
stefano.crapanzano@chu.ulg.ac.be,Navigation système de fichier,IT,2021-02-26,15:53:51,00:00:16
stefano.crapanzano@chu.ulg.ac.be,Navigation système de fichier,IT,2021-02-26,15:58:31,00:00:16
stefano.crapanzano@chu.ulg.ac.be,Navigation système de fichier,IT,2021-02-26,15:58:54,00:00:27
stefano.crapanzano@chu.ulg.ac.be,Navigation système de fichier,IT,2021-02-26,15:59:26,00:01:42
stefano.crapanzano@chu.ulg.ac.be,Navigation système de fichier,IT,2021-02-26,16:14:51,00:00:02
stefano.crapanzano@chu.ulg.ac.be,Navigation système de fichier,IT,2021-02-26,16:23:18,00:00:02
stefano.crapanzano@chu.ulg.ac.be,Navigation système de fichier,IT,2021-02-26,16:37:34,00:00:03
stefano.crapanzano@chu.ulg.ac.be,Navigation système de fichier,IT,2021-02-26,16:37:38,00:00:02
stefano.crapanzano@chu.ulg.ac.be,Navigation système de fichier,IT,2021-02-26,16:40:25,00:00:02
stefano.crapanzano@chu.ulg.ac.be,Navigation système de fichier,IT,2021-02-26,16:45:31,00:00:02
stefano.crapanzano@chu.ulg.ac.be,Navigation système de fichier,IT,2021-02-26,16:46:05,00:00:02
stefano.crapanzano@chu.ulg.ac.be,Navigation système de fichier,IT,2021-02-26,16:46:13,00:00:02
stefano.crapanzano@chu.ulg.ac.be,Navigation système de fichier,IT,2021-02-26,16:51:36,00:00:02
stefano.crapanzano@chu.ulg.ac.be,Nouvel onglet - Google Chrome,Tâches diverses,2021-02-26,08:38:59,00:00:04
stefano.crapanzano@chu.ulg.ac.be,Bureau - Google Sheets - Google Chrome,Tâches diverses,2021-02-26,08:39:04,00:00:09
stefano.crapanzano@chu.ulg.ac.be,Bureau - Google Sheets - Google Chrome,Tâches diverses,2021-02-26,08:44:03,00:00:11
stefano.crapanzano@chu.ulg.ac.be,Bureau - Google Sheets - Google Chrome,Tâches diverses,2021-02-26,08:50:40,00:00:58
stefano.crapanzano@chu.ulg.ac.be,Bureau - Google Sheets - Google Chrome,Helpdesk général,2021-02-26,08:52:37,00:00:03
stefano.crapanzano@chu.ulg.ac.be,Bureau - Google Sheets - Google Chrome,Tâches diverses,2021-02-26,08:52:43,00:00:55
stefano.crapanzano@chu.ulg.ac.be,Bureau - Google Sheets - Google Chrome,Tâches diverses,2021-02-26,08:53:47,00:01:10
stefano.crapanzano@chu.ulg.ac.be,Bureau - Google Sheets - Google Chrome,Tâches diverses,2021-02-26,08:56:46,00:00:53
stefano.crapanzano@chu.ulg.ac.be,Bureau - Google Sheets - Google Chrome,Tâches diverses,2021-02-26,09:16:13,00:00:38
stefano.crapanzano@chu.ulg.ac.be,Bureau - Google Sheets - Google Chrome,Tâches diverses,2021-02-26,09:26:58,00:00:03
stefano.crapanzano@chu.ulg.ac.be,Bureau - Google Sheets - Google Chrome,Tâches diverses,2021-02-26,09:30:50,00:00:16
stefano.crapanzano@chu.ulg.ac.be,Bureau - Google Sheets - Google Chrome,Tâches diverses,2021-02-26,09:31:15,00:00:02
stefano.crapanzano@chu.ulg.ac.be,Bureau - Google Sheets - Google Chrome,Tâches diverses,2021-02-26,09:55:16,00:00:02
stefano.crapanzano@chu.ulg.ac.be,Bureau - Google Sheets - Google Chrome,Tâches diverses,2021-02-26,10:11:03,00:00:52
stefano.crapanzano@chu.ulg.ac.be,Bureau - Google Sheets - Google Chrome,Tâches diverses,2021-02-26,10:12:00,00:00:03
stefano.crapanzano@chu.ulg.ac.be,Bureau - Google Sheets - Google Chrome,Tâches diverses,2021-02-26,10:22:08,00:00:07
stefano.crapanzano@chu.ulg.ac.be,Bureau - Google Sheets - Google Chrome,Tâches diverses,2021-02-26,14:32:35,00:00:52
stefano.crapanzano@chu.ulg.ac.be,Bureau - Google Sheets - Google Chrome,Tâches diverses,2021-02-26,14:44:08,00:00:06
stefano.crapanzano@chu.ulg.ac.be,Bureau - Google Sheets - Google Chrome,Tâches diverses,2021-02-26,15:22:37,00:00:02
stefano.crapanzano@chu.ulg.ac.be,Bureau - Google Sheets - Google Chrome,Tâches diverses,2021-02-26,15:25:26,00:00:02
stefano.crapanzano@chu.ulg.ac.be,Bureau - Google Sheets - Google Chrome,Tâches diverses,2021-02-26,15:53:37,00:00:02
stefano.crapanzano@chu.ulg.ac.be,Envoyé - Zimbra - Stefano Crapanzano - Outlook,Helpdesk général,2021-02-26,08:40:17,00:00:22
stefano.crapanzano@chu.ulg.ac.be,Envoyé - Zimbra - Stefano Crapanzano - Outlook,Helpdesk général,2021-02-26,08:40:52,00:00:13
stefano.crapanzano@chu.ulg.ac.be,Envoyé - Zimbra - Stefano Crapanzano - Outlook,Helpdesk général,2021-02-26,08:44:42,00:00:06
stefano.crapanzano@chu.ulg.ac.be,Envoyé - Zimbra - Stefano Crapanzano - Outlook,Helpdesk général,2021-02-26,09:52:54,00:00:22
stefano.crapanzano@chu.ulg.ac.be,Envoyé - Zimbra - Stefano Crapanzano - Outlook,Helpdesk général,2021-02-26,10:36:59,00:00:18
stefano.crapanzano@chu.ulg.ac.be,Envoyé - Zimbra - Stefano Crapanzano - Outlook,Helpdesk général,2021-02-26,10:51:22,00:00:02
stefano.crapanzano@chu.ulg.ac.be,Envoyé - Zimbra - Stefano Crapanzano - Outlook,Helpdesk général,2021-02-26,10:55:31,00:00:02
stefano.crapanzano@chu.ulg.ac.be,Ouverture d'une pièce jointe,Helpdesk général,2021-02-26,08:40:40,00:00:02
stefano.crapanzano@chu.ulg.ac.be,Ouverture d'une pièce jointe,Helpdesk général,2021-02-26,08:41:05,00:00:07
stefano.crapanzano@chu.ulg.ac.be,Ouverture -Excel,Tâches diverses,2021-02-26,08:40:43,00:00:03
stefano.crapanzano@chu.ulg.ac.be,Ouverture -Excel,Tâches diverses,2021-02-26,08:41:12,00:00:02
stefano.crapanzano@chu.ulg.ac.be,Ouverture -Excel,Tâches diverses,2021-02-26,08:57:54,00:00:02
stefano.crapanzano@chu.ulg.ac.be,Ouverture -Excel,Tâches diverses,2021-02-26,09:53:17,00:00:03
stefano.crapanzano@chu.ulg.ac.be,Ouverture -Excel,Tâches diverses,2021-02-26,10:40:26,00:00:03
stefano.crapanzano@chu.ulg.ac.be,Ouverture -Excel,Tâches diverses,2021-02-26,11:06:06,00:00:02
stefano.crapanzano@chu.ulg.ac.be,Ouverture -Excel,Tâches diverses,2021-02-26,11:41:52,00:00:03
stefano.crapanzano@chu.ulg.ac.be,Ouverture -Excel,Tâches diverses,2021-02-26,14:06:27,00:00:04
stefano.crapanzano@chu.ulg.ac.be,Ouverture -Excel,Tâches diverses,2021-02-26,16:39:14,00:00:04
stefano.crapanzano@chu.ulg.ac.be,Reprise sur site.xlsx - Excel,Tâches diverses,2021-02-26,08:40:47,00:00:04
stefano.crapanzano@chu.ulg.ac.be,Télétravail (à partir du 11-01-21).xlsx - Excel,Tâches diverses,2021-02-26,08:41:14,00:00:39
stefano.crapanzano@chu.ulg.ac.be,Télétravail (à partir du 11-01-21).xlsx - Excel,Tâches diverses,2021-02-26,08:57:56,00:00:35
stefano.crapanzano@chu.ulg.ac.be,Télétravail (à partir du 11-01-21).xlsx - Excel,Tâches diverses,2021-02-26,09:53:21,00:01:40
stefano.crapanzano@chu.ulg.ac.be,Télétravail (à partir du 11-01-21).xlsx - Excel,Tâches diverses,2021-02-26,14:06:32,00:00:25
stefano.crapanzano@chu.ulg.ac.be,SAP Logon 750,Exploration SAP,2021-02-26,09:30:16,00:00:02
stefano.crapanzano@chu.ulg.ac.be,SAP Logon 750,Exploration SAP,2021-02-26,09:51:43,00:00:02
stefano.crapanzano@chu.ulg.ac.be,SAP Logon 750,Exploration SAP,2021-02-26,14:11:19,00:00:03
stefano.crapanzano@chu.ulg.ac.be,SAP Logon 750,Exploration SAP,2021-02-26,16:24:47,00:00:03
stefano.crapanzano@chu.ulg.ac.be,Netop Invité,Helpdesk général,2021-02-26,13:02:58,00:00:02
stefano.crapanzano@chu.ulg.ac.be,SVN_LOCAL – test_levenshtein.pl [PERL] (Administrator),IT,2021-02-26,08:44:28,00:00:14
stefano.crapanzano@chu.ulg.ac.be,Iepacs - sftp://kofaxchu@iepacs.chu.ulg.ac.be - FileZilla,Helpdesk général,2021-02-26,09:27:04,00:00:10
stefano.crapanzano@chu.ulg.ac.be,Iepacs - sftp://kofaxchu@iepacs.chu.ulg.ac.be - FileZilla,Helpdesk général,2021-02-26,09:27:43,00:00:07
stefano.crapanzano@chu.ulg.ac.be,Iepacs - sftp://kofaxchu@iepacs.chu.ulg.ac.be - FileZilla,Helpdesk général,2021-02-26,10:12:03,00:00:10
stefano.crapanzano@chu.ulg.ac.be,Iepacs - sftp://kofaxchu@iepacs.chu.ulg.ac.be - FileZilla,Helpdesk général,2021-02-26,10:22:01,00:00:05
stefano.crapanzano@chu.ulg.ac.be,Iepacs - sftp://kofaxchu@iepacs.chu.ulg.ac.be - FileZilla,Helpdesk général,2021-02-26,14:29:33,00:00:08
stefano.crapanzano@chu.ulg.ac.be,Iepacs - sftp://kofaxchu@iepacs.chu.ulg.ac.be - FileZilla,Helpdesk général,2021-02-26,15:36:39,00:00:03
stefano.crapanzano@chu.ulg.ac.be,Valeur par Type de Magasin,Exploration SAP,2021-02-26,11:34:01,00:00:16
stefano.crapanzano@chu.ulg.ac.be,Valeur par Type de Magasin,Exploration SAP,2021-02-26,14:11:22,00:00:02
stefano.crapanzano@chu.ulg.ac.be,Gewaardeerde voorraad,Exploration SAP,2021-02-26,11:34:18,00:00:02
stefano.crapanzano@chu.ulg.ac.be,Gewaardeerde voorraad,Exploration SAP,2021-02-26,12:37:00,00:00:02
stefano.crapanzano@chu.ulg.ac.be,Modifier mise en forme,Exploration SAP,2021-02-26,11:51:19,00:00:02
stefano.crapanzano@chu.ulg.ac.be,Sans titre - Message (HTML),Helpdesk général,2021-02-26,09:38:20,00:00:31
stefano.crapanzano@chu.ulg.ac.be,Sans titre - Message (HTML),Helpdesk général,2021-02-26,14:47:09,00:00:08
stefano.crapanzano@chu.ulg.ac.be,SAP Easy Access Menu de base Applications financières-économiques,Exploration SAP,2021-02-26,09:51:45,00:00:19
stefano.crapanzano@chu.ulg.ac.be,SAP Easy Access Menu de base Applications financières-économiques,Exploration SAP,2021-02-26,09:52:08,00:00:04
stefano.crapanzano@chu.ulg.ac.be,SAP Easy Access Menu de base Applications financières-économiques,Exploration SAP,2021-02-26,09:52:15,00:00:26
stefano.crapanzano@chu.ulg.ac.be,SAP Easy Access Menu de base Applications financières-économiques,Exploration SAP,2021-02-26,11:33:58,00:00:03
stefano.crapanzano@chu.ulg.ac.be,SAP Easy Access Menu de base Applications financières-économiques,Exploration SAP,2021-02-26,11:51:05,00:00:02
stefano.crapanzano@chu.ulg.ac.be,SAP Easy Access Menu de base Applications financières-économiques,Exploration SAP,2021-02-26,16:24:51,00:00:02
stefano.crapanzano@chu.ulg.ac.be,SAP Easy Access Menu de base Applications financières-économiques,Exploration SAP,2021-02-26,16:30:51,00:00:02
stefano.crapanzano@chu.ulg.ac.be,Suivre confirmations des ordres,Exploration SAP,2021-02-26,09:52:04,00:00:03
stefano.crapanzano@chu.ulg.ac.be,Relances et rappels des documents d'achat,Exploration SAP,2021-02-26,09:52:13,00:00:02
stefano.crapanzano@chu.ulg.ac.be,Programmation,IT,2021-02-26,10:14:59,00:01:48
stefano.crapanzano@chu.ulg.ac.be,Programmation,IT,2021-02-26,10:16:56,00:00:28
stefano.crapanzano@chu.ulg.ac.be,Programmation,IT,2021-02-26,11:34:51,00:00:24
stefano.crapanzano@chu.ulg.ac.be,Programmation,IT,2021-02-26,11:35:18,00:00:06
stefano.crapanzano@chu.ulg.ac.be,Programmation,IT,2021-02-26,13:09:29,00:00:20
stefano.crapanzano@chu.ulg.ac.be,Programmation,IT,2021-02-26,14:08:02,00:00:18
stefano.crapanzano@chu.ulg.ac.be,Programmation,IT,2021-02-26,14:10:56,00:00:06
stefano.crapanzano@chu.ulg.ac.be,Programmation,IT,2021-02-26,16:14:53,00:00:05
stefano.crapanzano@chu.ulg.ac.be,Programmation,IT,2021-02-26,16:57:23,00:00:42
stefano.crapanzano@chu.ulg.ac.be,Fichier en cours d'utilisation,Tâches diverses,2021-02-26,10:40:30,00:00:02
stefano.crapanzano@chu.ulg.ac.be,Harpège Download_tables_SaaS_SAP_V13.xlsx  [Lecture seule] - Excel,Tâches diverses,2021-02-26,10:40:32,00:00:03
stefano.crapanzano@chu.ulg.ac.be,Harpège Download_tables_SaaS_SAP_V13.xlsx  [Lecture seule] - Excel,Tâches diverses,2021-02-26,10:49:26,00:00:02
stefano.crapanzano@chu.ulg.ac.be,Harpège Download_tables_SaaS_SAP_V13.xlsx  [Lecture seule] - Excel,Tâches diverses,2021-02-26,10:53:46,00:00:04
stefano.crapanzano@chu.ulg.ac.be,Harpège Download_tables_SaaS_SAP_V13.xlsx  [Lecture seule] - Excel,Tâches diverses,2021-02-26,10:59:35,00:00:02
stefano.crapanzano@chu.ulg.ac.be,Harpège Download_tables_SaaS_SAP_V13.xlsx  [Lecture seule] - Excel,Tâches diverses,2021-02-26,11:01:42,00:00:02
stefano.crapanzano@chu.ulg.ac.be,Harpège Download_tables_SaaS_SAP_V13.xlsx  [Lecture seule] - Excel,Tâches diverses,2021-02-26,11:04:23,00:00:06
stefano.crapanzano@chu.ulg.ac.be,Harpège Download_tables_SaaS_SAP_V13.xlsx  [Lecture seule] - Excel,Tâches diverses,2021-02-26,11:05:56,00:00:03
stefano.crapanzano@chu.ulg.ac.be,Harpège Download_tables_SaaS_SAP_V13.xlsx  [Lecture seule] - Excel,Tâches diverses,2021-02-26,11:06:02,00:00:02
stefano.crapanzano@chu.ulg.ac.be,Rechercher et remplacer,Tâches diverses,2021-02-26,10:40:36,00:00:16
stefano.crapanzano@chu.ulg.ac.be,Rechercher et remplacer,Tâches diverses,2021-02-26,16:39:54,00:00:07
stefano.crapanzano@chu.ulg.ac.be,Rechercher et remplacer,Tâches diverses,2021-02-26,16:40:05,00:00:09
stefano.crapanzano@chu.ulg.ac.be,Rechercher et remplacer,Tâches diverses,2021-02-26,16:40:16,00:00:03
stefano.crapanzano@chu.ulg.ac.be,Requête extract. donn. art. Méd. Nucl. - Message (HTML),Helpdesk général,2021-02-26,10:41:51,00:00:16
stefano.crapanzano@chu.ulg.ac.be,Requête extract. donn. art. Méd. Nucl. - Message (HTML),Helpdesk général,2021-02-26,10:42:13,00:00:04
stefano.crapanzano@chu.ulg.ac.be,Requête extract. donn. art. Méd. Nucl. - Message (HTML),Helpdesk général,2021-02-26,10:45:53,00:00:10
stefano.crapanzano@chu.ulg.ac.be,Requête extract. donn. art. Méd. Nucl. - Message (HTML),Helpdesk général,2021-02-26,10:47:38,00:00:02
stefano.crapanzano@chu.ulg.ac.be,Requête extract. donn. art. Méd. Nucl. - Message (HTML),Tâches diverses,2021-02-26,10:50:06,00:00:04
stefano.crapanzano@chu.ulg.ac.be,Requête extract. donn. art. Méd. Nucl. - Message (HTML),Helpdesk général,2021-02-26,10:50:42,00:00:29
stefano.crapanzano@chu.ulg.ac.be,CHL_ERP_COMPTA_VERIF_CODE_SWIFT.bat - Bloc-notes,IT,2021-02-26,10:43:12,00:00:28
stefano.crapanzano@chu.ulg.ac.be,P:\SOURCES\BAT\ERP\CHL_ERP_EXTRACT_ARTICLE_MEDNUC.bat - Notepad++ [Administrator],IT,2021-02-26,10:44:22,00:00:09
stefano.crapanzano@chu.ulg.ac.be,P:\SOURCES\BAT\ERP\CHL_ERP_EXTRACT_ARTICLE_MEDNUC.bat - Notepad++ [Administrator],IT,2021-02-26,10:44:43,00:00:05
stefano.crapanzano@chu.ulg.ac.be,P:\SOURCES\BAT\ERP\CHL_ERP_EXTRACT_ARTICLE_MEDNUC.bat - Notepad++ [Administrator],IT,2021-02-26,10:54:32,00:00:03
stefano.crapanzano@chu.ulg.ac.be,P:\SOURCES\BAT\ERP\CHL_ERP_EXTRACT_ARTICLE_MEDNUC.bat - Notepad++ [Administrator],IT,2021-02-26,10:54:39,00:00:03
stefano.crapanzano@chu.ulg.ac.be,P:\SOURCES\BAT\ERP\CHL_ERP_EXTRACT_ARTICLE_MEDNUC.bat - Notepad++ [Administrator],IT,2021-02-26,10:55:51,00:00:08
stefano.crapanzano@chu.ulg.ac.be,P:\SOURCES\BAT\ERP\CHL_ERP_EXTRACT_ARTICLE_MEDNUC.bat - Notepad++ [Administrator],IT,2021-02-26,10:58:52,00:00:03
stefano.crapanzano@chu.ulg.ac.be,P:\SOURCES\BAT\ERP\CHL_ERP_EXTRACT_ARTICLE_MEDNUC.bat - Notepad++ [Administrator],IT,2021-02-26,10:58:58,00:00:03
stefano.crapanzano@chu.ulg.ac.be,P:\SOURCES\BAT\ERP\CHL_ERP_EXTRACT_ARTICLE_MEDNUC.bat - Notepad++ [Administrator],IT,2021-02-26,11:00:04,00:00:14
stefano.crapanzano@chu.ulg.ac.be,P:\SOURCES\BAT\ERP\CHL_ERP_EXTRACT_ARTICLE_MEDNUC.bat - Notepad++ [Administrator],IT,2021-02-26,11:07:31,00:00:04
stefano.crapanzano@chu.ulg.ac.be,P:\SOURCES\BAT\ERP\CHL_ERP_EXTRACT_ARTICLE_MEDNUC.bat - Notepad++ [Administrator],Tâches diverses,2021-02-26,11:07:49,00:00:02
stefano.crapanzano@chu.ulg.ac.be,P:\SOURCES\BAT\ERP\CHL_ERP_EXTRACT_ARTICLE_MEDNUC.bat - Notepad++ [Administrator],IT,2021-02-26,11:09:33,00:00:02
stefano.crapanzano@chu.ulg.ac.be,P:\SOURCES\BAT\ERP\CHL_ERP_EXTRACT_ARTICLE_MEDNUC.bat - Notepad++ [Administrator],IT,2021-02-26,11:09:41,00:00:03
stefano.crapanzano@chu.ulg.ac.be,P:\SOURCES\BAT\ERP\CHL_ERP_EXTRACT_ARTICLE_MEDNUC.bat - Notepad++ [Administrator],IT,2021-02-26,11:11:05,00:00:45
stefano.crapanzano@chu.ulg.ac.be,P:\SOURCES\BAT\ERP\CHL_ERP_EXTRACT_ARTICLE_MEDNUC.bat - Notepad++ [Administrator],IT,2021-02-26,11:13:13,00:00:02
stefano.crapanzano@chu.ulg.ac.be,P:\SOURCES\BAT\ERP\CHL_ERP_EXTRACT_ARTICLE_MEDNUC.bat - Notepad++ [Administrator],IT,2021-02-26,11:13:17,00:00:06
stefano.crapanzano@chu.ulg.ac.be,P:\SOURCES\BAT\ERP\CHL_ERP_EXTRACT_ARTICLE_MEDNUC.bat - Notepad++ [Administrator],IT,2021-02-26,12:40:31,00:00:02
stefano.crapanzano@chu.ulg.ac.be,P:\SOURCES\BAT\ERP\CHL_ERP_EXTRACT_ARTICLE_MEDNUC.bat - Notepad++ [Administrator],IT,2021-02-26,13:03:02,00:00:04
stefano.crapanzano@chu.ulg.ac.be,P:\SOURCES\BAT\ERP\CHL_ERP_EXTRACT_ARTICLE_MEDNUC.bat - Notepad++ [Administrator],IT,2021-02-26,15:57:52,00:00:08
stefano.crapanzano@chu.ulg.ac.be,P:\SOURCES\BAT\ERP\CHL_ERP_EXTRACT_ARTICLE_MEDNUC.bat - Notepad++ [Administrator],IT,2021-02-26,15:58:05,00:00:05
stefano.crapanzano@chu.ulg.ac.be,*P:\SOURCES\BAT\ERP\CHL_ERP_EXTRACT_ARTICLE_MEDNUC.bat - Notepad++ [Administrator],IT,2021-02-26,10:44:49,00:01:04
stefano.crapanzano@chu.ulg.ac.be,*P:\SOURCES\BAT\ERP\CHL_ERP_EXTRACT_ARTICLE_MEDNUC.bat - Notepad++ [Administrator],Helpdesk général,2021-02-26,10:47:40,00:01:43
stefano.crapanzano@chu.ulg.ac.be,*P:\SOURCES\BAT\ERP\CHL_ERP_EXTRACT_ARTICLE_MEDNUC.bat - Notepad++ [Administrator],IT,2021-02-26,10:49:48,00:00:03
stefano.crapanzano@chu.ulg.ac.be,*P:\SOURCES\BAT\ERP\CHL_ERP_EXTRACT_ARTICLE_MEDNUC.bat - Notepad++ [Administrator],IT,2021-02-26,10:53:53,00:00:38
stefano.crapanzano@chu.ulg.ac.be,*P:\SOURCES\BAT\ERP\CHL_ERP_EXTRACT_ARTICLE_MEDNUC.bat - Notepad++ [Administrator],IT,2021-02-26,10:59:02,00:00:08
stefano.crapanzano@chu.ulg.ac.be,*P:\SOURCES\BAT\ERP\CHL_ERP_EXTRACT_ARTICLE_MEDNUC.bat - Notepad++ [Administrator],IT,2021-02-26,11:00:19,00:00:42
stefano.crapanzano@chu.ulg.ac.be,*P:\SOURCES\BAT\ERP\CHL_ERP_EXTRACT_ARTICLE_MEDNUC.bat - Notepad++ [Administrator],IT,2021-02-26,11:09:36,00:00:04
stefano.crapanzano@chu.ulg.ac.be,*P:\SOURCES\BAT\ERP\CHL_ERP_EXTRACT_ARTICLE_MEDNUC.bat - Notepad++ [Administrator],IT,2021-02-26,11:11:51,00:00:06
stefano.crapanzano@chu.ulg.ac.be,*P:\SOURCES\BAT\ERP\CHL_ERP_EXTRACT_ARTICLE_MEDNUC.bat - Notepad++ [Administrator],IT,2021-02-26,11:14:18,00:00:02
stefano.crapanzano@chu.ulg.ac.be,RE: Requête extract. donn. art. Méd. Nucl. - Message (HTML),Helpdesk général,2021-02-26,10:46:04,00:01:27
stefano.crapanzano@chu.ulg.ac.be,RE: Requête extract. donn. art. Méd. Nucl. - Message (HTML),Helpdesk général,2021-02-26,10:51:24,00:00:07
stefano.crapanzano@chu.ulg.ac.be,RE: Requête extract. donn. art. Méd. Nucl. - Message (HTML),Helpdesk général,2021-02-26,10:51:32,00:00:05
stefano.crapanzano@chu.ulg.ac.be,RE: Requête extract. donn. art. Méd. Nucl. - Message (HTML),Helpdesk général,2021-02-26,10:51:53,00:00:20
stefano.crapanzano@chu.ulg.ac.be,RE: Requête extract. donn. art. Méd. Nucl. - Message (HTML),Helpdesk général,2021-02-26,10:52:35,00:00:48
stefano.crapanzano@chu.ulg.ac.be,RE: Requête extract. donn. art. Méd. Nucl. - Message (HTML),Helpdesk général,2021-02-26,10:56:24,00:01:03
stefano.crapanzano@chu.ulg.ac.be,Microsoft Outlook,Helpdesk général,2021-02-26,10:47:34,00:00:03
stefano.crapanzano@chu.ulg.ac.be,Microsoft Outlook,Helpdesk général,2021-02-26,11:10:41,00:00:08
stefano.crapanzano@chu.ulg.ac.be,CHL_ERP_EXTRACT_ARTICLE_MEDNUC.xltm - Excel,Tâches diverses,2021-02-26,10:50:00,00:00:03
stefano.crapanzano@chu.ulg.ac.be,CHL_ERP_EXTRACT_ARTICLE_MEDNUC.xltm - Excel,Tâches diverses,2021-02-26,10:50:33,00:00:09
stefano.crapanzano@chu.ulg.ac.be,CHL_ERP_EXTRACT_ARTICLE_MEDNUC.xltm - Excel,Tâches diverses,2021-02-26,10:51:43,00:00:10
stefano.crapanzano@chu.ulg.ac.be,CHL_ERP_EXTRACT_ARTICLE_MEDNUC.xltm - Excel,Tâches diverses,2021-02-26,10:52:14,00:00:20
stefano.crapanzano@chu.ulg.ac.be,CHL_ERP_EXTRACT_ARTICLE_MEDNUC.xltm - Excel,Tâches diverses,2021-02-26,10:53:26,00:00:15
stefano.crapanzano@chu.ulg.ac.be,CHL_ERP_EXTRACT_ARTICLE_MEDNUC.xltm - Excel,Tâches diverses,2021-02-26,11:02:21,00:00:07
stefano.crapanzano@chu.ulg.ac.be,CHL_ERP_EXTRACT_ARTICLE_MEDNUC.xltm - Excel,Tâches diverses,2021-02-26,11:04:00,00:00:02
stefano.crapanzano@chu.ulg.ac.be,CHL_ERP_EXTRACT_ARTICLE_MEDNUC.xltm - Excel,Tâches diverses,2021-02-26,11:07:47,00:00:02
stefano.crapanzano@chu.ulg.ac.be,Connexions du classeur,Tâches diverses,2021-02-26,10:50:25,00:00:07
stefano.crapanzano@chu.ulg.ac.be,Propriétés de connexion,Tâches diverses,2021-02-26,10:50:11,00:00:14
stefano.crapanzano@chu.ulg.ac.be,Propriétés de connexion,Tâches diverses,2021-02-26,11:02:30,00:00:07
stefano.crapanzano@chu.ulg.ac.be,Propriétés de connexion,Tâches diverses,2021-02-26,11:02:58,00:00:06
stefano.crapanzano@chu.ulg.ac.be,Propriétés de connexion,Tâches diverses,2021-02-26,11:06:17,00:00:02
stefano.crapanzano@chu.ulg.ac.be,Propriétés de connexion,Tâches diverses,2021-02-26,11:06:39,00:00:10
stefano.crapanzano@chu.ulg.ac.be,Microsoft Excel,Tâches diverses,2021-02-26,10:53:41,00:00:04
stefano.crapanzano@chu.ulg.ac.be,Microsoft Excel,Tâches diverses,2021-02-26,11:01:25,00:00:03
stefano.crapanzano@chu.ulg.ac.be,Microsoft Excel,Tâches diverses,2021-02-26,11:03:04,00:00:02
stefano.crapanzano@chu.ulg.ac.be,Microsoft Excel,Tâches diverses,2021-02-26,11:03:53,00:00:07
stefano.crapanzano@chu.ulg.ac.be,Microsoft Excel,Tâches diverses,2021-02-26,13:02:40,00:00:02
stefano.crapanzano@chu.ulg.ac.be,Microsoft Excel,Tâches diverses,2021-02-26,16:40:01,00:00:03
stefano.crapanzano@chu.ulg.ac.be,Administrateur : C:\Windows\System32\cmd.exe,IT,2021-02-26,10:54:35,00:00:03
stefano.crapanzano@chu.ulg.ac.be,Administrateur : C:\Windows\System32\cmd.exe,IT,2021-02-26,10:54:42,00:00:12
stefano.crapanzano@chu.ulg.ac.be,Administrateur : C:\Windows\System32\cmd.exe,IT,2021-02-26,10:55:10,00:00:19
stefano.crapanzano@chu.ulg.ac.be,Administrateur : C:\Windows\System32\cmd.exe,Helpdesk général,2021-02-26,10:55:47,00:00:02
stefano.crapanzano@chu.ulg.ac.be,Administrateur : C:\Windows\System32\cmd.exe,IT,2021-02-26,11:04:10,00:00:08
stefano.crapanzano@chu.ulg.ac.be,Administrateur : C:\Windows\System32\cmd.exe,IT,2021-02-26,11:10:31,00:00:03
stefano.crapanzano@chu.ulg.ac.be,Administrateur : C:\Windows\System32\cmd.exe,IT,2021-02-26,11:13:26,00:00:02
stefano.crapanzano@chu.ulg.ac.be,Administrateur : C:\Windows\System32\cmd.exe,IT,2021-02-26,11:14:37,00:00:04
stefano.crapanzano@chu.ulg.ac.be,Administrateur : C:\Windows\System32\cmd.exe - P:\SOURCES\BAT\ERP\CHL_ERP_EXTRACT_ARTICLE_MEDNUC.bat,IT,2021-02-26,10:54:54,00:00:15
stefano.crapanzano@chu.ulg.ac.be,Administrateur : C:\Windows\System32\cmd.exe - P:\SOURCES\BAT\ERP\CHL_ERP_EXTRACT_ARTICLE_MEDNUC.bat,IT,2021-02-26,10:59:14,00:00:12
stefano.crapanzano@chu.ulg.ac.be,Administrateur : C:\Windows\System32\cmd.exe - P:\SOURCES\BAT\ERP\CHL_ERP_EXTRACT_ARTICLE_MEDNUC.bat,IT,2021-02-26,11:01:03,00:00:04
stefano.crapanzano@chu.ulg.ac.be,Administrateur : C:\Windows\System32\cmd.exe - P:\SOURCES\BAT\ERP\CHL_ERP_EXTRACT_ARTICLE_MEDNUC.bat,IT,2021-02-26,11:04:05,00:00:04
stefano.crapanzano@chu.ulg.ac.be,Administrateur : C:\Windows\System32\cmd.exe - P:\SOURCES\BAT\ERP\CHL_ERP_EXTRACT_ARTICLE_MEDNUC.bat,IT,2021-02-26,11:07:53,00:00:43
stefano.crapanzano@chu.ulg.ac.be,Administrateur : C:\Windows\System32\cmd.exe - P:\SOURCES\BAT\ERP\CHL_ERP_EXTRACT_ARTICLE_MEDNUC.bat,IT,2021-02-26,11:09:55,00:00:02
stefano.crapanzano@chu.ulg.ac.be,Administrateur : C:\Windows\System32\cmd.exe - P:\SOURCES\BAT\ERP\CHL_ERP_EXTRACT_ARTICLE_MEDNUC.bat,IT,2021-02-26,11:11:58,00:00:02
stefano.crapanzano@chu.ulg.ac.be,Administrateur : C:\Windows\System32\cmd.exe - P:\SOURCES\BAT\ERP\CHL_ERP_EXTRACT_ARTICLE_MEDNUC.bat,IT,2021-02-26,11:13:29,00:00:03
stefano.crapanzano@chu.ulg.ac.be,Administrateur : C:\Windows\System32\cmd.exe - P:\SOURCES\BAT\ERP\CHL_ERP_EXTRACT_ARTICLE_MEDNUC.bat,IT,2021-02-26,11:13:36,00:00:02
stefano.crapanzano@chu.ulg.ac.be,Administrateur : C:\Windows\System32\cmd.exe - P:\SOURCES\BAT\ERP\CHL_ERP_EXTRACT_ARTICLE_MEDNUC.bat,IT,2021-02-26,11:14:23,00:00:14
stefano.crapanzano@chu.ulg.ac.be,P:\SOURCES\BAT\ERP\test_pour_grande_macro.bat - Notepad++ [Administrator],IT,2021-02-26,10:57:42,00:00:32
stefano.crapanzano@chu.ulg.ac.be,P:\SOURCES\BAT\ERP\test_pour_grande_macro.bat - Notepad++ [Administrator],IT,2021-02-26,10:58:56,00:00:02
stefano.crapanzano@chu.ulg.ac.be,P:\SOURCES\BAT\ERP\test_pour_grande_macro.bat - Notepad++ [Administrator],IT,2021-02-26,15:25:59,00:00:10
stefano.crapanzano@chu.ulg.ac.be,CHL_ERP_EXTRACT_ARTICLE_MEDNUC1.xlsx - Excel,Tâches diverses,2021-02-26,10:59:33,00:00:02
stefano.crapanzano@chu.ulg.ac.be,CHL_ERP_EXTRACT_ARTICLE_MEDNUC1.xlsx - Excel,Tâches diverses,2021-02-26,11:13:57,00:00:02
stefano.crapanzano@chu.ulg.ac.be,CHL_ERP_EXTRACT_ARTICLE_MEDNUC1 - Excel,Tâches diverses,2021-02-26,11:01:22,00:00:02
stefano.crapanzano@chu.ulg.ac.be,Classeur1 - Excel,Tâches diverses,2021-02-26,11:02:03,00:00:02
stefano.crapanzano@chu.ulg.ac.be,Classeur1 - Excel,Tâches diverses,2021-02-26,11:02:40,00:00:04
stefano.crapanzano@chu.ulg.ac.be,Classeur1 - Excel,Tâches diverses,2021-02-26,11:03:08,00:00:03
stefano.crapanzano@chu.ulg.ac.be,Classeur1 - Excel,Tâches diverses,2021-02-26,11:03:14,00:00:10
stefano.crapanzano@chu.ulg.ac.be,Classeur1 - Excel,Tâches diverses,2021-02-26,11:03:35,00:00:06
stefano.crapanzano@chu.ulg.ac.be,Classeur1 - Excel,Tâches diverses,2021-02-26,11:06:10,00:00:03
stefano.crapanzano@chu.ulg.ac.be,Classeur1 - Excel,Tâches diverses,2021-02-26,11:06:52,00:00:02
stefano.crapanzano@chu.ulg.ac.be,Classeur1 - Excel,Tâches diverses,2021-02-26,11:06:57,00:00:14
stefano.crapanzano@chu.ulg.ac.be,Connexions existantes,Tâches diverses,2021-02-26,11:02:52,00:00:04
stefano.crapanzano@chu.ulg.ac.be,Connexions existantes,Tâches diverses,2021-02-26,11:06:14,00:00:02
stefano.crapanzano@chu.ulg.ac.be,Propriétés des liaisons de données,Tâches diverses,2021-02-26,11:02:49,00:00:03
stefano.crapanzano@chu.ulg.ac.be,Enregistrer sous,Tâches diverses,2021-02-26,11:03:41,00:00:10
stefano.crapanzano@chu.ulg.ac.be,Enregistrer sous,Tâches diverses,2021-02-26,11:04:29,00:00:10
stefano.crapanzano@chu.ulg.ac.be,Enregistrer sous,Tâches diverses,2021-02-26,11:05:13,00:00:02
stefano.crapanzano@chu.ulg.ac.be,Enregistrer sous,Tâches diverses,2021-02-26,11:05:20,00:00:11
stefano.crapanzano@chu.ulg.ac.be,Enregistrer sous,Tâches diverses,2021-02-26,11:05:53,00:00:02
stefano.crapanzano@chu.ulg.ac.be,Enregistrer sous,Tâches diverses,2021-02-26,11:05:59,00:00:02
stefano.crapanzano@chu.ulg.ac.be,Enregistrer sous,Tâches diverses,2021-02-26,11:07:11,00:00:19
stefano.crapanzano@chu.ulg.ac.be,Enregistrer sous,Tâches diverses,2021-02-26,11:07:36,00:00:08
stefano.crapanzano@chu.ulg.ac.be,Déplacer le fichier,Tâches diverses,2021-02-26,11:05:16,00:00:04
stefano.crapanzano@chu.ulg.ac.be,Excel,Tâches diverses,2021-02-26,11:41:56,00:00:03
stefano.crapanzano@chu.ulg.ac.be,CHL_ERP_EXTRACT_ARTICLE_MEDNUC_21_02_26_11_14.xlsx - Excel,Tâches diverses,2021-02-26,11:14:51,00:00:06
stefano.crapanzano@chu.ulg.ac.be,[ CHL_ERP_EXTRACT_ARTICLE_MEDNUC ][ INFO ] Liste des articles U70 dans SAP  - Message (HTML),Helpdesk général,2021-02-26,11:15:21,00:00:20
stefano.crapanzano@chu.ulg.ac.be,[ CHL_ERP_EXTRACT_ARTICLE_MEDNUC ][ INFO ] Liste des articles U70 dans SAP  - Message (HTML),Helpdesk général,2021-02-26,11:16:31,00:00:03
stefano.crapanzano@chu.ulg.ac.be,[ CHL_ERP_EXTRACT_ARTICLE_MEDNUC ][ INFO ] Liste des articles U70 dans SAP  - Message (HTML),Helpdesk général,2021-02-26,11:25:34,00:00:25
stefano.crapanzano@chu.ulg.ac.be,[ CHL_ERP_EXTRACT_ARTICLE_MEDNUC ][ INFO ] Liste des articles U70 dans SAP  - Message (HTML),Helpdesk général,2021-02-26,11:26:13,00:00:03
stefano.crapanzano@chu.ulg.ac.be,RE: [ CHL_ERP_EXTRACT_ARTICLE_MEDNUC ][ INFO ] Liste des articles U70 dans SAP  - Message (HTML),Helpdesk général,2021-02-26,11:15:41,00:00:49
stefano.crapanzano@chu.ulg.ac.be,C:\Users\c158492\AppData\Local\Microsoft\Windows\Temporary Internet Files\Content.Outlook\SUHESELV\resultat.csv - Notepad++ [Administrator],IT,2021-02-26,11:16:50,00:00:02
stefano.crapanzano@chu.ulg.ac.be,20200128_INVENTAIRE ORIGINAL_HORS-STOCK AU 22-01-2020_OLIVIER_AVEC CODE SAP SUPPL_POUR SAI_V04.xlsm - Excel,Tâches diverses,2021-02-26,11:41:59,00:08:04
stefano.crapanzano@chu.ulg.ac.be,20200128_INVENTAIRE ORIGINAL_HORS-STOCK AU 22-01-2020_OLIVIER_AVEC CODE SAP SUPPL_POUR SAI_V04.xlsm - Excel,Tâches diverses,2021-02-26,13:02:34,00:00:02
stefano.crapanzano@chu.ulg.ac.be,TR: GOAL : outils SAI - Réunion,Helpdesk général,2021-02-26,11:50:05,00:00:57
stefano.crapanzano@chu.ulg.ac.be,TR: GOAL : outils SAI - Réunion,Helpdesk général,2021-02-26,14:24:05,00:00:10
stefano.crapanzano@chu.ulg.ac.be,TR: GOAL : outils SAI - Réunion,Helpdesk général,2021-02-26,15:39:58,00:00:47
stefano.crapanzano@chu.ulg.ac.be,TR: GOAL : outils SAI - Réunion,Tâches diverses,2021-02-26,15:54:09,00:00:58
stefano.crapanzano@chu.ulg.ac.be,TR: GOAL : outils SAI - Réunion,Helpdesk général,2021-02-26,16:02:24,00:00:20
stefano.crapanzano@chu.ulg.ac.be,Exporter/importer Lien entre article-centre de coûts et quantité,Exploration SAP,2021-02-26,11:51:08,00:00:06
stefano.crapanzano@chu.ulg.ac.be,Exporter/importer Lien entre article-centre de coûts et quantité,Exploration SAP,2021-02-26,11:51:16,00:00:02
stefano.crapanzano@chu.ulg.ac.be,Exporter/importer Lien entre article-centre de coûts et quantité,Exploration SAP,2021-02-26,11:51:21,00:00:03
stefano.crapanzano@chu.ulg.ac.be,Exporter/importer Lien entre article-centre de coûts et quantité,Exploration SAP,2021-02-26,11:51:27,00:03:14
stefano.crapanzano@chu.ulg.ac.be,Exporter/importer Lien entre article-centre de coûts et quantité,Exploration SAP,2021-02-26,11:54:43,00:00:02
stefano.crapanzano@chu.ulg.ac.be,Exporter/importer Lien entre article-centre de coûts et quantité,Exploration SAP,2021-02-26,11:57:19,00:13:27
stefano.crapanzano@chu.ulg.ac.be,Exporter/importer Lien entre article-centre de coûts et quantité,Exploration SAP,2021-02-26,12:26:15,00:01:28
stefano.crapanzano@chu.ulg.ac.be,Exporter/importer Lien entre article-centre de coûts et quantité,Exploration SAP,2021-02-26,12:27:53,00:01:02
stefano.crapanzano@chu.ulg.ac.be,Exporter/importer Lien entre article-centre de coûts et quantité,Exploration SAP,2021-02-26,16:24:53,00:00:04
stefano.crapanzano@chu.ulg.ac.be,Exporter/importer Lien entre article-centre de coûts et quantité,Exploration SAP,2021-02-26,16:25:01,00:00:07
stefano.crapanzano@chu.ulg.ac.be,Exporter/importer Lien entre article-centre de coûts et quantité,Exploration SAP,2021-02-26,16:25:11,00:00:02
stefano.crapanzano@chu.ulg.ac.be,Exporter/importer Lien entre article-centre de coûts et quantité,Exploration SAP,2021-02-26,16:25:15,00:00:04
stefano.crapanzano@chu.ulg.ac.be,Exporter/importer Lien entre article-centre de coûts et quantité,Exploration SAP,2021-02-26,16:25:24,00:00:04
stefano.crapanzano@chu.ulg.ac.be,Exporter/importer Lien entre article-centre de coûts et quantité,Exploration SAP,2021-02-26,16:25:33,00:01:44
stefano.crapanzano@chu.ulg.ac.be,Exporter/importer Lien entre article-centre de coûts et quantité,Exploration SAP,2021-02-26,16:27:30,00:01:59
stefano.crapanzano@chu.ulg.ac.be,Information,Exploration SAP,2021-02-26,11:51:14,00:00:02
stefano.crapanzano@chu.ulg.ac.be,Information,Exploration SAP,2021-02-26,16:24:58,00:00:03
stefano.crapanzano@chu.ulg.ac.be,Mise en forme : sélectionner,Exploration SAP,2021-02-26,11:51:25,00:00:02
stefano.crapanzano@chu.ulg.ac.be,Mise en forme : sélectionner,Exploration SAP,2021-02-26,11:54:45,00:02:33
stefano.crapanzano@chu.ulg.ac.be,Mise en forme : sélectionner,Exploration SAP,2021-02-26,16:25:09,00:00:02
stefano.crapanzano@chu.ulg.ac.be,Mise en forme : sélectionner,Exploration SAP,2021-02-26,16:25:22,00:00:02
stefano.crapanzano@chu.ulg.ac.be,Mise en forme : sélectionner,Exploration SAP,2021-02-26,16:25:29,00:00:03
stefano.crapanzano@chu.ulg.ac.be,LABO - Stock article - Google Chrome,Tâches diverses,2021-02-26,12:10:56,00:00:08
stefano.crapanzano@chu.ulg.ac.be,LABO - Stock article - Google Chrome,Tâches diverses,2021-02-26,12:11:07,00:00:03
stefano.crapanzano@chu.ulg.ac.be,LABO - Stock article - Google Chrome,Tâches diverses,2021-02-26,12:14:44,00:00:27
stefano.crapanzano@chu.ulg.ac.be,LABO - Stock article - Google Chrome,Tâches diverses,2021-02-26,12:15:18,00:00:03
stefano.crapanzano@chu.ulg.ac.be,LABO - Stock article - Google Chrome,Tâches diverses,2021-02-26,12:16:00,00:00:11
stefano.crapanzano@chu.ulg.ac.be,LABO - Stock article - Google Chrome,Tâches diverses,2021-02-26,12:16:31,00:00:02
stefano.crapanzano@chu.ulg.ac.be,LABO - Stock article - Google Chrome,Tâches diverses,2021-02-26,12:24:07,00:00:02
stefano.crapanzano@chu.ulg.ac.be,LABO - Stock article - Google Chrome,Tâches diverses,2021-02-26,12:24:30,00:00:22
stefano.crapanzano@chu.ulg.ac.be,LABO - Stock article - Google Chrome,Tâches diverses,2021-02-26,12:39:04,00:00:03
stefano.crapanzano@chu.ulg.ac.be,LABO - Stock article - Google Chrome,Tâches diverses,2021-02-26,12:39:27,00:00:09
stefano.crapanzano@chu.ulg.ac.be,LABO - Stock article - Google Chrome,Tâches diverses,2021-02-26,12:39:40,00:00:14
stefano.crapanzano@chu.ulg.ac.be,LABO - Stock article - Google Chrome,Tâches diverses,2021-02-26,12:40:41,00:00:34
stefano.crapanzano@chu.ulg.ac.be,LABO - Stock article - Google Chrome,Tâches diverses,2021-02-26,12:43:38,00:07:29
stefano.crapanzano@chu.ulg.ac.be,LABO - Stock article - Google Chrome,Tâches diverses,2021-02-26,12:51:45,00:02:59
stefano.crapanzano@chu.ulg.ac.be,LABO - Stock article - Google Chrome,Tâches diverses,2021-02-26,12:54:54,00:00:13
stefano.crapanzano@chu.ulg.ac.be,LABO - Stock article - Google Chrome,Tâches diverses,2021-02-26,12:56:01,00:03:23
stefano.crapanzano@chu.ulg.ac.be,LABO - Stock article - Google Chrome,Tâches diverses,2021-02-26,13:10:32,00:00:05
stefano.crapanzano@chu.ulg.ac.be,LABO - Stock article - Google Chrome,Tâches diverses,2021-02-26,13:14:10,00:00:37
stefano.crapanzano@chu.ulg.ac.be,LABO - Stock article - Google Chrome,Tâches diverses,2021-02-26,13:46:32,00:00:17
stefano.crapanzano@chu.ulg.ac.be,LABO - Stock article - Google Chrome,Tâches diverses,2021-02-26,13:50:40,00:00:50
stefano.crapanzano@chu.ulg.ac.be,LABO - Stock article - Google Chrome,Tâches diverses,2021-02-26,14:32:32,00:00:02
stefano.crapanzano@chu.ulg.ac.be,LABO - Stock article - Google Chrome,Tâches diverses,2021-02-26,16:04:45,00:00:04
stefano.crapanzano@chu.ulg.ac.be,LABO - Stock article - Google Chrome,Tâches diverses,2021-02-26,16:14:49,00:00:02
stefano.crapanzano@chu.ulg.ac.be,LABO - Stock article - Google Chrome,Helpdesk général,2021-02-26,16:37:29,00:00:02
stefano.crapanzano@chu.ulg.ac.be,SAP GUI for Windows 750,Exploration SAP,2021-02-26,13:57:32,00:00:02
stefano.crapanzano@chu.ulg.ac.be,'Bertho Jean-Michel',Helpdesk général,2021-02-26,13:57:43,00:00:02
stefano.crapanzano@chu.ulg.ac.be,Programme intrastat - Message (HTML),Helpdesk général,2021-02-26,14:39:45,00:01:40
stefano.crapanzano@chu.ulg.ac.be,ERP4HC 2.0 - Message (HTML),Helpdesk général,2021-02-26,14:47:17,00:00:05
stefano.crapanzano@chu.ulg.ac.be,ERP4HC 2.0 - Message (HTML),Helpdesk général,2021-02-26,14:47:30,00:00:58
stefano.crapanzano@chu.ulg.ac.be,ERP4HC 2.0 - Message (HTML),Helpdesk général,2021-02-26,14:53:32,00:02:46
stefano.crapanzano@chu.ulg.ac.be,ERP4HC 2.0 - Message (HTML),Helpdesk général,2021-02-26,15:47:25,00:00:02
stefano.crapanzano@chu.ulg.ac.be,Drafts - erp.sai@chuliege.be - Outlook,Helpdesk général,2021-02-26,15:47:32,00:00:06
stefano.crapanzano@chu.ulg.ac.be,I:\Informatique\ERP\Exploitation\ACHAT\Chargements\maj_pmp.csv - Notepad++ [Administrator],IT,2021-02-26,15:58:48,00:00:04
stefano.crapanzano@chu.ulg.ac.be,I:\Informatique\ERP\Exploitation\ACHAT\RELAIS ACHAT\ZONTVANGST_20171002094900.csv - Notepad++ [Administrator],IT,2021-02-26,15:59:21,00:00:03
stefano.crapanzano@chu.ulg.ac.be,2021 - création d'un fichier des articles GERA-SAP.XLSX  [Mode protégé] - Excel,Tâches diverses,2021-02-26,16:39:27,00:00:23
stefano.crapanzano@chu.ulg.ac.be,2021 - création d'un fichier des articles GERA-SAP.XLSX  [Mode protégé] - Excel,Tâches diverses,2021-02-26,16:40:23,00:00:02
stefano.crapanzano@chu.ulg.ac.be,2021 - création d'un fichier des articles GERA-SAP.XLSX  [Mode protégé] - Excel,Tâches diverses,2021-02-26,16:42:36,00:00:22
stefano.crapanzano@chu.ulg.ac.be,2021 - création d'un fichier des articles GERA-SAP.XLSX  [Mode protégé] - Excel,Tâches diverses,2021-02-26,16:44:13,00:00:13
stefano.crapanzano@chu.ulg.ac.be,2021 - création d'un fichier des articles GERA-SAP.XLSX  [Mode protégé] - Excel,Tâches diverses,2021-02-26,16:44:34,00:00:22
stefano.crapanzano@chu.ulg.ac.be,2021 - création d'un fichier des articles GERA-SAP.XLSX  [Mode protégé] - Excel,Tâches diverses,2021-02-26,16:45:34,00:00:07
stefano.crapanzano@chu.ulg.ac.be,2021 - création d'un fichier des articles GERA-SAP.XLSX  [Mode protégé] - Excel,Tâches diverses,2021-02-26,16:46:07,00:00:05
stefano.crapanzano@chu.ulg.ac.be,2021 - création d'un fichier des articles GERA-SAP.XLSX  [Mode protégé] - Excel,Tâches diverses,2021-02-26,16:46:18,00:00:02
stefano.crapanzano@chu.ulg.ac.be,2021 - création d'un fichier des articles GERA-SAP.XLSX  [Mode protégé] - Excel,Tâches diverses,2021-02-26,16:46:48,00:00:04
stefano.crapanzano@chu.ulg.ac.be,2021 - création d'un fichier des articles GERA-SAP.XLSX  [Mode protégé] - Excel,Tâches diverses,2021-02-26,16:47:11,00:00:02
stefano.crapanzano@chu.ulg.ac.be,2021 - création d'un fichier des articles GERA-SAP.XLSX  [Mode protégé] - Excel,Tâches diverses,2021-02-26,16:47:29,00:00:06
stefano.crapanzano@chu.ulg.ac.be,2021 - création d'un fichier des articles GERA-SAP.XLSX  [Mode protégé] - Excel,Tâches diverses,2021-02-26,16:48:26,00:00:09
stefano.crapanzano@chu.ulg.ac.be,2021 - création d'un fichier des articles GERA-SAP.XLSX  [Mode protégé] - Excel,Tâches diverses,2021-02-26,16:48:46,00:00:02
stefano.crapanzano@chu.ulg.ac.be,2021 - création d'un fichier des articles GERA-SAP.XLSX  [Mode protégé] - Excel,Tâches diverses,2021-02-26,16:49:21,00:00:03
stefano.crapanzano@chu.ulg.ac.be,2021 - création d'un fichier des articles GERA-SAP.XLSX  [Mode protégé] - Excel,Tâches diverses,2021-02-26,16:49:32,00:00:02
stefano.crapanzano@chu.ulg.ac.be,2021 - création d'un fichier des articles GERA-SAP.XLSX  [Mode protégé] - Excel,Tâches diverses,2021-02-26,16:49:45,00:00:18
stefano.crapanzano@chu.ulg.ac.be,2021 - création d'un fichier des articles GERA-SAP.XLSX  [Mode protégé] - Excel,Tâches diverses,2021-02-26,16:51:04,00:00:26
stefano.crapanzano@chu.ulg.ac.be,Harpège Download_tables_SaaS_SAP_V13.xlsx - Excel,Tâches diverses,2021-02-26,16:45:42,00:00:04
stefano.crapanzano@chu.ulg.ac.be,Harpège Download_tables_SaaS_SAP_V13.xlsx - Excel,Tâches diverses,2021-02-26,16:45:54,00:00:04
stefano.crapanzano@chu.ulg.ac.be,Harpège Download_tables_SaaS_SAP_V13.xlsx - Excel,Tâches diverses,2021-02-26,16:46:01,00:00:03
stefano.crapanzano@chu.ulg.ac.be,Harpège Download_tables_SaaS_SAP_V13.xlsx - Excel,Tâches diverses,2021-02-26,16:51:31,00:00:02
stefano.crapanzano@chu.ulg.ac.be,Activer,Tâches diverses,2021-02-26,16:45:47,00:00:07
stefano.crapanzano@chu.ulg.ac.be,console_erpftp - [Racine de la console\Gestion de l’ordinateur (ERPFTP)\Outils système\Planificateur de tâches\Bibliothèque du Planificateur de tâches],Helpdesk général,2021-02-26,16:51:49,00:00:03
