Email,Description,Project,Start date,Start time,Duration
stefano.crapanzano@chu.ulg.ac.be,Administrateur : C:\Windows\System32\cmd.exe - python  main.py,IT,2021-02-24,08:28:10,00:00:03
stefano.crapanzano@chu.ulg.ac.be,Lecture documentation,Tâches diverses,2021-02-24,08:28:14,00:00:02
stefano.crapanzano@chu.ulg.ac.be,Lecture documentation,Tâches diverses,2021-02-24,09:30:57,00:00:52
stefano.crapanzano@chu.ulg.ac.be,Lecture documentation,Tâches diverses,2021-02-24,10:50:42,00:00:02
stefano.crapanzano@chu.ulg.ac.be,Lecture documentation,Tâches diverses,2021-02-24,11:56:12,00:00:38
stefano.crapanzano@chu.ulg.ac.be,Lecture documentation,Tâches diverses,2021-02-24,11:56:52,00:00:38
stefano.crapanzano@chu.ulg.ac.be,Navigation système de fichier,IT,2021-02-24,09:25:03,00:00:08
stefano.crapanzano@chu.ulg.ac.be,Navigation système de fichier,IT,2021-02-24,09:26:12,00:00:08
stefano.crapanzano@chu.ulg.ac.be,Navigation système de fichier,IT,2021-02-24,09:29:23,00:00:02
stefano.crapanzano@chu.ulg.ac.be,Navigation système de fichier,IT,2021-02-24,09:29:26,00:00:38
stefano.crapanzano@chu.ulg.ac.be,Navigation système de fichier,IT,2021-02-24,09:33:49,00:00:02
stefano.crapanzano@chu.ulg.ac.be,Navigation système de fichier,IT,2021-02-24,09:34:28,00:00:05
stefano.crapanzano@chu.ulg.ac.be,Navigation système de fichier,IT,2021-02-24,09:35:37,00:00:15
stefano.crapanzano@chu.ulg.ac.be,Navigation système de fichier,IT,2021-02-24,09:35:54,00:00:14
stefano.crapanzano@chu.ulg.ac.be,Navigation système de fichier,IT,2021-02-24,09:36:25,00:00:02
stefano.crapanzano@chu.ulg.ac.be,Navigation système de fichier,IT,2021-02-24,09:39:09,00:00:02
stefano.crapanzano@chu.ulg.ac.be,Navigation système de fichier,IT,2021-02-24,09:41:13,00:00:03
stefano.crapanzano@chu.ulg.ac.be,Navigation système de fichier,IT,2021-02-24,09:45:20,00:00:02
stefano.crapanzano@chu.ulg.ac.be,Navigation système de fichier,IT,2021-02-24,09:46:25,00:00:03
stefano.crapanzano@chu.ulg.ac.be,Navigation système de fichier,IT,2021-02-24,09:59:23,00:00:47
stefano.crapanzano@chu.ulg.ac.be,Navigation système de fichier,IT,2021-02-24,10:00:52,00:00:02
stefano.crapanzano@chu.ulg.ac.be,Navigation système de fichier,IT,2021-02-24,10:01:17,00:00:04
stefano.crapanzano@chu.ulg.ac.be,Navigation système de fichier,IT,2021-02-24,10:28:25,00:00:03
stefano.crapanzano@chu.ulg.ac.be,Navigation système de fichier,IT,2021-02-24,10:30:09,00:00:02
stefano.crapanzano@chu.ulg.ac.be,Navigation système de fichier,IT,2021-02-24,10:30:52,00:00:02
stefano.crapanzano@chu.ulg.ac.be,Navigation système de fichier,IT,2021-02-24,10:43:02,00:00:02
stefano.crapanzano@chu.ulg.ac.be,Navigation système de fichier,IT,2021-02-24,10:43:13,00:00:02
stefano.crapanzano@chu.ulg.ac.be,Navigation système de fichier,IT,2021-02-24,10:44:22,00:00:02
stefano.crapanzano@chu.ulg.ac.be,Navigation système de fichier,IT,2021-02-24,10:47:08,00:00:02
stefano.crapanzano@chu.ulg.ac.be,Navigation système de fichier,IT,2021-02-24,10:50:48,00:00:02
stefano.crapanzano@chu.ulg.ac.be,Navigation système de fichier,IT,2021-02-24,11:46:18,00:00:04
stefano.crapanzano@chu.ulg.ac.be,Navigation système de fichier,IT,2021-02-24,11:50:06,00:00:02
stefano.crapanzano@chu.ulg.ac.be,Navigation système de fichier,IT,2021-02-24,11:50:14,00:00:02
stefano.crapanzano@chu.ulg.ac.be,Navigation système de fichier,IT,2021-02-24,12:01:47,00:02:16
stefano.crapanzano@chu.ulg.ac.be,Navigation système de fichier,IT,2021-02-24,12:04:49,00:00:13
stefano.crapanzano@chu.ulg.ac.be,Navigation système de fichier,IT,2021-02-24,12:05:07,00:00:14
stefano.crapanzano@chu.ulg.ac.be,Navigation système de fichier,IT,2021-02-24,12:29:57,00:00:03
stefano.crapanzano@chu.ulg.ac.be,Boîte de réception - erp.sai@chuliege.be - Outlook,Helpdesk général,2021-02-24,08:28:17,00:00:02
stefano.crapanzano@chu.ulg.ac.be,Boîte de réception - erp.sai@chuliege.be - Outlook,Helpdesk général,2021-02-24,08:28:24,00:55:16
stefano.crapanzano@chu.ulg.ac.be,Boîte de réception - erp.sai@chuliege.be - Outlook,Helpdesk général,2021-02-24,09:25:28,00:00:02
stefano.crapanzano@chu.ulg.ac.be,Boîte de réception - erp.sai@chuliege.be - Outlook,Helpdesk général,2021-02-24,09:26:59,00:00:02
stefano.crapanzano@chu.ulg.ac.be,Boîte de réception - erp.sai@chuliege.be - Outlook,Helpdesk général,2021-02-24,09:28:15,00:00:06
stefano.crapanzano@chu.ulg.ac.be,Boîte de réception - erp.sai@chuliege.be - Outlook,Helpdesk général,2021-02-24,09:49:33,00:00:12
stefano.crapanzano@chu.ulg.ac.be,Boîte de réception - erp.sai@chuliege.be - Outlook,Helpdesk général,2021-02-24,09:49:49,00:00:04
stefano.crapanzano@chu.ulg.ac.be,Boîte de réception - erp.sai@chuliege.be - Outlook,Helpdesk général,2021-02-24,09:54:18,00:00:38
stefano.crapanzano@chu.ulg.ac.be,Boîte de réception - erp.sai@chuliege.be - Outlook,Helpdesk général,2021-02-24,09:55:03,00:00:05
stefano.crapanzano@chu.ulg.ac.be,Boîte de réception - erp.sai@chuliege.be - Outlook,Helpdesk général,2021-02-24,09:55:23,00:00:03
stefano.crapanzano@chu.ulg.ac.be,Boîte de réception - erp.sai@chuliege.be - Outlook,Helpdesk général,2021-02-24,09:55:28,00:00:02
stefano.crapanzano@chu.ulg.ac.be,Boîte de réception - erp.sai@chuliege.be - Outlook,Helpdesk général,2021-02-24,09:55:33,00:00:02
stefano.crapanzano@chu.ulg.ac.be,Boîte de réception - erp.sai@chuliege.be - Outlook,Helpdesk général,2021-02-24,09:55:37,00:00:02
stefano.crapanzano@chu.ulg.ac.be,Boîte de réception - erp.sai@chuliege.be - Outlook,Helpdesk général,2021-02-24,09:55:46,00:00:02
stefano.crapanzano@chu.ulg.ac.be,Boîte de réception - erp.sai@chuliege.be - Outlook,Helpdesk général,2021-02-24,09:55:52,00:00:10
stefano.crapanzano@chu.ulg.ac.be,Boîte de réception - erp.sai@chuliege.be - Outlook,Helpdesk général,2021-02-24,09:56:05,00:00:16
stefano.crapanzano@chu.ulg.ac.be,Boîte de réception - erp.sai@chuliege.be - Outlook,Helpdesk général,2021-02-24,09:56:35,00:00:10
stefano.crapanzano@chu.ulg.ac.be,Boîte de réception - erp.sai@chuliege.be - Outlook,Helpdesk général,2021-02-24,09:56:48,00:00:03
stefano.crapanzano@chu.ulg.ac.be,Boîte de réception - erp.sai@chuliege.be - Outlook,Helpdesk général,2021-02-24,09:57:01,00:00:28
stefano.crapanzano@chu.ulg.ac.be,Boîte de réception - erp.sai@chuliege.be - Outlook,Helpdesk général,2021-02-24,09:57:37,00:00:02
stefano.crapanzano@chu.ulg.ac.be,Boîte de réception - erp.sai@chuliege.be - Outlook,Helpdesk général,2021-02-24,10:00:21,00:00:06
stefano.crapanzano@chu.ulg.ac.be,Boîte de réception - erp.sai@chuliege.be - Outlook,Helpdesk général,2021-02-24,10:00:54,00:00:22
stefano.crapanzano@chu.ulg.ac.be,Boîte de réception - erp.sai@chuliege.be - Outlook,Helpdesk général,2021-02-24,10:01:22,00:01:00
stefano.crapanzano@chu.ulg.ac.be,Boîte de réception - erp.sai@chuliege.be - Outlook,Helpdesk général,2021-02-24,10:02:33,00:00:03
stefano.crapanzano@chu.ulg.ac.be,Boîte de réception - erp.sai@chuliege.be - Outlook,Helpdesk général,2021-02-24,10:03:28,00:00:06
stefano.crapanzano@chu.ulg.ac.be,Boîte de réception - erp.sai@chuliege.be - Outlook,Helpdesk général,2021-02-24,10:05:34,00:02:01
stefano.crapanzano@chu.ulg.ac.be,Boîte de réception - erp.sai@chuliege.be - Outlook,Helpdesk général,2021-02-24,10:07:37,00:00:02
stefano.crapanzano@chu.ulg.ac.be,Boîte de réception - erp.sai@chuliege.be - Outlook,Helpdesk général,2021-02-24,10:08:24,00:00:02
stefano.crapanzano@chu.ulg.ac.be,Boîte de réception - erp.sai@chuliege.be - Outlook,Helpdesk général,2021-02-24,10:11:03,00:00:07
stefano.crapanzano@chu.ulg.ac.be,Boîte de réception - erp.sai@chuliege.be - Outlook,Helpdesk général,2021-02-24,10:11:14,00:00:02
stefano.crapanzano@chu.ulg.ac.be,Boîte de réception - erp.sai@chuliege.be - Outlook,Helpdesk général,2021-02-24,10:12:30,00:00:40
stefano.crapanzano@chu.ulg.ac.be,Boîte de réception - erp.sai@chuliege.be - Outlook,Helpdesk général,2021-02-24,10:13:21,00:00:05
stefano.crapanzano@chu.ulg.ac.be,Boîte de réception - erp.sai@chuliege.be - Outlook,Helpdesk général,2021-02-24,10:13:30,00:00:04
stefano.crapanzano@chu.ulg.ac.be,Boîte de réception - erp.sai@chuliege.be - Outlook,Helpdesk général,2021-02-24,10:13:37,00:00:15
stefano.crapanzano@chu.ulg.ac.be,Boîte de réception - erp.sai@chuliege.be - Outlook,Helpdesk général,2021-02-24,10:24:12,00:04:00
stefano.crapanzano@chu.ulg.ac.be,Boîte de réception - erp.sai@chuliege.be - Outlook,Helpdesk général,2021-02-24,10:28:14,00:00:02
stefano.crapanzano@chu.ulg.ac.be,Boîte de réception - erp.sai@chuliege.be - Outlook,Helpdesk général,2021-02-24,10:28:18,00:00:04
stefano.crapanzano@chu.ulg.ac.be,Boîte de réception - erp.sai@chuliege.be - Outlook,Helpdesk général,2021-02-24,10:28:40,00:00:02
stefano.crapanzano@chu.ulg.ac.be,Boîte de réception - erp.sai@chuliege.be - Outlook,Helpdesk général,2021-02-24,10:29:27,00:00:03
stefano.crapanzano@chu.ulg.ac.be,Boîte de réception - erp.sai@chuliege.be - Outlook,Helpdesk général,2021-02-24,10:29:42,00:00:04
stefano.crapanzano@chu.ulg.ac.be,Boîte de réception - erp.sai@chuliege.be - Outlook,Helpdesk général,2021-02-24,10:29:51,00:00:04
stefano.crapanzano@chu.ulg.ac.be,Boîte de réception - erp.sai@chuliege.be - Outlook,Helpdesk général,2021-02-24,10:30:55,00:00:28
stefano.crapanzano@chu.ulg.ac.be,Boîte de réception - erp.sai@chuliege.be - Outlook,Helpdesk général,2021-02-24,10:37:27,00:00:13
stefano.crapanzano@chu.ulg.ac.be,Boîte de réception - erp.sai@chuliege.be - Outlook,Helpdesk général,2021-02-24,10:39:04,00:00:46
stefano.crapanzano@chu.ulg.ac.be,Boîte de réception - erp.sai@chuliege.be - Outlook,Helpdesk général,2021-02-24,10:40:22,00:00:34
stefano.crapanzano@chu.ulg.ac.be,Boîte de réception - erp.sai@chuliege.be - Outlook,Helpdesk général,2021-02-24,10:41:03,00:00:07
stefano.crapanzano@chu.ulg.ac.be,Boîte de réception - erp.sai@chuliege.be - Outlook,Helpdesk général,2021-02-24,10:42:23,00:00:08
stefano.crapanzano@chu.ulg.ac.be,Boîte de réception - erp.sai@chuliege.be - Outlook,Helpdesk général,2021-02-24,10:42:36,00:00:03
stefano.crapanzano@chu.ulg.ac.be,Boîte de réception - erp.sai@chuliege.be - Outlook,Helpdesk général,2021-02-24,10:47:14,00:00:10
stefano.crapanzano@chu.ulg.ac.be,Boîte de réception - erp.sai@chuliege.be - Outlook,Helpdesk général,2021-02-24,10:48:06,00:00:04
stefano.crapanzano@chu.ulg.ac.be,Boîte de réception - erp.sai@chuliege.be - Outlook,Helpdesk général,2021-02-24,10:49:52,00:00:02
stefano.crapanzano@chu.ulg.ac.be,Boîte de réception - erp.sai@chuliege.be - Outlook,Helpdesk général,2021-02-24,10:50:02,00:00:04
stefano.crapanzano@chu.ulg.ac.be,Boîte de réception - erp.sai@chuliege.be - Outlook,Helpdesk général,2021-02-24,10:56:05,00:05:09
stefano.crapanzano@chu.ulg.ac.be,Boîte de réception - erp.sai@chuliege.be - Outlook,Helpdesk général,2021-02-24,11:01:19,00:04:04
stefano.crapanzano@chu.ulg.ac.be,Boîte de réception - erp.sai@chuliege.be - Outlook,Helpdesk général,2021-02-24,11:06:03,00:01:03
stefano.crapanzano@chu.ulg.ac.be,Boîte de réception - erp.sai@chuliege.be - Outlook,Helpdesk général,2021-02-24,11:07:32,00:00:30
stefano.crapanzano@chu.ulg.ac.be,Boîte de réception - erp.sai@chuliege.be - Outlook,Helpdesk général,2021-02-24,11:08:13,00:14:28
stefano.crapanzano@chu.ulg.ac.be,Boîte de réception - erp.sai@chuliege.be - Outlook,Helpdesk général,2021-02-24,11:55:49,00:00:21
stefano.crapanzano@chu.ulg.ac.be,Boîte de réception - erp.sai@chuliege.be - Outlook,Helpdesk général,2021-02-24,11:56:50,00:00:02
stefano.crapanzano@chu.ulg.ac.be,Boîte de réception - erp.sai@chuliege.be - Outlook,Helpdesk général,2021-02-24,11:57:31,00:00:17
stefano.crapanzano@chu.ulg.ac.be,Boîte de réception - erp.sai@chuliege.be - Outlook,Helpdesk général,2021-02-24,12:01:24,00:00:14
stefano.crapanzano@chu.ulg.ac.be,Boîte de réception - erp.sai@chuliege.be - Outlook,Helpdesk général,2021-02-24,12:05:34,00:00:15
stefano.crapanzano@chu.ulg.ac.be,Boîte de réception - erp.sai@chuliege.be - Outlook,Helpdesk général,2021-02-24,12:05:52,00:00:08
stefano.crapanzano@chu.ulg.ac.be,Boîte de réception - erp.sai@chuliege.be - Outlook,Helpdesk général,2021-02-24,12:06:17,00:00:02
stefano.crapanzano@chu.ulg.ac.be,Boîte de réception - erp.sai@chuliege.be - Outlook,Helpdesk général,2021-02-24,12:08:35,00:00:03
stefano.crapanzano@chu.ulg.ac.be,Boîte de réception - erp.sai@chuliege.be - Outlook,Helpdesk général,2021-02-24,12:08:42,00:01:42
stefano.crapanzano@chu.ulg.ac.be,Boîte de réception - erp.sai@chuliege.be - Outlook,Helpdesk général,2021-02-24,12:10:28,00:00:18
stefano.crapanzano@chu.ulg.ac.be,Boîte de réception - erp.sai@chuliege.be - Outlook,Helpdesk général,2021-02-24,12:10:53,00:00:04
stefano.crapanzano@chu.ulg.ac.be,Boîte de réception - erp.sai@chuliege.be - Outlook,Helpdesk général,2021-02-24,12:11:03,00:00:03
stefano.crapanzano@chu.ulg.ac.be,Boîte de réception - erp.sai@chuliege.be - Outlook,Helpdesk général,2021-02-24,12:17:15,00:03:49
stefano.crapanzano@chu.ulg.ac.be,Boîte de réception - erp.sai@chuliege.be - Outlook,Helpdesk général,2021-02-24,12:21:23,00:00:03
stefano.crapanzano@chu.ulg.ac.be,Boîte de réception - erp.sai@chuliege.be - Outlook,Helpdesk général,2021-02-24,12:21:29,00:00:03
stefano.crapanzano@chu.ulg.ac.be,Boîte de réception - erp.sai@chuliege.be - Outlook,Helpdesk général,2021-02-24,12:21:39,00:06:55
stefano.crapanzano@chu.ulg.ac.be,Zimbra État de l’opération Envoyer/Recevoir,Helpdesk général,2021-02-24,08:28:20,00:00:03
stefano.crapanzano@chu.ulg.ac.be,Sent - erp.sai@chuliege.be - Outlook,Helpdesk général,2021-02-24,09:23:40,00:01:22
stefano.crapanzano@chu.ulg.ac.be,Sent - erp.sai@chuliege.be - Outlook,Helpdesk général,2021-02-24,09:25:24,00:00:03
stefano.crapanzano@chu.ulg.ac.be,Sent - erp.sai@chuliege.be - Outlook,Helpdesk général,2021-02-24,09:28:09,00:00:06
stefano.crapanzano@chu.ulg.ac.be,Sent - erp.sai@chuliege.be - Outlook,Helpdesk général,2021-02-24,09:28:21,00:00:08
stefano.crapanzano@chu.ulg.ac.be,Sent - erp.sai@chuliege.be - Outlook,Helpdesk général,2021-02-24,09:28:43,00:00:33
stefano.crapanzano@chu.ulg.ac.be,Sent - erp.sai@chuliege.be - Outlook,Helpdesk général,2021-02-24,09:29:21,00:00:02
stefano.crapanzano@chu.ulg.ac.be,Sent - erp.sai@chuliege.be - Outlook,Helpdesk général,2021-02-24,09:30:05,00:00:14
stefano.crapanzano@chu.ulg.ac.be,Sent - erp.sai@chuliege.be - Outlook,Helpdesk général,2021-02-24,09:40:07,00:00:02
stefano.crapanzano@chu.ulg.ac.be,Sent - erp.sai@chuliege.be - Outlook,Helpdesk général,2021-02-24,09:46:28,00:00:11
stefano.crapanzano@chu.ulg.ac.be,Sent - erp.sai@chuliege.be - Outlook,Helpdesk général,2021-02-24,09:49:29,00:00:03
stefano.crapanzano@chu.ulg.ac.be,Sent - erp.sai@chuliege.be - Outlook,Helpdesk général,2021-02-24,09:49:53,00:00:31
stefano.crapanzano@chu.ulg.ac.be,Sent - erp.sai@chuliege.be - Outlook,Helpdesk général,2021-02-24,09:50:26,00:00:13
stefano.crapanzano@chu.ulg.ac.be,Sent - erp.sai@chuliege.be - Outlook,Helpdesk général,2021-02-24,09:50:48,00:01:07
stefano.crapanzano@chu.ulg.ac.be,Sent - erp.sai@chuliege.be - Outlook,Helpdesk général,2021-02-24,09:51:59,00:00:20
stefano.crapanzano@chu.ulg.ac.be,Sent - erp.sai@chuliege.be - Outlook,Helpdesk général,2021-02-24,09:54:14,00:00:03
stefano.crapanzano@chu.ulg.ac.be,Sent - erp.sai@chuliege.be - Outlook,Helpdesk général,2021-02-24,10:03:34,00:00:14
stefano.crapanzano@chu.ulg.ac.be,Sent - erp.sai@chuliege.be - Outlook,Helpdesk général,2021-02-24,10:05:31,00:00:02
stefano.crapanzano@chu.ulg.ac.be,Sent - erp.sai@chuliege.be - Outlook,Helpdesk général,2021-02-24,10:11:16,00:01:13
stefano.crapanzano@chu.ulg.ac.be,Sent - erp.sai@chuliege.be - Outlook,Helpdesk général,2021-02-24,10:13:52,00:10:19
stefano.crapanzano@chu.ulg.ac.be,Sent - erp.sai@chuliege.be - Outlook,Helpdesk général,2021-02-24,10:29:46,00:00:04
stefano.crapanzano@chu.ulg.ac.be,Sent - erp.sai@chuliege.be - Outlook,Helpdesk général,2021-02-24,10:31:24,00:06:03
stefano.crapanzano@chu.ulg.ac.be,Sent - erp.sai@chuliege.be - Outlook,Helpdesk général,2021-02-24,10:38:04,00:00:15
stefano.crapanzano@chu.ulg.ac.be,Sent - erp.sai@chuliege.be - Outlook,Helpdesk général,2021-02-24,10:38:54,00:00:09
stefano.crapanzano@chu.ulg.ac.be,Sent - erp.sai@chuliege.be - Outlook,Helpdesk général,2021-02-24,10:39:51,00:00:21
stefano.crapanzano@chu.ulg.ac.be,Sent - erp.sai@chuliege.be - Outlook,Helpdesk général,2021-02-24,10:41:10,00:01:13
stefano.crapanzano@chu.ulg.ac.be,Sent - erp.sai@chuliege.be - Outlook,Helpdesk général,2021-02-24,10:42:32,00:00:04
stefano.crapanzano@chu.ulg.ac.be,Sent - erp.sai@chuliege.be - Outlook,Helpdesk général,2021-02-24,10:42:40,00:00:21
stefano.crapanzano@chu.ulg.ac.be,Sent - erp.sai@chuliege.be - Outlook,Helpdesk général,2021-02-24,10:47:10,00:00:03
stefano.crapanzano@chu.ulg.ac.be,Sent - erp.sai@chuliege.be - Outlook,Helpdesk général,2021-02-24,10:47:25,00:00:40
stefano.crapanzano@chu.ulg.ac.be,Sent - erp.sai@chuliege.be - Outlook,Helpdesk général,2021-02-24,10:50:07,00:00:31
stefano.crapanzano@chu.ulg.ac.be,Sent - erp.sai@chuliege.be - Outlook,Helpdesk général,2021-02-24,10:50:50,00:00:02
stefano.crapanzano@chu.ulg.ac.be,Sent - erp.sai@chuliege.be - Outlook,Helpdesk général,2021-02-24,10:52:13,00:03:51
stefano.crapanzano@chu.ulg.ac.be,Sent - erp.sai@chuliege.be - Outlook,Helpdesk général,2021-02-24,11:01:15,00:00:04
stefano.crapanzano@chu.ulg.ac.be,Sent - erp.sai@chuliege.be - Outlook,Helpdesk général,2021-02-24,11:07:06,00:00:25
stefano.crapanzano@chu.ulg.ac.be,Sent - erp.sai@chuliege.be - Outlook,Helpdesk général,2021-02-24,12:11:07,00:04:21
stefano.crapanzano@chu.ulg.ac.be,Sent - erp.sai@chuliege.be - Outlook,Helpdesk général,2021-02-24,12:17:09,00:00:03
stefano.crapanzano@chu.ulg.ac.be,Netop Invité,Helpdesk général,2021-02-24,09:25:12,00:00:12
stefano.crapanzano@chu.ulg.ac.be,Netop Invité,Helpdesk général,2021-02-24,09:25:30,00:00:04
stefano.crapanzano@chu.ulg.ac.be,Netop Invité,Helpdesk général,2021-02-24,09:50:46,00:00:02
stefano.crapanzano@chu.ulg.ac.be,Netop Invité,Helpdesk général,2021-02-24,10:05:05,00:00:06
stefano.crapanzano@chu.ulg.ac.be,Connexion à l'aide de l'authentification Windows,Helpdesk général,2021-02-24,09:25:36,00:00:03
stefano.crapanzano@chu.ulg.ac.be,Connexion à l'aide de l'authentification Windows,Helpdesk général,2021-02-24,10:05:11,00:00:02
stefano.crapanzano@chu.ulg.ac.be,si-s-serv503 - Netop Remote Control,Helpdesk général,2021-02-24,09:25:41,00:00:31
stefano.crapanzano@chu.ulg.ac.be,si-s-serv503 - Netop Remote Control,Helpdesk général,2021-02-24,09:26:51,00:00:08
stefano.crapanzano@chu.ulg.ac.be,si-s-serv503 - Netop Remote Control,Helpdesk général,2021-02-24,09:27:25,00:00:06
stefano.crapanzano@chu.ulg.ac.be,si-s-serv503 - Netop Remote Control,Helpdesk général,2021-02-24,09:28:00,00:00:07
stefano.crapanzano@chu.ulg.ac.be,si-s-serv503 - Netop Remote Control,Helpdesk général,2021-02-24,09:28:30,00:00:13
stefano.crapanzano@chu.ulg.ac.be,si-s-serv503 - Netop Remote Control,Helpdesk général,2021-02-24,09:29:18,00:00:02
stefano.crapanzano@chu.ulg.ac.be,si-s-serv503 - Netop Remote Control,Helpdesk général,2021-02-24,09:32:19,00:00:48
stefano.crapanzano@chu.ulg.ac.be,si-s-serv503 - Netop Remote Control,Helpdesk général,2021-02-24,09:33:16,00:00:33
stefano.crapanzano@chu.ulg.ac.be,si-s-serv503 - Netop Remote Control,Helpdesk général,2021-02-24,09:33:51,00:00:04
stefano.crapanzano@chu.ulg.ac.be,si-s-serv503 - Netop Remote Control,Helpdesk général,2021-02-24,09:34:10,00:00:07
stefano.crapanzano@chu.ulg.ac.be,si-s-serv503 - Netop Remote Control,Helpdesk général,2021-02-24,09:38:34,00:00:12
stefano.crapanzano@chu.ulg.ac.be,si-s-serv503 - Netop Remote Control,Helpdesk général,2021-02-24,09:50:41,00:00:03
stefano.crapanzano@chu.ulg.ac.be,si-s-serv503 - Netop Remote Control,Helpdesk général,2021-02-24,10:05:15,00:00:14
stefano.crapanzano@chu.ulg.ac.be,RE: URGENT : Problème de scanning des feuilles de route (FRCHR) au CHR 20210219045110  - Message (HTML),Helpdesk général,2021-02-24,09:27:02,00:00:03
stefano.crapanzano@chu.ulg.ac.be,RE: URGENT : Problème de scanning des feuilles de route (FRCHR) au CHR 20210219045110  - Message (HTML),Helpdesk général,2021-02-24,09:27:08,00:00:15
stefano.crapanzano@chu.ulg.ac.be,RE: URGENT : Problème de scanning des feuilles de route (FRCHR) au CHR 20210219045110  - Message (HTML),Helpdesk général,2021-02-24,09:27:31,00:00:19
stefano.crapanzano@chu.ulg.ac.be,RE: URGENT : Problème de scanning des feuilles de route (FRCHR) au CHR 20210219045110  - Message (HTML),Helpdesk général,2021-02-24,09:40:09,00:00:02
stefano.crapanzano@chu.ulg.ac.be,RE: URGENT : Problème de scanning des feuilles de route (FRCHR) au CHR 20210219045110  - Message (HTML),Helpdesk général,2021-02-24,09:40:14,00:00:44
stefano.crapanzano@chu.ulg.ac.be,RE: URGENT : Problème de scanning des feuilles de route (FRCHR) au CHR 20210219045110  - Message (HTML),Helpdesk général,2021-02-24,09:41:05,00:00:08
stefano.crapanzano@chu.ulg.ac.be,RE: URGENT : Problème de scanning des feuilles de route (FRCHR) au CHR 20210219045110  - Message (HTML),Helpdesk général,2021-02-24,09:41:18,00:00:16
stefano.crapanzano@chu.ulg.ac.be,RE: URGENT : Problème de scanning des feuilles de route (FRCHR) au CHR 20210219045110  - Message (HTML),Helpdesk général,2021-02-24,09:45:22,00:00:21
stefano.crapanzano@chu.ulg.ac.be,RE: URGENT : Problème de scanning des feuilles de route (FRCHR) au CHR 20210219045110  - Message (HTML),Helpdesk général,2021-02-24,09:45:53,00:00:31
stefano.crapanzano@chu.ulg.ac.be,RE: URGENT : Problème de scanning des feuilles de route (FRCHR) au CHR 20210219045110  - Message (HTML),Helpdesk général,2021-02-24,09:46:41,00:00:30
stefano.crapanzano@chu.ulg.ac.be,RE: URGENT : Problème de scanning des feuilles de route (FRCHR) au CHR 20210219045110  - Message (HTML),Helpdesk général,2021-02-24,09:47:12,00:00:49
stefano.crapanzano@chu.ulg.ac.be,RE: URGENT : Problème de scanning des feuilles de route (FRCHR) au CHR 20210219045110  - Message (HTML),Helpdesk général,2021-02-24,09:48:09,00:01:17
stefano.crapanzano@chu.ulg.ac.be,RE: URGENT : Problème de scanning des feuilles de route (FRCHR) au CHR 20210219045110  - Message (HTML),Helpdesk général,2021-02-24,09:52:19,00:00:17
stefano.crapanzano@chu.ulg.ac.be,RE: URGENT : Problème de scanning des feuilles de route (FRCHR) au CHR 20210219045110  - Message (HTML),Helpdesk général,2021-02-24,09:52:44,00:01:05
stefano.crapanzano@chu.ulg.ac.be,RE: URGENT : Problème de scanning des feuilles de route (FRCHR) au CHR 20210219045110  - Message (HTML),Helpdesk général,2021-02-24,09:54:04,00:00:07
stefano.crapanzano@chu.ulg.ac.be,RE: URGENT : Problème de scanning des feuilles de route (FRCHR) au CHR 20210219045110  - Message (HTML),Helpdesk général,2021-02-24,09:56:22,00:00:07
stefano.crapanzano@chu.ulg.ac.be,RE: URGENT : Problème de scanning des feuilles de route (FRCHR) au CHR 20210219045110  - Message (HTML),Helpdesk général,2021-02-24,10:02:40,00:00:47
stefano.crapanzano@chu.ulg.ac.be,RE: URGENT : Problème de scanning des feuilles de route (FRCHR) au CHR 20210219045110  - Message (HTML),Helpdesk général,2021-02-24,10:28:22,00:00:02
stefano.crapanzano@chu.ulg.ac.be,RE: URGENT : Problème de scanning des feuilles de route (FRCHR) au CHR 20210219045110  - Message (HTML),Helpdesk général,2021-02-24,10:28:42,00:00:02
stefano.crapanzano@chu.ulg.ac.be,RE: URGENT : Problème de scanning des feuilles de route (FRCHR) au CHR 20210219045110  - Message (HTML),Helpdesk général,2021-02-24,10:28:46,00:00:40
stefano.crapanzano@chu.ulg.ac.be,RE: URGENT : Problème de scanning des feuilles de route (FRCHR) au CHR 20210219045110  - Message (HTML),Helpdesk général,2021-02-24,10:38:19,00:00:34
stefano.crapanzano@chu.ulg.ac.be,Téléchargement automatique des images,Helpdesk général,2021-02-24,09:27:06,00:00:02
stefano.crapanzano@chu.ulg.ac.be,Téléchargement automatique des images,Helpdesk général,2021-02-24,09:40:12,00:00:02
stefano.crapanzano@chu.ulg.ac.be,Téléchargement automatique des images,Helpdesk général,2021-02-24,09:56:03,00:00:02
stefano.crapanzano@chu.ulg.ac.be,Téléchargement automatique des images,Helpdesk général,2021-02-24,10:02:37,00:00:02
stefano.crapanzano@chu.ulg.ac.be,Orthographe : Français (Belgique),Helpdesk général,2021-02-24,09:27:51,00:00:06
stefano.crapanzano@chu.ulg.ac.be,Orthographe : Français (Belgique),Helpdesk général,2021-02-24,09:48:02,00:00:03
stefano.crapanzano@chu.ulg.ac.be,Orthographe : Anglais (États-Unis),Helpdesk général,2021-02-24,09:27:57,00:00:02
stefano.crapanzano@chu.ulg.ac.be,Microsoft Outlook,Helpdesk général,2021-02-24,09:48:05,00:00:03
stefano.crapanzano@chu.ulg.ac.be,CHR_FRCHR - sftp://kofax@secure.chrcitadelle.be - FileZilla,Helpdesk général,2021-02-24,09:30:19,00:00:06
stefano.crapanzano@chu.ulg.ac.be,CHR_FRCHR - sftp://kofax@secure.chrcitadelle.be - FileZilla,Helpdesk général,2021-02-24,09:36:32,00:00:02
stefano.crapanzano@chu.ulg.ac.be,Gestionnaire de Sites,Helpdesk général,2021-02-24,09:30:25,00:00:03
stefano.crapanzano@chu.ulg.ac.be,Iepacs - sftp://kofaxchu@iepacs.chu.ulg.ac.be - FileZilla,Helpdesk général,2021-02-24,09:30:30,00:00:26
stefano.crapanzano@chu.ulg.ac.be,Iepacs - sftp://kofaxchu@iepacs.chu.ulg.ac.be - FileZilla,Helpdesk général,2021-02-24,09:31:49,00:00:28
stefano.crapanzano@chu.ulg.ac.be,Iepacs - sftp://kofaxchu@iepacs.chu.ulg.ac.be - FileZilla,Helpdesk général,2021-02-24,09:33:08,00:00:05
stefano.crapanzano@chu.ulg.ac.be,Iepacs - sftp://kofaxchu@iepacs.chu.ulg.ac.be - FileZilla,Helpdesk général,2021-02-24,09:33:56,00:00:13
stefano.crapanzano@chu.ulg.ac.be,Iepacs - sftp://kofaxchu@iepacs.chu.ulg.ac.be - FileZilla,Helpdesk général,2021-02-24,09:34:18,00:00:10
stefano.crapanzano@chu.ulg.ac.be,Iepacs - sftp://kofaxchu@iepacs.chu.ulg.ac.be - FileZilla,Helpdesk général,2021-02-24,09:34:34,00:00:02
stefano.crapanzano@chu.ulg.ac.be,Iepacs - sftp://kofaxchu@iepacs.chu.ulg.ac.be - FileZilla,Helpdesk général,2021-02-24,09:35:24,00:00:13
stefano.crapanzano@chu.ulg.ac.be,Iepacs - sftp://kofaxchu@iepacs.chu.ulg.ac.be - FileZilla,Helpdesk général,2021-02-24,09:36:28,00:00:04
stefano.crapanzano@chu.ulg.ac.be,Iepacs - sftp://kofaxchu@iepacs.chu.ulg.ac.be - FileZilla,Helpdesk général,2021-02-24,09:36:37,00:00:05
stefano.crapanzano@chu.ulg.ac.be,Iepacs - sftp://kofaxchu@iepacs.chu.ulg.ac.be - FileZilla,Helpdesk général,2021-02-24,09:38:05,00:00:06
stefano.crapanzano@chu.ulg.ac.be,Iepacs - sftp://kofaxchu@iepacs.chu.ulg.ac.be - FileZilla,Helpdesk général,2021-02-24,09:38:12,00:00:07
stefano.crapanzano@chu.ulg.ac.be,Iepacs - sftp://kofaxchu@iepacs.chu.ulg.ac.be - FileZilla,Helpdesk général,2021-02-24,09:38:22,00:00:10
stefano.crapanzano@chu.ulg.ac.be,Iepacs - sftp://kofaxchu@iepacs.chu.ulg.ac.be - FileZilla,Helpdesk général,2021-02-24,09:38:47,00:00:21
stefano.crapanzano@chu.ulg.ac.be,Iepacs - sftp://kofaxchu@iepacs.chu.ulg.ac.be - FileZilla,Helpdesk général,2021-02-24,09:39:31,00:00:02
stefano.crapanzano@chu.ulg.ac.be,Iepacs - sftp://kofaxchu@iepacs.chu.ulg.ac.be - FileZilla,Helpdesk général,2021-02-24,09:39:37,00:00:13
stefano.crapanzano@chu.ulg.ac.be,Iepacs - sftp://kofaxchu@iepacs.chu.ulg.ac.be - FileZilla,Helpdesk général,2021-02-24,09:39:55,00:00:04
stefano.crapanzano@chu.ulg.ac.be,Iepacs - sftp://kofaxchu@iepacs.chu.ulg.ac.be - FileZilla,Helpdesk général,2021-02-24,09:41:00,00:00:02
stefano.crapanzano@chu.ulg.ac.be,Iepacs - sftp://kofaxchu@iepacs.chu.ulg.ac.be - FileZilla,Helpdesk général,2021-02-24,09:42:32,00:00:07
stefano.crapanzano@chu.ulg.ac.be,Iepacs - sftp://kofaxchu@iepacs.chu.ulg.ac.be - FileZilla,Helpdesk général,2021-02-24,09:43:27,00:00:10
stefano.crapanzano@chu.ulg.ac.be,Iepacs - sftp://kofaxchu@iepacs.chu.ulg.ac.be - FileZilla,Helpdesk général,2021-02-24,09:44:59,00:00:13
stefano.crapanzano@chu.ulg.ac.be,Iepacs - sftp://kofaxchu@iepacs.chu.ulg.ac.be - FileZilla,Helpdesk général,2021-02-24,09:45:17,00:00:02
stefano.crapanzano@chu.ulg.ac.be,Iepacs - sftp://kofaxchu@iepacs.chu.ulg.ac.be - FileZilla,Helpdesk général,2021-02-24,09:45:45,00:00:02
stefano.crapanzano@chu.ulg.ac.be,Iepacs - sftp://kofaxchu@iepacs.chu.ulg.ac.be - FileZilla,Helpdesk général,2021-02-24,09:52:38,00:00:03
stefano.crapanzano@chu.ulg.ac.be,Iepacs - sftp://kofaxchu@iepacs.chu.ulg.ac.be - FileZilla,Helpdesk général,2021-02-24,09:53:51,00:00:08
stefano.crapanzano@chu.ulg.ac.be,Iepacs - sftp://kofaxchu@iepacs.chu.ulg.ac.be - FileZilla,Helpdesk général,2021-02-24,09:54:57,00:00:06
stefano.crapanzano@chu.ulg.ac.be,Iepacs - sftp://kofaxchu@iepacs.chu.ulg.ac.be - FileZilla,Helpdesk général,2021-02-24,09:55:40,00:00:06
stefano.crapanzano@chu.ulg.ac.be,Iepacs - sftp://kofaxchu@iepacs.chu.ulg.ac.be - FileZilla,Helpdesk général,2021-02-24,09:56:46,00:00:02
stefano.crapanzano@chu.ulg.ac.be,Iepacs - sftp://kofaxchu@iepacs.chu.ulg.ac.be - FileZilla,Helpdesk général,2021-02-24,09:57:31,00:00:06
stefano.crapanzano@chu.ulg.ac.be,Iepacs - sftp://kofaxchu@iepacs.chu.ulg.ac.be - FileZilla,Helpdesk général,2021-02-24,09:57:40,00:01:43
stefano.crapanzano@chu.ulg.ac.be,Iepacs - sftp://kofaxchu@iepacs.chu.ulg.ac.be - FileZilla,Helpdesk général,2021-02-24,10:00:10,00:00:09
stefano.crapanzano@chu.ulg.ac.be,Iepacs - sftp://kofaxchu@iepacs.chu.ulg.ac.be - FileZilla,Helpdesk général,2021-02-24,10:00:27,00:00:25
stefano.crapanzano@chu.ulg.ac.be,Iepacs - sftp://kofaxchu@iepacs.chu.ulg.ac.be - FileZilla,Helpdesk général,2021-02-24,10:02:22,00:00:03
stefano.crapanzano@chu.ulg.ac.be,Iepacs - sftp://kofaxchu@iepacs.chu.ulg.ac.be - FileZilla,Helpdesk général,2021-02-24,10:03:49,00:01:15
stefano.crapanzano@chu.ulg.ac.be,Iepacs - sftp://kofaxchu@iepacs.chu.ulg.ac.be - FileZilla,Helpdesk général,2021-02-24,10:13:13,00:00:08
stefano.crapanzano@chu.ulg.ac.be,Iepacs - sftp://kofaxchu@iepacs.chu.ulg.ac.be - FileZilla,Helpdesk général,2021-02-24,10:29:56,00:00:06
stefano.crapanzano@chu.ulg.ac.be,Iepacs - sftp://kofaxchu@iepacs.chu.ulg.ac.be - FileZilla,Helpdesk général,2021-02-24,10:30:03,00:00:06
stefano.crapanzano@chu.ulg.ac.be,Iepacs - sftp://kofaxchu@iepacs.chu.ulg.ac.be - FileZilla,Helpdesk général,2021-02-24,10:30:12,00:00:40
stefano.crapanzano@chu.ulg.ac.be,Iepacs - sftp://kofaxchu@iepacs.chu.ulg.ac.be - FileZilla,Helpdesk général,2021-02-24,10:37:43,00:00:07
stefano.crapanzano@chu.ulg.ac.be,Iepacs - sftp://kofaxchu@iepacs.chu.ulg.ac.be - FileZilla,Helpdesk général,2021-02-24,10:43:05,00:00:08
stefano.crapanzano@chu.ulg.ac.be,Iepacs - sftp://kofaxchu@iepacs.chu.ulg.ac.be - FileZilla,Helpdesk général,2021-02-24,10:46:41,00:00:05
stefano.crapanzano@chu.ulg.ac.be,Iepacs - sftp://kofaxchu@iepacs.chu.ulg.ac.be - FileZilla,Helpdesk général,2021-02-24,10:50:58,00:01:12
stefano.crapanzano@chu.ulg.ac.be,Iepacs - sftp://kofaxchu@iepacs.chu.ulg.ac.be - FileZilla,Helpdesk général,2021-02-24,11:05:24,00:00:38
stefano.crapanzano@chu.ulg.ac.be,Iepacs - sftp://kofaxchu@iepacs.chu.ulg.ac.be - FileZilla,Helpdesk général,2021-02-24,11:22:41,00:21:49
stefano.crapanzano@chu.ulg.ac.be,Iepacs - sftp://kofaxchu@iepacs.chu.ulg.ac.be - FileZilla,Helpdesk général,2021-02-24,11:45:37,00:00:14
stefano.crapanzano@chu.ulg.ac.be,Iepacs - sftp://kofaxchu@iepacs.chu.ulg.ac.be - FileZilla,Helpdesk général,2021-02-24,11:46:56,00:00:15
stefano.crapanzano@chu.ulg.ac.be,Iepacs - sftp://kofaxchu@iepacs.chu.ulg.ac.be - FileZilla,Helpdesk général,2021-02-24,11:48:09,00:00:03
stefano.crapanzano@chu.ulg.ac.be,Iepacs - sftp://kofaxchu@iepacs.chu.ulg.ac.be - FileZilla,Helpdesk général,2021-02-24,11:49:49,00:00:16
stefano.crapanzano@chu.ulg.ac.be,Iepacs - sftp://kofaxchu@iepacs.chu.ulg.ac.be - FileZilla,Helpdesk général,2021-02-24,11:50:08,00:00:05
stefano.crapanzano@chu.ulg.ac.be,Iepacs - sftp://kofaxchu@iepacs.chu.ulg.ac.be - FileZilla,Helpdesk général,2021-02-24,11:50:59,00:00:03
stefano.crapanzano@chu.ulg.ac.be,Iepacs - sftp://kofaxchu@iepacs.chu.ulg.ac.be - FileZilla,Helpdesk général,2021-02-24,11:51:16,00:00:04
stefano.crapanzano@chu.ulg.ac.be,Iepacs - sftp://kofaxchu@iepacs.chu.ulg.ac.be - FileZilla,Helpdesk général,2021-02-24,11:51:53,00:00:02
stefano.crapanzano@chu.ulg.ac.be,Iepacs - sftp://kofaxchu@iepacs.chu.ulg.ac.be - FileZilla,Helpdesk général,2021-02-24,11:52:00,00:00:41
stefano.crapanzano@chu.ulg.ac.be,Iepacs - sftp://kofaxchu@iepacs.chu.ulg.ac.be - FileZilla,Helpdesk général,2021-02-24,11:53:10,00:00:22
stefano.crapanzano@chu.ulg.ac.be,Iepacs - sftp://kofaxchu@iepacs.chu.ulg.ac.be - FileZilla,Helpdesk général,2021-02-24,11:53:41,00:00:11
stefano.crapanzano@chu.ulg.ac.be,Iepacs - sftp://kofaxchu@iepacs.chu.ulg.ac.be - FileZilla,Helpdesk général,2021-02-24,11:53:55,00:01:09
stefano.crapanzano@chu.ulg.ac.be,Iepacs - sftp://kofaxchu@iepacs.chu.ulg.ac.be - FileZilla,Helpdesk général,2021-02-24,11:55:41,00:00:04
stefano.crapanzano@chu.ulg.ac.be,Iepacs - sftp://kofaxchu@iepacs.chu.ulg.ac.be - FileZilla,Helpdesk général,2021-02-24,11:57:50,00:03:33
stefano.crapanzano@chu.ulg.ac.be,Iepacs - sftp://kofaxchu@iepacs.chu.ulg.ac.be - FileZilla,Helpdesk général,2021-02-24,12:01:39,00:00:08
stefano.crapanzano@chu.ulg.ac.be,Iepacs - sftp://kofaxchu@iepacs.chu.ulg.ac.be - FileZilla,Helpdesk général,2021-02-24,12:04:47,00:00:02
stefano.crapanzano@chu.ulg.ac.be,Iepacs - sftp://kofaxchu@iepacs.chu.ulg.ac.be - FileZilla,Helpdesk général,2021-02-24,12:05:02,00:00:04
stefano.crapanzano@chu.ulg.ac.be,Iepacs - sftp://kofaxchu@iepacs.chu.ulg.ac.be - FileZilla,Helpdesk général,2021-02-24,12:06:20,00:02:15
stefano.crapanzano@chu.ulg.ac.be,Iepacs - sftp://kofaxchu@iepacs.chu.ulg.ac.be - FileZilla,Helpdesk général,2021-02-24,12:10:46,00:00:07
stefano.crapanzano@chu.ulg.ac.be,Iepacs - sftp://kofaxchu@iepacs.chu.ulg.ac.be - FileZilla,Helpdesk général,2021-02-24,12:15:29,00:00:40
stefano.crapanzano@chu.ulg.ac.be,Iepacs - sftp://kofaxchu@iepacs.chu.ulg.ac.be - FileZilla,Helpdesk général,2021-02-24,12:16:24,00:00:05
stefano.crapanzano@chu.ulg.ac.be,Iepacs - sftp://kofaxchu@iepacs.chu.ulg.ac.be - FileZilla,Helpdesk général,2021-02-24,12:17:00,00:00:08
stefano.crapanzano@chu.ulg.ac.be,Iepacs - sftp://kofaxchu@iepacs.chu.ulg.ac.be - FileZilla,Helpdesk général,2021-02-24,12:21:05,00:00:18
stefano.crapanzano@chu.ulg.ac.be,Iepacs - sftp://kofaxchu@iepacs.chu.ulg.ac.be - FileZilla,Helpdesk général,2021-02-24,12:21:35,00:00:03
stefano.crapanzano@chu.ulg.ac.be,Iepacs - sftp://kofaxchu@iepacs.chu.ulg.ac.be - FileZilla,Helpdesk général,2021-02-24,12:28:34,00:01:23
stefano.crapanzano@chu.ulg.ac.be,Iepacs - sftp://kofaxchu@iepacs.chu.ulg.ac.be - FileZilla,Helpdesk général,2021-02-24,12:30:01,00:00:22
stefano.crapanzano@chu.ulg.ac.be,Iepacs - sftp://kofaxchu@iepacs.chu.ulg.ac.be - FileZilla,IT,2021-02-24,12:30:25,00:00:02
stefano.crapanzano@chu.ulg.ac.be,console_erpftp - [Racine de la console\Gestion de l’ordinateur (ERPFTP)\Outils système\Planificateur de tâches],IT,2021-02-24,09:34:36,00:00:03
stefano.crapanzano@chu.ulg.ac.be,console_erpftp - [Racine de la console\Gestion de l’ordinateur (ERPFTP)\Outils système\Planificateur de tâches],IT,2021-02-24,09:34:46,00:00:04
stefano.crapanzano@chu.ulg.ac.be,Planificateur de tâches,IT,2021-02-24,09:34:42,00:00:03
stefano.crapanzano@chu.ulg.ac.be,Planificateur de tâches,IT,2021-02-24,11:51:42,00:00:07
stefano.crapanzano@chu.ulg.ac.be,console_erpftp - [Racine de la console\Gestion de l’ordinateur (ERPFTP)\Outils système\Planificateur de tâches\Bibliothèque du Planificateur de tâches],IT,2021-02-24,09:34:52,00:00:31
stefano.crapanzano@chu.ulg.ac.be,console_erpftp - [Racine de la console\Gestion de l’ordinateur (ERPFTP)\Outils système\Planificateur de tâches\Bibliothèque du Planificateur de tâches],IT,2021-02-24,10:28:28,00:00:10
stefano.crapanzano@chu.ulg.ac.be,console_erpftp - [Racine de la console\Gestion de l’ordinateur (ERPFTP)\Outils système\Planificateur de tâches\Bibliothèque du Planificateur de tâches],IT,2021-02-24,11:48:29,00:00:12
stefano.crapanzano@chu.ulg.ac.be,console_erpftp - [Racine de la console\Gestion de l’ordinateur (ERPFTP)\Outils système\Planificateur de tâches\Bibliothèque du Planificateur de tâches],IT,2021-02-24,11:51:21,00:00:03
stefano.crapanzano@chu.ulg.ac.be,console_erpftp - [Racine de la console\Gestion de l’ordinateur (ERPFTP)\Outils système\Planificateur de tâches\Bibliothèque du Planificateur de tâches],IT,2021-02-24,11:51:49,00:00:02
stefano.crapanzano@chu.ulg.ac.be,console_erpftp - [Racine de la console\Gestion de l’ordinateur (ERPFTP)\Outils système\Planificateur de tâches\Bibliothèque du Planificateur de tâches],IT,2021-02-24,11:51:56,00:00:02
stefano.crapanzano@chu.ulg.ac.be,console_erpftp - [Racine de la console\Gestion de l’ordinateur (ERPFTP)\Outils système\Planificateur de tâches\Bibliothèque du Planificateur de tâches],IT,2021-02-24,11:52:43,00:00:27
stefano.crapanzano@chu.ulg.ac.be,console_erpftp - [Racine de la console\Gestion de l’ordinateur (ERPFTP)\Outils système\Planificateur de tâches\Bibliothèque du Planificateur de tâches],IT,2021-02-24,11:53:38,00:00:02
stefano.crapanzano@chu.ulg.ac.be,\\ERPFTP.st.chulg\ERP\Log\Iepacs_file_Pdf-Kofaxchu_FRCHR_Pdf.log - Notepad++ [Administrator],IT,2021-02-24,09:36:11,00:00:14
stefano.crapanzano@chu.ulg.ac.be,\\ERPFTP.st.chulg\ERP\Log\Iepacs_file_Pdf-Kofaxchu_FRCHR_Pdf.log - Notepad++ [Administrator],IT,2021-02-24,09:36:44,00:01:19
stefano.crapanzano@chu.ulg.ac.be,\\ERPFTP.st.chulg\ERP\Log\Iepacs_file_Pdf-Kofaxchu_FRCHR_Pdf.log - Notepad++ [Administrator],IT,2021-02-24,09:38:20,00:00:02
stefano.crapanzano@chu.ulg.ac.be,\\ERPFTP.st.chulg\ERP\Log\Iepacs_file_Pdf-Kofaxchu_FRCHR_Pdf.log - Notepad++ [Administrator],IT,2021-02-24,09:39:12,00:00:04
stefano.crapanzano@chu.ulg.ac.be,\\ERPFTP.st.chulg\ERP\Log\Iepacs_file_Pdf-Kofaxchu_FRCHR_Pdf.log - Notepad++ [Administrator],IT,2021-02-24,09:41:36,00:00:55
stefano.crapanzano@chu.ulg.ac.be,\\ERPFTP.st.chulg\ERP\Log\Iepacs_file_Pdf-Kofaxchu_FRCHR_Pdf.log - Notepad++ [Administrator],IT,2021-02-24,09:42:41,00:00:04
stefano.crapanzano@chu.ulg.ac.be,\\ERPFTP.st.chulg\ERP\Log\Iepacs_file_Pdf-Kofaxchu_FRCHR_Pdf.log - Notepad++ [Administrator],IT,2021-02-24,09:43:20,00:00:04
stefano.crapanzano@chu.ulg.ac.be,\\ERPFTP.st.chulg\ERP\Log\Iepacs_file_Pdf-Kofaxchu_FRCHR_Pdf.log - Notepad++ [Administrator],IT,2021-02-24,09:43:39,00:00:08
stefano.crapanzano@chu.ulg.ac.be,\\ERPFTP.st.chulg\ERP\Log\Iepacs_file_Pdf-Kofaxchu_FRCHR_Pdf.log - Notepad++ [Administrator],IT,2021-02-24,09:43:53,00:00:08
stefano.crapanzano@chu.ulg.ac.be,\\ERPFTP.st.chulg\ERP\Log\Iepacs_file_Pdf-Kofaxchu_FRCHR_Pdf.log - Notepad++ [Administrator],IT,2021-02-24,09:44:05,00:00:37
stefano.crapanzano@chu.ulg.ac.be,\\ERPFTP.st.chulg\ERP\Log\Iepacs_file_Pdf-Kofaxchu_FRCHR_Pdf.log - Notepad++ [Administrator],IT,2021-02-24,09:44:49,00:00:08
stefano.crapanzano@chu.ulg.ac.be,\\ERPFTP.st.chulg\ERP\Log\Iepacs_file_Pdf-Kofaxchu_FRCHR_Pdf.log - Notepad++ [Administrator],IT,2021-02-24,09:55:10,00:00:04
stefano.crapanzano@chu.ulg.ac.be,\\ERPFTP.st.chulg\ERP\Log\Iepacs_file_Pdf-Kofaxchu_FRCHR_Pdf.log - Notepad++ [Administrator],IT,2021-02-24,10:43:16,00:00:12
stefano.crapanzano@chu.ulg.ac.be,\\ERPFTP.st.chulg\ERP\Log\Iepacs_file_Pdf-Kofaxchu_FRCHR_Pdf.log - Notepad++ [Administrator],IT,2021-02-24,10:43:34,00:00:21
stefano.crapanzano@chu.ulg.ac.be,\\ERPFTP.st.chulg\ERP\Log\Iepacs_file_Pdf-Kofaxchu_FRCHR_Pdf.log - Notepad++ [Administrator],IT,2021-02-24,10:44:01,00:00:16
stefano.crapanzano@chu.ulg.ac.be,\\ERPFTP.st.chulg\ERP\Log\Iepacs_file_Pdf-Kofaxchu_FRCHR_Pdf.log - Notepad++ [Administrator],IT,2021-02-24,10:44:54,00:00:07
stefano.crapanzano@chu.ulg.ac.be,\\ERPFTP.st.chulg\ERP\Log\Iepacs_file_Pdf-Kofaxchu_FRCHR_Pdf.log - Notepad++ [Administrator],IT,2021-02-24,10:45:13,00:01:26
stefano.crapanzano@chu.ulg.ac.be,\\ERPFTP.st.chulg\ERP\Log\Iepacs_file_Pdf-Kofaxchu_FRCHR_Pdf.log - Notepad++ [Administrator],IT,2021-02-24,10:46:48,00:00:20
stefano.crapanzano@chu.ulg.ac.be,\\ERPFTP.st.chulg\ERP\Log\Iepacs_file_Pdf-Kofaxchu_FRCHR_Pdf.log - Notepad++ [Administrator],IT,2021-02-24,11:44:31,00:00:08
stefano.crapanzano@chu.ulg.ac.be,\\ERPFTP.st.chulg\ERP\Log\Iepacs_file_Pdf-Kofaxchu_FRCHR_Pdf.log - Notepad++ [Administrator],IT,2021-02-24,11:44:57,00:00:10
stefano.crapanzano@chu.ulg.ac.be,\\ERPFTP.st.chulg\ERP\Log\Iepacs_file_Pdf-Kofaxchu_FRCHR_Pdf.log - Notepad++ [Administrator],IT,2021-02-24,11:45:13,00:00:09
stefano.crapanzano@chu.ulg.ac.be,\\ERPFTP.st.chulg\ERP\Log\Iepacs_file_Pdf-Kofaxchu_FRCHR_Pdf.log - Notepad++ [Administrator],IT,2021-02-24,11:45:53,00:00:08
stefano.crapanzano@chu.ulg.ac.be,\\ERPFTP.st.chulg\ERP\Log\Iepacs_file_Pdf-Kofaxchu_FRCHR_Pdf.log - Notepad++ [Administrator],IT,2021-02-24,11:46:02,00:00:15
stefano.crapanzano@chu.ulg.ac.be,\\ERPFTP.st.chulg\ERP\Log\Iepacs_file_Pdf-Kofaxchu_FRCHR_Pdf.log - Notepad++ [Administrator],IT,2021-02-24,11:46:22,00:00:06
stefano.crapanzano@chu.ulg.ac.be,\\ERPFTP.st.chulg\ERP\Log\Iepacs_file_Pdf-Kofaxchu_FRCHR_Pdf.log - Notepad++ [Administrator],IT,2021-02-24,11:46:29,00:00:16
stefano.crapanzano@chu.ulg.ac.be,\\ERPFTP.st.chulg\ERP\Log\Iepacs_file_Pdf-Kofaxchu_FRCHR_Pdf.log - Notepad++ [Administrator],IT,2021-02-24,11:47:12,00:00:55
stefano.crapanzano@chu.ulg.ac.be,\\ERPFTP.st.chulg\ERP\Log\Iepacs_file_Pdf-Kofaxchu_FRCHR_Pdf.log - Notepad++ [Administrator],IT,2021-02-24,11:48:14,00:00:15
stefano.crapanzano@chu.ulg.ac.be,\\ERPFTP.st.chulg\ERP\Log\Iepacs_file_Pdf-Kofaxchu_FRCHR_Pdf.log - Notepad++ [Administrator],IT,2021-02-24,11:50:17,00:00:14
stefano.crapanzano@chu.ulg.ac.be,\\ERPFTP.st.chulg\ERP\Log\Iepacs_file_Pdf-Kofaxchu_FRCHR_Pdf.log - Notepad++ [Administrator],IT,2021-02-24,11:50:33,00:00:25
stefano.crapanzano@chu.ulg.ac.be,\\ERPFTP.st.chulg\ERP\Log\Iepacs_file_Pdf-Kofaxchu_FRCHR_Pdf.log - Notepad++ [Administrator],IT,2021-02-24,11:51:03,00:00:12
stefano.crapanzano@chu.ulg.ac.be,\\ERPFTP.st.chulg\ERP\Log\Iepacs_file_Pdf-Kofaxchu_FRCHR_Pdf.log - Notepad++ [Administrator],IT,2021-02-24,11:55:07,00:00:29
stefano.crapanzano@chu.ulg.ac.be,\\ERPFTP.st.chulg\ERP\Log\Iepacs_file_Pdf-Kofaxchu_FRCHR_Pdf.log - Notepad++ [Administrator],IT,2021-02-24,12:05:22,00:00:12
stefano.crapanzano@chu.ulg.ac.be,\\ERPFTP.st.chulg\ERP\Log\Iepacs_file_Pdf-Kofaxchu_FRCHR_Pdf.log - Notepad++ [Administrator],IT,2021-02-24,12:05:49,00:00:02
stefano.crapanzano@chu.ulg.ac.be,\\ERPFTP.st.chulg\ERP\Log\Iepacs_file_Pdf-Kofaxchu_FRCHR_Pdf.log - Notepad++ [Administrator],IT,2021-02-24,12:06:00,00:00:14
stefano.crapanzano@chu.ulg.ac.be,\\ERPFTP.st.chulg\ERP\Log\Iepacs_file_Pdf-Kofaxchu_FRCHR_Pdf.log - Notepad++ [Administrator],IT,2021-02-24,12:16:09,00:00:14
stefano.crapanzano@chu.ulg.ac.be,\\ERPFTP.st.chulg\ERP\Log\Iepacs_file_Pdf-Kofaxchu_FRCHR_Pdf.log - Notepad++ [Administrator],IT,2021-02-24,12:16:29,00:00:31
stefano.crapanzano@chu.ulg.ac.be,Confirmation requise,Helpdesk général,2021-02-24,09:39:33,00:00:03
stefano.crapanzano@chu.ulg.ac.be,Rechercher,IT,2021-02-24,09:39:16,00:00:12
stefano.crapanzano@chu.ulg.ac.be,Rechercher,IT,2021-02-24,09:42:45,00:00:34
stefano.crapanzano@chu.ulg.ac.be,Rechercher,IT,2021-02-24,09:43:48,00:00:04
stefano.crapanzano@chu.ulg.ac.be,Rechercher,IT,2021-02-24,09:44:01,00:00:03
stefano.crapanzano@chu.ulg.ac.be,Rechercher,IT,2021-02-24,09:44:42,00:00:07
stefano.crapanzano@chu.ulg.ac.be,Rechercher,IT,2021-02-24,09:55:15,00:00:06
stefano.crapanzano@chu.ulg.ac.be,Rechercher,IT,2021-02-24,10:43:28,00:00:06
stefano.crapanzano@chu.ulg.ac.be,Rechercher,IT,2021-02-24,10:43:55,00:00:06
stefano.crapanzano@chu.ulg.ac.be,Rechercher,IT,2021-02-24,10:44:18,00:00:03
stefano.crapanzano@chu.ulg.ac.be,Rechercher,IT,2021-02-24,10:44:43,00:00:02
stefano.crapanzano@chu.ulg.ac.be,Rechercher,IT,2021-02-24,10:45:11,00:00:02
stefano.crapanzano@chu.ulg.ac.be,Rechercher,IT,2021-02-24,11:44:39,00:00:18
stefano.crapanzano@chu.ulg.ac.be,Rechercher,IT,2021-02-24,11:45:08,00:00:04
stefano.crapanzano@chu.ulg.ac.be,Rechercher,IT,2021-02-24,11:45:23,00:00:14
stefano.crapanzano@chu.ulg.ac.be,Rechercher,IT,2021-02-24,11:46:46,00:00:08
stefano.crapanzano@chu.ulg.ac.be,Greenshot capture form,Helpdesk général,2021-02-24,09:39:50,00:00:04
stefano.crapanzano@chu.ulg.ac.be,Greenshot capture form,Helpdesk général,2021-02-24,09:39:59,00:00:06
stefano.crapanzano@chu.ulg.ac.be,Greenshot capture form,Helpdesk général,2021-02-24,09:45:12,00:00:05
stefano.crapanzano@chu.ulg.ac.be,Greenshot capture form,Helpdesk général,2021-02-24,09:45:47,00:00:05
stefano.crapanzano@chu.ulg.ac.be,Greenshot capture form,Helpdesk général,2021-02-24,10:02:25,00:00:05
stefano.crapanzano@chu.ulg.ac.be,Greenshot capture form,Helpdesk général,2021-02-24,10:08:16,00:00:05
stefano.crapanzano@chu.ulg.ac.be,Greenshot capture form,Helpdesk général,2021-02-24,10:10:29,00:00:04
stefano.crapanzano@chu.ulg.ac.be,Boîte de Réception - Zimbra - Stefano Crapanzano - Outlook,Helpdesk général,2021-02-24,09:49:45,00:00:03
stefano.crapanzano@chu.ulg.ac.be,Boîte de Réception - Zimbra - Stefano Crapanzano - Outlook,Helpdesk général,2021-02-24,10:29:31,00:00:10
stefano.crapanzano@chu.ulg.ac.be,Boîte de Réception - Zimbra - Stefano Crapanzano - Outlook,Helpdesk général,2021-02-24,10:37:41,00:00:02
stefano.crapanzano@chu.ulg.ac.be,Boîte de Réception - Zimbra - Stefano Crapanzano - Outlook,Helpdesk général,2021-02-24,10:37:50,00:00:13
stefano.crapanzano@chu.ulg.ac.be,Boîte de Réception - Zimbra - Stefano Crapanzano - Outlook,Helpdesk général,2021-02-24,10:49:54,00:00:08
stefano.crapanzano@chu.ulg.ac.be,Boîte de Réception - Zimbra - Stefano Crapanzano - Outlook,Helpdesk général,2021-02-24,12:08:39,00:00:03
stefano.crapanzano@chu.ulg.ac.be,Boîte de Réception - Zimbra - Stefano Crapanzano - Outlook,Helpdesk général,2021-02-24,12:10:58,00:00:04
stefano.crapanzano@chu.ulg.ac.be,Boîte de Réception - Zimbra - Stefano Crapanzano - Outlook,Helpdesk général,2021-02-24,12:17:13,00:00:02
stefano.crapanzano@chu.ulg.ac.be,Boîte de Réception - Zimbra - Stefano Crapanzano - Outlook,Helpdesk général,2021-02-24,12:21:27,00:00:02
stefano.crapanzano@chu.ulg.ac.be,RE: Scanning feuilles de route CHR - Message (HTML) (Lecture seule),Helpdesk général,2021-02-24,09:56:52,00:00:09
stefano.crapanzano@chu.ulg.ac.be,SAP GUI for Windows 750,Helpdesk général,2021-02-24,12:10:25,00:00:03
stefano.crapanzano@chu.ulg.ac.be,SAP Logon 750,Exploration SAP,2021-02-24,10:07:40,00:00:02
stefano.crapanzano@chu.ulg.ac.be,SAP Easy Access Menu de base Applications financières-économiques,Exploration SAP,2021-02-24,10:07:42,00:00:07
stefano.crapanzano@chu.ulg.ac.be,SAPconnect : ordres d'envoi de 23.02.2021 à 24.02.2021,Exploration SAP,2021-02-24,10:07:49,00:00:09
stefano.crapanzano@chu.ulg.ac.be,SAPconnect : ordres d'envoi de 23.02.2021 à 24.02.2021,Exploration SAP,2021-02-24,10:08:04,00:00:03
stefano.crapanzano@chu.ulg.ac.be,Définir valeurs pour critères de filtre,Exploration SAP,2021-02-24,10:07:59,00:00:04
stefano.crapanzano@chu.ulg.ac.be,Définir valeurs pour critères de filtre,Exploration SAP,2021-02-24,10:10:17,00:00:03
stefano.crapanzano@chu.ulg.ac.be,SAPconnect : ordres d'envoi de 10.02.2021 à 24.02.2021,Exploration SAP,2021-02-24,10:08:07,00:00:08
stefano.crapanzano@chu.ulg.ac.be,SAPconnect : ordres d'envoi de 10.02.2021 à 24.02.2021,Exploration SAP,2021-02-24,10:10:12,00:00:04
stefano.crapanzano@chu.ulg.ac.be,SAPconnect : ordres d'envoi de 10.02.2021 à 24.02.2021,Exploration SAP,2021-02-24,10:10:20,00:00:03
stefano.crapanzano@chu.ulg.ac.be,Re: GERA-SAP : demande de vérification SAP - Message (HTML),Helpdesk général,2021-02-24,10:08:26,00:00:02
stefano.crapanzano@chu.ulg.ac.be,Re: GERA-SAP : demande de vérification SAP - Message (HTML),Helpdesk général,2021-02-24,10:11:11,00:00:02
stefano.crapanzano@chu.ulg.ac.be,RE: GERA-SAP : demande de vérification SAP - Message (HTML),Helpdesk général,2021-02-24,10:08:30,00:00:36
stefano.crapanzano@chu.ulg.ac.be,RE: GERA-SAP : demande de vérification SAP - Message (HTML),Helpdesk général,2021-02-24,10:09:11,00:00:50
stefano.crapanzano@chu.ulg.ac.be,RE: GERA-SAP : demande de vérification SAP - Message (HTML),Helpdesk général,2021-02-24,10:10:04,00:00:07
stefano.crapanzano@chu.ulg.ac.be,RE: GERA-SAP : demande de vérification SAP - Message (HTML),Helpdesk général,2021-02-24,10:10:24,00:00:03
stefano.crapanzano@chu.ulg.ac.be,RE: GERA-SAP : demande de vérification SAP - Message (HTML),Helpdesk général,2021-02-24,10:10:36,00:00:25
stefano.crapanzano@chu.ulg.ac.be,Drafts - erp.sai@chuliege.be - Outlook,Helpdesk général,2021-02-24,10:40:13,00:00:09
stefano.crapanzano@chu.ulg.ac.be,Drafts - erp.sai@chuliege.be - Outlook,Helpdesk général,2021-02-24,10:40:57,00:00:06
stefano.crapanzano@chu.ulg.ac.be,SAM - DB - Google Chrome,Tâches diverses,2021-02-24,10:48:11,00:00:03
stefano.crapanzano@chu.ulg.ac.be,SAM - DB - Google Chrome,Tâches diverses,2021-02-24,10:48:18,00:00:04
stefano.crapanzano@chu.ulg.ac.be,Identification - Google Chrome,Tâches diverses,2021-02-24,10:48:14,00:00:03
stefano.crapanzano@chu.ulg.ac.be,P203 CHU Suite du ticket SDERP-13761 Mise à jour SAP GUI 760 Patch 4 - Bienvenue! Vous pouvez poser une demande de Service Desk ERP for HealthCare parmi les options fournies. - Service d'assistance - Google Chrome,Tâches diverses,2021-02-24,10:48:23,00:00:07
stefano.crapanzano@chu.ulg.ac.be,Demandes - Service d'assistance - Google Chrome,Tâches diverses,2021-02-24,10:48:30,00:00:08
stefano.crapanzano@chu.ulg.ac.be,Demandes - Service d'assistance - Google Chrome,Tâches diverses,2021-02-24,10:48:46,00:01:06
stefano.crapanzano@chu.ulg.ac.be,Demandes - Service d'assistance - Google Chrome,Tâches diverses,2021-02-24,10:50:38,00:00:03
stefano.crapanzano@chu.ulg.ac.be,Demandes - Service d'assistance - Google Chrome,Tâches diverses,2021-02-24,10:50:53,00:00:04
stefano.crapanzano@chu.ulg.ac.be,Demandes - Service d'assistance - Google Chrome,Tâches diverses,2021-02-24,10:52:10,00:00:03
stefano.crapanzano@chu.ulg.ac.be,Demandes - Service d'assistance - Google Chrome,Tâches diverses,2021-02-24,11:08:02,00:00:02
stefano.crapanzano@chu.ulg.ac.be,Demandes - Service d'assistance - Google Chrome,Tâches diverses,2021-02-24,11:08:10,00:00:02
stefano.crapanzano@chu.ulg.ac.be,Demandes - Service d'assistance - Google Chrome,Tâches diverses,2021-02-24,12:06:14,00:00:02
stefano.crapanzano@chu.ulg.ac.be,Demandes - Service d'assistance - Google Chrome,Tâches diverses,2021-02-24,12:21:33,00:00:02
stefano.crapanzano@chu.ulg.ac.be,P203 Mise à jour des dates d'affectation dans PPOMA en fonction des modifications des dates de validité de licence ERP4HC - Bienvenue! Vous pouvez poser une demande de Service Desk ERP for HealthCare parmi les options fournies. - Service d'assistance - Google Chrome,Tâches diverses,2021-02-24,10:48:38,00:00:07
stefano.crapanzano@chu.ulg.ac.be,Greenshot Éditeur d'Image,Helpdesk général,2021-02-24,10:50:44,00:00:03
stefano.crapanzano@chu.ulg.ac.be,Nouvel onglet - Google Chrome,Tâches diverses,2021-02-24,11:08:04,00:00:06
stefano.crapanzano@chu.ulg.ac.be,Propriétés de Iepacs_file_Pdf-Kofaxchu_FRCHR_Pdf (erpftp),IT,2021-02-24,11:48:41,00:00:24
stefano.crapanzano@chu.ulg.ac.be,Propriétés de Iepacs_file_Pdf-Kofaxchu_FRCHR_Pdf (erpftp),IT,2021-02-24,11:51:25,00:00:03
stefano.crapanzano@chu.ulg.ac.be,Propriétés de Iepacs_file_Pdf-Kofaxchu_FRCHR_Pdf (erpftp),IT,2021-02-24,11:51:39,00:00:02
stefano.crapanzano@chu.ulg.ac.be,Modifier le déclencheur,IT,2021-02-24,11:49:05,00:00:40
stefano.crapanzano@chu.ulg.ac.be,Modifier le déclencheur,IT,2021-02-24,11:51:29,00:00:10
stefano.crapanzano@chu.ulg.ac.be,INSTITUTIONNEL: Dernière semaine de vaccination - Message (Texte brut),Helpdesk général,2021-02-24,12:04:03,00:00:43
