Email,Description,Project,Start date,Start time,Duration
stefano.crapanzano@chu.ulg.ac.be,Administrateur : C:\Windows\System32\cmd.exe - python  main.py,IT,2021-03-31,08:33:18,00:00:04
stefano.crapanzano@chu.ulg.ac.be,Navigation système de fichier,IT,2021-03-31,08:40:53,00:00:02
stefano.crapanzano@chu.ulg.ac.be,Navigation système de fichier,IT,2021-03-31,08:42:25,00:00:03
stefano.crapanzano@chu.ulg.ac.be,Navigation système de fichier,IT,2021-03-31,08:44:03,00:01:17
stefano.crapanzano@chu.ulg.ac.be,Navigation système de fichier,IT,2021-03-31,08:45:50,00:00:05
stefano.crapanzano@chu.ulg.ac.be,Navigation système de fichier,IT,2021-03-31,08:46:02,00:00:06
stefano.crapanzano@chu.ulg.ac.be,Navigation système de fichier,IT,2021-03-31,08:49:10,00:00:02
stefano.crapanzano@chu.ulg.ac.be,Navigation système de fichier,IT,2021-03-31,08:55:02,00:00:02
stefano.crapanzano@chu.ulg.ac.be,Navigation système de fichier,IT,2021-03-31,08:59:39,00:00:02
stefano.crapanzano@chu.ulg.ac.be,Navigation système de fichier,IT,2021-03-31,09:00:00,00:00:05
stefano.crapanzano@chu.ulg.ac.be,Navigation système de fichier,IT,2021-03-31,09:00:35,00:00:02
stefano.crapanzano@chu.ulg.ac.be,Navigation système de fichier,IT,2021-03-31,09:00:39,00:00:02
stefano.crapanzano@chu.ulg.ac.be,Navigation système de fichier,IT,2021-03-31,09:00:42,00:00:04
stefano.crapanzano@chu.ulg.ac.be,Navigation système de fichier,IT,2021-03-31,09:03:44,00:00:02
stefano.crapanzano@chu.ulg.ac.be,Navigation système de fichier,IT,2021-03-31,09:05:22,00:00:03
stefano.crapanzano@chu.ulg.ac.be,Navigation système de fichier,IT,2021-03-31,09:05:27,00:00:02
stefano.crapanzano@chu.ulg.ac.be,Navigation système de fichier,IT,2021-03-31,09:06:41,00:00:03
stefano.crapanzano@chu.ulg.ac.be,Navigation système de fichier,IT,2021-03-31,09:07:09,00:00:03
stefano.crapanzano@chu.ulg.ac.be,Navigation système de fichier,IT,2021-03-31,09:07:42,00:00:02
stefano.crapanzano@chu.ulg.ac.be,Navigation système de fichier,IT,2021-03-31,09:09:51,00:00:07
stefano.crapanzano@chu.ulg.ac.be,Navigation système de fichier,IT,2021-03-31,09:13:31,00:00:02
stefano.crapanzano@chu.ulg.ac.be,Navigation système de fichier,IT,2021-03-31,09:14:24,00:00:02
stefano.crapanzano@chu.ulg.ac.be,Navigation système de fichier,IT,2021-03-31,09:14:43,00:00:02
stefano.crapanzano@chu.ulg.ac.be,Navigation système de fichier,IT,2021-03-31,09:15:22,00:00:03
stefano.crapanzano@chu.ulg.ac.be,Navigation système de fichier,IT,2021-03-31,09:16:46,00:00:03
stefano.crapanzano@chu.ulg.ac.be,Navigation système de fichier,IT,2021-03-31,09:16:57,00:00:02
stefano.crapanzano@chu.ulg.ac.be,Navigation système de fichier,IT,2021-03-31,09:18:47,00:00:02
stefano.crapanzano@chu.ulg.ac.be,Navigation système de fichier,IT,2021-03-31,09:21:46,00:00:04
stefano.crapanzano@chu.ulg.ac.be,Navigation système de fichier,IT,2021-03-31,09:21:56,00:00:07
stefano.crapanzano@chu.ulg.ac.be,Navigation système de fichier,IT,2021-03-31,09:22:11,00:00:03
stefano.crapanzano@chu.ulg.ac.be,Navigation système de fichier,IT,2021-03-31,09:22:55,00:00:06
stefano.crapanzano@chu.ulg.ac.be,Navigation système de fichier,IT,2021-03-31,10:01:20,00:00:03
stefano.crapanzano@chu.ulg.ac.be,Navigation système de fichier,IT,2021-03-31,10:05:13,00:00:02
stefano.crapanzano@chu.ulg.ac.be,Navigation système de fichier,IT,2021-03-31,10:10:44,00:00:03
stefano.crapanzano@chu.ulg.ac.be,Navigation système de fichier,IT,2021-03-31,10:35:35,00:00:02
stefano.crapanzano@chu.ulg.ac.be,Navigation système de fichier,IT,2021-03-31,11:05:38,00:00:02
stefano.crapanzano@chu.ulg.ac.be,Navigation système de fichier,IT,2021-03-31,11:05:54,00:00:03
stefano.crapanzano@chu.ulg.ac.be,Navigation système de fichier,IT,2021-03-31,11:06:10,00:00:03
stefano.crapanzano@chu.ulg.ac.be,Navigation système de fichier,IT,2021-03-31,11:17:06,00:00:02
stefano.crapanzano@chu.ulg.ac.be,Navigation système de fichier,IT,2021-03-31,11:59:59,00:00:02
stefano.crapanzano@chu.ulg.ac.be,Navigation système de fichier,IT,2021-03-31,12:00:13,00:00:02
stefano.crapanzano@chu.ulg.ac.be,Navigation système de fichier,IT,2021-03-31,12:53:06,00:00:06
stefano.crapanzano@chu.ulg.ac.be,Navigation système de fichier,IT,2021-03-31,13:03:30,00:00:14
stefano.crapanzano@chu.ulg.ac.be,Navigation système de fichier,IT,2021-03-31,13:04:12,00:00:21
stefano.crapanzano@chu.ulg.ac.be,Navigation système de fichier,IT,2021-03-31,13:04:37,00:00:02
stefano.crapanzano@chu.ulg.ac.be,Navigation système de fichier,IT,2021-03-31,13:11:31,00:00:03
stefano.crapanzano@chu.ulg.ac.be,Navigation système de fichier,IT,2021-03-31,13:12:11,00:00:03
stefano.crapanzano@chu.ulg.ac.be,Navigation système de fichier,IT,2021-03-31,13:21:46,00:00:02
stefano.crapanzano@chu.ulg.ac.be,Navigation système de fichier,IT,2021-03-31,13:36:21,00:00:04
stefano.crapanzano@chu.ulg.ac.be,Navigation système de fichier,IT,2021-03-31,13:37:30,00:00:02
stefano.crapanzano@chu.ulg.ac.be,Navigation système de fichier,IT,2021-03-31,13:47:44,00:00:08
stefano.crapanzano@chu.ulg.ac.be,Navigation système de fichier,IT,2021-03-31,13:48:09,00:00:05
stefano.crapanzano@chu.ulg.ac.be,Navigation système de fichier,IT,2021-03-31,13:48:41,00:00:02
stefano.crapanzano@chu.ulg.ac.be,Navigation système de fichier,IT,2021-03-31,13:50:21,00:00:03
stefano.crapanzano@chu.ulg.ac.be,Navigation système de fichier,IT,2021-03-31,13:50:42,00:00:03
stefano.crapanzano@chu.ulg.ac.be,Navigation système de fichier,IT,2021-03-31,13:51:30,00:00:07
stefano.crapanzano@chu.ulg.ac.be,Navigation système de fichier,IT,2021-03-31,13:52:25,00:00:13
stefano.crapanzano@chu.ulg.ac.be,Navigation système de fichier,IT,2021-03-31,13:52:40,00:00:02
stefano.crapanzano@chu.ulg.ac.be,Navigation système de fichier,IT,2021-03-31,13:52:52,00:00:05
stefano.crapanzano@chu.ulg.ac.be,Navigation système de fichier,IT,2021-03-31,13:53:01,00:00:03
stefano.crapanzano@chu.ulg.ac.be,Navigation système de fichier,IT,2021-03-31,13:53:53,00:00:02
stefano.crapanzano@chu.ulg.ac.be,Navigation système de fichier,IT,2021-03-31,13:54:02,00:00:03
stefano.crapanzano@chu.ulg.ac.be,Navigation système de fichier,IT,2021-03-31,13:54:38,00:00:02
stefano.crapanzano@chu.ulg.ac.be,Navigation système de fichier,IT,2021-03-31,13:54:52,00:00:05
stefano.crapanzano@chu.ulg.ac.be,Navigation système de fichier,IT,2021-03-31,13:55:22,00:00:04
stefano.crapanzano@chu.ulg.ac.be,Navigation système de fichier,IT,2021-03-31,13:56:45,00:00:03
stefano.crapanzano@chu.ulg.ac.be,Navigation système de fichier,IT,2021-03-31,13:56:58,00:00:07
stefano.crapanzano@chu.ulg.ac.be,Navigation système de fichier,IT,2021-03-31,13:57:09,00:00:03
stefano.crapanzano@chu.ulg.ac.be,Navigation système de fichier,IT,2021-03-31,13:59:03,00:00:02
stefano.crapanzano@chu.ulg.ac.be,Navigation système de fichier,IT,2021-03-31,13:59:55,00:00:02
stefano.crapanzano@chu.ulg.ac.be,Navigation système de fichier,IT,2021-03-31,14:00:16,00:00:04
stefano.crapanzano@chu.ulg.ac.be,Navigation système de fichier,IT,2021-03-31,14:00:31,00:00:05
stefano.crapanzano@chu.ulg.ac.be,Navigation système de fichier,IT,2021-03-31,14:01:02,00:00:04
stefano.crapanzano@chu.ulg.ac.be,Navigation système de fichier,IT,2021-03-31,14:09:37,00:00:03
stefano.crapanzano@chu.ulg.ac.be,Navigation système de fichier,IT,2021-03-31,14:09:42,00:00:02
stefano.crapanzano@chu.ulg.ac.be,Navigation système de fichier,IT,2021-03-31,14:10:55,00:00:02
stefano.crapanzano@chu.ulg.ac.be,Navigation système de fichier,IT,2021-03-31,14:11:48,00:00:02
stefano.crapanzano@chu.ulg.ac.be,Navigation système de fichier,IT,2021-03-31,14:12:03,00:00:03
stefano.crapanzano@chu.ulg.ac.be,Navigation système de fichier,IT,2021-03-31,14:13:14,00:00:02
stefano.crapanzano@chu.ulg.ac.be,Navigation système de fichier,IT,2021-03-31,14:14:26,00:00:02
stefano.crapanzano@chu.ulg.ac.be,Navigation système de fichier,IT,2021-03-31,14:15:02,00:00:04
stefano.crapanzano@chu.ulg.ac.be,Navigation système de fichier,IT,2021-03-31,14:15:09,00:00:38
stefano.crapanzano@chu.ulg.ac.be,Navigation système de fichier,IT,2021-03-31,14:16:03,00:00:17
stefano.crapanzano@chu.ulg.ac.be,Navigation système de fichier,IT,2021-03-31,14:16:24,00:00:06
stefano.crapanzano@chu.ulg.ac.be,Navigation système de fichier,IT,2021-03-31,14:16:33,00:00:02
stefano.crapanzano@chu.ulg.ac.be,Navigation système de fichier,IT,2021-03-31,14:17:47,00:00:03
stefano.crapanzano@chu.ulg.ac.be,Navigation système de fichier,IT,2021-03-31,14:17:58,00:00:06
stefano.crapanzano@chu.ulg.ac.be,Navigation système de fichier,IT,2021-03-31,14:18:43,00:00:05
stefano.crapanzano@chu.ulg.ac.be,Navigation système de fichier,IT,2021-03-31,14:21:55,00:00:05
stefano.crapanzano@chu.ulg.ac.be,Navigation système de fichier,IT,2021-03-31,14:22:51,00:00:02
stefano.crapanzano@chu.ulg.ac.be,Navigation système de fichier,IT,2021-03-31,14:23:46,00:00:24
stefano.crapanzano@chu.ulg.ac.be,Navigation système de fichier,IT,2021-03-31,14:25:13,00:00:03
stefano.crapanzano@chu.ulg.ac.be,Navigation système de fichier,IT,2021-03-31,14:43:18,00:00:13
stefano.crapanzano@chu.ulg.ac.be,Navigation système de fichier,IT,2021-03-31,14:43:32,00:00:02
stefano.crapanzano@chu.ulg.ac.be,Navigation système de fichier,IT,2021-03-31,14:53:05,00:00:02
stefano.crapanzano@chu.ulg.ac.be,Navigation système de fichier,IT,2021-03-31,14:54:57,00:00:02
stefano.crapanzano@chu.ulg.ac.be,Navigation système de fichier,IT,2021-03-31,14:56:26,00:00:02
stefano.crapanzano@chu.ulg.ac.be,Navigation système de fichier,IT,2021-03-31,14:58:50,00:00:02
stefano.crapanzano@chu.ulg.ac.be,Navigation système de fichier,IT,2021-03-31,14:58:59,00:00:02
stefano.crapanzano@chu.ulg.ac.be,Navigation système de fichier,IT,2021-03-31,16:20:22,00:00:02
stefano.crapanzano@chu.ulg.ac.be,Navigation système de fichier,IT,2021-03-31,16:29:33,00:00:02
stefano.crapanzano@chu.ulg.ac.be,Navigation système de fichier,IT,2021-03-31,16:41:51,00:00:03
stefano.crapanzano@chu.ulg.ac.be,Navigation système de fichier,IT,2021-03-31,16:54:22,00:00:02
stefano.crapanzano@chu.ulg.ac.be,Boîte de réception - erp.sai@chuliege.be - Outlook,Helpdesk général,2021-03-31,08:33:23,00:04:31
stefano.crapanzano@chu.ulg.ac.be,Boîte de réception - erp.sai@chuliege.be - Outlook,Helpdesk général,2021-03-31,08:38:28,00:00:04
stefano.crapanzano@chu.ulg.ac.be,Boîte de réception - erp.sai@chuliege.be - Outlook,Helpdesk général,2021-03-31,08:38:38,00:00:02
stefano.crapanzano@chu.ulg.ac.be,Boîte de réception - erp.sai@chuliege.be - Outlook,Helpdesk général,2021-03-31,08:38:48,00:00:02
stefano.crapanzano@chu.ulg.ac.be,Boîte de réception - erp.sai@chuliege.be - Outlook,Helpdesk général,2021-03-31,08:39:03,00:00:25
stefano.crapanzano@chu.ulg.ac.be,Boîte de réception - erp.sai@chuliege.be - Outlook,Helpdesk général,2021-03-31,08:45:20,00:00:04
stefano.crapanzano@chu.ulg.ac.be,Boîte de réception - erp.sai@chuliege.be - Outlook,Helpdesk général,2021-03-31,08:54:41,00:00:20
stefano.crapanzano@chu.ulg.ac.be,Boîte de réception - erp.sai@chuliege.be - Outlook,Helpdesk général,2021-03-31,08:56:09,00:00:10
stefano.crapanzano@chu.ulg.ac.be,Boîte de réception - erp.sai@chuliege.be - Outlook,Helpdesk général,2021-03-31,08:58:06,00:00:03
stefano.crapanzano@chu.ulg.ac.be,Boîte de réception - erp.sai@chuliege.be - Outlook,Helpdesk général,2021-03-31,09:03:20,00:00:23
stefano.crapanzano@chu.ulg.ac.be,Boîte de réception - erp.sai@chuliege.be - Outlook,Helpdesk général,2021-03-31,09:04:51,00:00:05
stefano.crapanzano@chu.ulg.ac.be,Boîte de réception - erp.sai@chuliege.be - Outlook,Helpdesk général,2021-03-31,09:06:33,00:00:02
stefano.crapanzano@chu.ulg.ac.be,Boîte de réception - erp.sai@chuliege.be - Outlook,Helpdesk général,2021-03-31,09:07:12,00:00:02
stefano.crapanzano@chu.ulg.ac.be,Boîte de réception - erp.sai@chuliege.be - Outlook,Helpdesk général,2021-03-31,09:14:31,00:00:08
stefano.crapanzano@chu.ulg.ac.be,Boîte de réception - erp.sai@chuliege.be - Outlook,Helpdesk général,2021-03-31,09:14:45,00:00:10
stefano.crapanzano@chu.ulg.ac.be,Boîte de réception - erp.sai@chuliege.be - Outlook,Helpdesk général,2021-03-31,09:18:50,00:00:12
stefano.crapanzano@chu.ulg.ac.be,Boîte de réception - erp.sai@chuliege.be - Outlook,Helpdesk général,2021-03-31,09:21:07,00:00:06
stefano.crapanzano@chu.ulg.ac.be,Boîte de réception - erp.sai@chuliege.be - Outlook,Helpdesk général,2021-03-31,09:23:20,00:00:07
stefano.crapanzano@chu.ulg.ac.be,Boîte de réception - erp.sai@chuliege.be - Outlook,Helpdesk général,2021-03-31,09:26:28,00:04:50
stefano.crapanzano@chu.ulg.ac.be,Boîte de réception - erp.sai@chuliege.be - Outlook,Helpdesk général,2021-03-31,09:33:40,00:04:55
stefano.crapanzano@chu.ulg.ac.be,Boîte de réception - erp.sai@chuliege.be - Outlook,Helpdesk général,2021-03-31,09:38:38,00:00:16
stefano.crapanzano@chu.ulg.ac.be,Boîte de réception - erp.sai@chuliege.be - Outlook,Helpdesk général,2021-03-31,09:39:21,00:01:48
stefano.crapanzano@chu.ulg.ac.be,Boîte de réception - erp.sai@chuliege.be - Outlook,Helpdesk général,2021-03-31,09:48:01,00:09:47
stefano.crapanzano@chu.ulg.ac.be,Boîte de réception - erp.sai@chuliege.be - Outlook,Helpdesk général,2021-03-31,09:58:31,00:01:21
stefano.crapanzano@chu.ulg.ac.be,Boîte de réception - erp.sai@chuliege.be - Outlook,Helpdesk général,2021-03-31,10:00:08,00:00:04
stefano.crapanzano@chu.ulg.ac.be,Boîte de réception - erp.sai@chuliege.be - Outlook,Helpdesk général,2021-03-31,10:00:26,00:00:10
stefano.crapanzano@chu.ulg.ac.be,Boîte de réception - erp.sai@chuliege.be - Outlook,Helpdesk général,2021-03-31,10:01:23,00:00:08
stefano.crapanzano@chu.ulg.ac.be,Boîte de réception - erp.sai@chuliege.be - Outlook,Helpdesk général,2021-03-31,10:01:37,00:01:00
stefano.crapanzano@chu.ulg.ac.be,Boîte de réception - erp.sai@chuliege.be - Outlook,Helpdesk général,2021-03-31,10:05:15,00:03:01
stefano.crapanzano@chu.ulg.ac.be,Boîte de réception - erp.sai@chuliege.be - Outlook,Helpdesk général,2021-03-31,10:09:00,00:00:44
stefano.crapanzano@chu.ulg.ac.be,Boîte de réception - erp.sai@chuliege.be - Outlook,Helpdesk général,2021-03-31,10:13:48,00:00:24
stefano.crapanzano@chu.ulg.ac.be,Boîte de réception - erp.sai@chuliege.be - Outlook,Helpdesk général,2021-03-31,10:15:27,00:01:44
stefano.crapanzano@chu.ulg.ac.be,Boîte de réception - erp.sai@chuliege.be - Outlook,Helpdesk général,2021-03-31,10:17:15,00:08:04
stefano.crapanzano@chu.ulg.ac.be,Boîte de réception - erp.sai@chuliege.be - Outlook,Helpdesk général,2021-03-31,10:27:13,00:00:10
stefano.crapanzano@chu.ulg.ac.be,Boîte de réception - erp.sai@chuliege.be - Outlook,Helpdesk général,2021-03-31,10:27:31,00:00:09
stefano.crapanzano@chu.ulg.ac.be,Boîte de réception - erp.sai@chuliege.be - Outlook,Helpdesk général,2021-03-31,10:29:21,00:01:09
stefano.crapanzano@chu.ulg.ac.be,Boîte de réception - erp.sai@chuliege.be - Outlook,Helpdesk général,2021-03-31,10:35:40,00:00:10
stefano.crapanzano@chu.ulg.ac.be,Boîte de réception - erp.sai@chuliege.be - Outlook,Helpdesk général,2021-03-31,10:36:06,00:00:37
stefano.crapanzano@chu.ulg.ac.be,Boîte de réception - erp.sai@chuliege.be - Outlook,Helpdesk général,2021-03-31,10:36:54,00:00:03
stefano.crapanzano@chu.ulg.ac.be,Boîte de réception - erp.sai@chuliege.be - Outlook,Helpdesk général,2021-03-31,10:36:59,00:01:45
stefano.crapanzano@chu.ulg.ac.be,Boîte de réception - erp.sai@chuliege.be - Outlook,Helpdesk général,2021-03-31,10:38:48,00:00:09
stefano.crapanzano@chu.ulg.ac.be,Boîte de réception - erp.sai@chuliege.be - Outlook,Helpdesk général,2021-03-31,10:39:58,00:00:08
stefano.crapanzano@chu.ulg.ac.be,Boîte de réception - erp.sai@chuliege.be - Outlook,Helpdesk général,2021-03-31,10:40:27,00:06:13
stefano.crapanzano@chu.ulg.ac.be,Boîte de réception - erp.sai@chuliege.be - Outlook,Helpdesk général,2021-03-31,10:46:53,00:10:49
stefano.crapanzano@chu.ulg.ac.be,Boîte de réception - erp.sai@chuliege.be - Outlook,Helpdesk général,2021-03-31,11:05:40,00:00:03
stefano.crapanzano@chu.ulg.ac.be,Boîte de réception - erp.sai@chuliege.be - Outlook,Helpdesk général,2021-03-31,11:06:03,00:00:03
stefano.crapanzano@chu.ulg.ac.be,Boîte de réception - erp.sai@chuliege.be - Outlook,Helpdesk général,2021-03-31,11:06:13,00:00:02
stefano.crapanzano@chu.ulg.ac.be,Boîte de réception - erp.sai@chuliege.be - Outlook,Helpdesk général,2021-03-31,11:06:18,00:00:04
stefano.crapanzano@chu.ulg.ac.be,Boîte de réception - erp.sai@chuliege.be - Outlook,Helpdesk général,2021-03-31,11:06:25,00:00:04
stefano.crapanzano@chu.ulg.ac.be,Boîte de réception - erp.sai@chuliege.be - Outlook,Helpdesk général,2021-03-31,11:17:08,00:00:04
stefano.crapanzano@chu.ulg.ac.be,Boîte de réception - erp.sai@chuliege.be - Outlook,Helpdesk général,2021-03-31,11:39:57,00:00:16
stefano.crapanzano@chu.ulg.ac.be,Boîte de réception - erp.sai@chuliege.be - Outlook,Helpdesk général,2021-03-31,11:40:35,00:00:04
stefano.crapanzano@chu.ulg.ac.be,Boîte de réception - erp.sai@chuliege.be - Outlook,Helpdesk général,2021-03-31,12:00:15,00:00:04
stefano.crapanzano@chu.ulg.ac.be,Boîte de réception - erp.sai@chuliege.be - Outlook,Helpdesk général,2021-03-31,12:00:54,00:02:31
stefano.crapanzano@chu.ulg.ac.be,Boîte de réception - erp.sai@chuliege.be - Outlook,Helpdesk général,2021-03-31,12:08:15,00:00:43
stefano.crapanzano@chu.ulg.ac.be,Boîte de réception - erp.sai@chuliege.be - Outlook,Helpdesk général,2021-03-31,12:09:26,00:00:03
stefano.crapanzano@chu.ulg.ac.be,Boîte de réception - erp.sai@chuliege.be - Outlook,Helpdesk général,2021-03-31,12:10:53,00:00:04
stefano.crapanzano@chu.ulg.ac.be,Boîte de réception - erp.sai@chuliege.be - Outlook,Helpdesk général,2021-03-31,12:13:51,00:00:09
stefano.crapanzano@chu.ulg.ac.be,Boîte de réception - erp.sai@chuliege.be - Outlook,Helpdesk général,2021-03-31,12:23:58,00:00:32
stefano.crapanzano@chu.ulg.ac.be,Boîte de réception - erp.sai@chuliege.be - Outlook,Helpdesk général,2021-03-31,12:24:51,00:01:06
stefano.crapanzano@chu.ulg.ac.be,Boîte de réception - erp.sai@chuliege.be - Outlook,Helpdesk général,2021-03-31,12:26:15,00:08:53
stefano.crapanzano@chu.ulg.ac.be,Boîte de réception - erp.sai@chuliege.be - Outlook,Helpdesk général,2021-03-31,12:35:11,00:17:01
stefano.crapanzano@chu.ulg.ac.be,Boîte de réception - erp.sai@chuliege.be - Outlook,Helpdesk général,2021-03-31,12:52:14,00:00:08
stefano.crapanzano@chu.ulg.ac.be,Boîte de réception - erp.sai@chuliege.be - Outlook,Helpdesk général,2021-03-31,12:52:25,00:00:03
stefano.crapanzano@chu.ulg.ac.be,Boîte de réception - erp.sai@chuliege.be - Outlook,Helpdesk général,2021-03-31,12:52:45,00:00:12
stefano.crapanzano@chu.ulg.ac.be,Boîte de réception - erp.sai@chuliege.be - Outlook,Helpdesk général,2021-03-31,13:02:04,00:00:32
stefano.crapanzano@chu.ulg.ac.be,Boîte de réception - erp.sai@chuliege.be - Outlook,Helpdesk général,2021-03-31,13:11:34,00:00:37
stefano.crapanzano@chu.ulg.ac.be,Boîte de réception - erp.sai@chuliege.be - Outlook,Helpdesk général,2021-03-31,13:12:15,00:00:03
stefano.crapanzano@chu.ulg.ac.be,Boîte de réception - erp.sai@chuliege.be - Outlook,Helpdesk général,2021-03-31,13:14:34,00:01:14
stefano.crapanzano@chu.ulg.ac.be,Boîte de réception - erp.sai@chuliege.be - Outlook,Helpdesk général,2021-03-31,13:17:09,00:02:07
stefano.crapanzano@chu.ulg.ac.be,Boîte de réception - erp.sai@chuliege.be - Outlook,Helpdesk général,2021-03-31,13:19:21,00:00:38
stefano.crapanzano@chu.ulg.ac.be,Boîte de réception - erp.sai@chuliege.be - Outlook,Helpdesk général,2021-03-31,13:21:49,00:00:04
stefano.crapanzano@chu.ulg.ac.be,Boîte de réception - erp.sai@chuliege.be - Outlook,Helpdesk général,2021-03-31,13:27:36,00:00:09
stefano.crapanzano@chu.ulg.ac.be,Boîte de réception - erp.sai@chuliege.be - Outlook,Helpdesk général,2021-03-31,13:33:42,00:00:32
stefano.crapanzano@chu.ulg.ac.be,Boîte de réception - erp.sai@chuliege.be - Outlook,Helpdesk général,2021-03-31,13:38:25,00:00:10
stefano.crapanzano@chu.ulg.ac.be,Boîte de réception - erp.sai@chuliege.be - Outlook,Helpdesk général,2021-03-31,13:38:50,00:00:05
stefano.crapanzano@chu.ulg.ac.be,Boîte de réception - erp.sai@chuliege.be - Outlook,Helpdesk général,2021-03-31,13:39:19,00:00:54
stefano.crapanzano@chu.ulg.ac.be,Boîte de réception - erp.sai@chuliege.be - Outlook,Helpdesk général,2021-03-31,14:07:57,00:00:03
stefano.crapanzano@chu.ulg.ac.be,Boîte de réception - erp.sai@chuliege.be - Outlook,Helpdesk général,2021-03-31,14:13:16,00:00:13
stefano.crapanzano@chu.ulg.ac.be,Boîte de réception - erp.sai@chuliege.be - Outlook,Helpdesk général,2021-03-31,14:25:16,00:00:19
stefano.crapanzano@chu.ulg.ac.be,Boîte de réception - erp.sai@chuliege.be - Outlook,Helpdesk général,2021-03-31,14:25:37,00:14:48
stefano.crapanzano@chu.ulg.ac.be,Boîte de réception - erp.sai@chuliege.be - Outlook,Helpdesk général,2021-03-31,14:42:14,00:01:03
stefano.crapanzano@chu.ulg.ac.be,Boîte de réception - erp.sai@chuliege.be - Outlook,Helpdesk général,2021-03-31,14:53:07,00:00:34
stefano.crapanzano@chu.ulg.ac.be,Boîte de réception - erp.sai@chuliege.be - Outlook,Helpdesk général,2021-03-31,14:56:28,00:00:54
stefano.crapanzano@chu.ulg.ac.be,Boîte de réception - erp.sai@chuliege.be - Outlook,Helpdesk général,2021-03-31,14:57:39,00:00:12
stefano.crapanzano@chu.ulg.ac.be,Boîte de réception - erp.sai@chuliege.be - Outlook,Helpdesk général,2021-03-31,15:03:24,00:00:08
stefano.crapanzano@chu.ulg.ac.be,Boîte de réception - erp.sai@chuliege.be - Outlook,Helpdesk général,2021-03-31,15:03:40,00:02:12
stefano.crapanzano@chu.ulg.ac.be,Boîte de réception - erp.sai@chuliege.be - Outlook,Helpdesk général,2021-03-31,15:05:55,01:13:42
stefano.crapanzano@chu.ulg.ac.be,Boîte de réception - erp.sai@chuliege.be - Outlook,Helpdesk général,2021-03-31,16:20:25,00:00:11
stefano.crapanzano@chu.ulg.ac.be,Boîte de réception - erp.sai@chuliege.be - Outlook,Helpdesk général,2021-03-31,16:25:41,00:00:04
stefano.crapanzano@chu.ulg.ac.be,Boîte de réception - erp.sai@chuliege.be - Outlook,Helpdesk général,2021-03-31,16:29:36,00:00:04
stefano.crapanzano@chu.ulg.ac.be,Boîte de réception - erp.sai@chuliege.be - Outlook,Helpdesk général,2021-03-31,16:41:58,00:00:16
stefano.crapanzano@chu.ulg.ac.be,Boîte de réception - erp.sai@chuliege.be - Outlook,Helpdesk général,2021-03-31,16:48:08,00:01:14
stefano.crapanzano@chu.ulg.ac.be,Boîte de réception - erp.sai@chuliege.be - Outlook,Helpdesk général,2021-03-31,16:53:54,00:00:11
stefano.crapanzano@chu.ulg.ac.be,Boîte de réception - erp.sai@chuliege.be - Outlook,Helpdesk général,2021-03-31,16:55:56,00:01:14
stefano.crapanzano@chu.ulg.ac.be,SAP GUI for Windows 750,Exploration SAP,2021-03-31,10:38:45,00:00:03
stefano.crapanzano@chu.ulg.ac.be,SAP Logon 750,Exploration SAP,2021-03-31,08:37:57,00:00:07
stefano.crapanzano@chu.ulg.ac.be,SAP Logon 750,Exploration SAP,2021-03-31,08:40:59,00:00:02
stefano.crapanzano@chu.ulg.ac.be,SAP Logon 750,Exploration SAP,2021-03-31,13:53:04,00:00:03
stefano.crapanzano@chu.ulg.ac.be,SAP Easy Access Menu de base Applications financières-économiques,Exploration SAP,2021-03-31,08:38:04,00:00:03
stefano.crapanzano@chu.ulg.ac.be,SAP Easy Access Menu de base Applications financières-économiques,Exploration SAP,2021-03-31,08:40:55,00:00:02
stefano.crapanzano@chu.ulg.ac.be,SAP Easy Access Menu de base Applications financières-économiques,Exploration SAP,2021-03-31,08:41:52,00:00:03
stefano.crapanzano@chu.ulg.ac.be,SAP Easy Access Menu de base Applications financières-économiques,Exploration SAP,2021-03-31,08:55:08,00:00:04
stefano.crapanzano@chu.ulg.ac.be,SAP Easy Access Menu de base Applications financières-économiques,Exploration SAP,2021-03-31,09:05:30,00:00:10
stefano.crapanzano@chu.ulg.ac.be,SAP Easy Access Menu de base Applications financières-économiques,Exploration SAP,2021-03-31,09:05:50,00:00:06
stefano.crapanzano@chu.ulg.ac.be,SAP Easy Access Menu de base Applications financières-économiques,Exploration SAP,2021-03-31,10:10:50,00:00:02
stefano.crapanzano@chu.ulg.ac.be,SAP Easy Access Menu de base Applications financières-économiques,Exploration SAP,2021-03-31,10:12:45,00:00:06
stefano.crapanzano@chu.ulg.ac.be,SAP Easy Access Menu de base Applications financières-économiques,Exploration SAP,2021-03-31,11:57:04,00:00:04
stefano.crapanzano@chu.ulg.ac.be,SAP Easy Access Menu de base Applications financières-économiques,Exploration SAP,2021-03-31,12:08:59,00:00:04
stefano.crapanzano@chu.ulg.ac.be,SAP Easy Access Menu de base Applications financières-économiques,Exploration SAP,2021-03-31,13:53:17,00:00:06
stefano.crapanzano@chu.ulg.ac.be,SAP Easy Access Menu de base Applications financières-économiques,Exploration SAP,2021-03-31,14:59:02,00:00:06
stefano.crapanzano@chu.ulg.ac.be,Définir zone de travail : écran de saisie,Exploration SAP,2021-03-31,08:38:08,00:00:02
stefano.crapanzano@chu.ulg.ac.be,Définir zone de travail : écran de saisie,Exploration SAP,2021-03-31,08:55:12,00:00:02
stefano.crapanzano@chu.ulg.ac.be,Définir zone de travail : écran de saisie,Exploration SAP,2021-03-31,10:10:52,00:00:03
stefano.crapanzano@chu.ulg.ac.be,Définir zone de travail : écran de saisie,Exploration SAP,2021-03-31,10:12:51,00:00:02
stefano.crapanzano@chu.ulg.ac.be,Définir zone de travail : écran de saisie,Exploration SAP,2021-03-31,11:57:09,00:00:03
stefano.crapanzano@chu.ulg.ac.be,Définir zone de travail : écran de saisie,Exploration SAP,2021-03-31,12:09:03,00:00:02
stefano.crapanzano@chu.ulg.ac.be,Définir zone de travail : écran de saisie,Exploration SAP,2021-03-31,14:59:08,00:00:02
stefano.crapanzano@chu.ulg.ac.be,Modifier vue  Périodes comptables : définir périodes  : synthèse,Exploration SAP,2021-03-31,08:38:10,00:00:16
stefano.crapanzano@chu.ulg.ac.be,Sent - erp.sai@chuliege.be - Outlook,Helpdesk général,2021-03-31,08:38:33,00:00:04
stefano.crapanzano@chu.ulg.ac.be,Sent - erp.sai@chuliege.be - Outlook,Helpdesk général,2021-03-31,08:58:13,00:01:26
stefano.crapanzano@chu.ulg.ac.be,Sent - erp.sai@chuliege.be - Outlook,Helpdesk général,2021-03-31,09:00:49,00:01:00
stefano.crapanzano@chu.ulg.ac.be,Sent - erp.sai@chuliege.be - Outlook,Helpdesk général,2021-03-31,09:01:50,00:00:22
stefano.crapanzano@chu.ulg.ac.be,Sent - erp.sai@chuliege.be - Outlook,Helpdesk général,2021-03-31,09:02:42,00:00:14
stefano.crapanzano@chu.ulg.ac.be,Sent - erp.sai@chuliege.be - Outlook,Helpdesk général,2021-03-31,09:03:15,00:00:04
stefano.crapanzano@chu.ulg.ac.be,Sent - erp.sai@chuliege.be - Outlook,Helpdesk général,2021-03-31,09:21:13,00:00:32
stefano.crapanzano@chu.ulg.ac.be,Sent - erp.sai@chuliege.be - Outlook,Helpdesk général,2021-03-31,09:21:52,00:00:03
stefano.crapanzano@chu.ulg.ac.be,Sent - erp.sai@chuliege.be - Outlook,Helpdesk général,2021-03-31,09:23:02,00:00:16
stefano.crapanzano@chu.ulg.ac.be,Sent - erp.sai@chuliege.be - Outlook,Helpdesk général,2021-03-31,09:31:19,00:02:21
stefano.crapanzano@chu.ulg.ac.be,Sent - erp.sai@chuliege.be - Outlook,Helpdesk général,2021-03-31,09:38:55,00:00:26
stefano.crapanzano@chu.ulg.ac.be,Sent - erp.sai@chuliege.be - Outlook,Helpdesk général,2021-03-31,09:41:09,00:00:02
stefano.crapanzano@chu.ulg.ac.be,Sent - erp.sai@chuliege.be - Outlook,Helpdesk général,2021-03-31,09:59:52,00:00:15
stefano.crapanzano@chu.ulg.ac.be,Sent - erp.sai@chuliege.be - Outlook,Helpdesk général,2021-03-31,10:00:13,00:00:13
stefano.crapanzano@chu.ulg.ac.be,Sent - erp.sai@chuliege.be - Outlook,Helpdesk général,2021-03-31,10:01:32,00:00:04
stefano.crapanzano@chu.ulg.ac.be,Sent - erp.sai@chuliege.be - Outlook,Helpdesk général,2021-03-31,10:08:17,00:00:43
stefano.crapanzano@chu.ulg.ac.be,Sent - erp.sai@chuliege.be - Outlook,Helpdesk général,2021-03-31,10:25:19,00:01:54
stefano.crapanzano@chu.ulg.ac.be,Sent - erp.sai@chuliege.be - Outlook,Helpdesk général,2021-03-31,10:46:40,00:00:12
stefano.crapanzano@chu.ulg.ac.be,Sent - erp.sai@chuliege.be - Outlook,Helpdesk général,2021-03-31,12:10:58,00:02:52
stefano.crapanzano@chu.ulg.ac.be,Sent - erp.sai@chuliege.be - Outlook,Helpdesk général,2021-03-31,12:14:00,00:00:02
stefano.crapanzano@chu.ulg.ac.be,Sent - erp.sai@chuliege.be - Outlook,Helpdesk général,2021-03-31,12:25:57,00:00:18
stefano.crapanzano@chu.ulg.ac.be,Sent - erp.sai@chuliege.be - Outlook,Helpdesk général,2021-03-31,12:52:28,00:00:16
stefano.crapanzano@chu.ulg.ac.be,Sent - erp.sai@chuliege.be - Outlook,Helpdesk général,2021-03-31,12:52:57,00:00:08
stefano.crapanzano@chu.ulg.ac.be,Sent - erp.sai@chuliege.be - Outlook,Helpdesk général,2021-03-31,13:02:02,00:00:02
stefano.crapanzano@chu.ulg.ac.be,Sent - erp.sai@chuliege.be - Outlook,Helpdesk général,2021-03-31,13:12:18,00:02:15
stefano.crapanzano@chu.ulg.ac.be,Sent - erp.sai@chuliege.be - Outlook,Helpdesk général,2021-03-31,13:15:48,00:01:20
stefano.crapanzano@chu.ulg.ac.be,Sent - erp.sai@chuliege.be - Outlook,Helpdesk général,2021-03-31,13:19:16,00:00:04
stefano.crapanzano@chu.ulg.ac.be,Sent - erp.sai@chuliege.be - Outlook,Helpdesk général,2021-03-31,13:21:54,00:05:42
stefano.crapanzano@chu.ulg.ac.be,Sent - erp.sai@chuliege.be - Outlook,Helpdesk général,2021-03-31,13:27:45,00:05:57
stefano.crapanzano@chu.ulg.ac.be,Sent - erp.sai@chuliege.be - Outlook,Helpdesk général,2021-03-31,14:57:27,00:00:12
stefano.crapanzano@chu.ulg.ac.be,Sent - erp.sai@chuliege.be - Outlook,Helpdesk général,2021-03-31,15:03:33,00:00:07
stefano.crapanzano@chu.ulg.ac.be,Sent - erp.sai@chuliege.be - Outlook,Helpdesk général,2021-03-31,16:29:40,00:00:13
stefano.crapanzano@chu.ulg.ac.be,Sent - erp.sai@chuliege.be - Outlook,Helpdesk général,2021-03-31,16:30:14,00:00:12
stefano.crapanzano@chu.ulg.ac.be,Sent - erp.sai@chuliege.be - Outlook,Helpdesk général,2021-03-31,16:30:27,00:00:26
stefano.crapanzano@chu.ulg.ac.be,Sent - erp.sai@chuliege.be - Outlook,Helpdesk général,2021-03-31,16:31:15,00:01:14
stefano.crapanzano@chu.ulg.ac.be,Sent - erp.sai@chuliege.be - Outlook,Helpdesk général,2021-03-31,16:32:48,00:01:08
stefano.crapanzano@chu.ulg.ac.be,Sent - erp.sai@chuliege.be - Outlook,Helpdesk général,2021-03-31,16:41:54,00:00:02
stefano.crapanzano@chu.ulg.ac.be,Sent - erp.sai@chuliege.be - Outlook,Helpdesk général,2021-03-31,16:42:15,00:01:34
stefano.crapanzano@chu.ulg.ac.be,Sent - erp.sai@chuliege.be - Outlook,Helpdesk général,2021-03-31,16:43:53,00:00:11
stefano.crapanzano@chu.ulg.ac.be,Sent - erp.sai@chuliege.be - Outlook,Helpdesk général,2021-03-31,16:48:05,00:00:03
stefano.crapanzano@chu.ulg.ac.be,Boîte de Réception - Zimbra - Stefano Crapanzano - Outlook,Helpdesk général,2021-03-31,08:38:40,00:00:07
stefano.crapanzano@chu.ulg.ac.be,Boîte de Réception - Zimbra - Stefano Crapanzano - Outlook,Helpdesk général,2021-03-31,08:58:10,00:00:03
stefano.crapanzano@chu.ulg.ac.be,Boîte de Réception - Zimbra - Stefano Crapanzano - Outlook,Helpdesk général,2021-03-31,09:38:35,00:00:02
stefano.crapanzano@chu.ulg.ac.be,Boîte de Réception - Zimbra - Stefano Crapanzano - Outlook,Helpdesk général,2021-03-31,09:58:15,00:00:15
stefano.crapanzano@chu.ulg.ac.be,Boîte de Réception - Zimbra - Stefano Crapanzano - Outlook,Helpdesk général,2021-03-31,10:30:31,00:02:46
stefano.crapanzano@chu.ulg.ac.be,Boîte de Réception - Zimbra - Stefano Crapanzano - Outlook,Helpdesk général,2021-03-31,10:35:38,00:00:02
stefano.crapanzano@chu.ulg.ac.be,Boîte de Réception - Zimbra - Stefano Crapanzano - Outlook,Helpdesk général,2021-03-31,12:00:20,00:00:03
stefano.crapanzano@chu.ulg.ac.be,Boîte de Réception - Zimbra - Stefano Crapanzano - Outlook,Helpdesk général,2021-03-31,12:00:48,00:00:03
stefano.crapanzano@chu.ulg.ac.be,Boîte de Réception - Zimbra - Stefano Crapanzano - Outlook,Helpdesk général,2021-03-31,12:35:08,00:00:02
stefano.crapanzano@chu.ulg.ac.be,Boîte de Réception - Zimbra - Stefano Crapanzano - Outlook,Helpdesk général,2021-03-31,12:52:22,00:00:02
stefano.crapanzano@chu.ulg.ac.be,Boîte de Réception - Zimbra - Stefano Crapanzano - Outlook,Helpdesk général,2021-03-31,14:57:23,00:00:04
stefano.crapanzano@chu.ulg.ac.be,Boîte de Réception - Zimbra - Stefano Crapanzano - Outlook,Helpdesk général,2021-03-31,15:05:52,00:00:03
stefano.crapanzano@chu.ulg.ac.be,SDERP-18202 P203 CHU Injection de la facturation - Message (HTML),Helpdesk général,2021-03-31,08:39:01,00:00:02
stefano.crapanzano@chu.ulg.ac.be,TR: SDERP-18202 P203 CHU Injection de la facturation - Message (HTML),Helpdesk général,2021-03-31,08:38:51,00:00:08
stefano.crapanzano@chu.ulg.ac.be,Microsoft Outlook,Helpdesk général,2021-03-31,08:40:50,00:00:03
stefano.crapanzano@chu.ulg.ac.be,Microsoft Outlook,Helpdesk général,2021-03-31,08:42:29,00:00:08
stefano.crapanzano@chu.ulg.ac.be,Microsoft Outlook,Helpdesk général,2021-03-31,08:43:23,00:00:02
stefano.crapanzano@chu.ulg.ac.be,Microsoft Outlook,Helpdesk général,2021-03-31,09:41:32,00:00:02
stefano.crapanzano@chu.ulg.ac.be,Microsoft Outlook,Helpdesk général,2021-03-31,11:06:06,00:00:02
stefano.crapanzano@chu.ulg.ac.be,Microsoft Outlook,Helpdesk général,2021-03-31,11:06:16,00:00:02
stefano.crapanzano@chu.ulg.ac.be,Microsoft Outlook,Helpdesk général,2021-03-31,11:06:23,00:00:02
stefano.crapanzano@chu.ulg.ac.be,SDERP-18117 P203 CHU GOAL - Ajout de la table AUSP dans extract BI - Message (HTML),Helpdesk général,2021-03-31,08:39:28,00:00:02
stefano.crapanzano@chu.ulg.ac.be,SDERP-18117 P203 CHU GOAL - Ajout de la table AUSP dans extract BI - Message (HTML),Helpdesk général,2021-03-31,10:17:11,00:00:03
stefano.crapanzano@chu.ulg.ac.be,SDERP-18117 P203 CHU GOAL - Ajout de la table AUSP dans extract BI - Message (HTML),Helpdesk général,2021-03-31,13:02:37,00:00:02
stefano.crapanzano@chu.ulg.ac.be,TR: SDERP-18117 P203 CHU GOAL - Ajout de la table AUSP dans extract BI - Message (HTML),Helpdesk général,2021-03-31,08:39:31,00:01:16
stefano.crapanzano@chu.ulg.ac.be,TR: SDERP-18117 P203 CHU GOAL - Ajout de la table AUSP dans extract BI - Message (HTML),Helpdesk général,2021-03-31,08:42:37,00:00:43
stefano.crapanzano@chu.ulg.ac.be,TR: SDERP-18117 P203 CHU GOAL - Ajout de la table AUSP dans extract BI - Message (HTML),Helpdesk général,2021-03-31,13:02:39,00:00:50
stefano.crapanzano@chu.ulg.ac.be,TR: SDERP-18117 P203 CHU GOAL - Ajout de la table AUSP dans extract BI - Message (HTML),Helpdesk général,2021-03-31,13:03:51,00:00:21
stefano.crapanzano@chu.ulg.ac.be,TR: SDERP-18117 P203 CHU GOAL - Ajout de la table AUSP dans extract BI - Message (HTML),Helpdesk général,2021-03-31,13:04:40,00:06:48
stefano.crapanzano@chu.ulg.ac.be,Orthographe : Français (Belgique),Helpdesk général,2021-03-31,08:40:47,00:00:02
stefano.crapanzano@chu.ulg.ac.be,Orthographe : Français (Belgique),Helpdesk général,2021-03-31,08:43:20,00:00:02
stefano.crapanzano@chu.ulg.ac.be,Orthographe : Français (Belgique),Helpdesk général,2021-03-31,08:54:29,00:00:02
stefano.crapanzano@chu.ulg.ac.be,SAP,Exploration SAP,2021-03-31,08:41:01,00:00:07
stefano.crapanzano@chu.ulg.ac.be,SAP,Exploration SAP,2021-03-31,08:41:38,00:00:13
stefano.crapanzano@chu.ulg.ac.be,SAP,Exploration SAP,2021-03-31,09:06:36,00:00:05
stefano.crapanzano@chu.ulg.ac.be,SAP,Exploration SAP,2021-03-31,09:13:34,00:00:33
stefano.crapanzano@chu.ulg.ac.be,SAP,Exploration SAP,2021-03-31,09:14:18,00:00:04
stefano.crapanzano@chu.ulg.ac.be,SAP,Exploration SAP,2021-03-31,13:53:08,00:00:08
stefano.crapanzano@chu.ulg.ac.be,LABO - Stock article - Google Chrome,Tâches diverses,2021-03-31,08:41:08,00:00:02
stefano.crapanzano@chu.ulg.ac.be,LABO - Stock article - Google Chrome,Tâches diverses,2021-03-31,14:53:48,00:00:12
stefano.crapanzano@chu.ulg.ac.be,LABO - Stock article - Google Chrome,Tâches diverses,2021-03-31,14:58:07,00:00:02
stefano.crapanzano@chu.ulg.ac.be,Nouvel onglet - Google Chrome,Tâches diverses,2021-03-31,08:41:11,00:00:04
stefano.crapanzano@chu.ulg.ac.be,Nouvel onglet - Google Chrome,Tâches diverses,2021-03-31,08:48:42,00:00:03
stefano.crapanzano@chu.ulg.ac.be,Nouvel onglet - Google Chrome,Tâches diverses,2021-03-31,16:52:12,00:00:02
stefano.crapanzano@chu.ulg.ac.be,Identification - Google Chrome,Tâches diverses,2021-03-31,08:41:16,00:00:06
stefano.crapanzano@chu.ulg.ac.be,POST data - Google Chrome,Tâches diverses,2021-03-31,14:54:03,00:00:02
stefano.crapanzano@chu.ulg.ac.be,Teampass - Google Chrome,Tâches diverses,2021-03-31,08:41:23,00:00:14
stefano.crapanzano@chu.ulg.ac.be,Display Table,Exploration SAP,2021-03-31,08:41:55,00:00:13
stefano.crapanzano@chu.ulg.ac.be,Display Table,Exploration SAP,2021-03-31,08:42:22,00:00:03
stefano.crapanzano@chu.ulg.ac.be,Display Table,Exploration SAP,2021-03-31,08:43:25,00:00:37
stefano.crapanzano@chu.ulg.ac.be,Display Table,Exploration SAP,2021-03-31,08:55:04,00:00:03
stefano.crapanzano@chu.ulg.ac.be,Display Table,Exploration SAP,2021-03-31,09:05:56,00:00:35
stefano.crapanzano@chu.ulg.ac.be,Display Table,Exploration SAP,2021-03-31,10:10:48,00:00:02
stefano.crapanzano@chu.ulg.ac.be,File dialog,Exploration SAP,2021-03-31,08:42:08,00:00:13
stefano.crapanzano@chu.ulg.ac.be,Sans titre - Message (HTML),Helpdesk général,2021-03-31,08:45:24,00:00:10
stefano.crapanzano@chu.ulg.ac.be,Sans titre - Message (HTML),Helpdesk général,2021-03-31,09:19:02,00:00:18
stefano.crapanzano@chu.ulg.ac.be,Chargement table AUSP - Message (HTML),Helpdesk général,2021-03-31,08:45:35,00:00:14
stefano.crapanzano@chu.ulg.ac.be,Chargement table AUSP - Message (HTML),Helpdesk général,2021-03-31,08:45:55,00:00:07
stefano.crapanzano@chu.ulg.ac.be,Chargement table AUSP - Message (HTML),Helpdesk général,2021-03-31,08:46:09,00:00:44
stefano.crapanzano@chu.ulg.ac.be,Chargement table AUSP - Message (HTML),Helpdesk général,2021-03-31,08:49:12,00:00:49
stefano.crapanzano@chu.ulg.ac.be,Chargement table AUSP - Message (HTML),Helpdesk général,2021-03-31,08:51:24,00:00:27
stefano.crapanzano@chu.ulg.ac.be,Chargement table AUSP - Message (HTML),Helpdesk général,2021-03-31,08:52:15,00:02:13
stefano.crapanzano@chu.ulg.ac.be,ausp sap - Recherche Google - Google Chrome,Tâches diverses,2021-03-31,08:48:45,00:00:02
stefano.crapanzano@chu.ulg.ac.be,ausp sap - Recherche Google - Google Chrome,Tâches diverses,2021-03-31,09:00:05,00:00:08
stefano.crapanzano@chu.ulg.ac.be,ausp sap - Recherche Google - Google Chrome,Tâches diverses,2021-03-31,09:00:31,00:00:04
stefano.crapanzano@chu.ulg.ac.be,ausp sap - Recherche Google - Google Chrome,Tâches diverses,2021-03-31,10:02:37,00:00:02
stefano.crapanzano@chu.ulg.ac.be,ausp sap - Recherche Google - Google Chrome,Tâches diverses,2021-03-31,14:40:42,00:00:19
stefano.crapanzano@chu.ulg.ac.be,ausp sap - Recherche Google - Google Chrome,Tâches diverses,2021-03-31,14:53:42,00:00:06
stefano.crapanzano@chu.ulg.ac.be,ausp sap - Recherche Google - Google Chrome,Tâches diverses,2021-03-31,14:54:37,00:00:16
stefano.crapanzano@chu.ulg.ac.be,ausp sap - Recherche Google - Google Chrome,Tâches diverses,2021-03-31,14:57:51,00:00:05
stefano.crapanzano@chu.ulg.ac.be,AUSP SAP Characteristic Values Table data - ABAP - Google Chrome,Tâches diverses,2021-03-31,08:48:48,00:00:21
stefano.crapanzano@chu.ulg.ac.be,AUSP SAP Characteristic Values Table data - ABAP - Google Chrome,Tâches diverses,2021-03-31,08:54:35,00:00:05
stefano.crapanzano@chu.ulg.ac.be,AUSP SAP Characteristic Values Table data - ABAP - Google Chrome,Tâches diverses,2021-03-31,08:59:42,00:00:14
stefano.crapanzano@chu.ulg.ac.be,Greenshot capture form,Helpdesk général,2021-03-31,08:52:05,00:00:09
stefano.crapanzano@chu.ulg.ac.be,Greenshot capture form,Helpdesk général,2021-03-31,12:04:19,00:00:04
stefano.crapanzano@chu.ulg.ac.be,Greenshot capture form,Helpdesk général,2021-03-31,12:09:18,00:00:05
stefano.crapanzano@chu.ulg.ac.be,Greenshot capture form,Helpdesk général,2021-03-31,13:03:44,00:00:05
stefano.crapanzano@chu.ulg.ac.be,Greenshot capture form,Helpdesk général,2021-03-31,13:04:33,00:00:03
stefano.crapanzano@chu.ulg.ac.be,Greenshot capture form,Helpdesk général,2021-03-31,13:56:27,00:00:02
stefano.crapanzano@chu.ulg.ac.be,Greenshot capture form,Helpdesk général,2021-03-31,13:56:33,00:00:11
stefano.crapanzano@chu.ulg.ac.be,Greenshot capture form,Helpdesk général,2021-03-31,14:03:08,00:00:07
stefano.crapanzano@chu.ulg.ac.be,Greenshot capture form,Tâches diverses,2021-03-31,14:09:47,00:00:07
stefano.crapanzano@chu.ulg.ac.be,Données bloquées,Exploration SAP,2021-03-31,08:55:15,00:00:04
stefano.crapanzano@chu.ulg.ac.be,Données bloquées,Exploration SAP,2021-03-31,10:10:56,00:00:02
stefano.crapanzano@chu.ulg.ac.be,Données bloquées,Exploration SAP,2021-03-31,10:12:53,00:00:04
stefano.crapanzano@chu.ulg.ac.be,Données bloquées,Exploration SAP,2021-03-31,11:57:13,00:00:02
stefano.crapanzano@chu.ulg.ac.be,Données bloquées,Exploration SAP,2021-03-31,14:59:10,00:00:02
stefano.crapanzano@chu.ulg.ac.be,Afficher vue  Périodes comptables : définir périodes  : synthèse,Exploration SAP,2021-03-31,08:55:20,00:00:13
stefano.crapanzano@chu.ulg.ac.be,Afficher vue  Périodes comptables : définir périodes  : synthèse,Exploration SAP,2021-03-31,10:10:58,00:00:22
stefano.crapanzano@chu.ulg.ac.be,Afficher vue  Périodes comptables : définir périodes  : synthèse,Exploration SAP,2021-03-31,10:11:24,00:01:21
stefano.crapanzano@chu.ulg.ac.be,Afficher vue  Périodes comptables : définir périodes  : synthèse,Exploration SAP,2021-03-31,10:12:58,00:00:21
stefano.crapanzano@chu.ulg.ac.be,Afficher vue  Périodes comptables : définir périodes  : synthèse,Exploration SAP,2021-03-31,11:56:45,00:00:19
stefano.crapanzano@chu.ulg.ac.be,Afficher vue  Périodes comptables : définir périodes  : synthèse,Exploration SAP,2021-03-31,11:57:15,00:00:08
stefano.crapanzano@chu.ulg.ac.be,Afficher vue  Périodes comptables : définir périodes  : synthèse,Exploration SAP,2021-03-31,11:58:01,00:00:02
stefano.crapanzano@chu.ulg.ac.be,Afficher vue  Périodes comptables : définir périodes  : synthèse,Exploration SAP,2021-03-31,11:58:14,00:00:02
stefano.crapanzano@chu.ulg.ac.be,Afficher vue  Périodes comptables : définir périodes  : synthèse,Exploration SAP,2021-03-31,12:00:02,00:00:09
stefano.crapanzano@chu.ulg.ac.be,Afficher vue  Périodes comptables : définir périodes  : synthèse,Exploration SAP,2021-03-31,12:09:07,00:00:10
stefano.crapanzano@chu.ulg.ac.be,Afficher vue  Périodes comptables : définir périodes  : synthèse,Exploration SAP,2021-03-31,13:52:58,00:00:02
stefano.crapanzano@chu.ulg.ac.be,Afficher vue  Périodes comptables : définir périodes  : synthèse,Exploration SAP,2021-03-31,14:59:12,00:00:07
stefano.crapanzano@chu.ulg.ac.be,Afficher vue  Périodes comptables : définir périodes  : synthèse,Exploration SAP,2021-03-31,15:03:19,00:00:03
stefano.crapanzano@chu.ulg.ac.be,Analyse des protocoles de modifications,Exploration SAP,2021-03-31,08:55:33,00:00:18
stefano.crapanzano@chu.ulg.ac.be,Analyse des protocoles de modifications,Exploration SAP,2021-03-31,09:05:25,00:00:02
stefano.crapanzano@chu.ulg.ac.be,Analyse des protocoles de modifications,Exploration SAP,2021-03-31,09:05:42,00:00:07
stefano.crapanzano@chu.ulg.ac.be,Analyse des protocoles de modifications,Exploration SAP,2021-03-31,10:13:19,00:00:18
stefano.crapanzano@chu.ulg.ac.be,Analyse des protocoles de modifications,Exploration SAP,2021-03-31,10:14:12,00:00:13
stefano.crapanzano@chu.ulg.ac.be,Analyse des protocoles de modifications,Exploration SAP,2021-03-31,10:14:39,00:00:48
stefano.crapanzano@chu.ulg.ac.be,Analyse des protocoles de modifications,Exploration SAP,2021-03-31,11:56:41,00:00:03
stefano.crapanzano@chu.ulg.ac.be,Analyse des protocoles de modifications,Exploration SAP,2021-03-31,14:59:20,00:00:07
stefano.crapanzano@chu.ulg.ac.be,Analyse des protocoles de modifications,Exploration SAP,2021-03-31,15:03:16,00:00:03
stefano.crapanzano@chu.ulg.ac.be,Afficher les journaux de modification,Exploration SAP,2021-03-31,08:55:51,00:00:18
stefano.crapanzano@chu.ulg.ac.be,Afficher les journaux de modification,Exploration SAP,2021-03-31,08:56:20,00:01:42
stefano.crapanzano@chu.ulg.ac.be,Afficher les journaux de modification,Exploration SAP,2021-03-31,10:13:37,00:00:09
stefano.crapanzano@chu.ulg.ac.be,Afficher les journaux de modification,Exploration SAP,2021-03-31,10:14:25,00:00:10
stefano.crapanzano@chu.ulg.ac.be,Afficher les journaux de modification,Exploration SAP,2021-03-31,14:59:27,00:00:10
stefano.crapanzano@chu.ulg.ac.be,Afficher les journaux de modification,Exploration SAP,2021-03-31,14:59:52,00:00:40
stefano.crapanzano@chu.ulg.ac.be,Afficher les journaux de modification,Exploration SAP,2021-03-31,15:00:36,00:00:28
stefano.crapanzano@chu.ulg.ac.be,Afficher les journaux de modification,Exploration SAP,2021-03-31,15:01:11,00:02:04
stefano.crapanzano@chu.ulg.ac.be,What is the Importance of AUSP Table? | SAP Community - Google Chrome,Tâches diverses,2021-03-31,09:00:14,00:00:16
stefano.crapanzano@chu.ulg.ac.be,Lecture documentation,Tâches diverses,2021-03-31,09:02:13,00:00:28
stefano.crapanzano@chu.ulg.ac.be,Lecture documentation,Tâches diverses,2021-03-31,09:02:56,00:00:17
stefano.crapanzano@chu.ulg.ac.be,Lecture documentation,Tâches diverses,2021-03-31,10:09:44,00:00:59
stefano.crapanzano@chu.ulg.ac.be,Lecture documentation,Tâches diverses,2021-03-31,10:27:24,00:00:05
stefano.crapanzano@chu.ulg.ac.be,Lecture documentation,Tâches diverses,2021-03-31,10:27:41,00:01:38
stefano.crapanzano@chu.ulg.ac.be,Lecture documentation,Tâches diverses,2021-03-31,10:33:18,00:02:17
stefano.crapanzano@chu.ulg.ac.be,Lecture documentation,Tâches diverses,2021-03-31,10:35:52,00:00:13
stefano.crapanzano@chu.ulg.ac.be,Lecture documentation,Tâches diverses,2021-03-31,10:36:43,00:00:09
stefano.crapanzano@chu.ulg.ac.be,Lecture documentation,Tâches diverses,2021-03-31,10:57:42,00:07:55
stefano.crapanzano@chu.ulg.ac.be,Lecture documentation,Tâches diverses,2021-03-31,11:06:30,00:10:35
stefano.crapanzano@chu.ulg.ac.be,Lecture documentation,Tâches diverses,2021-03-31,11:17:13,00:22:42
stefano.crapanzano@chu.ulg.ac.be,Lecture documentation,Tâches diverses,2021-03-31,11:40:40,00:16:00
stefano.crapanzano@chu.ulg.ac.be,Lecture documentation,Tâches diverses,2021-03-31,11:57:23,00:00:17
stefano.crapanzano@chu.ulg.ac.be,Lecture documentation,Tâches diverses,2021-03-31,11:57:44,00:00:16
stefano.crapanzano@chu.ulg.ac.be,Lecture documentation,Tâches diverses,2021-03-31,11:58:03,00:00:09
stefano.crapanzano@chu.ulg.ac.be,Lecture documentation,Tâches diverses,2021-03-31,11:58:17,00:01:42
stefano.crapanzano@chu.ulg.ac.be,Lecture documentation,Tâches diverses,2021-03-31,12:00:25,00:00:22
stefano.crapanzano@chu.ulg.ac.be,Lecture documentation,Tâches diverses,2021-03-31,12:03:25,00:00:54
stefano.crapanzano@chu.ulg.ac.be,Lecture documentation,Tâches diverses,2021-03-31,12:04:30,00:03:44
stefano.crapanzano@chu.ulg.ac.be,Lecture documentation,Tâches diverses,2021-03-31,12:14:04,00:09:51
stefano.crapanzano@chu.ulg.ac.be,Lecture documentation,Tâches diverses,2021-03-31,12:24:30,00:00:19
stefano.crapanzano@chu.ulg.ac.be,Lecture documentation,Tâches diverses,2021-03-31,13:19:59,00:01:47
stefano.crapanzano@chu.ulg.ac.be,Lecture documentation,Tâches diverses,2021-03-31,13:34:15,00:02:06
stefano.crapanzano@chu.ulg.ac.be,Lecture documentation,Tâches diverses,2021-03-31,13:37:32,00:00:04
stefano.crapanzano@chu.ulg.ac.be,Lecture documentation,Tâches diverses,2021-03-31,13:38:18,00:00:05
stefano.crapanzano@chu.ulg.ac.be,Lecture documentation,Tâches diverses,2021-03-31,13:38:36,00:00:05
stefano.crapanzano@chu.ulg.ac.be,Lecture documentation,Tâches diverses,2021-03-31,13:38:44,00:00:05
stefano.crapanzano@chu.ulg.ac.be,Lecture documentation,Tâches diverses,2021-03-31,13:38:57,00:00:02
stefano.crapanzano@chu.ulg.ac.be,Lecture documentation,Tâches diverses,2021-03-31,13:40:14,00:07:29
stefano.crapanzano@chu.ulg.ac.be,Lecture documentation,Tâches diverses,2021-03-31,13:55:26,00:00:19
stefano.crapanzano@chu.ulg.ac.be,Lecture documentation,Tâches diverses,2021-03-31,13:57:05,00:00:03
stefano.crapanzano@chu.ulg.ac.be,Lecture documentation,Tâches diverses,2021-03-31,13:57:38,00:01:24
stefano.crapanzano@chu.ulg.ac.be,Lecture documentation,Tâches diverses,2021-03-31,13:59:06,00:00:09
stefano.crapanzano@chu.ulg.ac.be,Lecture documentation,Tâches diverses,2021-03-31,13:59:20,00:00:35
stefano.crapanzano@chu.ulg.ac.be,Lecture documentation,Tâches diverses,2021-03-31,14:00:00,00:00:16
stefano.crapanzano@chu.ulg.ac.be,Lecture documentation,Tâches diverses,2021-03-31,14:03:17,00:04:38
stefano.crapanzano@chu.ulg.ac.be,Lecture documentation,Tâches diverses,2021-03-31,14:08:01,00:01:36
stefano.crapanzano@chu.ulg.ac.be,Lecture documentation,Tâches diverses,2021-03-31,14:10:57,00:00:50
stefano.crapanzano@chu.ulg.ac.be,Lecture documentation,Tâches diverses,2021-03-31,14:12:07,00:00:07
stefano.crapanzano@chu.ulg.ac.be,Lecture documentation,Tâches diverses,2021-03-31,14:12:31,00:00:42
stefano.crapanzano@chu.ulg.ac.be,Lecture documentation,Tâches diverses,2021-03-31,14:13:31,00:00:03
stefano.crapanzano@chu.ulg.ac.be,Lecture documentation,Tâches diverses,2021-03-31,14:13:35,00:00:51
stefano.crapanzano@chu.ulg.ac.be,Lecture documentation,Tâches diverses,2021-03-31,14:14:28,00:00:03
stefano.crapanzano@chu.ulg.ac.be,Lecture documentation,Tâches diverses,2021-03-31,14:14:33,00:00:28
stefano.crapanzano@chu.ulg.ac.be,Lecture documentation,Tâches diverses,2021-03-31,14:18:48,00:02:06
stefano.crapanzano@chu.ulg.ac.be,Lecture documentation,Tâches diverses,2021-03-31,14:20:55,00:00:40
stefano.crapanzano@chu.ulg.ac.be,Lecture documentation,Tâches diverses,2021-03-31,14:21:36,00:00:15
stefano.crapanzano@chu.ulg.ac.be,Lecture documentation,Tâches diverses,2021-03-31,14:22:12,00:00:39
stefano.crapanzano@chu.ulg.ac.be,Lecture documentation,Tâches diverses,2021-03-31,14:23:20,00:00:26
stefano.crapanzano@chu.ulg.ac.be,Lecture documentation,Tâches diverses,2021-03-31,14:24:10,00:01:02
stefano.crapanzano@chu.ulg.ac.be,Lecture documentation,Tâches diverses,2021-03-31,14:43:34,00:09:30
stefano.crapanzano@chu.ulg.ac.be,Re: Chargement table AUSP - Message (HTML),Helpdesk général,2021-03-31,09:07:15,00:00:02
stefano.crapanzano@chu.ulg.ac.be,RE: Chargement table AUSP - Message (HTML),Helpdesk général,2021-03-31,09:07:17,00:00:25
stefano.crapanzano@chu.ulg.ac.be,RE: Chargement table AUSP - Message (HTML),Helpdesk général,2021-03-31,09:15:25,00:01:20
stefano.crapanzano@chu.ulg.ac.be,RE: Chargement table AUSP - Message (HTML),Helpdesk général,2021-03-31,09:17:44,00:00:03
stefano.crapanzano@chu.ulg.ac.be,RE: Chargement table AUSP - Message (HTML),Helpdesk général,2021-03-31,09:17:50,00:00:57
stefano.crapanzano@chu.ulg.ac.be,RE: Chargement table AUSP - Message (HTML),Helpdesk général,2021-03-31,09:22:14,00:00:40
stefano.crapanzano@chu.ulg.ac.be,RE: Chargement table AUSP - Message (HTML),Helpdesk général,2021-03-31,09:23:28,00:00:21
stefano.crapanzano@chu.ulg.ac.be,RE: Chargement table AUSP - Message (HTML),Helpdesk général,2021-03-31,09:26:26,00:00:02
stefano.crapanzano@chu.ulg.ac.be,RE: Chargement table AUSP - Message (HTML),Helpdesk général,2021-03-31,09:57:51,00:00:22
stefano.crapanzano@chu.ulg.ac.be,RE: Chargement table AUSP - Message (HTML),Helpdesk général,2021-03-31,10:00:38,00:00:20
stefano.crapanzano@chu.ulg.ac.be,C:\Users\c158492\Desktop\20210326-1115-002_b.csv - Notepad++ [Administrator],IT,2021-03-31,09:08:30,00:00:06
stefano.crapanzano@chu.ulg.ac.be,new 10 - Notepad++ [Administrator],IT,2021-03-31,09:08:36,00:00:09
stefano.crapanzano@chu.ulg.ac.be,*new 10 - Notepad++ [Administrator],IT,2021-03-31,09:08:46,00:00:12
stefano.crapanzano@chu.ulg.ac.be,*new 10 - Notepad++ [Administrator],IT,2021-03-31,09:09:04,00:00:06
stefano.crapanzano@chu.ulg.ac.be,*new 10 - Notepad++ [Administrator],IT,2021-03-31,09:09:12,00:00:04
stefano.crapanzano@chu.ulg.ac.be,*new 10 - Notepad++ [Administrator],IT,2021-03-31,09:09:19,00:00:03
stefano.crapanzano@chu.ulg.ac.be,*new 10 - Notepad++ [Administrator],IT,2021-03-31,09:09:26,00:00:02
stefano.crapanzano@chu.ulg.ac.be,*new 10 - Notepad++ [Administrator],IT,2021-03-31,09:09:33,00:00:03
stefano.crapanzano@chu.ulg.ac.be,*new 10 - Notepad++ [Administrator],IT,2021-03-31,09:09:41,00:00:03
stefano.crapanzano@chu.ulg.ac.be,*new 10 - Notepad++ [Administrator],IT,2021-03-31,09:09:48,00:00:03
stefano.crapanzano@chu.ulg.ac.be,Filtre,Exploration SAP,2021-03-31,09:14:07,00:00:04
stefano.crapanzano@chu.ulg.ac.be,Définition filtre,Exploration SAP,2021-03-31,09:14:12,00:00:06
stefano.crapanzano@chu.ulg.ac.be,*new 11 - Notepad++ [Administrator],IT,2021-03-31,09:16:50,00:00:07
stefano.crapanzano@chu.ulg.ac.be,*new 11 - Notepad++ [Administrator],IT,2021-03-31,09:17:08,00:00:13
stefano.crapanzano@chu.ulg.ac.be,Enregistrer sous,IT,2021-03-31,09:17:21,00:00:12
stefano.crapanzano@chu.ulg.ac.be,Enregistrer sous,Helpdesk général,2021-03-31,14:12:28,00:00:02
stefano.crapanzano@chu.ulg.ac.be,C:\Users\c158492\Desktop\v_goal_extract_articles.sql - Notepad++ [Administrator],IT,2021-03-31,09:17:33,00:00:09
stefano.crapanzano@chu.ulg.ac.be,C:\Users\c158492\Desktop\v_goal_extract_articles.sql - Notepad++ [Administrator],IT,2021-03-31,09:23:51,00:00:40
stefano.crapanzano@chu.ulg.ac.be,C:\Users\c158492\Desktop\v_goal_extract_articles.sql - Notepad++ [Administrator],IT,2021-03-31,09:25:59,00:00:25
stefano.crapanzano@chu.ulg.ac.be,C:\Users\c158492\Desktop\v_goal_extract_articles.sql - Notepad++ [Administrator],IT,2021-03-31,11:05:59,00:00:02
stefano.crapanzano@chu.ulg.ac.be,Insérer un fichier,Helpdesk général,2021-03-31,09:17:48,00:00:02
stefano.crapanzano@chu.ulg.ac.be,Articles de labo sur PE2 - Message (HTML),Helpdesk général,2021-03-31,09:19:20,00:01:47
stefano.crapanzano@chu.ulg.ac.be,\\si-s-serv24\indic_erp$\INPUT\GOAL\GOAL_AUSP_20210331.csv - Notepad++ [Administrator],IT,2021-03-31,13:51:39,00:00:45
stefano.crapanzano@chu.ulg.ac.be,\\si-s-serv24\indic_erp$\INPUT\GOAL\GOAL_AUSP_20210331.csv - Notepad++ [Administrator],IT,2021-03-31,14:00:37,00:00:24
stefano.crapanzano@chu.ulg.ac.be,\\si-s-serv24\indic_erp$\INPUT\GOAL\GOAL_AUSP_20210331.csv - Notepad++ [Administrator],IT,2021-03-31,14:54:54,00:00:03
stefano.crapanzano@chu.ulg.ac.be,Rechercher,IT,2021-03-31,09:22:05,00:00:03
stefano.crapanzano@chu.ulg.ac.be,Rechercher,IT,2021-03-31,09:24:32,00:00:08
stefano.crapanzano@chu.ulg.ac.be,Rechercher,IT,2021-03-31,09:24:41,00:01:18
stefano.crapanzano@chu.ulg.ac.be,Trash - erp.sai@chuliege.be - Outlook,Helpdesk général,2021-03-31,09:41:12,00:00:20
stefano.crapanzano@chu.ulg.ac.be,Trash - erp.sai@chuliege.be - Outlook,Helpdesk général,2021-03-31,09:41:34,00:00:13
stefano.crapanzano@chu.ulg.ac.be,erp.sai - erp.sai@chuliege.be - Outlook,Helpdesk général,2021-03-31,09:41:48,00:02:55
stefano.crapanzano@chu.ulg.ac.be,erp.sai - erp.sai@chuliege.be - Outlook,Helpdesk général,2021-03-31,09:45:40,00:02:20
stefano.crapanzano@chu.ulg.ac.be,erp.sai - erp.sai@chuliege.be - Outlook,Helpdesk général,2021-03-31,11:40:29,00:00:06
stefano.crapanzano@chu.ulg.ac.be,création vue v_goal_extract_articles - Message (HTML),Helpdesk général,2021-03-31,10:00:58,00:00:21
stefano.crapanzano@chu.ulg.ac.be,P203 CHU Factures apo non comptabilisée lors du retour apo via la transaction zapo - Bienvenue! Vous pouvez poser une demande de Service Desk ERP for HealthCare parmi les options fournies. - Service d'assistance - Google Chrome,Tâches diverses,2021-03-31,10:02:39,00:02:33
stefano.crapanzano@chu.ulg.ac.be,P203 CHU Factures apo non comptabilisée lors du retour apo via la transaction zapo - Bienvenue! Vous pouvez poser une demande de Service Desk ERP for HealthCare parmi les options fournies. - Service d'assistance - Google Chrome,Tâches diverses,2021-03-31,12:53:12,00:08:48
stefano.crapanzano@chu.ulg.ac.be,P203 CHU Factures apo non comptabilisée lors du retour apo via la transaction zapo - Bienvenue! Vous pouvez poser une demande de Service Desk ERP for HealthCare parmi les options fournies. - Service d'assistance - Google Chrome,Tâches diverses,2021-03-31,14:40:25,00:00:07
stefano.crapanzano@chu.ulg.ac.be,P203 CHU Factures apo non comptabilisée lors du retour apo via la transaction zapo - Bienvenue! Vous pouvez poser une demande de Service Desk ERP for HealthCare parmi les options fournies. - Service d'assistance - Google Chrome,Tâches diverses,2021-03-31,16:44:59,00:03:04
stefano.crapanzano@chu.ulg.ac.be,RE: Articles de labo sur PE2 - Message (HTML),Helpdesk général,2021-03-31,10:38:58,00:01:00
stefano.crapanzano@chu.ulg.ac.be,Re: CHU. Accès aux données - POC - Message (HTML) (Lecture seule),Helpdesk général,2021-03-31,10:40:07,00:00:20
stefano.crapanzano@chu.ulg.ac.be,Ouverture d'une pièce jointe,Helpdesk général,2021-03-31,11:05:44,00:00:02
stefano.crapanzano@chu.ulg.ac.be,\\oazisusers.st.chulg\oazis_users\Informatique\ERP\Exploitation\SURVEILLANCE\JOB\jobs_31_03_2021_10_00_00_10_59_59.csv_nok - Notepad++ [Administrator],IT,2021-03-31,11:05:46,00:00:02
stefano.crapanzano@chu.ulg.ac.be,\\oazisusers.st.chulg\oazis_users\Informatique\ERP\Exploitation\SURVEILLANCE\JOB\jobs_31_03_2021_10_00_00_10_59_59.csv_nok - Notepad++ [Administrator],IT,2021-03-31,11:05:50,00:00:04
stefano.crapanzano@chu.ulg.ac.be,Didier BARE - erp.sai@chuliege.be - Outlook,Helpdesk général,2021-03-31,11:40:13,00:00:03
stefano.crapanzano@chu.ulg.ac.be,2 Traité - erp.sai@chuliege.be - Outlook,Helpdesk général,2021-03-31,11:40:17,00:00:12
stefano.crapanzano@chu.ulg.ac.be,P203 CHU Injection de la facturation - Bienvenue! Vous pouvez poser une demande de Service Desk ERP for HealthCare parmi les options fournies. - Service d'assistance - Mozilla Firefox,Helpdesk général,2021-03-31,12:04:24,00:00:05
stefano.crapanzano@chu.ulg.ac.be,RE: Problématique OB52 - Message (HTML),Helpdesk général,2021-03-31,12:09:29,00:01:22
stefano.crapanzano@chu.ulg.ac.be,AUSP.XLSX - Excel,Tâches diverses,2021-03-31,13:36:27,00:01:02
stefano.crapanzano@chu.ulg.ac.be,AUSP.XLSX - Excel,Tâches diverses,2021-03-31,13:37:36,00:00:26
stefano.crapanzano@chu.ulg.ac.be,AUSP.XLSX - Excel,Tâches diverses,2021-03-31,13:38:05,00:00:12
stefano.crapanzano@chu.ulg.ac.be,AUSP.XLSX - Excel,Tâches diverses,2021-03-31,13:39:01,00:00:18
stefano.crapanzano@chu.ulg.ac.be,AUSP.XLSX - Excel,Tâches diverses,2021-03-31,13:48:43,00:00:26
stefano.crapanzano@chu.ulg.ac.be,AUSP.XLSX - Excel,Tâches diverses,2021-03-31,13:49:25,00:00:55
stefano.crapanzano@chu.ulg.ac.be,AUSP.XLSX - Excel,Tâches diverses,2021-03-31,13:51:00,00:00:02
stefano.crapanzano@chu.ulg.ac.be,AUSP.XLSX - Excel,Tâches diverses,2021-03-31,13:51:08,00:00:06
stefano.crapanzano@chu.ulg.ac.be,AUSP.XLSX - Excel,Tâches diverses,2021-03-31,13:52:42,00:00:09
stefano.crapanzano@chu.ulg.ac.be,AUSP.XLSX - Excel,Tâches diverses,2021-03-31,13:54:40,00:00:11
stefano.crapanzano@chu.ulg.ac.be,AUSP.XLSX - Excel,Tâches diverses,2021-03-31,13:55:47,00:00:40
stefano.crapanzano@chu.ulg.ac.be,AUSP.XLSX - Excel,Helpdesk général,2021-03-31,13:56:30,00:00:02
stefano.crapanzano@chu.ulg.ac.be,AUSP.XLSX - Excel,Tâches diverses,2021-03-31,14:00:21,00:00:07
stefano.crapanzano@chu.ulg.ac.be,C:\Users\c158492\AppData\Local\Temp\Temp1_AUSP.zip\AUSP - Notepad++ [Administrator],IT,2021-03-31,13:47:58,00:00:09
stefano.crapanzano@chu.ulg.ac.be,AUSP  [Lecture seule] - Excel,Tâches diverses,2021-03-31,13:48:25,00:00:14
stefano.crapanzano@chu.ulg.ac.be,AUSP  [Lecture seule] - Excel,Tâches diverses,2021-03-31,13:50:24,00:00:17
stefano.crapanzano@chu.ulg.ac.be,AUSP  [Lecture seule] - Excel,Tâches diverses,2021-03-31,13:50:45,00:00:13
stefano.crapanzano@chu.ulg.ac.be,AUSP  [Lecture seule] - Excel,Tâches diverses,2021-03-31,13:51:02,00:00:06
stefano.crapanzano@chu.ulg.ac.be,AUSP  [Lecture seule] - Excel,Tâches diverses,2021-03-31,13:51:14,00:00:15
stefano.crapanzano@chu.ulg.ac.be,AUSP  [Lecture seule] - Excel,Tâches diverses,2021-03-31,13:54:06,00:00:32
stefano.crapanzano@chu.ulg.ac.be,AUSP  [Lecture seule] - Excel,Tâches diverses,2021-03-31,13:54:58,00:00:22
stefano.crapanzano@chu.ulg.ac.be,AUSP  [Lecture seule] - Excel,Tâches diverses,2021-03-31,13:57:12,00:00:25
stefano.crapanzano@chu.ulg.ac.be,AUSP  [Lecture seule] - Excel,Tâches diverses,2021-03-31,13:59:18,00:00:02
stefano.crapanzano@chu.ulg.ac.be,AUSP  [Lecture seule] - Excel,Tâches diverses,2021-03-31,14:09:44,00:00:02
stefano.crapanzano@chu.ulg.ac.be,AUSP  [Lecture seule] - Excel,Tâches diverses,2021-03-31,14:22:01,00:00:10
stefano.crapanzano@chu.ulg.ac.be,AUSP  [Lecture seule] - Excel,Tâches diverses,2021-03-31,14:55:00,00:00:19
stefano.crapanzano@chu.ulg.ac.be,AUSP  [Lecture seule] - Excel,Tâches diverses,2021-03-31,14:55:21,00:00:18
stefano.crapanzano@chu.ulg.ac.be,Rechercher et remplacer,Tâches diverses,2021-03-31,13:49:10,00:00:15
stefano.crapanzano@chu.ulg.ac.be,Microsoft Excel,Tâches diverses,2021-03-31,14:00:28,00:00:03
stefano.crapanzano@chu.ulg.ac.be,Microsoft Excel,Tâches diverses,2021-03-31,14:55:19,00:00:02
stefano.crapanzano@chu.ulg.ac.be,Ecran initial du Quickviewer,Exploration SAP,2021-03-31,13:53:23,00:00:03
stefano.crapanzano@chu.ulg.ac.be,Ecran initial du Quickviewer,Exploration SAP,2021-03-31,13:53:39,00:00:14
stefano.crapanzano@chu.ulg.ac.be,Ecran initial du Quickviewer,Exploration SAP,2021-03-31,13:53:56,00:00:05
stefano.crapanzano@chu.ulg.ac.be,Ecran initial du Quickviewer,Exploration SAP,2021-03-31,13:56:48,00:00:09
stefano.crapanzano@chu.ulg.ac.be,Ecran initial du Quickviewer,Exploration SAP,2021-03-31,14:01:06,00:00:15
stefano.crapanzano@chu.ulg.ac.be,Ecran initial du Quickviewer,Exploration SAP,2021-03-31,14:02:16,00:00:02
stefano.crapanzano@chu.ulg.ac.be,Ecran initial du Quickviewer,Exploration SAP,2021-03-31,14:11:58,00:00:05
stefano.crapanzano@chu.ulg.ac.be,Ecran initial du Quickviewer,Exploration SAP,2021-03-31,14:58:52,00:00:03
stefano.crapanzano@chu.ulg.ac.be,AUSP,Exploration SAP,2021-03-31,13:53:27,00:00:03
stefano.crapanzano@chu.ulg.ac.be,AUSP,Exploration SAP,2021-03-31,13:53:34,00:00:04
stefano.crapanzano@chu.ulg.ac.be,AUSP,Exploration SAP,2021-03-31,14:01:22,00:00:02
stefano.crapanzano@chu.ulg.ac.be,AUSP,Exploration SAP,2021-03-31,14:01:27,00:00:13
stefano.crapanzano@chu.ulg.ac.be,AUSP,Exploration SAP,2021-03-31,14:01:44,00:00:06
stefano.crapanzano@chu.ulg.ac.be,AUSP,Exploration SAP,2021-03-31,14:01:57,00:00:09
stefano.crapanzano@chu.ulg.ac.be,AUSP,Exploration SAP,2021-03-31,14:02:08,00:00:08
stefano.crapanzano@chu.ulg.ac.be,AUSP,Exploration SAP,2021-03-31,14:02:19,00:00:02
stefano.crapanzano@chu.ulg.ac.be,AUSP,Exploration SAP,2021-03-31,14:02:25,00:00:16
stefano.crapanzano@chu.ulg.ac.be,AUSP,Exploration SAP,2021-03-31,14:02:45,00:00:22
stefano.crapanzano@chu.ulg.ac.be,AUSP,Exploration SAP,2021-03-31,14:11:53,00:00:04
stefano.crapanzano@chu.ulg.ac.be,Limitation des accès à la base de données,Exploration SAP,2021-03-31,13:53:30,00:00:03
stefano.crapanzano@chu.ulg.ac.be,Limitation des accès à la base de données,Exploration SAP,2021-03-31,14:01:25,00:00:02
stefano.crapanzano@chu.ulg.ac.be,Limitation des accès à la base de données,Exploration SAP,2021-03-31,14:02:21,00:00:03
stefano.crapanzano@chu.ulg.ac.be,Définir valeurs pour critères de filtre,Exploration SAP,2021-03-31,14:01:40,00:00:03
stefano.crapanzano@chu.ulg.ac.be,Définir valeurs pour critères de filtre,Exploration SAP,2021-03-31,14:01:50,00:00:07
stefano.crapanzano@chu.ulg.ac.be,Définir valeurs pour critères de filtre,Exploration SAP,2021-03-31,14:02:41,00:00:03
stefano.crapanzano@chu.ulg.ac.be,Greenshot Éditeur d'Image,Helpdesk général,2021-03-31,14:09:55,00:00:59
stefano.crapanzano@chu.ulg.ac.be,Greenshot Éditeur d'Image,Helpdesk général,2021-03-31,14:12:15,00:00:13
stefano.crapanzano@chu.ulg.ac.be,C:\temp\screenshots\2021-03-31 14_09_46-AUSP  [Lecture seule] - Excel.png - Greenshot Éditeur d'Image,Helpdesk général,2021-03-31,14:15:06,00:00:02
stefano.crapanzano@chu.ulg.ac.be,C:\temp\screenshots\2021-03-31 14_09_46-AUSP  [Lecture seule] - Excel.png - Greenshot Éditeur d'Image,Helpdesk général,2021-03-31,16:43:49,00:00:03
stefano.crapanzano@chu.ulg.ac.be,PE2_203 - sftp://PE2U2FTP@153.89.110.38 - FileZilla,Helpdesk général,2021-03-31,14:15:47,00:00:14
stefano.crapanzano@chu.ulg.ac.be,PE2_203 - sftp://PE2U2FTP@153.89.110.38 - FileZilla,Helpdesk général,2021-03-31,14:16:21,00:00:03
stefano.crapanzano@chu.ulg.ac.be,PE2_203 - sftp://PE2U2FTP@153.89.110.38 - FileZilla,Helpdesk général,2021-03-31,14:16:31,00:00:02
stefano.crapanzano@chu.ulg.ac.be,PE2_203 - sftp://PE2U2FTP@153.89.110.38 - FileZilla,Helpdesk général,2021-03-31,14:16:35,00:00:03
stefano.crapanzano@chu.ulg.ac.be,Demandes - Service d'assistance - Google Chrome,Tâches diverses,2021-03-31,14:40:33,00:00:09
stefano.crapanzano@chu.ulg.ac.be,Demandes - Service d'assistance - Google Chrome,Tâches diverses,2021-03-31,14:58:17,00:00:07
stefano.crapanzano@chu.ulg.ac.be,Demandes - Service d'assistance - Google Chrome,Tâches diverses,2021-03-31,16:44:47,00:00:04
stefano.crapanzano@chu.ulg.ac.be,Demandes - Service d'assistance - Google Chrome,Tâches diverses,2021-03-31,16:44:54,00:00:04
stefano.crapanzano@chu.ulg.ac.be,Sélectionnez l’objet utilisateur à changer | Site d’administration de Django - Google Chrome,Tâches diverses,2021-03-31,14:54:00,00:00:03
stefano.crapanzano@chu.ulg.ac.be,Sélectionnez l’objet utilisateur à changer | Site d’administration de Django - Google Chrome,Tâches diverses,2021-03-31,14:54:12,00:00:02
stefano.crapanzano@chu.ulg.ac.be,Sélectionnez l’objet utilisateur à changer | Site d’administration de Django - Google Chrome,Tâches diverses,2021-03-31,14:54:19,00:00:02
stefano.crapanzano@chu.ulg.ac.be,Sélectionnez l’objet utilisateur à changer | Site d’administration de Django - Google Chrome,Tâches diverses,2021-03-31,14:54:24,00:00:02
stefano.crapanzano@chu.ulg.ac.be,Sélectionnez l’objet utilisateur à changer | Site d’administration de Django - Google Chrome,Tâches diverses,2021-03-31,14:54:35,00:00:02
stefano.crapanzano@chu.ulg.ac.be,Sélectionnez l’objet utilisateur à changer | Site d’administration de Django - Google Chrome,Tâches diverses,2021-03-31,16:44:10,00:00:07
stefano.crapanzano@chu.ulg.ac.be,Sélectionnez l’objet utilisateur à changer | Site d’administration de Django - Google Chrome,Tâches diverses,2021-03-31,16:44:24,00:00:02
stefano.crapanzano@chu.ulg.ac.be,Sélectionnez l’objet utilisateur à changer | Site d’administration de Django - Google Chrome,Tâches diverses,2021-03-31,16:44:27,00:00:03
stefano.crapanzano@chu.ulg.ac.be,Sélectionnez l’objet utilisateur à changer | Site d’administration de Django - Google Chrome,Tâches diverses,2021-03-31,16:44:32,00:00:03
stefano.crapanzano@chu.ulg.ac.be,Modification de utilisateur | Site d’administration de Django - Google Chrome,Tâches diverses,2021-03-31,14:54:06,00:00:06
stefano.crapanzano@chu.ulg.ac.be,Modification de utilisateur | Site d’administration de Django - Google Chrome,Tâches diverses,2021-03-31,14:54:17,00:00:02
stefano.crapanzano@chu.ulg.ac.be,Modification de utilisateur | Site d’administration de Django - Google Chrome,Tâches diverses,2021-03-31,14:54:21,00:00:02
stefano.crapanzano@chu.ulg.ac.be,Modification de utilisateur | Site d’administration de Django - Google Chrome,Tâches diverses,2021-03-31,14:54:26,00:00:03
stefano.crapanzano@chu.ulg.ac.be,Modification de utilisateur | Site d’administration de Django - Google Chrome,Tâches diverses,2021-03-31,14:54:31,00:00:03
stefano.crapanzano@chu.ulg.ac.be,Modification de utilisateur | Site d’administration de Django - Google Chrome,Tâches diverses,2021-03-31,16:44:18,00:00:02
stefano.crapanzano@chu.ulg.ac.be,Modification de utilisateur | Site d’administration de Django - Google Chrome,Tâches diverses,2021-03-31,16:44:21,00:00:02
stefano.crapanzano@chu.ulg.ac.be,(1) faire un job qui contrôle ZI103 - To Do - Google Chrome,Tâches diverses,2021-03-31,14:57:56,00:00:03
stefano.crapanzano@chu.ulg.ac.be,faire un job qui contrôle ZI103 - To Do - Google Chrome,Tâches diverses,2021-03-31,14:58:02,00:00:04
stefano.crapanzano@chu.ulg.ac.be,P203 CHU Date facture et Date Comptable modifiée lors du retour APO - Bienvenue! Vous pouvez poser une demande de Service Desk ERP for HealthCare parmi les options fournies. - Service d'assistance - Google Chrome,Tâches diverses,2021-03-31,14:58:10,00:00:07
stefano.crapanzano@chu.ulg.ac.be,P203 CHU Injection de la facturation - Bienvenue! Vous pouvez poser une demande de Service Desk ERP for HealthCare parmi les options fournies. - Service d'assistance - Google Chrome,Tâches diverses,2021-03-31,14:58:25,00:00:25
stefano.crapanzano@chu.ulg.ac.be,P203 CHU Injection de la facturation - Bienvenue! Vous pouvez poser une demande de Service Desk ERP for HealthCare parmi les options fournies. - Service d'assistance - Google Chrome,Tâches diverses,2021-03-31,14:59:40,00:00:12
stefano.crapanzano@chu.ulg.ac.be,P203 CHU Injection de la facturation - Bienvenue! Vous pouvez poser une demande de Service Desk ERP for HealthCare parmi les options fournies. - Service d'assistance - Google Chrome,Tâches diverses,2021-03-31,15:00:33,00:00:02
stefano.crapanzano@chu.ulg.ac.be,P203 CHU Injection de la facturation - Bienvenue! Vous pouvez poser une demande de Service Desk ERP for HealthCare parmi les options fournies. - Service d'assistance - Google Chrome,Tâches diverses,2021-03-31,15:01:05,00:00:04
stefano.crapanzano@chu.ulg.ac.be,P203 CHU Injection de la facturation - Bienvenue! Vous pouvez poser une demande de Service Desk ERP for HealthCare parmi les options fournies. - Service d'assistance - Google Chrome,Tâches diverses,2021-03-31,16:44:04,00:00:06
stefano.crapanzano@chu.ulg.ac.be,P203 CHU Injection de la facturation - Bienvenue! Vous pouvez poser une demande de Service Desk ERP for HealthCare parmi les options fournies. - Service d'assistance - Google Chrome,Tâches diverses,2021-03-31,16:44:36,00:00:10
stefano.crapanzano@chu.ulg.ac.be,Quitter la gestion de l'affichage rapide,Exploration SAP,2021-03-31,14:58:56,00:00:02
stefano.crapanzano@chu.ulg.ac.be,Tous les éléments Outlook - Zimbra - Stefano Crapanzano - Outlook,Helpdesk général,2021-03-31,16:20:36,00:00:26
stefano.crapanzano@chu.ulg.ac.be,Tous les éléments Outlook - Zimbra - Stefano Crapanzano - Outlook,Helpdesk général,2021-03-31,16:21:39,00:00:15
stefano.crapanzano@chu.ulg.ac.be,Tous les éléments Outlook - Zimbra - Stefano Crapanzano - Outlook,Helpdesk général,2021-03-31,16:22:05,00:00:09
stefano.crapanzano@chu.ulg.ac.be,Tous les éléments Outlook - Zimbra - Stefano Crapanzano - Outlook,Helpdesk général,2021-03-31,16:22:17,00:00:12
stefano.crapanzano@chu.ulg.ac.be,Tous les éléments Outlook - Zimbra - Stefano Crapanzano - Outlook,Helpdesk général,2021-03-31,16:22:31,00:00:02
stefano.crapanzano@chu.ulg.ac.be,Tous les éléments Outlook - Zimbra - Stefano Crapanzano - Outlook,Helpdesk général,2021-03-31,16:22:48,00:00:25
stefano.crapanzano@chu.ulg.ac.be,Tous les éléments Outlook - Zimbra - Stefano Crapanzano - Outlook,Helpdesk général,2021-03-31,16:23:37,00:00:13
stefano.crapanzano@chu.ulg.ac.be,Tous les éléments Outlook - Zimbra - Stefano Crapanzano - Outlook,Helpdesk général,2021-03-31,16:25:37,00:00:03
stefano.crapanzano@chu.ulg.ac.be,RE: CHU. Accès aux données - POC - Message (HTML),Helpdesk général,2021-03-31,16:25:45,00:00:03
stefano.crapanzano@chu.ulg.ac.be,RE: CHU. Accès aux données - POC - Message (HTML),Helpdesk général,2021-03-31,16:25:56,00:00:02
stefano.crapanzano@chu.ulg.ac.be,RE: CHU. Accès aux données - POC - Message (HTML),Helpdesk général,2021-03-31,16:26:37,00:00:16
stefano.crapanzano@chu.ulg.ac.be,RE: CHU. Accès aux données - POC - Message (HTML),Helpdesk général,2021-03-31,16:27:02,00:00:09
stefano.crapanzano@chu.ulg.ac.be,RE: CHU. Accès aux données - POC - Message (HTML),Helpdesk général,2021-03-31,16:27:13,00:00:03
stefano.crapanzano@chu.ulg.ac.be,RE: CHU. Accès aux données - POC - Message (HTML),Helpdesk général,2021-03-31,16:27:45,00:00:25
stefano.crapanzano@chu.ulg.ac.be,RE: CHU. Accès aux données - POC - Message (HTML),Helpdesk général,2021-03-31,16:28:20,00:00:26
stefano.crapanzano@chu.ulg.ac.be,Téléchargement automatique des images,Helpdesk général,2021-03-31,16:25:49,00:00:07
stefano.crapanzano@chu.ulg.ac.be,Téléchargement automatique des images,Helpdesk général,2021-03-31,16:25:59,00:00:02
stefano.crapanzano@chu.ulg.ac.be,P203 CHU GOAL - Ajout de la table AUSP dans extract BI - Bienvenue! Vous pouvez poser une demande de Service Desk ERP for HealthCare parmi les options fournies. - Service d'assistance - Google Chrome,Tâches diverses,2021-03-31,16:44:51,00:00:02
stefano.crapanzano@chu.ulg.ac.be,_SYS_BIC sap - Recherche Google - Google Chrome,Tâches diverses,2021-03-31,16:52:14,00:00:02
stefano.crapanzano@chu.ulg.ac.be,_SYS_BIC sap - Recherche Google - Google Chrome,Tâches diverses,2021-03-31,16:53:35,00:00:17
stefano.crapanzano@chu.ulg.ac.be,_SYS_BIC sap - Recherche Google - Google Chrome,Tâches diverses,2021-03-31,16:54:07,00:00:09
stefano.crapanzano@chu.ulg.ac.be,What is _SYS_BIC and _SYS_REPO  and their differences? | SAP Community - Google Chrome,Tâches diverses,2021-03-31,16:52:17,00:00:33
stefano.crapanzano@chu.ulg.ac.be,What is _SYS_BIC and _SYS_REPO  and their differences? | SAP Community - Google Chrome,Tâches diverses,2021-03-31,16:53:21,00:00:14
stefano.crapanzano@chu.ulg.ac.be,Use of _SYS_BIC schema in SAP HANA - Google Chrome,Tâches diverses,2021-03-31,16:54:17,00:00:04
stefano.crapanzano@chu.ulg.ac.be,Use of _SYS_BIC schema in SAP HANA - Google Chrome,Tâches diverses,2021-03-31,16:55:21,00:00:23
