Email,Description,Project,Start date,Start time,Duration
stefano.crapanzano@chu.ulg.ac.be,Boîte de réception - erp.sai@chuliege.be - Outlook,IT,2021-04-01,08:27:44,00:00:02
stefano.crapanzano@chu.ulg.ac.be,Boîte de réception - erp.sai@chuliege.be - Outlook,Helpdesk général,2021-04-01,09:01:13,00:00:02
stefano.crapanzano@chu.ulg.ac.be,Boîte de réception - erp.sai@chuliege.be - Outlook,Helpdesk général,2021-04-01,09:10:25,00:00:04
stefano.crapanzano@chu.ulg.ac.be,Boîte de réception - erp.sai@chuliege.be - Outlook,Helpdesk général,2021-04-01,09:12:36,00:00:14
stefano.crapanzano@chu.ulg.ac.be,Boîte de réception - erp.sai@chuliege.be - Outlook,Helpdesk général,2021-04-01,09:15:06,00:00:10
stefano.crapanzano@chu.ulg.ac.be,Boîte de réception - erp.sai@chuliege.be - Outlook,Helpdesk général,2021-04-01,09:15:37,00:00:19
stefano.crapanzano@chu.ulg.ac.be,Boîte de réception - erp.sai@chuliege.be - Outlook,Helpdesk général,2021-04-01,09:17:12,00:00:21
stefano.crapanzano@chu.ulg.ac.be,Boîte de réception - erp.sai@chuliege.be - Outlook,Helpdesk général,2021-04-01,09:17:36,00:00:02
stefano.crapanzano@chu.ulg.ac.be,Boîte de réception - erp.sai@chuliege.be - Outlook,Helpdesk général,2021-04-01,09:18:59,00:00:06
stefano.crapanzano@chu.ulg.ac.be,Boîte de réception - erp.sai@chuliege.be - Outlook,Helpdesk général,2021-04-01,09:59:25,00:00:34
stefano.crapanzano@chu.ulg.ac.be,Boîte de réception - erp.sai@chuliege.be - Outlook,Helpdesk général,2021-04-01,10:02:12,00:00:07
stefano.crapanzano@chu.ulg.ac.be,Boîte de réception - erp.sai@chuliege.be - Outlook,Helpdesk général,2021-04-01,10:08:37,00:00:19
stefano.crapanzano@chu.ulg.ac.be,Boîte de réception - erp.sai@chuliege.be - Outlook,Helpdesk général,2021-04-01,10:26:00,00:00:02
stefano.crapanzano@chu.ulg.ac.be,Boîte de réception - erp.sai@chuliege.be - Outlook,Helpdesk général,2021-04-01,10:36:21,00:00:07
stefano.crapanzano@chu.ulg.ac.be,Boîte de réception - erp.sai@chuliege.be - Outlook,Helpdesk général,2021-04-01,10:45:51,00:00:12
stefano.crapanzano@chu.ulg.ac.be,Boîte de réception - erp.sai@chuliege.be - Outlook,Helpdesk général,2021-04-01,10:55:39,00:00:03
stefano.crapanzano@chu.ulg.ac.be,Boîte de réception - erp.sai@chuliege.be - Outlook,Helpdesk général,2021-04-01,11:21:24,00:00:03
stefano.crapanzano@chu.ulg.ac.be,Boîte de réception - erp.sai@chuliege.be - Outlook,Helpdesk général,2021-04-01,11:21:53,00:00:02
stefano.crapanzano@chu.ulg.ac.be,Boîte de réception - erp.sai@chuliege.be - Outlook,Helpdesk général,2021-04-01,11:21:59,00:03:07
stefano.crapanzano@chu.ulg.ac.be,Boîte de réception - erp.sai@chuliege.be - Outlook,Helpdesk général,2021-04-01,11:25:11,00:00:02
stefano.crapanzano@chu.ulg.ac.be,Boîte de réception - erp.sai@chuliege.be - Outlook,Helpdesk général,2021-04-01,12:42:12,00:00:09
stefano.crapanzano@chu.ulg.ac.be,Boîte de réception - erp.sai@chuliege.be - Outlook,Helpdesk général,2021-04-01,12:42:32,00:00:10
stefano.crapanzano@chu.ulg.ac.be,Boîte de réception - erp.sai@chuliege.be - Outlook,Helpdesk général,2021-04-01,13:49:23,00:00:03
stefano.crapanzano@chu.ulg.ac.be,Boîte de réception - erp.sai@chuliege.be - Outlook,Helpdesk général,2021-04-01,14:32:38,00:00:08
stefano.crapanzano@chu.ulg.ac.be,Boîte de réception - erp.sai@chuliege.be - Outlook,Helpdesk général,2021-04-01,14:41:48,00:00:02
stefano.crapanzano@chu.ulg.ac.be,Boîte de réception - erp.sai@chuliege.be - Outlook,Helpdesk général,2021-04-01,14:42:13,00:01:12
stefano.crapanzano@chu.ulg.ac.be,Boîte de réception - erp.sai@chuliege.be - Outlook,Helpdesk général,2021-04-01,14:43:29,00:00:06
stefano.crapanzano@chu.ulg.ac.be,Boîte de réception - erp.sai@chuliege.be - Outlook,Helpdesk général,2021-04-01,15:54:55,00:00:04
stefano.crapanzano@chu.ulg.ac.be,Boîte de réception - erp.sai@chuliege.be - Outlook,Helpdesk général,2021-04-01,16:00:15,00:00:03
stefano.crapanzano@chu.ulg.ac.be,Boîte de réception - erp.sai@chuliege.be - Outlook,Helpdesk général,2021-04-01,16:06:16,00:00:04
stefano.crapanzano@chu.ulg.ac.be,Boîte de réception - erp.sai@chuliege.be - Outlook,Helpdesk général,2021-04-01,16:14:14,00:00:03
stefano.crapanzano@chu.ulg.ac.be,Boîte de réception - erp.sai@chuliege.be - Outlook,Helpdesk général,2021-04-01,16:20:06,00:00:03
stefano.crapanzano@chu.ulg.ac.be,Boîte de réception - erp.sai@chuliege.be - Outlook,Helpdesk général,2021-04-01,16:22:44,00:00:02
stefano.crapanzano@chu.ulg.ac.be,Boîte de réception - erp.sai@chuliege.be - Outlook,Helpdesk général,2021-04-01,16:35:24,00:00:06
stefano.crapanzano@chu.ulg.ac.be,Boîte de réception - erp.sai@chuliege.be - Outlook,Helpdesk général,2021-04-01,17:01:53,00:00:30
stefano.crapanzano@chu.ulg.ac.be,Navigation système de fichier,IT,2021-04-01,08:27:46,00:00:03
stefano.crapanzano@chu.ulg.ac.be,Navigation système de fichier,IT,2021-04-01,08:38:53,00:00:04
stefano.crapanzano@chu.ulg.ac.be,Navigation système de fichier,IT,2021-04-01,08:41:27,00:00:03
stefano.crapanzano@chu.ulg.ac.be,Navigation système de fichier,IT,2021-04-01,08:48:52,00:00:02
stefano.crapanzano@chu.ulg.ac.be,Navigation système de fichier,IT,2021-04-01,08:56:07,00:00:02
stefano.crapanzano@chu.ulg.ac.be,Navigation système de fichier,IT,2021-04-01,09:06:28,00:00:02
stefano.crapanzano@chu.ulg.ac.be,Navigation système de fichier,IT,2021-04-01,09:07:43,00:00:03
stefano.crapanzano@chu.ulg.ac.be,Navigation système de fichier,IT,2021-04-01,09:08:30,00:00:03
stefano.crapanzano@chu.ulg.ac.be,Navigation système de fichier,IT,2021-04-01,09:09:05,00:00:02
stefano.crapanzano@chu.ulg.ac.be,Navigation système de fichier,IT,2021-04-01,09:10:18,00:00:02
stefano.crapanzano@chu.ulg.ac.be,Navigation système de fichier,IT,2021-04-01,09:10:51,00:00:02
stefano.crapanzano@chu.ulg.ac.be,Navigation système de fichier,IT,2021-04-01,09:11:31,00:00:02
stefano.crapanzano@chu.ulg.ac.be,Navigation système de fichier,IT,2021-04-01,09:12:27,00:00:02
stefano.crapanzano@chu.ulg.ac.be,Navigation système de fichier,IT,2021-04-01,09:12:50,00:00:05
stefano.crapanzano@chu.ulg.ac.be,Navigation système de fichier,IT,2021-04-01,09:13:06,00:00:03
stefano.crapanzano@chu.ulg.ac.be,Navigation système de fichier,IT,2021-04-01,09:13:41,00:00:02
stefano.crapanzano@chu.ulg.ac.be,Navigation système de fichier,IT,2021-04-01,09:16:02,00:00:02
stefano.crapanzano@chu.ulg.ac.be,Navigation système de fichier,IT,2021-04-01,09:16:35,00:00:02
stefano.crapanzano@chu.ulg.ac.be,Navigation système de fichier,IT,2021-04-01,09:41:07,00:00:03
stefano.crapanzano@chu.ulg.ac.be,Navigation système de fichier,IT,2021-04-01,10:04:03,00:00:02
stefano.crapanzano@chu.ulg.ac.be,Navigation système de fichier,IT,2021-04-01,10:04:45,00:00:02
stefano.crapanzano@chu.ulg.ac.be,Navigation système de fichier,IT,2021-04-01,10:09:56,00:00:02
stefano.crapanzano@chu.ulg.ac.be,Navigation système de fichier,IT,2021-04-01,10:19:29,00:00:03
stefano.crapanzano@chu.ulg.ac.be,Navigation système de fichier,IT,2021-04-01,10:25:05,00:00:15
stefano.crapanzano@chu.ulg.ac.be,Navigation système de fichier,IT,2021-04-01,10:25:28,00:00:05
stefano.crapanzano@chu.ulg.ac.be,Navigation système de fichier,IT,2021-04-01,10:25:34,00:00:25
stefano.crapanzano@chu.ulg.ac.be,Navigation système de fichier,IT,2021-04-01,10:26:02,00:00:11
stefano.crapanzano@chu.ulg.ac.be,Navigation système de fichier,IT,2021-04-01,10:26:20,00:00:21
stefano.crapanzano@chu.ulg.ac.be,Navigation système de fichier,IT,2021-04-01,10:27:06,00:00:05
stefano.crapanzano@chu.ulg.ac.be,Navigation système de fichier,IT,2021-04-01,10:27:49,00:00:02
stefano.crapanzano@chu.ulg.ac.be,Navigation système de fichier,IT,2021-04-01,10:27:57,00:00:03
stefano.crapanzano@chu.ulg.ac.be,Navigation système de fichier,IT,2021-04-01,10:28:17,00:00:12
stefano.crapanzano@chu.ulg.ac.be,Navigation système de fichier,IT,2021-04-01,10:30:59,00:00:13
stefano.crapanzano@chu.ulg.ac.be,Navigation système de fichier,IT,2021-04-01,10:32:44,00:00:04
stefano.crapanzano@chu.ulg.ac.be,Navigation système de fichier,IT,2021-04-01,10:35:03,00:00:16
stefano.crapanzano@chu.ulg.ac.be,Navigation système de fichier,IT,2021-04-01,10:38:17,00:00:03
stefano.crapanzano@chu.ulg.ac.be,Navigation système de fichier,IT,2021-04-01,10:38:45,00:00:05
stefano.crapanzano@chu.ulg.ac.be,Navigation système de fichier,IT,2021-04-01,10:39:50,00:00:02
stefano.crapanzano@chu.ulg.ac.be,Navigation système de fichier,IT,2021-04-01,10:46:38,00:00:02
stefano.crapanzano@chu.ulg.ac.be,Navigation système de fichier,IT,2021-04-01,10:55:33,00:00:02
stefano.crapanzano@chu.ulg.ac.be,Navigation système de fichier,IT,2021-04-01,10:55:43,00:00:02
stefano.crapanzano@chu.ulg.ac.be,Navigation système de fichier,IT,2021-04-01,10:58:01,00:00:02
stefano.crapanzano@chu.ulg.ac.be,Navigation système de fichier,IT,2021-04-01,11:14:42,00:00:02
stefano.crapanzano@chu.ulg.ac.be,Navigation système de fichier,IT,2021-04-01,11:16:09,00:00:03
stefano.crapanzano@chu.ulg.ac.be,Navigation système de fichier,IT,2021-04-01,11:25:13,00:00:02
stefano.crapanzano@chu.ulg.ac.be,Navigation système de fichier,IT,2021-04-01,11:31:26,00:00:03
stefano.crapanzano@chu.ulg.ac.be,Navigation système de fichier,IT,2021-04-01,11:32:30,00:00:04
stefano.crapanzano@chu.ulg.ac.be,Navigation système de fichier,IT,2021-04-01,11:32:58,00:00:02
stefano.crapanzano@chu.ulg.ac.be,Navigation système de fichier,IT,2021-04-01,13:41:23,00:00:03
stefano.crapanzano@chu.ulg.ac.be,Navigation système de fichier,IT,2021-04-01,13:49:21,00:00:02
stefano.crapanzano@chu.ulg.ac.be,Navigation système de fichier,IT,2021-04-01,14:02:56,00:00:02
stefano.crapanzano@chu.ulg.ac.be,Navigation système de fichier,IT,2021-04-01,14:05:52,00:00:03
stefano.crapanzano@chu.ulg.ac.be,Navigation système de fichier,IT,2021-04-01,14:06:58,00:00:03
stefano.crapanzano@chu.ulg.ac.be,Navigation système de fichier,IT,2021-04-01,14:07:19,00:00:02
stefano.crapanzano@chu.ulg.ac.be,Navigation système de fichier,IT,2021-04-01,14:32:32,00:00:02
stefano.crapanzano@chu.ulg.ac.be,Navigation système de fichier,IT,2021-04-01,14:39:33,00:00:03
stefano.crapanzano@chu.ulg.ac.be,Navigation système de fichier,IT,2021-04-01,14:39:51,00:00:03
stefano.crapanzano@chu.ulg.ac.be,Navigation système de fichier,IT,2021-04-01,14:43:25,00:00:03
stefano.crapanzano@chu.ulg.ac.be,Navigation système de fichier,IT,2021-04-01,14:48:18,00:00:02
stefano.crapanzano@chu.ulg.ac.be,Navigation système de fichier,IT,2021-04-01,14:48:23,00:00:03
stefano.crapanzano@chu.ulg.ac.be,Navigation système de fichier,IT,2021-04-01,14:53:05,00:00:02
stefano.crapanzano@chu.ulg.ac.be,Navigation système de fichier,IT,2021-04-01,14:55:22,00:00:02
stefano.crapanzano@chu.ulg.ac.be,Navigation système de fichier,IT,2021-04-01,14:58:14,00:00:02
stefano.crapanzano@chu.ulg.ac.be,Navigation système de fichier,IT,2021-04-01,15:01:25,00:00:05
stefano.crapanzano@chu.ulg.ac.be,Navigation système de fichier,IT,2021-04-01,15:04:38,00:00:03
stefano.crapanzano@chu.ulg.ac.be,Navigation système de fichier,IT,2021-04-01,15:13:50,00:00:02
stefano.crapanzano@chu.ulg.ac.be,Navigation système de fichier,IT,2021-04-01,15:16:17,00:00:02
stefano.crapanzano@chu.ulg.ac.be,Navigation système de fichier,IT,2021-04-01,15:18:09,00:00:06
stefano.crapanzano@chu.ulg.ac.be,Navigation système de fichier,IT,2021-04-01,15:22:17,00:00:02
stefano.crapanzano@chu.ulg.ac.be,Navigation système de fichier,IT,2021-04-01,15:48:01,00:00:03
stefano.crapanzano@chu.ulg.ac.be,Navigation système de fichier,IT,2021-04-01,15:48:48,00:00:03
stefano.crapanzano@chu.ulg.ac.be,Navigation système de fichier,IT,2021-04-01,15:49:27,00:00:05
stefano.crapanzano@chu.ulg.ac.be,Navigation système de fichier,IT,2021-04-01,15:55:48,00:00:04
stefano.crapanzano@chu.ulg.ac.be,Navigation système de fichier,IT,2021-04-01,15:55:56,00:00:06
stefano.crapanzano@chu.ulg.ac.be,Navigation système de fichier,IT,2021-04-01,15:57:22,00:00:02
stefano.crapanzano@chu.ulg.ac.be,Navigation système de fichier,IT,2021-04-01,15:59:55,00:00:02
stefano.crapanzano@chu.ulg.ac.be,Navigation système de fichier,IT,2021-04-01,16:06:11,00:00:02
stefano.crapanzano@chu.ulg.ac.be,Navigation système de fichier,IT,2021-04-01,16:08:53,00:00:02
stefano.crapanzano@chu.ulg.ac.be,Navigation système de fichier,IT,2021-04-01,16:17:14,00:00:03
stefano.crapanzano@chu.ulg.ac.be,Navigation système de fichier,IT,2021-04-01,16:26:26,00:00:02
stefano.crapanzano@chu.ulg.ac.be,Programmation,IT,2021-04-01,08:27:50,00:06:00
stefano.crapanzano@chu.ulg.ac.be,Programmation,IT,2021-04-01,08:33:51,00:01:08
stefano.crapanzano@chu.ulg.ac.be,Programmation,IT,2021-04-01,08:35:05,00:03:18
stefano.crapanzano@chu.ulg.ac.be,Programmation,IT,2021-04-01,08:41:30,00:07:21
stefano.crapanzano@chu.ulg.ac.be,Programmation,IT,2021-04-01,08:49:16,00:06:51
stefano.crapanzano@chu.ulg.ac.be,Programmation,IT,2021-04-01,08:56:25,00:04:46
stefano.crapanzano@chu.ulg.ac.be,Programmation,IT,2021-04-01,09:01:17,00:02:05
stefano.crapanzano@chu.ulg.ac.be,Programmation,IT,2021-04-01,09:03:34,00:00:24
stefano.crapanzano@chu.ulg.ac.be,Programmation,IT,2021-04-01,09:04:04,00:00:03
stefano.crapanzano@chu.ulg.ac.be,Programmation,IT,2021-04-01,09:04:11,00:00:04
stefano.crapanzano@chu.ulg.ac.be,Programmation,IT,2021-04-01,09:04:21,00:00:06
stefano.crapanzano@chu.ulg.ac.be,Programmation,IT,2021-04-01,09:04:34,00:00:02
stefano.crapanzano@chu.ulg.ac.be,Programmation,IT,2021-04-01,09:04:46,00:00:07
stefano.crapanzano@chu.ulg.ac.be,Programmation,IT,2021-04-01,09:05:00,00:00:15
stefano.crapanzano@chu.ulg.ac.be,Programmation,IT,2021-04-01,09:05:30,00:00:04
stefano.crapanzano@chu.ulg.ac.be,Programmation,IT,2021-04-01,09:05:39,00:00:05
stefano.crapanzano@chu.ulg.ac.be,Programmation,IT,2021-04-01,09:05:46,00:00:02
stefano.crapanzano@chu.ulg.ac.be,Programmation,IT,2021-04-01,09:05:55,00:00:04
stefano.crapanzano@chu.ulg.ac.be,Programmation,IT,2021-04-01,09:06:03,00:00:03
stefano.crapanzano@chu.ulg.ac.be,Programmation,IT,2021-04-01,09:06:12,00:00:03
stefano.crapanzano@chu.ulg.ac.be,Programmation,IT,2021-04-01,09:12:55,00:00:11
stefano.crapanzano@chu.ulg.ac.be,Programmation,IT,2021-04-01,09:15:57,00:00:04
stefano.crapanzano@chu.ulg.ac.be,Programmation,IT,2021-04-01,09:16:28,00:00:06
stefano.crapanzano@chu.ulg.ac.be,Programmation,IT,2021-04-01,09:16:52,00:00:03
stefano.crapanzano@chu.ulg.ac.be,Programmation,IT,2021-04-01,09:19:17,00:00:03
stefano.crapanzano@chu.ulg.ac.be,Programmation,IT,2021-04-01,09:19:57,00:00:02
stefano.crapanzano@chu.ulg.ac.be,Programmation,IT,2021-04-01,09:20:07,00:00:05
stefano.crapanzano@chu.ulg.ac.be,Programmation,IT,2021-04-01,09:20:17,00:00:02
stefano.crapanzano@chu.ulg.ac.be,Programmation,IT,2021-04-01,09:20:23,00:00:05
stefano.crapanzano@chu.ulg.ac.be,Programmation,IT,2021-04-01,09:20:32,00:00:03
stefano.crapanzano@chu.ulg.ac.be,Programmation,IT,2021-04-01,09:20:39,00:00:05
stefano.crapanzano@chu.ulg.ac.be,Programmation,IT,2021-04-01,09:20:48,00:00:07
stefano.crapanzano@chu.ulg.ac.be,Programmation,IT,2021-04-01,09:21:01,00:00:06
stefano.crapanzano@chu.ulg.ac.be,Programmation,IT,2021-04-01,09:21:13,00:00:02
stefano.crapanzano@chu.ulg.ac.be,Programmation,IT,2021-04-01,09:21:30,00:00:03
stefano.crapanzano@chu.ulg.ac.be,Programmation,IT,2021-04-01,09:21:37,00:05:11
stefano.crapanzano@chu.ulg.ac.be,Programmation,IT,2021-04-01,09:28:40,00:00:03
stefano.crapanzano@chu.ulg.ac.be,Programmation,IT,2021-04-01,09:28:55,00:12:11
stefano.crapanzano@chu.ulg.ac.be,Programmation,IT,2021-04-01,09:41:43,00:00:36
stefano.crapanzano@chu.ulg.ac.be,Programmation,IT,2021-04-01,09:42:35,00:00:07
stefano.crapanzano@chu.ulg.ac.be,Programmation,IT,2021-04-01,09:44:20,00:02:55
stefano.crapanzano@chu.ulg.ac.be,Programmation,IT,2021-04-01,09:48:46,00:06:52
stefano.crapanzano@chu.ulg.ac.be,Programmation,IT,2021-04-01,09:55:56,00:03:21
stefano.crapanzano@chu.ulg.ac.be,Programmation,IT,2021-04-01,10:01:10,00:00:17
stefano.crapanzano@chu.ulg.ac.be,Programmation,IT,2021-04-01,10:01:33,00:00:06
stefano.crapanzano@chu.ulg.ac.be,Programmation,IT,2021-04-01,10:01:44,00:00:27
stefano.crapanzano@chu.ulg.ac.be,Programmation,IT,2021-04-01,10:02:19,00:01:43
stefano.crapanzano@chu.ulg.ac.be,Programmation,IT,2021-04-01,10:04:47,00:00:20
stefano.crapanzano@chu.ulg.ac.be,Programmation,IT,2021-04-01,10:05:32,00:00:08
stefano.crapanzano@chu.ulg.ac.be,Programmation,IT,2021-04-01,10:05:44,00:00:21
stefano.crapanzano@chu.ulg.ac.be,Programmation,IT,2021-04-01,10:06:40,00:00:18
stefano.crapanzano@chu.ulg.ac.be,Programmation,IT,2021-04-01,10:07:01,00:01:35
stefano.crapanzano@chu.ulg.ac.be,Programmation,IT,2021-04-01,10:08:56,00:00:59
stefano.crapanzano@chu.ulg.ac.be,Programmation,IT,2021-04-01,10:10:48,00:00:11
stefano.crapanzano@chu.ulg.ac.be,Programmation,IT,2021-04-01,10:11:03,00:00:13
stefano.crapanzano@chu.ulg.ac.be,Programmation,IT,2021-04-01,10:11:46,00:00:31
stefano.crapanzano@chu.ulg.ac.be,Programmation,IT,2021-04-01,10:13:31,00:02:29
stefano.crapanzano@chu.ulg.ac.be,Programmation,IT,2021-04-01,10:16:26,00:00:06
stefano.crapanzano@chu.ulg.ac.be,Programmation,IT,2021-04-01,10:19:09,00:00:19
stefano.crapanzano@chu.ulg.ac.be,Programmation,IT,2021-04-01,10:20:13,00:00:11
stefano.crapanzano@chu.ulg.ac.be,Programmation,IT,2021-04-01,10:22:52,00:00:05
stefano.crapanzano@chu.ulg.ac.be,Programmation,IT,2021-04-01,10:22:59,00:02:05
stefano.crapanzano@chu.ulg.ac.be,Programmation,IT,2021-04-01,10:26:42,00:00:24
stefano.crapanzano@chu.ulg.ac.be,Programmation,IT,2021-04-01,10:27:12,00:00:37
stefano.crapanzano@chu.ulg.ac.be,Programmation,IT,2021-04-01,10:27:51,00:00:05
stefano.crapanzano@chu.ulg.ac.be,Programmation,IT,2021-04-01,10:28:00,00:00:16
stefano.crapanzano@chu.ulg.ac.be,Programmation,IT,2021-04-01,10:28:29,00:02:29
stefano.crapanzano@chu.ulg.ac.be,Programmation,IT,2021-04-01,10:31:12,00:01:32
stefano.crapanzano@chu.ulg.ac.be,Programmation,IT,2021-04-01,10:32:52,00:02:08
stefano.crapanzano@chu.ulg.ac.be,Programmation,IT,2021-04-01,10:35:20,00:00:59
stefano.crapanzano@chu.ulg.ac.be,Programmation,IT,2021-04-01,10:36:29,00:01:48
stefano.crapanzano@chu.ulg.ac.be,Programmation,IT,2021-04-01,10:38:36,00:00:08
stefano.crapanzano@chu.ulg.ac.be,Programmation,IT,2021-04-01,10:39:12,00:00:06
stefano.crapanzano@chu.ulg.ac.be,Programmation,IT,2021-04-01,10:39:42,00:00:07
stefano.crapanzano@chu.ulg.ac.be,Programmation,IT,2021-04-01,10:45:25,00:00:07
stefano.crapanzano@chu.ulg.ac.be,Programmation,IT,2021-04-01,10:55:45,00:00:28
stefano.crapanzano@chu.ulg.ac.be,Programmation,IT,2021-04-01,11:16:13,00:00:58
stefano.crapanzano@chu.ulg.ac.be,Programmation,IT,2021-04-01,11:25:15,00:01:46
stefano.crapanzano@chu.ulg.ac.be,Programmation,IT,2021-04-01,11:27:03,00:04:22
stefano.crapanzano@chu.ulg.ac.be,Programmation,IT,2021-04-01,11:31:39,00:00:02
stefano.crapanzano@chu.ulg.ac.be,Programmation,IT,2021-04-01,11:33:01,00:00:30
stefano.crapanzano@chu.ulg.ac.be,Programmation,IT,2021-04-01,11:36:54,00:01:30
stefano.crapanzano@chu.ulg.ac.be,Programmation,IT,2021-04-01,11:38:31,00:01:32
stefano.crapanzano@chu.ulg.ac.be,Programmation,IT,2021-04-01,11:40:06,00:08:14
stefano.crapanzano@chu.ulg.ac.be,Programmation,IT,2021-04-01,11:48:22,00:53:48
stefano.crapanzano@chu.ulg.ac.be,Programmation,IT,2021-04-01,12:42:44,00:17:18
stefano.crapanzano@chu.ulg.ac.be,Programmation,IT,2021-04-01,13:00:05,00:02:00
stefano.crapanzano@chu.ulg.ac.be,Programmation,IT,2021-04-01,13:02:18,00:20:53
stefano.crapanzano@chu.ulg.ac.be,Programmation,IT,2021-04-01,13:23:51,00:00:19
stefano.crapanzano@chu.ulg.ac.be,Programmation,IT,2021-04-01,13:24:15,00:00:05
stefano.crapanzano@chu.ulg.ac.be,Programmation,IT,2021-04-01,13:24:23,00:00:06
stefano.crapanzano@chu.ulg.ac.be,Programmation,IT,2021-04-01,13:24:42,00:00:39
stefano.crapanzano@chu.ulg.ac.be,Programmation,IT,2021-04-01,13:25:53,00:00:08
stefano.crapanzano@chu.ulg.ac.be,Programmation,IT,2021-04-01,13:26:39,00:00:30
stefano.crapanzano@chu.ulg.ac.be,Programmation,IT,2021-04-01,13:27:16,00:00:02
stefano.crapanzano@chu.ulg.ac.be,Programmation,IT,2021-04-01,13:27:48,00:02:59
stefano.crapanzano@chu.ulg.ac.be,Programmation,IT,2021-04-01,13:31:09,00:10:14
stefano.crapanzano@chu.ulg.ac.be,Programmation,IT,2021-04-01,13:41:34,00:07:47
stefano.crapanzano@chu.ulg.ac.be,Programmation,IT,2021-04-01,13:49:31,00:04:34
stefano.crapanzano@chu.ulg.ac.be,Programmation,IT,2021-04-01,13:54:23,00:07:33
stefano.crapanzano@chu.ulg.ac.be,Programmation,IT,2021-04-01,14:02:01,00:00:06
stefano.crapanzano@chu.ulg.ac.be,Programmation,IT,2021-04-01,14:02:19,00:00:37
stefano.crapanzano@chu.ulg.ac.be,Programmation,IT,2021-04-01,14:03:49,00:00:17
stefano.crapanzano@chu.ulg.ac.be,Programmation,IT,2021-04-01,14:05:32,00:00:11
stefano.crapanzano@chu.ulg.ac.be,Programmation,IT,2021-04-01,14:05:55,00:00:11
stefano.crapanzano@chu.ulg.ac.be,Programmation,IT,2021-04-01,14:06:08,00:00:36
stefano.crapanzano@chu.ulg.ac.be,Programmation,IT,2021-04-01,14:06:55,00:00:03
stefano.crapanzano@chu.ulg.ac.be,Programmation,IT,2021-04-01,14:07:01,00:00:18
stefano.crapanzano@chu.ulg.ac.be,Programmation,IT,2021-04-01,14:07:34,00:00:24
stefano.crapanzano@chu.ulg.ac.be,Programmation,IT,2021-04-01,14:08:13,00:00:11
stefano.crapanzano@chu.ulg.ac.be,Programmation,IT,2021-04-01,14:08:38,00:00:08
stefano.crapanzano@chu.ulg.ac.be,Programmation,IT,2021-04-01,14:09:42,00:00:31
stefano.crapanzano@chu.ulg.ac.be,Programmation,IT,2021-04-01,14:10:14,00:01:01
stefano.crapanzano@chu.ulg.ac.be,Programmation,IT,2021-04-01,14:11:18,00:11:17
stefano.crapanzano@chu.ulg.ac.be,Programmation,IT,2021-04-01,14:23:20,00:00:06
stefano.crapanzano@chu.ulg.ac.be,Programmation,IT,2021-04-01,14:23:49,00:00:37
stefano.crapanzano@chu.ulg.ac.be,Programmation,IT,2021-04-01,14:24:31,00:03:50
stefano.crapanzano@chu.ulg.ac.be,Programmation,IT,2021-04-01,14:28:30,00:00:32
stefano.crapanzano@chu.ulg.ac.be,Programmation,IT,2021-04-01,14:29:11,00:01:42
stefano.crapanzano@chu.ulg.ac.be,Programmation,IT,2021-04-01,14:30:58,00:00:02
stefano.crapanzano@chu.ulg.ac.be,Programmation,IT,2021-04-01,14:32:09,00:00:23
stefano.crapanzano@chu.ulg.ac.be,Programmation,IT,2021-04-01,14:32:47,00:00:04
stefano.crapanzano@chu.ulg.ac.be,Programmation,IT,2021-04-01,14:35:50,00:00:44
stefano.crapanzano@chu.ulg.ac.be,Programmation,IT,2021-04-01,14:36:37,00:00:45
stefano.crapanzano@chu.ulg.ac.be,Programmation,IT,2021-04-01,14:37:29,00:00:48
stefano.crapanzano@chu.ulg.ac.be,Programmation,IT,2021-04-01,14:38:28,00:01:01
stefano.crapanzano@chu.ulg.ac.be,Programmation,IT,2021-04-01,14:39:54,00:01:52
stefano.crapanzano@chu.ulg.ac.be,Programmation,IT,2021-04-01,14:51:49,00:00:41
stefano.crapanzano@chu.ulg.ac.be,Programmation,IT,2021-04-01,14:52:58,00:00:06
stefano.crapanzano@chu.ulg.ac.be,Programmation,IT,2021-04-01,14:53:54,00:00:12
stefano.crapanzano@chu.ulg.ac.be,Programmation,IT,2021-04-01,14:54:41,00:00:26
stefano.crapanzano@chu.ulg.ac.be,Programmation,IT,2021-04-01,14:58:32,00:00:07
stefano.crapanzano@chu.ulg.ac.be,Programmation,IT,2021-04-01,14:58:57,00:00:06
stefano.crapanzano@chu.ulg.ac.be,Programmation,IT,2021-04-01,14:59:06,00:00:02
stefano.crapanzano@chu.ulg.ac.be,Programmation,IT,2021-04-01,14:59:19,00:00:03
stefano.crapanzano@chu.ulg.ac.be,Programmation,IT,2021-04-01,14:59:28,00:00:03
stefano.crapanzano@chu.ulg.ac.be,Programmation,IT,2021-04-01,15:08:14,00:02:12
stefano.crapanzano@chu.ulg.ac.be,Programmation,IT,2021-04-01,15:11:34,00:01:26
stefano.crapanzano@chu.ulg.ac.be,Programmation,IT,2021-04-01,15:13:18,00:00:08
stefano.crapanzano@chu.ulg.ac.be,Programmation,IT,2021-04-01,15:14:13,00:00:03
stefano.crapanzano@chu.ulg.ac.be,Programmation,IT,2021-04-01,15:14:48,00:00:02
stefano.crapanzano@chu.ulg.ac.be,Programmation,IT,2021-04-01,15:15:04,00:00:05
stefano.crapanzano@chu.ulg.ac.be,Programmation,IT,2021-04-01,15:22:19,00:00:39
stefano.crapanzano@chu.ulg.ac.be,Programmation,IT,2021-04-01,15:23:03,00:00:04
stefano.crapanzano@chu.ulg.ac.be,Programmation,IT,2021-04-01,15:23:57,00:04:42
stefano.crapanzano@chu.ulg.ac.be,Programmation,IT,2021-04-01,15:29:04,00:00:07
stefano.crapanzano@chu.ulg.ac.be,Programmation,IT,2021-04-01,15:30:15,00:00:12
stefano.crapanzano@chu.ulg.ac.be,Programmation,IT,2021-04-01,15:30:29,00:00:24
stefano.crapanzano@chu.ulg.ac.be,Programmation,IT,2021-04-01,15:30:56,00:00:08
stefano.crapanzano@chu.ulg.ac.be,Programmation,IT,2021-04-01,15:32:09,00:01:56
stefano.crapanzano@chu.ulg.ac.be,Programmation,IT,2021-04-01,15:34:34,00:05:14
stefano.crapanzano@chu.ulg.ac.be,Programmation,IT,2021-04-01,15:41:00,00:02:31
stefano.crapanzano@chu.ulg.ac.be,Programmation,IT,2021-04-01,15:43:32,00:00:06
stefano.crapanzano@chu.ulg.ac.be,Programmation,IT,2021-04-01,15:43:40,00:00:35
stefano.crapanzano@chu.ulg.ac.be,Programmation,IT,2021-04-01,15:44:18,00:02:34
stefano.crapanzano@chu.ulg.ac.be,Programmation,IT,2021-04-01,15:47:01,00:00:17
stefano.crapanzano@chu.ulg.ac.be,Programmation,IT,2021-04-01,15:47:21,00:00:26
stefano.crapanzano@chu.ulg.ac.be,Programmation,IT,2021-04-01,15:47:54,00:00:07
stefano.crapanzano@chu.ulg.ac.be,Programmation,IT,2021-04-01,15:48:45,00:00:03
stefano.crapanzano@chu.ulg.ac.be,Programmation,IT,2021-04-01,15:48:51,00:00:35
stefano.crapanzano@chu.ulg.ac.be,Programmation,IT,2021-04-01,15:52:00,00:00:23
stefano.crapanzano@chu.ulg.ac.be,Programmation,IT,2021-04-01,15:52:40,00:00:10
stefano.crapanzano@chu.ulg.ac.be,Programmation,IT,2021-04-01,15:52:58,00:00:11
stefano.crapanzano@chu.ulg.ac.be,Programmation,IT,2021-04-01,15:53:11,00:00:29
stefano.crapanzano@chu.ulg.ac.be,Programmation,IT,2021-04-01,15:53:42,00:00:45
stefano.crapanzano@chu.ulg.ac.be,Programmation,IT,2021-04-01,16:02:01,00:04:09
stefano.crapanzano@chu.ulg.ac.be,Programmation,IT,2021-04-01,16:06:30,00:00:14
stefano.crapanzano@chu.ulg.ac.be,Programmation,IT,2021-04-01,16:26:28,00:02:40
stefano.crapanzano@chu.ulg.ac.be,Programmation,IT,2021-04-01,16:29:15,00:00:13
stefano.crapanzano@chu.ulg.ac.be,Programmation,IT,2021-04-01,16:29:29,00:05:52
stefano.crapanzano@chu.ulg.ac.be,taskeng.exe,IT,2021-04-01,08:35:00,00:00:03
stefano.crapanzano@chu.ulg.ac.be,taskeng.exe,IT,2021-04-01,13:00:02,00:00:02
stefano.crapanzano@chu.ulg.ac.be,\\si-s-serv24\indic_erp$\INPUT\GOAL\GOAL_AUSP_20210331.csv - Notepad++ [Administrator],IT,2021-04-01,08:38:57,00:00:02
stefano.crapanzano@chu.ulg.ac.be,*new 11 - Notepad++ [Administrator],IT,2021-04-01,08:39:00,00:00:02
stefano.crapanzano@chu.ulg.ac.be,*new 11 - Notepad++ [Administrator],IT,2021-04-01,08:39:14,00:00:03
stefano.crapanzano@chu.ulg.ac.be,*new 11 - Notepad++ [Administrator],IT,2021-04-01,08:40:23,00:00:15
stefano.crapanzano@chu.ulg.ac.be,*new 11 - Notepad++ [Administrator],IT,2021-04-01,08:40:42,00:00:13
stefano.crapanzano@chu.ulg.ac.be,*new 11 - Notepad++ [Administrator],IT,2021-04-01,08:41:00,00:00:04
stefano.crapanzano@chu.ulg.ac.be,*new 11 - Notepad++ [Administrator],IT,2021-04-01,08:41:10,00:00:16
stefano.crapanzano@chu.ulg.ac.be,*new 11 - Notepad++ [Administrator],IT,2021-04-01,08:48:59,00:00:15
stefano.crapanzano@chu.ulg.ac.be,*new 11 - Notepad++ [Administrator],IT,2021-04-01,09:03:24,00:00:10
stefano.crapanzano@chu.ulg.ac.be,*new 11 - Notepad++ [Administrator],IT,2021-04-01,09:03:59,00:00:05
stefano.crapanzano@chu.ulg.ac.be,*new 11 - Notepad++ [Administrator],IT,2021-04-01,09:04:08,00:00:03
stefano.crapanzano@chu.ulg.ac.be,*new 11 - Notepad++ [Administrator],IT,2021-04-01,09:04:16,00:00:03
stefano.crapanzano@chu.ulg.ac.be,*new 11 - Notepad++ [Administrator],IT,2021-04-01,09:04:28,00:00:06
stefano.crapanzano@chu.ulg.ac.be,*new 11 - Notepad++ [Administrator],IT,2021-04-01,09:04:37,00:00:09
stefano.crapanzano@chu.ulg.ac.be,*new 11 - Notepad++ [Administrator],IT,2021-04-01,09:04:54,00:00:06
stefano.crapanzano@chu.ulg.ac.be,*new 11 - Notepad++ [Administrator],IT,2021-04-01,09:05:16,00:00:13
stefano.crapanzano@chu.ulg.ac.be,*new 11 - Notepad++ [Administrator],IT,2021-04-01,09:05:35,00:00:04
stefano.crapanzano@chu.ulg.ac.be,*new 11 - Notepad++ [Administrator],IT,2021-04-01,09:05:49,00:00:04
stefano.crapanzano@chu.ulg.ac.be,*new 11 - Notepad++ [Administrator],IT,2021-04-01,09:05:59,00:00:02
stefano.crapanzano@chu.ulg.ac.be,*new 11 - Notepad++ [Administrator],IT,2021-04-01,09:06:06,00:00:05
stefano.crapanzano@chu.ulg.ac.be,*new 11 - Notepad++ [Administrator],IT,2021-04-01,09:06:16,00:00:03
stefano.crapanzano@chu.ulg.ac.be,*new 11 - Notepad++ [Administrator],IT,2021-04-01,09:06:20,00:00:07
stefano.crapanzano@chu.ulg.ac.be,*new 11 - Notepad++ [Administrator],IT,2021-04-01,09:12:33,00:00:02
stefano.crapanzano@chu.ulg.ac.be,*new 11 - Notepad++ [Administrator],IT,2021-04-01,10:25:20,00:00:07
stefano.crapanzano@chu.ulg.ac.be,Rechercher,IT,2021-04-01,08:39:02,00:00:07
stefano.crapanzano@chu.ulg.ac.be,Remplacer,IT,2021-04-01,08:39:09,00:00:04
stefano.crapanzano@chu.ulg.ac.be,comparaison_chargement_AE2_vs_GLIMSTEST2.xlsx  [Lecture seule] - Excel,Tâches diverses,2021-04-01,08:39:25,00:00:56
stefano.crapanzano@chu.ulg.ac.be,comparaison_chargement_AE2_vs_GLIMSTEST2.xlsx  [Lecture seule] - Excel,Tâches diverses,2021-04-01,08:40:39,00:00:02
stefano.crapanzano@chu.ulg.ac.be,comparaison_chargement_AE2_vs_GLIMSTEST2.xlsx  [Lecture seule] - Excel,Tâches diverses,2021-04-01,08:40:56,00:00:04
stefano.crapanzano@chu.ulg.ac.be,comparaison_chargement_AE2_vs_GLIMSTEST2.xlsx  [Lecture seule] - Excel,Tâches diverses,2021-04-01,08:41:05,00:00:04
stefano.crapanzano@chu.ulg.ac.be,comparaison_chargement_AE2_vs_GLIMSTEST2.xlsx  [Lecture seule] - Excel,Tâches diverses,2021-04-01,08:48:54,00:00:03
stefano.crapanzano@chu.ulg.ac.be,comparaison_chargement_AE2_vs_GLIMSTEST2.xlsx  [Lecture seule] - Excel,Tâches diverses,2021-04-01,09:06:30,00:01:13
stefano.crapanzano@chu.ulg.ac.be,comparaison_chargement_AE2_vs_GLIMSTEST2.xlsx  [Lecture seule] - Excel,Tâches diverses,2021-04-01,09:08:34,00:00:31
stefano.crapanzano@chu.ulg.ac.be,comparaison_chargement_AE2_vs_GLIMSTEST2.xlsx  [Lecture seule] - Excel,Tâches diverses,2021-04-01,09:09:07,00:00:17
stefano.crapanzano@chu.ulg.ac.be,comparaison_chargement_AE2_vs_GLIMSTEST2.xlsx  [Lecture seule] - Excel,Tâches diverses,2021-04-01,09:09:48,00:00:29
stefano.crapanzano@chu.ulg.ac.be,comparaison_chargement_AE2_vs_GLIMSTEST2.xlsx  [Lecture seule] - Excel,Tâches diverses,2021-04-01,09:13:10,00:00:30
stefano.crapanzano@chu.ulg.ac.be,comparaison_chargement_AE2_vs_GLIMSTEST2.xlsx  [Lecture seule] - Excel,Tâches diverses,2021-04-01,09:13:43,00:01:23
stefano.crapanzano@chu.ulg.ac.be,comparaison_chargement_AE2_vs_GLIMSTEST2.xlsx  [Lecture seule] - Excel,Tâches diverses,2021-04-01,09:16:04,00:00:22
stefano.crapanzano@chu.ulg.ac.be,comparaison_chargement_AE2_vs_GLIMSTEST2.xlsx  [Lecture seule] - Excel,Tâches diverses,2021-04-01,09:16:37,00:00:14
stefano.crapanzano@chu.ulg.ac.be,comparaison_chargement_AE2_vs_GLIMSTEST2.xlsx  [Lecture seule] - Excel,Tâches diverses,2021-04-01,09:16:55,00:00:16
stefano.crapanzano@chu.ulg.ac.be,comparaison_chargement_AE2_vs_GLIMSTEST2.xlsx  [Lecture seule] - Excel,Tâches diverses,2021-04-01,09:19:22,00:00:34
stefano.crapanzano@chu.ulg.ac.be,comparaison_chargement_AE2_vs_GLIMSTEST2.xlsx  [Lecture seule] - Excel,Tâches diverses,2021-04-01,09:19:59,00:00:02
stefano.crapanzano@chu.ulg.ac.be,comparaison_chargement_AE2_vs_GLIMSTEST2.xlsx  [Lecture seule] - Excel,Tâches diverses,2021-04-01,09:20:02,00:00:05
stefano.crapanzano@chu.ulg.ac.be,comparaison_chargement_AE2_vs_GLIMSTEST2.xlsx  [Lecture seule] - Excel,Tâches diverses,2021-04-01,09:20:13,00:00:03
stefano.crapanzano@chu.ulg.ac.be,comparaison_chargement_AE2_vs_GLIMSTEST2.xlsx  [Lecture seule] - Excel,Tâches diverses,2021-04-01,09:20:20,00:00:02
stefano.crapanzano@chu.ulg.ac.be,comparaison_chargement_AE2_vs_GLIMSTEST2.xlsx  [Lecture seule] - Excel,Tâches diverses,2021-04-01,09:20:28,00:00:03
stefano.crapanzano@chu.ulg.ac.be,comparaison_chargement_AE2_vs_GLIMSTEST2.xlsx  [Lecture seule] - Excel,Tâches diverses,2021-04-01,09:20:35,00:00:03
stefano.crapanzano@chu.ulg.ac.be,comparaison_chargement_AE2_vs_GLIMSTEST2.xlsx  [Lecture seule] - Excel,Tâches diverses,2021-04-01,09:20:45,00:00:03
stefano.crapanzano@chu.ulg.ac.be,comparaison_chargement_AE2_vs_GLIMSTEST2.xlsx  [Lecture seule] - Excel,Tâches diverses,2021-04-01,09:20:55,00:00:05
stefano.crapanzano@chu.ulg.ac.be,comparaison_chargement_AE2_vs_GLIMSTEST2.xlsx  [Lecture seule] - Excel,Tâches diverses,2021-04-01,09:21:08,00:00:04
stefano.crapanzano@chu.ulg.ac.be,comparaison_chargement_AE2_vs_GLIMSTEST2.xlsx  [Lecture seule] - Excel,Tâches diverses,2021-04-01,09:21:16,00:00:14
stefano.crapanzano@chu.ulg.ac.be,comparaison_chargement_AE2_vs_GLIMSTEST2.xlsx  [Lecture seule] - Excel,Tâches diverses,2021-04-01,09:21:35,00:00:02
stefano.crapanzano@chu.ulg.ac.be,comparaison_chargement_AE2_vs_GLIMSTEST2.xlsx  [Lecture seule] - Excel,Tâches diverses,2021-04-01,09:26:51,00:01:47
stefano.crapanzano@chu.ulg.ac.be,comparaison_chargement_AE2_vs_GLIMSTEST2.xlsx  [Lecture seule] - Excel,Tâches diverses,2021-04-01,09:28:45,00:00:09
stefano.crapanzano@chu.ulg.ac.be,comparaison_chargement_AE2_vs_GLIMSTEST2.xlsx  [Lecture seule] - Excel,Tâches diverses,2021-04-01,10:38:51,00:00:02
stefano.crapanzano@chu.ulg.ac.be,comparaison_chargement_AE2_vs_GLIMSTEST2.xlsx  [Lecture seule] - Excel,Tâches diverses,2021-04-01,10:39:00,00:00:10
stefano.crapanzano@chu.ulg.ac.be,comparaison_chargement_AE2_vs_GLIMSTEST2.xlsx  [Lecture seule] - Excel,Tâches diverses,2021-04-01,10:39:19,00:00:03
stefano.crapanzano@chu.ulg.ac.be,comparaison_chargement_AE2_vs_GLIMSTEST2.xlsx  [Lecture seule] - Excel,Tâches diverses,2021-04-01,10:39:32,00:00:09
stefano.crapanzano@chu.ulg.ac.be,comparaison_chargement_AE2_vs_GLIMSTEST2.xlsx  [Lecture seule] - Excel,Tâches diverses,2021-04-01,10:44:00,00:00:06
stefano.crapanzano@chu.ulg.ac.be,comparaison_chargement_AE2_vs_GLIMSTEST2.xlsx  [Lecture seule] - Excel,Tâches diverses,2021-04-01,10:44:17,00:00:34
stefano.crapanzano@chu.ulg.ac.be,comparaison_chargement_AE2_vs_GLIMSTEST2.xlsx  [Lecture seule] - Excel,Tâches diverses,2021-04-01,10:44:53,00:00:29
stefano.crapanzano@chu.ulg.ac.be,comparaison_chargement_AE2_vs_GLIMSTEST2.xlsx  [Lecture seule] - Excel,Tâches diverses,2021-04-01,10:45:33,00:00:16
stefano.crapanzano@chu.ulg.ac.be,comparaison_chargement_AE2_vs_GLIMSTEST2.xlsx  [Lecture seule] - Excel,Tâches diverses,2021-04-01,10:46:40,00:06:05
stefano.crapanzano@chu.ulg.ac.be,comparaison_chargement_AE2_vs_GLIMSTEST2.xlsx  [Lecture seule] - Excel,Tâches diverses,2021-04-01,10:53:02,00:02:30
stefano.crapanzano@chu.ulg.ac.be,comparaison_chargement_AE2_vs_GLIMSTEST2.xlsx  [Lecture seule] - Excel,Tâches diverses,2021-04-01,10:56:51,00:00:10
stefano.crapanzano@chu.ulg.ac.be,comparaison_chargement_AE2_vs_GLIMSTEST2.xlsx  [Lecture seule] - Excel,Tâches diverses,2021-04-01,10:58:50,00:00:06
stefano.crapanzano@chu.ulg.ac.be,comparaison_chargement_AE2_vs_GLIMSTEST2.xlsx  [Lecture seule] - Excel,Tâches diverses,2021-04-01,10:59:13,00:00:02
stefano.crapanzano@chu.ulg.ac.be,comparaison_chargement_AE2_vs_GLIMSTEST2.xlsx  [Lecture seule] - Excel,Tâches diverses,2021-04-01,10:59:30,00:00:08
stefano.crapanzano@chu.ulg.ac.be,comparaison_chargement_AE2_vs_GLIMSTEST2.xlsx  [Lecture seule] - Excel,Tâches diverses,2021-04-01,10:59:52,00:00:03
stefano.crapanzano@chu.ulg.ac.be,comparaison_chargement_AE2_vs_GLIMSTEST2.xlsx  [Lecture seule] - Excel,Tâches diverses,2021-04-01,11:00:04,00:00:03
stefano.crapanzano@chu.ulg.ac.be,comparaison_chargement_AE2_vs_GLIMSTEST2.xlsx  [Lecture seule] - Excel,Tâches diverses,2021-04-01,11:01:08,00:00:08
stefano.crapanzano@chu.ulg.ac.be,comparaison_chargement_AE2_vs_GLIMSTEST2.xlsx  [Lecture seule] - Excel,Tâches diverses,2021-04-01,11:01:28,00:00:04
stefano.crapanzano@chu.ulg.ac.be,comparaison_chargement_AE2_vs_GLIMSTEST2.xlsx  [Lecture seule] - Excel,Tâches diverses,2021-04-01,11:02:48,00:11:50
stefano.crapanzano@chu.ulg.ac.be,comparaison_chargement_AE2_vs_GLIMSTEST2.xlsx  [Lecture seule] - Excel,Exploration SAP,2021-04-01,11:14:40,00:00:02
stefano.crapanzano@chu.ulg.ac.be,comparaison_chargement_AE2_vs_GLIMSTEST2.xlsx  [Lecture seule] - Excel,Tâches diverses,2021-04-01,11:14:47,00:00:03
stefano.crapanzano@chu.ulg.ac.be,comparaison_chargement_AE2_vs_GLIMSTEST2.xlsx  [Lecture seule] - Excel,Tâches diverses,2021-04-01,11:14:54,00:00:19
stefano.crapanzano@chu.ulg.ac.be,comparaison_chargement_AE2_vs_GLIMSTEST2.xlsx  [Lecture seule] - Excel,Tâches diverses,2021-04-01,11:17:27,00:03:54
stefano.crapanzano@chu.ulg.ac.be,comparaison_chargement_AE2_vs_GLIMSTEST2.xlsx  [Lecture seule] - Excel,Tâches diverses,2021-04-01,13:41:27,00:00:05
stefano.crapanzano@chu.ulg.ac.be,comparaison_chargement_AE2_vs_GLIMSTEST2.xlsx  [Lecture seule] - Excel,Tâches diverses,2021-04-01,14:02:59,00:00:38
stefano.crapanzano@chu.ulg.ac.be,comparaison_chargement_AE2_vs_GLIMSTEST2.xlsx  [Lecture seule] - Excel,Tâches diverses,2021-04-01,14:03:40,00:00:09
stefano.crapanzano@chu.ulg.ac.be,comparaison_chargement_AE2_vs_GLIMSTEST2.xlsx  [Lecture seule] - Excel,Tâches diverses,2021-04-01,14:04:07,00:00:25
stefano.crapanzano@chu.ulg.ac.be,comparaison_chargement_AE2_vs_GLIMSTEST2.xlsx  [Lecture seule] - Excel,Tâches diverses,2021-04-01,14:04:36,00:00:55
stefano.crapanzano@chu.ulg.ac.be,comparaison_chargement_AE2_vs_GLIMSTEST2.xlsx  [Lecture seule] - Excel,Tâches diverses,2021-04-01,14:05:43,00:00:08
stefano.crapanzano@chu.ulg.ac.be,comparaison_chargement_AE2_vs_GLIMSTEST2.xlsx  [Lecture seule] - Excel,Tâches diverses,2021-04-01,14:06:46,00:00:08
stefano.crapanzano@chu.ulg.ac.be,comparaison_chargement_AE2_vs_GLIMSTEST2.xlsx  [Lecture seule] - Excel,Tâches diverses,2021-04-01,14:28:22,00:00:07
stefano.crapanzano@chu.ulg.ac.be,comparaison_chargement_AE2_vs_GLIMSTEST2.xlsx  [Lecture seule] - Excel,Tâches diverses,2021-04-01,14:29:04,00:00:06
stefano.crapanzano@chu.ulg.ac.be,comparaison_chargement_AE2_vs_GLIMSTEST2.xlsx  [Lecture seule] - Excel,Tâches diverses,2021-04-01,14:30:55,00:00:03
stefano.crapanzano@chu.ulg.ac.be,comparaison_chargement_AE2_vs_GLIMSTEST2.xlsx  [Lecture seule] - Excel,Tâches diverses,2021-04-01,14:31:01,00:01:07
stefano.crapanzano@chu.ulg.ac.be,comparaison_chargement_AE2_vs_GLIMSTEST2.xlsx  [Lecture seule] - Excel,Tâches diverses,2021-04-01,14:32:54,00:00:10
stefano.crapanzano@chu.ulg.ac.be,comparaison_chargement_AE2_vs_GLIMSTEST2.xlsx  [Lecture seule] - Excel,Tâches diverses,2021-04-01,14:33:06,00:02:21
stefano.crapanzano@chu.ulg.ac.be,comparaison_chargement_AE2_vs_GLIMSTEST2.xlsx  [Lecture seule] - Excel,Tâches diverses,2021-04-01,14:35:43,00:00:02
stefano.crapanzano@chu.ulg.ac.be,comparaison_chargement_AE2_vs_GLIMSTEST2.xlsx  [Lecture seule] - Excel,Tâches diverses,2021-04-01,14:37:26,00:00:02
stefano.crapanzano@chu.ulg.ac.be,comparaison_chargement_AE2_vs_GLIMSTEST2.xlsx  [Lecture seule] - Excel,Tâches diverses,2021-04-01,14:38:19,00:00:08
stefano.crapanzano@chu.ulg.ac.be,comparaison_chargement_AE2_vs_GLIMSTEST2.xlsx  [Lecture seule] - Excel,Tâches diverses,2021-04-01,14:39:29,00:00:03
stefano.crapanzano@chu.ulg.ac.be,comparaison_chargement_AE2_vs_GLIMSTEST2.xlsx  [Lecture seule] - Excel,Tâches diverses,2021-04-01,14:53:07,00:00:45
stefano.crapanzano@chu.ulg.ac.be,comparaison_chargement_AE2_vs_GLIMSTEST2.xlsx  [Lecture seule] - Excel,Tâches diverses,2021-04-01,15:01:19,00:00:05
stefano.crapanzano@chu.ulg.ac.be,Nouvel onglet - Google Chrome,Tâches diverses,2021-04-01,08:56:10,00:00:03
stefano.crapanzano@chu.ulg.ac.be,Nouvel onglet - Google Chrome,Tâches diverses,2021-04-01,09:47:17,00:00:11
stefano.crapanzano@chu.ulg.ac.be,Nouvel onglet - Google Chrome,Tâches diverses,2021-04-01,10:04:05,00:00:02
stefano.crapanzano@chu.ulg.ac.be,Nouvel onglet - Google Chrome,Tâches diverses,2021-04-01,10:05:08,00:00:04
stefano.crapanzano@chu.ulg.ac.be,Nouvel onglet - Google Chrome,Tâches diverses,2021-04-01,10:12:19,00:00:03
stefano.crapanzano@chu.ulg.ac.be,Nouvel onglet - Google Chrome,Tâches diverses,2021-04-01,10:16:02,00:00:02
stefano.crapanzano@chu.ulg.ac.be,Nouvel onglet - Google Chrome,Tâches diverses,2021-04-01,15:20:38,00:00:03
stefano.crapanzano@chu.ulg.ac.be,Nouvel onglet - Google Chrome,Tâches diverses,2021-04-01,15:21:20,00:00:02
stefano.crapanzano@chu.ulg.ac.be,traduction - Recherche Google - Google Chrome,Tâches diverses,2021-04-01,08:56:13,00:00:12
stefano.crapanzano@chu.ulg.ac.be,Boîte de Réception - Zimbra - Stefano Crapanzano - Outlook,Helpdesk général,2021-04-01,09:10:23,00:00:02
stefano.crapanzano@chu.ulg.ac.be,Boîte de Réception - Zimbra - Stefano Crapanzano - Outlook,Helpdesk général,2021-04-01,09:17:34,00:00:02
stefano.crapanzano@chu.ulg.ac.be,Boîte de Réception - Zimbra - Stefano Crapanzano - Outlook,Helpdesk général,2021-04-01,09:17:39,00:00:03
stefano.crapanzano@chu.ulg.ac.be,Boîte de Réception - Zimbra - Stefano Crapanzano - Outlook,Helpdesk général,2021-04-01,09:18:54,00:00:04
stefano.crapanzano@chu.ulg.ac.be,Boîte de Réception - Zimbra - Stefano Crapanzano - Outlook,Helpdesk général,2021-04-01,10:00:30,00:00:04
stefano.crapanzano@chu.ulg.ac.be,Boîte de Réception - Zimbra - Stefano Crapanzano - Outlook,Helpdesk général,2021-04-01,11:21:55,00:00:03
stefano.crapanzano@chu.ulg.ac.be,Boîte de Réception - Zimbra - Stefano Crapanzano - Outlook,Helpdesk général,2021-04-01,11:25:06,00:00:04
stefano.crapanzano@chu.ulg.ac.be,Boîte de Réception - Zimbra - Stefano Crapanzano - Outlook,Helpdesk général,2021-04-01,12:42:22,00:00:10
stefano.crapanzano@chu.ulg.ac.be,Boîte de Réception - Zimbra - Stefano Crapanzano - Outlook,Helpdesk général,2021-04-01,13:49:27,00:00:03
stefano.crapanzano@chu.ulg.ac.be,Boîte de Réception - Zimbra - Stefano Crapanzano - Outlook,Helpdesk général,2021-04-01,14:32:34,00:00:03
stefano.crapanzano@chu.ulg.ac.be,Boîte de Réception - Zimbra - Stefano Crapanzano - Outlook,Helpdesk général,2021-04-01,15:54:31,00:00:24
stefano.crapanzano@chu.ulg.ac.be,Boîte de Réception - Zimbra - Stefano Crapanzano - Outlook,Helpdesk général,2021-04-01,16:13:47,00:00:27
stefano.crapanzano@chu.ulg.ac.be,Harpège Download_tables_SaaS_SAP_V13.xlsx - Excel,Tâches diverses,2021-04-01,09:07:47,00:00:02
stefano.crapanzano@chu.ulg.ac.be,Harpège Download_tables_SaaS_SAP_V13.xlsx - Excel,Tâches diverses,2021-04-01,14:35:29,00:00:02
stefano.crapanzano@chu.ulg.ac.be,Harpège Download_tables_SaaS_SAP_V13.xlsx - Excel,Tâches diverses,2021-04-01,14:35:37,00:00:04
stefano.crapanzano@chu.ulg.ac.be,Harpège Download_tables_SaaS_SAP_V13.xlsx - Excel,Tâches diverses,2021-04-01,14:37:22,00:00:02
stefano.crapanzano@chu.ulg.ac.be,Harpège Download_tables_SaaS_SAP_V13.xlsx - Excel,Tâches diverses,2021-04-01,15:01:38,00:00:07
stefano.crapanzano@chu.ulg.ac.be,Harpège Download_tables_SaaS_SAP_V13.xlsx - Excel,Tâches diverses,2021-04-01,15:02:14,00:00:04
stefano.crapanzano@chu.ulg.ac.be,Harpège Download_tables_SaaS_SAP_V13.xlsx - Excel,Tâches diverses,2021-04-01,15:55:52,00:00:03
stefano.crapanzano@chu.ulg.ac.be,Rechercher et remplacer,Tâches diverses,2021-04-01,09:07:49,00:00:10
stefano.crapanzano@chu.ulg.ac.be,Rechercher et remplacer,Tâches diverses,2021-04-01,09:08:03,00:00:02
stefano.crapanzano@chu.ulg.ac.be,Rechercher et remplacer,Tâches diverses,2021-04-01,09:08:07,00:00:02
stefano.crapanzano@chu.ulg.ac.be,Rechercher et remplacer,Tâches diverses,2021-04-01,10:38:53,00:00:07
stefano.crapanzano@chu.ulg.ac.be,Rechercher et remplacer,Tâches diverses,2021-04-01,14:35:31,00:00:06
stefano.crapanzano@chu.ulg.ac.be,Rechercher et remplacer,Tâches diverses,2021-04-01,14:39:38,00:00:12
stefano.crapanzano@chu.ulg.ac.be,Rechercher et remplacer,Tâches diverses,2021-04-01,15:01:32,00:00:06
stefano.crapanzano@chu.ulg.ac.be,Rechercher et remplacer,Helpdesk général,2021-04-01,16:07:10,00:00:09
stefano.crapanzano@chu.ulg.ac.be,Microsoft Excel,Tâches diverses,2021-04-01,09:08:00,00:00:02
stefano.crapanzano@chu.ulg.ac.be,Microsoft Excel,Tâches diverses,2021-04-01,09:08:05,00:00:02
stefano.crapanzano@chu.ulg.ac.be,Lecture documentation,Tâches diverses,2021-04-01,09:08:11,00:00:18
stefano.crapanzano@chu.ulg.ac.be,Lecture documentation,Tâches diverses,2021-04-01,09:09:26,00:00:21
stefano.crapanzano@chu.ulg.ac.be,Lecture documentation,Tâches diverses,2021-04-01,10:00:16,00:00:10
stefano.crapanzano@chu.ulg.ac.be,Lecture documentation,Tâches diverses,2021-04-01,10:00:39,00:00:29
stefano.crapanzano@chu.ulg.ac.be,Lecture documentation,Tâches diverses,2021-04-01,10:01:29,00:00:03
stefano.crapanzano@chu.ulg.ac.be,Lecture documentation,Tâches diverses,2021-04-01,10:01:39,00:00:03
stefano.crapanzano@chu.ulg.ac.be,Lecture documentation,Tâches diverses,2021-04-01,10:57:44,00:00:16
stefano.crapanzano@chu.ulg.ac.be,Lecture documentation,Tâches diverses,2021-04-01,10:58:07,00:00:08
stefano.crapanzano@chu.ulg.ac.be,Lecture documentation,Tâches diverses,2021-04-01,10:58:35,00:00:06
stefano.crapanzano@chu.ulg.ac.be,Lecture documentation,Tâches diverses,2021-04-01,11:00:28,00:00:14
stefano.crapanzano@chu.ulg.ac.be,Lecture documentation,Tâches diverses,2021-04-01,11:02:38,00:00:03
stefano.crapanzano@chu.ulg.ac.be,Lecture documentation,Tâches diverses,2021-04-01,13:23:11,00:00:39
stefano.crapanzano@chu.ulg.ac.be,Lecture documentation,Tâches diverses,2021-04-01,13:24:11,00:00:04
stefano.crapanzano@chu.ulg.ac.be,Lecture documentation,Tâches diverses,2021-04-01,13:24:29,00:00:05
stefano.crapanzano@chu.ulg.ac.be,Lecture documentation,Tâches diverses,2021-04-01,13:24:36,00:00:05
stefano.crapanzano@chu.ulg.ac.be,Lecture documentation,Tâches diverses,2021-04-01,13:25:21,00:00:31
stefano.crapanzano@chu.ulg.ac.be,Lecture documentation,Tâches diverses,2021-04-01,13:26:02,00:00:24
stefano.crapanzano@chu.ulg.ac.be,Lecture documentation,Tâches diverses,2021-04-01,13:26:28,00:00:11
stefano.crapanzano@chu.ulg.ac.be,Lecture documentation,Tâches diverses,2021-04-01,13:27:10,00:00:05
stefano.crapanzano@chu.ulg.ac.be,Lecture documentation,Tâches diverses,2021-04-01,13:27:18,00:00:30
stefano.crapanzano@chu.ulg.ac.be,Lecture documentation,Tâches diverses,2021-04-01,13:54:05,00:00:16
stefano.crapanzano@chu.ulg.ac.be,Lecture documentation,Tâches diverses,2021-04-01,14:22:43,00:00:29
stefano.crapanzano@chu.ulg.ac.be,Lecture documentation,Tâches diverses,2021-04-01,15:39:49,00:01:09
stefano.crapanzano@chu.ulg.ac.be,Ouverture d'une pièce jointe,Helpdesk général,2021-04-01,09:10:30,00:00:02
stefano.crapanzano@chu.ulg.ac.be,\\oazisusers.st.chulg\oazis_users\Informatique\ERP\Exploitation\SURVEILLANCE\JOB\jobs_01_04_2021_08_00_00_08_59_59.csv_nok - Notepad++ [Administrator],IT,2021-04-01,09:10:33,00:00:17
stefano.crapanzano@chu.ulg.ac.be,\\oazisusers.st.chulg\oazis_users\Informatique\ERP\Exploitation\SURVEILLANCE\JOB\jobs_01_04_2021_08_00_00_08_59_59.csv_nok - Notepad++ [Administrator],IT,2021-04-01,09:12:30,00:00:03
stefano.crapanzano@chu.ulg.ac.be,SAP Logon 750,Exploration SAP,2021-04-01,09:10:53,00:00:04
stefano.crapanzano@chu.ulg.ac.be,SAP Easy Access Menu de base Applications financières-économiques,Exploration SAP,2021-04-01,09:10:58,00:00:04
stefano.crapanzano@chu.ulg.ac.be,Sélection de jobs simple,Exploration SAP,2021-04-01,09:11:02,00:00:09
stefano.crapanzano@chu.ulg.ac.be,Synthèse des jobs,Exploration SAP,2021-04-01,09:11:12,00:00:02
stefano.crapanzano@chu.ulg.ac.be,Afficher job FAGL_LINE_ITEM_BROWSER_AP,Exploration SAP,2021-04-01,09:11:14,00:00:02
stefano.crapanzano@chu.ulg.ac.be,Aperçu de liste d'étapes,Exploration SAP,2021-04-01,09:11:17,00:00:13
stefano.crapanzano@chu.ulg.ac.be,Aperçu de liste d'étapes,Exploration SAP,2021-04-01,09:12:06,00:00:03
stefano.crapanzano@chu.ulg.ac.be,ABAP : délimitations de la variante &0000000000000,Exploration SAP,2021-04-01,09:11:33,00:00:32
stefano.crapanzano@chu.ulg.ac.be,Protocole du job FAGL_LINE_ITEM_BROWSER_AP / 08584600,Exploration SAP,2021-04-01,09:12:11,00:00:16
stefano.crapanzano@chu.ulg.ac.be,Capture écran.xlsx  [Mode protégé] - Excel,Tâches diverses,2021-04-01,09:15:19,00:00:15
stefano.crapanzano@chu.ulg.ac.be,INSTITUTIONNEL: COVID-19/ Newsletter au personnel 31/03 - Message (HTML),Helpdesk général,2021-04-01,09:17:42,00:01:12
stefano.crapanzano@chu.ulg.ac.be,Sent - erp.sai@chuliege.be - Outlook,Helpdesk général,2021-04-01,09:19:05,00:00:10
stefano.crapanzano@chu.ulg.ac.be,Sent - erp.sai@chuliege.be - Outlook,Helpdesk général,2021-04-01,09:59:17,00:00:08
stefano.crapanzano@chu.ulg.ac.be,Sent - erp.sai@chuliege.be - Outlook,Helpdesk général,2021-04-01,15:55:00,00:00:44
stefano.crapanzano@chu.ulg.ac.be,Sent - erp.sai@chuliege.be - Outlook,Helpdesk général,2021-04-01,15:57:24,00:02:31
stefano.crapanzano@chu.ulg.ac.be,Sent - erp.sai@chuliege.be - Outlook,Helpdesk général,2021-04-01,15:59:57,00:00:11
stefano.crapanzano@chu.ulg.ac.be,Sent - erp.sai@chuliege.be - Outlook,Helpdesk général,2021-04-01,16:00:12,00:00:03
stefano.crapanzano@chu.ulg.ac.be,Sent - erp.sai@chuliege.be - Outlook,Helpdesk général,2021-04-01,16:00:19,00:01:39
stefano.crapanzano@chu.ulg.ac.be,Sent - erp.sai@chuliege.be - Outlook,Helpdesk général,2021-04-01,16:06:13,00:00:02
stefano.crapanzano@chu.ulg.ac.be,Sent - erp.sai@chuliege.be - Outlook,Helpdesk général,2021-04-01,16:06:20,00:00:09
stefano.crapanzano@chu.ulg.ac.be,Sent - erp.sai@chuliege.be - Outlook,Helpdesk général,2021-04-01,16:06:46,00:00:09
stefano.crapanzano@chu.ulg.ac.be,Sent - erp.sai@chuliege.be - Outlook,Helpdesk général,2021-04-01,16:11:46,00:02:00
stefano.crapanzano@chu.ulg.ac.be,Sent - erp.sai@chuliege.be - Outlook,Helpdesk général,2021-04-01,16:14:18,00:02:56
stefano.crapanzano@chu.ulg.ac.be,Sent - erp.sai@chuliege.be - Outlook,Helpdesk général,2021-04-01,16:19:03,00:00:02
stefano.crapanzano@chu.ulg.ac.be,Sent - erp.sai@chuliege.be - Outlook,Helpdesk général,2021-04-01,16:19:07,00:00:09
stefano.crapanzano@chu.ulg.ac.be,Sent - erp.sai@chuliege.be - Outlook,Helpdesk général,2021-04-01,16:20:10,00:02:33
stefano.crapanzano@chu.ulg.ac.be,Sent - erp.sai@chuliege.be - Outlook,Helpdesk général,2021-04-01,16:22:46,00:03:39
stefano.crapanzano@chu.ulg.ac.be,Sent - erp.sai@chuliege.be - Outlook,Helpdesk général,2021-04-01,16:29:09,00:00:03
stefano.crapanzano@chu.ulg.ac.be,Sent - erp.sai@chuliege.be - Outlook,Helpdesk général,2021-04-01,16:35:30,00:26:22
stefano.crapanzano@chu.ulg.ac.be,ImportError: attempted relative import with no known parent package - Recherche Google - Google Chrome,Tâches diverses,2021-04-01,09:41:13,00:00:02
stefano.crapanzano@chu.ulg.ac.be,Relative imports in Python 3 - Stack Overflow - Google Chrome,Tâches diverses,2021-04-01,09:41:15,00:00:27
stefano.crapanzano@chu.ulg.ac.be,Relative imports in Python 3 - Stack Overflow - Google Chrome,Tâches diverses,2021-04-01,09:42:21,00:00:13
stefano.crapanzano@chu.ulg.ac.be,Relative imports in Python 3 - Stack Overflow - Google Chrome,Tâches diverses,2021-04-01,09:42:43,00:01:37
stefano.crapanzano@chu.ulg.ac.be,import settings from application django - Recherche Google - Google Chrome,Tâches diverses,2021-04-01,09:47:28,00:00:08
stefano.crapanzano@chu.ulg.ac.be,import settings from application django - Recherche Google - Google Chrome,Tâches diverses,2021-04-01,09:47:45,00:00:02
stefano.crapanzano@chu.ulg.ac.be,import settings from application django - Recherche Google - Google Chrome,Tâches diverses,2021-04-01,09:47:53,00:00:18
stefano.crapanzano@chu.ulg.ac.be,import settings from application django - Recherche Google - Google Chrome,Tâches diverses,2021-04-01,09:48:27,00:00:17
stefano.crapanzano@chu.ulg.ac.be,import settings from application django - Recherche Google - Google Chrome,Tâches diverses,2021-04-01,09:55:39,00:00:06
stefano.crapanzano@chu.ulg.ac.be,python - importing settings file in reusable django app - Stack Overflow - Google Chrome,Tâches diverses,2021-04-01,09:47:36,00:00:08
stefano.crapanzano@chu.ulg.ac.be,python - importing settings file in reusable django app - Stack Overflow - Google Chrome,Tâches diverses,2021-04-01,09:47:47,00:00:06
stefano.crapanzano@chu.ulg.ac.be,import environment settings from application django - Recherche Google - Google Chrome,Tâches diverses,2021-04-01,09:48:11,00:00:06
stefano.crapanzano@chu.ulg.ac.be,import environment settings from application django - Recherche Google - Google Chrome,Tâches diverses,2021-04-01,09:48:24,00:00:03
stefano.crapanzano@chu.ulg.ac.be,python - How to import environment variables to Django from local file - Stack Overflow - Google Chrome,Tâches diverses,2021-04-01,09:48:17,00:00:06
stefano.crapanzano@chu.ulg.ac.be,django ModuleNotFoundError: No module named 'project' - Recherche Google - Google Chrome,Tâches diverses,2021-04-01,09:55:45,00:00:03
stefano.crapanzano@chu.ulg.ac.be,python - Django: No module named 'project' - Stack Overflow - Google Chrome,Tâches diverses,2021-04-01,09:55:49,00:00:06
stefano.crapanzano@chu.ulg.ac.be,Didier BARE - erp.sai@chuliege.be - Outlook,Helpdesk général,2021-04-01,10:00:00,00:00:15
stefano.crapanzano@chu.ulg.ac.be,Didier BARE - erp.sai@chuliege.be - Outlook,Helpdesk général,2021-04-01,10:00:26,00:00:03
stefano.crapanzano@chu.ulg.ac.be,Didier BARE - erp.sai@chuliege.be - Outlook,Helpdesk général,2021-04-01,10:46:03,00:00:34
stefano.crapanzano@chu.ulg.ac.be,Didier BARE - erp.sai@chuliege.be - Outlook,Helpdesk général,2021-04-01,10:52:46,00:00:14
stefano.crapanzano@chu.ulg.ac.be,Didier BARE - erp.sai@chuliege.be - Outlook,Helpdesk général,2021-04-01,10:55:36,00:00:03
stefano.crapanzano@chu.ulg.ac.be,return _bootstrap._gcd_import(name[level:]  package  level) File  <frozen importlib._bootstrap>   line 1014  in _gcd_import File  <frozen importlib._bootstrap>   line 991  in _find_and_load File  <frozen importlib._bootstrap>   line 961  in _find_and_load_unlocked File  <frozen importlib._bootstrap>   line 219  in _call_with_frames_removed File  <frozen importlib._bootstrap>   line 1014  in _gcd_import File  <frozen importlib._bootstrap>   line 991  in _find_and_load File  <frozen importlib._bootstrap>   l,Tâches diverses,2021-04-01,10:04:07,00:00:02
stefano.crapanzano@chu.ulg.ac.be,python - ModuleNotFoundError: No module named Foo - How can I import a model into a Django app's script? - Stack Overflow - Google Chrome,Tâches diverses,2021-04-01,10:04:10,00:00:34
stefano.crapanzano@chu.ulg.ac.be,django display modules - Recherche Google - Google Chrome,Tâches diverses,2021-04-01,10:05:13,00:00:07
stefano.crapanzano@chu.ulg.ac.be,django display modules - Recherche Google - Google Chrome,Tâches diverses,2021-04-01,10:05:28,00:00:03
stefano.crapanzano@chu.ulg.ac.be,django display modules - Recherche Google - Google Chrome,Tâches diverses,2021-04-01,10:06:06,00:00:07
stefano.crapanzano@chu.ulg.ac.be,Index des modules | Documentation de Django | Django - Google Chrome,Tâches diverses,2021-04-01,10:05:21,00:00:07
stefano.crapanzano@chu.ulg.ac.be,django display modules list - Recherche Google - Google Chrome,Tâches diverses,2021-04-01,10:06:14,00:00:04
stefano.crapanzano@chu.ulg.ac.be,How can I get a list of locally installed Python modules? - Stack Overflow - Google Chrome,Tâches diverses,2021-04-01,10:06:18,00:00:20
stefano.crapanzano@chu.ulg.ac.be,How can I get a list of locally installed Python modules? - Stack Overflow - Google Chrome,Tâches diverses,2021-04-01,10:09:58,00:00:12
stefano.crapanzano@chu.ulg.ac.be,django run script in application - Recherche Google - Google Chrome,Tâches diverses,2021-04-01,10:10:10,00:00:09
stefano.crapanzano@chu.ulg.ac.be,python - How do I execute an arbitrary script in the context of my Django project? - Stack Overflow - Google Chrome,Tâches diverses,2021-04-01,10:10:20,00:00:28
stefano.crapanzano@chu.ulg.ac.be,python - How do I execute an arbitrary script in the context of my Django project? - Stack Overflow - Google Chrome,Tâches diverses,2021-04-01,10:11:00,00:00:03
stefano.crapanzano@chu.ulg.ac.be,python - How do I execute an arbitrary script in the context of my Django project? - Stack Overflow - Google Chrome,Tâches diverses,2021-04-01,10:11:17,00:00:23
stefano.crapanzano@chu.ulg.ac.be,GitHub - wemake-services/wemake-django-template: Bleeding edge django template focused on code quality and security. - Google Chrome,Tâches diverses,2021-04-01,10:11:40,00:00:06
stefano.crapanzano@chu.ulg.ac.be,django os.environ.setdefault( DJANGO_SETTINGS_MODULE    project.settings.environment ) problem - Recherche Google - Google Chrome,Tâches diverses,2021-04-01,10:12:22,00:00:06
stefano.crapanzano@chu.ulg.ac.be,django os.environ.setdefault( DJANGO_SETTINGS_MODULE    project.settings.environment ) - Recherche Google - Google Chrome,Tâches diverses,2021-04-01,10:12:28,00:00:04
stefano.crapanzano@chu.ulg.ac.be,s.environ.setdefault( DJANGO_SETTINGS_MODULE    project.settings.environment ) - Recherche Google - Google Chrome,Tâches diverses,2021-04-01,10:12:33,00:00:03
stefano.crapanzano@chu.ulg.ac.be,os.environ.setdefault( DJANGO_SETTINGS_MODULE    project.settings.environment ) - Recherche Google - Google Chrome,Tâches diverses,2021-04-01,10:12:37,00:00:09
stefano.crapanzano@chu.ulg.ac.be,os.environ.setdefault( DJANGO_SETTINGS_MODULE    .settings.environment ) - Recherche Google - Google Chrome,Tâches diverses,2021-04-01,10:12:46,00:00:03
stefano.crapanzano@chu.ulg.ac.be,Setting the 'django_settings_module' value - Using Django - Django Forum - Google Chrome,Tâches diverses,2021-04-01,10:12:50,00:00:39
stefano.crapanzano@chu.ulg.ac.be,line 19  in setup configure_logging(settings.LOGGING_CONFIG  settings.LOGGING) - Recherche Google - Google Chrome,Tâches diverses,2021-04-01,10:16:04,00:00:04
stefano.crapanzano@chu.ulg.ac.be,line 19  in setup configure_logging(settings.LOGGING_CONFIG  settings.LOGGING) - Recherche Google - Google Chrome,Tâches diverses,2021-04-01,10:16:46,00:00:04
stefano.crapanzano@chu.ulg.ac.be,python - django.core.exceptions.ImproperlyConfigured: Requested setting LOGGING_CONFIG - Stack Overflow - Google Chrome,Tâches diverses,2021-04-01,10:16:09,00:00:15
stefano.crapanzano@chu.ulg.ac.be,python - django.core.exceptions.ImproperlyConfigured: Requested setting LOGGING_CONFIG - Stack Overflow - Google Chrome,Tâches diverses,2021-04-01,10:16:33,00:00:13
stefano.crapanzano@chu.ulg.ac.be,python - django.core.exceptions.ImproperlyConfigured: Requested setting LOGGING_CONFIG  but settings are not configured - Stack Overflow - Google Chrome,Tâches diverses,2021-04-01,10:16:51,00:02:16
stefano.crapanzano@chu.ulg.ac.be,python - django.core.exceptions.ImproperlyConfigured: Requested setting LOGGING_CONFIG  but settings are not configured - Stack Overflow - Google Chrome,Tâches diverses,2021-04-01,15:16:24,00:00:03
stefano.crapanzano@chu.ulg.ac.be,Administrateur : C:\Windows\System32\cmd.exe,IT,2021-04-01,10:19:32,00:00:15
stefano.crapanzano@chu.ulg.ac.be,Administrateur : C:\Windows\System32\cmd.exe,IT,2021-04-01,10:19:49,00:00:21
stefano.crapanzano@chu.ulg.ac.be,Administrateur : C:\Windows\System32\cmd.exe,IT,2021-04-01,10:20:24,00:00:04
stefano.crapanzano@chu.ulg.ac.be,Administrateur : C:\Windows\System32\cmd.exe,IT,2021-04-01,10:26:16,00:00:03
stefano.crapanzano@chu.ulg.ac.be,Marquer Administrateur : C:\Windows\System32\cmd.exe,IT,2021-04-01,10:20:29,00:00:02
stefano.crapanzano@chu.ulg.ac.be,Sélectionner Administrateur : C:\Windows\System32\cmd.exe,IT,2021-04-01,10:20:31,00:00:06
stefano.crapanzano@chu.ulg.ac.be,configure_logging(settings.LOGGING_CONFIG  settings.LOGGING) - Recherche Google - Google Chrome,Tâches diverses,2021-04-01,10:20:42,00:00:07
stefano.crapanzano@chu.ulg.ac.be,configure_logging(settings.LOGGING_CONFIG  settings.LOGGING) - Recherche Google - Google Chrome,Tâches diverses,2021-04-01,10:20:59,00:00:10
stefano.crapanzano@chu.ulg.ac.be,python - Django Setup Default Logging - Stack Overflow - Google Chrome,Tâches diverses,2021-04-01,10:20:50,00:00:09
stefano.crapanzano@chu.ulg.ac.be,Django Logging Configuration: How the Default Settings Interfere with Yours | Caktus Group - Google Chrome,Tâches diverses,2021-04-01,10:21:10,00:01:40
stefano.crapanzano@chu.ulg.ac.be,Save,IT,2021-04-01,11:32:35,00:00:06
stefano.crapanzano@chu.ulg.ac.be,Connexions du classeur,Tâches diverses,2021-04-01,10:39:23,00:00:02
stefano.crapanzano@chu.ulg.ac.be,Connexions du classeur,Tâches diverses,2021-04-01,10:44:06,00:00:02
stefano.crapanzano@chu.ulg.ac.be,Connexions du classeur,Tâches diverses,2021-04-01,10:44:15,00:00:02
stefano.crapanzano@chu.ulg.ac.be,Propriétés de connexion,Tâches diverses,2021-04-01,10:39:25,00:00:06
stefano.crapanzano@chu.ulg.ac.be,Propriétés de connexion,Tâches diverses,2021-04-01,10:44:09,00:00:06
stefano.crapanzano@chu.ulg.ac.be,[SAM][~][via transfert] : Problème accès relais achat - Message (HTML),Helpdesk général,2021-04-01,11:21:27,00:00:25
stefano.crapanzano@chu.ulg.ac.be,*new 12 - Notepad++ [Administrator],IT,2021-04-01,11:32:49,00:00:08
stefano.crapanzano@chu.ulg.ac.be,*new 12 - Notepad++ [Administrator],IT,2021-04-01,14:01:58,00:00:03
stefano.crapanzano@chu.ulg.ac.be,*new 12 - Notepad++ [Administrator],IT,2021-04-01,14:02:08,00:00:10
stefano.crapanzano@chu.ulg.ac.be,Enregistrer une macro,Tâches diverses,2021-04-01,14:03:37,00:00:02
stefano.crapanzano@chu.ulg.ac.be,Gestionnaire des règles de mise en forme conditionnelle,Tâches diverses,2021-04-01,14:04:32,00:00:03
stefano.crapanzano@chu.ulg.ac.be,Sans titre - Message (HTML),Helpdesk général,2021-04-01,14:41:51,00:00:10
stefano.crapanzano@chu.ulg.ac.be,Sans titre - Message (HTML),Helpdesk général,2021-04-01,15:49:35,00:02:23
stefano.crapanzano@chu.ulg.ac.be,Sans titre - Message (HTML),Helpdesk général,2021-04-01,15:52:24,00:00:15
stefano.crapanzano@chu.ulg.ac.be,Sans titre - Message (HTML),Helpdesk général,2021-04-01,15:52:52,00:00:06
stefano.crapanzano@chu.ulg.ac.be,Comparaison article glims / sap - Message (HTML),Helpdesk général,2021-04-01,14:42:01,00:00:10
stefano.crapanzano@chu.ulg.ac.be,Comparaison article glims / sap - Message (HTML),Helpdesk général,2021-04-01,14:55:24,00:00:02
stefano.crapanzano@chu.ulg.ac.be,Comparaison article glims / sap - Message (HTML),Helpdesk général,2021-04-01,14:55:34,00:00:02
stefano.crapanzano@chu.ulg.ac.be,Comparaison article glims / sap - Message (HTML),Helpdesk général,2021-04-01,14:55:54,00:00:26
stefano.crapanzano@chu.ulg.ac.be,Comparaison article glims / sap - Message (HTML),Helpdesk général,2021-04-01,14:56:27,00:00:13
stefano.crapanzano@chu.ulg.ac.be,Comparaison article glims / sap - Message (HTML),Helpdesk général,2021-04-01,14:57:01,00:00:03
stefano.crapanzano@chu.ulg.ac.be,Comparaison article glims / sap - Message (HTML),Helpdesk général,2021-04-01,14:57:10,00:01:03
stefano.crapanzano@chu.ulg.ac.be,Comparaison article glims / sap - Message (HTML),Helpdesk général,2021-04-01,14:58:16,00:00:13
stefano.crapanzano@chu.ulg.ac.be,Comparaison article glims / sap - Message (HTML),Helpdesk général,2021-04-01,14:59:48,00:01:27
stefano.crapanzano@chu.ulg.ac.be,Comparaison article glims / sap - Message (HTML),Helpdesk général,2021-04-01,15:01:48,00:00:26
stefano.crapanzano@chu.ulg.ac.be,Comparaison article glims / sap - Message (HTML),Helpdesk général,2021-04-01,15:02:19,00:02:19
stefano.crapanzano@chu.ulg.ac.be,Comparaison article glims / sap - Message (HTML),Helpdesk général,2021-04-01,15:05:09,00:00:38
stefano.crapanzano@chu.ulg.ac.be,Comparaison article glims / sap - Message (HTML),Helpdesk général,2021-04-01,15:48:05,00:00:36
stefano.crapanzano@chu.ulg.ac.be,Comparaison article glims / sap - Message (HTML),Helpdesk général,2021-04-01,16:08:51,00:00:02
stefano.crapanzano@chu.ulg.ac.be,Tous les éléments Outlook - Zimbra - Stefano Crapanzano - Outlook,Helpdesk général,2021-04-01,14:43:36,00:03:18
stefano.crapanzano@chu.ulg.ac.be,Tous les éléments Outlook - Zimbra - Stefano Crapanzano - Outlook,Helpdesk général,2021-04-01,14:46:58,00:00:18
stefano.crapanzano@chu.ulg.ac.be,Tous les éléments Outlook - Zimbra - Stefano Crapanzano - Outlook,Helpdesk général,2021-04-01,15:49:32,00:00:02
stefano.crapanzano@chu.ulg.ac.be,Tous les éléments Outlook - Zimbra - Stefano Crapanzano - Outlook,Helpdesk général,2021-04-01,15:54:29,00:00:02
stefano.crapanzano@chu.ulg.ac.be,pycharm - Recherche Google - Google Chrome,Tâches diverses,2021-04-01,15:13:53,00:00:06
stefano.crapanzano@chu.ulg.ac.be,case when sql oracle - Recherche Google - Google Chrome,Tâches diverses,2021-04-01,15:13:59,00:00:03
stefano.crapanzano@chu.ulg.ac.be,sql - Case Statement on Multiple conditions in Oracle - Stack Overflow - Google Chrome,Tâches diverses,2021-04-01,15:14:04,00:00:08
stefano.crapanzano@chu.ulg.ac.be,Use of _SYS_BIC schema in SAP HANA - Google Chrome,Tâches diverses,2021-04-01,15:16:19,00:00:03
stefano.crapanzano@chu.ulg.ac.be,sql false true - Recherche Google - Google Chrome,Tâches diverses,2021-04-01,15:20:41,00:00:03
stefano.crapanzano@chu.ulg.ac.be,SQL Server - boolean literal? - Stack Overflow - Google Chrome,Tâches diverses,2021-04-01,15:20:45,00:00:08
stefano.crapanzano@chu.ulg.ac.be,oracle true false - Recherche Google - Google Chrome,Tâches diverses,2021-04-01,15:21:24,00:00:05
stefano.crapanzano@chu.ulg.ac.be,sql - Is there any boolean type in Oracle databases? - Stack Overflow - Google Chrome,Tâches diverses,2021-04-01,15:21:29,00:00:13
stefano.crapanzano@chu.ulg.ac.be,Orthographe : Français (Belgique),Helpdesk général,2021-04-01,15:48:41,00:00:02
stefano.crapanzano@chu.ulg.ac.be,Microsoft Outlook,Helpdesk général,2021-04-01,16:11:41,00:00:02
stefano.crapanzano@chu.ulg.ac.be,RE: Comparaison article glims / sap - Message (HTML),Helpdesk général,2021-04-01,16:06:57,00:00:13
stefano.crapanzano@chu.ulg.ac.be,RE: Comparaison article glims / sap - Message (HTML),Helpdesk général,2021-04-01,16:07:21,00:01:28
stefano.crapanzano@chu.ulg.ac.be,RE: Comparaison article glims / sap - Message (HTML),Helpdesk général,2021-04-01,16:09:01,00:02:38
stefano.crapanzano@chu.ulg.ac.be,GOAL Comparaison article AE2 vs GLIMS - Message (HTML),Helpdesk général,2021-04-01,16:08:55,00:00:04
