Email,Description,Project,Start date,Start time,Duration
stefano.crapanzano@chu.ulg.ac.be,Administrateur : C:\Windows\System32\cmd.exe - python  main.py,IT,2021-04-02,08:28:52,00:00:02
stefano.crapanzano@chu.ulg.ac.be,Boîte de réception - erp.sai@chuliege.be - Outlook,Helpdesk général,2021-04-02,08:28:55,00:00:02
stefano.crapanzano@chu.ulg.ac.be,Boîte de réception - erp.sai@chuliege.be - Outlook,Helpdesk général,2021-04-02,08:29:00,00:00:09
stefano.crapanzano@chu.ulg.ac.be,Boîte de réception - erp.sai@chuliege.be - Outlook,Tâches diverses,2021-04-02,08:29:53,00:00:51
stefano.crapanzano@chu.ulg.ac.be,Boîte de réception - erp.sai@chuliege.be - Outlook,Helpdesk général,2021-04-02,08:31:22,00:00:03
stefano.crapanzano@chu.ulg.ac.be,Boîte de réception - erp.sai@chuliege.be - Outlook,Helpdesk général,2021-04-02,08:31:35,00:00:03
stefano.crapanzano@chu.ulg.ac.be,Boîte de réception - erp.sai@chuliege.be - Outlook,Helpdesk général,2021-04-02,08:33:49,00:00:02
stefano.crapanzano@chu.ulg.ac.be,Boîte de réception - erp.sai@chuliege.be - Outlook,Helpdesk général,2021-04-02,08:33:52,00:02:04
stefano.crapanzano@chu.ulg.ac.be,Boîte de réception - erp.sai@chuliege.be - Outlook,Helpdesk général,2021-04-02,08:37:13,00:00:40
stefano.crapanzano@chu.ulg.ac.be,Boîte de réception - erp.sai@chuliege.be - Outlook,Helpdesk général,2021-04-02,08:37:56,00:00:04
stefano.crapanzano@chu.ulg.ac.be,Boîte de réception - erp.sai@chuliege.be - Outlook,Helpdesk général,2021-04-02,08:59:31,00:00:03
stefano.crapanzano@chu.ulg.ac.be,Boîte de réception - erp.sai@chuliege.be - Outlook,Helpdesk général,2021-04-02,09:04:52,00:03:43
stefano.crapanzano@chu.ulg.ac.be,Boîte de réception - erp.sai@chuliege.be - Outlook,Helpdesk général,2021-04-02,09:08:52,00:00:02
stefano.crapanzano@chu.ulg.ac.be,Boîte de réception - erp.sai@chuliege.be - Outlook,Helpdesk général,2021-04-02,09:26:45,00:00:18
stefano.crapanzano@chu.ulg.ac.be,Boîte de réception - erp.sai@chuliege.be - Outlook,Helpdesk général,2021-04-02,09:29:10,00:00:07
stefano.crapanzano@chu.ulg.ac.be,Boîte de réception - erp.sai@chuliege.be - Outlook,Helpdesk général,2021-04-02,10:06:42,00:00:21
stefano.crapanzano@chu.ulg.ac.be,Boîte de réception - erp.sai@chuliege.be - Outlook,Helpdesk général,2021-04-02,10:12:03,00:00:02
stefano.crapanzano@chu.ulg.ac.be,Boîte de réception - erp.sai@chuliege.be - Outlook,Helpdesk général,2021-04-02,10:13:58,00:00:02
stefano.crapanzano@chu.ulg.ac.be,Boîte de réception - erp.sai@chuliege.be - Outlook,Helpdesk général,2021-04-02,11:46:40,00:00:14
stefano.crapanzano@chu.ulg.ac.be,Boîte de réception - erp.sai@chuliege.be - Outlook,Helpdesk général,2021-04-02,13:25:50,00:00:07
stefano.crapanzano@chu.ulg.ac.be,Boîte de réception - erp.sai@chuliege.be - Outlook,Helpdesk général,2021-04-02,13:48:22,00:00:03
stefano.crapanzano@chu.ulg.ac.be,Boîte de réception - erp.sai@chuliege.be - Outlook,Helpdesk général,2021-04-02,14:00:37,00:01:30
stefano.crapanzano@chu.ulg.ac.be,Boîte de réception - erp.sai@chuliege.be - Outlook,Helpdesk général,2021-04-02,14:08:31,00:00:29
stefano.crapanzano@chu.ulg.ac.be,Boîte de réception - erp.sai@chuliege.be - Outlook,Helpdesk général,2021-04-02,14:12:50,00:00:25
stefano.crapanzano@chu.ulg.ac.be,Boîte de réception - erp.sai@chuliege.be - Outlook,Helpdesk général,2021-04-02,14:14:30,00:00:03
stefano.crapanzano@chu.ulg.ac.be,Boîte de réception - erp.sai@chuliege.be - Outlook,Helpdesk général,2021-04-02,14:21:44,00:01:13
stefano.crapanzano@chu.ulg.ac.be,Boîte de réception - erp.sai@chuliege.be - Outlook,Helpdesk général,2021-04-02,14:56:14,00:01:11
stefano.crapanzano@chu.ulg.ac.be,Boîte de réception - erp.sai@chuliege.be - Outlook,Helpdesk général,2021-04-02,14:57:45,00:00:02
stefano.crapanzano@chu.ulg.ac.be,Boîte de réception - erp.sai@chuliege.be - Outlook,Helpdesk général,2021-04-02,15:14:52,00:13:38
stefano.crapanzano@chu.ulg.ac.be,Boîte de réception - erp.sai@chuliege.be - Outlook,Helpdesk général,2021-04-02,15:28:44,00:05:14
stefano.crapanzano@chu.ulg.ac.be,Boîte de réception - erp.sai@chuliege.be - Outlook,Helpdesk général,2021-04-02,15:38:49,00:02:49
stefano.crapanzano@chu.ulg.ac.be,Boîte de réception - erp.sai@chuliege.be - Outlook,Helpdesk général,2021-04-02,16:30:11,00:00:19
stefano.crapanzano@chu.ulg.ac.be,Boîte de réception - erp.sai@chuliege.be - Outlook,Helpdesk général,2021-04-02,16:30:34,00:01:07
stefano.crapanzano@chu.ulg.ac.be,Boîte de réception - erp.sai@chuliege.be - Outlook,Helpdesk général,2021-04-02,16:31:58,00:00:09
stefano.crapanzano@chu.ulg.ac.be,Boîte de réception - erp.sai@chuliege.be - Outlook,Helpdesk général,2021-04-02,16:35:08,00:00:03
stefano.crapanzano@chu.ulg.ac.be,Boîte de réception - erp.sai@chuliege.be - Outlook,Helpdesk général,2021-04-02,16:35:31,00:00:02
stefano.crapanzano@chu.ulg.ac.be,Boîte de réception - erp.sai@chuliege.be - Outlook,Helpdesk général,2021-04-02,16:35:39,00:00:02
stefano.crapanzano@chu.ulg.ac.be,Boîte de réception - erp.sai@chuliege.be - Outlook,Helpdesk général,2021-04-02,16:44:21,00:00:04
stefano.crapanzano@chu.ulg.ac.be,Boîte de réception - erp.sai@chuliege.be - Outlook,Helpdesk général,2021-04-02,16:49:36,00:00:02
stefano.crapanzano@chu.ulg.ac.be,Boîte de Réception - Zimbra - Stefano Crapanzano - Outlook,Helpdesk général,2021-04-02,08:28:57,00:00:02
stefano.crapanzano@chu.ulg.ac.be,Boîte de Réception - Zimbra - Stefano Crapanzano - Outlook,Helpdesk général,2021-04-02,08:37:54,00:00:02
stefano.crapanzano@chu.ulg.ac.be,Boîte de Réception - Zimbra - Stefano Crapanzano - Outlook,Helpdesk général,2021-04-02,10:12:05,00:00:02
stefano.crapanzano@chu.ulg.ac.be,Boîte de Réception - Zimbra - Stefano Crapanzano - Outlook,Helpdesk général,2021-04-02,10:13:56,00:00:02
stefano.crapanzano@chu.ulg.ac.be,Boîte de Réception - Zimbra - Stefano Crapanzano - Outlook,Helpdesk général,2021-04-02,10:16:05,00:00:02
stefano.crapanzano@chu.ulg.ac.be,Boîte de Réception - Zimbra - Stefano Crapanzano - Outlook,Helpdesk général,2021-04-02,10:19:24,00:00:02
stefano.crapanzano@chu.ulg.ac.be,Boîte de Réception - Zimbra - Stefano Crapanzano - Outlook,Helpdesk général,2021-04-02,10:19:41,00:00:02
stefano.crapanzano@chu.ulg.ac.be,Boîte de Réception - Zimbra - Stefano Crapanzano - Outlook,Helpdesk général,2021-04-02,11:46:37,00:00:02
stefano.crapanzano@chu.ulg.ac.be,Boîte de Réception - Zimbra - Stefano Crapanzano - Outlook,Helpdesk général,2021-04-02,14:00:31,00:00:06
stefano.crapanzano@chu.ulg.ac.be,Navigation système de fichier,IT,2021-04-02,08:33:45,00:00:03
stefano.crapanzano@chu.ulg.ac.be,Navigation système de fichier,IT,2021-04-02,08:35:56,00:00:02
stefano.crapanzano@chu.ulg.ac.be,Navigation système de fichier,IT,2021-04-02,08:39:27,00:00:02
stefano.crapanzano@chu.ulg.ac.be,Navigation système de fichier,IT,2021-04-02,08:44:50,00:00:05
stefano.crapanzano@chu.ulg.ac.be,Navigation système de fichier,IT,2021-04-02,08:45:11,00:00:04
stefano.crapanzano@chu.ulg.ac.be,Navigation système de fichier,IT,2021-04-02,08:46:13,00:00:03
stefano.crapanzano@chu.ulg.ac.be,Navigation système de fichier,IT,2021-04-02,08:49:32,00:00:02
stefano.crapanzano@chu.ulg.ac.be,Navigation système de fichier,IT,2021-04-02,08:50:24,00:00:05
stefano.crapanzano@chu.ulg.ac.be,Navigation système de fichier,IT,2021-04-02,08:50:30,00:00:03
stefano.crapanzano@chu.ulg.ac.be,Navigation système de fichier,IT,2021-04-02,08:52:52,00:00:04
stefano.crapanzano@chu.ulg.ac.be,Navigation système de fichier,IT,2021-04-02,08:57:47,00:00:05
stefano.crapanzano@chu.ulg.ac.be,Navigation système de fichier,IT,2021-04-02,09:01:52,00:00:02
stefano.crapanzano@chu.ulg.ac.be,Navigation système de fichier,IT,2021-04-02,09:03:13,00:00:02
stefano.crapanzano@chu.ulg.ac.be,Navigation système de fichier,IT,2021-04-02,09:04:30,00:00:02
stefano.crapanzano@chu.ulg.ac.be,Navigation système de fichier,IT,2021-04-02,09:04:48,00:00:03
stefano.crapanzano@chu.ulg.ac.be,Navigation système de fichier,IT,2021-04-02,09:10:22,00:00:02
stefano.crapanzano@chu.ulg.ac.be,Navigation système de fichier,IT,2021-04-02,09:18:24,00:00:02
stefano.crapanzano@chu.ulg.ac.be,Navigation système de fichier,IT,2021-04-02,09:26:41,00:00:03
stefano.crapanzano@chu.ulg.ac.be,Navigation système de fichier,IT,2021-04-02,09:28:10,00:00:04
stefano.crapanzano@chu.ulg.ac.be,Navigation système de fichier,IT,2021-04-02,09:31:51,00:00:03
stefano.crapanzano@chu.ulg.ac.be,Navigation système de fichier,IT,2021-04-02,09:32:31,00:00:03
stefano.crapanzano@chu.ulg.ac.be,Navigation système de fichier,IT,2021-04-02,09:35:21,00:00:02
stefano.crapanzano@chu.ulg.ac.be,Navigation système de fichier,IT,2021-04-02,09:36:39,00:00:02
stefano.crapanzano@chu.ulg.ac.be,Navigation système de fichier,IT,2021-04-02,09:43:34,00:00:05
stefano.crapanzano@chu.ulg.ac.be,Navigation système de fichier,IT,2021-04-02,09:44:06,00:00:03
stefano.crapanzano@chu.ulg.ac.be,Navigation système de fichier,IT,2021-04-02,09:50:28,00:00:02
stefano.crapanzano@chu.ulg.ac.be,Navigation système de fichier,IT,2021-04-02,09:55:20,00:00:03
stefano.crapanzano@chu.ulg.ac.be,Navigation système de fichier,IT,2021-04-02,09:55:36,00:00:02
stefano.crapanzano@chu.ulg.ac.be,Navigation système de fichier,IT,2021-04-02,09:55:59,00:00:02
stefano.crapanzano@chu.ulg.ac.be,Navigation système de fichier,IT,2021-04-02,10:01:10,00:00:05
stefano.crapanzano@chu.ulg.ac.be,Navigation système de fichier,IT,2021-04-02,10:03:07,00:00:02
stefano.crapanzano@chu.ulg.ac.be,Navigation système de fichier,IT,2021-04-02,10:12:01,00:00:02
stefano.crapanzano@chu.ulg.ac.be,Navigation système de fichier,IT,2021-04-02,10:14:25,00:00:07
stefano.crapanzano@chu.ulg.ac.be,Navigation système de fichier,IT,2021-04-02,10:14:34,00:00:02
stefano.crapanzano@chu.ulg.ac.be,Navigation système de fichier,IT,2021-04-02,10:17:38,00:00:07
stefano.crapanzano@chu.ulg.ac.be,Navigation système de fichier,IT,2021-04-02,10:17:56,00:00:02
stefano.crapanzano@chu.ulg.ac.be,Navigation système de fichier,IT,2021-04-02,10:18:25,00:00:02
stefano.crapanzano@chu.ulg.ac.be,Navigation système de fichier,IT,2021-04-02,10:19:36,00:00:02
stefano.crapanzano@chu.ulg.ac.be,Navigation système de fichier,IT,2021-04-02,10:20:14,00:00:03
stefano.crapanzano@chu.ulg.ac.be,Navigation système de fichier,IT,2021-04-02,10:20:21,00:00:04
stefano.crapanzano@chu.ulg.ac.be,Navigation système de fichier,IT,2021-04-02,10:20:56,00:00:04
stefano.crapanzano@chu.ulg.ac.be,Navigation système de fichier,IT,2021-04-02,10:41:31,00:00:02
stefano.crapanzano@chu.ulg.ac.be,Navigation système de fichier,IT,2021-04-02,10:55:12,00:00:02
stefano.crapanzano@chu.ulg.ac.be,Navigation système de fichier,IT,2021-04-02,10:55:33,00:00:03
stefano.crapanzano@chu.ulg.ac.be,Navigation système de fichier,IT,2021-04-02,10:55:48,00:00:03
stefano.crapanzano@chu.ulg.ac.be,Navigation système de fichier,IT,2021-04-02,11:06:39,00:00:05
stefano.crapanzano@chu.ulg.ac.be,Navigation système de fichier,IT,2021-04-02,11:10:53,00:00:02
stefano.crapanzano@chu.ulg.ac.be,Navigation système de fichier,IT,2021-04-02,11:18:15,00:00:04
stefano.crapanzano@chu.ulg.ac.be,Navigation système de fichier,IT,2021-04-02,11:24:04,00:00:02
stefano.crapanzano@chu.ulg.ac.be,Navigation système de fichier,IT,2021-04-02,11:41:23,00:00:02
stefano.crapanzano@chu.ulg.ac.be,Navigation système de fichier,IT,2021-04-02,11:45:49,00:00:07
stefano.crapanzano@chu.ulg.ac.be,Navigation système de fichier,IT,2021-04-02,11:46:02,00:00:03
stefano.crapanzano@chu.ulg.ac.be,Navigation système de fichier,IT,2021-04-02,11:46:06,00:00:02
stefano.crapanzano@chu.ulg.ac.be,Navigation système de fichier,IT,2021-04-02,11:46:12,00:00:04
stefano.crapanzano@chu.ulg.ac.be,Navigation système de fichier,IT,2021-04-02,11:46:20,00:00:08
stefano.crapanzano@chu.ulg.ac.be,Navigation système de fichier,IT,2021-04-02,11:46:34,00:00:03
stefano.crapanzano@chu.ulg.ac.be,Navigation système de fichier,IT,2021-04-02,11:49:48,00:00:03
stefano.crapanzano@chu.ulg.ac.be,Navigation système de fichier,IT,2021-04-02,11:50:19,00:00:03
stefano.crapanzano@chu.ulg.ac.be,Navigation système de fichier,IT,2021-04-02,11:50:50,00:00:02
stefano.crapanzano@chu.ulg.ac.be,Navigation système de fichier,IT,2021-04-02,11:53:28,00:00:03
stefano.crapanzano@chu.ulg.ac.be,Navigation système de fichier,IT,2021-04-02,11:55:39,00:00:02
stefano.crapanzano@chu.ulg.ac.be,Navigation système de fichier,IT,2021-04-02,11:58:44,00:00:02
stefano.crapanzano@chu.ulg.ac.be,Navigation système de fichier,IT,2021-04-02,12:01:28,00:00:03
stefano.crapanzano@chu.ulg.ac.be,Navigation système de fichier,IT,2021-04-02,12:28:11,00:00:02
stefano.crapanzano@chu.ulg.ac.be,Navigation système de fichier,IT,2021-04-02,12:42:43,00:00:03
stefano.crapanzano@chu.ulg.ac.be,Navigation système de fichier,IT,2021-04-02,12:54:24,00:00:02
stefano.crapanzano@chu.ulg.ac.be,Navigation système de fichier,IT,2021-04-02,13:08:32,00:00:02
stefano.crapanzano@chu.ulg.ac.be,Navigation système de fichier,IT,2021-04-02,13:17:37,00:00:02
stefano.crapanzano@chu.ulg.ac.be,Navigation système de fichier,IT,2021-04-02,13:24:11,00:00:02
stefano.crapanzano@chu.ulg.ac.be,Navigation système de fichier,IT,2021-04-02,13:25:17,00:00:02
stefano.crapanzano@chu.ulg.ac.be,Navigation système de fichier,IT,2021-04-02,13:29:18,00:00:02
stefano.crapanzano@chu.ulg.ac.be,Navigation système de fichier,IT,2021-04-02,13:48:19,00:00:02
stefano.crapanzano@chu.ulg.ac.be,Navigation système de fichier,IT,2021-04-02,14:15:23,00:00:02
stefano.crapanzano@chu.ulg.ac.be,Navigation système de fichier,IT,2021-04-02,14:32:04,00:00:02
stefano.crapanzano@chu.ulg.ac.be,Navigation système de fichier,IT,2021-04-02,14:32:39,00:00:02
stefano.crapanzano@chu.ulg.ac.be,Navigation système de fichier,IT,2021-04-02,14:44:49,00:00:06
stefano.crapanzano@chu.ulg.ac.be,Navigation système de fichier,IT,2021-04-02,14:45:31,00:00:02
stefano.crapanzano@chu.ulg.ac.be,Navigation système de fichier,IT,2021-04-02,14:46:22,00:00:02
stefano.crapanzano@chu.ulg.ac.be,Navigation système de fichier,IT,2021-04-02,14:48:58,00:00:02
stefano.crapanzano@chu.ulg.ac.be,Navigation système de fichier,IT,2021-04-02,14:51:49,00:00:02
stefano.crapanzano@chu.ulg.ac.be,Navigation système de fichier,IT,2021-04-02,15:14:49,00:00:02
stefano.crapanzano@chu.ulg.ac.be,Navigation système de fichier,IT,2021-04-02,15:38:17,00:00:02
stefano.crapanzano@chu.ulg.ac.be,Navigation système de fichier,IT,2021-04-02,16:02:42,00:00:02
stefano.crapanzano@chu.ulg.ac.be,Navigation système de fichier,IT,2021-04-02,16:07:17,00:00:02
stefano.crapanzano@chu.ulg.ac.be,Navigation système de fichier,IT,2021-04-02,16:07:55,00:00:02
stefano.crapanzano@chu.ulg.ac.be,Navigation système de fichier,IT,2021-04-02,16:21:31,00:00:03
stefano.crapanzano@chu.ulg.ac.be,Navigation système de fichier,IT,2021-04-02,16:27:02,00:00:05
stefano.crapanzano@chu.ulg.ac.be,Navigation système de fichier,IT,2021-04-02,16:32:14,00:00:59
stefano.crapanzano@chu.ulg.ac.be,Navigation système de fichier,IT,2021-04-02,16:33:20,00:00:11
stefano.crapanzano@chu.ulg.ac.be,Navigation système de fichier,IT,2021-04-02,16:33:37,00:00:16
stefano.crapanzano@chu.ulg.ac.be,Navigation système de fichier,IT,2021-04-02,16:33:56,00:00:05
stefano.crapanzano@chu.ulg.ac.be,Navigation système de fichier,IT,2021-04-02,16:35:06,00:00:02
stefano.crapanzano@chu.ulg.ac.be,Navigation système de fichier,IT,2021-04-02,16:36:20,00:00:14
stefano.crapanzano@chu.ulg.ac.be,Navigation système de fichier,IT,2021-04-02,16:37:36,00:00:30
stefano.crapanzano@chu.ulg.ac.be,Navigation système de fichier,IT,2021-04-02,16:42:32,00:00:02
stefano.crapanzano@chu.ulg.ac.be,Navigation système de fichier,IT,2021-04-02,16:42:52,00:00:21
stefano.crapanzano@chu.ulg.ac.be,Navigation système de fichier,IT,2021-04-02,16:43:15,00:00:04
stefano.crapanzano@chu.ulg.ac.be,Navigation système de fichier,IT,2021-04-02,16:43:24,00:00:10
stefano.crapanzano@chu.ulg.ac.be,Navigation système de fichier,IT,2021-04-02,16:44:32,00:00:02
stefano.crapanzano@chu.ulg.ac.be,Navigation système de fichier,IT,2021-04-02,16:51:53,00:00:03
stefano.crapanzano@chu.ulg.ac.be,Navigation système de fichier,IT,2021-04-02,16:51:57,00:00:05
stefano.crapanzano@chu.ulg.ac.be,Navigation système de fichier,IT,2021-04-02,16:53:08,00:00:02
stefano.crapanzano@chu.ulg.ac.be,Navigation système de fichier,IT,2021-04-02,16:53:54,00:00:04
stefano.crapanzano@chu.ulg.ac.be,Navigation système de fichier,IT,2021-04-02,16:55:29,00:00:04
stefano.crapanzano@chu.ulg.ac.be,P203 CHU Factures apo non comptabilisée lors du retour apo via la transaction zapo - Bienvenue! Vous pouvez poser une demande de Service Desk ERP for HealthCare parmi les options fournies. - Service d'assistance - Google Chrome,Tâches diverses,2021-04-02,08:29:11,00:00:03
stefano.crapanzano@chu.ulg.ac.be,Nouvel onglet - Google Chrome,Tâches diverses,2021-04-02,08:29:14,00:00:06
stefano.crapanzano@chu.ulg.ac.be,Nouvel onglet - Google Chrome,Tâches diverses,2021-04-02,08:45:17,00:00:03
stefano.crapanzano@chu.ulg.ac.be,Nouvel onglet - Google Chrome,Tâches diverses,2021-04-02,09:58:19,00:00:03
stefano.crapanzano@chu.ulg.ac.be,Nouvel onglet - Google Chrome,Tâches diverses,2021-04-02,11:18:21,00:00:05
stefano.crapanzano@chu.ulg.ac.be,Nouvel onglet - Google Chrome,Tâches diverses,2021-04-02,14:03:32,00:00:08
stefano.crapanzano@chu.ulg.ac.be,Nouvel onglet - Google Chrome,Tâches diverses,2021-04-02,14:06:30,00:00:07
stefano.crapanzano@chu.ulg.ac.be,Identification - Google Chrome,Tâches diverses,2021-04-02,08:29:20,00:00:08
stefano.crapanzano@chu.ulg.ac.be,decis.chu.ulg.ac.be/STPNET/stpnetdll.dll/dQFN8gs2UKoOQNdnjARUha/$/ - Google Chrome,Tâches diverses,2021-04-02,08:29:29,00:00:03
stefano.crapanzano@chu.ulg.ac.be,STPNet : login - Google Chrome,Tâches diverses,2021-04-02,08:29:34,00:00:02
stefano.crapanzano@chu.ulg.ac.be,STP : planning - Google Chrome,Tâches diverses,2021-04-02,08:29:36,00:00:03
stefano.crapanzano@chu.ulg.ac.be,Planning équipes - Google Chrome,Tâches diverses,2021-04-02,08:29:40,00:00:13
stefano.crapanzano@chu.ulg.ac.be,RE: Comparaison article glims / sap - Message (HTML),Helpdesk général,2021-04-02,08:30:45,00:00:37
stefano.crapanzano@chu.ulg.ac.be,RE: Comparaison article glims / sap - Message (HTML),Helpdesk général,2021-04-02,08:31:26,00:00:09
stefano.crapanzano@chu.ulg.ac.be,RE: Comparaison article glims / sap - Message (HTML),Helpdesk général,2021-04-02,08:31:39,00:00:49
stefano.crapanzano@chu.ulg.ac.be,RE: Comparaison article glims / sap - Message (HTML),Helpdesk général,2021-04-02,13:25:57,00:00:31
stefano.crapanzano@chu.ulg.ac.be,RE: Comparaison article glims / sap - Message (HTML),Helpdesk général,2021-04-02,13:26:29,00:00:03
stefano.crapanzano@chu.ulg.ac.be,RE: Comparaison article glims / sap - Message (HTML),Helpdesk général,2021-04-02,13:27:28,00:00:24
stefano.crapanzano@chu.ulg.ac.be,RE: Comparaison article glims / sap - Message (HTML),Helpdesk général,2021-04-02,13:28:21,00:00:56
stefano.crapanzano@chu.ulg.ac.be,RE: Comparaison article glims / sap - Message (HTML),Helpdesk général,2021-04-02,13:29:48,00:00:02
stefano.crapanzano@chu.ulg.ac.be,RE: Comparaison article glims / sap - Message (HTML),Helpdesk général,2021-04-02,13:31:34,00:00:04
stefano.crapanzano@chu.ulg.ac.be,RE: Comparaison article glims / sap - Message (HTML),Helpdesk général,2021-04-02,13:32:11,00:00:27
stefano.crapanzano@chu.ulg.ac.be,RE: Comparaison article glims / sap - Message (HTML),Helpdesk général,2021-04-02,13:32:52,00:00:15
stefano.crapanzano@chu.ulg.ac.be,RE: Comparaison article glims / sap - Message (HTML),Helpdesk général,2021-04-02,13:33:12,00:00:44
stefano.crapanzano@chu.ulg.ac.be,RE: Comparaison article glims / sap - Message (HTML),Helpdesk général,2021-04-02,13:34:04,00:00:15
stefano.crapanzano@chu.ulg.ac.be,RE: Comparaison article glims / sap - Message (HTML),Helpdesk général,2021-04-02,13:34:23,00:00:03
stefano.crapanzano@chu.ulg.ac.be,RE: Comparaison article glims / sap - Message (HTML),Helpdesk général,2021-04-02,13:34:30,00:00:19
stefano.crapanzano@chu.ulg.ac.be,RE: Comparaison article glims / sap - Message (HTML),Helpdesk général,2021-04-02,13:34:54,00:00:42
stefano.crapanzano@chu.ulg.ac.be,RE: Comparaison article glims / sap - Message (HTML),Helpdesk général,2021-04-02,13:35:44,00:00:37
stefano.crapanzano@chu.ulg.ac.be,RE: Comparaison article glims / sap - Message (HTML),Helpdesk général,2021-04-02,13:36:36,00:00:46
stefano.crapanzano@chu.ulg.ac.be,RE: Comparaison article glims / sap - Message (HTML),Helpdesk général,2021-04-02,13:37:35,00:00:56
stefano.crapanzano@chu.ulg.ac.be,RE: Comparaison article glims / sap - Message (HTML),Helpdesk général,2021-04-02,13:38:41,00:01:50
stefano.crapanzano@chu.ulg.ac.be,RE: Comparaison article glims / sap - Message (HTML),Helpdesk général,2021-04-02,13:40:37,00:00:06
stefano.crapanzano@chu.ulg.ac.be,RE: Comparaison article glims / sap - Message (HTML),Helpdesk général,2021-04-02,13:40:56,00:01:45
stefano.crapanzano@chu.ulg.ac.be,RE: Comparaison article glims / sap - Message (HTML),Helpdesk général,2021-04-02,13:43:06,00:01:34
stefano.crapanzano@chu.ulg.ac.be,RE: Comparaison article glims / sap - Message (HTML),Helpdesk général,2021-04-02,13:44:43,00:00:32
stefano.crapanzano@chu.ulg.ac.be,RE: Comparaison article glims / sap - Message (HTML),Helpdesk général,2021-04-02,13:45:37,00:02:00
stefano.crapanzano@chu.ulg.ac.be,RE: Comparaison article glims / sap - Message (HTML),Helpdesk général,2021-04-02,13:47:48,00:00:21
stefano.crapanzano@chu.ulg.ac.be,RE: Comparaison article glims / sap - Message (HTML),Helpdesk général,2021-04-02,14:22:57,00:01:04
stefano.crapanzano@chu.ulg.ac.be,RE: Comparaison article glims / sap - Message (HTML),Helpdesk général,2021-04-02,14:24:14,00:07:50
stefano.crapanzano@chu.ulg.ac.be,RE: Comparaison article glims / sap - Message (HTML),Helpdesk général,2021-04-02,14:34:34,00:00:15
stefano.crapanzano@chu.ulg.ac.be,RE: Comparaison article glims / sap - Message (HTML),Helpdesk général,2021-04-02,14:35:20,00:00:17
stefano.crapanzano@chu.ulg.ac.be,RE: Comparaison article glims / sap - Message (HTML),Helpdesk général,2021-04-02,14:36:21,00:00:55
stefano.crapanzano@chu.ulg.ac.be,RE: Comparaison article glims / sap - Message (HTML),Helpdesk général,2021-04-02,14:39:06,00:00:03
stefano.crapanzano@chu.ulg.ac.be,RE: Comparaison article glims / sap - Message (HTML),Helpdesk général,2021-04-02,14:41:09,00:00:20
stefano.crapanzano@chu.ulg.ac.be,RE: Comparaison article glims / sap - Message (HTML),Helpdesk général,2021-04-02,14:43:18,00:00:47
stefano.crapanzano@chu.ulg.ac.be,RE: Comparaison article glims / sap - Message (HTML),Helpdesk général,2021-04-02,14:57:52,00:16:50
stefano.crapanzano@chu.ulg.ac.be,DBeaver 21.0.0 - <GLIMS9.ST.CHULG> Script,Helpdesk général,2021-04-02,11:55:19,00:00:02
stefano.crapanzano@chu.ulg.ac.be,Programmation,IT,2021-04-02,08:35:59,00:01:10
stefano.crapanzano@chu.ulg.ac.be,Programmation,IT,2021-04-02,08:40:09,00:04:41
stefano.crapanzano@chu.ulg.ac.be,Programmation,IT,2021-04-02,08:46:19,00:00:04
stefano.crapanzano@chu.ulg.ac.be,Programmation,IT,2021-04-02,08:46:39,00:02:02
stefano.crapanzano@chu.ulg.ac.be,Programmation,IT,2021-04-02,08:49:00,00:00:30
stefano.crapanzano@chu.ulg.ac.be,Programmation,IT,2021-04-02,08:49:48,00:00:14
stefano.crapanzano@chu.ulg.ac.be,Programmation,IT,2021-04-02,08:50:07,00:00:03
stefano.crapanzano@chu.ulg.ac.be,Programmation,IT,2021-04-02,08:50:55,00:00:08
stefano.crapanzano@chu.ulg.ac.be,Programmation,IT,2021-04-02,08:51:08,00:00:44
stefano.crapanzano@chu.ulg.ac.be,Programmation,IT,2021-04-02,08:51:56,00:00:50
stefano.crapanzano@chu.ulg.ac.be,Programmation,IT,2021-04-02,08:53:15,00:04:32
stefano.crapanzano@chu.ulg.ac.be,Programmation,IT,2021-04-02,08:58:10,00:00:12
stefano.crapanzano@chu.ulg.ac.be,Programmation,IT,2021-04-02,08:58:28,00:00:59
stefano.crapanzano@chu.ulg.ac.be,Programmation,IT,2021-04-02,08:59:36,00:01:45
stefano.crapanzano@chu.ulg.ac.be,Programmation,IT,2021-04-02,09:01:48,00:00:04
stefano.crapanzano@chu.ulg.ac.be,Programmation,IT,2021-04-02,09:02:02,00:01:10
stefano.crapanzano@chu.ulg.ac.be,Programmation,IT,2021-04-02,09:04:33,00:00:15
stefano.crapanzano@chu.ulg.ac.be,Programmation,IT,2021-04-02,09:08:35,00:00:15
stefano.crapanzano@chu.ulg.ac.be,Programmation,IT,2021-04-02,09:28:14,00:00:04
stefano.crapanzano@chu.ulg.ac.be,Programmation,IT,2021-04-02,09:44:10,00:00:03
stefano.crapanzano@chu.ulg.ac.be,Programmation,IT,2021-04-02,09:44:19,00:06:09
stefano.crapanzano@chu.ulg.ac.be,Programmation,IT,2021-04-02,09:52:23,00:02:56
stefano.crapanzano@chu.ulg.ac.be,Programmation,IT,2021-04-02,09:55:23,00:00:12
stefano.crapanzano@chu.ulg.ac.be,Programmation,IT,2021-04-02,09:56:01,00:00:35
stefano.crapanzano@chu.ulg.ac.be,Programmation,IT,2021-04-02,09:57:35,00:00:35
stefano.crapanzano@chu.ulg.ac.be,Programmation,IT,2021-04-02,10:01:16,00:01:44
stefano.crapanzano@chu.ulg.ac.be,Programmation,IT,2021-04-02,10:21:01,00:00:26
stefano.crapanzano@chu.ulg.ac.be,Programmation,IT,2021-04-02,10:22:04,00:11:20
stefano.crapanzano@chu.ulg.ac.be,Programmation,IT,2021-04-02,10:46:00,00:09:12
stefano.crapanzano@chu.ulg.ac.be,Programmation,IT,2021-04-02,10:55:14,00:00:18
stefano.crapanzano@chu.ulg.ac.be,Programmation,IT,2021-04-02,10:56:23,00:00:21
stefano.crapanzano@chu.ulg.ac.be,Programmation,IT,2021-04-02,10:56:48,00:03:40
stefano.crapanzano@chu.ulg.ac.be,Programmation,IT,2021-04-02,11:01:29,00:05:10
stefano.crapanzano@chu.ulg.ac.be,Programmation,IT,2021-04-02,11:06:47,00:00:22
stefano.crapanzano@chu.ulg.ac.be,Programmation,IT,2021-04-02,11:07:10,00:00:28
stefano.crapanzano@chu.ulg.ac.be,Programmation,IT,2021-04-02,11:07:43,00:01:55
stefano.crapanzano@chu.ulg.ac.be,Programmation,IT,2021-04-02,11:09:57,00:00:56
stefano.crapanzano@chu.ulg.ac.be,Programmation,IT,2021-04-02,11:10:56,00:00:49
stefano.crapanzano@chu.ulg.ac.be,Programmation,IT,2021-04-02,11:11:47,00:05:08
stefano.crapanzano@chu.ulg.ac.be,Programmation,IT,2021-04-02,11:17:13,00:01:01
stefano.crapanzano@chu.ulg.ac.be,Programmation,IT,2021-04-02,11:18:40,00:01:07
stefano.crapanzano@chu.ulg.ac.be,Programmation,IT,2021-04-02,11:20:15,00:00:34
stefano.crapanzano@chu.ulg.ac.be,Programmation,IT,2021-04-02,11:20:55,00:00:10
stefano.crapanzano@chu.ulg.ac.be,Programmation,IT,2021-04-02,11:22:19,00:01:25
stefano.crapanzano@chu.ulg.ac.be,Programmation,IT,2021-04-02,11:23:46,00:00:18
stefano.crapanzano@chu.ulg.ac.be,Programmation,IT,2021-04-02,11:24:08,00:01:00
stefano.crapanzano@chu.ulg.ac.be,Programmation,IT,2021-04-02,11:25:11,00:04:28
stefano.crapanzano@chu.ulg.ac.be,Programmation,IT,2021-04-02,11:31:37,00:00:28
stefano.crapanzano@chu.ulg.ac.be,Programmation,IT,2021-04-02,11:36:56,00:00:35
stefano.crapanzano@chu.ulg.ac.be,Programmation,IT,2021-04-02,11:37:36,00:03:47
stefano.crapanzano@chu.ulg.ac.be,Programmation,IT,2021-04-02,11:41:53,00:00:03
stefano.crapanzano@chu.ulg.ac.be,Programmation,IT,2021-04-02,11:42:01,00:00:03
stefano.crapanzano@chu.ulg.ac.be,Programmation,IT,2021-04-02,11:42:08,00:00:02
stefano.crapanzano@chu.ulg.ac.be,Programmation,IT,2021-04-02,11:50:23,00:00:15
stefano.crapanzano@chu.ulg.ac.be,Programmation,IT,2021-04-02,11:50:53,00:00:05
stefano.crapanzano@chu.ulg.ac.be,Programmation,IT,2021-04-02,11:51:31,00:00:03
stefano.crapanzano@chu.ulg.ac.be,Programmation,IT,2021-04-02,12:01:31,00:03:31
stefano.crapanzano@chu.ulg.ac.be,Programmation,IT,2021-04-02,12:05:09,00:00:25
stefano.crapanzano@chu.ulg.ac.be,Programmation,IT,2021-04-02,12:05:42,00:00:03
stefano.crapanzano@chu.ulg.ac.be,Programmation,IT,2021-04-02,12:05:52,00:00:03
stefano.crapanzano@chu.ulg.ac.be,Programmation,IT,2021-04-02,12:06:01,00:00:02
stefano.crapanzano@chu.ulg.ac.be,Programmation,IT,2021-04-02,12:09:12,00:03:25
stefano.crapanzano@chu.ulg.ac.be,Programmation,IT,2021-04-02,12:14:32,00:00:04
stefano.crapanzano@chu.ulg.ac.be,Programmation,IT,2021-04-02,12:54:27,00:00:32
stefano.crapanzano@chu.ulg.ac.be,Programmation,IT,2021-04-02,12:55:12,00:13:19
stefano.crapanzano@chu.ulg.ac.be,Programmation,IT,2021-04-02,13:08:34,00:02:33
stefano.crapanzano@chu.ulg.ac.be,Programmation,IT,2021-04-02,13:11:09,00:06:05
stefano.crapanzano@chu.ulg.ac.be,Programmation,IT,2021-04-02,13:17:40,00:01:46
stefano.crapanzano@chu.ulg.ac.be,Programmation,IT,2021-04-02,13:19:32,00:02:01
stefano.crapanzano@chu.ulg.ac.be,Programmation,IT,2021-04-02,13:21:58,00:00:08
stefano.crapanzano@chu.ulg.ac.be,Programmation,IT,2021-04-02,13:22:12,00:00:16
stefano.crapanzano@chu.ulg.ac.be,Programmation,IT,2021-04-02,13:22:32,00:00:24
stefano.crapanzano@chu.ulg.ac.be,Programmation,IT,2021-04-02,13:22:59,00:00:03
stefano.crapanzano@chu.ulg.ac.be,Programmation,IT,2021-04-02,13:23:17,00:00:43
stefano.crapanzano@chu.ulg.ac.be,Programmation,IT,2021-04-02,13:24:14,00:00:03
stefano.crapanzano@chu.ulg.ac.be,Programmation,IT,2021-04-02,13:24:23,00:00:03
stefano.crapanzano@chu.ulg.ac.be,Programmation,IT,2021-04-02,13:24:30,00:00:03
stefano.crapanzano@chu.ulg.ac.be,Programmation,IT,2021-04-02,13:24:38,00:00:04
stefano.crapanzano@chu.ulg.ac.be,Programmation,IT,2021-04-02,13:24:58,00:00:09
stefano.crapanzano@chu.ulg.ac.be,Programmation,IT,2021-04-02,13:25:19,00:00:24
stefano.crapanzano@chu.ulg.ac.be,Programmation,IT,2021-04-02,13:26:35,00:00:51
stefano.crapanzano@chu.ulg.ac.be,Programmation,IT,2021-04-02,13:27:52,00:00:27
stefano.crapanzano@chu.ulg.ac.be,Programmation,IT,2021-04-02,13:29:20,00:00:27
stefano.crapanzano@chu.ulg.ac.be,Programmation,IT,2021-04-02,13:29:51,00:01:43
stefano.crapanzano@chu.ulg.ac.be,Programmation,IT,2021-04-02,13:32:45,00:00:07
stefano.crapanzano@chu.ulg.ac.be,Programmation,IT,2021-04-02,13:33:09,00:00:02
stefano.crapanzano@chu.ulg.ac.be,Programmation,IT,2021-04-02,13:33:58,00:00:05
stefano.crapanzano@chu.ulg.ac.be,Programmation,IT,2021-04-02,13:34:20,00:00:03
stefano.crapanzano@chu.ulg.ac.be,Programmation,IT,2021-04-02,13:34:28,00:00:02
stefano.crapanzano@chu.ulg.ac.be,Programmation,IT,2021-04-02,13:34:50,00:00:04
stefano.crapanzano@chu.ulg.ac.be,Programmation,IT,2021-04-02,13:35:37,00:00:05
stefano.crapanzano@chu.ulg.ac.be,Programmation,IT,2021-04-02,13:36:22,00:00:12
stefano.crapanzano@chu.ulg.ac.be,Programmation,IT,2021-04-02,13:42:43,00:00:22
stefano.crapanzano@chu.ulg.ac.be,Programmation,IT,2021-04-02,13:45:16,00:00:20
stefano.crapanzano@chu.ulg.ac.be,Programmation,IT,2021-04-02,13:48:17,00:00:02
stefano.crapanzano@chu.ulg.ac.be,Programmation,IT,2021-04-02,14:03:56,00:02:31
stefano.crapanzano@chu.ulg.ac.be,Programmation,IT,2021-04-02,14:07:46,00:00:43
stefano.crapanzano@chu.ulg.ac.be,Programmation,IT,2021-04-02,14:09:03,00:00:24
stefano.crapanzano@chu.ulg.ac.be,Programmation,IT,2021-04-02,14:15:25,00:06:15
stefano.crapanzano@chu.ulg.ac.be,Programmation,IT,2021-04-02,14:24:04,00:00:08
stefano.crapanzano@chu.ulg.ac.be,Programmation,IT,2021-04-02,14:32:07,00:00:32
stefano.crapanzano@chu.ulg.ac.be,Programmation,IT,2021-04-02,14:34:15,00:00:17
stefano.crapanzano@chu.ulg.ac.be,Programmation,IT,2021-04-02,14:40:20,00:00:03
stefano.crapanzano@chu.ulg.ac.be,Programmation,IT,2021-04-02,14:42:09,00:00:03
stefano.crapanzano@chu.ulg.ac.be,Programmation,IT,2021-04-02,14:42:18,00:00:31
stefano.crapanzano@chu.ulg.ac.be,Programmation,IT,2021-04-02,14:45:33,00:00:18
stefano.crapanzano@chu.ulg.ac.be,Programmation,IT,2021-04-02,14:45:57,00:00:25
stefano.crapanzano@chu.ulg.ac.be,Programmation,IT,2021-04-02,14:46:33,00:00:11
stefano.crapanzano@chu.ulg.ac.be,Programmation,IT,2021-04-02,14:46:52,00:00:05
stefano.crapanzano@chu.ulg.ac.be,Programmation,IT,2021-04-02,14:47:05,00:00:03
stefano.crapanzano@chu.ulg.ac.be,Programmation,IT,2021-04-02,14:47:10,00:00:03
stefano.crapanzano@chu.ulg.ac.be,Programmation,IT,2021-04-02,14:47:19,00:00:05
stefano.crapanzano@chu.ulg.ac.be,Programmation,IT,2021-04-02,14:47:39,00:00:27
stefano.crapanzano@chu.ulg.ac.be,Programmation,IT,2021-04-02,14:48:13,00:00:39
stefano.crapanzano@chu.ulg.ac.be,Programmation,IT,2021-04-02,14:49:00,00:00:05
stefano.crapanzano@chu.ulg.ac.be,Programmation,IT,2021-04-02,14:49:08,00:00:02
stefano.crapanzano@chu.ulg.ac.be,Programmation,IT,2021-04-02,14:49:16,00:00:03
stefano.crapanzano@chu.ulg.ac.be,Programmation,IT,2021-04-02,14:49:25,00:00:05
stefano.crapanzano@chu.ulg.ac.be,Programmation,IT,2021-04-02,14:49:43,00:00:29
stefano.crapanzano@chu.ulg.ac.be,Programmation,IT,2021-04-02,14:50:14,00:00:05
stefano.crapanzano@chu.ulg.ac.be,Programmation,IT,2021-04-02,14:50:41,00:00:25
stefano.crapanzano@chu.ulg.ac.be,Programmation,IT,2021-04-02,14:51:14,00:00:04
stefano.crapanzano@chu.ulg.ac.be,Programmation,IT,2021-04-02,14:51:22,00:00:10
stefano.crapanzano@chu.ulg.ac.be,Programmation,IT,2021-04-02,14:51:40,00:00:05
stefano.crapanzano@chu.ulg.ac.be,Programmation,IT,2021-04-02,14:51:47,00:00:02
stefano.crapanzano@chu.ulg.ac.be,Programmation,IT,2021-04-02,14:52:26,00:02:13
stefano.crapanzano@chu.ulg.ac.be,Programmation,IT,2021-04-02,14:54:42,00:00:03
stefano.crapanzano@chu.ulg.ac.be,Programmation,IT,2021-04-02,14:54:50,00:00:05
stefano.crapanzano@chu.ulg.ac.be,Programmation,IT,2021-04-02,14:55:00,00:00:03
stefano.crapanzano@chu.ulg.ac.be,Programmation,IT,2021-04-02,14:55:05,00:00:02
stefano.crapanzano@chu.ulg.ac.be,Programmation,IT,2021-04-02,14:55:10,00:00:02
stefano.crapanzano@chu.ulg.ac.be,Programmation,IT,2021-04-02,14:55:19,00:00:15
stefano.crapanzano@chu.ulg.ac.be,Programmation,IT,2021-04-02,14:55:42,00:00:04
stefano.crapanzano@chu.ulg.ac.be,Programmation,IT,2021-04-02,14:55:48,00:00:03
stefano.crapanzano@chu.ulg.ac.be,Programmation,IT,2021-04-02,14:55:53,00:00:03
stefano.crapanzano@chu.ulg.ac.be,Programmation,IT,2021-04-02,14:56:00,00:00:02
stefano.crapanzano@chu.ulg.ac.be,Programmation,IT,2021-04-02,14:56:05,00:00:04
stefano.crapanzano@chu.ulg.ac.be,Programmation,IT,2021-04-02,14:57:28,00:00:15
stefano.crapanzano@chu.ulg.ac.be,Programmation,IT,2021-04-02,15:36:53,00:01:23
stefano.crapanzano@chu.ulg.ac.be,Programmation,IT,2021-04-02,15:38:19,00:00:14
stefano.crapanzano@chu.ulg.ac.be,Programmation,IT,2021-04-02,15:38:35,00:00:13
stefano.crapanzano@chu.ulg.ac.be,Programmation,IT,2021-04-02,15:41:39,00:00:57
stefano.crapanzano@chu.ulg.ac.be,Programmation,IT,2021-04-02,15:42:40,00:01:05
stefano.crapanzano@chu.ulg.ac.be,Programmation,IT,2021-04-02,15:44:23,00:00:06
stefano.crapanzano@chu.ulg.ac.be,Programmation,IT,2021-04-02,15:44:45,00:00:44
stefano.crapanzano@chu.ulg.ac.be,Programmation,IT,2021-04-02,15:45:37,00:00:33
stefano.crapanzano@chu.ulg.ac.be,Programmation,IT,2021-04-02,15:46:28,00:01:19
stefano.crapanzano@chu.ulg.ac.be,Programmation,IT,2021-04-02,15:47:53,00:00:06
stefano.crapanzano@chu.ulg.ac.be,Programmation,IT,2021-04-02,15:48:06,00:00:13
stefano.crapanzano@chu.ulg.ac.be,Programmation,IT,2021-04-02,15:51:52,00:01:14
stefano.crapanzano@chu.ulg.ac.be,Programmation,IT,2021-04-02,15:53:19,00:01:04
stefano.crapanzano@chu.ulg.ac.be,Programmation,IT,2021-04-02,15:54:39,00:02:23
stefano.crapanzano@chu.ulg.ac.be,Programmation,IT,2021-04-02,15:57:16,00:00:06
stefano.crapanzano@chu.ulg.ac.be,Programmation,IT,2021-04-02,15:58:14,00:00:04
stefano.crapanzano@chu.ulg.ac.be,Programmation,IT,2021-04-02,15:58:22,00:00:09
stefano.crapanzano@chu.ulg.ac.be,Programmation,IT,2021-04-02,15:58:39,00:00:06
stefano.crapanzano@chu.ulg.ac.be,Programmation,IT,2021-04-02,15:59:06,00:00:02
stefano.crapanzano@chu.ulg.ac.be,Programmation,IT,2021-04-02,15:59:09,00:00:19
stefano.crapanzano@chu.ulg.ac.be,Programmation,IT,2021-04-02,16:01:06,00:00:18
stefano.crapanzano@chu.ulg.ac.be,Programmation,IT,2021-04-02,16:01:26,00:00:07
stefano.crapanzano@chu.ulg.ac.be,Programmation,IT,2021-04-02,16:01:36,00:00:10
stefano.crapanzano@chu.ulg.ac.be,Programmation,IT,2021-04-02,16:02:03,00:00:15
stefano.crapanzano@chu.ulg.ac.be,Programmation,IT,2021-04-02,16:02:45,00:00:08
stefano.crapanzano@chu.ulg.ac.be,Programmation,IT,2021-04-02,16:03:04,00:00:23
stefano.crapanzano@chu.ulg.ac.be,Programmation,IT,2021-04-02,16:03:37,00:02:39
stefano.crapanzano@chu.ulg.ac.be,Programmation,IT,2021-04-02,16:06:19,00:00:40
stefano.crapanzano@chu.ulg.ac.be,Programmation,IT,2021-04-02,16:07:04,00:00:04
stefano.crapanzano@chu.ulg.ac.be,Programmation,IT,2021-04-02,16:07:10,00:00:02
stefano.crapanzano@chu.ulg.ac.be,Programmation,IT,2021-04-02,16:07:20,00:00:20
stefano.crapanzano@chu.ulg.ac.be,Programmation,IT,2021-04-02,16:07:42,00:00:02
stefano.crapanzano@chu.ulg.ac.be,Programmation,IT,2021-04-02,16:07:46,00:00:08
stefano.crapanzano@chu.ulg.ac.be,Programmation,IT,2021-04-02,16:08:02,00:00:05
stefano.crapanzano@chu.ulg.ac.be,Programmation,IT,2021-04-02,16:09:04,00:05:33
stefano.crapanzano@chu.ulg.ac.be,Programmation,IT,2021-04-02,16:15:15,00:03:01
stefano.crapanzano@chu.ulg.ac.be,Programmation,IT,2021-04-02,16:18:25,00:00:06
stefano.crapanzano@chu.ulg.ac.be,Programmation,IT,2021-04-02,16:18:38,00:02:45
stefano.crapanzano@chu.ulg.ac.be,Programmation,IT,2021-04-02,16:21:34,00:00:15
stefano.crapanzano@chu.ulg.ac.be,Programmation,IT,2021-04-02,16:21:55,00:00:48
stefano.crapanzano@chu.ulg.ac.be,Programmation,IT,2021-04-02,16:22:45,00:00:05
stefano.crapanzano@chu.ulg.ac.be,Programmation,IT,2021-04-02,16:23:25,00:00:44
stefano.crapanzano@chu.ulg.ac.be,Programmation,IT,2021-04-02,16:24:15,00:00:25
stefano.crapanzano@chu.ulg.ac.be,Programmation,IT,2021-04-02,16:25:17,00:00:11
stefano.crapanzano@chu.ulg.ac.be,Programmation,IT,2021-04-02,16:25:33,00:00:05
stefano.crapanzano@chu.ulg.ac.be,Programmation,IT,2021-04-02,16:27:33,00:00:23
stefano.crapanzano@chu.ulg.ac.be,Programmation,IT,2021-04-02,16:28:00,00:00:09
stefano.crapanzano@chu.ulg.ac.be,Programmation,IT,2021-04-02,16:28:13,00:00:07
stefano.crapanzano@chu.ulg.ac.be,Programmation,IT,2021-04-02,16:29:17,00:00:25
stefano.crapanzano@chu.ulg.ac.be,Programmation,IT,2021-04-02,16:29:47,00:00:05
stefano.crapanzano@chu.ulg.ac.be,Programmation,IT,2021-04-02,16:55:42,00:00:10
stefano.crapanzano@chu.ulg.ac.be,Programmation,IT,2021-04-02,16:55:56,00:02:06
stefano.crapanzano@chu.ulg.ac.be,Programmation,IT,2021-04-02,16:58:07,00:00:10
stefano.crapanzano@chu.ulg.ac.be,Programmation,IT,2021-04-02,16:59:03,00:00:35
stefano.crapanzano@chu.ulg.ac.be,Programmation,IT,2021-04-02,16:59:42,00:00:21
stefano.crapanzano@chu.ulg.ac.be,Programmation,IT,2021-04-02,17:01:39,00:00:15
stefano.crapanzano@chu.ulg.ac.be,Sent - erp.sai@chuliege.be - Outlook,Helpdesk général,2021-04-02,08:38:01,00:00:16
stefano.crapanzano@chu.ulg.ac.be,Sent - erp.sai@chuliege.be - Outlook,Helpdesk général,2021-04-02,12:28:19,00:00:50
stefano.crapanzano@chu.ulg.ac.be,Sent - erp.sai@chuliege.be - Outlook,Helpdesk général,2021-04-02,12:32:12,00:00:04
stefano.crapanzano@chu.ulg.ac.be,Sent - erp.sai@chuliege.be - Outlook,Helpdesk général,2021-04-02,12:42:46,00:01:50
stefano.crapanzano@chu.ulg.ac.be,Sent - erp.sai@chuliege.be - Outlook,Helpdesk général,2021-04-02,12:44:40,00:00:15
stefano.crapanzano@chu.ulg.ac.be,Sent - erp.sai@chuliege.be - Outlook,Helpdesk général,2021-04-02,12:47:17,00:00:06
stefano.crapanzano@chu.ulg.ac.be,Sent - erp.sai@chuliege.be - Outlook,Helpdesk général,2021-04-02,13:17:15,00:00:02
stefano.crapanzano@chu.ulg.ac.be,Sent - erp.sai@chuliege.be - Outlook,Helpdesk général,2021-04-02,13:25:45,00:00:04
stefano.crapanzano@chu.ulg.ac.be,Sent - erp.sai@chuliege.be - Outlook,Helpdesk général,2021-04-02,13:48:25,00:00:54
stefano.crapanzano@chu.ulg.ac.be,Sent - erp.sai@chuliege.be - Outlook,IT,2021-04-02,13:50:03,00:01:00
stefano.crapanzano@chu.ulg.ac.be,Sent - erp.sai@chuliege.be - Outlook,Helpdesk général,2021-04-02,13:51:13,00:00:02
stefano.crapanzano@chu.ulg.ac.be,Sent - erp.sai@chuliege.be - Outlook,Helpdesk général,2021-04-02,13:53:58,00:00:56
stefano.crapanzano@chu.ulg.ac.be,Sent - erp.sai@chuliege.be - Outlook,Helpdesk général,2021-04-02,13:56:38,00:01:10
stefano.crapanzano@chu.ulg.ac.be,Sent - erp.sai@chuliege.be - Outlook,Helpdesk général,2021-04-02,14:00:29,00:00:02
stefano.crapanzano@chu.ulg.ac.be,Sent - erp.sai@chuliege.be - Outlook,Helpdesk général,2021-04-02,14:13:16,00:00:50
stefano.crapanzano@chu.ulg.ac.be,Sent - erp.sai@chuliege.be - Outlook,Helpdesk général,2021-04-02,14:14:27,00:00:02
stefano.crapanzano@chu.ulg.ac.be,Sent - erp.sai@chuliege.be - Outlook,Helpdesk général,2021-04-02,14:14:34,00:00:49
stefano.crapanzano@chu.ulg.ac.be,Sent - erp.sai@chuliege.be - Outlook,Helpdesk général,2021-04-02,14:21:42,00:00:02
stefano.crapanzano@chu.ulg.ac.be,Sent - erp.sai@chuliege.be - Outlook,Helpdesk général,2021-04-02,16:49:39,00:01:59
stefano.crapanzano@chu.ulg.ac.be,Sent - erp.sai@chuliege.be - Outlook,Helpdesk général,2021-04-02,16:52:24,00:00:38
stefano.crapanzano@chu.ulg.ac.be,Stefano CRAPANZANO - erp.sai@chuliege.be - Outlook,Helpdesk général,2021-04-02,08:38:18,00:00:14
stefano.crapanzano@chu.ulg.ac.be,Stefano CRAPANZANO - erp.sai@chuliege.be - Outlook,Helpdesk général,2021-04-02,08:50:34,00:00:07
stefano.crapanzano@chu.ulg.ac.be,Stefano CRAPANZANO - erp.sai@chuliege.be - Outlook,Helpdesk général,2021-04-02,08:59:29,00:00:02
stefano.crapanzano@chu.ulg.ac.be,Stefano CRAPANZANO - erp.sai@chuliege.be - Outlook,Helpdesk général,2021-04-02,09:29:17,00:00:12
stefano.crapanzano@chu.ulg.ac.be,Stefano CRAPANZANO - erp.sai@chuliege.be - Outlook,Tâches diverses,2021-04-02,10:06:36,00:00:05
stefano.crapanzano@chu.ulg.ac.be,Stefano CRAPANZANO - erp.sai@chuliege.be - Outlook,Helpdesk général,2021-04-02,11:46:54,00:00:17
stefano.crapanzano@chu.ulg.ac.be,Stefano CRAPANZANO - erp.sai@chuliege.be - Outlook,Helpdesk général,2021-04-02,12:28:14,00:00:04
stefano.crapanzano@chu.ulg.ac.be,comparaison_chargement_AE2_vs_GLIMSTEST2.xlsx  [Lecture seule] - Excel,Tâches diverses,2021-04-02,08:39:30,00:00:37
stefano.crapanzano@chu.ulg.ac.be,comparaison_chargement_AE2_vs_GLIMSTEST2.xlsx  [Lecture seule] - Excel,Tâches diverses,2021-04-02,08:52:57,00:00:15
stefano.crapanzano@chu.ulg.ac.be,comparaison_chargement_AE2_vs_GLIMSTEST2.xlsx  [Lecture seule] - Excel,Tâches diverses,2021-04-02,09:03:15,00:00:09
stefano.crapanzano@chu.ulg.ac.be,comparaison_chargement_AE2_vs_GLIMSTEST2.xlsx  [Lecture seule] - Excel,Tâches diverses,2021-04-02,09:03:42,00:00:34
stefano.crapanzano@chu.ulg.ac.be,comparaison_chargement_AE2_vs_GLIMSTEST2.xlsx  [Lecture seule] - Excel,Tâches diverses,2021-04-02,09:09:32,00:00:04
stefano.crapanzano@chu.ulg.ac.be,comparaison_chargement_AE2_vs_GLIMSTEST2.xlsx  [Lecture seule] - Excel,Tâches diverses,2021-04-02,09:25:04,00:00:07
stefano.crapanzano@chu.ulg.ac.be,comparaison_chargement_AE2_vs_GLIMSTEST2.xlsx  [Lecture seule] - Excel,Tâches diverses,2021-04-02,09:25:16,00:00:26
stefano.crapanzano@chu.ulg.ac.be,comparaison_chargement_AE2_vs_GLIMSTEST2.xlsx  [Lecture seule] - Excel,Tâches diverses,2021-04-02,10:07:33,00:01:15
stefano.crapanzano@chu.ulg.ac.be,comparaison_chargement_AE2_vs_GLIMSTEST2.xlsx  [Lecture seule] - Excel,Tâches diverses,2021-04-02,10:08:51,00:02:58
stefano.crapanzano@chu.ulg.ac.be,comparaison_chargement_AE2_vs_GLIMSTEST2.xlsx  [Lecture seule] - Excel,Tâches diverses,2021-04-02,10:20:07,00:00:07
stefano.crapanzano@chu.ulg.ac.be,comparaison_chargement_AE2_vs_GLIMSTEST2.xlsx  [Lecture seule] - Excel,Tâches diverses,2021-04-02,11:49:51,00:00:03
stefano.crapanzano@chu.ulg.ac.be,comparaison_chargement_AE2_vs_GLIMSTEST2.xlsx  [Lecture seule] - Excel,Tâches diverses,2021-04-02,11:51:35,00:00:17
stefano.crapanzano@chu.ulg.ac.be,comparaison_chargement_AE2_vs_GLIMSTEST2.xlsx  [Lecture seule] - Excel,Tâches diverses,2021-04-02,11:52:16,00:00:07
stefano.crapanzano@chu.ulg.ac.be,comparaison_chargement_AE2_vs_GLIMSTEST2.xlsx  [Lecture seule] - Excel,Tâches diverses,2021-04-02,11:58:46,00:00:24
stefano.crapanzano@chu.ulg.ac.be,comparaison_chargement_AE2_vs_GLIMSTEST2.xlsx  [Lecture seule] - Excel,Tâches diverses,2021-04-02,14:02:57,00:00:13
stefano.crapanzano@chu.ulg.ac.be,comparaison_chargement_AE2_vs_GLIMSTEST2.xlsx  [Lecture seule] - Excel,Tâches diverses,2021-04-02,14:03:24,00:00:05
stefano.crapanzano@chu.ulg.ac.be,comparaison_chargement_AE2_vs_GLIMSTEST2.xlsx  [Lecture seule] - Excel,Tâches diverses,2021-04-02,14:09:28,00:00:02
stefano.crapanzano@chu.ulg.ac.be,comparaison_chargement_AE2_vs_GLIMSTEST2.xlsx  [Lecture seule] - Excel,Tâches diverses,2021-04-02,14:32:41,00:01:33
stefano.crapanzano@chu.ulg.ac.be,comparaison_chargement_AE2_vs_GLIMSTEST2.xlsx  [Lecture seule] - Excel,Tâches diverses,2021-04-02,14:34:50,00:00:28
stefano.crapanzano@chu.ulg.ac.be,comparaison_chargement_AE2_vs_GLIMSTEST2.xlsx  [Lecture seule] - Excel,Tâches diverses,2021-04-02,14:35:40,00:00:41
stefano.crapanzano@chu.ulg.ac.be,comparaison_chargement_AE2_vs_GLIMSTEST2.xlsx  [Lecture seule] - Excel,Tâches diverses,2021-04-02,14:37:18,00:01:14
stefano.crapanzano@chu.ulg.ac.be,comparaison_chargement_AE2_vs_GLIMSTEST2.xlsx  [Lecture seule] - Excel,Tâches diverses,2021-04-02,14:38:58,00:00:07
stefano.crapanzano@chu.ulg.ac.be,comparaison_chargement_AE2_vs_GLIMSTEST2.xlsx  [Lecture seule] - Excel,Tâches diverses,2021-04-02,14:39:11,00:00:19
stefano.crapanzano@chu.ulg.ac.be,comparaison_chargement_AE2_vs_GLIMSTEST2.xlsx  [Lecture seule] - Excel,Tâches diverses,2021-04-02,14:39:32,00:00:47
stefano.crapanzano@chu.ulg.ac.be,comparaison_chargement_AE2_vs_GLIMSTEST2.xlsx  [Lecture seule] - Excel,Tâches diverses,2021-04-02,14:40:25,00:00:43
stefano.crapanzano@chu.ulg.ac.be,comparaison_chargement_AE2_vs_GLIMSTEST2.xlsx  [Lecture seule] - Excel,Tâches diverses,2021-04-02,14:41:30,00:00:37
stefano.crapanzano@chu.ulg.ac.be,comparaison_chargement_AE2_vs_GLIMSTEST2.xlsx  [Lecture seule] - Excel,Tâches diverses,2021-04-02,14:42:12,00:00:05
stefano.crapanzano@chu.ulg.ac.be,comparaison_chargement_AE2_vs_GLIMSTEST2.xlsx  [Lecture seule] - Excel,Tâches diverses,2021-04-02,14:42:51,00:00:26
stefano.crapanzano@chu.ulg.ac.be,comparaison_chargement_AE2_vs_GLIMSTEST2.xlsx  [Lecture seule] - Excel,Tâches diverses,2021-04-02,14:44:13,00:00:35
stefano.crapanzano@chu.ulg.ac.be,comparaison_chargement_AE2_vs_GLIMSTEST2.xlsx  [Lecture seule] - Excel,Tâches diverses,2021-04-02,14:45:54,00:00:02
stefano.crapanzano@chu.ulg.ac.be,comparaison_chargement_AE2_vs_GLIMSTEST2.xlsx  [Lecture seule] - Excel,Tâches diverses,2021-04-02,14:51:51,00:00:12
stefano.crapanzano@chu.ulg.ac.be,comparaison_chargement_AE2_vs_GLIMSTEST2.xlsx  [Lecture seule] - Excel,Tâches diverses,2021-04-02,15:46:10,00:00:18
stefano.crapanzano@chu.ulg.ac.be,Harpège Download_tables_SaaS_SAP_V13.xlsx - Excel,Tâches diverses,2021-04-02,08:44:55,00:00:02
stefano.crapanzano@chu.ulg.ac.be,Rechercher et remplacer,Tâches diverses,2021-04-02,08:44:58,00:00:05
stefano.crapanzano@chu.ulg.ac.be,Rechercher et remplacer,Tâches diverses,2021-04-02,08:45:05,00:00:02
stefano.crapanzano@chu.ulg.ac.be,Rechercher et remplacer,Tâches diverses,2021-04-02,08:45:09,00:00:02
stefano.crapanzano@chu.ulg.ac.be,Rechercher et remplacer,Tâches diverses,2021-04-02,09:36:32,00:00:07
stefano.crapanzano@chu.ulg.ac.be,Microsoft Excel,Tâches diverses,2021-04-02,08:45:03,00:00:02
stefano.crapanzano@chu.ulg.ac.be,Microsoft Excel,Tâches diverses,2021-04-02,15:45:32,00:00:02
stefano.crapanzano@chu.ulg.ac.be,Microsoft Excel,Tâches diverses,2021-04-02,15:47:49,00:00:02
stefano.crapanzano@chu.ulg.ac.be,Microsoft Excel,Tâches diverses,2021-04-02,15:54:34,00:00:03
stefano.crapanzano@chu.ulg.ac.be,Microsoft Excel,Tâches diverses,2021-04-02,15:58:36,00:00:02
stefano.crapanzano@chu.ulg.ac.be,Microsoft Excel,Tâches diverses,2021-04-02,15:58:57,00:00:06
stefano.crapanzano@chu.ulg.ac.be,Microsoft Excel,Tâches diverses,2021-04-02,16:09:00,00:00:02
stefano.crapanzano@chu.ulg.ac.be,Microsoft Excel,Tâches diverses,2021-04-02,16:18:34,00:00:02
stefano.crapanzano@chu.ulg.ac.be,Microsoft Excel,Tâches diverses,2021-04-02,17:00:07,00:01:30
stefano.crapanzano@chu.ulg.ac.be,LVSME sap - Recherche Google - Google Chrome,Tâches diverses,2021-04-02,08:45:21,00:00:05
stefano.crapanzano@chu.ulg.ac.be,LVSME sap - Recherche Google - Google Chrome,Tâches diverses,2021-04-02,08:45:55,00:00:04
stefano.crapanzano@chu.ulg.ac.be,MLGN-LVSME WM unit SAP Table field info and attributes - Google Chrome,Tâches diverses,2021-04-02,08:45:26,00:00:29
stefano.crapanzano@chu.ulg.ac.be,Ecran initial du Quickviewer,Exploration SAP,2021-04-02,08:46:01,00:00:02
stefano.crapanzano@chu.ulg.ac.be,SAP Easy Access Menu de base Applications financières-économiques,Exploration SAP,2021-04-02,08:46:04,00:00:09
stefano.crapanzano@chu.ulg.ac.be,Changement de tâche,Tâches diverses,2021-04-02,08:46:17,00:00:02
stefano.crapanzano@chu.ulg.ac.be,Afficher article (Initial Screen),Exploration SAP,2021-04-02,08:46:25,00:00:02
stefano.crapanzano@chu.ulg.ac.be,Select View(s),Exploration SAP,2021-04-02,08:46:27,00:00:02
stefano.crapanzano@chu.ulg.ac.be,Select View(s),Exploration SAP,2021-04-02,08:48:46,00:00:03
stefano.crapanzano@chu.ulg.ac.be,TypeAheadPopup,Exploration SAP,2021-04-02,08:48:51,00:00:03
stefano.crapanzano@chu.ulg.ac.be,Afficher article 600764 (ARTICLE WM Stock),Exploration SAP,2021-04-02,08:46:34,00:00:03
stefano.crapanzano@chu.ulg.ac.be,Afficher article 600764 (ARTICLE WM Stock),Exploration SAP,2021-04-02,08:48:43,00:00:02
stefano.crapanzano@chu.ulg.ac.be,*new 12 - Notepad++ [Administrator],IT,2021-04-02,08:57:53,00:00:15
stefano.crapanzano@chu.ulg.ac.be,*new 12 - Notepad++ [Administrator],IT,2021-04-02,08:58:22,00:00:04
stefano.crapanzano@chu.ulg.ac.be,*new 12 - Notepad++ [Administrator],IT,2021-04-02,09:01:23,00:00:23
stefano.crapanzano@chu.ulg.ac.be,*new 12 - Notepad++ [Administrator],IT,2021-04-02,09:01:54,00:00:07
stefano.crapanzano@chu.ulg.ac.be,*new 12 - Notepad++ [Administrator],IT,2021-04-02,13:50:00,00:00:02
stefano.crapanzano@chu.ulg.ac.be,Sans titre - Message (HTML),Helpdesk général,2021-04-02,09:08:54,00:00:37
stefano.crapanzano@chu.ulg.ac.be,Sans titre - Message (HTML),Helpdesk général,2021-04-02,09:09:46,00:00:35
stefano.crapanzano@chu.ulg.ac.be,Sans titre - Message (HTML),Helpdesk général,2021-04-02,09:10:25,00:01:05
stefano.crapanzano@chu.ulg.ac.be,Sans titre - Message (HTML),Helpdesk général,2021-04-02,09:12:28,00:00:33
stefano.crapanzano@chu.ulg.ac.be,Sans titre - Message (HTML),Helpdesk général,2021-04-02,09:13:02,00:02:16
stefano.crapanzano@chu.ulg.ac.be,Sans titre - Message (HTML),Helpdesk général,2021-04-02,09:16:24,00:00:40
stefano.crapanzano@chu.ulg.ac.be,Sans titre - Message (HTML),Helpdesk général,2021-04-02,09:17:16,00:00:21
stefano.crapanzano@chu.ulg.ac.be,Sans titre - Message (HTML),Helpdesk général,2021-04-02,09:18:06,00:00:17
stefano.crapanzano@chu.ulg.ac.be,Sans titre - Message (HTML),Helpdesk général,2021-04-02,09:18:41,00:04:31
stefano.crapanzano@chu.ulg.ac.be,Sans titre - Message (HTML),Helpdesk général,2021-04-02,09:23:15,00:01:47
stefano.crapanzano@chu.ulg.ac.be,Sans titre - Message (HTML),Helpdesk général,2021-04-02,09:25:12,00:00:03
stefano.crapanzano@chu.ulg.ac.be,Sans titre - Message (HTML),Helpdesk général,2021-04-02,09:25:42,00:00:13
stefano.crapanzano@chu.ulg.ac.be,Sans titre - Message (HTML),Helpdesk général,2021-04-02,09:26:18,00:00:22
stefano.crapanzano@chu.ulg.ac.be,Sans titre - Message (HTML),Helpdesk général,2021-04-02,09:27:03,00:01:07
stefano.crapanzano@chu.ulg.ac.be,Sans titre - Message (HTML),Helpdesk général,2021-04-02,09:28:20,00:00:50
stefano.crapanzano@chu.ulg.ac.be,Sans titre - Message (HTML),Helpdesk général,2021-04-02,09:29:29,00:02:21
stefano.crapanzano@chu.ulg.ac.be,Sans titre - Message (HTML),Helpdesk général,2021-04-02,09:32:00,00:00:16
stefano.crapanzano@chu.ulg.ac.be,Sans titre - Message (HTML),Helpdesk général,2021-04-02,09:32:35,00:01:08
stefano.crapanzano@chu.ulg.ac.be,Sans titre - Message (HTML),Helpdesk général,2021-04-02,09:34:00,00:01:21
stefano.crapanzano@chu.ulg.ac.be,Sans titre - Message (HTML),Helpdesk général,2021-04-02,09:35:25,00:00:50
stefano.crapanzano@chu.ulg.ac.be,Sans titre - Message (HTML),Helpdesk général,2021-04-02,09:36:42,00:00:40
stefano.crapanzano@chu.ulg.ac.be,Sans titre - Message (HTML),Helpdesk général,2021-04-02,09:38:40,00:00:45
stefano.crapanzano@chu.ulg.ac.be,Sans titre - Message (HTML),Helpdesk général,2021-04-02,09:41:56,00:01:38
stefano.crapanzano@chu.ulg.ac.be,Sans titre - Message (HTML),Helpdesk général,2021-04-02,09:50:30,00:00:07
stefano.crapanzano@chu.ulg.ac.be,Sans titre - Message (HTML),Helpdesk général,2021-04-02,09:50:53,00:01:28
stefano.crapanzano@chu.ulg.ac.be,Sans titre - Message (HTML),Helpdesk général,2021-04-02,09:58:12,00:00:03
stefano.crapanzano@chu.ulg.ac.be,Sans titre - Message (HTML),Helpdesk général,2021-04-02,10:01:01,00:00:09
stefano.crapanzano@chu.ulg.ac.be,Sans titre - Message (HTML),Helpdesk général,2021-04-02,10:19:26,00:00:09
stefano.crapanzano@chu.ulg.ac.be,Sans titre - Message (HTML),Helpdesk général,2021-04-02,10:19:38,00:00:02
stefano.crapanzano@chu.ulg.ac.be,Sans titre - Message (HTML),Helpdesk général,2021-04-02,10:19:44,00:00:08
stefano.crapanzano@chu.ulg.ac.be,Sans titre - Message (HTML),Helpdesk général,2021-04-02,10:20:25,00:00:31
stefano.crapanzano@chu.ulg.ac.be,Sans titre - Message (HTML),Helpdesk général,2021-04-02,10:33:26,00:08:05
stefano.crapanzano@chu.ulg.ac.be,Sans titre - Message (HTML),Helpdesk général,2021-04-02,10:41:54,00:04:04
stefano.crapanzano@chu.ulg.ac.be,Sans titre - Message (HTML),Helpdesk général,2021-04-02,11:16:57,00:00:05
stefano.crapanzano@chu.ulg.ac.be,Sans titre - Message (HTML),Helpdesk général,2021-04-02,11:17:06,00:00:07
stefano.crapanzano@chu.ulg.ac.be,Sans titre - Message (HTML),Helpdesk général,2021-04-02,11:19:49,00:00:25
stefano.crapanzano@chu.ulg.ac.be,Sans titre - Message (HTML),Helpdesk général,2021-04-02,11:20:49,00:00:04
stefano.crapanzano@chu.ulg.ac.be,Sans titre - Message (HTML),Helpdesk général,2021-04-02,11:21:07,00:01:10
stefano.crapanzano@chu.ulg.ac.be,Sans titre - Message (HTML),Helpdesk général,2021-04-02,11:29:39,00:01:56
stefano.crapanzano@chu.ulg.ac.be,Sans titre - Message (HTML),Helpdesk général,2021-04-02,11:32:06,00:04:31
stefano.crapanzano@chu.ulg.ac.be,Sans titre - Message (HTML),Helpdesk général,2021-04-02,11:36:52,00:00:02
stefano.crapanzano@chu.ulg.ac.be,Sans titre - Message (HTML),Helpdesk général,2021-04-02,11:37:32,00:00:03
stefano.crapanzano@chu.ulg.ac.be,Sans titre - Message (HTML),Helpdesk général,2021-04-02,11:41:25,00:00:23
stefano.crapanzano@chu.ulg.ac.be,Sans titre - Message (HTML),Helpdesk général,2021-04-02,11:41:57,00:00:03
stefano.crapanzano@chu.ulg.ac.be,Sans titre - Message (HTML),Helpdesk général,2021-04-02,11:42:05,00:00:02
stefano.crapanzano@chu.ulg.ac.be,Sans titre - Message (HTML),Helpdesk général,2021-04-02,11:42:11,00:00:14
stefano.crapanzano@chu.ulg.ac.be,Sans titre - Message (HTML),Helpdesk général,2021-04-02,11:42:28,00:01:10
stefano.crapanzano@chu.ulg.ac.be,Sans titre - Message (HTML),Helpdesk général,2021-04-02,11:43:41,00:01:24
stefano.crapanzano@chu.ulg.ac.be,Sans titre - Message (HTML),Helpdesk général,2021-04-02,11:45:47,00:00:02
stefano.crapanzano@chu.ulg.ac.be,Sans titre - Message (HTML),Helpdesk général,2021-04-02,11:45:57,00:00:03
stefano.crapanzano@chu.ulg.ac.be,Sans titre - Message (HTML),Helpdesk général,2021-04-02,11:46:09,00:00:03
stefano.crapanzano@chu.ulg.ac.be,Sans titre - Message (HTML),Helpdesk général,2021-04-02,11:46:17,00:00:03
stefano.crapanzano@chu.ulg.ac.be,Sans titre - Message (HTML),Helpdesk général,2021-04-02,11:47:13,00:02:34
stefano.crapanzano@chu.ulg.ac.be,Sans titre - Message (HTML),Helpdesk général,2021-04-02,11:49:56,00:00:22
stefano.crapanzano@chu.ulg.ac.be,Sans titre - Message (HTML),Helpdesk général,2021-04-02,11:50:38,00:00:11
stefano.crapanzano@chu.ulg.ac.be,Sans titre - Message (HTML),Helpdesk général,2021-04-02,11:51:01,00:00:28
stefano.crapanzano@chu.ulg.ac.be,Sans titre - Message (HTML),Helpdesk général,2021-04-02,11:52:24,00:01:03
stefano.crapanzano@chu.ulg.ac.be,Sans titre - Message (HTML),Helpdesk général,2021-04-02,11:53:47,00:00:24
stefano.crapanzano@chu.ulg.ac.be,Sans titre - Message (HTML),Helpdesk général,2021-04-02,11:54:29,00:00:39
stefano.crapanzano@chu.ulg.ac.be,Sans titre - Message (HTML),Helpdesk général,2021-04-02,11:55:41,00:03:02
stefano.crapanzano@chu.ulg.ac.be,Sans titre - Message (HTML),Helpdesk général,2021-04-02,11:59:10,00:01:58
stefano.crapanzano@chu.ulg.ac.be,Sans titre - Message (HTML),Helpdesk général,2021-04-02,12:05:04,00:00:03
stefano.crapanzano@chu.ulg.ac.be,Sans titre - Message (HTML),Helpdesk général,2021-04-02,12:05:35,00:00:06
stefano.crapanzano@chu.ulg.ac.be,Sans titre - Message (HTML),Helpdesk général,2021-04-02,12:05:45,00:00:05
stefano.crapanzano@chu.ulg.ac.be,Sans titre - Message (HTML),Helpdesk général,2021-04-02,12:05:55,00:00:04
stefano.crapanzano@chu.ulg.ac.be,Sans titre - Message (HTML),Helpdesk général,2021-04-02,12:06:03,00:01:56
stefano.crapanzano@chu.ulg.ac.be,Sans titre - Message (HTML),Helpdesk général,2021-04-02,12:08:03,00:01:07
stefano.crapanzano@chu.ulg.ac.be,Sans titre - Message (HTML),Helpdesk général,2021-04-02,12:12:39,00:01:53
stefano.crapanzano@chu.ulg.ac.be,Sans titre - Message (HTML),Helpdesk général,2021-04-02,12:14:38,00:13:08
stefano.crapanzano@chu.ulg.ac.be,Sans titre - Message (HTML),Helpdesk général,2021-04-02,12:27:52,00:00:14
stefano.crapanzano@chu.ulg.ac.be,Greenshot capture form,Helpdesk général,2021-04-02,09:09:37,00:00:07
stefano.crapanzano@chu.ulg.ac.be,Greenshot capture form,Helpdesk général,2021-04-02,09:17:10,00:00:04
stefano.crapanzano@chu.ulg.ac.be,Greenshot capture form,Helpdesk général,2021-04-02,09:17:48,00:00:03
stefano.crapanzano@chu.ulg.ac.be,Greenshot capture form,Helpdesk général,2021-04-02,09:18:00,00:00:04
stefano.crapanzano@chu.ulg.ac.be,Greenshot capture form,Helpdesk général,2021-04-02,09:25:55,00:00:07
stefano.crapanzano@chu.ulg.ac.be,Greenshot capture form,Tâches diverses,2021-04-02,10:11:51,00:00:06
stefano.crapanzano@chu.ulg.ac.be,Greenshot capture form,Helpdesk général,2021-04-02,10:19:12,00:00:09
stefano.crapanzano@chu.ulg.ac.be,Greenshot capture form,Helpdesk général,2021-04-02,11:54:23,00:00:05
stefano.crapanzano@chu.ulg.ac.be,Greenshot capture form,Helpdesk général,2021-04-02,11:55:14,00:00:05
stefano.crapanzano@chu.ulg.ac.be,Greenshot Éditeur d'Image,Helpdesk général,2021-04-02,09:26:04,00:00:14
stefano.crapanzano@chu.ulg.ac.be,Re: Comparaison article glims / sap - Message (HTML),Helpdesk général,2021-04-02,09:39:26,00:02:28
stefano.crapanzano@chu.ulg.ac.be,Re: Comparaison article glims / sap - Message (HTML),Helpdesk général,2021-04-02,09:55:38,00:00:20
stefano.crapanzano@chu.ulg.ac.be,Re: Comparaison article glims / sap - Message (HTML),Helpdesk général,2021-04-02,09:56:36,00:00:58
stefano.crapanzano@chu.ulg.ac.be,Re: Comparaison article glims / sap - Message (HTML),Helpdesk général,2021-04-02,10:07:04,00:00:28
stefano.crapanzano@chu.ulg.ac.be,Re: Comparaison article glims / sap - Message (HTML),Helpdesk général,2021-04-02,10:55:52,00:00:31
stefano.crapanzano@chu.ulg.ac.be,Re: Comparaison article glims / sap - Message (HTML),Helpdesk général,2021-04-02,10:56:45,00:00:02
stefano.crapanzano@chu.ulg.ac.be,Re: Comparaison article glims / sap - Message (HTML),Helpdesk général,2021-04-02,11:00:30,00:00:59
stefano.crapanzano@chu.ulg.ac.be,Re: Comparaison article glims / sap - Message (HTML),Helpdesk général,2021-04-02,11:09:39,00:00:16
stefano.crapanzano@chu.ulg.ac.be,Re: Comparaison article glims / sap - Message (HTML),Helpdesk général,2021-04-02,11:46:29,00:00:03
stefano.crapanzano@chu.ulg.ac.be,Re: Comparaison article glims / sap - Message (HTML),Helpdesk général,2021-04-02,14:57:47,00:00:04
stefano.crapanzano@chu.ulg.ac.be,Re: Comparaison article glims / sap - Message (HTML),Helpdesk général,2021-04-02,15:14:47,00:00:02
stefano.crapanzano@chu.ulg.ac.be,SAI - Présence au bureau - Message (HTML),Helpdesk général,2021-04-02,09:50:39,00:00:13
stefano.crapanzano@chu.ulg.ac.be,SAI - Présence au bureau - Message (HTML),Helpdesk général,2021-04-02,10:00:43,00:00:18
stefano.crapanzano@chu.ulg.ac.be,SAI - Présence au bureau - Message (HTML),Helpdesk général,2021-04-02,10:03:09,00:00:19
stefano.crapanzano@chu.ulg.ac.be,SAI - Présence au bureau - Message (HTML),Helpdesk général,2021-04-02,10:12:08,00:00:02
stefano.crapanzano@chu.ulg.ac.be,Bureau - Google Sheets - Google Chrome,Tâches diverses,2021-04-02,09:58:22,00:02:16
stefano.crapanzano@chu.ulg.ac.be,Bureau - Google Sheets - Google Chrome,Tâches diverses,2021-04-02,10:03:01,00:00:05
stefano.crapanzano@chu.ulg.ac.be,Bureau - Google Sheets - Google Chrome,Tâches diverses,2021-04-02,10:03:30,00:03:06
stefano.crapanzano@chu.ulg.ac.be,Bureau - Google Sheets - Google Chrome,Tâches diverses,2021-04-02,10:11:49,00:00:02
stefano.crapanzano@chu.ulg.ac.be,Bureau - Google Sheets - Google Chrome,Helpdesk général,2021-04-02,10:11:58,00:00:02
stefano.crapanzano@chu.ulg.ac.be,Bureau - Google Sheets - Google Chrome,Tâches diverses,2021-04-02,10:17:46,00:00:10
stefano.crapanzano@chu.ulg.ac.be,RE: SAI - Présence au bureau - Message (HTML),Helpdesk général,2021-04-02,10:12:11,00:01:44
stefano.crapanzano@chu.ulg.ac.be,RE: SAI - Présence au bureau - Message (HTML),Helpdesk général,2021-04-02,10:14:41,00:00:07
stefano.crapanzano@chu.ulg.ac.be,RE: SAI - Présence au bureau - Message (HTML),Helpdesk général,2021-04-02,10:14:54,00:00:02
stefano.crapanzano@chu.ulg.ac.be,RE: SAI - Présence au bureau - Message (HTML),Helpdesk général,2021-04-02,10:15:33,00:00:24
stefano.crapanzano@chu.ulg.ac.be,RE: SAI - Présence au bureau - Message (HTML),Helpdesk général,2021-04-02,10:16:00,00:00:02
stefano.crapanzano@chu.ulg.ac.be,RE: SAI - Présence au bureau - Message (HTML),Helpdesk général,2021-04-02,10:16:08,00:01:30
stefano.crapanzano@chu.ulg.ac.be,RE: SAI - Présence au bureau - Message (HTML),Helpdesk général,2021-04-02,10:18:27,00:00:04
stefano.crapanzano@chu.ulg.ac.be,RE: SAI - Présence au bureau - Message (HTML),Helpdesk général,2021-04-02,10:18:51,00:00:06
stefano.crapanzano@chu.ulg.ac.be,RE: SAI - Présence au bureau - Message (HTML),Helpdesk général,2021-04-02,10:21:27,00:00:36
stefano.crapanzano@chu.ulg.ac.be,Envoyé - Zimbra - Stefano Crapanzano - Outlook,Helpdesk général,2021-04-02,10:14:01,00:00:23
stefano.crapanzano@chu.ulg.ac.be,Envoyé - Zimbra - Stefano Crapanzano - Outlook,Helpdesk général,2021-04-02,10:14:36,00:00:04
stefano.crapanzano@chu.ulg.ac.be,Envoyé - Zimbra - Stefano Crapanzano - Outlook,Helpdesk général,2021-04-02,10:16:03,00:00:02
stefano.crapanzano@chu.ulg.ac.be,Télétravail (à partir du 11-01-21).xlsx - Excel,Tâches diverses,2021-04-02,10:14:48,00:00:05
stefano.crapanzano@chu.ulg.ac.be,Télétravail (à partir du 11-01-21).xlsx - Excel,Tâches diverses,2021-04-02,10:14:56,00:00:37
stefano.crapanzano@chu.ulg.ac.be,Télétravail (à partir du 11-01-21).xlsx - Excel,Tâches diverses,2021-04-02,10:17:59,00:00:26
stefano.crapanzano@chu.ulg.ac.be,Télétravail (à partir du 11-01-21).xlsx - Excel,Tâches diverses,2021-04-02,10:18:32,00:00:19
stefano.crapanzano@chu.ulg.ac.be,Télétravail (à partir du 11-01-21).xlsx - Excel,Tâches diverses,2021-04-02,10:18:57,00:00:14
stefano.crapanzano@chu.ulg.ac.be,Télétravail (à partir du 11-01-21).xlsx - Excel,Tâches diverses,2021-04-02,10:19:59,00:00:07
stefano.crapanzano@chu.ulg.ac.be,Microsoft Outlook,Helpdesk général,2021-04-02,10:15:57,00:00:02
stefano.crapanzano@chu.ulg.ac.be,Microsoft Outlook,Helpdesk général,2021-04-02,10:19:56,00:00:02
stefano.crapanzano@chu.ulg.ac.be,Microsoft Outlook,Helpdesk général,2021-04-02,12:27:49,00:00:02
stefano.crapanzano@chu.ulg.ac.be,Microsoft Outlook,Helpdesk général,2021-04-02,13:47:45,00:00:03
stefano.crapanzano@chu.ulg.ac.be,Microsoft Outlook,Helpdesk général,2021-04-02,13:48:15,00:00:02
stefano.crapanzano@chu.ulg.ac.be,Microsoft Outlook,Helpdesk général,2021-04-02,14:44:06,00:00:02
stefano.crapanzano@chu.ulg.ac.be,Microsoft Outlook,Helpdesk général,2021-04-02,15:14:44,00:00:02
stefano.crapanzano@chu.ulg.ac.be,Microsoft Outlook,Helpdesk général,2021-04-02,16:49:00,00:00:04
stefano.crapanzano@chu.ulg.ac.be,Demi-journée - Message (HTML),Helpdesk général,2021-04-02,10:19:52,00:00:03
stefano.crapanzano@chu.ulg.ac.be,création vue v_goal_extract_articles - Message (HTML),Helpdesk général,2021-04-02,10:20:17,00:00:03
stefano.crapanzano@chu.ulg.ac.be,GOAL Comparaison article AE2 vs GLIMS - Message (HTML),Helpdesk général,2021-04-02,10:55:39,00:00:07
stefano.crapanzano@chu.ulg.ac.be,utf8 open python - Recherche Google - Google Chrome,Tâches diverses,2021-04-02,11:18:26,00:00:02
stefano.crapanzano@chu.ulg.ac.be,Unicode (UTF-8) reading and writing to files in Python - Stack Overflow - Google Chrome,Tâches diverses,2021-04-02,11:18:29,00:00:11
stefano.crapanzano@chu.ulg.ac.be,C:\Users\c158492\AppData\Local\Microsoft\Windows\Temporary Internet Files\Content.Outlook\SUHESELV\difference_article_glims_sap.log - Notepad++ [Administrator],IT,2021-04-02,11:36:38,00:00:13
stefano.crapanzano@chu.ulg.ac.be,C:\Users\c158492\AppData\Local\Microsoft\Windows\Temporary Internet Files\Content.Outlook\SUHESELV\difference_article_glims_sap.log - Notepad++ [Administrator],IT,2021-04-02,11:45:05,00:00:42
stefano.crapanzano@chu.ulg.ac.be,C:\Users\c158492\AppData\Local\Microsoft\Windows\Temporary Internet Files\Content.Outlook\SUHESELV\difference_article_glims_sap.log - Notepad++ [Administrator],Helpdesk général,2021-04-02,12:01:09,00:00:19
stefano.crapanzano@chu.ulg.ac.be,C:\Users\c158492\AppData\Local\Microsoft\Windows\Temporary Internet Files\Content.Outlook\SUHESELV\difference_article_glims_sap.log - Notepad++ [Administrator],IT,2021-04-02,12:29:09,00:03:01
stefano.crapanzano@chu.ulg.ac.be,C:\Users\c158492\AppData\Local\Microsoft\Windows\Temporary Internet Files\Content.Outlook\SUHESELV\difference_article_glims_sap.log - Notepad++ [Administrator],IT,2021-04-02,12:33:45,00:08:57
stefano.crapanzano@chu.ulg.ac.be,C:\Users\c158492\AppData\Local\Microsoft\Windows\Temporary Internet Files\Content.Outlook\SUHESELV\difference_article_glims_sap.log - Notepad++ [Administrator],IT,2021-04-02,12:44:57,00:02:19
stefano.crapanzano@chu.ulg.ac.be,C:\Users\c158492\AppData\Local\Microsoft\Windows\Temporary Internet Files\Content.Outlook\SUHESELV\difference_article_glims_sap.log - Notepad++ [Administrator],IT,2021-04-02,12:47:23,00:07:01
stefano.crapanzano@chu.ulg.ac.be,C:\Users\c158492\AppData\Local\Microsoft\Windows\Temporary Internet Files\Content.Outlook\SUHESELV\difference_article_glims_sap.log - Notepad++ [Administrator],IT,2021-04-02,12:54:59,00:00:13
stefano.crapanzano@chu.ulg.ac.be,C:\Users\c158492\AppData\Local\Microsoft\Windows\Temporary Internet Files\Content.Outlook\SUHESELV\difference_article_glims_sap.log - Notepad++ [Administrator],IT,2021-04-02,13:49:58,00:00:02
stefano.crapanzano@chu.ulg.ac.be,Zoom,Helpdesk général,2021-04-02,11:42:25,00:00:02
stefano.crapanzano@chu.ulg.ac.be,Gestionnaire des règles de mise en forme conditionnelle,Tâches diverses,2021-04-02,11:51:53,00:00:22
stefano.crapanzano@chu.ulg.ac.be,Gestionnaire des règles de mise en forme conditionnelle,Tâches diverses,2021-04-02,14:38:32,00:00:25
stefano.crapanzano@chu.ulg.ac.be,Orthographe : Français (Belgique),Helpdesk général,2021-04-02,13:47:37,00:00:07
stefano.crapanzano@chu.ulg.ac.be,Orthographe : Français (Belgique),Helpdesk général,2021-04-02,13:48:10,00:00:04
stefano.crapanzano@chu.ulg.ac.be,rapport comparaison articles glims / sap - Message (HTML),Helpdesk général,2021-04-02,12:32:16,00:01:28
stefano.crapanzano@chu.ulg.ac.be,rapport comparaison articles glims / sap - Message (HTML),Helpdesk général,2021-04-02,13:17:18,00:00:02
stefano.crapanzano@chu.ulg.ac.be,rapport comparaison articles glims / sap - Message (HTML),Helpdesk général,2021-04-02,13:25:09,00:00:06
stefano.crapanzano@chu.ulg.ac.be,TR: rapport comparaison articles glims / sap - Message (HTML),Helpdesk général,2021-04-02,13:17:20,00:00:16
stefano.crapanzano@chu.ulg.ac.be,TR: rapport comparaison articles glims / sap - Message (HTML),Helpdesk général,2021-04-02,13:19:26,00:00:04
stefano.crapanzano@chu.ulg.ac.be,TR: rapport comparaison articles glims / sap - Message (HTML),Helpdesk général,2021-04-02,13:21:34,00:00:24
stefano.crapanzano@chu.ulg.ac.be,TR: rapport comparaison articles glims / sap - Message (HTML),Helpdesk général,2021-04-02,13:22:07,00:00:05
stefano.crapanzano@chu.ulg.ac.be,TR: rapport comparaison articles glims / sap - Message (HTML),Helpdesk général,2021-04-02,13:22:57,00:00:02
stefano.crapanzano@chu.ulg.ac.be,TR: rapport comparaison articles glims / sap - Message (HTML),Helpdesk général,2021-04-02,13:23:02,00:00:14
stefano.crapanzano@chu.ulg.ac.be,TR: rapport comparaison articles glims / sap - Message (HTML),Helpdesk général,2021-04-02,13:24:00,00:00:10
stefano.crapanzano@chu.ulg.ac.be,TR: rapport comparaison articles glims / sap - Message (HTML),Helpdesk général,2021-04-02,13:24:17,00:00:05
stefano.crapanzano@chu.ulg.ac.be,TR: rapport comparaison articles glims / sap - Message (HTML),Helpdesk général,2021-04-02,13:24:26,00:00:04
stefano.crapanzano@chu.ulg.ac.be,TR: rapport comparaison articles glims / sap - Message (HTML),Helpdesk général,2021-04-02,13:24:34,00:00:03
stefano.crapanzano@chu.ulg.ac.be,TR: rapport comparaison articles glims / sap - Message (HTML),Helpdesk général,2021-04-02,13:24:42,00:00:14
stefano.crapanzano@chu.ulg.ac.be,C:\Users\c158492\AppData\Local\Microsoft\Windows\Temporary Internet Files\Content.Outlook\SUHESELV\difference_article_glims_sap_classe_par_matnr.log - Notepad++ [Administrator],IT,2021-04-02,13:31:39,00:00:32
stefano.crapanzano@chu.ulg.ac.be,C:\Users\c158492\AppData\Local\Microsoft\Windows\Temporary Internet Files\Content.Outlook\SUHESELV\difference_article_glims_sap_classe_par_matnr.log - Notepad++ [Administrator],IT,2021-04-02,13:32:40,00:00:03
stefano.crapanzano@chu.ulg.ac.be,C:\Users\c158492\AppData\Local\Microsoft\Windows\Temporary Internet Files\Content.Outlook\SUHESELV\difference_article_glims_sap_classe_par_matnr.log - Notepad++ [Administrator],IT,2021-04-02,13:40:45,00:00:10
stefano.crapanzano@chu.ulg.ac.be,C:\Users\c158492\AppData\Local\Microsoft\Windows\Temporary Internet Files\Content.Outlook\SUHESELV\difference_article_glims_sap_classe_par_matnr.log - Notepad++ [Administrator],IT,2021-04-02,13:49:43,00:00:12
stefano.crapanzano@chu.ulg.ac.be,C:\Users\c158492\AppData\Local\Microsoft\Windows\Temporary Internet Files\Content.Outlook\SUHESELV\difference_article_glims_sap_classe_par_matnr.log - Notepad++ [Administrator],IT,2021-04-02,13:51:03,00:00:09
stefano.crapanzano@chu.ulg.ac.be,C:\Users\c158492\AppData\Local\Microsoft\Windows\Temporary Internet Files\Content.Outlook\SUHESELV\difference_article_glims_sap_classe_par_matnr.log - Notepad++ [Administrator],IT,2021-04-02,13:57:56,00:01:39
stefano.crapanzano@chu.ulg.ac.be,C:\Users\c158492\AppData\Local\Microsoft\Windows\Temporary Internet Files\Content.Outlook\SUHESELV\difference_article_glims_sap_classe_par_matnr.log - Notepad++ [Administrator],IT,2021-04-02,13:59:49,00:00:10
stefano.crapanzano@chu.ulg.ac.be,C:\Users\c158492\AppData\Local\Microsoft\Windows\Temporary Internet Files\Content.Outlook\SUHESELV\difference_article_glims_sap_classe_par_matnr.log - Notepad++ [Administrator],IT,2021-04-02,14:00:05,00:00:03
stefano.crapanzano@chu.ulg.ac.be,C:\Users\c158492\AppData\Local\Microsoft\Windows\Temporary Internet Files\Content.Outlook\SUHESELV\difference_article_glims_sap_classe_par_matnr.log - Notepad++ [Administrator],IT,2021-04-02,15:34:00,00:02:50
stefano.crapanzano@chu.ulg.ac.be,C:\Users\c158492\AppData\Local\Microsoft\Windows\Temporary Internet Files\Content.Outlook\SUHESELV\difference_article_glims_sap_classe_par_erreur_colonne.log - Notepad++ [Administrator],IT,2021-04-02,13:37:23,00:00:12
stefano.crapanzano@chu.ulg.ac.be,C:\Users\c158492\AppData\Local\Microsoft\Windows\Temporary Internet Files\Content.Outlook\SUHESELV\difference_article_glims_sap_classe_par_erreur_colonne.log - Notepad++ [Administrator],IT,2021-04-02,13:38:32,00:00:08
stefano.crapanzano@chu.ulg.ac.be,C:\Users\c158492\AppData\Local\Microsoft\Windows\Temporary Internet Files\Content.Outlook\SUHESELV\difference_article_glims_sap_classe_par_erreur_colonne.log - Notepad++ [Administrator],IT,2021-04-02,13:40:32,00:00:04
stefano.crapanzano@chu.ulg.ac.be,C:\Users\c158492\AppData\Local\Microsoft\Windows\Temporary Internet Files\Content.Outlook\SUHESELV\difference_article_glims_sap_classe_par_erreur_colonne.log - Notepad++ [Administrator],IT,2021-04-02,13:51:15,00:02:42
stefano.crapanzano@chu.ulg.ac.be,C:\Users\c158492\AppData\Local\Microsoft\Windows\Temporary Internet Files\Content.Outlook\SUHESELV\difference_article_glims_sap_classe_par_erreur_colonne.log - Notepad++ [Administrator],IT,2021-04-02,13:54:56,00:01:42
stefano.crapanzano@chu.ulg.ac.be,C:\Users\c158492\AppData\Local\Microsoft\Windows\Temporary Internet Files\Content.Outlook\SUHESELV\difference_article_glims_sap_classe_par_erreur_colonne.log - Notepad++ [Administrator],IT,2021-04-02,13:57:50,00:00:06
stefano.crapanzano@chu.ulg.ac.be,C:\Users\c158492\AppData\Local\Microsoft\Windows\Temporary Internet Files\Content.Outlook\SUHESELV\difference_article_glims_sap_classe_par_erreur_colonne.log - Notepad++ [Administrator],IT,2021-04-02,13:59:36,00:00:13
stefano.crapanzano@chu.ulg.ac.be,C:\Users\c158492\AppData\Local\Microsoft\Windows\Temporary Internet Files\Content.Outlook\SUHESELV\difference_article_glims_sap_classe_par_erreur_colonne.log - Notepad++ [Administrator],IT,2021-04-02,14:00:00,00:00:04
stefano.crapanzano@chu.ulg.ac.be,C:\Users\c158492\AppData\Local\Microsoft\Windows\Temporary Internet Files\Content.Outlook\SUHESELV\difference_article_glims_sap_classe_par_erreur_colonne.log - Notepad++ [Administrator],IT,2021-04-02,14:00:08,00:00:18
stefano.crapanzano@chu.ulg.ac.be,Conserver un fichier non existant,IT,2021-04-02,14:02:08,00:00:02
stefano.crapanzano@chu.ulg.ac.be,*C:\Users\c158492\AppData\Local\Microsoft\Windows\Temporary Internet Files\Content.Outlook\SUHESELV\difference_article_glims_sap_classe_par_erreur_colonne.log - Notepad++ [Administrator],IT,2021-04-02,13:49:20,00:00:22
stefano.crapanzano@chu.ulg.ac.be,*C:\Users\c158492\AppData\Local\Microsoft\Windows\Temporary Internet Files\Content.Outlook\SUHESELV\difference_article_glims_sap_classe_par_erreur_colonne.log - Notepad++ [Administrator],IT,2021-04-02,14:02:13,00:00:14
stefano.crapanzano@chu.ulg.ac.be,*C:\Users\c158492\AppData\Local\Microsoft\Windows\Temporary Internet Files\Content.Outlook\SUHESELV\difference_article_glims_sap_classe_par_erreur_colonne.log - Notepad++ [Administrator],IT,2021-04-02,14:02:33,00:00:22
stefano.crapanzano@chu.ulg.ac.be,*C:\Users\c158492\AppData\Local\Microsoft\Windows\Temporary Internet Files\Content.Outlook\SUHESELV\difference_article_glims_sap_classe_par_erreur_colonne.log - Notepad++ [Administrator],IT,2021-04-02,14:03:11,00:00:11
stefano.crapanzano@chu.ulg.ac.be,*C:\Users\c158492\AppData\Local\Microsoft\Windows\Temporary Internet Files\Content.Outlook\SUHESELV\difference_article_glims_sap_classe_par_matnr.log - Notepad++ [Administrator],IT,2021-04-02,14:02:11,00:00:02
stefano.crapanzano@chu.ulg.ac.be,*C:\Users\c158492\AppData\Local\Microsoft\Windows\Temporary Internet Files\Content.Outlook\SUHESELV\difference_article_glims_sap_classe_par_matnr.log - Notepad++ [Administrator],IT,2021-04-02,14:02:28,00:00:04
stefano.crapanzano@chu.ulg.ac.be,*C:\Users\c158492\AppData\Local\Microsoft\Windows\Temporary Internet Files\Content.Outlook\SUHESELV\difference_article_glims_sap_classe_par_matnr.log - Notepad++ [Administrator],IT,2021-04-02,16:33:14,00:00:05
stefano.crapanzano@chu.ulg.ac.be,python convert variable to json - Recherche Google - Google Chrome,Tâches diverses,2021-04-02,14:03:41,00:00:02
stefano.crapanzano@chu.ulg.ac.be,python - How to convert variables to json? - Stack Overflow - Google Chrome,Tâches diverses,2021-04-02,14:03:43,00:00:10
stefano.crapanzano@chu.ulg.ac.be,python - How to convert variables to json? - Stack Overflow - Google Chrome,Tâches diverses,2021-04-02,14:06:27,00:00:02
stefano.crapanzano@chu.ulg.ac.be,concat json object python - Recherche Google - Google Chrome,Tâches diverses,2021-04-02,14:06:52,00:00:08
stefano.crapanzano@chu.ulg.ac.be,concat json object python - Recherche Google - Google Chrome,Tâches diverses,2021-04-02,14:07:15,00:00:02
stefano.crapanzano@chu.ulg.ac.be,How to merge two json string in Python? - Stack Overflow - Google Chrome,Tâches diverses,2021-04-02,14:06:38,00:00:13
stefano.crapanzano@chu.ulg.ac.be,How to merge multiple json objects into a single json object using python | Edureka Community - Google Chrome,Tâches diverses,2021-04-02,14:07:00,00:00:14
stefano.crapanzano@chu.ulg.ac.be,Append to JSON file using Python - GeeksforGeeks - Google Chrome,Tâches diverses,2021-04-02,14:07:17,00:00:27
stefano.crapanzano@chu.ulg.ac.be,Classeur1 - Excel,Tâches diverses,2021-04-02,14:09:30,00:03:18
stefano.crapanzano@chu.ulg.ac.be,Classeur1 - Excel,Tâches diverses,2021-04-02,14:14:07,00:00:19
stefano.crapanzano@chu.ulg.ac.be,*new 13 - Notepad++ [Administrator],IT,2021-04-02,14:44:57,00:00:06
stefano.crapanzano@chu.ulg.ac.be,*new 13 - Notepad++ [Administrator],IT,2021-04-02,14:45:09,00:00:02
stefano.crapanzano@chu.ulg.ac.be,*new 13 - Notepad++ [Administrator],IT,2021-04-02,14:45:24,00:00:07
stefano.crapanzano@chu.ulg.ac.be,*new 13 - Notepad++ [Administrator],IT,2021-04-02,14:46:25,00:00:02
stefano.crapanzano@chu.ulg.ac.be,*new 13 - Notepad++ [Administrator],IT,2021-04-02,14:46:30,00:00:02
stefano.crapanzano@chu.ulg.ac.be,*new 13 - Notepad++ [Administrator],IT,2021-04-02,14:46:57,00:00:02
stefano.crapanzano@chu.ulg.ac.be,*new 13 - Notepad++ [Administrator],IT,2021-04-02,14:49:06,00:00:02
stefano.crapanzano@chu.ulg.ac.be,*new 13 - Notepad++ [Administrator],IT,2021-04-02,14:49:39,00:00:03
stefano.crapanzano@chu.ulg.ac.be,*new 13 - Notepad++ [Administrator],IT,2021-04-02,14:51:08,00:00:04
stefano.crapanzano@chu.ulg.ac.be,*new 13 - Notepad++ [Administrator],IT,2021-04-02,14:51:33,00:00:04
stefano.crapanzano@chu.ulg.ac.be,Rechercher,IT,2021-04-02,14:45:03,00:00:02
stefano.crapanzano@chu.ulg.ac.be,Rechercher,IT,2021-04-02,14:45:14,00:00:03
stefano.crapanzano@chu.ulg.ac.be,Rechercher,IT,2021-04-02,14:46:27,00:00:02
stefano.crapanzano@chu.ulg.ac.be,Rechercher,IT,2021-04-02,14:46:46,00:00:02
stefano.crapanzano@chu.ulg.ac.be,Rechercher,IT,2021-04-02,14:47:02,00:00:02
stefano.crapanzano@chu.ulg.ac.be,Rechercher,IT,2021-04-02,14:47:14,00:00:04
stefano.crapanzano@chu.ulg.ac.be,Rechercher,IT,2021-04-02,14:47:26,00:00:13
stefano.crapanzano@chu.ulg.ac.be,Rechercher,IT,2021-04-02,14:48:55,00:00:03
stefano.crapanzano@chu.ulg.ac.be,Rechercher,IT,2021-04-02,14:49:12,00:00:02
stefano.crapanzano@chu.ulg.ac.be,Rechercher,IT,2021-04-02,14:49:20,00:00:03
stefano.crapanzano@chu.ulg.ac.be,Rechercher,IT,2021-04-02,14:49:31,00:00:07
stefano.crapanzano@chu.ulg.ac.be,Rechercher,IT,2021-04-02,14:51:20,00:00:02
stefano.crapanzano@chu.ulg.ac.be,Rechercher,IT,2021-04-02,14:52:15,00:00:02
stefano.crapanzano@chu.ulg.ac.be,Rechercher,IT,2021-04-02,16:44:37,00:00:05
stefano.crapanzano@chu.ulg.ac.be,Rechercher,IT,2021-04-02,16:45:28,00:00:18
stefano.crapanzano@chu.ulg.ac.be,Remplacer,IT,2021-04-02,14:45:06,00:00:03
stefano.crapanzano@chu.ulg.ac.be,Remplacer,IT,2021-04-02,14:45:18,00:00:06
stefano.crapanzano@chu.ulg.ac.be,Remplacer,IT,2021-04-02,14:52:18,00:00:03
stefano.crapanzano@chu.ulg.ac.be,Find/Replace,IT,2021-04-02,14:45:12,00:00:02
stefano.crapanzano@chu.ulg.ac.be,*new 14 - Notepad++ [Administrator],IT,2021-04-02,14:52:07,00:00:08
stefano.crapanzano@chu.ulg.ac.be,*new 14 - Notepad++ [Administrator],IT,2021-04-02,14:52:21,00:00:03
stefano.crapanzano@chu.ulg.ac.be,*new 14 - Notepad++ [Administrator],IT,2021-04-02,14:54:40,00:00:02
stefano.crapanzano@chu.ulg.ac.be,*new 14 - Notepad++ [Administrator],IT,2021-04-02,14:54:46,00:00:03
stefano.crapanzano@chu.ulg.ac.be,*new 14 - Notepad++ [Administrator],IT,2021-04-02,14:54:55,00:00:04
stefano.crapanzano@chu.ulg.ac.be,*new 14 - Notepad++ [Administrator],IT,2021-04-02,14:55:14,00:00:03
stefano.crapanzano@chu.ulg.ac.be,*new 14 - Notepad++ [Administrator],IT,2021-04-02,14:55:35,00:00:07
stefano.crapanzano@chu.ulg.ac.be,*new 14 - Notepad++ [Administrator],IT,2021-04-02,14:55:57,00:00:02
stefano.crapanzano@chu.ulg.ac.be,*new 14 - Notepad++ [Administrator],IT,2021-04-02,14:56:03,00:00:02
stefano.crapanzano@chu.ulg.ac.be,*new 14 - Notepad++ [Administrator],IT,2021-04-02,14:56:11,00:00:02
stefano.crapanzano@chu.ulg.ac.be,Votre stationnement / évolution - Message (HTML),Helpdesk général,2021-04-02,15:28:31,00:00:12
stefano.crapanzano@chu.ulg.ac.be,Recharger,IT,2021-04-02,15:33:58,00:00:02
stefano.crapanzano@chu.ulg.ac.be,Lecture documentation,Tâches diverses,2021-04-02,15:43:45,00:00:37
stefano.crapanzano@chu.ulg.ac.be,Lecture documentation,Tâches diverses,2021-04-02,15:44:31,00:00:13
stefano.crapanzano@chu.ulg.ac.be,Lecture documentation,Tâches diverses,2021-04-02,15:48:20,00:03:31
stefano.crapanzano@chu.ulg.ac.be,Lecture documentation,Tâches diverses,2021-04-02,15:57:23,00:00:49
stefano.crapanzano@chu.ulg.ac.be,Lecture documentation,Tâches diverses,2021-04-02,15:58:19,00:00:02
stefano.crapanzano@chu.ulg.ac.be,Lecture documentation,Tâches diverses,2021-04-02,15:59:30,00:01:13
stefano.crapanzano@chu.ulg.ac.be,Lecture documentation,Tâches diverses,2021-04-02,16:00:47,00:00:17
stefano.crapanzano@chu.ulg.ac.be,Lecture documentation,Tâches diverses,2021-04-02,16:21:23,00:00:07
stefano.crapanzano@chu.ulg.ac.be,Lecture documentation,Tâches diverses,2021-04-02,16:21:50,00:00:05
stefano.crapanzano@chu.ulg.ac.be,Lecture documentation,Tâches diverses,2021-04-02,16:44:26,00:00:06
stefano.crapanzano@chu.ulg.ac.be,Lecture documentation,Tâches diverses,2021-04-02,16:52:03,00:00:18
stefano.crapanzano@chu.ulg.ac.be,hello.xlsx - Excel,Tâches diverses,2021-04-02,15:45:30,00:00:02
stefano.crapanzano@chu.ulg.ac.be,difference_article_glims_sap_classe_par_matnr.xlsx - Excel,Tâches diverses,2021-04-02,15:47:47,00:00:02
stefano.crapanzano@chu.ulg.ac.be,difference_article_glims_sap_classe_par_matnr.xlsx - Excel,Tâches diverses,2021-04-02,15:48:00,00:00:03
stefano.crapanzano@chu.ulg.ac.be,difference_article_glims_sap_classe_par_matnr.xlsx - Excel,Tâches diverses,2021-04-02,15:53:06,00:00:09
stefano.crapanzano@chu.ulg.ac.be,difference_article_glims_sap_classe_par_matnr.xlsx - Excel,Tâches diverses,2021-04-02,15:54:24,00:00:10
stefano.crapanzano@chu.ulg.ac.be,difference_article_glims_sap_classe_par_matnr.xlsx - Excel,Tâches diverses,2021-04-02,15:57:02,00:00:11
stefano.crapanzano@chu.ulg.ac.be,difference_article_glims_sap_classe_par_matnr.xlsx - Excel,Tâches diverses,2021-04-02,15:58:33,00:00:02
stefano.crapanzano@chu.ulg.ac.be,difference_article_glims_sap_classe_par_matnr.xlsx - Excel,Tâches diverses,2021-04-02,15:58:45,00:00:12
stefano.crapanzano@chu.ulg.ac.be,difference_article_glims_sap_classe_par_matnr.xlsx - Excel,Tâches diverses,2021-04-02,16:01:46,00:00:14
stefano.crapanzano@chu.ulg.ac.be,difference_article_glims_sap_classe_par_matnr.xlsx - Excel,Tâches diverses,2021-04-02,16:02:19,00:00:23
stefano.crapanzano@chu.ulg.ac.be,difference_article_glims_sap_classe_par_matnr.xlsx - Excel,Tâches diverses,2021-04-02,16:02:55,00:00:07
stefano.crapanzano@chu.ulg.ac.be,difference_article_glims_sap_classe_par_matnr.xlsx - Excel,Tâches diverses,2021-04-02,16:03:27,00:00:08
stefano.crapanzano@chu.ulg.ac.be,difference_article_glims_sap_classe_par_matnr.xlsx - Excel,Tâches diverses,2021-04-02,16:07:12,00:00:04
stefano.crapanzano@chu.ulg.ac.be,difference_article_glims_sap_classe_par_matnr.xlsx - Excel,Tâches diverses,2021-04-02,16:07:40,00:00:02
stefano.crapanzano@chu.ulg.ac.be,difference_article_glims_sap_classe_par_matnr.xlsx - Excel,Tâches diverses,2021-04-02,16:07:57,00:00:02
stefano.crapanzano@chu.ulg.ac.be,difference_article_glims_sap_classe_par_matnr.xlsx - Excel,Tâches diverses,2021-04-02,16:08:07,00:00:52
stefano.crapanzano@chu.ulg.ac.be,difference_article_glims_sap_classe_par_matnr.xlsx - Excel,Tâches diverses,2021-04-02,16:14:38,00:00:35
stefano.crapanzano@chu.ulg.ac.be,difference_article_glims_sap_classe_par_matnr.xlsx - Excel,Tâches diverses,2021-04-02,16:18:18,00:00:03
stefano.crapanzano@chu.ulg.ac.be,difference_article_glims_sap_classe_par_matnr.xlsx - Excel,Tâches diverses,2021-04-02,16:18:32,00:00:02
stefano.crapanzano@chu.ulg.ac.be,difference_article_glims_sap_classe_par_matnr.xlsx - Excel,Tâches diverses,2021-04-02,16:22:51,00:00:34
stefano.crapanzano@chu.ulg.ac.be,difference_article_glims_sap_classe_par_matnr.xlsx - Excel,Tâches diverses,2021-04-02,16:24:40,00:00:36
stefano.crapanzano@chu.ulg.ac.be,difference_article_glims_sap_classe_par_matnr.xlsx - Excel,Tâches diverses,2021-04-02,16:25:28,00:00:02
stefano.crapanzano@chu.ulg.ac.be,difference_article_glims_sap_classe_par_matnr.xlsx - Excel,Tâches diverses,2021-04-02,16:25:38,00:01:23
stefano.crapanzano@chu.ulg.ac.be,difference_article_glims_sap_classe_par_matnr.xlsx - Excel,Tâches diverses,2021-04-02,16:27:09,00:00:22
stefano.crapanzano@chu.ulg.ac.be,difference_article_glims_sap_classe_par_matnr.xlsx - Excel,Tâches diverses,2021-04-02,16:27:56,00:00:02
stefano.crapanzano@chu.ulg.ac.be,difference_article_glims_sap_classe_par_matnr.xlsx - Excel,Tâches diverses,2021-04-02,16:28:21,00:00:54
stefano.crapanzano@chu.ulg.ac.be,difference_article_glims_sap_classe_par_matnr.xlsx - Excel,Tâches diverses,2021-04-02,16:29:53,00:00:16
stefano.crapanzano@chu.ulg.ac.be,difference_article_glims_sap_classe_par_matnr.xlsx - Excel,Tâches diverses,2021-04-02,16:53:10,00:00:43
stefano.crapanzano@chu.ulg.ac.be,difference_article_glims_sap_classe_par_matnr.xlsx - Excel,Tâches diverses,2021-04-02,16:53:58,00:01:31
stefano.crapanzano@chu.ulg.ac.be,difference_article_glims_sap_classe_par_matnr.xlsx - Excel,Tâches diverses,2021-04-02,16:55:34,00:00:07
stefano.crapanzano@chu.ulg.ac.be,difference_article_glims_sap_classe_par_matnr.xlsx - Excel,Tâches diverses,2021-04-02,16:55:52,00:00:03
stefano.crapanzano@chu.ulg.ac.be,difference_article_glims_sap_classe_par_matnr.xlsx - Excel,Tâches diverses,2021-04-02,16:58:02,00:00:02
stefano.crapanzano@chu.ulg.ac.be,difference_article_glims_sap_classe_par_matnr.xlsx - Excel,Tâches diverses,2021-04-02,16:58:18,00:00:28
stefano.crapanzano@chu.ulg.ac.be,difference_article_glims_sap_classe_par_matnr.xlsx - Excel,Tâches diverses,2021-04-02,16:58:48,00:00:11
stefano.crapanzano@chu.ulg.ac.be,difference_article_glims_sap_classe_par_matnr.xlsx - Excel,Tâches diverses,2021-04-02,16:59:38,00:00:03
stefano.crapanzano@chu.ulg.ac.be,difference_article_glims_sap_classe_par_matnr.xlsx - Excel,Tâches diverses,2021-04-02,17:00:04,00:00:02
stefano.crapanzano@chu.ulg.ac.be,PE2_203 - sftp://PE2U2FTP@153.89.110.38 - FileZilla,Helpdesk général,2021-04-02,16:31:41,00:00:02
stefano.crapanzano@chu.ulg.ac.be,Iepacs - sftp://kofaxchu@iepacs.chu.ulg.ac.be - FileZilla,Helpdesk général,2021-04-02,16:31:43,00:00:13
stefano.crapanzano@chu.ulg.ac.be,Iepacs - sftp://kofaxchu@iepacs.chu.ulg.ac.be - FileZilla,Helpdesk général,2021-04-02,16:32:08,00:00:06
stefano.crapanzano@chu.ulg.ac.be,Iepacs - sftp://kofaxchu@iepacs.chu.ulg.ac.be - FileZilla,Helpdesk général,2021-04-02,16:53:06,00:00:02
stefano.crapanzano@chu.ulg.ac.be,\\ERPFTP.st.chulg\ERP\Log\Iepacs_file_Pdf-Kofaxchu_ZHCI_Pdf.log - Notepad++ [Administrator],IT,2021-04-02,16:33:53,00:00:02
stefano.crapanzano@chu.ulg.ac.be,\\ERPFTP.st.chulg\ERP\Log\Iepacs_file_Pdf-Kofaxchu_FRCHR_Pdf.log - Notepad++ [Administrator],IT,2021-04-02,16:34:01,00:01:04
stefano.crapanzano@chu.ulg.ac.be,\\ERPFTP.st.chulg\ERP\Log\Iepacs_file_Pdf-Kofaxchu_FRCHR_Pdf.log - Notepad++ [Administrator],IT,2021-04-02,16:35:12,00:00:19
stefano.crapanzano@chu.ulg.ac.be,\\ERPFTP.st.chulg\ERP\Log\Iepacs_file_Pdf-Kofaxchu_FRCHR_Pdf.log - Notepad++ [Administrator],IT,2021-04-02,16:35:33,00:00:06
stefano.crapanzano@chu.ulg.ac.be,\\ERPFTP.st.chulg\ERP\Log\Iepacs_file_Pdf-Kofaxchu_FRCHR_Pdf.log - Notepad++ [Administrator],IT,2021-04-02,16:36:34,00:00:06
stefano.crapanzano@chu.ulg.ac.be,\\ERPFTP.st.chulg\ERP\Log\Iepacs_file_Pdf-Kofaxchu_FRCHR_Pdf.log - Notepad++ [Administrator],IT,2021-04-02,16:38:30,00:00:26
stefano.crapanzano@chu.ulg.ac.be,\\ERPFTP.st.chulg\ERP\Log\Iepacs_file_Pdf-Kofaxchu_FRCHR_Pdf.log - Notepad++ [Administrator],IT,2021-04-02,16:40:00,00:00:13
stefano.crapanzano@chu.ulg.ac.be,\\ERPFTP.st.chulg\ERP\Log\Iepacs_file_Pdf-Kofaxchu_FRCHR_Pdf.log - Notepad++ [Administrator],IT,2021-04-02,16:51:46,00:00:03
stefano.crapanzano@chu.ulg.ac.be,Téléchargement automatique des images,Helpdesk général,2021-04-02,16:35:43,00:00:02
stefano.crapanzano@chu.ulg.ac.be,Téléchargement automatique des images,Helpdesk général,2021-04-02,16:49:18,00:00:02
stefano.crapanzano@chu.ulg.ac.be,RE: Scanning FRCHR nok  - Message (HTML),Helpdesk général,2021-04-02,16:35:45,00:00:14
stefano.crapanzano@chu.ulg.ac.be,RE: Scanning FRCHR nok  - Message (HTML),Helpdesk général,2021-04-02,16:36:02,00:00:17
stefano.crapanzano@chu.ulg.ac.be,RE: Scanning FRCHR nok  - Message (HTML),Helpdesk général,2021-04-02,16:42:34,00:00:17
stefano.crapanzano@chu.ulg.ac.be,RE: Scanning FRCHR nok  - Message (HTML),Helpdesk général,2021-04-02,16:43:13,00:00:02
stefano.crapanzano@chu.ulg.ac.be,RE: Scanning FRCHR nok  - Message (HTML),Helpdesk général,2021-04-02,16:43:20,00:00:04
stefano.crapanzano@chu.ulg.ac.be,RE: Scanning FRCHR nok  - Message (HTML),Helpdesk général,2021-04-02,16:43:34,00:00:45
stefano.crapanzano@chu.ulg.ac.be,RE: Scanning FRCHR nok  - Message (HTML),Helpdesk général,2021-04-02,16:45:07,00:00:14
stefano.crapanzano@chu.ulg.ac.be,RE: Scanning FRCHR nok  - Message (HTML),Helpdesk général,2021-04-02,16:45:56,00:03:02
stefano.crapanzano@chu.ulg.ac.be,RE: Scanning FRCHR nok  - Message (HTML),Helpdesk général,2021-04-02,16:49:05,00:00:06
stefano.crapanzano@chu.ulg.ac.be,RE: Scanning FRCHR nok  - Message (HTML),Helpdesk général,2021-04-02,16:49:21,00:00:09
stefano.crapanzano@chu.ulg.ac.be,\\ERPFTP.st.chulg\ERP\Log\KOFAX-KofaxCaptureSVReleaseProdFRCHR.log - Notepad++ [Administrator],IT,2021-04-02,16:36:42,00:00:53
stefano.crapanzano@chu.ulg.ac.be,\\ERPFTP.st.chulg\ERP\Log\KOFAX-KofaxCaptureSVReleaseProdFRCHR.log - Notepad++ [Administrator],IT,2021-04-02,16:38:06,00:00:23
stefano.crapanzano@chu.ulg.ac.be,\\ERPFTP.st.chulg\ERP\Log\KOFAX-KofaxCaptureSVReleaseProdFRCHR.log - Notepad++ [Administrator],IT,2021-04-02,16:38:59,00:00:56
stefano.crapanzano@chu.ulg.ac.be,\\ERPFTP.st.chulg\ERP\Log\KOFAX-KofaxCaptureSVReleaseProdFRCHR.log - Notepad++ [Administrator],IT,2021-04-02,16:39:57,00:00:03
stefano.crapanzano@chu.ulg.ac.be,\\ERPFTP.st.chulg\ERP\Log\KOFAX-KofaxCaptureSVReleaseProdFRCHR.log - Notepad++ [Administrator],IT,2021-04-02,16:40:14,00:02:17
stefano.crapanzano@chu.ulg.ac.be,\\ERPFTP.st.chulg\ERP\Log\KOFAX-KofaxCaptureSVReleaseProdFRCHR.log - Notepad++ [Administrator],IT,2021-04-02,16:44:35,00:00:02
stefano.crapanzano@chu.ulg.ac.be,\\ERPFTP.st.chulg\ERP\Log\KOFAX-KofaxCaptureSVReleaseProdFRCHR.log - Notepad++ [Administrator],IT,2021-04-02,16:44:45,00:00:19
stefano.crapanzano@chu.ulg.ac.be,\\ERPFTP.st.chulg\ERP\Log\KOFAX-KofaxCaptureSVReleaseProdFRCHR.log - Notepad++ [Administrator],IT,2021-04-02,16:45:22,00:00:04
stefano.crapanzano@chu.ulg.ac.be,\\ERPFTP.st.chulg\ERP\Log\KOFAX-KofaxCaptureSVReleaseProdFRCHR.log - Notepad++ [Administrator],IT,2021-04-02,16:45:46,00:00:09
stefano.crapanzano@chu.ulg.ac.be,\\ERPFTP.st.chulg\ERP\Log\KOFAX-KofaxCaptureSVReleaseProdFRCHR.log - Notepad++ [Administrator],IT,2021-04-02,16:49:12,00:00:02
stefano.crapanzano@chu.ulg.ac.be,\\ERPFTP.st.chulg\ERP\Log\KOFAX-KofaxCaptureSVReleaseProdFRCHR.log - Notepad++ [Administrator],IT,2021-04-02,16:51:40,00:00:06
stefano.crapanzano@chu.ulg.ac.be,\\ERPFTP.st.chulg\ERP\Log\KOFAX-KofaxCaptureSVReleaseProdFRCHR.log - Notepad++ [Administrator],IT,2021-04-02,16:51:49,00:00:03
