Email,Description,Project,Start date,Start time,Duration
stefano.crapanzano@chu.ulg.ac.be,Administrateur : Perl (command line) - python  main.py,IT,2021-02-05,09:02:46,00:00:02
stefano.crapanzano@chu.ulg.ac.be,Boîte de Réception - Zimbra - Stefano Crapanzano - Outlook,Helpdesk général,2021-02-05,09:02:48,00:04:20
stefano.crapanzano@chu.ulg.ac.be,Boîte de Réception - Zimbra - Stefano Crapanzano - Outlook,Helpdesk général,2021-02-05,09:08:21,00:00:04
stefano.crapanzano@chu.ulg.ac.be,Boîte de Réception - Zimbra - Stefano Crapanzano - Outlook,Helpdesk général,2021-02-05,09:08:46,00:00:15
stefano.crapanzano@chu.ulg.ac.be,Boîte de Réception - Zimbra - Stefano Crapanzano - Outlook,Helpdesk général,2021-02-05,09:22:38,00:00:06
stefano.crapanzano@chu.ulg.ac.be,Boîte de Réception - Zimbra - Stefano Crapanzano - Outlook,Helpdesk général,2021-02-05,09:23:35,00:00:09
stefano.crapanzano@chu.ulg.ac.be,Boîte de Réception - Zimbra - Stefano Crapanzano - Outlook,Helpdesk général,2021-02-05,09:28:27,00:00:02
stefano.crapanzano@chu.ulg.ac.be,Boîte de Réception - Zimbra - Stefano Crapanzano - Outlook,Helpdesk général,2021-02-05,09:29:30,00:00:08
stefano.crapanzano@chu.ulg.ac.be,Boîte de Réception - Zimbra - Stefano Crapanzano - Outlook,Helpdesk général,2021-02-05,11:01:19,00:00:13
stefano.crapanzano@chu.ulg.ac.be,Boîte de Réception - Zimbra - Stefano Crapanzano - Outlook,Helpdesk général,2021-02-05,11:03:26,00:00:03
stefano.crapanzano@chu.ulg.ac.be,Boîte de Réception - Zimbra - Stefano Crapanzano - Outlook,Helpdesk général,2021-02-05,11:40:38,00:00:02
stefano.crapanzano@chu.ulg.ac.be,Boîte de Réception - Zimbra - Stefano Crapanzano - Outlook,Helpdesk général,2021-02-05,11:47:30,00:13:40
stefano.crapanzano@chu.ulg.ac.be,Boîte de Réception - Zimbra - Stefano Crapanzano - Outlook,Helpdesk général,2021-02-05,12:03:23,00:00:03
stefano.crapanzano@chu.ulg.ac.be,Boîte de Réception - Zimbra - Stefano Crapanzano - Outlook,Helpdesk général,2021-02-05,12:17:44,00:00:03
stefano.crapanzano@chu.ulg.ac.be,Boîte de Réception - Zimbra - Stefano Crapanzano - Outlook,Helpdesk général,2021-02-05,12:18:01,00:02:14
stefano.crapanzano@chu.ulg.ac.be,Boîte de Réception - Zimbra - Stefano Crapanzano - Outlook,Helpdesk général,2021-02-05,12:37:44,00:00:02
stefano.crapanzano@chu.ulg.ac.be,Boîte de Réception - Zimbra - Stefano Crapanzano - Outlook,Helpdesk général,2021-02-05,12:51:30,00:00:07
stefano.crapanzano@chu.ulg.ac.be,Boîte de Réception - Zimbra - Stefano Crapanzano - Outlook,Helpdesk général,2021-02-05,12:51:38,00:00:02
stefano.crapanzano@chu.ulg.ac.be,Boîte de Réception - Zimbra - Stefano Crapanzano - Outlook,Helpdesk général,2021-02-05,12:51:45,00:00:07
stefano.crapanzano@chu.ulg.ac.be,Boîte de Réception - Zimbra - Stefano Crapanzano - Outlook,Helpdesk général,2021-02-05,12:53:48,00:02:32
stefano.crapanzano@chu.ulg.ac.be,Boîte de Réception - Zimbra - Stefano Crapanzano - Outlook,Helpdesk général,2021-02-05,12:56:30,00:00:05
stefano.crapanzano@chu.ulg.ac.be,Boîte de Réception - Zimbra - Stefano Crapanzano - Outlook,Helpdesk général,2021-02-05,13:06:15,00:00:11
stefano.crapanzano@chu.ulg.ac.be,Boîte de Réception - Zimbra - Stefano Crapanzano - Outlook,Helpdesk général,2021-02-05,13:08:05,00:00:02
stefano.crapanzano@chu.ulg.ac.be,Boîte de Réception - Zimbra - Stefano Crapanzano - Outlook,Helpdesk général,2021-02-05,13:19:11,00:00:02
stefano.crapanzano@chu.ulg.ac.be,Boîte de Réception - Zimbra - Stefano Crapanzano - Outlook,Helpdesk général,2021-02-05,13:19:53,00:00:12
stefano.crapanzano@chu.ulg.ac.be,Boîte de Réception - Zimbra - Stefano Crapanzano - Outlook,Helpdesk général,2021-02-05,13:32:55,00:00:03
stefano.crapanzano@chu.ulg.ac.be,Boîte de Réception - Zimbra - Stefano Crapanzano - Outlook,Helpdesk général,2021-02-05,13:40:01,00:00:26
stefano.crapanzano@chu.ulg.ac.be,Boîte de Réception - Zimbra - Stefano Crapanzano - Outlook,Helpdesk général,2021-02-05,13:40:45,00:00:02
stefano.crapanzano@chu.ulg.ac.be,Boîte de Réception - Zimbra - Stefano Crapanzano - Outlook,Helpdesk général,2021-02-05,13:48:36,00:00:40
stefano.crapanzano@chu.ulg.ac.be,Boîte de Réception - Zimbra - Stefano Crapanzano - Outlook,Helpdesk général,2021-02-05,13:49:23,00:00:02
stefano.crapanzano@chu.ulg.ac.be,Boîte de Réception - Zimbra - Stefano Crapanzano - Outlook,Helpdesk général,2021-02-05,13:53:14,00:00:37
stefano.crapanzano@chu.ulg.ac.be,Boîte de Réception - Zimbra - Stefano Crapanzano - Outlook,Helpdesk général,2021-02-05,14:01:47,00:00:03
stefano.crapanzano@chu.ulg.ac.be,Boîte de Réception - Zimbra - Stefano Crapanzano - Outlook,Helpdesk général,2021-02-05,17:30:24,00:00:05
stefano.crapanzano@chu.ulg.ac.be,Re: Zoiper - Message (HTML),Helpdesk général,2021-02-05,09:07:08,00:00:13
stefano.crapanzano@chu.ulg.ac.be,Re: Zoiper - Message (HTML),Helpdesk général,2021-02-05,09:08:18,00:00:02
stefano.crapanzano@chu.ulg.ac.be,RE: Zoiper - Message (HTML),Helpdesk général,2021-02-05,09:07:22,00:00:54
stefano.crapanzano@chu.ulg.ac.be,RE: Zoiper - Message (HTML),Helpdesk général,2021-02-05,11:01:37,00:00:32
stefano.crapanzano@chu.ulg.ac.be,RE: Zoiper - Message (HTML),Helpdesk général,2021-02-05,11:41:12,00:00:03
stefano.crapanzano@chu.ulg.ac.be,Orthographe : Français (Belgique),Helpdesk général,2021-02-05,11:41:15,00:00:02
stefano.crapanzano@chu.ulg.ac.be,Orthographe : Français (Belgique),Helpdesk général,2021-02-05,13:56:32,00:00:02
stefano.crapanzano@chu.ulg.ac.be,Microsoft Outlook,Helpdesk général,2021-02-05,13:56:34,00:00:02
stefano.crapanzano@chu.ulg.ac.be,Envoyé - Zimbra - Stefano Crapanzano - Outlook,Helpdesk général,2021-02-05,09:08:26,00:00:20
stefano.crapanzano@chu.ulg.ac.be,Envoyé - Zimbra - Stefano Crapanzano - Outlook,Helpdesk général,2021-02-05,09:09:10,00:01:16
stefano.crapanzano@chu.ulg.ac.be,Envoyé - Zimbra - Stefano Crapanzano - Outlook,Helpdesk général,2021-02-05,09:10:34,00:02:37
stefano.crapanzano@chu.ulg.ac.be,Envoyé - Zimbra - Stefano Crapanzano - Outlook,Helpdesk général,2021-02-05,09:13:23,00:01:56
stefano.crapanzano@chu.ulg.ac.be,Envoyé - Zimbra - Stefano Crapanzano - Outlook,Helpdesk général,2021-02-05,09:22:19,00:00:19
stefano.crapanzano@chu.ulg.ac.be,Envoyé - Zimbra - Stefano Crapanzano - Outlook,Helpdesk général,2021-02-05,09:28:38,00:00:51
stefano.crapanzano@chu.ulg.ac.be,Envoyé - Zimbra - Stefano Crapanzano - Outlook,Helpdesk général,2021-02-05,11:01:32,00:00:04
stefano.crapanzano@chu.ulg.ac.be,Envoyé - Zimbra - Stefano Crapanzano - Outlook,Helpdesk général,2021-02-05,11:02:09,00:01:16
stefano.crapanzano@chu.ulg.ac.be,Envoyé - Zimbra - Stefano Crapanzano - Outlook,Helpdesk général,2021-02-05,11:40:41,00:00:31
stefano.crapanzano@chu.ulg.ac.be,Envoyé - Zimbra - Stefano Crapanzano - Outlook,Helpdesk général,2021-02-05,11:41:19,00:00:03
stefano.crapanzano@chu.ulg.ac.be,Envoyé - Zimbra - Stefano Crapanzano - Outlook,Helpdesk général,2021-02-05,11:47:28,00:00:02
stefano.crapanzano@chu.ulg.ac.be,Envoyé - Zimbra - Stefano Crapanzano - Outlook,Helpdesk général,2021-02-05,12:17:54,00:00:07
stefano.crapanzano@chu.ulg.ac.be,Envoyé - Zimbra - Stefano Crapanzano - Outlook,Helpdesk général,2021-02-05,12:51:52,00:00:06
stefano.crapanzano@chu.ulg.ac.be,Envoyé - Zimbra - Stefano Crapanzano - Outlook,Helpdesk général,2021-02-05,13:18:24,00:00:15
stefano.crapanzano@chu.ulg.ac.be,Envoyé - Zimbra - Stefano Crapanzano - Outlook,Helpdesk général,2021-02-05,13:18:42,00:00:02
stefano.crapanzano@chu.ulg.ac.be,Envoyé - Zimbra - Stefano Crapanzano - Outlook,Helpdesk général,2021-02-05,13:18:46,00:00:02
stefano.crapanzano@chu.ulg.ac.be,Envoyé - Zimbra - Stefano Crapanzano - Outlook,Helpdesk général,2021-02-05,13:57:01,00:00:03
stefano.crapanzano@chu.ulg.ac.be,Boîte de réception - erp.sai@chuliege.be - Outlook,Helpdesk général,2021-02-05,09:09:02,00:00:04
stefano.crapanzano@chu.ulg.ac.be,Boîte de réception - erp.sai@chuliege.be - Outlook,Helpdesk général,2021-02-05,09:22:44,00:00:10
stefano.crapanzano@chu.ulg.ac.be,Boîte de réception - erp.sai@chuliege.be - Outlook,Helpdesk général,2021-02-05,09:23:06,00:00:08
stefano.crapanzano@chu.ulg.ac.be,Boîte de réception - erp.sai@chuliege.be - Outlook,Helpdesk général,2021-02-05,09:28:30,00:00:03
stefano.crapanzano@chu.ulg.ac.be,Boîte de réception - erp.sai@chuliege.be - Outlook,Helpdesk général,2021-02-05,09:30:10,00:00:02
stefano.crapanzano@chu.ulg.ac.be,Boîte de réception - erp.sai@chuliege.be - Outlook,Helpdesk général,2021-02-05,10:59:54,00:00:06
stefano.crapanzano@chu.ulg.ac.be,Boîte de réception - erp.sai@chuliege.be - Outlook,Helpdesk général,2021-02-05,11:03:29,00:02:12
stefano.crapanzano@chu.ulg.ac.be,Boîte de réception - erp.sai@chuliege.be - Outlook,Helpdesk général,2021-02-05,12:03:27,00:00:02
stefano.crapanzano@chu.ulg.ac.be,Boîte de réception - erp.sai@chuliege.be - Outlook,Helpdesk général,2021-02-05,12:08:00,00:09:39
stefano.crapanzano@chu.ulg.ac.be,Boîte de réception - erp.sai@chuliege.be - Outlook,Helpdesk général,2021-02-05,12:17:41,00:00:03
stefano.crapanzano@chu.ulg.ac.be,Boîte de réception - erp.sai@chuliege.be - Outlook,Helpdesk général,2021-02-05,12:17:48,00:00:02
stefano.crapanzano@chu.ulg.ac.be,Boîte de réception - erp.sai@chuliege.be - Outlook,Helpdesk général,2021-02-05,12:37:46,00:07:32
stefano.crapanzano@chu.ulg.ac.be,Boîte de réception - erp.sai@chuliege.be - Outlook,Helpdesk général,2021-02-05,12:51:27,00:00:02
stefano.crapanzano@chu.ulg.ac.be,Boîte de réception - erp.sai@chuliege.be - Outlook,Helpdesk général,2021-02-05,12:51:58,00:01:49
stefano.crapanzano@chu.ulg.ac.be,Boîte de réception - erp.sai@chuliege.be - Outlook,Helpdesk général,2021-02-05,13:08:07,00:09:50
stefano.crapanzano@chu.ulg.ac.be,Boîte de réception - erp.sai@chuliege.be - Outlook,Helpdesk général,2021-02-05,13:19:16,00:00:03
stefano.crapanzano@chu.ulg.ac.be,Boîte de réception - erp.sai@chuliege.be - Outlook,Helpdesk général,2021-02-05,13:20:05,00:12:50
stefano.crapanzano@chu.ulg.ac.be,Boîte de réception - erp.sai@chuliege.be - Outlook,Helpdesk général,2021-02-05,13:40:48,00:00:03
stefano.crapanzano@chu.ulg.ac.be,Boîte de réception - erp.sai@chuliege.be - Outlook,Helpdesk général,2021-02-05,13:49:26,00:00:02
stefano.crapanzano@chu.ulg.ac.be,Boîte de réception - erp.sai@chuliege.be - Outlook,Helpdesk général,2021-02-05,13:49:31,00:00:03
stefano.crapanzano@chu.ulg.ac.be,Boîte de réception - erp.sai@chuliege.be - Outlook,Helpdesk général,2021-02-05,13:53:12,00:00:02
stefano.crapanzano@chu.ulg.ac.be,Boîte de réception - erp.sai@chuliege.be - Outlook,Helpdesk général,2021-02-05,14:02:17,00:00:02
stefano.crapanzano@chu.ulg.ac.be,Boîte de réception - erp.sai@chuliege.be - Outlook,Helpdesk général,2021-02-05,16:55:25,00:00:03
stefano.crapanzano@chu.ulg.ac.be,Boîte de réception - erp.sai@chuliege.be - Outlook,Helpdesk général,2021-02-05,16:56:04,00:34:20
stefano.crapanzano@chu.ulg.ac.be,Sent - erp.sai@chuliege.be - Outlook,Helpdesk général,2021-02-05,09:09:07,00:00:03
stefano.crapanzano@chu.ulg.ac.be,Sent - erp.sai@chuliege.be - Outlook,Helpdesk général,2021-02-05,09:22:55,00:00:10
stefano.crapanzano@chu.ulg.ac.be,Sent - erp.sai@chuliege.be - Outlook,Helpdesk général,2021-02-05,09:28:33,00:00:03
stefano.crapanzano@chu.ulg.ac.be,Sent - erp.sai@chuliege.be - Outlook,Helpdesk général,2021-02-05,12:17:50,00:00:03
stefano.crapanzano@chu.ulg.ac.be,Sent - erp.sai@chuliege.be - Outlook,Helpdesk général,2021-02-05,12:51:40,00:00:03
stefano.crapanzano@chu.ulg.ac.be,Sent - erp.sai@chuliege.be - Outlook,Helpdesk général,2021-02-05,13:19:13,00:00:02
stefano.crapanzano@chu.ulg.ac.be,Sent - erp.sai@chuliege.be - Outlook,Helpdesk général,2021-02-05,13:49:28,00:00:02
stefano.crapanzano@chu.ulg.ac.be,Sent - erp.sai@chuliege.be - Outlook,Helpdesk général,2021-02-05,13:57:04,00:00:34
stefano.crapanzano@chu.ulg.ac.be,Sent - erp.sai@chuliege.be - Outlook,Helpdesk général,2021-02-05,13:57:42,00:00:11
stefano.crapanzano@chu.ulg.ac.be,Sent - erp.sai@chuliege.be - Outlook,Helpdesk général,2021-02-05,14:01:43,00:00:02
stefano.crapanzano@chu.ulg.ac.be,Sent - erp.sai@chuliege.be - Outlook,Helpdesk général,2021-02-05,14:01:52,00:00:25
stefano.crapanzano@chu.ulg.ac.be,Gestionnaire des services Internet (IIS),Helpdesk général,2021-02-05,13:40:27,00:00:06
stefano.crapanzano@chu.ulg.ac.be,Netop Invité,Helpdesk général,2021-02-05,09:10:32,00:00:02
stefano.crapanzano@chu.ulg.ac.be,Netop Invité,Helpdesk général,2021-02-05,09:17:07,00:00:03
stefano.crapanzano@chu.ulg.ac.be,Netop Invité,Helpdesk général,2021-02-05,09:17:39,00:00:02
stefano.crapanzano@chu.ulg.ac.be,Netop Invité,Helpdesk général,2021-02-05,12:22:44,00:00:02
stefano.crapanzano@chu.ulg.ac.be,Netop Invité,Helpdesk général,2021-02-05,12:24:45,00:00:08
stefano.crapanzano@chu.ulg.ac.be,Netop Invité,Helpdesk général,2021-02-05,12:25:46,00:01:34
stefano.crapanzano@chu.ulg.ac.be,Netop Invité,Helpdesk général,2021-02-05,12:28:07,00:00:03
stefano.crapanzano@chu.ulg.ac.be,Navigation système de fichier,IT,2021-02-05,09:13:11,00:00:04
stefano.crapanzano@chu.ulg.ac.be,Navigation système de fichier,IT,2021-02-05,09:23:44,00:00:02
stefano.crapanzano@chu.ulg.ac.be,Navigation système de fichier,IT,2021-02-05,09:39:14,00:00:02
stefano.crapanzano@chu.ulg.ac.be,Navigation système de fichier,IT,2021-02-05,10:40:29,00:00:47
stefano.crapanzano@chu.ulg.ac.be,Navigation système de fichier,IT,2021-02-05,11:14:59,00:00:03
stefano.crapanzano@chu.ulg.ac.be,Navigation système de fichier,IT,2021-02-05,11:33:01,00:00:04
stefano.crapanzano@chu.ulg.ac.be,Navigation système de fichier,IT,2021-02-05,11:33:07,00:00:02
stefano.crapanzano@chu.ulg.ac.be,Navigation système de fichier,IT,2021-02-05,11:36:41,00:03:55
stefano.crapanzano@chu.ulg.ac.be,Navigation système de fichier,IT,2021-02-05,11:41:22,00:06:05
stefano.crapanzano@chu.ulg.ac.be,Navigation système de fichier,IT,2021-02-05,12:01:11,00:00:06
stefano.crapanzano@chu.ulg.ac.be,Navigation système de fichier,IT,2021-02-05,12:03:29,00:04:30
stefano.crapanzano@chu.ulg.ac.be,Navigation système de fichier,IT,2021-02-05,12:20:16,00:02:27
stefano.crapanzano@chu.ulg.ac.be,Navigation système de fichier,IT,2021-02-05,12:27:21,00:00:03
stefano.crapanzano@chu.ulg.ac.be,Navigation système de fichier,IT,2021-02-05,12:27:47,00:00:07
stefano.crapanzano@chu.ulg.ac.be,Navigation système de fichier,IT,2021-02-05,12:27:56,00:00:11
stefano.crapanzano@chu.ulg.ac.be,Navigation système de fichier,IT,2021-02-05,12:28:13,00:09:31
stefano.crapanzano@chu.ulg.ac.be,Navigation système de fichier,IT,2021-02-05,12:45:49,00:01:23
stefano.crapanzano@chu.ulg.ac.be,Navigation système de fichier,IT,2021-02-05,13:18:48,00:00:02
stefano.crapanzano@chu.ulg.ac.be,Navigation système de fichier,IT,2021-02-05,13:19:05,00:00:04
stefano.crapanzano@chu.ulg.ac.be,Navigation système de fichier,IT,2021-02-05,13:19:19,00:00:02
stefano.crapanzano@chu.ulg.ac.be,Navigation système de fichier,IT,2021-02-05,13:19:31,00:00:14
stefano.crapanzano@chu.ulg.ac.be,Navigation système de fichier,IT,2021-02-05,13:19:49,00:00:02
stefano.crapanzano@chu.ulg.ac.be,Navigation système de fichier,IT,2021-02-05,13:44:47,00:00:02
stefano.crapanzano@chu.ulg.ac.be,Navigation système de fichier,IT,2021-02-05,13:46:22,00:00:02
stefano.crapanzano@chu.ulg.ac.be,Navigation système de fichier,IT,2021-02-05,13:46:51,00:00:03
stefano.crapanzano@chu.ulg.ac.be,Navigation système de fichier,IT,2021-02-05,13:48:31,00:00:03
stefano.crapanzano@chu.ulg.ac.be,Navigation système de fichier,IT,2021-02-05,13:49:20,00:00:03
stefano.crapanzano@chu.ulg.ac.be,Navigation système de fichier,IT,2021-02-05,13:51:40,00:00:05
stefano.crapanzano@chu.ulg.ac.be,Navigation système de fichier,IT,2021-02-05,13:58:33,00:00:06
stefano.crapanzano@chu.ulg.ac.be,Navigation système de fichier,IT,2021-02-05,13:58:59,00:00:02
stefano.crapanzano@chu.ulg.ac.be,Navigation système de fichier,IT,2021-02-05,14:02:20,00:00:03
stefano.crapanzano@chu.ulg.ac.be,Navigation système de fichier,IT,2021-02-05,14:20:09,00:00:08
stefano.crapanzano@chu.ulg.ac.be,Navigation système de fichier,IT,2021-02-05,14:24:02,00:00:02
stefano.crapanzano@chu.ulg.ac.be,Navigation système de fichier,IT,2021-02-05,14:31:20,00:00:03
stefano.crapanzano@chu.ulg.ac.be,Navigation système de fichier,IT,2021-02-05,14:33:52,00:00:04
stefano.crapanzano@chu.ulg.ac.be,Navigation système de fichier,IT,2021-02-05,14:34:44,00:00:04
stefano.crapanzano@chu.ulg.ac.be,Navigation système de fichier,IT,2021-02-05,15:09:22,00:00:07
stefano.crapanzano@chu.ulg.ac.be,Navigation système de fichier,IT,2021-02-05,15:09:32,00:00:02
stefano.crapanzano@chu.ulg.ac.be,Navigation système de fichier,IT,2021-02-05,16:15:30,00:00:02
stefano.crapanzano@chu.ulg.ac.be,Navigation système de fichier,IT,2021-02-05,16:54:09,00:00:02
stefano.crapanzano@chu.ulg.ac.be,Programmation,IT,2021-02-05,09:13:16,00:00:07
stefano.crapanzano@chu.ulg.ac.be,Programmation,IT,2021-02-05,09:15:21,00:01:45
stefano.crapanzano@chu.ulg.ac.be,Programmation,IT,2021-02-05,09:17:41,00:02:15
stefano.crapanzano@chu.ulg.ac.be,Programmation,IT,2021-02-05,09:20:09,00:00:05
stefano.crapanzano@chu.ulg.ac.be,Programmation,IT,2021-02-05,09:20:50,00:00:22
stefano.crapanzano@chu.ulg.ac.be,Programmation,IT,2021-02-05,09:31:08,00:02:49
stefano.crapanzano@chu.ulg.ac.be,Programmation,IT,2021-02-05,09:34:36,00:02:12
stefano.crapanzano@chu.ulg.ac.be,Programmation,IT,2021-02-05,09:40:53,00:59:36
stefano.crapanzano@chu.ulg.ac.be,Programmation,IT,2021-02-05,11:14:57,00:00:02
stefano.crapanzano@chu.ulg.ac.be,Programmation,IT,2021-02-05,12:01:18,00:02:05
stefano.crapanzano@chu.ulg.ac.be,Programmation,IT,2021-02-05,12:45:19,00:00:30
stefano.crapanzano@chu.ulg.ac.be,Programmation,IT,2021-02-05,12:47:13,00:04:14
stefano.crapanzano@chu.ulg.ac.be,Programmation,IT,2021-02-05,13:57:39,00:00:02
stefano.crapanzano@chu.ulg.ac.be,Programmation,IT,2021-02-05,13:57:53,00:00:39
stefano.crapanzano@chu.ulg.ac.be,Programmation,IT,2021-02-05,14:00:01,00:01:41
stefano.crapanzano@chu.ulg.ac.be,Programmation,IT,2021-02-05,14:02:33,00:06:06
stefano.crapanzano@chu.ulg.ac.be,Programmation,IT,2021-02-05,14:09:11,00:00:24
stefano.crapanzano@chu.ulg.ac.be,Programmation,IT,2021-02-05,14:10:16,00:01:37
stefano.crapanzano@chu.ulg.ac.be,Programmation,IT,2021-02-05,14:11:54,00:00:56
stefano.crapanzano@chu.ulg.ac.be,Programmation,IT,2021-02-05,14:12:52,00:03:14
stefano.crapanzano@chu.ulg.ac.be,Programmation,IT,2021-02-05,14:17:08,00:00:03
stefano.crapanzano@chu.ulg.ac.be,Programmation,IT,2021-02-05,14:17:21,00:01:24
stefano.crapanzano@chu.ulg.ac.be,Programmation,IT,2021-02-05,14:18:51,00:00:50
stefano.crapanzano@chu.ulg.ac.be,Programmation,IT,2021-02-05,14:20:18,00:00:08
stefano.crapanzano@chu.ulg.ac.be,Programmation,IT,2021-02-05,14:21:02,00:00:34
stefano.crapanzano@chu.ulg.ac.be,Programmation,IT,2021-02-05,14:22:55,00:01:07
stefano.crapanzano@chu.ulg.ac.be,Programmation,IT,2021-02-05,14:24:39,00:00:37
stefano.crapanzano@chu.ulg.ac.be,Programmation,IT,2021-02-05,14:25:40,00:00:02
stefano.crapanzano@chu.ulg.ac.be,Programmation,IT,2021-02-05,14:25:58,00:03:25
stefano.crapanzano@chu.ulg.ac.be,Programmation,IT,2021-02-05,14:29:29,00:00:12
stefano.crapanzano@chu.ulg.ac.be,Programmation,IT,2021-02-05,14:30:51,00:00:22
stefano.crapanzano@chu.ulg.ac.be,Programmation,IT,2021-02-05,14:31:24,00:00:11
stefano.crapanzano@chu.ulg.ac.be,Programmation,IT,2021-02-05,14:31:43,00:00:08
stefano.crapanzano@chu.ulg.ac.be,Programmation,IT,2021-02-05,14:32:06,00:01:32
stefano.crapanzano@chu.ulg.ac.be,Programmation,IT,2021-02-05,14:34:18,00:00:22
stefano.crapanzano@chu.ulg.ac.be,Programmation,IT,2021-02-05,14:34:57,00:00:18
stefano.crapanzano@chu.ulg.ac.be,Programmation,IT,2021-02-05,14:36:34,00:00:25
stefano.crapanzano@chu.ulg.ac.be,Programmation,IT,2021-02-05,14:37:13,00:00:12
stefano.crapanzano@chu.ulg.ac.be,Programmation,IT,2021-02-05,14:37:35,00:00:45
stefano.crapanzano@chu.ulg.ac.be,Programmation,IT,2021-02-05,14:39:09,00:00:38
stefano.crapanzano@chu.ulg.ac.be,Programmation,IT,2021-02-05,14:40:03,00:00:27
stefano.crapanzano@chu.ulg.ac.be,Programmation,IT,2021-02-05,14:41:04,00:00:03
stefano.crapanzano@chu.ulg.ac.be,Programmation,IT,2021-02-05,14:41:25,00:00:11
stefano.crapanzano@chu.ulg.ac.be,Programmation,IT,2021-02-05,14:41:49,00:01:07
stefano.crapanzano@chu.ulg.ac.be,Programmation,IT,2021-02-05,14:44:11,00:02:21
stefano.crapanzano@chu.ulg.ac.be,Programmation,IT,2021-02-05,14:47:19,00:00:37
stefano.crapanzano@chu.ulg.ac.be,Programmation,IT,2021-02-05,14:48:16,00:00:40
stefano.crapanzano@chu.ulg.ac.be,Programmation,IT,2021-02-05,14:49:09,00:00:31
stefano.crapanzano@chu.ulg.ac.be,Programmation,IT,2021-02-05,14:49:51,00:00:12
stefano.crapanzano@chu.ulg.ac.be,Programmation,IT,2021-02-05,14:50:21,00:00:03
stefano.crapanzano@chu.ulg.ac.be,Programmation,IT,2021-02-05,14:50:56,00:00:17
stefano.crapanzano@chu.ulg.ac.be,Programmation,IT,2021-02-05,14:51:47,00:00:25
stefano.crapanzano@chu.ulg.ac.be,Programmation,IT,2021-02-05,14:52:49,00:02:14
stefano.crapanzano@chu.ulg.ac.be,Programmation,IT,2021-02-05,14:55:16,00:00:18
stefano.crapanzano@chu.ulg.ac.be,Programmation,IT,2021-02-05,14:56:09,00:00:46
stefano.crapanzano@chu.ulg.ac.be,Programmation,IT,2021-02-05,14:57:07,00:00:14
stefano.crapanzano@chu.ulg.ac.be,Programmation,IT,2021-02-05,14:57:40,00:00:20
stefano.crapanzano@chu.ulg.ac.be,Programmation,IT,2021-02-05,14:58:15,00:01:06
stefano.crapanzano@chu.ulg.ac.be,Programmation,IT,2021-02-05,14:59:37,00:00:18
stefano.crapanzano@chu.ulg.ac.be,Programmation,IT,2021-02-05,15:00:11,00:00:18
stefano.crapanzano@chu.ulg.ac.be,Programmation,IT,2021-02-05,15:01:05,00:00:03
stefano.crapanzano@chu.ulg.ac.be,Programmation,IT,2021-02-05,15:01:54,00:05:01
stefano.crapanzano@chu.ulg.ac.be,Programmation,IT,2021-02-05,15:07:27,00:01:16
stefano.crapanzano@chu.ulg.ac.be,Programmation,IT,2021-02-05,15:09:34,00:00:07
stefano.crapanzano@chu.ulg.ac.be,Programmation,IT,2021-02-05,15:10:33,00:00:02
stefano.crapanzano@chu.ulg.ac.be,Programmation,IT,2021-02-05,15:10:48,00:01:51
stefano.crapanzano@chu.ulg.ac.be,Programmation,IT,2021-02-05,15:12:44,00:05:14
stefano.crapanzano@chu.ulg.ac.be,Programmation,IT,2021-02-05,15:18:39,00:00:49
stefano.crapanzano@chu.ulg.ac.be,Programmation,IT,2021-02-05,15:20:05,00:00:49
stefano.crapanzano@chu.ulg.ac.be,Programmation,IT,2021-02-05,15:20:57,00:00:03
stefano.crapanzano@chu.ulg.ac.be,Programmation,IT,2021-02-05,15:21:23,00:00:16
stefano.crapanzano@chu.ulg.ac.be,Programmation,IT,2021-02-05,15:21:51,00:00:03
stefano.crapanzano@chu.ulg.ac.be,Programmation,IT,2021-02-05,15:22:04,00:00:06
stefano.crapanzano@chu.ulg.ac.be,Programmation,IT,2021-02-05,15:22:34,00:00:13
stefano.crapanzano@chu.ulg.ac.be,Programmation,IT,2021-02-05,15:22:59,00:00:34
stefano.crapanzano@chu.ulg.ac.be,Programmation,IT,2021-02-05,15:23:46,00:00:04
stefano.crapanzano@chu.ulg.ac.be,Programmation,IT,2021-02-05,15:24:00,00:00:19
stefano.crapanzano@chu.ulg.ac.be,Programmation,IT,2021-02-05,15:24:59,00:00:05
stefano.crapanzano@chu.ulg.ac.be,Programmation,IT,2021-02-05,15:25:21,00:00:05
stefano.crapanzano@chu.ulg.ac.be,Programmation,IT,2021-02-05,15:25:45,00:00:11
stefano.crapanzano@chu.ulg.ac.be,Programmation,IT,2021-02-05,15:26:40,00:00:14
stefano.crapanzano@chu.ulg.ac.be,Programmation,IT,2021-02-05,15:27:06,00:01:35
stefano.crapanzano@chu.ulg.ac.be,Programmation,IT,2021-02-05,15:28:49,00:00:05
stefano.crapanzano@chu.ulg.ac.be,Programmation,IT,2021-02-05,15:29:01,00:00:11
stefano.crapanzano@chu.ulg.ac.be,Programmation,IT,2021-02-05,15:29:18,00:00:15
stefano.crapanzano@chu.ulg.ac.be,Programmation,IT,2021-02-05,15:29:39,00:00:06
stefano.crapanzano@chu.ulg.ac.be,Programmation,IT,2021-02-05,15:30:26,00:02:26
stefano.crapanzano@chu.ulg.ac.be,Programmation,IT,2021-02-05,15:32:55,00:04:34
stefano.crapanzano@chu.ulg.ac.be,Programmation,IT,2021-02-05,15:37:41,00:00:24
stefano.crapanzano@chu.ulg.ac.be,Programmation,IT,2021-02-05,15:38:14,00:00:21
stefano.crapanzano@chu.ulg.ac.be,Programmation,IT,2021-02-05,15:38:46,00:00:46
stefano.crapanzano@chu.ulg.ac.be,Programmation,IT,2021-02-05,15:40:49,00:00:45
stefano.crapanzano@chu.ulg.ac.be,Programmation,IT,2021-02-05,15:42:09,00:00:10
stefano.crapanzano@chu.ulg.ac.be,Programmation,IT,2021-02-05,15:43:32,00:03:11
stefano.crapanzano@chu.ulg.ac.be,Programmation,IT,2021-02-05,15:47:22,00:04:40
stefano.crapanzano@chu.ulg.ac.be,Programmation,IT,2021-02-05,15:53:02,00:01:39
stefano.crapanzano@chu.ulg.ac.be,Programmation,IT,2021-02-05,15:54:44,00:01:29
stefano.crapanzano@chu.ulg.ac.be,Programmation,IT,2021-02-05,15:56:49,00:01:51
stefano.crapanzano@chu.ulg.ac.be,Programmation,IT,2021-02-05,15:58:58,00:00:10
stefano.crapanzano@chu.ulg.ac.be,Programmation,IT,2021-02-05,15:59:27,00:00:07
stefano.crapanzano@chu.ulg.ac.be,Programmation,IT,2021-02-05,16:01:18,00:01:21
stefano.crapanzano@chu.ulg.ac.be,Programmation,IT,2021-02-05,16:02:54,00:00:27
stefano.crapanzano@chu.ulg.ac.be,Programmation,IT,2021-02-05,16:03:30,00:00:44
stefano.crapanzano@chu.ulg.ac.be,Programmation,IT,2021-02-05,16:04:17,00:00:30
stefano.crapanzano@chu.ulg.ac.be,Programmation,IT,2021-02-05,16:04:59,00:00:07
stefano.crapanzano@chu.ulg.ac.be,Programmation,IT,2021-02-05,16:05:22,00:00:23
stefano.crapanzano@chu.ulg.ac.be,Programmation,IT,2021-02-05,16:06:12,00:00:37
stefano.crapanzano@chu.ulg.ac.be,Programmation,IT,2021-02-05,16:07:01,00:00:08
stefano.crapanzano@chu.ulg.ac.be,Programmation,IT,2021-02-05,16:07:19,00:00:10
stefano.crapanzano@chu.ulg.ac.be,Programmation,IT,2021-02-05,16:07:50,00:00:18
stefano.crapanzano@chu.ulg.ac.be,Programmation,IT,2021-02-05,16:08:25,00:00:16
stefano.crapanzano@chu.ulg.ac.be,Programmation,IT,2021-02-05,16:08:55,00:01:53
stefano.crapanzano@chu.ulg.ac.be,Programmation,IT,2021-02-05,16:11:18,00:01:22
stefano.crapanzano@chu.ulg.ac.be,Programmation,IT,2021-02-05,16:12:43,00:00:13
stefano.crapanzano@chu.ulg.ac.be,Programmation,IT,2021-02-05,16:13:04,00:00:05
stefano.crapanzano@chu.ulg.ac.be,Programmation,IT,2021-02-05,16:13:34,00:00:47
stefano.crapanzano@chu.ulg.ac.be,Programmation,IT,2021-02-05,16:15:57,00:00:35
stefano.crapanzano@chu.ulg.ac.be,Programmation,IT,2021-02-05,16:17:28,00:00:18
stefano.crapanzano@chu.ulg.ac.be,Programmation,IT,2021-02-05,16:17:54,00:00:16
stefano.crapanzano@chu.ulg.ac.be,Programmation,IT,2021-02-05,16:18:14,00:00:06
stefano.crapanzano@chu.ulg.ac.be,Programmation,IT,2021-02-05,16:18:30,00:01:02
stefano.crapanzano@chu.ulg.ac.be,Programmation,IT,2021-02-05,16:20:26,00:01:05
stefano.crapanzano@chu.ulg.ac.be,Programmation,IT,2021-02-05,16:21:41,00:00:21
stefano.crapanzano@chu.ulg.ac.be,Programmation,IT,2021-02-05,16:22:34,00:00:24
stefano.crapanzano@chu.ulg.ac.be,Programmation,IT,2021-02-05,16:23:08,00:00:21
stefano.crapanzano@chu.ulg.ac.be,Programmation,IT,2021-02-05,16:23:56,00:00:38
stefano.crapanzano@chu.ulg.ac.be,Programmation,IT,2021-02-05,16:24:55,00:00:36
stefano.crapanzano@chu.ulg.ac.be,Programmation,IT,2021-02-05,16:26:12,00:00:38
stefano.crapanzano@chu.ulg.ac.be,Programmation,IT,2021-02-05,16:26:59,00:01:54
stefano.crapanzano@chu.ulg.ac.be,Programmation,IT,2021-02-05,16:29:36,00:00:32
stefano.crapanzano@chu.ulg.ac.be,Programmation,IT,2021-02-05,16:30:24,00:01:14
stefano.crapanzano@chu.ulg.ac.be,Programmation,IT,2021-02-05,16:31:44,00:01:21
stefano.crapanzano@chu.ulg.ac.be,Programmation,IT,2021-02-05,16:33:10,00:00:30
stefano.crapanzano@chu.ulg.ac.be,Programmation,IT,2021-02-05,16:33:45,00:00:03
stefano.crapanzano@chu.ulg.ac.be,Programmation,IT,2021-02-05,16:34:28,00:00:07
stefano.crapanzano@chu.ulg.ac.be,Programmation,IT,2021-02-05,16:34:43,00:00:32
stefano.crapanzano@chu.ulg.ac.be,Programmation,IT,2021-02-05,16:35:16,00:00:04
stefano.crapanzano@chu.ulg.ac.be,Programmation,IT,2021-02-05,16:35:31,00:00:04
stefano.crapanzano@chu.ulg.ac.be,Programmation,IT,2021-02-05,16:38:29,00:01:11
stefano.crapanzano@chu.ulg.ac.be,Programmation,IT,2021-02-05,16:39:48,00:00:23
stefano.crapanzano@chu.ulg.ac.be,Programmation,IT,2021-02-05,16:41:23,00:01:18
stefano.crapanzano@chu.ulg.ac.be,Programmation,IT,2021-02-05,16:42:55,00:01:35
stefano.crapanzano@chu.ulg.ac.be,Programmation,IT,2021-02-05,16:45:04,00:00:03
stefano.crapanzano@chu.ulg.ac.be,Programmation,IT,2021-02-05,16:45:53,00:00:29
stefano.crapanzano@chu.ulg.ac.be,Programmation,IT,2021-02-05,16:46:47,00:00:37
stefano.crapanzano@chu.ulg.ac.be,Programmation,IT,2021-02-05,16:47:53,00:00:03
stefano.crapanzano@chu.ulg.ac.be,Programmation,IT,2021-02-05,16:48:04,00:01:34
stefano.crapanzano@chu.ulg.ac.be,Programmation,IT,2021-02-05,16:50:04,00:00:47
stefano.crapanzano@chu.ulg.ac.be,Programmation,IT,2021-02-05,16:52:56,00:01:12
stefano.crapanzano@chu.ulg.ac.be,Programmation,IT,2021-02-05,16:55:59,00:00:04
stefano.crapanzano@chu.ulg.ac.be,Connexion à l'aide de l'authentification Windows,Helpdesk général,2021-02-05,09:17:10,00:00:02
stefano.crapanzano@chu.ulg.ac.be,erpftp - Netop Remote Control,Helpdesk général,2021-02-05,09:17:14,00:00:25
stefano.crapanzano@chu.ulg.ac.be,Lecture documentation,Tâches diverses,2021-02-05,09:19:57,00:00:12
stefano.crapanzano@chu.ulg.ac.be,Lecture documentation,Tâches diverses,2021-02-05,09:20:14,00:00:35
stefano.crapanzano@chu.ulg.ac.be,Lecture documentation,Tâches diverses,2021-02-05,09:21:12,00:00:07
stefano.crapanzano@chu.ulg.ac.be,Lecture documentation,Tâches diverses,2021-02-05,09:21:31,00:00:03
stefano.crapanzano@chu.ulg.ac.be,Lecture documentation,Tâches diverses,2021-02-05,09:30:13,00:00:55
stefano.crapanzano@chu.ulg.ac.be,Lecture documentation,Tâches diverses,2021-02-05,09:36:48,00:00:38
stefano.crapanzano@chu.ulg.ac.be,Lecture documentation,Tâches diverses,2021-02-05,09:37:45,00:01:25
stefano.crapanzano@chu.ulg.ac.be,Lecture documentation,Tâches diverses,2021-02-05,09:39:16,00:01:36
stefano.crapanzano@chu.ulg.ac.be,Lecture documentation,Tâches diverses,2021-02-05,11:09:53,00:00:03
stefano.crapanzano@chu.ulg.ac.be,Lecture documentation,Tâches diverses,2021-02-05,12:56:24,00:00:06
stefano.crapanzano@chu.ulg.ac.be,Lecture documentation,Tâches diverses,2021-02-05,12:56:36,00:09:38
stefano.crapanzano@chu.ulg.ac.be,Lecture documentation,Tâches diverses,2021-02-05,13:06:27,00:01:38
stefano.crapanzano@chu.ulg.ac.be,Lecture documentation,Tâches diverses,2021-02-05,13:17:58,00:00:23
stefano.crapanzano@chu.ulg.ac.be,Lecture documentation,Tâches diverses,2021-02-05,13:41:44,00:00:30
stefano.crapanzano@chu.ulg.ac.be,Lecture documentation,Tâches diverses,2021-02-05,14:02:24,00:00:08
stefano.crapanzano@chu.ulg.ac.be,Lecture documentation,Tâches diverses,2021-02-05,14:09:35,00:00:39
stefano.crapanzano@chu.ulg.ac.be,Lecture documentation,Tâches diverses,2021-02-05,14:16:07,00:01:00
stefano.crapanzano@chu.ulg.ac.be,Lecture documentation,Tâches diverses,2021-02-05,14:17:11,00:00:08
stefano.crapanzano@chu.ulg.ac.be,Lecture documentation,Tâches diverses,2021-02-05,14:20:27,00:00:35
stefano.crapanzano@chu.ulg.ac.be,Lecture documentation,Tâches diverses,2021-02-05,14:24:35,00:00:03
stefano.crapanzano@chu.ulg.ac.be,Lecture documentation,Tâches diverses,2021-02-05,14:25:18,00:00:20
stefano.crapanzano@chu.ulg.ac.be,Lecture documentation,Tâches diverses,2021-02-05,14:25:43,00:00:13
stefano.crapanzano@chu.ulg.ac.be,Lecture documentation,Tâches diverses,2021-02-05,14:31:52,00:00:13
stefano.crapanzano@chu.ulg.ac.be,Lecture documentation,Tâches diverses,2021-02-05,15:54:41,00:00:02
stefano.crapanzano@chu.ulg.ac.be,Lecture documentation,Tâches diverses,2021-02-05,16:15:32,00:00:02
stefano.crapanzano@chu.ulg.ac.be,C:\Users\c158492\AppData\Local\Temp\202011.sdf - Notepad++ [Administrator],IT,2021-02-05,09:21:19,00:00:10
stefano.crapanzano@chu.ulg.ac.be,*C:\inetpub\wwwroot\intrastat\project\project\settings\environment.py - Notepad++ [Administrator],IT,2021-02-05,09:21:35,00:00:02
stefano.crapanzano@chu.ulg.ac.be,Save,IT,2021-02-05,09:22:08,00:00:02
stefano.crapanzano@chu.ulg.ac.be,C:\inetpub\wwwroot\intrastat\project\project\settings\prod.py - Notepad++ [Administrator],IT,2021-02-05,09:21:38,00:00:02
stefano.crapanzano@chu.ulg.ac.be,C:\inetpub\wwwroot\intrastat\project\manage.py - Notepad++ [Administrator],IT,2021-02-05,09:21:41,00:00:03
stefano.crapanzano@chu.ulg.ac.be,*new 5 - Notepad++ [Administrator],IT,2021-02-05,09:21:44,00:00:03
stefano.crapanzano@chu.ulg.ac.be,*new 4 - Notepad++ [Administrator],IT,2021-02-05,09:21:50,00:00:02
stefano.crapanzano@chu.ulg.ac.be,*new 3 - Notepad++ [Administrator],IT,2021-02-05,09:21:54,00:00:07
stefano.crapanzano@chu.ulg.ac.be,*new 2 - Notepad++ [Administrator],IT,2021-02-05,09:22:04,00:00:02
stefano.crapanzano@chu.ulg.ac.be,*C:\Users\c158492\ProjetBoulot\PYTHON\service_achat\project\202011_sdf_original_complet.txt - Notepad++ [Administrator],IT,2021-02-05,09:22:06,00:00:02
stefano.crapanzano@chu.ulg.ac.be,new 2 - Notepad++ [Administrator],IT,2021-02-05,09:22:14,00:00:02
stefano.crapanzano@chu.ulg.ac.be,127.0.0.1:8000 - Google Chrome,Tâches diverses,2021-02-05,09:23:50,00:00:03
stefano.crapanzano@chu.ulg.ac.be,python - Error occured while reading WSGI handler. ModuleNotFoundError' while hosting DJango on IIS. Can't find settings - Stack Overflow - Google Chrome,Tâches diverses,2021-02-05,09:23:54,00:02:15
stefano.crapanzano@chu.ulg.ac.be,Why does Python raise ModuleNotFoundError when modifying Django's INSTALLED_APPS? - Adam Johnson - Google Chrome,Tâches diverses,2021-02-05,09:26:09,00:00:04
stefano.crapanzano@chu.ulg.ac.be,Why does Python raise ModuleNotFoundError when modifying Django's INSTALLED_APPS? - Adam Johnson - Google Chrome,Tâches diverses,2021-02-05,09:26:20,00:00:02
stefano.crapanzano@chu.ulg.ac.be,Why does Python raise ModuleNotFoundError when modifying Django's INSTALLED_APPS? - Adam Johnson - Google Chrome,Tâches diverses,2021-02-05,09:27:06,00:00:02
stefano.crapanzano@chu.ulg.ac.be,python - Error running WSGI application   ModuleNotFoundError: No module named 'mysite' - Stack Overflow - Google Chrome,Tâches diverses,2021-02-05,09:26:14,00:00:02
stefano.crapanzano@chu.ulg.ac.be,Comment déployer avec WSGI | Documentation de Django | Django - Google Chrome,Tâches diverses,2021-02-05,09:26:18,00:00:02
stefano.crapanzano@chu.ulg.ac.be,python - How do I do a not equal in Django queryset filtering? - Stack Overflow - Google Chrome,Tâches diverses,2021-02-05,09:26:22,00:00:03
stefano.crapanzano@chu.ulg.ac.be,Select code to change | Django site admin - Google Chrome,Tâches diverses,2021-02-05,09:26:27,00:00:02
stefano.crapanzano@chu.ulg.ac.be,Nomenclatures | nbb.be - Google Chrome,Tâches diverses,2021-02-05,09:26:30,00:00:02
stefano.crapanzano@chu.ulg.ac.be,get_or_create - django - Python documentation - Kite - Google Chrome,Tâches diverses,2021-02-05,09:26:32,00:00:08
stefano.crapanzano@chu.ulg.ac.be,Deploy Django on IIS. I needed to combine advice from quite a… | by Jonny Fuller | Medium - Google Chrome,Tâches diverses,2021-02-05,09:29:53,00:00:02
stefano.crapanzano@chu.ulg.ac.be,(2) Deploy Django on Windows using Microsoft IIS - YouTube - Google Chrome,Tâches diverses,2021-02-05,09:26:42,00:00:02
stefano.crapanzano@chu.ulg.ac.be,(2) Deploy Django on Windows using Microsoft IIS - YouTube - Google Chrome,Tâches diverses,2021-02-05,09:29:56,00:00:03
stefano.crapanzano@chu.ulg.ac.be,webproject/web.config at master · Johnnyboycurtis/webproject - Google Chrome,Tâches diverses,2021-02-05,09:26:44,00:00:03
stefano.crapanzano@chu.ulg.ac.be,doolieSoft/intrastat - Google Chrome,Tâches diverses,2021-02-05,09:26:48,00:00:02
stefano.crapanzano@chu.ulg.ac.be,doolieSoft/intrastat - Google Chrome,Tâches diverses,2021-02-05,09:28:02,00:00:06
stefano.crapanzano@chu.ulg.ac.be,doolieSoft/intrastat - Google Chrome,Tâches diverses,2021-02-05,09:29:59,00:00:02
stefano.crapanzano@chu.ulg.ac.be,doolieSoft/intrastat - Google Chrome,Tâches diverses,2021-02-05,09:30:03,00:00:07
stefano.crapanzano@chu.ulg.ac.be,P203 CHU Imprimante TSC_HUB ne fonctionne plus après changement d'IP - Bienvenue! Vous pouvez poser une demande de Service Desk ERP for HealthCare parmi les options fournies. - Service d'assistance - Google Chrome,Tâches diverses,2021-02-05,09:26:50,00:00:03
stefano.crapanzano@chu.ulg.ac.be,Install IIS on Windows 7 - CodeProject - Google Chrome,Tâches diverses,2021-02-05,09:26:54,00:00:07
stefano.crapanzano@chu.ulg.ac.be,Enable FastCGI Support in IIS 7 on Windows | Microsoft Docs - Google Chrome,Tâches diverses,2021-02-05,09:27:03,00:00:02
stefano.crapanzano@chu.ulg.ac.be,string formatting - Python __repr__ for all member variables - Stack Overflow - Google Chrome,Tâches diverses,2021-02-05,09:27:09,00:00:03
stefano.crapanzano@chu.ulg.ac.be,SAM - DB - Google Chrome,Tâches diverses,2021-02-05,09:27:17,00:00:38
stefano.crapanzano@chu.ulg.ac.be,SAM - DB - Google Chrome,Tâches diverses,2021-02-05,13:50:27,00:00:58
stefano.crapanzano@chu.ulg.ac.be,SAM - DB - Google Chrome,Tâches diverses,2021-02-05,13:51:27,00:00:13
stefano.crapanzano@chu.ulg.ac.be,SAM - DB - Google Chrome,Tâches diverses,2021-02-05,13:53:57,00:00:09
stefano.crapanzano@chu.ulg.ac.be,SAM - DB - Google Chrome,Tâches diverses,2021-02-05,13:59:01,00:00:02
stefano.crapanzano@chu.ulg.ac.be,SAM - DB - Google Chrome,Tâches diverses,2021-02-05,13:59:10,00:00:04
stefano.crapanzano@chu.ulg.ac.be,SAM - DB - Google Chrome,Tâches diverses,2021-02-05,13:59:45,00:00:16
stefano.crapanzano@chu.ulg.ac.be,SAM - DB - Google Chrome,Tâches diverses,2021-02-05,14:18:45,00:00:05
stefano.crapanzano@chu.ulg.ac.be,Fix: Unexpected token o in JSON. - Google Chrome,Tâches diverses,2021-02-05,09:27:56,00:00:04
stefano.crapanzano@chu.ulg.ac.be,Fix: Unexpected token o in JSON. - Google Chrome,Tâches diverses,2021-02-05,09:28:11,00:00:02
stefano.crapanzano@chu.ulg.ac.be,python - Text Progress Bar in the Console - Stack Overflow - Google Chrome,Tâches diverses,2021-02-05,09:29:45,00:00:02
stefano.crapanzano@chu.ulg.ac.be,Intrastat - Google Chrome,Tâches diverses,2021-02-05,09:28:19,00:00:08
stefano.crapanzano@chu.ulg.ac.be,Intrastat - Google Chrome,Tâches diverses,2021-02-05,09:29:39,00:00:04
stefano.crapanzano@chu.ulg.ac.be,Intrastat - Google Chrome,Tâches diverses,2021-02-05,14:19:46,00:00:23
stefano.crapanzano@chu.ulg.ac.be,Intrastat - Google Chrome,Tâches diverses,2021-02-05,14:24:04,00:00:19
stefano.crapanzano@chu.ulg.ac.be,Intrastat - Google Chrome,Tâches diverses,2021-02-05,14:29:42,00:01:09
stefano.crapanzano@chu.ulg.ac.be,Intrastat - Google Chrome,Tâches diverses,2021-02-05,14:31:13,00:00:05
stefano.crapanzano@chu.ulg.ac.be,Intrastat - Google Chrome,Tâches diverses,2021-02-05,14:31:35,00:00:07
stefano.crapanzano@chu.ulg.ac.be,Intrastat - Google Chrome,Tâches diverses,2021-02-05,14:33:40,00:00:09
stefano.crapanzano@chu.ulg.ac.be,Intrastat - Google Chrome,Tâches diverses,2021-02-05,14:33:56,00:00:06
stefano.crapanzano@chu.ulg.ac.be,Intrastat - Google Chrome,Tâches diverses,2021-02-05,14:34:07,00:00:03
stefano.crapanzano@chu.ulg.ac.be,Intrastat - Google Chrome,Tâches diverses,2021-02-05,14:34:50,00:00:05
stefano.crapanzano@chu.ulg.ac.be,Intrastat - Google Chrome,Tâches diverses,2021-02-05,14:37:00,00:00:11
stefano.crapanzano@chu.ulg.ac.be,Intrastat - Google Chrome,Tâches diverses,2021-02-05,14:37:25,00:00:08
stefano.crapanzano@chu.ulg.ac.be,Intrastat - Google Chrome,Tâches diverses,2021-02-05,14:38:20,00:00:25
stefano.crapanzano@chu.ulg.ac.be,Intrastat - Google Chrome,Tâches diverses,2021-02-05,14:38:59,00:00:09
stefano.crapanzano@chu.ulg.ac.be,Intrastat - Google Chrome,Tâches diverses,2021-02-05,14:39:49,00:00:14
stefano.crapanzano@chu.ulg.ac.be,Intrastat - Google Chrome,Tâches diverses,2021-02-05,14:40:30,00:00:32
stefano.crapanzano@chu.ulg.ac.be,Intrastat - Google Chrome,Tâches diverses,2021-02-05,14:41:07,00:00:17
stefano.crapanzano@chu.ulg.ac.be,Intrastat - Google Chrome,Tâches diverses,2021-02-05,14:41:36,00:00:12
stefano.crapanzano@chu.ulg.ac.be,Intrastat - Google Chrome,Tâches diverses,2021-02-05,14:42:57,00:00:02
stefano.crapanzano@chu.ulg.ac.be,Intrastat - Google Chrome,Tâches diverses,2021-02-05,14:43:00,00:00:05
stefano.crapanzano@chu.ulg.ac.be,Intrastat - Google Chrome,Tâches diverses,2021-02-05,14:43:49,00:00:09
stefano.crapanzano@chu.ulg.ac.be,Intrastat - Google Chrome,Tâches diverses,2021-02-05,14:46:33,00:00:32
stefano.crapanzano@chu.ulg.ac.be,Intrastat - Google Chrome,Tâches diverses,2021-02-05,14:48:08,00:00:08
stefano.crapanzano@chu.ulg.ac.be,Intrastat - Google Chrome,Tâches diverses,2021-02-05,14:48:58,00:00:10
stefano.crapanzano@chu.ulg.ac.be,Intrastat - Google Chrome,Tâches diverses,2021-02-05,14:49:41,00:00:03
stefano.crapanzano@chu.ulg.ac.be,Intrastat - Google Chrome,Tâches diverses,2021-02-05,14:49:45,00:00:05
stefano.crapanzano@chu.ulg.ac.be,Intrastat - Google Chrome,Tâches diverses,2021-02-05,14:50:09,00:00:11
stefano.crapanzano@chu.ulg.ac.be,Intrastat - Google Chrome,Tâches diverses,2021-02-05,14:50:25,00:00:04
stefano.crapanzano@chu.ulg.ac.be,Intrastat - Google Chrome,Tâches diverses,2021-02-05,14:50:34,00:00:21
stefano.crapanzano@chu.ulg.ac.be,Intrastat - Google Chrome,Tâches diverses,2021-02-05,14:51:13,00:00:33
stefano.crapanzano@chu.ulg.ac.be,Intrastat - Google Chrome,Tâches diverses,2021-02-05,14:52:12,00:00:13
stefano.crapanzano@chu.ulg.ac.be,Intrastat - Google Chrome,Tâches diverses,2021-02-05,14:55:04,00:00:11
stefano.crapanzano@chu.ulg.ac.be,Intrastat - Google Chrome,Tâches diverses,2021-02-05,14:55:34,00:00:34
stefano.crapanzano@chu.ulg.ac.be,Intrastat - Google Chrome,Tâches diverses,2021-02-05,14:56:55,00:00:11
stefano.crapanzano@chu.ulg.ac.be,Intrastat - Google Chrome,Tâches diverses,2021-02-05,14:57:22,00:00:02
stefano.crapanzano@chu.ulg.ac.be,Intrastat - Google Chrome,Tâches diverses,2021-02-05,14:58:04,00:00:10
stefano.crapanzano@chu.ulg.ac.be,Intrastat - Google Chrome,Tâches diverses,2021-02-05,14:59:21,00:00:15
stefano.crapanzano@chu.ulg.ac.be,Intrastat - Google Chrome,Tâches diverses,2021-02-05,14:59:55,00:00:14
stefano.crapanzano@chu.ulg.ac.be,Intrastat - Google Chrome,Tâches diverses,2021-02-05,15:00:30,00:00:07
stefano.crapanzano@chu.ulg.ac.be,Intrastat - Google Chrome,Tâches diverses,2021-02-05,15:00:57,00:00:08
stefano.crapanzano@chu.ulg.ac.be,Intrastat - Google Chrome,Tâches diverses,2021-02-05,15:09:44,00:00:49
stefano.crapanzano@chu.ulg.ac.be,Intrastat - Google Chrome,Tâches diverses,2021-02-05,15:10:35,00:00:11
stefano.crapanzano@chu.ulg.ac.be,Intrastat - Google Chrome,Tâches diverses,2021-02-05,15:21:11,00:00:11
stefano.crapanzano@chu.ulg.ac.be,Intrastat - Google Chrome,Tâches diverses,2021-02-05,15:21:40,00:00:03
stefano.crapanzano@chu.ulg.ac.be,Intrastat - Google Chrome,Tâches diverses,2021-02-05,15:21:55,00:00:08
stefano.crapanzano@chu.ulg.ac.be,Intrastat - Google Chrome,Tâches diverses,2021-02-05,15:22:10,00:00:23
stefano.crapanzano@chu.ulg.ac.be,Intrastat - Google Chrome,Tâches diverses,2021-02-05,15:22:48,00:00:11
stefano.crapanzano@chu.ulg.ac.be,Intrastat - Google Chrome,Tâches diverses,2021-02-05,15:23:34,00:00:11
stefano.crapanzano@chu.ulg.ac.be,Intrastat - Google Chrome,Tâches diverses,2021-02-05,15:23:50,00:00:09
stefano.crapanzano@chu.ulg.ac.be,Intrastat - Google Chrome,Tâches diverses,2021-02-05,15:24:48,00:00:09
stefano.crapanzano@chu.ulg.ac.be,Intrastat - Google Chrome,Tâches diverses,2021-02-05,15:25:05,00:00:16
stefano.crapanzano@chu.ulg.ac.be,Intrastat - Google Chrome,Tâches diverses,2021-02-05,15:25:27,00:00:17
stefano.crapanzano@chu.ulg.ac.be,Intrastat - Google Chrome,Tâches diverses,2021-02-05,15:25:56,00:00:44
stefano.crapanzano@chu.ulg.ac.be,Intrastat - Google Chrome,Tâches diverses,2021-02-05,15:26:55,00:00:11
stefano.crapanzano@chu.ulg.ac.be,Intrastat - Google Chrome,Tâches diverses,2021-02-05,15:28:42,00:00:07
stefano.crapanzano@chu.ulg.ac.be,Intrastat - Google Chrome,Tâches diverses,2021-02-05,15:28:55,00:00:05
stefano.crapanzano@chu.ulg.ac.be,Intrastat - Google Chrome,Tâches diverses,2021-02-05,15:29:12,00:00:05
stefano.crapanzano@chu.ulg.ac.be,Intrastat - Google Chrome,Tâches diverses,2021-02-05,15:29:33,00:00:04
stefano.crapanzano@chu.ulg.ac.be,Intrastat - Google Chrome,Tâches diverses,2021-02-05,15:32:52,00:00:03
stefano.crapanzano@chu.ulg.ac.be,Intrastat - Google Chrome,Tâches diverses,2021-02-05,15:37:30,00:00:11
stefano.crapanzano@chu.ulg.ac.be,Intrastat - Google Chrome,Tâches diverses,2021-02-05,15:38:06,00:00:08
stefano.crapanzano@chu.ulg.ac.be,Intrastat - Google Chrome,Tâches diverses,2021-02-05,15:38:35,00:00:09
stefano.crapanzano@chu.ulg.ac.be,Intrastat - Google Chrome,Tâches diverses,2021-02-05,15:39:32,00:00:36
stefano.crapanzano@chu.ulg.ac.be,Intrastat - Google Chrome,Tâches diverses,2021-02-05,15:41:34,00:00:34
stefano.crapanzano@chu.ulg.ac.be,Intrastat - Google Chrome,Tâches diverses,2021-02-05,15:43:01,00:00:31
stefano.crapanzano@chu.ulg.ac.be,Intrastat - Google Chrome,Tâches diverses,2021-02-05,15:46:43,00:00:38
stefano.crapanzano@chu.ulg.ac.be,Intrastat - Google Chrome,Tâches diverses,2021-02-05,15:56:13,00:00:35
stefano.crapanzano@chu.ulg.ac.be,Intrastat - Google Chrome,Tâches diverses,2021-02-05,15:58:40,00:00:17
stefano.crapanzano@chu.ulg.ac.be,Intrastat - Google Chrome,Tâches diverses,2021-02-05,15:59:08,00:00:19
stefano.crapanzano@chu.ulg.ac.be,Intrastat - Google Chrome,Tâches diverses,2021-02-05,16:02:39,00:00:14
stefano.crapanzano@chu.ulg.ac.be,Intrastat - Google Chrome,Tâches diverses,2021-02-05,16:03:21,00:00:08
stefano.crapanzano@chu.ulg.ac.be,Intrastat - Google Chrome,Tâches diverses,2021-02-05,16:04:14,00:00:03
stefano.crapanzano@chu.ulg.ac.be,Intrastat - Google Chrome,Tâches diverses,2021-02-05,16:04:48,00:00:10
stefano.crapanzano@chu.ulg.ac.be,Intrastat - Google Chrome,Tâches diverses,2021-02-05,16:05:07,00:00:15
stefano.crapanzano@chu.ulg.ac.be,Intrastat - Google Chrome,Tâches diverses,2021-02-05,16:06:49,00:00:11
stefano.crapanzano@chu.ulg.ac.be,Intrastat - Google Chrome,Tâches diverses,2021-02-05,16:07:10,00:00:09
stefano.crapanzano@chu.ulg.ac.be,Intrastat - Google Chrome,Tâches diverses,2021-02-05,16:08:09,00:00:16
stefano.crapanzano@chu.ulg.ac.be,Intrastat - Google Chrome,Tâches diverses,2021-02-05,16:08:42,00:00:13
stefano.crapanzano@chu.ulg.ac.be,Intrastat - Google Chrome,Tâches diverses,2021-02-05,16:12:41,00:00:02
stefano.crapanzano@chu.ulg.ac.be,Intrastat - Google Chrome,Tâches diverses,2021-02-05,16:12:57,00:00:07
stefano.crapanzano@chu.ulg.ac.be,Intrastat - Google Chrome,Tâches diverses,2021-02-05,16:13:09,00:00:25
stefano.crapanzano@chu.ulg.ac.be,Intrastat - Google Chrome,Tâches diverses,2021-02-05,16:14:22,00:00:12
stefano.crapanzano@chu.ulg.ac.be,Intrastat - Google Chrome,Tâches diverses,2021-02-05,16:14:40,00:00:37
stefano.crapanzano@chu.ulg.ac.be,Intrastat - Google Chrome,Tâches diverses,2021-02-05,16:15:37,00:00:20
stefano.crapanzano@chu.ulg.ac.be,Intrastat - Google Chrome,Tâches diverses,2021-02-05,16:16:33,00:00:55
stefano.crapanzano@chu.ulg.ac.be,Intrastat - Google Chrome,Tâches diverses,2021-02-05,16:17:47,00:00:07
stefano.crapanzano@chu.ulg.ac.be,Intrastat - Google Chrome,Tâches diverses,2021-02-05,16:18:10,00:00:03
stefano.crapanzano@chu.ulg.ac.be,Intrastat - Google Chrome,Tâches diverses,2021-02-05,16:18:24,00:00:05
stefano.crapanzano@chu.ulg.ac.be,Intrastat - Google Chrome,Tâches diverses,2021-02-05,16:19:33,00:00:16
stefano.crapanzano@chu.ulg.ac.be,Intrastat - Google Chrome,Tâches diverses,2021-02-05,16:19:51,00:00:25
stefano.crapanzano@chu.ulg.ac.be,Intrastat - Google Chrome,Tâches diverses,2021-02-05,16:20:20,00:00:05
stefano.crapanzano@chu.ulg.ac.be,Intrastat - Google Chrome,Tâches diverses,2021-02-05,16:21:31,00:00:09
stefano.crapanzano@chu.ulg.ac.be,Intrastat - Google Chrome,Tâches diverses,2021-02-05,16:22:02,00:00:32
stefano.crapanzano@chu.ulg.ac.be,Intrastat - Google Chrome,Tâches diverses,2021-02-05,16:23:04,00:00:03
stefano.crapanzano@chu.ulg.ac.be,Intrastat - Google Chrome,Tâches diverses,2021-02-05,16:23:29,00:00:27
stefano.crapanzano@chu.ulg.ac.be,Intrastat - Google Chrome,Tâches diverses,2021-02-05,16:25:32,00:00:38
stefano.crapanzano@chu.ulg.ac.be,Intrastat - Google Chrome,Tâches diverses,2021-02-05,16:28:56,00:00:39
stefano.crapanzano@chu.ulg.ac.be,Intrastat - Google Chrome,Tâches diverses,2021-02-05,16:30:08,00:00:07
stefano.crapanzano@chu.ulg.ac.be,Intrastat - Google Chrome,Tâches diverses,2021-02-05,16:30:21,00:00:03
stefano.crapanzano@chu.ulg.ac.be,Intrastat - Google Chrome,Tâches diverses,2021-02-05,16:31:39,00:00:03
stefano.crapanzano@chu.ulg.ac.be,Intrastat - Google Chrome,Tâches diverses,2021-02-05,16:33:06,00:00:04
stefano.crapanzano@chu.ulg.ac.be,Intrastat - Google Chrome,Tâches diverses,2021-02-05,16:33:41,00:00:03
stefano.crapanzano@chu.ulg.ac.be,Intrastat - Google Chrome,Tâches diverses,2021-02-05,16:33:48,00:00:39
stefano.crapanzano@chu.ulg.ac.be,Intrastat - Google Chrome,Tâches diverses,2021-02-05,16:34:36,00:00:07
stefano.crapanzano@chu.ulg.ac.be,Intrastat - Google Chrome,Tâches diverses,2021-02-05,16:35:37,00:02:01
stefano.crapanzano@chu.ulg.ac.be,Intrastat - Google Chrome,Tâches diverses,2021-02-05,16:37:51,00:00:04
stefano.crapanzano@chu.ulg.ac.be,Intrastat - Google Chrome,Tâches diverses,2021-02-05,16:37:59,00:00:29
stefano.crapanzano@chu.ulg.ac.be,Intrastat - Google Chrome,Tâches diverses,2021-02-05,16:40:11,00:00:32
stefano.crapanzano@chu.ulg.ac.be,Intrastat - Google Chrome,Tâches diverses,2021-02-05,16:40:50,00:00:33
stefano.crapanzano@chu.ulg.ac.be,Intrastat - Google Chrome,Tâches diverses,2021-02-05,16:44:30,00:00:33
stefano.crapanzano@chu.ulg.ac.be,Intrastat - Google Chrome,Tâches diverses,2021-02-05,16:45:07,00:00:45
stefano.crapanzano@chu.ulg.ac.be,Intrastat - Google Chrome,Tâches diverses,2021-02-05,16:46:23,00:00:23
stefano.crapanzano@chu.ulg.ac.be,Intrastat - Google Chrome,Tâches diverses,2021-02-05,16:47:24,00:00:28
stefano.crapanzano@chu.ulg.ac.be,Intrastat - Google Chrome,Tâches diverses,2021-02-05,16:47:56,00:00:08
stefano.crapanzano@chu.ulg.ac.be,Intrastat - Google Chrome,Tâches diverses,2021-02-05,16:49:39,00:00:25
stefano.crapanzano@chu.ulg.ac.be,Intrastat - Google Chrome,Tâches diverses,2021-02-05,16:50:52,00:02:04
stefano.crapanzano@chu.ulg.ac.be,Intrastat - Google Chrome,Tâches diverses,2021-02-05,16:54:11,00:00:37
stefano.crapanzano@chu.ulg.ac.be,Intrastat - Google Chrome,Tâches diverses,2021-02-05,16:55:04,00:00:02
stefano.crapanzano@chu.ulg.ac.be,Intrastat - Google Chrome,Tâches diverses,2021-02-05,16:55:13,00:00:12
stefano.crapanzano@chu.ulg.ac.be,Intrastat - Google Chrome,Helpdesk général,2021-02-05,16:55:28,00:00:31
stefano.crapanzano@chu.ulg.ac.be,Python decimal.InvalidOperation error - Stack Overflow - Google Chrome,Tâches diverses,2021-02-05,09:29:49,00:00:02
stefano.crapanzano@chu.ulg.ac.be,Re: Désactivation complète de Pulse Secure pour le SAI - Message (HTML),Helpdesk général,2021-02-05,09:33:57,00:00:38
stefano.crapanzano@chu.ulg.ac.be,Nouvel onglet - Google Chrome,Tâches diverses,2021-02-05,09:37:26,00:00:07
stefano.crapanzano@chu.ulg.ac.be,Nouvel onglet - Google Chrome,Tâches diverses,2021-02-05,13:44:50,00:00:03
stefano.crapanzano@chu.ulg.ac.be,Nouvel onglet - Google Chrome,Tâches diverses,2021-02-05,14:19:42,00:00:03
stefano.crapanzano@chu.ulg.ac.be,Nouvel onglet - Google Chrome,Tâches diverses,2021-02-05,14:21:37,00:00:06
stefano.crapanzano@chu.ulg.ac.be,Nouvel onglet - Google Chrome,Tâches diverses,2021-02-05,14:24:28,00:00:07
stefano.crapanzano@chu.ulg.ac.be,Nouvel onglet - Google Chrome,Tâches diverses,2021-02-05,14:34:02,00:00:04
stefano.crapanzano@chu.ulg.ac.be,Nouvel onglet - Google Chrome,Tâches diverses,2021-02-05,14:52:26,00:00:08
stefano.crapanzano@chu.ulg.ac.be,Nouvel onglet - Google Chrome,Tâches diverses,2021-02-05,14:57:24,00:00:06
stefano.crapanzano@chu.ulg.ac.be,Nouvel onglet - Google Chrome,Tâches diverses,2021-02-05,15:07:08,00:00:06
stefano.crapanzano@chu.ulg.ac.be,Nouvel onglet - Google Chrome,Tâches diverses,2021-02-05,15:17:59,00:00:04
stefano.crapanzano@chu.ulg.ac.be,Nouvel onglet - Google Chrome,Tâches diverses,2021-02-05,15:19:28,00:00:06
stefano.crapanzano@chu.ulg.ac.be,Nouvel onglet - Google Chrome,Tâches diverses,2021-02-05,15:21:46,00:00:03
stefano.crapanzano@chu.ulg.ac.be,Nouvel onglet - Google Chrome,Tâches diverses,2021-02-05,15:24:20,00:00:06
stefano.crapanzano@chu.ulg.ac.be,Nouvel onglet - Google Chrome,Tâches diverses,2021-02-05,15:40:08,00:00:07
stefano.crapanzano@chu.ulg.ac.be,Nouvel onglet - Google Chrome,Tâches diverses,2021-02-05,15:52:16,00:00:10
stefano.crapanzano@chu.ulg.ac.be,Nouvel onglet - Google Chrome,Tâches diverses,2021-02-05,15:59:35,00:00:06
stefano.crapanzano@chu.ulg.ac.be,Nouvel onglet - Google Chrome,Tâches diverses,2021-02-05,16:10:48,00:00:10
stefano.crapanzano@chu.ulg.ac.be,Nouvel onglet - Google Chrome,Tâches diverses,2021-02-05,16:15:17,00:00:02
stefano.crapanzano@chu.ulg.ac.be,Nouvel onglet - Google Chrome,Tâches diverses,2021-02-05,16:18:22,00:00:02
stefano.crapanzano@chu.ulg.ac.be,Nouvel onglet - Google Chrome,Tâches diverses,2021-02-05,16:20:18,00:00:02
stefano.crapanzano@chu.ulg.ac.be,Nouvel onglet - Google Chrome,Tâches diverses,2021-02-05,16:23:01,00:00:03
stefano.crapanzano@chu.ulg.ac.be,Nouvel onglet - Google Chrome,Tâches diverses,2021-02-05,16:24:35,00:00:06
stefano.crapanzano@chu.ulg.ac.be,Nouvel onglet - Google Chrome,Tâches diverses,2021-02-05,16:28:54,00:00:02
stefano.crapanzano@chu.ulg.ac.be,Nouvel onglet - Google Chrome,Tâches diverses,2021-02-05,16:39:41,00:00:02
stefano.crapanzano@chu.ulg.ac.be,Nouvel onglet - Google Chrome,Tâches diverses,2021-02-05,16:42:41,00:00:04
stefano.crapanzano@chu.ulg.ac.be,autoadd django - Recherche Google - Google Chrome,Tâches diverses,2021-02-05,09:37:34,00:00:07
stefano.crapanzano@chu.ulg.ac.be,auto_now django - Recherche Google - Google Chrome,Tâches diverses,2021-02-05,09:37:42,00:00:02
stefano.crapanzano@chu.ulg.ac.be,auto_now django - Recherche Google - Google Chrome,Tâches diverses,2021-02-05,09:39:11,00:00:02
stefano.crapanzano@chu.ulg.ac.be,auto_now django - Recherche Google - Google Chrome,Tâches diverses,2021-02-05,13:18:40,00:00:02
stefano.crapanzano@chu.ulg.ac.be,Administrateur : C:\Windows\system32\cmd.exe,IT,2021-02-05,10:41:17,00:15:59
stefano.crapanzano@chu.ulg.ac.be,Administrateur : C:\Windows\system32\cmd.exe,IT,2021-02-05,12:27:25,00:00:22
stefano.crapanzano@chu.ulg.ac.be,Administrateur : C:\Windows\system32\cmd.exe,IT,2021-02-05,13:46:24,00:00:07
stefano.crapanzano@chu.ulg.ac.be,Administrateur : C:\Windows\system32\cmd.exe,IT,2021-02-05,13:46:34,00:00:16
stefano.crapanzano@chu.ulg.ac.be,Paramètres du compte,Helpdesk général,2021-02-05,11:00:01,00:00:02
stefano.crapanzano@chu.ulg.ac.be,Changer de compte,Helpdesk général,2021-02-05,11:00:03,00:01:13
stefano.crapanzano@chu.ulg.ac.be,new 1 - Notepad++ [Administrator],IT,2021-02-05,11:15:03,00:00:02
stefano.crapanzano@chu.ulg.ac.be,*new 1 - Notepad++ [Administrator],IT,2021-02-05,11:15:06,00:00:05
stefano.crapanzano@chu.ulg.ac.be,*new 1 - Notepad++ [Administrator],IT,2021-02-05,14:35:16,00:00:25
stefano.crapanzano@chu.ulg.ac.be,*new 1 - Notepad++ [Administrator],IT,2021-02-05,14:35:42,00:00:50
stefano.crapanzano@chu.ulg.ac.be,*new 1 - Notepad++ [Administrator],IT,2021-02-05,15:08:43,00:00:38
stefano.crapanzano@chu.ulg.ac.be,*new 1 - Notepad++ [Administrator],IT,2021-02-05,15:09:29,00:00:02
stefano.crapanzano@chu.ulg.ac.be,Paramètres,Helpdesk général,2021-02-05,11:33:09,00:03:30
stefano.crapanzano@chu.ulg.ac.be,Paramètres,Helpdesk général,2021-02-05,13:53:05,00:00:06
stefano.crapanzano@chu.ulg.ac.be,Options du programme,Helpdesk général,2021-02-05,12:22:46,00:00:54
stefano.crapanzano@chu.ulg.ac.be,Propriétés de connexion,Helpdesk général,2021-02-05,12:23:40,00:00:37
stefano.crapanzano@chu.ulg.ac.be,A propos du module Guest de Netop Remote Control,Helpdesk général,2021-02-05,12:24:19,00:00:26
stefano.crapanzano@chu.ulg.ac.be,Modification du profil de communication,Helpdesk général,2021-02-05,12:24:54,00:00:06
stefano.crapanzano@chu.ulg.ac.be,Modification du profil de communication,Helpdesk général,2021-02-05,12:25:37,00:00:09
stefano.crapanzano@chu.ulg.ac.be,Configuration TCP/IP avancée,Helpdesk général,2021-02-05,12:25:00,00:00:37
stefano.crapanzano@chu.ulg.ac.be,Ouverture d'une pièce jointe,Helpdesk général,2021-02-05,12:56:20,00:00:02
stefano.crapanzano@chu.ulg.ac.be,Administrateur : C:\Windows\System32\cmd.exe,IT,2021-02-05,13:18:51,00:00:05
stefano.crapanzano@chu.ulg.ac.be,Administrateur : Perl (command line),IT,2021-02-05,13:19:02,00:00:02
stefano.crapanzano@chu.ulg.ac.be,INTRASTAT_202012_v01.xlsx - Excel,Tâches diverses,2021-02-05,13:19:22,00:00:02
stefano.crapanzano@chu.ulg.ac.be,code_nc.xls  [Mode de compatibilité] - Excel,Tâches diverses,2021-02-05,13:19:26,00:00:03
stefano.crapanzano@chu.ulg.ac.be,xyz.uliege.be - Google Chrome,Tâches diverses,2021-02-05,13:44:53,00:00:03
stefano.crapanzano@chu.ulg.ac.be,Administrateur : C:\Windows\system32\cmd.exe - ping  xyz.uliege.be,IT,2021-02-05,13:46:31,00:00:02
stefano.crapanzano@chu.ulg.ac.be,Identification - Google Chrome,Tâches diverses,2021-02-05,13:50:19,00:00:08
stefano.crapanzano@chu.ulg.ac.be,Sans titre - Message (HTML),Helpdesk général,2021-02-05,13:51:46,00:01:14
stefano.crapanzano@chu.ulg.ac.be,TR: SSO - Message (Texte brut),Helpdesk général,2021-02-05,13:53:51,00:00:06
stefano.crapanzano@chu.ulg.ac.be,TR: SSO - Message (Texte brut),Helpdesk général,2021-02-05,13:54:07,00:02:25
stefano.crapanzano@chu.ulg.ac.be,TR: SSO - Message (Texte brut),Helpdesk général,2021-02-05,13:56:36,00:00:19
stefano.crapanzano@chu.ulg.ac.be,link send post request - Recherche Google - Google Chrome,Tâches diverses,2021-02-05,14:21:43,00:00:02
stefano.crapanzano@chu.ulg.ac.be,javascript - Make a link use POST instead of GET - Stack Overflow - Google Chrome,Tâches diverses,2021-02-05,14:21:45,00:01:09
stefano.crapanzano@chu.ulg.ac.be,javascript - Make a link use POST instead of GET - Stack Overflow - Google Chrome,Tâches diverses,2021-02-05,14:24:24,00:00:03
stefano.crapanzano@chu.ulg.ac.be,javascript - Make a link use POST instead of GET - Stack Overflow - Google Chrome,Tâches diverses,2021-02-05,15:21:44,00:00:02
stefano.crapanzano@chu.ulg.ac.be,NoReverseMatch at /historique/ - Google Chrome,Tâches diverses,2021-02-05,14:29:26,00:00:03
stefano.crapanzano@chu.ulg.ac.be,Site administration | Django site admin - Google Chrome,Tâches diverses,2021-02-05,14:34:10,00:00:07
stefano.crapanzano@chu.ulg.ac.be,Site administration | Django site admin - Google Chrome,Tâches diverses,2021-02-05,14:34:41,00:00:02
stefano.crapanzano@chu.ulg.ac.be,Select import veiav status to change | Django site admin - Google Chrome,Tâches diverses,2021-02-05,14:38:45,00:00:09
stefano.crapanzano@chu.ulg.ac.be,Select import veiav status to change | Django site admin - Google Chrome,Tâches diverses,2021-02-05,14:43:08,00:00:02
stefano.crapanzano@chu.ulg.ac.be,Select import veiav status to change | Django site admin - Google Chrome,Tâches diverses,2021-02-05,14:43:13,00:00:02
stefano.crapanzano@chu.ulg.ac.be,Select import veiav status to change | Django site admin - Google Chrome,Tâches diverses,2021-02-05,14:47:09,00:00:02
stefano.crapanzano@chu.ulg.ac.be,Select import veiav status to change | Django site admin - Google Chrome,Tâches diverses,2021-02-05,14:48:01,00:00:05
stefano.crapanzano@chu.ulg.ac.be,Select import veiav status to change | Django site admin - Google Chrome,Tâches diverses,2021-02-05,14:50:03,00:00:06
stefano.crapanzano@chu.ulg.ac.be,Select import veiav status to change | Django site admin - Google Chrome,Tâches diverses,2021-02-05,14:50:29,00:00:04
stefano.crapanzano@chu.ulg.ac.be,Select import veiav status to change | Django site admin - Google Chrome,Tâches diverses,2021-02-05,15:00:37,00:00:16
stefano.crapanzano@chu.ulg.ac.be,Select import veiav status to change | Django site admin - Google Chrome,Tâches diverses,2021-02-05,15:00:55,00:00:02
stefano.crapanzano@chu.ulg.ac.be,Select import veiav status to change | Django site admin - Google Chrome,Tâches diverses,2021-02-05,15:12:40,00:00:02
stefano.crapanzano@chu.ulg.ac.be,Select import veiav status to change | Django site admin - Google Chrome,Tâches diverses,2021-02-05,15:21:05,00:00:02
stefano.crapanzano@chu.ulg.ac.be,Select import veiav status to change | Django site admin - Google Chrome,Tâches diverses,2021-02-05,16:30:15,00:00:06
stefano.crapanzano@chu.ulg.ac.be,Select import veiav status to change | Django site admin - Google Chrome,Tâches diverses,2021-02-05,16:35:23,00:00:03
stefano.crapanzano@chu.ulg.ac.be,Select import veiav status to change | Django site admin - Google Chrome,Tâches diverses,2021-02-05,16:37:38,00:00:09
stefano.crapanzano@chu.ulg.ac.be,Select import veiav status to change | Django site admin - Google Chrome,Tâches diverses,2021-02-05,16:37:56,00:00:03
stefano.crapanzano@chu.ulg.ac.be,Select import veiav status to change | Django site admin - Google Chrome,Tâches diverses,2021-02-05,16:40:44,00:00:04
stefano.crapanzano@chu.ulg.ac.be,Select import veiav status to change | Django site admin - Google Chrome,Tâches diverses,2021-02-05,16:55:07,00:00:06
stefano.crapanzano@chu.ulg.ac.be,Change import veiav status | Django site admin - Google Chrome,Tâches diverses,2021-02-05,14:43:11,00:00:02
stefano.crapanzano@chu.ulg.ac.be,Change import veiav status | Django site admin - Google Chrome,Tâches diverses,2021-02-05,14:43:16,00:00:28
stefano.crapanzano@chu.ulg.ac.be,Change import veiav status | Django site admin - Google Chrome,Tâches diverses,2021-02-05,14:43:46,00:00:03
stefano.crapanzano@chu.ulg.ac.be,Change import veiav status | Django site admin - Google Chrome,Tâches diverses,2021-02-05,14:44:01,00:00:09
stefano.crapanzano@chu.ulg.ac.be,Change import veiav status | Django site admin - Google Chrome,Tâches diverses,2021-02-05,14:47:05,00:00:03
stefano.crapanzano@chu.ulg.ac.be,Change import veiav status | Django site admin - Google Chrome,Tâches diverses,2021-02-05,14:47:11,00:00:08
stefano.crapanzano@chu.ulg.ac.be,Change import veiav status | Django site admin - Google Chrome,Tâches diverses,2021-02-05,15:21:08,00:00:02
stefano.crapanzano@chu.ulg.ac.be,Change import veiav status | Django site admin - Google Chrome,Tâches diverses,2021-02-05,16:35:26,00:00:03
stefano.crapanzano@chu.ulg.ac.be,fetch response get param - Recherche Google - Google Chrome,Tâches diverses,2021-02-05,14:52:34,00:00:03
stefano.crapanzano@chu.ulg.ac.be,fetch response get json - Recherche Google - Google Chrome,Tâches diverses,2021-02-05,14:52:41,00:00:02
stefano.crapanzano@chu.ulg.ac.be,Utiliser Fetch - Référence Web API | MDN - Google Chrome,Tâches diverses,2021-02-05,14:52:39,00:00:02
stefano.crapanzano@chu.ulg.ac.be,Body.json() - Référence Web API | MDN - Google Chrome,Tâches diverses,2021-02-05,14:52:44,00:00:02
stefano.crapanzano@chu.ulg.ac.be,set link text javascript - Recherche Google - Google Chrome,Tâches diverses,2021-02-05,14:57:30,00:00:06
stefano.crapanzano@chu.ulg.ac.be,html - Set Text of Anchor Tag In Javascript - Stack Overflow - Google Chrome,Tâches diverses,2021-02-05,14:57:36,00:00:03
stefano.crapanzano@chu.ulg.ac.be,html - Set Text of Anchor Tag In Javascript - Stack Overflow - Google Chrome,Tâches diverses,2021-02-05,14:58:02,00:00:02
stefano.crapanzano@chu.ulg.ac.be,html - Set Text of Anchor Tag In Javascript - Stack Overflow - Google Chrome,Tâches diverses,2021-02-05,15:01:09,00:00:13
stefano.crapanzano@chu.ulg.ac.be,javascript execute function at interval - Recherche Google - Google Chrome,Tâches diverses,2021-02-05,15:01:22,00:00:06
stefano.crapanzano@chu.ulg.ac.be,Run JavaScript function at regular time interval - Stack Overflow - Google Chrome,Tâches diverses,2021-02-05,15:01:28,00:00:26
stefano.crapanzano@chu.ulg.ac.be,Run JavaScript function at regular time interval - Stack Overflow - Google Chrome,Tâches diverses,2021-02-05,15:06:56,00:00:12
stefano.crapanzano@chu.ulg.ac.be,setinterval javascript stop - Recherche Google - Google Chrome,Tâches diverses,2021-02-05,15:07:14,00:00:02
stefano.crapanzano@chu.ulg.ac.be,Window clearInterval() Method - Google Chrome,Tâches diverses,2021-02-05,15:07:16,00:00:10
stefano.crapanzano@chu.ulg.ac.be,127.0.0.1 - Google Chrome,Tâches diverses,2021-02-05,15:12:42,00:00:02
stefano.crapanzano@chu.ulg.ac.be,link onclick - Recherche Google - Google Chrome,Tâches diverses,2021-02-05,15:18:04,00:00:02
stefano.crapanzano@chu.ulg.ac.be,JavaScript function in href vs. onclick - Stack Overflow - Google Chrome,Tâches diverses,2021-02-05,15:18:06,00:00:31
stefano.crapanzano@chu.ulg.ac.be,hyperlink - jQuery disable a link - Stack Overflow - Google Chrome,Tâches diverses,2021-02-05,15:19:36,00:00:28
stefano.crapanzano@chu.ulg.ac.be,Log in | Django site admin - Google Chrome,Tâches diverses,2021-02-05,15:21:02,00:00:03
stefano.crapanzano@chu.ulg.ac.be,jquery select # - Recherche Google - Google Chrome,Tâches diverses,2021-02-05,15:24:26,00:00:03
stefano.crapanzano@chu.ulg.ac.be,Selectors | jQuery API Documentation - Google Chrome,Tâches diverses,2021-02-05,15:24:29,00:00:15
stefano.crapanzano@chu.ulg.ac.be,Selectors | jQuery API Documentation - Google Chrome,Tâches diverses,2021-02-05,16:14:34,00:00:03
stefano.crapanzano@chu.ulg.ac.be,Jira login same mail address - Message (HTML),Helpdesk général,2021-02-05,15:29:46,00:00:39
stefano.crapanzano@chu.ulg.ac.be,jquery define function then - Recherche Google - Google Chrome,Tâches diverses,2021-02-05,15:40:15,00:00:10
stefano.crapanzano@chu.ulg.ac.be,jquery define function then promise - Recherche Google - Google Chrome,Tâches diverses,2021-02-05,15:40:26,00:00:21
stefano.crapanzano@chu.ulg.ac.be,jquery define function then promise - Recherche Google - Google Chrome,Tâches diverses,2021-02-05,15:42:19,00:00:09
stefano.crapanzano@chu.ulg.ac.be,Return a promise with custom methods in jQuery - Stack Overflow - Google Chrome,Tâches diverses,2021-02-05,15:42:28,00:00:32
stefano.crapanzano@chu.ulg.ac.be,Return a promise with custom methods in jQuery - Stack Overflow - Google Chrome,Tâches diverses,2021-02-05,15:52:02,00:00:13
stefano.crapanzano@chu.ulg.ac.be,make get until status javascript - Recherche Google - Google Chrome,Tâches diverses,2021-02-05,15:52:26,00:00:02
stefano.crapanzano@chu.ulg.ac.be,javascript - Wait until flag=true - Stack Overflow - Google Chrome,Tâches diverses,2021-02-05,15:52:29,00:00:33
stefano.crapanzano@chu.ulg.ac.be,event on changejs link - Recherche Google - Google Chrome,Tâches diverses,2021-02-05,15:59:41,00:00:02
stefano.crapanzano@chu.ulg.ac.be,event on changejs link - Recherche Google - Google Chrome,Tâches diverses,2021-02-05,15:59:54,00:00:03
stefano.crapanzano@chu.ulg.ac.be,ajax - How to detect if URL has changed after hash in JavaScript - Stack Overflow - Google Chrome,Tâches diverses,2021-02-05,15:59:43,00:00:10
stefano.crapanzano@chu.ulg.ac.be,event on change js link - Recherche Google - Google Chrome,Tâches diverses,2021-02-05,15:59:57,00:00:15
stefano.crapanzano@chu.ulg.ac.be,event on change text link - Recherche Google - Google Chrome,Tâches diverses,2021-02-05,16:00:13,00:00:02
stefano.crapanzano@chu.ulg.ac.be,event onchange text link - Recherche Google - Google Chrome,Tâches diverses,2021-02-05,16:00:15,00:00:22
stefano.crapanzano@chu.ulg.ac.be,event onchange link innerhtml - Recherche Google - Google Chrome,Tâches diverses,2021-02-05,16:00:38,00:00:04
stefano.crapanzano@chu.ulg.ac.be,dojo - connecting to onchange event of an objects innerHTML - Stack Overflow - Google Chrome,Tâches diverses,2021-02-05,16:00:43,00:00:34
stefano.crapanzano@chu.ulg.ac.be,dojo - connecting to onchange event of an objects innerHTML - Stack Overflow - Google Chrome,Tâches diverses,2021-02-05,16:05:45,00:00:06
stefano.crapanzano@chu.ulg.ac.be,javascript wait - Recherche Google - Google Chrome,Tâches diverses,2021-02-05,16:05:51,00:00:02
stefano.crapanzano@chu.ulg.ac.be,Delay  Sleep  Pause  & Wait in JavaScript - SitePoint - Google Chrome,Tâches diverses,2021-02-05,16:05:54,00:00:17
stefano.crapanzano@chu.ulg.ac.be,Delay  Sleep  Pause  & Wait in JavaScript - SitePoint - Google Chrome,Tâches diverses,2021-02-05,16:07:29,00:00:20
stefano.crapanzano@chu.ulg.ac.be,javascript check if string is in string - Recherche Google - Google Chrome,Tâches diverses,2021-02-05,16:10:59,00:00:02
stefano.crapanzano@chu.ulg.ac.be,JavaScript String includes() Method - Google Chrome,Tâches diverses,2021-02-05,16:11:02,00:00:15
stefano.crapanzano@chu.ulg.ac.be,getlementby id - Recherche Google - Google Chrome,Tâches diverses,2021-02-05,16:15:20,00:00:03
stefano.crapanzano@chu.ulg.ac.be,document.getElementById - Référence Web API | MDN - Google Chrome,Tâches diverses,2021-02-05,16:15:23,00:00:07
stefano.crapanzano@chu.ulg.ac.be,clearinterval inside setinterval - Recherche Google - Google Chrome,Tâches diverses,2021-02-05,16:24:41,00:00:02
stefano.crapanzano@chu.ulg.ac.be,javascript - Can clearInterval() be called inside setInterval()? - Stack Overflow - Google Chrome,Tâches diverses,2021-02-05,16:24:43,00:00:11
stefano.crapanzano@chu.ulg.ac.be,javascript - Can clearInterval() be called inside setInterval()? - Stack Overflow - Google Chrome,Tâches diverses,2021-02-05,16:26:10,00:00:02
stefano.crapanzano@chu.ulg.ac.be,javascript - Can clearInterval() be called inside setInterval()? - Stack Overflow - Google Chrome,Tâches diverses,2021-02-05,16:26:53,00:00:05
stefano.crapanzano@chu.ulg.ac.be,Are you sure? | Django site admin - Google Chrome,Tâches diverses,2021-02-05,16:37:47,00:00:02
stefano.crapanzano@chu.ulg.ac.be,javascript or - Recherche Google - Google Chrome,Tâches diverses,2021-02-05,16:39:43,00:00:02
stefano.crapanzano@chu.ulg.ac.be,Opérateurs logiques - JavaScript | MDN - Google Chrome,Tâches diverses,2021-02-05,16:39:46,00:00:02
stefano.crapanzano@chu.ulg.ac.be,increment javascript - Recherche Google - Google Chrome,Tâches diverses,2021-02-05,16:42:46,00:00:02
stefano.crapanzano@chu.ulg.ac.be,Increment (++) - JavaScript | MDN - Google Chrome,Tâches diverses,2021-02-05,16:42:49,00:00:04
