Email,Description,Project,Start date,Start time,Duration
stefano.crapanzano@chu.ulg.ac.be,Administrateur : Perl (command line) - python  main.py,IT,2021-10-27,08:26:24,00:00:02
stefano.crapanzano@chu.ulg.ac.be,Administrateur : Perl (command line) - python  main.py,IT,2021-10-27,11:31:17,00:00:02
stefano.crapanzano@chu.ulg.ac.be,Navigation système de fichier,IT,2021-10-27,08:33:38,00:00:05
stefano.crapanzano@chu.ulg.ac.be,Navigation système de fichier,IT,2021-10-27,08:37:06,00:00:02
stefano.crapanzano@chu.ulg.ac.be,Navigation système de fichier,IT,2021-10-27,08:44:22,00:00:02
stefano.crapanzano@chu.ulg.ac.be,Navigation système de fichier,IT,2021-10-27,11:33:47,00:00:02
stefano.crapanzano@chu.ulg.ac.be,Courrier entrant - erp.sai@chuliege.be - Mozilla Thunderbird,Helpdesk général,2021-10-27,08:26:28,00:00:42
stefano.crapanzano@chu.ulg.ac.be,Courrier entrant - erp.sai@chuliege.be - Mozilla Thunderbird,Helpdesk général,2021-10-27,08:32:37,00:00:02
stefano.crapanzano@chu.ulg.ac.be,Courrier entrant - erp.sai@chuliege.be - Mozilla Thunderbird,Helpdesk général,2021-10-27,08:33:30,00:00:06
stefano.crapanzano@chu.ulg.ac.be,Courrier entrant - erp.sai@chuliege.be - Mozilla Thunderbird,Helpdesk général,2021-10-27,08:34:58,00:00:08
stefano.crapanzano@chu.ulg.ac.be,Courrier entrant - erp.sai@chuliege.be - Mozilla Thunderbird,Helpdesk général,2021-10-27,08:42:19,00:00:09
stefano.crapanzano@chu.ulg.ac.be,Courrier entrant - erp.sai@chuliege.be - Mozilla Thunderbird,Helpdesk général,2021-10-27,08:43:08,00:00:16
stefano.crapanzano@chu.ulg.ac.be,Courrier entrant - erp.sai@chuliege.be - Mozilla Thunderbird,Helpdesk général,2021-10-27,08:43:25,00:00:51
stefano.crapanzano@chu.ulg.ac.be,Courrier entrant - erp.sai@chuliege.be - Mozilla Thunderbird,Helpdesk général,2021-10-27,08:44:18,00:00:03
stefano.crapanzano@chu.ulg.ac.be,Courrier entrant - erp.sai@chuliege.be - Mozilla Thunderbird,Tâches diverses,2021-10-27,08:44:35,00:00:51
stefano.crapanzano@chu.ulg.ac.be,Courrier entrant - erp.sai@chuliege.be - Mozilla Thunderbird,Helpdesk général,2021-10-27,08:50:48,00:03:31
stefano.crapanzano@chu.ulg.ac.be,Courrier entrant - erp.sai@chuliege.be - Mozilla Thunderbird,Helpdesk général,2021-10-27,08:54:21,00:06:24
stefano.crapanzano@chu.ulg.ac.be,Courrier entrant - erp.sai@chuliege.be - Mozilla Thunderbird,Helpdesk général,2021-10-27,11:31:19,00:02:28
stefano.crapanzano@chu.ulg.ac.be,Courrier entrant - erp.sai@chuliege.be - Mozilla Thunderbird,Helpdesk général,2021-10-27,15:42:14,00:00:04
stefano.crapanzano@chu.ulg.ac.be,Courrier entrant - stefano.crapanzano@chuliege.be - Mozilla Thunderbird,Helpdesk général,2021-10-27,08:27:10,00:00:17
stefano.crapanzano@chu.ulg.ac.be,Courrier entrant - stefano.crapanzano@chuliege.be - Mozilla Thunderbird,Helpdesk général,2021-10-27,08:27:29,00:00:05
stefano.crapanzano@chu.ulg.ac.be,Courrier entrant - stefano.crapanzano@chuliege.be - Mozilla Thunderbird,Helpdesk général,2021-10-27,08:28:08,00:00:41
stefano.crapanzano@chu.ulg.ac.be,Courrier entrant - stefano.crapanzano@chuliege.be - Mozilla Thunderbird,Helpdesk général,2021-10-27,08:36:55,00:00:02
stefano.crapanzano@chu.ulg.ac.be,Courrier entrant - stefano.crapanzano@chuliege.be - Mozilla Thunderbird,Helpdesk général,2021-10-27,08:45:26,00:05:22
stefano.crapanzano@chu.ulg.ac.be,Courrier entrant - stefano.crapanzano@chuliege.be - Mozilla Thunderbird,Helpdesk général,2021-10-27,15:54:01,00:11:17
stefano.crapanzano@chu.ulg.ac.be,Identification - Google Chrome,Tâches diverses,2021-10-27,08:27:35,00:00:07
stefano.crapanzano@chu.ulg.ac.be,SAM-DB : SAP relais achat inaccessible via VMWARE Horizon Client sur PC privé - Google Chrome,Tâches diverses,2021-10-27,08:27:42,00:00:11
stefano.crapanzano@chu.ulg.ac.be,SAM-DB - Google Chrome,Tâches diverses,2021-10-27,08:27:53,00:00:06
stefano.crapanzano@chu.ulg.ac.be,SAM-DB - Google Chrome,Tâches diverses,2021-10-27,08:28:53,00:00:08
stefano.crapanzano@chu.ulg.ac.be,SAM-DB - Google Chrome,Tâches diverses,2021-10-27,08:29:22,00:03:13
stefano.crapanzano@chu.ulg.ac.be,SAM-DB - Google Chrome,Helpdesk général,2021-10-27,08:35:17,00:00:02
stefano.crapanzano@chu.ulg.ac.be,SAM-DB - Google Chrome,Tâches diverses,2021-10-27,08:44:32,00:00:03
stefano.crapanzano@chu.ulg.ac.be,SAM-DB - Google Chrome,Tâches diverses,2021-10-27,15:53:50,00:00:04
stefano.crapanzano@chu.ulg.ac.be,dsl-wx-0064 - Lecture des enregistrements,Helpdesk général,2021-10-27,08:28:02,00:00:04
stefano.crapanzano@chu.ulg.ac.be,Lecture documentation,Tâches diverses,2021-10-27,08:29:01,00:00:20
stefano.crapanzano@chu.ulg.ac.be,Lecture documentation,Tâches diverses,2021-10-27,11:33:53,04:07:32
stefano.crapanzano@chu.ulg.ac.be,Lecture documentation,Tâches diverses,2021-10-27,15:41:27,00:00:02
stefano.crapanzano@chu.ulg.ac.be,Lecture documentation,Tâches diverses,2021-10-27,16:05:19,01:30:48
stefano.crapanzano@chu.ulg.ac.be,Netop Invité,Helpdesk général,2021-10-27,08:32:40,00:00:05
stefano.crapanzano@chu.ulg.ac.be,Netop Invité,Helpdesk général,2021-10-27,09:00:47,02:30:28
stefano.crapanzano@chu.ulg.ac.be,Connexion à l'aide de l'authentification Windows,Helpdesk général,2021-10-27,08:32:46,00:00:02
stefano.crapanzano@chu.ulg.ac.be,erpftp - Netop Remote Control,Helpdesk général,2021-10-27,08:32:50,00:00:39
stefano.crapanzano@chu.ulg.ac.be,erpftp - Netop Remote Control,Helpdesk général,2021-10-27,08:33:43,00:01:13
stefano.crapanzano@chu.ulg.ac.be,erpftp - Netop Remote Control,Helpdesk général,2021-10-27,08:35:34,00:00:05
stefano.crapanzano@chu.ulg.ac.be,erpftp - Netop Remote Control,Helpdesk général,2021-10-27,08:35:41,00:00:06
stefano.crapanzano@chu.ulg.ac.be,erpftp - Netop Remote Control,Helpdesk général,2021-10-27,08:36:00,00:00:35
stefano.crapanzano@chu.ulg.ac.be,erpftp - Netop Remote Control,Helpdesk général,2021-10-27,08:36:47,00:00:02
stefano.crapanzano@chu.ulg.ac.be,erpftp - Netop Remote Control,Helpdesk général,2021-10-27,08:36:59,00:00:06
stefano.crapanzano@chu.ulg.ac.be,erpftp - Netop Remote Control,Helpdesk général,2021-10-27,08:37:09,00:01:17
stefano.crapanzano@chu.ulg.ac.be,erpftp - Netop Remote Control,Helpdesk général,2021-10-27,08:38:43,00:00:05
stefano.crapanzano@chu.ulg.ac.be,erpftp - Netop Remote Control,Tâches diverses,2021-10-27,08:38:51,00:00:04
stefano.crapanzano@chu.ulg.ac.be,erpftp - Netop Remote Control,Helpdesk général,2021-10-27,08:39:15,00:00:02
stefano.crapanzano@chu.ulg.ac.be,erpftp - Netop Remote Control,Helpdesk général,2021-10-27,08:39:21,00:00:06
stefano.crapanzano@chu.ulg.ac.be,erpftp - Netop Remote Control,Helpdesk général,2021-10-27,08:39:37,00:00:05
stefano.crapanzano@chu.ulg.ac.be,erpftp - Netop Remote Control,Helpdesk général,2021-10-27,08:39:51,00:00:07
stefano.crapanzano@chu.ulg.ac.be,erpftp - Netop Remote Control,Tâches diverses,2021-10-27,08:40:03,00:00:08
stefano.crapanzano@chu.ulg.ac.be,erpftp - Netop Remote Control,Helpdesk général,2021-10-27,08:40:13,00:00:06
stefano.crapanzano@chu.ulg.ac.be,erpftp - Netop Remote Control,Helpdesk général,2021-10-27,08:40:37,00:00:08
stefano.crapanzano@chu.ulg.ac.be,erpftp - Netop Remote Control,Helpdesk général,2021-10-27,08:41:05,00:00:16
stefano.crapanzano@chu.ulg.ac.be,erpftp - Netop Remote Control,Helpdesk général,2021-10-27,08:41:55,00:00:11
stefano.crapanzano@chu.ulg.ac.be,erpftp - Netop Remote Control,Helpdesk général,2021-10-27,08:42:30,00:00:35
stefano.crapanzano@chu.ulg.ac.be,GOAL_DISCORDANCES - erp.sai@chuliege.be - Mozilla Thunderbird,Helpdesk général,2021-10-27,08:35:06,00:00:10
stefano.crapanzano@chu.ulg.ac.be,GOAL_DISCORDANCES - erp.sai@chuliege.be - Mozilla Thunderbird,Helpdesk général,2021-10-27,08:36:51,00:00:02
stefano.crapanzano@chu.ulg.ac.be,Nouvel onglet - Google Chrome,Tâches diverses,2021-10-27,08:35:50,00:00:04
stefano.crapanzano@chu.ulg.ac.be,Nouvel onglet - Google Chrome,Tâches diverses,2021-10-27,08:41:44,00:00:02
stefano.crapanzano@chu.ulg.ac.be,POST data - Google Chrome,Tâches diverses,2021-10-27,08:35:21,00:00:02
stefano.crapanzano@chu.ulg.ac.be,GOAL - LABO - Google Chrome,Tâches diverses,2021-10-27,08:35:24,00:00:09
stefano.crapanzano@chu.ulg.ac.be,GOAL - LABO - Google Chrome,Tâches diverses,2021-10-27,08:36:38,00:00:04
stefano.crapanzano@chu.ulg.ac.be,GOAL - LABO - Google Chrome,Tâches diverses,2021-10-27,08:38:55,00:00:04
stefano.crapanzano@chu.ulg.ac.be,GOAL - LABO - Google Chrome,Tâches diverses,2021-10-27,08:39:31,00:00:06
stefano.crapanzano@chu.ulg.ac.be,GOAL - LABO - Google Chrome,Tâches diverses,2021-10-27,08:39:43,00:00:02
stefano.crapanzano@chu.ulg.ac.be,GOAL - LABO - Google Chrome,Tâches diverses,2021-10-27,08:39:47,00:00:02
stefano.crapanzano@chu.ulg.ac.be,GOAL - LABO - Google Chrome,Tâches diverses,2021-10-27,08:39:58,00:00:02
stefano.crapanzano@chu.ulg.ac.be,GOAL - LABO - Google Chrome,Tâches diverses,2021-10-27,08:40:33,00:00:04
stefano.crapanzano@chu.ulg.ac.be,GOAL - LABO - Google Chrome,Tâches diverses,2021-10-27,08:40:51,00:00:12
stefano.crapanzano@chu.ulg.ac.be,GOAL - LABO - Google Chrome,Tâches diverses,2021-10-27,08:41:37,00:00:06
stefano.crapanzano@chu.ulg.ac.be,GOAL - LABO - Google Chrome,Tâches diverses,2021-10-27,08:41:47,00:00:06
stefano.crapanzano@chu.ulg.ac.be,GOAL - LABO - Google Chrome,Tâches diverses,2021-10-27,08:42:06,00:00:08
stefano.crapanzano@chu.ulg.ac.be,GOAL - LABO - Google Chrome,Tâches diverses,2021-10-27,08:44:29,00:00:02
stefano.crapanzano@chu.ulg.ac.be,Administration du site | Site d’administration de Django - Google Chrome,Tâches diverses,2021-10-27,08:35:54,00:00:03
stefano.crapanzano@chu.ulg.ac.be,Sélectionnez l’objet task retrieve stock from sap à changer | Site d’administration de Django - Google Chrome,Tâches diverses,2021-10-27,08:35:57,00:00:02
stefano.crapanzano@chu.ulg.ac.be,Sélectionnez l’objet task retrieve stock from sap à changer | Site d’administration de Django - Google Chrome,Tâches diverses,2021-10-27,08:36:35,00:00:02
stefano.crapanzano@chu.ulg.ac.be,Sélectionnez l’objet task retrieve stock from sap à changer | Site d’administration de Django - Google Chrome,Tâches diverses,2021-10-27,08:36:42,00:00:05
stefano.crapanzano@chu.ulg.ac.be,Sélectionnez l’objet task retrieve stock from sap à changer | Site d’administration de Django - Google Chrome,Tâches diverses,2021-10-27,08:38:27,00:00:02
stefano.crapanzano@chu.ulg.ac.be,Sélectionnez l’objet task retrieve stock from sap à changer | Site d’administration de Django - Google Chrome,Tâches diverses,2021-10-27,08:38:38,00:00:04
stefano.crapanzano@chu.ulg.ac.be,Sélectionnez l’objet task retrieve stock from sap à changer | Site d’administration de Django - Google Chrome,Tâches diverses,2021-10-27,08:38:59,00:00:14
stefano.crapanzano@chu.ulg.ac.be,Sélectionnez l’objet task retrieve stock from sap à changer | Site d’administration de Django - Google Chrome,Tâches diverses,2021-10-27,08:41:29,00:00:05
stefano.crapanzano@chu.ulg.ac.be,Êtes-vous sûr ? | Site d’administration de Django - Google Chrome,Helpdesk général,2021-10-27,08:39:18,00:00:02
stefano.crapanzano@chu.ulg.ac.be,Êtes-vous sûr ? | Site d’administration de Django - Google Chrome,Helpdesk général,2021-10-27,08:39:28,00:00:02
stefano.crapanzano@chu.ulg.ac.be,Êtes-vous sûr ? | Site d’administration de Django - Google Chrome,Tâches diverses,2021-10-27,08:40:19,00:00:02
stefano.crapanzano@chu.ulg.ac.be,Êtes-vous sûr ? | Site d’administration de Django - Google Chrome,Tâches diverses,2021-10-27,08:40:30,00:00:02
stefano.crapanzano@chu.ulg.ac.be,Êtes-vous sûr ? | Site d’administration de Django - Google Chrome,Tâches diverses,2021-10-27,08:40:47,00:00:04
stefano.crapanzano@chu.ulg.ac.be,Êtes-vous sûr ? | Site d’administration de Django - Google Chrome,Helpdesk général,2021-10-27,08:41:21,00:00:07
stefano.crapanzano@chu.ulg.ac.be,TESTS FLUX SSP - Imputation d'une DA pour un WOAR en K au lieu du T - Xperthis ERP4HC 2.0 Rollout - Service d'assistance - Google Chrome,Tâches diverses,2021-10-27,15:41:31,00:00:05
stefano.crapanzano@chu.ulg.ac.be,TESTS FLUX SSP - Imputation d'une DA pour un WOAR en K au lieu du T - Xperthis ERP4HC 2.0 Rollout - Service d'assistance - Google Chrome,Tâches diverses,2021-10-27,15:52:56,00:00:06
stefano.crapanzano@chu.ulg.ac.be,Demandes - Service d'assistance - Google Chrome,Tâches diverses,2021-10-27,15:41:37,00:00:08
stefano.crapanzano@chu.ulg.ac.be,Demandes - Service d'assistance - Google Chrome,Tâches diverses,2021-10-27,15:44:04,00:00:02
stefano.crapanzano@chu.ulg.ac.be,Demandes - Service d'assistance - Google Chrome,Tâches diverses,2021-10-27,15:51:29,00:00:05
stefano.crapanzano@chu.ulg.ac.be,Demandes - Service d'assistance - Google Chrome,Tâches diverses,2021-10-27,15:52:02,00:00:04
stefano.crapanzano@chu.ulg.ac.be,Demandes - Service d'assistance - Google Chrome,Tâches diverses,2021-10-27,15:52:16,00:00:04
stefano.crapanzano@chu.ulg.ac.be,Demandes - Service d'assistance - Google Chrome,Tâches diverses,2021-10-27,15:52:28,00:00:06
stefano.crapanzano@chu.ulg.ac.be,Demandes - Service d'assistance - Google Chrome,Tâches diverses,2021-10-27,15:52:49,00:00:06
stefano.crapanzano@chu.ulg.ac.be,Demandes - Service d'assistance - Google Chrome,Tâches diverses,2021-10-27,15:53:03,00:00:38
stefano.crapanzano@chu.ulg.ac.be,P203 CHU Paniers toujours visible dans SSP - Xperthis ERP4HC 1.0 - Service d'assistance - Google Chrome,Tâches diverses,2021-10-27,15:41:45,00:00:27
stefano.crapanzano@chu.ulg.ac.be,P203 CHU Paniers toujours visible dans SSP - Xperthis ERP4HC 1.0 - Service d'assistance - Google Chrome,Tâches diverses,2021-10-27,15:42:25,00:00:13
stefano.crapanzano@chu.ulg.ac.be,P203 CHU Paniers toujours visible dans SSP - Xperthis ERP4HC 1.0 - Service d'assistance - Google Chrome,Tâches diverses,2021-10-27,15:44:00,00:00:04
stefano.crapanzano@chu.ulg.ac.be,P203 CHU Paniers toujours visible dans SSP - Xperthis ERP4HC 1.0 - Service d'assistance - Google Chrome,Tâches diverses,2021-10-27,15:44:15,00:00:25
stefano.crapanzano@chu.ulg.ac.be,P203 CHU Paniers toujours visible dans SSP - Xperthis ERP4HC 1.0 - Service d'assistance - Google Chrome,Tâches diverses,2021-10-27,15:45:11,00:01:11
stefano.crapanzano@chu.ulg.ac.be,P203 CHU Paniers toujours visible dans SSP - Xperthis ERP4HC 1.0 - Service d'assistance - Google Chrome,Tâches diverses,2021-10-27,15:47:30,00:00:10
stefano.crapanzano@chu.ulg.ac.be,P203 CHU Paniers toujours visible dans SSP - Xperthis ERP4HC 1.0 - Service d'assistance - Google Chrome,Tâches diverses,2021-10-27,15:48:27,00:00:16
stefano.crapanzano@chu.ulg.ac.be,P203 CHU Paniers toujours visible dans SSP - Xperthis ERP4HC 1.0 - Service d'assistance - Google Chrome,Tâches diverses,2021-10-27,15:49:00,00:00:09
stefano.crapanzano@chu.ulg.ac.be,P203 CHU Paniers toujours visible dans SSP - Xperthis ERP4HC 1.0 - Service d'assistance - Google Chrome,Tâches diverses,2021-10-27,15:49:13,00:00:02
stefano.crapanzano@chu.ulg.ac.be,P203 CHU Paniers toujours visible dans SSP - Xperthis ERP4HC 1.0 - Service d'assistance - Google Chrome,Helpdesk général,2021-10-27,15:49:19,00:00:04
stefano.crapanzano@chu.ulg.ac.be,P203 CHU Paniers toujours visible dans SSP - Xperthis ERP4HC 1.0 - Service d'assistance - Google Chrome,Tâches diverses,2021-10-27,15:51:15,00:00:13
stefano.crapanzano@chu.ulg.ac.be,Suivi de tickets sans réponse - Mozilla Thunderbird,Helpdesk général,2021-10-27,15:42:18,00:00:06
stefano.crapanzano@chu.ulg.ac.be,Suivi de tickets sans réponse - Mozilla Thunderbird,Helpdesk général,2021-10-27,15:42:40,00:00:02
stefano.crapanzano@chu.ulg.ac.be,Suivi de tickets sans réponse - Mozilla Thunderbird,Tâches diverses,2021-10-27,15:44:07,00:00:02
stefano.crapanzano@chu.ulg.ac.be,Rédaction : Re: Suivi de tickets sans réponse - Thunderbird,Helpdesk général,2021-10-27,15:42:44,00:01:14
stefano.crapanzano@chu.ulg.ac.be,Rédaction : Re: Suivi de tickets sans réponse - Thunderbird,Helpdesk général,2021-10-27,15:44:42,00:00:27
stefano.crapanzano@chu.ulg.ac.be,Rédaction : Re: Suivi de tickets sans réponse - Thunderbird,Helpdesk général,2021-10-27,15:46:22,00:01:06
stefano.crapanzano@chu.ulg.ac.be,Rédaction : Re: Suivi de tickets sans réponse - Thunderbird,Helpdesk général,2021-10-27,15:47:42,00:00:44
stefano.crapanzano@chu.ulg.ac.be,Rédaction : Re: Suivi de tickets sans réponse - Thunderbird,Helpdesk général,2021-10-27,15:48:43,00:00:16
stefano.crapanzano@chu.ulg.ac.be,Rédaction : Re: Suivi de tickets sans réponse - Thunderbird,Helpdesk général,2021-10-27,15:49:09,00:00:04
stefano.crapanzano@chu.ulg.ac.be,Rédaction : Re: Suivi de tickets sans réponse - Thunderbird,Helpdesk général,2021-10-27,15:49:16,00:00:02
stefano.crapanzano@chu.ulg.ac.be,Rédaction : Re: Suivi de tickets sans réponse - Thunderbird,Helpdesk général,2021-10-27,15:49:23,00:01:49
stefano.crapanzano@chu.ulg.ac.be,Enregistrer le message,Helpdesk général,2021-10-27,15:51:13,00:00:02
stefano.crapanzano@chu.ulg.ac.be,A03-203 CHU erreur validation des données A03 - FMDERIVER - Xperthis ERP4HC 2.0 Rollout - Service d'assistance - Google Chrome,Tâches diverses,2021-10-27,15:51:34,00:00:27
stefano.crapanzano@chu.ulg.ac.be,P203 CHU Discordance Logistique et finance - Xperthis ERP4HC 1.0 - Service d'assistance - Google Chrome,Tâches diverses,2021-10-27,15:52:06,00:00:09
stefano.crapanzano@chu.ulg.ac.be,P203 PE2 Demande de création d'un matricule H en PE2 - Xperthis ERP4HC 1.0 - Service d'assistance - Google Chrome,Tâches diverses,2021-10-27,15:52:20,00:00:08
stefano.crapanzano@chu.ulg.ac.be,ME21N - impossible de créer un bon de commande en X01 - Xperthis ERP4HC 2.0 Rollout - Service d'assistance - Google Chrome,Tâches diverses,2021-10-27,15:52:35,00:00:13
stefano.crapanzano@chu.ulg.ac.be,netop lecture des enregistrements souris visible - Recherche Google - Google Chrome,Tâches diverses,2021-10-27,15:53:41,00:00:06
stefano.crapanzano@chu.ulg.ac.be,Réceptionnaire  centre de coût et compte général pas remplis - Xperthis ERP4HC 2.0 Rollout - Service d'assistance - Google Chrome,Tâches diverses,2021-10-27,15:53:54,00:00:02
