Email,Description,Project,Start date,Start time,Duration
stefano.crapanzano@chu.ulg.ac.be,Administrateur : Perl (command line) - python  main.py,IT,2021-10-28,08:38:54,00:00:04
stefano.crapanzano@chu.ulg.ac.be,Courrier entrant - stefano.crapanzano@chuliege.be - Mozilla Thunderbird,Helpdesk général,2021-10-28,08:52:14,00:00:14
stefano.crapanzano@chu.ulg.ac.be,Courrier entrant - stefano.crapanzano@chuliege.be - Mozilla Thunderbird,Helpdesk général,2021-10-28,08:52:40,00:00:05
stefano.crapanzano@chu.ulg.ac.be,Courrier entrant - stefano.crapanzano@chuliege.be - Mozilla Thunderbird,Helpdesk général,2021-10-28,08:53:05,00:00:09
stefano.crapanzano@chu.ulg.ac.be,Courrier entrant - stefano.crapanzano@chuliege.be - Mozilla Thunderbird,Helpdesk général,2021-10-28,09:18:07,00:00:02
stefano.crapanzano@chu.ulg.ac.be,Courrier entrant - stefano.crapanzano@chuliege.be - Mozilla Thunderbird,Helpdesk général,2021-10-28,09:18:11,00:00:05
stefano.crapanzano@chu.ulg.ac.be,Courrier entrant - stefano.crapanzano@chuliege.be - Mozilla Thunderbird,Helpdesk général,2021-10-28,09:52:02,00:00:16
stefano.crapanzano@chu.ulg.ac.be,Courrier entrant - stefano.crapanzano@chuliege.be - Mozilla Thunderbird,Helpdesk général,2021-10-28,09:52:41,00:04:03
stefano.crapanzano@chu.ulg.ac.be,Courrier entrant - stefano.crapanzano@chuliege.be - Mozilla Thunderbird,Helpdesk général,2021-10-28,12:13:27,00:00:02
stefano.crapanzano@chu.ulg.ac.be,Courrier entrant - stefano.crapanzano@chuliege.be - Mozilla Thunderbird,Helpdesk général,2021-10-28,12:37:24,00:00:03
stefano.crapanzano@chu.ulg.ac.be,Courrier entrant - stefano.crapanzano@chuliege.be - Mozilla Thunderbird,Helpdesk général,2021-10-28,12:37:33,00:00:20
stefano.crapanzano@chu.ulg.ac.be,Courrier entrant - stefano.crapanzano@chuliege.be - Mozilla Thunderbird,Helpdesk général,2021-10-28,12:47:13,00:00:02
stefano.crapanzano@chu.ulg.ac.be,Courrier entrant - stefano.crapanzano@chuliege.be - Mozilla Thunderbird,Helpdesk général,2021-10-28,13:08:44,00:00:05
stefano.crapanzano@chu.ulg.ac.be,Courrier entrant - stefano.crapanzano@chuliege.be - Mozilla Thunderbird,Helpdesk général,2021-10-28,13:08:53,00:00:02
stefano.crapanzano@chu.ulg.ac.be,Courrier entrant - stefano.crapanzano@chuliege.be - Mozilla Thunderbird,Helpdesk général,2021-10-28,14:01:23,00:00:20
stefano.crapanzano@chu.ulg.ac.be,Courrier entrant - stefano.crapanzano@chuliege.be - Mozilla Thunderbird,Helpdesk général,2021-10-28,15:06:45,00:00:02
stefano.crapanzano@chu.ulg.ac.be,Courrier entrant - stefano.crapanzano@chuliege.be - Mozilla Thunderbird,Helpdesk général,2021-10-28,15:30:31,00:00:05
stefano.crapanzano@chu.ulg.ac.be,Courrier entrant - stefano.crapanzano@chuliege.be - Mozilla Thunderbird,Helpdesk général,2021-10-28,15:35:13,00:00:14
stefano.crapanzano@chu.ulg.ac.be,Courrier entrant - stefano.crapanzano@chuliege.be - Mozilla Thunderbird,Helpdesk général,2021-10-28,15:37:30,00:00:46
stefano.crapanzano@chu.ulg.ac.be,Courrier entrant - stefano.crapanzano@chuliege.be - Mozilla Thunderbird,Helpdesk général,2021-10-28,15:38:17,00:00:08
stefano.crapanzano@chu.ulg.ac.be,Courrier entrant - stefano.crapanzano@chuliege.be - Mozilla Thunderbird,Exploration SAP,2021-10-28,16:11:19,00:00:02
stefano.crapanzano@chu.ulg.ac.be,Courrier entrant - stefano.crapanzano@chuliege.be - Mozilla Thunderbird,Helpdesk général,2021-10-28,16:11:24,00:00:05
stefano.crapanzano@chu.ulg.ac.be,Courrier entrant - stefano.crapanzano@chuliege.be - Mozilla Thunderbird,Helpdesk général,2021-10-28,16:12:56,00:00:04
stefano.crapanzano@chu.ulg.ac.be,Courrier entrant - stefano.crapanzano@chuliege.be - Mozilla Thunderbird,Helpdesk général,2021-10-28,16:13:02,00:00:02
stefano.crapanzano@chu.ulg.ac.be,Courrier entrant - stefano.crapanzano@chuliege.be - Mozilla Thunderbird,Helpdesk général,2021-10-28,16:22:47,00:00:55
stefano.crapanzano@chu.ulg.ac.be,Courrier entrant - stefano.crapanzano@chuliege.be - Mozilla Thunderbird,Helpdesk général,2021-10-28,16:28:10,00:00:02
stefano.crapanzano@chu.ulg.ac.be,Courrier entrant - erp.sai@chuliege.be - Mozilla Thunderbird,Helpdesk général,2021-10-28,08:39:00,00:00:05
stefano.crapanzano@chu.ulg.ac.be,Courrier entrant - erp.sai@chuliege.be - Mozilla Thunderbird,Helpdesk général,2021-10-28,08:51:45,00:00:02
stefano.crapanzano@chu.ulg.ac.be,Courrier entrant - erp.sai@chuliege.be - Mozilla Thunderbird,Helpdesk général,2021-10-28,08:52:08,00:00:05
stefano.crapanzano@chu.ulg.ac.be,Courrier entrant - erp.sai@chuliege.be - Mozilla Thunderbird,Helpdesk général,2021-10-28,09:19:11,00:00:04
stefano.crapanzano@chu.ulg.ac.be,Courrier entrant - erp.sai@chuliege.be - Mozilla Thunderbird,Helpdesk général,2021-10-28,09:22:02,00:00:02
stefano.crapanzano@chu.ulg.ac.be,Courrier entrant - erp.sai@chuliege.be - Mozilla Thunderbird,Helpdesk général,2021-10-28,09:27:49,00:12:45
stefano.crapanzano@chu.ulg.ac.be,Courrier entrant - erp.sai@chuliege.be - Mozilla Thunderbird,Helpdesk général,2021-10-28,09:40:36,00:01:50
stefano.crapanzano@chu.ulg.ac.be,Courrier entrant - erp.sai@chuliege.be - Mozilla Thunderbird,Helpdesk général,2021-10-28,09:42:55,00:00:43
stefano.crapanzano@chu.ulg.ac.be,Courrier entrant - erp.sai@chuliege.be - Mozilla Thunderbird,Helpdesk général,2021-10-28,09:43:39,00:00:12
stefano.crapanzano@chu.ulg.ac.be,Courrier entrant - erp.sai@chuliege.be - Mozilla Thunderbird,Helpdesk général,2021-10-28,09:43:54,00:01:56
stefano.crapanzano@chu.ulg.ac.be,Courrier entrant - erp.sai@chuliege.be - Mozilla Thunderbird,Helpdesk général,2021-10-28,09:45:53,00:03:47
stefano.crapanzano@chu.ulg.ac.be,Courrier entrant - erp.sai@chuliege.be - Mozilla Thunderbird,Helpdesk général,2021-10-28,09:49:44,00:01:59
stefano.crapanzano@chu.ulg.ac.be,Courrier entrant - erp.sai@chuliege.be - Mozilla Thunderbird,Helpdesk général,2021-10-28,09:52:18,00:00:02
stefano.crapanzano@chu.ulg.ac.be,Courrier entrant - erp.sai@chuliege.be - Mozilla Thunderbird,Helpdesk général,2021-10-28,09:52:23,00:00:17
stefano.crapanzano@chu.ulg.ac.be,Courrier entrant - erp.sai@chuliege.be - Mozilla Thunderbird,Helpdesk général,2021-10-28,09:58:08,00:00:05
stefano.crapanzano@chu.ulg.ac.be,Courrier entrant - erp.sai@chuliege.be - Mozilla Thunderbird,Helpdesk général,2021-10-28,10:02:12,00:00:34
stefano.crapanzano@chu.ulg.ac.be,Courrier entrant - erp.sai@chuliege.be - Mozilla Thunderbird,Helpdesk général,2021-10-28,10:05:08,00:00:02
stefano.crapanzano@chu.ulg.ac.be,Courrier entrant - erp.sai@chuliege.be - Mozilla Thunderbird,Helpdesk général,2021-10-28,10:05:12,00:03:11
stefano.crapanzano@chu.ulg.ac.be,Courrier entrant - erp.sai@chuliege.be - Mozilla Thunderbird,Helpdesk général,2021-10-28,10:08:25,00:02:06
stefano.crapanzano@chu.ulg.ac.be,Courrier entrant - erp.sai@chuliege.be - Mozilla Thunderbird,Helpdesk général,2021-10-28,10:14:06,00:00:09
stefano.crapanzano@chu.ulg.ac.be,Courrier entrant - erp.sai@chuliege.be - Mozilla Thunderbird,Helpdesk général,2021-10-28,10:14:51,00:00:02
stefano.crapanzano@chu.ulg.ac.be,Courrier entrant - erp.sai@chuliege.be - Mozilla Thunderbird,Helpdesk général,2021-10-28,10:21:08,00:00:28
stefano.crapanzano@chu.ulg.ac.be,Courrier entrant - erp.sai@chuliege.be - Mozilla Thunderbird,Helpdesk général,2021-10-28,10:28:01,00:00:10
stefano.crapanzano@chu.ulg.ac.be,Courrier entrant - erp.sai@chuliege.be - Mozilla Thunderbird,Helpdesk général,2021-10-28,10:36:44,00:00:02
stefano.crapanzano@chu.ulg.ac.be,Courrier entrant - erp.sai@chuliege.be - Mozilla Thunderbird,Helpdesk général,2021-10-28,11:51:25,00:04:00
stefano.crapanzano@chu.ulg.ac.be,Courrier entrant - erp.sai@chuliege.be - Mozilla Thunderbird,IT,2021-10-28,12:11:32,00:00:17
stefano.crapanzano@chu.ulg.ac.be,Courrier entrant - erp.sai@chuliege.be - Mozilla Thunderbird,Helpdesk général,2021-10-28,12:13:30,00:01:01
stefano.crapanzano@chu.ulg.ac.be,Courrier entrant - erp.sai@chuliege.be - Mozilla Thunderbird,Tâches diverses,2021-10-28,12:34:18,00:00:16
stefano.crapanzano@chu.ulg.ac.be,Courrier entrant - erp.sai@chuliege.be - Mozilla Thunderbird,Tâches diverses,2021-10-28,12:35:20,00:00:02
stefano.crapanzano@chu.ulg.ac.be,Courrier entrant - erp.sai@chuliege.be - Mozilla Thunderbird,Helpdesk général,2021-10-28,12:37:53,00:00:37
stefano.crapanzano@chu.ulg.ac.be,Courrier entrant - erp.sai@chuliege.be - Mozilla Thunderbird,Helpdesk général,2021-10-28,12:47:00,00:00:13
stefano.crapanzano@chu.ulg.ac.be,Courrier entrant - erp.sai@chuliege.be - Mozilla Thunderbird,Helpdesk général,2021-10-28,12:47:16,00:00:06
stefano.crapanzano@chu.ulg.ac.be,Courrier entrant - erp.sai@chuliege.be - Mozilla Thunderbird,Helpdesk général,2021-10-28,12:55:37,00:00:03
stefano.crapanzano@chu.ulg.ac.be,Courrier entrant - erp.sai@chuliege.be - Mozilla Thunderbird,IT,2021-10-28,12:55:57,00:00:16
stefano.crapanzano@chu.ulg.ac.be,Courrier entrant - erp.sai@chuliege.be - Mozilla Thunderbird,Helpdesk général,2021-10-28,13:00:36,00:00:05
stefano.crapanzano@chu.ulg.ac.be,Courrier entrant - erp.sai@chuliege.be - Mozilla Thunderbird,Helpdesk général,2021-10-28,13:08:56,00:00:18
stefano.crapanzano@chu.ulg.ac.be,Courrier entrant - erp.sai@chuliege.be - Mozilla Thunderbird,Helpdesk général,2021-10-28,13:09:32,00:00:06
stefano.crapanzano@chu.ulg.ac.be,Courrier entrant - erp.sai@chuliege.be - Mozilla Thunderbird,Helpdesk général,2021-10-28,13:15:33,00:00:03
stefano.crapanzano@chu.ulg.ac.be,Courrier entrant - erp.sai@chuliege.be - Mozilla Thunderbird,Helpdesk général,2021-10-28,13:19:11,00:00:02
stefano.crapanzano@chu.ulg.ac.be,Courrier entrant - erp.sai@chuliege.be - Mozilla Thunderbird,Helpdesk général,2021-10-28,13:19:15,00:00:04
stefano.crapanzano@chu.ulg.ac.be,Courrier entrant - erp.sai@chuliege.be - Mozilla Thunderbird,Helpdesk général,2021-10-28,13:19:54,00:00:02
stefano.crapanzano@chu.ulg.ac.be,Courrier entrant - erp.sai@chuliege.be - Mozilla Thunderbird,Helpdesk général,2021-10-28,13:21:32,00:01:03
stefano.crapanzano@chu.ulg.ac.be,Courrier entrant - erp.sai@chuliege.be - Mozilla Thunderbird,Helpdesk général,2021-10-28,13:22:46,00:00:58
stefano.crapanzano@chu.ulg.ac.be,Courrier entrant - erp.sai@chuliege.be - Mozilla Thunderbird,Helpdesk général,2021-10-28,13:28:08,00:01:25
stefano.crapanzano@chu.ulg.ac.be,Courrier entrant - erp.sai@chuliege.be - Mozilla Thunderbird,Helpdesk général,2021-10-28,13:29:35,00:02:51
stefano.crapanzano@chu.ulg.ac.be,Courrier entrant - erp.sai@chuliege.be - Mozilla Thunderbird,Helpdesk général,2021-10-28,13:32:27,00:00:02
stefano.crapanzano@chu.ulg.ac.be,Courrier entrant - erp.sai@chuliege.be - Mozilla Thunderbird,Helpdesk général,2021-10-28,13:58:51,00:00:03
stefano.crapanzano@chu.ulg.ac.be,Courrier entrant - erp.sai@chuliege.be - Mozilla Thunderbird,Helpdesk général,2021-10-28,13:58:56,00:00:04
stefano.crapanzano@chu.ulg.ac.be,Courrier entrant - erp.sai@chuliege.be - Mozilla Thunderbird,Tâches diverses,2021-10-28,13:59:10,00:00:02
stefano.crapanzano@chu.ulg.ac.be,Courrier entrant - erp.sai@chuliege.be - Mozilla Thunderbird,Helpdesk général,2021-10-28,13:59:47,00:00:03
stefano.crapanzano@chu.ulg.ac.be,Courrier entrant - erp.sai@chuliege.be - Mozilla Thunderbird,Helpdesk général,2021-10-28,14:01:46,00:00:02
stefano.crapanzano@chu.ulg.ac.be,Courrier entrant - erp.sai@chuliege.be - Mozilla Thunderbird,Helpdesk général,2021-10-28,14:21:25,00:00:02
stefano.crapanzano@chu.ulg.ac.be,Courrier entrant - erp.sai@chuliege.be - Mozilla Thunderbird,Helpdesk général,2021-10-28,14:55:19,00:00:12
stefano.crapanzano@chu.ulg.ac.be,Courrier entrant - erp.sai@chuliege.be - Mozilla Thunderbird,Helpdesk général,2021-10-28,14:56:15,00:00:02
stefano.crapanzano@chu.ulg.ac.be,Courrier entrant - erp.sai@chuliege.be - Mozilla Thunderbird,Helpdesk général,2021-10-28,14:59:34,00:00:02
stefano.crapanzano@chu.ulg.ac.be,Courrier entrant - erp.sai@chuliege.be - Mozilla Thunderbird,Helpdesk général,2021-10-28,15:00:52,00:00:09
stefano.crapanzano@chu.ulg.ac.be,Courrier entrant - erp.sai@chuliege.be - Mozilla Thunderbird,Helpdesk général,2021-10-28,15:17:15,00:00:55
stefano.crapanzano@chu.ulg.ac.be,Courrier entrant - erp.sai@chuliege.be - Mozilla Thunderbird,Helpdesk général,2021-10-28,15:18:13,00:03:23
stefano.crapanzano@chu.ulg.ac.be,Courrier entrant - erp.sai@chuliege.be - Mozilla Thunderbird,Helpdesk général,2021-10-28,15:21:38,00:00:02
stefano.crapanzano@chu.ulg.ac.be,Courrier entrant - erp.sai@chuliege.be - Mozilla Thunderbird,Helpdesk général,2021-10-28,15:21:42,00:00:39
stefano.crapanzano@chu.ulg.ac.be,Courrier entrant - erp.sai@chuliege.be - Mozilla Thunderbird,Helpdesk général,2021-10-28,15:22:23,00:00:06
stefano.crapanzano@chu.ulg.ac.be,Courrier entrant - erp.sai@chuliege.be - Mozilla Thunderbird,Helpdesk général,2021-10-28,15:22:31,00:00:05
stefano.crapanzano@chu.ulg.ac.be,Courrier entrant - erp.sai@chuliege.be - Mozilla Thunderbird,Helpdesk général,2021-10-28,15:27:40,00:02:36
stefano.crapanzano@chu.ulg.ac.be,Courrier entrant - erp.sai@chuliege.be - Mozilla Thunderbird,Helpdesk général,2021-10-28,15:30:52,00:04:20
stefano.crapanzano@chu.ulg.ac.be,Courrier entrant - erp.sai@chuliege.be - Mozilla Thunderbird,Helpdesk général,2021-10-28,15:35:28,00:00:09
stefano.crapanzano@chu.ulg.ac.be,Courrier entrant - erp.sai@chuliege.be - Mozilla Thunderbird,Helpdesk général,2021-10-28,15:38:25,00:01:14
stefano.crapanzano@chu.ulg.ac.be,Courrier entrant - erp.sai@chuliege.be - Mozilla Thunderbird,Helpdesk général,2021-10-28,15:39:43,00:00:16
stefano.crapanzano@chu.ulg.ac.be,Courrier entrant - erp.sai@chuliege.be - Mozilla Thunderbird,Helpdesk général,2021-10-28,15:43:32,00:00:04
stefano.crapanzano@chu.ulg.ac.be,Courrier entrant - erp.sai@chuliege.be - Mozilla Thunderbird,Helpdesk général,2021-10-28,15:46:45,00:02:45
stefano.crapanzano@chu.ulg.ac.be,Courrier entrant - erp.sai@chuliege.be - Mozilla Thunderbird,Helpdesk général,2021-10-28,15:50:35,00:00:02
stefano.crapanzano@chu.ulg.ac.be,Courrier entrant - erp.sai@chuliege.be - Mozilla Thunderbird,Helpdesk général,2021-10-28,15:51:04,00:00:02
stefano.crapanzano@chu.ulg.ac.be,Courrier entrant - erp.sai@chuliege.be - Mozilla Thunderbird,Helpdesk général,2021-10-28,15:52:55,00:00:35
stefano.crapanzano@chu.ulg.ac.be,Courrier entrant - erp.sai@chuliege.be - Mozilla Thunderbird,Helpdesk général,2021-10-28,15:55:29,00:00:03
stefano.crapanzano@chu.ulg.ac.be,Courrier entrant - erp.sai@chuliege.be - Mozilla Thunderbird,Helpdesk général,2021-10-28,15:55:59,00:00:02
stefano.crapanzano@chu.ulg.ac.be,Courrier entrant - erp.sai@chuliege.be - Mozilla Thunderbird,Helpdesk général,2021-10-28,16:05:18,00:00:16
stefano.crapanzano@chu.ulg.ac.be,Courrier entrant - erp.sai@chuliege.be - Mozilla Thunderbird,Helpdesk général,2021-10-28,16:11:21,00:00:02
stefano.crapanzano@chu.ulg.ac.be,Courrier entrant - erp.sai@chuliege.be - Mozilla Thunderbird,Helpdesk général,2021-10-28,16:17:55,00:00:03
stefano.crapanzano@chu.ulg.ac.be,Courrier entrant - erp.sai@chuliege.be - Mozilla Thunderbird,Helpdesk général,2021-10-28,16:19:08,00:00:06
stefano.crapanzano@chu.ulg.ac.be,Courrier entrant - erp.sai@chuliege.be - Mozilla Thunderbird,Helpdesk général,2021-10-28,16:20:14,00:00:10
stefano.crapanzano@chu.ulg.ac.be,Courrier entrant - erp.sai@chuliege.be - Mozilla Thunderbird,Helpdesk général,2021-10-28,16:23:43,00:00:04
stefano.crapanzano@chu.ulg.ac.be,Courrier entrant - erp.sai@chuliege.be - Mozilla Thunderbird,Tâches diverses,2021-10-28,16:24:31,00:00:02
stefano.crapanzano@chu.ulg.ac.be,Courrier entrant - erp.sai@chuliege.be - Mozilla Thunderbird,Helpdesk général,2021-10-28,16:24:36,00:01:21
stefano.crapanzano@chu.ulg.ac.be,Courrier entrant - erp.sai@chuliege.be - Mozilla Thunderbird,Helpdesk général,2021-10-28,16:25:59,00:00:02
stefano.crapanzano@chu.ulg.ac.be,Courrier entrant - erp.sai@chuliege.be - Mozilla Thunderbird,Helpdesk général,2021-10-28,16:26:04,00:00:09
stefano.crapanzano@chu.ulg.ac.be,Courrier entrant - erp.sai@chuliege.be - Mozilla Thunderbird,Helpdesk général,2021-10-28,16:37:54,00:01:55
stefano.crapanzano@chu.ulg.ac.be,Courrier entrant - erp.sai@chuliege.be - Mozilla Thunderbird,Helpdesk général,2021-10-28,16:40:09,00:00:40
stefano.crapanzano@chu.ulg.ac.be,Courrier entrant - erp.sai@chuliege.be - Mozilla Thunderbird,Helpdesk général,2021-10-28,16:41:56,00:00:06
stefano.crapanzano@chu.ulg.ac.be,Courrier entrant - erp.sai@chuliege.be - Mozilla Thunderbird,Helpdesk général,2021-10-28,16:42:20,00:06:35
stefano.crapanzano@chu.ulg.ac.be,Courrier entrant - erp.sai@chuliege.be - Mozilla Thunderbird,Helpdesk général,2021-10-28,16:51:15,00:00:02
stefano.crapanzano@chu.ulg.ac.be,Courrier entrant - erp.sai@chuliege.be - Mozilla Thunderbird,Helpdesk général,2021-10-28,16:52:18,00:00:06
stefano.crapanzano@chu.ulg.ac.be,Réceptionnaire  centre de coût et compte général pas remplis - Xperthis ERP4HC 2.0 Rollout - Service d'assistance - Google Chrome,Helpdesk général,2021-10-28,08:39:05,00:00:02
stefano.crapanzano@chu.ulg.ac.be,Réceptionnaire  centre de coût et compte général pas remplis - Xperthis ERP4HC 2.0 Rollout - Service d'assistance - Google Chrome,Tâches diverses,2021-10-28,11:49:32,00:00:02
stefano.crapanzano@chu.ulg.ac.be,Service MT - Google Chrome,Tâches diverses,2021-10-28,08:39:21,00:00:10
stefano.crapanzano@chu.ulg.ac.be,Service MT - Google Chrome,Tâches diverses,2021-10-28,08:51:16,00:00:25
stefano.crapanzano@chu.ulg.ac.be,Service MT - Google Chrome,Tâches diverses,2021-10-28,08:53:20,00:00:10
stefano.crapanzano@chu.ulg.ac.be,Service MT - Google Chrome,Tâches diverses,2021-10-28,13:09:15,00:00:17
stefano.crapanzano@chu.ulg.ac.be,Service MT - Google Chrome,Tâches diverses,2021-10-28,13:09:39,00:00:05
stefano.crapanzano@chu.ulg.ac.be,Service MT - Google Chrome,Tâches diverses,2021-10-28,13:18:48,00:00:22
stefano.crapanzano@chu.ulg.ac.be,Service MT - Google Chrome,Helpdesk général,2021-10-28,13:23:46,00:00:02
stefano.crapanzano@chu.ulg.ac.be,Service MT - Google Chrome,Tâches diverses,2021-10-28,13:27:50,00:00:17
stefano.crapanzano@chu.ulg.ac.be,Service MT - Google Chrome,Tâches diverses,2021-10-28,13:33:38,00:00:03
stefano.crapanzano@chu.ulg.ac.be,Service MT - Google Chrome,Tâches diverses,2021-10-28,13:59:00,00:00:02
stefano.crapanzano@chu.ulg.ac.be,Service MT - Google Chrome,Tâches diverses,2021-10-28,14:02:05,00:00:13
stefano.crapanzano@chu.ulg.ac.be,Service MT - Google Chrome,Tâches diverses,2021-10-28,15:00:15,00:00:03
stefano.crapanzano@chu.ulg.ac.be,Service MT - Google Chrome,Tâches diverses,2021-10-28,15:22:37,00:00:02
stefano.crapanzano@chu.ulg.ac.be,Service MT - Google Chrome,Tâches diverses,2021-10-28,15:50:56,00:00:08
stefano.crapanzano@chu.ulg.ac.be,Service MT - Google Chrome,Tâches diverses,2021-10-28,15:51:29,00:00:09
stefano.crapanzano@chu.ulg.ac.be,Service MT - Google Chrome,Tâches diverses,2021-10-28,16:16:38,00:00:05
stefano.crapanzano@chu.ulg.ac.be,Service MT - Google Chrome,Tâches diverses,2021-10-28,16:24:01,00:00:29
stefano.crapanzano@chu.ulg.ac.be,Service MT - Google Chrome,Tâches diverses,2021-10-28,16:26:14,00:00:05
stefano.crapanzano@chu.ulg.ac.be,Identification - Google Chrome,Tâches diverses,2021-10-28,08:39:09,00:00:10
stefano.crapanzano@chu.ulg.ac.be,1 Pris en Charge - erp.sai@chuliege.be - Mozilla Thunderbird,Helpdesk général,2021-10-28,08:39:33,00:00:05
stefano.crapanzano@chu.ulg.ac.be,Lecture documentation,Tâches diverses,2021-10-28,08:39:39,00:00:06
stefano.crapanzano@chu.ulg.ac.be,Lecture documentation,Tâches diverses,2021-10-28,08:40:02,00:11:14
stefano.crapanzano@chu.ulg.ac.be,Lecture documentation,Tâches diverses,2021-10-28,08:52:29,00:00:11
stefano.crapanzano@chu.ulg.ac.be,Lecture documentation,Tâches diverses,2021-10-28,08:52:45,00:00:18
stefano.crapanzano@chu.ulg.ac.be,Lecture documentation,Tâches diverses,2021-10-28,08:54:32,00:15:08
stefano.crapanzano@chu.ulg.ac.be,Lecture documentation,Tâches diverses,2021-10-28,09:18:25,00:00:02
stefano.crapanzano@chu.ulg.ac.be,Lecture documentation,Tâches diverses,2021-10-28,09:22:05,00:05:41
stefano.crapanzano@chu.ulg.ac.be,Lecture documentation,Tâches diverses,2021-10-28,09:42:47,00:00:08
stefano.crapanzano@chu.ulg.ac.be,Lecture documentation,Tâches diverses,2021-10-28,09:51:50,00:00:02
stefano.crapanzano@chu.ulg.ac.be,Lecture documentation,Tâches diverses,2021-10-28,09:56:46,00:01:18
stefano.crapanzano@chu.ulg.ac.be,Lecture documentation,Tâches diverses,2021-10-28,09:58:13,00:01:20
stefano.crapanzano@chu.ulg.ac.be,Lecture documentation,Tâches diverses,2021-10-28,09:59:38,00:01:36
stefano.crapanzano@chu.ulg.ac.be,Lecture documentation,Tâches diverses,2021-10-28,10:01:18,00:00:52
stefano.crapanzano@chu.ulg.ac.be,Lecture documentation,Tâches diverses,2021-10-28,10:02:47,00:01:32
stefano.crapanzano@chu.ulg.ac.be,Lecture documentation,Tâches diverses,2021-10-28,10:04:21,00:00:46
stefano.crapanzano@chu.ulg.ac.be,Lecture documentation,Tâches diverses,2021-10-28,10:28:36,00:00:02
stefano.crapanzano@chu.ulg.ac.be,Lecture documentation,Tâches diverses,2021-10-28,11:14:18,00:00:06
stefano.crapanzano@chu.ulg.ac.be,Lecture documentation,Tâches diverses,2021-10-28,11:14:44,00:00:07
stefano.crapanzano@chu.ulg.ac.be,Lecture documentation,Tâches diverses,2021-10-28,12:37:28,00:00:03
stefano.crapanzano@chu.ulg.ac.be,Lecture documentation,Tâches diverses,2021-10-28,13:17:21,00:00:16
stefano.crapanzano@chu.ulg.ac.be,Lecture documentation,Tâches diverses,2021-10-28,13:17:39,00:00:07
stefano.crapanzano@chu.ulg.ac.be,Lecture documentation,Tâches diverses,2021-10-28,13:17:56,00:00:11
stefano.crapanzano@chu.ulg.ac.be,Lecture documentation,Tâches diverses,2021-10-28,13:18:11,00:00:07
stefano.crapanzano@chu.ulg.ac.be,Lecture documentation,Tâches diverses,2021-10-28,13:18:21,00:00:06
stefano.crapanzano@chu.ulg.ac.be,Lecture documentation,Tâches diverses,2021-10-28,13:18:29,00:00:08
stefano.crapanzano@chu.ulg.ac.be,Lecture documentation,Tâches diverses,2021-10-28,13:19:59,00:01:02
stefano.crapanzano@chu.ulg.ac.be,Lecture documentation,Tâches diverses,2021-10-28,13:21:03,00:00:29
stefano.crapanzano@chu.ulg.ac.be,Lecture documentation,Tâches diverses,2021-10-28,13:24:24,00:01:22
stefano.crapanzano@chu.ulg.ac.be,Lecture documentation,Tâches diverses,2021-10-28,13:25:52,00:01:44
stefano.crapanzano@chu.ulg.ac.be,Lecture documentation,Tâches diverses,2021-10-28,13:33:43,00:24:34
stefano.crapanzano@chu.ulg.ac.be,Lecture documentation,Tâches diverses,2021-10-28,13:58:19,00:00:29
stefano.crapanzano@chu.ulg.ac.be,Lecture documentation,Tâches diverses,2021-10-28,14:02:18,00:12:28
stefano.crapanzano@chu.ulg.ac.be,Lecture documentation,Tâches diverses,2021-10-28,14:14:48,00:06:34
stefano.crapanzano@chu.ulg.ac.be,Lecture documentation,Tâches diverses,2021-10-28,14:21:29,00:08:13
stefano.crapanzano@chu.ulg.ac.be,Lecture documentation,Tâches diverses,2021-10-28,15:00:19,00:00:07
stefano.crapanzano@chu.ulg.ac.be,Lecture documentation,Tâches diverses,2021-10-28,15:01:02,00:05:41
stefano.crapanzano@chu.ulg.ac.be,Lecture documentation,Tâches diverses,2021-10-28,15:07:53,00:08:52
stefano.crapanzano@chu.ulg.ac.be,Lecture documentation,Tâches diverses,2021-10-28,15:17:06,00:00:05
stefano.crapanzano@chu.ulg.ac.be,Lecture documentation,Tâches diverses,2021-10-28,15:23:19,00:04:20
stefano.crapanzano@chu.ulg.ac.be,Lecture documentation,Tâches diverses,2021-10-28,15:35:40,00:01:50
stefano.crapanzano@chu.ulg.ac.be,Lecture documentation,Tâches diverses,2021-10-28,15:39:59,00:01:48
stefano.crapanzano@chu.ulg.ac.be,Lecture documentation,Tâches diverses,2021-10-28,15:43:47,00:00:05
stefano.crapanzano@chu.ulg.ac.be,Lecture documentation,Tâches diverses,2021-10-28,15:43:53,00:02:50
stefano.crapanzano@chu.ulg.ac.be,Lecture documentation,Tâches diverses,2021-10-28,15:49:30,00:00:06
stefano.crapanzano@chu.ulg.ac.be,Lecture documentation,Tâches diverses,2021-10-28,15:49:39,00:00:54
stefano.crapanzano@chu.ulg.ac.be,Lecture documentation,Tâches diverses,2021-10-28,15:52:01,00:00:54
stefano.crapanzano@chu.ulg.ac.be,Lecture documentation,Tâches diverses,2021-10-28,15:55:35,00:00:02
stefano.crapanzano@chu.ulg.ac.be,Lecture documentation,Tâches diverses,2021-10-28,15:55:40,00:00:18
stefano.crapanzano@chu.ulg.ac.be,Lecture documentation,Tâches diverses,2021-10-28,16:13:14,00:00:02
stefano.crapanzano@chu.ulg.ac.be,Lecture documentation,Tâches diverses,2021-10-28,16:18:58,00:00:07
stefano.crapanzano@chu.ulg.ac.be,Lecture documentation,Tâches diverses,2021-10-28,16:20:28,00:00:16
stefano.crapanzano@chu.ulg.ac.be,Lecture documentation,Tâches diverses,2021-10-28,16:26:41,00:01:28
stefano.crapanzano@chu.ulg.ac.be,Lecture documentation,Tâches diverses,2021-10-28,16:28:12,00:07:26
stefano.crapanzano@chu.ulg.ac.be,Lecture documentation,Tâches diverses,2021-10-28,16:35:43,00:02:10
stefano.crapanzano@chu.ulg.ac.be,Lecture documentation,Tâches diverses,2021-10-28,16:48:55,00:02:19
stefano.crapanzano@chu.ulg.ac.be,Lecture documentation,Tâches diverses,2021-10-28,16:52:29,00:07:41
stefano.crapanzano@chu.ulg.ac.be,Navigation système de fichier,IT,2021-10-28,08:39:53,00:00:05
stefano.crapanzano@chu.ulg.ac.be,Navigation système de fichier,IT,2021-10-28,08:52:05,00:00:03
stefano.crapanzano@chu.ulg.ac.be,Navigation système de fichier,IT,2021-10-28,08:53:31,00:00:06
stefano.crapanzano@chu.ulg.ac.be,Navigation système de fichier,IT,2021-10-28,09:42:29,00:00:02
stefano.crapanzano@chu.ulg.ac.be,Navigation système de fichier,IT,2021-10-28,10:10:31,00:01:24
stefano.crapanzano@chu.ulg.ac.be,Navigation système de fichier,IT,2021-10-28,10:12:17,00:00:02
stefano.crapanzano@chu.ulg.ac.be,Navigation système de fichier,IT,2021-10-28,10:12:24,00:00:12
stefano.crapanzano@chu.ulg.ac.be,Navigation système de fichier,IT,2021-10-28,10:12:43,00:00:26
stefano.crapanzano@chu.ulg.ac.be,Navigation système de fichier,IT,2021-10-28,10:13:14,00:00:02
stefano.crapanzano@chu.ulg.ac.be,Navigation système de fichier,IT,2021-10-28,10:20:58,00:00:04
stefano.crapanzano@chu.ulg.ac.be,Navigation système de fichier,IT,2021-10-28,10:21:38,00:00:14
stefano.crapanzano@chu.ulg.ac.be,Navigation système de fichier,IT,2021-10-28,10:25:51,00:00:10
stefano.crapanzano@chu.ulg.ac.be,Navigation système de fichier,IT,2021-10-28,10:31:50,00:00:15
stefano.crapanzano@chu.ulg.ac.be,Navigation système de fichier,IT,2021-10-28,10:32:51,00:00:51
stefano.crapanzano@chu.ulg.ac.be,Navigation système de fichier,IT,2021-10-28,10:35:24,00:01:12
stefano.crapanzano@chu.ulg.ac.be,Navigation système de fichier,IT,2021-10-28,10:37:35,00:00:08
stefano.crapanzano@chu.ulg.ac.be,Navigation système de fichier,IT,2021-10-28,10:37:47,00:00:02
stefano.crapanzano@chu.ulg.ac.be,Navigation système de fichier,IT,2021-10-28,10:38:02,00:00:05
stefano.crapanzano@chu.ulg.ac.be,Navigation système de fichier,IT,2021-10-28,10:38:40,00:00:07
stefano.crapanzano@chu.ulg.ac.be,Navigation système de fichier,IT,2021-10-28,10:39:16,00:00:58
stefano.crapanzano@chu.ulg.ac.be,Navigation système de fichier,IT,2021-10-28,10:40:26,00:00:08
stefano.crapanzano@chu.ulg.ac.be,Navigation système de fichier,IT,2021-10-28,10:41:11,00:01:35
stefano.crapanzano@chu.ulg.ac.be,Navigation système de fichier,IT,2021-10-28,10:43:39,00:00:03
stefano.crapanzano@chu.ulg.ac.be,Navigation système de fichier,IT,2021-10-28,10:44:21,00:00:08
stefano.crapanzano@chu.ulg.ac.be,Navigation système de fichier,IT,2021-10-28,10:46:00,00:00:18
stefano.crapanzano@chu.ulg.ac.be,Navigation système de fichier,IT,2021-10-28,10:47:49,00:00:29
stefano.crapanzano@chu.ulg.ac.be,Navigation système de fichier,IT,2021-10-28,10:48:29,00:00:14
stefano.crapanzano@chu.ulg.ac.be,Navigation système de fichier,IT,2021-10-28,10:49:03,00:00:05
stefano.crapanzano@chu.ulg.ac.be,Navigation système de fichier,IT,2021-10-28,10:50:04,00:00:02
stefano.crapanzano@chu.ulg.ac.be,Navigation système de fichier,IT,2021-10-28,10:51:42,00:00:20
stefano.crapanzano@chu.ulg.ac.be,Navigation système de fichier,IT,2021-10-28,10:52:07,00:00:19
stefano.crapanzano@chu.ulg.ac.be,Navigation système de fichier,IT,2021-10-28,10:55:14,00:00:17
stefano.crapanzano@chu.ulg.ac.be,Navigation système de fichier,IT,2021-10-28,10:55:45,00:01:10
stefano.crapanzano@chu.ulg.ac.be,Navigation système de fichier,IT,2021-10-28,10:58:42,00:01:28
stefano.crapanzano@chu.ulg.ac.be,Navigation système de fichier,IT,2021-10-28,11:00:45,00:00:02
stefano.crapanzano@chu.ulg.ac.be,Navigation système de fichier,IT,2021-10-28,11:00:48,00:00:03
stefano.crapanzano@chu.ulg.ac.be,Navigation système de fichier,IT,2021-10-28,11:00:59,00:00:02
stefano.crapanzano@chu.ulg.ac.be,Navigation système de fichier,IT,2021-10-28,11:09:28,00:00:03
stefano.crapanzano@chu.ulg.ac.be,Navigation système de fichier,IT,2021-10-28,11:09:35,00:03:30
stefano.crapanzano@chu.ulg.ac.be,Navigation système de fichier,IT,2021-10-28,11:13:11,00:00:02
stefano.crapanzano@chu.ulg.ac.be,Navigation système de fichier,IT,2021-10-28,11:14:14,00:00:03
stefano.crapanzano@chu.ulg.ac.be,Navigation système de fichier,IT,2021-10-28,11:14:39,00:00:02
stefano.crapanzano@chu.ulg.ac.be,Navigation système de fichier,IT,2021-10-28,11:14:51,00:00:02
stefano.crapanzano@chu.ulg.ac.be,Navigation système de fichier,IT,2021-10-28,11:16:09,00:00:03
stefano.crapanzano@chu.ulg.ac.be,Navigation système de fichier,IT,2021-10-28,11:16:49,00:00:02
stefano.crapanzano@chu.ulg.ac.be,Navigation système de fichier,IT,2021-10-28,11:19:47,00:00:06
stefano.crapanzano@chu.ulg.ac.be,Navigation système de fichier,IT,2021-10-28,11:20:16,00:00:03
stefano.crapanzano@chu.ulg.ac.be,Navigation système de fichier,IT,2021-10-28,11:20:22,00:00:07
stefano.crapanzano@chu.ulg.ac.be,Navigation système de fichier,IT,2021-10-28,11:21:44,00:00:12
stefano.crapanzano@chu.ulg.ac.be,Navigation système de fichier,IT,2021-10-28,11:24:38,00:00:02
stefano.crapanzano@chu.ulg.ac.be,Navigation système de fichier,IT,2021-10-28,11:32:25,00:00:22
stefano.crapanzano@chu.ulg.ac.be,Navigation système de fichier,IT,2021-10-28,11:33:28,00:00:02
stefano.crapanzano@chu.ulg.ac.be,Navigation système de fichier,IT,2021-10-28,11:40:26,00:00:02
stefano.crapanzano@chu.ulg.ac.be,Navigation système de fichier,IT,2021-10-28,11:40:48,00:00:06
stefano.crapanzano@chu.ulg.ac.be,Navigation système de fichier,IT,2021-10-28,11:41:21,00:00:26
stefano.crapanzano@chu.ulg.ac.be,Navigation système de fichier,IT,2021-10-28,11:42:54,00:00:06
stefano.crapanzano@chu.ulg.ac.be,Navigation système de fichier,IT,2021-10-28,11:43:05,00:00:02
stefano.crapanzano@chu.ulg.ac.be,Navigation système de fichier,IT,2021-10-28,11:49:26,00:00:04
stefano.crapanzano@chu.ulg.ac.be,Navigation système de fichier,IT,2021-10-28,11:56:00,00:00:25
stefano.crapanzano@chu.ulg.ac.be,Navigation système de fichier,IT,2021-10-28,12:01:50,00:01:14
stefano.crapanzano@chu.ulg.ac.be,Navigation système de fichier,IT,2021-10-28,12:03:17,00:00:16
stefano.crapanzano@chu.ulg.ac.be,Navigation système de fichier,IT,2021-10-28,12:05:23,00:00:02
stefano.crapanzano@chu.ulg.ac.be,Navigation système de fichier,IT,2021-10-28,12:05:27,00:01:17
stefano.crapanzano@chu.ulg.ac.be,Navigation système de fichier,IT,2021-10-28,12:08:06,00:00:22
stefano.crapanzano@chu.ulg.ac.be,Navigation système de fichier,IT,2021-10-28,12:08:33,00:00:08
stefano.crapanzano@chu.ulg.ac.be,Navigation système de fichier,IT,2021-10-28,12:08:53,00:00:03
stefano.crapanzano@chu.ulg.ac.be,Navigation système de fichier,IT,2021-10-28,12:09:11,00:00:18
stefano.crapanzano@chu.ulg.ac.be,Navigation système de fichier,IT,2021-10-28,12:09:44,00:00:03
stefano.crapanzano@chu.ulg.ac.be,Navigation système de fichier,IT,2021-10-28,12:10:03,00:00:26
stefano.crapanzano@chu.ulg.ac.be,Navigation système de fichier,IT,2021-10-28,12:10:36,00:00:26
stefano.crapanzano@chu.ulg.ac.be,Navigation système de fichier,IT,2021-10-28,12:11:04,00:00:08
stefano.crapanzano@chu.ulg.ac.be,Navigation système de fichier,IT,2021-10-28,12:11:56,00:00:06
stefano.crapanzano@chu.ulg.ac.be,Navigation système de fichier,IT,2021-10-28,12:12:40,00:00:05
stefano.crapanzano@chu.ulg.ac.be,Navigation système de fichier,IT,2021-10-28,12:12:53,00:00:34
stefano.crapanzano@chu.ulg.ac.be,Navigation système de fichier,IT,2021-10-28,12:15:00,00:00:32
stefano.crapanzano@chu.ulg.ac.be,Navigation système de fichier,IT,2021-10-28,12:15:40,00:00:03
stefano.crapanzano@chu.ulg.ac.be,Navigation système de fichier,IT,2021-10-28,12:17:00,00:00:05
stefano.crapanzano@chu.ulg.ac.be,Navigation système de fichier,IT,2021-10-28,12:17:17,00:00:03
stefano.crapanzano@chu.ulg.ac.be,Navigation système de fichier,IT,2021-10-28,12:17:22,00:00:36
stefano.crapanzano@chu.ulg.ac.be,Navigation système de fichier,IT,2021-10-28,12:19:25,00:00:02
stefano.crapanzano@chu.ulg.ac.be,Navigation système de fichier,IT,2021-10-28,12:19:34,00:00:13
stefano.crapanzano@chu.ulg.ac.be,Navigation système de fichier,IT,2021-10-28,12:20:31,00:00:02
stefano.crapanzano@chu.ulg.ac.be,Navigation système de fichier,IT,2021-10-28,12:26:18,00:00:02
stefano.crapanzano@chu.ulg.ac.be,Navigation système de fichier,IT,2021-10-28,12:27:16,00:00:03
stefano.crapanzano@chu.ulg.ac.be,Navigation système de fichier,IT,2021-10-28,12:27:36,00:00:05
stefano.crapanzano@chu.ulg.ac.be,Navigation système de fichier,IT,2021-10-28,12:29:14,00:00:32
stefano.crapanzano@chu.ulg.ac.be,Navigation système de fichier,IT,2021-10-28,12:30:23,00:00:02
stefano.crapanzano@chu.ulg.ac.be,Navigation système de fichier,IT,2021-10-28,12:32:25,00:00:02
stefano.crapanzano@chu.ulg.ac.be,Navigation système de fichier,IT,2021-10-28,13:00:43,00:00:59
stefano.crapanzano@chu.ulg.ac.be,Navigation système de fichier,IT,2021-10-28,13:04:30,00:00:12
stefano.crapanzano@chu.ulg.ac.be,Navigation système de fichier,IT,2021-10-28,13:09:46,00:00:13
stefano.crapanzano@chu.ulg.ac.be,Navigation système de fichier,IT,2021-10-28,13:10:39,00:01:50
stefano.crapanzano@chu.ulg.ac.be,Navigation système de fichier,IT,2021-10-28,13:12:52,00:00:26
stefano.crapanzano@chu.ulg.ac.be,Navigation système de fichier,IT,2021-10-28,13:13:25,00:00:08
stefano.crapanzano@chu.ulg.ac.be,Navigation système de fichier,IT,2021-10-28,13:14:44,00:00:43
stefano.crapanzano@chu.ulg.ac.be,Navigation système de fichier,IT,2021-10-28,13:17:14,00:00:06
stefano.crapanzano@chu.ulg.ac.be,Navigation système de fichier,IT,2021-10-28,13:17:37,00:00:02
stefano.crapanzano@chu.ulg.ac.be,Navigation système de fichier,IT,2021-10-28,13:17:47,00:00:08
stefano.crapanzano@chu.ulg.ac.be,Navigation système de fichier,IT,2021-10-28,13:18:07,00:00:03
stefano.crapanzano@chu.ulg.ac.be,Navigation système de fichier,IT,2021-10-28,13:18:18,00:00:02
stefano.crapanzano@chu.ulg.ac.be,Navigation système de fichier,IT,2021-10-28,13:18:27,00:00:02
stefano.crapanzano@chu.ulg.ac.be,Navigation système de fichier,IT,2021-10-28,13:18:38,00:00:10
stefano.crapanzano@chu.ulg.ac.be,Navigation système de fichier,IT,2021-10-28,13:25:46,00:00:06
stefano.crapanzano@chu.ulg.ac.be,Navigation système de fichier,IT,2021-10-28,14:29:43,00:25:34
stefano.crapanzano@chu.ulg.ac.be,Navigation système de fichier,IT,2021-10-28,14:55:33,00:00:11
stefano.crapanzano@chu.ulg.ac.be,Navigation système de fichier,IT,2021-10-28,14:55:45,00:00:25
stefano.crapanzano@chu.ulg.ac.be,Navigation système de fichier,IT,2021-10-28,14:56:52,00:00:07
stefano.crapanzano@chu.ulg.ac.be,Navigation système de fichier,IT,2021-10-28,14:57:11,00:00:11
stefano.crapanzano@chu.ulg.ac.be,Navigation système de fichier,IT,2021-10-28,14:57:30,00:00:50
stefano.crapanzano@chu.ulg.ac.be,Navigation système de fichier,IT,2021-10-28,14:59:49,00:00:05
stefano.crapanzano@chu.ulg.ac.be,Navigation système de fichier,IT,2021-10-28,15:07:37,00:00:02
stefano.crapanzano@chu.ulg.ac.be,Navigation système de fichier,IT,2021-10-28,15:07:41,00:00:02
stefano.crapanzano@chu.ulg.ac.be,Navigation système de fichier,IT,2021-10-28,15:16:46,00:00:03
stefano.crapanzano@chu.ulg.ac.be,Navigation système de fichier,IT,2021-10-28,15:17:02,00:00:03
stefano.crapanzano@chu.ulg.ac.be,Navigation système de fichier,IT,2021-10-28,15:30:16,00:00:05
stefano.crapanzano@chu.ulg.ac.be,Navigation système de fichier,IT,2021-10-28,15:30:39,00:00:02
stefano.crapanzano@chu.ulg.ac.be,Navigation système de fichier,IT,2021-10-28,15:43:15,00:00:10
stefano.crapanzano@chu.ulg.ac.be,Navigation système de fichier,IT,2021-10-28,15:43:36,00:00:02
stefano.crapanzano@chu.ulg.ac.be,Navigation système de fichier,IT,2021-10-28,15:43:44,00:00:02
stefano.crapanzano@chu.ulg.ac.be,Navigation système de fichier,IT,2021-10-28,15:50:48,00:00:02
stefano.crapanzano@chu.ulg.ac.be,Navigation système de fichier,IT,2021-10-28,15:51:27,00:00:02
stefano.crapanzano@chu.ulg.ac.be,Navigation système de fichier,IT,2021-10-28,16:05:53,00:00:07
stefano.crapanzano@chu.ulg.ac.be,Navigation système de fichier,IT,2021-10-28,16:06:35,00:00:02
stefano.crapanzano@chu.ulg.ac.be,Navigation système de fichier,IT,2021-10-28,16:13:16,00:00:12
stefano.crapanzano@chu.ulg.ac.be,Navigation système de fichier,IT,2021-10-28,16:13:30,00:00:02
stefano.crapanzano@chu.ulg.ac.be,Navigation système de fichier,IT,2021-10-28,16:26:21,00:00:02
stefano.crapanzano@chu.ulg.ac.be,Navigation système de fichier,IT,2021-10-28,16:26:38,00:00:02
stefano.crapanzano@chu.ulg.ac.be,Navigation système de fichier,IT,2021-10-28,16:39:49,00:00:05
stefano.crapanzano@chu.ulg.ac.be,Navigation système de fichier,IT,2021-10-28,16:40:02,00:00:02
stefano.crapanzano@chu.ulg.ac.be,Navigation système de fichier,IT,2021-10-28,16:40:07,00:00:02
stefano.crapanzano@chu.ulg.ac.be,Navigation système de fichier,IT,2021-10-28,16:40:51,00:00:03
stefano.crapanzano@chu.ulg.ac.be,Navigation système de fichier,IT,2021-10-28,16:42:09,00:00:11
stefano.crapanzano@chu.ulg.ac.be,Greenshot Éditeur d'Image,Helpdesk général,2021-10-28,08:39:50,00:00:02
stefano.crapanzano@chu.ulg.ac.be,Greenshot Éditeur d'Image,Helpdesk général,2021-10-28,08:53:15,00:00:02
stefano.crapanzano@chu.ulg.ac.be,Greenshot Éditeur d'Image,Helpdesk général,2021-10-28,13:03:45,00:00:02
stefano.crapanzano@chu.ulg.ac.be,Greenshot Éditeur d'Image,Helpdesk général,2021-10-28,13:06:21,00:00:02
stefano.crapanzano@chu.ulg.ac.be,Greenshot Éditeur d'Image,Helpdesk général,2021-10-28,13:06:31,00:00:04
stefano.crapanzano@chu.ulg.ac.be,Greenshot Éditeur d'Image,Helpdesk général,2021-10-28,13:07:12,00:00:02
stefano.crapanzano@chu.ulg.ac.be,Greenshot Éditeur d'Image,Helpdesk général,2021-10-28,15:30:43,00:00:04
stefano.crapanzano@chu.ulg.ac.be,DBeaver 21.0.0 - <MS SQL Server - si-s-serv24> Script-1,Helpdesk général,2021-10-28,10:14:45,00:00:06
stefano.crapanzano@chu.ulg.ac.be,DBeaver 21.0.0 - <MS SQL Server - si-s-serv24> Script-1,Helpdesk général,2021-10-28,13:59:12,00:00:32
stefano.crapanzano@chu.ulg.ac.be,console_erpftp - [Racine de la console\Gestion de l’ordinateur (ERPFTP)\Outils système\Planificateur de tâches\Bibliothèque du Planificateur de tâches],IT,2021-10-28,08:51:51,00:00:13
stefano.crapanzano@chu.ulg.ac.be,console_erpftp - [Racine de la console\Gestion de l’ordinateur (ERPFTP)\Outils système\Planificateur de tâches\Bibliothèque du Planificateur de tâches],Tâches diverses,2021-10-28,15:51:38,00:00:02
stefano.crapanzano@chu.ulg.ac.be,Ma demande d'achat - Google Chrome,Tâches diverses,2021-10-28,15:53:40,00:00:02
stefano.crapanzano@chu.ulg.ac.be,TESTS FLUX SSP - Imputation d'une DA pour un WOAR en K au lieu du T - Xperthis ERP4HC 2.0 Rollout - Service d'assistance - Google Chrome,Tâches diverses,2021-10-28,16:15:08,00:00:04
stefano.crapanzano@chu.ulg.ac.be,Demandes - Service d'assistance - Google Chrome,Tâches diverses,2021-10-28,08:53:42,00:00:04
stefano.crapanzano@chu.ulg.ac.be,Demandes - Service d'assistance - Google Chrome,Tâches diverses,2021-10-28,08:53:48,00:00:05
stefano.crapanzano@chu.ulg.ac.be,Demandes - Service d'assistance - Google Chrome,Tâches diverses,2021-10-28,11:49:34,00:00:03
stefano.crapanzano@chu.ulg.ac.be,Demandes - Service d'assistance - Google Chrome,Tâches diverses,2021-10-28,13:23:57,00:00:02
stefano.crapanzano@chu.ulg.ac.be,Demandes - Service d'assistance - Google Chrome,Tâches diverses,2021-10-28,14:00:44,00:00:05
stefano.crapanzano@chu.ulg.ac.be,Demandes - Service d'assistance - Google Chrome,Tâches diverses,2021-10-28,15:22:48,00:00:28
stefano.crapanzano@chu.ulg.ac.be,Demandes - Service d'assistance - Google Chrome,Helpdesk général,2021-10-28,15:35:37,00:00:02
stefano.crapanzano@chu.ulg.ac.be,Demandes - Service d'assistance - Google Chrome,Helpdesk général,2021-10-28,15:41:50,00:00:02
stefano.crapanzano@chu.ulg.ac.be,Demandes - Service d'assistance - Google Chrome,Tâches diverses,2021-10-28,15:53:43,00:00:02
stefano.crapanzano@chu.ulg.ac.be,Demandes - Service d'assistance - Google Chrome,Tâches diverses,2021-10-28,15:56:30,00:00:10
stefano.crapanzano@chu.ulg.ac.be,Demandes - Service d'assistance - Google Chrome,Tâches diverses,2021-10-28,16:01:59,00:00:09
stefano.crapanzano@chu.ulg.ac.be,Demandes - Service d'assistance - Google Chrome,Tâches diverses,2021-10-28,16:02:13,00:00:02
stefano.crapanzano@chu.ulg.ac.be,Demandes - Service d'assistance - Google Chrome,Tâches diverses,2021-10-28,16:03:10,00:00:06
stefano.crapanzano@chu.ulg.ac.be,Demandes - Service d'assistance - Google Chrome,Tâches diverses,2021-10-28,16:03:22,00:00:14
stefano.crapanzano@chu.ulg.ac.be,Demandes - Service d'assistance - Google Chrome,Tâches diverses,2021-10-28,16:04:09,00:00:50
stefano.crapanzano@chu.ulg.ac.be,Demandes - Service d'assistance - Google Chrome,Tâches diverses,2021-10-28,16:09:24,00:00:02
stefano.crapanzano@chu.ulg.ac.be,Demandes - Service d'assistance - Google Chrome,Tâches diverses,2021-10-28,16:09:37,00:00:05
stefano.crapanzano@chu.ulg.ac.be,Demandes - Service d'assistance - Google Chrome,Tâches diverses,2021-10-28,16:15:04,00:00:04
stefano.crapanzano@chu.ulg.ac.be,Demandes - Service d'assistance - Google Chrome,Tâches diverses,2021-10-28,16:15:20,00:00:39
stefano.crapanzano@chu.ulg.ac.be,Demandes - Service d'assistance - Google Chrome,Tâches diverses,2021-10-28,16:16:24,00:00:02
stefano.crapanzano@chu.ulg.ac.be,Demandes - Service d'assistance - Google Chrome,Tâches diverses,2021-10-28,16:17:07,00:00:22
stefano.crapanzano@chu.ulg.ac.be,Demandes - Service d'assistance - Google Chrome,Tâches diverses,2021-10-28,16:19:52,00:00:21
stefano.crapanzano@chu.ulg.ac.be,A03-203 CHU erreur validation des données A03 - FMDERIVER - Xperthis ERP4HC 2.0 Rollout - Service d'assistance - Google Chrome,Tâches diverses,2021-10-28,08:53:53,00:00:39
stefano.crapanzano@chu.ulg.ac.be,A03-203 CHU erreur validation des données A03 - FMDERIVER - Xperthis ERP4HC 2.0 Rollout - Service d'assistance - Google Chrome,Tâches diverses,2021-10-28,11:49:38,00:01:42
stefano.crapanzano@chu.ulg.ac.be,A03-203 CHU erreur validation des données A03 - FMDERIVER - Xperthis ERP4HC 2.0 Rollout - Service d'assistance - Google Chrome,Tâches diverses,2021-10-28,13:24:01,00:00:20
stefano.crapanzano@chu.ulg.ac.be,A03-203 CHU erreur validation des données A03 - FMDERIVER - Xperthis ERP4HC 2.0 Rollout - Service d'assistance - Google Chrome,Tâches diverses,2021-10-28,13:27:38,00:00:09
stefano.crapanzano@chu.ulg.ac.be,A03-203 CHU erreur validation des données A03 - FMDERIVER - Xperthis ERP4HC 2.0 Rollout - Service d'assistance - Google Chrome,Tâches diverses,2021-10-28,14:00:41,00:00:02
stefano.crapanzano@chu.ulg.ac.be,A03-203 CHU erreur validation des données A03 - FMDERIVER - Xperthis ERP4HC 2.0 Rollout - Service d'assistance - Google Chrome,Tâches diverses,2021-10-28,15:59:02,00:00:02
stefano.crapanzano@chu.ulg.ac.be,Rédaction : Re: AW: AW: Migration connecteur Kardex S4H Acceptance - Thunderbird,Helpdesk général,2021-10-28,09:09:41,00:08:26
stefano.crapanzano@chu.ulg.ac.be,Rédaction : Re: AW: AW: Migration connecteur Kardex S4H Acceptance - Thunderbird,Helpdesk général,2021-10-28,14:01:43,00:00:02
stefano.crapanzano@chu.ulg.ac.be,Créer une nouvelle connexion kardex [DokuWiki ERP] - Google Chrome,Tâches diverses,2021-10-28,09:18:19,00:00:02
stefano.crapanzano@chu.ulg.ac.be,Créer une nouvelle connexion kardex [DokuWiki ERP] - Google Chrome,Tâches diverses,2021-10-28,09:19:15,00:00:02
stefano.crapanzano@chu.ulg.ac.be,Créer une nouvelle connexion kardex [DokuWiki ERP] - Google Chrome,Tâches diverses,2021-10-28,13:59:55,00:00:46
stefano.crapanzano@chu.ulg.ac.be,Créer une nouvelle connexion kardex [DokuWiki ERP] - Google Chrome,Tâches diverses,2021-10-28,15:53:35,00:00:02
stefano.crapanzano@chu.ulg.ac.be,Créer une nouvelle connexion kardex [DokuWiki ERP] - Google Chrome,Tâches diverses,2021-10-28,16:23:52,00:00:07
stefano.crapanzano@chu.ulg.ac.be,Programmation,IT,2021-10-28,09:18:27,00:00:42
stefano.crapanzano@chu.ulg.ac.be,Programmation,IT,2021-10-28,09:59:33,00:00:05
stefano.crapanzano@chu.ulg.ac.be,Programmation,IT,2021-10-28,10:01:14,00:00:03
stefano.crapanzano@chu.ulg.ac.be,Programmation,IT,2021-10-28,10:20:25,00:00:32
stefano.crapanzano@chu.ulg.ac.be,Programmation,IT,2021-10-28,10:52:02,00:00:05
stefano.crapanzano@chu.ulg.ac.be,Programmation,IT,2021-10-28,10:57:48,00:00:03
stefano.crapanzano@chu.ulg.ac.be,Programmation,IT,2021-10-28,10:58:27,00:00:14
stefano.crapanzano@chu.ulg.ac.be,Programmation,IT,2021-10-28,11:00:10,00:00:34
stefano.crapanzano@chu.ulg.ac.be,Programmation,IT,2021-10-28,11:01:55,00:01:10
stefano.crapanzano@chu.ulg.ac.be,Programmation,IT,2021-10-28,11:03:35,00:00:02
stefano.crapanzano@chu.ulg.ac.be,Programmation,IT,2021-10-28,11:04:02,00:04:10
stefano.crapanzano@chu.ulg.ac.be,Programmation,IT,2021-10-28,11:08:22,00:00:14
stefano.crapanzano@chu.ulg.ac.be,Programmation,IT,2021-10-28,11:08:49,00:00:17
stefano.crapanzano@chu.ulg.ac.be,Programmation,IT,2021-10-28,11:16:51,00:01:14
stefano.crapanzano@chu.ulg.ac.be,Programmation,IT,2021-10-28,11:19:24,00:00:22
stefano.crapanzano@chu.ulg.ac.be,Programmation,IT,2021-10-28,11:21:00,00:00:27
stefano.crapanzano@chu.ulg.ac.be,Programmation,IT,2021-10-28,11:26:05,00:01:27
stefano.crapanzano@chu.ulg.ac.be,Programmation,IT,2021-10-28,11:27:54,00:04:29
stefano.crapanzano@chu.ulg.ac.be,Programmation,IT,2021-10-28,11:32:48,00:00:40
stefano.crapanzano@chu.ulg.ac.be,Programmation,IT,2021-10-28,11:33:46,00:06:40
stefano.crapanzano@chu.ulg.ac.be,Programmation,IT,2021-10-28,11:40:39,00:00:08
stefano.crapanzano@chu.ulg.ac.be,Programmation,IT,2021-10-28,11:40:54,00:00:27
stefano.crapanzano@chu.ulg.ac.be,Programmation,IT,2021-10-28,11:41:47,00:01:06
stefano.crapanzano@chu.ulg.ac.be,Programmation,IT,2021-10-28,11:43:08,00:06:18
stefano.crapanzano@chu.ulg.ac.be,Programmation,IT,2021-10-28,11:55:25,00:00:35
stefano.crapanzano@chu.ulg.ac.be,Programmation,IT,2021-10-28,11:56:25,00:05:22
stefano.crapanzano@chu.ulg.ac.be,Programmation,IT,2021-10-28,12:03:04,00:00:12
stefano.crapanzano@chu.ulg.ac.be,Programmation,IT,2021-10-28,12:03:33,00:01:50
stefano.crapanzano@chu.ulg.ac.be,Programmation,IT,2021-10-28,12:06:44,00:01:21
stefano.crapanzano@chu.ulg.ac.be,Nouvel onglet - Google Chrome,Tâches diverses,2021-10-28,09:19:18,00:00:12
stefano.crapanzano@chu.ulg.ac.be,Nouvel onglet - Google Chrome,Tâches diverses,2021-10-28,10:28:40,00:00:10
stefano.crapanzano@chu.ulg.ac.be,Nouvel onglet - Google Chrome,Tâches diverses,2021-10-28,11:40:30,00:00:07
stefano.crapanzano@chu.ulg.ac.be,Nouvel onglet - Google Chrome,Tâches diverses,2021-10-28,12:08:43,00:00:05
stefano.crapanzano@chu.ulg.ac.be,Nouvel onglet - Google Chrome,Tâches diverses,2021-10-28,12:47:25,00:08:03
stefano.crapanzano@chu.ulg.ac.be,Nouvel onglet - Google Chrome,Helpdesk général,2021-10-28,12:56:13,00:04:22
stefano.crapanzano@chu.ulg.ac.be,Nouvel onglet - Google Chrome,Tâches diverses,2021-10-28,13:27:47,00:00:02
stefano.crapanzano@chu.ulg.ac.be,Nouvel onglet - Google Chrome,Tâches diverses,2021-10-28,15:54:30,00:00:08
stefano.crapanzano@chu.ulg.ac.be,Nouvel onglet - Google Chrome,Tâches diverses,2021-10-28,15:56:01,00:00:28
stefano.crapanzano@chu.ulg.ac.be,Intrastat - Google Chrome,Tâches diverses,2021-10-28,09:19:30,00:02:23
stefano.crapanzano@chu.ulg.ac.be,Intrastat - Google Chrome,Tâches diverses,2021-10-28,09:42:32,00:00:14
stefano.crapanzano@chu.ulg.ac.be,Intrastat - Google Chrome,Tâches diverses,2021-10-28,09:51:52,00:00:06
stefano.crapanzano@chu.ulg.ac.be,Intrastat - Google Chrome,Tâches diverses,2021-10-28,15:41:54,00:01:20
stefano.crapanzano@chu.ulg.ac.be,Intrastat - Google Chrome,Tâches diverses,2021-10-28,15:50:50,00:00:04
stefano.crapanzano@chu.ulg.ac.be,Envoyés - erp.sai@chuliege.be - Mozilla Thunderbird,Helpdesk général,2021-10-28,09:21:58,00:00:04
stefano.crapanzano@chu.ulg.ac.be,Envoyés - erp.sai@chuliege.be - Mozilla Thunderbird,Helpdesk général,2021-10-28,09:52:21,00:00:02
stefano.crapanzano@chu.ulg.ac.be,Envoyés - erp.sai@chuliege.be - Mozilla Thunderbird,Helpdesk général,2021-10-28,12:35:22,00:00:12
stefano.crapanzano@chu.ulg.ac.be,Envoyés - erp.sai@chuliege.be - Mozilla Thunderbird,IT,2021-10-28,12:36:35,00:00:45
stefano.crapanzano@chu.ulg.ac.be,Envoyés - erp.sai@chuliege.be - Mozilla Thunderbird,Helpdesk général,2021-10-28,12:38:31,00:08:25
stefano.crapanzano@chu.ulg.ac.be,Envoyés - erp.sai@chuliege.be - Mozilla Thunderbird,Helpdesk général,2021-10-28,12:46:57,00:00:02
stefano.crapanzano@chu.ulg.ac.be,Envoyés - erp.sai@chuliege.be - Mozilla Thunderbird,Helpdesk général,2021-10-28,12:55:34,00:00:02
stefano.crapanzano@chu.ulg.ac.be,Envoyés - erp.sai@chuliege.be - Mozilla Thunderbird,Helpdesk général,2021-10-28,13:19:19,00:00:35
stefano.crapanzano@chu.ulg.ac.be,Envoyés - erp.sai@chuliege.be - Mozilla Thunderbird,Helpdesk général,2021-10-28,13:32:30,00:00:02
stefano.crapanzano@chu.ulg.ac.be,Envoyés - erp.sai@chuliege.be - Mozilla Thunderbird,Helpdesk général,2021-10-28,13:32:34,00:01:00
stefano.crapanzano@chu.ulg.ac.be,Envoyés - erp.sai@chuliege.be - Mozilla Thunderbird,Helpdesk général,2021-10-28,13:33:36,00:00:02
stefano.crapanzano@chu.ulg.ac.be,Envoyés - erp.sai@chuliege.be - Mozilla Thunderbird,Helpdesk général,2021-10-28,13:58:48,00:00:02
stefano.crapanzano@chu.ulg.ac.be,Envoyés - erp.sai@chuliege.be - Mozilla Thunderbird,Helpdesk général,2021-10-28,14:59:37,00:00:11
stefano.crapanzano@chu.ulg.ac.be,Envoyés - erp.sai@chuliege.be - Mozilla Thunderbird,Helpdesk général,2021-10-28,14:59:58,00:00:16
stefano.crapanzano@chu.ulg.ac.be,Envoyés - erp.sai@chuliege.be - Mozilla Thunderbird,Helpdesk général,2021-10-28,15:00:26,00:00:25
stefano.crapanzano@chu.ulg.ac.be,Envoyés - erp.sai@chuliege.be - Mozilla Thunderbird,Helpdesk général,2021-10-28,15:06:47,00:00:48
stefano.crapanzano@chu.ulg.ac.be,Envoyés - erp.sai@chuliege.be - Mozilla Thunderbird,Helpdesk général,2021-10-28,15:18:11,00:00:02
stefano.crapanzano@chu.ulg.ac.be,Envoyés - erp.sai@chuliege.be - Mozilla Thunderbird,Helpdesk général,2021-10-28,16:16:45,00:00:22
stefano.crapanzano@chu.ulg.ac.be,Envoyés - erp.sai@chuliege.be - Mozilla Thunderbird,Helpdesk général,2021-10-28,16:17:49,00:00:06
stefano.crapanzano@chu.ulg.ac.be,Envoyés - erp.sai@chuliege.be - Mozilla Thunderbird,Helpdesk général,2021-10-28,16:24:33,00:00:02
stefano.crapanzano@chu.ulg.ac.be,Envoyés - erp.sai@chuliege.be - Mozilla Thunderbird,Helpdesk général,2021-10-28,16:26:02,00:00:02
stefano.crapanzano@chu.ulg.ac.be,PE2_203 - sftp://PE2U2FTP@153.89.110.38 - FileZilla,Helpdesk général,2021-10-28,10:13:25,00:00:32
stefano.crapanzano@chu.ulg.ac.be,PE2_203 - sftp://PE2U2FTP@153.89.110.38 - FileZilla,Exploration SAP,2021-10-28,10:55:03,00:00:10
stefano.crapanzano@chu.ulg.ac.be,PE2_203 - sftp://PE2U2FTP@153.89.110.38 - FileZilla,Helpdesk général,2021-10-28,11:21:40,00:00:03
stefano.crapanzano@chu.ulg.ac.be,PE2_203 - sftp://PE2U2FTP@153.89.110.38 - FileZilla,Helpdesk général,2021-10-28,11:24:41,00:00:17
stefano.crapanzano@chu.ulg.ac.be,Rédaction : Re: pharmacie - Thunderbird,Helpdesk général,2021-10-28,10:14:16,00:00:26
stefano.crapanzano@chu.ulg.ac.be,Rédaction : Re: pharmacie - Thunderbird,Helpdesk général,2021-10-28,11:25:02,00:00:15
stefano.crapanzano@chu.ulg.ac.be,Rédaction : Re: pharmacie - Thunderbird,Helpdesk général,2021-10-28,11:27:33,00:00:17
stefano.crapanzano@chu.ulg.ac.be,erreur chargement - Mozilla Thunderbird,Helpdesk général,2021-10-28,10:14:54,00:02:50
stefano.crapanzano@chu.ulg.ac.be,erreur chargement - Mozilla Thunderbird,Helpdesk général,2021-10-28,10:21:03,00:00:04
stefano.crapanzano@chu.ulg.ac.be,maertens - Mozilla Thunderbird,Helpdesk général,2021-10-28,10:28:11,00:00:15
stefano.crapanzano@chu.ulg.ac.be,Validation des données mandnat A03 - Cycle 3 - Mozilla Thunderbird,Helpdesk général,2021-10-28,10:28:27,00:00:09
stefano.crapanzano@chu.ulg.ac.be,Validation des données mandnat A03 - Cycle 3 - Mozilla Thunderbird,Helpdesk général,2021-10-28,10:36:37,00:00:05
stefano.crapanzano@chu.ulg.ac.be,Validation des données mandnat A03 - Cycle 3 - Mozilla Thunderbird,Helpdesk général,2021-10-28,13:22:36,00:00:03
stefano.crapanzano@chu.ulg.ac.be,Validation des données mandnat A03 - Cycle 3 - Mozilla Thunderbird,Helpdesk général,2021-10-28,13:22:41,00:00:02
stefano.crapanzano@chu.ulg.ac.be,Connectez-vous à votre compte - Google Chrome,Tâches diverses,2021-10-28,10:28:51,00:00:07
stefano.crapanzano@chu.ulg.ac.be,Customer Portal - Home - Google Chrome,Tâches diverses,2021-10-28,10:29:00,00:00:02
stefano.crapanzano@chu.ulg.ac.be,Customer Portal - Home - Google Chrome,Tâches diverses,2021-10-28,10:29:11,00:00:16
stefano.crapanzano@chu.ulg.ac.be,Customer Portal - Home - Google Chrome,Tâches diverses,2021-10-28,10:29:31,00:00:05
stefano.crapanzano@chu.ulg.ac.be,Netop Invité,Helpdesk général,2021-10-28,10:29:03,00:00:07
stefano.crapanzano@chu.ulg.ac.be,Netop Invité,Helpdesk général,2021-10-28,13:01:43,00:00:20
stefano.crapanzano@chu.ulg.ac.be,Netop Invité,Helpdesk général,2021-10-28,13:09:59,00:00:06
stefano.crapanzano@chu.ulg.ac.be,Customer Portal - Common - Tous les documents - Google Chrome,Tâches diverses,2021-10-28,10:29:29,00:00:02
stefano.crapanzano@chu.ulg.ac.be,Study Groups - Home - Google Chrome,Tâches diverses,2021-10-28,10:29:37,00:00:27
stefano.crapanzano@chu.ulg.ac.be,Study Groups - Home - Google Chrome,Tâches diverses,2021-10-28,10:30:22,00:01:28
stefano.crapanzano@chu.ulg.ac.be,Study Groups - Home - Google Chrome,Tâches diverses,2021-10-28,10:32:06,00:00:07
stefano.crapanzano@chu.ulg.ac.be,Study Groups - Home - Google Chrome,Tâches diverses,2021-10-28,10:33:47,00:00:03
stefano.crapanzano@chu.ulg.ac.be,Centre Hospitalier Universitaire de Liège - Client Documents - Google Chrome,Tâches diverses,2021-10-28,10:30:04,00:00:18
stefano.crapanzano@chu.ulg.ac.be,Centre Hospitalier Universitaire de Liège - Client Documents - Google Chrome,Tâches diverses,2021-10-28,10:32:14,00:00:37
stefano.crapanzano@chu.ulg.ac.be,Centre Hospitalier Universitaire de Liège - Client Documents - Google Chrome,Tâches diverses,2021-10-28,10:33:42,00:00:05
stefano.crapanzano@chu.ulg.ac.be,Study Groups - Recherche - Google Chrome,Tâches diverses,2021-10-28,10:33:51,00:00:29
stefano.crapanzano@chu.ulg.ac.be,Study Groups - Recherche - Google Chrome,Tâches diverses,2021-10-28,10:34:44,00:00:39
stefano.crapanzano@chu.ulg.ac.be,Rédaction : (pas de sujet) - Thunderbird,Helpdesk général,2021-10-28,10:36:47,00:00:03
stefano.crapanzano@chu.ulg.ac.be,Rédaction : (pas de sujet) - Thunderbird,Helpdesk général,2021-10-28,12:18:35,00:00:06
stefano.crapanzano@chu.ulg.ac.be,Rédaction : (pas de sujet) - Thunderbird,Helpdesk général,2021-10-28,12:19:49,00:00:40
stefano.crapanzano@chu.ulg.ac.be,Rédaction : (pas de sujet) - Thunderbird,Helpdesk général,2021-10-28,12:26:21,00:00:05
stefano.crapanzano@chu.ulg.ac.be,Rédaction : (pas de sujet) - Thunderbird,Helpdesk général,2021-10-28,12:27:20,00:00:16
stefano.crapanzano@chu.ulg.ac.be,Rédaction : (pas de sujet) - Thunderbird,Helpdesk général,2021-10-28,12:27:48,00:00:05
stefano.crapanzano@chu.ulg.ac.be,Rédaction : (pas de sujet) - Thunderbird,Helpdesk général,2021-10-28,12:27:55,00:01:18
stefano.crapanzano@chu.ulg.ac.be,Rédaction : (pas de sujet) - Thunderbird,Helpdesk général,2021-10-28,12:29:47,00:00:32
stefano.crapanzano@chu.ulg.ac.be,Rédaction : (pas de sujet) - Thunderbird,Helpdesk général,2021-10-28,12:30:20,00:00:02
stefano.crapanzano@chu.ulg.ac.be,Rédaction : (pas de sujet) - Thunderbird,Helpdesk général,2021-10-28,12:30:30,00:00:23
stefano.crapanzano@chu.ulg.ac.be,Rédaction : (pas de sujet) - Thunderbird,Helpdesk général,2021-10-28,12:31:02,00:01:22
stefano.crapanzano@chu.ulg.ac.be,Rédaction : (pas de sujet) - Thunderbird,Helpdesk général,2021-10-28,12:32:32,00:00:17
stefano.crapanzano@chu.ulg.ac.be,Rédaction : (pas de sujet) - Thunderbird,Helpdesk général,2021-10-28,12:32:56,00:00:31
stefano.crapanzano@chu.ulg.ac.be,Rédaction : Documentation Logistique - Thunderbird,Helpdesk général,2021-10-28,10:36:59,00:00:34
stefano.crapanzano@chu.ulg.ac.be,Rédaction : Documentation Logistique - Thunderbird,Helpdesk général,2021-10-28,10:37:43,00:00:03
stefano.crapanzano@chu.ulg.ac.be,Rédaction : Documentation Logistique - Thunderbird,Helpdesk général,2021-10-28,10:37:50,00:00:10
stefano.crapanzano@chu.ulg.ac.be,Rédaction : Documentation Logistique - Thunderbird,Helpdesk général,2021-10-28,10:38:07,00:00:22
stefano.crapanzano@chu.ulg.ac.be,Rédaction : Documentation Logistique - Thunderbird,Helpdesk général,2021-10-28,10:38:32,00:00:07
stefano.crapanzano@chu.ulg.ac.be,Rédaction : Documentation Logistique - Thunderbird,Helpdesk général,2021-10-28,10:38:47,00:00:29
stefano.crapanzano@chu.ulg.ac.be,Rédaction : Documentation Logistique - Thunderbird,Helpdesk général,2021-10-28,10:42:46,00:00:33
stefano.crapanzano@chu.ulg.ac.be,Rédaction : Documentation Logistique - Thunderbird,Helpdesk général,2021-10-28,10:43:22,00:00:17
stefano.crapanzano@chu.ulg.ac.be,Rédaction : Documentation Logistique - Thunderbird,Helpdesk général,2021-10-28,10:44:30,00:01:30
stefano.crapanzano@chu.ulg.ac.be,Rédaction : Documentation Logistique - Thunderbird,Helpdesk général,2021-10-28,10:46:19,00:00:06
stefano.crapanzano@chu.ulg.ac.be,Propriétés des liens,Helpdesk général,2021-10-28,10:38:29,00:00:02
stefano.crapanzano@chu.ulg.ac.be,Propriétés des liens,Helpdesk général,2021-10-28,10:43:19,00:00:02
stefano.crapanzano@chu.ulg.ac.be,SAP Logon 760,Exploration SAP,2021-10-28,15:57:36,00:00:02
stefano.crapanzano@chu.ulg.ac.be,SAP Logon 760,Exploration SAP,2021-10-28,16:03:50,00:00:06
stefano.crapanzano@chu.ulg.ac.be,Sapgui Splash Screen,Exploration SAP,2021-10-28,10:50:08,00:00:05
stefano.crapanzano@chu.ulg.ac.be,SAP Easy Access Menu de base Applications financières-économiques,Exploration SAP,2021-10-28,10:50:15,00:00:06
stefano.crapanzano@chu.ulg.ac.be,SAP Easy Access Menu de base Applications financières-économiques,Exploration SAP,2021-10-28,11:13:42,00:00:06
stefano.crapanzano@chu.ulg.ac.be,SAP Easy Access Menu de base Applications financières-économiques,Exploration SAP,2021-10-28,15:57:46,00:00:06
stefano.crapanzano@chu.ulg.ac.be,SAP Easy Access Menu de base Applications financières-économiques,Exploration SAP,2021-10-28,15:57:57,00:00:04
stefano.crapanzano@chu.ulg.ac.be,SAP Easy Access Menu de base Applications financières-économiques,Exploration SAP,2021-10-28,15:58:27,00:00:04
stefano.crapanzano@chu.ulg.ac.be,SAP Easy Access Menu de base Applications financières-économiques,Exploration SAP,2021-10-28,16:01:34,00:00:05
stefano.crapanzano@chu.ulg.ac.be,SAP Easy Access Menu de base Applications financières-économiques,Exploration SAP,2021-10-28,16:06:40,00:00:04
stefano.crapanzano@chu.ulg.ac.be,SAP Easy Access Menu de base Applications financières-économiques,Exploration SAP,2021-10-28,16:08:48,00:00:02
stefano.crapanzano@chu.ulg.ac.be,Data Browser - table BDS_BAR_IN : écran de sélection,Exploration SAP,2021-10-28,10:50:21,00:00:11
stefano.crapanzano@chu.ulg.ac.be,Data Browser : table BDS_BAR_IN    187.704 occurrences,Exploration SAP,2021-10-28,10:50:33,00:00:38
stefano.crapanzano@chu.ulg.ac.be,Data Browser : table BDS_BAR_IN    187.704 occurrences,Exploration SAP,2021-10-28,10:53:19,00:00:02
stefano.crapanzano@chu.ulg.ac.be,Data Browser : table BDS_BAR_IN    187.704 occurrences,Exploration SAP,2021-10-28,10:55:00,00:00:02
stefano.crapanzano@chu.ulg.ac.be,Data Browser : table BDS_BAR_IN    187.704 occurrences,Exploration SAP,2021-10-28,11:13:13,00:00:06
stefano.crapanzano@chu.ulg.ac.be,Data Browser : table BDS_BAR_IN    187.704 occurrences,Exploration SAP,2021-10-28,11:13:23,00:00:18
stefano.crapanzano@chu.ulg.ac.be,Data Browser : table BDS_BAR_IN    187.704 occurrences,Exploration SAP,2021-10-28,11:14:54,00:01:15
stefano.crapanzano@chu.ulg.ac.be,Data Browser : table BDS_BAR_IN    187.704 occurrences,Exploration SAP,2021-10-28,11:16:21,00:00:02
stefano.crapanzano@chu.ulg.ac.be,Data Browser : table BDS_BAR_IN    187.704 occurrences,Exploration SAP,2021-10-28,11:16:27,00:00:21
stefano.crapanzano@chu.ulg.ac.be,Data Browser : table BDS_BAR_IN    187.704 occurrences,Exploration SAP,2021-10-28,11:18:14,00:00:05
stefano.crapanzano@chu.ulg.ac.be,Data Browser : table BDS_BAR_IN    187.704 occurrences,Exploration SAP,2021-10-28,11:20:30,00:00:03
stefano.crapanzano@chu.ulg.ac.be,Data Browser : table BDS_BAR_IN    187.704 occurrences,Exploration SAP,2021-10-28,11:20:48,00:00:04
stefano.crapanzano@chu.ulg.ac.be,Sélection du calcul avec tableur,Exploration SAP,2021-10-28,10:51:11,00:00:30
stefano.crapanzano@chu.ulg.ac.be,C:\Users\c158492\ProjetBoulot\PYTHON\UTIL\xml_search\main.py - Notepad++ [Administrator],IT,2021-10-28,10:52:27,00:00:37
stefano.crapanzano@chu.ulg.ac.be,C:\Users\c158492\ProjetBoulot\PYTHON\UTIL\xml_search\main.py - Notepad++ [Administrator],IT,2021-10-28,10:57:53,00:00:32
stefano.crapanzano@chu.ulg.ac.be,Enregistrer sous,Exploration SAP,2021-10-28,10:53:06,00:00:02
stefano.crapanzano@chu.ulg.ac.be,Enregistrer sous,IT,2021-10-28,11:01:16,00:00:37
stefano.crapanzano@chu.ulg.ac.be,Enregistrer sous,Tâches diverses,2021-10-28,15:57:06,00:00:06
stefano.crapanzano@chu.ulg.ac.be,Ouverture -Excel,Tâches diverses,2021-10-28,10:53:16,00:00:02
stefano.crapanzano@chu.ulg.ac.be,Excel,Tâches diverses,2021-10-28,10:53:22,00:00:03
stefano.crapanzano@chu.ulg.ac.be,export.XLSX - Excel,Tâches diverses,2021-10-28,10:53:26,00:00:46
stefano.crapanzano@chu.ulg.ac.be,export.XLSX - Excel,Tâches diverses,2021-10-28,10:54:23,00:00:37
stefano.crapanzano@chu.ulg.ac.be,export.XLSX - Excel,Tâches diverses,2021-10-28,10:55:31,00:00:12
stefano.crapanzano@chu.ulg.ac.be,export.XLSX - Excel,Tâches diverses,2021-10-28,11:01:01,00:00:10
stefano.crapanzano@chu.ulg.ac.be,export.XLSX - Excel,Tâches diverses,2021-10-28,14:01:54,00:00:04
stefano.crapanzano@chu.ulg.ac.be,Filtre automatique personnalisé,Tâches diverses,2021-10-28,10:54:12,00:00:10
stefano.crapanzano@chu.ulg.ac.be,PHUL21901716 in  C:\temp\apo_20211028  - dnGREP,IT,2021-10-28,15:43:42,00:00:02
stefano.crapanzano@chu.ulg.ac.be,Administrateur : C:\Windows\System32\cmd.exe,IT,2021-10-28,10:57:32,00:00:14
stefano.crapanzano@chu.ulg.ac.be,C:\temp\bds_bar_in.csv - Notepad++ [Administrator],IT,2021-10-28,11:00:52,00:00:06
stefano.crapanzano@chu.ulg.ac.be,*new 3 - Notepad++ [Administrator],IT,2021-10-28,11:03:08,00:00:25
stefano.crapanzano@chu.ulg.ac.be,*new 3 - Notepad++ [Administrator],IT,2021-10-28,11:08:13,00:00:09
stefano.crapanzano@chu.ulg.ac.be,*new 3 - Notepad++ [Administrator],IT,2021-10-28,11:08:37,00:00:10
stefano.crapanzano@chu.ulg.ac.be,*new 3 - Notepad++ [Administrator],IT,2021-10-28,11:09:06,00:00:21
stefano.crapanzano@chu.ulg.ac.be,*new 3 - Notepad++ [Administrator],IT,2021-10-28,11:09:32,00:00:02
stefano.crapanzano@chu.ulg.ac.be,*new 3 - Notepad++ [Administrator],IT,2021-10-28,11:13:06,00:00:05
stefano.crapanzano@chu.ulg.ac.be,*new 3 - Notepad++ [Administrator],IT,2021-10-28,11:16:13,00:00:06
stefano.crapanzano@chu.ulg.ac.be,*new 3 - Notepad++ [Administrator],IT,2021-10-28,11:21:29,00:00:10
stefano.crapanzano@chu.ulg.ac.be,*new 3 - Notepad++ [Administrator],IT,2021-10-28,11:23:27,00:00:21
stefano.crapanzano@chu.ulg.ac.be,C:\temp\bds_bar_in_20211028.txt - Notepad++ [Administrator],IT,2021-10-28,11:03:40,00:00:10
stefano.crapanzano@chu.ulg.ac.be,C:\temp\bds_bar_in_20211028.txt - Notepad++ [Administrator],IT,2021-10-28,11:43:01,00:00:03
stefano.crapanzano@chu.ulg.ac.be,Définir valeurs pour critères de filtre,Exploration SAP,2021-10-28,11:13:20,00:00:02
stefano.crapanzano@chu.ulg.ac.be,Définir valeurs pour critères de filtre,Exploration SAP,2021-10-28,11:16:23,00:00:04
stefano.crapanzano@chu.ulg.ac.be,Définir valeurs pour critères de filtre,Exploration SAP,2021-10-28,11:20:44,00:00:04
stefano.crapanzano@chu.ulg.ac.be,Liste des postes individuels fournisseurs,Exploration SAP,2021-10-28,11:13:48,00:00:25
stefano.crapanzano@chu.ulg.ac.be,Liste des postes individuels fournisseurs,Exploration SAP,2021-10-28,11:14:24,00:00:14
stefano.crapanzano@chu.ulg.ac.be,Liste des postes individuels fournisseurs,Exploration SAP,2021-10-28,11:18:06,00:00:06
stefano.crapanzano@chu.ulg.ac.be,Liste des postes individuels fournisseurs,Exploration SAP,2021-10-28,11:18:20,00:01:04
stefano.crapanzano@chu.ulg.ac.be,Liste des postes individuels fournisseurs,Exploration SAP,2021-10-28,11:19:53,00:00:22
stefano.crapanzano@chu.ulg.ac.be,pharmacie - Mozilla Thunderbird,Helpdesk général,2021-10-28,11:25:19,00:00:44
stefano.crapanzano@chu.ulg.ac.be,Administrateur : C:\Windows\system32\cmd.exe,IT,2021-10-28,11:33:30,00:00:14
stefano.crapanzano@chu.ulg.ac.be,Administrateur : C:\Windows\system32\cmd.exe,IT,2021-10-28,15:30:48,00:00:02
stefano.crapanzano@chu.ulg.ac.be,Checkout,IT,2021-10-28,12:08:29,00:00:03
stefano.crapanzano@chu.ulg.ac.be,tortoise svn update - Recherche Google - Google Chrome,Tâches diverses,2021-10-28,12:08:48,00:00:05
stefano.crapanzano@chu.ulg.ac.be,tortoise svn update - Recherche Google - Google Chrome,Tâches diverses,2021-10-28,12:09:30,00:00:06
stefano.crapanzano@chu.ulg.ac.be,URL,IT,2021-10-28,12:08:57,00:00:10
stefano.crapanzano@chu.ulg.ac.be,URL,IT,2021-10-28,12:30:26,00:00:02
stefano.crapanzano@chu.ulg.ac.be,\\filesrv01.st.chulg\oazis_prod\APPL_PROD\SOURCES - Repository Browser - TortoiseSVN,IT,2021-10-28,12:09:08,00:00:02
stefano.crapanzano@chu.ulg.ac.be,\\filesrv01.st.chulg\oazis_prod\APPL_PROD\SOURCES - Repository Browser - TortoiseSVN,IT,2021-10-28,12:12:46,00:00:06
stefano.crapanzano@chu.ulg.ac.be,\\filesrv01.st.chulg\oazis_prod\APPL_PROD\SOURCES - Repository Browser - TortoiseSVN,IT,2021-10-28,12:15:34,00:00:06
stefano.crapanzano@chu.ulg.ac.be,\\filesrv01.st.chulg\oazis_prod\APPL_PROD\SOURCES - Repository Browser - TortoiseSVN,IT,2021-10-28,12:17:10,00:00:02
stefano.crapanzano@chu.ulg.ac.be,\\filesrv01.st.chulg\oazis_prod\APPL_PROD\SOURCES - Repository Browser - TortoiseSVN,Helpdesk général,2021-10-28,12:30:59,00:00:02
stefano.crapanzano@chu.ulg.ac.be,\\filesrv01.st.chulg\oazis_prod\APPL_PROD\SOURCES - Repository Browser - TortoiseSVN,IT,2021-10-28,12:36:16,00:00:14
stefano.crapanzano@chu.ulg.ac.be,\\filesrv01.st.chulg\oazis_prod\APPL_PROD\SOURCES - Repository Browser - TortoiseSVN,IT,2021-10-28,12:36:33,00:00:02
stefano.crapanzano@chu.ulg.ac.be,tortoisesvn - Recherche Google - Google Chrome,Tâches diverses,2021-10-28,12:09:36,00:00:02
stefano.crapanzano@chu.ulg.ac.be,Downloads · TortoiseSVN - Google Chrome,Tâches diverses,2021-10-28,12:09:40,00:00:03
stefano.crapanzano@chu.ulg.ac.be,Downloads · TortoiseSVN - Google Chrome,Helpdesk général,2021-10-28,12:14:34,00:00:24
stefano.crapanzano@chu.ulg.ac.be,Downloads · TortoiseSVN - Google Chrome,Tâches diverses,2021-10-28,12:18:42,00:00:14
stefano.crapanzano@chu.ulg.ac.be,Settings - TortoiseSVN,IT,2021-10-28,12:09:48,00:00:14
stefano.crapanzano@chu.ulg.ac.be,Export,IT,2021-10-28,12:10:29,00:00:05
stefano.crapanzano@chu.ulg.ac.be,TortoiseSVN,IT,2021-10-28,12:11:02,00:00:02
stefano.crapanzano@chu.ulg.ac.be,TortoiseSVN,IT,2021-10-28,14:56:38,00:00:02
stefano.crapanzano@chu.ulg.ac.be,TortoiseSVN Project Monitor,IT,2021-10-28,12:11:13,00:00:18
stefano.crapanzano@chu.ulg.ac.be,TortoiseSVN Project Monitor,IT,2021-10-28,12:11:51,00:00:05
stefano.crapanzano@chu.ulg.ac.be,TortoiseSVN Project Monitor,IT,2021-10-28,12:12:02,00:00:07
stefano.crapanzano@chu.ulg.ac.be,TortoiseSVN Project Monitor,IT,2021-10-28,12:12:13,00:00:14
stefano.crapanzano@chu.ulg.ac.be,TortoiseSVN Project Monitor,Helpdesk général,2021-10-28,12:12:32,00:00:06
stefano.crapanzano@chu.ulg.ac.be,TortoiseSVN Project Monitor,IT,2021-10-28,12:15:44,00:00:12
stefano.crapanzano@chu.ulg.ac.be,TortoiseSVN Project Monitor,IT,2021-10-28,12:16:00,00:00:37
stefano.crapanzano@chu.ulg.ac.be,TortoiseSVN Project Monitor,IT,2021-10-28,12:16:41,00:00:11
stefano.crapanzano@chu.ulg.ac.be,TortoiseSVN Project Monitor,IT,2021-10-28,12:16:55,00:00:05
stefano.crapanzano@chu.ulg.ac.be,TortoiseSVN Project Monitor,IT,2021-10-28,12:17:06,00:00:02
stefano.crapanzano@chu.ulg.ac.be,TortoiseSVN Project Monitor,IT,2021-10-28,12:17:12,00:00:05
stefano.crapanzano@chu.ulg.ac.be,Edit Project to monitor,IT,2021-10-28,12:12:10,00:00:02
stefano.crapanzano@chu.ulg.ac.be,Edit Project to monitor,IT,2021-10-28,12:16:38,00:00:02
stefano.crapanzano@chu.ulg.ac.be,Greenshot capture form,Helpdesk général,2021-10-28,12:12:28,00:00:03
stefano.crapanzano@chu.ulg.ac.be,Greenshot capture form,Helpdesk général,2021-10-28,12:18:25,00:00:05
stefano.crapanzano@chu.ulg.ac.be,Greenshot capture form,Helpdesk général,2021-10-28,12:26:08,00:00:03
stefano.crapanzano@chu.ulg.ac.be,Greenshot capture form,Helpdesk général,2021-10-28,12:27:41,00:00:05
stefano.crapanzano@chu.ulg.ac.be,Greenshot capture form,Helpdesk général,2021-10-28,12:30:54,00:00:05
stefano.crapanzano@chu.ulg.ac.be,Greenshot capture form,Helpdesk général,2021-10-28,12:32:51,00:00:03
stefano.crapanzano@chu.ulg.ac.be,Greenshot capture form,Helpdesk général,2021-10-28,13:03:41,00:00:03
stefano.crapanzano@chu.ulg.ac.be,Greenshot capture form,Helpdesk général,2021-10-28,13:03:52,00:00:04
stefano.crapanzano@chu.ulg.ac.be,Greenshot capture form,Helpdesk général,2021-10-28,13:04:04,00:00:03
stefano.crapanzano@chu.ulg.ac.be,Greenshot capture form,Helpdesk général,2021-10-28,14:58:46,00:00:05
stefano.crapanzano@chu.ulg.ac.be,Greenshot capture form,Helpdesk général,2021-10-28,16:14:32,00:00:04
stefano.crapanzano@chu.ulg.ac.be,Update Failed!,IT,2021-10-28,12:15:56,00:00:04
stefano.crapanzano@chu.ulg.ac.be,Update Failed!,IT,2021-10-28,14:59:54,00:00:02
stefano.crapanzano@chu.ulg.ac.be,Update Failed!,IT,2021-10-28,16:40:04,00:00:02
stefano.crapanzano@chu.ulg.ac.be,SVN_LOCAL – CHL_ERP_MAIL_MEDNUC_MONITORING.pl [SVN_LOCAL] (Administrator),IT,2021-10-28,12:17:59,00:00:25
stefano.crapanzano@chu.ulg.ac.be,SVN_LOCAL – CHL_ERP_MAIL_MEDNUC_MONITORING.pl [SVN_LOCAL] (Administrator),Tâches diverses,2021-10-28,12:20:34,00:00:12
stefano.crapanzano@chu.ulg.ac.be,https://saisources.st.chulg:8443 - Google Chrome,Tâches diverses,2021-10-28,12:18:57,00:00:06
stefano.crapanzano@chu.ulg.ac.be,VisualSVN Server - Google Chrome,Tâches diverses,2021-10-28,12:19:04,00:00:21
stefano.crapanzano@chu.ulg.ac.be,VisualSVN Server - Google Chrome,Tâches diverses,2021-10-28,12:19:27,00:00:06
stefano.crapanzano@chu.ulg.ac.be,VisualSVN Server - Google Chrome,Tâches diverses,2021-10-28,12:32:27,00:00:04
stefano.crapanzano@chu.ulg.ac.be,VisualSVN Server - Google Chrome,Tâches diverses,2021-10-28,12:34:34,00:00:46
stefano.crapanzano@chu.ulg.ac.be,VisualSVN Server - Google Chrome,Tâches diverses,2021-10-28,12:47:23,00:00:02
stefano.crapanzano@chu.ulg.ac.be,VisualSVN Server - Google Chrome,Tâches diverses,2021-10-28,13:23:49,00:00:05
stefano.crapanzano@chu.ulg.ac.be,VisualSVN Server - Google Chrome,Tâches diverses,2021-10-28,15:22:40,00:00:04
stefano.crapanzano@chu.ulg.ac.be,SVN_LOCAL – CHL_ERP_EXTRACT_ZMMARTIKEL.pl [SVN_LOCAL] (Administrator),IT,2021-10-28,12:20:46,00:00:10
stefano.crapanzano@chu.ulg.ac.be,SVN_LOCAL – CHL_ERP_EXTRACT_ZMMARTIKEL.pl [SVN_LOCAL] (Administrator),IT,2021-10-28,12:21:20,00:00:40
stefano.crapanzano@chu.ulg.ac.be,SVN_LOCAL – CHL_ERP_EXTRACT_ZMMARTIKEL.pl [SVN_LOCAL] (Administrator),IT,2021-10-28,12:22:06,00:00:14
stefano.crapanzano@chu.ulg.ac.be,SVN_LOCAL – CHL_ERP_EXTRACT_ZMMARTIKEL.pl [SVN_LOCAL] (Administrator),IT,2021-10-28,12:22:31,00:00:24
stefano.crapanzano@chu.ulg.ac.be,SVN_LOCAL – CHL_ERP_EXTRACT_ZMMARTIKEL.pl [SVN_LOCAL] (Administrator),IT,2021-10-28,12:23:09,00:01:24
stefano.crapanzano@chu.ulg.ac.be,Commit Changes,IT,2021-10-28,12:20:56,00:00:15
stefano.crapanzano@chu.ulg.ac.be,Commit Changes,IT,2021-10-28,12:22:20,00:00:09
stefano.crapanzano@chu.ulg.ac.be,Commit Changes,IT,2021-10-28,12:22:56,00:00:10
stefano.crapanzano@chu.ulg.ac.be,Commit Changes,IT,2021-10-28,12:25:29,00:00:05
stefano.crapanzano@chu.ulg.ac.be,Code Analysis,IT,2021-10-28,12:21:11,00:00:08
stefano.crapanzano@chu.ulg.ac.be,Code Analysis,IT,2021-10-28,12:23:07,00:00:02
stefano.crapanzano@chu.ulg.ac.be,Update Directory,IT,2021-10-28,12:22:00,00:00:05
stefano.crapanzano@chu.ulg.ac.be,SVN_LOCAL – CHL_ERP_GOAL_VALIDATION_ARTICLE.pl [SVN_LOCAL] (Administrator),IT,2021-10-28,12:24:34,00:00:20
stefano.crapanzano@chu.ulg.ac.be,SVN_LOCAL – CHL_ERP_GOAL_VALIDATION_ARTICLE.pl [SVN_LOCAL] (Administrator),IT,2021-10-28,12:24:58,00:00:31
stefano.crapanzano@chu.ulg.ac.be,SVN_LOCAL – CHL_ERP_GOAL_VALIDATION_ARTICLE.pl [SVN_LOCAL] (Administrator),IT,2021-10-28,12:27:07,00:00:09
stefano.crapanzano@chu.ulg.ac.be,SVN_LOCAL – CHL_ERP_GOAL_VALIDATION_ARTICLE.pl [SVN_LOCAL] (Administrator),IT,2021-10-28,12:55:50,00:00:06
stefano.crapanzano@chu.ulg.ac.be,SVN_LOCAL – CHL_ERP_GOAL_VALIDATION_ARTICLE.pl [SVN_LOCAL] (Administrator),IT,2021-10-28,15:43:38,00:00:03
stefano.crapanzano@chu.ulg.ac.be,C:\Users\c158492\ProjetBoulot\SVN_LOCAL\PERL\ERP\PERL\ERP,IT,2021-10-28,12:24:54,00:00:04
stefano.crapanzano@chu.ulg.ac.be,CHL_ERP_MAIL_MEDNUC_MONITORING.pl (C:\Users\c158492\ProjetBoulot\SVN_LOCAL\PERL\ERP),IT,2021-10-28,12:25:35,00:00:14
stefano.crapanzano@chu.ulg.ac.be,CHL_ERP_MAIL_MEDNUC_MONITORING.pl (C:\Users\c158492\ProjetBoulot\SVN_LOCAL\PERL\ERP),IT,2021-10-28,12:27:03,00:00:02
stefano.crapanzano@chu.ulg.ac.be,C:\Users\c158492\ProjetBoulot\SVN_LOCAL\PERL\ERP,IT,2021-10-28,12:26:28,00:00:06
stefano.crapanzano@chu.ulg.ac.be,C:\Users\c158492\ProjetBoulot\SVN_LOCAL\PERL\ERP,IT,2021-10-28,12:27:00,00:00:02
stefano.crapanzano@chu.ulg.ac.be,Authentication Required,IT,2021-10-28,12:25:51,00:00:17
stefano.crapanzano@chu.ulg.ac.be,Authentication Required,Helpdesk général,2021-10-28,12:26:12,00:00:06
stefano.crapanzano@chu.ulg.ac.be,Authentication Required,IT,2021-10-28,12:26:36,00:00:05
stefano.crapanzano@chu.ulg.ac.be,Authentication Required,IT,2021-10-28,12:26:52,00:00:08
stefano.crapanzano@chu.ulg.ac.be,Rédaction : Accès au SVN - Thunderbird,Helpdesk général,2021-10-28,12:33:28,00:00:45
stefano.crapanzano@chu.ulg.ac.be,Rédaction : Re: Accès au SVN - Thunderbird,Helpdesk général,2021-10-28,12:35:35,00:00:37
stefano.crapanzano@chu.ulg.ac.be,Rédaction : Re: Accès au SVN - Thunderbird,Helpdesk général,2021-10-28,14:56:19,00:00:02
stefano.crapanzano@chu.ulg.ac.be,Rédaction : Re: Accès au SVN - Thunderbird,Helpdesk général,2021-10-28,14:58:55,00:00:36
stefano.crapanzano@chu.ulg.ac.be,Connexion à l'aide de l'authentification Windows,Helpdesk général,2021-10-28,13:02:04,00:00:02
stefano.crapanzano@chu.ulg.ac.be,Connexion à l'aide de l'authentification Windows,Helpdesk général,2021-10-28,13:10:08,00:00:02
stefano.crapanzano@chu.ulg.ac.be,192.168.123.86 - Netop Remote Control,Helpdesk général,2021-10-28,13:02:08,00:01:31
stefano.crapanzano@chu.ulg.ac.be,192.168.123.86 - Netop Remote Control,Helpdesk général,2021-10-28,13:03:48,00:00:02
stefano.crapanzano@chu.ulg.ac.be,192.168.123.86 - Netop Remote Control,Helpdesk général,2021-10-28,13:03:59,00:00:04
stefano.crapanzano@chu.ulg.ac.be,192.168.123.86 - Netop Remote Control,Helpdesk général,2021-10-28,13:04:11,00:00:18
stefano.crapanzano@chu.ulg.ac.be,192.168.123.86 - Netop Remote Control,Helpdesk général,2021-10-28,13:04:42,00:00:06
stefano.crapanzano@chu.ulg.ac.be,192.168.123.86 - Netop Remote Control,Helpdesk général,2021-10-28,13:08:09,00:00:27
stefano.crapanzano@chu.ulg.ac.be,192.168.123.86 - Netop File Manager,Helpdesk général,2021-10-28,13:04:49,00:00:02
stefano.crapanzano@chu.ulg.ac.be,192.168.123.86 - Netop File Manager,Helpdesk général,2021-10-28,13:04:53,00:00:07
stefano.crapanzano@chu.ulg.ac.be,192.168.123.86 - Netop File Manager,Helpdesk général,2021-10-28,13:05:09,00:01:03
stefano.crapanzano@chu.ulg.ac.be,192.168.123.86 - Netop File Manager,Helpdesk général,2021-10-28,13:06:25,00:00:05
stefano.crapanzano@chu.ulg.ac.be,192.168.123.86 - Netop File Manager,Helpdesk général,2021-10-28,13:06:35,00:00:17
stefano.crapanzano@chu.ulg.ac.be,192.168.123.86 - Netop File Manager,Helpdesk général,2021-10-28,13:06:54,00:00:10
stefano.crapanzano@chu.ulg.ac.be,192.168.123.86 - Netop File Manager,Helpdesk général,2021-10-28,13:07:16,00:00:43
stefano.crapanzano@chu.ulg.ac.be,192.168.123.86 - Netop File Manager,Helpdesk général,2021-10-28,13:08:01,00:00:06
stefano.crapanzano@chu.ulg.ac.be,si-s-serv503 - Netop Remote Control,Helpdesk général,2021-10-28,13:10:12,00:00:27
stefano.crapanzano@chu.ulg.ac.be,si-s-serv503 - Netop Remote Control,Helpdesk général,2021-10-28,13:12:29,00:00:22
stefano.crapanzano@chu.ulg.ac.be,si-s-serv503 - Netop Remote Control,Helpdesk général,2021-10-28,13:13:18,00:00:05
stefano.crapanzano@chu.ulg.ac.be,si-s-serv503 - Netop Remote Control,Helpdesk général,2021-10-28,13:13:34,00:01:10
stefano.crapanzano@chu.ulg.ac.be,si-s-serv503 - Netop Remote Control,Helpdesk général,2021-10-28,13:15:38,00:01:34
stefano.crapanzano@chu.ulg.ac.be,c158492/intrastat_project - requirements.txt at master - intrastat_project - Gitea: Git with a cup of tea - Google Chrome,Tâches diverses,2021-10-28,13:59:04,00:00:03
stefano.crapanzano@chu.ulg.ac.be,c158492/intrastat_project - requirements.txt at master - intrastat_project - Gitea: Git with a cup of tea - Google Chrome,Tâches diverses,2021-10-28,13:59:52,00:00:02
stefano.crapanzano@chu.ulg.ac.be,P203 CHR Modification données email fournisseur PART (PE2) - Xperthis ERP4HC 1.0 - Service d'assistance - Google Chrome,Tâches diverses,2021-10-28,14:00:49,00:00:34
stefano.crapanzano@chu.ulg.ac.be,P203 CHR Modification données email fournisseur PART (PE2) - Xperthis ERP4HC 1.0 - Service d'assistance - Google Chrome,Tâches diverses,2021-10-28,14:01:49,00:00:05
stefano.crapanzano@chu.ulg.ac.be,P203 CHR Modification données email fournisseur PART (PE2) - Xperthis ERP4HC 1.0 - Service d'assistance - Google Chrome,Tâches diverses,2021-10-28,16:09:33,00:00:04
stefano.crapanzano@chu.ulg.ac.be,Commit,IT,2021-10-28,14:56:11,00:00:02
stefano.crapanzano@chu.ulg.ac.be,\\filesrv01.st.chulg\oazis_prod\APPL_PROD\SOURCES\PYTHON\ERP - Commit - TortoiseSVN,IT,2021-10-28,14:56:23,00:00:14
stefano.crapanzano@chu.ulg.ac.be,\\filesrv01.st.chulg\oazis_prod\APPL_PROD\SOURCES\PYTHON\ERP - Commit - TortoiseSVN,IT,2021-10-28,14:56:40,00:00:04
stefano.crapanzano@chu.ulg.ac.be,\\filesrv01.st.chulg\oazis_prod\APPL_PROD\SOURCES\PYTHON\ERP - Commit - TortoiseSVN,IT,2021-10-28,14:56:46,00:00:06
stefano.crapanzano@chu.ulg.ac.be,\\filesrv01.st.chulg\oazis_prod\APPL_PROD\SOURCES\PYTHON\ERP - Commit - TortoiseSVN,IT,2021-10-28,14:57:03,00:00:08
stefano.crapanzano@chu.ulg.ac.be,\\filesrv01.st.chulg\oazis_prod\APPL_PROD\SOURCES\PYTHON\ERP - Commit - TortoiseSVN,IT,2021-10-28,14:57:23,00:00:06
stefano.crapanzano@chu.ulg.ac.be,\\filesrv01.st.chulg\oazis_prod\APPL_PROD\SOURCES\PYTHON\ERP - Commit - TortoiseSVN,IT,2021-10-28,14:58:20,00:00:16
stefano.crapanzano@chu.ulg.ac.be,\\filesrv01.st.chulg\oazis_prod\APPL_PROD\SOURCES\PYTHON\ERP - Commit - TortoiseSVN,IT,2021-10-28,15:16:50,00:00:02
stefano.crapanzano@chu.ulg.ac.be,\\filesrv01.st.chulg\oazis_prod\APPL_PROD\SOURCES\PYTHON\ERP - Commit - TortoiseSVN,IT,2021-10-28,15:17:00,00:00:02
stefano.crapanzano@chu.ulg.ac.be,\\filesrv01.st.chulg\oazis_prod\APPL_PROD\SOURCES\PYTHON\ERP - Commit - TortoiseSVN,IT,2021-10-28,15:30:22,00:00:05
stefano.crapanzano@chu.ulg.ac.be,\\filesrv01.st.chulg\oazis_prod\APPL_PROD\SOURCES\PYTHON\ERP - Commit - TortoiseSVN,IT,2021-10-28,15:50:40,00:00:02
stefano.crapanzano@chu.ulg.ac.be,\\filesrv01.st.chulg\oazis_prod\APPL_PROD\SOURCES\PYTHON\ERP - Commit - TortoiseSVN,IT,2021-10-28,16:26:24,00:00:04
stefano.crapanzano@chu.ulg.ac.be,\\filesrv01.st.chulg\oazis_prod\APPL_PROD\SOURCES\PYTHON\ERP - Commit - TortoiseSVN,IT,2021-10-28,16:39:54,00:00:04
stefano.crapanzano@chu.ulg.ac.be,\\filesrv01.st.chulg\oazis_prod\APPL_PROD\SOURCES\PYTHON\ERP - Commit - TortoiseSVN,IT,2021-10-28,16:39:59,00:00:02
stefano.crapanzano@chu.ulg.ac.be,Commit Failed!,IT,2021-10-28,14:58:37,00:00:08
stefano.crapanzano@chu.ulg.ac.be,Commit Failed!,IT,2021-10-28,15:16:53,00:00:06
stefano.crapanzano@chu.ulg.ac.be,Commit Failed!,IT,2021-10-28,15:50:43,00:00:04
stefano.crapanzano@chu.ulg.ac.be,Commit Failed!,IT,2021-10-28,16:26:28,00:00:08
stefano.crapanzano@chu.ulg.ac.be,GOAL_DISCORDANCES - erp.sai@chuliege.be - Mozilla Thunderbird,Helpdesk général,2021-10-28,15:51:07,00:00:18
stefano.crapanzano@chu.ulg.ac.be,Connexion - Google Chrome,Tâches diverses,2021-10-28,15:53:38,00:00:02
stefano.crapanzano@chu.ulg.ac.be,Connexion - Google Chrome,Tâches diverses,2021-10-28,15:54:00,00:00:11
stefano.crapanzano@chu.ulg.ac.be,Connexion - Google Chrome,Tâches diverses,2021-10-28,15:55:04,00:00:02
stefano.crapanzano@chu.ulg.ac.be,Page d'accueil - Google Chrome,Tâches diverses,2021-10-28,15:54:13,00:00:13
stefano.crapanzano@chu.ulg.ac.be,Page d'accueil - Google Chrome,Tâches diverses,2021-10-28,15:54:28,00:00:02
stefano.crapanzano@chu.ulg.ac.be,Page d'accueil - Google Chrome,Tâches diverses,2021-10-28,16:02:43,00:00:13
stefano.crapanzano@chu.ulg.ac.be,Page d'accueil - Google Chrome,Tâches diverses,2021-10-28,16:02:58,00:00:05
stefano.crapanzano@chu.ulg.ac.be,Page d'accueil - Google Chrome,Tâches diverses,2021-10-28,16:16:31,00:00:06
stefano.crapanzano@chu.ulg.ac.be,*new 4 - Notepad++ [Administrator],IT,2021-10-28,15:54:45,00:00:18
stefano.crapanzano@chu.ulg.ac.be,*new 4 - Notepad++ [Administrator],Tâches diverses,2021-10-28,15:55:07,00:00:06
stefano.crapanzano@chu.ulg.ac.be,*new 4 - Notepad++ [Administrator],IT,2021-10-28,15:55:21,00:00:02
stefano.crapanzano@chu.ulg.ac.be,Erreur SAML 2.0 - Google Chrome,Tâches diverses,2021-10-28,15:55:15,00:00:05
stefano.crapanzano@chu.ulg.ac.be,Flux des WOAR via les fichiers de commande PDA sur X01 - Xperthis ERP4HC 2.0 Rollout - Service d'assistance - Google Chrome,Tâches diverses,2021-10-28,15:56:41,00:00:10
stefano.crapanzano@chu.ulg.ac.be,Flux des WOAR via les fichiers de commande PDA sur X01 - Xperthis ERP4HC 2.0 Rollout - Service d'assistance - Google Chrome,Tâches diverses,2021-10-28,15:56:55,00:00:10
stefano.crapanzano@chu.ulg.ac.be,Flux des WOAR via les fichiers de commande PDA sur X01 - Xperthis ERP4HC 2.0 Rollout - Service d'assistance - Google Chrome,Tâches diverses,2021-10-28,15:57:15,00:00:04
stefano.crapanzano@chu.ulg.ac.be,Flux des WOAR via les fichiers de commande PDA sur X01 - Xperthis ERP4HC 2.0 Rollout - Service d'assistance - Google Chrome,Exploration SAP,2021-10-28,15:58:51,00:00:10
stefano.crapanzano@chu.ulg.ac.be,Flux des WOAR via les fichiers de commande PDA sur X01 - Xperthis ERP4HC 2.0 Rollout - Service d'assistance - Google Chrome,Tâches diverses,2021-10-28,15:59:41,00:00:05
stefano.crapanzano@chu.ulg.ac.be,Flux des WOAR via les fichiers de commande PDA sur X01 - Xperthis ERP4HC 2.0 Rollout - Service d'assistance - Google Chrome,Tâches diverses,2021-10-28,15:59:52,00:00:02
stefano.crapanzano@chu.ulg.ac.be,Flux des WOAR via les fichiers de commande PDA sur X01 - Xperthis ERP4HC 2.0 Rollout - Service d'assistance - Google Chrome,Tâches diverses,2021-10-28,16:00:23,00:00:08
stefano.crapanzano@chu.ulg.ac.be,Flux des WOAR via les fichiers de commande PDA sur X01 - Xperthis ERP4HC 2.0 Rollout - Service d'assistance - Google Chrome,Tâches diverses,2021-10-28,16:00:55,00:00:02
stefano.crapanzano@chu.ulg.ac.be,https://jira.zorgi.be/servicedesk/customershim/secure/attachment/1099062/1099062_01234-20211030090010.txt?fromIssue=679711 - Google Chrome,Tâches diverses,2021-10-28,15:56:51,00:00:02
stefano.crapanzano@chu.ulg.ac.be,AE2_203 - sftp://AE2U2FTP@153.89.110.38 - FileZilla,Helpdesk général,2021-10-28,15:57:21,00:00:14
stefano.crapanzano@chu.ulg.ac.be,AE2_203 - sftp://AE2U2FTP@153.89.110.38 - FileZilla,Helpdesk général,2021-10-28,15:58:19,00:00:05
stefano.crapanzano@chu.ulg.ac.be,AE2_203 - sftp://AE2U2FTP@153.89.110.38 - FileZilla,Helpdesk général,2021-10-28,16:05:47,00:00:06
stefano.crapanzano@chu.ulg.ac.be,AE2_203 - sftp://AE2U2FTP@153.89.110.38 - FileZilla,Tâches diverses,2021-10-28,16:06:16,00:00:18
stefano.crapanzano@chu.ulg.ac.be,SAP,Exploration SAP,2021-10-28,15:57:38,00:00:08
stefano.crapanzano@chu.ulg.ac.be,SAP,Exploration SAP,2021-10-28,15:58:38,00:00:05
stefano.crapanzano@chu.ulg.ac.be,Options,Exploration SAP,2021-10-28,15:57:53,00:00:04
stefano.crapanzano@chu.ulg.ac.be,Recherche dans arborescence des menus,Exploration SAP,2021-10-28,15:58:01,00:00:04
stefano.crapanzano@chu.ulg.ac.be,Chargement code barre et création IDocs,Exploration SAP,2021-10-28,15:58:07,00:00:02
stefano.crapanzano@chu.ulg.ac.be,Chargement code barre et création IDocs,Exploration SAP,2021-10-28,15:58:11,00:00:06
stefano.crapanzano@chu.ulg.ac.be,Synthèse IDocs,Exploration SAP,2021-10-28,15:58:34,00:00:04
stefano.crapanzano@chu.ulg.ac.be,Affichage de l'IDoc : 0000000000346001,Exploration SAP,2021-10-28,15:58:43,00:00:08
stefano.crapanzano@chu.ulg.ac.be,Affichage de l'IDoc : 0000000000346001,Exploration SAP,2021-10-28,16:01:28,00:00:06
stefano.crapanzano@chu.ulg.ac.be,ZORGI Help Center - Service d'assistance - Google Chrome,Tâches diverses,2021-10-28,15:59:06,00:00:04
stefano.crapanzano@chu.ulg.ac.be,Incident ERP for HealthCare - Xperthis ERP4HC 2.0 Rollout - Service d'assistance - Google Chrome,Tâches diverses,2021-10-28,15:59:10,00:00:14
stefano.crapanzano@chu.ulg.ac.be,Incident ERP for HealthCare - Xperthis ERP4HC 2.0 Rollout - Service d'assistance - Google Chrome,Tâches diverses,2021-10-28,15:59:30,00:00:10
stefano.crapanzano@chu.ulg.ac.be,Incident ERP for HealthCare - Xperthis ERP4HC 2.0 Rollout - Service d'assistance - Google Chrome,Tâches diverses,2021-10-28,15:59:47,00:00:05
stefano.crapanzano@chu.ulg.ac.be,Incident ERP for HealthCare - Xperthis ERP4HC 2.0 Rollout - Service d'assistance - Google Chrome,Tâches diverses,2021-10-28,15:59:55,00:00:06
stefano.crapanzano@chu.ulg.ac.be,Incident ERP for HealthCare - Xperthis ERP4HC 2.0 Rollout - Service d'assistance - Google Chrome,Tâches diverses,2021-10-28,16:00:10,00:00:10
stefano.crapanzano@chu.ulg.ac.be,Incident ERP for HealthCare - Xperthis ERP4HC 2.0 Rollout - Service d'assistance - Google Chrome,Tâches diverses,2021-10-28,16:00:32,00:00:22
stefano.crapanzano@chu.ulg.ac.be,Incident ERP for HealthCare - Xperthis ERP4HC 2.0 Rollout - Service d'assistance - Google Chrome,Tâches diverses,2021-10-28,16:00:58,00:00:28
stefano.crapanzano@chu.ulg.ac.be,Incident ERP for HealthCare - Xperthis ERP4HC 2.0 Rollout - Service d'assistance - Google Chrome,Tâches diverses,2021-10-28,16:09:29,00:00:04
stefano.crapanzano@chu.ulg.ac.be,Incident ERP for HealthCare - Xperthis ERP4HC 2.0 Rollout - Service d'assistance - Google Chrome,Tâches diverses,2021-10-28,16:09:49,00:00:12
stefano.crapanzano@chu.ulg.ac.be,Incident ERP for HealthCare - Xperthis ERP4HC 2.0 Rollout - Service d'assistance - Google Chrome,Tâches diverses,2021-10-28,16:12:19,00:00:21
stefano.crapanzano@chu.ulg.ac.be,Incident ERP for HealthCare - Xperthis ERP4HC 2.0 Rollout - Service d'assistance - Google Chrome,Tâches diverses,2021-10-28,16:14:42,00:00:17
stefano.crapanzano@chu.ulg.ac.be,Ouvrir,Tâches diverses,2021-10-28,16:00:02,00:00:07
stefano.crapanzano@chu.ulg.ac.be,Ouvrir,Tâches diverses,2021-10-28,16:14:40,00:00:02
stefano.crapanzano@chu.ulg.ac.be,Handling Unit Flow Monitor,Exploration SAP,2021-10-28,16:01:40,00:00:10
stefano.crapanzano@chu.ulg.ac.be,Handling Unit Flow Monitor,Exploration SAP,2021-10-28,16:06:37,00:00:02
stefano.crapanzano@chu.ulg.ac.be,Flux des WOAR via les fichiers de commande PDA sur A03 - Xperthis ERP4HC 2.0 Rollout - Service d'assistance - Google Chrome,Tâches diverses,2021-10-28,16:01:54,00:00:04
stefano.crapanzano@chu.ulg.ac.be,P203 CHU Discordance Logistique et finance - Xperthis ERP4HC 1.0 - Service d'assistance - Google Chrome,Tâches diverses,2021-10-28,16:02:08,00:00:05
stefano.crapanzano@chu.ulg.ac.be,Quantité à commander ne vient pas de ZMMARTIKEL sur A03 - Xperthis ERP4HC 2.0 Rollout - Service d'assistance - Google Chrome,Tâches diverses,2021-10-28,16:02:16,00:00:22
stefano.crapanzano@chu.ulg.ac.be,Quantité à commander ne vient pas de ZMMARTIKEL sur A03 - Xperthis ERP4HC 2.0 Rollout - Service d'assistance - Google Chrome,Tâches diverses,2021-10-28,16:03:03,00:00:06
stefano.crapanzano@chu.ulg.ac.be,Quantité à commander ne vient pas de ZMMARTIKEL sur A03 - Xperthis ERP4HC 2.0 Rollout - Service d'assistance - Google Chrome,Tâches diverses,2021-10-28,16:03:19,00:00:02
stefano.crapanzano@chu.ulg.ac.be,Quantité à commander ne vient pas de ZMMARTIKEL sur A03 - Xperthis ERP4HC 2.0 Rollout - Service d'assistance - Google Chrome,Tâches diverses,2021-10-28,16:03:37,00:00:11
stefano.crapanzano@chu.ulg.ac.be,Quantité à commander ne vient pas de ZMMARTIKEL sur A03 - Xperthis ERP4HC 2.0 Rollout - Service d'assistance - Google Chrome,Tâches diverses,2021-10-28,16:03:57,00:00:12
stefano.crapanzano@chu.ulg.ac.be,Test de ZCREATION_PERS sur X01 - Xperthis ERP4HC 2.0 Rollout - Service d'assistance - Google Chrome,Tâches diverses,2021-10-28,16:04:59,00:00:18
stefano.crapanzano@chu.ulg.ac.be,Test de ZCREATION_PERS sur X01 - Xperthis ERP4HC 2.0 Rollout - Service d'assistance - Google Chrome,Helpdesk général,2021-10-28,16:05:34,00:00:12
stefano.crapanzano@chu.ulg.ac.be,Test de ZCREATION_PERS sur X01 - Xperthis ERP4HC 2.0 Rollout - Service d'assistance - Google Chrome,Tâches diverses,2021-10-28,16:09:08,00:00:16
stefano.crapanzano@chu.ulg.ac.be,Test de ZCREATION_PERS sur X01 - Xperthis ERP4HC 2.0 Rollout - Service d'assistance - Google Chrome,Tâches diverses,2021-10-28,16:09:42,00:00:06
stefano.crapanzano@chu.ulg.ac.be,Test de ZCREATION_PERS sur X01 - Xperthis ERP4HC 2.0 Rollout - Service d'assistance - Google Chrome,Tâches diverses,2021-10-28,16:15:12,00:00:05
stefano.crapanzano@chu.ulg.ac.be,erpmanager - Total Commander (x64) 9.0a - NOT REGISTERED,Tâches diverses,2021-10-28,16:06:02,00:00:13
stefano.crapanzano@chu.ulg.ac.be,mapping pour l'utilisation de l'interface salaire,Exploration SAP,2021-10-28,16:06:44,00:00:10
stefano.crapanzano@chu.ulg.ac.be,mapping pour l'utilisation de l'interface salaire,Exploration SAP,2021-10-28,16:06:56,00:00:02
stefano.crapanzano@chu.ulg.ac.be,mapping pour l'utilisation de l'interface salaire,Exploration SAP,2021-10-28,16:07:08,00:00:06
stefano.crapanzano@chu.ulg.ac.be,mapping pour l'utilisation de l'interface salaire,Exploration SAP,2021-10-28,16:07:39,00:00:05
stefano.crapanzano@chu.ulg.ac.be,mapping pour l'utilisation de l'interface salaire,Exploration SAP,2021-10-28,16:07:46,00:00:11
stefano.crapanzano@chu.ulg.ac.be,mapping pour l'utilisation de l'interface salaire,Exploration SAP,2021-10-28,16:08:05,00:00:12
stefano.crapanzano@chu.ulg.ac.be,ABAP : catalogue des variantes du programme ZFI_MAPPING_PERS_FR,Exploration SAP,2021-10-28,16:06:59,00:00:09
stefano.crapanzano@chu.ulg.ac.be,File Dialog,Exploration SAP,2021-10-28,16:07:15,00:00:24
stefano.crapanzano@chu.ulg.ac.be,Batch input : lancer tous les dossiers à traiter,Exploration SAP,2021-10-28,16:08:17,00:00:29
stefano.crapanzano@chu.ulg.ac.be,Batch input : synthèse des dossiers,Exploration SAP,2021-10-28,16:08:51,00:00:04
stefano.crapanzano@chu.ulg.ac.be,Batch input : synthèse des dossiers,Tâches diverses,2021-10-28,16:10:01,00:00:03
stefano.crapanzano@chu.ulg.ac.be,Batch input : synthèse des dossiers,Exploration SAP,2021-10-28,16:10:06,00:00:10
stefano.crapanzano@chu.ulg.ac.be,Batch input : synthèse des dossiers,Exploration SAP,2021-10-28,16:10:24,00:00:54
stefano.crapanzano@chu.ulg.ac.be,Batch input : synthèse des dossiers,Exploration SAP,2021-10-28,16:11:29,00:00:03
stefano.crapanzano@chu.ulg.ac.be,Batch input : synthèse des dossiers,Exploration SAP,2021-10-28,16:12:12,00:00:05
stefano.crapanzano@chu.ulg.ac.be,Batch input : synthèse des dossiers,Exploration SAP,2021-10-28,16:12:42,00:00:03
stefano.crapanzano@chu.ulg.ac.be,Batch input : synthèse des dossiers,Exploration SAP,2021-10-28,16:13:33,00:00:02
stefano.crapanzano@chu.ulg.ac.be,Batch input : synthèse des dossiers,Exploration SAP,2021-10-28,16:14:13,00:00:04
stefano.crapanzano@chu.ulg.ac.be,Analyse du dossier UPLVND211028,Exploration SAP,2021-10-28,16:08:55,00:00:10
stefano.crapanzano@chu.ulg.ac.be,Analyse du dossier UPLVND211028,Exploration SAP,2021-10-28,16:10:17,00:00:06
stefano.crapanzano@chu.ulg.ac.be,Analyse du dossier UPLVND211028,Exploration SAP,2021-10-28,16:11:33,00:00:38
stefano.crapanzano@chu.ulg.ac.be,Analyse du dossier UPLVND211028,Exploration SAP,2021-10-28,16:12:46,00:00:05
stefano.crapanzano@chu.ulg.ac.be,Analyse du dossier UPLVND211028,Exploration SAP,2021-10-28,16:13:35,00:00:37
stefano.crapanzano@chu.ulg.ac.be,Analyse du dossier UPLVND211028,Exploration SAP,2021-10-28,16:14:17,00:00:08
stefano.crapanzano@chu.ulg.ac.be,Analyse du dossier UPLVND211028,Exploration SAP,2021-10-28,16:14:26,00:00:05
stefano.crapanzano@chu.ulg.ac.be,Test de ZCREATION_PERS sur A03 - Xperthis ERP4HC 2.0 Rollout - Service d'assistance - Google Chrome,Tâches diverses,2021-10-28,16:15:00,00:00:04
stefano.crapanzano@chu.ulg.ac.be,P203 CHU - PE2 - Panier pour une immo - Erreur : Budget annuel dépassé - Xperthis ERP4HC 1.0 - Service d'assistance - Google Chrome,Tâches diverses,2021-10-28,16:16:00,00:00:21
stefano.crapanzano@chu.ulg.ac.be,P203 CHU - PE2 - Panier pour une immo - Erreur : Budget annuel dépassé - Xperthis ERP4HC 1.0 - Service d'assistance - Google Chrome,Tâches diverses,2021-10-28,16:17:30,00:00:08
stefano.crapanzano@chu.ulg.ac.be,P203 CHU - PE2 - Panier pour une immo - Erreur : Budget annuel dépassé - Xperthis ERP4HC 1.0 - Service d'assistance - Google Chrome,Helpdesk général,2021-10-28,16:18:05,00:00:50
stefano.crapanzano@chu.ulg.ac.be,P203 CHU - PE2 - Panier pour une immo - Erreur : Budget annuel dépassé - Xperthis ERP4HC 1.0 - Service d'assistance - Google Chrome,Tâches diverses,2021-10-28,16:19:19,00:00:33
stefano.crapanzano@chu.ulg.ac.be,SDERP-19344 - Mozilla Thunderbird,Helpdesk général,2021-10-28,16:17:39,00:00:09
stefano.crapanzano@chu.ulg.ac.be,Suivi de tickets sans réponse - Mozilla Thunderbird,Helpdesk général,2021-10-28,16:17:59,00:00:04
stefano.crapanzano@chu.ulg.ac.be,Microsoft To Do - Google Chrome,Tâches diverses,2021-10-28,16:23:48,00:00:03
stefano.crapanzano@chu.ulg.ac.be,\\filesrv01.st.chulg\oazis_prod\APPL_PROD\SOURCES\PYTHON\ERP\COMPTA\xml_search\main.py - Notepad++ [Administrator],IT,2021-10-28,16:40:55,00:01:00
stefano.crapanzano@chu.ulg.ac.be,Chargement photo d'un article sur SSP - Xperthis ERP4HC 2.0 Rollout - Service d'assistance - Google Chrome,Tâches diverses,2021-10-28,16:51:19,00:00:59
