Email,Description,Project,Start date,Start time,Duration
stefano.crapanzano@chu.ulg.ac.be,Administrateur : Perl (command line) - python  main.py,IT,2021-10-29,08:25:35,00:00:02
stefano.crapanzano@chu.ulg.ac.be,Courrier entrant - erp.sai@chuliege.be - Mozilla Thunderbird,Helpdesk général,2021-10-29,08:25:38,00:00:17
stefano.crapanzano@chu.ulg.ac.be,Courrier entrant - erp.sai@chuliege.be - Mozilla Thunderbird,Helpdesk général,2021-10-29,08:26:23,00:00:06
stefano.crapanzano@chu.ulg.ac.be,Courrier entrant - erp.sai@chuliege.be - Mozilla Thunderbird,Helpdesk général,2021-10-29,08:26:38,00:00:06
stefano.crapanzano@chu.ulg.ac.be,Courrier entrant - erp.sai@chuliege.be - Mozilla Thunderbird,Helpdesk général,2021-10-29,08:27:15,00:00:34
stefano.crapanzano@chu.ulg.ac.be,Courrier entrant - erp.sai@chuliege.be - Mozilla Thunderbird,Helpdesk général,2021-10-29,08:36:20,00:00:04
stefano.crapanzano@chu.ulg.ac.be,Courrier entrant - erp.sai@chuliege.be - Mozilla Thunderbird,Helpdesk général,2021-10-29,08:37:48,00:04:33
stefano.crapanzano@chu.ulg.ac.be,Courrier entrant - erp.sai@chuliege.be - Mozilla Thunderbird,Helpdesk général,2021-10-29,08:43:09,00:00:56
stefano.crapanzano@chu.ulg.ac.be,Courrier entrant - erp.sai@chuliege.be - Mozilla Thunderbird,Helpdesk général,2021-10-29,08:44:17,00:00:05
stefano.crapanzano@chu.ulg.ac.be,Courrier entrant - erp.sai@chuliege.be - Mozilla Thunderbird,Helpdesk général,2021-10-29,09:15:31,00:00:20
stefano.crapanzano@chu.ulg.ac.be,Courrier entrant - erp.sai@chuliege.be - Mozilla Thunderbird,Helpdesk général,2021-10-29,09:18:44,00:05:22
stefano.crapanzano@chu.ulg.ac.be,Courrier entrant - erp.sai@chuliege.be - Mozilla Thunderbird,Helpdesk général,2021-10-29,09:24:21,00:00:02
stefano.crapanzano@chu.ulg.ac.be,Courrier entrant - erp.sai@chuliege.be - Mozilla Thunderbird,Helpdesk général,2021-10-29,09:24:25,00:00:02
stefano.crapanzano@chu.ulg.ac.be,Courrier entrant - erp.sai@chuliege.be - Mozilla Thunderbird,Tâches diverses,2021-10-29,09:24:38,00:00:02
stefano.crapanzano@chu.ulg.ac.be,Courrier entrant - erp.sai@chuliege.be - Mozilla Thunderbird,Helpdesk général,2021-10-29,09:31:12,00:00:07
stefano.crapanzano@chu.ulg.ac.be,Courrier entrant - erp.sai@chuliege.be - Mozilla Thunderbird,Helpdesk général,2021-10-29,09:35:01,01:26:06
stefano.crapanzano@chu.ulg.ac.be,Courrier entrant - erp.sai@chuliege.be - Mozilla Thunderbird,Helpdesk général,2021-10-29,11:02:21,00:04:53
stefano.crapanzano@chu.ulg.ac.be,Courrier entrant - erp.sai@chuliege.be - Mozilla Thunderbird,Helpdesk général,2021-10-29,11:09:47,00:00:02
stefano.crapanzano@chu.ulg.ac.be,Courrier entrant - erp.sai@chuliege.be - Mozilla Thunderbird,Helpdesk général,2021-10-29,11:12:00,00:00:02
stefano.crapanzano@chu.ulg.ac.be,Courrier entrant - erp.sai@chuliege.be - Mozilla Thunderbird,Helpdesk général,2021-10-29,11:12:06,00:03:30
stefano.crapanzano@chu.ulg.ac.be,Courrier entrant - erp.sai@chuliege.be - Mozilla Thunderbird,Helpdesk général,2021-10-29,11:15:38,00:00:16
stefano.crapanzano@chu.ulg.ac.be,Courrier entrant - erp.sai@chuliege.be - Mozilla Thunderbird,Helpdesk général,2021-10-29,11:15:57,00:00:06
stefano.crapanzano@chu.ulg.ac.be,Courrier entrant - erp.sai@chuliege.be - Mozilla Thunderbird,Helpdesk général,2021-10-29,11:16:44,00:00:09
stefano.crapanzano@chu.ulg.ac.be,Courrier entrant - erp.sai@chuliege.be - Mozilla Thunderbird,Helpdesk général,2021-10-29,11:17:31,02:33:38
stefano.crapanzano@chu.ulg.ac.be,Courrier entrant - erp.sai@chuliege.be - Mozilla Thunderbird,Helpdesk général,2021-10-29,13:52:27,00:00:06
stefano.crapanzano@chu.ulg.ac.be,Courrier entrant - erp.sai@chuliege.be - Mozilla Thunderbird,Helpdesk général,2021-10-29,13:53:03,00:00:02
stefano.crapanzano@chu.ulg.ac.be,Courrier entrant - erp.sai@chuliege.be - Mozilla Thunderbird,Helpdesk général,2021-10-29,13:55:11,00:00:28
stefano.crapanzano@chu.ulg.ac.be,Courrier entrant - erp.sai@chuliege.be - Mozilla Thunderbird,Helpdesk général,2021-10-29,13:56:07,00:00:10
stefano.crapanzano@chu.ulg.ac.be,Courrier entrant - erp.sai@chuliege.be - Mozilla Thunderbird,Helpdesk général,2021-10-29,14:20:07,00:00:13
stefano.crapanzano@chu.ulg.ac.be,Courrier entrant - erp.sai@chuliege.be - Mozilla Thunderbird,Helpdesk général,2021-10-29,14:37:13,00:01:58
stefano.crapanzano@chu.ulg.ac.be,Courrier entrant - erp.sai@chuliege.be - Mozilla Thunderbird,Helpdesk général,2021-10-29,14:39:16,00:00:08
stefano.crapanzano@chu.ulg.ac.be,Courrier entrant - erp.sai@chuliege.be - Mozilla Thunderbird,Helpdesk général,2021-10-29,14:40:15,00:00:02
stefano.crapanzano@chu.ulg.ac.be,Courrier entrant - erp.sai@chuliege.be - Mozilla Thunderbird,Helpdesk général,2021-10-29,14:40:24,00:00:04
stefano.crapanzano@chu.ulg.ac.be,Courrier entrant - erp.sai@chuliege.be - Mozilla Thunderbird,Helpdesk général,2021-10-29,14:59:27,00:11:43
stefano.crapanzano@chu.ulg.ac.be,Courrier entrant - erp.sai@chuliege.be - Mozilla Thunderbird,Helpdesk général,2021-10-29,15:12:18,00:00:02
stefano.crapanzano@chu.ulg.ac.be,AE2_203 - sftp://AE2U2FTP@153.89.110.38 - FileZilla,Helpdesk général,2021-10-29,08:27:00,00:00:02
stefano.crapanzano@chu.ulg.ac.be,AE2_203 - sftp://AE2U2FTP@153.89.110.38 - FileZilla,Helpdesk général,2021-10-29,09:16:54,00:00:02
stefano.crapanzano@chu.ulg.ac.be,Netop Invité,Helpdesk général,2021-10-29,08:25:56,00:00:04
stefano.crapanzano@chu.ulg.ac.be,Netop Invité,Helpdesk général,2021-10-29,08:26:58,00:00:02
stefano.crapanzano@chu.ulg.ac.be,Netop Invité,Helpdesk général,2021-10-29,09:17:51,00:00:02
stefano.crapanzano@chu.ulg.ac.be,Netop Invité,Helpdesk général,2021-10-29,09:31:38,00:00:05
stefano.crapanzano@chu.ulg.ac.be,Netop,Helpdesk général,2021-10-29,09:31:47,00:00:02
stefano.crapanzano@chu.ulg.ac.be,Connexion à l'aide de l'authentification Windows,Helpdesk général,2021-10-29,08:26:02,00:00:02
stefano.crapanzano@chu.ulg.ac.be,Connexion à l'aide de l'authentification Windows,Helpdesk général,2021-10-29,09:17:54,00:00:02
stefano.crapanzano@chu.ulg.ac.be,Connexion à l'aide de l'authentification Windows,Helpdesk général,2021-10-29,09:30:39,00:00:02
stefano.crapanzano@chu.ulg.ac.be,Connexion à l'aide de l'authentification Windows,Helpdesk général,2021-10-29,09:31:44,00:00:02
stefano.crapanzano@chu.ulg.ac.be,si-s-serv503 - Netop Remote Control,Helpdesk général,2021-10-29,08:26:06,00:00:17
stefano.crapanzano@chu.ulg.ac.be,si-s-serv503 - Netop Remote Control,Helpdesk général,2021-10-29,08:26:52,00:00:03
stefano.crapanzano@chu.ulg.ac.be,si-s-serv503 - Netop Remote Control,Helpdesk général,2021-10-29,09:18:01,00:00:25
stefano.crapanzano@chu.ulg.ac.be,si-s-serv503 - Netop Remote Control,Helpdesk général,2021-10-29,09:30:43,00:00:20
stefano.crapanzano@chu.ulg.ac.be,si-s-serv503 - Netop Remote Control,Helpdesk général,2021-10-29,09:31:49,00:00:49
stefano.crapanzano@chu.ulg.ac.be,si-s-serv503 - Netop Remote Control,Helpdesk général,2021-10-29,09:32:43,00:00:36
stefano.crapanzano@chu.ulg.ac.be,si-s-serv503 - Netop Remote Control,Helpdesk général,2021-10-29,09:34:21,00:00:33
stefano.crapanzano@chu.ulg.ac.be,Navigation système de fichier,IT,2021-10-29,08:26:29,00:00:08
stefano.crapanzano@chu.ulg.ac.be,Navigation système de fichier,IT,2021-10-29,08:26:45,00:00:04
stefano.crapanzano@chu.ulg.ac.be,Navigation système de fichier,IT,2021-10-29,08:27:11,00:00:03
stefano.crapanzano@chu.ulg.ac.be,Navigation système de fichier,IT,2021-10-29,08:35:48,00:00:12
stefano.crapanzano@chu.ulg.ac.be,Navigation système de fichier,IT,2021-10-29,08:36:15,00:00:05
stefano.crapanzano@chu.ulg.ac.be,Navigation système de fichier,IT,2021-10-29,09:12:58,00:00:02
stefano.crapanzano@chu.ulg.ac.be,Navigation système de fichier,IT,2021-10-29,09:31:04,00:00:07
stefano.crapanzano@chu.ulg.ac.be,Navigation système de fichier,IT,2021-10-29,09:34:57,00:00:03
stefano.crapanzano@chu.ulg.ac.be,Navigation système de fichier,IT,2021-10-29,11:07:14,00:00:02
stefano.crapanzano@chu.ulg.ac.be,Navigation système de fichier,IT,2021-10-29,11:16:09,00:00:35
stefano.crapanzano@chu.ulg.ac.be,Navigation système de fichier,IT,2021-10-29,11:17:00,00:00:02
stefano.crapanzano@chu.ulg.ac.be,Navigation système de fichier,IT,2021-10-29,13:51:10,00:00:02
stefano.crapanzano@chu.ulg.ac.be,Navigation système de fichier,IT,2021-10-29,14:18:55,00:00:05
stefano.crapanzano@chu.ulg.ac.be,Navigation système de fichier,IT,2021-10-29,14:30:20,00:00:08
stefano.crapanzano@chu.ulg.ac.be,Navigation système de fichier,IT,2021-10-29,14:32:20,00:00:02
stefano.crapanzano@chu.ulg.ac.be,Navigation système de fichier,IT,2021-10-29,15:12:13,00:00:05
stefano.crapanzano@chu.ulg.ac.be,Navigation système de fichier,IT,2021-10-29,16:55:44,00:00:03
stefano.crapanzano@chu.ulg.ac.be,Chargement photo d'un article sur SSP - Xperthis ERP4HC 2.0 Rollout - Service d'assistance - Google Chrome,Helpdesk général,2021-10-29,08:27:03,00:00:03
stefano.crapanzano@chu.ulg.ac.be,Chargement photo d'un article sur SSP - Xperthis ERP4HC 2.0 Rollout - Service d'assistance - Google Chrome,Tâches diverses,2021-10-29,08:29:39,00:00:04
stefano.crapanzano@chu.ulg.ac.be,Lecture documentation,Tâches diverses,2021-10-29,08:27:07,00:00:03
stefano.crapanzano@chu.ulg.ac.be,Lecture documentation,Tâches diverses,2021-10-29,09:24:40,00:05:53
stefano.crapanzano@chu.ulg.ac.be,A03-203 CHU Test de ZCREATION_PERS sur A03 - Xperthis ERP4HC 2.0 Rollout - Service d'assistance - Google Chrome,Tâches diverses,2021-10-29,08:27:51,00:00:35
stefano.crapanzano@chu.ulg.ac.be,A03-203 CHU Test de ZCREATION_PERS sur A03 - Xperthis ERP4HC 2.0 Rollout - Service d'assistance - Google Chrome,Tâches diverses,2021-10-29,08:28:52,00:00:41
stefano.crapanzano@chu.ulg.ac.be,Total Commander,Tâches diverses,2021-10-29,08:28:30,00:00:02
stefano.crapanzano@chu.ulg.ac.be,erpmanager - Total Commander (x64) 9.0a - NOT REGISTERED,Tâches diverses,2021-10-29,08:28:32,00:00:20
stefano.crapanzano@chu.ulg.ac.be,Demandes - Service d'assistance - Google Chrome,Tâches diverses,2021-10-29,08:29:34,00:00:05
stefano.crapanzano@chu.ulg.ac.be,Demandes - Service d'assistance - Google Chrome,Tâches diverses,2021-10-29,08:29:44,00:00:05
stefano.crapanzano@chu.ulg.ac.be,Demandes - Service d'assistance - Google Chrome,Tâches diverses,2021-10-29,08:29:54,00:00:12
stefano.crapanzano@chu.ulg.ac.be,Demandes - Service d'assistance - Google Chrome,Tâches diverses,2021-10-29,08:30:32,00:05:08
stefano.crapanzano@chu.ulg.ac.be,Demandes - Service d'assistance - Google Chrome,Tâches diverses,2021-10-29,08:35:43,00:00:03
stefano.crapanzano@chu.ulg.ac.be,Demandes - Service d'assistance - Google Chrome,Tâches diverses,2021-10-29,09:15:52,00:00:02
stefano.crapanzano@chu.ulg.ac.be,Demandes - Service d'assistance - Google Chrome,Tâches diverses,2021-10-29,11:07:24,00:00:13
stefano.crapanzano@chu.ulg.ac.be,Demandes - Service d'assistance - Google Chrome,Tâches diverses,2021-10-29,11:07:57,00:00:10
stefano.crapanzano@chu.ulg.ac.be,Demandes - Service d'assistance - Google Chrome,Tâches diverses,2021-10-29,11:08:34,00:00:10
stefano.crapanzano@chu.ulg.ac.be,Demandes - Service d'assistance - Google Chrome,Tâches diverses,2021-10-29,13:51:16,00:00:02
stefano.crapanzano@chu.ulg.ac.be,P203 CHU - PE2 - Panier pour une immo - Erreur : Budget annuel dépassé - Xperthis ERP4HC 1.0 - Service d'assistance - Google Chrome,Tâches diverses,2021-10-29,08:29:49,00:00:04
stefano.crapanzano@chu.ulg.ac.be,Flux des WOAR via les fichiers de commande PDA sur A03 - Xperthis ERP4HC 2.0 Rollout - Service d'assistance - Google Chrome,Tâches diverses,2021-10-29,08:30:06,00:00:25
stefano.crapanzano@chu.ulg.ac.be,\\filesrv01.st.chulg\oazis_prod\APPL_PROD\SOURCES\PYTHON\ERP - Commit - TortoiseSVN,IT,2021-10-29,08:36:00,00:00:12
stefano.crapanzano@chu.ulg.ac.be,Commit Finished!,IT,2021-10-29,08:36:12,00:00:02
stefano.crapanzano@chu.ulg.ac.be,Rédaction : Re: Accès au SVN - Thunderbird,Helpdesk général,2021-10-29,08:36:25,00:01:20
stefano.crapanzano@chu.ulg.ac.be,Rédaction : Re: Accès au SVN - Thunderbird,Helpdesk général,2021-10-29,11:16:05,00:00:02
stefano.crapanzano@chu.ulg.ac.be,Vérification de l’orthographe,Helpdesk général,2021-10-29,11:11:51,00:00:02
stefano.crapanzano@chu.ulg.ac.be,COMMANDE_FOURNISSEUR_INCONNU - erp.sai@chuliege.be - Mozilla Thunderbird,Helpdesk général,2021-10-29,08:42:22,00:00:16
stefano.crapanzano@chu.ulg.ac.be,ERP_ULIS_TRF_SIGNALETIQUE - erp.sai@chuliege.be - Mozilla Thunderbird,Helpdesk général,2021-10-29,08:42:38,00:00:06
stefano.crapanzano@chu.ulg.ac.be,GOAL_COMMANDE_EN_COURS_LABO - erp.sai@chuliege.be - Mozilla Thunderbird,Helpdesk général,2021-10-29,08:42:45,00:00:02
stefano.crapanzano@chu.ulg.ac.be,PATIENTS_DECEDES - erp.sai@chuliege.be - Mozilla Thunderbird,Helpdesk général,2021-10-29,08:42:50,00:00:02
stefano.crapanzano@chu.ulg.ac.be,REAPPRO_PDA - erp.sai@chuliege.be - Mozilla Thunderbird,Helpdesk général,2021-10-29,08:42:53,00:00:02
stefano.crapanzano@chu.ulg.ac.be,SURVEILLANCE_PMP - erp.sai@chuliege.be - Mozilla Thunderbird,Helpdesk général,2021-10-29,08:42:57,00:00:02
stefano.crapanzano@chu.ulg.ac.be,VERIF_CODE_SWIFT - erp.sai@chuliege.be - Mozilla Thunderbird,Helpdesk général,2021-10-29,08:43:02,00:00:05
stefano.crapanzano@chu.ulg.ac.be,Courrier entrant - stefano.crapanzano@chuliege.be - Mozilla Thunderbird,Helpdesk général,2021-10-29,11:12:03,00:00:02
stefano.crapanzano@chu.ulg.ac.be,Courrier entrant - stefano.crapanzano@chuliege.be - Mozilla Thunderbird,Helpdesk général,2021-10-29,11:15:54,00:00:02
stefano.crapanzano@chu.ulg.ac.be,Courrier entrant - stefano.crapanzano@chuliege.be - Mozilla Thunderbird,Helpdesk général,2021-10-29,13:56:17,00:22:37
stefano.crapanzano@chu.ulg.ac.be,Courrier entrant - stefano.crapanzano@chuliege.be - Mozilla Thunderbird,Helpdesk général,2021-10-29,14:19:54,00:00:13
stefano.crapanzano@chu.ulg.ac.be,Courrier entrant - stefano.crapanzano@chuliege.be - Mozilla Thunderbird,Helpdesk général,2021-10-29,14:20:21,00:00:02
stefano.crapanzano@chu.ulg.ac.be,Courrier entrant - stefano.crapanzano@chuliege.be - Mozilla Thunderbird,Helpdesk général,2021-10-29,14:37:10,00:00:02
stefano.crapanzano@chu.ulg.ac.be,Envoyés - erp.sai@chuliege.be - Mozilla Thunderbird,Helpdesk général,2021-10-29,08:44:05,00:00:12
stefano.crapanzano@chu.ulg.ac.be,Envoyés - erp.sai@chuliege.be - Mozilla Thunderbird,Helpdesk général,2021-10-29,08:44:22,00:28:36
stefano.crapanzano@chu.ulg.ac.be,Envoyés - erp.sai@chuliege.be - Mozilla Thunderbird,Helpdesk général,2021-10-29,14:59:25,00:00:02
stefano.crapanzano@chu.ulg.ac.be,Envoyés - erp.sai@chuliege.be - Mozilla Thunderbird,Helpdesk général,2021-10-29,15:12:21,00:05:01
stefano.crapanzano@chu.ulg.ac.be,Envoyés - erp.sai@chuliege.be - Mozilla Thunderbird,Helpdesk général,2021-10-29,15:56:17,00:00:02
stefano.crapanzano@chu.ulg.ac.be,SAP Logon 760,Exploration SAP,2021-10-29,09:13:01,00:00:03
stefano.crapanzano@chu.ulg.ac.be,SAP Logon 760,Exploration SAP,2021-10-29,11:01:20,00:00:02
stefano.crapanzano@chu.ulg.ac.be,SAP Logon 760,Exploration SAP,2021-10-29,11:17:03,00:00:04
stefano.crapanzano@chu.ulg.ac.be,SAP Logon 760,Helpdesk général,2021-10-29,13:55:43,00:00:08
stefano.crapanzano@chu.ulg.ac.be,SAP Easy Access Menu de base Applications financières-économiques,Exploration SAP,2021-10-29,09:13:05,00:00:02
stefano.crapanzano@chu.ulg.ac.be,SAP Easy Access Menu de base Applications financières-économiques,Exploration SAP,2021-10-29,11:01:34,00:00:16
stefano.crapanzano@chu.ulg.ac.be,SAP Easy Access Menu de base Applications financières-économiques,Exploration SAP,2021-10-29,11:17:13,00:00:05
stefano.crapanzano@chu.ulg.ac.be,SAP Easy Access Menu de base Applications financières-économiques,Exploration SAP,2021-10-29,13:55:51,00:00:09
stefano.crapanzano@chu.ulg.ac.be,SAP Easy Access Menu de base Applications financières-économiques,Exploration SAP,2021-10-29,14:19:04,00:00:06
stefano.crapanzano@chu.ulg.ac.be,SAP Easy Access Menu de base Applications financières-économiques,Exploration SAP,2021-10-29,14:31:32,00:00:03
stefano.crapanzano@chu.ulg.ac.be,SAP Easy Access Menu de base Applications financières-économiques,Exploration SAP,2021-10-29,15:11:16,00:00:56
stefano.crapanzano@chu.ulg.ac.be,SAP Easy Access Menu de base Applications financières-économiques,Exploration SAP,2021-10-29,15:19:48,00:36:28
stefano.crapanzano@chu.ulg.ac.be,Afficher immob.: Ecran initial,Exploration SAP,2021-10-29,09:13:08,00:00:04
stefano.crapanzano@chu.ulg.ac.be,Afficher immob.:  Donn. base,Exploration SAP,2021-10-29,09:13:12,00:00:18
stefano.crapanzano@chu.ulg.ac.be,Asset Explorer,Exploration SAP,2021-10-29,09:13:30,00:00:22
stefano.crapanzano@chu.ulg.ac.be,Asset Explorer,Exploration SAP,2021-10-29,09:13:58,00:00:05
stefano.crapanzano@chu.ulg.ac.be,Asset Explorer,Exploration SAP,2021-10-29,09:14:10,00:00:24
stefano.crapanzano@chu.ulg.ac.be,Asset Explorer,Exploration SAP,2021-10-29,09:14:44,00:00:06
stefano.crapanzano@chu.ulg.ac.be,Asset Explorer,Exploration SAP,2021-10-29,09:14:58,00:00:26
stefano.crapanzano@chu.ulg.ac.be,Numéro principal d'immobilisation (1),Exploration SAP,2021-10-29,09:13:53,00:00:02
stefano.crapanzano@chu.ulg.ac.be,Numéro principal d'immobilisation (1),Exploration SAP,2021-10-29,09:14:34,00:00:02
stefano.crapanzano@chu.ulg.ac.be,Numéro principal d'immobilisation (1)  500 Entrées trouvées,Exploration SAP,2021-10-29,09:13:55,00:00:02
stefano.crapanzano@chu.ulg.ac.be,Numéro principal d'immobilisation (1)  500 Entrées trouvées,Exploration SAP,2021-10-29,09:14:37,00:00:06
stefano.crapanzano@chu.ulg.ac.be,Numéro principal d'immobilisation (1)  500 Entrées trouvées,Exploration SAP,2021-10-29,09:14:52,00:00:06
stefano.crapanzano@chu.ulg.ac.be,Numéro subsidiaire d'immobilisation (1),Exploration SAP,2021-10-29,09:14:03,00:00:05
stefano.crapanzano@chu.ulg.ac.be,Créer une nouvelle connexion kardex [DokuWiki ERP] - Google Chrome,Tâches diverses,2021-10-29,09:15:55,00:00:02
stefano.crapanzano@chu.ulg.ac.be,Intrastat - Google Chrome,Tâches diverses,2021-10-29,09:16:12,00:00:15
stefano.crapanzano@chu.ulg.ac.be,Identification - Google Chrome,Tâches diverses,2021-10-29,09:16:01,00:00:05
stefano.crapanzano@chu.ulg.ac.be,POST data - Google Chrome,Tâches diverses,2021-10-29,09:16:06,00:00:05
stefano.crapanzano@chu.ulg.ac.be,Service MT - Google Chrome,Tâches diverses,2021-10-29,09:16:27,00:00:26
stefano.crapanzano@chu.ulg.ac.be,Service MT - Google Chrome,Tâches diverses,2021-10-29,09:17:21,00:00:02
stefano.crapanzano@chu.ulg.ac.be,Service MT - Google Chrome,Tâches diverses,2021-10-29,09:17:58,00:00:02
stefano.crapanzano@chu.ulg.ac.be,Service MT - Google Chrome,Helpdesk général,2021-10-29,09:18:26,00:00:10
stefano.crapanzano@chu.ulg.ac.be,Service MT - Google Chrome,Tâches diverses,2021-10-29,09:24:27,00:00:05
stefano.crapanzano@chu.ulg.ac.be,Service MT - Google Chrome,Helpdesk général,2021-10-29,09:24:35,00:00:02
stefano.crapanzano@chu.ulg.ac.be,Service MT - Google Chrome,Tâches diverses,2021-10-29,09:31:20,00:00:02
stefano.crapanzano@chu.ulg.ac.be,Gestionnaire de Sites,Helpdesk général,2021-10-29,09:16:56,00:00:08
stefano.crapanzano@chu.ulg.ac.be,Saisie de mot de passe,Helpdesk général,2021-10-29,09:17:05,00:00:05
stefano.crapanzano@chu.ulg.ac.be,Déjà connecté,Helpdesk général,2021-10-29,09:17:10,00:00:02
stefano.crapanzano@chu.ulg.ac.be,si-s-serv503 - ErpManager@si-s-serv503 - FileZilla,Helpdesk général,2021-10-29,09:17:13,00:00:06
stefano.crapanzano@chu.ulg.ac.be,si-s-serv503 - ErpManager@si-s-serv503 - FileZilla,Helpdesk général,2021-10-29,09:17:23,00:00:25
stefano.crapanzano@chu.ulg.ac.be,si-s-serv1127 FTP_ERP_PHARMA_PROD - Ftp_Erp_Pharma_Prod@si-s-serv1127 - FileZilla,Helpdesk général,2021-10-29,09:17:49,00:00:02
stefano.crapanzano@chu.ulg.ac.be,Validation des données et SSP - Mozilla Thunderbird,Helpdesk général,2021-10-29,09:24:08,00:00:02
stefano.crapanzano@chu.ulg.ac.be,Migration DB CommERP - Mozilla Thunderbird,Helpdesk général,2021-10-29,09:24:12,00:00:02
stefano.crapanzano@chu.ulg.ac.be,erreur chargement - Mozilla Thunderbird,Helpdesk général,2021-10-29,09:24:17,00:00:02
stefano.crapanzano@chu.ulg.ac.be,Nouvel onglet - Google Chrome,Tâches diverses,2021-10-29,09:31:22,00:00:04
stefano.crapanzano@chu.ulg.ac.be,Nouvel onglet - Google Chrome,Tâches diverses,2021-10-29,09:33:22,00:00:06
stefano.crapanzano@chu.ulg.ac.be,avoid thumbs.db creation - Recherche Google - Google Chrome,Tâches diverses,2021-10-29,09:31:27,00:00:02
stefano.crapanzano@chu.ulg.ac.be,Prevent Windows from Creating the Thumbs.db Thumbnail Cache Files - Google Chrome,Tâches diverses,2021-10-29,09:31:29,00:00:08
stefano.crapanzano@chu.ulg.ac.be,Prevent Windows from Creating the Thumbs.db Thumbnail Cache Files - Google Chrome,Tâches diverses,2021-10-29,09:32:38,00:00:02
stefano.crapanzano@chu.ulg.ac.be,Prevent Windows from Creating the Thumbs.db Thumbnail Cache Files - Google Chrome,Helpdesk général,2021-10-29,09:33:19,00:00:02
stefano.crapanzano@chu.ulg.ac.be,do not cache thumbnails francais - Recherche Google - Google Chrome,Tâches diverses,2021-10-29,09:33:29,00:00:13
stefano.crapanzano@chu.ulg.ac.be,do not cache thumbnails francais - Recherche Google - Google Chrome,Tâches diverses,2021-10-29,09:34:03,00:00:08
stefano.crapanzano@chu.ulg.ac.be,Thumbs.db — Wikipédia - Google Chrome,Tâches diverses,2021-10-29,09:33:43,00:00:20
stefano.crapanzano@chu.ulg.ac.be,désactiver thumbs.dv - Recherche Google - Google Chrome,Tâches diverses,2021-10-29,09:34:11,00:00:02
stefano.crapanzano@chu.ulg.ac.be,désactiver thumbs.db - Recherche Google - Google Chrome,Tâches diverses,2021-10-29,09:34:14,00:00:06
stefano.crapanzano@chu.ulg.ac.be,désactiver thumbs.db - Recherche Google - Google Chrome,Tâches diverses,2021-10-29,11:07:17,00:00:02
stefano.crapanzano@chu.ulg.ac.be,Info licence en cas de connexion multiple,Exploration SAP,2021-10-29,11:01:16,00:00:04
stefano.crapanzano@chu.ulg.ac.be,SAP,Exploration SAP,2021-10-29,11:01:22,00:00:11
stefano.crapanzano@chu.ulg.ac.be,SAP,Exploration SAP,2021-10-29,11:17:07,00:00:05
stefano.crapanzano@chu.ulg.ac.be,SAP,Exploration SAP,2021-10-29,11:17:21,00:00:06
stefano.crapanzano@chu.ulg.ac.be,Sélection de jobs simple,Exploration SAP,2021-10-29,11:01:50,00:00:09
stefano.crapanzano@chu.ulg.ac.be,Sélection de jobs simple,Exploration SAP,2021-10-29,11:07:39,00:00:02
stefano.crapanzano@chu.ulg.ac.be,Rédaction : (pas de sujet) - Thunderbird,Helpdesk général,2021-10-29,11:02:02,00:00:17
stefano.crapanzano@chu.ulg.ac.be,Rédaction : (pas de sujet) - Thunderbird,Helpdesk général,2021-10-29,11:09:50,00:00:10
stefano.crapanzano@chu.ulg.ac.be,Gestion des utilisateurs : écran initial,Exploration SAP,2021-10-29,11:07:43,00:00:02
stefano.crapanzano@chu.ulg.ac.be,Gestion des utilisateurs : écran initial,Exploration SAP,2021-10-29,11:08:09,00:00:02
stefano.crapanzano@chu.ulg.ac.be,Gestion des utilisateurs : écran initial,Exploration SAP,2021-10-29,11:10:57,00:00:03
stefano.crapanzano@chu.ulg.ac.be,Gestion des utilisateurs : écran initial,Exploration SAP,2021-10-29,11:11:04,00:00:04
stefano.crapanzano@chu.ulg.ac.be,Gestion des utilisateurs : écran initial,Exploration SAP,2021-10-29,11:11:11,00:00:05
stefano.crapanzano@chu.ulg.ac.be,Gestion des utilisateurs : écran initial,Exploration SAP,2021-10-29,11:16:55,00:00:03
stefano.crapanzano@chu.ulg.ac.be,Nom de l'utilisateur ds fiche utilisateur (1),Exploration SAP,2021-10-29,11:07:46,00:00:06
stefano.crapanzano@chu.ulg.ac.be,Afficher utilisateur,Exploration SAP,2021-10-29,11:08:11,00:00:21
stefano.crapanzano@chu.ulg.ac.be,Afficher utilisateur,Exploration SAP,2021-10-29,11:08:53,00:00:23
stefano.crapanzano@chu.ulg.ac.be,Afficher utilisateur,Exploration SAP,2021-10-29,11:10:48,00:00:02
stefano.crapanzano@chu.ulg.ac.be,A03 accès pour Angélique Biscop - Xperthis ERP4HC 2.0 Rollout - Service d'assistance - Google Chrome,Tâches diverses,2021-10-29,11:08:45,00:00:06
stefano.crapanzano@chu.ulg.ac.be,A03 accès pour Angélique Biscop - Xperthis ERP4HC 2.0 Rollout - Service d'assistance - Google Chrome,Tâches diverses,2021-10-29,11:09:17,00:00:06
stefano.crapanzano@chu.ulg.ac.be,A03 accès pour Angélique Biscop - Xperthis ERP4HC 2.0 Rollout - Service d'assistance - Google Chrome,Tâches diverses,2021-10-29,11:09:25,00:00:21
stefano.crapanzano@chu.ulg.ac.be,A03 accès pour Angélique Biscop - Xperthis ERP4HC 2.0 Rollout - Service d'assistance - Google Chrome,Tâches diverses,2021-10-29,11:11:57,00:00:02
stefano.crapanzano@chu.ulg.ac.be,A03 accès pour Angélique Biscop - Xperthis ERP4HC 2.0 Rollout - Service d'assistance - Google Chrome,Tâches diverses,2021-10-29,13:51:12,00:00:04
stefano.crapanzano@chu.ulg.ac.be,Rédaction : Accès à A03 - Thunderbird,Helpdesk général,2021-10-29,11:10:11,00:00:33
stefano.crapanzano@chu.ulg.ac.be,Rédaction : Accès à A03 - Thunderbird,Helpdesk général,2021-10-29,11:11:17,00:00:06
stefano.crapanzano@chu.ulg.ac.be,Rédaction : Accès à A03 - Thunderbird,Exploration SAP,2021-10-29,11:11:26,00:00:25
stefano.crapanzano@chu.ulg.ac.be,Modification du mot de passe,Exploration SAP,2021-10-29,11:10:52,00:00:05
stefano.crapanzano@chu.ulg.ac.be,Débloquer utilisateur CHUC130055,Exploration SAP,2021-10-29,11:11:01,00:00:02
stefano.crapanzano@chu.ulg.ac.be,Débloquer utilisateur CHUC130055,Exploration SAP,2021-10-29,11:11:08,00:00:02
stefano.crapanzano@chu.ulg.ac.be,ZORGI Help Center - Service d'assistance - Google Chrome,Tâches diverses,2021-10-29,13:51:19,00:00:04
stefano.crapanzano@chu.ulg.ac.be,Incident ERP for HealthCare - Xperthis ERP4HC 1.0 - Service d'assistance - Google Chrome,Tâches diverses,2021-10-29,13:51:23,00:01:00
stefano.crapanzano@chu.ulg.ac.be,Incident ERP for HealthCare - Xperthis ERP4HC 1.0 - Service d'assistance - Google Chrome,Tâches diverses,2021-10-29,13:52:33,00:00:24
stefano.crapanzano@chu.ulg.ac.be,Localisation PDA non visible - Xperthis ERP4HC 1.0 - Service d'assistance - Google Chrome,Tâches diverses,2021-10-29,13:52:58,00:00:03
stefano.crapanzano@chu.ulg.ac.be,Rédaction : Re: Localisation PDA - Thunderbird,Helpdesk général,2021-10-29,13:53:06,00:01:16
stefano.crapanzano@chu.ulg.ac.be,Rédaction : SDERP-19381 : Localisation PDA - Thunderbird,Helpdesk général,2021-10-29,13:54:23,00:00:46
stefano.crapanzano@chu.ulg.ac.be,Sélectionner document,Exploration SAP,2021-10-29,13:56:01,00:00:02
stefano.crapanzano@chu.ulg.ac.be,Commande interv. 40 4000235170 créée par WEBUSERCHU,Exploration SAP,2021-10-29,14:19:00,00:00:04
stefano.crapanzano@chu.ulg.ac.be,Attributs généraux (BBP) Modifier,Exploration SAP,2021-10-29,14:19:10,00:00:41
stefano.crapanzano@chu.ulg.ac.be,Attributs généraux (BBP) Modifier,Exploration SAP,2021-10-29,14:21:37,00:00:20
stefano.crapanzano@chu.ulg.ac.be,Attributs généraux (BBP) Modifier,Exploration SAP,2021-10-29,14:22:08,00:00:25
stefano.crapanzano@chu.ulg.ac.be,Attributs généraux (BBP) Modifier,Exploration SAP,2021-10-29,14:23:14,00:00:06
stefano.crapanzano@chu.ulg.ac.be,Attributs généraux (BBP) Modifier,Exploration SAP,2021-10-29,14:23:33,00:00:52
stefano.crapanzano@chu.ulg.ac.be,Attributs généraux (BBP) Modifier,Exploration SAP,2021-10-29,14:25:55,00:00:05
stefano.crapanzano@chu.ulg.ac.be,Attributs généraux (BBP) Modifier,Exploration SAP,2021-10-29,14:26:14,00:00:53
stefano.crapanzano@chu.ulg.ac.be,Attributs généraux (BBP) Modifier,Exploration SAP,2021-10-29,14:27:38,00:01:42
stefano.crapanzano@chu.ulg.ac.be,Attributs généraux (BBP) Modifier,Helpdesk général,2021-10-29,14:29:38,00:00:04
stefano.crapanzano@chu.ulg.ac.be,Attributs généraux (BBP) Modifier,Exploration SAP,2021-10-29,14:30:03,00:00:02
stefano.crapanzano@chu.ulg.ac.be,Attributs généraux (BBP) Modifier,Exploration SAP,2021-10-29,14:31:29,00:00:02
stefano.crapanzano@chu.ulg.ac.be,Fwd: PPOMA_approb-DA_Lemal A. C054350 - Mozilla Thunderbird,Helpdesk général,2021-10-29,14:20:23,00:01:12
stefano.crapanzano@chu.ulg.ac.be,Fwd: PPOMA_approb-DA_Lemal A. C054350 - Mozilla Thunderbird,Helpdesk général,2021-10-29,14:24:26,00:00:06
stefano.crapanzano@chu.ulg.ac.be,Fwd: PPOMA_approb-DA_Lemal A. C054350 - Mozilla Thunderbird,Exploration SAP,2021-10-29,14:29:42,00:00:09
stefano.crapanzano@chu.ulg.ac.be,Fwd: PPOMA_approb-DA_Lemal A. C054350 - Mozilla Thunderbird,Helpdesk général,2021-10-29,14:39:25,00:00:06
stefano.crapanzano@chu.ulg.ac.be,Fwd: PPOMA_approb-DA_Lemal A. C054350 - Mozilla Thunderbird,Helpdesk général,2021-10-29,14:40:12,00:00:02
stefano.crapanzano@chu.ulg.ac.be,Fwd: PPOMA_approb-DA_Lemal A. C054350 - Mozilla Thunderbird,Helpdesk général,2021-10-29,14:40:17,00:00:07
stefano.crapanzano@chu.ulg.ac.be,Rechercher Unité structurelle,Exploration SAP,2021-10-29,14:21:58,00:00:10
stefano.crapanzano@chu.ulg.ac.be,Rechercher Unité structurelle,Exploration SAP,2021-10-29,14:26:01,00:00:13
stefano.crapanzano@chu.ulg.ac.be,Rechercher Unité structurelle,Exploration SAP,2021-10-29,14:32:01,00:00:05
stefano.crapanzano@chu.ulg.ac.be,Rechercher Unité structurelle,Exploration SAP,2021-10-29,14:39:35,00:00:08
stefano.crapanzano@chu.ulg.ac.be,Rechercher Unité structurelle,Exploration SAP,2021-10-29,14:40:59,00:00:10
stefano.crapanzano@chu.ulg.ac.be,Rechercher Unité structurelle,Exploration SAP,2021-10-29,14:41:45,00:00:06
stefano.crapanzano@chu.ulg.ac.be,Rédaction : Re: Fwd: PPOMA_approb-DA_Lemal A. C054350 - Thunderbird,Helpdesk général,2021-10-29,14:24:34,00:01:19
stefano.crapanzano@chu.ulg.ac.be,Type d'objet (1)    6 Entrées trouvées,Exploration SAP,2021-10-29,14:27:08,00:00:08
stefano.crapanzano@chu.ulg.ac.be,Unité structurelle (1),Exploration SAP,2021-10-29,14:27:17,00:00:14
stefano.crapanzano@chu.ulg.ac.be,Unité structurelle (1)    1 Entrée trouvée,Exploration SAP,2021-10-29,14:27:32,00:00:04
stefano.crapanzano@chu.ulg.ac.be,Greenshot capture form,Helpdesk général,2021-10-29,14:29:20,00:00:04
stefano.crapanzano@chu.ulg.ac.be,Greenshot capture form,Exploration SAP,2021-10-29,14:29:26,00:00:12
stefano.crapanzano@chu.ulg.ac.be,Greenshot capture form,Exploration SAP,2021-10-29,14:30:05,00:00:10
stefano.crapanzano@chu.ulg.ac.be,Greenshot capture form,Helpdesk général,2021-10-29,14:32:37,00:00:10
stefano.crapanzano@chu.ulg.ac.be,Greenshot capture form,Helpdesk général,2021-10-29,14:39:55,00:00:05
stefano.crapanzano@chu.ulg.ac.be,Greenshot capture form,Helpdesk général,2021-10-29,14:41:17,00:00:06
stefano.crapanzano@chu.ulg.ac.be,Greenshot capture form,Exploration SAP,2021-10-29,14:41:57,00:00:07
stefano.crapanzano@chu.ulg.ac.be,Greenshot capture form,Exploration SAP,2021-10-29,14:42:07,00:00:14
stefano.crapanzano@chu.ulg.ac.be,Rédaction : Fwd: Fwd: PPOMA_approb-DA_Lemal A. C054350 - Thunderbird,Helpdesk général,2021-10-29,14:29:52,00:00:09
stefano.crapanzano@chu.ulg.ac.be,Rédaction : Fwd: Fwd: PPOMA_approb-DA_Lemal A. C054350 - Thunderbird,Helpdesk général,2021-10-29,14:30:17,00:00:02
stefano.crapanzano@chu.ulg.ac.be,Rédaction : Fwd: Fwd: PPOMA_approb-DA_Lemal A. C054350 - Thunderbird,Helpdesk général,2021-10-29,14:30:43,00:00:09
stefano.crapanzano@chu.ulg.ac.be,Rédaction : Fwd: Fwd: PPOMA_approb-DA_Lemal A. C054350 - Thunderbird,Helpdesk général,2021-10-29,14:31:48,00:00:02
stefano.crapanzano@chu.ulg.ac.be,Rédaction : Fwd: Fwd: PPOMA_approb-DA_Lemal A. C054350 - Thunderbird,Helpdesk général,2021-10-29,14:32:48,00:00:14
stefano.crapanzano@chu.ulg.ac.be,Rédaction : Fwd: Fwd: PPOMA_approb-DA_Lemal A. C054350 - Thunderbird,Helpdesk général,2021-10-29,14:33:13,00:00:12
stefano.crapanzano@chu.ulg.ac.be,Rédaction : Fwd: Fwd: PPOMA_approb-DA_Lemal A. C054350 - Thunderbird,Helpdesk général,2021-10-29,14:33:26,00:00:58
stefano.crapanzano@chu.ulg.ac.be,Rédaction : Fwd: Fwd: PPOMA_approb-DA_Lemal A. C054350 - Thunderbird,Helpdesk général,2021-10-29,14:34:30,00:00:47
stefano.crapanzano@chu.ulg.ac.be,Rédaction : Fwd: Fwd: PPOMA_approb-DA_Lemal A. C054350 - Thunderbird,Helpdesk général,2021-10-29,14:35:24,00:01:37
stefano.crapanzano@chu.ulg.ac.be,Attributs dans Gestion de l'organisation Modifier,Exploration SAP,2021-10-29,14:31:35,00:00:06
stefano.crapanzano@chu.ulg.ac.be,Attributs dans Gestion de l'organisation Modifier,Exploration SAP,2021-10-29,14:31:53,00:00:05
stefano.crapanzano@chu.ulg.ac.be,Attributs dans Gestion de l'organisation Modifier,Exploration SAP,2021-10-29,14:32:07,00:00:13
stefano.crapanzano@chu.ulg.ac.be,Attributs dans Gestion de l'organisation Modifier,Exploration SAP,2021-10-29,14:32:23,00:00:14
stefano.crapanzano@chu.ulg.ac.be,Attributs dans Gestion de l'organisation Modifier,Exploration SAP,2021-10-29,14:33:05,00:00:06
stefano.crapanzano@chu.ulg.ac.be,Attributs dans Gestion de l'organisation Modifier,Exploration SAP,2021-10-29,14:34:26,00:00:02
stefano.crapanzano@chu.ulg.ac.be,Attributs dans Gestion de l'organisation Modifier,Exploration SAP,2021-10-29,14:35:18,00:00:05
stefano.crapanzano@chu.ulg.ac.be,Attributs dans Gestion de l'organisation Modifier,Exploration SAP,2021-10-29,14:39:12,00:00:02
stefano.crapanzano@chu.ulg.ac.be,Attributs dans Gestion de l'organisation Modifier,Exploration SAP,2021-10-29,14:39:32,00:00:02
stefano.crapanzano@chu.ulg.ac.be,Attributs dans Gestion de l'organisation Modifier,Exploration SAP,2021-10-29,14:39:43,00:00:12
stefano.crapanzano@chu.ulg.ac.be,Attributs dans Gestion de l'organisation Modifier,Exploration SAP,2021-10-29,14:41:10,00:00:07
stefano.crapanzano@chu.ulg.ac.be,Attributs dans Gestion de l'organisation Modifier,Exploration SAP,2021-10-29,14:41:52,00:00:05
stefano.crapanzano@chu.ulg.ac.be,Attributs dans Gestion de l'organisation Modifier,Helpdesk général,2021-10-29,14:42:05,00:00:02
stefano.crapanzano@chu.ulg.ac.be,Attributs dans Gestion de l'organisation Modifier,Exploration SAP,2021-10-29,14:43:51,00:15:31
stefano.crapanzano@chu.ulg.ac.be,Attributs dans Gestion de l'organisation Modifier,Exploration SAP,2021-10-29,15:11:12,00:00:04
stefano.crapanzano@chu.ulg.ac.be,Envoi du message - Fwd: Fwd: PPOMA_approb-DA_Lemal A. C054350,Helpdesk général,2021-10-29,14:37:03,00:00:04
stefano.crapanzano@chu.ulg.ac.be,Greenshot Éditeur d'Image,Helpdesk général,2021-10-29,14:40:01,00:00:09
stefano.crapanzano@chu.ulg.ac.be,Greenshot Éditeur d'Image,Helpdesk général,2021-10-29,14:41:24,00:00:09
stefano.crapanzano@chu.ulg.ac.be,Greenshot Éditeur d'Image,Helpdesk général,2021-10-29,14:42:22,00:00:09
stefano.crapanzano@chu.ulg.ac.be,Fwd: Fwd: PPOMA_approb-DA_Lemal A. C054350 - Mozilla Thunderbird,Helpdesk général,2021-10-29,14:40:42,00:00:14
stefano.crapanzano@chu.ulg.ac.be,Fwd: Fwd: PPOMA_approb-DA_Lemal A. C054350 - Mozilla Thunderbird,Exploration SAP,2021-10-29,14:59:22,00:00:02
stefano.crapanzano@chu.ulg.ac.be,Rédaction : Re: Fwd: Fwd: PPOMA_approb-DA_Lemal A. C054350 - Thunderbird,Helpdesk général,2021-10-29,14:40:33,00:00:02
stefano.crapanzano@chu.ulg.ac.be,Rédaction : Re: Fwd: Fwd: PPOMA_approb-DA_Lemal A. C054350 - Thunderbird,Helpdesk général,2021-10-29,14:41:34,00:00:02
stefano.crapanzano@chu.ulg.ac.be,Rédaction : Re: Fwd: Fwd: PPOMA_approb-DA_Lemal A. C054350 - Thunderbird,Helpdesk général,2021-10-29,14:42:33,00:01:03
stefano.crapanzano@chu.ulg.ac.be,Envoi du message - Re: Fwd: Fwd: PPOMA_approb-DA_Lemal A. C054350,Helpdesk général,2021-10-29,14:43:38,00:00:03
stefano.crapanzano@chu.ulg.ac.be,Gérer objet,Exploration SAP,2021-10-29,15:17:26,00:00:37
stefano.crapanzano@chu.ulg.ac.be,Gérer objet,Exploration SAP,2021-10-29,15:18:10,00:00:10
stefano.crapanzano@chu.ulg.ac.be,Gérer objet,Exploration SAP,2021-10-29,15:18:26,00:01:22
stefano.crapanzano@chu.ulg.ac.be,Afficher Objet,Exploration SAP,2021-10-29,15:18:04,00:00:06
stefano.crapanzano@chu.ulg.ac.be,Afficher Gestion générale attribut,Exploration SAP,2021-10-29,15:18:21,00:00:05
stefano.crapanzano@chu.ulg.ac.be,SDERP-18959 - Mozilla Thunderbird,Helpdesk général,2021-10-29,15:56:19,00:00:06
stefano.crapanzano@chu.ulg.ac.be,SDERP-18959 - Mozilla Thunderbird,Helpdesk général,2021-10-29,15:56:31,00:00:14
stefano.crapanzano@chu.ulg.ac.be,SDERP-18959 - Mozilla Thunderbird,Helpdesk général,2021-10-29,15:57:10,00:00:24
stefano.crapanzano@chu.ulg.ac.be,SDERP-18959 Caractères manquants concernant l'emplacement affiché sur les PDAs - suite du ticket SDERP-18663 - Mozilla Thunderbird,Helpdesk général,2021-10-29,15:56:26,00:00:05
stefano.crapanzano@chu.ulg.ac.be,affichage pda des emplacements froids - Mozilla Thunderbird,Helpdesk général,2021-10-29,15:56:53,00:00:17
stefano.crapanzano@chu.ulg.ac.be,affichage pda des emplacements froids - Mozilla Thunderbird,Helpdesk général,2021-10-29,15:57:35,00:00:04
stefano.crapanzano@chu.ulg.ac.be,affichage pda des emplacements froids - Mozilla Thunderbird,Helpdesk général,2021-10-29,15:57:40,00:00:26
stefano.crapanzano@chu.ulg.ac.be,affichage pda des emplacements froids - Mozilla Thunderbird,Helpdesk général,2021-10-29,15:58:08,00:00:22
stefano.crapanzano@chu.ulg.ac.be,Authentification requise - Mozilla Thunderbird,Helpdesk général,2021-10-29,15:56:50,00:00:02
stefano.crapanzano@chu.ulg.ac.be,Authentification requise - Mozilla Thunderbird,Helpdesk général,2021-10-29,15:59:26,00:56:16
stefano.crapanzano@chu.ulg.ac.be,Rédaction : Re: affichage pda des emplacements froids - Thunderbird,Helpdesk général,2021-10-29,15:58:33,00:00:02
stefano.crapanzano@chu.ulg.ac.be,Rédaction : Re: affichage pda des emplacements froids - Thunderbird,Helpdesk général,2021-10-29,15:58:37,00:00:44
