Email,Description,Project,Start date,Start time,Duration
stefano.crapanzano@chu.ulg.ac.be,Administrateur : Perl (command line) - python  main.py,IT,2021-10-26,16:07:16,00:00:09
stefano.crapanzano@chu.ulg.ac.be,Courrier entrant - stefano.crapanzano@chuliege.be - Mozilla Thunderbird,IT,2021-10-26,08:45:05,00:00:04
stefano.crapanzano@chu.ulg.ac.be,Courrier entrant - stefano.crapanzano@chuliege.be - Mozilla Thunderbird,Helpdesk général,2021-10-26,08:45:26,00:00:51
stefano.crapanzano@chu.ulg.ac.be,Courrier entrant - stefano.crapanzano@chuliege.be - Mozilla Thunderbird,Helpdesk général,2021-10-26,09:30:55,00:00:02
stefano.crapanzano@chu.ulg.ac.be,Courrier entrant - stefano.crapanzano@chuliege.be - Mozilla Thunderbird,Helpdesk général,2021-10-26,10:07:46,00:00:26
stefano.crapanzano@chu.ulg.ac.be,Courrier entrant - stefano.crapanzano@chuliege.be - Mozilla Thunderbird,Helpdesk général,2021-10-26,11:35:43,00:00:02
stefano.crapanzano@chu.ulg.ac.be,Courrier entrant - stefano.crapanzano@chuliege.be - Mozilla Thunderbird,Helpdesk général,2021-10-26,12:20:19,00:01:00
stefano.crapanzano@chu.ulg.ac.be,Courrier entrant - stefano.crapanzano@chuliege.be - Mozilla Thunderbird,Helpdesk général,2021-10-26,13:56:49,00:00:06
stefano.crapanzano@chu.ulg.ac.be,Courrier entrant - stefano.crapanzano@chuliege.be - Mozilla Thunderbird,Helpdesk général,2021-10-26,14:43:18,00:00:18
stefano.crapanzano@chu.ulg.ac.be,Courrier entrant - stefano.crapanzano@chuliege.be - Mozilla Thunderbird,Helpdesk général,2021-10-26,14:43:41,00:01:52
stefano.crapanzano@chu.ulg.ac.be,Courrier entrant - stefano.crapanzano@chuliege.be - Mozilla Thunderbird,Helpdesk général,2021-10-26,15:01:41,00:00:02
stefano.crapanzano@chu.ulg.ac.be,Courrier entrant - stefano.crapanzano@chuliege.be - Mozilla Thunderbird,Helpdesk général,2021-10-26,15:26:31,00:01:17
stefano.crapanzano@chu.ulg.ac.be,Courrier entrant - stefano.crapanzano@chuliege.be - Mozilla Thunderbird,Helpdesk général,2021-10-26,15:43:15,00:00:02
stefano.crapanzano@chu.ulg.ac.be,Courrier entrant - stefano.crapanzano@chuliege.be - Mozilla Thunderbird,Helpdesk général,2021-10-26,16:09:33,00:00:05
stefano.crapanzano@chu.ulg.ac.be,Courrier entrant - stefano.crapanzano@chuliege.be - Mozilla Thunderbird,Helpdesk général,2021-10-26,16:27:21,00:00:02
stefano.crapanzano@chu.ulg.ac.be,Courrier entrant - erp.sai@chuliege.be - Mozilla Thunderbird,Helpdesk général,2021-10-26,08:45:09,00:00:17
stefano.crapanzano@chu.ulg.ac.be,Courrier entrant - erp.sai@chuliege.be - Mozilla Thunderbird,Helpdesk général,2021-10-26,08:46:17,00:00:21
stefano.crapanzano@chu.ulg.ac.be,Courrier entrant - erp.sai@chuliege.be - Mozilla Thunderbird,Helpdesk général,2021-10-26,08:54:42,00:00:05
stefano.crapanzano@chu.ulg.ac.be,Courrier entrant - erp.sai@chuliege.be - Mozilla Thunderbird,Helpdesk général,2021-10-26,09:00:07,00:00:32
stefano.crapanzano@chu.ulg.ac.be,Courrier entrant - erp.sai@chuliege.be - Mozilla Thunderbird,Helpdesk général,2021-10-26,09:11:26,00:19:28
stefano.crapanzano@chu.ulg.ac.be,Courrier entrant - erp.sai@chuliege.be - Mozilla Thunderbird,Helpdesk général,2021-10-26,09:30:57,00:00:16
stefano.crapanzano@chu.ulg.ac.be,Courrier entrant - erp.sai@chuliege.be - Mozilla Thunderbird,Helpdesk général,2021-10-26,09:32:51,00:00:06
stefano.crapanzano@chu.ulg.ac.be,Courrier entrant - erp.sai@chuliege.be - Mozilla Thunderbird,Helpdesk général,2021-10-26,09:43:21,00:00:05
stefano.crapanzano@chu.ulg.ac.be,Courrier entrant - erp.sai@chuliege.be - Mozilla Thunderbird,Helpdesk général,2021-10-26,09:43:28,00:00:05
stefano.crapanzano@chu.ulg.ac.be,Courrier entrant - erp.sai@chuliege.be - Mozilla Thunderbird,Helpdesk général,2021-10-26,09:43:58,00:00:02
stefano.crapanzano@chu.ulg.ac.be,Courrier entrant - erp.sai@chuliege.be - Mozilla Thunderbird,Helpdesk général,2021-10-26,09:47:33,00:00:04
stefano.crapanzano@chu.ulg.ac.be,Courrier entrant - erp.sai@chuliege.be - Mozilla Thunderbird,Helpdesk général,2021-10-26,09:55:22,00:00:08
stefano.crapanzano@chu.ulg.ac.be,Courrier entrant - erp.sai@chuliege.be - Mozilla Thunderbird,Helpdesk général,2021-10-26,09:56:30,00:00:18
stefano.crapanzano@chu.ulg.ac.be,Courrier entrant - erp.sai@chuliege.be - Mozilla Thunderbird,Helpdesk général,2021-10-26,10:04:06,00:00:06
stefano.crapanzano@chu.ulg.ac.be,Courrier entrant - erp.sai@chuliege.be - Mozilla Thunderbird,Helpdesk général,2021-10-26,10:05:51,00:00:10
stefano.crapanzano@chu.ulg.ac.be,Courrier entrant - erp.sai@chuliege.be - Mozilla Thunderbird,Helpdesk général,2021-10-26,10:06:10,00:00:09
stefano.crapanzano@chu.ulg.ac.be,Courrier entrant - erp.sai@chuliege.be - Mozilla Thunderbird,Helpdesk général,2021-10-26,10:08:13,00:00:05
stefano.crapanzano@chu.ulg.ac.be,Courrier entrant - erp.sai@chuliege.be - Mozilla Thunderbird,Helpdesk général,2021-10-26,10:10:19,00:00:04
stefano.crapanzano@chu.ulg.ac.be,Courrier entrant - erp.sai@chuliege.be - Mozilla Thunderbird,Helpdesk général,2021-10-26,10:10:49,00:01:19
stefano.crapanzano@chu.ulg.ac.be,Courrier entrant - erp.sai@chuliege.be - Mozilla Thunderbird,Helpdesk général,2021-10-26,10:12:42,00:00:04
stefano.crapanzano@chu.ulg.ac.be,Courrier entrant - erp.sai@chuliege.be - Mozilla Thunderbird,Helpdesk général,2021-10-26,10:25:47,00:00:22
stefano.crapanzano@chu.ulg.ac.be,Courrier entrant - erp.sai@chuliege.be - Mozilla Thunderbird,Helpdesk général,2021-10-26,10:45:36,00:00:17
stefano.crapanzano@chu.ulg.ac.be,Courrier entrant - erp.sai@chuliege.be - Mozilla Thunderbird,Helpdesk général,2021-10-26,10:59:15,00:00:05
stefano.crapanzano@chu.ulg.ac.be,Courrier entrant - erp.sai@chuliege.be - Mozilla Thunderbird,Helpdesk général,2021-10-26,10:59:22,00:00:05
stefano.crapanzano@chu.ulg.ac.be,Courrier entrant - erp.sai@chuliege.be - Mozilla Thunderbird,Helpdesk général,2021-10-26,11:08:15,00:00:08
stefano.crapanzano@chu.ulg.ac.be,Courrier entrant - erp.sai@chuliege.be - Mozilla Thunderbird,Helpdesk général,2021-10-26,11:09:59,00:00:33
stefano.crapanzano@chu.ulg.ac.be,Courrier entrant - erp.sai@chuliege.be - Mozilla Thunderbird,Helpdesk général,2021-10-26,11:32:20,00:03:22
stefano.crapanzano@chu.ulg.ac.be,Courrier entrant - erp.sai@chuliege.be - Mozilla Thunderbird,Helpdesk général,2021-10-26,11:35:45,00:00:21
stefano.crapanzano@chu.ulg.ac.be,Courrier entrant - erp.sai@chuliege.be - Mozilla Thunderbird,Helpdesk général,2021-10-26,11:38:29,00:00:04
stefano.crapanzano@chu.ulg.ac.be,Courrier entrant - erp.sai@chuliege.be - Mozilla Thunderbird,Helpdesk général,2021-10-26,11:38:34,00:00:02
stefano.crapanzano@chu.ulg.ac.be,Courrier entrant - erp.sai@chuliege.be - Mozilla Thunderbird,Helpdesk général,2021-10-26,11:45:46,00:00:05
stefano.crapanzano@chu.ulg.ac.be,Courrier entrant - erp.sai@chuliege.be - Mozilla Thunderbird,Helpdesk général,2021-10-26,12:03:09,00:00:12
stefano.crapanzano@chu.ulg.ac.be,Courrier entrant - erp.sai@chuliege.be - Mozilla Thunderbird,Helpdesk général,2021-10-26,12:03:23,00:00:40
stefano.crapanzano@chu.ulg.ac.be,Courrier entrant - erp.sai@chuliege.be - Mozilla Thunderbird,Tâches diverses,2021-10-26,12:09:22,00:00:02
stefano.crapanzano@chu.ulg.ac.be,Courrier entrant - erp.sai@chuliege.be - Mozilla Thunderbird,Helpdesk général,2021-10-26,12:10:10,00:00:03
stefano.crapanzano@chu.ulg.ac.be,Courrier entrant - erp.sai@chuliege.be - Mozilla Thunderbird,Helpdesk général,2021-10-26,12:18:44,00:01:35
stefano.crapanzano@chu.ulg.ac.be,Courrier entrant - erp.sai@chuliege.be - Mozilla Thunderbird,Helpdesk général,2021-10-26,12:21:20,00:01:29
stefano.crapanzano@chu.ulg.ac.be,Courrier entrant - erp.sai@chuliege.be - Mozilla Thunderbird,Helpdesk général,2021-10-26,12:23:41,00:00:03
stefano.crapanzano@chu.ulg.ac.be,Courrier entrant - erp.sai@chuliege.be - Mozilla Thunderbird,Helpdesk général,2021-10-26,12:23:51,00:00:09
stefano.crapanzano@chu.ulg.ac.be,Courrier entrant - erp.sai@chuliege.be - Mozilla Thunderbird,Helpdesk général,2021-10-26,12:24:44,00:00:08
stefano.crapanzano@chu.ulg.ac.be,Courrier entrant - erp.sai@chuliege.be - Mozilla Thunderbird,Helpdesk général,2021-10-26,12:25:09,00:00:28
stefano.crapanzano@chu.ulg.ac.be,Courrier entrant - erp.sai@chuliege.be - Mozilla Thunderbird,Helpdesk général,2021-10-26,12:25:50,00:11:50
stefano.crapanzano@chu.ulg.ac.be,Courrier entrant - erp.sai@chuliege.be - Mozilla Thunderbird,Helpdesk général,2021-10-26,12:37:41,00:00:05
stefano.crapanzano@chu.ulg.ac.be,Courrier entrant - erp.sai@chuliege.be - Mozilla Thunderbird,Helpdesk général,2021-10-26,12:37:48,00:00:29
stefano.crapanzano@chu.ulg.ac.be,Courrier entrant - erp.sai@chuliege.be - Mozilla Thunderbird,Helpdesk général,2021-10-26,12:39:57,00:00:02
stefano.crapanzano@chu.ulg.ac.be,Courrier entrant - erp.sai@chuliege.be - Mozilla Thunderbird,Helpdesk général,2021-10-26,12:40:01,00:00:12
stefano.crapanzano@chu.ulg.ac.be,Courrier entrant - erp.sai@chuliege.be - Mozilla Thunderbird,Helpdesk général,2021-10-26,12:40:58,00:00:04
stefano.crapanzano@chu.ulg.ac.be,Courrier entrant - erp.sai@chuliege.be - Mozilla Thunderbird,Helpdesk général,2021-10-26,12:50:59,00:00:02
stefano.crapanzano@chu.ulg.ac.be,Courrier entrant - erp.sai@chuliege.be - Mozilla Thunderbird,Helpdesk général,2021-10-26,12:53:54,00:00:16
stefano.crapanzano@chu.ulg.ac.be,Courrier entrant - erp.sai@chuliege.be - Mozilla Thunderbird,Helpdesk général,2021-10-26,12:55:32,00:00:06
stefano.crapanzano@chu.ulg.ac.be,Courrier entrant - erp.sai@chuliege.be - Mozilla Thunderbird,Helpdesk général,2021-10-26,13:05:53,00:01:47
stefano.crapanzano@chu.ulg.ac.be,Courrier entrant - erp.sai@chuliege.be - Mozilla Thunderbird,Helpdesk général,2021-10-26,13:08:51,00:00:02
stefano.crapanzano@chu.ulg.ac.be,Courrier entrant - erp.sai@chuliege.be - Mozilla Thunderbird,Helpdesk général,2021-10-26,13:10:33,00:00:14
stefano.crapanzano@chu.ulg.ac.be,Courrier entrant - erp.sai@chuliege.be - Mozilla Thunderbird,Helpdesk général,2021-10-26,13:12:19,00:00:05
stefano.crapanzano@chu.ulg.ac.be,Courrier entrant - erp.sai@chuliege.be - Mozilla Thunderbird,Helpdesk général,2021-10-26,13:14:12,00:00:02
stefano.crapanzano@chu.ulg.ac.be,Courrier entrant - erp.sai@chuliege.be - Mozilla Thunderbird,Helpdesk général,2021-10-26,13:14:19,00:01:01
stefano.crapanzano@chu.ulg.ac.be,Courrier entrant - erp.sai@chuliege.be - Mozilla Thunderbird,Helpdesk général,2021-10-26,13:56:46,00:00:02
stefano.crapanzano@chu.ulg.ac.be,Courrier entrant - erp.sai@chuliege.be - Mozilla Thunderbird,Helpdesk général,2021-10-26,14:43:37,00:00:04
stefano.crapanzano@chu.ulg.ac.be,Courrier entrant - erp.sai@chuliege.be - Mozilla Thunderbird,Helpdesk général,2021-10-26,14:51:38,00:00:02
stefano.crapanzano@chu.ulg.ac.be,Courrier entrant - erp.sai@chuliege.be - Mozilla Thunderbird,Helpdesk général,2021-10-26,15:01:43,00:00:04
stefano.crapanzano@chu.ulg.ac.be,Courrier entrant - erp.sai@chuliege.be - Mozilla Thunderbird,Helpdesk général,2021-10-26,15:05:23,00:01:55
stefano.crapanzano@chu.ulg.ac.be,Courrier entrant - erp.sai@chuliege.be - Mozilla Thunderbird,Helpdesk général,2021-10-26,15:13:12,00:00:02
stefano.crapanzano@chu.ulg.ac.be,Courrier entrant - erp.sai@chuliege.be - Mozilla Thunderbird,Helpdesk général,2021-10-26,15:13:16,00:00:04
stefano.crapanzano@chu.ulg.ac.be,Courrier entrant - erp.sai@chuliege.be - Mozilla Thunderbird,Helpdesk général,2021-10-26,15:34:17,00:00:02
stefano.crapanzano@chu.ulg.ac.be,Courrier entrant - erp.sai@chuliege.be - Mozilla Thunderbird,Helpdesk général,2021-10-26,15:58:59,00:01:03
stefano.crapanzano@chu.ulg.ac.be,Courrier entrant - erp.sai@chuliege.be - Mozilla Thunderbird,Helpdesk général,2021-10-26,16:03:46,00:00:02
stefano.crapanzano@chu.ulg.ac.be,Courrier entrant - erp.sai@chuliege.be - Mozilla Thunderbird,Helpdesk général,2021-10-26,16:09:38,00:00:13
stefano.crapanzano@chu.ulg.ac.be,Courrier entrant - erp.sai@chuliege.be - Mozilla Thunderbird,Helpdesk général,2021-10-26,16:13:11,00:02:20
stefano.crapanzano@chu.ulg.ac.be,Courrier entrant - erp.sai@chuliege.be - Mozilla Thunderbird,Helpdesk général,2021-10-26,16:15:55,00:00:02
stefano.crapanzano@chu.ulg.ac.be,Courrier entrant - erp.sai@chuliege.be - Mozilla Thunderbird,Helpdesk général,2021-10-26,16:16:00,00:00:08
stefano.crapanzano@chu.ulg.ac.be,Courrier entrant - erp.sai@chuliege.be - Mozilla Thunderbird,Helpdesk général,2021-10-26,16:27:13,00:00:08
stefano.crapanzano@chu.ulg.ac.be,Courrier entrant - erp.sai@chuliege.be - Mozilla Thunderbird,Helpdesk général,2021-10-26,16:27:26,00:00:10
stefano.crapanzano@chu.ulg.ac.be,Navigation système de fichier,IT,2021-10-26,08:46:39,00:00:32
stefano.crapanzano@chu.ulg.ac.be,Navigation système de fichier,IT,2021-10-26,08:47:17,00:00:55
stefano.crapanzano@chu.ulg.ac.be,Navigation système de fichier,IT,2021-10-26,08:49:03,00:01:00
stefano.crapanzano@chu.ulg.ac.be,Navigation système de fichier,IT,2021-10-26,08:50:08,00:00:07
stefano.crapanzano@chu.ulg.ac.be,Navigation système de fichier,IT,2021-10-26,08:50:19,00:01:24
stefano.crapanzano@chu.ulg.ac.be,Navigation système de fichier,IT,2021-10-26,08:52:22,00:00:35
stefano.crapanzano@chu.ulg.ac.be,Navigation système de fichier,IT,2021-10-26,08:53:29,00:00:02
stefano.crapanzano@chu.ulg.ac.be,Navigation système de fichier,IT,2021-10-26,08:57:09,00:00:17
stefano.crapanzano@chu.ulg.ac.be,Navigation système de fichier,IT,2021-10-26,08:57:50,00:00:12
stefano.crapanzano@chu.ulg.ac.be,Navigation système de fichier,IT,2021-10-26,09:43:48,00:00:02
stefano.crapanzano@chu.ulg.ac.be,Navigation système de fichier,IT,2021-10-26,09:43:54,00:00:03
stefano.crapanzano@chu.ulg.ac.be,Navigation système de fichier,IT,2021-10-26,09:45:00,00:00:22
stefano.crapanzano@chu.ulg.ac.be,Navigation système de fichier,IT,2021-10-26,09:45:30,00:00:47
stefano.crapanzano@chu.ulg.ac.be,Navigation système de fichier,IT,2021-10-26,09:46:21,00:00:07
stefano.crapanzano@chu.ulg.ac.be,Navigation système de fichier,IT,2021-10-26,09:46:30,00:00:05
stefano.crapanzano@chu.ulg.ac.be,Navigation système de fichier,IT,2021-10-26,09:47:37,00:00:08
stefano.crapanzano@chu.ulg.ac.be,Navigation système de fichier,IT,2021-10-26,09:47:49,00:00:07
stefano.crapanzano@chu.ulg.ac.be,Navigation système de fichier,IT,2021-10-26,09:48:35,00:00:11
stefano.crapanzano@chu.ulg.ac.be,Navigation système de fichier,IT,2021-10-26,09:50:03,00:00:17
stefano.crapanzano@chu.ulg.ac.be,Navigation système de fichier,IT,2021-10-26,09:52:25,00:00:15
stefano.crapanzano@chu.ulg.ac.be,Navigation système de fichier,IT,2021-10-26,09:58:46,00:00:13
stefano.crapanzano@chu.ulg.ac.be,Navigation système de fichier,IT,2021-10-26,10:04:04,00:00:02
stefano.crapanzano@chu.ulg.ac.be,Navigation système de fichier,IT,2021-10-26,10:06:53,00:00:02
stefano.crapanzano@chu.ulg.ac.be,Navigation système de fichier,IT,2021-10-26,10:12:08,00:00:06
stefano.crapanzano@chu.ulg.ac.be,Navigation système de fichier,IT,2021-10-26,10:14:40,00:00:03
stefano.crapanzano@chu.ulg.ac.be,Navigation système de fichier,IT,2021-10-26,10:14:51,00:00:02
stefano.crapanzano@chu.ulg.ac.be,Navigation système de fichier,IT,2021-10-26,10:15:31,00:00:03
stefano.crapanzano@chu.ulg.ac.be,Navigation système de fichier,IT,2021-10-26,10:15:56,00:00:05
stefano.crapanzano@chu.ulg.ac.be,Navigation système de fichier,IT,2021-10-26,10:16:38,00:00:02
stefano.crapanzano@chu.ulg.ac.be,Navigation système de fichier,IT,2021-10-26,10:17:49,00:00:12
stefano.crapanzano@chu.ulg.ac.be,Navigation système de fichier,IT,2021-10-26,10:18:04,00:00:05
stefano.crapanzano@chu.ulg.ac.be,Navigation système de fichier,IT,2021-10-26,10:18:44,00:00:02
stefano.crapanzano@chu.ulg.ac.be,Navigation système de fichier,IT,2021-10-26,10:18:50,00:00:03
stefano.crapanzano@chu.ulg.ac.be,Navigation système de fichier,IT,2021-10-26,10:19:06,00:00:03
stefano.crapanzano@chu.ulg.ac.be,Navigation système de fichier,IT,2021-10-26,10:21:05,00:00:37
stefano.crapanzano@chu.ulg.ac.be,Navigation système de fichier,IT,2021-10-26,10:21:59,00:00:05
stefano.crapanzano@chu.ulg.ac.be,Navigation système de fichier,IT,2021-10-26,10:22:22,00:00:02
stefano.crapanzano@chu.ulg.ac.be,Navigation système de fichier,IT,2021-10-26,10:22:30,00:00:16
stefano.crapanzano@chu.ulg.ac.be,Navigation système de fichier,IT,2021-10-26,10:22:51,00:00:10
stefano.crapanzano@chu.ulg.ac.be,Navigation système de fichier,IT,2021-10-26,10:23:11,00:00:15
stefano.crapanzano@chu.ulg.ac.be,Navigation système de fichier,IT,2021-10-26,10:23:37,00:00:02
stefano.crapanzano@chu.ulg.ac.be,Navigation système de fichier,IT,2021-10-26,10:23:42,00:00:05
stefano.crapanzano@chu.ulg.ac.be,Navigation système de fichier,IT,2021-10-26,10:24:14,00:00:02
stefano.crapanzano@chu.ulg.ac.be,Navigation système de fichier,IT,2021-10-26,10:26:59,00:00:02
stefano.crapanzano@chu.ulg.ac.be,Navigation système de fichier,IT,2021-10-26,10:40:24,00:00:02
stefano.crapanzano@chu.ulg.ac.be,Navigation système de fichier,IT,2021-10-26,10:43:37,00:00:02
stefano.crapanzano@chu.ulg.ac.be,Navigation système de fichier,IT,2021-10-26,11:09:22,00:00:36
stefano.crapanzano@chu.ulg.ac.be,Navigation système de fichier,IT,2021-10-26,11:10:32,00:00:05
stefano.crapanzano@chu.ulg.ac.be,Navigation système de fichier,IT,2021-10-26,11:58:58,00:04:11
stefano.crapanzano@chu.ulg.ac.be,Navigation système de fichier,IT,2021-10-26,12:54:47,00:00:25
stefano.crapanzano@chu.ulg.ac.be,Navigation système de fichier,IT,2021-10-26,12:57:52,00:00:08
stefano.crapanzano@chu.ulg.ac.be,Navigation système de fichier,IT,2021-10-26,12:58:14,00:00:11
stefano.crapanzano@chu.ulg.ac.be,Navigation système de fichier,IT,2021-10-26,12:58:42,00:00:02
stefano.crapanzano@chu.ulg.ac.be,Navigation système de fichier,IT,2021-10-26,12:59:15,00:00:40
stefano.crapanzano@chu.ulg.ac.be,Navigation système de fichier,IT,2021-10-26,13:00:46,00:00:17
stefano.crapanzano@chu.ulg.ac.be,Navigation système de fichier,IT,2021-10-26,13:01:14,00:00:10
stefano.crapanzano@chu.ulg.ac.be,Navigation système de fichier,IT,2021-10-26,13:08:53,00:00:11
stefano.crapanzano@chu.ulg.ac.be,Navigation système de fichier,IT,2021-10-26,13:10:14,00:00:19
stefano.crapanzano@chu.ulg.ac.be,Navigation système de fichier,IT,2021-10-26,13:12:32,00:00:02
stefano.crapanzano@chu.ulg.ac.be,Navigation système de fichier,IT,2021-10-26,13:14:15,00:00:02
stefano.crapanzano@chu.ulg.ac.be,Navigation système de fichier,IT,2021-10-26,13:56:58,00:00:05
stefano.crapanzano@chu.ulg.ac.be,Navigation système de fichier,IT,2021-10-26,15:27:50,00:00:02
stefano.crapanzano@chu.ulg.ac.be,Navigation système de fichier,IT,2021-10-26,15:38:16,00:00:08
stefano.crapanzano@chu.ulg.ac.be,Navigation système de fichier,IT,2021-10-26,16:21:14,00:00:04
stefano.crapanzano@chu.ulg.ac.be,Navigation système de fichier,IT,2021-10-26,16:21:23,00:00:05
stefano.crapanzano@chu.ulg.ac.be,\\ERPFTP.st.chulg\ERP\FtpToFtp\KofaxVendorAddress\SAP203-ZhulWfOutput-VENDOR_KOFAX-ArcoMasterdata-ADDRESS\OUT2\VENDOR_ZHUL_SCAN - Notepad++ [Administrator],IT,2021-10-26,08:47:11,00:00:02
stefano.crapanzano@chu.ulg.ac.be,\\filesrv01.st.chulg\oazis_prod\APPL_PROD\SOURCES\BAT\ERP\CHL_ERP_DEPASSEMENT_DOTATION.bat - Notepad++ [Administrator],IT,2021-10-26,08:47:14,00:00:02
stefano.crapanzano@chu.ulg.ac.be,\\ERPFTP.st.chulg\ERP\Security\SAP203-WfOutput-VENDOR_KOFAX-ArcoMasterdata-ADDRESS.info - Notepad++ [Administrator],IT,2021-10-26,08:48:12,00:00:06
stefano.crapanzano@chu.ulg.ac.be,\\ERPFTP.st.chulg\ERP\Security\SAP203-WfOutput-VENDOR_KOFAX-ArcoMasterdata-ADDRESS.info - Notepad++ [Administrator],IT,2021-10-26,08:48:25,00:00:13
stefano.crapanzano@chu.ulg.ac.be,\\ERPFTP.st.chulg\ERP\Security\SAP203-WfOutput-VENDOR_KOFAX-ArcoMasterdata-ADDRESS.info - Notepad++ [Administrator],IT,2021-10-26,08:48:51,00:00:09
stefano.crapanzano@chu.ulg.ac.be,\\ERPFTP.st.chulg\ERP\Security\SAP203-WfOutput-VENDOR_KOFAX-ArcoMasterdata-ADDRESS.info - Notepad++ [Administrator],IT,2021-10-26,08:50:16,00:00:02
stefano.crapanzano@chu.ulg.ac.be,\\ERPFTP.st.chulg\ERP\Security\SAP203-WfOutput-VENDOR_KOFAX-ArcoMasterdata-ADDRESS.info - Notepad++ [Administrator],IT,2021-10-26,08:53:32,00:01:10
stefano.crapanzano@chu.ulg.ac.be,\\ERPFTP.st.chulg\ERP\Security\SAP203-WfOutput-VENDOR_KOFAX-ArcoMasterdata-ADDRESS.info - Notepad++ [Administrator],IT,2021-10-26,08:55:08,00:00:37
stefano.crapanzano@chu.ulg.ac.be,\\ERPFTP.st.chulg\ERP\Security\SAP203-WfOutput-VENDOR_KOFAX-ArcoMasterdata-ADDRESS.info - Notepad++ [Administrator],Helpdesk général,2021-10-26,08:55:47,00:00:59
stefano.crapanzano@chu.ulg.ac.be,\\ERPFTP.st.chulg\ERP\Security\SAP203-WfOutput-VENDOR_KOFAX-ArcoMasterdata-ADDRESS.info - Notepad++ [Administrator],IT,2021-10-26,08:59:09,00:00:09
stefano.crapanzano@chu.ulg.ac.be,\\ERPFTP.st.chulg\ERP\Security\SAP203-WfOutput-VENDOR_KOFAX-ArcoMasterdata-ADDRESS.info - Notepad++ [Administrator],IT,2021-10-26,08:59:21,00:00:39
stefano.crapanzano@chu.ulg.ac.be,\\ERPFTP.st.chulg\ERP\Security\SAP203-WfOutput-VENDOR_KOFAX-ArcoMasterdata-ADDRESS.info - Notepad++ [Administrator],IT,2021-10-26,09:00:39,00:00:10
stefano.crapanzano@chu.ulg.ac.be,\\ERPFTP.st.chulg\ERP\Security\SAP203-WfOutput-VENDOR_KOFAX-ArcoMasterdata-ADDRESS.info - Notepad++ [Administrator],IT,2021-10-26,09:51:49,00:00:21
stefano.crapanzano@chu.ulg.ac.be,\\ERPFTP.st.chulg\ERP\Security\SAP203-WfOutput-VENDOR_KOFAX-ArcoMasterdata-ADDRESS.info - Notepad++ [Administrator],IT,2021-10-26,10:14:55,00:00:27
stefano.crapanzano@chu.ulg.ac.be,\\ERPFTP.st.chulg\ERP\Security\SAP203-WfOutput-VENDOR_KOFAX-ArcoMasterdata-ADDRESS.info - Notepad++ [Administrator],IT,2021-10-26,10:17:21,00:00:06
stefano.crapanzano@chu.ulg.ac.be,\\ERPFTP.st.chulg\ERP\Security\SAP203-WfOutput-VENDOR_KOFAX-ArcoMasterdata-ADDRESS.info - Notepad++ [Administrator],IT,2021-10-26,10:17:31,00:00:03
stefano.crapanzano@chu.ulg.ac.be,\\ERPFTP.st.chulg\ERP\Security\SAP203-WfOutput-VENDOR_KOFAX-ArcoMasterdata-ADDRESS.info - Notepad++ [Administrator],IT,2021-10-26,10:17:45,00:00:02
stefano.crapanzano@chu.ulg.ac.be,Programmation,IT,2021-10-26,08:48:19,00:00:06
stefano.crapanzano@chu.ulg.ac.be,Programmation,IT,2021-10-26,08:48:39,00:00:12
stefano.crapanzano@chu.ulg.ac.be,Programmation,IT,2021-10-26,08:50:03,00:00:04
stefano.crapanzano@chu.ulg.ac.be,Programmation,IT,2021-10-26,08:52:00,00:00:21
stefano.crapanzano@chu.ulg.ac.be,Programmation,IT,2021-10-26,08:52:57,00:00:32
stefano.crapanzano@chu.ulg.ac.be,Programmation,IT,2021-10-26,09:31:15,00:00:06
stefano.crapanzano@chu.ulg.ac.be,Programmation,IT,2021-10-26,09:59:08,00:00:20
stefano.crapanzano@chu.ulg.ac.be,Programmation,IT,2021-10-26,09:59:40,00:00:42
stefano.crapanzano@chu.ulg.ac.be,Programmation,IT,2021-10-26,10:00:28,00:00:08
stefano.crapanzano@chu.ulg.ac.be,Programmation,IT,2021-10-26,10:04:57,00:00:53
stefano.crapanzano@chu.ulg.ac.be,Programmation,IT,2021-10-26,10:06:55,00:00:50
stefano.crapanzano@chu.ulg.ac.be,Programmation,IT,2021-10-26,10:15:26,00:00:05
stefano.crapanzano@chu.ulg.ac.be,Programmation,IT,2021-10-26,10:15:34,00:00:04
stefano.crapanzano@chu.ulg.ac.be,Programmation,IT,2021-10-26,10:15:51,00:00:05
stefano.crapanzano@chu.ulg.ac.be,Programmation,IT,2021-10-26,10:16:11,00:00:27
stefano.crapanzano@chu.ulg.ac.be,Programmation,IT,2021-10-26,10:17:36,00:00:08
stefano.crapanzano@chu.ulg.ac.be,Programmation,IT,2021-10-26,10:18:02,00:00:02
stefano.crapanzano@chu.ulg.ac.be,Programmation,IT,2021-10-26,10:18:22,00:00:21
stefano.crapanzano@chu.ulg.ac.be,Planificateur de tâches,IT,2021-10-26,08:51:43,00:00:16
stefano.crapanzano@chu.ulg.ac.be,Planificateur de tâches,IT,2021-10-26,09:46:17,00:00:03
stefano.crapanzano@chu.ulg.ac.be,Planificateur de tâches,IT,2021-10-26,10:16:01,00:00:09
stefano.crapanzano@chu.ulg.ac.be,Planificateur de tâches,IT,2021-10-26,10:18:19,00:00:02
stefano.crapanzano@chu.ulg.ac.be,guillaume de marchin - Mozilla Thunderbird,Helpdesk général,2021-10-26,08:54:48,00:00:03
stefano.crapanzano@chu.ulg.ac.be,guillaume de marchin - Mozilla Thunderbird,Helpdesk général,2021-10-26,09:54:13,00:00:02
stefano.crapanzano@chu.ulg.ac.be,Migration DB CommERP - Mozilla Thunderbird,Helpdesk général,2021-10-26,08:54:52,00:00:16
stefano.crapanzano@chu.ulg.ac.be,Migration DB CommERP - Mozilla Thunderbird,Helpdesk général,2021-10-26,08:58:51,00:00:17
stefano.crapanzano@chu.ulg.ac.be,Migration DB CommERP - Mozilla Thunderbird,Helpdesk général,2021-10-26,09:00:02,00:00:05
stefano.crapanzano@chu.ulg.ac.be,Migration DB CommERP - Mozilla Thunderbird,Helpdesk général,2021-10-26,09:00:50,00:00:41
stefano.crapanzano@chu.ulg.ac.be,Migration DB CommERP - Mozilla Thunderbird,Helpdesk général,2021-10-26,09:11:23,00:00:02
stefano.crapanzano@chu.ulg.ac.be,Migration DB CommERP - Mozilla Thunderbird,Helpdesk général,2021-10-26,09:54:15,00:01:06
stefano.crapanzano@chu.ulg.ac.be,*\\ERPFTP.st.chulg\ERP\Security\SAP203-WfOutput-VENDOR_KOFAX-ArcoMasterdata-ADDRESS.info - Notepad++ [Administrator],IT,2021-10-26,08:56:46,00:00:21
stefano.crapanzano@chu.ulg.ac.be,*\\ERPFTP.st.chulg\ERP\Security\SAP203-WfOutput-VENDOR_KOFAX-ArcoMasterdata-ADDRESS.info - Notepad++ [Administrator],IT,2021-10-26,08:59:18,00:00:02
stefano.crapanzano@chu.ulg.ac.be,*\\ERPFTP.st.chulg\ERP\Security\SAP203-WfOutput-VENDOR_KOFAX-ArcoMasterdata-ADDRESS.info - Notepad++ [Administrator],IT,2021-10-26,10:17:28,00:00:02
stefano.crapanzano@chu.ulg.ac.be,\\ERPFTP.st.chulg\ERP\Security\KOFAX-KofaxCaptureSVReleaseProdPhul-PdfXml_SAP203-ApoInput-PdfXml.info - Notepad++ [Administrator],IT,2021-10-26,08:57:27,00:00:08
stefano.crapanzano@chu.ulg.ac.be,\\ERPFTP.st.chulg\ERP\Security\KOFAX-KofaxCaptureSVReleaseProdPhul-PdfXml_SAP203-ApoInput-PdfXml.info - Notepad++ [Administrator],IT,2021-10-26,08:58:03,00:00:05
stefano.crapanzano@chu.ulg.ac.be,\\ERPFTP.st.chulg\ERP\Security\KOFAX-KofaxCaptureSVReleaseProdPhul-PdfXml_SAP203-ApoInput-PdfXml.info - Notepad++ [Administrator],IT,2021-10-26,09:31:26,00:00:29
stefano.crapanzano@chu.ulg.ac.be,\\ERPFTP.st.chulg\ERP\Security\KOFAX-KofaxCaptureSVReleaseProdPhul-PdfXml_SAP203-ApoInput-PdfXml.info - Notepad++ [Administrator],IT,2021-10-26,09:32:33,00:00:02
stefano.crapanzano@chu.ulg.ac.be,\\ERPFTP.st.chulg\ERP\Security\KOFAX-KofaxCaptureSVReleaseProdPhul-PdfXml_SAP203-ApoInput-PdfXml.info - Notepad++ [Administrator],IT,2021-10-26,09:44:01,00:00:06
stefano.crapanzano@chu.ulg.ac.be,\\ERPFTP.st.chulg\ERP\Security\KOFAX-KofaxCaptureSVReleaseProdPhul-PdfXml_SAP203-ApoInput-PdfXml.info - Notepad++ [Administrator],IT,2021-10-26,09:44:21,00:00:39
stefano.crapanzano@chu.ulg.ac.be,\\ERPFTP.st.chulg\ERP\Security\KOFAX-KofaxCaptureSVReleaseProdPhul-PdfXml_SAP203-ApoInput-PdfXml.info - Notepad++ [Administrator],IT,2021-10-26,09:45:23,00:00:06
stefano.crapanzano@chu.ulg.ac.be,\\ERPFTP.st.chulg\ERP\Security\KOFAX-KofaxCaptureSVReleaseProdPhul-PdfXml_SAP203-ApoInput-PdfXml.info - Notepad++ [Administrator],IT,2021-10-26,09:47:56,00:00:39
stefano.crapanzano@chu.ulg.ac.be,\\ERPFTP.st.chulg\ERP\Security\KOFAX-KofaxCaptureSVReleaseProdPhul-PdfXml_SAP203-ApoInput-PdfXml.info - Notepad++ [Administrator],IT,2021-10-26,09:50:29,00:00:37
stefano.crapanzano@chu.ulg.ac.be,\\ERPFTP.st.chulg\ERP\Security\KOFAX-KofaxCaptureSVReleaseProdPhul-PdfXml_SAP203-ApoInput-PdfXml.info - Notepad++ [Administrator],IT,2021-10-26,09:51:36,00:00:13
stefano.crapanzano@chu.ulg.ac.be,\\ERPFTP.st.chulg\ERP\Security\KOFAX-KofaxCaptureSVReleaseProdPhul-PdfXml_SAP203-ApoInput-PdfXml.info - Notepad++ [Administrator],IT,2021-10-26,10:00:38,00:01:29
stefano.crapanzano@chu.ulg.ac.be,\\ERPFTP.st.chulg\ERP\Security\KOFAX-KofaxCaptureSVReleaseProdPhul-PdfXml_SAP203-ApoInput-PdfXml.info - Notepad++ [Administrator],Helpdesk général,2021-10-26,10:13:54,00:00:13
stefano.crapanzano@chu.ulg.ac.be,\\ERPFTP.st.chulg\ERP\Security\KOFAX-KofaxCaptureSVReleaseProdPhul-PdfXml_SAP203-ApoInput-PdfXml.info - Notepad++ [Administrator],IT,2021-10-26,10:14:27,00:00:13
stefano.crapanzano@chu.ulg.ac.be,\\ERPFTP.st.chulg\ERP\Security\KOFAX-KofaxCaptureSVReleaseProdPhul-PdfXml_SAP203-ApoInput-PdfXml.info - Notepad++ [Administrator],IT,2021-10-26,10:16:42,00:00:20
stefano.crapanzano@chu.ulg.ac.be,\\ERPFTP.st.chulg\ERP\Security\KOFAX-KofaxCaptureSVReleaseProdPhul-PdfXml_SAP203-ApoInput-PdfXml.info - Notepad++ [Administrator],IT,2021-10-26,10:17:13,00:00:06
stefano.crapanzano@chu.ulg.ac.be,*\\ERPFTP.st.chulg\ERP\Security\KOFAX-KofaxCaptureSVReleaseProdPhul-PdfXml_SAP203-ApoInput-PdfXml.info - Notepad++ [Administrator],IT,2021-10-26,08:57:35,00:00:14
stefano.crapanzano@chu.ulg.ac.be,*\\ERPFTP.st.chulg\ERP\Security\KOFAX-KofaxCaptureSVReleaseProdPhul-PdfXml_SAP203-ApoInput-PdfXml.info - Notepad++ [Administrator],IT,2021-10-26,08:58:08,00:00:13
stefano.crapanzano@chu.ulg.ac.be,*\\ERPFTP.st.chulg\ERP\Security\KOFAX-KofaxCaptureSVReleaseProdPhul-PdfXml_SAP203-ApoInput-PdfXml.info - Notepad++ [Administrator],IT,2021-10-26,10:17:03,00:00:10
stefano.crapanzano@chu.ulg.ac.be,Netop Invité,Helpdesk général,2021-10-26,08:58:22,00:00:05
stefano.crapanzano@chu.ulg.ac.be,Netop Invité,Helpdesk général,2021-10-26,08:58:41,00:00:10
stefano.crapanzano@chu.ulg.ac.be,Netop Invité,Helpdesk général,2021-10-26,09:01:35,00:00:27
stefano.crapanzano@chu.ulg.ac.be,Netop Invité,Helpdesk général,2021-10-26,09:09:29,00:00:04
stefano.crapanzano@chu.ulg.ac.be,Netop Invité,Helpdesk général,2021-10-26,09:09:35,00:00:12
stefano.crapanzano@chu.ulg.ac.be,Netop Invité,IT,2021-10-26,10:02:30,00:00:15
stefano.crapanzano@chu.ulg.ac.be,Netop Invité,Helpdesk général,2021-10-26,10:12:14,00:00:27
stefano.crapanzano@chu.ulg.ac.be,Netop Invité,Helpdesk général,2021-10-26,10:13:08,00:00:32
stefano.crapanzano@chu.ulg.ac.be,Netop Invité,Helpdesk général,2021-10-26,11:07:11,00:00:10
stefano.crapanzano@chu.ulg.ac.be,Netop Invité,Helpdesk général,2021-10-26,12:05:52,00:00:06
stefano.crapanzano@chu.ulg.ac.be,Netop Invité,Helpdesk général,2021-10-26,12:06:55,00:00:02
stefano.crapanzano@chu.ulg.ac.be,Netop Invité,Tâches diverses,2021-10-26,13:31:54,00:00:02
stefano.crapanzano@chu.ulg.ac.be,Netop,Helpdesk général,2021-10-26,09:02:06,00:00:19
stefano.crapanzano@chu.ulg.ac.be,Connexion à l'aide de l'authentification Windows,Helpdesk général,2021-10-26,08:58:28,00:00:02
stefano.crapanzano@chu.ulg.ac.be,Connexion à l'aide de l'authentification Windows,Helpdesk général,2021-10-26,09:02:03,00:00:02
stefano.crapanzano@chu.ulg.ac.be,Connexion à l'aide de l'authentification Windows,Helpdesk général,2021-10-26,09:02:27,00:00:02
stefano.crapanzano@chu.ulg.ac.be,Connexion à l'aide de l'authentification Windows,Helpdesk général,2021-10-26,10:02:46,00:00:02
stefano.crapanzano@chu.ulg.ac.be,si-s-serv1127 - Netop Remote Control,Helpdesk général,2021-10-26,08:58:32,00:00:06
stefano.crapanzano@chu.ulg.ac.be,Réceptionnaire  centre de coût et compte général pas remplis - Xperthis ERP4HC 2.0 Rollout - Service d'assistance - Google Chrome,Helpdesk général,2021-10-26,09:01:32,00:00:02
stefano.crapanzano@chu.ulg.ac.be,Réceptionnaire  centre de coût et compte général pas remplis - Xperthis ERP4HC 2.0 Rollout - Service d'assistance - Google Chrome,Tâches diverses,2021-10-26,09:34:27,00:00:04
stefano.crapanzano@chu.ulg.ac.be,Réceptionnaire  centre de coût et compte général pas remplis - Xperthis ERP4HC 2.0 Rollout - Service d'assistance - Google Chrome,Tâches diverses,2021-10-26,10:08:43,00:00:03
stefano.crapanzano@chu.ulg.ac.be,Réceptionnaire  centre de coût et compte général pas remplis - Xperthis ERP4HC 2.0 Rollout - Service d'assistance - Google Chrome,Tâches diverses,2021-10-26,10:08:55,00:00:06
stefano.crapanzano@chu.ulg.ac.be,Réceptionnaire  centre de coût et compte général pas remplis - Xperthis ERP4HC 2.0 Rollout - Service d'assistance - Google Chrome,Tâches diverses,2021-10-26,11:47:07,00:00:04
stefano.crapanzano@chu.ulg.ac.be,192.168.83.127 - Netop Remote Control,Helpdesk général,2021-10-26,09:02:31,00:04:02
stefano.crapanzano@chu.ulg.ac.be,192.168.83.127 - Netop Remote Control,Helpdesk général,2021-10-26,09:06:42,00:02:45
stefano.crapanzano@chu.ulg.ac.be,Greenshot capture form,Helpdesk général,2021-10-26,09:06:34,00:00:04
stefano.crapanzano@chu.ulg.ac.be,Greenshot capture form,IT,2021-10-26,10:36:33,00:00:16
stefano.crapanzano@chu.ulg.ac.be,Greenshot capture form,Helpdesk général,2021-10-26,10:37:08,00:00:05
stefano.crapanzano@chu.ulg.ac.be,Greenshot capture form,Helpdesk général,2021-10-26,10:37:16,00:00:05
stefano.crapanzano@chu.ulg.ac.be,Greenshot capture form,Helpdesk général,2021-10-26,10:43:11,00:00:07
stefano.crapanzano@chu.ulg.ac.be,Greenshot capture form,Helpdesk général,2021-10-26,11:22:06,00:00:07
stefano.crapanzano@chu.ulg.ac.be,Greenshot capture form,Helpdesk général,2021-10-26,11:22:19,00:00:03
stefano.crapanzano@chu.ulg.ac.be,Greenshot capture form,Helpdesk général,2021-10-26,11:23:41,00:00:03
stefano.crapanzano@chu.ulg.ac.be,Greenshot capture form,Helpdesk général,2021-10-26,13:15:49,00:00:04
stefano.crapanzano@chu.ulg.ac.be,Greenshot capture form,Helpdesk général,2021-10-26,15:32:10,00:00:03
stefano.crapanzano@chu.ulg.ac.be,Greenshot Éditeur d'Image,Helpdesk général,2021-10-26,09:06:39,00:00:02
stefano.crapanzano@chu.ulg.ac.be,192.168.83.127 - Lecture des enregistrements,Helpdesk général,2021-10-26,09:09:47,00:00:47
stefano.crapanzano@chu.ulg.ac.be,SAP Logon 760,Exploration SAP,2021-10-26,09:10:49,00:00:14
stefano.crapanzano@chu.ulg.ac.be,SAP Logon 760,Exploration SAP,2021-10-26,13:09:05,00:00:04
stefano.crapanzano@chu.ulg.ac.be,SAP Easy Access Menu de base Applications financières-économiques,Exploration SAP,2021-10-26,09:10:37,00:00:05
stefano.crapanzano@chu.ulg.ac.be,SAP Easy Access Menu de base Applications financières-économiques,Exploration SAP,2021-10-26,09:33:14,00:00:04
stefano.crapanzano@chu.ulg.ac.be,SAP Easy Access Menu de base Applications financières-économiques,Exploration SAP,2021-10-26,10:45:13,00:00:16
stefano.crapanzano@chu.ulg.ac.be,SAP Easy Access Menu de base Applications financières-économiques,Helpdesk général,2021-10-26,10:45:54,00:00:02
stefano.crapanzano@chu.ulg.ac.be,SAP Easy Access Menu de base Applications financières-économiques,Exploration SAP,2021-10-26,13:09:18,00:00:08
stefano.crapanzano@chu.ulg.ac.be,SAP Easy Access Menu de base Applications financières-économiques,Exploration SAP,2021-10-26,13:10:06,00:00:08
stefano.crapanzano@chu.ulg.ac.be,SAP Easy Access Menu de base Applications financières-économiques,Exploration SAP,2021-10-26,13:12:03,00:00:02
stefano.crapanzano@chu.ulg.ac.be,SAP Easy Access Menu de base Applications financières-économiques,Exploration SAP,2021-10-26,13:22:36,00:00:04
stefano.crapanzano@chu.ulg.ac.be,Gestion des utilisateurs : écran initial,Exploration SAP,2021-10-26,09:10:43,00:00:06
stefano.crapanzano@chu.ulg.ac.be,Gestion des utilisateurs : écran initial,Exploration SAP,2021-10-26,09:33:25,00:00:04
stefano.crapanzano@chu.ulg.ac.be,Gestion des utilisateurs : écran initial,Exploration SAP,2021-10-26,09:33:44,00:00:43
stefano.crapanzano@chu.ulg.ac.be,Gestion des utilisateurs : écran initial,Exploration SAP,2021-10-26,09:37:30,00:00:02
stefano.crapanzano@chu.ulg.ac.be,Gestion des utilisateurs : écran initial,Exploration SAP,2021-10-26,09:37:35,00:00:06
stefano.crapanzano@chu.ulg.ac.be,Gestion des utilisateurs : écran initial,Exploration SAP,2021-10-26,09:37:51,00:00:09
stefano.crapanzano@chu.ulg.ac.be,Gestion des utilisateurs : écran initial,Exploration SAP,2021-10-26,09:38:04,00:01:19
stefano.crapanzano@chu.ulg.ac.be,Nom de l'utilisateur ds fiche utilisateur (1),Exploration SAP,2021-10-26,09:11:06,00:00:17
stefano.crapanzano@chu.ulg.ac.be,Recharger,IT,2021-10-26,09:31:21,00:00:04
stefano.crapanzano@chu.ulg.ac.be,PE2_203 - sftp://PE2U2FTP@153.89.110.38 - FileZilla,Helpdesk général,2021-10-26,12:54:12,00:00:24
stefano.crapanzano@chu.ulg.ac.be,PE2_203 - sftp://PE2U2FTP@153.89.110.38 - FileZilla,Helpdesk général,2021-10-26,12:55:13,00:00:19
stefano.crapanzano@chu.ulg.ac.be,PE2_203 - sftp://PE2U2FTP@153.89.110.38 - FileZilla,Helpdesk général,2021-10-26,12:55:40,00:00:44
stefano.crapanzano@chu.ulg.ac.be,PE2_203 - sftp://PE2U2FTP@153.89.110.38 - FileZilla,Helpdesk général,2021-10-26,12:58:01,00:00:13
stefano.crapanzano@chu.ulg.ac.be,PE2_203 - sftp://PE2U2FTP@153.89.110.38 - FileZilla,Helpdesk général,2021-10-26,12:58:25,00:00:03
stefano.crapanzano@chu.ulg.ac.be,PE2_203 - sftp://PE2U2FTP@153.89.110.38 - FileZilla,Helpdesk général,2021-10-26,12:58:32,00:00:02
stefano.crapanzano@chu.ulg.ac.be,PE2_203 - sftp://PE2U2FTP@153.89.110.38 - FileZilla,IT,2021-10-26,12:58:59,00:00:15
stefano.crapanzano@chu.ulg.ac.be,PE2_203 - sftp://PE2U2FTP@153.89.110.38 - FileZilla,Helpdesk général,2021-10-26,12:59:55,00:00:50
stefano.crapanzano@chu.ulg.ac.be,PE2_203 - sftp://PE2U2FTP@153.89.110.38 - FileZilla,Helpdesk général,2021-10-26,13:01:03,00:00:09
stefano.crapanzano@chu.ulg.ac.be,PE2_203 - sftp://PE2U2FTP@153.89.110.38 - FileZilla,Helpdesk général,2021-10-26,13:01:24,00:03:11
stefano.crapanzano@chu.ulg.ac.be,PE2_203 - sftp://PE2U2FTP@153.89.110.38 - FileZilla,Helpdesk général,2021-10-26,13:04:38,00:00:38
stefano.crapanzano@chu.ulg.ac.be,PE2_203 - sftp://PE2U2FTP@153.89.110.38 - FileZilla,Helpdesk général,2021-10-26,13:05:23,00:00:30
stefano.crapanzano@chu.ulg.ac.be,PE2_203 - sftp://PE2U2FTP@153.89.110.38 - FileZilla,Helpdesk général,2021-10-26,13:09:28,00:00:38
stefano.crapanzano@chu.ulg.ac.be,PE2_203 - sftp://PE2U2FTP@153.89.110.38 - FileZilla,Helpdesk général,2021-10-26,13:13:21,00:00:25
stefano.crapanzano@chu.ulg.ac.be,PE2_203 - sftp://PE2U2FTP@153.89.110.38 - FileZilla,Helpdesk général,2021-10-26,13:14:01,00:00:06
stefano.crapanzano@chu.ulg.ac.be,Gestionnaire de Sites,Helpdesk général,2021-10-26,09:31:57,00:00:32
stefano.crapanzano@chu.ulg.ac.be,Gestionnaire de Sites,Helpdesk général,2021-10-26,09:32:31,00:00:02
stefano.crapanzano@chu.ulg.ac.be,Gestionnaire de Sites,IT,2021-10-26,09:32:36,00:00:02
stefano.crapanzano@chu.ulg.ac.be,Certificat inconnu,Helpdesk général,2021-10-26,09:32:42,00:00:04
stefano.crapanzano@chu.ulg.ac.be,si-s-serv1127 FTP_ERP_PHARMA_PROD - Ftp_Erp_Pharma_Prod@si-s-serv1127 - FileZilla,Helpdesk général,2021-10-26,09:32:46,00:00:05
stefano.crapanzano@chu.ulg.ac.be,si-s-serv1127 FTP_ERP_PHARMA_PROD - Ftp_Erp_Pharma_Prod@si-s-serv1127 - FileZilla,Helpdesk général,2021-10-26,09:43:50,00:00:02
stefano.crapanzano@chu.ulg.ac.be,si-s-serv1127 FTP_ERP_PHARMA_PROD - Ftp_Erp_Pharma_Prod@si-s-serv1127 - FileZilla,Helpdesk général,2021-10-26,09:44:08,00:00:13
stefano.crapanzano@chu.ulg.ac.be,si-s-serv1127 FTP_ERP_PHARMA_PROD - Ftp_Erp_Pharma_Prod@si-s-serv1127 - FileZilla,IT,2021-10-26,09:52:57,00:01:14
stefano.crapanzano@chu.ulg.ac.be,si-s-serv1127 FTP_ERP_PHARMA_PROD - Ftp_Erp_Pharma_Prod@si-s-serv1127 - FileZilla,Helpdesk général,2021-10-26,09:55:30,00:01:00
stefano.crapanzano@chu.ulg.ac.be,si-s-serv1127 FTP_ERP_PHARMA_PROD - Ftp_Erp_Pharma_Prod@si-s-serv1127 - FileZilla,Helpdesk général,2021-10-26,09:58:20,00:00:13
stefano.crapanzano@chu.ulg.ac.be,si-s-serv1127 FTP_ERP_PHARMA_PROD - Ftp_Erp_Pharma_Prod@si-s-serv1127 - FileZilla,Helpdesk général,2021-10-26,09:59:00,00:00:07
stefano.crapanzano@chu.ulg.ac.be,si-s-serv1127 FTP_ERP_PHARMA_PROD - Ftp_Erp_Pharma_Prod@si-s-serv1127 - FileZilla,Helpdesk général,2021-10-26,09:59:28,00:00:12
stefano.crapanzano@chu.ulg.ac.be,si-s-serv1127 FTP_ERP_PHARMA_PROD - Ftp_Erp_Pharma_Prod@si-s-serv1127 - FileZilla,Helpdesk général,2021-10-26,10:00:23,00:00:05
stefano.crapanzano@chu.ulg.ac.be,SAP,Exploration SAP,2021-10-26,09:33:01,00:00:13
stefano.crapanzano@chu.ulg.ac.be,SAP,Exploration SAP,2021-10-26,13:09:09,00:00:09
stefano.crapanzano@chu.ulg.ac.be,TypeAheadPopup,Exploration SAP,2021-10-26,09:33:19,00:00:05
stefano.crapanzano@chu.ulg.ac.be,TypeAheadPopup,Exploration SAP,2021-10-26,09:37:32,00:00:02
stefano.crapanzano@chu.ulg.ac.be,Bloquer utilisateur CHUC169944,Exploration SAP,2021-10-26,09:33:29,00:00:04
stefano.crapanzano@chu.ulg.ac.be,Modification du mot de passe,Exploration SAP,2021-10-26,09:33:36,00:00:08
stefano.crapanzano@chu.ulg.ac.be,Modification du mot de passe,Exploration SAP,2021-10-26,09:37:42,00:00:09
stefano.crapanzano@chu.ulg.ac.be,Lecture documentation,Tâches diverses,2021-10-26,09:34:31,00:02:58
stefano.crapanzano@chu.ulg.ac.be,Lecture documentation,Tâches diverses,2021-10-26,09:39:23,00:03:57
stefano.crapanzano@chu.ulg.ac.be,Lecture documentation,Tâches diverses,2021-10-26,10:04:53,00:00:03
stefano.crapanzano@chu.ulg.ac.be,Lecture documentation,Tâches diverses,2021-10-26,11:36:11,00:02:17
stefano.crapanzano@chu.ulg.ac.be,Lecture documentation,Tâches diverses,2021-10-26,11:38:38,00:07:07
stefano.crapanzano@chu.ulg.ac.be,Lecture documentation,Tâches diverses,2021-10-26,11:51:24,00:06:50
stefano.crapanzano@chu.ulg.ac.be,Lecture documentation,Tâches diverses,2021-10-26,11:58:16,00:00:41
stefano.crapanzano@chu.ulg.ac.be,Lecture documentation,Tâches diverses,2021-10-26,12:58:35,00:00:07
stefano.crapanzano@chu.ulg.ac.be,Lecture documentation,Tâches diverses,2021-10-26,12:58:45,00:00:11
stefano.crapanzano@chu.ulg.ac.be,Lecture documentation,Tâches diverses,2021-10-26,13:57:03,00:46:15
stefano.crapanzano@chu.ulg.ac.be,Lecture documentation,Tâches diverses,2021-10-26,14:56:37,00:05:03
stefano.crapanzano@chu.ulg.ac.be,Lecture documentation,Tâches diverses,2021-10-26,15:01:47,00:03:29
stefano.crapanzano@chu.ulg.ac.be,Lecture documentation,Tâches diverses,2021-10-26,15:07:19,00:05:51
stefano.crapanzano@chu.ulg.ac.be,Lecture documentation,Tâches diverses,2021-10-26,15:13:21,00:13:09
stefano.crapanzano@chu.ulg.ac.be,Lecture documentation,Tâches diverses,2021-10-26,15:37:28,00:00:45
stefano.crapanzano@chu.ulg.ac.be,Lecture documentation,Tâches diverses,2021-10-26,15:39:28,00:02:04
stefano.crapanzano@chu.ulg.ac.be,Lecture documentation,Tâches diverses,2021-10-26,15:43:24,00:04:13
stefano.crapanzano@chu.ulg.ac.be,Lecture documentation,Tâches diverses,2021-10-26,15:48:29,00:10:27
stefano.crapanzano@chu.ulg.ac.be,Lecture documentation,Tâches diverses,2021-10-26,16:00:04,00:03:40
stefano.crapanzano@chu.ulg.ac.be,Lecture documentation,Tâches diverses,2021-10-26,16:03:49,00:02:53
stefano.crapanzano@chu.ulg.ac.be,Lecture documentation,Tâches diverses,2021-10-26,16:06:55,00:00:20
stefano.crapanzano@chu.ulg.ac.be,Lecture documentation,Tâches diverses,2021-10-26,16:07:28,00:00:45
stefano.crapanzano@chu.ulg.ac.be,Lecture documentation,Tâches diverses,2021-10-26,16:08:28,00:01:01
stefano.crapanzano@chu.ulg.ac.be,Lecture documentation,Tâches diverses,2021-10-26,16:09:53,00:03:18
stefano.crapanzano@chu.ulg.ac.be,Lecture documentation,Tâches diverses,2021-10-26,16:15:32,00:00:21
stefano.crapanzano@chu.ulg.ac.be,Lecture documentation,Tâches diverses,2021-10-26,16:16:08,00:05:04
stefano.crapanzano@chu.ulg.ac.be,Lecture documentation,Tâches diverses,2021-10-26,16:21:28,00:05:44
stefano.crapanzano@chu.ulg.ac.be,Débloquer utilisateur CHUC122064,Exploration SAP,2021-10-26,09:38:01,00:00:02
stefano.crapanzano@chu.ulg.ac.be,P203 CHU Rapprochement F-03 pour mut V0300000 - Xperthis ERP4HC 1.0 - Service d'assistance - Google Chrome,Tâches diverses,2021-10-26,09:43:34,00:00:12
stefano.crapanzano@chu.ulg.ac.be,console_erpftp - [Racine de la console\Gestion de l’ordinateur (ERPFTP)\Outils système\Planificateur de tâches],IT,2021-10-26,09:46:37,00:00:05
stefano.crapanzano@chu.ulg.ac.be,console_erpftp - [Racine de la console\Gestion de l’ordinateur (ERPFTP)\Outils système\Planificateur de tâches\Bibliothèque du Planificateur de tâches],IT,2021-10-26,09:46:42,00:00:50
stefano.crapanzano@chu.ulg.ac.be,console_erpftp - [Racine de la console\Gestion de l’ordinateur (ERPFTP)\Outils système\Planificateur de tâches\Bibliothèque du Planificateur de tâches],IT,2021-10-26,09:49:18,00:00:04
stefano.crapanzano@chu.ulg.ac.be,console_erpftp - [Racine de la console\Gestion de l’ordinateur (ERPFTP)\Outils système\Planificateur de tâches\Bibliothèque du Planificateur de tâches],IT,2021-10-26,09:49:23,00:00:09
stefano.crapanzano@chu.ulg.ac.be,console_erpftp - [Racine de la console\Gestion de l’ordinateur (ERPFTP)\Outils système\Planificateur de tâches\Bibliothèque du Planificateur de tâches],IT,2021-10-26,09:49:59,00:00:03
stefano.crapanzano@chu.ulg.ac.be,console_erpftp - [Racine de la console\Gestion de l’ordinateur (ERPFTP)\Outils système\Planificateur de tâches\Bibliothèque du Planificateur de tâches],IT,2021-10-26,09:51:08,00:00:25
stefano.crapanzano@chu.ulg.ac.be,console_erpftp - [Racine de la console\Gestion de l’ordinateur (ERPFTP)\Outils système\Planificateur de tâches\Bibliothèque du Planificateur de tâches],IT,2021-10-26,09:52:12,00:00:13
stefano.crapanzano@chu.ulg.ac.be,console_erpftp - [Racine de la console\Gestion de l’ordinateur (ERPFTP)\Outils système\Planificateur de tâches\Bibliothèque du Planificateur de tâches],IT,2021-10-26,09:56:51,00:00:14
stefano.crapanzano@chu.ulg.ac.be,console_erpftp - [Racine de la console\Gestion de l’ordinateur (ERPFTP)\Outils système\Planificateur de tâches\Bibliothèque du Planificateur de tâches],IT,2021-10-26,09:57:07,00:00:59
stefano.crapanzano@chu.ulg.ac.be,console_erpftp - [Racine de la console\Gestion de l’ordinateur (ERPFTP)\Outils système\Planificateur de tâches\Bibliothèque du Planificateur de tâches],IT,2021-10-26,09:58:17,00:00:02
stefano.crapanzano@chu.ulg.ac.be,console_erpftp - [Racine de la console\Gestion de l’ordinateur (ERPFTP)\Outils système\Planificateur de tâches\Bibliothèque du Planificateur de tâches],IT,2021-10-26,09:58:34,00:00:10
stefano.crapanzano@chu.ulg.ac.be,console_erpftp - [Racine de la console\Gestion de l’ordinateur (ERPFTP)\Outils système\Planificateur de tâches\Bibliothèque du Planificateur de tâches],IT,2021-10-26,10:02:08,00:00:21
stefano.crapanzano@chu.ulg.ac.be,console_erpftp - [Racine de la console\Gestion de l’ordinateur (ERPFTP)\Outils système\Planificateur de tâches\Bibliothèque du Planificateur de tâches],IT,2021-10-26,10:03:52,00:00:12
stefano.crapanzano@chu.ulg.ac.be,console_erpftp - [Racine de la console\Gestion de l’ordinateur (ERPFTP)\Outils système\Planificateur de tâches\Bibliothèque du Planificateur de tâches],IT,2021-10-26,10:04:49,00:00:02
stefano.crapanzano@chu.ulg.ac.be,console_erpftp - [Racine de la console\Gestion de l’ordinateur (ERPFTP)\Outils système\Planificateur de tâches\Bibliothèque du Planificateur de tâches],IT,2021-10-26,10:14:47,00:00:03
stefano.crapanzano@chu.ulg.ac.be,console_erpftp - [Racine de la console\Gestion de l’ordinateur (ERPFTP)\Outils système\Planificateur de tâches\Bibliothèque du Planificateur de tâches],IT,2021-10-26,10:15:41,00:00:10
stefano.crapanzano@chu.ulg.ac.be,console_erpftp - [Racine de la console\Gestion de l’ordinateur (ERPFTP)\Outils système\Planificateur de tâches\Bibliothèque du Planificateur de tâches],IT,2021-10-26,10:18:54,00:00:12
stefano.crapanzano@chu.ulg.ac.be,\\ERPFTP.st.chulg\ERP\Log\SAP203-WfOutput-VENDOR_KOFAX-ArcoMasterdata-ADDRESS.log - Notepad++ [Administrator],IT,2021-10-26,09:48:47,00:00:28
stefano.crapanzano@chu.ulg.ac.be,\\ERPFTP.st.chulg\ERP\Log\SAP203-WfOutput-VENDOR_KOFAX-ArcoMasterdata-ADDRESS.log - Notepad++ [Administrator],IT,2021-10-26,09:49:33,00:00:25
stefano.crapanzano@chu.ulg.ac.be,\\ERPFTP.st.chulg\ERP\Log\SAP203-WfOutput-VENDOR_KOFAX-ArcoMasterdata-ADDRESS.log - Notepad++ [Administrator],IT,2021-10-26,09:50:21,00:00:08
stefano.crapanzano@chu.ulg.ac.be,\\ERPFTP.st.chulg\ERP\Log\SAP203-WfOutput-VENDOR_KOFAX-ArcoMasterdata-ADDRESS.log - Notepad++ [Administrator],IT,2021-10-26,09:52:41,00:00:16
stefano.crapanzano@chu.ulg.ac.be,Propriétés de SAP203-WfOutput-VENDOR_KOFAX-ArcoMasterdata-ADDRESS (erpftp),IT,2021-10-26,09:58:06,00:00:10
stefano.crapanzano@chu.ulg.ac.be,si-s-serv533 - Netop Remote Control,Helpdesk général,2021-10-26,10:02:50,00:01:00
stefano.crapanzano@chu.ulg.ac.be,REAPPRO_PDA - erp.sai@chuliege.be - Mozilla Thunderbird,Helpdesk général,2021-10-26,10:04:13,00:00:33
stefano.crapanzano@chu.ulg.ac.be,Demandes - Service d'assistance - Google Chrome,Tâches diverses,2021-10-26,10:06:01,00:00:04
stefano.crapanzano@chu.ulg.ac.be,Demandes - Service d'assistance - Google Chrome,Tâches diverses,2021-10-26,11:47:11,00:00:28
stefano.crapanzano@chu.ulg.ac.be,Demandes - Service d'assistance - Google Chrome,Tâches diverses,2021-10-26,11:47:45,00:00:13
stefano.crapanzano@chu.ulg.ac.be,Demandes - Service d'assistance - Google Chrome,Tâches diverses,2021-10-26,11:48:05,00:03:18
stefano.crapanzano@chu.ulg.ac.be,Service MT - Google Chrome,Tâches diverses,2021-10-26,10:06:06,00:00:02
stefano.crapanzano@chu.ulg.ac.be,Service MT - Google Chrome,Tâches diverses,2021-10-26,10:06:27,00:00:25
stefano.crapanzano@chu.ulg.ac.be,Service MT - Google Chrome,Tâches diverses,2021-10-26,12:38:23,00:01:28
stefano.crapanzano@chu.ulg.ac.be,Service MT - Google Chrome,Tâches diverses,2021-10-26,13:13:48,00:00:12
stefano.crapanzano@chu.ulg.ac.be,Service MT - Google Chrome,Tâches diverses,2021-10-26,15:47:38,00:00:50
stefano.crapanzano@chu.ulg.ac.be,Service MT - Google Chrome,Tâches diverses,2021-10-26,16:06:42,00:00:13
stefano.crapanzano@chu.ulg.ac.be,Identification - Google Chrome,Tâches diverses,2021-10-26,10:06:20,00:00:05
stefano.crapanzano@chu.ulg.ac.be,POST data - Google Chrome,Tâches diverses,2021-10-26,10:20:27,00:00:02
stefano.crapanzano@chu.ulg.ac.be,TESTS FLUX SSP - Imputation d'une DA pour un WOAR en K au lieu du T - Xperthis ERP4HC 2.0 Rollout - Service d'assistance - Google Chrome,Tâches diverses,2021-10-26,10:08:20,00:00:22
stefano.crapanzano@chu.ulg.ac.be,TESTS FLUX SSP - Imputation d'une DA pour un WOAR en K au lieu du T - Xperthis ERP4HC 2.0 Rollout - Service d'assistance - Google Chrome,Tâches diverses,2021-10-26,10:08:47,00:00:07
stefano.crapanzano@chu.ulg.ac.be,TESTS FLUX SSP - Imputation d'une DA pour un WOAR en K au lieu du T - Xperthis ERP4HC 2.0 Rollout - Service d'assistance - Google Chrome,Tâches diverses,2021-10-26,10:09:01,00:01:16
stefano.crapanzano@chu.ulg.ac.be,TESTS FLUX SSP - Imputation d'une DA pour un WOAR en K au lieu du T - Xperthis ERP4HC 2.0 Rollout - Service d'assistance - Google Chrome,Tâches diverses,2021-10-26,10:10:23,00:00:24
stefano.crapanzano@chu.ulg.ac.be,TESTS FLUX SSP - Imputation d'une DA pour un WOAR en K au lieu du T - Xperthis ERP4HC 2.0 Rollout - Service d'assistance - Google Chrome,Tâches diverses,2021-10-26,10:20:22,00:00:02
stefano.crapanzano@chu.ulg.ac.be,feindel - Mozilla Thunderbird,Helpdesk général,2021-10-26,10:12:46,00:00:06
stefano.crapanzano@chu.ulg.ac.be,AW: Migration connecteur Kardex S4H Acceptance - Mozilla Thunderbird,Helpdesk général,2021-10-26,10:12:52,00:00:14
stefano.crapanzano@chu.ulg.ac.be,AW: Migration connecteur Kardex S4H Acceptance - Mozilla Thunderbird,Helpdesk général,2021-10-26,10:18:48,00:00:02
stefano.crapanzano@chu.ulg.ac.be,dsl-wx-0064 - Lecture des enregistrements,Helpdesk général,2021-10-26,10:13:41,00:00:13
stefano.crapanzano@chu.ulg.ac.be,dsl-wx-0064 - Lecture des enregistrements,Helpdesk général,2021-10-26,10:14:08,00:00:18
stefano.crapanzano@chu.ulg.ac.be,dsl-wx-0064 - Lecture des enregistrements,Helpdesk général,2021-10-26,10:19:10,00:01:11
stefano.crapanzano@chu.ulg.ac.be,dsl-wx-0064 - Lecture des enregistrements,Helpdesk général,2021-10-26,10:26:43,00:00:16
stefano.crapanzano@chu.ulg.ac.be,dsl-wx-0064 - Lecture des enregistrements,Helpdesk général,2021-10-26,10:27:25,00:00:32
stefano.crapanzano@chu.ulg.ac.be,dsl-wx-0064 - Lecture des enregistrements,Helpdesk général,2021-10-26,10:28:31,00:00:04
stefano.crapanzano@chu.ulg.ac.be,dsl-wx-0064 - Lecture des enregistrements,Helpdesk général,2021-10-26,10:28:52,00:00:21
stefano.crapanzano@chu.ulg.ac.be,dsl-wx-0064 - Lecture des enregistrements,Helpdesk général,2021-10-26,10:29:31,00:00:02
stefano.crapanzano@chu.ulg.ac.be,dsl-wx-0064 - Lecture des enregistrements,Tâches diverses,2021-10-26,10:30:02,00:00:02
stefano.crapanzano@chu.ulg.ac.be,dsl-wx-0064 - Lecture des enregistrements,Helpdesk général,2021-10-26,10:30:26,00:00:08
stefano.crapanzano@chu.ulg.ac.be,dsl-wx-0064 - Lecture des enregistrements,Helpdesk général,2021-10-26,10:30:42,00:00:21
stefano.crapanzano@chu.ulg.ac.be,dsl-wx-0064 - Lecture des enregistrements,Helpdesk général,2021-10-26,10:31:06,00:00:10
stefano.crapanzano@chu.ulg.ac.be,dsl-wx-0064 - Lecture des enregistrements,Helpdesk général,2021-10-26,10:31:30,00:00:02
stefano.crapanzano@chu.ulg.ac.be,dsl-wx-0064 - Lecture des enregistrements,Helpdesk général,2021-10-26,10:31:54,00:00:52
stefano.crapanzano@chu.ulg.ac.be,dsl-wx-0064 - Lecture des enregistrements,Helpdesk général,2021-10-26,10:33:32,00:00:04
stefano.crapanzano@chu.ulg.ac.be,dsl-wx-0064 - Lecture des enregistrements,Helpdesk général,2021-10-26,10:33:53,00:00:02
stefano.crapanzano@chu.ulg.ac.be,dsl-wx-0064 - Lecture des enregistrements,Helpdesk général,2021-10-26,10:34:09,00:00:18
stefano.crapanzano@chu.ulg.ac.be,dsl-wx-0064 - Lecture des enregistrements,Helpdesk général,2021-10-26,10:34:38,00:00:10
stefano.crapanzano@chu.ulg.ac.be,dsl-wx-0064 - Lecture des enregistrements,Helpdesk général,2021-10-26,10:35:17,00:00:27
stefano.crapanzano@chu.ulg.ac.be,dsl-wx-0064 - Lecture des enregistrements,Tâches diverses,2021-10-26,10:35:49,00:00:10
stefano.crapanzano@chu.ulg.ac.be,dsl-wx-0064 - Lecture des enregistrements,Helpdesk général,2021-10-26,10:36:26,00:00:06
stefano.crapanzano@chu.ulg.ac.be,dsl-wx-0064 - Lecture des enregistrements,Helpdesk général,2021-10-26,10:37:02,00:00:05
stefano.crapanzano@chu.ulg.ac.be,dsl-wx-0064 - Lecture des enregistrements,Helpdesk général,2021-10-26,10:37:21,00:00:02
stefano.crapanzano@chu.ulg.ac.be,dsl-wx-0064 - Lecture des enregistrements,Helpdesk général,2021-10-26,10:37:54,00:00:59
stefano.crapanzano@chu.ulg.ac.be,dsl-wx-0064 - Lecture des enregistrements,Helpdesk général,2021-10-26,10:39:07,00:00:02
stefano.crapanzano@chu.ulg.ac.be,dsl-wx-0064 - Lecture des enregistrements,Helpdesk général,2021-10-26,10:39:19,00:00:02
stefano.crapanzano@chu.ulg.ac.be,dsl-wx-0064 - Lecture des enregistrements,Tâches diverses,2021-10-26,10:39:26,00:00:49
stefano.crapanzano@chu.ulg.ac.be,dsl-wx-0064 - Lecture des enregistrements,Helpdesk général,2021-10-26,10:40:21,00:00:02
stefano.crapanzano@chu.ulg.ac.be,dsl-wx-0064 - Lecture des enregistrements,Helpdesk général,2021-10-26,10:40:45,00:01:53
stefano.crapanzano@chu.ulg.ac.be,dsl-wx-0064 - Lecture des enregistrements,Helpdesk général,2021-10-26,10:42:52,00:00:17
stefano.crapanzano@chu.ulg.ac.be,dsl-wx-0064 - Lecture des enregistrements,Helpdesk général,2021-10-26,10:43:39,00:00:03
stefano.crapanzano@chu.ulg.ac.be,dsl-wx-0064 - Lecture des enregistrements,Helpdesk général,2021-10-26,10:44:46,00:00:24
stefano.crapanzano@chu.ulg.ac.be,dsl-wx-0064 - Lecture des enregistrements,Helpdesk général,2021-10-26,10:46:19,00:00:02
stefano.crapanzano@chu.ulg.ac.be,dsl-wx-0064 - Lecture des enregistrements,Helpdesk général,2021-10-26,10:46:45,00:00:05
stefano.crapanzano@chu.ulg.ac.be,dsl-wx-0064 - Lecture des enregistrements,Helpdesk général,2021-10-26,10:47:13,00:00:07
stefano.crapanzano@chu.ulg.ac.be,dsl-wx-0064 - Lecture des enregistrements,Exploration SAP,2021-10-26,10:47:29,00:00:04
stefano.crapanzano@chu.ulg.ac.be,dsl-wx-0064 - Lecture des enregistrements,Helpdesk général,2021-10-26,10:47:53,00:00:09
stefano.crapanzano@chu.ulg.ac.be,dsl-wx-0064 - Lecture des enregistrements,Helpdesk général,2021-10-26,10:48:07,00:00:04
stefano.crapanzano@chu.ulg.ac.be,dsl-wx-0064 - Lecture des enregistrements,Helpdesk général,2021-10-26,10:49:00,00:00:06
stefano.crapanzano@chu.ulg.ac.be,dsl-wx-0064 - Lecture des enregistrements,Tâches diverses,2021-10-26,10:49:16,00:02:35
stefano.crapanzano@chu.ulg.ac.be,dsl-wx-0064 - Lecture des enregistrements,Helpdesk général,2021-10-26,10:52:50,00:01:25
stefano.crapanzano@chu.ulg.ac.be,dsl-wx-0064 - Lecture des enregistrements,Helpdesk général,2021-10-26,10:54:43,00:00:56
stefano.crapanzano@chu.ulg.ac.be,dsl-wx-0064 - Lecture des enregistrements,Helpdesk général,2021-10-26,10:59:29,00:00:10
stefano.crapanzano@chu.ulg.ac.be,dsl-wx-0064 - Lecture des enregistrements,Helpdesk général,2021-10-26,10:59:57,00:00:14
stefano.crapanzano@chu.ulg.ac.be,dsl-wx-0064 - Lecture des enregistrements,Helpdesk général,2021-10-26,11:00:37,00:00:12
stefano.crapanzano@chu.ulg.ac.be,dsl-wx-0064 - Lecture des enregistrements,Helpdesk général,2021-10-26,11:01:07,00:00:20
stefano.crapanzano@chu.ulg.ac.be,dsl-wx-0064 - Lecture des enregistrements,Helpdesk général,2021-10-26,11:01:32,00:00:06
stefano.crapanzano@chu.ulg.ac.be,dsl-wx-0064 - Lecture des enregistrements,Helpdesk général,2021-10-26,11:01:44,00:00:12
stefano.crapanzano@chu.ulg.ac.be,dsl-wx-0064 - Lecture des enregistrements,Helpdesk général,2021-10-26,11:02:14,00:00:06
stefano.crapanzano@chu.ulg.ac.be,dsl-wx-0064 - Lecture des enregistrements,Tâches diverses,2021-10-26,11:02:36,00:00:17
stefano.crapanzano@chu.ulg.ac.be,dsl-wx-0064 - Lecture des enregistrements,Helpdesk général,2021-10-26,11:03:40,00:00:33
stefano.crapanzano@chu.ulg.ac.be,dsl-wx-0064 - Lecture des enregistrements,Helpdesk général,2021-10-26,11:04:23,00:00:31
stefano.crapanzano@chu.ulg.ac.be,dsl-wx-0064 - Lecture des enregistrements,Helpdesk général,2021-10-26,11:05:15,00:00:05
stefano.crapanzano@chu.ulg.ac.be,dsl-wx-0064 - Lecture des enregistrements,Helpdesk général,2021-10-26,11:05:30,00:00:21
stefano.crapanzano@chu.ulg.ac.be,dsl-wx-0064 - Lecture des enregistrements,Helpdesk général,2021-10-26,11:06:41,00:00:06
stefano.crapanzano@chu.ulg.ac.be,dsl-wx-0064 - Lecture des enregistrements,Helpdesk général,2021-10-26,11:06:56,00:00:05
stefano.crapanzano@chu.ulg.ac.be,dsl-wx-0064 - Lecture des enregistrements,Helpdesk général,2021-10-26,11:07:22,00:00:52
stefano.crapanzano@chu.ulg.ac.be,dsl-wx-0064 - Lecture des enregistrements,Helpdesk général,2021-10-26,11:08:23,00:00:59
stefano.crapanzano@chu.ulg.ac.be,dsl-wx-0064 - Lecture des enregistrements,Helpdesk général,2021-10-26,11:22:23,00:00:02
stefano.crapanzano@chu.ulg.ac.be,dsl-wx-0064 - Lecture des enregistrements,Helpdesk général,2021-10-26,11:32:09,00:00:10
stefano.crapanzano@chu.ulg.ac.be,dsl-wx-0064 - Lecture des enregistrements,Helpdesk général,2021-10-26,12:04:06,00:01:45
stefano.crapanzano@chu.ulg.ac.be,dsl-wx-0064 - Lecture des enregistrements,Helpdesk général,2021-10-26,12:06:57,00:00:02
stefano.crapanzano@chu.ulg.ac.be,dsl-wx-0064 - Lecture des enregistrements,Helpdesk général,2021-10-26,12:10:14,00:06:50
stefano.crapanzano@chu.ulg.ac.be,dsl-wx-0064 - Lecture des enregistrements,Helpdesk général,2021-10-26,12:40:13,00:00:44
stefano.crapanzano@chu.ulg.ac.be,dsl-wx-0064 - Lecture des enregistrements,Helpdesk général,2021-10-26,12:42:35,00:00:18
stefano.crapanzano@chu.ulg.ac.be,dsl-wx-0064 - Lecture des enregistrements,Helpdesk général,2021-10-26,12:51:56,00:00:25
stefano.crapanzano@chu.ulg.ac.be,dsl-wx-0064 - Lecture des enregistrements,Helpdesk général,2021-10-26,13:07:41,00:01:09
stefano.crapanzano@chu.ulg.ac.be,dsl-wx-0064 - Lecture des enregistrements,Helpdesk général,2021-10-26,13:10:48,00:00:49
stefano.crapanzano@chu.ulg.ac.be,dsl-wx-0064 - Lecture des enregistrements,Helpdesk général,2021-10-26,13:11:51,00:00:10
stefano.crapanzano@chu.ulg.ac.be,dsl-wx-0064 - Lecture des enregistrements,Helpdesk général,2021-10-26,13:12:34,00:00:28
stefano.crapanzano@chu.ulg.ac.be,dsl-wx-0064 - Lecture des enregistrements,Helpdesk général,2021-10-26,13:15:46,00:00:02
stefano.crapanzano@chu.ulg.ac.be,dsl-wx-0064 - Lecture des enregistrements,Tâches diverses,2021-10-26,13:15:59,00:02:38
stefano.crapanzano@chu.ulg.ac.be,dsl-wx-0064 - Lecture des enregistrements,Helpdesk général,2021-10-26,13:18:45,00:01:21
stefano.crapanzano@chu.ulg.ac.be,dsl-wx-0064 - Lecture des enregistrements,Helpdesk général,2021-10-26,13:20:57,00:00:05
stefano.crapanzano@chu.ulg.ac.be,dsl-wx-0064 - Lecture des enregistrements,Helpdesk général,2021-10-26,13:21:10,00:00:35
stefano.crapanzano@chu.ulg.ac.be,dsl-wx-0064 - Lecture des enregistrements,Tâches diverses,2021-10-26,13:22:02,00:00:05
stefano.crapanzano@chu.ulg.ac.be,dsl-wx-0064 - Lecture des enregistrements,Helpdesk général,2021-10-26,13:22:30,00:00:02
stefano.crapanzano@chu.ulg.ac.be,dsl-wx-0064 - Lecture des enregistrements,Helpdesk général,2021-10-26,13:23:41,00:04:10
stefano.crapanzano@chu.ulg.ac.be,dsl-wx-0064 - Lecture des enregistrements,Helpdesk général,2021-10-26,13:30:21,00:00:05
stefano.crapanzano@chu.ulg.ac.be,dsl-wx-0064 - Lecture des enregistrements,Helpdesk général,2021-10-26,13:31:27,00:00:24
stefano.crapanzano@chu.ulg.ac.be,dsl-wx-0064 - Lecture des enregistrements,Helpdesk général,2021-10-26,13:31:57,00:24:49
stefano.crapanzano@chu.ulg.ac.be,\\ERPFTP.st.chulg\ERP\Security\KOFAX_FacturesOut_All_SAP203-ApoInpef_ALL.info - Notepad++ [Administrator],IT,2021-10-26,10:18:09,00:00:05
stefano.crapanzano@chu.ulg.ac.be,\\ERPFTP.st.chulg\ERP\Security\KOFAX_FacturesOut_All_SAP203-ApoInpef_ALL.info - Notepad++ [Administrator],IT,2021-10-26,10:18:16,00:00:02
stefano.crapanzano@chu.ulg.ac.be,CHL_ERP_MAIL_MEDNUC_MONITORING - Surveillance des mails envoyés par la Médecine Nucléaire aux fournisseurs via SOST [DokuWiki ERP] - Google Chrome,Tâches diverses,2021-10-26,10:20:25,00:00:02
stefano.crapanzano@chu.ulg.ac.be,ERP-WIKI [DokuWiki ERP] - Google Chrome,Tâches diverses,2021-10-26,10:20:30,00:00:05
stefano.crapanzano@chu.ulg.ac.be,Logistique [DokuWiki ERP] - Google Chrome,Tâches diverses,2021-10-26,10:20:36,00:00:08
stefano.crapanzano@chu.ulg.ac.be,Logistique [DokuWiki ERP] - Google Chrome,Tâches diverses,2021-10-26,10:20:56,00:00:09
stefano.crapanzano@chu.ulg.ac.be,Logistique [DokuWiki ERP] - Google Chrome,Tâches diverses,2021-10-26,10:22:08,00:00:05
stefano.crapanzano@chu.ulg.ac.be,Logistique [DokuWiki ERP] - Google Chrome,Tâches diverses,2021-10-26,10:23:04,00:00:06
stefano.crapanzano@chu.ulg.ac.be,Logistique [DokuWiki ERP] - Google Chrome,Tâches diverses,2021-10-26,10:23:26,00:00:04
stefano.crapanzano@chu.ulg.ac.be,Logistique [DokuWiki ERP] - Google Chrome,Tâches diverses,2021-10-26,10:24:19,00:00:02
stefano.crapanzano@chu.ulg.ac.be,Données serveurs Kardex [DokuWiki ERP] - Google Chrome,Tâches diverses,2021-10-26,10:20:44,00:00:12
stefano.crapanzano@chu.ulg.ac.be,\\si-s-serv993\wiki-erp\data\pages\logistique\Créer_une_nouvelle_connexion_karder.txt - Notepad++ [Administrator],IT,2021-10-26,10:21:43,00:00:04
stefano.crapanzano@chu.ulg.ac.be,*\\si-s-serv993\wiki-erp\data\pages\logistique\Créer_une_nouvelle_connexion_karder.txt - Notepad++ [Administrator],IT,2021-10-26,10:21:47,00:00:09
stefano.crapanzano@chu.ulg.ac.be,\\si-s-serv993\wiki-erp\data\pages\logistique\start.txt - Notepad++ [Administrator],IT,2021-10-26,10:22:49,00:00:02
stefano.crapanzano@chu.ulg.ac.be,\\si-s-serv993\wiki-erp\data\pages\logistique\start.txt - Notepad++ [Administrator],IT,2021-10-26,10:24:32,00:00:02
stefano.crapanzano@chu.ulg.ac.be,logistique:creer_une_nouvelle_connexion_karder [DokuWiki ERP] - Google Chrome,Tâches diverses,2021-10-26,10:22:14,00:00:06
stefano.crapanzano@chu.ulg.ac.be,logistique:creer_une_nouvelle_connexion_karder [DokuWiki ERP] - Google Chrome,Tâches diverses,2021-10-26,10:23:01,00:00:02
stefano.crapanzano@chu.ulg.ac.be,✎ logistique:creer_une_nouvelle_connexion_karder [DokuWiki ERP] - Google Chrome,Tâches diverses,2021-10-26,10:22:24,00:00:05
stefano.crapanzano@chu.ulg.ac.be,\\si-s-serv993\wiki-erp\data\pages\logistique\creer_une_nouvelle_connexion_kardex.txt - Notepad++ [Administrator],IT,2021-10-26,10:23:39,00:00:02
stefano.crapanzano@chu.ulg.ac.be,\\si-s-serv993\wiki-erp\data\pages\logistique\creer_une_nouvelle_connexion_kardex.txt - Notepad++ [Administrator],IT,2021-10-26,10:24:35,00:00:02
stefano.crapanzano@chu.ulg.ac.be,Conserver un fichier non existant,IT,2021-10-26,10:23:33,00:00:02
stefano.crapanzano@chu.ulg.ac.be,*\\si-s-serv993\wiki-erp\data\pages\logistique\creer_une_nouvelle_connexion_kardex.txt - Notepad++ [Administrator],IT,2021-10-26,10:23:48,00:00:17
stefano.crapanzano@chu.ulg.ac.be,*\\si-s-serv993\wiki-erp\data\pages\logistique\creer_une_nouvelle_connexion_kardex.txt - Notepad++ [Administrator],IT,2021-10-26,10:24:38,00:00:12
stefano.crapanzano@chu.ulg.ac.be,Créer une nouvelle connexion kardex [DokuWiki ERP] - Google Chrome,Tâches diverses,2021-10-26,10:24:22,00:00:05
stefano.crapanzano@chu.ulg.ac.be,Créer une nouvelle connexion kardex [DokuWiki ERP] - Google Chrome,Tâches diverses,2021-10-26,10:24:51,00:00:04
stefano.crapanzano@chu.ulg.ac.be,Créer une nouvelle connexion kardex [DokuWiki ERP] - Google Chrome,Tâches diverses,2021-10-26,10:59:46,00:00:05
stefano.crapanzano@chu.ulg.ac.be,Créer une nouvelle connexion kardex [DokuWiki ERP] - Google Chrome,Tâches diverses,2021-10-26,11:46:47,00:00:20
stefano.crapanzano@chu.ulg.ac.be,Créer une nouvelle connexion kardex [DokuWiki ERP] - Google Chrome,Tâches diverses,2021-10-26,12:52:56,00:00:08
stefano.crapanzano@chu.ulg.ac.be,Créer une nouvelle connexion kardex [DokuWiki ERP] - Google Chrome,Tâches diverses,2021-10-26,12:53:05,00:00:47
stefano.crapanzano@chu.ulg.ac.be,Créer une nouvelle connexion kardex [DokuWiki ERP] - Google Chrome,Helpdesk général,2021-10-26,13:11:37,00:00:04
stefano.crapanzano@chu.ulg.ac.be,Créer une nouvelle connexion kardex [DokuWiki ERP] - Google Chrome,Tâches diverses,2021-10-26,13:31:17,00:00:09
stefano.crapanzano@chu.ulg.ac.be,Créer une nouvelle connexion kardex [DokuWiki ERP] - Google Chrome,Helpdesk général,2021-10-26,13:31:51,00:00:02
stefano.crapanzano@chu.ulg.ac.be,Créer une nouvelle connexion kardex [DokuWiki ERP] - Google Chrome,Tâches diverses,2021-10-26,13:56:56,00:00:02
stefano.crapanzano@chu.ulg.ac.be,Créer une nouvelle connexion kardex [DokuWiki ERP] - Google Chrome,Helpdesk général,2021-10-26,14:45:38,00:05:58
stefano.crapanzano@chu.ulg.ac.be,Créer une nouvelle connexion kardex [DokuWiki ERP] - Google Chrome,Tâches diverses,2021-10-26,15:28:06,00:00:23
stefano.crapanzano@chu.ulg.ac.be,Créer une nouvelle connexion kardex [DokuWiki ERP] - Google Chrome,Tâches diverses,2021-10-26,15:34:19,00:03:06
stefano.crapanzano@chu.ulg.ac.be,Créer une nouvelle connexion kardex [DokuWiki ERP] - Google Chrome,Tâches diverses,2021-10-26,15:41:32,00:01:41
stefano.crapanzano@chu.ulg.ac.be,✎ Créer une nouvelle connexion kardex [DokuWiki ERP] - Google Chrome,Tâches diverses,2021-10-26,10:24:55,00:00:28
stefano.crapanzano@chu.ulg.ac.be,✎ Créer une nouvelle connexion kardex [DokuWiki ERP] - Google Chrome,Tâches diverses,2021-10-26,10:25:28,00:00:18
stefano.crapanzano@chu.ulg.ac.be,✎ Créer une nouvelle connexion kardex [DokuWiki ERP] - Google Chrome,Tâches diverses,2021-10-26,10:26:09,00:00:32
stefano.crapanzano@chu.ulg.ac.be,✎ Créer une nouvelle connexion kardex [DokuWiki ERP] - Google Chrome,Tâches diverses,2021-10-26,10:27:02,00:00:21
stefano.crapanzano@chu.ulg.ac.be,✎ Créer une nouvelle connexion kardex [DokuWiki ERP] - Google Chrome,Tâches diverses,2021-10-26,10:28:00,00:00:24
stefano.crapanzano@chu.ulg.ac.be,✎ Créer une nouvelle connexion kardex [DokuWiki ERP] - Google Chrome,Helpdesk général,2021-10-26,10:28:26,00:00:05
stefano.crapanzano@chu.ulg.ac.be,✎ Créer une nouvelle connexion kardex [DokuWiki ERP] - Google Chrome,Tâches diverses,2021-10-26,10:28:35,00:00:16
stefano.crapanzano@chu.ulg.ac.be,✎ Créer une nouvelle connexion kardex [DokuWiki ERP] - Google Chrome,Tâches diverses,2021-10-26,10:29:15,00:00:16
stefano.crapanzano@chu.ulg.ac.be,✎ Créer une nouvelle connexion kardex [DokuWiki ERP] - Google Chrome,Tâches diverses,2021-10-26,10:29:34,00:00:28
stefano.crapanzano@chu.ulg.ac.be,✎ Créer une nouvelle connexion kardex [DokuWiki ERP] - Google Chrome,Tâches diverses,2021-10-26,10:30:05,00:00:21
stefano.crapanzano@chu.ulg.ac.be,✎ Créer une nouvelle connexion kardex [DokuWiki ERP] - Google Chrome,Tâches diverses,2021-10-26,10:30:37,00:00:05
stefano.crapanzano@chu.ulg.ac.be,✎ Créer une nouvelle connexion kardex [DokuWiki ERP] - Google Chrome,Tâches diverses,2021-10-26,10:31:18,00:00:12
stefano.crapanzano@chu.ulg.ac.be,✎ Créer une nouvelle connexion kardex [DokuWiki ERP] - Google Chrome,Tâches diverses,2021-10-26,10:31:32,00:00:20
stefano.crapanzano@chu.ulg.ac.be,✎ Créer une nouvelle connexion kardex [DokuWiki ERP] - Google Chrome,Tâches diverses,2021-10-26,10:32:48,00:00:23
stefano.crapanzano@chu.ulg.ac.be,✎ Créer une nouvelle connexion kardex [DokuWiki ERP] - Google Chrome,Tâches diverses,2021-10-26,10:33:14,00:00:17
stefano.crapanzano@chu.ulg.ac.be,✎ Créer une nouvelle connexion kardex [DokuWiki ERP] - Google Chrome,Tâches diverses,2021-10-26,10:33:36,00:00:17
stefano.crapanzano@chu.ulg.ac.be,✎ Créer une nouvelle connexion kardex [DokuWiki ERP] - Google Chrome,Tâches diverses,2021-10-26,10:33:57,00:00:12
stefano.crapanzano@chu.ulg.ac.be,✎ Créer une nouvelle connexion kardex [DokuWiki ERP] - Google Chrome,Tâches diverses,2021-10-26,10:34:28,00:00:09
stefano.crapanzano@chu.ulg.ac.be,✎ Créer une nouvelle connexion kardex [DokuWiki ERP] - Google Chrome,Tâches diverses,2021-10-26,10:34:49,00:00:28
stefano.crapanzano@chu.ulg.ac.be,✎ Créer une nouvelle connexion kardex [DokuWiki ERP] - Google Chrome,Tâches diverses,2021-10-26,10:35:44,00:00:05
stefano.crapanzano@chu.ulg.ac.be,✎ Créer une nouvelle connexion kardex [DokuWiki ERP] - Google Chrome,Tâches diverses,2021-10-26,10:36:00,00:00:25
stefano.crapanzano@chu.ulg.ac.be,✎ Créer une nouvelle connexion kardex [DokuWiki ERP] - Google Chrome,Tâches diverses,2021-10-26,10:36:52,00:00:08
stefano.crapanzano@chu.ulg.ac.be,✎ Créer une nouvelle connexion kardex [DokuWiki ERP] - Google Chrome,Tâches diverses,2021-10-26,10:37:24,00:00:28
stefano.crapanzano@chu.ulg.ac.be,✎ Créer une nouvelle connexion kardex [DokuWiki ERP] - Google Chrome,Tâches diverses,2021-10-26,10:38:55,00:00:12
stefano.crapanzano@chu.ulg.ac.be,✎ Créer une nouvelle connexion kardex [DokuWiki ERP] - Google Chrome,Tâches diverses,2021-10-26,10:39:11,00:00:08
stefano.crapanzano@chu.ulg.ac.be,✎ Créer une nouvelle connexion kardex [DokuWiki ERP] - Google Chrome,Tâches diverses,2021-10-26,10:39:22,00:00:04
stefano.crapanzano@chu.ulg.ac.be,✎ Créer une nouvelle connexion kardex [DokuWiki ERP] - Google Chrome,Tâches diverses,2021-10-26,10:40:17,00:00:02
stefano.crapanzano@chu.ulg.ac.be,✎ Créer une nouvelle connexion kardex [DokuWiki ERP] - Google Chrome,Tâches diverses,2021-10-26,10:40:26,00:00:17
stefano.crapanzano@chu.ulg.ac.be,✎ Créer une nouvelle connexion kardex [DokuWiki ERP] - Google Chrome,Tâches diverses,2021-10-26,10:42:42,00:00:10
stefano.crapanzano@chu.ulg.ac.be,✎ Créer une nouvelle connexion kardex [DokuWiki ERP] - Google Chrome,Tâches diverses,2021-10-26,10:43:20,00:00:16
stefano.crapanzano@chu.ulg.ac.be,✎ Créer une nouvelle connexion kardex [DokuWiki ERP] - Google Chrome,Tâches diverses,2021-10-26,10:43:43,00:01:03
stefano.crapanzano@chu.ulg.ac.be,✎ Créer une nouvelle connexion kardex [DokuWiki ERP] - Google Chrome,Tâches diverses,2021-10-26,10:45:29,00:00:04
stefano.crapanzano@chu.ulg.ac.be,✎ Créer une nouvelle connexion kardex [DokuWiki ERP] - Google Chrome,Tâches diverses,2021-10-26,10:46:23,00:00:21
stefano.crapanzano@chu.ulg.ac.be,✎ Créer une nouvelle connexion kardex [DokuWiki ERP] - Google Chrome,Helpdesk général,2021-10-26,10:46:50,00:00:17
stefano.crapanzano@chu.ulg.ac.be,✎ Créer une nouvelle connexion kardex [DokuWiki ERP] - Google Chrome,Tâches diverses,2021-10-26,10:48:32,00:00:18
stefano.crapanzano@chu.ulg.ac.be,✎ Créer une nouvelle connexion kardex [DokuWiki ERP] - Google Chrome,Tâches diverses,2021-10-26,10:48:53,00:00:06
stefano.crapanzano@chu.ulg.ac.be,✎ Créer une nouvelle connexion kardex [DokuWiki ERP] - Google Chrome,Tâches diverses,2021-10-26,10:49:07,00:00:09
stefano.crapanzano@chu.ulg.ac.be,✎ Créer une nouvelle connexion kardex [DokuWiki ERP] - Google Chrome,Tâches diverses,2021-10-26,10:51:51,00:00:58
stefano.crapanzano@chu.ulg.ac.be,✎ Créer une nouvelle connexion kardex [DokuWiki ERP] - Google Chrome,Tâches diverses,2021-10-26,10:54:15,00:00:28
stefano.crapanzano@chu.ulg.ac.be,✎ Créer une nouvelle connexion kardex [DokuWiki ERP] - Google Chrome,Tâches diverses,2021-10-26,10:55:40,00:00:23
stefano.crapanzano@chu.ulg.ac.be,✎ Créer une nouvelle connexion kardex [DokuWiki ERP] - Google Chrome,Tâches diverses,2021-10-26,10:59:41,00:00:05
stefano.crapanzano@chu.ulg.ac.be,✎ Créer une nouvelle connexion kardex [DokuWiki ERP] - Google Chrome,Tâches diverses,2021-10-26,10:59:52,00:00:05
stefano.crapanzano@chu.ulg.ac.be,✎ Créer une nouvelle connexion kardex [DokuWiki ERP] - Google Chrome,Tâches diverses,2021-10-26,11:00:12,00:00:25
stefano.crapanzano@chu.ulg.ac.be,✎ Créer une nouvelle connexion kardex [DokuWiki ERP] - Google Chrome,Helpdesk général,2021-10-26,11:00:50,00:00:17
stefano.crapanzano@chu.ulg.ac.be,✎ Créer une nouvelle connexion kardex [DokuWiki ERP] - Google Chrome,Tâches diverses,2021-10-26,11:01:28,00:00:04
stefano.crapanzano@chu.ulg.ac.be,✎ Créer une nouvelle connexion kardex [DokuWiki ERP] - Google Chrome,Tâches diverses,2021-10-26,11:01:39,00:00:05
stefano.crapanzano@chu.ulg.ac.be,✎ Créer une nouvelle connexion kardex [DokuWiki ERP] - Google Chrome,Tâches diverses,2021-10-26,11:01:56,00:00:17
stefano.crapanzano@chu.ulg.ac.be,✎ Créer une nouvelle connexion kardex [DokuWiki ERP] - Google Chrome,Helpdesk général,2021-10-26,11:02:21,00:00:14
stefano.crapanzano@chu.ulg.ac.be,✎ Créer une nouvelle connexion kardex [DokuWiki ERP] - Google Chrome,Tâches diverses,2021-10-26,11:02:53,00:00:46
stefano.crapanzano@chu.ulg.ac.be,✎ Créer une nouvelle connexion kardex [DokuWiki ERP] - Google Chrome,Tâches diverses,2021-10-26,11:04:14,00:00:09
stefano.crapanzano@chu.ulg.ac.be,✎ Créer une nouvelle connexion kardex [DokuWiki ERP] - Google Chrome,Tâches diverses,2021-10-26,11:04:54,00:00:20
stefano.crapanzano@chu.ulg.ac.be,✎ Créer une nouvelle connexion kardex [DokuWiki ERP] - Google Chrome,Tâches diverses,2021-10-26,11:05:20,00:00:09
stefano.crapanzano@chu.ulg.ac.be,✎ Créer une nouvelle connexion kardex [DokuWiki ERP] - Google Chrome,Tâches diverses,2021-10-26,11:05:51,00:00:50
stefano.crapanzano@chu.ulg.ac.be,✎ Créer une nouvelle connexion kardex [DokuWiki ERP] - Google Chrome,Tâches diverses,2021-10-26,11:06:48,00:00:08
stefano.crapanzano@chu.ulg.ac.be,✎ Créer une nouvelle connexion kardex [DokuWiki ERP] - Google Chrome,Helpdesk général,2021-10-26,11:07:02,00:00:02
stefano.crapanzano@chu.ulg.ac.be,✎ Créer une nouvelle connexion kardex [DokuWiki ERP] - Google Chrome,Tâches diverses,2021-10-26,11:25:15,00:00:04
stefano.crapanzano@chu.ulg.ac.be,✎ Créer une nouvelle connexion kardex [DokuWiki ERP] - Google Chrome,Tâches diverses,2021-10-26,13:11:41,00:00:09
stefano.crapanzano@chu.ulg.ac.be,✎ Créer une nouvelle connexion kardex [DokuWiki ERP] - Google Chrome,Tâches diverses,2021-10-26,13:13:06,00:00:13
stefano.crapanzano@chu.ulg.ac.be,✎ Créer une nouvelle connexion kardex [DokuWiki ERP] - Google Chrome,Tâches diverses,2021-10-26,13:15:34,00:00:10
stefano.crapanzano@chu.ulg.ac.be,✎ Créer une nouvelle connexion kardex [DokuWiki ERP] - Google Chrome,Tâches diverses,2021-10-26,13:15:54,00:00:04
stefano.crapanzano@chu.ulg.ac.be,✎ Créer une nouvelle connexion kardex [DokuWiki ERP] - Google Chrome,Tâches diverses,2021-10-26,13:18:37,00:00:08
stefano.crapanzano@chu.ulg.ac.be,✎ Créer une nouvelle connexion kardex [DokuWiki ERP] - Google Chrome,Tâches diverses,2021-10-26,13:20:07,00:00:50
stefano.crapanzano@chu.ulg.ac.be,✎ Créer une nouvelle connexion kardex [DokuWiki ERP] - Google Chrome,Tâches diverses,2021-10-26,13:21:03,00:00:06
stefano.crapanzano@chu.ulg.ac.be,✎ Créer une nouvelle connexion kardex [DokuWiki ERP] - Google Chrome,Helpdesk général,2021-10-26,13:21:45,00:00:16
stefano.crapanzano@chu.ulg.ac.be,✎ Créer une nouvelle connexion kardex [DokuWiki ERP] - Google Chrome,Helpdesk général,2021-10-26,13:22:07,00:00:23
stefano.crapanzano@chu.ulg.ac.be,✎ Créer une nouvelle connexion kardex [DokuWiki ERP] - Google Chrome,Helpdesk général,2021-10-26,13:27:51,00:00:35
stefano.crapanzano@chu.ulg.ac.be,✎ Créer une nouvelle connexion kardex [DokuWiki ERP] - Google Chrome,Helpdesk général,2021-10-26,13:29:13,00:01:08
stefano.crapanzano@chu.ulg.ac.be,✎ Créer une nouvelle connexion kardex [DokuWiki ERP] - Google Chrome,Tâches diverses,2021-10-26,13:30:27,00:00:50
stefano.crapanzano@chu.ulg.ac.be,Drive Connector,Exploration SAP,2021-10-26,10:45:56,00:00:14
stefano.crapanzano@chu.ulg.ac.be,Drive Connector,Exploration SAP,2021-10-26,10:46:12,00:00:06
stefano.crapanzano@chu.ulg.ac.be,Drive Connector,Exploration SAP,2021-10-26,10:47:09,00:00:02
stefano.crapanzano@chu.ulg.ac.be,Drive Connector,Exploration SAP,2021-10-26,10:47:34,00:00:06
stefano.crapanzano@chu.ulg.ac.be,Drive Connector,Exploration SAP,2021-10-26,10:47:45,00:00:04
stefano.crapanzano@chu.ulg.ac.be,Drive Connector,Exploration SAP,2021-10-26,10:48:13,00:00:08
stefano.crapanzano@chu.ulg.ac.be,Drive Connector,Exploration SAP,2021-10-26,10:48:24,00:00:06
stefano.crapanzano@chu.ulg.ac.be,Drive Connector,Exploration SAP,2021-10-26,10:48:50,00:00:02
stefano.crapanzano@chu.ulg.ac.be,Drive Connector,Exploration SAP,2021-10-26,11:07:06,00:00:05
stefano.crapanzano@chu.ulg.ac.be,Drive Connector,Exploration SAP,2021-10-26,13:22:40,00:00:19
stefano.crapanzano@chu.ulg.ac.be,Drive Connector,Helpdesk général,2021-10-26,13:23:00,00:00:35
stefano.crapanzano@chu.ulg.ac.be,Drive Connector,Exploration SAP,2021-10-26,13:28:28,00:00:05
stefano.crapanzano@chu.ulg.ac.be,Modifier vue  ?  : synthèse,Exploration SAP,2021-10-26,10:47:49,00:00:04
stefano.crapanzano@chu.ulg.ac.be,Modifier vue  ?  : synthèse,Exploration SAP,2021-10-26,10:48:03,00:00:04
stefano.crapanzano@chu.ulg.ac.be,Modifier vue  ?  : synthèse,Exploration SAP,2021-10-26,10:48:21,00:00:02
stefano.crapanzano@chu.ulg.ac.be,TeamViewer,Helpdesk général,2021-10-26,12:17:04,00:01:39
stefano.crapanzano@chu.ulg.ac.be,TeamViewer,Tâches diverses,2021-10-26,15:28:29,00:00:04
stefano.crapanzano@chu.ulg.ac.be,TeamViewer,Helpdesk général,2021-10-26,15:32:13,00:00:04
stefano.crapanzano@chu.ulg.ac.be,SAP GUI for Windows 760,Exploration SAP,2021-10-26,11:11:14,00:00:02
stefano.crapanzano@chu.ulg.ac.be,SAP GUI for Windows 760,Helpdesk général,2021-10-26,12:42:59,00:00:03
stefano.crapanzano@chu.ulg.ac.be,SAP GUI for Windows 760,Exploration SAP,2021-10-26,12:48:54,00:02:03
stefano.crapanzano@chu.ulg.ac.be,SAP GUI for Windows 760,Exploration SAP,2021-10-26,15:28:33,00:00:02
stefano.crapanzano@chu.ulg.ac.be,LAPTOP-1UMG1VB7 - TeamViewer - Licence gratuite (seulement pour l'utilisation privée),Helpdesk général,2021-10-26,11:22:26,00:01:13
stefano.crapanzano@chu.ulg.ac.be,Nouvel onglet - Google Chrome,Tâches diverses,2021-10-26,11:25:21,00:00:02
stefano.crapanzano@chu.ulg.ac.be,Nouvel onglet - Google Chrome,Tâches diverses,2021-10-26,12:07:01,00:00:08
stefano.crapanzano@chu.ulg.ac.be,SAM-DB - Google Chrome,Tâches diverses,2021-10-26,11:25:24,00:00:24
stefano.crapanzano@chu.ulg.ac.be,SAM-DB - Google Chrome,Tâches diverses,2021-10-26,11:25:58,00:06:11
stefano.crapanzano@chu.ulg.ac.be,SAM-DB - Google Chrome,Helpdesk général,2021-10-26,11:36:07,00:00:04
stefano.crapanzano@chu.ulg.ac.be,SAM-DB - Google Chrome,Tâches diverses,2021-10-26,11:45:54,00:00:53
stefano.crapanzano@chu.ulg.ac.be,Ouvrir,Tâches diverses,2021-10-26,11:25:48,00:00:09
stefano.crapanzano@chu.ulg.ac.be,A03-203 CHU erreur validation donnée A03 - Xperthis ERP4HC 2.0 Rollout - Service d'assistance - Google Chrome,Tâches diverses,2021-10-26,11:47:40,00:00:05
stefano.crapanzano@chu.ulg.ac.be,A03-203 CHU erreur validation des données A03 - FMDERIVER - Xperthis ERP4HC 2.0 Rollout - Service d'assistance - Google Chrome,Tâches diverses,2021-10-26,11:47:59,00:00:05
stefano.crapanzano@chu.ulg.ac.be,Options du programme,Helpdesk général,2021-10-26,12:05:59,00:00:55
stefano.crapanzano@chu.ulg.ac.be,netop show mouse on record - Recherche Google - Google Chrome,Tâches diverses,2021-10-26,12:07:09,00:00:10
stefano.crapanzano@chu.ulg.ac.be,netop show mouse on record - Recherche Google - Google Chrome,Tâches diverses,2021-10-26,12:07:37,00:00:38
stefano.crapanzano@chu.ulg.ac.be,Netop Remote Control - Google Chrome,Tâches diverses,2021-10-26,12:07:22,00:00:14
stefano.crapanzano@chu.ulg.ac.be,netop lecture des enregistrements souris visible - Recherche Google - Google Chrome,Tâches diverses,2021-10-26,12:08:15,00:00:06
stefano.crapanzano@chu.ulg.ac.be,netop lecture des enregistrements souris visible - Recherche Google - Google Chrome,Tâches diverses,2021-10-26,12:08:54,00:00:27
stefano.crapanzano@chu.ulg.ac.be,netop lecture des enregistrements souris visible - Recherche Google - Google Chrome,Tâches diverses,2021-10-26,12:38:18,00:00:05
stefano.crapanzano@chu.ulg.ac.be,netop lecture des enregistrements souris visible - Recherche Google - Google Chrome,Tâches diverses,2021-10-26,12:39:52,00:00:02
stefano.crapanzano@chu.ulg.ac.be,Netop Remote Control Guide de l'utilisateur - Google Chrome,Tâches diverses,2021-10-26,12:08:23,00:00:31
stefano.crapanzano@chu.ulg.ac.be,Envoyés - erp.sai@chuliege.be - Mozilla Thunderbird,Helpdesk général,2021-10-26,12:09:27,00:00:42
stefano.crapanzano@chu.ulg.ac.be,Envoyés - erp.sai@chuliege.be - Mozilla Thunderbird,Helpdesk général,2021-10-26,14:51:42,00:04:54
stefano.crapanzano@chu.ulg.ac.be,Envoyés - erp.sai@chuliege.be - Mozilla Thunderbird,Helpdesk général,2021-10-26,15:05:21,00:00:02
stefano.crapanzano@chu.ulg.ac.be,Envoyés - erp.sai@chuliege.be - Mozilla Thunderbird,Helpdesk général,2021-10-26,15:43:19,00:00:02
stefano.crapanzano@chu.ulg.ac.be,Envoyés - erp.sai@chuliege.be - Mozilla Thunderbird,Helpdesk général,2021-10-26,16:15:58,00:00:02
stefano.crapanzano@chu.ulg.ac.be,Envoyés - erp.sai@chuliege.be - Mozilla Thunderbird,Helpdesk général,2021-10-26,16:27:24,00:00:02
stefano.crapanzano@chu.ulg.ac.be,Nouvel évènement :,Helpdesk général,2021-10-26,12:22:49,00:00:51
stefano.crapanzano@chu.ulg.ac.be,Nouvel évènement :,Helpdesk général,2021-10-26,12:23:46,00:00:05
stefano.crapanzano@chu.ulg.ac.be,Nouvel évènement : Session SSP,Helpdesk général,2021-10-26,12:24:01,00:00:43
stefano.crapanzano@chu.ulg.ac.be,Modifier l’évènement : Session SSP,Helpdesk général,2021-10-26,12:24:54,00:00:14
stefano.crapanzano@chu.ulg.ac.be,Modifier l’évènement : Session SSP,Helpdesk général,2021-10-26,12:25:46,00:00:04
stefano.crapanzano@chu.ulg.ac.be,Rédaction : Re: TR: Session SSP - Thunderbird,Helpdesk général,2021-10-26,12:25:37,00:00:06
stefano.crapanzano@chu.ulg.ac.be,Rédaction : Re: AW: AW: Migration connecteur Kardex S4H Acceptance - Thunderbird,Helpdesk général,2021-10-26,12:41:02,00:01:30
stefano.crapanzano@chu.ulg.ac.be,Rédaction : Re: AW: AW: Migration connecteur Kardex S4H Acceptance - Thunderbird,Helpdesk général,2021-10-26,12:42:53,00:00:05
stefano.crapanzano@chu.ulg.ac.be,Rédaction : Re: AW: AW: Migration connecteur Kardex S4H Acceptance - Thunderbird,Helpdesk général,2021-10-26,12:43:04,00:05:49
stefano.crapanzano@chu.ulg.ac.be,Rédaction : Re: AW: AW: Migration connecteur Kardex S4H Acceptance - Thunderbird,Helpdesk général,2021-10-26,12:51:02,00:00:52
stefano.crapanzano@chu.ulg.ac.be,Rédaction : Re: AW: AW: Migration connecteur Kardex S4H Acceptance - Thunderbird,Helpdesk général,2021-10-26,12:52:22,00:00:28
stefano.crapanzano@chu.ulg.ac.be,Rédaction : Re: AW: AW: Migration connecteur Kardex S4H Acceptance - Thunderbird,Helpdesk général,2021-10-26,13:15:20,00:00:12
stefano.crapanzano@chu.ulg.ac.be,C:\Users\c158492\AppData\Local\Temp\fz3temp-2\ZHUL_637507.TXT - Notepad++ [Administrator],IT,2021-10-26,12:54:36,00:00:09
stefano.crapanzano@chu.ulg.ac.be,C:\Users\c158492\AppData\Local\Temp\fz3temp-2\ZHUL_636203.TXT - Notepad++ [Administrator],IT,2021-10-26,12:56:25,00:00:12
stefano.crapanzano@chu.ulg.ac.be,Le fichier cible existe déjà,Helpdesk général,2021-10-26,12:58:29,00:00:02
stefano.crapanzano@chu.ulg.ac.be,Confirmation requise,Helpdesk général,2021-10-26,13:04:35,00:00:02
stefano.crapanzano@chu.ulg.ac.be,C:\Users\c158492\AppData\Local\Temp\fz3temp-2\ZHUL_637448.TXT - Notepad++ [Administrator],IT,2021-10-26,13:05:16,00:00:06
stefano.crapanzano@chu.ulg.ac.be,Afficher demande de transfert : liste pour article,Exploration SAP,2021-10-26,13:12:06,00:00:04
stefano.crapanzano@chu.ulg.ac.be,Demandes de transfert liées à cet article,Exploration SAP,2021-10-26,13:12:10,00:00:09
stefano.crapanzano@chu.ulg.ac.be,SSP NOUVELLE VERSION SAP PPOMA - Xperthis ERP4HC 2.0 Rollout - Service d'assistance - Google Chrome,Tâches diverses,2021-10-26,13:12:26,00:00:05
stefano.crapanzano@chu.ulg.ac.be,SSP NOUVELLE VERSION SAP PPOMA - Xperthis ERP4HC 2.0 Rollout - Service d'assistance - Google Chrome,Tâches diverses,2021-10-26,13:13:03,00:00:02
stefano.crapanzano@chu.ulg.ac.be,SSP NOUVELLE VERSION SAP PPOMA - Xperthis ERP4HC 2.0 Rollout - Service d'assistance - Google Chrome,Tâches diverses,2021-10-26,16:08:13,00:00:14
stefano.crapanzano@chu.ulg.ac.be,Documents disponibles (MEZZANINE): 8,Exploration SAP,2021-10-26,13:23:36,00:00:02
