Email,Description,Project,Start date,Start time,Duration
stefano.crapanzano@chu.ulg.ac.be,Administrateur : C:\Windows\system32\cmd.exe - python  main.py,IT,2021-12-02,08:33:38,00:00:02
stefano.crapanzano@chu.ulg.ac.be,Courrier entrant - stefano.crapanzano@chuliege.be - Mozilla Thunderbird,Helpdesk général,2021-12-02,08:33:40,00:00:05
stefano.crapanzano@chu.ulg.ac.be,Courrier entrant - stefano.crapanzano@chuliege.be - Mozilla Thunderbird,Helpdesk général,2021-12-02,08:51:12,00:00:04
stefano.crapanzano@chu.ulg.ac.be,Courrier entrant - stefano.crapanzano@chuliege.be - Mozilla Thunderbird,Helpdesk général,2021-12-02,08:52:28,00:00:32
stefano.crapanzano@chu.ulg.ac.be,Courrier entrant - stefano.crapanzano@chuliege.be - Mozilla Thunderbird,Helpdesk général,2021-12-02,09:00:44,00:09:03
stefano.crapanzano@chu.ulg.ac.be,Courrier entrant - stefano.crapanzano@chuliege.be - Mozilla Thunderbird,Helpdesk général,2021-12-02,09:41:55,00:00:02
stefano.crapanzano@chu.ulg.ac.be,Courrier entrant - stefano.crapanzano@chuliege.be - Mozilla Thunderbird,Helpdesk général,2021-12-02,09:51:53,00:01:08
stefano.crapanzano@chu.ulg.ac.be,Courrier entrant - stefano.crapanzano@chuliege.be - Mozilla Thunderbird,Helpdesk général,2021-12-02,09:53:07,00:00:04
stefano.crapanzano@chu.ulg.ac.be,Courrier entrant - stefano.crapanzano@chuliege.be - Mozilla Thunderbird,Helpdesk général,2021-12-02,09:54:52,00:00:10
stefano.crapanzano@chu.ulg.ac.be,Courrier entrant - stefano.crapanzano@chuliege.be - Mozilla Thunderbird,Helpdesk général,2021-12-02,09:58:41,00:00:05
stefano.crapanzano@chu.ulg.ac.be,Courrier entrant - stefano.crapanzano@chuliege.be - Mozilla Thunderbird,Exploration SAP,2021-12-02,10:03:20,00:00:02
stefano.crapanzano@chu.ulg.ac.be,Courrier entrant - stefano.crapanzano@chuliege.be - Mozilla Thunderbird,Helpdesk général,2021-12-02,11:53:21,00:00:34
stefano.crapanzano@chu.ulg.ac.be,Courrier entrant - stefano.crapanzano@chuliege.be - Mozilla Thunderbird,Helpdesk général,2021-12-02,11:54:40,00:00:03
stefano.crapanzano@chu.ulg.ac.be,Courrier entrant - stefano.crapanzano@chuliege.be - Mozilla Thunderbird,Helpdesk général,2021-12-02,11:57:19,00:00:09
stefano.crapanzano@chu.ulg.ac.be,Courrier entrant - stefano.crapanzano@chuliege.be - Mozilla Thunderbird,Helpdesk général,2021-12-02,12:01:56,00:00:05
stefano.crapanzano@chu.ulg.ac.be,Courrier entrant - stefano.crapanzano@chuliege.be - Mozilla Thunderbird,Helpdesk général,2021-12-02,12:06:21,00:00:06
stefano.crapanzano@chu.ulg.ac.be,Courrier entrant - stefano.crapanzano@chuliege.be - Mozilla Thunderbird,Helpdesk général,2021-12-02,12:06:43,00:00:02
stefano.crapanzano@chu.ulg.ac.be,Courrier entrant - stefano.crapanzano@chuliege.be - Mozilla Thunderbird,Helpdesk général,2021-12-02,12:09:32,00:00:02
stefano.crapanzano@chu.ulg.ac.be,Courrier entrant - stefano.crapanzano@chuliege.be - Mozilla Thunderbird,Helpdesk général,2021-12-02,12:36:58,00:00:02
stefano.crapanzano@chu.ulg.ac.be,Courrier entrant - stefano.crapanzano@chuliege.be - Mozilla Thunderbird,Helpdesk général,2021-12-02,12:47:24,00:00:05
stefano.crapanzano@chu.ulg.ac.be,Courrier entrant - stefano.crapanzano@chuliege.be - Mozilla Thunderbird,Helpdesk général,2021-12-02,13:07:42,00:00:02
stefano.crapanzano@chu.ulg.ac.be,Courrier entrant - stefano.crapanzano@chuliege.be - Mozilla Thunderbird,Helpdesk général,2021-12-02,13:13:24,00:00:02
stefano.crapanzano@chu.ulg.ac.be,Courrier entrant - stefano.crapanzano@chuliege.be - Mozilla Thunderbird,Helpdesk général,2021-12-02,13:13:29,00:00:10
stefano.crapanzano@chu.ulg.ac.be,Courrier entrant - stefano.crapanzano@chuliege.be - Mozilla Thunderbird,Helpdesk général,2021-12-02,13:24:11,00:00:24
stefano.crapanzano@chu.ulg.ac.be,Courrier entrant - stefano.crapanzano@chuliege.be - Mozilla Thunderbird,Helpdesk général,2021-12-02,13:25:01,00:00:07
stefano.crapanzano@chu.ulg.ac.be,Courrier entrant - stefano.crapanzano@chuliege.be - Mozilla Thunderbird,Helpdesk général,2021-12-02,13:27:42,00:00:05
stefano.crapanzano@chu.ulg.ac.be,Courrier entrant - stefano.crapanzano@chuliege.be - Mozilla Thunderbird,Helpdesk général,2021-12-02,13:30:06,00:00:03
stefano.crapanzano@chu.ulg.ac.be,Courrier entrant - stefano.crapanzano@chuliege.be - Mozilla Thunderbird,Helpdesk général,2021-12-02,14:01:31,00:01:12
stefano.crapanzano@chu.ulg.ac.be,Courrier entrant - stefano.crapanzano@chuliege.be - Mozilla Thunderbird,Helpdesk général,2021-12-02,14:09:32,00:00:02
stefano.crapanzano@chu.ulg.ac.be,Courrier entrant - stefano.crapanzano@chuliege.be - Mozilla Thunderbird,Helpdesk général,2021-12-02,14:14:35,00:00:08
stefano.crapanzano@chu.ulg.ac.be,Courrier entrant - stefano.crapanzano@chuliege.be - Mozilla Thunderbird,Helpdesk général,2021-12-02,14:14:47,00:00:14
stefano.crapanzano@chu.ulg.ac.be,Courrier entrant - stefano.crapanzano@chuliege.be - Mozilla Thunderbird,Helpdesk général,2021-12-02,15:12:33,00:00:02
stefano.crapanzano@chu.ulg.ac.be,Courrier entrant - stefano.crapanzano@chuliege.be - Mozilla Thunderbird,Helpdesk général,2021-12-02,15:21:31,00:00:03
stefano.crapanzano@chu.ulg.ac.be,Courrier entrant - stefano.crapanzano@chuliege.be - Mozilla Thunderbird,Helpdesk général,2021-12-02,15:27:25,00:00:05
stefano.crapanzano@chu.ulg.ac.be,Courrier entrant - stefano.crapanzano@chuliege.be - Mozilla Thunderbird,Helpdesk général,2021-12-02,15:30:46,00:00:02
stefano.crapanzano@chu.ulg.ac.be,Courrier entrant - stefano.crapanzano@chuliege.be - Mozilla Thunderbird,Helpdesk général,2021-12-02,15:30:52,00:00:02
stefano.crapanzano@chu.ulg.ac.be,Courrier entrant - erp.sai@chuliege.be - Mozilla Thunderbird,Helpdesk général,2021-12-02,08:33:46,00:00:12
stefano.crapanzano@chu.ulg.ac.be,Courrier entrant - erp.sai@chuliege.be - Mozilla Thunderbird,Helpdesk général,2021-12-02,08:34:26,00:01:12
stefano.crapanzano@chu.ulg.ac.be,Courrier entrant - erp.sai@chuliege.be - Mozilla Thunderbird,Helpdesk général,2021-12-02,08:35:41,00:00:02
stefano.crapanzano@chu.ulg.ac.be,Courrier entrant - erp.sai@chuliege.be - Mozilla Thunderbird,Helpdesk général,2021-12-02,08:36:04,00:00:12
stefano.crapanzano@chu.ulg.ac.be,Courrier entrant - erp.sai@chuliege.be - Mozilla Thunderbird,Helpdesk général,2021-12-02,08:36:18,00:05:20
stefano.crapanzano@chu.ulg.ac.be,Courrier entrant - erp.sai@chuliege.be - Mozilla Thunderbird,Helpdesk général,2021-12-02,08:42:05,00:00:05
stefano.crapanzano@chu.ulg.ac.be,Courrier entrant - erp.sai@chuliege.be - Mozilla Thunderbird,Helpdesk général,2021-12-02,08:51:04,00:00:08
stefano.crapanzano@chu.ulg.ac.be,Courrier entrant - erp.sai@chuliege.be - Mozilla Thunderbird,Helpdesk général,2021-12-02,08:51:16,00:00:04
stefano.crapanzano@chu.ulg.ac.be,Courrier entrant - erp.sai@chuliege.be - Mozilla Thunderbird,Helpdesk général,2021-12-02,08:52:25,00:00:02
stefano.crapanzano@chu.ulg.ac.be,Courrier entrant - erp.sai@chuliege.be - Mozilla Thunderbird,Helpdesk général,2021-12-02,09:41:58,00:00:02
stefano.crapanzano@chu.ulg.ac.be,Courrier entrant - erp.sai@chuliege.be - Mozilla Thunderbird,Helpdesk général,2021-12-02,09:47:36,00:00:08
stefano.crapanzano@chu.ulg.ac.be,Courrier entrant - erp.sai@chuliege.be - Mozilla Thunderbird,Helpdesk général,2021-12-02,10:03:22,00:00:44
stefano.crapanzano@chu.ulg.ac.be,Courrier entrant - erp.sai@chuliege.be - Mozilla Thunderbird,Helpdesk général,2021-12-02,10:04:15,00:00:05
stefano.crapanzano@chu.ulg.ac.be,Courrier entrant - erp.sai@chuliege.be - Mozilla Thunderbird,Helpdesk général,2021-12-02,10:04:54,00:00:17
stefano.crapanzano@chu.ulg.ac.be,Courrier entrant - erp.sai@chuliege.be - Mozilla Thunderbird,Helpdesk général,2021-12-02,10:17:58,00:00:08
stefano.crapanzano@chu.ulg.ac.be,Courrier entrant - erp.sai@chuliege.be - Mozilla Thunderbird,Helpdesk général,2021-12-02,10:18:58,00:00:04
stefano.crapanzano@chu.ulg.ac.be,Courrier entrant - erp.sai@chuliege.be - Mozilla Thunderbird,Helpdesk général,2021-12-02,10:27:39,00:00:02
stefano.crapanzano@chu.ulg.ac.be,Courrier entrant - erp.sai@chuliege.be - Mozilla Thunderbird,Helpdesk général,2021-12-02,11:53:14,00:00:06
stefano.crapanzano@chu.ulg.ac.be,Courrier entrant - erp.sai@chuliege.be - Mozilla Thunderbird,Helpdesk général,2021-12-02,11:53:55,00:00:12
stefano.crapanzano@chu.ulg.ac.be,Courrier entrant - erp.sai@chuliege.be - Mozilla Thunderbird,Helpdesk général,2021-12-02,11:54:09,00:00:09
stefano.crapanzano@chu.ulg.ac.be,Courrier entrant - erp.sai@chuliege.be - Mozilla Thunderbird,Helpdesk général,2021-12-02,11:54:37,00:00:02
stefano.crapanzano@chu.ulg.ac.be,Courrier entrant - erp.sai@chuliege.be - Mozilla Thunderbird,Helpdesk général,2021-12-02,12:01:42,00:00:14
stefano.crapanzano@chu.ulg.ac.be,Courrier entrant - erp.sai@chuliege.be - Mozilla Thunderbird,Helpdesk général,2021-12-02,12:02:22,00:00:02
stefano.crapanzano@chu.ulg.ac.be,Courrier entrant - erp.sai@chuliege.be - Mozilla Thunderbird,Helpdesk général,2021-12-02,12:03:11,00:00:02
stefano.crapanzano@chu.ulg.ac.be,Courrier entrant - erp.sai@chuliege.be - Mozilla Thunderbird,Helpdesk général,2021-12-02,12:05:22,00:00:05
stefano.crapanzano@chu.ulg.ac.be,Courrier entrant - erp.sai@chuliege.be - Mozilla Thunderbird,Helpdesk général,2021-12-02,12:05:54,00:00:02
stefano.crapanzano@chu.ulg.ac.be,Courrier entrant - erp.sai@chuliege.be - Mozilla Thunderbird,Helpdesk général,2021-12-02,12:10:59,00:00:18
stefano.crapanzano@chu.ulg.ac.be,Courrier entrant - erp.sai@chuliege.be - Mozilla Thunderbird,Helpdesk général,2021-12-02,12:20:30,00:00:02
stefano.crapanzano@chu.ulg.ac.be,Courrier entrant - erp.sai@chuliege.be - Mozilla Thunderbird,Helpdesk général,2021-12-02,12:47:14,00:00:09
stefano.crapanzano@chu.ulg.ac.be,Courrier entrant - erp.sai@chuliege.be - Mozilla Thunderbird,Helpdesk général,2021-12-02,12:47:29,00:00:11
stefano.crapanzano@chu.ulg.ac.be,Courrier entrant - erp.sai@chuliege.be - Mozilla Thunderbird,Helpdesk général,2021-12-02,13:04:00,00:00:02
stefano.crapanzano@chu.ulg.ac.be,Courrier entrant - erp.sai@chuliege.be - Mozilla Thunderbird,Helpdesk général,2021-12-02,13:05:15,00:00:07
stefano.crapanzano@chu.ulg.ac.be,Courrier entrant - erp.sai@chuliege.be - Mozilla Thunderbird,Tâches diverses,2021-12-02,13:07:37,00:00:05
stefano.crapanzano@chu.ulg.ac.be,Courrier entrant - erp.sai@chuliege.be - Mozilla Thunderbird,Helpdesk général,2021-12-02,13:08:01,00:00:10
stefano.crapanzano@chu.ulg.ac.be,Courrier entrant - erp.sai@chuliege.be - Mozilla Thunderbird,Helpdesk général,2021-12-02,13:09:11,00:00:05
stefano.crapanzano@chu.ulg.ac.be,Courrier entrant - erp.sai@chuliege.be - Mozilla Thunderbird,Helpdesk général,2021-12-02,13:24:36,00:00:02
stefano.crapanzano@chu.ulg.ac.be,Courrier entrant - erp.sai@chuliege.be - Mozilla Thunderbird,Helpdesk général,2021-12-02,13:24:39,00:00:06
stefano.crapanzano@chu.ulg.ac.be,Courrier entrant - erp.sai@chuliege.be - Mozilla Thunderbird,Helpdesk général,2021-12-02,13:24:48,00:00:13
stefano.crapanzano@chu.ulg.ac.be,Courrier entrant - erp.sai@chuliege.be - Mozilla Thunderbird,Helpdesk général,2021-12-02,13:27:47,00:00:02
stefano.crapanzano@chu.ulg.ac.be,Courrier entrant - erp.sai@chuliege.be - Mozilla Thunderbird,Helpdesk général,2021-12-02,13:30:13,00:00:09
stefano.crapanzano@chu.ulg.ac.be,Courrier entrant - erp.sai@chuliege.be - Mozilla Thunderbird,Helpdesk général,2021-12-02,13:31:41,00:00:02
stefano.crapanzano@chu.ulg.ac.be,Courrier entrant - erp.sai@chuliege.be - Mozilla Thunderbird,Helpdesk général,2021-12-02,13:32:01,00:00:07
stefano.crapanzano@chu.ulg.ac.be,Courrier entrant - erp.sai@chuliege.be - Mozilla Thunderbird,Helpdesk général,2021-12-02,14:01:28,00:00:02
stefano.crapanzano@chu.ulg.ac.be,Courrier entrant - erp.sai@chuliege.be - Mozilla Thunderbird,Helpdesk général,2021-12-02,14:09:34,00:00:03
stefano.crapanzano@chu.ulg.ac.be,Courrier entrant - erp.sai@chuliege.be - Mozilla Thunderbird,Helpdesk général,2021-12-02,14:09:54,00:00:23
stefano.crapanzano@chu.ulg.ac.be,Courrier entrant - erp.sai@chuliege.be - Mozilla Thunderbird,Helpdesk général,2021-12-02,14:14:33,00:00:02
stefano.crapanzano@chu.ulg.ac.be,Courrier entrant - erp.sai@chuliege.be - Mozilla Thunderbird,Helpdesk général,2021-12-02,14:15:02,00:02:31
stefano.crapanzano@chu.ulg.ac.be,Courrier entrant - erp.sai@chuliege.be - Mozilla Thunderbird,Helpdesk général,2021-12-02,14:42:04,00:00:58
stefano.crapanzano@chu.ulg.ac.be,Courrier entrant - erp.sai@chuliege.be - Mozilla Thunderbird,Helpdesk général,2021-12-02,15:20:48,00:00:33
stefano.crapanzano@chu.ulg.ac.be,Courrier entrant - erp.sai@chuliege.be - Mozilla Thunderbird,Tâches diverses,2021-12-02,15:21:28,00:00:02
stefano.crapanzano@chu.ulg.ac.be,Courrier entrant - erp.sai@chuliege.be - Mozilla Thunderbird,Helpdesk général,2021-12-02,15:21:35,00:00:39
stefano.crapanzano@chu.ulg.ac.be,Courrier entrant - erp.sai@chuliege.be - Mozilla Thunderbird,Helpdesk général,2021-12-02,15:27:30,00:00:02
stefano.crapanzano@chu.ulg.ac.be,Courrier entrant - erp.sai@chuliege.be - Mozilla Thunderbird,Helpdesk général,2021-12-02,15:28:15,00:00:04
stefano.crapanzano@chu.ulg.ac.be,Courrier entrant - erp.sai@chuliege.be - Mozilla Thunderbird,Helpdesk général,2021-12-02,15:28:55,00:00:02
stefano.crapanzano@chu.ulg.ac.be,Courrier entrant - erp.sai@chuliege.be - Mozilla Thunderbird,Helpdesk général,2021-12-02,15:31:09,00:00:03
stefano.crapanzano@chu.ulg.ac.be,Courrier entrant - erp.sai@chuliege.be - Mozilla Thunderbird,Helpdesk général,2021-12-02,15:34:10,00:00:02
stefano.crapanzano@chu.ulg.ac.be,Courrier entrant - erp.sai@chuliege.be - Mozilla Thunderbird,Helpdesk général,2021-12-02,15:53:29,00:00:02
stefano.crapanzano@chu.ulg.ac.be,Courrier entrant - erp.sai@chuliege.be - Mozilla Thunderbird,Helpdesk général,2021-12-02,15:59:30,00:00:18
stefano.crapanzano@chu.ulg.ac.be,PE2_203 - sftp://PE2U2FTP@153.89.110.38 - FileZilla,Helpdesk général,2021-12-02,08:33:58,00:00:02
stefano.crapanzano@chu.ulg.ac.be,PE2_203 - sftp://PE2U2FTP@153.89.110.38 - FileZilla,Helpdesk général,2021-12-02,08:41:40,00:00:02
stefano.crapanzano@chu.ulg.ac.be,PE2_203 - sftp://PE2U2FTP@153.89.110.38 - FileZilla,Helpdesk général,2021-12-02,13:31:00,00:00:06
stefano.crapanzano@chu.ulg.ac.be,PE2_203 - sftp://PE2U2FTP@153.89.110.38 - FileZilla,Helpdesk général,2021-12-02,13:31:50,00:00:02
stefano.crapanzano@chu.ulg.ac.be,PE2_203 - sftp://PE2U2FTP@153.89.110.38 - FileZilla,Helpdesk général,2021-12-02,15:28:19,00:00:23
stefano.crapanzano@chu.ulg.ac.be,PE2_203 - sftp://PE2U2FTP@153.89.110.38 - FileZilla,Helpdesk général,2021-12-02,15:30:58,00:00:02
stefano.crapanzano@chu.ulg.ac.be,Gestionnaire de Sites,Helpdesk général,2021-12-02,08:34:01,00:00:02
stefano.crapanzano@chu.ulg.ac.be,Certificat inconnu,Helpdesk général,2021-12-02,08:34:05,00:00:02
stefano.crapanzano@chu.ulg.ac.be,Iepacs_CHR_2 - kofaxchr2@iepacs.chu.ulg.ac.be - FileZilla,Helpdesk général,2021-12-02,08:34:07,00:00:04
stefano.crapanzano@chu.ulg.ac.be,Iepacs_CHR - kofaxchr@iepacs.chu.ulg.ac.be - FileZilla,Helpdesk général,2021-12-02,08:34:14,00:00:12
stefano.crapanzano@chu.ulg.ac.be,P203 CHU Ajout tables à l'extract BO - Xperthis ERP4HC 1.0 - Service d'assistance - Google Chrome,Tâches diverses,2021-12-02,08:35:43,00:00:04
stefano.crapanzano@chu.ulg.ac.be,P203 CHU Ajout tables à l'extract BO - Xperthis ERP4HC 1.0 - Service d'assistance - Google Chrome,Tâches diverses,2021-12-02,08:41:45,00:00:02
stefano.crapanzano@chu.ulg.ac.be,P203 CHU Ajout tables à l'extract BO - Xperthis ERP4HC 1.0 - Service d'assistance - Google Chrome,Tâches diverses,2021-12-02,08:56:18,00:00:02
stefano.crapanzano@chu.ulg.ac.be,Demandes - Service d'assistance - Google Chrome,Tâches diverses,2021-12-02,08:35:47,00:00:04
stefano.crapanzano@chu.ulg.ac.be,Demandes - Service d'assistance - Google Chrome,Tâches diverses,2021-12-02,08:41:48,00:00:16
stefano.crapanzano@chu.ulg.ac.be,Demandes - Service d'assistance - Google Chrome,Tâches diverses,2021-12-02,08:56:21,00:00:04
stefano.crapanzano@chu.ulg.ac.be,Demandes - Service d'assistance - Google Chrome,Tâches diverses,2021-12-02,08:59:48,00:00:06
stefano.crapanzano@chu.ulg.ac.be,Demandes - Service d'assistance - Google Chrome,Tâches diverses,2021-12-02,12:02:34,00:00:12
stefano.crapanzano@chu.ulg.ac.be,Demandes - Service d'assistance - Google Chrome,Tâches diverses,2021-12-02,12:03:26,00:00:12
stefano.crapanzano@chu.ulg.ac.be,Demandes - Service d'assistance - Google Chrome,Tâches diverses,2021-12-02,12:03:45,00:00:12
stefano.crapanzano@chu.ulg.ac.be,Demandes - Service d'assistance - Google Chrome,Tâches diverses,2021-12-02,12:05:12,00:00:09
stefano.crapanzano@chu.ulg.ac.be,Demandes - Service d'assistance - Google Chrome,Tâches diverses,2021-12-02,12:05:42,00:00:10
stefano.crapanzano@chu.ulg.ac.be,Demandes - Service d'assistance - Google Chrome,Tâches diverses,2021-12-02,12:06:34,00:00:02
stefano.crapanzano@chu.ulg.ac.be,Demandes - Service d'assistance - Google Chrome,Tâches diverses,2021-12-02,12:07:12,00:00:03
stefano.crapanzano@chu.ulg.ac.be,Demandes - Service d'assistance - Google Chrome,Tâches diverses,2021-12-02,12:36:14,00:00:12
stefano.crapanzano@chu.ulg.ac.be,Demandes - Service d'assistance - Google Chrome,Tâches diverses,2021-12-02,12:36:51,00:00:02
stefano.crapanzano@chu.ulg.ac.be,Demandes - Service d'assistance - Google Chrome,Tâches diverses,2021-12-02,13:05:40,00:00:03
stefano.crapanzano@chu.ulg.ac.be,Demandes - Service d'assistance - Google Chrome,Tâches diverses,2021-12-02,13:05:51,00:00:02
stefano.crapanzano@chu.ulg.ac.be,Demandes - Service d'assistance - Google Chrome,Tâches diverses,2021-12-02,13:06:24,00:00:03
stefano.crapanzano@chu.ulg.ac.be,Demandes - Service d'assistance - Google Chrome,Tâches diverses,2021-12-02,13:08:26,00:00:02
stefano.crapanzano@chu.ulg.ac.be,Demandes - Service d'assistance - Google Chrome,Tâches diverses,2021-12-02,13:08:33,00:00:31
stefano.crapanzano@chu.ulg.ac.be,Demandes - Service d'assistance - Google Chrome,Tâches diverses,2021-12-02,13:25:12,00:00:09
stefano.crapanzano@chu.ulg.ac.be,Unité dans SSP incorrecte - Elle doit venir de ZMMARTIKEL - Xperthis ERP4HC 2.0 Rollout - Service d'assistance - Google Chrome,Tâches diverses,2021-12-02,08:35:52,00:00:12
stefano.crapanzano@chu.ulg.ac.be,Unité dans SSP incorrecte - Elle doit venir de ZMMARTIKEL - Xperthis ERP4HC 2.0 Rollout - Service d'assistance - Google Chrome,Tâches diverses,2021-12-02,08:41:43,00:00:02
stefano.crapanzano@chu.ulg.ac.be,Unité dans SSP incorrecte - Elle doit venir de ZMMARTIKEL - Xperthis ERP4HC 2.0 Rollout - Service d'assistance - Google Chrome,Tâches diverses,2021-12-02,11:55:52,00:00:03
stefano.crapanzano@chu.ulg.ac.be,Envoyés - erp.sai@chuliege.be - Mozilla Thunderbird,Helpdesk général,2021-12-02,08:36:16,00:00:02
stefano.crapanzano@chu.ulg.ac.be,Envoyés - erp.sai@chuliege.be - Mozilla Thunderbird,Helpdesk général,2021-12-02,08:51:20,00:00:37
stefano.crapanzano@chu.ulg.ac.be,Envoyés - erp.sai@chuliege.be - Mozilla Thunderbird,Helpdesk général,2021-12-02,08:52:21,00:00:04
stefano.crapanzano@chu.ulg.ac.be,Envoyés - erp.sai@chuliege.be - Mozilla Thunderbird,Helpdesk général,2021-12-02,08:53:00,00:00:25
stefano.crapanzano@chu.ulg.ac.be,Envoyés - erp.sai@chuliege.be - Mozilla Thunderbird,Tâches diverses,2021-12-02,08:59:28,00:00:06
stefano.crapanzano@chu.ulg.ac.be,Envoyés - erp.sai@chuliege.be - Mozilla Thunderbird,Helpdesk général,2021-12-02,09:00:41,00:00:02
stefano.crapanzano@chu.ulg.ac.be,Envoyés - erp.sai@chuliege.be - Mozilla Thunderbird,Helpdesk général,2021-12-02,10:19:02,00:00:06
stefano.crapanzano@chu.ulg.ac.be,Envoyés - erp.sai@chuliege.be - Mozilla Thunderbird,Helpdesk général,2021-12-02,10:19:38,00:00:05
stefano.crapanzano@chu.ulg.ac.be,Envoyés - erp.sai@chuliege.be - Mozilla Thunderbird,Helpdesk général,2021-12-02,12:02:03,00:00:14
stefano.crapanzano@chu.ulg.ac.be,Envoyés - erp.sai@chuliege.be - Mozilla Thunderbird,Helpdesk général,2021-12-02,12:37:18,00:00:08
stefano.crapanzano@chu.ulg.ac.be,Envoyés - erp.sai@chuliege.be - Mozilla Thunderbird,Helpdesk général,2021-12-02,13:07:45,00:00:15
stefano.crapanzano@chu.ulg.ac.be,Envoyés - erp.sai@chuliege.be - Mozilla Thunderbird,Helpdesk général,2021-12-02,13:13:26,00:00:02
stefano.crapanzano@chu.ulg.ac.be,Envoyés - erp.sai@chuliege.be - Mozilla Thunderbird,Helpdesk général,2021-12-02,14:09:38,00:00:04
stefano.crapanzano@chu.ulg.ac.be,Envoyés - erp.sai@chuliege.be - Mozilla Thunderbird,Helpdesk général,2021-12-02,14:09:46,00:00:07
stefano.crapanzano@chu.ulg.ac.be,Envoyés - erp.sai@chuliege.be - Mozilla Thunderbird,Helpdesk général,2021-12-02,14:14:43,00:00:03
stefano.crapanzano@chu.ulg.ac.be,CHU de Liège - Intranet - Google Chrome,Tâches diverses,2021-12-02,12:20:50,00:05:40
stefano.crapanzano@chu.ulg.ac.be,All Stocks List – Django REST framework - Google Chrome,Tâches diverses,2021-12-02,08:42:13,00:00:04
stefano.crapanzano@chu.ulg.ac.be,Api Root – Django REST framework - Google Chrome,Tâches diverses,2021-12-02,08:42:17,00:00:12
stefano.crapanzano@chu.ulg.ac.be,Programmation,IT,2021-12-02,08:42:29,00:00:26
stefano.crapanzano@chu.ulg.ac.be,Programmation,IT,2021-12-02,08:42:56,00:00:08
stefano.crapanzano@chu.ulg.ac.be,Programmation,IT,2021-12-02,08:44:22,00:00:03
stefano.crapanzano@chu.ulg.ac.be,Programmation,IT,2021-12-02,08:44:33,00:00:29
stefano.crapanzano@chu.ulg.ac.be,Programmation,IT,2021-12-02,08:45:11,00:00:12
stefano.crapanzano@chu.ulg.ac.be,Programmation,IT,2021-12-02,09:46:42,00:00:07
stefano.crapanzano@chu.ulg.ac.be,Programmation,IT,2021-12-02,09:47:02,00:00:28
stefano.crapanzano@chu.ulg.ac.be,Programmation,IT,2021-12-02,09:47:46,00:00:02
stefano.crapanzano@chu.ulg.ac.be,Programmation,IT,2021-12-02,12:06:13,00:00:02
stefano.crapanzano@chu.ulg.ac.be,Programmation,IT,2021-12-02,12:48:38,00:00:54
stefano.crapanzano@chu.ulg.ac.be,Programmation,IT,2021-12-02,13:03:23,00:00:19
stefano.crapanzano@chu.ulg.ac.be,Programmation,IT,2021-12-02,13:04:59,00:00:03
stefano.crapanzano@chu.ulg.ac.be,Programmation,IT,2021-12-02,13:31:54,00:00:07
stefano.crapanzano@chu.ulg.ac.be,Programmation,IT,2021-12-02,14:09:42,00:00:03
stefano.crapanzano@chu.ulg.ac.be,Programmation,IT,2021-12-02,14:17:33,00:00:56
stefano.crapanzano@chu.ulg.ac.be,Programmation,IT,2021-12-02,14:22:30,00:00:03
stefano.crapanzano@chu.ulg.ac.be,Programmation,IT,2021-12-02,14:25:14,00:00:03
stefano.crapanzano@chu.ulg.ac.be,Programmation,IT,2021-12-02,14:48:24,00:00:41
stefano.crapanzano@chu.ulg.ac.be,Programmation,IT,2021-12-02,15:02:55,00:00:02
stefano.crapanzano@chu.ulg.ac.be,Programmation,IT,2021-12-02,15:08:51,00:03:42
stefano.crapanzano@chu.ulg.ac.be,Programmation,IT,2021-12-02,15:15:06,00:04:18
stefano.crapanzano@chu.ulg.ac.be,Programmation,IT,2021-12-02,15:19:49,00:00:21
stefano.crapanzano@chu.ulg.ac.be,Programmation,IT,2021-12-02,15:22:22,00:00:44
stefano.crapanzano@chu.ulg.ac.be,Programmation,IT,2021-12-02,15:23:36,00:01:38
stefano.crapanzano@chu.ulg.ac.be,Programmation,IT,2021-12-02,15:25:23,00:01:03
stefano.crapanzano@chu.ulg.ac.be,Programmation,IT,2021-12-02,15:26:38,00:00:09
stefano.crapanzano@chu.ulg.ac.be,Programmation,IT,2021-12-02,15:26:53,00:00:08
stefano.crapanzano@chu.ulg.ac.be,Programmation,IT,2021-12-02,15:27:53,00:00:06
stefano.crapanzano@chu.ulg.ac.be,Programmation,IT,2021-12-02,15:35:15,00:00:06
stefano.crapanzano@chu.ulg.ac.be,Programmation,IT,2021-12-02,15:35:31,00:00:19
stefano.crapanzano@chu.ulg.ac.be,Programmation,IT,2021-12-02,15:36:05,00:00:54
stefano.crapanzano@chu.ulg.ac.be,Programmation,IT,2021-12-02,15:37:42,00:00:47
stefano.crapanzano@chu.ulg.ac.be,Programmation,IT,2021-12-02,15:38:36,00:00:06
stefano.crapanzano@chu.ulg.ac.be,Programmation,IT,2021-12-02,15:38:48,00:00:35
stefano.crapanzano@chu.ulg.ac.be,Programmation,IT,2021-12-02,15:40:05,00:00:53
stefano.crapanzano@chu.ulg.ac.be,Programmation,IT,2021-12-02,15:41:21,00:00:08
stefano.crapanzano@chu.ulg.ac.be,Programmation,IT,2021-12-02,15:41:41,00:01:15
stefano.crapanzano@chu.ulg.ac.be,Programmation,IT,2021-12-02,15:43:06,00:00:08
stefano.crapanzano@chu.ulg.ac.be,Programmation,IT,2021-12-02,15:43:17,00:00:40
stefano.crapanzano@chu.ulg.ac.be,Programmation,IT,2021-12-02,15:46:03,00:00:12
stefano.crapanzano@chu.ulg.ac.be,Programmation,IT,2021-12-02,15:46:23,00:00:06
stefano.crapanzano@chu.ulg.ac.be,Programmation,IT,2021-12-02,15:46:35,00:02:10
stefano.crapanzano@chu.ulg.ac.be,Programmation,IT,2021-12-02,15:49:08,00:00:14
stefano.crapanzano@chu.ulg.ac.be,Programmation,IT,2021-12-02,15:51:12,00:00:31
stefano.crapanzano@chu.ulg.ac.be,Programmation,IT,2021-12-02,15:52:34,00:00:06
stefano.crapanzano@chu.ulg.ac.be,Programmation,IT,2021-12-02,15:52:48,00:00:40
stefano.crapanzano@chu.ulg.ac.be,Programmation,IT,2021-12-02,15:53:31,00:00:33
stefano.crapanzano@chu.ulg.ac.be,Programmation,IT,2021-12-02,15:54:07,00:01:18
stefano.crapanzano@chu.ulg.ac.be,Programmation,IT,2021-12-02,15:55:28,00:03:03
stefano.crapanzano@chu.ulg.ac.be,Programmation,IT,2021-12-02,15:58:59,00:00:04
stefano.crapanzano@chu.ulg.ac.be,Programmation,IT,2021-12-02,15:59:06,00:00:23
stefano.crapanzano@chu.ulg.ac.be,Programmation,IT,2021-12-02,15:59:49,00:00:09
stefano.crapanzano@chu.ulg.ac.be,Programmation,IT,2021-12-02,16:01:34,00:01:53
stefano.crapanzano@chu.ulg.ac.be,Programmation,IT,2021-12-02,16:04:46,00:00:14
stefano.crapanzano@chu.ulg.ac.be,Programmation,IT,2021-12-02,16:05:08,00:00:39
stefano.crapanzano@chu.ulg.ac.be,Programmation,IT,2021-12-02,16:06:50,00:00:12
stefano.crapanzano@chu.ulg.ac.be,Programmation,IT,2021-12-02,16:07:26,00:01:34
stefano.crapanzano@chu.ulg.ac.be,Programmation,IT,2021-12-02,16:09:02,00:00:19
stefano.crapanzano@chu.ulg.ac.be,Programmation,IT,2021-12-02,16:09:33,00:00:30
stefano.crapanzano@chu.ulg.ac.be,Programmation,IT,2021-12-02,16:11:06,00:00:19
stefano.crapanzano@chu.ulg.ac.be,Programmation,IT,2021-12-02,16:11:32,00:00:04
stefano.crapanzano@chu.ulg.ac.be,Programmation,IT,2021-12-02,16:11:38,00:00:02
stefano.crapanzano@chu.ulg.ac.be,Programmation,IT,2021-12-02,16:12:34,00:00:15
stefano.crapanzano@chu.ulg.ac.be,Programmation,IT,2021-12-02,16:13:03,00:00:13
stefano.crapanzano@chu.ulg.ac.be,Programmation,IT,2021-12-02,16:13:19,00:00:11
stefano.crapanzano@chu.ulg.ac.be,Programmation,IT,2021-12-02,16:13:34,00:00:05
stefano.crapanzano@chu.ulg.ac.be,Programmation,IT,2021-12-02,16:13:48,00:00:15
stefano.crapanzano@chu.ulg.ac.be,Programmation,IT,2021-12-02,16:14:23,00:00:05
stefano.crapanzano@chu.ulg.ac.be,Programmation,IT,2021-12-02,16:14:30,00:00:34
stefano.crapanzano@chu.ulg.ac.be,Programmation,IT,2021-12-02,16:15:14,00:00:06
stefano.crapanzano@chu.ulg.ac.be,Programmation,IT,2021-12-02,16:15:21,00:00:11
stefano.crapanzano@chu.ulg.ac.be,Programmation,IT,2021-12-02,16:15:34,00:00:03
stefano.crapanzano@chu.ulg.ac.be,Programmation,IT,2021-12-02,16:16:27,00:00:04
stefano.crapanzano@chu.ulg.ac.be,Programmation,IT,2021-12-02,16:16:37,00:00:47
stefano.crapanzano@chu.ulg.ac.be,Programmation,IT,2021-12-02,16:21:14,00:00:24
stefano.crapanzano@chu.ulg.ac.be,Programmation,IT,2021-12-02,16:21:43,00:00:04
stefano.crapanzano@chu.ulg.ac.be,Programmation,IT,2021-12-02,16:26:52,00:00:03
stefano.crapanzano@chu.ulg.ac.be,Programmation,IT,2021-12-02,16:27:50,00:01:13
stefano.crapanzano@chu.ulg.ac.be,Programmation,IT,2021-12-02,16:29:48,00:00:08
stefano.crapanzano@chu.ulg.ac.be,Programmation,IT,2021-12-02,16:39:37,00:00:47
stefano.crapanzano@chu.ulg.ac.be,Programmation,IT,2021-12-02,16:40:31,00:00:10
stefano.crapanzano@chu.ulg.ac.be,Programmation,IT,2021-12-02,16:40:48,00:00:10
stefano.crapanzano@chu.ulg.ac.be,Programmation,IT,2021-12-02,16:50:16,00:01:27
stefano.crapanzano@chu.ulg.ac.be,Programmation,IT,2021-12-02,16:51:53,00:00:20
stefano.crapanzano@chu.ulg.ac.be,Programmation,IT,2021-12-02,16:53:01,00:03:01
stefano.crapanzano@chu.ulg.ac.be,Programmation,IT,2021-12-02,16:56:42,00:00:44
stefano.crapanzano@chu.ulg.ac.be,Programmation,IT,2021-12-02,16:57:43,00:02:06
stefano.crapanzano@chu.ulg.ac.be,Programmation,IT,2021-12-02,17:00:03,00:01:50
stefano.crapanzano@chu.ulg.ac.be,Programmation,IT,2021-12-02,17:01:58,00:00:02
stefano.crapanzano@chu.ulg.ac.be,Programmation,IT,2021-12-02,17:02:50,00:00:37
stefano.crapanzano@chu.ulg.ac.be,Programmation,IT,2021-12-02,17:04:12,00:00:27
stefano.crapanzano@chu.ulg.ac.be,Programmation,IT,2021-12-02,17:06:06,00:00:06
stefano.crapanzano@chu.ulg.ac.be,Programmation,IT,2021-12-02,17:06:24,00:00:28
stefano.crapanzano@chu.ulg.ac.be,Programmation,IT,2021-12-02,17:06:54,00:00:40
stefano.crapanzano@chu.ulg.ac.be,Programmation,IT,2021-12-02,17:07:48,00:01:04
stefano.crapanzano@chu.ulg.ac.be,Programmation,IT,2021-12-02,17:08:57,00:00:03
stefano.crapanzano@chu.ulg.ac.be,Programmation,IT,2021-12-02,17:09:23,00:00:06
stefano.crapanzano@chu.ulg.ac.be,Programmation,IT,2021-12-02,17:09:31,00:00:04
stefano.crapanzano@chu.ulg.ac.be,Programmation,IT,2021-12-02,17:09:57,00:00:11
stefano.crapanzano@chu.ulg.ac.be,Programmation,IT,2021-12-02,17:10:15,00:00:09
stefano.crapanzano@chu.ulg.ac.be,Programmation,IT,2021-12-02,17:10:33,00:00:33
stefano.crapanzano@chu.ulg.ac.be,Programmation,IT,2021-12-02,17:11:11,00:00:06
stefano.crapanzano@chu.ulg.ac.be,Programmation,IT,2021-12-02,17:11:25,00:00:06
stefano.crapanzano@chu.ulg.ac.be,Programmation,IT,2021-12-02,17:12:31,00:00:05
stefano.crapanzano@chu.ulg.ac.be,Programmation,IT,2021-12-02,17:12:37,00:00:02
stefano.crapanzano@chu.ulg.ac.be,Programmation,IT,2021-12-02,17:12:49,00:00:31
stefano.crapanzano@chu.ulg.ac.be,Programmation,IT,2021-12-02,17:13:52,00:00:14
stefano.crapanzano@chu.ulg.ac.be,Programmation,IT,2021-12-02,17:19:22,00:00:28
stefano.crapanzano@chu.ulg.ac.be,Programmation,IT,2021-12-02,17:20:40,00:01:45
stefano.crapanzano@chu.ulg.ac.be,Programmation,IT,2021-12-02,17:22:37,00:00:17
stefano.crapanzano@chu.ulg.ac.be,Programmation,IT,2021-12-02,17:23:03,00:00:36
stefano.crapanzano@chu.ulg.ac.be,Programmation,IT,2021-12-02,17:23:43,00:00:12
stefano.crapanzano@chu.ulg.ac.be,Programmation,IT,2021-12-02,17:24:07,00:01:26
stefano.crapanzano@chu.ulg.ac.be,Programmation,IT,2021-12-02,17:25:42,00:02:09
stefano.crapanzano@chu.ulg.ac.be,Navigation système de fichier,IT,2021-12-02,08:51:58,00:00:22
stefano.crapanzano@chu.ulg.ac.be,Navigation système de fichier,IT,2021-12-02,08:54:52,00:00:02
stefano.crapanzano@chu.ulg.ac.be,Navigation système de fichier,IT,2021-12-02,09:47:30,00:00:03
stefano.crapanzano@chu.ulg.ac.be,Navigation système de fichier,IT,2021-12-02,10:02:01,00:00:02
stefano.crapanzano@chu.ulg.ac.be,Navigation système de fichier,IT,2021-12-02,10:02:12,00:00:03
stefano.crapanzano@chu.ulg.ac.be,Navigation système de fichier,IT,2021-12-02,10:04:08,00:00:02
stefano.crapanzano@chu.ulg.ac.be,Navigation système de fichier,IT,2021-12-02,11:54:47,00:00:05
stefano.crapanzano@chu.ulg.ac.be,Navigation système de fichier,IT,2021-12-02,12:10:53,00:00:02
stefano.crapanzano@chu.ulg.ac.be,Navigation système de fichier,IT,2021-12-02,12:37:01,00:00:09
stefano.crapanzano@chu.ulg.ac.be,Navigation système de fichier,IT,2021-12-02,13:28:26,00:00:04
stefano.crapanzano@chu.ulg.ac.be,Navigation système de fichier,IT,2021-12-02,13:29:24,00:00:04
stefano.crapanzano@chu.ulg.ac.be,Navigation système de fichier,IT,2021-12-02,13:29:50,00:00:02
stefano.crapanzano@chu.ulg.ac.be,Navigation système de fichier,IT,2021-12-02,13:31:33,00:00:06
stefano.crapanzano@chu.ulg.ac.be,Navigation système de fichier,IT,2021-12-02,13:32:41,00:00:02
stefano.crapanzano@chu.ulg.ac.be,Navigation système de fichier,IT,2021-12-02,13:41:46,00:00:02
stefano.crapanzano@chu.ulg.ac.be,Navigation système de fichier,IT,2021-12-02,14:05:54,00:00:03
stefano.crapanzano@chu.ulg.ac.be,Navigation système de fichier,IT,2021-12-02,14:22:39,00:00:02
stefano.crapanzano@chu.ulg.ac.be,Navigation système de fichier,IT,2021-12-02,15:43:58,00:00:05
stefano.crapanzano@chu.ulg.ac.be,Navigation système de fichier,IT,2021-12-02,15:58:54,00:00:04
stefano.crapanzano@chu.ulg.ac.be,Navigation système de fichier,IT,2021-12-02,15:59:04,00:00:02
stefano.crapanzano@chu.ulg.ac.be,Navigation système de fichier,IT,2021-12-02,16:09:30,00:00:03
stefano.crapanzano@chu.ulg.ac.be,Navigation système de fichier,IT,2021-12-02,16:11:26,00:00:02
stefano.crapanzano@chu.ulg.ac.be,Navigation système de fichier,IT,2021-12-02,16:11:40,00:00:02
stefano.crapanzano@chu.ulg.ac.be,Navigation système de fichier,IT,2021-12-02,16:12:31,00:00:03
stefano.crapanzano@chu.ulg.ac.be,Navigation système de fichier,IT,2021-12-02,16:22:13,00:00:02
stefano.crapanzano@chu.ulg.ac.be,Navigation système de fichier,IT,2021-12-02,16:25:33,00:00:06
stefano.crapanzano@chu.ulg.ac.be,Navigation système de fichier,IT,2021-12-02,16:39:08,00:00:02
stefano.crapanzano@chu.ulg.ac.be,GOAL - LABO - Google Chrome,Tâches diverses,2021-12-02,08:43:07,00:00:54
stefano.crapanzano@chu.ulg.ac.be,GOAL - LABO - Google Chrome,Tâches diverses,2021-12-02,11:54:20,00:00:14
stefano.crapanzano@chu.ulg.ac.be,GOAL - LABO - Google Chrome,Tâches diverses,2021-12-02,12:26:30,00:09:37
stefano.crapanzano@chu.ulg.ac.be,GOAL - LABO - Google Chrome,Tâches diverses,2021-12-02,12:36:11,00:00:02
stefano.crapanzano@chu.ulg.ac.be,GOAL - LABO - Google Chrome,Tâches diverses,2021-12-02,12:36:55,00:00:02
stefano.crapanzano@chu.ulg.ac.be,GOAL - LABO - Google Chrome,Tâches diverses,2021-12-02,12:37:31,00:00:02
stefano.crapanzano@chu.ulg.ac.be,GOAL - LABO - Google Chrome,Tâches diverses,2021-12-02,13:04:51,00:00:05
stefano.crapanzano@chu.ulg.ac.be,GOAL - LABO - Google Chrome,Tâches diverses,2021-12-02,13:05:03,00:00:11
stefano.crapanzano@chu.ulg.ac.be,GOAL - LABO - Google Chrome,Tâches diverses,2021-12-02,13:06:19,00:00:02
stefano.crapanzano@chu.ulg.ac.be,GOAL - LABO - Google Chrome,Tâches diverses,2021-12-02,13:25:56,00:00:05
stefano.crapanzano@chu.ulg.ac.be,GOAL - LABO - Google Chrome,Tâches diverses,2021-12-02,13:26:08,00:00:11
stefano.crapanzano@chu.ulg.ac.be,GOAL - LABO - Google Chrome,Tâches diverses,2021-12-02,13:26:44,00:00:37
stefano.crapanzano@chu.ulg.ac.be,GOAL - LABO - Google Chrome,Tâches diverses,2021-12-02,13:28:01,00:00:02
stefano.crapanzano@chu.ulg.ac.be,GOAL - LABO - Google Chrome,Tâches diverses,2021-12-02,13:28:38,00:00:21
stefano.crapanzano@chu.ulg.ac.be,GOAL - LABO - Google Chrome,Tâches diverses,2021-12-02,13:29:12,00:00:08
stefano.crapanzano@chu.ulg.ac.be,GOAL - LABO - Google Chrome,Tâches diverses,2021-12-02,13:31:08,00:00:16
stefano.crapanzano@chu.ulg.ac.be,GOAL - LABO - Google Chrome,Tâches diverses,2021-12-02,13:35:04,00:05:20
stefano.crapanzano@chu.ulg.ac.be,GOAL - LABO - Google Chrome,Tâches diverses,2021-12-02,13:40:42,00:00:15
stefano.crapanzano@chu.ulg.ac.be,GOAL - LABO - Google Chrome,Tâches diverses,2021-12-02,13:40:59,00:00:47
stefano.crapanzano@chu.ulg.ac.be,GOAL - LABO - Google Chrome,Tâches diverses,2021-12-02,13:41:48,00:00:24
stefano.crapanzano@chu.ulg.ac.be,GOAL - LABO - Google Chrome,Tâches diverses,2021-12-02,13:43:53,00:07:44
stefano.crapanzano@chu.ulg.ac.be,GOAL - LABO - Google Chrome,Tâches diverses,2021-12-02,13:53:11,00:01:33
stefano.crapanzano@chu.ulg.ac.be,GOAL - LABO - Google Chrome,Tâches diverses,2021-12-02,13:54:47,00:01:29
stefano.crapanzano@chu.ulg.ac.be,GOAL - LABO - Google Chrome,Tâches diverses,2021-12-02,13:56:51,00:00:19
stefano.crapanzano@chu.ulg.ac.be,GOAL - LABO - Google Chrome,Tâches diverses,2021-12-02,13:57:17,00:04:11
stefano.crapanzano@chu.ulg.ac.be,GOAL - LABO - Google Chrome,Tâches diverses,2021-12-02,14:05:27,00:00:02
stefano.crapanzano@chu.ulg.ac.be,GOAL - LABO - Google Chrome,Tâches diverses,2021-12-02,15:28:07,00:00:08
stefano.crapanzano@chu.ulg.ac.be,GOAL - LABO - Google Chrome,Tâches diverses,2021-12-02,15:30:54,00:00:03
stefano.crapanzano@chu.ulg.ac.be,GOAL - LABO - Google Chrome,Tâches diverses,2021-12-02,15:34:15,00:00:51
stefano.crapanzano@chu.ulg.ac.be,GOAL - LABO - Google Chrome,Tâches diverses,2021-12-02,16:03:31,00:00:41
stefano.crapanzano@chu.ulg.ac.be,GOAL - LABO - Google Chrome,Tâches diverses,2021-12-02,16:04:13,00:00:11
stefano.crapanzano@chu.ulg.ac.be,GOAL - LABO - Google Chrome,Tâches diverses,2021-12-02,16:04:26,00:00:04
stefano.crapanzano@chu.ulg.ac.be,GOAL - LABO - Google Chrome,Tâches diverses,2021-12-02,16:05:49,00:00:59
stefano.crapanzano@chu.ulg.ac.be,GOAL - LABO - Google Chrome,Tâches diverses,2021-12-02,16:07:02,00:00:22
stefano.crapanzano@chu.ulg.ac.be,GOAL - LABO - Google Chrome,Tâches diverses,2021-12-02,16:09:22,00:00:07
stefano.crapanzano@chu.ulg.ac.be,GOAL - LABO - Google Chrome,Tâches diverses,2021-12-02,16:10:03,00:01:02
stefano.crapanzano@chu.ulg.ac.be,GOAL - LABO - Google Chrome,Tâches diverses,2021-12-02,16:11:44,00:00:46
stefano.crapanzano@chu.ulg.ac.be,GOAL - LABO - Google Chrome,Tâches diverses,2021-12-02,16:12:49,00:00:13
stefano.crapanzano@chu.ulg.ac.be,GOAL - LABO - Google Chrome,Tâches diverses,2021-12-02,16:13:30,00:00:03
stefano.crapanzano@chu.ulg.ac.be,GOAL - LABO - Google Chrome,Tâches diverses,2021-12-02,16:13:39,00:00:07
stefano.crapanzano@chu.ulg.ac.be,GOAL - LABO - Google Chrome,Tâches diverses,2021-12-02,16:14:04,00:00:18
stefano.crapanzano@chu.ulg.ac.be,GOAL - LABO - Google Chrome,Tâches diverses,2021-12-02,16:15:04,00:00:08
stefano.crapanzano@chu.ulg.ac.be,GOAL - LABO - Google Chrome,Tâches diverses,2021-12-02,16:15:37,00:00:49
stefano.crapanzano@chu.ulg.ac.be,GOAL - LABO - Google Chrome,Tâches diverses,2021-12-02,16:16:32,00:00:04
stefano.crapanzano@chu.ulg.ac.be,GOAL - LABO - Google Chrome,Tâches diverses,2021-12-02,16:17:26,00:02:56
stefano.crapanzano@chu.ulg.ac.be,GOAL - LABO - Google Chrome,Tâches diverses,2021-12-02,16:20:23,00:00:50
stefano.crapanzano@chu.ulg.ac.be,GOAL - LABO - Google Chrome,Tâches diverses,2021-12-02,16:21:39,00:00:03
stefano.crapanzano@chu.ulg.ac.be,GOAL - LABO - Google Chrome,Tâches diverses,2021-12-02,16:21:57,00:00:16
stefano.crapanzano@chu.ulg.ac.be,GOAL - LABO - Google Chrome,Tâches diverses,2021-12-02,16:26:57,00:00:53
stefano.crapanzano@chu.ulg.ac.be,GOAL - LABO - Google Chrome,Tâches diverses,2021-12-02,16:29:04,00:00:44
stefano.crapanzano@chu.ulg.ac.be,GOAL - LABO - Google Chrome,Tâches diverses,2021-12-02,16:29:57,00:09:11
stefano.crapanzano@chu.ulg.ac.be,GOAL - LABO - Google Chrome,Tâches diverses,2021-12-02,16:39:24,00:00:11
stefano.crapanzano@chu.ulg.ac.be,GOAL - LABO - Google Chrome,Tâches diverses,2021-12-02,16:40:25,00:00:05
stefano.crapanzano@chu.ulg.ac.be,GOAL - LABO - Google Chrome,Tâches diverses,2021-12-02,16:40:41,00:00:05
stefano.crapanzano@chu.ulg.ac.be,GOAL - LABO - Google Chrome,Tâches diverses,2021-12-02,16:40:58,00:09:15
stefano.crapanzano@chu.ulg.ac.be,GOAL - LABO - Google Chrome,Tâches diverses,2021-12-02,16:51:44,00:00:09
stefano.crapanzano@chu.ulg.ac.be,GOAL - LABO - Google Chrome,Tâches diverses,2021-12-02,16:52:13,00:00:47
stefano.crapanzano@chu.ulg.ac.be,GOAL - LABO - Google Chrome,Tâches diverses,2021-12-02,16:57:26,00:00:02
stefano.crapanzano@chu.ulg.ac.be,GOAL - LABO - Google Chrome,Tâches diverses,2021-12-02,16:57:30,00:00:12
stefano.crapanzano@chu.ulg.ac.be,GOAL - LABO - Google Chrome,Tâches diverses,2021-12-02,16:59:50,00:00:13
stefano.crapanzano@chu.ulg.ac.be,GOAL - LABO - Google Chrome,Tâches diverses,2021-12-02,17:01:53,00:00:05
stefano.crapanzano@chu.ulg.ac.be,GOAL - LABO - Google Chrome,Tâches diverses,2021-12-02,17:02:04,00:00:46
stefano.crapanzano@chu.ulg.ac.be,GOAL - LABO - Google Chrome,Tâches diverses,2021-12-02,17:03:27,00:00:13
stefano.crapanzano@chu.ulg.ac.be,GOAL - LABO - Google Chrome,Tâches diverses,2021-12-02,17:06:12,00:00:11
stefano.crapanzano@chu.ulg.ac.be,GOAL - LABO - Google Chrome,Tâches diverses,2021-12-02,17:07:34,00:00:12
stefano.crapanzano@chu.ulg.ac.be,GOAL - LABO - Google Chrome,Tâches diverses,2021-12-02,17:09:36,00:00:21
stefano.crapanzano@chu.ulg.ac.be,GOAL - LABO - Google Chrome,Tâches diverses,2021-12-02,17:10:08,00:00:05
stefano.crapanzano@chu.ulg.ac.be,GOAL - LABO - Google Chrome,Tâches diverses,2021-12-02,17:10:25,00:00:07
stefano.crapanzano@chu.ulg.ac.be,GOAL - LABO - Google Chrome,Tâches diverses,2021-12-02,17:11:06,00:00:05
stefano.crapanzano@chu.ulg.ac.be,GOAL - LABO - Google Chrome,Tâches diverses,2021-12-02,17:11:18,00:00:07
stefano.crapanzano@chu.ulg.ac.be,GOAL - LABO - Google Chrome,Tâches diverses,2021-12-02,17:12:40,00:00:09
stefano.crapanzano@chu.ulg.ac.be,GOAL - LABO - Google Chrome,Tâches diverses,2021-12-02,17:13:20,00:00:32
stefano.crapanzano@chu.ulg.ac.be,GOAL - LABO - Google Chrome,Tâches diverses,2021-12-02,17:14:07,00:00:35
stefano.crapanzano@chu.ulg.ac.be,GOAL - LABO - Google Chrome,Tâches diverses,2021-12-02,17:17:40,00:00:55
stefano.crapanzano@chu.ulg.ac.be,GOAL - LABO - Google Chrome,Tâches diverses,2021-12-02,17:18:36,00:00:16
stefano.crapanzano@chu.ulg.ac.be,GOAL - LABO - Google Chrome,Tâches diverses,2021-12-02,17:18:54,00:00:28
stefano.crapanzano@chu.ulg.ac.be,GOAL - LABO - Google Chrome,Tâches diverses,2021-12-02,17:19:50,00:00:49
stefano.crapanzano@chu.ulg.ac.be,GOAL - LABO - Google Chrome,Tâches diverses,2021-12-02,17:22:25,00:00:09
stefano.crapanzano@chu.ulg.ac.be,GOAL - LABO - Google Chrome,Tâches diverses,2021-12-02,17:22:55,00:00:07
stefano.crapanzano@chu.ulg.ac.be,GOAL - LABO - Google Chrome,Tâches diverses,2021-12-02,17:23:39,00:00:03
stefano.crapanzano@chu.ulg.ac.be,GOAL - LABO - Google Chrome,Tâches diverses,2021-12-02,17:23:55,00:00:11
stefano.crapanzano@chu.ulg.ac.be,GOAL - LABO - Google Chrome,Tâches diverses,2021-12-02,17:25:34,00:00:07
stefano.crapanzano@chu.ulg.ac.be,Lecture documentation,Tâches diverses,2021-12-02,08:44:02,00:00:18
stefano.crapanzano@chu.ulg.ac.be,Lecture documentation,Tâches diverses,2021-12-02,08:44:26,00:00:07
stefano.crapanzano@chu.ulg.ac.be,Lecture documentation,Tâches diverses,2021-12-02,08:45:05,00:00:04
stefano.crapanzano@chu.ulg.ac.be,Lecture documentation,Tâches diverses,2021-12-02,08:45:23,00:00:44
stefano.crapanzano@chu.ulg.ac.be,Lecture documentation,Tâches diverses,2021-12-02,08:46:59,00:00:06
stefano.crapanzano@chu.ulg.ac.be,Lecture documentation,Tâches diverses,2021-12-02,08:49:09,00:00:07
stefano.crapanzano@chu.ulg.ac.be,Lecture documentation,Tâches diverses,2021-12-02,08:50:00,00:00:35
stefano.crapanzano@chu.ulg.ac.be,Lecture documentation,Tâches diverses,2021-12-02,09:09:47,00:00:12
stefano.crapanzano@chu.ulg.ac.be,Lecture documentation,Tâches diverses,2021-12-02,09:10:26,00:01:07
stefano.crapanzano@chu.ulg.ac.be,Lecture documentation,Tâches diverses,2021-12-02,09:11:58,00:00:36
stefano.crapanzano@chu.ulg.ac.be,Lecture documentation,Tâches diverses,2021-12-02,09:12:35,00:29:17
stefano.crapanzano@chu.ulg.ac.be,Lecture documentation,Tâches diverses,2021-12-02,09:42:02,00:00:13
stefano.crapanzano@chu.ulg.ac.be,Lecture documentation,Tâches diverses,2021-12-02,09:42:19,00:04:22
stefano.crapanzano@chu.ulg.ac.be,Lecture documentation,Tâches diverses,2021-12-02,09:47:51,00:04:02
stefano.crapanzano@chu.ulg.ac.be,Lecture documentation,Tâches diverses,2021-12-02,10:02:29,00:00:05
stefano.crapanzano@chu.ulg.ac.be,Lecture documentation,Tâches diverses,2021-12-02,10:18:07,00:00:50
stefano.crapanzano@chu.ulg.ac.be,Lecture documentation,Tâches diverses,2021-12-02,10:27:43,00:36:02
stefano.crapanzano@chu.ulg.ac.be,Lecture documentation,Tâches diverses,2021-12-02,11:04:35,00:48:39
stefano.crapanzano@chu.ulg.ac.be,Lecture documentation,Tâches diverses,2021-12-02,11:54:43,00:00:03
stefano.crapanzano@chu.ulg.ac.be,Lecture documentation,Tâches diverses,2021-12-02,12:05:56,00:00:02
stefano.crapanzano@chu.ulg.ac.be,Lecture documentation,Tâches diverses,2021-12-02,12:06:00,00:00:09
stefano.crapanzano@chu.ulg.ac.be,Lecture documentation,Tâches diverses,2021-12-02,12:37:33,00:09:41
stefano.crapanzano@chu.ulg.ac.be,Lecture documentation,Tâches diverses,2021-12-02,12:47:41,00:00:56
stefano.crapanzano@chu.ulg.ac.be,Lecture documentation,Tâches diverses,2021-12-02,12:49:33,00:13:50
stefano.crapanzano@chu.ulg.ac.be,Lecture documentation,Tâches diverses,2021-12-02,13:03:43,00:00:17
stefano.crapanzano@chu.ulg.ac.be,Lecture documentation,Tâches diverses,2021-12-02,13:04:03,00:00:48
stefano.crapanzano@chu.ulg.ac.be,Lecture documentation,Tâches diverses,2021-12-02,13:06:48,00:00:06
stefano.crapanzano@chu.ulg.ac.be,Lecture documentation,Tâches diverses,2021-12-02,13:08:12,00:00:12
stefano.crapanzano@chu.ulg.ac.be,Lecture documentation,Tâches diverses,2021-12-02,13:09:18,00:04:04
stefano.crapanzano@chu.ulg.ac.be,Lecture documentation,Tâches diverses,2021-12-02,13:13:41,00:10:27
stefano.crapanzano@chu.ulg.ac.be,Lecture documentation,Tâches diverses,2021-12-02,13:27:50,00:00:11
stefano.crapanzano@chu.ulg.ac.be,Lecture documentation,Tâches diverses,2021-12-02,13:31:45,00:00:05
stefano.crapanzano@chu.ulg.ac.be,Lecture documentation,Tâches diverses,2021-12-02,14:10:19,00:04:13
stefano.crapanzano@chu.ulg.ac.be,Lecture documentation,Tâches diverses,2021-12-02,15:28:49,00:00:02
stefano.crapanzano@chu.ulg.ac.be,Lecture documentation,Tâches diverses,2021-12-02,15:31:02,00:00:02
stefano.crapanzano@chu.ulg.ac.be,Procédure pour ajouter tous les catalogues à un utilisateur - Mozilla Thunderbird,Helpdesk général,2021-12-02,08:53:26,00:01:26
stefano.crapanzano@chu.ulg.ac.be,Procédure pour ajouter tous les catalogues à un utilisateur - Mozilla Thunderbird,Helpdesk général,2021-12-02,08:55:10,00:00:02
stefano.crapanzano@chu.ulg.ac.be,Procédure pour ajouter tous les catalogues à un utilisateur - Mozilla Thunderbird,Helpdesk général,2021-12-02,08:55:17,00:00:02
stefano.crapanzano@chu.ulg.ac.be,Procédure pour ajouter tous les catalogues à un utilisateur - Mozilla Thunderbird,Helpdesk général,2021-12-02,08:55:24,00:00:02
stefano.crapanzano@chu.ulg.ac.be,Procédure pour ajouter tous les catalogues à un utilisateur - Mozilla Thunderbird,Helpdesk général,2021-12-02,08:55:51,00:00:02
stefano.crapanzano@chu.ulg.ac.be,Procédure pour ajouter tous les catalogues à un utilisateur - Mozilla Thunderbird,Helpdesk général,2021-12-02,08:59:36,00:00:08
stefano.crapanzano@chu.ulg.ac.be,Procédure pour ajouter tous les catalogues à un utilisateur - Mozilla Thunderbird,Helpdesk général,2021-12-02,09:00:39,00:00:02
stefano.crapanzano@chu.ulg.ac.be,Greenshot capture form,Helpdesk général,2021-12-02,08:55:13,00:00:04
stefano.crapanzano@chu.ulg.ac.be,Greenshot capture form,Helpdesk général,2021-12-02,08:55:27,00:00:04
stefano.crapanzano@chu.ulg.ac.be,Greenshot capture form,Helpdesk général,2021-12-02,08:55:37,00:00:06
stefano.crapanzano@chu.ulg.ac.be,Greenshot capture form,Helpdesk général,2021-12-02,08:55:54,00:00:03
stefano.crapanzano@chu.ulg.ac.be,Greenshot capture form,Helpdesk général,2021-12-02,11:57:34,00:00:05
stefano.crapanzano@chu.ulg.ac.be,Greenshot capture form,Helpdesk général,2021-12-02,11:57:43,00:00:05
stefano.crapanzano@chu.ulg.ac.be,Greenshot capture form,Helpdesk général,2021-12-02,12:09:38,00:00:13
stefano.crapanzano@chu.ulg.ac.be,ZSSP_USER_ATTRIBUTES_Paramétrage accès utilisateur (RA) à un ou plusieurs CC-réceptionnaires(inscription) - Xperthis ERP4HC 2.0 Rollout - Service d'assistance - Google Chrome,Tâches diverses,2021-12-02,08:56:25,00:00:17
stefano.crapanzano@chu.ulg.ac.be,ZSSP_USER_ATTRIBUTES_Paramétrage accès utilisateur (RA) à un ou plusieurs CC-réceptionnaires(inscription) - Xperthis ERP4HC 2.0 Rollout - Service d'assistance - Google Chrome,Tâches diverses,2021-12-02,08:58:58,00:00:30
stefano.crapanzano@chu.ulg.ac.be,ZSSP_USER_ATTRIBUTES_Paramétrage accès utilisateur (RA) à un ou plusieurs CC-réceptionnaires(inscription) - Xperthis ERP4HC 2.0 Rollout - Service d'assistance - Google Chrome,Tâches diverses,2021-12-02,08:59:44,00:00:04
stefano.crapanzano@chu.ulg.ac.be,ZSSP_USER_ATTRIBUTES_Paramétrage accès utilisateur (RA) à un ou plusieurs CC-réceptionnaires(inscription) - Xperthis ERP4HC 2.0 Rollout - Service d'assistance - Google Chrome,Tâches diverses,2021-12-02,13:05:24,00:00:15
stefano.crapanzano@chu.ulg.ac.be,SSP Comment sélectionner tous les catalogues pour les ajouter à un utilisateur ? - Xperthis ERP4HC 2.0 Rollout - Service d'assistance - Google Chrome,Tâches diverses,2021-12-02,08:59:55,00:00:43
stefano.crapanzano@chu.ulg.ac.be,SSP Comment sélectionner tous les catalogues pour les ajouter à un utilisateur ? - Xperthis ERP4HC 2.0 Rollout - Service d'assistance - Google Chrome,Tâches diverses,2021-12-02,12:06:27,00:00:06
stefano.crapanzano@chu.ulg.ac.be,Gewaardeerde voorraad,Exploration SAP,2021-12-02,14:03:04,00:02:23
stefano.crapanzano@chu.ulg.ac.be,Gewaardeerde voorraad,Exploration SAP,2021-12-02,14:05:58,00:03:29
stefano.crapanzano@chu.ulg.ac.be,Gewaardeerde voorraad,Exploration SAP,2021-12-02,15:25:20,00:00:02
stefano.crapanzano@chu.ulg.ac.be,Gewaardeerde voorraad,Exploration SAP,2021-12-02,15:35:27,00:00:02
stefano.crapanzano@chu.ulg.ac.be,Gewaardeerde voorraad,Exploration SAP,2021-12-02,15:38:43,00:00:05
stefano.crapanzano@chu.ulg.ac.be,Gewaardeerde voorraad,Exploration SAP,2021-12-02,15:41:36,00:00:03
stefano.crapanzano@chu.ulg.ac.be,Gewaardeerde voorraad,Exploration SAP,2021-12-02,16:23:40,00:00:02
stefano.crapanzano@chu.ulg.ac.be,Gewaardeerde voorraad,Exploration SAP,2021-12-02,16:23:46,00:00:05
stefano.crapanzano@chu.ulg.ac.be,Gewaardeerde voorraad,Exploration SAP,2021-12-02,16:24:27,00:00:17
stefano.crapanzano@chu.ulg.ac.be,SAP Logon 760,Exploration SAP,2021-12-02,09:46:59,00:00:02
stefano.crapanzano@chu.ulg.ac.be,SAP Logon 760,Exploration SAP,2021-12-02,13:40:25,00:00:02
stefano.crapanzano@chu.ulg.ac.be,SAP Logon 760,Exploration SAP,2021-12-02,13:40:35,00:00:06
stefano.crapanzano@chu.ulg.ac.be,SAP Logon 760,Exploration SAP,2021-12-02,16:39:19,00:00:05
stefano.crapanzano@chu.ulg.ac.be,Valeur par Type de Magasin,Exploration SAP,2021-12-02,09:46:51,00:00:02
stefano.crapanzano@chu.ulg.ac.be,Valeur par Type de Magasin,Exploration SAP,2021-12-02,13:40:27,00:00:03
stefano.crapanzano@chu.ulg.ac.be,Valeur par Type de Magasin,Exploration SAP,2021-12-02,14:02:53,00:00:10
stefano.crapanzano@chu.ulg.ac.be,Valeur par Type de Magasin,Exploration SAP,2021-12-02,15:25:14,00:00:02
stefano.crapanzano@chu.ulg.ac.be,Valeur par Type de Magasin,Exploration SAP,2021-12-02,15:35:21,00:00:02
stefano.crapanzano@chu.ulg.ac.be,Valeur par Type de Magasin,Exploration SAP,2021-12-02,15:41:34,00:00:02
stefano.crapanzano@chu.ulg.ac.be,Valeur par Type de Magasin,Exploration SAP,2021-12-02,15:46:31,00:00:02
stefano.crapanzano@chu.ulg.ac.be,Valeur par Type de Magasin,Exploration SAP,2021-12-02,16:23:35,00:00:05
stefano.crapanzano@chu.ulg.ac.be,Valeur par Type de Magasin,Exploration SAP,2021-12-02,16:39:12,00:00:02
stefano.crapanzano@chu.ulg.ac.be,SAP Easy Access Menu de base Applications financières-économiques,Exploration SAP,2021-12-02,09:53:13,00:00:05
stefano.crapanzano@chu.ulg.ac.be,SAP Easy Access Menu de base Applications financières-économiques,Exploration SAP,2021-12-02,09:59:15,00:00:06
stefano.crapanzano@chu.ulg.ac.be,SAP Easy Access Menu de base Applications financières-économiques,Exploration SAP,2021-12-02,10:01:18,00:00:03
stefano.crapanzano@chu.ulg.ac.be,SAP Easy Access Menu de base Applications financières-économiques,Exploration SAP,2021-12-02,10:01:53,00:00:07
stefano.crapanzano@chu.ulg.ac.be,SAP Easy Access Menu de base Applications financières-économiques,Exploration SAP,2021-12-02,10:04:10,00:00:02
stefano.crapanzano@chu.ulg.ac.be,SAP Easy Access Menu de base Applications financières-économiques,Exploration SAP,2021-12-02,14:02:46,00:00:06
stefano.crapanzano@chu.ulg.ac.be,SAP Easy Access Menu de base Applications financières-économiques,Exploration SAP,2021-12-02,16:23:30,00:00:02
stefano.crapanzano@chu.ulg.ac.be,070750003 - Mozilla Thunderbird,Helpdesk général,2021-12-02,09:55:50,00:00:06
stefano.crapanzano@chu.ulg.ac.be,Résumé commandes SAP_LEDENT - Mozilla Thunderbird,Helpdesk général,2021-12-02,09:55:57,00:02:42
stefano.crapanzano@chu.ulg.ac.be,Exporter/importer Lien entre article-centre de coûts et quantité,Exploration SAP,2021-12-02,09:58:53,00:00:21
stefano.crapanzano@chu.ulg.ac.be,Exporter/importer Lien entre article-centre de coûts et quantité,Exploration SAP,2021-12-02,10:01:22,00:00:14
stefano.crapanzano@chu.ulg.ac.be,Exporter/importer Lien entre article-centre de coûts et quantité,Exploration SAP,2021-12-02,10:01:41,00:00:12
stefano.crapanzano@chu.ulg.ac.be,Attributs généraux (BBP) Modifier,Exploration SAP,2021-12-02,09:59:21,00:00:16
stefano.crapanzano@chu.ulg.ac.be,Attributs généraux (BBP) Modifier,Exploration SAP,2021-12-02,10:00:08,00:00:42
stefano.crapanzano@chu.ulg.ac.be,Attributs généraux (BBP) Modifier,Exploration SAP,2021-12-02,10:01:11,00:00:06
stefano.crapanzano@chu.ulg.ac.be,Type d'objet (2)    6 Entrées trouvées,Exploration SAP,2021-12-02,09:59:53,00:00:06
stefano.crapanzano@chu.ulg.ac.be,Personne (2),Exploration SAP,2021-12-02,09:59:40,00:00:10
stefano.crapanzano@chu.ulg.ac.be,Poste (2),Exploration SAP,2021-12-02,09:59:59,00:00:05
stefano.crapanzano@chu.ulg.ac.be,Poste (2)    3 Entrées trouvées,Exploration SAP,2021-12-02,10:00:05,00:00:02
stefano.crapanzano@chu.ulg.ac.be,Serveur occupé,Exploration SAP,2021-12-02,10:02:09,00:00:02
stefano.crapanzano@chu.ulg.ac.be,hors catalogue - Mozilla Thunderbird,Helpdesk général,2021-12-02,10:19:44,00:00:21
stefano.crapanzano@chu.ulg.ac.be, hors catalogue  - Mozilla Thunderbird,Helpdesk général,2021-12-02,10:20:05,00:00:16
stefano.crapanzano@chu.ulg.ac.be, hors catalogue  - Mozilla Thunderbird,Helpdesk général,2021-12-02,10:20:49,00:00:02
stefano.crapanzano@chu.ulg.ac.be, hors catalogue  - Mozilla Thunderbird,Helpdesk général,2021-12-02,10:21:07,00:00:02
stefano.crapanzano@chu.ulg.ac.be, hors catalogue  - Mozilla Thunderbird,Helpdesk général,2021-12-02,10:21:36,00:00:32
stefano.crapanzano@chu.ulg.ac.be, hors catalogue  - Mozilla Thunderbird,Helpdesk général,2021-12-02,10:22:55,00:00:22
stefano.crapanzano@chu.ulg.ac.be, hors catalogue  - Mozilla Thunderbird,Helpdesk général,2021-12-02,10:25:31,00:01:01
stefano.crapanzano@chu.ulg.ac.be, hors catalogue  - Mozilla Thunderbird,Helpdesk général,2021-12-02,10:26:36,00:00:28
stefano.crapanzano@chu.ulg.ac.be, hors catalogue  - Mozilla Thunderbird,Helpdesk général,2021-12-02,10:27:34,00:00:02
stefano.crapanzano@chu.ulg.ac.be,TR: BUG SAP - pas d'accompagnateur DMI référent SAP ce jour - Mozilla Thunderbird,Helpdesk général,2021-12-02,10:20:21,00:00:08
stefano.crapanzano@chu.ulg.ac.be,TR: BUG SAP - pas d'accompagnateur DMI référent SAP ce jour - Mozilla Thunderbird,Helpdesk général,2021-12-02,10:20:36,00:00:13
stefano.crapanzano@chu.ulg.ac.be,URGENT !!! --> TR: BUG SAP - pas d'accompagnateur DMI référent SAP ce jour - Mozilla Thunderbird,Helpdesk général,2021-12-02,10:20:52,00:00:14
stefano.crapanzano@chu.ulg.ac.be,URGENT !!! --> TR: BUG SAP - pas d'accompagnateur DMI référent SAP ce jour - Mozilla Thunderbird,Helpdesk général,2021-12-02,10:21:09,00:00:26
stefano.crapanzano@chu.ulg.ac.be,Bug régulier avec SAP - Mozilla Thunderbird,Helpdesk général,2021-12-02,10:22:08,00:00:46
stefano.crapanzano@chu.ulg.ac.be,SDERP-9425 P203 CHU Articles ZHCI apparaissent dans liste articles hors catalogue - Mozilla Thunderbird,Helpdesk général,2021-12-02,10:23:18,00:01:20
stefano.crapanzano@chu.ulg.ac.be,SDERP-9425 P203 CHU Articles ZHCI apparaissent dans liste articles hors catalogue - Mozilla Thunderbird,Helpdesk général,2021-12-02,10:25:24,00:00:06
stefano.crapanzano@chu.ulg.ac.be,probl SAP - Mozilla Thunderbird,Helpdesk général,2021-12-02,10:26:32,00:00:03
stefano.crapanzano@chu.ulg.ac.be,TR: Urgent : souci article hors catalogue - Mozilla Thunderbird,Helpdesk général,2021-12-02,10:27:04,00:00:29
stefano.crapanzano@chu.ulg.ac.be,Combien faut-il de RAM pour Windows 10 - malekal.com - Google Chrome,Tâches diverses,2021-12-02,13:25:21,00:00:06
stefano.crapanzano@chu.ulg.ac.be,ZORGI Help Center - Service d'assistance - Google Chrome,Tâches diverses,2021-12-02,11:55:57,00:00:03
stefano.crapanzano@chu.ulg.ac.be,ZORGI Help Center - Service d'assistance - Google Chrome,Tâches diverses,2021-12-02,12:06:36,00:00:02
stefano.crapanzano@chu.ulg.ac.be,Incident ERP for HealthCare - Xperthis ERP4HC 1.0 - Service d'assistance - Google Chrome,Tâches diverses,2021-12-02,11:56:01,00:01:17
stefano.crapanzano@chu.ulg.ac.be,Incident ERP for HealthCare - Xperthis ERP4HC 1.0 - Service d'assistance - Google Chrome,Tâches diverses,2021-12-02,11:57:50,00:00:02
stefano.crapanzano@chu.ulg.ac.be,Incident ERP for HealthCare - Xperthis ERP4HC 1.0 - Service d'assistance - Google Chrome,Tâches diverses,2021-12-02,11:58:01,00:00:25
stefano.crapanzano@chu.ulg.ac.be,SSP1.0: problème accès articles  hors catalogue - Mozilla Thunderbird,Helpdesk général,2021-12-02,11:57:30,00:00:03
stefano.crapanzano@chu.ulg.ac.be,SSP1.0: problème accès articles  hors catalogue - Mozilla Thunderbird,Helpdesk général,2021-12-02,11:57:39,00:00:03
stefano.crapanzano@chu.ulg.ac.be,SSP1.0: problème accès articles  hors catalogue - Mozilla Thunderbird,Helpdesk général,2021-12-02,11:58:38,00:00:04
stefano.crapanzano@chu.ulg.ac.be,SSP1.0: problème accès articles  hors catalogue - Mozilla Thunderbird,Helpdesk général,2021-12-02,12:01:39,00:00:02
stefano.crapanzano@chu.ulg.ac.be,Ouvrir,Tâches diverses,2021-12-02,11:57:53,00:00:08
stefano.crapanzano@chu.ulg.ac.be,Ouvrir,Tâches diverses,2021-12-02,12:09:53,00:00:02
stefano.crapanzano@chu.ulg.ac.be,Articles hors catalogues ne s'affichent pas - Xperthis ERP4HC 1.0 - Service d'assistance - Google Chrome,Tâches diverses,2021-12-02,11:58:26,00:00:12
stefano.crapanzano@chu.ulg.ac.be,Articles hors catalogues ne s'affichent pas - Xperthis ERP4HC 1.0 - Service d'assistance - Google Chrome,Tâches diverses,2021-12-02,12:02:18,00:00:02
stefano.crapanzano@chu.ulg.ac.be,Articles hors catalogues ne s'affichent pas - Xperthis ERP4HC 1.0 - Service d'assistance - Google Chrome,Tâches diverses,2021-12-02,12:02:24,00:00:09
stefano.crapanzano@chu.ulg.ac.be,Rédaction : Re: SSP1.0: problème accès articles  hors catalogue - Thunderbird,Helpdesk général,2021-12-02,11:58:44,00:02:51
stefano.crapanzano@chu.ulg.ac.be,Envoi du message - Re: SSP1.0: problème accès articles  hors catalogue,Helpdesk général,2021-12-02,12:01:36,00:00:02
stefano.crapanzano@chu.ulg.ac.be,Dde réservation articles de stock aiguillé vers achats au lieu du stock - Xperthis ERP4HC 1.0 - Service d'assistance - Google Chrome,Tâches diverses,2021-12-02,12:02:46,00:00:25
stefano.crapanzano@chu.ulg.ac.be,Dde réservation articles de stock aiguillé vers achats au lieu du stock - Xperthis ERP4HC 1.0 - Service d'assistance - Google Chrome,Tâches diverses,2021-12-02,12:03:14,00:00:11
stefano.crapanzano@chu.ulg.ac.be,Intégration des accords de revalidation - Xperthis Oazis - Service d'assistance - Google Chrome,Tâches diverses,2021-12-02,12:03:38,00:00:06
stefano.crapanzano@chu.ulg.ac.be,Intégration des accords de revalidation - Xperthis Oazis - Service d'assistance - Google Chrome,Tâches diverses,2021-12-02,13:05:44,00:00:06
stefano.crapanzano@chu.ulg.ac.be,P203 CHR Impossible de mettre le répertoire pour exporter un fichier - Y_DVX_30000158 - Xperthis ERP4HC 1.0 - Service d'assistance - Google Chrome,Tâches diverses,2021-12-02,12:03:57,00:00:34
stefano.crapanzano@chu.ulg.ac.be,P203 CHR Impossible de mettre le répertoire pour exporter un fichier - Y_DVX_30000158 - Xperthis ERP4HC 1.0 - Service d'assistance - Google Chrome,Tâches diverses,2021-12-02,12:04:33,00:00:39
stefano.crapanzano@chu.ulg.ac.be,P203 CHU Articles hors catalogues ne s'affichent pas - Xperthis ERP4HC 1.0 - Service d'assistance - Google Chrome,Tâches diverses,2021-12-02,12:05:28,00:00:13
stefano.crapanzano@chu.ulg.ac.be,P203 CHU Articles hors catalogues ne s'affichent pas - Xperthis ERP4HC 1.0 - Service d'assistance - Google Chrome,Tâches diverses,2021-12-02,13:06:28,00:00:14
stefano.crapanzano@chu.ulg.ac.be,Incident ERP for HealthCare - Xperthis ERP4HC 2.0 Rollout - Service d'assistance - Google Chrome,Tâches diverses,2021-12-02,12:06:39,00:00:03
stefano.crapanzano@chu.ulg.ac.be,Incident ERP for HealthCare - Xperthis ERP4HC 2.0 Rollout - Service d'assistance - Google Chrome,Tâches diverses,2021-12-02,12:06:46,00:00:21
stefano.crapanzano@chu.ulg.ac.be,Incident ERP for HealthCare - Xperthis ERP4HC 2.0 Rollout - Service d'assistance - Google Chrome,Tâches diverses,2021-12-02,12:07:16,00:02:13
stefano.crapanzano@chu.ulg.ac.be,Incident ERP for HealthCare - Xperthis ERP4HC 2.0 Rollout - Service d'assistance - Google Chrome,Tâches diverses,2021-12-02,12:09:55,00:00:07
stefano.crapanzano@chu.ulg.ac.be,Extended My Requests - ZORGI Jira - Google Chrome,Tâches diverses,2021-12-02,12:07:09,00:00:02
stefano.crapanzano@chu.ulg.ac.be,test_user C054864 bloqué - Mozilla Thunderbird,Helpdesk général,2021-12-02,12:09:34,00:00:03
stefano.crapanzano@chu.ulg.ac.be,user CHUC054864 bloqué sur A03 - Xperthis ERP4HC 2.0 Rollout - Service d'assistance - Google Chrome,Tâches diverses,2021-12-02,12:10:03,00:00:10
stefano.crapanzano@chu.ulg.ac.be,user CHUC054864 bloqué sur A03 - Xperthis ERP4HC 2.0 Rollout - Service d'assistance - Google Chrome,Tâches diverses,2021-12-02,12:11:20,00:00:02
stefano.crapanzano@chu.ulg.ac.be,user CHUC054864 bloqué sur A03 - Xperthis ERP4HC 2.0 Rollout - Service d'assistance - Google Chrome,Tâches diverses,2021-12-02,12:18:54,00:01:35
stefano.crapanzano@chu.ulg.ac.be,user CHUC054864 bloqué sur A03 - Xperthis ERP4HC 2.0 Rollout - Service d'assistance - Google Chrome,Tâches diverses,2021-12-02,12:20:32,00:00:02
stefano.crapanzano@chu.ulg.ac.be,user CHUC054864 bloqué sur A03 - Xperthis ERP4HC 2.0 Rollout - Service d'assistance - Google Chrome,Tâches diverses,2021-12-02,12:36:26,00:00:25
stefano.crapanzano@chu.ulg.ac.be,user CHUC054864 bloqué sur A03 - Xperthis ERP4HC 2.0 Rollout - Service d'assistance - Google Chrome,Tâches diverses,2021-12-02,13:05:53,00:00:23
stefano.crapanzano@chu.ulg.ac.be,Rédaction : Re: test_user C054864 bloqué - Thunderbird,Helpdesk général,2021-12-02,12:10:15,00:00:34
stefano.crapanzano@chu.ulg.ac.be,Portail d'erreur - Google Chrome,Tâches diverses,2021-12-02,12:20:36,00:00:05
stefano.crapanzano@chu.ulg.ac.be,Identification - Google Chrome,Tâches diverses,2021-12-02,12:20:42,00:00:06
stefano.crapanzano@chu.ulg.ac.be,myCHU - Google Chrome,Tâches diverses,2021-12-02,14:05:31,00:00:22
stefano.crapanzano@chu.ulg.ac.be,myCHU - Google Chrome,Exploration SAP,2021-12-02,14:09:28,00:00:03
stefano.crapanzano@chu.ulg.ac.be,Filtering - Django REST framework - Google Chrome,Tâches diverses,2021-12-02,13:06:44,00:00:02
stefano.crapanzano@chu.ulg.ac.be,Filtering - Django REST framework - Google Chrome,Tâches diverses,2021-12-02,13:06:57,00:00:40
stefano.crapanzano@chu.ulg.ac.be,Filtering - Django REST framework - Google Chrome,Tâches diverses,2021-12-02,13:28:05,00:00:05
stefano.crapanzano@chu.ulg.ac.be,Lifesize,Tâches diverses,2021-12-02,12:37:10,00:00:06
stefano.crapanzano@chu.ulg.ac.be,Lifesize,Tâches diverses,2021-12-02,12:37:27,00:00:03
stefano.crapanzano@chu.ulg.ac.be,Lifesize,Tâches diverses,2021-12-02,13:09:09,00:00:02
stefano.crapanzano@chu.ulg.ac.be,Lifesize,Tâches diverses,2021-12-02,13:29:56,00:00:07
stefano.crapanzano@chu.ulg.ac.be,Lifesize,Tâches diverses,2021-12-02,13:30:22,00:00:35
stefano.crapanzano@chu.ulg.ac.be,Lifesize,Tâches diverses,2021-12-02,13:32:09,00:00:31
stefano.crapanzano@chu.ulg.ac.be,Lifesize,Tâches diverses,2021-12-02,13:33:15,00:00:09
stefano.crapanzano@chu.ulg.ac.be,P203 CHU Fichier zip des données de l'erp inchangé depuis le 25 novembre 2021 - Xperthis ERP4HC 1.0 - Service d'assistance - Google Chrome,Tâches diverses,2021-12-02,13:06:21,00:00:02
stefano.crapanzano@chu.ulg.ac.be,python 3.x - base_name argument not specified  and could not automatically determine the name from the viewset  as it does not have a .queryset attribute - Stack Overflow - Google Chrome,Tâches diverses,2021-12-02,13:25:27,00:00:02
stefano.crapanzano@chu.ulg.ac.be,python 3.x - base_name argument not specified  and could not automatically determine the name from the viewset  as it does not have a .queryset attribute - Stack Overflow - Google Chrome,Tâches diverses,2021-12-02,13:25:45,00:00:05
stefano.crapanzano@chu.ulg.ac.be,https://doodle.com/poll/g75n7pg28vfaf7y4 - Google Chrome,Tâches diverses,2021-12-02,13:25:33,00:00:11
stefano.crapanzano@chu.ulg.ac.be,https://doodle.com/poll/g75n7pg28vfaf7y4 - Google Chrome,Tâches diverses,2021-12-02,13:25:50,00:00:02
stefano.crapanzano@chu.ulg.ac.be,https://doodle.com/poll/g75n7pg28vfaf7y4 - Google Chrome,Tâches diverses,2021-12-02,13:26:01,00:00:06
stefano.crapanzano@chu.ulg.ac.be,https://doodle.com/poll/g75n7pg28vfaf7y4 - Google Chrome,Tâches diverses,2021-12-02,13:28:10,00:00:13
stefano.crapanzano@chu.ulg.ac.be,https://doodle.com/poll/g75n7pg28vfaf7y4 - Google Chrome,Tâches diverses,2021-12-02,13:28:35,00:00:02
stefano.crapanzano@chu.ulg.ac.be,https://doodle.com/poll/g75n7pg28vfaf7y4 - Google Chrome,Tâches diverses,2021-12-02,13:29:00,00:00:02
stefano.crapanzano@chu.ulg.ac.be,https://doodle.com/poll/g75n7pg28vfaf7y4 - Google Chrome,Tâches diverses,2021-12-02,13:29:07,00:00:05
stefano.crapanzano@chu.ulg.ac.be,https://doodle.com/poll/g75n7pg28vfaf7y4 - Google Chrome,Tâches diverses,2021-12-02,13:31:26,00:00:05
stefano.crapanzano@chu.ulg.ac.be,https://doodle.com/poll/g75n7pg28vfaf7y4 - Google Chrome,Tâches diverses,2021-12-02,13:35:00,00:00:02
stefano.crapanzano@chu.ulg.ac.be,Nouvel onglet - Google Chrome,Tâches diverses,2021-12-02,13:29:04,00:00:02
stefano.crapanzano@chu.ulg.ac.be,Nouvel onglet - Google Chrome,Tâches diverses,2021-12-02,14:59:26,00:00:06
stefano.crapanzano@chu.ulg.ac.be,Nouvel onglet - Google Chrome,Tâches diverses,2021-12-02,15:00:28,00:00:04
stefano.crapanzano@chu.ulg.ac.be,Nouvel onglet - Google Chrome,Tâches diverses,2021-12-02,15:01:48,00:00:07
stefano.crapanzano@chu.ulg.ac.be,Nouvel onglet - Google Chrome,Tâches diverses,2021-12-02,15:04:09,00:00:04
stefano.crapanzano@chu.ulg.ac.be,Nouvel onglet - Google Chrome,Tâches diverses,2021-12-02,15:12:36,00:00:13
stefano.crapanzano@chu.ulg.ac.be,Nouvel onglet - Google Chrome,Tâches diverses,2021-12-02,15:36:59,00:00:05
stefano.crapanzano@chu.ulg.ac.be,Nouvel onglet - Google Chrome,Tâches diverses,2021-12-02,15:44:03,00:00:10
stefano.crapanzano@chu.ulg.ac.be,Nouvel onglet - Google Chrome,Tâches diverses,2021-12-02,15:51:45,00:00:10
stefano.crapanzano@chu.ulg.ac.be,Nouvel onglet - Google Chrome,Tâches diverses,2021-12-02,16:04:30,00:00:06
stefano.crapanzano@chu.ulg.ac.be,Nouvel onglet - Google Chrome,Tâches diverses,2021-12-02,16:05:03,00:00:03
stefano.crapanzano@chu.ulg.ac.be,Nouvel onglet - Google Chrome,Tâches diverses,2021-12-02,17:11:32,00:00:13
stefano.crapanzano@chu.ulg.ac.be,Ouverture -Excel,Tâches diverses,2021-12-02,13:29:29,00:00:06
stefano.crapanzano@chu.ulg.ac.be,ecriture_comptable_répartition_analyse_102021_v04.xlsx - Excel,Tâches diverses,2021-12-02,13:29:37,00:00:10
stefano.crapanzano@chu.ulg.ac.be,Brouillons - stefano.crapanzano@chuliege.be - Mozilla Thunderbird,Helpdesk général,2021-12-02,13:30:10,00:00:02
stefano.crapanzano@chu.ulg.ac.be,Son,Tâches diverses,2021-12-02,13:33:27,00:01:27
stefano.crapanzano@chu.ulg.ac.be,Définir valeurs pour critères de filtre,Exploration SAP,2021-12-02,16:23:43,00:00:02
stefano.crapanzano@chu.ulg.ac.be,extract char from string sql - Recherche Google - Google Chrome,Tâches diverses,2021-12-02,14:59:32,00:00:02
stefano.crapanzano@chu.ulg.ac.be,SQL Server SUBSTRING() Function - Google Chrome,Tâches diverses,2021-12-02,14:59:35,00:00:05
stefano.crapanzano@chu.ulg.ac.be,SQL Server SUBSTRING() Function - Google Chrome,Tâches diverses,2021-12-02,14:59:54,00:00:03
stefano.crapanzano@chu.ulg.ac.be,SQL Server SUBSTRING() Function - Google Chrome,Tâches diverses,2021-12-02,15:00:06,00:00:02
stefano.crapanzano@chu.ulg.ac.be,substring sqlite - Recherche Google - Google Chrome,Tâches diverses,2021-12-02,15:00:32,00:00:02
stefano.crapanzano@chu.ulg.ac.be,SQLite substr Function - Google Chrome,Tâches diverses,2021-12-02,15:00:34,00:00:04
stefano.crapanzano@chu.ulg.ac.be,substring sql server - Recherche Google - Google Chrome,Tâches diverses,2021-12-02,15:01:56,00:00:06
stefano.crapanzano@chu.ulg.ac.be,substr sql server - Recherche Google - Google Chrome,Tâches diverses,2021-12-02,15:02:03,00:00:06
stefano.crapanzano@chu.ulg.ac.be,substr sql server - Recherche Google - Google Chrome,Tâches diverses,2021-12-02,15:02:47,00:00:07
stefano.crapanzano@chu.ulg.ac.be,SQL SUBSTRING() - SQL - Google Chrome,Tâches diverses,2021-12-02,15:02:10,00:00:37
stefano.crapanzano@chu.ulg.ac.be,sqlite concat - Recherche Google - Google Chrome,Tâches diverses,2021-12-02,15:04:13,00:00:02
stefano.crapanzano@chu.ulg.ac.be,django query extract 4 char of column - Recherche Google - Google Chrome,Tâches diverses,2021-12-02,15:12:50,00:00:22
stefano.crapanzano@chu.ulg.ac.be,django query last 4 char of column - Recherche Google - Google Chrome,Tâches diverses,2021-12-02,15:13:12,00:00:02
stefano.crapanzano@chu.ulg.ac.be,django query last 4 char of column - Recherche Google - Google Chrome,Tâches diverses,2021-12-02,15:13:50,00:00:07
stefano.crapanzano@chu.ulg.ac.be,django query last 4 char of column - Recherche Google - Google Chrome,Tâches diverses,2021-12-02,15:14:00,00:00:05
stefano.crapanzano@chu.ulg.ac.be,Django ORM: Compare substring - Stack Overflow - Google Chrome,Tâches diverses,2021-12-02,15:13:15,00:00:34
stefano.crapanzano@chu.ulg.ac.be,django - queryset order_by field that has characters and integers - Stack Overflow - Google Chrome,Tâches diverses,2021-12-02,15:13:58,00:00:02
stefano.crapanzano@chu.ulg.ac.be,django query substring char of column - Recherche Google - Google Chrome,Tâches diverses,2021-12-02,15:14:06,00:00:06
stefano.crapanzano@chu.ulg.ac.be,django query substring char of column - Recherche Google - Google Chrome,Tâches diverses,2021-12-02,15:14:15,00:00:13
stefano.crapanzano@chu.ulg.ac.be,Check Point UserCheck - Google Chrome,Tâches diverses,2021-12-02,15:14:13,00:00:02
stefano.crapanzano@chu.ulg.ac.be,Django slice a single field in a queryset - Google Chrome,Tâches diverses,2021-12-02,15:14:29,00:00:37
stefano.crapanzano@chu.ulg.ac.be,Django slice a single field in a queryset - Google Chrome,Tâches diverses,2021-12-02,15:21:26,00:00:02
stefano.crapanzano@chu.ulg.ac.be,Django slice a single field in a queryset - Google Chrome,Tâches diverses,2021-12-02,15:28:03,00:00:02
stefano.crapanzano@chu.ulg.ac.be,slice python string - Recherche Google - Google Chrome,Tâches diverses,2021-12-02,15:37:05,00:00:02
stefano.crapanzano@chu.ulg.ac.be,Comment indexer et couper des chaînes dans Python 3 | DigitalOcean - Google Chrome,Tâches diverses,2021-12-02,15:37:07,00:00:33
stefano.crapanzano@chu.ulg.ac.be,SAP,Exploration SAP,2021-12-02,15:38:29,00:00:03
stefano.crapanzano@chu.ulg.ac.be,SAP,Exploration SAP,2021-12-02,15:41:29,00:00:04
stefano.crapanzano@chu.ulg.ac.be,django datefield save empty - Recherche Google - Google Chrome,Tâches diverses,2021-12-02,15:44:14,00:00:02
stefano.crapanzano@chu.ulg.ac.be,django datefield save empty - Recherche Google - Google Chrome,Tâches diverses,2021-12-02,15:44:30,00:00:05
stefano.crapanzano@chu.ulg.ac.be,django datefield save empty - Recherche Google - Google Chrome,Tâches diverses,2021-12-02,15:44:46,00:00:04
stefano.crapanzano@chu.ulg.ac.be,django datefield save empty - Recherche Google - Google Chrome,Tâches diverses,2021-12-02,15:45:21,00:00:11
stefano.crapanzano@chu.ulg.ac.be,forms - How to save an empty datefield in django - Stack Overflow - Google Chrome,Tâches diverses,2021-12-02,15:44:16,00:00:13
stefano.crapanzano@chu.ulg.ac.be,#11765 (models.DateField(null=True  blank=True) accepts None  but not the empty string '') – Django - Google Chrome,Tâches diverses,2021-12-02,15:44:35,00:00:10
stefano.crapanzano@chu.ulg.ac.be,DateField - Django Models - GeeksforGeeks - Google Chrome,Tâches diverses,2021-12-02,15:44:50,00:00:30
stefano.crapanzano@chu.ulg.ac.be,django datefield save '' - Recherche Google - Google Chrome,Tâches diverses,2021-12-02,15:45:33,00:00:10
stefano.crapanzano@chu.ulg.ac.be,django datefield empty string - Recherche Google - Google Chrome,Tâches diverses,2021-12-02,15:45:43,00:00:02
stefano.crapanzano@chu.ulg.ac.be,python 3.x - Why Django DateField doesn't accept empty values? - Stack Overflow - Google Chrome,Tâches diverses,2021-12-02,15:45:46,00:00:16
stefano.crapanzano@chu.ulg.ac.be,django select min for all objects - Recherche Google - Google Chrome,Tâches diverses,2021-12-02,15:51:56,00:00:09
stefano.crapanzano@chu.ulg.ac.be,django group by select min for all objects - Recherche Google - Google Chrome,Tâches diverses,2021-12-02,15:52:05,00:00:03
stefano.crapanzano@chu.ulg.ac.be,django group by select min - Recherche Google - Google Chrome,Tâches diverses,2021-12-02,15:52:09,00:00:05
stefano.crapanzano@chu.ulg.ac.be,django group by select min including null values - Recherche Google - Google Chrome,Tâches diverses,2021-12-02,15:52:14,00:00:07
stefano.crapanzano@chu.ulg.ac.be,Django  how to use 'group by' and 'max' to get complete row in queryset and display related items in template - Stack Overflow - Google Chrome,Tâches diverses,2021-12-02,15:52:22,00:00:11
stefano.crapanzano@chu.ulg.ac.be,django datefield format template - Recherche Google - Google Chrome,Tâches diverses,2021-12-02,16:04:37,00:00:02
stefano.crapanzano@chu.ulg.ac.be,How to format dateTime in django template? - Stack Overflow - Google Chrome,Tâches diverses,2021-12-02,16:04:40,00:00:06
stefano.crapanzano@chu.ulg.ac.be,display all object column dict - Recherche Google - Google Chrome,Tâches diverses,2021-12-02,17:11:53,00:00:02
stefano.crapanzano@chu.ulg.ac.be,display all object column dict - Recherche Google - Google Chrome,Tâches diverses,2021-12-02,17:12:03,00:00:02
stefano.crapanzano@chu.ulg.ac.be,python - Split / Explode a column of dictionaries into separate columns with pandas - Stack Overflow - Google Chrome,Tâches diverses,2021-12-02,17:11:47,00:00:06
stefano.crapanzano@chu.ulg.ac.be,how to print all elements of a dictionary in python Code Example - Google Chrome,Tâches diverses,2021-12-02,17:11:56,00:00:06
stefano.crapanzano@chu.ulg.ac.be,display all object column dict python - Recherche Google - Google Chrome,Tâches diverses,2021-12-02,17:12:11,00:00:07
stefano.crapanzano@chu.ulg.ac.be,python describe show all columns Code Example - Google Chrome,Tâches diverses,2021-12-02,17:12:08,00:00:02
stefano.crapanzano@chu.ulg.ac.be,display all object column dict python django - Recherche Google - Google Chrome,Tâches diverses,2021-12-02,17:12:19,00:00:04
stefano.crapanzano@chu.ulg.ac.be,python - Convert Django Model object to dict with all of the fields intact - Stack Overflow - Google Chrome,Tâches diverses,2021-12-02,17:12:23,00:00:07
