Email,Description,Project,Start date,Start time,Duration
stefano.crapanzano@chu.ulg.ac.be,Administrateur : C:\Windows\system32\cmd.exe - python  main.py,IT,2021-11-30,08:29:01,00:00:02
stefano.crapanzano@chu.ulg.ac.be,Envoyés - erp.sai@chuliege.be - Mozilla Thunderbird,Helpdesk général,2021-11-30,08:29:04,00:00:02
stefano.crapanzano@chu.ulg.ac.be,Envoyés - erp.sai@chuliege.be - Mozilla Thunderbird,Helpdesk général,2021-11-30,15:31:58,00:00:29
stefano.crapanzano@chu.ulg.ac.be,Envoyés - erp.sai@chuliege.be - Mozilla Thunderbird,Helpdesk général,2021-11-30,15:34:30,00:02:56
stefano.crapanzano@chu.ulg.ac.be,Envoyés - erp.sai@chuliege.be - Mozilla Thunderbird,Helpdesk général,2021-11-30,16:56:13,00:02:27
stefano.crapanzano@chu.ulg.ac.be,Courrier entrant - erp.sai@chuliege.be - Mozilla Thunderbird,Helpdesk général,2021-11-30,08:29:06,00:00:26
stefano.crapanzano@chu.ulg.ac.be,Courrier entrant - erp.sai@chuliege.be - Mozilla Thunderbird,Helpdesk général,2021-11-30,08:29:36,00:03:32
stefano.crapanzano@chu.ulg.ac.be,Courrier entrant - erp.sai@chuliege.be - Mozilla Thunderbird,Helpdesk général,2021-11-30,08:33:38,00:00:13
stefano.crapanzano@chu.ulg.ac.be,Courrier entrant - erp.sai@chuliege.be - Mozilla Thunderbird,Helpdesk général,2021-11-30,08:34:05,00:00:10
stefano.crapanzano@chu.ulg.ac.be,Courrier entrant - erp.sai@chuliege.be - Mozilla Thunderbird,Helpdesk général,2021-11-30,08:35:37,00:00:04
stefano.crapanzano@chu.ulg.ac.be,Courrier entrant - erp.sai@chuliege.be - Mozilla Thunderbird,Helpdesk général,2021-11-30,08:40:41,00:00:04
stefano.crapanzano@chu.ulg.ac.be,Courrier entrant - erp.sai@chuliege.be - Mozilla Thunderbird,Helpdesk général,2021-11-30,08:41:01,00:00:06
stefano.crapanzano@chu.ulg.ac.be,Courrier entrant - erp.sai@chuliege.be - Mozilla Thunderbird,Helpdesk général,2021-11-30,08:45:40,00:00:09
stefano.crapanzano@chu.ulg.ac.be,Courrier entrant - erp.sai@chuliege.be - Mozilla Thunderbird,Tâches diverses,2021-11-30,08:45:54,00:00:02
stefano.crapanzano@chu.ulg.ac.be,Courrier entrant - erp.sai@chuliege.be - Mozilla Thunderbird,Helpdesk général,2021-11-30,08:46:24,00:22:01
stefano.crapanzano@chu.ulg.ac.be,Courrier entrant - erp.sai@chuliege.be - Mozilla Thunderbird,Helpdesk général,2021-11-30,10:54:32,00:00:05
stefano.crapanzano@chu.ulg.ac.be,Courrier entrant - erp.sai@chuliege.be - Mozilla Thunderbird,Helpdesk général,2021-11-30,10:54:45,00:00:09
stefano.crapanzano@chu.ulg.ac.be,Courrier entrant - erp.sai@chuliege.be - Mozilla Thunderbird,Helpdesk général,2021-11-30,10:56:01,00:03:44
stefano.crapanzano@chu.ulg.ac.be,Courrier entrant - erp.sai@chuliege.be - Mozilla Thunderbird,Helpdesk général,2021-11-30,11:20:10,00:00:22
stefano.crapanzano@chu.ulg.ac.be,Courrier entrant - erp.sai@chuliege.be - Mozilla Thunderbird,Helpdesk général,2021-11-30,11:20:46,02:48:22
stefano.crapanzano@chu.ulg.ac.be,Courrier entrant - erp.sai@chuliege.be - Mozilla Thunderbird,Tâches diverses,2021-11-30,14:31:35,00:00:04
stefano.crapanzano@chu.ulg.ac.be,Courrier entrant - erp.sai@chuliege.be - Mozilla Thunderbird,Helpdesk général,2021-11-30,15:31:43,00:00:03
stefano.crapanzano@chu.ulg.ac.be,Courrier entrant - erp.sai@chuliege.be - Mozilla Thunderbird,Helpdesk général,2021-11-30,15:31:51,00:00:06
stefano.crapanzano@chu.ulg.ac.be,Courrier entrant - erp.sai@chuliege.be - Mozilla Thunderbird,Helpdesk général,2021-11-30,15:37:30,00:00:24
stefano.crapanzano@chu.ulg.ac.be,Courrier entrant - erp.sai@chuliege.be - Mozilla Thunderbird,Helpdesk général,2021-11-30,15:37:56,00:00:02
stefano.crapanzano@chu.ulg.ac.be,Courrier entrant - erp.sai@chuliege.be - Mozilla Thunderbird,Helpdesk général,2021-11-30,15:39:21,00:00:13
stefano.crapanzano@chu.ulg.ac.be,Courrier entrant - erp.sai@chuliege.be - Mozilla Thunderbird,Helpdesk général,2021-11-30,16:15:39,00:00:13
stefano.crapanzano@chu.ulg.ac.be,Courrier entrant - erp.sai@chuliege.be - Mozilla Thunderbird,Helpdesk général,2021-11-30,16:16:42,00:01:03
stefano.crapanzano@chu.ulg.ac.be,Courrier entrant - erp.sai@chuliege.be - Mozilla Thunderbird,Helpdesk général,2021-11-30,16:20:45,00:00:09
stefano.crapanzano@chu.ulg.ac.be,Courrier entrant - erp.sai@chuliege.be - Mozilla Thunderbird,Helpdesk général,2021-11-30,16:22:22,00:30:17
stefano.crapanzano@chu.ulg.ac.be,Courrier entrant - erp.sai@chuliege.be - Mozilla Thunderbird,Helpdesk général,2021-11-30,16:54:39,00:00:02
stefano.crapanzano@chu.ulg.ac.be,Courrier entrant - erp.sai@chuliege.be - Mozilla Thunderbird,Helpdesk général,2021-11-30,16:54:56,00:01:11
stefano.crapanzano@chu.ulg.ac.be,Courrier entrant - erp.sai@chuliege.be - Mozilla Thunderbird,Helpdesk général,2021-11-30,16:56:10,00:00:02
stefano.crapanzano@chu.ulg.ac.be,Courrier entrant - erp.sai@chuliege.be - Mozilla Thunderbird,Helpdesk général,2021-11-30,17:03:14,00:00:02
stefano.crapanzano@chu.ulg.ac.be,Courrier entrant - stefano.crapanzano@chuliege.be - Mozilla Thunderbird,Helpdesk général,2021-11-30,08:29:33,00:00:02
stefano.crapanzano@chu.ulg.ac.be,Courrier entrant - stefano.crapanzano@chuliege.be - Mozilla Thunderbird,Helpdesk général,2021-11-30,08:35:34,00:00:02
stefano.crapanzano@chu.ulg.ac.be,Courrier entrant - stefano.crapanzano@chuliege.be - Mozilla Thunderbird,Helpdesk général,2021-11-30,11:20:33,00:00:02
stefano.crapanzano@chu.ulg.ac.be,Courrier entrant - stefano.crapanzano@chuliege.be - Mozilla Thunderbird,Helpdesk général,2021-11-30,15:31:47,00:00:04
stefano.crapanzano@chu.ulg.ac.be,Courrier entrant - stefano.crapanzano@chuliege.be - Mozilla Thunderbird,Helpdesk général,2021-11-30,16:15:52,00:00:49
stefano.crapanzano@chu.ulg.ac.be,Courrier entrant - stefano.crapanzano@chuliege.be - Mozilla Thunderbird,Helpdesk général,2021-11-30,16:17:45,00:01:23
stefano.crapanzano@chu.ulg.ac.be,Courrier entrant - stefano.crapanzano@chuliege.be - Mozilla Thunderbird,Helpdesk général,2021-11-30,16:20:42,00:00:02
stefano.crapanzano@chu.ulg.ac.be,Courrier entrant - stefano.crapanzano@chuliege.be - Mozilla Thunderbird,Helpdesk général,2021-11-30,16:54:41,00:00:14
stefano.crapanzano@chu.ulg.ac.be,Courrier entrant - stefano.crapanzano@chuliege.be - Mozilla Thunderbird,Helpdesk général,2021-11-30,16:56:07,00:00:02
stefano.crapanzano@chu.ulg.ac.be,Courrier entrant - stefano.crapanzano@chuliege.be - Mozilla Thunderbird,Helpdesk général,2021-11-30,16:58:40,00:02:24
stefano.crapanzano@chu.ulg.ac.be,Courrier entrant - stefano.crapanzano@chuliege.be - Mozilla Thunderbird,Helpdesk général,2021-11-30,17:02:47,00:00:06
stefano.crapanzano@chu.ulg.ac.be,Courrier entrant - stefano.crapanzano@chuliege.be - Mozilla Thunderbird,Helpdesk général,2021-11-30,17:03:16,00:00:21
stefano.crapanzano@chu.ulg.ac.be,Courrier entrant - stefano.crapanzano@chuliege.be - Mozilla Thunderbird,Helpdesk général,2021-11-30,17:03:58,00:02:09
stefano.crapanzano@chu.ulg.ac.be,Netop Invité,Helpdesk général,2021-11-30,08:33:08,00:00:05
stefano.crapanzano@chu.ulg.ac.be,Netop Invité,Helpdesk général,2021-11-30,11:09:36,00:00:02
stefano.crapanzano@chu.ulg.ac.be,Netop Invité,Helpdesk général,2021-11-30,15:53:17,00:00:20
stefano.crapanzano@chu.ulg.ac.be,Netop Invité,Helpdesk général,2021-11-30,16:12:46,00:00:06
stefano.crapanzano@chu.ulg.ac.be,Netop Invité,Helpdesk général,2021-11-30,16:15:35,00:00:04
stefano.crapanzano@chu.ulg.ac.be,Connexion à l'aide de l'authentification Windows,Helpdesk général,2021-11-30,08:33:14,00:00:04
stefano.crapanzano@chu.ulg.ac.be,Connexion à l'aide de l'authentification Windows,Helpdesk général,2021-11-30,11:01:23,00:00:02
stefano.crapanzano@chu.ulg.ac.be,Connexion à l'aide de l'authentification Windows,Helpdesk général,2021-11-30,15:53:39,00:00:03
stefano.crapanzano@chu.ulg.ac.be,Netop,Helpdesk général,2021-11-30,15:53:43,00:00:02
stefano.crapanzano@chu.ulg.ac.be,si-s-serv503 - Netop Remote Control,Helpdesk général,2021-11-30,08:33:19,00:00:18
stefano.crapanzano@chu.ulg.ac.be,si-s-serv503 - Netop Remote Control,Helpdesk général,2021-11-30,08:33:52,00:00:02
stefano.crapanzano@chu.ulg.ac.be,GOAL - LABO - Google Chrome,Helpdesk général,2021-11-30,08:33:57,00:00:08
stefano.crapanzano@chu.ulg.ac.be,GOAL - LABO - Google Chrome,Tâches diverses,2021-11-30,08:35:41,00:00:08
stefano.crapanzano@chu.ulg.ac.be,GOAL - LABO - Google Chrome,Tâches diverses,2021-11-30,08:42:23,00:00:27
stefano.crapanzano@chu.ulg.ac.be,GOAL - LABO - Google Chrome,Tâches diverses,2021-11-30,14:09:11,00:00:06
stefano.crapanzano@chu.ulg.ac.be,VERIF_CODE_SWIFT - erp.sai@chuliege.be - Mozilla Thunderbird,Helpdesk général,2021-11-30,08:34:16,00:00:27
stefano.crapanzano@chu.ulg.ac.be,SURVEILLANCE_ZMMARTIKEL - erp.sai@chuliege.be - Mozilla Thunderbird,Helpdesk général,2021-11-30,08:34:43,00:00:04
stefano.crapanzano@chu.ulg.ac.be,SURVEILLANCE_TVA_FOURNISSEUR - erp.sai@chuliege.be - Mozilla Thunderbird,Helpdesk général,2021-11-30,08:34:47,00:00:18
stefano.crapanzano@chu.ulg.ac.be,SURVEILLANCE_PMP - erp.sai@chuliege.be - Mozilla Thunderbird,Helpdesk général,2021-11-30,08:35:06,00:00:05
stefano.crapanzano@chu.ulg.ac.be,REDRESSEMENT_SIGNALETIQUE - erp.sai@chuliege.be - Mozilla Thunderbird,Helpdesk général,2021-11-30,08:35:11,00:00:05
stefano.crapanzano@chu.ulg.ac.be,REAPPRO_PDA - erp.sai@chuliege.be - Mozilla Thunderbird,Helpdesk général,2021-11-30,08:35:17,00:00:02
stefano.crapanzano@chu.ulg.ac.be,PATIENTS_DECEDES - erp.sai@chuliege.be - Mozilla Thunderbird,Helpdesk général,2021-11-30,08:35:19,00:00:04
stefano.crapanzano@chu.ulg.ac.be,GOAL_RESERVATION_EN_COURS - erp.sai@chuliege.be - Mozilla Thunderbird,Helpdesk général,2021-11-30,08:35:23,00:00:02
stefano.crapanzano@chu.ulg.ac.be,GOAL_DISCORDANCES - erp.sai@chuliege.be - Mozilla Thunderbird,Helpdesk général,2021-11-30,08:35:26,00:00:02
stefano.crapanzano@chu.ulg.ac.be,COMMANDE_FOURNISSEUR_INCONNU - erp.sai@chuliege.be - Mozilla Thunderbird,Helpdesk général,2021-11-30,08:35:31,00:00:02
stefano.crapanzano@chu.ulg.ac.be,pageLength - Google Chrome,Tâches diverses,2021-11-30,08:35:49,00:00:02
stefano.crapanzano@chu.ulg.ac.be,CHU de Liège - Intranet - Google Chrome,Tâches diverses,2021-11-30,08:35:53,00:00:05
stefano.crapanzano@chu.ulg.ac.be,CHU de Liège - Intranet - Google Chrome,Tâches diverses,2021-11-30,16:20:57,00:00:02
stefano.crapanzano@chu.ulg.ac.be,Identification - Google Chrome,Tâches diverses,2021-11-30,08:35:59,00:00:08
stefano.crapanzano@chu.ulg.ac.be,POST data - Google Chrome,Tâches diverses,2021-11-30,08:36:07,00:00:02
stefano.crapanzano@chu.ulg.ac.be,myCHU - Google Chrome,Tâches diverses,2021-11-30,08:36:10,00:00:07
stefano.crapanzano@chu.ulg.ac.be,myCHU - Google Chrome,Tâches diverses,2021-11-30,08:40:48,00:00:12
stefano.crapanzano@chu.ulg.ac.be,myCHU - Google Chrome,Tâches diverses,2021-11-30,08:41:07,00:00:02
stefano.crapanzano@chu.ulg.ac.be,myCHU - Google Chrome,Tâches diverses,2021-11-30,08:41:27,00:00:03
stefano.crapanzano@chu.ulg.ac.be,myCHU - Google Chrome,Tâches diverses,2021-11-30,08:42:20,00:00:02
stefano.crapanzano@chu.ulg.ac.be,myCHU - Google Chrome,Tâches diverses,2021-11-30,16:52:45,00:00:04
stefano.crapanzano@chu.ulg.ac.be,jsp/fichepaie/MenuFichePaie.jsp (CHUL) - Google Chrome,Tâches diverses,2021-11-30,08:36:20,00:00:02
stefano.crapanzano@chu.ulg.ac.be,jsp/fichepaie/FichePaieFirmes2.jsp (CHUL) - Google Chrome,Tâches diverses,2021-11-30,08:36:23,00:00:05
stefano.crapanzano@chu.ulg.ac.be,jsp/fichepaie/FichePaieFirmes2.jsp (CHUL) - Google Chrome,Tâches diverses,2021-11-30,08:37:21,00:00:04
stefano.crapanzano@chu.ulg.ac.be,jsp/fichepaie/FichePaieFirmes2.jsp (CHUL) - Google Chrome,Tâches diverses,2021-11-30,08:39:09,00:00:02
stefano.crapanzano@chu.ulg.ac.be,jsp/fichepaie/FichePaieFirmes2.jsp (CHUL) - Google Chrome,Tâches diverses,2021-11-30,08:39:59,00:00:06
stefano.crapanzano@chu.ulg.ac.be,jsp/fichepaie/FichePaieFirmes2.jsp (CHUL) - Google Chrome,Tâches diverses,2021-11-30,08:40:31,00:00:10
stefano.crapanzano@chu.ulg.ac.be,jsp/fichepaie/FichePaieFirmes2.jsp (CHUL) - Google Chrome,Tâches diverses,2021-11-30,08:40:45,00:00:03
stefano.crapanzano@chu.ulg.ac.be,jsp/fichepaie/FichePaieFirmes2.jsp (CHUL) - Google Chrome,Tâches diverses,2021-11-30,14:22:06,00:00:02
stefano.crapanzano@chu.ulg.ac.be,DataWindow - Google Chrome,Tâches diverses,2021-11-30,08:36:30,00:00:51
stefano.crapanzano@chu.ulg.ac.be,DataWindow - Google Chrome,Tâches diverses,2021-11-30,08:37:25,00:01:44
stefano.crapanzano@chu.ulg.ac.be,DataWindow - Google Chrome,Tâches diverses,2021-11-30,08:39:12,00:00:45
stefano.crapanzano@chu.ulg.ac.be,DataWindow - Google Chrome,Tâches diverses,2021-11-30,08:40:08,00:00:23
stefano.crapanzano@chu.ulg.ac.be,Programmation,IT,2021-11-30,08:41:10,00:00:10
stefano.crapanzano@chu.ulg.ac.be,Programmation,IT,2021-11-30,08:41:31,00:00:44
stefano.crapanzano@chu.ulg.ac.be,Programmation,IT,2021-11-30,08:42:54,00:00:05
stefano.crapanzano@chu.ulg.ac.be,Programmation,IT,2021-11-30,14:10:18,00:01:09
stefano.crapanzano@chu.ulg.ac.be,Programmation,IT,2021-11-30,14:11:29,00:00:16
stefano.crapanzano@chu.ulg.ac.be,Programmation,IT,2021-11-30,14:11:47,00:01:08
stefano.crapanzano@chu.ulg.ac.be,Programmation,IT,2021-11-30,14:13:06,00:01:22
stefano.crapanzano@chu.ulg.ac.be,Programmation,IT,2021-11-30,14:14:48,00:00:09
stefano.crapanzano@chu.ulg.ac.be,Programmation,IT,2021-11-30,14:14:59,00:00:03
stefano.crapanzano@chu.ulg.ac.be,Programmation,IT,2021-11-30,14:15:09,00:00:12
stefano.crapanzano@chu.ulg.ac.be,Programmation,IT,2021-11-30,14:15:23,00:00:05
stefano.crapanzano@chu.ulg.ac.be,Programmation,IT,2021-11-30,14:15:39,00:00:12
stefano.crapanzano@chu.ulg.ac.be,Programmation,IT,2021-11-30,14:16:16,00:00:06
stefano.crapanzano@chu.ulg.ac.be,Programmation,IT,2021-11-30,14:16:34,00:00:20
stefano.crapanzano@chu.ulg.ac.be,Programmation,IT,2021-11-30,14:16:57,00:00:02
stefano.crapanzano@chu.ulg.ac.be,Programmation,IT,2021-11-30,14:17:00,00:00:03
stefano.crapanzano@chu.ulg.ac.be,Programmation,IT,2021-11-30,14:17:24,00:00:07
stefano.crapanzano@chu.ulg.ac.be,Programmation,IT,2021-11-30,14:17:33,00:00:11
stefano.crapanzano@chu.ulg.ac.be,Programmation,IT,2021-11-30,14:17:46,00:00:06
stefano.crapanzano@chu.ulg.ac.be,Programmation,IT,2021-11-30,14:18:07,00:00:07
stefano.crapanzano@chu.ulg.ac.be,Programmation,IT,2021-11-30,14:19:24,00:00:15
stefano.crapanzano@chu.ulg.ac.be,Programmation,IT,2021-11-30,14:19:46,00:00:12
stefano.crapanzano@chu.ulg.ac.be,Programmation,IT,2021-11-30,14:20:03,00:00:43
stefano.crapanzano@chu.ulg.ac.be,Programmation,IT,2021-11-30,14:20:53,00:00:02
stefano.crapanzano@chu.ulg.ac.be,Programmation,IT,2021-11-30,14:21:07,00:00:02
stefano.crapanzano@chu.ulg.ac.be,Programmation,IT,2021-11-30,14:21:16,00:00:03
stefano.crapanzano@chu.ulg.ac.be,Programmation,IT,2021-11-30,14:22:33,00:00:18
stefano.crapanzano@chu.ulg.ac.be,Programmation,IT,2021-11-30,14:26:06,00:00:02
stefano.crapanzano@chu.ulg.ac.be,Programmation,IT,2021-11-30,14:26:12,00:00:10
stefano.crapanzano@chu.ulg.ac.be,Programmation,IT,2021-11-30,14:26:49,00:00:08
stefano.crapanzano@chu.ulg.ac.be,Programmation,IT,2021-11-30,14:27:36,00:00:42
stefano.crapanzano@chu.ulg.ac.be,Lecture documentation,Tâches diverses,2021-11-30,08:41:20,00:00:04
stefano.crapanzano@chu.ulg.ac.be,Lecture documentation,Tâches diverses,2021-11-30,09:08:26,01:46:03
stefano.crapanzano@chu.ulg.ac.be,P203 CHU Fichier zip des données de l'erp inchangé depuis le 25 novembre 2021 - Xperthis ERP4HC 1.0 - Service d'assistance - Google Chrome,Tâches diverses,2021-11-30,08:44:57,00:00:43
stefano.crapanzano@chu.ulg.ac.be,P203 CHU Fichier zip des données de l'erp inchangé depuis le 25 novembre 2021 - Xperthis ERP4HC 1.0 - Service d'assistance - Google Chrome,Tâches diverses,2021-11-30,08:45:49,00:00:05
stefano.crapanzano@chu.ulg.ac.be,P203 CHU Fichier zip des données de l'erp inchangé depuis le 25 novembre 2021 - Xperthis ERP4HC 1.0 - Service d'assistance - Google Chrome,Helpdesk général,2021-11-30,08:45:57,00:00:26
stefano.crapanzano@chu.ulg.ac.be,P203 CHU Fichier zip des données de l'erp inchangé depuis le 25 novembre 2021 - Xperthis ERP4HC 1.0 - Service d'assistance - Google Chrome,Tâches diverses,2021-11-30,14:22:22,00:00:02
stefano.crapanzano@chu.ulg.ac.be,P203 CHU Ajout tables à l'extract BO - Xperthis ERP4HC 1.0 - Service d'assistance - Google Chrome,Tâches diverses,2021-11-30,10:54:39,00:00:05
stefano.crapanzano@chu.ulg.ac.be,P203 CHU Ajout tables à l'extract BO - Xperthis ERP4HC 1.0 - Service d'assistance - Google Chrome,Tâches diverses,2021-11-30,16:21:00,00:01:06
stefano.crapanzano@chu.ulg.ac.be,P203 CHU Ajout tables à l'extract BO - Xperthis ERP4HC 1.0 - Service d'assistance - Google Chrome,Tâches diverses,2021-11-30,16:22:16,00:00:05
stefano.crapanzano@chu.ulg.ac.be,P203 CHU Ajout tables à l'extract BO - Xperthis ERP4HC 1.0 - Service d'assistance - Google Chrome,Tâches diverses,2021-11-30,16:52:40,00:00:02
stefano.crapanzano@chu.ulg.ac.be,Rédaction : Fwd: SDERP-19441 P203 CHU Ajout tables à l'extract BO - Thunderbird,Helpdesk général,2021-11-30,10:54:55,00:00:06
stefano.crapanzano@chu.ulg.ac.be,Rédaction : Fwd: SDERP-19441 P203 CHU Ajout tables à l'extract BO - Thunderbird,Helpdesk général,2021-11-30,10:55:07,00:00:49
stefano.crapanzano@chu.ulg.ac.be,Joindre les fichiers,Helpdesk général,2021-11-30,10:55:02,00:00:05
stefano.crapanzano@chu.ulg.ac.be,Vérification de l’orthographe,Helpdesk général,2021-11-30,10:55:56,00:00:02
stefano.crapanzano@chu.ulg.ac.be,Vérification de l’orthographe,Helpdesk général,2021-11-30,15:34:26,00:00:02
stefano.crapanzano@chu.ulg.ac.be,Vérification de l’orthographe,Helpdesk général,2021-11-30,16:15:30,00:00:02
stefano.crapanzano@chu.ulg.ac.be,Vérification de l’orthographe,Helpdesk général,2021-11-30,16:20:38,00:00:02
stefano.crapanzano@chu.ulg.ac.be,Vérification de l’orthographe,Helpdesk général,2021-11-30,17:02:37,00:00:04
stefano.crapanzano@chu.ulg.ac.be,Envoi du message - Fwd: SDERP-19441 P203 CHU Ajout tables à l'extract BO,Helpdesk général,2021-11-30,10:55:59,00:00:02
stefano.crapanzano@chu.ulg.ac.be,Nouvel onglet - Google Chrome,Tâches diverses,2021-11-30,11:01:06,00:00:05
stefano.crapanzano@chu.ulg.ac.be,Nouvel onglet - Google Chrome,Tâches diverses,2021-11-30,11:03:07,00:00:05
stefano.crapanzano@chu.ulg.ac.be,Nouvel onglet - Google Chrome,Tâches diverses,2021-11-30,11:04:02,00:00:12
stefano.crapanzano@chu.ulg.ac.be,Nouvel onglet - Google Chrome,Tâches diverses,2021-11-30,14:27:06,00:00:06
stefano.crapanzano@chu.ulg.ac.be,Nouvel onglet - Google Chrome,Tâches diverses,2021-11-30,15:38:01,00:00:06
stefano.crapanzano@chu.ulg.ac.be,Helpdesk ATI - Db Hardware Prod - Google Chrome,Tâches diverses,2021-11-30,11:01:11,00:00:07
stefano.crapanzano@chu.ulg.ac.be,Helpdesk ATI - Db Hardware Prod - Google Chrome,Tâches diverses,2021-11-30,11:03:04,00:00:02
stefano.crapanzano@chu.ulg.ac.be,Navigation système de fichier,IT,2021-11-30,11:03:01,00:00:02
stefano.crapanzano@chu.ulg.ac.be,Navigation système de fichier,IT,2021-11-30,11:20:37,00:00:03
stefano.crapanzano@chu.ulg.ac.be,Navigation système de fichier,IT,2021-11-30,14:10:15,00:00:03
stefano.crapanzano@chu.ulg.ac.be,Navigation système de fichier,IT,2021-11-30,14:17:16,00:00:08
stefano.crapanzano@chu.ulg.ac.be,Navigation système de fichier,IT,2021-11-30,14:18:04,00:00:02
stefano.crapanzano@chu.ulg.ac.be,Navigation système de fichier,IT,2021-11-30,14:22:00,00:00:04
stefano.crapanzano@chu.ulg.ac.be,Navigation système de fichier,IT,2021-11-30,14:22:51,00:00:04
stefano.crapanzano@chu.ulg.ac.be,Navigation système de fichier,IT,2021-11-30,15:31:20,00:00:23
stefano.crapanzano@chu.ulg.ac.be,Navigation système de fichier,IT,2021-11-30,16:20:54,00:00:03
stefano.crapanzano@chu.ulg.ac.be,df-wx-0012 - Netop Remote Control,Helpdesk général,2021-11-30,11:01:27,00:01:34
stefano.crapanzano@chu.ulg.ac.be,df-wx-0012 - Netop Remote Control,Helpdesk général,2021-11-30,11:03:12,00:00:49
stefano.crapanzano@chu.ulg.ac.be,df-wx-0012 - Netop Remote Control,Helpdesk général,2021-11-30,11:04:48,00:04:46
stefano.crapanzano@chu.ulg.ac.be,windows 10 mémoire minimum - Recherche Google - Google Chrome,Tâches diverses,2021-11-30,11:04:14,00:00:10
stefano.crapanzano@chu.ulg.ac.be,windows 10 mémoire minimum - Recherche Google - Google Chrome,Tâches diverses,2021-11-30,11:09:53,00:00:07
stefano.crapanzano@chu.ulg.ac.be,Configuration requise pour Windows 10 - Google Chrome,Tâches diverses,2021-11-30,11:04:25,00:00:21
stefano.crapanzano@chu.ulg.ac.be,Configuration requise pour Windows 10 - Google Chrome,Tâches diverses,2021-11-30,11:09:39,00:00:13
stefano.crapanzano@chu.ulg.ac.be,Combien faut-il de RAM pour Windows 10 - malekal.com - Google Chrome,Tâches diverses,2021-11-30,11:10:00,00:10:10
stefano.crapanzano@chu.ulg.ac.be,Combien faut-il de RAM pour Windows 10 - malekal.com - Google Chrome,Tâches diverses,2021-11-30,11:20:41,00:00:05
stefano.crapanzano@chu.ulg.ac.be,Combien faut-il de RAM pour Windows 10 - malekal.com - Google Chrome,Helpdesk général,2021-11-30,14:09:09,00:00:02
stefano.crapanzano@chu.ulg.ac.be,Page not found at /stocks - Google Chrome,Tâches diverses,2021-11-30,14:09:18,00:00:56
stefano.crapanzano@chu.ulg.ac.be,Page not found at /stocks - Google Chrome,Tâches diverses,2021-11-30,14:12:57,00:00:06
stefano.crapanzano@chu.ulg.ac.be,127.0.0.1 - Google Chrome,Tâches diverses,2021-11-30,14:15:34,00:00:03
stefano.crapanzano@chu.ulg.ac.be,assert queryset is not None  '`basename` argument not specified - Recherche Google - Google Chrome,Tâches diverses,2021-11-30,14:14:31,00:00:02
stefano.crapanzano@chu.ulg.ac.be,python 3.x - base_name argument not specified  and could not automatically determine the name from the viewset  as it does not have a .queryset attribute - Stack Overflow - Google Chrome,Tâches diverses,2021-11-30,14:14:34,00:00:12
stefano.crapanzano@chu.ulg.ac.be,python 3.x - base_name argument not specified  and could not automatically determine the name from the viewset  as it does not have a .queryset attribute - Stack Overflow - Google Chrome,Tâches diverses,2021-11-30,14:15:03,00:00:03
stefano.crapanzano@chu.ulg.ac.be,python 3.x - base_name argument not specified  and could not automatically determine the name from the viewset  as it does not have a .queryset attribute - Stack Overflow - Google Chrome,Tâches diverses,2021-11-30,14:15:21,00:00:02
stefano.crapanzano@chu.ulg.ac.be,python 3.x - base_name argument not specified  and could not automatically determine the name from the viewset  as it does not have a .queryset attribute - Stack Overflow - Google Chrome,Tâches diverses,2021-11-30,14:15:30,00:00:02
stefano.crapanzano@chu.ulg.ac.be,python 3.x - base_name argument not specified  and could not automatically determine the name from the viewset  as it does not have a .queryset attribute - Stack Overflow - Google Chrome,Tâches diverses,2021-11-30,14:31:09,00:00:02
stefano.crapanzano@chu.ulg.ac.be,Page not found at /api/stocks - Google Chrome,Tâches diverses,2021-11-30,14:15:53,00:00:23
stefano.crapanzano@chu.ulg.ac.be,Page not found at /api/stocks - Google Chrome,Tâches diverses,2021-11-30,14:16:23,00:00:10
stefano.crapanzano@chu.ulg.ac.be,Page not found at /api/stocks - Google Chrome,Tâches diverses,2021-11-30,14:17:04,00:00:11
stefano.crapanzano@chu.ulg.ac.be,All Stocks List – Django REST framework - Google Chrome,Tâches diverses,2021-11-30,14:17:55,00:00:09
stefano.crapanzano@chu.ulg.ac.be,All Stocks List – Django REST framework - Google Chrome,Tâches diverses,2021-11-30,14:18:14,00:00:06
stefano.crapanzano@chu.ulg.ac.be,All Stocks List – Django REST framework - Google Chrome,Tâches diverses,2021-11-30,14:20:50,00:00:02
stefano.crapanzano@chu.ulg.ac.be,All Stocks List – Django REST framework - Google Chrome,Tâches diverses,2021-11-30,14:20:56,00:00:02
stefano.crapanzano@chu.ulg.ac.be,All Stocks List – Django REST framework - Google Chrome,Tâches diverses,2021-11-30,14:22:08,00:00:13
stefano.crapanzano@chu.ulg.ac.be,All Stocks List – Django REST framework - Google Chrome,Tâches diverses,2021-11-30,14:22:26,00:00:05
stefano.crapanzano@chu.ulg.ac.be,All Stocks List – Django REST framework - Google Chrome,Tâches diverses,2021-11-30,14:26:31,00:00:17
stefano.crapanzano@chu.ulg.ac.be,All Stocks List – Django REST framework - Google Chrome,Tâches diverses,2021-11-30,14:26:58,00:00:06
stefano.crapanzano@chu.ulg.ac.be,All Stocks List – Django REST framework - Google Chrome,Tâches diverses,2021-11-30,14:27:13,00:00:03
stefano.crapanzano@chu.ulg.ac.be,All Stocks List – Django REST framework - Google Chrome,Tâches diverses,2021-11-30,14:27:30,00:00:04
stefano.crapanzano@chu.ulg.ac.be,All Stocks List – Django REST framework - Google Chrome,Tâches diverses,2021-11-30,14:28:24,00:00:13
stefano.crapanzano@chu.ulg.ac.be,All Stocks List – Django REST framework - Google Chrome,Tâches diverses,2021-11-30,14:28:40,00:01:11
stefano.crapanzano@chu.ulg.ac.be,All Stocks List – Django REST framework - Google Chrome,Tâches diverses,2021-11-30,14:31:11,00:00:23
stefano.crapanzano@chu.ulg.ac.be,All Stocks List – Django REST framework - Google Chrome,Helpdesk général,2021-11-30,14:31:39,00:59:41
stefano.crapanzano@chu.ulg.ac.be,All Stocks List – Django REST framework - Google Chrome,Helpdesk général,2021-11-30,15:37:58,00:00:02
stefano.crapanzano@chu.ulg.ac.be, detail :  Informations d'authentification non fournies.  - Recherche Google - Google Chrome,Tâches diverses,2021-11-30,14:18:23,00:00:04
stefano.crapanzano@chu.ulg.ac.be, detail :  Informations d'authentification non fournies.  - Recherche Google - Google Chrome,Tâches diverses,2021-11-30,14:24:45,00:00:04
stefano.crapanzano@chu.ulg.ac.be, detail :  Informations d'authentification non fournies.  - Recherche Google - Google Chrome,Tâches diverses,2021-11-30,14:25:18,00:00:21
stefano.crapanzano@chu.ulg.ac.be,Django REST Framework DRF API - Google Chrome,Tâches diverses,2021-11-30,14:18:27,00:00:57
stefano.crapanzano@chu.ulg.ac.be,Django REST Framework DRF API - Google Chrome,Tâches diverses,2021-11-30,14:19:39,00:00:02
stefano.crapanzano@chu.ulg.ac.be,Django REST Framework DRF API - Google Chrome,Tâches diverses,2021-11-30,14:19:43,00:00:02
stefano.crapanzano@chu.ulg.ac.be,Django REST Framework DRF API - Google Chrome,Tâches diverses,2021-11-30,14:19:58,00:00:03
stefano.crapanzano@chu.ulg.ac.be,Django REST Framework DRF API - Google Chrome,Tâches diverses,2021-11-30,14:20:46,00:00:02
stefano.crapanzano@chu.ulg.ac.be,Django REST Framework DRF API - Google Chrome,Tâches diverses,2021-11-30,14:21:00,00:00:05
stefano.crapanzano@chu.ulg.ac.be,Django REST Framework DRF API - Google Chrome,Tâches diverses,2021-11-30,14:21:09,00:00:05
stefano.crapanzano@chu.ulg.ac.be,Django REST Framework DRF API - Google Chrome,Tâches diverses,2021-11-30,14:21:20,00:00:25
stefano.crapanzano@chu.ulg.ac.be,Django REST Framework DRF API - Google Chrome,Tâches diverses,2021-11-30,14:24:42,00:00:02
stefano.crapanzano@chu.ulg.ac.be,Login Django - Google Chrome,Tâches diverses,2021-11-30,14:21:45,00:00:14
stefano.crapanzano@chu.ulg.ac.be,Login Django - Google Chrome,Tâches diverses,2021-11-30,14:24:26,00:00:15
stefano.crapanzano@chu.ulg.ac.be,Doodle | Déménagement des personnes SAI - Google Chrome,Tâches diverses,2021-11-30,14:22:58,00:01:23
stefano.crapanzano@chu.ulg.ac.be,Doodle | Déménagement des personnes SAI - Google Chrome,Tâches diverses,2021-11-30,14:24:23,00:00:03
stefano.crapanzano@chu.ulg.ac.be,django - Token authentification with DRF not active - Stack Overflow - Google Chrome,Tâches diverses,2021-11-30,14:24:49,00:00:28
stefano.crapanzano@chu.ulg.ac.be,drf  detail :  Informations d'authentification non fournies.  - Recherche Google - Google Chrome,Tâches diverses,2021-11-30,14:25:39,00:00:06
stefano.crapanzano@chu.ulg.ac.be,drf authentication - Recherche Google - Google Chrome,Tâches diverses,2021-11-30,14:25:46,00:00:04
stefano.crapanzano@chu.ulg.ac.be,Authentication - Django REST framework - Google Chrome,Tâches diverses,2021-11-30,14:25:50,00:00:14
stefano.crapanzano@chu.ulg.ac.be,Authentication - Django REST framework - Google Chrome,Tâches diverses,2021-11-30,14:29:52,00:00:13
stefano.crapanzano@chu.ulg.ac.be,127.0.0.1:8000/api/stocks/ - Google Chrome,Tâches diverses,2021-11-30,14:26:25,00:00:06
stefano.crapanzano@chu.ulg.ac.be,127.0.0.1:8000/api/stocks/ - Google Chrome,Tâches diverses,2021-11-30,14:28:19,00:00:05
stefano.crapanzano@chu.ulg.ac.be,Paramètres - Google Chrome,Tâches diverses,2021-11-30,14:27:17,00:00:13
stefano.crapanzano@chu.ulg.ac.be,127.0.0.1:8000/api/stocks/?format=json - Google Chrome,Tâches diverses,2021-11-30,14:28:38,00:00:02
stefano.crapanzano@chu.ulg.ac.be,Filtering - Django REST framework - Google Chrome,Tâches diverses,2021-11-30,14:30:05,00:01:03
stefano.crapanzano@chu.ulg.ac.be,Rédaction : Fwd: Mise à jour du site goal.chuliege.be - Thunderbird,Helpdesk général,2021-11-30,15:32:27,00:01:58
stefano.crapanzano@chu.ulg.ac.be,STPNET 2 - Google Chrome,Tâches diverses,2021-11-30,15:38:08,00:01:11
stefano.crapanzano@chu.ulg.ac.be,STPNET 2 - Google Chrome,Tâches diverses,2021-11-30,16:52:49,00:01:45
stefano.crapanzano@chu.ulg.ac.be,Rédaction : Re: Mise à jour du site goal.chuliege.be - Thunderbird,Helpdesk général,2021-11-30,15:39:36,00:13:41
stefano.crapanzano@chu.ulg.ac.be,Rédaction : Re: Mise à jour du site goal.chuliege.be - Thunderbird,Helpdesk général,2021-11-30,16:12:52,00:02:37
stefano.crapanzano@chu.ulg.ac.be,192.168.193.41 - Netop Remote Control,Helpdesk général,2021-11-30,15:53:46,00:18:57
stefano.crapanzano@chu.ulg.ac.be,Rédaction : Re: Jours de télétravail - Thunderbird,Helpdesk général,2021-11-30,16:19:09,00:01:29
stefano.crapanzano@chu.ulg.ac.be,Rédaction : Re: Jours de télétravail - Thunderbird,Helpdesk général,2021-11-30,17:01:04,00:01:33
stefano.crapanzano@chu.ulg.ac.be,Rédaction : Re: Jours de télétravail - Thunderbird,Helpdesk général,2021-11-30,17:02:41,00:00:02
stefano.crapanzano@chu.ulg.ac.be,Log in - Service Desk - Google Chrome,Tâches diverses,2021-11-30,16:22:06,00:00:09
stefano.crapanzano@chu.ulg.ac.be,Envoyés - stefano.crapanzano@chuliege.be - Mozilla Thunderbird,Helpdesk général,2021-11-30,17:02:55,00:00:18
stefano.crapanzano@chu.ulg.ac.be,Envoyés - stefano.crapanzano@chuliege.be - Mozilla Thunderbird,Helpdesk général,2021-11-30,17:03:38,00:00:19
