Email,Description,Project,Start date,Start time,Duration
stefano.crapanzano@chu.ulg.ac.be,Administrateur : C:\Windows\system32\cmd.exe - python  main.py,IT,2021-12-01,09:52:40,00:00:05
stefano.crapanzano@chu.ulg.ac.be,Courrier entrant - erp.sai@chuliege.be - Mozilla Thunderbird,Helpdesk général,2021-12-01,08:32:29,01:19:53
stefano.crapanzano@chu.ulg.ac.be,Courrier entrant - erp.sai@chuliege.be - Mozilla Thunderbird,Helpdesk général,2021-12-01,10:30:26,00:00:35
stefano.crapanzano@chu.ulg.ac.be,Courrier entrant - erp.sai@chuliege.be - Mozilla Thunderbird,Helpdesk général,2021-12-01,10:32:57,00:00:05
stefano.crapanzano@chu.ulg.ac.be,Courrier entrant - erp.sai@chuliege.be - Mozilla Thunderbird,Helpdesk général,2021-12-01,10:37:26,00:02:07
stefano.crapanzano@chu.ulg.ac.be,Courrier entrant - erp.sai@chuliege.be - Mozilla Thunderbird,Helpdesk général,2021-12-01,10:44:34,00:05:05
stefano.crapanzano@chu.ulg.ac.be,Courrier entrant - erp.sai@chuliege.be - Mozilla Thunderbird,Helpdesk général,2021-12-01,10:50:16,00:00:06
stefano.crapanzano@chu.ulg.ac.be,Courrier entrant - erp.sai@chuliege.be - Mozilla Thunderbird,Helpdesk général,2021-12-01,10:50:25,00:29:18
stefano.crapanzano@chu.ulg.ac.be,Courrier entrant - erp.sai@chuliege.be - Mozilla Thunderbird,Helpdesk général,2021-12-01,11:37:18,00:00:32
stefano.crapanzano@chu.ulg.ac.be,Courrier entrant - erp.sai@chuliege.be - Mozilla Thunderbird,Helpdesk général,2021-12-01,11:38:32,00:00:02
stefano.crapanzano@chu.ulg.ac.be,Courrier entrant - erp.sai@chuliege.be - Mozilla Thunderbird,Helpdesk général,2021-12-01,11:39:24,00:00:02
stefano.crapanzano@chu.ulg.ac.be,Courrier entrant - erp.sai@chuliege.be - Mozilla Thunderbird,Helpdesk général,2021-12-01,11:40:45,00:00:16
stefano.crapanzano@chu.ulg.ac.be,Courrier entrant - erp.sai@chuliege.be - Mozilla Thunderbird,Helpdesk général,2021-12-01,11:41:04,00:04:33
stefano.crapanzano@chu.ulg.ac.be,Courrier entrant - erp.sai@chuliege.be - Mozilla Thunderbird,Helpdesk général,2021-12-01,11:51:33,00:00:19
stefano.crapanzano@chu.ulg.ac.be,Courrier entrant - erp.sai@chuliege.be - Mozilla Thunderbird,Helpdesk général,2021-12-01,11:52:32,00:00:14
stefano.crapanzano@chu.ulg.ac.be,Courrier entrant - erp.sai@chuliege.be - Mozilla Thunderbird,Helpdesk général,2021-12-01,11:53:22,00:00:04
stefano.crapanzano@chu.ulg.ac.be,Courrier entrant - erp.sai@chuliege.be - Mozilla Thunderbird,Tâches diverses,2021-12-01,11:56:20,00:35:55
stefano.crapanzano@chu.ulg.ac.be,Courrier entrant - stefano.crapanzano@chuliege.be - Mozilla Thunderbird,Helpdesk général,2021-12-01,09:52:23,00:00:17
stefano.crapanzano@chu.ulg.ac.be,Courrier entrant - stefano.crapanzano@chuliege.be - Mozilla Thunderbird,Helpdesk général,2021-12-01,10:31:01,00:01:56
stefano.crapanzano@chu.ulg.ac.be,Courrier entrant - stefano.crapanzano@chuliege.be - Mozilla Thunderbird,Helpdesk général,2021-12-01,10:50:22,00:00:02
stefano.crapanzano@chu.ulg.ac.be,Courrier entrant - stefano.crapanzano@chuliege.be - Mozilla Thunderbird,Helpdesk général,2021-12-01,11:19:44,00:17:32
stefano.crapanzano@chu.ulg.ac.be,Courrier entrant - stefano.crapanzano@chuliege.be - Mozilla Thunderbird,Helpdesk général,2021-12-01,11:41:01,00:00:02
stefano.crapanzano@chu.ulg.ac.be,Rédaction : Fwd: SDERP-19441 P203 CHU Ajout tables à l'extract BO - Thunderbird,Helpdesk général,2021-12-01,10:29:53,00:00:29
stefano.crapanzano@chu.ulg.ac.be,Envoyés - erp.sai@chuliege.be - Mozilla Thunderbird,Helpdesk général,2021-12-01,10:33:03,00:00:15
stefano.crapanzano@chu.ulg.ac.be,Envoyés - erp.sai@chuliege.be - Mozilla Thunderbird,Tâches diverses,2021-12-01,10:37:21,00:00:04
stefano.crapanzano@chu.ulg.ac.be,CHU de Liège - Intranet - Google Chrome,Tâches diverses,2021-12-01,10:33:46,00:03:34
stefano.crapanzano@chu.ulg.ac.be,Identification - Google Chrome,Tâches diverses,2021-12-01,10:33:31,00:00:13
stefano.crapanzano@chu.ulg.ac.be,POST data - Google Chrome,Tâches diverses,2021-12-01,10:33:44,00:00:02
stefano.crapanzano@chu.ulg.ac.be,SAP Logon 760,Exploration SAP,2021-12-01,10:39:39,00:01:10
stefano.crapanzano@chu.ulg.ac.be,SAP Logon 760,Exploration SAP,2021-12-01,10:41:43,00:02:51
stefano.crapanzano@chu.ulg.ac.be,SAP,Exploration SAP,2021-12-01,10:39:36,00:00:02
stefano.crapanzano@chu.ulg.ac.be,Navigation système de fichier,IT,2021-12-01,10:40:49,00:00:53
stefano.crapanzano@chu.ulg.ac.be,Navigation système de fichier,IT,2021-12-01,11:38:43,00:00:24
stefano.crapanzano@chu.ulg.ac.be,Navigation système de fichier,IT,2021-12-01,11:39:08,00:00:06
stefano.crapanzano@chu.ulg.ac.be,Navigation système de fichier,IT,2021-12-01,11:39:35,00:00:06
stefano.crapanzano@chu.ulg.ac.be,Navigation système de fichier,IT,2021-12-01,11:40:11,00:00:02
stefano.crapanzano@chu.ulg.ac.be,P203 CHU Ajout tables à l'extract BO - Xperthis ERP4HC 1.0 - Service d'assistance - Google Chrome,Tâches diverses,2021-12-01,10:49:41,00:00:35
stefano.crapanzano@chu.ulg.ac.be,P203 CHU Ajout tables à l'extract BO - Xperthis ERP4HC 1.0 - Service d'assistance - Google Chrome,Tâches diverses,2021-12-01,11:38:36,00:00:06
stefano.crapanzano@chu.ulg.ac.be,P203 CHU Ajout tables à l'extract BO - Xperthis ERP4HC 1.0 - Service d'assistance - Google Chrome,Tâches diverses,2021-12-01,11:40:14,00:00:02
stefano.crapanzano@chu.ulg.ac.be,P203 CHU Ajout tables à l'extract BO - Xperthis ERP4HC 1.0 - Service d'assistance - Google Chrome,Tâches diverses,2021-12-01,11:51:59,00:00:32
stefano.crapanzano@chu.ulg.ac.be,P203 CHU Ajout tables à l'extract BO - Xperthis ERP4HC 1.0 - Service d'assistance - Google Chrome,Tâches diverses,2021-12-01,11:53:26,00:02:54
stefano.crapanzano@chu.ulg.ac.be,FileZilla,Helpdesk général,2021-12-01,11:37:54,00:00:02
stefano.crapanzano@chu.ulg.ac.be,Recherche des mises à jour,Helpdesk général,2021-12-01,11:37:51,00:00:02
stefano.crapanzano@chu.ulg.ac.be,Gestionnaire de Sites,Helpdesk général,2021-12-01,11:37:57,00:00:08
stefano.crapanzano@chu.ulg.ac.be,PE2_203 - sftp://PE2U2FTP@153.89.110.38 - FileZilla,Helpdesk général,2021-12-01,11:38:05,00:00:27
stefano.crapanzano@chu.ulg.ac.be,PE2_203 - sftp://PE2U2FTP@153.89.110.38 - FileZilla,Helpdesk général,2021-12-01,11:39:15,00:00:08
stefano.crapanzano@chu.ulg.ac.be,Stefano CRAPANZANO - erp.sai@chuliege.be - Mozilla Thunderbird,Helpdesk général,2021-12-01,11:39:27,00:00:05
stefano.crapanzano@chu.ulg.ac.be,Stefano CRAPANZANO - erp.sai@chuliege.be - Mozilla Thunderbird,Helpdesk général,2021-12-01,11:40:42,00:00:02
stefano.crapanzano@chu.ulg.ac.be,Stefano CRAPANZANO - erp.sai@chuliege.be - Mozilla Thunderbird,Helpdesk général,2021-12-01,11:52:47,00:00:35
stefano.crapanzano@chu.ulg.ac.be,Rédaction : Re: SDERP-19441 P203 CHU Ajout tables à l'extract BO - Thunderbird,Helpdesk général,2021-12-01,11:39:32,00:00:02
stefano.crapanzano@chu.ulg.ac.be,Rédaction : Re: SDERP-19441 P203 CHU Ajout tables à l'extract BO - Thunderbird,Helpdesk général,2021-12-01,11:39:41,00:00:29
stefano.crapanzano@chu.ulg.ac.be,Rédaction : Re: SDERP-19441 P203 CHU Ajout tables à l'extract BO - Thunderbird,Helpdesk général,2021-12-01,11:40:16,00:00:20
stefano.crapanzano@chu.ulg.ac.be,Changement de tâche,Helpdesk général,2021-12-01,11:40:38,00:00:02
stefano.crapanzano@chu.ulg.ac.be,ZSSP_USER_ATTRIBUTES_Paramétrage accès utilisateur (RA) à un ou plusieurs CC-réceptionnaires(inscription) - Xperthis ERP4HC 2.0 Rollout - Service d'assistance - Google Chrome,Tâches diverses,2021-12-01,11:45:38,00:04:28
stefano.crapanzano@chu.ulg.ac.be,Demandes - Service d'assistance - Google Chrome,Tâches diverses,2021-12-01,11:50:07,00:00:15
stefano.crapanzano@chu.ulg.ac.be,Demandes - Service d'assistance - Google Chrome,Tâches diverses,2021-12-01,11:50:56,00:00:17
stefano.crapanzano@chu.ulg.ac.be,Demandes - Service d'assistance - Google Chrome,Tâches diverses,2021-12-01,11:51:25,00:00:08
stefano.crapanzano@chu.ulg.ac.be,Demandes - Service d'assistance - Google Chrome,Helpdesk général,2021-12-01,11:51:52,00:00:06
stefano.crapanzano@chu.ulg.ac.be,Test de GERA sur ERP 2.0 - Xperthis ERP4HC 2.0 Rollout - Service d'assistance - Google Chrome,Tâches diverses,2021-12-01,11:50:22,00:00:33
stefano.crapanzano@chu.ulg.ac.be,SSP - Options par défaut pour utilisateurs - Xperthis ERP4HC 2.0 Rollout - Service d'assistance - Google Chrome,Tâches diverses,2021-12-01,11:51:14,00:00:10
