Email,Description,Project,Start date,Start time,Duration
stefano.crapanzano@chu.ulg.ac.be,Administrateur : C:\Windows\system32\cmd.exe - python  main.py,IT,2021-12-03,09:05:25,00:00:04
stefano.crapanzano@chu.ulg.ac.be,Envoyés - erp.sai@chuliege.be - Mozilla Thunderbird,Helpdesk général,2021-12-03,09:05:29,00:00:13
stefano.crapanzano@chu.ulg.ac.be,Envoyés - erp.sai@chuliege.be - Mozilla Thunderbird,Helpdesk général,2021-12-03,09:36:03,00:00:02
stefano.crapanzano@chu.ulg.ac.be,Envoyés - erp.sai@chuliege.be - Mozilla Thunderbird,Helpdesk général,2021-12-03,09:49:34,00:00:06
stefano.crapanzano@chu.ulg.ac.be,Envoyés - erp.sai@chuliege.be - Mozilla Thunderbird,Helpdesk général,2021-12-03,12:41:06,00:00:38
stefano.crapanzano@chu.ulg.ac.be,Envoyés - erp.sai@chuliege.be - Mozilla Thunderbird,Helpdesk général,2021-12-03,12:42:55,00:06:01
stefano.crapanzano@chu.ulg.ac.be,Envoyés - erp.sai@chuliege.be - Mozilla Thunderbird,Helpdesk général,2021-12-03,14:07:27,00:00:02
stefano.crapanzano@chu.ulg.ac.be,Envoyés - erp.sai@chuliege.be - Mozilla Thunderbird,Helpdesk général,2021-12-03,14:08:02,00:05:23
stefano.crapanzano@chu.ulg.ac.be,Envoyés - erp.sai@chuliege.be - Mozilla Thunderbird,Helpdesk général,2021-12-03,16:39:38,00:00:14
stefano.crapanzano@chu.ulg.ac.be,Envoyés - erp.sai@chuliege.be - Mozilla Thunderbird,Helpdesk général,2021-12-03,16:40:20,00:00:24
stefano.crapanzano@chu.ulg.ac.be,Envoyés - erp.sai@chuliege.be - Mozilla Thunderbird,Helpdesk général,2021-12-03,16:40:52,00:00:03
stefano.crapanzano@chu.ulg.ac.be,Envoyés - erp.sai@chuliege.be - Mozilla Thunderbird,Helpdesk général,2021-12-03,17:46:14,00:00:02
stefano.crapanzano@chu.ulg.ac.be,Courrier entrant - stefano.crapanzano@chuliege.be - Mozilla Thunderbird,Helpdesk général,2021-12-03,09:05:42,00:00:14
stefano.crapanzano@chu.ulg.ac.be,Courrier entrant - stefano.crapanzano@chuliege.be - Mozilla Thunderbird,Helpdesk général,2021-12-03,09:35:51,00:00:05
stefano.crapanzano@chu.ulg.ac.be,Courrier entrant - stefano.crapanzano@chuliege.be - Mozilla Thunderbird,Helpdesk général,2021-12-03,09:49:27,00:00:04
stefano.crapanzano@chu.ulg.ac.be,Courrier entrant - stefano.crapanzano@chuliege.be - Mozilla Thunderbird,Helpdesk général,2021-12-03,10:16:00,00:00:02
stefano.crapanzano@chu.ulg.ac.be,Courrier entrant - stefano.crapanzano@chuliege.be - Mozilla Thunderbird,Helpdesk général,2021-12-03,10:16:37,00:00:08
stefano.crapanzano@chu.ulg.ac.be,Courrier entrant - stefano.crapanzano@chuliege.be - Mozilla Thunderbird,Helpdesk général,2021-12-03,10:19:51,00:01:24
stefano.crapanzano@chu.ulg.ac.be,Courrier entrant - stefano.crapanzano@chuliege.be - Mozilla Thunderbird,Helpdesk général,2021-12-03,11:32:42,00:00:03
stefano.crapanzano@chu.ulg.ac.be,Courrier entrant - stefano.crapanzano@chuliege.be - Mozilla Thunderbird,Helpdesk général,2021-12-03,11:32:51,00:00:12
stefano.crapanzano@chu.ulg.ac.be,Courrier entrant - stefano.crapanzano@chuliege.be - Mozilla Thunderbird,Helpdesk général,2021-12-03,11:35:09,00:00:04
stefano.crapanzano@chu.ulg.ac.be,Courrier entrant - stefano.crapanzano@chuliege.be - Mozilla Thunderbird,Helpdesk général,2021-12-03,11:35:36,00:00:04
stefano.crapanzano@chu.ulg.ac.be,Courrier entrant - stefano.crapanzano@chuliege.be - Mozilla Thunderbird,Helpdesk général,2021-12-03,12:34:11,00:06:40
stefano.crapanzano@chu.ulg.ac.be,Courrier entrant - stefano.crapanzano@chuliege.be - Mozilla Thunderbird,Helpdesk général,2021-12-03,12:40:59,00:00:02
stefano.crapanzano@chu.ulg.ac.be,Courrier entrant - stefano.crapanzano@chuliege.be - Mozilla Thunderbird,Helpdesk général,2021-12-03,12:42:46,00:00:09
stefano.crapanzano@chu.ulg.ac.be,Courrier entrant - stefano.crapanzano@chuliege.be - Mozilla Thunderbird,Helpdesk général,2021-12-03,14:07:49,00:00:02
stefano.crapanzano@chu.ulg.ac.be,Courrier entrant - stefano.crapanzano@chuliege.be - Mozilla Thunderbird,Helpdesk général,2021-12-03,15:39:23,00:00:04
stefano.crapanzano@chu.ulg.ac.be,Courrier entrant - stefano.crapanzano@chuliege.be - Mozilla Thunderbird,Helpdesk général,2021-12-03,16:05:35,00:02:04
stefano.crapanzano@chu.ulg.ac.be,Courrier entrant - stefano.crapanzano@chuliege.be - Mozilla Thunderbird,Helpdesk général,2021-12-03,16:25:36,00:00:12
stefano.crapanzano@chu.ulg.ac.be,Courrier entrant - stefano.crapanzano@chuliege.be - Mozilla Thunderbird,Helpdesk général,2021-12-03,16:26:25,00:00:07
stefano.crapanzano@chu.ulg.ac.be,Courrier entrant - stefano.crapanzano@chuliege.be - Mozilla Thunderbird,Helpdesk général,2021-12-03,16:39:30,00:00:02
stefano.crapanzano@chu.ulg.ac.be,Courrier entrant - stefano.crapanzano@chuliege.be - Mozilla Thunderbird,Helpdesk général,2021-12-03,16:40:47,00:00:04
stefano.crapanzano@chu.ulg.ac.be,Courrier entrant - stefano.crapanzano@chuliege.be - Mozilla Thunderbird,Helpdesk général,2021-12-03,18:05:18,00:00:07
stefano.crapanzano@chu.ulg.ac.be,Courrier entrant - stefano.crapanzano@chuliege.be - Mozilla Thunderbird,Helpdesk général,2021-12-03,18:14:17,00:00:23
stefano.crapanzano@chu.ulg.ac.be,Courrier entrant - erp.sai@chuliege.be - Mozilla Thunderbird,Helpdesk général,2021-12-03,09:06:04,00:21:15
stefano.crapanzano@chu.ulg.ac.be,Courrier entrant - erp.sai@chuliege.be - Mozilla Thunderbird,Helpdesk général,2021-12-03,09:29:47,00:00:10
stefano.crapanzano@chu.ulg.ac.be,Courrier entrant - erp.sai@chuliege.be - Mozilla Thunderbird,Helpdesk général,2021-12-03,09:30:23,00:00:05
stefano.crapanzano@chu.ulg.ac.be,Courrier entrant - erp.sai@chuliege.be - Mozilla Thunderbird,Helpdesk général,2021-12-03,09:34:21,00:00:02
stefano.crapanzano@chu.ulg.ac.be,Courrier entrant - erp.sai@chuliege.be - Mozilla Thunderbird,Helpdesk général,2021-12-03,09:35:45,00:00:05
stefano.crapanzano@chu.ulg.ac.be,Courrier entrant - erp.sai@chuliege.be - Mozilla Thunderbird,Helpdesk général,2021-12-03,09:35:56,00:00:06
stefano.crapanzano@chu.ulg.ac.be,Courrier entrant - erp.sai@chuliege.be - Mozilla Thunderbird,Helpdesk général,2021-12-03,09:36:05,00:06:50
stefano.crapanzano@chu.ulg.ac.be,Courrier entrant - erp.sai@chuliege.be - Mozilla Thunderbird,Helpdesk général,2021-12-03,09:49:31,00:00:02
stefano.crapanzano@chu.ulg.ac.be,Courrier entrant - erp.sai@chuliege.be - Mozilla Thunderbird,Helpdesk général,2021-12-03,09:56:20,00:00:05
stefano.crapanzano@chu.ulg.ac.be,Courrier entrant - erp.sai@chuliege.be - Mozilla Thunderbird,Helpdesk général,2021-12-03,10:15:58,00:00:02
stefano.crapanzano@chu.ulg.ac.be,Courrier entrant - erp.sai@chuliege.be - Mozilla Thunderbird,Helpdesk général,2021-12-03,10:16:03,00:00:34
stefano.crapanzano@chu.ulg.ac.be,Courrier entrant - erp.sai@chuliege.be - Mozilla Thunderbird,Helpdesk général,2021-12-03,10:16:45,00:00:16
stefano.crapanzano@chu.ulg.ac.be,Courrier entrant - erp.sai@chuliege.be - Mozilla Thunderbird,Helpdesk général,2021-12-03,10:19:47,00:00:04
stefano.crapanzano@chu.ulg.ac.be,Courrier entrant - erp.sai@chuliege.be - Mozilla Thunderbird,Helpdesk général,2021-12-03,11:32:46,00:00:04
stefano.crapanzano@chu.ulg.ac.be,Courrier entrant - erp.sai@chuliege.be - Mozilla Thunderbird,Helpdesk général,2021-12-03,11:35:13,00:00:22
stefano.crapanzano@chu.ulg.ac.be,Courrier entrant - erp.sai@chuliege.be - Mozilla Thunderbird,Helpdesk général,2021-12-03,12:32:46,00:00:11
stefano.crapanzano@chu.ulg.ac.be,Courrier entrant - erp.sai@chuliege.be - Mozilla Thunderbird,Helpdesk général,2021-12-03,12:34:08,00:00:02
stefano.crapanzano@chu.ulg.ac.be,Courrier entrant - erp.sai@chuliege.be - Mozilla Thunderbird,Helpdesk général,2021-12-03,12:40:51,00:00:08
stefano.crapanzano@chu.ulg.ac.be,Courrier entrant - erp.sai@chuliege.be - Mozilla Thunderbird,Helpdesk général,2021-12-03,12:41:02,00:00:03
stefano.crapanzano@chu.ulg.ac.be,Courrier entrant - erp.sai@chuliege.be - Mozilla Thunderbird,Helpdesk général,2021-12-03,12:42:43,00:00:02
stefano.crapanzano@chu.ulg.ac.be,Courrier entrant - erp.sai@chuliege.be - Mozilla Thunderbird,Helpdesk général,2021-12-03,14:07:30,00:00:18
stefano.crapanzano@chu.ulg.ac.be,Courrier entrant - erp.sai@chuliege.be - Mozilla Thunderbird,Helpdesk général,2021-12-03,14:07:52,00:00:05
stefano.crapanzano@chu.ulg.ac.be,Courrier entrant - erp.sai@chuliege.be - Mozilla Thunderbird,Helpdesk général,2021-12-03,14:08:00,00:00:02
stefano.crapanzano@chu.ulg.ac.be,Courrier entrant - erp.sai@chuliege.be - Mozilla Thunderbird,Helpdesk général,2021-12-03,14:13:26,00:17:34
stefano.crapanzano@chu.ulg.ac.be,Courrier entrant - erp.sai@chuliege.be - Mozilla Thunderbird,Helpdesk général,2021-12-03,15:39:20,00:00:02
stefano.crapanzano@chu.ulg.ac.be,Courrier entrant - erp.sai@chuliege.be - Mozilla Thunderbird,Helpdesk général,2021-12-03,15:39:27,00:26:07
stefano.crapanzano@chu.ulg.ac.be,Courrier entrant - erp.sai@chuliege.be - Mozilla Thunderbird,Helpdesk général,2021-12-03,16:07:39,00:00:03
stefano.crapanzano@chu.ulg.ac.be,Courrier entrant - erp.sai@chuliege.be - Mozilla Thunderbird,Helpdesk général,2021-12-03,16:11:50,00:00:15
stefano.crapanzano@chu.ulg.ac.be,Courrier entrant - erp.sai@chuliege.be - Mozilla Thunderbird,Helpdesk général,2021-12-03,16:25:30,00:00:06
stefano.crapanzano@chu.ulg.ac.be,Courrier entrant - erp.sai@chuliege.be - Mozilla Thunderbird,Helpdesk général,2021-12-03,16:26:10,00:00:14
stefano.crapanzano@chu.ulg.ac.be,Courrier entrant - erp.sai@chuliege.be - Mozilla Thunderbird,Helpdesk général,2021-12-03,16:26:33,00:00:13
stefano.crapanzano@chu.ulg.ac.be,Courrier entrant - erp.sai@chuliege.be - Mozilla Thunderbird,Helpdesk général,2021-12-03,16:39:21,00:00:09
stefano.crapanzano@chu.ulg.ac.be,Courrier entrant - erp.sai@chuliege.be - Mozilla Thunderbird,Helpdesk général,2021-12-03,16:39:33,00:00:05
stefano.crapanzano@chu.ulg.ac.be,Courrier entrant - erp.sai@chuliege.be - Mozilla Thunderbird,Helpdesk général,2021-12-03,16:40:45,00:00:02
stefano.crapanzano@chu.ulg.ac.be,Courrier entrant - erp.sai@chuliege.be - Mozilla Thunderbird,Helpdesk général,2021-12-03,17:46:17,00:00:04
stefano.crapanzano@chu.ulg.ac.be,GOAL - LABO - Google Chrome,Helpdesk général,2021-12-03,09:05:59,00:00:05
stefano.crapanzano@chu.ulg.ac.be,GOAL - LABO - Google Chrome,Tâches diverses,2021-12-03,10:37:01,00:02:18
stefano.crapanzano@chu.ulg.ac.be,GOAL - LABO - Google Chrome,Tâches diverses,2021-12-03,10:40:31,00:00:03
stefano.crapanzano@chu.ulg.ac.be,GOAL - LABO - Google Chrome,Tâches diverses,2021-12-03,10:40:36,00:00:12
stefano.crapanzano@chu.ulg.ac.be,GOAL - LABO - Google Chrome,Tâches diverses,2021-12-03,10:40:51,00:03:42
stefano.crapanzano@chu.ulg.ac.be,GOAL - LABO - Google Chrome,Tâches diverses,2021-12-03,10:45:29,00:01:14
stefano.crapanzano@chu.ulg.ac.be,GOAL - LABO - Google Chrome,Tâches diverses,2021-12-03,10:49:01,00:00:06
stefano.crapanzano@chu.ulg.ac.be,GOAL - LABO - Google Chrome,Tâches diverses,2021-12-03,10:49:28,00:27:41
stefano.crapanzano@chu.ulg.ac.be,GOAL - LABO - Google Chrome,Tâches diverses,2021-12-03,11:30:51,00:01:42
stefano.crapanzano@chu.ulg.ac.be,GOAL - LABO - Google Chrome,Tâches diverses,2021-12-03,11:32:39,00:00:03
stefano.crapanzano@chu.ulg.ac.be,GOAL - LABO - Google Chrome,Tâches diverses,2021-12-03,17:59:01,00:02:41
stefano.crapanzano@chu.ulg.ac.be,GOAL - LABO - Google Chrome,Tâches diverses,2021-12-03,18:01:45,00:00:54
stefano.crapanzano@chu.ulg.ac.be,GOAL - LABO - Google Chrome,Tâches diverses,2021-12-03,18:13:07,00:00:18
stefano.crapanzano@chu.ulg.ac.be,GOAL - LABO - Google Chrome,Tâches diverses,2021-12-03,18:13:37,00:00:37
stefano.crapanzano@chu.ulg.ac.be,GOAL - LABO - Google Chrome,Tâches diverses,2021-12-03,18:14:42,00:00:14
stefano.crapanzano@chu.ulg.ac.be,GOAL - LABO - Google Chrome,Tâches diverses,2021-12-03,18:21:48,00:00:10
stefano.crapanzano@chu.ulg.ac.be,GOAL - LABO - Google Chrome,Tâches diverses,2021-12-03,18:25:39,00:00:07
stefano.crapanzano@chu.ulg.ac.be,GOAL - LABO - Google Chrome,Tâches diverses,2021-12-03,18:27:19,00:00:02
stefano.crapanzano@chu.ulg.ac.be,GOAL - LABO - Google Chrome,Tâches diverses,2021-12-03,18:28:00,00:00:02
stefano.crapanzano@chu.ulg.ac.be,GOAL - LABO - Google Chrome,Tâches diverses,2021-12-03,18:28:09,00:00:02
stefano.crapanzano@chu.ulg.ac.be,GOAL - LABO - Google Chrome,Tâches diverses,2021-12-03,18:29:03,00:00:03
stefano.crapanzano@chu.ulg.ac.be,GOAL - LABO - Google Chrome,Tâches diverses,2021-12-03,18:30:15,00:00:06
stefano.crapanzano@chu.ulg.ac.be,GOAL - LABO - Google Chrome,Tâches diverses,2021-12-03,18:30:25,00:00:04
stefano.crapanzano@chu.ulg.ac.be,GOAL - LABO - Google Chrome,Tâches diverses,2021-12-03,18:32:37,00:00:21
stefano.crapanzano@chu.ulg.ac.be,GOAL - LABO - Google Chrome,Tâches diverses,2021-12-03,18:36:00,00:00:02
stefano.crapanzano@chu.ulg.ac.be,GOAL - LABO - Google Chrome,Tâches diverses,2021-12-03,18:36:07,00:00:02
stefano.crapanzano@chu.ulg.ac.be,GOAL - LABO - Google Chrome,Tâches diverses,2021-12-03,18:36:41,00:00:05
stefano.crapanzano@chu.ulg.ac.be,GOAL - LABO - Google Chrome,Tâches diverses,2021-12-03,18:37:46,00:00:06
stefano.crapanzano@chu.ulg.ac.be,GOAL - LABO - Google Chrome,Tâches diverses,2021-12-03,18:38:54,00:00:06
stefano.crapanzano@chu.ulg.ac.be,GOAL - LABO - Google Chrome,Tâches diverses,2021-12-03,18:39:26,00:00:14
stefano.crapanzano@chu.ulg.ac.be,GOAL - LABO - Google Chrome,Tâches diverses,2021-12-03,18:39:59,00:00:02
stefano.crapanzano@chu.ulg.ac.be,GOAL - LABO - Google Chrome,Tâches diverses,2021-12-03,18:40:03,00:00:41
stefano.crapanzano@chu.ulg.ac.be,GOAL - LABO - Google Chrome,Tâches diverses,2021-12-03,18:41:09,00:00:17
stefano.crapanzano@chu.ulg.ac.be,GOAL - LABO - Google Chrome,Tâches diverses,2021-12-03,18:41:56,00:00:06
stefano.crapanzano@chu.ulg.ac.be,GOAL - LABO - Google Chrome,Tâches diverses,2021-12-03,18:42:06,00:00:11
stefano.crapanzano@chu.ulg.ac.be,GOAL - LABO - Google Chrome,Tâches diverses,2021-12-03,18:42:23,00:00:02
stefano.crapanzano@chu.ulg.ac.be,GOAL - LABO - Google Chrome,Tâches diverses,2021-12-03,18:42:32,00:00:08
stefano.crapanzano@chu.ulg.ac.be,GOAL - LABO - Google Chrome,Tâches diverses,2021-12-03,18:42:53,00:00:07
stefano.crapanzano@chu.ulg.ac.be,GOAL - LABO - Google Chrome,Tâches diverses,2021-12-03,18:43:15,00:00:02
stefano.crapanzano@chu.ulg.ac.be,GOAL - LABO - Google Chrome,Tâches diverses,2021-12-03,18:43:47,00:00:04
stefano.crapanzano@chu.ulg.ac.be,GOAL - LABO - Google Chrome,Tâches diverses,2021-12-03,18:43:53,00:00:02
stefano.crapanzano@chu.ulg.ac.be,GOAL - LABO - Google Chrome,Tâches diverses,2021-12-03,18:44:33,00:00:02
stefano.crapanzano@chu.ulg.ac.be,GOAL - LABO - Google Chrome,Tâches diverses,2021-12-03,18:45:00,00:00:03
stefano.crapanzano@chu.ulg.ac.be,GOAL - LABO - Google Chrome,Tâches diverses,2021-12-03,18:45:14,00:00:02
stefano.crapanzano@chu.ulg.ac.be,GOAL - LABO - Google Chrome,Tâches diverses,2021-12-03,18:45:44,00:00:02
stefano.crapanzano@chu.ulg.ac.be,GOAL - LABO - Google Chrome,Tâches diverses,2021-12-03,18:49:52,00:00:02
stefano.crapanzano@chu.ulg.ac.be,GOAL - LABO - Google Chrome,Tâches diverses,2021-12-03,18:55:45,00:03:00
stefano.crapanzano@chu.ulg.ac.be,GOAL - LABO - Google Chrome,Tâches diverses,2021-12-03,19:01:02,00:00:09
stefano.crapanzano@chu.ulg.ac.be,GOAL - LABO - Google Chrome,Tâches diverses,2021-12-03,19:04:22,00:00:27
stefano.crapanzano@chu.ulg.ac.be,GOAL - LABO - Google Chrome,Tâches diverses,2021-12-03,19:05:02,00:00:53
stefano.crapanzano@chu.ulg.ac.be,GOAL - LABO - Google Chrome,Tâches diverses,2021-12-03,19:05:57,00:00:05
stefano.crapanzano@chu.ulg.ac.be,GOAL - LABO - Google Chrome,Tâches diverses,2021-12-03,19:07:13,00:00:05
stefano.crapanzano@chu.ulg.ac.be,GOAL - LABO - Google Chrome,Tâches diverses,2021-12-03,19:07:33,00:00:28
stefano.crapanzano@chu.ulg.ac.be,GOAL - LABO - Google Chrome,Tâches diverses,2021-12-03,19:12:19,00:00:37
stefano.crapanzano@chu.ulg.ac.be,GOAL - LABO - Google Chrome,Tâches diverses,2021-12-03,19:14:42,00:00:14
stefano.crapanzano@chu.ulg.ac.be,GOAL - LABO - Google Chrome,Tâches diverses,2021-12-03,19:15:30,00:00:20
stefano.crapanzano@chu.ulg.ac.be,GOAL - LABO - Google Chrome,Tâches diverses,2021-12-03,19:18:00,00:00:12
stefano.crapanzano@chu.ulg.ac.be,GOAL - LABO - Google Chrome,Tâches diverses,2021-12-03,19:18:19,00:00:09
stefano.crapanzano@chu.ulg.ac.be,GOAL - LABO - Google Chrome,Tâches diverses,2021-12-03,19:18:45,00:00:04
stefano.crapanzano@chu.ulg.ac.be,GOAL - LABO - Google Chrome,Tâches diverses,2021-12-03,19:19:26,00:00:12
stefano.crapanzano@chu.ulg.ac.be,GOAL - LABO - Google Chrome,Tâches diverses,2021-12-03,19:19:51,00:00:05
stefano.crapanzano@chu.ulg.ac.be,GOAL - LABO - Google Chrome,Tâches diverses,2021-12-03,19:20:34,00:00:23
stefano.crapanzano@chu.ulg.ac.be,GOAL - LABO - Google Chrome,Tâches diverses,2021-12-03,19:21:30,00:00:04
stefano.crapanzano@chu.ulg.ac.be,GOAL - LABO - Google Chrome,Tâches diverses,2021-12-03,19:22:24,00:00:06
stefano.crapanzano@chu.ulg.ac.be,GOAL - LABO - Google Chrome,Tâches diverses,2021-12-03,19:22:33,00:00:42
stefano.crapanzano@chu.ulg.ac.be,GOAL - LABO - Google Chrome,Tâches diverses,2021-12-03,19:24:04,00:00:08
stefano.crapanzano@chu.ulg.ac.be,GOAL - LABO - Google Chrome,Tâches diverses,2021-12-03,19:24:24,00:00:04
stefano.crapanzano@chu.ulg.ac.be,GOAL - LABO - Google Chrome,Tâches diverses,2021-12-03,19:24:44,00:00:05
stefano.crapanzano@chu.ulg.ac.be,GOAL - LABO - Google Chrome,Tâches diverses,2021-12-03,19:24:55,00:00:03
stefano.crapanzano@chu.ulg.ac.be,GOAL - LABO - Google Chrome,Tâches diverses,2021-12-03,19:25:14,00:00:09
stefano.crapanzano@chu.ulg.ac.be,GOAL - LABO - Google Chrome,Tâches diverses,2021-12-03,19:27:19,00:00:10
stefano.crapanzano@chu.ulg.ac.be,GOAL - LABO - Google Chrome,Tâches diverses,2021-12-03,19:27:59,00:00:04
stefano.crapanzano@chu.ulg.ac.be,GOAL - LABO - Google Chrome,Tâches diverses,2021-12-03,19:28:17,00:00:39
stefano.crapanzano@chu.ulg.ac.be,GOAL - LABO - Google Chrome,Tâches diverses,2021-12-03,19:29:28,00:00:06
stefano.crapanzano@chu.ulg.ac.be,GOAL - LABO - Google Chrome,Tâches diverses,2021-12-03,19:31:16,00:00:11
stefano.crapanzano@chu.ulg.ac.be,GOAL - LABO - Google Chrome,Tâches diverses,2021-12-03,19:31:51,00:00:13
stefano.crapanzano@chu.ulg.ac.be,GOAL - LABO - Google Chrome,Tâches diverses,2021-12-03,19:34:07,00:00:13
stefano.crapanzano@chu.ulg.ac.be,GOAL - LABO - Google Chrome,Tâches diverses,2021-12-03,19:34:52,00:00:54
stefano.crapanzano@chu.ulg.ac.be,GOAL - LABO - Google Chrome,Tâches diverses,2021-12-03,19:43:29,00:00:05
stefano.crapanzano@chu.ulg.ac.be,SSP2.0_A03_créer DA_recherche CC impossible - Xperthis ERP4HC 2.0 Rollout - Service d'assistance - Google Chrome,Tâches diverses,2021-12-03,09:27:21,00:01:46
stefano.crapanzano@chu.ulg.ac.be,SSP2.0_A03_créer DA_recherche CC impossible - Xperthis ERP4HC 2.0 Rollout - Service d'assistance - Google Chrome,Tâches diverses,2021-12-03,12:31:04,00:00:11
stefano.crapanzano@chu.ulg.ac.be,SSP2.0_A03_créer DA_recherche CC impossible - Xperthis ERP4HC 2.0 Rollout - Service d'assistance - Google Chrome,Tâches diverses,2021-12-03,12:32:01,00:00:14
stefano.crapanzano@chu.ulg.ac.be,SSP2.0_A03_créer DA_recherche CC impossible - Xperthis ERP4HC 2.0 Rollout - Service d'assistance - Google Chrome,Tâches diverses,2021-12-03,12:42:27,00:00:02
stefano.crapanzano@chu.ulg.ac.be,SSP2.0_A03_créer DA_recherche CC impossible - Xperthis ERP4HC 2.0 Rollout - Service d'assistance - Google Chrome,Tâches diverses,2021-12-03,12:42:38,00:00:03
stefano.crapanzano@chu.ulg.ac.be,SSP2.0_A03_créer DA_recherche CC impossible - Xperthis ERP4HC 2.0 Rollout - Service d'assistance - Google Chrome,Tâches diverses,2021-12-03,14:07:57,00:00:02
stefano.crapanzano@chu.ulg.ac.be,SSP2.0_A03_créer DA_recherche CC impossible - Xperthis ERP4HC 2.0 Rollout - Service d'assistance - Google Chrome,Helpdesk général,2021-12-03,16:07:42,00:00:02
stefano.crapanzano@chu.ulg.ac.be,Demandes - Service d'assistance - Google Chrome,Tâches diverses,2021-12-03,09:29:08,00:00:04
stefano.crapanzano@chu.ulg.ac.be,Demandes - Service d'assistance - Google Chrome,Tâches diverses,2021-12-03,09:29:27,00:00:20
stefano.crapanzano@chu.ulg.ac.be,Demandes - Service d'assistance - Google Chrome,Helpdesk général,2021-12-03,09:42:56,00:00:26
stefano.crapanzano@chu.ulg.ac.be,Demandes - Service d'assistance - Google Chrome,Tâches diverses,2021-12-03,09:44:16,00:00:25
stefano.crapanzano@chu.ulg.ac.be,Demandes - Service d'assistance - Google Chrome,Tâches diverses,2021-12-03,09:50:08,00:00:32
stefano.crapanzano@chu.ulg.ac.be,Demandes - Service d'assistance - Google Chrome,Tâches diverses,2021-12-03,09:50:43,00:01:28
stefano.crapanzano@chu.ulg.ac.be,Demandes - Service d'assistance - Google Chrome,Tâches diverses,2021-12-03,09:56:51,00:00:30
stefano.crapanzano@chu.ulg.ac.be,Demandes - Service d'assistance - Google Chrome,Tâches diverses,2021-12-03,09:57:45,00:00:18
stefano.crapanzano@chu.ulg.ac.be,Demandes - Service d'assistance - Google Chrome,Helpdesk général,2021-12-03,10:17:01,00:00:05
stefano.crapanzano@chu.ulg.ac.be,Demandes - Service d'assistance - Google Chrome,Tâches diverses,2021-12-03,11:33:20,00:00:31
stefano.crapanzano@chu.ulg.ac.be,Demandes - Service d'assistance - Google Chrome,Tâches diverses,2021-12-03,11:34:02,00:00:17
stefano.crapanzano@chu.ulg.ac.be,SSP2.0_A03_créer DA_descript CC&récept.pas affichée - Xperthis ERP4HC 2.0 Rollout - Service d'assistance - Google Chrome,Tâches diverses,2021-12-03,09:29:12,00:00:14
stefano.crapanzano@chu.ulg.ac.be,Ouverture de Traiter panier equipe (1).docx,Helpdesk général,2021-12-03,09:29:58,00:00:02
stefano.crapanzano@chu.ulg.ac.be,Traiter panier equipe (1).docx [Lecture seule] - Word,Exploration SAP,2021-12-03,09:32:50,00:01:21
stefano.crapanzano@chu.ulg.ac.be,Navigation système de fichier,IT,2021-12-03,09:31:16,00:00:08
stefano.crapanzano@chu.ulg.ac.be,Navigation système de fichier,IT,2021-12-03,09:58:04,00:00:02
stefano.crapanzano@chu.ulg.ac.be,Navigation système de fichier,IT,2021-12-03,10:22:26,00:14:27
stefano.crapanzano@chu.ulg.ac.be,Navigation système de fichier,IT,2021-12-03,10:36:54,00:00:03
stefano.crapanzano@chu.ulg.ac.be,Navigation système de fichier,IT,2021-12-03,10:48:07,00:00:06
stefano.crapanzano@chu.ulg.ac.be,Navigation système de fichier,IT,2021-12-03,11:17:33,00:00:12
stefano.crapanzano@chu.ulg.ac.be,Navigation système de fichier,IT,2021-12-03,11:30:49,00:00:02
stefano.crapanzano@chu.ulg.ac.be,Navigation système de fichier,IT,2021-12-03,12:32:16,00:00:03
stefano.crapanzano@chu.ulg.ac.be,Navigation système de fichier,IT,2021-12-03,12:32:43,00:00:02
stefano.crapanzano@chu.ulg.ac.be,Navigation système de fichier,IT,2021-12-03,16:11:17,00:00:02
stefano.crapanzano@chu.ulg.ac.be,Navigation système de fichier,IT,2021-12-03,16:11:40,00:00:03
stefano.crapanzano@chu.ulg.ac.be,Navigation système de fichier,IT,2021-12-03,16:27:42,00:11:35
stefano.crapanzano@chu.ulg.ac.be,Navigation système de fichier,IT,2021-12-03,16:54:44,00:00:23
stefano.crapanzano@chu.ulg.ac.be,Navigation système de fichier,IT,2021-12-03,16:55:39,00:00:03
stefano.crapanzano@chu.ulg.ac.be,Navigation système de fichier,IT,2021-12-03,16:59:38,00:00:02
stefano.crapanzano@chu.ulg.ac.be,Navigation système de fichier,IT,2021-12-03,17:35:22,00:00:02
stefano.crapanzano@chu.ulg.ac.be,Navigation système de fichier,IT,2021-12-03,17:35:56,00:00:02
stefano.crapanzano@chu.ulg.ac.be,Navigation système de fichier,IT,2021-12-03,17:38:07,00:00:14
stefano.crapanzano@chu.ulg.ac.be,Navigation système de fichier,IT,2021-12-03,17:47:17,00:00:02
stefano.crapanzano@chu.ulg.ac.be,Navigation système de fichier,IT,2021-12-03,18:12:28,00:00:04
stefano.crapanzano@chu.ulg.ac.be,Navigation système de fichier,IT,2021-12-03,18:14:57,00:00:10
stefano.crapanzano@chu.ulg.ac.be,Navigation système de fichier,IT,2021-12-03,18:22:50,00:00:02
stefano.crapanzano@chu.ulg.ac.be,Navigation système de fichier,IT,2021-12-03,18:32:27,00:00:02
stefano.crapanzano@chu.ulg.ac.be,Navigation système de fichier,IT,2021-12-03,18:36:46,00:00:04
stefano.crapanzano@chu.ulg.ac.be,Navigation système de fichier,IT,2021-12-03,18:42:03,00:00:02
stefano.crapanzano@chu.ulg.ac.be,Navigation système de fichier,IT,2021-12-03,19:04:58,00:00:03
stefano.crapanzano@chu.ulg.ac.be,Navigation système de fichier,IT,2021-12-03,19:20:31,00:00:02
stefano.crapanzano@chu.ulg.ac.be,Navigation système de fichier,IT,2021-12-03,19:31:13,00:00:03
stefano.crapanzano@chu.ulg.ac.be,SAP Logon 760,Exploration SAP,2021-12-03,09:31:25,00:00:02
stefano.crapanzano@chu.ulg.ac.be,SAP Logon 760,Tâches diverses,2021-12-03,10:44:33,00:00:05
stefano.crapanzano@chu.ulg.ac.be,SAP Easy Access Menu de base Applications financières-économiques,Exploration SAP,2021-12-03,09:31:28,00:00:07
stefano.crapanzano@chu.ulg.ac.be,SAP Easy Access Menu de base Applications financières-économiques,Exploration SAP,2021-12-03,10:44:43,00:00:04
stefano.crapanzano@chu.ulg.ac.be,SAP Easy Access Menu de base Applications financières-économiques,Exploration SAP,2021-12-03,10:48:22,00:00:04
stefano.crapanzano@chu.ulg.ac.be,SAP Easy Access Menu de base Applications financières-économiques,Exploration SAP,2021-12-03,17:30:08,00:00:09
stefano.crapanzano@chu.ulg.ac.be,Attributs généraux (BBP) Modifier,Helpdesk général,2021-12-03,09:31:52,00:00:02
stefano.crapanzano@chu.ulg.ac.be,Attributs généraux (BBP) Modifier,Exploration SAP,2021-12-03,09:32:04,00:00:14
stefano.crapanzano@chu.ulg.ac.be,Greenshot capture form,Helpdesk général,2021-12-03,09:31:48,00:00:04
stefano.crapanzano@chu.ulg.ac.be,Greenshot capture form,Helpdesk général,2021-12-03,09:32:19,00:00:11
stefano.crapanzano@chu.ulg.ac.be,Poste (1),Exploration SAP,2021-12-03,09:31:58,00:00:03
stefano.crapanzano@chu.ulg.ac.be,Poste (1)    2 Entrées trouvées,Exploration SAP,2021-12-03,09:32:02,00:00:02
stefano.crapanzano@chu.ulg.ac.be,Rédaction : Re: SDERP-19440 - Thunderbird,Helpdesk général,2021-12-03,09:34:26,00:00:20
stefano.crapanzano@chu.ulg.ac.be,Rédaction : Re: SDERP-19440 - Thunderbird,Helpdesk général,2021-12-03,09:34:57,00:00:44
stefano.crapanzano@chu.ulg.ac.be,Joindre les fichiers,Helpdesk général,2021-12-03,09:34:46,00:00:10
stefano.crapanzano@chu.ulg.ac.be,SSP - Interface vide sur A03 - Xperthis ERP4HC 2.0 Rollout - Service d'assistance - Google Chrome,Tâches diverses,2021-12-03,09:43:22,00:00:54
stefano.crapanzano@chu.ulg.ac.be,SSP - Interface vide sur A03 - Xperthis ERP4HC 2.0 Rollout - Service d'assistance - Google Chrome,Tâches diverses,2021-12-03,09:45:19,00:00:27
stefano.crapanzano@chu.ulg.ac.be,SSP - Interface vide sur A03 - Xperthis ERP4HC 2.0 Rollout - Service d'assistance - Google Chrome,Tâches diverses,2021-12-03,10:17:07,00:01:55
stefano.crapanzano@chu.ulg.ac.be,SSP - Interface vide sur A03 - Xperthis ERP4HC 2.0 Rollout - Service d'assistance - Google Chrome,Tâches diverses,2021-12-03,10:21:19,00:01:05
stefano.crapanzano@chu.ulg.ac.be,SSP - Interface vide sur A03 - Xperthis ERP4HC 2.0 Rollout - Service d'assistance - Google Chrome,Tâches diverses,2021-12-03,10:36:58,00:00:02
stefano.crapanzano@chu.ulg.ac.be,SSP - Interface vide sur A03 - Xperthis ERP4HC 2.0 Rollout - Service d'assistance - Google Chrome,Tâches diverses,2021-12-03,11:34:20,00:00:49
stefano.crapanzano@chu.ulg.ac.be,Extended My Requests - ZORGI Jira - Google Chrome,Tâches diverses,2021-12-03,09:44:42,00:00:02
stefano.crapanzano@chu.ulg.ac.be,Extended My Requests - All requests - Service Desk - Google Chrome,Tâches diverses,2021-12-03,09:44:44,00:00:34
stefano.crapanzano@chu.ulg.ac.be,Extended My Requests - All requests - Service Desk - Google Chrome,Tâches diverses,2021-12-03,11:33:53,00:00:09
stefano.crapanzano@chu.ulg.ac.be,Nouvel onglet - Google Chrome,Tâches diverses,2021-12-03,09:47:35,00:00:05
stefano.crapanzano@chu.ulg.ac.be,Nouvel onglet - Google Chrome,Tâches diverses,2021-12-03,09:52:48,00:00:08
stefano.crapanzano@chu.ulg.ac.be,Nouvel onglet - Google Chrome,Tâches diverses,2021-12-03,17:35:24,00:00:04
stefano.crapanzano@chu.ulg.ac.be,Nouvel onglet - Google Chrome,Tâches diverses,2021-12-03,18:17:27,00:00:16
stefano.crapanzano@chu.ulg.ac.be,Nouvel onglet - Google Chrome,Tâches diverses,2021-12-03,19:08:24,00:00:04
stefano.crapanzano@chu.ulg.ac.be,Nouvel onglet - Google Chrome,Tâches diverses,2021-12-03,19:25:38,00:00:13
stefano.crapanzano@chu.ulg.ac.be,Nouvel onglet - Google Chrome,Tâches diverses,2021-12-03,19:32:08,00:00:06
stefano.crapanzano@chu.ulg.ac.be,Nouvel onglet - Google Chrome,Tâches diverses,2021-12-03,19:51:24,00:00:04
stefano.crapanzano@chu.ulg.ac.be,Identification - Google Chrome,Tâches diverses,2021-12-03,09:47:41,00:00:08
stefano.crapanzano@chu.ulg.ac.be,STPNET 2 - Google Chrome,Tâches diverses,2021-12-03,09:47:49,00:01:29
stefano.crapanzano@chu.ulg.ac.be,ssp 2 - Mozilla Thunderbird,Helpdesk général,2021-12-03,09:49:41,00:00:09
stefano.crapanzano@chu.ulg.ac.be,STERPBE-2898 SSP + Approbation + Workflow Approval inaccessible sur A03 - Mozilla Thunderbird,Helpdesk général,2021-12-03,09:49:50,00:00:05
stefano.crapanzano@chu.ulg.ac.be,SSP + Approbation + Workflow Approval inaccessible sur A03 - Xperthis ERP4HC 2.0 Rollout - Service d'assistance - Google Chrome,Tâches diverses,2021-12-03,09:49:58,00:00:10
stefano.crapanzano@chu.ulg.ac.be,SSP Accès aux utilisateurs CHR - Xperthis ERP4HC 2.0 Rollout - Service d'assistance - Google Chrome,Tâches diverses,2021-12-03,09:50:41,00:00:02
stefano.crapanzano@chu.ulg.ac.be,Chargement photo d'un article sur SSP - Xperthis ERP4HC 2.0 Rollout - Service d'assistance - Google Chrome,Tâches diverses,2021-12-03,09:52:12,00:00:27
stefano.crapanzano@chu.ulg.ac.be,Chargement photo d'un article sur SSP - Xperthis ERP4HC 2.0 Rollout - Service d'assistance - Google Chrome,Tâches diverses,2021-12-03,11:33:04,00:00:16
stefano.crapanzano@chu.ulg.ac.be,Netop Invité,Helpdesk général,2021-12-03,09:52:40,00:00:08
stefano.crapanzano@chu.ulg.ac.be,Netop Invité,Helpdesk général,2021-12-03,10:15:54,00:00:04
stefano.crapanzano@chu.ulg.ac.be,Helpdesk ATI - Db Hardware Prod - Google Chrome,Tâches diverses,2021-12-03,09:52:56,00:00:39
stefano.crapanzano@chu.ulg.ac.be,Connexion à l'aide de l'authentification Windows,Helpdesk général,2021-12-03,09:53:38,00:00:04
stefano.crapanzano@chu.ulg.ac.be,df-wx-0012 - Netop Remote Control,Helpdesk général,2021-12-03,09:53:43,00:00:17
stefano.crapanzano@chu.ulg.ac.be,df-wx-0012 - Netop Remote Control,Helpdesk général,2021-12-03,09:58:06,00:17:45
stefano.crapanzano@chu.ulg.ac.be,P203 CHU Transaction Y_DVX_30000114 - Xperthis ERP4HC 1.0 - Service d'assistance - Google Chrome,Tâches diverses,2021-12-03,09:56:26,00:00:24
stefano.crapanzano@chu.ulg.ac.be,Impossible de supprimer des lignes via Zload_SSP_USR_ATTRS - Xperthis ERP4HC 2.0 Rollout - Service d'assistance - Google Chrome,Tâches diverses,2021-12-03,09:57:21,00:00:24
stefano.crapanzano@chu.ulg.ac.be,Réunion SSP Catalogue 09/11/2021 - OneNote,Tâches diverses,2021-12-03,10:19:02,00:00:33
stefano.crapanzano@chu.ulg.ac.be,Info licence en cas de connexion multiple,Exploration SAP,2021-12-03,10:44:39,00:00:04
stefano.crapanzano@chu.ulg.ac.be,Valeur par Type de Magasin,Exploration SAP,2021-12-03,10:44:47,00:00:10
stefano.crapanzano@chu.ulg.ac.be,Valeur par Type de Magasin,Exploration SAP,2021-12-03,18:22:48,00:00:02
stefano.crapanzano@chu.ulg.ac.be,Gewaardeerde voorraad,Exploration SAP,2021-12-03,10:44:58,00:00:09
stefano.crapanzano@chu.ulg.ac.be,Gewaardeerde voorraad,Exploration SAP,2021-12-03,10:45:18,00:00:09
stefano.crapanzano@chu.ulg.ac.be,Gewaardeerde voorraad,Exploration SAP,2021-12-03,10:46:46,00:00:02
stefano.crapanzano@chu.ulg.ac.be,Gewaardeerde voorraad,Exploration SAP,2021-12-03,10:46:55,00:00:05
stefano.crapanzano@chu.ulg.ac.be,Gewaardeerde voorraad,Exploration SAP,2021-12-03,10:47:03,00:00:09
stefano.crapanzano@chu.ulg.ac.be,Gewaardeerde voorraad,Exploration SAP,2021-12-03,10:48:14,00:00:08
stefano.crapanzano@chu.ulg.ac.be,Gewaardeerde voorraad,Exploration SAP,2021-12-03,18:22:54,00:00:03
stefano.crapanzano@chu.ulg.ac.be,Définir valeurs pour critères de filtre,Exploration SAP,2021-12-03,10:45:07,00:00:04
stefano.crapanzano@chu.ulg.ac.be,Définir valeurs pour critères de filtre,Exploration SAP,2021-12-03,10:45:15,00:00:02
stefano.crapanzano@chu.ulg.ac.be,Définir valeurs pour critères de filtre,Exploration SAP,2021-12-03,10:46:49,00:00:05
stefano.crapanzano@chu.ulg.ac.be,Définir valeurs pour critères de filtre,Exploration SAP,2021-12-03,10:47:00,00:00:02
stefano.crapanzano@chu.ulg.ac.be,Exporter/importer Lien entre article-centre de coûts et quantité,Exploration SAP,2021-12-03,10:48:26,00:00:03
stefano.crapanzano@chu.ulg.ac.be,Exporter/importer Lien entre article-centre de coûts et quantité,Exploration SAP,2021-12-03,10:48:31,00:00:28
stefano.crapanzano@chu.ulg.ac.be,Exporter/importer Lien entre article-centre de coûts et quantité,Exploration SAP,2021-12-03,10:49:09,00:00:17
stefano.crapanzano@chu.ulg.ac.be,Microsoft SQL Server Management Studio : fichiers récupérés,IT,2021-12-03,11:18:30,00:00:02
stefano.crapanzano@chu.ulg.ac.be,Microsoft SQL Server Management Studio (Administrateur),IT,2021-12-03,11:18:53,00:00:02
stefano.crapanzano@chu.ulg.ac.be,Se connecter au serveur,IT,2021-12-03,11:18:34,00:00:19
stefano.crapanzano@chu.ulg.ac.be,DBeaver 21.0.0 - <none> Script-1,Helpdesk général,2021-12-03,11:49:33,00:41:01
stefano.crapanzano@chu.ulg.ac.be,SAP GUI for Windows 760,Tâches diverses,2021-12-03,11:32:34,00:00:05
stefano.crapanzano@chu.ulg.ac.be,SAP GUI for Windows 760,Exploration SAP,2021-12-03,12:48:57,01:18:29
stefano.crapanzano@chu.ulg.ac.be,SAP GUI for Windows 760,Exploration SAP,2021-12-03,19:47:56,00:00:02
stefano.crapanzano@chu.ulg.ac.be,Rédaction : Fwd: STERPBE-3428 SSP2.0_A03_créer DA_recherche CC impossible - Thunderbird,Helpdesk général,2021-12-03,12:32:57,00:00:39
stefano.crapanzano@chu.ulg.ac.be,Rédaction : Fwd: STERPBE-3428 SSP2.0_A03_créer DA_recherche CC impossible - Thunderbird,Helpdesk général,2021-12-03,12:33:42,00:00:02
stefano.crapanzano@chu.ulg.ac.be,Programmation,IT,2021-12-03,14:31:01,00:00:45
stefano.crapanzano@chu.ulg.ac.be,Programmation,IT,2021-12-03,14:31:47,00:00:03
stefano.crapanzano@chu.ulg.ac.be,Programmation,IT,2021-12-03,14:31:58,00:00:02
stefano.crapanzano@chu.ulg.ac.be,Programmation,IT,2021-12-03,14:32:02,00:01:06
stefano.crapanzano@chu.ulg.ac.be,Programmation,IT,2021-12-03,14:33:46,00:01:45
stefano.crapanzano@chu.ulg.ac.be,Programmation,IT,2021-12-03,14:36:22,00:02:56
stefano.crapanzano@chu.ulg.ac.be,Programmation,IT,2021-12-03,14:39:32,00:00:02
stefano.crapanzano@chu.ulg.ac.be,Programmation,IT,2021-12-03,14:39:36,00:14:47
stefano.crapanzano@chu.ulg.ac.be,Programmation,IT,2021-12-03,14:54:27,00:44:50
stefano.crapanzano@chu.ulg.ac.be,Programmation,IT,2021-12-03,16:07:49,00:03:24
stefano.crapanzano@chu.ulg.ac.be,Programmation,IT,2021-12-03,16:11:15,00:00:02
stefano.crapanzano@chu.ulg.ac.be,Programmation,IT,2021-12-03,16:11:21,00:00:02
stefano.crapanzano@chu.ulg.ac.be,Programmation,IT,2021-12-03,16:11:34,00:00:06
stefano.crapanzano@chu.ulg.ac.be,Programmation,IT,2021-12-03,16:22:21,00:03:09
stefano.crapanzano@chu.ulg.ac.be,Programmation,IT,2021-12-03,16:26:48,00:00:54
stefano.crapanzano@chu.ulg.ac.be,Programmation,IT,2021-12-03,16:41:03,00:01:37
stefano.crapanzano@chu.ulg.ac.be,Programmation,IT,2021-12-03,16:50:10,00:04:07
stefano.crapanzano@chu.ulg.ac.be,Programmation,IT,2021-12-03,16:54:19,00:00:07
stefano.crapanzano@chu.ulg.ac.be,Programmation,IT,2021-12-03,17:09:58,00:14:31
stefano.crapanzano@chu.ulg.ac.be,Programmation,IT,2021-12-03,17:26:05,00:03:54
stefano.crapanzano@chu.ulg.ac.be,Programmation,IT,2021-12-03,17:30:20,00:00:02
stefano.crapanzano@chu.ulg.ac.be,Programmation,IT,2021-12-03,17:31:00,00:01:24
stefano.crapanzano@chu.ulg.ac.be,Programmation,IT,2021-12-03,17:32:49,00:00:12
stefano.crapanzano@chu.ulg.ac.be,Programmation,IT,2021-12-03,17:33:14,00:02:07
stefano.crapanzano@chu.ulg.ac.be,Programmation,IT,2021-12-03,17:36:06,00:00:03
stefano.crapanzano@chu.ulg.ac.be,Programmation,IT,2021-12-03,17:36:13,00:01:49
stefano.crapanzano@chu.ulg.ac.be,Programmation,IT,2021-12-03,17:38:21,00:05:25
stefano.crapanzano@chu.ulg.ac.be,Programmation,IT,2021-12-03,17:43:47,00:01:49
stefano.crapanzano@chu.ulg.ac.be,Programmation,IT,2021-12-03,17:45:38,00:00:26
stefano.crapanzano@chu.ulg.ac.be,Programmation,IT,2021-12-03,17:46:06,00:00:03
stefano.crapanzano@chu.ulg.ac.be,Programmation,IT,2021-12-03,17:46:12,00:00:02
stefano.crapanzano@chu.ulg.ac.be,Programmation,IT,2021-12-03,17:46:24,00:00:52
stefano.crapanzano@chu.ulg.ac.be,Programmation,IT,2021-12-03,17:47:43,00:04:53
stefano.crapanzano@chu.ulg.ac.be,Programmation,IT,2021-12-03,17:52:37,00:00:15
stefano.crapanzano@chu.ulg.ac.be,Programmation,IT,2021-12-03,17:52:54,00:00:34
stefano.crapanzano@chu.ulg.ac.be,Programmation,IT,2021-12-03,17:53:29,00:02:25
stefano.crapanzano@chu.ulg.ac.be,Programmation,IT,2021-12-03,17:57:49,00:00:06
stefano.crapanzano@chu.ulg.ac.be,Programmation,IT,2021-12-03,17:58:02,00:00:07
stefano.crapanzano@chu.ulg.ac.be,Programmation,IT,2021-12-03,17:58:30,00:00:05
stefano.crapanzano@chu.ulg.ac.be,Programmation,IT,2021-12-03,17:58:53,00:00:06
stefano.crapanzano@chu.ulg.ac.be,Programmation,IT,2021-12-03,18:02:40,00:02:36
stefano.crapanzano@chu.ulg.ac.be,Programmation,IT,2021-12-03,18:05:27,00:07:01
stefano.crapanzano@chu.ulg.ac.be,Programmation,IT,2021-12-03,18:12:32,00:00:34
stefano.crapanzano@chu.ulg.ac.be,Programmation,IT,2021-12-03,18:15:07,00:02:14
stefano.crapanzano@chu.ulg.ac.be,Programmation,IT,2021-12-03,18:18:30,00:00:50
stefano.crapanzano@chu.ulg.ac.be,Programmation,IT,2021-12-03,18:19:24,00:00:06
stefano.crapanzano@chu.ulg.ac.be,Programmation,IT,2021-12-03,18:19:36,00:00:07
stefano.crapanzano@chu.ulg.ac.be,Programmation,IT,2021-12-03,18:19:45,00:00:26
stefano.crapanzano@chu.ulg.ac.be,Programmation,IT,2021-12-03,18:20:12,00:00:35
stefano.crapanzano@chu.ulg.ac.be,Programmation,IT,2021-12-03,18:20:49,00:00:22
stefano.crapanzano@chu.ulg.ac.be,Programmation,IT,2021-12-03,18:21:13,00:00:32
stefano.crapanzano@chu.ulg.ac.be,Programmation,IT,2021-12-03,18:21:59,00:00:03
stefano.crapanzano@chu.ulg.ac.be,Programmation,IT,2021-12-03,18:22:11,00:00:24
stefano.crapanzano@chu.ulg.ac.be,Programmation,IT,2021-12-03,18:22:59,00:01:11
stefano.crapanzano@chu.ulg.ac.be,Programmation,IT,2021-12-03,18:24:17,00:00:19
stefano.crapanzano@chu.ulg.ac.be,Programmation,IT,2021-12-03,18:24:43,00:00:05
stefano.crapanzano@chu.ulg.ac.be,Programmation,IT,2021-12-03,18:24:54,00:00:40
stefano.crapanzano@chu.ulg.ac.be,Programmation,IT,2021-12-03,18:28:04,00:00:05
stefano.crapanzano@chu.ulg.ac.be,Programmation,IT,2021-12-03,18:28:12,00:00:49
stefano.crapanzano@chu.ulg.ac.be,Programmation,IT,2021-12-03,18:29:07,00:01:08
stefano.crapanzano@chu.ulg.ac.be,Programmation,IT,2021-12-03,18:30:30,00:01:57
stefano.crapanzano@chu.ulg.ac.be,Programmation,IT,2021-12-03,18:32:32,00:00:04
stefano.crapanzano@chu.ulg.ac.be,Programmation,IT,2021-12-03,18:32:58,00:03:02
stefano.crapanzano@chu.ulg.ac.be,Programmation,IT,2021-12-03,18:36:12,00:00:25
stefano.crapanzano@chu.ulg.ac.be,Programmation,IT,2021-12-03,18:36:50,00:00:55
stefano.crapanzano@chu.ulg.ac.be,Programmation,IT,2021-12-03,18:37:54,00:00:10
stefano.crapanzano@chu.ulg.ac.be,Programmation,IT,2021-12-03,18:38:16,00:00:19
stefano.crapanzano@chu.ulg.ac.be,Programmation,IT,2021-12-03,18:38:38,00:00:13
stefano.crapanzano@chu.ulg.ac.be,Programmation,IT,2021-12-03,18:39:01,00:00:25
stefano.crapanzano@chu.ulg.ac.be,Programmation,IT,2021-12-03,18:39:42,00:00:17
stefano.crapanzano@chu.ulg.ac.be,Programmation,IT,2021-12-03,18:40:45,00:00:23
stefano.crapanzano@chu.ulg.ac.be,Programmation,IT,2021-12-03,18:41:28,00:00:28
stefano.crapanzano@chu.ulg.ac.be,Programmation,IT,2021-12-03,18:42:18,00:00:05
stefano.crapanzano@chu.ulg.ac.be,Programmation,IT,2021-12-03,18:42:42,00:00:11
stefano.crapanzano@chu.ulg.ac.be,Programmation,IT,2021-12-03,18:43:01,00:00:12
stefano.crapanzano@chu.ulg.ac.be,Programmation,IT,2021-12-03,18:43:17,00:00:30
stefano.crapanzano@chu.ulg.ac.be,Programmation,IT,2021-12-03,18:43:55,00:00:37
stefano.crapanzano@chu.ulg.ac.be,Programmation,IT,2021-12-03,18:44:38,00:00:21
stefano.crapanzano@chu.ulg.ac.be,Programmation,IT,2021-12-03,18:45:05,00:00:02
stefano.crapanzano@chu.ulg.ac.be,Programmation,IT,2021-12-03,18:45:08,00:00:05
stefano.crapanzano@chu.ulg.ac.be,Programmation,IT,2021-12-03,18:45:16,00:00:26
stefano.crapanzano@chu.ulg.ac.be,Programmation,IT,2021-12-03,18:45:47,00:00:24
stefano.crapanzano@chu.ulg.ac.be,Programmation,IT,2021-12-03,18:46:35,00:00:03
stefano.crapanzano@chu.ulg.ac.be,Programmation,IT,2021-12-03,18:46:43,00:00:22
stefano.crapanzano@chu.ulg.ac.be,Programmation,IT,2021-12-03,18:47:20,00:00:11
stefano.crapanzano@chu.ulg.ac.be,Programmation,IT,2021-12-03,18:47:33,00:02:18
stefano.crapanzano@chu.ulg.ac.be,Programmation,IT,2021-12-03,18:49:58,00:04:49
stefano.crapanzano@chu.ulg.ac.be,Programmation,IT,2021-12-03,18:54:49,00:00:51
stefano.crapanzano@chu.ulg.ac.be,Programmation,IT,2021-12-03,18:58:46,00:02:14
stefano.crapanzano@chu.ulg.ac.be,Programmation,IT,2021-12-03,19:01:11,00:03:09
stefano.crapanzano@chu.ulg.ac.be,Programmation,IT,2021-12-03,19:04:50,00:00:08
stefano.crapanzano@chu.ulg.ac.be,Programmation,IT,2021-12-03,19:06:02,00:01:10
stefano.crapanzano@chu.ulg.ac.be,Programmation,IT,2021-12-03,19:07:19,00:00:14
stefano.crapanzano@chu.ulg.ac.be,Programmation,IT,2021-12-03,19:08:01,00:00:20
stefano.crapanzano@chu.ulg.ac.be,Programmation,IT,2021-12-03,19:10:08,00:00:10
stefano.crapanzano@chu.ulg.ac.be,Programmation,IT,2021-12-03,19:10:20,00:01:56
stefano.crapanzano@chu.ulg.ac.be,Programmation,IT,2021-12-03,19:13:27,00:01:11
stefano.crapanzano@chu.ulg.ac.be,Programmation,IT,2021-12-03,19:14:58,00:00:32
stefano.crapanzano@chu.ulg.ac.be,Programmation,IT,2021-12-03,19:15:52,00:02:07
stefano.crapanzano@chu.ulg.ac.be,Programmation,IT,2021-12-03,19:18:12,00:00:06
stefano.crapanzano@chu.ulg.ac.be,Programmation,IT,2021-12-03,19:18:29,00:00:03
stefano.crapanzano@chu.ulg.ac.be,Programmation,IT,2021-12-03,19:18:35,00:00:10
stefano.crapanzano@chu.ulg.ac.be,Programmation,IT,2021-12-03,19:18:50,00:00:34
stefano.crapanzano@chu.ulg.ac.be,Programmation,IT,2021-12-03,19:19:40,00:00:11
stefano.crapanzano@chu.ulg.ac.be,Programmation,IT,2021-12-03,19:19:56,00:00:34
stefano.crapanzano@chu.ulg.ac.be,Programmation,IT,2021-12-03,19:20:59,00:00:24
stefano.crapanzano@chu.ulg.ac.be,Programmation,IT,2021-12-03,19:21:25,00:00:05
stefano.crapanzano@chu.ulg.ac.be,Programmation,IT,2021-12-03,19:21:35,00:00:49
stefano.crapanzano@chu.ulg.ac.be,Programmation,IT,2021-12-03,19:22:31,00:00:02
stefano.crapanzano@chu.ulg.ac.be,Programmation,IT,2021-12-03,19:23:18,00:00:46
stefano.crapanzano@chu.ulg.ac.be,Programmation,IT,2021-12-03,19:24:13,00:00:10
stefano.crapanzano@chu.ulg.ac.be,Programmation,IT,2021-12-03,19:24:29,00:00:14
stefano.crapanzano@chu.ulg.ac.be,Programmation,IT,2021-12-03,19:24:50,00:00:05
stefano.crapanzano@chu.ulg.ac.be,Programmation,IT,2021-12-03,19:25:00,00:00:05
stefano.crapanzano@chu.ulg.ac.be,Programmation,IT,2021-12-03,19:25:06,00:00:07
stefano.crapanzano@chu.ulg.ac.be,Programmation,IT,2021-12-03,19:25:23,00:00:12
stefano.crapanzano@chu.ulg.ac.be,Programmation,IT,2021-12-03,19:26:50,00:00:25
stefano.crapanzano@chu.ulg.ac.be,Programmation,IT,2021-12-03,19:27:31,00:00:26
stefano.crapanzano@chu.ulg.ac.be,Programmation,IT,2021-12-03,19:28:03,00:00:14
stefano.crapanzano@chu.ulg.ac.be,Programmation,IT,2021-12-03,19:28:58,00:00:29
stefano.crapanzano@chu.ulg.ac.be,Programmation,IT,2021-12-03,19:29:36,00:01:36
stefano.crapanzano@chu.ulg.ac.be,Programmation,IT,2021-12-03,19:32:25,00:00:19
stefano.crapanzano@chu.ulg.ac.be,Programmation,IT,2021-12-03,19:33:01,00:00:08
stefano.crapanzano@chu.ulg.ac.be,Programmation,IT,2021-12-03,19:33:31,00:00:31
stefano.crapanzano@chu.ulg.ac.be,Programmation,IT,2021-12-03,19:34:25,00:00:23
stefano.crapanzano@chu.ulg.ac.be,Programmation,IT,2021-12-03,19:35:49,00:01:09
stefano.crapanzano@chu.ulg.ac.be,Programmation,IT,2021-12-03,19:43:19,00:00:08
stefano.crapanzano@chu.ulg.ac.be,Programmation,IT,2021-12-03,19:43:35,00:01:33
stefano.crapanzano@chu.ulg.ac.be,Lecture documentation,Tâches diverses,2021-12-03,14:31:52,00:00:06
stefano.crapanzano@chu.ulg.ac.be,Lecture documentation,Tâches diverses,2021-12-03,14:35:32,00:00:17
stefano.crapanzano@chu.ulg.ac.be,Lecture documentation,Tâches diverses,2021-12-03,14:35:50,00:00:31
stefano.crapanzano@chu.ulg.ac.be,Lecture documentation,Tâches diverses,2021-12-03,14:39:19,00:00:13
stefano.crapanzano@chu.ulg.ac.be,Lecture documentation,Tâches diverses,2021-12-03,16:07:45,00:00:04
stefano.crapanzano@chu.ulg.ac.be,Lecture documentation,Tâches diverses,2021-12-03,16:12:06,00:10:10
stefano.crapanzano@chu.ulg.ac.be,Lecture documentation,Tâches diverses,2021-12-03,16:22:18,00:00:02
stefano.crapanzano@chu.ulg.ac.be,Lecture documentation,Tâches diverses,2021-12-03,16:40:55,00:00:07
stefano.crapanzano@chu.ulg.ac.be,Rédaction : Re: TR: Facturation 2021 11 Seny - Thunderbird,Helpdesk général,2021-12-03,16:25:50,00:00:16
stefano.crapanzano@chu.ulg.ac.be,Support formation SAP - support_formation_sap.pdf - Mozilla Thunderbird,Helpdesk général,2021-12-03,16:39:53,00:00:27
stefano.crapanzano@chu.ulg.ac.be,Ouverture -Excel,Tâches diverses,2021-12-03,16:55:08,00:00:08
stefano.crapanzano@chu.ulg.ac.be,GOAL_COMMANDES_EN_COURS_LABO.xltm - Excel,Tâches diverses,2021-12-03,16:55:16,00:00:02
stefano.crapanzano@chu.ulg.ac.be,GOAL_COMMANDES_EN_COURS_LABO.xltm - Excel,Tâches diverses,2021-12-03,16:55:20,00:00:02
stefano.crapanzano@chu.ulg.ac.be,Microsoft Excel,Tâches diverses,2021-12-03,16:55:37,00:00:02
stefano.crapanzano@chu.ulg.ac.be,Connexions du classeur,Tâches diverses,2021-12-03,16:55:23,00:00:02
stefano.crapanzano@chu.ulg.ac.be,Propriétés de connexion,Tâches diverses,2021-12-03,16:55:26,00:00:08
stefano.crapanzano@chu.ulg.ac.be,Sapgui Splash Screen,Exploration SAP,2021-12-03,17:30:01,00:00:05
stefano.crapanzano@chu.ulg.ac.be,Afficher article (Initial Screen),Exploration SAP,2021-12-03,17:30:17,00:00:02
stefano.crapanzano@chu.ulg.ac.be,Afficher article (Initial Screen),Exploration SAP,2021-12-03,17:47:19,00:00:03
stefano.crapanzano@chu.ulg.ac.be,Select View(s),Exploration SAP,2021-12-03,17:30:24,00:00:05
stefano.crapanzano@chu.ulg.ac.be,Select View(s),Exploration SAP,2021-12-03,17:47:23,00:00:02
stefano.crapanzano@chu.ulg.ac.be,Afficher article 17052 (ARTICLE non Stock),Exploration SAP,2021-12-03,17:30:33,00:00:02
stefano.crapanzano@chu.ulg.ac.be,Catégorie de classe (1)    4 Entrées trouvées,Exploration SAP,2021-12-03,17:30:36,00:00:04
stefano.crapanzano@chu.ulg.ac.be,Catégorie de classe (1)    4 Entrées trouvées,Exploration SAP,2021-12-03,17:30:43,00:00:09
stefano.crapanzano@chu.ulg.ac.be,Catégorie de classe (1)    4 Entrées trouvées,Exploration SAP,2021-12-03,17:47:35,00:00:02
stefano.crapanzano@chu.ulg.ac.be,Information,Exploration SAP,2021-12-03,17:30:40,00:00:02
stefano.crapanzano@chu.ulg.ac.be,Information,Exploration SAP,2021-12-03,17:47:31,00:00:04
stefano.crapanzano@chu.ulg.ac.be,classification,Exploration SAP,2021-12-03,17:30:52,00:00:05
stefano.crapanzano@chu.ulg.ac.be,classification,Exploration SAP,2021-12-03,17:47:38,00:00:03
stefano.crapanzano@chu.ulg.ac.be,python set - Recherche Google - Google Chrome,Tâches diverses,2021-12-03,17:35:29,00:00:05
stefano.crapanzano@chu.ulg.ac.be,python set add - Recherche Google - Google Chrome,Tâches diverses,2021-12-03,17:35:34,00:00:02
stefano.crapanzano@chu.ulg.ac.be,set add() in python - GeeksforGeeks - Google Chrome,Tâches diverses,2021-12-03,17:35:37,00:00:16
stefano.crapanzano@chu.ulg.ac.be,set add() in python - GeeksforGeeks - Google Chrome,Tâches diverses,2021-12-03,17:35:59,00:00:05
stefano.crapanzano@chu.ulg.ac.be,set add() in python - GeeksforGeeks - Google Chrome,Tâches diverses,2021-12-03,17:36:09,00:00:02
stefano.crapanzano@chu.ulg.ac.be,set add() in python - GeeksforGeeks - Google Chrome,Tâches diverses,2021-12-03,17:38:03,00:00:03
stefano.crapanzano@chu.ulg.ac.be,set add() in python - GeeksforGeeks - Google Chrome,Tâches diverses,2021-12-03,17:46:09,00:00:02
stefano.crapanzano@chu.ulg.ac.be,Afficher article 16141 (ARTICLE non Stock),Exploration SAP,2021-12-03,17:47:29,00:00:02
stefano.crapanzano@chu.ulg.ac.be,127.0.0.1 - Google Chrome,Tâches diverses,2021-12-03,18:01:42,00:00:02
stefano.crapanzano@chu.ulg.ac.be,127.0.0.1 - Google Chrome,Tâches diverses,2021-12-03,18:36:03,00:00:02
stefano.crapanzano@chu.ulg.ac.be,127.0.0.1 - Google Chrome,Tâches diverses,2021-12-03,18:36:39,00:00:02
stefano.crapanzano@chu.ulg.ac.be,127.0.0.1 - Google Chrome,Tâches diverses,2021-12-03,18:49:55,00:00:02
stefano.crapanzano@chu.ulg.ac.be,127.0.0.1 - Google Chrome,Tâches diverses,2021-12-03,18:55:42,00:00:02
stefano.crapanzano@chu.ulg.ac.be,Page not found at /stock/catalogue - Google Chrome,Tâches diverses,2021-12-03,18:13:25,00:00:03
stefano.crapanzano@chu.ulg.ac.be,Page not found at /stock/catalogue - Google Chrome,Tâches diverses,2021-12-03,18:13:35,00:00:02
stefano.crapanzano@chu.ulg.ac.be,drf queryset dependent of get parameters - Recherche Google - Google Chrome,Tâches diverses,2021-12-03,18:17:43,00:00:06
stefano.crapanzano@chu.ulg.ac.be,Filtering - Django REST framework - Google Chrome,Tâches diverses,2021-12-03,18:17:50,00:00:38
stefano.crapanzano@chu.ulg.ac.be,Filtering - Django REST framework - Google Chrome,Tâches diverses,2021-12-03,18:19:31,00:00:05
stefano.crapanzano@chu.ulg.ac.be,Filtering - Django REST framework - Google Chrome,Tâches diverses,2021-12-03,18:46:13,00:00:22
stefano.crapanzano@chu.ulg.ac.be,Filtering - Django REST framework - Google Chrome,Tâches diverses,2021-12-03,18:46:39,00:00:02
stefano.crapanzano@chu.ulg.ac.be,Filtering - Django REST framework - Google Chrome,Tâches diverses,2021-12-03,18:47:06,00:00:13
stefano.crapanzano@chu.ulg.ac.be,Filtering - Django REST framework - Google Chrome,Tâches diverses,2021-12-03,19:10:00,00:00:08
stefano.crapanzano@chu.ulg.ac.be,Filtering - Django REST framework - Google Chrome,Tâches diverses,2021-12-03,19:12:57,00:00:13
stefano.crapanzano@chu.ulg.ac.be,SAP,Exploration SAP,2021-12-03,18:22:38,00:00:08
stefano.crapanzano@chu.ulg.ac.be,NoReverseMatch at / - Google Chrome,Tâches diverses,2021-12-03,18:38:06,00:00:08
stefano.crapanzano@chu.ulg.ac.be,Page not found at /stocks/receptionnaire/ - Google Chrome,Tâches diverses,2021-12-03,18:42:25,00:00:02
stefano.crapanzano@chu.ulg.ac.be,Page not found at /stocks/receptionnaire/ - Google Chrome,Tâches diverses,2021-12-03,18:42:29,00:00:02
stefano.crapanzano@chu.ulg.ac.be,drf filter via post - Recherche Google - Google Chrome,Tâches diverses,2021-12-03,19:08:28,00:00:04
stefano.crapanzano@chu.ulg.ac.be,drf filter via post - Recherche Google - Google Chrome,Tâches diverses,2021-12-03,19:09:50,00:00:05
stefano.crapanzano@chu.ulg.ac.be,python - Django rest framework custom filter for POST request - Stack Overflow - Google Chrome,Tâches diverses,2021-12-03,19:08:33,00:01:17
stefano.crapanzano@chu.ulg.ac.be,drf filter via get - Recherche Google - Google Chrome,Tâches diverses,2021-12-03,19:09:56,00:00:04
stefano.crapanzano@chu.ulg.ac.be,filter datatable via external input - Recherche Google - Google Chrome,Tâches diverses,2021-12-03,19:13:11,00:00:06
stefano.crapanzano@chu.ulg.ac.be,Example for custom external DOM input field table filtering — DataTables forums - Google Chrome,Tâches diverses,2021-12-03,19:13:17,00:00:08
stefano.crapanzano@chu.ulg.ac.be,django rest framework serialize multiple models - Recherche Google - Google Chrome,Tâches diverses,2021-12-03,19:25:52,00:00:02
stefano.crapanzano@chu.ulg.ac.be,Serialize multiple models and send all in one json response django rest framework | Newbedev - Google Chrome,Tâches diverses,2021-12-03,19:25:54,00:00:51
stefano.crapanzano@chu.ulg.ac.be,Page not found at /api/stocks/ - Google Chrome,Tâches diverses,2021-12-03,19:32:15,00:00:07
stefano.crapanzano@chu.ulg.ac.be,Page not found at /api/stocks/ - Google Chrome,Tâches diverses,2021-12-03,19:32:46,00:00:07
stefano.crapanzano@chu.ulg.ac.be,Page not found at /api/stocks/ - Google Chrome,Tâches diverses,2021-12-03,19:32:56,00:00:04
stefano.crapanzano@chu.ulg.ac.be,Page not found at /api/stocks/ - Google Chrome,Tâches diverses,2021-12-03,19:33:10,00:00:04
stefano.crapanzano@chu.ulg.ac.be,Page not found at /api/stocks - Google Chrome,Tâches diverses,2021-12-03,19:32:54,00:00:02
stefano.crapanzano@chu.ulg.ac.be,KeyError at /api/api/stocks/ - Google Chrome,Tâches diverses,2021-12-03,19:33:14,00:00:15
stefano.crapanzano@chu.ulg.ac.be,KeyError at /api/api/stocks/ - Google Chrome,Tâches diverses,2021-12-03,19:34:03,00:00:02
stefano.crapanzano@chu.ulg.ac.be,All Stocks List – Django REST framework - Google Chrome,Tâches diverses,2021-12-03,19:34:20,00:00:05
