Email,Description,Project,Start date,Start time,Duration
stefano.crapanzano@chu.ulg.ac.be,Administrateur : C:\Windows\system32\cmd.exe - python  main.py,IT,2021-11-29,08:30:45,00:00:02
stefano.crapanzano@chu.ulg.ac.be,GOAL - LABO - Google Chrome,Tâches diverses,2021-11-29,08:30:48,00:00:04
stefano.crapanzano@chu.ulg.ac.be,GOAL - LABO - Google Chrome,Helpdesk général,2021-11-29,08:31:34,00:00:02
stefano.crapanzano@chu.ulg.ac.be,GOAL - LABO - Google Chrome,Tâches diverses,2021-11-29,08:35:40,00:00:51
stefano.crapanzano@chu.ulg.ac.be,GOAL - LABO - Google Chrome,Tâches diverses,2021-11-29,08:39:09,00:00:07
stefano.crapanzano@chu.ulg.ac.be,GOAL - LABO - Google Chrome,Tâches diverses,2021-11-29,08:39:35,00:00:03
stefano.crapanzano@chu.ulg.ac.be,GOAL - LABO - Google Chrome,Tâches diverses,2021-11-29,08:44:26,00:00:22
stefano.crapanzano@chu.ulg.ac.be,GOAL - LABO - Google Chrome,Tâches diverses,2021-11-29,08:46:12,00:00:09
stefano.crapanzano@chu.ulg.ac.be,GOAL - LABO - Google Chrome,Tâches diverses,2021-11-29,08:46:34,00:00:04
stefano.crapanzano@chu.ulg.ac.be,GOAL - LABO - Google Chrome,Tâches diverses,2021-11-29,08:46:47,00:00:02
stefano.crapanzano@chu.ulg.ac.be,GOAL - LABO - Google Chrome,Tâches diverses,2021-11-29,08:47:08,00:00:10
stefano.crapanzano@chu.ulg.ac.be,GOAL - LABO - Google Chrome,Tâches diverses,2021-11-29,08:47:48,00:00:09
stefano.crapanzano@chu.ulg.ac.be,GOAL - LABO - Google Chrome,Tâches diverses,2021-11-29,08:48:32,00:00:05
stefano.crapanzano@chu.ulg.ac.be,GOAL - LABO - Google Chrome,Tâches diverses,2021-11-29,08:48:41,00:00:09
stefano.crapanzano@chu.ulg.ac.be,GOAL - LABO - Google Chrome,Tâches diverses,2021-11-29,08:49:03,00:00:02
stefano.crapanzano@chu.ulg.ac.be,GOAL - LABO - Google Chrome,Tâches diverses,2021-11-29,08:49:08,00:00:09
stefano.crapanzano@chu.ulg.ac.be,GOAL - LABO - Google Chrome,Tâches diverses,2021-11-29,08:51:19,00:14:51
stefano.crapanzano@chu.ulg.ac.be,GOAL - LABO - Google Chrome,Tâches diverses,2021-11-29,09:06:34,00:00:05
stefano.crapanzano@chu.ulg.ac.be,GOAL - LABO - Google Chrome,Tâches diverses,2021-11-29,09:06:42,00:00:06
stefano.crapanzano@chu.ulg.ac.be,GOAL - LABO - Google Chrome,Tâches diverses,2021-11-29,09:06:50,00:00:02
stefano.crapanzano@chu.ulg.ac.be,GOAL - LABO - Google Chrome,Tâches diverses,2021-11-29,09:07:03,00:00:05
stefano.crapanzano@chu.ulg.ac.be,GOAL - LABO - Google Chrome,Tâches diverses,2021-11-29,09:07:15,00:00:03
stefano.crapanzano@chu.ulg.ac.be,GOAL - LABO - Google Chrome,Tâches diverses,2021-11-29,09:07:27,00:00:08
stefano.crapanzano@chu.ulg.ac.be,GOAL - LABO - Google Chrome,Tâches diverses,2021-11-29,09:07:37,00:00:05
stefano.crapanzano@chu.ulg.ac.be,GOAL - LABO - Google Chrome,Tâches diverses,2021-11-29,09:07:51,00:00:22
stefano.crapanzano@chu.ulg.ac.be,GOAL - LABO - Google Chrome,Tâches diverses,2021-11-29,09:08:49,00:00:11
stefano.crapanzano@chu.ulg.ac.be,GOAL - LABO - Google Chrome,Tâches diverses,2021-11-29,09:09:12,00:00:02
stefano.crapanzano@chu.ulg.ac.be,GOAL - LABO - Google Chrome,Tâches diverses,2021-11-29,09:11:05,00:00:14
stefano.crapanzano@chu.ulg.ac.be,GOAL - LABO - Google Chrome,Tâches diverses,2021-11-29,09:11:49,00:00:05
stefano.crapanzano@chu.ulg.ac.be,GOAL - LABO - Google Chrome,Tâches diverses,2021-11-29,09:12:17,00:00:03
stefano.crapanzano@chu.ulg.ac.be,GOAL - LABO - Google Chrome,Tâches diverses,2021-11-29,09:14:36,00:00:11
stefano.crapanzano@chu.ulg.ac.be,GOAL - LABO - Google Chrome,Tâches diverses,2021-11-29,09:15:02,00:00:26
stefano.crapanzano@chu.ulg.ac.be,GOAL - LABO - Google Chrome,Tâches diverses,2021-11-29,09:15:54,00:00:23
stefano.crapanzano@chu.ulg.ac.be,GOAL - LABO - Google Chrome,Tâches diverses,2021-11-29,09:16:24,00:00:16
stefano.crapanzano@chu.ulg.ac.be,GOAL - LABO - Google Chrome,Tâches diverses,2021-11-29,09:16:48,00:00:34
stefano.crapanzano@chu.ulg.ac.be,GOAL - LABO - Google Chrome,Tâches diverses,2021-11-29,09:18:06,00:00:05
stefano.crapanzano@chu.ulg.ac.be,GOAL - LABO - Google Chrome,Tâches diverses,2021-11-29,09:19:28,00:00:06
stefano.crapanzano@chu.ulg.ac.be,GOAL - LABO - Google Chrome,Tâches diverses,2021-11-29,09:19:53,00:00:02
stefano.crapanzano@chu.ulg.ac.be,GOAL - LABO - Google Chrome,Tâches diverses,2021-11-29,09:20:28,00:00:06
stefano.crapanzano@chu.ulg.ac.be,GOAL - LABO - Google Chrome,Tâches diverses,2021-11-29,09:20:47,00:00:30
stefano.crapanzano@chu.ulg.ac.be,GOAL - LABO - Google Chrome,Tâches diverses,2021-11-29,09:21:29,00:00:03
stefano.crapanzano@chu.ulg.ac.be,GOAL - LABO - Google Chrome,Tâches diverses,2021-11-29,09:21:49,00:00:05
stefano.crapanzano@chu.ulg.ac.be,GOAL - LABO - Google Chrome,Tâches diverses,2021-11-29,09:22:15,00:00:10
stefano.crapanzano@chu.ulg.ac.be,GOAL - LABO - Google Chrome,Tâches diverses,2021-11-29,09:22:30,00:00:05
stefano.crapanzano@chu.ulg.ac.be,GOAL - LABO - Google Chrome,Tâches diverses,2021-11-29,09:31:17,00:00:03
stefano.crapanzano@chu.ulg.ac.be,GOAL - LABO - Google Chrome,Tâches diverses,2021-11-29,09:31:30,00:00:11
stefano.crapanzano@chu.ulg.ac.be,GOAL - LABO - Google Chrome,Tâches diverses,2021-11-29,09:31:53,00:00:13
stefano.crapanzano@chu.ulg.ac.be,GOAL - LABO - Google Chrome,Tâches diverses,2021-11-29,09:32:36,00:00:05
stefano.crapanzano@chu.ulg.ac.be,GOAL - LABO - Google Chrome,Tâches diverses,2021-11-29,09:38:56,00:00:16
stefano.crapanzano@chu.ulg.ac.be,GOAL - LABO - Google Chrome,Tâches diverses,2021-11-29,09:39:32,00:00:06
stefano.crapanzano@chu.ulg.ac.be,GOAL - LABO - Google Chrome,Tâches diverses,2021-11-29,09:39:42,00:00:02
stefano.crapanzano@chu.ulg.ac.be,GOAL - LABO - Google Chrome,Tâches diverses,2021-11-29,09:39:50,00:00:03
stefano.crapanzano@chu.ulg.ac.be,GOAL - LABO - Google Chrome,Tâches diverses,2021-11-29,09:40:15,00:00:03
stefano.crapanzano@chu.ulg.ac.be,GOAL - LABO - Google Chrome,Tâches diverses,2021-11-29,09:40:24,00:00:02
stefano.crapanzano@chu.ulg.ac.be,GOAL - LABO - Google Chrome,Tâches diverses,2021-11-29,09:40:40,00:00:02
stefano.crapanzano@chu.ulg.ac.be,GOAL - LABO - Google Chrome,Tâches diverses,2021-11-29,09:40:46,00:00:05
stefano.crapanzano@chu.ulg.ac.be,GOAL - LABO - Google Chrome,Tâches diverses,2021-11-29,09:41:05,00:00:24
stefano.crapanzano@chu.ulg.ac.be,GOAL - LABO - Google Chrome,Tâches diverses,2021-11-29,09:44:57,00:00:06
stefano.crapanzano@chu.ulg.ac.be,GOAL - LABO - Google Chrome,Tâches diverses,2021-11-29,09:46:27,00:00:14
stefano.crapanzano@chu.ulg.ac.be,GOAL - LABO - Google Chrome,Tâches diverses,2021-11-29,09:47:37,00:06:14
stefano.crapanzano@chu.ulg.ac.be,GOAL - LABO - Google Chrome,Tâches diverses,2021-11-29,10:06:59,00:05:48
stefano.crapanzano@chu.ulg.ac.be,GOAL - LABO - Google Chrome,Tâches diverses,2021-11-29,10:12:56,00:02:07
stefano.crapanzano@chu.ulg.ac.be,GOAL - LABO - Google Chrome,Tâches diverses,2021-11-29,10:17:51,00:00:46
stefano.crapanzano@chu.ulg.ac.be,GOAL - LABO - Google Chrome,Tâches diverses,2021-11-29,10:18:41,00:00:02
stefano.crapanzano@chu.ulg.ac.be,GOAL - LABO - Google Chrome,Tâches diverses,2021-11-29,10:20:42,00:00:05
stefano.crapanzano@chu.ulg.ac.be,GOAL - LABO - Google Chrome,Tâches diverses,2021-11-29,10:20:54,00:00:25
stefano.crapanzano@chu.ulg.ac.be,GOAL - LABO - Google Chrome,Tâches diverses,2021-11-29,10:21:49,00:00:04
stefano.crapanzano@chu.ulg.ac.be,GOAL - LABO - Google Chrome,Tâches diverses,2021-11-29,10:21:57,00:00:18
stefano.crapanzano@chu.ulg.ac.be,GOAL - LABO - Google Chrome,Tâches diverses,2021-11-29,10:22:21,00:00:30
stefano.crapanzano@chu.ulg.ac.be,GOAL - LABO - Google Chrome,Tâches diverses,2021-11-29,10:23:04,00:00:05
stefano.crapanzano@chu.ulg.ac.be,GOAL - LABO - Google Chrome,Tâches diverses,2021-11-29,10:27:44,00:03:28
stefano.crapanzano@chu.ulg.ac.be,GOAL - LABO - Google Chrome,Tâches diverses,2021-11-29,10:34:00,00:06:23
stefano.crapanzano@chu.ulg.ac.be,GOAL - LABO - Google Chrome,Tâches diverses,2021-11-29,11:15:32,00:00:03
stefano.crapanzano@chu.ulg.ac.be,GOAL - LABO - Google Chrome,Tâches diverses,2021-11-29,11:21:12,00:00:02
stefano.crapanzano@chu.ulg.ac.be,GOAL - LABO - Google Chrome,Tâches diverses,2021-11-29,13:33:07,00:00:02
stefano.crapanzano@chu.ulg.ac.be,GOAL - LABO - Google Chrome,Tâches diverses,2021-11-29,13:58:22,00:00:17
stefano.crapanzano@chu.ulg.ac.be,GOAL - LABO - Google Chrome,Helpdesk général,2021-11-29,13:58:41,00:00:02
stefano.crapanzano@chu.ulg.ac.be,GOAL - LABO - Google Chrome,Tâches diverses,2021-11-29,14:00:57,00:00:18
stefano.crapanzano@chu.ulg.ac.be,GOAL - LABO - Google Chrome,Tâches diverses,2021-11-29,14:01:47,00:00:09
stefano.crapanzano@chu.ulg.ac.be,GOAL - LABO - Google Chrome,Tâches diverses,2021-11-29,14:03:11,00:00:02
stefano.crapanzano@chu.ulg.ac.be,GOAL - LABO - Google Chrome,Tâches diverses,2021-11-29,14:05:40,00:00:08
stefano.crapanzano@chu.ulg.ac.be,GOAL - LABO - Google Chrome,Tâches diverses,2021-11-29,14:05:55,00:00:11
stefano.crapanzano@chu.ulg.ac.be,GOAL - LABO - Google Chrome,Tâches diverses,2021-11-29,14:09:52,00:00:28
stefano.crapanzano@chu.ulg.ac.be,GOAL - LABO - Google Chrome,Tâches diverses,2021-11-29,14:10:58,00:00:16
stefano.crapanzano@chu.ulg.ac.be,GOAL - LABO - Google Chrome,Tâches diverses,2021-11-29,14:12:08,00:00:16
stefano.crapanzano@chu.ulg.ac.be,GOAL - LABO - Google Chrome,Tâches diverses,2021-11-29,14:12:28,00:00:27
stefano.crapanzano@chu.ulg.ac.be,GOAL - LABO - Google Chrome,Tâches diverses,2021-11-29,14:13:22,00:00:13
stefano.crapanzano@chu.ulg.ac.be,GOAL - LABO - Google Chrome,Tâches diverses,2021-11-29,14:14:05,00:00:24
stefano.crapanzano@chu.ulg.ac.be,GOAL - LABO - Google Chrome,Tâches diverses,2021-11-29,14:14:30,00:00:18
stefano.crapanzano@chu.ulg.ac.be,GOAL - LABO - Google Chrome,Tâches diverses,2021-11-29,14:14:50,00:00:14
stefano.crapanzano@chu.ulg.ac.be,GOAL - LABO - Google Chrome,Tâches diverses,2021-11-29,14:16:03,00:00:39
stefano.crapanzano@chu.ulg.ac.be,GOAL - LABO - Google Chrome,Tâches diverses,2021-11-29,14:16:53,00:00:18
stefano.crapanzano@chu.ulg.ac.be,GOAL - LABO - Google Chrome,Tâches diverses,2021-11-29,16:43:00,00:03:35
stefano.crapanzano@chu.ulg.ac.be,Courrier entrant - erp.sai@chuliege.be - Mozilla Thunderbird,Helpdesk général,2021-11-29,08:30:53,00:00:06
stefano.crapanzano@chu.ulg.ac.be,Courrier entrant - erp.sai@chuliege.be - Mozilla Thunderbird,Helpdesk général,2021-11-29,08:31:05,00:00:28
stefano.crapanzano@chu.ulg.ac.be,Courrier entrant - erp.sai@chuliege.be - Mozilla Thunderbird,Helpdesk général,2021-11-29,09:13:21,00:00:05
stefano.crapanzano@chu.ulg.ac.be,Courrier entrant - erp.sai@chuliege.be - Mozilla Thunderbird,Helpdesk général,2021-11-29,09:47:26,00:00:06
stefano.crapanzano@chu.ulg.ac.be,Courrier entrant - erp.sai@chuliege.be - Mozilla Thunderbird,Helpdesk général,2021-11-29,10:40:26,00:00:02
stefano.crapanzano@chu.ulg.ac.be,Courrier entrant - erp.sai@chuliege.be - Mozilla Thunderbird,Helpdesk général,2021-11-29,10:49:01,00:00:03
stefano.crapanzano@chu.ulg.ac.be,Courrier entrant - erp.sai@chuliege.be - Mozilla Thunderbird,Helpdesk général,2021-11-29,11:02:35,00:00:10
stefano.crapanzano@chu.ulg.ac.be,Courrier entrant - erp.sai@chuliege.be - Mozilla Thunderbird,Helpdesk général,2021-11-29,11:08:37,00:00:25
stefano.crapanzano@chu.ulg.ac.be,Courrier entrant - erp.sai@chuliege.be - Mozilla Thunderbird,Helpdesk général,2021-11-29,11:40:17,00:00:22
stefano.crapanzano@chu.ulg.ac.be,Courrier entrant - erp.sai@chuliege.be - Mozilla Thunderbird,Helpdesk général,2021-11-29,11:40:43,00:00:49
stefano.crapanzano@chu.ulg.ac.be,Courrier entrant - erp.sai@chuliege.be - Mozilla Thunderbird,Helpdesk général,2021-11-29,13:32:54,00:00:07
stefano.crapanzano@chu.ulg.ac.be,Courrier entrant - erp.sai@chuliege.be - Mozilla Thunderbird,Helpdesk général,2021-11-29,13:46:55,00:00:16
stefano.crapanzano@chu.ulg.ac.be,Courrier entrant - erp.sai@chuliege.be - Mozilla Thunderbird,Helpdesk général,2021-11-29,13:51:32,00:00:02
stefano.crapanzano@chu.ulg.ac.be,Courrier entrant - erp.sai@chuliege.be - Mozilla Thunderbird,Helpdesk général,2021-11-29,13:51:51,00:00:03
stefano.crapanzano@chu.ulg.ac.be,Courrier entrant - erp.sai@chuliege.be - Mozilla Thunderbird,Helpdesk général,2021-11-29,13:54:25,00:00:02
stefano.crapanzano@chu.ulg.ac.be,Courrier entrant - erp.sai@chuliege.be - Mozilla Thunderbird,Helpdesk général,2021-11-29,13:54:58,00:00:04
stefano.crapanzano@chu.ulg.ac.be,Courrier entrant - erp.sai@chuliege.be - Mozilla Thunderbird,Helpdesk général,2021-11-29,13:57:21,00:00:02
stefano.crapanzano@chu.ulg.ac.be,Courrier entrant - erp.sai@chuliege.be - Mozilla Thunderbird,Helpdesk général,2021-11-29,13:57:35,00:00:37
stefano.crapanzano@chu.ulg.ac.be,Courrier entrant - erp.sai@chuliege.be - Mozilla Thunderbird,Helpdesk général,2021-11-29,14:13:35,00:00:02
stefano.crapanzano@chu.ulg.ac.be,Courrier entrant - erp.sai@chuliege.be - Mozilla Thunderbird,Helpdesk général,2021-11-29,14:13:58,00:00:02
stefano.crapanzano@chu.ulg.ac.be,Courrier entrant - erp.sai@chuliege.be - Mozilla Thunderbird,Helpdesk général,2021-11-29,14:16:45,00:00:07
stefano.crapanzano@chu.ulg.ac.be,Courrier entrant - erp.sai@chuliege.be - Mozilla Thunderbird,Helpdesk général,2021-11-29,14:17:12,00:17:06
stefano.crapanzano@chu.ulg.ac.be,Courrier entrant - erp.sai@chuliege.be - Mozilla Thunderbird,Helpdesk général,2021-11-29,14:34:20,02:08:38
stefano.crapanzano@chu.ulg.ac.be,Courrier entrant - erp.sai@chuliege.be - Mozilla Thunderbird,Helpdesk général,2021-11-29,16:46:35,00:00:04
stefano.crapanzano@chu.ulg.ac.be,Courrier entrant - stefano.crapanzano@chuliege.be - Mozilla Thunderbird,Helpdesk général,2021-11-29,08:31:00,00:00:05
stefano.crapanzano@chu.ulg.ac.be,Courrier entrant - stefano.crapanzano@chuliege.be - Mozilla Thunderbird,Helpdesk général,2021-11-29,09:47:33,00:00:02
stefano.crapanzano@chu.ulg.ac.be,Courrier entrant - stefano.crapanzano@chuliege.be - Mozilla Thunderbird,Helpdesk général,2021-11-29,10:40:23,00:00:02
stefano.crapanzano@chu.ulg.ac.be,Courrier entrant - stefano.crapanzano@chuliege.be - Mozilla Thunderbird,Helpdesk général,2021-11-29,10:49:05,00:00:02
stefano.crapanzano@chu.ulg.ac.be,Courrier entrant - stefano.crapanzano@chuliege.be - Mozilla Thunderbird,Helpdesk général,2021-11-29,11:40:40,00:00:02
stefano.crapanzano@chu.ulg.ac.be,Courrier entrant - stefano.crapanzano@chuliege.be - Mozilla Thunderbird,Helpdesk général,2021-11-29,13:31:40,00:01:13
stefano.crapanzano@chu.ulg.ac.be,Courrier entrant - stefano.crapanzano@chuliege.be - Mozilla Thunderbird,Helpdesk général,2021-11-29,13:47:11,00:00:26
stefano.crapanzano@chu.ulg.ac.be,Courrier entrant - stefano.crapanzano@chuliege.be - Mozilla Thunderbird,Helpdesk général,2021-11-29,13:48:08,00:00:13
stefano.crapanzano@chu.ulg.ac.be,Courrier entrant - stefano.crapanzano@chuliege.be - Mozilla Thunderbird,Helpdesk général,2021-11-29,13:51:29,00:00:02
stefano.crapanzano@chu.ulg.ac.be,Courrier entrant - stefano.crapanzano@chuliege.be - Mozilla Thunderbird,Helpdesk général,2021-11-29,13:51:35,00:00:16
stefano.crapanzano@chu.ulg.ac.be,Courrier entrant - stefano.crapanzano@chuliege.be - Mozilla Thunderbird,Helpdesk général,2021-11-29,13:55:02,00:00:33
stefano.crapanzano@chu.ulg.ac.be,Courrier entrant - stefano.crapanzano@chuliege.be - Mozilla Thunderbird,Helpdesk général,2021-11-29,13:57:00,00:00:05
stefano.crapanzano@chu.ulg.ac.be,Courrier entrant - stefano.crapanzano@chuliege.be - Mozilla Thunderbird,Helpdesk général,2021-11-29,13:57:24,00:00:04
stefano.crapanzano@chu.ulg.ac.be,Courrier entrant - stefano.crapanzano@chuliege.be - Mozilla Thunderbird,Helpdesk général,2021-11-29,14:13:38,00:00:19
stefano.crapanzano@chu.ulg.ac.be,Courrier entrant - stefano.crapanzano@chuliege.be - Mozilla Thunderbird,Helpdesk général,2021-11-29,14:14:00,00:00:04
stefano.crapanzano@chu.ulg.ac.be,Courrier entrant - stefano.crapanzano@chuliege.be - Mozilla Thunderbird,Helpdesk général,2021-11-29,14:16:42,00:00:02
stefano.crapanzano@chu.ulg.ac.be,Nouvel onglet - Google Chrome,Tâches diverses,2021-11-29,08:31:36,00:00:02
stefano.crapanzano@chu.ulg.ac.be,Nouvel onglet - Google Chrome,Tâches diverses,2021-11-29,10:12:52,00:00:04
stefano.crapanzano@chu.ulg.ac.be,Nouvel onglet - Google Chrome,Tâches diverses,2021-11-29,11:15:35,00:00:05
stefano.crapanzano@chu.ulg.ac.be,Nouvel onglet - Google Chrome,Tâches diverses,2021-11-29,11:17:40,00:00:02
stefano.crapanzano@chu.ulg.ac.be,Nouvel onglet - Google Chrome,Tâches diverses,2021-11-29,13:39:04,00:00:08
stefano.crapanzano@chu.ulg.ac.be,Nouvel onglet - Google Chrome,Tâches diverses,2021-11-29,13:47:43,00:00:05
stefano.crapanzano@chu.ulg.ac.be,Nouvel onglet - Google Chrome,Tâches diverses,2021-11-29,13:58:44,00:00:06
stefano.crapanzano@chu.ulg.ac.be,Nouvel onglet - Google Chrome,Tâches diverses,2021-11-29,14:12:25,00:00:03
stefano.crapanzano@chu.ulg.ac.be,Identification - Google Chrome,Tâches diverses,2021-11-29,08:31:39,00:00:09
stefano.crapanzano@chu.ulg.ac.be,Identification - Google Chrome,Tâches diverses,2021-11-29,11:15:40,00:00:07
stefano.crapanzano@chu.ulg.ac.be,Service MT - Google Chrome,Tâches diverses,2021-11-29,08:31:50,00:00:13
stefano.crapanzano@chu.ulg.ac.be,Service MT - Google Chrome,Tâches diverses,2021-11-29,08:32:04,00:00:07
stefano.crapanzano@chu.ulg.ac.be,Service MT - Google Chrome,Tâches diverses,2021-11-29,08:35:00,00:00:32
stefano.crapanzano@chu.ulg.ac.be,Navigation système de fichier,IT,2021-11-29,08:32:12,00:00:06
stefano.crapanzano@chu.ulg.ac.be,Navigation système de fichier,IT,2021-11-29,08:46:24,00:00:06
stefano.crapanzano@chu.ulg.ac.be,Navigation système de fichier,IT,2021-11-29,08:49:31,00:00:02
stefano.crapanzano@chu.ulg.ac.be,Navigation système de fichier,IT,2021-11-29,09:08:17,00:00:02
stefano.crapanzano@chu.ulg.ac.be,Navigation système de fichier,IT,2021-11-29,09:11:54,00:00:03
stefano.crapanzano@chu.ulg.ac.be,Navigation système de fichier,IT,2021-11-29,09:14:59,00:00:02
stefano.crapanzano@chu.ulg.ac.be,Navigation système de fichier,IT,2021-11-29,09:18:11,00:00:02
stefano.crapanzano@chu.ulg.ac.be,Navigation système de fichier,IT,2021-11-29,09:31:51,00:00:02
stefano.crapanzano@chu.ulg.ac.be,Navigation système de fichier,IT,2021-11-29,09:38:12,00:00:02
stefano.crapanzano@chu.ulg.ac.be,Navigation système de fichier,IT,2021-11-29,09:55:07,00:00:02
stefano.crapanzano@chu.ulg.ac.be,Navigation système de fichier,IT,2021-11-29,10:00:46,00:00:24
stefano.crapanzano@chu.ulg.ac.be,Navigation système de fichier,IT,2021-11-29,10:12:47,00:00:02
stefano.crapanzano@chu.ulg.ac.be,Navigation système de fichier,IT,2021-11-29,10:17:09,00:00:03
stefano.crapanzano@chu.ulg.ac.be,Navigation système de fichier,IT,2021-11-29,10:17:46,00:00:05
stefano.crapanzano@chu.ulg.ac.be,Navigation système de fichier,IT,2021-11-29,10:18:38,00:00:02
stefano.crapanzano@chu.ulg.ac.be,Navigation système de fichier,IT,2021-11-29,10:20:39,00:00:02
stefano.crapanzano@chu.ulg.ac.be,Navigation système de fichier,IT,2021-11-29,10:31:13,00:02:47
stefano.crapanzano@chu.ulg.ac.be,Navigation système de fichier,IT,2021-11-29,11:21:15,00:00:05
stefano.crapanzano@chu.ulg.ac.be,Navigation système de fichier,IT,2021-11-29,13:49:44,00:00:07
stefano.crapanzano@chu.ulg.ac.be,Navigation système de fichier,IT,2021-11-29,13:51:55,00:00:11
stefano.crapanzano@chu.ulg.ac.be,Navigation système de fichier,IT,2021-11-29,14:10:22,00:00:04
stefano.crapanzano@chu.ulg.ac.be,Navigation système de fichier,IT,2021-11-29,14:10:40,00:00:02
stefano.crapanzano@chu.ulg.ac.be,Navigation système de fichier,IT,2021-11-29,14:15:59,00:00:03
stefano.crapanzano@chu.ulg.ac.be,Netop Invité,Helpdesk général,2021-11-29,08:32:19,00:00:08
stefano.crapanzano@chu.ulg.ac.be,Netop Invité,Helpdesk général,2021-11-29,08:34:49,00:00:10
stefano.crapanzano@chu.ulg.ac.be,Netop Invité,Helpdesk général,2021-11-29,09:53:51,00:00:04
stefano.crapanzano@chu.ulg.ac.be,Netop Invité,Helpdesk général,2021-11-29,10:06:43,00:00:16
stefano.crapanzano@chu.ulg.ac.be,Connexion à l'aide de l'authentification Windows,Helpdesk général,2021-11-29,08:32:27,00:00:05
stefano.crapanzano@chu.ulg.ac.be,Connexion à l'aide de l'authentification Windows,Helpdesk général,2021-11-29,09:24:25,00:00:02
stefano.crapanzano@chu.ulg.ac.be,Connexion à l'aide de l'authentification Windows,Helpdesk général,2021-11-29,09:53:55,00:00:04
stefano.crapanzano@chu.ulg.ac.be,si-s-serv503 - Netop Remote Control,Helpdesk général,2021-11-29,08:32:32,00:01:21
stefano.crapanzano@chu.ulg.ac.be,si-s-serv503 - Netop Remote Control,Helpdesk général,2021-11-29,08:34:12,00:00:36
stefano.crapanzano@chu.ulg.ac.be,si-s-serv503 - Conversation Netop,Helpdesk général,2021-11-29,08:33:54,00:00:17
stefano.crapanzano@chu.ulg.ac.be,Programmation,IT,2021-11-29,08:35:32,00:00:05
stefano.crapanzano@chu.ulg.ac.be,Programmation,IT,2021-11-29,08:36:31,00:02:35
stefano.crapanzano@chu.ulg.ac.be,Programmation,IT,2021-11-29,08:39:41,00:04:43
stefano.crapanzano@chu.ulg.ac.be,Programmation,IT,2021-11-29,08:44:48,00:01:24
stefano.crapanzano@chu.ulg.ac.be,Programmation,IT,2021-11-29,08:46:30,00:00:04
stefano.crapanzano@chu.ulg.ac.be,Programmation,IT,2021-11-29,08:46:38,00:00:09
stefano.crapanzano@chu.ulg.ac.be,Programmation,IT,2021-11-29,08:46:51,00:00:02
stefano.crapanzano@chu.ulg.ac.be,Programmation,IT,2021-11-29,08:46:57,00:00:11
stefano.crapanzano@chu.ulg.ac.be,Programmation,IT,2021-11-29,08:47:18,00:00:03
stefano.crapanzano@chu.ulg.ac.be,Programmation,IT,2021-11-29,08:47:25,00:00:23
stefano.crapanzano@chu.ulg.ac.be,Programmation,IT,2021-11-29,08:47:57,00:00:23
stefano.crapanzano@chu.ulg.ac.be,Programmation,IT,2021-11-29,08:48:22,00:00:06
stefano.crapanzano@chu.ulg.ac.be,Programmation,IT,2021-11-29,08:48:38,00:00:03
stefano.crapanzano@chu.ulg.ac.be,Programmation,IT,2021-11-29,08:48:52,00:00:11
stefano.crapanzano@chu.ulg.ac.be,Programmation,IT,2021-11-29,08:49:34,00:01:44
stefano.crapanzano@chu.ulg.ac.be,Programmation,IT,2021-11-29,09:06:12,00:00:22
stefano.crapanzano@chu.ulg.ac.be,Programmation,IT,2021-11-29,09:06:39,00:00:02
stefano.crapanzano@chu.ulg.ac.be,Programmation,IT,2021-11-29,09:06:53,00:00:02
stefano.crapanzano@chu.ulg.ac.be,Programmation,IT,2021-11-29,09:06:57,00:00:06
stefano.crapanzano@chu.ulg.ac.be,Programmation,IT,2021-11-29,09:07:09,00:00:06
stefano.crapanzano@chu.ulg.ac.be,Programmation,IT,2021-11-29,09:07:19,00:00:07
stefano.crapanzano@chu.ulg.ac.be,Programmation,IT,2021-11-29,09:07:42,00:00:09
stefano.crapanzano@chu.ulg.ac.be,Programmation,IT,2021-11-29,09:08:13,00:00:03
stefano.crapanzano@chu.ulg.ac.be,Programmation,IT,2021-11-29,09:08:21,00:00:02
stefano.crapanzano@chu.ulg.ac.be,Programmation,IT,2021-11-29,09:08:25,00:00:13
stefano.crapanzano@chu.ulg.ac.be,Programmation,IT,2021-11-29,09:08:40,00:00:08
stefano.crapanzano@chu.ulg.ac.be,Programmation,IT,2021-11-29,09:09:01,00:00:11
stefano.crapanzano@chu.ulg.ac.be,Programmation,IT,2021-11-29,09:09:14,00:00:03
stefano.crapanzano@chu.ulg.ac.be,Programmation,IT,2021-11-29,09:09:21,00:00:02
stefano.crapanzano@chu.ulg.ac.be,Programmation,IT,2021-11-29,09:09:26,00:01:37
stefano.crapanzano@chu.ulg.ac.be,Programmation,IT,2021-11-29,09:11:22,00:00:27
stefano.crapanzano@chu.ulg.ac.be,Programmation,IT,2021-11-29,09:11:58,00:00:17
stefano.crapanzano@chu.ulg.ac.be,Programmation,IT,2021-11-29,09:12:22,00:00:57
stefano.crapanzano@chu.ulg.ac.be,Programmation,IT,2021-11-29,09:13:50,00:00:43
stefano.crapanzano@chu.ulg.ac.be,Programmation,IT,2021-11-29,09:14:48,00:00:11
stefano.crapanzano@chu.ulg.ac.be,Programmation,IT,2021-11-29,09:15:29,00:00:22
stefano.crapanzano@chu.ulg.ac.be,Programmation,IT,2021-11-29,09:16:19,00:00:05
stefano.crapanzano@chu.ulg.ac.be,Programmation,IT,2021-11-29,09:16:40,00:00:07
stefano.crapanzano@chu.ulg.ac.be,Programmation,IT,2021-11-29,09:17:24,00:00:42
stefano.crapanzano@chu.ulg.ac.be,Programmation,IT,2021-11-29,09:18:14,00:01:13
stefano.crapanzano@chu.ulg.ac.be,Programmation,IT,2021-11-29,09:19:37,00:00:15
stefano.crapanzano@chu.ulg.ac.be,Programmation,IT,2021-11-29,09:19:56,00:00:31
stefano.crapanzano@chu.ulg.ac.be,Programmation,IT,2021-11-29,09:20:36,00:00:11
stefano.crapanzano@chu.ulg.ac.be,Programmation,IT,2021-11-29,09:21:18,00:00:11
stefano.crapanzano@chu.ulg.ac.be,Programmation,IT,2021-11-29,09:21:33,00:00:14
stefano.crapanzano@chu.ulg.ac.be,Programmation,IT,2021-11-29,09:21:56,00:00:05
stefano.crapanzano@chu.ulg.ac.be,Programmation,IT,2021-11-29,09:22:02,00:00:12
stefano.crapanzano@chu.ulg.ac.be,Programmation,IT,2021-11-29,09:22:26,00:00:02
stefano.crapanzano@chu.ulg.ac.be,Programmation,IT,2021-11-29,09:22:35,00:00:54
stefano.crapanzano@chu.ulg.ac.be,Programmation,IT,2021-11-29,09:31:21,00:00:07
stefano.crapanzano@chu.ulg.ac.be,Programmation,IT,2021-11-29,09:31:43,00:00:07
stefano.crapanzano@chu.ulg.ac.be,Programmation,IT,2021-11-29,09:32:08,00:00:28
stefano.crapanzano@chu.ulg.ac.be,Programmation,IT,2021-11-29,09:32:41,00:01:10
stefano.crapanzano@chu.ulg.ac.be,Programmation,IT,2021-11-29,09:33:54,00:04:18
stefano.crapanzano@chu.ulg.ac.be,Programmation,IT,2021-11-29,09:38:16,00:00:40
stefano.crapanzano@chu.ulg.ac.be,Programmation,IT,2021-11-29,09:39:13,00:00:18
stefano.crapanzano@chu.ulg.ac.be,Programmation,IT,2021-11-29,09:39:44,00:00:05
stefano.crapanzano@chu.ulg.ac.be,Programmation,IT,2021-11-29,09:39:53,00:00:21
stefano.crapanzano@chu.ulg.ac.be,Programmation,IT,2021-11-29,09:40:19,00:00:03
stefano.crapanzano@chu.ulg.ac.be,Programmation,IT,2021-11-29,09:40:27,00:00:13
stefano.crapanzano@chu.ulg.ac.be,Programmation,IT,2021-11-29,09:40:43,00:00:02
stefano.crapanzano@chu.ulg.ac.be,Programmation,IT,2021-11-29,09:40:51,00:00:12
stefano.crapanzano@chu.ulg.ac.be,Programmation,IT,2021-11-29,09:41:29,00:03:27
stefano.crapanzano@chu.ulg.ac.be,Programmation,IT,2021-11-29,09:45:04,00:01:23
stefano.crapanzano@chu.ulg.ac.be,Programmation,IT,2021-11-29,09:46:42,00:00:44
stefano.crapanzano@chu.ulg.ac.be,Programmation,IT,2021-11-29,10:23:10,00:00:21
stefano.crapanzano@chu.ulg.ac.be,Programmation,IT,2021-11-29,10:23:45,00:02:28
stefano.crapanzano@chu.ulg.ac.be,Programmation,IT,2021-11-29,10:26:36,00:01:06
stefano.crapanzano@chu.ulg.ac.be,Programmation,IT,2021-11-29,11:12:36,00:01:20
stefano.crapanzano@chu.ulg.ac.be,Programmation,IT,2021-11-29,14:00:28,00:00:26
stefano.crapanzano@chu.ulg.ac.be,Programmation,IT,2021-11-29,14:01:17,00:00:28
stefano.crapanzano@chu.ulg.ac.be,Programmation,IT,2021-11-29,14:01:57,00:01:07
stefano.crapanzano@chu.ulg.ac.be,Programmation,IT,2021-11-29,14:03:05,00:00:06
stefano.crapanzano@chu.ulg.ac.be,Programmation,IT,2021-11-29,14:03:17,00:00:04
stefano.crapanzano@chu.ulg.ac.be,Programmation,IT,2021-11-29,14:03:27,00:00:02
stefano.crapanzano@chu.ulg.ac.be,Programmation,IT,2021-11-29,14:03:39,00:01:59
stefano.crapanzano@chu.ulg.ac.be,Programmation,IT,2021-11-29,14:05:50,00:00:04
stefano.crapanzano@chu.ulg.ac.be,Programmation,IT,2021-11-29,14:06:07,00:03:44
stefano.crapanzano@chu.ulg.ac.be,Programmation,IT,2021-11-29,14:10:28,00:00:12
stefano.crapanzano@chu.ulg.ac.be,Programmation,IT,2021-11-29,14:10:43,00:00:10
stefano.crapanzano@chu.ulg.ac.be,Programmation,IT,2021-11-29,14:10:55,00:00:02
stefano.crapanzano@chu.ulg.ac.be,Programmation,IT,2021-11-29,14:11:16,00:00:51
stefano.crapanzano@chu.ulg.ac.be,SAP Logon 760,Exploration SAP,2021-11-29,08:39:32,00:00:02
stefano.crapanzano@chu.ulg.ac.be,SAP Logon 760,Exploration SAP,2021-11-29,08:49:27,00:00:03
stefano.crapanzano@chu.ulg.ac.be,SAP Logon 760,Exploration SAP,2021-11-29,09:55:09,00:00:03
stefano.crapanzano@chu.ulg.ac.be,SAP Logon 760,Exploration SAP,2021-11-29,13:38:34,00:00:04
stefano.crapanzano@chu.ulg.ac.be,SAP Logon 760,Exploration SAP,2021-11-29,14:13:10,00:00:12
stefano.crapanzano@chu.ulg.ac.be,Valeur par Type de Magasin,Exploration SAP,2021-11-29,08:39:20,00:00:02
stefano.crapanzano@chu.ulg.ac.be,Valeur par Type de Magasin,Exploration SAP,2021-11-29,08:49:19,00:00:02
stefano.crapanzano@chu.ulg.ac.be,Valeur par Type de Magasin,Exploration SAP,2021-11-29,10:22:55,00:00:02
stefano.crapanzano@chu.ulg.ac.be,Valeur par Type de Magasin,Exploration SAP,2021-11-29,14:12:57,00:00:02
stefano.crapanzano@chu.ulg.ac.be,Gewaardeerde voorraad,Exploration SAP,2021-11-29,08:39:22,00:00:04
stefano.crapanzano@chu.ulg.ac.be,Gewaardeerde voorraad,Exploration SAP,2021-11-29,08:49:24,00:00:02
stefano.crapanzano@chu.ulg.ac.be,Gewaardeerde voorraad,Exploration SAP,2021-11-29,10:22:57,00:00:04
stefano.crapanzano@chu.ulg.ac.be,Gewaardeerde voorraad,Exploration SAP,2021-11-29,10:23:37,00:00:07
stefano.crapanzano@chu.ulg.ac.be,Gewaardeerde voorraad,Exploration SAP,2021-11-29,14:13:00,00:00:04
stefano.crapanzano@chu.ulg.ac.be,Fin de session,Exploration SAP,2021-11-29,08:39:28,00:00:03
stefano.crapanzano@chu.ulg.ac.be,Fin de session,Exploration SAP,2021-11-29,14:13:06,00:00:03
stefano.crapanzano@chu.ulg.ac.be,127.0.0.1 - Google Chrome,Tâches diverses,2021-11-29,08:48:30,00:00:02
stefano.crapanzano@chu.ulg.ac.be,127.0.0.1 - Google Chrome,Tâches diverses,2021-11-29,08:49:06,00:00:02
stefano.crapanzano@chu.ulg.ac.be,Fichier zip des données de l'erp inchangé depuis le 25 novembre 2021 - Xperthis ERP4HC 1.0 - Service d'assistance - Google Chrome,Tâches diverses,2021-11-29,09:13:28,00:00:18
stefano.crapanzano@chu.ulg.ac.be,192.168.193.41 - Netop Remote Control,Helpdesk général,2021-11-29,09:24:29,00:06:41
stefano.crapanzano@chu.ulg.ac.be,192.168.193.41 - Netop Remote Control,Helpdesk général,2021-11-29,09:54:00,00:01:06
stefano.crapanzano@chu.ulg.ac.be,192.168.193.41 - Netop Remote Control,Helpdesk général,2021-11-29,09:55:22,00:03:28
stefano.crapanzano@chu.ulg.ac.be,192.168.193.41 - Netop Remote Control,Helpdesk général,2021-11-29,09:58:56,00:01:50
stefano.crapanzano@chu.ulg.ac.be,192.168.193.41 - Netop Remote Control,Helpdesk général,2021-11-29,10:01:11,00:05:30
stefano.crapanzano@chu.ulg.ac.be,Options de la SAP GUI - SAP Logon,Exploration SAP,2021-11-29,09:55:13,00:00:09
stefano.crapanzano@chu.ulg.ac.be,SAP Easy Access Menu de base Applications financières-économiques,Exploration SAP,2021-11-29,10:23:31,00:00:05
stefano.crapanzano@chu.ulg.ac.be,Rédaction : (pas de sujet) - Thunderbird,Helpdesk général,2021-11-29,10:40:30,00:00:05
stefano.crapanzano@chu.ulg.ac.be,Rédaction : (pas de sujet) - Thunderbird,Helpdesk général,2021-11-29,13:54:27,00:00:29
stefano.crapanzano@chu.ulg.ac.be,Rédaction : Mise à jour du site goal.chuliege.be - Thunderbird,Helpdesk général,2021-11-29,10:40:46,00:08:12
stefano.crapanzano@chu.ulg.ac.be,Vérification de l’orthographe,Helpdesk général,2021-11-29,13:51:23,00:00:02
stefano.crapanzano@chu.ulg.ac.be,Envoyés - erp.sai@chuliege.be - Mozilla Thunderbird,Helpdesk général,2021-11-29,10:49:08,00:13:27
stefano.crapanzano@chu.ulg.ac.be,Envoyés - erp.sai@chuliege.be - Mozilla Thunderbird,Helpdesk général,2021-11-29,11:02:46,00:05:50
stefano.crapanzano@chu.ulg.ac.be,Envoyés - erp.sai@chuliege.be - Mozilla Thunderbird,Helpdesk général,2021-11-29,11:09:02,00:03:32
stefano.crapanzano@chu.ulg.ac.be,Envoyés - erp.sai@chuliege.be - Mozilla Thunderbird,Helpdesk général,2021-11-29,11:21:20,00:18:56
stefano.crapanzano@chu.ulg.ac.be,Envoyés - erp.sai@chuliege.be - Mozilla Thunderbird,Helpdesk général,2021-11-29,11:41:32,01:50:07
stefano.crapanzano@chu.ulg.ac.be,Envoyés - erp.sai@chuliege.be - Mozilla Thunderbird,Helpdesk général,2021-11-29,13:33:02,00:00:05
stefano.crapanzano@chu.ulg.ac.be,Envoyés - erp.sai@chuliege.be - Mozilla Thunderbird,Tâches diverses,2021-11-29,13:38:22,00:00:08
stefano.crapanzano@chu.ulg.ac.be,Envoyés - erp.sai@chuliege.be - Mozilla Thunderbird,Helpdesk général,2021-11-29,13:46:51,00:00:04
stefano.crapanzano@chu.ulg.ac.be,Envoyés - erp.sai@chuliege.be - Mozilla Thunderbird,Helpdesk général,2021-11-29,16:46:40,00:13:27
stefano.crapanzano@chu.ulg.ac.be,STPNET 2 - Google Chrome,Tâches diverses,2021-11-29,11:15:48,00:01:52
stefano.crapanzano@chu.ulg.ac.be,STPNET 2 - Google Chrome,Tâches diverses,2021-11-29,11:18:03,00:03:09
stefano.crapanzano@chu.ulg.ac.be,STPNET 2 - Google Chrome,Tâches diverses,2021-11-29,13:39:12,00:06:06
stefano.crapanzano@chu.ulg.ac.be,STPNET 2 - Google Chrome,Tâches diverses,2021-11-29,13:47:48,00:00:20
stefano.crapanzano@chu.ulg.ac.be,STPNET 2 - Google Chrome,Tâches diverses,2021-11-29,13:49:01,00:00:34
stefano.crapanzano@chu.ulg.ac.be,STPNET 2 - Google Chrome,Tâches diverses,2021-11-29,13:49:51,00:00:37
stefano.crapanzano@chu.ulg.ac.be,STPNET 2 - Google Chrome,Helpdesk général,2021-11-29,13:51:25,00:00:03
stefano.crapanzano@chu.ulg.ac.be,Doodle | Déménagement des personnes SAI - Google Chrome,Tâches diverses,2021-11-29,11:17:44,00:00:18
stefano.crapanzano@chu.ulg.ac.be,Doodle | Déménagement des personnes SAI - Google Chrome,Tâches diverses,2021-11-29,13:38:41,00:00:23
stefano.crapanzano@chu.ulg.ac.be,CHU de Liège - Intranet - Google Chrome,Tâches diverses,2021-11-29,13:33:09,00:00:24
stefano.crapanzano@chu.ulg.ac.be,CHU de Liège - Intranet - Google Chrome,Tâches diverses,2021-11-29,13:36:28,00:00:23
stefano.crapanzano@chu.ulg.ac.be,CHU de Liège - Intranet - Google Chrome,Tâches diverses,2021-11-29,13:38:07,00:00:14
stefano.crapanzano@chu.ulg.ac.be,CHU de Liège - Intranet - Google Chrome,Tâches diverses,2021-11-29,13:38:39,00:00:02
stefano.crapanzano@chu.ulg.ac.be,CHU de Liège - Intranet - Google Chrome,Tâches diverses,2021-11-29,13:45:19,00:01:31
stefano.crapanzano@chu.ulg.ac.be,CHU de Liège - Intranet - Google Chrome,Tâches diverses,2021-11-29,13:47:38,00:00:04
stefano.crapanzano@chu.ulg.ac.be,CHU de Liège - Intranet - Google Chrome,Tâches diverses,2021-11-29,13:57:28,00:00:02
stefano.crapanzano@chu.ulg.ac.be,Places de basket gratuites pour notre personnel ! - Google Chrome,Tâches diverses,2021-11-29,13:33:34,00:02:53
stefano.crapanzano@chu.ulg.ac.be,Sécurisez votre profil ! - Google Chrome,Tâches diverses,2021-11-29,13:36:52,00:01:15
stefano.crapanzano@chu.ulg.ac.be,Rédaction : Re: Jour de présence au bureau pour la semaine prochaine. - Thunderbird,Helpdesk général,2021-11-29,13:48:22,00:00:37
stefano.crapanzano@chu.ulg.ac.be,Rédaction : Re: Jour de présence au bureau pour la semaine prochaine. - Thunderbird,Helpdesk général,2021-11-29,13:49:37,00:00:06
stefano.crapanzano@chu.ulg.ac.be,Rédaction : Re: Jour de présence au bureau pour la semaine prochaine. - Thunderbird,Helpdesk général,2021-11-29,13:50:30,00:00:52
stefano.crapanzano@chu.ulg.ac.be,Rédaction : Re: Jour de présence au bureau pour la semaine prochaine. - Thunderbird,Helpdesk général,2021-11-29,13:55:36,00:01:21
stefano.crapanzano@chu.ulg.ac.be,Ouverture -Excel,Tâches diverses,2021-11-29,13:52:06,00:00:06
stefano.crapanzano@chu.ulg.ac.be,Ouverture -Excel,Tâches diverses,2021-11-29,13:52:51,00:00:04
stefano.crapanzano@chu.ulg.ac.be,Ouverture -Excel,Tâches diverses,2021-11-29,14:15:10,00:00:06
stefano.crapanzano@chu.ulg.ac.be,Fichier en cours d'utilisation,Tâches diverses,2021-11-29,13:52:13,00:00:02
stefano.crapanzano@chu.ulg.ac.be,Télétravail (à partir du 11-01-21).xlsx  [Lecture seule] - Excel,Tâches diverses,2021-11-29,13:52:17,00:00:32
stefano.crapanzano@chu.ulg.ac.be,Télétravail (à partir du 11-01-21).xlsx  [Lecture seule] - Excel,Tâches diverses,2021-11-29,13:52:59,00:01:25
stefano.crapanzano@chu.ulg.ac.be,Télétravail (à partir du 11-01-21).xlsx  [Lecture seule] - Excel,Tâches diverses,2021-11-29,14:15:05,00:00:02
stefano.crapanzano@chu.ulg.ac.be,Envoyés - stefano.crapanzano@chuliege.be - Mozilla Thunderbird,Helpdesk général,2021-11-29,13:57:05,00:00:16
stefano.crapanzano@chu.ulg.ac.be,datatable select nb elements - Recherche Google - Google Chrome,Tâches diverses,2021-11-29,13:58:50,00:00:05
stefano.crapanzano@chu.ulg.ac.be,datatable select nb elements - Recherche Google - Google Chrome,Tâches diverses,2021-11-29,13:59:51,00:00:20
stefano.crapanzano@chu.ulg.ac.be,DataTables example - Page length options - Google Chrome,Tâches diverses,2021-11-29,13:58:56,00:00:14
stefano.crapanzano@chu.ulg.ac.be,DataTables example - Page length options - Google Chrome,Tâches diverses,2021-11-29,13:59:23,00:00:02
stefano.crapanzano@chu.ulg.ac.be,DataTables example - Page length options - Google Chrome,Tâches diverses,2021-11-29,13:59:48,00:00:02
stefano.crapanzano@chu.ulg.ac.be,DataTables examples - Basic initialisation - Google Chrome,Tâches diverses,2021-11-29,13:59:11,00:00:12
stefano.crapanzano@chu.ulg.ac.be,lengthMenu - Google Chrome,Tâches diverses,2021-11-29,13:59:25,00:00:16
stefano.crapanzano@chu.ulg.ac.be,paging - Google Chrome,Tâches diverses,2021-11-29,13:59:41,00:00:06
stefano.crapanzano@chu.ulg.ac.be,datatable show nb elements - Recherche Google - Google Chrome,Tâches diverses,2021-11-29,14:00:11,00:00:05
stefano.crapanzano@chu.ulg.ac.be,pageLength - Google Chrome,Tâches diverses,2021-11-29,14:00:16,00:00:09
stefano.crapanzano@chu.ulg.ac.be,NoReverseMatch at /all-stocks/ - Google Chrome,Tâches diverses,2021-11-29,14:03:22,00:00:05
stefano.crapanzano@chu.ulg.ac.be,NoReverseMatch at /all-stocks/ - Google Chrome,Tâches diverses,2021-11-29,14:03:30,00:00:07
stefano.crapanzano@chu.ulg.ac.be,Télétravail (à partir du 11-01-21).xlsx - Excel,Tâches diverses,2021-11-29,14:15:17,00:00:42
