Email,Description,Project,Start date,Start time,Duration
stefano.crapanzano@chu.ulg.ac.be,Administrateur : C:\Windows\system32\cmd.exe - python  main.py,IT,2021-08-02,08:29:23,00:00:02
stefano.crapanzano@chu.ulg.ac.be,Administrateur : C:\Windows\system32\cmd.exe - python  main.py,IT,2021-08-02,13:44:22,00:00:03
stefano.crapanzano@chu.ulg.ac.be,Navigation système de fichier,IT,2021-08-02,08:41:54,00:00:07
stefano.crapanzano@chu.ulg.ac.be,Navigation système de fichier,IT,2021-08-02,08:42:07,00:00:02
stefano.crapanzano@chu.ulg.ac.be,Navigation système de fichier,IT,2021-08-02,08:59:07,00:00:14
stefano.crapanzano@chu.ulg.ac.be,Navigation système de fichier,IT,2021-08-02,09:02:43,00:01:40
stefano.crapanzano@chu.ulg.ac.be,Navigation système de fichier,IT,2021-08-02,09:04:25,00:00:03
stefano.crapanzano@chu.ulg.ac.be,Navigation système de fichier,IT,2021-08-02,09:05:23,00:00:14
stefano.crapanzano@chu.ulg.ac.be,Navigation système de fichier,IT,2021-08-02,09:05:39,00:00:03
stefano.crapanzano@chu.ulg.ac.be,Navigation système de fichier,IT,2021-08-02,09:05:44,00:00:02
stefano.crapanzano@chu.ulg.ac.be,Navigation système de fichier,IT,2021-08-02,09:09:23,00:00:02
stefano.crapanzano@chu.ulg.ac.be,Navigation système de fichier,IT,2021-08-02,09:10:15,00:00:02
stefano.crapanzano@chu.ulg.ac.be,Navigation système de fichier,IT,2021-08-02,09:17:04,00:00:02
stefano.crapanzano@chu.ulg.ac.be,Navigation système de fichier,IT,2021-08-02,09:21:20,00:00:04
stefano.crapanzano@chu.ulg.ac.be,Navigation système de fichier,IT,2021-08-02,09:22:01,00:00:02
stefano.crapanzano@chu.ulg.ac.be,Navigation système de fichier,IT,2021-08-02,09:28:15,00:00:03
stefano.crapanzano@chu.ulg.ac.be,Navigation système de fichier,IT,2021-08-02,09:29:24,00:00:02
stefano.crapanzano@chu.ulg.ac.be,Navigation système de fichier,IT,2021-08-02,09:31:51,00:00:02
stefano.crapanzano@chu.ulg.ac.be,Navigation système de fichier,IT,2021-08-02,09:36:13,00:00:02
stefano.crapanzano@chu.ulg.ac.be,Navigation système de fichier,IT,2021-08-02,09:40:37,00:00:11
stefano.crapanzano@chu.ulg.ac.be,Navigation système de fichier,IT,2021-08-02,09:41:51,00:00:02
stefano.crapanzano@chu.ulg.ac.be,Navigation système de fichier,IT,2021-08-02,09:44:34,00:00:03
stefano.crapanzano@chu.ulg.ac.be,Navigation système de fichier,IT,2021-08-02,09:47:30,00:00:02
stefano.crapanzano@chu.ulg.ac.be,Navigation système de fichier,IT,2021-08-02,10:02:55,00:00:02
stefano.crapanzano@chu.ulg.ac.be,Navigation système de fichier,IT,2021-08-02,10:19:32,00:00:02
stefano.crapanzano@chu.ulg.ac.be,Navigation système de fichier,IT,2021-08-02,10:22:12,00:00:12
stefano.crapanzano@chu.ulg.ac.be,Navigation système de fichier,IT,2021-08-02,10:24:41,00:00:02
stefano.crapanzano@chu.ulg.ac.be,Navigation système de fichier,IT,2021-08-02,10:24:53,00:00:02
stefano.crapanzano@chu.ulg.ac.be,Navigation système de fichier,IT,2021-08-02,10:26:40,00:00:02
stefano.crapanzano@chu.ulg.ac.be,Navigation système de fichier,IT,2021-08-02,10:30:45,00:00:02
stefano.crapanzano@chu.ulg.ac.be,Navigation système de fichier,IT,2021-08-02,10:32:27,00:00:02
stefano.crapanzano@chu.ulg.ac.be,Navigation système de fichier,IT,2021-08-02,10:33:36,00:00:04
stefano.crapanzano@chu.ulg.ac.be,Navigation système de fichier,IT,2021-08-02,10:34:22,00:00:06
stefano.crapanzano@chu.ulg.ac.be,Navigation système de fichier,IT,2021-08-02,10:41:42,00:00:05
stefano.crapanzano@chu.ulg.ac.be,Navigation système de fichier,IT,2021-08-02,10:41:50,00:00:04
stefano.crapanzano@chu.ulg.ac.be,Navigation système de fichier,IT,2021-08-02,10:47:49,00:00:02
stefano.crapanzano@chu.ulg.ac.be,Navigation système de fichier,IT,2021-08-02,10:50:35,00:00:02
stefano.crapanzano@chu.ulg.ac.be,Navigation système de fichier,IT,2021-08-02,10:51:59,00:00:03
stefano.crapanzano@chu.ulg.ac.be,Navigation système de fichier,IT,2021-08-02,10:54:36,00:00:03
stefano.crapanzano@chu.ulg.ac.be,Navigation système de fichier,IT,2021-08-02,10:55:51,00:00:03
stefano.crapanzano@chu.ulg.ac.be,Navigation système de fichier,IT,2021-08-02,10:57:18,00:00:06
stefano.crapanzano@chu.ulg.ac.be,Navigation système de fichier,IT,2021-08-02,11:00:17,00:00:02
stefano.crapanzano@chu.ulg.ac.be,Navigation système de fichier,IT,2021-08-02,11:10:33,00:00:04
stefano.crapanzano@chu.ulg.ac.be,Navigation système de fichier,IT,2021-08-02,11:10:40,00:00:05
stefano.crapanzano@chu.ulg.ac.be,Navigation système de fichier,IT,2021-08-02,11:21:14,00:00:03
stefano.crapanzano@chu.ulg.ac.be,Navigation système de fichier,IT,2021-08-02,11:29:05,00:00:02
stefano.crapanzano@chu.ulg.ac.be,Navigation système de fichier,IT,2021-08-02,11:29:29,00:00:02
stefano.crapanzano@chu.ulg.ac.be,Navigation système de fichier,IT,2021-08-02,11:30:01,00:01:08
stefano.crapanzano@chu.ulg.ac.be,Navigation système de fichier,IT,2021-08-02,11:38:26,00:00:03
stefano.crapanzano@chu.ulg.ac.be,Navigation système de fichier,IT,2021-08-02,11:39:31,00:00:02
stefano.crapanzano@chu.ulg.ac.be,Navigation système de fichier,IT,2021-08-02,11:56:07,00:00:07
stefano.crapanzano@chu.ulg.ac.be,Navigation système de fichier,IT,2021-08-02,12:02:00,00:00:02
stefano.crapanzano@chu.ulg.ac.be,Navigation système de fichier,IT,2021-08-02,12:03:25,00:00:02
stefano.crapanzano@chu.ulg.ac.be,Navigation système de fichier,IT,2021-08-02,12:08:01,00:00:02
stefano.crapanzano@chu.ulg.ac.be,Navigation système de fichier,IT,2021-08-02,12:20:05,00:00:02
stefano.crapanzano@chu.ulg.ac.be,Navigation système de fichier,IT,2021-08-02,12:21:01,00:00:03
stefano.crapanzano@chu.ulg.ac.be,Navigation système de fichier,IT,2021-08-02,12:23:30,00:00:02
stefano.crapanzano@chu.ulg.ac.be,Navigation système de fichier,IT,2021-08-02,12:25:57,00:00:03
stefano.crapanzano@chu.ulg.ac.be,Navigation système de fichier,IT,2021-08-02,12:29:31,00:00:02
stefano.crapanzano@chu.ulg.ac.be,Navigation système de fichier,IT,2021-08-02,12:33:35,00:00:04
stefano.crapanzano@chu.ulg.ac.be,Navigation système de fichier,IT,2021-08-02,12:51:36,00:00:02
stefano.crapanzano@chu.ulg.ac.be,Navigation système de fichier,IT,2021-08-02,12:52:51,00:00:02
stefano.crapanzano@chu.ulg.ac.be,Navigation système de fichier,IT,2021-08-02,12:58:24,00:00:02
stefano.crapanzano@chu.ulg.ac.be,Navigation système de fichier,IT,2021-08-02,13:02:54,00:00:02
stefano.crapanzano@chu.ulg.ac.be,Navigation système de fichier,IT,2021-08-02,13:03:02,00:00:02
stefano.crapanzano@chu.ulg.ac.be,Navigation système de fichier,IT,2021-08-02,13:05:56,00:00:02
stefano.crapanzano@chu.ulg.ac.be,Navigation système de fichier,IT,2021-08-02,13:17:44,00:00:02
stefano.crapanzano@chu.ulg.ac.be,Navigation système de fichier,IT,2021-08-02,13:21:35,00:00:26
stefano.crapanzano@chu.ulg.ac.be,Navigation système de fichier,IT,2021-08-02,13:22:49,00:00:03
stefano.crapanzano@chu.ulg.ac.be,Navigation système de fichier,IT,2021-08-02,13:22:57,00:00:03
stefano.crapanzano@chu.ulg.ac.be,Navigation système de fichier,IT,2021-08-02,13:25:18,00:00:05
stefano.crapanzano@chu.ulg.ac.be,Navigation système de fichier,IT,2021-08-02,13:27:09,00:00:02
stefano.crapanzano@chu.ulg.ac.be,Navigation système de fichier,IT,2021-08-02,13:38:11,00:00:02
stefano.crapanzano@chu.ulg.ac.be,Navigation système de fichier,IT,2021-08-02,13:39:22,00:00:02
stefano.crapanzano@chu.ulg.ac.be,Navigation système de fichier,IT,2021-08-02,13:40:41,00:00:02
stefano.crapanzano@chu.ulg.ac.be,Navigation système de fichier,IT,2021-08-02,13:41:26,00:00:02
stefano.crapanzano@chu.ulg.ac.be,Navigation système de fichier,IT,2021-08-02,13:43:22,00:00:59
stefano.crapanzano@chu.ulg.ac.be,Navigation système de fichier,IT,2021-08-02,13:44:29,00:01:13
stefano.crapanzano@chu.ulg.ac.be,Navigation système de fichier,IT,2021-08-02,13:46:45,00:00:03
stefano.crapanzano@chu.ulg.ac.be,Navigation système de fichier,IT,2021-08-02,13:46:51,00:00:02
stefano.crapanzano@chu.ulg.ac.be,Navigation système de fichier,IT,2021-08-02,15:28:14,00:00:04
stefano.crapanzano@chu.ulg.ac.be,Navigation système de fichier,IT,2021-08-02,15:29:47,00:00:07
stefano.crapanzano@chu.ulg.ac.be,Navigation système de fichier,IT,2021-08-02,15:30:20,00:00:03
stefano.crapanzano@chu.ulg.ac.be,Navigation système de fichier,IT,2021-08-02,15:33:25,00:00:02
stefano.crapanzano@chu.ulg.ac.be,Navigation système de fichier,IT,2021-08-02,16:18:41,00:00:03
stefano.crapanzano@chu.ulg.ac.be,Navigation système de fichier,IT,2021-08-02,16:19:10,00:00:02
stefano.crapanzano@chu.ulg.ac.be,Navigation système de fichier,IT,2021-08-02,16:33:16,00:00:02
stefano.crapanzano@chu.ulg.ac.be,Navigation système de fichier,IT,2021-08-02,16:34:18,00:00:02
stefano.crapanzano@chu.ulg.ac.be,Navigation système de fichier,IT,2021-08-02,16:34:37,00:00:03
stefano.crapanzano@chu.ulg.ac.be,Navigation système de fichier,IT,2021-08-02,16:35:54,00:00:03
stefano.crapanzano@chu.ulg.ac.be,Navigation système de fichier,IT,2021-08-02,16:40:01,00:00:02
stefano.crapanzano@chu.ulg.ac.be,Navigation système de fichier,IT,2021-08-02,16:43:13,00:00:02
stefano.crapanzano@chu.ulg.ac.be,Navigation système de fichier,IT,2021-08-02,16:44:29,00:00:03
stefano.crapanzano@chu.ulg.ac.be,Navigation système de fichier,IT,2021-08-02,16:46:30,00:00:02
stefano.crapanzano@chu.ulg.ac.be,Navigation système de fichier,IT,2021-08-02,16:48:24,00:00:03
stefano.crapanzano@chu.ulg.ac.be,Navigation système de fichier,IT,2021-08-02,16:54:26,00:00:03
stefano.crapanzano@chu.ulg.ac.be,Navigation système de fichier,IT,2021-08-02,17:01:29,00:00:02
stefano.crapanzano@chu.ulg.ac.be,Navigation système de fichier,IT,2021-08-02,17:01:33,00:00:04
stefano.crapanzano@chu.ulg.ac.be,Courrier entrant - erp.sai@chuliege.be - Mozilla Thunderbird,Helpdesk général,2021-08-02,08:29:27,00:08:38
stefano.crapanzano@chu.ulg.ac.be,Courrier entrant - erp.sai@chuliege.be - Mozilla Thunderbird,Helpdesk général,2021-08-02,09:05:11,00:00:03
stefano.crapanzano@chu.ulg.ac.be,Courrier entrant - erp.sai@chuliege.be - Mozilla Thunderbird,Helpdesk général,2021-08-02,09:05:15,00:00:07
stefano.crapanzano@chu.ulg.ac.be,Courrier entrant - erp.sai@chuliege.be - Mozilla Thunderbird,Helpdesk général,2021-08-02,09:05:46,00:00:02
stefano.crapanzano@chu.ulg.ac.be,Courrier entrant - erp.sai@chuliege.be - Mozilla Thunderbird,Helpdesk général,2021-08-02,09:05:52,00:03:23
stefano.crapanzano@chu.ulg.ac.be,Courrier entrant - erp.sai@chuliege.be - Mozilla Thunderbird,Helpdesk général,2021-08-02,09:35:04,00:00:03
stefano.crapanzano@chu.ulg.ac.be,Courrier entrant - erp.sai@chuliege.be - Mozilla Thunderbird,Helpdesk général,2021-08-02,09:35:10,00:00:05
stefano.crapanzano@chu.ulg.ac.be,Courrier entrant - erp.sai@chuliege.be - Mozilla Thunderbird,Helpdesk général,2021-08-02,10:05:49,00:00:29
stefano.crapanzano@chu.ulg.ac.be,Courrier entrant - erp.sai@chuliege.be - Mozilla Thunderbird,Helpdesk général,2021-08-02,10:21:51,00:00:21
stefano.crapanzano@chu.ulg.ac.be,Courrier entrant - erp.sai@chuliege.be - Mozilla Thunderbird,Helpdesk général,2021-08-02,10:22:25,00:00:11
stefano.crapanzano@chu.ulg.ac.be,Courrier entrant - erp.sai@chuliege.be - Mozilla Thunderbird,Helpdesk général,2021-08-02,10:23:17,00:00:07
stefano.crapanzano@chu.ulg.ac.be,Courrier entrant - erp.sai@chuliege.be - Mozilla Thunderbird,Helpdesk général,2021-08-02,10:25:31,00:00:16
stefano.crapanzano@chu.ulg.ac.be,Courrier entrant - erp.sai@chuliege.be - Mozilla Thunderbird,Helpdesk général,2021-08-02,10:26:07,00:00:06
stefano.crapanzano@chu.ulg.ac.be,Courrier entrant - erp.sai@chuliege.be - Mozilla Thunderbird,Helpdesk général,2021-08-02,10:32:29,00:01:05
stefano.crapanzano@chu.ulg.ac.be,Courrier entrant - erp.sai@chuliege.be - Mozilla Thunderbird,Helpdesk général,2021-08-02,10:36:16,00:00:05
stefano.crapanzano@chu.ulg.ac.be,Courrier entrant - erp.sai@chuliege.be - Mozilla Thunderbird,Helpdesk général,2021-08-02,10:50:37,00:00:29
stefano.crapanzano@chu.ulg.ac.be,Courrier entrant - erp.sai@chuliege.be - Mozilla Thunderbird,Helpdesk général,2021-08-02,10:51:14,00:00:22
stefano.crapanzano@chu.ulg.ac.be,Courrier entrant - erp.sai@chuliege.be - Mozilla Thunderbird,Helpdesk général,2021-08-02,10:54:00,00:00:02
stefano.crapanzano@chu.ulg.ac.be,Courrier entrant - erp.sai@chuliege.be - Mozilla Thunderbird,Helpdesk général,2021-08-02,11:39:33,00:00:07
stefano.crapanzano@chu.ulg.ac.be,Courrier entrant - erp.sai@chuliege.be - Mozilla Thunderbird,Helpdesk général,2021-08-02,11:51:02,00:00:03
stefano.crapanzano@chu.ulg.ac.be,Courrier entrant - erp.sai@chuliege.be - Mozilla Thunderbird,Helpdesk général,2021-08-02,11:51:08,00:04:58
stefano.crapanzano@chu.ulg.ac.be,Courrier entrant - erp.sai@chuliege.be - Mozilla Thunderbird,Helpdesk général,2021-08-02,12:19:50,00:00:15
stefano.crapanzano@chu.ulg.ac.be,Courrier entrant - erp.sai@chuliege.be - Mozilla Thunderbird,Tâches diverses,2021-08-02,12:21:08,00:00:05
stefano.crapanzano@chu.ulg.ac.be,Courrier entrant - erp.sai@chuliege.be - Mozilla Thunderbird,Helpdesk général,2021-08-02,12:22:28,00:00:02
stefano.crapanzano@chu.ulg.ac.be,Courrier entrant - erp.sai@chuliege.be - Mozilla Thunderbird,Helpdesk général,2021-08-02,12:23:36,00:00:08
stefano.crapanzano@chu.ulg.ac.be,Courrier entrant - erp.sai@chuliege.be - Mozilla Thunderbird,Helpdesk général,2021-08-02,13:04:14,00:00:07
stefano.crapanzano@chu.ulg.ac.be,Courrier entrant - erp.sai@chuliege.be - Mozilla Thunderbird,Helpdesk général,2021-08-02,13:04:32,00:00:02
stefano.crapanzano@chu.ulg.ac.be,Courrier entrant - erp.sai@chuliege.be - Mozilla Thunderbird,Helpdesk général,2021-08-02,13:05:02,00:00:19
stefano.crapanzano@chu.ulg.ac.be,Courrier entrant - erp.sai@chuliege.be - Mozilla Thunderbird,Helpdesk général,2021-08-02,13:23:07,00:00:12
stefano.crapanzano@chu.ulg.ac.be,Courrier entrant - erp.sai@chuliege.be - Mozilla Thunderbird,Helpdesk général,2021-08-02,13:27:12,00:00:03
stefano.crapanzano@chu.ulg.ac.be,Courrier entrant - erp.sai@chuliege.be - Mozilla Thunderbird,Helpdesk général,2021-08-02,13:27:36,00:00:04
stefano.crapanzano@chu.ulg.ac.be,Courrier entrant - erp.sai@chuliege.be - Mozilla Thunderbird,Helpdesk général,2021-08-02,13:38:55,00:00:02
stefano.crapanzano@chu.ulg.ac.be,Courrier entrant - erp.sai@chuliege.be - Mozilla Thunderbird,Helpdesk général,2021-08-02,13:40:57,00:00:04
stefano.crapanzano@chu.ulg.ac.be,Courrier entrant - erp.sai@chuliege.be - Mozilla Thunderbird,Helpdesk général,2021-08-02,13:41:06,00:00:19
stefano.crapanzano@chu.ulg.ac.be,Courrier entrant - erp.sai@chuliege.be - Mozilla Thunderbird,Helpdesk général,2021-08-02,13:45:43,00:00:14
stefano.crapanzano@chu.ulg.ac.be,Courrier entrant - erp.sai@chuliege.be - Mozilla Thunderbird,Helpdesk général,2021-08-02,13:46:03,00:00:18
stefano.crapanzano@chu.ulg.ac.be,Courrier entrant - erp.sai@chuliege.be - Mozilla Thunderbird,Helpdesk général,2021-08-02,13:52:41,00:00:02
stefano.crapanzano@chu.ulg.ac.be,Courrier entrant - erp.sai@chuliege.be - Mozilla Thunderbird,Helpdesk général,2021-08-02,15:33:31,00:00:03
stefano.crapanzano@chu.ulg.ac.be,Courrier entrant - erp.sai@chuliege.be - Mozilla Thunderbird,Helpdesk général,2021-08-02,16:18:30,00:00:10
stefano.crapanzano@chu.ulg.ac.be,Courrier entrant - erp.sai@chuliege.be - Mozilla Thunderbird,Helpdesk général,2021-08-02,16:25:28,00:00:02
stefano.crapanzano@chu.ulg.ac.be,Courrier entrant - erp.sai@chuliege.be - Mozilla Thunderbird,Helpdesk général,2021-08-02,16:34:40,00:00:07
stefano.crapanzano@chu.ulg.ac.be,Courrier entrant - erp.sai@chuliege.be - Mozilla Thunderbird,Helpdesk général,2021-08-02,16:51:15,00:00:18
stefano.crapanzano@chu.ulg.ac.be,Courrier entrant - erp.sai@chuliege.be - Mozilla Thunderbird,Helpdesk général,2021-08-02,16:53:08,00:00:32
stefano.crapanzano@chu.ulg.ac.be,Courrier entrant - erp.sai@chuliege.be - Mozilla Thunderbird,Helpdesk général,2021-08-02,16:53:48,00:00:09
stefano.crapanzano@chu.ulg.ac.be,Courrier entrant - erp.sai@chuliege.be - Mozilla Thunderbird,Helpdesk général,2021-08-02,16:54:30,00:00:02
stefano.crapanzano@chu.ulg.ac.be,Courrier entrant - erp.sai@chuliege.be - Mozilla Thunderbird,Helpdesk général,2021-08-02,16:55:41,00:05:48
stefano.crapanzano@chu.ulg.ac.be,Boîte de réception (62 552) - s.crapanzano@gmail.com - Gmail - Google Chrome,Tâches diverses,2021-08-02,08:38:05,00:03:49
stefano.crapanzano@chu.ulg.ac.be,Intrastat - Google Chrome,Tâches diverses,2021-08-02,08:42:02,00:00:04
stefano.crapanzano@chu.ulg.ac.be,Intrastat - Google Chrome,Tâches diverses,2021-08-02,09:09:15,00:00:08
stefano.crapanzano@chu.ulg.ac.be,Intrastat - Google Chrome,Tâches diverses,2021-08-02,09:10:04,00:00:10
stefano.crapanzano@chu.ulg.ac.be,Intrastat - Google Chrome,Tâches diverses,2021-08-02,09:10:43,00:00:03
stefano.crapanzano@chu.ulg.ac.be,Intrastat - Google Chrome,Tâches diverses,2021-08-02,09:11:01,00:00:31
stefano.crapanzano@chu.ulg.ac.be,Intrastat - Google Chrome,Tâches diverses,2021-08-02,09:11:35,00:00:13
stefano.crapanzano@chu.ulg.ac.be,Intrastat - Google Chrome,Tâches diverses,2021-08-02,09:11:52,00:00:03
stefano.crapanzano@chu.ulg.ac.be,Intrastat - Google Chrome,Tâches diverses,2021-08-02,09:12:13,00:00:11
stefano.crapanzano@chu.ulg.ac.be,Intrastat - Google Chrome,Tâches diverses,2021-08-02,09:12:30,00:00:42
stefano.crapanzano@chu.ulg.ac.be,Intrastat - Google Chrome,Tâches diverses,2021-08-02,09:13:15,00:00:02
stefano.crapanzano@chu.ulg.ac.be,Intrastat - Google Chrome,Tâches diverses,2021-08-02,09:13:24,00:00:03
stefano.crapanzano@chu.ulg.ac.be,Intrastat - Google Chrome,Tâches diverses,2021-08-02,09:13:54,00:00:21
stefano.crapanzano@chu.ulg.ac.be,Intrastat - Google Chrome,Tâches diverses,2021-08-02,09:14:48,00:00:46
stefano.crapanzano@chu.ulg.ac.be,Intrastat - Google Chrome,Tâches diverses,2021-08-02,09:21:51,00:00:09
stefano.crapanzano@chu.ulg.ac.be,Intrastat - Google Chrome,Tâches diverses,2021-08-02,09:23:33,00:00:09
stefano.crapanzano@chu.ulg.ac.be,Intrastat - Google Chrome,Tâches diverses,2021-08-02,09:23:46,00:00:06
stefano.crapanzano@chu.ulg.ac.be,Intrastat - Google Chrome,Tâches diverses,2021-08-02,09:24:17,00:00:05
stefano.crapanzano@chu.ulg.ac.be,Intrastat - Google Chrome,Tâches diverses,2021-08-02,09:25:04,00:00:06
stefano.crapanzano@chu.ulg.ac.be,Intrastat - Google Chrome,Tâches diverses,2021-08-02,09:25:35,00:00:02
stefano.crapanzano@chu.ulg.ac.be,Intrastat - Google Chrome,Tâches diverses,2021-08-02,09:25:48,00:00:26
stefano.crapanzano@chu.ulg.ac.be,Intrastat - Google Chrome,Tâches diverses,2021-08-02,09:26:19,00:00:08
stefano.crapanzano@chu.ulg.ac.be,Intrastat - Google Chrome,Tâches diverses,2021-08-02,09:26:32,00:00:09
stefano.crapanzano@chu.ulg.ac.be,Intrastat - Google Chrome,Tâches diverses,2021-08-02,09:28:04,00:00:02
stefano.crapanzano@chu.ulg.ac.be,Intrastat - Google Chrome,Tâches diverses,2021-08-02,09:28:09,00:00:05
stefano.crapanzano@chu.ulg.ac.be,Intrastat - Google Chrome,Tâches diverses,2021-08-02,09:28:50,00:00:09
stefano.crapanzano@chu.ulg.ac.be,Intrastat - Google Chrome,Tâches diverses,2021-08-02,09:29:32,00:00:11
stefano.crapanzano@chu.ulg.ac.be,Intrastat - Google Chrome,Tâches diverses,2021-08-02,09:31:14,00:00:27
stefano.crapanzano@chu.ulg.ac.be,Intrastat - Google Chrome,Tâches diverses,2021-08-02,09:31:44,00:00:07
stefano.crapanzano@chu.ulg.ac.be,Intrastat - Google Chrome,Tâches diverses,2021-08-02,09:32:13,00:00:04
stefano.crapanzano@chu.ulg.ac.be,Intrastat - Google Chrome,Tâches diverses,2021-08-02,09:34:59,00:00:02
stefano.crapanzano@chu.ulg.ac.be,Intrastat - Google Chrome,Tâches diverses,2021-08-02,09:36:41,00:00:04
stefano.crapanzano@chu.ulg.ac.be,Intrastat - Google Chrome,Tâches diverses,2021-08-02,09:41:16,00:00:03
stefano.crapanzano@chu.ulg.ac.be,Intrastat - Google Chrome,Helpdesk général,2021-08-02,09:41:37,00:00:02
stefano.crapanzano@chu.ulg.ac.be,Intrastat - Google Chrome,Tâches diverses,2021-08-02,09:41:43,00:00:08
stefano.crapanzano@chu.ulg.ac.be,Intrastat - Google Chrome,Tâches diverses,2021-08-02,10:21:04,00:00:18
stefano.crapanzano@chu.ulg.ac.be,Intrastat - Google Chrome,Tâches diverses,2021-08-02,10:24:44,00:00:02
stefano.crapanzano@chu.ulg.ac.be,Intrastat - Google Chrome,Tâches diverses,2021-08-02,10:24:56,00:00:02
stefano.crapanzano@chu.ulg.ac.be,Intrastat - Google Chrome,Tâches diverses,2021-08-02,10:25:02,00:00:03
stefano.crapanzano@chu.ulg.ac.be,Intrastat - Google Chrome,Tâches diverses,2021-08-02,10:25:22,00:00:02
stefano.crapanzano@chu.ulg.ac.be,Intrastat - Google Chrome,Tâches diverses,2021-08-02,10:25:48,00:00:02
stefano.crapanzano@chu.ulg.ac.be,Intrastat - Google Chrome,Tâches diverses,2021-08-02,10:28:01,00:00:26
stefano.crapanzano@chu.ulg.ac.be,Intrastat - Google Chrome,Tâches diverses,2021-08-02,10:28:31,00:00:02
stefano.crapanzano@chu.ulg.ac.be,Intrastat - Google Chrome,Tâches diverses,2021-08-02,10:29:19,00:00:04
stefano.crapanzano@chu.ulg.ac.be,Intrastat - Google Chrome,Tâches diverses,2021-08-02,10:29:51,00:00:03
stefano.crapanzano@chu.ulg.ac.be,Intrastat - Google Chrome,Tâches diverses,2021-08-02,10:29:59,00:00:03
stefano.crapanzano@chu.ulg.ac.be,Intrastat - Google Chrome,Tâches diverses,2021-08-02,10:30:06,00:00:07
stefano.crapanzano@chu.ulg.ac.be,Intrastat - Google Chrome,Tâches diverses,2021-08-02,10:30:17,00:00:02
stefano.crapanzano@chu.ulg.ac.be,Intrastat - Google Chrome,Tâches diverses,2021-08-02,10:30:24,00:00:02
stefano.crapanzano@chu.ulg.ac.be,Intrastat - Google Chrome,Tâches diverses,2021-08-02,10:30:29,00:00:04
stefano.crapanzano@chu.ulg.ac.be,Intrastat - Google Chrome,Tâches diverses,2021-08-02,10:30:43,00:00:02
stefano.crapanzano@chu.ulg.ac.be,Intrastat - Google Chrome,Tâches diverses,2021-08-02,10:31:07,00:00:07
stefano.crapanzano@chu.ulg.ac.be,Intrastat - Google Chrome,Tâches diverses,2021-08-02,10:31:22,00:00:07
stefano.crapanzano@chu.ulg.ac.be,Intrastat - Google Chrome,Tâches diverses,2021-08-02,10:45:46,00:00:04
stefano.crapanzano@chu.ulg.ac.be,Intrastat - Google Chrome,Tâches diverses,2021-08-02,10:46:16,00:00:02
stefano.crapanzano@chu.ulg.ac.be,Intrastat - Google Chrome,Tâches diverses,2021-08-02,10:46:32,00:00:02
stefano.crapanzano@chu.ulg.ac.be,Intrastat - Google Chrome,Tâches diverses,2021-08-02,10:47:47,00:00:02
stefano.crapanzano@chu.ulg.ac.be,Intrastat - Google Chrome,Tâches diverses,2021-08-02,10:51:43,00:00:03
stefano.crapanzano@chu.ulg.ac.be,Intrastat - Google Chrome,Tâches diverses,2021-08-02,10:51:51,00:00:02
stefano.crapanzano@chu.ulg.ac.be,Intrastat - Google Chrome,Tâches diverses,2021-08-02,10:52:05,00:00:08
stefano.crapanzano@chu.ulg.ac.be,Intrastat - Google Chrome,Tâches diverses,2021-08-02,11:00:21,00:00:06
stefano.crapanzano@chu.ulg.ac.be,Intrastat - Google Chrome,Tâches diverses,2021-08-02,11:00:31,00:01:07
stefano.crapanzano@chu.ulg.ac.be,Intrastat - Google Chrome,Tâches diverses,2021-08-02,11:01:51,00:00:09
stefano.crapanzano@chu.ulg.ac.be,Intrastat - Google Chrome,Tâches diverses,2021-08-02,11:02:07,00:00:03
stefano.crapanzano@chu.ulg.ac.be,Intrastat - Google Chrome,Tâches diverses,2021-08-02,11:02:35,00:00:20
stefano.crapanzano@chu.ulg.ac.be,Intrastat - Google Chrome,Tâches diverses,2021-08-02,11:03:01,00:00:02
stefano.crapanzano@chu.ulg.ac.be,Intrastat - Google Chrome,Tâches diverses,2021-08-02,11:03:26,00:00:24
stefano.crapanzano@chu.ulg.ac.be,Intrastat - Google Chrome,Tâches diverses,2021-08-02,11:03:56,00:00:02
stefano.crapanzano@chu.ulg.ac.be,Intrastat - Google Chrome,Tâches diverses,2021-08-02,11:07:03,00:00:10
stefano.crapanzano@chu.ulg.ac.be,Intrastat - Google Chrome,Tâches diverses,2021-08-02,11:25:19,00:00:04
stefano.crapanzano@chu.ulg.ac.be,Intrastat - Google Chrome,Tâches diverses,2021-08-02,11:37:42,00:00:44
stefano.crapanzano@chu.ulg.ac.be,Intrastat - Google Chrome,Helpdesk général,2021-08-02,12:03:45,00:00:23
stefano.crapanzano@chu.ulg.ac.be,Intrastat - Google Chrome,Tâches diverses,2021-08-02,12:21:04,00:00:03
stefano.crapanzano@chu.ulg.ac.be,Intrastat - Google Chrome,Tâches diverses,2021-08-02,12:21:15,00:00:02
stefano.crapanzano@chu.ulg.ac.be,Intrastat - Google Chrome,Tâches diverses,2021-08-02,12:24:14,00:00:06
stefano.crapanzano@chu.ulg.ac.be,Intrastat - Google Chrome,Tâches diverses,2021-08-02,12:25:52,00:00:04
stefano.crapanzano@chu.ulg.ac.be,Intrastat - Google Chrome,Tâches diverses,2021-08-02,12:27:08,00:00:03
stefano.crapanzano@chu.ulg.ac.be,Intrastat - Google Chrome,Tâches diverses,2021-08-02,12:33:41,00:00:02
stefano.crapanzano@chu.ulg.ac.be,Intrastat - Google Chrome,Tâches diverses,2021-08-02,12:46:37,00:00:03
stefano.crapanzano@chu.ulg.ac.be,Intrastat - Google Chrome,Tâches diverses,2021-08-02,12:51:38,00:00:19
stefano.crapanzano@chu.ulg.ac.be,Intrastat - Google Chrome,Tâches diverses,2021-08-02,12:52:03,00:00:07
stefano.crapanzano@chu.ulg.ac.be,Intrastat - Google Chrome,Tâches diverses,2021-08-02,12:52:14,00:00:03
stefano.crapanzano@chu.ulg.ac.be,Intrastat - Google Chrome,Tâches diverses,2021-08-02,12:56:52,00:00:15
stefano.crapanzano@chu.ulg.ac.be,Intrastat - Google Chrome,Tâches diverses,2021-08-02,13:02:56,00:00:05
stefano.crapanzano@chu.ulg.ac.be,Intrastat - Google Chrome,Tâches diverses,2021-08-02,13:17:48,00:03:42
stefano.crapanzano@chu.ulg.ac.be,Intrastat - Google Chrome,Tâches diverses,2021-08-02,13:27:05,00:00:04
stefano.crapanzano@chu.ulg.ac.be,Intrastat - Google Chrome,Tâches diverses,2021-08-02,13:38:05,00:00:05
stefano.crapanzano@chu.ulg.ac.be,Intrastat - Google Chrome,Tâches diverses,2021-08-02,13:38:14,00:00:39
stefano.crapanzano@chu.ulg.ac.be,Intrastat - Google Chrome,Tâches diverses,2021-08-02,13:39:17,00:00:04
stefano.crapanzano@chu.ulg.ac.be,Intrastat - Google Chrome,Tâches diverses,2021-08-02,13:39:27,00:01:14
stefano.crapanzano@chu.ulg.ac.be,Intrastat - Google Chrome,Tâches diverses,2021-08-02,13:46:53,00:00:02
stefano.crapanzano@chu.ulg.ac.be,Intrastat - Google Chrome,Tâches diverses,2021-08-02,13:52:18,00:00:13
stefano.crapanzano@chu.ulg.ac.be,Intrastat - Google Chrome,Tâches diverses,2021-08-02,13:52:48,00:00:03
stefano.crapanzano@chu.ulg.ac.be,Intrastat - Google Chrome,Tâches diverses,2021-08-02,13:52:59,01:34:48
stefano.crapanzano@chu.ulg.ac.be,Intrastat - Google Chrome,Helpdesk général,2021-08-02,15:30:53,00:00:23
stefano.crapanzano@chu.ulg.ac.be,Intrastat - Google Chrome,Tâches diverses,2021-08-02,15:31:21,00:00:07
stefano.crapanzano@chu.ulg.ac.be,Intrastat - Google Chrome,Tâches diverses,2021-08-02,15:31:31,00:00:04
stefano.crapanzano@chu.ulg.ac.be,Intrastat - Google Chrome,Tâches diverses,2021-08-02,15:37:09,00:00:02
stefano.crapanzano@chu.ulg.ac.be,Intrastat - Google Chrome,Tâches diverses,2021-08-02,16:14:36,00:00:27
stefano.crapanzano@chu.ulg.ac.be,Intrastat - Google Chrome,Tâches diverses,2021-08-02,16:15:06,00:00:08
stefano.crapanzano@chu.ulg.ac.be,Intrastat - Google Chrome,Tâches diverses,2021-08-02,16:15:41,00:00:13
stefano.crapanzano@chu.ulg.ac.be,Intrastat - Google Chrome,Tâches diverses,2021-08-02,16:16:15,00:00:36
stefano.crapanzano@chu.ulg.ac.be,Intrastat - Google Chrome,Tâches diverses,2021-08-02,16:16:57,00:01:32
stefano.crapanzano@chu.ulg.ac.be,Intrastat - Google Chrome,Tâches diverses,2021-08-02,16:18:44,00:00:06
stefano.crapanzano@chu.ulg.ac.be,Intrastat - Google Chrome,Tâches diverses,2021-08-02,16:18:52,00:00:02
stefano.crapanzano@chu.ulg.ac.be,Intrastat - Google Chrome,Helpdesk général,2021-08-02,16:18:55,00:00:06
stefano.crapanzano@chu.ulg.ac.be,Intrastat - Google Chrome,Tâches diverses,2021-08-02,16:19:49,00:00:08
stefano.crapanzano@chu.ulg.ac.be,Intrastat - Google Chrome,Tâches diverses,2021-08-02,16:25:15,00:00:10
stefano.crapanzano@chu.ulg.ac.be,Intrastat - Google Chrome,Tâches diverses,2021-08-02,16:25:30,00:00:18
stefano.crapanzano@chu.ulg.ac.be,Intrastat - Google Chrome,Tâches diverses,2021-08-02,16:29:54,00:00:03
stefano.crapanzano@chu.ulg.ac.be,Intrastat - Google Chrome,Tâches diverses,2021-08-02,16:33:36,00:00:25
stefano.crapanzano@chu.ulg.ac.be,Intrastat - Google Chrome,Tâches diverses,2021-08-02,16:42:44,00:00:28
stefano.crapanzano@chu.ulg.ac.be,Intrastat - Google Chrome,Tâches diverses,2021-08-02,16:50:32,00:00:03
stefano.crapanzano@chu.ulg.ac.be,Intrastat - Google Chrome,Tâches diverses,2021-08-02,16:54:10,00:00:02
stefano.crapanzano@chu.ulg.ac.be,Intrastat - Google Chrome,Tâches diverses,2021-08-02,16:54:17,00:00:03
stefano.crapanzano@chu.ulg.ac.be,Intrastat - Google Chrome,Tâches diverses,2021-08-02,16:54:22,00:00:02
stefano.crapanzano@chu.ulg.ac.be,SAP Logon 750,Exploration SAP,2021-08-02,08:42:09,00:00:07
stefano.crapanzano@chu.ulg.ac.be,SAP Logon 750,Exploration SAP,2021-08-02,09:04:29,00:00:08
stefano.crapanzano@chu.ulg.ac.be,SAP Logon 750,Exploration SAP,2021-08-02,12:20:10,00:00:03
stefano.crapanzano@chu.ulg.ac.be,SAP Easy Access Menu de base Applications financières-économiques,Exploration SAP,2021-08-02,08:42:16,00:00:03
stefano.crapanzano@chu.ulg.ac.be,SAP Easy Access Menu de base Applications financières-économiques,Exploration SAP,2021-08-02,09:04:44,00:00:09
stefano.crapanzano@chu.ulg.ac.be,SAP Easy Access Menu de base Applications financières-économiques,Exploration SAP,2021-08-02,09:05:07,00:00:02
stefano.crapanzano@chu.ulg.ac.be,SAP Easy Access Menu de base Applications financières-économiques,Exploration SAP,2021-08-02,12:20:48,00:00:09
stefano.crapanzano@chu.ulg.ac.be,Gestion des utilisateurs : écran initial,Exploration SAP,2021-08-02,08:42:20,00:00:10
stefano.crapanzano@chu.ulg.ac.be,Gestion des utilisateurs : écran initial,Exploration SAP,2021-08-02,08:46:03,00:00:03
stefano.crapanzano@chu.ulg.ac.be,Gestion des utilisateurs : écran initial,Exploration SAP,2021-08-02,08:46:14,00:00:12
stefano.crapanzano@chu.ulg.ac.be,Gestion des utilisateurs : écran initial,Exploration SAP,2021-08-02,08:46:56,00:00:19
stefano.crapanzano@chu.ulg.ac.be,Afficher utilisateur,Exploration SAP,2021-08-02,08:42:31,00:00:52
stefano.crapanzano@chu.ulg.ac.be,Afficher utilisateur,Exploration SAP,2021-08-02,08:43:36,00:00:19
stefano.crapanzano@chu.ulg.ac.be,Afficher utilisateur,Exploration SAP,2021-08-02,08:44:18,00:00:04
stefano.crapanzano@chu.ulg.ac.be,Afficher utilisateur,Exploration SAP,2021-08-02,08:45:52,00:00:10
stefano.crapanzano@chu.ulg.ac.be,Afficher utilisateur,Exploration SAP,2021-08-02,08:46:07,00:00:07
stefano.crapanzano@chu.ulg.ac.be,Afficher utilisateur,Exploration SAP,2021-08-02,08:46:26,00:00:30
stefano.crapanzano@chu.ulg.ac.be,Afficher utilisateur,Exploration SAP,2021-08-02,08:47:15,00:00:13
stefano.crapanzano@chu.ulg.ac.be,Documents de modification pour utilisateurs,Exploration SAP,2021-08-02,08:43:24,00:00:12
stefano.crapanzano@chu.ulg.ac.be,Documents de modification pour utilisateurs,Exploration SAP,2021-08-02,08:43:55,00:00:22
stefano.crapanzano@chu.ulg.ac.be,Documents de modification pour utilisateurs,Exploration SAP,2021-08-02,08:44:22,00:01:30
stefano.crapanzano@chu.ulg.ac.be,Documents de modification pour utilisateurs,Exploration SAP,2021-08-02,08:47:29,00:11:37
stefano.crapanzano@chu.ulg.ac.be,Documents de modification pour utilisateurs,Exploration SAP,2021-08-02,10:33:40,00:00:41
stefano.crapanzano@chu.ulg.ac.be,UserMapping_203_CHU corr.xlsx - Excel,Tâches diverses,2021-08-02,08:59:22,00:02:59
stefano.crapanzano@chu.ulg.ac.be,Microsoft Excel,Tâches diverses,2021-08-02,09:02:21,00:00:02
stefano.crapanzano@chu.ulg.ac.be,Microsoft Excel,Tâches diverses,2021-08-02,11:38:34,00:00:02
stefano.crapanzano@chu.ulg.ac.be,Microsoft Excel,Tâches diverses,2021-08-02,11:39:22,00:00:03
stefano.crapanzano@chu.ulg.ac.be,Microsoft Excel,Tâches diverses,2021-08-02,11:47:47,00:03:01
stefano.crapanzano@chu.ulg.ac.be,Microsoft Excel,Tâches diverses,2021-08-02,13:42:04,00:00:02
stefano.crapanzano@chu.ulg.ac.be,Microsoft Excel,Tâches diverses,2021-08-02,13:42:47,00:00:03
stefano.crapanzano@chu.ulg.ac.be,Classeur1 - Excel,Tâches diverses,2021-08-02,09:02:23,00:00:20
stefano.crapanzano@chu.ulg.ac.be,SAP GUI for Windows 750,Exploration SAP,2021-08-02,11:05:10,00:00:04
stefano.crapanzano@chu.ulg.ac.be,Info licence en cas de connexion multiple,Exploration SAP,2021-08-02,09:04:37,00:00:07
stefano.crapanzano@chu.ulg.ac.be,Info licence en cas de connexion multiple,Exploration SAP,2021-08-02,12:20:43,00:00:04
stefano.crapanzano@chu.ulg.ac.be,Attributs généraux (BBP) Modifier,Exploration SAP,2021-08-02,09:04:54,00:00:07
stefano.crapanzano@chu.ulg.ac.be,Attributs généraux (BBP) Modifier,Exploration SAP,2021-08-02,09:05:04,00:00:03
stefano.crapanzano@chu.ulg.ac.be,Créer poste vacant,Exploration SAP,2021-08-02,09:05:01,00:00:02
stefano.crapanzano@chu.ulg.ac.be,Courrier entrant - stefano.crapanzano@chuliege.be - Mozilla Thunderbird,Helpdesk général,2021-08-02,09:05:49,00:00:03
stefano.crapanzano@chu.ulg.ac.be,Courrier entrant - stefano.crapanzano@chuliege.be - Mozilla Thunderbird,Helpdesk général,2021-08-02,09:35:08,00:00:02
stefano.crapanzano@chu.ulg.ac.be,Courrier entrant - stefano.crapanzano@chuliege.be - Mozilla Thunderbird,Helpdesk général,2021-08-02,10:54:02,00:00:02
stefano.crapanzano@chu.ulg.ac.be,Courrier entrant - stefano.crapanzano@chuliege.be - Mozilla Thunderbird,Helpdesk général,2021-08-02,11:51:05,00:00:02
stefano.crapanzano@chu.ulg.ac.be,Courrier entrant - stefano.crapanzano@chuliege.be - Mozilla Thunderbird,Helpdesk général,2021-08-02,13:38:57,00:00:03
stefano.crapanzano@chu.ulg.ac.be,Courrier entrant - stefano.crapanzano@chuliege.be - Mozilla Thunderbird,Helpdesk général,2021-08-02,13:40:54,00:00:02
stefano.crapanzano@chu.ulg.ac.be,Courrier entrant - stefano.crapanzano@chuliege.be - Mozilla Thunderbird,Helpdesk général,2021-08-02,13:52:43,00:00:03
stefano.crapanzano@chu.ulg.ac.be,Courrier entrant - stefano.crapanzano@chuliege.be - Mozilla Thunderbird,Helpdesk général,2021-08-02,15:33:27,00:00:03
stefano.crapanzano@chu.ulg.ac.be,Courrier entrant - stefano.crapanzano@chuliege.be - Mozilla Thunderbird,Helpdesk général,2021-08-02,16:54:32,00:00:03
stefano.crapanzano@chu.ulg.ac.be,I:\Informatique\ERP\Exploitation\SURVEILLANCE\JOB\jobs_02_08_2021_08_00_00_08_59_59.csv_nok - Notepad++ [Administrator],IT,2021-08-02,09:05:37,00:00:02
stefano.crapanzano@chu.ulg.ac.be,Programmation,IT,2021-08-02,09:09:26,00:00:36
stefano.crapanzano@chu.ulg.ac.be,Programmation,IT,2021-08-02,09:10:17,00:00:19
stefano.crapanzano@chu.ulg.ac.be,Programmation,IT,2021-08-02,09:11:56,00:00:17
stefano.crapanzano@chu.ulg.ac.be,Programmation,IT,2021-08-02,09:12:24,00:00:04
stefano.crapanzano@chu.ulg.ac.be,Programmation,IT,2021-08-02,09:13:12,00:00:02
stefano.crapanzano@chu.ulg.ac.be,Programmation,IT,2021-08-02,09:13:17,00:00:05
stefano.crapanzano@chu.ulg.ac.be,Programmation,IT,2021-08-02,09:13:28,00:00:16
stefano.crapanzano@chu.ulg.ac.be,Programmation,IT,2021-08-02,09:13:47,00:00:06
stefano.crapanzano@chu.ulg.ac.be,Programmation,IT,2021-08-02,09:14:15,00:00:31
stefano.crapanzano@chu.ulg.ac.be,Programmation,IT,2021-08-02,09:15:36,00:01:15
stefano.crapanzano@chu.ulg.ac.be,Programmation,IT,2021-08-02,09:16:55,00:00:09
stefano.crapanzano@chu.ulg.ac.be,Programmation,IT,2021-08-02,09:17:06,00:04:13
stefano.crapanzano@chu.ulg.ac.be,Programmation,IT,2021-08-02,09:22:03,00:01:19
stefano.crapanzano@chu.ulg.ac.be,Programmation,IT,2021-08-02,09:24:24,00:00:39
stefano.crapanzano@chu.ulg.ac.be,Programmation,IT,2021-08-02,09:25:10,00:00:23
stefano.crapanzano@chu.ulg.ac.be,Programmation,IT,2021-08-02,09:25:37,00:00:09
stefano.crapanzano@chu.ulg.ac.be,Programmation,IT,2021-08-02,09:26:15,00:00:04
stefano.crapanzano@chu.ulg.ac.be,Programmation,IT,2021-08-02,09:26:28,00:00:04
stefano.crapanzano@chu.ulg.ac.be,Programmation,IT,2021-08-02,09:26:43,00:01:14
stefano.crapanzano@chu.ulg.ac.be,Programmation,IT,2021-08-02,09:28:23,00:00:24
stefano.crapanzano@chu.ulg.ac.be,Programmation,IT,2021-08-02,09:29:05,00:00:19
stefano.crapanzano@chu.ulg.ac.be,Programmation,IT,2021-08-02,09:29:45,00:01:27
stefano.crapanzano@chu.ulg.ac.be,Programmation,IT,2021-08-02,09:32:19,00:00:08
stefano.crapanzano@chu.ulg.ac.be,Programmation,IT,2021-08-02,09:44:38,00:02:51
stefano.crapanzano@chu.ulg.ac.be,Programmation,IT,2021-08-02,09:47:32,00:00:16
stefano.crapanzano@chu.ulg.ac.be,Programmation,IT,2021-08-02,09:47:57,00:01:15
stefano.crapanzano@chu.ulg.ac.be,Programmation,IT,2021-08-02,09:49:54,00:10:47
stefano.crapanzano@chu.ulg.ac.be,Programmation,IT,2021-08-02,10:03:37,00:02:09
stefano.crapanzano@chu.ulg.ac.be,Programmation,IT,2021-08-02,10:06:20,00:13:11
stefano.crapanzano@chu.ulg.ac.be,Programmation,IT,2021-08-02,10:20:53,00:00:02
stefano.crapanzano@chu.ulg.ac.be,Programmation,IT,2021-08-02,10:21:23,00:00:26
stefano.crapanzano@chu.ulg.ac.be,Programmation,IT,2021-08-02,10:22:38,00:00:38
stefano.crapanzano@chu.ulg.ac.be,Programmation,IT,2021-08-02,10:23:24,00:01:17
stefano.crapanzano@chu.ulg.ac.be,Programmation,IT,2021-08-02,10:24:46,00:00:06
stefano.crapanzano@chu.ulg.ac.be,Programmation,IT,2021-08-02,10:25:06,00:00:14
stefano.crapanzano@chu.ulg.ac.be,Programmation,IT,2021-08-02,10:25:26,00:00:04
stefano.crapanzano@chu.ulg.ac.be,Programmation,IT,2021-08-02,10:27:51,00:00:02
stefano.crapanzano@chu.ulg.ac.be,Programmation,IT,2021-08-02,10:28:29,00:00:02
stefano.crapanzano@chu.ulg.ac.be,Programmation,IT,2021-08-02,10:28:34,00:00:44
stefano.crapanzano@chu.ulg.ac.be,Programmation,IT,2021-08-02,10:29:43,00:00:05
stefano.crapanzano@chu.ulg.ac.be,Programmation,IT,2021-08-02,10:29:55,00:00:03
stefano.crapanzano@chu.ulg.ac.be,Programmation,IT,2021-08-02,10:30:33,00:00:08
stefano.crapanzano@chu.ulg.ac.be,Programmation,IT,2021-08-02,10:30:57,00:00:03
stefano.crapanzano@chu.ulg.ac.be,Programmation,IT,2021-08-02,10:31:14,00:00:02
stefano.crapanzano@chu.ulg.ac.be,Programmation,IT,2021-08-02,10:31:30,00:00:03
stefano.crapanzano@chu.ulg.ac.be,Programmation,IT,2021-08-02,10:31:57,00:00:26
stefano.crapanzano@chu.ulg.ac.be,Programmation,IT,2021-08-02,10:45:20,00:00:03
stefano.crapanzano@chu.ulg.ac.be,Programmation,IT,2021-08-02,10:45:29,00:00:14
stefano.crapanzano@chu.ulg.ac.be,Programmation,IT,2021-08-02,10:45:51,00:00:03
stefano.crapanzano@chu.ulg.ac.be,Programmation,IT,2021-08-02,10:46:00,00:00:12
stefano.crapanzano@chu.ulg.ac.be,Programmation,IT,2021-08-02,10:46:22,00:00:06
stefano.crapanzano@chu.ulg.ac.be,Programmation,IT,2021-08-02,10:46:36,00:01:09
stefano.crapanzano@chu.ulg.ac.be,Programmation,IT,2021-08-02,10:51:38,00:00:03
stefano.crapanzano@chu.ulg.ac.be,Programmation,IT,2021-08-02,10:52:22,00:00:14
stefano.crapanzano@chu.ulg.ac.be,Programmation,IT,2021-08-02,10:53:03,00:00:09
stefano.crapanzano@chu.ulg.ac.be,Programmation,IT,2021-08-02,10:53:18,00:00:03
stefano.crapanzano@chu.ulg.ac.be,Programmation,IT,2021-08-02,10:53:23,00:00:35
stefano.crapanzano@chu.ulg.ac.be,Programmation,IT,2021-08-02,10:54:06,00:00:28
stefano.crapanzano@chu.ulg.ac.be,Programmation,IT,2021-08-02,10:54:46,00:00:31
stefano.crapanzano@chu.ulg.ac.be,Programmation,IT,2021-08-02,10:55:20,00:00:07
stefano.crapanzano@chu.ulg.ac.be,Programmation,IT,2021-08-02,10:55:28,00:00:22
stefano.crapanzano@chu.ulg.ac.be,Programmation,IT,2021-08-02,10:56:00,00:00:10
stefano.crapanzano@chu.ulg.ac.be,Programmation,IT,2021-08-02,10:56:48,00:00:04
stefano.crapanzano@chu.ulg.ac.be,Programmation,IT,2021-08-02,10:56:55,00:00:23
stefano.crapanzano@chu.ulg.ac.be,Programmation,IT,2021-08-02,10:57:31,00:00:02
stefano.crapanzano@chu.ulg.ac.be,Programmation,IT,2021-08-02,10:59:50,00:00:03
stefano.crapanzano@chu.ulg.ac.be,Programmation,IT,2021-08-02,10:59:55,00:00:22
stefano.crapanzano@chu.ulg.ac.be,Programmation,IT,2021-08-02,11:01:39,00:00:11
stefano.crapanzano@chu.ulg.ac.be,Programmation,IT,2021-08-02,11:02:02,00:00:05
stefano.crapanzano@chu.ulg.ac.be,Programmation,IT,2021-08-02,11:02:11,00:00:05
stefano.crapanzano@chu.ulg.ac.be,Programmation,IT,2021-08-02,11:02:19,00:00:15
stefano.crapanzano@chu.ulg.ac.be,Programmation,IT,2021-08-02,11:02:57,00:00:03
stefano.crapanzano@chu.ulg.ac.be,Programmation,IT,2021-08-02,11:03:21,00:00:03
stefano.crapanzano@chu.ulg.ac.be,Programmation,IT,2021-08-02,11:03:52,00:00:02
stefano.crapanzano@chu.ulg.ac.be,Programmation,IT,2021-08-02,11:04:08,00:01:02
stefano.crapanzano@chu.ulg.ac.be,Programmation,IT,2021-08-02,11:05:14,00:01:46
stefano.crapanzano@chu.ulg.ac.be,Programmation,IT,2021-08-02,11:07:16,00:03:17
stefano.crapanzano@chu.ulg.ac.be,Programmation,IT,2021-08-02,11:11:18,00:01:21
stefano.crapanzano@chu.ulg.ac.be,Programmation,IT,2021-08-02,11:12:45,00:05:17
stefano.crapanzano@chu.ulg.ac.be,Programmation,IT,2021-08-02,11:19:14,00:01:53
stefano.crapanzano@chu.ulg.ac.be,Programmation,IT,2021-08-02,11:23:07,00:00:16
stefano.crapanzano@chu.ulg.ac.be,Programmation,IT,2021-08-02,11:23:42,00:00:38
stefano.crapanzano@chu.ulg.ac.be,Programmation,IT,2021-08-02,11:29:07,00:00:15
stefano.crapanzano@chu.ulg.ac.be,Programmation,IT,2021-08-02,11:29:31,00:00:13
stefano.crapanzano@chu.ulg.ac.be,Programmation,IT,2021-08-02,11:31:10,00:00:40
stefano.crapanzano@chu.ulg.ac.be,Programmation,IT,2021-08-02,11:31:55,00:05:45
stefano.crapanzano@chu.ulg.ac.be,Programmation,IT,2021-08-02,11:40:16,00:00:32
stefano.crapanzano@chu.ulg.ac.be,Programmation,IT,2021-08-02,11:44:42,00:00:02
stefano.crapanzano@chu.ulg.ac.be,Programmation,IT,2021-08-02,11:45:28,00:00:02
stefano.crapanzano@chu.ulg.ac.be,Programmation,IT,2021-08-02,11:45:41,00:00:02
stefano.crapanzano@chu.ulg.ac.be,Programmation,IT,2021-08-02,11:46:27,00:00:02
stefano.crapanzano@chu.ulg.ac.be,Programmation,IT,2021-08-02,11:46:40,00:00:02
stefano.crapanzano@chu.ulg.ac.be,Programmation,IT,2021-08-02,11:56:25,00:04:48
stefano.crapanzano@chu.ulg.ac.be,Programmation,IT,2021-08-02,12:01:49,00:00:11
stefano.crapanzano@chu.ulg.ac.be,Programmation,IT,2021-08-02,12:02:40,00:00:45
stefano.crapanzano@chu.ulg.ac.be,Programmation,IT,2021-08-02,12:08:03,00:11:08
stefano.crapanzano@chu.ulg.ac.be,Programmation,IT,2021-08-02,12:19:14,00:00:16
stefano.crapanzano@chu.ulg.ac.be,Programmation,IT,2021-08-02,12:26:00,00:00:47
stefano.crapanzano@chu.ulg.ac.be,Programmation,IT,2021-08-02,12:44:42,00:01:19
stefano.crapanzano@chu.ulg.ac.be,Programmation,IT,2021-08-02,12:50:16,00:01:11
stefano.crapanzano@chu.ulg.ac.be,Programmation,IT,2021-08-02,12:52:53,00:03:44
stefano.crapanzano@chu.ulg.ac.be,Programmation,IT,2021-08-02,15:27:49,00:00:25
stefano.crapanzano@chu.ulg.ac.be,Programmation,IT,2021-08-02,15:28:50,00:00:46
stefano.crapanzano@chu.ulg.ac.be,Programmation,IT,2021-08-02,15:29:55,00:00:23
stefano.crapanzano@chu.ulg.ac.be,Programmation,IT,2021-08-02,16:15:55,00:00:14
stefano.crapanzano@chu.ulg.ac.be,Programmation,IT,2021-08-02,16:19:12,00:00:14
stefano.crapanzano@chu.ulg.ac.be,Programmation,IT,2021-08-02,16:19:39,00:00:03
stefano.crapanzano@chu.ulg.ac.be,Programmation,IT,2021-08-02,16:20:14,00:00:26
stefano.crapanzano@chu.ulg.ac.be,Programmation,IT,2021-08-02,16:20:47,00:00:03
stefano.crapanzano@chu.ulg.ac.be,Programmation,IT,2021-08-02,16:23:03,00:01:59
stefano.crapanzano@chu.ulg.ac.be,Programmation,IT,2021-08-02,16:26:47,00:02:38
stefano.crapanzano@chu.ulg.ac.be,Programmation,IT,2021-08-02,16:31:19,00:01:57
stefano.crapanzano@chu.ulg.ac.be,Programmation,IT,2021-08-02,16:35:48,00:00:05
stefano.crapanzano@chu.ulg.ac.be,Programmation,IT,2021-08-02,16:35:57,00:01:13
stefano.crapanzano@chu.ulg.ac.be,Programmation,IT,2021-08-02,16:39:23,00:00:37
stefano.crapanzano@chu.ulg.ac.be,Programmation,IT,2021-08-02,16:41:39,00:00:31
stefano.crapanzano@chu.ulg.ac.be,Programmation,IT,2021-08-02,16:42:13,00:00:16
stefano.crapanzano@chu.ulg.ac.be,Programmation,IT,2021-08-02,16:42:31,00:00:06
stefano.crapanzano@chu.ulg.ac.be,Programmation,IT,2021-08-02,16:43:15,00:00:02
stefano.crapanzano@chu.ulg.ac.be,Programmation,IT,2021-08-02,16:44:20,00:00:02
stefano.crapanzano@chu.ulg.ac.be,Programmation,IT,2021-08-02,16:44:23,00:00:05
stefano.crapanzano@chu.ulg.ac.be,Programmation,IT,2021-08-02,16:44:32,00:01:25
stefano.crapanzano@chu.ulg.ac.be,Programmation,IT,2021-08-02,16:46:32,00:00:37
stefano.crapanzano@chu.ulg.ac.be,Programmation,IT,2021-08-02,16:47:15,00:00:03
stefano.crapanzano@chu.ulg.ac.be,Programmation,IT,2021-08-02,16:47:19,00:01:04
stefano.crapanzano@chu.ulg.ac.be,Programmation,IT,2021-08-02,16:49:04,00:00:08
stefano.crapanzano@chu.ulg.ac.be,Programmation,IT,2021-08-02,16:49:14,00:00:21
stefano.crapanzano@chu.ulg.ac.be,Log in | Django site admin - Google Chrome,Tâches diverses,2021-08-02,09:10:40,00:00:03
stefano.crapanzano@chu.ulg.ac.be,Log in | Django site admin - Google Chrome,Tâches diverses,2021-08-02,10:19:44,00:00:04
stefano.crapanzano@chu.ulg.ac.be,Identification - Google Chrome,Tâches diverses,2021-08-02,09:10:47,00:00:07
stefano.crapanzano@chu.ulg.ac.be,Identification - Google Chrome,Tâches diverses,2021-08-02,11:25:11,00:00:06
stefano.crapanzano@chu.ulg.ac.be,POST data - Google Chrome,Tâches diverses,2021-08-02,09:10:54,00:00:07
stefano.crapanzano@chu.ulg.ac.be,erpftp,Helpdesk général,2021-08-02,09:21:25,00:00:02
stefano.crapanzano@chu.ulg.ac.be,erpftp,Helpdesk général,2021-08-02,11:18:02,00:00:02
stefano.crapanzano@chu.ulg.ac.be,erpftp,IT,2021-08-02,13:44:25,00:00:03
stefano.crapanzano@chu.ulg.ac.be,Netop Invité,Helpdesk général,2021-08-02,11:18:05,00:00:02
stefano.crapanzano@chu.ulg.ac.be,Netop Invité,Helpdesk général,2021-08-02,11:56:16,00:00:02
stefano.crapanzano@chu.ulg.ac.be,Netop Invité,Helpdesk général,2021-08-02,16:29:25,00:00:04
stefano.crapanzano@chu.ulg.ac.be,Connexion à l'aide de l'authentification Windows,Helpdesk général,2021-08-02,09:21:29,00:00:03
stefano.crapanzano@chu.ulg.ac.be,Connexion à l'aide de l'authentification Windows,Helpdesk général,2021-08-02,11:18:08,00:00:04
stefano.crapanzano@chu.ulg.ac.be,Connexion à l'aide de l'authentification Windows,Helpdesk général,2021-08-02,11:56:19,00:00:02
stefano.crapanzano@chu.ulg.ac.be,Connexion à l'aide de l'authentification Windows,Helpdesk général,2021-08-02,15:30:25,00:00:03
stefano.crapanzano@chu.ulg.ac.be,Connexion à l'aide de l'authentification Windows,Helpdesk général,2021-08-02,16:29:30,00:00:03
stefano.crapanzano@chu.ulg.ac.be,erpftp - Netop Remote Control,Helpdesk général,2021-08-02,09:21:34,00:00:17
stefano.crapanzano@chu.ulg.ac.be,erpftp - Netop Remote Control,Helpdesk général,2021-08-02,09:23:23,00:00:09
stefano.crapanzano@chu.ulg.ac.be,erpftp - Netop Remote Control,Helpdesk général,2021-08-02,09:23:43,00:00:02
stefano.crapanzano@chu.ulg.ac.be,erpftp - Netop Remote Control,Helpdesk général,2021-08-02,09:24:11,00:00:03
stefano.crapanzano@chu.ulg.ac.be,erpftp - Netop Remote Control,Helpdesk général,2021-08-02,09:27:59,00:00:05
stefano.crapanzano@chu.ulg.ac.be,erpftp - Netop Remote Control,Helpdesk général,2021-08-02,09:28:07,00:00:02
stefano.crapanzano@chu.ulg.ac.be,erpftp - Netop Remote Control,Helpdesk général,2021-08-02,09:28:18,00:00:03
stefano.crapanzano@chu.ulg.ac.be,erpftp - Netop Remote Control,Helpdesk général,2021-08-02,09:28:47,00:00:02
stefano.crapanzano@chu.ulg.ac.be,erpftp - Netop Remote Control,Helpdesk général,2021-08-02,09:29:01,00:00:03
stefano.crapanzano@chu.ulg.ac.be,erpftp - Netop Remote Control,Helpdesk général,2021-08-02,09:29:27,00:00:04
stefano.crapanzano@chu.ulg.ac.be,erpftp - Netop Remote Control,Helpdesk général,2021-08-02,09:31:53,00:00:19
stefano.crapanzano@chu.ulg.ac.be,erpftp - Netop Remote Control,Helpdesk général,2021-08-02,09:32:29,00:02:30
stefano.crapanzano@chu.ulg.ac.be,erpftp - Netop Remote Control,Helpdesk général,2021-08-02,09:35:16,00:00:57
stefano.crapanzano@chu.ulg.ac.be,erpftp - Netop Remote Control,Helpdesk général,2021-08-02,09:41:21,00:00:15
stefano.crapanzano@chu.ulg.ac.be,erpftp - Netop Remote Control,Helpdesk général,2021-08-02,09:41:53,00:00:43
stefano.crapanzano@chu.ulg.ac.be,erpftp - Netop Remote Control,Helpdesk général,2021-08-02,09:42:47,00:01:06
stefano.crapanzano@chu.ulg.ac.be,erpftp - Netop Remote Control,Helpdesk général,2021-08-02,09:44:08,00:00:02
stefano.crapanzano@chu.ulg.ac.be,erpftp - Netop Remote Control,Helpdesk général,2021-08-02,09:44:19,00:00:09
stefano.crapanzano@chu.ulg.ac.be,erpftp - Netop Remote Control,Helpdesk général,2021-08-02,11:18:15,00:00:57
stefano.crapanzano@chu.ulg.ac.be,erpftp - Netop Remote Control,Helpdesk général,2021-08-02,11:24:21,00:00:32
stefano.crapanzano@chu.ulg.ac.be,erpftp - Netop Remote Control,Helpdesk général,2021-08-02,11:25:01,00:00:02
stefano.crapanzano@chu.ulg.ac.be,erpftp - Netop Remote Control,Helpdesk général,2021-08-02,11:25:25,00:03:40
stefano.crapanzano@chu.ulg.ac.be,erpftp - Netop Remote Control,Helpdesk général,2021-08-02,11:29:24,00:00:04
stefano.crapanzano@chu.ulg.ac.be,erpftp - Netop Remote Control,Helpdesk général,2021-08-02,11:29:46,00:00:15
stefano.crapanzano@chu.ulg.ac.be,erpftp - Netop Remote Control,Helpdesk général,2021-08-02,11:31:51,00:00:02
stefano.crapanzano@chu.ulg.ac.be,erpftp - Netop Remote Control,Helpdesk général,2021-08-02,12:01:15,00:00:33
stefano.crapanzano@chu.ulg.ac.be,erpftp - Netop Remote Control,Helpdesk général,2021-08-02,12:02:02,00:00:37
stefano.crapanzano@chu.ulg.ac.be,erpftp - Netop Remote Control,Helpdesk général,2021-08-02,12:03:28,00:00:17
stefano.crapanzano@chu.ulg.ac.be,erpftp - Netop Remote Control,Helpdesk général,2021-08-02,12:04:11,00:03:09
stefano.crapanzano@chu.ulg.ac.be,erpftp - Netop Remote Control,Helpdesk général,2021-08-02,12:07:57,00:00:03
stefano.crapanzano@chu.ulg.ac.be,erpftp - Netop Remote Control,Helpdesk général,2021-08-02,12:19:31,00:00:19
stefano.crapanzano@chu.ulg.ac.be,erpftp - Netop Remote Control,Helpdesk général,2021-08-02,12:23:46,00:00:26
stefano.crapanzano@chu.ulg.ac.be,erpftp - Netop Remote Control,Helpdesk général,2021-08-02,12:24:21,00:01:31
stefano.crapanzano@chu.ulg.ac.be,erpftp - Netop Remote Control,Helpdesk général,2021-08-02,12:26:49,00:00:18
stefano.crapanzano@chu.ulg.ac.be,erpftp - Netop Remote Control,Helpdesk général,2021-08-02,12:27:13,00:02:18
stefano.crapanzano@chu.ulg.ac.be,erpftp - Netop Remote Control,Helpdesk général,2021-08-02,12:32:19,00:00:03
stefano.crapanzano@chu.ulg.ac.be,erpftp - Netop Remote Control,Helpdesk général,2021-08-02,12:33:02,00:00:33
stefano.crapanzano@chu.ulg.ac.be,erpftp - Netop Remote Control,Helpdesk général,2021-08-02,12:33:45,00:06:41
stefano.crapanzano@chu.ulg.ac.be,erpftp - Netop Remote Control,Helpdesk général,2021-08-02,12:46:03,00:00:31
stefano.crapanzano@chu.ulg.ac.be,erpftp - Netop Remote Control,Helpdesk général,2021-08-02,12:46:42,00:03:32
stefano.crapanzano@chu.ulg.ac.be,erpftp - Netop Remote Control,Helpdesk général,2021-08-02,12:51:27,00:00:08
stefano.crapanzano@chu.ulg.ac.be,erpftp - Netop Remote Control,Helpdesk général,2021-08-02,12:51:57,00:00:04
stefano.crapanzano@chu.ulg.ac.be,erpftp - Netop Remote Control,Helpdesk général,2021-08-02,12:52:11,00:00:02
stefano.crapanzano@chu.ulg.ac.be,erpftp - Netop Remote Control,Helpdesk général,2021-08-02,12:52:19,00:00:32
stefano.crapanzano@chu.ulg.ac.be,erpftp - Netop Remote Control,Helpdesk général,2021-08-02,12:56:38,00:00:13
stefano.crapanzano@chu.ulg.ac.be,erpftp - Netop Remote Control,Helpdesk général,2021-08-02,12:57:08,00:01:15
stefano.crapanzano@chu.ulg.ac.be,erpftp - Netop Remote Control,Helpdesk général,2021-08-02,12:58:32,00:04:07
stefano.crapanzano@chu.ulg.ac.be,erpftp - Netop Remote Control,Helpdesk général,2021-08-02,15:30:30,00:00:22
stefano.crapanzano@chu.ulg.ac.be,erpftp - Netop Remote Control,Helpdesk général,2021-08-02,15:31:18,00:00:03
stefano.crapanzano@chu.ulg.ac.be,erpftp - Netop Remote Control,Helpdesk général,2021-08-02,15:31:37,00:01:47
stefano.crapanzano@chu.ulg.ac.be,erpftp - Netop Remote Control,Helpdesk général,2021-08-02,15:33:42,00:02:17
stefano.crapanzano@chu.ulg.ac.be,erpftp - Netop Remote Control,Helpdesk général,2021-08-02,15:36:57,00:00:02
stefano.crapanzano@chu.ulg.ac.be,erpftp - Netop Remote Control,Helpdesk général,2021-08-02,16:29:35,00:00:14
stefano.crapanzano@chu.ulg.ac.be,erpftp - Netop Remote Control,Helpdesk général,2021-08-02,16:30:01,00:01:16
stefano.crapanzano@chu.ulg.ac.be,erpftp - Netop Remote Control,Helpdesk général,2021-08-02,16:33:19,00:00:09
stefano.crapanzano@chu.ulg.ac.be,erpftp - Netop Remote Control,Helpdesk général,2021-08-02,16:37:12,00:01:07
stefano.crapanzano@chu.ulg.ac.be,erpftp - Netop Remote Control,Helpdesk général,2021-08-02,16:40:03,00:00:08
stefano.crapanzano@chu.ulg.ac.be,erpftp - Netop Remote Control,Helpdesk général,2021-08-02,16:40:29,00:00:08
stefano.crapanzano@chu.ulg.ac.be,erpftp - Netop Remote Control,Helpdesk général,2021-08-02,16:51:07,00:00:02
stefano.crapanzano@chu.ulg.ac.be,Nouvel onglet - Google Chrome,Tâches diverses,2021-08-02,09:23:52,00:00:03
stefano.crapanzano@chu.ulg.ac.be,Nouvel onglet - Google Chrome,Tâches diverses,2021-08-02,10:19:35,00:00:08
stefano.crapanzano@chu.ulg.ac.be,Nouvel onglet - Google Chrome,Tâches diverses,2021-08-02,10:25:00,00:00:02
stefano.crapanzano@chu.ulg.ac.be,Nouvel onglet - Google Chrome,Tâches diverses,2021-08-02,10:25:51,00:00:03
stefano.crapanzano@chu.ulg.ac.be,Nouvel onglet - Google Chrome,Tâches diverses,2021-08-02,10:26:32,00:00:03
stefano.crapanzano@chu.ulg.ac.be,Nouvel onglet - Google Chrome,Tâches diverses,2021-08-02,10:30:26,00:00:02
stefano.crapanzano@chu.ulg.ac.be,Nouvel onglet - Google Chrome,Tâches diverses,2021-08-02,10:31:00,00:00:06
stefano.crapanzano@chu.ulg.ac.be,Nouvel onglet - Google Chrome,Tâches diverses,2021-08-02,10:31:16,00:00:06
stefano.crapanzano@chu.ulg.ac.be,Nouvel onglet - Google Chrome,Tâches diverses,2021-08-02,10:31:36,00:00:03
stefano.crapanzano@chu.ulg.ac.be,Nouvel onglet - Google Chrome,Tâches diverses,2021-08-02,10:47:52,00:00:03
stefano.crapanzano@chu.ulg.ac.be,Nouvel onglet - Google Chrome,Tâches diverses,2021-08-02,10:52:02,00:00:02
stefano.crapanzano@chu.ulg.ac.be,Nouvel onglet - Google Chrome,Tâches diverses,2021-08-02,10:52:13,00:00:02
stefano.crapanzano@chu.ulg.ac.be,Nouvel onglet - Google Chrome,Tâches diverses,2021-08-02,10:52:41,00:00:09
stefano.crapanzano@chu.ulg.ac.be,Nouvel onglet - Google Chrome,Tâches diverses,2021-08-02,10:58:58,00:00:04
stefano.crapanzano@chu.ulg.ac.be,Nouvel onglet - Google Chrome,Tâches diverses,2021-08-02,11:00:28,00:00:02
stefano.crapanzano@chu.ulg.ac.be,Nouvel onglet - Google Chrome,Tâches diverses,2021-08-02,11:21:10,00:00:03
stefano.crapanzano@chu.ulg.ac.be,Nouvel onglet - Google Chrome,Tâches diverses,2021-08-02,11:21:17,00:00:06
stefano.crapanzano@chu.ulg.ac.be,Nouvel onglet - Google Chrome,Tâches diverses,2021-08-02,11:25:09,00:00:02
stefano.crapanzano@chu.ulg.ac.be,Nouvel onglet - Google Chrome,Tâches diverses,2021-08-02,12:29:35,00:00:04
stefano.crapanzano@chu.ulg.ac.be,Nouvel onglet - Google Chrome,Tâches diverses,2021-08-02,16:15:04,00:00:02
stefano.crapanzano@chu.ulg.ac.be,Nouvel onglet - Google Chrome,Tâches diverses,2021-08-02,16:16:12,00:00:02
stefano.crapanzano@chu.ulg.ac.be,Nouvel onglet - Google Chrome,Tâches diverses,2021-08-02,16:19:58,00:00:04
stefano.crapanzano@chu.ulg.ac.be,Nouvel onglet - Google Chrome,Tâches diverses,2021-08-02,16:46:00,00:00:06
stefano.crapanzano@chu.ulg.ac.be,Nouvel onglet - Google Chrome,Tâches diverses,2021-08-02,16:50:02,00:00:04
stefano.crapanzano@chu.ulg.ac.be,Site administration | Django site admin - Google Chrome,Tâches diverses,2021-08-02,09:23:55,00:00:04
stefano.crapanzano@chu.ulg.ac.be,Site administration | Django site admin - Google Chrome,Tâches diverses,2021-08-02,09:24:04,00:00:05
stefano.crapanzano@chu.ulg.ac.be,Site administration | Django site admin - Google Chrome,Tâches diverses,2021-08-02,09:24:15,00:00:02
stefano.crapanzano@chu.ulg.ac.be,Site administration | Django site admin - Google Chrome,Tâches diverses,2021-08-02,10:19:49,00:00:02
stefano.crapanzano@chu.ulg.ac.be,Site administration | Django site admin - Google Chrome,Tâches diverses,2021-08-02,10:19:56,00:00:02
stefano.crapanzano@chu.ulg.ac.be,Site administration | Django site admin - Google Chrome,Tâches diverses,2021-08-02,10:20:02,00:00:03
stefano.crapanzano@chu.ulg.ac.be,Site administration | Django site admin - Google Chrome,Tâches diverses,2021-08-02,10:21:00,00:00:02
stefano.crapanzano@chu.ulg.ac.be,Site administration | Django site admin - Google Chrome,Tâches diverses,2021-08-02,10:30:15,00:00:02
stefano.crapanzano@chu.ulg.ac.be,Site administration | Django site admin - Google Chrome,Tâches diverses,2021-08-02,10:31:39,00:00:04
stefano.crapanzano@chu.ulg.ac.be,Site administration | Django site admin - Google Chrome,Tâches diverses,2021-08-02,10:52:15,00:00:03
stefano.crapanzano@chu.ulg.ac.be,Site administration | Django site admin - Google Chrome,Tâches diverses,2021-08-02,11:03:07,00:00:03
stefano.crapanzano@chu.ulg.ac.be,Site administration | Django site admin - Google Chrome,Tâches diverses,2021-08-02,11:04:02,00:00:02
stefano.crapanzano@chu.ulg.ac.be,Site administration | Django site admin - Google Chrome,Tâches diverses,2021-08-02,16:20:02,00:00:02
stefano.crapanzano@chu.ulg.ac.be,Select task result to change | Django site admin - Google Chrome,Tâches diverses,2021-08-02,09:24:00,00:00:03
stefano.crapanzano@chu.ulg.ac.be,Select task result to change | Django site admin - Google Chrome,Tâches diverses,2021-08-02,10:19:51,00:00:04
stefano.crapanzano@chu.ulg.ac.be,Select task result to change | Django site admin - Google Chrome,Tâches diverses,2021-08-02,10:20:06,00:00:46
stefano.crapanzano@chu.ulg.ac.be,Select task result to change | Django site admin - Google Chrome,Tâches diverses,2021-08-02,10:20:56,00:00:02
stefano.crapanzano@chu.ulg.ac.be,Select task result to change | Django site admin - Google Chrome,Tâches diverses,2021-08-02,10:29:24,00:00:16
stefano.crapanzano@chu.ulg.ac.be,Select task result to change | Django site admin - Google Chrome,Tâches diverses,2021-08-02,10:52:19,00:00:02
stefano.crapanzano@chu.ulg.ac.be,Select task result to change | Django site admin - Google Chrome,Tâches diverses,2021-08-02,11:03:04,00:00:03
stefano.crapanzano@chu.ulg.ac.be,Select task result to change | Django site admin - Google Chrome,Tâches diverses,2021-08-02,11:04:04,00:00:03
stefano.crapanzano@chu.ulg.ac.be,FixedHeader - Google Chrome,Tâches diverses,2021-08-02,10:30:51,00:00:04
stefano.crapanzano@chu.ulg.ac.be,C:\Users\c158492\Desktop\intrastat_previouscode_202108020940.sql - Notepad++ [Administrator],IT,2021-08-02,09:40:48,00:00:06
stefano.crapanzano@chu.ulg.ac.be,C:\Users\c158492\Desktop\intrastat_previouscode_202108020940.sql - Notepad++ [Administrator],IT,2021-08-02,10:00:43,00:00:38
stefano.crapanzano@chu.ulg.ac.be,C:\Users\c158492\Desktop\intrastat_previouscode_202108020940.sql - Notepad++ [Administrator],IT,2021-08-02,10:03:15,00:00:21
stefano.crapanzano@chu.ulg.ac.be,Select task to change | Django site admin - Google Chrome,Tâches diverses,2021-08-02,10:19:58,00:00:03
stefano.crapanzano@chu.ulg.ac.be,teamviewer - Recherche Google - Google Chrome,Tâches diverses,2021-08-02,10:25:55,00:00:02
stefano.crapanzano@chu.ulg.ac.be,Téléchargement de TeamViewer Windows pour la collaboration et l'accès à distance - Google Chrome,Tâches diverses,2021-08-02,10:25:57,00:00:08
stefano.crapanzano@chu.ulg.ac.be,Rédaction : Re: Fwd: télétravail - Thunderbird,Helpdesk général,2021-08-02,10:26:13,00:00:16
stefano.crapanzano@chu.ulg.ac.be,Rédaction : Re: Fwd: télétravail - Thunderbird,Helpdesk général,2021-08-02,10:27:24,00:00:14
stefano.crapanzano@chu.ulg.ac.be,Rédaction : Re: Fwd: télétravail - Thunderbird,Helpdesk général,2021-08-02,10:27:41,00:00:04
stefano.crapanzano@chu.ulg.ac.be,https://idp.uliege.be/simplesaml/saml2/idp/SSOService.php?SAMLRequest=hZJPTwIxEMW%2FyqZ3dpeFsNgACdmFhASVgHrwYuoySJPtHzuzKN%2FedlHBC17aZGZe5%2F1eOkKhasunDe31Gt4bQIo%2BVa2Rt40xa5zmRqBEroUC5FTxzfR2ybM45dYZMpWp2YXkukIggiNpNIsW5Zi99NJ0kPfzMu%2Fmw6KY5fN5ls1vemmvyGZ50S9Z9AQO%2FfyYebkXITaw0EhCky%2BlWbeTDjtp9pAOeTbgvf4zi0rPILWgVrUnssiTRG5t3NQS3iB%2BhQSlsjUEu0k4stBONpv7DbiDrCC2e8uiwmiEsOYaUHUa4lXjnL874WFZSWLR3LgK2lzHbCdqhOB%2B5QOQB%2FitTH%2FyCMsaBe7bweN6efaujnG1P5tXUNdGJ9YgrQFtMMAmo8DB23jc5LpQAYmtIDFKLjWj00e484SLcmU,Tâches diverses,2021-08-02,10:26:36,00:00:04
stefano.crapanzano@chu.ulg.ac.be,myCHU - Google Chrome,Tâches diverses,2021-08-02,10:26:44,00:00:37
stefano.crapanzano@chu.ulg.ac.be,myCHU - Google Chrome,Tâches diverses,2021-08-02,10:27:39,00:00:02
stefano.crapanzano@chu.ulg.ac.be,myCHU - Google Chrome,Tâches diverses,2021-08-02,10:27:54,00:00:06
stefano.crapanzano@chu.ulg.ac.be,Vérification de l’orthographe,Helpdesk général,2021-08-02,13:27:00,00:00:02
stefano.crapanzano@chu.ulg.ac.be,Vérification de l’orthographe,Helpdesk général,2021-08-02,16:35:41,00:00:02
stefano.crapanzano@chu.ulg.ac.be,Celery Results administration | Django site admin - Google Chrome,Tâches diverses,2021-08-02,10:29:48,00:00:02
stefano.crapanzano@chu.ulg.ac.be,Select import veiav task to change | Django site admin - Google Chrome,Tâches diverses,2021-08-02,10:31:44,00:00:04
stefano.crapanzano@chu.ulg.ac.be,Select import veiav task to change | Django site admin - Google Chrome,Tâches diverses,2021-08-02,10:45:26,00:00:02
stefano.crapanzano@chu.ulg.ac.be,Select import veiav task to change | Django site admin - Google Chrome,Tâches diverses,2021-08-02,10:45:56,00:00:02
stefano.crapanzano@chu.ulg.ac.be,Select import veiav task to change | Django site admin - Google Chrome,Tâches diverses,2021-08-02,10:46:13,00:00:02
stefano.crapanzano@chu.ulg.ac.be,Select import veiav task to change | Django site admin - Google Chrome,Tâches diverses,2021-08-02,10:46:18,00:00:02
stefano.crapanzano@chu.ulg.ac.be,Select import veiav task to change | Django site admin - Google Chrome,Tâches diverses,2021-08-02,10:46:30,00:00:02
stefano.crapanzano@chu.ulg.ac.be,Select import veiav task to change | Django site admin - Google Chrome,Tâches diverses,2021-08-02,10:51:47,00:00:04
stefano.crapanzano@chu.ulg.ac.be,Change import veiav task | Django site admin - Google Chrome,Tâches diverses,2021-08-02,10:31:49,00:00:03
stefano.crapanzano@chu.ulg.ac.be,OperationalError at /admin/intrastat/importveiavtask/2/change/ - Google Chrome,Tâches diverses,2021-08-02,10:31:52,00:00:03
stefano.crapanzano@chu.ulg.ac.be,OperationalError at /admin/intrastat/importveiavtask/2/change/ - Google Chrome,Tâches diverses,2021-08-02,10:41:54,00:03:23
stefano.crapanzano@chu.ulg.ac.be,OperationalError at /admin/intrastat/importveiavtask/2/change/ - Google Chrome,Tâches diverses,2021-08-02,10:45:24,00:00:02
stefano.crapanzano@chu.ulg.ac.be,Demandes - Service d'assistance - Google Chrome,Tâches diverses,2021-08-02,10:47:55,00:00:04
stefano.crapanzano@chu.ulg.ac.be,Demandes - Service d'assistance - Google Chrome,Tâches diverses,2021-08-02,10:48:36,00:00:03
stefano.crapanzano@chu.ulg.ac.be,Demandes - Service d'assistance - Google Chrome,Tâches diverses,2021-08-02,10:48:41,00:00:06
stefano.crapanzano@chu.ulg.ac.be,Demandes - Service d'assistance - Google Chrome,Tâches diverses,2021-08-02,12:21:21,00:00:02
stefano.crapanzano@chu.ulg.ac.be,Y_DVX_30000052 Testé sur 2021 Manque de notes de frais - Xperthis ERP4HC 2.0 Rollout - Service d'assistance - Google Chrome,Tâches diverses,2021-08-02,10:48:00,00:00:36
stefano.crapanzano@chu.ulg.ac.be,P203 CHU Problème dans proposition de paiement pour un fournisseur (PE2) - Xperthis ERP4HC 1.0 - Service d'assistance - Google Chrome,Tâches diverses,2021-08-02,10:48:47,00:01:47
stefano.crapanzano@chu.ulg.ac.be,P203 CHU Problème dans proposition de paiement pour un fournisseur (PE2) - Xperthis ERP4HC 1.0 - Service d'assistance - Google Chrome,Tâches diverses,2021-08-02,10:51:07,00:00:07
stefano.crapanzano@chu.ulg.ac.be,P203 CHU Problème dans proposition de paiement pour un fournisseur (PE2) - Xperthis ERP4HC 1.0 - Service d'assistance - Google Chrome,Tâches diverses,2021-08-02,10:51:55,00:00:03
stefano.crapanzano@chu.ulg.ac.be,P203 CHU Problème dans proposition de paiement pour un fournisseur (PE2) - Xperthis ERP4HC 1.0 - Service d'assistance - Google Chrome,Tâches diverses,2021-08-02,10:52:38,00:00:02
stefano.crapanzano@chu.ulg.ac.be,P203 CHU Problème dans proposition de paiement pour un fournisseur (PE2) - Xperthis ERP4HC 1.0 - Service d'assistance - Google Chrome,Tâches diverses,2021-08-02,11:25:04,00:00:04
stefano.crapanzano@chu.ulg.ac.be,P203 CHU Problème dans proposition de paiement pour un fournisseur (PE2) - Xperthis ERP4HC 1.0 - Service d'assistance - Google Chrome,Tâches diverses,2021-08-02,12:21:18,00:00:03
stefano.crapanzano@chu.ulg.ac.be,celery purge specific task - Recherche Google - Google Chrome,Tâches diverses,2021-08-02,10:52:50,00:00:02
stefano.crapanzano@chu.ulg.ac.be,celery purge specific task - Recherche Google - Google Chrome,Tâches diverses,2021-08-02,10:57:39,00:00:02
stefano.crapanzano@chu.ulg.ac.be,celery purge specific task - Recherche Google - Google Chrome,Tâches diverses,2021-08-02,10:57:54,00:00:13
stefano.crapanzano@chu.ulg.ac.be,celery purge specific task - Recherche Google - Google Chrome,Tâches diverses,2021-08-02,10:58:24,00:00:08
stefano.crapanzano@chu.ulg.ac.be,celery purge specific task - Recherche Google - Google Chrome,Tâches diverses,2021-08-02,10:58:41,00:00:04
stefano.crapanzano@chu.ulg.ac.be,Deleting all pending tasks in celery / rabbitmq - Stack Overflow - Google Chrome,Tâches diverses,2021-08-02,10:52:53,00:00:08
stefano.crapanzano@chu.ulg.ac.be,Deleting all pending tasks in celery / rabbitmq - Stack Overflow - Google Chrome,Tâches diverses,2021-08-02,10:54:39,00:00:04
stefano.crapanzano@chu.ulg.ac.be,Deleting all pending tasks in celery / rabbitmq - Stack Overflow - Google Chrome,Tâches diverses,2021-08-02,10:55:54,00:00:05
stefano.crapanzano@chu.ulg.ac.be,Deleting all pending tasks in celery / rabbitmq - Stack Overflow - Google Chrome,Tâches diverses,2021-08-02,10:56:10,00:00:03
stefano.crapanzano@chu.ulg.ac.be,Deleting all pending tasks in celery / rabbitmq - Stack Overflow - Google Chrome,Tâches diverses,2021-08-02,10:56:15,00:00:32
stefano.crapanzano@chu.ulg.ac.be,Deleting all pending tasks in celery / rabbitmq - Stack Overflow - Google Chrome,Tâches diverses,2021-08-02,10:56:53,00:00:02
stefano.crapanzano@chu.ulg.ac.be,Deleting all pending tasks in celery / rabbitmq - Stack Overflow - Google Chrome,Tâches diverses,2021-08-02,10:57:34,00:00:04
stefano.crapanzano@chu.ulg.ac.be,django - How to purge all tasks of a specific queue with celery in python? - Stack Overflow - Google Chrome,Tâches diverses,2021-08-02,10:57:43,00:00:10
stefano.crapanzano@chu.ulg.ac.be,Suppression de toutes les tâches en attente dans céleri / rabbitmq - Google Chrome,Tâches diverses,2021-08-02,10:58:07,00:00:16
stefano.crapanzano@chu.ulg.ac.be,How do I permanently remove a celery task from rabbitMQ? - Google Chrome,Tâches diverses,2021-08-02,10:58:32,00:00:08
stefano.crapanzano@chu.ulg.ac.be,Suppression de toutes les tâches en attente dans celery / rabbitmq - Google Chrome,Tâches diverses,2021-08-02,10:58:46,00:00:12
stefano.crapanzano@chu.ulg.ac.be,celery - Recherche Google - Google Chrome,Tâches diverses,2021-08-02,10:59:03,00:00:04
stefano.crapanzano@chu.ulg.ac.be,celery - Recherche Google - Google Chrome,Tâches diverses,2021-08-02,10:59:12,00:00:03
stefano.crapanzano@chu.ulg.ac.be,La version 5.0 de Celery  le framework de programmation distribuée en Python  est disponible avec une nouvelle implémentation CLI qui n'est pas complètement rétrocompatible - Google Chrome,Tâches diverses,2021-08-02,10:59:08,00:00:03
stefano.crapanzano@chu.ulg.ac.be,Celery - Distributed Task Queue — Celery 5.1.2 documentation - Google Chrome,Tâches diverses,2021-08-02,10:59:15,00:00:08
stefano.crapanzano@chu.ulg.ac.be,Search — Celery 5.1.2 documentation - Google Chrome,Tâches diverses,2021-08-02,10:59:24,00:00:06
stefano.crapanzano@chu.ulg.ac.be,Command Line Interface — Celery 5.1.2 documentation - Google Chrome,Tâches diverses,2021-08-02,10:59:30,00:00:19
stefano.crapanzano@chu.ulg.ac.be,Command Line Interface — Celery 5.1.2 documentation - Google Chrome,Tâches diverses,2021-08-02,11:24:54,00:00:02
stefano.crapanzano@chu.ulg.ac.be,Select user to change | Django site admin - Google Chrome,Tâches diverses,2021-08-02,11:03:11,00:00:03
stefano.crapanzano@chu.ulg.ac.be,Select user to change | Django site admin - Google Chrome,Tâches diverses,2021-08-02,16:34:06,00:00:06
stefano.crapanzano@chu.ulg.ac.be,Change user | Django site admin - Google Chrome,Tâches diverses,2021-08-02,11:03:14,00:00:06
stefano.crapanzano@chu.ulg.ac.be,Change user | Django site admin - Google Chrome,Tâches diverses,2021-08-02,11:03:58,00:00:02
stefano.crapanzano@chu.ulg.ac.be,Change user | Django site admin - Google Chrome,Tâches diverses,2021-08-02,16:34:12,00:00:05
stefano.crapanzano@chu.ulg.ac.be,Change user | Django site admin - Google Chrome,Tâches diverses,2021-08-02,16:34:21,00:00:04
stefano.crapanzano@chu.ulg.ac.be,Change user | Django site admin - Google Chrome,Tâches diverses,2021-08-02,16:34:28,00:00:07
stefano.crapanzano@chu.ulg.ac.be,Copy of TestUsers_X01-203 (CHU) V2.xlsx  [Mode protégé] - Excel,Tâches diverses,2021-08-02,11:10:37,00:00:02
stefano.crapanzano@chu.ulg.ac.be,Excel,Tâches diverses,2021-08-02,11:10:46,00:00:10
stefano.crapanzano@chu.ulg.ac.be,INTRASTAT_202105_v03_stefano.xlsx - Excel,Tâches diverses,2021-08-02,11:10:57,00:00:10
stefano.crapanzano@chu.ulg.ac.be,INTRASTAT_202105_v03_stefano.xlsx - Excel,Tâches diverses,2021-08-02,11:11:09,00:00:07
stefano.crapanzano@chu.ulg.ac.be,INTRASTAT_202105_v03_stefano.xlsx - Excel,Tâches diverses,2021-08-02,11:12:40,00:00:03
stefano.crapanzano@chu.ulg.ac.be,INTRASTAT_202105_v03_stefano.xlsx - Excel,Tâches diverses,2021-08-02,11:38:29,00:00:04
stefano.crapanzano@chu.ulg.ac.be,INTRASTAT_202105_v03_stefano.xlsx - Excel,Tâches diverses,2021-08-02,11:38:37,00:00:18
stefano.crapanzano@chu.ulg.ac.be,Gitea: Git with a cup of tea - Google Chrome,Tâches diverses,2021-08-02,11:21:23,00:00:02
stefano.crapanzano@chu.ulg.ac.be,Connexion - Gitea: Git with a cup of tea - Google Chrome,Tâches diverses,2021-08-02,11:21:26,00:00:07
stefano.crapanzano@chu.ulg.ac.be,c158492 - Tableau de bord - Gitea: Git with a cup of tea - Google Chrome,Tâches diverses,2021-08-02,11:21:33,00:00:02
stefano.crapanzano@chu.ulg.ac.be,c158492/intrastat_project - intrastat_project - Gitea: Git with a cup of tea - Google Chrome,Tâches diverses,2021-08-02,11:21:35,00:00:02
stefano.crapanzano@chu.ulg.ac.be,c158492/intrastat_project - intrastat_project - Gitea: Git with a cup of tea - Google Chrome,Tâches diverses,2021-08-02,11:21:40,00:01:01
stefano.crapanzano@chu.ulg.ac.be,correction typo · ac91264395 - intrastat_project - Gitea: Git with a cup of tea - Google Chrome,Tâches diverses,2021-08-02,11:21:38,00:00:02
stefano.crapanzano@chu.ulg.ac.be,test update codes · 697bcec848 - intrastat_project - Gitea: Git with a cup of tea - Google Chrome,Tâches diverses,2021-08-02,11:22:42,00:00:23
stefano.crapanzano@chu.ulg.ac.be,test update codes · 697bcec848 - intrastat_project - Gitea: Git with a cup of tea - Google Chrome,Tâches diverses,2021-08-02,11:23:25,00:00:15
stefano.crapanzano@chu.ulg.ac.be,Enregistrer sous,Tâches diverses,2021-08-02,11:38:55,00:00:09
stefano.crapanzano@chu.ulg.ac.be,INTRASTAT_202106_v01.xlsx - Excel,Tâches diverses,2021-08-02,11:39:05,00:00:04
stefano.crapanzano@chu.ulg.ac.be,INTRASTAT_202106_v01.xlsx - Excel,Tâches diverses,2021-08-02,11:39:13,00:00:04
stefano.crapanzano@chu.ulg.ac.be,INTRASTAT_202106_v01.xlsx - Excel,Tâches diverses,2021-08-02,11:39:26,00:00:04
stefano.crapanzano@chu.ulg.ac.be,INTRASTAT_202106_v01.xlsx - Excel,Helpdesk général,2021-08-02,11:39:41,00:00:35
stefano.crapanzano@chu.ulg.ac.be,INTRASTAT_202106_v01.xlsx - Excel,Tâches diverses,2021-08-02,11:40:48,00:03:47
stefano.crapanzano@chu.ulg.ac.be,INTRASTAT_202106_v01.xlsx - Excel,Tâches diverses,2021-08-02,11:44:37,00:00:04
stefano.crapanzano@chu.ulg.ac.be,INTRASTAT_202106_v01.xlsx - Excel,Tâches diverses,2021-08-02,11:44:44,00:00:04
stefano.crapanzano@chu.ulg.ac.be,INTRASTAT_202106_v01.xlsx - Excel,Tâches diverses,2021-08-02,11:44:50,00:00:05
stefano.crapanzano@chu.ulg.ac.be,INTRASTAT_202106_v01.xlsx - Excel,Tâches diverses,2021-08-02,11:44:57,00:00:04
stefano.crapanzano@chu.ulg.ac.be,INTRASTAT_202106_v01.xlsx - Excel,Tâches diverses,2021-08-02,11:45:03,00:00:05
stefano.crapanzano@chu.ulg.ac.be,INTRASTAT_202106_v01.xlsx - Excel,Tâches diverses,2021-08-02,11:45:10,00:00:04
stefano.crapanzano@chu.ulg.ac.be,INTRASTAT_202106_v01.xlsx - Excel,Tâches diverses,2021-08-02,11:45:16,00:00:05
stefano.crapanzano@chu.ulg.ac.be,INTRASTAT_202106_v01.xlsx - Excel,Tâches diverses,2021-08-02,11:45:23,00:00:04
stefano.crapanzano@chu.ulg.ac.be,INTRASTAT_202106_v01.xlsx - Excel,Tâches diverses,2021-08-02,11:45:30,00:00:04
stefano.crapanzano@chu.ulg.ac.be,INTRASTAT_202106_v01.xlsx - Excel,Tâches diverses,2021-08-02,11:45:36,00:00:04
stefano.crapanzano@chu.ulg.ac.be,INTRASTAT_202106_v01.xlsx - Excel,Tâches diverses,2021-08-02,11:45:43,00:00:04
stefano.crapanzano@chu.ulg.ac.be,INTRASTAT_202106_v01.xlsx - Excel,Tâches diverses,2021-08-02,11:45:49,00:00:05
stefano.crapanzano@chu.ulg.ac.be,INTRASTAT_202106_v01.xlsx - Excel,Tâches diverses,2021-08-02,11:45:56,00:00:04
stefano.crapanzano@chu.ulg.ac.be,INTRASTAT_202106_v01.xlsx - Excel,Tâches diverses,2021-08-02,11:46:02,00:00:05
stefano.crapanzano@chu.ulg.ac.be,INTRASTAT_202106_v01.xlsx - Excel,Tâches diverses,2021-08-02,11:46:09,00:00:04
stefano.crapanzano@chu.ulg.ac.be,INTRASTAT_202106_v01.xlsx - Excel,Tâches diverses,2021-08-02,11:46:15,00:00:05
stefano.crapanzano@chu.ulg.ac.be,INTRASTAT_202106_v01.xlsx - Excel,Tâches diverses,2021-08-02,11:46:22,00:00:04
stefano.crapanzano@chu.ulg.ac.be,INTRASTAT_202106_v01.xlsx - Excel,Tâches diverses,2021-08-02,11:46:29,00:00:04
stefano.crapanzano@chu.ulg.ac.be,INTRASTAT_202106_v01.xlsx - Excel,Tâches diverses,2021-08-02,11:46:35,00:00:04
stefano.crapanzano@chu.ulg.ac.be,INTRASTAT_202106_v01.xlsx - Excel,Tâches diverses,2021-08-02,11:46:42,00:00:04
stefano.crapanzano@chu.ulg.ac.be,INTRASTAT_202106_v01.xlsx - Excel,Tâches diverses,2021-08-02,11:46:48,00:00:59
stefano.crapanzano@chu.ulg.ac.be,INTRASTAT_202106_v01.xlsx - Excel,Tâches diverses,2021-08-02,11:50:48,00:00:12
stefano.crapanzano@chu.ulg.ac.be,INTRASTAT_202106_v01.xlsx - Excel,Tâches diverses,2021-08-02,13:03:04,00:00:09
stefano.crapanzano@chu.ulg.ac.be,INTRASTAT_202106_v01.xlsx - Excel,Tâches diverses,2021-08-02,13:03:16,00:00:56
stefano.crapanzano@chu.ulg.ac.be,INTRASTAT_202106_v01.xlsx - Excel,Tâches diverses,2021-08-02,13:41:28,00:00:36
stefano.crapanzano@chu.ulg.ac.be,INTRASTAT_202106_v01.xlsx - Excel,Tâches diverses,2021-08-02,13:42:06,00:00:26
stefano.crapanzano@chu.ulg.ac.be,INTRASTAT_202106_v01.xlsx - Excel,Tâches diverses,2021-08-02,13:42:34,00:00:02
stefano.crapanzano@chu.ulg.ac.be,INTRASTAT_202106_v01.xlsx - Excel,Tâches diverses,2021-08-02,13:42:38,00:00:03
stefano.crapanzano@chu.ulg.ac.be,INTRASTAT_202106_v01.xlsx - Excel,Tâches diverses,2021-08-02,13:42:43,00:00:04
stefano.crapanzano@chu.ulg.ac.be,INTRASTAT_202106_v01.xlsx - Excel,Tâches diverses,2021-08-02,13:42:51,00:00:28
stefano.crapanzano@chu.ulg.ac.be,Enregistrement en cours,Tâches diverses,2021-08-02,11:39:10,00:00:02
stefano.crapanzano@chu.ulg.ac.be,Enregistrement en cours,Tâches diverses,2021-08-02,13:43:20,00:00:02
stefano.crapanzano@chu.ulg.ac.be,Sélectionner le fichier Intrastat,Tâches diverses,2021-08-02,11:39:18,00:00:04
stefano.crapanzano@chu.ulg.ac.be,SAP,Exploration SAP,2021-08-02,12:20:14,00:00:02
stefano.crapanzano@chu.ulg.ac.be,SAP,Exploration SAP,2021-08-02,12:20:26,00:00:06
stefano.crapanzano@chu.ulg.ac.be,SAP,Exploration SAP,2021-08-02,12:20:36,00:00:02
stefano.crapanzano@chu.ulg.ac.be,SAP,Exploration SAP,2021-08-02,12:20:41,00:00:02
stefano.crapanzano@chu.ulg.ac.be,ZORGI Help Center - Service d'assistance - Google Chrome,Tâches diverses,2021-08-02,12:21:24,00:00:02
stefano.crapanzano@chu.ulg.ac.be,Xperthis ERP4HC 2.0 Rollout - Service d'assistance - Google Chrome,Tâches diverses,2021-08-02,12:21:26,00:00:02
stefano.crapanzano@chu.ulg.ac.be,Incident ERP for HealthCare - Xperthis ERP4HC 2.0 Rollout - Service d'assistance - Google Chrome,Tâches diverses,2021-08-02,12:21:29,00:00:51
stefano.crapanzano@chu.ulg.ac.be,UDM_DISPUTE pas accessible sur TE5 - Xperthis ERP4HC 2.0 Rollout - Service d'assistance - Google Chrome,Tâches diverses,2021-08-02,12:22:21,00:00:05
stefano.crapanzano@chu.ulg.ac.be,UDM_DISPUTE pas accessible sur TE5 - Xperthis ERP4HC 2.0 Rollout - Service d'assistance - Google Chrome,Tâches diverses,2021-08-02,12:23:32,00:00:02
stefano.crapanzano@chu.ulg.ac.be,UDM_DISPUTE pas accessible sur TE5 - Xperthis ERP4HC 2.0 Rollout - Service d'assistance - Google Chrome,Tâches diverses,2021-08-02,13:04:24,00:00:08
stefano.crapanzano@chu.ulg.ac.be,UDM_DISPUTE pas accessible sur TE5 - Xperthis ERP4HC 2.0 Rollout - Service d'assistance - Google Chrome,Tâches diverses,2021-08-02,13:04:35,00:00:26
stefano.crapanzano@chu.ulg.ac.be,UDM_DISPUTE pas accessible sur TE5 - Xperthis ERP4HC 2.0 Rollout - Service d'assistance - Google Chrome,Tâches diverses,2021-08-02,13:05:58,00:11:43
stefano.crapanzano@chu.ulg.ac.be,UDM_DISPUTE pas accessible sur TE5 - Xperthis ERP4HC 2.0 Rollout - Service d'assistance - Google Chrome,Tâches diverses,2021-08-02,13:17:46,00:00:02
stefano.crapanzano@chu.ulg.ac.be,Test ERP4HC2.0 - Mozilla Thunderbird,Helpdesk général,2021-08-02,12:22:30,00:00:02
stefano.crapanzano@chu.ulg.ac.be,Rédaction : Re: Test ERP4HC2.0 - Thunderbird,Helpdesk général,2021-08-02,12:22:32,00:00:54
stefano.crapanzano@chu.ulg.ac.be,Rédaction : Re: Test ERP4HC2.0 - Thunderbird,Helpdesk général,2021-08-02,13:05:27,00:00:26
stefano.crapanzano@chu.ulg.ac.be,django celery task logger - Recherche Google - Google Chrome,Tâches diverses,2021-08-02,12:29:40,00:00:06
stefano.crapanzano@chu.ulg.ac.be,django celery task logger - Recherche Google - Google Chrome,Tâches diverses,2021-08-02,12:30:33,00:00:10
stefano.crapanzano@chu.ulg.ac.be,python - Can I use the generic logging.Logger() in Celery tasks? - Stack Overflow - Google Chrome,Tâches diverses,2021-08-02,12:29:46,00:00:46
stefano.crapanzano@chu.ulg.ac.be,django celery logging not working - Recherche Google - Google Chrome,Tâches diverses,2021-08-02,12:30:44,00:00:02
stefano.crapanzano@chu.ulg.ac.be,django celery logging not working - Recherche Google - Google Chrome,Tâches diverses,2021-08-02,12:32:11,00:00:08
stefano.crapanzano@chu.ulg.ac.be,django celery logging not working - Recherche Google - Google Chrome,Tâches diverses,2021-08-02,12:32:23,00:00:06
stefano.crapanzano@chu.ulg.ac.be,django celery logging not working - Recherche Google - Google Chrome,Tâches diverses,2021-08-02,12:41:22,00:00:04
stefano.crapanzano@chu.ulg.ac.be,django celery logging not working - Recherche Google - Google Chrome,Tâches diverses,2021-08-02,12:42:20,00:00:03
stefano.crapanzano@chu.ulg.ac.be,django celery logging not working - Recherche Google - Google Chrome,Tâches diverses,2021-08-02,12:42:39,00:02:02
stefano.crapanzano@chu.ulg.ac.be,django celery logging not working - Recherche Google - Google Chrome,Helpdesk général,2021-08-02,12:46:35,00:00:02
stefano.crapanzano@chu.ulg.ac.be,django celery logging not working - Recherche Google - Google Chrome,Tâches diverses,2021-08-02,13:46:57,00:00:02
stefano.crapanzano@chu.ulg.ac.be,django celery logging not working - Recherche Google - Google Chrome,Tâches diverses,2021-08-02,13:52:53,00:00:06
stefano.crapanzano@chu.ulg.ac.be,django celery logging not working - Recherche Google - Google Chrome,Tâches diverses,2021-08-02,15:37:11,00:37:24
stefano.crapanzano@chu.ulg.ac.be,python - CELERY 4.0.2 doesn't log into the file - Stack Overflow - Google Chrome,Tâches diverses,2021-08-02,12:30:46,00:01:24
stefano.crapanzano@chu.ulg.ac.be,python - CELERY 4.0.2 doesn't log into the file - Stack Overflow - Google Chrome,Tâches diverses,2021-08-02,12:32:29,00:00:31
stefano.crapanzano@chu.ulg.ac.be,python - CELERY 4.0.2 doesn't log into the file - Stack Overflow - Google Chrome,Tâches diverses,2021-08-02,12:40:29,00:00:52
stefano.crapanzano@chu.ulg.ac.be,Logging in Celery and Django - wd and cc - Google Chrome,Tâches diverses,2021-08-02,12:41:27,00:00:52
stefano.crapanzano@chu.ulg.ac.be,Logging not working when calling task from another task · Issue #2337 · celery/celery · GitHub - Google Chrome,Tâches diverses,2021-08-02,12:42:23,00:00:15
stefano.crapanzano@chu.ulg.ac.be,Stefano CRAPANZANO - erp.sai@chuliege.be - Mozilla Thunderbird,Helpdesk général,2021-08-02,13:05:21,00:00:04
stefano.crapanzano@chu.ulg.ac.be,Stefano CRAPANZANO - erp.sai@chuliege.be - Mozilla Thunderbird,Helpdesk général,2021-08-02,13:21:32,00:00:03
stefano.crapanzano@chu.ulg.ac.be,Stefano CRAPANZANO - erp.sai@chuliege.be - Mozilla Thunderbird,Helpdesk général,2021-08-02,13:22:02,00:00:04
stefano.crapanzano@chu.ulg.ac.be,Envoyés - erp.sai@chuliege.be - Mozilla Thunderbird,Helpdesk général,2021-08-02,13:22:07,00:00:36
stefano.crapanzano@chu.ulg.ac.be,Envoyés - erp.sai@chuliege.be - Mozilla Thunderbird,Helpdesk général,2021-08-02,13:23:00,00:00:07
stefano.crapanzano@chu.ulg.ac.be,Envoyés - erp.sai@chuliege.be - Mozilla Thunderbird,Helpdesk général,2021-08-02,13:27:15,00:00:20
stefano.crapanzano@chu.ulg.ac.be,Envoyés - erp.sai@chuliege.be - Mozilla Thunderbird,Helpdesk général,2021-08-02,13:27:40,00:10:22
stefano.crapanzano@chu.ulg.ac.be,Envoyés - erp.sai@chuliege.be - Mozilla Thunderbird,Helpdesk général,2021-08-02,13:39:01,00:00:15
stefano.crapanzano@chu.ulg.ac.be,Envoyés - erp.sai@chuliege.be - Mozilla Thunderbird,Helpdesk général,2021-08-02,13:40:51,00:00:03
stefano.crapanzano@chu.ulg.ac.be,Envoyés - erp.sai@chuliege.be - Mozilla Thunderbird,Helpdesk général,2021-08-02,13:41:02,00:00:04
stefano.crapanzano@chu.ulg.ac.be,Envoyés - erp.sai@chuliege.be - Mozilla Thunderbird,Helpdesk général,2021-08-02,13:45:57,00:00:06
stefano.crapanzano@chu.ulg.ac.be,Envoyés - erp.sai@chuliege.be - Mozilla Thunderbird,Helpdesk général,2021-08-02,13:46:21,00:00:23
stefano.crapanzano@chu.ulg.ac.be,Envoyés - erp.sai@chuliege.be - Mozilla Thunderbird,Helpdesk général,2021-08-02,13:46:48,00:00:02
stefano.crapanzano@chu.ulg.ac.be,Envoyés - erp.sai@chuliege.be - Mozilla Thunderbird,Helpdesk général,2021-08-02,13:47:01,00:05:15
stefano.crapanzano@chu.ulg.ac.be,Envoyés - erp.sai@chuliege.be - Mozilla Thunderbird,Helpdesk général,2021-08-02,13:52:36,00:00:04
stefano.crapanzano@chu.ulg.ac.be,Envoyés - erp.sai@chuliege.be - Mozilla Thunderbird,Helpdesk général,2021-08-02,15:33:34,00:00:07
stefano.crapanzano@chu.ulg.ac.be,Envoyés - erp.sai@chuliege.be - Mozilla Thunderbird,Helpdesk général,2021-08-02,15:36:00,00:00:02
stefano.crapanzano@chu.ulg.ac.be,Envoyés - erp.sai@chuliege.be - Mozilla Thunderbird,Helpdesk général,2021-08-02,15:37:03,00:00:02
stefano.crapanzano@chu.ulg.ac.be,Envoyés - erp.sai@chuliege.be - Mozilla Thunderbird,Helpdesk général,2021-08-02,16:51:33,00:01:34
stefano.crapanzano@chu.ulg.ac.be,Envoyés - erp.sai@chuliege.be - Mozilla Thunderbird,Helpdesk général,2021-08-02,16:54:36,00:01:04
stefano.crapanzano@chu.ulg.ac.be,Ouverture de 202105.sdf,Helpdesk général,2021-08-02,13:22:43,00:00:02
stefano.crapanzano@chu.ulg.ac.be,C:\Users\c158492\AppData\Local\Temp\202105.sdf.txt - Notepad++ [Administrator],IT,2021-08-02,13:22:46,00:00:02
stefano.crapanzano@chu.ulg.ac.be,\\filesrv04.st.chulg\DSL\Achats\STATISTIQUES\Intrastat\DECLARATIONS\Déclarations 2021\envoyé\202105.sdf - Notepad++ [Administrator],IT,2021-08-02,13:22:52,00:00:03
stefano.crapanzano@chu.ulg.ac.be,Rédaction : (pas de sujet) - Thunderbird,Helpdesk général,2021-08-02,13:23:19,00:00:08
stefano.crapanzano@chu.ulg.ac.be,Rédaction : Intrastat juin - Thunderbird,Helpdesk général,2021-08-02,13:23:31,00:00:02
stefano.crapanzano@chu.ulg.ac.be,Rédaction : Intrastat 06/2021 - Thunderbird,Helpdesk général,2021-08-02,13:23:37,00:01:39
stefano.crapanzano@chu.ulg.ac.be,Rédaction : Intrastat 06/2021 - Thunderbird,Helpdesk général,2021-08-02,13:25:24,00:01:36
stefano.crapanzano@chu.ulg.ac.be,*C:\Users\c158492\Desktop\intrastat_previouscode_202108020940.sql - Notepad++ [Administrator],IT,2021-08-02,13:40:45,00:00:03
stefano.crapanzano@chu.ulg.ac.be,GOAL - LABO - Google Chrome,Tâches diverses,2021-08-02,16:15:15,00:00:26
stefano.crapanzano@chu.ulg.ac.be,GOAL - LABO - Google Chrome,Tâches diverses,2021-08-02,16:16:51,00:00:06
stefano.crapanzano@chu.ulg.ac.be,GOAL - LABO - Google Chrome,Tâches diverses,2021-08-02,16:38:22,00:00:59
stefano.crapanzano@chu.ulg.ac.be,GOAL - LABO - Google Chrome,Tâches diverses,2021-08-02,16:40:12,00:00:15
stefano.crapanzano@chu.ulg.ac.be,GOAL - LABO - Google Chrome,Helpdesk général,2021-08-02,16:40:37,00:00:59
stefano.crapanzano@chu.ulg.ac.be,GOAL - LABO - Google Chrome,Tâches diverses,2021-08-02,16:42:10,00:00:02
stefano.crapanzano@chu.ulg.ac.be,GOAL - LABO - Google Chrome,Tâches diverses,2021-08-02,16:42:38,00:00:04
stefano.crapanzano@chu.ulg.ac.be,GOAL - LABO - Google Chrome,Tâches diverses,2021-08-02,16:43:20,00:00:58
stefano.crapanzano@chu.ulg.ac.be,GOAL - LABO - Google Chrome,Tâches diverses,2021-08-02,16:48:31,00:00:32
stefano.crapanzano@chu.ulg.ac.be,GOAL - LABO - Google Chrome,Tâches diverses,2021-08-02,16:49:35,00:00:27
stefano.crapanzano@chu.ulg.ac.be,GOAL - LABO - Google Chrome,Tâches diverses,2021-08-02,16:50:36,00:00:29
stefano.crapanzano@chu.ulg.ac.be,GOAL - LABO - Google Chrome,Tâches diverses,2021-08-02,16:51:12,00:00:02
stefano.crapanzano@chu.ulg.ac.be,GOAL - LABO - Google Chrome,Tâches diverses,2021-08-02,16:53:59,00:00:06
stefano.crapanzano@chu.ulg.ac.be,AttributeError at /gestion-utilisateur/ - Google Chrome,Tâches diverses,2021-08-02,16:19:01,00:00:08
stefano.crapanzano@chu.ulg.ac.be,AttributeError at /gestion-utilisateur/ - Google Chrome,Tâches diverses,2021-08-02,16:19:26,00:00:12
stefano.crapanzano@chu.ulg.ac.be,AttributeError at /gestion-utilisateur/ - Google Chrome,Tâches diverses,2021-08-02,16:19:43,00:00:02
stefano.crapanzano@chu.ulg.ac.be,AttributeError at /gestion-utilisateur/ - Google Chrome,Tâches diverses,2021-08-02,16:19:47,00:00:02
stefano.crapanzano@chu.ulg.ac.be,AttributeError at /gestion-utilisateur/ - Google Chrome,Tâches diverses,2021-08-02,16:20:42,00:00:04
stefano.crapanzano@chu.ulg.ac.be,AttributeError at /gestion-utilisateur/ - Google Chrome,Tâches diverses,2021-08-02,16:20:50,00:02:11
stefano.crapanzano@chu.ulg.ac.be,AttributeError at /gestion-utilisateur/ - Google Chrome,Tâches diverses,2021-08-02,16:25:02,00:00:13
stefano.crapanzano@chu.ulg.ac.be,AttributeError at /gestion-utilisateur/ - Google Chrome,Tâches diverses,2021-08-02,16:25:48,00:00:57
stefano.crapanzano@chu.ulg.ac.be,AttributeError at /gestion-utilisateur/ - Google Chrome,Helpdesk général,2021-08-02,16:29:50,00:00:04
stefano.crapanzano@chu.ulg.ac.be,AttributeError at /gestion-utilisateur/ - Google Chrome,Tâches diverses,2021-08-02,16:33:30,00:00:02
stefano.crapanzano@chu.ulg.ac.be,Select role to change | Django site admin - Google Chrome,Tâches diverses,2021-08-02,16:20:05,00:00:04
stefano.crapanzano@chu.ulg.ac.be,Select role to change | Django site admin - Google Chrome,Tâches diverses,2021-08-02,16:34:01,00:00:03
stefano.crapanzano@chu.ulg.ac.be,Change role | Django site admin - Google Chrome,Tâches diverses,2021-08-02,16:20:10,00:00:03
stefano.crapanzano@chu.ulg.ac.be,403 Forbidden - Google Chrome,Tâches diverses,2021-08-02,16:33:32,00:00:03
stefano.crapanzano@chu.ulg.ac.be,Add groupe acheteur | Django site admin - Google Chrome,Tâches diverses,2021-08-02,16:34:26,00:00:02
stefano.crapanzano@chu.ulg.ac.be,Rédaction : Re: INTRASTAT - nouveau profil à créer - Thunderbird,Helpdesk général,2021-08-02,16:34:47,00:00:54
stefano.crapanzano@chu.ulg.ac.be,Administration du site | Site d’administration de Django - Google Chrome,Tâches diverses,2021-08-02,16:46:06,00:00:02
stefano.crapanzano@chu.ulg.ac.be,Administration du site | Site d’administration de Django - Google Chrome,Tâches diverses,2021-08-02,16:50:07,00:00:02
stefano.crapanzano@chu.ulg.ac.be,Sélectionnez l’objet utilisateur à changer | Site d’administration de Django - Google Chrome,Tâches diverses,2021-08-02,16:46:09,00:00:09
stefano.crapanzano@chu.ulg.ac.be,Sélectionnez l’objet utilisateur à changer | Site d’administration de Django - Google Chrome,Tâches diverses,2021-08-02,16:50:09,00:00:02
stefano.crapanzano@chu.ulg.ac.be,Modification de utilisateur | Site d’administration de Django - Google Chrome,Tâches diverses,2021-08-02,16:46:18,00:00:11
stefano.crapanzano@chu.ulg.ac.be,Modification de utilisateur | Site d’administration de Django - Google Chrome,Tâches diverses,2021-08-02,16:47:10,00:00:03
stefano.crapanzano@chu.ulg.ac.be,Modification de utilisateur | Site d’administration de Django - Google Chrome,Tâches diverses,2021-08-02,16:48:27,00:00:03
stefano.crapanzano@chu.ulg.ac.be,Modification de utilisateur | Site d’administration de Django - Google Chrome,Tâches diverses,2021-08-02,16:50:12,00:00:15
