Email,Description,Project,Start date,Start time,Duration
stefano.crapanzano@chu.ulg.ac.be,Administrateur : C:\Windows\System32\cmd.exe - python  main.py,IT,2021-03-24,08:33:47,00:00:02
stefano.crapanzano@chu.ulg.ac.be,Navigation système de fichier,IT,2021-03-24,08:46:25,00:00:02
stefano.crapanzano@chu.ulg.ac.be,Navigation système de fichier,IT,2021-03-24,09:09:07,00:00:02
stefano.crapanzano@chu.ulg.ac.be,Navigation système de fichier,IT,2021-03-24,09:09:36,00:00:02
stefano.crapanzano@chu.ulg.ac.be,Navigation système de fichier,IT,2021-03-24,09:09:39,00:00:04
stefano.crapanzano@chu.ulg.ac.be,Navigation système de fichier,IT,2021-03-24,09:11:24,00:00:04
stefano.crapanzano@chu.ulg.ac.be,Navigation système de fichier,IT,2021-03-24,09:14:24,00:00:05
stefano.crapanzano@chu.ulg.ac.be,Navigation système de fichier,IT,2021-03-24,09:15:36,00:00:02
stefano.crapanzano@chu.ulg.ac.be,Navigation système de fichier,IT,2021-03-24,09:26:28,00:00:04
stefano.crapanzano@chu.ulg.ac.be,Navigation système de fichier,IT,2021-03-24,09:27:19,00:00:02
stefano.crapanzano@chu.ulg.ac.be,Navigation système de fichier,IT,2021-03-24,09:27:51,00:00:14
stefano.crapanzano@chu.ulg.ac.be,Navigation système de fichier,IT,2021-03-24,09:28:12,00:00:02
stefano.crapanzano@chu.ulg.ac.be,Navigation système de fichier,IT,2021-03-24,09:39:16,00:00:06
stefano.crapanzano@chu.ulg.ac.be,Navigation système de fichier,IT,2021-03-24,09:39:42,00:00:21
stefano.crapanzano@chu.ulg.ac.be,Navigation système de fichier,IT,2021-03-24,09:43:44,00:00:02
stefano.crapanzano@chu.ulg.ac.be,Navigation système de fichier,IT,2021-03-24,09:43:48,00:00:05
stefano.crapanzano@chu.ulg.ac.be,Navigation système de fichier,IT,2021-03-24,09:46:26,00:00:03
stefano.crapanzano@chu.ulg.ac.be,Navigation système de fichier,IT,2021-03-24,10:00:00,00:00:02
stefano.crapanzano@chu.ulg.ac.be,Navigation système de fichier,IT,2021-03-24,10:01:02,00:00:04
stefano.crapanzano@chu.ulg.ac.be,Navigation système de fichier,IT,2021-03-24,10:01:14,00:00:12
stefano.crapanzano@chu.ulg.ac.be,Navigation système de fichier,IT,2021-03-24,10:02:38,00:00:03
stefano.crapanzano@chu.ulg.ac.be,Navigation système de fichier,IT,2021-03-24,10:02:46,00:00:28
stefano.crapanzano@chu.ulg.ac.be,Navigation système de fichier,IT,2021-03-24,10:03:57,00:00:03
stefano.crapanzano@chu.ulg.ac.be,Navigation système de fichier,IT,2021-03-24,10:17:04,00:00:04
stefano.crapanzano@chu.ulg.ac.be,Navigation système de fichier,IT,2021-03-24,10:18:55,00:00:02
stefano.crapanzano@chu.ulg.ac.be,Navigation système de fichier,IT,2021-03-24,10:22:30,00:00:04
stefano.crapanzano@chu.ulg.ac.be,Navigation système de fichier,IT,2021-03-24,10:24:21,00:00:03
stefano.crapanzano@chu.ulg.ac.be,Navigation système de fichier,IT,2021-03-24,10:25:51,00:00:03
stefano.crapanzano@chu.ulg.ac.be,Navigation système de fichier,IT,2021-03-24,10:26:22,00:00:16
stefano.crapanzano@chu.ulg.ac.be,Navigation système de fichier,IT,2021-03-24,10:28:53,00:00:14
stefano.crapanzano@chu.ulg.ac.be,Navigation système de fichier,IT,2021-03-24,10:29:19,00:00:02
stefano.crapanzano@chu.ulg.ac.be,Navigation système de fichier,IT,2021-03-24,10:30:39,00:00:57
stefano.crapanzano@chu.ulg.ac.be,Navigation système de fichier,IT,2021-03-24,10:31:45,00:00:17
stefano.crapanzano@chu.ulg.ac.be,Navigation système de fichier,IT,2021-03-24,10:32:05,00:00:28
stefano.crapanzano@chu.ulg.ac.be,Navigation système de fichier,IT,2021-03-24,10:33:18,00:00:05
stefano.crapanzano@chu.ulg.ac.be,Navigation système de fichier,IT,2021-03-24,10:34:26,00:00:43
stefano.crapanzano@chu.ulg.ac.be,Navigation système de fichier,IT,2021-03-24,10:35:22,00:00:05
stefano.crapanzano@chu.ulg.ac.be,Navigation système de fichier,IT,2021-03-24,10:40:52,00:00:08
stefano.crapanzano@chu.ulg.ac.be,Navigation système de fichier,IT,2021-03-24,10:41:20,00:00:03
stefano.crapanzano@chu.ulg.ac.be,Navigation système de fichier,IT,2021-03-24,10:50:34,00:00:19
stefano.crapanzano@chu.ulg.ac.be,Navigation système de fichier,IT,2021-03-24,10:51:01,00:00:24
stefano.crapanzano@chu.ulg.ac.be,Navigation système de fichier,IT,2021-03-24,10:54:27,00:00:04
stefano.crapanzano@chu.ulg.ac.be,Navigation système de fichier,IT,2021-03-24,10:54:43,00:00:02
stefano.crapanzano@chu.ulg.ac.be,Navigation système de fichier,IT,2021-03-24,10:55:15,00:00:23
stefano.crapanzano@chu.ulg.ac.be,Navigation système de fichier,IT,2021-03-24,10:57:42,00:00:21
stefano.crapanzano@chu.ulg.ac.be,Navigation système de fichier,IT,2021-03-24,10:58:13,00:00:11
stefano.crapanzano@chu.ulg.ac.be,Navigation système de fichier,IT,2021-03-24,10:58:33,00:00:04
stefano.crapanzano@chu.ulg.ac.be,Navigation système de fichier,IT,2021-03-24,10:59:48,00:00:03
stefano.crapanzano@chu.ulg.ac.be,Navigation système de fichier,IT,2021-03-24,11:01:07,00:00:02
stefano.crapanzano@chu.ulg.ac.be,Navigation système de fichier,IT,2021-03-24,11:02:01,00:00:18
stefano.crapanzano@chu.ulg.ac.be,Navigation système de fichier,IT,2021-03-24,11:03:29,00:00:07
stefano.crapanzano@chu.ulg.ac.be,Navigation système de fichier,IT,2021-03-24,11:10:03,00:00:02
stefano.crapanzano@chu.ulg.ac.be,Navigation système de fichier,IT,2021-03-24,11:12:44,00:00:12
stefano.crapanzano@chu.ulg.ac.be,Navigation système de fichier,IT,2021-03-24,11:13:50,00:00:02
stefano.crapanzano@chu.ulg.ac.be,Navigation système de fichier,IT,2021-03-24,11:14:00,00:00:38
stefano.crapanzano@chu.ulg.ac.be,Navigation système de fichier,IT,2021-03-24,11:19:59,00:00:02
stefano.crapanzano@chu.ulg.ac.be,Navigation système de fichier,IT,2021-03-24,11:37:11,00:00:05
stefano.crapanzano@chu.ulg.ac.be,Navigation système de fichier,IT,2021-03-24,11:42:31,00:00:02
stefano.crapanzano@chu.ulg.ac.be,Navigation système de fichier,IT,2021-03-24,11:51:05,00:00:04
stefano.crapanzano@chu.ulg.ac.be,Navigation système de fichier,IT,2021-03-24,11:51:52,00:00:05
stefano.crapanzano@chu.ulg.ac.be,Navigation système de fichier,IT,2021-03-24,11:54:07,00:00:02
stefano.crapanzano@chu.ulg.ac.be,Navigation système de fichier,IT,2021-03-24,12:02:08,00:00:02
stefano.crapanzano@chu.ulg.ac.be,Navigation système de fichier,IT,2021-03-24,12:03:47,00:00:03
stefano.crapanzano@chu.ulg.ac.be,Navigation système de fichier,IT,2021-03-24,12:04:07,00:00:02
stefano.crapanzano@chu.ulg.ac.be,Navigation système de fichier,IT,2021-03-24,12:07:35,00:00:02
stefano.crapanzano@chu.ulg.ac.be,Navigation système de fichier,IT,2021-03-24,12:09:22,00:00:02
stefano.crapanzano@chu.ulg.ac.be,Navigation système de fichier,IT,2021-03-24,12:13:02,00:00:09
stefano.crapanzano@chu.ulg.ac.be,Navigation système de fichier,IT,2021-03-24,12:13:20,00:00:13
stefano.crapanzano@chu.ulg.ac.be,Navigation système de fichier,IT,2021-03-24,12:16:24,00:00:02
stefano.crapanzano@chu.ulg.ac.be,Navigation système de fichier,IT,2021-03-24,12:19:47,00:00:03
stefano.crapanzano@chu.ulg.ac.be,Navigation système de fichier,IT,2021-03-24,12:22:51,00:00:02
stefano.crapanzano@chu.ulg.ac.be,Navigation système de fichier,IT,2021-03-24,12:23:00,00:00:02
stefano.crapanzano@chu.ulg.ac.be,Navigation système de fichier,IT,2021-03-24,12:26:21,00:00:05
stefano.crapanzano@chu.ulg.ac.be,Navigation système de fichier,IT,2021-03-24,12:30:21,00:00:02
stefano.crapanzano@chu.ulg.ac.be,Navigation système de fichier,IT,2021-03-24,12:34:21,00:00:02
stefano.crapanzano@chu.ulg.ac.be,Navigation système de fichier,IT,2021-03-24,12:34:59,00:00:02
stefano.crapanzano@chu.ulg.ac.be,Boîte de réception - erp.sai@chuliege.be - Outlook,Helpdesk général,2021-03-24,08:33:50,00:00:27
stefano.crapanzano@chu.ulg.ac.be,Boîte de réception - erp.sai@chuliege.be - Outlook,Helpdesk général,2021-03-24,08:34:51,00:03:24
stefano.crapanzano@chu.ulg.ac.be,Boîte de réception - erp.sai@chuliege.be - Outlook,Helpdesk général,2021-03-24,08:40:03,00:00:19
stefano.crapanzano@chu.ulg.ac.be,Boîte de réception - erp.sai@chuliege.be - Outlook,Helpdesk général,2021-03-24,08:40:53,00:00:09
stefano.crapanzano@chu.ulg.ac.be,Boîte de réception - erp.sai@chuliege.be - Outlook,Helpdesk général,2021-03-24,09:12:26,00:00:13
stefano.crapanzano@chu.ulg.ac.be,Boîte de réception - erp.sai@chuliege.be - Outlook,Helpdesk général,2021-03-24,09:13:27,00:00:56
stefano.crapanzano@chu.ulg.ac.be,Boîte de réception - erp.sai@chuliege.be - Outlook,Helpdesk général,2021-03-24,09:14:31,00:00:02
stefano.crapanzano@chu.ulg.ac.be,Boîte de réception - erp.sai@chuliege.be - Outlook,Helpdesk général,2021-03-24,09:14:53,00:00:04
stefano.crapanzano@chu.ulg.ac.be,Boîte de réception - erp.sai@chuliege.be - Outlook,Helpdesk général,2021-03-24,09:15:39,00:00:20
stefano.crapanzano@chu.ulg.ac.be,Boîte de réception - erp.sai@chuliege.be - Outlook,Helpdesk général,2021-03-24,09:16:10,00:00:19
stefano.crapanzano@chu.ulg.ac.be,Boîte de réception - erp.sai@chuliege.be - Outlook,Helpdesk général,2021-03-24,09:16:42,00:00:02
stefano.crapanzano@chu.ulg.ac.be,Boîte de réception - erp.sai@chuliege.be - Outlook,Tâches diverses,2021-03-24,09:16:53,00:01:18
stefano.crapanzano@chu.ulg.ac.be,Boîte de réception - erp.sai@chuliege.be - Outlook,Helpdesk général,2021-03-24,09:19:54,00:00:02
stefano.crapanzano@chu.ulg.ac.be,Boîte de réception - erp.sai@chuliege.be - Outlook,Helpdesk général,2021-03-24,09:22:31,00:03:54
stefano.crapanzano@chu.ulg.ac.be,Boîte de réception - erp.sai@chuliege.be - Outlook,Helpdesk général,2021-03-24,09:26:33,00:00:45
stefano.crapanzano@chu.ulg.ac.be,Boîte de réception - erp.sai@chuliege.be - Outlook,Helpdesk général,2021-03-24,09:27:24,00:00:26
stefano.crapanzano@chu.ulg.ac.be,Boîte de réception - erp.sai@chuliege.be - Outlook,Helpdesk général,2021-03-24,09:31:20,00:00:42
stefano.crapanzano@chu.ulg.ac.be,Boîte de réception - erp.sai@chuliege.be - Outlook,Helpdesk général,2021-03-24,09:33:54,00:00:32
stefano.crapanzano@chu.ulg.ac.be,Boîte de réception - erp.sai@chuliege.be - Outlook,Helpdesk général,2021-03-24,09:36:24,00:00:02
stefano.crapanzano@chu.ulg.ac.be,Boîte de réception - erp.sai@chuliege.be - Outlook,Helpdesk général,2021-03-24,09:36:29,00:00:09
stefano.crapanzano@chu.ulg.ac.be,Boîte de réception - erp.sai@chuliege.be - Outlook,Helpdesk général,2021-03-24,09:37:12,00:00:14
stefano.crapanzano@chu.ulg.ac.be,Boîte de réception - erp.sai@chuliege.be - Outlook,Helpdesk général,2021-03-24,09:37:29,00:00:56
stefano.crapanzano@chu.ulg.ac.be,Boîte de réception - erp.sai@chuliege.be - Outlook,Helpdesk général,2021-03-24,09:41:57,00:01:07
stefano.crapanzano@chu.ulg.ac.be,Boîte de réception - erp.sai@chuliege.be - Outlook,Helpdesk général,2021-03-24,09:43:06,00:00:38
stefano.crapanzano@chu.ulg.ac.be,Boîte de réception - erp.sai@chuliege.be - Outlook,Helpdesk général,2021-03-24,10:00:03,00:00:03
stefano.crapanzano@chu.ulg.ac.be,Boîte de réception - erp.sai@chuliege.be - Outlook,Helpdesk général,2021-03-24,10:21:50,00:00:02
stefano.crapanzano@chu.ulg.ac.be,Boîte de réception - erp.sai@chuliege.be - Outlook,Helpdesk général,2021-03-24,10:24:52,00:00:16
stefano.crapanzano@chu.ulg.ac.be,Boîte de réception - erp.sai@chuliege.be - Outlook,Helpdesk général,2021-03-24,10:28:36,00:00:16
stefano.crapanzano@chu.ulg.ac.be,Boîte de réception - erp.sai@chuliege.be - Outlook,Helpdesk général,2021-03-24,10:29:07,00:00:09
stefano.crapanzano@chu.ulg.ac.be,Boîte de réception - erp.sai@chuliege.be - Outlook,Helpdesk général,2021-03-24,10:29:23,00:00:08
stefano.crapanzano@chu.ulg.ac.be,Boîte de réception - erp.sai@chuliege.be - Outlook,Helpdesk général,2021-03-24,10:29:38,00:00:02
stefano.crapanzano@chu.ulg.ac.be,Boîte de réception - erp.sai@chuliege.be - Outlook,Helpdesk général,2021-03-24,10:31:36,00:00:08
stefano.crapanzano@chu.ulg.ac.be,Boîte de réception - erp.sai@chuliege.be - Outlook,Helpdesk général,2021-03-24,10:32:33,00:00:37
stefano.crapanzano@chu.ulg.ac.be,Boîte de réception - erp.sai@chuliege.be - Outlook,Helpdesk général,2021-03-24,10:33:12,00:00:05
stefano.crapanzano@chu.ulg.ac.be,Boîte de réception - erp.sai@chuliege.be - Outlook,Helpdesk général,2021-03-24,10:33:23,00:00:04
stefano.crapanzano@chu.ulg.ac.be,Boîte de réception - erp.sai@chuliege.be - Outlook,Helpdesk général,2021-03-24,10:34:10,00:00:08
stefano.crapanzano@chu.ulg.ac.be,Boîte de réception - erp.sai@chuliege.be - Outlook,Helpdesk général,2021-03-24,10:35:13,00:00:04
stefano.crapanzano@chu.ulg.ac.be,Boîte de réception - erp.sai@chuliege.be - Outlook,Helpdesk général,2021-03-24,11:08:18,00:00:08
stefano.crapanzano@chu.ulg.ac.be,Boîte de réception - erp.sai@chuliege.be - Outlook,Helpdesk général,2021-03-24,11:42:33,00:05:46
stefano.crapanzano@chu.ulg.ac.be,Boîte de réception - erp.sai@chuliege.be - Outlook,Helpdesk général,2021-03-24,11:48:41,00:01:10
stefano.crapanzano@chu.ulg.ac.be,Lecture documentation,Tâches diverses,2021-03-24,08:34:19,00:00:32
stefano.crapanzano@chu.ulg.ac.be,Lecture documentation,Tâches diverses,2021-03-24,08:40:23,00:00:30
stefano.crapanzano@chu.ulg.ac.be,Lecture documentation,Tâches diverses,2021-03-24,08:46:02,00:00:21
stefano.crapanzano@chu.ulg.ac.be,Lecture documentation,Tâches diverses,2021-03-24,08:52:22,00:00:14
stefano.crapanzano@chu.ulg.ac.be,Lecture documentation,Tâches diverses,2021-03-24,10:29:31,00:00:02
stefano.crapanzano@chu.ulg.ac.be,Lecture documentation,Tâches diverses,2021-03-24,10:29:34,00:00:03
stefano.crapanzano@chu.ulg.ac.be,Lecture documentation,Tâches diverses,2021-03-24,10:29:40,00:00:52
stefano.crapanzano@chu.ulg.ac.be,Lecture documentation,Tâches diverses,2021-03-24,10:40:22,00:00:14
stefano.crapanzano@chu.ulg.ac.be,Lecture documentation,Tâches diverses,2021-03-24,10:41:07,00:00:10
stefano.crapanzano@chu.ulg.ac.be,Lecture documentation,Tâches diverses,2021-03-24,10:44:14,00:00:19
stefano.crapanzano@chu.ulg.ac.be,Lecture documentation,Tâches diverses,2021-03-24,10:45:57,00:00:10
stefano.crapanzano@chu.ulg.ac.be,Lecture documentation,Tâches diverses,2021-03-24,10:48:49,00:00:12
stefano.crapanzano@chu.ulg.ac.be,Lecture documentation,Tâches diverses,2021-03-24,10:49:45,00:00:10
stefano.crapanzano@chu.ulg.ac.be,Lecture documentation,Tâches diverses,2021-03-24,10:50:00,00:00:18
stefano.crapanzano@chu.ulg.ac.be,Lecture documentation,Tâches diverses,2021-03-24,10:50:22,00:00:12
stefano.crapanzano@chu.ulg.ac.be,Lecture documentation,Tâches diverses,2021-03-24,10:50:54,00:00:06
stefano.crapanzano@chu.ulg.ac.be,Lecture documentation,Tâches diverses,2021-03-24,10:57:19,00:00:04
stefano.crapanzano@chu.ulg.ac.be,Lecture documentation,Tâches diverses,2021-03-24,10:59:07,00:00:19
stefano.crapanzano@chu.ulg.ac.be,Lecture documentation,Tâches diverses,2021-03-24,11:00:20,00:00:47
stefano.crapanzano@chu.ulg.ac.be,Lecture documentation,Tâches diverses,2021-03-24,11:01:11,00:00:48
stefano.crapanzano@chu.ulg.ac.be,Lecture documentation,Tâches diverses,2021-03-24,11:48:20,00:00:21
stefano.crapanzano@chu.ulg.ac.be,Lecture documentation,Tâches diverses,2021-03-24,12:20:23,00:01:34
stefano.crapanzano@chu.ulg.ac.be,RE: nouvel accès via SSO à goal.chuliege.be - Message (HTML),Helpdesk général,2021-03-24,08:38:15,00:01:44
stefano.crapanzano@chu.ulg.ac.be,Orthographe : Français (Belgique),Helpdesk général,2021-03-24,08:40:00,00:00:02
stefano.crapanzano@chu.ulg.ac.be,Boîte de Réception - Zimbra - Stefano Crapanzano - Outlook,Helpdesk général,2021-03-24,08:41:03,00:04:14
stefano.crapanzano@chu.ulg.ac.be,Boîte de Réception - Zimbra - Stefano Crapanzano - Outlook,Helpdesk général,2021-03-24,08:49:58,00:00:03
stefano.crapanzano@chu.ulg.ac.be,Boîte de Réception - Zimbra - Stefano Crapanzano - Outlook,Helpdesk général,2021-03-24,09:18:11,00:00:02
stefano.crapanzano@chu.ulg.ac.be,Boîte de Réception - Zimbra - Stefano Crapanzano - Outlook,Helpdesk général,2021-03-24,09:19:16,00:00:26
stefano.crapanzano@chu.ulg.ac.be,Boîte de Réception - Zimbra - Stefano Crapanzano - Outlook,Helpdesk général,2021-03-24,09:19:49,00:00:04
stefano.crapanzano@chu.ulg.ac.be,Boîte de Réception - Zimbra - Stefano Crapanzano - Outlook,Helpdesk général,2021-03-24,09:19:56,00:01:20
stefano.crapanzano@chu.ulg.ac.be,Boîte de Réception - Zimbra - Stefano Crapanzano - Outlook,Helpdesk général,2021-03-24,09:21:29,00:00:20
stefano.crapanzano@chu.ulg.ac.be,Boîte de Réception - Zimbra - Stefano Crapanzano - Outlook,Helpdesk général,2021-03-24,09:22:01,00:00:24
stefano.crapanzano@chu.ulg.ac.be,Boîte de Réception - Zimbra - Stefano Crapanzano - Outlook,Helpdesk général,2021-03-24,09:22:29,00:00:02
stefano.crapanzano@chu.ulg.ac.be,Boîte de Réception - Zimbra - Stefano Crapanzano - Outlook,Helpdesk général,2021-03-24,09:36:26,00:00:02
stefano.crapanzano@chu.ulg.ac.be,Boîte de Réception - Zimbra - Stefano Crapanzano - Outlook,Helpdesk général,2021-03-24,10:00:06,00:00:04
stefano.crapanzano@chu.ulg.ac.be,Boîte de Réception - Zimbra - Stefano Crapanzano - Outlook,Helpdesk général,2021-03-24,10:00:52,00:00:02
stefano.crapanzano@chu.ulg.ac.be,Boîte de Réception - Zimbra - Stefano Crapanzano - Outlook,Helpdesk général,2021-03-24,10:33:28,00:00:39
stefano.crapanzano@chu.ulg.ac.be,Boîte de Réception - Zimbra - Stefano Crapanzano - Outlook,Helpdesk général,2021-03-24,10:34:18,00:00:03
stefano.crapanzano@chu.ulg.ac.be,Boîte de Réception - Zimbra - Stefano Crapanzano - Outlook,Helpdesk général,2021-03-24,10:35:10,00:00:03
stefano.crapanzano@chu.ulg.ac.be,Boîte de Réception - Zimbra - Stefano Crapanzano - Outlook,Helpdesk général,2021-03-24,11:49:52,00:00:06
stefano.crapanzano@chu.ulg.ac.be,RE: Template Usage Glims - Message (HTML),Helpdesk général,2021-03-24,08:45:17,00:00:44
stefano.crapanzano@chu.ulg.ac.be,RE: Template Usage Glims - Message (HTML),Helpdesk général,2021-03-24,09:55:59,00:04:01
stefano.crapanzano@chu.ulg.ac.be,RE: Template Usage Glims - Message (HTML),Helpdesk général,2021-03-24,10:18:58,00:00:04
stefano.crapanzano@chu.ulg.ac.be,Netop Invité,Helpdesk général,2021-03-24,08:46:27,00:00:04
stefano.crapanzano@chu.ulg.ac.be,Netop Invité,Helpdesk général,2021-03-24,08:50:24,00:00:03
stefano.crapanzano@chu.ulg.ac.be,Netop Invité,Helpdesk général,2021-03-24,08:52:37,00:00:02
stefano.crapanzano@chu.ulg.ac.be,Netop Invité,Helpdesk général,2021-03-24,09:38:31,00:00:04
stefano.crapanzano@chu.ulg.ac.be,Netop Invité,Helpdesk général,2021-03-24,09:41:53,00:00:03
stefano.crapanzano@chu.ulg.ac.be,Netop Invité,Helpdesk général,2021-03-24,09:43:46,00:00:02
stefano.crapanzano@chu.ulg.ac.be,Netop Invité,Helpdesk général,2021-03-24,10:41:33,00:00:03
stefano.crapanzano@chu.ulg.ac.be,Netop Invité,Helpdesk général,2021-03-24,12:04:49,00:00:03
stefano.crapanzano@chu.ulg.ac.be,Connexion à l'aide de l'authentification Windows,Helpdesk général,2021-03-24,08:46:33,00:00:03
stefano.crapanzano@chu.ulg.ac.be,Connexion à l'aide de l'authentification Windows,Helpdesk général,2021-03-24,08:50:27,00:00:02
stefano.crapanzano@chu.ulg.ac.be,Connexion à l'aide de l'authentification Windows,Helpdesk général,2021-03-24,08:52:39,00:00:02
stefano.crapanzano@chu.ulg.ac.be,Connexion à l'aide de l'authentification Windows,Helpdesk général,2021-03-24,09:38:37,00:00:03
stefano.crapanzano@chu.ulg.ac.be,Connexion à l'aide de l'authentification Windows,Helpdesk général,2021-03-24,10:41:38,00:00:02
stefano.crapanzano@chu.ulg.ac.be,Connexion à l'aide de l'authentification Windows,Helpdesk général,2021-03-24,12:04:54,00:00:02
stefano.crapanzano@chu.ulg.ac.be,erpftp - Netop Remote Control,Helpdesk général,2021-03-24,08:46:38,00:03:19
stefano.crapanzano@chu.ulg.ac.be,erpftp - Netop Remote Control,Helpdesk général,2021-03-24,08:50:31,00:00:12
stefano.crapanzano@chu.ulg.ac.be,erpftp - Netop Remote Control,Helpdesk général,2021-03-24,08:51:08,00:01:14
stefano.crapanzano@chu.ulg.ac.be,erpftp - Netop Remote Control,Helpdesk général,2021-03-24,08:52:43,00:03:52
stefano.crapanzano@chu.ulg.ac.be,erpftp - Netop Remote Control,Helpdesk général,2021-03-24,08:56:58,00:01:31
stefano.crapanzano@chu.ulg.ac.be,erpftp - Netop Remote Control,Helpdesk général,2021-03-24,08:58:36,00:00:20
stefano.crapanzano@chu.ulg.ac.be,erpftp - Netop Remote Control,Helpdesk général,2021-03-24,08:58:58,00:00:14
stefano.crapanzano@chu.ulg.ac.be,erpftp - Netop Remote Control,Helpdesk général,2021-03-24,09:01:19,00:02:32
stefano.crapanzano@chu.ulg.ac.be,erpftp - Netop Remote Control,Helpdesk général,2021-03-24,09:03:53,00:05:14
stefano.crapanzano@chu.ulg.ac.be,erpftp - Netop Remote Control,Helpdesk général,2021-03-24,09:09:43,00:00:31
stefano.crapanzano@chu.ulg.ac.be,erpftp - Netop Remote Control,Helpdesk général,2021-03-24,10:41:42,00:00:10
stefano.crapanzano@chu.ulg.ac.be,erpftp - Netop Remote Control,Helpdesk général,2021-03-24,10:42:05,00:01:15
stefano.crapanzano@chu.ulg.ac.be,erpftp - Netop Remote Control,Helpdesk général,2021-03-24,12:04:58,00:00:56
stefano.crapanzano@chu.ulg.ac.be,erpftp - Netop Remote Control,Helpdesk général,2021-03-24,12:07:13,00:00:03
stefano.crapanzano@chu.ulg.ac.be,erpftp - Netop Remote Control,Helpdesk général,2021-03-24,12:07:57,00:00:14
stefano.crapanzano@chu.ulg.ac.be,erpftp - Netop Remote Control,Helpdesk général,2021-03-24,12:08:46,00:00:02
stefano.crapanzano@chu.ulg.ac.be,erpftp - Netop Remote Control,Helpdesk général,2021-03-24,12:08:50,00:00:07
stefano.crapanzano@chu.ulg.ac.be,erpftp - Netop Remote Control,Helpdesk général,2021-03-24,12:11:39,00:00:04
stefano.crapanzano@chu.ulg.ac.be,erpftp - Netop Remote Control,Helpdesk général,2021-03-24,12:16:26,00:00:43
stefano.crapanzano@chu.ulg.ac.be,erpftp - Netop Remote Control,Helpdesk général,2021-03-24,12:19:50,00:00:07
stefano.crapanzano@chu.ulg.ac.be,erpftp - Netop Remote Control,Helpdesk général,2021-03-24,12:20:11,00:00:12
stefano.crapanzano@chu.ulg.ac.be,erpftp - Netop Remote Control,Helpdesk général,2021-03-24,12:21:59,00:00:52
stefano.crapanzano@chu.ulg.ac.be,erpftp - Netop Remote Control,Helpdesk général,2021-03-24,12:23:23,00:00:31
stefano.crapanzano@chu.ulg.ac.be,erpftp - Netop Remote Control,Helpdesk général,2021-03-24,12:23:56,00:02:20
stefano.crapanzano@chu.ulg.ac.be,erpftp - Netop Remote Control,Helpdesk général,2021-03-24,12:27:45,00:01:14
stefano.crapanzano@chu.ulg.ac.be,erpftp - Netop Remote Control,Helpdesk général,2021-03-24,12:30:23,00:00:45
stefano.crapanzano@chu.ulg.ac.be,erpftp - Netop Remote Control,Helpdesk général,2021-03-24,12:31:32,00:00:07
stefano.crapanzano@chu.ulg.ac.be,erpftp - Netop Remote Control,Helpdesk général,2021-03-24,12:31:48,00:00:04
stefano.crapanzano@chu.ulg.ac.be,erpftp - Netop Remote Control,Helpdesk général,2021-03-24,12:32:27,00:01:13
stefano.crapanzano@chu.ulg.ac.be,erpftp - Netop Remote Control,Helpdesk général,2021-03-24,12:33:49,00:00:04
stefano.crapanzano@chu.ulg.ac.be,erpftp - Netop Remote Control,Helpdesk général,2021-03-24,12:34:01,00:00:20
stefano.crapanzano@chu.ulg.ac.be,erpftp - Netop Remote Control,Helpdesk général,2021-03-24,12:35:50,00:00:45
stefano.crapanzano@chu.ulg.ac.be,Sent - erp.sai@chuliege.be - Outlook,Helpdesk général,2021-03-24,08:50:02,00:00:21
stefano.crapanzano@chu.ulg.ac.be,Sent - erp.sai@chuliege.be - Outlook,Helpdesk général,2021-03-24,09:11:29,00:00:57
stefano.crapanzano@chu.ulg.ac.be,Sent - erp.sai@chuliege.be - Outlook,Helpdesk général,2021-03-24,10:00:54,00:00:08
stefano.crapanzano@chu.ulg.ac.be,Sent - erp.sai@chuliege.be - Outlook,Helpdesk général,2021-03-24,10:21:53,00:00:03
stefano.crapanzano@chu.ulg.ac.be,Sent - erp.sai@chuliege.be - Outlook,Helpdesk général,2021-03-24,10:24:49,00:00:03
stefano.crapanzano@chu.ulg.ac.be,Sent - erp.sai@chuliege.be - Outlook,Helpdesk général,2021-03-24,10:34:08,00:00:02
stefano.crapanzano@chu.ulg.ac.be,Sent - erp.sai@chuliege.be - Outlook,Helpdesk général,2021-03-24,10:34:22,00:00:02
stefano.crapanzano@chu.ulg.ac.be,Sent - erp.sai@chuliege.be - Outlook,Helpdesk général,2021-03-24,11:49:58,00:01:07
stefano.crapanzano@chu.ulg.ac.be,Sent - erp.sai@chuliege.be - Outlook,Helpdesk général,2021-03-24,11:51:09,00:00:43
stefano.crapanzano@chu.ulg.ac.be,Programmation,IT,2021-03-24,09:01:06,00:00:12
stefano.crapanzano@chu.ulg.ac.be,Programmation,IT,2021-03-24,10:35:27,00:01:00
stefano.crapanzano@chu.ulg.ac.be,Programmation,IT,2021-03-24,10:41:23,00:00:10
stefano.crapanzano@chu.ulg.ac.be,Programmation,IT,2021-03-24,10:41:54,00:00:09
stefano.crapanzano@chu.ulg.ac.be,Programmation,IT,2021-03-24,10:43:21,00:00:27
stefano.crapanzano@chu.ulg.ac.be,Programmation,IT,2021-03-24,10:43:50,00:00:24
stefano.crapanzano@chu.ulg.ac.be,Programmation,IT,2021-03-24,10:44:34,00:01:22
stefano.crapanzano@chu.ulg.ac.be,Programmation,IT,2021-03-24,10:54:32,00:00:11
stefano.crapanzano@chu.ulg.ac.be,Programmation,IT,2021-03-24,10:58:24,00:00:08
stefano.crapanzano@chu.ulg.ac.be,Programmation,IT,2021-03-24,10:58:37,00:00:20
stefano.crapanzano@chu.ulg.ac.be,Programmation,IT,2021-03-24,10:59:01,00:00:06
stefano.crapanzano@chu.ulg.ac.be,Programmation,IT,2021-03-24,10:59:27,00:00:20
stefano.crapanzano@chu.ulg.ac.be,Programmation,IT,2021-03-24,10:59:51,00:00:23
stefano.crapanzano@chu.ulg.ac.be,Programmation,IT,2021-03-24,11:00:15,00:00:03
stefano.crapanzano@chu.ulg.ac.be,Programmation,IT,2021-03-24,11:01:59,00:00:02
stefano.crapanzano@chu.ulg.ac.be,Programmation,IT,2021-03-24,11:02:31,00:00:58
stefano.crapanzano@chu.ulg.ac.be,Programmation,IT,2021-03-24,11:03:37,00:00:59
stefano.crapanzano@chu.ulg.ac.be,Programmation,IT,2021-03-24,11:51:58,00:00:19
stefano.crapanzano@chu.ulg.ac.be,Programmation,IT,2021-03-24,11:54:09,00:00:03
stefano.crapanzano@chu.ulg.ac.be,Programmation,IT,2021-03-24,11:54:13,00:02:59
stefano.crapanzano@chu.ulg.ac.be,Programmation,IT,2021-03-24,11:57:20,00:01:55
stefano.crapanzano@chu.ulg.ac.be,Programmation,IT,2021-03-24,12:02:11,00:01:17
stefano.crapanzano@chu.ulg.ac.be,Programmation,IT,2021-03-24,12:04:09,00:00:02
stefano.crapanzano@chu.ulg.ac.be,Programmation,IT,2021-03-24,12:04:16,00:00:32
stefano.crapanzano@chu.ulg.ac.be,Programmation,IT,2021-03-24,12:06:58,00:00:14
stefano.crapanzano@chu.ulg.ac.be,Programmation,IT,2021-03-24,12:07:39,00:00:17
stefano.crapanzano@chu.ulg.ac.be,Programmation,IT,2021-03-24,12:08:20,00:00:26
stefano.crapanzano@chu.ulg.ac.be,Programmation,IT,2021-03-24,12:10:06,00:00:07
stefano.crapanzano@chu.ulg.ac.be,Programmation,IT,2021-03-24,12:10:15,00:00:06
stefano.crapanzano@chu.ulg.ac.be,Programmation,IT,2021-03-24,12:10:23,00:00:23
stefano.crapanzano@chu.ulg.ac.be,Programmation,IT,2021-03-24,12:10:47,00:00:51
stefano.crapanzano@chu.ulg.ac.be,Programmation,IT,2021-03-24,12:12:04,00:00:03
stefano.crapanzano@chu.ulg.ac.be,Programmation,IT,2021-03-24,12:13:12,00:00:07
stefano.crapanzano@chu.ulg.ac.be,Programmation,IT,2021-03-24,12:13:33,00:02:50
stefano.crapanzano@chu.ulg.ac.be,Programmation,IT,2021-03-24,12:17:55,00:01:52
stefano.crapanzano@chu.ulg.ac.be,Programmation,IT,2021-03-24,12:22:53,00:00:06
stefano.crapanzano@chu.ulg.ac.be,Programmation,IT,2021-03-24,12:23:02,00:00:21
stefano.crapanzano@chu.ulg.ac.be,Programmation,IT,2021-03-24,12:26:16,00:00:05
stefano.crapanzano@chu.ulg.ac.be,Programmation,IT,2021-03-24,12:26:27,00:01:18
stefano.crapanzano@chu.ulg.ac.be,Programmation,IT,2021-03-24,12:28:59,00:00:06
stefano.crapanzano@chu.ulg.ac.be,Programmation,IT,2021-03-24,12:29:07,00:01:13
stefano.crapanzano@chu.ulg.ac.be,Programmation,IT,2021-03-24,12:34:23,00:00:36
stefano.crapanzano@chu.ulg.ac.be,Programmation,IT,2021-03-24,12:35:02,00:00:48
stefano.crapanzano@chu.ulg.ac.be,SAP Easy Access Menu de base Applications financières-économiques,Exploration SAP,2021-03-24,09:09:10,00:00:08
stefano.crapanzano@chu.ulg.ac.be,SAP Easy Access Menu de base Applications financières-économiques,Exploration SAP,2021-03-24,09:09:32,00:00:03
stefano.crapanzano@chu.ulg.ac.be,SAP Easy Access Menu de base Applications financières-économiques,Exploration SAP,2021-03-24,09:10:15,00:00:04
stefano.crapanzano@chu.ulg.ac.be,SAP Easy Access Menu de base Applications financières-économiques,Exploration SAP,2021-03-24,09:12:42,00:00:03
stefano.crapanzano@chu.ulg.ac.be,SAP Easy Access Menu de base Applications financières-économiques,Exploration SAP,2021-03-24,09:18:22,00:00:07
stefano.crapanzano@chu.ulg.ac.be,SAP Easy Access Menu de base Applications financières-économiques,Exploration SAP,2021-03-24,10:02:34,00:00:03
stefano.crapanzano@chu.ulg.ac.be,SAP Easy Access Menu de base Applications financières-économiques,Exploration SAP,2021-03-24,10:22:34,00:00:04
stefano.crapanzano@chu.ulg.ac.be,SAP Easy Access Menu de base Applications financières-économiques,Exploration SAP,2021-03-24,10:26:41,00:00:08
stefano.crapanzano@chu.ulg.ac.be,SAP Easy Access Menu de base Applications financières-économiques,Exploration SAP,2021-03-24,10:27:29,00:00:06
stefano.crapanzano@chu.ulg.ac.be,SAP Easy Access Menu de base Applications financières-économiques,Exploration SAP,2021-03-24,10:27:37,00:00:06
stefano.crapanzano@chu.ulg.ac.be,SAP Easy Access Menu de base Applications financières-économiques,Exploration SAP,2021-03-24,10:28:01,00:00:03
stefano.crapanzano@chu.ulg.ac.be,SAP Easy Access Menu de base Applications financières-économiques,Exploration SAP,2021-03-24,11:20:04,00:00:09
stefano.crapanzano@chu.ulg.ac.be,SAP Easy Access Menu de base Applications financières-économiques,Exploration SAP,2021-03-24,11:20:37,00:00:03
stefano.crapanzano@chu.ulg.ac.be,Display Table,Exploration SAP,2021-03-24,09:09:19,00:00:08
stefano.crapanzano@chu.ulg.ac.be,Display Table,Exploration SAP,2021-03-24,10:27:35,00:00:02
stefano.crapanzano@chu.ulg.ac.be,Display Table,Exploration SAP,2021-03-24,10:28:05,00:00:14
stefano.crapanzano@chu.ulg.ac.be,Display Table,Exploration SAP,2021-03-24,10:28:31,00:00:03
stefano.crapanzano@chu.ulg.ac.be,Display Table,Exploration SAP,2021-03-24,10:30:34,00:00:04
stefano.crapanzano@chu.ulg.ac.be,Display Table,Exploration SAP,2021-03-24,11:20:02,00:00:02
stefano.crapanzano@chu.ulg.ac.be,SAP,Exploration SAP,2021-03-24,09:09:27,00:00:04
stefano.crapanzano@chu.ulg.ac.be,Ecran initial du Quickviewer,Exploration SAP,2021-03-24,09:10:19,00:00:10
stefano.crapanzano@chu.ulg.ac.be,Ecran initial du Quickviewer,Exploration SAP,2021-03-24,09:10:49,00:00:12
stefano.crapanzano@chu.ulg.ac.be,Créer Quickview GOAL_ZONTVANGS : sélectionner une source de données,Exploration SAP,2021-03-24,09:10:30,00:00:02
stefano.crapanzano@chu.ulg.ac.be,Créer Quickview GOAL_ZONTVANGS : sélectionner une source de données,Exploration SAP,2021-03-24,09:10:36,00:00:13
stefano.crapanzano@chu.ulg.ac.be,Zoomit Zoom Window,Exploration SAP,2021-03-24,09:10:33,00:00:03
stefano.crapanzano@chu.ulg.ac.be,ZONTVANGST,Exploration SAP,2021-03-24,09:11:06,00:00:09
stefano.crapanzano@chu.ulg.ac.be,Limitation des accès à la base de données,Exploration SAP,2021-03-24,09:11:03,00:00:03
stefano.crapanzano@chu.ulg.ac.be,Sélection du calcul avec tableur,Exploration SAP,2021-03-24,09:11:16,00:00:08
stefano.crapanzano@chu.ulg.ac.be,SAP Logon 750,Exploration SAP,2021-03-24,09:12:40,00:00:02
stefano.crapanzano@chu.ulg.ac.be,SAP Logon 750,Exploration SAP,2021-03-24,09:18:14,00:00:04
stefano.crapanzano@chu.ulg.ac.be,SAP Logon 750,Exploration SAP,2021-03-24,10:02:27,00:00:02
stefano.crapanzano@chu.ulg.ac.be,SAP Logon 750,Exploration SAP,2021-03-24,10:22:19,00:00:02
stefano.crapanzano@chu.ulg.ac.be,SAP Logon 750,Exploration SAP,2021-03-24,11:02:20,00:00:10
stefano.crapanzano@chu.ulg.ac.be,SAP Logon 750,Exploration SAP,2021-03-24,11:19:53,00:00:02
stefano.crapanzano@chu.ulg.ac.be,Gestion des utilisateurs : écran initial,Exploration SAP,2021-03-24,09:12:46,00:00:03
stefano.crapanzano@chu.ulg.ac.be,Gestion des utilisateurs : écran initial,Exploration SAP,2021-03-24,09:18:29,00:00:02
stefano.crapanzano@chu.ulg.ac.be,Gestion des utilisateurs : écran initial,Exploration SAP,2021-03-24,09:21:59,00:00:02
stefano.crapanzano@chu.ulg.ac.be,Nom de l'utilisateur ds fiche utilisateur (1),Exploration SAP,2021-03-24,09:18:31,00:00:03
stefano.crapanzano@chu.ulg.ac.be,Nom de l'utilisateur ds fiche utilisateur (1),Exploration SAP,2021-03-24,09:18:42,00:00:02
stefano.crapanzano@chu.ulg.ac.be,Nom de l'utilisateur ds fiche utilisateur (1)    2 Entrées trouvées,Exploration SAP,2021-03-24,09:12:50,00:00:02
stefano.crapanzano@chu.ulg.ac.be,Afficher utilisateur,Exploration SAP,2021-03-24,09:12:54,00:00:31
stefano.crapanzano@chu.ulg.ac.be,Afficher utilisateur,Exploration SAP,2021-03-24,09:18:37,00:00:03
stefano.crapanzano@chu.ulg.ac.be,Afficher utilisateur,Exploration SAP,2021-03-24,09:18:48,00:00:27
stefano.crapanzano@chu.ulg.ac.be,Afficher utilisateur,Exploration SAP,2021-03-24,09:21:17,00:00:04
stefano.crapanzano@chu.ulg.ac.be,pip install corsheaders - Recherche Google - Google Chrome,Tâches diverses,2021-03-24,09:32:02,00:00:02
stefano.crapanzano@chu.ulg.ac.be,pip install corsheaders - Recherche Google - Google Chrome,Tâches diverses,2021-03-24,11:52:19,00:00:10
stefano.crapanzano@chu.ulg.ac.be,Nouvel onglet - Google Chrome,Tâches diverses,2021-03-24,09:14:34,00:00:06
stefano.crapanzano@chu.ulg.ac.be,Identification - Google Chrome,Tâches diverses,2021-03-24,09:14:40,00:00:06
stefano.crapanzano@chu.ulg.ac.be,myCHU - Google Chrome,Tâches diverses,2021-03-24,09:14:47,00:00:03
stefano.crapanzano@chu.ulg.ac.be,myCHU - Google Chrome,Tâches diverses,2021-03-24,09:14:59,00:00:37
stefano.crapanzano@chu.ulg.ac.be,myCHU - Google Chrome,Tâches diverses,2021-03-24,09:19:42,00:00:05
stefano.crapanzano@chu.ulg.ac.be,myCHU - Google Chrome,Tâches diverses,2021-03-24,09:22:25,00:00:02
stefano.crapanzano@chu.ulg.ac.be,myCHU - Google Chrome,Tâches diverses,2021-03-24,09:27:21,00:00:02
stefano.crapanzano@chu.ulg.ac.be,*new 8 - Notepad++ [Administrator],IT,2021-03-24,10:06:16,00:00:02
stefano.crapanzano@chu.ulg.ac.be,Rechercher,IT,2021-03-24,09:16:01,00:00:07
stefano.crapanzano@chu.ulg.ac.be,Excel,Tâches diverses,2021-03-24,09:16:29,00:00:02
stefano.crapanzano@chu.ulg.ac.be,Excel,Tâches diverses,2021-03-24,10:01:31,00:00:09
stefano.crapanzano@chu.ulg.ac.be,utilisateur PDA_log.xlsx  [Mode protégé] - Excel,Tâches diverses,2021-03-24,09:16:31,00:00:10
stefano.crapanzano@chu.ulg.ac.be,utilisateur PDA_log.xlsx  [Mode protégé] - Excel,Tâches diverses,2021-03-24,09:16:46,00:00:03
stefano.crapanzano@chu.ulg.ac.be,RAPPORT_STOCK_ARTICLE1 - Excel,Tâches diverses,2021-03-24,09:16:49,00:00:03
stefano.crapanzano@chu.ulg.ac.be,Info licence en cas de connexion multiple,Exploration SAP,2021-03-24,09:18:19,00:00:02
stefano.crapanzano@chu.ulg.ac.be,Info licence en cas de connexion multiple,Exploration SAP,2021-03-24,10:02:29,00:00:04
stefano.crapanzano@chu.ulg.ac.be,Info licence en cas de connexion multiple,Exploration SAP,2021-03-24,10:22:22,00:00:08
stefano.crapanzano@chu.ulg.ac.be,Info licence en cas de connexion multiple,Exploration SAP,2021-03-24,11:19:56,00:00:02
stefano.crapanzano@chu.ulg.ac.be,Nom de l'utilisateur ds fiche utilisateur (1)    1 Entrée trouvée,Exploration SAP,2021-03-24,09:18:44,00:00:02
stefano.crapanzano@chu.ulg.ac.be,Gérer utilisateur,Exploration SAP,2021-03-24,09:21:22,00:00:06
stefano.crapanzano@chu.ulg.ac.be,Gérer utilisateur,Exploration SAP,2021-03-24,09:21:52,00:00:07
stefano.crapanzano@chu.ulg.ac.be,PE2_203 - sftp://PE2U2FTP@153.89.110.38 - FileZilla,Helpdesk général,2021-03-24,09:28:05,00:00:07
stefano.crapanzano@chu.ulg.ac.be,PE2_203 - sftp://PE2U2FTP@153.89.110.38 - FileZilla,Helpdesk général,2021-03-24,09:28:15,00:03:04
stefano.crapanzano@chu.ulg.ac.be,PE2_203 - sftp://PE2U2FTP@153.89.110.38 - FileZilla,Helpdesk général,2021-03-24,09:36:19,00:00:02
stefano.crapanzano@chu.ulg.ac.be,PE2_203 - sftp://PE2U2FTP@153.89.110.38 - FileZilla,Helpdesk général,2021-03-24,09:37:26,00:00:02
stefano.crapanzano@chu.ulg.ac.be,PE2_203 - sftp://PE2U2FTP@153.89.110.38 - FileZilla,Helpdesk général,2021-03-24,10:02:41,00:00:04
stefano.crapanzano@chu.ulg.ac.be,PE2_203 - sftp://PE2U2FTP@153.89.110.38 - FileZilla,Helpdesk général,2021-03-24,10:03:14,00:00:43
stefano.crapanzano@chu.ulg.ac.be,P203 CHU GOAL - Ajout de la table AUSP dans extract BI - Bienvenue! Vous pouvez poser une demande de Service Desk ERP for HealthCare parmi les options fournies. - Service d'assistance - Google Chrome,Tâches diverses,2021-03-24,09:32:05,00:00:03
stefano.crapanzano@chu.ulg.ac.be,Demandes - Service d'assistance - Google Chrome,Tâches diverses,2021-03-24,09:32:09,00:00:02
stefano.crapanzano@chu.ulg.ac.be,Demandes - Service d'assistance - Google Chrome,Tâches diverses,2021-03-24,11:08:35,00:00:10
stefano.crapanzano@chu.ulg.ac.be,P203 CHU Factures apo non comptabilisée lors du retour apo via la transaction zapo - Bienvenue! Vous pouvez poser une demande de Service Desk ERP for HealthCare parmi les options fournies. - Service d'assistance - Google Chrome,Tâches diverses,2021-03-24,09:32:11,00:01:41
stefano.crapanzano@chu.ulg.ac.be,P203 CHU Factures apo non comptabilisée lors du retour apo via la transaction zapo - Bienvenue! Vous pouvez poser une demande de Service Desk ERP for HealthCare parmi les options fournies. - Service d'assistance - Google Chrome,Tâches diverses,2021-03-24,09:34:26,00:01:52
stefano.crapanzano@chu.ulg.ac.be,P203 CHU Factures apo non comptabilisée lors du retour apo via la transaction zapo - Bienvenue! Vous pouvez poser une demande de Service Desk ERP for HealthCare parmi les options fournies. - Service d'assistance - Google Chrome,Tâches diverses,2021-03-24,09:36:38,00:00:33
stefano.crapanzano@chu.ulg.ac.be,P203 CHU Factures apo non comptabilisée lors du retour apo via la transaction zapo - Bienvenue! Vous pouvez poser une demande de Service Desk ERP for HealthCare parmi les options fournies. - Service d'assistance - Google Chrome,Tâches diverses,2021-03-24,11:08:04,00:00:14
stefano.crapanzano@chu.ulg.ac.be,P203 CHU Factures apo non comptabilisée lors du retour apo via la transaction zapo - Bienvenue! Vous pouvez poser une demande de Service Desk ERP for HealthCare parmi les options fournies. - Service d'assistance - Google Chrome,Tâches diverses,2021-03-24,11:08:33,00:00:02
stefano.crapanzano@chu.ulg.ac.be,TR: scanning FRCHR : autre bug à analyser - Message (HTML),Helpdesk général,2021-03-24,09:38:25,00:00:03
stefano.crapanzano@chu.ulg.ac.be,TR: scanning FRCHR : autre bug à analyser - Message (HTML),Helpdesk général,2021-03-24,09:39:23,00:00:02
stefano.crapanzano@chu.ulg.ac.be,TR: scanning FRCHR : autre bug à analyser - Message (HTML),Helpdesk général,2021-03-24,10:00:48,00:00:03
stefano.crapanzano@chu.ulg.ac.be,si-s-serv503 - Netop Remote Control,Helpdesk général,2021-03-24,09:38:42,00:00:34
stefano.crapanzano@chu.ulg.ac.be,si-s-serv503 - Netop Remote Control,Helpdesk général,2021-03-24,09:40:31,00:00:04
stefano.crapanzano@chu.ulg.ac.be,si-s-serv503 - Netop Remote Control,Helpdesk général,2021-03-24,09:40:39,00:00:03
stefano.crapanzano@chu.ulg.ac.be,si-s-serv503 - Netop Remote Control,Helpdesk général,2021-03-24,09:41:16,00:00:36
stefano.crapanzano@chu.ulg.ac.be,RE: scanning FRCHR : autre bug à analyser - Message (HTML),Helpdesk général,2021-03-24,09:39:27,00:00:15
stefano.crapanzano@chu.ulg.ac.be,RE: scanning FRCHR : autre bug à analyser - Message (HTML),Helpdesk général,2021-03-24,09:40:03,00:00:27
stefano.crapanzano@chu.ulg.ac.be,RE: scanning FRCHR : autre bug à analyser - Message (HTML),Helpdesk général,2021-03-24,09:40:36,00:00:03
stefano.crapanzano@chu.ulg.ac.be,RE: scanning FRCHR : autre bug à analyser - Message (HTML),Helpdesk général,2021-03-24,09:40:44,00:00:30
stefano.crapanzano@chu.ulg.ac.be,RE: scanning FRCHR : autre bug à analyser - Message (HTML),Helpdesk général,2021-03-24,10:00:13,00:00:34
stefano.crapanzano@chu.ulg.ac.be,RE: scanning FRCHR : autre bug à analyser - Message (HTML),Helpdesk général,2021-03-24,11:11:35,00:00:03
stefano.crapanzano@chu.ulg.ac.be,Stefano CRAPANZANO - erp.sai@chuliege.be - Outlook,Helpdesk général,2021-03-24,10:01:08,00:00:05
stefano.crapanzano@chu.ulg.ac.be,Stefano CRAPANZANO - erp.sai@chuliege.be - Outlook,Helpdesk général,2021-03-24,10:21:48,00:00:02
stefano.crapanzano@chu.ulg.ac.be,Ouverture -Excel,Tâches diverses,2021-03-24,10:01:26,00:00:04
stefano.crapanzano@chu.ulg.ac.be,INTRASTAT_202101_v06.xlsx - Excel,Tâches diverses,2021-03-24,10:01:41,00:00:46
stefano.crapanzano@chu.ulg.ac.be,INTRASTAT_202101_v06.xlsx - Excel,Tâches diverses,2021-03-24,10:04:01,00:02:11
stefano.crapanzano@chu.ulg.ac.be,INTRASTAT_202101_v06.xlsx - Excel,IT,2021-03-24,10:22:05,00:00:14
stefano.crapanzano@chu.ulg.ac.be,INTRASTAT_202101_v06.xlsx - Excel,Tâches diverses,2021-03-24,10:22:43,00:00:06
stefano.crapanzano@chu.ulg.ac.be,INTRASTAT_202101_v06.xlsx - Excel,Tâches diverses,2021-03-24,10:23:07,00:00:18
stefano.crapanzano@chu.ulg.ac.be,INTRASTAT_202101_v06.xlsx - Excel,Tâches diverses,2021-03-24,10:23:32,00:00:02
stefano.crapanzano@chu.ulg.ac.be,INTRASTAT_202101_v06.xlsx - Excel,Tâches diverses,2021-03-24,10:23:51,00:00:13
stefano.crapanzano@chu.ulg.ac.be,INTRASTAT_202101_v06.xlsx - Excel,Tâches diverses,2021-03-24,10:24:24,00:00:12
stefano.crapanzano@chu.ulg.ac.be,Conserver un fichier non existant,IT,2021-03-24,10:06:13,00:00:03
stefano.crapanzano@chu.ulg.ac.be,Conserver un fichier non existant,IT,2021-03-24,11:59:24,00:00:02
stefano.crapanzano@chu.ulg.ac.be,*new 9 - Notepad++ [Administrator],IT,2021-03-24,10:06:20,00:10:44
stefano.crapanzano@chu.ulg.ac.be,\\SI-S-SERV533\FTP_ERP_Pharma_Prod\Factures_Out\Copies\Transmises\20210319-1225.csv - Notepad++ [Administrator],IT,2021-03-24,10:17:09,00:01:46
stefano.crapanzano@chu.ulg.ac.be,\\SI-S-SERV533\FTP_ERP_Pharma_Prod\Factures_Out\Copies\Transmises\20210319-1225.csv - Notepad++ [Administrator],IT,2021-03-24,12:00:21,00:00:14
stefano.crapanzano@chu.ulg.ac.be,TR: Template Usage Glims - Message (HTML),Helpdesk général,2021-03-24,10:19:03,00:01:04
stefano.crapanzano@chu.ulg.ac.be,Enregistrer sous,IT,2021-03-24,10:20:16,00:01:28
stefano.crapanzano@chu.ulg.ac.be,\\filesrv04.st.chulg\DSL\Achats\STATISTIQUES\Intrastat\DECLARATIONS\Déclarations 2021\01_PREPA\202101.sdf - Notepad++ [Administrator],IT,2021-03-24,10:21:45,00:00:02
stefano.crapanzano@chu.ulg.ac.be,\\filesrv04.st.chulg\DSL\Achats\STATISTIQUES\Intrastat\DECLARATIONS\Déclarations 2021\01_PREPA\202101.sdf - Notepad++ [Administrator],IT,2021-03-24,10:21:56,00:00:08
stefano.crapanzano@chu.ulg.ac.be,\\filesrv04.st.chulg\DSL\Achats\STATISTIQUES\Intrastat\DECLARATIONS\Déclarations 2021\01_PREPA\202101.sdf - Notepad++ [Administrator],IT,2021-03-24,10:22:57,00:00:02
stefano.crapanzano@chu.ulg.ac.be,\\filesrv04.st.chulg\DSL\Achats\STATISTIQUES\Intrastat\DECLARATIONS\Déclarations 2021\01_PREPA\202101.sdf - Notepad++ [Administrator],IT,2021-03-24,10:24:46,00:00:02
stefano.crapanzano@chu.ulg.ac.be,\\filesrv04.st.chulg\DSL\Achats\STATISTIQUES\Intrastat\DECLARATIONS\Déclarations 2021\01_PREPA\202101.sdf - Notepad++ [Administrator],IT,2021-03-24,10:25:55,00:00:02
stefano.crapanzano@chu.ulg.ac.be,Sélectionner document,Exploration SAP,2021-03-24,10:22:40,00:00:02
stefano.crapanzano@chu.ulg.ac.be,Sélectionner document,Exploration SAP,2021-03-24,10:22:49,00:00:02
stefano.crapanzano@chu.ulg.ac.be,Commande interv. 40 4000190103 créée par Michel DAIX,Exploration SAP,2021-03-24,10:22:51,00:00:06
stefano.crapanzano@chu.ulg.ac.be,*\\filesrv04.st.chulg\DSL\Achats\STATISTIQUES\Intrastat\DECLARATIONS\Déclarations 2021\01_PREPA\202101.sdf - Notepad++ [Administrator],IT,2021-03-24,10:23:00,00:00:05
stefano.crapanzano@chu.ulg.ac.be,*\\filesrv04.st.chulg\DSL\Achats\STATISTIQUES\Intrastat\DECLARATIONS\Déclarations 2021\01_PREPA\202101.sdf - Notepad++ [Administrator],IT,2021-03-24,10:23:44,00:00:05
stefano.crapanzano@chu.ulg.ac.be,*\\filesrv04.st.chulg\DSL\Achats\STATISTIQUES\Intrastat\DECLARATIONS\Déclarations 2021\01_PREPA\202101.sdf - Notepad++ [Administrator],IT,2021-03-24,10:24:15,00:00:05
stefano.crapanzano@chu.ulg.ac.be,*\\filesrv04.st.chulg\DSL\Achats\STATISTIQUES\Intrastat\DECLARATIONS\Déclarations 2021\01_PREPA\202101.sdf - Notepad++ [Administrator],IT,2021-03-24,10:24:44,00:00:02
stefano.crapanzano@chu.ulg.ac.be,Commande interv. 40 4000178785 créée par Aurélie SCAFFE,Exploration SAP,2021-03-24,10:23:29,00:00:02
stefano.crapanzano@chu.ulg.ac.be,Commande interv. 40 4000178785 créée par Aurélie SCAFFE,Exploration SAP,2021-03-24,10:23:36,00:00:07
stefano.crapanzano@chu.ulg.ac.be,Commande interv. 40 4000192739 créée par Mathieu ORBAN JAMERS,Exploration SAP,2021-03-24,10:24:09,00:00:06
stefano.crapanzano@chu.ulg.ac.be,Commande interv. 40 4000183411 créée par Melinda COTTINI,Exploration SAP,2021-03-24,10:24:39,00:00:04
stefano.crapanzano@chu.ulg.ac.be,Commande interv. 40 4000183411 créée par Melinda COTTINI,Exploration SAP,2021-03-24,10:26:38,00:00:02
stefano.crapanzano@chu.ulg.ac.be,TR: INTRASTAT - DECEMBRE 2020 - Message (HTML),Helpdesk général,2021-03-24,10:25:09,00:00:08
stefano.crapanzano@chu.ulg.ac.be,INTRASTAT - JANVIER 2021 - Message (HTML),Helpdesk général,2021-03-24,10:25:18,00:00:33
stefano.crapanzano@chu.ulg.ac.be,INTRASTAT - JANVIER 2021 - Message (HTML),Helpdesk général,2021-03-24,10:25:59,00:00:13
stefano.crapanzano@chu.ulg.ac.be,Microsoft Excel,Tâches diverses,2021-03-24,10:26:17,00:00:02
stefano.crapanzano@chu.ulg.ac.be,Commerce extérieur : clôtures périodiques,Exploration SAP,2021-03-24,10:26:49,00:00:07
stefano.crapanzano@chu.ulg.ac.be,Commerce extérieur : clôtures périodiques,Exploration SAP,2021-03-24,10:27:20,00:00:08
stefano.crapanzano@chu.ulg.ac.be,Commerce extérieur : clôtures périodiques,Exploration SAP,2021-03-24,10:27:43,00:00:03
stefano.crapanzano@chu.ulg.ac.be,INTRASTAT : sélection de données entrée - pays de l'UE,Exploration SAP,2021-03-24,10:26:56,00:00:02
stefano.crapanzano@chu.ulg.ac.be,INTRASTAT : sélection de données entrée - pays de l'UE,Exploration SAP,2021-03-24,10:27:01,00:00:14
stefano.crapanzano@chu.ulg.ac.be,INTRASTAT : sélection de données entrée - pays de l'UE,Exploration SAP,2021-03-24,10:27:49,00:00:03
stefano.crapanzano@chu.ulg.ac.be,INTRASTAT : sélection de données entrée - pays de l'UE,Exploration SAP,2021-03-24,10:27:58,00:00:02
stefano.crapanzano@chu.ulg.ac.be,ABAP : catalogue des variantes du programme RMIMST00,Exploration SAP,2021-03-24,10:26:59,00:00:02
stefano.crapanzano@chu.ulg.ac.be,Clôtures périodiques - INTRASTAT Entrée - Journal des sélections,Exploration SAP,2021-03-24,10:27:16,00:00:02
stefano.crapanzano@chu.ulg.ac.be,Attributs de variante,Exploration SAP,2021-03-24,10:27:53,00:00:03
stefano.crapanzano@chu.ulg.ac.be,File dialog,Exploration SAP,2021-03-24,10:28:19,00:00:12
stefano.crapanzano@chu.ulg.ac.be,RE: INTRASTAT - JANVIER 2021 - Message (HTML),Helpdesk général,2021-03-24,11:04:36,00:03:27
stefano.crapanzano@chu.ulg.ac.be,Sans titre - Message (HTML),Helpdesk général,2021-03-24,11:08:27,00:00:06
stefano.crapanzano@chu.ulg.ac.be,Sans titre - Message (HTML),Helpdesk général,2021-03-24,11:08:55,00:00:03
stefano.crapanzano@chu.ulg.ac.be,P203 CHU Plusieurfs factures ignorées lors du retour APO (ZAPO) - Bienvenue! Vous pouvez poser une demande de Service Desk ERP for HealthCare parmi les options fournies. - Service d'assistance - Google Chrome,Tâches diverses,2021-03-24,11:08:46,00:00:09
stefano.crapanzano@chu.ulg.ac.be,P203 CHU Plusieurfs factures ignorées lors du retour APO (ZAPO) - Bienvenue! Vous pouvez poser une demande de Service Desk ERP for HealthCare parmi les options fournies. - Service d'assistance - Google Chrome,Tâches diverses,2021-03-24,11:10:24,00:00:02
stefano.crapanzano@chu.ulg.ac.be,SDERP-18157 et SDERP-18040 - Message (HTML),Helpdesk général,2021-03-24,11:08:59,00:01:03
stefano.crapanzano@chu.ulg.ac.be,SDERP-18157 et SDERP-18040 - Message (HTML),Helpdesk général,2021-03-24,11:10:05,00:00:19
stefano.crapanzano@chu.ulg.ac.be,SDERP-18157 et SDERP-18040 - Message (HTML),Helpdesk général,2021-03-24,11:10:28,00:01:06
stefano.crapanzano@chu.ulg.ac.be,SDERP-18157 et SDERP-18040 - Message (HTML),Helpdesk général,2021-03-24,11:11:38,00:01:05
stefano.crapanzano@chu.ulg.ac.be,SDERP-18157 et SDERP-18040 - Message (HTML),Helpdesk général,2021-03-24,11:12:58,00:00:20
stefano.crapanzano@chu.ulg.ac.be,SDERP-18157 et SDERP-18040 - Message (HTML),Helpdesk général,2021-03-24,11:13:31,00:00:19
stefano.crapanzano@chu.ulg.ac.be,SDERP-18157 et SDERP-18040 - Message (HTML),Helpdesk général,2021-03-24,11:13:53,00:00:07
stefano.crapanzano@chu.ulg.ac.be,SDERP-18157 et SDERP-18040 - Message (HTML),Helpdesk général,2021-03-24,11:14:47,00:02:46
stefano.crapanzano@chu.ulg.ac.be,SDERP-18157 et SDERP-18040 - Message (HTML),Helpdesk général,2021-03-24,11:18:09,00:01:39
stefano.crapanzano@chu.ulg.ac.be,SDERP-18157 et SDERP-18040 - Message (HTML),Helpdesk général,2021-03-24,11:20:29,00:00:04
stefano.crapanzano@chu.ulg.ac.be,SDERP-18157 et SDERP-18040 - Message (HTML),Helpdesk général,2021-03-24,11:21:43,00:00:03
stefano.crapanzano@chu.ulg.ac.be,SDERP-18157 et SDERP-18040 - Message (HTML),Helpdesk général,2021-03-24,11:21:55,00:15:15
stefano.crapanzano@chu.ulg.ac.be,SDERP-18157 et SDERP-18040 - Message (HTML),Helpdesk général,2021-03-24,11:37:16,00:05:14
stefano.crapanzano@chu.ulg.ac.be,SDERP-18157 P203 CHU Factures apo non comptabilisée lors du retour apo via la transaction zapo - Message (HTML),Helpdesk général,2021-03-24,11:13:18,00:00:13
stefano.crapanzano@chu.ulg.ac.be,\\SI-S-SERV533\FTP_ERP_Pharma_Prod\Factures_Out\Copies\Transmises\20210322-0945.csv - Notepad++ [Administrator],IT,2021-03-24,11:14:39,00:00:06
stefano.crapanzano@chu.ulg.ac.be,C:\Users\c158492\AppData\Local\Microsoft\Windows\Temporary Internet Files\Content.Outlook\SUHESELV\20210319-1225.csv - Notepad++ [Administrator],Helpdesk général,2021-03-24,11:17:35,00:00:07
stefano.crapanzano@chu.ulg.ac.be,C:\Users\c158492\AppData\Local\Microsoft\Windows\Temporary Internet Files\Content.Outlook\SUHESELV\20210319-1225.csv - Notepad++ [Administrator],Helpdesk général,2021-03-24,11:17:51,00:00:02
stefano.crapanzano@chu.ulg.ac.be,C:\Users\c158492\AppData\Local\Microsoft\Windows\Temporary Internet Files\Content.Outlook\SUHESELV\20210319-1225.csv - Notepad++ [Administrator],IT,2021-03-24,11:19:49,00:00:03
stefano.crapanzano@chu.ulg.ac.be,Greenshot capture form,Helpdesk général,2021-03-24,11:17:42,00:00:08
stefano.crapanzano@chu.ulg.ac.be,Greenshot capture form,Helpdesk général,2021-03-24,11:20:23,00:00:04
stefano.crapanzano@chu.ulg.ac.be,Greenshot capture form,Helpdesk général,2021-03-24,11:21:48,00:00:05
stefano.crapanzano@chu.ulg.ac.be,Greenshot Éditeur d'Image,Helpdesk général,2021-03-24,11:17:53,00:00:15
stefano.crapanzano@chu.ulg.ac.be,Data Browser - table BDS_BAR_IN : écran de sélection,Exploration SAP,2021-03-24,11:20:14,00:00:02
stefano.crapanzano@chu.ulg.ac.be,Data Browser - table BDS_BAR_IN : écran de sélection,Exploration SAP,2021-03-24,11:20:35,00:00:02
stefano.crapanzano@chu.ulg.ac.be,Data Browser : table BDS_BAR_IN          1 occurrences,Exploration SAP,2021-03-24,11:20:16,00:00:07
stefano.crapanzano@chu.ulg.ac.be,Liste des postes individuels fournisseurs,Exploration SAP,2021-03-24,11:20:41,00:01:02
stefano.crapanzano@chu.ulg.ac.be,Intrastat - Google Chrome,Tâches diverses,2021-03-24,11:52:31,00:00:16
stefano.crapanzano@chu.ulg.ac.be,Intrastat - Google Chrome,Tâches diverses,2021-03-24,11:53:20,00:00:03
stefano.crapanzano@chu.ulg.ac.be,Intrastat - Google Chrome,Tâches diverses,2021-03-24,11:53:30,00:00:07
stefano.crapanzano@chu.ulg.ac.be,Intrastat - Google Chrome,Tâches diverses,2021-03-24,12:03:43,00:00:03
stefano.crapanzano@chu.ulg.ac.be,Intrastat - Google Chrome,Tâches diverses,2021-03-24,12:04:03,00:00:03
stefano.crapanzano@chu.ulg.ac.be,Intrastat - Google Chrome,Tâches diverses,2021-03-24,12:08:11,00:00:02
stefano.crapanzano@chu.ulg.ac.be,Intrastat - Google Chrome,Tâches diverses,2021-03-24,12:09:01,00:00:09
stefano.crapanzano@chu.ulg.ac.be,Intrastat - Google Chrome,Tâches diverses,2021-03-24,12:09:17,00:00:04
stefano.crapanzano@chu.ulg.ac.be,Intrastat - Google Chrome,Tâches diverses,2021-03-24,12:11:49,00:00:14
stefano.crapanzano@chu.ulg.ac.be,Intrastat - Google Chrome,Tâches diverses,2021-03-24,12:12:07,00:00:02
stefano.crapanzano@chu.ulg.ac.be,Intrastat - Google Chrome,Tâches diverses,2021-03-24,12:12:22,00:00:06
stefano.crapanzano@chu.ulg.ac.be,Intrastat - Google Chrome,Tâches diverses,2021-03-24,12:12:53,00:00:09
stefano.crapanzano@chu.ulg.ac.be,RelatedObjectDoesNotExist at /transit/ - Google Chrome,Tâches diverses,2021-03-24,11:53:46,00:00:20
stefano.crapanzano@chu.ulg.ac.be,RelatedObjectDoesNotExist at /transit/ - Google Chrome,Tâches diverses,2021-03-24,11:57:14,00:00:02
stefano.crapanzano@chu.ulg.ac.be,RelatedObjectDoesNotExist at /transit/ - Google Chrome,Tâches diverses,2021-03-24,11:57:18,00:00:02
stefano.crapanzano@chu.ulg.ac.be,RelatedObjectDoesNotExist at /transit/ - Google Chrome,Tâches diverses,2021-03-24,12:03:39,00:00:04
stefano.crapanzano@chu.ulg.ac.be,RelatedObjectDoesNotExist at /transit/ - Google Chrome,Tâches diverses,2021-03-24,12:09:38,00:00:28
stefano.crapanzano@chu.ulg.ac.be,RelatedObjectDoesNotExist at /transit/ - Google Chrome,Tâches diverses,2021-03-24,12:11:45,00:00:03
stefano.crapanzano@chu.ulg.ac.be,Re: Template Usage Glims - Message (HTML),Helpdesk général,2021-03-24,11:59:16,00:00:07
stefano.crapanzano@chu.ulg.ac.be,Re: Template Usage Glims - Message (HTML),Helpdesk général,2021-03-24,12:00:13,00:00:07
stefano.crapanzano@chu.ulg.ac.be,C:\Users\c158492\AppData\Local\Microsoft\Windows\Temporary Internet Files\Content.Outlook\SUHESELV\ProductUsage.csv - Notepad++ [Administrator],IT,2021-03-24,11:59:26,00:00:45
stefano.crapanzano@chu.ulg.ac.be,C:\Users\c158492\AppData\Local\Microsoft\Windows\Temporary Internet Files\Content.Outlook\SUHESELV\ProductUsage.csv - Notepad++ [Administrator],IT,2021-03-24,12:00:36,00:00:34
stefano.crapanzano@chu.ulg.ac.be,C:\Users\c158492\AppData\Local\Microsoft\Windows\Temporary Internet Files\Content.Outlook\SUHESELV\ProductUsage.csv - Notepad++ [Administrator],IT,2021-03-24,12:01:23,00:00:21
stefano.crapanzano@chu.ulg.ac.be,C:\Users\c158492\AppData\Local\Microsoft\Windows\Temporary Internet Files\Content.Outlook\SUHESELV\ProductUsage.csv - Notepad++ [Administrator],IT,2021-03-24,12:01:46,00:00:21
stefano.crapanzano@chu.ulg.ac.be,C:\temp\ZMMARTIKEL20210317160341.csv - Notepad++ [Administrator],IT,2021-03-24,12:01:11,00:00:02
stefano.crapanzano@chu.ulg.ac.be,C:\Users\c158492\ProjetBoulot\PYTHON\service_achat\project\templates\my_tasks.html - Notepad++ [Administrator],IT,2021-03-24,12:01:13,00:00:02
stefano.crapanzano@chu.ulg.ac.be,C:\Users\c158492\Downloads\20210319-1225.csv - Notepad++ [Administrator],IT,2021-03-24,12:01:19,00:00:02
stefano.crapanzano@chu.ulg.ac.be,erpftp - Netop File Manager,Helpdesk général,2021-03-24,12:05:54,00:00:51
stefano.crapanzano@chu.ulg.ac.be,erpftp - Netop File Manager,Helpdesk général,2021-03-24,12:06:53,00:00:03
stefano.crapanzano@chu.ulg.ac.be,erpftp - Netop File Manager,Helpdesk général,2021-03-24,12:07:17,00:00:04
stefano.crapanzano@chu.ulg.ac.be,erpftp - Netop File Manager,Helpdesk général,2021-03-24,12:07:24,00:00:02
stefano.crapanzano@chu.ulg.ac.be,erpftp - Netop File Manager,Helpdesk général,2021-03-24,12:07:29,00:00:02
stefano.crapanzano@chu.ulg.ac.be,erpftp - Netop File Manager,Helpdesk général,2021-03-24,12:07:32,00:00:02
stefano.crapanzano@chu.ulg.ac.be,erpftp - Netop File Manager,Helpdesk général,2021-03-24,12:17:10,00:00:13
stefano.crapanzano@chu.ulg.ac.be,erpftp - Netop File Manager,Helpdesk général,2021-03-24,12:17:27,00:00:07
stefano.crapanzano@chu.ulg.ac.be,erpftp - Netop File Manager,Helpdesk général,2021-03-24,12:17:37,00:00:14
stefano.crapanzano@chu.ulg.ac.be,erpftp - Netop File Manager,Helpdesk général,2021-03-24,12:19:58,00:00:03
stefano.crapanzano@chu.ulg.ac.be,erpftp - Netop File Manager,Helpdesk général,2021-03-24,12:20:04,00:00:02
stefano.crapanzano@chu.ulg.ac.be,erpftp - Netop File Manager,Helpdesk général,2021-03-24,12:20:08,00:00:02
stefano.crapanzano@chu.ulg.ac.be,Netop File Manager - Transfer Status,Helpdesk général,2021-03-24,12:06:46,00:00:07
stefano.crapanzano@chu.ulg.ac.be,Netop File Manager - Transfer Status,Helpdesk général,2021-03-24,12:07:26,00:00:02
stefano.crapanzano@chu.ulg.ac.be,Rename,Helpdesk général,2021-03-24,12:07:21,00:00:02
stefano.crapanzano@chu.ulg.ac.be,Rename,Helpdesk général,2021-03-24,12:17:24,00:00:03
stefano.crapanzano@chu.ulg.ac.be,Rename,Helpdesk général,2021-03-24,12:17:34,00:00:02
stefano.crapanzano@chu.ulg.ac.be,Rename,Helpdesk général,2021-03-24,12:20:01,00:00:02
stefano.crapanzano@chu.ulg.ac.be,Rename,Helpdesk général,2021-03-24,12:20:06,00:00:02
stefano.crapanzano@chu.ulg.ac.be,Page not found at /transit/ - Google Chrome,Tâches diverses,2021-03-24,12:08:14,00:00:04
stefano.crapanzano@chu.ulg.ac.be,Page not found at /transit/ - Google Chrome,Tâches diverses,2021-03-24,12:08:58,00:00:02
stefano.crapanzano@chu.ulg.ac.be,Site administration | Django site admin - Google Chrome,Tâches diverses,2021-03-24,12:12:28,00:00:02
stefano.crapanzano@chu.ulg.ac.be,Select user to change | Django site admin - Google Chrome,Tâches diverses,2021-03-24,12:12:30,00:00:02
stefano.crapanzano@chu.ulg.ac.be,Select user to change | Django site admin - Google Chrome,Tâches diverses,2021-03-24,12:12:41,00:00:05
stefano.crapanzano@chu.ulg.ac.be,Select user to change | Django site admin - Google Chrome,Tâches diverses,2021-03-24,12:12:48,00:00:02
stefano.crapanzano@chu.ulg.ac.be,Change user | Django site admin - Google Chrome,Tâches diverses,2021-03-24,12:12:33,00:00:07
