Email,Description,Project,Start date,Start time,Duration
stefano.crapanzano@chu.ulg.ac.be,Catalogue - CHU - Google Chrome,IT,2021-03-23,08:32:47,00:00:06
stefano.crapanzano@chu.ulg.ac.be,Catalogue - CHU - Google Chrome,Tâches diverses,2021-03-23,11:12:53,00:00:17
stefano.crapanzano@chu.ulg.ac.be,Catalogue - CHU - Google Chrome,Tâches diverses,2021-03-23,13:37:01,00:00:03
stefano.crapanzano@chu.ulg.ac.be,Catalogue - CHU - Google Chrome,Tâches diverses,2021-03-23,13:37:12,00:00:02
stefano.crapanzano@chu.ulg.ac.be,Navigation système de fichier,IT,2021-03-23,08:39:04,00:00:02
stefano.crapanzano@chu.ulg.ac.be,Navigation système de fichier,IT,2021-03-23,08:48:15,00:00:02
stefano.crapanzano@chu.ulg.ac.be,Navigation système de fichier,IT,2021-03-23,08:57:34,00:00:02
stefano.crapanzano@chu.ulg.ac.be,Navigation système de fichier,IT,2021-03-23,10:05:13,00:00:03
stefano.crapanzano@chu.ulg.ac.be,Navigation système de fichier,IT,2021-03-23,10:35:15,00:00:02
stefano.crapanzano@chu.ulg.ac.be,Navigation système de fichier,IT,2021-03-23,10:35:49,00:00:02
stefano.crapanzano@chu.ulg.ac.be,Navigation système de fichier,IT,2021-03-23,10:36:23,00:00:02
stefano.crapanzano@chu.ulg.ac.be,Navigation système de fichier,IT,2021-03-23,10:38:50,00:00:02
stefano.crapanzano@chu.ulg.ac.be,Navigation système de fichier,IT,2021-03-23,10:52:05,00:00:02
stefano.crapanzano@chu.ulg.ac.be,Navigation système de fichier,IT,2021-03-23,10:52:55,00:00:18
stefano.crapanzano@chu.ulg.ac.be,Navigation système de fichier,IT,2021-03-23,10:53:57,00:00:27
stefano.crapanzano@chu.ulg.ac.be,Navigation système de fichier,IT,2021-03-23,10:54:27,00:00:08
stefano.crapanzano@chu.ulg.ac.be,Navigation système de fichier,IT,2021-03-23,10:55:31,00:00:05
stefano.crapanzano@chu.ulg.ac.be,Navigation système de fichier,IT,2021-03-23,11:11:01,00:00:03
stefano.crapanzano@chu.ulg.ac.be,Navigation système de fichier,IT,2021-03-23,11:13:58,00:00:16
stefano.crapanzano@chu.ulg.ac.be,Navigation système de fichier,IT,2021-03-23,11:15:48,00:00:02
stefano.crapanzano@chu.ulg.ac.be,Navigation système de fichier,IT,2021-03-23,11:18:15,00:00:16
stefano.crapanzano@chu.ulg.ac.be,Navigation système de fichier,IT,2021-03-23,11:18:38,00:00:02
stefano.crapanzano@chu.ulg.ac.be,Navigation système de fichier,IT,2021-03-23,11:19:31,00:00:02
stefano.crapanzano@chu.ulg.ac.be,Navigation système de fichier,IT,2021-03-23,12:19:40,00:00:02
stefano.crapanzano@chu.ulg.ac.be,Navigation système de fichier,IT,2021-03-23,12:32:46,00:00:02
stefano.crapanzano@chu.ulg.ac.be,Navigation système de fichier,IT,2021-03-23,12:34:21,00:00:02
stefano.crapanzano@chu.ulg.ac.be,Navigation système de fichier,IT,2021-03-23,12:34:45,00:00:02
stefano.crapanzano@chu.ulg.ac.be,Navigation système de fichier,IT,2021-03-23,12:35:03,00:00:02
stefano.crapanzano@chu.ulg.ac.be,Navigation système de fichier,IT,2021-03-23,12:36:29,00:00:02
stefano.crapanzano@chu.ulg.ac.be,Navigation système de fichier,IT,2021-03-23,12:38:16,00:00:03
stefano.crapanzano@chu.ulg.ac.be,Navigation système de fichier,IT,2021-03-23,12:38:25,00:00:06
stefano.crapanzano@chu.ulg.ac.be,Navigation système de fichier,IT,2021-03-23,12:43:34,00:00:02
stefano.crapanzano@chu.ulg.ac.be,Navigation système de fichier,IT,2021-03-23,12:44:52,00:00:02
stefano.crapanzano@chu.ulg.ac.be,Navigation système de fichier,IT,2021-03-23,12:45:55,00:00:03
stefano.crapanzano@chu.ulg.ac.be,Navigation système de fichier,IT,2021-03-23,12:53:09,00:00:03
stefano.crapanzano@chu.ulg.ac.be,Navigation système de fichier,IT,2021-03-23,13:03:28,00:00:02
stefano.crapanzano@chu.ulg.ac.be,Navigation système de fichier,IT,2021-03-23,13:03:37,00:00:03
stefano.crapanzano@chu.ulg.ac.be,Navigation système de fichier,IT,2021-03-23,13:30:26,00:00:02
stefano.crapanzano@chu.ulg.ac.be,Navigation système de fichier,IT,2021-03-23,13:34:08,00:00:02
stefano.crapanzano@chu.ulg.ac.be,Navigation système de fichier,IT,2021-03-23,13:36:44,00:00:02
stefano.crapanzano@chu.ulg.ac.be,Navigation système de fichier,IT,2021-03-23,13:39:55,00:00:02
stefano.crapanzano@chu.ulg.ac.be,Navigation système de fichier,IT,2021-03-23,13:40:30,00:00:03
stefano.crapanzano@chu.ulg.ac.be,Navigation système de fichier,IT,2021-03-23,13:41:49,00:00:03
stefano.crapanzano@chu.ulg.ac.be,Navigation système de fichier,IT,2021-03-23,13:46:53,00:00:02
stefano.crapanzano@chu.ulg.ac.be,Navigation système de fichier,IT,2021-03-23,13:47:16,00:00:03
stefano.crapanzano@chu.ulg.ac.be,Navigation système de fichier,IT,2021-03-23,13:51:05,00:00:05
stefano.crapanzano@chu.ulg.ac.be,Navigation système de fichier,IT,2021-03-23,13:52:56,00:00:02
stefano.crapanzano@chu.ulg.ac.be,Navigation système de fichier,IT,2021-03-23,13:53:18,00:01:11
stefano.crapanzano@chu.ulg.ac.be,Navigation système de fichier,IT,2021-03-23,13:55:58,00:00:03
stefano.crapanzano@chu.ulg.ac.be,Navigation système de fichier,IT,2021-03-23,13:56:02,00:00:05
stefano.crapanzano@chu.ulg.ac.be,Navigation système de fichier,IT,2021-03-23,14:00:48,00:00:13
stefano.crapanzano@chu.ulg.ac.be,Navigation système de fichier,IT,2021-03-23,14:03:29,00:00:02
stefano.crapanzano@chu.ulg.ac.be,Navigation système de fichier,IT,2021-03-23,14:03:33,00:00:02
stefano.crapanzano@chu.ulg.ac.be,Navigation système de fichier,IT,2021-03-23,14:03:44,00:00:10
stefano.crapanzano@chu.ulg.ac.be,Navigation système de fichier,IT,2021-03-23,14:06:49,00:00:14
stefano.crapanzano@chu.ulg.ac.be,Navigation système de fichier,IT,2021-03-23,14:12:56,00:00:08
stefano.crapanzano@chu.ulg.ac.be,Navigation système de fichier,IT,2021-03-23,14:13:28,00:00:02
stefano.crapanzano@chu.ulg.ac.be,Navigation système de fichier,IT,2021-03-23,14:13:51,00:00:02
stefano.crapanzano@chu.ulg.ac.be,Navigation système de fichier,IT,2021-03-23,14:14:46,00:00:03
stefano.crapanzano@chu.ulg.ac.be,Navigation système de fichier,IT,2021-03-23,14:17:11,00:00:03
stefano.crapanzano@chu.ulg.ac.be,Navigation système de fichier,IT,2021-03-23,14:17:21,00:00:02
stefano.crapanzano@chu.ulg.ac.be,Navigation système de fichier,IT,2021-03-23,14:25:20,00:00:03
stefano.crapanzano@chu.ulg.ac.be,Navigation système de fichier,IT,2021-03-23,14:25:27,00:00:02
stefano.crapanzano@chu.ulg.ac.be,Navigation système de fichier,IT,2021-03-23,14:25:36,00:00:02
stefano.crapanzano@chu.ulg.ac.be,Navigation système de fichier,IT,2021-03-23,14:25:45,00:00:04
stefano.crapanzano@chu.ulg.ac.be,Navigation système de fichier,IT,2021-03-23,14:26:02,00:00:03
stefano.crapanzano@chu.ulg.ac.be,Navigation système de fichier,IT,2021-03-23,14:27:10,00:00:03
stefano.crapanzano@chu.ulg.ac.be,Navigation système de fichier,IT,2021-03-23,14:27:26,00:00:02
stefano.crapanzano@chu.ulg.ac.be,Navigation système de fichier,IT,2021-03-23,14:29:15,00:00:02
stefano.crapanzano@chu.ulg.ac.be,Navigation système de fichier,IT,2021-03-23,14:35:53,00:00:02
stefano.crapanzano@chu.ulg.ac.be,Navigation système de fichier,IT,2021-03-23,14:41:23,00:00:02
stefano.crapanzano@chu.ulg.ac.be,Navigation système de fichier,IT,2021-03-23,14:41:44,00:00:02
stefano.crapanzano@chu.ulg.ac.be,Navigation système de fichier,IT,2021-03-23,14:41:57,00:00:03
stefano.crapanzano@chu.ulg.ac.be,Navigation système de fichier,IT,2021-03-23,14:43:23,00:00:02
stefano.crapanzano@chu.ulg.ac.be,Navigation système de fichier,IT,2021-03-23,14:44:20,00:00:02
stefano.crapanzano@chu.ulg.ac.be,Navigation système de fichier,IT,2021-03-23,14:44:47,00:00:02
stefano.crapanzano@chu.ulg.ac.be,Navigation système de fichier,IT,2021-03-23,14:45:12,00:00:02
stefano.crapanzano@chu.ulg.ac.be,Navigation système de fichier,IT,2021-03-23,14:46:13,00:00:34
stefano.crapanzano@chu.ulg.ac.be,Navigation système de fichier,IT,2021-03-23,14:46:51,00:00:03
stefano.crapanzano@chu.ulg.ac.be,Navigation système de fichier,IT,2021-03-23,14:47:17,00:00:03
stefano.crapanzano@chu.ulg.ac.be,Navigation système de fichier,IT,2021-03-23,14:47:22,00:00:15
stefano.crapanzano@chu.ulg.ac.be,Navigation système de fichier,IT,2021-03-23,14:47:58,00:00:03
stefano.crapanzano@chu.ulg.ac.be,Navigation système de fichier,IT,2021-03-23,14:48:43,00:00:02
stefano.crapanzano@chu.ulg.ac.be,Navigation système de fichier,IT,2021-03-23,14:49:12,00:00:03
stefano.crapanzano@chu.ulg.ac.be,Navigation système de fichier,IT,2021-03-23,14:53:33,00:00:03
stefano.crapanzano@chu.ulg.ac.be,Navigation système de fichier,IT,2021-03-23,14:53:53,00:00:02
stefano.crapanzano@chu.ulg.ac.be,Navigation système de fichier,IT,2021-03-23,14:55:38,00:00:02
stefano.crapanzano@chu.ulg.ac.be,Navigation système de fichier,IT,2021-03-23,14:59:23,00:00:02
stefano.crapanzano@chu.ulg.ac.be,Navigation système de fichier,IT,2021-03-23,14:59:45,00:00:02
stefano.crapanzano@chu.ulg.ac.be,Navigation système de fichier,IT,2021-03-23,14:59:59,00:00:04
stefano.crapanzano@chu.ulg.ac.be,Navigation système de fichier,IT,2021-03-23,15:01:38,00:00:03
stefano.crapanzano@chu.ulg.ac.be,Navigation système de fichier,IT,2021-03-23,15:01:54,00:00:05
stefano.crapanzano@chu.ulg.ac.be,Navigation système de fichier,IT,2021-03-23,15:03:52,00:00:06
stefano.crapanzano@chu.ulg.ac.be,Navigation système de fichier,IT,2021-03-23,15:06:47,00:00:08
stefano.crapanzano@chu.ulg.ac.be,Navigation système de fichier,IT,2021-03-23,15:06:58,00:00:07
stefano.crapanzano@chu.ulg.ac.be,Navigation système de fichier,IT,2021-03-23,15:07:20,00:00:02
stefano.crapanzano@chu.ulg.ac.be,Navigation système de fichier,IT,2021-03-23,15:08:04,00:00:02
stefano.crapanzano@chu.ulg.ac.be,Navigation système de fichier,IT,2021-03-23,15:09:22,00:00:04
stefano.crapanzano@chu.ulg.ac.be,Navigation système de fichier,IT,2021-03-23,15:14:15,00:00:02
stefano.crapanzano@chu.ulg.ac.be,Navigation système de fichier,IT,2021-03-23,15:20:05,00:00:02
stefano.crapanzano@chu.ulg.ac.be,Navigation système de fichier,IT,2021-03-23,15:22:28,00:00:05
stefano.crapanzano@chu.ulg.ac.be,Navigation système de fichier,IT,2021-03-23,15:28:55,00:00:02
stefano.crapanzano@chu.ulg.ac.be,Navigation système de fichier,IT,2021-03-23,15:45:19,00:00:02
stefano.crapanzano@chu.ulg.ac.be,Navigation système de fichier,IT,2021-03-23,15:47:59,00:00:03
stefano.crapanzano@chu.ulg.ac.be,Navigation système de fichier,IT,2021-03-23,15:48:46,00:00:02
stefano.crapanzano@chu.ulg.ac.be,Navigation système de fichier,IT,2021-03-23,15:56:28,00:00:02
stefano.crapanzano@chu.ulg.ac.be,Navigation système de fichier,IT,2021-03-23,16:19:38,00:00:03
stefano.crapanzano@chu.ulg.ac.be,Navigation système de fichier,IT,2021-03-23,16:21:36,00:00:02
stefano.crapanzano@chu.ulg.ac.be,Navigation système de fichier,IT,2021-03-23,16:22:26,00:00:06
stefano.crapanzano@chu.ulg.ac.be,Navigation système de fichier,IT,2021-03-23,16:27:01,00:00:02
stefano.crapanzano@chu.ulg.ac.be,Navigation système de fichier,IT,2021-03-23,16:28:56,00:00:02
stefano.crapanzano@chu.ulg.ac.be,Navigation système de fichier,IT,2021-03-23,16:40:11,00:00:02
stefano.crapanzano@chu.ulg.ac.be,Navigation système de fichier,IT,2021-03-23,18:21:43,00:00:04
stefano.crapanzano@chu.ulg.ac.be,Navigation système de fichier,IT,2021-03-23,18:22:17,00:00:04
stefano.crapanzano@chu.ulg.ac.be,Navigation système de fichier,IT,2021-03-23,18:22:58,00:00:02
stefano.crapanzano@chu.ulg.ac.be,Navigation système de fichier,IT,2021-03-23,18:33:31,00:00:03
stefano.crapanzano@chu.ulg.ac.be,Navigation système de fichier,IT,2021-03-23,18:34:05,00:00:12
stefano.crapanzano@chu.ulg.ac.be,Navigation système de fichier,IT,2021-03-23,19:05:58,00:00:04
stefano.crapanzano@chu.ulg.ac.be,Navigation système de fichier,IT,2021-03-23,19:12:40,00:00:02
stefano.crapanzano@chu.ulg.ac.be,Navigation système de fichier,IT,2021-03-23,19:42:33,00:00:02
stefano.crapanzano@chu.ulg.ac.be,Navigation système de fichier,IT,2021-03-23,19:45:52,00:00:11
stefano.crapanzano@chu.ulg.ac.be,Navigation système de fichier,IT,2021-03-23,19:46:22,00:00:05
stefano.crapanzano@chu.ulg.ac.be,Navigation système de fichier,IT,2021-03-23,19:49:15,00:00:14
stefano.crapanzano@chu.ulg.ac.be,Navigation système de fichier,IT,2021-03-23,19:49:38,00:00:02
stefano.crapanzano@chu.ulg.ac.be,Navigation système de fichier,IT,2021-03-23,20:32:32,00:00:02
stefano.crapanzano@chu.ulg.ac.be,Boîte de Réception - Zimbra - Stefano Crapanzano - Outlook,Helpdesk général,2021-03-23,08:32:54,00:00:04
stefano.crapanzano@chu.ulg.ac.be,Boîte de Réception - Zimbra - Stefano Crapanzano - Outlook,Helpdesk général,2021-03-23,11:13:28,00:00:24
stefano.crapanzano@chu.ulg.ac.be,Boîte de Réception - Zimbra - Stefano Crapanzano - Outlook,Helpdesk général,2021-03-23,11:13:54,00:00:03
stefano.crapanzano@chu.ulg.ac.be,Boîte de Réception - Zimbra - Stefano Crapanzano - Outlook,Helpdesk général,2021-03-23,11:14:14,00:00:09
stefano.crapanzano@chu.ulg.ac.be,Boîte de Réception - Zimbra - Stefano Crapanzano - Outlook,Helpdesk général,2021-03-23,14:13:10,00:00:04
stefano.crapanzano@chu.ulg.ac.be,Boîte de Réception - Zimbra - Stefano Crapanzano - Outlook,Helpdesk général,2021-03-23,14:13:19,00:00:09
stefano.crapanzano@chu.ulg.ac.be,Boîte de Réception - Zimbra - Stefano Crapanzano - Outlook,Helpdesk général,2021-03-23,14:13:53,00:00:02
stefano.crapanzano@chu.ulg.ac.be,Boîte de Réception - Zimbra - Stefano Crapanzano - Outlook,Helpdesk général,2021-03-23,14:14:44,00:00:02
stefano.crapanzano@chu.ulg.ac.be,Boîte de Réception - Zimbra - Stefano Crapanzano - Outlook,Helpdesk général,2021-03-23,14:21:50,00:00:03
stefano.crapanzano@chu.ulg.ac.be,Boîte de Réception - Zimbra - Stefano Crapanzano - Outlook,Helpdesk général,2021-03-23,14:22:02,00:00:02
stefano.crapanzano@chu.ulg.ac.be,Boîte de Réception - Zimbra - Stefano Crapanzano - Outlook,Helpdesk général,2021-03-23,16:00:13,00:00:37
stefano.crapanzano@chu.ulg.ac.be,Boîte de réception - erp.sai@chuliege.be - Outlook,Helpdesk général,2021-03-23,08:32:59,00:04:09
stefano.crapanzano@chu.ulg.ac.be,Boîte de réception - erp.sai@chuliege.be - Outlook,Helpdesk général,2021-03-23,08:37:10,00:00:04
stefano.crapanzano@chu.ulg.ac.be,Boîte de réception - erp.sai@chuliege.be - Outlook,Helpdesk général,2021-03-23,08:39:07,00:00:02
stefano.crapanzano@chu.ulg.ac.be,Boîte de réception - erp.sai@chuliege.be - Outlook,Helpdesk général,2021-03-23,09:29:20,00:00:05
stefano.crapanzano@chu.ulg.ac.be,Boîte de réception - erp.sai@chuliege.be - Outlook,Helpdesk général,2021-03-23,09:42:50,00:01:12
stefano.crapanzano@chu.ulg.ac.be,Boîte de réception - erp.sai@chuliege.be - Outlook,Helpdesk général,2021-03-23,10:35:17,00:00:12
stefano.crapanzano@chu.ulg.ac.be,Boîte de réception - erp.sai@chuliege.be - Outlook,Helpdesk général,2021-03-23,10:38:52,00:00:04
stefano.crapanzano@chu.ulg.ac.be,Boîte de réception - erp.sai@chuliege.be - Outlook,Helpdesk général,2021-03-23,10:38:58,00:00:29
stefano.crapanzano@chu.ulg.ac.be,Boîte de réception - erp.sai@chuliege.be - Outlook,Helpdesk général,2021-03-23,10:39:30,00:01:06
stefano.crapanzano@chu.ulg.ac.be,Boîte de réception - erp.sai@chuliege.be - Outlook,Helpdesk général,2021-03-23,11:10:57,00:00:03
stefano.crapanzano@chu.ulg.ac.be,Boîte de réception - erp.sai@chuliege.be - Outlook,Helpdesk général,2021-03-23,11:11:53,00:00:06
stefano.crapanzano@chu.ulg.ac.be,Boîte de réception - erp.sai@chuliege.be - Outlook,Helpdesk général,2021-03-23,11:13:12,00:00:15
stefano.crapanzano@chu.ulg.ac.be,Boîte de réception - erp.sai@chuliege.be - Outlook,Helpdesk général,2021-03-23,11:15:52,00:00:02
stefano.crapanzano@chu.ulg.ac.be,Boîte de réception - erp.sai@chuliege.be - Outlook,Helpdesk général,2021-03-23,11:18:40,00:00:15
stefano.crapanzano@chu.ulg.ac.be,Boîte de réception - erp.sai@chuliege.be - Outlook,Helpdesk général,2021-03-23,12:34:26,00:00:04
stefano.crapanzano@chu.ulg.ac.be,Boîte de réception - erp.sai@chuliege.be - Outlook,Helpdesk général,2021-03-23,12:35:24,00:00:07
stefano.crapanzano@chu.ulg.ac.be,Boîte de réception - erp.sai@chuliege.be - Outlook,Helpdesk général,2021-03-23,14:13:05,00:00:05
stefano.crapanzano@chu.ulg.ac.be,Boîte de réception - erp.sai@chuliege.be - Outlook,Helpdesk général,2021-03-23,14:21:53,00:00:08
stefano.crapanzano@chu.ulg.ac.be,Boîte de réception - erp.sai@chuliege.be - Outlook,Helpdesk général,2021-03-23,14:22:04,00:00:02
stefano.crapanzano@chu.ulg.ac.be,Boîte de réception - erp.sai@chuliege.be - Outlook,Helpdesk général,2021-03-23,14:34:58,00:00:05
stefano.crapanzano@chu.ulg.ac.be,Boîte de réception - erp.sai@chuliege.be - Outlook,Helpdesk général,2021-03-23,14:42:31,00:00:37
stefano.crapanzano@chu.ulg.ac.be,Boîte de réception - erp.sai@chuliege.be - Outlook,Helpdesk général,2021-03-23,14:43:40,00:00:07
stefano.crapanzano@chu.ulg.ac.be,Boîte de réception - erp.sai@chuliege.be - Outlook,Helpdesk général,2021-03-23,14:53:00,00:00:05
stefano.crapanzano@chu.ulg.ac.be,Boîte de réception - erp.sai@chuliege.be - Outlook,Helpdesk général,2021-03-23,15:08:06,00:00:04
stefano.crapanzano@chu.ulg.ac.be,Boîte de réception - erp.sai@chuliege.be - Outlook,Helpdesk général,2021-03-23,15:08:39,00:00:16
stefano.crapanzano@chu.ulg.ac.be,Boîte de réception - erp.sai@chuliege.be - Outlook,Helpdesk général,2021-03-23,15:14:17,00:00:02
stefano.crapanzano@chu.ulg.ac.be,Boîte de réception - erp.sai@chuliege.be - Outlook,Helpdesk général,2021-03-23,15:17:43,00:00:03
stefano.crapanzano@chu.ulg.ac.be,Boîte de réception - erp.sai@chuliege.be - Outlook,Helpdesk général,2021-03-23,16:00:50,00:01:32
stefano.crapanzano@chu.ulg.ac.be,Boîte de réception - erp.sai@chuliege.be - Outlook,Helpdesk général,2021-03-23,16:03:08,00:00:04
stefano.crapanzano@chu.ulg.ac.be,Boîte de réception - erp.sai@chuliege.be - Outlook,Helpdesk général,2021-03-23,16:28:13,00:00:07
stefano.crapanzano@chu.ulg.ac.be,Lecture documentation,Tâches diverses,2021-03-23,08:37:15,00:01:07
stefano.crapanzano@chu.ulg.ac.be,Lecture documentation,Tâches diverses,2021-03-23,08:53:22,00:00:03
stefano.crapanzano@chu.ulg.ac.be,Lecture documentation,Tâches diverses,2021-03-23,08:53:39,00:00:05
stefano.crapanzano@chu.ulg.ac.be,Lecture documentation,Tâches diverses,2021-03-23,09:29:26,00:00:35
stefano.crapanzano@chu.ulg.ac.be,Lecture documentation,Tâches diverses,2021-03-23,13:52:00,00:00:18
stefano.crapanzano@chu.ulg.ac.be,Lecture documentation,Tâches diverses,2021-03-23,14:03:35,00:00:08
stefano.crapanzano@chu.ulg.ac.be,Lecture documentation,Tâches diverses,2021-03-23,14:03:54,00:00:52
stefano.crapanzano@chu.ulg.ac.be,Lecture documentation,Tâches diverses,2021-03-23,14:04:48,00:01:44
stefano.crapanzano@chu.ulg.ac.be,Lecture documentation,Tâches diverses,2021-03-23,14:06:46,00:00:03
stefano.crapanzano@chu.ulg.ac.be,Lecture documentation,Tâches diverses,2021-03-23,14:10:47,00:00:07
stefano.crapanzano@chu.ulg.ac.be,Lecture documentation,Tâches diverses,2021-03-23,14:10:57,00:00:03
stefano.crapanzano@chu.ulg.ac.be,Lecture documentation,Tâches diverses,2021-03-23,14:17:04,00:00:06
stefano.crapanzano@chu.ulg.ac.be,Lecture documentation,Tâches diverses,2021-03-23,14:34:44,00:00:13
stefano.crapanzano@chu.ulg.ac.be,Lecture documentation,Tâches diverses,2021-03-23,14:35:05,00:00:07
stefano.crapanzano@chu.ulg.ac.be,Lecture documentation,Tâches diverses,2021-03-23,14:35:41,00:00:12
stefano.crapanzano@chu.ulg.ac.be,Lecture documentation,Tâches diverses,2021-03-23,14:36:14,00:00:05
stefano.crapanzano@chu.ulg.ac.be,Lecture documentation,Tâches diverses,2021-03-23,14:36:28,00:00:02
stefano.crapanzano@chu.ulg.ac.be,Lecture documentation,Tâches diverses,2021-03-23,14:37:06,00:00:08
stefano.crapanzano@chu.ulg.ac.be,Lecture documentation,Tâches diverses,2021-03-23,14:37:34,00:00:10
stefano.crapanzano@chu.ulg.ac.be,Lecture documentation,Tâches diverses,2021-03-23,14:37:50,00:00:15
stefano.crapanzano@chu.ulg.ac.be,Lecture documentation,Tâches diverses,2021-03-23,14:38:17,00:00:37
stefano.crapanzano@chu.ulg.ac.be,Lecture documentation,Tâches diverses,2021-03-23,14:40:48,00:00:14
stefano.crapanzano@chu.ulg.ac.be,Lecture documentation,Tâches diverses,2021-03-23,14:41:25,00:00:18
stefano.crapanzano@chu.ulg.ac.be,Lecture documentation,Tâches diverses,2021-03-23,14:44:22,00:00:15
stefano.crapanzano@chu.ulg.ac.be,Lecture documentation,Tâches diverses,2021-03-23,14:47:09,00:00:07
stefano.crapanzano@chu.ulg.ac.be,Lecture documentation,Tâches diverses,2021-03-23,14:48:45,00:00:27
stefano.crapanzano@chu.ulg.ac.be,Lecture documentation,Tâches diverses,2021-03-23,14:49:28,00:00:14
stefano.crapanzano@chu.ulg.ac.be,Lecture documentation,Tâches diverses,2021-03-23,14:50:50,00:02:05
stefano.crapanzano@chu.ulg.ac.be,Lecture documentation,Tâches diverses,2021-03-23,14:53:19,00:00:13
stefano.crapanzano@chu.ulg.ac.be,Lecture documentation,Tâches diverses,2021-03-23,14:53:36,00:00:16
stefano.crapanzano@chu.ulg.ac.be,Lecture documentation,Tâches diverses,2021-03-23,14:54:35,00:00:11
stefano.crapanzano@chu.ulg.ac.be,Lecture documentation,Tâches diverses,2021-03-23,14:55:12,00:00:26
stefano.crapanzano@chu.ulg.ac.be,Lecture documentation,Tâches diverses,2021-03-23,14:56:45,00:00:41
stefano.crapanzano@chu.ulg.ac.be,Lecture documentation,Tâches diverses,2021-03-23,14:59:50,00:00:08
stefano.crapanzano@chu.ulg.ac.be,Lecture documentation,Tâches diverses,2021-03-23,15:00:15,00:00:05
stefano.crapanzano@chu.ulg.ac.be,Lecture documentation,Tâches diverses,2021-03-23,15:05:18,00:00:14
stefano.crapanzano@chu.ulg.ac.be,Lecture documentation,Tâches diverses,2021-03-23,15:05:40,00:00:02
stefano.crapanzano@chu.ulg.ac.be,Lecture documentation,Tâches diverses,2021-03-23,15:06:11,00:00:02
stefano.crapanzano@chu.ulg.ac.be,Lecture documentation,Tâches diverses,2021-03-23,15:06:35,00:00:12
stefano.crapanzano@chu.ulg.ac.be,Lecture documentation,Tâches diverses,2021-03-23,15:06:56,00:00:02
stefano.crapanzano@chu.ulg.ac.be,Lecture documentation,Tâches diverses,2021-03-23,15:07:08,00:00:12
stefano.crapanzano@chu.ulg.ac.be,Lecture documentation,Tâches diverses,2021-03-23,16:29:19,00:00:03
stefano.crapanzano@chu.ulg.ac.be,Lecture documentation,Tâches diverses,2021-03-23,16:30:05,00:10:05
stefano.crapanzano@chu.ulg.ac.be,Lecture documentation,Tâches diverses,2021-03-23,18:08:35,00:01:12
stefano.crapanzano@chu.ulg.ac.be,Lecture documentation,Tâches diverses,2021-03-23,18:13:25,00:00:23
stefano.crapanzano@chu.ulg.ac.be,Nouvel onglet - Google Chrome,Tâches diverses,2021-03-23,08:38:23,00:00:02
stefano.crapanzano@chu.ulg.ac.be,Nouvel onglet - Google Chrome,Tâches diverses,2021-03-23,09:35:32,00:00:13
stefano.crapanzano@chu.ulg.ac.be,Nouvel onglet - Google Chrome,Tâches diverses,2021-03-23,10:11:17,00:00:05
stefano.crapanzano@chu.ulg.ac.be,Nouvel onglet - Google Chrome,Tâches diverses,2021-03-23,10:27:02,00:00:09
stefano.crapanzano@chu.ulg.ac.be,Nouvel onglet - Google Chrome,Tâches diverses,2021-03-23,10:40:39,00:00:03
stefano.crapanzano@chu.ulg.ac.be,Nouvel onglet - Google Chrome,Tâches diverses,2021-03-23,11:12:02,00:00:08
stefano.crapanzano@chu.ulg.ac.be,Nouvel onglet - Google Chrome,Tâches diverses,2021-03-23,12:44:55,00:00:07
stefano.crapanzano@chu.ulg.ac.be,Nouvel onglet - Google Chrome,Tâches diverses,2021-03-23,13:37:14,00:00:09
stefano.crapanzano@chu.ulg.ac.be,Nouvel onglet - Google Chrome,Tâches diverses,2021-03-23,18:16:35,00:00:07
stefano.crapanzano@chu.ulg.ac.be,Nouvel onglet - Google Chrome,Tâches diverses,2021-03-23,19:18:07,00:00:04
stefano.crapanzano@chu.ulg.ac.be,Identification - Google Chrome,Tâches diverses,2021-03-23,08:38:26,00:00:09
stefano.crapanzano@chu.ulg.ac.be,SAM - DB - Google Chrome,Tâches diverses,2021-03-23,08:38:37,00:00:27
stefano.crapanzano@chu.ulg.ac.be,SAM - DB - Google Chrome,Tâches diverses,2021-03-23,08:40:22,00:00:33
stefano.crapanzano@chu.ulg.ac.be,SAM - DB - Google Chrome,Tâches diverses,2021-03-23,08:53:37,00:00:02
stefano.crapanzano@chu.ulg.ac.be,SAM - DB - Google Chrome,Tâches diverses,2021-03-23,09:35:25,00:00:06
stefano.crapanzano@chu.ulg.ac.be,SAM - DB - Google Chrome,Tâches diverses,2021-03-23,15:45:36,00:02:09
stefano.crapanzano@chu.ulg.ac.be,SAM - DB - Google Chrome,Tâches diverses,2021-03-23,16:02:23,00:00:34
stefano.crapanzano@chu.ulg.ac.be,SAM - DB - Google Chrome,Tâches diverses,2021-03-23,16:03:13,00:00:14
stefano.crapanzano@chu.ulg.ac.be,SAM - DB - Google Chrome,Tâches diverses,2021-03-23,16:54:21,00:01:12
stefano.crapanzano@chu.ulg.ac.be,SAM - DB - Google Chrome,Helpdesk général,2021-03-23,18:13:20,00:00:03
stefano.crapanzano@chu.ulg.ac.be,Sans titre - Message (HTML),Helpdesk général,2021-03-23,08:39:09,00:01:12
stefano.crapanzano@chu.ulg.ac.be,Sans titre - Message (HTML),Helpdesk général,2021-03-23,08:40:55,00:06:22
stefano.crapanzano@chu.ulg.ac.be,Sans titre - Message (HTML),Helpdesk général,2021-03-23,08:48:17,00:02:18
stefano.crapanzano@chu.ulg.ac.be,Sans titre - Message (HTML),Helpdesk général,2021-03-23,11:15:54,00:00:21
stefano.crapanzano@chu.ulg.ac.be,Sans titre - Message (HTML),Helpdesk général,2021-03-23,14:13:15,00:00:03
stefano.crapanzano@chu.ulg.ac.be,Sans titre - Message (HTML),Helpdesk général,2021-03-23,15:14:59,00:00:15
stefano.crapanzano@chu.ulg.ac.be,Sans titre - Message (HTML),Helpdesk général,2021-03-23,15:23:33,00:00:08
stefano.crapanzano@chu.ulg.ac.be,Sans titre - Message (HTML),Helpdesk général,2021-03-23,15:24:29,00:00:53
stefano.crapanzano@chu.ulg.ac.be,Sans titre - Message (HTML),Helpdesk général,2021-03-23,15:48:44,00:00:02
stefano.crapanzano@chu.ulg.ac.be,Sans titre - Message (HTML),Helpdesk général,2021-03-23,15:49:34,00:00:02
stefano.crapanzano@chu.ulg.ac.be,Netop Invité,Helpdesk général,2021-03-23,08:47:17,00:00:03
stefano.crapanzano@chu.ulg.ac.be,Netop Invité,Helpdesk général,2021-03-23,10:55:36,00:00:19
stefano.crapanzano@chu.ulg.ac.be,Netop Invité,IT,2021-03-23,11:20:18,00:00:04
stefano.crapanzano@chu.ulg.ac.be,Netop Invité,Helpdesk général,2021-03-23,13:37:06,00:00:06
stefano.crapanzano@chu.ulg.ac.be,Netop Invité,Helpdesk général,2021-03-23,14:57:42,00:00:04
stefano.crapanzano@chu.ulg.ac.be,Connexion à l'aide de l'authentification Windows,Helpdesk général,2021-03-23,08:47:22,00:00:02
stefano.crapanzano@chu.ulg.ac.be,Connexion à l'aide de l'authentification Windows,Helpdesk général,2021-03-23,10:55:55,00:00:02
stefano.crapanzano@chu.ulg.ac.be,Connexion à l'aide de l'authentification Windows,Helpdesk général,2021-03-23,11:20:23,00:00:02
stefano.crapanzano@chu.ulg.ac.be,Connexion à l'aide de l'authentification Windows,Helpdesk général,2021-03-23,13:39:05,00:00:02
stefano.crapanzano@chu.ulg.ac.be,Connexion à l'aide de l'authentification Windows,Helpdesk général,2021-03-23,14:57:47,00:00:02
stefano.crapanzano@chu.ulg.ac.be,Connexion à l'aide de l'authentification Windows,Helpdesk général,2021-03-23,19:06:03,00:00:03
stefano.crapanzano@chu.ulg.ac.be,erpftp - Netop Remote Control,Helpdesk général,2021-03-23,08:47:26,00:00:49
stefano.crapanzano@chu.ulg.ac.be,erpftp - Netop Remote Control,Helpdesk général,2021-03-23,08:51:05,00:00:38
stefano.crapanzano@chu.ulg.ac.be,erpftp - Netop Remote Control,Helpdesk général,2021-03-23,08:52:33,00:00:28
stefano.crapanzano@chu.ulg.ac.be,erpftp - Netop Remote Control,Helpdesk général,2021-03-23,08:53:26,00:00:10
stefano.crapanzano@chu.ulg.ac.be,erpftp - Netop Remote Control,Helpdesk général,2021-03-23,08:53:46,00:03:48
stefano.crapanzano@chu.ulg.ac.be,erpftp - Netop Remote Control,Helpdesk général,2021-03-23,08:57:50,00:15:13
stefano.crapanzano@chu.ulg.ac.be,erpftp - Netop Remote Control,Helpdesk général,2021-03-23,09:13:27,00:00:06
stefano.crapanzano@chu.ulg.ac.be,erpftp - Netop Remote Control,Helpdesk général,2021-03-23,09:13:37,00:01:00
stefano.crapanzano@chu.ulg.ac.be,erpftp - Netop Remote Control,Helpdesk général,2021-03-23,09:14:43,00:00:26
stefano.crapanzano@chu.ulg.ac.be,erpftp - Netop Remote Control,Helpdesk général,2021-03-23,09:15:19,00:00:18
stefano.crapanzano@chu.ulg.ac.be,erpftp - Netop Remote Control,Helpdesk général,2021-03-23,09:15:43,00:00:49
stefano.crapanzano@chu.ulg.ac.be,erpftp - Netop Remote Control,Helpdesk général,2021-03-23,09:16:39,00:00:39
stefano.crapanzano@chu.ulg.ac.be,erpftp - Netop Remote Control,Helpdesk général,2021-03-23,09:17:29,00:01:13
stefano.crapanzano@chu.ulg.ac.be,erpftp - Netop Remote Control,Helpdesk général,2021-03-23,09:18:52,00:00:51
stefano.crapanzano@chu.ulg.ac.be,erpftp - Netop Remote Control,Helpdesk général,2021-03-23,09:19:49,00:09:29
stefano.crapanzano@chu.ulg.ac.be,erpftp - Netop Remote Control,Helpdesk général,2021-03-23,09:30:03,00:05:22
stefano.crapanzano@chu.ulg.ac.be,erpftp - Netop Remote Control,Helpdesk général,2021-03-23,09:38:37,00:02:12
stefano.crapanzano@chu.ulg.ac.be,erpftp - Netop Remote Control,Helpdesk général,2021-03-23,09:41:44,00:01:01
stefano.crapanzano@chu.ulg.ac.be,erpftp - Netop Remote Control,Helpdesk général,2021-03-23,09:45:22,00:01:04
stefano.crapanzano@chu.ulg.ac.be,erpftp - Netop Remote Control,Helpdesk général,2021-03-23,09:46:31,00:01:39
stefano.crapanzano@chu.ulg.ac.be,erpftp - Netop Remote Control,Helpdesk général,2021-03-23,09:48:34,00:00:22
stefano.crapanzano@chu.ulg.ac.be,erpftp - Netop Remote Control,Helpdesk général,2021-03-23,09:49:12,00:15:53
stefano.crapanzano@chu.ulg.ac.be,erpftp - Netop Remote Control,Helpdesk général,2021-03-23,10:06:11,00:05:02
stefano.crapanzano@chu.ulg.ac.be,erpftp - Netop Remote Control,Helpdesk général,2021-03-23,10:12:53,00:14:04
stefano.crapanzano@chu.ulg.ac.be,erpftp - Netop Remote Control,Helpdesk général,2021-03-23,10:27:47,00:07:28
stefano.crapanzano@chu.ulg.ac.be,erpftp - Netop Remote Control,Helpdesk général,2021-03-23,11:20:26,00:59:13
stefano.crapanzano@chu.ulg.ac.be,erpftp - Netop Remote Control,Helpdesk général,2021-03-23,13:39:09,00:00:46
stefano.crapanzano@chu.ulg.ac.be,erpftp - Netop Remote Control,Helpdesk général,2021-03-23,13:40:14,00:00:15
stefano.crapanzano@chu.ulg.ac.be,erpftp - Netop Remote Control,Helpdesk général,2021-03-23,14:57:50,00:01:32
stefano.crapanzano@chu.ulg.ac.be,erpftp - Netop Remote Control,Helpdesk général,2021-03-23,15:30:38,00:06:42
stefano.crapanzano@chu.ulg.ac.be,erpftp - Netop Remote Control,Helpdesk général,2021-03-23,15:37:21,00:07:01
stefano.crapanzano@chu.ulg.ac.be,erpftp - Netop Remote Control,Helpdesk général,2021-03-23,15:44:25,00:00:53
stefano.crapanzano@chu.ulg.ac.be,erpftp - Netop Remote Control,Helpdesk général,2021-03-23,15:45:30,00:00:02
stefano.crapanzano@chu.ulg.ac.be,erpftp - Netop Remote Control,Helpdesk général,2021-03-23,15:47:47,00:00:12
stefano.crapanzano@chu.ulg.ac.be,erpftp - Netop Remote Control,Helpdesk général,2021-03-23,15:48:23,00:00:20
stefano.crapanzano@chu.ulg.ac.be,erpftp - Netop Remote Control,Helpdesk général,2021-03-23,15:49:36,00:06:51
stefano.crapanzano@chu.ulg.ac.be,erpftp - Netop Remote Control,Helpdesk général,2021-03-23,16:03:28,00:01:48
stefano.crapanzano@chu.ulg.ac.be,erpftp - Netop Remote Control,Helpdesk général,2021-03-23,16:05:44,00:01:35
stefano.crapanzano@chu.ulg.ac.be,erpftp - Netop Remote Control,Helpdesk général,2021-03-23,16:07:21,00:00:21
stefano.crapanzano@chu.ulg.ac.be,erpftp - Netop Remote Control,Helpdesk général,2021-03-23,16:07:47,00:01:09
stefano.crapanzano@chu.ulg.ac.be,erpftp - Netop Remote Control,Helpdesk général,2021-03-23,16:09:01,00:00:15
stefano.crapanzano@chu.ulg.ac.be,erpftp - Netop Remote Control,Helpdesk général,2021-03-23,16:09:19,00:10:13
stefano.crapanzano@chu.ulg.ac.be,erpftp - Netop Remote Control,Helpdesk général,2021-03-23,16:23:09,00:03:52
stefano.crapanzano@chu.ulg.ac.be,erpftp - Netop Remote Control,Helpdesk général,2021-03-23,16:27:12,00:00:02
stefano.crapanzano@chu.ulg.ac.be,erpftp - Netop Remote Control,Helpdesk général,2021-03-23,16:40:13,00:14:08
stefano.crapanzano@chu.ulg.ac.be,erpftp - Netop Remote Control,Helpdesk général,2021-03-23,16:55:33,00:27:03
stefano.crapanzano@chu.ulg.ac.be,erpftp - Netop Remote Control,Helpdesk général,2021-03-23,17:23:37,00:10:16
stefano.crapanzano@chu.ulg.ac.be,erpftp - Netop Remote Control,Helpdesk général,2021-03-23,17:34:08,00:00:07
stefano.crapanzano@chu.ulg.ac.be,erpftp - Netop Remote Control,Helpdesk général,2021-03-23,17:34:39,00:00:09
stefano.crapanzano@chu.ulg.ac.be,erpftp - Netop Remote Control,Helpdesk général,2021-03-23,17:35:34,00:00:15
stefano.crapanzano@chu.ulg.ac.be,erpftp - Netop Remote Control,Helpdesk général,2021-03-23,17:35:53,00:00:13
stefano.crapanzano@chu.ulg.ac.be,erpftp - Netop Remote Control,Helpdesk général,2021-03-23,17:36:10,00:32:25
stefano.crapanzano@chu.ulg.ac.be,erpftp - Netop Remote Control,Helpdesk général,2021-03-23,18:09:48,00:03:31
stefano.crapanzano@chu.ulg.ac.be,erpftp - Netop Remote Control,Helpdesk général,2021-03-23,18:13:51,00:02:42
stefano.crapanzano@chu.ulg.ac.be,erpftp - Netop Remote Control,Helpdesk général,2021-03-23,18:17:03,00:04:40
stefano.crapanzano@chu.ulg.ac.be,erpftp - Netop Remote Control,Helpdesk général,2021-03-23,18:22:07,00:00:09
stefano.crapanzano@chu.ulg.ac.be,erpftp - Netop Remote Control,Helpdesk général,2021-03-23,18:22:31,00:00:26
stefano.crapanzano@chu.ulg.ac.be,erpftp - Netop Remote Control,Helpdesk général,2021-03-23,18:23:09,00:01:09
stefano.crapanzano@chu.ulg.ac.be,erpftp - Netop Remote Control,Helpdesk général,2021-03-23,18:24:42,00:06:13
stefano.crapanzano@chu.ulg.ac.be,erpftp - Netop Remote Control,Helpdesk général,2021-03-23,18:32:14,00:01:16
stefano.crapanzano@chu.ulg.ac.be,erpftp - Netop Remote Control,Helpdesk général,2021-03-23,18:34:18,00:31:39
stefano.crapanzano@chu.ulg.ac.be,erpftp - Netop Remote Control,Helpdesk général,2021-03-23,19:06:08,00:06:25
stefano.crapanzano@chu.ulg.ac.be,erpftp - Netop Remote Control,Helpdesk général,2021-03-23,19:12:43,00:05:22
stefano.crapanzano@chu.ulg.ac.be,erpftp - Netop Remote Control,Helpdesk général,2021-03-23,19:18:16,00:00:41
stefano.crapanzano@chu.ulg.ac.be,erpftp - Netop Remote Control,Helpdesk général,2021-03-23,19:19:25,00:23:07
stefano.crapanzano@chu.ulg.ac.be,erpftp - Netop Remote Control,Helpdesk général,2021-03-23,19:44:15,00:00:51
stefano.crapanzano@chu.ulg.ac.be,erpftp - Netop Remote Control,Helpdesk général,2021-03-23,19:45:21,00:00:10
stefano.crapanzano@chu.ulg.ac.be,erpftp - Netop Remote Control,Helpdesk général,2021-03-23,19:46:27,00:02:48
stefano.crapanzano@chu.ulg.ac.be,erpftp - Netop Remote Control,Helpdesk général,2021-03-23,19:49:30,00:00:08
stefano.crapanzano@chu.ulg.ac.be,erpftp - Netop Remote Control,Helpdesk général,2021-03-23,19:49:40,00:03:33
stefano.crapanzano@chu.ulg.ac.be,erpftp - Netop Remote Control,Helpdesk général,2021-03-23,19:53:25,00:39:07
stefano.crapanzano@chu.ulg.ac.be,nouvel accès via SSO à goal.chuliege.be - Message (HTML),Helpdesk général,2021-03-23,08:50:35,00:00:30
stefano.crapanzano@chu.ulg.ac.be,nouvel accès via SSO à goal.chuliege.be - Message (HTML),Helpdesk général,2021-03-23,15:48:02,00:00:20
stefano.crapanzano@chu.ulg.ac.be,nouvel accès via SSO à goal.chuliege.be - Message (HTML),Helpdesk général,2021-03-23,15:48:49,00:00:41
stefano.crapanzano@chu.ulg.ac.be,Programmation,IT,2021-03-23,08:51:45,00:00:46
stefano.crapanzano@chu.ulg.ac.be,Programmation,IT,2021-03-23,08:57:36,00:00:13
stefano.crapanzano@chu.ulg.ac.be,Programmation,IT,2021-03-23,10:05:07,00:00:06
stefano.crapanzano@chu.ulg.ac.be,Programmation,IT,2021-03-23,10:05:17,00:00:53
stefano.crapanzano@chu.ulg.ac.be,Programmation,IT,2021-03-23,13:39:58,00:00:16
stefano.crapanzano@chu.ulg.ac.be,Programmation,IT,2021-03-23,13:40:33,00:00:28
stefano.crapanzano@chu.ulg.ac.be,Programmation,IT,2021-03-23,13:41:08,00:00:40
stefano.crapanzano@chu.ulg.ac.be,Programmation,IT,2021-03-23,13:41:52,00:01:40
stefano.crapanzano@chu.ulg.ac.be,Programmation,IT,2021-03-23,13:43:34,00:00:27
stefano.crapanzano@chu.ulg.ac.be,Programmation,IT,2021-03-23,13:44:03,00:00:17
stefano.crapanzano@chu.ulg.ac.be,Programmation,IT,2021-03-23,13:44:21,00:00:32
stefano.crapanzano@chu.ulg.ac.be,Programmation,IT,2021-03-23,13:44:54,00:00:06
stefano.crapanzano@chu.ulg.ac.be,Programmation,IT,2021-03-23,13:45:02,00:00:24
stefano.crapanzano@chu.ulg.ac.be,Programmation,IT,2021-03-23,13:45:28,00:00:12
stefano.crapanzano@chu.ulg.ac.be,Programmation,IT,2021-03-23,13:45:41,00:00:03
stefano.crapanzano@chu.ulg.ac.be,Programmation,IT,2021-03-23,13:45:46,00:00:23
stefano.crapanzano@chu.ulg.ac.be,Programmation,IT,2021-03-23,13:46:10,00:00:42
stefano.crapanzano@chu.ulg.ac.be,Programmation,IT,2021-03-23,13:46:55,00:00:20
stefano.crapanzano@chu.ulg.ac.be,Programmation,IT,2021-03-23,13:47:19,00:01:57
stefano.crapanzano@chu.ulg.ac.be,Programmation,IT,2021-03-23,13:49:18,00:00:33
stefano.crapanzano@chu.ulg.ac.be,Programmation,IT,2021-03-23,13:50:07,00:00:57
stefano.crapanzano@chu.ulg.ac.be,Programmation,IT,2021-03-23,13:51:11,00:00:49
stefano.crapanzano@chu.ulg.ac.be,Programmation,IT,2021-03-23,13:52:20,00:00:30
stefano.crapanzano@chu.ulg.ac.be,Programmation,IT,2021-03-23,13:52:59,00:00:18
stefano.crapanzano@chu.ulg.ac.be,Programmation,IT,2021-03-23,13:54:29,00:01:25
stefano.crapanzano@chu.ulg.ac.be,Programmation,IT,2021-03-23,14:07:04,00:03:43
stefano.crapanzano@chu.ulg.ac.be,Programmation,IT,2021-03-23,14:11:02,00:00:52
stefano.crapanzano@chu.ulg.ac.be,Programmation,IT,2021-03-23,14:11:57,00:00:59
stefano.crapanzano@chu.ulg.ac.be,Programmation,IT,2021-03-23,14:14:49,00:02:14
stefano.crapanzano@chu.ulg.ac.be,Programmation,IT,2021-03-23,14:17:14,00:00:06
stefano.crapanzano@chu.ulg.ac.be,Programmation,IT,2021-03-23,14:17:23,00:03:53
stefano.crapanzano@chu.ulg.ac.be,Programmation,IT,2021-03-23,14:21:18,00:00:30
stefano.crapanzano@chu.ulg.ac.be,Programmation,IT,2021-03-23,14:22:08,00:01:42
stefano.crapanzano@chu.ulg.ac.be,Programmation,IT,2021-03-23,14:23:51,00:01:29
stefano.crapanzano@chu.ulg.ac.be,Programmation,IT,2021-03-23,14:25:58,00:00:04
stefano.crapanzano@chu.ulg.ac.be,Programmation,IT,2021-03-23,14:26:19,00:00:50
stefano.crapanzano@chu.ulg.ac.be,Programmation,IT,2021-03-23,14:27:13,00:00:13
stefano.crapanzano@chu.ulg.ac.be,Programmation,IT,2021-03-23,14:27:29,00:00:06
stefano.crapanzano@chu.ulg.ac.be,Programmation,IT,2021-03-23,14:27:37,00:00:18
stefano.crapanzano@chu.ulg.ac.be,Programmation,IT,2021-03-23,14:27:56,00:00:27
stefano.crapanzano@chu.ulg.ac.be,Programmation,IT,2021-03-23,14:28:25,00:00:33
stefano.crapanzano@chu.ulg.ac.be,Programmation,IT,2021-03-23,14:28:59,00:00:02
stefano.crapanzano@chu.ulg.ac.be,Programmation,IT,2021-03-23,14:29:07,00:00:07
stefano.crapanzano@chu.ulg.ac.be,Programmation,IT,2021-03-23,14:29:17,00:00:03
stefano.crapanzano@chu.ulg.ac.be,Programmation,IT,2021-03-23,14:29:21,00:03:09
stefano.crapanzano@chu.ulg.ac.be,Programmation,IT,2021-03-23,14:32:32,00:00:04
stefano.crapanzano@chu.ulg.ac.be,Programmation,IT,2021-03-23,14:32:37,00:00:19
stefano.crapanzano@chu.ulg.ac.be,Programmation,IT,2021-03-23,14:32:58,00:01:45
stefano.crapanzano@chu.ulg.ac.be,Programmation,IT,2021-03-23,14:35:15,00:00:25
stefano.crapanzano@chu.ulg.ac.be,Programmation,IT,2021-03-23,14:35:56,00:00:17
stefano.crapanzano@chu.ulg.ac.be,Programmation,IT,2021-03-23,14:36:20,00:00:06
stefano.crapanzano@chu.ulg.ac.be,Programmation,IT,2021-03-23,14:36:30,00:00:35
stefano.crapanzano@chu.ulg.ac.be,Programmation,IT,2021-03-23,14:37:14,00:00:19
stefano.crapanzano@chu.ulg.ac.be,Programmation,IT,2021-03-23,14:37:44,00:00:05
stefano.crapanzano@chu.ulg.ac.be,Programmation,IT,2021-03-23,14:38:06,00:00:11
stefano.crapanzano@chu.ulg.ac.be,Programmation,IT,2021-03-23,14:39:26,00:00:38
stefano.crapanzano@chu.ulg.ac.be,Programmation,IT,2021-03-23,14:40:29,00:00:17
stefano.crapanzano@chu.ulg.ac.be,Programmation,IT,2021-03-23,14:41:04,00:00:09
stefano.crapanzano@chu.ulg.ac.be,Programmation,IT,2021-03-23,14:41:46,00:00:11
stefano.crapanzano@chu.ulg.ac.be,Programmation,IT,2021-03-23,14:42:01,00:00:29
stefano.crapanzano@chu.ulg.ac.be,Programmation,IT,2021-03-23,14:43:10,00:00:13
stefano.crapanzano@chu.ulg.ac.be,Programmation,IT,2021-03-23,14:43:25,00:00:13
stefano.crapanzano@chu.ulg.ac.be,Programmation,IT,2021-03-23,14:43:48,00:00:32
stefano.crapanzano@chu.ulg.ac.be,Programmation,IT,2021-03-23,14:44:39,00:00:07
stefano.crapanzano@chu.ulg.ac.be,Programmation,IT,2021-03-23,14:44:49,00:00:23
stefano.crapanzano@chu.ulg.ac.be,Programmation,IT,2021-03-23,14:45:14,00:00:09
stefano.crapanzano@chu.ulg.ac.be,Programmation,IT,2021-03-23,14:45:25,00:00:20
stefano.crapanzano@chu.ulg.ac.be,Programmation,IT,2021-03-23,14:45:47,00:00:25
stefano.crapanzano@chu.ulg.ac.be,Programmation,IT,2021-03-23,14:46:47,00:00:04
stefano.crapanzano@chu.ulg.ac.be,Programmation,IT,2021-03-23,14:46:55,00:00:13
stefano.crapanzano@chu.ulg.ac.be,Programmation,IT,2021-03-23,14:47:38,00:00:19
stefano.crapanzano@chu.ulg.ac.be,Programmation,IT,2021-03-23,14:48:02,00:00:16
stefano.crapanzano@chu.ulg.ac.be,Programmation,IT,2021-03-23,14:48:19,00:00:23
stefano.crapanzano@chu.ulg.ac.be,Programmation,IT,2021-03-23,14:49:16,00:00:12
stefano.crapanzano@chu.ulg.ac.be,Programmation,IT,2021-03-23,14:49:43,00:01:06
stefano.crapanzano@chu.ulg.ac.be,Programmation,IT,2021-03-23,14:53:07,00:00:11
stefano.crapanzano@chu.ulg.ac.be,Programmation,IT,2021-03-23,14:53:55,00:00:39
stefano.crapanzano@chu.ulg.ac.be,Programmation,IT,2021-03-23,14:54:47,00:00:08
stefano.crapanzano@chu.ulg.ac.be,Programmation,IT,2021-03-23,14:54:57,00:00:14
stefano.crapanzano@chu.ulg.ac.be,Programmation,IT,2021-03-23,14:55:41,00:00:40
stefano.crapanzano@chu.ulg.ac.be,Programmation,IT,2021-03-23,14:56:23,00:00:22
stefano.crapanzano@chu.ulg.ac.be,Programmation,IT,2021-03-23,14:57:28,00:00:12
stefano.crapanzano@chu.ulg.ac.be,Programmation,IT,2021-03-23,14:59:25,00:00:20
stefano.crapanzano@chu.ulg.ac.be,Programmation,IT,2021-03-23,15:00:04,00:00:11
stefano.crapanzano@chu.ulg.ac.be,Programmation,IT,2021-03-23,15:00:22,00:01:16
stefano.crapanzano@chu.ulg.ac.be,Programmation,IT,2021-03-23,15:01:42,00:00:12
stefano.crapanzano@chu.ulg.ac.be,Programmation,IT,2021-03-23,15:07:22,00:00:41
stefano.crapanzano@chu.ulg.ac.be,Programmation,IT,2021-03-23,15:08:57,00:00:24
stefano.crapanzano@chu.ulg.ac.be,Programmation,IT,2021-03-23,15:09:26,00:00:09
stefano.crapanzano@chu.ulg.ac.be,Programmation,IT,2021-03-23,15:09:37,00:00:32
stefano.crapanzano@chu.ulg.ac.be,Programmation,IT,2021-03-23,15:28:57,00:01:39
stefano.crapanzano@chu.ulg.ac.be,Programmation,IT,2021-03-23,16:19:34,00:00:03
stefano.crapanzano@chu.ulg.ac.be,Programmation,IT,2021-03-23,16:19:41,00:00:29
stefano.crapanzano@chu.ulg.ac.be,Programmation,IT,2021-03-23,16:20:12,00:00:14
stefano.crapanzano@chu.ulg.ac.be,Programmation,IT,2021-03-23,16:20:28,00:00:56
stefano.crapanzano@chu.ulg.ac.be,Programmation,IT,2021-03-23,16:21:25,00:00:11
stefano.crapanzano@chu.ulg.ac.be,Programmation,IT,2021-03-23,16:21:39,00:00:09
stefano.crapanzano@chu.ulg.ac.be,Programmation,IT,2021-03-23,16:21:50,00:00:36
stefano.crapanzano@chu.ulg.ac.be,Programmation,IT,2021-03-23,16:22:33,00:00:07
stefano.crapanzano@chu.ulg.ac.be,Programmation,IT,2021-03-23,16:22:42,00:00:25
stefano.crapanzano@chu.ulg.ac.be,Programmation,IT,2021-03-23,16:27:04,00:00:07
stefano.crapanzano@chu.ulg.ac.be,Programmation,IT,2021-03-23,16:27:14,00:00:57
stefano.crapanzano@chu.ulg.ac.be,Programmation,IT,2021-03-23,16:28:58,00:00:05
stefano.crapanzano@chu.ulg.ac.be,Programmation,IT,2021-03-23,18:21:48,00:00:17
stefano.crapanzano@chu.ulg.ac.be,Programmation,IT,2021-03-23,18:22:21,00:00:08
stefano.crapanzano@chu.ulg.ac.be,Programmation,IT,2021-03-23,18:23:00,00:00:07
stefano.crapanzano@chu.ulg.ac.be,Programmation,IT,2021-03-23,18:24:20,00:00:20
stefano.crapanzano@chu.ulg.ac.be,Programmation,IT,2021-03-23,18:33:35,00:00:30
stefano.crapanzano@chu.ulg.ac.be,Programmation,IT,2021-03-23,19:12:34,00:00:06
stefano.crapanzano@chu.ulg.ac.be,Programmation,IT,2021-03-23,19:19:00,00:00:24
stefano.crapanzano@chu.ulg.ac.be,GitHub Desktop,Helpdesk général,2021-03-23,08:53:01,00:00:20
stefano.crapanzano@chu.ulg.ac.be,Django iis Configuration site - OneNote,Helpdesk général,2021-03-23,09:15:38,00:00:05
stefano.crapanzano@chu.ulg.ac.be,Django iis Configuration site - OneNote,IT,2021-03-23,15:02:02,00:00:06
stefano.crapanzano@chu.ulg.ac.be,iis django FastCgiModule error 500 - Recherche Google - Google Chrome,Tâches diverses,2021-03-23,09:35:45,00:00:06
stefano.crapanzano@chu.ulg.ac.be,iis django FastCgiModule error 500 - Recherche Google - Google Chrome,Tâches diverses,2021-03-23,09:37:56,00:00:03
stefano.crapanzano@chu.ulg.ac.be,iis django FastCgiModule error 500 - Recherche Google - Google Chrome,Tâches diverses,2021-03-23,09:41:05,00:00:05
stefano.crapanzano@chu.ulg.ac.be,iis django FastCgiModule error 500 - Recherche Google - Google Chrome,Tâches diverses,2021-03-23,09:44:20,00:00:08
stefano.crapanzano@chu.ulg.ac.be,iis django FastCgiModule error 500 - Recherche Google - Google Chrome,Tâches diverses,2021-03-23,09:44:45,00:00:19
stefano.crapanzano@chu.ulg.ac.be,iis - Getting 500 Internal Server Error when setting up Python and Flask with FastCgiModule on Windows - Stack Overflow - Google Chrome,Tâches diverses,2021-03-23,09:35:52,00:02:04
stefano.crapanzano@chu.ulg.ac.be,python - Unable to host django on IIS using Fast CGI (wfastcgi). Getting 500 error in browser - Stack Overflow - Google Chrome,Tâches diverses,2021-03-23,09:38:00,00:00:35
stefano.crapanzano@chu.ulg.ac.be,python - Unable to host django on IIS using Fast CGI (wfastcgi). Getting 500 error in browser - Stack Overflow - Google Chrome,Tâches diverses,2021-03-23,09:40:50,00:00:14
stefano.crapanzano@chu.ulg.ac.be,windows - HTTP Error 500.0 - Internal Server Error Django on iis Error Code 0x00000067 - Stack Overflow - Google Chrome,Tâches diverses,2021-03-23,09:41:10,00:00:33
stefano.crapanzano@chu.ulg.ac.be,windows - HTTP Error 500.0 - Internal Server Error Django on iis Error Code 0x00000067 - Stack Overflow - Google Chrome,Helpdesk général,2021-03-23,09:42:46,00:00:03
stefano.crapanzano@chu.ulg.ac.be,windows - HTTP Error 500.0 - Internal Server Error Django on iis Error Code 0x00000067 - Stack Overflow - Google Chrome,Tâches diverses,2021-03-23,09:44:02,00:00:18
stefano.crapanzano@chu.ulg.ac.be,windows - Django + IIS Error 500 - Stack Overflow - Google Chrome,Tâches diverses,2021-03-23,09:44:29,00:00:15
stefano.crapanzano@chu.ulg.ac.be,php - HTTP Error 500.0 - Internal Server Error An unknown FastCGI error occured - Stack Overflow - Google Chrome,Tâches diverses,2021-03-23,09:45:04,00:00:16
stefano.crapanzano@chu.ulg.ac.be,php - HTTP Error 500.0 - Internal Server Error An unknown FastCGI error occured - Stack Overflow - Google Chrome,Tâches diverses,2021-03-23,09:46:27,00:00:02
stefano.crapanzano@chu.ulg.ac.be,php - HTTP Error 500.0 - Internal Server Error An unknown FastCGI error occured - Stack Overflow - Google Chrome,Tâches diverses,2021-03-23,09:48:10,00:00:23
stefano.crapanzano@chu.ulg.ac.be,php - HTTP Error 500.0 - Internal Server Error An unknown FastCGI error occured - Stack Overflow - Google Chrome,Helpdesk général,2021-03-23,09:48:56,00:00:15
stefano.crapanzano@chu.ulg.ac.be,php - HTTP Error 500.0 - Internal Server Error An unknown FastCGI error occured - Stack Overflow - Google Chrome,Tâches diverses,2021-03-23,10:11:14,00:00:02
stefano.crapanzano@chu.ulg.ac.be,tool force delete folder - Recherche Google - Google Chrome,Tâches diverses,2021-03-23,10:11:22,00:00:11
stefano.crapanzano@chu.ulg.ac.be,tool force delete folder - Recherche Google - Google Chrome,Tâches diverses,2021-03-23,10:11:56,00:00:13
stefano.crapanzano@chu.ulg.ac.be,Deleting an Undeletable Folder : 3 Steps - Instructables - Google Chrome,Tâches diverses,2021-03-23,10:11:33,00:00:22
stefano.crapanzano@chu.ulg.ac.be,7 Tools to Unlock Those Hard to Delete Files • Raymond.CC - Google Chrome,Tâches diverses,2021-03-23,10:12:09,00:00:43
stefano.crapanzano@chu.ulg.ac.be,7 Tools to Unlock Those Hard to Delete Files • Raymond.CC - Google Chrome,Tâches diverses,2021-03-23,10:26:58,00:00:03
stefano.crapanzano@chu.ulg.ac.be,django iis have multiuple venv - Recherche Google - Google Chrome,Tâches diverses,2021-03-23,10:27:12,00:00:02
stefano.crapanzano@chu.ulg.ac.be,django iis have multiuple venv - Recherche Google - Google Chrome,Tâches diverses,2021-03-23,10:27:26,00:00:03
stefano.crapanzano@chu.ulg.ac.be,django iis have multiuple venv - Recherche Google - Google Chrome,Tâches diverses,2021-03-23,10:27:42,00:00:03
stefano.crapanzano@chu.ulg.ac.be,django iis have multiuple venv - Recherche Google - Google Chrome,Tâches diverses,2021-03-23,10:40:37,00:00:02
stefano.crapanzano@chu.ulg.ac.be,deployment - How to set up a server of multiple Django projects that require virtual environments? - Stack Overflow - Google Chrome,Tâches diverses,2021-03-23,10:27:14,00:00:11
stefano.crapanzano@chu.ulg.ac.be,Configure IIS to Serve Django Applications - Stack Overflow - Google Chrome,Tâches diverses,2021-03-23,10:27:29,00:00:12
stefano.crapanzano@chu.ulg.ac.be,RE: Mail automatique de myULiège - FRIEND - Echéance de présence dans un groupe - Message (HTML),Helpdesk général,2021-03-23,10:35:29,00:00:19
stefano.crapanzano@chu.ulg.ac.be,RE: Mail automatique de myULiège - FRIEND - Echéance de présence dans un groupe - Message (HTML),Helpdesk général,2021-03-23,10:36:26,00:02:17
stefano.crapanzano@chu.ulg.ac.be,RE: Mail automatique de myULiège - FRIEND - Echéance de présence dans un groupe - Message (HTML),Helpdesk général,2021-03-23,12:34:31,00:00:03
stefano.crapanzano@chu.ulg.ac.be,SAP Logon 750,Exploration SAP,2021-03-23,10:35:51,00:00:03
stefano.crapanzano@chu.ulg.ac.be,SAP Logon 750,Exploration SAP,2021-03-23,12:32:48,00:00:02
stefano.crapanzano@chu.ulg.ac.be,SAP Logon 750,Exploration SAP,2021-03-23,12:34:48,00:00:02
stefano.crapanzano@chu.ulg.ac.be,SAP Logon 750,Exploration SAP,2021-03-23,12:34:53,00:00:04
stefano.crapanzano@chu.ulg.ac.be,SAP Logon 750,Exploration SAP,2021-03-23,12:38:12,00:00:02
stefano.crapanzano@chu.ulg.ac.be,SAP Logon 750,Exploration SAP,2021-03-23,12:38:23,00:00:02
stefano.crapanzano@chu.ulg.ac.be,SAP Logon 750,Exploration SAP,2021-03-23,14:01:01,00:00:02
stefano.crapanzano@chu.ulg.ac.be,SAP Logon 750,Exploration SAP,2021-03-23,14:13:31,00:00:02
stefano.crapanzano@chu.ulg.ac.be,SAP Logon 750,Helpdesk général,2021-03-23,15:20:13,00:00:05
stefano.crapanzano@chu.ulg.ac.be,SAP Easy Access Menu de base Applications financières-économiques,Exploration SAP,2021-03-23,10:35:55,00:00:06
stefano.crapanzano@chu.ulg.ac.be,SAP Easy Access Menu de base Applications financières-économiques,Exploration SAP,2021-03-23,12:33:02,00:00:07
stefano.crapanzano@chu.ulg.ac.be,SAP Easy Access Menu de base Applications financières-économiques,Exploration SAP,2021-03-23,12:38:46,00:00:04
stefano.crapanzano@chu.ulg.ac.be,SAP Easy Access Menu de base Applications financières-économiques,Exploration SAP,2021-03-23,12:40:45,00:00:07
stefano.crapanzano@chu.ulg.ac.be,SAP Easy Access Menu de base Applications financières-économiques,Exploration SAP,2021-03-23,12:45:13,00:00:03
stefano.crapanzano@chu.ulg.ac.be,SAP Easy Access Menu de base Applications financières-économiques,Exploration SAP,2021-03-23,13:03:35,00:00:02
stefano.crapanzano@chu.ulg.ac.be,SAP Easy Access Menu de base Applications financières-économiques,Exploration SAP,2021-03-23,13:30:50,00:00:06
stefano.crapanzano@chu.ulg.ac.be,SAP Easy Access Menu de base Applications financières-économiques,Exploration SAP,2021-03-23,13:34:41,00:00:04
stefano.crapanzano@chu.ulg.ac.be,SAP Easy Access Menu de base Applications financières-économiques,Exploration SAP,2021-03-23,13:35:53,00:00:04
stefano.crapanzano@chu.ulg.ac.be,SAP Easy Access Menu de base Applications financières-économiques,Exploration SAP,2021-03-23,13:36:02,00:00:03
stefano.crapanzano@chu.ulg.ac.be,SAP Easy Access Menu de base Applications financières-économiques,Exploration SAP,2021-03-23,14:01:07,00:00:04
stefano.crapanzano@chu.ulg.ac.be,SAP Easy Access Menu de base Applications financières-économiques,Exploration SAP,2021-03-23,14:01:49,00:00:03
stefano.crapanzano@chu.ulg.ac.be,SAP Easy Access Menu de base Applications financières-économiques,Exploration SAP,2021-03-23,14:13:37,00:00:04
stefano.crapanzano@chu.ulg.ac.be,SAP Easy Access Menu de base Applications financières-économiques,Exploration SAP,2021-03-23,14:25:43,00:00:02
stefano.crapanzano@chu.ulg.ac.be,SAP Easy Access Menu de base Applications financières-économiques,Exploration SAP,2021-03-23,14:25:52,00:00:02
stefano.crapanzano@chu.ulg.ac.be,SAP Easy Access Menu de base Applications financières-économiques,Exploration SAP,2021-03-23,14:26:15,00:00:02
stefano.crapanzano@chu.ulg.ac.be,SAP Easy Access Menu de base Applications financières-économiques,Exploration SAP,2021-03-23,15:20:19,00:00:07
stefano.crapanzano@chu.ulg.ac.be,Gestion des utilisateurs : écran initial,Exploration SAP,2021-03-23,10:36:01,00:00:02
stefano.crapanzano@chu.ulg.ac.be,Gestion des utilisateurs : écran initial,Exploration SAP,2021-03-23,14:13:41,00:00:02
stefano.crapanzano@chu.ulg.ac.be,Nom de l'utilisateur ds fiche utilisateur (1),Exploration SAP,2021-03-23,10:36:03,00:00:04
stefano.crapanzano@chu.ulg.ac.be,Nom de l'utilisateur ds fiche utilisateur (1),Exploration SAP,2021-03-23,14:13:44,00:00:03
stefano.crapanzano@chu.ulg.ac.be,Nom de l'utilisateur ds fiche utilisateur (1)    1 Entrée trouvée,Exploration SAP,2021-03-23,10:36:08,00:00:02
stefano.crapanzano@chu.ulg.ac.be,Nom de l'utilisateur ds fiche utilisateur (1)    1 Entrée trouvée,Exploration SAP,2021-03-23,14:13:47,00:00:03
stefano.crapanzano@chu.ulg.ac.be,Nom de l'utilisateur ds fiche utilisateur (1)    1 Entrée trouvée,Exploration SAP,2021-03-23,14:25:24,00:00:02
stefano.crapanzano@chu.ulg.ac.be,Afficher utilisateur,Exploration SAP,2021-03-23,10:36:11,00:00:04
stefano.crapanzano@chu.ulg.ac.be,Gérer utilisateur,Exploration SAP,2021-03-23,10:36:16,00:00:07
stefano.crapanzano@chu.ulg.ac.be,Orthographe : Français (Belgique),Helpdesk général,2021-03-23,10:38:43,00:00:04
stefano.crapanzano@chu.ulg.ac.be,Orthographe : Français (Belgique),Helpdesk général,2021-03-23,11:20:02,00:00:02
stefano.crapanzano@chu.ulg.ac.be,Microsoft Outlook,Helpdesk général,2021-03-23,10:39:28,00:00:02
stefano.crapanzano@chu.ulg.ac.be,Microsoft Outlook,Helpdesk général,2021-03-23,15:17:25,00:00:02
stefano.crapanzano@chu.ulg.ac.be,Log in - Service Desk - Google Chrome,Tâches diverses,2021-03-23,10:40:43,00:00:14
stefano.crapanzano@chu.ulg.ac.be,Bienvenue! Vous pouvez poser une demande de Service Desk ERP for HealthCare parmi les options fournies. - Service d'assistance - Google Chrome,Tâches diverses,2021-03-23,10:40:57,00:00:07
stefano.crapanzano@chu.ulg.ac.be,Demandes - Service d'assistance - Google Chrome,Tâches diverses,2021-03-23,10:41:04,00:00:43
stefano.crapanzano@chu.ulg.ac.be,Demandes - Service d'assistance - Google Chrome,Tâches diverses,2021-03-23,10:52:09,00:00:10
stefano.crapanzano@chu.ulg.ac.be,Demandes - Service d'assistance - Google Chrome,Tâches diverses,2021-03-23,15:23:17,00:00:07
stefano.crapanzano@chu.ulg.ac.be,Demandes - Service d'assistance - Google Chrome,Tâches diverses,2021-03-23,15:24:07,00:00:06
stefano.crapanzano@chu.ulg.ac.be,P203 CHU Plusieurfs factures ignorées lors du retour APO (ZAPO) - Bienvenue! Vous pouvez poser une demande de Service Desk ERP for HealthCare parmi les options fournies. - Service d'assistance - Google Chrome,Tâches diverses,2021-03-23,10:41:48,00:00:39
stefano.crapanzano@chu.ulg.ac.be,P203 CHU Plusieurfs factures ignorées lors du retour APO (ZAPO) - Bienvenue! Vous pouvez poser une demande de Service Desk ERP for HealthCare parmi les options fournies. - Service d'assistance - Google Chrome,Tâches diverses,2021-03-23,10:42:46,00:00:15
stefano.crapanzano@chu.ulg.ac.be,P203 CHU Plusieurfs factures ignorées lors du retour APO (ZAPO) - Bienvenue! Vous pouvez poser une demande de Service Desk ERP for HealthCare parmi les options fournies. - Service d'assistance - Google Chrome,Tâches diverses,2021-03-23,10:43:08,00:08:57
stefano.crapanzano@chu.ulg.ac.be,C:\Users\c158492\Downloads\20210308-1100.csv - Notepad++ [Administrator],IT,2021-03-23,10:42:38,00:00:08
stefano.crapanzano@chu.ulg.ac.be,Rechercher,IT,2021-03-23,10:42:30,00:00:07
stefano.crapanzano@chu.ulg.ac.be,C:\Users\c158492\Downloads\20210308-1100 (1).csv - Notepad++ [Administrator],IT,2021-03-23,10:43:03,00:00:03
stefano.crapanzano@chu.ulg.ac.be,P203 CHU Factures apo non comptabilisée lors du retour apo via la transaction zapo - Bienvenue! Vous pouvez poser une demande de Service Desk ERP for HealthCare parmi les options fournies. - Service d'assistance - Google Chrome,Tâches diverses,2021-03-23,10:52:20,00:00:13
stefano.crapanzano@chu.ulg.ac.be,P203 CHU Factures apo non comptabilisée lors du retour apo via la transaction zapo - Bienvenue! Vous pouvez poser une demande de Service Desk ERP for HealthCare parmi les options fournies. - Service d'assistance - Google Chrome,Helpdesk général,2021-03-23,11:11:59,00:00:02
stefano.crapanzano@chu.ulg.ac.be,P203 CHU Factures apo non comptabilisée lors du retour apo via la transaction zapo - Bienvenue! Vous pouvez poser une demande de Service Desk ERP for HealthCare parmi les options fournies. - Service d'assistance - Google Chrome,Tâches diverses,2021-03-23,15:23:12,00:00:05
stefano.crapanzano@chu.ulg.ac.be,C:\Users\c158492\Downloads\20210319-1225.csv - Notepad++ [Administrator],IT,2021-03-23,10:52:33,00:00:21
stefano.crapanzano@chu.ulg.ac.be,C:\Users\c158492\Downloads\20210319-1225.csv - Notepad++ [Administrator],IT,2021-03-23,10:58:15,00:00:05
stefano.crapanzano@chu.ulg.ac.be,C:\Users\c158492\Downloads\20210319-1225.csv - Notepad++ [Administrator],IT,2021-03-23,12:32:12,00:00:33
stefano.crapanzano@chu.ulg.ac.be,C:\Users\c158492\Downloads\20210319-1225.csv - Notepad++ [Administrator],IT,2021-03-23,12:32:57,00:00:03
stefano.crapanzano@chu.ulg.ac.be,C:\Users\c158492\Downloads\20210319-1225.csv - Notepad++ [Administrator],IT,2021-03-23,12:33:24,00:00:24
stefano.crapanzano@chu.ulg.ac.be,C:\Users\c158492\Downloads\20210319-1225.csv - Notepad++ [Administrator],IT,2021-03-23,12:33:50,00:00:25
stefano.crapanzano@chu.ulg.ac.be,C:\Users\c158492\Downloads\20210319-1225.csv - Notepad++ [Administrator],IT,2021-03-23,12:34:18,00:00:03
stefano.crapanzano@chu.ulg.ac.be,C:\Users\c158492\Downloads\20210319-1225.csv - Notepad++ [Administrator],IT,2021-03-23,12:34:35,00:00:10
stefano.crapanzano@chu.ulg.ac.be,C:\Users\c158492\Downloads\20210319-1225.csv - Notepad++ [Administrator],IT,2021-03-23,12:35:05,00:00:19
stefano.crapanzano@chu.ulg.ac.be,C:\Users\c158492\Downloads\20210319-1225.csv - Notepad++ [Administrator],IT,2021-03-23,12:36:31,00:01:39
stefano.crapanzano@chu.ulg.ac.be,C:\Users\c158492\Downloads\20210319-1225.csv - Notepad++ [Administrator],IT,2021-03-23,12:49:56,00:00:13
stefano.crapanzano@chu.ulg.ac.be,10.44.2.223 - Netop Remote Control,Helpdesk général,2021-03-23,10:55:59,00:02:16
stefano.crapanzano@chu.ulg.ac.be,10.44.2.223 - Netop Remote Control,Helpdesk général,2021-03-23,10:58:23,00:11:06
stefano.crapanzano@chu.ulg.ac.be,grant access to user sql server - Recherche Google - Google Chrome,Tâches diverses,2021-03-23,11:12:10,00:00:10
stefano.crapanzano@chu.ulg.ac.be,grant access to user sql server - Recherche Google - Google Chrome,Tâches diverses,2021-03-23,11:12:47,00:00:06
stefano.crapanzano@chu.ulg.ac.be,grant access to user sql server - Recherche Google - Google Chrome,Tâches diverses,2021-03-23,11:14:25,00:00:12
stefano.crapanzano@chu.ulg.ac.be,GRANT Database Permissions (Transact-SQL) - SQL Server | Microsoft Docs - Google Chrome,Tâches diverses,2021-03-23,11:12:21,00:00:25
stefano.crapanzano@chu.ulg.ac.be,grant access to table user sql server - Recherche Google - Google Chrome,Tâches diverses,2021-03-23,11:14:38,00:00:09
stefano.crapanzano@chu.ulg.ac.be,grant access to table user sql server - Recherche Google - Google Chrome,Tâches diverses,2021-03-23,11:15:03,00:00:04
stefano.crapanzano@chu.ulg.ac.be,grant access to table user sql server - Recherche Google - Google Chrome,Tâches diverses,2021-03-23,11:18:04,00:00:04
stefano.crapanzano@chu.ulg.ac.be,GRANT Object Permissions (Transact-SQL) - SQL Server | Microsoft Docs - Google Chrome,Tâches diverses,2021-03-23,11:14:47,00:00:15
stefano.crapanzano@chu.ulg.ac.be,SQL Server: Grant/Revoke Privileges - Google Chrome,Tâches diverses,2021-03-23,11:15:08,00:00:40
stefano.crapanzano@chu.ulg.ac.be,SQL Server: Grant/Revoke Privileges - Google Chrome,Tâches diverses,2021-03-23,11:17:39,00:00:25
stefano.crapanzano@chu.ulg.ac.be,Grant sur tous le contenu des DBs - Message (HTML),Helpdesk général,2021-03-23,11:16:16,00:01:22
stefano.crapanzano@chu.ulg.ac.be,Grant sur tous le contenu des DBs - Message (HTML),Helpdesk général,2021-03-23,11:19:41,00:00:20
stefano.crapanzano@chu.ulg.ac.be,Grant table-level permissions in SQL Server | Tutorial by Chartio - Google Chrome,Tâches diverses,2021-03-23,11:18:09,00:00:05
stefano.crapanzano@chu.ulg.ac.be,Grant table-level permissions in SQL Server | Tutorial by Chartio - Google Chrome,Tâches diverses,2021-03-23,11:18:33,00:00:04
stefano.crapanzano@chu.ulg.ac.be,Grant table-level permissions in SQL Server | Tutorial by Chartio - Google Chrome,Tâches diverses,2021-03-23,11:18:57,00:00:31
stefano.crapanzano@chu.ulg.ac.be,Se connecter au serveur,IT,2021-03-23,11:19:33,00:00:06
stefano.crapanzano@chu.ulg.ac.be,Microsoft SQL Server Management Studio (Administrateur),IT,2021-03-23,11:20:05,00:00:12
stefano.crapanzano@chu.ulg.ac.be,PE2_203 - sftp://PE2U2FTP@153.89.110.38 - FileZilla,Helpdesk général,2021-03-23,12:19:42,00:12:30
stefano.crapanzano@chu.ulg.ac.be,PE2_203 - sftp://PE2U2FTP@153.89.110.38 - FileZilla,Helpdesk général,2021-03-23,12:50:09,00:00:08
stefano.crapanzano@chu.ulg.ac.be,Info licence en cas de connexion multiple,Exploration SAP,2021-03-23,12:32:53,00:00:03
stefano.crapanzano@chu.ulg.ac.be,Info licence en cas de connexion multiple,Exploration SAP,2021-03-23,12:34:58,00:00:03
stefano.crapanzano@chu.ulg.ac.be,Info licence en cas de connexion multiple,Exploration SAP,2021-03-23,12:38:20,00:00:02
stefano.crapanzano@chu.ulg.ac.be,Info licence en cas de connexion multiple,Exploration SAP,2021-03-23,14:01:03,00:00:03
stefano.crapanzano@chu.ulg.ac.be,Info licence en cas de connexion multiple,Exploration SAP,2021-03-23,14:13:33,00:00:03
stefano.crapanzano@chu.ulg.ac.be,Data Browser - table BDS_BAR_IN : écran de sélection,Exploration SAP,2021-03-23,12:33:09,00:00:02
stefano.crapanzano@chu.ulg.ac.be,Data Browser : table BDS_BAR_IN          1 occurrences,Exploration SAP,2021-03-23,12:33:12,00:00:12
stefano.crapanzano@chu.ulg.ac.be,Data Browser : table BDS_BAR_IN          1 occurrences,Exploration SAP,2021-03-23,12:33:48,00:00:02
stefano.crapanzano@chu.ulg.ac.be,Data Browser : table BDS_BAR_IN          1 occurrences,Exploration SAP,2021-03-23,12:38:32,00:00:14
stefano.crapanzano@chu.ulg.ac.be,Data Browser : table BDS_BAR_IN          1 occurrences,Exploration SAP,2021-03-23,12:39:03,00:01:09
stefano.crapanzano@chu.ulg.ac.be,Data Browser : table BDS_BAR_IN          1 occurrences,Exploration SAP,2021-03-23,12:41:00,00:02:33
stefano.crapanzano@chu.ulg.ac.be,Data Browser : table BDS_BAR_IN          1 occurrences,Exploration SAP,2021-03-23,14:26:06,00:00:03
stefano.crapanzano@chu.ulg.ac.be,Exporter/importer Lien entre article-centre de coûts et quantité,Exploration SAP,2021-03-23,14:01:45,00:00:03
stefano.crapanzano@chu.ulg.ac.be,erreur chargement - Message (HTML),Helpdesk général,2021-03-23,12:35:32,00:00:57
stefano.crapanzano@chu.ulg.ac.be,erreur chargement - Message (HTML),Helpdesk général,2021-03-23,14:47:20,00:00:02
stefano.crapanzano@chu.ulg.ac.be,SAP GUI for Windows 750,Exploration SAP,2021-03-23,17:22:37,00:01:00
stefano.crapanzano@chu.ulg.ac.be,Liste des postes individuels fournisseurs,Exploration SAP,2021-03-23,12:38:51,00:00:10
stefano.crapanzano@chu.ulg.ac.be,Liste des postes individuels fournisseurs,Exploration SAP,2021-03-23,12:40:14,00:00:31
stefano.crapanzano@chu.ulg.ac.be,Liste des postes individuels fournisseurs,Exploration SAP,2021-03-23,12:40:52,00:00:08
stefano.crapanzano@chu.ulg.ac.be,Liste des postes individuels fournisseurs,Exploration SAP,2021-03-23,12:43:36,00:01:15
stefano.crapanzano@chu.ulg.ac.be,Liste des postes individuels fournisseurs,Exploration SAP,2021-03-23,12:45:11,00:00:02
stefano.crapanzano@chu.ulg.ac.be,Liste des postes individuels fournisseurs,Exploration SAP,2021-03-23,13:03:40,00:26:45
stefano.crapanzano@chu.ulg.ac.be,Liste des postes individuels fournisseurs,Exploration SAP,2021-03-23,14:25:49,00:00:02
stefano.crapanzano@chu.ulg.ac.be,sap date cloture comptable - Recherche Google - Google Chrome,Tâches diverses,2021-03-23,12:45:02,00:00:04
stefano.crapanzano@chu.ulg.ac.be,sap date cloture comptable - Recherche Google - Google Chrome,Tâches diverses,2021-03-23,13:31:29,00:00:02
stefano.crapanzano@chu.ulg.ac.be,sap date cloture comptable - Recherche Google - Google Chrome,Tâches diverses,2021-03-23,13:31:37,00:00:08
stefano.crapanzano@chu.ulg.ac.be,sap date cloture comptable - Recherche Google - Google Chrome,Tâches diverses,2021-03-23,13:31:49,00:00:09
stefano.crapanzano@chu.ulg.ac.be,sap date cloture comptable - Recherche Google - Google Chrome,Tâches diverses,2021-03-23,13:33:09,00:00:02
stefano.crapanzano@chu.ulg.ac.be,sap date cloture comptable - Recherche Google - Google Chrome,Tâches diverses,2021-03-23,13:33:15,00:00:52
stefano.crapanzano@chu.ulg.ac.be,sap date cloture comptable - Recherche Google - Google Chrome,Tâches diverses,2021-03-23,13:36:53,00:00:02
stefano.crapanzano@chu.ulg.ac.be,Fermer une période comptable dans une transaction SAP FI OB52 - Google Chrome,Tâches diverses,2021-03-23,12:45:07,00:00:03
stefano.crapanzano@chu.ulg.ac.be,Fermer une période comptable dans une transaction SAP FI OB52 - Google Chrome,Tâches diverses,2021-03-23,13:30:28,00:00:07
stefano.crapanzano@chu.ulg.ac.be,Fermer une période comptable dans une transaction SAP FI OB52 - Google Chrome,Tâches diverses,2021-03-23,13:31:13,00:00:10
stefano.crapanzano@chu.ulg.ac.be,Fermer une période comptable dans une transaction SAP FI OB52 - Google Chrome,Tâches diverses,2021-03-23,13:31:25,00:00:03
stefano.crapanzano@chu.ulg.ac.be,Définir zone de travail : écran de saisie,Exploration SAP,2021-03-23,12:45:17,00:00:04
stefano.crapanzano@chu.ulg.ac.be,Définir zone de travail : écran de saisie,Exploration SAP,2021-03-23,12:45:24,00:00:06
stefano.crapanzano@chu.ulg.ac.be,Définir zone de travail : écran de saisie,Exploration SAP,2021-03-23,13:30:56,00:00:03
stefano.crapanzano@chu.ulg.ac.be,Définir zone de travail : écran de saisie,Exploration SAP,2021-03-23,13:34:46,00:00:07
stefano.crapanzano@chu.ulg.ac.be,Définir zone de travail : écran de saisie,Exploration SAP,2021-03-23,13:34:54,00:00:02
stefano.crapanzano@chu.ulg.ac.be,Définir zone de travail : écran de saisie,Exploration SAP,2021-03-23,13:35:58,00:00:02
stefano.crapanzano@chu.ulg.ac.be,Définir zone de travail : écran de saisie,Exploration SAP,2021-03-23,13:36:06,00:00:02
stefano.crapanzano@chu.ulg.ac.be,Définir zone de travail : écran de saisie,Exploration SAP,2021-03-23,14:01:52,00:00:08
stefano.crapanzano@chu.ulg.ac.be,Modifier vue  Périodes comptables : définir périodes  : synthèse,Exploration SAP,2021-03-23,12:45:30,00:00:11
stefano.crapanzano@chu.ulg.ac.be,Modifier vue  Périodes comptables : définir périodes  : synthèse,Exploration SAP,2021-03-23,12:45:52,00:00:03
stefano.crapanzano@chu.ulg.ac.be,Modifier vue  Périodes comptables : définir périodes  : synthèse,Exploration SAP,2021-03-23,12:46:01,00:03:53
stefano.crapanzano@chu.ulg.ac.be,Modifier vue  Périodes comptables : définir périodes  : synthèse,Exploration SAP,2021-03-23,12:53:13,00:00:28
stefano.crapanzano@chu.ulg.ac.be,Modifier vue  Périodes comptables : définir périodes  : synthèse,Exploration SAP,2021-03-23,12:54:07,00:00:08
stefano.crapanzano@chu.ulg.ac.be,Modifier vue  Périodes comptables : définir périodes  : synthèse,Exploration SAP,2021-03-23,12:54:32,00:04:09
stefano.crapanzano@chu.ulg.ac.be,Modifier vue  Périodes comptables : définir périodes  : synthèse,Exploration SAP,2021-03-23,13:03:30,00:00:02
stefano.crapanzano@chu.ulg.ac.be,Modifier vue  Périodes comptables : définir périodes  : synthèse,Exploration SAP,2021-03-23,13:30:59,00:00:07
stefano.crapanzano@chu.ulg.ac.be,Modifier vue  Périodes comptables : définir périodes  : synthèse,Exploration SAP,2021-03-23,13:34:10,00:00:31
stefano.crapanzano@chu.ulg.ac.be,Modifier vue  Périodes comptables : définir périodes  : synthèse,Exploration SAP,2021-03-23,13:34:57,00:00:45
stefano.crapanzano@chu.ulg.ac.be,Modifier vue  Périodes comptables : définir périodes  : synthèse,Exploration SAP,2021-03-23,13:36:00,00:00:02
stefano.crapanzano@chu.ulg.ac.be,Modifier vue  Périodes comptables : définir périodes  : synthèse,Exploration SAP,2021-03-23,14:01:13,00:00:31
stefano.crapanzano@chu.ulg.ac.be,Modifier vue  Périodes comptables : définir périodes  : synthèse,Exploration SAP,2021-03-23,14:25:30,00:00:02
stefano.crapanzano@chu.ulg.ac.be,Modifier vue  Périodes comptables : définir périodes  : synthèse,Exploration SAP,2021-03-23,14:25:38,00:00:02
stefano.crapanzano@chu.ulg.ac.be,Performance Assistant,Exploration SAP,2021-03-23,12:45:42,00:00:02
stefano.crapanzano@chu.ulg.ac.be,Performance Assistant,Exploration SAP,2021-03-23,12:45:49,00:00:02
stefano.crapanzano@chu.ulg.ac.be,Performance Assistant,Exploration SAP,2021-03-23,12:53:41,00:00:02
stefano.crapanzano@chu.ulg.ac.be,Performance Assistant,Exploration SAP,2021-03-23,12:54:15,00:00:02
stefano.crapanzano@chu.ulg.ac.be,Performance Assistant,Exploration SAP,2021-03-23,12:54:29,00:00:02
stefano.crapanzano@chu.ulg.ac.be,Information technique,Exploration SAP,2021-03-23,12:45:44,00:00:04
stefano.crapanzano@chu.ulg.ac.be,Information technique,Exploration SAP,2021-03-23,12:53:44,00:00:21
stefano.crapanzano@chu.ulg.ac.be,Information technique,Exploration SAP,2021-03-23,12:54:17,00:00:12
stefano.crapanzano@chu.ulg.ac.be,Terminer la gestion,Exploration SAP,2021-03-23,13:03:32,00:00:02
stefano.crapanzano@chu.ulg.ac.be,close-posting-period-sap-fi3.png (400×225) - Google Chrome,Tâches diverses,2021-03-23,13:30:36,00:00:11
stefano.crapanzano@chu.ulg.ac.be,close-posting-period-sap-fi3.png (400×225) - Google Chrome,Tâches diverses,2021-03-23,13:31:08,00:00:05
stefano.crapanzano@chu.ulg.ac.be,SAP Help Portal - Google Chrome,Tâches diverses,2021-03-23,13:31:31,00:00:02
stefano.crapanzano@chu.ulg.ac.be,SAP Help Portal - Google Chrome,Tâches diverses,2021-03-23,13:33:11,00:00:02
stefano.crapanzano@chu.ulg.ac.be,Ouverture et clôture des périodes comptables - SAP Help Portal - Google Chrome,Tâches diverses,2021-03-23,13:31:33,00:00:03
stefano.crapanzano@chu.ulg.ac.be,Ouverture et fermeture des périodes comptables - Clôture de Période dans la Comptabilité Financière (159) - Google Chrome,Tâches diverses,2021-03-23,13:31:45,00:00:03
stefano.crapanzano@chu.ulg.ac.be,sap date cloture comptable – Recherche Google - Google Chrome,Tâches diverses,2021-03-23,13:31:59,00:01:09
stefano.crapanzano@chu.ulg.ac.be,Greenshot capture form,Helpdesk général,2021-03-23,13:35:42,00:00:05
stefano.crapanzano@chu.ulg.ac.be,Greenshot capture form,Helpdesk général,2021-03-23,15:15:58,00:00:04
stefano.crapanzano@chu.ulg.ac.be,Greenshot capture form,Helpdesk général,2021-03-23,15:16:19,00:00:04
stefano.crapanzano@chu.ulg.ac.be,Greenshot capture form,Helpdesk général,2021-03-23,15:45:21,00:00:09
stefano.crapanzano@chu.ulg.ac.be,Greenshot Éditeur d'Image,Helpdesk général,2021-03-23,13:35:49,00:00:03
stefano.crapanzano@chu.ulg.ac.be,Greenshot Éditeur d'Image,Helpdesk général,2021-03-23,13:36:11,00:00:30
stefano.crapanzano@chu.ulg.ac.be,Enregistrer l'image ?,Helpdesk général,2021-03-23,13:36:41,00:00:02
stefano.crapanzano@chu.ulg.ac.be,multiple fastcgi iis django - Recherche Google - Google Chrome,Tâches diverses,2021-03-23,13:37:24,00:00:03
stefano.crapanzano@chu.ulg.ac.be,Deploying two different Django Applications on Windows Server in IIS - Stack Overflow - Google Chrome,Tâches diverses,2021-03-23,13:37:28,00:01:35
stefano.crapanzano@chu.ulg.ac.be,Deploying two different Django Applications on Windows Server in IIS - Stack Overflow - Google Chrome,Helpdesk général,2021-03-23,15:23:09,00:00:02
stefano.crapanzano@chu.ulg.ac.be,*new 8 - Notepad++ [Administrator],IT,2021-03-23,13:52:54,00:00:02
stefano.crapanzano@chu.ulg.ac.be,Données bloquées,Exploration SAP,2021-03-23,14:02:01,00:00:02
stefano.crapanzano@chu.ulg.ac.be,Afficher vue  Périodes comptables : définir périodes  : synthèse,Exploration SAP,2021-03-23,14:02:03,00:01:26
stefano.crapanzano@chu.ulg.ac.be,Licence SAP - Mme Parmantier - Message (HTML),Helpdesk général,2021-03-23,14:13:56,00:00:10
stefano.crapanzano@chu.ulg.ac.be,Licence SAP - Mme Parmantier - Message (HTML),Helpdesk général,2021-03-23,14:14:41,00:00:02
stefano.crapanzano@chu.ulg.ac.be,RE: Licence SAP - Mme Parmantier - Message (HTML),Helpdesk général,2021-03-23,14:14:06,00:00:32
stefano.crapanzano@chu.ulg.ac.be,Fin de session,Exploration SAP,2021-03-23,14:25:54,00:00:03
stefano.crapanzano@chu.ulg.ac.be,Fin de session,Exploration SAP,2021-03-23,14:26:10,00:00:03
stefano.crapanzano@chu.ulg.ac.be,Administrateur : C:\Windows\system32\cmd.exe,IT,2021-03-23,15:01:59,00:00:02
stefano.crapanzano@chu.ulg.ac.be,Administrateur : C:\Windows\system32\cmd.exe,IT,2021-03-23,15:02:10,00:01:15
stefano.crapanzano@chu.ulg.ac.be,Administrateur : C:\Windows\system32\cmd.exe,IT,2021-03-23,15:03:27,00:00:08
stefano.crapanzano@chu.ulg.ac.be,Administrateur : C:\Windows\system32\cmd.exe,IT,2021-03-23,15:03:36,00:00:15
stefano.crapanzano@chu.ulg.ac.be,Administrateur : C:\Windows\system32\cmd.exe,IT,2021-03-23,15:03:59,00:00:20
stefano.crapanzano@chu.ulg.ac.be,Administrateur : C:\Windows\system32\cmd.exe,IT,2021-03-23,15:04:20,00:00:21
stefano.crapanzano@chu.ulg.ac.be,Administrateur : C:\Windows\system32\cmd.exe,IT,2021-03-23,15:04:43,00:00:09
stefano.crapanzano@chu.ulg.ac.be,Administrateur : C:\Windows\system32\cmd.exe,IT,2021-03-23,15:05:47,00:00:04
stefano.crapanzano@chu.ulg.ac.be,Administrateur : C:\Windows\system32\cmd.exe,IT,2021-03-23,15:06:30,00:00:04
stefano.crapanzano@chu.ulg.ac.be,Administrateur : C:\Windows\system32\cmd.exe - celery  -A project worker --loglevel=INFO --pool=solo -Q test_queue_retrieve_stock_from_sap_with_perl1,IT,2021-03-23,15:04:53,00:00:24
stefano.crapanzano@chu.ulg.ac.be,Administrateur : C:\Windows\system32\cmd.exe - celery  -A project worker --loglevel=INFO --pool=solo -Q test_queue_retrieve_stock_from_sap_with_perl1,IT,2021-03-23,15:05:34,00:00:05
stefano.crapanzano@chu.ulg.ac.be,Administrateur : C:\Windows\system32\cmd.exe - celery  -A project worker --loglevel=INFO --pool=solo -Q test_queue_retrieve_stock_from_sap_with_perl1,IT,2021-03-23,15:05:42,00:00:04
stefano.crapanzano@chu.ulg.ac.be,Administrateur : C:\Windows\system32\cmd.exe - celery  -A project worker --loglevel=INFO --pool=solo -Q test_queue_retrieve_stock_from_sap_with_perl2,IT,2021-03-23,15:05:52,00:00:19
stefano.crapanzano@chu.ulg.ac.be,Administrateur : C:\Windows\system32\cmd.exe - celery  -A project worker --loglevel=INFO --pool=solo -Q test_queue_retrieve_stock_from_sap_with_perl2,IT,2021-03-23,15:06:14,00:00:15
stefano.crapanzano@chu.ulg.ac.be,Sent - erp.sai@chuliege.be - Outlook,Helpdesk général,2021-03-23,15:08:11,00:00:27
stefano.crapanzano@chu.ulg.ac.be,Sent - erp.sai@chuliege.be - Outlook,Helpdesk général,2021-03-23,15:17:47,00:00:02
stefano.crapanzano@chu.ulg.ac.be,Sent - erp.sai@chuliege.be - Outlook,Helpdesk général,2021-03-23,15:19:51,00:00:02
stefano.crapanzano@chu.ulg.ac.be,Sent - erp.sai@chuliege.be - Outlook,Helpdesk général,2021-03-23,15:23:30,00:00:02
stefano.crapanzano@chu.ulg.ac.be,Sent - erp.sai@chuliege.be - Outlook,Helpdesk général,2021-03-23,15:28:29,00:00:25
stefano.crapanzano@chu.ulg.ac.be,Sent - erp.sai@chuliege.be - Outlook,Helpdesk général,2021-03-23,15:56:30,00:03:42
stefano.crapanzano@chu.ulg.ac.be,Sent - erp.sai@chuliege.be - Outlook,Helpdesk général,2021-03-23,16:28:20,00:00:35
stefano.crapanzano@chu.ulg.ac.be,Création d'une vue dans le schéma achat sur si-s-serv24 - Message (HTML),Helpdesk général,2021-03-23,15:15:15,00:00:29
stefano.crapanzano@chu.ulg.ac.be,Création d'une vue dans le schéma achat sur si-s-serv24 - Message (HTML),Helpdesk général,2021-03-23,15:16:04,00:00:14
stefano.crapanzano@chu.ulg.ac.be,Création d'une vue dans le schéma achat sur si-s-serv24 - Message (HTML),Helpdesk général,2021-03-23,15:16:23,00:01:00
stefano.crapanzano@chu.ulg.ac.be,RE: Création d'une vue dans le schéma achat sur si-s-serv24 - Message (HTML),Helpdesk général,2021-03-23,15:17:50,00:00:25
stefano.crapanzano@chu.ulg.ac.be,RE: Création d'une vue dans le schéma achat sur si-s-serv24 - Message (HTML),Helpdesk général,2021-03-23,15:19:54,00:00:10
stefano.crapanzano@chu.ulg.ac.be,RE: Création d'une vue dans le schéma achat sur si-s-serv24 - Message (HTML),Helpdesk général,2021-03-23,15:20:10,00:00:02
stefano.crapanzano@chu.ulg.ac.be,RE: Création d'une vue dans le schéma achat sur si-s-serv24 - Message (HTML),Helpdesk général,2021-03-23,15:22:33,00:00:36
stefano.crapanzano@chu.ulg.ac.be,RE: Création d'une vue dans le schéma achat sur si-s-serv24 - Message (HTML),Helpdesk général,2021-03-23,15:26:58,00:01:12
stefano.crapanzano@chu.ulg.ac.be,Ecran initial du Quickviewer,Exploration SAP,2021-03-23,15:20:26,00:00:09
stefano.crapanzano@chu.ulg.ac.be,Ecran initial du Quickviewer,Exploration SAP,2021-03-23,15:20:47,00:00:09
stefano.crapanzano@chu.ulg.ac.be,Créer Quickview GOAL_AUSP : sélectionner une source de données,Exploration SAP,2021-03-23,15:20:36,00:00:10
stefano.crapanzano@chu.ulg.ac.be,AUSP,Exploration SAP,2021-03-23,15:21:02,00:00:37
stefano.crapanzano@chu.ulg.ac.be,AUSP,Exploration SAP,2021-03-23,15:21:43,00:00:34
stefano.crapanzano@chu.ulg.ac.be,AUSP,Exploration SAP,2021-03-23,15:22:23,00:00:04
stefano.crapanzano@chu.ulg.ac.be,Limitation des accès à la base de données,Exploration SAP,2021-03-23,15:20:58,00:00:04
stefano.crapanzano@chu.ulg.ac.be,Sauveg. liste ds fichier.,Exploration SAP,2021-03-23,15:21:40,00:00:03
stefano.crapanzano@chu.ulg.ac.be,Sauveg. liste ds fichier.,Exploration SAP,2021-03-23,15:22:18,00:00:04
stefano.crapanzano@chu.ulg.ac.be,P203 CHU Autorisation extract via ZACC_DYNTAB de la table AUSP - Bienvenue! Vous pouvez poser une demande de Service Desk ERP for HealthCare parmi les options fournies. - Service d'assistance - Google Chrome,Tâches diverses,2021-03-23,15:23:24,00:00:04
stefano.crapanzano@chu.ulg.ac.be,P203 CHU Autorisation extract via ZACC_DYNTAB de la table AUSP - Bienvenue! Vous pouvez poser une demande de Service Desk ERP for HealthCare parmi les options fournies. - Service d'assistance - Google Chrome,Tâches diverses,2021-03-23,15:24:04,00:00:03
stefano.crapanzano@chu.ulg.ac.be,https://jira.zorgi.be/servicedesk/customer/portal/6/SDERP-18118 - Message (HTML),Helpdesk général,2021-03-23,15:23:41,00:00:21
stefano.crapanzano@chu.ulg.ac.be,https://jira.zorgi.be/servicedesk/customer/portal/6/SDERP-18118 - Message (HTML),Helpdesk général,2021-03-23,15:24:17,00:00:12
stefano.crapanzano@chu.ulg.ac.be,P203 CHU GOAL - Ajout de la table AUSP dans extract BI - Bienvenue! Vous pouvez poser une demande de Service Desk ERP for HealthCare parmi les options fournies. - Service d'assistance - Google Chrome,Tâches diverses,2021-03-23,15:24:13,00:00:02
stefano.crapanzano@chu.ulg.ac.be,P203 CHU GOAL - Ajout de la table AUSP dans extract BI - Bienvenue! Vous pouvez poser une demande de Service Desk ERP for HealthCare parmi les options fournies. - Service d'assistance - Google Chrome,Tâches diverses,2021-03-23,15:28:19,00:00:09
stefano.crapanzano@chu.ulg.ac.be,P203 CHU GOAL - Ajout de la table AUSP dans extract BI - Bienvenue! Vous pouvez poser une demande de Service Desk ERP for HealthCare parmi les options fournies. - Service d'assistance - Google Chrome,Tâches diverses,2021-03-23,15:45:33,00:00:02
stefano.crapanzano@chu.ulg.ac.be,Ticket sans réponse - Message (HTML),Helpdesk général,2021-03-23,15:25:22,00:00:12
stefano.crapanzano@chu.ulg.ac.be,Tickets sans réponses - Message (HTML),Helpdesk général,2021-03-23,15:25:34,00:01:22
stefano.crapanzano@chu.ulg.ac.be,Tickets sans réponses - Message (HTML),Helpdesk général,2021-03-23,15:28:13,00:00:06
stefano.crapanzano@chu.ulg.ac.be,image(18).png (1168×751) - Google Chrome,Tâches diverses,2021-03-23,16:02:57,00:00:09
stefano.crapanzano@chu.ulg.ac.be,RE: nouvel accès via SSO à goal.chuliege.be - Message (HTML),Helpdesk général,2021-03-23,16:29:05,00:00:14
stefano.crapanzano@chu.ulg.ac.be,what is the process of webserver iis - Recherche Google - Google Chrome,Tâches diverses,2021-03-23,18:16:42,00:00:09
stefano.crapanzano@chu.ulg.ac.be,what is the process of webserver iis exe - Recherche Google - Google Chrome,Tâches diverses,2021-03-23,18:16:52,00:00:09
stefano.crapanzano@chu.ulg.ac.be,pip install corsheaders - Recherche Google - Google Chrome,Tâches diverses,2021-03-23,19:18:11,00:00:04
