Email,Description,Project,Start date,Start time,Duration
stefano.crapanzano@chu.ulg.ac.be,Administrateur : C:\Windows\System32\cmd.exe - python  main.py,IT,2021-03-22,08:29:31,00:00:02
stefano.crapanzano@chu.ulg.ac.be,github desktop show graph - Recherche Google - Google Chrome,Tâches diverses,2021-03-22,08:29:33,00:00:09
stefano.crapanzano@chu.ulg.ac.be,Nouvel onglet - Google Chrome,Tâches diverses,2021-03-22,08:29:43,00:00:02
stefano.crapanzano@chu.ulg.ac.be,Nouvel onglet - Google Chrome,Tâches diverses,2021-03-22,08:30:59,00:00:09
stefano.crapanzano@chu.ulg.ac.be,Nouvel onglet - Google Chrome,Tâches diverses,2021-03-22,08:32:18,00:00:06
stefano.crapanzano@chu.ulg.ac.be,Nouvel onglet - Google Chrome,Tâches diverses,2021-03-22,08:34:04,00:00:03
stefano.crapanzano@chu.ulg.ac.be,Nouvel onglet - Google Chrome,Tâches diverses,2021-03-22,08:45:43,00:00:07
stefano.crapanzano@chu.ulg.ac.be,Nouvel onglet - Google Chrome,Tâches diverses,2021-03-22,08:52:34,00:00:06
stefano.crapanzano@chu.ulg.ac.be,Nouvel onglet - Google Chrome,Tâches diverses,2021-03-22,09:00:28,00:00:06
stefano.crapanzano@chu.ulg.ac.be,Nouvel onglet - Google Chrome,Tâches diverses,2021-03-22,09:09:45,00:00:03
stefano.crapanzano@chu.ulg.ac.be,Nouvel onglet - Google Chrome,Tâches diverses,2021-03-22,09:11:05,00:00:08
stefano.crapanzano@chu.ulg.ac.be,Nouvel onglet - Google Chrome,Tâches diverses,2021-03-22,09:18:50,00:00:12
stefano.crapanzano@chu.ulg.ac.be,Nouvel onglet - Google Chrome,Tâches diverses,2021-03-22,10:22:07,00:00:04
stefano.crapanzano@chu.ulg.ac.be,Nouvel onglet - Google Chrome,Tâches diverses,2021-03-22,10:27:06,00:00:08
stefano.crapanzano@chu.ulg.ac.be,Nouvel onglet - Google Chrome,Tâches diverses,2021-03-22,11:07:07,00:00:06
stefano.crapanzano@chu.ulg.ac.be,Nouvel onglet - Google Chrome,Tâches diverses,2021-03-22,11:36:54,00:00:07
stefano.crapanzano@chu.ulg.ac.be,Nouvel onglet - Google Chrome,Tâches diverses,2021-03-22,11:40:48,00:00:03
stefano.crapanzano@chu.ulg.ac.be,Nouvel onglet - Google Chrome,Tâches diverses,2021-03-22,12:38:21,00:00:07
stefano.crapanzano@chu.ulg.ac.be,Nouvel onglet - Google Chrome,Tâches diverses,2021-03-22,13:06:09,00:00:04
stefano.crapanzano@chu.ulg.ac.be,Nouvel onglet - Google Chrome,Tâches diverses,2021-03-22,13:52:41,00:00:06
stefano.crapanzano@chu.ulg.ac.be,Nouvel onglet - Google Chrome,Tâches diverses,2021-03-22,13:56:08,00:00:06
stefano.crapanzano@chu.ulg.ac.be,Nouvel onglet - Google Chrome,Tâches diverses,2021-03-22,14:00:57,00:00:04
stefano.crapanzano@chu.ulg.ac.be,Nouvel onglet - Google Chrome,Tâches diverses,2021-03-22,14:09:57,00:00:02
stefano.crapanzano@chu.ulg.ac.be,Nouvel onglet - Google Chrome,Tâches diverses,2021-03-22,14:18:42,00:00:03
stefano.crapanzano@chu.ulg.ac.be,Identification - Google Chrome,Tâches diverses,2021-03-22,08:29:45,00:00:09
stefano.crapanzano@chu.ulg.ac.be,SAM - DB - Google Chrome,Tâches diverses,2021-03-22,08:29:55,00:00:43
stefano.crapanzano@chu.ulg.ac.be,SAM - DB - Google Chrome,Tâches diverses,2021-03-22,08:30:44,00:00:06
stefano.crapanzano@chu.ulg.ac.be,SAM - DB - Google Chrome,Tâches diverses,2021-03-22,08:30:54,00:00:04
stefano.crapanzano@chu.ulg.ac.be,SAM - DB - Google Chrome,Tâches diverses,2021-03-22,11:40:52,00:03:59
stefano.crapanzano@chu.ulg.ac.be,SAM - DB - Google Chrome,Tâches diverses,2021-03-22,11:44:57,00:00:04
stefano.crapanzano@chu.ulg.ac.be,SAM - DB - Google Chrome,Tâches diverses,2021-03-22,11:46:20,00:00:02
stefano.crapanzano@chu.ulg.ac.be,image(16).png (1537×72) - Google Chrome,Tâches diverses,2021-03-22,08:30:38,00:00:06
stefano.crapanzano@chu.ulg.ac.be,image(17).png (1523×57) - Google Chrome,Tâches diverses,2021-03-22,08:30:50,00:00:03
stefano.crapanzano@chu.ulg.ac.be,IIS 8.5 Erreur détaillée - 500.0 - Internal Server Error - Google Chrome,Tâches diverses,2021-03-22,08:31:08,00:00:25
stefano.crapanzano@chu.ulg.ac.be,IIS 8.5 Erreur détaillée - 500.0 - Internal Server Error - Google Chrome,Tâches diverses,2021-03-22,08:31:41,00:00:02
stefano.crapanzano@chu.ulg.ac.be,IIS 8.5 Erreur détaillée - 500.0 - Internal Server Error - Google Chrome,Tâches diverses,2021-03-22,08:31:56,00:00:04
stefano.crapanzano@chu.ulg.ac.be,IIS 8.5 Erreur détaillée - 500.0 - Internal Server Error - Google Chrome,Tâches diverses,2021-03-22,08:32:04,00:00:11
stefano.crapanzano@chu.ulg.ac.be,IIS 8.5 Erreur détaillée - 500.0 - Internal Server Error - Google Chrome,Tâches diverses,2021-03-22,08:32:24,00:00:19
stefano.crapanzano@chu.ulg.ac.be,Navigation système de fichier,IT,2021-03-22,08:31:33,00:00:04
stefano.crapanzano@chu.ulg.ac.be,Navigation système de fichier,IT,2021-03-22,08:31:44,00:00:10
stefano.crapanzano@chu.ulg.ac.be,Navigation système de fichier,IT,2021-03-22,08:32:48,00:00:04
stefano.crapanzano@chu.ulg.ac.be,Navigation système de fichier,IT,2021-03-22,08:35:01,00:00:04
stefano.crapanzano@chu.ulg.ac.be,Navigation système de fichier,IT,2021-03-22,08:35:08,00:00:03
stefano.crapanzano@chu.ulg.ac.be,Navigation système de fichier,IT,2021-03-22,08:35:14,00:00:02
stefano.crapanzano@chu.ulg.ac.be,Navigation système de fichier,IT,2021-03-22,08:35:26,00:00:03
stefano.crapanzano@chu.ulg.ac.be,Navigation système de fichier,IT,2021-03-22,08:35:35,00:00:02
stefano.crapanzano@chu.ulg.ac.be,Navigation système de fichier,IT,2021-03-22,08:35:41,00:00:03
stefano.crapanzano@chu.ulg.ac.be,Navigation système de fichier,IT,2021-03-22,08:35:49,00:00:03
stefano.crapanzano@chu.ulg.ac.be,Navigation système de fichier,IT,2021-03-22,08:35:57,00:00:02
stefano.crapanzano@chu.ulg.ac.be,Navigation système de fichier,IT,2021-03-22,08:36:03,00:00:04
stefano.crapanzano@chu.ulg.ac.be,Navigation système de fichier,IT,2021-03-22,08:36:13,00:00:03
stefano.crapanzano@chu.ulg.ac.be,Navigation système de fichier,IT,2021-03-22,08:36:19,00:00:05
stefano.crapanzano@chu.ulg.ac.be,Navigation système de fichier,IT,2021-03-22,08:36:28,00:00:27
stefano.crapanzano@chu.ulg.ac.be,Navigation système de fichier,IT,2021-03-22,08:36:57,00:00:34
stefano.crapanzano@chu.ulg.ac.be,Navigation système de fichier,IT,2021-03-22,08:37:33,00:00:09
stefano.crapanzano@chu.ulg.ac.be,Navigation système de fichier,IT,2021-03-22,08:37:44,00:00:03
stefano.crapanzano@chu.ulg.ac.be,Navigation système de fichier,IT,2021-03-22,08:37:49,00:00:03
stefano.crapanzano@chu.ulg.ac.be,Navigation système de fichier,IT,2021-03-22,08:51:22,00:00:03
stefano.crapanzano@chu.ulg.ac.be,Navigation système de fichier,IT,2021-03-22,08:55:02,00:00:02
stefano.crapanzano@chu.ulg.ac.be,Navigation système de fichier,IT,2021-03-22,08:58:22,00:00:02
stefano.crapanzano@chu.ulg.ac.be,Navigation système de fichier,IT,2021-03-22,09:06:14,00:00:02
stefano.crapanzano@chu.ulg.ac.be,Navigation système de fichier,IT,2021-03-22,09:07:45,00:00:02
stefano.crapanzano@chu.ulg.ac.be,Navigation système de fichier,IT,2021-03-22,09:07:52,00:00:02
stefano.crapanzano@chu.ulg.ac.be,Navigation système de fichier,IT,2021-03-22,09:17:45,00:00:03
stefano.crapanzano@chu.ulg.ac.be,Navigation système de fichier,IT,2021-03-22,09:24:14,00:00:11
stefano.crapanzano@chu.ulg.ac.be,Navigation système de fichier,IT,2021-03-22,09:54:35,00:00:06
stefano.crapanzano@chu.ulg.ac.be,Navigation système de fichier,IT,2021-03-22,09:54:59,00:00:03
stefano.crapanzano@chu.ulg.ac.be,Navigation système de fichier,IT,2021-03-22,10:19:41,00:00:02
stefano.crapanzano@chu.ulg.ac.be,Navigation système de fichier,IT,2021-03-22,10:21:31,00:00:02
stefano.crapanzano@chu.ulg.ac.be,Navigation système de fichier,IT,2021-03-22,10:25:43,00:00:03
stefano.crapanzano@chu.ulg.ac.be,Navigation système de fichier,IT,2021-03-22,10:56:08,00:00:02
stefano.crapanzano@chu.ulg.ac.be,Navigation système de fichier,IT,2021-03-22,10:58:18,00:00:02
stefano.crapanzano@chu.ulg.ac.be,Navigation système de fichier,IT,2021-03-22,10:59:05,00:00:02
stefano.crapanzano@chu.ulg.ac.be,Navigation système de fichier,IT,2021-03-22,11:02:24,00:00:02
stefano.crapanzano@chu.ulg.ac.be,Navigation système de fichier,IT,2021-03-22,11:02:49,00:00:02
stefano.crapanzano@chu.ulg.ac.be,Navigation système de fichier,IT,2021-03-22,11:07:02,00:00:03
stefano.crapanzano@chu.ulg.ac.be,Navigation système de fichier,IT,2021-03-22,11:37:19,00:00:02
stefano.crapanzano@chu.ulg.ac.be,Navigation système de fichier,IT,2021-03-22,11:45:02,00:00:02
stefano.crapanzano@chu.ulg.ac.be,Navigation système de fichier,IT,2021-03-22,11:50:50,00:00:02
stefano.crapanzano@chu.ulg.ac.be,Navigation système de fichier,IT,2021-03-22,11:55:26,00:00:03
stefano.crapanzano@chu.ulg.ac.be,Navigation système de fichier,IT,2021-03-22,12:44:24,00:00:03
stefano.crapanzano@chu.ulg.ac.be,Navigation système de fichier,IT,2021-03-22,12:45:42,00:00:02
stefano.crapanzano@chu.ulg.ac.be,Navigation système de fichier,IT,2021-03-22,12:45:53,00:00:02
stefano.crapanzano@chu.ulg.ac.be,Navigation système de fichier,IT,2021-03-22,13:06:04,00:00:02
stefano.crapanzano@chu.ulg.ac.be,Navigation système de fichier,IT,2021-03-22,13:08:20,00:00:04
stefano.crapanzano@chu.ulg.ac.be,Navigation système de fichier,IT,2021-03-22,13:10:19,00:00:03
stefano.crapanzano@chu.ulg.ac.be,Navigation système de fichier,IT,2021-03-22,13:12:31,00:00:09
stefano.crapanzano@chu.ulg.ac.be,Navigation système de fichier,IT,2021-03-22,13:12:51,00:00:40
stefano.crapanzano@chu.ulg.ac.be,Navigation système de fichier,IT,2021-03-22,13:15:49,00:00:11
stefano.crapanzano@chu.ulg.ac.be,Navigation système de fichier,IT,2021-03-22,13:16:48,00:00:16
stefano.crapanzano@chu.ulg.ac.be,Navigation système de fichier,IT,2021-03-22,13:17:29,00:00:41
stefano.crapanzano@chu.ulg.ac.be,Navigation système de fichier,IT,2021-03-22,13:18:53,00:00:12
stefano.crapanzano@chu.ulg.ac.be,Navigation système de fichier,IT,2021-03-22,13:19:27,00:00:02
stefano.crapanzano@chu.ulg.ac.be,Navigation système de fichier,IT,2021-03-22,13:32:21,00:00:07
stefano.crapanzano@chu.ulg.ac.be,Navigation système de fichier,IT,2021-03-22,13:33:20,00:00:13
stefano.crapanzano@chu.ulg.ac.be,Navigation système de fichier,IT,2021-03-22,13:33:34,00:00:17
stefano.crapanzano@chu.ulg.ac.be,Navigation système de fichier,IT,2021-03-22,13:33:52,00:00:02
stefano.crapanzano@chu.ulg.ac.be,Navigation système de fichier,IT,2021-03-22,13:34:02,00:00:02
stefano.crapanzano@chu.ulg.ac.be,Navigation système de fichier,IT,2021-03-22,13:34:39,00:00:02
stefano.crapanzano@chu.ulg.ac.be,Navigation système de fichier,IT,2021-03-22,13:35:09,00:00:03
stefano.crapanzano@chu.ulg.ac.be,Navigation système de fichier,IT,2021-03-22,13:35:40,00:00:07
stefano.crapanzano@chu.ulg.ac.be,Navigation système de fichier,IT,2021-03-22,13:42:31,00:00:05
stefano.crapanzano@chu.ulg.ac.be,Navigation système de fichier,IT,2021-03-22,13:47:03,00:00:02
stefano.crapanzano@chu.ulg.ac.be,Navigation système de fichier,IT,2021-03-22,13:58:11,00:00:02
stefano.crapanzano@chu.ulg.ac.be,Navigation système de fichier,IT,2021-03-22,14:06:47,00:00:02
stefano.crapanzano@chu.ulg.ac.be,Navigation système de fichier,IT,2021-03-22,14:11:20,00:00:02
stefano.crapanzano@chu.ulg.ac.be,Navigation système de fichier,IT,2021-03-22,14:19:40,00:00:04
stefano.crapanzano@chu.ulg.ac.be,Navigation système de fichier,IT,2021-03-22,14:20:36,00:00:03
stefano.crapanzano@chu.ulg.ac.be,Navigation système de fichier,IT,2021-03-22,14:22:06,00:00:19
stefano.crapanzano@chu.ulg.ac.be,RE: Réceptionnaire présent plusieurs fois dans ZONTVANGST - Message (HTML),Helpdesk général,2021-03-22,08:31:38,00:00:03
stefano.crapanzano@chu.ulg.ac.be,Microsoft Outlook,Helpdesk général,2021-03-22,08:31:54,00:00:02
stefano.crapanzano@chu.ulg.ac.be,Boîte de réception - erp.sai@chuliege.be - Outlook,Helpdesk général,2021-03-22,08:32:00,00:00:03
stefano.crapanzano@chu.ulg.ac.be,Boîte de réception - erp.sai@chuliege.be - Outlook,Helpdesk général,2021-03-22,09:01:58,00:00:08
stefano.crapanzano@chu.ulg.ac.be,Boîte de réception - erp.sai@chuliege.be - Outlook,Helpdesk général,2021-03-22,09:30:22,00:00:06
stefano.crapanzano@chu.ulg.ac.be,Boîte de réception - erp.sai@chuliege.be - Outlook,Helpdesk général,2021-03-22,10:19:23,00:00:14
stefano.crapanzano@chu.ulg.ac.be,Boîte de réception - erp.sai@chuliege.be - Outlook,Helpdesk général,2021-03-22,10:58:21,00:00:08
stefano.crapanzano@chu.ulg.ac.be,Boîte de réception - erp.sai@chuliege.be - Outlook,Helpdesk général,2021-03-22,11:45:50,00:00:30
stefano.crapanzano@chu.ulg.ac.be,Boîte de réception - erp.sai@chuliege.be - Outlook,Helpdesk général,2021-03-22,11:54:30,00:00:43
stefano.crapanzano@chu.ulg.ac.be,Boîte de réception - erp.sai@chuliege.be - Outlook,Helpdesk général,2021-03-22,12:40:22,00:00:02
stefano.crapanzano@chu.ulg.ac.be,Boîte de réception - erp.sai@chuliege.be - Outlook,Helpdesk général,2021-03-22,12:40:48,00:00:10
stefano.crapanzano@chu.ulg.ac.be,Boîte de réception - erp.sai@chuliege.be - Outlook,Helpdesk général,2021-03-22,12:41:53,00:00:30
stefano.crapanzano@chu.ulg.ac.be,Boîte de réception - erp.sai@chuliege.be - Outlook,Helpdesk général,2021-03-22,13:32:28,00:00:05
stefano.crapanzano@chu.ulg.ac.be,Boîte de réception - erp.sai@chuliege.be - Outlook,Helpdesk général,2021-03-22,13:32:38,00:00:40
stefano.crapanzano@chu.ulg.ac.be,Boîte de réception - erp.sai@chuliege.be - Outlook,Helpdesk général,2021-03-22,13:33:58,00:00:03
stefano.crapanzano@chu.ulg.ac.be,Boîte de réception - erp.sai@chuliege.be - Outlook,Helpdesk général,2021-03-22,13:35:13,00:00:05
stefano.crapanzano@chu.ulg.ac.be,Boîte de réception - erp.sai@chuliege.be - Outlook,Helpdesk général,2021-03-22,14:10:18,00:00:09
stefano.crapanzano@chu.ulg.ac.be,Ouverture -Outlook,Helpdesk général,2021-03-22,08:32:15,00:00:02
stefano.crapanzano@chu.ulg.ac.be,erpftp,Helpdesk général,2021-03-22,08:32:43,00:00:02
stefano.crapanzano@chu.ulg.ac.be,Netop Invité,Helpdesk général,2021-03-22,08:32:45,00:00:02
stefano.crapanzano@chu.ulg.ac.be,Programmation,IT,2021-03-22,08:32:52,00:01:09
stefano.crapanzano@chu.ulg.ac.be,Programmation,IT,2021-03-22,08:39:33,00:04:17
stefano.crapanzano@chu.ulg.ac.be,Programmation,IT,2021-03-22,08:44:37,00:00:11
stefano.crapanzano@chu.ulg.ac.be,Programmation,IT,2021-03-22,08:45:11,00:00:31
stefano.crapanzano@chu.ulg.ac.be,Programmation,IT,2021-03-22,08:46:42,00:00:46
stefano.crapanzano@chu.ulg.ac.be,Programmation,IT,2021-03-22,08:47:48,00:00:13
stefano.crapanzano@chu.ulg.ac.be,Programmation,IT,2021-03-22,08:48:17,00:01:16
stefano.crapanzano@chu.ulg.ac.be,Programmation,IT,2021-03-22,08:49:49,00:00:10
stefano.crapanzano@chu.ulg.ac.be,Programmation,IT,2021-03-22,08:50:39,00:00:23
stefano.crapanzano@chu.ulg.ac.be,Programmation,IT,2021-03-22,08:52:24,00:00:08
stefano.crapanzano@chu.ulg.ac.be,Programmation,IT,2021-03-22,08:54:08,00:00:04
stefano.crapanzano@chu.ulg.ac.be,Programmation,IT,2021-03-22,08:54:16,00:00:18
stefano.crapanzano@chu.ulg.ac.be,Programmation,IT,2021-03-22,08:54:41,00:00:03
stefano.crapanzano@chu.ulg.ac.be,Programmation,IT,2021-03-22,08:58:07,00:00:08
stefano.crapanzano@chu.ulg.ac.be,Programmation,IT,2021-03-22,08:58:24,00:00:07
stefano.crapanzano@chu.ulg.ac.be,Programmation,IT,2021-03-22,08:58:51,00:00:18
stefano.crapanzano@chu.ulg.ac.be,Programmation,IT,2021-03-22,08:59:21,00:00:08
stefano.crapanzano@chu.ulg.ac.be,Programmation,IT,2021-03-22,08:59:48,00:00:17
stefano.crapanzano@chu.ulg.ac.be,Programmation,IT,2021-03-22,09:00:12,00:00:05
stefano.crapanzano@chu.ulg.ac.be,Programmation,IT,2021-03-22,09:00:23,00:00:03
stefano.crapanzano@chu.ulg.ac.be,Programmation,IT,2021-03-22,09:00:47,00:00:04
stefano.crapanzano@chu.ulg.ac.be,Programmation,IT,2021-03-22,09:01:23,00:00:30
stefano.crapanzano@chu.ulg.ac.be,Programmation,IT,2021-03-22,09:02:10,00:02:07
stefano.crapanzano@chu.ulg.ac.be,Programmation,IT,2021-03-22,09:04:35,00:00:34
stefano.crapanzano@chu.ulg.ac.be,Programmation,IT,2021-03-22,09:05:27,00:00:08
stefano.crapanzano@chu.ulg.ac.be,Programmation,IT,2021-03-22,09:05:56,00:00:06
stefano.crapanzano@chu.ulg.ac.be,Programmation,IT,2021-03-22,09:06:16,00:00:07
stefano.crapanzano@chu.ulg.ac.be,Programmation,IT,2021-03-22,09:06:28,00:00:20
stefano.crapanzano@chu.ulg.ac.be,Programmation,IT,2021-03-22,09:06:51,00:00:16
stefano.crapanzano@chu.ulg.ac.be,Programmation,IT,2021-03-22,09:07:19,00:00:03
stefano.crapanzano@chu.ulg.ac.be,Programmation,IT,2021-03-22,09:07:25,00:00:16
stefano.crapanzano@chu.ulg.ac.be,Programmation,IT,2021-03-22,09:07:54,00:00:24
stefano.crapanzano@chu.ulg.ac.be,Programmation,IT,2021-03-22,09:08:32,00:00:35
stefano.crapanzano@chu.ulg.ac.be,Programmation,IT,2021-03-22,09:09:09,00:00:04
stefano.crapanzano@chu.ulg.ac.be,Programmation,IT,2021-03-22,09:09:15,00:00:16
stefano.crapanzano@chu.ulg.ac.be,Programmation,IT,2021-03-22,09:09:39,00:00:04
stefano.crapanzano@chu.ulg.ac.be,Programmation,IT,2021-03-22,09:10:20,00:00:14
stefano.crapanzano@chu.ulg.ac.be,Programmation,IT,2021-03-22,09:10:40,00:00:06
stefano.crapanzano@chu.ulg.ac.be,Programmation,IT,2021-03-22,09:11:02,00:00:02
stefano.crapanzano@chu.ulg.ac.be,Programmation,IT,2021-03-22,09:12:19,00:00:19
stefano.crapanzano@chu.ulg.ac.be,Programmation,IT,2021-03-22,09:13:16,00:00:30
stefano.crapanzano@chu.ulg.ac.be,Programmation,IT,2021-03-22,09:15:19,00:00:22
stefano.crapanzano@chu.ulg.ac.be,Programmation,IT,2021-03-22,09:16:01,00:00:13
stefano.crapanzano@chu.ulg.ac.be,Programmation,IT,2021-03-22,09:16:22,00:00:02
stefano.crapanzano@chu.ulg.ac.be,Programmation,IT,2021-03-22,09:16:25,00:00:10
stefano.crapanzano@chu.ulg.ac.be,Programmation,IT,2021-03-22,09:16:37,00:00:20
stefano.crapanzano@chu.ulg.ac.be,Programmation,IT,2021-03-22,09:17:29,00:00:03
stefano.crapanzano@chu.ulg.ac.be,Programmation,IT,2021-03-22,09:18:10,00:00:05
stefano.crapanzano@chu.ulg.ac.be,Programmation,IT,2021-03-22,09:18:44,00:00:03
stefano.crapanzano@chu.ulg.ac.be,Programmation,IT,2021-03-22,09:19:25,00:00:17
stefano.crapanzano@chu.ulg.ac.be,Programmation,IT,2021-03-22,09:20:05,00:00:06
stefano.crapanzano@chu.ulg.ac.be,Programmation,IT,2021-03-22,09:22:23,00:00:21
stefano.crapanzano@chu.ulg.ac.be,Programmation,IT,2021-03-22,09:22:47,00:00:16
stefano.crapanzano@chu.ulg.ac.be,Programmation,IT,2021-03-22,09:23:26,00:00:25
stefano.crapanzano@chu.ulg.ac.be,Programmation,IT,2021-03-22,09:24:25,00:00:07
stefano.crapanzano@chu.ulg.ac.be,Programmation,IT,2021-03-22,09:24:45,00:00:02
stefano.crapanzano@chu.ulg.ac.be,Programmation,IT,2021-03-22,09:24:56,00:00:17
stefano.crapanzano@chu.ulg.ac.be,Programmation,IT,2021-03-22,09:25:35,00:00:16
stefano.crapanzano@chu.ulg.ac.be,Programmation,IT,2021-03-22,09:25:57,00:00:44
stefano.crapanzano@chu.ulg.ac.be,Programmation,IT,2021-03-22,09:28:43,00:01:38
stefano.crapanzano@chu.ulg.ac.be,Programmation,IT,2021-03-22,09:30:29,00:00:02
stefano.crapanzano@chu.ulg.ac.be,Programmation,IT,2021-03-22,09:30:33,00:13:24
stefano.crapanzano@chu.ulg.ac.be,Programmation,IT,2021-03-22,10:20:06,00:01:17
stefano.crapanzano@chu.ulg.ac.be,Programmation,IT,2021-03-22,10:21:34,00:00:13
stefano.crapanzano@chu.ulg.ac.be,Programmation,IT,2021-03-22,10:21:54,00:00:11
stefano.crapanzano@chu.ulg.ac.be,Programmation,IT,2021-03-22,10:22:12,00:00:10
stefano.crapanzano@chu.ulg.ac.be,Programmation,IT,2021-03-22,10:23:23,00:00:04
stefano.crapanzano@chu.ulg.ac.be,Programmation,IT,2021-03-22,10:23:37,00:00:07
stefano.crapanzano@chu.ulg.ac.be,Programmation,IT,2021-03-22,10:23:54,00:00:20
stefano.crapanzano@chu.ulg.ac.be,Programmation,IT,2021-03-22,10:24:23,00:00:03
stefano.crapanzano@chu.ulg.ac.be,Programmation,IT,2021-03-22,10:24:33,00:00:04
stefano.crapanzano@chu.ulg.ac.be,Programmation,IT,2021-03-22,10:24:43,00:00:04
stefano.crapanzano@chu.ulg.ac.be,Programmation,IT,2021-03-22,10:25:05,00:00:12
stefano.crapanzano@chu.ulg.ac.be,Programmation,IT,2021-03-22,10:25:46,00:00:02
stefano.crapanzano@chu.ulg.ac.be,Programmation,IT,2021-03-22,10:25:56,00:00:37
stefano.crapanzano@chu.ulg.ac.be,Programmation,IT,2021-03-22,10:26:34,00:00:10
stefano.crapanzano@chu.ulg.ac.be,Programmation,IT,2021-03-22,10:27:46,00:00:23
stefano.crapanzano@chu.ulg.ac.be,Programmation,IT,2021-03-22,10:36:41,00:15:32
stefano.crapanzano@chu.ulg.ac.be,Programmation,IT,2021-03-22,10:52:15,00:00:59
stefano.crapanzano@chu.ulg.ac.be,Programmation,IT,2021-03-22,10:53:16,00:01:47
stefano.crapanzano@chu.ulg.ac.be,Programmation,IT,2021-03-22,10:55:07,00:01:01
stefano.crapanzano@chu.ulg.ac.be,Programmation,IT,2021-03-22,10:56:10,00:00:33
stefano.crapanzano@chu.ulg.ac.be,Programmation,IT,2021-03-22,10:56:45,00:00:39
stefano.crapanzano@chu.ulg.ac.be,Programmation,IT,2021-03-22,10:59:07,00:00:17
stefano.crapanzano@chu.ulg.ac.be,Programmation,IT,2021-03-22,10:59:44,00:02:40
stefano.crapanzano@chu.ulg.ac.be,Programmation,IT,2021-03-22,11:02:27,00:00:22
stefano.crapanzano@chu.ulg.ac.be,Programmation,IT,2021-03-22,11:02:51,00:00:15
stefano.crapanzano@chu.ulg.ac.be,Programmation,IT,2021-03-22,11:03:30,00:01:24
stefano.crapanzano@chu.ulg.ac.be,Programmation,IT,2021-03-22,11:05:12,00:00:20
stefano.crapanzano@chu.ulg.ac.be,Programmation,IT,2021-03-22,11:05:33,00:00:05
stefano.crapanzano@chu.ulg.ac.be,Programmation,IT,2021-03-22,11:05:53,00:00:10
stefano.crapanzano@chu.ulg.ac.be,Programmation,IT,2021-03-22,11:07:36,00:01:46
stefano.crapanzano@chu.ulg.ac.be,Programmation,IT,2021-03-22,11:09:51,00:00:08
stefano.crapanzano@chu.ulg.ac.be,Programmation,IT,2021-03-22,11:14:07,00:03:14
stefano.crapanzano@chu.ulg.ac.be,Programmation,IT,2021-03-22,11:19:58,00:01:04
stefano.crapanzano@chu.ulg.ac.be,Programmation,IT,2021-03-22,11:21:17,00:00:21
stefano.crapanzano@chu.ulg.ac.be,Programmation,IT,2021-03-22,11:22:31,00:00:42
stefano.crapanzano@chu.ulg.ac.be,Programmation,IT,2021-03-22,11:23:42,00:00:10
stefano.crapanzano@chu.ulg.ac.be,Programmation,IT,2021-03-22,11:23:53,00:00:09
stefano.crapanzano@chu.ulg.ac.be,Programmation,IT,2021-03-22,11:24:04,00:00:11
stefano.crapanzano@chu.ulg.ac.be,Programmation,IT,2021-03-22,11:24:23,00:00:13
stefano.crapanzano@chu.ulg.ac.be,Programmation,IT,2021-03-22,11:24:38,00:01:04
stefano.crapanzano@chu.ulg.ac.be,Programmation,IT,2021-03-22,11:26:08,00:00:45
stefano.crapanzano@chu.ulg.ac.be,Programmation,IT,2021-03-22,11:32:10,00:00:12
stefano.crapanzano@chu.ulg.ac.be,Programmation,IT,2021-03-22,11:32:31,00:00:08
stefano.crapanzano@chu.ulg.ac.be,Programmation,IT,2021-03-22,11:34:10,00:01:07
stefano.crapanzano@chu.ulg.ac.be,Programmation,IT,2021-03-22,11:35:20,00:00:05
stefano.crapanzano@chu.ulg.ac.be,Programmation,IT,2021-03-22,11:35:27,00:00:08
stefano.crapanzano@chu.ulg.ac.be,Programmation,IT,2021-03-22,11:35:50,00:01:02
stefano.crapanzano@chu.ulg.ac.be,Programmation,IT,2021-03-22,11:37:09,00:00:10
stefano.crapanzano@chu.ulg.ac.be,Programmation,IT,2021-03-22,11:37:47,00:00:02
stefano.crapanzano@chu.ulg.ac.be,Programmation,IT,2021-03-22,11:37:52,00:00:36
stefano.crapanzano@chu.ulg.ac.be,Programmation,IT,2021-03-22,11:38:30,00:00:05
stefano.crapanzano@chu.ulg.ac.be,Programmation,IT,2021-03-22,11:38:38,00:00:25
stefano.crapanzano@chu.ulg.ac.be,Programmation,IT,2021-03-22,11:44:51,00:00:04
stefano.crapanzano@chu.ulg.ac.be,Programmation,IT,2021-03-22,11:50:52,00:01:33
stefano.crapanzano@chu.ulg.ac.be,Programmation,IT,2021-03-22,11:52:47,00:00:02
stefano.crapanzano@chu.ulg.ac.be,Programmation,IT,2021-03-22,11:53:03,00:00:04
stefano.crapanzano@chu.ulg.ac.be,Programmation,IT,2021-03-22,11:53:14,00:01:15
stefano.crapanzano@chu.ulg.ac.be,Programmation,IT,2021-03-22,11:55:14,00:00:12
stefano.crapanzano@chu.ulg.ac.be,Programmation,IT,2021-03-22,11:56:15,00:00:56
stefano.crapanzano@chu.ulg.ac.be,Programmation,IT,2021-03-22,11:57:35,00:00:09
stefano.crapanzano@chu.ulg.ac.be,Programmation,IT,2021-03-22,11:57:47,00:01:05
stefano.crapanzano@chu.ulg.ac.be,Programmation,IT,2021-03-22,11:59:14,00:00:27
stefano.crapanzano@chu.ulg.ac.be,Programmation,IT,2021-03-22,11:59:59,00:00:21
stefano.crapanzano@chu.ulg.ac.be,Programmation,IT,2021-03-22,12:00:51,00:00:03
stefano.crapanzano@chu.ulg.ac.be,Programmation,IT,2021-03-22,12:01:07,00:00:25
stefano.crapanzano@chu.ulg.ac.be,Programmation,IT,2021-03-22,12:02:05,00:00:29
stefano.crapanzano@chu.ulg.ac.be,Programmation,IT,2021-03-22,12:02:49,00:00:18
stefano.crapanzano@chu.ulg.ac.be,Programmation,IT,2021-03-22,12:26:28,00:05:55
stefano.crapanzano@chu.ulg.ac.be,Programmation,IT,2021-03-22,12:32:30,00:00:12
stefano.crapanzano@chu.ulg.ac.be,Programmation,IT,2021-03-22,12:32:57,00:00:18
stefano.crapanzano@chu.ulg.ac.be,Programmation,IT,2021-03-22,12:33:27,00:00:11
stefano.crapanzano@chu.ulg.ac.be,Programmation,IT,2021-03-22,12:33:44,00:00:17
stefano.crapanzano@chu.ulg.ac.be,Programmation,IT,2021-03-22,12:34:10,00:00:04
stefano.crapanzano@chu.ulg.ac.be,Programmation,IT,2021-03-22,12:34:17,00:00:02
stefano.crapanzano@chu.ulg.ac.be,Programmation,IT,2021-03-22,12:34:23,00:00:11
stefano.crapanzano@chu.ulg.ac.be,Programmation,IT,2021-03-22,12:35:18,00:00:34
stefano.crapanzano@chu.ulg.ac.be,Programmation,IT,2021-03-22,12:35:55,00:00:07
stefano.crapanzano@chu.ulg.ac.be,Programmation,IT,2021-03-22,12:36:31,00:00:51
stefano.crapanzano@chu.ulg.ac.be,Programmation,IT,2021-03-22,12:37:31,00:00:17
stefano.crapanzano@chu.ulg.ac.be,Programmation,IT,2021-03-22,12:37:49,00:00:08
stefano.crapanzano@chu.ulg.ac.be,Programmation,IT,2021-03-22,12:39:10,00:00:42
stefano.crapanzano@chu.ulg.ac.be,Programmation,IT,2021-03-22,12:45:55,00:01:21
stefano.crapanzano@chu.ulg.ac.be,Programmation,IT,2021-03-22,12:47:18,00:00:43
stefano.crapanzano@chu.ulg.ac.be,Programmation,IT,2021-03-22,12:48:02,00:02:08
stefano.crapanzano@chu.ulg.ac.be,Programmation,IT,2021-03-22,12:50:19,00:00:49
stefano.crapanzano@chu.ulg.ac.be,Programmation,IT,2021-03-22,12:51:23,00:00:36
stefano.crapanzano@chu.ulg.ac.be,Programmation,IT,2021-03-22,12:52:08,00:00:42
stefano.crapanzano@chu.ulg.ac.be,Programmation,IT,2021-03-22,12:53:33,00:00:20
stefano.crapanzano@chu.ulg.ac.be,Programmation,IT,2021-03-22,12:54:02,00:00:21
stefano.crapanzano@chu.ulg.ac.be,Programmation,IT,2021-03-22,12:54:40,00:02:12
stefano.crapanzano@chu.ulg.ac.be,Programmation,IT,2021-03-22,12:56:59,00:01:26
stefano.crapanzano@chu.ulg.ac.be,Programmation,IT,2021-03-22,12:58:48,00:00:50
stefano.crapanzano@chu.ulg.ac.be,Programmation,IT,2021-03-22,13:00:10,00:01:54
stefano.crapanzano@chu.ulg.ac.be,Programmation,IT,2021-03-22,13:02:59,00:01:10
stefano.crapanzano@chu.ulg.ac.be,Programmation,IT,2021-03-22,13:04:37,00:00:16
stefano.crapanzano@chu.ulg.ac.be,Programmation,IT,2021-03-22,13:07:19,00:00:28
stefano.crapanzano@chu.ulg.ac.be,Programmation,IT,2021-03-22,13:07:49,00:00:04
stefano.crapanzano@chu.ulg.ac.be,Programmation,IT,2021-03-22,13:07:58,00:00:02
stefano.crapanzano@chu.ulg.ac.be,Programmation,IT,2021-03-22,13:08:16,00:00:04
stefano.crapanzano@chu.ulg.ac.be,Programmation,IT,2021-03-22,13:09:25,00:00:13
stefano.crapanzano@chu.ulg.ac.be,Programmation,IT,2021-03-22,13:09:43,00:00:05
stefano.crapanzano@chu.ulg.ac.be,Programmation,IT,2021-03-22,13:10:11,00:00:07
stefano.crapanzano@chu.ulg.ac.be,Programmation,IT,2021-03-22,13:12:41,00:00:09
stefano.crapanzano@chu.ulg.ac.be,Programmation,IT,2021-03-22,13:17:05,00:00:24
stefano.crapanzano@chu.ulg.ac.be,Programmation,IT,2021-03-22,13:18:11,00:00:10
stefano.crapanzano@chu.ulg.ac.be,Programmation,IT,2021-03-22,13:19:17,00:00:10
stefano.crapanzano@chu.ulg.ac.be,Programmation,IT,2021-03-22,13:19:30,00:10:01
stefano.crapanzano@chu.ulg.ac.be,Programmation,IT,2021-03-22,13:32:10,00:00:10
stefano.crapanzano@chu.ulg.ac.be,Programmation,IT,2021-03-22,13:33:55,00:00:02
stefano.crapanzano@chu.ulg.ac.be,Programmation,IT,2021-03-22,13:34:04,00:00:34
stefano.crapanzano@chu.ulg.ac.be,Programmation,IT,2021-03-22,13:35:47,00:00:03
stefano.crapanzano@chu.ulg.ac.be,Programmation,IT,2021-03-22,13:38:59,00:00:03
stefano.crapanzano@chu.ulg.ac.be,Programmation,IT,2021-03-22,13:40:58,00:01:30
stefano.crapanzano@chu.ulg.ac.be,Programmation,IT,2021-03-22,13:42:42,00:00:09
stefano.crapanzano@chu.ulg.ac.be,Programmation,IT,2021-03-22,13:44:23,00:00:10
stefano.crapanzano@chu.ulg.ac.be,Programmation,IT,2021-03-22,13:44:40,00:00:10
stefano.crapanzano@chu.ulg.ac.be,Programmation,IT,2021-03-22,13:45:01,00:00:20
stefano.crapanzano@chu.ulg.ac.be,Programmation,IT,2021-03-22,13:45:24,00:00:32
stefano.crapanzano@chu.ulg.ac.be,Programmation,IT,2021-03-22,13:47:06,00:00:03
stefano.crapanzano@chu.ulg.ac.be,Programmation,IT,2021-03-22,13:47:24,00:02:12
stefano.crapanzano@chu.ulg.ac.be,Programmation,IT,2021-03-22,13:49:51,00:00:05
stefano.crapanzano@chu.ulg.ac.be,Programmation,IT,2021-03-22,13:50:01,00:00:11
stefano.crapanzano@chu.ulg.ac.be,Programmation,IT,2021-03-22,13:50:19,00:00:22
stefano.crapanzano@chu.ulg.ac.be,Programmation,IT,2021-03-22,13:50:49,00:00:08
stefano.crapanzano@chu.ulg.ac.be,Programmation,IT,2021-03-22,13:52:19,00:00:20
stefano.crapanzano@chu.ulg.ac.be,Programmation,IT,2021-03-22,13:53:04,00:00:23
stefano.crapanzano@chu.ulg.ac.be,Programmation,IT,2021-03-22,13:53:30,00:00:36
stefano.crapanzano@chu.ulg.ac.be,Programmation,IT,2021-03-22,13:54:12,00:00:12
stefano.crapanzano@chu.ulg.ac.be,Programmation,IT,2021-03-22,13:54:27,00:00:14
stefano.crapanzano@chu.ulg.ac.be,Programmation,IT,2021-03-22,13:54:45,00:00:05
stefano.crapanzano@chu.ulg.ac.be,Programmation,IT,2021-03-22,13:54:54,00:00:08
stefano.crapanzano@chu.ulg.ac.be,Programmation,IT,2021-03-22,13:55:07,00:00:06
stefano.crapanzano@chu.ulg.ac.be,Programmation,IT,2021-03-22,13:55:26,00:00:08
stefano.crapanzano@chu.ulg.ac.be,Programmation,IT,2021-03-22,13:55:38,00:00:27
stefano.crapanzano@chu.ulg.ac.be,Programmation,IT,2021-03-22,13:57:26,00:00:04
stefano.crapanzano@chu.ulg.ac.be,Programmation,IT,2021-03-22,13:57:34,00:00:33
stefano.crapanzano@chu.ulg.ac.be,Programmation,IT,2021-03-22,13:58:21,00:00:07
stefano.crapanzano@chu.ulg.ac.be,Programmation,IT,2021-03-22,13:58:31,00:00:14
stefano.crapanzano@chu.ulg.ac.be,Programmation,IT,2021-03-22,13:58:55,00:00:06
stefano.crapanzano@chu.ulg.ac.be,Programmation,IT,2021-03-22,13:59:07,00:00:14
stefano.crapanzano@chu.ulg.ac.be,Programmation,IT,2021-03-22,13:59:40,00:00:10
stefano.crapanzano@chu.ulg.ac.be,Programmation,IT,2021-03-22,14:00:18,00:00:05
stefano.crapanzano@chu.ulg.ac.be,Programmation,IT,2021-03-22,14:00:31,00:00:06
stefano.crapanzano@chu.ulg.ac.be,Programmation,IT,2021-03-22,14:00:50,00:00:06
stefano.crapanzano@chu.ulg.ac.be,Programmation,IT,2021-03-22,14:01:34,00:00:03
stefano.crapanzano@chu.ulg.ac.be,Programmation,IT,2021-03-22,14:01:59,00:00:15
stefano.crapanzano@chu.ulg.ac.be,Programmation,IT,2021-03-22,14:02:23,00:00:05
stefano.crapanzano@chu.ulg.ac.be,Programmation,IT,2021-03-22,14:03:06,00:00:39
stefano.crapanzano@chu.ulg.ac.be,Programmation,IT,2021-03-22,14:03:49,00:02:58
stefano.crapanzano@chu.ulg.ac.be,Programmation,IT,2021-03-22,14:06:50,00:02:48
stefano.crapanzano@chu.ulg.ac.be,Programmation,IT,2021-03-22,14:09:40,00:00:15
stefano.crapanzano@chu.ulg.ac.be,Programmation,IT,2021-03-22,14:10:51,00:00:10
stefano.crapanzano@chu.ulg.ac.be,Programmation,IT,2021-03-22,14:11:26,00:00:32
stefano.crapanzano@chu.ulg.ac.be,Programmation,IT,2021-03-22,14:12:04,00:00:02
stefano.crapanzano@chu.ulg.ac.be,Programmation,IT,2021-03-22,14:12:25,00:00:36
stefano.crapanzano@chu.ulg.ac.be,Programmation,IT,2021-03-22,14:13:04,00:01:36
stefano.crapanzano@chu.ulg.ac.be,Programmation,IT,2021-03-22,14:14:42,00:00:16
stefano.crapanzano@chu.ulg.ac.be,Programmation,IT,2021-03-22,14:15:07,00:00:37
stefano.crapanzano@chu.ulg.ac.be,Programmation,IT,2021-03-22,14:15:51,00:00:04
stefano.crapanzano@chu.ulg.ac.be,Programmation,IT,2021-03-22,14:15:57,00:01:40
stefano.crapanzano@chu.ulg.ac.be,Programmation,IT,2021-03-22,14:17:44,00:00:02
stefano.crapanzano@chu.ulg.ac.be,Programmation,IT,2021-03-22,14:17:49,00:00:19
stefano.crapanzano@chu.ulg.ac.be,Programmation,IT,2021-03-22,14:18:19,00:00:07
stefano.crapanzano@chu.ulg.ac.be,Programmation,IT,2021-03-22,14:19:45,00:00:22
stefano.crapanzano@chu.ulg.ac.be,Programmation,IT,2021-03-22,14:21:05,00:00:33
stefano.crapanzano@chu.ulg.ac.be,Programmation,IT,2021-03-22,14:22:26,02:40:08
stefano.crapanzano@chu.ulg.ac.be,Catalogue - CHU - Google Chrome,Tâches diverses,2021-03-22,08:34:08,00:00:03
stefano.crapanzano@chu.ulg.ac.be,Catalogue - CHU - Google Chrome,Tâches diverses,2021-03-22,10:57:59,00:00:03
stefano.crapanzano@chu.ulg.ac.be,Catalogue - CHU - Google Chrome,Tâches diverses,2021-03-22,10:58:06,00:00:04
stefano.crapanzano@chu.ulg.ac.be,Catalogue - CHU - Google Chrome,Tâches diverses,2021-03-22,11:10:27,00:00:03
stefano.crapanzano@chu.ulg.ac.be,Catalogue - CHU - Google Chrome,Tâches diverses,2021-03-22,11:10:34,00:00:04
stefano.crapanzano@chu.ulg.ac.be,Catalogue - CHU - Google Chrome,Tâches diverses,2021-03-22,11:10:53,00:00:07
stefano.crapanzano@chu.ulg.ac.be,Catalogue - CHU - Google Chrome,Tâches diverses,2021-03-22,11:11:17,00:00:07
stefano.crapanzano@chu.ulg.ac.be,Catalogue - CHU - Google Chrome,Tâches diverses,2021-03-22,11:17:58,00:00:07
stefano.crapanzano@chu.ulg.ac.be,Catalogue - CHU - Google Chrome,Tâches diverses,2021-03-22,11:18:09,00:00:04
stefano.crapanzano@chu.ulg.ac.be,Catalogue - CHU - Google Chrome,Tâches diverses,2021-03-22,11:27:27,00:01:25
stefano.crapanzano@chu.ulg.ac.be,Catalogue - CHU - Google Chrome,Tâches diverses,2021-03-22,11:28:57,00:00:02
stefano.crapanzano@chu.ulg.ac.be,Catalogue - CHU - Google Chrome,Tâches diverses,2021-03-22,11:29:04,00:00:04
stefano.crapanzano@chu.ulg.ac.be,Catalogue - CHU - Google Chrome,Tâches diverses,2021-03-22,11:29:32,00:00:13
stefano.crapanzano@chu.ulg.ac.be,Catalogue - CHU - Google Chrome,Tâches diverses,2021-03-22,11:29:47,00:00:02
stefano.crapanzano@chu.ulg.ac.be,Catalogue - CHU - Google Chrome,Tâches diverses,2021-03-22,11:30:08,00:00:32
stefano.crapanzano@chu.ulg.ac.be,Catalogue - CHU - Google Chrome,Tâches diverses,2021-03-22,11:31:27,00:00:03
stefano.crapanzano@chu.ulg.ac.be,Catalogue - CHU - Google Chrome,Tâches diverses,2021-03-22,11:31:33,00:00:03
stefano.crapanzano@chu.ulg.ac.be,Catalogue - CHU - Google Chrome,Tâches diverses,2021-03-22,11:31:39,00:00:29
stefano.crapanzano@chu.ulg.ac.be,Catalogue - CHU - Google Chrome,Tâches diverses,2021-03-22,11:32:24,00:00:03
stefano.crapanzano@chu.ulg.ac.be,Catalogue - CHU - Google Chrome,Tâches diverses,2021-03-22,11:39:26,00:00:04
stefano.crapanzano@chu.ulg.ac.be,Catalogue - CHU - Google Chrome,Tâches diverses,2021-03-22,11:39:35,00:00:04
stefano.crapanzano@chu.ulg.ac.be,Catalogue - CHU - Google Chrome,Tâches diverses,2021-03-22,11:39:49,00:00:04
stefano.crapanzano@chu.ulg.ac.be,Catalogue - CHU - Google Chrome,Tâches diverses,2021-03-22,11:40:18,00:00:06
stefano.crapanzano@chu.ulg.ac.be,Catalogue - CHU - Google Chrome,Tâches diverses,2021-03-22,11:40:31,00:00:03
stefano.crapanzano@chu.ulg.ac.be,Catalogue - CHU - Google Chrome,Tâches diverses,2021-03-22,11:46:26,00:00:02
stefano.crapanzano@chu.ulg.ac.be,Catalogue - CHU - Google Chrome,Tâches diverses,2021-03-22,11:46:32,00:04:00
stefano.crapanzano@chu.ulg.ac.be,Catalogue - CHU - Google Chrome,Tâches diverses,2021-03-22,12:00:58,00:00:03
stefano.crapanzano@chu.ulg.ac.be,Catalogue - CHU - Google Chrome,Tâches diverses,2021-03-22,12:01:38,00:00:07
stefano.crapanzano@chu.ulg.ac.be,Catalogue - CHU - Google Chrome,Tâches diverses,2021-03-22,12:03:21,00:00:04
stefano.crapanzano@chu.ulg.ac.be,Catalogue - CHU - Google Chrome,Tâches diverses,2021-03-22,12:23:19,00:01:58
stefano.crapanzano@chu.ulg.ac.be,Catalogue - CHU - Google Chrome,Tâches diverses,2021-03-22,12:42:51,00:00:09
stefano.crapanzano@chu.ulg.ac.be,Catalogue - CHU - Google Chrome,Tâches diverses,2021-03-22,12:43:04,00:00:02
stefano.crapanzano@chu.ulg.ac.be,Catalogue - CHU - Google Chrome,Tâches diverses,2021-03-22,12:43:12,00:00:08
stefano.crapanzano@chu.ulg.ac.be,Catalogue - CHU - Google Chrome,Tâches diverses,2021-03-22,12:44:05,00:00:04
stefano.crapanzano@chu.ulg.ac.be,Catalogue - CHU - Google Chrome,Tâches diverses,2021-03-22,12:45:11,00:00:31
stefano.crapanzano@chu.ulg.ac.be,Catalogue - CHU - Google Chrome,Tâches diverses,2021-03-22,12:45:44,00:00:08
stefano.crapanzano@chu.ulg.ac.be,Catalogue - CHU - Google Chrome,Tâches diverses,2021-03-22,12:50:11,00:00:02
stefano.crapanzano@chu.ulg.ac.be,Catalogue - CHU - Google Chrome,Tâches diverses,2021-03-22,12:56:54,00:00:03
stefano.crapanzano@chu.ulg.ac.be,Catalogue - CHU - Google Chrome,Tâches diverses,2021-03-22,12:58:27,00:00:20
stefano.crapanzano@chu.ulg.ac.be,Catalogue - CHU - Google Chrome,Tâches diverses,2021-03-22,12:59:39,00:00:29
stefano.crapanzano@chu.ulg.ac.be,Catalogue - CHU - Google Chrome,Tâches diverses,2021-03-22,13:02:04,00:00:55
stefano.crapanzano@chu.ulg.ac.be,Catalogue - CHU - Google Chrome,Tâches diverses,2021-03-22,13:04:09,00:00:27
stefano.crapanzano@chu.ulg.ac.be,Catalogue - CHU - Google Chrome,Tâches diverses,2021-03-22,13:04:54,00:01:10
stefano.crapanzano@chu.ulg.ac.be,Catalogue - CHU - Google Chrome,Tâches diverses,2021-03-22,13:08:02,00:00:13
stefano.crapanzano@chu.ulg.ac.be,Catalogue - CHU - Google Chrome,Tâches diverses,2021-03-22,13:08:25,00:00:08
stefano.crapanzano@chu.ulg.ac.be,Catalogue - CHU - Google Chrome,Tâches diverses,2021-03-22,13:09:40,00:00:03
stefano.crapanzano@chu.ulg.ac.be,Catalogue - CHU - Google Chrome,Tâches diverses,2021-03-22,13:09:49,00:00:12
stefano.crapanzano@chu.ulg.ac.be,Catalogue - CHU - Google Chrome,Tâches diverses,2021-03-22,13:10:08,00:00:02
stefano.crapanzano@chu.ulg.ac.be,Catalogue - CHU - Google Chrome,Tâches diverses,2021-03-22,13:10:23,00:00:02
stefano.crapanzano@chu.ulg.ac.be,Catalogue - CHU - Google Chrome,Tâches diverses,2021-03-22,13:34:45,00:00:24
stefano.crapanzano@chu.ulg.ac.be,Catalogue - CHU - Google Chrome,Tâches diverses,2021-03-22,13:42:36,00:00:03
stefano.crapanzano@chu.ulg.ac.be,Catalogue - CHU - Google Chrome,Tâches diverses,2021-03-22,13:42:55,00:00:55
stefano.crapanzano@chu.ulg.ac.be,Catalogue - CHU - Google Chrome,Tâches diverses,2021-03-22,13:43:52,00:00:31
stefano.crapanzano@chu.ulg.ac.be,Catalogue - CHU - Google Chrome,Tâches diverses,2021-03-22,13:44:34,00:00:05
stefano.crapanzano@chu.ulg.ac.be,Catalogue - CHU - Google Chrome,Tâches diverses,2021-03-22,13:44:50,00:00:10
stefano.crapanzano@chu.ulg.ac.be,Catalogue - CHU - Google Chrome,Tâches diverses,2021-03-22,13:45:21,00:00:03
stefano.crapanzano@chu.ulg.ac.be,Catalogue - CHU - Google Chrome,Tâches diverses,2021-03-22,13:45:56,00:01:07
stefano.crapanzano@chu.ulg.ac.be,Catalogue - CHU - Google Chrome,Tâches diverses,2021-03-22,13:47:10,00:00:14
stefano.crapanzano@chu.ulg.ac.be,Catalogue - CHU - Google Chrome,Tâches diverses,2021-03-22,13:49:58,00:00:03
stefano.crapanzano@chu.ulg.ac.be,Catalogue - CHU - Google Chrome,Tâches diverses,2021-03-22,13:50:13,00:00:05
stefano.crapanzano@chu.ulg.ac.be,Catalogue - CHU - Google Chrome,Tâches diverses,2021-03-22,13:50:42,00:00:07
stefano.crapanzano@chu.ulg.ac.be,Catalogue - CHU - Google Chrome,Tâches diverses,2021-03-22,13:51:00,00:01:19
stefano.crapanzano@chu.ulg.ac.be,Catalogue - CHU - Google Chrome,Tâches diverses,2021-03-22,13:54:09,00:00:02
stefano.crapanzano@chu.ulg.ac.be,Catalogue - CHU - Google Chrome,Tâches diverses,2021-03-22,13:59:24,00:00:03
stefano.crapanzano@chu.ulg.ac.be,127.0.0.1:8000 - Google Chrome,Tâches diverses,2021-03-22,08:34:12,00:00:16
stefano.crapanzano@chu.ulg.ac.be,127.0.0.1:8000 - Google Chrome,Tâches diverses,2021-03-22,10:58:03,00:00:03
stefano.crapanzano@chu.ulg.ac.be,127.0.0.1:8000 - Google Chrome,Tâches diverses,2021-03-22,10:58:11,00:00:03
stefano.crapanzano@chu.ulg.ac.be,127.0.0.1:8000 - Google Chrome,Tâches diverses,2021-03-22,11:10:30,00:00:03
stefano.crapanzano@chu.ulg.ac.be,127.0.0.1:8000 - Google Chrome,Tâches diverses,2021-03-22,11:10:39,00:00:07
stefano.crapanzano@chu.ulg.ac.be,127.0.0.1:8000 - Google Chrome,Tâches diverses,2021-03-22,11:11:00,00:00:06
stefano.crapanzano@chu.ulg.ac.be,127.0.0.1:8000 - Google Chrome,Tâches diverses,2021-03-22,11:11:24,00:00:04
stefano.crapanzano@chu.ulg.ac.be,127.0.0.1:8000 - Google Chrome,Tâches diverses,2021-03-22,11:18:05,00:00:03
stefano.crapanzano@chu.ulg.ac.be,127.0.0.1:8000 - Google Chrome,Tâches diverses,2021-03-22,11:18:13,00:00:03
stefano.crapanzano@chu.ulg.ac.be,127.0.0.1:8000 - Google Chrome,Tâches diverses,2021-03-22,11:28:52,00:00:04
stefano.crapanzano@chu.ulg.ac.be,127.0.0.1:8000 - Google Chrome,Tâches diverses,2021-03-22,11:28:59,00:00:04
stefano.crapanzano@chu.ulg.ac.be,127.0.0.1:8000 - Google Chrome,Tâches diverses,2021-03-22,11:29:09,00:00:04
stefano.crapanzano@chu.ulg.ac.be,127.0.0.1:8000 - Google Chrome,Tâches diverses,2021-03-22,11:29:45,00:00:02
stefano.crapanzano@chu.ulg.ac.be,127.0.0.1:8000 - Google Chrome,Tâches diverses,2021-03-22,11:29:50,00:00:06
stefano.crapanzano@chu.ulg.ac.be,127.0.0.1:8000 - Google Chrome,Tâches diverses,2021-03-22,11:31:30,00:00:02
stefano.crapanzano@chu.ulg.ac.be,127.0.0.1:8000 - Google Chrome,Tâches diverses,2021-03-22,11:31:36,00:00:02
stefano.crapanzano@chu.ulg.ac.be,127.0.0.1:8000 - Google Chrome,Tâches diverses,2021-03-22,11:32:28,00:00:03
stefano.crapanzano@chu.ulg.ac.be,127.0.0.1:8000 - Google Chrome,Tâches diverses,2021-03-22,11:32:40,00:01:07
stefano.crapanzano@chu.ulg.ac.be,127.0.0.1:8000 - Google Chrome,Tâches diverses,2021-03-22,11:39:31,00:00:03
stefano.crapanzano@chu.ulg.ac.be,127.0.0.1:8000 - Google Chrome,Tâches diverses,2021-03-22,11:39:39,00:00:03
stefano.crapanzano@chu.ulg.ac.be,127.0.0.1:8000 - Google Chrome,Tâches diverses,2021-03-22,11:40:35,00:00:13
stefano.crapanzano@chu.ulg.ac.be,127.0.0.1:8000 - Google Chrome,Tâches diverses,2021-03-22,11:46:22,00:00:03
stefano.crapanzano@chu.ulg.ac.be,127.0.0.1:8000 - Google Chrome,Tâches diverses,2021-03-22,11:46:28,00:00:03
stefano.crapanzano@chu.ulg.ac.be,127.0.0.1:8000 - Google Chrome,Tâches diverses,2021-03-22,11:50:32,00:00:15
stefano.crapanzano@chu.ulg.ac.be,127.0.0.1:8000 - Google Chrome,Tâches diverses,2021-03-22,12:01:01,00:00:04
stefano.crapanzano@chu.ulg.ac.be,127.0.0.1:8000 - Google Chrome,Tâches diverses,2021-03-22,12:01:34,00:00:03
stefano.crapanzano@chu.ulg.ac.be,127.0.0.1:8000 - Google Chrome,Tâches diverses,2021-03-22,12:01:45,00:00:20
stefano.crapanzano@chu.ulg.ac.be,127.0.0.1:8000 - Google Chrome,Tâches diverses,2021-03-22,12:02:36,00:00:12
stefano.crapanzano@chu.ulg.ac.be,127.0.0.1:8000 - Google Chrome,Tâches diverses,2021-03-22,12:03:07,00:00:13
stefano.crapanzano@chu.ulg.ac.be,127.0.0.1:8000 - Google Chrome,Tâches diverses,2021-03-22,12:03:25,00:00:33
stefano.crapanzano@chu.ulg.ac.be,127.0.0.1:8000 - Google Chrome,Tâches diverses,2021-03-22,12:25:18,00:00:07
stefano.crapanzano@chu.ulg.ac.be,127.0.0.1:8000 - Google Chrome,Tâches diverses,2021-03-22,12:43:00,00:00:03
stefano.crapanzano@chu.ulg.ac.be,127.0.0.1:8000 - Google Chrome,Tâches diverses,2021-03-22,12:43:06,00:00:06
stefano.crapanzano@chu.ulg.ac.be,127.0.0.1:8000 - Google Chrome,Tâches diverses,2021-03-22,12:43:21,00:00:44
stefano.crapanzano@chu.ulg.ac.be,127.0.0.1:8000 - Google Chrome,Tâches diverses,2021-03-22,12:44:10,00:00:14
stefano.crapanzano@chu.ulg.ac.be,127.0.0.1:8000 - Google Chrome,Tâches diverses,2021-03-22,12:44:29,00:00:42
stefano.crapanzano@chu.ulg.ac.be,127.0.0.1:8000/?article=&receptionnaire=STNBOMAGA - Google Chrome,Tâches diverses,2021-03-22,08:34:28,00:00:08
stefano.crapanzano@chu.ulg.ac.be,127.0.0.1:8000/?article=&receptionnaire=STNADADMD - Google Chrome,Tâches diverses,2021-03-22,08:34:37,00:00:23
stefano.crapanzano@chu.ulg.ac.be,127.0.0.1:8000/?article=&receptionnaire=STNADADMD - Google Chrome,Tâches diverses,2021-03-22,08:43:51,00:00:44
stefano.crapanzano@chu.ulg.ac.be,127.0.0.1:8000/?article=&receptionnaire=STNADADMD - Google Chrome,Tâches diverses,2021-03-22,08:44:48,00:00:21
stefano.crapanzano@chu.ulg.ac.be,127.0.0.1:8000/?article=&receptionnaire=STNADADMD - Google Chrome,Tâches diverses,2021-03-22,08:47:32,00:00:15
stefano.crapanzano@chu.ulg.ac.be,127.0.0.1:8000/?article=&receptionnaire=STNADADMD - Google Chrome,Tâches diverses,2021-03-22,08:48:01,00:00:15
stefano.crapanzano@chu.ulg.ac.be,127.0.0.1:8000/?article=&receptionnaire=STNADADMD - Google Chrome,Tâches diverses,2021-03-22,08:49:34,00:00:05
stefano.crapanzano@chu.ulg.ac.be,127.0.0.1:8000/?article=&receptionnaire=STNADADMD - Google Chrome,Tâches diverses,2021-03-22,08:49:42,00:00:07
stefano.crapanzano@chu.ulg.ac.be,127.0.0.1:8000/?article=&receptionnaire=STNADADMD - Google Chrome,Tâches diverses,2021-03-22,08:49:59,00:00:38
stefano.crapanzano@chu.ulg.ac.be,127.0.0.1:8000/?article=&receptionnaire=STNADADMD - Google Chrome,Tâches diverses,2021-03-22,08:51:03,00:00:19
stefano.crapanzano@chu.ulg.ac.be,127.0.0.1:8000/?article=&receptionnaire=STNADADMD - Google Chrome,Tâches diverses,2021-03-22,08:54:46,00:00:15
stefano.crapanzano@chu.ulg.ac.be,127.0.0.1:8000/?article=&receptionnaire=STNADADMD - Google Chrome,Tâches diverses,2021-03-22,08:58:18,00:00:03
stefano.crapanzano@chu.ulg.ac.be,127.0.0.1:8000/?article=&receptionnaire=STNADADMD - Google Chrome,Tâches diverses,2021-03-22,08:58:32,00:00:18
stefano.crapanzano@chu.ulg.ac.be,127.0.0.1:8000/?article=&receptionnaire=STNADADMD - Google Chrome,Tâches diverses,2021-03-22,08:59:11,00:00:10
stefano.crapanzano@chu.ulg.ac.be,127.0.0.1:8000/?article=&receptionnaire=STNADADMD - Google Chrome,Tâches diverses,2021-03-22,08:59:31,00:00:17
stefano.crapanzano@chu.ulg.ac.be,127.0.0.1:8000/?article=&receptionnaire=STNADADMD - Google Chrome,Tâches diverses,2021-03-22,09:00:06,00:00:05
stefano.crapanzano@chu.ulg.ac.be,127.0.0.1:8000/?article=&receptionnaire=STNADADMD - Google Chrome,Tâches diverses,2021-03-22,09:00:19,00:00:03
stefano.crapanzano@chu.ulg.ac.be,127.0.0.1:8000/?article=&receptionnaire=STNADADMD - Google Chrome,Tâches diverses,2021-03-22,09:00:54,00:00:13
stefano.crapanzano@chu.ulg.ac.be,127.0.0.1:8000/?article=&receptionnaire=STNADADMD - Google Chrome,Tâches diverses,2021-03-22,09:01:08,00:00:13
stefano.crapanzano@chu.ulg.ac.be,127.0.0.1:8000/?article=&receptionnaire=STNADADMD - Google Chrome,Tâches diverses,2021-03-22,09:04:18,00:00:13
stefano.crapanzano@chu.ulg.ac.be,127.0.0.1:8000/?article=&receptionnaire=STNADADMD - Google Chrome,Tâches diverses,2021-03-22,09:04:32,00:00:02
stefano.crapanzano@chu.ulg.ac.be,127.0.0.1:8000/?article=&receptionnaire=STNADADMD - Google Chrome,Tâches diverses,2021-03-22,09:05:10,00:00:15
stefano.crapanzano@chu.ulg.ac.be,127.0.0.1:8000/?article=&receptionnaire=STNADADMD - Google Chrome,Tâches diverses,2021-03-22,09:05:36,00:00:20
stefano.crapanzano@chu.ulg.ac.be,127.0.0.1:8000/?article=&receptionnaire=STNADADMD - Google Chrome,Tâches diverses,2021-03-22,09:06:03,00:00:10
stefano.crapanzano@chu.ulg.ac.be,127.0.0.1:8000/?article=&receptionnaire=STNADADMD - Google Chrome,Tâches diverses,2021-03-22,09:06:24,00:00:03
stefano.crapanzano@chu.ulg.ac.be,127.0.0.1:8000/?article=&receptionnaire=STNADADMD - Google Chrome,Tâches diverses,2021-03-22,09:06:48,00:00:03
stefano.crapanzano@chu.ulg.ac.be,127.0.0.1:8000/?article=&receptionnaire=STNADADMD - Google Chrome,Tâches diverses,2021-03-22,09:07:09,00:00:09
stefano.crapanzano@chu.ulg.ac.be,127.0.0.1:8000/?article=&receptionnaire=STNADADMD - Google Chrome,Tâches diverses,2021-03-22,09:07:22,00:00:02
stefano.crapanzano@chu.ulg.ac.be,127.0.0.1:8000/?article=&receptionnaire=STNADADMD - Google Chrome,Tâches diverses,2021-03-22,09:07:41,00:00:03
stefano.crapanzano@chu.ulg.ac.be,127.0.0.1:8000/?article=&receptionnaire=STNADADMD - Google Chrome,Tâches diverses,2021-03-22,09:07:47,00:00:04
stefano.crapanzano@chu.ulg.ac.be,127.0.0.1:8000/?article=&receptionnaire=STNADADMD - Google Chrome,Tâches diverses,2021-03-22,09:08:20,00:00:11
stefano.crapanzano@chu.ulg.ac.be,127.0.0.1:8000/?article=&receptionnaire=STNADADMD - Google Chrome,Tâches diverses,2021-03-22,09:09:07,00:00:02
stefano.crapanzano@chu.ulg.ac.be,127.0.0.1:8000/?article=&receptionnaire=STNADADMD - Google Chrome,Tâches diverses,2021-03-22,09:09:31,00:00:07
stefano.crapanzano@chu.ulg.ac.be,127.0.0.1:8000/?article=&receptionnaire=STNADADMD - Google Chrome,Tâches diverses,2021-03-22,09:10:48,00:00:13
stefano.crapanzano@chu.ulg.ac.be,127.0.0.1:8000/?article=&receptionnaire=STNADADMD - Google Chrome,Tâches diverses,2021-03-22,09:12:42,00:00:21
stefano.crapanzano@chu.ulg.ac.be,127.0.0.1:8000/?article=&receptionnaire=STNADADMD - Google Chrome,Tâches diverses,2021-03-22,09:13:48,00:00:17
stefano.crapanzano@chu.ulg.ac.be,127.0.0.1:8000/?article=&receptionnaire=STNADADMD - Google Chrome,Tâches diverses,2021-03-22,09:15:43,00:00:18
stefano.crapanzano@chu.ulg.ac.be,127.0.0.1:8000/?article=&receptionnaire=STNADADMD - Google Chrome,Tâches diverses,2021-03-22,09:16:15,00:00:05
stefano.crapanzano@chu.ulg.ac.be,127.0.0.1:8000/?article=&receptionnaire=STNADADMD - Google Chrome,Tâches diverses,2021-03-22,09:16:57,00:00:30
stefano.crapanzano@chu.ulg.ac.be,127.0.0.1:8000/?article=&receptionnaire=STNADADMD - Google Chrome,Tâches diverses,2021-03-22,09:17:32,00:00:13
stefano.crapanzano@chu.ulg.ac.be,127.0.0.1:8000/?article=&receptionnaire=STNADADMD - Google Chrome,Tâches diverses,2021-03-22,09:17:49,00:00:20
stefano.crapanzano@chu.ulg.ac.be,127.0.0.1:8000/?article=&receptionnaire=STNADADMD - Google Chrome,Tâches diverses,2021-03-22,09:18:16,00:00:23
stefano.crapanzano@chu.ulg.ac.be,127.0.0.1:8000/?article=&receptionnaire=STNADADMD - Google Chrome,Tâches diverses,2021-03-22,09:19:45,00:00:20
stefano.crapanzano@chu.ulg.ac.be,127.0.0.1:8000/?article=&receptionnaire=STNADADMD - Google Chrome,Tâches diverses,2021-03-22,09:23:10,00:00:16
stefano.crapanzano@chu.ulg.ac.be,127.0.0.1:8000/?article=&receptionnaire=STNADADMD - Google Chrome,Tâches diverses,2021-03-22,09:23:52,00:00:21
stefano.crapanzano@chu.ulg.ac.be,127.0.0.1:8000/?article=&receptionnaire=STNADADMD - Google Chrome,Tâches diverses,2021-03-22,09:24:33,00:00:10
stefano.crapanzano@chu.ulg.ac.be,127.0.0.1:8000/?article=&receptionnaire=STNADADMD - Google Chrome,Tâches diverses,2021-03-22,09:24:48,00:00:07
stefano.crapanzano@chu.ulg.ac.be,127.0.0.1:8000/?article=&receptionnaire=STNADADMD - Google Chrome,Tâches diverses,2021-03-22,09:25:14,00:00:20
stefano.crapanzano@chu.ulg.ac.be,127.0.0.1:8000/?article=&receptionnaire=STNADADMD - Google Chrome,Tâches diverses,2021-03-22,09:26:42,00:00:19
stefano.crapanzano@chu.ulg.ac.be,127.0.0.1:8000/?article=&receptionnaire=STNADADMD - Google Chrome,Tâches diverses,2021-03-22,09:27:03,00:01:40
stefano.crapanzano@chu.ulg.ac.be,127.0.0.1:8000/?article=&receptionnaire=STNADADMD - Google Chrome,Tâches diverses,2021-03-22,10:19:43,00:00:20
stefano.crapanzano@chu.ulg.ac.be,127.0.0.1:8000/?article=&receptionnaire=STNADADMD - Google Chrome,Tâches diverses,2021-03-22,10:21:24,00:00:07
stefano.crapanzano@chu.ulg.ac.be,127.0.0.1:8000/?article=&receptionnaire=STNADADMD - Google Chrome,Tâches diverses,2021-03-22,10:21:47,00:00:07
stefano.crapanzano@chu.ulg.ac.be,127.0.0.1:8000/?article=&receptionnaire=STNADADMD - Google Chrome,Tâches diverses,2021-03-22,10:22:24,00:00:04
stefano.crapanzano@chu.ulg.ac.be,127.0.0.1:8000/?article=&receptionnaire=STNADADMD - Google Chrome,Tâches diverses,2021-03-22,10:23:46,00:00:07
stefano.crapanzano@chu.ulg.ac.be,127.0.0.1:8000/?article=&receptionnaire=STNADADMD - Google Chrome,Tâches diverses,2021-03-22,10:24:14,00:00:08
stefano.crapanzano@chu.ulg.ac.be,127.0.0.1:8000/?article=&receptionnaire=STNADADMD - Google Chrome,Tâches diverses,2021-03-22,10:24:26,00:00:05
stefano.crapanzano@chu.ulg.ac.be,127.0.0.1:8000/?article=&receptionnaire=STNADADMD - Google Chrome,Tâches diverses,2021-03-22,10:24:38,00:00:04
stefano.crapanzano@chu.ulg.ac.be,127.0.0.1:8000/?article=&receptionnaire=STNADADMD - Google Chrome,Tâches diverses,2021-03-22,10:24:47,00:00:16
stefano.crapanzano@chu.ulg.ac.be,127.0.0.1:8000/?article=&receptionnaire=STNADADMD - Google Chrome,Tâches diverses,2021-03-22,10:25:18,00:00:14
stefano.crapanzano@chu.ulg.ac.be,127.0.0.1:8000/?article=&receptionnaire=STNADADMD - Google Chrome,Tâches diverses,2021-03-22,10:25:34,00:00:08
stefano.crapanzano@chu.ulg.ac.be,127.0.0.1:8000/?article=&receptionnaire=STNADADMD - Google Chrome,Tâches diverses,2021-03-22,10:25:49,00:00:06
stefano.crapanzano@chu.ulg.ac.be,127.0.0.1:8000/?article=&receptionnaire=STNADADMD - Google Chrome,Tâches diverses,2021-03-22,10:26:45,00:00:21
stefano.crapanzano@chu.ulg.ac.be,127.0.0.1:8000/?article=&receptionnaire=STNADADMD - Google Chrome,Tâches diverses,2021-03-22,10:28:12,00:08:27
stefano.crapanzano@chu.ulg.ac.be,127.0.0.1:8000/?article=&receptionnaire=STNADADMD - Google Chrome,Tâches diverses,2021-03-22,10:57:24,00:00:22
stefano.crapanzano@chu.ulg.ac.be,127.0.0.1:8000/?article=&receptionnaire=STNADADMD - Google Chrome,Tâches diverses,2021-03-22,10:58:15,00:00:03
stefano.crapanzano@chu.ulg.ac.be,127.0.0.1:8000/?article=&receptionnaire=STNADADMD - Google Chrome,Tâches diverses,2021-03-22,10:59:26,00:00:16
stefano.crapanzano@chu.ulg.ac.be,127.0.0.1:8000/?article=&receptionnaire=STNADADMD - Google Chrome,Tâches diverses,2021-03-22,11:03:07,00:00:21
stefano.crapanzano@chu.ulg.ac.be,127.0.0.1:8000/?article=&receptionnaire=STNADADMD - Google Chrome,Tâches diverses,2021-03-22,11:04:56,00:00:08
stefano.crapanzano@chu.ulg.ac.be,127.0.0.1:8000/?article=&receptionnaire=STNADADMD - Google Chrome,Tâches diverses,2021-03-22,11:05:43,00:00:07
stefano.crapanzano@chu.ulg.ac.be,127.0.0.1:8000/?article=&receptionnaire=STNADADMD - Google Chrome,Tâches diverses,2021-03-22,11:06:06,00:00:06
stefano.crapanzano@chu.ulg.ac.be,127.0.0.1:8000/?article=&receptionnaire=STNADADMD - Google Chrome,Tâches diverses,2021-03-22,11:06:17,00:00:45
stefano.crapanzano@chu.ulg.ac.be,127.0.0.1:8000/?article=&receptionnaire=STNADADMD - Google Chrome,Tâches diverses,2021-03-22,11:09:25,00:00:25
stefano.crapanzano@chu.ulg.ac.be,127.0.0.1:8000/?article=&receptionnaire=STNADADMD - Google Chrome,Tâches diverses,2021-03-22,11:10:00,00:00:26
stefano.crapanzano@chu.ulg.ac.be,127.0.0.1:8000/?article=&receptionnaire=STNADADMD - Google Chrome,Tâches diverses,2021-03-22,11:11:29,00:02:37
stefano.crapanzano@chu.ulg.ac.be,127.0.0.1:8000/?article=&receptionnaire=STNADADMD - Google Chrome,Tâches diverses,2021-03-22,11:17:23,00:00:34
stefano.crapanzano@chu.ulg.ac.be,127.0.0.1:8000/?article=&receptionnaire=STNADADMD - Google Chrome,Tâches diverses,2021-03-22,11:29:14,00:00:18
stefano.crapanzano@chu.ulg.ac.be,127.0.0.1:8000/?article=&receptionnaire=STNADADMD - Google Chrome,Tâches diverses,2021-03-22,12:25:25,00:00:56
stefano.crapanzano@chu.ulg.ac.be,127.0.0.1:8000/?article=&receptionnaire=STNADADMD - Google Chrome,Tâches diverses,2021-03-22,12:26:24,00:00:03
stefano.crapanzano@chu.ulg.ac.be,127.0.0.1:8000/?article=&receptionnaire=STNADADMD - Google Chrome,Tâches diverses,2021-03-22,12:32:45,00:00:12
stefano.crapanzano@chu.ulg.ac.be,127.0.0.1:8000/?article=&receptionnaire=STNADADMD - Google Chrome,Tâches diverses,2021-03-22,12:33:17,00:00:09
stefano.crapanzano@chu.ulg.ac.be,127.0.0.1:8000/?article=&receptionnaire=STNADADMD - Google Chrome,Tâches diverses,2021-03-22,12:33:38,00:00:04
stefano.crapanzano@chu.ulg.ac.be,127.0.0.1:8000/?article=&receptionnaire=STNADADMD - Google Chrome,Tâches diverses,2021-03-22,12:34:02,00:00:08
stefano.crapanzano@chu.ulg.ac.be,127.0.0.1:8000/?article=&receptionnaire=STNADADMD - Google Chrome,Tâches diverses,2021-03-22,12:34:14,00:00:02
stefano.crapanzano@chu.ulg.ac.be,127.0.0.1:8000/?article=&receptionnaire=STNADADMD - Google Chrome,Tâches diverses,2021-03-22,12:34:20,00:00:02
stefano.crapanzano@chu.ulg.ac.be,127.0.0.1:8000/?article=&receptionnaire=STNADADMD - Google Chrome,Tâches diverses,2021-03-22,12:34:37,00:00:39
stefano.crapanzano@chu.ulg.ac.be,127.0.0.1:8000/?article=&receptionnaire=STNADADMD - Google Chrome,Tâches diverses,2021-03-22,12:36:03,00:00:27
stefano.crapanzano@chu.ulg.ac.be,127.0.0.1:8000/?article=&receptionnaire=STNADADMD - Google Chrome,Tâches diverses,2021-03-22,12:37:24,00:00:07
stefano.crapanzano@chu.ulg.ac.be,127.0.0.1:8000/?article=&receptionnaire=STNADADMD - Google Chrome,Tâches diverses,2021-03-22,12:37:58,00:00:20
stefano.crapanzano@chu.ulg.ac.be,127.0.0.1:8000/?article=&receptionnaire=STNADADMD - Google Chrome,Tâches diverses,2021-03-22,12:39:54,00:00:16
stefano.crapanzano@chu.ulg.ac.be,Propriétés de connexion,Tâches diverses,2021-03-22,08:35:16,00:00:02
stefano.crapanzano@chu.ulg.ac.be,Connexions du classeur,Tâches diverses,2021-03-22,08:35:19,00:00:02
stefano.crapanzano@chu.ulg.ac.be,Classeur1 - Excel,Tâches diverses,2021-03-22,08:35:21,00:00:02
stefano.crapanzano@chu.ulg.ac.be,Microsoft Excel,Tâches diverses,2021-03-22,08:35:32,00:00:02
stefano.crapanzano@chu.ulg.ac.be,Microsoft Excel,Tâches diverses,2021-03-22,08:35:47,00:00:02
stefano.crapanzano@chu.ulg.ac.be,Microsoft Excel,Tâches diverses,2021-03-22,08:36:01,00:00:02
stefano.crapanzano@chu.ulg.ac.be,Classeur2 - Excel,Tâches diverses,2021-03-22,08:35:29,00:00:02
stefano.crapanzano@chu.ulg.ac.be,sai-erp_2021-03-10_Scan_Trimestriel_-_DMZ-SAI-Priv_uan6v4.xlsx  [Mode protégé] - Excel,Tâches diverses,2021-03-22,08:35:37,00:00:03
stefano.crapanzano@chu.ulg.ac.be,SURVEILLANCE_ZMMARTIKEL.xltm - Excel,Tâches diverses,2021-03-22,08:35:44,00:00:02
stefano.crapanzano@chu.ulg.ac.be,ZMMARTIKEL20210303095233.csv - Excel,Tâches diverses,2021-03-22,08:35:52,00:00:02
stefano.crapanzano@chu.ulg.ac.be,Lecture documentation,Tâches diverses,2021-03-22,08:36:08,00:00:05
stefano.crapanzano@chu.ulg.ac.be,Active Directory Users and Computers,IT,2021-03-22,08:36:25,00:00:02
stefano.crapanzano@chu.ulg.ac.be,Active Directory Users and Computers,IT,2021-03-22,09:44:04,00:10:31
stefano.crapanzano@chu.ulg.ac.be,Active Directory Users and Computers,IT,2021-03-22,09:55:02,00:24:19
stefano.crapanzano@chu.ulg.ac.be,Active Directory Users and Computers,IT,2021-03-22,10:19:39,00:00:02
stefano.crapanzano@chu.ulg.ac.be,Administrateur : C:\Windows\system32\cmd.exe,IT,2021-03-22,08:37:47,00:00:02
stefano.crapanzano@chu.ulg.ac.be,taskeng.exe,IT,2021-03-22,08:37:55,00:01:37
stefano.crapanzano@chu.ulg.ac.be,jquery add option to select selected - Recherche Google - Google Chrome,Tâches diverses,2021-03-22,08:45:50,00:00:03
stefano.crapanzano@chu.ulg.ac.be,Add selected attribute to option in select menu with jQuery - Stack Overflow - Google Chrome,Tâches diverses,2021-03-22,08:45:54,00:00:46
stefano.crapanzano@chu.ulg.ac.be,Add selected attribute to option in select menu with jQuery - Stack Overflow - Google Chrome,Tâches diverses,2021-03-22,08:47:30,00:00:02
stefano.crapanzano@chu.ulg.ac.be,Add selected attribute to option in select menu with jQuery - Stack Overflow - Google Chrome,Tâches diverses,2021-03-22,08:51:27,00:00:57
stefano.crapanzano@chu.ulg.ac.be,jquery deselect option - Recherche Google - Google Chrome,Tâches diverses,2021-03-22,08:52:40,00:00:06
stefano.crapanzano@chu.ulg.ac.be,jquery deselect option - Recherche Google - Google Chrome,Tâches diverses,2021-03-22,08:53:02,00:00:08
stefano.crapanzano@chu.ulg.ac.be,jquery deselect option - Recherche Google - Google Chrome,Tâches diverses,2021-03-22,08:53:46,00:00:04
stefano.crapanzano@chu.ulg.ac.be,jquery deselect option - Recherche Google - Google Chrome,Tâches diverses,2021-03-22,08:55:31,00:00:09
stefano.crapanzano@chu.ulg.ac.be,jquery deselect option - Recherche Google - Google Chrome,Tâches diverses,2021-03-22,08:55:58,00:00:06
stefano.crapanzano@chu.ulg.ac.be,jquery deselect option - Recherche Google - Google Chrome,Tâches diverses,2021-03-22,08:56:34,00:00:10
stefano.crapanzano@chu.ulg.ac.be,[jQuery] Deselecting all items in a <select>-field.. - jQuery Forum - Google Chrome,Tâches diverses,2021-03-22,08:52:46,00:00:15
stefano.crapanzano@chu.ulg.ac.be,Is there a way to select or unselect with javascript/JQuery in a (multiple) Select element ? · Issue #6065 · Dogfalo/materialize · GitHub - Google Chrome,Tâches diverses,2021-03-22,08:53:10,00:00:14
stefano.crapanzano@chu.ulg.ac.be,Is there a way to select or unselect with javascript/JQuery in a (multiple) Select element ? · Issue #6065 · Dogfalo/materialize · GitHub - Google Chrome,Tâches diverses,2021-03-22,08:53:26,00:00:20
stefano.crapanzano@chu.ulg.ac.be,Programmatically unselect an option by value in multi-select · Issue #4964 · select2/select2 · GitHub - Google Chrome,Tâches diverses,2021-03-22,08:53:51,00:00:17
stefano.crapanzano@chu.ulg.ac.be,Programmatically unselect an option by value in multi-select · Issue #4964 · select2/select2 · GitHub - Google Chrome,Tâches diverses,2021-03-22,08:54:13,00:00:02
stefano.crapanzano@chu.ulg.ac.be,Programmatically unselect an option by value in multi-select · Issue #4964 · select2/select2 · GitHub - Google Chrome,Tâches diverses,2021-03-22,08:54:34,00:00:06
stefano.crapanzano@chu.ulg.ac.be,Programmatically unselect an option by value in multi-select · Issue #4964 · select2/select2 · GitHub - Google Chrome,Tâches diverses,2021-03-22,08:55:05,00:00:22
stefano.crapanzano@chu.ulg.ac.be,Select or Deselect All Items | Kendo UI MultiSelect | Kendo UI for jQuery - Google Chrome,Tâches diverses,2021-03-22,08:55:40,00:00:18
stefano.crapanzano@chu.ulg.ac.be,How to reset select box after  selected  has been assign - jQuery Forum - Google Chrome,Tâches diverses,2021-03-22,08:56:04,00:00:30
stefano.crapanzano@chu.ulg.ac.be,jquery select an option by value - Recherche Google - Google Chrome,Tâches diverses,2021-03-22,08:56:45,00:00:02
stefano.crapanzano@chu.ulg.ac.be,How do you select a particular option in a SELECT element in jQuery? - Stack Overflow - Google Chrome,Tâches diverses,2021-03-22,08:56:48,00:01:17
stefano.crapanzano@chu.ulg.ac.be,remove all option in select jquery - Recherche Google - Google Chrome,Tâches diverses,2021-03-22,09:00:34,00:00:02
stefano.crapanzano@chu.ulg.ac.be,javascript - How do you remove all the options of a select box and then add one option and select it with jQuery? - Stack Overflow - Google Chrome,Tâches diverses,2021-03-22,09:00:36,00:00:10
stefano.crapanzano@chu.ulg.ac.be,Boîte de Réception - Zimbra - Stefano Crapanzano - Outlook,Helpdesk général,2021-03-22,09:01:55,00:00:03
stefano.crapanzano@chu.ulg.ac.be,Boîte de Réception - Zimbra - Stefano Crapanzano - Outlook,Helpdesk général,2021-03-22,10:58:29,00:00:33
stefano.crapanzano@chu.ulg.ac.be,Boîte de Réception - Zimbra - Stefano Crapanzano - Outlook,Helpdesk général,2021-03-22,11:30:41,00:00:20
stefano.crapanzano@chu.ulg.ac.be,Boîte de Réception - Zimbra - Stefano Crapanzano - Outlook,Helpdesk général,2021-03-22,11:37:23,00:00:22
stefano.crapanzano@chu.ulg.ac.be,Boîte de Réception - Zimbra - Stefano Crapanzano - Outlook,Helpdesk général,2021-03-22,11:45:04,00:00:45
stefano.crapanzano@chu.ulg.ac.be,Boîte de Réception - Zimbra - Stefano Crapanzano - Outlook,Helpdesk général,2021-03-22,12:40:24,00:00:24
stefano.crapanzano@chu.ulg.ac.be,Boîte de Réception - Zimbra - Stefano Crapanzano - Outlook,Helpdesk général,2021-03-22,13:32:34,00:00:03
stefano.crapanzano@chu.ulg.ac.be,Boîte de Réception - Zimbra - Stefano Crapanzano - Outlook,Helpdesk général,2021-03-22,13:35:19,00:00:21
stefano.crapanzano@chu.ulg.ac.be,Boîte de Réception - Zimbra - Stefano Crapanzano - Outlook,Helpdesk général,2021-03-22,14:10:14,00:00:03
stefano.crapanzano@chu.ulg.ac.be,add option to select jquery - Recherche Google - Google Chrome,Tâches diverses,2021-03-22,09:09:48,00:00:02
stefano.crapanzano@chu.ulg.ac.be,javascript - Adding options to a <select> using jQuery? - Stack Overflow - Google Chrome,Tâches diverses,2021-03-22,09:09:51,00:00:28
stefano.crapanzano@chu.ulg.ac.be,javascript - Adding options to a <select> using jQuery? - Stack Overflow - Google Chrome,Tâches diverses,2021-03-22,09:10:34,00:00:05
stefano.crapanzano@chu.ulg.ac.be,javascript - Adding options to a <select> using jQuery? - Stack Overflow - Google Chrome,Tâches diverses,2021-03-22,10:23:02,00:00:20
stefano.crapanzano@chu.ulg.ac.be,javascript - Adding options to a <select> using jQuery? - Stack Overflow - Google Chrome,Tâches diverses,2021-03-22,10:23:28,00:00:09
stefano.crapanzano@chu.ulg.ac.be,jquery set selected option blank - Recherche Google - Google Chrome,Tâches diverses,2021-03-22,09:11:14,00:00:10
stefano.crapanzano@chu.ulg.ac.be,jquery select option is blank - Recherche Google - Google Chrome,Tâches diverses,2021-03-22,09:11:25,00:00:03
stefano.crapanzano@chu.ulg.ac.be,jquery select option is blank - Recherche Google - Google Chrome,Tâches diverses,2021-03-22,09:14:23,00:00:07
stefano.crapanzano@chu.ulg.ac.be,javascript - jQuery get select option value empty - Stack Overflow - Google Chrome,Tâches diverses,2021-03-22,09:11:28,00:00:49
stefano.crapanzano@chu.ulg.ac.be,javascript - jQuery get select option value empty - Stack Overflow - Google Chrome,Tâches diverses,2021-03-22,09:12:38,00:00:02
stefano.crapanzano@chu.ulg.ac.be,javascript - jQuery get select option value empty - Stack Overflow - Google Chrome,Tâches diverses,2021-03-22,09:13:07,00:00:07
stefano.crapanzano@chu.ulg.ac.be,javascript - jQuery get select option value empty - Stack Overflow - Google Chrome,Tâches diverses,2021-03-22,09:14:08,00:00:15
stefano.crapanzano@chu.ulg.ac.be,jquery select option - Recherche Google - Google Chrome,Tâches diverses,2021-03-22,09:14:31,00:00:08
stefano.crapanzano@chu.ulg.ac.be,Sélectionner une option dans un select avec jQuery - Google Chrome,Tâches diverses,2021-03-22,09:14:39,00:00:38
stefano.crapanzano@chu.ulg.ac.be,Sélectionner une option dans un select avec jQuery - Google Chrome,Tâches diverses,2021-03-22,09:25:54,00:00:02
stefano.crapanzano@chu.ulg.ac.be,select option javascript - Recherche Google - Google Chrome,Tâches diverses,2021-03-22,09:19:03,00:00:02
stefano.crapanzano@chu.ulg.ac.be,How do I change an HTML selected option using JavaScript? - Stack Overflow - Google Chrome,Tâches diverses,2021-03-22,09:19:06,00:00:18
stefano.crapanzano@chu.ulg.ac.be,How do I change an HTML selected option using JavaScript? - Stack Overflow - Google Chrome,Tâches diverses,2021-03-22,09:20:14,00:02:07
stefano.crapanzano@chu.ulg.ac.be,How do I change an HTML selected option using JavaScript? - Stack Overflow - Google Chrome,Tâches diverses,2021-03-22,09:22:45,00:00:02
stefano.crapanzano@chu.ulg.ac.be,How do I change an HTML selected option using JavaScript? - Stack Overflow - Google Chrome,Tâches diverses,2021-03-22,09:23:04,00:00:02
stefano.crapanzano@chu.ulg.ac.be,jquery add option $( <option />   { text: value_unite }) - Recherche Google - Google Chrome,Tâches diverses,2021-03-22,10:22:33,00:00:18
stefano.crapanzano@chu.ulg.ac.be,jquery add option $( <option />   { value: valuee }) - Recherche Google - Google Chrome,Tâches diverses,2021-03-22,10:22:52,00:00:02
stefano.crapanzano@chu.ulg.ac.be,jquery add option $( <option />   { value: value }) - Recherche Google - Google Chrome,Tâches diverses,2021-03-22,10:22:54,00:00:08
stefano.crapanzano@chu.ulg.ac.be,Greenshot capture form,Helpdesk général,2021-03-22,10:25:32,00:00:02
stefano.crapanzano@chu.ulg.ac.be,option selected = selected - Recherche Google - Google Chrome,Tâches diverses,2021-03-22,10:27:15,00:00:08
stefano.crapanzano@chu.ulg.ac.be,option selected = selected - Recherche Google - Google Chrome,Tâches diverses,2021-03-22,10:27:27,00:00:03
stefano.crapanzano@chu.ulg.ac.be,<Option selected=selected ... > variable par msig010500 - OpenClassrooms - Google Chrome,Tâches diverses,2021-03-22,10:27:31,00:00:14
stefano.crapanzano@chu.ulg.ac.be,127.0.0.1:8000/?article=500004&receptionnaire=STNADADMD - Google Chrome,Tâches diverses,2021-03-22,10:57:47,00:00:12
stefano.crapanzano@chu.ulg.ac.be,127.0.0.1:8000/?article=500004&receptionnaire=STNADADMD - Google Chrome,Tâches diverses,2021-03-22,11:10:46,00:00:07
stefano.crapanzano@chu.ulg.ac.be,Page not found at /undefined - Google Chrome,Tâches diverses,2021-03-22,11:05:04,00:00:06
stefano.crapanzano@chu.ulg.ac.be,Page not found at /undefined - Google Chrome,Tâches diverses,2021-03-22,11:05:39,00:00:03
stefano.crapanzano@chu.ulg.ac.be,Page not found at /undefined - Google Chrome,Tâches diverses,2021-03-22,11:05:50,00:00:02
stefano.crapanzano@chu.ulg.ac.be,Page not found at /undefined - Google Chrome,Tâches diverses,2021-03-22,11:06:12,00:00:04
stefano.crapanzano@chu.ulg.ac.be,update object django - Recherche Google - Google Chrome,Tâches diverses,2021-03-22,11:07:13,00:00:10
stefano.crapanzano@chu.ulg.ac.be,sql - How to select a record and update it  with a single queryset in Django? - Stack Overflow - Google Chrome,Tâches diverses,2021-03-22,11:07:24,00:00:10
stefano.crapanzano@chu.ulg.ac.be,127.0.0.1:8000/?article=10204&receptionnaire=STNADADMD - Google Chrome,Tâches diverses,2021-03-22,11:11:06,00:00:10
stefano.crapanzano@chu.ulg.ac.be,127.0.0.1:8000/?article=10204&receptionnaire= - Google Chrome,Tâches diverses,2021-03-22,11:18:17,00:01:21
stefano.crapanzano@chu.ulg.ac.be,127.0.0.1:8000/?article=10204&receptionnaire= - Google Chrome,Tâches diverses,2021-03-22,11:19:40,00:00:17
stefano.crapanzano@chu.ulg.ac.be,127.0.0.1:8000/?article=10204&receptionnaire= - Google Chrome,Tâches diverses,2021-03-22,11:21:03,00:00:13
stefano.crapanzano@chu.ulg.ac.be,127.0.0.1:8000/?article=10204&receptionnaire= - Google Chrome,Tâches diverses,2021-03-22,11:21:38,00:00:53
stefano.crapanzano@chu.ulg.ac.be,127.0.0.1:8000/?article=10204&receptionnaire= - Google Chrome,Tâches diverses,2021-03-22,11:23:15,00:00:26
stefano.crapanzano@chu.ulg.ac.be,127.0.0.1:8000/?article=10204&receptionnaire= - Google Chrome,Tâches diverses,2021-03-22,11:24:16,00:00:07
stefano.crapanzano@chu.ulg.ac.be,127.0.0.1:8000/?article=10204&receptionnaire= - Google Chrome,Tâches diverses,2021-03-22,11:25:42,00:00:25
stefano.crapanzano@chu.ulg.ac.be,127.0.0.1:8000/?article=10204&receptionnaire= - Google Chrome,Tâches diverses,2021-03-22,11:26:54,00:00:09
stefano.crapanzano@chu.ulg.ac.be,127.0.0.1:8000/?article=10204&receptionnaire=ARNUSDIAL - Google Chrome,Tâches diverses,2021-03-22,11:27:04,00:00:22
stefano.crapanzano@chu.ulg.ac.be,127.0.0.1:8000/?article=&receptionnaire=STKBOABDO - Google Chrome,Tâches diverses,2021-03-22,11:29:56,00:00:08
stefano.crapanzano@chu.ulg.ac.be,127.0.0.1:8000/?article=500011&receptionnaire=STKBOABDO - Google Chrome,Tâches diverses,2021-03-22,11:30:04,00:00:03
stefano.crapanzano@chu.ulg.ac.be,Tous les éléments Outlook - Zimbra - Stefano Crapanzano - Outlook,Helpdesk général,2021-03-22,11:31:02,00:00:25
stefano.crapanzano@chu.ulg.ac.be,127.0.0.1:8000/?article=&receptionnaire=STNBOABDO - Google Chrome,Tâches diverses,2021-03-22,11:33:47,00:00:12
stefano.crapanzano@chu.ulg.ac.be,127.0.0.1:8000/?article=&receptionnaire=STNBOABDO - Google Chrome,Tâches diverses,2021-03-22,11:39:43,00:00:06
stefano.crapanzano@chu.ulg.ac.be,127.0.0.1:8000/?article=&receptionnaire=STNBOABDO - Google Chrome,Tâches diverses,2021-03-22,11:39:54,00:00:08
stefano.crapanzano@chu.ulg.ac.be,127.0.0.1:8000/?article=&receptionnaire=STNBOABDO - Google Chrome,Tâches diverses,2021-03-22,12:03:59,00:00:27
stefano.crapanzano@chu.ulg.ac.be,127.0.0.1:8000/?article=500058&receptionnaire=STNBOABDO - Google Chrome,Tâches diverses,2021-03-22,11:33:59,00:00:09
stefano.crapanzano@chu.ulg.ac.be,127.0.0.1:8000/?article=500058&receptionnaire=STNBOABDO - Google Chrome,Tâches diverses,2021-03-22,11:35:18,00:00:02
stefano.crapanzano@chu.ulg.ac.be,127.0.0.1:8000/?article=500058&receptionnaire=STNBOABDO - Google Chrome,Tâches diverses,2021-03-22,11:35:36,00:00:13
stefano.crapanzano@chu.ulg.ac.be,127.0.0.1:8000/?article=500058&receptionnaire=STNBOABDO - Google Chrome,Tâches diverses,2021-03-22,11:39:06,00:00:20
stefano.crapanzano@chu.ulg.ac.be,127.0.0.1:8000/?article=500058&receptionnaire=STNBOABDO - Google Chrome,Tâches diverses,2021-03-22,11:40:02,00:00:15
stefano.crapanzano@chu.ulg.ac.be,127.0.0.1:8000/?article=500058&receptionnaire=STNBOABDO - Google Chrome,Tâches diverses,2021-03-22,11:40:24,00:00:07
stefano.crapanzano@chu.ulg.ac.be,select a checkbox using jquery - Recherche Google - Google Chrome,Tâches diverses,2021-03-22,11:37:01,00:00:02
stefano.crapanzano@chu.ulg.ac.be,How do I check/uncheck a checkbox input or radio button? | jQuery Learning Center - Google Chrome,Tâches diverses,2021-03-22,11:37:03,00:00:04
stefano.crapanzano@chu.ulg.ac.be,How do I check/uncheck a checkbox input or radio button? | jQuery Learning Center - Google Chrome,Tâches diverses,2021-03-22,11:37:49,00:00:02
stefano.crapanzano@chu.ulg.ac.be,127.0.0.1:8000/?article=500005&receptionnaire=NDKBOMAGA - Google Chrome,Tâches diverses,2021-03-22,11:50:47,00:00:02
stefano.crapanzano@chu.ulg.ac.be,127.0.0.1:8000/?article=500005&receptionnaire=NDKBOMAGA - Google Chrome,Tâches diverses,2021-03-22,11:52:25,00:00:14
stefano.crapanzano@chu.ulg.ac.be,127.0.0.1:8000/?article=500014&receptionnaire=STNADARC2 - Google Chrome,Tâches diverses,2021-03-22,11:52:39,00:00:07
stefano.crapanzano@chu.ulg.ac.be,127.0.0.1:8000/?article=500014&receptionnaire=STNADARC2 - Google Chrome,Tâches diverses,2021-03-22,11:52:49,00:00:11
stefano.crapanzano@chu.ulg.ac.be,127.0.0.1:8000/?article=500014&receptionnaire=STNADARC2 - Google Chrome,Tâches diverses,2021-03-22,11:53:07,00:00:07
stefano.crapanzano@chu.ulg.ac.be,127.0.0.1:8000/?article=500014&receptionnaire=STNADARC2 - Google Chrome,Tâches diverses,2021-03-22,11:55:31,00:00:28
stefano.crapanzano@chu.ulg.ac.be,127.0.0.1:8000/?article=500014&receptionnaire=STNADARC2 - Google Chrome,Tâches diverses,2021-03-22,11:56:02,00:00:10
stefano.crapanzano@chu.ulg.ac.be,127.0.0.1:8000/?article=500014&receptionnaire=STNADARC2 - Google Chrome,Tâches diverses,2021-03-22,11:57:12,00:00:19
stefano.crapanzano@chu.ulg.ac.be,127.0.0.1:8000/?article=500017&receptionnaire=STNADARC2 - Google Chrome,Tâches diverses,2021-03-22,11:57:32,00:00:02
stefano.crapanzano@chu.ulg.ac.be,127.0.0.1:8000/?article=500017&receptionnaire=STNADARC2 - Google Chrome,Tâches diverses,2021-03-22,11:58:52,00:00:21
stefano.crapanzano@chu.ulg.ac.be,127.0.0.1:8000/?article=500017&receptionnaire=STNADARC2 - Google Chrome,Tâches diverses,2021-03-22,11:59:41,00:00:16
stefano.crapanzano@chu.ulg.ac.be,127.0.0.1:8000/?article=500017&receptionnaire=STNADARC2 - Google Chrome,Tâches diverses,2021-03-22,12:00:20,00:00:22
stefano.crapanzano@chu.ulg.ac.be,127.0.0.1:8000/?article=500008&receptionnaire=STNADADMD - Google Chrome,Tâches diverses,2021-03-22,12:00:43,00:00:07
stefano.crapanzano@chu.ulg.ac.be,127.0.0.1:8000/?article=500008&receptionnaire=STNADADMD - Google Chrome,Tâches diverses,2021-03-22,12:00:54,00:00:03
stefano.crapanzano@chu.ulg.ac.be,127.0.0.1:8000/?article=500018&receptionnaire=STNBOABDO - Google Chrome,Tâches diverses,2021-03-22,12:04:27,00:18:52
stefano.crapanzano@chu.ulg.ac.be,TemplateSyntaxError at / - Google Chrome,Tâches diverses,2021-03-22,12:32:24,00:00:05
stefano.crapanzano@chu.ulg.ac.be,TemplateSyntaxError at / - Google Chrome,Tâches diverses,2021-03-22,12:32:42,00:00:02
stefano.crapanzano@chu.ulg.ac.be,set input value jquery - Recherche Google - Google Chrome,Tâches diverses,2021-03-22,12:38:29,00:00:02
stefano.crapanzano@chu.ulg.ac.be,set input value jquery - Recherche Google - Google Chrome,Tâches diverses,2021-03-22,13:10:26,00:00:02
stefano.crapanzano@chu.ulg.ac.be,jQuery val() Method - Google Chrome,Tâches diverses,2021-03-22,12:38:31,00:00:37
stefano.crapanzano@chu.ulg.ac.be,127.0.0.1:8000/?article=&receptionnaire=STNADADPA - Google Chrome,Tâches diverses,2021-03-22,12:40:11,00:00:09
stefano.crapanzano@chu.ulg.ac.be,127.0.0.1:8000/?article=&receptionnaire=STNADADPA - Google Chrome,Tâches diverses,2021-03-22,12:42:23,00:00:27
stefano.crapanzano@chu.ulg.ac.be,Sent - erp.sai@chuliege.be - Outlook,Helpdesk général,2021-03-22,12:40:59,00:00:15
stefano.crapanzano@chu.ulg.ac.be,Sent - erp.sai@chuliege.be - Outlook,Helpdesk général,2021-03-22,12:41:24,00:00:08
stefano.crapanzano@chu.ulg.ac.be,Ouverture d'une pièce jointe,Helpdesk général,2021-03-22,12:41:15,00:00:04
stefano.crapanzano@chu.ulg.ac.be,Ouverture d'une pièce jointe,Helpdesk général,2021-03-22,12:41:32,00:00:05
stefano.crapanzano@chu.ulg.ac.be,127.0.0.1:8000/mise-a-jour-en-attente - Google Chrome,Tâches diverses,2021-03-22,12:50:13,00:00:06
stefano.crapanzano@chu.ulg.ac.be,127.0.0.1:8000/mise-a-jour-en-attente - Google Chrome,Tâches diverses,2021-03-22,12:51:10,00:00:11
stefano.crapanzano@chu.ulg.ac.be,127.0.0.1:8000/mise-a-jour-en-attente - Google Chrome,Tâches diverses,2021-03-22,12:52:00,00:00:06
stefano.crapanzano@chu.ulg.ac.be,127.0.0.1:8000/mise-a-jour-en-attente - Google Chrome,Tâches diverses,2021-03-22,12:52:51,00:00:42
stefano.crapanzano@chu.ulg.ac.be,127.0.0.1:8000/mise-a-jour-en-attente - Google Chrome,Tâches diverses,2021-03-22,12:53:54,00:00:07
stefano.crapanzano@chu.ulg.ac.be,127.0.0.1:8000/mise-a-jour-en-attente - Google Chrome,Tâches diverses,2021-03-22,12:54:23,00:00:16
stefano.crapanzano@chu.ulg.ac.be,download file django - Recherche Google - Google Chrome,Tâches diverses,2021-03-22,13:06:14,00:00:02
stefano.crapanzano@chu.ulg.ac.be,python - Django download a file - Stack Overflow - Google Chrome,Tâches diverses,2021-03-22,13:06:16,00:01:01
stefano.crapanzano@chu.ulg.ac.be,python - Django download a file - Stack Overflow - Google Chrome,Tâches diverses,2021-03-22,13:07:54,00:00:03
stefano.crapanzano@chu.ulg.ac.be,python - Django download a file - Stack Overflow - Google Chrome,Tâches diverses,2021-03-22,13:08:36,00:00:03
stefano.crapanzano@chu.ulg.ac.be,python - Django download a file - Stack Overflow - Google Chrome,Tâches diverses,2021-03-22,13:10:58,00:01:33
stefano.crapanzano@chu.ulg.ac.be,python - Django download a file - Stack Overflow - Google Chrome,Tâches diverses,2021-03-22,13:13:31,00:02:11
stefano.crapanzano@chu.ulg.ac.be,python - Django download a file - Stack Overflow - Google Chrome,Tâches diverses,2021-03-22,13:15:44,00:00:05
stefano.crapanzano@chu.ulg.ac.be,HTML a download Attribute - Google Chrome,Tâches diverses,2021-03-22,13:08:40,00:00:45
stefano.crapanzano@chu.ulg.ac.be,HTML a download Attribute - Google Chrome,Tâches diverses,2021-03-22,13:10:29,00:00:28
stefano.crapanzano@chu.ulg.ac.be,catalogue_project – mise_a_jour_catalogue_en_attente.html (Administrator),IT,2021-03-22,13:29:32,00:02:38
stefano.crapanzano@chu.ulg.ac.be,127.0.0.1 - Google Chrome,Tâches diverses,2021-03-22,13:54:25,00:00:02
stefano.crapanzano@chu.ulg.ac.be,127.0.0.1 - Google Chrome,Tâches diverses,2021-03-22,13:54:41,00:00:03
stefano.crapanzano@chu.ulg.ac.be,127.0.0.1 - Google Chrome,Tâches diverses,2021-03-22,14:12:06,00:00:02
stefano.crapanzano@chu.ulg.ac.be,TemplateSyntaxError at /mise-a-jour-en-attente - Google Chrome,Tâches diverses,2021-03-22,13:49:37,00:00:13
stefano.crapanzano@chu.ulg.ac.be,django pass parameters in url - Recherche Google - Google Chrome,Tâches diverses,2021-03-22,13:52:47,00:00:03
stefano.crapanzano@chu.ulg.ac.be,django pass parameters in url - Recherche Google - Google Chrome,Tâches diverses,2021-03-22,13:52:53,00:00:02
stefano.crapanzano@chu.ulg.ac.be,python - How do I pass parameters via url in django? - Stack Overflow - Google Chrome,Tâches diverses,2021-03-22,13:52:55,00:00:07
stefano.crapanzano@chu.ulg.ac.be,python - How do I pass parameters via url in django? - Stack Overflow - Google Chrome,Tâches diverses,2021-03-22,13:54:06,00:00:02
stefano.crapanzano@chu.ulg.ac.be,python - How do I pass parameters via url in django? - Stack Overflow - Google Chrome,Tâches diverses,2021-03-22,13:58:15,00:00:02
stefano.crapanzano@chu.ulg.ac.be,Page not found at / - Google Chrome,Tâches diverses,2021-03-22,13:54:52,00:00:02
stefano.crapanzano@chu.ulg.ac.be,Page not found at / - Google Chrome,Tâches diverses,2021-03-22,13:55:03,00:00:02
stefano.crapanzano@chu.ulg.ac.be,Page not found at / - Google Chrome,Tâches diverses,2021-03-22,13:55:16,00:00:08
stefano.crapanzano@chu.ulg.ac.be,Page not found at / - Google Chrome,Tâches diverses,2021-03-22,13:58:17,00:00:02
stefano.crapanzano@chu.ulg.ac.be,Page not found at / - Google Chrome,Tâches diverses,2021-03-22,13:58:48,00:00:07
stefano.crapanzano@chu.ulg.ac.be,Page not found at / - Google Chrome,Tâches diverses,2021-03-22,13:59:02,00:00:03
stefano.crapanzano@chu.ulg.ac.be,Page not found at / - Google Chrome,Tâches diverses,2021-03-22,14:02:30,00:00:34
stefano.crapanzano@chu.ulg.ac.be,Page not found at / - Google Chrome,Tâches diverses,2021-03-22,14:15:02,00:00:03
stefano.crapanzano@chu.ulg.ac.be,Page not found at / - Google Chrome,Tâches diverses,2021-03-22,14:15:47,00:00:03
stefano.crapanzano@chu.ulg.ac.be,Page not found at / - Google Chrome,Tâches diverses,2021-03-22,14:17:39,00:00:05
stefano.crapanzano@chu.ulg.ac.be,Page not found at / - Google Chrome,Tâches diverses,2021-03-22,14:18:10,00:00:08
stefano.crapanzano@chu.ulg.ac.be,Page not found at / - Google Chrome,Tâches diverses,2021-03-22,14:18:27,00:00:03
stefano.crapanzano@chu.ulg.ac.be,Page not found at / - Google Chrome,Tâches diverses,2021-03-22,14:18:32,00:00:09
stefano.crapanzano@chu.ulg.ac.be,django make url parameter optional - Recherche Google - Google Chrome,Tâches diverses,2021-03-22,13:56:14,00:00:02
stefano.crapanzano@chu.ulg.ac.be,django make url parameter optional - Recherche Google - Google Chrome,Tâches diverses,2021-03-22,14:18:45,00:00:07
stefano.crapanzano@chu.ulg.ac.be,python - Django optional url parameters - Stack Overflow - Google Chrome,Tâches diverses,2021-03-22,13:56:17,00:00:44
stefano.crapanzano@chu.ulg.ac.be,URL dispatcher | Django documentation | Django - Google Chrome,Tâches diverses,2021-03-22,13:57:01,00:00:24
stefano.crapanzano@chu.ulg.ac.be,URL dispatcher | Django documentation | Django - Google Chrome,Tâches diverses,2021-03-22,13:57:30,00:00:03
stefano.crapanzano@chu.ulg.ac.be,URL dispatcher | Django documentation | Django - Google Chrome,Tâches diverses,2021-03-22,13:58:09,00:00:02
stefano.crapanzano@chu.ulg.ac.be,URL dispatcher | Django documentation | Django - Google Chrome,Tâches diverses,2021-03-22,13:59:52,00:00:25
stefano.crapanzano@chu.ulg.ac.be,NoReverseMatch at /mise-a-jour-en-attente - Google Chrome,Tâches diverses,2021-03-22,13:59:28,00:00:12
stefano.crapanzano@chu.ulg.ac.be,NoReverseMatch at /mise-a-jour-en-attente - Google Chrome,Tâches diverses,2021-03-22,14:00:26,00:00:04
stefano.crapanzano@chu.ulg.ac.be,NoReverseMatch at /mise-a-jour-en-attente - Google Chrome,Tâches diverses,2021-03-22,14:00:39,00:00:10
stefano.crapanzano@chu.ulg.ac.be,NoReverseMatch at /mise-a-jour-en-attente - Google Chrome,Tâches diverses,2021-03-22,14:01:39,00:00:19
stefano.crapanzano@chu.ulg.ac.be,NoReverseMatch at /mise-a-jour-en-attente - Google Chrome,Tâches diverses,2021-03-22,14:02:15,00:00:04
stefano.crapanzano@chu.ulg.ac.be,NoReverseMatch at /mise-a-jour-en-attente - Google Chrome,Tâches diverses,2021-03-22,14:02:21,00:00:02
stefano.crapanzano@chu.ulg.ac.be,url django string parameter - Recherche Google - Google Chrome,Tâches diverses,2021-03-22,14:01:02,00:00:02
stefano.crapanzano@chu.ulg.ac.be,Distribution des URL | Documentation de Django | Django - Google Chrome,Tâches diverses,2021-03-22,14:01:05,00:00:29
stefano.crapanzano@chu.ulg.ac.be,Site administration | Django site admin - Google Chrome,Tâches diverses,2021-03-22,14:10:00,00:00:03
stefano.crapanzano@chu.ulg.ac.be,Select employe to change | Django site admin - Google Chrome,Tâches diverses,2021-03-22,14:10:03,00:00:02
stefano.crapanzano@chu.ulg.ac.be,Select employe to change | Django site admin - Google Chrome,Tâches diverses,2021-03-22,14:10:41,00:00:03
stefano.crapanzano@chu.ulg.ac.be,Select employe to change | Django site admin - Google Chrome,Tâches diverses,2021-03-22,14:12:09,00:00:04
stefano.crapanzano@chu.ulg.ac.be,Select user to change | Django site admin - Google Chrome,Tâches diverses,2021-03-22,14:10:06,00:00:07
stefano.crapanzano@chu.ulg.ac.be,Select user to change | Django site admin - Google Chrome,Tâches diverses,2021-03-22,14:10:27,00:00:02
stefano.crapanzano@chu.ulg.ac.be,Change user | Django site admin - Google Chrome,Tâches diverses,2021-03-22,14:10:31,00:00:09
stefano.crapanzano@chu.ulg.ac.be,Add employe | Django site admin - Google Chrome,Tâches diverses,2021-03-22,14:10:44,00:00:04
stefano.crapanzano@chu.ulg.ac.be,Add employe | Django site admin - Google Chrome,Tâches diverses,2021-03-22,14:11:02,00:00:12
stefano.crapanzano@chu.ulg.ac.be,Add employe | Django site admin - Google Chrome,Tâches diverses,2021-03-22,14:11:58,00:00:03
stefano.crapanzano@chu.ulg.ac.be,Add employe | Django site admin - Google Chrome,Tâches diverses,2021-03-22,14:12:14,00:00:04
stefano.crapanzano@chu.ulg.ac.be,Add employe | Django site admin - Google Chrome,Tâches diverses,2021-03-22,14:12:21,00:00:02
stefano.crapanzano@chu.ulg.ac.be,Add departement | Django site admin - Google Chrome,Tâches diverses,2021-03-22,14:11:14,00:00:04
stefano.crapanzano@chu.ulg.ac.be,Add departement | Django site admin - Google Chrome,Tâches diverses,2021-03-22,14:12:18,00:00:02
stefano.crapanzano@chu.ulg.ac.be,django make url parameter optional error 404 - Recherche Google - Google Chrome,Tâches diverses,2021-03-22,14:18:52,00:00:13
stefano.crapanzano@chu.ulg.ac.be,python - How to pass optional parameters in url  via path () function? - Stack Overflow - Google Chrome,Tâches diverses,2021-03-22,14:19:06,00:00:33
stefano.crapanzano@chu.ulg.ac.be,NoReverseMatch at / - Google Chrome,Tâches diverses,2021-03-22,14:20:12,00:00:23
stefano.crapanzano@chu.ulg.ac.be,NoReverseMatch at / - Google Chrome,Tâches diverses,2021-03-22,14:20:39,00:00:25
