Email,Description,Project,Start date,Start time,Duration
stefano.crapanzano@chu.ulg.ac.be,Administrateur : C:\Windows\system32\cmd.exe - python  main.py,IT,2021-12-21,10:22:30,00:00:02
stefano.crapanzano@chu.ulg.ac.be,Administrateur : C:\Windows\system32\cmd.exe - python  main.py,Helpdesk général,2021-12-21,17:05:56,00:00:02
stefano.crapanzano@chu.ulg.ac.be,Accueil - Mozilla Thunderbird,Helpdesk général,2021-12-21,10:22:35,00:00:02
stefano.crapanzano@chu.ulg.ac.be,Courrier entrant - erp.sai@chuliege.be - Mozilla Thunderbird,Helpdesk général,2021-12-21,10:29:30,00:00:02
stefano.crapanzano@chu.ulg.ac.be,Courrier entrant - erp.sai@chuliege.be - Mozilla Thunderbird,Tâches diverses,2021-12-21,10:29:37,00:00:02
stefano.crapanzano@chu.ulg.ac.be,Courrier entrant - erp.sai@chuliege.be - Mozilla Thunderbird,Helpdesk général,2021-12-21,10:29:46,00:00:36
stefano.crapanzano@chu.ulg.ac.be,Courrier entrant - erp.sai@chuliege.be - Mozilla Thunderbird,Helpdesk général,2021-12-21,10:56:25,00:00:05
stefano.crapanzano@chu.ulg.ac.be,Courrier entrant - erp.sai@chuliege.be - Mozilla Thunderbird,Helpdesk général,2021-12-21,10:56:32,00:00:02
stefano.crapanzano@chu.ulg.ac.be,Courrier entrant - erp.sai@chuliege.be - Mozilla Thunderbird,Helpdesk général,2021-12-21,11:02:13,00:00:02
stefano.crapanzano@chu.ulg.ac.be,Courrier entrant - erp.sai@chuliege.be - Mozilla Thunderbird,Helpdesk général,2021-12-21,11:02:21,00:00:18
stefano.crapanzano@chu.ulg.ac.be,Courrier entrant - erp.sai@chuliege.be - Mozilla Thunderbird,Helpdesk général,2021-12-21,11:10:25,00:00:02
stefano.crapanzano@chu.ulg.ac.be,Courrier entrant - erp.sai@chuliege.be - Mozilla Thunderbird,Helpdesk général,2021-12-21,11:10:29,00:00:02
stefano.crapanzano@chu.ulg.ac.be,Courrier entrant - erp.sai@chuliege.be - Mozilla Thunderbird,Helpdesk général,2021-12-21,11:18:27,00:00:02
stefano.crapanzano@chu.ulg.ac.be,Courrier entrant - erp.sai@chuliege.be - Mozilla Thunderbird,Helpdesk général,2021-12-21,11:19:06,00:00:02
stefano.crapanzano@chu.ulg.ac.be,Courrier entrant - erp.sai@chuliege.be - Mozilla Thunderbird,Helpdesk général,2021-12-21,11:35:06,00:00:02
stefano.crapanzano@chu.ulg.ac.be,Courrier entrant - erp.sai@chuliege.be - Mozilla Thunderbird,Helpdesk général,2021-12-21,11:35:10,00:02:06
stefano.crapanzano@chu.ulg.ac.be,Courrier entrant - erp.sai@chuliege.be - Mozilla Thunderbird,Helpdesk général,2021-12-21,11:38:16,00:00:05
stefano.crapanzano@chu.ulg.ac.be,Courrier entrant - erp.sai@chuliege.be - Mozilla Thunderbird,Helpdesk général,2021-12-21,11:45:39,00:00:22
stefano.crapanzano@chu.ulg.ac.be,Courrier entrant - erp.sai@chuliege.be - Mozilla Thunderbird,Helpdesk général,2021-12-21,11:47:08,00:00:57
stefano.crapanzano@chu.ulg.ac.be,Courrier entrant - erp.sai@chuliege.be - Mozilla Thunderbird,Helpdesk général,2021-12-21,11:48:07,00:00:02
stefano.crapanzano@chu.ulg.ac.be,Courrier entrant - erp.sai@chuliege.be - Mozilla Thunderbird,Helpdesk général,2021-12-21,11:48:17,00:18:40
stefano.crapanzano@chu.ulg.ac.be,Courrier entrant - erp.sai@chuliege.be - Mozilla Thunderbird,Helpdesk général,2021-12-21,12:18:16,00:00:05
stefano.crapanzano@chu.ulg.ac.be,Courrier entrant - erp.sai@chuliege.be - Mozilla Thunderbird,Helpdesk général,2021-12-21,12:24:34,00:00:02
stefano.crapanzano@chu.ulg.ac.be,Courrier entrant - erp.sai@chuliege.be - Mozilla Thunderbird,Helpdesk général,2021-12-21,12:56:55,00:00:09
stefano.crapanzano@chu.ulg.ac.be,Courrier entrant - erp.sai@chuliege.be - Mozilla Thunderbird,Helpdesk général,2021-12-21,12:57:43,00:00:05
stefano.crapanzano@chu.ulg.ac.be,Courrier entrant - erp.sai@chuliege.be - Mozilla Thunderbird,Helpdesk général,2021-12-21,12:58:26,00:04:15
stefano.crapanzano@chu.ulg.ac.be,Courrier entrant - erp.sai@chuliege.be - Mozilla Thunderbird,Helpdesk général,2021-12-21,13:02:59,00:00:18
stefano.crapanzano@chu.ulg.ac.be,Courrier entrant - erp.sai@chuliege.be - Mozilla Thunderbird,Helpdesk général,2021-12-21,13:13:09,00:00:02
stefano.crapanzano@chu.ulg.ac.be,Courrier entrant - erp.sai@chuliege.be - Mozilla Thunderbird,Helpdesk général,2021-12-21,13:24:23,00:00:03
stefano.crapanzano@chu.ulg.ac.be,Courrier entrant - erp.sai@chuliege.be - Mozilla Thunderbird,Helpdesk général,2021-12-21,13:24:33,00:00:03
stefano.crapanzano@chu.ulg.ac.be,Courrier entrant - erp.sai@chuliege.be - Mozilla Thunderbird,Helpdesk général,2021-12-21,13:24:45,00:00:13
stefano.crapanzano@chu.ulg.ac.be,Courrier entrant - erp.sai@chuliege.be - Mozilla Thunderbird,Helpdesk général,2021-12-21,13:25:01,00:00:05
stefano.crapanzano@chu.ulg.ac.be,Courrier entrant - erp.sai@chuliege.be - Mozilla Thunderbird,Helpdesk général,2021-12-21,13:26:40,00:00:02
stefano.crapanzano@chu.ulg.ac.be,Courrier entrant - erp.sai@chuliege.be - Mozilla Thunderbird,Helpdesk général,2021-12-21,13:27:19,00:00:02
stefano.crapanzano@chu.ulg.ac.be,Courrier entrant - erp.sai@chuliege.be - Mozilla Thunderbird,Helpdesk général,2021-12-21,13:34:02,00:00:17
stefano.crapanzano@chu.ulg.ac.be,Courrier entrant - erp.sai@chuliege.be - Mozilla Thunderbird,Helpdesk général,2021-12-21,13:37:14,00:00:05
stefano.crapanzano@chu.ulg.ac.be,Courrier entrant - erp.sai@chuliege.be - Mozilla Thunderbird,Helpdesk général,2021-12-21,13:40:49,00:00:02
stefano.crapanzano@chu.ulg.ac.be,Courrier entrant - erp.sai@chuliege.be - Mozilla Thunderbird,Helpdesk général,2021-12-21,13:45:24,00:00:02
stefano.crapanzano@chu.ulg.ac.be,Courrier entrant - erp.sai@chuliege.be - Mozilla Thunderbird,Helpdesk général,2021-12-21,13:45:28,00:00:02
stefano.crapanzano@chu.ulg.ac.be,Courrier entrant - erp.sai@chuliege.be - Mozilla Thunderbird,Helpdesk général,2021-12-21,13:49:30,00:00:02
stefano.crapanzano@chu.ulg.ac.be,Courrier entrant - erp.sai@chuliege.be - Mozilla Thunderbird,Helpdesk général,2021-12-21,13:50:20,00:00:07
stefano.crapanzano@chu.ulg.ac.be,Courrier entrant - erp.sai@chuliege.be - Mozilla Thunderbird,Helpdesk général,2021-12-21,13:55:17,00:00:02
stefano.crapanzano@chu.ulg.ac.be,Courrier entrant - erp.sai@chuliege.be - Mozilla Thunderbird,Helpdesk général,2021-12-21,13:55:21,00:00:21
stefano.crapanzano@chu.ulg.ac.be,Courrier entrant - erp.sai@chuliege.be - Mozilla Thunderbird,Helpdesk général,2021-12-21,14:08:57,00:00:07
stefano.crapanzano@chu.ulg.ac.be,Courrier entrant - erp.sai@chuliege.be - Mozilla Thunderbird,Helpdesk général,2021-12-21,14:10:48,00:00:02
stefano.crapanzano@chu.ulg.ac.be,Courrier entrant - erp.sai@chuliege.be - Mozilla Thunderbird,Helpdesk général,2021-12-21,14:13:23,00:00:05
stefano.crapanzano@chu.ulg.ac.be,Courrier entrant - erp.sai@chuliege.be - Mozilla Thunderbird,Helpdesk général,2021-12-21,14:17:01,00:00:02
stefano.crapanzano@chu.ulg.ac.be,Courrier entrant - erp.sai@chuliege.be - Mozilla Thunderbird,Helpdesk général,2021-12-21,14:17:07,00:00:17
stefano.crapanzano@chu.ulg.ac.be,Courrier entrant - erp.sai@chuliege.be - Mozilla Thunderbird,Helpdesk général,2021-12-21,14:17:27,00:09:22
stefano.crapanzano@chu.ulg.ac.be,Courrier entrant - erp.sai@chuliege.be - Mozilla Thunderbird,Helpdesk général,2021-12-21,14:26:52,00:00:05
stefano.crapanzano@chu.ulg.ac.be,Courrier entrant - erp.sai@chuliege.be - Mozilla Thunderbird,Helpdesk général,2021-12-21,14:27:49,00:00:48
stefano.crapanzano@chu.ulg.ac.be,Courrier entrant - erp.sai@chuliege.be - Mozilla Thunderbird,Helpdesk général,2021-12-21,14:28:47,00:00:06
stefano.crapanzano@chu.ulg.ac.be,Courrier entrant - erp.sai@chuliege.be - Mozilla Thunderbird,Helpdesk général,2021-12-21,14:29:02,00:01:53
stefano.crapanzano@chu.ulg.ac.be,Courrier entrant - erp.sai@chuliege.be - Mozilla Thunderbird,Helpdesk général,2021-12-21,14:43:30,00:00:02
stefano.crapanzano@chu.ulg.ac.be,Courrier entrant - erp.sai@chuliege.be - Mozilla Thunderbird,Helpdesk général,2021-12-21,14:43:44,00:00:02
stefano.crapanzano@chu.ulg.ac.be,Courrier entrant - erp.sai@chuliege.be - Mozilla Thunderbird,Helpdesk général,2021-12-21,15:11:42,00:00:02
stefano.crapanzano@chu.ulg.ac.be,Courrier entrant - erp.sai@chuliege.be - Mozilla Thunderbird,Helpdesk général,2021-12-21,15:12:40,00:00:02
stefano.crapanzano@chu.ulg.ac.be,Courrier entrant - erp.sai@chuliege.be - Mozilla Thunderbird,Helpdesk général,2021-12-21,15:45:42,00:00:07
stefano.crapanzano@chu.ulg.ac.be,Courrier entrant - erp.sai@chuliege.be - Mozilla Thunderbird,Helpdesk général,2021-12-21,15:47:42,00:00:03
stefano.crapanzano@chu.ulg.ac.be,Courrier entrant - erp.sai@chuliege.be - Mozilla Thunderbird,Helpdesk général,2021-12-21,15:48:18,00:00:03
stefano.crapanzano@chu.ulg.ac.be,Courrier entrant - erp.sai@chuliege.be - Mozilla Thunderbird,Helpdesk général,2021-12-21,15:49:32,00:00:07
stefano.crapanzano@chu.ulg.ac.be,Courrier entrant - erp.sai@chuliege.be - Mozilla Thunderbird,Helpdesk général,2021-12-21,16:21:49,00:04:11
stefano.crapanzano@chu.ulg.ac.be,Courrier entrant - erp.sai@chuliege.be - Mozilla Thunderbird,Helpdesk général,2021-12-21,16:26:02,00:00:02
stefano.crapanzano@chu.ulg.ac.be,Courrier entrant - erp.sai@chuliege.be - Mozilla Thunderbird,Helpdesk général,2021-12-21,16:34:39,00:00:03
stefano.crapanzano@chu.ulg.ac.be,Courrier entrant - erp.sai@chuliege.be - Mozilla Thunderbird,Helpdesk général,2021-12-21,16:36:57,00:00:14
stefano.crapanzano@chu.ulg.ac.be,Courrier entrant - erp.sai@chuliege.be - Mozilla Thunderbird,Helpdesk général,2021-12-21,16:38:26,00:00:02
stefano.crapanzano@chu.ulg.ac.be,Courrier entrant - erp.sai@chuliege.be - Mozilla Thunderbird,Helpdesk général,2021-12-21,16:39:01,00:00:02
stefano.crapanzano@chu.ulg.ac.be,Courrier entrant - erp.sai@chuliege.be - Mozilla Thunderbird,Helpdesk général,2021-12-21,16:39:05,00:00:03
stefano.crapanzano@chu.ulg.ac.be,Courrier entrant - erp.sai@chuliege.be - Mozilla Thunderbird,Helpdesk général,2021-12-21,16:46:02,00:00:06
stefano.crapanzano@chu.ulg.ac.be,Courrier entrant - erp.sai@chuliege.be - Mozilla Thunderbird,Helpdesk général,2021-12-21,16:55:12,00:00:02
stefano.crapanzano@chu.ulg.ac.be,Courrier entrant - erp.sai@chuliege.be - Mozilla Thunderbird,Helpdesk général,2021-12-21,16:59:54,00:00:02
stefano.crapanzano@chu.ulg.ac.be,Courrier entrant - erp.sai@chuliege.be - Mozilla Thunderbird,Helpdesk général,2021-12-21,17:00:02,00:00:06
stefano.crapanzano@chu.ulg.ac.be,Courrier entrant - erp.sai@chuliege.be - Mozilla Thunderbird,Helpdesk général,2021-12-21,17:05:54,00:00:02
stefano.crapanzano@chu.ulg.ac.be,Sudinfo.be  information en continu  actualités  politique  régions  sport  buzz. - Google Chrome,Tâches diverses,2021-12-21,10:22:39,00:00:03
stefano.crapanzano@chu.ulg.ac.be,Sudinfo.be  information en continu  actualités  politique  régions  sport  buzz. - Google Chrome,Tâches diverses,2021-12-21,10:29:33,00:00:03
stefano.crapanzano@chu.ulg.ac.be,Sudinfo.be  information en continu  actualités  politique  régions  sport  buzz. - Google Chrome,Tâches diverses,2021-12-21,10:32:07,00:00:47
stefano.crapanzano@chu.ulg.ac.be,Sudinfo.be  information en continu  actualités  politique  régions  sport  buzz. - Google Chrome,Tâches diverses,2021-12-21,10:58:42,00:01:40
stefano.crapanzano@chu.ulg.ac.be,Sudinfo.be  information en continu  actualités  politique  régions  sport  buzz. - Google Chrome,Tâches diverses,2021-12-21,11:02:45,00:07:39
stefano.crapanzano@chu.ulg.ac.be,Sudinfo.be  information en continu  actualités  politique  régions  sport  buzz. - Google Chrome,Helpdesk général,2021-12-21,11:11:52,00:00:07
stefano.crapanzano@chu.ulg.ac.be,Navigation système de fichier,IT,2021-12-21,10:22:44,00:06:45
stefano.crapanzano@chu.ulg.ac.be,Navigation système de fichier,IT,2021-12-21,10:30:25,00:00:07
stefano.crapanzano@chu.ulg.ac.be,Navigation système de fichier,IT,2021-12-21,10:30:41,00:00:02
stefano.crapanzano@chu.ulg.ac.be,Navigation système de fichier,IT,2021-12-21,11:01:50,00:00:19
stefano.crapanzano@chu.ulg.ac.be,Navigation système de fichier,IT,2021-12-21,11:02:18,00:00:02
stefano.crapanzano@chu.ulg.ac.be,Navigation système de fichier,IT,2021-12-21,11:19:14,00:00:52
stefano.crapanzano@chu.ulg.ac.be,Navigation système de fichier,IT,2021-12-21,12:22:38,00:00:02
stefano.crapanzano@chu.ulg.ac.be,Navigation système de fichier,IT,2021-12-21,13:02:43,00:00:15
stefano.crapanzano@chu.ulg.ac.be,Navigation système de fichier,IT,2021-12-21,13:03:18,00:00:08
stefano.crapanzano@chu.ulg.ac.be,Navigation système de fichier,IT,2021-12-21,13:06:28,00:01:00
stefano.crapanzano@chu.ulg.ac.be,Navigation système de fichier,IT,2021-12-21,13:07:30,00:00:09
stefano.crapanzano@chu.ulg.ac.be,Navigation système de fichier,IT,2021-12-21,13:07:42,00:00:11
stefano.crapanzano@chu.ulg.ac.be,Navigation système de fichier,IT,2021-12-21,13:10:40,00:00:02
stefano.crapanzano@chu.ulg.ac.be,Navigation système de fichier,IT,2021-12-21,13:13:05,00:00:03
stefano.crapanzano@chu.ulg.ac.be,Navigation système de fichier,IT,2021-12-21,13:18:49,00:00:16
stefano.crapanzano@chu.ulg.ac.be,Navigation système de fichier,IT,2021-12-21,13:19:23,00:00:14
stefano.crapanzano@chu.ulg.ac.be,Navigation système de fichier,IT,2021-12-21,13:41:08,00:00:03
stefano.crapanzano@chu.ulg.ac.be,Navigation système de fichier,IT,2021-12-21,13:42:24,00:03:00
stefano.crapanzano@chu.ulg.ac.be,Navigation système de fichier,IT,2021-12-21,13:54:06,00:00:02
stefano.crapanzano@chu.ulg.ac.be,Navigation système de fichier,IT,2021-12-21,14:15:21,00:01:32
stefano.crapanzano@chu.ulg.ac.be,Navigation système de fichier,IT,2021-12-21,14:33:52,00:00:02
stefano.crapanzano@chu.ulg.ac.be,Navigation système de fichier,IT,2021-12-21,14:35:23,00:00:02
stefano.crapanzano@chu.ulg.ac.be,Navigation système de fichier,IT,2021-12-21,14:38:55,00:00:02
stefano.crapanzano@chu.ulg.ac.be,Navigation système de fichier,IT,2021-12-21,14:45:02,00:00:51
stefano.crapanzano@chu.ulg.ac.be,Navigation système de fichier,IT,2021-12-21,14:46:02,00:00:18
stefano.crapanzano@chu.ulg.ac.be,Navigation système de fichier,IT,2021-12-21,14:46:21,00:00:10
stefano.crapanzano@chu.ulg.ac.be,Navigation système de fichier,IT,2021-12-21,14:47:51,00:00:07
stefano.crapanzano@chu.ulg.ac.be,Navigation système de fichier,IT,2021-12-21,14:51:33,00:00:04
stefano.crapanzano@chu.ulg.ac.be,Navigation système de fichier,IT,2021-12-21,14:59:42,00:00:02
stefano.crapanzano@chu.ulg.ac.be,Navigation système de fichier,IT,2021-12-21,15:12:48,00:00:09
stefano.crapanzano@chu.ulg.ac.be,Navigation système de fichier,IT,2021-12-21,15:17:19,00:00:03
stefano.crapanzano@chu.ulg.ac.be,Navigation système de fichier,IT,2021-12-21,15:18:14,00:00:02
stefano.crapanzano@chu.ulg.ac.be,Navigation système de fichier,IT,2021-12-21,15:20:20,00:00:12
stefano.crapanzano@chu.ulg.ac.be,Navigation système de fichier,IT,2021-12-21,15:21:31,00:00:04
stefano.crapanzano@chu.ulg.ac.be,Navigation système de fichier,IT,2021-12-21,15:30:09,00:00:10
stefano.crapanzano@chu.ulg.ac.be,Navigation système de fichier,IT,2021-12-21,15:32:20,00:00:06
stefano.crapanzano@chu.ulg.ac.be,Navigation système de fichier,IT,2021-12-21,15:37:05,00:00:29
stefano.crapanzano@chu.ulg.ac.be,Navigation système de fichier,IT,2021-12-21,15:41:04,00:00:08
stefano.crapanzano@chu.ulg.ac.be,Navigation système de fichier,IT,2021-12-21,15:41:34,00:00:07
stefano.crapanzano@chu.ulg.ac.be,Navigation système de fichier,IT,2021-12-21,15:42:29,00:00:09
stefano.crapanzano@chu.ulg.ac.be,Navigation système de fichier,IT,2021-12-21,15:42:49,00:00:12
stefano.crapanzano@chu.ulg.ac.be,Navigation système de fichier,IT,2021-12-21,15:43:54,00:01:42
stefano.crapanzano@chu.ulg.ac.be,Navigation système de fichier,IT,2021-12-21,15:45:59,00:00:12
stefano.crapanzano@chu.ulg.ac.be,Navigation système de fichier,IT,2021-12-21,15:47:37,00:00:04
stefano.crapanzano@chu.ulg.ac.be,Navigation système de fichier,IT,2021-12-21,15:47:45,00:00:13
stefano.crapanzano@chu.ulg.ac.be,Navigation système de fichier,IT,2021-12-21,15:48:03,00:00:11
stefano.crapanzano@chu.ulg.ac.be,Navigation système de fichier,IT,2021-12-21,15:48:24,00:01:08
stefano.crapanzano@chu.ulg.ac.be,Navigation système de fichier,IT,2021-12-21,15:51:12,00:00:05
stefano.crapanzano@chu.ulg.ac.be,Navigation système de fichier,IT,2021-12-21,15:51:22,00:00:07
stefano.crapanzano@chu.ulg.ac.be,Navigation système de fichier,IT,2021-12-21,15:51:45,00:00:39
stefano.crapanzano@chu.ulg.ac.be,Navigation système de fichier,IT,2021-12-21,15:54:16,00:00:11
stefano.crapanzano@chu.ulg.ac.be,Navigation système de fichier,IT,2021-12-21,15:54:31,00:00:05
stefano.crapanzano@chu.ulg.ac.be,Navigation système de fichier,IT,2021-12-21,15:59:23,00:00:07
stefano.crapanzano@chu.ulg.ac.be,Navigation système de fichier,IT,2021-12-21,15:59:51,00:01:10
stefano.crapanzano@chu.ulg.ac.be,Navigation système de fichier,IT,2021-12-21,16:05:00,00:00:03
stefano.crapanzano@chu.ulg.ac.be,Navigation système de fichier,IT,2021-12-21,16:05:10,00:00:16
stefano.crapanzano@chu.ulg.ac.be,Navigation système de fichier,IT,2021-12-21,16:05:28,00:00:10
stefano.crapanzano@chu.ulg.ac.be,Navigation système de fichier,IT,2021-12-21,16:05:53,00:00:13
stefano.crapanzano@chu.ulg.ac.be,Navigation système de fichier,IT,2021-12-21,16:06:12,00:00:06
stefano.crapanzano@chu.ulg.ac.be,Navigation système de fichier,IT,2021-12-21,16:06:55,00:00:43
stefano.crapanzano@chu.ulg.ac.be,Navigation système de fichier,IT,2021-12-21,16:09:04,00:00:04
stefano.crapanzano@chu.ulg.ac.be,Navigation système de fichier,IT,2021-12-21,16:12:15,00:00:23
stefano.crapanzano@chu.ulg.ac.be,Navigation système de fichier,IT,2021-12-21,16:13:03,00:00:10
stefano.crapanzano@chu.ulg.ac.be,Navigation système de fichier,IT,2021-12-21,16:13:24,00:00:03
stefano.crapanzano@chu.ulg.ac.be,Navigation système de fichier,IT,2021-12-21,16:14:21,00:00:39
stefano.crapanzano@chu.ulg.ac.be,Navigation système de fichier,IT,2021-12-21,16:15:17,00:00:37
stefano.crapanzano@chu.ulg.ac.be,Navigation système de fichier,IT,2021-12-21,16:19:45,00:00:03
stefano.crapanzano@chu.ulg.ac.be,Navigation système de fichier,IT,2021-12-21,16:20:11,00:00:03
stefano.crapanzano@chu.ulg.ac.be,Navigation système de fichier,IT,2021-12-21,16:20:19,00:00:04
stefano.crapanzano@chu.ulg.ac.be,Navigation système de fichier,IT,2021-12-21,16:21:02,00:00:46
stefano.crapanzano@chu.ulg.ac.be,Navigation système de fichier,IT,2021-12-21,16:26:06,00:00:57
stefano.crapanzano@chu.ulg.ac.be,Navigation système de fichier,IT,2021-12-21,16:27:32,00:00:07
stefano.crapanzano@chu.ulg.ac.be,Navigation système de fichier,IT,2021-12-21,16:28:12,00:00:33
stefano.crapanzano@chu.ulg.ac.be,Navigation système de fichier,IT,2021-12-21,16:28:59,00:00:07
stefano.crapanzano@chu.ulg.ac.be,Navigation système de fichier,IT,2021-12-21,16:29:40,00:00:17
stefano.crapanzano@chu.ulg.ac.be,Navigation système de fichier,IT,2021-12-21,16:30:00,00:00:45
stefano.crapanzano@chu.ulg.ac.be,Navigation système de fichier,IT,2021-12-21,16:32:20,00:00:14
stefano.crapanzano@chu.ulg.ac.be,Navigation système de fichier,IT,2021-12-21,16:32:51,00:00:07
stefano.crapanzano@chu.ulg.ac.be,Navigation système de fichier,IT,2021-12-21,16:33:20,00:00:13
stefano.crapanzano@chu.ulg.ac.be,Navigation système de fichier,IT,2021-12-21,16:33:38,00:00:02
stefano.crapanzano@chu.ulg.ac.be,Navigation système de fichier,IT,2021-12-21,16:33:46,00:00:04
stefano.crapanzano@chu.ulg.ac.be,Navigation système de fichier,IT,2021-12-21,16:34:12,00:00:22
stefano.crapanzano@chu.ulg.ac.be,Navigation système de fichier,IT,2021-12-21,16:35:39,00:00:30
stefano.crapanzano@chu.ulg.ac.be,Navigation système de fichier,IT,2021-12-21,16:36:46,00:00:03
stefano.crapanzano@chu.ulg.ac.be,Navigation système de fichier,IT,2021-12-21,16:37:15,00:00:04
stefano.crapanzano@chu.ulg.ac.be,Navigation système de fichier,IT,2021-12-21,16:38:00,00:00:02
stefano.crapanzano@chu.ulg.ac.be,Navigation système de fichier,IT,2021-12-21,16:39:09,00:00:07
stefano.crapanzano@chu.ulg.ac.be,Navigation système de fichier,IT,2021-12-21,16:40:48,00:00:08
stefano.crapanzano@chu.ulg.ac.be,Navigation système de fichier,IT,2021-12-21,16:46:10,00:00:49
stefano.crapanzano@chu.ulg.ac.be,Navigation système de fichier,IT,2021-12-21,16:47:44,00:00:08
stefano.crapanzano@chu.ulg.ac.be,Navigation système de fichier,IT,2021-12-21,16:49:19,00:00:47
stefano.crapanzano@chu.ulg.ac.be,Navigation système de fichier,IT,2021-12-21,16:51:00,00:00:04
stefano.crapanzano@chu.ulg.ac.be,Navigation système de fichier,IT,2021-12-21,16:51:12,00:00:12
stefano.crapanzano@chu.ulg.ac.be,Navigation système de fichier,IT,2021-12-21,16:51:57,00:00:38
stefano.crapanzano@chu.ulg.ac.be,Navigation système de fichier,IT,2021-12-21,16:53:45,00:00:12
stefano.crapanzano@chu.ulg.ac.be,Navigation système de fichier,IT,2021-12-21,16:59:37,00:00:13
stefano.crapanzano@chu.ulg.ac.be,Navigation système de fichier,IT,2021-12-21,17:00:14,00:00:27
stefano.crapanzano@chu.ulg.ac.be,Navigation système de fichier,IT,2021-12-21,17:01:55,00:03:55
stefano.crapanzano@chu.ulg.ac.be,Courrier entrant - stefano.crapanzano@chuliege.be - Mozilla Thunderbird,Helpdesk général,2021-12-21,10:29:39,00:00:06
stefano.crapanzano@chu.ulg.ac.be,Courrier entrant - stefano.crapanzano@chuliege.be - Mozilla Thunderbird,Helpdesk général,2021-12-21,10:30:23,00:00:02
stefano.crapanzano@chu.ulg.ac.be,Courrier entrant - stefano.crapanzano@chuliege.be - Mozilla Thunderbird,IT,2021-12-21,10:56:23,00:00:02
stefano.crapanzano@chu.ulg.ac.be,Courrier entrant - stefano.crapanzano@chuliege.be - Mozilla Thunderbird,Helpdesk général,2021-12-21,11:02:40,00:00:02
stefano.crapanzano@chu.ulg.ac.be,Courrier entrant - stefano.crapanzano@chuliege.be - Mozilla Thunderbird,Helpdesk général,2021-12-21,12:06:58,00:07:34
stefano.crapanzano@chu.ulg.ac.be,Courrier entrant - stefano.crapanzano@chuliege.be - Mozilla Thunderbird,Helpdesk général,2021-12-21,12:44:35,00:07:16
stefano.crapanzano@chu.ulg.ac.be,Courrier entrant - stefano.crapanzano@chuliege.be - Mozilla Thunderbird,Helpdesk général,2021-12-21,12:51:54,00:05:01
stefano.crapanzano@chu.ulg.ac.be,Courrier entrant - stefano.crapanzano@chuliege.be - Mozilla Thunderbird,Helpdesk général,2021-12-21,12:57:05,00:00:38
stefano.crapanzano@chu.ulg.ac.be,Courrier entrant - stefano.crapanzano@chuliege.be - Mozilla Thunderbird,Helpdesk général,2021-12-21,12:58:13,00:00:13
stefano.crapanzano@chu.ulg.ac.be,Courrier entrant - stefano.crapanzano@chuliege.be - Mozilla Thunderbird,Helpdesk général,2021-12-21,13:24:27,00:00:06
stefano.crapanzano@chu.ulg.ac.be,Courrier entrant - stefano.crapanzano@chuliege.be - Mozilla Thunderbird,Helpdesk général,2021-12-21,13:24:58,00:00:02
stefano.crapanzano@chu.ulg.ac.be,Courrier entrant - stefano.crapanzano@chuliege.be - Mozilla Thunderbird,Helpdesk général,2021-12-21,13:26:51,00:00:22
stefano.crapanzano@chu.ulg.ac.be,Courrier entrant - stefano.crapanzano@chuliege.be - Mozilla Thunderbird,Helpdesk général,2021-12-21,13:37:11,00:00:02
stefano.crapanzano@chu.ulg.ac.be,Courrier entrant - stefano.crapanzano@chuliege.be - Mozilla Thunderbird,Helpdesk général,2021-12-21,13:40:43,00:00:06
stefano.crapanzano@chu.ulg.ac.be,Courrier entrant - stefano.crapanzano@chuliege.be - Mozilla Thunderbird,Helpdesk général,2021-12-21,13:49:33,00:00:46
stefano.crapanzano@chu.ulg.ac.be,Courrier entrant - stefano.crapanzano@chuliege.be - Mozilla Thunderbird,Helpdesk général,2021-12-21,14:07:37,00:00:22
stefano.crapanzano@chu.ulg.ac.be,Courrier entrant - stefano.crapanzano@chuliege.be - Mozilla Thunderbird,Helpdesk général,2021-12-21,14:08:21,00:00:03
stefano.crapanzano@chu.ulg.ac.be,Courrier entrant - stefano.crapanzano@chuliege.be - Mozilla Thunderbird,Helpdesk général,2021-12-21,14:10:27,00:00:20
stefano.crapanzano@chu.ulg.ac.be,Courrier entrant - stefano.crapanzano@chuliege.be - Mozilla Thunderbird,Helpdesk général,2021-12-21,14:13:19,00:00:03
stefano.crapanzano@chu.ulg.ac.be,Courrier entrant - stefano.crapanzano@chuliege.be - Mozilla Thunderbird,Helpdesk général,2021-12-21,14:16:55,00:00:06
stefano.crapanzano@chu.ulg.ac.be,Courrier entrant - stefano.crapanzano@chuliege.be - Mozilla Thunderbird,Helpdesk général,2021-12-21,14:17:24,00:00:02
stefano.crapanzano@chu.ulg.ac.be,Courrier entrant - stefano.crapanzano@chuliege.be - Mozilla Thunderbird,Helpdesk général,2021-12-21,14:26:49,00:00:02
stefano.crapanzano@chu.ulg.ac.be,Courrier entrant - stefano.crapanzano@chuliege.be - Mozilla Thunderbird,Helpdesk général,2021-12-21,14:43:21,00:00:02
stefano.crapanzano@chu.ulg.ac.be,Courrier entrant - stefano.crapanzano@chuliege.be - Mozilla Thunderbird,Helpdesk général,2021-12-21,15:16:36,00:00:28
stefano.crapanzano@chu.ulg.ac.be,Courrier entrant - stefano.crapanzano@chuliege.be - Mozilla Thunderbird,Helpdesk général,2021-12-21,15:45:39,00:00:02
stefano.crapanzano@chu.ulg.ac.be,Courrier entrant - stefano.crapanzano@chuliege.be - Mozilla Thunderbird,Helpdesk général,2021-12-21,16:34:36,00:00:02
stefano.crapanzano@chu.ulg.ac.be,Courrier entrant - stefano.crapanzano@chuliege.be - Mozilla Thunderbird,Helpdesk général,2021-12-21,16:40:00,00:00:04
stefano.crapanzano@chu.ulg.ac.be,Courrier entrant - stefano.crapanzano@chuliege.be - Mozilla Thunderbird,Helpdesk général,2021-12-21,16:40:06,00:00:19
stefano.crapanzano@chu.ulg.ac.be,Courrier entrant - stefano.crapanzano@chuliege.be - Mozilla Thunderbird,Helpdesk général,2021-12-21,16:54:32,00:00:20
stefano.crapanzano@chu.ulg.ac.be,Courrier entrant - stefano.crapanzano@chuliege.be - Mozilla Thunderbird,Helpdesk général,2021-12-21,16:55:00,00:00:02
stefano.crapanzano@chu.ulg.ac.be,C:\PGM\Notepad++\change.log - Notepad++ [Administrator],IT,2021-12-21,10:31:09,00:00:05
stefano.crapanzano@chu.ulg.ac.be,C:\Users\c158492\Desktop\cc_sakto_prix.txt - Notepad++ [Administrator],IT,2021-12-21,10:31:14,00:00:52
stefano.crapanzano@chu.ulg.ac.be,C:\Users\c158492\Desktop\cc_sakto_prix.txt - Notepad++ [Administrator],IT,2021-12-21,10:32:56,00:23:27
stefano.crapanzano@chu.ulg.ac.be,C:\Users\c158492\Desktop\cc_sakto_prix.txt - Notepad++ [Administrator],Helpdesk général,2021-12-21,10:56:55,00:00:02
stefano.crapanzano@chu.ulg.ac.be,C:\Users\c158492\Desktop\cc_sakto_prix.txt - Notepad++ [Administrator],IT,2021-12-21,13:07:40,00:00:02
stefano.crapanzano@chu.ulg.ac.be,C:\Users\c158492\Desktop\cc_sakto_prix.txt - Notepad++ [Administrator],IT,2021-12-21,16:37:53,00:00:02
stefano.crapanzano@chu.ulg.ac.be,Envoyés - erp.sai@chuliege.be - Mozilla Thunderbird,Helpdesk général,2021-12-21,10:56:34,00:00:15
stefano.crapanzano@chu.ulg.ac.be,Envoyés - erp.sai@chuliege.be - Mozilla Thunderbird,Helpdesk général,2021-12-21,10:56:53,00:00:02
stefano.crapanzano@chu.ulg.ac.be,Envoyés - erp.sai@chuliege.be - Mozilla Thunderbird,Helpdesk général,2021-12-21,10:56:58,00:01:43
stefano.crapanzano@chu.ulg.ac.be,Envoyés - erp.sai@chuliege.be - Mozilla Thunderbird,Helpdesk général,2021-12-21,11:10:49,00:00:35
stefano.crapanzano@chu.ulg.ac.be,Envoyés - erp.sai@chuliege.be - Mozilla Thunderbird,Helpdesk général,2021-12-21,11:11:28,00:00:22
stefano.crapanzano@chu.ulg.ac.be,Envoyés - erp.sai@chuliege.be - Mozilla Thunderbird,Helpdesk général,2021-12-21,11:48:09,00:00:06
stefano.crapanzano@chu.ulg.ac.be,Envoyés - erp.sai@chuliege.be - Mozilla Thunderbird,Helpdesk général,2021-12-21,12:24:37,00:00:15
stefano.crapanzano@chu.ulg.ac.be,Envoyés - erp.sai@chuliege.be - Mozilla Thunderbird,Helpdesk général,2021-12-21,12:51:52,00:00:02
stefano.crapanzano@chu.ulg.ac.be,Envoyés - erp.sai@chuliege.be - Mozilla Thunderbird,Helpdesk général,2021-12-21,13:24:37,00:00:07
stefano.crapanzano@chu.ulg.ac.be,Envoyés - erp.sai@chuliege.be - Mozilla Thunderbird,Helpdesk général,2021-12-21,13:26:44,00:00:06
stefano.crapanzano@chu.ulg.ac.be,Envoyés - erp.sai@chuliege.be - Mozilla Thunderbird,Helpdesk général,2021-12-21,13:27:22,00:06:40
stefano.crapanzano@chu.ulg.ac.be,Envoyés - erp.sai@chuliege.be - Mozilla Thunderbird,Helpdesk général,2021-12-21,13:37:19,00:00:45
stefano.crapanzano@chu.ulg.ac.be,Envoyés - erp.sai@chuliege.be - Mozilla Thunderbird,Helpdesk général,2021-12-21,13:39:19,00:00:17
stefano.crapanzano@chu.ulg.ac.be,Envoyés - erp.sai@chuliege.be - Mozilla Thunderbird,Helpdesk général,2021-12-21,13:40:37,00:00:05
stefano.crapanzano@chu.ulg.ac.be,Envoyés - erp.sai@chuliege.be - Mozilla Thunderbird,Helpdesk général,2021-12-21,13:40:52,00:00:07
stefano.crapanzano@chu.ulg.ac.be,Envoyés - erp.sai@chuliege.be - Mozilla Thunderbird,Helpdesk général,2021-12-21,13:41:45,00:00:22
stefano.crapanzano@chu.ulg.ac.be,Envoyés - erp.sai@chuliege.be - Mozilla Thunderbird,Helpdesk général,2021-12-21,13:55:42,00:00:40
stefano.crapanzano@chu.ulg.ac.be,Envoyés - erp.sai@chuliege.be - Mozilla Thunderbird,Helpdesk général,2021-12-21,14:09:05,00:01:21
stefano.crapanzano@chu.ulg.ac.be,Envoyés - erp.sai@chuliege.be - Mozilla Thunderbird,Helpdesk général,2021-12-21,14:10:50,00:00:02
stefano.crapanzano@chu.ulg.ac.be,Envoyés - erp.sai@chuliege.be - Mozilla Thunderbird,Helpdesk général,2021-12-21,14:13:29,00:01:52
stefano.crapanzano@chu.ulg.ac.be,Envoyés - erp.sai@chuliege.be - Mozilla Thunderbird,Helpdesk général,2021-12-21,14:17:04,00:00:02
stefano.crapanzano@chu.ulg.ac.be,Envoyés - erp.sai@chuliege.be - Mozilla Thunderbird,Helpdesk général,2021-12-21,14:26:57,00:00:02
stefano.crapanzano@chu.ulg.ac.be,Envoyés - erp.sai@chuliege.be - Mozilla Thunderbird,Helpdesk général,2021-12-21,14:43:33,00:00:09
stefano.crapanzano@chu.ulg.ac.be,Envoyés - erp.sai@chuliege.be - Mozilla Thunderbird,Helpdesk général,2021-12-21,14:43:46,00:00:03
stefano.crapanzano@chu.ulg.ac.be,Envoyés - erp.sai@chuliege.be - Mozilla Thunderbird,Helpdesk général,2021-12-21,16:38:29,00:00:32
stefano.crapanzano@chu.ulg.ac.be,Envoyés - erp.sai@chuliege.be - Mozilla Thunderbird,Helpdesk général,2021-12-21,16:59:56,00:00:02
stefano.crapanzano@chu.ulg.ac.be,Lecture documentation,Tâches diverses,2021-12-21,11:00:24,00:00:11
stefano.crapanzano@chu.ulg.ac.be,Lecture documentation,Tâches diverses,2021-12-21,11:01:32,00:00:03
stefano.crapanzano@chu.ulg.ac.be,Lecture documentation,Tâches diverses,2021-12-21,11:12:01,00:02:12
stefano.crapanzano@chu.ulg.ac.be,Lecture documentation,Tâches diverses,2021-12-21,11:18:30,00:00:03
stefano.crapanzano@chu.ulg.ac.be,Lecture documentation,Tâches diverses,2021-12-21,12:18:22,00:04:15
stefano.crapanzano@chu.ulg.ac.be,Lecture documentation,Tâches diverses,2021-12-21,13:27:14,00:00:03
stefano.crapanzano@chu.ulg.ac.be,Lecture documentation,Tâches diverses,2021-12-21,13:41:14,00:00:03
stefano.crapanzano@chu.ulg.ac.be,Lecture documentation,Tâches diverses,2021-12-21,15:12:57,00:00:38
stefano.crapanzano@chu.ulg.ac.be,Lecture documentation,Tâches diverses,2021-12-21,15:15:06,00:01:29
stefano.crapanzano@chu.ulg.ac.be,Lecture documentation,Tâches diverses,2021-12-21,15:33:28,00:00:52
stefano.crapanzano@chu.ulg.ac.be,Lecture documentation,Tâches diverses,2021-12-21,16:38:06,00:00:20
stefano.crapanzano@chu.ulg.ac.be,DBeaver 21.0.0 - <ErpToolsDb.st.chulg> Script-2,Helpdesk général,2021-12-21,16:37:23,00:00:05
stefano.crapanzano@chu.ulg.ac.be,Confirmer,Helpdesk général,2021-12-21,11:11:24,00:00:03
stefano.crapanzano@chu.ulg.ac.be,Nouvel onglet - Google Chrome,Tâches diverses,2021-12-21,11:16:13,00:00:06
stefano.crapanzano@chu.ulg.ac.be,Nouvel onglet - Google Chrome,Tâches diverses,2021-12-21,13:34:21,00:00:02
stefano.crapanzano@chu.ulg.ac.be,Nouvel onglet - Google Chrome,Tâches diverses,2021-12-21,14:47:31,00:00:06
stefano.crapanzano@chu.ulg.ac.be,Nouvel onglet - Google Chrome,Tâches diverses,2021-12-21,14:59:56,00:00:06
stefano.crapanzano@chu.ulg.ac.be,Nouvel onglet - Google Chrome,Tâches diverses,2021-12-21,16:07:59,00:00:03
stefano.crapanzano@chu.ulg.ac.be,Nouvel onglet - Google Chrome,Tâches diverses,2021-12-21,16:09:21,00:00:02
stefano.crapanzano@chu.ulg.ac.be,Nouvel onglet - Google Chrome,Tâches diverses,2021-12-21,16:10:21,00:00:05
stefano.crapanzano@chu.ulg.ac.be,ecran dell lock unlock - Recherche Google - Google Chrome,Tâches diverses,2021-12-21,11:16:19,00:00:03
stefano.crapanzano@chu.ulg.ac.be,Lock and Unlock a Dell Monitor | #TechspertHelp - YouTube - Google Chrome,Tâches diverses,2021-12-21,11:16:23,00:01:17
stefano.crapanzano@chu.ulg.ac.be,Découvrez mon NAS 🗄openmediavault  docker  Swag  Let's Encrypt  Nextcloud  Duplicati  Jellyfin... - YouTube - Google Chrome,Tâches diverses,2021-12-21,11:17:41,00:00:25
stefano.crapanzano@chu.ulg.ac.be,Ouverture -Excel,Tâches diverses,2021-12-21,11:20:06,00:00:03
stefano.crapanzano@chu.ulg.ac.be,Excel,Tâches diverses,2021-12-21,11:20:11,00:00:02
stefano.crapanzano@chu.ulg.ac.be,ecriture_comptable_répartition_analyse_102021_v04.xlsx - Excel,Tâches diverses,2021-12-21,11:20:14,00:00:10
stefano.crapanzano@chu.ulg.ac.be,ecriture_comptable_répartition_analyse_102021_v04.xlsx - Excel,Tâches diverses,2021-12-21,11:20:38,00:00:21
stefano.crapanzano@chu.ulg.ac.be,ecriture_comptable_répartition_analyse_102021_v04.xlsx - Excel,Tâches diverses,2021-12-21,11:22:14,00:04:52
stefano.crapanzano@chu.ulg.ac.be,ecriture_comptable_répartition_analyse_102021_v04.xlsx - Excel,Tâches diverses,2021-12-21,11:27:11,00:00:05
stefano.crapanzano@chu.ulg.ac.be,ecriture_comptable_répartition_analyse_102021_v04.xlsx - Excel,Tâches diverses,2021-12-21,11:27:20,00:00:52
stefano.crapanzano@chu.ulg.ac.be,ecriture_comptable_répartition_analyse_102021_v04.xlsx - Excel,Tâches diverses,2021-12-21,11:28:20,00:00:10
stefano.crapanzano@chu.ulg.ac.be,ecriture_comptable_répartition_analyse_102021_v04.xlsx - Excel,Tâches diverses,2021-12-21,11:31:19,00:00:54
stefano.crapanzano@chu.ulg.ac.be,ecriture_comptable_répartition_analyse_102021_v04.xlsx - Excel,Tâches diverses,2021-12-21,11:32:15,00:01:39
stefano.crapanzano@chu.ulg.ac.be,ecriture_comptable_répartition_analyse_102021_v04.xlsx - Excel,Tâches diverses,2021-12-21,11:34:26,00:00:36
stefano.crapanzano@chu.ulg.ac.be,ecriture_comptable_répartition_analyse_102021_v04.xlsx - Excel,Tâches diverses,2021-12-21,12:24:52,00:19:12
stefano.crapanzano@chu.ulg.ac.be,ecriture_comptable_répartition_analyse_102021_v04.xlsx - Excel,Tâches diverses,2021-12-21,13:42:12,00:00:10
stefano.crapanzano@chu.ulg.ac.be,ecriture_comptable_répartition_analyse_102021_v04.xlsx - Excel,Tâches diverses,2021-12-21,13:56:48,00:01:12
stefano.crapanzano@chu.ulg.ac.be,ecriture_comptable_répartition_analyse_102021_v04.xlsx - Excel,Tâches diverses,2021-12-21,13:58:05,00:00:14
stefano.crapanzano@chu.ulg.ac.be,ecriture_comptable_répartition_analyse_102021_v04.xlsx - Excel,Tâches diverses,2021-12-21,13:58:22,00:01:16
stefano.crapanzano@chu.ulg.ac.be,ecriture_comptable_répartition_analyse_102021_v04.xlsx - Excel,Tâches diverses,2021-12-21,13:59:41,00:00:13
stefano.crapanzano@chu.ulg.ac.be,ecriture_comptable_répartition_analyse_102021_v04.xlsx - Excel,Tâches diverses,2021-12-21,14:00:02,00:00:06
stefano.crapanzano@chu.ulg.ac.be,ecriture_comptable_répartition_analyse_102021_v04.xlsx - Excel,Tâches diverses,2021-12-21,14:00:15,00:02:23
stefano.crapanzano@chu.ulg.ac.be,ecriture_comptable_répartition_analyse_102021_v04.xlsx - Excel,Tâches diverses,2021-12-21,14:02:40,00:01:21
stefano.crapanzano@chu.ulg.ac.be,ecriture_comptable_répartition_analyse_102021_v04.xlsx - Excel,Tâches diverses,2021-12-21,14:07:28,00:00:07
stefano.crapanzano@chu.ulg.ac.be,ecriture_comptable_répartition_analyse_102021_v04.xlsx - Excel,Tâches diverses,2021-12-21,14:27:05,00:00:43
stefano.crapanzano@chu.ulg.ac.be,ecriture_comptable_répartition_analyse_102021_v04.xlsx - Excel,Tâches diverses,2021-12-21,14:30:56,00:02:56
stefano.crapanzano@chu.ulg.ac.be,ecriture_comptable_répartition_analyse_102021_v04.xlsx - Excel,Tâches diverses,2021-12-21,14:34:51,00:00:07
stefano.crapanzano@chu.ulg.ac.be,ecriture_comptable_répartition_analyse_102021_v04.xlsx - Excel,Tâches diverses,2021-12-21,14:35:40,00:00:06
stefano.crapanzano@chu.ulg.ac.be,ecriture_comptable_répartition_analyse_102021_v04.xlsx - Excel,Tâches diverses,2021-12-21,14:38:13,00:00:41
stefano.crapanzano@chu.ulg.ac.be,ecriture_comptable_répartition_analyse_102021_v04.xlsx - Excel,Tâches diverses,2021-12-21,14:38:59,00:00:07
stefano.crapanzano@chu.ulg.ac.be,ecriture_comptable_répartition_analyse_102021_v04.xlsx - Excel,Tâches diverses,2021-12-21,14:39:11,00:00:06
stefano.crapanzano@chu.ulg.ac.be,ecriture_comptable_répartition_analyse_102021_v04.xlsx - Excel,Tâches diverses,2021-12-21,14:39:21,00:00:25
stefano.crapanzano@chu.ulg.ac.be,ecriture_comptable_répartition_analyse_102021_v04.xlsx - Excel,Tâches diverses,2021-12-21,14:39:50,00:00:25
stefano.crapanzano@chu.ulg.ac.be,ecriture_comptable_répartition_analyse_102021_v04.xlsx - Excel,Tâches diverses,2021-12-21,14:43:04,00:00:16
stefano.crapanzano@chu.ulg.ac.be,Rechercher et remplacer,Tâches diverses,2021-12-21,11:20:28,00:00:09
stefano.crapanzano@chu.ulg.ac.be,Rechercher et remplacer,Tâches diverses,2021-12-21,11:20:59,00:01:15
stefano.crapanzano@chu.ulg.ac.be,Rechercher et remplacer,Tâches diverses,2021-12-21,11:28:12,00:00:07
stefano.crapanzano@chu.ulg.ac.be,Rechercher et remplacer,Tâches diverses,2021-12-21,11:28:31,00:02:48
stefano.crapanzano@chu.ulg.ac.be,Rechercher et remplacer,Tâches diverses,2021-12-21,13:58:01,00:00:03
stefano.crapanzano@chu.ulg.ac.be,Rechercher et remplacer,Tâches diverses,2021-12-21,13:59:54,00:00:08
stefano.crapanzano@chu.ulg.ac.be,Rechercher et remplacer,Tâches diverses,2021-12-21,14:00:09,00:00:06
stefano.crapanzano@chu.ulg.ac.be,Rechercher et remplacer,Tâches diverses,2021-12-21,14:39:46,00:00:03
stefano.crapanzano@chu.ulg.ac.be,Microsoft Excel,Tâches diverses,2021-12-21,11:27:07,00:00:03
stefano.crapanzano@chu.ulg.ac.be,Microsoft Excel,Tâches diverses,2021-12-21,11:27:17,00:00:02
stefano.crapanzano@chu.ulg.ac.be,Spotify Free,Tâches diverses,2021-12-21,11:33:55,00:00:02
stefano.crapanzano@chu.ulg.ac.be,Rédaction : Fwd: TR: SDERP-19511. P203 CHU ARCO 20211220137348 KOFAX - Lots en statut Error en Quality Control - Thunderbird,Helpdesk général,2021-12-21,11:37:16,00:00:59
stefano.crapanzano@chu.ulg.ac.be,Changement de tâche,IT,2021-12-21,13:18:17,00:00:02
stefano.crapanzano@chu.ulg.ac.be,Sans titre - Google Chrome,Tâches diverses,2021-12-21,11:46:01,00:00:02
stefano.crapanzano@chu.ulg.ac.be,Elevation URGENCE de traitement ticket SDERP 19511 P203 CHU ARCO 20211220137348 KOFAX - Xperthis ERP4HC 1.0 - Service d'assistance - Google Chrome,Tâches diverses,2021-12-21,11:46:05,00:00:17
stefano.crapanzano@chu.ulg.ac.be,Elevation URGENCE de traitement ticket SDERP 19511 P203 CHU ARCO 20211220137348 KOFAX - Xperthis ERP4HC 1.0 - Service d'assistance - Google Chrome,Tâches diverses,2021-12-21,11:46:25,00:00:42
stefano.crapanzano@chu.ulg.ac.be,Elevation URGENCE de traitement ticket SDERP 19511 P203 CHU ARCO 20211220137348 KOFAX - Xperthis ERP4HC 1.0 - Service d'assistance - Google Chrome,Helpdesk général,2021-12-21,12:14:32,00:03:42
stefano.crapanzano@chu.ulg.ac.be,Elevation URGENCE de traitement ticket SDERP 19511 P203 CHU ARCO 20211220137348 KOFAX - Xperthis ERP4HC 1.0 - Service d'assistance - Google Chrome,Helpdesk général,2021-12-21,12:57:49,00:00:03
stefano.crapanzano@chu.ulg.ac.be,P203 CHU ARCO 20211220137348 KOFAX - Lots en statut Error en Quality Control - Xperthis ERP4HC 1.0 - Service d'assistance - Google Chrome,Tâches diverses,2021-12-21,11:46:22,00:00:02
stefano.crapanzano@chu.ulg.ac.be,P203 CHU ARCO 20211220137348 KOFAX - Lots en statut Error en Quality Control - Xperthis ERP4HC 1.0 - Service d'assistance - Google Chrome,Tâches diverses,2021-12-21,13:26:24,00:00:02
stefano.crapanzano@chu.ulg.ac.be,P203 CHU ARCO 20211220137348 KOFAX - Lots en statut Error en Quality Control - Xperthis ERP4HC 1.0 - Service d'assistance - Google Chrome,Tâches diverses,2021-12-21,13:36:37,00:00:05
stefano.crapanzano@chu.ulg.ac.be,P203 CHU ARCO 20211220137348 KOFAX - Lots en statut Error en Quality Control - Xperthis ERP4HC 1.0 - Service d'assistance - Google Chrome,Helpdesk général,2021-12-21,13:37:02,00:00:06
stefano.crapanzano@chu.ulg.ac.be,P203 CHU ARCO 20211220137348 KOFAX - Lots en statut Error en Quality Control - Xperthis ERP4HC 1.0 - Service d'assistance - Google Chrome,Tâches diverses,2021-12-21,13:45:32,00:03:47
stefano.crapanzano@chu.ulg.ac.be,P203 CHU ARCO 20211220137348 KOFAX - Lots en statut Error en Quality Control - Xperthis ERP4HC 1.0 - Service d'assistance - Google Chrome,Tâches diverses,2021-12-21,13:54:09,00:00:08
stefano.crapanzano@chu.ulg.ac.be,Administrateur : Perl (command line),IT,2021-12-21,12:22:40,00:01:51
stefano.crapanzano@chu.ulg.ac.be,Administrateur : Perl (command line),IT,2021-12-21,16:54:24,00:00:08
stefano.crapanzano@chu.ulg.ac.be,Brouillons - stefano.crapanzano@chuliege.be - Mozilla Thunderbird,Helpdesk général,2021-12-21,12:44:05,00:00:30
stefano.crapanzano@chu.ulg.ac.be,Netop Invité,Helpdesk général,2021-12-21,13:03:26,00:00:03
stefano.crapanzano@chu.ulg.ac.be,Netop Invité,Helpdesk général,2021-12-21,13:50:29,00:00:02
stefano.crapanzano@chu.ulg.ac.be,Netop Invité,Helpdesk général,2021-12-21,15:59:31,00:00:03
stefano.crapanzano@chu.ulg.ac.be,Connexion à l'aide de l'authentification Windows,Helpdesk général,2021-12-21,13:03:32,00:00:02
stefano.crapanzano@chu.ulg.ac.be,Connexion à l'aide de l'authentification Windows,Helpdesk général,2021-12-21,13:34:50,00:00:02
stefano.crapanzano@chu.ulg.ac.be,Connexion à l'aide de l'authentification Windows,Helpdesk général,2021-12-21,15:59:35,00:00:02
stefano.crapanzano@chu.ulg.ac.be,si-s-serv503 - Netop Remote Control,Helpdesk général,2021-12-21,13:03:34,00:02:54
stefano.crapanzano@chu.ulg.ac.be,si-s-serv503 - Netop Remote Control,Helpdesk général,2021-12-21,13:34:53,00:00:14
stefano.crapanzano@chu.ulg.ac.be,si-s-serv503 - Netop Remote Control,Helpdesk général,2021-12-21,13:38:05,00:01:10
stefano.crapanzano@chu.ulg.ac.be,si-s-serv503 - Netop Remote Control,Helpdesk général,2021-12-21,13:50:36,00:00:49
stefano.crapanzano@chu.ulg.ac.be,si-s-serv503 - Netop Remote Control,Helpdesk général,2021-12-21,13:56:22,00:00:08
stefano.crapanzano@chu.ulg.ac.be,si-s-serv503 - Netop Remote Control,Helpdesk général,2021-12-21,14:08:00,00:00:21
stefano.crapanzano@chu.ulg.ac.be,si-s-serv503 - Netop Remote Control,Helpdesk général,2021-12-21,14:08:34,00:00:02
stefano.crapanzano@chu.ulg.ac.be,si-s-serv503 - Netop Remote Control,Helpdesk général,2021-12-21,14:28:58,00:00:03
stefano.crapanzano@chu.ulg.ac.be,si-s-serv503 - Netop Remote Control,Helpdesk général,2021-12-21,14:35:32,00:00:08
stefano.crapanzano@chu.ulg.ac.be,si-s-serv503 - Netop Remote Control,Helpdesk général,2021-12-21,14:43:24,00:00:05
stefano.crapanzano@chu.ulg.ac.be,si-s-serv503 - Netop Remote Control,Helpdesk général,2021-12-21,15:32:49,00:00:09
stefano.crapanzano@chu.ulg.ac.be,si-s-serv503 - Netop Remote Control,Helpdesk général,2021-12-21,16:01:58,00:02:52
stefano.crapanzano@chu.ulg.ac.be,si-s-serv503 - Netop Remote Control,Helpdesk général,2021-12-21,16:34:46,00:00:06
stefano.crapanzano@chu.ulg.ac.be,\\ERPFTP.st.chulg\ERP\Log\KOFAX-KofaxCaptureSVReleaseProdFRCHR.log - Notepad++ [Administrator],IT,2021-12-21,13:07:53,00:00:28
stefano.crapanzano@chu.ulg.ac.be,\\ERPFTP.st.chulg\ERP\Log\KOFAX-KofaxCaptureSVReleaseProdFRCHR.log - Notepad++ [Administrator],IT,2021-12-21,13:08:45,00:00:02
stefano.crapanzano@chu.ulg.ac.be,\\ERPFTP.st.chulg\ERP\Log\KOFAX-KofaxCaptureSVReleaseProdFRCHR.log - Notepad++ [Administrator],IT,2021-12-21,13:08:51,00:00:06
stefano.crapanzano@chu.ulg.ac.be,\\ERPFTP.st.chulg\ERP\Log\KOFAX-KofaxCaptureSVReleaseProdFRCHR.log - Notepad++ [Administrator],IT,2021-12-21,13:09:46,00:00:06
stefano.crapanzano@chu.ulg.ac.be,\\ERPFTP.st.chulg\ERP\Log\KOFAX-KofaxCaptureSVReleaseProdFRCHR.log - Notepad++ [Administrator],IT,2021-12-21,13:09:56,00:00:02
stefano.crapanzano@chu.ulg.ac.be,\\ERPFTP.st.chulg\ERP\Log\KOFAX-KofaxCaptureSVReleaseProdFRCHR.log - Notepad++ [Administrator],IT,2021-12-21,13:10:00,00:00:03
stefano.crapanzano@chu.ulg.ac.be,\\ERPFTP.st.chulg\ERP\Log\KOFAX-KofaxCaptureSVReleaseProdFRCHR.log - Notepad++ [Administrator],IT,2021-12-21,13:10:16,00:00:06
stefano.crapanzano@chu.ulg.ac.be,\\ERPFTP.st.chulg\ERP\Log\KOFAX-KofaxCaptureSVReleaseProdFRCHR.log - Notepad++ [Administrator],IT,2021-12-21,13:10:31,00:00:09
stefano.crapanzano@chu.ulg.ac.be,\\ERPFTP.st.chulg\ERP\Log\KOFAX-KofaxCaptureSVReleaseProdFRCHR.log - Notepad++ [Administrator],IT,2021-12-21,13:10:43,00:00:02
stefano.crapanzano@chu.ulg.ac.be,\\ERPFTP.st.chulg\ERP\Log\KOFAX-KofaxCaptureSVReleaseProdFRCHR.log - Notepad++ [Administrator],IT,2021-12-21,13:19:38,00:00:05
stefano.crapanzano@chu.ulg.ac.be,\\ERPFTP.st.chulg\ERP\Log\KOFAX-KofaxCaptureSVReleaseProdFRCHR.log - Notepad++ [Administrator],Helpdesk général,2021-12-21,13:19:55,00:00:49
stefano.crapanzano@chu.ulg.ac.be,\\ERPFTP.st.chulg\ERP\Log\KOFAX-KofaxCaptureSVReleaseProdFRCHR.log - Notepad++ [Administrator],IT,2021-12-21,13:23:21,00:00:05
stefano.crapanzano@chu.ulg.ac.be,\\ERPFTP.st.chulg\ERP\Log\KOFAX-KofaxCaptureSVReleaseProdFRCHR.log - Notepad++ [Administrator],IT,2021-12-21,13:24:15,00:00:06
stefano.crapanzano@chu.ulg.ac.be,\\ERPFTP.st.chulg\ERP\Log\KOFAX-KofaxCaptureSVReleaseProdFRCHR.log - Notepad++ [Administrator],IT,2021-12-21,14:43:54,00:00:07
stefano.crapanzano@chu.ulg.ac.be,\\ERPFTP.st.chulg\ERP\Log\KOFAX-KofaxCaptureSVReleaseProdFRCHR.log - Notepad++ [Administrator],IT,2021-12-21,14:44:13,00:00:47
stefano.crapanzano@chu.ulg.ac.be,\\ERPFTP.st.chulg\ERP\Log\KOFAX-KofaxCaptureSVReleaseProdFRCHR.log - Notepad++ [Administrator],IT,2021-12-21,14:45:54,00:00:05
stefano.crapanzano@chu.ulg.ac.be,\\ERPFTP.st.chulg\ERP\Log\KOFAX-KofaxCaptureSVReleaseProdFRCHR.log - Notepad++ [Administrator],IT,2021-12-21,16:37:36,00:00:02
stefano.crapanzano@chu.ulg.ac.be,Rechercher,IT,2021-12-21,13:08:23,00:00:22
stefano.crapanzano@chu.ulg.ac.be,Rechercher,IT,2021-12-21,13:08:48,00:00:02
stefano.crapanzano@chu.ulg.ac.be,Rechercher,IT,2021-12-21,13:08:57,00:00:48
stefano.crapanzano@chu.ulg.ac.be,Rechercher,IT,2021-12-21,13:09:53,00:00:03
stefano.crapanzano@chu.ulg.ac.be,Rechercher,IT,2021-12-21,13:10:04,00:00:11
stefano.crapanzano@chu.ulg.ac.be,Rechercher,IT,2021-12-21,13:10:23,00:00:07
stefano.crapanzano@chu.ulg.ac.be,Gestionnaire de Sites,Helpdesk général,2021-12-21,13:10:48,00:00:03
stefano.crapanzano@chu.ulg.ac.be,Gestionnaire de Sites,Helpdesk général,2021-12-21,16:12:40,00:00:06
stefano.crapanzano@chu.ulg.ac.be,Iepacs_CHR_2 - kofaxchr2@iepacs.chu.ulg.ac.be - FileZilla,Helpdesk général,2021-12-21,13:10:54,00:00:05
stefano.crapanzano@chu.ulg.ac.be,\\ERPFTP.st.chulg\ERP\Log\Iepacs_file_Pdf-Kofaxchr2_FRCHR2_Pdf.log - Notepad++ [Administrator],IT,2021-12-21,13:11:00,00:02:05
stefano.crapanzano@chu.ulg.ac.be,\\ERPFTP.st.chulg\ERP\Log\Iepacs_file_Pdf-Kofaxchr2_FRCHR2_Pdf.log - Notepad++ [Administrator],IT,2021-12-21,13:13:20,00:00:09
stefano.crapanzano@chu.ulg.ac.be,\\ERPFTP.st.chulg\ERP\Log\Iepacs_file_Pdf-Kofaxchr2_FRCHR2_Pdf.log - Notepad++ [Administrator],IT,2021-12-21,13:13:45,00:00:13
stefano.crapanzano@chu.ulg.ac.be,\\ERPFTP.st.chulg\ERP\Log\Iepacs_file_Pdf-Kofaxchr2_FRCHR2_Pdf.log - Notepad++ [Administrator],IT,2021-12-21,13:14:11,00:00:34
stefano.crapanzano@chu.ulg.ac.be,\\ERPFTP.st.chulg\ERP\Log\Iepacs_file_Pdf-Kofaxchr2_FRCHR2_Pdf.log - Notepad++ [Administrator],IT,2021-12-21,13:14:57,00:00:09
stefano.crapanzano@chu.ulg.ac.be,\\ERPFTP.st.chulg\ERP\Log\Iepacs_file_Pdf-Kofaxchr2_FRCHR2_Pdf.log - Notepad++ [Administrator],IT,2021-12-21,13:15:10,00:00:11
stefano.crapanzano@chu.ulg.ac.be,\\ERPFTP.st.chulg\ERP\Log\Iepacs_file_Pdf-Kofaxchr2_FRCHR2_Pdf.log - Notepad++ [Administrator],IT,2021-12-21,13:15:25,00:00:19
stefano.crapanzano@chu.ulg.ac.be,\\ERPFTP.st.chulg\ERP\Log\Iepacs_file_Pdf-Kofaxchr2_FRCHR2_Pdf.log - Notepad++ [Administrator],IT,2021-12-21,13:15:47,00:00:58
stefano.crapanzano@chu.ulg.ac.be,\\ERPFTP.st.chulg\ERP\Log\Iepacs_file_Pdf-Kofaxchr2_FRCHR2_Pdf.log - Notepad++ [Administrator],IT,2021-12-21,13:17:21,00:00:18
stefano.crapanzano@chu.ulg.ac.be,\\ERPFTP.st.chulg\ERP\Log\Iepacs_file_Pdf-Kofaxchr2_FRCHR2_Pdf.log - Notepad++ [Administrator],IT,2021-12-21,16:37:49,00:00:04
stefano.crapanzano@chu.ulg.ac.be,Problème de scanning des feuilles de route CHR depuis le 17/12 - Mozilla Thunderbird,Helpdesk général,2021-12-21,13:13:12,00:00:02
stefano.crapanzano@chu.ulg.ac.be,Problème de scanning des feuilles de route CHR depuis le 17/12 - Mozilla Thunderbird,IT,2021-12-21,13:13:29,00:00:02
stefano.crapanzano@chu.ulg.ac.be,Problème de scanning des feuilles de route CHR depuis le 17/12 - Mozilla Thunderbird,Helpdesk général,2021-12-21,13:13:38,00:00:02
stefano.crapanzano@chu.ulg.ac.be,Problème de scanning des feuilles de route CHR depuis le 17/12 - Mozilla Thunderbird,Helpdesk général,2021-12-21,13:19:52,00:00:02
stefano.crapanzano@chu.ulg.ac.be,Problème de scanning des feuilles de route CHR depuis le 17/12 - Mozilla Thunderbird,Helpdesk général,2021-12-21,13:34:42,00:00:04
stefano.crapanzano@chu.ulg.ac.be,Problème de scanning des feuilles de route CHR depuis le 17/12 - Mozilla Thunderbird,Helpdesk général,2021-12-21,13:35:20,00:00:02
stefano.crapanzano@chu.ulg.ac.be,Rédaction : Re: Problème de scanning des feuilles de route CHR depuis le 17/12 - Thunderbird,Helpdesk général,2021-12-21,13:13:14,00:00:03
stefano.crapanzano@chu.ulg.ac.be,Rédaction : Re: Problème de scanning des feuilles de route CHR depuis le 17/12 - Thunderbird,Helpdesk général,2021-12-21,13:17:06,00:00:13
stefano.crapanzano@chu.ulg.ac.be,Rédaction : Re: Problème de scanning des feuilles de route CHR depuis le 17/12 - Thunderbird,Helpdesk général,2021-12-21,13:18:19,00:00:02
stefano.crapanzano@chu.ulg.ac.be,Rédaction : Re: Problème de scanning des feuilles de route CHR depuis le 17/12 - Thunderbird,Helpdesk général,2021-12-21,13:18:23,00:00:24
stefano.crapanzano@chu.ulg.ac.be,Rédaction : Re: Problème de scanning des feuilles de route CHR depuis le 17/12 - Thunderbird,Helpdesk général,2021-12-21,13:19:05,00:00:18
stefano.crapanzano@chu.ulg.ac.be,Rédaction : Re: Problème de scanning des feuilles de route CHR depuis le 17/12 - Thunderbird,Helpdesk général,2021-12-21,13:20:45,00:02:34
stefano.crapanzano@chu.ulg.ac.be,Rédaction : Re: Problème de scanning des feuilles de route CHR depuis le 17/12 - Thunderbird,Helpdesk général,2021-12-21,13:23:28,00:00:44
stefano.crapanzano@chu.ulg.ac.be,Rédaction : Re: Problème de scanning des feuilles de route CHR depuis le 17/12 - Thunderbird,Helpdesk général,2021-12-21,13:35:22,00:01:09
stefano.crapanzano@chu.ulg.ac.be,Rédaction : Re: Problème de scanning des feuilles de route CHR depuis le 17/12 - Thunderbird,Helpdesk général,2021-12-21,13:36:42,00:00:18
stefano.crapanzano@chu.ulg.ac.be,Rédaction : Re: Problème de scanning des feuilles de route CHR depuis le 17/12 - Thunderbird,Helpdesk général,2021-12-21,13:39:37,00:00:55
stefano.crapanzano@chu.ulg.ac.be,Rédaction : Re: Problème de scanning des feuilles de route CHR depuis le 17/12 - Thunderbird,Helpdesk général,2021-12-21,13:51:30,00:02:36
stefano.crapanzano@chu.ulg.ac.be,Rédaction : Re: Problème de scanning des feuilles de route CHR depuis le 17/12 - Thunderbird,Helpdesk général,2021-12-21,13:54:17,00:00:54
stefano.crapanzano@chu.ulg.ac.be,Rédaction : Re: Problème de scanning des feuilles de route CHR depuis le 17/12 - Thunderbird,Helpdesk général,2021-12-21,14:08:25,00:00:08
stefano.crapanzano@chu.ulg.ac.be,Rédaction : Re: Problème de scanning des feuilles de route CHR depuis le 17/12 - Thunderbird,Helpdesk général,2021-12-21,14:08:36,00:00:17
stefano.crapanzano@chu.ulg.ac.be,*nouveau 1 - Notepad++ [Administrator],IT,2021-12-21,13:13:34,00:00:04
stefano.crapanzano@chu.ulg.ac.be,*nouveau 1 - Notepad++ [Administrator],IT,2021-12-21,13:14:01,00:00:10
stefano.crapanzano@chu.ulg.ac.be,*nouveau 1 - Notepad++ [Administrator],IT,2021-12-21,13:14:46,00:00:06
stefano.crapanzano@chu.ulg.ac.be,*nouveau 1 - Notepad++ [Administrator],IT,2021-12-21,13:15:06,00:00:03
stefano.crapanzano@chu.ulg.ac.be,*nouveau 1 - Notepad++ [Administrator],IT,2021-12-21,13:15:22,00:00:02
stefano.crapanzano@chu.ulg.ac.be,*nouveau 1 - Notepad++ [Administrator],IT,2021-12-21,13:15:45,00:00:02
stefano.crapanzano@chu.ulg.ac.be,*nouveau 1 - Notepad++ [Administrator],IT,2021-12-21,13:16:46,00:00:18
stefano.crapanzano@chu.ulg.ac.be,*nouveau 1 - Notepad++ [Administrator],IT,2021-12-21,13:17:39,00:00:18
stefano.crapanzano@chu.ulg.ac.be,Enregistrer sous,IT,2021-12-21,13:17:58,00:00:18
stefano.crapanzano@chu.ulg.ac.be,Programmation,IT,2021-12-21,13:19:44,00:00:03
stefano.crapanzano@chu.ulg.ac.be,Programmation,IT,2021-12-21,14:28:53,00:00:03
stefano.crapanzano@chu.ulg.ac.be,Programmation,IT,2021-12-21,14:44:02,00:00:11
stefano.crapanzano@chu.ulg.ac.be,Programmation,IT,2021-12-21,14:46:31,00:00:55
stefano.crapanzano@chu.ulg.ac.be,Programmation,IT,2021-12-21,14:47:45,00:00:06
stefano.crapanzano@chu.ulg.ac.be,Programmation,IT,2021-12-21,14:47:59,00:00:10
stefano.crapanzano@chu.ulg.ac.be,Programmation,IT,2021-12-21,14:48:11,00:00:02
stefano.crapanzano@chu.ulg.ac.be,Programmation,IT,2021-12-21,14:49:31,00:01:14
stefano.crapanzano@chu.ulg.ac.be,Programmation,IT,2021-12-21,14:50:59,00:00:08
stefano.crapanzano@chu.ulg.ac.be,Programmation,IT,2021-12-21,14:51:26,00:00:07
stefano.crapanzano@chu.ulg.ac.be,Programmation,IT,2021-12-21,14:51:38,00:00:59
stefano.crapanzano@chu.ulg.ac.be,Programmation,IT,2021-12-21,14:52:58,00:00:44
stefano.crapanzano@chu.ulg.ac.be,Programmation,IT,2021-12-21,14:53:48,00:01:56
stefano.crapanzano@chu.ulg.ac.be,Programmation,IT,2021-12-21,14:56:44,00:02:56
stefano.crapanzano@chu.ulg.ac.be,Programmation,IT,2021-12-21,14:59:45,00:00:09
stefano.crapanzano@chu.ulg.ac.be,Programmation,IT,2021-12-21,15:00:25,00:11:13
stefano.crapanzano@chu.ulg.ac.be,Programmation,IT,2021-12-21,15:11:44,00:00:55
stefano.crapanzano@chu.ulg.ac.be,Programmation,IT,2021-12-21,15:12:43,00:00:03
stefano.crapanzano@chu.ulg.ac.be,Programmation,IT,2021-12-21,15:13:35,00:00:51
stefano.crapanzano@chu.ulg.ac.be,Programmation,IT,2021-12-21,15:14:35,00:00:30
stefano.crapanzano@chu.ulg.ac.be,Programmation,IT,2021-12-21,15:18:17,00:02:03
stefano.crapanzano@chu.ulg.ac.be,Programmation,IT,2021-12-21,15:20:32,00:00:58
stefano.crapanzano@chu.ulg.ac.be,Programmation,IT,2021-12-21,15:21:36,00:04:22
stefano.crapanzano@chu.ulg.ac.be,Programmation,IT,2021-12-21,15:26:06,00:02:15
stefano.crapanzano@chu.ulg.ac.be,Programmation,IT,2021-12-21,15:29:38,00:00:30
stefano.crapanzano@chu.ulg.ac.be,Programmation,IT,2021-12-21,15:30:20,00:00:26
stefano.crapanzano@chu.ulg.ac.be,Programmation,IT,2021-12-21,15:31:06,00:00:56
stefano.crapanzano@chu.ulg.ac.be,Programmation,IT,2021-12-21,15:32:08,00:00:12
stefano.crapanzano@chu.ulg.ac.be,Programmation,IT,2021-12-21,15:32:27,00:00:02
stefano.crapanzano@chu.ulg.ac.be,Programmation,IT,2021-12-21,15:32:58,00:00:28
stefano.crapanzano@chu.ulg.ac.be,Programmation,IT,2021-12-21,15:34:24,00:02:40
stefano.crapanzano@chu.ulg.ac.be,Programmation,IT,2021-12-21,15:37:34,00:01:16
stefano.crapanzano@chu.ulg.ac.be,Programmation,IT,2021-12-21,15:40:22,00:00:42
stefano.crapanzano@chu.ulg.ac.be,Programmation,IT,2021-12-21,15:41:13,00:00:20
stefano.crapanzano@chu.ulg.ac.be,Programmation,IT,2021-12-21,15:41:41,00:00:41
stefano.crapanzano@chu.ulg.ac.be,Programmation,IT,2021-12-21,15:42:38,00:00:10
stefano.crapanzano@chu.ulg.ac.be,Programmation,IT,2021-12-21,15:43:02,00:00:51
stefano.crapanzano@chu.ulg.ac.be,Programmation,IT,2021-12-21,15:45:51,00:00:08
stefano.crapanzano@chu.ulg.ac.be,Programmation,IT,2021-12-21,15:46:12,00:01:18
stefano.crapanzano@chu.ulg.ac.be,Programmation,IT,2021-12-21,15:47:32,00:00:04
stefano.crapanzano@chu.ulg.ac.be,Programmation,IT,2021-12-21,15:47:59,00:00:03
stefano.crapanzano@chu.ulg.ac.be,Programmation,IT,2021-12-21,15:48:14,00:00:03
stefano.crapanzano@chu.ulg.ac.be,Programmation,IT,2021-12-21,15:49:41,00:01:30
stefano.crapanzano@chu.ulg.ac.be,Programmation,IT,2021-12-21,15:51:17,00:00:04
stefano.crapanzano@chu.ulg.ac.be,Programmation,IT,2021-12-21,15:51:29,00:00:15
stefano.crapanzano@chu.ulg.ac.be,Programmation,IT,2021-12-21,15:52:25,00:00:51
stefano.crapanzano@chu.ulg.ac.be,Programmation,IT,2021-12-21,15:53:18,00:00:57
stefano.crapanzano@chu.ulg.ac.be,Programmation,IT,2021-12-21,15:54:27,00:00:03
stefano.crapanzano@chu.ulg.ac.be,Programmation,IT,2021-12-21,15:54:36,00:04:46
stefano.crapanzano@chu.ulg.ac.be,Programmation,IT,2021-12-21,16:04:51,00:00:08
stefano.crapanzano@chu.ulg.ac.be,Programmation,IT,2021-12-21,16:05:03,00:00:05
stefano.crapanzano@chu.ulg.ac.be,Programmation,IT,2021-12-21,16:05:26,00:00:02
stefano.crapanzano@chu.ulg.ac.be,Programmation,IT,2021-12-21,16:05:38,00:00:14
stefano.crapanzano@chu.ulg.ac.be,Programmation,IT,2021-12-21,16:06:07,00:00:04
stefano.crapanzano@chu.ulg.ac.be,Programmation,IT,2021-12-21,16:06:18,00:00:37
stefano.crapanzano@chu.ulg.ac.be,Programmation,IT,2021-12-21,16:07:39,00:00:18
stefano.crapanzano@chu.ulg.ac.be,Programmation,IT,2021-12-21,16:08:20,00:00:35
stefano.crapanzano@chu.ulg.ac.be,Programmation,IT,2021-12-21,16:09:55,00:00:25
stefano.crapanzano@chu.ulg.ac.be,Programmation,IT,2021-12-21,16:11:25,00:00:50
stefano.crapanzano@chu.ulg.ac.be,Programmation,IT,2021-12-21,16:13:13,00:00:11
stefano.crapanzano@chu.ulg.ac.be,Programmation,IT,2021-12-21,16:13:28,00:00:53
stefano.crapanzano@chu.ulg.ac.be,Programmation,IT,2021-12-21,16:15:00,00:00:16
stefano.crapanzano@chu.ulg.ac.be,Programmation,IT,2021-12-21,16:17:08,00:02:36
stefano.crapanzano@chu.ulg.ac.be,Programmation,IT,2021-12-21,16:19:49,00:00:22
stefano.crapanzano@chu.ulg.ac.be,Programmation,IT,2021-12-21,16:20:24,00:00:38
stefano.crapanzano@chu.ulg.ac.be,Programmation,IT,2021-12-21,16:27:03,00:00:28
stefano.crapanzano@chu.ulg.ac.be,Programmation,IT,2021-12-21,16:27:39,00:00:33
stefano.crapanzano@chu.ulg.ac.be,Programmation,IT,2021-12-21,16:28:46,00:00:13
stefano.crapanzano@chu.ulg.ac.be,Programmation,IT,2021-12-21,16:29:07,00:00:32
stefano.crapanzano@chu.ulg.ac.be,Programmation,IT,2021-12-21,16:29:57,00:00:03
stefano.crapanzano@chu.ulg.ac.be,Programmation,IT,2021-12-21,16:31:00,00:01:19
stefano.crapanzano@chu.ulg.ac.be,Programmation,IT,2021-12-21,16:32:35,00:00:15
stefano.crapanzano@chu.ulg.ac.be,Programmation,IT,2021-12-21,16:32:58,00:00:22
stefano.crapanzano@chu.ulg.ac.be,Programmation,IT,2021-12-21,16:33:34,00:00:02
stefano.crapanzano@chu.ulg.ac.be,Programmation,IT,2021-12-21,16:33:40,00:00:06
stefano.crapanzano@chu.ulg.ac.be,Programmation,IT,2021-12-21,16:33:51,00:00:21
stefano.crapanzano@chu.ulg.ac.be,Programmation,IT,2021-12-21,16:34:56,00:00:43
stefano.crapanzano@chu.ulg.ac.be,Programmation,IT,2021-12-21,16:36:09,00:00:37
stefano.crapanzano@chu.ulg.ac.be,Programmation,IT,2021-12-21,16:36:50,00:00:03
stefano.crapanzano@chu.ulg.ac.be,Programmation,IT,2021-12-21,16:37:11,00:00:03
stefano.crapanzano@chu.ulg.ac.be,Programmation,IT,2021-12-21,16:37:33,00:00:02
stefano.crapanzano@chu.ulg.ac.be,Programmation,IT,2021-12-21,16:40:26,00:00:22
stefano.crapanzano@chu.ulg.ac.be,Programmation,IT,2021-12-21,16:40:57,00:05:03
stefano.crapanzano@chu.ulg.ac.be,Programmation,IT,2021-12-21,16:46:59,00:00:44
stefano.crapanzano@chu.ulg.ac.be,Programmation,IT,2021-12-21,16:47:52,00:00:38
stefano.crapanzano@chu.ulg.ac.be,Programmation,IT,2021-12-21,16:48:37,00:00:42
stefano.crapanzano@chu.ulg.ac.be,Programmation,IT,2021-12-21,16:50:06,00:00:53
stefano.crapanzano@chu.ulg.ac.be,Programmation,IT,2021-12-21,16:51:05,00:00:07
stefano.crapanzano@chu.ulg.ac.be,Programmation,IT,2021-12-21,16:51:24,00:00:32
stefano.crapanzano@chu.ulg.ac.be,Programmation,IT,2021-12-21,16:52:35,00:01:10
stefano.crapanzano@chu.ulg.ac.be,Programmation,IT,2021-12-21,16:53:58,00:00:26
stefano.crapanzano@chu.ulg.ac.be,Programmation,IT,2021-12-21,16:55:03,00:00:07
stefano.crapanzano@chu.ulg.ac.be,Programmation,IT,2021-12-21,16:55:14,00:00:05
stefano.crapanzano@chu.ulg.ac.be,Programmation,IT,2021-12-21,16:55:27,00:04:10
stefano.crapanzano@chu.ulg.ac.be,Programmation,IT,2021-12-21,17:00:08,00:00:05
stefano.crapanzano@chu.ulg.ac.be,Programmation,IT,2021-12-21,17:00:41,00:01:13
stefano.crapanzano@chu.ulg.ac.be,Vérification de l’orthographe,Helpdesk général,2021-12-21,13:24:12,00:00:02
stefano.crapanzano@chu.ulg.ac.be,Vérification de l’orthographe,Helpdesk général,2021-12-21,13:40:32,00:00:04
stefano.crapanzano@chu.ulg.ac.be,Erreur lors de la validation d'une commande de régularisation Gera - Xperthis ERP4HC 1.0 - Service d'assistance - Google Chrome,Tâches diverses,2021-12-21,13:25:08,00:00:47
stefano.crapanzano@chu.ulg.ac.be,Demandes - Service d'assistance - Google Chrome,Tâches diverses,2021-12-21,13:25:56,00:00:09
stefano.crapanzano@chu.ulg.ac.be,Demandes - Service d'assistance - Google Chrome,Tâches diverses,2021-12-21,13:26:16,00:00:08
stefano.crapanzano@chu.ulg.ac.be,Demandes - Service d'assistance - Google Chrome,Tâches diverses,2021-12-21,13:26:26,00:00:13
stefano.crapanzano@chu.ulg.ac.be,Demandes - Service d'assistance - Google Chrome,Tâches diverses,2021-12-21,13:36:34,00:00:02
stefano.crapanzano@chu.ulg.ac.be,P203 CHR Demande de changement de nom - Xperthis ERP4HC 1.0 - Service d'assistance - Google Chrome,Tâches diverses,2021-12-21,13:26:05,00:00:10
stefano.crapanzano@chu.ulg.ac.be,Identification - Google Chrome,Tâches diverses,2021-12-21,13:34:24,00:00:06
stefano.crapanzano@chu.ulg.ac.be,Service MT - Google Chrome,Tâches diverses,2021-12-21,13:34:32,00:00:07
stefano.crapanzano@chu.ulg.ac.be,Service MT - Google Chrome,Tâches diverses,2021-12-21,13:41:01,00:00:06
stefano.crapanzano@chu.ulg.ac.be,Service MT - Google Chrome,Tâches diverses,2021-12-21,13:42:09,00:00:02
stefano.crapanzano@chu.ulg.ac.be,Service MT - Google Chrome,Tâches diverses,2021-12-21,14:10:54,00:02:23
stefano.crapanzano@chu.ulg.ac.be,Service MT - Google Chrome,Tâches diverses,2021-12-21,14:27:00,00:00:02
stefano.crapanzano@chu.ulg.ac.be,Service MT - Google Chrome,Tâches diverses,2021-12-21,14:47:27,00:00:04
stefano.crapanzano@chu.ulg.ac.be,Greenshot capture form,Helpdesk général,2021-12-21,13:35:09,00:00:08
stefano.crapanzano@chu.ulg.ac.be,Greenshot capture form,Helpdesk général,2021-12-21,13:39:16,00:00:03
stefano.crapanzano@chu.ulg.ac.be,Greenshot capture form,Helpdesk général,2021-12-21,13:51:26,00:00:03
stefano.crapanzano@chu.ulg.ac.be,DBeaver 21.0.0 - <MS SQL Server - si-s-serv24> Script-1,Tâches diverses,2021-12-21,14:39:18,00:00:02
stefano.crapanzano@chu.ulg.ac.be,ecriture_comptable_répartition_analyse_102021_v04.xlsx - Excel (Ne répond pas),Tâches diverses,2021-12-21,13:59:38,00:00:02
stefano.crapanzano@chu.ulg.ac.be,Rédaction : (pas de sujet) - Thunderbird,Helpdesk général,2021-12-21,14:28:37,00:00:09
stefano.crapanzano@chu.ulg.ac.be,list files in directory python - Recherche Google - Google Chrome,Tâches diverses,2021-12-21,14:47:37,00:00:02
stefano.crapanzano@chu.ulg.ac.be,list files in directory python - Recherche Google - Google Chrome,Tâches diverses,2021-12-21,14:48:56,00:00:05
stefano.crapanzano@chu.ulg.ac.be,python - How do I list all files of a directory? - Stack Overflow - Google Chrome,Tâches diverses,2021-12-21,14:47:40,00:00:05
stefano.crapanzano@chu.ulg.ac.be,python - How do I list all files of a directory? - Stack Overflow - Google Chrome,Tâches diverses,2021-12-21,14:48:13,00:00:42
stefano.crapanzano@chu.ulg.ac.be,list directories in directory python - Recherche Google - Google Chrome,Tâches diverses,2021-12-21,14:49:01,00:00:06
stefano.crapanzano@chu.ulg.ac.be,list directories in directory python - Recherche Google - Google Chrome,Tâches diverses,2021-12-21,14:55:44,00:00:06
stefano.crapanzano@chu.ulg.ac.be,python - Getting a list of all subdirectories in the current directory - Stack Overflow - Google Chrome,Tâches diverses,2021-12-21,14:49:08,00:00:23
stefano.crapanzano@chu.ulg.ac.be,python - Getting a list of all subdirectories in the current directory - Stack Overflow - Google Chrome,Tâches diverses,2021-12-21,14:50:46,00:00:03
stefano.crapanzano@chu.ulg.ac.be,python - Getting a list of all subdirectories in the current directory - Stack Overflow - Google Chrome,Tâches diverses,2021-12-21,14:51:09,00:00:16
stefano.crapanzano@chu.ulg.ac.be,python - Getting a list of all subdirectories in the current directory - Stack Overflow - Google Chrome,Tâches diverses,2021-12-21,14:52:38,00:00:19
stefano.crapanzano@chu.ulg.ac.be,python - Getting a list of all subdirectories in the current directory - Stack Overflow - Google Chrome,Tâches diverses,2021-12-21,14:53:42,00:00:06
stefano.crapanzano@chu.ulg.ac.be,os — Miscellaneous operating system interfaces — Python 3.10.1 documentation - Google Chrome,Tâches diverses,2021-12-21,14:50:50,00:00:07
stefano.crapanzano@chu.ulg.ac.be,list all subdir directories in directory python - Recherche Google - Google Chrome,Tâches diverses,2021-12-21,14:55:51,00:00:11
stefano.crapanzano@chu.ulg.ac.be,List all subdirectories in a directory in Python – Techie Delight - Google Chrome,Tâches diverses,2021-12-21,14:56:03,00:00:40
stefano.crapanzano@chu.ulg.ac.be,get all files in subdirectories python - Recherche Google - Google Chrome,Tâches diverses,2021-12-21,15:00:03,00:00:08
stefano.crapanzano@chu.ulg.ac.be,get all files in subdirectories python - Recherche Google - Google Chrome,Tâches diverses,2021-12-21,15:28:22,00:00:13
stefano.crapanzano@chu.ulg.ac.be,Python : How to get list of files in directory and sub directories – thisPointer - Google Chrome,Tâches diverses,2021-12-21,15:00:11,00:00:13
stefano.crapanzano@chu.ulg.ac.be,Python : How to get list of files in directory and sub directories – thisPointer - Google Chrome,Helpdesk général,2021-12-21,15:14:30,00:00:05
stefano.crapanzano@chu.ulg.ac.be,Python : How to get list of files in directory and sub directories – thisPointer - Google Chrome,Tâches diverses,2021-12-21,15:26:00,00:00:06
stefano.crapanzano@chu.ulg.ac.be,SAP HARPEGE - SDM Meeting Q4/2021 - Mozilla Thunderbird,Helpdesk général,2021-12-21,15:17:04,00:00:12
stefano.crapanzano@chu.ulg.ac.be,Ouverture -Outlook,Helpdesk général,2021-12-21,15:17:22,00:00:02
stefano.crapanzano@chu.ulg.ac.be,Boîte de Réception - Zimbra - Stefano Crapanzano - Outlook,Helpdesk général,2021-12-21,15:17:25,00:00:03
stefano.crapanzano@chu.ulg.ac.be,Boîte de Réception - Zimbra - Stefano Crapanzano - Outlook,Helpdesk général,2021-12-21,15:17:40,00:00:06
stefano.crapanzano@chu.ulg.ac.be,Boîte de Réception - Zimbra - Stefano Crapanzano - Outlook,Helpdesk général,2021-12-21,15:17:48,00:00:15
stefano.crapanzano@chu.ulg.ac.be,Boîte de Réception - Zimbra - Stefano Crapanzano - Outlook,Helpdesk général,2021-12-21,15:18:05,00:00:07
stefano.crapanzano@chu.ulg.ac.be,Boîte de Réception - Zimbra - Stefano Crapanzano - Outlook,Helpdesk général,2021-12-21,15:32:03,00:00:05
stefano.crapanzano@chu.ulg.ac.be,Boîte de Réception - Zimbra - Stefano Crapanzano - Outlook,Helpdesk général,2021-12-21,16:39:18,00:00:04
stefano.crapanzano@chu.ulg.ac.be,Boîte de Réception - Zimbra - Stefano Crapanzano - Outlook,Helpdesk général,2021-12-21,16:39:24,00:00:11
stefano.crapanzano@chu.ulg.ac.be,Zimbra État de l’opération Envoyer/Recevoir,Helpdesk général,2021-12-21,15:17:29,00:00:03
stefano.crapanzano@chu.ulg.ac.be,Boîte de réception - erp.sai@chuliege.be - Outlook,Helpdesk général,2021-12-21,15:17:34,00:00:05
stefano.crapanzano@chu.ulg.ac.be,python delete all empty subdirectory - Recherche Google - Google Chrome,Tâches diverses,2021-12-21,15:28:35,00:00:02
stefano.crapanzano@chu.ulg.ac.be,directory - Remove empty folders (Python) - Stack Overflow - Google Chrome,Tâches diverses,2021-12-21,15:28:38,00:01:00
stefano.crapanzano@chu.ulg.ac.be,directory - Remove empty folders (Python) - Stack Overflow - Google Chrome,Tâches diverses,2021-12-21,15:30:48,00:00:17
stefano.crapanzano@chu.ulg.ac.be,directory - Remove empty folders (Python) - Stack Overflow - Google Chrome,Tâches diverses,2021-12-21,15:38:50,00:01:31
stefano.crapanzano@chu.ulg.ac.be,directory - Remove empty folders (Python) - Stack Overflow - Google Chrome,Tâches diverses,2021-12-21,15:42:24,00:00:03
stefano.crapanzano@chu.ulg.ac.be,erpftp - Netop Remote Control,Helpdesk général,2021-12-21,15:59:39,00:00:11
stefano.crapanzano@chu.ulg.ac.be,erpftp - Netop Remote Control,Helpdesk général,2021-12-21,16:01:02,00:00:53
stefano.crapanzano@chu.ulg.ac.be,os.remove python access denied - Recherche Google - Google Chrome,Tâches diverses,2021-12-21,16:08:03,00:00:02
stefano.crapanzano@chu.ulg.ac.be,python - Can't remove a folder with os.remove (WindowsError: [Error 5] Access is denied: 'c:/temp/New Folder') - Stack Overflow - Google Chrome,Tâches diverses,2021-12-21,16:08:06,00:00:14
stefano.crapanzano@chu.ulg.ac.be,python - Can't remove a folder with os.remove (WindowsError: [Error 5] Access is denied: 'c:/temp/New Folder') - Stack Overflow - Google Chrome,Tâches diverses,2021-12-21,16:08:56,00:00:06
stefano.crapanzano@chu.ulg.ac.be,python - Can't remove a folder with os.remove (WindowsError: [Error 5] Access is denied: 'c:/temp/New Folder') - Stack Overflow - Google Chrome,Tâches diverses,2021-12-21,16:09:12,00:00:09
stefano.crapanzano@chu.ulg.ac.be,shutil.rmtree - Recherche Google - Google Chrome,Tâches diverses,2021-12-21,16:09:24,00:00:13
stefano.crapanzano@chu.ulg.ac.be,shutil.rmtree directory not empty - Recherche Google - Google Chrome,Tâches diverses,2021-12-21,16:09:37,00:00:05
stefano.crapanzano@chu.ulg.ac.be,shutil.rmtree directory empty - Recherche Google - Google Chrome,Tâches diverses,2021-12-21,16:09:43,00:00:06
stefano.crapanzano@chu.ulg.ac.be,Python : How to delete a directory recursively using shutil.rmtree() – thisPointer - Google Chrome,Tâches diverses,2021-12-21,16:09:49,00:00:05
stefano.crapanzano@chu.ulg.ac.be,os.rmdir python - Recherche Google - Google Chrome,Tâches diverses,2021-12-21,16:10:26,00:00:02
stefano.crapanzano@chu.ulg.ac.be,os.rmdir python - Recherche Google - Google Chrome,Tâches diverses,2021-12-21,16:11:00,00:00:06
stefano.crapanzano@chu.ulg.ac.be,Python | os.rmdir() method - GeeksforGeeks - Google Chrome,Tâches diverses,2021-12-21,16:10:29,00:00:31
stefano.crapanzano@chu.ulg.ac.be,python delete empty folders - Recherche Google - Google Chrome,Tâches diverses,2021-12-21,16:11:07,00:00:03
stefano.crapanzano@chu.ulg.ac.be,python delete empty folders - Recherche Google - Google Chrome,Tâches diverses,2021-12-21,16:15:55,00:00:04
stefano.crapanzano@chu.ulg.ac.be,python delete empty folders - Recherche Google - Google Chrome,Tâches diverses,2021-12-21,16:16:18,00:00:02
stefano.crapanzano@chu.ulg.ac.be,python remove empty folders Code Example - Google Chrome,Tâches diverses,2021-12-21,16:11:11,00:00:13
stefano.crapanzano@chu.ulg.ac.be,CHR_FRCHR - sftp://kofax@secure.chrcitadelle.be - FileZilla,Helpdesk général,2021-12-21,16:12:48,00:00:14
stefano.crapanzano@chu.ulg.ac.be,CHR_FRCHR - sftp://kofax@secure.chrcitadelle.be - FileZilla,Helpdesk général,2021-12-21,16:20:15,00:00:02
stefano.crapanzano@chu.ulg.ac.be,python - How to delete recursively empty folders in Python3? - Stack Overflow - Google Chrome,Tâches diverses,2021-12-21,16:15:59,00:00:18
stefano.crapanzano@chu.ulg.ac.be,Python: Remove empty folders recursively - Stack Overflow - Google Chrome,Tâches diverses,2021-12-21,16:16:21,00:00:14
stefano.crapanzano@chu.ulg.ac.be,Python | os.removedirs() method - GeeksforGeeks - Google Chrome,Tâches diverses,2021-12-21,16:16:37,00:00:31
stefano.crapanzano@chu.ulg.ac.be,Python | os.removedirs() method - GeeksforGeeks - Google Chrome,Tâches diverses,2021-12-21,16:39:53,00:00:04
stefano.crapanzano@chu.ulg.ac.be,Assistant Absence du bureau,Helpdesk général,2021-12-21,16:39:35,00:00:17
stefano.crapanzano@chu.ulg.ac.be,Janvier 2022 - Mozilla Thunderbird,Helpdesk général,2021-12-21,16:54:53,00:00:06
