Email,Description,Project,Start date,Start time,Duration
stefano.crapanzano@chu.ulg.ac.be,Administrateur : Perl (command line) - python  main.py,IT,2021-11-02,08:28:10,00:00:02
stefano.crapanzano@chu.ulg.ac.be,Identification - Google Chrome,Tâches diverses,2021-11-02,08:28:13,00:00:06
stefano.crapanzano@chu.ulg.ac.be,POST data - Google Chrome,Tâches diverses,2021-11-02,11:32:25,00:35:48
stefano.crapanzano@chu.ulg.ac.be,Service MT - Google Chrome,Tâches diverses,2021-11-02,08:28:21,00:00:35
stefano.crapanzano@chu.ulg.ac.be,Service MT - Google Chrome,Tâches diverses,2021-11-02,08:33:56,00:00:02
stefano.crapanzano@chu.ulg.ac.be,Service MT - Google Chrome,Tâches diverses,2021-11-02,08:51:34,00:00:47
stefano.crapanzano@chu.ulg.ac.be,Service MT - Google Chrome,Tâches diverses,2021-11-02,08:53:53,00:00:08
stefano.crapanzano@chu.ulg.ac.be,Service MT - Google Chrome,Tâches diverses,2021-11-02,08:54:02,00:00:05
stefano.crapanzano@chu.ulg.ac.be,Service MT - Google Chrome,Tâches diverses,2021-11-02,10:19:30,00:00:02
stefano.crapanzano@chu.ulg.ac.be,Navigation système de fichier,IT,2021-11-02,08:39:14,00:00:46
stefano.crapanzano@chu.ulg.ac.be,Navigation système de fichier,IT,2021-11-02,08:45:18,00:00:02
stefano.crapanzano@chu.ulg.ac.be,Navigation système de fichier,IT,2021-11-02,11:16:57,00:00:02
stefano.crapanzano@chu.ulg.ac.be,Navigation système de fichier,IT,2021-11-02,11:18:54,00:00:02
stefano.crapanzano@chu.ulg.ac.be,Navigation système de fichier,IT,2021-11-02,11:20:27,00:00:07
stefano.crapanzano@chu.ulg.ac.be,Navigation système de fichier,IT,2021-11-02,11:20:45,00:00:02
stefano.crapanzano@chu.ulg.ac.be,Navigation système de fichier,IT,2021-11-02,11:21:23,00:00:05
stefano.crapanzano@chu.ulg.ac.be,Navigation système de fichier,IT,2021-11-02,11:21:32,00:00:07
stefano.crapanzano@chu.ulg.ac.be,Navigation système de fichier,IT,2021-11-02,11:22:29,00:00:35
stefano.crapanzano@chu.ulg.ac.be,Navigation système de fichier,IT,2021-11-02,11:24:10,00:00:03
stefano.crapanzano@chu.ulg.ac.be,Navigation système de fichier,IT,2021-11-02,15:00:41,00:00:02
stefano.crapanzano@chu.ulg.ac.be,Navigation système de fichier,IT,2021-11-02,16:15:44,00:00:17
stefano.crapanzano@chu.ulg.ac.be,Navigation système de fichier,IT,2021-11-02,16:16:41,00:00:17
stefano.crapanzano@chu.ulg.ac.be,Navigation système de fichier,IT,2021-11-02,16:19:12,00:00:05
stefano.crapanzano@chu.ulg.ac.be,Navigation système de fichier,IT,2021-11-02,16:19:26,00:00:05
stefano.crapanzano@chu.ulg.ac.be,Navigation système de fichier,IT,2021-11-02,16:19:46,00:00:05
stefano.crapanzano@chu.ulg.ac.be,Navigation système de fichier,IT,2021-11-02,16:26:32,00:00:02
stefano.crapanzano@chu.ulg.ac.be,Navigation système de fichier,IT,2021-11-02,16:28:59,00:00:02
stefano.crapanzano@chu.ulg.ac.be,Navigation système de fichier,IT,2021-11-02,16:46:59,00:00:02
stefano.crapanzano@chu.ulg.ac.be,Navigation système de fichier,IT,2021-11-02,16:52:50,00:00:02
stefano.crapanzano@chu.ulg.ac.be,Courrier entrant - erp.sai@chuliege.be - Mozilla Thunderbird,Helpdesk général,2021-11-02,08:28:58,00:00:58
stefano.crapanzano@chu.ulg.ac.be,Courrier entrant - erp.sai@chuliege.be - Mozilla Thunderbird,Helpdesk général,2021-11-02,08:30:14,00:00:18
stefano.crapanzano@chu.ulg.ac.be,Courrier entrant - erp.sai@chuliege.be - Mozilla Thunderbird,Helpdesk général,2021-11-02,08:31:16,00:00:54
stefano.crapanzano@chu.ulg.ac.be,Courrier entrant - erp.sai@chuliege.be - Mozilla Thunderbird,Helpdesk général,2021-11-02,08:34:23,00:00:03
stefano.crapanzano@chu.ulg.ac.be,Courrier entrant - erp.sai@chuliege.be - Mozilla Thunderbird,Helpdesk général,2021-11-02,08:35:56,00:03:18
stefano.crapanzano@chu.ulg.ac.be,Courrier entrant - erp.sai@chuliege.be - Mozilla Thunderbird,Helpdesk général,2021-11-02,08:40:00,00:05:08
stefano.crapanzano@chu.ulg.ac.be,Courrier entrant - erp.sai@chuliege.be - Mozilla Thunderbird,Helpdesk général,2021-11-02,08:45:13,00:00:02
stefano.crapanzano@chu.ulg.ac.be,Courrier entrant - erp.sai@chuliege.be - Mozilla Thunderbird,Helpdesk général,2021-11-02,08:45:21,00:05:55
stefano.crapanzano@chu.ulg.ac.be,Courrier entrant - erp.sai@chuliege.be - Mozilla Thunderbird,Helpdesk général,2021-11-02,08:51:18,00:00:10
stefano.crapanzano@chu.ulg.ac.be,Courrier entrant - erp.sai@chuliege.be - Mozilla Thunderbird,Helpdesk général,2021-11-02,08:52:23,00:00:14
stefano.crapanzano@chu.ulg.ac.be,Courrier entrant - erp.sai@chuliege.be - Mozilla Thunderbird,Helpdesk général,2021-11-02,08:52:39,00:00:10
stefano.crapanzano@chu.ulg.ac.be,Courrier entrant - erp.sai@chuliege.be - Mozilla Thunderbird,Helpdesk général,2021-11-02,10:20:37,00:00:25
stefano.crapanzano@chu.ulg.ac.be,Courrier entrant - erp.sai@chuliege.be - Mozilla Thunderbird,Tâches diverses,2021-11-02,10:24:10,00:50:29
stefano.crapanzano@chu.ulg.ac.be,Courrier entrant - erp.sai@chuliege.be - Mozilla Thunderbird,Helpdesk général,2021-11-02,11:30:28,00:00:02
stefano.crapanzano@chu.ulg.ac.be,Courrier entrant - erp.sai@chuliege.be - Mozilla Thunderbird,Helpdesk général,2021-11-02,12:08:16,00:00:02
stefano.crapanzano@chu.ulg.ac.be,Courrier entrant - erp.sai@chuliege.be - Mozilla Thunderbird,Helpdesk général,2021-11-02,12:09:13,00:00:03
stefano.crapanzano@chu.ulg.ac.be,Courrier entrant - erp.sai@chuliege.be - Mozilla Thunderbird,Helpdesk général,2021-11-02,12:11:03,00:00:05
stefano.crapanzano@chu.ulg.ac.be,Courrier entrant - erp.sai@chuliege.be - Mozilla Thunderbird,Helpdesk général,2021-11-02,14:54:47,00:04:56
stefano.crapanzano@chu.ulg.ac.be,Courrier entrant - erp.sai@chuliege.be - Mozilla Thunderbird,Helpdesk général,2021-11-02,15:00:34,00:00:02
stefano.crapanzano@chu.ulg.ac.be,Courrier entrant - erp.sai@chuliege.be - Mozilla Thunderbird,Helpdesk général,2021-11-02,15:00:43,00:23:23
stefano.crapanzano@chu.ulg.ac.be,Courrier entrant - erp.sai@chuliege.be - Mozilla Thunderbird,Helpdesk général,2021-11-02,16:14:08,00:00:14
stefano.crapanzano@chu.ulg.ac.be,Courrier entrant - erp.sai@chuliege.be - Mozilla Thunderbird,Helpdesk général,2021-11-02,16:40:52,00:00:06
stefano.crapanzano@chu.ulg.ac.be,Courrier entrant - erp.sai@chuliege.be - Mozilla Thunderbird,Helpdesk général,2021-11-02,16:41:12,00:00:12
stefano.crapanzano@chu.ulg.ac.be,Courrier entrant - erp.sai@chuliege.be - Mozilla Thunderbird,Helpdesk général,2021-11-02,16:48:13,00:01:14
stefano.crapanzano@chu.ulg.ac.be,18959 - Mozilla Thunderbird,Helpdesk général,2021-11-02,08:29:56,00:00:18
stefano.crapanzano@chu.ulg.ac.be,18959 - Mozilla Thunderbird,Helpdesk général,2021-11-02,08:30:33,00:00:13
stefano.crapanzano@chu.ulg.ac.be,affichage pda des emplacements froids - Mozilla Thunderbird,Helpdesk général,2021-11-02,08:30:49,00:00:06
stefano.crapanzano@chu.ulg.ac.be,affichage pda des emplacements froids - Mozilla Thunderbird,Helpdesk général,2021-11-02,08:30:57,00:00:15
stefano.crapanzano@chu.ulg.ac.be,sderp-19042 - Mozilla Thunderbird,Helpdesk général,2021-11-02,08:32:11,00:00:16
stefano.crapanzano@chu.ulg.ac.be,sderp-19042 - Mozilla Thunderbird,Helpdesk général,2021-11-02,08:34:09,00:00:02
stefano.crapanzano@chu.ulg.ac.be,sderp-19042 - Mozilla Thunderbird,Helpdesk général,2021-11-02,08:34:19,00:00:03
stefano.crapanzano@chu.ulg.ac.be,UNILAB : Distribution articles périmés - Mozilla Thunderbird,Helpdesk général,2021-11-02,08:32:27,00:00:32
stefano.crapanzano@chu.ulg.ac.be,UNILAB : Distribution articles périmés - Mozilla Thunderbird,Helpdesk général,2021-11-02,08:34:00,00:00:09
stefano.crapanzano@chu.ulg.ac.be,UNILAB : Distribution articles périmés - Mozilla Thunderbird,Helpdesk général,2021-11-02,08:34:12,00:00:06
stefano.crapanzano@chu.ulg.ac.be,Rédaction : Re: UNILAB : Distribution articles périmés - Thunderbird,Helpdesk général,2021-11-02,08:32:59,00:00:05
stefano.crapanzano@chu.ulg.ac.be,Rédaction : Re: UNILAB : Distribution articles périmés - Thunderbird,Helpdesk général,2021-11-02,08:33:07,00:00:48
stefano.crapanzano@chu.ulg.ac.be,Log in - Service Desk - Google Chrome,Tâches diverses,2021-11-02,08:34:27,00:00:08
stefano.crapanzano@chu.ulg.ac.be,P203 CHU UNILAB : Distribution articles périmés - Xperthis ERP4HC 1.0 - Service d'assistance - Google Chrome,Tâches diverses,2021-11-02,08:34:35,00:01:19
stefano.crapanzano@chu.ulg.ac.be,P203 CHU UNILAB : Distribution articles périmés - Xperthis ERP4HC 1.0 - Service d'assistance - Google Chrome,Tâches diverses,2021-11-02,08:45:15,00:00:02
stefano.crapanzano@chu.ulg.ac.be,P203 CHU UNILAB : Distribution articles périmés - Xperthis ERP4HC 1.0 - Service d'assistance - Google Chrome,Tâches diverses,2021-11-02,08:51:28,00:00:05
stefano.crapanzano@chu.ulg.ac.be,Courrier entrant - stefano.crapanzano@chuliege.be - Mozilla Thunderbird,Helpdesk général,2021-11-02,08:45:09,00:00:04
stefano.crapanzano@chu.ulg.ac.be,Courrier entrant - stefano.crapanzano@chuliege.be - Mozilla Thunderbird,Helpdesk général,2021-11-02,08:52:49,00:01:03
stefano.crapanzano@chu.ulg.ac.be,Courrier entrant - stefano.crapanzano@chuliege.be - Mozilla Thunderbird,Helpdesk général,2021-11-02,10:20:33,00:00:04
stefano.crapanzano@chu.ulg.ac.be,Courrier entrant - stefano.crapanzano@chuliege.be - Mozilla Thunderbird,Helpdesk général,2021-11-02,11:30:23,00:00:05
stefano.crapanzano@chu.ulg.ac.be,Courrier entrant - stefano.crapanzano@chuliege.be - Mozilla Thunderbird,Helpdesk général,2021-11-02,12:08:19,00:00:04
stefano.crapanzano@chu.ulg.ac.be,Courrier entrant - stefano.crapanzano@chuliege.be - Mozilla Thunderbird,Helpdesk général,2021-11-02,14:54:44,00:00:02
stefano.crapanzano@chu.ulg.ac.be,Courrier entrant - stefano.crapanzano@chuliege.be - Mozilla Thunderbird,Helpdesk général,2021-11-02,14:59:43,00:00:04
stefano.crapanzano@chu.ulg.ac.be,Courrier entrant - stefano.crapanzano@chuliege.be - Mozilla Thunderbird,Helpdesk général,2021-11-02,16:14:23,00:01:11
stefano.crapanzano@chu.ulg.ac.be,Courrier entrant - stefano.crapanzano@chuliege.be - Mozilla Thunderbird,Helpdesk général,2021-11-02,16:19:17,00:00:08
stefano.crapanzano@chu.ulg.ac.be,Courrier entrant - stefano.crapanzano@chuliege.be - Mozilla Thunderbird,Tâches diverses,2021-11-02,16:40:30,00:00:21
stefano.crapanzano@chu.ulg.ac.be,Courrier entrant - stefano.crapanzano@chuliege.be - Mozilla Thunderbird,Helpdesk général,2021-11-02,16:41:24,00:00:09
stefano.crapanzano@chu.ulg.ac.be,Courrier entrant - stefano.crapanzano@chuliege.be - Mozilla Thunderbird,Helpdesk général,2021-11-02,16:48:06,00:00:06
stefano.crapanzano@chu.ulg.ac.be,Lecture documentation,Tâches diverses,2021-11-02,08:54:11,01:25:13
stefano.crapanzano@chu.ulg.ac.be,Lecture documentation,Tâches diverses,2021-11-02,10:19:25,00:00:05
stefano.crapanzano@chu.ulg.ac.be,Chargement photo d'un article sur SSP - Xperthis ERP4HC 2.0 Rollout - Service d'assistance - Google Chrome,Tâches diverses,2021-11-02,10:19:33,00:00:04
stefano.crapanzano@chu.ulg.ac.be,Demandes - Service d'assistance - Google Chrome,Tâches diverses,2021-11-02,10:19:37,00:00:54
stefano.crapanzano@chu.ulg.ac.be,Demandes - Service d'assistance - Google Chrome,Helpdesk général,2021-11-02,10:21:03,00:03:06
stefano.crapanzano@chu.ulg.ac.be,Demandes - Service d'assistance - Google Chrome,Tâches diverses,2021-11-02,11:30:35,00:01:30
stefano.crapanzano@chu.ulg.ac.be,Demandes - Service d'assistance - Google Chrome,Tâches diverses,2021-11-02,11:32:11,00:00:04
stefano.crapanzano@chu.ulg.ac.be,Envoyés - erp.sai@chuliege.be - Mozilla Thunderbird,Helpdesk général,2021-11-02,11:14:39,00:00:07
stefano.crapanzano@chu.ulg.ac.be,Envoyés - erp.sai@chuliege.be - Mozilla Thunderbird,Helpdesk général,2021-11-02,12:11:08,00:00:03
stefano.crapanzano@chu.ulg.ac.be,Envoyés - erp.sai@chuliege.be - Mozilla Thunderbird,Helpdesk général,2021-11-02,12:11:14,02:43:29
stefano.crapanzano@chu.ulg.ac.be,Envoyés - erp.sai@chuliege.be - Mozilla Thunderbird,Helpdesk général,2021-11-02,14:59:47,00:00:46
stefano.crapanzano@chu.ulg.ac.be,Envoyés - erp.sai@chuliege.be - Mozilla Thunderbird,Helpdesk général,2021-11-02,16:41:34,00:00:05
stefano.crapanzano@chu.ulg.ac.be,Stefano CRAPANZANO - erp.sai@chuliege.be - Mozilla Thunderbird,Helpdesk général,2021-11-02,11:14:47,00:00:02
stefano.crapanzano@chu.ulg.ac.be,Stefano CRAPANZANO - erp.sai@chuliege.be - Mozilla Thunderbird,Helpdesk général,2021-11-02,11:29:36,00:00:47
stefano.crapanzano@chu.ulg.ac.be,Erreur pharma - Mozilla Thunderbird,Helpdesk général,2021-11-02,11:14:51,00:00:04
stefano.crapanzano@chu.ulg.ac.be,Erreur pharma - Mozilla Thunderbird,Helpdesk général,2021-11-02,11:16:21,00:00:08
stefano.crapanzano@chu.ulg.ac.be,Erreur pharma - Mozilla Thunderbird,Helpdesk général,2021-11-02,11:20:40,00:00:05
stefano.crapanzano@chu.ulg.ac.be,Erreur pharma - Mozilla Thunderbird,Tâches diverses,2021-11-02,11:20:49,00:00:02
stefano.crapanzano@chu.ulg.ac.be,Erreur pharma - Mozilla Thunderbird,Helpdesk général,2021-11-02,11:24:36,00:00:04
stefano.crapanzano@chu.ulg.ac.be,Erreur pharma - Mozilla Thunderbird,Helpdesk général,2021-11-02,11:25:07,00:04:24
stefano.crapanzano@chu.ulg.ac.be,Erreur pharma - Mozilla Thunderbird,Helpdesk général,2021-11-02,11:29:33,00:00:02
stefano.crapanzano@chu.ulg.ac.be,Greenshot capture form,Helpdesk général,2021-11-02,11:14:56,00:00:09
stefano.crapanzano@chu.ulg.ac.be,Greenshot capture form,Helpdesk général,2021-11-02,11:16:29,00:00:11
stefano.crapanzano@chu.ulg.ac.be,Greenshot capture form,Tâches diverses,2021-11-02,16:26:14,00:00:10
stefano.crapanzano@chu.ulg.ac.be,Greenshot capture form,Helpdesk général,2021-11-02,16:37:39,00:00:10
stefano.crapanzano@chu.ulg.ac.be,Nouvel onglet - Google Chrome,Tâches diverses,2021-11-02,11:15:23,00:00:04
stefano.crapanzano@chu.ulg.ac.be,Nouvel onglet - Google Chrome,Tâches diverses,2021-11-02,16:17:26,00:00:02
stefano.crapanzano@chu.ulg.ac.be,Nouvel onglet - Google Chrome,Tâches diverses,2021-11-02,16:58:26,00:00:02
stefano.crapanzano@chu.ulg.ac.be,Nouvel onglet - Google Chrome,Tâches diverses,2021-11-02,16:58:52,00:00:06
stefano.crapanzano@chu.ulg.ac.be,OCR gratuit en ligne - convertir PDF en Word ou Image en texte - Google Chrome,Tâches diverses,2021-11-02,11:15:27,00:00:02
stefano.crapanzano@chu.ulg.ac.be,OCR gratuit en ligne - convertir PDF en Word ou Image en texte - Google Chrome,Tâches diverses,2021-11-02,11:16:03,00:00:05
stefano.crapanzano@chu.ulg.ac.be,Ouvrir,Tâches diverses,2021-11-02,11:15:30,00:00:05
stefano.crapanzano@chu.ulg.ac.be,Ouvrir,Tâches diverses,2021-11-02,11:15:38,00:00:02
stefano.crapanzano@chu.ulg.ac.be,Ouvrir,Tâches diverses,2021-11-02,11:15:48,00:00:05
stefano.crapanzano@chu.ulg.ac.be,Ouvrir,Tâches diverses,2021-11-02,11:17:00,00:00:02
stefano.crapanzano@chu.ulg.ac.be,Gratuit en Ligne OCR - convertir PDF numérisé et images dans Word  JPEG vers Word - Google Chrome,Tâches diverses,2021-11-02,11:16:09,00:00:06
stefano.crapanzano@chu.ulg.ac.be,Gratuit en Ligne OCR - convertir PDF numérisé et images dans Word  JPEG vers Word - Google Chrome,Tâches diverses,2021-11-02,11:17:02,00:00:06
stefano.crapanzano@chu.ulg.ac.be,Gratuit en Ligne OCR - convertir PDF numérisé et images dans Word  JPEG vers Word - Google Chrome,Tâches diverses,2021-11-02,11:30:31,00:00:03
stefano.crapanzano@chu.ulg.ac.be,*new 3 - Notepad++ [Administrator],IT,2021-11-02,11:16:16,00:00:02
stefano.crapanzano@chu.ulg.ac.be,*new 3 - Notepad++ [Administrator],IT,2021-11-02,11:17:10,00:00:06
stefano.crapanzano@chu.ulg.ac.be,*new 3 - Notepad++ [Administrator],IT,2021-11-02,11:17:21,00:01:32
stefano.crapanzano@chu.ulg.ac.be,*new 3 - Notepad++ [Administrator],IT,2021-11-02,11:18:57,00:01:12
stefano.crapanzano@chu.ulg.ac.be,*new 3 - Notepad++ [Administrator],IT,2021-11-02,11:20:12,00:00:14
stefano.crapanzano@chu.ulg.ac.be,*new 3 - Notepad++ [Administrator],IT,2021-11-02,11:23:05,00:00:17
stefano.crapanzano@chu.ulg.ac.be,*new 3 - Notepad++ [Administrator],IT,2021-11-02,11:23:26,00:00:02
stefano.crapanzano@chu.ulg.ac.be,*new 3 - Notepad++ [Administrator],IT,2021-11-02,11:23:37,00:00:02
stefano.crapanzano@chu.ulg.ac.be,*new 3 - Notepad++ [Administrator],IT,2021-11-02,11:23:42,00:00:05
stefano.crapanzano@chu.ulg.ac.be,*new 3 - Notepad++ [Administrator],IT,2021-11-02,11:23:52,00:00:02
stefano.crapanzano@chu.ulg.ac.be,Rechercher,IT,2021-11-02,11:20:09,00:00:02
stefano.crapanzano@chu.ulg.ac.be,Rechercher,IT,2021-11-02,11:23:22,00:00:04
stefano.crapanzano@chu.ulg.ac.be,Rechercher,IT,2021-11-02,11:23:30,00:00:06
stefano.crapanzano@chu.ulg.ac.be,Rechercher,IT,2021-11-02,11:23:40,00:00:02
stefano.crapanzano@chu.ulg.ac.be,Rechercher,IT,2021-11-02,11:23:48,00:00:04
stefano.crapanzano@chu.ulg.ac.be,PE2_203 - sftp://PE2U2FTP@153.89.110.38 - FileZilla,Helpdesk général,2021-11-02,11:24:17,00:00:17
stefano.crapanzano@chu.ulg.ac.be,Rédaction : Re: Erreur pharma - Thunderbird,Helpdesk général,2021-11-02,11:24:40,00:00:24
stefano.crapanzano@chu.ulg.ac.be,P203 PE2 Demande de création d'un matricule H en PE2 - Xperthis ERP4HC 1.0 - Service d'assistance - Google Chrome,Tâches diverses,2021-11-02,11:32:05,00:00:05
stefano.crapanzano@chu.ulg.ac.be,C3_VALIDATION DONNEES_ME2K_FILTRES sous forme de code - Xperthis ERP4HC 2.0 Rollout - Service d'assistance - Google Chrome,Tâches diverses,2021-11-02,11:32:15,00:00:10
stefano.crapanzano@chu.ulg.ac.be,Créer une nouvelle connexion kardex [DokuWiki ERP] - Google Chrome,Tâches diverses,2021-11-02,12:08:24,00:00:02
stefano.crapanzano@chu.ulg.ac.be,Intrastat - Google Chrome,Tâches diverses,2021-11-02,12:08:32,00:00:39
stefano.crapanzano@chu.ulg.ac.be,Intrastat - Google Chrome,Tâches diverses,2021-11-02,12:10:48,00:00:13
stefano.crapanzano@chu.ulg.ac.be,Intrastat - Google Chrome,Tâches diverses,2021-11-02,15:00:37,00:00:02
stefano.crapanzano@chu.ulg.ac.be,cas.uliege.be - Google Chrome,Tâches diverses,2021-11-02,12:08:28,00:00:02
stefano.crapanzano@chu.ulg.ac.be,Rédaction : (pas de sujet) - Thunderbird,Helpdesk général,2021-11-02,12:09:17,00:00:05
stefano.crapanzano@chu.ulg.ac.be,Rédaction : Intrastat 09/2021 - Thunderbird,Helpdesk général,2021-11-02,12:09:26,00:01:18
stefano.crapanzano@chu.ulg.ac.be,Confirmer,Helpdesk général,2021-11-02,15:24:06,00:50:01
stefano.crapanzano@chu.ulg.ac.be,Rédaction : Re: PYTHON - Thunderbird,Helpdesk général,2021-11-02,16:15:34,00:00:09
stefano.crapanzano@chu.ulg.ac.be,Rédaction : Re: PYTHON - Thunderbird,Helpdesk général,2021-11-02,16:19:31,00:00:14
stefano.crapanzano@chu.ulg.ac.be,Rédaction : Re: PYTHON - Thunderbird,Helpdesk général,2021-11-02,16:21:12,00:00:12
stefano.crapanzano@chu.ulg.ac.be,Rédaction : Re: PYTHON - Thunderbird,Helpdesk général,2021-11-02,16:21:37,00:00:09
stefano.crapanzano@chu.ulg.ac.be,Rédaction : Re: PYTHON - Thunderbird,Helpdesk général,2021-11-02,16:21:48,00:00:08
stefano.crapanzano@chu.ulg.ac.be,Rédaction : Re: PYTHON - Thunderbird,Helpdesk général,2021-11-02,16:23:08,00:00:20
stefano.crapanzano@chu.ulg.ac.be,Rédaction : Re: PYTHON - Thunderbird,Helpdesk général,2021-11-02,16:23:39,00:00:46
stefano.crapanzano@chu.ulg.ac.be,Rédaction : Re: PYTHON - Thunderbird,Helpdesk général,2021-11-02,16:24:38,00:00:02
stefano.crapanzano@chu.ulg.ac.be,Rédaction : Re: PYTHON - Thunderbird,Helpdesk général,2021-11-02,16:24:49,00:00:05
stefano.crapanzano@chu.ulg.ac.be,Rédaction : Re: PYTHON - Thunderbird,Helpdesk général,2021-11-02,16:24:56,00:00:32
stefano.crapanzano@chu.ulg.ac.be,Rédaction : Re: PYTHON - Thunderbird,Helpdesk général,2021-11-02,16:26:47,00:00:18
stefano.crapanzano@chu.ulg.ac.be,Rédaction : Re: PYTHON - Thunderbird,Helpdesk général,2021-11-02,16:27:14,00:01:44
stefano.crapanzano@chu.ulg.ac.be,Rédaction : Re: PYTHON - Thunderbird,Helpdesk général,2021-11-02,16:30:34,00:00:46
stefano.crapanzano@chu.ulg.ac.be,Rédaction : Re: PYTHON - Thunderbird,Helpdesk général,2021-11-02,16:31:35,00:00:47
stefano.crapanzano@chu.ulg.ac.be,Rédaction : Re: PYTHON - Thunderbird,Helpdesk général,2021-11-02,16:32:39,00:00:55
stefano.crapanzano@chu.ulg.ac.be,Rédaction : Re: PYTHON - Thunderbird,Helpdesk général,2021-11-02,16:33:35,00:01:31
stefano.crapanzano@chu.ulg.ac.be,Rédaction : Re: PYTHON - Thunderbird,Helpdesk général,2021-11-02,16:35:25,00:01:27
stefano.crapanzano@chu.ulg.ac.be,Rédaction : Re: PYTHON - Thunderbird,Helpdesk général,2021-11-02,16:38:23,00:00:05
stefano.crapanzano@chu.ulg.ac.be,Rédaction : Re: PYTHON - Thunderbird,Helpdesk général,2021-11-02,16:38:31,00:00:09
stefano.crapanzano@chu.ulg.ac.be,Rédaction : Re: PYTHON - Thunderbird,Helpdesk général,2021-11-02,16:38:46,00:01:33
stefano.crapanzano@chu.ulg.ac.be,Programmation,IT,2021-11-02,16:16:01,00:00:39
stefano.crapanzano@chu.ulg.ac.be,Programmation,IT,2021-11-02,16:18:57,00:00:14
stefano.crapanzano@chu.ulg.ac.be,Programmation,IT,2021-11-02,16:21:25,00:00:10
stefano.crapanzano@chu.ulg.ac.be,Programmation,IT,2021-11-02,16:21:57,00:01:09
stefano.crapanzano@chu.ulg.ac.be,Programmation,IT,2021-11-02,16:23:30,00:00:07
stefano.crapanzano@chu.ulg.ac.be,Programmation,IT,2021-11-02,16:24:25,00:00:12
stefano.crapanzano@chu.ulg.ac.be,Programmation,IT,2021-11-02,16:24:42,00:00:02
stefano.crapanzano@chu.ulg.ac.be,Programmation,IT,2021-11-02,16:29:01,00:01:31
stefano.crapanzano@chu.ulg.ac.be,Programmation,IT,2021-11-02,16:44:49,00:01:26
stefano.crapanzano@chu.ulg.ac.be,Programmation,IT,2021-11-02,16:46:17,00:00:04
stefano.crapanzano@chu.ulg.ac.be,Programmation,IT,2021-11-02,16:46:23,00:00:36
stefano.crapanzano@chu.ulg.ac.be,Programmation,IT,2021-11-02,16:47:06,00:00:18
stefano.crapanzano@chu.ulg.ac.be,Programmation,IT,2021-11-02,16:52:53,00:05:31
stefano.crapanzano@chu.ulg.ac.be,Administrateur : C:\Windows\system32\cmd.exe,IT,2021-11-02,16:16:59,00:00:02
stefano.crapanzano@chu.ulg.ac.be,Administrateur : C:\Windows\system32\cmd.exe,IT,2021-11-02,16:17:11,00:00:13
stefano.crapanzano@chu.ulg.ac.be,Administrateur : C:\Windows\system32\cmd.exe,IT,2021-11-02,16:18:04,00:00:08
stefano.crapanzano@chu.ulg.ac.be,Administrateur : C:\Windows\system32\cmd.exe - python  -v,IT,2021-11-02,16:17:01,00:00:09
stefano.crapanzano@chu.ulg.ac.be,python - Recherche Google - Google Chrome,Tâches diverses,2021-11-02,16:17:28,00:00:02
stefano.crapanzano@chu.ulg.ac.be,Welcome to Python.org - Google Chrome,Tâches diverses,2021-11-02,16:17:31,00:00:19
stefano.crapanzano@chu.ulg.ac.be,Welcome to Python.org - Google Chrome,Tâches diverses,2021-11-02,16:31:26,00:00:05
stefano.crapanzano@chu.ulg.ac.be,Download Python | Python.org - Google Chrome,Tâches diverses,2021-11-02,16:17:50,00:00:13
stefano.crapanzano@chu.ulg.ac.be,Download Python | Python.org - Google Chrome,Tâches diverses,2021-11-02,16:19:51,00:00:42
stefano.crapanzano@chu.ulg.ac.be,Download Python | Python.org - Google Chrome,Tâches diverses,2021-11-02,16:25:34,00:00:39
stefano.crapanzano@chu.ulg.ac.be,Download Python | Python.org - Google Chrome,Tâches diverses,2021-11-02,16:27:07,00:00:05
stefano.crapanzano@chu.ulg.ac.be,Download Python | Python.org - Google Chrome,Tâches diverses,2021-11-02,16:31:22,00:00:04
stefano.crapanzano@chu.ulg.ac.be,Download Python | Python.org - Google Chrome,Tâches diverses,2021-11-02,16:31:31,00:00:02
stefano.crapanzano@chu.ulg.ac.be,Download Python | Python.org - Google Chrome,Tâches diverses,2021-11-02,16:32:23,00:00:09
stefano.crapanzano@chu.ulg.ac.be,Netop Invité,Helpdesk général,2021-11-02,16:18:12,00:00:04
stefano.crapanzano@chu.ulg.ac.be,Connexion à l'aide de l'authentification Windows,Helpdesk général,2021-11-02,16:18:16,00:00:04
stefano.crapanzano@chu.ulg.ac.be,erpftp - Netop Remote Control,Helpdesk général,2021-11-02,16:18:20,00:00:35
stefano.crapanzano@chu.ulg.ac.be,PEP 619 -- Python 3.10 Release Schedule | Python.org - Google Chrome,Tâches diverses,2021-11-02,16:20:33,00:00:36
stefano.crapanzano@chu.ulg.ac.be,PEP 619 -- Python 3.10 Release Schedule | Python.org - Google Chrome,Tâches diverses,2021-11-02,16:25:28,00:00:05
stefano.crapanzano@chu.ulg.ac.be,Greenshot Éditeur d'Image,Helpdesk général,2021-11-02,16:26:35,00:00:10
stefano.crapanzano@chu.ulg.ac.be,Python Releases for Windows | Python.org - Google Chrome,Tâches diverses,2021-11-02,16:32:32,00:00:05
stefano.crapanzano@chu.ulg.ac.be,pycharm - Recherche Google - Google Chrome,Tâches diverses,2021-11-02,16:35:10,00:00:04
stefano.crapanzano@chu.ulg.ac.be,PyCharm : l'IDE Python pour développeurs professionnels par JetBrains - Google Chrome,Tâches diverses,2021-11-02,16:35:14,00:00:09
stefano.crapanzano@chu.ulg.ac.be,PyCharm : l'IDE Python pour développeurs professionnels par JetBrains - Google Chrome,Tâches diverses,2021-11-02,16:36:54,00:00:30
stefano.crapanzano@chu.ulg.ac.be,Fonctionnalités - PyCharm - Google Chrome,Tâches diverses,2021-11-02,16:37:25,00:00:13
stefano.crapanzano@chu.ulg.ac.be,Fonctionnalités - PyCharm - Google Chrome,Helpdesk général,2021-11-02,16:37:49,00:00:11
stefano.crapanzano@chu.ulg.ac.be,Développement web full-stack - Fonctionnalités | PyCharm - Google Chrome,Tâches diverses,2021-11-02,16:38:00,00:00:21
stefano.crapanzano@chu.ulg.ac.be,Développement web full-stack - Fonctionnalités | PyCharm - Google Chrome,Tâches diverses,2021-11-02,16:38:44,00:00:02
stefano.crapanzano@chu.ulg.ac.be,Développement web full-stack - Fonctionnalités | PyCharm - Google Chrome,Tâches diverses,2021-11-02,16:40:22,00:00:07
stefano.crapanzano@chu.ulg.ac.be,Développement web full-stack - Fonctionnalités | PyCharm - Google Chrome,Tâches diverses,2021-11-02,16:47:02,00:00:02
stefano.crapanzano@chu.ulg.ac.be,Développement web full-stack - Fonctionnalités | PyCharm - Google Chrome,Tâches diverses,2021-11-02,16:47:26,00:00:35
stefano.crapanzano@chu.ulg.ac.be,https://par0105wi.xperthis.be:8443/sap(bD1mciZjPTIwMyZkPW1pbg==)/bc/bsp/sap/zmwi/main.do - Google Chrome,Tâches diverses,2021-11-02,16:41:03,00:00:08
stefano.crapanzano@chu.ulg.ac.be,Envoyés - stefano.crapanzano@chuliege.be - Mozilla Thunderbird,Helpdesk général,2021-11-02,16:41:39,00:03:08
stefano.crapanzano@chu.ulg.ac.be,Envoyés - stefano.crapanzano@chuliege.be - Mozilla Thunderbird,Helpdesk général,2021-11-02,16:48:02,00:00:02
stefano.crapanzano@chu.ulg.ac.be,Envoyés - stefano.crapanzano@chuliege.be - Mozilla Thunderbird,Helpdesk général,2021-11-02,16:49:28,00:03:22
stefano.crapanzano@chu.ulg.ac.be,svn checkout - Recherche Google - Google Chrome,Tâches diverses,2021-11-02,16:58:29,00:00:04
stefano.crapanzano@chu.ulg.ac.be,SVN - Checkout Process - Google Chrome,Tâches diverses,2021-11-02,16:58:33,00:00:19
stefano.crapanzano@chu.ulg.ac.be,svn checkout directory only - Recherche Google - Google Chrome,Tâches diverses,2021-11-02,16:58:59,00:00:02
stefano.crapanzano@chu.ulg.ac.be,svn - Can you do a partial checkout with Subversion? - Stack Overflow - Google Chrome,Tâches diverses,2021-11-02,16:59:02,00:00:36
