Email,Description,Project,Start date,Start time,Duration
stefano.crapanzano@chu.ulg.ac.be,Navigation système de fichier,IT,2021-11-03,08:35:44,00:00:02
stefano.crapanzano@chu.ulg.ac.be,Navigation système de fichier,IT,2021-11-03,09:09:28,00:00:06
stefano.crapanzano@chu.ulg.ac.be,Navigation système de fichier,IT,2021-11-03,09:13:07,00:00:02
stefano.crapanzano@chu.ulg.ac.be,Navigation système de fichier,IT,2021-11-03,09:21:21,00:00:09
stefano.crapanzano@chu.ulg.ac.be,Navigation système de fichier,IT,2021-11-03,09:23:05,00:00:26
stefano.crapanzano@chu.ulg.ac.be,Navigation système de fichier,IT,2021-11-03,09:24:22,00:00:39
stefano.crapanzano@chu.ulg.ac.be,Navigation système de fichier,IT,2021-11-03,09:45:37,00:00:03
stefano.crapanzano@chu.ulg.ac.be,Navigation système de fichier,IT,2021-11-03,09:50:18,00:00:07
stefano.crapanzano@chu.ulg.ac.be,Navigation système de fichier,IT,2021-11-03,09:50:28,00:00:09
stefano.crapanzano@chu.ulg.ac.be,Navigation système de fichier,IT,2021-11-03,10:27:03,00:00:11
stefano.crapanzano@chu.ulg.ac.be,Navigation système de fichier,IT,2021-11-03,10:27:58,00:00:02
stefano.crapanzano@chu.ulg.ac.be,Navigation système de fichier,IT,2021-11-03,10:29:14,00:00:47
stefano.crapanzano@chu.ulg.ac.be,Navigation système de fichier,IT,2021-11-03,10:30:22,00:00:35
stefano.crapanzano@chu.ulg.ac.be,Navigation système de fichier,IT,2021-11-03,10:32:27,00:00:14
stefano.crapanzano@chu.ulg.ac.be,Navigation système de fichier,IT,2021-11-03,10:32:44,00:00:03
stefano.crapanzano@chu.ulg.ac.be,Navigation système de fichier,IT,2021-11-03,10:34:11,00:00:05
stefano.crapanzano@chu.ulg.ac.be,Navigation système de fichier,IT,2021-11-03,10:36:16,00:00:17
stefano.crapanzano@chu.ulg.ac.be,Navigation système de fichier,IT,2021-11-03,10:36:48,00:00:24
stefano.crapanzano@chu.ulg.ac.be,Navigation système de fichier,IT,2021-11-03,10:37:17,00:00:55
stefano.crapanzano@chu.ulg.ac.be,Navigation système de fichier,IT,2021-11-03,10:38:37,00:15:05
stefano.crapanzano@chu.ulg.ac.be,Navigation système de fichier,IT,2021-11-03,10:54:02,00:00:58
stefano.crapanzano@chu.ulg.ac.be,Navigation système de fichier,IT,2021-11-03,10:55:28,00:00:06
stefano.crapanzano@chu.ulg.ac.be,Navigation système de fichier,IT,2021-11-03,10:55:58,00:01:01
stefano.crapanzano@chu.ulg.ac.be,Navigation système de fichier,IT,2021-11-03,10:57:17,00:00:06
stefano.crapanzano@chu.ulg.ac.be,Navigation système de fichier,IT,2021-11-03,10:57:31,00:00:05
stefano.crapanzano@chu.ulg.ac.be,Navigation système de fichier,IT,2021-11-03,10:57:55,00:00:09
stefano.crapanzano@chu.ulg.ac.be,Navigation système de fichier,IT,2021-11-03,11:03:44,00:00:02
stefano.crapanzano@chu.ulg.ac.be,Navigation système de fichier,IT,2021-11-03,11:22:22,00:00:02
stefano.crapanzano@chu.ulg.ac.be,Navigation système de fichier,IT,2021-11-03,11:29:11,00:00:12
stefano.crapanzano@chu.ulg.ac.be,Navigation système de fichier,IT,2021-11-03,11:32:46,00:00:02
stefano.crapanzano@chu.ulg.ac.be,Navigation système de fichier,IT,2021-11-03,11:36:00,00:00:02
stefano.crapanzano@chu.ulg.ac.be,Navigation système de fichier,IT,2021-11-03,11:37:46,00:00:02
stefano.crapanzano@chu.ulg.ac.be,Navigation système de fichier,IT,2021-11-03,11:37:59,00:00:07
stefano.crapanzano@chu.ulg.ac.be,Navigation système de fichier,IT,2021-11-03,11:38:36,00:00:02
stefano.crapanzano@chu.ulg.ac.be,Navigation système de fichier,IT,2021-11-03,11:38:41,00:00:03
stefano.crapanzano@chu.ulg.ac.be,Navigation système de fichier,IT,2021-11-03,11:39:09,00:00:03
stefano.crapanzano@chu.ulg.ac.be,Navigation système de fichier,IT,2021-11-03,11:39:52,00:00:02
stefano.crapanzano@chu.ulg.ac.be,Navigation système de fichier,IT,2021-11-03,11:40:23,00:00:02
stefano.crapanzano@chu.ulg.ac.be,Navigation système de fichier,IT,2021-11-03,11:40:30,00:00:07
stefano.crapanzano@chu.ulg.ac.be,Navigation système de fichier,IT,2021-11-03,11:45:31,00:00:02
stefano.crapanzano@chu.ulg.ac.be,Navigation système de fichier,IT,2021-11-03,11:46:30,00:00:09
stefano.crapanzano@chu.ulg.ac.be,Navigation système de fichier,IT,2021-11-03,11:46:49,00:00:09
stefano.crapanzano@chu.ulg.ac.be,Navigation système de fichier,IT,2021-11-03,11:54:24,00:00:22
stefano.crapanzano@chu.ulg.ac.be,Navigation système de fichier,IT,2021-11-03,11:55:37,00:00:09
stefano.crapanzano@chu.ulg.ac.be,Navigation système de fichier,IT,2021-11-03,12:02:28,00:00:02
stefano.crapanzano@chu.ulg.ac.be,Navigation système de fichier,IT,2021-11-03,12:03:27,00:00:02
stefano.crapanzano@chu.ulg.ac.be,Navigation système de fichier,IT,2021-11-03,12:06:48,00:00:03
stefano.crapanzano@chu.ulg.ac.be,Navigation système de fichier,IT,2021-11-03,12:18:52,00:00:02
stefano.crapanzano@chu.ulg.ac.be,Navigation système de fichier,IT,2021-11-03,12:25:26,00:00:11
stefano.crapanzano@chu.ulg.ac.be,Navigation système de fichier,IT,2021-11-03,12:30:25,00:00:11
stefano.crapanzano@chu.ulg.ac.be,Navigation système de fichier,IT,2021-11-03,12:30:38,00:00:04
stefano.crapanzano@chu.ulg.ac.be,Navigation système de fichier,IT,2021-11-03,12:30:45,00:00:02
stefano.crapanzano@chu.ulg.ac.be,Navigation système de fichier,IT,2021-11-03,12:31:07,00:00:05
stefano.crapanzano@chu.ulg.ac.be,Navigation système de fichier,IT,2021-11-03,12:31:15,00:00:16
stefano.crapanzano@chu.ulg.ac.be,Courrier entrant - erp.sai@chuliege.be - Mozilla Thunderbird,Helpdesk général,2021-11-03,08:29:05,00:05:37
stefano.crapanzano@chu.ulg.ac.be,Courrier entrant - erp.sai@chuliege.be - Mozilla Thunderbird,Helpdesk général,2021-11-03,08:34:56,00:00:02
stefano.crapanzano@chu.ulg.ac.be,Courrier entrant - erp.sai@chuliege.be - Mozilla Thunderbird,Helpdesk général,2021-11-03,08:35:02,00:00:42
stefano.crapanzano@chu.ulg.ac.be,Courrier entrant - erp.sai@chuliege.be - Mozilla Thunderbird,Helpdesk général,2021-11-03,08:36:11,00:00:02
stefano.crapanzano@chu.ulg.ac.be,Courrier entrant - erp.sai@chuliege.be - Mozilla Thunderbird,Helpdesk général,2021-11-03,08:50:17,00:05:19
stefano.crapanzano@chu.ulg.ac.be,Courrier entrant - erp.sai@chuliege.be - Mozilla Thunderbird,Helpdesk général,2021-11-03,09:01:27,00:00:02
stefano.crapanzano@chu.ulg.ac.be,Courrier entrant - erp.sai@chuliege.be - Mozilla Thunderbird,Helpdesk général,2021-11-03,09:19:17,00:00:29
stefano.crapanzano@chu.ulg.ac.be,Courrier entrant - erp.sai@chuliege.be - Mozilla Thunderbird,IT,2021-11-03,09:21:52,00:01:13
stefano.crapanzano@chu.ulg.ac.be,Courrier entrant - erp.sai@chuliege.be - Mozilla Thunderbird,Helpdesk général,2021-11-03,09:25:52,00:00:02
stefano.crapanzano@chu.ulg.ac.be,Courrier entrant - erp.sai@chuliege.be - Mozilla Thunderbird,Helpdesk général,2021-11-03,09:49:19,00:00:58
stefano.crapanzano@chu.ulg.ac.be,Courrier entrant - erp.sai@chuliege.be - Mozilla Thunderbird,Helpdesk général,2021-11-03,09:57:06,00:00:10
stefano.crapanzano@chu.ulg.ac.be,Courrier entrant - erp.sai@chuliege.be - Mozilla Thunderbird,Helpdesk général,2021-11-03,09:57:30,00:00:08
stefano.crapanzano@chu.ulg.ac.be,Courrier entrant - erp.sai@chuliege.be - Mozilla Thunderbird,Helpdesk général,2021-11-03,09:58:22,00:00:02
stefano.crapanzano@chu.ulg.ac.be,Courrier entrant - erp.sai@chuliege.be - Mozilla Thunderbird,Helpdesk général,2021-11-03,09:58:26,00:00:02
stefano.crapanzano@chu.ulg.ac.be,Courrier entrant - erp.sai@chuliege.be - Mozilla Thunderbird,Helpdesk général,2021-11-03,09:58:30,00:00:10
stefano.crapanzano@chu.ulg.ac.be,Courrier entrant - erp.sai@chuliege.be - Mozilla Thunderbird,Helpdesk général,2021-11-03,09:58:57,00:00:06
stefano.crapanzano@chu.ulg.ac.be,Courrier entrant - erp.sai@chuliege.be - Mozilla Thunderbird,Helpdesk général,2021-11-03,10:28:37,00:00:37
stefano.crapanzano@chu.ulg.ac.be,Courrier entrant - erp.sai@chuliege.be - Mozilla Thunderbird,Helpdesk général,2021-11-03,10:30:01,00:00:20
stefano.crapanzano@chu.ulg.ac.be,Courrier entrant - erp.sai@chuliege.be - Mozilla Thunderbird,Helpdesk général,2021-11-03,10:32:08,00:00:17
stefano.crapanzano@chu.ulg.ac.be,Courrier entrant - erp.sai@chuliege.be - Mozilla Thunderbird,Helpdesk général,2021-11-03,10:32:41,00:00:02
stefano.crapanzano@chu.ulg.ac.be,Courrier entrant - erp.sai@chuliege.be - Mozilla Thunderbird,Helpdesk général,2021-11-03,10:33:08,00:00:10
stefano.crapanzano@chu.ulg.ac.be,Courrier entrant - erp.sai@chuliege.be - Mozilla Thunderbird,Helpdesk général,2021-11-03,10:34:00,00:00:10
stefano.crapanzano@chu.ulg.ac.be,Courrier entrant - erp.sai@chuliege.be - Mozilla Thunderbird,Helpdesk général,2021-11-03,10:34:16,00:00:39
stefano.crapanzano@chu.ulg.ac.be,Courrier entrant - erp.sai@chuliege.be - Mozilla Thunderbird,Helpdesk général,2021-11-03,10:35:57,00:00:19
stefano.crapanzano@chu.ulg.ac.be,Courrier entrant - erp.sai@chuliege.be - Mozilla Thunderbird,Helpdesk général,2021-11-03,10:37:12,00:00:05
stefano.crapanzano@chu.ulg.ac.be,Courrier entrant - erp.sai@chuliege.be - Mozilla Thunderbird,Helpdesk général,2021-11-03,10:55:05,00:00:02
stefano.crapanzano@chu.ulg.ac.be,Courrier entrant - erp.sai@chuliege.be - Mozilla Thunderbird,Helpdesk général,2021-11-03,10:58:10,00:00:04
stefano.crapanzano@chu.ulg.ac.be,Courrier entrant - erp.sai@chuliege.be - Mozilla Thunderbird,Helpdesk général,2021-11-03,11:02:32,00:01:12
stefano.crapanzano@chu.ulg.ac.be,Courrier entrant - erp.sai@chuliege.be - Mozilla Thunderbird,Helpdesk général,2021-11-03,11:37:37,00:00:08
stefano.crapanzano@chu.ulg.ac.be,Courrier entrant - erp.sai@chuliege.be - Mozilla Thunderbird,Helpdesk général,2021-11-03,11:39:55,00:00:02
stefano.crapanzano@chu.ulg.ac.be,Courrier entrant - erp.sai@chuliege.be - Mozilla Thunderbird,Helpdesk général,2021-11-03,11:40:44,00:00:12
stefano.crapanzano@chu.ulg.ac.be,Courrier entrant - erp.sai@chuliege.be - Mozilla Thunderbird,Helpdesk général,2021-11-03,11:41:06,00:00:02
stefano.crapanzano@chu.ulg.ac.be,Courrier entrant - erp.sai@chuliege.be - Mozilla Thunderbird,Helpdesk général,2021-11-03,11:41:11,00:00:02
stefano.crapanzano@chu.ulg.ac.be,Courrier entrant - erp.sai@chuliege.be - Mozilla Thunderbird,Helpdesk général,2021-11-03,11:47:47,00:00:02
stefano.crapanzano@chu.ulg.ac.be,Courrier entrant - erp.sai@chuliege.be - Mozilla Thunderbird,Helpdesk général,2021-11-03,11:55:35,00:00:02
stefano.crapanzano@chu.ulg.ac.be,Courrier entrant - erp.sai@chuliege.be - Mozilla Thunderbird,Helpdesk général,2021-11-03,11:59:46,00:02:24
stefano.crapanzano@chu.ulg.ac.be,Courrier entrant - erp.sai@chuliege.be - Mozilla Thunderbird,Helpdesk général,2021-11-03,12:19:11,00:00:06
stefano.crapanzano@chu.ulg.ac.be,Courrier entrant - erp.sai@chuliege.be - Mozilla Thunderbird,Helpdesk général,2021-11-03,12:19:19,00:00:05
stefano.crapanzano@chu.ulg.ac.be,Courrier entrant - erp.sai@chuliege.be - Mozilla Thunderbird,Helpdesk général,2021-11-03,12:20:26,00:00:17
stefano.crapanzano@chu.ulg.ac.be,Courrier entrant - erp.sai@chuliege.be - Mozilla Thunderbird,Helpdesk général,2021-11-03,12:22:55,00:01:08
stefano.crapanzano@chu.ulg.ac.be,Courrier entrant - erp.sai@chuliege.be - Mozilla Thunderbird,Helpdesk général,2021-11-03,12:25:40,00:01:12
stefano.crapanzano@chu.ulg.ac.be,Courrier entrant - erp.sai@chuliege.be - Mozilla Thunderbird,Helpdesk général,2021-11-03,12:27:23,00:00:13
stefano.crapanzano@chu.ulg.ac.be,Courrier entrant - erp.sai@chuliege.be - Mozilla Thunderbird,Tâches diverses,2021-11-03,12:27:41,00:00:06
stefano.crapanzano@chu.ulg.ac.be,Courrier entrant - erp.sai@chuliege.be - Mozilla Thunderbird,Helpdesk général,2021-11-03,12:28:12,00:00:34
stefano.crapanzano@chu.ulg.ac.be,Courrier entrant - stefano.crapanzano@chuliege.be - Mozilla Thunderbird,Helpdesk général,2021-11-03,08:29:02,00:00:02
stefano.crapanzano@chu.ulg.ac.be,Courrier entrant - stefano.crapanzano@chuliege.be - Mozilla Thunderbird,Helpdesk général,2021-11-03,08:34:59,00:00:02
stefano.crapanzano@chu.ulg.ac.be,Courrier entrant - stefano.crapanzano@chuliege.be - Mozilla Thunderbird,Helpdesk général,2021-11-03,08:55:37,00:00:40
stefano.crapanzano@chu.ulg.ac.be,Courrier entrant - stefano.crapanzano@chuliege.be - Mozilla Thunderbird,Helpdesk général,2021-11-03,09:01:24,00:00:02
stefano.crapanzano@chu.ulg.ac.be,Courrier entrant - stefano.crapanzano@chuliege.be - Mozilla Thunderbird,Helpdesk général,2021-11-03,09:02:29,00:00:13
stefano.crapanzano@chu.ulg.ac.be,Courrier entrant - stefano.crapanzano@chuliege.be - Mozilla Thunderbird,Helpdesk général,2021-11-03,09:04:43,00:01:01
stefano.crapanzano@chu.ulg.ac.be,Courrier entrant - stefano.crapanzano@chuliege.be - Mozilla Thunderbird,Helpdesk général,2021-11-03,09:07:29,00:00:27
stefano.crapanzano@chu.ulg.ac.be,Courrier entrant - stefano.crapanzano@chuliege.be - Mozilla Thunderbird,Helpdesk général,2021-11-03,09:09:05,00:00:10
stefano.crapanzano@chu.ulg.ac.be,Courrier entrant - stefano.crapanzano@chuliege.be - Mozilla Thunderbird,Helpdesk général,2021-11-03,09:09:35,00:00:02
stefano.crapanzano@chu.ulg.ac.be,Courrier entrant - stefano.crapanzano@chuliege.be - Mozilla Thunderbird,Helpdesk général,2021-11-03,09:13:31,00:00:13
stefano.crapanzano@chu.ulg.ac.be,Courrier entrant - stefano.crapanzano@chuliege.be - Mozilla Thunderbird,Helpdesk général,2021-11-03,09:39:44,00:00:35
stefano.crapanzano@chu.ulg.ac.be,Courrier entrant - stefano.crapanzano@chuliege.be - Mozilla Thunderbird,Helpdesk général,2021-11-03,09:40:50,00:00:02
stefano.crapanzano@chu.ulg.ac.be,Courrier entrant - stefano.crapanzano@chuliege.be - Mozilla Thunderbird,Helpdesk général,2021-11-03,09:44:33,00:00:08
stefano.crapanzano@chu.ulg.ac.be,Courrier entrant - stefano.crapanzano@chuliege.be - Mozilla Thunderbird,Helpdesk général,2021-11-03,09:52:13,00:00:14
stefano.crapanzano@chu.ulg.ac.be,Courrier entrant - stefano.crapanzano@chuliege.be - Mozilla Thunderbird,Helpdesk général,2021-11-03,09:57:16,00:00:13
stefano.crapanzano@chu.ulg.ac.be,Courrier entrant - stefano.crapanzano@chuliege.be - Mozilla Thunderbird,Helpdesk général,2021-11-03,10:10:21,00:00:05
stefano.crapanzano@chu.ulg.ac.be,Courrier entrant - stefano.crapanzano@chuliege.be - Mozilla Thunderbird,Helpdesk général,2021-11-03,10:28:01,00:00:36
stefano.crapanzano@chu.ulg.ac.be,Courrier entrant - stefano.crapanzano@chuliege.be - Mozilla Thunderbird,Helpdesk général,2021-11-03,10:55:08,00:00:02
stefano.crapanzano@chu.ulg.ac.be,Courrier entrant - stefano.crapanzano@chuliege.be - Mozilla Thunderbird,Helpdesk général,2021-11-03,10:59:12,00:00:13
stefano.crapanzano@chu.ulg.ac.be,Erreur HTTP 500.0 - Internet Information Services | Microsoft Docs - Google Chrome,Tâches diverses,2021-11-03,08:34:43,00:00:12
stefano.crapanzano@chu.ulg.ac.be,Erreur HTTP 500.0 - Internet Information Services | Microsoft Docs - Google Chrome,Helpdesk général,2021-11-03,08:36:15,00:00:02
stefano.crapanzano@chu.ulg.ac.be,Rédaction : Re: Accès au SVN - Thunderbird,Helpdesk général,2021-11-03,08:35:46,00:00:20
stefano.crapanzano@chu.ulg.ac.be,Envoi du message - Re: Accès au SVN,Helpdesk général,2021-11-03,08:36:08,00:00:02
stefano.crapanzano@chu.ulg.ac.be,Lecture documentation,Tâches diverses,2021-11-03,08:36:18,00:02:24
stefano.crapanzano@chu.ulg.ac.be,Lecture documentation,Tâches diverses,2021-11-03,08:38:43,00:05:21
stefano.crapanzano@chu.ulg.ac.be,Lecture documentation,Tâches diverses,2021-11-03,08:44:06,00:05:15
stefano.crapanzano@chu.ulg.ac.be,Lecture documentation,Tâches diverses,2021-11-03,08:49:34,00:00:43
stefano.crapanzano@chu.ulg.ac.be,Lecture documentation,Tâches diverses,2021-11-03,09:30:37,00:01:10
stefano.crapanzano@chu.ulg.ac.be,Lecture documentation,Tâches diverses,2021-11-03,09:44:48,00:00:49
stefano.crapanzano@chu.ulg.ac.be,Lecture documentation,Tâches diverses,2021-11-03,09:45:52,00:03:27
stefano.crapanzano@chu.ulg.ac.be,Lecture documentation,Tâches diverses,2021-11-03,10:10:41,00:04:38
stefano.crapanzano@chu.ulg.ac.be,Lecture documentation,Tâches diverses,2021-11-03,10:16:12,00:01:03
stefano.crapanzano@chu.ulg.ac.be,Lecture documentation,Tâches diverses,2021-11-03,10:19:49,00:07:13
stefano.crapanzano@chu.ulg.ac.be,Lecture documentation,Tâches diverses,2021-11-03,10:59:50,00:02:40
stefano.crapanzano@chu.ulg.ac.be,Lecture documentation,Tâches diverses,2021-11-03,11:03:47,00:02:24
stefano.crapanzano@chu.ulg.ac.be,Lecture documentation,Tâches diverses,2021-11-03,11:06:16,00:01:00
stefano.crapanzano@chu.ulg.ac.be,Lecture documentation,Tâches diverses,2021-11-03,11:07:18,00:05:46
stefano.crapanzano@chu.ulg.ac.be,Lecture documentation,Tâches diverses,2021-11-03,11:13:10,00:00:41
stefano.crapanzano@chu.ulg.ac.be,Lecture documentation,Tâches diverses,2021-11-03,11:13:54,00:01:08
stefano.crapanzano@chu.ulg.ac.be,Lecture documentation,Tâches diverses,2021-11-03,11:42:44,00:00:06
stefano.crapanzano@chu.ulg.ac.be,Lecture documentation,Tâches diverses,2021-11-03,11:46:26,00:00:02
stefano.crapanzano@chu.ulg.ac.be,Lecture documentation,Tâches diverses,2021-11-03,11:48:35,00:05:42
stefano.crapanzano@chu.ulg.ac.be,Lecture documentation,Tâches diverses,2021-11-03,11:54:21,00:00:02
stefano.crapanzano@chu.ulg.ac.be,Netop Invité,Helpdesk général,2021-11-03,08:49:21,00:00:12
stefano.crapanzano@chu.ulg.ac.be,Netop Invité,Helpdesk général,2021-11-03,09:01:29,00:00:06
stefano.crapanzano@chu.ulg.ac.be,Netop Invité,Tâches diverses,2021-11-03,09:37:20,00:00:25
stefano.crapanzano@chu.ulg.ac.be,Netop Invité,Helpdesk général,2021-11-03,09:39:33,00:00:04
stefano.crapanzano@chu.ulg.ac.be,Netop Invité,IT,2021-11-03,10:01:32,00:00:06
stefano.crapanzano@chu.ulg.ac.be,Netop Invité,Helpdesk général,2021-11-03,10:33:20,00:00:04
stefano.crapanzano@chu.ulg.ac.be,Rédaction : Re: HELP - Thunderbird,Helpdesk général,2021-11-03,08:56:18,00:01:48
stefano.crapanzano@chu.ulg.ac.be,Rédaction : Re: HELP - Thunderbird,Helpdesk général,2021-11-03,08:58:38,00:02:41
stefano.crapanzano@chu.ulg.ac.be,Rédaction : Re: HELP - Thunderbird,Helpdesk général,2021-11-03,09:40:20,00:00:28
stefano.crapanzano@chu.ulg.ac.be,Nouvel onglet - Google Chrome,Tâches diverses,2021-11-03,08:58:08,00:00:04
stefano.crapanzano@chu.ulg.ac.be,Nouvel onglet - Google Chrome,Tâches diverses,2021-11-03,09:31:50,00:00:02
stefano.crapanzano@chu.ulg.ac.be,Nouvel onglet - Google Chrome,Tâches diverses,2021-11-03,09:37:46,00:00:04
stefano.crapanzano@chu.ulg.ac.be,Nouvel onglet - Google Chrome,Tâches diverses,2021-11-03,09:54:47,00:00:15
stefano.crapanzano@chu.ulg.ac.be,Nouvel onglet - Google Chrome,Tâches diverses,2021-11-03,10:15:21,00:00:11
stefano.crapanzano@chu.ulg.ac.be,Identification - Google Chrome,Tâches diverses,2021-11-03,08:58:14,00:00:05
stefano.crapanzano@chu.ulg.ac.be,CHU de Liège - Intranet - Google Chrome,Tâches diverses,2021-11-03,08:58:21,00:00:05
stefano.crapanzano@chu.ulg.ac.be,Architecture Technique et Infrastructure (ATI) - Google Chrome,Tâches diverses,2021-11-03,08:58:28,00:00:09
stefano.crapanzano@chu.ulg.ac.be,Architecture Technique et Infrastructure (ATI) - Google Chrome,Tâches diverses,2021-11-03,09:21:14,00:00:06
stefano.crapanzano@chu.ulg.ac.be,Architecture Technique et Infrastructure (ATI) - Google Chrome,Tâches diverses,2021-11-03,09:31:47,00:00:02
stefano.crapanzano@chu.ulg.ac.be,Connexion à l'aide de l'authentification Windows,Helpdesk général,2021-11-03,09:01:37,00:00:02
stefano.crapanzano@chu.ulg.ac.be,Connexion à l'aide de l'authentification Windows,Helpdesk général,2021-11-03,09:38:02,00:00:02
stefano.crapanzano@chu.ulg.ac.be,Connexion à l'aide de l'authentification Windows,Helpdesk général,2021-11-03,10:01:39,00:00:02
stefano.crapanzano@chu.ulg.ac.be,Connexion à l'aide de l'authentification Windows,Helpdesk général,2021-11-03,10:33:24,00:00:02
stefano.crapanzano@chu.ulg.ac.be,si-s-serv503 - Netop Remote Control,Helpdesk général,2021-11-03,09:01:41,00:00:47
stefano.crapanzano@chu.ulg.ac.be,si-s-serv503 - Netop Remote Control,Helpdesk général,2021-11-03,09:02:42,00:02:00
stefano.crapanzano@chu.ulg.ac.be,si-s-serv503 - Netop Remote Control,Helpdesk général,2021-11-03,09:05:46,00:01:30
stefano.crapanzano@chu.ulg.ac.be,si-s-serv503 - Netop Remote Control,Helpdesk général,2021-11-03,09:08:06,00:00:59
stefano.crapanzano@chu.ulg.ac.be,si-s-serv503 - Netop Remote Control,Helpdesk général,2021-11-03,09:09:16,00:00:12
stefano.crapanzano@chu.ulg.ac.be,si-s-serv503 - Netop Remote Control,Helpdesk général,2021-11-03,09:09:46,00:00:03
stefano.crapanzano@chu.ulg.ac.be,si-s-serv503 - Netop Remote Control,Helpdesk général,2021-11-03,09:14:32,00:00:38
stefano.crapanzano@chu.ulg.ac.be,si-s-serv503 - Netop Remote Control,Helpdesk général,2021-11-03,09:20:14,00:00:59
stefano.crapanzano@chu.ulg.ac.be,si-s-serv503 - Netop Remote Control,Helpdesk général,2021-11-03,09:25:54,00:00:22
stefano.crapanzano@chu.ulg.ac.be,si-s-serv503 - Netop Remote Control,Helpdesk général,2021-11-03,09:30:24,00:00:12
stefano.crapanzano@chu.ulg.ac.be,si-s-serv503 - Netop Remote Control,Helpdesk général,2021-11-03,09:40:54,00:00:19
stefano.crapanzano@chu.ulg.ac.be,si-s-serv503 - Netop Remote Control,Helpdesk général,2021-11-03,09:50:37,00:00:08
stefano.crapanzano@chu.ulg.ac.be,si-s-serv503 - Netop Remote Control,Helpdesk général,2021-11-03,09:59:41,00:00:23
stefano.crapanzano@chu.ulg.ac.be,si-s-serv503 - Netop Remote Control,Helpdesk général,2021-11-03,10:33:29,00:00:28
stefano.crapanzano@chu.ulg.ac.be,si-s-serv503 - Netop Remote Control,Helpdesk général,2021-11-03,10:38:13,00:00:24
stefano.crapanzano@chu.ulg.ac.be,si-s-serv503 - Netop Remote Control,Helpdesk général,2021-11-03,10:53:43,00:00:19
stefano.crapanzano@chu.ulg.ac.be,si-s-serv503 - Netop Remote Control,Helpdesk général,2021-11-03,10:55:01,00:00:04
stefano.crapanzano@chu.ulg.ac.be,si-s-serv503 - Netop Remote Control,Helpdesk général,2021-11-03,10:58:04,00:00:04
stefano.crapanzano@chu.ulg.ac.be,si-s-serv503 - Netop Remote Control,Helpdesk général,2021-11-03,10:59:25,00:00:04
stefano.crapanzano@chu.ulg.ac.be,si-s-serv503 - Netop Remote Control,Helpdesk général,2021-11-03,11:37:49,00:00:10
stefano.crapanzano@chu.ulg.ac.be,si-s-serv503 - Netop Remote Control,Helpdesk général,2021-11-03,11:38:54,00:00:03
stefano.crapanzano@chu.ulg.ac.be,si-s-serv503 - Netop Remote Control,Helpdesk général,2021-11-03,11:46:39,00:00:09
stefano.crapanzano@chu.ulg.ac.be,si-s-serv503 - Netop Remote Control,Helpdesk général,2021-11-03,11:46:58,00:00:46
stefano.crapanzano@chu.ulg.ac.be,si-s-serv503 - Netop Remote Control,Helpdesk général,2021-11-03,11:54:47,00:00:05
stefano.crapanzano@chu.ulg.ac.be,Greenshot capture form,Helpdesk général,2021-11-03,09:07:17,00:00:10
stefano.crapanzano@chu.ulg.ac.be,Greenshot capture form,Helpdesk général,2021-11-03,09:09:51,00:00:05
stefano.crapanzano@chu.ulg.ac.be,Greenshot capture form,Helpdesk général,2021-11-03,09:23:32,00:00:05
stefano.crapanzano@chu.ulg.ac.be,Greenshot capture form,Helpdesk général,2021-11-03,10:03:00,00:00:05
stefano.crapanzano@chu.ulg.ac.be,Greenshot capture form,Helpdesk général,2021-11-03,10:04:48,00:00:05
stefano.crapanzano@chu.ulg.ac.be,Greenshot capture form,Helpdesk général,2021-11-03,10:05:30,00:00:05
stefano.crapanzano@chu.ulg.ac.be,Greenshot capture form,Helpdesk général,2021-11-03,11:19:21,00:00:04
stefano.crapanzano@chu.ulg.ac.be,Greenshot capture form,Helpdesk général,2021-11-03,11:19:27,00:00:07
stefano.crapanzano@chu.ulg.ac.be,Greenshot capture form,Helpdesk général,2021-11-03,11:23:26,00:00:03
stefano.crapanzano@chu.ulg.ac.be,Rédaction : Fwd: Urgent Problèmes Kofax - Thunderbird,Helpdesk général,2021-11-03,09:07:58,00:00:04
stefano.crapanzano@chu.ulg.ac.be,Envoi du message - Fwd: Urgent Problèmes Kofax,Helpdesk général,2021-11-03,09:08:03,00:00:02
stefano.crapanzano@chu.ulg.ac.be,Rédaction : Re: Urgent Problèmes Kofax - Thunderbird,Helpdesk général,2021-11-03,09:09:39,00:00:06
stefano.crapanzano@chu.ulg.ac.be,Rédaction : Re: Urgent Problèmes Kofax - Thunderbird,Helpdesk général,2021-11-03,09:09:58,00:02:26
stefano.crapanzano@chu.ulg.ac.be,Rédaction : Re: Urgent Problèmes Kofax - Thunderbird,Helpdesk général,2021-11-03,09:13:09,00:00:21
stefano.crapanzano@chu.ulg.ac.be,Rédaction : Re: Urgent Problèmes Kofax - Thunderbird,Helpdesk général,2021-11-03,09:13:45,00:00:46
stefano.crapanzano@chu.ulg.ac.be,Rédaction : Re: Urgent Problèmes Kofax - Thunderbird,Helpdesk général,2021-11-03,09:15:10,00:03:14
stefano.crapanzano@chu.ulg.ac.be,Rédaction : Re: Urgent Problèmes Kofax - Thunderbird,Helpdesk général,2021-11-03,09:18:37,00:00:37
stefano.crapanzano@chu.ulg.ac.be,Rédaction : Re: Urgent Problèmes Kofax - Thunderbird,Helpdesk général,2021-11-03,09:19:50,00:00:19
stefano.crapanzano@chu.ulg.ac.be,PE2_203 - sftp://PE2U2FTP@153.89.110.38 - FileZilla,Helpdesk général,2021-11-03,09:12:25,00:00:02
stefano.crapanzano@chu.ulg.ac.be,PE2_203 - sftp://PE2U2FTP@153.89.110.38 - FileZilla,Helpdesk général,2021-11-03,11:15:43,00:00:40
stefano.crapanzano@chu.ulg.ac.be,PE2_203 - sftp://PE2U2FTP@153.89.110.38 - FileZilla,Helpdesk général,2021-11-03,11:16:36,00:00:19
stefano.crapanzano@chu.ulg.ac.be,PE2_203 - sftp://PE2U2FTP@153.89.110.38 - FileZilla,Helpdesk général,2021-11-03,11:17:00,00:00:04
stefano.crapanzano@chu.ulg.ac.be,PE2_203 - sftp://PE2U2FTP@153.89.110.38 - FileZilla,Helpdesk général,2021-11-03,11:19:14,00:00:05
stefano.crapanzano@chu.ulg.ac.be,PE2_203 - sftp://PE2U2FTP@153.89.110.38 - FileZilla,Helpdesk général,2021-11-03,11:21:35,00:00:23
stefano.crapanzano@chu.ulg.ac.be,PE2_203 - sftp://PE2U2FTP@153.89.110.38 - FileZilla,Helpdesk général,2021-11-03,11:23:52,00:00:04
stefano.crapanzano@chu.ulg.ac.be,PE2_203 - sftp://PE2U2FTP@153.89.110.38 - FileZilla,Helpdesk général,2021-11-03,11:24:20,00:00:34
stefano.crapanzano@chu.ulg.ac.be,PE2_203 - sftp://PE2U2FTP@153.89.110.38 - FileZilla,Helpdesk général,2021-11-03,11:24:57,00:00:08
stefano.crapanzano@chu.ulg.ac.be,PE2_203 - sftp://PE2U2FTP@153.89.110.38 - FileZilla,Helpdesk général,2021-11-03,11:25:50,00:00:05
stefano.crapanzano@chu.ulg.ac.be,PE2_203 - sftp://PE2U2FTP@153.89.110.38 - FileZilla,Helpdesk général,2021-11-03,11:26:03,00:00:12
stefano.crapanzano@chu.ulg.ac.be,PE2_203 - sftp://PE2U2FTP@153.89.110.38 - FileZilla,Helpdesk général,2021-11-03,11:26:29,00:00:02
stefano.crapanzano@chu.ulg.ac.be,PE2_203 - sftp://PE2U2FTP@153.89.110.38 - FileZilla,Helpdesk général,2021-11-03,11:27:03,00:00:08
stefano.crapanzano@chu.ulg.ac.be,PE2_203 - sftp://PE2U2FTP@153.89.110.38 - FileZilla,Helpdesk général,2021-11-03,11:27:39,00:00:05
stefano.crapanzano@chu.ulg.ac.be,PE2_203 - sftp://PE2U2FTP@153.89.110.38 - FileZilla,Helpdesk général,2021-11-03,11:28:27,00:00:06
stefano.crapanzano@chu.ulg.ac.be,PE2_203 - sftp://PE2U2FTP@153.89.110.38 - FileZilla,Helpdesk général,2021-11-03,11:28:57,00:00:13
stefano.crapanzano@chu.ulg.ac.be,PE2_203 - sftp://PE2U2FTP@153.89.110.38 - FileZilla,Helpdesk général,2021-11-03,11:32:32,00:00:04
stefano.crapanzano@chu.ulg.ac.be,PE2_203 - sftp://PE2U2FTP@153.89.110.38 - FileZilla,Helpdesk général,2021-11-03,11:36:07,00:00:19
stefano.crapanzano@chu.ulg.ac.be,PE2_203 - sftp://PE2U2FTP@153.89.110.38 - FileZilla,Helpdesk général,2021-11-03,11:36:31,00:00:09
stefano.crapanzano@chu.ulg.ac.be,PE2_203 - sftp://PE2U2FTP@153.89.110.38 - FileZilla,Helpdesk général,2021-11-03,11:36:50,00:00:05
stefano.crapanzano@chu.ulg.ac.be,PE2_203 - sftp://PE2U2FTP@153.89.110.38 - FileZilla,Helpdesk général,2021-11-03,11:41:42,00:00:06
stefano.crapanzano@chu.ulg.ac.be,PE2_203 - sftp://PE2U2FTP@153.89.110.38 - FileZilla,Helpdesk général,2021-11-03,11:42:02,00:00:30
stefano.crapanzano@chu.ulg.ac.be,Gestionnaire de Sites,Helpdesk général,2021-11-03,09:12:29,00:00:02
stefano.crapanzano@chu.ulg.ac.be,Gestionnaire de Sites,Helpdesk général,2021-11-03,09:12:39,00:00:04
stefano.crapanzano@chu.ulg.ac.be,Gestionnaire de Sites,Helpdesk général,2021-11-03,09:12:59,00:00:02
stefano.crapanzano@chu.ulg.ac.be,Gestionnaire de Sites,Helpdesk général,2021-11-03,10:31:08,00:00:12
stefano.crapanzano@chu.ulg.ac.be,CHR_FRCHR - sftp://kofax@secure.chrcitadelle.be - FileZilla,Helpdesk général,2021-11-03,09:12:33,00:00:05
stefano.crapanzano@chu.ulg.ac.be,Certificat inconnu,Helpdesk général,2021-11-03,09:12:45,00:00:09
stefano.crapanzano@chu.ulg.ac.be,Iepacs_CHR_2 - kofaxchr2@iepacs.chu.ulg.ac.be - FileZilla,Helpdesk général,2021-11-03,09:12:54,00:00:04
stefano.crapanzano@chu.ulg.ac.be,Iepacs_CHR - kofaxchr@iepacs.chu.ulg.ac.be - FileZilla,Helpdesk général,2021-11-03,09:13:01,00:00:04
stefano.crapanzano@chu.ulg.ac.be,Envoi du message - Re: Urgent Problèmes Kofax,Helpdesk général,2021-11-03,09:20:10,00:00:02
stefano.crapanzano@chu.ulg.ac.be,Administrateur : C:\Windows\system32\cmd.exe,IT,2021-11-03,09:21:30,00:00:04
stefano.crapanzano@chu.ulg.ac.be,Administrateur : C:\Windows\system32\cmd.exe,IT,2021-11-03,09:21:35,00:00:16
stefano.crapanzano@chu.ulg.ac.be,Administrateur : C:\Windows\system32\cmd.exe,Tâches diverses,2021-11-03,09:51:04,00:00:12
stefano.crapanzano@chu.ulg.ac.be,Administrateur : C:\Windows\system32\cmd.exe,IT,2021-11-03,09:51:22,00:00:17
stefano.crapanzano@chu.ulg.ac.be,Administrateur : C:\Windows\system32\cmd.exe,IT,2021-11-03,09:51:44,00:00:19
stefano.crapanzano@chu.ulg.ac.be,Administrateur : C:\Windows\system32\cmd.exe,IT,2021-11-03,09:52:08,00:00:05
stefano.crapanzano@chu.ulg.ac.be,Administrateur : C:\Windows\system32\cmd.exe,Tâches diverses,2021-11-03,09:59:06,00:00:23
stefano.crapanzano@chu.ulg.ac.be,Administrateur : C:\Windows\system32\cmd.exe,IT,2021-11-03,09:59:33,00:00:06
stefano.crapanzano@chu.ulg.ac.be,Administrateur : C:\Windows\system32\cmd.exe,IT,2021-11-03,10:00:05,00:00:09
stefano.crapanzano@chu.ulg.ac.be,Administrateur : C:\Windows\system32\cmd.exe,IT,2021-11-03,10:00:19,00:00:08
stefano.crapanzano@chu.ulg.ac.be,Administrateur : C:\Windows\system32\cmd.exe,IT,2021-11-03,10:00:31,00:00:04
stefano.crapanzano@chu.ulg.ac.be,Administrateur : C:\Windows\system32\cmd.exe,IT,2021-11-03,10:00:59,00:00:12
stefano.crapanzano@chu.ulg.ac.be,Administrateur : C:\Windows\system32\cmd.exe,IT,2021-11-03,10:01:26,00:00:06
stefano.crapanzano@chu.ulg.ac.be,Administrateur : C:\Windows\system32\cmd.exe,IT,2021-11-03,10:02:57,00:00:02
stefano.crapanzano@chu.ulg.ac.be,Rédaction : Re: TR: [CHL_ERP_FTP_TO_FTP] <ERREUR> Sauvegarde d'un fichier non transmis - Thunderbird,Helpdesk général,2021-11-03,09:23:40,00:00:42
stefano.crapanzano@chu.ulg.ac.be,Rédaction : Re: TR: [CHL_ERP_FTP_TO_FTP] <ERREUR> Sauvegarde d'un fichier non transmis - Thunderbird,Helpdesk général,2021-11-03,09:25:01,00:00:38
stefano.crapanzano@chu.ulg.ac.be,Rédaction : Re: TR: [CHL_ERP_FTP_TO_FTP] <ERREUR> Sauvegarde d'un fichier non transmis - Thunderbird,Helpdesk général,2021-11-03,09:25:42,00:00:08
stefano.crapanzano@chu.ulg.ac.be,Rédaction : Re: TR: [CHL_ERP_FTP_TO_FTP] <ERREUR> Sauvegarde d'un fichier non transmis - Thunderbird,Helpdesk général,2021-11-03,09:26:19,00:04:02
stefano.crapanzano@chu.ulg.ac.be,SAM-DB - Google Chrome,Tâches diverses,2021-11-03,09:31:53,00:00:09
stefano.crapanzano@chu.ulg.ac.be,SAM-DB - Google Chrome,Tâches diverses,2021-11-03,09:32:17,00:00:38
stefano.crapanzano@chu.ulg.ac.be,SAM-DB - Google Chrome,Tâches diverses,2021-11-03,09:33:20,00:00:40
stefano.crapanzano@chu.ulg.ac.be,SAM-DB - Google Chrome,Tâches diverses,2021-11-03,09:34:33,00:00:11
stefano.crapanzano@chu.ulg.ac.be,SAM-DB - Google Chrome,Tâches diverses,2021-11-03,09:34:53,00:00:06
stefano.crapanzano@chu.ulg.ac.be,SAM-DB - Google Chrome,Tâches diverses,2021-11-03,09:35:07,00:00:08
stefano.crapanzano@chu.ulg.ac.be,SAM-DB - Google Chrome,Tâches diverses,2021-11-03,09:35:23,00:00:10
stefano.crapanzano@chu.ulg.ac.be,SAM-DB - Google Chrome,Tâches diverses,2021-11-03,09:36:19,00:00:12
stefano.crapanzano@chu.ulg.ac.be,SAM-DB - Google Chrome,Tâches diverses,2021-11-03,09:36:52,00:00:09
stefano.crapanzano@chu.ulg.ac.be,SAM-DB - Google Chrome,Tâches diverses,2021-11-03,09:37:04,00:00:15
stefano.crapanzano@chu.ulg.ac.be,SAM-DB - Google Chrome,Tâches diverses,2021-11-03,09:41:15,00:00:05
stefano.crapanzano@chu.ulg.ac.be,SAM-DB - Google Chrome,Tâches diverses,2021-11-03,09:41:31,00:00:02
stefano.crapanzano@chu.ulg.ac.be,SAM-DB - Google Chrome,Tâches diverses,2021-11-03,09:41:40,00:00:02
stefano.crapanzano@chu.ulg.ac.be,SAM-DB - Google Chrome,Tâches diverses,2021-11-03,09:42:07,00:00:11
stefano.crapanzano@chu.ulg.ac.be,SAM-DB - Google Chrome,Tâches diverses,2021-11-03,09:42:24,00:00:02
stefano.crapanzano@chu.ulg.ac.be,SAM-DB - Google Chrome,Tâches diverses,2021-11-03,09:42:38,00:00:08
stefano.crapanzano@chu.ulg.ac.be,SAM-DB - Google Chrome,Tâches diverses,2021-11-03,09:43:53,00:00:04
stefano.crapanzano@chu.ulg.ac.be,SAM-DB - Google Chrome,Tâches diverses,2021-11-03,09:44:07,00:00:24
stefano.crapanzano@chu.ulg.ac.be,SAM-DB - Google Chrome,Helpdesk général,2021-11-03,09:44:41,00:00:06
stefano.crapanzano@chu.ulg.ac.be,SAM-DB - Google Chrome,Tâches diverses,2021-11-03,09:50:45,00:00:19
stefano.crapanzano@chu.ulg.ac.be,SAM-DB - Google Chrome,Tâches diverses,2021-11-03,09:56:08,00:00:06
stefano.crapanzano@chu.ulg.ac.be,SAM-DB - Google Chrome,Tâches diverses,2021-11-03,10:03:12,00:01:31
stefano.crapanzano@chu.ulg.ac.be,SAM-DB - Google Chrome,Helpdesk général,2021-11-03,10:04:55,00:00:19
stefano.crapanzano@chu.ulg.ac.be,SAM-DB - Google Chrome,Tâches diverses,2021-11-03,10:05:37,00:04:38
stefano.crapanzano@chu.ulg.ac.be,SAM-DB - Google Chrome,Tâches diverses,2021-11-03,10:10:32,00:00:08
stefano.crapanzano@chu.ulg.ac.be,SAM-DB - Google Chrome,Tâches diverses,2021-11-03,10:17:17,00:00:57
stefano.crapanzano@chu.ulg.ac.be,SAM-DB - Google Chrome,Tâches diverses,2021-11-03,10:19:19,00:00:20
stefano.crapanzano@chu.ulg.ac.be,SAM-DB - Google Chrome,Tâches diverses,2021-11-03,10:55:12,00:00:02
stefano.crapanzano@chu.ulg.ac.be,SAM-DB - Google Chrome,Tâches diverses,2021-11-03,11:40:41,00:00:02
stefano.crapanzano@chu.ulg.ac.be,SAM-DB : Test ERP 2.0 Charg des photos sur SSP - Google Chrome,Tâches diverses,2021-11-03,09:32:04,00:00:13
stefano.crapanzano@chu.ulg.ac.be,SAM-DB : Test ERP 2.0 Tester blocage achat article ne doit pas bloquer créat DA - Google Chrome,Tâches diverses,2021-11-03,09:32:56,00:00:24
stefano.crapanzano@chu.ulg.ac.be,SAM-DB : Test ERP 2.0 Factures ZHUL sur A03 - Google Chrome,Tâches diverses,2021-11-03,09:34:00,00:00:21
stefano.crapanzano@chu.ulg.ac.be,SAM-DB : Test ERP 2.0 Factures ZHUL sur A03 - Google Chrome,Tâches diverses,2021-11-03,09:36:31,00:00:08
stefano.crapanzano@chu.ulg.ac.be,SAM-DB : Test ERP 2.0 Factures ZHUL sur A03 - Google Chrome,Tâches diverses,2021-11-03,09:41:22,00:00:02
stefano.crapanzano@chu.ulg.ac.be,SAM-DB : Test ERP 2.0 Tester bloc acha article ne doit pas bloc créat DA X01 - Google Chrome,Tâches diverses,2021-11-03,09:34:24,00:00:09
stefano.crapanzano@chu.ulg.ac.be,SAM-DB : Test ERP 2.0 Charg des photos sur SSP X01 - Google Chrome,Tâches diverses,2021-11-03,09:34:45,00:00:08
stefano.crapanzano@chu.ulg.ac.be,SAM-DB : Test ERP 2.0 Factures APO sur X01 - Google Chrome,Tâches diverses,2021-11-03,09:35:00,00:00:06
stefano.crapanzano@chu.ulg.ac.be,SAM-DB : Test ERP 2.0 Vérification des robots SAPScript sur X01 - Google Chrome,Tâches diverses,2021-11-03,09:35:15,00:00:08
stefano.crapanzano@chu.ulg.ac.be,SAM-DB : Test ERP 2.0 GOAL Création de commande depuis GLIMS vers X01 - Google Chrome,Tâches diverses,2021-11-03,09:35:35,00:00:36
stefano.crapanzano@chu.ulg.ac.be,SAM-DB : Test ERP 2.0 Tester bloc acha article ne doit pas bloc créat DA A03 - Google Chrome,Tâches diverses,2021-11-03,09:36:13,00:00:05
stefano.crapanzano@chu.ulg.ac.be,SAM-DB : Test ERP 2.0 Tester bloc acha article ne doit pas bloc créat DA A03 - Google Chrome,Tâches diverses,2021-11-03,10:18:15,00:00:35
stefano.crapanzano@chu.ulg.ac.be,SAM-DB : Test ERP 2.0 Tester bloc acha article ne doit pas bloc créat DA A03 - Google Chrome,Tâches diverses,2021-11-03,10:18:53,00:00:26
stefano.crapanzano@chu.ulg.ac.be,SAM-DB : Test ERP 2.0 Charg des photos sur SSP A03 - Google Chrome,Tâches diverses,2021-11-03,09:36:41,00:00:10
stefano.crapanzano@chu.ulg.ac.be,SAM-DB : Test ERP 2.0 Charg des photos sur SSP A03 - Google Chrome,Tâches diverses,2021-11-03,09:37:01,00:00:02
stefano.crapanzano@chu.ulg.ac.be,SAM-DB : Test ERP 2.0 Charg des photos sur SSP A03 - Google Chrome,Tâches diverses,2021-11-03,09:41:27,00:00:03
stefano.crapanzano@chu.ulg.ac.be,Helpdesk ATI - Db Hardware Prod - Google Chrome,Tâches diverses,2021-11-03,09:37:50,00:00:04
stefano.crapanzano@chu.ulg.ac.be,Helpdesk ATI - Db Hardware Prod - Google Chrome,Tâches diverses,2021-11-03,09:37:55,00:00:02
stefano.crapanzano@chu.ulg.ac.be,cdm-wx-0001 - Netop Remote Control,Helpdesk général,2021-11-03,09:38:06,00:00:41
stefano.crapanzano@chu.ulg.ac.be,cdm-wx-0001 - Netop Remote Control,Helpdesk général,2021-11-03,09:38:50,00:00:41
stefano.crapanzano@chu.ulg.ac.be,SAP Easy Access Menu de base Applications financières-économiques,Exploration SAP,2021-11-03,11:17:07,00:00:08
stefano.crapanzano@chu.ulg.ac.be,SAP Easy Access Menu de base Applications financières-économiques,Exploration SAP,2021-11-03,11:22:45,00:00:04
stefano.crapanzano@chu.ulg.ac.be,SAP Easy Access Menu de base Applications financières-économiques,Exploration SAP,2021-11-03,11:22:53,00:00:02
stefano.crapanzano@chu.ulg.ac.be,SAP Easy Access Menu de base Applications financières-économiques,Exploration SAP,2021-11-03,11:23:00,00:00:02
stefano.crapanzano@chu.ulg.ac.be,SAP Easy Access Menu de base Applications financières-économiques,Exploration SAP,2021-11-03,11:30:08,00:00:08
stefano.crapanzano@chu.ulg.ac.be,SAP Easy Access Menu de base Applications financières-économiques,Exploration SAP,2021-11-03,12:07:15,00:00:02
stefano.crapanzano@chu.ulg.ac.be,SAP Easy Access Menu de base Applications financières-économiques,Exploration SAP,2021-11-03,12:07:21,00:00:02
stefano.crapanzano@chu.ulg.ac.be,SAM-DB : Test ERP 2.0 GOAL Création de commande depuis GLIMS vers A03 - Google Chrome,Tâches diverses,2021-11-03,09:41:35,00:00:04
stefano.crapanzano@chu.ulg.ac.be,SAM-DB : Test ERP 2.0 Vérif fonctionnement webservices GERA vers SAP X01 - Google Chrome,Tâches diverses,2021-11-03,09:41:43,00:00:24
stefano.crapanzano@chu.ulg.ac.be,SAM-DB : Test ERP 2.0 Vérification des robots SAPScript sur A03 - Google Chrome,Tâches diverses,2021-11-03,09:42:18,00:00:05
stefano.crapanzano@chu.ulg.ac.be,SAM-DB : Test ERP 2.0 Créa de compte Cxxxxxx et Hxxxxxx sur l'environnement X01 - Google Chrome,Tâches diverses,2021-11-03,09:42:28,00:00:09
stefano.crapanzano@chu.ulg.ac.be,SAM-DB : Connexion des Guns (ERP4HC 2.0) - Google Chrome,Tâches diverses,2021-11-03,09:42:46,00:01:07
stefano.crapanzano@chu.ulg.ac.be,SAM-DB : Connexion des Guns (ERP4HC 2.0) - Google Chrome,Tâches diverses,2021-11-03,09:43:58,00:00:09
stefano.crapanzano@chu.ulg.ac.be,Update Finished!,IT,2021-11-03,09:50:25,00:00:02
stefano.crapanzano@chu.ulg.ac.be,Administrateur : C:\Windows\system32\cmd.exe - tasklist  /S si-s-serv503,IT,2021-11-03,09:51:17,00:00:05
stefano.crapanzano@chu.ulg.ac.be,Administrateur : C:\Windows\system32\cmd.exe - tasklist  /S si-s-serv503 /U CHULG\c158492,IT,2021-11-03,09:51:40,00:00:04
stefano.crapanzano@chu.ulg.ac.be,Administrateur : C:\Windows\system32\cmd.exe - tasklist  /S si-s-serv503 /U c158492,IT,2021-11-03,09:52:04,00:00:04
stefano.crapanzano@chu.ulg.ac.be,Administrateur : C:\Windows\system32\cmd.exe - tasklist  /S si-s-serv503 /U c158492,IT,2021-11-03,09:59:29,00:00:04
stefano.crapanzano@chu.ulg.ac.be,SAM-DB : Connexion des Guns (ERP4HC 2.0) à A03 - Google Chrome,Tâches diverses,2021-11-03,09:52:28,00:02:18
stefano.crapanzano@chu.ulg.ac.be,SAM-DB : Connexion des Guns (ERP4HC 2.0) à A03 - Google Chrome,Tâches diverses,2021-11-03,09:55:26,00:00:41
stefano.crapanzano@chu.ulg.ac.be,SAM-DB : Connexion des Guns (ERP4HC 2.0) à A03 - Google Chrome,Tâches diverses,2021-11-03,09:56:14,00:00:49
stefano.crapanzano@chu.ulg.ac.be,SAM-DB : Connexion des Guns (ERP4HC 2.0) à A03 - Google Chrome,Tâches diverses,2021-11-03,10:03:08,00:00:04
stefano.crapanzano@chu.ulg.ac.be,Connectez-vous à votre compte - Google Chrome,Tâches diverses,2021-11-03,09:55:02,00:00:06
stefano.crapanzano@chu.ulg.ac.be,ERP4HC2.0_post-kickoff_203_20210210 - CHU.xlsx - Google Chrome,Tâches diverses,2021-11-03,09:55:09,00:00:13
stefano.crapanzano@chu.ulg.ac.be,Envoyés - erp.sai@chuliege.be - Mozilla Thunderbird,Helpdesk général,2021-11-03,09:57:38,00:00:43
stefano.crapanzano@chu.ulg.ac.be,Envoyés - erp.sai@chuliege.be - Mozilla Thunderbird,Helpdesk général,2021-11-03,10:58:14,00:00:54
stefano.crapanzano@chu.ulg.ac.be,Envoyés - erp.sai@chuliege.be - Mozilla Thunderbird,Helpdesk général,2021-11-03,11:37:00,00:00:24
stefano.crapanzano@chu.ulg.ac.be,Envoyés - erp.sai@chuliege.be - Mozilla Thunderbird,Helpdesk général,2021-11-03,11:37:33,00:00:04
stefano.crapanzano@chu.ulg.ac.be,Envoyés - erp.sai@chuliege.be - Mozilla Thunderbird,Helpdesk général,2021-11-03,11:41:14,00:00:27
stefano.crapanzano@chu.ulg.ac.be,Envoyés - erp.sai@chuliege.be - Mozilla Thunderbird,Helpdesk général,2021-11-03,11:45:36,00:00:46
stefano.crapanzano@chu.ulg.ac.be,Envoyés - erp.sai@chuliege.be - Mozilla Thunderbird,Helpdesk général,2021-11-03,11:47:45,00:00:02
stefano.crapanzano@chu.ulg.ac.be,Envoyés - erp.sai@chuliege.be - Mozilla Thunderbird,Helpdesk général,2021-11-03,11:54:59,00:00:02
stefano.crapanzano@chu.ulg.ac.be,Envoyés - erp.sai@chuliege.be - Mozilla Thunderbird,Helpdesk général,2021-11-03,12:19:24,00:01:01
stefano.crapanzano@chu.ulg.ac.be,Envoyés - erp.sai@chuliege.be - Mozilla Thunderbird,Helpdesk général,2021-11-03,12:24:04,00:00:08
stefano.crapanzano@chu.ulg.ac.be,Envoyés - erp.sai@chuliege.be - Mozilla Thunderbird,Helpdesk général,2021-11-03,12:24:14,00:00:05
stefano.crapanzano@chu.ulg.ac.be,Envoyés - erp.sai@chuliege.be - Mozilla Thunderbird,Helpdesk général,2021-11-03,12:25:37,00:00:02
stefano.crapanzano@chu.ulg.ac.be,P203 CHU Caractères manquants concernant l'emplacement affiché sur les PDAs - suite du ticket SDERP-18663 - Xperthis ERP4HC 1.0 - Service d'assistance - Google Chrome,Tâches diverses,2021-11-03,09:58:42,00:00:06
stefano.crapanzano@chu.ulg.ac.be,P203 CHU Caractères manquants concernant l'emplacement affiché sur les PDAs - suite du ticket SDERP-18663 - Xperthis ERP4HC 1.0 - Service d'assistance - Google Chrome,Tâches diverses,2021-11-03,09:58:52,00:00:04
stefano.crapanzano@chu.ulg.ac.be,Administrateur : C:\Windows\system32\cmd.exe - tasklist  /S erpftp /U c158492,IT,2021-11-03,10:00:14,00:00:04
stefano.crapanzano@chu.ulg.ac.be,Administrateur : C:\Windows\system32\cmd.exe - tasklist  /S erpftp /U chulg\c158492,IT,2021-11-03,10:00:27,00:00:04
stefano.crapanzano@chu.ulg.ac.be,Administrateur : C:\Windows\system32\cmd.exe - tasklist  /S erpftp /U chulg\erpmanager,IT,2021-11-03,10:00:35,00:00:23
stefano.crapanzano@chu.ulg.ac.be,Administrateur : C:\Windows\system32\cmd.exe - tasklist  /S si-s-serv503 /U chulg\erpmanager,IT,2021-11-03,10:01:11,00:00:14
stefano.crapanzano@chu.ulg.ac.be,si-s-serv618 - Netop Remote Control,Helpdesk général,2021-11-03,10:01:43,00:01:13
stefano.crapanzano@chu.ulg.ac.be,si-s-serv618 - Netop Remote Control,Helpdesk général,2021-11-03,10:04:45,00:00:02
stefano.crapanzano@chu.ulg.ac.be,si-s-serv618 - Netop Remote Control,Helpdesk général,2021-11-03,10:05:15,00:00:13
stefano.crapanzano@chu.ulg.ac.be,myCHU - Google Chrome,Tâches diverses,2021-11-03,10:15:35,00:00:02
stefano.crapanzano@chu.ulg.ac.be,myCHU - Google Chrome,Tâches diverses,2021-11-03,10:19:41,00:00:02
stefano.crapanzano@chu.ulg.ac.be,STPNET 2 - Google Chrome,Tâches diverses,2021-11-03,10:15:37,00:00:04
stefano.crapanzano@chu.ulg.ac.be,STPNET 2 - Google Chrome,Tâches diverses,2021-11-03,10:15:47,00:00:24
stefano.crapanzano@chu.ulg.ac.be,STPNET 2 - Google Chrome,Tâches diverses,2021-11-03,10:19:44,00:00:02
stefano.crapanzano@chu.ulg.ac.be,Favori ajouté,Tâches diverses,2021-11-03,10:15:41,00:00:05
stefano.crapanzano@chu.ulg.ac.be,Favori ajouté,Tâches diverses,2021-11-03,11:45:00,00:00:05
stefano.crapanzano@chu.ulg.ac.be,https://sam.uliege.be/upload/c158492/files/01234-20211030090010.txt - Google Chrome,Tâches diverses,2021-11-03,10:18:50,00:00:02
stefano.crapanzano@chu.ulg.ac.be,Ouverture -Excel,Tâches diverses,2021-11-03,10:27:14,00:00:09
stefano.crapanzano@chu.ulg.ac.be,Télétravail (à partir du 11-01-21).xlsx - Excel,Tâches diverses,2021-11-03,10:27:24,00:00:34
stefano.crapanzano@chu.ulg.ac.be,\\ERPFTP.st.chulg\ERP\Security\KOFAX-KofaxCaptureSVReleaseProdPhci-PdfXml_SAP203Phci-ApoInput-PdfXml.info - Notepad++ [Administrator],IT,2021-11-03,10:30:57,00:00:09
stefano.crapanzano@chu.ulg.ac.be,\\ERPFTP.st.chulg\ERP\Security\KOFAX-KofaxCaptureSVReleaseProdPhci-PdfXml_SAP203Phci-ApoInput-PdfXml.info - Notepad++ [Administrator],IT,2021-11-03,10:32:47,00:00:19
stefano.crapanzano@chu.ulg.ac.be,\\ERPFTP.st.chulg\ERP\Security\KOFAX-KofaxCaptureSVReleaseProdPhci-PdfXml_SAP203Phci-ApoInput-PdfXml.info - Notepad++ [Administrator],IT,2021-11-03,10:36:34,00:00:13
stefano.crapanzano@chu.ulg.ac.be,PE2_203_CHR_APO - sftp://PE2I2FTPAPO@153.89.110.38 - FileZilla,Helpdesk général,2021-11-03,10:31:22,00:00:22
stefano.crapanzano@chu.ulg.ac.be,PE2_203_CHR_APO - sftp://PE2I2FTPAPO@153.89.110.38 - FileZilla,Helpdesk général,2021-11-03,10:31:51,00:00:16
stefano.crapanzano@chu.ulg.ac.be,PE2_203_CHR_APO - sftp://PE2I2FTPAPO@153.89.110.38 - FileZilla,Helpdesk général,2021-11-03,11:15:37,00:00:05
stefano.crapanzano@chu.ulg.ac.be,Connexion - Google Chrome,Tâches diverses,2021-11-03,10:35:17,00:00:06
stefano.crapanzano@chu.ulg.ac.be,https://par0105wi.xperthis.be:8443/sap/saml2/sp/acs/203 - Google Chrome,Tâches diverses,2021-11-03,10:35:24,00:00:02
stefano.crapanzano@chu.ulg.ac.be,Page d'accueil - Google Chrome,Tâches diverses,2021-11-03,10:35:27,00:00:05
stefano.crapanzano@chu.ulg.ac.be,Admin/oazis_prod/APPL_PROD/SOURCES/PYTHON/ERP/ACHAT — VisualSVN Server - Google Chrome,Tâches diverses,2021-11-03,10:55:14,00:00:02
stefano.crapanzano@chu.ulg.ac.be,Admin/oazis_prod/APPL_PROD/SOURCES — VisualSVN Server - Google Chrome,Tâches diverses,2021-11-03,10:55:18,00:00:04
stefano.crapanzano@chu.ulg.ac.be,Admin/oazis_prod/APPL_PROD/SOURCES — VisualSVN Server - Google Chrome,Tâches diverses,2021-11-03,11:44:54,00:00:05
stefano.crapanzano@chu.ulg.ac.be,Admin/oazis_prod/APPL_PROD/SOURCES — VisualSVN Server - Google Chrome,Tâches diverses,2021-11-03,11:45:09,00:00:04
stefano.crapanzano@chu.ulg.ac.be,P203 CHU Localisation PDA non visible - Xperthis ERP4HC 1.0 - Service d'assistance - Google Chrome,Tâches diverses,2021-11-03,11:45:22,00:00:08
stefano.crapanzano@chu.ulg.ac.be,Demandes - Service d'assistance - Google Chrome,Tâches diverses,2021-11-03,11:19:43,00:00:02
stefano.crapanzano@chu.ulg.ac.be,Demandes - Service d'assistance - Google Chrome,Tâches diverses,2021-11-03,12:03:33,00:00:04
stefano.crapanzano@chu.ulg.ac.be,Demandes - Service d'assistance - Google Chrome,Tâches diverses,2021-11-03,12:17:46,00:00:02
stefano.crapanzano@chu.ulg.ac.be,Demandes - Service d'assistance - Google Chrome,Tâches diverses,2021-11-03,12:25:06,00:00:04
stefano.crapanzano@chu.ulg.ac.be,Demandes - Service d'assistance - Google Chrome,Tâches diverses,2021-11-03,12:27:56,00:00:02
stefano.crapanzano@chu.ulg.ac.be,Service MT - Google Chrome,Tâches diverses,2021-11-03,10:55:25,00:00:02
stefano.crapanzano@chu.ulg.ac.be,Service MT - Google Chrome,Helpdesk général,2021-11-03,10:59:30,00:00:17
stefano.crapanzano@chu.ulg.ac.be,Service MT - Google Chrome,Helpdesk général,2021-11-03,11:13:06,00:00:02
stefano.crapanzano@chu.ulg.ac.be,Service MT - Google Chrome,Helpdesk général,2021-11-03,11:15:08,00:00:28
stefano.crapanzano@chu.ulg.ac.be,Service MT - Google Chrome,Tâches diverses,2021-11-03,11:16:55,00:00:05
stefano.crapanzano@chu.ulg.ac.be,Service MT - Google Chrome,Tâches diverses,2021-11-03,11:19:36,00:00:04
stefano.crapanzano@chu.ulg.ac.be,Service MT - Google Chrome,Tâches diverses,2021-11-03,11:41:49,00:00:12
stefano.crapanzano@chu.ulg.ac.be,Service MT - Google Chrome,Tâches diverses,2021-11-03,11:43:19,00:00:42
stefano.crapanzano@chu.ulg.ac.be,Service MT - Google Chrome,Tâches diverses,2021-11-03,11:47:51,00:00:42
stefano.crapanzano@chu.ulg.ac.be,Service MT - Google Chrome,Tâches diverses,2021-11-03,11:54:19,00:00:02
stefano.crapanzano@chu.ulg.ac.be,Service MT - Google Chrome,Helpdesk général,2021-11-03,11:54:52,00:00:02
stefano.crapanzano@chu.ulg.ac.be,Service MT - Google Chrome,Helpdesk général,2021-11-03,11:55:03,00:00:31
stefano.crapanzano@chu.ulg.ac.be,Service MT - Google Chrome,Tâches diverses,2021-11-03,11:55:49,00:03:56
stefano.crapanzano@chu.ulg.ac.be,Service MT - Google Chrome,Tâches diverses,2021-11-03,12:02:31,00:00:02
stefano.crapanzano@chu.ulg.ac.be,Service MT - Google Chrome,Tâches diverses,2021-11-03,12:20:47,00:02:07
stefano.crapanzano@chu.ulg.ac.be,Service MT - Google Chrome,Tâches diverses,2021-11-03,12:25:11,00:00:06
stefano.crapanzano@chu.ulg.ac.be,Service MT - Google Chrome,Tâches diverses,2021-11-03,12:25:19,00:00:06
stefano.crapanzano@chu.ulg.ac.be,Service MT - Google Chrome,Tâches diverses,2021-11-03,12:27:47,00:00:08
stefano.crapanzano@chu.ulg.ac.be,Programmation,IT,2021-11-03,10:55:34,00:00:24
stefano.crapanzano@chu.ulg.ac.be,Programmation,IT,2021-11-03,10:57:24,00:00:07
stefano.crapanzano@chu.ulg.ac.be,Programmation,IT,2021-11-03,10:57:36,00:00:19
stefano.crapanzano@chu.ulg.ac.be,Programmation,IT,2021-11-03,11:29:23,00:00:44
stefano.crapanzano@chu.ulg.ac.be,Programmation,IT,2021-11-03,11:30:36,00:00:10
stefano.crapanzano@chu.ulg.ac.be,Programmation,IT,2021-11-03,11:44:09,00:00:33
stefano.crapanzano@chu.ulg.ac.be,Programmation,IT,2021-11-03,12:28:47,00:01:38
stefano.crapanzano@chu.ulg.ac.be,Programmation,IT,2021-11-03,12:30:47,00:00:20
stefano.crapanzano@chu.ulg.ac.be,Programmation,IT,2021-11-03,12:31:31,00:00:15
stefano.crapanzano@chu.ulg.ac.be,Programmation,IT,2021-11-03,12:31:53,00:00:05
stefano.crapanzano@chu.ulg.ac.be,Checkout,IT,2021-11-03,10:57:00,00:00:15
stefano.crapanzano@chu.ulg.ac.be,Checkout Finished!,IT,2021-11-03,10:57:15,00:00:02
stefano.crapanzano@chu.ulg.ac.be,erp.sai - erp.sai@chuliege.be - Mozilla Thunderbird,Helpdesk général,2021-11-03,11:16:23,00:00:12
stefano.crapanzano@chu.ulg.ac.be,erp.sai - erp.sai@chuliege.be - Mozilla Thunderbird,Helpdesk général,2021-11-03,11:31:40,00:00:02
stefano.crapanzano@chu.ulg.ac.be,erp.sai - erp.sai@chuliege.be - Mozilla Thunderbird,Helpdesk général,2021-11-03,11:32:48,00:00:04
stefano.crapanzano@chu.ulg.ac.be,SAP Logon 760,Helpdesk général,2021-11-03,12:02:55,00:00:04
stefano.crapanzano@chu.ulg.ac.be,Sélection de jobs simple,Exploration SAP,2021-11-03,11:17:15,00:00:09
stefano.crapanzano@chu.ulg.ac.be,Sélection de jobs simple,Exploration SAP,2021-11-03,11:18:16,00:00:06
stefano.crapanzano@chu.ulg.ac.be,Synthèse des jobs,Exploration SAP,2021-11-03,11:17:24,00:00:51
stefano.crapanzano@chu.ulg.ac.be,Synthèse des jobs,Exploration SAP,2021-11-03,11:18:23,00:00:17
stefano.crapanzano@chu.ulg.ac.be,Afficher job C203_ZMMOPLBARCODE1_ZHUL,Exploration SAP,2021-11-03,11:20:03,00:00:04
stefano.crapanzano@chu.ulg.ac.be,Protocole du job C203_ZMMOPLBARCODE1_ZHUL / 11001801,Exploration SAP,2021-11-03,11:18:43,00:00:30
stefano.crapanzano@chu.ulg.ac.be,Protocole du job C203_ZMMOPLBARCODE1_ZHUL / 11001801,Exploration SAP,2021-11-03,11:19:52,00:00:10
stefano.crapanzano@chu.ulg.ac.be,Protocole du job C203_ZMMOPLBARCODE1_ZHUL / 11001801,Exploration SAP,2021-11-03,11:20:07,00:00:13
stefano.crapanzano@chu.ulg.ac.be,Protocole du job C203_ZMMOPLBARCODE1_ZHUL / 11001801,Exploration SAP,2021-11-03,12:05:40,00:00:12
stefano.crapanzano@chu.ulg.ac.be,P203 CHU UNILAB : Distribution articles périmés - Xperthis ERP4HC 1.0 - Service d'assistance - Google Chrome,Tâches diverses,2021-11-03,11:19:40,00:00:02
stefano.crapanzano@chu.ulg.ac.be,ZORGI Help Center - Service d'assistance - Google Chrome,Tâches diverses,2021-11-03,11:19:46,00:00:04
stefano.crapanzano@chu.ulg.ac.be,ZORGI Help Center - Service d'assistance - Google Chrome,Tâches diverses,2021-11-03,12:03:37,00:00:04
stefano.crapanzano@chu.ulg.ac.be,Incident ERP for HealthCare - Xperthis ERP4HC 1.0 - Service d'assistance - Google Chrome,Tâches diverses,2021-11-03,11:19:50,00:00:02
stefano.crapanzano@chu.ulg.ac.be,Incident ERP for HealthCare - Xperthis ERP4HC 1.0 - Service d'assistance - Google Chrome,Tâches diverses,2021-11-03,11:20:59,00:00:27
stefano.crapanzano@chu.ulg.ac.be,Incident ERP for HealthCare - Xperthis ERP4HC 1.0 - Service d'assistance - Google Chrome,Tâches diverses,2021-11-03,11:22:40,00:00:05
stefano.crapanzano@chu.ulg.ac.be,Incident ERP for HealthCare - Xperthis ERP4HC 1.0 - Service d'assistance - Google Chrome,Tâches diverses,2021-11-03,11:36:46,00:00:02
stefano.crapanzano@chu.ulg.ac.be,Incident ERP for HealthCare - Xperthis ERP4HC 1.0 - Service d'assistance - Google Chrome,Tâches diverses,2021-11-03,11:38:30,00:00:04
stefano.crapanzano@chu.ulg.ac.be,Incident ERP for HealthCare - Xperthis ERP4HC 1.0 - Service d'assistance - Google Chrome,Tâches diverses,2021-11-03,12:03:41,00:01:50
stefano.crapanzano@chu.ulg.ac.be,Incident ERP for HealthCare - Xperthis ERP4HC 1.0 - Service d'assistance - Google Chrome,Tâches diverses,2021-11-03,12:05:33,00:00:05
stefano.crapanzano@chu.ulg.ac.be,Incident ERP for HealthCare - Xperthis ERP4HC 1.0 - Service d'assistance - Google Chrome,Tâches diverses,2021-11-03,12:05:52,00:00:32
stefano.crapanzano@chu.ulg.ac.be,Incident ERP for HealthCare - Xperthis ERP4HC 1.0 - Service d'assistance - Google Chrome,Tâches diverses,2021-11-03,12:06:33,00:00:15
stefano.crapanzano@chu.ulg.ac.be,Incident ERP for HealthCare - Xperthis ERP4HC 1.0 - Service d'assistance - Google Chrome,Tâches diverses,2021-11-03,12:06:52,00:00:17
stefano.crapanzano@chu.ulg.ac.be,Incident ERP for HealthCare - Xperthis ERP4HC 1.0 - Service d'assistance - Google Chrome,Tâches diverses,2021-11-03,12:07:24,00:03:12
stefano.crapanzano@chu.ulg.ac.be,Synthèse IDocs,Exploration SAP,2021-11-03,11:20:22,00:00:06
stefano.crapanzano@chu.ulg.ac.be,Synthèse IDocs,Exploration SAP,2021-11-03,11:22:06,00:00:02
stefano.crapanzano@chu.ulg.ac.be,Synthèse IDocs,Exploration SAP,2021-11-03,11:22:11,00:00:09
stefano.crapanzano@chu.ulg.ac.be,Synthèse IDocs,Exploration SAP,2021-11-03,11:22:25,00:00:04
stefano.crapanzano@chu.ulg.ac.be,Synthèse IDocs,Exploration SAP,2021-11-03,11:22:30,00:00:09
stefano.crapanzano@chu.ulg.ac.be,Overzicht IDocs,Exploration SAP,2021-11-03,11:20:29,00:00:29
stefano.crapanzano@chu.ulg.ac.be,Overzicht IDocs,Exploration SAP,2021-11-03,11:21:27,00:00:05
stefano.crapanzano@chu.ulg.ac.be,C:\Users\c158492\AppData\Local\Temp\fz3temp-2\SAP202110280009.txt - Notepad++ [Administrator],Helpdesk général,2021-11-03,11:21:59,00:00:05
stefano.crapanzano@chu.ulg.ac.be,C:\Users\c158492\AppData\Local\Temp\fz3temp-2\SAP202110280009.txt - Notepad++ [Administrator],IT,2021-11-03,11:23:58,00:00:11
stefano.crapanzano@chu.ulg.ac.be,Information,Exploration SAP,2021-11-03,11:23:13,00:00:05
stefano.crapanzano@chu.ulg.ac.be,Information,Exploration SAP,2021-11-03,11:23:24,00:00:02
stefano.crapanzano@chu.ulg.ac.be,Information,Helpdesk général,2021-11-03,11:23:30,00:00:02
stefano.crapanzano@chu.ulg.ac.be,Information,Exploration SAP,2021-11-03,11:23:37,00:00:08
stefano.crapanzano@chu.ulg.ac.be,Information,Exploration SAP,2021-11-03,11:25:16,00:00:34
stefano.crapanzano@chu.ulg.ac.be,Information,Exploration SAP,2021-11-03,11:25:56,00:00:06
stefano.crapanzano@chu.ulg.ac.be,Information,Exploration SAP,2021-11-03,11:26:15,00:00:13
stefano.crapanzano@chu.ulg.ac.be,Information,Exploration SAP,2021-11-03,11:26:31,00:00:31
stefano.crapanzano@chu.ulg.ac.be,Information,Helpdesk général,2021-11-03,11:27:11,00:00:27
stefano.crapanzano@chu.ulg.ac.be,Information,Exploration SAP,2021-11-03,11:27:44,00:00:42
stefano.crapanzano@chu.ulg.ac.be,Information,Exploration SAP,2021-11-03,11:28:34,00:00:20
stefano.crapanzano@chu.ulg.ac.be,Recherche dans arborescence des menus,Exploration SAP,2021-11-03,11:22:49,00:00:04
stefano.crapanzano@chu.ulg.ac.be,Recherche dans arborescence des menus,Exploration SAP,2021-11-03,11:22:56,00:00:04
stefano.crapanzano@chu.ulg.ac.be,Recherche dans arborescence des menus,Exploration SAP,2021-11-03,12:03:11,00:00:02
stefano.crapanzano@chu.ulg.ac.be,Recherche dans arborescence des menus,Exploration SAP,2021-11-03,12:07:18,00:00:02
stefano.crapanzano@chu.ulg.ac.be,Chargement code barre et création IDocs,Exploration SAP,2021-11-03,11:23:03,00:00:04
stefano.crapanzano@chu.ulg.ac.be,Chargement code barre et création IDocs,Exploration SAP,2021-11-03,11:23:09,00:00:04
stefano.crapanzano@chu.ulg.ac.be,Chargement code barre et création IDocs,Exploration SAP,2021-11-03,11:23:18,00:00:05
stefano.crapanzano@chu.ulg.ac.be,Chargement code barre et création IDocs,Exploration SAP,2021-11-03,11:23:33,00:00:04
stefano.crapanzano@chu.ulg.ac.be,Chargement code barre et création IDocs,Exploration SAP,2021-11-03,11:23:45,00:00:02
stefano.crapanzano@chu.ulg.ac.be,Chargement code barre et création IDocs,Exploration SAP,2021-11-03,11:24:12,00:00:05
stefano.crapanzano@chu.ulg.ac.be,Chargement code barre et création IDocs,Exploration SAP,2021-11-03,11:25:05,00:00:10
stefano.crapanzano@chu.ulg.ac.be,Chargement code barre et création IDocs,Exploration SAP,2021-11-03,11:28:54,00:00:02
stefano.crapanzano@chu.ulg.ac.be,Le fichier cible existe déjà,Helpdesk général,2021-11-03,11:24:54,00:00:02
stefano.crapanzano@chu.ulg.ac.be,Exporter/importer Lien entre article-centre de coûts et quantité,Exploration SAP,2021-11-03,11:30:16,00:00:19
stefano.crapanzano@chu.ulg.ac.be,C:\temp\SAP202111030005.txt - Notepad++ [Administrator],IT,2021-11-03,11:31:59,00:00:02
stefano.crapanzano@chu.ulg.ac.be,C:\temp\SAP202110280009.txt - Notepad++ [Administrator],IT,2021-11-03,11:30:53,00:00:46
stefano.crapanzano@chu.ulg.ac.be,C:\temp\SAP202110280009.txt - Notepad++ [Administrator],IT,2021-11-03,11:31:43,00:00:16
stefano.crapanzano@chu.ulg.ac.be,C:\temp\SAP202110280009.txt - Notepad++ [Administrator],IT,2021-11-03,11:32:02,00:00:24
stefano.crapanzano@chu.ulg.ac.be,C:\temp\SAP202110280009.txt - Notepad++ [Administrator],IT,2021-11-03,11:32:29,00:00:02
stefano.crapanzano@chu.ulg.ac.be,C:\temp\SAP202110280009.txt - Notepad++ [Administrator],IT,2021-11-03,11:32:40,00:00:05
stefano.crapanzano@chu.ulg.ac.be,C:\temp\SAP202110280009.txt - Notepad++ [Administrator],IT,2021-11-03,11:33:17,00:00:02
stefano.crapanzano@chu.ulg.ac.be,C:\temp\SAP202110280009.txt - Notepad++ [Administrator],IT,2021-11-03,11:34:16,00:00:04
stefano.crapanzano@chu.ulg.ac.be,C:\temp\SAP202110280009.txt - Notepad++ [Administrator],IT,2021-11-03,11:36:26,00:00:02
stefano.crapanzano@chu.ulg.ac.be,C:\temp\SAP202110280009.txt - Notepad++ [Administrator],IT,2021-11-03,12:02:24,00:00:03
stefano.crapanzano@chu.ulg.ac.be,*C:\temp\SAP202110280009.txt - Notepad++ [Administrator],IT,2021-11-03,11:32:27,00:00:02
stefano.crapanzano@chu.ulg.ac.be,*C:\temp\SAP202110280009.txt - Notepad++ [Administrator],IT,2021-11-03,11:32:36,00:00:04
stefano.crapanzano@chu.ulg.ac.be,*C:\temp\SAP202110280009.txt - Notepad++ [Administrator],IT,2021-11-03,12:02:12,00:00:12
stefano.crapanzano@chu.ulg.ac.be,Rédaction : (pas de sujet) - Thunderbird,Helpdesk général,2021-11-03,11:32:53,00:00:06
stefano.crapanzano@chu.ulg.ac.be,Rédaction : (pas de sujet) - Thunderbird,Helpdesk général,2021-11-03,11:38:07,00:00:02
stefano.crapanzano@chu.ulg.ac.be,Rédaction : Fichier avec caractère spécial - Thunderbird,Helpdesk général,2021-11-03,11:33:05,00:00:02
stefano.crapanzano@chu.ulg.ac.be,Rédaction : Fichier de commande GLIMS avec caractère spécial - Thunderbird,Helpdesk général,2021-11-03,11:33:10,00:00:02
stefano.crapanzano@chu.ulg.ac.be,Rédaction : Fichier de commande GLIMS avec caractère spécial - Thunderbird,Helpdesk général,2021-11-03,11:33:22,00:00:52
stefano.crapanzano@chu.ulg.ac.be,Rédaction : Fichier de commande GLIMS avec caractère spécial - Thunderbird,Helpdesk général,2021-11-03,11:34:20,00:01:38
stefano.crapanzano@chu.ulg.ac.be,Joindre les fichiers,Helpdesk général,2021-11-03,11:33:13,00:00:02
stefano.crapanzano@chu.ulg.ac.be,Joindre les fichiers,IT,2021-11-03,11:33:20,00:00:02
stefano.crapanzano@chu.ulg.ac.be,C:\Users\c158492\AppData\Local\Temp\SAP202110280009.txt - Notepad++ [Administrator],IT,2021-11-03,11:37:26,00:00:05
stefano.crapanzano@chu.ulg.ac.be,Enregistrer le message,Helpdesk général,2021-11-03,11:38:10,00:00:02
stefano.crapanzano@chu.ulg.ac.be,Enregistrer le message,Helpdesk général,2021-11-03,11:40:14,00:00:02
stefano.crapanzano@chu.ulg.ac.be,Rédaction : Re: UNILAB : Distribution articles périmés - Thunderbird,Helpdesk général,2021-11-03,11:38:19,00:00:10
stefano.crapanzano@chu.ulg.ac.be,Rédaction : Re: UNILAB : Distribution articles périmés - Thunderbird,Helpdesk général,2021-11-03,11:39:13,00:00:14
stefano.crapanzano@chu.ulg.ac.be,Gestionnaire des tâches de Windows,Helpdesk général,2021-11-03,11:39:27,00:00:24
stefano.crapanzano@chu.ulg.ac.be,SDERP-19042 - Mozilla Thunderbird,Helpdesk général,2021-11-03,11:39:58,00:00:05
stefano.crapanzano@chu.ulg.ac.be,UNILAB : Distribution articles périmés - Mozilla Thunderbird,Helpdesk général,2021-11-03,11:40:03,00:00:10
stefano.crapanzano@chu.ulg.ac.be,UNILAB : Distribution articles périmés - Mozilla Thunderbird,Helpdesk général,2021-11-03,11:40:19,00:00:02
stefano.crapanzano@chu.ulg.ac.be,Nouveautés de Thunderbird 91 — Thunderbird - Google Chrome,Tâches diverses,2021-11-03,11:40:37,00:00:04
stefano.crapanzano@chu.ulg.ac.be,C:\Users\c158492\AppData\Local\Temp\fz3temp-2\01114-20211102163011.txt - Notepad++ [Administrator],Helpdesk général,2021-11-03,11:42:32,00:00:06
stefano.crapanzano@chu.ulg.ac.be,Prevent Windows from Creating the Thumbs.db Thumbnail Cache Files - Google Chrome,Tâches diverses,2021-11-03,11:45:18,00:00:04
stefano.crapanzano@chu.ulg.ac.be,AE2_203 - sftp://AE2U2FTP@153.89.110.38 - FileZilla,Helpdesk général,2021-11-03,12:02:35,00:00:19
stefano.crapanzano@chu.ulg.ac.be,AE2_203 - sftp://AE2U2FTP@153.89.110.38 - FileZilla,Helpdesk général,2021-11-03,12:03:23,00:00:03
stefano.crapanzano@chu.ulg.ac.be,SAP,Exploration SAP,2021-11-03,12:02:59,00:00:10
stefano.crapanzano@chu.ulg.ac.be,Ouvrir,Tâches diverses,2021-11-03,12:06:25,00:00:08
stefano.crapanzano@chu.ulg.ac.be,Ouvrir,Tâches diverses,2021-11-03,12:10:47,00:00:04
stefano.crapanzano@chu.ulg.ac.be,Ouvrir,Tâches diverses,2021-11-03,12:11:33,00:00:11
stefano.crapanzano@chu.ulg.ac.be,Ouvrir,Tâches diverses,2021-11-03,12:11:54,00:00:02
stefano.crapanzano@chu.ulg.ac.be,Ouvrir,Tâches diverses,2021-11-03,12:11:58,00:00:04
stefano.crapanzano@chu.ulg.ac.be,Plusieurs commandes GLIMS non traitées suite à un fichier mal formé - Xperthis ERP4HC 1.0 - Service d'assistance - Google Chrome,Tâches diverses,2021-11-03,12:10:36,00:00:10
stefano.crapanzano@chu.ulg.ac.be,Plusieurs commandes GLIMS non traitées suite à un fichier mal formé - Xperthis ERP4HC 1.0 - Service d'assistance - Google Chrome,Tâches diverses,2021-11-03,12:10:51,00:00:42
stefano.crapanzano@chu.ulg.ac.be,Plusieurs commandes GLIMS non traitées suite à un fichier mal formé - Xperthis ERP4HC 1.0 - Service d'assistance - Google Chrome,Tâches diverses,2021-11-03,12:12:03,00:00:48
stefano.crapanzano@chu.ulg.ac.be,Plusieurs commandes GLIMS non traitées suite à un fichier mal formé - Xperthis ERP4HC 1.0 - Service d'assistance - Google Chrome,Tâches diverses,2021-11-03,12:16:18,00:00:02
stefano.crapanzano@chu.ulg.ac.be,Plusieurs commandes GLIMS non traitées suite à un fichier mal formé - Xperthis ERP4HC 1.0 - Service d'assistance - Google Chrome,Helpdesk général,2021-11-03,12:17:42,00:00:04
stefano.crapanzano@chu.ulg.ac.be,Rédaction : Re: Fichier de commande GLIMS avec caractère spécial - Thunderbird,Helpdesk général,2021-11-03,12:12:58,00:03:18
stefano.crapanzano@chu.ulg.ac.be,Rédaction : Re: Fichier de commande GLIMS avec caractère spécial - Thunderbird,Helpdesk général,2021-11-03,12:16:22,00:01:12
stefano.crapanzano@chu.ulg.ac.be,Rédaction : SDERP-19387 : Fichier de commande GLIMS avec caractère spécial - Thunderbird,Helpdesk général,2021-11-03,12:17:36,00:00:05
stefano.crapanzano@chu.ulg.ac.be,Rédaction : SDERP-19387 : Fichier de commande GLIMS avec caractère spécial - Thunderbird,Helpdesk général,2021-11-03,12:18:05,00:00:46
stefano.crapanzano@chu.ulg.ac.be,Rédaction : SDERP-19387 : Fichier de commande GLIMS avec caractère spécial - Thunderbird,Helpdesk général,2021-11-03,12:18:54,00:00:11
stefano.crapanzano@chu.ulg.ac.be,P203 CHU Plusieurs commandes GLIMS non traitées suite à un fichier mal formé - Xperthis ERP4HC 1.0 - Service d'assistance - Google Chrome,Tâches diverses,2021-11-03,12:17:48,00:00:16
stefano.crapanzano@chu.ulg.ac.be,P203 CHU Plusieurs commandes GLIMS non traitées suite à un fichier mal formé - Xperthis ERP4HC 1.0 - Service d'assistance - Google Chrome,Tâches diverses,2021-11-03,12:19:08,00:00:02
stefano.crapanzano@chu.ulg.ac.be,P203 CHU Plusieurs commandes GLIMS non traitées suite à un fichier mal formé - Xperthis ERP4HC 1.0 - Service d'assistance - Google Chrome,Tâches diverses,2021-11-03,12:20:43,00:00:04
stefano.crapanzano@chu.ulg.ac.be,P203 CHU Plusieurs commandes GLIMS non traitées suite à un fichier mal formé - Xperthis ERP4HC 1.0 - Service d'assistance - Google Chrome,Tâches diverses,2021-11-03,12:24:20,00:00:46
stefano.crapanzano@chu.ulg.ac.be,P203 CHU Plusieurs commandes GLIMS non traitées suite à un fichier mal formé - Xperthis ERP4HC 1.0 - Service d'assistance - Google Chrome,Helpdesk général,2021-11-03,12:26:52,00:00:30
stefano.crapanzano@chu.ulg.ac.be,P203 CHU Plusieurs commandes GLIMS non traitées suite à un fichier mal formé - Xperthis ERP4HC 1.0 - Service d'assistance - Google Chrome,Tâches diverses,2021-11-03,12:28:04,00:00:06
stefano.crapanzano@chu.ulg.ac.be,C3_VALIDATION DONNEES_ME2K_FILTRES sous forme de code - Xperthis ERP4HC 2.0 Rollout - Service d'assistance - Google Chrome,Tâches diverses,2021-11-03,12:24:12,00:00:02
stefano.crapanzano@chu.ulg.ac.be,C:\Users\c158492\ProjetBoulot\SVN_LOCAL\PYTHON\ERP\A...\intrastat_project - Commit - TortoiseSVN,IT,2021-11-03,12:30:42,00:00:02
stefano.crapanzano@chu.ulg.ac.be,Intrastat - Google Chrome,Tâches diverses,2021-11-03,12:31:46,00:00:02
stefano.crapanzano@chu.ulg.ac.be,OperationalError at /accounts/login/ - Google Chrome,Tâches diverses,2021-11-03,12:31:49,00:00:02
