Email,Description,Project,Start date,Start time,Duration
stefano.crapanzano@chu.ulg.ac.be,Administrateur : Perl (command line) - python  main.py,IT,2021-11-05,08:29:05,00:00:04
stefano.crapanzano@chu.ulg.ac.be,Administrateur : Perl (command line) - python  main.py,IT,2021-11-05,08:29:13,00:00:03
stefano.crapanzano@chu.ulg.ac.be,Courrier entrant - erp.sai@chuliege.be - Mozilla Thunderbird,Helpdesk général,2021-11-05,08:29:18,00:00:12
stefano.crapanzano@chu.ulg.ac.be,Courrier entrant - erp.sai@chuliege.be - Mozilla Thunderbird,Helpdesk général,2021-11-05,08:31:01,00:00:05
stefano.crapanzano@chu.ulg.ac.be,Courrier entrant - erp.sai@chuliege.be - Mozilla Thunderbird,Helpdesk général,2021-11-05,08:37:24,00:00:24
stefano.crapanzano@chu.ulg.ac.be,Courrier entrant - erp.sai@chuliege.be - Mozilla Thunderbird,Helpdesk général,2021-11-05,08:39:01,00:00:02
stefano.crapanzano@chu.ulg.ac.be,Courrier entrant - erp.sai@chuliege.be - Mozilla Thunderbird,Helpdesk général,2021-11-05,08:39:41,00:03:23
stefano.crapanzano@chu.ulg.ac.be,Courrier entrant - erp.sai@chuliege.be - Mozilla Thunderbird,Helpdesk général,2021-11-05,08:43:11,00:00:04
stefano.crapanzano@chu.ulg.ac.be,Courrier entrant - erp.sai@chuliege.be - Mozilla Thunderbird,Helpdesk général,2021-11-05,08:43:20,00:03:33
stefano.crapanzano@chu.ulg.ac.be,Courrier entrant - erp.sai@chuliege.be - Mozilla Thunderbird,Helpdesk général,2021-11-05,09:02:16,00:00:16
stefano.crapanzano@chu.ulg.ac.be,Courrier entrant - erp.sai@chuliege.be - Mozilla Thunderbird,Helpdesk général,2021-11-05,09:04:09,00:00:02
stefano.crapanzano@chu.ulg.ac.be,Courrier entrant - erp.sai@chuliege.be - Mozilla Thunderbird,Helpdesk général,2021-11-05,09:04:19,00:00:10
stefano.crapanzano@chu.ulg.ac.be,Courrier entrant - erp.sai@chuliege.be - Mozilla Thunderbird,Helpdesk général,2021-11-05,09:10:03,00:00:02
stefano.crapanzano@chu.ulg.ac.be,Courrier entrant - erp.sai@chuliege.be - Mozilla Thunderbird,Helpdesk général,2021-11-05,09:10:07,00:00:04
stefano.crapanzano@chu.ulg.ac.be,Courrier entrant - erp.sai@chuliege.be - Mozilla Thunderbird,Helpdesk général,2021-11-05,09:10:18,00:12:10
stefano.crapanzano@chu.ulg.ac.be,Courrier entrant - erp.sai@chuliege.be - Mozilla Thunderbird,Helpdesk général,2021-11-05,09:22:30,00:01:29
stefano.crapanzano@chu.ulg.ac.be,Courrier entrant - erp.sai@chuliege.be - Mozilla Thunderbird,Helpdesk général,2021-11-05,09:40:15,00:13:55
stefano.crapanzano@chu.ulg.ac.be,Courrier entrant - erp.sai@chuliege.be - Mozilla Thunderbird,Helpdesk général,2021-11-05,09:54:12,00:00:09
stefano.crapanzano@chu.ulg.ac.be,Courrier entrant - erp.sai@chuliege.be - Mozilla Thunderbird,Helpdesk général,2021-11-05,09:55:54,00:06:29
stefano.crapanzano@chu.ulg.ac.be,Courrier entrant - erp.sai@chuliege.be - Mozilla Thunderbird,Helpdesk général,2021-11-05,10:05:36,00:06:10
stefano.crapanzano@chu.ulg.ac.be,Courrier entrant - erp.sai@chuliege.be - Mozilla Thunderbird,Helpdesk général,2021-11-05,10:14:37,00:00:13
stefano.crapanzano@chu.ulg.ac.be,Courrier entrant - erp.sai@chuliege.be - Mozilla Thunderbird,Helpdesk général,2021-11-05,10:15:50,00:00:07
stefano.crapanzano@chu.ulg.ac.be,Courrier entrant - erp.sai@chuliege.be - Mozilla Thunderbird,Helpdesk général,2021-11-05,10:17:26,00:04:39
stefano.crapanzano@chu.ulg.ac.be,Courrier entrant - erp.sai@chuliege.be - Mozilla Thunderbird,Helpdesk général,2021-11-05,10:22:31,00:00:02
stefano.crapanzano@chu.ulg.ac.be,Courrier entrant - erp.sai@chuliege.be - Mozilla Thunderbird,Helpdesk général,2021-11-05,10:23:47,00:00:02
stefano.crapanzano@chu.ulg.ac.be,Courrier entrant - erp.sai@chuliege.be - Mozilla Thunderbird,Helpdesk général,2021-11-05,10:24:54,00:23:53
stefano.crapanzano@chu.ulg.ac.be,Courrier entrant - erp.sai@chuliege.be - Mozilla Thunderbird,Helpdesk général,2021-11-05,10:48:49,00:03:56
stefano.crapanzano@chu.ulg.ac.be,Courrier entrant - erp.sai@chuliege.be - Mozilla Thunderbird,Helpdesk général,2021-11-05,10:55:31,00:00:22
stefano.crapanzano@chu.ulg.ac.be,Courrier entrant - erp.sai@chuliege.be - Mozilla Thunderbird,Helpdesk général,2021-11-05,12:05:03,00:00:06
stefano.crapanzano@chu.ulg.ac.be,Courrier entrant - erp.sai@chuliege.be - Mozilla Thunderbird,Helpdesk général,2021-11-05,12:07:03,00:00:04
stefano.crapanzano@chu.ulg.ac.be,Courrier entrant - erp.sai@chuliege.be - Mozilla Thunderbird,Helpdesk général,2021-11-05,12:22:55,00:00:05
stefano.crapanzano@chu.ulg.ac.be,Courrier entrant - erp.sai@chuliege.be - Mozilla Thunderbird,Helpdesk général,2021-11-05,12:23:03,00:00:04
stefano.crapanzano@chu.ulg.ac.be,Courrier entrant - erp.sai@chuliege.be - Mozilla Thunderbird,Helpdesk général,2021-11-05,12:57:15,00:00:15
stefano.crapanzano@chu.ulg.ac.be,Courrier entrant - erp.sai@chuliege.be - Mozilla Thunderbird,Helpdesk général,2021-11-05,12:57:35,00:07:32
stefano.crapanzano@chu.ulg.ac.be,Courrier entrant - erp.sai@chuliege.be - Mozilla Thunderbird,Helpdesk général,2021-11-05,13:06:50,00:02:38
stefano.crapanzano@chu.ulg.ac.be,Courrier entrant - erp.sai@chuliege.be - Mozilla Thunderbird,Helpdesk général,2021-11-05,13:11:29,00:00:02
stefano.crapanzano@chu.ulg.ac.be,Courrier entrant - erp.sai@chuliege.be - Mozilla Thunderbird,Helpdesk général,2021-11-05,13:12:52,00:00:16
stefano.crapanzano@chu.ulg.ac.be,Courrier entrant - erp.sai@chuliege.be - Mozilla Thunderbird,Helpdesk général,2021-11-05,13:28:55,00:00:08
stefano.crapanzano@chu.ulg.ac.be,Courrier entrant - erp.sai@chuliege.be - Mozilla Thunderbird,Helpdesk général,2021-11-05,13:30:51,00:21:35
stefano.crapanzano@chu.ulg.ac.be,Courrier entrant - erp.sai@chuliege.be - Mozilla Thunderbird,Helpdesk général,2021-11-05,13:55:23,00:00:14
stefano.crapanzano@chu.ulg.ac.be,Courrier entrant - erp.sai@chuliege.be - Mozilla Thunderbird,Helpdesk général,2021-11-05,13:57:42,00:00:06
stefano.crapanzano@chu.ulg.ac.be,Courrier entrant - erp.sai@chuliege.be - Mozilla Thunderbird,Helpdesk général,2021-11-05,13:57:58,02:02:59
stefano.crapanzano@chu.ulg.ac.be,Courrier entrant - erp.sai@chuliege.be - Mozilla Thunderbird,Helpdesk général,2021-11-05,16:01:50,00:00:06
stefano.crapanzano@chu.ulg.ac.be,Courrier entrant - erp.sai@chuliege.be - Mozilla Thunderbird,Helpdesk général,2021-11-05,16:02:31,00:00:52
stefano.crapanzano@chu.ulg.ac.be,Courrier entrant - erp.sai@chuliege.be - Mozilla Thunderbird,Helpdesk général,2021-11-05,16:04:38,00:00:10
stefano.crapanzano@chu.ulg.ac.be,Courrier entrant - erp.sai@chuliege.be - Mozilla Thunderbird,Helpdesk général,2021-11-05,16:57:57,00:00:06
stefano.crapanzano@chu.ulg.ac.be,Courrier entrant - stefano.crapanzano@chuliege.be - Mozilla Thunderbird,Helpdesk général,2021-11-05,08:29:31,00:00:06
stefano.crapanzano@chu.ulg.ac.be,Courrier entrant - stefano.crapanzano@chuliege.be - Mozilla Thunderbird,Helpdesk général,2021-11-05,08:30:50,00:00:10
stefano.crapanzano@chu.ulg.ac.be,Courrier entrant - stefano.crapanzano@chuliege.be - Mozilla Thunderbird,Helpdesk général,2021-11-05,08:43:16,00:00:04
stefano.crapanzano@chu.ulg.ac.be,Courrier entrant - stefano.crapanzano@chuliege.be - Mozilla Thunderbird,Helpdesk général,2021-11-05,09:04:12,00:00:06
stefano.crapanzano@chu.ulg.ac.be,Courrier entrant - stefano.crapanzano@chuliege.be - Mozilla Thunderbird,Helpdesk général,2021-11-05,10:23:02,00:00:02
stefano.crapanzano@chu.ulg.ac.be,Courrier entrant - stefano.crapanzano@chuliege.be - Mozilla Thunderbird,Helpdesk général,2021-11-05,12:23:01,00:00:02
stefano.crapanzano@chu.ulg.ac.be,Courrier entrant - stefano.crapanzano@chuliege.be - Mozilla Thunderbird,Helpdesk général,2021-11-05,12:57:30,00:00:04
stefano.crapanzano@chu.ulg.ac.be,Courrier entrant - stefano.crapanzano@chuliege.be - Mozilla Thunderbird,Helpdesk général,2021-11-05,13:06:47,00:00:02
stefano.crapanzano@chu.ulg.ac.be,Courrier entrant - stefano.crapanzano@chuliege.be - Mozilla Thunderbird,Helpdesk général,2021-11-05,13:11:31,00:00:02
stefano.crapanzano@chu.ulg.ac.be,Courrier entrant - stefano.crapanzano@chuliege.be - Mozilla Thunderbird,Helpdesk général,2021-11-05,13:29:59,00:00:08
stefano.crapanzano@chu.ulg.ac.be,Courrier entrant - stefano.crapanzano@chuliege.be - Mozilla Thunderbird,Helpdesk général,2021-11-05,13:57:33,00:00:08
stefano.crapanzano@chu.ulg.ac.be,Courrier entrant - stefano.crapanzano@chuliege.be - Mozilla Thunderbird,Helpdesk général,2021-11-05,16:04:49,00:53:04
stefano.crapanzano@chu.ulg.ac.be,PYTHON - Mozilla Thunderbird,Helpdesk général,2021-11-05,08:29:38,00:00:04
stefano.crapanzano@chu.ulg.ac.be,PYTHON - Mozilla Thunderbird,Helpdesk général,2021-11-05,08:30:31,00:00:13
stefano.crapanzano@chu.ulg.ac.be,Rédaction : Re: PYTHON - Thunderbird,Helpdesk général,2021-11-05,08:29:42,00:00:46
stefano.crapanzano@chu.ulg.ac.be,Vérification de l’orthographe,Helpdesk général,2021-11-05,13:54:32,00:00:02
stefano.crapanzano@chu.ulg.ac.be,Programmation,IT,2021-11-05,08:30:46,00:00:02
stefano.crapanzano@chu.ulg.ac.be,P203 CHU Accès à SSP  SAP Libération des factures et Fiori impossible en VPN - Xperthis ERP4HC 1.0 - Service d'assistance - Google Chrome,Tâches diverses,2021-11-05,08:31:07,00:02:04
stefano.crapanzano@chu.ulg.ac.be,P203 CHU Accès à SSP  SAP Libération des factures et Fiori impossible en VPN - Xperthis ERP4HC 1.0 - Service d'assistance - Google Chrome,Tâches diverses,2021-11-05,08:33:13,00:00:36
stefano.crapanzano@chu.ulg.ac.be,P203 CHU Accès à SSP  SAP Libération des factures et Fiori impossible en VPN - Xperthis ERP4HC 1.0 - Service d'assistance - Google Chrome,Tâches diverses,2021-11-05,08:33:51,00:01:03
stefano.crapanzano@chu.ulg.ac.be,P203 CHU Accès à SSP  SAP Libération des factures et Fiori impossible en VPN - Xperthis ERP4HC 1.0 - Service d'assistance - Google Chrome,Tâches diverses,2021-11-05,08:35:54,00:01:17
stefano.crapanzano@chu.ulg.ac.be,P203 CHU Accès à SSP  SAP Libération des factures et Fiori impossible en VPN - Xperthis ERP4HC 1.0 - Service d'assistance - Google Chrome,Tâches diverses,2021-11-05,13:26:10,00:00:06
stefano.crapanzano@chu.ulg.ac.be,P203 CHU Accès à SSP  SAP Libération des factures et Fiori impossible en VPN - Xperthis ERP4HC 1.0 - Service d'assistance - Google Chrome,Tâches diverses,2021-11-05,13:30:20,00:00:04
stefano.crapanzano@chu.ulg.ac.be,Demandes - Service d'assistance - Google Chrome,Tâches diverses,2021-11-05,08:34:55,00:00:18
stefano.crapanzano@chu.ulg.ac.be,Demandes - Service d'assistance - Google Chrome,Tâches diverses,2021-11-05,08:37:11,00:00:08
stefano.crapanzano@chu.ulg.ac.be,Demandes - Service d'assistance - Google Chrome,Tâches diverses,2021-11-05,08:38:47,00:00:12
stefano.crapanzano@chu.ulg.ac.be,Demandes - Service d'assistance - Google Chrome,Tâches diverses,2021-11-05,09:02:52,00:01:17
stefano.crapanzano@chu.ulg.ac.be,Demandes - Service d'assistance - Google Chrome,Helpdesk général,2021-11-05,09:24:06,00:00:02
stefano.crapanzano@chu.ulg.ac.be,Demandes - Service d'assistance - Google Chrome,Tâches diverses,2021-11-05,09:24:17,00:00:26
stefano.crapanzano@chu.ulg.ac.be,Demandes - Service d'assistance - Google Chrome,Tâches diverses,2021-11-05,09:25:14,00:00:04
stefano.crapanzano@chu.ulg.ac.be,Demandes - Service d'assistance - Google Chrome,Tâches diverses,2021-11-05,09:25:33,00:00:05
stefano.crapanzano@chu.ulg.ac.be,Demandes - Service d'assistance - Google Chrome,Tâches diverses,2021-11-05,09:26:10,00:00:12
stefano.crapanzano@chu.ulg.ac.be,Demandes - Service d'assistance - Google Chrome,Tâches diverses,2021-11-05,09:27:01,00:00:05
stefano.crapanzano@chu.ulg.ac.be,Demandes - Service d'assistance - Google Chrome,Tâches diverses,2021-11-05,09:55:51,00:00:02
stefano.crapanzano@chu.ulg.ac.be,Demandes - Service d'assistance - Google Chrome,Tâches diverses,2021-11-05,10:05:10,00:00:08
stefano.crapanzano@chu.ulg.ac.be,Demandes - Service d'assistance - Google Chrome,Tâches diverses,2021-11-05,10:23:24,00:00:08
stefano.crapanzano@chu.ulg.ac.be,Demandes - Service d'assistance - Google Chrome,Tâches diverses,2021-11-05,13:25:24,00:00:02
stefano.crapanzano@chu.ulg.ac.be,Demandes - Service d'assistance - Google Chrome,Tâches diverses,2021-11-05,13:26:06,00:00:04
stefano.crapanzano@chu.ulg.ac.be,Demandes - Service d'assistance - Google Chrome,Tâches diverses,2021-11-05,13:30:24,00:00:08
stefano.crapanzano@chu.ulg.ac.be,Demandes - Service d'assistance - Google Chrome,Tâches diverses,2021-11-05,13:30:42,00:00:08
stefano.crapanzano@chu.ulg.ac.be,Demandes - Service d'assistance - Google Chrome,Tâches diverses,2021-11-05,13:54:36,00:00:02
stefano.crapanzano@chu.ulg.ac.be,Extended My Requests - All requests - Service Desk - Google Chrome,Tâches diverses,2021-11-05,08:35:15,00:00:16
stefano.crapanzano@chu.ulg.ac.be,P203 CHU Connexion à ERP4HC 2.0 : IP 153.89.126.135 non accessible + connexions SAPLOGON - Xperthis ERP4HC 1.0 - Service d'assistance - Google Chrome,Tâches diverses,2021-11-05,08:35:31,00:00:23
stefano.crapanzano@chu.ulg.ac.be,P203 CHU Connexion à ERP4HC 2.0 : IP 153.89.126.135 non accessible + connexions SAPLOGON - Xperthis ERP4HC 1.0 - Service d'assistance - Google Chrome,Tâches diverses,2021-11-05,08:38:41,00:00:05
stefano.crapanzano@chu.ulg.ac.be,P203 CHU Plusieurs commandes GLIMS non traitées suite à un fichier mal formé - Xperthis ERP4HC 1.0 - Service d'assistance - Google Chrome,Tâches diverses,2021-11-05,08:37:20,00:00:04
stefano.crapanzano@chu.ulg.ac.be,P203 CHU Plusieurs commandes GLIMS non traitées suite à un fichier mal formé - Xperthis ERP4HC 1.0 - Service d'assistance - Google Chrome,Tâches diverses,2021-11-05,08:38:36,00:00:05
stefano.crapanzano@chu.ulg.ac.be,Navigation système de fichier,IT,2021-11-05,08:37:48,00:00:21
stefano.crapanzano@chu.ulg.ac.be,Navigation système de fichier,IT,2021-11-05,09:54:59,00:00:05
stefano.crapanzano@chu.ulg.ac.be,Navigation système de fichier,IT,2021-11-05,12:56:40,00:00:34
stefano.crapanzano@chu.ulg.ac.be,Navigation système de fichier,IT,2021-11-05,13:05:07,00:01:03
stefano.crapanzano@chu.ulg.ac.be,Navigation système de fichier,IT,2021-11-05,13:09:28,00:00:02
stefano.crapanzano@chu.ulg.ac.be,Navigation système de fichier,IT,2021-11-05,13:11:38,00:00:06
stefano.crapanzano@chu.ulg.ac.be,Navigation système de fichier,IT,2021-11-05,13:14:49,00:00:02
stefano.crapanzano@chu.ulg.ac.be,Navigation système de fichier,IT,2021-11-05,13:25:17,00:00:02
stefano.crapanzano@chu.ulg.ac.be,Navigation système de fichier,IT,2021-11-05,13:55:21,00:00:02
stefano.crapanzano@chu.ulg.ac.be,Navigation système de fichier,IT,2021-11-05,16:01:57,00:00:34
stefano.crapanzano@chu.ulg.ac.be,Navigation système de fichier,IT,2021-11-05,16:58:05,00:00:02
stefano.crapanzano@chu.ulg.ac.be,Total Commander,Tâches diverses,2021-11-05,08:38:11,00:00:02
stefano.crapanzano@chu.ulg.ac.be,erpmanager - Total Commander (x64) 9.0a - NOT REGISTERED,Tâches diverses,2021-11-05,08:38:14,00:00:18
stefano.crapanzano@chu.ulg.ac.be,A03-203 CHU Test de ZCREATION_PERS sur A03 - Xperthis ERP4HC 2.0 Rollout - Service d'assistance - Google Chrome,Tâches diverses,2021-11-05,08:39:04,00:00:04
stefano.crapanzano@chu.ulg.ac.be,A03-203 CHU Test de ZCREATION_PERS sur A03 - Xperthis ERP4HC 2.0 Rollout - Service d'assistance - Google Chrome,Tâches diverses,2021-11-05,08:39:20,00:00:20
stefano.crapanzano@chu.ulg.ac.be,A03-203 CHU Test de ZCREATION_PERS sur A03 - Xperthis ERP4HC 2.0 Rollout - Service d'assistance - Google Chrome,Tâches diverses,2021-11-05,08:46:53,00:00:02
stefano.crapanzano@chu.ulg.ac.be,A03-203 CHU Test de ZCREATION_PERS sur A03 - Xperthis ERP4HC 2.0 Rollout - Service d'assistance - Google Chrome,Tâches diverses,2021-11-05,09:24:09,00:00:04
stefano.crapanzano@chu.ulg.ac.be,A03-203 CHU Test de ZCREATION_PERS sur A03 - Xperthis ERP4HC 2.0 Rollout - Service d'assistance - Google Chrome,Tâches diverses,2021-11-05,09:24:14,00:00:02
stefano.crapanzano@chu.ulg.ac.be,Ouvrir,Tâches diverses,2021-11-05,08:39:08,00:00:12
stefano.crapanzano@chu.ulg.ac.be,Envoyés - erp.sai@chuliege.be - Mozilla Thunderbird,Helpdesk général,2021-11-05,08:43:05,00:00:06
stefano.crapanzano@chu.ulg.ac.be,Envoyés - erp.sai@chuliege.be - Mozilla Thunderbird,Helpdesk général,2021-11-05,09:10:11,00:00:06
stefano.crapanzano@chu.ulg.ac.be,Envoyés - erp.sai@chuliege.be - Mozilla Thunderbird,Helpdesk général,2021-11-05,09:23:59,00:00:05
stefano.crapanzano@chu.ulg.ac.be,Envoyés - erp.sai@chuliege.be - Mozilla Thunderbird,Helpdesk général,2021-11-05,09:39:47,00:00:27
stefano.crapanzano@chu.ulg.ac.be,Envoyés - erp.sai@chuliege.be - Mozilla Thunderbird,Helpdesk général,2021-11-05,13:29:04,00:00:55
stefano.crapanzano@chu.ulg.ac.be,Envoyés - erp.sai@chuliege.be - Mozilla Thunderbird,Helpdesk général,2021-11-05,13:55:38,00:01:55
stefano.crapanzano@chu.ulg.ac.be,Nouvel onglet - Google Chrome,Tâches diverses,2021-11-05,08:46:56,00:00:02
stefano.crapanzano@chu.ulg.ac.be,Nouvel onglet - Google Chrome,Tâches diverses,2021-11-05,09:54:23,00:00:09
stefano.crapanzano@chu.ulg.ac.be,Identification - Google Chrome,Tâches diverses,2021-11-05,08:46:59,00:00:08
stefano.crapanzano@chu.ulg.ac.be,Intrastat - Google Chrome,Tâches diverses,2021-11-05,08:47:09,00:01:06
stefano.crapanzano@chu.ulg.ac.be,Intrastat - Google Chrome,Exploration SAP,2021-11-05,08:50:16,00:00:26
stefano.crapanzano@chu.ulg.ac.be,Intrastat - Google Chrome,Tâches diverses,2021-11-05,08:52:09,00:00:16
stefano.crapanzano@chu.ulg.ac.be,Intrastat - Google Chrome,Tâches diverses,2021-11-05,08:52:44,00:00:02
stefano.crapanzano@chu.ulg.ac.be,Intrastat - Google Chrome,Tâches diverses,2021-11-05,08:53:16,00:00:20
stefano.crapanzano@chu.ulg.ac.be,Intrastat - Google Chrome,Tâches diverses,2021-11-05,08:54:42,00:07:34
stefano.crapanzano@chu.ulg.ac.be,SAP Logon 760,Tâches diverses,2021-11-05,08:48:15,00:00:02
stefano.crapanzano@chu.ulg.ac.be,SAP Logon 760,Exploration SAP,2021-11-05,12:04:13,00:00:04
stefano.crapanzano@chu.ulg.ac.be,SAP Logon 760,Exploration SAP,2021-11-05,13:10:07,00:00:02
stefano.crapanzano@chu.ulg.ac.be,Sapgui Splash Screen,Exploration SAP,2021-11-05,08:48:18,00:00:04
stefano.crapanzano@chu.ulg.ac.be,SAP Easy Access Menu de base Applications financières-économiques,Exploration SAP,2021-11-05,08:48:22,00:00:06
stefano.crapanzano@chu.ulg.ac.be,SAP Easy Access Menu de base Applications financières-économiques,Exploration SAP,2021-11-05,12:04:17,00:00:02
stefano.crapanzano@chu.ulg.ac.be,SAP Easy Access Menu de base Applications financières-économiques,Exploration SAP,2021-11-05,12:04:32,00:00:02
stefano.crapanzano@chu.ulg.ac.be,SAP Easy Access Menu de base Applications financières-économiques,Exploration SAP,2021-11-05,13:09:34,00:00:02
stefano.crapanzano@chu.ulg.ac.be,SAP Easy Access Menu de base Applications financières-économiques,Exploration SAP,2021-11-05,13:10:31,00:00:56
stefano.crapanzano@chu.ulg.ac.be,SAP Easy Access Menu de base Applications financières-économiques,Exploration SAP,2021-11-05,13:11:36,00:00:02
stefano.crapanzano@chu.ulg.ac.be,SAP Easy Access Menu de base Applications financières-économiques,Exploration SAP,2021-11-05,13:14:31,00:00:02
stefano.crapanzano@chu.ulg.ac.be,Commande interv. 40 4000235170 créée par WEBUSERCHU,Exploration SAP,2021-11-05,08:48:29,00:00:02
stefano.crapanzano@chu.ulg.ac.be,Sélectionner document,Exploration SAP,2021-11-05,08:48:37,00:00:02
stefano.crapanzano@chu.ulg.ac.be,Commande interv. 40 4000221641 créée par Laura SIMIOLI,Exploration SAP,2021-11-05,08:48:40,00:01:35
stefano.crapanzano@chu.ulg.ac.be,Commande interv. 40 4000221641 créée par Laura SIMIOLI,Exploration SAP,2021-11-05,08:52:26,00:00:05
stefano.crapanzano@chu.ulg.ac.be,C:\Users\c158492\Downloads\20219.sdf - Notepad++ [Administrator],IT,2021-11-05,08:50:42,00:01:25
stefano.crapanzano@chu.ulg.ac.be,C:\Users\c158492\Downloads\20219.sdf - Notepad++ [Administrator],IT,2021-11-05,08:52:38,00:00:04
stefano.crapanzano@chu.ulg.ac.be,C:\Users\c158492\Downloads\20219.sdf - Notepad++ [Administrator],IT,2021-11-05,08:52:48,00:00:27
stefano.crapanzano@chu.ulg.ac.be,C:\Users\c158492\Downloads\20219.sdf - Notepad++ [Administrator],IT,2021-11-05,08:53:36,00:01:04
stefano.crapanzano@chu.ulg.ac.be,Commande interv. 40 4000216287 créée par Christine PAK,Exploration SAP,2021-11-05,08:52:33,00:00:04
stefano.crapanzano@chu.ulg.ac.be,X01-203: Problème lors de la création d'une DA ou réservation à partir d'un fichier Glims - Xperthis ERP4HC 2.0 Rollout - Service d'assistance - Google Chrome,Tâches diverses,2021-11-05,09:02:34,00:00:17
stefano.crapanzano@chu.ulg.ac.be,A03-203 CHU optimalisation gestion des immos - Xperthis ERP4HC 2.0 Rollout - Service d'assistance - Google Chrome,Tâches diverses,2021-11-05,09:24:43,00:00:30
stefano.crapanzano@chu.ulg.ac.be,A03-203-CHR-Optimalisation des immos en A03 - Xperthis ERP4HC 2.0 Rollout - Service d'assistance - Google Chrome,Tâches diverses,2021-11-05,09:25:18,00:00:15
stefano.crapanzano@chu.ulg.ac.be,P203 CHU Serveur FTP Harpege 153.89.10.38 indisponible - Xperthis ERP4HC 1.0 - Service d'assistance - Google Chrome,Tâches diverses,2021-11-05,09:25:39,00:00:31
stefano.crapanzano@chu.ulg.ac.be,P203 CHU Serveur FTP Harpege 153.89.10.38 indisponible - Xperthis ERP4HC 1.0 - Service d'assistance - Google Chrome,Tâches diverses,2021-11-05,10:05:18,00:00:16
stefano.crapanzano@chu.ulg.ac.be,P203 CHU Serveur FTP Harpege 153.89.10.38 indisponible - Xperthis ERP4HC 1.0 - Service d'assistance - Google Chrome,Tâches diverses,2021-11-05,10:15:19,00:00:31
stefano.crapanzano@chu.ulg.ac.be,P203 CHU Serveur FTP Harpege 153.89.10.38 indisponible - Xperthis ERP4HC 1.0 - Service d'assistance - Google Chrome,Tâches diverses,2021-11-05,10:23:32,00:00:10
stefano.crapanzano@chu.ulg.ac.be,P203 CHU Serveur FTP Harpege 153.89.10.38 indisponible - Xperthis ERP4HC 1.0 - Service d'assistance - Google Chrome,Tâches diverses,2021-11-05,12:23:09,00:00:02
stefano.crapanzano@chu.ulg.ac.be,P203 CHU Serveur FTP Harpege 153.89.10.38 indisponible - Xperthis ERP4HC 1.0 - Service d'assistance - Google Chrome,Tâches diverses,2021-11-05,12:24:12,00:00:09
stefano.crapanzano@chu.ulg.ac.be,P203 CHU Serveur FTP Harpege 153.89.10.38 indisponible - Xperthis ERP4HC 1.0 - Service d'assistance - Google Chrome,Tâches diverses,2021-11-05,13:25:20,00:00:04
stefano.crapanzano@chu.ulg.ac.be,Code ATC manquant - Xperthis Oazis - Service d'assistance - Google Chrome,Tâches diverses,2021-11-05,09:26:23,00:00:38
stefano.crapanzano@chu.ulg.ac.be,mail.uliege - Recherche Google - Google Chrome,Tâches diverses,2021-11-05,09:54:32,00:00:02
stefano.crapanzano@chu.ulg.ac.be,Zimbra: Réception (8) - Google Chrome,Tâches diverses,2021-11-05,09:54:37,00:00:05
stefano.crapanzano@chu.ulg.ac.be,Zimbra: Réception (8) - Google Chrome,Tâches diverses,2021-11-05,09:54:48,00:00:09
stefano.crapanzano@chu.ulg.ac.be,Ouverture -Outlook,Helpdesk général,2021-11-05,09:55:04,00:00:02
stefano.crapanzano@chu.ulg.ac.be,Boîte de Réception - Zimbra - Stefano Crapanzano - Outlook,Helpdesk général,2021-11-05,09:55:06,00:00:05
stefano.crapanzano@chu.ulg.ac.be,Zimbra État de l’opération Envoyer/Recevoir,Helpdesk général,2021-11-05,09:55:12,00:00:05
stefano.crapanzano@chu.ulg.ac.be,Boîte de réception - erp.sai@chuliege.be - Outlook,Helpdesk général,2021-11-05,09:55:17,00:00:05
stefano.crapanzano@chu.ulg.ac.be,Boîte de réception - erp.sai@chuliege.be - Outlook,Helpdesk général,2021-11-05,09:55:46,00:00:04
stefano.crapanzano@chu.ulg.ac.be,Assistant Absence du bureau,Helpdesk général,2021-11-05,09:55:23,00:00:22
stefano.crapanzano@chu.ulg.ac.be,AE2_203 - sftp://AE2U2FTP@153.89.110.38 - FileZilla,Helpdesk général,2021-11-05,10:02:24,00:00:09
stefano.crapanzano@chu.ulg.ac.be,AE2_203 - sftp://AE2U2FTP@153.89.110.38 - FileZilla,Helpdesk général,2021-11-05,12:21:41,00:01:13
stefano.crapanzano@chu.ulg.ac.be,AE2_203 - sftp://AE2U2FTP@153.89.110.38 - FileZilla,Tâches diverses,2021-11-05,12:23:12,00:00:04
stefano.crapanzano@chu.ulg.ac.be,AE2_203 - sftp://AE2U2FTP@153.89.110.38 - FileZilla,Helpdesk général,2021-11-05,12:23:26,00:00:45
stefano.crapanzano@chu.ulg.ac.be,AE2_203 - sftp://AE2U2FTP@153.89.110.38 - FileZilla,Tâches diverses,2021-11-05,12:24:21,00:32:19
stefano.crapanzano@chu.ulg.ac.be,AE2_203 - sftp://AE2U2FTP@153.89.110.38 - FileZilla,Helpdesk général,2021-11-05,13:11:45,00:00:46
stefano.crapanzano@chu.ulg.ac.be,AE2_203 - sftp://AE2U2FTP@153.89.110.38 - FileZilla,Helpdesk général,2021-11-05,13:12:48,00:00:02
stefano.crapanzano@chu.ulg.ac.be,AE2_203 - sftp://AE2U2FTP@153.89.110.38 - FileZilla,Helpdesk général,2021-11-05,13:13:11,00:00:02
stefano.crapanzano@chu.ulg.ac.be,PE2_203 - sftp://PE2U2FTP@153.89.110.38 - FileZilla,Helpdesk général,2021-11-05,10:02:34,00:01:35
stefano.crapanzano@chu.ulg.ac.be,PE2_203 - sftp://PE2U2FTP@153.89.110.38 - FileZilla,Helpdesk général,2021-11-05,10:11:48,00:02:49
stefano.crapanzano@chu.ulg.ac.be,PE2_203 - sftp://PE2U2FTP@153.89.110.38 - FileZilla,Helpdesk général,2021-11-05,10:14:51,00:00:27
stefano.crapanzano@chu.ulg.ac.be,PE2_203 - sftp://PE2U2FTP@153.89.110.38 - FileZilla,Helpdesk général,2021-11-05,10:22:37,00:00:21
stefano.crapanzano@chu.ulg.ac.be,PE2_203 - sftp://PE2U2FTP@153.89.110.38 - FileZilla,Helpdesk général,2021-11-05,12:21:38,00:00:02
stefano.crapanzano@chu.ulg.ac.be,PE2_203 - sftp://PE2U2FTP@153.89.110.38 - FileZilla,Helpdesk général,2021-11-05,13:13:14,00:01:16
stefano.crapanzano@chu.ulg.ac.be,PE2_203 - sftp://PE2U2FTP@153.89.110.38 - FileZilla,Helpdesk général,2021-11-05,13:14:56,00:00:02
stefano.crapanzano@chu.ulg.ac.be,Service MT - Google Chrome,Tâches diverses,2021-11-05,10:22:08,00:00:23
stefano.crapanzano@chu.ulg.ac.be,Service MT - Google Chrome,Tâches diverses,2021-11-05,10:22:59,00:00:02
stefano.crapanzano@chu.ulg.ac.be,Service MT - Google Chrome,Tâches diverses,2021-11-05,11:30:53,00:33:17
stefano.crapanzano@chu.ulg.ac.be,Envoyés - stefano.crapanzano@chuliege.be - Mozilla Thunderbird,Helpdesk général,2021-11-05,10:23:06,00:00:13
stefano.crapanzano@chu.ulg.ac.be,Lecture documentation,Tâches diverses,2021-11-05,10:23:50,00:01:03
stefano.crapanzano@chu.ulg.ac.be,Lecture documentation,Tâches diverses,2021-11-05,10:55:53,00:34:54
stefano.crapanzano@chu.ulg.ac.be,Lecture documentation,Tâches diverses,2021-11-05,11:30:49,00:00:02
stefano.crapanzano@chu.ulg.ac.be,SAP GUI for Windows 760,Exploration SAP,2021-11-05,10:52:45,00:02:45
stefano.crapanzano@chu.ulg.ac.be,SAP GUI for Windows 760,Exploration SAP,2021-11-05,16:00:59,00:00:02
stefano.crapanzano@chu.ulg.ac.be,Gestion des utilisateurs : écran initial,Exploration SAP,2021-11-05,12:04:19,00:00:04
stefano.crapanzano@chu.ulg.ac.be,Gestion des utilisateurs : écran initial,Exploration SAP,2021-11-05,12:04:29,00:00:02
stefano.crapanzano@chu.ulg.ac.be,Nom de l'utilisateur ds fiche utilisateur (1),Exploration SAP,2021-11-05,12:04:24,00:00:02
stefano.crapanzano@chu.ulg.ac.be,Nom de l'utilisateur ds fiche utilisateur (1)    1 Entrée trouvée,Exploration SAP,2021-11-05,12:04:26,00:00:02
stefano.crapanzano@chu.ulg.ac.be,Liste des utilisateurs,Exploration SAP,2021-11-05,12:04:35,00:00:09
stefano.crapanzano@chu.ulg.ac.be,Liste des utilisateurs,Exploration SAP,2021-11-05,12:04:46,00:00:08
stefano.crapanzano@chu.ulg.ac.be,Liste des utilisateurs,Exploration SAP,2021-11-05,12:07:10,00:14:28
stefano.crapanzano@chu.ulg.ac.be,Liste des utilisateurs,Exploration SAP,2021-11-05,13:09:31,00:00:02
stefano.crapanzano@chu.ulg.ac.be,Déconnecter utilisateur,Exploration SAP,2021-11-05,12:04:54,00:00:04
stefano.crapanzano@chu.ulg.ac.be,Stefano CRAPANZANO - erp.sai@chuliege.be - Mozilla Thunderbird,Helpdesk général,2021-11-05,12:05:10,00:00:02
stefano.crapanzano@chu.ulg.ac.be,Stefano CRAPANZANO - erp.sai@chuliege.be - Mozilla Thunderbird,Helpdesk général,2021-11-05,12:05:45,00:00:02
stefano.crapanzano@chu.ulg.ac.be,Stefano CRAPANZANO - erp.sai@chuliege.be - Mozilla Thunderbird,Helpdesk général,2021-11-05,12:06:43,00:00:02
stefano.crapanzano@chu.ulg.ac.be,Stefano CRAPANZANO - erp.sai@chuliege.be - Mozilla Thunderbird,Helpdesk général,2021-11-05,13:57:48,00:00:09
stefano.crapanzano@chu.ulg.ac.be,[SAM][~][via transfert] : 437864 : impossible d'accèder à l'historique des paniers sur son pc - Mozilla Thunderbird,Helpdesk général,2021-11-05,12:05:13,00:00:04
stefano.crapanzano@chu.ulg.ac.be,[SAM][~][via transfert] : 437864 : impossible d'accèder à l'historique des paniers sur son pc - Mozilla Thunderbird,Helpdesk général,2021-11-05,12:05:23,00:00:04
stefano.crapanzano@chu.ulg.ac.be,[SAM][~][via transfert] : 437864 : impossible d'accèder à l'historique des paniers sur son pc - Mozilla Thunderbird,Tâches diverses,2021-11-05,12:05:42,00:00:02
stefano.crapanzano@chu.ulg.ac.be,SAM-DB : impossible d'accèder à l'historique des paniers sur son pc - Google Chrome,Tâches diverses,2021-11-05,12:05:18,00:00:04
stefano.crapanzano@chu.ulg.ac.be,SAM-DB : impossible d'accèder à l'historique des paniers sur son pc - Google Chrome,Tâches diverses,2021-11-05,12:05:27,00:00:08
stefano.crapanzano@chu.ulg.ac.be,SAM-DB : impossible d'accèder à l'historique des paniers sur son pc - Google Chrome,Tâches diverses,2021-11-05,12:05:36,00:00:05
stefano.crapanzano@chu.ulg.ac.be,SAM-DB : impossible d'accèder à l'historique des paniers sur son pc - Google Chrome,Tâches diverses,2021-11-05,12:06:35,00:00:02
stefano.crapanzano@chu.ulg.ac.be,SAM-DB : impossible d'accèder à l'historique des paniers sur son pc - Google Chrome,Tâches diverses,2021-11-05,12:06:50,00:00:12
stefano.crapanzano@chu.ulg.ac.be,SAM-DB : impossible d'accèder à l'historique des paniers sur son pc - Google Chrome,Tâches diverses,2021-11-05,13:54:39,00:00:30
stefano.crapanzano@chu.ulg.ac.be,Rédaction : Re: [SAM][~][via transfert] : 437864 : impossible d'accèder à l'historique des paniers sur son pc - Thunderbird,Helpdesk général,2021-11-05,12:05:49,00:00:40
stefano.crapanzano@chu.ulg.ac.be,image(243).png (1092×428) - Google Chrome,Tâches diverses,2021-11-05,12:06:37,00:00:03
stefano.crapanzano@chu.ulg.ac.be,CHR/U - CHU - URL's PE2 + AE2 + X01 - OneNote,Tâches diverses,2021-11-05,13:26:51,00:00:24
stefano.crapanzano@chu.ulg.ac.be,Sélection de jobs simple,Exploration SAP,2021-11-05,13:09:36,00:00:12
stefano.crapanzano@chu.ulg.ac.be,Sélection de jobs simple,Exploration SAP,2021-11-05,13:14:34,00:00:15
stefano.crapanzano@chu.ulg.ac.be,Synthèse des jobs,Exploration SAP,2021-11-05,13:09:49,00:00:14
stefano.crapanzano@chu.ulg.ac.be,Synthèse des jobs,Exploration SAP,2021-11-05,13:14:52,00:00:02
stefano.crapanzano@chu.ulg.ac.be,Synthèse des jobs,Exploration SAP,2021-11-05,13:14:59,00:00:23
stefano.crapanzano@chu.ulg.ac.be,Synthèse des jobs,Exploration SAP,2021-11-05,13:15:37,00:00:02
stefano.crapanzano@chu.ulg.ac.be,Synthèse des jobs,Exploration SAP,2021-11-05,13:16:17,00:09:00
stefano.crapanzano@chu.ulg.ac.be,SAP,Exploration SAP,2021-11-05,13:10:10,00:00:13
stefano.crapanzano@chu.ulg.ac.be,Info licence en cas de connexion multiple,Exploration SAP,2021-11-05,13:10:24,00:00:07
stefano.crapanzano@chu.ulg.ac.be,\\ERPFTP.st.chulg\ERP\Security\KOFAX-KofaxCaptureSVReleaseProdPhci-PdfXml_SAP203Phci-ApoInput-PdfXml.info - Notepad++ [Administrator],IT,2021-11-05,13:12:36,00:00:04
stefano.crapanzano@chu.ulg.ac.be,C:\Users\c158492\ProjetBoulot\PYTHON\UTIL\xml_search\main.py - Notepad++ [Administrator],IT,2021-11-05,13:12:43,00:00:02
stefano.crapanzano@chu.ulg.ac.be,Afficher job C203_ZHUL_HL7,Exploration SAP,2021-11-05,13:15:22,00:00:08
stefano.crapanzano@chu.ulg.ac.be,Afficher job C203_ZHUL_HL7,Exploration SAP,2021-11-05,13:15:32,00:00:05
stefano.crapanzano@chu.ulg.ac.be,Afficher job C203_ZHUL_HL7,Exploration SAP,2021-11-05,13:15:40,00:00:02
stefano.crapanzano@chu.ulg.ac.be,Afficher job C203_ZHUL_HL7,Exploration SAP,2021-11-05,13:15:56,00:00:02
stefano.crapanzano@chu.ulg.ac.be,Afficher job C203_ZHUL_HL7,Exploration SAP,2021-11-05,13:16:09,00:00:08
stefano.crapanzano@chu.ulg.ac.be,Protocole du job C203_ZHUL_HL7 / 23001503,Exploration SAP,2021-11-05,13:15:42,00:00:13
stefano.crapanzano@chu.ulg.ac.be,Aperçu de liste d'étapes,Exploration SAP,2021-11-05,13:15:59,00:00:02
stefano.crapanzano@chu.ulg.ac.be,Aperçu de liste d'étapes,Exploration SAP,2021-11-05,13:16:06,00:00:02
stefano.crapanzano@chu.ulg.ac.be,Afficher étape  1,Exploration SAP,2021-11-05,13:16:02,00:00:04
stefano.crapanzano@chu.ulg.ac.be,Comment accéder à SAP Libération des factures (Workflow approval) sur X01 ? - Xperthis ERP4HC 2.0 Rollout - Service d'assistance - Google Chrome,Tâches diverses,2021-11-05,13:25:27,00:00:02
stefano.crapanzano@chu.ulg.ac.be,Comment accéder à SAP Libération des factures (Workflow approval) sur X01 ? - Xperthis ERP4HC 2.0 Rollout - Service d'assistance - Google Chrome,Tâches diverses,2021-11-05,13:25:36,00:00:30
stefano.crapanzano@chu.ulg.ac.be,Comment accéder à SAP Libération des factures (Workflow approval) sur X01 ? - Xperthis ERP4HC 2.0 Rollout - Service d'assistance - Google Chrome,Tâches diverses,2021-11-05,13:26:17,00:00:12
stefano.crapanzano@chu.ulg.ac.be,Comment accéder à SAP Libération des factures (Workflow approval) sur X01 ? - Xperthis ERP4HC 2.0 Rollout - Service d'assistance - Google Chrome,Tâches diverses,2021-11-05,13:27:24,00:00:47
stefano.crapanzano@chu.ulg.ac.be,Comment accéder à SAP Libération des factures (Workflow approval) sur X01 ? - Xperthis ERP4HC 2.0 Rollout - Service d'assistance - Google Chrome,Tâches diverses,2021-11-05,13:28:31,00:00:22
stefano.crapanzano@chu.ulg.ac.be,Comment accéder à SAP Libération des factures (Workflow approval) sur X01 ? - Xperthis ERP4HC 2.0 Rollout - Service d'assistance - Google Chrome,Tâches diverses,2021-11-05,13:30:09,00:00:09
stefano.crapanzano@chu.ulg.ac.be,https://par0105wi.xperthis.be:8443/sap/saml2/sp/acs/203 - Google Chrome,Tâches diverses,2021-11-05,13:25:31,00:00:02
stefano.crapanzano@chu.ulg.ac.be,https://par0105wi.xperthis.be:8443/sap(bD1mciZjPTIwMyZkPW1pbg==)/bc/bsp/sap/zmwi/main.do - Google Chrome,Tâches diverses,2021-11-05,13:26:42,00:00:02
stefano.crapanzano@chu.ulg.ac.be,Page d'accueil - Google Chrome,Tâches diverses,2021-11-05,13:28:24,00:00:02
stefano.crapanzano@chu.ulg.ac.be,P203 CHU - PE2 - Panier pour une immo - Erreur : Budget annuel dépassé - Xperthis ERP4HC 1.0 - Service d'assistance - Google Chrome,Tâches diverses,2021-11-05,13:30:32,00:00:09
stefano.crapanzano@chu.ulg.ac.be,Rédaction : Fwd: [SAM][~][via transfert] : 437864 : impossible d'accèder à l'historique des paniers sur son pc - Thunderbird,Helpdesk général,2021-11-05,13:52:26,00:02:06
stefano.crapanzano@chu.ulg.ac.be,SAM-DB - Google Chrome,Tâches diverses,2021-11-05,13:55:13,00:00:08
stefano.crapanzano@chu.ulg.ac.be,Netop Invité,Helpdesk général,2021-11-05,16:01:03,00:00:05
stefano.crapanzano@chu.ulg.ac.be,Connexion à l'aide de l'authentification Windows,Helpdesk général,2021-11-05,16:01:09,00:00:02
stefano.crapanzano@chu.ulg.ac.be,erpftp - Netop Remote Control,Helpdesk général,2021-11-05,16:01:13,00:00:37
stefano.crapanzano@chu.ulg.ac.be,erpftp - Netop Remote Control,Helpdesk général,2021-11-05,16:03:25,00:01:12
