Email,Description,Project,Start date,Start time,Duration
stefano.crapanzano@chu.ulg.ac.be,Administrateur : C:\Windows\System32\cmd.exe - python  main.py,IT,2021-01-06,08:33:40,00:00:04
stefano.crapanzano@chu.ulg.ac.be,Administrateur : C:\Windows\System32\cmd.exe - python  main.py,IT,2021-01-06,08:54:50,00:00:02
stefano.crapanzano@chu.ulg.ac.be,Boîte de réception - erp.sai@chuliege.be - Outlook,Helpdesk général,2021-01-06,08:33:46,00:00:09
stefano.crapanzano@chu.ulg.ac.be,Boîte de réception - erp.sai@chuliege.be - Outlook,Helpdesk général,2021-01-06,08:37:08,00:00:21
stefano.crapanzano@chu.ulg.ac.be,Boîte de réception - erp.sai@chuliege.be - Outlook,Helpdesk général,2021-01-06,08:37:53,00:00:06
stefano.crapanzano@chu.ulg.ac.be,Boîte de réception - erp.sai@chuliege.be - Outlook,Helpdesk général,2021-01-06,08:58:53,00:00:34
stefano.crapanzano@chu.ulg.ac.be,Boîte de réception - erp.sai@chuliege.be - Outlook,Helpdesk général,2021-01-06,09:01:36,00:00:02
stefano.crapanzano@chu.ulg.ac.be,Boîte de réception - erp.sai@chuliege.be - Outlook,Helpdesk général,2021-01-06,09:36:24,00:00:40
stefano.crapanzano@chu.ulg.ac.be,Boîte de réception - erp.sai@chuliege.be - Outlook,Helpdesk général,2021-01-06,09:38:01,00:00:06
stefano.crapanzano@chu.ulg.ac.be,Boîte de réception - erp.sai@chuliege.be - Outlook,Helpdesk général,2021-01-06,09:38:45,00:00:07
stefano.crapanzano@chu.ulg.ac.be,Boîte de réception - erp.sai@chuliege.be - Outlook,Helpdesk général,2021-01-06,09:41:14,00:00:04
stefano.crapanzano@chu.ulg.ac.be,Boîte de réception - erp.sai@chuliege.be - Outlook,Helpdesk général,2021-01-06,09:52:44,00:00:21
stefano.crapanzano@chu.ulg.ac.be,Boîte de réception - erp.sai@chuliege.be - Outlook,Helpdesk général,2021-01-06,10:00:27,00:00:02
stefano.crapanzano@chu.ulg.ac.be,Boîte de réception - erp.sai@chuliege.be - Outlook,Helpdesk général,2021-01-06,10:57:01,00:00:02
stefano.crapanzano@chu.ulg.ac.be,Boîte de réception - erp.sai@chuliege.be - Outlook,Helpdesk général,2021-01-06,11:02:08,00:00:20
stefano.crapanzano@chu.ulg.ac.be,Boîte de réception - erp.sai@chuliege.be - Outlook,Helpdesk général,2021-01-06,11:02:51,00:00:04
stefano.crapanzano@chu.ulg.ac.be,Boîte de réception - erp.sai@chuliege.be - Outlook,Helpdesk général,2021-01-06,11:03:26,00:00:04
stefano.crapanzano@chu.ulg.ac.be,Boîte de réception - erp.sai@chuliege.be - Outlook,Helpdesk général,2021-01-06,11:38:18,00:02:59
stefano.crapanzano@chu.ulg.ac.be,Boîte de réception - erp.sai@chuliege.be - Outlook,Helpdesk général,2021-01-06,11:59:49,00:00:46
stefano.crapanzano@chu.ulg.ac.be,Boîte de réception - erp.sai@chuliege.be - Outlook,Helpdesk général,2021-01-06,12:01:00,00:00:02
stefano.crapanzano@chu.ulg.ac.be,Boîte de réception - erp.sai@chuliege.be - Outlook,Helpdesk général,2021-01-06,12:02:58,00:00:02
stefano.crapanzano@chu.ulg.ac.be,Boîte de réception - erp.sai@chuliege.be - Outlook,Helpdesk général,2021-01-06,12:05:22,00:00:18
stefano.crapanzano@chu.ulg.ac.be,Boîte de réception - erp.sai@chuliege.be - Outlook,Helpdesk général,2021-01-06,12:06:23,00:00:02
stefano.crapanzano@chu.ulg.ac.be,Boîte de réception - erp.sai@chuliege.be - Outlook,Helpdesk général,2021-01-06,12:06:28,00:00:02
stefano.crapanzano@chu.ulg.ac.be,Boîte de réception - erp.sai@chuliege.be - Outlook,Helpdesk général,2021-01-06,12:11:01,00:00:10
stefano.crapanzano@chu.ulg.ac.be,Boîte de réception - erp.sai@chuliege.be - Outlook,Helpdesk général,2021-01-06,12:20:00,00:00:02
stefano.crapanzano@chu.ulg.ac.be,Boîte de réception - erp.sai@chuliege.be - Outlook,Helpdesk général,2021-01-06,12:21:04,00:15:59
stefano.crapanzano@chu.ulg.ac.be,Boîte de réception - erp.sai@chuliege.be - Outlook,Helpdesk général,2021-01-06,12:37:31,00:00:08
stefano.crapanzano@chu.ulg.ac.be,Boîte de réception - erp.sai@chuliege.be - Outlook,Helpdesk général,2021-01-06,12:37:41,00:00:17
stefano.crapanzano@chu.ulg.ac.be,Boîte de réception - erp.sai@chuliege.be - Outlook,Helpdesk général,2021-01-06,12:40:59,00:00:02
stefano.crapanzano@chu.ulg.ac.be,Boîte de réception - erp.sai@chuliege.be - Outlook,Helpdesk général,2021-01-06,13:05:10,00:00:04
stefano.crapanzano@chu.ulg.ac.be,Boîte de réception - erp.sai@chuliege.be - Outlook,Helpdesk général,2021-01-06,13:05:39,00:00:04
stefano.crapanzano@chu.ulg.ac.be,Boîte de réception - erp.sai@chuliege.be - Outlook,Helpdesk général,2021-01-06,13:05:49,00:00:03
stefano.crapanzano@chu.ulg.ac.be,Boîte de réception - erp.sai@chuliege.be - Outlook,Helpdesk général,2021-01-06,13:06:19,00:00:03
stefano.crapanzano@chu.ulg.ac.be,Boîte de réception - erp.sai@chuliege.be - Outlook,Helpdesk général,2021-01-06,13:10:44,00:00:04
stefano.crapanzano@chu.ulg.ac.be,Boîte de réception - erp.sai@chuliege.be - Outlook,Helpdesk général,2021-01-06,13:10:53,00:00:37
stefano.crapanzano@chu.ulg.ac.be,Boîte de réception - erp.sai@chuliege.be - Outlook,Helpdesk général,2021-01-06,13:11:35,00:00:31
stefano.crapanzano@chu.ulg.ac.be,Boîte de réception - erp.sai@chuliege.be - Outlook,Helpdesk général,2021-01-06,13:12:10,00:00:02
stefano.crapanzano@chu.ulg.ac.be,Boîte de réception - erp.sai@chuliege.be - Outlook,Helpdesk général,2021-01-06,13:18:19,00:00:02
stefano.crapanzano@chu.ulg.ac.be,Boîte de réception - erp.sai@chuliege.be - Outlook,Helpdesk général,2021-01-06,13:20:21,00:00:03
stefano.crapanzano@chu.ulg.ac.be,Boîte de réception - erp.sai@chuliege.be - Outlook,Helpdesk général,2021-01-06,14:31:06,01:22:39
stefano.crapanzano@chu.ulg.ac.be,Boîte de Réception - Zimbra - Stefano Crapanzano - Outlook,Helpdesk général,2021-01-06,08:36:34,00:00:03
stefano.crapanzano@chu.ulg.ac.be,Boîte de Réception - Zimbra - Stefano Crapanzano - Outlook,Helpdesk général,2021-01-06,08:37:01,00:00:06
stefano.crapanzano@chu.ulg.ac.be,Boîte de Réception - Zimbra - Stefano Crapanzano - Outlook,Helpdesk général,2021-01-06,09:37:04,00:00:56
stefano.crapanzano@chu.ulg.ac.be,Boîte de Réception - Zimbra - Stefano Crapanzano - Outlook,Helpdesk général,2021-01-06,10:00:29,00:00:07
stefano.crapanzano@chu.ulg.ac.be,Boîte de Réception - Zimbra - Stefano Crapanzano - Outlook,Helpdesk général,2021-01-06,12:00:36,00:00:03
stefano.crapanzano@chu.ulg.ac.be,Boîte de Réception - Zimbra - Stefano Crapanzano - Outlook,Helpdesk général,2021-01-06,12:20:02,00:00:57
stefano.crapanzano@chu.ulg.ac.be,Boîte de Réception - Zimbra - Stefano Crapanzano - Outlook,Helpdesk général,2021-01-06,12:41:02,00:24:08
stefano.crapanzano@chu.ulg.ac.be,Boîte de Réception - Zimbra - Stefano Crapanzano - Outlook,Helpdesk général,2021-01-06,13:18:21,00:00:04
stefano.crapanzano@chu.ulg.ac.be,SDERP-17522 P203 CHU Rapprochement F-03 pour mut V0300000 - Message (HTML),Helpdesk général,2021-01-06,08:33:56,00:00:02
stefano.crapanzano@chu.ulg.ac.be,TR: SDERP-17522 P203 CHU Rapprochement F-03 pour mut V0300000 - Message (HTML),Helpdesk général,2021-01-06,08:33:58,00:02:29
stefano.crapanzano@chu.ulg.ac.be,taskeng.exe,IT,2021-01-06,08:36:28,00:00:06
stefano.crapanzano@chu.ulg.ac.be,Lecture documentation,Tâches diverses,2021-01-06,08:36:37,00:00:24
stefano.crapanzano@chu.ulg.ac.be,Lecture documentation,Tâches diverses,2021-01-06,08:37:29,00:00:24
stefano.crapanzano@chu.ulg.ac.be,Lecture documentation,Tâches diverses,2021-01-06,09:28:21,00:00:03
stefano.crapanzano@chu.ulg.ac.be,Lecture documentation,Tâches diverses,2021-01-06,09:32:18,00:00:03
stefano.crapanzano@chu.ulg.ac.be,Lecture documentation,Tâches diverses,2021-01-06,09:41:56,00:10:44
stefano.crapanzano@chu.ulg.ac.be,Lecture documentation,Tâches diverses,2021-01-06,09:53:07,00:01:29
stefano.crapanzano@chu.ulg.ac.be,Lecture documentation,Tâches diverses,2021-01-06,10:36:34,00:00:33
stefano.crapanzano@chu.ulg.ac.be,Lecture documentation,Tâches diverses,2021-01-06,12:03:03,00:02:17
stefano.crapanzano@chu.ulg.ac.be,Lecture documentation,Tâches diverses,2021-01-06,12:05:40,00:00:41
stefano.crapanzano@chu.ulg.ac.be,Lecture documentation,Tâches diverses,2021-01-06,12:06:30,00:04:30
stefano.crapanzano@chu.ulg.ac.be,Lecture documentation,Tâches diverses,2021-01-06,12:11:12,00:08:47
stefano.crapanzano@chu.ulg.ac.be,Lecture documentation,Tâches diverses,2021-01-06,12:38:01,00:02:40
stefano.crapanzano@chu.ulg.ac.be,Lecture documentation,Tâches diverses,2021-01-06,13:05:52,00:00:16
stefano.crapanzano@chu.ulg.ac.be,Lecture documentation,Tâches diverses,2021-01-06,13:20:25,01:10:40
stefano.crapanzano@chu.ulg.ac.be,Lecture documentation,Tâches diverses,2021-01-06,15:53:46,01:11:01
stefano.crapanzano@chu.ulg.ac.be,Sent - erp.sai@chuliege.be - Outlook,Helpdesk général,2021-01-06,08:37:59,00:16:50
stefano.crapanzano@chu.ulg.ac.be,Sent - erp.sai@chuliege.be - Outlook,Helpdesk général,2021-01-06,08:58:41,00:00:12
stefano.crapanzano@chu.ulg.ac.be,Sent - erp.sai@chuliege.be - Outlook,Helpdesk général,2021-01-06,09:41:19,00:00:34
stefano.crapanzano@chu.ulg.ac.be,Sent - erp.sai@chuliege.be - Outlook,Helpdesk général,2021-01-06,09:52:42,00:00:02
stefano.crapanzano@chu.ulg.ac.be,Sent - erp.sai@chuliege.be - Outlook,Helpdesk général,2021-01-06,10:00:37,00:00:23
stefano.crapanzano@chu.ulg.ac.be,Sent - erp.sai@chuliege.be - Outlook,Helpdesk général,2021-01-06,10:12:52,00:00:03
stefano.crapanzano@chu.ulg.ac.be,Sent - erp.sai@chuliege.be - Outlook,Helpdesk général,2021-01-06,10:56:54,00:00:07
stefano.crapanzano@chu.ulg.ac.be,Sent - erp.sai@chuliege.be - Outlook,Helpdesk général,2021-01-06,11:02:28,00:00:22
stefano.crapanzano@chu.ulg.ac.be,Sent - erp.sai@chuliege.be - Outlook,Helpdesk général,2021-01-06,11:02:56,00:00:20
stefano.crapanzano@chu.ulg.ac.be,Sent - erp.sai@chuliege.be - Outlook,Helpdesk général,2021-01-06,11:03:22,00:00:03
stefano.crapanzano@chu.ulg.ac.be,Sent - erp.sai@chuliege.be - Outlook,Helpdesk général,2021-01-06,11:03:31,00:24:33
stefano.crapanzano@chu.ulg.ac.be,Sent - erp.sai@chuliege.be - Outlook,Helpdesk général,2021-01-06,11:38:16,00:00:02
stefano.crapanzano@chu.ulg.ac.be,Sent - erp.sai@chuliege.be - Outlook,Helpdesk général,2021-01-06,11:41:18,00:00:04
stefano.crapanzano@chu.ulg.ac.be,Sent - erp.sai@chuliege.be - Outlook,Helpdesk général,2021-01-06,12:00:39,00:00:20
stefano.crapanzano@chu.ulg.ac.be,Sent - erp.sai@chuliege.be - Outlook,Helpdesk général,2021-01-06,12:21:00,00:00:04
stefano.crapanzano@chu.ulg.ac.be,Sent - erp.sai@chuliege.be - Outlook,Helpdesk général,2021-01-06,12:37:04,00:00:26
stefano.crapanzano@chu.ulg.ac.be,Sent - erp.sai@chuliege.be - Outlook,Helpdesk général,2021-01-06,13:05:15,00:00:24
stefano.crapanzano@chu.ulg.ac.be,Sent - erp.sai@chuliege.be - Outlook,Helpdesk général,2021-01-06,13:05:44,00:00:04
stefano.crapanzano@chu.ulg.ac.be,Sent - erp.sai@chuliege.be - Outlook,Helpdesk général,2021-01-06,13:10:48,00:00:04
stefano.crapanzano@chu.ulg.ac.be,Sent - erp.sai@chuliege.be - Outlook,Helpdesk général,2021-01-06,13:11:30,00:00:04
stefano.crapanzano@chu.ulg.ac.be,Sent - erp.sai@chuliege.be - Outlook,Helpdesk général,2021-01-06,13:12:06,00:00:03
stefano.crapanzano@chu.ulg.ac.be,Sent - erp.sai@chuliege.be - Outlook,Helpdesk général,2021-01-06,13:18:26,00:01:55
stefano.crapanzano@chu.ulg.ac.be,myCHU - Google Chrome,Tâches diverses,2021-01-06,08:54:52,00:00:04
stefano.crapanzano@chu.ulg.ac.be,myCHU - Google Chrome,Tâches diverses,2021-01-06,09:28:19,00:00:02
stefano.crapanzano@chu.ulg.ac.be,myCHU - Google Chrome,Tâches diverses,2021-01-06,09:32:24,00:00:04
stefano.crapanzano@chu.ulg.ac.be,myCHU - Google Chrome,Tâches diverses,2021-01-06,09:32:32,00:00:02
stefano.crapanzano@chu.ulg.ac.be,myCHU - Google Chrome,Tâches diverses,2021-01-06,09:32:45,00:00:04
stefano.crapanzano@chu.ulg.ac.be,myCHU - Google Chrome,Tâches diverses,2021-01-06,12:01:18,00:00:05
stefano.crapanzano@chu.ulg.ac.be,Service MT - Google Chrome,Tâches diverses,2021-01-06,08:55:08,00:01:00
stefano.crapanzano@chu.ulg.ac.be,Identification - Google Chrome,Tâches diverses,2021-01-06,08:55:00,00:00:07
stefano.crapanzano@chu.ulg.ac.be,SAM - DB - Google Chrome,Tâches diverses,2021-01-06,08:56:09,00:02:31
stefano.crapanzano@chu.ulg.ac.be,SAM - DB - Google Chrome,Tâches diverses,2021-01-06,09:28:15,00:00:03
stefano.crapanzano@chu.ulg.ac.be,SAM - DB - Google Chrome,Tâches diverses,2021-01-06,12:01:07,00:00:03
stefano.crapanzano@chu.ulg.ac.be,SAP Logon 750,Exploration SAP,2021-01-06,08:59:28,00:00:03
stefano.crapanzano@chu.ulg.ac.be,SAP Logon 750,Exploration SAP,2021-01-06,11:45:07,00:00:02
stefano.crapanzano@chu.ulg.ac.be,SAP Easy Access Menu de base Applications financières-économiques,Exploration SAP,2021-01-06,08:59:31,00:00:07
stefano.crapanzano@chu.ulg.ac.be,SAP Easy Access Menu de base Applications financières-économiques,Exploration SAP,2021-01-06,08:59:41,00:00:09
stefano.crapanzano@chu.ulg.ac.be,SAP Easy Access Menu de base Applications financières-économiques,Exploration SAP,2021-01-06,08:59:53,00:00:04
stefano.crapanzano@chu.ulg.ac.be,SAP Easy Access Menu de base Applications financières-économiques,Exploration SAP,2021-01-06,09:01:59,00:00:03
stefano.crapanzano@chu.ulg.ac.be,SAP Easy Access Menu de base Applications financières-économiques,Exploration SAP,2021-01-06,11:45:10,00:00:03
stefano.crapanzano@chu.ulg.ac.be,SAP Easy Access Menu de base Applications financières-économiques,Exploration SAP,2021-01-06,13:06:17,00:00:02
stefano.crapanzano@chu.ulg.ac.be,Liste des postes individuels fournisseurs,Exploration SAP,2021-01-06,08:59:38,00:00:02
stefano.crapanzano@chu.ulg.ac.be,Liste des postes individuels clients,Exploration SAP,2021-01-06,08:59:50,00:00:02
stefano.crapanzano@chu.ulg.ac.be,Comptes généraux pos. indiv.,Exploration SAP,2021-01-06,08:59:58,00:01:38
stefano.crapanzano@chu.ulg.ac.be,Comptes généraux pos. indiv.,Exploration SAP,2021-01-06,09:01:52,00:00:07
stefano.crapanzano@chu.ulg.ac.be,Sans titre - Message (HTML),Helpdesk général,2021-01-06,09:01:39,00:00:11
stefano.crapanzano@chu.ulg.ac.be,Sans titre - Message (HTML),Helpdesk général,2021-01-06,09:02:49,00:00:09
stefano.crapanzano@chu.ulg.ac.be,Sans titre - Message (HTML),Helpdesk général,2021-01-06,09:27:49,00:00:20
stefano.crapanzano@chu.ulg.ac.be,Sans titre - Message (HTML),Helpdesk général,2021-01-06,10:57:04,00:00:08
stefano.crapanzano@chu.ulg.ac.be,Navigation système de fichier,IT,2021-01-06,09:03:54,00:00:12
stefano.crapanzano@chu.ulg.ac.be,Navigation système de fichier,IT,2021-01-06,09:22:43,00:01:25
stefano.crapanzano@chu.ulg.ac.be,Navigation système de fichier,IT,2021-01-06,09:36:21,00:00:02
stefano.crapanzano@chu.ulg.ac.be,Navigation système de fichier,IT,2021-01-06,09:54:36,00:00:07
stefano.crapanzano@chu.ulg.ac.be,Navigation système de fichier,IT,2021-01-06,09:58:03,00:00:20
stefano.crapanzano@chu.ulg.ac.be,Navigation système de fichier,IT,2021-01-06,10:19:22,00:00:05
stefano.crapanzano@chu.ulg.ac.be,Navigation système de fichier,IT,2021-01-06,10:32:57,00:00:02
stefano.crapanzano@chu.ulg.ac.be,Navigation système de fichier,IT,2021-01-06,10:34:22,00:00:02
stefano.crapanzano@chu.ulg.ac.be,Navigation système de fichier,IT,2021-01-06,10:37:41,00:00:19
stefano.crapanzano@chu.ulg.ac.be,Navigation système de fichier,IT,2021-01-06,10:38:23,00:00:03
stefano.crapanzano@chu.ulg.ac.be,Navigation système de fichier,IT,2021-01-06,10:39:01,00:00:07
stefano.crapanzano@chu.ulg.ac.be,Navigation système de fichier,IT,2021-01-06,10:39:11,00:00:05
stefano.crapanzano@chu.ulg.ac.be,Navigation système de fichier,IT,2021-01-06,10:39:27,00:00:07
stefano.crapanzano@chu.ulg.ac.be,Navigation système de fichier,IT,2021-01-06,10:39:40,00:00:03
stefano.crapanzano@chu.ulg.ac.be,Navigation système de fichier,IT,2021-01-06,10:44:17,00:00:02
stefano.crapanzano@chu.ulg.ac.be,Navigation système de fichier,IT,2021-01-06,10:52:09,00:00:03
stefano.crapanzano@chu.ulg.ac.be,Navigation système de fichier,IT,2021-01-06,10:53:01,00:00:04
stefano.crapanzano@chu.ulg.ac.be,Navigation système de fichier,IT,2021-01-06,10:56:39,00:00:03
stefano.crapanzano@chu.ulg.ac.be,Navigation système de fichier,IT,2021-01-06,10:56:49,00:00:04
stefano.crapanzano@chu.ulg.ac.be,Navigation système de fichier,IT,2021-01-06,10:57:36,00:00:11
stefano.crapanzano@chu.ulg.ac.be,Navigation système de fichier,IT,2021-01-06,10:58:46,00:00:11
stefano.crapanzano@chu.ulg.ac.be,Navigation système de fichier,IT,2021-01-06,10:59:16,00:00:05
stefano.crapanzano@chu.ulg.ac.be,Navigation système de fichier,IT,2021-01-06,11:02:02,00:00:03
stefano.crapanzano@chu.ulg.ac.be,Navigation système de fichier,IT,2021-01-06,12:37:39,00:00:02
stefano.crapanzano@chu.ulg.ac.be,Navigation système de fichier,IT,2021-01-06,12:40:44,00:00:13
stefano.crapanzano@chu.ulg.ac.be,Navigation système de fichier,IT,2021-01-06,13:06:09,00:00:02
stefano.crapanzano@chu.ulg.ac.be,Navigation système de fichier,IT,2021-01-06,13:06:28,00:00:06
stefano.crapanzano@chu.ulg.ac.be,Navigation système de fichier,IT,2021-01-06,13:08:39,00:02:03
stefano.crapanzano@chu.ulg.ac.be,Navigation système de fichier,IT,2021-01-06,13:12:30,00:00:11
stefano.crapanzano@chu.ulg.ac.be,Navigation système de fichier,IT,2021-01-06,13:12:47,00:00:05
stefano.crapanzano@chu.ulg.ac.be,Afficher pièce : Ecran initial,Exploration SAP,2021-01-06,09:02:02,00:00:02
stefano.crapanzano@chu.ulg.ac.be,Afficher pièce : Ecran initial,Exploration SAP,2021-01-06,09:03:50,00:00:03
stefano.crapanzano@chu.ulg.ac.be,Afficher pièce : Ecran initial,Exploration SAP,2021-01-06,09:04:06,00:00:04
stefano.crapanzano@chu.ulg.ac.be,Afficher pièce : Ecran initial,Exploration SAP,2021-01-06,09:04:13,00:02:08
stefano.crapanzano@chu.ulg.ac.be,Sélectionner exercice,Exploration SAP,2021-01-06,09:02:05,00:00:04
stefano.crapanzano@chu.ulg.ac.be,Afficher pièce : Synthèse,Exploration SAP,2021-01-06,09:02:10,00:00:39
stefano.crapanzano@chu.ulg.ac.be,Afficher pièce : Synthèse,Exploration SAP,2021-01-06,09:02:59,00:00:51
stefano.crapanzano@chu.ulg.ac.be,Afficher pièce : Synthèse,Exploration SAP,2021-01-06,09:04:11,00:00:02
stefano.crapanzano@chu.ulg.ac.be,Afficher pièce : Synthèse,Exploration SAP,2021-01-06,09:06:22,00:00:48
stefano.crapanzano@chu.ulg.ac.be,Afficher pièce : Synthèse,Exploration SAP,2021-01-06,09:07:17,00:00:18
stefano.crapanzano@chu.ulg.ac.be,Afficher pièce : Synthèse,Exploration SAP,2021-01-06,09:07:43,00:00:21
stefano.crapanzano@chu.ulg.ac.be,Afficher pièce : Poste 197,Exploration SAP,2021-01-06,09:07:10,00:00:07
stefano.crapanzano@chu.ulg.ac.be,Afficher pièce : Poste 197,Exploration SAP,2021-01-06,09:07:35,00:00:08
stefano.crapanzano@chu.ulg.ac.be,Netop Invité,Helpdesk général,2021-01-06,09:08:05,00:00:15
stefano.crapanzano@chu.ulg.ac.be,Netop Invité,Helpdesk général,2021-01-06,09:28:12,00:00:02
stefano.crapanzano@chu.ulg.ac.be,Netop Invité,Helpdesk général,2021-01-06,10:27:09,00:00:59
stefano.crapanzano@chu.ulg.ac.be,Connexion à l'aide de l'authentification Windows,Helpdesk général,2021-01-06,09:08:22,00:00:04
stefano.crapanzano@chu.ulg.ac.be,Connexion à l'aide de l'authentification Windows,Helpdesk général,2021-01-06,09:08:28,00:00:03
stefano.crapanzano@chu.ulg.ac.be,192.168.79.168 - Netop Remote Control,Helpdesk général,2021-01-06,09:08:33,00:14:10
stefano.crapanzano@chu.ulg.ac.be,192.168.79.168 - Netop Remote Control,Helpdesk général,2021-01-06,09:24:09,00:03:39
stefano.crapanzano@chu.ulg.ac.be,Demandes - Service d'assistance - Google Chrome,Tâches diverses,2021-01-06,09:28:25,00:00:21
stefano.crapanzano@chu.ulg.ac.be,Demandes - Service d'assistance - Google Chrome,Tâches diverses,2021-01-06,09:35:04,00:00:15
stefano.crapanzano@chu.ulg.ac.be,P203 CHU Rapprochement F-03 pour mut V0300000 - Bienvenue! Vous pouvez poser une demande de Service Desk ERP for HealthCare parmi les options fournies. - Service d'assistance - Google Chrome,Tâches diverses,2021-01-06,09:28:46,00:03:31
stefano.crapanzano@chu.ulg.ac.be,P203 CHU Rapprochement F-03 pour mut V0300000 - Bienvenue! Vous pouvez poser une demande de Service Desk ERP for HealthCare parmi les options fournies. - Service d'assistance - Google Chrome,Tâches diverses,2021-01-06,09:32:36,00:00:05
stefano.crapanzano@chu.ulg.ac.be,P203 CHU Rapprochement F-03 pour mut V0300000 - Bienvenue! Vous pouvez poser une demande de Service Desk ERP for HealthCare parmi les options fournies. - Service d'assistance - Google Chrome,Tâches diverses,2021-01-06,09:32:43,00:00:02
stefano.crapanzano@chu.ulg.ac.be,P203 CHU Rapprochement F-03 pour mut V0300000 - Bienvenue! Vous pouvez poser une demande de Service Desk ERP for HealthCare parmi les options fournies. - Service d'assistance - Google Chrome,Tâches diverses,2021-01-06,09:32:50,00:02:14
stefano.crapanzano@chu.ulg.ac.be,P203 CHU Rapprochement F-03 pour mut V0300000 - Bienvenue! Vous pouvez poser une demande de Service Desk ERP for HealthCare parmi les options fournies. - Service d'assistance - Google Chrome,Tâches diverses,2021-01-06,09:35:20,00:01:01
stefano.crapanzano@chu.ulg.ac.be,P203 CHU Rapprochement F-03 pour mut V0300000 - Bienvenue! Vous pouvez poser une demande de Service Desk ERP for HealthCare parmi les options fournies. - Service d'assistance - Google Chrome,Tâches diverses,2021-01-06,10:01:00,00:11:50
stefano.crapanzano@chu.ulg.ac.be,P203 CHU Rapprochement F-03 pour mut V0300000 - Bienvenue! Vous pouvez poser une demande de Service Desk ERP for HealthCare parmi les options fournies. - Service d'assistance - Google Chrome,Tâches diverses,2021-01-06,10:54:20,00:00:06
stefano.crapanzano@chu.ulg.ac.be,P203 CHU Rapprochement F-03 pour mut V0300000 - Bienvenue! Vous pouvez poser une demande de Service Desk ERP for HealthCare parmi les options fournies. - Service d'assistance - Google Chrome,Tâches diverses,2021-01-06,11:28:06,00:01:10
stefano.crapanzano@chu.ulg.ac.be,P203 CHU Rapprochement F-03 pour mut V0300000 - Bienvenue! Vous pouvez poser une demande de Service Desk ERP for HealthCare parmi les options fournies. - Service d'assistance - Google Chrome,Tâches diverses,2021-01-06,11:29:18,00:04:17
stefano.crapanzano@chu.ulg.ac.be,P203 CHU Rapprochement F-03 pour mut V0300000 - Bienvenue! Vous pouvez poser une demande de Service Desk ERP for HealthCare parmi les options fournies. - Service d'assistance - Google Chrome,Tâches diverses,2021-01-06,11:33:38,00:04:36
stefano.crapanzano@chu.ulg.ac.be,P203 CHU Rapprochement F-03 pour mut V0300000 - Bienvenue! Vous pouvez poser une demande de Service Desk ERP for HealthCare parmi les options fournies. - Service d'assistance - Google Chrome,Tâches diverses,2021-01-06,11:55:23,00:04:22
stefano.crapanzano@chu.ulg.ac.be,P203 CHU Rapprochement F-03 pour mut V0300000 - Bienvenue! Vous pouvez poser une demande de Service Desk ERP for HealthCare parmi les options fournies. - Service d'assistance - Google Chrome,Tâches diverses,2021-01-06,12:01:05,00:00:02
stefano.crapanzano@chu.ulg.ac.be,Stefano CRAPANZANO - erp.sai@chuliege.be - Outlook,Helpdesk général,2021-01-06,09:38:07,00:00:38
stefano.crapanzano@chu.ulg.ac.be,Stefano CRAPANZANO - erp.sai@chuliege.be - Outlook,Helpdesk général,2021-01-06,09:38:53,00:02:21
stefano.crapanzano@chu.ulg.ac.be,Stefano CRAPANZANO - erp.sai@chuliege.be - Outlook,Helpdesk général,2021-01-06,11:41:22,00:03:40
stefano.crapanzano@chu.ulg.ac.be,Stefano CRAPANZANO - erp.sai@chuliege.be - Outlook,Helpdesk général,2021-01-06,11:45:05,00:00:02
stefano.crapanzano@chu.ulg.ac.be,Stefano CRAPANZANO - erp.sai@chuliege.be - Outlook,Helpdesk général,2021-01-06,11:59:47,00:00:02
stefano.crapanzano@chu.ulg.ac.be,Ouverture -Excel,Tâches diverses,2021-01-06,09:54:44,00:00:03
stefano.crapanzano@chu.ulg.ac.be,Ouverture -Excel,Tâches diverses,2021-01-06,10:32:59,00:00:02
stefano.crapanzano@chu.ulg.ac.be,Ouverture -Excel,Tâches diverses,2021-01-06,10:38:28,00:00:02
stefano.crapanzano@chu.ulg.ac.be,Fichier en cours d'utilisation,Tâches diverses,2021-01-06,09:54:48,00:00:03
stefano.crapanzano@chu.ulg.ac.be,MACRO_QUERY_FROM_CELL.xlsm  [Lecture seule] - Excel,Tâches diverses,2021-01-06,09:54:51,00:03:11
stefano.crapanzano@chu.ulg.ac.be,MACRO_QUERY_FROM_CELL.xlsm  [Lecture seule] - Excel,Tâches diverses,2021-01-06,09:58:27,00:01:58
stefano.crapanzano@chu.ulg.ac.be,MACRO_QUERY_FROM_CELL.xlsm  [Lecture seule] - Excel,Tâches diverses,2021-01-06,10:12:56,00:00:24
stefano.crapanzano@chu.ulg.ac.be,MACRO_QUERY_FROM_CELL.xlsm  [Lecture seule] - Excel,Tâches diverses,2021-01-06,10:15:19,00:00:18
stefano.crapanzano@chu.ulg.ac.be,MACRO_QUERY_FROM_CELL.xlsm  [Lecture seule] - Excel,Tâches diverses,2021-01-06,10:16:23,00:00:30
stefano.crapanzano@chu.ulg.ac.be,MACRO_QUERY_FROM_CELL.xlsm  [Lecture seule] - Excel,Tâches diverses,2021-01-06,10:16:56,00:00:09
stefano.crapanzano@chu.ulg.ac.be,MACRO_QUERY_FROM_CELL.xlsm  [Lecture seule] - Excel,Tâches diverses,2021-01-06,10:17:09,00:00:07
stefano.crapanzano@chu.ulg.ac.be,MACRO_QUERY_FROM_CELL.xlsm  [Lecture seule] - Excel,Tâches diverses,2021-01-06,10:17:19,00:00:21
stefano.crapanzano@chu.ulg.ac.be,MACRO_QUERY_FROM_CELL.xlsm  [Lecture seule] - Excel,Tâches diverses,2021-01-06,10:17:43,00:00:15
stefano.crapanzano@chu.ulg.ac.be,MACRO_QUERY_FROM_CELL.xlsm  [Lecture seule] - Excel,Tâches diverses,2021-01-06,10:18:03,00:01:04
stefano.crapanzano@chu.ulg.ac.be,MACRO_QUERY_FROM_CELL.xlsm  [Lecture seule] - Excel,Tâches diverses,2021-01-06,10:19:38,00:01:13
stefano.crapanzano@chu.ulg.ac.be,MACRO_QUERY_FROM_CELL.xlsm  [Lecture seule] - Excel,Tâches diverses,2021-01-06,10:21:07,00:00:48
stefano.crapanzano@chu.ulg.ac.be,MACRO_QUERY_FROM_CELL.xlsm  [Lecture seule] - Excel,Tâches diverses,2021-01-06,10:22:21,00:00:20
stefano.crapanzano@chu.ulg.ac.be,MACRO_QUERY_FROM_CELL.xlsm  [Lecture seule] - Excel,Tâches diverses,2021-01-06,10:23:11,00:00:12
stefano.crapanzano@chu.ulg.ac.be,MACRO_QUERY_FROM_CELL.xlsm  [Lecture seule] - Excel,Tâches diverses,2021-01-06,10:23:39,00:00:04
stefano.crapanzano@chu.ulg.ac.be,MACRO_QUERY_FROM_CELL.xlsm  [Lecture seule] - Excel,Tâches diverses,2021-01-06,10:23:53,00:01:08
stefano.crapanzano@chu.ulg.ac.be,MACRO_QUERY_FROM_CELL.xlsm  [Lecture seule] - Excel,Tâches diverses,2021-01-06,10:25:03,00:00:07
stefano.crapanzano@chu.ulg.ac.be,MACRO_QUERY_FROM_CELL.xlsm  [Lecture seule] - Excel,Tâches diverses,2021-01-06,10:25:15,00:00:04
stefano.crapanzano@chu.ulg.ac.be,MACRO_QUERY_FROM_CELL.xlsm  [Lecture seule] - Excel,Tâches diverses,2021-01-06,10:25:33,00:01:36
stefano.crapanzano@chu.ulg.ac.be,MACRO_QUERY_FROM_CELL.xlsm  [Lecture seule] - Excel,Tâches diverses,2021-01-06,10:28:11,00:00:33
stefano.crapanzano@chu.ulg.ac.be,MACRO_QUERY_FROM_CELL.xlsm  [Lecture seule] - Excel,Tâches diverses,2021-01-06,10:28:53,00:00:16
stefano.crapanzano@chu.ulg.ac.be,MACRO_QUERY_FROM_CELL.xlsm  [Lecture seule] - Excel,Tâches diverses,2021-01-06,10:29:16,00:00:20
stefano.crapanzano@chu.ulg.ac.be,MACRO_QUERY_FROM_CELL.xlsm  [Lecture seule] - Excel,Tâches diverses,2021-01-06,10:29:46,00:01:02
stefano.crapanzano@chu.ulg.ac.be,MACRO_QUERY_FROM_CELL.xlsm  [Lecture seule] - Excel,Tâches diverses,2021-01-06,10:31:10,00:00:14
stefano.crapanzano@chu.ulg.ac.be,MACRO_QUERY_FROM_CELL.xlsm  [Lecture seule] - Excel,Tâches diverses,2021-01-06,10:31:27,00:00:02
stefano.crapanzano@chu.ulg.ac.be,C:\Users\c158492\ProjetBoulot\SQL\GOAL\v_goal_extract_articles.sql - Notepad++ [Administrator],IT,2021-01-06,09:58:23,00:00:02
stefano.crapanzano@chu.ulg.ac.be,C:\Users\c158492\ProjetBoulot\SQL\GOAL\v_goal_extract_articles.sql - Notepad++ [Administrator],IT,2021-01-06,10:19:18,00:00:02
stefano.crapanzano@chu.ulg.ac.be,Gestionnaire des règles de mise en forme conditionnelle,Tâches diverses,2021-01-06,10:13:20,00:00:03
stefano.crapanzano@chu.ulg.ac.be,Gestionnaire des règles de mise en forme conditionnelle,Tâches diverses,2021-01-06,10:13:57,00:00:48
stefano.crapanzano@chu.ulg.ac.be,Gestionnaire des règles de mise en forme conditionnelle,Tâches diverses,2021-01-06,10:15:02,00:00:16
stefano.crapanzano@chu.ulg.ac.be,Gestionnaire des règles de mise en forme conditionnelle,Tâches diverses,2021-01-06,10:15:37,00:00:07
stefano.crapanzano@chu.ulg.ac.be,Gestionnaire des règles de mise en forme conditionnelle,Tâches diverses,2021-01-06,10:15:49,00:00:09
stefano.crapanzano@chu.ulg.ac.be,Gestionnaire des règles de mise en forme conditionnelle,Tâches diverses,2021-01-06,10:16:18,00:00:04
stefano.crapanzano@chu.ulg.ac.be,Gestionnaire des règles de mise en forme conditionnelle,Tâches diverses,2021-01-06,10:20:51,00:00:15
stefano.crapanzano@chu.ulg.ac.be,Gestionnaire des règles de mise en forme conditionnelle,Tâches diverses,2021-01-06,10:21:55,00:00:07
stefano.crapanzano@chu.ulg.ac.be,Gestionnaire des règles de mise en forme conditionnelle,Tâches diverses,2021-01-06,10:22:15,00:00:06
stefano.crapanzano@chu.ulg.ac.be,Gestionnaire des règles de mise en forme conditionnelle,Tâches diverses,2021-01-06,10:22:44,00:00:03
stefano.crapanzano@chu.ulg.ac.be,Gestionnaire des règles de mise en forme conditionnelle,Tâches diverses,2021-01-06,10:23:08,00:00:02
stefano.crapanzano@chu.ulg.ac.be,Gestionnaire des règles de mise en forme conditionnelle,Tâches diverses,2021-01-06,10:23:23,00:00:04
stefano.crapanzano@chu.ulg.ac.be,Gestionnaire des règles de mise en forme conditionnelle,Tâches diverses,2021-01-06,10:23:43,00:00:03
stefano.crapanzano@chu.ulg.ac.be,Gestionnaire des règles de mise en forme conditionnelle,Tâches diverses,2021-01-06,10:25:19,00:00:06
stefano.crapanzano@chu.ulg.ac.be,Gestionnaire des règles de mise en forme conditionnelle,Tâches diverses,2021-01-06,10:25:30,00:00:02
stefano.crapanzano@chu.ulg.ac.be,Modifier la règle de mise en forme,Tâches diverses,2021-01-06,10:13:24,00:00:13
stefano.crapanzano@chu.ulg.ac.be,Modifier la règle de mise en forme,Tâches diverses,2021-01-06,10:13:54,00:00:03
stefano.crapanzano@chu.ulg.ac.be,Modifier la règle de mise en forme,Tâches diverses,2021-01-06,10:14:45,00:00:13
stefano.crapanzano@chu.ulg.ac.be,Modifier la règle de mise en forme,Tâches diverses,2021-01-06,10:15:45,00:00:04
stefano.crapanzano@chu.ulg.ac.be,Modifier la règle de mise en forme,Tâches diverses,2021-01-06,10:22:02,00:00:13
stefano.crapanzano@chu.ulg.ac.be,Modifier la règle de mise en forme,Tâches diverses,2021-01-06,10:23:28,00:00:09
stefano.crapanzano@chu.ulg.ac.be,Modifier la règle de mise en forme,Tâches diverses,2021-01-06,10:23:47,00:00:04
stefano.crapanzano@chu.ulg.ac.be,Modifier la règle de mise en forme,Tâches diverses,2021-01-06,10:25:25,00:00:04
stefano.crapanzano@chu.ulg.ac.be,Format de cellule,Tâches diverses,2021-01-06,10:13:37,00:00:16
stefano.crapanzano@chu.ulg.ac.be,Format de cellule,Tâches diverses,2021-01-06,10:14:59,00:00:02
stefano.crapanzano@chu.ulg.ac.be,Format de cellule,Tâches diverses,2021-01-06,10:16:15,00:00:02
stefano.crapanzano@chu.ulg.ac.be,Format de cellule,Tâches diverses,2021-01-06,10:16:53,00:00:02
stefano.crapanzano@chu.ulg.ac.be,Format de cellule,Tâches diverses,2021-01-06,10:17:05,00:00:03
stefano.crapanzano@chu.ulg.ac.be,Format de cellule,Tâches diverses,2021-01-06,10:17:17,00:00:02
stefano.crapanzano@chu.ulg.ac.be,Format de cellule,Tâches diverses,2021-01-06,10:17:41,00:00:02
stefano.crapanzano@chu.ulg.ac.be,Format de cellule,Tâches diverses,2021-01-06,10:23:06,00:00:02
stefano.crapanzano@chu.ulg.ac.be,Format de cellule,Tâches diverses,2021-01-06,10:40:03,00:00:05
stefano.crapanzano@chu.ulg.ac.be,Nouvelle règle de mise en forme,Tâches diverses,2021-01-06,10:15:59,00:00:15
stefano.crapanzano@chu.ulg.ac.be,Nouvelle règle de mise en forme,Tâches diverses,2021-01-06,10:22:48,00:00:18
stefano.crapanzano@chu.ulg.ac.be,Hauteur de ligne,Tâches diverses,2021-01-06,10:17:59,00:00:03
stefano.crapanzano@chu.ulg.ac.be,*C:\Users\c158492\ProjetBoulot\SQL\GOAL\v_goal_extract_articles.sql - Notepad++ [Administrator],IT,2021-01-06,10:19:09,00:00:08
stefano.crapanzano@chu.ulg.ac.be,new 8 - Notepad++ [Administrator],IT,2021-01-06,10:19:20,00:00:02
stefano.crapanzano@chu.ulg.ac.be,*new 8 - Notepad++ [Administrator],IT,2021-01-06,10:19:28,00:00:08
stefano.crapanzano@chu.ulg.ac.be,Valeurs en double,Tâches diverses,2021-01-06,10:25:10,00:00:04
stefano.crapanzano@chu.ulg.ac.be,Microsoft Visual Basic,Tâches diverses,2021-01-06,10:28:45,00:00:02
stefano.crapanzano@chu.ulg.ac.be,Microsoft Visual Basic,Tâches diverses,2021-01-06,10:38:36,00:00:02
stefano.crapanzano@chu.ulg.ac.be,Microsoft Visual Basic pour Applications - MACRO_QUERY_FROM_CELL.xlsm - [Module1 (Code)],Tâches diverses,2021-01-06,10:28:51,00:00:02
stefano.crapanzano@chu.ulg.ac.be,Microsoft Visual Basic pour Applications - MACRO_QUERY_FROM_CELL.xlsm [arrêt] - [Module1 (Code)],Tâches diverses,2021-01-06,10:28:48,00:00:02
stefano.crapanzano@chu.ulg.ac.be,Microsoft Visual Basic pour Applications - MACRO_QUERY_FROM_CELL.xlsm [arrêt] - [Module1 (Code)],Tâches diverses,2021-01-06,10:29:11,00:00:02
stefano.crapanzano@chu.ulg.ac.be,Sélectionner la source de données,Tâches diverses,2021-01-06,10:29:36,00:00:09
stefano.crapanzano@chu.ulg.ac.be,Sélectionner la source de données,Tâches diverses,2021-01-06,10:52:32,00:00:04
stefano.crapanzano@chu.ulg.ac.be,Connexions du classeur,Tâches diverses,2021-01-06,10:30:49,00:00:08
stefano.crapanzano@chu.ulg.ac.be,Connexions du classeur,Tâches diverses,2021-01-06,10:30:58,00:00:06
stefano.crapanzano@chu.ulg.ac.be,Connexions du classeur,Tâches diverses,2021-01-06,10:31:05,00:00:04
stefano.crapanzano@chu.ulg.ac.be,Connexions du classeur,Tâches diverses,2021-01-06,10:52:18,00:00:02
stefano.crapanzano@chu.ulg.ac.be,Connexions du classeur,Tâches diverses,2021-01-06,10:53:39,00:00:03
stefano.crapanzano@chu.ulg.ac.be,Microsoft Excel,Tâches diverses,2021-01-06,10:31:24,00:00:02
stefano.crapanzano@chu.ulg.ac.be,Microsoft Excel,Tâches diverses,2021-01-06,10:33:30,00:00:04
stefano.crapanzano@chu.ulg.ac.be,Microsoft Excel,Tâches diverses,2021-01-06,10:37:26,00:00:03
stefano.crapanzano@chu.ulg.ac.be,Microsoft Excel,Tâches diverses,2021-01-06,10:39:36,00:00:02
stefano.crapanzano@chu.ulg.ac.be,Microsoft Excel,Tâches diverses,2021-01-06,10:40:49,00:00:07
stefano.crapanzano@chu.ulg.ac.be,Microsoft Excel,Tâches diverses,2021-01-06,10:41:29,00:00:02
stefano.crapanzano@chu.ulg.ac.be,Microsoft Excel,Tâches diverses,2021-01-06,10:43:12,00:00:03
stefano.crapanzano@chu.ulg.ac.be,Microsoft Excel,Tâches diverses,2021-01-06,10:45:35,00:00:02
stefano.crapanzano@chu.ulg.ac.be,Microsoft Excel,Tâches diverses,2021-01-06,10:52:54,00:00:02
stefano.crapanzano@chu.ulg.ac.be,Microsoft Excel,Tâches diverses,2021-01-06,10:56:22,00:00:02
stefano.crapanzano@chu.ulg.ac.be,Microsoft Excel,Tâches diverses,2021-01-06,10:56:33,00:00:02
stefano.crapanzano@chu.ulg.ac.be,Microsoft Excel,Tâches diverses,2021-01-06,10:56:46,00:00:02
stefano.crapanzano@chu.ulg.ac.be,Microsoft Excel,Tâches diverses,2021-01-06,11:03:20,00:00:02
stefano.crapanzano@chu.ulg.ac.be,Enregistrer sous,Tâches diverses,2021-01-06,10:31:29,00:00:10
stefano.crapanzano@chu.ulg.ac.be,Enregistrer sous,Tâches diverses,2021-01-06,10:32:12,00:00:27
stefano.crapanzano@chu.ulg.ac.be,Enregistrer sous,Tâches diverses,2021-01-06,10:45:19,00:00:06
stefano.crapanzano@chu.ulg.ac.be,QUERY_FROM_CELL.xlsm - Excel,Tâches diverses,2021-01-06,10:31:41,00:00:31
stefano.crapanzano@chu.ulg.ac.be,QUERY_FROM_CELL.xlsm - Excel,Tâches diverses,2021-01-06,10:32:40,00:00:15
stefano.crapanzano@chu.ulg.ac.be,QUERY_FROM_CELL.xlsm - Excel,Tâches diverses,2021-01-06,10:38:18,00:00:04
stefano.crapanzano@chu.ulg.ac.be,QUERY_FROM_CELL.xlsm - Excel,Tâches diverses,2021-01-06,10:39:43,00:00:11
stefano.crapanzano@chu.ulg.ac.be,QUERY_FROM_CELL.xlsm - Excel,Tâches diverses,2021-01-06,10:41:06,00:00:03
stefano.crapanzano@chu.ulg.ac.be,QUERY_FROM_CELL.xlsm - Excel,Tâches diverses,2021-01-06,10:52:45,00:00:08
stefano.crapanzano@chu.ulg.ac.be,QUERY_FROM_CELL.xlsm - Excel,Tâches diverses,2021-01-06,10:52:56,00:00:02
stefano.crapanzano@chu.ulg.ac.be,QUERY_FROM_CELL.xlsm - Excel,Tâches diverses,2021-01-06,10:56:42,00:00:03
stefano.crapanzano@chu.ulg.ac.be,Excel,Tâches diverses,2021-01-06,10:33:01,00:00:02
stefano.crapanzano@chu.ulg.ac.be,Excel,Tâches diverses,2021-01-06,10:38:31,00:00:02
stefano.crapanzano@chu.ulg.ac.be,Classeur1 - Excel,Tâches diverses,2021-01-06,10:33:04,00:00:06
stefano.crapanzano@chu.ulg.ac.be,Classeur1 - Excel,Tâches diverses,2021-01-06,10:33:40,00:00:07
stefano.crapanzano@chu.ulg.ac.be,Classeur1 - Excel,Tâches diverses,2021-01-06,10:34:19,00:00:02
stefano.crapanzano@chu.ulg.ac.be,Classeur1 - Excel,Tâches diverses,2021-01-06,10:38:33,00:00:02
stefano.crapanzano@chu.ulg.ac.be,Classeur1 - Excel,Tâches diverses,2021-01-06,10:38:57,00:00:02
stefano.crapanzano@chu.ulg.ac.be,Classeur1 - Excel,Tâches diverses,2021-01-06,10:39:55,00:00:07
stefano.crapanzano@chu.ulg.ac.be,Classeur1 - Excel,Tâches diverses,2021-01-06,10:40:09,00:00:40
stefano.crapanzano@chu.ulg.ac.be,Classeur1 - Excel,Tâches diverses,2021-01-06,10:40:57,00:00:08
stefano.crapanzano@chu.ulg.ac.be,Classeur1 - Excel,Tâches diverses,2021-01-06,10:41:10,00:00:03
stefano.crapanzano@chu.ulg.ac.be,Classeur1 - Excel,Tâches diverses,2021-01-06,10:41:15,00:00:02
stefano.crapanzano@chu.ulg.ac.be,Classeur1 - Excel,Tâches diverses,2021-01-06,10:41:27,00:00:02
stefano.crapanzano@chu.ulg.ac.be,Classeur1 - Excel,Tâches diverses,2021-01-06,10:41:31,00:00:02
stefano.crapanzano@chu.ulg.ac.be,Classeur1 - Excel,Tâches diverses,2021-01-06,10:43:21,00:00:02
stefano.crapanzano@chu.ulg.ac.be,Classeur1 - Excel,Tâches diverses,2021-01-06,10:44:09,00:00:07
stefano.crapanzano@chu.ulg.ac.be,Classeur1 - Excel,Tâches diverses,2021-01-06,10:44:42,00:00:02
stefano.crapanzano@chu.ulg.ac.be,Classeur1 - Excel,Tâches diverses,2021-01-06,10:45:10,00:00:08
stefano.crapanzano@chu.ulg.ac.be,Options Excel,Tâches diverses,2021-01-06,10:33:11,00:00:03
stefano.crapanzano@chu.ulg.ac.be,Macro complémentaire,Tâches diverses,2021-01-06,10:33:16,00:00:02
stefano.crapanzano@chu.ulg.ac.be,Macro complémentaire,Tâches diverses,2021-01-06,10:33:35,00:00:04
stefano.crapanzano@chu.ulg.ac.be,Parcourir,Tâches diverses,2021-01-06,10:33:18,00:00:12
stefano.crapanzano@chu.ulg.ac.be,Microsoft Visual Basic pour Applications - Classeur1 [arrêt] - [Module1 (Code)],Tâches diverses,2021-01-06,10:33:48,00:00:15
stefano.crapanzano@chu.ulg.ac.be,Microsoft Visual Basic pour Applications - Classeur1 [arrêt] - [Module1 (Code)],Tâches diverses,2021-01-06,10:34:24,00:00:02
stefano.crapanzano@chu.ulg.ac.be,Microsoft Visual Basic pour Applications - Classeur1 [arrêt] - [Module1 (Code)],Tâches diverses,2021-01-06,10:38:38,00:00:03
stefano.crapanzano@chu.ulg.ac.be,Microsoft Visual Basic pour Applications - Classeur1 [arrêt] - [Module1 (Code)],Tâches diverses,2021-01-06,10:42:22,00:00:13
stefano.crapanzano@chu.ulg.ac.be,Microsoft Visual Basic pour Applications - Classeur1 [arrêt] - [Module1 (Code)],Tâches diverses,2021-01-06,10:42:36,00:00:14
stefano.crapanzano@chu.ulg.ac.be,Microsoft Visual Basic pour Applications - Classeur1 [arrêt] - [Module1 (Code)],Tâches diverses,2021-01-06,10:44:49,00:00:20
stefano.crapanzano@chu.ulg.ac.be,Microsoft Visual Basic pour Applications - QUERY_FROM_CELL.xlam [arrêt] - [Module1 (Code)],Tâches diverses,2021-01-06,10:34:04,00:00:15
stefano.crapanzano@chu.ulg.ac.be,Microsoft Visual Basic pour Applications - QUERY_FROM_CELL.xlam [arrêt] - [Module1 (Code)],Tâches diverses,2021-01-06,10:34:26,00:00:02
stefano.crapanzano@chu.ulg.ac.be,Microsoft Visual Basic pour Applications - QUERY_FROM_CELL.xlam [arrêt] - [Module1 (Code)],Tâches diverses,2021-01-06,10:34:31,00:00:20
stefano.crapanzano@chu.ulg.ac.be,Microsoft Visual Basic pour Applications - QUERY_FROM_CELL.xlam [arrêt] - [Module1 (Code)],Tâches diverses,2021-01-06,10:34:57,00:00:03
stefano.crapanzano@chu.ulg.ac.be,Microsoft Visual Basic pour Applications - QUERY_FROM_CELL.xlam [arrêt] - [Module1 (Code)],Tâches diverses,2021-01-06,10:35:02,00:00:37
stefano.crapanzano@chu.ulg.ac.be,Microsoft Visual Basic pour Applications - QUERY_FROM_CELL.xlam [arrêt] - [Module1 (Code)],Tâches diverses,2021-01-06,10:35:43,00:00:14
stefano.crapanzano@chu.ulg.ac.be,Microsoft Visual Basic pour Applications - QUERY_FROM_CELL.xlam [arrêt] - [Module1 (Code)],Tâches diverses,2021-01-06,10:36:02,00:00:24
stefano.crapanzano@chu.ulg.ac.be,Microsoft Visual Basic pour Applications - QUERY_FROM_CELL.xlam [arrêt] - [Module1 (Code)],Tâches diverses,2021-01-06,10:36:28,00:00:05
stefano.crapanzano@chu.ulg.ac.be,Microsoft Visual Basic pour Applications - QUERY_FROM_CELL.xlam [arrêt] - [Module1 (Code)],Tâches diverses,2021-01-06,10:37:07,00:00:06
stefano.crapanzano@chu.ulg.ac.be,Microsoft Visual Basic pour Applications - QUERY_FROM_CELL.xlam [arrêt] - [Module1 (Code)],Tâches diverses,2021-01-06,10:38:42,00:00:06
stefano.crapanzano@chu.ulg.ac.be,Microsoft Visual Basic pour Applications - QUERY_FROM_CELL.xlam [arrêt] - [Module1 (Code)],Tâches diverses,2021-01-06,10:41:53,00:00:26
stefano.crapanzano@chu.ulg.ac.be,Microsoft Visual Basic pour Applications - QUERY_FROM_CELL.xlam [arrêt] - [Module1 (Code)],Tâches diverses,2021-01-06,10:43:07,00:00:04
stefano.crapanzano@chu.ulg.ac.be,Microsoft Visual Basic pour Applications - QUERY_FROM_CELL.xlam [arrêt] - [Module1 (Code)],Tâches diverses,2021-01-06,10:43:16,00:00:02
stefano.crapanzano@chu.ulg.ac.be,Microsoft Visual Basic pour Applications - QUERY_FROM_CELL.xlam [arrêt] - [Module1 (Code)],Tâches diverses,2021-01-06,10:43:24,00:00:17
stefano.crapanzano@chu.ulg.ac.be,Microsoft Visual Basic pour Applications - QUERY_FROM_CELL.xlam [arrêt] - [Module1 (Code)],Tâches diverses,2021-01-06,10:43:43,00:00:08
stefano.crapanzano@chu.ulg.ac.be,Microsoft Visual Basic pour Applications - QUERY_FROM_CELL.xlam [arrêt] - [Module1 (Code)],Tâches diverses,2021-01-06,10:43:57,00:00:08
stefano.crapanzano@chu.ulg.ac.be,Microsoft Visual Basic pour Applications - QUERY_FROM_CELL.xlam [arrêt] - [Module1 (Code)],Tâches diverses,2021-01-06,10:45:28,00:00:07
stefano.crapanzano@chu.ulg.ac.be,Microsoft Visual Basic pour Applications - QUERY_FROM_CELL.xlam [arrêt] - [Module1 (Code)],Tâches diverses,2021-01-06,10:45:38,00:00:02
stefano.crapanzano@chu.ulg.ac.be,Microsoft Visual Basic pour Applications - QUERY_FROM_CELL.xlam [arrêt] - [Module1 (Code)],Tâches diverses,2021-01-06,10:51:18,00:00:14
stefano.crapanzano@chu.ulg.ac.be,Microsoft Visual Basic pour Applications - QUERY_FROM_CELL.xlam [arrêt] - [Module1 (Code)],Tâches diverses,2021-01-06,10:52:02,00:00:06
stefano.crapanzano@chu.ulg.ac.be,Microsoft Visual Basic pour Applications - QUERY_FROM_CELL.xlam [arrêt] - [Module1 (Code)],Tâches diverses,2021-01-06,10:52:38,00:00:05
stefano.crapanzano@chu.ulg.ac.be,Rechercher,Tâches diverses,2021-01-06,10:34:29,00:00:02
stefano.crapanzano@chu.ulg.ac.be,Microsoft Visual Basic pour Applications - QUERY_FROM_CELL.xlam - [Module1 (Code)],Tâches diverses,2021-01-06,10:34:52,00:00:03
stefano.crapanzano@chu.ulg.ac.be,Microsoft Visual Basic pour Applications - QUERY_FROM_CELL.xlam - [Module1 (Code)],Tâches diverses,2021-01-06,10:37:14,00:00:09
stefano.crapanzano@chu.ulg.ac.be,Microsoft Visual Basic pour Applications - QUERY_FROM_CELL.xlam - [Module1 (Code)],Tâches diverses,2021-01-06,10:37:31,00:00:10
stefano.crapanzano@chu.ulg.ac.be,Microsoft Visual Basic pour Applications - QUERY_FROM_CELL.xlam - [Module1 (Code)],Tâches diverses,2021-01-06,10:38:49,00:00:08
stefano.crapanzano@chu.ulg.ac.be,Microsoft Visual Basic pour Applications - QUERY_FROM_CELL.xlam - [Module1 (Code)],Tâches diverses,2021-01-06,10:39:22,00:00:04
stefano.crapanzano@chu.ulg.ac.be,Microsoft Visual Basic pour Applications - QUERY_FROM_CELL.xlam - [Module1 (Code)],Tâches diverses,2021-01-06,10:41:43,00:00:07
stefano.crapanzano@chu.ulg.ac.be,Microsoft Visual Basic pour Applications - QUERY_FROM_CELL.xlam - [Module1 (Code)],Tâches diverses,2021-01-06,10:42:52,00:00:13
stefano.crapanzano@chu.ulg.ac.be,Microsoft Visual Basic pour Applications - QUERY_FROM_CELL.xlam - [Module1 (Code)],Tâches diverses,2021-01-06,10:43:18,00:00:02
stefano.crapanzano@chu.ulg.ac.be,Microsoft Visual Basic pour Applications - QUERY_FROM_CELL.xlam - [Module1 (Code)],Tâches diverses,2021-01-06,10:45:45,00:05:26
stefano.crapanzano@chu.ulg.ac.be,Microsoft Visual Basic pour Applications - QUERY_FROM_CELL.xlam - [Module1 (Code)],Tâches diverses,2021-01-06,10:51:13,00:00:02
stefano.crapanzano@chu.ulg.ac.be,Microsoft Visual Basic pour Applications - QUERY_FROM_CELL.xlam - [Module1 (Code)],Tâches diverses,2021-01-06,10:51:32,00:00:17
stefano.crapanzano@chu.ulg.ac.be,Microsoft Visual Basic pour Applications - QUERY_FROM_CELL.xlam - [Module1 (Code)],Tâches diverses,2021-01-06,10:53:05,00:00:02
stefano.crapanzano@chu.ulg.ac.be,Microsoft Visual Basic pour Applications - QUERY_FROM_CELL.xlam - [Module1 (Code)],Tâches diverses,2021-01-06,10:53:23,00:00:03
stefano.crapanzano@chu.ulg.ac.be,Microsoft Visual Basic pour Applications - QUERY_FROM_CELL.xlam - [Module1 (Code)],Tâches diverses,2021-01-06,10:56:06,00:00:12
stefano.crapanzano@chu.ulg.ac.be,Microsoft Visual Basic pour Applications,Tâches diverses,2021-01-06,10:35:39,00:00:03
stefano.crapanzano@chu.ulg.ac.be,Microsoft Visual Basic pour Applications,Tâches diverses,2021-01-06,10:36:00,00:00:02
stefano.crapanzano@chu.ulg.ac.be,Microsoft Visual Basic pour Applications - QUERY_FROM_CELL.xlsm - [Module1 (Code)],Tâches diverses,2021-01-06,10:38:04,00:00:14
stefano.crapanzano@chu.ulg.ac.be,Microsoft Visual Basic pour Applications - QUERY_FROM_CELL.xlsm - [Module1 (Code)],Tâches diverses,2021-01-06,10:41:17,00:00:09
stefano.crapanzano@chu.ulg.ac.be,Microsoft Visual Basic pour Applications - QUERY_FROM_CELL.xlsm - [Module1 (Code)],Tâches diverses,2021-01-06,10:41:34,00:00:09
stefano.crapanzano@chu.ulg.ac.be,Microsoft Visual Basic pour Applications - QUERY_FROM_CELL.xlsm - [Module1 (Code)],Tâches diverses,2021-01-06,10:53:08,00:00:15
stefano.crapanzano@chu.ulg.ac.be,Microsoft Visual Basic pour Applications - QUERY_FROM_CELL.xlsm - [Module1 (Code)],Tâches diverses,2021-01-06,10:56:02,00:00:03
stefano.crapanzano@chu.ulg.ac.be,Microsoft Visual Basic pour Applications - Classeur1 - [Module1 (Code)],Tâches diverses,2021-01-06,10:39:18,00:00:04
stefano.crapanzano@chu.ulg.ac.be,Ajouter un espion,Tâches diverses,2021-01-06,10:43:51,00:00:03
stefano.crapanzano@chu.ulg.ac.be,Microsoft Visual Basic pour Applications - QUERY_FROM_CELL.xlsm [arrêt] - [Module1 (Code)],Tâches diverses,2021-01-06,10:44:19,00:00:21
stefano.crapanzano@chu.ulg.ac.be,Microsoft Visual Basic pour Applications - QUERY_FROM_CELL.xlsm [arrêt] - [Module1 (Code)],Tâches diverses,2021-01-06,10:53:30,00:00:02
stefano.crapanzano@chu.ulg.ac.be,Renommer une feuille,Tâches diverses,2021-01-06,10:44:44,00:00:02
stefano.crapanzano@chu.ulg.ac.be,Classeur1.xlsx - Excel,Tâches diverses,2021-01-06,10:45:25,00:00:02
stefano.crapanzano@chu.ulg.ac.be,Classeur1.xlsx - Excel,Tâches diverses,2021-01-06,10:45:41,00:00:03
stefano.crapanzano@chu.ulg.ac.be,Classeur1.xlsx - Excel,Tâches diverses,2021-01-06,10:51:15,00:00:02
stefano.crapanzano@chu.ulg.ac.be,Classeur1.xlsx - Excel,Tâches diverses,2021-01-06,10:51:51,00:00:09
stefano.crapanzano@chu.ulg.ac.be,Classeur1.xlsx - Excel,Tâches diverses,2021-01-06,10:52:13,00:00:05
stefano.crapanzano@chu.ulg.ac.be,Classeur1.xlsx - Excel,Tâches diverses,2021-01-06,10:52:20,00:00:11
stefano.crapanzano@chu.ulg.ac.be,Classeur1.xlsx - Excel,Tâches diverses,2021-01-06,10:53:35,00:00:03
stefano.crapanzano@chu.ulg.ac.be,Classeur1.xlsx - Excel,Tâches diverses,2021-01-06,10:53:42,00:00:30
stefano.crapanzano@chu.ulg.ac.be,Classeur1.xlsx - Excel,Tâches diverses,2021-01-06,10:55:04,00:00:49
stefano.crapanzano@chu.ulg.ac.be,Classeur1.xlsx - Excel,Tâches diverses,2021-01-06,10:55:59,00:00:02
stefano.crapanzano@chu.ulg.ac.be,Classeur1.xlsx - Excel,Tâches diverses,2021-01-06,10:56:18,00:00:03
stefano.crapanzano@chu.ulg.ac.be,Classeur1.xlsx - Excel,Tâches diverses,2021-01-06,10:56:24,00:00:09
stefano.crapanzano@chu.ulg.ac.be,Classeur1.xlsx - Excel,Tâches diverses,2021-01-06,11:03:16,00:00:02
stefano.crapanzano@chu.ulg.ac.be,Oracle ODBC Driver Connect,Tâches diverses,2021-01-06,10:54:13,00:00:04
stefano.crapanzano@chu.ulg.ac.be,Oracle ODBC Driver Connect,Tâches diverses,2021-01-06,10:55:01,00:00:03
stefano.crapanzano@chu.ulg.ac.be,Teampass - Google Chrome,Tâches diverses,2021-01-06,10:54:26,00:00:34
stefano.crapanzano@chu.ulg.ac.be,Teampass - Google Chrome,Tâches diverses,2021-01-06,11:28:04,00:00:02
stefano.crapanzano@chu.ulg.ac.be,Classeur1.xlsx  [Groupe de travail] - Excel,Tâches diverses,2021-01-06,10:55:54,00:00:03
stefano.crapanzano@chu.ulg.ac.be,QUERY FROM CELL - Message (HTML),Helpdesk général,2021-01-06,10:57:12,00:00:23
stefano.crapanzano@chu.ulg.ac.be,QUERY FROM CELL - Message (HTML),Helpdesk général,2021-01-06,10:57:47,00:00:21
stefano.crapanzano@chu.ulg.ac.be,QUERY FROM CELL - Message (HTML),Helpdesk général,2021-01-06,10:58:12,00:00:33
stefano.crapanzano@chu.ulg.ac.be,QUERY FROM CELL - Message (HTML),Helpdesk général,2021-01-06,10:58:57,00:00:14
stefano.crapanzano@chu.ulg.ac.be,QUERY FROM CELL - Message (HTML),Helpdesk général,2021-01-06,10:59:12,00:00:02
stefano.crapanzano@chu.ulg.ac.be,QUERY FROM CELL - Message (HTML),Helpdesk général,2021-01-06,10:59:21,00:02:32
stefano.crapanzano@chu.ulg.ac.be,Insérer un lien hypertexte,Helpdesk général,2021-01-06,10:58:09,00:00:03
stefano.crapanzano@chu.ulg.ac.be,Microsoft Outlook,Helpdesk général,2021-01-06,11:01:55,00:00:07
stefano.crapanzano@chu.ulg.ac.be,Rapprochement automatique,Exploration SAP,2021-01-06,11:45:13,00:00:15
stefano.crapanzano@chu.ulg.ac.be,Rapprochement automatique,Exploration SAP,2021-01-06,11:45:30,00:09:53
stefano.crapanzano@chu.ulg.ac.be,Rapprochement automatique,Exploration SAP,2021-01-06,13:06:11,00:00:06
stefano.crapanzano@chu.ulg.ac.be,Creating a User Defined Function (UDF) in Excel VBA [Ultimate Guide] - Google Chrome,Tâches diverses,2021-01-06,12:01:13,00:00:04
stefano.crapanzano@chu.ulg.ac.be,CHU de Liège - Intranet - Google Chrome,Tâches diverses,2021-01-06,12:01:23,00:01:34
stefano.crapanzano@chu.ulg.ac.be,CHU de Liège - Intranet - Google Chrome,Tâches diverses,2021-01-06,12:03:00,00:00:02
stefano.crapanzano@chu.ulg.ac.be,CHU de Liège - Intranet - Google Chrome,Tâches diverses,2021-01-06,12:40:42,00:00:02
stefano.crapanzano@chu.ulg.ac.be,CHU de Liège - Intranet - Google Chrome,Exploration SAP,2021-01-06,13:06:24,00:00:03
stefano.crapanzano@chu.ulg.ac.be,Programmation,IT,2021-01-06,13:06:36,00:02:03
stefano.crapanzano@chu.ulg.ac.be,Programmation,IT,2021-01-06,13:12:12,00:00:17
stefano.crapanzano@chu.ulg.ac.be,Programmation,IT,2021-01-06,13:12:41,00:00:05
stefano.crapanzano@chu.ulg.ac.be,Programmation,IT,2021-01-06,13:12:52,00:05:26
