Email,Description,Project,Start date,Start time,Duration
stefano.crapanzano@chu.ulg.ac.be,Navigation système de fichier,IT,2021-07-14,08:42:10,00:00:05
stefano.crapanzano@chu.ulg.ac.be,Navigation système de fichier,IT,2021-07-14,08:51:56,00:00:02
stefano.crapanzano@chu.ulg.ac.be,Navigation système de fichier,IT,2021-07-14,08:52:18,00:00:02
stefano.crapanzano@chu.ulg.ac.be,Navigation système de fichier,IT,2021-07-14,08:52:31,00:00:06
stefano.crapanzano@chu.ulg.ac.be,Navigation système de fichier,IT,2021-07-14,08:55:19,00:00:02
stefano.crapanzano@chu.ulg.ac.be,Navigation système de fichier,IT,2021-07-14,08:56:19,00:00:02
stefano.crapanzano@chu.ulg.ac.be,Navigation système de fichier,IT,2021-07-14,08:58:41,00:00:02
stefano.crapanzano@chu.ulg.ac.be,Navigation système de fichier,IT,2021-07-14,09:11:32,00:00:12
stefano.crapanzano@chu.ulg.ac.be,Navigation système de fichier,IT,2021-07-14,09:48:06,00:00:03
stefano.crapanzano@chu.ulg.ac.be,Navigation système de fichier,IT,2021-07-14,09:49:36,00:00:29
stefano.crapanzano@chu.ulg.ac.be,Navigation système de fichier,IT,2021-07-14,09:50:08,00:00:11
stefano.crapanzano@chu.ulg.ac.be,Navigation système de fichier,IT,2021-07-14,09:50:54,00:00:03
stefano.crapanzano@chu.ulg.ac.be,Navigation système de fichier,IT,2021-07-14,09:51:00,00:00:04
stefano.crapanzano@chu.ulg.ac.be,Navigation système de fichier,IT,2021-07-14,09:51:07,00:00:02
stefano.crapanzano@chu.ulg.ac.be,Navigation système de fichier,IT,2021-07-14,09:51:38,00:00:02
stefano.crapanzano@chu.ulg.ac.be,Navigation système de fichier,IT,2021-07-14,09:52:58,00:00:03
stefano.crapanzano@chu.ulg.ac.be,Navigation système de fichier,IT,2021-07-14,09:53:30,00:00:02
stefano.crapanzano@chu.ulg.ac.be,Navigation système de fichier,IT,2021-07-14,09:54:10,00:00:03
stefano.crapanzano@chu.ulg.ac.be,Navigation système de fichier,IT,2021-07-14,09:56:27,00:00:02
stefano.crapanzano@chu.ulg.ac.be,Navigation système de fichier,IT,2021-07-14,09:57:19,00:00:06
stefano.crapanzano@chu.ulg.ac.be,Navigation système de fichier,IT,2021-07-14,10:03:27,00:00:05
stefano.crapanzano@chu.ulg.ac.be,Navigation système de fichier,IT,2021-07-14,10:06:23,00:00:02
stefano.crapanzano@chu.ulg.ac.be,Navigation système de fichier,IT,2021-07-14,10:14:17,00:00:03
stefano.crapanzano@chu.ulg.ac.be,Navigation système de fichier,IT,2021-07-14,10:18:28,00:00:02
stefano.crapanzano@chu.ulg.ac.be,Navigation système de fichier,IT,2021-07-14,10:19:23,00:00:05
stefano.crapanzano@chu.ulg.ac.be,Navigation système de fichier,IT,2021-07-14,10:19:40,00:00:02
stefano.crapanzano@chu.ulg.ac.be,Navigation système de fichier,IT,2021-07-14,10:19:51,00:00:02
stefano.crapanzano@chu.ulg.ac.be,Navigation système de fichier,IT,2021-07-14,10:46:14,00:00:04
stefano.crapanzano@chu.ulg.ac.be,Navigation système de fichier,IT,2021-07-14,10:50:19,00:00:55
stefano.crapanzano@chu.ulg.ac.be,Navigation système de fichier,IT,2021-07-14,10:51:19,00:00:27
stefano.crapanzano@chu.ulg.ac.be,Navigation système de fichier,IT,2021-07-14,10:51:49,00:00:05
stefano.crapanzano@chu.ulg.ac.be,Navigation système de fichier,IT,2021-07-14,10:52:18,00:00:06
stefano.crapanzano@chu.ulg.ac.be,Navigation système de fichier,IT,2021-07-14,10:52:42,00:00:03
stefano.crapanzano@chu.ulg.ac.be,Navigation système de fichier,IT,2021-07-14,10:52:47,00:00:15
stefano.crapanzano@chu.ulg.ac.be,Navigation système de fichier,IT,2021-07-14,10:58:54,00:01:25
stefano.crapanzano@chu.ulg.ac.be,Navigation système de fichier,IT,2021-07-14,11:01:45,00:00:28
stefano.crapanzano@chu.ulg.ac.be,Navigation système de fichier,IT,2021-07-14,11:02:33,00:00:41
stefano.crapanzano@chu.ulg.ac.be,Navigation système de fichier,IT,2021-07-14,11:03:23,00:00:02
stefano.crapanzano@chu.ulg.ac.be,Navigation système de fichier,IT,2021-07-14,11:03:41,00:00:04
stefano.crapanzano@chu.ulg.ac.be,Navigation système de fichier,IT,2021-07-14,11:05:11,00:00:10
stefano.crapanzano@chu.ulg.ac.be,Navigation système de fichier,IT,2021-07-14,11:05:22,00:00:11
stefano.crapanzano@chu.ulg.ac.be,Navigation système de fichier,IT,2021-07-14,11:05:38,00:00:08
stefano.crapanzano@chu.ulg.ac.be,Navigation système de fichier,IT,2021-07-14,11:06:03,00:00:03
stefano.crapanzano@chu.ulg.ac.be,Navigation système de fichier,IT,2021-07-14,11:06:07,00:00:22
stefano.crapanzano@chu.ulg.ac.be,Navigation système de fichier,IT,2021-07-14,11:06:46,00:00:11
stefano.crapanzano@chu.ulg.ac.be,Navigation système de fichier,IT,2021-07-14,11:07:34,00:00:07
stefano.crapanzano@chu.ulg.ac.be,Navigation système de fichier,IT,2021-07-14,11:07:44,00:00:19
stefano.crapanzano@chu.ulg.ac.be,Navigation système de fichier,IT,2021-07-14,11:14:57,00:00:34
stefano.crapanzano@chu.ulg.ac.be,Navigation système de fichier,IT,2021-07-14,11:21:15,00:00:27
stefano.crapanzano@chu.ulg.ac.be,Navigation système de fichier,IT,2021-07-14,11:22:49,00:00:06
stefano.crapanzano@chu.ulg.ac.be,Navigation système de fichier,IT,2021-07-14,11:23:56,00:00:03
stefano.crapanzano@chu.ulg.ac.be,Navigation système de fichier,IT,2021-07-14,11:24:12,00:00:18
stefano.crapanzano@chu.ulg.ac.be,Navigation système de fichier,IT,2021-07-14,11:24:42,00:00:17
stefano.crapanzano@chu.ulg.ac.be,Navigation système de fichier,IT,2021-07-14,11:28:02,00:00:03
stefano.crapanzano@chu.ulg.ac.be,Navigation système de fichier,IT,2021-07-14,11:33:22,00:00:12
stefano.crapanzano@chu.ulg.ac.be,Navigation système de fichier,IT,2021-07-14,11:33:46,00:00:05
stefano.crapanzano@chu.ulg.ac.be,Navigation système de fichier,IT,2021-07-14,11:34:09,00:00:12
stefano.crapanzano@chu.ulg.ac.be,Navigation système de fichier,IT,2021-07-14,11:35:04,00:00:04
stefano.crapanzano@chu.ulg.ac.be,Navigation système de fichier,IT,2021-07-14,11:35:18,00:00:05
stefano.crapanzano@chu.ulg.ac.be,Navigation système de fichier,IT,2021-07-14,11:36:03,00:00:03
stefano.crapanzano@chu.ulg.ac.be,Navigation système de fichier,IT,2021-07-14,11:36:40,00:00:10
stefano.crapanzano@chu.ulg.ac.be,Navigation système de fichier,IT,2021-07-14,11:36:54,00:00:33
stefano.crapanzano@chu.ulg.ac.be,Navigation système de fichier,IT,2021-07-14,11:37:32,00:00:03
stefano.crapanzano@chu.ulg.ac.be,Navigation système de fichier,IT,2021-07-14,11:37:45,00:00:05
stefano.crapanzano@chu.ulg.ac.be,Navigation système de fichier,IT,2021-07-14,11:38:06,00:00:04
stefano.crapanzano@chu.ulg.ac.be,Navigation système de fichier,IT,2021-07-14,11:39:33,00:00:03
stefano.crapanzano@chu.ulg.ac.be,Navigation système de fichier,IT,2021-07-14,11:39:56,00:00:02
stefano.crapanzano@chu.ulg.ac.be,Navigation système de fichier,IT,2021-07-14,11:49:35,00:00:32
stefano.crapanzano@chu.ulg.ac.be,Navigation système de fichier,IT,2021-07-14,11:51:38,00:00:02
stefano.crapanzano@chu.ulg.ac.be,Navigation système de fichier,IT,2021-07-14,11:56:15,00:01:19
stefano.crapanzano@chu.ulg.ac.be,Navigation système de fichier,IT,2021-07-14,12:03:21,00:00:14
stefano.crapanzano@chu.ulg.ac.be,Navigation système de fichier,IT,2021-07-14,12:03:38,00:00:03
stefano.crapanzano@chu.ulg.ac.be,Navigation système de fichier,IT,2021-07-14,12:05:17,00:00:06
stefano.crapanzano@chu.ulg.ac.be,Navigation système de fichier,IT,2021-07-14,12:14:17,00:00:03
stefano.crapanzano@chu.ulg.ac.be,Navigation système de fichier,IT,2021-07-14,12:16:27,00:00:02
stefano.crapanzano@chu.ulg.ac.be,Navigation système de fichier,IT,2021-07-14,12:25:40,00:00:38
stefano.crapanzano@chu.ulg.ac.be,Courrier entrant - erp.sai@chuliege.be - Mozilla Thunderbird,Helpdesk général,2021-07-14,08:40:34,00:00:02
stefano.crapanzano@chu.ulg.ac.be,Courrier entrant - erp.sai@chuliege.be - Mozilla Thunderbird,Helpdesk général,2021-07-14,08:40:38,00:01:31
stefano.crapanzano@chu.ulg.ac.be,Courrier entrant - erp.sai@chuliege.be - Mozilla Thunderbird,Helpdesk général,2021-07-14,08:42:15,00:01:52
stefano.crapanzano@chu.ulg.ac.be,Courrier entrant - erp.sai@chuliege.be - Mozilla Thunderbird,Helpdesk général,2021-07-14,08:48:50,00:00:27
stefano.crapanzano@chu.ulg.ac.be,Courrier entrant - erp.sai@chuliege.be - Mozilla Thunderbird,Helpdesk général,2021-07-14,08:58:46,00:00:04
stefano.crapanzano@chu.ulg.ac.be,Courrier entrant - erp.sai@chuliege.be - Mozilla Thunderbird,Helpdesk général,2021-07-14,09:07:39,00:03:02
stefano.crapanzano@chu.ulg.ac.be,Courrier entrant - erp.sai@chuliege.be - Mozilla Thunderbird,Helpdesk général,2021-07-14,09:10:44,00:00:13
stefano.crapanzano@chu.ulg.ac.be,Courrier entrant - erp.sai@chuliege.be - Mozilla Thunderbird,Helpdesk général,2021-07-14,09:10:59,00:00:03
stefano.crapanzano@chu.ulg.ac.be,Courrier entrant - erp.sai@chuliege.be - Mozilla Thunderbird,Helpdesk général,2021-07-14,09:11:23,00:00:09
stefano.crapanzano@chu.ulg.ac.be,Courrier entrant - erp.sai@chuliege.be - Mozilla Thunderbird,Helpdesk général,2021-07-14,09:12:30,00:00:09
stefano.crapanzano@chu.ulg.ac.be,Courrier entrant - erp.sai@chuliege.be - Mozilla Thunderbird,Helpdesk général,2021-07-14,09:13:05,00:00:26
stefano.crapanzano@chu.ulg.ac.be,Courrier entrant - erp.sai@chuliege.be - Mozilla Thunderbird,Helpdesk général,2021-07-14,09:13:55,00:00:22
stefano.crapanzano@chu.ulg.ac.be,Courrier entrant - erp.sai@chuliege.be - Mozilla Thunderbird,Helpdesk général,2021-07-14,09:16:49,00:00:04
stefano.crapanzano@chu.ulg.ac.be,Courrier entrant - erp.sai@chuliege.be - Mozilla Thunderbird,Tâches diverses,2021-07-14,09:16:57,00:00:04
stefano.crapanzano@chu.ulg.ac.be,Courrier entrant - erp.sai@chuliege.be - Mozilla Thunderbird,Helpdesk général,2021-07-14,09:19:54,00:00:02
stefano.crapanzano@chu.ulg.ac.be,Courrier entrant - erp.sai@chuliege.be - Mozilla Thunderbird,Helpdesk général,2021-07-14,09:22:19,00:00:03
stefano.crapanzano@chu.ulg.ac.be,Courrier entrant - erp.sai@chuliege.be - Mozilla Thunderbird,Helpdesk général,2021-07-14,09:29:00,00:00:08
stefano.crapanzano@chu.ulg.ac.be,Courrier entrant - erp.sai@chuliege.be - Mozilla Thunderbird,Helpdesk général,2021-07-14,09:32:11,00:00:03
stefano.crapanzano@chu.ulg.ac.be,Courrier entrant - erp.sai@chuliege.be - Mozilla Thunderbird,Helpdesk général,2021-07-14,09:32:29,00:00:03
stefano.crapanzano@chu.ulg.ac.be,Courrier entrant - erp.sai@chuliege.be - Mozilla Thunderbird,Helpdesk général,2021-07-14,09:33:23,00:00:38
stefano.crapanzano@chu.ulg.ac.be,Courrier entrant - erp.sai@chuliege.be - Mozilla Thunderbird,Helpdesk général,2021-07-14,09:40:52,00:00:03
stefano.crapanzano@chu.ulg.ac.be,Courrier entrant - erp.sai@chuliege.be - Mozilla Thunderbird,Helpdesk général,2021-07-14,09:55:28,00:00:27
stefano.crapanzano@chu.ulg.ac.be,Courrier entrant - erp.sai@chuliege.be - Mozilla Thunderbird,Helpdesk général,2021-07-14,09:57:29,00:00:18
stefano.crapanzano@chu.ulg.ac.be,Courrier entrant - erp.sai@chuliege.be - Mozilla Thunderbird,Helpdesk général,2021-07-14,10:06:25,00:00:04
stefano.crapanzano@chu.ulg.ac.be,Courrier entrant - erp.sai@chuliege.be - Mozilla Thunderbird,Helpdesk général,2021-07-14,10:06:44,00:00:06
stefano.crapanzano@chu.ulg.ac.be,Courrier entrant - erp.sai@chuliege.be - Mozilla Thunderbird,Helpdesk général,2021-07-14,10:07:10,00:00:34
stefano.crapanzano@chu.ulg.ac.be,Courrier entrant - erp.sai@chuliege.be - Mozilla Thunderbird,Helpdesk général,2021-07-14,10:07:51,00:00:08
stefano.crapanzano@chu.ulg.ac.be,Courrier entrant - erp.sai@chuliege.be - Mozilla Thunderbird,Helpdesk général,2021-07-14,10:08:03,00:00:03
stefano.crapanzano@chu.ulg.ac.be,Courrier entrant - erp.sai@chuliege.be - Mozilla Thunderbird,Helpdesk général,2021-07-14,10:08:11,00:00:07
stefano.crapanzano@chu.ulg.ac.be,Courrier entrant - erp.sai@chuliege.be - Mozilla Thunderbird,Helpdesk général,2021-07-14,10:08:23,00:00:09
stefano.crapanzano@chu.ulg.ac.be,Courrier entrant - erp.sai@chuliege.be - Mozilla Thunderbird,Helpdesk général,2021-07-14,10:08:35,00:00:10
stefano.crapanzano@chu.ulg.ac.be,Courrier entrant - erp.sai@chuliege.be - Mozilla Thunderbird,Helpdesk général,2021-07-14,10:09:30,00:01:21
stefano.crapanzano@chu.ulg.ac.be,Courrier entrant - erp.sai@chuliege.be - Mozilla Thunderbird,Helpdesk général,2021-07-14,10:11:01,00:00:19
stefano.crapanzano@chu.ulg.ac.be,Courrier entrant - erp.sai@chuliege.be - Mozilla Thunderbird,Helpdesk général,2021-07-14,10:11:24,00:00:26
stefano.crapanzano@chu.ulg.ac.be,Courrier entrant - erp.sai@chuliege.be - Mozilla Thunderbird,Helpdesk général,2021-07-14,10:11:58,00:00:08
stefano.crapanzano@chu.ulg.ac.be,Courrier entrant - erp.sai@chuliege.be - Mozilla Thunderbird,Helpdesk général,2021-07-14,10:12:10,00:01:56
stefano.crapanzano@chu.ulg.ac.be,Courrier entrant - erp.sai@chuliege.be - Mozilla Thunderbird,Helpdesk général,2021-07-14,10:17:16,00:00:02
stefano.crapanzano@chu.ulg.ac.be,Courrier entrant - erp.sai@chuliege.be - Mozilla Thunderbird,Helpdesk général,2021-07-14,10:27:26,00:00:06
stefano.crapanzano@chu.ulg.ac.be,Courrier entrant - erp.sai@chuliege.be - Mozilla Thunderbird,Helpdesk général,2021-07-14,10:34:00,00:00:09
stefano.crapanzano@chu.ulg.ac.be,Courrier entrant - erp.sai@chuliege.be - Mozilla Thunderbird,Helpdesk général,2021-07-14,10:34:17,00:00:02
stefano.crapanzano@chu.ulg.ac.be,Courrier entrant - erp.sai@chuliege.be - Mozilla Thunderbird,Helpdesk général,2021-07-14,10:34:22,00:01:08
stefano.crapanzano@chu.ulg.ac.be,Courrier entrant - erp.sai@chuliege.be - Mozilla Thunderbird,Helpdesk général,2021-07-14,10:38:07,00:01:32
stefano.crapanzano@chu.ulg.ac.be,Courrier entrant - erp.sai@chuliege.be - Mozilla Thunderbird,Helpdesk général,2021-07-14,10:39:46,00:00:02
stefano.crapanzano@chu.ulg.ac.be,Courrier entrant - erp.sai@chuliege.be - Mozilla Thunderbird,Helpdesk général,2021-07-14,11:08:06,00:00:03
stefano.crapanzano@chu.ulg.ac.be,Courrier entrant - erp.sai@chuliege.be - Mozilla Thunderbird,Helpdesk général,2021-07-14,11:11:40,00:00:03
stefano.crapanzano@chu.ulg.ac.be,Courrier entrant - erp.sai@chuliege.be - Mozilla Thunderbird,Helpdesk général,2021-07-14,11:11:46,00:00:02
stefano.crapanzano@chu.ulg.ac.be,Courrier entrant - erp.sai@chuliege.be - Mozilla Thunderbird,Helpdesk général,2021-07-14,11:19:35,00:00:06
stefano.crapanzano@chu.ulg.ac.be,Courrier entrant - erp.sai@chuliege.be - Mozilla Thunderbird,Helpdesk général,2021-07-14,11:19:44,00:00:42
stefano.crapanzano@chu.ulg.ac.be,Courrier entrant - erp.sai@chuliege.be - Mozilla Thunderbird,Helpdesk général,2021-07-14,11:24:01,00:00:10
stefano.crapanzano@chu.ulg.ac.be,Courrier entrant - erp.sai@chuliege.be - Mozilla Thunderbird,Helpdesk général,2021-07-14,11:24:59,00:00:06
stefano.crapanzano@chu.ulg.ac.be,Courrier entrant - erp.sai@chuliege.be - Mozilla Thunderbird,Helpdesk général,2021-07-14,11:25:08,00:00:02
stefano.crapanzano@chu.ulg.ac.be,Courrier entrant - erp.sai@chuliege.be - Mozilla Thunderbird,Helpdesk général,2021-07-14,11:25:11,00:01:00
stefano.crapanzano@chu.ulg.ac.be,Courrier entrant - erp.sai@chuliege.be - Mozilla Thunderbird,Helpdesk général,2021-07-14,11:27:55,00:00:07
stefano.crapanzano@chu.ulg.ac.be,Courrier entrant - erp.sai@chuliege.be - Mozilla Thunderbird,Helpdesk général,2021-07-14,11:28:40,00:00:06
stefano.crapanzano@chu.ulg.ac.be,Courrier entrant - erp.sai@chuliege.be - Mozilla Thunderbird,Helpdesk général,2021-07-14,11:29:03,00:01:34
stefano.crapanzano@chu.ulg.ac.be,Courrier entrant - erp.sai@chuliege.be - Mozilla Thunderbird,Helpdesk général,2021-07-14,11:33:20,00:00:02
stefano.crapanzano@chu.ulg.ac.be,Courrier entrant - erp.sai@chuliege.be - Mozilla Thunderbird,Helpdesk général,2021-07-14,11:33:34,00:00:08
stefano.crapanzano@chu.ulg.ac.be,Courrier entrant - erp.sai@chuliege.be - Mozilla Thunderbird,Helpdesk général,2021-07-14,11:33:44,00:00:02
stefano.crapanzano@chu.ulg.ac.be,Courrier entrant - erp.sai@chuliege.be - Mozilla Thunderbird,Helpdesk général,2021-07-14,11:42:39,00:00:02
stefano.crapanzano@chu.ulg.ac.be,Courrier entrant - erp.sai@chuliege.be - Mozilla Thunderbird,Helpdesk général,2021-07-14,11:43:11,00:00:03
stefano.crapanzano@chu.ulg.ac.be,Courrier entrant - erp.sai@chuliege.be - Mozilla Thunderbird,Helpdesk général,2021-07-14,11:45:19,00:00:15
stefano.crapanzano@chu.ulg.ac.be,Courrier entrant - erp.sai@chuliege.be - Mozilla Thunderbird,Helpdesk général,2021-07-14,11:47:50,00:00:24
stefano.crapanzano@chu.ulg.ac.be,Courrier entrant - erp.sai@chuliege.be - Mozilla Thunderbird,Helpdesk général,2021-07-14,11:48:19,00:00:17
stefano.crapanzano@chu.ulg.ac.be,Courrier entrant - erp.sai@chuliege.be - Mozilla Thunderbird,Helpdesk général,2021-07-14,11:49:04,00:00:02
stefano.crapanzano@chu.ulg.ac.be,Courrier entrant - erp.sai@chuliege.be - Mozilla Thunderbird,Helpdesk général,2021-07-14,11:49:23,00:00:02
stefano.crapanzano@chu.ulg.ac.be,Courrier entrant - erp.sai@chuliege.be - Mozilla Thunderbird,Helpdesk général,2021-07-14,11:51:47,00:00:10
stefano.crapanzano@chu.ulg.ac.be,Courrier entrant - erp.sai@chuliege.be - Mozilla Thunderbird,Helpdesk général,2021-07-14,11:52:03,00:00:04
stefano.crapanzano@chu.ulg.ac.be,Courrier entrant - erp.sai@chuliege.be - Mozilla Thunderbird,Helpdesk général,2021-07-14,11:54:59,00:00:03
stefano.crapanzano@chu.ulg.ac.be,Courrier entrant - erp.sai@chuliege.be - Mozilla Thunderbird,Helpdesk général,2021-07-14,11:55:46,00:00:21
stefano.crapanzano@chu.ulg.ac.be,Courrier entrant - erp.sai@chuliege.be - Mozilla Thunderbird,Helpdesk général,2021-07-14,12:05:26,00:00:02
stefano.crapanzano@chu.ulg.ac.be,Courrier entrant - erp.sai@chuliege.be - Mozilla Thunderbird,Helpdesk général,2021-07-14,12:14:09,00:00:02
stefano.crapanzano@chu.ulg.ac.be,Courrier entrant - erp.sai@chuliege.be - Mozilla Thunderbird,Helpdesk général,2021-07-14,12:14:14,00:00:03
stefano.crapanzano@chu.ulg.ac.be,Courrier entrant - erp.sai@chuliege.be - Mozilla Thunderbird,Helpdesk général,2021-07-14,12:15:46,00:00:04
stefano.crapanzano@chu.ulg.ac.be,Courrier entrant - erp.sai@chuliege.be - Mozilla Thunderbird,Helpdesk général,2021-07-14,12:24:39,00:01:01
stefano.crapanzano@chu.ulg.ac.be,Courrier entrant - erp.sai@chuliege.be - Mozilla Thunderbird,Helpdesk général,2021-07-14,12:26:45,00:00:07
stefano.crapanzano@chu.ulg.ac.be,Courrier entrant - stefano.crapanzano@chuliege.be - Mozilla Thunderbird,Helpdesk général,2021-07-14,08:40:36,00:00:02
stefano.crapanzano@chu.ulg.ac.be,Courrier entrant - stefano.crapanzano@chuliege.be - Mozilla Thunderbird,Helpdesk général,2021-07-14,09:10:42,00:00:02
stefano.crapanzano@chu.ulg.ac.be,Courrier entrant - stefano.crapanzano@chuliege.be - Mozilla Thunderbird,Helpdesk général,2021-07-14,09:11:02,00:00:20
stefano.crapanzano@chu.ulg.ac.be,Courrier entrant - stefano.crapanzano@chuliege.be - Mozilla Thunderbird,Helpdesk général,2021-07-14,09:13:03,00:00:02
stefano.crapanzano@chu.ulg.ac.be,Courrier entrant - stefano.crapanzano@chuliege.be - Mozilla Thunderbird,Helpdesk général,2021-07-14,09:16:45,00:00:03
stefano.crapanzano@chu.ulg.ac.be,Courrier entrant - stefano.crapanzano@chuliege.be - Mozilla Thunderbird,Helpdesk général,2021-07-14,09:42:16,00:00:44
stefano.crapanzano@chu.ulg.ac.be,Courrier entrant - stefano.crapanzano@chuliege.be - Mozilla Thunderbird,Helpdesk général,2021-07-14,09:48:53,00:00:02
stefano.crapanzano@chu.ulg.ac.be,Courrier entrant - stefano.crapanzano@chuliege.be - Mozilla Thunderbird,Helpdesk général,2021-07-14,10:06:50,00:00:19
stefano.crapanzano@chu.ulg.ac.be,Courrier entrant - stefano.crapanzano@chuliege.be - Mozilla Thunderbird,Helpdesk général,2021-07-14,10:27:32,00:02:43
stefano.crapanzano@chu.ulg.ac.be,Courrier entrant - stefano.crapanzano@chuliege.be - Mozilla Thunderbird,Helpdesk général,2021-07-14,10:34:19,00:00:02
stefano.crapanzano@chu.ulg.ac.be,Courrier entrant - stefano.crapanzano@chuliege.be - Mozilla Thunderbird,Helpdesk général,2021-07-14,10:35:30,00:00:31
stefano.crapanzano@chu.ulg.ac.be,Courrier entrant - stefano.crapanzano@chuliege.be - Mozilla Thunderbird,Helpdesk général,2021-07-14,10:39:48,00:04:03
stefano.crapanzano@chu.ulg.ac.be,Courrier entrant - stefano.crapanzano@chuliege.be - Mozilla Thunderbird,Helpdesk général,2021-07-14,10:48:39,00:01:01
stefano.crapanzano@chu.ulg.ac.be,Courrier entrant - stefano.crapanzano@chuliege.be - Mozilla Thunderbird,Helpdesk général,2021-07-14,10:51:54,00:00:02
stefano.crapanzano@chu.ulg.ac.be,Courrier entrant - stefano.crapanzano@chuliege.be - Mozilla Thunderbird,Helpdesk général,2021-07-14,10:55:36,00:00:03
stefano.crapanzano@chu.ulg.ac.be,Courrier entrant - stefano.crapanzano@chuliege.be - Mozilla Thunderbird,Helpdesk général,2021-07-14,10:55:41,00:00:02
stefano.crapanzano@chu.ulg.ac.be,Courrier entrant - stefano.crapanzano@chuliege.be - Mozilla Thunderbird,Helpdesk général,2021-07-14,10:55:56,00:02:58
stefano.crapanzano@chu.ulg.ac.be,Courrier entrant - stefano.crapanzano@chuliege.be - Mozilla Thunderbird,Helpdesk général,2021-07-14,11:08:04,00:00:02
stefano.crapanzano@chu.ulg.ac.be,Courrier entrant - stefano.crapanzano@chuliege.be - Mozilla Thunderbird,Helpdesk général,2021-07-14,11:19:28,00:00:07
stefano.crapanzano@chu.ulg.ac.be,Courrier entrant - stefano.crapanzano@chuliege.be - Mozilla Thunderbird,Helpdesk général,2021-07-14,11:20:26,00:00:15
stefano.crapanzano@chu.ulg.ac.be,Courrier entrant - stefano.crapanzano@chuliege.be - Mozilla Thunderbird,Helpdesk général,2021-07-14,11:23:44,00:00:11
stefano.crapanzano@chu.ulg.ac.be,Courrier entrant - stefano.crapanzano@chuliege.be - Mozilla Thunderbird,Helpdesk général,2021-07-14,11:23:59,00:00:02
stefano.crapanzano@chu.ulg.ac.be,Courrier entrant - stefano.crapanzano@chuliege.be - Mozilla Thunderbird,Helpdesk général,2021-07-14,11:42:41,00:00:30
stefano.crapanzano@chu.ulg.ac.be,Courrier entrant - stefano.crapanzano@chuliege.be - Mozilla Thunderbird,Helpdesk général,2021-07-14,11:43:34,00:00:04
stefano.crapanzano@chu.ulg.ac.be,Courrier entrant - stefano.crapanzano@chuliege.be - Mozilla Thunderbird,Helpdesk général,2021-07-14,11:49:25,00:00:03
stefano.crapanzano@chu.ulg.ac.be,Courrier entrant - stefano.crapanzano@chuliege.be - Mozilla Thunderbird,Helpdesk général,2021-07-14,11:51:43,00:00:02
stefano.crapanzano@chu.ulg.ac.be,Courrier entrant - stefano.crapanzano@chuliege.be - Mozilla Thunderbird,Helpdesk général,2021-07-14,11:51:58,00:00:02
stefano.crapanzano@chu.ulg.ac.be,Courrier entrant - stefano.crapanzano@chuliege.be - Mozilla Thunderbird,Helpdesk général,2021-07-14,11:55:03,00:00:43
stefano.crapanzano@chu.ulg.ac.be,Sans titre - Google Chrome,Tâches diverses,2021-07-14,08:49:18,00:00:02
stefano.crapanzano@chu.ulg.ac.be,Sans titre - Google Chrome,Tâches diverses,2021-07-14,10:46:18,00:00:03
stefano.crapanzano@chu.ulg.ac.be,P203 CHU Commande 4000196944 pas réceptionnée dans SAP alors qu'elle est réceptionnée dans GERA - Xperthis ERP4HC 1.0 - Service d'assistance - Google Chrome,Tâches diverses,2021-07-14,08:44:09,00:04:02
stefano.crapanzano@chu.ulg.ac.be,P203 CHU Commande 4000196944 pas réceptionnée dans SAP alors qu'elle est réceptionnée dans GERA - Xperthis ERP4HC 1.0 - Service d'assistance - Google Chrome,Tâches diverses,2021-07-14,08:49:38,00:00:21
stefano.crapanzano@chu.ulg.ac.be,P203 CHU Commande 4000196944 pas réceptionnée dans SAP alors qu'elle est réceptionnée dans GERA - Xperthis ERP4HC 1.0 - Service d'assistance - Google Chrome,Tâches diverses,2021-07-14,08:51:58,00:00:06
stefano.crapanzano@chu.ulg.ac.be,P203 CHU Commande 4000196944 pas réceptionnée dans SAP alors qu'elle est réceptionnée dans GERA - Xperthis ERP4HC 1.0 - Service d'assistance - Google Chrome,Tâches diverses,2021-07-14,08:54:17,00:01:02
stefano.crapanzano@chu.ulg.ac.be,P203 CHU Commande 4000196944 pas réceptionnée dans SAP alors qu'elle est réceptionnée dans GERA - Xperthis ERP4HC 1.0 - Service d'assistance - Google Chrome,Tâches diverses,2021-07-14,08:55:34,00:00:03
stefano.crapanzano@chu.ulg.ac.be,P203 CHU Commande 4000196944 pas réceptionnée dans SAP alors qu'elle est réceptionnée dans GERA - Xperthis ERP4HC 1.0 - Service d'assistance - Google Chrome,Tâches diverses,2021-07-14,09:31:58,00:00:02
stefano.crapanzano@chu.ulg.ac.be,P203 CHU Commande 4000196944 pas réceptionnée dans SAP alors qu'elle est réceptionnée dans GERA - Xperthis ERP4HC 1.0 - Service d'assistance - Google Chrome,Tâches diverses,2021-07-14,10:07:46,00:00:03
stefano.crapanzano@chu.ulg.ac.be,Demandes - Service d'assistance - Google Chrome,Tâches diverses,2021-07-14,08:48:12,00:00:10
stefano.crapanzano@chu.ulg.ac.be,Demandes - Service d'assistance - Google Chrome,Tâches diverses,2021-07-14,08:48:46,00:00:03
stefano.crapanzano@chu.ulg.ac.be,Demandes - Service d'assistance - Google Chrome,Tâches diverses,2021-07-14,08:49:36,00:00:02
stefano.crapanzano@chu.ulg.ac.be,Demandes - Service d'assistance - Google Chrome,Tâches diverses,2021-07-14,08:55:42,00:00:03
stefano.crapanzano@chu.ulg.ac.be,Demandes - Service d'assistance - Google Chrome,Tâches diverses,2021-07-14,08:57:29,00:00:22
stefano.crapanzano@chu.ulg.ac.be,Demandes - Service d'assistance - Google Chrome,Tâches diverses,2021-07-14,09:37:56,00:00:09
stefano.crapanzano@chu.ulg.ac.be,Demandes - Service d'assistance - Google Chrome,Tâches diverses,2021-07-14,09:38:12,00:00:04
stefano.crapanzano@chu.ulg.ac.be,Demandes - Service d'assistance - Google Chrome,Tâches diverses,2021-07-14,09:38:28,00:00:06
stefano.crapanzano@chu.ulg.ac.be,Demandes - Service d'assistance - Google Chrome,Tâches diverses,2021-07-14,09:39:18,00:00:08
stefano.crapanzano@chu.ulg.ac.be,Demandes - Service d'assistance - Google Chrome,Tâches diverses,2021-07-14,09:40:10,00:00:08
stefano.crapanzano@chu.ulg.ac.be,Demandes - Service d'assistance - Google Chrome,Tâches diverses,2021-07-14,09:40:40,00:00:07
stefano.crapanzano@chu.ulg.ac.be,Demandes - Service d'assistance - Google Chrome,Tâches diverses,2021-07-14,09:48:19,00:00:06
stefano.crapanzano@chu.ulg.ac.be,Demandes - Service d'assistance - Google Chrome,Tâches diverses,2021-07-14,10:00:25,00:00:02
stefano.crapanzano@chu.ulg.ac.be,Demandes - Service d'assistance - Google Chrome,Tâches diverses,2021-07-14,10:08:53,00:00:03
stefano.crapanzano@chu.ulg.ac.be,Demandes - Service d'assistance - Google Chrome,Tâches diverses,2021-07-14,10:09:03,00:00:10
stefano.crapanzano@chu.ulg.ac.be,Demandes - Service d'assistance - Google Chrome,Tâches diverses,2021-07-14,10:09:27,00:00:03
stefano.crapanzano@chu.ulg.ac.be,Demandes - Service d'assistance - Google Chrome,Tâches diverses,2021-07-14,10:11:22,00:00:02
stefano.crapanzano@chu.ulg.ac.be,Demandes - Service d'assistance - Google Chrome,Tâches diverses,2021-07-14,11:28:08,00:00:02
stefano.crapanzano@chu.ulg.ac.be,P203 CHU Réception d'une commande dans Gera  mais pas dans SAP - Xperthis ERP4HC 1.0 - Service d'assistance - Google Chrome,Tâches diverses,2021-07-14,08:48:22,00:00:24
stefano.crapanzano@chu.ulg.ac.be,P203 CHU Réception d'une commande dans Gera  mais pas dans SAP - Xperthis ERP4HC 1.0 - Service d'assistance - Google Chrome,Tâches diverses,2021-07-14,08:55:45,00:00:33
stefano.crapanzano@chu.ulg.ac.be,P203 CHU Réception d'une commande dans Gera  mais pas dans SAP - Xperthis ERP4HC 1.0 - Service d'assistance - Google Chrome,Tâches diverses,2021-07-14,08:56:56,00:00:02
stefano.crapanzano@chu.ulg.ac.be,P203 CHU Réception d'une commande dans Gera  mais pas dans SAP - Xperthis ERP4HC 1.0 - Service d'assistance - Google Chrome,Tâches diverses,2021-07-14,08:57:17,00:00:12
stefano.crapanzano@chu.ulg.ac.be,P203 CHU Commande 4000205977 ne contient rien dans le champs  notre référence  dans l'onglet communication - Xperthis ERP4HC 1.0 - Service d'assistance - Google Chrome,Tâches diverses,2021-07-14,08:49:20,00:00:15
stefano.crapanzano@chu.ulg.ac.be,P203 CHU Commande 4000205977 ne contient rien dans le champs  notre référence  dans l'onglet communication - Xperthis ERP4HC 1.0 - Service d'assistance - Google Chrome,Tâches diverses,2021-07-14,08:55:21,00:00:13
stefano.crapanzano@chu.ulg.ac.be,P203 CHU Commande 4000205977 ne contient rien dans le champs  notre référence  dans l'onglet communication - Xperthis ERP4HC 1.0 - Service d'assistance - Google Chrome,Tâches diverses,2021-07-14,10:11:52,00:00:04
stefano.crapanzano@chu.ulg.ac.be,SAP Logon 750,Exploration SAP,2021-07-14,08:50:00,00:00:07
stefano.crapanzano@chu.ulg.ac.be,SAP Logon 750,Exploration SAP,2021-07-14,09:44:41,00:00:03
stefano.crapanzano@chu.ulg.ac.be,SAP Logon 750,Exploration SAP,2021-07-14,09:47:26,00:00:02
stefano.crapanzano@chu.ulg.ac.be,SAP Logon 750,Exploration SAP,2021-07-14,09:48:12,00:00:02
stefano.crapanzano@chu.ulg.ac.be,SAP Logon 750,Exploration SAP,2021-07-14,09:49:18,00:00:03
stefano.crapanzano@chu.ulg.ac.be,SAP Logon 750,Exploration SAP,2021-07-14,09:51:05,00:00:02
stefano.crapanzano@chu.ulg.ac.be,SAP Logon 750,Exploration SAP,2021-07-14,09:51:09,00:00:09
stefano.crapanzano@chu.ulg.ac.be,SAP Logon 750,Exploration SAP,2021-07-14,09:51:20,00:00:10
stefano.crapanzano@chu.ulg.ac.be,SAP Logon 750,Exploration SAP,2021-07-14,09:53:02,00:00:04
stefano.crapanzano@chu.ulg.ac.be,SAP Logon 750,Exploration SAP,2021-07-14,09:53:26,00:00:03
stefano.crapanzano@chu.ulg.ac.be,SAP Logon 750,Exploration SAP,2021-07-14,09:53:33,00:00:04
stefano.crapanzano@chu.ulg.ac.be,SAP Logon 750,Exploration SAP,2021-07-14,09:54:13,00:00:04
stefano.crapanzano@chu.ulg.ac.be,SAP Logon 750,Exploration SAP,2021-07-14,09:54:19,00:00:03
stefano.crapanzano@chu.ulg.ac.be,SAP Logon 750,Exploration SAP,2021-07-14,10:04:40,00:00:02
stefano.crapanzano@chu.ulg.ac.be,SAP Logon 750,Exploration SAP,2021-07-14,10:14:25,00:00:14
stefano.crapanzano@chu.ulg.ac.be,SAP Logon 750,Exploration SAP,2021-07-14,10:14:41,00:00:24
stefano.crapanzano@chu.ulg.ac.be,SAP Logon 750,Exploration SAP,2021-07-14,10:15:31,00:00:22
stefano.crapanzano@chu.ulg.ac.be,SAP Logon 750,Exploration SAP,2021-07-14,10:16:54,00:00:12
stefano.crapanzano@chu.ulg.ac.be,SAP Logon 750,Exploration SAP,2021-07-14,10:18:33,00:00:21
stefano.crapanzano@chu.ulg.ac.be,SAP Logon 750,Exploration SAP,2021-07-14,10:30:53,00:00:08
stefano.crapanzano@chu.ulg.ac.be,SAP Logon 750,Exploration SAP,2021-07-14,10:51:46,00:00:02
stefano.crapanzano@chu.ulg.ac.be,SAP Easy Access Menu de base Applications financières-économiques,Exploration SAP,2021-07-14,08:50:07,00:00:06
stefano.crapanzano@chu.ulg.ac.be,SAP Easy Access Menu de base Applications financières-économiques,Exploration SAP,2021-07-14,08:50:22,00:00:09
stefano.crapanzano@chu.ulg.ac.be,SAP Easy Access Menu de base Applications financières-économiques,Exploration SAP,2021-07-14,08:50:33,00:00:06
stefano.crapanzano@chu.ulg.ac.be,SAP Easy Access Menu de base Applications financières-économiques,Exploration SAP,2021-07-14,08:51:12,00:00:03
stefano.crapanzano@chu.ulg.ac.be,SAP Easy Access Menu de base Applications financières-économiques,Exploration SAP,2021-07-14,08:56:21,00:00:03
stefano.crapanzano@chu.ulg.ac.be,SAP Easy Access Menu de base Applications financières-économiques,Exploration SAP,2021-07-14,09:12:41,00:00:08
stefano.crapanzano@chu.ulg.ac.be,SAP Easy Access Menu de base Applications financières-économiques,Exploration SAP,2021-07-14,09:14:23,00:00:09
stefano.crapanzano@chu.ulg.ac.be,SAP Easy Access Menu de base Applications financières-économiques,Exploration SAP,2021-07-14,09:14:41,00:00:02
stefano.crapanzano@chu.ulg.ac.be,SAP Easy Access Menu de base Applications financières-économiques,Exploration SAP,2021-07-14,10:31:01,00:00:06
stefano.crapanzano@chu.ulg.ac.be,SAP Easy Access Menu de base Applications financières-économiques,Exploration SAP,2021-07-14,10:31:51,00:00:03
stefano.crapanzano@chu.ulg.ac.be,Sélectionner document,Exploration SAP,2021-07-14,08:50:14,00:00:02
stefano.crapanzano@chu.ulg.ac.be,Commande interv. 40 4000196944 créée par WEBUSERCHU,Exploration SAP,2021-07-14,08:50:16,00:00:06
stefano.crapanzano@chu.ulg.ac.be,Commande interv. 40 4000196944 créée par WEBUSERCHU,Exploration SAP,2021-07-14,08:51:15,00:00:05
stefano.crapanzano@chu.ulg.ac.be,Commande interv. 40 4000196944 créée par WEBUSERCHU,Exploration SAP,2021-07-14,08:51:27,00:00:02
stefano.crapanzano@chu.ulg.ac.be,Commande interv. 40 4000196944 créée par WEBUSERCHU,Exploration SAP,2021-07-14,08:53:39,00:00:14
stefano.crapanzano@chu.ulg.ac.be,Commande interv. 40 4000196944 créée par WEBUSERCHU,Exploration SAP,2021-07-14,08:53:55,00:00:20
stefano.crapanzano@chu.ulg.ac.be,Entrée de marchandises Commande d'achat - Stefano CRAPANZANO,Exploration SAP,2021-07-14,08:50:39,00:00:03
stefano.crapanzano@chu.ulg.ac.be,Entrée de marchandises Commande d'achat - Stefano CRAPANZANO,Exploration SAP,2021-07-14,08:53:33,00:00:04
stefano.crapanzano@chu.ulg.ac.be,Entrée de marchandises Commande d'achat - Stefano CRAPANZANO,Exploration SAP,2021-07-14,08:56:25,00:00:07
stefano.crapanzano@chu.ulg.ac.be,Entrée de marchandises Commande d'achat - Stefano CRAPANZANO,Exploration SAP,2021-07-14,08:56:58,00:00:02
stefano.crapanzano@chu.ulg.ac.be,Entrée de marchandises Commande d'achat - Stefano CRAPANZANO,Exploration SAP,2021-07-14,09:14:32,00:00:05
stefano.crapanzano@chu.ulg.ac.be,Entrée de marchandises Commande d'achat - Stefano CRAPANZANO,Exploration SAP,2021-07-14,09:15:28,00:00:04
stefano.crapanzano@chu.ulg.ac.be,Entrée de marchandises Commande d'achat 4000196944 - Stefano CRAPANZAN,Exploration SAP,2021-07-14,08:50:43,00:00:28
stefano.crapanzano@chu.ulg.ac.be,Entrée de marchandises Commande d'achat 4000196944 - Stefano CRAPANZAN,Exploration SAP,2021-07-14,08:51:22,00:00:04
stefano.crapanzano@chu.ulg.ac.be,Entrée de marchandises Commande d'achat 4000196944 - Stefano CRAPANZAN,Exploration SAP,2021-07-14,08:51:30,00:00:15
stefano.crapanzano@chu.ulg.ac.be,Entrée de marchandises Commande d'achat 4000196944 - Stefano CRAPANZAN,Exploration SAP,2021-07-14,08:51:48,00:00:07
stefano.crapanzano@chu.ulg.ac.be,Entrée de marchandises Commande d'achat 4000196944 - Stefano CRAPANZAN,Exploration SAP,2021-07-14,08:52:04,00:00:14
stefano.crapanzano@chu.ulg.ac.be,Entrée de marchandises Commande d'achat 4000196944 - Stefano CRAPANZAN,Exploration SAP,2021-07-14,08:52:38,00:00:22
stefano.crapanzano@chu.ulg.ac.be,Entrée de marchandises Commande d'achat 4000196944 - Stefano CRAPANZAN,Exploration SAP,2021-07-14,08:53:07,00:00:26
stefano.crapanzano@chu.ulg.ac.be,Afficher fiche infos-achats : données générales,Exploration SAP,2021-07-14,08:51:45,00:00:02
stefano.crapanzano@chu.ulg.ac.be,Astuce,Exploration SAP,2021-07-14,08:53:01,00:00:06
stefano.crapanzano@chu.ulg.ac.be,P203 CHU Connexion à ERP4HC 2.0 : IP 153.89.126.135 non accessible + connexions SAPLOGON - Xperthis ERP4HC 1.0 - Service d'assistance - Google Chrome,Tâches diverses,2021-07-14,08:55:38,00:00:03
stefano.crapanzano@chu.ulg.ac.be,P203 CHU Connexion à ERP4HC 2.0 : IP 153.89.126.135 non accessible + connexions SAPLOGON - Xperthis ERP4HC 1.0 - Service d'assistance - Google Chrome,Tâches diverses,2021-07-14,09:48:25,00:00:27
stefano.crapanzano@chu.ulg.ac.be,P203 CHU Connexion à ERP4HC 2.0 : IP 153.89.126.135 non accessible + connexions SAPLOGON - Xperthis ERP4HC 1.0 - Service d'assistance - Google Chrome,Tâches diverses,2021-07-14,10:00:14,00:00:06
stefano.crapanzano@chu.ulg.ac.be,P203 CHU Connexion à ERP4HC 2.0 : IP 153.89.126.135 non accessible + connexions SAPLOGON - Xperthis ERP4HC 1.0 - Service d'assistance - Google Chrome,Tâches diverses,2021-07-14,10:00:28,00:00:04
stefano.crapanzano@chu.ulg.ac.be,P203 CHU Connexion à ERP4HC 2.0 : IP 153.89.126.135 non accessible + connexions SAPLOGON - Xperthis ERP4HC 1.0 - Service d'assistance - Google Chrome,Tâches diverses,2021-07-14,10:00:56,00:00:03
stefano.crapanzano@chu.ulg.ac.be,P203 CHU Connexion à ERP4HC 2.0 : IP 153.89.126.135 non accessible + connexions SAPLOGON - Xperthis ERP4HC 1.0 - Service d'assistance - Google Chrome,Tâches diverses,2021-07-14,10:37:40,00:00:25
stefano.crapanzano@chu.ulg.ac.be,Entrée de marchandises Commande d'achat 4000210173 - Stefano CRAPANZAN,Exploration SAP,2021-07-14,08:56:32,00:00:21
stefano.crapanzano@chu.ulg.ac.be,Entrée de marchandises Commande d'achat 4000210432 - Stefano CRAPANZAN,Exploration SAP,2021-07-14,08:57:00,00:00:15
stefano.crapanzano@chu.ulg.ac.be,P203 CHU Commande pas réceptionnée dans SAP alors qu'elle est réceptionnée dans GERA - Xperthis ERP4HC 1.0 - Service d'assistance - Google Chrome,Tâches diverses,2021-07-14,08:57:52,00:00:49
stefano.crapanzano@chu.ulg.ac.be,P203 CHU Commande pas réceptionnée dans SAP alors qu'elle est réceptionnée dans GERA - Xperthis ERP4HC 1.0 - Service d'assistance - Google Chrome,Helpdesk général,2021-07-14,08:59:05,00:00:28
stefano.crapanzano@chu.ulg.ac.be,P203 CHU Commande pas réceptionnée dans SAP alors qu'elle est réceptionnée dans GERA - Xperthis ERP4HC 1.0 - Service d'assistance - Google Chrome,Tâches diverses,2021-07-14,09:00:33,00:00:04
stefano.crapanzano@chu.ulg.ac.be,P203 CHU Commande pas réceptionnée dans SAP alors qu'elle est réceptionnée dans GERA - Xperthis ERP4HC 1.0 - Service d'assistance - Google Chrome,Tâches diverses,2021-07-14,09:01:26,00:00:07
stefano.crapanzano@chu.ulg.ac.be,P203 CHU Commande pas réceptionnée dans SAP alors qu'elle est réceptionnée dans GERA - Xperthis ERP4HC 1.0 - Service d'assistance - Google Chrome,Tâches diverses,2021-07-14,09:01:41,00:05:52
stefano.crapanzano@chu.ulg.ac.be,P203 CHU Commande pas réceptionnée dans SAP alors qu'elle est réceptionnée dans GERA - Xperthis ERP4HC 1.0 - Service d'assistance - Google Chrome,Tâches diverses,2021-07-14,09:07:37,00:00:02
stefano.crapanzano@chu.ulg.ac.be,P203 CHU Commande pas réceptionnée dans SAP alors qu'elle est réceptionnée dans GERA - Xperthis ERP4HC 1.0 - Service d'assistance - Google Chrome,Tâches diverses,2021-07-14,09:16:20,00:00:08
stefano.crapanzano@chu.ulg.ac.be,P203 CHU Commande pas réceptionnée dans SAP alors qu'elle est réceptionnée dans GERA - Xperthis ERP4HC 1.0 - Service d'assistance - Google Chrome,Tâches diverses,2021-07-14,09:16:55,00:00:02
stefano.crapanzano@chu.ulg.ac.be,P203 CHU Commande pas réceptionnée dans SAP alors qu'elle est réceptionnée dans GERA - Xperthis ERP4HC 1.0 - Service d'assistance - Google Chrome,Tâches diverses,2021-07-14,09:19:56,00:00:03
stefano.crapanzano@chu.ulg.ac.be,P203 CHU Commande pas réceptionnée dans SAP alors qu'elle est réceptionnée dans GERA - Xperthis ERP4HC 1.0 - Service d'assistance - Google Chrome,Tâches diverses,2021-07-14,10:08:19,00:00:02
stefano.crapanzano@chu.ulg.ac.be,4000201290 - Mozilla Thunderbird,Helpdesk général,2021-07-14,08:58:51,00:00:04
stefano.crapanzano@chu.ulg.ac.be,ERREURS FLUX GERA-SAP A ANALYSER - Mozilla Thunderbird,Helpdesk général,2021-07-14,08:58:56,00:00:09
stefano.crapanzano@chu.ulg.ac.be,Rédaction : Re: ERREURS FLUX GERA-SAP A ANALYSER - Thunderbird,Helpdesk général,2021-07-14,08:59:35,00:00:56
stefano.crapanzano@chu.ulg.ac.be,Rédaction : Re: ERREURS FLUX GERA-SAP A ANALYSER - Thunderbird,Helpdesk général,2021-07-14,09:00:39,00:00:46
stefano.crapanzano@chu.ulg.ac.be,Rédaction : Re: ERREURS FLUX GERA-SAP A ANALYSER - Thunderbird,Helpdesk général,2021-07-14,09:01:34,00:00:07
stefano.crapanzano@chu.ulg.ac.be,chargement_manuel_AD_v2.xlsm - Excel,Tâches diverses,2021-07-14,09:11:46,00:00:19
stefano.crapanzano@chu.ulg.ac.be,chargement_manuel_AD_v2.xlsm - Excel,Tâches diverses,2021-07-14,09:12:06,00:00:16
stefano.crapanzano@chu.ulg.ac.be,chargement_manuel_AD_v2.xlsm - Excel,Tâches diverses,2021-07-14,09:12:27,00:00:03
stefano.crapanzano@chu.ulg.ac.be,Gestion des utilisateurs : écran initial,Exploration SAP,2021-07-14,09:12:54,00:00:05
stefano.crapanzano@chu.ulg.ac.be,Gestion des utilisateurs : écran initial,Exploration SAP,2021-07-14,10:31:07,00:00:02
stefano.crapanzano@chu.ulg.ac.be,Gestion des utilisateurs : écran initial,Exploration SAP,2021-07-14,10:31:35,00:00:03
stefano.crapanzano@chu.ulg.ac.be,Gestion des utilisateurs : écran initial,Exploration SAP,2021-07-14,10:31:39,00:00:02
stefano.crapanzano@chu.ulg.ac.be,Afficher utilisateur,Exploration SAP,2021-07-14,09:12:51,00:00:03
stefano.crapanzano@chu.ulg.ac.be,Afficher utilisateur,Exploration SAP,2021-07-14,10:31:21,00:00:04
stefano.crapanzano@chu.ulg.ac.be,Afficher utilisateur,Exploration SAP,2021-07-14,10:31:42,00:00:09
stefano.crapanzano@chu.ulg.ac.be,PE2_203 - sftp://PE2U2FTP@153.89.110.38 - FileZilla,Helpdesk général,2021-07-14,12:26:21,00:00:24
stefano.crapanzano@chu.ulg.ac.be,PE2_203 - sftp://PE2U2FTP@153.89.110.38 - FileZilla,Helpdesk général,2021-07-14,12:26:53,00:00:32
stefano.crapanzano@chu.ulg.ac.be,PE2_203 - sftp://PE2U2FTP@153.89.110.38 - FileZilla,IT,2021-07-14,12:27:39,00:00:02
stefano.crapanzano@chu.ulg.ac.be,PE2_203 - sftp://PE2U2FTP@153.89.110.38 - FileZilla,Helpdesk général,2021-07-14,12:27:47,00:00:03
stefano.crapanzano@chu.ulg.ac.be,PE2_203 - sftp://PE2U2FTP@153.89.110.38 - FileZilla,Helpdesk général,2021-07-14,12:29:16,00:00:16
stefano.crapanzano@chu.ulg.ac.be,PE2_203 - sftp://PE2U2FTP@153.89.110.38 - FileZilla,Helpdesk général,2021-07-14,12:29:35,00:00:12
stefano.crapanzano@chu.ulg.ac.be,PE2_203 - sftp://PE2U2FTP@153.89.110.38 - FileZilla,Helpdesk général,2021-07-14,12:30:21,00:00:04
stefano.crapanzano@chu.ulg.ac.be,PE2_203_IDMGMT - sftp://PE2U2FTPID@153.89.110.38 - FileZilla,Helpdesk général,2021-07-14,09:13:36,00:00:19
stefano.crapanzano@chu.ulg.ac.be,PE2_203_IDMGMT - sftp://PE2U2FTPID@153.89.110.38 - FileZilla,Helpdesk général,2021-07-14,11:34:38,00:00:02
stefano.crapanzano@chu.ulg.ac.be,Commande interv. 40 4000203526 créée par Gaëlle VAN RYSSELBERGHE,Exploration SAP,2021-07-14,09:14:46,00:00:40
stefano.crapanzano@chu.ulg.ac.be,Commande interv. 40 4000203526 créée par Gaëlle VAN RYSSELBERGHE,Exploration SAP,2021-07-14,09:15:33,00:00:46
stefano.crapanzano@chu.ulg.ac.be,Commande interv. 40 4000203526 créée par Gaëlle VAN RYSSELBERGHE,Exploration SAP,2021-07-14,09:18:56,00:00:20
stefano.crapanzano@chu.ulg.ac.be,Commande interv. 40 4000203526 créée par Gaëlle VAN RYSSELBERGHE,Exploration SAP,2021-07-14,09:19:33,00:00:06
stefano.crapanzano@chu.ulg.ac.be,Commande interv. 40 4000203526 créée par Gaëlle VAN RYSSELBERGHE,Exploration SAP,2021-07-14,09:19:44,00:00:09
stefano.crapanzano@chu.ulg.ac.be,Commande interv. 40 4000203526 créée par Gaëlle VAN RYSSELBERGHE,Exploration SAP,2021-07-14,09:28:22,00:00:23
stefano.crapanzano@chu.ulg.ac.be,Commande interv. 40 4000203526 créée par Gaëlle VAN RYSSELBERGHE,Exploration SAP,2021-07-14,09:29:53,00:00:26
stefano.crapanzano@chu.ulg.ac.be,Commande interv. 40 4000203526 créée par Gaëlle VAN RYSSELBERGHE,Exploration SAP,2021-07-14,09:30:22,00:00:04
stefano.crapanzano@chu.ulg.ac.be,Commande interv. 40 4000203526 créée par Gaëlle VAN RYSSELBERGHE,Exploration SAP,2021-07-14,09:30:32,00:00:16
stefano.crapanzano@chu.ulg.ac.be,Commande interv. 40 4000203526 créée par Gaëlle VAN RYSSELBERGHE,Exploration SAP,2021-07-14,09:31:04,00:00:03
stefano.crapanzano@chu.ulg.ac.be,Commande interv. 40 4000203526 créée par Gaëlle VAN RYSSELBERGHE,Exploration SAP,2021-07-14,09:33:16,00:00:02
stefano.crapanzano@chu.ulg.ac.be,Nouvel évènement :,Helpdesk général,2021-07-14,09:16:30,00:00:04
stefano.crapanzano@chu.ulg.ac.be,Nouvel évènement : compte à créer relais achat,Helpdesk général,2021-07-14,09:16:41,00:00:04
stefano.crapanzano@chu.ulg.ac.be,Rédaction : Re: TR: réception impossible - problème facture - Thunderbird,Helpdesk général,2021-07-14,09:17:02,00:01:52
stefano.crapanzano@chu.ulg.ac.be,Rédaction : Re: TR: réception impossible - problème facture - Thunderbird,Helpdesk général,2021-07-14,09:40:57,00:01:12
stefano.crapanzano@chu.ulg.ac.be,Rédaction : Re: TR: réception impossible - problème facture - Thunderbird,Helpdesk général,2021-07-14,11:48:59,00:00:04
stefano.crapanzano@chu.ulg.ac.be,Catégorie de récepteur (1)   26 Entrées trouvées,Exploration SAP,2021-07-14,09:19:16,00:00:16
stefano.crapanzano@chu.ulg.ac.be,Délimiter plage valeurs (1)    3 Entrées trouvées,Exploration SAP,2021-07-14,09:19:39,00:00:04
stefano.crapanzano@chu.ulg.ac.be,ZORGI Help Center - Service d'assistance - Google Chrome,Tâches diverses,2021-07-14,09:20:01,00:00:03
stefano.crapanzano@chu.ulg.ac.be,ZORGI Help Center - Service d'assistance - Google Chrome,Tâches diverses,2021-07-14,09:28:49,00:00:03
stefano.crapanzano@chu.ulg.ac.be,Nouvel onglet - Google Chrome,Tâches diverses,2021-07-14,09:20:04,00:00:08
stefano.crapanzano@chu.ulg.ac.be,Nouvel onglet - Google Chrome,Tâches diverses,2021-07-14,10:53:46,00:00:02
stefano.crapanzano@chu.ulg.ac.be,Connectez-vous à votre compte - Google Chrome,Tâches diverses,2021-07-14,09:20:13,00:00:20
stefano.crapanzano@chu.ulg.ac.be,Customer Portal - Home - Google Chrome,Tâches diverses,2021-07-14,09:20:35,00:00:15
stefano.crapanzano@chu.ulg.ac.be,Customer Portal - Home - Google Chrome,Tâches diverses,2021-07-14,09:20:56,00:00:10
stefano.crapanzano@chu.ulg.ac.be,Customer Portal - Common - Tous les documents - Google Chrome,Tâches diverses,2021-07-14,09:20:51,00:00:04
stefano.crapanzano@chu.ulg.ac.be,Study Groups - Home - Google Chrome,Tâches diverses,2021-07-14,09:21:07,00:00:06
stefano.crapanzano@chu.ulg.ac.be,Commissions d'études - ERP4HC - Tous les documents - Google Chrome,Tâches diverses,2021-07-14,09:21:14,00:00:15
stefano.crapanzano@chu.ulg.ac.be,Study Groups - Résultats de la recherche pour « réception service » - Tous les documents - Google Chrome,Tâches diverses,2021-07-14,09:21:30,00:00:06
stefano.crapanzano@chu.ulg.ac.be,Study Groups - Résultats de la recherche pour « réception service » - Tous les documents - Google Chrome,Tâches diverses,2021-07-14,09:22:02,00:00:16
stefano.crapanzano@chu.ulg.ac.be,Study Groups - Résultats de la recherche pour « réception service » - Tous les documents - Google Chrome,Tâches diverses,2021-07-14,09:22:23,00:00:08
stefano.crapanzano@chu.ulg.ac.be,Study Groups - Résultats de la recherche pour « réception service » - Tous les documents - Google Chrome,Tâches diverses,2021-07-14,09:23:33,00:00:19
stefano.crapanzano@chu.ulg.ac.be,Study Groups - Résultats de la recherche pour « réception service » - Tous les documents - Google Chrome,Tâches diverses,2021-07-14,09:27:23,00:00:06
stefano.crapanzano@chu.ulg.ac.be,Study Groups - LOG_MM_PUR_USR_Purchase Order_FR.pdf - Tous les documents - Google Chrome,Tâches diverses,2021-07-14,09:21:36,00:00:26
stefano.crapanzano@chu.ulg.ac.be,Study Groups - LOG_MM_PUR_USR_Purchase Order_FR.pdf - Tous les documents - Google Chrome,Tâches diverses,2021-07-14,09:23:53,00:03:30
stefano.crapanzano@chu.ulg.ac.be,Study Groups - LOG_MM_PUR_USR_Purchase Order_FR.pdf - Tous les documents - Google Chrome,Tâches diverses,2021-07-14,09:27:46,00:00:34
stefano.crapanzano@chu.ulg.ac.be,Study Groups - MM_IV_INT_WF_USR_Workflow_FR.pdf - Tous les documents - Google Chrome,Tâches diverses,2021-07-14,09:22:32,00:01:01
stefano.crapanzano@chu.ulg.ac.be,Study Groups - Résultats de la recherche pour « réception » - Tous les documents - Google Chrome,Tâches diverses,2021-07-14,09:27:30,00:00:10
stefano.crapanzano@chu.ulg.ac.be,Study Groups - Résultats de la recherche pour « réception marchandise » - Tous les documents - Google Chrome,Tâches diverses,2021-07-14,09:27:41,00:00:04
stefano.crapanzano@chu.ulg.ac.be,Question ERP for HealthCare - Xperthis ERP4HC 1.0 - Service d'assistance - Google Chrome,Tâches diverses,2021-07-14,09:28:53,00:00:07
stefano.crapanzano@chu.ulg.ac.be,Question ERP for HealthCare - Xperthis ERP4HC 1.0 - Service d'assistance - Google Chrome,Tâches diverses,2021-07-14,09:29:08,00:00:42
stefano.crapanzano@chu.ulg.ac.be,Question ERP for HealthCare - Xperthis ERP4HC 1.0 - Service d'assistance - Google Chrome,Tâches diverses,2021-07-14,09:30:50,00:00:13
stefano.crapanzano@chu.ulg.ac.be,Question ERP for HealthCare - Xperthis ERP4HC 1.0 - Service d'assistance - Google Chrome,Tâches diverses,2021-07-14,09:31:07,00:00:50
stefano.crapanzano@chu.ulg.ac.be,Question ERP for HealthCare - Xperthis ERP4HC 1.0 - Service d'assistance - Google Chrome,Tâches diverses,2021-07-14,09:32:00,00:00:10
stefano.crapanzano@chu.ulg.ac.be,Question ERP for HealthCare - Xperthis ERP4HC 1.0 - Service d'assistance - Google Chrome,Tâches diverses,2021-07-14,09:32:14,00:00:14
stefano.crapanzano@chu.ulg.ac.be,Question ERP for HealthCare - Xperthis ERP4HC 1.0 - Service d'assistance - Google Chrome,Helpdesk général,2021-07-14,09:32:32,00:00:41
stefano.crapanzano@chu.ulg.ac.be,Question ERP for HealthCare - Xperthis ERP4HC 1.0 - Service d'assistance - Google Chrome,Tâches diverses,2021-07-14,09:33:19,00:00:03
stefano.crapanzano@chu.ulg.ac.be,Question ERP for HealthCare - Xperthis ERP4HC 1.0 - Service d'assistance - Google Chrome,Tâches diverses,2021-07-14,09:37:08,00:00:44
stefano.crapanzano@chu.ulg.ac.be,Pas de modifications Commande achat 4000203526 Poste 10,Exploration SAP,2021-07-14,09:30:19,00:00:02
stefano.crapanzano@chu.ulg.ac.be,Modifications Commande achat 4000203526,Exploration SAP,2021-07-14,09:30:26,00:00:06
stefano.crapanzano@chu.ulg.ac.be,P203 - SAPGUI 760 pour connexion à ERP 2.0 - Xperthis ERP4HC 1.0 - Service d'assistance - Google Chrome,Tâches diverses,2021-07-14,09:34:02,00:01:07
stefano.crapanzano@chu.ulg.ac.be,P203 - SAPGUI 760 pour connexion à ERP 2.0 - Xperthis ERP4HC 1.0 - Service d'assistance - Google Chrome,Tâches diverses,2021-07-14,09:48:15,00:00:03
stefano.crapanzano@chu.ulg.ac.be,SAM-DB : Installation SAP GUI 760 - Google Chrome,Tâches diverses,2021-07-14,09:36:05,00:01:00
stefano.crapanzano@chu.ulg.ac.be,SAM-DB : Installation SAP GUI 760 - Google Chrome,Tâches diverses,2021-07-14,09:46:48,00:00:04
stefano.crapanzano@chu.ulg.ac.be,SAM-DB : Installation SAP GUI 760 - Google Chrome,Tâches diverses,2021-07-14,09:48:04,00:00:02
stefano.crapanzano@chu.ulg.ac.be,SAM-DB : Installation SAP GUI 760 - Google Chrome,Tâches diverses,2021-07-14,10:08:09,00:00:02
stefano.crapanzano@chu.ulg.ac.be,SAM-DB : Installation SAP GUI 760 - Google Chrome,Tâches diverses,2021-07-14,10:30:19,00:00:02
stefano.crapanzano@chu.ulg.ac.be,SAM-DB : Installation SAP GUI 760 - Google Chrome,Tâches diverses,2021-07-14,11:36:07,00:00:03
stefano.crapanzano@chu.ulg.ac.be,SAM-DB : Installation SAP GUI 760 - Google Chrome,Tâches diverses,2021-07-14,11:41:23,00:00:02
stefano.crapanzano@chu.ulg.ac.be,Identification - Google Chrome,Tâches diverses,2021-07-14,09:35:20,00:00:06
stefano.crapanzano@chu.ulg.ac.be,SAM-DB - Google Chrome,Tâches diverses,2021-07-14,09:35:18,00:00:02
stefano.crapanzano@chu.ulg.ac.be,SAM-DB - Google Chrome,Tâches diverses,2021-07-14,09:35:46,00:00:12
stefano.crapanzano@chu.ulg.ac.be,SAM-DB - Google Chrome,Tâches diverses,2021-07-14,10:31:09,00:00:04
stefano.crapanzano@chu.ulg.ac.be,SAM-DB - Google Chrome,Tâches diverses,2021-07-14,10:33:58,00:00:02
stefano.crapanzano@chu.ulg.ac.be,SAM-DB - Google Chrome,Tâches diverses,2021-07-14,11:41:26,00:00:18
stefano.crapanzano@chu.ulg.ac.be,SAM-DB : Disposer de ressources pour le changement enironnement ERP4HC 2.0 - Google Chrome,Tâches diverses,2021-07-14,09:35:29,00:00:16
stefano.crapanzano@chu.ulg.ac.be,SAM-DB : Disposer de ressources pour le changement enironnement ERP4HC 2.0 - Google Chrome,Tâches diverses,2021-07-14,10:30:21,00:00:31
stefano.crapanzano@chu.ulg.ac.be,SAM-DB : Disposer de ressources pour le changement enironnement ERP4HC 2.0 - Google Chrome,Tâches diverses,2021-07-14,10:49:42,00:00:37
stefano.crapanzano@chu.ulg.ac.be,SAM-DB : Disposer de ressources pour le changement enironnement ERP4HC 2.0 - Google Chrome,Tâches diverses,2021-07-14,10:51:14,00:00:04
stefano.crapanzano@chu.ulg.ac.be,SAM-DB : Disposer de ressources pour le changement enironnement ERP4HC 2.0 - Google Chrome,Tâches diverses,2021-07-14,11:30:39,00:02:40
stefano.crapanzano@chu.ulg.ac.be,SAM-DB : Disposer de ressources pour le changement enironnement ERP4HC 2.0 - Google Chrome,Tâches diverses,2021-07-14,11:36:11,00:00:28
stefano.crapanzano@chu.ulg.ac.be,SAM-DB : Disposer de ressources pour le changement enironnement ERP4HC 2.0 - Google Chrome,Tâches diverses,2021-07-14,11:36:50,00:00:04
stefano.crapanzano@chu.ulg.ac.be,SAM-DB : Disposer de ressources pour le changement enironnement ERP4HC 2.0 - Google Chrome,Tâches diverses,2021-07-14,11:37:27,00:00:04
stefano.crapanzano@chu.ulg.ac.be,SAM-DB : Disposer de ressources pour le changement enironnement ERP4HC 2.0 - Google Chrome,Tâches diverses,2021-07-14,11:37:36,00:00:08
stefano.crapanzano@chu.ulg.ac.be,SAM-DB : Disposer de ressources pour le changement enironnement ERP4HC 2.0 - Google Chrome,Tâches diverses,2021-07-14,11:37:51,00:00:15
stefano.crapanzano@chu.ulg.ac.be,SAM-DB : Disposer de ressources pour le changement enironnement ERP4HC 2.0 - Google Chrome,Tâches diverses,2021-07-14,11:38:11,00:01:21
stefano.crapanzano@chu.ulg.ac.be,SAM-DB : Disposer de ressources pour le changement enironnement ERP4HC 2.0 - Google Chrome,Tâches diverses,2021-07-14,11:39:37,00:00:19
stefano.crapanzano@chu.ulg.ac.be,SAM-DB : Disposer de ressources pour le changement enironnement ERP4HC 2.0 - Google Chrome,Tâches diverses,2021-07-14,11:39:58,00:01:25
stefano.crapanzano@chu.ulg.ac.be,SAM-DB : Disposer de ressources pour le changement enironnement ERP4HC 2.0 - Google Chrome,Tâches diverses,2021-07-14,11:41:44,00:00:53
stefano.crapanzano@chu.ulg.ac.be,SAM-DB : Disposer de ressources pour le changement enironnement ERP4HC 2.0 - Google Chrome,Tâches diverses,2021-07-14,11:44:27,00:00:50
stefano.crapanzano@chu.ulg.ac.be,SAM-DB : Disposer de ressources pour le changement enironnement ERP4HC 2.0 - Google Chrome,Tâches diverses,2021-07-14,11:45:34,00:02:15
stefano.crapanzano@chu.ulg.ac.be,SAM-DB : Disposer de ressources pour le changement enironnement ERP4HC 2.0 - Google Chrome,Tâches diverses,2021-07-14,11:52:09,00:00:02
stefano.crapanzano@chu.ulg.ac.be,SAM-DB : Disposer de ressources pour le changement enironnement ERP4HC 2.0 - Google Chrome,Tâches diverses,2021-07-14,12:14:21,00:01:25
stefano.crapanzano@chu.ulg.ac.be,[MON SUIVI] : Installation SAP GUI 760 - Mozilla Thunderbird,Helpdesk général,2021-07-14,09:35:58,00:00:02
stefano.crapanzano@chu.ulg.ac.be,[MON SUIVI] : Installation SAP GUI 760 - Mozilla Thunderbird,Helpdesk général,2021-07-14,09:36:01,00:00:02
stefano.crapanzano@chu.ulg.ac.be,Accueil - Mozilla Thunderbird,Helpdesk général,2021-07-14,10:51:57,00:00:08
stefano.crapanzano@chu.ulg.ac.be,Accueil - Mozilla Thunderbird,Helpdesk général,2021-07-14,10:55:34,00:00:02
stefano.crapanzano@chu.ulg.ac.be,Commande 4000203526 ne peut être réceptionnée - Xperthis ERP4HC 1.0 - Service d'assistance - Google Chrome,Tâches diverses,2021-07-14,09:37:53,00:00:03
stefano.crapanzano@chu.ulg.ac.be,P203 CHU Carenet Compte C - Xperthis ERP4HC 1.0 - Service d'assistance - Google Chrome,Tâches diverses,2021-07-14,09:38:06,00:00:06
stefano.crapanzano@chu.ulg.ac.be,P203 CHU Problème rappel - Xperthis ERP4HC 1.0 - Service d'assistance - Google Chrome,Tâches diverses,2021-07-14,09:38:17,00:00:10
stefano.crapanzano@chu.ulg.ac.be,P203 CHU Panier 1000283739 en statut approuvé - Xperthis ERP4HC 1.0 - Service d'assistance - Google Chrome,Tâches diverses,2021-07-14,09:38:34,00:00:44
stefano.crapanzano@chu.ulg.ac.be,P203 CHU Ajout de la table ZWM_ONTVANGST dans extract BI SAAS.zip - Xperthis ERP4HC 1.0 - Service d'assistance - Google Chrome,Tâches diverses,2021-07-14,09:39:27,00:00:43
stefano.crapanzano@chu.ulg.ac.be,P203 CHU Ajout de la table ZWM_ONTVANGST dans extract BI SAAS.zip - Xperthis ERP4HC 1.0 - Service d'assistance - Google Chrome,Tâches diverses,2021-07-14,10:08:47,00:00:06
stefano.crapanzano@chu.ulg.ac.be,P203 CHU ARCO 20210619426621 KOFAX - L'application KOFAX Batch Manager ne démarre plus - Xperthis ERP4HC 1.0 - Service d'assistance - Google Chrome,Tâches diverses,2021-07-14,09:40:18,00:00:21
stefano.crapanzano@chu.ulg.ac.be,P203 CHU ARCO 20210619426621 KOFAX - L'application KOFAX Batch Manager ne démarre plus - Xperthis ERP4HC 1.0 - Service d'assistance - Google Chrome,Tâches diverses,2021-07-14,10:08:57,00:00:06
stefano.crapanzano@chu.ulg.ac.be,P203 CHU Commande 4000203526 ne peut être réceptionnée - Xperthis ERP4HC 1.0 - Service d'assistance - Google Chrome,Tâches diverses,2021-07-14,09:40:47,00:00:04
stefano.crapanzano@chu.ulg.ac.be,P203 CHU Commande 4000203526 ne peut être réceptionnée - Xperthis ERP4HC 1.0 - Service d'assistance - Google Chrome,Tâches diverses,2021-07-14,10:00:22,00:00:03
stefano.crapanzano@chu.ulg.ac.be,TR: réception impossible - problème facture - Mozilla Thunderbird,Helpdesk général,2021-07-14,09:42:10,00:00:04
stefano.crapanzano@chu.ulg.ac.be,SAP GUI Installation & Upgrade - Google Chrome,Tâches diverses,2021-07-14,09:43:04,00:01:35
stefano.crapanzano@chu.ulg.ac.be,SAP GUI Installation & Upgrade - Google Chrome,Tâches diverses,2021-07-14,09:45:37,00:00:04
stefano.crapanzano@chu.ulg.ac.be,SAP GUI Installation & Upgrade - Google Chrome,Exploration SAP,2021-07-14,09:46:12,00:00:36
stefano.crapanzano@chu.ulg.ac.be,SAP GUI Installation & Upgrade - Google Chrome,Tâches diverses,2021-07-14,11:34:23,00:00:06
stefano.crapanzano@chu.ulg.ac.be,SAP GUI Installation & Upgrade - Google Chrome,Tâches diverses,2021-07-14,11:34:58,00:00:04
stefano.crapanzano@chu.ulg.ac.be,SAP GUI Installation & Upgrade - Google Chrome,Tâches diverses,2021-07-14,11:35:23,00:00:37
stefano.crapanzano@chu.ulg.ac.be,Propriétés pour entrée de système,Exploration SAP,2021-07-14,09:44:44,00:00:12
stefano.crapanzano@chu.ulg.ac.be,Propriétés pour entrée de système,Exploration SAP,2021-07-14,09:44:58,00:00:02
stefano.crapanzano@chu.ulg.ac.be,Propriétés pour entrée de système,Exploration SAP,2021-07-14,09:45:02,00:00:34
stefano.crapanzano@chu.ulg.ac.be,Propriétés pour entrée de système,Tâches diverses,2021-07-14,09:45:42,00:00:30
stefano.crapanzano@chu.ulg.ac.be,Propriétés pour entrée de système,Exploration SAP,2021-07-14,09:46:53,00:00:33
stefano.crapanzano@chu.ulg.ac.be,Propriétés pour entrée de système,Exploration SAP,2021-07-14,09:47:29,00:00:19
stefano.crapanzano@chu.ulg.ac.be,Propriétés pour entrée de système,Exploration SAP,2021-07-14,09:47:53,00:00:09
stefano.crapanzano@chu.ulg.ac.be,Propriétés pour entrée de système,Exploration SAP,2021-07-14,09:49:21,00:00:12
stefano.crapanzano@chu.ulg.ac.be,Propriétés pour entrée de système,Exploration SAP,2021-07-14,09:51:31,00:00:06
stefano.crapanzano@chu.ulg.ac.be,Propriétés pour entrée de système,Exploration SAP,2021-07-14,09:53:07,00:00:19
stefano.crapanzano@chu.ulg.ac.be,Propriétés pour entrée de système,Exploration SAP,2021-07-14,09:53:38,00:00:03
stefano.crapanzano@chu.ulg.ac.be,Propriétés pour entrée de système,Exploration SAP,2021-07-14,09:54:05,00:00:02
stefano.crapanzano@chu.ulg.ac.be,Propriétés pour entrée de système,Exploration SAP,2021-07-14,09:54:23,00:00:06
stefano.crapanzano@chu.ulg.ac.be,Propriétés pour entrée de système,Exploration SAP,2021-07-14,10:15:05,00:00:11
stefano.crapanzano@chu.ulg.ac.be,Propriétés pour entrée de système,Exploration SAP,2021-07-14,10:15:54,00:01:00
stefano.crapanzano@chu.ulg.ac.be,Propriétés pour entrée de système,Exploration SAP,2021-07-14,10:18:54,00:00:02
stefano.crapanzano@chu.ulg.ac.be,Propriétés pour entrée de système,Exploration SAP,2021-07-14,10:19:45,00:00:02
stefano.crapanzano@chu.ulg.ac.be,Greenshot capture form,Helpdesk général,2021-07-14,09:47:48,00:00:04
stefano.crapanzano@chu.ulg.ac.be,Greenshot capture form,Helpdesk général,2021-07-14,09:54:29,00:00:05
stefano.crapanzano@chu.ulg.ac.be,Greenshot capture form,Helpdesk général,2021-07-14,09:57:47,00:00:08
stefano.crapanzano@chu.ulg.ac.be,Greenshot capture form,Helpdesk général,2021-07-14,10:04:45,00:00:04
stefano.crapanzano@chu.ulg.ac.be,Greenshot capture form,Helpdesk général,2021-07-14,10:17:09,00:00:04
stefano.crapanzano@chu.ulg.ac.be,Greenshot capture form,Helpdesk général,2021-07-14,10:18:08,00:00:06
stefano.crapanzano@chu.ulg.ac.be,Greenshot capture form,Helpdesk général,2021-07-14,10:18:57,00:00:05
stefano.crapanzano@chu.ulg.ac.be,Greenshot capture form,Helpdesk général,2021-07-14,11:17:11,00:00:11
stefano.crapanzano@chu.ulg.ac.be,Greenshot capture form,Helpdesk général,2021-07-14,11:52:26,00:00:09
stefano.crapanzano@chu.ulg.ac.be,Greenshot capture form,Helpdesk général,2021-07-14,11:53:25,00:00:17
stefano.crapanzano@chu.ulg.ac.be,SAP GUI for Windows 750,Exploration SAP,2021-07-14,10:04:43,00:00:02
stefano.crapanzano@chu.ulg.ac.be,SAP GUI for Windows 750,Exploration SAP,2021-07-14,10:17:06,00:00:03
stefano.crapanzano@chu.ulg.ac.be,ERP4HC2.0: SAP GUI 760 - SDERP-18905 - Mozilla Thunderbird,Helpdesk général,2021-07-14,09:48:55,00:00:22
stefano.crapanzano@chu.ulg.ac.be,ERP4HC2.0: SAP GUI 760 - SDERP-18905 - Mozilla Thunderbird,Helpdesk général,2021-07-14,09:52:32,00:00:07
stefano.crapanzano@chu.ulg.ac.be,ERP4HC2.0: SAP GUI 760 - SDERP-18905 - Mozilla Thunderbird,Helpdesk général,2021-07-14,09:52:56,00:00:02
stefano.crapanzano@chu.ulg.ac.be,ERP4HC2.0: SAP GUI 760 - SDERP-18905 - Mozilla Thunderbird,Helpdesk général,2021-07-14,09:53:41,00:00:11
stefano.crapanzano@chu.ulg.ac.be,ERP4HC2.0: SAP GUI 760 - SDERP-18905 - Mozilla Thunderbird,Helpdesk général,2021-07-14,09:54:07,00:00:02
stefano.crapanzano@chu.ulg.ac.be,ERP4HC2.0: SAP GUI 760 - SDERP-18905 - Mozilla Thunderbird,Helpdesk général,2021-07-14,09:54:36,00:00:04
stefano.crapanzano@chu.ulg.ac.be,ERP4HC2.0: SAP GUI 760 - SDERP-18905 - Mozilla Thunderbird,Helpdesk général,2021-07-14,10:17:19,00:00:02
stefano.crapanzano@chu.ulg.ac.be,ERP4HC2.0: SAP GUI 760 - SDERP-18905 - Mozilla Thunderbird,Helpdesk général,2021-07-14,10:19:53,00:00:11
stefano.crapanzano@chu.ulg.ac.be,ERP4HC2.0: SAP GUI 760 - SDERP-18905 - Mozilla Thunderbird,Helpdesk général,2021-07-14,10:20:31,00:06:55
stefano.crapanzano@chu.ulg.ac.be,\\appsaiadm.st.chulg\ERP\Config\saplogon.ini - Notepad++ [Administrator],IT,2021-07-14,09:50:19,00:00:31
stefano.crapanzano@chu.ulg.ac.be,\\appsaiadm.st.chulg\ERP\Config\saplogon.ini - Notepad++ [Administrator],IT,2021-07-14,09:50:51,00:00:02
stefano.crapanzano@chu.ulg.ac.be,\\appsaiadm.st.chulg\ERP\Config\saplogon.ini - Notepad++ [Administrator],IT,2021-07-14,09:52:18,00:00:07
stefano.crapanzano@chu.ulg.ac.be,\\appsaiadm.st.chulg\ERP\Config\saplogon.ini - Notepad++ [Administrator],IT,2021-07-14,09:53:54,00:00:04
stefano.crapanzano@chu.ulg.ac.be,\\appsaiadm.st.chulg\ERP\Config\saplogon.ini - Notepad++ [Administrator],IT,2021-07-14,09:56:30,00:00:49
stefano.crapanzano@chu.ulg.ac.be,\\appsaiadm.st.chulg\ERP\Config\saplogon.ini - Notepad++ [Administrator],IT,2021-07-14,09:57:25,00:00:02
stefano.crapanzano@chu.ulg.ac.be,\\appsaiadm.st.chulg\ERP\Config\saplogon.ini - Notepad++ [Administrator],IT,2021-07-14,09:58:56,00:00:47
stefano.crapanzano@chu.ulg.ac.be,\\appsaiadm.st.chulg\ERP\Config\saplogon.ini - Notepad++ [Administrator],IT,2021-07-14,10:14:07,00:00:04
stefano.crapanzano@chu.ulg.ac.be,\\appsaiadm.st.chulg\ERP\Config\saplogon.ini - Notepad++ [Administrator],IT,2021-07-14,10:14:15,00:00:02
stefano.crapanzano@chu.ulg.ac.be,\\appsaiadm.st.chulg\ERP\Config\saplogon.ini - Notepad++ [Administrator],IT,2021-07-14,10:14:21,00:00:02
stefano.crapanzano@chu.ulg.ac.be,\\appsaiadm.st.chulg\ERP\Config\saplogon.ini - Notepad++ [Administrator],IT,2021-07-14,10:18:04,00:00:03
stefano.crapanzano@chu.ulg.ac.be,\\appsaiadm.st.chulg\ERP\Config\saplogon.ini - Notepad++ [Administrator],Helpdesk général,2021-07-14,10:20:05,00:00:26
stefano.crapanzano@chu.ulg.ac.be,\\appsaiadm.st.chulg\ERP\Config\saplogon.ini - Notepad++ [Administrator],IT,2021-07-14,11:50:20,00:00:15
stefano.crapanzano@chu.ulg.ac.be,*\\appsaiadm.st.chulg\ERP\Config\saplogon.ini - Notepad++ [Administrator],IT,2021-07-14,09:52:25,00:00:05
stefano.crapanzano@chu.ulg.ac.be,*\\appsaiadm.st.chulg\ERP\Config\saplogon.ini - Notepad++ [Administrator],IT,2021-07-14,09:52:39,00:00:15
stefano.crapanzano@chu.ulg.ac.be,*\\appsaiadm.st.chulg\ERP\Config\saplogon.ini - Notepad++ [Administrator],IT,2021-07-14,09:53:59,00:00:03
stefano.crapanzano@chu.ulg.ac.be,*\\appsaiadm.st.chulg\ERP\Config\saplogon.ini - Notepad++ [Administrator],IT,2021-07-14,10:14:12,00:00:02
stefano.crapanzano@chu.ulg.ac.be,Recharger,IT,2021-07-14,09:51:40,00:00:06
stefano.crapanzano@chu.ulg.ac.be,C:\Users\c158492\AppData\Roaming\SAP\Common\saplogon.ini - Notepad++ [Administrator],IT,2021-07-14,09:51:46,00:00:18
stefano.crapanzano@chu.ulg.ac.be,C:\Users\c158492\AppData\Roaming\SAP\Common\saplogon.ini - Notepad++ [Administrator],IT,2021-07-14,09:52:13,00:00:02
stefano.crapanzano@chu.ulg.ac.be,C:\Users\c158492\AppData\Roaming\SAP\Common\saplogon.ini - Notepad++ [Administrator],IT,2021-07-14,11:50:45,00:00:02
stefano.crapanzano@chu.ulg.ac.be,C:\Users\c158492\Desktop\saplogon_common\saplogon.ini - Notepad++ [Administrator],IT,2021-07-14,09:52:04,00:00:08
stefano.crapanzano@chu.ulg.ac.be,C:\Users\c158492\Desktop\saplogon_common\saplogon.ini - Notepad++ [Administrator],IT,2021-07-14,11:50:43,00:00:02
stefano.crapanzano@chu.ulg.ac.be,I:\Informatique\ERP\Securite\saplogon.ini - Notepad++ [Administrator],IT,2021-07-14,11:50:36,00:00:07
stefano.crapanzano@chu.ulg.ac.be,Rédaction : Re: ERP4HC2.0: SAP GUI 760 - SDERP-18905 - Thunderbird,Helpdesk général,2021-07-14,09:54:41,00:00:43
stefano.crapanzano@chu.ulg.ac.be,Rédaction : Re: ERP4HC2.0: SAP GUI 760 - SDERP-18905 - Thunderbird,Helpdesk général,2021-07-14,09:55:56,00:00:31
stefano.crapanzano@chu.ulg.ac.be,Rédaction : Re: ERP4HC2.0: SAP GUI 760 - SDERP-18905 - Thunderbird,Helpdesk général,2021-07-14,09:57:59,00:00:56
stefano.crapanzano@chu.ulg.ac.be,Rédaction : Re: ERP4HC2.0: SAP GUI 760 - SDERP-18905 - Thunderbird,Helpdesk général,2021-07-14,09:59:46,00:00:15
stefano.crapanzano@chu.ulg.ac.be,Rédaction : Re: ERP4HC2.0: SAP GUI 760 - SDERP-18905 - Thunderbird,Helpdesk général,2021-07-14,10:00:04,00:00:10
stefano.crapanzano@chu.ulg.ac.be,Rédaction : Re: ERP4HC2.0: SAP GUI 760 - SDERP-18905 - Thunderbird,Helpdesk général,2021-07-14,10:00:32,00:00:24
stefano.crapanzano@chu.ulg.ac.be,Rédaction : Re: ERP4HC2.0: SAP GUI 760 - SDERP-18905 - Thunderbird,Helpdesk général,2021-07-14,10:01:00,00:02:25
stefano.crapanzano@chu.ulg.ac.be,Rédaction : Re: ERP4HC2.0: SAP GUI 760 - SDERP-18905 - Thunderbird,Helpdesk général,2021-07-14,10:03:37,00:01:02
stefano.crapanzano@chu.ulg.ac.be,Rédaction : Re: ERP4HC2.0: SAP GUI 760 - SDERP-18905 - Thunderbird,Helpdesk général,2021-07-14,10:04:51,00:00:51
stefano.crapanzano@chu.ulg.ac.be,Rédaction : Re: ERP4HC2.0: SAP GUI 760 - SDERP-18905 - Thunderbird,Helpdesk général,2021-07-14,10:05:50,00:00:24
stefano.crapanzano@chu.ulg.ac.be,Rédaction : Re: ERP4HC2.0: SAP GUI 760 - SDERP-18905 - Thunderbird,Helpdesk général,2021-07-14,10:17:22,00:00:39
stefano.crapanzano@chu.ulg.ac.be,Rédaction : Re: ERP4HC2.0: SAP GUI 760 - SDERP-18905 - Thunderbird,Helpdesk général,2021-07-14,10:18:23,00:00:03
stefano.crapanzano@chu.ulg.ac.be,Rédaction : Re: ERP4HC2.0: SAP GUI 760 - SDERP-18905 - Thunderbird,Helpdesk général,2021-07-14,10:19:04,00:00:19
stefano.crapanzano@chu.ulg.ac.be,Rédaction : Re: ERP4HC2.0: SAP GUI 760 - SDERP-18905 - Thunderbird,Helpdesk général,2021-07-14,10:19:33,00:00:03
stefano.crapanzano@chu.ulg.ac.be,1 rappel,Helpdesk général,2021-07-14,10:00:01,00:00:02
stefano.crapanzano@chu.ulg.ac.be,1 rappel,Helpdesk général,2021-07-14,11:49:16,00:00:02
stefano.crapanzano@chu.ulg.ac.be,Joindre les fichiers,Helpdesk général,2021-07-14,10:03:25,00:00:02
stefano.crapanzano@chu.ulg.ac.be,Joindre les fichiers,Helpdesk général,2021-07-14,10:03:33,00:00:03
stefano.crapanzano@chu.ulg.ac.be,Joindre les fichiers,Helpdesk général,2021-07-14,10:19:30,00:00:03
stefano.crapanzano@chu.ulg.ac.be,Vérification de l’orthographe,Helpdesk général,2021-07-14,10:06:14,00:00:04
stefano.crapanzano@chu.ulg.ac.be,Envoi du message - Re: ERP4HC2.0: SAP GUI 760 - SDERP-18905,Helpdesk général,2021-07-14,10:06:18,00:00:02
stefano.crapanzano@chu.ulg.ac.be,Envoi du message - Re: ERP4HC2.0: SAP GUI 760 - SDERP-18905,Helpdesk général,2021-07-14,10:19:38,00:00:02
stefano.crapanzano@chu.ulg.ac.be,Envoyés - erp.sai@chuliege.be - Mozilla Thunderbird,Helpdesk général,2021-07-14,10:06:30,00:00:14
stefano.crapanzano@chu.ulg.ac.be,Envoyés - erp.sai@chuliege.be - Mozilla Thunderbird,Helpdesk général,2021-07-14,10:36:01,00:01:38
stefano.crapanzano@chu.ulg.ac.be,Envoyés - erp.sai@chuliege.be - Mozilla Thunderbird,Helpdesk général,2021-07-14,10:38:05,00:00:02
stefano.crapanzano@chu.ulg.ac.be,Envoyés - erp.sai@chuliege.be - Mozilla Thunderbird,Helpdesk général,2021-07-14,10:39:42,00:00:03
stefano.crapanzano@chu.ulg.ac.be,Envoyés - erp.sai@chuliege.be - Mozilla Thunderbird,Helpdesk général,2021-07-14,10:55:44,00:00:02
stefano.crapanzano@chu.ulg.ac.be,Envoyés - erp.sai@chuliege.be - Mozilla Thunderbird,Helpdesk général,2021-07-14,11:08:10,00:00:02
stefano.crapanzano@chu.ulg.ac.be,Envoyés - erp.sai@chuliege.be - Mozilla Thunderbird,Helpdesk général,2021-07-14,11:11:43,00:00:02
stefano.crapanzano@chu.ulg.ac.be,Envoyés - erp.sai@chuliege.be - Mozilla Thunderbird,Helpdesk général,2021-07-14,11:19:41,00:00:02
stefano.crapanzano@chu.ulg.ac.be,Envoyés - erp.sai@chuliege.be - Mozilla Thunderbird,Helpdesk général,2021-07-14,11:20:41,00:00:22
stefano.crapanzano@chu.ulg.ac.be,Envoyés - erp.sai@chuliege.be - Mozilla Thunderbird,Helpdesk général,2021-07-14,11:23:02,00:00:37
stefano.crapanzano@chu.ulg.ac.be,Envoyés - erp.sai@chuliege.be - Mozilla Thunderbird,Helpdesk général,2021-07-14,11:23:40,00:00:02
stefano.crapanzano@chu.ulg.ac.be,Envoyés - erp.sai@chuliege.be - Mozilla Thunderbird,Helpdesk général,2021-07-14,11:25:05,00:00:02
stefano.crapanzano@chu.ulg.ac.be,Envoyés - erp.sai@chuliege.be - Mozilla Thunderbird,Helpdesk général,2021-07-14,11:26:11,00:01:43
stefano.crapanzano@chu.ulg.ac.be,Envoyés - erp.sai@chuliege.be - Mozilla Thunderbird,Helpdesk général,2021-07-14,11:43:16,00:00:16
stefano.crapanzano@chu.ulg.ac.be,Envoyés - erp.sai@chuliege.be - Mozilla Thunderbird,Helpdesk général,2021-07-14,11:43:39,00:00:48
stefano.crapanzano@chu.ulg.ac.be,Envoyés - erp.sai@chuliege.be - Mozilla Thunderbird,Helpdesk général,2021-07-14,11:48:14,00:00:03
stefano.crapanzano@chu.ulg.ac.be,Envoyés - erp.sai@chuliege.be - Mozilla Thunderbird,Helpdesk général,2021-07-14,11:49:06,00:00:04
stefano.crapanzano@chu.ulg.ac.be,Envoyés - erp.sai@chuliege.be - Mozilla Thunderbird,Helpdesk général,2021-07-14,11:49:18,00:00:02
stefano.crapanzano@chu.ulg.ac.be,Envoyés - erp.sai@chuliege.be - Mozilla Thunderbird,Helpdesk général,2021-07-14,11:49:30,00:00:04
stefano.crapanzano@chu.ulg.ac.be,Envoyés - erp.sai@chuliege.be - Mozilla Thunderbird,Helpdesk général,2021-07-14,11:51:40,00:00:02
stefano.crapanzano@chu.ulg.ac.be,Envoyés - erp.sai@chuliege.be - Mozilla Thunderbird,Helpdesk général,2021-07-14,11:51:45,00:00:02
stefano.crapanzano@chu.ulg.ac.be,Envoyés - erp.sai@chuliege.be - Mozilla Thunderbird,Helpdesk général,2021-07-14,11:52:01,00:00:02
stefano.crapanzano@chu.ulg.ac.be,Envoyés - erp.sai@chuliege.be - Mozilla Thunderbird,Helpdesk général,2021-07-14,11:56:08,00:00:02
stefano.crapanzano@chu.ulg.ac.be,Envoyés - erp.sai@chuliege.be - Mozilla Thunderbird,Helpdesk général,2021-07-14,11:56:11,00:00:03
stefano.crapanzano@chu.ulg.ac.be,Envoyés - erp.sai@chuliege.be - Mozilla Thunderbird,Helpdesk général,2021-07-14,12:05:24,00:00:02
stefano.crapanzano@chu.ulg.ac.be,Envoyés - erp.sai@chuliege.be - Mozilla Thunderbird,Helpdesk général,2021-07-14,12:14:11,00:00:02
stefano.crapanzano@chu.ulg.ac.be,P203 coût licence SAP - Xperthis ERP4HC 1.0 - Service d'assistance - Google Chrome,Tâches diverses,2021-07-14,10:09:13,00:00:13
stefano.crapanzano@chu.ulg.ac.be,P203 CHU Paiement via FEBAN - journée du 6/1/21 - Xperthis ERP4HC 1.0 - Service d'assistance - Google Chrome,Tâches diverses,2021-07-14,10:10:53,00:00:07
stefano.crapanzano@chu.ulg.ac.be,Programmation,IT,2021-07-14,10:15:17,00:00:14
stefano.crapanzano@chu.ulg.ac.be,Programmation,IT,2021-07-14,11:07:18,00:00:15
stefano.crapanzano@chu.ulg.ac.be,Programmation,IT,2021-07-14,11:21:04,00:00:11
stefano.crapanzano@chu.ulg.ac.be,Programmation,IT,2021-07-14,11:22:56,00:00:04
stefano.crapanzano@chu.ulg.ac.be,Programmation,IT,2021-07-14,11:24:31,00:00:11
stefano.crapanzano@chu.ulg.ac.be,Greenshot Éditeur d'Image,Helpdesk général,2021-07-14,10:18:15,00:00:07
stefano.crapanzano@chu.ulg.ac.be,SAM-DB : Transfert de licence - PIRON Chantal à TORETTE Natacha - Google Chrome,Tâches diverses,2021-07-14,10:31:15,00:00:04
stefano.crapanzano@chu.ulg.ac.be,SAM-DB : Transfert de licence - PIRON Chantal à TORETTE Natacha - Google Chrome,Tâches diverses,2021-07-14,10:32:36,00:01:21
stefano.crapanzano@chu.ulg.ac.be,Gérer utilisateur,Exploration SAP,2021-07-14,10:31:26,00:00:08
stefano.crapanzano@chu.ulg.ac.be,Gérer données utilisateur et salarié,Exploration SAP,2021-07-14,10:31:55,00:00:10
stefano.crapanzano@chu.ulg.ac.be,Générer utilisateur,Exploration SAP,2021-07-14,10:32:06,00:00:06
stefano.crapanzano@chu.ulg.ac.be,Générer utilisateur,Exploration SAP,2021-07-14,10:32:13,00:00:02
stefano.crapanzano@chu.ulg.ac.be,Générer utilisateur,Exploration SAP,2021-07-14,10:32:31,00:00:02
stefano.crapanzano@chu.ulg.ac.be,Générer utilisateur EBR à partir d'un utilis. SU01 existant,Exploration SAP,2021-07-14,10:32:15,00:00:06
stefano.crapanzano@chu.ulg.ac.be,Sélection d'utilisateurs 1682 Entrées,Exploration SAP,2021-07-14,10:32:26,00:00:04
stefano.crapanzano@chu.ulg.ac.be,Rechercher,Exploration SAP,2021-07-14,10:32:24,00:00:02
stefano.crapanzano@chu.ulg.ac.be,Stefano CRAPANZANO - erp.sai@chuliege.be - Mozilla Thunderbird,Helpdesk général,2021-07-14,10:34:10,00:00:07
stefano.crapanzano@chu.ulg.ac.be,Lecture documentation,Tâches diverses,2021-07-14,10:43:54,00:02:19
stefano.crapanzano@chu.ulg.ac.be,Lecture documentation,Tâches diverses,2021-07-14,10:46:22,00:00:25
stefano.crapanzano@chu.ulg.ac.be,Lecture documentation,Tâches diverses,2021-07-14,10:46:48,00:01:51
stefano.crapanzano@chu.ulg.ac.be,Lecture documentation,Tâches diverses,2021-07-14,11:08:15,00:02:07
stefano.crapanzano@chu.ulg.ac.be,Lecture documentation,Tâches diverses,2021-07-14,11:10:26,00:01:09
stefano.crapanzano@chu.ulg.ac.be,Lecture documentation,Tâches diverses,2021-07-14,11:11:48,00:03:09
stefano.crapanzano@chu.ulg.ac.be,Lecture documentation,Tâches diverses,2021-07-14,11:15:31,00:01:39
stefano.crapanzano@chu.ulg.ac.be,Lecture documentation,Tâches diverses,2021-07-14,11:18:39,00:00:46
stefano.crapanzano@chu.ulg.ac.be,Lecture documentation,Tâches diverses,2021-07-14,11:52:11,00:00:14
stefano.crapanzano@chu.ulg.ac.be,Lecture documentation,Tâches diverses,2021-07-14,11:52:50,00:00:35
stefano.crapanzano@chu.ulg.ac.be,Lecture documentation,Tâches diverses,2021-07-14,11:53:55,00:01:02
stefano.crapanzano@chu.ulg.ac.be,Lecture documentation,Tâches diverses,2021-07-14,11:57:34,00:05:46
stefano.crapanzano@chu.ulg.ac.be,Lecture documentation,Tâches diverses,2021-07-14,12:05:28,00:08:37
stefano.crapanzano@chu.ulg.ac.be,Rédaction : Re: - Thunderbird,Helpdesk général,2021-07-14,10:52:05,00:00:13
stefano.crapanzano@chu.ulg.ac.be,Rédaction : Re: - Thunderbird,Helpdesk général,2021-07-14,10:52:25,00:00:16
stefano.crapanzano@chu.ulg.ac.be,Rédaction : Re: - Thunderbird,Helpdesk général,2021-07-14,10:52:45,00:00:02
stefano.crapanzano@chu.ulg.ac.be,Rédaction : Re: - Thunderbird,Helpdesk général,2021-07-14,10:53:03,00:00:40
stefano.crapanzano@chu.ulg.ac.be,Rédaction : Re: - Thunderbird,Helpdesk général,2021-07-14,10:54:04,00:00:09
stefano.crapanzano@chu.ulg.ac.be,Rédaction : Re: - Thunderbird,Helpdesk général,2021-07-14,10:54:26,00:01:01
stefano.crapanzano@chu.ulg.ac.be,netlogon - Recherche Google - Google Chrome,Tâches diverses,2021-07-14,10:53:48,00:00:02
stefano.crapanzano@chu.ulg.ac.be,netlogon - Recherche Google - Google Chrome,Tâches diverses,2021-07-14,10:54:14,00:00:12
stefano.crapanzano@chu.ulg.ac.be,netlogon - Recherche Google - Google Chrome,Helpdesk général,2021-07-14,10:55:28,00:00:06
stefano.crapanzano@chu.ulg.ac.be,netlogon - Recherche Google - Google Chrome,Tâches diverses,2021-07-14,10:55:52,00:00:03
stefano.crapanzano@chu.ulg.ac.be,netlogon - Recherche Google - Google Chrome,Tâches diverses,2021-07-14,11:08:12,00:00:02
stefano.crapanzano@chu.ulg.ac.be,netlogon - Recherche Google - Google Chrome,Helpdesk général,2021-07-14,11:28:05,00:00:02
stefano.crapanzano@chu.ulg.ac.be,netlogon - Recherche Google - Google Chrome,Tâches diverses,2021-07-14,11:36:00,00:00:02
stefano.crapanzano@chu.ulg.ac.be,What Is NetLogon? - Google Chrome,Tâches diverses,2021-07-14,10:53:52,00:00:12
stefano.crapanzano@chu.ulg.ac.be,\\appsaiadm.st.chulg\ERP\Config\sapgui_launcher.bat - Notepad++ [Administrator],IT,2021-07-14,11:00:20,00:01:25
stefano.crapanzano@chu.ulg.ac.be,\\appsaiadm.st.chulg\ERP\Config\sapgui_launcher.bat - Notepad++ [Administrator],IT,2021-07-14,11:50:48,00:00:50
stefano.crapanzano@chu.ulg.ac.be,\\appsaiadm.st.chulg\ERP\Config\sapgui_launcher.bat - Notepad++ [Administrator],IT,2021-07-14,12:04:46,00:00:02
stefano.crapanzano@chu.ulg.ac.be,Planificateur de tâches,IT,2021-07-14,11:02:14,00:00:17
stefano.crapanzano@chu.ulg.ac.be,Planificateur de tâches,IT,2021-07-14,11:04:14,00:00:06
stefano.crapanzano@chu.ulg.ac.be,Planificateur de tâches,IT,2021-07-14,11:04:37,00:00:03
stefano.crapanzano@chu.ulg.ac.be,Planificateur de tâches,IT,2021-07-14,11:05:08,00:00:03
stefano.crapanzano@chu.ulg.ac.be,Planificateur de tâches,IT,2021-07-14,11:05:34,00:00:04
stefano.crapanzano@chu.ulg.ac.be,Planificateur de tâches,IT,2021-07-14,11:05:47,00:00:02
stefano.crapanzano@chu.ulg.ac.be,C:\Users\c158492\ProjetBoulot\Backup Saplogon_ini\backup_saplogon_ini.bat - Notepad++ [Administrator],IT,2021-07-14,11:03:15,00:00:04
stefano.crapanzano@chu.ulg.ac.be,C:\Users\c158492\ProjetBoulot\Backup Saplogon_ini\backup_saplogon_ini.bat - Notepad++ [Administrator],IT,2021-07-14,11:50:15,00:00:04
stefano.crapanzano@chu.ulg.ac.be,*C:\Users\c158492\ProjetBoulot\Backup Saplogon_ini\backup_saplogon_ini.bat - Notepad++ [Administrator],IT,2021-07-14,11:03:19,00:00:03
stefano.crapanzano@chu.ulg.ac.be,*C:\Users\c158492\ProjetBoulot\Backup Saplogon_ini\backup_saplogon_ini.bat - Notepad++ [Administrator],IT,2021-07-14,11:03:25,00:00:15
stefano.crapanzano@chu.ulg.ac.be,*C:\Users\c158492\ProjetBoulot\Backup Saplogon_ini\backup_saplogon_ini.bat - Notepad++ [Administrator],IT,2021-07-14,11:03:45,00:00:26
stefano.crapanzano@chu.ulg.ac.be,Enregistrer sous,IT,2021-07-14,11:04:20,00:00:16
stefano.crapanzano@chu.ulg.ac.be,Ouvrir,IT,2021-07-14,11:04:49,00:00:02
stefano.crapanzano@chu.ulg.ac.be,Créer une tâche,IT,2021-07-14,11:04:41,00:00:03
stefano.crapanzano@chu.ulg.ac.be,Créer une tâche,IT,2021-07-14,11:05:04,00:00:03
stefano.crapanzano@chu.ulg.ac.be,Modifier une action,IT,2021-07-14,11:04:45,00:00:03
stefano.crapanzano@chu.ulg.ac.be,Modifier une action,IT,2021-07-14,11:04:51,00:00:13
stefano.crapanzano@chu.ulg.ac.be,Modifier une action,IT,2021-07-14,11:05:51,00:00:08
stefano.crapanzano@chu.ulg.ac.be,Administrateur : C:\Windows\System32\cmd.exe,IT,2021-07-14,11:06:29,00:00:16
stefano.crapanzano@chu.ulg.ac.be,Administrateur : C:\Windows\System32\cmd.exe,IT,2021-07-14,11:06:57,00:00:04
stefano.crapanzano@chu.ulg.ac.be,Administrateur : C:\Windows\System32\cmd.exe,IT,2021-07-14,11:07:03,00:00:14
stefano.crapanzano@chu.ulg.ac.be,Administrateur : C:\Windows\System32\cmd.exe,IT,2021-07-14,11:07:42,00:00:02
stefano.crapanzano@chu.ulg.ac.be,C:\Users\c158492\AppData\Local\Temp\estates.csv - Notepad++ [Administrator],IT,2021-07-14,11:10:22,00:00:02
stefano.crapanzano@chu.ulg.ac.be,Imprimer,Helpdesk général,2021-07-14,11:17:23,00:00:03
stefano.crapanzano@chu.ulg.ac.be,Imprimer,Helpdesk général,2021-07-14,11:52:35,00:00:02
stefano.crapanzano@chu.ulg.ac.be,Imprimer,Helpdesk général,2021-07-14,11:53:42,00:00:09
stefano.crapanzano@chu.ulg.ac.be,Greenshot - Options d'impression,Helpdesk général,2021-07-14,11:17:26,00:01:12
stefano.crapanzano@chu.ulg.ac.be,Greenshot - Options d'impression,Helpdesk général,2021-07-14,11:52:37,00:00:12
stefano.crapanzano@chu.ulg.ac.be,Greenshot - Options d'impression,Helpdesk général,2021-07-14,11:53:52,00:00:02
stefano.crapanzano@chu.ulg.ac.be,Gmail - Google Chrome,Tâches diverses,2021-07-14,11:28:10,00:00:02
stefano.crapanzano@chu.ulg.ac.be,Boîte de réception (61 962) - s.crapanzano@gmail.com - Gmail - Google Chrome,Tâches diverses,2021-07-14,11:28:12,00:00:27
stefano.crapanzano@chu.ulg.ac.be,Rédaction : Fwd: SDERP-18905 P203 - SAPGUI 760 pour connexion à ERP 2.0 - Thunderbird,Helpdesk général,2021-07-14,11:28:46,00:00:16
stefano.crapanzano@chu.ulg.ac.be,Enregistrer la pièce jointe,Helpdesk général,2021-07-14,11:33:52,00:00:16
stefano.crapanzano@chu.ulg.ac.be,Gestionnaire de Sites,Helpdesk général,2021-07-14,11:34:30,00:00:07
stefano.crapanzano@chu.ulg.ac.be,ftxperthis - SAP1@ftp.xperthis.be - FileZilla,Helpdesk général,2021-07-14,11:34:41,00:00:16
stefano.crapanzano@chu.ulg.ac.be,ftxperthis - SAP1@ftp.xperthis.be - FileZilla,Helpdesk général,2021-07-14,11:35:08,00:00:08
stefano.crapanzano@chu.ulg.ac.be,ftxperthis - SAP1@ftp.xperthis.be - FileZilla,Helpdesk général,2021-07-14,12:26:19,00:00:02
stefano.crapanzano@chu.ulg.ac.be,Rédaction : (pas de sujet) - Thunderbird,Helpdesk général,2021-07-14,11:48:38,00:00:11
stefano.crapanzano@chu.ulg.ac.be,Rédaction : (pas de sujet) - Thunderbird,Helpdesk général,2021-07-14,11:48:51,00:00:02
stefano.crapanzano@chu.ulg.ac.be,Fin de session,Exploration SAP,2021-07-14,11:50:08,00:00:05
stefano.crapanzano@chu.ulg.ac.be,C:\Users\c158492\ProjetBoulot\Backup Saplogon_ini\saplogon_ini\sapgui_launcher.bat - Notepad++ [Administrator],IT,2021-07-14,12:03:41,00:00:58
stefano.crapanzano@chu.ulg.ac.be,\\si-s-serv993\wiki-erp\data\pages\goal\Controle_Discordance_article_et_catalogue_GOAL.txt - Notepad++ [Administrator],IT,2021-07-14,12:04:54,00:00:02
stefano.crapanzano@chu.ulg.ac.be,\\si-s-serv993\wiki-erp\data\pages\goal\Site_web_GOAL.txt - Notepad++ [Administrator],IT,2021-07-14,12:04:57,00:00:09
stefano.crapanzano@chu.ulg.ac.be,\\si-s-serv993\wiki-erp\data\pages\finance\start.txt - Notepad++ [Administrator],IT,2021-07-14,12:05:07,00:00:02
stefano.crapanzano@chu.ulg.ac.be,C:\Users\c158492\ProjetBoulot\PYTHON\automatic_toggl\app_logged.csv - Notepad++ [Administrator],IT,2021-07-14,12:05:11,00:00:02
stefano.crapanzano@chu.ulg.ac.be,new 1 - Notepad++ [Administrator],IT,2021-07-14,12:05:13,00:00:03
stefano.crapanzano@chu.ulg.ac.be,inventaire - Mozilla Thunderbird,Helpdesk général,2021-07-14,12:15:51,00:00:04
stefano.crapanzano@chu.ulg.ac.be,CALA - Inventaire - Mozilla Thunderbird,Helpdesk général,2021-07-14,12:15:55,00:00:07
stefano.crapanzano@chu.ulg.ac.be,Rédaction : Re: CALA - Inventaire - Thunderbird,Helpdesk général,2021-07-14,12:16:03,00:00:23
stefano.crapanzano@chu.ulg.ac.be,Rédaction : Re: CALA - Inventaire - Thunderbird,Helpdesk général,2021-07-14,12:16:32,00:00:03
stefano.crapanzano@chu.ulg.ac.be,Rédaction : Re: CALA - Inventaire - Thunderbird,Helpdesk général,2021-07-14,12:16:42,00:00:11
stefano.crapanzano@chu.ulg.ac.be,Rédaction : Re: CALA - Inventaire - Thunderbird,Helpdesk général,2021-07-14,12:16:56,00:07:32
stefano.crapanzano@chu.ulg.ac.be,Administrateur : C:\Windows\system32\cmd.exe,IT,2021-07-14,12:16:29,00:00:03
stefano.crapanzano@chu.ulg.ac.be,Administrateur : C:\Windows\system32\cmd.exe,IT,2021-07-14,12:16:37,00:00:03
stefano.crapanzano@chu.ulg.ac.be,Administrateur : C:\Windows\system32\cmd.exe,Helpdesk général,2021-07-14,12:24:30,00:00:04
stefano.crapanzano@chu.ulg.ac.be,C:\Users\c158492\AppData\Local\Temp\fz3temp-3\ZHUL_582272.TXT - Notepad++ [Administrator],IT,2021-07-14,12:27:25,00:00:14
stefano.crapanzano@chu.ulg.ac.be,C:\Users\c158492\AppData\Local\Temp\fz3temp-3\ZHUL_582273.TXT - Notepad++ [Administrator],IT,2021-07-14,12:27:42,00:00:02
stefano.crapanzano@chu.ulg.ac.be,C:\Users\c158492\AppData\Local\Temp\fz3temp-3\ZHUL_582274.TXT - Notepad++ [Administrator],IT,2021-07-14,12:28:32,00:00:02
stefano.crapanzano@chu.ulg.ac.be,C:\Users\c158492\AppData\Local\Temp\fz3temp-3\ZHUL_582275.TXT - Notepad++ [Administrator],IT,2021-07-14,12:27:50,00:00:05
stefano.crapanzano@chu.ulg.ac.be,Rédaction : Re: erreur chargement - Thunderbird,Helpdesk général,2021-07-14,12:28:02,00:00:27
stefano.crapanzano@chu.ulg.ac.be,Rédaction : Re: erreur chargement - Thunderbird,Helpdesk général,2021-07-14,12:28:35,00:00:03
stefano.crapanzano@chu.ulg.ac.be,Rédaction : Re: erreur chargement - Thunderbird,Helpdesk général,2021-07-14,12:28:42,00:00:02
stefano.crapanzano@chu.ulg.ac.be,Rédaction : Re: erreur chargement - Thunderbird,Helpdesk général,2021-07-14,12:28:48,00:00:27
stefano.crapanzano@chu.ulg.ac.be,Rédaction : Re: erreur chargement - Thunderbird,Helpdesk général,2021-07-14,12:29:33,00:00:02
stefano.crapanzano@chu.ulg.ac.be,Rédaction : Re: erreur chargement - Thunderbird,Helpdesk général,2021-07-14,12:29:47,00:00:32
stefano.crapanzano@chu.ulg.ac.be,Rédaction : Re: erreur chargement - Thunderbird,Helpdesk général,2021-07-14,12:30:26,00:02:09
