Email,Description,Project,Start date,Start time,Duration
stefano.crapanzano@chu.ulg.ac.be,Administrateur : C:\Windows\system32\cmd.exe - python  main.py,IT,2021-07-15,08:31:16,00:00:03
stefano.crapanzano@chu.ulg.ac.be,Navigation système de fichier,IT,2021-07-15,08:31:19,00:00:05
stefano.crapanzano@chu.ulg.ac.be,Navigation système de fichier,IT,2021-07-15,08:31:45,00:00:03
stefano.crapanzano@chu.ulg.ac.be,Navigation système de fichier,IT,2021-07-15,08:31:52,00:00:12
stefano.crapanzano@chu.ulg.ac.be,Navigation système de fichier,IT,2021-07-15,08:32:05,00:00:24
stefano.crapanzano@chu.ulg.ac.be,Navigation système de fichier,IT,2021-07-15,08:33:17,00:00:06
stefano.crapanzano@chu.ulg.ac.be,Navigation système de fichier,IT,2021-07-15,08:33:48,00:00:03
stefano.crapanzano@chu.ulg.ac.be,Navigation système de fichier,IT,2021-07-15,08:34:04,00:00:03
stefano.crapanzano@chu.ulg.ac.be,Navigation système de fichier,IT,2021-07-15,08:40:00,00:00:12
stefano.crapanzano@chu.ulg.ac.be,Navigation système de fichier,IT,2021-07-15,08:40:14,00:00:05
stefano.crapanzano@chu.ulg.ac.be,Navigation système de fichier,IT,2021-07-15,08:51:55,00:00:04
stefano.crapanzano@chu.ulg.ac.be,Navigation système de fichier,IT,2021-07-15,08:54:38,00:00:02
stefano.crapanzano@chu.ulg.ac.be,Navigation système de fichier,IT,2021-07-15,08:55:33,00:00:02
stefano.crapanzano@chu.ulg.ac.be,Navigation système de fichier,IT,2021-07-15,08:57:14,00:00:03
stefano.crapanzano@chu.ulg.ac.be,Navigation système de fichier,IT,2021-07-15,09:01:29,00:00:11
stefano.crapanzano@chu.ulg.ac.be,Navigation système de fichier,IT,2021-07-15,09:02:08,00:00:06
stefano.crapanzano@chu.ulg.ac.be,Navigation système de fichier,IT,2021-07-15,09:02:47,00:00:03
stefano.crapanzano@chu.ulg.ac.be,Navigation système de fichier,IT,2021-07-15,09:23:12,00:00:25
stefano.crapanzano@chu.ulg.ac.be,Navigation système de fichier,IT,2021-07-15,09:23:51,00:00:04
stefano.crapanzano@chu.ulg.ac.be,Navigation système de fichier,IT,2021-07-15,09:23:56,00:00:05
stefano.crapanzano@chu.ulg.ac.be,Navigation système de fichier,IT,2021-07-15,09:24:13,00:00:15
stefano.crapanzano@chu.ulg.ac.be,Navigation système de fichier,IT,2021-07-15,09:24:37,00:00:08
stefano.crapanzano@chu.ulg.ac.be,Navigation système de fichier,IT,2021-07-15,09:24:51,00:00:02
stefano.crapanzano@chu.ulg.ac.be,Navigation système de fichier,IT,2021-07-15,09:24:58,00:00:15
stefano.crapanzano@chu.ulg.ac.be,Navigation système de fichier,IT,2021-07-15,09:25:24,00:00:03
stefano.crapanzano@chu.ulg.ac.be,Navigation système de fichier,IT,2021-07-15,09:27:54,00:00:04
stefano.crapanzano@chu.ulg.ac.be,Navigation système de fichier,IT,2021-07-15,09:36:49,00:00:02
stefano.crapanzano@chu.ulg.ac.be,Navigation système de fichier,IT,2021-07-15,11:13:36,00:00:02
stefano.crapanzano@chu.ulg.ac.be,Navigation système de fichier,IT,2021-07-15,11:34:36,00:00:02
stefano.crapanzano@chu.ulg.ac.be,Navigation système de fichier,IT,2021-07-15,11:37:27,00:01:25
stefano.crapanzano@chu.ulg.ac.be,Navigation système de fichier,IT,2021-07-15,11:38:59,00:00:23
stefano.crapanzano@chu.ulg.ac.be,Navigation système de fichier,IT,2021-07-15,11:39:32,00:00:28
stefano.crapanzano@chu.ulg.ac.be,Navigation système de fichier,IT,2021-07-15,11:40:53,00:00:03
stefano.crapanzano@chu.ulg.ac.be,Navigation système de fichier,IT,2021-07-15,11:41:00,00:00:05
stefano.crapanzano@chu.ulg.ac.be,Navigation système de fichier,IT,2021-07-15,11:42:50,00:00:41
stefano.crapanzano@chu.ulg.ac.be,Navigation système de fichier,IT,2021-07-15,11:45:14,00:00:13
stefano.crapanzano@chu.ulg.ac.be,Navigation système de fichier,IT,2021-07-15,11:45:55,00:00:08
stefano.crapanzano@chu.ulg.ac.be,Navigation système de fichier,IT,2021-07-15,11:46:30,00:00:02
stefano.crapanzano@chu.ulg.ac.be,Navigation système de fichier,IT,2021-07-15,11:46:34,00:00:10
stefano.crapanzano@chu.ulg.ac.be,Navigation système de fichier,IT,2021-07-15,11:50:48,00:00:29
stefano.crapanzano@chu.ulg.ac.be,Navigation système de fichier,IT,2021-07-15,11:51:24,00:00:59
stefano.crapanzano@chu.ulg.ac.be,Navigation système de fichier,IT,2021-07-15,11:52:32,00:01:10
stefano.crapanzano@chu.ulg.ac.be,Navigation système de fichier,IT,2021-07-15,11:53:45,00:00:03
stefano.crapanzano@chu.ulg.ac.be,Navigation système de fichier,IT,2021-07-15,11:55:04,00:00:05
stefano.crapanzano@chu.ulg.ac.be,Navigation système de fichier,IT,2021-07-15,11:55:13,00:00:04
stefano.crapanzano@chu.ulg.ac.be,Navigation système de fichier,IT,2021-07-15,14:36:02,00:00:02
stefano.crapanzano@chu.ulg.ac.be,Navigation système de fichier,IT,2021-07-15,14:37:03,00:00:16
stefano.crapanzano@chu.ulg.ac.be,Navigation système de fichier,IT,2021-07-15,14:37:23,00:00:22
stefano.crapanzano@chu.ulg.ac.be,Navigation système de fichier,IT,2021-07-15,14:38:02,00:00:04
stefano.crapanzano@chu.ulg.ac.be,Navigation système de fichier,IT,2021-07-15,14:38:34,00:00:02
stefano.crapanzano@chu.ulg.ac.be,Navigation système de fichier,IT,2021-07-15,14:38:55,00:00:02
stefano.crapanzano@chu.ulg.ac.be,Navigation système de fichier,IT,2021-07-15,14:39:08,00:00:02
stefano.crapanzano@chu.ulg.ac.be,Navigation système de fichier,IT,2021-07-15,14:53:55,00:00:03
stefano.crapanzano@chu.ulg.ac.be,Navigation système de fichier,IT,2021-07-15,14:54:07,00:00:02
stefano.crapanzano@chu.ulg.ac.be,Navigation système de fichier,IT,2021-07-15,14:57:33,00:00:02
stefano.crapanzano@chu.ulg.ac.be,Navigation système de fichier,IT,2021-07-15,14:59:23,00:00:02
stefano.crapanzano@chu.ulg.ac.be,Navigation système de fichier,IT,2021-07-15,14:59:36,00:00:02
stefano.crapanzano@chu.ulg.ac.be,Navigation système de fichier,IT,2021-07-15,16:42:14,00:00:02
stefano.crapanzano@chu.ulg.ac.be,SAP Logon 750,Exploration SAP,2021-07-15,08:31:25,00:00:06
stefano.crapanzano@chu.ulg.ac.be,SAP Logon 750,Exploration SAP,2021-07-15,08:31:38,00:00:02
stefano.crapanzano@chu.ulg.ac.be,SAP Logon 750,Exploration SAP,2021-07-15,08:31:43,00:00:02
stefano.crapanzano@chu.ulg.ac.be,SAP Logon 750,Exploration SAP,2021-07-15,08:33:24,00:00:04
stefano.crapanzano@chu.ulg.ac.be,SAP Logon 750,Exploration SAP,2021-07-15,08:33:45,00:00:03
stefano.crapanzano@chu.ulg.ac.be,SAP Logon 750,Exploration SAP,2021-07-15,08:33:51,00:00:04
stefano.crapanzano@chu.ulg.ac.be,SAP Logon 750,Exploration SAP,2021-07-15,08:34:00,00:00:04
stefano.crapanzano@chu.ulg.ac.be,SAP Logon 750,Exploration SAP,2021-07-15,08:40:19,00:04:54
stefano.crapanzano@chu.ulg.ac.be,SAP Logon 750,Exploration SAP,2021-07-15,08:52:00,00:00:06
stefano.crapanzano@chu.ulg.ac.be,SAP Logon 750,Exploration SAP,2021-07-15,09:23:37,00:00:04
stefano.crapanzano@chu.ulg.ac.be,SAP Logon 750,Exploration SAP,2021-07-15,09:23:45,00:00:05
stefano.crapanzano@chu.ulg.ac.be,SAP Logon 750,Exploration SAP,2021-07-15,09:24:01,00:00:04
stefano.crapanzano@chu.ulg.ac.be,SAP Logon 750,Exploration SAP,2021-07-15,09:24:10,00:00:03
stefano.crapanzano@chu.ulg.ac.be,SAP Logon 750,Exploration SAP,2021-07-15,09:24:34,00:00:02
stefano.crapanzano@chu.ulg.ac.be,SAP Logon 750,Exploration SAP,2021-07-15,09:24:45,00:00:05
stefano.crapanzano@chu.ulg.ac.be,SAP Logon 750,Exploration SAP,2021-07-15,09:24:53,00:00:04
stefano.crapanzano@chu.ulg.ac.be,SAP Logon 750,Exploration SAP,2021-07-15,09:25:13,00:00:09
stefano.crapanzano@chu.ulg.ac.be,SAP Logon 750,Exploration SAP,2021-07-15,09:31:03,00:00:09
stefano.crapanzano@chu.ulg.ac.be,SAP Logon 750,Helpdesk général,2021-07-15,11:13:16,00:00:03
stefano.crapanzano@chu.ulg.ac.be,SAP Logon 750,Exploration SAP,2021-07-15,11:13:34,00:00:02
stefano.crapanzano@chu.ulg.ac.be,SAP,Exploration SAP,2021-07-15,08:31:31,00:00:07
stefano.crapanzano@chu.ulg.ac.be,SAP,Exploration SAP,2021-07-15,08:33:56,00:00:03
stefano.crapanzano@chu.ulg.ac.be,SAP,Exploration SAP,2021-07-15,09:23:42,00:00:02
stefano.crapanzano@chu.ulg.ac.be,SAP,Exploration SAP,2021-07-15,09:24:06,00:00:03
stefano.crapanzano@chu.ulg.ac.be,SAP,Exploration SAP,2021-07-15,11:13:20,00:00:14
stefano.crapanzano@chu.ulg.ac.be,SAP GUI for Windows 750,Exploration SAP,2021-07-15,08:31:40,00:00:02
stefano.crapanzano@chu.ulg.ac.be,SAP GUI for Windows 750,Exploration SAP,2021-07-15,08:33:29,00:00:03
stefano.crapanzano@chu.ulg.ac.be,C:\Users\c158492\AppData\Local\Temp\fz3temp-3\ZHUL_582272.TXT - Notepad++ [Administrator],IT,2021-07-15,08:31:48,00:00:03
stefano.crapanzano@chu.ulg.ac.be,\\appsaiadm.st.chulg\ERP\Config\saplogon.ini - Notepad++ [Administrator],IT,2021-07-15,08:32:29,00:00:24
stefano.crapanzano@chu.ulg.ac.be,\\appsaiadm.st.chulg\ERP\Config\saplogon.ini - Notepad++ [Administrator],IT,2021-07-15,08:32:56,00:00:03
stefano.crapanzano@chu.ulg.ac.be,\\appsaiadm.st.chulg\ERP\Config\saplogon.ini - Notepad++ [Administrator],IT,2021-07-15,08:33:01,00:00:04
stefano.crapanzano@chu.ulg.ac.be,\\appsaiadm.st.chulg\ERP\Config\saplogon.ini - Notepad++ [Administrator],IT,2021-07-15,08:33:09,00:00:05
stefano.crapanzano@chu.ulg.ac.be,\\appsaiadm.st.chulg\ERP\Config\saplogon.ini - Notepad++ [Administrator],IT,2021-07-15,08:33:35,00:00:04
stefano.crapanzano@chu.ulg.ac.be,\\appsaiadm.st.chulg\ERP\Config\saplogon.ini - Notepad++ [Administrator],IT,2021-07-15,08:33:42,00:00:02
stefano.crapanzano@chu.ulg.ac.be,\\appsaiadm.st.chulg\ERP\Config\saplogon.ini - Notepad++ [Administrator],IT,2021-07-15,08:46:44,00:00:02
stefano.crapanzano@chu.ulg.ac.be,\\appsaiadm.st.chulg\ERP\Config\saplogon.ini - Notepad++ [Administrator],IT,2021-07-15,08:47:19,00:00:04
stefano.crapanzano@chu.ulg.ac.be,*\\appsaiadm.st.chulg\ERP\Config\saplogon.ini - Notepad++ [Administrator],IT,2021-07-15,08:32:54,00:00:02
stefano.crapanzano@chu.ulg.ac.be,*\\appsaiadm.st.chulg\ERP\Config\saplogon.ini - Notepad++ [Administrator],IT,2021-07-15,08:33:06,00:00:03
stefano.crapanzano@chu.ulg.ac.be,*\\appsaiadm.st.chulg\ERP\Config\saplogon.ini - Notepad++ [Administrator],IT,2021-07-15,08:33:40,00:00:02
stefano.crapanzano@chu.ulg.ac.be,Courrier entrant - erp.sai@chuliege.be - Mozilla Thunderbird,Helpdesk général,2021-07-15,08:34:08,00:00:06
stefano.crapanzano@chu.ulg.ac.be,Courrier entrant - erp.sai@chuliege.be - Mozilla Thunderbird,Helpdesk général,2021-07-15,08:35:12,00:00:03
stefano.crapanzano@chu.ulg.ac.be,Courrier entrant - erp.sai@chuliege.be - Mozilla Thunderbird,Helpdesk général,2021-07-15,08:35:34,00:04:24
stefano.crapanzano@chu.ulg.ac.be,Courrier entrant - erp.sai@chuliege.be - Mozilla Thunderbird,Exploration SAP,2021-07-15,08:45:14,00:00:10
stefano.crapanzano@chu.ulg.ac.be,Courrier entrant - erp.sai@chuliege.be - Mozilla Thunderbird,Helpdesk général,2021-07-15,08:47:30,00:00:07
stefano.crapanzano@chu.ulg.ac.be,Courrier entrant - erp.sai@chuliege.be - Mozilla Thunderbird,Helpdesk général,2021-07-15,08:47:45,00:00:06
stefano.crapanzano@chu.ulg.ac.be,Courrier entrant - erp.sai@chuliege.be - Mozilla Thunderbird,Helpdesk général,2021-07-15,08:55:35,00:00:13
stefano.crapanzano@chu.ulg.ac.be,Courrier entrant - erp.sai@chuliege.be - Mozilla Thunderbird,Helpdesk général,2021-07-15,08:56:10,00:00:08
stefano.crapanzano@chu.ulg.ac.be,Courrier entrant - erp.sai@chuliege.be - Mozilla Thunderbird,Helpdesk général,2021-07-15,08:56:27,00:00:02
stefano.crapanzano@chu.ulg.ac.be,Courrier entrant - erp.sai@chuliege.be - Mozilla Thunderbird,Helpdesk général,2021-07-15,09:02:55,00:00:04
stefano.crapanzano@chu.ulg.ac.be,Courrier entrant - erp.sai@chuliege.be - Mozilla Thunderbird,Helpdesk général,2021-07-15,09:03:22,00:00:46
stefano.crapanzano@chu.ulg.ac.be,Courrier entrant - erp.sai@chuliege.be - Mozilla Thunderbird,Helpdesk général,2021-07-15,09:05:49,00:00:21
stefano.crapanzano@chu.ulg.ac.be,Courrier entrant - erp.sai@chuliege.be - Mozilla Thunderbird,Helpdesk général,2021-07-15,09:08:49,00:00:02
stefano.crapanzano@chu.ulg.ac.be,Courrier entrant - erp.sai@chuliege.be - Mozilla Thunderbird,Helpdesk général,2021-07-15,09:32:58,00:01:20
stefano.crapanzano@chu.ulg.ac.be,Courrier entrant - erp.sai@chuliege.be - Mozilla Thunderbird,Helpdesk général,2021-07-15,09:34:20,00:00:02
stefano.crapanzano@chu.ulg.ac.be,Courrier entrant - erp.sai@chuliege.be - Mozilla Thunderbird,Helpdesk général,2021-07-15,09:34:33,00:00:07
stefano.crapanzano@chu.ulg.ac.be,Courrier entrant - erp.sai@chuliege.be - Mozilla Thunderbird,Helpdesk général,2021-07-15,09:35:00,00:00:34
stefano.crapanzano@chu.ulg.ac.be,Courrier entrant - erp.sai@chuliege.be - Mozilla Thunderbird,Helpdesk général,2021-07-15,09:36:51,00:00:04
stefano.crapanzano@chu.ulg.ac.be,Courrier entrant - erp.sai@chuliege.be - Mozilla Thunderbird,Helpdesk général,2021-07-15,09:37:53,00:02:33
stefano.crapanzano@chu.ulg.ac.be,Courrier entrant - erp.sai@chuliege.be - Mozilla Thunderbird,Helpdesk général,2021-07-15,09:42:10,00:00:06
stefano.crapanzano@chu.ulg.ac.be,Courrier entrant - erp.sai@chuliege.be - Mozilla Thunderbird,Helpdesk général,2021-07-15,09:42:27,00:10:02
stefano.crapanzano@chu.ulg.ac.be,Courrier entrant - erp.sai@chuliege.be - Mozilla Thunderbird,Helpdesk général,2021-07-15,09:52:32,00:03:39
stefano.crapanzano@chu.ulg.ac.be,Courrier entrant - erp.sai@chuliege.be - Mozilla Thunderbird,Helpdesk général,2021-07-15,09:57:19,00:05:07
stefano.crapanzano@chu.ulg.ac.be,Courrier entrant - erp.sai@chuliege.be - Mozilla Thunderbird,Helpdesk général,2021-07-15,11:17:41,00:00:06
stefano.crapanzano@chu.ulg.ac.be,Courrier entrant - erp.sai@chuliege.be - Mozilla Thunderbird,Helpdesk général,2021-07-15,11:17:53,00:00:46
stefano.crapanzano@chu.ulg.ac.be,Courrier entrant - erp.sai@chuliege.be - Mozilla Thunderbird,Helpdesk général,2021-07-15,11:22:48,00:00:02
stefano.crapanzano@chu.ulg.ac.be,Courrier entrant - erp.sai@chuliege.be - Mozilla Thunderbird,Helpdesk général,2021-07-15,11:28:58,00:00:28
stefano.crapanzano@chu.ulg.ac.be,Courrier entrant - erp.sai@chuliege.be - Mozilla Thunderbird,Helpdesk général,2021-07-15,11:29:32,00:00:10
stefano.crapanzano@chu.ulg.ac.be,Courrier entrant - erp.sai@chuliege.be - Mozilla Thunderbird,Helpdesk général,2021-07-15,11:31:08,00:00:08
stefano.crapanzano@chu.ulg.ac.be,Courrier entrant - erp.sai@chuliege.be - Mozilla Thunderbird,Helpdesk général,2021-07-15,11:31:20,00:00:17
stefano.crapanzano@chu.ulg.ac.be,Courrier entrant - erp.sai@chuliege.be - Mozilla Thunderbird,Helpdesk général,2021-07-15,11:32:24,00:00:04
stefano.crapanzano@chu.ulg.ac.be,Courrier entrant - erp.sai@chuliege.be - Mozilla Thunderbird,Helpdesk général,2021-07-15,11:32:45,00:00:03
stefano.crapanzano@chu.ulg.ac.be,Courrier entrant - erp.sai@chuliege.be - Mozilla Thunderbird,Helpdesk général,2021-07-15,11:33:56,00:00:04
stefano.crapanzano@chu.ulg.ac.be,Courrier entrant - erp.sai@chuliege.be - Mozilla Thunderbird,Helpdesk général,2021-07-15,11:34:44,00:00:02
stefano.crapanzano@chu.ulg.ac.be,Courrier entrant - erp.sai@chuliege.be - Mozilla Thunderbird,Helpdesk général,2021-07-15,11:36:52,00:00:34
stefano.crapanzano@chu.ulg.ac.be,Courrier entrant - erp.sai@chuliege.be - Mozilla Thunderbird,Helpdesk général,2021-07-15,11:40:03,00:00:02
stefano.crapanzano@chu.ulg.ac.be,Courrier entrant - erp.sai@chuliege.be - Mozilla Thunderbird,Helpdesk général,2021-07-15,11:40:48,00:00:02
stefano.crapanzano@chu.ulg.ac.be,Courrier entrant - erp.sai@chuliege.be - Mozilla Thunderbird,Helpdesk général,2021-07-15,11:53:53,00:01:10
stefano.crapanzano@chu.ulg.ac.be,Courrier entrant - erp.sai@chuliege.be - Mozilla Thunderbird,Helpdesk général,2021-07-15,13:38:46,00:00:03
stefano.crapanzano@chu.ulg.ac.be,Courrier entrant - erp.sai@chuliege.be - Mozilla Thunderbird,Helpdesk général,2021-07-15,13:39:49,00:00:06
stefano.crapanzano@chu.ulg.ac.be,Courrier entrant - erp.sai@chuliege.be - Mozilla Thunderbird,Helpdesk général,2021-07-15,13:39:59,00:00:08
stefano.crapanzano@chu.ulg.ac.be,Courrier entrant - erp.sai@chuliege.be - Mozilla Thunderbird,Helpdesk général,2021-07-15,14:49:17,00:00:02
stefano.crapanzano@chu.ulg.ac.be,Courrier entrant - erp.sai@chuliege.be - Mozilla Thunderbird,Helpdesk général,2021-07-15,14:49:26,00:00:03
stefano.crapanzano@chu.ulg.ac.be,Courrier entrant - erp.sai@chuliege.be - Mozilla Thunderbird,Helpdesk général,2021-07-15,14:50:15,00:02:54
stefano.crapanzano@chu.ulg.ac.be,Courrier entrant - erp.sai@chuliege.be - Mozilla Thunderbird,Helpdesk général,2021-07-15,14:57:35,00:00:03
stefano.crapanzano@chu.ulg.ac.be,Courrier entrant - erp.sai@chuliege.be - Mozilla Thunderbird,Helpdesk général,2021-07-15,14:58:50,00:00:03
stefano.crapanzano@chu.ulg.ac.be,Courrier entrant - erp.sai@chuliege.be - Mozilla Thunderbird,Helpdesk général,2021-07-15,14:58:54,00:00:02
stefano.crapanzano@chu.ulg.ac.be,Courrier entrant - erp.sai@chuliege.be - Mozilla Thunderbird,Helpdesk général,2021-07-15,14:59:15,00:00:08
stefano.crapanzano@chu.ulg.ac.be,Courrier entrant - erp.sai@chuliege.be - Mozilla Thunderbird,Helpdesk général,2021-07-15,16:42:16,00:00:06
stefano.crapanzano@chu.ulg.ac.be,Courrier entrant - erp.sai@chuliege.be - Mozilla Thunderbird,Helpdesk général,2021-07-15,16:46:58,00:00:07
stefano.crapanzano@chu.ulg.ac.be,Courrier entrant - erp.sai@chuliege.be - Mozilla Thunderbird,Helpdesk général,2021-07-15,16:47:18,00:00:03
stefano.crapanzano@chu.ulg.ac.be,Courrier entrant - erp.sai@chuliege.be - Mozilla Thunderbird,Helpdesk général,2021-07-15,17:06:19,00:00:05
stefano.crapanzano@chu.ulg.ac.be,ERP4HC2.0: SAP GUI 760 - SDERP-18905 - Mozilla Thunderbird,Helpdesk général,2021-07-15,08:34:14,00:00:03
stefano.crapanzano@chu.ulg.ac.be,ERP4HC2.0: SAP GUI 760 - SDERP-18905 - Mozilla Thunderbird,Helpdesk général,2021-07-15,08:35:09,00:00:02
stefano.crapanzano@chu.ulg.ac.be,Rédaction : Re: ERP4HC2.0: SAP GUI 760 - SDERP-18905 - Thunderbird,Helpdesk général,2021-07-15,08:34:19,00:00:39
stefano.crapanzano@chu.ulg.ac.be,Rédaction : Re: ERP4HC2.0: SAP GUI 760 - SDERP-18905 - Thunderbird,Helpdesk général,2021-07-15,08:47:39,00:00:06
stefano.crapanzano@chu.ulg.ac.be,Vérification de l’orthographe,Helpdesk général,2021-07-15,09:37:45,00:00:02
stefano.crapanzano@chu.ulg.ac.be,Vérification de l’orthographe,Helpdesk général,2021-07-15,11:36:09,00:00:02
stefano.crapanzano@chu.ulg.ac.be,Vérification de l’orthographe,Helpdesk général,2021-07-15,13:39:41,00:00:03
stefano.crapanzano@chu.ulg.ac.be,Vérification de l’orthographe,Helpdesk général,2021-07-15,14:58:47,00:00:02
stefano.crapanzano@chu.ulg.ac.be,taskeng.exe,IT,2021-07-15,08:35:07,00:00:02
stefano.crapanzano@chu.ulg.ac.be,Courrier entrant - stefano.crapanzano@chuliege.be - Mozilla Thunderbird,Helpdesk général,2021-07-15,08:35:15,00:00:19
stefano.crapanzano@chu.ulg.ac.be,Courrier entrant - stefano.crapanzano@chuliege.be - Mozilla Thunderbird,Helpdesk général,2021-07-15,09:04:09,00:00:08
stefano.crapanzano@chu.ulg.ac.be,Courrier entrant - stefano.crapanzano@chuliege.be - Mozilla Thunderbird,Helpdesk général,2021-07-15,09:05:45,00:00:03
stefano.crapanzano@chu.ulg.ac.be,Courrier entrant - stefano.crapanzano@chuliege.be - Mozilla Thunderbird,Helpdesk général,2021-07-15,09:08:52,00:00:06
stefano.crapanzano@chu.ulg.ac.be,Courrier entrant - stefano.crapanzano@chuliege.be - Mozilla Thunderbird,Helpdesk général,2021-07-15,09:09:09,00:00:02
stefano.crapanzano@chu.ulg.ac.be,Courrier entrant - stefano.crapanzano@chuliege.be - Mozilla Thunderbird,Helpdesk général,2021-07-15,09:32:54,00:00:03
stefano.crapanzano@chu.ulg.ac.be,Courrier entrant - stefano.crapanzano@chuliege.be - Mozilla Thunderbird,Helpdesk général,2021-07-15,09:52:29,00:00:02
stefano.crapanzano@chu.ulg.ac.be,Courrier entrant - stefano.crapanzano@chuliege.be - Mozilla Thunderbird,Helpdesk général,2021-07-15,09:56:11,00:00:10
stefano.crapanzano@chu.ulg.ac.be,Courrier entrant - stefano.crapanzano@chuliege.be - Mozilla Thunderbird,Helpdesk général,2021-07-15,11:22:50,00:06:07
stefano.crapanzano@chu.ulg.ac.be,Courrier entrant - stefano.crapanzano@chuliege.be - Mozilla Thunderbird,Helpdesk général,2021-07-15,11:40:06,00:00:02
stefano.crapanzano@chu.ulg.ac.be,Courrier entrant - stefano.crapanzano@chuliege.be - Mozilla Thunderbird,Helpdesk général,2021-07-15,13:38:49,00:00:20
stefano.crapanzano@chu.ulg.ac.be,Courrier entrant - stefano.crapanzano@chuliege.be - Mozilla Thunderbird,Helpdesk général,2021-07-15,13:39:44,00:00:04
stefano.crapanzano@chu.ulg.ac.be,Courrier entrant - stefano.crapanzano@chuliege.be - Mozilla Thunderbird,Helpdesk général,2021-07-15,13:39:55,00:00:03
stefano.crapanzano@chu.ulg.ac.be,Courrier entrant - stefano.crapanzano@chuliege.be - Mozilla Thunderbird,Helpdesk général,2021-07-15,14:50:09,00:00:06
stefano.crapanzano@chu.ulg.ac.be,Courrier entrant - stefano.crapanzano@chuliege.be - Mozilla Thunderbird,Helpdesk général,2021-07-15,14:58:57,00:00:09
stefano.crapanzano@chu.ulg.ac.be,Courrier entrant - stefano.crapanzano@chuliege.be - Mozilla Thunderbird,Helpdesk général,2021-07-15,14:59:09,00:00:06
stefano.crapanzano@chu.ulg.ac.be,Courrier entrant - stefano.crapanzano@chuliege.be - Mozilla Thunderbird,Helpdesk général,2021-07-15,16:47:21,00:18:58
stefano.crapanzano@chu.ulg.ac.be,PE2_203 - sftp://PE2U2FTP@153.89.110.38 - FileZilla,Helpdesk général,2021-07-15,08:45:25,00:00:26
stefano.crapanzano@chu.ulg.ac.be,PE2_203 - sftp://PE2U2FTP@153.89.110.38 - FileZilla,Helpdesk général,2021-07-15,08:46:03,00:00:38
stefano.crapanzano@chu.ulg.ac.be,PE2_203 - sftp://PE2U2FTP@153.89.110.38 - FileZilla,Helpdesk général,2021-07-15,08:46:46,00:00:28
stefano.crapanzano@chu.ulg.ac.be,PE2_203 - sftp://PE2U2FTP@153.89.110.38 - FileZilla,Helpdesk général,2021-07-15,08:47:23,00:00:05
stefano.crapanzano@chu.ulg.ac.be,PE2_203 - sftp://PE2U2FTP@153.89.110.38 - FileZilla,Helpdesk général,2021-07-15,08:48:38,00:00:02
stefano.crapanzano@chu.ulg.ac.be,PE2_203 - sftp://PE2U2FTP@153.89.110.38 - FileZilla,Helpdesk général,2021-07-15,08:54:40,00:00:04
stefano.crapanzano@chu.ulg.ac.be,PE2_203 - sftp://PE2U2FTP@153.89.110.38 - FileZilla,Helpdesk général,2021-07-15,08:55:59,00:00:06
stefano.crapanzano@chu.ulg.ac.be,PE2_203 - sftp://PE2U2FTP@153.89.110.38 - FileZilla,Helpdesk général,2021-07-15,09:02:15,00:00:31
stefano.crapanzano@chu.ulg.ac.be,PE2_203 - sftp://PE2U2FTP@153.89.110.38 - FileZilla,Helpdesk général,2021-07-15,11:47:00,00:00:03
stefano.crapanzano@chu.ulg.ac.be,Créer un dossier,Helpdesk général,2021-07-15,08:45:51,00:00:12
stefano.crapanzano@chu.ulg.ac.be,C:\Users\c158492\AppData\Local\Temp\fz3temp-3\SAP202107140015.txt - Notepad++ [Administrator],IT,2021-07-15,08:46:41,00:00:02
stefano.crapanzano@chu.ulg.ac.be,C:\Users\c158492\AppData\Local\Temp\fz3temp-3\SAP202107140014.doc.txt - Notepad++ [Administrator],IT,2021-07-15,08:47:15,00:00:03
stefano.crapanzano@chu.ulg.ac.be,Rédaction : (pas de sujet) - Thunderbird,Helpdesk général,2021-07-15,08:47:51,00:00:07
stefano.crapanzano@chu.ulg.ac.be,Rédaction : (pas de sujet) - Thunderbird,Helpdesk général,2021-07-15,09:42:16,00:00:09
stefano.crapanzano@chu.ulg.ac.be,Rédaction : (pas de sujet) - Thunderbird,Helpdesk général,2021-07-15,10:02:28,01:10:48
stefano.crapanzano@chu.ulg.ac.be,Rédaction : (pas de sujet) - Thunderbird,Helpdesk général,2021-07-15,11:13:39,00:04:01
stefano.crapanzano@chu.ulg.ac.be,Rédaction : (pas de sujet) - Thunderbird,Helpdesk général,2021-07-15,14:49:21,00:00:04
stefano.crapanzano@chu.ulg.ac.be,Rédaction : (pas de sujet) - Thunderbird,Helpdesk général,2021-07-15,14:57:39,00:00:04
stefano.crapanzano@chu.ulg.ac.be,Rédaction : (pas de sujet) - Thunderbird,Helpdesk général,2021-07-15,16:42:22,00:00:08
stefano.crapanzano@chu.ulg.ac.be,Rédaction : Fichier - Thunderbird,Helpdesk général,2021-07-15,08:47:58,00:00:02
stefano.crapanzano@chu.ulg.ac.be,Rédaction : Fichier PDA - Thunderbird,Helpdesk général,2021-07-15,08:48:02,00:00:07
stefano.crapanzano@chu.ulg.ac.be,Rédaction : Fichier PDA - Thunderbird,Helpdesk général,2021-07-15,08:48:42,00:03:13
stefano.crapanzano@chu.ulg.ac.be,Rédaction : Fichier PDA - Thunderbird,Helpdesk général,2021-07-15,08:53:02,00:00:10
stefano.crapanzano@chu.ulg.ac.be,Rédaction : Fichier PDA - Thunderbird,Helpdesk général,2021-07-15,08:53:14,00:00:02
stefano.crapanzano@chu.ulg.ac.be,Rédaction : Fichier PDA - Thunderbird,Helpdesk général,2021-07-15,08:53:17,00:00:03
stefano.crapanzano@chu.ulg.ac.be,Rédaction : Fichier PDA - Thunderbird,Helpdesk général,2021-07-15,08:53:22,00:01:15
stefano.crapanzano@chu.ulg.ac.be,Rédaction : Fichier PDA - Thunderbird,Helpdesk général,2021-07-15,08:54:59,00:00:30
stefano.crapanzano@chu.ulg.ac.be,Joindre les fichiers,Helpdesk général,2021-07-15,08:48:09,00:00:27
stefano.crapanzano@chu.ulg.ac.be,Joindre les fichiers,Helpdesk général,2021-07-15,08:48:40,00:00:02
stefano.crapanzano@chu.ulg.ac.be,SAP Easy Access Menu de base Applications financières-économiques,Exploration SAP,2021-07-15,08:52:06,00:00:12
stefano.crapanzano@chu.ulg.ac.be,SAP Easy Access Menu de base Applications financières-économiques,Exploration SAP,2021-07-15,08:52:22,00:00:03
stefano.crapanzano@chu.ulg.ac.be,SAP Easy Access Menu de base Applications financières-économiques,Exploration SAP,2021-07-15,09:31:13,00:00:10
stefano.crapanzano@chu.ulg.ac.be,Batch input : synthèse des dossiers,Exploration SAP,2021-07-15,08:52:18,00:00:03
stefano.crapanzano@chu.ulg.ac.be,Sélection de jobs simple,Exploration SAP,2021-07-15,08:52:25,00:00:14
stefano.crapanzano@chu.ulg.ac.be,Synthèse des jobs,Exploration SAP,2021-07-15,08:52:40,00:00:07
stefano.crapanzano@chu.ulg.ac.be,Greenshot capture form,Helpdesk général,2021-07-15,08:52:47,00:00:12
stefano.crapanzano@chu.ulg.ac.be,Greenshot capture form,Helpdesk général,2021-07-15,08:56:33,00:00:11
stefano.crapanzano@chu.ulg.ac.be,Greenshot capture form,Helpdesk général,2021-07-15,14:36:05,00:00:10
stefano.crapanzano@chu.ulg.ac.be,Greenshot capture form,Helpdesk général,2021-07-15,14:36:27,00:00:07
stefano.crapanzano@chu.ulg.ac.be,Greenshot capture form,Helpdesk général,2021-07-15,14:38:06,00:00:07
stefano.crapanzano@chu.ulg.ac.be,Greenshot capture form,Helpdesk général,2021-07-15,14:38:37,00:00:09
stefano.crapanzano@chu.ulg.ac.be,Greenshot capture form,Helpdesk général,2021-07-15,14:38:57,00:00:04
stefano.crapanzano@chu.ulg.ac.be,Greenshot capture form,Helpdesk général,2021-07-15,14:39:10,00:00:05
stefano.crapanzano@chu.ulg.ac.be,C:\temp\mm_exemple_fichier\SAP202107140015.txt - Notepad++ [Administrator],IT,2021-07-15,08:54:45,00:00:12
stefano.crapanzano@chu.ulg.ac.be,Enregistrer le message,Helpdesk général,2021-07-15,08:55:48,00:00:10
stefano.crapanzano@chu.ulg.ac.be,Intégration système,Helpdesk général,2021-07-15,08:56:06,00:00:02
stefano.crapanzano@chu.ulg.ac.be,Accueil - Mozilla Thunderbird,Helpdesk général,2021-07-15,08:56:22,00:00:02
stefano.crapanzano@chu.ulg.ac.be,erreur chargement - Mozilla Thunderbird,Helpdesk général,2021-07-15,08:56:18,00:00:03
stefano.crapanzano@chu.ulg.ac.be,TR: ERP 2.0 - demande d'info - Mozilla Thunderbird,Helpdesk général,2021-07-15,08:56:24,00:00:02
stefano.crapanzano@chu.ulg.ac.be,Vue en galerie pour : erreur chargement - Mozilla Thunderbird,Helpdesk général,2021-07-15,08:56:29,00:00:03
stefano.crapanzano@chu.ulg.ac.be,Identification - Google Chrome,Tâches diverses,2021-07-15,08:57:17,00:01:04
stefano.crapanzano@chu.ulg.ac.be,Identification - Google Chrome,Tâches diverses,2021-07-15,09:04:17,00:00:07
stefano.crapanzano@chu.ulg.ac.be,Identification - Google Chrome,Tâches diverses,2021-07-15,09:08:30,00:00:03
stefano.crapanzano@chu.ulg.ac.be,Identification - Google Chrome,Tâches diverses,2021-07-15,09:08:43,00:00:03
stefano.crapanzano@chu.ulg.ac.be,Lecture documentation,Tâches diverses,2021-07-15,08:58:21,00:00:33
stefano.crapanzano@chu.ulg.ac.be,Lecture documentation,Tâches diverses,2021-07-15,11:55:17,01:43:27
stefano.crapanzano@chu.ulg.ac.be,Lecture documentation,Tâches diverses,2021-07-15,13:40:07,00:45:03
stefano.crapanzano@chu.ulg.ac.be,Lecture documentation,Tâches diverses,2021-07-15,14:59:38,00:51:35
stefano.crapanzano@chu.ulg.ac.be,Lecture documentation,Tâches diverses,2021-07-15,15:52:05,00:50:08
stefano.crapanzano@chu.ulg.ac.be,*new 1 - Notepad++ [Administrator],IT,2021-07-15,08:58:57,00:00:07
stefano.crapanzano@chu.ulg.ac.be,*new 1 - Notepad++ [Administrator],IT,2021-07-15,08:59:12,00:01:54
stefano.crapanzano@chu.ulg.ac.be,*new 1 - Notepad++ [Administrator],IT,2021-07-15,09:01:09,00:00:20
stefano.crapanzano@chu.ulg.ac.be,*new 1 - Notepad++ [Administrator],IT,2021-07-15,11:38:57,00:00:02
stefano.crapanzano@chu.ulg.ac.be,*new 1 - Notepad++ [Administrator],IT,2021-07-15,11:39:22,00:00:05
stefano.crapanzano@chu.ulg.ac.be,*new 1 - Notepad++ [Administrator],IT,2021-07-15,11:53:48,00:00:02
stefano.crapanzano@chu.ulg.ac.be,Rédaction : Re: erreur chargement - Thunderbird,Helpdesk général,2021-07-15,09:03:01,00:00:19
stefano.crapanzano@chu.ulg.ac.be,SAM-DB : Disposer de ressources pour le changement enironnement ERP4HC 2.0 - Google Chrome,Tâches diverses,2021-07-15,09:04:25,00:00:02
stefano.crapanzano@chu.ulg.ac.be,SAM-DB : Disposer de ressources pour le changement enironnement ERP4HC 2.0 - Google Chrome,Tâches diverses,2021-07-15,09:04:28,00:01:16
stefano.crapanzano@chu.ulg.ac.be,SAM-DB : Disposer de ressources pour le changement enironnement ERP4HC 2.0 - Google Chrome,Tâches diverses,2021-07-15,09:06:11,00:02:06
stefano.crapanzano@chu.ulg.ac.be,SAM-DB : Disposer de ressources pour le changement enironnement ERP4HC 2.0 - Google Chrome,Tâches diverses,2021-07-15,09:08:34,00:00:09
stefano.crapanzano@chu.ulg.ac.be,SAM-DB : Disposer de ressources pour le changement enironnement ERP4HC 2.0 - Google Chrome,Tâches diverses,2021-07-15,09:10:33,00:00:27
stefano.crapanzano@chu.ulg.ac.be,SAM-DB : Disposer de ressources pour le changement enironnement ERP4HC 2.0 - Google Chrome,Tâches diverses,2021-07-15,09:11:33,00:03:26
stefano.crapanzano@chu.ulg.ac.be,SAM-DB : Disposer de ressources pour le changement enironnement ERP4HC 2.0 - Google Chrome,Tâches diverses,2021-07-15,09:15:12,00:07:59
stefano.crapanzano@chu.ulg.ac.be,SAM-DB : Disposer de ressources pour le changement enironnement ERP4HC 2.0 - Google Chrome,Tâches diverses,2021-07-15,09:25:27,00:00:39
stefano.crapanzano@chu.ulg.ac.be,SAM-DB : Installation SAP GUI 760 - Google Chrome,Tâches diverses,2021-07-15,09:08:18,00:00:09
stefano.crapanzano@chu.ulg.ac.be,SAM-DB : Installation SAP GUI 760 - Google Chrome,Tâches diverses,2021-07-15,09:10:14,00:00:19
stefano.crapanzano@chu.ulg.ac.be,SAM-DB : Installation SAP GUI 760 - Google Chrome,Tâches diverses,2021-07-15,09:11:03,00:00:30
stefano.crapanzano@chu.ulg.ac.be,SAM-DB - Google Chrome,Tâches diverses,2021-07-15,09:08:27,00:00:02
stefano.crapanzano@chu.ulg.ac.be,SAM-DB - Google Chrome,Tâches diverses,2021-07-15,09:14:59,00:00:11
stefano.crapanzano@chu.ulg.ac.be,P203 CHU Connexion à ERP4HC 2.0 : IP 153.89.126.135 non accessible + connexions SAPLOGON - Xperthis ERP4HC 1.0 - Service d'assistance - Google Chrome,Tâches diverses,2021-07-15,09:08:47,00:00:02
stefano.crapanzano@chu.ulg.ac.be,P203 CHU Connexion à ERP4HC 2.0 : IP 153.89.126.135 non accessible + connexions SAPLOGON - Xperthis ERP4HC 1.0 - Service d'assistance - Google Chrome,Tâches diverses,2021-07-15,09:27:06,00:00:43
stefano.crapanzano@chu.ulg.ac.be,P203 CHU Connexion à ERP4HC 2.0 : IP 153.89.126.135 non accessible + connexions SAPLOGON - Xperthis ERP4HC 1.0 - Service d'assistance - Google Chrome,Tâches diverses,2021-07-15,09:28:04,00:01:16
stefano.crapanzano@chu.ulg.ac.be,on en est o - Mozilla Thunderbird,Helpdesk général,2021-07-15,09:08:58,00:00:10
stefano.crapanzano@chu.ulg.ac.be,degey - Mozilla Thunderbird,Helpdesk général,2021-07-15,09:09:11,00:00:42
stefano.crapanzano@chu.ulg.ac.be,saplogon 760 - Mozilla Thunderbird,Helpdesk général,2021-07-15,09:09:53,00:00:14
stefano.crapanzano@chu.ulg.ac.be,[MON SUIVI] : Installation SAP GUI 760 - Mozilla Thunderbird,Helpdesk général,2021-07-15,09:10:07,00:00:06
stefano.crapanzano@chu.ulg.ac.be,[MON SUIVI] : Installation SAP GUI 760 - Mozilla Thunderbird,Helpdesk général,2021-07-15,09:29:54,00:00:03
stefano.crapanzano@chu.ulg.ac.be,netlogon - Recherche Google - Google Chrome,Tâches diverses,2021-07-15,09:26:07,00:00:02
stefano.crapanzano@chu.ulg.ac.be,Demandes - Service d'assistance - Google Chrome,Tâches diverses,2021-07-15,09:26:12,00:00:09
stefano.crapanzano@chu.ulg.ac.be,Demandes - Service d'assistance - Google Chrome,Tâches diverses,2021-07-15,09:27:01,00:00:04
stefano.crapanzano@chu.ulg.ac.be,Demandes - Service d'assistance - Google Chrome,Tâches diverses,2021-07-15,09:29:21,00:00:16
stefano.crapanzano@chu.ulg.ac.be,Demandes - Service d'assistance - Google Chrome,Tâches diverses,2021-07-15,09:34:26,00:00:02
stefano.crapanzano@chu.ulg.ac.be,Demandes - Service d'assistance - Google Chrome,Tâches diverses,2021-07-15,09:40:33,00:00:02
stefano.crapanzano@chu.ulg.ac.be,Demandes - Service d'assistance - Google Chrome,Tâches diverses,2021-07-15,11:29:52,00:00:03
stefano.crapanzano@chu.ulg.ac.be,Demandes - Service d'assistance - Google Chrome,Tâches diverses,2021-07-15,14:53:17,00:00:02
stefano.crapanzano@chu.ulg.ac.be,P203 - SAPGUI 760 pour connexion à ERP 2.0 - Xperthis ERP4HC 1.0 - Service d'assistance - Google Chrome,Tâches diverses,2021-07-15,09:26:22,00:00:39
stefano.crapanzano@chu.ulg.ac.be,P203 - SAPGUI 760 pour connexion à ERP 2.0 - Xperthis ERP4HC 1.0 - Service d'assistance - Google Chrome,Tâches diverses,2021-07-15,09:40:35,00:01:33
stefano.crapanzano@chu.ulg.ac.be,P203 - SAPGUI 760 pour connexion à ERP 2.0 - Xperthis ERP4HC 1.0 - Service d'assistance - Google Chrome,Tâches diverses,2021-07-15,11:29:44,00:00:07
stefano.crapanzano@chu.ulg.ac.be,Ouvrir,Tâches diverses,2021-07-15,09:27:50,00:00:04
stefano.crapanzano@chu.ulg.ac.be,Ouvrir,Tâches diverses,2021-07-15,09:27:59,00:00:04
stefano.crapanzano@chu.ulg.ac.be,Ouvrir,Tâches diverses,2021-07-15,11:30:55,00:00:08
stefano.crapanzano@chu.ulg.ac.be,Ouvrir,Tâches diverses,2021-07-15,14:57:08,00:00:08
stefano.crapanzano@chu.ulg.ac.be,P203 CHU Panier 1000283739 en statut approuvé - Xperthis ERP4HC 1.0 - Service d'assistance - Google Chrome,Tâches diverses,2021-07-15,09:29:37,00:00:16
stefano.crapanzano@chu.ulg.ac.be,P203 CHU Panier 1000283739 en statut approuvé - Xperthis ERP4HC 1.0 - Service d'assistance - Google Chrome,Tâches diverses,2021-07-15,09:30:34,00:00:29
stefano.crapanzano@chu.ulg.ac.be,P203 CHU Panier 1000283739 en statut approuvé - Xperthis ERP4HC 1.0 - Service d'assistance - Google Chrome,Tâches diverses,2021-07-15,09:31:29,00:00:04
stefano.crapanzano@chu.ulg.ac.be,P203 CHU Panier 1000283739 en statut approuvé - Xperthis ERP4HC 1.0 - Service d'assistance - Google Chrome,Tâches diverses,2021-07-15,09:32:04,00:00:02
stefano.crapanzano@chu.ulg.ac.be,P203 CHU Panier 1000283739 en statut approuvé - Xperthis ERP4HC 1.0 - Service d'assistance - Google Chrome,Tâches diverses,2021-07-15,09:32:15,00:00:08
stefano.crapanzano@chu.ulg.ac.be,P203 CHU Panier 1000283739 en statut approuvé - Xperthis ERP4HC 1.0 - Service d'assistance - Google Chrome,Tâches diverses,2021-07-15,09:34:22,00:00:03
stefano.crapanzano@chu.ulg.ac.be,1000283739 - Mozilla Thunderbird,Helpdesk général,2021-07-15,09:29:58,00:00:09
stefano.crapanzano@chu.ulg.ac.be,SSP: problème panier 1000283739 en statut de poste : approuvé/sans document lié créé - Mozilla Thunderbird,Helpdesk général,2021-07-15,09:30:07,00:00:25
stefano.crapanzano@chu.ulg.ac.be,SSP: problème panier 1000283739 en statut de poste : approuvé/sans document lié créé - Mozilla Thunderbird,Helpdesk général,2021-07-15,09:32:27,00:00:26
stefano.crapanzano@chu.ulg.ac.be,Commande interv. 40 4000196944 créée par WEBUSERCHU,Exploration SAP,2021-07-15,09:31:23,00:00:04
stefano.crapanzano@chu.ulg.ac.be,Sélectionner document,Exploration SAP,2021-07-15,09:31:34,00:00:08
stefano.crapanzano@chu.ulg.ac.be,TypeAheadPopup,Exploration SAP,2021-07-15,09:31:42,00:00:02
stefano.crapanzano@chu.ulg.ac.be,Afficher Demande d'achat 5200117681,Exploration SAP,2021-07-15,09:31:47,00:00:06
stefano.crapanzano@chu.ulg.ac.be,Afficher Demande d'achat 5200117681,Exploration SAP,2021-07-15,09:32:23,00:00:03
stefano.crapanzano@chu.ulg.ac.be,Modifier Demande d'achat 5200117681,Exploration SAP,2021-07-15,09:31:53,00:00:09
stefano.crapanzano@chu.ulg.ac.be,Modifier Demande d'achat 5200117681,Exploration SAP,2021-07-15,09:32:06,00:00:02
stefano.crapanzano@chu.ulg.ac.be,Modifier Demande d'achat 5200117681,Exploration SAP,2021-07-15,09:32:10,00:00:04
stefano.crapanzano@chu.ulg.ac.be,ZORGI Help Center - Service d'assistance - Google Chrome,Tâches diverses,2021-07-15,09:34:28,00:00:02
stefano.crapanzano@chu.ulg.ac.be,ZORGI Help Center - Service d'assistance - Google Chrome,Tâches diverses,2021-07-15,11:29:55,00:00:04
stefano.crapanzano@chu.ulg.ac.be,ZORGI Help Center - Service d'assistance - Google Chrome,Tâches diverses,2021-07-15,14:53:19,00:00:03
stefano.crapanzano@chu.ulg.ac.be,Demande de Configuration ERP for HealthCare - Xperthis ERP4HC 1.0 - Service d'assistance - Google Chrome,Tâches diverses,2021-07-15,09:34:30,00:00:02
stefano.crapanzano@chu.ulg.ac.be,Demande de Configuration ERP for HealthCare - Xperthis ERP4HC 1.0 - Service d'assistance - Google Chrome,Tâches diverses,2021-07-15,09:34:40,00:00:20
stefano.crapanzano@chu.ulg.ac.be,Demande de Configuration ERP for HealthCare - Xperthis ERP4HC 1.0 - Service d'assistance - Google Chrome,Tâches diverses,2021-07-15,09:35:35,00:01:03
stefano.crapanzano@chu.ulg.ac.be,Prorata de TVA à configurer - Xperthis ERP4HC 1.0 - Service d'assistance - Google Chrome,Tâches diverses,2021-07-15,09:36:39,00:00:09
stefano.crapanzano@chu.ulg.ac.be,Prorata de TVA à configurer - Xperthis ERP4HC 1.0 - Service d'assistance - Google Chrome,Tâches diverses,2021-07-15,09:37:29,00:00:04
stefano.crapanzano@chu.ulg.ac.be,Prorata de TVA à configurer - Xperthis ERP4HC 1.0 - Service d'assistance - Google Chrome,Tâches diverses,2021-07-15,09:40:28,00:00:05
stefano.crapanzano@chu.ulg.ac.be,TR: création PSM - GERNAY Marie-Marie 986387600 - Mozilla Thunderbird,Helpdesk général,2021-07-15,09:36:57,00:00:02
stefano.crapanzano@chu.ulg.ac.be,TR: création PSM - GERNAY Marie-Marie 986387600 - Mozilla Thunderbird,Helpdesk général,2021-07-15,09:37:51,00:00:02
stefano.crapanzano@chu.ulg.ac.be,Rédaction : Re: TR: création PSM - GERNAY Marie-Marie 986387600 - Thunderbird,Helpdesk général,2021-07-15,09:37:01,00:00:27
stefano.crapanzano@chu.ulg.ac.be,Rédaction : Re: TR: création PSM - GERNAY Marie-Marie 986387600 - Thunderbird,Helpdesk général,2021-07-15,09:37:34,00:00:10
stefano.crapanzano@chu.ulg.ac.be,Envoyés - erp.sai@chuliege.be - Mozilla Thunderbird,Helpdesk général,2021-07-15,09:56:22,00:00:56
stefano.crapanzano@chu.ulg.ac.be,Envoyés - erp.sai@chuliege.be - Mozilla Thunderbird,Helpdesk général,2021-07-15,11:17:47,00:00:06
stefano.crapanzano@chu.ulg.ac.be,Netop Invité,Helpdesk général,2021-07-15,11:18:40,00:00:04
stefano.crapanzano@chu.ulg.ac.be,Netop Invité,Helpdesk général,2021-07-15,11:40:57,00:00:03
stefano.crapanzano@chu.ulg.ac.be,Netop Invité,Helpdesk général,2021-07-15,11:41:06,00:00:03
stefano.crapanzano@chu.ulg.ac.be,Netop Invité,Helpdesk général,2021-07-15,14:25:11,00:03:37
stefano.crapanzano@chu.ulg.ac.be,Connexion à l'aide de l'authentification Windows,Helpdesk général,2021-07-15,11:18:45,00:00:03
stefano.crapanzano@chu.ulg.ac.be,Connexion à l'aide de l'authentification Windows,Helpdesk général,2021-07-15,14:28:50,00:00:02
stefano.crapanzano@chu.ulg.ac.be,Netop,Helpdesk général,2021-07-15,14:28:48,00:00:02
stefano.crapanzano@chu.ulg.ac.be,Netop,Helpdesk général,2021-07-15,14:50:06,00:00:02
stefano.crapanzano@chu.ulg.ac.be,erpftp - Netop Remote Control,Helpdesk général,2021-07-15,11:18:49,00:01:31
stefano.crapanzano@chu.ulg.ac.be,erpftp - Netop Remote Control,Helpdesk général,2021-07-15,11:20:33,00:00:05
stefano.crapanzano@chu.ulg.ac.be,erpftp - Netop Remote Control,Helpdesk général,2021-07-15,11:20:45,00:01:59
stefano.crapanzano@chu.ulg.ac.be,Programmation,IT,2021-07-15,11:20:22,00:00:10
stefano.crapanzano@chu.ulg.ac.be,Programmation,IT,2021-07-15,11:20:39,00:00:06
stefano.crapanzano@chu.ulg.ac.be,Programmation,IT,2021-07-15,11:39:28,00:00:04
stefano.crapanzano@chu.ulg.ac.be,Programmation,IT,2021-07-15,11:45:32,00:00:11
stefano.crapanzano@chu.ulg.ac.be,Enregistrer la pièce jointe,Helpdesk général,2021-07-15,11:29:26,00:00:06
stefano.crapanzano@chu.ulg.ac.be,Incident ERP for HealthCare - Xperthis ERP4HC 1.0 - Service d'assistance - Google Chrome,Tâches diverses,2021-07-15,11:30:00,00:00:55
stefano.crapanzano@chu.ulg.ac.be,Incident ERP for HealthCare - Xperthis ERP4HC 1.0 - Service d'assistance - Google Chrome,Tâches diverses,2021-07-15,11:31:04,00:00:03
stefano.crapanzano@chu.ulg.ac.be,Incident ERP for HealthCare - Xperthis ERP4HC 1.0 - Service d'assistance - Google Chrome,Tâches diverses,2021-07-15,11:31:17,00:00:03
stefano.crapanzano@chu.ulg.ac.be,Incident ERP for HealthCare - Xperthis ERP4HC 1.0 - Service d'assistance - Google Chrome,Tâches diverses,2021-07-15,11:31:39,00:00:42
stefano.crapanzano@chu.ulg.ac.be,Incident ERP for HealthCare - Xperthis ERP4HC 1.0 - Service d'assistance - Google Chrome,Tâches diverses,2021-07-15,11:32:29,00:00:15
stefano.crapanzano@chu.ulg.ac.be,Incident ERP for HealthCare - Xperthis ERP4HC 1.0 - Service d'assistance - Google Chrome,Tâches diverses,2021-07-15,11:33:51,00:00:04
stefano.crapanzano@chu.ulg.ac.be,Incident ERP for HealthCare - Xperthis ERP4HC 1.0 - Service d'assistance - Google Chrome,Tâches diverses,2021-07-15,11:34:21,00:00:12
stefano.crapanzano@chu.ulg.ac.be,Ouverture de LX03 Articles bloqués depuis 7 j.docx,Helpdesk général,2021-07-15,11:32:48,00:00:02
stefano.crapanzano@chu.ulg.ac.be,Nouvel onglet - Google Chrome,Tâches diverses,2021-07-15,11:34:02,00:00:03
stefano.crapanzano@chu.ulg.ac.be,myCHU - Google Chrome,Tâches diverses,2021-07-15,11:34:07,00:00:04
stefano.crapanzano@chu.ulg.ac.be,myCHU - Google Chrome,Tâches diverses,2021-07-15,11:34:14,00:00:04
stefano.crapanzano@chu.ulg.ac.be,Articles bloqués - Xperthis ERP4HC 1.0 - Service d'assistance - Google Chrome,Tâches diverses,2021-07-15,11:34:33,00:00:02
stefano.crapanzano@chu.ulg.ac.be,Articles bloqués - Xperthis ERP4HC 1.0 - Service d'assistance - Google Chrome,Tâches diverses,2021-07-15,11:34:39,00:00:03
stefano.crapanzano@chu.ulg.ac.be,Articles bloqués - Xperthis ERP4HC 1.0 - Service d'assistance - Google Chrome,Tâches diverses,2021-07-15,11:55:09,00:00:03
stefano.crapanzano@chu.ulg.ac.be,Articles bloqués - Xperthis ERP4HC 1.0 - Service d'assistance - Google Chrome,Tâches diverses,2021-07-15,14:53:10,00:00:07
stefano.crapanzano@chu.ulg.ac.be,Fwd: Articles bloqués - Mozilla Thunderbird,Helpdesk général,2021-07-15,11:36:12,00:00:40
stefano.crapanzano@chu.ulg.ac.be,Rédaction : Re: Fwd: Articles bloqués - Thunderbird,Helpdesk général,2021-07-15,11:34:49,00:01:20
stefano.crapanzano@chu.ulg.ac.be,Fichier trop volumineux,IT,2021-07-15,11:38:53,00:00:02
stefano.crapanzano@chu.ulg.ac.be,\\ERPFTP.st.chulg\ERP\Log\Iepacs_file_Pdf-Kofaxchu_PHCI_Pdf.log - Notepad++ [Administrator],IT,2021-07-15,11:40:51,00:00:02
stefano.crapanzano@chu.ulg.ac.be,\\ERPFTP.st.chulg\ERP\Log\Iepacs_file_Pdf-Kofaxchu_PHCI_Pdf.log - Notepad++ [Administrator],IT,2021-07-15,11:44:29,00:00:45
stefano.crapanzano@chu.ulg.ac.be,\\ERPFTP.st.chulg\ERP\Log\Iepacs_file_Pdf-Kofaxchu_PHCI_Pdf.log - Notepad++ [Administrator],IT,2021-07-15,11:45:27,00:00:04
stefano.crapanzano@chu.ulg.ac.be,\\ERPFTP.st.chulg\ERP\Log\Iepacs_file_Pdf-Kofaxchu_PHCI_Pdf.log - Notepad++ [Administrator],IT,2021-07-15,11:45:43,00:00:11
stefano.crapanzano@chu.ulg.ac.be,\\ERPFTP.st.chulg\ERP\Log\Iepacs_file_Pdf-Kofaxchu_PHCI_Pdf.log - Notepad++ [Administrator],IT,2021-07-15,11:46:04,00:00:26
stefano.crapanzano@chu.ulg.ac.be,\\ERPFTP.st.chulg\ERP\Log\Iepacs_file_Pdf-Kofaxchu_PHCI_Pdf.log - Notepad++ [Administrator],IT,2021-07-15,11:46:44,00:00:16
stefano.crapanzano@chu.ulg.ac.be,\\ERPFTP.st.chulg\ERP\Log\Iepacs_file_Pdf-Kofaxchu_PHCI_Pdf.log - Notepad++ [Administrator],IT,2021-07-15,11:47:40,00:00:14
stefano.crapanzano@chu.ulg.ac.be,\\ERPFTP.st.chulg\ERP\Log\Iepacs_file_Pdf-Kofaxchu_PHCI_Pdf.log - Notepad++ [Administrator],IT,2021-07-15,11:47:57,00:00:32
stefano.crapanzano@chu.ulg.ac.be,\\ERPFTP.st.chulg\ERP\Log\Iepacs_file_Pdf-Kofaxchu_PHCI_Pdf.log - Notepad++ [Administrator],IT,2021-07-15,11:49:12,00:00:21
stefano.crapanzano@chu.ulg.ac.be,\\ERPFTP.st.chulg\ERP\Log\Iepacs_file_Pdf-Kofaxchu_PHCI_Pdf.log - Notepad++ [Administrator],IT,2021-07-15,11:49:44,00:00:07
stefano.crapanzano@chu.ulg.ac.be,\\ERPFTP.st.chulg\ERP\Log\Iepacs_file_Pdf-Kofaxchu_PHCI_Pdf.log - Notepad++ [Administrator],IT,2021-07-15,11:50:04,00:00:10
stefano.crapanzano@chu.ulg.ac.be,\\ERPFTP.st.chulg\ERP\Log\Iepacs_file_Pdf-Kofaxchu_PHCI_Pdf.log - Notepad++ [Administrator],Helpdesk général,2021-07-15,11:50:23,00:00:25
stefano.crapanzano@chu.ulg.ac.be,\\ERPFTP.st.chulg\ERP\Log\Iepacs_file_Pdf-Kofaxchu_PHCI_Pdf.log - Notepad++ [Administrator],IT,2021-07-15,11:51:18,00:00:04
stefano.crapanzano@chu.ulg.ac.be,\\ERPFTP.st.chulg\ERP\Log\Iepacs_file_Pdf-Kofaxchu_PHCI_Pdf.log - Notepad++ [Administrator],IT,2021-07-15,11:52:23,00:00:08
stefano.crapanzano@chu.ulg.ac.be,\\ERPFTP.st.chulg\ERP\Log\Iepacs_file_Pdf-Kofaxchu_PHCI_Pdf.log - Notepad++ [Administrator],IT,2021-07-15,11:53:42,00:00:02
stefano.crapanzano@chu.ulg.ac.be,\\ERPFTP.st.chulg\ERP\Log\KOFAX-KofaxCaptureSVReleaseProdPhul-PdfXml_SAP203-ApoInput-PdfXml.log - Notepad++ [Administrator],IT,2021-07-15,11:40:09,00:00:37
stefano.crapanzano@chu.ulg.ac.be,console_erpftp - [Racine de la console\Gestion de l’ordinateur (ERPFTP)\Outils système\Planificateur de tâches],IT,2021-07-15,11:41:09,00:00:03
stefano.crapanzano@chu.ulg.ac.be,console_erpftp - [Racine de la console\Gestion de l’ordinateur (ERPFTP)\Outils système\Planificateur de tâches],IT,2021-07-15,11:41:14,00:00:02
stefano.crapanzano@chu.ulg.ac.be,console_erpftp - [Racine de la console\Gestion de l’ordinateur (ERPFTP)\Outils système\Planificateur de tâches],IT,2021-07-15,11:41:23,00:00:02
stefano.crapanzano@chu.ulg.ac.be,Planificateur de tâches,IT,2021-07-15,11:41:19,00:00:03
stefano.crapanzano@chu.ulg.ac.be,console_erpftp - [Racine de la console\Gestion de l’ordinateur (ERPFTP)\Outils système\Planificateur de tâches\Bibliothèque du Planificateur de tâches],IT,2021-07-15,11:41:25,00:00:10
stefano.crapanzano@chu.ulg.ac.be,console_erpftp - [Racine de la console\Gestion de l’ordinateur (ERPFTP)\Outils système\Planificateur de tâches\Bibliothèque du Planificateur de tâches],IT,2021-07-15,11:41:48,00:00:03
stefano.crapanzano@chu.ulg.ac.be,console_erpftp - [Racine de la console\Gestion de l’ordinateur (ERPFTP)\Outils système\Planificateur de tâches\Bibliothèque du Planificateur de tâches],IT,2021-07-15,11:42:01,00:00:49
stefano.crapanzano@chu.ulg.ac.be,Propriétés de KOFAX-KofaxCaptureSVReleaseProdPhul-PdfXml_SAP203-ApoInput-PdfXml (erpftp),IT,2021-07-15,11:41:36,00:00:12
stefano.crapanzano@chu.ulg.ac.be,Propriétés de KOFAX-KofaxCaptureSVReleaseProdZhul-PdfXml_SAP203-WfInput-PdfXml (erpftp),IT,2021-07-15,11:41:51,00:00:09
stefano.crapanzano@chu.ulg.ac.be,\\filesrv01.st.chulg\oazis_prod\APPL_PROD\SOURCES\BAT\ERP\KOFAX-KofaxCaptureSVReleaseProdZhciPrci-PdfXml_SAP203ZhciPrci-WfInput-PdfXml.bat - Notepad++ [Administrator],IT,2021-07-15,11:43:32,00:00:56
stefano.crapanzano@chu.ulg.ac.be,Gestionnaire de Sites,Helpdesk général,2021-07-15,11:47:04,00:00:03
stefano.crapanzano@chu.ulg.ac.be,Iepacs - sftp://kofaxchu@iepacs.chu.ulg.ac.be - FileZilla,Helpdesk général,2021-07-15,11:47:10,00:00:30
stefano.crapanzano@chu.ulg.ac.be,Iepacs - sftp://kofaxchu@iepacs.chu.ulg.ac.be - FileZilla,Helpdesk général,2021-07-15,11:48:30,00:00:42
stefano.crapanzano@chu.ulg.ac.be,Iepacs - sftp://kofaxchu@iepacs.chu.ulg.ac.be - FileZilla,Helpdesk général,2021-07-15,11:49:52,00:00:12
stefano.crapanzano@chu.ulg.ac.be,Iepacs - sftp://kofaxchu@iepacs.chu.ulg.ac.be - FileZilla,Helpdesk général,2021-07-15,11:50:16,00:00:07
stefano.crapanzano@chu.ulg.ac.be,*\\ERPFTP.st.chulg\ERP\Log\Iepacs_file_Pdf-Kofaxchu_PHCI_Pdf.log - Notepad++ [Administrator],IT,2021-07-15,11:47:54,00:00:02
stefano.crapanzano@chu.ulg.ac.be,Rechercher,IT,2021-07-15,11:49:34,00:00:09
stefano.crapanzano@chu.ulg.ac.be,Rédaction : Fwd: ERP4HC2.0 CHU: SSP découverte pour ZORGI - Thunderbird,Helpdesk général,2021-07-15,13:39:10,00:00:31
stefano.crapanzano@chu.ulg.ac.be,192.168.197.180 - Netop Remote Control,Helpdesk général,2021-07-15,14:28:54,00:07:08
stefano.crapanzano@chu.ulg.ac.be,192.168.197.180 - Netop Remote Control,Helpdesk général,2021-07-15,14:36:15,00:00:10
stefano.crapanzano@chu.ulg.ac.be,192.168.197.180 - Netop Remote Control,Helpdesk général,2021-07-15,14:36:35,00:00:27
stefano.crapanzano@chu.ulg.ac.be,192.168.197.180 - Netop Remote Control,Helpdesk général,2021-07-15,14:37:45,00:00:16
stefano.crapanzano@chu.ulg.ac.be,192.168.197.180 - Netop Remote Control,Helpdesk général,2021-07-15,14:38:13,00:00:20
stefano.crapanzano@chu.ulg.ac.be,192.168.197.180 - Netop Remote Control,Helpdesk général,2021-07-15,14:38:46,00:00:08
stefano.crapanzano@chu.ulg.ac.be,192.168.197.180 - Netop Remote Control,Helpdesk général,2021-07-15,14:39:02,00:00:05
stefano.crapanzano@chu.ulg.ac.be,192.168.197.180 - Netop Remote Control,Helpdesk général,2021-07-15,14:39:15,00:10:01
stefano.crapanzano@chu.ulg.ac.be,192.168.197.180 - Netop Remote Control,Helpdesk général,2021-07-15,14:49:30,00:00:36
stefano.crapanzano@chu.ulg.ac.be,Question ERP for HealthCare - Xperthis ERP4HC 1.0 - Service d'assistance - Google Chrome,Tâches diverses,2021-07-15,14:53:23,00:00:31
stefano.crapanzano@chu.ulg.ac.be,Question ERP for HealthCare - Xperthis ERP4HC 1.0 - Service d'assistance - Google Chrome,Tâches diverses,2021-07-15,14:54:13,00:00:04
stefano.crapanzano@chu.ulg.ac.be,Question ERP for HealthCare - Xperthis ERP4HC 1.0 - Service d'assistance - Google Chrome,Tâches diverses,2021-07-15,14:54:28,00:00:04
stefano.crapanzano@chu.ulg.ac.be,Question ERP for HealthCare - Xperthis ERP4HC 1.0 - Service d'assistance - Google Chrome,Tâches diverses,2021-07-15,14:54:36,00:00:06
stefano.crapanzano@chu.ulg.ac.be,Question ERP for HealthCare - Xperthis ERP4HC 1.0 - Service d'assistance - Google Chrome,Tâches diverses,2021-07-15,14:54:56,00:00:03
stefano.crapanzano@chu.ulg.ac.be,Question ERP for HealthCare - Xperthis ERP4HC 1.0 - Service d'assistance - Google Chrome,Tâches diverses,2021-07-15,14:55:25,00:00:08
stefano.crapanzano@chu.ulg.ac.be,Question ERP for HealthCare - Xperthis ERP4HC 1.0 - Service d'assistance - Google Chrome,Tâches diverses,2021-07-15,14:55:38,00:00:03
stefano.crapanzano@chu.ulg.ac.be,Question ERP for HealthCare - Xperthis ERP4HC 1.0 - Service d'assistance - Google Chrome,Tâches diverses,2021-07-15,14:55:44,00:00:10
stefano.crapanzano@chu.ulg.ac.be,Question ERP for HealthCare - Xperthis ERP4HC 1.0 - Service d'assistance - Google Chrome,Tâches diverses,2021-07-15,14:55:59,00:00:06
stefano.crapanzano@chu.ulg.ac.be,Question ERP for HealthCare - Xperthis ERP4HC 1.0 - Service d'assistance - Google Chrome,Tâches diverses,2021-07-15,14:56:09,00:00:58
stefano.crapanzano@chu.ulg.ac.be,Question ERP for HealthCare - Xperthis ERP4HC 1.0 - Service d'assistance - Google Chrome,Tâches diverses,2021-07-15,14:57:16,00:00:10
stefano.crapanzano@chu.ulg.ac.be,Panier non visible dans l'historique des paniers - Xperthis ERP4HC 1.0 - Service d'assistance - Google Chrome,Tâches diverses,2021-07-15,14:57:27,00:00:05
stefano.crapanzano@chu.ulg.ac.be,Rédaction : SSP - Panier non visible dans l'historique des paniers - Thunderbird,Helpdesk général,2021-07-15,14:57:55,00:00:03
stefano.crapanzano@chu.ulg.ac.be,Rédaction : SDERP-18928 - SSP - Panier non visible dans l'historique des paniers - Thunderbird,Helpdesk général,2021-07-15,14:57:59,00:00:48
stefano.crapanzano@chu.ulg.ac.be,Rédaction : Connexion à TE - Thunderbird,Helpdesk général,2021-07-15,16:42:36,00:00:02
stefano.crapanzano@chu.ulg.ac.be,Rédaction : Connexion à TE5 ou X01 - Thunderbird,Helpdesk général,2021-07-15,16:42:40,00:04:16
stefano.crapanzano@chu.ulg.ac.be,Brouillons - erp.sai@chuliege.be - Mozilla Thunderbird,Helpdesk général,2021-07-15,16:47:06,00:00:12
