Email,Description,Project,Start date,Start time,Duration
stefano.crapanzano@chu.ulg.ac.be,Administrateur : C:\Windows\system32\cmd.exe - python  main.py,IT,2021-07-16,08:32:25,00:00:02
stefano.crapanzano@chu.ulg.ac.be,Courrier entrant - erp.sai@chuliege.be - Mozilla Thunderbird,IT,2021-07-16,08:32:28,00:00:07
stefano.crapanzano@chu.ulg.ac.be,Courrier entrant - erp.sai@chuliege.be - Mozilla Thunderbird,Helpdesk général,2021-07-16,08:33:01,00:23:26
stefano.crapanzano@chu.ulg.ac.be,Courrier entrant - erp.sai@chuliege.be - Mozilla Thunderbird,Helpdesk général,2021-07-16,08:58:33,00:01:14
stefano.crapanzano@chu.ulg.ac.be,Courrier entrant - erp.sai@chuliege.be - Mozilla Thunderbird,Helpdesk général,2021-07-16,09:00:02,00:00:43
stefano.crapanzano@chu.ulg.ac.be,Courrier entrant - erp.sai@chuliege.be - Mozilla Thunderbird,Helpdesk général,2021-07-16,09:00:48,00:23:33
stefano.crapanzano@chu.ulg.ac.be,Courrier entrant - erp.sai@chuliege.be - Mozilla Thunderbird,Helpdesk général,2021-07-16,09:24:24,00:00:04
stefano.crapanzano@chu.ulg.ac.be,Courrier entrant - erp.sai@chuliege.be - Mozilla Thunderbird,Helpdesk général,2021-07-16,09:24:55,00:42:31
stefano.crapanzano@chu.ulg.ac.be,Courrier entrant - erp.sai@chuliege.be - Mozilla Thunderbird,Helpdesk général,2021-07-16,10:07:48,00:00:02
stefano.crapanzano@chu.ulg.ac.be,Courrier entrant - erp.sai@chuliege.be - Mozilla Thunderbird,Helpdesk général,2021-07-16,10:12:57,00:04:26
stefano.crapanzano@chu.ulg.ac.be,Courrier entrant - erp.sai@chuliege.be - Mozilla Thunderbird,Helpdesk général,2021-07-16,15:58:28,00:01:44
stefano.crapanzano@chu.ulg.ac.be,Courrier entrant - erp.sai@chuliege.be - Mozilla Thunderbird,Helpdesk général,2021-07-16,16:00:21,00:00:27
stefano.crapanzano@chu.ulg.ac.be,Courrier entrant - erp.sai@chuliege.be - Mozilla Thunderbird,Helpdesk général,2021-07-16,16:17:05,00:04:37
stefano.crapanzano@chu.ulg.ac.be,Courrier entrant - erp.sai@chuliege.be - Mozilla Thunderbird,Helpdesk général,2021-07-16,16:21:46,00:01:49
stefano.crapanzano@chu.ulg.ac.be,Courrier entrant - erp.sai@chuliege.be - Mozilla Thunderbird,Helpdesk général,2021-07-16,16:57:06,00:00:21
stefano.crapanzano@chu.ulg.ac.be,Courrier entrant - erp.sai@chuliege.be - Mozilla Thunderbird,Helpdesk général,2021-07-16,16:57:44,00:00:03
stefano.crapanzano@chu.ulg.ac.be,Courrier entrant - stefano.crapanzano@chuliege.be - Mozilla Thunderbird,Helpdesk général,2021-07-16,08:32:35,00:00:26
stefano.crapanzano@chu.ulg.ac.be,Courrier entrant - stefano.crapanzano@chuliege.be - Mozilla Thunderbird,Helpdesk général,2021-07-16,08:59:48,00:00:06
stefano.crapanzano@chu.ulg.ac.be,Courrier entrant - stefano.crapanzano@chuliege.be - Mozilla Thunderbird,Helpdesk général,2021-07-16,09:00:00,00:00:02
stefano.crapanzano@chu.ulg.ac.be,Courrier entrant - stefano.crapanzano@chuliege.be - Mozilla Thunderbird,Helpdesk général,2021-07-16,09:24:21,00:00:03
stefano.crapanzano@chu.ulg.ac.be,Courrier entrant - stefano.crapanzano@chuliege.be - Mozilla Thunderbird,Helpdesk général,2021-07-16,10:07:51,00:00:07
stefano.crapanzano@chu.ulg.ac.be,Courrier entrant - stefano.crapanzano@chuliege.be - Mozilla Thunderbird,Helpdesk général,2021-07-16,16:00:13,00:00:08
stefano.crapanzano@chu.ulg.ac.be,Courrier entrant - stefano.crapanzano@chuliege.be - Mozilla Thunderbird,Helpdesk général,2021-07-16,16:21:42,00:00:03
stefano.crapanzano@chu.ulg.ac.be,Courrier entrant - stefano.crapanzano@chuliege.be - Mozilla Thunderbird,Helpdesk général,2021-07-16,16:57:48,00:00:39
stefano.crapanzano@chu.ulg.ac.be,Courrier entrant - stefano.crapanzano@chuliege.be - Mozilla Thunderbird,Helpdesk général,2021-07-16,16:58:34,00:00:04
stefano.crapanzano@chu.ulg.ac.be,Envoyés - erp.sai@chuliege.be - Mozilla Thunderbird,Helpdesk général,2021-07-16,08:56:27,00:00:08
stefano.crapanzano@chu.ulg.ac.be,Envoyés - erp.sai@chuliege.be - Mozilla Thunderbird,Helpdesk général,2021-07-16,08:58:30,00:00:03
stefano.crapanzano@chu.ulg.ac.be,Navigation système de fichier,IT,2021-07-16,09:24:39,00:00:02
stefano.crapanzano@chu.ulg.ac.be,Navigation système de fichier,IT,2021-07-16,10:07:59,00:00:04
stefano.crapanzano@chu.ulg.ac.be,Navigation système de fichier,IT,2021-07-16,10:18:47,00:01:54
stefano.crapanzano@chu.ulg.ac.be,Navigation système de fichier,IT,2021-07-16,10:23:34,03:27:40
stefano.crapanzano@chu.ulg.ac.be,Navigation système de fichier,IT,2021-07-16,13:52:10,01:40:04
stefano.crapanzano@chu.ulg.ac.be,Navigation système de fichier,IT,2021-07-16,15:32:22,00:00:03
stefano.crapanzano@chu.ulg.ac.be,Navigation système de fichier,IT,2021-07-16,15:33:19,00:01:20
stefano.crapanzano@chu.ulg.ac.be,Navigation système de fichier,IT,2021-07-16,15:35:01,00:00:22
stefano.crapanzano@chu.ulg.ac.be,Navigation système de fichier,IT,2021-07-16,15:37:06,00:00:11
stefano.crapanzano@chu.ulg.ac.be,Navigation système de fichier,IT,2021-07-16,15:39:35,00:00:03
stefano.crapanzano@chu.ulg.ac.be,Navigation système de fichier,IT,2021-07-16,15:41:18,00:00:03
stefano.crapanzano@chu.ulg.ac.be,Navigation système de fichier,IT,2021-07-16,15:45:59,00:00:12
stefano.crapanzano@chu.ulg.ac.be,Navigation système de fichier,IT,2021-07-16,15:46:15,00:00:06
stefano.crapanzano@chu.ulg.ac.be,Navigation système de fichier,IT,2021-07-16,15:47:49,00:00:05
stefano.crapanzano@chu.ulg.ac.be,Navigation système de fichier,IT,2021-07-16,15:49:49,00:00:05
stefano.crapanzano@chu.ulg.ac.be,Navigation système de fichier,IT,2021-07-16,16:03:46,00:00:03
stefano.crapanzano@chu.ulg.ac.be,Navigation système de fichier,IT,2021-07-16,16:57:39,00:00:03
stefano.crapanzano@chu.ulg.ac.be,Navigation système de fichier,IT,2021-07-16,16:58:40,00:00:05
stefano.crapanzano@chu.ulg.ac.be,Navigation système de fichier,IT,2021-07-16,16:58:55,00:00:06
stefano.crapanzano@chu.ulg.ac.be,Navigation système de fichier,IT,2021-07-16,17:00:08,00:00:03
stefano.crapanzano@chu.ulg.ac.be,P203 CHU Commande 4000196944 pas réceptionnée dans SAP alors qu'elle est réceptionnée dans GERA - Xperthis ERP4HC 1.0 - Service d'assistance - Google Chrome,Tâches diverses,2021-07-16,08:56:37,00:00:06
stefano.crapanzano@chu.ulg.ac.be,Demandes - Service d'assistance - Google Chrome,Tâches diverses,2021-07-16,08:56:43,00:00:02
stefano.crapanzano@chu.ulg.ac.be,Demandes - Service d'assistance - Google Chrome,Tâches diverses,2021-07-16,16:15:14,00:00:14
stefano.crapanzano@chu.ulg.ac.be,ZORGI Help Center - Service d'assistance - Google Chrome,Tâches diverses,2021-07-16,08:56:45,00:00:02
stefano.crapanzano@chu.ulg.ac.be,ZORGI Help Center - Service d'assistance - Google Chrome,Tâches diverses,2021-07-16,16:23:42,00:00:02
stefano.crapanzano@chu.ulg.ac.be,Question ERP for HealthCare - Xperthis ERP4HC 1.0 - Service d'assistance - Google Chrome,Tâches diverses,2021-07-16,08:56:48,00:01:35
stefano.crapanzano@chu.ulg.ac.be,Compte pour se connecter à X01 et TE5 le 26/7 - Xperthis ERP4HC 1.0 - Service d'assistance - Google Chrome,Tâches diverses,2021-07-16,08:58:24,00:00:04
stefano.crapanzano@chu.ulg.ac.be,Compte pour se connecter à X01 et TE5 le 26/7 - Xperthis ERP4HC 1.0 - Service d'assistance - Google Chrome,Tâches diverses,2021-07-16,08:59:55,00:00:03
stefano.crapanzano@chu.ulg.ac.be,Compte pour se connecter à X01 et TE5 le 26/7 - Xperthis ERP4HC 1.0 - Service d'assistance - Google Chrome,Tâches diverses,2021-07-16,09:24:29,00:00:06
stefano.crapanzano@chu.ulg.ac.be,Compte pour se connecter à X01 et TE5 le 26/7 - Xperthis ERP4HC 1.0 - Service d'assistance - Google Chrome,Tâches diverses,2021-07-16,09:24:45,00:00:02
stefano.crapanzano@chu.ulg.ac.be,Compte pour se connecter à X01 et TE5 le 26/7 - Xperthis ERP4HC 1.0 - Service d'assistance - Google Chrome,Tâches diverses,2021-07-16,09:24:52,00:00:02
stefano.crapanzano@chu.ulg.ac.be,Compte pour se connecter à X01 et TE5 le 26/7 - Xperthis ERP4HC 1.0 - Service d'assistance - Google Chrome,Tâches diverses,2021-07-16,10:07:28,00:00:19
stefano.crapanzano@chu.ulg.ac.be,Compte pour se connecter à X01 et TE5 le 26/7 - Xperthis ERP4HC 1.0 - Service d'assistance - Google Chrome,Tâches diverses,2021-07-16,10:12:22,00:00:34
stefano.crapanzano@chu.ulg.ac.be,Compte pour se connecter à X01 et TE5 le 26/7 - Xperthis ERP4HC 1.0 - Service d'assistance - Google Chrome,Tâches diverses,2021-07-16,10:17:23,00:01:23
stefano.crapanzano@chu.ulg.ac.be,Compte pour se connecter à X01 et TE5 le 26/7 - Xperthis ERP4HC 1.0 - Service d'assistance - Google Chrome,Tâches diverses,2021-07-16,10:20:41,00:00:02
stefano.crapanzano@chu.ulg.ac.be,Rédaction : Connexion à TE5 ou X01 - Thunderbird,Tâches diverses,2021-07-16,09:24:36,00:00:02
stefano.crapanzano@chu.ulg.ac.be,Rédaction : (pas de sujet) - Thunderbird,Helpdesk général,2021-07-16,09:24:42,00:00:02
stefano.crapanzano@chu.ulg.ac.be,Rédaction : (pas de sujet) - Thunderbird,Tâches diverses,2021-07-16,09:24:48,00:00:03
stefano.crapanzano@chu.ulg.ac.be,Lecture documentation,Tâches diverses,2021-07-16,10:08:04,00:04:17
stefano.crapanzano@chu.ulg.ac.be,SAM-DB : Installation SAP GUI 760 - Google Chrome,Tâches diverses,2021-07-16,10:20:52,00:00:06
stefano.crapanzano@chu.ulg.ac.be,Identification - Google Chrome,Tâches diverses,2021-07-16,10:20:45,00:00:07
stefano.crapanzano@chu.ulg.ac.be,SAM-DB : Disposer de ressources pour le changement enironnement ERP4HC 2.0 - Google Chrome,Tâches diverses,2021-07-16,10:20:58,00:02:36
stefano.crapanzano@chu.ulg.ac.be,SAP Logon 750,Exploration SAP,2021-07-16,15:32:14,00:00:02
stefano.crapanzano@chu.ulg.ac.be,SAP Logon 750,Exploration SAP,2021-07-16,15:32:20,00:00:02
stefano.crapanzano@chu.ulg.ac.be,SAP Logon 750,Exploration SAP,2021-07-16,15:32:25,00:00:06
stefano.crapanzano@chu.ulg.ac.be,SAP Logon 750,Exploration SAP,2021-07-16,15:32:33,00:00:02
stefano.crapanzano@chu.ulg.ac.be,SAP Logon 750,Exploration SAP,2021-07-16,15:32:39,00:00:03
stefano.crapanzano@chu.ulg.ac.be,SAP Logon 750,Exploration SAP,2021-07-16,15:34:40,00:00:04
stefano.crapanzano@chu.ulg.ac.be,SAP Logon 750,Exploration SAP,2021-07-16,15:34:49,00:00:11
stefano.crapanzano@chu.ulg.ac.be,SAP Logon 750,Exploration SAP,2021-07-16,15:39:38,00:00:07
stefano.crapanzano@chu.ulg.ac.be,SAP Logon 750,Exploration SAP,2021-07-16,15:39:48,00:00:08
stefano.crapanzano@chu.ulg.ac.be,SAP Logon 750,Exploration SAP,2021-07-16,15:46:13,00:00:02
stefano.crapanzano@chu.ulg.ac.be,SAP Logon 750,Exploration SAP,2021-07-16,15:46:23,00:00:04
stefano.crapanzano@chu.ulg.ac.be,SAP Logon 750,Exploration SAP,2021-07-16,15:46:30,00:00:04
stefano.crapanzano@chu.ulg.ac.be,SAP Logon 750,Exploration SAP,2021-07-16,15:46:38,00:01:09
stefano.crapanzano@chu.ulg.ac.be,SAP,Exploration SAP,2021-07-16,15:32:16,00:00:03
stefano.crapanzano@chu.ulg.ac.be,SAP,Exploration SAP,2021-07-16,15:32:31,00:00:02
stefano.crapanzano@chu.ulg.ac.be,SAP,Exploration SAP,2021-07-16,15:32:36,00:00:03
stefano.crapanzano@chu.ulg.ac.be,SAP,Exploration SAP,2021-07-16,15:34:45,00:00:03
stefano.crapanzano@chu.ulg.ac.be,SAP,Exploration SAP,2021-07-16,15:39:45,00:00:02
stefano.crapanzano@chu.ulg.ac.be,SAP,Exploration SAP,2021-07-16,15:46:27,00:00:02
stefano.crapanzano@chu.ulg.ac.be,SAP,Exploration SAP,2021-07-16,15:46:35,00:00:03
stefano.crapanzano@chu.ulg.ac.be,Netop Invité,Helpdesk général,2021-07-16,15:32:43,00:00:19
stefano.crapanzano@chu.ulg.ac.be,Netop Invité,Helpdesk général,2021-07-16,15:33:17,00:00:02
stefano.crapanzano@chu.ulg.ac.be,Netop,Helpdesk général,2021-07-16,15:33:02,00:00:14
stefano.crapanzano@chu.ulg.ac.be,TeamViewer,Helpdesk général,2021-07-16,16:58:28,00:00:06
stefano.crapanzano@chu.ulg.ac.be,SAI-W-0054 - TeamViewer - Licence gratuite (seulement pour l'utilisation privée),Helpdesk général,2021-07-16,15:50:07,00:08:19
stefano.crapanzano@chu.ulg.ac.be,Propriétés pour entrée de système,Exploration SAP,2021-07-16,15:39:56,00:00:07
stefano.crapanzano@chu.ulg.ac.be,Greenshot capture form,Helpdesk général,2021-07-16,15:49:55,00:00:12
stefano.crapanzano@chu.ulg.ac.be,P203 CHU Réception d'une commande dans Gera  mais pas dans SAP - Xperthis ERP4HC 1.0 - Service d'assistance - Google Chrome,Tâches diverses,2021-07-16,16:00:50,00:02:56
stefano.crapanzano@chu.ulg.ac.be,P203 CHU Réception d'une commande dans Gera  mais pas dans SAP - Xperthis ERP4HC 1.0 - Service d'assistance - Google Chrome,Tâches diverses,2021-07-16,16:14:53,00:00:20
stefano.crapanzano@chu.ulg.ac.be,P203 CHU Connexion à ERP4HC 2.0 : IP 153.89.126.135 non accessible + connexions SAPLOGON - Xperthis ERP4HC 1.0 - Service d'assistance - Google Chrome,Tâches diverses,2021-07-16,16:15:28,00:01:36
stefano.crapanzano@chu.ulg.ac.be,P203 CHU Connexion à ERP4HC 2.0 : IP 153.89.126.135 non accessible + connexions SAPLOGON - Xperthis ERP4HC 1.0 - Service d'assistance - Google Chrome,Tâches diverses,2021-07-16,16:23:35,00:00:07
stefano.crapanzano@chu.ulg.ac.be,Incident ERP for HealthCare - Xperthis ERP4HC 1.0 - Service d'assistance - Google Chrome,Tâches diverses,2021-07-16,16:23:45,00:01:38
stefano.crapanzano@chu.ulg.ac.be,Incident ERP for HealthCare - Xperthis ERP4HC 1.0 - Service d'assistance - Google Chrome,Tâches diverses,2021-07-16,16:25:25,00:00:06
stefano.crapanzano@chu.ulg.ac.be,Incident ERP for HealthCare - Xperthis ERP4HC 1.0 - Service d'assistance - Google Chrome,Tâches diverses,2021-07-16,16:25:36,00:03:37
stefano.crapanzano@chu.ulg.ac.be,P203 CHU Problème de chargement de factures Edi - Xperthis ERP4HC 1.0 - Service d'assistance - Google Chrome,Tâches diverses,2021-07-16,16:25:23,00:00:02
stefano.crapanzano@chu.ulg.ac.be,Ouvrir,Tâches diverses,2021-07-16,16:25:31,00:00:04
stefano.crapanzano@chu.ulg.ac.be,Connexion à TE5 et X01 impossible en VPN - message d'erreur identique au ticket SDERP-18907 - Xperthis ERP4HC 1.0 - Service d'assistance - Google Chrome,Tâches diverses,2021-07-16,16:29:13,00:27:52
stefano.crapanzano@chu.ulg.ac.be,Connexion à TE5 et X01 impossible en VPN - message d'erreur identique au ticket SDERP-18907 - Xperthis ERP4HC 1.0 - Service d'assistance - Google Chrome,Tâches diverses,2021-07-16,16:57:36,00:00:02
stefano.crapanzano@chu.ulg.ac.be,Connexion à TE5 et X01 impossible en VPN - message d'erreur identique au ticket SDERP-18907 - Xperthis ERP4HC 1.0 - Service d'assistance - Google Chrome,Tâches diverses,2021-07-16,16:57:42,00:00:02
stefano.crapanzano@chu.ulg.ac.be,P203 CHU Compte pour se connecter à X01 et TE5 le 26/7 - Xperthis ERP4HC 1.0 - Service d'assistance - Google Chrome,Tâches diverses,2021-07-16,16:57:29,00:00:07
stefano.crapanzano@chu.ulg.ac.be,Ouverture -Outlook,Helpdesk général,2021-07-16,16:58:45,00:00:03
stefano.crapanzano@chu.ulg.ac.be,Boîte de Réception - Zimbra - Stefano Crapanzano - Outlook,Helpdesk général,2021-07-16,16:58:49,00:00:03
stefano.crapanzano@chu.ulg.ac.be,Boîte de Réception - Zimbra - Stefano Crapanzano - Outlook,Helpdesk général,2021-07-16,17:00:12,00:00:04
stefano.crapanzano@chu.ulg.ac.be,Boîte de Réception - Zimbra - Stefano Crapanzano - Outlook,Helpdesk général,2021-07-16,17:01:17,00:00:10
stefano.crapanzano@chu.ulg.ac.be,Zimbra État de l’opération Envoyer/Recevoir,Helpdesk général,2021-07-16,16:58:53,00:00:02
stefano.crapanzano@chu.ulg.ac.be,Programmation,IT,2021-07-16,16:59:02,00:01:06
stefano.crapanzano@chu.ulg.ac.be,Programmation,IT,2021-07-16,17:01:27,00:00:05
stefano.crapanzano@chu.ulg.ac.be,Assistant Absence du bureau,Helpdesk général,2021-07-16,17:00:17,00:01:00
