Email,Description,Project,Start date,Start time,Duration
stefano.crapanzano@chu.ulg.ac.be,Administrateur : C:\Windows\system32\cmd.exe - python  main.py,IT,2021-01-27,08:27:25,00:00:02
stefano.crapanzano@chu.ulg.ac.be,Boîte de réception - erp.sai@chuliege.be - Outlook,Helpdesk général,2021-01-27,08:27:31,00:00:03
stefano.crapanzano@chu.ulg.ac.be,Boîte de réception - erp.sai@chuliege.be - Outlook,Helpdesk général,2021-01-27,08:52:22,00:00:44
stefano.crapanzano@chu.ulg.ac.be,Boîte de réception - erp.sai@chuliege.be - Outlook,Helpdesk général,2021-01-27,09:37:32,00:00:07
stefano.crapanzano@chu.ulg.ac.be,Boîte de réception - erp.sai@chuliege.be - Outlook,Helpdesk général,2021-01-27,10:53:20,00:00:02
stefano.crapanzano@chu.ulg.ac.be,Boîte de réception - erp.sai@chuliege.be - Outlook,Helpdesk général,2021-01-27,11:57:58,00:04:59
stefano.crapanzano@chu.ulg.ac.be,Boîte de réception - erp.sai@chuliege.be - Outlook,Helpdesk général,2021-01-27,12:26:01,00:00:02
stefano.crapanzano@chu.ulg.ac.be,Boîte de Réception - Zimbra - Stefano Crapanzano - Outlook,Helpdesk général,2021-01-27,08:27:29,00:00:02
stefano.crapanzano@chu.ulg.ac.be,Boîte de Réception - Zimbra - Stefano Crapanzano - Outlook,Helpdesk général,2021-01-27,09:33:14,00:00:04
stefano.crapanzano@chu.ulg.ac.be,Boîte de Réception - Zimbra - Stefano Crapanzano - Outlook,Helpdesk général,2021-01-27,09:37:29,00:00:02
stefano.crapanzano@chu.ulg.ac.be,Boîte de Réception - Zimbra - Stefano Crapanzano - Outlook,Helpdesk général,2021-01-27,10:09:25,00:00:02
stefano.crapanzano@chu.ulg.ac.be,Boîte de Réception - Zimbra - Stefano Crapanzano - Outlook,Helpdesk général,2021-01-27,10:50:36,00:00:02
stefano.crapanzano@chu.ulg.ac.be,Boîte de Réception - Zimbra - Stefano Crapanzano - Outlook,Helpdesk général,2021-01-27,10:53:22,00:00:03
stefano.crapanzano@chu.ulg.ac.be,Boîte de Réception - Zimbra - Stefano Crapanzano - Outlook,Helpdesk général,2021-01-27,11:57:56,00:00:02
stefano.crapanzano@chu.ulg.ac.be,Sent - erp.sai@chuliege.be - Outlook,Helpdesk général,2021-01-27,08:27:35,00:00:03
stefano.crapanzano@chu.ulg.ac.be,Sent - erp.sai@chuliege.be - Outlook,Helpdesk général,2021-01-27,08:52:18,00:00:03
stefano.crapanzano@chu.ulg.ac.be,Programmation,IT,2021-01-27,08:27:39,00:07:10
stefano.crapanzano@chu.ulg.ac.be,Programmation,IT,2021-01-27,08:34:55,00:00:24
stefano.crapanzano@chu.ulg.ac.be,Programmation,IT,2021-01-27,08:37:10,00:00:08
stefano.crapanzano@chu.ulg.ac.be,Programmation,IT,2021-01-27,08:38:03,00:00:02
stefano.crapanzano@chu.ulg.ac.be,Programmation,IT,2021-01-27,08:46:47,00:00:03
stefano.crapanzano@chu.ulg.ac.be,Programmation,IT,2021-01-27,08:48:31,00:02:49
stefano.crapanzano@chu.ulg.ac.be,Programmation,IT,2021-01-27,08:51:24,00:00:02
stefano.crapanzano@chu.ulg.ac.be,Programmation,IT,2021-01-27,08:53:06,00:00:04
stefano.crapanzano@chu.ulg.ac.be,Programmation,IT,2021-01-27,08:53:16,00:00:04
stefano.crapanzano@chu.ulg.ac.be,Programmation,IT,2021-01-27,08:53:35,00:00:06
stefano.crapanzano@chu.ulg.ac.be,Programmation,IT,2021-01-27,08:54:22,00:00:48
stefano.crapanzano@chu.ulg.ac.be,Programmation,IT,2021-01-27,08:55:44,00:00:34
stefano.crapanzano@chu.ulg.ac.be,Programmation,IT,2021-01-27,08:56:42,00:00:06
stefano.crapanzano@chu.ulg.ac.be,Programmation,IT,2021-01-27,08:58:29,00:00:07
stefano.crapanzano@chu.ulg.ac.be,Programmation,IT,2021-01-27,08:59:15,00:00:37
stefano.crapanzano@chu.ulg.ac.be,Programmation,IT,2021-01-27,09:00:18,00:00:08
stefano.crapanzano@chu.ulg.ac.be,Programmation,IT,2021-01-27,09:00:29,00:00:26
stefano.crapanzano@chu.ulg.ac.be,Programmation,IT,2021-01-27,09:01:03,00:00:05
stefano.crapanzano@chu.ulg.ac.be,Programmation,IT,2021-01-27,09:01:14,00:00:45
stefano.crapanzano@chu.ulg.ac.be,Programmation,IT,2021-01-27,09:02:08,00:03:22
stefano.crapanzano@chu.ulg.ac.be,Programmation,IT,2021-01-27,09:06:18,00:05:04
stefano.crapanzano@chu.ulg.ac.be,Programmation,IT,2021-01-27,09:12:00,00:00:44
stefano.crapanzano@chu.ulg.ac.be,Programmation,IT,2021-01-27,09:16:42,00:00:45
stefano.crapanzano@chu.ulg.ac.be,Programmation,IT,2021-01-27,09:17:28,00:02:49
stefano.crapanzano@chu.ulg.ac.be,Programmation,IT,2021-01-27,09:20:27,00:00:13
stefano.crapanzano@chu.ulg.ac.be,Programmation,IT,2021-01-27,09:20:53,00:00:53
stefano.crapanzano@chu.ulg.ac.be,Programmation,IT,2021-01-27,09:22:26,00:06:28
stefano.crapanzano@chu.ulg.ac.be,Programmation,IT,2021-01-27,09:30:15,00:00:46
stefano.crapanzano@chu.ulg.ac.be,Programmation,IT,2021-01-27,09:33:19,00:00:14
stefano.crapanzano@chu.ulg.ac.be,Programmation,IT,2021-01-27,09:33:40,00:00:35
stefano.crapanzano@chu.ulg.ac.be,Programmation,IT,2021-01-27,09:35:00,00:00:27
stefano.crapanzano@chu.ulg.ac.be,Programmation,IT,2021-01-27,09:36:09,00:00:47
stefano.crapanzano@chu.ulg.ac.be,Programmation,IT,2021-01-27,09:36:58,00:00:30
stefano.crapanzano@chu.ulg.ac.be,Programmation,IT,2021-01-27,09:37:44,00:02:36
stefano.crapanzano@chu.ulg.ac.be,Programmation,IT,2021-01-27,09:40:28,00:00:29
stefano.crapanzano@chu.ulg.ac.be,Programmation,IT,2021-01-27,09:42:18,00:00:18
stefano.crapanzano@chu.ulg.ac.be,Programmation,IT,2021-01-27,09:42:56,00:01:23
stefano.crapanzano@chu.ulg.ac.be,Programmation,IT,2021-01-27,09:44:59,00:00:58
stefano.crapanzano@chu.ulg.ac.be,Programmation,IT,2021-01-27,09:46:11,00:00:22
stefano.crapanzano@chu.ulg.ac.be,Programmation,IT,2021-01-27,09:47:11,00:00:04
stefano.crapanzano@chu.ulg.ac.be,Programmation,IT,2021-01-27,09:47:17,00:00:04
stefano.crapanzano@chu.ulg.ac.be,Programmation,IT,2021-01-27,09:49:14,00:01:59
stefano.crapanzano@chu.ulg.ac.be,Programmation,IT,2021-01-27,10:04:20,00:00:05
stefano.crapanzano@chu.ulg.ac.be,Programmation,IT,2021-01-27,10:04:56,00:00:30
stefano.crapanzano@chu.ulg.ac.be,Programmation,IT,2021-01-27,10:05:29,00:01:21
stefano.crapanzano@chu.ulg.ac.be,Programmation,IT,2021-01-27,10:07:01,00:00:48
stefano.crapanzano@chu.ulg.ac.be,Programmation,IT,2021-01-27,10:08:03,00:00:03
stefano.crapanzano@chu.ulg.ac.be,Programmation,IT,2021-01-27,10:08:10,00:00:21
stefano.crapanzano@chu.ulg.ac.be,Programmation,IT,2021-01-27,10:08:35,00:00:42
stefano.crapanzano@chu.ulg.ac.be,Programmation,IT,2021-01-27,10:09:27,00:01:59
stefano.crapanzano@chu.ulg.ac.be,Programmation,IT,2021-01-27,10:11:28,00:00:26
stefano.crapanzano@chu.ulg.ac.be,Programmation,IT,2021-01-27,10:12:02,00:00:04
stefano.crapanzano@chu.ulg.ac.be,Programmation,IT,2021-01-27,10:12:07,00:00:41
stefano.crapanzano@chu.ulg.ac.be,Programmation,IT,2021-01-27,10:12:54,00:00:44
stefano.crapanzano@chu.ulg.ac.be,Programmation,IT,2021-01-27,10:13:55,00:00:33
stefano.crapanzano@chu.ulg.ac.be,Programmation,IT,2021-01-27,10:14:44,00:00:02
stefano.crapanzano@chu.ulg.ac.be,Programmation,IT,2021-01-27,10:14:48,00:00:06
stefano.crapanzano@chu.ulg.ac.be,Programmation,IT,2021-01-27,10:15:01,00:00:12
stefano.crapanzano@chu.ulg.ac.be,Programmation,IT,2021-01-27,10:16:27,00:00:32
stefano.crapanzano@chu.ulg.ac.be,Programmation,IT,2021-01-27,10:17:12,00:00:03
stefano.crapanzano@chu.ulg.ac.be,Programmation,IT,2021-01-27,10:18:10,00:00:24
stefano.crapanzano@chu.ulg.ac.be,Programmation,IT,2021-01-27,10:18:46,00:00:36
stefano.crapanzano@chu.ulg.ac.be,Programmation,IT,2021-01-27,10:19:38,00:00:06
stefano.crapanzano@chu.ulg.ac.be,Programmation,IT,2021-01-27,10:20:03,00:00:06
stefano.crapanzano@chu.ulg.ac.be,Programmation,IT,2021-01-27,10:21:01,00:00:17
stefano.crapanzano@chu.ulg.ac.be,Programmation,IT,2021-01-27,10:21:27,00:00:02
stefano.crapanzano@chu.ulg.ac.be,Programmation,IT,2021-01-27,10:21:47,00:00:03
stefano.crapanzano@chu.ulg.ac.be,Programmation,IT,2021-01-27,10:23:28,00:00:16
stefano.crapanzano@chu.ulg.ac.be,Programmation,IT,2021-01-27,10:23:52,00:00:06
stefano.crapanzano@chu.ulg.ac.be,Programmation,IT,2021-01-27,10:24:19,00:00:35
stefano.crapanzano@chu.ulg.ac.be,Programmation,IT,2021-01-27,10:25:01,00:00:26
stefano.crapanzano@chu.ulg.ac.be,Programmation,IT,2021-01-27,10:26:28,00:00:13
stefano.crapanzano@chu.ulg.ac.be,Programmation,IT,2021-01-27,10:27:40,00:00:13
stefano.crapanzano@chu.ulg.ac.be,Programmation,IT,2021-01-27,10:28:55,00:00:06
stefano.crapanzano@chu.ulg.ac.be,Programmation,IT,2021-01-27,10:29:15,00:00:07
stefano.crapanzano@chu.ulg.ac.be,Programmation,IT,2021-01-27,10:29:27,00:01:16
stefano.crapanzano@chu.ulg.ac.be,Programmation,IT,2021-01-27,10:31:05,00:00:44
stefano.crapanzano@chu.ulg.ac.be,Programmation,IT,2021-01-27,10:32:34,00:00:13
stefano.crapanzano@chu.ulg.ac.be,Programmation,IT,2021-01-27,10:32:51,00:00:02
stefano.crapanzano@chu.ulg.ac.be,Programmation,IT,2021-01-27,10:32:58,00:01:44
stefano.crapanzano@chu.ulg.ac.be,Programmation,IT,2021-01-27,10:35:22,00:01:43
stefano.crapanzano@chu.ulg.ac.be,Programmation,IT,2021-01-27,10:37:23,00:00:06
stefano.crapanzano@chu.ulg.ac.be,Programmation,IT,2021-01-27,10:38:08,00:00:16
stefano.crapanzano@chu.ulg.ac.be,Programmation,IT,2021-01-27,10:38:29,00:01:34
stefano.crapanzano@chu.ulg.ac.be,Programmation,IT,2021-01-27,10:40:17,00:00:08
stefano.crapanzano@chu.ulg.ac.be,Programmation,IT,2021-01-27,10:40:28,00:00:19
stefano.crapanzano@chu.ulg.ac.be,Programmation,IT,2021-01-27,10:41:26,00:02:27
stefano.crapanzano@chu.ulg.ac.be,Programmation,IT,2021-01-27,10:43:54,00:00:32
stefano.crapanzano@chu.ulg.ac.be,Programmation,IT,2021-01-27,10:44:29,00:00:02
stefano.crapanzano@chu.ulg.ac.be,Programmation,IT,2021-01-27,10:44:40,00:00:03
stefano.crapanzano@chu.ulg.ac.be,Programmation,IT,2021-01-27,10:48:19,00:01:34
stefano.crapanzano@chu.ulg.ac.be,Programmation,IT,2021-01-27,10:50:06,00:00:10
stefano.crapanzano@chu.ulg.ac.be,Programmation,IT,2021-01-27,10:50:56,00:00:10
stefano.crapanzano@chu.ulg.ac.be,Programmation,IT,2021-01-27,10:51:13,00:00:25
stefano.crapanzano@chu.ulg.ac.be,Programmation,IT,2021-01-27,10:51:51,00:00:11
stefano.crapanzano@chu.ulg.ac.be,Programmation,IT,2021-01-27,10:56:01,00:00:08
stefano.crapanzano@chu.ulg.ac.be,Programmation,IT,2021-01-27,10:56:39,00:00:10
stefano.crapanzano@chu.ulg.ac.be,Programmation,IT,2021-01-27,10:59:49,00:01:47
stefano.crapanzano@chu.ulg.ac.be,Programmation,IT,2021-01-27,11:02:46,00:00:55
stefano.crapanzano@chu.ulg.ac.be,Programmation,IT,2021-01-27,11:06:31,00:00:26
stefano.crapanzano@chu.ulg.ac.be,Programmation,IT,2021-01-27,11:08:10,00:00:39
stefano.crapanzano@chu.ulg.ac.be,Programmation,IT,2021-01-27,11:10:19,00:00:07
stefano.crapanzano@chu.ulg.ac.be,Programmation,IT,2021-01-27,11:10:39,00:00:13
stefano.crapanzano@chu.ulg.ac.be,Programmation,IT,2021-01-27,11:10:56,00:00:14
stefano.crapanzano@chu.ulg.ac.be,Programmation,IT,2021-01-27,11:11:14,00:00:11
stefano.crapanzano@chu.ulg.ac.be,Programmation,IT,2021-01-27,11:12:09,00:00:06
stefano.crapanzano@chu.ulg.ac.be,Programmation,IT,2021-01-27,11:12:58,00:00:20
stefano.crapanzano@chu.ulg.ac.be,Programmation,IT,2021-01-27,11:13:27,00:00:22
stefano.crapanzano@chu.ulg.ac.be,Programmation,IT,2021-01-27,11:14:11,00:00:13
stefano.crapanzano@chu.ulg.ac.be,Programmation,IT,2021-01-27,11:14:37,00:00:18
stefano.crapanzano@chu.ulg.ac.be,Programmation,IT,2021-01-27,11:15:01,00:00:03
stefano.crapanzano@chu.ulg.ac.be,Programmation,IT,2021-01-27,11:15:14,00:00:03
stefano.crapanzano@chu.ulg.ac.be,Programmation,IT,2021-01-27,11:17:40,00:00:07
stefano.crapanzano@chu.ulg.ac.be,Programmation,IT,2021-01-27,11:18:25,00:00:04
stefano.crapanzano@chu.ulg.ac.be,Programmation,IT,2021-01-27,11:18:42,00:00:20
stefano.crapanzano@chu.ulg.ac.be,Programmation,IT,2021-01-27,11:20:13,00:00:06
stefano.crapanzano@chu.ulg.ac.be,Programmation,IT,2021-01-27,11:20:23,00:00:05
stefano.crapanzano@chu.ulg.ac.be,Programmation,IT,2021-01-27,11:20:51,00:00:14
stefano.crapanzano@chu.ulg.ac.be,Programmation,IT,2021-01-27,11:21:20,00:00:07
stefano.crapanzano@chu.ulg.ac.be,Programmation,IT,2021-01-27,11:21:47,00:00:06
stefano.crapanzano@chu.ulg.ac.be,Programmation,IT,2021-01-27,11:22:01,00:00:37
stefano.crapanzano@chu.ulg.ac.be,Programmation,IT,2021-01-27,11:23:19,00:00:04
stefano.crapanzano@chu.ulg.ac.be,Programmation,IT,2021-01-27,11:24:59,00:00:27
stefano.crapanzano@chu.ulg.ac.be,Programmation,IT,2021-01-27,11:26:05,00:00:31
stefano.crapanzano@chu.ulg.ac.be,Programmation,IT,2021-01-27,11:27:07,00:00:16
stefano.crapanzano@chu.ulg.ac.be,Programmation,IT,2021-01-27,11:27:32,00:00:41
stefano.crapanzano@chu.ulg.ac.be,Programmation,IT,2021-01-27,11:28:35,00:00:05
stefano.crapanzano@chu.ulg.ac.be,Programmation,IT,2021-01-27,11:28:45,00:00:08
stefano.crapanzano@chu.ulg.ac.be,Programmation,IT,2021-01-27,11:28:59,00:00:07
stefano.crapanzano@chu.ulg.ac.be,Programmation,IT,2021-01-27,11:31:17,00:00:16
stefano.crapanzano@chu.ulg.ac.be,Programmation,IT,2021-01-27,11:32:20,00:00:16
stefano.crapanzano@chu.ulg.ac.be,Programmation,IT,2021-01-27,11:32:42,00:00:08
stefano.crapanzano@chu.ulg.ac.be,Programmation,IT,2021-01-27,11:32:56,00:00:15
stefano.crapanzano@chu.ulg.ac.be,Programmation,IT,2021-01-27,11:33:34,00:01:38
stefano.crapanzano@chu.ulg.ac.be,Programmation,IT,2021-01-27,11:41:11,00:00:24
stefano.crapanzano@chu.ulg.ac.be,Programmation,IT,2021-01-27,11:41:48,00:00:13
stefano.crapanzano@chu.ulg.ac.be,Programmation,IT,2021-01-27,11:42:27,00:00:07
stefano.crapanzano@chu.ulg.ac.be,Programmation,IT,2021-01-27,11:42:46,00:00:09
stefano.crapanzano@chu.ulg.ac.be,Programmation,IT,2021-01-27,11:42:59,00:00:16
stefano.crapanzano@chu.ulg.ac.be,Programmation,IT,2021-01-27,11:43:29,00:00:14
stefano.crapanzano@chu.ulg.ac.be,Programmation,IT,2021-01-27,11:43:45,00:00:18
stefano.crapanzano@chu.ulg.ac.be,Programmation,IT,2021-01-27,11:44:41,00:00:06
stefano.crapanzano@chu.ulg.ac.be,Programmation,IT,2021-01-27,11:44:59,00:01:04
stefano.crapanzano@chu.ulg.ac.be,Programmation,IT,2021-01-27,11:46:13,00:00:25
stefano.crapanzano@chu.ulg.ac.be,Programmation,IT,2021-01-27,11:46:53,00:02:08
stefano.crapanzano@chu.ulg.ac.be,Programmation,IT,2021-01-27,11:49:41,00:00:20
stefano.crapanzano@chu.ulg.ac.be,Programmation,IT,2021-01-27,11:50:13,00:02:03
stefano.crapanzano@chu.ulg.ac.be,Programmation,IT,2021-01-27,11:53:01,00:00:14
stefano.crapanzano@chu.ulg.ac.be,Programmation,IT,2021-01-27,11:53:18,00:00:18
stefano.crapanzano@chu.ulg.ac.be,Programmation,IT,2021-01-27,11:53:45,00:00:11
stefano.crapanzano@chu.ulg.ac.be,Programmation,IT,2021-01-27,11:54:02,00:00:19
stefano.crapanzano@chu.ulg.ac.be,Programmation,IT,2021-01-27,11:54:29,00:00:07
stefano.crapanzano@chu.ulg.ac.be,Programmation,IT,2021-01-27,11:57:51,00:00:03
stefano.crapanzano@chu.ulg.ac.be,Programmation,IT,2021-01-27,12:07:07,00:00:12
stefano.crapanzano@chu.ulg.ac.be,Programmation,IT,2021-01-27,12:07:41,00:00:14
stefano.crapanzano@chu.ulg.ac.be,Programmation,IT,2021-01-27,12:08:01,00:00:12
stefano.crapanzano@chu.ulg.ac.be,Programmation,IT,2021-01-27,12:08:20,00:00:31
stefano.crapanzano@chu.ulg.ac.be,Programmation,IT,2021-01-27,12:12:33,00:00:13
stefano.crapanzano@chu.ulg.ac.be,Programmation,IT,2021-01-27,12:12:50,00:00:06
stefano.crapanzano@chu.ulg.ac.be,Programmation,IT,2021-01-27,12:13:06,00:02:26
stefano.crapanzano@chu.ulg.ac.be,Programmation,IT,2021-01-27,12:15:36,00:00:25
stefano.crapanzano@chu.ulg.ac.be,Programmation,IT,2021-01-27,12:16:04,00:00:10
stefano.crapanzano@chu.ulg.ac.be,Programmation,IT,2021-01-27,12:16:25,00:00:06
stefano.crapanzano@chu.ulg.ac.be,Programmation,IT,2021-01-27,12:16:34,00:00:07
stefano.crapanzano@chu.ulg.ac.be,Programmation,IT,2021-01-27,12:17:26,00:00:19
stefano.crapanzano@chu.ulg.ac.be,Programmation,IT,2021-01-27,12:19:10,00:00:12
stefano.crapanzano@chu.ulg.ac.be,Programmation,IT,2021-01-27,12:20:44,00:00:49
stefano.crapanzano@chu.ulg.ac.be,Programmation,IT,2021-01-27,12:21:57,00:00:08
stefano.crapanzano@chu.ulg.ac.be,Programmation,IT,2021-01-27,12:22:08,00:00:05
stefano.crapanzano@chu.ulg.ac.be,Programmation,IT,2021-01-27,12:22:16,00:00:07
stefano.crapanzano@chu.ulg.ac.be,Programmation,IT,2021-01-27,12:22:37,00:00:11
stefano.crapanzano@chu.ulg.ac.be,Programmation,IT,2021-01-27,12:23:05,00:00:17
stefano.crapanzano@chu.ulg.ac.be,Programmation,IT,2021-01-27,12:24:06,00:01:20
stefano.crapanzano@chu.ulg.ac.be,Programmation,IT,2021-01-27,12:25:49,00:00:07
stefano.crapanzano@chu.ulg.ac.be,Programmation,IT,2021-01-27,12:26:37,00:00:02
stefano.crapanzano@chu.ulg.ac.be,Programmation,IT,2021-01-27,12:27:28,00:00:07
stefano.crapanzano@chu.ulg.ac.be,Programmation,IT,2021-01-27,12:27:40,00:00:08
stefano.crapanzano@chu.ulg.ac.be,Programmation,IT,2021-01-27,12:28:01,00:00:10
stefano.crapanzano@chu.ulg.ac.be,Programmation,IT,2021-01-27,12:28:18,00:00:23
stefano.crapanzano@chu.ulg.ac.be,Programmation,IT,2021-01-27,12:28:50,00:00:04
stefano.crapanzano@chu.ulg.ac.be,Programmation,IT,2021-01-27,12:28:59,00:00:13
stefano.crapanzano@chu.ulg.ac.be,Programmation,IT,2021-01-27,12:29:22,00:00:06
stefano.crapanzano@chu.ulg.ac.be,Programmation,IT,2021-01-27,12:29:45,00:00:08
stefano.crapanzano@chu.ulg.ac.be,Programmation,IT,2021-01-27,12:30:09,00:00:07
stefano.crapanzano@chu.ulg.ac.be,Programmation,IT,2021-01-27,12:30:24,00:00:13
stefano.crapanzano@chu.ulg.ac.be,Programmation,IT,2021-01-27,12:32:14,00:00:16
stefano.crapanzano@chu.ulg.ac.be,Programmation,IT,2021-01-27,12:32:44,00:00:04
stefano.crapanzano@chu.ulg.ac.be,Navigation système de fichier,IT,2021-01-27,08:34:49,00:00:05
stefano.crapanzano@chu.ulg.ac.be,Navigation système de fichier,IT,2021-01-27,08:36:07,00:00:08
stefano.crapanzano@chu.ulg.ac.be,Navigation système de fichier,IT,2021-01-27,08:36:19,00:00:02
stefano.crapanzano@chu.ulg.ac.be,Navigation système de fichier,IT,2021-01-27,08:38:31,00:00:04
stefano.crapanzano@chu.ulg.ac.be,Navigation système de fichier,IT,2021-01-27,08:53:11,00:00:05
stefano.crapanzano@chu.ulg.ac.be,Navigation système de fichier,IT,2021-01-27,08:58:37,00:00:02
stefano.crapanzano@chu.ulg.ac.be,Navigation système de fichier,IT,2021-01-27,08:58:56,00:00:05
stefano.crapanzano@chu.ulg.ac.be,Navigation système de fichier,IT,2021-01-27,09:00:56,00:00:02
stefano.crapanzano@chu.ulg.ac.be,Navigation système de fichier,IT,2021-01-27,09:01:59,00:00:06
stefano.crapanzano@chu.ulg.ac.be,Navigation système de fichier,IT,2021-01-27,09:20:18,00:00:09
stefano.crapanzano@chu.ulg.ac.be,Navigation système de fichier,IT,2021-01-27,09:28:55,00:00:02
stefano.crapanzano@chu.ulg.ac.be,Navigation système de fichier,IT,2021-01-27,09:30:12,00:00:02
stefano.crapanzano@chu.ulg.ac.be,Navigation système de fichier,IT,2021-01-27,09:36:56,00:00:02
stefano.crapanzano@chu.ulg.ac.be,Navigation système de fichier,IT,2021-01-27,09:41:43,00:00:02
stefano.crapanzano@chu.ulg.ac.be,Navigation système de fichier,IT,2021-01-27,10:04:18,00:00:02
stefano.crapanzano@chu.ulg.ac.be,Navigation système de fichier,IT,2021-01-27,10:05:27,00:00:02
stefano.crapanzano@chu.ulg.ac.be,Navigation système de fichier,IT,2021-01-27,10:08:32,00:00:03
stefano.crapanzano@chu.ulg.ac.be,Navigation système de fichier,IT,2021-01-27,10:09:18,00:00:02
stefano.crapanzano@chu.ulg.ac.be,Navigation système de fichier,IT,2021-01-27,10:21:50,00:00:05
stefano.crapanzano@chu.ulg.ac.be,Navigation système de fichier,IT,2021-01-27,10:32:30,00:00:03
stefano.crapanzano@chu.ulg.ac.be,Navigation système de fichier,IT,2021-01-27,10:32:53,00:00:04
stefano.crapanzano@chu.ulg.ac.be,Navigation système de fichier,IT,2021-01-27,10:34:42,00:00:03
stefano.crapanzano@chu.ulg.ac.be,Navigation système de fichier,IT,2021-01-27,10:37:30,00:00:02
stefano.crapanzano@chu.ulg.ac.be,Navigation système de fichier,IT,2021-01-27,10:38:24,00:00:04
stefano.crapanzano@chu.ulg.ac.be,Navigation système de fichier,IT,2021-01-27,11:09:15,00:00:03
stefano.crapanzano@chu.ulg.ac.be,Navigation système de fichier,IT,2021-01-27,11:11:25,00:00:03
stefano.crapanzano@chu.ulg.ac.be,Navigation système de fichier,IT,2021-01-27,11:22:43,00:00:02
stefano.crapanzano@chu.ulg.ac.be,Navigation système de fichier,IT,2021-01-27,12:16:32,00:00:02
stefano.crapanzano@chu.ulg.ac.be,Navigation système de fichier,IT,2021-01-27,12:16:56,00:00:03
stefano.crapanzano@chu.ulg.ac.be,Lecture documentation,Tâches diverses,2021-01-27,08:35:19,00:00:41
stefano.crapanzano@chu.ulg.ac.be,Lecture documentation,Tâches diverses,2021-01-27,08:38:41,00:00:15
stefano.crapanzano@chu.ulg.ac.be,Lecture documentation,Tâches diverses,2021-01-27,08:51:20,00:00:04
stefano.crapanzano@chu.ulg.ac.be,Lecture documentation,Tâches diverses,2021-01-27,08:51:27,00:00:51
stefano.crapanzano@chu.ulg.ac.be,Lecture documentation,Tâches diverses,2021-01-27,08:53:21,00:00:14
stefano.crapanzano@chu.ulg.ac.be,Lecture documentation,Tâches diverses,2021-01-27,08:53:42,00:00:40
stefano.crapanzano@chu.ulg.ac.be,Lecture documentation,Tâches diverses,2021-01-27,08:55:11,00:00:33
stefano.crapanzano@chu.ulg.ac.be,Lecture documentation,Tâches diverses,2021-01-27,08:56:18,00:00:24
stefano.crapanzano@chu.ulg.ac.be,Lecture documentation,Tâches diverses,2021-01-27,08:56:49,00:01:40
stefano.crapanzano@chu.ulg.ac.be,Lecture documentation,Tâches diverses,2021-01-27,08:59:53,00:00:25
stefano.crapanzano@chu.ulg.ac.be,Lecture documentation,Tâches diverses,2021-01-27,09:00:27,00:00:02
stefano.crapanzano@chu.ulg.ac.be,Lecture documentation,Tâches diverses,2021-01-27,09:01:08,00:00:05
stefano.crapanzano@chu.ulg.ac.be,Lecture documentation,Tâches diverses,2021-01-27,09:11:23,00:00:37
stefano.crapanzano@chu.ulg.ac.be,Lecture documentation,Tâches diverses,2021-01-27,09:12:44,00:03:57
stefano.crapanzano@chu.ulg.ac.be,Lecture documentation,Tâches diverses,2021-01-27,09:21:47,00:00:39
stefano.crapanzano@chu.ulg.ac.be,Lecture documentation,Tâches diverses,2021-01-27,09:33:33,00:00:04
stefano.crapanzano@chu.ulg.ac.be,Lecture documentation,Tâches diverses,2021-01-27,09:35:27,00:00:41
stefano.crapanzano@chu.ulg.ac.be,Lecture documentation,Tâches diverses,2021-01-27,10:14:55,00:00:06
stefano.crapanzano@chu.ulg.ac.be,Lecture documentation,Tâches diverses,2021-01-27,10:21:56,00:01:32
stefano.crapanzano@chu.ulg.ac.be,Lecture documentation,Tâches diverses,2021-01-27,10:44:32,00:00:07
stefano.crapanzano@chu.ulg.ac.be,Lecture documentation,Tâches diverses,2021-01-27,10:53:02,00:00:08
stefano.crapanzano@chu.ulg.ac.be,Lecture documentation,Tâches diverses,2021-01-27,10:53:16,00:00:04
stefano.crapanzano@chu.ulg.ac.be,Lecture documentation,Tâches diverses,2021-01-27,10:53:26,00:00:02
stefano.crapanzano@chu.ulg.ac.be,Lecture documentation,Tâches diverses,2021-01-27,11:03:56,00:00:05
stefano.crapanzano@chu.ulg.ac.be,Lecture documentation,Tâches diverses,2021-01-27,11:04:04,00:00:05
stefano.crapanzano@chu.ulg.ac.be,Lecture documentation,Tâches diverses,2021-01-27,11:04:14,00:00:11
stefano.crapanzano@chu.ulg.ac.be,Lecture documentation,Tâches diverses,2021-01-27,11:04:40,00:00:11
stefano.crapanzano@chu.ulg.ac.be,Lecture documentation,Tâches diverses,2021-01-27,11:04:54,00:01:36
stefano.crapanzano@chu.ulg.ac.be,Lecture documentation,Tâches diverses,2021-01-27,11:06:58,00:01:12
stefano.crapanzano@chu.ulg.ac.be,Lecture documentation,Tâches diverses,2021-01-27,11:09:21,00:00:16
stefano.crapanzano@chu.ulg.ac.be,Lecture documentation,Tâches diverses,2021-01-27,11:09:43,00:00:36
stefano.crapanzano@chu.ulg.ac.be,Lecture documentation,Tâches diverses,2021-01-27,11:10:27,00:00:12
stefano.crapanzano@chu.ulg.ac.be,Lecture documentation,Tâches diverses,2021-01-27,11:10:52,00:00:04
stefano.crapanzano@chu.ulg.ac.be,Lecture documentation,Tâches diverses,2021-01-27,11:11:11,00:00:03
stefano.crapanzano@chu.ulg.ac.be,Lecture documentation,Tâches diverses,2021-01-27,11:12:16,00:00:42
stefano.crapanzano@chu.ulg.ac.be,Lecture documentation,Tâches diverses,2021-01-27,11:13:19,00:00:07
stefano.crapanzano@chu.ulg.ac.be,Lecture documentation,Tâches diverses,2021-01-27,11:13:49,00:00:22
stefano.crapanzano@chu.ulg.ac.be,Lecture documentation,Tâches diverses,2021-01-27,11:15:17,00:02:23
stefano.crapanzano@chu.ulg.ac.be,Lecture documentation,Tâches diverses,2021-01-27,11:17:48,00:00:37
stefano.crapanzano@chu.ulg.ac.be,Lecture documentation,Tâches diverses,2021-01-27,11:18:30,00:00:02
stefano.crapanzano@chu.ulg.ac.be,Lecture documentation,Tâches diverses,2021-01-27,11:18:35,00:00:06
stefano.crapanzano@chu.ulg.ac.be,Lecture documentation,Tâches diverses,2021-01-27,11:19:03,00:01:10
stefano.crapanzano@chu.ulg.ac.be,Lecture documentation,Tâches diverses,2021-01-27,11:20:20,00:00:03
stefano.crapanzano@chu.ulg.ac.be,Lecture documentation,Tâches diverses,2021-01-27,11:20:29,00:00:22
stefano.crapanzano@chu.ulg.ac.be,Lecture documentation,Tâches diverses,2021-01-27,11:21:05,00:00:15
stefano.crapanzano@chu.ulg.ac.be,Lecture documentation,Tâches diverses,2021-01-27,11:21:28,00:00:18
stefano.crapanzano@chu.ulg.ac.be,Lecture documentation,Tâches diverses,2021-01-27,11:21:53,00:00:07
stefano.crapanzano@chu.ulg.ac.be,Lecture documentation,Tâches diverses,2021-01-27,11:22:46,00:00:31
stefano.crapanzano@chu.ulg.ac.be,Lecture documentation,Tâches diverses,2021-01-27,11:23:48,00:01:10
stefano.crapanzano@chu.ulg.ac.be,Lecture documentation,Tâches diverses,2021-01-27,11:25:26,00:00:38
stefano.crapanzano@chu.ulg.ac.be,Lecture documentation,Tâches diverses,2021-01-27,11:26:37,00:00:30
stefano.crapanzano@chu.ulg.ac.be,Lecture documentation,Tâches diverses,2021-01-27,11:27:24,00:00:07
stefano.crapanzano@chu.ulg.ac.be,Lecture documentation,Tâches diverses,2021-01-27,11:28:13,00:00:22
stefano.crapanzano@chu.ulg.ac.be,Lecture documentation,Tâches diverses,2021-01-27,11:28:41,00:00:04
stefano.crapanzano@chu.ulg.ac.be,Lecture documentation,Tâches diverses,2021-01-27,11:28:54,00:00:04
stefano.crapanzano@chu.ulg.ac.be,Lecture documentation,Tâches diverses,2021-01-27,11:29:06,00:02:10
stefano.crapanzano@chu.ulg.ac.be,Lecture documentation,Tâches diverses,2021-01-27,11:31:34,00:00:46
stefano.crapanzano@chu.ulg.ac.be,Lecture documentation,Tâches diverses,2021-01-27,11:32:36,00:00:05
stefano.crapanzano@chu.ulg.ac.be,Lecture documentation,Tâches diverses,2021-01-27,11:32:51,00:00:05
stefano.crapanzano@chu.ulg.ac.be,Lecture documentation,Tâches diverses,2021-01-27,11:33:12,00:00:08
stefano.crapanzano@chu.ulg.ac.be,Lecture documentation,Tâches diverses,2021-01-27,11:35:57,00:00:24
stefano.crapanzano@chu.ulg.ac.be,Lecture documentation,Tâches diverses,2021-01-27,11:36:26,00:04:44
stefano.crapanzano@chu.ulg.ac.be,Lecture documentation,Tâches diverses,2021-01-27,11:41:35,00:00:13
stefano.crapanzano@chu.ulg.ac.be,Lecture documentation,Tâches diverses,2021-01-27,11:42:02,00:00:25
stefano.crapanzano@chu.ulg.ac.be,Lecture documentation,Tâches diverses,2021-01-27,11:42:35,00:00:11
stefano.crapanzano@chu.ulg.ac.be,Lecture documentation,Tâches diverses,2021-01-27,11:42:56,00:00:03
stefano.crapanzano@chu.ulg.ac.be,Lecture documentation,Tâches diverses,2021-01-27,11:43:16,00:00:13
stefano.crapanzano@chu.ulg.ac.be,Lecture documentation,Tâches diverses,2021-01-27,11:43:43,00:00:02
stefano.crapanzano@chu.ulg.ac.be,Lecture documentation,Tâches diverses,2021-01-27,11:44:48,00:00:09
stefano.crapanzano@chu.ulg.ac.be,Lecture documentation,Tâches diverses,2021-01-27,11:46:04,00:00:09
stefano.crapanzano@chu.ulg.ac.be,Lecture documentation,Tâches diverses,2021-01-27,11:46:39,00:00:14
stefano.crapanzano@chu.ulg.ac.be,Lecture documentation,Tâches diverses,2021-01-27,11:49:02,00:00:39
stefano.crapanzano@chu.ulg.ac.be,Lecture documentation,Tâches diverses,2021-01-27,11:50:02,00:00:11
stefano.crapanzano@chu.ulg.ac.be,Lecture documentation,Tâches diverses,2021-01-27,11:52:16,00:00:19
stefano.crapanzano@chu.ulg.ac.be,Lecture documentation,Tâches diverses,2021-01-27,11:52:39,00:00:22
stefano.crapanzano@chu.ulg.ac.be,Lecture documentation,Tâches diverses,2021-01-27,11:53:15,00:00:03
stefano.crapanzano@chu.ulg.ac.be,Lecture documentation,Tâches diverses,2021-01-27,11:54:45,00:03:05
stefano.crapanzano@chu.ulg.ac.be,Lecture documentation,Tâches diverses,2021-01-27,12:02:58,00:04:08
stefano.crapanzano@chu.ulg.ac.be,Lecture documentation,Tâches diverses,2021-01-27,12:07:19,00:00:22
stefano.crapanzano@chu.ulg.ac.be,Lecture documentation,Tâches diverses,2021-01-27,12:07:55,00:00:05
stefano.crapanzano@chu.ulg.ac.be,Lecture documentation,Tâches diverses,2021-01-27,12:08:13,00:00:07
stefano.crapanzano@chu.ulg.ac.be,Lecture documentation,Tâches diverses,2021-01-27,12:08:56,00:00:03
stefano.crapanzano@chu.ulg.ac.be,Lecture documentation,Tâches diverses,2021-01-27,12:10:29,00:02:04
stefano.crapanzano@chu.ulg.ac.be,Lecture documentation,Tâches diverses,2021-01-27,12:12:46,00:00:03
stefano.crapanzano@chu.ulg.ac.be,Lecture documentation,Tâches diverses,2021-01-27,12:12:56,00:00:09
stefano.crapanzano@chu.ulg.ac.be,Lecture documentation,Tâches diverses,2021-01-27,12:15:33,00:00:03
stefano.crapanzano@chu.ulg.ac.be,Lecture documentation,Tâches diverses,2021-01-27,12:16:01,00:00:03
stefano.crapanzano@chu.ulg.ac.be,Lecture documentation,Tâches diverses,2021-01-27,12:16:59,00:00:26
stefano.crapanzano@chu.ulg.ac.be,QUERY_FROM_CELL.xlsm - Excel,Tâches diverses,2021-01-27,08:36:01,00:00:02
stefano.crapanzano@chu.ulg.ac.be,QUERY_FROM_CELL.xlsm - Excel,Tâches diverses,2021-01-27,08:59:01,00:00:11
stefano.crapanzano@chu.ulg.ac.be,Microsoft Excel,Tâches diverses,2021-01-27,08:36:03,00:00:02
stefano.crapanzano@chu.ulg.ac.be,Microsoft Excel,Tâches diverses,2021-01-27,10:28:36,00:00:02
stefano.crapanzano@chu.ulg.ac.be,Microsoft Excel,Tâches diverses,2021-01-27,12:32:03,00:00:03
stefano.crapanzano@chu.ulg.ac.be,GUIDE INTRASTAT_V01.xlsx - Excel,Tâches diverses,2021-01-27,08:36:15,00:00:03
stefano.crapanzano@chu.ulg.ac.be,GUIDE INTRASTAT_V01.xlsx - Excel,Tâches diverses,2021-01-27,08:36:21,00:00:06
stefano.crapanzano@chu.ulg.ac.be,GUIDE INTRASTAT_V01.xlsx - Excel,Tâches diverses,2021-01-27,08:36:28,00:00:35
stefano.crapanzano@chu.ulg.ac.be,Excel,Tâches diverses,2021-01-27,08:37:06,00:00:04
stefano.crapanzano@chu.ulg.ac.be,INTRASTAT_202011_v01.xlsx - Excel,Tâches diverses,2021-01-27,08:37:19,00:00:03
stefano.crapanzano@chu.ulg.ac.be,INTRASTAT_202011_v01.xlsx - Excel,Tâches diverses,2021-01-27,08:37:24,00:00:23
stefano.crapanzano@chu.ulg.ac.be,INTRASTAT_202011_v01.xlsx - Excel,Tâches diverses,2021-01-27,08:38:06,00:00:25
stefano.crapanzano@chu.ulg.ac.be,INTRASTAT_202011_v01.xlsx - Excel,Tâches diverses,2021-01-27,08:40:58,00:00:09
stefano.crapanzano@chu.ulg.ac.be,INTRASTAT_202011_v01.xlsx - Excel,Tâches diverses,2021-01-27,08:42:55,00:00:37
stefano.crapanzano@chu.ulg.ac.be,INTRASTAT_202011_v01.xlsx - Excel,Tâches diverses,2021-01-27,08:44:04,00:00:06
stefano.crapanzano@chu.ulg.ac.be,INTRASTAT_202011_v01.xlsx - Excel,Tâches diverses,2021-01-27,08:44:24,00:00:06
stefano.crapanzano@chu.ulg.ac.be,INTRASTAT_202011_v01.xlsx - Excel,Tâches diverses,2021-01-27,08:44:46,00:00:07
stefano.crapanzano@chu.ulg.ac.be,INTRASTAT_202011_v01.xlsx - Excel,Tâches diverses,2021-01-27,08:58:52,00:00:03
stefano.crapanzano@chu.ulg.ac.be,INTRASTAT_202011_v01.xlsx - Excel,Tâches diverses,2021-01-27,09:20:41,00:00:02
stefano.crapanzano@chu.ulg.ac.be,Propriétés de connexion,Tâches diverses,2021-01-27,08:37:49,00:00:14
stefano.crapanzano@chu.ulg.ac.be,Propriétés de connexion,Tâches diverses,2021-01-27,08:44:54,00:00:12
stefano.crapanzano@chu.ulg.ac.be,Propriétés de connexion,Tâches diverses,2021-01-27,08:58:39,00:00:11
stefano.crapanzano@chu.ulg.ac.be,Propriétés de connexion,Tâches diverses,2021-01-27,09:20:47,00:00:02
stefano.crapanzano@chu.ulg.ac.be,Ouverture -Excel,Tâches diverses,2021-01-27,08:38:36,00:00:04
stefano.crapanzano@chu.ulg.ac.be,Classeur1 - Excel,Tâches diverses,2021-01-27,08:38:56,00:00:05
stefano.crapanzano@chu.ulg.ac.be,Classeur1 - Excel,Tâches diverses,2021-01-27,08:39:03,00:00:49
stefano.crapanzano@chu.ulg.ac.be,Classeur1 - Excel,Tâches diverses,2021-01-27,08:39:53,00:01:03
stefano.crapanzano@chu.ulg.ac.be,Classeur1 - Excel,Tâches diverses,2021-01-27,08:41:07,00:01:48
stefano.crapanzano@chu.ulg.ac.be,Classeur1 - Excel,Tâches diverses,2021-01-27,08:43:33,00:00:31
stefano.crapanzano@chu.ulg.ac.be,Classeur1 - Excel,Tâches diverses,2021-01-27,08:44:10,00:00:14
stefano.crapanzano@chu.ulg.ac.be,Classeur1 - Excel,Tâches diverses,2021-01-27,08:44:30,00:00:04
stefano.crapanzano@chu.ulg.ac.be,Classeur1 - Excel,Tâches diverses,2021-01-27,08:46:51,00:00:25
stefano.crapanzano@chu.ulg.ac.be,Classeur1 - Excel,Tâches diverses,2021-01-27,08:47:39,00:00:50
stefano.crapanzano@chu.ulg.ac.be,Classeur1 - Excel,Tâches diverses,2021-01-27,09:28:57,00:01:15
stefano.crapanzano@chu.ulg.ac.be,Classeur1 - Excel,Tâches diverses,2021-01-27,09:41:46,00:00:03
stefano.crapanzano@chu.ulg.ac.be,Classeur1 - Excel,Tâches diverses,2021-01-27,09:41:51,00:00:26
stefano.crapanzano@chu.ulg.ac.be,Classeur1 - Excel,Tâches diverses,2021-01-27,09:42:38,00:00:16
stefano.crapanzano@chu.ulg.ac.be,Classeur1 - Excel,Tâches diverses,2021-01-27,09:44:21,00:00:37
stefano.crapanzano@chu.ulg.ac.be,Classeur1 - Excel,Tâches diverses,2021-01-27,10:27:54,00:00:42
stefano.crapanzano@chu.ulg.ac.be,Classeur1 - Excel,Tâches diverses,2021-01-27,10:28:39,00:00:15
stefano.crapanzano@chu.ulg.ac.be,Classeur1 - Excel,Tâches diverses,2021-01-27,10:30:44,00:00:20
stefano.crapanzano@chu.ulg.ac.be,Classeur1 - Excel,Tâches diverses,2021-01-27,10:34:45,00:00:33
stefano.crapanzano@chu.ulg.ac.be,Classeur1 - Excel,Tâches diverses,2021-01-27,11:11:28,00:00:39
stefano.crapanzano@chu.ulg.ac.be,Classeur1 - Excel,Tâches diverses,2021-01-27,11:44:05,00:00:33
stefano.crapanzano@chu.ulg.ac.be,Classeur1 - Excel,Tâches diverses,2021-01-27,12:32:06,00:00:06
stefano.crapanzano@chu.ulg.ac.be,TR: [Sécurité] : Message important - Message (HTML),Helpdesk général,2021-01-27,09:31:01,00:02:10
stefano.crapanzano@chu.ulg.ac.be,Nouvel onglet - Google Chrome,Tâches diverses,2021-01-27,09:33:38,00:00:02
stefano.crapanzano@chu.ulg.ac.be,Nouvel onglet - Google Chrome,Tâches diverses,2021-01-27,09:40:58,00:00:08
stefano.crapanzano@chu.ulg.ac.be,Nouvel onglet - Google Chrome,Tâches diverses,2021-01-27,10:15:35,00:00:08
stefano.crapanzano@chu.ulg.ac.be,Nouvel onglet - Google Chrome,Tâches diverses,2021-01-27,10:16:01,00:00:13
stefano.crapanzano@chu.ulg.ac.be,Nouvel onglet - Google Chrome,Tâches diverses,2021-01-27,10:23:59,00:00:07
stefano.crapanzano@chu.ulg.ac.be,Nouvel onglet - Google Chrome,Tâches diverses,2021-01-27,10:46:38,00:00:25
stefano.crapanzano@chu.ulg.ac.be,Nouvel onglet - Google Chrome,Tâches diverses,2021-01-27,10:53:44,00:00:12
stefano.crapanzano@chu.ulg.ac.be,Nouvel onglet - Google Chrome,Tâches diverses,2021-01-27,10:58:57,00:00:06
stefano.crapanzano@chu.ulg.ac.be,Nouvel onglet - Google Chrome,Tâches diverses,2021-01-27,12:10:06,00:00:13
stefano.crapanzano@chu.ulg.ac.be,Nouvel onglet - Google Chrome,Tâches diverses,2021-01-27,12:21:36,00:00:06
stefano.crapanzano@chu.ulg.ac.be,Django: the Web framework for perfectionists with deadlines. - Google Chrome,Tâches diverses,2021-01-27,09:34:15,00:00:04
stefano.crapanzano@chu.ulg.ac.be,Django: the Web framework for perfectionists with deadlines. - Google Chrome,Tâches diverses,2021-01-27,10:06:58,00:00:03
stefano.crapanzano@chu.ulg.ac.be,Log in | Django site admin - Google Chrome,Tâches diverses,2021-01-27,09:34:20,00:00:03
stefano.crapanzano@chu.ulg.ac.be,OperationalError at /admin/login/ - Google Chrome,Tâches diverses,2021-01-27,09:34:24,00:00:35
stefano.crapanzano@chu.ulg.ac.be,OperationalError at /admin/login/ - Google Chrome,Tâches diverses,2021-01-27,09:40:21,00:00:02
stefano.crapanzano@chu.ulg.ac.be,Didier BARE - erp.sai@chuliege.be - Outlook,Helpdesk général,2021-01-27,09:37:39,00:00:04
stefano.crapanzano@chu.ulg.ac.be,Didier BARE - erp.sai@chuliege.be - Outlook,Helpdesk général,2021-01-27,10:09:20,00:00:04
stefano.crapanzano@chu.ulg.ac.be,Select intrastat detail to change | Django site admin - Google Chrome,Tâches diverses,2021-01-27,09:40:25,00:00:03
stefano.crapanzano@chu.ulg.ac.be,Select intrastat detail to change | Django site admin - Google Chrome,Tâches diverses,2021-01-27,09:45:57,00:00:14
stefano.crapanzano@chu.ulg.ac.be,Select intrastat detail to change | Django site admin - Google Chrome,Tâches diverses,2021-01-27,09:46:34,00:00:25
stefano.crapanzano@chu.ulg.ac.be,Select intrastat detail to change | Django site admin - Google Chrome,Tâches diverses,2021-01-27,09:47:22,00:00:02
stefano.crapanzano@chu.ulg.ac.be,Select intrastat detail to change | Django site admin - Google Chrome,Tâches diverses,2021-01-27,09:47:38,00:01:34
stefano.crapanzano@chu.ulg.ac.be,Select intrastat detail to change | Django site admin - Google Chrome,Tâches diverses,2021-01-27,09:51:13,00:12:36
stefano.crapanzano@chu.ulg.ac.be,Select intrastat detail to change | Django site admin - Google Chrome,Tâches diverses,2021-01-27,10:04:09,00:00:02
stefano.crapanzano@chu.ulg.ac.be,django create object - Recherche Google - Google Chrome,Tâches diverses,2021-01-27,09:41:06,00:00:04
stefano.crapanzano@chu.ulg.ac.be,python - Django Model() vs Model.objects.create() - Stack Overflow - Google Chrome,Tâches diverses,2021-01-27,09:41:11,00:00:24
stefano.crapanzano@chu.ulg.ac.be,Making queries | Django documentation | Django - Google Chrome,Tâches diverses,2021-01-27,09:41:35,00:00:08
stefano.crapanzano@chu.ulg.ac.be,TypeError at /admin/intrastat/intrastatdetail/3080/change/ - Google Chrome,Tâches diverses,2021-01-27,09:46:59,00:00:10
stefano.crapanzano@chu.ulg.ac.be,TypeError at /admin/intrastat/intrastatdetail/3919/change/ - Google Chrome,Tâches diverses,2021-01-27,09:47:15,00:00:02
stefano.crapanzano@chu.ulg.ac.be,Change intrastat detail | Django site admin - Google Chrome,Tâches diverses,2021-01-27,09:47:24,00:00:13
stefano.crapanzano@chu.ulg.ac.be,Change intrastat detail | Django site admin - Google Chrome,Tâches diverses,2021-01-27,10:03:50,00:00:02
stefano.crapanzano@chu.ulg.ac.be,Change intrastat detail | Django site admin - Google Chrome,Tâches diverses,2021-01-27,10:03:58,00:00:10
stefano.crapanzano@chu.ulg.ac.be,Change intrastat detail | Django site admin - Google Chrome,Tâches diverses,2021-01-27,10:04:11,00:00:07
stefano.crapanzano@chu.ulg.ac.be,Change intrastat detail | Django site admin - Google Chrome,Tâches diverses,2021-01-27,10:04:26,00:00:29
stefano.crapanzano@chu.ulg.ac.be,Change intrastat detail | Django site admin - Google Chrome,Tâches diverses,2021-01-27,10:06:52,00:00:04
stefano.crapanzano@chu.ulg.ac.be,Traduire cette page ?,Tâches diverses,2021-01-27,10:03:52,00:00:06
stefano.crapanzano@chu.ulg.ac.be,Page not found at / - Google Chrome,Tâches diverses,2021-01-27,10:07:50,00:00:12
stefano.crapanzano@chu.ulg.ac.be,127.0.0.1:7000 - Google Chrome,Tâches diverses,2021-01-27,10:08:07,00:00:02
stefano.crapanzano@chu.ulg.ac.be,127.0.0.1:7000 - Google Chrome,Tâches diverses,2021-01-27,11:04:10,00:00:04
stefano.crapanzano@chu.ulg.ac.be,127.0.0.1:7000 - Google Chrome,Tâches diverses,2021-01-27,11:04:26,00:00:14
stefano.crapanzano@chu.ulg.ac.be,127.0.0.1:7000 - Google Chrome,Tâches diverses,2021-01-27,11:08:51,00:00:15
stefano.crapanzano@chu.ulg.ac.be,127.0.0.1:7000 - Google Chrome,Tâches diverses,2021-01-27,11:09:39,00:00:02
stefano.crapanzano@chu.ulg.ac.be,127.0.0.1:7000 - Google Chrome,Tâches diverses,2021-01-27,11:14:24,00:00:13
stefano.crapanzano@chu.ulg.ac.be,127.0.0.1:7000 - Google Chrome,Tâches diverses,2021-01-27,11:14:56,00:00:04
stefano.crapanzano@chu.ulg.ac.be,127.0.0.1:7000 - Google Chrome,Tâches diverses,2021-01-27,11:15:04,00:00:08
stefano.crapanzano@chu.ulg.ac.be,127.0.0.1:7000 - Google Chrome,Tâches diverses,2021-01-27,11:18:32,00:00:02
stefano.crapanzano@chu.ulg.ac.be,127.0.0.1:7000 - Google Chrome,Tâches diverses,2021-01-27,11:22:39,00:00:04
stefano.crapanzano@chu.ulg.ac.be,127.0.0.1:7000 - Google Chrome,Tâches diverses,2021-01-27,11:23:23,00:00:25
stefano.crapanzano@chu.ulg.ac.be,127.0.0.1:7000 - Google Chrome,Tâches diverses,2021-01-27,11:33:21,00:00:02
stefano.crapanzano@chu.ulg.ac.be,127.0.0.1:7000 - Google Chrome,Tâches diverses,2021-01-27,11:35:19,00:00:38
stefano.crapanzano@chu.ulg.ac.be,127.0.0.1:7000 - Google Chrome,Tâches diverses,2021-01-27,11:36:23,00:00:03
stefano.crapanzano@chu.ulg.ac.be,127.0.0.1:7000 - Google Chrome,Tâches diverses,2021-01-27,11:53:38,00:00:02
stefano.crapanzano@chu.ulg.ac.be,TemplateDoesNotExist at / - Google Chrome,Tâches diverses,2021-01-27,10:11:58,00:00:03
stefano.crapanzano@chu.ulg.ac.be,Index - Google Chrome,Tâches diverses,2021-01-27,10:12:52,00:00:02
stefano.crapanzano@chu.ulg.ac.be,Index - Google Chrome,Tâches diverses,2021-01-27,10:13:38,00:00:16
stefano.crapanzano@chu.ulg.ac.be,Index - Google Chrome,Tâches diverses,2021-01-27,10:14:28,00:00:16
stefano.crapanzano@chu.ulg.ac.be,Index - Google Chrome,Tâches diverses,2021-01-27,10:15:13,00:00:21
stefano.crapanzano@chu.ulg.ac.be,Index - Google Chrome,Tâches diverses,2021-01-27,10:16:59,00:00:02
stefano.crapanzano@chu.ulg.ac.be,Index - Google Chrome,Tâches diverses,2021-01-27,10:18:40,00:00:05
stefano.crapanzano@chu.ulg.ac.be,Index - Google Chrome,Tâches diverses,2021-01-27,10:19:25,00:00:13
stefano.crapanzano@chu.ulg.ac.be,Index - Google Chrome,Tâches diverses,2021-01-27,10:19:47,00:00:15
stefano.crapanzano@chu.ulg.ac.be,Index - Google Chrome,Tâches diverses,2021-01-27,10:21:19,00:00:08
stefano.crapanzano@chu.ulg.ac.be,Index - Google Chrome,Tâches diverses,2021-01-27,10:21:29,00:00:17
stefano.crapanzano@chu.ulg.ac.be,Index - Google Chrome,Tâches diverses,2021-01-27,10:23:45,00:00:07
stefano.crapanzano@chu.ulg.ac.be,Index - Google Chrome,Tâches diverses,2021-01-27,10:24:54,00:00:07
stefano.crapanzano@chu.ulg.ac.be,Index - Google Chrome,Tâches diverses,2021-01-27,10:25:28,00:00:08
stefano.crapanzano@chu.ulg.ac.be,Index - Google Chrome,Tâches diverses,2021-01-27,10:29:24,00:00:02
stefano.crapanzano@chu.ulg.ac.be,Index - Google Chrome,Tâches diverses,2021-01-27,10:31:49,00:00:40
stefano.crapanzano@chu.ulg.ac.be,Index - Google Chrome,Tâches diverses,2021-01-27,10:32:48,00:00:02
stefano.crapanzano@chu.ulg.ac.be,Index - Google Chrome,Tâches diverses,2021-01-27,10:37:07,00:00:15
stefano.crapanzano@chu.ulg.ac.be,Index - Google Chrome,Tâches diverses,2021-01-27,10:37:32,00:00:34
stefano.crapanzano@chu.ulg.ac.be,Index - Google Chrome,Tâches diverses,2021-01-27,10:40:05,00:00:10
stefano.crapanzano@chu.ulg.ac.be,Index - Google Chrome,Tâches diverses,2021-01-27,10:40:25,00:00:02
stefano.crapanzano@chu.ulg.ac.be,Index - Google Chrome,Tâches diverses,2021-01-27,10:40:49,00:00:15
stefano.crapanzano@chu.ulg.ac.be,Index - Google Chrome,Tâches diverses,2021-01-27,10:41:10,00:00:15
stefano.crapanzano@chu.ulg.ac.be,Index - Google Chrome,Tâches diverses,2021-01-27,10:44:43,00:01:55
stefano.crapanzano@chu.ulg.ac.be,Index - Google Chrome,Tâches diverses,2021-01-27,10:47:23,00:00:49
stefano.crapanzano@chu.ulg.ac.be,Index - Google Chrome,Tâches diverses,2021-01-27,10:48:16,00:00:02
stefano.crapanzano@chu.ulg.ac.be,Index - Google Chrome,Tâches diverses,2021-01-27,10:49:54,00:00:11
stefano.crapanzano@chu.ulg.ac.be,Index - Google Chrome,Tâches diverses,2021-01-27,10:50:16,00:00:07
stefano.crapanzano@chu.ulg.ac.be,Index - Google Chrome,Tâches diverses,2021-01-27,10:50:31,00:00:04
stefano.crapanzano@chu.ulg.ac.be,Index - Google Chrome,Tâches diverses,2021-01-27,10:50:40,00:00:14
stefano.crapanzano@chu.ulg.ac.be,Index - Google Chrome,Tâches diverses,2021-01-27,10:51:06,00:00:07
stefano.crapanzano@chu.ulg.ac.be,Index - Google Chrome,Tâches diverses,2021-01-27,10:52:02,00:00:59
stefano.crapanzano@chu.ulg.ac.be,Index - Google Chrome,Tâches diverses,2021-01-27,10:53:11,00:00:02
stefano.crapanzano@chu.ulg.ac.be,Index - Google Chrome,Tâches diverses,2021-01-27,10:53:28,00:00:15
stefano.crapanzano@chu.ulg.ac.be,Index - Google Chrome,Tâches diverses,2021-01-27,10:56:10,00:00:13
stefano.crapanzano@chu.ulg.ac.be,Index - Google Chrome,Tâches diverses,2021-01-27,10:56:31,00:00:08
stefano.crapanzano@chu.ulg.ac.be,Index - Google Chrome,Tâches diverses,2021-01-27,11:53:56,00:00:05
stefano.crapanzano@chu.ulg.ac.be,Index - Google Chrome,Tâches diverses,2021-01-27,11:54:22,00:00:07
stefano.crapanzano@chu.ulg.ac.be,Index - Google Chrome,Tâches diverses,2021-01-27,11:54:37,00:00:07
stefano.crapanzano@chu.ulg.ac.be,Index - Google Chrome,Tâches diverses,2021-01-27,12:08:59,00:01:07
stefano.crapanzano@chu.ulg.ac.be,Index - Google Chrome,Tâches diverses,2021-01-27,12:19:24,00:00:07
stefano.crapanzano@chu.ulg.ac.be,Index - Google Chrome,Tâches diverses,2021-01-27,12:26:56,00:00:06
stefano.crapanzano@chu.ulg.ac.be,Index - Google Chrome,Tâches diverses,2021-01-27,12:27:08,00:00:06
stefano.crapanzano@chu.ulg.ac.be,django template get element in column - Recherche Google - Google Chrome,Tâches diverses,2021-01-27,10:15:43,00:00:02
stefano.crapanzano@chu.ulg.ac.be,django template get element in column - Recherche Google - Google Chrome,Tâches diverses,2021-01-27,10:15:51,00:00:10
stefano.crapanzano@chu.ulg.ac.be,python - Django template get element in list of dictionary by index - Stack Overflow - Google Chrome,Tâches diverses,2021-01-27,10:15:46,00:00:04
stefano.crapanzano@chu.ulg.ac.be,django template how to loop through array size - Recherche Google - Google Chrome,Tâches diverses,2021-01-27,10:16:15,00:00:02
stefano.crapanzano@chu.ulg.ac.be,python - How iterate over all the values in an array in Django - Stack Overflow - Google Chrome,Tâches diverses,2021-01-27,10:16:17,00:00:09
stefano.crapanzano@chu.ulg.ac.be,python - How iterate over all the values in an array in Django - Stack Overflow - Google Chrome,Tâches diverses,2021-01-27,10:17:15,00:00:18
stefano.crapanzano@chu.ulg.ac.be,TypeError at / - Google Chrome,Tâches diverses,2021-01-27,10:17:01,00:00:10
stefano.crapanzano@chu.ulg.ac.be,TypeError at / - Google Chrome,Tâches diverses,2021-01-27,10:18:37,00:00:03
stefano.crapanzano@chu.ulg.ac.be,TypeError at / - Google Chrome,Tâches diverses,2021-01-27,11:01:39,00:00:07
stefano.crapanzano@chu.ulg.ac.be,TypeError at / - Google Chrome,Tâches diverses,2021-01-27,11:03:41,00:00:15
stefano.crapanzano@chu.ulg.ac.be,django objects all loop through all columns template - Recherche Google - Google Chrome,Tâches diverses,2021-01-27,10:17:33,00:00:02
stefano.crapanzano@chu.ulg.ac.be,django objects all loop through all columns template - Recherche Google - Google Chrome,Tâches diverses,2021-01-27,10:20:29,00:00:06
stefano.crapanzano@chu.ulg.ac.be,python - Iterate over model instance field names and values in template - Stack Overflow - Google Chrome,Tâches diverses,2021-01-27,10:17:35,00:00:34
stefano.crapanzano@chu.ulg.ac.be,python - Iterate over model instance field names and values in template - Stack Overflow - Google Chrome,Tâches diverses,2021-01-27,10:20:11,00:00:18
stefano.crapanzano@chu.ulg.ac.be,django objects all template - Recherche Google - Google Chrome,Tâches diverses,2021-01-27,10:20:35,00:00:04
stefano.crapanzano@chu.ulg.ac.be,Displaying images through Item.objects.all in Django Template - Stack Overflow - Google Chrome,Tâches diverses,2021-01-27,10:20:39,00:00:21
stefano.crapanzano@chu.ulg.ac.be,Displaying images through Item.objects.all in Django Template - Stack Overflow - Google Chrome,Tâches diverses,2021-01-27,10:50:24,00:00:02
stefano.crapanzano@chu.ulg.ac.be,get key value template django - Recherche Google - Google Chrome,Tâches diverses,2021-01-27,10:24:06,00:00:03
stefano.crapanzano@chu.ulg.ac.be,get key value template django - Recherche Google - Google Chrome,Tâches diverses,2021-01-27,10:25:45,00:00:09
stefano.crapanzano@chu.ulg.ac.be,python - How to get key value in django template? - Stack Overflow - Google Chrome,Tâches diverses,2021-01-27,10:24:10,00:00:09
stefano.crapanzano@chu.ulg.ac.be,python - How to get key value in django template? - Stack Overflow - Google Chrome,Tâches diverses,2021-01-27,10:25:36,00:00:08
stefano.crapanzano@chu.ulg.ac.be,get key value template django objects all - Recherche Google - Google Chrome,Tâches diverses,2021-01-27,10:25:54,00:00:02
stefano.crapanzano@chu.ulg.ac.be,get key value template django objects all - Recherche Google - Google Chrome,Tâches diverses,2021-01-27,10:27:11,00:00:02
stefano.crapanzano@chu.ulg.ac.be,Get key  value pair from Django object in template - Stack Overflow - Google Chrome,Tâches diverses,2021-01-27,10:25:57,00:00:31
stefano.crapanzano@chu.ulg.ac.be,Get key  value pair from Django object in template - Stack Overflow - Google Chrome,Tâches diverses,2021-01-27,10:26:54,00:00:16
stefano.crapanzano@chu.ulg.ac.be,TemplateSyntaxError at / - Google Chrome,Tâches diverses,2021-01-27,10:26:42,00:00:08
stefano.crapanzano@chu.ulg.ac.be,TemplateSyntaxError at / - Google Chrome,Tâches diverses,2021-01-27,10:29:02,00:00:12
stefano.crapanzano@chu.ulg.ac.be,python - django - how to get value of key-value queryset from values() - Stack Overflow - Google Chrome,Tâches diverses,2021-01-27,10:27:13,00:00:13
stefano.crapanzano@chu.ulg.ac.be,The Django template language: for Python programmers | Django documentation | Django - Google Chrome,Tâches diverses,2021-01-27,10:27:27,00:00:12
stefano.crapanzano@chu.ulg.ac.be,Page ne répondant pas,Tâches diverses,2021-01-27,10:41:04,00:00:06
stefano.crapanzano@chu.ulg.ac.be,Page ne répondant pas,Tâches diverses,2021-01-27,10:48:12,00:00:03
stefano.crapanzano@chu.ulg.ac.be,Page ne répondant pas,Tâches diverses,2021-01-27,10:50:54,00:00:02
stefano.crapanzano@chu.ulg.ac.be,Page ne répondant pas,Tâches diverses,2021-01-27,10:51:39,00:00:11
stefano.crapanzano@chu.ulg.ac.be,chrome stop visualizing in mobile - Recherche Google - Google Chrome,Tâches diverses,2021-01-27,10:47:04,00:00:14
stefano.crapanzano@chu.ulg.ac.be,chrome stop visualizing in mobile dev tools - Recherche Google - Google Chrome,Tâches diverses,2021-01-27,10:47:18,00:00:03
stefano.crapanzano@chu.ulg.ac.be,chrome stop visualizing in mobile dev tools - Recherche Google - Google Chrome,Tâches diverses,2021-01-27,10:50:28,00:00:03
stefano.crapanzano@chu.ulg.ac.be,jquery datatable load faster - Recherche Google - Google Chrome,Tâches diverses,2021-01-27,10:53:56,00:00:07
stefano.crapanzano@chu.ulg.ac.be,jquery datatable load faster big table - Recherche Google - Google Chrome,Tâches diverses,2021-01-27,10:54:03,00:00:03
stefano.crapanzano@chu.ulg.ac.be,jquery datatable load faster big table - Recherche Google - Google Chrome,Tâches diverses,2021-01-27,10:54:52,00:00:04
stefano.crapanzano@chu.ulg.ac.be,HOW TO MAKE DATATABLES LOAD FASTER DEALING LARGE DATASETS (1million row) — DataTables forums - Google Chrome,Tâches diverses,2021-01-27,10:54:07,00:00:45
stefano.crapanzano@chu.ulg.ac.be,Speed up the data table load on the client side — DataTables forums - Google Chrome,Tâches diverses,2021-01-27,10:54:57,00:00:08
stefano.crapanzano@chu.ulg.ac.be,Speed up the data table load on the client side — DataTables forums - Google Chrome,Tâches diverses,2021-01-27,10:57:03,00:00:10
stefano.crapanzano@chu.ulg.ac.be,deferRender - Google Chrome,Tâches diverses,2021-01-27,10:55:06,00:00:55
stefano.crapanzano@chu.ulg.ac.be,deferRender - Google Chrome,Tâches diverses,2021-01-27,10:56:23,00:00:07
stefano.crapanzano@chu.ulg.ac.be,deferRender - Google Chrome,Tâches diverses,2021-01-27,10:56:49,00:00:13
stefano.crapanzano@chu.ulg.ac.be,deferRender - Google Chrome,Tâches diverses,2021-01-27,10:57:13,00:00:09
stefano.crapanzano@chu.ulg.ac.be,ajax - Google Chrome,Tâches diverses,2021-01-27,10:57:23,00:01:33
stefano.crapanzano@chu.ulg.ac.be,django load table from ajax call - Recherche Google - Google Chrome,Tâches diverses,2021-01-27,10:59:03,00:00:03
stefano.crapanzano@chu.ulg.ac.be,django load table from ajax call - Recherche Google - Google Chrome,Tâches diverses,2021-01-27,11:01:51,00:00:10
stefano.crapanzano@chu.ulg.ac.be,Django AJAX call: Referencing Table in JS - Stack Overflow - Google Chrome,Tâches diverses,2021-01-27,10:59:07,00:00:41
stefano.crapanzano@chu.ulg.ac.be,Django AJAX call: Referencing Table in JS - Stack Overflow - Google Chrome,Tâches diverses,2021-01-27,11:01:47,00:00:03
stefano.crapanzano@chu.ulg.ac.be,django return objects as json - Recherche Google - Google Chrome,Tâches diverses,2021-01-27,11:02:01,00:00:04
stefano.crapanzano@chu.ulg.ac.be,django return objects as json - Recherche Google - Google Chrome,Tâches diverses,2021-01-27,11:02:16,00:00:12
stefano.crapanzano@chu.ulg.ac.be,How to Return JSON-Encoded Response - Google Chrome,Tâches diverses,2021-01-27,11:02:06,00:00:09
stefano.crapanzano@chu.ulg.ac.be,django return objects all as json - Recherche Google - Google Chrome,Tâches diverses,2021-01-27,11:02:28,00:00:02
stefano.crapanzano@chu.ulg.ac.be,Convert Model.Objects.all() to JSON in python using django - Stack Overflow - Google Chrome,Tâches diverses,2021-01-27,11:02:30,00:00:15
stefano.crapanzano@chu.ulg.ac.be,Convert Model.Objects.all() to JSON in python using django - Stack Overflow - Google Chrome,Tâches diverses,2021-01-27,11:09:11,00:00:03
stefano.crapanzano@chu.ulg.ac.be,127.0.0.1 - Google Chrome,Tâches diverses,2021-01-27,11:33:23,00:00:10
stefano.crapanzano@chu.ulg.ac.be,127.0.0.1 - Google Chrome,Tâches diverses,2021-01-27,11:35:12,00:00:07
stefano.crapanzano@chu.ulg.ac.be,NoReverseMatch at / - Google Chrome,Tâches diverses,2021-01-27,11:53:40,00:00:04
stefano.crapanzano@chu.ulg.ac.be,Page not found at /api/intrastat_detail - Google Chrome,Tâches diverses,2021-01-27,12:10:19,00:00:04
stefano.crapanzano@chu.ulg.ac.be,Page not found at /api/intrastat_detail - Google Chrome,Tâches diverses,2021-01-27,12:16:21,00:00:04
stefano.crapanzano@chu.ulg.ac.be,Page not found at /api/intrastat_detail - Google Chrome,Tâches diverses,2021-01-27,12:16:42,00:00:08
stefano.crapanzano@chu.ulg.ac.be,Page not found at /api/ - Google Chrome,Tâches diverses,2021-01-27,12:10:24,00:00:04
stefano.crapanzano@chu.ulg.ac.be,Page not found at /api/ - Google Chrome,Tâches diverses,2021-01-27,12:16:15,00:00:06
stefano.crapanzano@chu.ulg.ac.be,TemplateDoesNotExist at /api/intrastat_detail/ - Google Chrome,Tâches diverses,2021-01-27,12:16:50,00:00:05
stefano.crapanzano@chu.ulg.ac.be,TemplateDoesNotExist at /api/intrastat_detail/ - Google Chrome,Tâches diverses,2021-01-27,12:17:47,00:00:12
stefano.crapanzano@chu.ulg.ac.be,TemplateDoesNotExist at /api/intrastat/ - Google Chrome,Tâches diverses,2021-01-27,12:17:59,00:00:07
stefano.crapanzano@chu.ulg.ac.be,TemplateDoesNotExist at /api/intrastat/ - Google Chrome,Tâches diverses,2021-01-27,12:20:20,00:00:03
stefano.crapanzano@chu.ulg.ac.be,TemplateDoesNotExist at /api/intrastat/ - Google Chrome,Tâches diverses,2021-01-27,12:21:33,00:00:02
stefano.crapanzano@chu.ulg.ac.be,TemplateDoesNotExist at /api/intrastat/ - Google Chrome,Tâches diverses,2021-01-27,12:22:48,00:00:16
stefano.crapanzano@chu.ulg.ac.be,TemplateDoesNotExist at /api/intrastat/ - Google Chrome,Tâches diverses,2021-01-27,12:25:26,00:00:22
stefano.crapanzano@chu.ulg.ac.be,TemplateDoesNotExist at /api/intrastat/ - Google Chrome,Tâches diverses,2021-01-27,12:25:57,00:00:04
stefano.crapanzano@chu.ulg.ac.be,TemplateDoesNotExist at /api/intrastat/ - Google Chrome,Tâches diverses,2021-01-27,12:26:10,00:00:26
stefano.crapanzano@chu.ulg.ac.be,TemplateDoesNotExist Exception Value: rest_framework/api.html - Recherche Google - Google Chrome,Tâches diverses,2021-01-27,12:18:07,00:00:10
stefano.crapanzano@chu.ulg.ac.be,TemplateDoesNotExist Exception Value: rest_framework/api.html - Recherche Google - Google Chrome,Tâches diverses,2021-01-27,12:18:24,00:00:03
stefano.crapanzano@chu.ulg.ac.be,TemplateDoesNotExist Exception Value: rest_framework/api.html - Recherche Google - Google Chrome,Tâches diverses,2021-01-27,12:18:52,00:00:02
stefano.crapanzano@chu.ulg.ac.be,TemplateDoesNotExist Exception Value: rest_framework/api.html - Recherche Google - Google Chrome,Tâches diverses,2021-01-27,12:20:24,00:00:08
stefano.crapanzano@chu.ulg.ac.be,Erreur liée à la confidentialité - Google Chrome,Tâches diverses,2021-01-27,12:18:18,00:00:06
stefano.crapanzano@chu.ulg.ac.be,django.template.exceptions.TemplateDoesNotExist: rest_framework/api.html · Issue #29 · encode/rest-framework-tutorial · GitHub - Google Chrome,Tâches diverses,2021-01-27,12:18:28,00:00:24
stefano.crapanzano@chu.ulg.ac.be,Error: TemplateDoesNotExist at rest_framework/api.html · Issue #2 · kennethsn/django-wikidata-api · GitHub - Google Chrome,Tâches diverses,2021-01-27,12:18:54,00:00:15
stefano.crapanzano@chu.ulg.ac.be,Error: TemplateDoesNotExist at rest_framework/api.html · Issue #2 · kennethsn/django-wikidata-api · GitHub - Google Chrome,Tâches diverses,2021-01-27,12:19:22,00:00:02
stefano.crapanzano@chu.ulg.ac.be,Page not found at /api/instarstat - Google Chrome,Tâches diverses,2021-01-27,12:19:32,00:00:16
stefano.crapanzano@chu.ulg.ac.be,Page not found at /api/instarstat/ - Google Chrome,Tâches diverses,2021-01-27,12:19:48,00:00:16
stefano.crapanzano@chu.ulg.ac.be,Page not found at /api/instrastat/ - Google Chrome,Tâches diverses,2021-01-27,12:20:05,00:00:14
stefano.crapanzano@chu.ulg.ac.be,Google Groupes - Google Chrome,Tâches diverses,2021-01-27,12:20:33,00:00:02
stefano.crapanzano@chu.ulg.ac.be,TemplateDoesNotExist: djangorestframework/api.html - Google Chrome,Tâches diverses,2021-01-27,12:20:36,00:00:07
stefano.crapanzano@chu.ulg.ac.be,Home - Django REST framework - Google Chrome,Tâches diverses,2021-01-27,12:21:43,00:00:14
stefano.crapanzano@chu.ulg.ac.be,Home - Django REST framework - Google Chrome,Tâches diverses,2021-01-27,12:22:06,00:00:02
stefano.crapanzano@chu.ulg.ac.be,Home - Django REST framework - Google Chrome,Tâches diverses,2021-01-27,12:22:14,00:00:02
stefano.crapanzano@chu.ulg.ac.be,Home - Django REST framework - Google Chrome,Tâches diverses,2021-01-27,12:22:24,00:00:13
stefano.crapanzano@chu.ulg.ac.be,django.template.exceptions.TemplateDoesNotExist: rest_framework/api.html - Recherche Google - Google Chrome,Tâches diverses,2021-01-27,12:23:24,00:00:02
stefano.crapanzano@chu.ulg.ac.be,Django: TemplateDoesNotExist (rest_framework/api.html) - Stack Overflow - Google Chrome,Tâches diverses,2021-01-27,12:23:26,00:00:39
stefano.crapanzano@chu.ulg.ac.be,Django: TemplateDoesNotExist (rest_framework/api.html) - Stack Overflow - Google Chrome,Tâches diverses,2021-01-27,12:26:05,00:00:04
stefano.crapanzano@chu.ulg.ac.be,Intrastat Detail List – Django REST framework - Google Chrome,Tâches diverses,2021-01-27,12:26:40,00:00:10
stefano.crapanzano@chu.ulg.ac.be,Intrastat Detail List – Django REST framework - Google Chrome,Tâches diverses,2021-01-27,12:26:52,00:00:03
stefano.crapanzano@chu.ulg.ac.be,Intrastat Detail List – Django REST framework - Google Chrome,Tâches diverses,2021-01-27,12:27:02,00:00:06
stefano.crapanzano@chu.ulg.ac.be,django datatable ajax - Recherche Google - Google Chrome,Tâches diverses,2021-01-27,12:27:14,00:00:02
stefano.crapanzano@chu.ulg.ac.be,django-ajax-datatable · PyPI - Google Chrome,Tâches diverses,2021-01-27,12:27:17,00:00:10
stefano.crapanzano@chu.ulg.ac.be,django-ajax-datatable · PyPI - Google Chrome,Tâches diverses,2021-01-27,12:27:35,00:00:04
stefano.crapanzano@chu.ulg.ac.be,django-ajax-datatable · PyPI - Google Chrome,Tâches diverses,2021-01-27,12:27:49,00:00:11
stefano.crapanzano@chu.ulg.ac.be,django-ajax-datatable · PyPI - Google Chrome,Tâches diverses,2021-01-27,12:28:11,00:00:07
stefano.crapanzano@chu.ulg.ac.be,django-ajax-datatable · PyPI - Google Chrome,Tâches diverses,2021-01-27,12:28:41,00:00:07
stefano.crapanzano@chu.ulg.ac.be,django-ajax-datatable · PyPI - Google Chrome,Tâches diverses,2021-01-27,12:28:54,00:00:04
stefano.crapanzano@chu.ulg.ac.be,django-ajax-datatable · PyPI - Google Chrome,Tâches diverses,2021-01-27,12:29:12,00:00:10
stefano.crapanzano@chu.ulg.ac.be,django-ajax-datatable · PyPI - Google Chrome,Tâches diverses,2021-01-27,12:29:29,00:00:15
stefano.crapanzano@chu.ulg.ac.be,django-ajax-datatable · PyPI - Google Chrome,Tâches diverses,2021-01-27,12:29:54,00:00:15
stefano.crapanzano@chu.ulg.ac.be,django-ajax-datatable · PyPI - Google Chrome,Tâches diverses,2021-01-27,12:30:17,00:00:07
stefano.crapanzano@chu.ulg.ac.be,django-ajax-datatable · PyPI - Google Chrome,Tâches diverses,2021-01-27,12:31:08,00:00:54
stefano.crapanzano@chu.ulg.ac.be,django-ajax-datatable · PyPI - Google Chrome,Tâches diverses,2021-01-27,12:32:30,00:00:13
stefano.crapanzano@chu.ulg.ac.be,django-ajax-datatable · PyPI - Google Chrome,Tâches diverses,2021-01-27,12:32:48,00:00:43
