Email,Description,Project,Start date,Start time,Duration
stefano.crapanzano@chu.ulg.ac.be,Boîte de Réception - Zimbra - Stefano Crapanzano - Outlook,Helpdesk général,2021-01-25,08:30:03,00:00:04
stefano.crapanzano@chu.ulg.ac.be,Boîte de Réception - Zimbra - Stefano Crapanzano - Outlook,Helpdesk général,2021-01-25,08:30:14,00:00:03
stefano.crapanzano@chu.ulg.ac.be,Boîte de Réception - Zimbra - Stefano Crapanzano - Outlook,Helpdesk général,2021-01-25,08:39:35,00:00:03
stefano.crapanzano@chu.ulg.ac.be,Boîte de Réception - Zimbra - Stefano Crapanzano - Outlook,Helpdesk général,2021-01-25,08:41:08,00:00:04
stefano.crapanzano@chu.ulg.ac.be,Boîte de Réception - Zimbra - Stefano Crapanzano - Outlook,Helpdesk général,2021-01-25,09:13:46,00:00:02
stefano.crapanzano@chu.ulg.ac.be,Boîte de Réception - Zimbra - Stefano Crapanzano - Outlook,Helpdesk général,2021-01-25,09:24:43,00:00:02
stefano.crapanzano@chu.ulg.ac.be,Boîte de Réception - Zimbra - Stefano Crapanzano - Outlook,Helpdesk général,2021-01-25,09:38:21,00:00:02
stefano.crapanzano@chu.ulg.ac.be,Boîte de Réception - Zimbra - Stefano Crapanzano - Outlook,Helpdesk général,2021-01-25,09:55:38,00:01:56
stefano.crapanzano@chu.ulg.ac.be,Boîte de Réception - Zimbra - Stefano Crapanzano - Outlook,Helpdesk général,2021-01-25,10:12:01,00:00:02
stefano.crapanzano@chu.ulg.ac.be,Boîte de Réception - Zimbra - Stefano Crapanzano - Outlook,Helpdesk général,2021-01-25,10:28:32,00:00:02
stefano.crapanzano@chu.ulg.ac.be,Boîte de Réception - Zimbra - Stefano Crapanzano - Outlook,Helpdesk général,2021-01-25,10:29:45,00:00:03
stefano.crapanzano@chu.ulg.ac.be,Boîte de Réception - Zimbra - Stefano Crapanzano - Outlook,Helpdesk général,2021-01-25,10:29:50,00:00:02
stefano.crapanzano@chu.ulg.ac.be,Boîte de Réception - Zimbra - Stefano Crapanzano - Outlook,Helpdesk général,2021-01-25,10:31:16,00:00:03
stefano.crapanzano@chu.ulg.ac.be,Boîte de Réception - Zimbra - Stefano Crapanzano - Outlook,Helpdesk général,2021-01-25,10:35:42,00:00:02
stefano.crapanzano@chu.ulg.ac.be,Boîte de Réception - Zimbra - Stefano Crapanzano - Outlook,Helpdesk général,2021-01-25,10:44:08,00:04:14
stefano.crapanzano@chu.ulg.ac.be,Boîte de Réception - Zimbra - Stefano Crapanzano - Outlook,Helpdesk général,2021-01-25,10:49:24,00:00:02
stefano.crapanzano@chu.ulg.ac.be,Boîte de Réception - Zimbra - Stefano Crapanzano - Outlook,Helpdesk général,2021-01-25,10:57:40,00:01:20
stefano.crapanzano@chu.ulg.ac.be,Boîte de Réception - Zimbra - Stefano Crapanzano - Outlook,Helpdesk général,2021-01-25,11:02:24,00:00:02
stefano.crapanzano@chu.ulg.ac.be,Boîte de Réception - Zimbra - Stefano Crapanzano - Outlook,Helpdesk général,2021-01-25,11:14:45,00:00:08
stefano.crapanzano@chu.ulg.ac.be,Boîte de Réception - Zimbra - Stefano Crapanzano - Outlook,Helpdesk général,2021-01-25,11:15:49,00:00:02
stefano.crapanzano@chu.ulg.ac.be,Boîte de Réception - Zimbra - Stefano Crapanzano - Outlook,Helpdesk général,2021-01-25,11:30:01,00:00:02
stefano.crapanzano@chu.ulg.ac.be,Boîte de Réception - Zimbra - Stefano Crapanzano - Outlook,Helpdesk général,2021-01-25,12:03:11,00:00:02
stefano.crapanzano@chu.ulg.ac.be,Boîte de Réception - Zimbra - Stefano Crapanzano - Outlook,Helpdesk général,2021-01-25,12:18:52,00:00:02
stefano.crapanzano@chu.ulg.ac.be,Boîte de Réception - Zimbra - Stefano Crapanzano - Outlook,Helpdesk général,2021-01-25,12:23:59,00:00:02
stefano.crapanzano@chu.ulg.ac.be,Boîte de Réception - Zimbra - Stefano Crapanzano - Outlook,Helpdesk général,2021-01-25,13:05:53,00:00:02
stefano.crapanzano@chu.ulg.ac.be,Boîte de Réception - Zimbra - Stefano Crapanzano - Outlook,Helpdesk général,2021-01-25,13:15:20,00:10:39
stefano.crapanzano@chu.ulg.ac.be,Boîte de Réception - Zimbra - Stefano Crapanzano - Outlook,Helpdesk général,2021-01-25,16:14:08,00:00:02
stefano.crapanzano@chu.ulg.ac.be,Boîte de Réception - Zimbra - Stefano Crapanzano - Outlook,Helpdesk général,2021-01-25,16:37:24,00:00:03
stefano.crapanzano@chu.ulg.ac.be,Boîte de Réception - Zimbra - Stefano Crapanzano - Outlook,Helpdesk général,2021-01-25,16:38:30,00:00:44
stefano.crapanzano@chu.ulg.ac.be,Boîte de Réception - Zimbra - Stefano Crapanzano - Outlook,Helpdesk général,2021-01-25,16:52:07,00:00:02
stefano.crapanzano@chu.ulg.ac.be,Boîte de Réception - Zimbra - Stefano Crapanzano - Outlook,Helpdesk général,2021-01-25,16:53:13,00:00:02
stefano.crapanzano@chu.ulg.ac.be,Boîte de réception - erp.sai@chuliege.be - Outlook,Helpdesk général,2021-01-25,08:30:08,00:00:06
stefano.crapanzano@chu.ulg.ac.be,Boîte de réception - erp.sai@chuliege.be - Outlook,Helpdesk général,2021-01-25,08:39:39,00:00:09
stefano.crapanzano@chu.ulg.ac.be,Boîte de réception - erp.sai@chuliege.be - Outlook,Helpdesk général,2021-01-25,08:41:13,00:00:07
stefano.crapanzano@chu.ulg.ac.be,Boîte de réception - erp.sai@chuliege.be - Outlook,Helpdesk général,2021-01-25,09:08:39,00:00:40
stefano.crapanzano@chu.ulg.ac.be,Boîte de réception - erp.sai@chuliege.be - Outlook,Helpdesk général,2021-01-25,09:13:49,00:10:54
stefano.crapanzano@chu.ulg.ac.be,Boîte de réception - erp.sai@chuliege.be - Outlook,Helpdesk général,2021-01-25,09:24:45,00:00:10
stefano.crapanzano@chu.ulg.ac.be,Boîte de réception - erp.sai@chuliege.be - Outlook,Helpdesk général,2021-01-25,09:24:57,00:00:14
stefano.crapanzano@chu.ulg.ac.be,Boîte de réception - erp.sai@chuliege.be - Outlook,Helpdesk général,2021-01-25,09:25:13,00:00:32
stefano.crapanzano@chu.ulg.ac.be,Boîte de réception - erp.sai@chuliege.be - Outlook,Helpdesk général,2021-01-25,09:25:46,00:00:19
stefano.crapanzano@chu.ulg.ac.be,Boîte de réception - erp.sai@chuliege.be - Outlook,Helpdesk général,2021-01-25,09:27:54,00:00:16
stefano.crapanzano@chu.ulg.ac.be,Boîte de réception - erp.sai@chuliege.be - Outlook,Helpdesk général,2021-01-25,09:29:48,00:00:20
stefano.crapanzano@chu.ulg.ac.be,Boîte de réception - erp.sai@chuliege.be - Outlook,Helpdesk général,2021-01-25,09:30:11,00:00:33
stefano.crapanzano@chu.ulg.ac.be,Boîte de réception - erp.sai@chuliege.be - Outlook,Helpdesk général,2021-01-25,09:32:00,00:02:03
stefano.crapanzano@chu.ulg.ac.be,Boîte de réception - erp.sai@chuliege.be - Outlook,Helpdesk général,2021-01-25,09:34:14,00:00:20
stefano.crapanzano@chu.ulg.ac.be,Boîte de réception - erp.sai@chuliege.be - Outlook,Helpdesk général,2021-01-25,09:38:18,00:00:02
stefano.crapanzano@chu.ulg.ac.be,Boîte de réception - erp.sai@chuliege.be - Outlook,Helpdesk général,2021-01-25,09:38:23,00:00:02
stefano.crapanzano@chu.ulg.ac.be,Boîte de réception - erp.sai@chuliege.be - Outlook,Helpdesk général,2021-01-25,09:38:27,00:04:32
stefano.crapanzano@chu.ulg.ac.be,Boîte de réception - erp.sai@chuliege.be - Outlook,Helpdesk général,2021-01-25,09:45:23,00:07:34
stefano.crapanzano@chu.ulg.ac.be,Boîte de réception - erp.sai@chuliege.be - Outlook,Helpdesk général,2021-01-25,09:53:32,00:00:19
stefano.crapanzano@chu.ulg.ac.be,Boîte de réception - erp.sai@chuliege.be - Outlook,Helpdesk général,2021-01-25,09:58:37,00:00:07
stefano.crapanzano@chu.ulg.ac.be,Boîte de réception - erp.sai@chuliege.be - Outlook,Helpdesk général,2021-01-25,09:58:48,00:00:15
stefano.crapanzano@chu.ulg.ac.be,Boîte de réception - erp.sai@chuliege.be - Outlook,Helpdesk général,2021-01-25,10:11:39,00:00:22
stefano.crapanzano@chu.ulg.ac.be,Boîte de réception - erp.sai@chuliege.be - Outlook,Helpdesk général,2021-01-25,10:12:07,00:00:02
stefano.crapanzano@chu.ulg.ac.be,Boîte de réception - erp.sai@chuliege.be - Outlook,Helpdesk général,2021-01-25,10:28:34,00:00:03
stefano.crapanzano@chu.ulg.ac.be,Boîte de réception - erp.sai@chuliege.be - Outlook,Helpdesk général,2021-01-25,10:35:47,00:00:03
stefano.crapanzano@chu.ulg.ac.be,Boîte de réception - erp.sai@chuliege.be - Outlook,Helpdesk général,2021-01-25,10:40:18,00:00:02
stefano.crapanzano@chu.ulg.ac.be,Boîte de réception - erp.sai@chuliege.be - Outlook,Helpdesk général,2021-01-25,10:44:06,00:00:02
stefano.crapanzano@chu.ulg.ac.be,Boîte de réception - erp.sai@chuliege.be - Outlook,Helpdesk général,2021-01-25,10:48:23,00:00:04
stefano.crapanzano@chu.ulg.ac.be,Boîte de réception - erp.sai@chuliege.be - Outlook,Helpdesk général,2021-01-25,10:49:26,00:00:48
stefano.crapanzano@chu.ulg.ac.be,Boîte de réception - erp.sai@chuliege.be - Outlook,Helpdesk général,2021-01-25,10:50:16,00:00:02
stefano.crapanzano@chu.ulg.ac.be,Boîte de réception - erp.sai@chuliege.be - Outlook,Helpdesk général,2021-01-25,10:59:00,00:00:02
stefano.crapanzano@chu.ulg.ac.be,Boîte de réception - erp.sai@chuliege.be - Outlook,Helpdesk général,2021-01-25,11:01:22,00:00:02
stefano.crapanzano@chu.ulg.ac.be,Boîte de réception - erp.sai@chuliege.be - Outlook,Helpdesk général,2021-01-25,11:01:27,00:00:20
stefano.crapanzano@chu.ulg.ac.be,Boîte de réception - erp.sai@chuliege.be - Outlook,Helpdesk général,2021-01-25,11:02:29,00:00:07
stefano.crapanzano@chu.ulg.ac.be,Boîte de réception - erp.sai@chuliege.be - Outlook,Helpdesk général,2021-01-25,11:02:54,00:00:16
stefano.crapanzano@chu.ulg.ac.be,Boîte de réception - erp.sai@chuliege.be - Outlook,Helpdesk général,2021-01-25,11:03:13,00:00:03
stefano.crapanzano@chu.ulg.ac.be,Boîte de réception - erp.sai@chuliege.be - Outlook,Tâches diverses,2021-01-25,11:03:30,00:00:03
stefano.crapanzano@chu.ulg.ac.be,Boîte de réception - erp.sai@chuliege.be - Outlook,Helpdesk général,2021-01-25,11:05:51,00:00:09
stefano.crapanzano@chu.ulg.ac.be,Boîte de réception - erp.sai@chuliege.be - Outlook,Helpdesk général,2021-01-25,11:14:41,00:00:03
stefano.crapanzano@chu.ulg.ac.be,Boîte de réception - erp.sai@chuliege.be - Outlook,Helpdesk général,2021-01-25,11:15:52,00:00:02
stefano.crapanzano@chu.ulg.ac.be,Boîte de réception - erp.sai@chuliege.be - Outlook,Helpdesk général,2021-01-25,11:15:58,00:00:02
stefano.crapanzano@chu.ulg.ac.be,Boîte de réception - erp.sai@chuliege.be - Outlook,Helpdesk général,2021-01-25,11:29:59,00:00:02
stefano.crapanzano@chu.ulg.ac.be,Boîte de réception - erp.sai@chuliege.be - Outlook,Helpdesk général,2021-01-25,11:30:04,00:02:56
stefano.crapanzano@chu.ulg.ac.be,Boîte de réception - erp.sai@chuliege.be - Outlook,Helpdesk général,2021-01-25,11:33:01,00:00:02
stefano.crapanzano@chu.ulg.ac.be,Boîte de réception - erp.sai@chuliege.be - Outlook,Helpdesk général,2021-01-25,11:46:20,00:03:35
stefano.crapanzano@chu.ulg.ac.be,Boîte de réception - erp.sai@chuliege.be - Outlook,Helpdesk général,2021-01-25,11:53:07,00:00:07
stefano.crapanzano@chu.ulg.ac.be,Boîte de réception - erp.sai@chuliege.be - Outlook,Helpdesk général,2021-01-25,11:54:08,00:00:04
stefano.crapanzano@chu.ulg.ac.be,Boîte de réception - erp.sai@chuliege.be - Outlook,Helpdesk général,2021-01-25,12:03:14,00:00:03
stefano.crapanzano@chu.ulg.ac.be,Boîte de réception - erp.sai@chuliege.be - Outlook,Helpdesk général,2021-01-25,12:07:32,00:00:03
stefano.crapanzano@chu.ulg.ac.be,Boîte de réception - erp.sai@chuliege.be - Outlook,Helpdesk général,2021-01-25,12:07:39,00:00:08
stefano.crapanzano@chu.ulg.ac.be,Boîte de réception - erp.sai@chuliege.be - Outlook,Helpdesk général,2021-01-25,12:07:49,00:00:02
stefano.crapanzano@chu.ulg.ac.be,Boîte de réception - erp.sai@chuliege.be - Outlook,Helpdesk général,2021-01-25,12:09:05,00:00:02
stefano.crapanzano@chu.ulg.ac.be,Boîte de réception - erp.sai@chuliege.be - Outlook,Helpdesk général,2021-01-25,12:10:13,00:00:07
stefano.crapanzano@chu.ulg.ac.be,Boîte de réception - erp.sai@chuliege.be - Outlook,Helpdesk général,2021-01-25,12:10:23,00:00:09
stefano.crapanzano@chu.ulg.ac.be,Boîte de réception - erp.sai@chuliege.be - Outlook,Helpdesk général,2021-01-25,12:15:53,00:00:02
stefano.crapanzano@chu.ulg.ac.be,Boîte de réception - erp.sai@chuliege.be - Outlook,Helpdesk général,2021-01-25,12:15:59,00:00:38
stefano.crapanzano@chu.ulg.ac.be,Boîte de réception - erp.sai@chuliege.be - Outlook,Helpdesk général,2021-01-25,12:16:42,00:00:02
stefano.crapanzano@chu.ulg.ac.be,Boîte de réception - erp.sai@chuliege.be - Outlook,Helpdesk général,2021-01-25,12:18:48,00:00:03
stefano.crapanzano@chu.ulg.ac.be,Boîte de réception - erp.sai@chuliege.be - Outlook,Helpdesk général,2021-01-25,12:18:54,00:00:03
stefano.crapanzano@chu.ulg.ac.be,Boîte de réception - erp.sai@chuliege.be - Outlook,Helpdesk général,2021-01-25,12:19:01,00:00:16
stefano.crapanzano@chu.ulg.ac.be,Boîte de réception - erp.sai@chuliege.be - Outlook,Helpdesk général,2021-01-25,12:19:35,00:00:35
stefano.crapanzano@chu.ulg.ac.be,Boîte de réception - erp.sai@chuliege.be - Outlook,Helpdesk général,2021-01-25,12:20:19,00:00:03
stefano.crapanzano@chu.ulg.ac.be,Boîte de réception - erp.sai@chuliege.be - Outlook,Helpdesk général,2021-01-25,12:20:26,00:01:26
stefano.crapanzano@chu.ulg.ac.be,Boîte de réception - erp.sai@chuliege.be - Outlook,Helpdesk général,2021-01-25,12:22:14,00:00:08
stefano.crapanzano@chu.ulg.ac.be,Boîte de réception - erp.sai@chuliege.be - Outlook,Helpdesk général,2021-01-25,12:24:02,00:00:02
stefano.crapanzano@chu.ulg.ac.be,Boîte de réception - erp.sai@chuliege.be - Outlook,Helpdesk général,2021-01-25,12:24:08,00:00:04
stefano.crapanzano@chu.ulg.ac.be,Boîte de réception - erp.sai@chuliege.be - Outlook,Helpdesk général,2021-01-25,12:43:10,00:03:45
stefano.crapanzano@chu.ulg.ac.be,Boîte de réception - erp.sai@chuliege.be - Outlook,Helpdesk général,2021-01-25,12:46:57,00:00:02
stefano.crapanzano@chu.ulg.ac.be,Boîte de réception - erp.sai@chuliege.be - Outlook,Helpdesk général,2021-01-25,13:01:06,00:00:08
stefano.crapanzano@chu.ulg.ac.be,Boîte de réception - erp.sai@chuliege.be - Outlook,Helpdesk général,2021-01-25,13:05:49,00:00:03
stefano.crapanzano@chu.ulg.ac.be,Boîte de réception - erp.sai@chuliege.be - Outlook,Helpdesk général,2021-01-25,13:06:00,00:00:09
stefano.crapanzano@chu.ulg.ac.be,Boîte de réception - erp.sai@chuliege.be - Outlook,Helpdesk général,2021-01-25,13:07:26,00:00:04
stefano.crapanzano@chu.ulg.ac.be,Boîte de réception - erp.sai@chuliege.be - Outlook,Helpdesk général,2021-01-25,13:07:33,00:00:02
stefano.crapanzano@chu.ulg.ac.be,Boîte de réception - erp.sai@chuliege.be - Outlook,Helpdesk général,2021-01-25,13:10:41,00:00:02
stefano.crapanzano@chu.ulg.ac.be,Boîte de réception - erp.sai@chuliege.be - Outlook,Helpdesk général,2021-01-25,13:11:05,00:00:02
stefano.crapanzano@chu.ulg.ac.be,Boîte de réception - erp.sai@chuliege.be - Outlook,Helpdesk général,2021-01-25,13:12:02,00:00:02
stefano.crapanzano@chu.ulg.ac.be,Boîte de réception - erp.sai@chuliege.be - Outlook,Helpdesk général,2021-01-25,13:12:15,00:00:03
stefano.crapanzano@chu.ulg.ac.be,Boîte de réception - erp.sai@chuliege.be - Outlook,Helpdesk général,2021-01-25,13:26:00,00:01:45
stefano.crapanzano@chu.ulg.ac.be,Boîte de réception - erp.sai@chuliege.be - Outlook,Helpdesk général,2021-01-25,13:27:48,00:00:05
stefano.crapanzano@chu.ulg.ac.be,Boîte de réception - erp.sai@chuliege.be - Outlook,Helpdesk général,2021-01-25,13:29:21,00:00:13
stefano.crapanzano@chu.ulg.ac.be,Boîte de réception - erp.sai@chuliege.be - Outlook,Helpdesk général,2021-01-25,13:29:49,00:04:30
stefano.crapanzano@chu.ulg.ac.be,Boîte de réception - erp.sai@chuliege.be - Outlook,Helpdesk général,2021-01-25,13:34:36,00:00:03
stefano.crapanzano@chu.ulg.ac.be,Boîte de réception - erp.sai@chuliege.be - Outlook,Helpdesk général,2021-01-25,13:41:54,00:00:08
stefano.crapanzano@chu.ulg.ac.be,Boîte de réception - erp.sai@chuliege.be - Outlook,Helpdesk général,2021-01-25,13:42:03,00:00:31
stefano.crapanzano@chu.ulg.ac.be,Boîte de réception - erp.sai@chuliege.be - Outlook,Helpdesk général,2021-01-25,13:43:01,00:00:06
stefano.crapanzano@chu.ulg.ac.be,Boîte de réception - erp.sai@chuliege.be - Outlook,Helpdesk général,2021-01-25,13:45:57,00:00:05
stefano.crapanzano@chu.ulg.ac.be,Boîte de réception - erp.sai@chuliege.be - Outlook,Helpdesk général,2021-01-25,13:53:27,00:00:04
stefano.crapanzano@chu.ulg.ac.be,Boîte de réception - erp.sai@chuliege.be - Outlook,Helpdesk général,2021-01-25,13:56:37,00:00:16
stefano.crapanzano@chu.ulg.ac.be,Boîte de réception - erp.sai@chuliege.be - Outlook,Helpdesk général,2021-01-25,13:57:12,00:00:05
stefano.crapanzano@chu.ulg.ac.be,Boîte de réception - erp.sai@chuliege.be - Outlook,Helpdesk général,2021-01-25,14:49:43,00:01:33
stefano.crapanzano@chu.ulg.ac.be,Boîte de réception - erp.sai@chuliege.be - Outlook,Helpdesk général,2021-01-25,15:10:14,00:00:10
stefano.crapanzano@chu.ulg.ac.be,Boîte de réception - erp.sai@chuliege.be - Outlook,Helpdesk général,2021-01-25,15:10:34,00:00:06
stefano.crapanzano@chu.ulg.ac.be,Boîte de réception - erp.sai@chuliege.be - Outlook,Helpdesk général,2021-01-25,15:13:19,00:00:02
stefano.crapanzano@chu.ulg.ac.be,Boîte de réception - erp.sai@chuliege.be - Outlook,Helpdesk général,2021-01-25,15:25:18,00:00:04
stefano.crapanzano@chu.ulg.ac.be,Boîte de réception - erp.sai@chuliege.be - Outlook,Helpdesk général,2021-01-25,15:26:55,00:00:02
stefano.crapanzano@chu.ulg.ac.be,Boîte de réception - erp.sai@chuliege.be - Outlook,Helpdesk général,2021-01-25,16:14:02,00:00:06
stefano.crapanzano@chu.ulg.ac.be,Boîte de réception - erp.sai@chuliege.be - Outlook,Helpdesk général,2021-01-25,16:14:14,00:00:20
stefano.crapanzano@chu.ulg.ac.be,Boîte de réception - erp.sai@chuliege.be - Outlook,Helpdesk général,2021-01-25,16:23:27,00:00:03
stefano.crapanzano@chu.ulg.ac.be,Boîte de réception - erp.sai@chuliege.be - Outlook,Helpdesk général,2021-01-25,16:39:14,00:03:28
stefano.crapanzano@chu.ulg.ac.be,Boîte de réception - erp.sai@chuliege.be - Outlook,Helpdesk général,2021-01-25,16:46:41,00:00:02
stefano.crapanzano@chu.ulg.ac.be,Boîte de réception - erp.sai@chuliege.be - Outlook,Helpdesk général,2021-01-25,16:46:57,00:00:02
stefano.crapanzano@chu.ulg.ac.be,Boîte de réception - erp.sai@chuliege.be - Outlook,Helpdesk général,2021-01-25,16:47:01,00:00:08
stefano.crapanzano@chu.ulg.ac.be,Boîte de réception - erp.sai@chuliege.be - Outlook,Helpdesk général,2021-01-25,16:47:46,00:00:21
stefano.crapanzano@chu.ulg.ac.be,Boîte de réception - erp.sai@chuliege.be - Outlook,Helpdesk général,2021-01-25,16:50:52,00:00:11
stefano.crapanzano@chu.ulg.ac.be,Boîte de réception - erp.sai@chuliege.be - Outlook,Helpdesk général,2021-01-25,16:53:15,00:00:02
stefano.crapanzano@chu.ulg.ac.be,Sent - erp.sai@chuliege.be - Outlook,Helpdesk général,2021-01-25,08:30:18,00:05:29
stefano.crapanzano@chu.ulg.ac.be,Sent - erp.sai@chuliege.be - Outlook,Helpdesk général,2021-01-25,08:39:33,00:00:02
stefano.crapanzano@chu.ulg.ac.be,Sent - erp.sai@chuliege.be - Outlook,Helpdesk général,2021-01-25,09:58:44,00:00:03
stefano.crapanzano@chu.ulg.ac.be,Sent - erp.sai@chuliege.be - Outlook,Helpdesk général,2021-01-25,10:12:04,00:00:03
stefano.crapanzano@chu.ulg.ac.be,Sent - erp.sai@chuliege.be - Outlook,Helpdesk général,2021-01-25,10:35:45,00:00:02
stefano.crapanzano@chu.ulg.ac.be,Sent - erp.sai@chuliege.be - Outlook,Helpdesk général,2021-01-25,10:35:51,00:03:00
stefano.crapanzano@chu.ulg.ac.be,Sent - erp.sai@chuliege.be - Outlook,Tâches diverses,2021-01-25,10:40:15,00:00:03
stefano.crapanzano@chu.ulg.ac.be,Sent - erp.sai@chuliege.be - Outlook,Helpdesk général,2021-01-25,10:48:28,00:00:56
stefano.crapanzano@chu.ulg.ac.be,Sent - erp.sai@chuliege.be - Outlook,Helpdesk général,2021-01-25,10:50:18,00:00:50
stefano.crapanzano@chu.ulg.ac.be,Sent - erp.sai@chuliege.be - Outlook,Helpdesk général,2021-01-25,10:57:37,00:00:02
stefano.crapanzano@chu.ulg.ac.be,Sent - erp.sai@chuliege.be - Outlook,Helpdesk général,2021-01-25,10:59:03,00:00:20
stefano.crapanzano@chu.ulg.ac.be,Sent - erp.sai@chuliege.be - Outlook,Helpdesk général,2021-01-25,11:01:24,00:00:02
stefano.crapanzano@chu.ulg.ac.be,Sent - erp.sai@chuliege.be - Outlook,Helpdesk général,2021-01-25,11:02:26,00:00:02
stefano.crapanzano@chu.ulg.ac.be,Sent - erp.sai@chuliege.be - Outlook,Helpdesk général,2021-01-25,11:03:11,00:00:02
stefano.crapanzano@chu.ulg.ac.be,Sent - erp.sai@chuliege.be - Outlook,Helpdesk général,2021-01-25,11:15:54,00:00:03
stefano.crapanzano@chu.ulg.ac.be,Sent - erp.sai@chuliege.be - Outlook,Helpdesk général,2021-01-25,11:33:04,00:00:28
stefano.crapanzano@chu.ulg.ac.be,Sent - erp.sai@chuliege.be - Outlook,Helpdesk général,2021-01-25,11:34:57,00:00:02
stefano.crapanzano@chu.ulg.ac.be,Sent - erp.sai@chuliege.be - Outlook,Helpdesk général,2021-01-25,11:46:17,00:00:02
stefano.crapanzano@chu.ulg.ac.be,Sent - erp.sai@chuliege.be - Outlook,Helpdesk général,2021-01-25,11:54:13,00:00:14
stefano.crapanzano@chu.ulg.ac.be,Sent - erp.sai@chuliege.be - Outlook,Helpdesk général,2021-01-25,12:02:57,00:00:11
stefano.crapanzano@chu.ulg.ac.be,Sent - erp.sai@chuliege.be - Outlook,Helpdesk général,2021-01-25,12:03:17,00:00:07
stefano.crapanzano@chu.ulg.ac.be,Sent - erp.sai@chuliege.be - Outlook,Helpdesk général,2021-01-25,12:07:28,00:00:03
stefano.crapanzano@chu.ulg.ac.be,Sent - erp.sai@chuliege.be - Outlook,Helpdesk général,2021-01-25,12:07:36,00:00:03
stefano.crapanzano@chu.ulg.ac.be,Sent - erp.sai@chuliege.be - Outlook,Helpdesk général,2021-01-25,12:10:20,00:00:02
stefano.crapanzano@chu.ulg.ac.be,Sent - erp.sai@chuliege.be - Outlook,Helpdesk général,2021-01-25,12:15:55,00:00:03
stefano.crapanzano@chu.ulg.ac.be,Sent - erp.sai@chuliege.be - Outlook,Helpdesk général,2021-01-25,12:18:58,00:00:03
stefano.crapanzano@chu.ulg.ac.be,Sent - erp.sai@chuliege.be - Outlook,Helpdesk général,2021-01-25,12:20:22,00:00:03
stefano.crapanzano@chu.ulg.ac.be,Sent - erp.sai@chuliege.be - Outlook,Helpdesk général,2021-01-25,12:24:04,00:00:03
stefano.crapanzano@chu.ulg.ac.be,Sent - erp.sai@chuliege.be - Outlook,Helpdesk général,2021-01-25,12:43:01,00:00:09
stefano.crapanzano@chu.ulg.ac.be,Sent - erp.sai@chuliege.be - Outlook,Helpdesk général,2021-01-25,12:46:59,00:00:02
stefano.crapanzano@chu.ulg.ac.be,Sent - erp.sai@chuliege.be - Outlook,Helpdesk général,2021-01-25,13:05:55,00:00:04
stefano.crapanzano@chu.ulg.ac.be,Sent - erp.sai@chuliege.be - Outlook,Helpdesk général,2021-01-25,13:11:07,00:00:08
stefano.crapanzano@chu.ulg.ac.be,Sent - erp.sai@chuliege.be - Outlook,Helpdesk général,2021-01-25,13:11:58,00:00:03
stefano.crapanzano@chu.ulg.ac.be,Sent - erp.sai@chuliege.be - Outlook,Helpdesk général,2021-01-25,13:27:46,00:00:02
stefano.crapanzano@chu.ulg.ac.be,Sent - erp.sai@chuliege.be - Outlook,Helpdesk général,2021-01-25,15:10:25,00:00:09
stefano.crapanzano@chu.ulg.ac.be,Sent - erp.sai@chuliege.be - Outlook,Helpdesk général,2021-01-25,15:13:17,00:00:02
stefano.crapanzano@chu.ulg.ac.be,Sent - erp.sai@chuliege.be - Outlook,Helpdesk général,2021-01-25,16:14:10,00:00:03
stefano.crapanzano@chu.ulg.ac.be,Sent - erp.sai@chuliege.be - Outlook,Helpdesk général,2021-01-25,16:54:52,00:00:02
stefano.crapanzano@chu.ulg.ac.be,Sent - erp.sai@chuliege.be - Outlook,Helpdesk général,2021-01-25,16:54:55,00:00:04
stefano.crapanzano@chu.ulg.ac.be,Sent - erp.sai@chuliege.be - Outlook,Helpdesk général,2021-01-25,17:00:02,00:00:04
stefano.crapanzano@chu.ulg.ac.be,Programmation,IT,2021-01-25,08:35:48,00:00:12
stefano.crapanzano@chu.ulg.ac.be,Programmation,IT,2021-01-25,10:34:41,00:00:28
stefano.crapanzano@chu.ulg.ac.be,Programmation,IT,2021-01-25,10:40:21,00:00:03
stefano.crapanzano@chu.ulg.ac.be,Programmation,IT,2021-01-25,11:04:07,00:01:07
stefano.crapanzano@chu.ulg.ac.be,Programmation,IT,2021-01-25,11:05:18,00:00:17
stefano.crapanzano@chu.ulg.ac.be,Programmation,IT,2021-01-25,11:06:02,00:02:19
stefano.crapanzano@chu.ulg.ac.be,Programmation,IT,2021-01-25,11:08:29,00:00:28
stefano.crapanzano@chu.ulg.ac.be,Programmation,IT,2021-01-25,11:09:09,00:00:06
stefano.crapanzano@chu.ulg.ac.be,Programmation,IT,2021-01-25,11:09:22,00:00:23
stefano.crapanzano@chu.ulg.ac.be,Programmation,IT,2021-01-25,11:10:02,00:00:36
stefano.crapanzano@chu.ulg.ac.be,Programmation,IT,2021-01-25,11:12:19,00:00:07
stefano.crapanzano@chu.ulg.ac.be,Programmation,IT,2021-01-25,11:12:28,00:02:13
stefano.crapanzano@chu.ulg.ac.be,Programmation,IT,2021-01-25,11:14:54,00:00:06
stefano.crapanzano@chu.ulg.ac.be,Programmation,IT,2021-01-25,11:15:39,00:00:10
stefano.crapanzano@chu.ulg.ac.be,Programmation,IT,2021-01-25,11:17:27,00:00:05
stefano.crapanzano@chu.ulg.ac.be,Programmation,IT,2021-01-25,11:35:12,00:00:17
stefano.crapanzano@chu.ulg.ac.be,Programmation,IT,2021-01-25,11:35:30,00:00:08
stefano.crapanzano@chu.ulg.ac.be,Programmation,IT,2021-01-25,11:38:25,00:02:10
stefano.crapanzano@chu.ulg.ac.be,Programmation,IT,2021-01-25,11:54:04,00:00:03
stefano.crapanzano@chu.ulg.ac.be,Programmation,IT,2021-01-25,12:03:48,00:03:40
stefano.crapanzano@chu.ulg.ac.be,Programmation,IT,2021-01-25,12:10:00,00:00:03
stefano.crapanzano@chu.ulg.ac.be,Programmation,IT,2021-01-25,12:17:52,00:00:08
stefano.crapanzano@chu.ulg.ac.be,Programmation,IT,2021-01-25,13:11:19,00:00:39
stefano.crapanzano@chu.ulg.ac.be,Programmation,IT,2021-01-25,13:57:31,00:00:52
stefano.crapanzano@chu.ulg.ac.be,Programmation,IT,2021-01-25,13:58:38,00:00:51
stefano.crapanzano@chu.ulg.ac.be,Programmation,IT,2021-01-25,13:59:44,00:02:37
stefano.crapanzano@chu.ulg.ac.be,Programmation,IT,2021-01-25,14:02:32,00:01:54
stefano.crapanzano@chu.ulg.ac.be,Programmation,IT,2021-01-25,14:05:21,00:01:11
stefano.crapanzano@chu.ulg.ac.be,Programmation,IT,2021-01-25,14:06:39,00:00:39
stefano.crapanzano@chu.ulg.ac.be,Programmation,IT,2021-01-25,14:07:45,00:00:37
stefano.crapanzano@chu.ulg.ac.be,Programmation,IT,2021-01-25,14:08:45,00:00:10
stefano.crapanzano@chu.ulg.ac.be,Programmation,IT,2021-01-25,14:11:31,00:00:48
stefano.crapanzano@chu.ulg.ac.be,Programmation,IT,2021-01-25,14:12:35,00:00:13
stefano.crapanzano@chu.ulg.ac.be,Programmation,IT,2021-01-25,14:15:02,00:00:42
stefano.crapanzano@chu.ulg.ac.be,Programmation,IT,2021-01-25,14:15:48,00:00:35
stefano.crapanzano@chu.ulg.ac.be,Programmation,IT,2021-01-25,14:17:46,00:02:41
stefano.crapanzano@chu.ulg.ac.be,Programmation,IT,2021-01-25,14:20:45,00:12:30
stefano.crapanzano@chu.ulg.ac.be,Programmation,IT,2021-01-25,14:33:29,00:00:02
stefano.crapanzano@chu.ulg.ac.be,Programmation,IT,2021-01-25,14:36:01,00:00:37
stefano.crapanzano@chu.ulg.ac.be,Programmation,IT,2021-01-25,14:36:46,00:00:03
stefano.crapanzano@chu.ulg.ac.be,Programmation,IT,2021-01-25,14:37:10,00:00:40
stefano.crapanzano@chu.ulg.ac.be,Programmation,IT,2021-01-25,14:38:44,00:00:52
stefano.crapanzano@chu.ulg.ac.be,Programmation,IT,2021-01-25,14:40:07,00:00:11
stefano.crapanzano@chu.ulg.ac.be,Programmation,IT,2021-01-25,14:40:32,00:01:24
stefano.crapanzano@chu.ulg.ac.be,Programmation,IT,2021-01-25,14:42:09,00:00:07
stefano.crapanzano@chu.ulg.ac.be,Programmation,IT,2021-01-25,14:44:08,00:00:16
stefano.crapanzano@chu.ulg.ac.be,Programmation,IT,2021-01-25,14:44:52,00:00:03
stefano.crapanzano@chu.ulg.ac.be,Programmation,IT,2021-01-25,14:45:59,00:00:42
stefano.crapanzano@chu.ulg.ac.be,Programmation,IT,2021-01-25,14:49:00,00:00:23
stefano.crapanzano@chu.ulg.ac.be,Programmation,IT,2021-01-25,15:22:50,00:02:27
stefano.crapanzano@chu.ulg.ac.be,Programmation,IT,2021-01-25,16:11:05,00:00:04
stefano.crapanzano@chu.ulg.ac.be,Lecture documentation,Tâches diverses,2021-01-25,08:36:00,00:00:22
stefano.crapanzano@chu.ulg.ac.be,Lecture documentation,Tâches diverses,2021-01-25,08:36:31,00:03:01
stefano.crapanzano@chu.ulg.ac.be,Lecture documentation,Tâches diverses,2021-01-25,08:41:41,00:01:35
stefano.crapanzano@chu.ulg.ac.be,Lecture documentation,Tâches diverses,2021-01-25,08:43:24,00:00:05
stefano.crapanzano@chu.ulg.ac.be,Lecture documentation,Tâches diverses,2021-01-25,08:43:39,00:00:18
stefano.crapanzano@chu.ulg.ac.be,Lecture documentation,Tâches diverses,2021-01-25,08:44:09,00:02:59
stefano.crapanzano@chu.ulg.ac.be,Lecture documentation,Tâches diverses,2021-01-25,08:47:29,00:01:44
stefano.crapanzano@chu.ulg.ac.be,Lecture documentation,Tâches diverses,2021-01-25,08:50:14,00:00:02
stefano.crapanzano@chu.ulg.ac.be,Lecture documentation,Tâches diverses,2021-01-25,08:50:23,00:02:45
stefano.crapanzano@chu.ulg.ac.be,Lecture documentation,Tâches diverses,2021-01-25,08:53:16,00:00:23
stefano.crapanzano@chu.ulg.ac.be,Lecture documentation,Tâches diverses,2021-01-25,08:56:16,00:00:17
stefano.crapanzano@chu.ulg.ac.be,Lecture documentation,Tâches diverses,2021-01-25,08:56:52,00:00:20
stefano.crapanzano@chu.ulg.ac.be,Lecture documentation,Tâches diverses,2021-01-25,08:58:46,00:00:02
stefano.crapanzano@chu.ulg.ac.be,Lecture documentation,Tâches diverses,2021-01-25,08:58:51,00:02:16
stefano.crapanzano@chu.ulg.ac.be,Lecture documentation,Tâches diverses,2021-01-25,09:05:57,00:00:04
stefano.crapanzano@chu.ulg.ac.be,Lecture documentation,Tâches diverses,2021-01-25,09:06:17,00:02:22
stefano.crapanzano@chu.ulg.ac.be,Lecture documentation,Tâches diverses,2021-01-25,09:09:19,00:02:25
stefano.crapanzano@chu.ulg.ac.be,Lecture documentation,Tâches diverses,2021-01-25,09:11:54,00:01:52
stefano.crapanzano@chu.ulg.ac.be,Lecture documentation,Tâches diverses,2021-01-25,09:26:07,00:01:02
stefano.crapanzano@chu.ulg.ac.be,Lecture documentation,Tâches diverses,2021-01-25,09:34:03,00:00:11
stefano.crapanzano@chu.ulg.ac.be,Lecture documentation,Tâches diverses,2021-01-25,09:34:35,00:03:43
stefano.crapanzano@chu.ulg.ac.be,Lecture documentation,Tâches diverses,2021-01-25,09:42:59,00:02:24
stefano.crapanzano@chu.ulg.ac.be,Lecture documentation,Tâches diverses,2021-01-25,09:52:58,00:00:34
stefano.crapanzano@chu.ulg.ac.be,Lecture documentation,Tâches diverses,2021-01-25,09:53:51,00:01:46
stefano.crapanzano@chu.ulg.ac.be,Lecture documentation,Tâches diverses,2021-01-25,09:57:34,00:01:02
stefano.crapanzano@chu.ulg.ac.be,Lecture documentation,Tâches diverses,2021-01-25,09:59:29,00:09:29
stefano.crapanzano@chu.ulg.ac.be,Lecture documentation,Tâches diverses,2021-01-25,10:11:04,00:00:34
stefano.crapanzano@chu.ulg.ac.be,Lecture documentation,Tâches diverses,2021-01-25,10:27:30,00:01:00
stefano.crapanzano@chu.ulg.ac.be,Lecture documentation,Tâches diverses,2021-01-25,10:28:38,00:01:07
stefano.crapanzano@chu.ulg.ac.be,Lecture documentation,Tâches diverses,2021-01-25,10:31:20,00:03:20
stefano.crapanzano@chu.ulg.ac.be,Lecture documentation,Tâches diverses,2021-01-25,10:35:09,00:00:32
stefano.crapanzano@chu.ulg.ac.be,Lecture documentation,Tâches diverses,2021-01-25,10:51:43,00:05:54
stefano.crapanzano@chu.ulg.ac.be,Lecture documentation,Tâches diverses,2021-01-25,10:59:33,00:01:49
stefano.crapanzano@chu.ulg.ac.be,Lecture documentation,Tâches diverses,2021-01-25,11:03:40,00:00:26
stefano.crapanzano@chu.ulg.ac.be,Lecture documentation,Tâches diverses,2021-01-25,11:05:14,00:00:04
stefano.crapanzano@chu.ulg.ac.be,Lecture documentation,Tâches diverses,2021-01-25,11:08:22,00:00:07
stefano.crapanzano@chu.ulg.ac.be,Lecture documentation,Tâches diverses,2021-01-25,11:08:58,00:00:11
stefano.crapanzano@chu.ulg.ac.be,Lecture documentation,Tâches diverses,2021-01-25,11:09:16,00:00:06
stefano.crapanzano@chu.ulg.ac.be,Lecture documentation,Tâches diverses,2021-01-25,11:09:49,00:00:12
stefano.crapanzano@chu.ulg.ac.be,Lecture documentation,Tâches diverses,2021-01-25,11:10:38,00:01:22
stefano.crapanzano@chu.ulg.ac.be,Lecture documentation,Tâches diverses,2021-01-25,11:12:04,00:00:15
stefano.crapanzano@chu.ulg.ac.be,Lecture documentation,Tâches diverses,2021-01-25,11:15:01,00:00:38
stefano.crapanzano@chu.ulg.ac.be,Lecture documentation,Tâches diverses,2021-01-25,11:16:01,00:00:14
stefano.crapanzano@chu.ulg.ac.be,Lecture documentation,Tâches diverses,2021-01-25,11:17:39,00:00:06
stefano.crapanzano@chu.ulg.ac.be,Lecture documentation,Tâches diverses,2021-01-25,11:18:24,00:11:35
stefano.crapanzano@chu.ulg.ac.be,Lecture documentation,Tâches diverses,2021-01-25,11:33:33,00:01:24
stefano.crapanzano@chu.ulg.ac.be,Lecture documentation,Tâches diverses,2021-01-25,11:35:00,00:00:02
stefano.crapanzano@chu.ulg.ac.be,Lecture documentation,Tâches diverses,2021-01-25,11:35:39,00:02:46
stefano.crapanzano@chu.ulg.ac.be,Lecture documentation,Tâches diverses,2021-01-25,11:40:36,00:05:41
stefano.crapanzano@chu.ulg.ac.be,Lecture documentation,Tâches diverses,2021-01-25,11:49:56,00:01:09
stefano.crapanzano@chu.ulg.ac.be,Lecture documentation,Tâches diverses,2021-01-25,11:51:14,00:00:04
stefano.crapanzano@chu.ulg.ac.be,Lecture documentation,Tâches diverses,2021-01-25,11:52:01,00:00:09
stefano.crapanzano@chu.ulg.ac.be,Lecture documentation,Tâches diverses,2021-01-25,11:53:14,00:00:37
stefano.crapanzano@chu.ulg.ac.be,Lecture documentation,Tâches diverses,2021-01-25,11:53:57,00:00:03
stefano.crapanzano@chu.ulg.ac.be,Lecture documentation,Tâches diverses,2021-01-25,12:07:51,00:00:51
stefano.crapanzano@chu.ulg.ac.be,Lecture documentation,Tâches diverses,2021-01-25,12:09:07,00:00:28
stefano.crapanzano@chu.ulg.ac.be,Lecture documentation,Tâches diverses,2021-01-25,12:10:32,00:05:18
stefano.crapanzano@chu.ulg.ac.be,Lecture documentation,Tâches diverses,2021-01-25,12:16:44,00:01:07
stefano.crapanzano@chu.ulg.ac.be,Lecture documentation,Tâches diverses,2021-01-25,12:18:00,00:00:06
stefano.crapanzano@chu.ulg.ac.be,Lecture documentation,Tâches diverses,2021-01-25,12:18:42,00:00:03
stefano.crapanzano@chu.ulg.ac.be,Lecture documentation,Tâches diverses,2021-01-25,12:20:11,00:00:03
stefano.crapanzano@chu.ulg.ac.be,Lecture documentation,Tâches diverses,2021-01-25,12:20:15,00:00:03
stefano.crapanzano@chu.ulg.ac.be,Lecture documentation,Tâches diverses,2021-01-25,12:21:52,00:00:06
stefano.crapanzano@chu.ulg.ac.be,Lecture documentation,Tâches diverses,2021-01-25,12:22:07,00:00:03
stefano.crapanzano@chu.ulg.ac.be,Lecture documentation,Tâches diverses,2021-01-25,12:22:31,00:01:28
stefano.crapanzano@chu.ulg.ac.be,Lecture documentation,Tâches diverses,2021-01-25,12:24:12,00:18:46
stefano.crapanzano@chu.ulg.ac.be,Lecture documentation,Tâches diverses,2021-01-25,12:47:10,00:04:31
stefano.crapanzano@chu.ulg.ac.be,Lecture documentation,Tâches diverses,2021-01-25,12:52:44,00:04:35
stefano.crapanzano@chu.ulg.ac.be,Lecture documentation,Tâches diverses,2021-01-25,13:00:59,00:00:06
stefano.crapanzano@chu.ulg.ac.be,Lecture documentation,Tâches diverses,2021-01-25,13:05:23,00:00:26
stefano.crapanzano@chu.ulg.ac.be,Lecture documentation,Tâches diverses,2021-01-25,13:11:17,00:00:02
stefano.crapanzano@chu.ulg.ac.be,Lecture documentation,Tâches diverses,2021-01-25,13:12:19,00:03:01
stefano.crapanzano@chu.ulg.ac.be,Lecture documentation,Tâches diverses,2021-01-25,13:27:54,00:01:27
stefano.crapanzano@chu.ulg.ac.be,Lecture documentation,Tâches diverses,2021-01-25,13:34:40,00:05:08
stefano.crapanzano@chu.ulg.ac.be,Lecture documentation,Tâches diverses,2021-01-25,13:39:50,00:01:34
stefano.crapanzano@chu.ulg.ac.be,Lecture documentation,Tâches diverses,2021-01-25,13:41:40,00:00:13
stefano.crapanzano@chu.ulg.ac.be,Lecture documentation,Tâches diverses,2021-01-25,13:46:03,00:07:16
stefano.crapanzano@chu.ulg.ac.be,Lecture documentation,Tâches diverses,2021-01-25,13:57:18,00:00:13
stefano.crapanzano@chu.ulg.ac.be,Lecture documentation,Tâches diverses,2021-01-25,13:58:24,00:00:14
stefano.crapanzano@chu.ulg.ac.be,Lecture documentation,Tâches diverses,2021-01-25,13:59:30,00:00:14
stefano.crapanzano@chu.ulg.ac.be,Lecture documentation,Tâches diverses,2021-01-25,14:02:21,00:00:11
stefano.crapanzano@chu.ulg.ac.be,Lecture documentation,Tâches diverses,2021-01-25,14:04:27,00:00:53
stefano.crapanzano@chu.ulg.ac.be,Lecture documentation,Tâches diverses,2021-01-25,14:06:32,00:00:06
stefano.crapanzano@chu.ulg.ac.be,Lecture documentation,Tâches diverses,2021-01-25,14:08:22,00:00:03
stefano.crapanzano@chu.ulg.ac.be,Lecture documentation,Tâches diverses,2021-01-25,14:08:36,00:00:05
stefano.crapanzano@chu.ulg.ac.be,Lecture documentation,Tâches diverses,2021-01-25,14:08:58,00:00:04
stefano.crapanzano@chu.ulg.ac.be,Lecture documentation,Tâches diverses,2021-01-25,14:09:06,00:00:02
stefano.crapanzano@chu.ulg.ac.be,Lecture documentation,Tâches diverses,2021-01-25,14:09:37,00:00:02
stefano.crapanzano@chu.ulg.ac.be,Lecture documentation,Tâches diverses,2021-01-25,14:12:59,00:00:04
stefano.crapanzano@chu.ulg.ac.be,Lecture documentation,Tâches diverses,2021-01-25,14:16:34,00:00:02
stefano.crapanzano@chu.ulg.ac.be,Lecture documentation,Tâches diverses,2021-01-25,14:20:27,00:00:17
stefano.crapanzano@chu.ulg.ac.be,Lecture documentation,Tâches diverses,2021-01-25,14:33:18,00:00:07
stefano.crapanzano@chu.ulg.ac.be,Lecture documentation,Tâches diverses,2021-01-25,14:36:39,00:00:06
stefano.crapanzano@chu.ulg.ac.be,Lecture documentation,Tâches diverses,2021-01-25,14:37:56,00:00:02
stefano.crapanzano@chu.ulg.ac.be,Lecture documentation,Tâches diverses,2021-01-25,14:41:57,00:00:12
stefano.crapanzano@chu.ulg.ac.be,Lecture documentation,Tâches diverses,2021-01-25,14:42:18,00:00:03
stefano.crapanzano@chu.ulg.ac.be,Lecture documentation,Tâches diverses,2021-01-25,14:42:48,00:00:03
stefano.crapanzano@chu.ulg.ac.be,Lecture documentation,Tâches diverses,2021-01-25,14:46:43,00:01:00
stefano.crapanzano@chu.ulg.ac.be,Lecture documentation,Tâches diverses,2021-01-25,14:47:44,00:00:41
stefano.crapanzano@chu.ulg.ac.be,Lecture documentation,Tâches diverses,2021-01-25,14:48:28,00:00:30
stefano.crapanzano@chu.ulg.ac.be,Lecture documentation,Tâches diverses,2021-01-25,14:49:23,00:00:19
stefano.crapanzano@chu.ulg.ac.be,Lecture documentation,Tâches diverses,2021-01-25,14:51:17,00:09:49
stefano.crapanzano@chu.ulg.ac.be,Lecture documentation,Tâches diverses,2021-01-25,15:01:10,00:08:55
stefano.crapanzano@chu.ulg.ac.be,Lecture documentation,Tâches diverses,2021-01-25,15:10:40,00:02:35
stefano.crapanzano@chu.ulg.ac.be,Lecture documentation,Tâches diverses,2021-01-25,15:13:24,00:07:37
stefano.crapanzano@chu.ulg.ac.be,Lecture documentation,Tâches diverses,2021-01-25,15:21:09,00:00:02
stefano.crapanzano@chu.ulg.ac.be,Lecture documentation,Tâches diverses,2021-01-25,15:21:14,00:01:35
stefano.crapanzano@chu.ulg.ac.be,Lecture documentation,Tâches diverses,2021-01-25,15:25:22,00:01:32
stefano.crapanzano@chu.ulg.ac.be,Lecture documentation,Tâches diverses,2021-01-25,15:26:57,00:02:34
stefano.crapanzano@chu.ulg.ac.be,Lecture documentation,Tâches diverses,2021-01-25,15:29:32,00:00:58
stefano.crapanzano@chu.ulg.ac.be,Lecture documentation,Tâches diverses,2021-01-25,15:30:32,00:14:46
stefano.crapanzano@chu.ulg.ac.be,Lecture documentation,Tâches diverses,2021-01-25,15:45:26,00:05:02
stefano.crapanzano@chu.ulg.ac.be,Lecture documentation,Tâches diverses,2021-01-25,15:50:39,00:13:51
stefano.crapanzano@chu.ulg.ac.be,Lecture documentation,Tâches diverses,2021-01-25,16:05:05,00:05:59
stefano.crapanzano@chu.ulg.ac.be,Lecture documentation,Tâches diverses,2021-01-25,16:11:09,00:02:52
stefano.crapanzano@chu.ulg.ac.be,Lecture documentation,Tâches diverses,2021-01-25,16:14:34,00:06:06
stefano.crapanzano@chu.ulg.ac.be,Lecture documentation,Tâches diverses,2021-01-25,16:20:46,00:02:41
stefano.crapanzano@chu.ulg.ac.be,Lecture documentation,Tâches diverses,2021-01-25,16:24:11,00:04:39
stefano.crapanzano@chu.ulg.ac.be,Lecture documentation,Tâches diverses,2021-01-25,16:32:58,00:00:23
stefano.crapanzano@chu.ulg.ac.be,Lecture documentation,Tâches diverses,2021-01-25,16:37:31,00:00:02
stefano.crapanzano@chu.ulg.ac.be,Lecture documentation,Tâches diverses,2021-01-25,16:37:34,00:00:55
stefano.crapanzano@chu.ulg.ac.be,Lecture documentation,Tâches diverses,2021-01-25,16:42:43,00:00:03
stefano.crapanzano@chu.ulg.ac.be,Lecture documentation,Tâches diverses,2021-01-25,16:44:31,00:00:26
stefano.crapanzano@chu.ulg.ac.be,Lecture documentation,Tâches diverses,2021-01-25,16:52:22,00:00:40
stefano.crapanzano@chu.ulg.ac.be,Lecture documentation,Tâches diverses,2021-01-25,16:53:37,00:00:41
stefano.crapanzano@chu.ulg.ac.be,Lecture documentation,Tâches diverses,2021-01-25,16:55:00,00:02:19
stefano.crapanzano@chu.ulg.ac.be,taskeng.exe,IT,2021-01-25,08:36:22,00:00:09
stefano.crapanzano@chu.ulg.ac.be,Service MT - Google Chrome,Tâches diverses,2021-01-25,08:39:57,00:00:20
stefano.crapanzano@chu.ulg.ac.be,Service MT - Google Chrome,Tâches diverses,2021-01-25,08:41:38,00:00:02
stefano.crapanzano@chu.ulg.ac.be,Service MT - Google Chrome,Tâches diverses,2021-01-25,08:49:45,00:00:03
stefano.crapanzano@chu.ulg.ac.be,Service MT - Google Chrome,Tâches diverses,2021-01-25,08:50:12,00:00:02
stefano.crapanzano@chu.ulg.ac.be,Service MT - Google Chrome,Tâches diverses,2021-01-25,08:50:17,00:00:05
stefano.crapanzano@chu.ulg.ac.be,Service MT - Google Chrome,Tâches diverses,2021-01-25,09:27:15,00:00:38
stefano.crapanzano@chu.ulg.ac.be,Service MT - Google Chrome,Tâches diverses,2021-01-25,09:59:04,00:00:25
stefano.crapanzano@chu.ulg.ac.be,Service MT - Google Chrome,Tâches diverses,2021-01-25,10:12:10,00:00:02
stefano.crapanzano@chu.ulg.ac.be,Service MT - Google Chrome,Tâches diverses,2021-01-25,10:51:12,00:00:06
stefano.crapanzano@chu.ulg.ac.be,Service MT - Google Chrome,Tâches diverses,2021-01-25,11:02:41,00:00:10
stefano.crapanzano@chu.ulg.ac.be,Service MT - Google Chrome,Tâches diverses,2021-01-25,11:03:18,00:00:09
stefano.crapanzano@chu.ulg.ac.be,Service MT - Google Chrome,Tâches diverses,2021-01-25,11:16:50,00:00:33
stefano.crapanzano@chu.ulg.ac.be,Service MT - Google Chrome,Tâches diverses,2021-01-25,11:17:37,00:00:02
stefano.crapanzano@chu.ulg.ac.be,Service MT - Google Chrome,Tâches diverses,2021-01-25,11:54:28,00:08:28
stefano.crapanzano@chu.ulg.ac.be,Service MT - Google Chrome,Tâches diverses,2021-01-25,12:03:24,00:00:23
stefano.crapanzano@chu.ulg.ac.be,Service MT - Google Chrome,Tâches diverses,2021-01-25,12:08:49,00:00:06
stefano.crapanzano@chu.ulg.ac.be,Service MT - Google Chrome,Tâches diverses,2021-01-25,12:10:08,00:00:04
stefano.crapanzano@chu.ulg.ac.be,Service MT - Google Chrome,Tâches diverses,2021-01-25,12:16:37,00:00:04
stefano.crapanzano@chu.ulg.ac.be,Service MT - Google Chrome,Helpdesk général,2021-01-25,12:19:18,00:00:02
stefano.crapanzano@chu.ulg.ac.be,Service MT - Google Chrome,Tâches diverses,2021-01-25,12:19:28,00:00:07
stefano.crapanzano@chu.ulg.ac.be,Service MT - Google Chrome,Tâches diverses,2021-01-25,12:22:05,00:00:02
stefano.crapanzano@chu.ulg.ac.be,Service MT - Google Chrome,Tâches diverses,2021-01-25,12:47:04,00:00:02
stefano.crapanzano@chu.ulg.ac.be,Service MT - Google Chrome,Tâches diverses,2021-01-25,13:06:12,00:00:32
stefano.crapanzano@chu.ulg.ac.be,Service MT - Google Chrome,Tâches diverses,2021-01-25,13:07:36,00:03:04
stefano.crapanzano@chu.ulg.ac.be,Service MT - Google Chrome,Tâches diverses,2021-01-25,13:29:34,00:00:02
stefano.crapanzano@chu.ulg.ac.be,Service MT - Google Chrome,Tâches diverses,2021-01-25,13:34:20,00:00:14
stefano.crapanzano@chu.ulg.ac.be,Service MT - Google Chrome,Tâches diverses,2021-01-25,13:39:48,00:00:02
stefano.crapanzano@chu.ulg.ac.be,Service MT - Google Chrome,Tâches diverses,2021-01-25,16:24:07,00:00:04
stefano.crapanzano@chu.ulg.ac.be,Service MT - Google Chrome,Tâches diverses,2021-01-25,16:53:22,00:00:02
stefano.crapanzano@chu.ulg.ac.be,Identification - Google Chrome,Tâches diverses,2021-01-25,08:39:50,00:00:07
stefano.crapanzano@chu.ulg.ac.be,PE2_203 - sftp://PE2U2FTP@153.89.110.38 - FileZilla,Helpdesk général,2021-01-25,08:40:17,00:00:03
stefano.crapanzano@chu.ulg.ac.be,Gestionnaire de Sites,Helpdesk général,2021-01-25,08:40:21,00:00:02
stefano.crapanzano@chu.ulg.ac.be,Iepacs - sftp://kofaxchu@iepacs.chu.ulg.ac.be - FileZilla,Helpdesk général,2021-01-25,08:40:25,00:00:42
stefano.crapanzano@chu.ulg.ac.be,Nouvel onglet - Google Chrome,Tâches diverses,2021-01-25,08:41:21,00:00:08
stefano.crapanzano@chu.ulg.ac.be,argenta banque - Recherche Google - Google Chrome,Tâches diverses,2021-01-25,08:41:29,00:00:02
stefano.crapanzano@chu.ulg.ac.be,Banque par Internet | Argenta - Google Chrome,Tâches diverses,2021-01-25,08:41:32,00:00:06
stefano.crapanzano@chu.ulg.ac.be,Greenshot capture form,Helpdesk général,2021-01-25,08:43:17,00:00:05
stefano.crapanzano@chu.ulg.ac.be,Greenshot capture form,Helpdesk général,2021-01-25,08:43:29,00:00:08
stefano.crapanzano@chu.ulg.ac.be,Greenshot capture form,Helpdesk général,2021-01-25,08:43:57,00:00:10
stefano.crapanzano@chu.ulg.ac.be,Greenshot capture form,Helpdesk général,2021-01-25,08:58:48,00:00:02
stefano.crapanzano@chu.ulg.ac.be,Greenshot capture form,Helpdesk général,2021-01-25,09:06:02,00:00:09
stefano.crapanzano@chu.ulg.ac.be,Greenshot capture form,Helpdesk général,2021-01-25,09:11:45,00:00:08
stefano.crapanzano@chu.ulg.ac.be,Greenshot capture form,Helpdesk général,2021-01-25,13:54:58,00:00:04
stefano.crapanzano@chu.ulg.ac.be,Navigation système de fichier,IT,2021-01-25,08:47:08,00:00:20
stefano.crapanzano@chu.ulg.ac.be,Navigation système de fichier,IT,2021-01-25,08:49:13,00:00:03
stefano.crapanzano@chu.ulg.ac.be,Navigation système de fichier,IT,2021-01-25,08:49:32,00:00:12
stefano.crapanzano@chu.ulg.ac.be,Navigation système de fichier,IT,2021-01-25,08:50:10,00:00:02
stefano.crapanzano@chu.ulg.ac.be,Navigation système de fichier,IT,2021-01-25,08:53:08,00:00:08
stefano.crapanzano@chu.ulg.ac.be,Navigation système de fichier,IT,2021-01-25,08:53:39,00:00:10
stefano.crapanzano@chu.ulg.ac.be,Navigation système de fichier,IT,2021-01-25,08:56:46,00:00:02
stefano.crapanzano@chu.ulg.ac.be,Navigation système de fichier,IT,2021-01-25,08:57:13,00:00:04
stefano.crapanzano@chu.ulg.ac.be,Navigation système de fichier,IT,2021-01-25,09:01:07,00:00:04
stefano.crapanzano@chu.ulg.ac.be,Navigation système de fichier,IT,2021-01-25,09:06:14,00:00:02
stefano.crapanzano@chu.ulg.ac.be,Navigation système de fichier,IT,2021-01-25,10:31:02,00:00:02
stefano.crapanzano@chu.ulg.ac.be,Navigation système de fichier,IT,2021-01-25,10:31:08,00:00:07
stefano.crapanzano@chu.ulg.ac.be,Navigation système de fichier,IT,2021-01-25,10:43:10,00:00:54
stefano.crapanzano@chu.ulg.ac.be,Navigation système de fichier,IT,2021-01-25,11:02:11,00:00:11
stefano.crapanzano@chu.ulg.ac.be,Navigation système de fichier,IT,2021-01-25,11:05:44,00:00:02
stefano.crapanzano@chu.ulg.ac.be,Navigation système de fichier,IT,2021-01-25,11:05:48,00:00:03
stefano.crapanzano@chu.ulg.ac.be,Navigation système de fichier,IT,2021-01-25,11:09:45,00:00:03
stefano.crapanzano@chu.ulg.ac.be,Navigation système de fichier,IT,2021-01-25,11:12:01,00:00:03
stefano.crapanzano@chu.ulg.ac.be,Navigation système de fichier,IT,2021-01-25,11:16:19,00:00:02
stefano.crapanzano@chu.ulg.ac.be,Navigation système de fichier,IT,2021-01-25,11:16:25,00:00:03
stefano.crapanzano@chu.ulg.ac.be,Navigation système de fichier,IT,2021-01-25,11:16:39,00:00:04
stefano.crapanzano@chu.ulg.ac.be,Navigation système de fichier,IT,2021-01-25,11:17:24,00:00:02
stefano.crapanzano@chu.ulg.ac.be,Navigation système de fichier,IT,2021-01-25,11:17:32,00:00:04
stefano.crapanzano@chu.ulg.ac.be,Navigation système de fichier,IT,2021-01-25,11:18:20,00:00:03
stefano.crapanzano@chu.ulg.ac.be,Navigation système de fichier,IT,2021-01-25,11:35:02,00:00:09
stefano.crapanzano@chu.ulg.ac.be,Navigation système de fichier,IT,2021-01-25,11:51:06,00:00:05
stefano.crapanzano@chu.ulg.ac.be,Navigation système de fichier,IT,2021-01-25,11:52:11,00:00:56
stefano.crapanzano@chu.ulg.ac.be,Navigation système de fichier,IT,2021-01-25,11:54:02,00:00:02
stefano.crapanzano@chu.ulg.ac.be,Navigation système de fichier,IT,2021-01-25,12:08:56,00:00:08
stefano.crapanzano@chu.ulg.ac.be,Navigation système de fichier,IT,2021-01-25,12:09:36,00:00:04
stefano.crapanzano@chu.ulg.ac.be,Navigation système de fichier,IT,2021-01-25,12:09:41,00:00:02
stefano.crapanzano@chu.ulg.ac.be,Navigation système de fichier,IT,2021-01-25,12:09:58,00:00:02
stefano.crapanzano@chu.ulg.ac.be,Navigation système de fichier,IT,2021-01-25,12:18:09,00:00:28
stefano.crapanzano@chu.ulg.ac.be,Navigation système de fichier,IT,2021-01-25,12:18:39,00:00:03
stefano.crapanzano@chu.ulg.ac.be,Navigation système de fichier,IT,2021-01-25,12:22:01,00:00:02
stefano.crapanzano@chu.ulg.ac.be,Navigation système de fichier,IT,2021-01-25,12:22:22,00:00:08
stefano.crapanzano@chu.ulg.ac.be,Navigation système de fichier,IT,2021-01-25,12:57:19,00:03:40
stefano.crapanzano@chu.ulg.ac.be,Navigation système de fichier,IT,2021-01-25,13:06:44,00:00:13
stefano.crapanzano@chu.ulg.ac.be,Navigation système de fichier,IT,2021-01-25,13:07:01,00:00:24
stefano.crapanzano@chu.ulg.ac.be,Navigation système de fichier,IT,2021-01-25,13:41:25,00:00:04
stefano.crapanzano@chu.ulg.ac.be,Navigation système de fichier,IT,2021-01-25,13:55:04,00:00:05
stefano.crapanzano@chu.ulg.ac.be,Navigation système de fichier,IT,2021-01-25,14:07:18,00:00:17
stefano.crapanzano@chu.ulg.ac.be,Navigation système de fichier,IT,2021-01-25,14:07:38,00:00:06
stefano.crapanzano@chu.ulg.ac.be,Navigation système de fichier,IT,2021-01-25,14:08:28,00:00:03
stefano.crapanzano@chu.ulg.ac.be,Navigation système de fichier,IT,2021-01-25,14:08:34,00:00:02
stefano.crapanzano@chu.ulg.ac.be,Navigation système de fichier,IT,2021-01-25,14:08:43,00:00:02
stefano.crapanzano@chu.ulg.ac.be,Navigation système de fichier,IT,2021-01-25,14:48:26,00:00:02
stefano.crapanzano@chu.ulg.ac.be,Navigation système de fichier,IT,2021-01-25,15:01:06,00:00:03
stefano.crapanzano@chu.ulg.ac.be,Navigation système de fichier,IT,2021-01-25,15:50:28,00:00:02
stefano.crapanzano@chu.ulg.ac.be,Navigation système de fichier,IT,2021-01-25,16:04:31,00:00:02
stefano.crapanzano@chu.ulg.ac.be,Navigation système de fichier,IT,2021-01-25,16:23:31,00:00:10
stefano.crapanzano@chu.ulg.ac.be,Navigation système de fichier,IT,2021-01-25,16:23:42,00:00:10
stefano.crapanzano@chu.ulg.ac.be,Navigation système de fichier,IT,2021-01-25,16:30:05,00:01:51
stefano.crapanzano@chu.ulg.ac.be,Navigation système de fichier,IT,2021-01-25,16:31:59,00:00:03
stefano.crapanzano@chu.ulg.ac.be,Navigation système de fichier,IT,2021-01-25,16:32:15,00:00:04
stefano.crapanzano@chu.ulg.ac.be,Navigation système de fichier,IT,2021-01-25,16:32:56,00:00:02
stefano.crapanzano@chu.ulg.ac.be,Navigation système de fichier,IT,2021-01-25,16:33:42,00:00:02
stefano.crapanzano@chu.ulg.ac.be,Navigation système de fichier,IT,2021-01-25,16:33:52,00:00:10
stefano.crapanzano@chu.ulg.ac.be,Navigation système de fichier,IT,2021-01-25,16:37:07,00:00:16
stefano.crapanzano@chu.ulg.ac.be,Navigation système de fichier,IT,2021-01-25,16:37:28,00:00:03
stefano.crapanzano@chu.ulg.ac.be,Navigation système de fichier,IT,2021-01-25,16:42:46,00:00:21
stefano.crapanzano@chu.ulg.ac.be,Navigation système de fichier,IT,2021-01-25,16:45:23,00:00:04
stefano.crapanzano@chu.ulg.ac.be,Navigation système de fichier,IT,2021-01-25,16:46:04,00:00:12
stefano.crapanzano@chu.ulg.ac.be,Navigation système de fichier,IT,2021-01-25,16:47:32,00:00:10
stefano.crapanzano@chu.ulg.ac.be,Navigation système de fichier,IT,2021-01-25,16:47:43,00:00:03
stefano.crapanzano@chu.ulg.ac.be,Navigation système de fichier,IT,2021-01-25,16:49:36,00:00:08
stefano.crapanzano@chu.ulg.ac.be,Navigation système de fichier,IT,2021-01-25,16:49:53,00:00:06
stefano.crapanzano@chu.ulg.ac.be,Navigation système de fichier,IT,2021-01-25,16:50:17,00:00:06
stefano.crapanzano@chu.ulg.ac.be,Navigation système de fichier,IT,2021-01-25,16:50:28,00:00:06
stefano.crapanzano@chu.ulg.ac.be,Navigation système de fichier,IT,2021-01-25,16:50:36,00:00:16
stefano.crapanzano@chu.ulg.ac.be,Navigation système de fichier,IT,2021-01-25,16:51:04,00:00:18
stefano.crapanzano@chu.ulg.ac.be,Navigation système de fichier,IT,2021-01-25,16:51:31,00:00:07
stefano.crapanzano@chu.ulg.ac.be,Navigation système de fichier,IT,2021-01-25,16:51:51,00:00:06
stefano.crapanzano@chu.ulg.ac.be,Navigation système de fichier,IT,2021-01-25,16:52:00,00:00:06
stefano.crapanzano@chu.ulg.ac.be,Navigation système de fichier,IT,2021-01-25,16:52:09,00:00:13
stefano.crapanzano@chu.ulg.ac.be,Navigation système de fichier,IT,2021-01-25,16:53:03,00:00:10
stefano.crapanzano@chu.ulg.ac.be,Navigation système de fichier,IT,2021-01-25,16:53:19,00:00:03
stefano.crapanzano@chu.ulg.ac.be,Navigation système de fichier,IT,2021-01-25,16:53:25,00:00:03
stefano.crapanzano@chu.ulg.ac.be,Navigation système de fichier,IT,2021-01-25,16:53:29,00:00:07
stefano.crapanzano@chu.ulg.ac.be,Navigation système de fichier,IT,2021-01-25,16:54:29,00:00:04
stefano.crapanzano@chu.ulg.ac.be,Navigation système de fichier,IT,2021-01-25,16:54:49,00:00:02
stefano.crapanzano@chu.ulg.ac.be,Navigation système de fichier,IT,2021-01-25,16:57:20,00:00:02
stefano.crapanzano@chu.ulg.ac.be,Demandes - Service d'assistance - Google Chrome,Tâches diverses,2021-01-25,09:27:12,00:00:03
stefano.crapanzano@chu.ulg.ac.be,Demandes - Service d'assistance - Google Chrome,Tâches diverses,2021-01-25,10:12:25,00:15:04
stefano.crapanzano@chu.ulg.ac.be,Demandes - Service d'assistance - Google Chrome,Tâches diverses,2021-01-25,10:38:51,00:00:13
stefano.crapanzano@chu.ulg.ac.be,Demandes - Service d'assistance - Google Chrome,Tâches diverses,2021-01-25,10:39:16,00:00:07
stefano.crapanzano@chu.ulg.ac.be,Demandes - Service d'assistance - Google Chrome,Tâches diverses,2021-01-25,10:39:40,00:00:06
stefano.crapanzano@chu.ulg.ac.be,Demandes - Service d'assistance - Google Chrome,Tâches diverses,2021-01-25,10:39:56,00:00:19
stefano.crapanzano@chu.ulg.ac.be,Demandes - Service d'assistance - Google Chrome,Tâches diverses,2021-01-25,10:40:25,00:02:44
stefano.crapanzano@chu.ulg.ac.be,Demandes - Service d'assistance - Google Chrome,Tâches diverses,2021-01-25,10:44:04,00:00:02
stefano.crapanzano@chu.ulg.ac.be,Demandes - Service d'assistance - Google Chrome,Tâches diverses,2021-01-25,10:51:09,00:00:02
stefano.crapanzano@chu.ulg.ac.be,Demandes - Service d'assistance - Google Chrome,Tâches diverses,2021-01-25,10:59:26,00:00:04
stefano.crapanzano@chu.ulg.ac.be,Demandes - Service d'assistance - Google Chrome,Tâches diverses,2021-01-25,11:01:47,00:00:02
stefano.crapanzano@chu.ulg.ac.be,Demandes - Service d'assistance - Google Chrome,Tâches diverses,2021-01-25,11:02:36,00:00:03
stefano.crapanzano@chu.ulg.ac.be,Demandes - Service d'assistance - Google Chrome,Tâches diverses,2021-01-25,11:03:36,00:00:03
stefano.crapanzano@chu.ulg.ac.be,Demandes - Service d'assistance - Google Chrome,Tâches diverses,2021-01-25,12:08:47,00:00:02
stefano.crapanzano@chu.ulg.ac.be,Demandes - Service d'assistance - Google Chrome,Tâches diverses,2021-01-25,12:19:24,00:00:02
stefano.crapanzano@chu.ulg.ac.be,Demandes - Service d'assistance - Google Chrome,Tâches diverses,2021-01-25,12:47:07,00:00:03
stefano.crapanzano@chu.ulg.ac.be,Demandes - Service d'assistance - Google Chrome,Tâches diverses,2021-01-25,12:51:42,00:01:02
stefano.crapanzano@chu.ulg.ac.be,Demandes - Service d'assistance - Google Chrome,Tâches diverses,2021-01-25,13:01:14,00:04:08
stefano.crapanzano@chu.ulg.ac.be,Demandes - Service d'assistance - Google Chrome,Tâches diverses,2021-01-25,13:06:09,00:00:02
stefano.crapanzano@chu.ulg.ac.be,Demandes - Service d'assistance - Google Chrome,Tâches diverses,2021-01-25,13:29:37,00:00:06
stefano.crapanzano@chu.ulg.ac.be,Demandes - Service d'assistance - Google Chrome,Tâches diverses,2021-01-25,13:53:55,00:00:15
stefano.crapanzano@chu.ulg.ac.be,Demandes - Service d'assistance - Google Chrome,Tâches diverses,2021-01-25,13:54:20,00:00:02
stefano.crapanzano@chu.ulg.ac.be,Demandes - Service d'assistance - Google Chrome,Tâches diverses,2021-01-25,16:23:56,00:00:10
stefano.crapanzano@chu.ulg.ac.be,SAP Logon 750,Exploration SAP,2021-01-25,09:28:11,00:00:02
stefano.crapanzano@chu.ulg.ac.be,SAP,Exploration SAP,2021-01-25,09:28:13,00:00:10
stefano.crapanzano@chu.ulg.ac.be,SAP Easy Access Menu de base Applications financières-économiques,Exploration SAP,2021-01-25,09:28:24,00:00:02
stefano.crapanzano@chu.ulg.ac.be,SAP Easy Access Menu de base Applications financières-économiques,Exploration SAP,2021-01-25,09:29:05,00:00:04
stefano.crapanzano@chu.ulg.ac.be,SAP Easy Access Menu de base Applications financières-économiques,Exploration SAP,2021-01-25,09:30:47,00:00:14
stefano.crapanzano@chu.ulg.ac.be,SAP Easy Access Menu de base Applications financières-économiques,Exploration SAP,2021-01-25,09:31:11,00:00:04
stefano.crapanzano@chu.ulg.ac.be,SAP Easy Access Menu de base Applications financières-économiques,Exploration SAP,2021-01-25,09:31:29,00:00:31
stefano.crapanzano@chu.ulg.ac.be,Gérer rép.sources appro. : écran initial,Exploration SAP,2021-01-25,09:28:26,00:00:08
stefano.crapanzano@chu.ulg.ac.be,Gérer répertoire sources appro. : écran de synthèse,Exploration SAP,2021-01-25,09:28:35,00:00:28
stefano.crapanzano@chu.ulg.ac.be,Impression de la liste affichée,Exploration SAP,2021-01-25,09:29:42,00:00:02
stefano.crapanzano@chu.ulg.ac.be,Délimiter plage de valeurs,Exploration SAP,2021-01-25,09:29:12,00:00:04
stefano.crapanzano@chu.ulg.ac.be,Paramètre spool : nom d'une unité 26 Entrées,Exploration SAP,2021-01-25,09:29:17,00:00:25
stefano.crapanzano@chu.ulg.ac.be,Releases ERP4HC - erp.sai@chuliege.be - Outlook,Helpdesk général,2021-01-25,09:30:08,00:00:02
stefano.crapanzano@chu.ulg.ac.be,Programme pour réimprimer un certain nombre d'étiquettes,Exploration SAP,2021-01-25,09:31:01,00:00:09
stefano.crapanzano@chu.ulg.ac.be,Saisie manuelle d'une transaction,Exploration SAP,2021-01-25,09:31:15,00:00:13
stefano.crapanzano@chu.ulg.ac.be,Incident ERP for HealthCare - Bienvenue! Vous pouvez poser une demande de Service Desk ERP for HealthCare parmi les options fournies. - Service d'assistance - Google Chrome,Tâches diverses,2021-01-25,10:12:12,00:00:04
stefano.crapanzano@chu.ulg.ac.be,SAM - DB - Google Chrome,Tâches diverses,2021-01-25,10:12:17,00:00:02
stefano.crapanzano@chu.ulg.ac.be,SAM - DB - Google Chrome,Tâches diverses,2021-01-25,10:51:18,00:00:25
stefano.crapanzano@chu.ulg.ac.be,SAM - DB - Google Chrome,Tâches diverses,2021-01-25,12:22:10,00:00:02
stefano.crapanzano@chu.ulg.ac.be,SAM - DB - Google Chrome,Tâches diverses,2021-01-25,13:56:35,00:00:02
stefano.crapanzano@chu.ulg.ac.be,SAM - DB - Google Chrome,Tâches diverses,2021-01-25,13:56:57,00:00:14
stefano.crapanzano@chu.ulg.ac.be,SAM - DB - Google Chrome,Tâches diverses,2021-01-25,15:10:06,00:00:06
stefano.crapanzano@chu.ulg.ac.be,P203 CHR Pièces jointes du CHU présentes dans des DA du CHR - Bienvenue! Vous pouvez poser une demande de Service Desk ERP for HealthCare parmi les options fournies. - Service d'assistance - Google Chrome,Tâches diverses,2021-01-25,10:39:04,00:00:12
stefano.crapanzano@chu.ulg.ac.be,P203 CHU Demande de configuration de quatre imprimantes dans ERP4HC - Bienvenue! Vous pouvez poser une demande de Service Desk ERP for HealthCare parmi les options fournies. - Service d'assistance - Google Chrome,Tâches diverses,2021-01-25,10:39:23,00:00:16
stefano.crapanzano@chu.ulg.ac.be,P203 GERA CHU impossible de modifier certains articles - Bienvenue! Vous pouvez poser une demande de Service Desk ERP for HealthCare parmi les options fournies. - Service d'assistance - Google Chrome,Tâches diverses,2021-01-25,10:39:46,00:00:09
stefano.crapanzano@chu.ulg.ac.be,Netop Invité,Helpdesk général,2021-01-25,11:02:04,00:00:02
stefano.crapanzano@chu.ulg.ac.be,Netop Invité,Helpdesk général,2021-01-25,11:02:08,00:00:03
stefano.crapanzano@chu.ulg.ac.be,Netop Invité,Helpdesk général,2021-01-25,16:31:56,00:00:02
stefano.crapanzano@chu.ulg.ac.be,Netop Invité,Helpdesk général,2021-01-25,16:32:20,00:00:07
stefano.crapanzano@chu.ulg.ac.be,Netop Invité,Helpdesk général,2021-01-25,16:32:46,00:00:09
stefano.crapanzano@chu.ulg.ac.be,Netop Invité,Helpdesk général,2021-01-25,16:34:02,00:00:02
stefano.crapanzano@chu.ulg.ac.be,Netop Invité,Helpdesk général,2021-01-25,16:34:16,00:00:12
stefano.crapanzano@chu.ulg.ac.be,Netop Invité,Helpdesk général,2021-01-25,16:37:04,00:00:02
stefano.crapanzano@chu.ulg.ac.be,Helpdesk ATI - Db Hardware Prod - Google Chrome,Tâches diverses,2021-01-25,12:10:06,00:00:02
stefano.crapanzano@chu.ulg.ac.be,Helpdesk ATI - Db Hardware Prod - Google Chrome,Tâches diverses,2021-01-25,12:19:22,00:00:02
stefano.crapanzano@chu.ulg.ac.be,Erreur dans le test JOB_MONITORING_NOK - Message (Texte brut),Helpdesk général,2021-01-25,11:05:36,00:00:02
stefano.crapanzano@chu.ulg.ac.be,\\oazisusers.st.chulg\oazis_users\Informatique\ERP\Exploitation\SURVEILLANCE\JOB\jobs_25_01_2021_10_00_00_10_59_59.csv_nok - Notepad++ [Administrator],IT,2021-01-25,11:05:40,00:00:04
stefano.crapanzano@chu.ulg.ac.be,console_erpftp - [Racine de la console\Gestion de l’ordinateur (ERPFTP)\Outils système\Planificateur de tâches\Bibliothèque du Planificateur de tâches],IT,2021-01-25,12:09:52,00:00:05
stefano.crapanzano@chu.ulg.ac.be,console_erpftp - [Racine de la console\Gestion de l’ordinateur (ERPFTP)\Outils système\Planificateur de tâches\Bibliothèque du Planificateur de tâches],IT,2021-01-25,13:07:31,00:00:02
stefano.crapanzano@chu.ulg.ac.be,*new 5 - Notepad++ [Administrator],IT,2021-01-25,11:17:46,00:00:03
stefano.crapanzano@chu.ulg.ac.be,*new 4 - Notepad++ [Administrator],IT,2021-01-25,11:17:50,00:00:03
stefano.crapanzano@chu.ulg.ac.be,*new 4 - Notepad++ [Administrator],IT,2021-01-25,11:18:18,00:00:02
stefano.crapanzano@chu.ulg.ac.be,*new 4 - Notepad++ [Administrator],IT,2021-01-25,14:08:26,00:00:02
stefano.crapanzano@chu.ulg.ac.be,*new 3 - Notepad++ [Administrator],IT,2021-01-25,11:17:55,00:00:02
stefano.crapanzano@chu.ulg.ac.be,C:\Users\c158492\ProjetBoulot\SQL\QUERY EXCEL\goal_commandes_en_cours_labo.sql - Notepad++ [Administrator],IT,2021-01-25,11:17:59,00:00:12
stefano.crapanzano@chu.ulg.ac.be,*new 2 - Notepad++ [Administrator],IT,2021-01-25,11:18:12,00:00:02
stefano.crapanzano@chu.ulg.ac.be,\\ERPFTP.st.chulg\ERP\Log\KOFAX-KofaxCaptureSVReleaseProdFRCHR.log - Notepad++ [Administrator],IT,2021-01-25,11:18:14,00:00:02
stefano.crapanzano@chu.ulg.ac.be,Planificateur de tâches,IT,2021-01-25,11:51:27,00:00:10
stefano.crapanzano@chu.ulg.ac.be,Planificateur de tâches,IT,2021-01-25,11:51:40,00:00:06
stefano.crapanzano@chu.ulg.ac.be,Planificateur de tâches,IT,2021-01-25,11:51:47,00:00:04
stefano.crapanzano@chu.ulg.ac.be,console_erpftp - [Racine de la console\Gestion de l’ordinateur (ERPFTP)\Outils système\Planificateur de tâches],IT,2021-01-25,11:51:37,00:00:02
stefano.crapanzano@chu.ulg.ac.be,console_erpftp - [Racine de la console\Gestion de l’ordinateur (ERPFTP)\Outils système\Planificateur de tâches],IT,2021-01-25,11:51:52,00:00:04
stefano.crapanzano@chu.ulg.ac.be,SQLQuery3.sql - si-s-serv24.ERP (CHULG\c158492 (54))* - Microsoft SQL Server Management Studio (Administrateur),IT,2021-01-25,12:09:47,00:00:02
stefano.crapanzano@chu.ulg.ac.be,\\ERPFTP.st.chulg\ERP\Tasks_Verif\CHL_ERP_ZI54_MONITORING\CHL_ERP_ZI54_MONITORING.txt - Notepad++ [Administrator],IT,2021-01-25,13:06:57,00:00:02
stefano.crapanzano@chu.ulg.ac.be,Brouillons - Zimbra - Stefano Crapanzano - Outlook,Helpdesk général,2021-01-25,13:10:43,00:00:21
stefano.crapanzano@chu.ulg.ac.be,ZORGI Help Center - Service d'assistance - Google Chrome,Tâches diverses,2021-01-25,13:29:43,00:00:06
stefano.crapanzano@chu.ulg.ac.be,ZORGI Help Center - Service d'assistance - Google Chrome,Tâches diverses,2021-01-25,13:53:43,00:00:12
stefano.crapanzano@chu.ulg.ac.be,ZORGI Help Center - Service d'assistance - Google Chrome,Tâches diverses,2021-01-25,13:54:25,00:00:02
stefano.crapanzano@chu.ulg.ac.be,Stefano CRAPANZANO - erp.sai@chuliege.be - Outlook,Helpdesk général,2021-01-25,13:53:32,00:00:09
stefano.crapanzano@chu.ulg.ac.be,Stefano CRAPANZANO - erp.sai@chuliege.be - Outlook,Helpdesk général,2021-01-25,13:54:49,00:00:05
stefano.crapanzano@chu.ulg.ac.be,P203 CHU Nouveau prorata de tva à configurer sur des centres de coûts - Bienvenue! Vous pouvez poser une demande de Service Desk ERP for HealthCare parmi les options fournies. - Service d'assistance - Google Chrome,Tâches diverses,2021-01-25,13:54:11,00:00:09
stefano.crapanzano@chu.ulg.ac.be,P203 CHU Nouveau prorata de tva à configurer sur des centres de coûts - Bienvenue! Vous pouvez poser une demande de Service Desk ERP for HealthCare parmi les options fournies. - Service d'assistance - Google Chrome,Tâches diverses,2021-01-25,13:54:30,00:00:07
stefano.crapanzano@chu.ulg.ac.be,Demande de Configuration ERP for HealthCare - Bienvenue! Vous pouvez poser une demande de Service Desk ERP for HealthCare parmi les options fournies. - Service d'assistance - Google Chrome,Tâches diverses,2021-01-25,13:54:27,00:00:02
stefano.crapanzano@chu.ulg.ac.be,Demande de Configuration ERP for HealthCare - Bienvenue! Vous pouvez poser une demande de Service Desk ERP for HealthCare parmi les options fournies. - Service d'assistance - Google Chrome,Tâches diverses,2021-01-25,13:54:37,00:00:02
stefano.crapanzano@chu.ulg.ac.be,Demande de Configuration ERP for HealthCare - Bienvenue! Vous pouvez poser une demande de Service Desk ERP for HealthCare parmi les options fournies. - Service d'assistance - Google Chrome,Tâches diverses,2021-01-25,13:54:41,00:00:08
stefano.crapanzano@chu.ulg.ac.be,Demande de Configuration ERP for HealthCare - Bienvenue! Vous pouvez poser une demande de Service Desk ERP for HealthCare parmi les options fournies. - Service d'assistance - Google Chrome,Tâches diverses,2021-01-25,13:55:11,00:00:18
stefano.crapanzano@chu.ulg.ac.be,Création centres de coût - Message (HTML),Helpdesk général,2021-01-25,13:54:54,00:00:03
stefano.crapanzano@chu.ulg.ac.be,Création centres de coût - Message (HTML),Helpdesk général,2021-01-25,13:55:54,00:00:02
stefano.crapanzano@chu.ulg.ac.be,Création centres de coût - Message (HTML),Helpdesk général,2021-01-25,13:56:30,00:00:02
stefano.crapanzano@chu.ulg.ac.be,Nouveau prorata de tva à configurer sur des centres de coûts - Bienvenue! Vous pouvez poser une demande de Service Desk ERP for HealthCare parmi les options fournies. - Service d'assistance - Google Chrome,Tâches diverses,2021-01-25,13:55:29,00:00:24
stefano.crapanzano@chu.ulg.ac.be,Nouveau prorata de tva à configurer sur des centres de coûts - Bienvenue! Vous pouvez poser une demande de Service Desk ERP for HealthCare parmi les options fournies. - Service d'assistance - Google Chrome,Helpdesk général,2021-01-25,13:56:32,00:00:02
stefano.crapanzano@chu.ulg.ac.be,Nouveau prorata de tva à configurer sur des centres de coûts - Bienvenue! Vous pouvez poser une demande de Service Desk ERP for HealthCare parmi les options fournies. - Service d'assistance - Google Chrome,Tâches diverses,2021-01-25,15:10:12,00:00:02
stefano.crapanzano@chu.ulg.ac.be,Nouveau prorata de tva à configurer sur des centres de coûts - Bienvenue! Vous pouvez poser une demande de Service Desk ERP for HealthCare parmi les options fournies. - Service d'assistance - Google Chrome,Tâches diverses,2021-01-25,16:23:52,00:00:03
stefano.crapanzano@chu.ulg.ac.be,RE: Création centres de coût - Message (HTML),Helpdesk général,2021-01-25,13:55:56,00:00:33
stefano.crapanzano@chu.ulg.ac.be,C:\Users\c158492\ProjetPerso\djbourse\djbourse\debug.log - Notepad++ [Administrator],IT,2021-01-25,14:08:32,00:00:02
stefano.crapanzano@chu.ulg.ac.be,C:\Users\c158492\ProjetPerso\djbourse\djbourse\debug.log - Notepad++ [Administrator],IT,2021-01-25,14:08:55,00:00:02
stefano.crapanzano@chu.ulg.ac.be,C:\Users\c158492\ProjetPerso\djbourse\djbourse\debug.log - Notepad++ [Administrator],IT,2021-01-25,14:09:03,00:00:03
stefano.crapanzano@chu.ulg.ac.be,C:\Users\c158492\ProjetPerso\djbourse\djbourse\debug.log - Notepad++ [Administrator],IT,2021-01-25,14:09:09,00:00:24
stefano.crapanzano@chu.ulg.ac.be,C:\Users\c158492\ProjetPerso\djbourse\djbourse\debug.log - Notepad++ [Administrator],IT,2021-01-25,14:09:35,00:00:02
stefano.crapanzano@chu.ulg.ac.be,C:\Users\c158492\ProjetPerso\djbourse\djbourse\debug.log - Notepad++ [Administrator],IT,2021-01-25,14:09:40,00:00:50
stefano.crapanzano@chu.ulg.ac.be,C:\Users\c158492\ProjetPerso\djbourse\djbourse\debug.log - Notepad++ [Administrator],IT,2021-01-25,14:10:37,00:00:53
stefano.crapanzano@chu.ulg.ac.be,C:\Users\c158492\ProjetPerso\djbourse\djbourse\debug.log - Notepad++ [Administrator],IT,2021-01-25,14:12:20,00:00:15
stefano.crapanzano@chu.ulg.ac.be,C:\Users\c158492\ProjetPerso\djbourse\djbourse\debug.log - Notepad++ [Administrator],IT,2021-01-25,14:12:49,00:00:08
stefano.crapanzano@chu.ulg.ac.be,C:\Users\c158492\ProjetPerso\djbourse\djbourse\debug.log - Notepad++ [Administrator],IT,2021-01-25,14:13:04,00:00:46
stefano.crapanzano@chu.ulg.ac.be,C:\Users\c158492\ProjetPerso\djbourse\djbourse\debug.log - Notepad++ [Administrator],IT,2021-01-25,14:16:24,00:00:07
stefano.crapanzano@chu.ulg.ac.be,C:\Users\c158492\ProjetPerso\djbourse\djbourse\debug.log - Notepad++ [Administrator],IT,2021-01-25,14:16:36,00:00:26
stefano.crapanzano@chu.ulg.ac.be,C:\Users\c158492\ProjetPerso\djbourse\djbourse\debug.log - Notepad++ [Administrator],IT,2021-01-25,14:33:32,00:02:28
stefano.crapanzano@chu.ulg.ac.be,C:\Users\c158492\ProjetPerso\djbourse\djbourse\debug.log - Notepad++ [Administrator],IT,2021-01-25,14:36:50,00:00:19
stefano.crapanzano@chu.ulg.ac.be,C:\Users\c158492\ProjetPerso\djbourse\djbourse\debug.log - Notepad++ [Administrator],IT,2021-01-25,14:37:51,00:00:04
stefano.crapanzano@chu.ulg.ac.be,C:\Users\c158492\ProjetPerso\djbourse\djbourse\debug.log - Notepad++ [Administrator],IT,2021-01-25,14:38:00,00:00:44
stefano.crapanzano@chu.ulg.ac.be,C:\Users\c158492\ProjetPerso\djbourse\djbourse\debug.log - Notepad++ [Administrator],IT,2021-01-25,14:39:37,00:00:28
stefano.crapanzano@chu.ulg.ac.be,C:\Users\c158492\ProjetPerso\djbourse\djbourse\debug.log - Notepad++ [Administrator],IT,2021-01-25,14:40:18,00:00:14
stefano.crapanzano@chu.ulg.ac.be,C:\Users\c158492\ProjetPerso\djbourse\djbourse\debug.log - Notepad++ [Administrator],IT,2021-01-25,14:42:23,00:00:25
stefano.crapanzano@chu.ulg.ac.be,C:\Users\c158492\ProjetPerso\djbourse\djbourse\debug.log - Notepad++ [Administrator],IT,2021-01-25,14:42:51,00:01:16
stefano.crapanzano@chu.ulg.ac.be,C:\Users\c158492\ProjetPerso\djbourse\djbourse\debug.log - Notepad++ [Administrator],IT,2021-01-25,14:44:24,00:00:27
stefano.crapanzano@chu.ulg.ac.be,C:\Users\c158492\ProjetPerso\djbourse\djbourse\debug.log - Notepad++ [Administrator],IT,2021-01-25,14:44:55,00:00:25
stefano.crapanzano@chu.ulg.ac.be,C:\Users\c158492\ProjetPerso\djbourse\djbourse\debug.log - Notepad++ [Administrator],IT,2021-01-25,14:45:46,00:00:11
stefano.crapanzano@chu.ulg.ac.be,*C:\Users\c158492\ProjetPerso\djbourse\djbourse\debug.log - Notepad++ [Administrator],IT,2021-01-25,14:09:33,00:00:02
stefano.crapanzano@chu.ulg.ac.be,*C:\Users\c158492\ProjetPerso\djbourse\djbourse\debug.log - Notepad++ [Administrator],IT,2021-01-25,14:10:30,00:00:07
stefano.crapanzano@chu.ulg.ac.be,*C:\Users\c158492\ProjetPerso\djbourse\djbourse\debug.log - Notepad++ [Administrator],IT,2021-01-25,14:13:50,00:01:11
stefano.crapanzano@chu.ulg.ac.be,*C:\Users\c158492\ProjetPerso\djbourse\djbourse\debug.log - Notepad++ [Administrator],IT,2021-01-25,14:17:03,00:00:04
stefano.crapanzano@chu.ulg.ac.be,*C:\Users\c158492\ProjetPerso\djbourse\djbourse\debug.log - Notepad++ [Administrator],IT,2021-01-25,14:17:17,00:00:03
stefano.crapanzano@chu.ulg.ac.be,*C:\Users\c158492\ProjetPerso\djbourse\djbourse\debug.log - Notepad++ [Administrator],IT,2021-01-25,14:17:28,00:00:16
stefano.crapanzano@chu.ulg.ac.be,Rechercher,IT,2021-01-25,14:17:07,00:00:02
stefano.crapanzano@chu.ulg.ac.be,Rechercher,IT,2021-01-25,14:45:20,00:00:25
stefano.crapanzano@chu.ulg.ac.be,Remplacer,IT,2021-01-25,14:17:10,00:00:07
stefano.crapanzano@chu.ulg.ac.be,Remplacer,IT,2021-01-25,14:17:21,00:00:07
stefano.crapanzano@chu.ulg.ac.be,Portfolio.xls  [Lecture seule]  [Mode de compatibilité] - Excel,Tâches diverses,2021-01-25,15:45:18,00:00:07
stefano.crapanzano@chu.ulg.ac.be,Netop,Helpdesk général,2021-01-25,16:33:22,00:00:18
stefano.crapanzano@chu.ulg.ac.be,Netop,Helpdesk général,2021-01-25,16:34:04,00:00:12
stefano.crapanzano@chu.ulg.ac.be,Netop,Helpdesk général,2021-01-25,16:34:35,00:00:32
stefano.crapanzano@chu.ulg.ac.be,Connexion à l'aide de l'authentification Windows,Helpdesk général,2021-01-25,16:32:28,00:00:03
stefano.crapanzano@chu.ulg.ac.be,Connexion à l'aide de l'authentification Windows,Helpdesk général,2021-01-25,16:34:29,00:00:06
stefano.crapanzano@chu.ulg.ac.be,Connexion à l'aide de l'authentification Windows,Helpdesk général,2021-01-25,16:35:13,00:00:06
stefano.crapanzano@chu.ulg.ac.be,192.168.20.61 - Netop Remote Control,Helpdesk général,2021-01-25,16:32:33,00:00:12
stefano.crapanzano@chu.ulg.ac.be,192.168.20.61 - Netop Remote Control,Helpdesk général,2021-01-25,16:35:20,00:01:43
stefano.crapanzano@chu.ulg.ac.be,Erreur,Helpdesk général,2021-01-25,16:35:08,00:00:02
stefano.crapanzano@chu.ulg.ac.be,Excel,Tâches diverses,2021-01-25,16:43:08,00:00:02
stefano.crapanzano@chu.ulg.ac.be,Excel,Tâches diverses,2021-01-25,16:46:19,00:00:03
stefano.crapanzano@chu.ulg.ac.be,Excel,Tâches diverses,2021-01-25,16:47:10,00:00:02
stefano.crapanzano@chu.ulg.ac.be,Excel,Tâches diverses,2021-01-25,16:50:01,00:00:03
stefano.crapanzano@chu.ulg.ac.be,Microsoft Visual Basic pour Applications - QUERY_FROM_CELL.xlam - [Module1 (Code)],Tâches diverses,2021-01-25,16:43:11,00:01:20
stefano.crapanzano@chu.ulg.ac.be,Microsoft Visual Basic pour Applications - QUERY_FROM_CELL.xlam - [Module1 (Code)],Tâches diverses,2021-01-25,16:44:58,00:00:25
stefano.crapanzano@chu.ulg.ac.be,Microsoft Visual Basic pour Applications - QUERY_FROM_CELL.xlam - [Module1 (Code)],Tâches diverses,2021-01-25,16:45:48,00:00:02
stefano.crapanzano@chu.ulg.ac.be,Microsoft Visual Basic pour Applications - QUERY_FROM_CELL.xlam - [Module1 (Code)],Tâches diverses,2021-01-25,16:46:23,00:00:02
stefano.crapanzano@chu.ulg.ac.be,Microsoft Visual Basic pour Applications - QUERY_FROM_CELL.xlam - [Module1 (Code)],Tâches diverses,2021-01-25,16:46:36,00:00:04
stefano.crapanzano@chu.ulg.ac.be,Microsoft Visual Basic pour Applications - QUERY_FROM_CELL.xlam - [Module1 (Code)],Tâches diverses,2021-01-25,16:46:43,00:00:14
stefano.crapanzano@chu.ulg.ac.be,Microsoft Visual Basic pour Applications - QUERY_FROM_CELL.xlam - [Module1 (Code)],Tâches diverses,2021-01-25,16:47:13,00:00:03
stefano.crapanzano@chu.ulg.ac.be,Microsoft Visual Basic pour Applications - QUERY_FROM_CELL.xlam - [Module1 (Code)],Tâches diverses,2021-01-25,16:47:27,00:00:02
stefano.crapanzano@chu.ulg.ac.be,Microsoft Visual Basic pour Applications - QUERY_FROM_CELL.xlam - [Module1 (Code)],Tâches diverses,2021-01-25,16:50:05,00:00:06
stefano.crapanzano@chu.ulg.ac.be,Microsoft Visual Basic pour Applications - QUERY_FROM_CELL.xlam - [Module1 (Code)],Tâches diverses,2021-01-25,16:50:23,00:00:03
stefano.crapanzano@chu.ulg.ac.be,Microsoft Visual Basic pour Applications - QUERY_FROM_CELL.xlam - [Module1 (Code)],Tâches diverses,2021-01-25,16:51:42,00:00:08
stefano.crapanzano@chu.ulg.ac.be,QUERY_FROM_CELL.xlsm - Excel,Tâches diverses,2021-01-25,16:45:28,00:00:08
stefano.crapanzano@chu.ulg.ac.be,QUERY_FROM_CELL.xlsm - Excel,Tâches diverses,2021-01-25,16:48:09,00:00:04
stefano.crapanzano@chu.ulg.ac.be,QUERY_FROM_CELL.xlsm - Excel,Tâches diverses,2021-01-25,16:48:56,00:00:08
stefano.crapanzano@chu.ulg.ac.be,QUERY_FROM_CELL.xlsm - Excel,Tâches diverses,2021-01-25,16:49:22,00:00:10
stefano.crapanzano@chu.ulg.ac.be,QUERY_FROM_CELL.xlsm - Excel,Tâches diverses,2021-01-25,16:51:24,00:00:02
stefano.crapanzano@chu.ulg.ac.be,QUERY_FROM_CELL.xlsm - Excel,Tâches diverses,2021-01-25,16:54:19,00:00:09
stefano.crapanzano@chu.ulg.ac.be,QUERY_FROM_CELL.xlsm - Excel,Tâches diverses,2021-01-25,16:54:34,00:00:02
stefano.crapanzano@chu.ulg.ac.be,QUERY_FROM_CELL.xlsm - Excel,Tâches diverses,2021-01-25,16:57:22,00:00:08
stefano.crapanzano@chu.ulg.ac.be,QUERY_FROM_CELL.xlsm - Excel,Tâches diverses,2021-01-25,16:57:40,00:00:06
stefano.crapanzano@chu.ulg.ac.be,QUERY_FROM_CELL.xlsm - Excel,Tâches diverses,2021-01-25,16:57:48,00:00:10
stefano.crapanzano@chu.ulg.ac.be,QUERY_FROM_CELL.xlsm - Excel,Tâches diverses,2021-01-25,16:58:02,00:00:45
stefano.crapanzano@chu.ulg.ac.be,QUERY_FROM_CELL.xlsm - Excel,Tâches diverses,2021-01-25,16:58:48,00:00:02
stefano.crapanzano@chu.ulg.ac.be,QUERY_FROM_CELL.xlsm - Excel,Tâches diverses,2021-01-25,16:58:52,00:00:05
stefano.crapanzano@chu.ulg.ac.be,QUERY_FROM_CELL.xlsm - Excel,Tâches diverses,2021-01-25,16:58:58,00:01:03
stefano.crapanzano@chu.ulg.ac.be,Microsoft Visual Basic pour Applications - QUERY_FROM_CELL.xlsm - [Module1 (Code)],Tâches diverses,2021-01-25,16:45:38,00:00:09
stefano.crapanzano@chu.ulg.ac.be,Microsoft Visual Basic pour Applications - QUERY_FROM_CELL.xlsm - [Module1 (Code)],Tâches diverses,2021-01-25,16:45:50,00:00:07
stefano.crapanzano@chu.ulg.ac.be,Microsoft Visual Basic pour Applications - QUERY_FROM_CELL.xlsm - [Module1 (Code)],Tâches diverses,2021-01-25,16:49:12,00:00:09
stefano.crapanzano@chu.ulg.ac.be,Microsoft Visual Basic pour Applications - QUERY_FROM_CELL.xlsm - [Module1 (Code)],Tâches diverses,2021-01-25,16:49:32,00:00:02
stefano.crapanzano@chu.ulg.ac.be,Microsoft Visual Basic pour Applications - QUERY_FROM_CELL.xlsm - [Module1 (Code)],Tâches diverses,2021-01-25,16:49:46,00:00:04
stefano.crapanzano@chu.ulg.ac.be,Microsoft Visual Basic pour Applications - QUERY_FROM_CELL.xlsm - [Module1 (Code)],Tâches diverses,2021-01-25,16:51:27,00:00:04
stefano.crapanzano@chu.ulg.ac.be,Microsoft Visual Basic pour Applications - QUERY_FROM_CELL.xlsm - [Module1 (Code)],Tâches diverses,2021-01-25,16:54:36,00:00:12
stefano.crapanzano@chu.ulg.ac.be,Microsoft Excel,Tâches diverses,2021-01-25,16:45:58,00:00:03
stefano.crapanzano@chu.ulg.ac.be,Microsoft Excel,Tâches diverses,2021-01-25,16:46:25,00:00:08
stefano.crapanzano@chu.ulg.ac.be,Microsoft Excel,Tâches diverses,2021-01-25,16:47:16,00:00:06
stefano.crapanzano@chu.ulg.ac.be,Microsoft Excel,Tâches diverses,2021-01-25,16:50:11,00:00:04
stefano.crapanzano@chu.ulg.ac.be,Enregistrer sous,Tâches diverses,2021-01-25,16:46:02,00:00:02
stefano.crapanzano@chu.ulg.ac.be,Enregistrer sous,Tâches diverses,2021-01-25,16:46:33,00:00:02
stefano.crapanzano@chu.ulg.ac.be,Enregistrer sous,Tâches diverses,2021-01-25,16:47:22,00:00:04
stefano.crapanzano@chu.ulg.ac.be,Microsoft Visual Basic pour Applications - QUERY_FROM_CELL.xlsm [arrêt] - [Module1 (Code)],Tâches diverses,2021-01-25,16:48:15,00:00:39
stefano.crapanzano@chu.ulg.ac.be,Microsoft Visual Basic pour Applications - QUERY_FROM_CELL.xlsm [arrêt] - [Module1 (Code)],Tâches diverses,2021-01-25,16:49:06,00:00:06
stefano.crapanzano@chu.ulg.ac.be,Microsoft Visual Basic pour Applications - QUERY_FROM_CELL.xlsm [arrêt] - [Module1 (Code)],Tâches diverses,2021-01-25,16:57:32,00:00:07
