Email,Description,Project,Start date,Start time,Duration
stefano.crapanzano@chu.ulg.ac.be,Administrateur : C:\Windows\system32\cmd.exe - python  main.py,IT,2021-01-26,08:28:10,00:00:02
stefano.crapanzano@chu.ulg.ac.be,Sent - erp.sai@chuliege.be - Outlook,Helpdesk général,2021-01-26,08:28:12,00:08:23
stefano.crapanzano@chu.ulg.ac.be,Sent - erp.sai@chuliege.be - Outlook,Helpdesk général,2021-01-26,09:02:15,00:00:04
stefano.crapanzano@chu.ulg.ac.be,Sent - erp.sai@chuliege.be - Outlook,Helpdesk général,2021-01-26,11:57:32,01:43:23
stefano.crapanzano@chu.ulg.ac.be,Navigation système de fichier,IT,2021-01-26,09:06:02,00:00:02
stefano.crapanzano@chu.ulg.ac.be,Navigation système de fichier,IT,2021-01-26,09:07:05,00:00:02
stefano.crapanzano@chu.ulg.ac.be,Navigation système de fichier,IT,2021-01-26,09:07:28,00:00:05
stefano.crapanzano@chu.ulg.ac.be,Navigation système de fichier,IT,2021-01-26,09:08:17,00:00:02
stefano.crapanzano@chu.ulg.ac.be,Navigation système de fichier,IT,2021-01-26,09:12:04,00:00:02
stefano.crapanzano@chu.ulg.ac.be,Navigation système de fichier,IT,2021-01-26,09:14:59,00:00:07
stefano.crapanzano@chu.ulg.ac.be,Navigation système de fichier,IT,2021-01-26,11:53:34,00:00:22
stefano.crapanzano@chu.ulg.ac.be,taskeng.exe,IT,2021-01-26,08:36:37,00:24:39
stefano.crapanzano@chu.ulg.ac.be,Programmation,IT,2021-01-26,09:01:29,00:00:43
stefano.crapanzano@chu.ulg.ac.be,Service MT - Google Chrome,Tâches diverses,2021-01-26,09:02:12,00:00:02
stefano.crapanzano@chu.ulg.ac.be,Service MT - Google Chrome,Tâches diverses,2021-01-26,09:04:52,00:00:04
stefano.crapanzano@chu.ulg.ac.be,Service MT - Google Chrome,Tâches diverses,2021-01-26,09:05:57,00:00:03
stefano.crapanzano@chu.ulg.ac.be,Boîte de Réception - Zimbra - Stefano Crapanzano - Outlook,Helpdesk général,2021-01-26,09:02:20,00:00:05
stefano.crapanzano@chu.ulg.ac.be,Boîte de Réception - Zimbra - Stefano Crapanzano - Outlook,Helpdesk général,2021-01-26,09:08:01,00:00:11
stefano.crapanzano@chu.ulg.ac.be,Boîte de Réception - Zimbra - Stefano Crapanzano - Outlook,Helpdesk général,2021-01-26,09:15:46,00:00:06
stefano.crapanzano@chu.ulg.ac.be,Boîte de Réception - Zimbra - Stefano Crapanzano - Outlook,Helpdesk général,2021-01-26,11:55:17,00:01:18
stefano.crapanzano@chu.ulg.ac.be,Boîte de Réception - Zimbra - Stefano Crapanzano - Outlook,Helpdesk général,2021-01-26,11:56:45,00:00:43
stefano.crapanzano@chu.ulg.ac.be,Boîte de Réception - Zimbra - Stefano Crapanzano - Outlook,Helpdesk général,2021-01-26,13:40:56,00:00:04
stefano.crapanzano@chu.ulg.ac.be,Boîte de Réception - Zimbra - Stefano Crapanzano - Outlook,Helpdesk général,2021-01-26,14:55:19,00:00:07
stefano.crapanzano@chu.ulg.ac.be,Boîte de Réception - Zimbra - Stefano Crapanzano - Outlook,Helpdesk général,2021-01-26,14:55:29,00:30:49
stefano.crapanzano@chu.ulg.ac.be,Lecture documentation,Tâches diverses,2021-01-26,09:02:26,00:02:26
stefano.crapanzano@chu.ulg.ac.be,Lecture documentation,Tâches diverses,2021-01-26,09:06:37,00:00:05
stefano.crapanzano@chu.ulg.ac.be,Lecture documentation,Tâches diverses,2021-01-26,09:07:07,00:00:19
stefano.crapanzano@chu.ulg.ac.be,Lecture documentation,Tâches diverses,2021-01-26,09:07:54,00:00:06
stefano.crapanzano@chu.ulg.ac.be,Lecture documentation,Tâches diverses,2021-01-26,09:08:14,00:00:03
stefano.crapanzano@chu.ulg.ac.be,Lecture documentation,Tâches diverses,2021-01-26,09:09:14,00:01:55
stefano.crapanzano@chu.ulg.ac.be,Lecture documentation,Tâches diverses,2021-01-26,09:14:32,00:00:12
stefano.crapanzano@chu.ulg.ac.be,Lecture documentation,Tâches diverses,2021-01-26,09:14:54,00:00:04
stefano.crapanzano@chu.ulg.ac.be,Lecture documentation,Tâches diverses,2021-01-26,09:15:40,00:00:05
stefano.crapanzano@chu.ulg.ac.be,Lecture documentation,Tâches diverses,2021-01-26,09:18:17,00:38:11
stefano.crapanzano@chu.ulg.ac.be,Lecture documentation,Tâches diverses,2021-01-26,09:56:36,00:00:16
stefano.crapanzano@chu.ulg.ac.be,Lecture documentation,Tâches diverses,2021-01-26,09:56:55,00:03:14
stefano.crapanzano@chu.ulg.ac.be,Lecture documentation,Tâches diverses,2021-01-26,10:00:25,01:33:22
stefano.crapanzano@chu.ulg.ac.be,Lecture documentation,Tâches diverses,2021-01-26,11:33:49,00:19:45
stefano.crapanzano@chu.ulg.ac.be,Nouvel onglet - Google Chrome,Tâches diverses,2021-01-26,09:04:57,00:00:02
stefano.crapanzano@chu.ulg.ac.be,Nouvel onglet - Google Chrome,Tâches diverses,2021-01-26,09:06:04,00:00:02
stefano.crapanzano@chu.ulg.ac.be,Nouvel onglet - Google Chrome,Tâches diverses,2021-01-26,09:12:07,00:00:02
stefano.crapanzano@chu.ulg.ac.be,Identification - Google Chrome,Tâches diverses,2021-01-26,09:04:59,00:00:19
stefano.crapanzano@chu.ulg.ac.be,https://par0009wi.xperthis.be/sap(bD1mciZjPTIwMyZkPW1pbg==)/bc/bsp/sap/zmwi/main.do - Google Chrome,Tâches diverses,2021-01-26,09:05:20,00:00:03
stefano.crapanzano@chu.ulg.ac.be,https://par0009wi.xperthis.be/sap(bD1mciZjPTIwMyZkPW1pbg==)/bc/bsp/sap/zmwi/main.do - Google Chrome,Tâches diverses,2021-01-26,09:05:26,00:00:02
stefano.crapanzano@chu.ulg.ac.be,https://par0009wi.xperthis.be/sap(bD1mciZjPTIwMyZkPW1pbg==)/bc/bsp/sap/zmwi/main.do - Google Chrome,Tâches diverses,2021-01-26,09:05:33,00:00:08
stefano.crapanzano@chu.ulg.ac.be,https://par0009wi.xperthis.be/sap(bD1mciZjPTIwMyZkPW1pbg==)/bc/bsp/sap/zmwi/main.do - Google Chrome,Tâches diverses,2021-01-26,09:05:49,00:00:03
stefano.crapanzano@chu.ulg.ac.be,https://par0009wi.xperthis.be/sap(bD1mciZjPTIwMyZkPW1pbg==)/bc/bsp/sap/zmwi/main.do - Google Chrome,Tâches diverses,2021-01-26,09:06:06,00:00:10
stefano.crapanzano@chu.ulg.ac.be,https://par0009wi.xperthis.be/sap(bD1mciZjPTIwMyZkPW1pbg==)/bc/bsp/sap/zmwi/main.do - Google Chrome,Tâches diverses,2021-01-26,09:12:11,00:00:44
stefano.crapanzano@chu.ulg.ac.be,https://par0009wi.xperthis.be/sap(bD1mciZjPTIwMyZkPW1pbg==)/bc/bsp/sap/zmwi/main.do - Google Chrome,Helpdesk général,2021-01-26,09:13:12,00:00:02
stefano.crapanzano@chu.ulg.ac.be,https://par0009wi.xperthis.be/sap(bD1mciZjPTIwMyZkPW1pbg==)/bc/bsp/sap/zmwi/main.do - Google Chrome,Tâches diverses,2021-01-26,09:13:22,00:00:14
stefano.crapanzano@chu.ulg.ac.be,https://par0009wi.xperthis.be/sap(bD1mciZjPTIwMyZkPW1pbg==)/bc/bsp/sap/zmwi/main.do - Google Chrome,Tâches diverses,2021-01-26,09:56:53,00:00:02
stefano.crapanzano@chu.ulg.ac.be,Logon Error Message - Google Chrome,Tâches diverses,2021-01-26,09:05:23,00:00:02
stefano.crapanzano@chu.ulg.ac.be,Logon Error Message - Google Chrome,Tâches diverses,2021-01-26,09:05:28,00:00:04
stefano.crapanzano@chu.ulg.ac.be,Logon Error Message - Google Chrome,Tâches diverses,2021-01-26,09:05:41,00:00:03
stefano.crapanzano@chu.ulg.ac.be,Logon Error Message - Google Chrome,Tâches diverses,2021-01-26,09:05:46,00:00:02
stefano.crapanzano@chu.ulg.ac.be,Logon Error Message - Google Chrome,Tâches diverses,2021-01-26,09:05:52,00:00:02
stefano.crapanzano@chu.ulg.ac.be,Logon Error Message - Google Chrome,Tâches diverses,2021-01-26,09:06:17,00:00:04
stefano.crapanzano@chu.ulg.ac.be,Logon Error Message - Google Chrome,Tâches diverses,2021-01-26,09:06:42,00:00:06
stefano.crapanzano@chu.ulg.ac.be,Logon Error Message - Google Chrome,Tâches diverses,2021-01-26,09:06:50,00:00:03
stefano.crapanzano@chu.ulg.ac.be,Logon Error Message - Google Chrome,Tâches diverses,2021-01-26,09:06:54,00:00:09
stefano.crapanzano@chu.ulg.ac.be,https://par0009wi.xperthis.be/sap/saml2/sp/acs/203 - Google Chrome,Tâches diverses,2021-01-26,09:12:09,00:00:02
stefano.crapanzano@chu.ulg.ac.be,Greenshot capture form,Tâches diverses,2021-01-26,09:12:56,00:00:15
stefano.crapanzano@chu.ulg.ac.be,Greenshot capture form,Tâches diverses,2021-01-26,09:13:37,00:00:06
stefano.crapanzano@chu.ulg.ac.be,Greenshot capture form,Helpdesk général,2021-01-26,09:14:44,00:00:09
stefano.crapanzano@chu.ulg.ac.be,Sans titre - Message (HTML),Helpdesk général,2021-01-26,09:13:15,00:00:07
stefano.crapanzano@chu.ulg.ac.be,Sans titre - Message (HTML),Helpdesk général,2021-01-26,09:14:02,00:00:30
stefano.crapanzano@chu.ulg.ac.be,Sans titre - Message (HTML),Helpdesk général,2021-01-26,09:15:07,00:00:28
stefano.crapanzano@chu.ulg.ac.be,Sans titre - Message (HTML),Helpdesk général,2021-01-26,09:15:57,00:01:36
stefano.crapanzano@chu.ulg.ac.be,Greenshot Éditeur d'Image,Helpdesk général,2021-01-26,09:13:45,00:00:17
stefano.crapanzano@chu.ulg.ac.be,Microsoft Outlook,Helpdesk général,2021-01-26,09:15:37,00:00:03
stefano.crapanzano@chu.ulg.ac.be,Envoyé - Zimbra - Stefano Crapanzano - Outlook,Helpdesk général,2021-01-26,09:15:52,00:00:04
stefano.crapanzano@chu.ulg.ac.be,Envoyé - Zimbra - Stefano Crapanzano - Outlook,Helpdesk général,2021-01-26,09:17:33,00:00:44
stefano.crapanzano@chu.ulg.ac.be,Boîte de réception - erp.sai@chuliege.be - Outlook,Helpdesk général,2021-01-26,09:56:30,00:00:05
stefano.crapanzano@chu.ulg.ac.be,Boîte de réception - erp.sai@chuliege.be - Outlook,Helpdesk général,2021-01-26,10:00:09,00:00:15
stefano.crapanzano@chu.ulg.ac.be,Boîte de réception - erp.sai@chuliege.be - Outlook,Helpdesk général,2021-01-26,11:53:56,00:01:20
stefano.crapanzano@chu.ulg.ac.be,Boîte de réception - erp.sai@chuliege.be - Outlook,Helpdesk général,2021-01-26,11:57:28,00:00:03
stefano.crapanzano@chu.ulg.ac.be,Boîte de réception - erp.sai@chuliege.be - Outlook,Helpdesk général,2021-01-26,13:41:00,01:14:18
stefano.crapanzano@chu.ulg.ac.be,Boîte de réception - erp.sai@chuliege.be - Outlook,Helpdesk général,2021-01-26,14:55:26,00:00:03
stefano.crapanzano@chu.ulg.ac.be,Boîte de réception - erp.sai@chuliege.be - Outlook,Helpdesk général,2021-01-26,15:26:19,01:36:19
stefano.crapanzano@chu.ulg.ac.be,Toggl weekly report - Message (HTML),Helpdesk général,2021-01-26,11:56:35,00:00:09
