Email,Description,Project,Start date,Start time,Duration
stefano.crapanzano@chu.ulg.ac.be,Administrateur : C:\Windows\system32\cmd.exe - python  main.py,IT,2021-09-28,08:28:01,00:00:13
stefano.crapanzano@chu.ulg.ac.be,Administrateur : C:\Windows\system32\cmd.exe - python  main.py,IT,2021-09-28,08:31:23,00:00:02
stefano.crapanzano@chu.ulg.ac.be,Courrier entrant - stefano.crapanzano@chuliege.be - Mozilla Thunderbird,Helpdesk général,2021-09-28,08:28:14,00:00:14
stefano.crapanzano@chu.ulg.ac.be,Courrier entrant - stefano.crapanzano@chuliege.be - Mozilla Thunderbird,Helpdesk général,2021-09-28,08:54:47,00:00:18
stefano.crapanzano@chu.ulg.ac.be,Courrier entrant - stefano.crapanzano@chuliege.be - Mozilla Thunderbird,Helpdesk général,2021-09-28,10:44:35,00:00:06
stefano.crapanzano@chu.ulg.ac.be,Courrier entrant - stefano.crapanzano@chuliege.be - Mozilla Thunderbird,Helpdesk général,2021-09-28,10:45:44,00:00:02
stefano.crapanzano@chu.ulg.ac.be,Courrier entrant - stefano.crapanzano@chuliege.be - Mozilla Thunderbird,Helpdesk général,2021-09-28,11:03:45,00:00:07
stefano.crapanzano@chu.ulg.ac.be,Courrier entrant - stefano.crapanzano@chuliege.be - Mozilla Thunderbird,Helpdesk général,2021-09-28,11:09:50,00:00:02
stefano.crapanzano@chu.ulg.ac.be,Courrier entrant - stefano.crapanzano@chuliege.be - Mozilla Thunderbird,Helpdesk général,2021-09-28,11:41:55,00:00:04
stefano.crapanzano@chu.ulg.ac.be,Courrier entrant - stefano.crapanzano@chuliege.be - Mozilla Thunderbird,Helpdesk général,2021-09-28,14:58:04,00:04:48
stefano.crapanzano@chu.ulg.ac.be,Courrier entrant - stefano.crapanzano@chuliege.be - Mozilla Thunderbird,Helpdesk général,2021-09-28,15:12:11,00:00:06
stefano.crapanzano@chu.ulg.ac.be,Courrier entrant - stefano.crapanzano@chuliege.be - Mozilla Thunderbird,Helpdesk général,2021-09-28,15:12:22,00:00:21
stefano.crapanzano@chu.ulg.ac.be,Courrier entrant - stefano.crapanzano@chuliege.be - Mozilla Thunderbird,Helpdesk général,2021-09-28,15:13:54,00:01:04
stefano.crapanzano@chu.ulg.ac.be,Courrier entrant - stefano.crapanzano@chuliege.be - Mozilla Thunderbird,Helpdesk général,2021-09-28,15:15:00,00:00:33
stefano.crapanzano@chu.ulg.ac.be,Courrier entrant - stefano.crapanzano@chuliege.be - Mozilla Thunderbird,Helpdesk général,2021-09-28,15:20:10,00:00:02
stefano.crapanzano@chu.ulg.ac.be,Courrier entrant - erp.sai@chuliege.be - Mozilla Thunderbird,Helpdesk général,2021-09-28,08:28:29,00:02:53
stefano.crapanzano@chu.ulg.ac.be,Courrier entrant - erp.sai@chuliege.be - Mozilla Thunderbird,Helpdesk général,2021-09-28,08:45:22,00:00:18
stefano.crapanzano@chu.ulg.ac.be,Courrier entrant - erp.sai@chuliege.be - Mozilla Thunderbird,Helpdesk général,2021-09-28,08:54:43,00:00:03
stefano.crapanzano@chu.ulg.ac.be,Courrier entrant - erp.sai@chuliege.be - Mozilla Thunderbird,Helpdesk général,2021-09-28,08:55:06,00:00:10
stefano.crapanzano@chu.ulg.ac.be,Courrier entrant - erp.sai@chuliege.be - Mozilla Thunderbird,Helpdesk général,2021-09-28,08:56:29,00:00:14
stefano.crapanzano@chu.ulg.ac.be,Courrier entrant - erp.sai@chuliege.be - Mozilla Thunderbird,Helpdesk général,2021-09-28,10:41:37,00:00:55
stefano.crapanzano@chu.ulg.ac.be,Courrier entrant - erp.sai@chuliege.be - Mozilla Thunderbird,Helpdesk général,2021-09-28,10:44:31,00:00:03
stefano.crapanzano@chu.ulg.ac.be,Courrier entrant - erp.sai@chuliege.be - Mozilla Thunderbird,Helpdesk général,2021-09-28,10:44:42,00:01:01
stefano.crapanzano@chu.ulg.ac.be,Courrier entrant - erp.sai@chuliege.be - Mozilla Thunderbird,Helpdesk général,2021-09-28,11:01:32,00:02:12
stefano.crapanzano@chu.ulg.ac.be,Courrier entrant - erp.sai@chuliege.be - Mozilla Thunderbird,Helpdesk général,2021-09-28,11:04:42,00:00:02
stefano.crapanzano@chu.ulg.ac.be,Courrier entrant - erp.sai@chuliege.be - Mozilla Thunderbird,Helpdesk général,2021-09-28,11:09:47,00:00:02
stefano.crapanzano@chu.ulg.ac.be,Courrier entrant - erp.sai@chuliege.be - Mozilla Thunderbird,Helpdesk général,2021-09-28,11:09:52,00:00:02
stefano.crapanzano@chu.ulg.ac.be,Courrier entrant - erp.sai@chuliege.be - Mozilla Thunderbird,Helpdesk général,2021-09-28,11:10:05,00:00:05
stefano.crapanzano@chu.ulg.ac.be,Courrier entrant - erp.sai@chuliege.be - Mozilla Thunderbird,Tâches diverses,2021-09-28,11:40:11,00:01:43
stefano.crapanzano@chu.ulg.ac.be,Courrier entrant - erp.sai@chuliege.be - Mozilla Thunderbird,Helpdesk général,2021-09-28,11:41:59,00:33:11
stefano.crapanzano@chu.ulg.ac.be,Courrier entrant - erp.sai@chuliege.be - Mozilla Thunderbird,Helpdesk général,2021-09-28,12:39:38,00:00:02
stefano.crapanzano@chu.ulg.ac.be,Courrier entrant - erp.sai@chuliege.be - Mozilla Thunderbird,Helpdesk général,2021-09-28,12:42:28,00:00:05
stefano.crapanzano@chu.ulg.ac.be,Courrier entrant - erp.sai@chuliege.be - Mozilla Thunderbird,Helpdesk général,2021-09-28,13:38:26,00:00:11
stefano.crapanzano@chu.ulg.ac.be,Courrier entrant - erp.sai@chuliege.be - Mozilla Thunderbird,Helpdesk général,2021-09-28,13:44:11,00:00:02
stefano.crapanzano@chu.ulg.ac.be,Courrier entrant - erp.sai@chuliege.be - Mozilla Thunderbird,Helpdesk général,2021-09-28,13:50:37,00:00:05
stefano.crapanzano@chu.ulg.ac.be,Courrier entrant - erp.sai@chuliege.be - Mozilla Thunderbird,Helpdesk général,2021-09-28,14:55:31,00:02:33
stefano.crapanzano@chu.ulg.ac.be,Courrier entrant - erp.sai@chuliege.be - Mozilla Thunderbird,Helpdesk général,2021-09-28,15:02:53,00:00:14
stefano.crapanzano@chu.ulg.ac.be,Courrier entrant - erp.sai@chuliege.be - Mozilla Thunderbird,Helpdesk général,2021-09-28,15:11:19,00:00:02
stefano.crapanzano@chu.ulg.ac.be,Courrier entrant - erp.sai@chuliege.be - Mozilla Thunderbird,Helpdesk général,2021-09-28,15:12:08,00:00:02
stefano.crapanzano@chu.ulg.ac.be,Demandes - Service d'assistance - Google Chrome,Tâches diverses,2021-09-28,08:31:25,00:00:24
stefano.crapanzano@chu.ulg.ac.be,Demandes - Service d'assistance - Google Chrome,Tâches diverses,2021-09-28,08:32:57,00:00:08
stefano.crapanzano@chu.ulg.ac.be,Demandes - Service d'assistance - Google Chrome,Tâches diverses,2021-09-28,08:33:14,00:00:04
stefano.crapanzano@chu.ulg.ac.be,Demandes - Service d'assistance - Google Chrome,Tâches diverses,2021-09-28,08:34:20,00:00:06
stefano.crapanzano@chu.ulg.ac.be,Demandes - Service d'assistance - Google Chrome,Tâches diverses,2021-09-28,08:34:35,00:00:06
stefano.crapanzano@chu.ulg.ac.be,Demandes - Service d'assistance - Google Chrome,Tâches diverses,2021-09-28,08:36:25,00:00:06
stefano.crapanzano@chu.ulg.ac.be,Demandes - Service d'assistance - Google Chrome,Tâches diverses,2021-09-28,08:36:59,00:00:08
stefano.crapanzano@chu.ulg.ac.be,Demandes - Service d'assistance - Google Chrome,Tâches diverses,2021-09-28,08:40:11,00:00:05
stefano.crapanzano@chu.ulg.ac.be,Demandes - Service d'assistance - Google Chrome,Tâches diverses,2021-09-28,08:40:33,00:00:07
stefano.crapanzano@chu.ulg.ac.be,Demandes - Service d'assistance - Google Chrome,Tâches diverses,2021-09-28,08:44:27,00:00:05
stefano.crapanzano@chu.ulg.ac.be,Demandes - Service d'assistance - Google Chrome,Tâches diverses,2021-09-28,08:45:00,00:00:05
stefano.crapanzano@chu.ulg.ac.be,Demandes - Service d'assistance - Google Chrome,Tâches diverses,2021-09-28,08:47:50,00:00:09
stefano.crapanzano@chu.ulg.ac.be,Demandes - Service d'assistance - Google Chrome,Tâches diverses,2021-09-28,08:48:01,00:00:08
stefano.crapanzano@chu.ulg.ac.be,Demandes - Service d'assistance - Google Chrome,Tâches diverses,2021-09-28,08:48:18,00:00:17
stefano.crapanzano@chu.ulg.ac.be,Demandes - Service d'assistance - Google Chrome,Tâches diverses,2021-09-28,08:48:49,00:00:35
stefano.crapanzano@chu.ulg.ac.be,Demandes - Service d'assistance - Google Chrome,Tâches diverses,2021-09-28,08:49:56,00:00:11
stefano.crapanzano@chu.ulg.ac.be,Demandes - Service d'assistance - Google Chrome,Tâches diverses,2021-09-28,08:50:20,00:00:06
stefano.crapanzano@chu.ulg.ac.be,Demandes - Service d'assistance - Google Chrome,Tâches diverses,2021-09-28,08:50:45,00:00:13
stefano.crapanzano@chu.ulg.ac.be,Demandes - Service d'assistance - Google Chrome,Tâches diverses,2021-09-28,08:57:16,00:00:08
stefano.crapanzano@chu.ulg.ac.be,Demandes - Service d'assistance - Google Chrome,Tâches diverses,2021-09-28,09:46:22,00:00:05
stefano.crapanzano@chu.ulg.ac.be,Demandes - Service d'assistance - Google Chrome,Tâches diverses,2021-09-28,09:53:56,00:00:12
stefano.crapanzano@chu.ulg.ac.be,Demandes - Service d'assistance - Google Chrome,Tâches diverses,2021-09-28,09:54:27,00:00:09
stefano.crapanzano@chu.ulg.ac.be,Demandes - Service d'assistance - Google Chrome,Tâches diverses,2021-09-28,10:43:20,00:00:11
stefano.crapanzano@chu.ulg.ac.be,Demandes - Service d'assistance - Google Chrome,Tâches diverses,2021-09-28,10:43:39,00:00:04
stefano.crapanzano@chu.ulg.ac.be,Demandes - Service d'assistance - Google Chrome,Tâches diverses,2021-09-28,10:43:51,00:00:05
stefano.crapanzano@chu.ulg.ac.be,Demandes - Service d'assistance - Google Chrome,Tâches diverses,2021-09-28,10:44:27,00:00:04
stefano.crapanzano@chu.ulg.ac.be,Demandes - Service d'assistance - Google Chrome,Tâches diverses,2021-09-28,10:45:48,00:15:44
stefano.crapanzano@chu.ulg.ac.be,Demandes - Service d'assistance - Google Chrome,Tâches diverses,2021-09-28,11:04:44,00:04:35
stefano.crapanzano@chu.ulg.ac.be,Demandes - Service d'assistance - Google Chrome,Tâches diverses,2021-09-28,12:39:43,00:00:20
stefano.crapanzano@chu.ulg.ac.be,Demandes - Service d'assistance - Google Chrome,Tâches diverses,2021-09-28,12:40:10,00:00:09
stefano.crapanzano@chu.ulg.ac.be,Demandes - Service d'assistance - Google Chrome,Tâches diverses,2021-09-28,12:41:04,00:00:02
stefano.crapanzano@chu.ulg.ac.be,Création d'une demande d'achat pour article générique (DUMM) - Xperthis ERP4HC 2.0 Rollout - Service d'assistance - Google Chrome,Tâches diverses,2021-09-28,08:31:50,00:01:07
stefano.crapanzano@chu.ulg.ac.be,création d'un panier - possibilité de sauvegarder temporairement - Xperthis ERP4HC 2.0 Rollout - Service d'assistance - Google Chrome,Tâches diverses,2021-09-28,08:33:05,00:00:09
stefano.crapanzano@chu.ulg.ac.be,Ma boîte de réception (1) - Xperthis ERP4HC 2.0 Rollout - Service d'assistance - Google Chrome,Tâches diverses,2021-09-28,08:33:18,00:01:01
stefano.crapanzano@chu.ulg.ac.be,Ma boîte de réception (1) - Xperthis ERP4HC 2.0 Rollout - Service d'assistance - Google Chrome,Tâches diverses,2021-09-28,08:50:26,00:00:18
stefano.crapanzano@chu.ulg.ac.be,Affichage demande d'achat en SAP-GUI ME53N - Xperthis ERP4HC 2.0 Rollout - Service d'assistance - Google Chrome,Tâches diverses,2021-09-28,08:34:27,00:00:07
stefano.crapanzano@chu.ulg.ac.be,Consultation de  Mes demandes d'achat  - Xperthis ERP4HC 2.0 Rollout - Service d'assistance - Google Chrome,Tâches diverses,2021-09-28,08:34:42,00:01:43
stefano.crapanzano@chu.ulg.ac.be,Consultation de  Mes demandes d'achat  - Xperthis ERP4HC 2.0 Rollout - Service d'assistance - Google Chrome,Tâches diverses,2021-09-28,09:54:44,00:00:21
stefano.crapanzano@chu.ulg.ac.be,Exécution de la transaction MB03 affichage document article en SAP-GUI - Xperthis ERP4HC 2.0 Rollout - Service d'assistance - Google Chrome,Tâches diverses,2021-09-28,08:36:32,00:00:26
stefano.crapanzano@chu.ulg.ac.be,Ajout de l'article 511068 sur le catalogue NDBOMAGA -> centre de coût 050756000 - Xperthis ERP4HC 2.0 Rollout - Service d'assistance - Google Chrome,Tâches diverses,2021-09-28,08:37:07,00:03:04
stefano.crapanzano@chu.ulg.ac.be,Ajout de l'article 511068 sur le catalogue NDBOMAGA -> centre de coût 050756000 - Xperthis ERP4HC 2.0 Rollout - Service d'assistance - Google Chrome,Tâches diverses,2021-09-28,09:54:08,00:00:18
stefano.crapanzano@chu.ulg.ac.be,SSP Accès aux utilisateurs CHR - Xperthis ERP4HC 2.0 Rollout - Service d'assistance - Google Chrome,Tâches diverses,2021-09-28,08:40:16,00:00:17
stefano.crapanzano@chu.ulg.ac.be,SSP - Gestion des postes de catalogues FIORI - Xperthis ERP4HC 2.0 Rollout - Service d'assistance - Google Chrome,Tâches diverses,2021-09-28,08:40:41,00:03:45
stefano.crapanzano@chu.ulg.ac.be,SSP - Gestion des postes de catalogues FIORI - Xperthis ERP4HC 2.0 Rollout - Service d'assistance - Google Chrome,Tâches diverses,2021-09-28,08:44:33,00:00:27
stefano.crapanzano@chu.ulg.ac.be,Chargement photo d'un article sur SSP - Xperthis ERP4HC 2.0 Rollout - Service d'assistance - Google Chrome,Tâches diverses,2021-09-28,08:45:06,00:00:15
stefano.crapanzano@chu.ulg.ac.be,Chargement photo d'un article sur SSP - Xperthis ERP4HC 2.0 Rollout - Service d'assistance - Google Chrome,Tâches diverses,2021-09-28,08:45:40,00:02:09
stefano.crapanzano@chu.ulg.ac.be,Chargement photo d'un article sur SSP - Xperthis ERP4HC 2.0 Rollout - Service d'assistance - Google Chrome,Tâches diverses,2021-09-28,08:57:24,00:00:03
stefano.crapanzano@chu.ulg.ac.be,Chargement photo d'un article sur SSP - Xperthis ERP4HC 2.0 Rollout - Service d'assistance - Google Chrome,Tâches diverses,2021-09-28,09:00:58,00:00:05
stefano.crapanzano@chu.ulg.ac.be,Chargement photo d'un article sur SSP - Xperthis ERP4HC 2.0 Rollout - Service d'assistance - Google Chrome,Tâches diverses,2021-09-28,09:01:19,00:00:25
stefano.crapanzano@chu.ulg.ac.be,Chargement photo d'un article sur SSP - Xperthis ERP4HC 2.0 Rollout - Service d'assistance - Google Chrome,Tâches diverses,2021-09-28,09:06:38,00:00:44
stefano.crapanzano@chu.ulg.ac.be,Chargement photo d'un article sur SSP - Xperthis ERP4HC 2.0 Rollout - Service d'assistance - Google Chrome,Tâches diverses,2021-09-28,09:07:25,00:00:09
stefano.crapanzano@chu.ulg.ac.be,Chargement photo d'un article sur SSP - Xperthis ERP4HC 2.0 Rollout - Service d'assistance - Google Chrome,Tâches diverses,2021-09-28,09:07:35,00:00:19
stefano.crapanzano@chu.ulg.ac.be,Chargement photo d'un article sur SSP - Xperthis ERP4HC 2.0 Rollout - Service d'assistance - Google Chrome,Tâches diverses,2021-09-28,09:08:05,00:00:21
stefano.crapanzano@chu.ulg.ac.be,Chargement photo d'un article sur SSP - Xperthis ERP4HC 2.0 Rollout - Service d'assistance - Google Chrome,Tâches diverses,2021-09-28,09:11:09,00:00:02
stefano.crapanzano@chu.ulg.ac.be,Chargement photo d'un article sur SSP - Xperthis ERP4HC 2.0 Rollout - Service d'assistance - Google Chrome,Tâches diverses,2021-09-28,09:46:15,00:00:06
stefano.crapanzano@chu.ulg.ac.be,Chargement photo d'un article sur SSP - Xperthis ERP4HC 2.0 Rollout - Service d'assistance - Google Chrome,Tâches diverses,2021-09-28,10:11:52,00:00:03
stefano.crapanzano@chu.ulg.ac.be,Chargement photo d'un article sur SSP - Xperthis ERP4HC 2.0 Rollout - Service d'assistance - Google Chrome,Tâches diverses,2021-09-28,10:43:56,00:00:30
stefano.crapanzano@chu.ulg.ac.be,Chargement photo d'un article sur SSP - Xperthis ERP4HC 2.0 Rollout - Service d'assistance - Google Chrome,Tâches diverses,2021-09-28,11:09:20,00:00:27
stefano.crapanzano@chu.ulg.ac.be,Chargement photo d'un article sur SSP - Xperthis ERP4HC 2.0 Rollout - Service d'assistance - Google Chrome,Tâches diverses,2021-09-28,11:39:33,00:00:02
stefano.crapanzano@chu.ulg.ac.be,Test de ZCREATION_PERS sur X01 - Xperthis ERP4HC 2.0 Rollout - Service d'assistance - Google Chrome,Tâches diverses,2021-09-28,08:50:08,00:00:12
stefano.crapanzano@chu.ulg.ac.be,Intégration de prestations TRANS par webservice - Xperthis Oazis - Service d'assistance - Google Chrome,Tâches diverses,2021-09-28,08:48:09,00:00:09
stefano.crapanzano@chu.ulg.ac.be,X01-203 CHU Factures chargées dans ZSCAN_INVOICE non visible dans Workflow - Xperthis ERP4HC 2.0 Rollout - Service d'assistance - Google Chrome,Tâches diverses,2021-09-28,08:48:36,00:00:13
stefano.crapanzano@chu.ulg.ac.be,X01-203 CHU Factures chargées dans ZSCAN_INVOICE non visible dans Workflow - Xperthis ERP4HC 2.0 Rollout - Service d'assistance - Google Chrome,Tâches diverses,2021-09-28,10:43:44,00:00:06
stefano.crapanzano@chu.ulg.ac.be,CETTE TRANSACTION NE FONCTIONNE PLUS DANS X01 - Xperthis ERP4HC 2.0 Rollout - Service d'assistance - Google Chrome,Tâches diverses,2021-09-28,08:49:24,00:00:32
stefano.crapanzano@chu.ulg.ac.be,Intrastat - Google Chrome,Tâches diverses,2021-09-28,08:50:59,00:02:45
stefano.crapanzano@chu.ulg.ac.be,Intrastat - Google Chrome,Tâches diverses,2021-09-28,08:54:09,00:00:34
stefano.crapanzano@chu.ulg.ac.be,Intrastat - Google Chrome,Tâches diverses,2021-09-28,10:41:18,00:00:07
stefano.crapanzano@chu.ulg.ac.be,Identification - Google Chrome,Tâches diverses,2021-09-28,08:53:44,00:00:09
stefano.crapanzano@chu.ulg.ac.be,POST data - Google Chrome,Tâches diverses,2021-09-28,08:53:54,00:00:15
stefano.crapanzano@chu.ulg.ac.be,Navigation système de fichier,IT,2021-09-28,08:55:17,00:00:09
stefano.crapanzano@chu.ulg.ac.be,Navigation système de fichier,IT,2021-09-28,08:58:02,00:00:03
stefano.crapanzano@chu.ulg.ac.be,Navigation système de fichier,IT,2021-09-28,09:00:17,00:00:02
stefano.crapanzano@chu.ulg.ac.be,Navigation système de fichier,IT,2021-09-28,09:01:59,00:00:02
stefano.crapanzano@chu.ulg.ac.be,Navigation système de fichier,IT,2021-09-28,09:02:31,00:00:03
stefano.crapanzano@chu.ulg.ac.be,Navigation système de fichier,IT,2021-09-28,09:08:27,00:00:02
stefano.crapanzano@chu.ulg.ac.be,Navigation système de fichier,IT,2021-09-28,09:57:45,00:00:02
stefano.crapanzano@chu.ulg.ac.be,Navigation système de fichier,IT,2021-09-28,09:57:51,00:00:02
stefano.crapanzano@chu.ulg.ac.be,Navigation système de fichier,IT,2021-09-28,09:59:40,00:00:03
stefano.crapanzano@chu.ulg.ac.be,Navigation système de fichier,IT,2021-09-28,10:18:58,00:00:02
stefano.crapanzano@chu.ulg.ac.be,Navigation système de fichier,IT,2021-09-28,10:22:36,00:00:02
stefano.crapanzano@chu.ulg.ac.be,Navigation système de fichier,IT,2021-09-28,10:38:00,00:00:04
stefano.crapanzano@chu.ulg.ac.be,Navigation système de fichier,IT,2021-09-28,10:38:19,00:00:16
stefano.crapanzano@chu.ulg.ac.be,Navigation système de fichier,IT,2021-09-28,10:40:19,00:00:02
stefano.crapanzano@chu.ulg.ac.be,Navigation système de fichier,IT,2021-09-28,11:09:55,00:00:08
stefano.crapanzano@chu.ulg.ac.be,Navigation système de fichier,IT,2021-09-28,11:28:39,00:00:02
stefano.crapanzano@chu.ulg.ac.be,Navigation système de fichier,IT,2021-09-28,11:33:58,00:00:02
stefano.crapanzano@chu.ulg.ac.be,Navigation système de fichier,IT,2021-09-28,12:41:07,00:00:02
stefano.crapanzano@chu.ulg.ac.be,Navigation système de fichier,IT,2021-09-28,12:45:13,00:00:02
stefano.crapanzano@chu.ulg.ac.be,Navigation système de fichier,IT,2021-09-28,12:45:27,00:00:02
stefano.crapanzano@chu.ulg.ac.be,Navigation système de fichier,IT,2021-09-28,12:45:50,00:00:35
stefano.crapanzano@chu.ulg.ac.be,Navigation système de fichier,IT,2021-09-28,12:46:45,00:00:02
stefano.crapanzano@chu.ulg.ac.be,Navigation système de fichier,IT,2021-09-28,12:51:01,00:00:02
stefano.crapanzano@chu.ulg.ac.be,Navigation système de fichier,IT,2021-09-28,12:52:48,00:00:02
stefano.crapanzano@chu.ulg.ac.be,Navigation système de fichier,IT,2021-09-28,12:52:52,00:00:02
stefano.crapanzano@chu.ulg.ac.be,Navigation système de fichier,IT,2021-09-28,12:53:12,00:00:02
stefano.crapanzano@chu.ulg.ac.be,Navigation système de fichier,IT,2021-09-28,12:53:18,00:00:05
stefano.crapanzano@chu.ulg.ac.be,Navigation système de fichier,IT,2021-09-28,13:43:26,00:00:06
stefano.crapanzano@chu.ulg.ac.be,Navigation système de fichier,IT,2021-09-28,13:43:45,00:00:24
stefano.crapanzano@chu.ulg.ac.be,Navigation système de fichier,IT,2021-09-28,13:44:14,00:00:04
stefano.crapanzano@chu.ulg.ac.be,Navigation système de fichier,IT,2021-09-28,13:45:39,00:00:06
stefano.crapanzano@chu.ulg.ac.be,Navigation système de fichier,IT,2021-09-28,13:46:50,00:00:03
stefano.crapanzano@chu.ulg.ac.be,Navigation système de fichier,IT,2021-09-28,13:47:27,00:00:03
stefano.crapanzano@chu.ulg.ac.be,Navigation système de fichier,IT,2021-09-28,13:49:50,00:00:03
stefano.crapanzano@chu.ulg.ac.be,Navigation système de fichier,IT,2021-09-28,13:50:04,00:00:03
stefano.crapanzano@chu.ulg.ac.be,Navigation système de fichier,IT,2021-09-28,13:50:34,00:00:02
stefano.crapanzano@chu.ulg.ac.be,Navigation système de fichier,IT,2021-09-28,13:50:42,00:00:02
stefano.crapanzano@chu.ulg.ac.be,Navigation système de fichier,IT,2021-09-28,13:50:46,00:00:07
stefano.crapanzano@chu.ulg.ac.be,Navigation système de fichier,IT,2021-09-28,14:18:38,00:02:59
stefano.crapanzano@chu.ulg.ac.be,Navigation système de fichier,IT,2021-09-28,15:03:08,00:00:26
stefano.crapanzano@chu.ulg.ac.be,Navigation système de fichier,IT,2021-09-28,15:13:39,00:00:02
stefano.crapanzano@chu.ulg.ac.be,Navigation système de fichier,IT,2021-09-28,15:15:34,00:00:30
stefano.crapanzano@chu.ulg.ac.be,Navigation système de fichier,IT,2021-09-28,15:17:23,00:00:02
stefano.crapanzano@chu.ulg.ac.be,Navigation système de fichier,IT,2021-09-28,15:20:06,00:00:04
stefano.crapanzano@chu.ulg.ac.be,Navigation système de fichier,IT,2021-09-28,15:22:34,00:00:02
stefano.crapanzano@chu.ulg.ac.be,Télétravail (à partir du 11-01-21).xlsx - Excel,Tâches diverses,2021-09-28,08:55:26,00:00:50
stefano.crapanzano@chu.ulg.ac.be,SSP_Scenarios_tests_interservices.xlsx - Excel,Tâches diverses,2021-09-28,08:56:17,00:00:05
stefano.crapanzano@chu.ulg.ac.be,SSP_Scenarios_tests_interservices.xlsx - Excel,Tâches diverses,2021-09-28,15:03:34,00:00:11
stefano.crapanzano@chu.ulg.ac.be,Microsoft Excel,Tâches diverses,2021-09-28,08:56:22,00:00:03
stefano.crapanzano@chu.ulg.ac.be,Microsoft Excel,Tâches diverses,2021-09-28,15:03:46,00:00:05
stefano.crapanzano@chu.ulg.ac.be,20c17e2a-662e-4bf3-854e-ec29c0854d0f.xlsx - Excel,Tâches diverses,2021-09-28,08:56:26,00:00:02
stefano.crapanzano@chu.ulg.ac.be,ZSM04 - OneNote,Helpdesk général,2021-09-28,08:56:44,00:00:08
stefano.crapanzano@chu.ulg.ac.be,Connexion - Google Chrome,Tâches diverses,2021-09-28,08:56:58,00:00:08
stefano.crapanzano@chu.ulg.ac.be,Connexion - Google Chrome,Tâches diverses,2021-09-28,09:45:19,00:00:21
stefano.crapanzano@chu.ulg.ac.be,Connexion - Google Chrome,Tâches diverses,2021-09-28,11:28:57,00:00:09
stefano.crapanzano@chu.ulg.ac.be,Connexion - Google Chrome,Tâches diverses,2021-09-28,12:41:28,00:00:10
stefano.crapanzano@chu.ulg.ac.be,Connexion - Google Chrome,Tâches diverses,2021-09-28,15:09:53,00:00:12
stefano.crapanzano@chu.ulg.ac.be,Page d'accueil - Google Chrome,Tâches diverses,2021-09-28,08:57:08,00:00:08
stefano.crapanzano@chu.ulg.ac.be,Page d'accueil - Google Chrome,Tâches diverses,2021-09-28,09:00:23,00:00:13
stefano.crapanzano@chu.ulg.ac.be,Page d'accueil - Google Chrome,Tâches diverses,2021-09-28,09:47:07,00:00:02
stefano.crapanzano@chu.ulg.ac.be,Page d'accueil - Google Chrome,Tâches diverses,2021-09-28,09:50:02,00:00:03
stefano.crapanzano@chu.ulg.ac.be,Page d'accueil - Google Chrome,Tâches diverses,2021-09-28,09:52:26,00:00:06
stefano.crapanzano@chu.ulg.ac.be,Page d'accueil - Google Chrome,Tâches diverses,2021-09-28,09:53:11,00:00:02
stefano.crapanzano@chu.ulg.ac.be,Page d'accueil - Google Chrome,Tâches diverses,2021-09-28,09:59:59,00:00:05
stefano.crapanzano@chu.ulg.ac.be,Page d'accueil - Google Chrome,Tâches diverses,2021-09-28,10:21:39,00:00:03
stefano.crapanzano@chu.ulg.ac.be,Page d'accueil - Google Chrome,Tâches diverses,2021-09-28,11:28:50,00:00:06
stefano.crapanzano@chu.ulg.ac.be,Page d'accueil - Google Chrome,Tâches diverses,2021-09-28,11:29:10,00:00:03
stefano.crapanzano@chu.ulg.ac.be,Page d'accueil - Google Chrome,Tâches diverses,2021-09-28,11:29:52,00:00:02
stefano.crapanzano@chu.ulg.ac.be,Page d'accueil - Google Chrome,Tâches diverses,2021-09-28,11:32:40,00:00:02
stefano.crapanzano@chu.ulg.ac.be,Page d'accueil - Google Chrome,Tâches diverses,2021-09-28,11:33:30,00:00:02
stefano.crapanzano@chu.ulg.ac.be,Page d'accueil - Google Chrome,Tâches diverses,2021-09-28,12:41:12,00:00:08
stefano.crapanzano@chu.ulg.ac.be,Page d'accueil - Google Chrome,Tâches diverses,2021-09-28,12:42:20,00:00:03
stefano.crapanzano@chu.ulg.ac.be,Page d'accueil - Google Chrome,Tâches diverses,2021-09-28,12:43:24,00:00:02
stefano.crapanzano@chu.ulg.ac.be,Page d'accueil - Google Chrome,Tâches diverses,2021-09-28,12:43:52,00:00:04
stefano.crapanzano@chu.ulg.ac.be,Page d'accueil - Google Chrome,Tâches diverses,2021-09-28,15:09:51,00:00:02
stefano.crapanzano@chu.ulg.ac.be,Page d'accueil - Google Chrome,Tâches diverses,2021-09-28,15:10:06,00:00:03
stefano.crapanzano@chu.ulg.ac.be,Page d'accueil - Google Chrome,Tâches diverses,2021-09-28,15:11:39,00:00:02
stefano.crapanzano@chu.ulg.ac.be,Page d'accueil - Google Chrome,Tâches diverses,2021-09-28,15:12:44,00:00:02
stefano.crapanzano@chu.ulg.ac.be,Standaardinstellingen - Google Chrome,Tâches diverses,2021-09-28,08:57:28,00:00:33
stefano.crapanzano@chu.ulg.ac.be,Standaardinstellingen - Google Chrome,Tâches diverses,2021-09-28,08:58:49,00:00:29
stefano.crapanzano@chu.ulg.ac.be,Standaardinstellingen - Google Chrome,Tâches diverses,2021-09-28,08:59:30,00:00:14
stefano.crapanzano@chu.ulg.ac.be,Standaardinstellingen - Google Chrome,Exploration SAP,2021-09-28,08:59:50,00:00:07
stefano.crapanzano@chu.ulg.ac.be,Standaardinstellingen - Google Chrome,Tâches diverses,2021-09-28,09:00:08,00:00:03
stefano.crapanzano@chu.ulg.ac.be,Standaardinstellingen - Google Chrome,Tâches diverses,2021-09-28,09:00:20,00:00:03
stefano.crapanzano@chu.ulg.ac.be,Standaardinstellingen - Google Chrome,Tâches diverses,2021-09-28,09:03:44,00:00:13
stefano.crapanzano@chu.ulg.ac.be,Standaardinstellingen - Google Chrome,Tâches diverses,2021-09-28,09:04:16,00:00:17
stefano.crapanzano@chu.ulg.ac.be,Standaardinstellingen - Google Chrome,Exploration SAP,2021-09-28,09:06:35,00:00:02
stefano.crapanzano@chu.ulg.ac.be,Standaardinstellingen - Google Chrome,Tâches diverses,2021-09-28,09:43:37,00:01:28
stefano.crapanzano@chu.ulg.ac.be,Standaardinstellingen - Google Chrome,Tâches diverses,2021-09-28,10:41:26,00:00:11
stefano.crapanzano@chu.ulg.ac.be,Standaardinstellingen - Google Chrome,Tâches diverses,2021-09-28,13:38:23,00:00:02
stefano.crapanzano@chu.ulg.ac.be,Informations sur la SAP Logon,Exploration SAP,2021-09-28,08:58:05,00:00:02
stefano.crapanzano@chu.ulg.ac.be,SAP Easy Access Menu de base Applications financières-économiques,Exploration SAP,2021-09-28,08:58:12,00:00:18
stefano.crapanzano@chu.ulg.ac.be,SAP Easy Access Menu de base Applications financières-économiques,Exploration SAP,2021-09-28,08:58:44,00:00:02
stefano.crapanzano@chu.ulg.ac.be,SAP Easy Access Menu de base Applications financières-économiques,Exploration SAP,2021-09-28,08:59:22,00:00:02
stefano.crapanzano@chu.ulg.ac.be,SAP Easy Access Menu de base Applications financières-économiques,Exploration SAP,2021-09-28,09:02:39,00:00:17
stefano.crapanzano@chu.ulg.ac.be,SAP Easy Access Menu de base Applications financières-économiques,Exploration SAP,2021-09-28,09:57:59,00:00:10
stefano.crapanzano@chu.ulg.ac.be,SAP Easy Access Menu de base Applications financières-économiques,Exploration SAP,2021-09-28,10:02:05,00:00:03
stefano.crapanzano@chu.ulg.ac.be,SAP Easy Access Menu de base Applications financières-économiques,Exploration SAP,2021-09-28,10:06:19,00:00:05
stefano.crapanzano@chu.ulg.ac.be,SAP Easy Access Menu de base Applications financières-économiques,Exploration SAP,2021-09-28,10:08:35,00:00:03
stefano.crapanzano@chu.ulg.ac.be,SAP Easy Access Menu de base Applications financières-économiques,Exploration SAP,2021-09-28,10:14:05,00:00:03
stefano.crapanzano@chu.ulg.ac.be,SAP Easy Access Menu de base Applications financières-économiques,Exploration SAP,2021-09-28,10:16:00,00:00:10
stefano.crapanzano@chu.ulg.ac.be,SAP Easy Access Menu de base Applications financières-économiques,Exploration SAP,2021-09-28,10:17:02,00:00:06
stefano.crapanzano@chu.ulg.ac.be,SAP Easy Access Menu de base Applications financières-économiques,Exploration SAP,2021-09-28,10:22:24,00:00:03
stefano.crapanzano@chu.ulg.ac.be,SAP Easy Access Menu de base Applications financières-économiques,Exploration SAP,2021-09-28,10:22:43,00:00:05
stefano.crapanzano@chu.ulg.ac.be,SAP Easy Access Menu de base Applications financières-économiques,Exploration SAP,2021-09-28,10:23:00,00:00:07
stefano.crapanzano@chu.ulg.ac.be,SAP Easy Access Menu de base Applications financières-économiques,Exploration SAP,2021-09-28,10:23:32,00:00:10
stefano.crapanzano@chu.ulg.ac.be,SAP Easy Access Menu de base Applications financières-économiques,Exploration SAP,2021-09-28,10:24:36,00:00:03
stefano.crapanzano@chu.ulg.ac.be,SAP Easy Access Menu de base Applications financières-économiques,Exploration SAP,2021-09-28,10:25:19,00:00:02
stefano.crapanzano@chu.ulg.ac.be,SAP Easy Access Menu de base Applications financières-économiques,Exploration SAP,2021-09-28,10:26:12,00:00:07
stefano.crapanzano@chu.ulg.ac.be,SAP Easy Access Menu de base Applications financières-économiques,Exploration SAP,2021-09-28,10:26:30,00:00:02
stefano.crapanzano@chu.ulg.ac.be,SAP Easy Access Menu de base Applications financières-économiques,Exploration SAP,2021-09-28,10:31:16,00:00:05
stefano.crapanzano@chu.ulg.ac.be,SAP Easy Access Menu de base Applications financières-économiques,Exploration SAP,2021-09-28,12:44:18,00:00:06
stefano.crapanzano@chu.ulg.ac.be,SAP Easy Access Menu de base Applications financières-économiques,Exploration SAP,2021-09-28,12:44:36,00:00:06
stefano.crapanzano@chu.ulg.ac.be,Créer Classe :,Exploration SAP,2021-09-28,08:58:30,00:00:09
stefano.crapanzano@chu.ulg.ac.be,Créer Classe :,Exploration SAP,2021-09-28,08:59:18,00:00:03
stefano.crapanzano@chu.ulg.ac.be,Modifier Classe :,Exploration SAP,2021-09-28,08:58:40,00:00:03
stefano.crapanzano@chu.ulg.ac.be,Modification en masse de valorisations,Exploration SAP,2021-09-28,08:59:25,00:00:04
stefano.crapanzano@chu.ulg.ac.be,Valoriser objets dans matrice,Exploration SAP,2021-09-28,08:59:45,00:00:05
stefano.crapanzano@chu.ulg.ac.be,Valoriser objets dans matrice,Exploration SAP,2021-09-28,08:59:58,00:00:09
stefano.crapanzano@chu.ulg.ac.be,Valoriser objets dans matrice,Exploration SAP,2021-09-28,09:00:12,00:00:04
stefano.crapanzano@chu.ulg.ac.be,Valoriser objets dans matrice,Exploration SAP,2021-09-28,09:02:34,00:00:04
stefano.crapanzano@chu.ulg.ac.be,Valoriser objets dans matrice,Exploration SAP,2021-09-28,09:03:34,00:00:03
stefano.crapanzano@chu.ulg.ac.be,Valoriser objets dans matrice,Exploration SAP,2021-09-28,09:03:57,00:00:17
stefano.crapanzano@chu.ulg.ac.be,Valoriser objets dans matrice,Exploration SAP,2021-09-28,09:04:33,00:01:09
stefano.crapanzano@chu.ulg.ac.be,Valoriser objets dans matrice,Exploration SAP,2021-09-28,09:05:51,00:00:16
stefano.crapanzano@chu.ulg.ac.be,Valoriser objets dans matrice,Helpdesk général,2021-09-28,09:06:12,00:00:05
stefano.crapanzano@chu.ulg.ac.be,Valoriser objets dans matrice,Helpdesk général,2021-09-28,09:06:22,00:00:05
stefano.crapanzano@chu.ulg.ac.be,Valoriser objets dans matrice,Exploration SAP,2021-09-28,09:57:48,00:00:02
stefano.crapanzano@chu.ulg.ac.be,Créer une demande d'achat - Google Chrome,Tâches diverses,2021-09-28,09:00:36,00:00:21
stefano.crapanzano@chu.ulg.ac.be,Créer une demande d'achat - Google Chrome,Tâches diverses,2021-09-28,09:01:03,00:00:15
stefano.crapanzano@chu.ulg.ac.be,Créer une demande d'achat - Google Chrome,Tâches diverses,2021-09-28,09:01:44,00:00:14
stefano.crapanzano@chu.ulg.ac.be,Créer une demande d'achat - Google Chrome,Tâches diverses,2021-09-28,09:02:01,00:00:15
stefano.crapanzano@chu.ulg.ac.be,Créer une demande d'achat - Google Chrome,Tâches diverses,2021-09-28,09:45:09,00:00:09
stefano.crapanzano@chu.ulg.ac.be,Créer une demande d'achat - Google Chrome,Tâches diverses,2021-09-28,09:45:43,00:00:32
stefano.crapanzano@chu.ulg.ac.be,Créer une demande d'achat - Google Chrome,Tâches diverses,2021-09-28,09:46:27,00:00:40
stefano.crapanzano@chu.ulg.ac.be,Créer une demande d'achat - Google Chrome,Tâches diverses,2021-09-28,09:52:33,00:00:17
stefano.crapanzano@chu.ulg.ac.be,Créer une demande d'achat - Google Chrome,Tâches diverses,2021-09-28,11:29:19,00:00:33
stefano.crapanzano@chu.ulg.ac.be,Créer une demande d'achat - Google Chrome,Tâches diverses,2021-09-28,11:30:41,00:00:26
stefano.crapanzano@chu.ulg.ac.be,Créer une demande d'achat - Google Chrome,Tâches diverses,2021-09-28,11:32:38,00:00:02
stefano.crapanzano@chu.ulg.ac.be,Créer une demande d'achat - Google Chrome,Tâches diverses,2021-09-28,11:32:43,00:00:02
stefano.crapanzano@chu.ulg.ac.be,Créer une demande d'achat - Google Chrome,Tâches diverses,2021-09-28,11:33:02,00:00:28
stefano.crapanzano@chu.ulg.ac.be,Créer une demande d'achat - Google Chrome,Tâches diverses,2021-09-28,12:43:26,00:00:02
stefano.crapanzano@chu.ulg.ac.be,Créer une demande d'achat - Google Chrome,Tâches diverses,2021-09-28,12:43:48,00:00:03
stefano.crapanzano@chu.ulg.ac.be,Détails du produit - Google Chrome,Tâches diverses,2021-09-28,09:02:17,00:00:13
stefano.crapanzano@chu.ulg.ac.be,Détails du produit - Google Chrome,Tâches diverses,2021-09-28,09:03:39,00:00:04
stefano.crapanzano@chu.ulg.ac.be,Détails du produit - Google Chrome,Tâches diverses,2021-09-28,09:45:06,00:00:02
stefano.crapanzano@chu.ulg.ac.be,Détails du produit - Google Chrome,Tâches diverses,2021-09-28,09:52:50,00:00:18
stefano.crapanzano@chu.ulg.ac.be,Afficher fiche infos-achats : écran initial,Exploration SAP,2021-09-28,09:02:56,00:00:12
stefano.crapanzano@chu.ulg.ac.be,Afficher fiche infos-achats : écran initial,Exploration SAP,2021-09-28,09:03:15,00:00:02
stefano.crapanzano@chu.ulg.ac.be,Afficher fiche infos-achats : écran initial,Exploration SAP,2021-09-28,09:03:30,00:00:02
stefano.crapanzano@chu.ulg.ac.be,Afficher fiche infos-achats : écran initial,Exploration SAP,2021-09-28,09:08:29,00:00:03
stefano.crapanzano@chu.ulg.ac.be,Afficher fiche infos-achats : écran initial,Exploration SAP,2021-09-28,09:57:53,00:00:05
stefano.crapanzano@chu.ulg.ac.be,Numéro de la fiche infos-achats (4),Exploration SAP,2021-09-28,09:03:09,00:00:06
stefano.crapanzano@chu.ulg.ac.be,Numéro de la fiche infos-achats (4),Exploration SAP,2021-09-28,09:03:18,00:00:09
stefano.crapanzano@chu.ulg.ac.be,Numéro de la fiche infos-achats (4)    1 Entrée trouvée,Exploration SAP,2021-09-28,09:03:27,00:00:02
stefano.crapanzano@chu.ulg.ac.be,Nom de la caractéristique (1),Exploration SAP,2021-09-28,09:05:43,00:00:05
stefano.crapanzano@chu.ulg.ac.be,Nom de la caractéristique (1)   10 Entrées trouvées,Exploration SAP,2021-09-28,09:05:48,00:00:02
stefano.crapanzano@chu.ulg.ac.be,Greenshot capture form,Helpdesk général,2021-09-28,09:06:07,00:00:05
stefano.crapanzano@chu.ulg.ac.be,Greenshot capture form,Helpdesk général,2021-09-28,09:06:17,00:00:04
stefano.crapanzano@chu.ulg.ac.be,Greenshot capture form,Helpdesk général,2021-09-28,09:06:27,00:00:06
stefano.crapanzano@chu.ulg.ac.be,Greenshot capture form,Tâches diverses,2021-09-28,10:11:10,00:00:09
stefano.crapanzano@chu.ulg.ac.be,Greenshot capture form,Tâches diverses,2021-09-28,10:19:59,00:00:10
stefano.crapanzano@chu.ulg.ac.be,Greenshot capture form,Helpdesk général,2021-09-28,10:37:44,00:00:10
stefano.crapanzano@chu.ulg.ac.be,Greenshot capture form,Tâches diverses,2021-09-28,15:11:05,00:00:11
stefano.crapanzano@chu.ulg.ac.be,Ouvrir,Tâches diverses,2021-09-28,09:07:55,00:00:09
stefano.crapanzano@chu.ulg.ac.be,Afficher fiche infos-achats : données générales,Exploration SAP,2021-09-28,09:08:33,00:00:06
stefano.crapanzano@chu.ulg.ac.be,Service MT - Google Chrome,Tâches diverses,2021-09-28,09:11:12,00:32:25
stefano.crapanzano@chu.ulg.ac.be,Service MT - Google Chrome,Tâches diverses,2021-09-28,10:37:07,00:00:06
stefano.crapanzano@chu.ulg.ac.be,Service MT - Google Chrome,Tâches diverses,2021-09-28,10:40:26,00:00:52
stefano.crapanzano@chu.ulg.ac.be,Options pour services Web - Google Chrome,Tâches diverses,2021-09-28,09:47:10,00:02:51
stefano.crapanzano@chu.ulg.ac.be,Options par défaut pour utilisateurs - Google Chrome,Tâches diverses,2021-09-28,09:50:06,00:00:37
stefano.crapanzano@chu.ulg.ac.be,Options par défaut pour utilisateurs - Google Chrome,Tâches diverses,2021-09-28,09:52:05,00:00:19
stefano.crapanzano@chu.ulg.ac.be,Options par défaut pour utilisateurs - Google Chrome,Tâches diverses,2021-09-28,15:10:09,00:00:56
stefano.crapanzano@chu.ulg.ac.be,Options par défaut pour utilisateurs - Google Chrome,Helpdesk général,2021-09-28,15:11:17,00:00:02
stefano.crapanzano@chu.ulg.ac.be,Options par défaut pour utilisateurs - Google Chrome,Tâches diverses,2021-09-28,15:11:35,00:00:04
stefano.crapanzano@chu.ulg.ac.be,Options par défaut pour utilisateurs - Google Chrome,Tâches diverses,2021-09-28,15:12:47,00:00:38
stefano.crapanzano@chu.ulg.ac.be,Options par défaut pour utilisateurs - Google Chrome,Tâches diverses,2021-09-28,15:13:29,00:00:06
stefano.crapanzano@chu.ulg.ac.be,Traiter options par défaut pour utilisateurs - Google Chrome,Tâches diverses,2021-09-28,09:50:43,00:01:20
stefano.crapanzano@chu.ulg.ac.be,Mes demandes d'achat - Google Chrome,Tâches diverses,2021-09-28,09:53:15,00:00:41
stefano.crapanzano@chu.ulg.ac.be,Mes demandes d'achat - Google Chrome,Tâches diverses,2021-09-28,09:55:06,00:00:20
stefano.crapanzano@chu.ulg.ac.be,Mes demandes d'achat - Google Chrome,Tâches diverses,2021-09-28,09:59:57,00:00:02
stefano.crapanzano@chu.ulg.ac.be,Mes demandes d'achat - Google Chrome,Tâches diverses,2021-09-28,10:00:04,00:00:34
stefano.crapanzano@chu.ulg.ac.be,Mes demandes d'achat - Google Chrome,Tâches diverses,2021-09-28,10:01:12,00:00:09
stefano.crapanzano@chu.ulg.ac.be,Mes demandes d'achat - Google Chrome,Exploration SAP,2021-09-28,10:03:29,00:00:02
stefano.crapanzano@chu.ulg.ac.be,Mes demandes d'achat - Google Chrome,Tâches diverses,2021-09-28,10:03:34,00:00:24
stefano.crapanzano@chu.ulg.ac.be,Mes demandes d'achat - Google Chrome,Tâches diverses,2021-09-28,10:10:42,00:00:27
stefano.crapanzano@chu.ulg.ac.be,Mes demandes d'achat - Google Chrome,Tâches diverses,2021-09-28,10:11:47,00:00:05
stefano.crapanzano@chu.ulg.ac.be,Mes demandes d'achat - Google Chrome,Tâches diverses,2021-09-28,10:13:21,00:00:05
stefano.crapanzano@chu.ulg.ac.be,Mes demandes d'achat - Google Chrome,Tâches diverses,2021-09-28,10:13:28,00:00:30
stefano.crapanzano@chu.ulg.ac.be,Mes demandes d'achat - Google Chrome,Tâches diverses,2021-09-28,10:14:12,00:00:09
stefano.crapanzano@chu.ulg.ac.be,Mes demandes d'achat - Google Chrome,Tâches diverses,2021-09-28,10:17:59,00:00:07
stefano.crapanzano@chu.ulg.ac.be,Mes demandes d'achat - Google Chrome,Tâches diverses,2021-09-28,10:18:36,00:00:05
stefano.crapanzano@chu.ulg.ac.be,Mes demandes d'achat - Google Chrome,Tâches diverses,2021-09-28,10:19:33,00:00:09
stefano.crapanzano@chu.ulg.ac.be,Mes demandes d'achat - Google Chrome,Tâches diverses,2021-09-28,10:19:50,00:00:09
stefano.crapanzano@chu.ulg.ac.be,Mes demandes d'achat - Google Chrome,Helpdesk général,2021-09-28,10:20:10,00:00:02
stefano.crapanzano@chu.ulg.ac.be,Mes demandes d'achat - Google Chrome,Tâches diverses,2021-09-28,10:21:23,00:00:02
stefano.crapanzano@chu.ulg.ac.be,Mes demandes d'achat - Google Chrome,Tâches diverses,2021-09-28,10:21:32,00:00:06
stefano.crapanzano@chu.ulg.ac.be,Mes demandes d'achat - Google Chrome,Tâches diverses,2021-09-28,10:21:43,00:00:09
stefano.crapanzano@chu.ulg.ac.be,Mes demandes d'achat - Google Chrome,Tâches diverses,2021-09-28,10:23:46,00:00:02
stefano.crapanzano@chu.ulg.ac.be,Mes demandes d'achat - Google Chrome,Tâches diverses,2021-09-28,10:37:18,00:00:26
stefano.crapanzano@chu.ulg.ac.be,Mes demandes d'achat - Google Chrome,Helpdesk général,2021-09-28,10:37:55,00:00:04
stefano.crapanzano@chu.ulg.ac.be,Mes demandes d'achat - Google Chrome,Tâches diverses,2021-09-28,10:38:52,00:00:02
stefano.crapanzano@chu.ulg.ac.be,Mes demandes d'achat - Google Chrome,Tâches diverses,2021-09-28,11:28:45,00:00:05
stefano.crapanzano@chu.ulg.ac.be,Mes demandes d'achat - Google Chrome,Tâches diverses,2021-09-28,11:29:55,00:00:21
stefano.crapanzano@chu.ulg.ac.be,Mes demandes d'achat - Google Chrome,Tâches diverses,2021-09-28,11:30:36,00:00:02
stefano.crapanzano@chu.ulg.ac.be,Mes demandes d'achat - Google Chrome,Tâches diverses,2021-09-28,11:33:33,00:00:25
stefano.crapanzano@chu.ulg.ac.be,Mes demandes d'achat - Google Chrome,Tâches diverses,2021-09-28,11:39:35,00:00:03
stefano.crapanzano@chu.ulg.ac.be,Mes demandes d'achat - Google Chrome,Tâches diverses,2021-09-28,11:39:41,00:00:30
stefano.crapanzano@chu.ulg.ac.be,Mes demandes d'achat - Google Chrome,Tâches diverses,2021-09-28,12:39:40,00:00:02
stefano.crapanzano@chu.ulg.ac.be,Extended My Requests - All requests - Service Desk - Google Chrome,Tâches diverses,2021-09-28,09:54:38,00:00:06
stefano.crapanzano@chu.ulg.ac.be,Gestion des demandes d'achat - Professionnel - Google Chrome,Tâches diverses,2021-09-28,09:55:26,00:00:18
stefano.crapanzano@chu.ulg.ac.be,Gestion des demandes d'achat - Professionnel - Google Chrome,Tâches diverses,2021-09-28,10:03:59,00:00:02
stefano.crapanzano@chu.ulg.ac.be,Poste de demande d'achat - Google Chrome,Tâches diverses,2021-09-28,09:55:45,00:01:06
stefano.crapanzano@chu.ulg.ac.be,Poste de demande d'achat - Google Chrome,Tâches diverses,2021-09-28,09:57:01,00:00:08
stefano.crapanzano@chu.ulg.ac.be,Poste de demande d'achat - Google Chrome,Tâches diverses,2021-09-28,09:57:20,00:00:25
stefano.crapanzano@chu.ulg.ac.be,Poste de demande d'achat - Google Chrome,Tâches diverses,2021-09-28,09:59:43,00:00:13
stefano.crapanzano@chu.ulg.ac.be,Poste de demande d'achat - Google Chrome,Tâches diverses,2021-09-28,10:00:40,00:00:14
stefano.crapanzano@chu.ulg.ac.be,Poste de demande d'achat - Google Chrome,Tâches diverses,2021-09-28,10:01:07,00:00:05
stefano.crapanzano@chu.ulg.ac.be,Poste de demande d'achat - Google Chrome,Tâches diverses,2021-09-28,10:04:01,00:01:02
stefano.crapanzano@chu.ulg.ac.be,Poste de demande d'achat - Google Chrome,Tâches diverses,2021-09-28,10:10:35,00:00:02
stefano.crapanzano@chu.ulg.ac.be,Poste de demande d'achat - Google Chrome,Tâches diverses,2021-09-28,10:14:22,00:01:00
stefano.crapanzano@chu.ulg.ac.be,Poste de demande d'achat - Google Chrome,Tâches diverses,2021-09-28,10:17:45,00:00:14
stefano.crapanzano@chu.ulg.ac.be,Poste de demande d'achat - Google Chrome,Tâches diverses,2021-09-28,10:21:27,00:00:05
stefano.crapanzano@chu.ulg.ac.be,Poste de demande d'achat - Google Chrome,Tâches diverses,2021-09-28,10:23:50,00:00:05
stefano.crapanzano@chu.ulg.ac.be,Poste de demande d'achat - Google Chrome,Tâches diverses,2021-09-28,10:31:14,00:00:02
stefano.crapanzano@chu.ulg.ac.be,Poste de demande d'achat - Google Chrome,Tâches diverses,2021-09-28,10:31:37,00:05:29
stefano.crapanzano@chu.ulg.ac.be,Poste de demande d'achat - Google Chrome,Tâches diverses,2021-09-28,10:37:14,00:00:03
stefano.crapanzano@chu.ulg.ac.be,Entrée de marchandises Commande d'achat - Stefano Crapanzano - Google Chrome,Tâches diverses,2021-09-28,09:56:53,00:00:06
stefano.crapanzano@chu.ulg.ac.be,Entrée de marchandises Commande d'achat - Stefano Crapanzano - Google Chrome,Tâches diverses,2021-09-28,09:57:11,00:00:09
stefano.crapanzano@chu.ulg.ac.be,Entrée de marchandises Commande d'achat - Stefano Crapanzano - Google Chrome,Tâches diverses,2021-09-28,10:00:56,00:00:10
stefano.crapanzano@chu.ulg.ac.be,Créer commande d'achat,Exploration SAP,2021-09-28,09:58:09,00:00:11
stefano.crapanzano@chu.ulg.ac.be,Créer commande d'achat,Exploration SAP,2021-09-28,09:58:28,00:00:11
stefano.crapanzano@chu.ulg.ac.be,Créer commande d'achat,Exploration SAP,2021-09-28,09:58:55,00:00:05
stefano.crapanzano@chu.ulg.ac.be,Créer commande d'achat,Exploration SAP,2021-09-28,09:59:07,00:00:14
stefano.crapanzano@chu.ulg.ac.be,Créer commande d'achat,Exploration SAP,2021-09-28,10:05:09,00:00:14
stefano.crapanzano@chu.ulg.ac.be,Créer commande d'achat,Exploration SAP,2021-09-28,10:06:25,00:00:42
stefano.crapanzano@chu.ulg.ac.be,Créer commande d'achat,Exploration SAP,2021-09-28,10:08:38,00:00:22
stefano.crapanzano@chu.ulg.ac.be,Créer commande d'achat,Exploration SAP,2021-09-28,10:09:09,00:00:02
stefano.crapanzano@chu.ulg.ac.be,Créer commande d'achat,Exploration SAP,2021-09-28,10:09:19,00:00:06
stefano.crapanzano@chu.ulg.ac.be,Créer commande d'achat,Exploration SAP,2021-09-28,10:09:28,00:00:06
stefano.crapanzano@chu.ulg.ac.be,Créer commande d'achat,Exploration SAP,2021-09-28,10:09:38,00:00:17
stefano.crapanzano@chu.ulg.ac.be,Créer commande d'achat,Exploration SAP,2021-09-28,10:10:12,00:00:22
stefano.crapanzano@chu.ulg.ac.be,Créer commande d'achat,Exploration SAP,2021-09-28,10:14:01,00:00:04
stefano.crapanzano@chu.ulg.ac.be,Créer commande d'achat,Tâches diverses,2021-09-28,12:44:13,00:00:04
stefano.crapanzano@chu.ulg.ac.be,Demandes d'achat,Exploration SAP,2021-09-28,09:58:21,00:00:02
stefano.crapanzano@chu.ulg.ac.be,Demandes d'achat,Exploration SAP,2021-09-28,09:58:40,00:00:12
stefano.crapanzano@chu.ulg.ac.be,Demandes d'achat,Exploration SAP,2021-09-28,09:59:00,00:00:06
stefano.crapanzano@chu.ulg.ac.be,Information,Exploration SAP,2021-09-28,09:58:24,00:00:04
stefano.crapanzano@chu.ulg.ac.be,Information,Exploration SAP,2021-09-28,09:58:52,00:00:02
stefano.crapanzano@chu.ulg.ac.be,Afficher Demande d'achat 5300000032,Exploration SAP,2021-09-28,09:59:21,00:00:18
stefano.crapanzano@chu.ulg.ac.be,Afficher Demande d'achat 5300000032,Exploration SAP,2021-09-28,10:01:24,00:00:02
stefano.crapanzano@chu.ulg.ac.be,Afficher Demande d'achat 5300000032,Exploration SAP,2021-09-28,10:01:56,00:00:08
stefano.crapanzano@chu.ulg.ac.be,Afficher Demande d'achat 5300000032,Exploration SAP,2021-09-28,10:02:41,00:00:10
stefano.crapanzano@chu.ulg.ac.be,Afficher Demande d'achat 5300000032,Exploration SAP,2021-09-28,10:07:07,00:00:19
stefano.crapanzano@chu.ulg.ac.be,Afficher Demande d'achat 5300000032,Exploration SAP,2021-09-28,10:08:27,00:00:07
stefano.crapanzano@chu.ulg.ac.be,Afficher article 512012 (ARTICLE WM non valorisé),Exploration SAP,2021-09-28,10:01:27,00:00:02
stefano.crapanzano@chu.ulg.ac.be,Afficher article 512012 (ARTICLE WM non valorisé),Exploration SAP,2021-09-28,10:01:46,00:00:02
stefano.crapanzano@chu.ulg.ac.be,Afficher article 512012 (ARTICLE WM non valorisé),Exploration SAP,2021-09-28,10:01:51,00:00:02
stefano.crapanzano@chu.ulg.ac.be,Afficher article 512012 (ARTICLE WM non valorisé),Exploration SAP,2021-09-28,10:18:19,00:00:17
stefano.crapanzano@chu.ulg.ac.be,Afficher article 512012 (ARTICLE WM non valorisé),Exploration SAP,2021-09-28,10:18:41,00:00:03
stefano.crapanzano@chu.ulg.ac.be,Afficher article 512012 (Données de base  ARTICLE WM non valorisé),Exploration SAP,2021-09-28,10:01:29,00:00:16
stefano.crapanzano@chu.ulg.ac.be,Afficher article 512012 (Données de base  ARTICLE WM non valorisé),Exploration SAP,2021-09-28,10:01:48,00:00:02
stefano.crapanzano@chu.ulg.ac.be,Commande sur base d’une DA (Demande d'Achat),Exploration SAP,2021-09-28,10:02:08,00:00:12
stefano.crapanzano@chu.ulg.ac.be,Commande sur base d’une DA (Demande d'Achat),Exploration SAP,2021-09-28,10:06:04,00:00:15
stefano.crapanzano@chu.ulg.ac.be,Commande sur base d'un ATB,Exploration SAP,2021-09-28,10:02:20,00:00:14
stefano.crapanzano@chu.ulg.ac.be,Commande sur base d'un ATB,Exploration SAP,2021-09-28,10:03:20,00:00:09
stefano.crapanzano@chu.ulg.ac.be,Commande sur base d'un ATB,Exploration SAP,2021-09-28,10:05:24,00:00:13
stefano.crapanzano@chu.ulg.ac.be,Commande sur base d'un ATB,Exploration SAP,2021-09-28,10:06:02,00:00:02
stefano.crapanzano@chu.ulg.ac.be,Créer demande d'achat,Exploration SAP,2021-09-28,10:02:35,00:00:06
stefano.crapanzano@chu.ulg.ac.be,Créer demande d'achat,Exploration SAP,2021-09-28,10:02:52,00:00:27
stefano.crapanzano@chu.ulg.ac.be,Créer demande d'achat,Exploration SAP,2021-09-28,10:05:37,00:00:24
stefano.crapanzano@chu.ulg.ac.be,Lecture documentation,Tâches diverses,2021-09-28,10:07:26,00:00:58
stefano.crapanzano@chu.ulg.ac.be,Lecture documentation,Tâches diverses,2021-09-28,11:10:10,00:17:01
stefano.crapanzano@chu.ulg.ac.be,Sauvegarder document err.,Exploration SAP,2021-09-28,10:09:01,00:00:07
stefano.crapanzano@chu.ulg.ac.be,Messages,Exploration SAP,2021-09-28,10:09:11,00:00:07
stefano.crapanzano@chu.ulg.ac.be,Messages,Exploration SAP,2021-09-28,10:10:01,00:00:10
stefano.crapanzano@chu.ulg.ac.be,Supprimer postes,Exploration SAP,2021-09-28,10:09:26,00:00:02
stefano.crapanzano@chu.ulg.ac.be,Supprimer postes,Exploration SAP,2021-09-28,10:09:35,00:00:02
stefano.crapanzano@chu.ulg.ac.be,Sauveg.doc.,Exploration SAP,2021-09-28,10:09:55,00:00:06
stefano.crapanzano@chu.ulg.ac.be,Greenshot Éditeur d'Image,Helpdesk général,2021-09-28,10:11:21,00:00:19
stefano.crapanzano@chu.ulg.ac.be,Greenshot Éditeur d'Image,Helpdesk général,2021-09-28,10:38:36,00:00:13
stefano.crapanzano@chu.ulg.ac.be,Enregistrer sous,Helpdesk général,2021-09-28,10:11:40,00:00:03
stefano.crapanzano@chu.ulg.ac.be,Enregistrer sous,IT,2021-09-28,12:45:23,00:00:02
stefano.crapanzano@chu.ulg.ac.be,C:\temp\screenshots\2021-09-28 10_11_09-Mes demandes d'achat.png - Greenshot Éditeur d'Image,Helpdesk général,2021-09-28,10:11:44,00:00:02
stefano.crapanzano@chu.ulg.ac.be,C:\temp\screenshots\2021-09-28 10_11_09-Mes demandes d'achat.png - Greenshot Éditeur d'Image,Helpdesk général,2021-09-28,10:12:11,00:00:03
stefano.crapanzano@chu.ulg.ac.be,ZORGI Help Center - Service d'assistance - Google Chrome,Tâches diverses,2021-09-28,10:11:56,00:00:02
stefano.crapanzano@chu.ulg.ac.be,Incident ERP for HealthCare - Xperthis ERP4HC 2.0 Rollout - Service d'assistance - Google Chrome,Tâches diverses,2021-09-28,10:11:59,00:00:11
stefano.crapanzano@chu.ulg.ac.be,Incident ERP for HealthCare - Xperthis ERP4HC 2.0 Rollout - Service d'assistance - Google Chrome,Tâches diverses,2021-09-28,10:12:15,00:00:44
stefano.crapanzano@chu.ulg.ac.be,Incident ERP for HealthCare - Xperthis ERP4HC 2.0 Rollout - Service d'assistance - Google Chrome,Tâches diverses,2021-09-28,10:13:01,00:00:13
stefano.crapanzano@chu.ulg.ac.be,Libellé incorrect dans le Track and Trace - Xperthis ERP4HC 2.0 Rollout - Service d'assistance - Google Chrome,Tâches diverses,2021-09-28,10:38:55,00:01:08
stefano.crapanzano@chu.ulg.ac.be,Libellé incorrect dans le Track and Trace - Xperthis ERP4HC 2.0 Rollout - Service d'assistance - Google Chrome,Tâches diverses,2021-09-28,10:40:05,00:00:10
stefano.crapanzano@chu.ulg.ac.be,Handling Unit Flow Monitor,Exploration SAP,2021-09-28,10:15:54,00:00:05
stefano.crapanzano@chu.ulg.ac.be,Handling Unit Flow Monitor,Exploration SAP,2021-09-28,10:23:43,00:00:02
stefano.crapanzano@chu.ulg.ac.be,Handling Unit Flow Monitor,Exploration SAP,2021-09-28,10:23:56,00:00:39
stefano.crapanzano@chu.ulg.ac.be,Handling Unit Flow Monitor,Exploration SAP,2021-09-28,10:24:39,00:00:15
stefano.crapanzano@chu.ulg.ac.be,Handling Unit Flow Monitor,Exploration SAP,2021-09-28,10:25:02,00:00:17
stefano.crapanzano@chu.ulg.ac.be,Handling Unit Flow Monitor,Exploration SAP,2021-09-28,10:31:22,00:00:10
stefano.crapanzano@chu.ulg.ac.be,Handling Unit Flow Monitor,Exploration SAP,2021-09-28,11:34:02,00:00:16
stefano.crapanzano@chu.ulg.ac.be,Handling Unit Flow Monitor,Exploration SAP,2021-09-28,11:34:30,00:00:05
stefano.crapanzano@chu.ulg.ac.be,Handling Unit Flow Monitor,Exploration SAP,2021-09-28,11:34:44,00:00:21
stefano.crapanzano@chu.ulg.ac.be,Affichage du flux de processus - Comptabilité fournisseurs - Google Chrome,Tâches diverses,2021-09-28,10:15:23,00:00:30
stefano.crapanzano@chu.ulg.ac.be,Affichage du flux de processus - Comptabilité fournisseurs - Google Chrome,Tâches diverses,2021-09-28,10:16:26,00:00:06
stefano.crapanzano@chu.ulg.ac.be,Affichage du flux de processus - Comptabilité fournisseurs - Google Chrome,Tâches diverses,2021-09-28,10:17:41,00:00:02
stefano.crapanzano@chu.ulg.ac.be,Entrée de marchandises Commande d'achat - Stefano Crapanzano,Exploration SAP,2021-09-28,10:16:10,00:00:02
stefano.crapanzano@chu.ulg.ac.be,Entrée de marchandises Commande d'achat - Stefano Crapanzano,Exploration SAP,2021-09-28,10:16:14,00:00:10
stefano.crapanzano@chu.ulg.ac.be,Entrée de marchandises Commande d'achat - Stefano Crapanzano,Exploration SAP,2021-09-28,10:16:34,00:00:28
stefano.crapanzano@chu.ulg.ac.be,Entrée de marchandises Commande d'achat - Stefano Crapanzano,Exploration SAP,2021-09-28,10:22:28,00:00:07
stefano.crapanzano@chu.ulg.ac.be,Entrée de marchandises Commande d'achat - Stefano Crapanzano,Exploration SAP,2021-09-28,10:22:38,00:00:05
stefano.crapanzano@chu.ulg.ac.be,Commande interv. 45 4500003885 créée par Stefano Crapanzano,Exploration SAP,2021-09-28,10:17:09,00:00:30
stefano.crapanzano@chu.ulg.ac.be,Commande interv. 45 4500003885 créée par Stefano Crapanzano,Exploration SAP,2021-09-28,10:18:08,00:00:10
stefano.crapanzano@chu.ulg.ac.be,Commande interv. 45 4500003885 créée par Stefano Crapanzano,Exploration SAP,2021-09-28,10:18:45,00:00:13
stefano.crapanzano@chu.ulg.ac.be,Commande interv. 45 4500003885 créée par Stefano Crapanzano,Exploration SAP,2021-09-28,10:19:43,00:00:05
stefano.crapanzano@chu.ulg.ac.be,Commande interv. 45 4500003885 créée par Stefano Crapanzano,Exploration SAP,2021-09-28,10:20:13,00:01:05
stefano.crapanzano@chu.ulg.ac.be,Commande interv. 45 4500003885 créée par Stefano Crapanzano,Exploration SAP,2021-09-28,10:21:53,00:00:30
stefano.crapanzano@chu.ulg.ac.be,Suivre confirmations des ordres,Exploration SAP,2021-09-28,10:22:49,00:00:11
stefano.crapanzano@chu.ulg.ac.be,Edition message,Exploration SAP,2021-09-28,10:23:08,00:00:23
stefano.crapanzano@chu.ulg.ac.be,Afficher demande de transfert : afficher poste individuel,Exploration SAP,2021-09-28,10:24:55,00:00:05
stefano.crapanzano@chu.ulg.ac.be,Afficher demande de transfert : afficher poste individuel,Exploration SAP,2021-09-28,10:31:32,00:00:02
stefano.crapanzano@chu.ulg.ac.be,Afficher demande de transfert : afficher poste individuel,Exploration SAP,2021-09-28,11:34:18,00:00:07
stefano.crapanzano@chu.ulg.ac.be,Afficher demande de transfert : afficher poste individuel,Exploration SAP,2021-09-28,11:34:35,00:00:08
stefano.crapanzano@chu.ulg.ac.be,Afficher demande de transfert : afficher poste individuel,Exploration SAP,2021-09-28,11:35:06,00:00:09
stefano.crapanzano@chu.ulg.ac.be,Afficher demande de transfert : liste des postes,Exploration SAP,2021-09-28,11:34:26,00:00:04
stefano.crapanzano@chu.ulg.ac.be,Afficher demande de transfert : liste des postes,Exploration SAP,2021-09-28,11:35:15,00:00:06
stefano.crapanzano@chu.ulg.ac.be,Afficher demande de transfert : liste des postes,Exploration SAP,2021-09-28,11:38:21,00:00:02
stefano.crapanzano@chu.ulg.ac.be,Créer en arrière-plan ordres de transfert pour demandes de transfert,Exploration SAP,2021-09-28,10:25:22,00:00:07
stefano.crapanzano@chu.ulg.ac.be,Créer en arrière-plan ordres de transfert pour demandes de transfert,Exploration SAP,2021-09-28,10:25:31,00:00:05
stefano.crapanzano@chu.ulg.ac.be,Créer en arrière-plan ordres de transfert pour demandes de transfert,Exploration SAP,2021-09-28,10:25:41,00:00:14
stefano.crapanzano@chu.ulg.ac.be,Créer en arrière-plan ordres de transfert pour demandes de transfert,Exploration SAP,2021-09-28,10:26:01,00:00:02
stefano.crapanzano@chu.ulg.ac.be,Créer en arrière-plan ordres de transfert pour demandes de transfert,Exploration SAP,2021-09-28,10:26:05,00:00:02
stefano.crapanzano@chu.ulg.ac.be,Création automatique des ordres de transfert (5)    3 Entrées trouvées,Exploration SAP,2021-09-28,10:25:36,00:00:05
stefano.crapanzano@chu.ulg.ac.be,Impression,Exploration SAP,2021-09-28,10:25:56,00:00:02
stefano.crapanzano@chu.ulg.ac.be,Impression,Exploration SAP,2021-09-28,10:26:08,00:00:03
stefano.crapanzano@chu.ulg.ac.be,Impression,Exploration SAP,2021-09-28,10:31:06,00:00:05
stefano.crapanzano@chu.ulg.ac.be,Batch input : synthèse des dossiers,Exploration SAP,2021-09-28,10:26:19,00:00:10
stefano.crapanzano@chu.ulg.ac.be,Pilotage des sorties : sélection d'ordres spool,Exploration SAP,2021-09-28,10:26:33,00:00:03
stefano.crapanzano@chu.ulg.ac.be,Pilotage des sorties : sélection d'ordres spool,Exploration SAP,2021-09-28,10:29:39,00:00:06
stefano.crapanzano@chu.ulg.ac.be,Pilotage des sorties : sélection d'ordres spool,Exploration SAP,2021-09-28,10:30:55,00:00:03
stefano.crapanzano@chu.ulg.ac.be,Pilotage des sorties : synthèse des ordres spool,Exploration SAP,2021-09-28,10:26:37,00:00:21
stefano.crapanzano@chu.ulg.ac.be,Pilotage des sorties : synthèse des ordres spool,Exploration SAP,2021-09-28,10:27:10,00:00:02
stefano.crapanzano@chu.ulg.ac.be,Pilotage des sorties : synthèse des ordres spool,Exploration SAP,2021-09-28,10:27:16,00:00:02
stefano.crapanzano@chu.ulg.ac.be,Pilotage des sorties : synthèse des ordres spool,Exploration SAP,2021-09-28,10:27:49,00:00:06
stefano.crapanzano@chu.ulg.ac.be,Pilotage des sorties : synthèse des ordres spool,Exploration SAP,2021-09-28,10:28:13,00:00:18
stefano.crapanzano@chu.ulg.ac.be,Pilotage des sorties : synthèse des ordres spool,Exploration SAP,2021-09-28,10:29:24,00:00:05
stefano.crapanzano@chu.ulg.ac.be,Pilotage des sorties : synthèse des ordres spool,Exploration SAP,2021-09-28,10:29:33,00:00:05
stefano.crapanzano@chu.ulg.ac.be,Pilotage des sorties : synthèse des ordres spool,Exploration SAP,2021-09-28,10:29:45,00:00:22
stefano.crapanzano@chu.ulg.ac.be,Pilotage des sorties : synthèse des ordres spool,Exploration SAP,2021-09-28,10:30:29,00:00:03
stefano.crapanzano@chu.ulg.ac.be,Pilotage des sorties : synthèse des ordres spool,Exploration SAP,2021-09-28,10:30:50,00:00:05
stefano.crapanzano@chu.ulg.ac.be,Aperçu avant impression pour page LOCL de 00001 00001,Exploration SAP,2021-09-28,10:26:58,00:00:11
stefano.crapanzano@chu.ulg.ac.be,Aperçu avant impression pour page LOCL de 00001 00001,Exploration SAP,2021-09-28,10:27:12,00:00:03
stefano.crapanzano@chu.ulg.ac.be,Aperçu avant impression pour page LOCL de 00001 00001,Exploration SAP,2021-09-28,10:27:56,00:00:17
stefano.crapanzano@chu.ulg.ac.be,Aperçu avant impression pour page LOCL de 00001 00001,Exploration SAP,2021-09-28,10:29:29,00:00:03
stefano.crapanzano@chu.ulg.ac.be,Aperçu avant impression pour page LOCL de 00001 00001,Exploration SAP,2021-09-28,10:30:33,00:00:17
stefano.crapanzano@chu.ulg.ac.be,Pilotage sorties : info concernant ordre spool 3522737 syst. X01,Exploration SAP,2021-09-28,10:27:19,00:00:13
stefano.crapanzano@chu.ulg.ac.be,Pilotage sorties : info concernant ordre spool 3522737 syst. X01,Exploration SAP,2021-09-28,10:27:45,00:00:03
stefano.crapanzano@chu.ulg.ac.be,Pilotage sorties : info concernant ordre spool 3522737 syst. X01,Exploration SAP,2021-09-28,10:28:37,00:00:21
stefano.crapanzano@chu.ulg.ac.be,Pilotage sorties : info concernant ordre spool 3522737 syst. X01,Exploration SAP,2021-09-28,10:30:08,00:00:06
stefano.crapanzano@chu.ulg.ac.be,Pilotage sorties : info concernant ordre spool 3522737 syst. X01,Exploration SAP,2021-09-28,10:30:19,00:00:09
stefano.crapanzano@chu.ulg.ac.be,Spool : unité de sortie (5)    1 Entrée trouvée,Exploration SAP,2021-09-28,10:27:33,00:00:11
stefano.crapanzano@chu.ulg.ac.be,Spool : unité de sortie (5)    1 Entrée trouvée,Exploration SAP,2021-09-28,10:30:17,00:00:02
stefano.crapanzano@chu.ulg.ac.be,Pilotage des sorties : synthèse des ordres d'édition,Exploration SAP,2021-09-28,10:28:31,00:00:05
stefano.crapanzano@chu.ulg.ac.be,Pilotage des sorties : synthèse des ordres d'édition,Exploration SAP,2021-09-28,10:28:58,00:00:05
stefano.crapanzano@chu.ulg.ac.be,Administration spool : unité de sortie (afficher),Exploration SAP,2021-09-28,10:29:03,00:00:19
stefano.crapanzano@chu.ulg.ac.be,2021-09-28 10_11_09-Mes demandes d'achat.png - IrfanView,Helpdesk général,2021-09-28,10:38:11,00:00:06
stefano.crapanzano@chu.ulg.ac.be,P203 CHR Transfert d'approbation de DA en cas d'absence de l'approbateur - Xperthis ERP4HC 1.0 - Service d'assistance - Google Chrome,Tâches diverses,2021-09-28,10:42:34,00:00:46
stefano.crapanzano@chu.ulg.ac.be,P203 CHR Transfert d'approbation de DA en cas d'absence de l'approbateur - Xperthis ERP4HC 1.0 - Service d'assistance - Google Chrome,Tâches diverses,2021-09-28,10:43:31,00:00:08
stefano.crapanzano@chu.ulg.ac.be,Envoyés - erp.sai@chuliege.be - Mozilla Thunderbird,Helpdesk général,2021-09-28,11:03:53,00:00:48
stefano.crapanzano@chu.ulg.ac.be,Envoyés - erp.sai@chuliege.be - Mozilla Thunderbird,Helpdesk général,2021-09-28,12:39:18,00:00:19
stefano.crapanzano@chu.ulg.ac.be,Nouvel onglet - Google Chrome,Tâches diverses,2021-09-28,11:35:23,00:00:05
stefano.crapanzano@chu.ulg.ac.be,Nouvel onglet - Google Chrome,Tâches diverses,2021-09-28,11:37:51,00:00:07
stefano.crapanzano@chu.ulg.ac.be,Nouvel onglet - Google Chrome,Tâches diverses,2021-09-28,15:18:20,00:00:07
stefano.crapanzano@chu.ulg.ac.be,Nouvel onglet - Google Chrome,Tâches diverses,2021-09-28,15:21:24,00:00:05
stefano.crapanzano@chu.ulg.ac.be,Home - Google Chrome,Tâches diverses,2021-09-28,11:35:41,00:00:05
stefano.crapanzano@chu.ulg.ac.be,Connectez-vous à votre compte - Google Chrome,Tâches diverses,2021-09-28,11:35:30,00:00:10
stefano.crapanzano@chu.ulg.ac.be,Customer Portal - Home - Google Chrome,Tâches diverses,2021-09-28,11:35:46,00:00:05
stefano.crapanzano@chu.ulg.ac.be,Study Groups - Home - Google Chrome,Tâches diverses,2021-09-28,11:35:53,00:00:02
stefano.crapanzano@chu.ulg.ac.be,Study Groups - Home - Google Chrome,Tâches diverses,2021-09-28,11:36:23,00:00:03
stefano.crapanzano@chu.ulg.ac.be,Study Groups - ERP4HC - Tous les documents - Google Chrome,Tâches diverses,2021-09-28,11:35:57,00:00:25
stefano.crapanzano@chu.ulg.ac.be,Study Groups - Recherche - Google Chrome,Tâches diverses,2021-09-28,11:36:27,00:00:26
stefano.crapanzano@chu.ulg.ac.be,Handleidingen BU Admin Template - Google Chrome,Tâches diverses,2021-09-28,11:36:53,00:00:57
stefano.crapanzano@chu.ulg.ac.be,sap kamo - Recherche Google - Google Chrome,Tâches diverses,2021-09-28,11:37:59,00:00:14
stefano.crapanzano@chu.ulg.ac.be,sap kamo article stock - Recherche Google - Google Chrome,Tâches diverses,2021-09-28,11:38:13,00:00:06
stefano.crapanzano@chu.ulg.ac.be,sap kamo article stock - Recherche Google - Google Chrome,Tâches diverses,2021-09-28,11:39:27,00:00:02
stefano.crapanzano@chu.ulg.ac.be,Programmation,IT,2021-09-28,12:15:10,00:00:34
stefano.crapanzano@chu.ulg.ac.be,Programmation,IT,2021-09-28,12:15:47,00:10:13
stefano.crapanzano@chu.ulg.ac.be,Programmation,IT,2021-09-28,12:26:02,00:10:05
stefano.crapanzano@chu.ulg.ac.be,Programmation,IT,2021-09-28,12:36:09,00:02:56
stefano.crapanzano@chu.ulg.ac.be,Programmation,IT,2021-09-28,12:46:25,00:00:19
stefano.crapanzano@chu.ulg.ac.be,Programmation,IT,2021-09-28,12:47:18,00:00:24
stefano.crapanzano@chu.ulg.ac.be,Programmation,IT,2021-09-28,12:51:03,00:00:54
stefano.crapanzano@chu.ulg.ac.be,Programmation,IT,2021-09-28,12:53:23,00:20:51
stefano.crapanzano@chu.ulg.ac.be,Programmation,IT,2021-09-28,13:14:16,00:24:07
stefano.crapanzano@chu.ulg.ac.be,Programmation,IT,2021-09-28,13:38:39,00:04:44
stefano.crapanzano@chu.ulg.ac.be,Programmation,IT,2021-09-28,13:43:35,00:00:09
stefano.crapanzano@chu.ulg.ac.be,Programmation,IT,2021-09-28,13:44:18,00:01:01
stefano.crapanzano@chu.ulg.ac.be,Programmation,IT,2021-09-28,13:45:20,00:00:18
stefano.crapanzano@chu.ulg.ac.be,Programmation,IT,2021-09-28,13:46:03,00:00:34
stefano.crapanzano@chu.ulg.ac.be,Programmation,IT,2021-09-28,13:46:39,00:00:08
stefano.crapanzano@chu.ulg.ac.be,Programmation,IT,2021-09-28,13:47:04,00:00:07
stefano.crapanzano@chu.ulg.ac.be,Programmation,IT,2021-09-28,13:47:30,00:00:07
stefano.crapanzano@chu.ulg.ac.be,Programmation,IT,2021-09-28,13:47:58,00:00:07
stefano.crapanzano@chu.ulg.ac.be,Programmation,IT,2021-09-28,13:48:13,00:00:06
stefano.crapanzano@chu.ulg.ac.be,Programmation,IT,2021-09-28,13:48:21,00:01:07
stefano.crapanzano@chu.ulg.ac.be,Programmation,IT,2021-09-28,13:49:36,00:00:03
stefano.crapanzano@chu.ulg.ac.be,Programmation,IT,2021-09-28,13:49:43,00:00:02
stefano.crapanzano@chu.ulg.ac.be,Programmation,IT,2021-09-28,13:49:59,00:00:04
stefano.crapanzano@chu.ulg.ac.be,Programmation,IT,2021-09-28,13:50:14,00:00:16
stefano.crapanzano@chu.ulg.ac.be,Programmation,IT,2021-09-28,13:50:56,00:20:17
stefano.crapanzano@chu.ulg.ac.be,Programmation,IT,2021-09-28,14:11:15,00:00:02
stefano.crapanzano@chu.ulg.ac.be,Programmation,IT,2021-09-28,14:21:39,00:33:50
stefano.crapanzano@chu.ulg.ac.be,Programmation,IT,2021-09-28,15:03:57,00:05:38
stefano.crapanzano@chu.ulg.ac.be,Programmation,IT,2021-09-28,15:09:36,00:00:11
stefano.crapanzano@chu.ulg.ac.be,Impossible de traiter une facture dans X01 - Xperthis ERP4HC 2.0 Rollout - Service d'assistance - Google Chrome,Tâches diverses,2021-09-28,12:40:03,00:00:06
stefano.crapanzano@chu.ulg.ac.be,P203 CHR probation contrat cadre (46) avec Fiori - Xperthis ERP4HC 1.0 - Service d'assistance - Google Chrome,Tâches diverses,2021-09-28,12:40:20,00:00:44
stefano.crapanzano@chu.ulg.ac.be,Ma boîte de réception - Google Chrome,Tâches diverses,2021-09-28,12:41:20,00:00:08
stefano.crapanzano@chu.ulg.ac.be,Ma boîte de réception - Google Chrome,Tâches diverses,2021-09-28,12:41:41,00:00:05
stefano.crapanzano@chu.ulg.ac.be,Ma boîte de réception - Google Chrome,Tâches diverses,2021-09-28,12:41:47,00:00:14
stefano.crapanzano@chu.ulg.ac.be,Ma boîte de réception - Google Chrome,Tâches diverses,2021-09-28,12:42:09,00:00:10
stefano.crapanzano@chu.ulg.ac.be,Ma boîte de réception - Google Chrome,Tâches diverses,2021-09-28,12:42:24,00:00:04
stefano.crapanzano@chu.ulg.ac.be,Ma boîte de réception - Google Chrome,Tâches diverses,2021-09-28,12:43:09,00:00:02
stefano.crapanzano@chu.ulg.ac.be,Ma boîte de réception - Google Chrome,Tâches diverses,2021-09-28,12:43:20,00:00:03
stefano.crapanzano@chu.ulg.ac.be,https://par0112wi.xperthis.be:8443/sap/bc/ui2/flp?saml2=disabled#WorkflowTask-displayInbox?scenarioId=CTR_RELEASE - Google Chrome,Tâches diverses,2021-09-28,12:42:06,00:00:02
stefano.crapanzano@chu.ulg.ac.be,Application Server Error - Google Chrome,Tâches diverses,2021-09-28,12:42:02,00:00:03
stefano.crapanzano@chu.ulg.ac.be,Erreur lors de la création d'une demande d'achat dans SSP (environnement X01) - Xperthis ERP4HC 2.0 Rollout - Service d'assistance - Google Chrome,Tâches diverses,2021-09-28,12:42:34,00:00:10
stefano.crapanzano@chu.ulg.ac.be,Erreur lors de la création d'une demande d'achat dans SSP (environnement X01) - Xperthis ERP4HC 2.0 Rollout - Service d'assistance - Google Chrome,Tâches diverses,2021-09-28,12:44:00,00:00:07
stefano.crapanzano@chu.ulg.ac.be,Erreur lors de la création d'une demande d'achat dans SSP (environnement X01) - Xperthis ERP4HC 2.0 Rollout - Service d'assistance - Google Chrome,Tâches diverses,2021-09-28,12:44:09,00:00:04
stefano.crapanzano@chu.ulg.ac.be,Gestion des utilisateurs : écran initial,Exploration SAP,2021-09-28,12:44:24,00:00:02
stefano.crapanzano@chu.ulg.ac.be,Gestion des utilisateurs : écran initial,Exploration SAP,2021-09-28,12:44:32,00:00:02
stefano.crapanzano@chu.ulg.ac.be,Gestion des utilisateurs : écran initial,Exploration SAP,2021-09-28,12:44:46,00:00:02
stefano.crapanzano@chu.ulg.ac.be,TypeAheadPopup,Exploration SAP,2021-09-28,12:44:27,00:00:05
stefano.crapanzano@chu.ulg.ac.be,TypeAheadPopup,Exploration SAP,2021-09-28,12:44:42,00:00:04
stefano.crapanzano@chu.ulg.ac.be,Afficher utilisateur,Exploration SAP,2021-09-28,12:44:49,00:00:23
stefano.crapanzano@chu.ulg.ac.be,Afficher utilisateur,Exploration SAP,2021-09-28,12:45:30,00:00:13
stefano.crapanzano@chu.ulg.ac.be,Afficher utilisateur,Exploration SAP,2021-09-28,12:46:50,00:00:05
stefano.crapanzano@chu.ulg.ac.be,Afficher utilisateur,Exploration SAP,2021-09-28,12:48:41,00:00:04
stefano.crapanzano@chu.ulg.ac.be,Afficher utilisateur,Exploration SAP,2021-09-28,12:52:10,00:00:20
stefano.crapanzano@chu.ulg.ac.be,Afficher utilisateur,Exploration SAP,2021-09-28,12:52:35,00:00:13
stefano.crapanzano@chu.ulg.ac.be,Afficher utilisateur,Exploration SAP,2021-09-28,13:45:46,00:00:17
stefano.crapanzano@chu.ulg.ac.be,Afficher utilisateur,Exploration SAP,2021-09-28,13:46:54,00:00:06
stefano.crapanzano@chu.ulg.ac.be,Afficher utilisateur,Exploration SAP,2021-09-28,13:47:12,00:00:14
stefano.crapanzano@chu.ulg.ac.be,Afficher utilisateur,Exploration SAP,2021-09-28,13:47:38,00:00:05
stefano.crapanzano@chu.ulg.ac.be,Afficher utilisateur,Exploration SAP,2021-09-28,13:48:05,00:00:06
stefano.crapanzano@chu.ulg.ac.be,Afficher utilisateur,Exploration SAP,2021-09-28,13:49:29,00:00:06
stefano.crapanzano@chu.ulg.ac.be,Afficher utilisateur,Exploration SAP,2021-09-28,13:49:40,00:00:02
stefano.crapanzano@chu.ulg.ac.be,Afficher utilisateur,Exploration SAP,2021-09-28,13:49:45,00:00:05
stefano.crapanzano@chu.ulg.ac.be,Afficher utilisateur,Exploration SAP,2021-09-28,13:49:56,00:00:02
stefano.crapanzano@chu.ulg.ac.be,Afficher utilisateur,Exploration SAP,2021-09-28,13:50:08,00:00:05
stefano.crapanzano@chu.ulg.ac.be,Afficher utilisateur,Exploration SAP,2021-09-28,13:50:30,00:00:04
stefano.crapanzano@chu.ulg.ac.be,*nouveau 5 - Notepad++ [Administrator],IT,2021-09-28,12:45:17,00:00:03
stefano.crapanzano@chu.ulg.ac.be,C:\temp\didier.txt - Notepad++ [Administrator],IT,2021-09-28,12:45:47,00:00:02
stefano.crapanzano@chu.ulg.ac.be,Documents de modification pour utilisateurs,Exploration SAP,2021-09-28,12:46:56,00:00:20
stefano.crapanzano@chu.ulg.ac.be,Documents de modification pour utilisateurs,Exploration SAP,2021-09-28,12:47:43,00:00:56
stefano.crapanzano@chu.ulg.ac.be,Documents de modification pour utilisateurs,Exploration SAP,2021-09-28,12:48:45,00:02:11
stefano.crapanzano@chu.ulg.ac.be,Documents de modification pour utilisateurs,Exploration SAP,2021-09-28,12:50:58,00:00:02
stefano.crapanzano@chu.ulg.ac.be,Documents de modification pour utilisateurs,Exploration SAP,2021-09-28,12:51:59,00:00:05
stefano.crapanzano@chu.ulg.ac.be,Documents de modification pour utilisateurs,Exploration SAP,2021-09-28,12:52:06,00:00:03
stefano.crapanzano@chu.ulg.ac.be,Documents de modification pour utilisateurs,Exploration SAP,2021-09-28,12:52:31,00:00:03
stefano.crapanzano@chu.ulg.ac.be,Affichage de rôles,Exploration SAP,2021-09-28,13:47:43,00:00:12
stefano.crapanzano@chu.ulg.ac.be,Netop Invité,Helpdesk général,2021-09-28,14:11:17,00:01:24
stefano.crapanzano@chu.ulg.ac.be,Netop Invité,Helpdesk général,2021-09-28,14:17:09,00:01:28
stefano.crapanzano@chu.ulg.ac.be,Connexion à l'aide de l'authentification Windows,Helpdesk général,2021-09-28,14:12:42,00:00:04
stefano.crapanzano@chu.ulg.ac.be,192.168.83.246 - Netop Remote Control,Helpdesk général,2021-09-28,14:12:46,00:04:23
stefano.crapanzano@chu.ulg.ac.be,Rédaction : (pas de sujet) - Thunderbird,Helpdesk général,2021-09-28,15:11:22,00:00:11
stefano.crapanzano@chu.ulg.ac.be,Rédaction : (pas de sujet) - Thunderbird,Helpdesk général,2021-09-28,15:11:42,00:00:21
stefano.crapanzano@chu.ulg.ac.be,SAP Logon 760,Exploration SAP,2021-09-28,15:13:42,00:00:02
stefano.crapanzano@chu.ulg.ac.be,Sapgui Splash Screen,Exploration SAP,2021-09-28,15:13:44,00:00:06
stefano.crapanzano@chu.ulg.ac.be,MONITORING_IDOC_SAP.xlsm - Excel,Tâches diverses,2021-09-28,15:16:05,00:00:05
stefano.crapanzano@chu.ulg.ac.be,MONITORING_IDOC_SAP.xlsm - Excel,Tâches diverses,2021-09-28,15:17:25,00:00:06
stefano.crapanzano@chu.ulg.ac.be,MONITORING_IDOC_SAP.xlsm - Excel,Tâches diverses,2021-09-28,15:18:15,00:00:04
stefano.crapanzano@chu.ulg.ac.be,Microsoft Visual Basic pour Applications - MONITORING_IDOC_SAP.xlsm - [Module1 (Code)],Tâches diverses,2021-09-28,15:16:10,00:00:10
stefano.crapanzano@chu.ulg.ac.be,Microsoft Visual Basic pour Applications - MONITORING_IDOC_SAP.xlsm - [Module1 (Code)],Tâches diverses,2021-09-28,15:16:26,00:00:56
stefano.crapanzano@chu.ulg.ac.be,Microsoft Visual Basic pour Applications - MONITORING_IDOC_SAP.xlsm - [Module1 (Code)],Tâches diverses,2021-09-28,15:17:33,00:00:40
stefano.crapanzano@chu.ulg.ac.be,Microsoft Visual Basic pour Applications - MONITORING_IDOC_SAP.xlsm - [Module1 (Code)],Tâches diverses,2021-09-28,15:22:36,00:37:58
stefano.crapanzano@chu.ulg.ac.be,Microsoft Visual Basic pour Applications - MONITORING_IDOC_SAP.xlsm - [Module1 (Code)],Tâches diverses,2021-09-28,16:01:42,01:44:24
stefano.crapanzano@chu.ulg.ac.be,Rechercher,Tâches diverses,2021-09-28,15:16:21,00:00:05
stefano.crapanzano@chu.ulg.ac.be,save excel file to csv - Recherche Google - Google Chrome,Tâches diverses,2021-09-28,15:18:28,00:00:02
stefano.crapanzano@chu.ulg.ac.be,save excel file to csv - Recherche Google - Google Chrome,Tâches diverses,2021-09-28,15:18:33,00:00:02
stefano.crapanzano@chu.ulg.ac.be,save excel file to csv - Recherche Google - Google Chrome,Tâches diverses,2021-09-28,15:18:39,00:00:02
stefano.crapanzano@chu.ulg.ac.be,Access denied | www.wvbar.org used Cloudflare to restrict access - Google Chrome,Tâches diverses,2021-09-28,15:18:31,00:00:02
stefano.crapanzano@chu.ulg.ac.be,Constant Contact Knowledge Base - Google Chrome,Tâches diverses,2021-09-28,15:18:36,00:00:02
stefano.crapanzano@chu.ulg.ac.be,vba save excel file to csv - Recherche Google - Google Chrome,Tâches diverses,2021-09-28,15:18:41,00:00:06
stefano.crapanzano@chu.ulg.ac.be,vba - Saving excel worksheet to CSV files with filename+worksheet name using VB - Stack Overflow - Google Chrome,Tâches diverses,2021-09-28,15:18:48,00:01:17
stefano.crapanzano@chu.ulg.ac.be,vba - Saving excel worksheet to CSV files with filename+worksheet name using VB - Stack Overflow - Google Chrome,Tâches diverses,2021-09-28,15:21:04,00:00:20
stefano.crapanzano@chu.ulg.ac.be,Excel et exportation / extraction de données - Mozilla Thunderbird,Helpdesk général,2021-09-28,15:20:13,00:00:09
stefano.crapanzano@chu.ulg.ac.be,Rédaction : Re: Excel et exportation / extraction de données - Thunderbird,Helpdesk général,2021-09-28,15:20:22,00:00:39
stefano.crapanzano@chu.ulg.ac.be,Rédaction : Re: Excel et exportation / extraction de données - Thunderbird,Helpdesk général,2021-09-28,15:21:40,00:00:53
stefano.crapanzano@chu.ulg.ac.be,Rédaction : Re: Excel et exportation / extraction de données - Thunderbird,Helpdesk général,2021-09-28,17:46:08,00:00:13
stefano.crapanzano@chu.ulg.ac.be,worksheet .copu - Recherche Google - Google Chrome,Tâches diverses,2021-09-28,15:21:30,00:00:02
stefano.crapanzano@chu.ulg.ac.be,Worksheet.Copy method (Excel) | Microsoft Docs - Google Chrome,Tâches diverses,2021-09-28,15:21:32,00:00:05
stefano.crapanzano@chu.ulg.ac.be,Worksheet.Copy method (Excel) | Microsoft Docs - Google Chrome,Helpdesk général,2021-09-28,17:46:21,00:00:06
