Email,Description,Project,Start date,Start time,Duration
stefano.crapanzano@chu.ulg.ac.be,Administrateur : Perl (command line) - python  main.py,IT,2021-05-18,08:32:18,00:00:04
stefano.crapanzano@chu.ulg.ac.be,Administrateur : Perl (command line) - python  main.py,Helpdesk général,2021-05-18,08:32:26,00:00:05
stefano.crapanzano@chu.ulg.ac.be,Administrateur : Perl (command line) - python  main.py,IT,2021-05-18,17:23:53,00:00:02
stefano.crapanzano@chu.ulg.ac.be,Courrier entrant - erp.sai@chuliege.be - Mozilla Thunderbird,IT,2021-05-18,08:32:22,00:00:03
stefano.crapanzano@chu.ulg.ac.be,Courrier entrant - erp.sai@chuliege.be - Mozilla Thunderbird,Helpdesk général,2021-05-18,08:32:35,00:00:12
stefano.crapanzano@chu.ulg.ac.be,Courrier entrant - erp.sai@chuliege.be - Mozilla Thunderbird,Helpdesk général,2021-05-18,08:32:52,00:21:12
stefano.crapanzano@chu.ulg.ac.be,Courrier entrant - erp.sai@chuliege.be - Mozilla Thunderbird,Helpdesk général,2021-05-18,15:40:07,00:00:04
stefano.crapanzano@chu.ulg.ac.be,Courrier entrant - erp.sai@chuliege.be - Mozilla Thunderbird,Helpdesk général,2021-05-18,15:40:54,00:00:04
stefano.crapanzano@chu.ulg.ac.be,Courrier entrant - erp.sai@chuliege.be - Mozilla Thunderbird,Helpdesk général,2021-05-18,15:41:06,00:00:02
stefano.crapanzano@chu.ulg.ac.be,Courrier entrant - erp.sai@chuliege.be - Mozilla Thunderbird,Helpdesk général,2021-05-18,15:41:23,00:00:07
stefano.crapanzano@chu.ulg.ac.be,Courrier entrant - erp.sai@chuliege.be - Mozilla Thunderbird,Helpdesk général,2021-05-18,15:42:05,00:00:15
stefano.crapanzano@chu.ulg.ac.be,Courrier entrant - erp.sai@chuliege.be - Mozilla Thunderbird,Helpdesk général,2021-05-18,15:42:21,00:00:02
stefano.crapanzano@chu.ulg.ac.be,Courrier entrant - erp.sai@chuliege.be - Mozilla Thunderbird,Helpdesk général,2021-05-18,15:49:23,00:00:09
stefano.crapanzano@chu.ulg.ac.be,Courrier entrant - stefano.crapanzano@chuliege.be - Mozilla Thunderbird,Helpdesk général,2021-05-18,08:32:32,00:00:02
stefano.crapanzano@chu.ulg.ac.be,Courrier entrant - stefano.crapanzano@chuliege.be - Mozilla Thunderbird,Helpdesk général,2021-05-18,08:32:47,00:00:04
stefano.crapanzano@chu.ulg.ac.be,Courrier entrant - stefano.crapanzano@chuliege.be - Mozilla Thunderbird,Helpdesk général,2021-05-18,15:40:12,00:00:42
stefano.crapanzano@chu.ulg.ac.be,Afficher article 600002 (ARTICLE WM Stock),Exploration SAP,2021-05-18,08:54:04,00:00:02
stefano.crapanzano@chu.ulg.ac.be,SAP Easy Access Menu de base Applications financières-économiques,Exploration SAP,2021-05-18,08:54:08,00:00:26
stefano.crapanzano@chu.ulg.ac.be,SAP Easy Access Menu de base Applications financières-économiques,Exploration SAP,2021-05-18,08:56:32,00:00:12
stefano.crapanzano@chu.ulg.ac.be,SAP Easy Access Menu de base Applications financières-économiques,Exploration SAP,2021-05-18,08:57:09,00:00:04
stefano.crapanzano@chu.ulg.ac.be,SAP Easy Access Menu de base Applications financières-économiques,Exploration SAP,2021-05-18,08:57:53,00:00:04
stefano.crapanzano@chu.ulg.ac.be,SAP Easy Access Menu de base Applications financières-économiques,Exploration SAP,2021-05-18,15:41:00,00:00:04
stefano.crapanzano@chu.ulg.ac.be,Management d'utilisateurs,Exploration SAP,2021-05-18,08:54:34,00:00:42
stefano.crapanzano@chu.ulg.ac.be,Management d'utilisateurs,Exploration SAP,2021-05-18,08:55:45,00:00:18
stefano.crapanzano@chu.ulg.ac.be,Management d'utilisateurs,Exploration SAP,2021-05-18,08:56:44,00:00:22
stefano.crapanzano@chu.ulg.ac.be,Rapport utilisateurs,Exploration SAP,2021-05-18,08:55:16,00:00:28
stefano.crapanzano@chu.ulg.ac.be,Rapport utilisateurs,Exploration SAP,2021-05-18,08:56:03,00:00:27
stefano.crapanzano@chu.ulg.ac.be,Rapport utilisateurs,Exploration SAP,2021-05-18,08:57:06,00:00:02
stefano.crapanzano@chu.ulg.ac.be,Ecran initial du Quickviewer,Exploration SAP,2021-05-18,08:57:14,00:00:24
stefano.crapanzano@chu.ulg.ac.be,Ecran initial du Quickviewer,Exploration SAP,2021-05-18,08:57:46,00:00:03
stefano.crapanzano@chu.ulg.ac.be,Ecran initial du Quickviewer,Exploration SAP,2021-05-18,08:57:58,00:00:10
stefano.crapanzano@chu.ulg.ac.be,Ecran initial du Quickviewer,Exploration SAP,2021-05-18,08:58:30,00:00:03
stefano.crapanzano@chu.ulg.ac.be,Ecran initial du Quickviewer,Exploration SAP,2021-05-18,09:01:09,00:18:25
stefano.crapanzano@chu.ulg.ac.be,Ecran initial du Quickviewer,Exploration SAP,2021-05-18,09:19:37,02:16:24
stefano.crapanzano@chu.ulg.ac.be,Liste des users actif,Exploration SAP,2021-05-18,08:57:38,00:00:02
stefano.crapanzano@chu.ulg.ac.be,Liste des users actif,Exploration SAP,2021-05-18,08:57:42,00:00:03
stefano.crapanzano@chu.ulg.ac.be,Limitation des accès à la base de données,Exploration SAP,2021-05-18,08:57:40,00:00:02
stefano.crapanzano@chu.ulg.ac.be,Limitation des accès à la base de données,Exploration SAP,2021-05-18,08:58:11,00:00:03
stefano.crapanzano@chu.ulg.ac.be,Limitation des accès à la base de données,Exploration SAP,2021-05-18,09:00:04,00:00:02
stefano.crapanzano@chu.ulg.ac.be,Navigation système de fichier,IT,2021-05-18,09:19:34,00:00:02
stefano.crapanzano@chu.ulg.ac.be,Navigation système de fichier,IT,2021-05-18,15:40:03,00:00:04
stefano.crapanzano@chu.ulg.ac.be,Navigation système de fichier,IT,2021-05-18,15:44:41,00:00:03
stefano.crapanzano@chu.ulg.ac.be,Navigation système de fichier,IT,2021-05-18,15:50:36,00:00:03
stefano.crapanzano@chu.ulg.ac.be,Navigation système de fichier,IT,2021-05-18,15:52:33,00:00:02
stefano.crapanzano@chu.ulg.ac.be,Navigation système de fichier,IT,2021-05-18,15:53:30,00:00:02
stefano.crapanzano@chu.ulg.ac.be,Navigation système de fichier,IT,2021-05-18,15:54:01,00:00:02
stefano.crapanzano@chu.ulg.ac.be,Navigation système de fichier,IT,2021-05-18,15:57:10,00:00:02
stefano.crapanzano@chu.ulg.ac.be,Navigation système de fichier,IT,2021-05-18,17:23:51,00:00:02
stefano.crapanzano@chu.ulg.ac.be,SAP Logon 750,Exploration SAP,2021-05-18,08:57:51,00:00:02
stefano.crapanzano@chu.ulg.ac.be,SAP Logon 750,Exploration SAP,2021-05-18,15:39:59,00:00:03
stefano.crapanzano@chu.ulg.ac.be,test,Exploration SAP,2021-05-18,08:58:09,00:00:02
stefano.crapanzano@chu.ulg.ac.be,test,Exploration SAP,2021-05-18,08:58:15,00:00:15
stefano.crapanzano@chu.ulg.ac.be,test,Exploration SAP,2021-05-18,09:00:02,00:00:02
stefano.crapanzano@chu.ulg.ac.be,test,Exploration SAP,2021-05-18,09:00:07,00:00:19
stefano.crapanzano@chu.ulg.ac.be,QuickViewer LST_USERS4 : conception de listes,Exploration SAP,2021-05-18,08:58:34,00:01:27
stefano.crapanzano@chu.ulg.ac.be,QuickViewer LST_USERS4 : conception de listes,Exploration SAP,2021-05-18,09:00:26,00:00:42
stefano.crapanzano@chu.ulg.ac.be,SAP GUI for Windows 750,Exploration SAP,2021-05-18,11:36:01,04:03:58
stefano.crapanzano@chu.ulg.ac.be,Commande interv. 40 4000202656 créée par Fanny GAVAGE,Exploration SAP,2021-05-18,15:41:10,00:00:02
stefano.crapanzano@chu.ulg.ac.be,TypeAheadPopup,Exploration SAP,2021-05-18,15:41:13,00:00:03
stefano.crapanzano@chu.ulg.ac.be,Commande interv. 40 4000205545 créée par Kevin LODEWYK,Exploration SAP,2021-05-18,15:41:18,00:00:03
stefano.crapanzano@chu.ulg.ac.be,Commande interv. 40 4000205545 créée par Kevin LODEWYK,Exploration SAP,2021-05-18,15:41:30,00:00:33
stefano.crapanzano@chu.ulg.ac.be,Commande interv. 40 4000205545 créée par Kevin LODEWYK,Exploration SAP,2021-05-18,15:42:54,00:00:21
stefano.crapanzano@chu.ulg.ac.be,Commande interv. 40 4000205545 créée par Kevin LODEWYK,Exploration SAP,2021-05-18,15:43:25,00:00:02
stefano.crapanzano@chu.ulg.ac.be,Commande interv. 40 4000205545 créée par Kevin LODEWYK,Exploration SAP,2021-05-18,15:43:51,00:00:08
stefano.crapanzano@chu.ulg.ac.be,Commande interv. 40 4000205545 créée par Kevin LODEWYK,Exploration SAP,2021-05-18,15:44:03,00:00:03
stefano.crapanzano@chu.ulg.ac.be,Commande interv. 40 4000205545 créée par Kevin LODEWYK,Exploration SAP,2021-05-18,15:44:11,00:00:07
stefano.crapanzano@chu.ulg.ac.be,Commande interv. 40 4000205545 créée par Kevin LODEWYK,Exploration SAP,2021-05-18,15:44:29,00:00:03
stefano.crapanzano@chu.ulg.ac.be,Commande interv. 40 4000205545 créée par Kevin LODEWYK,Exploration SAP,2021-05-18,15:44:45,00:00:02
stefano.crapanzano@chu.ulg.ac.be,Commande interv. 40 4000205545 créée par Kevin LODEWYK,Exploration SAP,2021-05-18,15:44:51,00:00:02
stefano.crapanzano@chu.ulg.ac.be,Commande interv. 40 4000205545 créée par Kevin LODEWYK,Exploration SAP,2021-05-18,15:44:58,00:00:02
stefano.crapanzano@chu.ulg.ac.be,Commande interv. 40 4000205545 créée par Kevin LODEWYK,Exploration SAP,2021-05-18,15:45:17,00:00:07
stefano.crapanzano@chu.ulg.ac.be,Commande interv. 40 4000205545 créée par Kevin LODEWYK,Exploration SAP,2021-05-18,15:45:41,00:00:05
stefano.crapanzano@chu.ulg.ac.be,Commande interv. 40 4000205545 créée par Kevin LODEWYK,Exploration SAP,2021-05-18,15:45:54,00:00:02
stefano.crapanzano@chu.ulg.ac.be,Commande interv. 40 4000205545 créée par Kevin LODEWYK,Exploration SAP,2021-05-18,15:46:12,00:00:02
stefano.crapanzano@chu.ulg.ac.be,Commande interv. 40 4000205545 créée par Kevin LODEWYK,Exploration SAP,2021-05-18,15:46:20,00:01:25
stefano.crapanzano@chu.ulg.ac.be,Commande interv. 40 4000205545 créée par Kevin LODEWYK,Exploration SAP,2021-05-18,15:48:05,00:00:03
stefano.crapanzano@chu.ulg.ac.be,Commande interv. 40 4000205545 créée par Kevin LODEWYK,Exploration SAP,2021-05-18,15:48:16,00:00:20
stefano.crapanzano@chu.ulg.ac.be,Commande interv. 40 4000205545 créée par Kevin LODEWYK,Exploration SAP,2021-05-18,15:48:42,00:00:03
stefano.crapanzano@chu.ulg.ac.be,Commande interv. 40 4000205545 créée par Kevin LODEWYK,Exploration SAP,2021-05-18,15:48:48,00:00:03
stefano.crapanzano@chu.ulg.ac.be,Commande interv. 40 4000205545 créée par Kevin LODEWYK,Exploration SAP,2021-05-18,15:52:35,00:00:09
stefano.crapanzano@chu.ulg.ac.be,Commande interv. 40 4000205545 créée par Kevin LODEWYK,Exploration SAP,2021-05-18,15:53:12,00:00:04
stefano.crapanzano@chu.ulg.ac.be,Commande interv. 40 4000205545 créée par Kevin LODEWYK,Exploration SAP,2021-05-18,15:57:12,00:01:21
stefano.crapanzano@chu.ulg.ac.be,Modifications Commande achat 4000205545,Exploration SAP,2021-05-18,15:43:59,00:00:03
stefano.crapanzano@chu.ulg.ac.be,Modifications Commande achat 4000205545 Poste 10,Exploration SAP,2021-05-18,15:44:07,00:00:04
stefano.crapanzano@chu.ulg.ac.be,Stefano CRAPANZANO - erp.sai@chuliege.be - Mozilla Thunderbird,Helpdesk général,2021-05-18,15:49:33,00:00:38
stefano.crapanzano@chu.ulg.ac.be,Stefano CRAPANZANO - erp.sai@chuliege.be - Mozilla Thunderbird,Helpdesk général,2021-05-18,15:53:21,00:00:09
stefano.crapanzano@chu.ulg.ac.be,Stefano CRAPANZANO - erp.sai@chuliege.be - Mozilla Thunderbird,Helpdesk général,2021-05-18,15:53:56,00:00:04
stefano.crapanzano@chu.ulg.ac.be,Stefano CRAPANZANO - erp.sai@chuliege.be - Mozilla Thunderbird,Helpdesk général,2021-05-18,15:54:08,00:03:01
stefano.crapanzano@chu.ulg.ac.be,GOAL - LABO - Google Chrome,Tâches diverses,2021-05-18,15:50:40,00:00:02
stefano.crapanzano@chu.ulg.ac.be,Demandes - Service d'assistance - Google Chrome,Tâches diverses,2021-05-18,15:50:42,00:00:07
stefano.crapanzano@chu.ulg.ac.be,Demandes - Service d'assistance - Google Chrome,Tâches diverses,2021-05-18,15:50:53,00:00:08
stefano.crapanzano@chu.ulg.ac.be,Demandes - Service d'assistance - Google Chrome,Tâches diverses,2021-05-18,15:51:08,00:00:03
stefano.crapanzano@chu.ulg.ac.be,P203 CHU Accès Zorgi + extranet - Bienvenue! Vous pouvez poser une demande de Service Desk ERP for HealthCare parmi les options fournies. - Service d'assistance - Google Chrome,Tâches diverses,2021-05-18,15:50:50,00:00:03
stefano.crapanzano@chu.ulg.ac.be,P203 Lisibilité des bons de réception commande - Bienvenue! Vous pouvez poser une demande de Service Desk ERP for HealthCare parmi les options fournies. - Service d'assistance - Google Chrome,Tâches diverses,2021-05-18,15:51:02,00:00:06
stefano.crapanzano@chu.ulg.ac.be,ZORGI Help Center - Service d'assistance - Google Chrome,Tâches diverses,2021-05-18,15:51:11,00:00:03
stefano.crapanzano@chu.ulg.ac.be,Incident ERP for HealthCare - Bienvenue! Vous pouvez poser une demande de Service Desk ERP for HealthCare parmi les options fournies. - Service d'assistance - Google Chrome,Tâches diverses,2021-05-18,15:51:15,00:00:38
stefano.crapanzano@chu.ulg.ac.be,Incident ERP for HealthCare - Bienvenue! Vous pouvez poser une demande de Service Desk ERP for HealthCare parmi les options fournies. - Service d'assistance - Google Chrome,Tâches diverses,2021-05-18,15:51:57,00:00:03
stefano.crapanzano@chu.ulg.ac.be,Incident ERP for HealthCare - Bienvenue! Vous pouvez poser une demande de Service Desk ERP for HealthCare parmi les options fournies. - Service d'assistance - Google Chrome,Tâches diverses,2021-05-18,15:52:04,00:00:28
stefano.crapanzano@chu.ulg.ac.be,Afficher Document article 50040871 - Stefano CRAPANZANO,Exploration SAP,2021-05-18,15:52:45,00:00:27
