Email,Description,Project,Start date,Start time,Duration
stefano.crapanzano@chu.ulg.ac.be,Administrateur : Perl (command line) - python  main.py,IT,2021-05-17,08:27:55,00:00:02
stefano.crapanzano@chu.ulg.ac.be,Administrateur : Perl (command line) - python  main.py,Helpdesk général,2021-05-17,17:10:08,00:00:02
stefano.crapanzano@chu.ulg.ac.be,Courrier entrant - erp.sai@chuliege.be - Mozilla Thunderbird,Helpdesk général,2021-05-17,08:27:57,00:00:15
stefano.crapanzano@chu.ulg.ac.be,Courrier entrant - erp.sai@chuliege.be - Mozilla Thunderbird,Helpdesk général,2021-05-17,08:31:47,00:00:03
stefano.crapanzano@chu.ulg.ac.be,Courrier entrant - erp.sai@chuliege.be - Mozilla Thunderbird,Helpdesk général,2021-05-17,08:33:55,00:01:27
stefano.crapanzano@chu.ulg.ac.be,Courrier entrant - erp.sai@chuliege.be - Mozilla Thunderbird,Helpdesk général,2021-05-17,08:35:32,00:00:25
stefano.crapanzano@chu.ulg.ac.be,Courrier entrant - erp.sai@chuliege.be - Mozilla Thunderbird,Helpdesk général,2021-05-17,08:54:08,00:01:19
stefano.crapanzano@chu.ulg.ac.be,Courrier entrant - erp.sai@chuliege.be - Mozilla Thunderbird,Helpdesk général,2021-05-17,08:55:42,00:00:12
stefano.crapanzano@chu.ulg.ac.be,Courrier entrant - erp.sai@chuliege.be - Mozilla Thunderbird,Helpdesk général,2021-05-17,08:57:21,00:00:07
stefano.crapanzano@chu.ulg.ac.be,Courrier entrant - erp.sai@chuliege.be - Mozilla Thunderbird,Helpdesk général,2021-05-17,08:57:48,00:00:42
stefano.crapanzano@chu.ulg.ac.be,Courrier entrant - erp.sai@chuliege.be - Mozilla Thunderbird,Helpdesk général,2021-05-17,08:58:33,00:00:51
stefano.crapanzano@chu.ulg.ac.be,Courrier entrant - erp.sai@chuliege.be - Mozilla Thunderbird,Helpdesk général,2021-05-17,08:59:30,00:00:15
stefano.crapanzano@chu.ulg.ac.be,Courrier entrant - erp.sai@chuliege.be - Mozilla Thunderbird,Helpdesk général,2021-05-17,09:00:15,00:00:07
stefano.crapanzano@chu.ulg.ac.be,Courrier entrant - erp.sai@chuliege.be - Mozilla Thunderbird,Helpdesk général,2021-05-17,09:00:27,00:00:08
stefano.crapanzano@chu.ulg.ac.be,Courrier entrant - erp.sai@chuliege.be - Mozilla Thunderbird,Helpdesk général,2021-05-17,16:05:53,00:00:02
stefano.crapanzano@chu.ulg.ac.be,Courrier entrant - erp.sai@chuliege.be - Mozilla Thunderbird,Helpdesk général,2021-05-17,16:07:41,00:00:27
stefano.crapanzano@chu.ulg.ac.be,Courrier entrant - erp.sai@chuliege.be - Mozilla Thunderbird,Helpdesk général,2021-05-17,16:15:30,00:54:38
stefano.crapanzano@chu.ulg.ac.be,Courrier entrant - stefano.crapanzano@chuliege.be - Mozilla Thunderbird,Helpdesk général,2021-05-17,08:28:13,00:00:08
stefano.crapanzano@chu.ulg.ac.be,Courrier entrant - stefano.crapanzano@chuliege.be - Mozilla Thunderbird,Helpdesk général,2021-05-17,08:58:30,00:00:03
stefano.crapanzano@chu.ulg.ac.be,Courrier entrant - stefano.crapanzano@chuliege.be - Mozilla Thunderbird,Helpdesk général,2021-05-17,09:06:37,00:00:59
stefano.crapanzano@chu.ulg.ac.be,Courrier entrant - stefano.crapanzano@chuliege.be - Mozilla Thunderbird,Helpdesk général,2021-05-17,16:05:50,00:00:02
stefano.crapanzano@chu.ulg.ac.be,Courrier entrant - stefano.crapanzano@chuliege.be - Mozilla Thunderbird,Helpdesk général,2021-05-17,16:08:09,00:07:20
stefano.crapanzano@chu.ulg.ac.be,Stefano CRAPANZANO - erp.sai@chuliege.be - Mozilla Thunderbird,Helpdesk général,2021-05-17,08:28:23,00:00:06
stefano.crapanzano@chu.ulg.ac.be,Stefano CRAPANZANO - erp.sai@chuliege.be - Mozilla Thunderbird,Helpdesk général,2021-05-17,08:35:57,00:00:02
stefano.crapanzano@chu.ulg.ac.be,Stefano CRAPANZANO - erp.sai@chuliege.be - Mozilla Thunderbird,Helpdesk général,2021-05-17,08:40:21,00:00:02
stefano.crapanzano@chu.ulg.ac.be,Stefano CRAPANZANO - erp.sai@chuliege.be - Mozilla Thunderbird,Helpdesk général,2021-05-17,08:40:35,00:08:28
stefano.crapanzano@chu.ulg.ac.be,Stefano CRAPANZANO - erp.sai@chuliege.be - Mozilla Thunderbird,Helpdesk général,2021-05-17,08:55:54,00:00:16
stefano.crapanzano@chu.ulg.ac.be,Stefano CRAPANZANO - erp.sai@chuliege.be - Mozilla Thunderbird,Helpdesk général,2021-05-17,08:57:35,00:00:13
stefano.crapanzano@chu.ulg.ac.be,Stefano CRAPANZANO - erp.sai@chuliege.be - Mozilla Thunderbird,Helpdesk général,2021-05-17,08:59:25,00:00:04
stefano.crapanzano@chu.ulg.ac.be,Didier BARE - erp.sai@chuliege.be - Mozilla Thunderbird,Helpdesk général,2021-05-17,08:28:29,00:00:32
stefano.crapanzano@chu.ulg.ac.be,Lecture documentation,Tâches diverses,2021-05-17,08:29:01,00:02:31
stefano.crapanzano@chu.ulg.ac.be,Lecture documentation,Tâches diverses,2021-05-17,08:40:30,00:00:02
stefano.crapanzano@chu.ulg.ac.be,Programmation,IT,2021-05-17,08:31:32,00:00:14
stefano.crapanzano@chu.ulg.ac.be,Programmation,IT,2021-05-17,08:31:50,00:01:15
stefano.crapanzano@chu.ulg.ac.be,Programmation,IT,2021-05-17,08:33:45,00:00:08
stefano.crapanzano@chu.ulg.ac.be,GOAL - LABO - Google Chrome,Tâches diverses,2021-05-17,08:33:05,00:00:40
stefano.crapanzano@chu.ulg.ac.be,GOAL - LABO - Google Chrome,Tâches diverses,2021-05-17,08:40:25,00:00:03
stefano.crapanzano@chu.ulg.ac.be,GOAL - LABO - Google Chrome,Tâches diverses,2021-05-17,08:40:33,00:00:02
stefano.crapanzano@chu.ulg.ac.be,GOAL - LABO - Google Chrome,Tâches diverses,2021-05-17,09:06:01,00:00:13
stefano.crapanzano@chu.ulg.ac.be,GOAL - LABO - Google Chrome,Helpdesk général,2021-05-17,09:07:36,00:00:06
stefano.crapanzano@chu.ulg.ac.be,GOAL - LABO - Google Chrome,Tâches diverses,2021-05-17,09:08:00,00:01:09
stefano.crapanzano@chu.ulg.ac.be,GOAL - LABO - Google Chrome,Helpdesk général,2021-05-17,09:09:52,00:00:16
stefano.crapanzano@chu.ulg.ac.be,GOAL - LABO - Google Chrome,Tâches diverses,2021-05-17,09:10:15,00:00:31
stefano.crapanzano@chu.ulg.ac.be,GOAL - LABO - Google Chrome,Tâches diverses,2021-05-17,09:10:50,00:00:04
stefano.crapanzano@chu.ulg.ac.be,GOAL - LABO - Google Chrome,Tâches diverses,2021-05-17,09:11:34,00:03:44
stefano.crapanzano@chu.ulg.ac.be,GOAL - LABO - Google Chrome,Tâches diverses,2021-05-17,09:15:29,00:01:54
stefano.crapanzano@chu.ulg.ac.be,GOAL - LABO - Google Chrome,Tâches diverses,2021-05-17,09:19:05,00:00:55
stefano.crapanzano@chu.ulg.ac.be,Navigation système de fichier,IT,2021-05-17,08:40:28,00:00:02
stefano.crapanzano@chu.ulg.ac.be,Navigation système de fichier,IT,2021-05-17,08:55:28,00:00:13
stefano.crapanzano@chu.ulg.ac.be,Navigation système de fichier,IT,2021-05-17,09:02:13,00:00:56
stefano.crapanzano@chu.ulg.ac.be,Navigation système de fichier,IT,2021-05-17,09:03:13,00:02:48
stefano.crapanzano@chu.ulg.ac.be,Navigation système de fichier,IT,2021-05-17,09:11:26,00:00:02
stefano.crapanzano@chu.ulg.ac.be,Navigation système de fichier,IT,2021-05-17,09:19:01,00:00:03
stefano.crapanzano@chu.ulg.ac.be,Navigation système de fichier,IT,2021-05-17,16:03:46,00:00:02
stefano.crapanzano@chu.ulg.ac.be,Navigation système de fichier,IT,2021-05-17,16:06:37,00:00:04
stefano.crapanzano@chu.ulg.ac.be,Encours de facturation 02/2021 - Mozilla Thunderbird,Helpdesk général,2021-05-17,08:35:22,00:00:09
stefano.crapanzano@chu.ulg.ac.be,Encours de facturation 02/2021 - Mozilla Thunderbird,Helpdesk général,2021-05-17,08:36:00,00:00:04
stefano.crapanzano@chu.ulg.ac.be,Encours de facturation 02/2021 - Mozilla Thunderbird,Helpdesk général,2021-05-17,08:36:39,00:00:07
stefano.crapanzano@chu.ulg.ac.be,Encours de facturation 02/2021 - Mozilla Thunderbird,Helpdesk général,2021-05-17,08:40:19,00:00:02
stefano.crapanzano@chu.ulg.ac.be,Rédaction : Re: Encours de facturation 02/2021 - Thunderbird,Helpdesk général,2021-05-17,08:36:04,00:00:32
stefano.crapanzano@chu.ulg.ac.be,Enregistrer le message,Helpdesk général,2021-05-17,08:36:37,00:00:02
stefano.crapanzano@chu.ulg.ac.be,Rédaction : Fwd: Encours de facturation 02/2021 - Thunderbird,Helpdesk général,2021-05-17,08:36:46,00:03:25
stefano.crapanzano@chu.ulg.ac.be,Vérification de l’orthographe,Helpdesk général,2021-05-17,08:40:12,00:00:02
stefano.crapanzano@chu.ulg.ac.be,Envoyés - erp.sai@chuliege.be - Mozilla Thunderbird,Helpdesk général,2021-05-17,08:49:03,00:05:04
stefano.crapanzano@chu.ulg.ac.be,2 Traité - erp.sai@chuliege.be - Mozilla Thunderbird,Helpdesk général,2021-05-17,08:56:11,00:01:10
stefano.crapanzano@chu.ulg.ac.be,2 Traité - erp.sai@chuliege.be - Mozilla Thunderbird,Helpdesk général,2021-05-17,08:57:29,00:00:06
stefano.crapanzano@chu.ulg.ac.be,2 Traité - erp.sai@chuliege.be - Mozilla Thunderbird,Helpdesk général,2021-05-17,09:00:36,00:01:37
stefano.crapanzano@chu.ulg.ac.be,2 Traité - erp.sai@chuliege.be - Mozilla Thunderbird,Helpdesk général,2021-05-17,09:06:15,00:00:22
stefano.crapanzano@chu.ulg.ac.be,Rechercher - Mozilla Thunderbird,Helpdesk général,2021-05-17,08:59:45,00:00:30
stefano.crapanzano@chu.ulg.ac.be,carabin - Mozilla Thunderbird,Helpdesk général,2021-05-17,09:00:23,00:00:04
stefano.crapanzano@chu.ulg.ac.be,Identification - Google Chrome,Tâches diverses,2021-05-17,09:07:44,00:00:09
stefano.crapanzano@chu.ulg.ac.be,POST data - Google Chrome,Tâches diverses,2021-05-17,09:07:53,00:00:07
stefano.crapanzano@chu.ulg.ac.be,Netop Invité,Helpdesk général,2021-05-17,09:09:10,00:00:06
stefano.crapanzano@chu.ulg.ac.be,Connexion à l'aide de l'authentification Windows,Helpdesk général,2021-05-17,09:09:17,00:00:03
stefano.crapanzano@chu.ulg.ac.be,erpftp - Netop Remote Control,Helpdesk général,2021-05-17,09:09:22,00:00:30
stefano.crapanzano@chu.ulg.ac.be,erpftp - Netop Remote Control,Helpdesk général,2021-05-17,09:10:09,00:00:06
stefano.crapanzano@chu.ulg.ac.be,erpftp - Netop Remote Control,Helpdesk général,2021-05-17,09:10:46,00:00:03
stefano.crapanzano@chu.ulg.ac.be,erpftp - Netop Remote Control,Helpdesk général,2021-05-17,09:10:54,00:00:31
stefano.crapanzano@chu.ulg.ac.be,erpftp - Netop Remote Control,Helpdesk général,2021-05-17,09:11:28,00:00:06
stefano.crapanzano@chu.ulg.ac.be,erpftp - Netop Remote Control,Helpdesk général,2021-05-17,09:15:18,00:00:10
stefano.crapanzano@chu.ulg.ac.be,erpftp - Netop Remote Control,Helpdesk général,2021-05-17,09:17:23,00:01:38
stefano.crapanzano@chu.ulg.ac.be,DBeaver 21.0.0 - <GLIMS9.ST.CHULG> Script-2,Tâches diverses,2021-05-17,09:20:00,00:03:33
stefano.crapanzano@chu.ulg.ac.be,SAP Logon 750,Exploration SAP,2021-05-17,16:03:48,00:00:03
stefano.crapanzano@chu.ulg.ac.be,SAP Easy Access Menu de base Applications financières-économiques,Exploration SAP,2021-05-17,16:03:51,00:00:13
stefano.crapanzano@chu.ulg.ac.be,SAP Easy Access Menu de base Applications financières-économiques,Exploration SAP,2021-05-17,16:04:42,00:00:07
stefano.crapanzano@chu.ulg.ac.be,SAP Easy Access Menu de base Applications financières-économiques,Exploration SAP,2021-05-17,16:06:46,00:00:08
stefano.crapanzano@chu.ulg.ac.be,SAP Easy Access Menu de base Applications financières-économiques,Exploration SAP,2021-05-17,16:07:36,00:00:03
stefano.crapanzano@chu.ulg.ac.be,Synthèse IDocs,Exploration SAP,2021-05-17,16:04:05,00:00:02
stefano.crapanzano@chu.ulg.ac.be,Synthèse IDocs,Exploration SAP,2021-05-17,16:04:49,00:00:02
stefano.crapanzano@chu.ulg.ac.be,Overzicht IDocs,Exploration SAP,2021-05-17,16:04:07,00:00:04
stefano.crapanzano@chu.ulg.ac.be,Overzicht IDocs,Exploration SAP,2021-05-17,16:04:25,00:00:06
stefano.crapanzano@chu.ulg.ac.be,Overzicht IDocs,Exploration SAP,2021-05-17,16:04:39,00:00:02
stefano.crapanzano@chu.ulg.ac.be,Overzicht IDocs,Exploration SAP,2021-05-17,16:04:51,00:00:06
stefano.crapanzano@chu.ulg.ac.be,Overzicht IDocs,Exploration SAP,2021-05-17,16:05:11,00:00:03
stefano.crapanzano@chu.ulg.ac.be,Overzicht IDocs,Exploration SAP,2021-05-17,16:07:14,00:00:08
stefano.crapanzano@chu.ulg.ac.be,Affichage de l'IDoc : 0000000000328600,Exploration SAP,2021-05-17,16:04:12,00:00:13
stefano.crapanzano@chu.ulg.ac.be,Affichage de l'IDoc : 0000000000328600,Exploration SAP,2021-05-17,16:05:14,00:00:09
stefano.crapanzano@chu.ulg.ac.be,Affichage de l'IDoc : 0000000000328600,Exploration SAP,2021-05-17,16:05:32,00:00:03
stefano.crapanzano@chu.ulg.ac.be,Affichage de l'IDoc : 0000000000328600,Exploration SAP,2021-05-17,16:06:42,00:00:03
stefano.crapanzano@chu.ulg.ac.be,Affichage de l'IDoc : 0000000000328600,Exploration SAP,2021-05-17,16:07:12,00:00:02
stefano.crapanzano@chu.ulg.ac.be,Traitement IDocs,Exploration SAP,2021-05-17,16:04:31,00:00:08
stefano.crapanzano@chu.ulg.ac.be,Traitement IDocs,Exploration SAP,2021-05-17,16:04:57,00:00:03
stefano.crapanzano@chu.ulg.ac.be,Traitement IDocs,Exploration SAP,2021-05-17,16:05:05,00:00:06
stefano.crapanzano@chu.ulg.ac.be,Traitement IDocs,Exploration SAP,2021-05-17,16:07:23,00:00:08
stefano.crapanzano@chu.ulg.ac.be,Performance Assistant,Exploration SAP,2021-05-17,16:05:01,00:00:03
stefano.crapanzano@chu.ulg.ac.be,Performance Assistant,Exploration SAP,2021-05-17,16:05:24,00:00:08
stefano.crapanzano@chu.ulg.ac.be,Performance Assistant,Exploration SAP,2021-05-17,16:05:36,00:00:06
stefano.crapanzano@chu.ulg.ac.be,Performance Assistant,Helpdesk général,2021-05-17,16:05:48,00:00:02
stefano.crapanzano@chu.ulg.ac.be,Greenshot capture form,Helpdesk général,2021-05-17,16:05:42,00:00:06
stefano.crapanzano@chu.ulg.ac.be,Rédaction : (pas de sujet) - Thunderbird,Helpdesk général,2021-05-17,16:05:55,00:00:06
stefano.crapanzano@chu.ulg.ac.be,Rechercher Utilisateurs  contacts et groupes,IT,2021-05-17,16:06:15,00:00:12
stefano.crapanzano@chu.ulg.ac.be,Rechercher Utilisateurs  contacts et groupes,IT,2021-05-17,16:06:34,00:00:02
stefano.crapanzano@chu.ulg.ac.be,Propriétés de : c191261,IT,2021-05-17,16:06:27,00:00:07
stefano.crapanzano@chu.ulg.ac.be,Liste des utilisateurs,Exploration SAP,2021-05-17,16:06:54,00:00:14
stefano.crapanzano@chu.ulg.ac.be,Déconnecter utilisateur,Exploration SAP,2021-05-17,16:07:08,00:00:02
stefano.crapanzano@chu.ulg.ac.be,Information,Exploration SAP,2021-05-17,16:07:34,00:00:02
