Email,Description,Project,Start date,Start time,Duration
stefano.crapanzano@chu.ulg.ac.be,Administrateur : Perl (command line) - python  main.py,IT,2021-05-20,08:32:00,00:00:02
stefano.crapanzano@chu.ulg.ac.be,Administrateur : Perl (command line) - python  main.py,IT,2021-05-20,09:37:10,00:00:07
stefano.crapanzano@chu.ulg.ac.be,Administrateur : Perl (command line) - python  main.py,IT,2021-05-20,09:37:18,00:00:02
stefano.crapanzano@chu.ulg.ac.be,Administrateur : Perl (command line) - python  main.py,IT,2021-05-20,09:37:27,00:00:06
stefano.crapanzano@chu.ulg.ac.be,Navigation système de fichier,IT,2021-05-20,08:32:03,00:00:08
stefano.crapanzano@chu.ulg.ac.be,Navigation système de fichier,IT,2021-05-20,08:32:12,00:00:03
stefano.crapanzano@chu.ulg.ac.be,Navigation système de fichier,IT,2021-05-20,08:35:14,00:00:03
stefano.crapanzano@chu.ulg.ac.be,Navigation système de fichier,IT,2021-05-20,08:35:25,00:00:06
stefano.crapanzano@chu.ulg.ac.be,Navigation système de fichier,IT,2021-05-20,08:52:28,00:00:02
stefano.crapanzano@chu.ulg.ac.be,Navigation système de fichier,IT,2021-05-20,08:52:34,00:00:02
stefano.crapanzano@chu.ulg.ac.be,Navigation système de fichier,IT,2021-05-20,08:54:45,00:00:02
stefano.crapanzano@chu.ulg.ac.be,Navigation système de fichier,IT,2021-05-20,09:13:45,00:00:10
stefano.crapanzano@chu.ulg.ac.be,Navigation système de fichier,IT,2021-05-20,09:17:09,00:00:43
stefano.crapanzano@chu.ulg.ac.be,Navigation système de fichier,IT,2021-05-20,09:19:31,00:00:02
stefano.crapanzano@chu.ulg.ac.be,Navigation système de fichier,IT,2021-05-20,09:22:29,00:00:10
stefano.crapanzano@chu.ulg.ac.be,Navigation système de fichier,IT,2021-05-20,09:23:23,00:00:02
stefano.crapanzano@chu.ulg.ac.be,Navigation système de fichier,IT,2021-05-20,09:24:10,00:00:06
stefano.crapanzano@chu.ulg.ac.be,Navigation système de fichier,IT,2021-05-20,09:26:15,00:00:02
stefano.crapanzano@chu.ulg.ac.be,Navigation système de fichier,IT,2021-05-20,09:34:40,00:00:04
stefano.crapanzano@chu.ulg.ac.be,Navigation système de fichier,IT,2021-05-20,09:36:00,00:00:17
stefano.crapanzano@chu.ulg.ac.be,Navigation système de fichier,IT,2021-05-20,09:36:38,00:00:10
stefano.crapanzano@chu.ulg.ac.be,Navigation système de fichier,IT,2021-05-20,09:36:49,00:00:03
stefano.crapanzano@chu.ulg.ac.be,Navigation système de fichier,IT,2021-05-20,09:36:55,00:00:02
stefano.crapanzano@chu.ulg.ac.be,Navigation système de fichier,IT,2021-05-20,09:37:04,00:00:04
stefano.crapanzano@chu.ulg.ac.be,Navigation système de fichier,IT,2021-05-20,09:37:40,00:00:16
stefano.crapanzano@chu.ulg.ac.be,Navigation système de fichier,IT,2021-05-20,09:38:11,00:00:07
stefano.crapanzano@chu.ulg.ac.be,Navigation système de fichier,IT,2021-05-20,09:38:30,00:00:14
stefano.crapanzano@chu.ulg.ac.be,Navigation système de fichier,IT,2021-05-20,09:48:44,00:00:02
stefano.crapanzano@chu.ulg.ac.be,Navigation système de fichier,IT,2021-05-20,09:50:19,00:00:15
stefano.crapanzano@chu.ulg.ac.be,Navigation système de fichier,IT,2021-05-20,09:50:51,00:00:16
stefano.crapanzano@chu.ulg.ac.be,Navigation système de fichier,IT,2021-05-20,09:52:20,00:00:06
stefano.crapanzano@chu.ulg.ac.be,Navigation système de fichier,IT,2021-05-20,09:54:37,00:00:02
stefano.crapanzano@chu.ulg.ac.be,Navigation système de fichier,IT,2021-05-20,09:54:41,00:00:13
stefano.crapanzano@chu.ulg.ac.be,Navigation système de fichier,IT,2021-05-20,09:55:11,00:00:20
stefano.crapanzano@chu.ulg.ac.be,Navigation système de fichier,IT,2021-05-20,09:55:49,00:00:02
stefano.crapanzano@chu.ulg.ac.be,Navigation système de fichier,IT,2021-05-20,10:13:48,00:00:02
stefano.crapanzano@chu.ulg.ac.be,Navigation système de fichier,IT,2021-05-20,10:15:43,00:00:04
stefano.crapanzano@chu.ulg.ac.be,Navigation système de fichier,IT,2021-05-20,10:19:07,00:00:02
stefano.crapanzano@chu.ulg.ac.be,Navigation système de fichier,IT,2021-05-20,10:49:42,00:00:11
stefano.crapanzano@chu.ulg.ac.be,Navigation système de fichier,IT,2021-05-20,10:50:16,00:00:10
stefano.crapanzano@chu.ulg.ac.be,Navigation système de fichier,IT,2021-05-20,10:52:43,00:00:02
stefano.crapanzano@chu.ulg.ac.be,Navigation système de fichier,IT,2021-05-20,10:59:46,00:00:12
stefano.crapanzano@chu.ulg.ac.be,Navigation système de fichier,IT,2021-05-20,11:00:59,00:00:13
stefano.crapanzano@chu.ulg.ac.be,Navigation système de fichier,IT,2021-05-20,11:16:16,00:00:04
stefano.crapanzano@chu.ulg.ac.be,Navigation système de fichier,IT,2021-05-20,11:27:26,00:00:02
stefano.crapanzano@chu.ulg.ac.be,Navigation système de fichier,IT,2021-05-20,13:53:58,00:00:04
stefano.crapanzano@chu.ulg.ac.be,Navigation système de fichier,IT,2021-05-20,14:06:31,00:00:17
stefano.crapanzano@chu.ulg.ac.be,Navigation système de fichier,IT,2021-05-20,15:36:01,00:00:11
stefano.crapanzano@chu.ulg.ac.be,Navigation système de fichier,IT,2021-05-20,15:36:30,00:00:06
stefano.crapanzano@chu.ulg.ac.be,Navigation système de fichier,IT,2021-05-20,15:37:46,00:00:07
stefano.crapanzano@chu.ulg.ac.be,Navigation système de fichier,IT,2021-05-20,17:04:59,00:00:02
stefano.crapanzano@chu.ulg.ac.be,Navigation système de fichier,IT,2021-05-20,17:20:26,00:00:15
stefano.crapanzano@chu.ulg.ac.be,Navigation système de fichier,IT,2021-05-20,17:22:32,00:00:03
stefano.crapanzano@chu.ulg.ac.be,Navigation système de fichier,IT,2021-05-20,17:27:06,00:00:07
stefano.crapanzano@chu.ulg.ac.be,Navigation système de fichier,IT,2021-05-20,17:28:56,00:01:30
stefano.crapanzano@chu.ulg.ac.be,Courrier entrant - erp.sai@chuliege.be - Mozilla Thunderbird,Helpdesk général,2021-05-20,08:32:15,00:00:29
stefano.crapanzano@chu.ulg.ac.be,Courrier entrant - erp.sai@chuliege.be - Mozilla Thunderbird,Helpdesk général,2021-05-20,08:32:51,00:00:06
stefano.crapanzano@chu.ulg.ac.be,Courrier entrant - erp.sai@chuliege.be - Mozilla Thunderbird,Helpdesk général,2021-05-20,08:50:47,00:00:42
stefano.crapanzano@chu.ulg.ac.be,Courrier entrant - erp.sai@chuliege.be - Mozilla Thunderbird,Helpdesk général,2021-05-20,08:52:39,00:00:02
stefano.crapanzano@chu.ulg.ac.be,Courrier entrant - erp.sai@chuliege.be - Mozilla Thunderbird,Helpdesk général,2021-05-20,08:54:04,00:00:08
stefano.crapanzano@chu.ulg.ac.be,Courrier entrant - erp.sai@chuliege.be - Mozilla Thunderbird,Helpdesk général,2021-05-20,10:15:52,00:00:04
stefano.crapanzano@chu.ulg.ac.be,Courrier entrant - erp.sai@chuliege.be - Mozilla Thunderbird,Helpdesk général,2021-05-20,10:18:35,00:00:04
stefano.crapanzano@chu.ulg.ac.be,Courrier entrant - erp.sai@chuliege.be - Mozilla Thunderbird,Helpdesk général,2021-05-20,10:49:57,00:00:02
stefano.crapanzano@chu.ulg.ac.be,Courrier entrant - erp.sai@chuliege.be - Mozilla Thunderbird,Helpdesk général,2021-05-20,10:52:49,00:00:06
stefano.crapanzano@chu.ulg.ac.be,Courrier entrant - erp.sai@chuliege.be - Mozilla Thunderbird,Helpdesk général,2021-05-20,10:58:58,00:00:26
stefano.crapanzano@chu.ulg.ac.be,Courrier entrant - erp.sai@chuliege.be - Mozilla Thunderbird,Helpdesk général,2021-05-20,11:01:17,00:00:30
stefano.crapanzano@chu.ulg.ac.be,Courrier entrant - erp.sai@chuliege.be - Mozilla Thunderbird,Helpdesk général,2021-05-20,11:02:38,00:11:32
stefano.crapanzano@chu.ulg.ac.be,Courrier entrant - erp.sai@chuliege.be - Mozilla Thunderbird,Helpdesk général,2021-05-20,11:15:08,00:00:38
stefano.crapanzano@chu.ulg.ac.be,Courrier entrant - erp.sai@chuliege.be - Mozilla Thunderbird,Helpdesk général,2021-05-20,11:24:26,00:00:09
stefano.crapanzano@chu.ulg.ac.be,Courrier entrant - erp.sai@chuliege.be - Mozilla Thunderbird,Helpdesk général,2021-05-20,11:42:05,00:12:35
stefano.crapanzano@chu.ulg.ac.be,Courrier entrant - erp.sai@chuliege.be - Mozilla Thunderbird,Helpdesk général,2021-05-20,12:27:16,00:00:02
stefano.crapanzano@chu.ulg.ac.be,Courrier entrant - erp.sai@chuliege.be - Mozilla Thunderbird,Helpdesk général,2021-05-20,12:27:21,00:12:43
stefano.crapanzano@chu.ulg.ac.be,Courrier entrant - erp.sai@chuliege.be - Mozilla Thunderbird,Helpdesk général,2021-05-20,12:40:06,00:00:07
stefano.crapanzano@chu.ulg.ac.be,Courrier entrant - erp.sai@chuliege.be - Mozilla Thunderbird,Helpdesk général,2021-05-20,12:40:15,00:58:49
stefano.crapanzano@chu.ulg.ac.be,Courrier entrant - erp.sai@chuliege.be - Mozilla Thunderbird,Helpdesk général,2021-05-20,13:45:54,00:00:03
stefano.crapanzano@chu.ulg.ac.be,Courrier entrant - erp.sai@chuliege.be - Mozilla Thunderbird,Helpdesk général,2021-05-20,13:45:58,00:00:04
stefano.crapanzano@chu.ulg.ac.be,Courrier entrant - erp.sai@chuliege.be - Mozilla Thunderbird,Helpdesk général,2021-05-20,14:00:40,00:00:02
stefano.crapanzano@chu.ulg.ac.be,Courrier entrant - erp.sai@chuliege.be - Mozilla Thunderbird,Helpdesk général,2021-05-20,14:53:03,00:00:06
stefano.crapanzano@chu.ulg.ac.be,Courrier entrant - erp.sai@chuliege.be - Mozilla Thunderbird,Helpdesk général,2021-05-20,14:53:10,00:42:51
stefano.crapanzano@chu.ulg.ac.be,Courrier entrant - erp.sai@chuliege.be - Mozilla Thunderbird,Helpdesk général,2021-05-20,15:36:13,00:00:03
stefano.crapanzano@chu.ulg.ac.be,Courrier entrant - erp.sai@chuliege.be - Mozilla Thunderbird,Helpdesk général,2021-05-20,16:14:24,00:00:08
stefano.crapanzano@chu.ulg.ac.be,Chargement en cours… - Mozilla Thunderbird,Helpdesk général,2021-05-20,08:35:35,00:00:02
stefano.crapanzano@chu.ulg.ac.be,TR: Formation EDICOM - Mozilla Thunderbird,Helpdesk général,2021-05-20,08:32:46,00:00:04
stefano.crapanzano@chu.ulg.ac.be,TR: Formation EDICOM - Mozilla Thunderbird,Helpdesk général,2021-05-20,08:34:41,00:00:21
stefano.crapanzano@chu.ulg.ac.be,TR: Formation EDICOM - Mozilla Thunderbird,Helpdesk général,2021-05-20,08:35:38,00:06:46
stefano.crapanzano@chu.ulg.ac.be,TR: Formation EDICOM - Mozilla Thunderbird,Helpdesk général,2021-05-20,08:46:38,00:03:35
stefano.crapanzano@chu.ulg.ac.be,Courrier entrant - stefano.crapanzano@chuliege.be - Mozilla Thunderbird,Helpdesk général,2021-05-20,08:32:57,00:01:43
stefano.crapanzano@chu.ulg.ac.be,Courrier entrant - stefano.crapanzano@chuliege.be - Mozilla Thunderbird,Helpdesk général,2021-05-20,08:50:13,00:00:16
stefano.crapanzano@chu.ulg.ac.be,Courrier entrant - stefano.crapanzano@chuliege.be - Mozilla Thunderbird,Helpdesk général,2021-05-20,08:51:29,00:00:58
stefano.crapanzano@chu.ulg.ac.be,Courrier entrant - stefano.crapanzano@chuliege.be - Mozilla Thunderbird,Helpdesk général,2021-05-20,08:52:37,00:00:02
stefano.crapanzano@chu.ulg.ac.be,Courrier entrant - stefano.crapanzano@chuliege.be - Mozilla Thunderbird,Helpdesk général,2021-05-20,08:52:41,00:01:15
stefano.crapanzano@chu.ulg.ac.be,Courrier entrant - stefano.crapanzano@chuliege.be - Mozilla Thunderbird,Helpdesk général,2021-05-20,08:54:02,00:00:02
stefano.crapanzano@chu.ulg.ac.be,Courrier entrant - stefano.crapanzano@chuliege.be - Mozilla Thunderbird,Helpdesk général,2021-05-20,08:54:12,00:00:29
stefano.crapanzano@chu.ulg.ac.be,Courrier entrant - stefano.crapanzano@chuliege.be - Mozilla Thunderbird,Helpdesk général,2021-05-20,09:24:16,00:01:58
stefano.crapanzano@chu.ulg.ac.be,Courrier entrant - stefano.crapanzano@chuliege.be - Mozilla Thunderbird,Helpdesk général,2021-05-20,09:51:08,00:00:03
stefano.crapanzano@chu.ulg.ac.be,Courrier entrant - stefano.crapanzano@chuliege.be - Mozilla Thunderbird,Helpdesk général,2021-05-20,09:51:15,00:00:02
stefano.crapanzano@chu.ulg.ac.be,Courrier entrant - stefano.crapanzano@chuliege.be - Mozilla Thunderbird,Helpdesk général,2021-05-20,10:15:50,00:00:02
stefano.crapanzano@chu.ulg.ac.be,Courrier entrant - stefano.crapanzano@chuliege.be - Mozilla Thunderbird,Helpdesk général,2021-05-20,12:27:19,00:00:02
stefano.crapanzano@chu.ulg.ac.be,Courrier entrant - stefano.crapanzano@chuliege.be - Mozilla Thunderbird,Helpdesk général,2021-05-20,12:40:13,00:00:02
stefano.crapanzano@chu.ulg.ac.be,Courrier entrant - stefano.crapanzano@chuliege.be - Mozilla Thunderbird,Helpdesk général,2021-05-20,13:56:09,00:00:25
stefano.crapanzano@chu.ulg.ac.be,Courrier entrant - stefano.crapanzano@chuliege.be - Mozilla Thunderbird,Helpdesk général,2021-05-20,13:56:43,00:00:02
stefano.crapanzano@chu.ulg.ac.be,Courrier entrant - stefano.crapanzano@chuliege.be - Mozilla Thunderbird,Helpdesk général,2021-05-20,14:00:43,00:00:06
stefano.crapanzano@chu.ulg.ac.be,Courrier entrant - stefano.crapanzano@chuliege.be - Mozilla Thunderbird,Helpdesk général,2021-05-20,14:17:20,00:00:06
stefano.crapanzano@chu.ulg.ac.be,Courrier entrant - stefano.crapanzano@chuliege.be - Mozilla Thunderbird,Helpdesk général,2021-05-20,14:51:33,00:01:30
stefano.crapanzano@chu.ulg.ac.be,Courrier entrant - stefano.crapanzano@chuliege.be - Mozilla Thunderbird,Helpdesk général,2021-05-20,15:36:16,00:00:14
stefano.crapanzano@chu.ulg.ac.be,Courrier entrant - stefano.crapanzano@chuliege.be - Mozilla Thunderbird,Helpdesk général,2021-05-20,15:40:18,00:00:14
stefano.crapanzano@chu.ulg.ac.be,Courrier entrant - stefano.crapanzano@chuliege.be - Mozilla Thunderbird,Helpdesk général,2021-05-20,16:14:18,00:00:06
stefano.crapanzano@chu.ulg.ac.be,taskeng.exe,IT,2021-05-20,08:35:08,00:00:06
stefano.crapanzano@chu.ulg.ac.be,Enregistrer le message,Helpdesk général,2021-05-20,08:35:06,00:00:02
stefano.crapanzano@chu.ulg.ac.be,Intégration système,Helpdesk général,2021-05-20,08:35:32,00:00:02
stefano.crapanzano@chu.ulg.ac.be,Rédaction : Re: TR: Formation EDICOM - Thunderbird,Helpdesk général,2021-05-20,08:42:25,00:01:46
stefano.crapanzano@chu.ulg.ac.be,Rédaction : Re: TR: Formation EDICOM - Thunderbird,Helpdesk général,2021-05-20,08:44:52,00:00:14
stefano.crapanzano@chu.ulg.ac.be,Rédaction : Re: TR: Formation EDICOM - Thunderbird,Helpdesk général,2021-05-20,08:45:13,00:00:06
stefano.crapanzano@chu.ulg.ac.be,Rédaction : Re: TR: Formation EDICOM - Thunderbird,Helpdesk général,2021-05-20,08:45:45,00:00:43
stefano.crapanzano@chu.ulg.ac.be,GOAL - LABO - Google Chrome,Helpdesk général,2021-05-20,08:44:12,00:00:02
stefano.crapanzano@chu.ulg.ac.be,Nouvel onglet - Google Chrome,Tâches diverses,2021-05-20,08:44:15,00:00:07
stefano.crapanzano@chu.ulg.ac.be,Identification - Google Chrome,Tâches diverses,2021-05-20,08:44:22,00:00:08
stefano.crapanzano@chu.ulg.ac.be,https://decis.chu.ulg.ac.be/STPNET/stpnetdll.dll/dQFN8gs2UKoOQNdnjARUha/$/ - Google Chrome,Tâches diverses,2021-05-20,08:44:32,00:00:02
stefano.crapanzano@chu.ulg.ac.be,STPNet : login - Google Chrome,Tâches diverses,2021-05-20,08:44:35,00:00:03
stefano.crapanzano@chu.ulg.ac.be,STP : planning - Google Chrome,Tâches diverses,2021-05-20,08:44:39,00:00:13
stefano.crapanzano@chu.ulg.ac.be,STP : planning - Google Chrome,Tâches diverses,2021-05-20,08:45:07,00:00:06
stefano.crapanzano@chu.ulg.ac.be,STP : planning - Google Chrome,Tâches diverses,2021-05-20,08:45:19,00:00:26
stefano.crapanzano@chu.ulg.ac.be,STP : planning - Google Chrome,Tâches diverses,2021-05-20,08:46:32,00:00:04
stefano.crapanzano@chu.ulg.ac.be,Vérification de l’orthographe,Helpdesk général,2021-05-20,08:46:28,00:00:02
stefano.crapanzano@chu.ulg.ac.be,Vérification de l’orthographe,Helpdesk général,2021-05-20,10:15:33,00:00:02
stefano.crapanzano@chu.ulg.ac.be,Vérification de l’orthographe,Helpdesk général,2021-05-20,10:52:40,00:00:02
stefano.crapanzano@chu.ulg.ac.be,Envoyés - stefano.crapanzano@chuliege.be - Mozilla Thunderbird,Helpdesk général,2021-05-20,08:50:30,00:00:16
stefano.crapanzano@chu.ulg.ac.be,CHU de Liège - Intranet - Google Chrome,Tâches diverses,2021-05-20,08:53:58,00:00:02
stefano.crapanzano@chu.ulg.ac.be,CHU de Liège - Intranet - Google Chrome,Tâches diverses,2021-05-20,11:24:05,00:00:02
stefano.crapanzano@chu.ulg.ac.be,CHU de Liège - Intranet - Google Chrome,Tâches diverses,2021-05-20,13:46:57,00:00:04
stefano.crapanzano@chu.ulg.ac.be,Lecture documentation,Tâches diverses,2021-05-20,08:54:47,00:18:58
stefano.crapanzano@chu.ulg.ac.be,Lecture documentation,Tâches diverses,2021-05-20,09:37:34,00:00:05
stefano.crapanzano@chu.ulg.ac.be,Lecture documentation,Tâches diverses,2021-05-20,15:37:53,00:02:23
stefano.crapanzano@chu.ulg.ac.be,Lecture documentation,Tâches diverses,2021-05-20,15:40:32,00:33:45
stefano.crapanzano@chu.ulg.ac.be,Lecture documentation,Tâches diverses,2021-05-20,16:14:32,00:50:24
stefano.crapanzano@chu.ulg.ac.be,Programmation,IT,2021-05-20,09:13:56,00:01:11
stefano.crapanzano@chu.ulg.ac.be,Programmation,IT,2021-05-20,09:15:17,00:01:51
stefano.crapanzano@chu.ulg.ac.be,Programmation,IT,2021-05-20,09:17:52,00:01:39
stefano.crapanzano@chu.ulg.ac.be,Programmation,IT,2021-05-20,09:19:33,00:00:02
stefano.crapanzano@chu.ulg.ac.be,Programmation,IT,2021-05-20,09:19:37,00:02:51
stefano.crapanzano@chu.ulg.ac.be,Programmation,IT,2021-05-20,09:23:25,00:00:44
stefano.crapanzano@chu.ulg.ac.be,Programmation,IT,2021-05-20,09:26:18,00:08:22
stefano.crapanzano@chu.ulg.ac.be,Programmation,IT,2021-05-20,09:34:44,00:01:15
stefano.crapanzano@chu.ulg.ac.be,Programmation,IT,2021-05-20,09:36:19,00:00:03
stefano.crapanzano@chu.ulg.ac.be,Programmation,IT,2021-05-20,09:36:23,00:00:14
stefano.crapanzano@chu.ulg.ac.be,Programmation,IT,2021-05-20,09:36:52,00:00:03
stefano.crapanzano@chu.ulg.ac.be,Programmation,IT,2021-05-20,09:37:57,00:00:13
stefano.crapanzano@chu.ulg.ac.be,Programmation,IT,2021-05-20,09:38:44,00:00:18
stefano.crapanzano@chu.ulg.ac.be,Programmation,IT,2021-05-20,09:39:05,00:00:09
stefano.crapanzano@chu.ulg.ac.be,Programmation,IT,2021-05-20,09:39:30,00:00:03
stefano.crapanzano@chu.ulg.ac.be,Programmation,IT,2021-05-20,09:39:37,00:00:11
stefano.crapanzano@chu.ulg.ac.be,Programmation,IT,2021-05-20,09:40:08,00:00:07
stefano.crapanzano@chu.ulg.ac.be,Programmation,IT,2021-05-20,09:40:17,00:00:10
stefano.crapanzano@chu.ulg.ac.be,Programmation,IT,2021-05-20,09:41:29,00:00:05
stefano.crapanzano@chu.ulg.ac.be,Programmation,IT,2021-05-20,09:41:38,00:00:11
stefano.crapanzano@chu.ulg.ac.be,Programmation,IT,2021-05-20,09:41:53,00:01:04
stefano.crapanzano@chu.ulg.ac.be,Programmation,IT,2021-05-20,09:43:01,00:05:18
stefano.crapanzano@chu.ulg.ac.be,Programmation,IT,2021-05-20,09:48:21,00:00:23
stefano.crapanzano@chu.ulg.ac.be,Programmation,IT,2021-05-20,09:48:47,00:01:31
stefano.crapanzano@chu.ulg.ac.be,Programmation,IT,2021-05-20,09:55:32,00:00:17
stefano.crapanzano@chu.ulg.ac.be,Programmation,IT,2021-05-20,09:57:41,00:15:58
stefano.crapanzano@chu.ulg.ac.be,Programmation,IT,2021-05-20,10:13:41,00:00:06
stefano.crapanzano@chu.ulg.ac.be,Programmation,IT,2021-05-20,10:16:22,00:02:06
stefano.crapanzano@chu.ulg.ac.be,Programmation,IT,2021-05-20,10:19:03,00:00:04
stefano.crapanzano@chu.ulg.ac.be,Programmation,IT,2021-05-20,10:19:10,00:00:33
stefano.crapanzano@chu.ulg.ac.be,Programmation,IT,2021-05-20,10:19:48,00:29:54
stefano.crapanzano@chu.ulg.ac.be,Programmation,IT,2021-05-20,10:59:58,00:01:00
stefano.crapanzano@chu.ulg.ac.be,Programmation,IT,2021-05-20,11:14:10,00:00:57
stefano.crapanzano@chu.ulg.ac.be,Programmation,IT,2021-05-20,11:16:20,00:07:44
stefano.crapanzano@chu.ulg.ac.be,Programmation,IT,2021-05-20,11:27:29,00:00:42
stefano.crapanzano@chu.ulg.ac.be,Programmation,IT,2021-05-20,13:39:13,00:06:40
stefano.crapanzano@chu.ulg.ac.be,Programmation,IT,2021-05-20,13:54:02,00:02:01
stefano.crapanzano@chu.ulg.ac.be,Programmation,IT,2021-05-20,13:56:48,00:03:51
stefano.crapanzano@chu.ulg.ac.be,Programmation,IT,2021-05-20,14:00:55,00:05:36
stefano.crapanzano@chu.ulg.ac.be,Programmation,IT,2021-05-20,14:06:49,00:10:31
stefano.crapanzano@chu.ulg.ac.be,Programmation,IT,2021-05-20,17:05:01,00:15:24
stefano.crapanzano@chu.ulg.ac.be,Programmation,IT,2021-05-20,17:20:42,00:01:49
stefano.crapanzano@chu.ulg.ac.be,Programmation,IT,2021-05-20,17:22:35,00:03:04
stefano.crapanzano@chu.ulg.ac.be,Programmation,IT,2021-05-20,17:25:48,00:01:18
stefano.crapanzano@chu.ulg.ac.be,Programmation,IT,2021-05-20,17:27:14,00:01:41
stefano.crapanzano@chu.ulg.ac.be,SVN_LOCAL – CHL_ERP_PSRL_COMPTA_HOME_SENY_PAT_VERS_SAP.bat [SVN_LOCAL] (Administrator),IT,2021-05-20,09:15:07,00:00:10
stefano.crapanzano@chu.ulg.ac.be,SVN_LOCAL – CHL_ERP_PSRL_COMPTA_HOME_SENY_PAT_VERS_SAP.bat [SVN_LOCAL] (Administrator),IT,2021-05-20,09:39:14,00:00:06
stefano.crapanzano@chu.ulg.ac.be,SVN_LOCAL – CHL_ERP_PSRL_COMPTA_HOME_SENY_PAT_VERS_SAP.bat [SVN_LOCAL] (Administrator),IT,2021-05-20,13:39:05,00:00:08
stefano.crapanzano@chu.ulg.ac.be,SVN_LOCAL – CHL_ERP_PSRL_COMPTA_HOME_SENY_PAT_VERS_SAP.bat [SVN_LOCAL] (Administrator),IT,2021-05-20,17:04:57,00:00:02
stefano.crapanzano@chu.ulg.ac.be,\\filesrv01.st.chulg\oazis_prod\APPL_PROD\SOURCES\PERL\ERP - Commit - TortoiseSVN,IT,2021-05-20,09:22:39,00:00:42
stefano.crapanzano@chu.ulg.ac.be,Commit Finished!,IT,2021-05-20,09:23:21,00:00:02
stefano.crapanzano@chu.ulg.ac.be,Settings,IT,2021-05-20,09:39:21,00:00:08
stefano.crapanzano@chu.ulg.ac.be,Settings,IT,2021-05-20,09:39:34,00:00:03
stefano.crapanzano@chu.ulg.ac.be,Settings,IT,2021-05-20,09:39:48,00:00:19
stefano.crapanzano@chu.ulg.ac.be,Settings,IT,2021-05-20,09:40:15,00:00:02
stefano.crapanzano@chu.ulg.ac.be,Settings,IT,2021-05-20,09:40:27,00:01:00
stefano.crapanzano@chu.ulg.ac.be,Settings,IT,2021-05-20,09:41:35,00:00:03
stefano.crapanzano@chu.ulg.ac.be,Settings,IT,2021-05-20,09:41:49,00:00:03
stefano.crapanzano@chu.ulg.ac.be,Settings,IT,2021-05-20,09:42:57,00:00:02
stefano.crapanzano@chu.ulg.ac.be,\\filesrv01.st.chulg\oazis_prod\APPL_PROD\SOURCES\PERL\ERP\CHL_ERP_ENCOURS.pl - Notepad++ [Administrator],IT,2021-05-20,09:50:35,00:00:02
stefano.crapanzano@chu.ulg.ac.be,*\\filesrv01.st.chulg\oazis_prod\APPL_PROD\SOURCES\PERL\ERP\CHL_ERP_ENCOURS.pl - Notepad++ [Administrator],IT,2021-05-20,09:50:38,00:00:06
stefano.crapanzano@chu.ulg.ac.be,Enregistrer sous,IT,2021-05-20,09:50:44,00:00:06
stefano.crapanzano@chu.ulg.ac.be,Adaptation extract encours - Mozilla Thunderbird,Helpdesk général,2021-05-20,09:51:11,00:00:03
stefano.crapanzano@chu.ulg.ac.be,Adaptation extract encours - Mozilla Thunderbird,Helpdesk général,2021-05-20,09:51:17,00:00:03
stefano.crapanzano@chu.ulg.ac.be,Adaptation extract encours - Mozilla Thunderbird,Helpdesk général,2021-05-20,10:15:47,00:00:02
stefano.crapanzano@chu.ulg.ac.be,Adaptation extract encours - Mozilla Thunderbird,Helpdesk général,2021-05-20,10:49:59,00:00:03
stefano.crapanzano@chu.ulg.ac.be,Adaptation extract encours - Mozilla Thunderbird,Helpdesk général,2021-05-20,10:52:47,00:00:02
stefano.crapanzano@chu.ulg.ac.be,Adaptation extract encours - Mozilla Thunderbird,Helpdesk général,2021-05-20,11:02:08,00:00:24
stefano.crapanzano@chu.ulg.ac.be,Adaptation extract encours - Mozilla Thunderbird,Helpdesk général,2021-05-20,11:15:46,00:00:29
stefano.crapanzano@chu.ulg.ac.be,Adaptation extract encours - Mozilla Thunderbird,Helpdesk général,2021-05-20,11:24:08,00:00:18
stefano.crapanzano@chu.ulg.ac.be,Adaptation extract encours - Mozilla Thunderbird,Helpdesk général,2021-05-20,11:24:36,00:02:50
stefano.crapanzano@chu.ulg.ac.be,Adaptation extract encours - Mozilla Thunderbird,Helpdesk général,2021-05-20,11:28:12,00:13:52
stefano.crapanzano@chu.ulg.ac.be,Adaptation extract encours - Mozilla Thunderbird,Helpdesk général,2021-05-20,11:54:42,00:32:34
stefano.crapanzano@chu.ulg.ac.be,Rédaction : Re: Adaptation extract encours - Thunderbird,Helpdesk général,2021-05-20,09:51:22,00:00:57
stefano.crapanzano@chu.ulg.ac.be,Rédaction : Re: Adaptation extract encours - Thunderbird,Helpdesk général,2021-05-20,09:52:27,00:02:10
stefano.crapanzano@chu.ulg.ac.be,Rédaction : Re: Adaptation extract encours - Thunderbird,Helpdesk général,2021-05-20,09:54:54,00:00:16
stefano.crapanzano@chu.ulg.ac.be,Rédaction : Re: Adaptation extract encours - Thunderbird,Helpdesk général,2021-05-20,09:55:51,00:01:48
stefano.crapanzano@chu.ulg.ac.be,Rédaction : Re: Adaptation extract encours - Thunderbird,Helpdesk général,2021-05-20,10:13:58,00:01:34
stefano.crapanzano@chu.ulg.ac.be,Rédaction : Re: Adaptation extract encours - Thunderbird,Helpdesk général,2021-05-20,10:50:04,00:00:11
stefano.crapanzano@chu.ulg.ac.be,Rédaction : Re: Adaptation extract encours - Thunderbird,Helpdesk général,2021-05-20,10:50:34,00:02:06
stefano.crapanzano@chu.ulg.ac.be,Rédaction : Re: Adaptation extract encours - Thunderbird,Helpdesk général,2021-05-20,10:57:50,00:00:44
stefano.crapanzano@chu.ulg.ac.be,\\filesrv01.st.chulg\oazis_prod\APPL_PROD\SOURCES\PERL\ERP\CHL_ERP_ENCOURS_SC.pl - Notepad++ [Administrator],IT,2021-05-20,10:13:50,00:00:02
stefano.crapanzano@chu.ulg.ac.be,\\filesrv01.st.chulg\oazis_prod\APPL_PROD\SOURCES\PERL\ERP\CHL_ERP_ENCOURS_SC.pl - Notepad++ [Administrator],IT,2021-05-20,17:25:39,00:00:03
stefano.crapanzano@chu.ulg.ac.be,*\\filesrv01.st.chulg\oazis_prod\APPL_PROD\SOURCES\PERL\ERP\CHL_ERP_ENCOURS_SC.pl - Notepad++ [Administrator],IT,2021-05-20,10:13:53,00:00:04
stefano.crapanzano@chu.ulg.ac.be,*\\filesrv01.st.chulg\oazis_prod\APPL_PROD\SOURCES\PERL\ERP\CHL_ERP_ENCOURS_SC.pl - Notepad++ [Administrator],IT,2021-05-20,17:25:43,00:00:02
stefano.crapanzano@chu.ulg.ac.be,Envoyés - erp.sai@chuliege.be - Mozilla Thunderbird,Helpdesk général,2021-05-20,10:15:57,00:00:23
stefano.crapanzano@chu.ulg.ac.be,Envoyés - erp.sai@chuliege.be - Mozilla Thunderbird,Helpdesk général,2021-05-20,10:18:30,00:00:04
stefano.crapanzano@chu.ulg.ac.be,Envoyés - erp.sai@chuliege.be - Mozilla Thunderbird,Helpdesk général,2021-05-20,10:18:40,00:00:21
stefano.crapanzano@chu.ulg.ac.be,Envoyés - erp.sai@chuliege.be - Mozilla Thunderbird,Helpdesk général,2021-05-20,10:49:53,00:00:03
stefano.crapanzano@chu.ulg.ac.be,Envoyés - erp.sai@chuliege.be - Mozilla Thunderbird,Helpdesk général,2021-05-20,10:52:55,00:04:54
stefano.crapanzano@chu.ulg.ac.be,Envoyés - erp.sai@chuliege.be - Mozilla Thunderbird,Helpdesk général,2021-05-20,10:58:39,00:00:19
stefano.crapanzano@chu.ulg.ac.be,Envoyés - erp.sai@chuliege.be - Mozilla Thunderbird,Helpdesk général,2021-05-20,10:59:24,00:00:21
stefano.crapanzano@chu.ulg.ac.be,Envoyés - erp.sai@chuliege.be - Mozilla Thunderbird,Helpdesk général,2021-05-20,11:01:12,00:00:04
stefano.crapanzano@chu.ulg.ac.be,Envoyés - erp.sai@chuliege.be - Mozilla Thunderbird,Helpdesk général,2021-05-20,11:01:47,00:00:19
stefano.crapanzano@chu.ulg.ac.be,Envoyés - erp.sai@chuliege.be - Mozilla Thunderbird,Helpdesk général,2021-05-20,11:02:32,00:00:06
stefano.crapanzano@chu.ulg.ac.be,Envoyés - erp.sai@chuliege.be - Mozilla Thunderbird,Helpdesk général,2021-05-20,13:46:03,00:00:54
stefano.crapanzano@chu.ulg.ac.be,Envoyés - erp.sai@chuliege.be - Mozilla Thunderbird,Helpdesk général,2021-05-20,13:47:02,00:06:56
stefano.crapanzano@chu.ulg.ac.be,Envoyés - erp.sai@chuliege.be - Mozilla Thunderbird,Helpdesk général,2021-05-20,13:56:04,00:00:04
stefano.crapanzano@chu.ulg.ac.be,Greenshot capture form,Helpdesk général,2021-05-20,10:50:26,00:00:07
stefano.crapanzano@chu.ulg.ac.be,Présence au bureau la semaine prochaine - Mozilla Thunderbird,Helpdesk général,2021-05-20,13:56:36,00:00:02
stefano.crapanzano@chu.ulg.ac.be,Rappel : Présence au bureau la semaine prochaine - Mozilla Thunderbird,Helpdesk général,2021-05-20,14:00:50,00:00:03
stefano.crapanzano@chu.ulg.ac.be,Bureau - Google Sheets - Google Chrome,Tâches diverses,2021-05-20,14:17:28,00:04:54
stefano.crapanzano@chu.ulg.ac.be,Bureau - Google Sheets - Google Chrome,Tâches diverses,2021-05-20,14:22:24,00:29:08
stefano.crapanzano@chu.ulg.ac.be,Bureau - Google Sheets - Google Chrome,Tâches diverses,2021-05-20,15:36:37,00:01:08
