Email,Description,Project,Start date,Start time,Duration
stefano.crapanzano@chu.ulg.ac.be,Administrateur : Perl (command line) - python  main.py,IT,2021-05-19,08:46:10,00:00:18
stefano.crapanzano@chu.ulg.ac.be,Envoyés - erp.sai@chuliege.be - Mozilla Thunderbird,Helpdesk général,2021-05-19,08:51:00,00:00:07
stefano.crapanzano@chu.ulg.ac.be,Envoyés - erp.sai@chuliege.be - Mozilla Thunderbird,Helpdesk général,2021-05-19,08:51:12,00:00:22
stefano.crapanzano@chu.ulg.ac.be,Envoyés - erp.sai@chuliege.be - Mozilla Thunderbird,Helpdesk général,2021-05-19,08:51:41,00:00:16
stefano.crapanzano@chu.ulg.ac.be,Envoyés - erp.sai@chuliege.be - Mozilla Thunderbird,Helpdesk général,2021-05-19,08:52:05,00:00:19
stefano.crapanzano@chu.ulg.ac.be,Envoyés - erp.sai@chuliege.be - Mozilla Thunderbird,Helpdesk général,2021-05-19,08:57:12,00:00:02
stefano.crapanzano@chu.ulg.ac.be,Envoyés - erp.sai@chuliege.be - Mozilla Thunderbird,Helpdesk général,2021-05-19,10:30:01,00:00:03
stefano.crapanzano@chu.ulg.ac.be,Envoyés - erp.sai@chuliege.be - Mozilla Thunderbird,Helpdesk général,2021-05-19,10:30:22,00:00:03
stefano.crapanzano@chu.ulg.ac.be,Envoyés - erp.sai@chuliege.be - Mozilla Thunderbird,Helpdesk général,2021-05-19,10:37:04,00:00:25
stefano.crapanzano@chu.ulg.ac.be,Envoyés - erp.sai@chuliege.be - Mozilla Thunderbird,Helpdesk général,2021-05-19,10:37:55,00:00:02
stefano.crapanzano@chu.ulg.ac.be,Envoyés - erp.sai@chuliege.be - Mozilla Thunderbird,Helpdesk général,2021-05-19,10:42:16,00:00:02
stefano.crapanzano@chu.ulg.ac.be,Envoyés - erp.sai@chuliege.be - Mozilla Thunderbird,Helpdesk général,2021-05-19,11:18:24,00:00:02
stefano.crapanzano@chu.ulg.ac.be,Envoyés - erp.sai@chuliege.be - Mozilla Thunderbird,Helpdesk général,2021-05-19,11:25:08,00:00:02
stefano.crapanzano@chu.ulg.ac.be,Envoyés - erp.sai@chuliege.be - Mozilla Thunderbird,Helpdesk général,2021-05-19,11:28:03,00:00:39
stefano.crapanzano@chu.ulg.ac.be,Envoyés - erp.sai@chuliege.be - Mozilla Thunderbird,Helpdesk général,2021-05-19,11:28:43,00:00:19
stefano.crapanzano@chu.ulg.ac.be,Envoyés - erp.sai@chuliege.be - Mozilla Thunderbird,Helpdesk général,2021-05-19,11:29:16,00:00:09
stefano.crapanzano@chu.ulg.ac.be,Envoyés - erp.sai@chuliege.be - Mozilla Thunderbird,Helpdesk général,2021-05-19,11:30:24,00:00:11
stefano.crapanzano@chu.ulg.ac.be,Envoyés - erp.sai@chuliege.be - Mozilla Thunderbird,Helpdesk général,2021-05-19,11:30:49,00:00:03
stefano.crapanzano@chu.ulg.ac.be,Envoyés - erp.sai@chuliege.be - Mozilla Thunderbird,IT,2021-05-19,11:31:24,00:00:03
stefano.crapanzano@chu.ulg.ac.be,Envoyés - erp.sai@chuliege.be - Mozilla Thunderbird,Tâches diverses,2021-05-19,11:36:52,00:00:03
stefano.crapanzano@chu.ulg.ac.be,Envoyés - erp.sai@chuliege.be - Mozilla Thunderbird,Helpdesk général,2021-05-19,12:28:41,00:00:52
stefano.crapanzano@chu.ulg.ac.be,Envoyés - erp.sai@chuliege.be - Mozilla Thunderbird,Helpdesk général,2021-05-19,12:31:10,00:00:02
stefano.crapanzano@chu.ulg.ac.be,Envoyés - erp.sai@chuliege.be - Mozilla Thunderbird,Helpdesk général,2021-05-19,12:34:21,00:00:24
stefano.crapanzano@chu.ulg.ac.be,Envoyés - erp.sai@chuliege.be - Mozilla Thunderbird,Helpdesk général,2021-05-19,16:31:43,00:00:10
stefano.crapanzano@chu.ulg.ac.be,Courrier entrant - erp.sai@chuliege.be - Mozilla Thunderbird,Helpdesk général,2021-05-19,08:46:30,00:03:59
stefano.crapanzano@chu.ulg.ac.be,Courrier entrant - erp.sai@chuliege.be - Mozilla Thunderbird,Helpdesk général,2021-05-19,08:50:58,00:00:02
stefano.crapanzano@chu.ulg.ac.be,Courrier entrant - erp.sai@chuliege.be - Mozilla Thunderbird,Helpdesk général,2021-05-19,08:51:57,00:00:07
stefano.crapanzano@chu.ulg.ac.be,Courrier entrant - erp.sai@chuliege.be - Mozilla Thunderbird,Helpdesk général,2021-05-19,08:57:04,00:00:02
stefano.crapanzano@chu.ulg.ac.be,Courrier entrant - erp.sai@chuliege.be - Mozilla Thunderbird,Helpdesk général,2021-05-19,08:57:09,00:00:03
stefano.crapanzano@chu.ulg.ac.be,Courrier entrant - erp.sai@chuliege.be - Mozilla Thunderbird,Helpdesk général,2021-05-19,08:57:15,00:00:34
stefano.crapanzano@chu.ulg.ac.be,Courrier entrant - erp.sai@chuliege.be - Mozilla Thunderbird,Helpdesk général,2021-05-19,09:59:57,00:01:07
stefano.crapanzano@chu.ulg.ac.be,Courrier entrant - erp.sai@chuliege.be - Mozilla Thunderbird,Helpdesk général,2021-05-19,10:14:20,00:00:09
stefano.crapanzano@chu.ulg.ac.be,Courrier entrant - erp.sai@chuliege.be - Mozilla Thunderbird,Helpdesk général,2021-05-19,10:25:31,00:00:08
stefano.crapanzano@chu.ulg.ac.be,Courrier entrant - erp.sai@chuliege.be - Mozilla Thunderbird,Helpdesk général,2021-05-19,10:28:44,00:00:10
stefano.crapanzano@chu.ulg.ac.be,Courrier entrant - erp.sai@chuliege.be - Mozilla Thunderbird,Helpdesk général,2021-05-19,10:30:05,00:00:02
stefano.crapanzano@chu.ulg.ac.be,Courrier entrant - erp.sai@chuliege.be - Mozilla Thunderbird,Helpdesk général,2021-05-19,10:30:16,00:00:02
stefano.crapanzano@chu.ulg.ac.be,Courrier entrant - erp.sai@chuliege.be - Mozilla Thunderbird,Helpdesk général,2021-05-19,10:31:16,00:00:08
stefano.crapanzano@chu.ulg.ac.be,Courrier entrant - erp.sai@chuliege.be - Mozilla Thunderbird,Helpdesk général,2021-05-19,10:34:44,00:00:07
stefano.crapanzano@chu.ulg.ac.be,Courrier entrant - erp.sai@chuliege.be - Mozilla Thunderbird,Helpdesk général,2021-05-19,10:36:59,00:00:02
stefano.crapanzano@chu.ulg.ac.be,Courrier entrant - erp.sai@chuliege.be - Mozilla Thunderbird,Helpdesk général,2021-05-19,10:37:52,00:00:03
stefano.crapanzano@chu.ulg.ac.be,Courrier entrant - erp.sai@chuliege.be - Mozilla Thunderbird,Helpdesk général,2021-05-19,10:42:18,00:05:43
stefano.crapanzano@chu.ulg.ac.be,Courrier entrant - erp.sai@chuliege.be - Mozilla Thunderbird,Helpdesk général,2021-05-19,10:58:11,00:00:14
stefano.crapanzano@chu.ulg.ac.be,Courrier entrant - erp.sai@chuliege.be - Mozilla Thunderbird,Helpdesk général,2021-05-19,11:09:21,00:02:04
stefano.crapanzano@chu.ulg.ac.be,Courrier entrant - erp.sai@chuliege.be - Mozilla Thunderbird,Helpdesk général,2021-05-19,11:18:17,00:00:07
stefano.crapanzano@chu.ulg.ac.be,Courrier entrant - erp.sai@chuliege.be - Mozilla Thunderbird,Helpdesk général,2021-05-19,11:18:26,00:00:02
stefano.crapanzano@chu.ulg.ac.be,Courrier entrant - erp.sai@chuliege.be - Mozilla Thunderbird,Helpdesk général,2021-05-19,11:25:06,00:00:02
stefano.crapanzano@chu.ulg.ac.be,Courrier entrant - erp.sai@chuliege.be - Mozilla Thunderbird,Helpdesk général,2021-05-19,11:25:10,00:00:09
stefano.crapanzano@chu.ulg.ac.be,Courrier entrant - erp.sai@chuliege.be - Mozilla Thunderbird,Helpdesk général,2021-05-19,11:25:51,00:00:07
stefano.crapanzano@chu.ulg.ac.be,Courrier entrant - erp.sai@chuliege.be - Mozilla Thunderbird,Helpdesk général,2021-05-19,11:36:55,00:00:02
stefano.crapanzano@chu.ulg.ac.be,Courrier entrant - erp.sai@chuliege.be - Mozilla Thunderbird,Helpdesk général,2021-05-19,11:38:05,00:00:02
stefano.crapanzano@chu.ulg.ac.be,Courrier entrant - erp.sai@chuliege.be - Mozilla Thunderbird,Helpdesk général,2021-05-19,11:44:17,00:00:15
stefano.crapanzano@chu.ulg.ac.be,Courrier entrant - erp.sai@chuliege.be - Mozilla Thunderbird,Helpdesk général,2021-05-19,11:46:11,00:00:03
stefano.crapanzano@chu.ulg.ac.be,Courrier entrant - erp.sai@chuliege.be - Mozilla Thunderbird,Helpdesk général,2021-05-19,11:46:40,00:00:02
stefano.crapanzano@chu.ulg.ac.be,Courrier entrant - erp.sai@chuliege.be - Mozilla Thunderbird,Helpdesk général,2021-05-19,12:02:30,00:00:50
stefano.crapanzano@chu.ulg.ac.be,Courrier entrant - erp.sai@chuliege.be - Mozilla Thunderbird,Helpdesk général,2021-05-19,12:06:17,00:00:07
stefano.crapanzano@chu.ulg.ac.be,Courrier entrant - erp.sai@chuliege.be - Mozilla Thunderbird,Helpdesk général,2021-05-19,12:11:55,00:00:27
stefano.crapanzano@chu.ulg.ac.be,Courrier entrant - erp.sai@chuliege.be - Mozilla Thunderbird,Helpdesk général,2021-05-19,12:12:25,00:00:05
stefano.crapanzano@chu.ulg.ac.be,Courrier entrant - erp.sai@chuliege.be - Mozilla Thunderbird,Helpdesk général,2021-05-19,12:28:38,00:00:02
stefano.crapanzano@chu.ulg.ac.be,Courrier entrant - erp.sai@chuliege.be - Mozilla Thunderbird,Helpdesk général,2021-05-19,12:31:13,00:00:02
stefano.crapanzano@chu.ulg.ac.be,Courrier entrant - erp.sai@chuliege.be - Mozilla Thunderbird,Helpdesk général,2021-05-19,12:31:25,00:00:03
stefano.crapanzano@chu.ulg.ac.be,Courrier entrant - erp.sai@chuliege.be - Mozilla Thunderbird,Helpdesk général,2021-05-19,12:34:16,00:00:04
stefano.crapanzano@chu.ulg.ac.be,Courrier entrant - erp.sai@chuliege.be - Mozilla Thunderbird,Helpdesk général,2021-05-19,12:34:45,00:00:02
stefano.crapanzano@chu.ulg.ac.be,Courrier entrant - erp.sai@chuliege.be - Mozilla Thunderbird,Helpdesk général,2021-05-19,13:26:50,00:00:03
stefano.crapanzano@chu.ulg.ac.be,Courrier entrant - erp.sai@chuliege.be - Mozilla Thunderbird,Helpdesk général,2021-05-19,14:33:30,00:00:04
stefano.crapanzano@chu.ulg.ac.be,Courrier entrant - erp.sai@chuliege.be - Mozilla Thunderbird,Helpdesk général,2021-05-19,15:11:40,00:00:14
stefano.crapanzano@chu.ulg.ac.be,Courrier entrant - erp.sai@chuliege.be - Mozilla Thunderbird,Helpdesk général,2021-05-19,15:11:55,00:00:27
stefano.crapanzano@chu.ulg.ac.be,Courrier entrant - erp.sai@chuliege.be - Mozilla Thunderbird,Helpdesk général,2021-05-19,15:12:25,00:00:06
stefano.crapanzano@chu.ulg.ac.be,Courrier entrant - erp.sai@chuliege.be - Mozilla Thunderbird,Helpdesk général,2021-05-19,15:17:22,00:00:58
stefano.crapanzano@chu.ulg.ac.be,Courrier entrant - erp.sai@chuliege.be - Mozilla Thunderbird,Helpdesk général,2021-05-19,16:31:31,00:00:12
stefano.crapanzano@chu.ulg.ac.be,Courrier entrant - erp.sai@chuliege.be - Mozilla Thunderbird,Helpdesk général,2021-05-19,16:32:58,00:00:02
stefano.crapanzano@chu.ulg.ac.be,Courrier entrant - erp.sai@chuliege.be - Mozilla Thunderbird,Helpdesk général,2021-05-19,16:33:02,00:01:14
stefano.crapanzano@chu.ulg.ac.be,Courrier entrant - erp.sai@chuliege.be - Mozilla Thunderbird,Helpdesk général,2021-05-19,16:50:05,00:00:02
stefano.crapanzano@chu.ulg.ac.be,Navigation système de fichier,IT,2021-05-19,08:52:25,00:00:02
stefano.crapanzano@chu.ulg.ac.be,Navigation système de fichier,IT,2021-05-19,08:58:54,00:00:04
stefano.crapanzano@chu.ulg.ac.be,Navigation système de fichier,IT,2021-05-19,08:59:00,00:00:02
stefano.crapanzano@chu.ulg.ac.be,Navigation système de fichier,IT,2021-05-19,09:01:04,00:00:06
stefano.crapanzano@chu.ulg.ac.be,Navigation système de fichier,IT,2021-05-19,10:11:14,00:00:14
stefano.crapanzano@chu.ulg.ac.be,Navigation système de fichier,IT,2021-05-19,10:11:39,00:00:02
stefano.crapanzano@chu.ulg.ac.be,Navigation système de fichier,IT,2021-05-19,10:12:00,00:00:27
stefano.crapanzano@chu.ulg.ac.be,Navigation système de fichier,IT,2021-05-19,10:13:17,00:00:04
stefano.crapanzano@chu.ulg.ac.be,Navigation système de fichier,IT,2021-05-19,10:13:29,00:00:02
stefano.crapanzano@chu.ulg.ac.be,Navigation système de fichier,IT,2021-05-19,10:21:52,00:00:22
stefano.crapanzano@chu.ulg.ac.be,Navigation système de fichier,IT,2021-05-19,10:22:32,00:00:13
stefano.crapanzano@chu.ulg.ac.be,Navigation système de fichier,IT,2021-05-19,10:22:46,00:00:10
stefano.crapanzano@chu.ulg.ac.be,Navigation système de fichier,IT,2021-05-19,10:22:58,00:00:10
stefano.crapanzano@chu.ulg.ac.be,Navigation système de fichier,IT,2021-05-19,10:23:21,00:00:03
stefano.crapanzano@chu.ulg.ac.be,Navigation système de fichier,IT,2021-05-19,10:23:59,00:00:02
stefano.crapanzano@chu.ulg.ac.be,Navigation système de fichier,IT,2021-05-19,10:24:09,00:00:04
stefano.crapanzano@chu.ulg.ac.be,Navigation système de fichier,IT,2021-05-19,10:24:15,00:00:13
stefano.crapanzano@chu.ulg.ac.be,Navigation système de fichier,IT,2021-05-19,10:24:44,00:00:06
stefano.crapanzano@chu.ulg.ac.be,Navigation système de fichier,IT,2021-05-19,10:25:05,00:00:03
stefano.crapanzano@chu.ulg.ac.be,Navigation système de fichier,IT,2021-05-19,10:25:16,00:00:02
stefano.crapanzano@chu.ulg.ac.be,Navigation système de fichier,IT,2021-05-19,10:25:40,00:00:07
stefano.crapanzano@chu.ulg.ac.be,Navigation système de fichier,IT,2021-05-19,10:26:15,00:00:02
stefano.crapanzano@chu.ulg.ac.be,Navigation système de fichier,IT,2021-05-19,10:27:50,00:00:06
stefano.crapanzano@chu.ulg.ac.be,Navigation système de fichier,IT,2021-05-19,10:27:59,00:00:03
stefano.crapanzano@chu.ulg.ac.be,Navigation système de fichier,IT,2021-05-19,10:30:11,00:00:03
stefano.crapanzano@chu.ulg.ac.be,Navigation système de fichier,IT,2021-05-19,10:31:25,00:00:03
stefano.crapanzano@chu.ulg.ac.be,Navigation système de fichier,IT,2021-05-19,10:31:51,00:00:08
stefano.crapanzano@chu.ulg.ac.be,Navigation système de fichier,IT,2021-05-19,10:32:50,00:00:13
stefano.crapanzano@chu.ulg.ac.be,Navigation système de fichier,IT,2021-05-19,10:33:05,00:00:37
stefano.crapanzano@chu.ulg.ac.be,Navigation système de fichier,IT,2021-05-19,10:33:46,00:00:05
stefano.crapanzano@chu.ulg.ac.be,Navigation système de fichier,IT,2021-05-19,10:35:27,00:00:02
stefano.crapanzano@chu.ulg.ac.be,Navigation système de fichier,IT,2021-05-19,10:35:47,00:00:04
stefano.crapanzano@chu.ulg.ac.be,Navigation système de fichier,IT,2021-05-19,10:35:55,00:00:03
stefano.crapanzano@chu.ulg.ac.be,Navigation système de fichier,IT,2021-05-19,10:37:31,00:00:21
stefano.crapanzano@chu.ulg.ac.be,Navigation système de fichier,IT,2021-05-19,11:12:52,00:00:02
stefano.crapanzano@chu.ulg.ac.be,Navigation système de fichier,IT,2021-05-19,11:18:35,00:00:02
stefano.crapanzano@chu.ulg.ac.be,Navigation système de fichier,IT,2021-05-19,11:25:45,00:00:05
stefano.crapanzano@chu.ulg.ac.be,Navigation système de fichier,IT,2021-05-19,11:31:11,00:00:02
stefano.crapanzano@chu.ulg.ac.be,Navigation système de fichier,IT,2021-05-19,11:46:09,00:00:02
stefano.crapanzano@chu.ulg.ac.be,Navigation système de fichier,IT,2021-05-19,12:29:43,00:00:03
stefano.crapanzano@chu.ulg.ac.be,Navigation système de fichier,IT,2021-05-19,12:31:17,00:00:02
stefano.crapanzano@chu.ulg.ac.be,Navigation système de fichier,IT,2021-05-19,12:31:22,00:00:03
stefano.crapanzano@chu.ulg.ac.be,Navigation système de fichier,IT,2021-05-19,12:31:47,00:00:41
stefano.crapanzano@chu.ulg.ac.be,Navigation système de fichier,IT,2021-05-19,12:32:30,00:00:02
stefano.crapanzano@chu.ulg.ac.be,Navigation système de fichier,IT,2021-05-19,12:32:55,00:00:04
stefano.crapanzano@chu.ulg.ac.be,Navigation système de fichier,IT,2021-05-19,12:33:04,00:00:04
stefano.crapanzano@chu.ulg.ac.be,Navigation système de fichier,IT,2021-05-19,12:34:47,00:00:07
stefano.crapanzano@chu.ulg.ac.be,Navigation système de fichier,IT,2021-05-19,12:34:56,00:00:03
stefano.crapanzano@chu.ulg.ac.be,Navigation système de fichier,IT,2021-05-19,12:35:05,00:00:02
stefano.crapanzano@chu.ulg.ac.be,Navigation système de fichier,IT,2021-05-19,13:53:42,00:00:04
stefano.crapanzano@chu.ulg.ac.be,Navigation système de fichier,IT,2021-05-19,14:34:42,00:00:02
stefano.crapanzano@chu.ulg.ac.be,Navigation système de fichier,IT,2021-05-19,15:18:27,00:00:02
stefano.crapanzano@chu.ulg.ac.be,Navigation système de fichier,IT,2021-05-19,16:30:08,00:00:02
stefano.crapanzano@chu.ulg.ac.be,Navigation système de fichier,IT,2021-05-19,16:30:31,00:00:02
stefano.crapanzano@chu.ulg.ac.be,Navigation système de fichier,IT,2021-05-19,16:32:17,00:00:03
stefano.crapanzano@chu.ulg.ac.be,Navigation système de fichier,IT,2021-05-19,16:32:24,00:00:02
stefano.crapanzano@chu.ulg.ac.be,Navigation système de fichier,IT,2021-05-19,16:34:22,00:00:07
stefano.crapanzano@chu.ulg.ac.be,Bureau - Google Sheets - Google Chrome,Tâches diverses,2021-05-19,10:30:28,00:00:37
stefano.crapanzano@chu.ulg.ac.be,Bureau - Google Sheets - Google Chrome,Tâches diverses,2021-05-19,16:34:16,00:00:02
stefano.crapanzano@chu.ulg.ac.be,Incident ERP for HealthCare - Bienvenue! Vous pouvez poser une demande de Service Desk ERP for HealthCare parmi les options fournies. - Service d'assistance - Google Chrome,Tâches diverses,2021-05-19,08:50:34,00:00:04
stefano.crapanzano@chu.ulg.ac.be,Incident ERP for HealthCare - Bienvenue! Vous pouvez poser une demande de Service Desk ERP for HealthCare parmi les options fournies. - Service d'assistance - Google Chrome,Tâches diverses,2021-05-19,08:50:47,00:00:06
stefano.crapanzano@chu.ulg.ac.be,Demandes - Service d'assistance - Google Chrome,Tâches diverses,2021-05-19,08:50:38,00:00:08
stefano.crapanzano@chu.ulg.ac.be,Demandes - Service d'assistance - Google Chrome,Tâches diverses,2021-05-19,08:50:53,00:00:04
stefano.crapanzano@chu.ulg.ac.be,Demandes - Service d'assistance - Google Chrome,Tâches diverses,2021-05-19,08:51:08,00:00:03
stefano.crapanzano@chu.ulg.ac.be,Demandes - Service d'assistance - Google Chrome,Tâches diverses,2021-05-19,08:51:35,00:00:02
stefano.crapanzano@chu.ulg.ac.be,P203 CHU Historique des paniers dans SSP - Bienvenue! Vous pouvez poser une demande de Service Desk ERP for HealthCare parmi les options fournies. - Service d'assistance - Google Chrome,Tâches diverses,2021-05-19,08:51:37,00:00:02
stefano.crapanzano@chu.ulg.ac.be,P203 CHU Historique des paniers dans SSP - Bienvenue! Vous pouvez poser une demande de Service Desk ERP for HealthCare parmi les options fournies. - Service d'assistance - Google Chrome,Tâches diverses,2021-05-19,08:52:27,00:00:03
stefano.crapanzano@chu.ulg.ac.be,P203 CHU Historique des paniers dans SSP - Bienvenue! Vous pouvez poser une demande de Service Desk ERP for HealthCare parmi les options fournies. - Service d'assistance - Google Chrome,Tâches diverses,2021-05-19,08:58:48,00:00:02
stefano.crapanzano@chu.ulg.ac.be,Lecture documentation,Tâches diverses,2021-05-19,08:52:31,00:03:40
stefano.crapanzano@chu.ulg.ac.be,Lecture documentation,Tâches diverses,2021-05-19,08:56:16,00:00:48
stefano.crapanzano@chu.ulg.ac.be,Lecture documentation,Tâches diverses,2021-05-19,09:01:10,00:58:25
stefano.crapanzano@chu.ulg.ac.be,Lecture documentation,Tâches diverses,2021-05-19,10:01:42,00:09:07
stefano.crapanzano@chu.ulg.ac.be,Lecture documentation,Tâches diverses,2021-05-19,10:38:09,00:04:05
stefano.crapanzano@chu.ulg.ac.be,Lecture documentation,Tâches diverses,2021-05-19,10:48:04,00:10:07
stefano.crapanzano@chu.ulg.ac.be,Lecture documentation,Tâches diverses,2021-05-19,11:12:54,00:05:20
stefano.crapanzano@chu.ulg.ac.be,Lecture documentation,Tâches diverses,2021-05-19,11:18:37,00:06:26
stefano.crapanzano@chu.ulg.ac.be,Lecture documentation,Tâches diverses,2021-05-19,11:25:58,00:01:59
stefano.crapanzano@chu.ulg.ac.be,Lecture documentation,Tâches diverses,2021-05-19,11:38:14,00:06:03
stefano.crapanzano@chu.ulg.ac.be,Lecture documentation,Tâches diverses,2021-05-19,11:44:33,00:00:41
stefano.crapanzano@chu.ulg.ac.be,Lecture documentation,Tâches diverses,2021-05-19,11:45:18,00:00:02
stefano.crapanzano@chu.ulg.ac.be,Lecture documentation,Tâches diverses,2021-05-19,11:45:58,00:00:11
stefano.crapanzano@chu.ulg.ac.be,Lecture documentation,Tâches diverses,2021-05-19,11:47:33,00:00:02
stefano.crapanzano@chu.ulg.ac.be,Lecture documentation,Tâches diverses,2021-05-19,11:50:17,00:00:24
stefano.crapanzano@chu.ulg.ac.be,Lecture documentation,Tâches diverses,2021-05-19,12:12:31,00:15:51
stefano.crapanzano@chu.ulg.ac.be,Lecture documentation,Tâches diverses,2021-05-19,12:29:46,00:01:07
stefano.crapanzano@chu.ulg.ac.be,Lecture documentation,Tâches diverses,2021-05-19,12:31:19,00:00:02
stefano.crapanzano@chu.ulg.ac.be,Lecture documentation,Tâches diverses,2021-05-19,12:35:07,00:51:42
stefano.crapanzano@chu.ulg.ac.be,Lecture documentation,Tâches diverses,2021-05-19,13:26:56,00:00:38
stefano.crapanzano@chu.ulg.ac.be,Lecture documentation,Tâches diverses,2021-05-19,13:27:35,00:26:06
stefano.crapanzano@chu.ulg.ac.be,Lecture documentation,Tâches diverses,2021-05-19,13:54:05,00:12:38
stefano.crapanzano@chu.ulg.ac.be,Lecture documentation,Tâches diverses,2021-05-19,14:07:13,00:21:29
stefano.crapanzano@chu.ulg.ac.be,Lecture documentation,Tâches diverses,2021-05-19,14:29:17,00:00:55
stefano.crapanzano@chu.ulg.ac.be,Lecture documentation,Tâches diverses,2021-05-19,14:30:19,00:03:10
stefano.crapanzano@chu.ulg.ac.be,Lecture documentation,Tâches diverses,2021-05-19,14:33:40,00:01:02
stefano.crapanzano@chu.ulg.ac.be,Lecture documentation,Tâches diverses,2021-05-19,14:34:49,00:36:50
stefano.crapanzano@chu.ulg.ac.be,Lecture documentation,Tâches diverses,2021-05-19,15:12:34,00:04:48
stefano.crapanzano@chu.ulg.ac.be,Lecture documentation,Tâches diverses,2021-05-19,15:18:29,00:35:38
stefano.crapanzano@chu.ulg.ac.be,Lecture documentation,Tâches diverses,2021-05-19,15:54:13,00:35:48
stefano.crapanzano@chu.ulg.ac.be,Lecture documentation,Tâches diverses,2021-05-19,16:34:32,00:15:29
stefano.crapanzano@chu.ulg.ac.be,Lecture documentation,Tâches diverses,2021-05-19,16:50:10,00:08:58
stefano.crapanzano@chu.ulg.ac.be,Courrier entrant - stefano.crapanzano@chuliege.be - Mozilla Thunderbird,Helpdesk général,2021-05-19,08:56:12,00:00:02
stefano.crapanzano@chu.ulg.ac.be,Courrier entrant - stefano.crapanzano@chuliege.be - Mozilla Thunderbird,Helpdesk général,2021-05-19,08:57:06,00:00:02
stefano.crapanzano@chu.ulg.ac.be,Courrier entrant - stefano.crapanzano@chuliege.be - Mozilla Thunderbird,Helpdesk général,2021-05-19,09:59:37,00:00:19
stefano.crapanzano@chu.ulg.ac.be,Courrier entrant - stefano.crapanzano@chuliege.be - Mozilla Thunderbird,Helpdesk général,2021-05-19,10:10:52,00:00:21
stefano.crapanzano@chu.ulg.ac.be,Courrier entrant - stefano.crapanzano@chuliege.be - Mozilla Thunderbird,Helpdesk général,2021-05-19,10:12:35,00:00:03
stefano.crapanzano@chu.ulg.ac.be,Courrier entrant - stefano.crapanzano@chuliege.be - Mozilla Thunderbird,Helpdesk général,2021-05-19,10:14:02,00:00:03
stefano.crapanzano@chu.ulg.ac.be,Courrier entrant - stefano.crapanzano@chuliege.be - Mozilla Thunderbird,Helpdesk général,2021-05-19,10:14:30,00:00:20
stefano.crapanzano@chu.ulg.ac.be,Courrier entrant - stefano.crapanzano@chuliege.be - Mozilla Thunderbird,Tâches diverses,2021-05-19,10:15:02,00:00:02
stefano.crapanzano@chu.ulg.ac.be,Courrier entrant - stefano.crapanzano@chuliege.be - Mozilla Thunderbird,Helpdesk général,2021-05-19,10:15:23,00:00:03
stefano.crapanzano@chu.ulg.ac.be,Courrier entrant - stefano.crapanzano@chuliege.be - Mozilla Thunderbird,Helpdesk général,2021-05-19,10:15:50,00:00:04
stefano.crapanzano@chu.ulg.ac.be,Courrier entrant - stefano.crapanzano@chuliege.be - Mozilla Thunderbird,Helpdesk général,2021-05-19,10:19:14,00:00:06
stefano.crapanzano@chu.ulg.ac.be,Courrier entrant - stefano.crapanzano@chuliege.be - Mozilla Thunderbird,Helpdesk général,2021-05-19,10:21:22,00:00:03
stefano.crapanzano@chu.ulg.ac.be,Courrier entrant - stefano.crapanzano@chuliege.be - Mozilla Thunderbird,Helpdesk général,2021-05-19,10:21:33,00:00:03
stefano.crapanzano@chu.ulg.ac.be,Courrier entrant - stefano.crapanzano@chuliege.be - Mozilla Thunderbird,Helpdesk général,2021-05-19,10:28:55,00:00:06
stefano.crapanzano@chu.ulg.ac.be,Courrier entrant - stefano.crapanzano@chuliege.be - Mozilla Thunderbird,Helpdesk général,2021-05-19,10:29:54,00:00:07
stefano.crapanzano@chu.ulg.ac.be,Courrier entrant - stefano.crapanzano@chuliege.be - Mozilla Thunderbird,Helpdesk général,2021-05-19,10:30:19,00:00:03
stefano.crapanzano@chu.ulg.ac.be,Courrier entrant - stefano.crapanzano@chuliege.be - Mozilla Thunderbird,Helpdesk général,2021-05-19,10:34:51,00:00:03
stefano.crapanzano@chu.ulg.ac.be,Courrier entrant - stefano.crapanzano@chuliege.be - Mozilla Thunderbird,Helpdesk général,2021-05-19,10:37:02,00:00:02
stefano.crapanzano@chu.ulg.ac.be,Courrier entrant - stefano.crapanzano@chuliege.be - Mozilla Thunderbird,Helpdesk général,2021-05-19,11:28:00,00:00:02
stefano.crapanzano@chu.ulg.ac.be,Courrier entrant - stefano.crapanzano@chuliege.be - Mozilla Thunderbird,Helpdesk général,2021-05-19,11:37:05,00:00:48
stefano.crapanzano@chu.ulg.ac.be,Courrier entrant - stefano.crapanzano@chuliege.be - Mozilla Thunderbird,Helpdesk général,2021-05-19,11:37:54,00:00:03
stefano.crapanzano@chu.ulg.ac.be,Courrier entrant - stefano.crapanzano@chuliege.be - Mozilla Thunderbird,Helpdesk général,2021-05-19,12:12:23,00:00:02
stefano.crapanzano@chu.ulg.ac.be,Courrier entrant - stefano.crapanzano@chuliege.be - Mozilla Thunderbird,Helpdesk général,2021-05-19,14:06:43,00:00:29
stefano.crapanzano@chu.ulg.ac.be,Courrier entrant - stefano.crapanzano@chuliege.be - Mozilla Thunderbird,Helpdesk général,2021-05-19,14:30:14,00:00:02
stefano.crapanzano@chu.ulg.ac.be,Courrier entrant - stefano.crapanzano@chuliege.be - Mozilla Thunderbird,Helpdesk général,2021-05-19,15:12:23,00:00:02
stefano.crapanzano@chu.ulg.ac.be,Courrier entrant - stefano.crapanzano@chuliege.be - Mozilla Thunderbird,Helpdesk général,2021-05-19,16:30:35,00:00:56
stefano.crapanzano@chu.ulg.ac.be,Commande interv. 40 4000205545 créée par Kevin LODEWYK,Exploration SAP,2021-05-19,08:57:51,00:00:04
stefano.crapanzano@chu.ulg.ac.be,Commande interv. 40 4000205545 créée par Kevin LODEWYK,Exploration SAP,2021-05-19,08:58:24,00:00:24
stefano.crapanzano@chu.ulg.ac.be,Commande interv. 40 4000205545 créée par Kevin LODEWYK,Exploration SAP,2021-05-19,11:29:32,00:00:34
stefano.crapanzano@chu.ulg.ac.be,Commande interv. 40 4000205545 créée par Kevin LODEWYK,IT,2021-05-19,11:31:04,00:00:03
stefano.crapanzano@chu.ulg.ac.be,Modifications Commande achat 4000205545 Poste 10,Exploration SAP,2021-05-19,08:57:56,00:00:28
stefano.crapanzano@chu.ulg.ac.be,Modifications Commande achat 4000205545 Poste 10,Exploration SAP,2021-05-19,11:31:08,00:00:03
stefano.crapanzano@chu.ulg.ac.be,Modifications Commande achat 4000205545 Poste 10,Exploration SAP,2021-05-19,11:31:41,00:00:12
stefano.crapanzano@chu.ulg.ac.be,Modifications Commande achat 4000205545 Poste 10,Exploration SAP,2021-05-19,11:45:16,00:00:02
stefano.crapanzano@chu.ulg.ac.be,Sélectionnez l’objet utilisateur à changer | Site d’administration de Django - Google Chrome,Tâches diverses,2021-05-19,09:00:16,00:00:02
stefano.crapanzano@chu.ulg.ac.be,Sélectionnez l’objet utilisateur à changer | Site d’administration de Django - Google Chrome,Tâches diverses,2021-05-19,09:00:58,00:00:04
stefano.crapanzano@chu.ulg.ac.be,Sélectionnez l’objet utilisateur à changer | Site d’administration de Django - Google Chrome,Tâches diverses,2021-05-19,10:30:26,00:00:02
stefano.crapanzano@chu.ulg.ac.be,Sélectionnez l’objet task result à changer | Site d’administration de Django - Google Chrome,Tâches diverses,2021-05-19,10:31:08,00:00:02
stefano.crapanzano@chu.ulg.ac.be,GOAL - LABO - Google Chrome,Tâches diverses,2021-05-19,09:00:11,00:00:04
stefano.crapanzano@chu.ulg.ac.be,GOAL - LABO - Google Chrome,Tâches diverses,2021-05-19,10:31:10,00:00:06
stefano.crapanzano@chu.ulg.ac.be,GOAL - LABO - Google Chrome,Tâches diverses,2021-05-19,10:38:07,00:00:02
stefano.crapanzano@chu.ulg.ac.be,GOAL - LABO - Google Chrome,Tâches diverses,2021-05-19,10:48:02,00:00:02
stefano.crapanzano@chu.ulg.ac.be,GOAL - LABO - Google Chrome,Tâches diverses,2021-05-19,16:32:03,00:00:14
stefano.crapanzano@chu.ulg.ac.be,GOAL - LABO - Google Chrome,Tâches diverses,2021-05-19,16:32:26,00:00:27
stefano.crapanzano@chu.ulg.ac.be,GOAL - LABO - Google Chrome,Tâches diverses,2021-05-19,16:34:19,00:00:03
stefano.crapanzano@chu.ulg.ac.be,GOAL - LABO - Google Chrome,Tâches diverses,2021-05-19,16:50:02,00:00:02
stefano.crapanzano@chu.ulg.ac.be,Identification - Google Chrome,Tâches diverses,2021-05-19,09:00:18,00:00:06
stefano.crapanzano@chu.ulg.ac.be,Identification - Google Chrome,Tâches diverses,2021-05-19,09:00:36,00:00:04
stefano.crapanzano@chu.ulg.ac.be,POST data - Google Chrome,Tâches diverses,2021-05-19,09:00:24,00:00:08
stefano.crapanzano@chu.ulg.ac.be,Modification de utilisateur | Site d’administration de Django - Google Chrome,Tâches diverses,2021-05-19,09:00:33,00:00:03
stefano.crapanzano@chu.ulg.ac.be,Modification de utilisateur | Site d’administration de Django - Google Chrome,Tâches diverses,2021-05-19,09:00:41,00:00:02
stefano.crapanzano@chu.ulg.ac.be,Modification de utilisateur | Site d’administration de Django - Google Chrome,Tâches diverses,2021-05-19,09:00:46,00:00:04
stefano.crapanzano@chu.ulg.ac.be,Modification de utilisateur | Site d’administration de Django - Google Chrome,Tâches diverses,2021-05-19,09:00:52,00:00:02
stefano.crapanzano@chu.ulg.ac.be,Modification de utilisateur | Site d’administration de Django - Google Chrome,Tâches diverses,2021-05-19,09:00:56,00:00:02
stefano.crapanzano@chu.ulg.ac.be,Rédaction : (pas de sujet) - Thunderbird,Helpdesk général,2021-05-19,10:01:04,00:00:37
stefano.crapanzano@chu.ulg.ac.be,Rédaction : (pas de sujet) - Thunderbird,Helpdesk général,2021-05-19,10:37:59,00:00:03
stefano.crapanzano@chu.ulg.ac.be,C:\Users\c158492\ProjetBoulot\PYTHON\LABOS\goal_project\goal\debug.log - Notepad++ [Administrator],IT,2021-05-19,10:24:03,00:00:02
stefano.crapanzano@chu.ulg.ac.be,C:\Users\c158492\ProjetBoulot\PYTHON\LABOS\goal_project\goal\debug.log - Notepad++ [Administrator],IT,2021-05-19,10:24:28,00:00:15
stefano.crapanzano@chu.ulg.ac.be,\\filesrv01.st.chulg\oazis_prod\APPL_PROD\SOURCES\BAT\ERP\CHL_ERP_GOAL_EXTRACT_ARTICLES_PE2_LABO.bat - Notepad++ [Administrator],IT,2021-05-19,10:11:29,00:00:09
stefano.crapanzano@chu.ulg.ac.be,\\filesrv01.st.chulg\oazis_prod\APPL_PROD\SOURCES\BAT\ERP\CHL_ERP_GOAL_EXTRACT_ARTICLES_PE2_LABO.bat - Notepad++ [Administrator],IT,2021-05-19,10:22:18,00:00:04
stefano.crapanzano@chu.ulg.ac.be,Administrateur : Perl (command line),IT,2021-05-19,10:11:41,00:00:03
stefano.crapanzano@chu.ulg.ac.be,Administrateur : Perl (command line),IT,2021-05-19,10:23:48,00:00:03
stefano.crapanzano@chu.ulg.ac.be,Administrateur : Perl (command line),IT,2021-05-19,10:24:07,00:00:02
stefano.crapanzano@chu.ulg.ac.be,Administrateur : Perl (command line),IT,2021-05-19,10:25:19,00:00:02
stefano.crapanzano@chu.ulg.ac.be,Administrateur : Perl (command line),IT,2021-05-19,10:26:20,00:00:08
stefano.crapanzano@chu.ulg.ac.be,Administrateur : Perl (command line),IT,2021-05-19,10:27:18,00:00:02
stefano.crapanzano@chu.ulg.ac.be,Administrateur : Perl (command line),IT,2021-05-19,10:28:40,00:00:03
stefano.crapanzano@chu.ulg.ac.be,Administrateur : Perl (command line),IT,2021-05-19,10:31:28,00:00:04
stefano.crapanzano@chu.ulg.ac.be,Administrateur : Perl (command line),IT,2021-05-19,10:31:42,00:00:04
stefano.crapanzano@chu.ulg.ac.be,Administrateur : Perl (command line),IT,2021-05-19,10:32:31,00:00:03
stefano.crapanzano@chu.ulg.ac.be,Administrateur : Perl (command line),IT,2021-05-19,10:32:37,00:00:03
stefano.crapanzano@chu.ulg.ac.be,Administrateur : Perl (command line) - \\filesrv01.st.chulg\oazis_prod\APPL_PROD\SOURCES\BAT\ERP\CHL_ERP_GOAL_EXTRACT_ARTICLES_PE2_LABO.bat,IT,2021-05-19,10:11:45,00:00:15
stefano.crapanzano@chu.ulg.ac.be,C:\temp\pe2_goal_extract_articles_2021_04_19_10_11_45.csv - Notepad++ [Administrator],IT,2021-05-19,10:12:28,00:00:06
stefano.crapanzano@chu.ulg.ac.be,C:\temp\pe2_goal_extract_articles_2021_04_19_10_11_45.csv - Notepad++ [Administrator],IT,2021-05-19,10:12:53,00:00:20
stefano.crapanzano@chu.ulg.ac.be,goal - Mozilla Thunderbird,Helpdesk général,2021-05-19,10:12:39,00:00:03
stefano.crapanzano@chu.ulg.ac.be,GOAL : pas de caractère spécial dans le champs MFRPN - Mozilla Thunderbird,Helpdesk général,2021-05-19,10:12:42,00:00:05
stefano.crapanzano@chu.ulg.ac.be,GOAL : pas de caractère spécial dans le champs MFRPN - Mozilla Thunderbird,IT,2021-05-19,10:13:15,00:00:02
stefano.crapanzano@chu.ulg.ac.be,Rechercher,IT,2021-05-19,10:12:50,00:00:03
stefano.crapanzano@chu.ulg.ac.be,Rechercher,IT,2021-05-19,10:15:57,00:00:04
stefano.crapanzano@chu.ulg.ac.be,Rechercher,IT,2021-05-19,10:22:25,00:00:06
stefano.crapanzano@chu.ulg.ac.be,nouvel export sap goal - Mozilla Thunderbird,Helpdesk général,2021-05-19,10:13:23,00:00:02
stefano.crapanzano@chu.ulg.ac.be,Rédaction : Re: nouvel export sap goal - Thunderbird,Helpdesk général,2021-05-19,10:13:25,00:00:03
stefano.crapanzano@chu.ulg.ac.be,Rédaction : Re: nouvel export sap goal - Thunderbird,Helpdesk général,2021-05-19,10:13:36,00:00:21
stefano.crapanzano@chu.ulg.ac.be,Joindre les fichiers,Helpdesk général,2021-05-19,10:13:31,00:00:04
stefano.crapanzano@chu.ulg.ac.be,Envoi du message - Re: nouvel export sap goal,Helpdesk général,2021-05-19,10:13:59,00:00:02
stefano.crapanzano@chu.ulg.ac.be,Envoyés - stefano.crapanzano@chuliege.be - Mozilla Thunderbird,Helpdesk général,2021-05-19,10:14:06,00:00:14
stefano.crapanzano@chu.ulg.ac.be,Envoyés - stefano.crapanzano@chuliege.be - Mozilla Thunderbird,Helpdesk général,2021-05-19,11:37:58,00:00:07
stefano.crapanzano@chu.ulg.ac.be,Ouverture -Excel,Tâches diverses,2021-05-19,10:14:53,00:00:03
stefano.crapanzano@chu.ulg.ac.be,Ouverture -Excel,Tâches diverses,2021-05-19,10:15:06,00:00:02
stefano.crapanzano@chu.ulg.ac.be,Ouverture -Excel,Tâches diverses,2021-05-19,10:15:29,00:00:02
stefano.crapanzano@chu.ulg.ac.be,Résidents sortis 2021 04.xlsx  [Mode protégé] - Excel,Tâches diverses,2021-05-19,10:14:57,00:00:04
stefano.crapanzano@chu.ulg.ac.be,Résidents présents 2021 04.xlsx  [Mode protégé] - Excel,Tâches diverses,2021-05-19,10:15:09,00:00:02
stefano.crapanzano@chu.ulg.ac.be,Résidents présents 2021 04.xlsx  [Mode protégé] - Excel,Tâches diverses,2021-05-19,10:15:13,00:00:08
stefano.crapanzano@chu.ulg.ac.be,Résidents présents 2021 04-1.xlsx  [Mode protégé] - Excel,Tâches diverses,2021-05-19,10:15:31,00:00:16
stefano.crapanzano@chu.ulg.ac.be,Résidents présents 2021 04-1.xlsx  [Mode protégé] - Excel,Tâches diverses,2021-05-19,10:16:07,00:00:19
stefano.crapanzano@chu.ulg.ac.be,C:\Users\c158492\AppData\Local\Temp\ExportHP 2021 04.txt - Notepad++ [Administrator],IT,2021-05-19,10:16:02,00:00:02
stefano.crapanzano@chu.ulg.ac.be,Résidents présents 2021 04-1.xlsx  [Lecture seule] - Excel,Tâches diverses,2021-05-19,10:16:26,00:00:10
stefano.crapanzano@chu.ulg.ac.be,Enregistrer sous,Tâches diverses,2021-05-19,10:16:37,00:00:18
stefano.crapanzano@chu.ulg.ac.be,Enregistrer sous,Tâches diverses,2021-05-19,10:18:45,00:00:16
stefano.crapanzano@chu.ulg.ac.be,Enregistrer sous,Tâches diverses,2021-05-19,10:21:10,00:00:03
stefano.crapanzano@chu.ulg.ac.be,Enregistrer sous,Tâches diverses,2021-05-19,10:26:08,00:00:03
stefano.crapanzano@chu.ulg.ac.be,Enregistrer sous,Tâches diverses,2021-05-19,10:27:11,00:00:03
stefano.crapanzano@chu.ulg.ac.be,Enregistrer sous,Tâches diverses,2021-05-19,10:28:26,00:00:03
stefano.crapanzano@chu.ulg.ac.be,Residents presents 2021 04.xlsx - Excel,Tâches diverses,2021-05-19,10:16:56,00:00:50
stefano.crapanzano@chu.ulg.ac.be,Residents presents 2021 04.xlsx - Excel,Tâches diverses,2021-05-19,10:18:13,00:00:32
stefano.crapanzano@chu.ulg.ac.be,Residents presents 2021 04.xlsx - Excel,Tâches diverses,2021-05-19,10:25:50,00:00:17
stefano.crapanzano@chu.ulg.ac.be,Microsoft Visual Basic pour Applications - Residents presents 2021 04.xlsx - [Module1 (Code)],Tâches diverses,2021-05-19,10:17:49,00:00:08
stefano.crapanzano@chu.ulg.ac.be,Microsoft Visual Basic pour Applications - Preparation_Residents_Presents_Csv.xlam - [Module1 (Code)],Tâches diverses,2021-05-19,10:17:57,00:00:14
stefano.crapanzano@chu.ulg.ac.be,Microsoft Visual Basic pour Applications - Preparation_Residents_Presents_Csv.xlam - [Module1 (Code)],Tâches diverses,2021-05-19,10:19:58,00:00:02
stefano.crapanzano@chu.ulg.ac.be,Microsoft Excel,Tâches diverses,2021-05-19,10:19:02,00:00:03
stefano.crapanzano@chu.ulg.ac.be,Microsoft Excel,Tâches diverses,2021-05-19,10:21:16,00:00:03
stefano.crapanzano@chu.ulg.ac.be,Residents presents 2021 04.csv - Excel,Tâches diverses,2021-05-19,10:19:06,00:00:07
stefano.crapanzano@chu.ulg.ac.be,Residents presents 2021 04.csv - Excel,Tâches diverses,2021-05-19,10:19:31,00:00:24
stefano.crapanzano@chu.ulg.ac.be,Residents presents 2021 04.csv - Excel,Tâches diverses,2021-05-19,10:20:01,00:00:30
stefano.crapanzano@chu.ulg.ac.be,Residents presents 2021 04.csv - Excel,Tâches diverses,2021-05-19,10:20:35,00:00:35
stefano.crapanzano@chu.ulg.ac.be,Residents presents 2021 04.csv - Excel,Tâches diverses,2021-05-19,10:26:29,00:00:18
stefano.crapanzano@chu.ulg.ac.be,Residents presents 2021 04.csv - Excel,Tâches diverses,2021-05-19,10:26:49,00:00:21
stefano.crapanzano@chu.ulg.ac.be,Residents presents 2021 04.csv - Excel,Tâches diverses,2021-05-19,10:27:43,00:00:07
stefano.crapanzano@chu.ulg.ac.be,Residents presents 2021 04.csv - Excel,Tâches diverses,2021-05-19,10:28:02,00:00:05
stefano.crapanzano@chu.ulg.ac.be,Residents presents 2021 04.csv - Excel,Tâches diverses,2021-05-19,10:28:10,00:00:16
stefano.crapanzano@chu.ulg.ac.be,Residents presents 2021 04.csv - Excel,Tâches diverses,2021-05-19,10:30:08,00:00:02
stefano.crapanzano@chu.ulg.ac.be,Résidents sortis 2021 04-1.xlsx  [Mode protégé] - Excel,Tâches diverses,2021-05-19,10:19:22,00:00:07
stefano.crapanzano@chu.ulg.ac.be,Résidents sortis 2021 04-1.xlsx  [Mode protégé] - Excel,Tâches diverses,2021-05-19,10:25:48,00:00:02
stefano.crapanzano@chu.ulg.ac.be,Résidents sortis 2021 04-1.xlsx  [Mode protégé] - Excel,Tâches diverses,2021-05-19,10:27:57,00:00:02
stefano.crapanzano@chu.ulg.ac.be,Microsoft Visual Basic pour Applications - Preparation_Residents_Presents_Csv.xlam [arrêt] - [Module1 (Code)],Tâches diverses,2021-05-19,10:19:56,00:00:02
stefano.crapanzano@chu.ulg.ac.be,Valeurs en double,Tâches diverses,2021-05-19,10:20:32,00:00:03
stefano.crapanzano@chu.ulg.ac.be,Enregistrer la pièce jointe,Helpdesk général,2021-05-19,10:21:26,00:00:07
stefano.crapanzano@chu.ulg.ac.be,Enregistrer la pièce jointe,Helpdesk général,2021-05-19,10:21:37,00:00:14
stefano.crapanzano@chu.ulg.ac.be,I:\Informatique\ERP\Exploitation\COMPTA\SENY\Export Seny\2021\03\ExportHP 2021 03 NCrédit Hambuckers.txt - Notepad++ [Administrator],IT,2021-05-19,10:22:14,00:00:03
stefano.crapanzano@chu.ulg.ac.be,I:\Informatique\ERP\Exploitation\COMPTA\SENY\Export Seny\2021\03\Residents presents 2021 03c.csv - Notepad++ [Administrator],IT,2021-05-19,10:22:23,00:00:02
stefano.crapanzano@chu.ulg.ac.be,\\filesrv01.st.chulg\oazis_prod\APPL_PROD\SOURCES\BAT\ERP\CHL_ERP_PSRL_COMPTA_HOME_SENY_PAT_VERS_SAP.bat - Notepad++ [Administrator],IT,2021-05-19,10:23:08,00:00:12
stefano.crapanzano@chu.ulg.ac.be,\\filesrv01.st.chulg\oazis_prod\APPL_PROD\SOURCES\BAT\ERP\CHL_ERP_PSRL_COMPTA_HOME_SENY_PAT_VERS_SAP.bat - Notepad++ [Administrator],IT,2021-05-19,10:23:36,00:00:05
stefano.crapanzano@chu.ulg.ac.be,\\filesrv01.st.chulg\oazis_prod\APPL_PROD\SOURCES\BAT\ERP\CHL_ERP_PSRL_COMPTA_HOME_SENY_PAT_VERS_SAP.bat - Notepad++ [Administrator],IT,2021-05-19,10:23:44,00:00:02
stefano.crapanzano@chu.ulg.ac.be,\\filesrv01.st.chulg\oazis_prod\APPL_PROD\SOURCES\BAT\ERP\CHL_ERP_PSRL_COMPTA_HOME_SENY_PAT_VERS_SAP.bat - Notepad++ [Administrator],IT,2021-05-19,10:24:50,00:00:09
stefano.crapanzano@chu.ulg.ac.be,\\filesrv01.st.chulg\oazis_prod\APPL_PROD\SOURCES\BAT\ERP\CHL_ERP_PSRL_COMPTA_HOME_SENY_PAT_VERS_SAP.bat - Notepad++ [Administrator],IT,2021-05-19,10:25:12,00:00:02
stefano.crapanzano@chu.ulg.ac.be,\\filesrv01.st.chulg\oazis_prod\APPL_PROD\SOURCES\BAT\ERP\CHL_ERP_PSRL_COMPTA_HOME_SENY_PAT_VERS_SAP.bat - Notepad++ [Administrator],IT,2021-05-19,10:31:33,00:00:06
stefano.crapanzano@chu.ulg.ac.be,\\filesrv01.st.chulg\oazis_prod\APPL_PROD\SOURCES\BAT\ERP\CHL_ERP_PSRL_COMPTA_HOME_SENY_PAT_VERS_SAP.bat - Notepad++ [Administrator],IT,2021-05-19,10:31:59,00:00:04
stefano.crapanzano@chu.ulg.ac.be,\\filesrv01.st.chulg\oazis_prod\APPL_PROD\SOURCES\BAT\ERP\CHL_ERP_PSRL_COMPTA_HOME_SENY_PAT_VERS_SAP.bat - Notepad++ [Administrator],IT,2021-05-19,10:32:13,00:00:03
stefano.crapanzano@chu.ulg.ac.be,\\filesrv01.st.chulg\oazis_prod\APPL_PROD\SOURCES\BAT\ERP\CHL_ERP_PSRL_COMPTA_HOME_SENY_PAT_VERS_SAP.bat - Notepad++ [Administrator],IT,2021-05-19,10:32:40,00:00:09
stefano.crapanzano@chu.ulg.ac.be,\\filesrv01.st.chulg\oazis_prod\APPL_PROD\SOURCES\BAT\ERP\CHL_ERP_PSRL_COMPTA_HOME_SENY_PAT_VERS_SAP.bat - Notepad++ [Administrator],IT,2021-05-19,10:33:03,00:00:02
stefano.crapanzano@chu.ulg.ac.be,*\\filesrv01.st.chulg\oazis_prod\APPL_PROD\SOURCES\BAT\ERP\CHL_ERP_PSRL_COMPTA_HOME_SENY_PAT_VERS_SAP.bat - Notepad++ [Administrator],IT,2021-05-19,10:23:25,00:00:10
stefano.crapanzano@chu.ulg.ac.be,*\\filesrv01.st.chulg\oazis_prod\APPL_PROD\SOURCES\BAT\ERP\CHL_ERP_PSRL_COMPTA_HOME_SENY_PAT_VERS_SAP.bat - Notepad++ [Administrator],IT,2021-05-19,10:25:00,00:00:04
stefano.crapanzano@chu.ulg.ac.be,*\\filesrv01.st.chulg\oazis_prod\APPL_PROD\SOURCES\BAT\ERP\CHL_ERP_PSRL_COMPTA_HOME_SENY_PAT_VERS_SAP.bat - Notepad++ [Administrator],IT,2021-05-19,10:25:08,00:00:03
stefano.crapanzano@chu.ulg.ac.be,*\\filesrv01.st.chulg\oazis_prod\APPL_PROD\SOURCES\BAT\ERP\CHL_ERP_PSRL_COMPTA_HOME_SENY_PAT_VERS_SAP.bat - Notepad++ [Administrator],IT,2021-05-19,10:25:14,00:00:02
stefano.crapanzano@chu.ulg.ac.be,*\\filesrv01.st.chulg\oazis_prod\APPL_PROD\SOURCES\BAT\ERP\CHL_ERP_PSRL_COMPTA_HOME_SENY_PAT_VERS_SAP.bat - Notepad++ [Administrator],IT,2021-05-19,10:31:39,00:00:02
stefano.crapanzano@chu.ulg.ac.be,*\\filesrv01.st.chulg\oazis_prod\APPL_PROD\SOURCES\BAT\ERP\CHL_ERP_PSRL_COMPTA_HOME_SENY_PAT_VERS_SAP.bat - Notepad++ [Administrator],IT,2021-05-19,10:32:16,00:00:13
stefano.crapanzano@chu.ulg.ac.be,Administrateur : Perl (command line) - \\filesrv01.st.chulg\oazis_prod\APPL_PROD\SOURCES\BAT\ERP\CHL_ERP_PSRL_COMPTA_HOME_SENY_PAT_VERS_SAP.bat,IT,2021-05-19,10:23:52,00:00:07
stefano.crapanzano@chu.ulg.ac.be,Administrateur : Perl (command line) - \\filesrv01.st.chulg\oazis_prod\APPL_PROD\SOURCES\BAT\ERP\CHL_ERP_PSRL_COMPTA_HOME_SENY_PAT_VERS_SAP.bat,IT,2021-05-19,10:25:21,00:00:09
stefano.crapanzano@chu.ulg.ac.be,Administrateur : Perl (command line) - \\filesrv01.st.chulg\oazis_prod\APPL_PROD\SOURCES\BAT\ERP\CHL_ERP_PSRL_COMPTA_HOME_SENY_PAT_VERS_SAP.bat,IT,2021-05-19,10:27:20,00:00:21
stefano.crapanzano@chu.ulg.ac.be,Administrateur : Perl (command line) - \\filesrv01.st.chulg\oazis_prod\APPL_PROD\SOURCES\BAT\ERP\CHL_ERP_PSRL_COMPTA_HOME_SENY_PAT_VERS_SAP.bat,IT,2021-05-19,10:28:36,00:00:03
stefano.crapanzano@chu.ulg.ac.be,Administrateur : Perl (command line) - \\filesrv01.st.chulg\oazis_prod\APPL_PROD\SOURCES\BAT\ERP\CHL_ERP_PSRL_COMPTA_HOME_SENY_PAT_VERS_SAP.bat,IT,2021-05-19,10:31:47,00:00:03
stefano.crapanzano@chu.ulg.ac.be,Administrateur : Perl (command line) - \\filesrv01.st.chulg\oazis_prod\APPL_PROD\SOURCES\BAT\ERP\CHL_ERP_PSRL_COMPTA_HOME_SENY_PAT_VERS_SAP.bat,IT,2021-05-19,10:32:07,00:00:04
stefano.crapanzano@chu.ulg.ac.be,Administrateur : Perl (command line) - \\filesrv01.st.chulg\oazis_prod\APPL_PROD\SOURCES\BAT\ERP\CHL_ERP_PSRL_COMPTA_HOME_SENY_PAT_VERS_SAP.bat,IT,2021-05-19,10:32:34,00:00:02
stefano.crapanzano@chu.ulg.ac.be,I:\Informatique\ERP\Exploitation\COMPTA\SENY\envoi PAT 1 seny 032021.txt - Notepad++ [Administrator],IT,2021-05-19,10:24:01,00:00:02
stefano.crapanzano@chu.ulg.ac.be,Rédaction : Re: TR: Intégrations - Thunderbird,Helpdesk général,2021-05-19,10:29:02,00:00:49
stefano.crapanzano@chu.ulg.ac.be,Rédaction : Re: TR: Intégrations - Thunderbird,Helpdesk général,2021-05-19,10:35:37,00:00:09
stefano.crapanzano@chu.ulg.ac.be,Rédaction : Re: TR: Intégrations - Thunderbird,Helpdesk général,2021-05-19,10:35:51,00:00:03
stefano.crapanzano@chu.ulg.ac.be,Rédaction : Re: TR: Intégrations - Thunderbird,Helpdesk général,2021-05-19,10:35:58,00:00:13
stefano.crapanzano@chu.ulg.ac.be,Rédaction : Re: TR: Intégrations - Thunderbird,Helpdesk général,2021-05-19,10:36:14,00:00:07
stefano.crapanzano@chu.ulg.ac.be,Rédaction : Re: TR: Intégrations - Thunderbird,Helpdesk général,2021-05-19,10:36:27,00:00:27
stefano.crapanzano@chu.ulg.ac.be,Total Commander,Tâches diverses,2021-05-19,10:33:43,00:00:02
stefano.crapanzano@chu.ulg.ac.be,Total Commander,Tâches diverses,2021-05-19,10:34:11,00:00:03
stefano.crapanzano@chu.ulg.ac.be,Total Commander,Tâches diverses,2021-05-19,10:34:33,00:00:02
stefano.crapanzano@chu.ulg.ac.be,erpmanager - Total Commander (x64) 9.0a - NOT REGISTERED,Tâches diverses,2021-05-19,10:33:54,00:00:16
stefano.crapanzano@chu.ulg.ac.be,erpmanager - Total Commander (x64) 9.0a - NOT REGISTERED,Tâches diverses,2021-05-19,10:34:15,00:00:13
stefano.crapanzano@chu.ulg.ac.be,erpmanager - Total Commander (x64) 9.0a - NOT REGISTERED,Tâches diverses,2021-05-19,10:34:29,00:00:03
stefano.crapanzano@chu.ulg.ac.be,erpmanager - Total Commander (x64) 9.0a - NOT REGISTERED,Tâches diverses,2021-05-19,10:34:35,00:00:07
stefano.crapanzano@chu.ulg.ac.be,seny - Mozilla Thunderbird,Helpdesk général,2021-05-19,10:34:54,00:00:07
stefano.crapanzano@chu.ulg.ac.be,TR: injection facturation home Seny - Mozilla Thunderbird,Helpdesk général,2021-05-19,10:35:02,00:00:25
stefano.crapanzano@chu.ulg.ac.be,TR: injection facturation home Seny - Mozilla Thunderbird,Helpdesk général,2021-05-19,10:35:29,00:00:02
stefano.crapanzano@chu.ulg.ac.be,TR: Intégrations - Mozilla Thunderbird,Helpdesk général,2021-05-19,10:35:35,00:00:02
stefano.crapanzano@chu.ulg.ac.be,Propriétés des liens,Helpdesk général,2021-05-19,10:36:11,00:00:02
stefano.crapanzano@chu.ulg.ac.be,Propriétés des liens,Helpdesk général,2021-05-19,10:36:21,00:00:06
stefano.crapanzano@chu.ulg.ac.be,SAP GUI for Windows 750,Exploration SAP,2021-05-19,10:58:26,00:10:55
stefano.crapanzano@chu.ulg.ac.be,Nouvel onglet - Google Chrome,Tâches diverses,2021-05-19,11:11:27,00:00:04
stefano.crapanzano@chu.ulg.ac.be,ethias contact - Recherche Google - Google Chrome,Tâches diverses,2021-05-19,11:11:32,00:01:20
stefano.crapanzano@chu.ulg.ac.be,ethias contact - Recherche Google - Google Chrome,Tâches diverses,2021-05-19,11:18:29,00:00:02
stefano.crapanzano@chu.ulg.ac.be,ethias contact - Recherche Google - Google Chrome,Tâches diverses,2021-05-19,11:25:20,00:00:25
stefano.crapanzano@chu.ulg.ac.be,ethias contact - Recherche Google - Google Chrome,Tâches diverses,2021-05-19,11:31:53,00:04:58
stefano.crapanzano@chu.ulg.ac.be,ethias contact - Recherche Google - Google Chrome,Tâches diverses,2021-05-19,11:36:58,00:00:06
stefano.crapanzano@chu.ulg.ac.be,ethias contact - Recherche Google - Google Chrome,Tâches diverses,2021-05-19,11:38:11,00:00:03
stefano.crapanzano@chu.ulg.ac.be,ethias contact - Recherche Google - Google Chrome,Tâches diverses,2021-05-19,11:50:44,00:00:02
stefano.crapanzano@chu.ulg.ac.be,ethias contact - Recherche Google - Google Chrome,Helpdesk général,2021-05-19,12:28:24,00:00:02
stefano.crapanzano@chu.ulg.ac.be,ethias contact - Recherche Google - Google Chrome,Tâches diverses,2021-05-19,12:29:38,00:00:03
stefano.crapanzano@chu.ulg.ac.be,ethias contact - Recherche Google - Google Chrome,Tâches diverses,2021-05-19,12:31:15,00:00:02
stefano.crapanzano@chu.ulg.ac.be,ethias contact - Recherche Google - Google Chrome,Tâches diverses,2021-05-19,12:33:09,00:01:05
stefano.crapanzano@chu.ulg.ac.be,ethias contact - Recherche Google - Google Chrome,Tâches diverses,2021-05-19,12:34:59,00:00:05
stefano.crapanzano@chu.ulg.ac.be,ethias contact - Recherche Google - Google Chrome,Tâches diverses,2021-05-19,14:33:35,00:00:03
stefano.crapanzano@chu.ulg.ac.be,ethias contact - Recherche Google - Google Chrome,Tâches diverses,2021-05-19,15:18:23,00:00:03
stefano.crapanzano@chu.ulg.ac.be,ethias contact - Recherche Google - Google Chrome,Tâches diverses,2021-05-19,16:31:55,00:00:04
stefano.crapanzano@chu.ulg.ac.be,SAP Logon 750,Exploration SAP,2021-05-19,11:29:03,00:00:02
stefano.crapanzano@chu.ulg.ac.be,SAP Easy Access Menu de base Applications financières-économiques,Exploration SAP,2021-05-19,11:29:05,00:00:04
stefano.crapanzano@chu.ulg.ac.be,SAP Easy Access Menu de base Applications financières-économiques,Exploration SAP,2021-05-19,11:45:22,00:00:09
stefano.crapanzano@chu.ulg.ac.be,Commande interv. 40 4000202656 créée par Fanny GAVAGE,Exploration SAP,2021-05-19,11:29:10,00:00:02
stefano.crapanzano@chu.ulg.ac.be,Sélectionner document,Exploration SAP,2021-05-19,11:29:12,00:00:02
stefano.crapanzano@chu.ulg.ac.be,Sélectionner document,Exploration SAP,2021-05-19,11:29:26,00:00:02
stefano.crapanzano@chu.ulg.ac.be,TypeAheadPopup,Exploration SAP,2021-05-19,11:29:29,00:00:03
stefano.crapanzano@chu.ulg.ac.be,Active Directory Users and Computers,IT,2021-05-19,11:30:12,00:00:02
stefano.crapanzano@chu.ulg.ac.be,Active Directory Users and Computers,IT,2021-05-19,11:31:01,00:00:03
stefano.crapanzano@chu.ulg.ac.be,Active Directory Users and Computers,IT,2021-05-19,11:31:14,00:00:02
stefano.crapanzano@chu.ulg.ac.be,Active Directory Users and Computers,IT,2021-05-19,11:31:38,00:00:03
stefano.crapanzano@chu.ulg.ac.be,Rechercher Utilisateurs  contacts et groupes,IT,2021-05-19,11:30:14,00:00:08
stefano.crapanzano@chu.ulg.ac.be,Rechercher Utilisateurs  contacts et groupes,IT,2021-05-19,11:30:37,00:00:04
stefano.crapanzano@chu.ulg.ac.be,Rechercher Utilisateurs  contacts et groupes,IT,2021-05-19,11:30:46,00:00:03
stefano.crapanzano@chu.ulg.ac.be,Rechercher Utilisateurs  contacts et groupes,IT,2021-05-19,11:30:54,00:00:07
stefano.crapanzano@chu.ulg.ac.be,Rechercher Utilisateurs  contacts et groupes,IT,2021-05-19,11:31:16,00:00:08
stefano.crapanzano@chu.ulg.ac.be,Rechercher Utilisateurs  contacts et groupes,IT,2021-05-19,11:31:28,00:00:02
stefano.crapanzano@chu.ulg.ac.be,Propriétés de : c112692,IT,2021-05-19,11:30:42,00:00:03
stefano.crapanzano@chu.ulg.ac.be,Propriétés de : c060388,IT,2021-05-19,11:31:30,00:00:06
stefano.crapanzano@chu.ulg.ac.be,Gestion des rôles,Exploration SAP,2021-05-19,11:45:31,00:00:08
stefano.crapanzano@chu.ulg.ac.be,Gestion des rôles,Exploration SAP,2021-05-19,12:05:59,00:00:02
stefano.crapanzano@chu.ulg.ac.be,Gestion des rôles,Exploration SAP,2021-05-19,12:28:35,00:00:02
stefano.crapanzano@chu.ulg.ac.be,Affichage de rôles,Exploration SAP,2021-05-19,11:45:40,00:00:17
stefano.crapanzano@chu.ulg.ac.be,Affichage de rôles,Exploration SAP,2021-05-19,12:05:34,00:00:03
stefano.crapanzano@chu.ulg.ac.be,Affichage de rôles,Exploration SAP,2021-05-19,12:06:01,00:00:15
stefano.crapanzano@chu.ulg.ac.be,historique - Mozilla Thunderbird,Helpdesk général,2021-05-19,11:46:15,00:00:14
stefano.crapanzano@chu.ulg.ac.be,SDERP-18193 P203 CHU Historique des paniers dans SSP - Mozilla Thunderbird,Helpdesk général,2021-05-19,11:46:29,00:00:10
stefano.crapanzano@chu.ulg.ac.be,SDERP-18193 - Mozilla Thunderbird,Helpdesk général,2021-05-19,11:46:42,00:00:15
stefano.crapanzano@chu.ulg.ac.be,SDERP-18193 : ZHUL053323 - Mozilla Thunderbird,Helpdesk général,2021-05-19,11:46:58,00:00:12
stefano.crapanzano@chu.ulg.ac.be,SDERP-18193 : ZHUL053323 - Mozilla Thunderbird,Helpdesk général,2021-05-19,11:50:48,00:11:42
stefano.crapanzano@chu.ulg.ac.be,Rédaction : Re: SDERP-18193 : ZHUL053323 - Thunderbird,Helpdesk général,2021-05-19,11:47:10,00:00:22
stefano.crapanzano@chu.ulg.ac.be,Rédaction : Re: SDERP-18193 : ZHUL053323 - Thunderbird,Helpdesk général,2021-05-19,11:47:35,00:00:09
stefano.crapanzano@chu.ulg.ac.be,Rédaction : Re: SDERP-18193 : ZHUL053323 - Thunderbird,Helpdesk général,2021-05-19,11:47:52,00:02:10
stefano.crapanzano@chu.ulg.ac.be,Rédaction : Re: SDERP-18193 : ZHUL053323 - Thunderbird,Helpdesk général,2021-05-19,11:50:08,00:00:03
stefano.crapanzano@chu.ulg.ac.be,Rédaction : Re: SDERP-18193 : ZHUL053323 - Thunderbird,Helpdesk général,2021-05-19,11:50:13,00:00:03
stefano.crapanzano@chu.ulg.ac.be,Rédaction : Re: SDERP-18193 : ZHUL053323 - Thunderbird,Helpdesk général,2021-05-19,12:06:24,00:00:06
stefano.crapanzano@chu.ulg.ac.be,Rédaction : Re: SDERP-18193 : ZHUL053323 - Thunderbird,Helpdesk général,2021-05-19,12:06:53,00:04:27
stefano.crapanzano@chu.ulg.ac.be,Greenshot capture form,Helpdesk général,2021-05-19,11:47:44,00:00:07
stefano.crapanzano@chu.ulg.ac.be,Greenshot capture form,Helpdesk général,2021-05-19,12:06:43,00:00:05
stefano.crapanzano@chu.ulg.ac.be,Envoi du message - Re: SDERP-18193 : ZHUL053323,Helpdesk général,2021-05-19,11:50:04,00:00:03
stefano.crapanzano@chu.ulg.ac.be,Modification de rôles,Exploration SAP,2021-05-19,12:03:20,00:00:27
stefano.crapanzano@chu.ulg.ac.be,Modification de rôles,Exploration SAP,2021-05-19,12:05:37,00:00:09
stefano.crapanzano@chu.ulg.ac.be,Modification de rôles,Exploration SAP,2021-05-19,12:05:55,00:00:02
stefano.crapanzano@chu.ulg.ac.be,Afficher rôle : autorisations,Exploration SAP,2021-05-19,12:03:52,00:00:38
stefano.crapanzano@chu.ulg.ac.be,Afficher rôle : autorisations,Exploration SAP,2021-05-19,12:06:31,00:00:07
stefano.crapanzano@chu.ulg.ac.be,Valeurs de zone,Exploration SAP,2021-05-19,12:04:30,00:01:02
stefano.crapanzano@chu.ulg.ac.be,Valeurs de zone,Exploration SAP,2021-05-19,12:06:38,00:00:04
stefano.crapanzano@chu.ulg.ac.be,Valeurs de zone,Helpdesk général,2021-05-19,12:06:49,00:00:03
stefano.crapanzano@chu.ulg.ac.be,Valeurs de zone,Exploration SAP,2021-05-19,12:11:23,00:00:04
stefano.crapanzano@chu.ulg.ac.be,Valeurs de zone,Exploration SAP,2021-05-19,12:28:30,00:00:02
stefano.crapanzano@chu.ulg.ac.be,Comparer fiche utilisateur du rôle,Exploration SAP,2021-05-19,12:05:47,00:00:08
stefano.crapanzano@chu.ulg.ac.be,Netop Invité,Helpdesk général,2021-05-19,12:11:27,00:00:02
stefano.crapanzano@chu.ulg.ac.be,Connexion à l'aide de l'authentification Windows,Helpdesk général,2021-05-19,12:11:30,00:00:04
stefano.crapanzano@chu.ulg.ac.be,erpftp - Netop Remote Control,Helpdesk général,2021-05-19,12:11:36,00:00:16
stefano.crapanzano@chu.ulg.ac.be,PE2_203 - sftp://PE2U2FTP@153.89.110.38 - FileZilla,Helpdesk général,2021-05-19,12:28:26,00:00:02
stefano.crapanzano@chu.ulg.ac.be,Encours de facturation 02/2021 - Mozilla Thunderbird,Helpdesk général,2021-05-19,12:31:05,00:00:02
stefano.crapanzano@chu.ulg.ac.be,Programmation,IT,2021-05-19,12:32:32,00:00:23
stefano.crapanzano@chu.ulg.ac.be,\\filesrv01.st.chulg\oazis_prod\APPL_PROD\SOURCES\PERL\UTIL\DATE_TIME.pl - Notepad++ [Administrator],IT,2021-05-19,12:32:59,00:00:03
