Email,Description,Project,Start date,Start time,Duration
stefano.crapanzano@chu.ulg.ac.be,Navigation système de fichier,IT,2021-12-15,09:18:03,00:00:02
stefano.crapanzano@chu.ulg.ac.be,Navigation système de fichier,IT,2021-12-15,09:30:59,00:00:02
stefano.crapanzano@chu.ulg.ac.be,Navigation système de fichier,IT,2021-12-15,09:38:31,01:03:53
stefano.crapanzano@chu.ulg.ac.be,Navigation système de fichier,IT,2021-12-15,10:58:11,00:00:02
stefano.crapanzano@chu.ulg.ac.be,Navigation système de fichier,IT,2021-12-15,10:58:16,00:00:02
stefano.crapanzano@chu.ulg.ac.be,Navigation système de fichier,IT,2021-12-15,11:02:19,00:00:02
stefano.crapanzano@chu.ulg.ac.be,Navigation système de fichier,IT,2021-12-15,11:13:54,00:00:03
stefano.crapanzano@chu.ulg.ac.be,Navigation système de fichier,IT,2021-12-15,11:17:47,00:00:03
stefano.crapanzano@chu.ulg.ac.be,Navigation système de fichier,IT,2021-12-15,11:19:19,00:00:03
stefano.crapanzano@chu.ulg.ac.be,Navigation système de fichier,IT,2021-12-15,11:20:31,00:00:02
stefano.crapanzano@chu.ulg.ac.be,Navigation système de fichier,IT,2021-12-15,11:33:59,00:00:03
stefano.crapanzano@chu.ulg.ac.be,Navigation système de fichier,IT,2021-12-15,11:40:49,00:00:02
stefano.crapanzano@chu.ulg.ac.be,Navigation système de fichier,IT,2021-12-15,12:15:56,00:00:02
stefano.crapanzano@chu.ulg.ac.be,Navigation système de fichier,IT,2021-12-15,12:23:39,00:00:02
stefano.crapanzano@chu.ulg.ac.be,Navigation système de fichier,IT,2021-12-15,12:25:31,00:00:02
stefano.crapanzano@chu.ulg.ac.be,Navigation système de fichier,IT,2021-12-15,12:26:28,00:00:04
stefano.crapanzano@chu.ulg.ac.be,Courrier entrant - stefano.crapanzano@chuliege.be - Mozilla Thunderbird,Helpdesk général,2021-12-15,08:33:55,00:00:10
stefano.crapanzano@chu.ulg.ac.be,Courrier entrant - stefano.crapanzano@chuliege.be - Mozilla Thunderbird,Tâches diverses,2021-12-15,08:36:02,00:00:10
stefano.crapanzano@chu.ulg.ac.be,Courrier entrant - stefano.crapanzano@chuliege.be - Mozilla Thunderbird,Helpdesk général,2021-12-15,08:44:44,00:00:12
stefano.crapanzano@chu.ulg.ac.be,Courrier entrant - stefano.crapanzano@chuliege.be - Mozilla Thunderbird,Helpdesk général,2021-12-15,08:46:16,00:02:32
stefano.crapanzano@chu.ulg.ac.be,Courrier entrant - stefano.crapanzano@chuliege.be - Mozilla Thunderbird,Helpdesk général,2021-12-15,08:48:51,00:00:13
stefano.crapanzano@chu.ulg.ac.be,Courrier entrant - stefano.crapanzano@chuliege.be - Mozilla Thunderbird,Helpdesk général,2021-12-15,09:23:01,00:00:02
stefano.crapanzano@chu.ulg.ac.be,Courrier entrant - stefano.crapanzano@chuliege.be - Mozilla Thunderbird,Helpdesk général,2021-12-15,10:42:30,00:00:02
stefano.crapanzano@chu.ulg.ac.be,Courrier entrant - stefano.crapanzano@chuliege.be - Mozilla Thunderbird,Helpdesk général,2021-12-15,10:52:38,00:00:02
stefano.crapanzano@chu.ulg.ac.be,Courrier entrant - stefano.crapanzano@chuliege.be - Mozilla Thunderbird,Helpdesk général,2021-12-15,11:17:39,00:00:02
stefano.crapanzano@chu.ulg.ac.be,Courrier entrant - stefano.crapanzano@chuliege.be - Mozilla Thunderbird,Helpdesk général,2021-12-15,11:36:57,00:00:02
stefano.crapanzano@chu.ulg.ac.be,Identification - Google Chrome,Tâches diverses,2021-12-15,08:34:06,00:00:10
stefano.crapanzano@chu.ulg.ac.be,POST data - Google Chrome,Tâches diverses,2021-12-15,08:34:17,00:00:02
stefano.crapanzano@chu.ulg.ac.be,SAM-DB : Impossible de se connecter à SAP depuis le bâtiment CALA - Google Chrome,Tâches diverses,2021-12-15,08:34:19,00:01:37
stefano.crapanzano@chu.ulg.ac.be,Demandes - Service d'assistance - Google Chrome,Tâches diverses,2021-12-15,08:35:57,00:00:05
stefano.crapanzano@chu.ulg.ac.be,Demandes - Service d'assistance - Google Chrome,Tâches diverses,2021-12-15,08:38:51,00:00:04
stefano.crapanzano@chu.ulg.ac.be,Demandes - Service d'assistance - Google Chrome,Tâches diverses,2021-12-15,08:39:21,00:00:03
stefano.crapanzano@chu.ulg.ac.be,Demandes - Service d'assistance - Google Chrome,Tâches diverses,2021-12-15,08:49:05,00:00:03
stefano.crapanzano@chu.ulg.ac.be,Demandes - Service d'assistance - Google Chrome,Tâches diverses,2021-12-15,11:02:27,00:00:24
stefano.crapanzano@chu.ulg.ac.be,Demandes - Service d'assistance - Google Chrome,Tâches diverses,2021-12-15,11:03:07,00:00:12
stefano.crapanzano@chu.ulg.ac.be,Demandes - Service d'assistance - Google Chrome,Tâches diverses,2021-12-15,11:15:18,00:00:07
stefano.crapanzano@chu.ulg.ac.be,Demandes - Service d'assistance - Google Chrome,Tâches diverses,2021-12-15,11:15:34,00:00:34
stefano.crapanzano@chu.ulg.ac.be,Demandes - Service d'assistance - Google Chrome,Tâches diverses,2021-12-15,11:16:14,00:00:03
stefano.crapanzano@chu.ulg.ac.be,Demandes - Service d'assistance - Google Chrome,Helpdesk général,2021-12-15,11:17:27,00:00:07
stefano.crapanzano@chu.ulg.ac.be,Demandes - Service d'assistance - Google Chrome,Tâches diverses,2021-12-15,11:17:45,00:00:02
stefano.crapanzano@chu.ulg.ac.be,Demandes - Service d'assistance - Google Chrome,Helpdesk général,2021-12-15,11:57:31,00:00:02
stefano.crapanzano@chu.ulg.ac.be,Courrier entrant - erp.sai@chuliege.be - Mozilla Thunderbird,Helpdesk général,2021-12-15,08:36:13,00:02:31
stefano.crapanzano@chu.ulg.ac.be,Courrier entrant - erp.sai@chuliege.be - Mozilla Thunderbird,Helpdesk général,2021-12-15,08:38:47,00:00:04
stefano.crapanzano@chu.ulg.ac.be,Courrier entrant - erp.sai@chuliege.be - Mozilla Thunderbird,Tâches diverses,2021-12-15,08:39:11,00:00:08
stefano.crapanzano@chu.ulg.ac.be,Courrier entrant - erp.sai@chuliege.be - Mozilla Thunderbird,Helpdesk général,2021-12-15,08:48:48,00:00:02
stefano.crapanzano@chu.ulg.ac.be,Courrier entrant - erp.sai@chuliege.be - Mozilla Thunderbird,Helpdesk général,2021-12-15,09:18:08,00:00:03
stefano.crapanzano@chu.ulg.ac.be,Courrier entrant - erp.sai@chuliege.be - Mozilla Thunderbird,Helpdesk général,2021-12-15,09:23:03,00:00:18
stefano.crapanzano@chu.ulg.ac.be,Courrier entrant - erp.sai@chuliege.be - Mozilla Thunderbird,Helpdesk général,2021-12-15,09:38:18,00:00:05
stefano.crapanzano@chu.ulg.ac.be,Courrier entrant - erp.sai@chuliege.be - Mozilla Thunderbird,Helpdesk général,2021-12-15,09:38:26,00:00:02
stefano.crapanzano@chu.ulg.ac.be,Courrier entrant - erp.sai@chuliege.be - Mozilla Thunderbird,Helpdesk général,2021-12-15,10:42:24,00:00:05
stefano.crapanzano@chu.ulg.ac.be,Courrier entrant - erp.sai@chuliege.be - Mozilla Thunderbird,Helpdesk général,2021-12-15,10:42:32,00:00:04
stefano.crapanzano@chu.ulg.ac.be,Courrier entrant - erp.sai@chuliege.be - Mozilla Thunderbird,Helpdesk général,2021-12-15,10:52:35,00:00:02
stefano.crapanzano@chu.ulg.ac.be,Courrier entrant - erp.sai@chuliege.be - Mozilla Thunderbird,Helpdesk général,2021-12-15,10:52:41,00:00:02
stefano.crapanzano@chu.ulg.ac.be,Courrier entrant - erp.sai@chuliege.be - Mozilla Thunderbird,Helpdesk général,2021-12-15,10:53:02,00:05:08
stefano.crapanzano@chu.ulg.ac.be,Courrier entrant - erp.sai@chuliege.be - Mozilla Thunderbird,Helpdesk général,2021-12-15,11:05:31,00:00:02
stefano.crapanzano@chu.ulg.ac.be,Courrier entrant - erp.sai@chuliege.be - Mozilla Thunderbird,Helpdesk général,2021-12-15,11:07:42,00:00:02
stefano.crapanzano@chu.ulg.ac.be,Courrier entrant - erp.sai@chuliege.be - Mozilla Thunderbird,Helpdesk général,2021-12-15,11:16:25,00:00:03
stefano.crapanzano@chu.ulg.ac.be,Courrier entrant - erp.sai@chuliege.be - Mozilla Thunderbird,Helpdesk général,2021-12-15,11:17:36,00:00:02
stefano.crapanzano@chu.ulg.ac.be,Courrier entrant - erp.sai@chuliege.be - Mozilla Thunderbird,Helpdesk général,2021-12-15,11:17:42,00:00:02
stefano.crapanzano@chu.ulg.ac.be,Courrier entrant - erp.sai@chuliege.be - Mozilla Thunderbird,Helpdesk général,2021-12-15,11:18:18,00:00:24
stefano.crapanzano@chu.ulg.ac.be,Courrier entrant - erp.sai@chuliege.be - Mozilla Thunderbird,Helpdesk général,2021-12-15,11:19:26,00:00:02
stefano.crapanzano@chu.ulg.ac.be,Courrier entrant - erp.sai@chuliege.be - Mozilla Thunderbird,Helpdesk général,2021-12-15,11:20:20,00:00:08
stefano.crapanzano@chu.ulg.ac.be,Courrier entrant - erp.sai@chuliege.be - Mozilla Thunderbird,Tâches diverses,2021-12-15,11:36:54,00:00:02
stefano.crapanzano@chu.ulg.ac.be,Courrier entrant - erp.sai@chuliege.be - Mozilla Thunderbird,Helpdesk général,2021-12-15,11:37:00,00:00:04
stefano.crapanzano@chu.ulg.ac.be,Courrier entrant - erp.sai@chuliege.be - Mozilla Thunderbird,Helpdesk général,2021-12-15,11:57:21,00:00:10
stefano.crapanzano@chu.ulg.ac.be,Courrier entrant - erp.sai@chuliege.be - Mozilla Thunderbird,Helpdesk général,2021-12-15,12:04:52,00:00:03
stefano.crapanzano@chu.ulg.ac.be,Courrier entrant - erp.sai@chuliege.be - Mozilla Thunderbird,Helpdesk général,2021-12-15,12:15:41,00:00:14
stefano.crapanzano@chu.ulg.ac.be,Courrier entrant - erp.sai@chuliege.be - Mozilla Thunderbird,Helpdesk général,2021-12-15,12:15:58,00:00:07
stefano.crapanzano@chu.ulg.ac.be,Courrier entrant - erp.sai@chuliege.be - Mozilla Thunderbird,Helpdesk général,2021-12-15,12:18:04,00:00:03
stefano.crapanzano@chu.ulg.ac.be,Envoyés - erp.sai@chuliege.be - Mozilla Thunderbird,Helpdesk général,2021-12-15,08:38:45,00:00:02
stefano.crapanzano@chu.ulg.ac.be,Envoyés - erp.sai@chuliege.be - Mozilla Thunderbird,Helpdesk général,2021-12-15,08:44:56,00:00:06
stefano.crapanzano@chu.ulg.ac.be,Envoyés - erp.sai@chuliege.be - Mozilla Thunderbird,Helpdesk général,2021-12-15,08:45:42,00:00:05
stefano.crapanzano@chu.ulg.ac.be,Envoyés - erp.sai@chuliege.be - Mozilla Thunderbird,Helpdesk général,2021-12-15,09:18:12,00:00:02
stefano.crapanzano@chu.ulg.ac.be,Envoyés - erp.sai@chuliege.be - Mozilla Thunderbird,Helpdesk général,2021-12-15,09:38:23,00:00:02
stefano.crapanzano@chu.ulg.ac.be,Envoyés - erp.sai@chuliege.be - Mozilla Thunderbird,Helpdesk général,2021-12-15,10:52:43,00:00:02
stefano.crapanzano@chu.ulg.ac.be,Envoyés - erp.sai@chuliege.be - Mozilla Thunderbird,Helpdesk général,2021-12-15,10:52:57,00:00:05
stefano.crapanzano@chu.ulg.ac.be,Envoyés - erp.sai@chuliege.be - Mozilla Thunderbird,Helpdesk général,2021-12-15,11:16:28,00:00:57
stefano.crapanzano@chu.ulg.ac.be,Envoyés - erp.sai@chuliege.be - Mozilla Thunderbird,Helpdesk général,2021-12-15,11:19:29,00:00:51
stefano.crapanzano@chu.ulg.ac.be,Envoyés - erp.sai@chuliege.be - Mozilla Thunderbird,Helpdesk général,2021-12-15,11:37:04,00:00:54
stefano.crapanzano@chu.ulg.ac.be,Envoyés - erp.sai@chuliege.be - Mozilla Thunderbird,Helpdesk général,2021-12-15,12:04:56,00:00:40
stefano.crapanzano@chu.ulg.ac.be,Envoyés - erp.sai@chuliege.be - Mozilla Thunderbird,Helpdesk général,2021-12-15,12:15:38,00:00:02
stefano.crapanzano@chu.ulg.ac.be,Service MT - Google Chrome,Tâches diverses,2021-12-15,08:38:55,00:00:15
stefano.crapanzano@chu.ulg.ac.be,Service MT - Google Chrome,Tâches diverses,2021-12-15,08:39:19,00:00:02
stefano.crapanzano@chu.ulg.ac.be,Service MT - Google Chrome,Tâches diverses,2021-12-15,08:49:08,00:00:05
stefano.crapanzano@chu.ulg.ac.be,Service MT - Google Chrome,Tâches diverses,2021-12-15,09:18:14,00:00:04
stefano.crapanzano@chu.ulg.ac.be,Service MT - Google Chrome,Helpdesk général,2021-12-15,09:38:28,00:00:02
stefano.crapanzano@chu.ulg.ac.be,Service MT - Google Chrome,Tâches diverses,2021-12-15,10:42:36,00:00:03
stefano.crapanzano@chu.ulg.ac.be,Service MT - Google Chrome,Tâches diverses,2021-12-15,11:02:23,00:00:03
stefano.crapanzano@chu.ulg.ac.be,Lecture documentation,Tâches diverses,2021-12-15,08:45:04,00:00:35
stefano.crapanzano@chu.ulg.ac.be,Lecture documentation,Tâches diverses,2021-12-15,12:05:37,00:09:55
stefano.crapanzano@chu.ulg.ac.be,Lecture documentation,Tâches diverses,2021-12-15,12:15:33,00:00:03
stefano.crapanzano@chu.ulg.ac.be,DBeaver 21.0.0 - <MS SQL Server - si-s-serv24> Script-1,Tâches diverses,2021-12-15,08:49:16,00:00:45
stefano.crapanzano@chu.ulg.ac.be,DBeaver 21.0.0 - <MS SQL Server - si-s-serv24> Script-1,Tâches diverses,2021-12-15,08:50:10,00:00:10
stefano.crapanzano@chu.ulg.ac.be,DBeaver 21.0.0 - <MS SQL Server - si-s-serv24> Script-1,Tâches diverses,2021-12-15,08:59:00,00:00:14
stefano.crapanzano@chu.ulg.ac.be,DBeaver 21.0.0 - <MS SQL Server - si-s-serv24> Script-1,Tâches diverses,2021-12-15,09:08:37,00:00:02
stefano.crapanzano@chu.ulg.ac.be,DBeaver 21.0.0 - <MS SQL Server - si-s-serv24> Script-1,Tâches diverses,2021-12-15,09:17:35,00:00:02
stefano.crapanzano@chu.ulg.ac.be,DBeaver 21.0.0 - <MS SQL Server - si-s-serv24> Script-1,Tâches diverses,2021-12-15,11:25:06,00:00:08
stefano.crapanzano@chu.ulg.ac.be,DBeaver 21.0.0 - <MS SQL Server - si-s-serv24> Script-1,Tâches diverses,2021-12-15,11:33:55,00:00:02
stefano.crapanzano@chu.ulg.ac.be,ecriture_comptable_répartition_analyse_102021_v04.xlsx - Excel,Tâches diverses,2021-12-15,08:50:21,00:00:28
stefano.crapanzano@chu.ulg.ac.be,ecriture_comptable_répartition_analyse_102021_v04.xlsx - Excel,Tâches diverses,2021-12-15,08:51:22,00:00:28
stefano.crapanzano@chu.ulg.ac.be,ecriture_comptable_répartition_analyse_102021_v04.xlsx - Excel,Tâches diverses,2021-12-15,08:58:49,00:00:10
stefano.crapanzano@chu.ulg.ac.be,ecriture_comptable_répartition_analyse_102021_v04.xlsx - Excel,Tâches diverses,2021-12-15,08:59:15,00:00:08
stefano.crapanzano@chu.ulg.ac.be,ecriture_comptable_répartition_analyse_102021_v04.xlsx - Excel,Tâches diverses,2021-12-15,08:59:39,00:00:02
stefano.crapanzano@chu.ulg.ac.be,ecriture_comptable_répartition_analyse_102021_v04.xlsx - Excel,Tâches diverses,2021-12-15,08:59:48,00:00:09
stefano.crapanzano@chu.ulg.ac.be,ecriture_comptable_répartition_analyse_102021_v04.xlsx - Excel,Tâches diverses,2021-12-15,09:00:13,00:00:06
stefano.crapanzano@chu.ulg.ac.be,ecriture_comptable_répartition_analyse_102021_v04.xlsx - Excel,Tâches diverses,2021-12-15,09:00:31,00:00:11
stefano.crapanzano@chu.ulg.ac.be,ecriture_comptable_répartition_analyse_102021_v04.xlsx - Excel,Tâches diverses,2021-12-15,09:00:47,00:00:11
stefano.crapanzano@chu.ulg.ac.be,ecriture_comptable_répartition_analyse_102021_v04.xlsx - Excel,Tâches diverses,2021-12-15,09:01:02,00:00:04
stefano.crapanzano@chu.ulg.ac.be,ecriture_comptable_répartition_analyse_102021_v04.xlsx - Excel,Tâches diverses,2021-12-15,09:01:11,00:00:40
stefano.crapanzano@chu.ulg.ac.be,ecriture_comptable_répartition_analyse_102021_v04.xlsx - Excel,Tâches diverses,2021-12-15,09:08:34,00:00:02
stefano.crapanzano@chu.ulg.ac.be,ecriture_comptable_répartition_analyse_102021_v04.xlsx - Excel,Tâches diverses,2021-12-15,09:08:40,00:07:22
stefano.crapanzano@chu.ulg.ac.be,ecriture_comptable_répartition_analyse_102021_v04.xlsx - Excel,Tâches diverses,2021-12-15,09:16:22,00:01:13
stefano.crapanzano@chu.ulg.ac.be,ecriture_comptable_répartition_analyse_102021_v04.xlsx - Excel,Tâches diverses,2021-12-15,09:18:32,00:03:53
stefano.crapanzano@chu.ulg.ac.be,ecriture_comptable_répartition_analyse_102021_v04.xlsx - Excel,Tâches diverses,2021-12-15,09:23:46,00:07:12
stefano.crapanzano@chu.ulg.ac.be,ecriture_comptable_répartition_analyse_102021_v04.xlsx - Excel,Tâches diverses,2021-12-15,09:31:46,00:00:10
stefano.crapanzano@chu.ulg.ac.be,ecriture_comptable_répartition_analyse_102021_v04.xlsx - Excel,Tâches diverses,2021-12-15,09:32:19,00:00:41
stefano.crapanzano@chu.ulg.ac.be,ecriture_comptable_répartition_analyse_102021_v04.xlsx - Excel,Tâches diverses,2021-12-15,09:33:38,00:04:39
stefano.crapanzano@chu.ulg.ac.be,ecriture_comptable_répartition_analyse_102021_v04.xlsx - Excel,Tâches diverses,2021-12-15,11:20:33,00:00:58
stefano.crapanzano@chu.ulg.ac.be,ecriture_comptable_répartition_analyse_102021_v04.xlsx - Excel,Tâches diverses,2021-12-15,11:22:03,00:01:00
stefano.crapanzano@chu.ulg.ac.be,ecriture_comptable_répartition_analyse_102021_v04.xlsx - Excel,Tâches diverses,2021-12-15,11:24:57,00:00:08
stefano.crapanzano@chu.ulg.ac.be,ecriture_comptable_répartition_analyse_102021_v04.xlsx - Excel,Tâches diverses,2021-12-15,11:25:15,00:00:09
stefano.crapanzano@chu.ulg.ac.be,ecriture_comptable_répartition_analyse_102021_v04.xlsx - Excel,Tâches diverses,2021-12-15,11:31:42,00:00:29
stefano.crapanzano@chu.ulg.ac.be,ecriture_comptable_répartition_analyse_102021_v04.xlsx - Excel,Tâches diverses,2021-12-15,11:32:19,00:00:04
stefano.crapanzano@chu.ulg.ac.be,ecriture_comptable_répartition_analyse_102021_v04.xlsx - Excel,Tâches diverses,2021-12-15,11:32:31,00:00:38
stefano.crapanzano@chu.ulg.ac.be,ecriture_comptable_répartition_analyse_102021_v04.xlsx - Excel,Tâches diverses,2021-12-15,11:33:12,00:00:08
stefano.crapanzano@chu.ulg.ac.be,ecriture_comptable_répartition_analyse_102021_v04.xlsx - Excel,Tâches diverses,2021-12-15,11:33:22,00:00:31
stefano.crapanzano@chu.ulg.ac.be,ecriture_comptable_répartition_analyse_102021_v04.xlsx - Excel,Tâches diverses,2021-12-15,11:34:09,00:00:23
stefano.crapanzano@chu.ulg.ac.be,ecriture_comptable_répartition_analyse_102021_v04.xlsx - Excel,Tâches diverses,2021-12-15,11:34:36,00:02:17
stefano.crapanzano@chu.ulg.ac.be,ecriture_comptable_répartition_analyse_102021_v04.xlsx - Excel,Tâches diverses,2021-12-15,11:38:00,00:00:10
stefano.crapanzano@chu.ulg.ac.be,ecriture_comptable_répartition_analyse_102021_v04.xlsx - Excel,Tâches diverses,2021-12-15,11:39:11,00:00:13
stefano.crapanzano@chu.ulg.ac.be,ecriture_comptable_répartition_analyse_102021_v04.xlsx - Excel,Tâches diverses,2021-12-15,11:39:43,00:01:04
stefano.crapanzano@chu.ulg.ac.be,ecriture_comptable_répartition_analyse_102021_v04.xlsx - Excel,Tâches diverses,2021-12-15,11:40:57,00:00:02
stefano.crapanzano@chu.ulg.ac.be,ecriture_comptable_répartition_analyse_102021_v04.xlsx - Excel,Tâches diverses,2021-12-15,11:41:07,00:00:03
stefano.crapanzano@chu.ulg.ac.be,ecriture_comptable_répartition_analyse_102021_v04.xlsx - Excel,Tâches diverses,2021-12-15,11:41:21,00:00:03
stefano.crapanzano@chu.ulg.ac.be,ecriture_comptable_répartition_analyse_102021_v04.xlsx - Excel,Tâches diverses,2021-12-15,11:42:13,00:00:09
stefano.crapanzano@chu.ulg.ac.be,ecriture_comptable_répartition_analyse_102021_v04.xlsx - Excel,Tâches diverses,2021-12-15,11:57:46,00:00:53
stefano.crapanzano@chu.ulg.ac.be,ecriture_comptable_répartition_analyse_102021_v04.xlsx - Excel,Tâches diverses,2021-12-15,11:59:01,00:01:49
stefano.crapanzano@chu.ulg.ac.be,ecriture_comptable_répartition_analyse_102021_v04.xlsx - Excel,Tâches diverses,2021-12-15,12:01:00,00:00:06
stefano.crapanzano@chu.ulg.ac.be,ecriture_comptable_répartition_analyse_102021_v04.xlsx - Excel,Tâches diverses,2021-12-15,12:01:22,00:01:31
stefano.crapanzano@chu.ulg.ac.be,ecriture_comptable_répartition_analyse_102021_v04.xlsx - Excel,Tâches diverses,2021-12-15,12:03:01,00:00:07
stefano.crapanzano@chu.ulg.ac.be,ecriture_comptable_répartition_analyse_102021_v04.xlsx - Excel,Tâches diverses,2021-12-15,12:03:35,00:01:15
stefano.crapanzano@chu.ulg.ac.be,ecriture_comptable_répartition_analyse_102021_v04.xlsx - Excel,Helpdesk général,2021-12-15,12:16:05,00:00:21
stefano.crapanzano@chu.ulg.ac.be,ecriture_comptable_répartition_analyse_102021_v04.xlsx - Excel,Tâches diverses,2021-12-15,12:18:00,00:00:02
stefano.crapanzano@chu.ulg.ac.be,ecriture_comptable_répartition_analyse_102021_v04.xlsx - Excel,Tâches diverses,2021-12-15,12:18:15,00:00:09
stefano.crapanzano@chu.ulg.ac.be,ecriture_comptable_répartition_analyse_102021_v04.xlsx - Excel,Tâches diverses,2021-12-15,12:23:10,00:00:05
stefano.crapanzano@chu.ulg.ac.be,ecriture_comptable_répartition_analyse_102021_v04.xlsx - Excel,Tâches diverses,2021-12-15,12:27:25,00:00:13
stefano.crapanzano@chu.ulg.ac.be,Connexions du classeur,Tâches diverses,2021-12-15,09:16:03,00:00:05
stefano.crapanzano@chu.ulg.ac.be,Connexions du classeur,Tâches diverses,2021-12-15,09:16:19,00:00:02
stefano.crapanzano@chu.ulg.ac.be,Connexions du classeur,Tâches diverses,2021-12-15,09:22:26,00:00:05
stefano.crapanzano@chu.ulg.ac.be,Connexions du classeur,Tâches diverses,2021-12-15,09:22:38,00:00:05
stefano.crapanzano@chu.ulg.ac.be,Connexions du classeur,Tâches diverses,2021-12-15,12:16:27,00:00:02
stefano.crapanzano@chu.ulg.ac.be,Connexions du classeur,Tâches diverses,2021-12-15,12:17:26,00:00:02
stefano.crapanzano@chu.ulg.ac.be,Connexions du classeur,Tâches diverses,2021-12-15,12:17:40,00:00:02
stefano.crapanzano@chu.ulg.ac.be,Connexions du classeur,Tâches diverses,2021-12-15,12:17:56,00:00:04
stefano.crapanzano@chu.ulg.ac.be,Connexions du classeur,Tâches diverses,2021-12-15,12:18:25,00:00:02
stefano.crapanzano@chu.ulg.ac.be,Connexions du classeur,Tâches diverses,2021-12-15,12:18:38,00:00:02
stefano.crapanzano@chu.ulg.ac.be,Connexions du classeur,Tâches diverses,2021-12-15,12:19:06,00:00:05
stefano.crapanzano@chu.ulg.ac.be,Connexions du classeur,Tâches diverses,2021-12-15,12:19:14,00:00:20
stefano.crapanzano@chu.ulg.ac.be,Connexions du classeur,Tâches diverses,2021-12-15,12:22:14,00:00:04
stefano.crapanzano@chu.ulg.ac.be,Connexions du classeur,Tâches diverses,2021-12-15,12:22:32,00:00:04
stefano.crapanzano@chu.ulg.ac.be,Connexions du classeur,Tâches diverses,2021-12-15,12:22:43,00:00:02
stefano.crapanzano@chu.ulg.ac.be,Connexions du classeur,Tâches diverses,2021-12-15,12:23:15,00:00:02
stefano.crapanzano@chu.ulg.ac.be,Connexions du classeur,Tâches diverses,2021-12-15,12:24:44,00:00:02
stefano.crapanzano@chu.ulg.ac.be,Connexions du classeur,Tâches diverses,2021-12-15,12:27:22,00:00:02
stefano.crapanzano@chu.ulg.ac.be,Propriétés de connexion,Tâches diverses,2021-12-15,09:16:08,00:00:10
stefano.crapanzano@chu.ulg.ac.be,Propriétés de connexion,Tâches diverses,2021-12-15,09:22:31,00:00:06
stefano.crapanzano@chu.ulg.ac.be,Propriétés de connexion,Tâches diverses,2021-12-15,12:16:30,00:00:47
stefano.crapanzano@chu.ulg.ac.be,Propriétés de connexion,Tâches diverses,2021-12-15,12:17:29,00:00:10
stefano.crapanzano@chu.ulg.ac.be,Propriétés de connexion,Tâches diverses,2021-12-15,12:18:41,00:00:19
stefano.crapanzano@chu.ulg.ac.be,Propriétés de connexion,Tâches diverses,2021-12-15,12:19:11,00:00:02
stefano.crapanzano@chu.ulg.ac.be,Propriétés de connexion,Tâches diverses,2021-12-15,12:22:19,00:00:13
stefano.crapanzano@chu.ulg.ac.be,Propriétés de connexion,Tâches diverses,2021-12-15,12:22:46,00:00:22
stefano.crapanzano@chu.ulg.ac.be,Programmation,IT,2021-12-15,09:22:43,00:00:11
stefano.crapanzano@chu.ulg.ac.be,Programmation,IT,2021-12-15,09:22:56,00:00:02
stefano.crapanzano@chu.ulg.ac.be,Programmation,IT,2021-12-15,09:23:29,00:00:17
stefano.crapanzano@chu.ulg.ac.be,Programmation,IT,2021-12-15,12:24:17,00:00:14
stefano.crapanzano@chu.ulg.ac.be,Brouillons - erp.sai@chuliege.be - Mozilla Thunderbird,Helpdesk général,2021-12-15,10:52:46,00:00:10
stefano.crapanzano@chu.ulg.ac.be,SAP Easy Access Menu de base Applications financières-économiques,Exploration SAP,2021-12-15,10:58:22,00:00:03
stefano.crapanzano@chu.ulg.ac.be,SAP Easy Access Menu de base Applications financières-économiques,Exploration SAP,2021-12-15,10:59:18,00:00:08
stefano.crapanzano@chu.ulg.ac.be,Synthèse IDocs,Exploration SAP,2021-12-15,10:58:26,00:00:06
stefano.crapanzano@chu.ulg.ac.be,Overzicht IDocs,Exploration SAP,2021-12-15,10:58:33,00:00:06
stefano.crapanzano@chu.ulg.ac.be,Affichage de l'IDoc : 0000000000360982,Exploration SAP,2021-12-15,10:58:40,00:00:38
stefano.crapanzano@chu.ulg.ac.be,Affichage de l'IDoc : 0000000000360982,Exploration SAP,2021-12-15,10:59:44,00:01:23
stefano.crapanzano@chu.ulg.ac.be,Affichage de l'IDoc : 0000000000360982,Exploration SAP,2021-12-15,11:01:57,00:00:22
stefano.crapanzano@chu.ulg.ac.be,Affichage de l'IDoc : 0000000000360982,Exploration SAP,2021-12-15,11:12:47,00:00:03
stefano.crapanzano@chu.ulg.ac.be,Affichage de l'IDoc : 0000000000360982,Exploration SAP,2021-12-15,11:13:02,00:00:02
stefano.crapanzano@chu.ulg.ac.be,Affichage de l'IDoc : 0000000000360982,Exploration SAP,2021-12-15,11:13:57,00:00:02
stefano.crapanzano@chu.ulg.ac.be,Commande interv. 40 4000236820 créée par WEBUSERCHU,Exploration SAP,2021-12-15,10:59:26,00:00:02
stefano.crapanzano@chu.ulg.ac.be,Sélectionner document,Exploration SAP,2021-12-15,10:59:29,00:00:06
stefano.crapanzano@chu.ulg.ac.be,TypeAheadPopup,Exploration SAP,2021-12-15,10:59:36,00:00:02
stefano.crapanzano@chu.ulg.ac.be,Afficher Demande d'achat 144151,Exploration SAP,2021-12-15,10:59:38,00:00:05
stefano.crapanzano@chu.ulg.ac.be,Afficher Demande d'achat 144151,Exploration SAP,2021-12-15,11:01:08,00:00:48
stefano.crapanzano@chu.ulg.ac.be,Log in - Service Desk - Google Chrome,Tâches diverses,2021-12-15,11:02:51,00:00:16
stefano.crapanzano@chu.ulg.ac.be,CLONE - P203 CHU IDoc 329798 statut 51 car un article est en statut bloqué : toute la demande de réapprovisionnement est bloquée - Xperthis ERP4HC 1.0 - Service d'assistance - Google Chrome,Tâches diverses,2021-12-15,11:03:20,00:02:09
stefano.crapanzano@chu.ulg.ac.be,CLONE - P203 CHU IDoc 329798 statut 51 car un article est en statut bloqué : toute la demande de réapprovisionnement est bloquée - Xperthis ERP4HC 1.0 - Service d'assistance - Google Chrome,Tâches diverses,2021-12-15,11:05:45,00:00:09
stefano.crapanzano@chu.ulg.ac.be,CLONE - P203 CHU IDoc 329798 statut 51 car un article est en statut bloqué : toute la demande de réapprovisionnement est bloquée - Xperthis ERP4HC 1.0 - Service d'assistance - Google Chrome,Helpdesk général,2021-12-15,11:06:25,00:00:09
stefano.crapanzano@chu.ulg.ac.be,CLONE - P203 CHU IDoc 329798 statut 51 car un article est en statut bloqué : toute la demande de réapprovisionnement est bloquée - Xperthis ERP4HC 1.0 - Service d'assistance - Google Chrome,Tâches diverses,2021-12-15,11:06:36,00:01:05
stefano.crapanzano@chu.ulg.ac.be,CLONE - P203 CHU IDoc 329798 statut 51 car un article est en statut bloqué : toute la demande de réapprovisionnement est bloquée - Xperthis ERP4HC 1.0 - Service d'assistance - Google Chrome,Tâches diverses,2021-12-15,11:08:42,00:00:09
stefano.crapanzano@chu.ulg.ac.be,CLONE - P203 CHU IDoc 329798 statut 51 car un article est en statut bloqué : toute la demande de réapprovisionnement est bloquée - Xperthis ERP4HC 1.0 - Service d'assistance - Google Chrome,Tâches diverses,2021-12-15,11:13:51,00:00:02
stefano.crapanzano@chu.ulg.ac.be,CLONE - P203 CHU IDoc 329798 statut 51 car un article est en statut bloqué : toute la demande de réapprovisionnement est bloquée - Xperthis ERP4HC 1.0 - Service d'assistance - Google Chrome,Tâches diverses,2021-12-15,11:14:00,00:01:18
stefano.crapanzano@chu.ulg.ac.be,Rédaction : (pas de sujet) - Thunderbird,Helpdesk général,2021-12-15,11:05:34,00:00:04
stefano.crapanzano@chu.ulg.ac.be,Rédaction : SDERP-18360 - Thunderbird,Helpdesk général,2021-12-15,11:05:38,00:00:05
stefano.crapanzano@chu.ulg.ac.be,Rédaction : SDERP-18360 - Thunderbird,Helpdesk général,2021-12-15,11:05:54,00:00:31
stefano.crapanzano@chu.ulg.ac.be,18360 - Mozilla Thunderbird,Helpdesk général,2021-12-15,11:07:45,00:00:05
stefano.crapanzano@chu.ulg.ac.be,SDERP-18360 CLONE - P203 CHU IDoc 329798 statut 51 car un article est en statut bloqué : toute la demande de réapprovisionnement est bloquée - Mozilla Thunderbird,Helpdesk général,2021-12-15,11:07:50,00:00:24
stefano.crapanzano@chu.ulg.ac.be,SDERP-18360 CLONE - P203 CHU IDoc 329798 statut 51 car un article est en statut bloqué : toute la demande de réapprovisionnement est bloquée - Mozilla Thunderbird,Helpdesk général,2021-12-15,11:12:11,00:00:29
stefano.crapanzano@chu.ulg.ac.be,Rédaction : Re: SDERP-18360 CLONE - P203 CHU IDoc 329798 statut 51 car un article est en statut bloqué : toute la demande de réapprovisionnement est bloquée - Thunderbird,Helpdesk général,2021-12-15,11:08:16,00:00:25
stefano.crapanzano@chu.ulg.ac.be,Rédaction : Re: SDERP-18360 CLONE - P203 CHU IDoc 329798 statut 51 car un article est en statut bloqué : toute la demande de réapprovisionnement est bloquée - Thunderbird,Helpdesk général,2021-12-15,11:08:51,00:03:19
stefano.crapanzano@chu.ulg.ac.be,Rédaction : Re: SDERP-18360 CLONE - P203 CHU IDoc 329798 statut 51 car un article est en statut bloqué : toute la demande de réapprovisionnement est bloquée - Thunderbird,Helpdesk général,2021-12-15,11:12:53,00:00:09
stefano.crapanzano@chu.ulg.ac.be,Rédaction : Re: SDERP-18360 CLONE - P203 CHU IDoc 329798 statut 51 car un article est en statut bloqué : toute la demande de réapprovisionnement est bloquée - Thunderbird,Helpdesk général,2021-12-15,11:13:09,00:00:37
stefano.crapanzano@chu.ulg.ac.be,Vérification de l’orthographe,Helpdesk général,2021-12-15,11:13:46,00:00:02
stefano.crapanzano@chu.ulg.ac.be,user CHUC054864 bloqué sur A03 - Xperthis ERP4HC 2.0 Rollout - Service d'assistance - Google Chrome,Tâches diverses,2021-12-15,11:15:26,00:00:08
stefano.crapanzano@chu.ulg.ac.be,Microsoft Excel,Tâches diverses,2021-12-15,11:33:10,00:00:02
stefano.crapanzano@chu.ulg.ac.be,Microsoft Excel,Tâches diverses,2021-12-15,12:03:09,00:00:26
stefano.crapanzano@chu.ulg.ac.be,Microsoft Excel,Tâches diverses,2021-12-15,12:17:17,00:00:02
stefano.crapanzano@chu.ulg.ac.be,Microsoft Excel,Tâches diverses,2021-12-15,12:17:43,00:00:02
stefano.crapanzano@chu.ulg.ac.be,Microsoft Excel,Tâches diverses,2021-12-15,12:18:27,00:00:02
stefano.crapanzano@chu.ulg.ac.be,Microsoft Excel,Tâches diverses,2021-12-15,12:18:35,00:00:02
stefano.crapanzano@chu.ulg.ac.be,Microsoft Excel,Tâches diverses,2021-12-15,12:19:01,00:00:02
stefano.crapanzano@chu.ulg.ac.be,Microsoft Excel,Tâches diverses,2021-12-15,12:22:40,00:00:02
stefano.crapanzano@chu.ulg.ac.be,Microsoft Excel,Tâches diverses,2021-12-15,12:24:36,00:00:08
stefano.crapanzano@chu.ulg.ac.be,Ouverture -Excel,Tâches diverses,2021-12-15,11:34:03,00:00:03
stefano.crapanzano@chu.ulg.ac.be,Ouverture -Excel,Tâches diverses,2021-12-15,12:18:10,00:00:02
stefano.crapanzano@chu.ulg.ac.be,Excel,Tâches diverses,2021-12-15,11:34:07,00:00:02
stefano.crapanzano@chu.ulg.ac.be,Excel,Tâches diverses,2021-12-15,12:18:13,00:00:02
stefano.crapanzano@chu.ulg.ac.be,Rechercher et remplacer,Tâches diverses,2021-12-15,11:34:32,00:00:04
stefano.crapanzano@chu.ulg.ac.be,Rechercher et remplacer,Tâches diverses,2021-12-15,11:38:13,00:00:58
stefano.crapanzano@chu.ulg.ac.be,Rechercher et remplacer,Tâches diverses,2021-12-15,11:39:25,00:00:17
stefano.crapanzano@chu.ulg.ac.be,Rechercher et remplacer,Tâches diverses,2021-12-15,11:58:40,00:00:21
stefano.crapanzano@chu.ulg.ac.be,Rechercher et remplacer,Tâches diverses,2021-12-15,12:00:51,00:00:09
stefano.crapanzano@chu.ulg.ac.be,Rechercher et remplacer,Tâches diverses,2021-12-15,12:01:07,00:00:14
stefano.crapanzano@chu.ulg.ac.be,Rechercher et remplacer,Tâches diverses,2021-12-15,12:02:53,00:00:08
stefano.crapanzano@chu.ulg.ac.be,Sélectionner la source de données,Tâches diverses,2021-12-15,12:17:20,00:00:06
stefano.crapanzano@chu.ulg.ac.be,Sélectionner la source de données,Tâches diverses,2021-12-15,12:17:45,00:00:10
stefano.crapanzano@chu.ulg.ac.be,Sélectionner la source de données,Tâches diverses,2021-12-15,12:18:30,00:00:05
stefano.crapanzano@chu.ulg.ac.be,Sélectionner la source de données,Tâches diverses,2021-12-15,12:19:03,00:00:02
stefano.crapanzano@chu.ulg.ac.be,Sélectionner la source de données,Tâches diverses,2021-12-15,12:22:37,00:00:02
stefano.crapanzano@chu.ulg.ac.be,Connexions existantes,Tâches diverses,2021-12-15,12:23:18,00:00:02
stefano.crapanzano@chu.ulg.ac.be,Propriétés des liaisons de données,Tâches diverses,2021-12-15,12:23:21,00:00:18
stefano.crapanzano@chu.ulg.ac.be,Propriétés des liaisons de données,Tâches diverses,2021-12-15,12:24:34,00:00:02
stefano.crapanzano@chu.ulg.ac.be,Propriétés des liaisons de données,Tâches diverses,2021-12-15,12:24:50,00:00:09
stefano.crapanzano@chu.ulg.ac.be,Propriétés des liaisons de données,Tâches diverses,2021-12-15,12:25:03,00:00:14
stefano.crapanzano@chu.ulg.ac.be,Propriétés des liaisons de données,Tâches diverses,2021-12-15,12:25:21,00:00:08
stefano.crapanzano@chu.ulg.ac.be,Propriétés des liaisons de données,Tâches diverses,2021-12-15,12:25:53,00:00:18
stefano.crapanzano@chu.ulg.ac.be,Propriétés des liaisons de données,Tâches diverses,2021-12-15,12:26:17,00:00:05
stefano.crapanzano@chu.ulg.ac.be,Propriétés des liaisons de données,Tâches diverses,2021-12-15,12:26:34,00:00:06
stefano.crapanzano@chu.ulg.ac.be,Propriétés des liaisons de données,Tâches diverses,2021-12-15,12:26:55,00:00:04
stefano.crapanzano@chu.ulg.ac.be,Propriétés des liaisons de données,Tâches diverses,2021-12-15,12:27:18,00:00:02
stefano.crapanzano@chu.ulg.ac.be,Nouvel onglet - Google Chrome,Tâches diverses,2021-12-15,12:23:44,00:00:04
stefano.crapanzano@chu.ulg.ac.be,Teampass - Google Chrome,Tâches diverses,2021-12-15,12:23:48,00:00:29
stefano.crapanzano@chu.ulg.ac.be,Erreur de liaison de données Microsoft,Tâches diverses,2021-12-15,12:25:18,00:00:02
stefano.crapanzano@chu.ulg.ac.be,Erreur de liaison de données Microsoft,Tâches diverses,2021-12-15,12:26:12,00:00:05
stefano.crapanzano@chu.ulg.ac.be,Liaison de données Microsoft,Tâches diverses,2021-12-15,12:26:24,00:00:02
stefano.crapanzano@chu.ulg.ac.be,GOAL - LABO - Stocks des articles du réceptionnaire STNLAHEM6 - Google Chrome,Tâches diverses,2021-12-15,12:28:09,00:00:25
stefano.crapanzano@chu.ulg.ac.be,GOAL - LABO - Stocks des articles - Google Chrome,Tâches diverses,2021-12-15,12:28:35,00:00:08
stefano.crapanzano@chu.ulg.ac.be,GOAL - LABO - Stocks des articles du réceptionnaire STNLAMICR - Google Chrome,Tâches diverses,2021-12-15,12:28:43,00:00:31
stefano.crapanzano@chu.ulg.ac.be,GOAL - LABO - Stocks des articles du réceptionnaire STNLAMICR - Google Chrome,Tâches diverses,2021-12-15,12:29:16,00:02:17
