Email,Description,Project,Start date,Start time,Duration
stefano.crapanzano@chu.ulg.ac.be,Administrateur : C:\Windows\system32\cmd.exe - python  main.py,IT,2021-12-14,08:35:08,00:00:02
stefano.crapanzano@chu.ulg.ac.be,Administrateur : C:\Windows\system32\cmd.exe - python  main.py,IT,2021-12-14,08:44:45,00:00:06
stefano.crapanzano@chu.ulg.ac.be,Courrier entrant - stefano.crapanzano@chuliege.be - Mozilla Thunderbird,Helpdesk général,2021-12-14,08:44:58,00:00:02
stefano.crapanzano@chu.ulg.ac.be,Courrier entrant - stefano.crapanzano@chuliege.be - Mozilla Thunderbird,Helpdesk général,2021-12-14,08:53:56,00:01:15
stefano.crapanzano@chu.ulg.ac.be,Courrier entrant - stefano.crapanzano@chuliege.be - Mozilla Thunderbird,Helpdesk général,2021-12-14,08:55:20,00:00:05
stefano.crapanzano@chu.ulg.ac.be,Courrier entrant - stefano.crapanzano@chuliege.be - Mozilla Thunderbird,Helpdesk général,2021-12-14,10:39:40,00:00:26
stefano.crapanzano@chu.ulg.ac.be,Courrier entrant - stefano.crapanzano@chuliege.be - Mozilla Thunderbird,Helpdesk général,2021-12-14,10:40:55,00:00:02
stefano.crapanzano@chu.ulg.ac.be,Courrier entrant - stefano.crapanzano@chuliege.be - Mozilla Thunderbird,Helpdesk général,2021-12-14,11:07:01,00:00:02
stefano.crapanzano@chu.ulg.ac.be,Courrier entrant - stefano.crapanzano@chuliege.be - Mozilla Thunderbird,Helpdesk général,2021-12-14,11:16:05,00:00:02
stefano.crapanzano@chu.ulg.ac.be,Courrier entrant - stefano.crapanzano@chuliege.be - Mozilla Thunderbird,Helpdesk général,2021-12-14,12:01:24,00:00:32
stefano.crapanzano@chu.ulg.ac.be,Courrier entrant - stefano.crapanzano@chuliege.be - Mozilla Thunderbird,Helpdesk général,2021-12-14,12:15:24,00:00:02
stefano.crapanzano@chu.ulg.ac.be,Courrier entrant - stefano.crapanzano@chuliege.be - Mozilla Thunderbird,Helpdesk général,2021-12-14,12:30:32,00:00:02
stefano.crapanzano@chu.ulg.ac.be,Courrier entrant - stefano.crapanzano@chuliege.be - Mozilla Thunderbird,Helpdesk général,2021-12-14,12:49:43,00:00:28
stefano.crapanzano@chu.ulg.ac.be,Courrier entrant - stefano.crapanzano@chuliege.be - Mozilla Thunderbird,Helpdesk général,2021-12-14,12:50:46,00:00:56
stefano.crapanzano@chu.ulg.ac.be,Courrier entrant - stefano.crapanzano@chuliege.be - Mozilla Thunderbird,Helpdesk général,2021-12-14,12:52:08,00:00:02
stefano.crapanzano@chu.ulg.ac.be,Courrier entrant - stefano.crapanzano@chuliege.be - Mozilla Thunderbird,Helpdesk général,2021-12-14,13:05:35,00:00:06
stefano.crapanzano@chu.ulg.ac.be,Courrier entrant - stefano.crapanzano@chuliege.be - Mozilla Thunderbird,Helpdesk général,2021-12-14,13:27:31,00:00:05
stefano.crapanzano@chu.ulg.ac.be,Courrier entrant - stefano.crapanzano@chuliege.be - Mozilla Thunderbird,Helpdesk général,2021-12-14,14:32:37,00:02:33
stefano.crapanzano@chu.ulg.ac.be,Courrier entrant - stefano.crapanzano@chuliege.be - Mozilla Thunderbird,Helpdesk général,2021-12-14,15:13:25,00:00:02
stefano.crapanzano@chu.ulg.ac.be,Courrier entrant - stefano.crapanzano@chuliege.be - Mozilla Thunderbird,Helpdesk général,2021-12-14,15:27:44,00:00:02
stefano.crapanzano@chu.ulg.ac.be,Courrier entrant - stefano.crapanzano@chuliege.be - Mozilla Thunderbird,Helpdesk général,2021-12-14,15:47:05,00:00:40
stefano.crapanzano@chu.ulg.ac.be,Courrier entrant - stefano.crapanzano@chuliege.be - Mozilla Thunderbird,Helpdesk général,2021-12-14,15:49:28,00:00:09
stefano.crapanzano@chu.ulg.ac.be,Courrier entrant - stefano.crapanzano@chuliege.be - Mozilla Thunderbird,Helpdesk général,2021-12-14,15:50:58,00:00:02
stefano.crapanzano@chu.ulg.ac.be,Courrier entrant - stefano.crapanzano@chuliege.be - Mozilla Thunderbird,Helpdesk général,2021-12-14,16:09:00,00:00:02
stefano.crapanzano@chu.ulg.ac.be,Courrier entrant - stefano.crapanzano@chuliege.be - Mozilla Thunderbird,Helpdesk général,2021-12-14,16:21:01,00:00:48
stefano.crapanzano@chu.ulg.ac.be,Courrier entrant - stefano.crapanzano@chuliege.be - Mozilla Thunderbird,Helpdesk général,2021-12-14,16:34:17,00:00:06
stefano.crapanzano@chu.ulg.ac.be,Courrier entrant - erp.sai@chuliege.be - Mozilla Thunderbird,Helpdesk général,2021-12-14,08:35:12,00:07:48
stefano.crapanzano@chu.ulg.ac.be,Courrier entrant - erp.sai@chuliege.be - Mozilla Thunderbird,Helpdesk général,2021-12-14,08:43:02,00:01:42
stefano.crapanzano@chu.ulg.ac.be,Courrier entrant - erp.sai@chuliege.be - Mozilla Thunderbird,Helpdesk général,2021-12-14,08:44:56,00:00:02
stefano.crapanzano@chu.ulg.ac.be,Courrier entrant - erp.sai@chuliege.be - Mozilla Thunderbird,Helpdesk général,2021-12-14,08:45:14,00:08:41
stefano.crapanzano@chu.ulg.ac.be,Courrier entrant - erp.sai@chuliege.be - Mozilla Thunderbird,Helpdesk général,2021-12-14,08:55:25,00:00:02
stefano.crapanzano@chu.ulg.ac.be,Courrier entrant - erp.sai@chuliege.be - Mozilla Thunderbird,Helpdesk général,2021-12-14,10:05:43,00:02:26
stefano.crapanzano@chu.ulg.ac.be,Courrier entrant - erp.sai@chuliege.be - Mozilla Thunderbird,Helpdesk général,2021-12-14,10:08:33,00:00:02
stefano.crapanzano@chu.ulg.ac.be,Courrier entrant - erp.sai@chuliege.be - Mozilla Thunderbird,Helpdesk général,2021-12-14,10:08:42,00:00:07
stefano.crapanzano@chu.ulg.ac.be,Courrier entrant - erp.sai@chuliege.be - Mozilla Thunderbird,Helpdesk général,2021-12-14,10:11:25,00:00:18
stefano.crapanzano@chu.ulg.ac.be,Courrier entrant - erp.sai@chuliege.be - Mozilla Thunderbird,Helpdesk général,2021-12-14,10:25:02,00:00:39
stefano.crapanzano@chu.ulg.ac.be,Courrier entrant - erp.sai@chuliege.be - Mozilla Thunderbird,Helpdesk général,2021-12-14,10:27:48,00:00:05
stefano.crapanzano@chu.ulg.ac.be,Courrier entrant - erp.sai@chuliege.be - Mozilla Thunderbird,Helpdesk général,2021-12-14,10:27:54,00:00:21
stefano.crapanzano@chu.ulg.ac.be,Courrier entrant - erp.sai@chuliege.be - Mozilla Thunderbird,Helpdesk général,2021-12-14,10:28:18,00:00:26
stefano.crapanzano@chu.ulg.ac.be,Courrier entrant - erp.sai@chuliege.be - Mozilla Thunderbird,Helpdesk général,2021-12-14,10:32:13,00:00:05
stefano.crapanzano@chu.ulg.ac.be,Courrier entrant - erp.sai@chuliege.be - Mozilla Thunderbird,Helpdesk général,2021-12-14,10:37:42,00:00:03
stefano.crapanzano@chu.ulg.ac.be,Courrier entrant - erp.sai@chuliege.be - Mozilla Thunderbird,Helpdesk général,2021-12-14,10:37:47,00:00:15
stefano.crapanzano@chu.ulg.ac.be,Courrier entrant - erp.sai@chuliege.be - Mozilla Thunderbird,Helpdesk général,2021-12-14,10:38:33,00:00:55
stefano.crapanzano@chu.ulg.ac.be,Courrier entrant - erp.sai@chuliege.be - Mozilla Thunderbird,Helpdesk général,2021-12-14,10:40:58,00:00:03
stefano.crapanzano@chu.ulg.ac.be,Courrier entrant - erp.sai@chuliege.be - Mozilla Thunderbird,Helpdesk général,2021-12-14,10:46:17,00:00:06
stefano.crapanzano@chu.ulg.ac.be,Courrier entrant - erp.sai@chuliege.be - Mozilla Thunderbird,Helpdesk général,2021-12-14,10:48:19,00:00:21
stefano.crapanzano@chu.ulg.ac.be,Courrier entrant - erp.sai@chuliege.be - Mozilla Thunderbird,Helpdesk général,2021-12-14,10:48:42,00:00:09
stefano.crapanzano@chu.ulg.ac.be,Courrier entrant - erp.sai@chuliege.be - Mozilla Thunderbird,Tâches diverses,2021-12-14,10:51:59,00:15:02
stefano.crapanzano@chu.ulg.ac.be,Courrier entrant - erp.sai@chuliege.be - Mozilla Thunderbird,Helpdesk général,2021-12-14,11:07:04,00:02:21
stefano.crapanzano@chu.ulg.ac.be,Courrier entrant - erp.sai@chuliege.be - Mozilla Thunderbird,Helpdesk général,2021-12-14,11:16:03,00:00:02
stefano.crapanzano@chu.ulg.ac.be,Courrier entrant - erp.sai@chuliege.be - Mozilla Thunderbird,Helpdesk général,2021-12-14,11:16:08,00:00:21
stefano.crapanzano@chu.ulg.ac.be,Courrier entrant - erp.sai@chuliege.be - Mozilla Thunderbird,Tâches diverses,2021-12-14,11:17:02,00:00:06
stefano.crapanzano@chu.ulg.ac.be,Courrier entrant - erp.sai@chuliege.be - Mozilla Thunderbird,Helpdesk général,2021-12-14,11:22:35,00:00:05
stefano.crapanzano@chu.ulg.ac.be,Courrier entrant - erp.sai@chuliege.be - Mozilla Thunderbird,Helpdesk général,2021-12-14,11:34:30,00:00:18
stefano.crapanzano@chu.ulg.ac.be,Courrier entrant - erp.sai@chuliege.be - Mozilla Thunderbird,Tâches diverses,2021-12-14,11:35:53,00:00:05
stefano.crapanzano@chu.ulg.ac.be,Courrier entrant - erp.sai@chuliege.be - Mozilla Thunderbird,Helpdesk général,2021-12-14,11:50:39,00:00:02
stefano.crapanzano@chu.ulg.ac.be,Courrier entrant - erp.sai@chuliege.be - Mozilla Thunderbird,Helpdesk général,2021-12-14,11:55:36,00:00:03
stefano.crapanzano@chu.ulg.ac.be,Courrier entrant - erp.sai@chuliege.be - Mozilla Thunderbird,Helpdesk général,2021-12-14,11:55:41,00:00:10
stefano.crapanzano@chu.ulg.ac.be,Courrier entrant - erp.sai@chuliege.be - Mozilla Thunderbird,Tâches diverses,2021-12-14,12:01:21,00:00:02
stefano.crapanzano@chu.ulg.ac.be,Courrier entrant - erp.sai@chuliege.be - Mozilla Thunderbird,Helpdesk général,2021-12-14,12:01:56,00:02:29
stefano.crapanzano@chu.ulg.ac.be,Courrier entrant - erp.sai@chuliege.be - Mozilla Thunderbird,Helpdesk général,2021-12-14,12:13:34,00:00:16
stefano.crapanzano@chu.ulg.ac.be,Courrier entrant - erp.sai@chuliege.be - Mozilla Thunderbird,Helpdesk général,2021-12-14,12:14:05,00:00:10
stefano.crapanzano@chu.ulg.ac.be,Courrier entrant - erp.sai@chuliege.be - Mozilla Thunderbird,Helpdesk général,2021-12-14,12:15:05,00:00:18
stefano.crapanzano@chu.ulg.ac.be,Courrier entrant - erp.sai@chuliege.be - Mozilla Thunderbird,Helpdesk général,2021-12-14,12:15:26,00:00:02
stefano.crapanzano@chu.ulg.ac.be,Courrier entrant - erp.sai@chuliege.be - Mozilla Thunderbird,Helpdesk général,2021-12-14,12:15:48,00:00:05
stefano.crapanzano@chu.ulg.ac.be,Courrier entrant - erp.sai@chuliege.be - Mozilla Thunderbird,Helpdesk général,2021-12-14,12:18:07,00:00:09
stefano.crapanzano@chu.ulg.ac.be,Courrier entrant - erp.sai@chuliege.be - Mozilla Thunderbird,Helpdesk général,2021-12-14,12:30:04,00:00:28
stefano.crapanzano@chu.ulg.ac.be,Courrier entrant - erp.sai@chuliege.be - Mozilla Thunderbird,Helpdesk général,2021-12-14,13:05:42,00:00:02
stefano.crapanzano@chu.ulg.ac.be,Courrier entrant - erp.sai@chuliege.be - Mozilla Thunderbird,Helpdesk général,2021-12-14,13:22:32,00:00:10
stefano.crapanzano@chu.ulg.ac.be,Courrier entrant - erp.sai@chuliege.be - Mozilla Thunderbird,Helpdesk général,2021-12-14,13:32:47,00:00:02
stefano.crapanzano@chu.ulg.ac.be,Courrier entrant - erp.sai@chuliege.be - Mozilla Thunderbird,Helpdesk général,2021-12-14,13:32:51,00:00:02
stefano.crapanzano@chu.ulg.ac.be,Courrier entrant - erp.sai@chuliege.be - Mozilla Thunderbird,Helpdesk général,2021-12-14,13:32:57,00:00:20
stefano.crapanzano@chu.ulg.ac.be,Courrier entrant - erp.sai@chuliege.be - Mozilla Thunderbird,Helpdesk général,2021-12-14,13:40:20,00:00:02
stefano.crapanzano@chu.ulg.ac.be,Courrier entrant - erp.sai@chuliege.be - Mozilla Thunderbird,Helpdesk général,2021-12-14,13:40:24,00:00:02
stefano.crapanzano@chu.ulg.ac.be,Courrier entrant - erp.sai@chuliege.be - Mozilla Thunderbird,Helpdesk général,2021-12-14,13:40:39,00:00:09
stefano.crapanzano@chu.ulg.ac.be,Courrier entrant - erp.sai@chuliege.be - Mozilla Thunderbird,Helpdesk général,2021-12-14,13:51:31,00:00:05
stefano.crapanzano@chu.ulg.ac.be,Courrier entrant - erp.sai@chuliege.be - Mozilla Thunderbird,Helpdesk général,2021-12-14,13:56:35,00:00:04
stefano.crapanzano@chu.ulg.ac.be,Courrier entrant - erp.sai@chuliege.be - Mozilla Thunderbird,Helpdesk général,2021-12-14,14:26:52,00:00:05
stefano.crapanzano@chu.ulg.ac.be,Courrier entrant - erp.sai@chuliege.be - Mozilla Thunderbird,Helpdesk général,2021-12-14,14:58:14,00:00:04
stefano.crapanzano@chu.ulg.ac.be,Courrier entrant - erp.sai@chuliege.be - Mozilla Thunderbird,Helpdesk général,2021-12-14,14:58:24,00:00:05
stefano.crapanzano@chu.ulg.ac.be,Courrier entrant - erp.sai@chuliege.be - Mozilla Thunderbird,Helpdesk général,2021-12-14,15:13:21,00:00:04
stefano.crapanzano@chu.ulg.ac.be,Courrier entrant - erp.sai@chuliege.be - Mozilla Thunderbird,Helpdesk général,2021-12-14,15:47:45,00:01:42
stefano.crapanzano@chu.ulg.ac.be,Courrier entrant - erp.sai@chuliege.be - Mozilla Thunderbird,Helpdesk général,2021-12-14,15:49:37,00:00:02
stefano.crapanzano@chu.ulg.ac.be,Courrier entrant - erp.sai@chuliege.be - Mozilla Thunderbird,Helpdesk général,2021-12-14,15:49:44,00:01:14
stefano.crapanzano@chu.ulg.ac.be,Courrier entrant - erp.sai@chuliege.be - Mozilla Thunderbird,Helpdesk général,2021-12-14,15:51:01,00:01:19
stefano.crapanzano@chu.ulg.ac.be,Courrier entrant - erp.sai@chuliege.be - Mozilla Thunderbird,Helpdesk général,2021-12-14,16:07:45,00:00:02
stefano.crapanzano@chu.ulg.ac.be,Courrier entrant - erp.sai@chuliege.be - Mozilla Thunderbird,Helpdesk général,2021-12-14,16:08:57,00:00:02
stefano.crapanzano@chu.ulg.ac.be,Courrier entrant - erp.sai@chuliege.be - Mozilla Thunderbird,Helpdesk général,2021-12-14,16:20:59,00:00:02
stefano.crapanzano@chu.ulg.ac.be,Courrier entrant - erp.sai@chuliege.be - Mozilla Thunderbird,Helpdesk général,2021-12-14,16:27:14,00:00:37
stefano.crapanzano@chu.ulg.ac.be,Courrier entrant - erp.sai@chuliege.be - Mozilla Thunderbird,Helpdesk général,2021-12-14,16:34:14,00:00:02
stefano.crapanzano@chu.ulg.ac.be,Lecture documentation,Tâches diverses,2021-12-14,08:44:51,00:00:02
stefano.crapanzano@chu.ulg.ac.be,Lecture documentation,Tâches diverses,2021-12-14,12:15:45,00:00:02
stefano.crapanzano@chu.ulg.ac.be,Envoyés - erp.sai@chuliege.be - Mozilla Thunderbird,Helpdesk général,2021-12-14,08:45:02,00:00:12
stefano.crapanzano@chu.ulg.ac.be,Envoyés - erp.sai@chuliege.be - Mozilla Thunderbird,Helpdesk général,2021-12-14,08:55:28,00:06:23
stefano.crapanzano@chu.ulg.ac.be,Envoyés - erp.sai@chuliege.be - Mozilla Thunderbird,Helpdesk général,2021-12-14,10:05:40,00:00:02
stefano.crapanzano@chu.ulg.ac.be,Envoyés - erp.sai@chuliege.be - Mozilla Thunderbird,Helpdesk général,2021-12-14,10:28:45,00:00:06
stefano.crapanzano@chu.ulg.ac.be,Envoyés - erp.sai@chuliege.be - Mozilla Thunderbird,Helpdesk général,2021-12-14,10:31:20,00:00:52
stefano.crapanzano@chu.ulg.ac.be,Envoyés - erp.sai@chuliege.be - Mozilla Thunderbird,Helpdesk général,2021-12-14,11:17:09,00:00:17
stefano.crapanzano@chu.ulg.ac.be,Envoyés - erp.sai@chuliege.be - Mozilla Thunderbird,Helpdesk général,2021-12-14,11:22:33,00:00:02
stefano.crapanzano@chu.ulg.ac.be,Envoyés - erp.sai@chuliege.be - Mozilla Thunderbird,Helpdesk général,2021-12-14,11:22:41,00:00:28
stefano.crapanzano@chu.ulg.ac.be,Envoyés - erp.sai@chuliege.be - Mozilla Thunderbird,Helpdesk général,2021-12-14,12:04:26,00:09:08
stefano.crapanzano@chu.ulg.ac.be,Envoyés - erp.sai@chuliege.be - Mozilla Thunderbird,Helpdesk général,2021-12-14,12:15:53,00:00:05
stefano.crapanzano@chu.ulg.ac.be,Envoyés - erp.sai@chuliege.be - Mozilla Thunderbird,Helpdesk général,2021-12-14,12:18:02,00:00:05
stefano.crapanzano@chu.ulg.ac.be,Envoyés - erp.sai@chuliege.be - Mozilla Thunderbird,Helpdesk général,2021-12-14,12:52:11,00:00:16
stefano.crapanzano@chu.ulg.ac.be,Envoyés - erp.sai@chuliege.be - Mozilla Thunderbird,Helpdesk général,2021-12-14,13:05:45,00:01:30
stefano.crapanzano@chu.ulg.ac.be,Envoyés - erp.sai@chuliege.be - Mozilla Thunderbird,Helpdesk général,2021-12-14,13:32:54,00:00:02
stefano.crapanzano@chu.ulg.ac.be,Envoyés - erp.sai@chuliege.be - Mozilla Thunderbird,Helpdesk général,2021-12-14,13:56:39,00:00:10
stefano.crapanzano@chu.ulg.ac.be,Envoyés - erp.sai@chuliege.be - Mozilla Thunderbird,Helpdesk général,2021-12-14,14:05:51,00:00:02
stefano.crapanzano@chu.ulg.ac.be,Envoyés - erp.sai@chuliege.be - Mozilla Thunderbird,Helpdesk général,2021-12-14,14:09:55,00:00:02
stefano.crapanzano@chu.ulg.ac.be,Envoyés - erp.sai@chuliege.be - Mozilla Thunderbird,Helpdesk général,2021-12-14,14:24:23,00:00:02
stefano.crapanzano@chu.ulg.ac.be,Envoyés - erp.sai@chuliege.be - Mozilla Thunderbird,Helpdesk général,2021-12-14,14:26:57,00:02:15
stefano.crapanzano@chu.ulg.ac.be,Envoyés - erp.sai@chuliege.be - Mozilla Thunderbird,Helpdesk général,2021-12-14,14:32:35,00:00:02
stefano.crapanzano@chu.ulg.ac.be,Envoyés - erp.sai@chuliege.be - Mozilla Thunderbird,Helpdesk général,2021-12-14,14:58:18,00:00:05
stefano.crapanzano@chu.ulg.ac.be,Envoyés - erp.sai@chuliege.be - Mozilla Thunderbird,Helpdesk général,2021-12-14,15:49:40,00:00:04
stefano.crapanzano@chu.ulg.ac.be,Envoyés - erp.sai@chuliege.be - Mozilla Thunderbird,Helpdesk général,2021-12-14,16:07:48,00:01:06
stefano.crapanzano@chu.ulg.ac.be,GOAL - LABO - Stocks des articles du réceptionnaire STNLAMICR - Google Chrome,Tâches diverses,2021-12-14,08:55:12,00:00:08
stefano.crapanzano@chu.ulg.ac.be,GOAL - LABO - Stocks des articles du réceptionnaire STNLAMICR - Google Chrome,Tâches diverses,2021-12-14,10:11:01,00:00:08
stefano.crapanzano@chu.ulg.ac.be,GOAL - LABO - Stocks des articles du réceptionnaire STNLAMICR - Google Chrome,Tâches diverses,2021-12-14,10:11:44,00:00:04
stefano.crapanzano@chu.ulg.ac.be,GOAL - LABO - Stocks des articles du réceptionnaire STNLAMICR - Google Chrome,Tâches diverses,2021-12-14,10:15:30,00:00:02
stefano.crapanzano@chu.ulg.ac.be,GOAL - LABO - Stocks des articles du réceptionnaire STNLAMICR - Google Chrome,Tâches diverses,2021-12-14,10:15:35,00:00:04
stefano.crapanzano@chu.ulg.ac.be,GOAL - LABO - Stocks des articles du réceptionnaire STNLAMICR - Google Chrome,Tâches diverses,2021-12-14,10:15:44,00:00:03
stefano.crapanzano@chu.ulg.ac.be,GOAL - LABO - Stocks des articles du réceptionnaire STNLAMICR - Google Chrome,Tâches diverses,2021-12-14,10:15:59,00:00:05
stefano.crapanzano@chu.ulg.ac.be,GOAL - LABO - Stocks des articles du réceptionnaire STNLAMICR - Google Chrome,Tâches diverses,2021-12-14,10:16:22,00:00:02
stefano.crapanzano@chu.ulg.ac.be,GOAL - LABO - Stocks des articles du réceptionnaire STNLAMICR - Google Chrome,Tâches diverses,2021-12-14,10:17:06,00:00:03
stefano.crapanzano@chu.ulg.ac.be,GOAL - LABO - Stocks des articles du réceptionnaire STNLAMICR - Google Chrome,Tâches diverses,2021-12-14,10:17:19,00:00:03
stefano.crapanzano@chu.ulg.ac.be,GOAL - LABO - Stocks des articles du réceptionnaire STNLAMICR - Google Chrome,Tâches diverses,2021-12-14,10:17:24,00:00:03
stefano.crapanzano@chu.ulg.ac.be,GOAL - LABO - Stocks des articles du réceptionnaire STNLAMICR - Google Chrome,Tâches diverses,2021-12-14,10:17:37,00:00:30
stefano.crapanzano@chu.ulg.ac.be,GOAL - LABO - Stocks des articles du réceptionnaire STNLAMICR - Google Chrome,Tâches diverses,2021-12-14,10:18:19,00:00:04
stefano.crapanzano@chu.ulg.ac.be,GOAL - LABO - Stocks des articles du réceptionnaire STNLAMICR - Google Chrome,Tâches diverses,2021-12-14,10:19:20,00:00:05
stefano.crapanzano@chu.ulg.ac.be,GOAL - LABO - Stocks des articles du réceptionnaire STNLAMICR - Google Chrome,Tâches diverses,2021-12-14,10:19:43,00:00:09
stefano.crapanzano@chu.ulg.ac.be,GOAL - LABO - Stocks des articles du réceptionnaire STNLAMICR - Google Chrome,Tâches diverses,2021-12-14,10:20:04,00:00:08
stefano.crapanzano@chu.ulg.ac.be,GOAL - LABO - Stocks des articles du réceptionnaire STNLAMICR - Google Chrome,Tâches diverses,2021-12-14,10:20:23,00:00:17
stefano.crapanzano@chu.ulg.ac.be,GOAL - LABO - Stocks des articles du réceptionnaire STNLAMICR - Google Chrome,Tâches diverses,2021-12-14,10:21:03,00:00:05
stefano.crapanzano@chu.ulg.ac.be,GOAL - LABO - Stocks des articles du réceptionnaire STNLAMICR - Google Chrome,Tâches diverses,2021-12-14,10:21:19,00:00:03
stefano.crapanzano@chu.ulg.ac.be,GOAL - LABO - Stocks des articles du réceptionnaire STNLAMICR - Google Chrome,Tâches diverses,2021-12-14,10:21:36,00:00:04
stefano.crapanzano@chu.ulg.ac.be,GOAL - LABO - Stocks des articles du réceptionnaire STNLAMICR - Google Chrome,Tâches diverses,2021-12-14,10:21:52,00:00:06
stefano.crapanzano@chu.ulg.ac.be,GOAL - LABO - Stocks des articles du réceptionnaire STNLAMICR - Google Chrome,Tâches diverses,2021-12-14,10:22:20,00:00:25
stefano.crapanzano@chu.ulg.ac.be,GOAL - LABO - Stocks des articles du réceptionnaire STNLAMICR - Google Chrome,Tâches diverses,2021-12-14,10:22:47,00:00:05
stefano.crapanzano@chu.ulg.ac.be,GOAL - LABO - Stocks des articles du réceptionnaire STNLAMICR - Google Chrome,Tâches diverses,2021-12-14,10:24:39,00:00:02
stefano.crapanzano@chu.ulg.ac.be,GOAL - LABO - Stocks des articles du réceptionnaire STNLAMICR - Google Chrome,Tâches diverses,2021-12-14,10:24:43,00:00:18
stefano.crapanzano@chu.ulg.ac.be,GOAL - LABO - Stocks des articles du réceptionnaire STNLAMICR - Google Chrome,Tâches diverses,2021-12-14,10:27:03,00:00:44
stefano.crapanzano@chu.ulg.ac.be,GOAL - LABO - Stocks des articles du réceptionnaire STNLAMICR - Google Chrome,Tâches diverses,2021-12-14,10:28:53,00:00:02
stefano.crapanzano@chu.ulg.ac.be,GOAL - LABO - Stocks des articles du réceptionnaire STNLAMICR - Google Chrome,Tâches diverses,2021-12-14,10:29:16,00:00:47
stefano.crapanzano@chu.ulg.ac.be,GOAL - LABO - Stocks des articles du réceptionnaire STNLAMICR - Google Chrome,Tâches diverses,2021-12-14,10:30:13,00:00:06
stefano.crapanzano@chu.ulg.ac.be,GOAL - LABO - Stocks des articles du réceptionnaire STNLAMICR - Google Chrome,Tâches diverses,2021-12-14,10:34:55,00:02:17
stefano.crapanzano@chu.ulg.ac.be,GOAL - LABO - Stocks des articles du réceptionnaire STNLAMICR - Google Chrome,Tâches diverses,2021-12-14,11:16:42,00:00:02
stefano.crapanzano@chu.ulg.ac.be,GOAL - LABO - Stocks des articles du réceptionnaire STNLAMICR - Google Chrome,Tâches diverses,2021-12-14,11:17:29,00:01:11
stefano.crapanzano@chu.ulg.ac.be,GOAL - LABO - Stocks des articles du réceptionnaire STNLAMICR - Google Chrome,Tâches diverses,2021-12-14,11:18:54,00:00:03
stefano.crapanzano@chu.ulg.ac.be,GOAL - LABO - Stocks des articles du réceptionnaire STNLAMICR - Google Chrome,Tâches diverses,2021-12-14,11:19:00,00:00:13
stefano.crapanzano@chu.ulg.ac.be,GOAL - LABO - Stocks des articles du réceptionnaire STNLAMICR - Google Chrome,Tâches diverses,2021-12-14,11:19:17,00:00:32
stefano.crapanzano@chu.ulg.ac.be,GOAL - LABO - Stocks des articles du réceptionnaire STNLAMICR - Google Chrome,Tâches diverses,2021-12-14,11:19:56,00:00:04
stefano.crapanzano@chu.ulg.ac.be,GOAL - LABO - Stocks des articles du réceptionnaire STNLAMICR - Google Chrome,Tâches diverses,2021-12-14,11:21:14,00:00:18
stefano.crapanzano@chu.ulg.ac.be,GOAL - LABO - Stocks des articles du réceptionnaire STNLAMICR - Google Chrome,Tâches diverses,2021-12-14,11:21:36,00:00:05
stefano.crapanzano@chu.ulg.ac.be,GOAL - LABO - Stocks des articles du réceptionnaire STNLAMICR - Google Chrome,Tâches diverses,2021-12-14,11:22:03,00:00:06
stefano.crapanzano@chu.ulg.ac.be,GOAL - LABO - Stocks des articles du réceptionnaire STNLAMICR - Google Chrome,Tâches diverses,2021-12-14,11:22:20,00:00:12
stefano.crapanzano@chu.ulg.ac.be,GOAL - LABO - Stocks des articles du réceptionnaire STNLAMICR - Google Chrome,Tâches diverses,2021-12-14,11:23:09,00:00:02
stefano.crapanzano@chu.ulg.ac.be,GOAL - LABO - Stocks des articles du réceptionnaire STNLAMICR - Google Chrome,Tâches diverses,2021-12-14,11:23:21,00:00:25
stefano.crapanzano@chu.ulg.ac.be,GOAL - LABO - Stocks des articles du réceptionnaire STNLAMICR - Google Chrome,Tâches diverses,2021-12-14,11:23:52,00:02:41
stefano.crapanzano@chu.ulg.ac.be,GOAL - LABO - Stocks des articles du réceptionnaire STNLAMICR - Google Chrome,Tâches diverses,2021-12-14,11:34:26,00:00:02
stefano.crapanzano@chu.ulg.ac.be,GOAL - LABO - Stocks des articles du réceptionnaire STNLAMICR - Google Chrome,Tâches diverses,2021-12-14,11:34:58,00:00:06
stefano.crapanzano@chu.ulg.ac.be,GOAL - LABO - Stocks des articles du réceptionnaire STNLAMICR - Google Chrome,Tâches diverses,2021-12-14,11:35:14,00:00:02
stefano.crapanzano@chu.ulg.ac.be,GOAL - LABO - Stocks des articles du réceptionnaire STNLAMICR - Google Chrome,Tâches diverses,2021-12-14,11:35:20,00:00:09
stefano.crapanzano@chu.ulg.ac.be,GOAL - LABO - Stocks des articles du réceptionnaire STNLAMICR - Google Chrome,Tâches diverses,2021-12-14,11:35:33,00:00:02
stefano.crapanzano@chu.ulg.ac.be,GOAL - LABO - Stocks des articles du réceptionnaire STNLAMICR - Google Chrome,Tâches diverses,2021-12-14,12:53:56,00:00:05
stefano.crapanzano@chu.ulg.ac.be,GOAL - LABO - Stocks des articles du réceptionnaire STNLAMICR - Google Chrome,Tâches diverses,2021-12-14,13:08:18,00:14:10
stefano.crapanzano@chu.ulg.ac.be,GOAL - LABO - Stocks des articles du réceptionnaire STNLAMICR - Google Chrome,Tâches diverses,2021-12-14,13:22:45,00:00:02
stefano.crapanzano@chu.ulg.ac.be,GOAL - LABO - Stocks des articles du réceptionnaire STNLAMICR - Google Chrome,Tâches diverses,2021-12-14,13:32:45,00:00:02
stefano.crapanzano@chu.ulg.ac.be,GOAL - LABO - Stocks des articles du réceptionnaire STNLAMICR - Google Chrome,Tâches diverses,2021-12-14,13:35:30,00:00:19
stefano.crapanzano@chu.ulg.ac.be,GOAL - LABO - Stocks des articles du réceptionnaire STNLAMICR - Google Chrome,Tâches diverses,2021-12-14,15:40:34,00:00:32
stefano.crapanzano@chu.ulg.ac.be,DBeaver 21.0.0 - <ErpToolsDb.st.chulg> Script-2,Helpdesk général,2021-12-14,10:48:51,00:02:26
stefano.crapanzano@chu.ulg.ac.be,DBeaver 21.0.0 - <ErpToolsDb.st.chulg> Script-2,Tâches diverses,2021-12-14,11:20:00,00:00:28
stefano.crapanzano@chu.ulg.ac.be,DBeaver 21.0.0 - <ErpToolsDb.st.chulg> Script-2,Tâches diverses,2021-12-14,11:46:29,00:01:50
stefano.crapanzano@chu.ulg.ac.be,DBeaver 21.0.0 - <ErpToolsDb.st.chulg> Script-2,Tâches diverses,2021-12-14,13:35:49,00:04:31
stefano.crapanzano@chu.ulg.ac.be,DBeaver 21.0.0 - <ErpToolsDb.st.chulg> Script-2,Tâches diverses,2021-12-14,15:45:12,00:00:12
stefano.crapanzano@chu.ulg.ac.be,Modification goal.chuliege.be - Mozilla Thunderbird,Helpdesk général,2021-12-14,10:08:11,00:00:22
stefano.crapanzano@chu.ulg.ac.be,Modification goal.chuliege.be - Mozilla Thunderbird,Helpdesk général,2021-12-14,10:08:50,00:02:10
stefano.crapanzano@chu.ulg.ac.be,Modification goal.chuliege.be - Mozilla Thunderbird,Helpdesk général,2021-12-14,10:11:09,00:00:16
stefano.crapanzano@chu.ulg.ac.be,Navigation système de fichier,IT,2021-12-14,10:08:36,00:00:06
stefano.crapanzano@chu.ulg.ac.be,Navigation système de fichier,IT,2021-12-14,10:26:59,00:00:02
stefano.crapanzano@chu.ulg.ac.be,Navigation système de fichier,IT,2021-12-14,11:09:43,00:00:06
stefano.crapanzano@chu.ulg.ac.be,Navigation système de fichier,IT,2021-12-14,11:14:34,00:00:02
stefano.crapanzano@chu.ulg.ac.be,Navigation système de fichier,IT,2021-12-14,11:54:01,00:00:02
stefano.crapanzano@chu.ulg.ac.be,Navigation système de fichier,IT,2021-12-14,11:55:33,00:00:02
stefano.crapanzano@chu.ulg.ac.be,Navigation système de fichier,IT,2021-12-14,12:53:32,00:00:02
stefano.crapanzano@chu.ulg.ac.be,Navigation système de fichier,IT,2021-12-14,13:40:48,00:00:02
stefano.crapanzano@chu.ulg.ac.be,Navigation système de fichier,IT,2021-12-14,14:14:52,00:00:38
stefano.crapanzano@chu.ulg.ac.be,Navigation système de fichier,IT,2021-12-14,14:17:50,00:00:03
stefano.crapanzano@chu.ulg.ac.be,Navigation système de fichier,IT,2021-12-14,15:33:40,00:00:03
stefano.crapanzano@chu.ulg.ac.be,Navigation système de fichier,IT,2021-12-14,15:34:57,00:00:03
stefano.crapanzano@chu.ulg.ac.be,Navigation système de fichier,IT,2021-12-14,15:44:22,00:00:03
stefano.crapanzano@chu.ulg.ac.be,Navigation système de fichier,IT,2021-12-14,16:27:12,00:00:02
stefano.crapanzano@chu.ulg.ac.be,Service MT - Google Chrome,Tâches diverses,2021-12-14,10:11:59,00:00:06
stefano.crapanzano@chu.ulg.ac.be,Service MT - Google Chrome,Tâches diverses,2021-12-14,14:12:33,00:00:50
stefano.crapanzano@chu.ulg.ac.be,Service MT - Google Chrome,Tâches diverses,2021-12-14,14:13:50,00:00:02
stefano.crapanzano@chu.ulg.ac.be,Identification - Google Chrome,Tâches diverses,2021-12-14,10:11:49,00:00:08
stefano.crapanzano@chu.ulg.ac.be,Programmation,IT,2021-12-14,10:12:20,00:03:05
stefano.crapanzano@chu.ulg.ac.be,Programmation,IT,2021-12-14,10:15:40,00:00:02
stefano.crapanzano@chu.ulg.ac.be,Programmation,IT,2021-12-14,10:15:48,00:00:11
stefano.crapanzano@chu.ulg.ac.be,Programmation,IT,2021-12-14,10:16:04,00:00:16
stefano.crapanzano@chu.ulg.ac.be,Programmation,IT,2021-12-14,10:16:26,00:00:11
stefano.crapanzano@chu.ulg.ac.be,Programmation,IT,2021-12-14,10:16:39,00:00:27
stefano.crapanzano@chu.ulg.ac.be,Programmation,IT,2021-12-14,10:17:11,00:00:07
stefano.crapanzano@chu.ulg.ac.be,Programmation,IT,2021-12-14,10:17:28,00:00:07
stefano.crapanzano@chu.ulg.ac.be,Programmation,IT,2021-12-14,10:18:09,00:00:10
stefano.crapanzano@chu.ulg.ac.be,Programmation,IT,2021-12-14,10:18:25,00:00:55
stefano.crapanzano@chu.ulg.ac.be,Programmation,IT,2021-12-14,10:19:27,00:00:16
stefano.crapanzano@chu.ulg.ac.be,Programmation,IT,2021-12-14,10:19:53,00:00:11
stefano.crapanzano@chu.ulg.ac.be,Programmation,IT,2021-12-14,10:20:12,00:00:10
stefano.crapanzano@chu.ulg.ac.be,Programmation,IT,2021-12-14,10:20:40,00:00:22
stefano.crapanzano@chu.ulg.ac.be,Programmation,IT,2021-12-14,10:21:08,00:00:10
stefano.crapanzano@chu.ulg.ac.be,Programmation,IT,2021-12-14,10:21:22,00:00:13
stefano.crapanzano@chu.ulg.ac.be,Programmation,IT,2021-12-14,10:21:40,00:00:12
stefano.crapanzano@chu.ulg.ac.be,Programmation,IT,2021-12-14,10:21:59,00:00:20
stefano.crapanzano@chu.ulg.ac.be,Programmation,IT,2021-12-14,10:22:53,00:00:17
stefano.crapanzano@chu.ulg.ac.be,Programmation,IT,2021-12-14,10:23:13,00:00:29
stefano.crapanzano@chu.ulg.ac.be,Programmation,IT,2021-12-14,11:46:22,00:00:03
stefano.crapanzano@chu.ulg.ac.be,Programmation,IT,2021-12-14,13:00:45,00:02:14
stefano.crapanzano@chu.ulg.ac.be,Programmation,IT,2021-12-14,13:40:51,00:10:39
stefano.crapanzano@chu.ulg.ac.be,P203 CHU Nouveaux prorata de tva à configurer sur sept CC - Xperthis ERP4HC 1.0 - Service d'assistance - Google Chrome,Tâches diverses,2021-12-14,15:43:21,00:00:07
stefano.crapanzano@chu.ulg.ac.be,127.0.0.1:8000/accounts/login/?next=/stocks/receptionnaire%3Fr%3DSTNLAMICR - Google Chrome,Tâches diverses,2021-12-14,10:15:33,00:00:02
stefano.crapanzano@chu.ulg.ac.be,Changement de tâche,IT,2021-12-14,12:52:05,00:00:02
stefano.crapanzano@chu.ulg.ac.be,Changement de tâche,Helpdesk général,2021-12-14,15:28:34,00:00:02
stefano.crapanzano@chu.ulg.ac.be,Netop Invité,Helpdesk général,2021-12-14,10:23:44,00:00:02
stefano.crapanzano@chu.ulg.ac.be,Netop Invité,Helpdesk général,2021-12-14,12:16:22,00:00:02
stefano.crapanzano@chu.ulg.ac.be,Connexion à l'aide de l'authentification Windows,Helpdesk général,2021-12-14,10:23:47,00:00:04
stefano.crapanzano@chu.ulg.ac.be,Connexion à l'aide de l'authentification Windows,Helpdesk général,2021-12-14,10:23:52,00:00:03
stefano.crapanzano@chu.ulg.ac.be,erpftp - Netop Remote Control,Helpdesk général,2021-12-14,10:23:56,00:00:42
stefano.crapanzano@chu.ulg.ac.be,Rédaction : Re: Modification goal.chuliege.be - Thunderbird,Helpdesk général,2021-12-14,10:25:41,00:01:12
stefano.crapanzano@chu.ulg.ac.be,Vérification de l’orthographe,Helpdesk général,2021-12-14,10:46:11,00:00:02
stefano.crapanzano@chu.ulg.ac.be,Vérification de l’orthographe,Helpdesk général,2021-12-14,11:53:13,00:00:05
stefano.crapanzano@chu.ulg.ac.be,Vérification de l’orthographe,Helpdesk général,2021-12-14,16:07:40,00:00:02
stefano.crapanzano@chu.ulg.ac.be,GOAL - LABO - Stocks des articles - Google Chrome,Tâches diverses,2021-12-14,10:30:03,00:00:09
stefano.crapanzano@chu.ulg.ac.be,GOAL - LABO - Stocks des articles - Google Chrome,Tâches diverses,2021-12-14,10:30:20,00:00:10
stefano.crapanzano@chu.ulg.ac.be,GOAL - LABO - Stocks des articles - Google Chrome,Tâches diverses,2021-12-14,10:34:52,00:00:02
stefano.crapanzano@chu.ulg.ac.be,GOAL - LABO - Stocks des articles - Google Chrome,Tâches diverses,2021-12-14,10:37:15,00:00:08
stefano.crapanzano@chu.ulg.ac.be,GOAL - LABO - Stocks des articles - Google Chrome,Tâches diverses,2021-12-14,12:17:40,00:00:02
stefano.crapanzano@chu.ulg.ac.be,GOAL - LABO - Stocks des articles - Google Chrome,Tâches diverses,2021-12-14,14:11:28,00:00:04
stefano.crapanzano@chu.ulg.ac.be,GOAL - LABO - Stocks des articles - Google Chrome,Tâches diverses,2021-12-14,14:12:00,00:00:04
stefano.crapanzano@chu.ulg.ac.be,GOAL - LABO - Stocks des articles - Google Chrome,Tâches diverses,2021-12-14,15:41:06,00:00:02
stefano.crapanzano@chu.ulg.ac.be,GOAL - LABO - Stocks des articles - Google Chrome,Tâches diverses,2021-12-14,15:41:14,00:00:32
stefano.crapanzano@chu.ulg.ac.be,GOAL - LABO - Stocks des articles du réceptionnaire STNLACOWA - Google Chrome,Tâches diverses,2021-12-14,10:30:31,00:00:49
stefano.crapanzano@chu.ulg.ac.be,GOAL - LABO - Stocks des articles du réceptionnaire STNLACOWA - Google Chrome,Tâches diverses,2021-12-14,10:32:31,00:00:39
stefano.crapanzano@chu.ulg.ac.be,GOAL - LABO - Stocks des articles du réceptionnaire STNLACOWA - Google Chrome,Tâches diverses,2021-12-14,10:33:15,00:00:28
stefano.crapanzano@chu.ulg.ac.be,GOAL - LABO - Stocks des articles du réceptionnaire STNLACOWA - Google Chrome,Tâches diverses,2021-12-14,10:33:55,00:00:32
stefano.crapanzano@chu.ulg.ac.be,GOAL - LABO - Stocks des articles du réceptionnaire STNLACOWA - Google Chrome,Tâches diverses,2021-12-14,10:34:44,00:00:06
stefano.crapanzano@chu.ulg.ac.be,GOAL - LABO - Stock de l'article 502629 - Google Chrome,Tâches diverses,2021-12-14,10:32:27,00:00:03
stefano.crapanzano@chu.ulg.ac.be,GOAL - LABO - Stock de l'article 600204 - Google Chrome,Tâches diverses,2021-12-14,10:33:10,00:00:05
stefano.crapanzano@chu.ulg.ac.be,GOAL - LABO - Stock de l'article 602060 - Google Chrome,Tâches diverses,2021-12-14,10:33:43,00:00:12
stefano.crapanzano@chu.ulg.ac.be,GOAL - LABO - Google Chrome,Tâches diverses,2021-12-14,10:37:12,00:00:02
stefano.crapanzano@chu.ulg.ac.be,GOAL - LABO - Google Chrome,Tâches diverses,2021-12-14,10:37:23,00:00:04
stefano.crapanzano@chu.ulg.ac.be,GOAL - LABO - Google Chrome,Tâches diverses,2021-12-14,11:22:10,00:00:10
stefano.crapanzano@chu.ulg.ac.be,GOAL - LABO - Google Chrome,Tâches diverses,2021-12-14,13:08:02,00:00:05
stefano.crapanzano@chu.ulg.ac.be,GOAL - LABO - Google Chrome,Tâches diverses,2021-12-14,15:40:26,00:00:08
stefano.crapanzano@chu.ulg.ac.be,GOAL - LABO - Google Chrome,Tâches diverses,2021-12-14,15:43:17,00:00:04
stefano.crapanzano@chu.ulg.ac.be,GOAL - LABO - Stocks des articles du réceptionnaire STNLACHM5 - Google Chrome,Tâches diverses,2021-12-14,10:37:29,00:00:13
stefano.crapanzano@chu.ulg.ac.be,GOAL - LABO - Stocks des articles du réceptionnaire STNLACHM5 - Google Chrome,Tâches diverses,2021-12-14,10:41:16,00:00:02
stefano.crapanzano@chu.ulg.ac.be,GOAL - LABO - Stocks des articles du réceptionnaire STNLACHM5 - Google Chrome,Tâches diverses,2021-12-14,12:15:33,00:00:02
stefano.crapanzano@chu.ulg.ac.be,GOAL - LABO - Stocks des articles du réceptionnaire STNLACHM5 - Google Chrome,Tâches diverses,2021-12-14,12:15:59,00:00:21
stefano.crapanzano@chu.ulg.ac.be,GOAL - LABO - Stocks des articles du réceptionnaire STNLACHM5 - Google Chrome,Helpdesk général,2021-12-14,12:16:24,00:00:36
stefano.crapanzano@chu.ulg.ac.be,GOAL - LABO - Stocks des articles du réceptionnaire STNLACHM5 - Google Chrome,Tâches diverses,2021-12-14,12:17:13,00:00:02
stefano.crapanzano@chu.ulg.ac.be,GOAL - LABO - Stocks des articles du réceptionnaire STNLACHM5 - Google Chrome,Tâches diverses,2021-12-14,12:17:36,00:00:04
stefano.crapanzano@chu.ulg.ac.be,Rédaction : Fwd: Fwd: SAP Kardex Connector ticket 382931 - Thunderbird,Helpdesk général,2021-12-14,10:39:28,00:00:12
stefano.crapanzano@chu.ulg.ac.be,Rédaction : Fwd: Fwd: SAP Kardex Connector ticket 382931 - Thunderbird,Helpdesk général,2021-12-14,10:41:03,00:00:13
stefano.crapanzano@chu.ulg.ac.be,Rédaction : Fwd: Fwd: SAP Kardex Connector ticket 382931 - Thunderbird,Helpdesk général,2021-12-14,10:41:28,00:00:05
stefano.crapanzano@chu.ulg.ac.be,Rédaction : Fwd: Fwd: SAP Kardex Connector ticket 382931 - Thunderbird,Helpdesk général,2021-12-14,10:41:56,00:00:15
stefano.crapanzano@chu.ulg.ac.be,Rédaction : Fwd: Fwd: SAP Kardex Connector ticket 382931 - Thunderbird,Helpdesk général,2021-12-14,10:42:14,00:00:09
stefano.crapanzano@chu.ulg.ac.be,Rédaction : Fwd: Fwd: SAP Kardex Connector ticket 382931 - Thunderbird,Helpdesk général,2021-12-14,10:42:44,00:03:26
stefano.crapanzano@chu.ulg.ac.be,TLP-GREEN2_Warning- Active scanning and exploitation of a 0-day RCE vulnerability targetting in Log4J_Pedro - TLP-GREEN_Warning- Active scanning and exploitation of a 0-day RCE vulne....pdf - Mozilla Thunderbird,Helpdesk général,2021-12-14,10:40:07,00:00:48
stefano.crapanzano@chu.ulg.ac.be,Nouvel onglet - Google Chrome,Tâches diverses,2021-12-14,12:26:14,00:00:04
stefano.crapanzano@chu.ulg.ac.be,Nouvel onglet - Google Chrome,Tâches diverses,2021-12-14,14:17:22,00:00:04
stefano.crapanzano@chu.ulg.ac.be,SAM-DB - Google Chrome,Tâches diverses,2021-12-14,10:41:21,00:00:06
stefano.crapanzano@chu.ulg.ac.be,SAM-DB - Google Chrome,Tâches diverses,2021-12-14,10:41:34,00:00:07
stefano.crapanzano@chu.ulg.ac.be,SAM-DB : clone d'un pc ATI - Google Chrome,Tâches diverses,2021-12-14,10:41:41,00:00:10
stefano.crapanzano@chu.ulg.ac.be,SAM-DB : clone d'un pc ATI - Google Chrome,Tâches diverses,2021-12-14,10:42:12,00:00:02
stefano.crapanzano@chu.ulg.ac.be,SAM-DB : clone d'un pc ATI - Google Chrome,Helpdesk général,2021-12-14,10:42:24,00:00:20
stefano.crapanzano@chu.ulg.ac.be,SAM-DB : clone d'un pc ATI - Google Chrome,Tâches diverses,2021-12-14,10:46:15,00:00:02
stefano.crapanzano@chu.ulg.ac.be,SAM-DB : clone d'un pc ATI - Google Chrome,Tâches diverses,2021-12-14,10:51:18,00:00:40
stefano.crapanzano@chu.ulg.ac.be,SAM-DB : clone d'un pc ATI - Google Chrome,Tâches diverses,2021-12-14,11:16:32,00:00:04
stefano.crapanzano@chu.ulg.ac.be,SAM-DB : clone d'un pc ATI - Google Chrome,Tâches diverses,2021-12-14,11:16:39,00:00:03
stefano.crapanzano@chu.ulg.ac.be,Rédaction : Re: Fwd: SAP Kardex Connector ticket 382931 - Thunderbird,Helpdesk général,2021-12-14,10:46:24,00:01:52
stefano.crapanzano@chu.ulg.ac.be,Rédaction : (pas de sujet) - Thunderbird,Helpdesk général,2021-12-14,11:09:25,00:00:05
stefano.crapanzano@chu.ulg.ac.be,Rédaction : (pas de sujet) - Thunderbird,Helpdesk général,2021-12-14,11:50:41,00:00:25
stefano.crapanzano@chu.ulg.ac.be,Rédaction : (pas de sujet) - Thunderbird,Helpdesk général,2021-12-14,11:52:25,00:00:09
stefano.crapanzano@chu.ulg.ac.be,Rédaction : (pas de sujet) - Thunderbird,Helpdesk général,2021-12-14,11:52:45,00:00:12
stefano.crapanzano@chu.ulg.ac.be,Rédaction : (pas de sujet) - Thunderbird,Helpdesk général,2021-12-14,15:27:50,00:00:05
stefano.crapanzano@chu.ulg.ac.be,Rédaction : (pas de sujet) - Thunderbird,Helpdesk général,2021-12-14,15:28:11,00:00:22
stefano.crapanzano@chu.ulg.ac.be,Rédaction : (pas de sujet) - Thunderbird,Helpdesk général,2021-12-14,15:32:10,00:00:18
stefano.crapanzano@chu.ulg.ac.be,Rédaction : (pas de sujet) - Thunderbird,Helpdesk général,2021-12-14,15:32:32,00:00:59
stefano.crapanzano@chu.ulg.ac.be,Rédaction : (pas de sujet) - Thunderbird,Helpdesk général,2021-12-14,15:33:34,00:00:02
stefano.crapanzano@chu.ulg.ac.be,Rédaction : (pas de sujet) - Thunderbird,Helpdesk général,2021-12-14,15:34:18,00:00:38
stefano.crapanzano@chu.ulg.ac.be,Rédaction : (pas de sujet) - Thunderbird,Helpdesk général,2021-12-14,16:06:59,00:00:35
stefano.crapanzano@chu.ulg.ac.be,Rédaction : DBLink avec - Thunderbird,Helpdesk général,2021-12-14,11:09:33,00:00:02
stefano.crapanzano@chu.ulg.ac.be,Rédaction : DBLink avec la base de données de GLIMS - Thunderbird,Tâches diverses,2021-12-14,11:10:44,00:01:23
stefano.crapanzano@chu.ulg.ac.be,Rédaction : DBLink avec la base de données de GLIMS - Thunderbird,Helpdesk général,2021-12-14,11:12:19,00:02:14
stefano.crapanzano@chu.ulg.ac.be,Rédaction : DBLink avec la base de données de GLIMS - Thunderbird,Helpdesk général,2021-12-14,11:15:00,00:00:21
stefano.crapanzano@chu.ulg.ac.be,Rédaction : DBLink avec la base de données de GLIMS - Thunderbird,Helpdesk général,2021-12-14,11:15:44,00:00:14
stefano.crapanzano@chu.ulg.ac.be,Ouverture -Excel,Tâches diverses,2021-12-14,11:09:49,00:00:05
stefano.crapanzano@chu.ulg.ac.be,Excel,Tâches diverses,2021-12-14,14:15:32,00:00:02
stefano.crapanzano@chu.ulg.ac.be,ecriture_comptable_répartition_analyse_102021_v04.xlsx - Excel,Tâches diverses,2021-12-14,11:09:56,00:00:32
stefano.crapanzano@chu.ulg.ac.be,ecriture_comptable_répartition_analyse_102021_v04.xlsx - Excel,Tâches diverses,2021-12-14,11:35:39,00:00:13
stefano.crapanzano@chu.ulg.ac.be,ecriture_comptable_répartition_analyse_102021_v04.xlsx - Excel,Tâches diverses,2021-12-14,11:53:23,00:00:25
stefano.crapanzano@chu.ulg.ac.be,ecriture_comptable_répartition_analyse_102021_v04.xlsx - Excel,Tâches diverses,2021-12-14,11:57:08,00:04:12
stefano.crapanzano@chu.ulg.ac.be,ecriture_comptable_répartition_analyse_102021_v04.xlsx - Excel,Tâches diverses,2021-12-14,12:51:43,00:00:06
stefano.crapanzano@chu.ulg.ac.be,ecriture_comptable_répartition_analyse_102021_v04.xlsx - Excel,Tâches diverses,2021-12-14,12:51:53,00:00:10
stefano.crapanzano@chu.ulg.ac.be,ecriture_comptable_répartition_analyse_102021_v04.xlsx - Excel,Helpdesk général,2021-12-14,13:53:47,00:00:14
stefano.crapanzano@chu.ulg.ac.be,ecriture_comptable_répartition_analyse_102021_v04.xlsx - Excel,Tâches diverses,2021-12-14,13:58:00,00:00:02
stefano.crapanzano@chu.ulg.ac.be,ecriture_comptable_répartition_analyse_102021_v04.xlsx - Excel,Tâches diverses,2021-12-14,13:58:36,00:00:20
stefano.crapanzano@chu.ulg.ac.be,ecriture_comptable_répartition_analyse_102021_v04.xlsx - Excel,Tâches diverses,2021-12-14,13:59:02,00:00:02
stefano.crapanzano@chu.ulg.ac.be,ecriture_comptable_répartition_analyse_102021_v04.xlsx - Excel,Tâches diverses,2021-12-14,13:59:09,00:00:02
stefano.crapanzano@chu.ulg.ac.be,ecriture_comptable_répartition_analyse_102021_v04.xlsx - Excel,Tâches diverses,2021-12-14,13:59:19,00:00:05
stefano.crapanzano@chu.ulg.ac.be,ecriture_comptable_répartition_analyse_102021_v04.xlsx - Excel,Tâches diverses,2021-12-14,13:59:26,00:00:37
stefano.crapanzano@chu.ulg.ac.be,ecriture_comptable_répartition_analyse_102021_v04.xlsx - Excel,Tâches diverses,2021-12-14,14:00:08,00:00:04
stefano.crapanzano@chu.ulg.ac.be,ecriture_comptable_répartition_analyse_102021_v04.xlsx - Excel,Tâches diverses,2021-12-14,14:00:15,00:00:02
stefano.crapanzano@chu.ulg.ac.be,ecriture_comptable_répartition_analyse_102021_v04.xlsx - Excel,Tâches diverses,2021-12-14,14:00:19,00:02:35
stefano.crapanzano@chu.ulg.ac.be,ecriture_comptable_répartition_analyse_102021_v04.xlsx - Excel,Tâches diverses,2021-12-14,14:02:57,00:00:04
stefano.crapanzano@chu.ulg.ac.be,ecriture_comptable_répartition_analyse_102021_v04.xlsx - Excel,Tâches diverses,2021-12-14,14:06:28,00:00:12
stefano.crapanzano@chu.ulg.ac.be,ecriture_comptable_répartition_analyse_102021_v04.xlsx - Excel,Tâches diverses,2021-12-14,14:06:47,00:00:13
stefano.crapanzano@chu.ulg.ac.be,ecriture_comptable_répartition_analyse_102021_v04.xlsx - Excel,Tâches diverses,2021-12-14,14:07:05,00:00:04
stefano.crapanzano@chu.ulg.ac.be,ecriture_comptable_répartition_analyse_102021_v04.xlsx - Excel,Tâches diverses,2021-12-14,14:07:38,00:02:16
stefano.crapanzano@chu.ulg.ac.be,ecriture_comptable_répartition_analyse_102021_v04.xlsx - Excel,Tâches diverses,2021-12-14,14:13:23,00:00:25
stefano.crapanzano@chu.ulg.ac.be,ecriture_comptable_répartition_analyse_102021_v04.xlsx - Excel,Tâches diverses,2021-12-14,14:14:16,00:00:12
stefano.crapanzano@chu.ulg.ac.be,ecriture_comptable_répartition_analyse_102021_v04.xlsx - Excel,Tâches diverses,2021-12-14,14:17:54,00:00:29
stefano.crapanzano@chu.ulg.ac.be,ecriture_comptable_répartition_analyse_102021_v04.xlsx - Excel,Tâches diverses,2021-12-14,14:54:03,00:01:05
stefano.crapanzano@chu.ulg.ac.be,ecriture_comptable_répartition_analyse_102021_v04.xlsx - Excel,Tâches diverses,2021-12-14,15:21:03,00:01:01
stefano.crapanzano@chu.ulg.ac.be,ecriture_comptable_répartition_analyse_102021_v04.xlsx - Excel,Tâches diverses,2021-12-14,15:22:32,00:00:04
stefano.crapanzano@chu.ulg.ac.be,ecriture_comptable_répartition_analyse_102021_v04.xlsx - Excel,Tâches diverses,2021-12-14,15:26:13,00:00:02
stefano.crapanzano@chu.ulg.ac.be,ecriture_comptable_répartition_analyse_102021_v04.xlsx - Excel,Tâches diverses,2021-12-14,15:27:05,00:00:08
stefano.crapanzano@chu.ulg.ac.be,ecriture_comptable_répartition_analyse_102021_v04.xlsx - Excel,Tâches diverses,2021-12-14,15:29:41,00:00:02
stefano.crapanzano@chu.ulg.ac.be,ecriture_comptable_répartition_analyse_102021_v04.xlsx - Excel,Tâches diverses,2021-12-14,16:09:37,00:00:12
stefano.crapanzano@chu.ulg.ac.be,ecriture_comptable_répartition_analyse_102021_v04.xlsx - Excel,Tâches diverses,2021-12-14,16:10:00,00:00:02
stefano.crapanzano@chu.ulg.ac.be,ecriture_comptable_répartition_analyse_102021_v04.xlsx - Excel,Tâches diverses,2021-12-14,16:14:25,00:00:15
stefano.crapanzano@chu.ulg.ac.be,ecriture_comptable_répartition_analyse_102021_v04.xlsx - Excel,Tâches diverses,2021-12-14,16:15:23,00:00:13
stefano.crapanzano@chu.ulg.ac.be,ecriture_comptable_répartition_analyse_102021_v04.xlsx - Excel,Tâches diverses,2021-12-14,16:16:05,00:03:18
stefano.crapanzano@chu.ulg.ac.be,ecriture_comptable_répartition_analyse_102021_v04.xlsx - Excel,Tâches diverses,2021-12-14,16:20:38,00:00:05
stefano.crapanzano@chu.ulg.ac.be,ecriture_comptable_répartition_analyse_102021_v04.xlsx - Excel,Tâches diverses,2021-12-14,16:21:51,00:05:09
stefano.crapanzano@chu.ulg.ac.be,ecriture_comptable_répartition_analyse_102021_v04.xlsx - Excel,Tâches diverses,2021-12-14,16:28:35,00:00:59
stefano.crapanzano@chu.ulg.ac.be,ecriture_comptable_répartition_analyse_102021_v04.xlsx - Excel,Tâches diverses,2021-12-14,16:29:35,00:00:09
stefano.crapanzano@chu.ulg.ac.be,ecriture_comptable_répartition_analyse_102021_v04.xlsx - Excel,Tâches diverses,2021-12-14,16:29:57,00:00:15
stefano.crapanzano@chu.ulg.ac.be,ecriture_comptable_répartition_analyse_102021_v04.xlsx - Excel,Tâches diverses,2021-12-14,16:30:29,00:01:38
stefano.crapanzano@chu.ulg.ac.be,ecriture_comptable_répartition_analyse_102021_v04.xlsx - Excel,Tâches diverses,2021-12-14,16:33:10,00:01:03
stefano.crapanzano@chu.ulg.ac.be,ecriture_comptable_répartition_analyse_102021_v04.xlsx - Excel,Tâches diverses,2021-12-14,16:34:26,00:07:42
stefano.crapanzano@chu.ulg.ac.be,ecriture_comptable_répartition_analyse_102021_v04.xlsx - Excel,Tâches diverses,2021-12-14,16:43:10,00:00:05
stefano.crapanzano@chu.ulg.ac.be,ecriture_comptable_répartition_analyse_102021_v04.xlsx - Excel,Tâches diverses,2021-12-14,16:43:32,00:00:07
stefano.crapanzano@chu.ulg.ac.be,Connexions du classeur,Tâches diverses,2021-12-14,11:10:28,00:00:02
stefano.crapanzano@chu.ulg.ac.be,Connexions du classeur,Tâches diverses,2021-12-14,11:51:12,00:00:02
stefano.crapanzano@chu.ulg.ac.be,Connexions du classeur,Tâches diverses,2021-12-14,11:52:36,00:00:04
stefano.crapanzano@chu.ulg.ac.be,Connexions du classeur,Tâches diverses,2021-12-14,11:54:08,00:00:02
stefano.crapanzano@chu.ulg.ac.be,Connexions du classeur,Tâches diverses,2021-12-14,11:55:02,00:00:05
stefano.crapanzano@chu.ulg.ac.be,Connexions du classeur,Tâches diverses,2021-12-14,13:59:11,00:00:02
stefano.crapanzano@chu.ulg.ac.be,Connexions du classeur,Tâches diverses,2021-12-14,14:07:00,00:00:04
stefano.crapanzano@chu.ulg.ac.be,Connexions du classeur,Tâches diverses,2021-12-14,14:07:09,00:00:04
stefano.crapanzano@chu.ulg.ac.be,Connexions du classeur,Tâches diverses,2021-12-14,14:07:26,00:00:12
stefano.crapanzano@chu.ulg.ac.be,Connexions du classeur,Tâches diverses,2021-12-14,14:18:23,00:00:04
stefano.crapanzano@chu.ulg.ac.be,Connexions du classeur,Tâches diverses,2021-12-14,14:18:33,00:00:02
stefano.crapanzano@chu.ulg.ac.be,Connexions du classeur,Tâches diverses,2021-12-14,16:09:50,00:00:04
stefano.crapanzano@chu.ulg.ac.be,Connexions du classeur,Tâches diverses,2021-12-14,16:10:03,00:00:02
stefano.crapanzano@chu.ulg.ac.be,Propriétés de connexion,Tâches diverses,2021-12-14,11:10:31,00:00:13
stefano.crapanzano@chu.ulg.ac.be,Propriétés de connexion,Tâches diverses,2021-12-14,11:12:09,00:00:09
stefano.crapanzano@chu.ulg.ac.be,Propriétés de connexion,Tâches diverses,2021-12-14,11:35:35,00:00:02
stefano.crapanzano@chu.ulg.ac.be,Propriétés de connexion,Tâches diverses,2021-12-14,11:50:28,00:00:10
stefano.crapanzano@chu.ulg.ac.be,Propriétés de connexion,Tâches diverses,2021-12-14,11:51:08,00:00:04
stefano.crapanzano@chu.ulg.ac.be,Propriétés de connexion,Tâches diverses,2021-12-14,11:51:15,00:00:05
stefano.crapanzano@chu.ulg.ac.be,Propriétés de connexion,Tâches diverses,2021-12-14,11:52:22,00:00:02
stefano.crapanzano@chu.ulg.ac.be,Propriétés de connexion,Tâches diverses,2021-12-14,11:52:40,00:00:03
stefano.crapanzano@chu.ulg.ac.be,Propriétés de connexion,Tâches diverses,2021-12-14,11:54:11,00:00:51
stefano.crapanzano@chu.ulg.ac.be,Propriétés de connexion,Tâches diverses,2021-12-14,11:55:08,00:00:08
stefano.crapanzano@chu.ulg.ac.be,Propriétés de connexion,Tâches diverses,2021-12-14,13:59:14,00:00:04
stefano.crapanzano@chu.ulg.ac.be,Propriétés de connexion,Tâches diverses,2021-12-14,14:07:13,00:00:13
stefano.crapanzano@chu.ulg.ac.be,Propriétés de connexion,Tâches diverses,2021-12-14,14:18:27,00:00:05
stefano.crapanzano@chu.ulg.ac.be,Propriétés de connexion,Tâches diverses,2021-12-14,16:09:54,00:00:05
stefano.crapanzano@chu.ulg.ac.be,Propriétés de connexion,Tâches diverses,2021-12-14,16:10:06,00:00:05
stefano.crapanzano@chu.ulg.ac.be,Microsoft SQL Server Management Studio (Administrateur),IT,2021-12-14,11:14:37,00:00:21
stefano.crapanzano@chu.ulg.ac.be,Microsoft SQL Server Management Studio (Administrateur),Helpdesk général,2021-12-14,11:15:21,00:00:04
stefano.crapanzano@chu.ulg.ac.be,Microsoft SQL Server Management Studio (Administrateur),Helpdesk général,2021-12-14,11:15:31,00:00:03
stefano.crapanzano@chu.ulg.ac.be,Microsoft SQL Server Management Studio (Administrateur),IT,2021-12-14,11:51:23,00:00:44
stefano.crapanzano@chu.ulg.ac.be,Microsoft SQL Server Management Studio (Administrateur),IT,2021-12-14,11:52:10,00:00:07
stefano.crapanzano@chu.ulg.ac.be,Microsoft SQL Server Management Studio (Administrateur),IT,2021-12-14,11:55:19,00:00:08
stefano.crapanzano@chu.ulg.ac.be,Microsoft SQL Server Management Studio (Administrateur),IT,2021-12-14,11:55:28,00:00:05
stefano.crapanzano@chu.ulg.ac.be,Microsoft SQL Server Management Studio (Administrateur),IT,2021-12-14,11:55:52,00:00:02
stefano.crapanzano@chu.ulg.ac.be,Greenshot capture form,IT,2021-12-14,11:15:25,00:00:05
stefano.crapanzano@chu.ulg.ac.be,Greenshot capture form,Helpdesk général,2021-12-14,11:15:35,00:00:07
stefano.crapanzano@chu.ulg.ac.be,Greenshot capture form,Helpdesk général,2021-12-14,11:53:49,00:00:10
stefano.crapanzano@chu.ulg.ac.be,Greenshot capture form,Helpdesk général,2021-12-14,16:06:45,00:00:08
stefano.crapanzano@chu.ulg.ac.be,127.0.0.1:8000/accounts/login/?next=/stock/cached%3Farticle%3D601910%26from%3Dsap - Google Chrome,Tâches diverses,2021-12-14,11:18:41,00:00:05
stefano.crapanzano@chu.ulg.ac.be,GOAL - LABO - Stock de l'article 601910 - Google Chrome,Tâches diverses,2021-12-14,11:18:46,00:00:06
stefano.crapanzano@chu.ulg.ac.be,GOAL - LABO - Stock de l'article 601910 - Google Chrome,Tâches diverses,2021-12-14,11:19:13,00:00:03
stefano.crapanzano@chu.ulg.ac.be,GOAL - LABO - Stock de l'article 601919 - Google Chrome,Tâches diverses,2021-12-14,11:21:32,00:00:03
stefano.crapanzano@chu.ulg.ac.be,GOAL - LABO - Stock de l'article 601911 - Google Chrome,Tâches diverses,2021-12-14,11:19:49,00:00:06
stefano.crapanzano@chu.ulg.ac.be,GOAL - LABO - Stock de l'article 601914 - Google Chrome,Tâches diverses,2021-12-14,11:21:42,00:00:21
stefano.crapanzano@chu.ulg.ac.be,GOAL - LABO - Stock de l'article 501538 - Google Chrome,Tâches diverses,2021-12-14,11:23:47,00:00:05
stefano.crapanzano@chu.ulg.ac.be,GOAL - LABO - Stock de l'article 501538 - Google Chrome,Tâches diverses,2021-12-14,11:35:16,00:00:04
stefano.crapanzano@chu.ulg.ac.be,SAP Logon 760,Tâches diverses,2021-12-14,16:14:40,00:00:03
stefano.crapanzano@chu.ulg.ac.be,SAP Easy Access Menu de base Applications financières-économiques,Exploration SAP,2021-12-14,11:26:38,00:00:29
stefano.crapanzano@chu.ulg.ac.be,SAP Easy Access Menu de base Applications financières-économiques,Exploration SAP,2021-12-14,16:14:44,00:00:09
stefano.crapanzano@chu.ulg.ac.be,Administrateur : C:\Windows\system32\cmd.exe,IT,2021-12-14,11:27:10,00:07:15
stefano.crapanzano@chu.ulg.ac.be,Administrateur : C:\Windows\system32\cmd.exe,IT,2021-12-14,16:04:47,00:00:17
stefano.crapanzano@chu.ulg.ac.be,Administrateur : C:\Windows\system32\cmd.exe,Helpdesk général,2021-12-14,16:06:54,00:00:02
stefano.crapanzano@chu.ulg.ac.be,GOAL - LABO - Stock de l'article 501536 - Google Chrome,Tâches diverses,2021-12-14,11:35:04,00:00:09
stefano.crapanzano@chu.ulg.ac.be,Quantité à commander ne vient pas de ZMMARTIKEL sur A03 - Xperthis ERP4HC 2.0 Rollout - Service d'assistance - Google Chrome,Tâches diverses,2021-12-14,11:46:08,00:00:14
stefano.crapanzano@chu.ulg.ac.be,Quantité à commander ne vient pas de ZMMARTIKEL sur A03 - Xperthis ERP4HC 2.0 Rollout - Service d'assistance - Google Chrome,Tâches diverses,2021-12-14,11:46:26,00:00:03
stefano.crapanzano@chu.ulg.ac.be,Quantité à commander ne vient pas de ZMMARTIKEL sur A03 - Xperthis ERP4HC 2.0 Rollout - Service d'assistance - Google Chrome,Tâches diverses,2021-12-14,12:15:29,00:00:04
stefano.crapanzano@chu.ulg.ac.be,Quantité à commander ne vient pas de ZMMARTIKEL sur A03 - Xperthis ERP4HC 2.0 Rollout - Service d'assistance - Google Chrome,Tâches diverses,2021-12-14,14:12:06,00:00:03
stefano.crapanzano@chu.ulg.ac.be,Rédaction : requête - Thunderbird,Helpdesk général,2021-12-14,11:52:59,00:00:08
stefano.crapanzano@chu.ulg.ac.be,SQLQuery1.sql - Microsoft SQL Server Management Studio (Administrateur),IT,2021-12-14,11:55:56,00:00:02
stefano.crapanzano@chu.ulg.ac.be,SQLQuery1.sql* - Microsoft SQL Server Management Studio (Administrateur),IT,2021-12-14,11:55:58,00:00:04
stefano.crapanzano@chu.ulg.ac.be,Se connecter au moteur de base de données,IT,2021-12-14,11:56:02,00:00:04
stefano.crapanzano@chu.ulg.ac.be,SQLQuery1.sql - si-s-serv24.ERP (CHULG\c158492 (96))* - Microsoft SQL Server Management Studio (Administrateur),IT,2021-12-14,11:56:06,00:00:53
stefano.crapanzano@chu.ulg.ac.be,SQLQuery1.sql - si-s-serv24.ERP (CHULG\c158492 (96))* - Microsoft SQL Server Management Studio (Administrateur),Helpdesk général,2021-12-14,11:57:02,00:00:06
stefano.crapanzano@chu.ulg.ac.be,SQLQuery1.sql - si-s-serv24.ERP (CHULG\c158492 (96))* - Microsoft SQL Server Management Studio (Administrateur),IT,2021-12-14,12:13:51,00:00:05
stefano.crapanzano@chu.ulg.ac.be,SQLQuery1.sql - si-s-serv24.ERP (CHULG\c158492 (96))* - Microsoft SQL Server Management Studio (Administrateur),Tâches diverses,2021-12-14,12:51:49,00:00:04
stefano.crapanzano@chu.ulg.ac.be,SQLQuery1.sql - si-s-serv24.ERP (CHULG\c158492 (96))* - Microsoft SQL Server Management Studio (Administrateur),IT,2021-12-14,12:52:30,00:00:05
stefano.crapanzano@chu.ulg.ac.be,SQLQuery1.sql - si-s-serv24.ERP (CHULG\c158492 (96))* - Microsoft SQL Server Management Studio (Administrateur),IT,2021-12-14,12:52:43,00:00:48
stefano.crapanzano@chu.ulg.ac.be,SQLQuery1.sql - si-s-serv24.ERP (CHULG\c158492 (96)) Exécution...* - Microsoft SQL Server Management Studio (Administrateur),IT,2021-12-14,12:13:56,00:00:07
stefano.crapanzano@chu.ulg.ac.be,SQLQuery1.sql - si-s-serv24.ERP (CHULG\c158492 (96)) Exécution...* - Microsoft SQL Server Management Studio (Administrateur),IT,2021-12-14,12:52:35,00:00:07
stefano.crapanzano@chu.ulg.ac.be,Rédaction : Re: requête utilisée pour les écriture goal - Thunderbird,Helpdesk général,2021-12-14,12:14:15,00:00:11
stefano.crapanzano@chu.ulg.ac.be,Rédaction : Re: requête utilisée pour les écriture goal - Thunderbird,Helpdesk général,2021-12-14,12:14:30,00:00:30
stefano.crapanzano@chu.ulg.ac.be,GOAL - LABO - Stock de l'article 24753 - Google Chrome,Tâches diverses,2021-12-14,12:17:01,00:00:05
stefano.crapanzano@chu.ulg.ac.be,GOAL - LABO - Stock de l'article 24753 - Google Chrome,Tâches diverses,2021-12-14,12:17:08,00:00:05
stefano.crapanzano@chu.ulg.ac.be,GOAL - LABO - Stock de l'article 601414 - Google Chrome,Tâches diverses,2021-12-14,12:17:16,00:00:06
stefano.crapanzano@chu.ulg.ac.be,GOAL - LABO - Stock de l'article 600103 - Google Chrome,Tâches diverses,2021-12-14,12:17:27,00:00:02
stefano.crapanzano@chu.ulg.ac.be,GOAL - LABO - Stock de l'article 600103 - Google Chrome,Tâches diverses,2021-12-14,12:17:31,00:00:05
stefano.crapanzano@chu.ulg.ac.be,GOAL - LABO - Stocks des articles du réceptionnaire EXNLACARA - Google Chrome,Tâches diverses,2021-12-14,12:17:43,00:00:18
stefano.crapanzano@chu.ulg.ac.be,GOAL - LABO - Stocks des articles du réceptionnaire EXNLACARA - Google Chrome,Helpdesk général,2021-12-14,12:26:12,00:00:02
stefano.crapanzano@chu.ulg.ac.be,GOAL - LABO - Stocks des articles du réceptionnaire EXNLACARA - Google Chrome,Tâches diverses,2021-12-14,13:22:47,00:00:02
stefano.crapanzano@chu.ulg.ac.be,GOAL - LABO - Stocks des articles du réceptionnaire EXNLACARA - Google Chrome,Tâches diverses,2021-12-14,13:29:27,00:00:02
stefano.crapanzano@chu.ulg.ac.be,GOAL - LABO - Stocks des articles du réceptionnaire EXNLACARA - Google Chrome,Tâches diverses,2021-12-14,13:31:29,00:01:15
stefano.crapanzano@chu.ulg.ac.be,GOAL - LABO - Stocks des articles du réceptionnaire EXNLACARA - Google Chrome,Tâches diverses,2021-12-14,14:12:28,00:00:04
stefano.crapanzano@chu.ulg.ac.be,GOAL - LABO - Stocks des articles du réceptionnaire EXNLACARA - Google Chrome,Tâches diverses,2021-12-14,15:40:02,00:00:05
stefano.crapanzano@chu.ulg.ac.be,GOAL - LABO - Stocks des articles du réceptionnaire EXNLACARA - Google Chrome,Tâches diverses,2021-12-14,15:40:11,00:00:02
stefano.crapanzano@chu.ulg.ac.be,STPNET 2 - Google Chrome,Tâches diverses,2021-12-14,12:26:18,00:01:10
stefano.crapanzano@chu.ulg.ac.be,STPNET 2 - Google Chrome,Tâches diverses,2021-12-14,12:30:38,00:00:54
stefano.crapanzano@chu.ulg.ac.be,CHU de Liège - Intranet - Google Chrome,Tâches diverses,2021-12-14,12:31:32,00:18:07
stefano.crapanzano@chu.ulg.ac.be,SAM-DB : Impossible de se connecter à SAP depuis le bâtiment CALA - Google Chrome,Tâches diverses,2021-12-14,12:50:11,00:00:03
stefano.crapanzano@chu.ulg.ac.be,SAM-DB : Impossible de se connecter à SAP depuis le bâtiment CALA - Google Chrome,Tâches diverses,2021-12-14,12:50:28,00:00:16
stefano.crapanzano@chu.ulg.ac.be,image(24).png (900×555) - Google Chrome,Tâches diverses,2021-12-14,12:50:15,00:00:13
stefano.crapanzano@chu.ulg.ac.be,DBeaver 21.0.0 - <MS SQL Server - si-s-serv24> Script-1,Tâches diverses,2021-12-14,13:58:03,00:00:33
stefano.crapanzano@chu.ulg.ac.be,DBeaver 21.0.0 - <MS SQL Server - si-s-serv24> Script-1,Helpdesk général,2021-12-14,14:29:13,00:03:21
stefano.crapanzano@chu.ulg.ac.be,DBeaver 21.0.0 - <MS SQL Server - si-s-serv24> Script-1,Helpdesk général,2021-12-14,15:13:28,00:00:02
stefano.crapanzano@chu.ulg.ac.be,DBeaver 21.0.0 - <MS SQL Server - si-s-serv24> Script-1,Tâches diverses,2021-12-14,15:22:04,00:00:28
stefano.crapanzano@chu.ulg.ac.be,DBeaver 21.0.0 - <MS SQL Server - si-s-serv24> Script-1,Tâches diverses,2021-12-14,16:42:09,00:01:01
stefano.crapanzano@chu.ulg.ac.be,127.0.0.1:8000/accounts/login/?next=/ - Google Chrome,Tâches diverses,2021-12-14,13:07:55,00:00:06
stefano.crapanzano@chu.ulg.ac.be,GOAL - LABO - Stocks des articles du réceptionnaire STNSEMICR - Google Chrome,Tâches diverses,2021-12-14,13:08:07,00:00:10
stefano.crapanzano@chu.ulg.ac.be,SAP GUI for Windows 760,Exploration SAP,2021-12-14,13:26:48,00:00:35
stefano.crapanzano@chu.ulg.ac.be,Brouillons - erp.sai@chuliege.be - Mozilla Thunderbird,Helpdesk général,2021-12-14,13:40:28,00:00:10
stefano.crapanzano@chu.ulg.ac.be,Propriétés des données externes,Tâches diverses,2021-12-14,14:00:04,00:00:04
stefano.crapanzano@chu.ulg.ac.be,Propriétés des données externes,Tâches diverses,2021-12-14,14:00:12,00:00:02
stefano.crapanzano@chu.ulg.ac.be,127.0.0.1:8000/accounts/login/?next=/stock/cached%3Farticle%3D24172%26from%3Dsap - Google Chrome,Tâches diverses,2021-12-14,14:11:19,00:00:04
stefano.crapanzano@chu.ulg.ac.be,GOAL - LABO - Stock de l'article 24172 - Google Chrome,Tâches diverses,2021-12-14,14:11:23,00:00:05
stefano.crapanzano@chu.ulg.ac.be,GOAL - LABO - Stocks des articles du réceptionnaire STNLAGNT3 - Google Chrome,Tâches diverses,2021-12-14,14:11:32,00:00:07
stefano.crapanzano@chu.ulg.ac.be,GOAL - LABO - Stocks des articles du réceptionnaire STNLAGNT3 - Google Chrome,Tâches diverses,2021-12-14,14:11:47,00:00:13
stefano.crapanzano@chu.ulg.ac.be,GOAL - LABO - Stock de l'article 602250 - Google Chrome,Tâches diverses,2021-12-14,14:11:40,00:00:06
stefano.crapanzano@chu.ulg.ac.be,Calculate the difference between two dates - Castor - Google Chrome,Tâches diverses,2021-12-14,14:12:13,00:00:03
stefano.crapanzano@chu.ulg.ac.be,javascript - Moment.js - tomorrow  today and yesterday - Stack Overflow - Google Chrome,Tâches diverses,2021-12-14,14:12:17,00:00:02
stefano.crapanzano@chu.ulg.ac.be,P203 CHU Articles hors catalogues ne s'affichent pas - Xperthis ERP4HC 1.0 - Service d'assistance - Google Chrome,Tâches diverses,2021-12-14,14:12:24,00:00:02
stefano.crapanzano@chu.ulg.ac.be,ecriture_comptable_répartition_analyse_072021_v05.xlsx - Excel,Tâches diverses,2021-12-14,14:15:35,00:00:59
stefano.crapanzano@chu.ulg.ac.be,ecriture_comptable_répartition_analyse_072021_v05.xlsx - Excel,Tâches diverses,2021-12-14,14:17:42,00:00:05
stefano.crapanzano@chu.ulg.ac.be,2 Traité - erp.sai@chuliege.be - Mozilla Thunderbird,Helpdesk général,2021-12-14,14:24:26,00:02:26
stefano.crapanzano@chu.ulg.ac.be,Rédaction : Re: Poubelle(s) à reprendre - Thunderbird,Helpdesk général,2021-12-14,14:35:11,00:00:43
stefano.crapanzano@chu.ulg.ac.be,*new 3 - Notepad++ [Administrator],IT,2021-12-14,15:34:14,00:00:02
stefano.crapanzano@chu.ulg.ac.be,Administration du site | Site d’administration de Django - Google Chrome,Tâches diverses,2021-12-14,15:40:07,00:00:04
stefano.crapanzano@chu.ulg.ac.be,https://goal.chuliege.be/gestion-utilisateur/ - Google Chrome,Tâches diverses,2021-12-14,15:40:14,00:00:12
stefano.crapanzano@chu.ulg.ac.be,GOAL - LABO - Stocks des articles du réceptionnaire STNLAHEM6 - Google Chrome,Tâches diverses,2021-12-14,15:41:09,00:00:05
stefano.crapanzano@chu.ulg.ac.be,GOAL - LABO - Stocks des articles du réceptionnaire STNLAHEM6 - Google Chrome,Tâches diverses,2021-12-14,15:42:05,00:00:29
stefano.crapanzano@chu.ulg.ac.be,GOAL - LABO - Stocks des articles du réceptionnaire STNLAHEM6 - Google Chrome,Tâches diverses,2021-12-14,16:03:07,00:01:39
stefano.crapanzano@chu.ulg.ac.be,GOAL - LABO - Stocks des articles du réceptionnaire STNLAHEM6 - Google Chrome,Helpdesk général,2021-12-14,16:09:04,00:00:03
stefano.crapanzano@chu.ulg.ac.be,GOAL - LABO - Stock de l'article 601950 - Google Chrome,Tâches diverses,2021-12-14,15:41:47,00:00:17
stefano.crapanzano@chu.ulg.ac.be,Demandes - Service d'assistance - Google Chrome,Tâches diverses,2021-12-14,15:43:28,00:00:06
stefano.crapanzano@chu.ulg.ac.be,Demandes - Service d'assistance - Google Chrome,Tâches diverses,2021-12-14,15:44:09,00:00:13
stefano.crapanzano@chu.ulg.ac.be,X01-203 CHU SSP Tests immo_211001 - Xperthis ERP4HC 2.0 Rollout - Service d'assistance - Google Chrome,Tâches diverses,2021-12-14,15:43:35,00:00:33
stefano.crapanzano@chu.ulg.ac.be,Administrateur : C:\Windows\system32\cmd.exe - tracert  153.89.110.72,IT,2021-12-14,16:05:04,00:00:50
stefano.crapanzano@chu.ulg.ac.be,Rédaction : résultat de tracert - Thunderbird,Helpdesk général,2021-12-14,16:07:37,00:00:02
stefano.crapanzano@chu.ulg.ac.be,Afficher article (Initial Screen),Exploration SAP,2021-12-14,16:14:54,00:00:02
stefano.crapanzano@chu.ulg.ac.be,Select View(s),Exploration SAP,2021-12-14,16:14:56,00:00:05
stefano.crapanzano@chu.ulg.ac.be,Afficher article 24789 (ARTICLE WM Stock),Exploration SAP,2021-12-14,16:15:04,00:00:18
