Email,Description,Project,Start date,Start time,Duration
stefano.crapanzano@chu.ulg.ac.be,Courrier entrant - erp.sai@chuliege.be - Mozilla Thunderbird,Helpdesk général,2021-09-10,08:32:54,00:00:08
stefano.crapanzano@chu.ulg.ac.be,Courrier entrant - erp.sai@chuliege.be - Mozilla Thunderbird,Helpdesk général,2021-09-10,08:33:06,00:04:11
stefano.crapanzano@chu.ulg.ac.be,Courrier entrant - erp.sai@chuliege.be - Mozilla Thunderbird,Helpdesk général,2021-09-10,08:39:09,00:00:22
stefano.crapanzano@chu.ulg.ac.be,Courrier entrant - erp.sai@chuliege.be - Mozilla Thunderbird,Helpdesk général,2021-09-10,08:43:09,00:00:16
stefano.crapanzano@chu.ulg.ac.be,Courrier entrant - erp.sai@chuliege.be - Mozilla Thunderbird,Helpdesk général,2021-09-10,08:45:07,00:00:03
stefano.crapanzano@chu.ulg.ac.be,Courrier entrant - erp.sai@chuliege.be - Mozilla Thunderbird,Helpdesk général,2021-09-10,08:52:39,00:01:40
stefano.crapanzano@chu.ulg.ac.be,Courrier entrant - erp.sai@chuliege.be - Mozilla Thunderbird,Helpdesk général,2021-09-10,08:59:13,00:00:24
stefano.crapanzano@chu.ulg.ac.be,Courrier entrant - erp.sai@chuliege.be - Mozilla Thunderbird,Helpdesk général,2021-09-10,09:03:47,00:01:06
stefano.crapanzano@chu.ulg.ac.be,Courrier entrant - erp.sai@chuliege.be - Mozilla Thunderbird,Helpdesk général,2021-09-10,09:04:54,00:00:17
stefano.crapanzano@chu.ulg.ac.be,Courrier entrant - erp.sai@chuliege.be - Mozilla Thunderbird,Helpdesk général,2021-09-10,09:12:07,00:00:02
stefano.crapanzano@chu.ulg.ac.be,Courrier entrant - erp.sai@chuliege.be - Mozilla Thunderbird,Helpdesk général,2021-09-10,09:16:32,00:00:10
stefano.crapanzano@chu.ulg.ac.be,Courrier entrant - erp.sai@chuliege.be - Mozilla Thunderbird,Helpdesk général,2021-09-10,09:16:44,00:00:26
stefano.crapanzano@chu.ulg.ac.be,Courrier entrant - erp.sai@chuliege.be - Mozilla Thunderbird,Helpdesk général,2021-09-10,09:17:52,00:00:55
stefano.crapanzano@chu.ulg.ac.be,Courrier entrant - erp.sai@chuliege.be - Mozilla Thunderbird,Helpdesk général,2021-09-10,09:34:01,00:00:04
stefano.crapanzano@chu.ulg.ac.be,Courrier entrant - erp.sai@chuliege.be - Mozilla Thunderbird,Helpdesk général,2021-09-10,09:34:57,00:00:16
stefano.crapanzano@chu.ulg.ac.be,Courrier entrant - erp.sai@chuliege.be - Mozilla Thunderbird,Helpdesk général,2021-09-10,09:35:23,00:00:02
stefano.crapanzano@chu.ulg.ac.be,Courrier entrant - erp.sai@chuliege.be - Mozilla Thunderbird,Helpdesk général,2021-09-10,09:47:34,00:00:02
stefano.crapanzano@chu.ulg.ac.be,Courrier entrant - erp.sai@chuliege.be - Mozilla Thunderbird,Helpdesk général,2021-09-10,09:49:18,00:00:15
stefano.crapanzano@chu.ulg.ac.be,Courrier entrant - erp.sai@chuliege.be - Mozilla Thunderbird,Helpdesk général,2021-09-10,09:49:38,00:00:10
stefano.crapanzano@chu.ulg.ac.be,Courrier entrant - erp.sai@chuliege.be - Mozilla Thunderbird,Helpdesk général,2021-09-10,09:50:36,00:00:07
stefano.crapanzano@chu.ulg.ac.be,Courrier entrant - erp.sai@chuliege.be - Mozilla Thunderbird,Helpdesk général,2021-09-10,09:51:45,00:00:19
stefano.crapanzano@chu.ulg.ac.be,Courrier entrant - erp.sai@chuliege.be - Mozilla Thunderbird,Helpdesk général,2021-09-10,09:52:40,00:00:06
stefano.crapanzano@chu.ulg.ac.be,Courrier entrant - erp.sai@chuliege.be - Mozilla Thunderbird,Helpdesk général,2021-09-10,09:55:40,00:00:02
stefano.crapanzano@chu.ulg.ac.be,Courrier entrant - erp.sai@chuliege.be - Mozilla Thunderbird,Helpdesk général,2021-09-10,09:55:49,00:00:02
stefano.crapanzano@chu.ulg.ac.be,Courrier entrant - erp.sai@chuliege.be - Mozilla Thunderbird,Tâches diverses,2021-09-10,09:56:00,00:00:11
stefano.crapanzano@chu.ulg.ac.be,Courrier entrant - erp.sai@chuliege.be - Mozilla Thunderbird,Helpdesk général,2021-09-10,09:57:01,00:00:03
stefano.crapanzano@chu.ulg.ac.be,Courrier entrant - erp.sai@chuliege.be - Mozilla Thunderbird,Helpdesk général,2021-09-10,09:57:07,00:01:29
stefano.crapanzano@chu.ulg.ac.be,Courrier entrant - erp.sai@chuliege.be - Mozilla Thunderbird,Helpdesk général,2021-09-10,10:01:21,00:00:03
stefano.crapanzano@chu.ulg.ac.be,Courrier entrant - erp.sai@chuliege.be - Mozilla Thunderbird,Helpdesk général,2021-09-10,10:01:37,00:00:02
stefano.crapanzano@chu.ulg.ac.be,Courrier entrant - erp.sai@chuliege.be - Mozilla Thunderbird,Helpdesk général,2021-09-10,10:03:00,00:00:09
stefano.crapanzano@chu.ulg.ac.be,Courrier entrant - erp.sai@chuliege.be - Mozilla Thunderbird,Helpdesk général,2021-09-10,10:07:18,00:00:03
stefano.crapanzano@chu.ulg.ac.be,Courrier entrant - erp.sai@chuliege.be - Mozilla Thunderbird,Helpdesk général,2021-09-10,10:30:22,00:00:34
stefano.crapanzano@chu.ulg.ac.be,Courrier entrant - erp.sai@chuliege.be - Mozilla Thunderbird,Helpdesk général,2021-09-10,10:31:11,00:14:38
stefano.crapanzano@chu.ulg.ac.be,Courrier entrant - erp.sai@chuliege.be - Mozilla Thunderbird,Helpdesk général,2021-09-10,10:54:21,00:00:07
stefano.crapanzano@chu.ulg.ac.be,Courrier entrant - erp.sai@chuliege.be - Mozilla Thunderbird,Helpdesk général,2021-09-10,11:16:46,00:00:07
stefano.crapanzano@chu.ulg.ac.be,Courrier entrant - erp.sai@chuliege.be - Mozilla Thunderbird,Helpdesk général,2021-09-10,11:17:01,00:00:02
stefano.crapanzano@chu.ulg.ac.be,Courrier entrant - erp.sai@chuliege.be - Mozilla Thunderbird,Helpdesk général,2021-09-10,11:18:34,00:00:02
stefano.crapanzano@chu.ulg.ac.be,Courrier entrant - erp.sai@chuliege.be - Mozilla Thunderbird,Helpdesk général,2021-09-10,11:18:55,00:00:02
stefano.crapanzano@chu.ulg.ac.be,Courrier entrant - erp.sai@chuliege.be - Mozilla Thunderbird,Helpdesk général,2021-09-10,11:19:07,00:00:02
stefano.crapanzano@chu.ulg.ac.be,Courrier entrant - erp.sai@chuliege.be - Mozilla Thunderbird,Helpdesk général,2021-09-10,11:19:50,00:00:02
stefano.crapanzano@chu.ulg.ac.be,Courrier entrant - erp.sai@chuliege.be - Mozilla Thunderbird,Helpdesk général,2021-09-10,11:20:20,00:00:03
stefano.crapanzano@chu.ulg.ac.be,Courrier entrant - erp.sai@chuliege.be - Mozilla Thunderbird,Helpdesk général,2021-09-10,11:20:26,00:00:27
stefano.crapanzano@chu.ulg.ac.be,Courrier entrant - erp.sai@chuliege.be - Mozilla Thunderbird,Helpdesk général,2021-09-10,11:25:36,00:00:02
stefano.crapanzano@chu.ulg.ac.be,Courrier entrant - erp.sai@chuliege.be - Mozilla Thunderbird,Helpdesk général,2021-09-10,12:12:58,00:00:02
stefano.crapanzano@chu.ulg.ac.be,Courrier entrant - erp.sai@chuliege.be - Mozilla Thunderbird,Helpdesk général,2021-09-10,12:13:01,00:00:15
stefano.crapanzano@chu.ulg.ac.be,Courrier entrant - erp.sai@chuliege.be - Mozilla Thunderbird,Helpdesk général,2021-09-10,12:13:20,00:03:36
stefano.crapanzano@chu.ulg.ac.be,Courrier entrant - erp.sai@chuliege.be - Mozilla Thunderbird,Helpdesk général,2021-09-10,12:18:10,00:00:02
stefano.crapanzano@chu.ulg.ac.be,Courrier entrant - erp.sai@chuliege.be - Mozilla Thunderbird,Helpdesk général,2021-09-10,12:27:03,00:00:02
stefano.crapanzano@chu.ulg.ac.be,Courrier entrant - erp.sai@chuliege.be - Mozilla Thunderbird,Helpdesk général,2021-09-10,12:27:15,00:00:02
stefano.crapanzano@chu.ulg.ac.be,Courrier entrant - erp.sai@chuliege.be - Mozilla Thunderbird,Helpdesk général,2021-09-10,12:30:25,00:00:02
stefano.crapanzano@chu.ulg.ac.be,Courrier entrant - erp.sai@chuliege.be - Mozilla Thunderbird,Helpdesk général,2021-09-10,12:30:30,00:27:51
stefano.crapanzano@chu.ulg.ac.be,Courrier entrant - erp.sai@chuliege.be - Mozilla Thunderbird,Helpdesk général,2021-09-10,13:22:12,00:00:09
stefano.crapanzano@chu.ulg.ac.be,Courrier entrant - erp.sai@chuliege.be - Mozilla Thunderbird,Helpdesk général,2021-09-10,13:26:54,00:00:03
stefano.crapanzano@chu.ulg.ac.be,Courrier entrant - erp.sai@chuliege.be - Mozilla Thunderbird,Helpdesk général,2021-09-10,13:28:06,00:00:06
stefano.crapanzano@chu.ulg.ac.be,Courrier entrant - erp.sai@chuliege.be - Mozilla Thunderbird,Helpdesk général,2021-09-10,13:35:41,00:00:04
stefano.crapanzano@chu.ulg.ac.be,Courrier entrant - erp.sai@chuliege.be - Mozilla Thunderbird,Helpdesk général,2021-09-10,13:38:36,00:00:02
stefano.crapanzano@chu.ulg.ac.be,Courrier entrant - erp.sai@chuliege.be - Mozilla Thunderbird,Helpdesk général,2021-09-10,13:39:43,00:03:32
stefano.crapanzano@chu.ulg.ac.be,Courrier entrant - erp.sai@chuliege.be - Mozilla Thunderbird,Helpdesk général,2021-09-10,13:44:30,00:00:10
stefano.crapanzano@chu.ulg.ac.be,Courrier entrant - erp.sai@chuliege.be - Mozilla Thunderbird,Helpdesk général,2021-09-10,13:45:42,00:00:06
stefano.crapanzano@chu.ulg.ac.be,Courrier entrant - erp.sai@chuliege.be - Mozilla Thunderbird,Helpdesk général,2021-09-10,13:48:35,00:00:03
stefano.crapanzano@chu.ulg.ac.be,Courrier entrant - erp.sai@chuliege.be - Mozilla Thunderbird,Helpdesk général,2021-09-10,13:50:15,00:00:03
stefano.crapanzano@chu.ulg.ac.be,Courrier entrant - erp.sai@chuliege.be - Mozilla Thunderbird,Helpdesk général,2021-09-10,13:57:40,00:00:02
stefano.crapanzano@chu.ulg.ac.be,Courrier entrant - erp.sai@chuliege.be - Mozilla Thunderbird,Helpdesk général,2021-09-10,13:57:46,00:00:02
stefano.crapanzano@chu.ulg.ac.be,Courrier entrant - erp.sai@chuliege.be - Mozilla Thunderbird,Helpdesk général,2021-09-10,13:57:49,00:00:03
stefano.crapanzano@chu.ulg.ac.be,Courrier entrant - erp.sai@chuliege.be - Mozilla Thunderbird,Helpdesk général,2021-09-10,14:25:37,00:01:16
stefano.crapanzano@chu.ulg.ac.be,Courrier entrant - erp.sai@chuliege.be - Mozilla Thunderbird,Helpdesk général,2021-09-10,14:28:16,00:00:08
stefano.crapanzano@chu.ulg.ac.be,Courrier entrant - erp.sai@chuliege.be - Mozilla Thunderbird,Helpdesk général,2021-09-10,14:52:18,00:00:13
stefano.crapanzano@chu.ulg.ac.be,Courrier entrant - erp.sai@chuliege.be - Mozilla Thunderbird,Helpdesk général,2021-09-10,14:54:22,00:00:09
stefano.crapanzano@chu.ulg.ac.be,Courrier entrant - erp.sai@chuliege.be - Mozilla Thunderbird,Helpdesk général,2021-09-10,14:54:34,00:00:04
stefano.crapanzano@chu.ulg.ac.be,Courrier entrant - erp.sai@chuliege.be - Mozilla Thunderbird,Helpdesk général,2021-09-10,14:56:07,00:00:04
stefano.crapanzano@chu.ulg.ac.be,Courrier entrant - erp.sai@chuliege.be - Mozilla Thunderbird,Helpdesk général,2021-09-10,14:56:16,00:00:04
stefano.crapanzano@chu.ulg.ac.be,Courrier entrant - erp.sai@chuliege.be - Mozilla Thunderbird,Helpdesk général,2021-09-10,14:58:21,00:00:08
stefano.crapanzano@chu.ulg.ac.be,Courrier entrant - erp.sai@chuliege.be - Mozilla Thunderbird,Helpdesk général,2021-09-10,15:03:20,00:00:02
stefano.crapanzano@chu.ulg.ac.be,Courrier entrant - erp.sai@chuliege.be - Mozilla Thunderbird,Helpdesk général,2021-09-10,15:08:02,00:00:07
stefano.crapanzano@chu.ulg.ac.be,Courrier entrant - erp.sai@chuliege.be - Mozilla Thunderbird,Helpdesk général,2021-09-10,15:09:44,00:00:41
stefano.crapanzano@chu.ulg.ac.be,Courrier entrant - erp.sai@chuliege.be - Mozilla Thunderbird,Helpdesk général,2021-09-10,15:26:12,00:00:55
stefano.crapanzano@chu.ulg.ac.be,Courrier entrant - erp.sai@chuliege.be - Mozilla Thunderbird,Helpdesk général,2021-09-10,15:27:37,00:00:03
stefano.crapanzano@chu.ulg.ac.be,Courrier entrant - erp.sai@chuliege.be - Mozilla Thunderbird,Helpdesk général,2021-09-10,15:28:06,00:00:05
stefano.crapanzano@chu.ulg.ac.be,Courrier entrant - erp.sai@chuliege.be - Mozilla Thunderbird,Helpdesk général,2021-09-10,15:31:16,00:00:03
stefano.crapanzano@chu.ulg.ac.be,Courrier entrant - erp.sai@chuliege.be - Mozilla Thunderbird,Helpdesk général,2021-09-10,15:32:24,00:00:32
stefano.crapanzano@chu.ulg.ac.be,Courrier entrant - erp.sai@chuliege.be - Mozilla Thunderbird,Helpdesk général,2021-09-10,15:33:07,00:00:06
stefano.crapanzano@chu.ulg.ac.be,Courrier entrant - erp.sai@chuliege.be - Mozilla Thunderbird,Helpdesk général,2021-09-10,15:33:18,00:00:15
stefano.crapanzano@chu.ulg.ac.be,Courrier entrant - erp.sai@chuliege.be - Mozilla Thunderbird,Helpdesk général,2021-09-10,15:35:03,00:00:07
stefano.crapanzano@chu.ulg.ac.be,Courrier entrant - erp.sai@chuliege.be - Mozilla Thunderbird,Helpdesk général,2021-09-10,15:39:04,00:00:02
stefano.crapanzano@chu.ulg.ac.be,Courrier entrant - erp.sai@chuliege.be - Mozilla Thunderbird,Helpdesk général,2021-09-10,15:43:53,00:00:19
stefano.crapanzano@chu.ulg.ac.be,Courrier entrant - erp.sai@chuliege.be - Mozilla Thunderbird,Helpdesk général,2021-09-10,15:46:17,00:00:20
stefano.crapanzano@chu.ulg.ac.be,Courrier entrant - erp.sai@chuliege.be - Mozilla Thunderbird,Helpdesk général,2021-09-10,16:02:57,00:00:04
stefano.crapanzano@chu.ulg.ac.be,Courrier entrant - erp.sai@chuliege.be - Mozilla Thunderbird,Helpdesk général,2021-09-10,16:03:15,00:01:19
stefano.crapanzano@chu.ulg.ac.be,Courrier entrant - erp.sai@chuliege.be - Mozilla Thunderbird,Helpdesk général,2021-09-10,16:09:13,00:00:02
stefano.crapanzano@chu.ulg.ac.be,Courrier entrant - erp.sai@chuliege.be - Mozilla Thunderbird,Helpdesk général,2021-09-10,16:15:14,00:01:04
stefano.crapanzano@chu.ulg.ac.be,Courrier entrant - erp.sai@chuliege.be - Mozilla Thunderbird,Helpdesk général,2021-09-10,16:16:25,00:00:33
stefano.crapanzano@chu.ulg.ac.be,Courrier entrant - erp.sai@chuliege.be - Mozilla Thunderbird,Helpdesk général,2021-09-10,16:17:00,00:00:02
stefano.crapanzano@chu.ulg.ac.be,Courrier entrant - erp.sai@chuliege.be - Mozilla Thunderbird,Helpdesk général,2021-09-10,16:22:43,00:00:26
stefano.crapanzano@chu.ulg.ac.be,Courrier entrant - erp.sai@chuliege.be - Mozilla Thunderbird,Helpdesk général,2021-09-10,16:39:26,00:00:09
stefano.crapanzano@chu.ulg.ac.be,Courrier entrant - erp.sai@chuliege.be - Mozilla Thunderbird,Helpdesk général,2021-09-10,16:41:33,00:00:10
stefano.crapanzano@chu.ulg.ac.be,Courrier entrant - erp.sai@chuliege.be - Mozilla Thunderbird,Helpdesk général,2021-09-10,16:43:47,00:00:02
stefano.crapanzano@chu.ulg.ac.be,Courrier entrant - erp.sai@chuliege.be - Mozilla Thunderbird,Helpdesk général,2021-09-10,16:44:56,00:00:06
stefano.crapanzano@chu.ulg.ac.be,Courrier entrant - erp.sai@chuliege.be - Mozilla Thunderbird,Helpdesk général,2021-09-10,16:45:25,00:00:02
stefano.crapanzano@chu.ulg.ac.be,Courrier entrant - erp.sai@chuliege.be - Mozilla Thunderbird,Helpdesk général,2021-09-10,16:45:54,00:00:34
stefano.crapanzano@chu.ulg.ac.be,Courrier entrant - erp.sai@chuliege.be - Mozilla Thunderbird,Helpdesk général,2021-09-10,16:46:58,00:00:06
stefano.crapanzano@chu.ulg.ac.be,Courrier entrant - erp.sai@chuliege.be - Mozilla Thunderbird,Helpdesk général,2021-09-10,16:47:53,00:00:03
stefano.crapanzano@chu.ulg.ac.be,Courrier entrant - erp.sai@chuliege.be - Mozilla Thunderbird,Helpdesk général,2021-09-10,16:47:58,00:03:43
stefano.crapanzano@chu.ulg.ac.be,Courrier entrant - erp.sai@chuliege.be - Mozilla Thunderbird,Helpdesk général,2021-09-10,16:54:39,00:00:05
stefano.crapanzano@chu.ulg.ac.be,Courrier entrant - erp.sai@chuliege.be - Mozilla Thunderbird,Helpdesk général,2021-09-10,16:54:48,00:00:45
stefano.crapanzano@chu.ulg.ac.be,Courrier entrant - erp.sai@chuliege.be - Mozilla Thunderbird,Helpdesk général,2021-09-10,16:57:46,00:02:46
stefano.crapanzano@chu.ulg.ac.be,Courrier entrant - stefano.crapanzano@chuliege.be - Mozilla Thunderbird,Helpdesk général,2021-09-10,08:33:02,00:00:03
stefano.crapanzano@chu.ulg.ac.be,Courrier entrant - stefano.crapanzano@chuliege.be - Mozilla Thunderbird,Helpdesk général,2021-09-10,08:39:39,00:00:42
stefano.crapanzano@chu.ulg.ac.be,Courrier entrant - stefano.crapanzano@chuliege.be - Mozilla Thunderbird,Helpdesk général,2021-09-10,09:14:36,00:00:03
stefano.crapanzano@chu.ulg.ac.be,Courrier entrant - stefano.crapanzano@chuliege.be - Mozilla Thunderbird,Helpdesk général,2021-09-10,09:17:10,00:00:42
stefano.crapanzano@chu.ulg.ac.be,Courrier entrant - stefano.crapanzano@chuliege.be - Mozilla Thunderbird,Helpdesk général,2021-09-10,09:34:06,00:00:19
stefano.crapanzano@chu.ulg.ac.be,Courrier entrant - stefano.crapanzano@chuliege.be - Mozilla Thunderbird,Helpdesk général,2021-09-10,09:47:37,00:00:03
stefano.crapanzano@chu.ulg.ac.be,Courrier entrant - stefano.crapanzano@chuliege.be - Mozilla Thunderbird,Helpdesk général,2021-09-10,09:50:31,00:00:02
stefano.crapanzano@chu.ulg.ac.be,Courrier entrant - stefano.crapanzano@chuliege.be - Mozilla Thunderbird,Helpdesk général,2021-09-10,09:55:43,00:00:02
stefano.crapanzano@chu.ulg.ac.be,Courrier entrant - stefano.crapanzano@chuliege.be - Mozilla Thunderbird,Helpdesk général,2021-09-10,10:15:29,00:00:39
stefano.crapanzano@chu.ulg.ac.be,Courrier entrant - stefano.crapanzano@chuliege.be - Mozilla Thunderbird,Helpdesk général,2021-09-10,10:16:19,00:00:04
stefano.crapanzano@chu.ulg.ac.be,Courrier entrant - stefano.crapanzano@chuliege.be - Mozilla Thunderbird,Helpdesk général,2021-09-10,10:16:31,00:10:30
stefano.crapanzano@chu.ulg.ac.be,Courrier entrant - stefano.crapanzano@chuliege.be - Mozilla Thunderbird,Helpdesk général,2021-09-10,10:54:28,00:00:03
stefano.crapanzano@chu.ulg.ac.be,Courrier entrant - stefano.crapanzano@chuliege.be - Mozilla Thunderbird,Helpdesk général,2021-09-10,11:16:53,00:00:04
stefano.crapanzano@chu.ulg.ac.be,Courrier entrant - stefano.crapanzano@chuliege.be - Mozilla Thunderbird,Helpdesk général,2021-09-10,11:18:58,00:00:09
stefano.crapanzano@chu.ulg.ac.be,Courrier entrant - stefano.crapanzano@chuliege.be - Mozilla Thunderbird,Helpdesk général,2021-09-10,11:25:39,00:00:02
stefano.crapanzano@chu.ulg.ac.be,Courrier entrant - stefano.crapanzano@chuliege.be - Mozilla Thunderbird,Helpdesk général,2021-09-10,12:16:56,00:00:07
stefano.crapanzano@chu.ulg.ac.be,Courrier entrant - stefano.crapanzano@chuliege.be - Mozilla Thunderbird,Helpdesk général,2021-09-10,12:24:51,00:02:12
stefano.crapanzano@chu.ulg.ac.be,Courrier entrant - stefano.crapanzano@chuliege.be - Mozilla Thunderbird,Helpdesk général,2021-09-10,13:16:30,00:02:56
stefano.crapanzano@chu.ulg.ac.be,Courrier entrant - stefano.crapanzano@chuliege.be - Mozilla Thunderbird,Helpdesk général,2021-09-10,13:22:10,00:00:02
stefano.crapanzano@chu.ulg.ac.be,Courrier entrant - stefano.crapanzano@chuliege.be - Mozilla Thunderbird,Helpdesk général,2021-09-10,13:50:32,00:00:12
stefano.crapanzano@chu.ulg.ac.be,Courrier entrant - stefano.crapanzano@chuliege.be - Mozilla Thunderbird,Helpdesk général,2021-09-10,13:53:56,00:00:03
stefano.crapanzano@chu.ulg.ac.be,Courrier entrant - stefano.crapanzano@chuliege.be - Mozilla Thunderbird,Helpdesk général,2021-09-10,13:55:20,00:00:02
stefano.crapanzano@chu.ulg.ac.be,Courrier entrant - stefano.crapanzano@chuliege.be - Mozilla Thunderbird,Helpdesk général,2021-09-10,14:06:58,00:00:08
stefano.crapanzano@chu.ulg.ac.be,Courrier entrant - stefano.crapanzano@chuliege.be - Mozilla Thunderbird,Helpdesk général,2021-09-10,14:51:50,00:00:27
stefano.crapanzano@chu.ulg.ac.be,Courrier entrant - stefano.crapanzano@chuliege.be - Mozilla Thunderbird,Helpdesk général,2021-09-10,15:03:22,00:00:06
stefano.crapanzano@chu.ulg.ac.be,Courrier entrant - stefano.crapanzano@chuliege.be - Mozilla Thunderbird,Helpdesk général,2021-09-10,15:07:48,00:00:13
stefano.crapanzano@chu.ulg.ac.be,Courrier entrant - stefano.crapanzano@chuliege.be - Mozilla Thunderbird,Helpdesk général,2021-09-10,15:22:06,00:00:19
stefano.crapanzano@chu.ulg.ac.be,Courrier entrant - stefano.crapanzano@chuliege.be - Mozilla Thunderbird,Helpdesk général,2021-09-10,15:23:09,00:00:02
stefano.crapanzano@chu.ulg.ac.be,Courrier entrant - stefano.crapanzano@chuliege.be - Mozilla Thunderbird,Helpdesk général,2021-09-10,15:24:04,00:00:16
stefano.crapanzano@chu.ulg.ac.be,Courrier entrant - stefano.crapanzano@chuliege.be - Mozilla Thunderbird,Helpdesk général,2021-09-10,15:25:41,00:00:31
stefano.crapanzano@chu.ulg.ac.be,Courrier entrant - stefano.crapanzano@chuliege.be - Mozilla Thunderbird,Helpdesk général,2021-09-10,15:44:12,00:00:06
stefano.crapanzano@chu.ulg.ac.be,Courrier entrant - stefano.crapanzano@chuliege.be - Mozilla Thunderbird,Helpdesk général,2021-09-10,16:25:00,00:00:02
stefano.crapanzano@chu.ulg.ac.be,Navigation système de fichier,IT,2021-09-10,09:00:04,00:00:06
stefano.crapanzano@chu.ulg.ac.be,Navigation système de fichier,IT,2021-09-10,09:00:22,00:00:04
stefano.crapanzano@chu.ulg.ac.be,Navigation système de fichier,IT,2021-09-10,09:05:12,00:00:05
stefano.crapanzano@chu.ulg.ac.be,Navigation système de fichier,IT,2021-09-10,09:05:43,00:00:23
stefano.crapanzano@chu.ulg.ac.be,Navigation système de fichier,IT,2021-09-10,09:12:44,00:00:03
stefano.crapanzano@chu.ulg.ac.be,Navigation système de fichier,IT,2021-09-10,09:18:47,00:01:00
stefano.crapanzano@chu.ulg.ac.be,Navigation système de fichier,IT,2021-09-10,09:21:21,00:00:08
stefano.crapanzano@chu.ulg.ac.be,Navigation système de fichier,IT,2021-09-10,09:25:29,00:00:02
stefano.crapanzano@chu.ulg.ac.be,Navigation système de fichier,IT,2021-09-10,09:35:14,00:00:03
stefano.crapanzano@chu.ulg.ac.be,Navigation système de fichier,IT,2021-09-10,09:36:34,00:00:12
stefano.crapanzano@chu.ulg.ac.be,Navigation système de fichier,IT,2021-09-10,09:40:08,00:07:20
stefano.crapanzano@chu.ulg.ac.be,Navigation système de fichier,IT,2021-09-10,09:49:35,00:00:02
stefano.crapanzano@chu.ulg.ac.be,Navigation système de fichier,IT,2021-09-10,09:50:26,00:00:03
stefano.crapanzano@chu.ulg.ac.be,Navigation système de fichier,IT,2021-09-10,09:58:37,00:02:44
stefano.crapanzano@chu.ulg.ac.be,Navigation système de fichier,IT,2021-09-10,10:03:10,00:03:27
stefano.crapanzano@chu.ulg.ac.be,Navigation système de fichier,IT,2021-09-10,10:09:23,00:00:04
stefano.crapanzano@chu.ulg.ac.be,Navigation système de fichier,IT,2021-09-10,11:17:03,00:00:02
stefano.crapanzano@chu.ulg.ac.be,Navigation système de fichier,IT,2021-09-10,11:22:28,00:00:02
stefano.crapanzano@chu.ulg.ac.be,Navigation système de fichier,IT,2021-09-10,13:20:40,00:00:03
stefano.crapanzano@chu.ulg.ac.be,Navigation système de fichier,IT,2021-09-10,13:25:07,00:00:03
stefano.crapanzano@chu.ulg.ac.be,Navigation système de fichier,IT,2021-09-10,13:30:28,00:00:02
stefano.crapanzano@chu.ulg.ac.be,Navigation système de fichier,IT,2021-09-10,13:30:32,00:00:04
stefano.crapanzano@chu.ulg.ac.be,Navigation système de fichier,IT,2021-09-10,14:58:56,00:00:02
stefano.crapanzano@chu.ulg.ac.be,Navigation système de fichier,IT,2021-09-10,15:00:28,00:00:19
stefano.crapanzano@chu.ulg.ac.be,Navigation système de fichier,IT,2021-09-10,15:00:53,00:00:02
stefano.crapanzano@chu.ulg.ac.be,Navigation système de fichier,IT,2021-09-10,15:04:40,00:00:02
stefano.crapanzano@chu.ulg.ac.be,Navigation système de fichier,IT,2021-09-10,15:39:36,00:00:02
stefano.crapanzano@chu.ulg.ac.be,Navigation système de fichier,IT,2021-09-10,16:07:08,00:00:04
stefano.crapanzano@chu.ulg.ac.be,Navigation système de fichier,IT,2021-09-10,16:10:02,00:00:02
stefano.crapanzano@chu.ulg.ac.be,Navigation système de fichier,IT,2021-09-10,16:12:14,00:00:02
stefano.crapanzano@chu.ulg.ac.be,taskeng.exe,IT,2021-09-10,08:37:24,00:00:03
stefano.crapanzano@chu.ulg.ac.be,taskeng.exe,IT,2021-09-10,08:37:45,00:01:24
stefano.crapanzano@chu.ulg.ac.be,SAP Logon 750,Exploration SAP,2021-09-10,08:37:27,00:00:10
stefano.crapanzano@chu.ulg.ac.be,SAP Logon 750,Exploration SAP,2021-09-10,08:37:39,00:00:06
stefano.crapanzano@chu.ulg.ac.be,SAP Logon 750,Exploration SAP,2021-09-10,08:46:01,00:00:07
stefano.crapanzano@chu.ulg.ac.be,SAP Logon 750,Exploration SAP,2021-09-10,09:01:16,00:00:04
stefano.crapanzano@chu.ulg.ac.be,SAP Logon 750,Helpdesk général,2021-09-10,09:01:24,00:00:04
stefano.crapanzano@chu.ulg.ac.be,SAP Logon 750,Exploration SAP,2021-09-10,09:55:10,00:00:02
stefano.crapanzano@chu.ulg.ac.be,SAP Logon 750,Exploration SAP,2021-09-10,10:30:57,00:00:14
stefano.crapanzano@chu.ulg.ac.be,SAP Logon 750,Exploration SAP,2021-09-10,13:20:22,00:00:04
stefano.crapanzano@chu.ulg.ac.be,SAP Logon 750,Exploration SAP,2021-09-10,13:25:10,00:00:08
stefano.crapanzano@chu.ulg.ac.be,Helpdesk ATI - Db Hardware Prod - Google Chrome,Tâches diverses,2021-09-10,08:39:32,00:00:07
stefano.crapanzano@chu.ulg.ac.be,Helpdesk ATI - Db Hardware Prod - Google Chrome,Tâches diverses,2021-09-10,08:43:44,00:00:04
stefano.crapanzano@chu.ulg.ac.be,Helpdesk ATI - Db Hardware Prod - Google Chrome,Tâches diverses,2021-09-10,08:46:24,00:00:07
stefano.crapanzano@chu.ulg.ac.be,Helpdesk ATI - Db Hardware Prod - Google Chrome,Tâches diverses,2021-09-10,08:49:39,00:00:25
stefano.crapanzano@chu.ulg.ac.be,Helpdesk ATI - Db Hardware Prod - Google Chrome,Tâches diverses,2021-09-10,08:54:20,00:01:01
stefano.crapanzano@chu.ulg.ac.be,Helpdesk ATI - Db Hardware Prod - Google Chrome,Tâches diverses,2021-09-10,09:19:55,00:00:03
stefano.crapanzano@chu.ulg.ac.be,Helpdesk ATI - Db Hardware Prod - Google Chrome,Tâches diverses,2021-09-10,09:30:29,00:00:03
stefano.crapanzano@chu.ulg.ac.be,Helpdesk ATI - Db Hardware Prod - Google Chrome,Tâches diverses,2021-09-10,09:30:34,00:00:03
stefano.crapanzano@chu.ulg.ac.be,Helpdesk ATI - Db Hardware Prod - Google Chrome,Tâches diverses,2021-09-10,09:35:17,00:00:03
stefano.crapanzano@chu.ulg.ac.be,Helpdesk ATI - Db Hardware Prod - Google Chrome,Tâches diverses,2021-09-10,09:49:33,00:00:02
stefano.crapanzano@chu.ulg.ac.be,Helpdesk ATI - Db Hardware Prod - Google Chrome,Helpdesk général,2021-09-10,12:17:04,00:00:02
stefano.crapanzano@chu.ulg.ac.be,Helpdesk ATI - Db Hardware Prod - Google Chrome,Tâches diverses,2021-09-10,12:18:29,00:00:06
stefano.crapanzano@chu.ulg.ac.be,Netop Invité,Helpdesk général,2021-09-10,08:40:21,00:00:16
stefano.crapanzano@chu.ulg.ac.be,Netop Invité,Helpdesk général,2021-09-10,08:42:40,00:00:28
stefano.crapanzano@chu.ulg.ac.be,Netop Invité,Helpdesk général,2021-09-10,08:43:26,00:00:09
stefano.crapanzano@chu.ulg.ac.be,Netop Invité,Helpdesk général,2021-09-10,08:45:04,00:00:02
stefano.crapanzano@chu.ulg.ac.be,Netop Invité,Exploration SAP,2021-09-10,08:46:08,00:00:13
stefano.crapanzano@chu.ulg.ac.be,Netop Invité,Helpdesk général,2021-09-10,08:46:31,00:00:06
stefano.crapanzano@chu.ulg.ac.be,Netop Invité,Helpdesk général,2021-09-10,08:49:02,00:00:37
stefano.crapanzano@chu.ulg.ac.be,Netop Invité,Tâches diverses,2021-09-10,08:50:05,00:00:02
stefano.crapanzano@chu.ulg.ac.be,Netop Invité,Helpdesk général,2021-09-10,08:58:55,00:00:18
stefano.crapanzano@chu.ulg.ac.be,Netop Invité,Exploration SAP,2021-09-10,09:02:29,00:00:06
stefano.crapanzano@chu.ulg.ac.be,Netop Invité,Helpdesk général,2021-09-10,09:03:44,00:00:02
stefano.crapanzano@chu.ulg.ac.be,Netop Invité,Helpdesk général,2021-09-10,09:19:49,00:00:06
stefano.crapanzano@chu.ulg.ac.be,Netop Invité,Helpdesk général,2021-09-10,09:19:58,00:00:08
stefano.crapanzano@chu.ulg.ac.be,Netop Invité,Helpdesk général,2021-09-10,09:28:11,00:00:03
stefano.crapanzano@chu.ulg.ac.be,Netop Invité,Helpdesk général,2021-09-10,09:28:36,00:00:07
stefano.crapanzano@chu.ulg.ac.be,Netop Invité,Helpdesk général,2021-09-10,09:30:23,00:00:06
stefano.crapanzano@chu.ulg.ac.be,Netop Invité,Helpdesk général,2021-09-10,09:30:38,00:00:02
stefano.crapanzano@chu.ulg.ac.be,Netop Invité,Helpdesk général,2021-09-10,09:32:52,00:00:10
stefano.crapanzano@chu.ulg.ac.be,Netop Invité,Helpdesk général,2021-09-10,09:54:08,00:00:15
stefano.crapanzano@chu.ulg.ac.be,Netop Invité,Helpdesk général,2021-09-10,09:55:37,00:00:02
stefano.crapanzano@chu.ulg.ac.be,Netop Invité,Helpdesk général,2021-09-10,14:55:14,00:00:06
stefano.crapanzano@chu.ulg.ac.be,Netop Invité,Helpdesk général,2021-09-10,14:56:28,00:00:03
stefano.crapanzano@chu.ulg.ac.be,Netop Invité,Tâches diverses,2021-09-10,14:56:55,00:00:06
stefano.crapanzano@chu.ulg.ac.be,Netop Invité,Tâches diverses,2021-09-10,14:57:29,00:00:08
stefano.crapanzano@chu.ulg.ac.be,Netop Invité,Helpdesk général,2021-09-10,14:58:58,00:00:02
stefano.crapanzano@chu.ulg.ac.be,Netop Invité,Helpdesk général,2021-09-10,14:59:27,00:00:06
stefano.crapanzano@chu.ulg.ac.be,Netop Invité,Helpdesk général,2021-09-10,15:34:58,00:00:04
stefano.crapanzano@chu.ulg.ac.be,Netop Invité,Helpdesk général,2021-09-10,16:04:34,00:00:03
stefano.crapanzano@chu.ulg.ac.be,Netop,Helpdesk général,2021-09-10,08:46:39,00:00:45
stefano.crapanzano@chu.ulg.ac.be,Netop,Helpdesk général,2021-09-10,08:50:07,00:00:02
stefano.crapanzano@chu.ulg.ac.be,Netop,Helpdesk général,2021-09-10,08:52:36,00:00:02
stefano.crapanzano@chu.ulg.ac.be,Netop,Helpdesk général,2021-09-10,08:55:22,00:00:02
stefano.crapanzano@chu.ulg.ac.be,Netop,Helpdesk général,2021-09-10,09:54:24,00:00:02
stefano.crapanzano@chu.ulg.ac.be,Connexion à l'aide de l'authentification Windows,Helpdesk général,2021-09-10,08:40:39,00:00:04
stefano.crapanzano@chu.ulg.ac.be,Connexion à l'aide de l'authentification Windows,Helpdesk général,2021-09-10,08:43:51,00:00:03
stefano.crapanzano@chu.ulg.ac.be,Connexion à l'aide de l'authentification Windows,Helpdesk général,2021-09-10,08:46:37,00:00:02
stefano.crapanzano@chu.ulg.ac.be,Connexion à l'aide de l'authentification Windows,Helpdesk général,2021-09-10,08:47:27,00:00:06
stefano.crapanzano@chu.ulg.ac.be,Connexion à l'aide de l'authentification Windows,Helpdesk général,2021-09-10,08:50:09,00:00:03
stefano.crapanzano@chu.ulg.ac.be,Connexion à l'aide de l'authentification Windows,Helpdesk général,2021-09-10,08:55:25,00:00:02
stefano.crapanzano@chu.ulg.ac.be,Connexion à l'aide de l'authentification Windows,Helpdesk général,2021-09-10,09:20:08,00:00:03
stefano.crapanzano@chu.ulg.ac.be,Connexion à l'aide de l'authentification Windows,Helpdesk général,2021-09-10,09:28:15,00:00:03
stefano.crapanzano@chu.ulg.ac.be,Connexion à l'aide de l'authentification Windows,Helpdesk général,2021-09-10,09:30:41,00:00:03
stefano.crapanzano@chu.ulg.ac.be,Connexion à l'aide de l'authentification Windows,Helpdesk général,2021-09-10,09:54:26,00:00:02
stefano.crapanzano@chu.ulg.ac.be,Connexion à l'aide de l'authentification Windows,Helpdesk général,2021-09-10,14:55:21,00:00:02
stefano.crapanzano@chu.ulg.ac.be,Connexion à l'aide de l'authentification Windows,Helpdesk général,2021-09-10,14:56:31,00:00:03
stefano.crapanzano@chu.ulg.ac.be,Connexion à l'aide de l'authentification Windows,Helpdesk général,2021-09-10,14:57:02,00:00:03
stefano.crapanzano@chu.ulg.ac.be,Connexion à l'aide de l'authentification Windows,Helpdesk général,2021-09-10,14:57:38,00:00:02
stefano.crapanzano@chu.ulg.ac.be,Connexion à l'aide de l'authentification Windows,Helpdesk général,2021-09-10,14:59:33,00:00:02
stefano.crapanzano@chu.ulg.ac.be,Connexion à l'aide de l'authentification Windows,Helpdesk général,2021-09-10,16:04:39,00:00:03
stefano.crapanzano@chu.ulg.ac.be,192.168.81.124 - Netop Remote Control,Helpdesk général,2021-09-10,08:40:45,00:01:54
stefano.crapanzano@chu.ulg.ac.be,Identification - Google Chrome,Tâches diverses,2021-09-10,08:43:38,00:00:06
stefano.crapanzano@chu.ulg.ac.be,df-wx-0006 - Netop Remote Control,Helpdesk général,2021-09-10,08:43:56,00:01:07
stefano.crapanzano@chu.ulg.ac.be,Rédaction : Re: problème - Thunderbird,Helpdesk général,2021-09-10,08:45:10,00:00:50
stefano.crapanzano@chu.ulg.ac.be,Rédaction : Re: problème - Thunderbird,Helpdesk général,2021-09-10,13:39:40,00:00:02
stefano.crapanzano@chu.ulg.ac.be,Mot de passe,Helpdesk général,2021-09-10,08:47:25,00:00:02
stefano.crapanzano@chu.ulg.ac.be,192.168.79.166 - Netop Remote Control,Helpdesk général,2021-09-10,08:47:34,00:01:26
stefano.crapanzano@chu.ulg.ac.be,df-wx-0009 - Netop Remote Control,Helpdesk général,2021-09-10,08:50:14,00:02:21
stefano.crapanzano@chu.ulg.ac.be,df-wx-0036 - Netop Remote Control,Helpdesk général,2021-09-10,08:55:28,00:03:25
stefano.crapanzano@chu.ulg.ac.be,Rédaction : Re: TR: SAP - Visuel - Thunderbird,Helpdesk général,2021-09-10,08:59:37,00:00:27
stefano.crapanzano@chu.ulg.ac.be,Rédaction : Re: TR: SAP - Visuel - Thunderbird,Helpdesk général,2021-09-10,09:00:11,00:00:10
stefano.crapanzano@chu.ulg.ac.be,Rédaction : Re: TR: SAP - Visuel - Thunderbird,Helpdesk général,2021-09-10,09:00:26,00:00:49
stefano.crapanzano@chu.ulg.ac.be,Rédaction : Re: TR: SAP - Visuel - Thunderbird,Helpdesk général,2021-09-10,09:01:20,00:00:03
stefano.crapanzano@chu.ulg.ac.be,Rédaction : Re: TR: SAP - Visuel - Thunderbird,Helpdesk général,2021-09-10,09:01:36,00:00:25
stefano.crapanzano@chu.ulg.ac.be,Rédaction : Re: TR: SAP - Visuel - Thunderbird,Helpdesk général,2021-09-10,09:02:05,00:00:15
stefano.crapanzano@chu.ulg.ac.be,Rédaction : Re: TR: SAP - Visuel - Thunderbird,Helpdesk général,2021-09-10,09:02:55,00:00:06
stefano.crapanzano@chu.ulg.ac.be,Rédaction : Re: TR: SAP - Visuel - Thunderbird,Helpdesk général,2021-09-10,09:03:02,00:00:25
stefano.crapanzano@chu.ulg.ac.be,Greenshot capture form,Helpdesk général,2021-09-10,09:01:29,00:00:05
stefano.crapanzano@chu.ulg.ac.be,Greenshot capture form,Helpdesk général,2021-09-10,09:02:48,00:00:05
stefano.crapanzano@chu.ulg.ac.be,Greenshot capture form,Helpdesk général,2021-09-10,09:14:24,00:00:09
stefano.crapanzano@chu.ulg.ac.be,Greenshot capture form,Helpdesk général,2021-09-10,09:37:26,00:00:08
stefano.crapanzano@chu.ulg.ac.be,Greenshot capture form,Helpdesk général,2021-09-10,09:37:36,00:00:09
stefano.crapanzano@chu.ulg.ac.be,Greenshot capture form,Helpdesk général,2021-09-10,16:09:07,00:00:04
stefano.crapanzano@chu.ulg.ac.be,Options de la SAP GUI - SAP Logon,Exploration SAP,2021-09-10,09:02:02,00:00:02
stefano.crapanzano@chu.ulg.ac.be,Options de la SAP GUI - SAP Logon,Exploration SAP,2021-09-10,09:02:20,00:00:08
stefano.crapanzano@chu.ulg.ac.be,Options de la SAP GUI - SAP Logon,Exploration SAP,2021-09-10,09:55:08,00:00:02
stefano.crapanzano@chu.ulg.ac.be,df-wx-0009 - Lecture des enregistrements,Helpdesk général,2021-09-10,09:02:35,00:00:13
stefano.crapanzano@chu.ulg.ac.be,df-wx-0009 - Lecture des enregistrements,Helpdesk général,2021-09-10,09:03:30,00:00:14
stefano.crapanzano@chu.ulg.ac.be,Vérification de l’orthographe,Helpdesk général,2021-09-10,13:48:24,00:00:02
stefano.crapanzano@chu.ulg.ac.be,Vérification de l’orthographe,Helpdesk général,2021-09-10,15:07:34,00:00:02
stefano.crapanzano@chu.ulg.ac.be,\\appsaiadm.st.chulg\ERP\Config\sapgui_launcher.bat - Notepad++ [Administrator],IT,2021-09-10,09:05:18,00:00:09
stefano.crapanzano@chu.ulg.ac.be,\\appsaiadm.st.chulg\ERP\Config\sapgui_launcher.bat - Notepad++ [Administrator],IT,2021-09-10,09:24:46,00:00:28
stefano.crapanzano@chu.ulg.ac.be,\\appsaiadm.st.chulg\ERP\Config\sapgui_launcher.bat - Notepad++ [Administrator],IT,2021-09-10,09:25:22,00:00:04
stefano.crapanzano@chu.ulg.ac.be,\\appsaiadm.st.chulg\ERP\Config\sapgui_launcher.bat - Notepad++ [Administrator],IT,2021-09-10,09:25:41,00:00:24
stefano.crapanzano@chu.ulg.ac.be,\\appsaiadm.st.chulg\ERP\Config\sapgui_launcher.bat - Notepad++ [Administrator],IT,2021-09-10,09:26:08,00:00:08
stefano.crapanzano@chu.ulg.ac.be,\\appsaiadm.st.chulg\ERP\Config\sapgui_launcher.bat - Notepad++ [Administrator],IT,2021-09-10,09:26:18,00:00:03
stefano.crapanzano@chu.ulg.ac.be,\\appsaiadm.st.chulg\ERP\Config\sapgui_launcher.bat - Notepad++ [Administrator],IT,2021-09-10,09:31:07,00:00:03
stefano.crapanzano@chu.ulg.ac.be,\\appsaiadm.st.chulg\ERP\Config\sapgui_launcher.bat - Notepad++ [Administrator],IT,2021-09-10,09:31:11,00:00:03
stefano.crapanzano@chu.ulg.ac.be,\\appsaiadm.st.chulg\ERP\Config\sapgui_launcher.bat - Notepad++ [Administrator],IT,2021-09-10,09:33:02,00:00:02
stefano.crapanzano@chu.ulg.ac.be,\\appsaiadm.st.chulg\ERP\Config\sapgui_launcher.bat - Notepad++ [Administrator],IT,2021-09-10,09:38:00,00:02:08
stefano.crapanzano@chu.ulg.ac.be,\\appsaiadm.st.chulg\ERP\Config\sapgui_launcher.bat - Notepad++ [Administrator],IT,2021-09-10,09:47:29,00:00:02
stefano.crapanzano@chu.ulg.ac.be,\\appsaiadm.st.chulg\ERP\Config\sapgui_launcher.bat - Notepad++ [Administrator],IT,2021-09-10,09:48:51,00:00:03
stefano.crapanzano@chu.ulg.ac.be,\\appsaiadm.st.chulg\ERP\Config\sapgui_launcher.bat - Notepad++ [Administrator],IT,2021-09-10,09:49:07,00:00:03
stefano.crapanzano@chu.ulg.ac.be,Programmation,IT,2021-09-10,09:05:28,00:00:14
stefano.crapanzano@chu.ulg.ac.be,Programmation,IT,2021-09-10,09:06:06,00:05:59
stefano.crapanzano@chu.ulg.ac.be,Programmation,IT,2021-09-10,09:25:14,00:00:07
stefano.crapanzano@chu.ulg.ac.be,Programmation,IT,2021-09-10,09:28:44,00:00:52
stefano.crapanzano@chu.ulg.ac.be,Programmation,IT,2021-09-10,09:33:06,00:00:53
stefano.crapanzano@chu.ulg.ac.be,Programmation,IT,2021-09-10,09:34:25,00:00:29
stefano.crapanzano@chu.ulg.ac.be,Programmation,IT,2021-09-10,09:36:46,00:00:39
stefano.crapanzano@chu.ulg.ac.be,Programmation,IT,2021-09-10,09:37:34,00:00:02
stefano.crapanzano@chu.ulg.ac.be,Programmation,IT,2021-09-10,09:37:46,00:00:14
stefano.crapanzano@chu.ulg.ac.be,Programmation,IT,2021-09-10,09:53:05,00:00:59
stefano.crapanzano@chu.ulg.ac.be,Programmation,IT,2021-09-10,09:56:11,00:00:48
stefano.crapanzano@chu.ulg.ac.be,Programmation,IT,2021-09-10,10:06:38,00:00:38
stefano.crapanzano@chu.ulg.ac.be,Programmation,IT,2021-09-10,10:56:24,00:20:19
stefano.crapanzano@chu.ulg.ac.be,Programmation,IT,2021-09-10,11:19:34,00:00:16
stefano.crapanzano@chu.ulg.ac.be,Programmation,IT,2021-09-10,12:18:25,00:00:02
stefano.crapanzano@chu.ulg.ac.be,Programmation,IT,2021-09-10,13:48:45,00:01:19
stefano.crapanzano@chu.ulg.ac.be,Nouvel onglet - Google Chrome,Tâches diverses,2021-09-10,09:12:13,00:00:07
stefano.crapanzano@chu.ulg.ac.be,Nouvel onglet - Google Chrome,Tâches diverses,2021-09-10,09:29:37,00:00:21
stefano.crapanzano@chu.ulg.ac.be,Nouvel onglet - Google Chrome,Tâches diverses,2021-09-10,11:55:43,00:00:09
stefano.crapanzano@chu.ulg.ac.be,Nouvel onglet - Google Chrome,Tâches diverses,2021-09-10,13:28:22,00:00:04
stefano.crapanzano@chu.ulg.ac.be,Nouvel onglet - Google Chrome,Tâches diverses,2021-09-10,13:33:45,00:00:07
stefano.crapanzano@chu.ulg.ac.be,Nouvel onglet - Google Chrome,Tâches diverses,2021-09-10,13:59:09,00:00:02
stefano.crapanzano@chu.ulg.ac.be,Theme Settings Page - SAP Help Portal - Google Chrome,Tâches diverses,2021-09-10,09:12:22,00:00:21
stefano.crapanzano@chu.ulg.ac.be,Theme Settings Page - SAP Help Portal - Google Chrome,Tâches diverses,2021-09-10,09:13:47,00:00:13
stefano.crapanzano@chu.ulg.ac.be,Theme Settings Page - SAP Help Portal - Google Chrome,Tâches diverses,2021-09-10,09:14:47,00:00:09
stefano.crapanzano@chu.ulg.ac.be,Theme Settings Page - SAP Help Portal - Google Chrome,Tâches diverses,2021-09-10,10:54:59,00:00:45
stefano.crapanzano@chu.ulg.ac.be,Theme Settings Page - SAP Help Portal - Google Chrome,Tâches diverses,2021-09-10,11:21:12,00:01:09
stefano.crapanzano@chu.ulg.ac.be,Rédaction : (pas de sujet) - Thunderbird,Helpdesk général,2021-09-10,09:14:40,00:00:07
stefano.crapanzano@chu.ulg.ac.be,Rédaction : (pas de sujet) - Thunderbird,Helpdesk général,2021-09-10,09:14:57,00:01:22
stefano.crapanzano@chu.ulg.ac.be,Rédaction : (pas de sujet) - Thunderbird,Helpdesk général,2021-09-10,13:53:59,00:00:16
stefano.crapanzano@chu.ulg.ac.be,Rédaction : Thème par défaut - Thunderbird,Helpdesk général,2021-09-10,09:16:22,00:00:07
stefano.crapanzano@chu.ulg.ac.be,192.168.78.148 - Netop Remote Control,Helpdesk général,2021-09-10,09:20:13,00:01:08
stefano.crapanzano@chu.ulg.ac.be,192.168.78.148 - Netop Remote Control,Helpdesk général,2021-09-10,09:21:30,00:03:15
stefano.crapanzano@chu.ulg.ac.be,192.168.78.148 - Netop Remote Control,Helpdesk général,2021-09-10,09:25:32,00:00:09
stefano.crapanzano@chu.ulg.ac.be,192.168.78.148 - Netop Remote Control,Helpdesk général,2021-09-10,09:26:22,00:01:48
stefano.crapanzano@chu.ulg.ac.be,192.168.78.148 - Netop Remote Control,Helpdesk général,2021-09-10,09:28:20,00:00:15
stefano.crapanzano@chu.ulg.ac.be,*\\appsaiadm.st.chulg\ERP\Config\sapgui_launcher.bat - Notepad++ [Administrator],IT,2021-09-10,09:26:05,00:00:02
stefano.crapanzano@chu.ulg.ac.be,*\\appsaiadm.st.chulg\ERP\Config\sapgui_launcher.bat - Notepad++ [Administrator],IT,2021-09-10,09:26:16,00:00:02
stefano.crapanzano@chu.ulg.ac.be,program files x86 32 bit or 64 bit - Recherche Google - Google Chrome,Tâches diverses,2021-09-10,09:29:58,00:00:25
stefano.crapanzano@chu.ulg.ac.be,ec-w-appro07 - Netop Remote Control,Helpdesk général,2021-09-10,09:30:46,00:00:20
stefano.crapanzano@chu.ulg.ac.be,ec-w-appro07 - Netop Remote Control,IT,2021-09-10,09:31:14,00:01:36
stefano.crapanzano@chu.ulg.ac.be,Envoyés - erp.sai@chuliege.be - Mozilla Thunderbird,Helpdesk général,2021-09-10,09:35:25,00:01:08
stefano.crapanzano@chu.ulg.ac.be,Envoyés - erp.sai@chuliege.be - Mozilla Thunderbird,Helpdesk général,2021-09-10,09:47:32,00:00:02
stefano.crapanzano@chu.ulg.ac.be,Envoyés - erp.sai@chuliege.be - Mozilla Thunderbird,Helpdesk général,2021-09-10,09:47:40,00:00:02
stefano.crapanzano@chu.ulg.ac.be,Envoyés - erp.sai@chuliege.be - Mozilla Thunderbird,Helpdesk général,2021-09-10,09:49:13,00:00:04
stefano.crapanzano@chu.ulg.ac.be,Envoyés - erp.sai@chuliege.be - Mozilla Thunderbird,Helpdesk général,2021-09-10,09:49:49,00:00:37
stefano.crapanzano@chu.ulg.ac.be,Envoyés - erp.sai@chuliege.be - Mozilla Thunderbird,Helpdesk général,2021-09-10,09:50:34,00:00:02
stefano.crapanzano@chu.ulg.ac.be,Envoyés - erp.sai@chuliege.be - Mozilla Thunderbird,Helpdesk général,2021-09-10,09:50:43,00:01:01
stefano.crapanzano@chu.ulg.ac.be,Envoyés - erp.sai@chuliege.be - Mozilla Thunderbird,Helpdesk général,2021-09-10,09:55:45,00:00:03
stefano.crapanzano@chu.ulg.ac.be,Envoyés - erp.sai@chuliege.be - Mozilla Thunderbird,Helpdesk général,2021-09-10,09:57:05,00:00:02
stefano.crapanzano@chu.ulg.ac.be,Envoyés - erp.sai@chuliege.be - Mozilla Thunderbird,Helpdesk général,2021-09-10,10:01:39,00:01:20
stefano.crapanzano@chu.ulg.ac.be,Envoyés - erp.sai@chuliege.be - Mozilla Thunderbird,Helpdesk général,2021-09-10,10:07:22,00:01:47
stefano.crapanzano@chu.ulg.ac.be,Envoyés - erp.sai@chuliege.be - Mozilla Thunderbird,Helpdesk général,2021-09-10,10:27:01,00:03:07
stefano.crapanzano@chu.ulg.ac.be,Envoyés - erp.sai@chuliege.be - Mozilla Thunderbird,Helpdesk général,2021-09-10,10:30:09,00:00:10
stefano.crapanzano@chu.ulg.ac.be,Envoyés - erp.sai@chuliege.be - Mozilla Thunderbird,Helpdesk général,2021-09-10,10:45:50,00:08:31
stefano.crapanzano@chu.ulg.ac.be,Envoyés - erp.sai@chuliege.be - Mozilla Thunderbird,Helpdesk général,2021-09-10,10:54:32,00:00:19
stefano.crapanzano@chu.ulg.ac.be,Envoyés - erp.sai@chuliege.be - Mozilla Thunderbird,Helpdesk général,2021-09-10,10:55:46,00:00:02
stefano.crapanzano@chu.ulg.ac.be,Envoyés - erp.sai@chuliege.be - Mozilla Thunderbird,Helpdesk général,2021-09-10,11:16:44,00:00:02
stefano.crapanzano@chu.ulg.ac.be,Envoyés - erp.sai@chuliege.be - Mozilla Thunderbird,Helpdesk général,2021-09-10,11:16:58,00:00:02
stefano.crapanzano@chu.ulg.ac.be,Envoyés - erp.sai@chuliege.be - Mozilla Thunderbird,Helpdesk général,2021-09-10,11:18:36,00:00:19
stefano.crapanzano@chu.ulg.ac.be,Envoyés - erp.sai@chuliege.be - Mozilla Thunderbird,Helpdesk général,2021-09-10,11:20:24,00:00:02
stefano.crapanzano@chu.ulg.ac.be,Envoyés - erp.sai@chuliege.be - Mozilla Thunderbird,Helpdesk général,2021-09-10,11:25:42,00:00:03
stefano.crapanzano@chu.ulg.ac.be,Envoyés - erp.sai@chuliege.be - Mozilla Thunderbird,Helpdesk général,2021-09-10,12:13:17,00:00:03
stefano.crapanzano@chu.ulg.ac.be,Envoyés - erp.sai@chuliege.be - Mozilla Thunderbird,Helpdesk général,2021-09-10,12:18:12,00:00:06
stefano.crapanzano@chu.ulg.ac.be,Envoyés - erp.sai@chuliege.be - Mozilla Thunderbird,Helpdesk général,2021-09-10,12:18:20,00:00:04
stefano.crapanzano@chu.ulg.ac.be,Envoyés - erp.sai@chuliege.be - Mozilla Thunderbird,Tâches diverses,2021-09-10,12:24:48,00:00:02
stefano.crapanzano@chu.ulg.ac.be,Envoyés - erp.sai@chuliege.be - Mozilla Thunderbird,Helpdesk général,2021-09-10,12:30:28,00:00:02
stefano.crapanzano@chu.ulg.ac.be,Envoyés - erp.sai@chuliege.be - Mozilla Thunderbird,Helpdesk général,2021-09-10,13:43:16,00:01:14
stefano.crapanzano@chu.ulg.ac.be,Envoyés - erp.sai@chuliege.be - Mozilla Thunderbird,Helpdesk général,2021-09-10,13:48:38,00:00:02
stefano.crapanzano@chu.ulg.ac.be,Envoyés - erp.sai@chuliege.be - Mozilla Thunderbird,Helpdesk général,2021-09-10,13:50:19,00:00:12
stefano.crapanzano@chu.ulg.ac.be,Envoyés - erp.sai@chuliege.be - Mozilla Thunderbird,Helpdesk général,2021-09-10,13:57:42,00:00:03
stefano.crapanzano@chu.ulg.ac.be,Envoyés - erp.sai@chuliege.be - Mozilla Thunderbird,Helpdesk général,2021-09-10,13:57:54,00:00:02
stefano.crapanzano@chu.ulg.ac.be,Envoyés - erp.sai@chuliege.be - Mozilla Thunderbird,Helpdesk général,2021-09-10,14:26:54,00:00:02
stefano.crapanzano@chu.ulg.ac.be,Envoyés - erp.sai@chuliege.be - Mozilla Thunderbird,Helpdesk général,2021-09-10,14:28:06,00:00:09
stefano.crapanzano@chu.ulg.ac.be,Envoyés - erp.sai@chuliege.be - Mozilla Thunderbird,Helpdesk général,2021-09-10,14:54:32,00:00:02
stefano.crapanzano@chu.ulg.ac.be,Envoyés - erp.sai@chuliege.be - Mozilla Thunderbird,Helpdesk général,2021-09-10,15:27:08,00:00:28
stefano.crapanzano@chu.ulg.ac.be,Envoyés - erp.sai@chuliege.be - Mozilla Thunderbird,Helpdesk général,2021-09-10,15:39:06,00:00:29
stefano.crapanzano@chu.ulg.ac.be,Envoyés - erp.sai@chuliege.be - Mozilla Thunderbird,Helpdesk général,2021-09-10,15:39:40,00:04:13
stefano.crapanzano@chu.ulg.ac.be,Envoyés - erp.sai@chuliege.be - Mozilla Thunderbird,Helpdesk général,2021-09-10,16:20:16,00:00:07
stefano.crapanzano@chu.ulg.ac.be,Envoyés - erp.sai@chuliege.be - Mozilla Thunderbird,Helpdesk général,2021-09-10,16:22:40,00:00:02
stefano.crapanzano@chu.ulg.ac.be,Envoyés - erp.sai@chuliege.be - Mozilla Thunderbird,Helpdesk général,2021-09-10,16:25:03,00:00:40
stefano.crapanzano@chu.ulg.ac.be,Envoyés - erp.sai@chuliege.be - Mozilla Thunderbird,Helpdesk général,2021-09-10,16:45:02,00:00:22
stefano.crapanzano@chu.ulg.ac.be,Envoyés - erp.sai@chuliege.be - Mozilla Thunderbird,Helpdesk général,2021-09-10,16:47:04,00:00:02
stefano.crapanzano@chu.ulg.ac.be,Envoyés - erp.sai@chuliege.be - Mozilla Thunderbird,Helpdesk général,2021-09-10,16:47:07,00:00:38
stefano.crapanzano@chu.ulg.ac.be,Thème par défaut - Mozilla Thunderbird,Helpdesk général,2021-09-10,09:47:43,00:00:04
stefano.crapanzano@chu.ulg.ac.be,Rédaction : Fwd: Thème par défaut - Thunderbird,Helpdesk général,2021-09-10,09:47:49,00:01:01
stefano.crapanzano@chu.ulg.ac.be,Rédaction : Fwd: Thème par défaut - Thunderbird,Helpdesk général,2021-09-10,09:48:55,00:00:09
stefano.crapanzano@chu.ulg.ac.be,Envoi du message - Fwd: Thème par défaut,Helpdesk général,2021-09-10,09:49:04,00:00:02
stefano.crapanzano@chu.ulg.ac.be,Accès à X01 pour un utilisateur - Xperthis ERP4HC 2.0 Rollout - Service d'assistance - Google Chrome,Tâches diverses,2021-09-10,09:52:05,00:00:02
stefano.crapanzano@chu.ulg.ac.be,Accès à X01 pour un utilisateur - Xperthis ERP4HC 2.0 Rollout - Service d'assistance - Google Chrome,Tâches diverses,2021-09-10,10:54:55,00:00:02
stefano.crapanzano@chu.ulg.ac.be,Accès à X01 pour un utilisateur - Xperthis ERP4HC 2.0 Rollout - Service d'assistance - Google Chrome,Tâches diverses,2021-09-10,12:17:06,00:00:02
stefano.crapanzano@chu.ulg.ac.be,Accès à X01 pour un utilisateur - Xperthis ERP4HC 2.0 Rollout - Service d'assistance - Google Chrome,Tâches diverses,2021-09-10,13:58:27,00:00:03
stefano.crapanzano@chu.ulg.ac.be,Accès à X01 pour un utilisateur - Xperthis ERP4HC 2.0 Rollout - Service d'assistance - Google Chrome,Tâches diverses,2021-09-10,13:58:35,00:00:03
stefano.crapanzano@chu.ulg.ac.be,Accès à X01 pour un utilisateur - Xperthis ERP4HC 2.0 Rollout - Service d'assistance - Google Chrome,Tâches diverses,2021-09-10,13:59:05,00:00:03
stefano.crapanzano@chu.ulg.ac.be,Accès à X01 pour un utilisateur - Xperthis ERP4HC 2.0 Rollout - Service d'assistance - Google Chrome,Tâches diverses,2021-09-10,14:00:00,00:00:07
stefano.crapanzano@chu.ulg.ac.be,02 Reset password procedure jira servicedesk FR (1).pdf - Google Chrome,Tâches diverses,2021-09-10,09:52:07,00:00:02
stefano.crapanzano@chu.ulg.ac.be,Reset mot de passe - Google Chrome,Tâches diverses,2021-09-10,09:52:10,00:00:30
stefano.crapanzano@chu.ulg.ac.be,Reset mot de passe - Google Chrome,Tâches diverses,2021-09-10,09:55:54,00:00:06
stefano.crapanzano@chu.ulg.ac.be,Reset mot de passe - Google Chrome,Tâches diverses,2021-09-10,10:01:25,00:00:06
stefano.crapanzano@chu.ulg.ac.be,Reset mot de passe - Google Chrome,Tâches diverses,2021-09-10,13:58:40,00:00:25
stefano.crapanzano@chu.ulg.ac.be,Reset mot de passe - Google Chrome,Tâches diverses,2021-09-10,13:59:32,00:00:19
stefano.crapanzano@chu.ulg.ac.be,Reset mot de passe - Google Chrome,Tâches diverses,2021-09-10,13:59:58,00:00:02
stefano.crapanzano@chu.ulg.ac.be,Reset mot de passe - Google Chrome,Tâches diverses,2021-09-10,14:00:37,00:00:19
stefano.crapanzano@chu.ulg.ac.be,Reset mot de passe - Google Chrome,Tâches diverses,2021-09-10,14:02:31,00:00:02
stefano.crapanzano@chu.ulg.ac.be,P203 CHR Transfert d'approbation de DA en cas d'absence de l'approbateur - Xperthis ERP4HC 1.0 - Service d'assistance - Google Chrome,Tâches diverses,2021-09-10,09:52:47,00:00:07
stefano.crapanzano@chu.ulg.ac.be,Demandes - Service d'assistance - Google Chrome,Tâches diverses,2021-09-10,09:52:54,00:00:10
stefano.crapanzano@chu.ulg.ac.be,Demandes - Service d'assistance - Google Chrome,Tâches diverses,2021-09-10,09:55:51,00:00:02
stefano.crapanzano@chu.ulg.ac.be,Demandes - Service d'assistance - Google Chrome,Tâches diverses,2021-09-10,10:01:31,00:00:06
stefano.crapanzano@chu.ulg.ac.be,Demandes - Service d'assistance - Google Chrome,Tâches diverses,2021-09-10,10:54:51,00:00:02
stefano.crapanzano@chu.ulg.ac.be,Demandes - Service d'assistance - Google Chrome,Tâches diverses,2021-09-10,11:17:20,00:00:03
stefano.crapanzano@chu.ulg.ac.be,Demandes - Service d'assistance - Google Chrome,Tâches diverses,2021-09-10,11:19:10,00:00:02
stefano.crapanzano@chu.ulg.ac.be,Demandes - Service d'assistance - Google Chrome,Tâches diverses,2021-09-10,11:19:16,00:00:17
stefano.crapanzano@chu.ulg.ac.be,Demandes - Service d'assistance - Google Chrome,Tâches diverses,2021-09-10,11:22:23,00:00:02
stefano.crapanzano@chu.ulg.ac.be,Demandes - Service d'assistance - Google Chrome,Tâches diverses,2021-09-10,12:17:08,00:00:03
stefano.crapanzano@chu.ulg.ac.be,Demandes - Service d'assistance - Google Chrome,Tâches diverses,2021-09-10,12:17:17,00:00:08
stefano.crapanzano@chu.ulg.ac.be,Demandes - Service d'assistance - Google Chrome,Tâches diverses,2021-09-10,12:18:37,00:00:07
stefano.crapanzano@chu.ulg.ac.be,Demandes - Service d'assistance - Google Chrome,Tâches diverses,2021-09-10,13:44:56,00:00:02
stefano.crapanzano@chu.ulg.ac.be,Demandes - Service d'assistance - Google Chrome,Tâches diverses,2021-09-10,13:58:09,00:00:09
stefano.crapanzano@chu.ulg.ac.be,Demandes - Service d'assistance - Google Chrome,Tâches diverses,2021-09-10,13:58:22,00:00:04
stefano.crapanzano@chu.ulg.ac.be,192.168.79.133 - Netop Remote Control,Helpdesk général,2021-09-10,09:54:30,00:00:38
stefano.crapanzano@chu.ulg.ac.be,192.168.79.133 - Netop Remote Control,Helpdesk général,2021-09-10,09:55:13,00:00:22
stefano.crapanzano@chu.ulg.ac.be,Lecture documentation,Tâches diverses,2021-09-10,10:09:09,00:00:13
stefano.crapanzano@chu.ulg.ac.be,Lecture documentation,Tâches diverses,2021-09-10,10:09:40,00:05:47
stefano.crapanzano@chu.ulg.ac.be,Lecture documentation,Tâches diverses,2021-09-10,11:17:23,00:01:09
stefano.crapanzano@chu.ulg.ac.be,Lecture documentation,Tâches diverses,2021-09-10,11:22:34,00:03:01
stefano.crapanzano@chu.ulg.ac.be,Lecture documentation,Tâches diverses,2021-09-10,11:25:46,00:29:51
stefano.crapanzano@chu.ulg.ac.be,Lecture documentation,Tâches diverses,2021-09-10,12:27:17,00:03:08
stefano.crapanzano@chu.ulg.ac.be,Lecture documentation,Tâches diverses,2021-09-10,13:13:09,00:03:20
stefano.crapanzano@chu.ulg.ac.be,Lecture documentation,Tâches diverses,2021-09-10,14:03:02,00:03:54
stefano.crapanzano@chu.ulg.ac.be,Lecture documentation,Tâches diverses,2021-09-10,14:07:07,00:18:30
stefano.crapanzano@chu.ulg.ac.be,Lecture documentation,Tâches diverses,2021-09-10,14:27:00,00:01:06
stefano.crapanzano@chu.ulg.ac.be,Lecture documentation,Tâches diverses,2021-09-10,14:28:24,00:23:25
stefano.crapanzano@chu.ulg.ac.be,Lecture documentation,Tâches diverses,2021-09-10,14:52:31,00:01:51
stefano.crapanzano@chu.ulg.ac.be,Lecture documentation,Tâches diverses,2021-09-10,14:55:40,00:00:02
stefano.crapanzano@chu.ulg.ac.be,Lecture documentation,Tâches diverses,2021-09-10,14:56:46,00:00:05
stefano.crapanzano@chu.ulg.ac.be,Lecture documentation,Tâches diverses,2021-09-10,15:02:03,00:00:21
stefano.crapanzano@chu.ulg.ac.be,Lecture documentation,Tâches diverses,2021-09-10,15:08:13,00:01:30
stefano.crapanzano@chu.ulg.ac.be,Lecture documentation,Tâches diverses,2021-09-10,15:10:26,00:11:39
stefano.crapanzano@chu.ulg.ac.be,Lecture documentation,Tâches diverses,2021-09-10,15:22:25,00:00:44
stefano.crapanzano@chu.ulg.ac.be,Lecture documentation,Tâches diverses,2021-09-10,15:23:11,00:00:12
stefano.crapanzano@chu.ulg.ac.be,Lecture documentation,Tâches diverses,2021-09-10,15:23:59,00:00:04
stefano.crapanzano@chu.ulg.ac.be,Lecture documentation,Tâches diverses,2021-09-10,15:24:21,00:01:20
stefano.crapanzano@chu.ulg.ac.be,Lecture documentation,Tâches diverses,2021-09-10,15:44:43,00:01:33
stefano.crapanzano@chu.ulg.ac.be,Lecture documentation,Tâches diverses,2021-09-10,15:46:37,00:16:18
stefano.crapanzano@chu.ulg.ac.be,Lecture documentation,Tâches diverses,2021-09-10,16:03:03,00:00:12
stefano.crapanzano@chu.ulg.ac.be,Lecture documentation,Tâches diverses,2021-09-10,16:04:58,00:00:24
stefano.crapanzano@chu.ulg.ac.be,Lecture documentation,Tâches diverses,2021-09-10,16:06:22,00:00:39
stefano.crapanzano@chu.ulg.ac.be,Lecture documentation,Tâches diverses,2021-09-10,16:07:29,00:00:02
stefano.crapanzano@chu.ulg.ac.be,Lecture documentation,Tâches diverses,2021-09-10,16:09:05,00:00:02
stefano.crapanzano@chu.ulg.ac.be,Lecture documentation,Tâches diverses,2021-09-10,16:13:48,00:00:19
stefano.crapanzano@chu.ulg.ac.be,Lecture documentation,Tâches diverses,2021-09-10,16:14:14,00:00:21
stefano.crapanzano@chu.ulg.ac.be,Lecture documentation,Tâches diverses,2021-09-10,16:17:07,00:03:07
stefano.crapanzano@chu.ulg.ac.be,Lecture documentation,Tâches diverses,2021-09-10,16:21:47,00:00:27
stefano.crapanzano@chu.ulg.ac.be,Lecture documentation,Tâches diverses,2021-09-10,16:23:09,00:01:50
stefano.crapanzano@chu.ulg.ac.be,Lecture documentation,Tâches diverses,2021-09-10,16:25:43,00:13:42
stefano.crapanzano@chu.ulg.ac.be,Lecture documentation,Tâches diverses,2021-09-10,16:39:35,00:01:54
stefano.crapanzano@chu.ulg.ac.be,Lecture documentation,Tâches diverses,2021-09-10,16:43:36,00:00:11
stefano.crapanzano@chu.ulg.ac.be,Lecture documentation,Tâches diverses,2021-09-10,16:43:55,00:00:02
stefano.crapanzano@chu.ulg.ac.be,Lecture documentation,Tâches diverses,2021-09-10,16:44:00,00:00:56
stefano.crapanzano@chu.ulg.ac.be,Lecture documentation,Tâches diverses,2021-09-10,16:51:41,00:02:57
stefano.crapanzano@chu.ulg.ac.be,Lecture documentation,Tâches diverses,2021-09-10,16:55:34,00:02:12
stefano.crapanzano@chu.ulg.ac.be,Lecture documentation,Tâches diverses,2021-09-10,17:00:33,00:01:38
stefano.crapanzano@chu.ulg.ac.be,Rédaction : Fwd: TR: NC Burnay - Thunderbird,Helpdesk général,2021-09-10,10:16:09,00:00:07
stefano.crapanzano@chu.ulg.ac.be,Rédaction : Fwd: TR: Intégrations - Thunderbird,Helpdesk général,2021-09-10,10:16:23,00:00:04
stefano.crapanzano@chu.ulg.ac.be,SAM-DB - Google Chrome,Tâches diverses,2021-09-10,10:55:49,00:00:04
stefano.crapanzano@chu.ulg.ac.be,Service MT - Google Chrome,Tâches diverses,2021-09-10,10:55:53,00:00:22
stefano.crapanzano@chu.ulg.ac.be,Service MT - Google Chrome,Tâches diverses,2021-09-10,11:17:09,00:00:02
stefano.crapanzano@chu.ulg.ac.be,Service MT - Google Chrome,Tâches diverses,2021-09-10,12:18:44,00:06:04
stefano.crapanzano@chu.ulg.ac.be,Service MT - Google Chrome,Tâches diverses,2021-09-10,12:27:05,00:00:04
stefano.crapanzano@chu.ulg.ac.be,Service MT - Google Chrome,Tâches diverses,2021-09-10,13:39:36,00:00:02
stefano.crapanzano@chu.ulg.ac.be,Service MT - Google Chrome,Tâches diverses,2021-09-10,13:44:41,00:00:02
stefano.crapanzano@chu.ulg.ac.be,127.0.0.1:8000/test_form/ - Google Chrome,Tâches diverses,2021-09-10,10:56:16,00:00:06
stefano.crapanzano@chu.ulg.ac.be,127.0.0.1:8000/test_form/ - Google Chrome,Tâches diverses,2021-09-10,11:17:05,00:00:03
stefano.crapanzano@chu.ulg.ac.be,127.0.0.1:8000/test_form/ - Google Chrome,Tâches diverses,2021-09-10,11:20:54,00:00:06
stefano.crapanzano@chu.ulg.ac.be,CHR_FRCHR - sftp://kofax@secure.chrcitadelle.be - FileZilla,Helpdesk général,2021-09-10,11:17:13,00:00:03
stefano.crapanzano@chu.ulg.ac.be,PE2_203_IDMGMT - sftp://PE2U2FTPID@153.89.110.38 - FileZilla,Helpdesk général,2021-09-10,11:17:16,00:00:03
stefano.crapanzano@chu.ulg.ac.be,PE2_203_IDMGMT - sftp://PE2U2FTPID@153.89.110.38 - FileZilla,Helpdesk général,2021-09-10,11:19:55,00:00:02
stefano.crapanzano@chu.ulg.ac.be,PE2_203_IDMGMT - sftp://PE2U2FTPID@153.89.110.38 - FileZilla,Helpdesk général,2021-09-10,11:22:31,00:00:02
stefano.crapanzano@chu.ulg.ac.be,Achat [DokuWiki ERP] - Google Chrome,Tâches diverses,2021-09-10,11:22:25,00:00:02
stefano.crapanzano@chu.ulg.ac.be,Achat [DokuWiki ERP] - Google Chrome,Tâches diverses,2021-09-10,11:55:37,00:00:06
stefano.crapanzano@chu.ulg.ac.be,Achat [DokuWiki ERP] - Google Chrome,Tâches diverses,2021-09-10,13:37:24,00:00:02
stefano.crapanzano@chu.ulg.ac.be,Achat [DokuWiki ERP] - Google Chrome,Tâches diverses,2021-09-10,13:37:28,00:00:04
stefano.crapanzano@chu.ulg.ac.be,erpmanager - Total Commander (x64) 9.0a - NOT REGISTERED,Tâches diverses,2021-09-10,11:19:58,00:00:22
stefano.crapanzano@chu.ulg.ac.be,Django_TravelBlog/base.html at master · arindam31/Django_TravelBlog · GitHub - Google Chrome,Tâches diverses,2021-09-10,11:21:00,00:00:03
stefano.crapanzano@chu.ulg.ac.be,Django Packages : Forms - Google Chrome,Tâches diverses,2021-09-10,11:21:04,00:00:02
stefano.crapanzano@chu.ulg.ac.be,AlamoudiAM/django-crispy-forms - githubmemory - Google Chrome,Tâches diverses,2021-09-10,11:21:07,00:00:03
stefano.crapanzano@chu.ulg.ac.be,myCHU - Google Chrome,Tâches diverses,2021-09-10,13:59:12,00:00:08
stefano.crapanzano@chu.ulg.ac.be,myCHU - Google Chrome,Tâches diverses,2021-09-10,14:02:48,00:00:14
stefano.crapanzano@chu.ulg.ac.be,myCHU - Google Chrome,Tâches diverses,2021-09-10,14:26:57,00:00:03
stefano.crapanzano@chu.ulg.ac.be,myCHU - Google Chrome,Tâches diverses,2021-09-10,15:08:10,00:00:02
stefano.crapanzano@chu.ulg.ac.be,myCHU - Google Chrome,Tâches diverses,2021-09-10,16:17:03,00:00:04
stefano.crapanzano@chu.ulg.ac.be,Intrastat - Google Chrome,Tâches diverses,2021-09-10,11:55:53,00:17:03
stefano.crapanzano@chu.ulg.ac.be,Intrastat - Google Chrome,Tâches diverses,2021-09-10,12:27:10,00:00:02
stefano.crapanzano@chu.ulg.ac.be,P203 CHR Chargement en masse articles catalogues - Xperthis ERP4HC 1.0 - Service d'assistance - Google Chrome,Tâches diverses,2021-09-10,12:17:12,00:00:04
stefano.crapanzano@chu.ulg.ac.be,P203 CHR Chargement en masse articles catalogues - Xperthis ERP4HC 1.0 - Service d'assistance - Google Chrome,Tâches diverses,2021-09-10,13:58:18,00:00:03
stefano.crapanzano@chu.ulg.ac.be,P203 CHU Articles bloqués - Xperthis ERP4HC 1.0 - Service d'assistance - Google Chrome,Tâches diverses,2021-09-10,12:17:25,00:00:43
stefano.crapanzano@chu.ulg.ac.be,P203 CHU Articles bloqués - Xperthis ERP4HC 1.0 - Service d'assistance - Google Chrome,Tâches diverses,2021-09-10,13:44:53,00:00:03
stefano.crapanzano@chu.ulg.ac.be,P203 CHU Articles bloqués - Xperthis ERP4HC 1.0 - Service d'assistance - Google Chrome,Tâches diverses,2021-09-10,13:44:59,00:00:43
stefano.crapanzano@chu.ulg.ac.be,P203 CHU Articles bloqués - Xperthis ERP4HC 1.0 - Service d'assistance - Google Chrome,Tâches diverses,2021-09-10,13:46:48,00:00:09
stefano.crapanzano@chu.ulg.ac.be,P203 CHU Articles bloqués - Xperthis ERP4HC 1.0 - Service d'assistance - Google Chrome,Tâches diverses,2021-09-10,13:47:25,00:00:02
stefano.crapanzano@chu.ulg.ac.be,P203 CHU Articles bloqués - Xperthis ERP4HC 1.0 - Service d'assistance - Google Chrome,Tâches diverses,2021-09-10,13:47:29,00:00:02
stefano.crapanzano@chu.ulg.ac.be,P203 CHU Articles bloqués - Xperthis ERP4HC 1.0 - Service d'assistance - Google Chrome,Tâches diverses,2021-09-10,13:50:44,00:00:02
stefano.crapanzano@chu.ulg.ac.be,P203 CHU Commande 4000205977 ne contient rien dans le champs  notre référence  dans l'onglet communication - Xperthis ERP4HC 1.0 - Service d'assistance - Google Chrome,Tâches diverses,2021-09-10,12:58:23,00:14:45
stefano.crapanzano@chu.ulg.ac.be,P203 CHU Commande 4000205977 ne contient rien dans le champs  notre référence  dans l'onglet communication - Xperthis ERP4HC 1.0 - Service d'assistance - Google Chrome,Tâches diverses,2021-09-10,13:29:46,00:00:04
stefano.crapanzano@chu.ulg.ac.be,P203 CHU Commande 4000205977 ne contient rien dans le champs  notre référence  dans l'onglet communication - Xperthis ERP4HC 1.0 - Service d'assistance - Google Chrome,Tâches diverses,2021-09-10,13:36:57,00:00:02
stefano.crapanzano@chu.ulg.ac.be,Doodle | Tests interface SSP de ERP4HC 2.0 dans l'environnement X01 - Google Chrome,Tâches diverses,2021-09-10,13:19:28,00:00:54
stefano.crapanzano@chu.ulg.ac.be,Doodle | Tests interface SSP de ERP4HC 2.0 dans l'environnement X01 - Google Chrome,Tâches diverses,2021-09-10,13:28:18,00:00:04
stefano.crapanzano@chu.ulg.ac.be,Doodle | Tests interface SSP de ERP4HC 2.0 dans l'environnement X01 - Google Chrome,Tâches diverses,2021-09-10,13:44:43,00:00:02
stefano.crapanzano@chu.ulg.ac.be,Doodle | Tests interface SSP de ERP4HC 2.0 dans l'environnement X01 - Google Chrome,Tâches diverses,2021-09-10,13:44:47,00:00:06
stefano.crapanzano@chu.ulg.ac.be,Doodle | Tests interface SSP de ERP4HC 2.0 dans l'environnement X01 - Google Chrome,Tâches diverses,2021-09-10,13:58:02,00:00:02
stefano.crapanzano@chu.ulg.ac.be,Doodle | Tests interface SSP de ERP4HC 2.0 dans l'environnement X01 - Google Chrome,Tâches diverses,2021-09-10,14:02:40,00:00:03
stefano.crapanzano@chu.ulg.ac.be,Doodle | Tests interface SSP de ERP4HC 2.0 dans l'environnement X01 - Google Chrome,Tâches diverses,2021-09-10,15:44:21,00:00:12
stefano.crapanzano@chu.ulg.ac.be,SAP,Exploration SAP,2021-09-10,13:20:27,00:00:10
stefano.crapanzano@chu.ulg.ac.be,Info licence en cas de connexion multiple,Exploration SAP,2021-09-10,13:20:38,00:00:02
stefano.crapanzano@chu.ulg.ac.be,SAP Easy Access Menu de base Applications financières-économiques,Exploration SAP,2021-09-10,13:20:45,00:00:06
stefano.crapanzano@chu.ulg.ac.be,SAP Easy Access Menu de base Applications financières-économiques,Exploration SAP,2021-09-10,13:20:54,00:00:27
stefano.crapanzano@chu.ulg.ac.be,SAP Easy Access Menu de base Applications financières-économiques,Exploration SAP,2021-09-10,13:23:33,00:00:03
stefano.crapanzano@chu.ulg.ac.be,SAP Easy Access Menu de base Applications financières-économiques,Exploration SAP,2021-09-10,13:24:54,00:00:02
stefano.crapanzano@chu.ulg.ac.be,SAP Easy Access Menu de base Applications financières-économiques,Exploration SAP,2021-09-10,13:25:19,00:00:04
stefano.crapanzano@chu.ulg.ac.be,SAP Easy Access Menu de base Applications financières-économiques,Exploration SAP,2021-09-10,13:30:48,00:00:13
stefano.crapanzano@chu.ulg.ac.be,SAP Easy Access Menu de base Applications financières-économiques,Exploration SAP,2021-09-10,13:35:27,00:00:02
stefano.crapanzano@chu.ulg.ac.be,SAP Easy Access Menu de base Applications financières-économiques,Exploration SAP,2021-09-10,13:35:49,00:00:13
stefano.crapanzano@chu.ulg.ac.be,SAP Easy Access Menu de base Applications financières-économiques,Exploration SAP,2021-09-10,13:36:04,00:00:04
stefano.crapanzano@chu.ulg.ac.be,SAP Easy Access Menu de base Applications financières-économiques,Exploration SAP,2021-09-10,13:38:28,00:00:03
stefano.crapanzano@chu.ulg.ac.be,Commande interv. 40 4000208652 créée par WEBUSERCHU,Exploration SAP,2021-09-10,13:20:51,00:00:03
stefano.crapanzano@chu.ulg.ac.be,leroy sandra approbation commande - Mozilla Thunderbird,Helpdesk général,2021-09-10,13:22:22,00:00:04
stefano.crapanzano@chu.ulg.ac.be,leroy sandra approbation commande - Mozilla Thunderbird,Helpdesk général,2021-09-10,13:22:39,00:00:07
stefano.crapanzano@chu.ulg.ac.be,leroy sandra approbation commande - Mozilla Thunderbird,Helpdesk général,2021-09-10,13:23:01,00:00:19
stefano.crapanzano@chu.ulg.ac.be,leroy sandra approbation commande - Mozilla Thunderbird,Helpdesk général,2021-09-10,13:23:28,00:00:04
stefano.crapanzano@chu.ulg.ac.be,leroy sandra approbation commande - Mozilla Thunderbird,Helpdesk général,2021-09-10,13:23:44,00:00:07
stefano.crapanzano@chu.ulg.ac.be,leroy sandra approbation commande - Mozilla Thunderbird,Helpdesk général,2021-09-10,13:24:07,00:00:03
stefano.crapanzano@chu.ulg.ac.be,leroy sandra approbation commande - Mozilla Thunderbird,Helpdesk général,2021-09-10,13:24:22,00:00:07
stefano.crapanzano@chu.ulg.ac.be,leroy sandra approbation commande - Mozilla Thunderbird,Helpdesk général,2021-09-10,13:26:38,00:00:07
stefano.crapanzano@chu.ulg.ac.be,leroy sandra approbation commande - Mozilla Thunderbird,Helpdesk général,2021-09-10,13:27:07,00:00:42
stefano.crapanzano@chu.ulg.ac.be,accès validation bon de commande - Mozilla Thunderbird,Helpdesk général,2021-09-10,13:22:27,00:00:12
stefano.crapanzano@chu.ulg.ac.be,message bloquant approbation via SAP - Mozilla Thunderbird,Helpdesk général,2021-09-10,13:22:46,00:00:15
stefano.crapanzano@chu.ulg.ac.be,GOAL : validation d'une commande basée sur le PMP - Mozilla Thunderbird,Helpdesk général,2021-09-10,13:23:21,00:00:07
stefano.crapanzano@chu.ulg.ac.be,Edition message,Exploration SAP,2021-09-10,13:23:36,00:00:07
stefano.crapanzano@chu.ulg.ac.be,Edition message,Exploration SAP,2021-09-10,13:38:31,00:00:02
stefano.crapanzano@chu.ulg.ac.be,CHU/CHR: Automatisation des commandes - Mozilla Thunderbird,Helpdesk général,2021-09-10,13:23:51,00:00:15
stefano.crapanzano@chu.ulg.ac.be,Automatisation des commandes - Mozilla Thunderbird,Helpdesk général,2021-09-10,13:24:10,00:00:12
stefano.crapanzano@chu.ulg.ac.be,Commande SAP - Mozilla Thunderbird,Helpdesk général,2021-09-10,13:24:30,00:00:22
stefano.crapanzano@chu.ulg.ac.be,Commande SAP - Mozilla Thunderbird,Helpdesk général,2021-09-10,13:26:15,00:00:22
stefano.crapanzano@chu.ulg.ac.be,Commande SAP - Mozilla Thunderbird,Helpdesk général,2021-09-10,13:28:04,00:00:02
stefano.crapanzano@chu.ulg.ac.be,Commande SAP - Mozilla Thunderbird,Helpdesk général,2021-09-10,13:29:51,00:00:37
stefano.crapanzano@chu.ulg.ac.be,Commander demandes d'achat affectées,Exploration SAP,2021-09-10,13:24:56,00:00:10
stefano.crapanzano@chu.ulg.ac.be,Commander demandes d'achat affectées,Exploration SAP,2021-09-10,13:25:24,00:00:14
stefano.crapanzano@chu.ulg.ac.be,Commander demandes d'achat affectées,Exploration SAP,2021-09-10,13:25:42,00:00:06
stefano.crapanzano@chu.ulg.ac.be,Commander demandes d'achat affectées,Exploration SAP,2021-09-10,13:26:12,00:00:02
stefano.crapanzano@chu.ulg.ac.be,Commander demandes d'achat affectées,Exploration SAP,2021-09-10,13:30:36,00:00:12
stefano.crapanzano@chu.ulg.ac.be,Commander demandes d'achat affectées,Exploration SAP,2021-09-10,13:31:01,00:00:02
stefano.crapanzano@chu.ulg.ac.be,Commander demandes d'achat affectées,Exploration SAP,2021-09-10,13:31:25,00:00:10
stefano.crapanzano@chu.ulg.ac.be,Commander demandes d'achat affectées,Exploration SAP,2021-09-10,13:31:37,00:00:03
stefano.crapanzano@chu.ulg.ac.be,Commander demandes d'achat affectées,Exploration SAP,2021-09-10,13:31:43,00:00:13
stefano.crapanzano@chu.ulg.ac.be,Commander demandes d'achat affectées,Exploration SAP,2021-09-10,13:32:23,00:00:16
stefano.crapanzano@chu.ulg.ac.be,Commander demandes d'achat affectées,Exploration SAP,2021-09-10,13:32:48,00:00:26
stefano.crapanzano@chu.ulg.ac.be,Commander demandes d'achat affectées,Exploration SAP,2021-09-10,13:33:18,00:00:07
stefano.crapanzano@chu.ulg.ac.be,ABAP : catalogue des variantes du programme RM06BB00,Exploration SAP,2021-09-10,13:25:38,00:00:03
stefano.crapanzano@chu.ulg.ac.be,ABAP : catalogue des variantes du programme RM06BB00,Exploration SAP,2021-09-10,13:31:04,00:00:02
stefano.crapanzano@chu.ulg.ac.be,ABAP : catalogue des variantes du programme RM06BB00,Exploration SAP,2021-09-10,13:31:41,00:00:02
stefano.crapanzano@chu.ulg.ac.be,Commander DA affectées : synthèse des affectations,Exploration SAP,2021-09-10,13:25:48,00:00:16
stefano.crapanzano@chu.ulg.ac.be,Commander DA affectées : synthèse des affectations,Exploration SAP,2021-09-10,13:26:07,00:00:04
stefano.crapanzano@chu.ulg.ac.be,Commander DA affectées : synthèse des affectations,Exploration SAP,2021-09-10,13:31:07,00:00:18
stefano.crapanzano@chu.ulg.ac.be,Commander DA affectées : synthèse des affectations,Exploration SAP,2021-09-10,13:31:57,00:00:18
stefano.crapanzano@chu.ulg.ac.be,Commander DA affectées : synthèse des affectations,Exploration SAP,2021-09-10,13:32:20,00:00:03
stefano.crapanzano@chu.ulg.ac.be,Commander DA affectées : synthèse des affectations,Exploration SAP,2021-09-10,13:32:40,00:00:08
stefano.crapanzano@chu.ulg.ac.be,Commander DA affectées : synthèse des affectations,Exploration SAP,2021-09-10,13:33:15,00:00:03
stefano.crapanzano@chu.ulg.ac.be,Commander DA affectées : synthèse des affectations,Exploration SAP,2021-09-10,13:33:26,00:00:18
stefano.crapanzano@chu.ulg.ac.be,Aff. traitem. : créer commande,Exploration SAP,2021-09-10,13:26:04,00:00:02
stefano.crapanzano@chu.ulg.ac.be,Aff. traitem. : créer commande,Exploration SAP,2021-09-10,13:32:15,00:00:04
stefano.crapanzano@chu.ulg.ac.be,me58 - Mozilla Thunderbird,Helpdesk général,2021-09-10,13:26:57,00:00:08
stefano.crapanzano@chu.ulg.ac.be,me58 - Mozilla Thunderbird,Helpdesk général,2021-09-10,13:28:01,00:00:02
stefano.crapanzano@chu.ulg.ac.be,leroy sandra lancement commande fournisseur - Mozilla Thunderbird,Helpdesk général,2021-09-10,13:27:49,00:00:10
stefano.crapanzano@chu.ulg.ac.be,Restaurer les pages ?,Tâches diverses,2021-09-10,13:28:14,00:00:03
stefano.crapanzano@chu.ulg.ac.be,Home - Google Chrome,Tâches diverses,2021-09-10,13:28:27,00:00:15
stefano.crapanzano@chu.ulg.ac.be,Connectez-vous à votre compte - Google Chrome,Tâches diverses,2021-09-10,13:28:44,00:00:06
stefano.crapanzano@chu.ulg.ac.be,Connectez-vous à votre compte - Google Chrome,Tâches diverses,2021-09-10,13:50:48,00:00:02
stefano.crapanzano@chu.ulg.ac.be,https://zorgi.sharepoint.com/sites/studygroups/ERP4HC/Forms/AllItems.aspx?q=zmmoplbarcode1&id=%2Fsites%2Fstudygroups%2FERP4HC%2FManuals FR%2FSAP Logistics%2FMM - 02 - Purchase Requisitions%2FLOG_MM_PUR_USR_Purchase requisitions - using scanning_FR%2Epdf&parent=%2Fsites%2Fstudygroups%2FERP4HC&parentview=7 - Google Chrome,Tâches diverses,2021-09-10,13:28:51,00:00:10
stefano.crapanzano@chu.ulg.ac.be,Customer Portal - Home - Google Chrome,Tâches diverses,2021-09-10,13:29:03,00:00:04
stefano.crapanzano@chu.ulg.ac.be,Study Groups - Home - Google Chrome,Tâches diverses,2021-09-10,13:29:08,00:00:04
stefano.crapanzano@chu.ulg.ac.be,Commissions d'études - ERP4HC - Tous les documents - Google Chrome,Tâches diverses,2021-09-10,13:29:14,00:00:03
stefano.crapanzano@chu.ulg.ac.be,Study Groups - Résultats de la recherche pour « me58 » - Tous les documents - Google Chrome,Tâches diverses,2021-09-10,13:29:34,00:00:12
stefano.crapanzano@chu.ulg.ac.be,autorisatieconcept_SAAS_release 6 07 04 – NL.xlsx - Google Chrome,Tâches diverses,2021-09-10,13:29:21,00:00:13
stefano.crapanzano@chu.ulg.ac.be,me58 sap transaction - Recherche Google - Google Chrome,Tâches diverses,2021-09-10,13:33:52,00:00:12
stefano.crapanzano@chu.ulg.ac.be,me58 sap transaction - Recherche Google - Google Chrome,Tâches diverses,2021-09-10,13:34:32,00:00:09
stefano.crapanzano@chu.ulg.ac.be,me58 sap transaction - Recherche Google - Google Chrome,Tâches diverses,2021-09-10,13:34:47,00:00:18
stefano.crapanzano@chu.ulg.ac.be,me58 sap transaction - Recherche Google - Google Chrome,Tâches diverses,2021-09-10,13:35:06,00:00:06
stefano.crapanzano@chu.ulg.ac.be,Difference between ME58 and ME59 | SAP Community - Google Chrome,Tâches diverses,2021-09-10,13:34:04,00:00:27
stefano.crapanzano@chu.ulg.ac.be,Transaction SAP ME58 - Passer commandes pour DA affectées - Google Chrome,Tâches diverses,2021-09-10,13:34:41,00:00:06
stefano.crapanzano@chu.ulg.ac.be,me59 sap transaction - Recherche Google - Google Chrome,Tâches diverses,2021-09-10,13:35:12,00:00:10
stefano.crapanzano@chu.ulg.ac.be,me59 sap transaction - Recherche Google - Google Chrome,Tâches diverses,2021-09-10,13:58:00,00:00:02
stefano.crapanzano@chu.ulg.ac.be,Création automatique de commandes à partir de demandes d'achat,Exploration SAP,2021-09-10,13:35:29,00:00:08
stefano.crapanzano@chu.ulg.ac.be,job baré - Mozilla Thunderbird,Helpdesk général,2021-09-10,13:35:46,00:00:03
stefano.crapanzano@chu.ulg.ac.be,Sélection de jobs simple,Exploration SAP,2021-09-10,13:36:09,00:00:24
stefano.crapanzano@chu.ulg.ac.be,Synthèse des jobs,Exploration SAP,2021-09-10,13:36:33,00:00:02
stefano.crapanzano@chu.ulg.ac.be,Afficher job C203_ENVOI_CMD,Exploration SAP,2021-09-10,13:36:35,00:00:02
stefano.crapanzano@chu.ulg.ac.be,Afficher job C203_ENVOI_CMD,Exploration SAP,2021-09-10,13:36:40,00:00:02
stefano.crapanzano@chu.ulg.ac.be,Informations détaillées du job C203_ENVOI_CMD,Exploration SAP,2021-09-10,13:36:37,00:00:02
stefano.crapanzano@chu.ulg.ac.be,Aperçu de liste d'étapes,Exploration SAP,2021-09-10,13:36:42,00:00:02
stefano.crapanzano@chu.ulg.ac.be,Aperçu de liste d'étapes,Exploration SAP,2021-09-10,13:38:23,00:00:02
stefano.crapanzano@chu.ulg.ac.be,Afficher étape  1,Exploration SAP,2021-09-10,13:36:45,00:00:07
stefano.crapanzano@chu.ulg.ac.be,Afficher étape  1,Exploration SAP,2021-09-10,13:37:10,00:00:06
stefano.crapanzano@chu.ulg.ac.be,Afficher étape  1,Exploration SAP,2021-09-10,13:38:21,00:00:02
stefano.crapanzano@chu.ulg.ac.be,RM06ENDR_ALV - Mozilla Thunderbird,Helpdesk général,2021-09-10,13:36:53,00:00:02
stefano.crapanzano@chu.ulg.ac.be,Extended My Requests - All requests - Service Desk - Google Chrome,Tâches diverses,2021-09-10,13:37:00,00:00:08
stefano.crapanzano@chu.ulg.ac.be,Extended My Requests - All requests - Service Desk - Google Chrome,Tâches diverses,2021-09-10,13:37:21,00:00:03
stefano.crapanzano@chu.ulg.ac.be,Extended My Requests - All requests - Service Desk - Google Chrome,Tâches diverses,2021-09-10,13:58:05,00:00:03
stefano.crapanzano@chu.ulg.ac.be,Variante (1)    4 Entrées trouvées,Exploration SAP,2021-09-10,13:37:16,00:00:03
stefano.crapanzano@chu.ulg.ac.be,Rechercher [DokuWiki ERP] - Google Chrome,Tâches diverses,2021-09-10,13:37:33,00:00:12
stefano.crapanzano@chu.ulg.ac.be,Configuration SAP [DokuWiki ERP] - Google Chrome,Tâches diverses,2021-09-10,13:37:45,00:00:34
stefano.crapanzano@chu.ulg.ac.be,Configuration SAP [DokuWiki ERP] - Google Chrome,Tâches diverses,2021-09-10,13:39:31,00:00:04
stefano.crapanzano@chu.ulg.ac.be,me9f - Mozilla Thunderbird,Helpdesk général,2021-09-10,13:38:38,00:00:26
stefano.crapanzano@chu.ulg.ac.be,Informations concernant le job C203_ENVOI_CMD et l'utilisateur C203UADMLOG - Mozilla Thunderbird,Helpdesk général,2021-09-10,13:39:05,00:00:26
stefano.crapanzano@chu.ulg.ac.be,sderp-18925 - Mozilla Thunderbird,Helpdesk général,2021-09-10,13:45:48,00:00:08
stefano.crapanzano@chu.ulg.ac.be,Fwd: Articles bloqués - Mozilla Thunderbird,Helpdesk général,2021-09-10,13:45:56,00:00:08
stefano.crapanzano@chu.ulg.ac.be,Rédaction : Re: Fwd: Articles bloqués - Thunderbird,Helpdesk général,2021-09-10,13:46:05,00:00:43
stefano.crapanzano@chu.ulg.ac.be,Rédaction : Re: Fwd: Articles bloqués - Thunderbird,Helpdesk général,2021-09-10,13:47:31,00:00:52
stefano.crapanzano@chu.ulg.ac.be,Rédaction : Re: Fwd: Articles bloqués - Thunderbird,Helpdesk général,2021-09-10,13:50:11,00:00:02
stefano.crapanzano@chu.ulg.ac.be,Envoi du message - Re: Fwd: Articles bloqués,Helpdesk général,2021-09-10,13:48:27,00:00:05
stefano.crapanzano@chu.ulg.ac.be,Envoi du message - Re: Fwd: Articles bloqués,Helpdesk général,2021-09-10,13:48:42,00:00:03
stefano.crapanzano@chu.ulg.ac.be,Envoi du message - Re: Fwd: Articles bloqués,Helpdesk général,2021-09-10,13:50:08,00:00:02
stefano.crapanzano@chu.ulg.ac.be,Enregistrement du message,Helpdesk général,2021-09-10,13:50:13,00:00:02
stefano.crapanzano@chu.ulg.ac.be,ASP - Application EDI SaaS - Google Chrome,Tâches diverses,2021-09-10,13:50:50,00:00:06
stefano.crapanzano@chu.ulg.ac.be,Projet Fédéral IFIC - Google Chrome,Tâches diverses,2021-09-10,13:50:56,00:02:59
stefano.crapanzano@chu.ulg.ac.be,Projet Fédéral IFIC - Google Chrome,Tâches diverses,2021-09-10,13:54:19,00:01:00
stefano.crapanzano@chu.ulg.ac.be,Projet Fédéral IFIC - Google Chrome,Tâches diverses,2021-09-10,13:55:23,00:02:14
stefano.crapanzano@chu.ulg.ac.be,Projet Fédéral IFIC - Google Chrome,Tâches diverses,2021-09-10,13:57:58,00:00:02
stefano.crapanzano@chu.ulg.ac.be,cas.uliege.be - Google Chrome,Tâches diverses,2021-09-10,13:58:30,00:00:03
stefano.crapanzano@chu.ulg.ac.be,Enregistrer sous,Tâches diverses,2021-09-10,13:59:51,00:00:07
stefano.crapanzano@chu.ulg.ac.be,STERPBE-1812 - Mozilla Thunderbird,Helpdesk général,2021-09-10,14:00:09,00:00:04
stefano.crapanzano@chu.ulg.ac.be,Accès à X01  Jira et Sharepoint Zorgi - Mozilla Thunderbird,Helpdesk général,2021-09-10,14:00:14,00:00:07
stefano.crapanzano@chu.ulg.ac.be,Accès à X01  Jira et Sharepoint Zorgi - Mozilla Thunderbird,Helpdesk général,2021-09-10,14:02:34,00:00:02
stefano.crapanzano@chu.ulg.ac.be,Rédaction : Re: Re : Accès à X01  Jira et Sharepoint Zorgi - Thunderbird,Helpdesk général,2021-09-10,14:00:21,00:00:09
stefano.crapanzano@chu.ulg.ac.be,Rédaction : Re: Re : Accès à X01  Jira et Sharepoint Zorgi - Thunderbird,Helpdesk général,2021-09-10,14:00:58,00:01:30
stefano.crapanzano@chu.ulg.ac.be,Joindre les fichiers,Helpdesk général,2021-09-10,14:00:31,00:00:06
stefano.crapanzano@chu.ulg.ac.be,Joindre les fichiers,Helpdesk général,2021-09-10,14:00:56,00:00:02
stefano.crapanzano@chu.ulg.ac.be,Envoi du message - Re: Re : Accès à X01  Jira et Sharepoint Zorgi,Helpdesk général,2021-09-10,14:02:28,00:00:02
stefano.crapanzano@chu.ulg.ac.be,django-crispy-forms bootstrap form example · GitHub - Google Chrome,Tâches diverses,2021-09-10,14:02:44,00:00:03
stefano.crapanzano@chu.ulg.ac.be,django-crispy-forms bootstrap form example · GitHub - Google Chrome,Tâches diverses,2021-09-10,15:44:40,00:00:03
stefano.crapanzano@chu.ulg.ac.be,django-crispy-forms bootstrap form example · GitHub - Google Chrome,Tâches diverses,2021-09-10,16:15:11,00:00:02
stefano.crapanzano@chu.ulg.ac.be,Ouverture de sai-erp_2021-09-10_Scan_Trimestriel_-_DMZ-SAI-Priv_gur7jf.xlsx,Helpdesk général,2021-09-10,14:54:39,00:00:02
stefano.crapanzano@chu.ulg.ac.be,Ouverture -Excel,Tâches diverses,2021-09-10,14:54:42,00:00:06
stefano.crapanzano@chu.ulg.ac.be,Ouverture -Excel,Tâches diverses,2021-09-10,15:28:14,00:00:06
stefano.crapanzano@chu.ulg.ac.be,sai-erp_2021-09-10_Scan_Trimestriel_-_DMZ-SAI-Priv_gur7jf.xlsx  [Mode protégé] - Excel,Tâches diverses,2021-09-10,14:54:50,00:00:24
stefano.crapanzano@chu.ulg.ac.be,sai-erp_2021-09-10_Scan_Trimestriel_-_DMZ-SAI-Priv_gur7jf.xlsx  [Mode protégé] - Excel,Tâches diverses,2021-09-10,14:55:42,00:00:25
stefano.crapanzano@chu.ulg.ac.be,sai-erp_2021-09-10_Scan_Trimestriel_-_DMZ-SAI-Priv_gur7jf.xlsx  [Mode protégé] - Excel,Tâches diverses,2021-09-10,14:56:21,00:00:07
stefano.crapanzano@chu.ulg.ac.be,sai-erp_2021-09-10_Scan_Trimestriel_-_DMZ-SAI-Priv_gur7jf.xlsx  [Mode protégé] - Excel,Tâches diverses,2021-09-10,14:56:51,00:00:03
stefano.crapanzano@chu.ulg.ac.be,sai-erp_2021-09-10_Scan_Trimestriel_-_DMZ-SAI-Priv_gur7jf.xlsx  [Mode protégé] - Excel,Tâches diverses,2021-09-10,14:57:25,00:00:03
stefano.crapanzano@chu.ulg.ac.be,sai-erp_2021-09-10_Scan_Trimestriel_-_DMZ-SAI-Priv_gur7jf.xlsx  [Mode protégé] - Excel,Tâches diverses,2021-09-10,14:59:22,00:00:04
stefano.crapanzano@chu.ulg.ac.be,sai-erp_2021-09-10_Scan_Trimestriel_-_DMZ-SAI-Priv_gur7jf.xlsx  [Mode protégé] - Excel,Tâches diverses,2021-09-10,15:01:30,00:00:09
stefano.crapanzano@chu.ulg.ac.be,si-s-serv1102 - Netop Remote Control,Helpdesk général,2021-09-10,14:55:24,00:00:14
stefano.crapanzano@chu.ulg.ac.be,si-s-serv1102 - Netop Remote Control,Helpdesk général,2021-09-10,14:56:36,00:00:08
stefano.crapanzano@chu.ulg.ac.be,si-s-serv616 - Netop Remote Control,Helpdesk général,2021-09-10,14:57:06,00:00:16
stefano.crapanzano@chu.ulg.ac.be,si-s-serv616 - Netop Remote Control,Helpdesk général,2021-09-10,16:04:44,00:00:14
stefano.crapanzano@chu.ulg.ac.be,si-s-serv616 - Netop Remote Control,Helpdesk général,2021-09-10,16:05:22,00:00:13
stefano.crapanzano@chu.ulg.ac.be,si-s-serv616 - Netop Remote Control,Helpdesk général,2021-09-10,16:05:37,00:00:45
stefano.crapanzano@chu.ulg.ac.be,si-s-serv616 - Netop Remote Control,Helpdesk général,2021-09-10,16:07:31,00:01:33
stefano.crapanzano@chu.ulg.ac.be,si-s-serv616 - Netop Remote Control,Helpdesk général,2021-09-10,16:10:04,00:00:13
stefano.crapanzano@chu.ulg.ac.be,si-s-serv616 - Netop Remote Control,Helpdesk général,2021-09-10,16:10:36,00:00:14
stefano.crapanzano@chu.ulg.ac.be,si-s-serv616 - Netop Remote Control,Helpdesk général,2021-09-10,16:11:18,00:00:25
stefano.crapanzano@chu.ulg.ac.be,si-s-serv616 - Netop Remote Control,Helpdesk général,2021-09-10,16:12:16,00:00:15
stefano.crapanzano@chu.ulg.ac.be,si-s-serv616 - Netop Remote Control,Helpdesk général,2021-09-10,16:13:00,00:00:14
stefano.crapanzano@chu.ulg.ac.be,si-s-serv616 - Netop Remote Control,Helpdesk général,2021-09-10,16:16:20,00:00:04
stefano.crapanzano@chu.ulg.ac.be,si-s-serv616 - Netop Remote Control,Helpdesk général,2021-09-10,16:20:28,00:01:19
stefano.crapanzano@chu.ulg.ac.be,si-s-serv616 - Netop Remote Control,Helpdesk général,2021-09-10,16:22:15,00:00:08
stefano.crapanzano@chu.ulg.ac.be,si-s-serv783 - Netop Remote Control,Helpdesk général,2021-09-10,14:57:42,00:00:20
stefano.crapanzano@chu.ulg.ac.be,si-s-serv783 - Netop Remote Control,Helpdesk général,2021-09-10,14:58:15,00:00:03
stefano.crapanzano@chu.ulg.ac.be,Rédaction : Re: Rapport du scan de vulnerabilites  Scan Trimestriel - DMZ-SAI-Priv  - Thunderbird,Helpdesk général,2021-09-10,14:58:30,00:00:26
stefano.crapanzano@chu.ulg.ac.be,Rédaction : Re: Rapport du scan de vulnerabilites  Scan Trimestriel - DMZ-SAI-Priv  - Thunderbird,Helpdesk général,2021-09-10,14:59:01,00:00:20
stefano.crapanzano@chu.ulg.ac.be,Rédaction : Re: Rapport du scan de vulnerabilites  Scan Trimestriel - DMZ-SAI-Priv  - Thunderbird,Helpdesk général,2021-09-10,15:00:55,00:00:33
stefano.crapanzano@chu.ulg.ac.be,Rédaction : Re: Rapport du scan de vulnerabilites  Scan Trimestriel - DMZ-SAI-Priv  - Thunderbird,Helpdesk général,2021-09-10,15:03:59,00:00:02
stefano.crapanzano@chu.ulg.ac.be,Rédaction : Re: Rapport du scan de vulnerabilites  Scan Trimestriel - DMZ-SAI-Priv  - Thunderbird,Helpdesk général,2021-09-10,15:04:26,00:00:13
stefano.crapanzano@chu.ulg.ac.be,Rédaction : Re: Rapport du scan de vulnerabilites  Scan Trimestriel - DMZ-SAI-Priv  - Thunderbird,Helpdesk général,2021-09-10,15:05:48,00:01:45
stefano.crapanzano@chu.ulg.ac.be,Rédaction : Re: Rapport du scan de vulnerabilites  Scan Trimestriel - DMZ-SAI-Priv  - Thunderbird,Helpdesk général,2021-09-10,15:07:36,00:00:06
stefano.crapanzano@chu.ulg.ac.be,Rédaction : Re: Rapport du scan de vulnerabilites  Scan Trimestriel - DMZ-SAI-Priv  - Thunderbird,Helpdesk général,2021-09-10,16:09:19,00:00:43
stefano.crapanzano@chu.ulg.ac.be,Rédaction : Re: Rapport du scan de vulnerabilites  Scan Trimestriel - DMZ-SAI-Priv  - Thunderbird,Helpdesk général,2021-09-10,16:10:18,00:00:14
stefano.crapanzano@chu.ulg.ac.be,si-s-serv810 - Netop Remote Control,Helpdesk général,2021-09-10,14:59:37,00:00:19
stefano.crapanzano@chu.ulg.ac.be,si-s-serv810 - Netop Remote Control,Helpdesk général,2021-09-10,15:00:15,00:00:13
stefano.crapanzano@chu.ulg.ac.be,Quelle transaction utiliser pour … - OneNote,Helpdesk général,2021-09-10,14:59:56,00:00:17
stefano.crapanzano@chu.ulg.ac.be,sai-erp_2021-09-10_Scan_Trimestriel_-_DMZ-SAI-Priv_gur7jf.xlsx  [Lecture seule] - Excel,Tâches diverses,2021-09-10,15:01:39,00:00:24
stefano.crapanzano@chu.ulg.ac.be,sai-erp_2021-09-10_Scan_Trimestriel_-_DMZ-SAI-Priv_gur7jf.xlsx  [Lecture seule] - Excel,Tâches diverses,2021-09-10,15:02:24,00:00:55
stefano.crapanzano@chu.ulg.ac.be,sai-erp_2021-09-10_Scan_Trimestriel_-_DMZ-SAI-Priv_gur7jf.xlsx  [Lecture seule] - Excel,Tâches diverses,2021-09-10,15:23:23,00:00:33
stefano.crapanzano@chu.ulg.ac.be,vulnérabilité - Mozilla Thunderbird,Helpdesk général,2021-09-10,15:03:28,00:00:18
stefano.crapanzano@chu.ulg.ac.be,Mise à jour des serveurs - Mozilla Thunderbird,Helpdesk général,2021-09-10,15:03:46,00:00:11
stefano.crapanzano@chu.ulg.ac.be,Mise à jour des serveurs - Mozilla Thunderbird,Helpdesk général,2021-09-10,15:04:02,00:00:22
stefano.crapanzano@chu.ulg.ac.be,Mise à jour des serveurs - Mozilla Thunderbird,Helpdesk général,2021-09-10,15:04:42,00:01:06
stefano.crapanzano@chu.ulg.ac.be,Mise à jour des serveurs - Mozilla Thunderbird,Helpdesk général,2021-09-10,15:07:45,00:00:03
stefano.crapanzano@chu.ulg.ac.be,Envoi du message - Re: Rapport du scan de vulnerabilites  Scan Trimestriel - DMZ-SAI-Priv ,Helpdesk général,2021-09-10,16:10:33,00:00:02
stefano.crapanzano@chu.ulg.ac.be,Microsoft Excel,Tâches diverses,2021-09-10,15:28:55,00:00:02
stefano.crapanzano@chu.ulg.ac.be,Création d'un Idoc en erreur suite à l'exécution du job C203_ZMMOPLBARCODE1_ZHUL dans X01: aucune réservation créée - Xperthis ERP4HC 2.0 Rollout - Service d'assistance - Google Chrome,Tâches diverses,2021-09-10,15:27:41,00:00:24
stefano.crapanzano@chu.ulg.ac.be,Création d'un Idoc en erreur suite à l'exécution du job C203_ZMMOPLBARCODE1_ZHUL dans X01: aucune réservation créée - Xperthis ERP4HC 2.0 Rollout - Service d'assistance - Google Chrome,Tâches diverses,2021-09-10,15:44:18,00:00:02
stefano.crapanzano@chu.ulg.ac.be,sai-erp_2021-09-10_Scan_Trimestriel_-_DMZ-SAI-Priv_gur7jf-1.xlsx  [Mode protégé] - Excel,Tâches diverses,2021-09-10,15:28:20,00:00:34
stefano.crapanzano@chu.ulg.ac.be,sai-erp_2021-09-10_Scan_Trimestriel_-_DMZ-SAI-Priv_gur7jf-1.xlsx  [Lecture seule] - Excel,Tâches diverses,2021-09-10,15:28:59,00:02:17
stefano.crapanzano@chu.ulg.ac.be,sai-erp_2021-09-10_Scan_Trimestriel_-_DMZ-SAI-Priv_gur7jf-1.xlsx  [Lecture seule] - Excel,Tâches diverses,2021-09-10,15:31:20,00:01:03
stefano.crapanzano@chu.ulg.ac.be,sai-erp_2021-09-10_Scan_Trimestriel_-_DMZ-SAI-Priv_gur7jf-1.xlsx  [Lecture seule] - Excel,Tâches diverses,2021-09-10,15:32:56,00:00:10
stefano.crapanzano@chu.ulg.ac.be,sai-erp_2021-09-10_Scan_Trimestriel_-_DMZ-SAI-Priv_gur7jf-1.xlsx  [Lecture seule] - Excel,Tâches diverses,2021-09-10,15:33:13,00:00:04
stefano.crapanzano@chu.ulg.ac.be,sai-erp_2021-09-10_Scan_Trimestriel_-_DMZ-SAI-Priv_gur7jf-1.xlsx  [Lecture seule] - Excel,Tâches diverses,2021-09-10,15:33:34,00:01:22
stefano.crapanzano@chu.ulg.ac.be,sai-erp_2021-09-10_Scan_Trimestriel_-_DMZ-SAI-Priv_gur7jf-1.xlsx  [Lecture seule] - Excel,Tâches diverses,2021-09-10,15:37:20,00:00:04
stefano.crapanzano@chu.ulg.ac.be,sai-erp_2021-09-10_Scan_Trimestriel_-_DMZ-SAI-Priv_gur7jf-1.xlsx  [Lecture seule] - Excel,Tâches diverses,2021-09-10,16:14:08,00:00:04
stefano.crapanzano@chu.ulg.ac.be,si-s-serv810,Tâches diverses,2021-09-10,15:34:56,00:00:02
stefano.crapanzano@chu.ulg.ac.be,Rédaction : Fwd: Rapport du scan de vulnerabilites  Scan Trimestriel - DMZ-SAI-Priv  - Thunderbird,Helpdesk général,2021-09-10,15:35:10,00:02:08
stefano.crapanzano@chu.ulg.ac.be,Rédaction : Fwd: Rapport du scan de vulnerabilites  Scan Trimestriel - DMZ-SAI-Priv  - Thunderbird,Helpdesk général,2021-09-10,15:37:25,00:01:20
stefano.crapanzano@chu.ulg.ac.be,Rédaction : Fwd: Rapport du scan de vulnerabilites  Scan Trimestriel - DMZ-SAI-Priv  - Thunderbird,Helpdesk général,2021-09-10,15:38:49,00:00:10
stefano.crapanzano@chu.ulg.ac.be,SAP GUI for Windows 750,Helpdesk général,2021-09-10,15:38:46,00:00:03
stefano.crapanzano@chu.ulg.ac.be,si-s-serv616 - Netop File Manager,Helpdesk général,2021-09-10,16:07:02,00:00:04
stefano.crapanzano@chu.ulg.ac.be,si-s-serv616 - Netop File Manager,Helpdesk général,2021-09-10,16:07:12,00:00:12
stefano.crapanzano@chu.ulg.ac.be,si-s-serv616 - Netop File Manager,Helpdesk général,2021-09-10,16:07:25,00:00:02
stefano.crapanzano@chu.ulg.ac.be,Rapport du scan de vulnerabilites  Scan Trimestriel - DMZ-SAI-Priv  - Mozilla Thunderbird,Helpdesk général,2021-09-10,16:09:15,00:00:02
stefano.crapanzano@chu.ulg.ac.be,Rapport du scan de vulnerabilites  Scan Trimestriel - DMZ-SAI-Priv  - Mozilla Thunderbird,Helpdesk général,2021-09-10,16:10:50,00:00:26
stefano.crapanzano@chu.ulg.ac.be,Rapport du scan de vulnerabilites  Scan Trimestriel - DMZ-SAI-Priv  - Mozilla Thunderbird,Helpdesk général,2021-09-10,16:11:43,00:00:31
stefano.crapanzano@chu.ulg.ac.be,Rapport du scan de vulnerabilites  Scan Trimestriel - DMZ-SAI-Priv  - Mozilla Thunderbird,Helpdesk général,2021-09-10,16:12:32,00:00:26
stefano.crapanzano@chu.ulg.ac.be,Rapport du scan de vulnerabilites  Scan Trimestriel - DMZ-SAI-Priv  - Mozilla Thunderbird,Helpdesk général,2021-09-10,16:13:14,00:00:33
stefano.crapanzano@chu.ulg.ac.be,Rapport du scan de vulnerabilites  Scan Trimestriel - DMZ-SAI-Priv  - Mozilla Thunderbird,Helpdesk général,2021-09-10,16:14:35,00:00:36
stefano.crapanzano@chu.ulg.ac.be,Rapport du scan de vulnerabilites  Scan Trimestriel - DMZ-SAI-Priv  - Mozilla Thunderbird,Helpdesk général,2021-09-10,16:20:24,00:00:04
stefano.crapanzano@chu.ulg.ac.be,Rapport du scan de vulnerabilites  Scan Trimestriel - DMZ-SAI-Priv  - Mozilla Thunderbird,Helpdesk général,2021-09-10,16:22:24,00:00:02
stefano.crapanzano@chu.ulg.ac.be,Authentification requise - Mozilla Thunderbird,Helpdesk général,2021-09-10,16:41:31,00:00:02
stefano.crapanzano@chu.ulg.ac.be,Authentification requise - Mozilla Thunderbird,Helpdesk général,2021-09-10,16:45:27,00:00:06
stefano.crapanzano@chu.ulg.ac.be,Authentification requise - Mozilla Thunderbird,Helpdesk général,2021-09-10,16:45:46,00:00:05
stefano.crapanzano@chu.ulg.ac.be,Authentification requise - Mozilla Thunderbird,Helpdesk général,2021-09-10,16:54:45,00:00:03
stefano.crapanzano@chu.ulg.ac.be,Re : Rapport du scan de vulnerabilites  Scan Trimestriel - DMZ-SAI-Priv  - Mozilla Thunderbird,Helpdesk général,2021-09-10,16:41:47,00:01:49
stefano.crapanzano@chu.ulg.ac.be,Re : Rapport du scan de vulnerabilites  Scan Trimestriel - DMZ-SAI-Priv  - Mozilla Thunderbird,Helpdesk général,2021-09-10,16:46:31,00:00:04
stefano.crapanzano@chu.ulg.ac.be,Rédaction : Re: Re : Rapport du scan de vulnerabilites  Scan Trimestriel - DMZ-SAI-Priv  - Thunderbird,Helpdesk général,2021-09-10,16:46:37,00:00:15
