Email,Description,Project,Start date,Start time,Duration
stefano.crapanzano@chu.ulg.ac.be,Administrateur : Perl (command line) - python  main.py,IT,2021-09-07,08:31:46,00:00:14
stefano.crapanzano@chu.ulg.ac.be,Navigation système de fichier,IT,2021-09-07,08:32:01,00:00:02
stefano.crapanzano@chu.ulg.ac.be,Navigation système de fichier,IT,2021-09-07,08:33:46,00:00:03
stefano.crapanzano@chu.ulg.ac.be,Navigation système de fichier,IT,2021-09-07,08:34:03,00:00:02
stefano.crapanzano@chu.ulg.ac.be,Navigation système de fichier,IT,2021-09-07,08:35:08,00:00:02
stefano.crapanzano@chu.ulg.ac.be,Navigation système de fichier,IT,2021-09-07,08:37:43,00:00:07
stefano.crapanzano@chu.ulg.ac.be,Navigation système de fichier,IT,2021-09-07,08:37:59,00:00:07
stefano.crapanzano@chu.ulg.ac.be,Navigation système de fichier,IT,2021-09-07,08:38:15,00:00:04
stefano.crapanzano@chu.ulg.ac.be,Navigation système de fichier,IT,2021-09-07,08:42:14,00:00:03
stefano.crapanzano@chu.ulg.ac.be,Navigation système de fichier,IT,2021-09-07,09:54:12,00:00:02
stefano.crapanzano@chu.ulg.ac.be,Navigation système de fichier,IT,2021-09-07,09:54:23,00:00:02
stefano.crapanzano@chu.ulg.ac.be,Navigation système de fichier,IT,2021-09-07,09:59:13,00:00:32
stefano.crapanzano@chu.ulg.ac.be,Navigation système de fichier,IT,2021-09-07,10:12:39,00:03:37
stefano.crapanzano@chu.ulg.ac.be,Navigation système de fichier,IT,2021-09-07,10:18:55,00:00:05
stefano.crapanzano@chu.ulg.ac.be,Navigation système de fichier,IT,2021-09-07,10:41:59,00:00:02
stefano.crapanzano@chu.ulg.ac.be,Navigation système de fichier,IT,2021-09-07,10:42:07,00:00:05
stefano.crapanzano@chu.ulg.ac.be,Navigation système de fichier,IT,2021-09-07,10:55:28,00:00:02
stefano.crapanzano@chu.ulg.ac.be,Navigation système de fichier,IT,2021-09-07,11:03:07,00:00:19
stefano.crapanzano@chu.ulg.ac.be,Navigation système de fichier,IT,2021-09-07,11:08:23,00:00:15
stefano.crapanzano@chu.ulg.ac.be,Navigation système de fichier,IT,2021-09-07,12:30:26,00:00:02
stefano.crapanzano@chu.ulg.ac.be,Navigation système de fichier,IT,2021-09-07,12:32:22,00:00:02
stefano.crapanzano@chu.ulg.ac.be,Navigation système de fichier,IT,2021-09-07,12:32:37,00:00:02
stefano.crapanzano@chu.ulg.ac.be,Navigation système de fichier,IT,2021-09-07,12:33:01,00:00:02
stefano.crapanzano@chu.ulg.ac.be,Navigation système de fichier,IT,2021-09-07,14:12:45,00:01:10
stefano.crapanzano@chu.ulg.ac.be,Navigation système de fichier,IT,2021-09-07,14:13:59,00:00:07
stefano.crapanzano@chu.ulg.ac.be,Navigation système de fichier,IT,2021-09-07,14:14:23,00:20:34
stefano.crapanzano@chu.ulg.ac.be,SAP GUI for Windows 750,Exploration SAP,2021-09-07,08:32:03,00:00:02
stefano.crapanzano@chu.ulg.ac.be,Courrier entrant - stefano.crapanzano@chuliege.be - Mozilla Thunderbird,Helpdesk général,2021-09-07,08:32:07,00:00:04
stefano.crapanzano@chu.ulg.ac.be,Courrier entrant - stefano.crapanzano@chuliege.be - Mozilla Thunderbird,Helpdesk général,2021-09-07,08:39:25,00:00:03
stefano.crapanzano@chu.ulg.ac.be,Courrier entrant - stefano.crapanzano@chuliege.be - Mozilla Thunderbird,Helpdesk général,2021-09-07,08:42:42,00:41:06
stefano.crapanzano@chu.ulg.ac.be,Courrier entrant - stefano.crapanzano@chuliege.be - Mozilla Thunderbird,Helpdesk général,2021-09-07,09:28:47,00:00:15
stefano.crapanzano@chu.ulg.ac.be,Courrier entrant - stefano.crapanzano@chuliege.be - Mozilla Thunderbird,Helpdesk général,2021-09-07,09:33:58,00:00:02
stefano.crapanzano@chu.ulg.ac.be,Courrier entrant - stefano.crapanzano@chuliege.be - Mozilla Thunderbird,Helpdesk général,2021-09-07,10:20:10,00:00:06
stefano.crapanzano@chu.ulg.ac.be,Courrier entrant - stefano.crapanzano@chuliege.be - Mozilla Thunderbird,Helpdesk général,2021-09-07,10:42:13,00:00:02
stefano.crapanzano@chu.ulg.ac.be,Courrier entrant - stefano.crapanzano@chuliege.be - Mozilla Thunderbird,Helpdesk général,2021-09-07,11:11:44,00:00:02
stefano.crapanzano@chu.ulg.ac.be,Courrier entrant - stefano.crapanzano@chuliege.be - Mozilla Thunderbird,Helpdesk général,2021-09-07,12:29:13,00:00:03
stefano.crapanzano@chu.ulg.ac.be,Courrier entrant - stefano.crapanzano@chuliege.be - Mozilla Thunderbird,Helpdesk général,2021-09-07,14:36:08,00:00:20
stefano.crapanzano@chu.ulg.ac.be,Courrier entrant - stefano.crapanzano@chuliege.be - Mozilla Thunderbird,Helpdesk général,2021-09-07,14:36:41,00:00:38
stefano.crapanzano@chu.ulg.ac.be,Courrier entrant - stefano.crapanzano@chuliege.be - Mozilla Thunderbird,Helpdesk général,2021-09-07,14:46:37,00:01:02
stefano.crapanzano@chu.ulg.ac.be,Courrier entrant - stefano.crapanzano@chuliege.be - Mozilla Thunderbird,Helpdesk général,2021-09-07,14:47:58,00:07:00
stefano.crapanzano@chu.ulg.ac.be,Courrier entrant - stefano.crapanzano@chuliege.be - Mozilla Thunderbird,Helpdesk général,2021-09-07,14:56:12,00:00:27
stefano.crapanzano@chu.ulg.ac.be,Courrier entrant - stefano.crapanzano@chuliege.be - Mozilla Thunderbird,Helpdesk général,2021-09-07,14:56:43,00:00:10
stefano.crapanzano@chu.ulg.ac.be,Courrier entrant - stefano.crapanzano@chuliege.be - Mozilla Thunderbird,Helpdesk général,2021-09-07,14:57:05,00:03:10
stefano.crapanzano@chu.ulg.ac.be,Courrier entrant - stefano.crapanzano@chuliege.be - Mozilla Thunderbird,Helpdesk général,2021-09-07,15:00:47,00:00:14
stefano.crapanzano@chu.ulg.ac.be,Courrier entrant - stefano.crapanzano@chuliege.be - Mozilla Thunderbird,Helpdesk général,2021-09-07,15:40:26,00:07:33
stefano.crapanzano@chu.ulg.ac.be,Courrier entrant - stefano.crapanzano@chuliege.be - Mozilla Thunderbird,Helpdesk général,2021-09-07,17:00:39,00:00:03
stefano.crapanzano@chu.ulg.ac.be,Courrier entrant - erp.sai@chuliege.be - Mozilla Thunderbird,Helpdesk général,2021-09-07,08:32:11,00:00:36
stefano.crapanzano@chu.ulg.ac.be,Courrier entrant - erp.sai@chuliege.be - Mozilla Thunderbird,Helpdesk général,2021-09-07,08:33:10,00:00:02
stefano.crapanzano@chu.ulg.ac.be,Courrier entrant - erp.sai@chuliege.be - Mozilla Thunderbird,Helpdesk général,2021-09-07,08:33:14,00:00:05
stefano.crapanzano@chu.ulg.ac.be,Courrier entrant - erp.sai@chuliege.be - Mozilla Thunderbird,Helpdesk général,2021-09-07,08:33:22,00:00:23
stefano.crapanzano@chu.ulg.ac.be,Courrier entrant - erp.sai@chuliege.be - Mozilla Thunderbird,Helpdesk général,2021-09-07,08:33:52,00:00:11
stefano.crapanzano@chu.ulg.ac.be,Courrier entrant - erp.sai@chuliege.be - Mozilla Thunderbird,Helpdesk général,2021-09-07,08:39:22,00:00:02
stefano.crapanzano@chu.ulg.ac.be,Courrier entrant - erp.sai@chuliege.be - Mozilla Thunderbird,Helpdesk général,2021-09-07,08:39:28,00:00:36
stefano.crapanzano@chu.ulg.ac.be,Courrier entrant - erp.sai@chuliege.be - Mozilla Thunderbird,Helpdesk général,2021-09-07,08:41:51,00:00:04
stefano.crapanzano@chu.ulg.ac.be,Courrier entrant - erp.sai@chuliege.be - Mozilla Thunderbird,Helpdesk général,2021-09-07,08:42:11,00:00:02
stefano.crapanzano@chu.ulg.ac.be,Courrier entrant - erp.sai@chuliege.be - Mozilla Thunderbird,Helpdesk général,2021-09-07,08:42:39,00:00:03
stefano.crapanzano@chu.ulg.ac.be,Courrier entrant - erp.sai@chuliege.be - Mozilla Thunderbird,Helpdesk général,2021-09-07,09:23:49,00:00:34
stefano.crapanzano@chu.ulg.ac.be,Courrier entrant - erp.sai@chuliege.be - Mozilla Thunderbird,Helpdesk général,2021-09-07,09:28:44,00:00:02
stefano.crapanzano@chu.ulg.ac.be,Courrier entrant - erp.sai@chuliege.be - Mozilla Thunderbird,Helpdesk général,2021-09-07,09:31:24,00:00:14
stefano.crapanzano@chu.ulg.ac.be,Courrier entrant - erp.sai@chuliege.be - Mozilla Thunderbird,Helpdesk général,2021-09-07,09:33:32,00:00:26
stefano.crapanzano@chu.ulg.ac.be,Courrier entrant - erp.sai@chuliege.be - Mozilla Thunderbird,Helpdesk général,2021-09-07,09:34:06,00:00:04
stefano.crapanzano@chu.ulg.ac.be,Courrier entrant - erp.sai@chuliege.be - Mozilla Thunderbird,Helpdesk général,2021-09-07,09:34:40,00:00:22
stefano.crapanzano@chu.ulg.ac.be,Courrier entrant - erp.sai@chuliege.be - Mozilla Thunderbird,Helpdesk général,2021-09-07,09:35:22,00:00:09
stefano.crapanzano@chu.ulg.ac.be,Courrier entrant - erp.sai@chuliege.be - Mozilla Thunderbird,Helpdesk général,2021-09-07,09:40:38,00:00:02
stefano.crapanzano@chu.ulg.ac.be,Courrier entrant - erp.sai@chuliege.be - Mozilla Thunderbird,Helpdesk général,2021-09-07,09:40:41,00:00:04
stefano.crapanzano@chu.ulg.ac.be,Courrier entrant - erp.sai@chuliege.be - Mozilla Thunderbird,Helpdesk général,2021-09-07,09:53:30,00:00:28
stefano.crapanzano@chu.ulg.ac.be,Courrier entrant - erp.sai@chuliege.be - Mozilla Thunderbird,Helpdesk général,2021-09-07,09:54:14,00:00:08
stefano.crapanzano@chu.ulg.ac.be,Courrier entrant - erp.sai@chuliege.be - Mozilla Thunderbird,Helpdesk général,2021-09-07,09:54:33,00:00:03
stefano.crapanzano@chu.ulg.ac.be,Courrier entrant - erp.sai@chuliege.be - Mozilla Thunderbird,Helpdesk général,2021-09-07,09:55:05,00:00:10
stefano.crapanzano@chu.ulg.ac.be,Courrier entrant - erp.sai@chuliege.be - Mozilla Thunderbird,Helpdesk général,2021-09-07,09:55:38,00:00:45
stefano.crapanzano@chu.ulg.ac.be,Courrier entrant - erp.sai@chuliege.be - Mozilla Thunderbird,Helpdesk général,2021-09-07,10:16:17,00:02:09
stefano.crapanzano@chu.ulg.ac.be,Courrier entrant - erp.sai@chuliege.be - Mozilla Thunderbird,Helpdesk général,2021-09-07,10:18:31,00:00:23
stefano.crapanzano@chu.ulg.ac.be,Courrier entrant - erp.sai@chuliege.be - Mozilla Thunderbird,Helpdesk général,2021-09-07,10:19:22,00:00:08
stefano.crapanzano@chu.ulg.ac.be,Courrier entrant - erp.sai@chuliege.be - Mozilla Thunderbird,Helpdesk général,2021-09-07,10:20:07,00:00:03
stefano.crapanzano@chu.ulg.ac.be,Courrier entrant - erp.sai@chuliege.be - Mozilla Thunderbird,Helpdesk général,2021-09-07,10:42:16,00:00:20
stefano.crapanzano@chu.ulg.ac.be,Courrier entrant - erp.sai@chuliege.be - Mozilla Thunderbird,Helpdesk général,2021-09-07,10:43:08,00:00:32
stefano.crapanzano@chu.ulg.ac.be,Courrier entrant - erp.sai@chuliege.be - Mozilla Thunderbird,Helpdesk général,2021-09-07,10:46:43,00:00:07
stefano.crapanzano@chu.ulg.ac.be,Courrier entrant - erp.sai@chuliege.be - Mozilla Thunderbird,Helpdesk général,2021-09-07,10:47:54,00:00:08
stefano.crapanzano@chu.ulg.ac.be,Courrier entrant - erp.sai@chuliege.be - Mozilla Thunderbird,Helpdesk général,2021-09-07,10:55:04,00:00:23
stefano.crapanzano@chu.ulg.ac.be,Courrier entrant - erp.sai@chuliege.be - Mozilla Thunderbird,Tâches diverses,2021-09-07,10:56:14,00:00:14
stefano.crapanzano@chu.ulg.ac.be,Courrier entrant - erp.sai@chuliege.be - Mozilla Thunderbird,Helpdesk général,2021-09-07,10:56:29,00:00:02
stefano.crapanzano@chu.ulg.ac.be,Courrier entrant - erp.sai@chuliege.be - Mozilla Thunderbird,Helpdesk général,2021-09-07,10:56:40,00:04:01
stefano.crapanzano@chu.ulg.ac.be,Courrier entrant - erp.sai@chuliege.be - Mozilla Thunderbird,Tâches diverses,2021-09-07,11:03:50,00:00:05
stefano.crapanzano@chu.ulg.ac.be,Courrier entrant - erp.sai@chuliege.be - Mozilla Thunderbird,Helpdesk général,2021-09-07,11:03:59,00:00:03
stefano.crapanzano@chu.ulg.ac.be,Courrier entrant - erp.sai@chuliege.be - Mozilla Thunderbird,Helpdesk général,2021-09-07,11:10:59,00:00:06
stefano.crapanzano@chu.ulg.ac.be,Courrier entrant - erp.sai@chuliege.be - Mozilla Thunderbird,Helpdesk général,2021-09-07,11:11:40,00:00:03
stefano.crapanzano@chu.ulg.ac.be,Courrier entrant - erp.sai@chuliege.be - Mozilla Thunderbird,Helpdesk général,2021-09-07,11:12:10,00:00:02
stefano.crapanzano@chu.ulg.ac.be,Courrier entrant - erp.sai@chuliege.be - Mozilla Thunderbird,Helpdesk général,2021-09-07,11:12:18,01:14:12
stefano.crapanzano@chu.ulg.ac.be,Courrier entrant - erp.sai@chuliege.be - Mozilla Thunderbird,Helpdesk général,2021-09-07,12:28:20,00:00:52
stefano.crapanzano@chu.ulg.ac.be,Courrier entrant - erp.sai@chuliege.be - Mozilla Thunderbird,Helpdesk général,2021-09-07,12:29:17,00:00:11
stefano.crapanzano@chu.ulg.ac.be,Courrier entrant - erp.sai@chuliege.be - Mozilla Thunderbird,Helpdesk général,2021-09-07,12:40:16,00:00:02
stefano.crapanzano@chu.ulg.ac.be,Courrier entrant - erp.sai@chuliege.be - Mozilla Thunderbird,Helpdesk général,2021-09-07,14:34:57,00:00:04
stefano.crapanzano@chu.ulg.ac.be,Courrier entrant - erp.sai@chuliege.be - Mozilla Thunderbird,Helpdesk général,2021-09-07,14:35:33,00:00:03
stefano.crapanzano@chu.ulg.ac.be,Courrier entrant - erp.sai@chuliege.be - Mozilla Thunderbird,Helpdesk général,2021-09-07,14:36:28,00:00:12
stefano.crapanzano@chu.ulg.ac.be,Courrier entrant - erp.sai@chuliege.be - Mozilla Thunderbird,Helpdesk général,2021-09-07,14:37:19,00:03:35
stefano.crapanzano@chu.ulg.ac.be,Courrier entrant - erp.sai@chuliege.be - Mozilla Thunderbird,Helpdesk général,2021-09-07,14:43:40,00:00:15
stefano.crapanzano@chu.ulg.ac.be,Courrier entrant - erp.sai@chuliege.be - Mozilla Thunderbird,Helpdesk général,2021-09-07,14:56:54,00:00:10
stefano.crapanzano@chu.ulg.ac.be,Courrier entrant - erp.sai@chuliege.be - Mozilla Thunderbird,Helpdesk général,2021-09-07,15:00:16,00:00:31
stefano.crapanzano@chu.ulg.ac.be,Courrier entrant - erp.sai@chuliege.be - Mozilla Thunderbird,Helpdesk général,2021-09-07,15:01:01,00:00:03
stefano.crapanzano@chu.ulg.ac.be,Courrier entrant - erp.sai@chuliege.be - Mozilla Thunderbird,Helpdesk général,2021-09-07,15:01:31,00:00:09
stefano.crapanzano@chu.ulg.ac.be,Courrier entrant - erp.sai@chuliege.be - Mozilla Thunderbird,Helpdesk général,2021-09-07,15:01:46,00:00:04
stefano.crapanzano@chu.ulg.ac.be,Courrier entrant - erp.sai@chuliege.be - Mozilla Thunderbird,Helpdesk général,2021-09-07,15:02:00,00:00:02
stefano.crapanzano@chu.ulg.ac.be,Courrier entrant - erp.sai@chuliege.be - Mozilla Thunderbird,Helpdesk général,2021-09-07,15:12:39,00:27:46
stefano.crapanzano@chu.ulg.ac.be,Courrier entrant - erp.sai@chuliege.be - Mozilla Thunderbird,Helpdesk général,2021-09-07,15:50:23,01:10:16
stefano.crapanzano@chu.ulg.ac.be,Envoyés - erp.sai@chuliege.be - Mozilla Thunderbird,Helpdesk général,2021-09-07,08:32:47,00:00:22
stefano.crapanzano@chu.ulg.ac.be,Envoyés - erp.sai@chuliege.be - Mozilla Thunderbird,Helpdesk général,2021-09-07,09:34:11,00:00:19
stefano.crapanzano@chu.ulg.ac.be,Envoyés - erp.sai@chuliege.be - Mozilla Thunderbird,Helpdesk général,2021-09-07,09:34:36,00:00:03
stefano.crapanzano@chu.ulg.ac.be,Envoyés - erp.sai@chuliege.be - Mozilla Thunderbird,Helpdesk général,2021-09-07,09:40:46,00:00:23
stefano.crapanzano@chu.ulg.ac.be,Envoyés - erp.sai@chuliege.be - Mozilla Thunderbird,Helpdesk général,2021-09-07,10:46:50,00:01:03
stefano.crapanzano@chu.ulg.ac.be,Envoyés - erp.sai@chuliege.be - Mozilla Thunderbird,Helpdesk général,2021-09-07,15:01:05,00:00:26
stefano.crapanzano@chu.ulg.ac.be,Envoyés - erp.sai@chuliege.be - Mozilla Thunderbird,Helpdesk général,2021-09-07,15:01:41,00:00:04
stefano.crapanzano@chu.ulg.ac.be,SVN_LOCAL – test_file_exist.pl [PERL] (Administrator),IT,2021-09-07,08:33:50,00:00:02
stefano.crapanzano@chu.ulg.ac.be,SVN_LOCAL – test_file_exist.pl [PERL] (Administrator),IT,2021-09-07,08:34:06,00:00:02
stefano.crapanzano@chu.ulg.ac.be,faire rappel à kris saerens ou maertens concernant les impressions qui ne marchent pas sur X01 - To Do - Google Chrome,Tâches diverses,2021-09-07,08:34:08,00:00:03
stefano.crapanzano@chu.ulg.ac.be,Service MT - Google Chrome,Tâches diverses,2021-09-07,08:34:22,00:00:33
stefano.crapanzano@chu.ulg.ac.be,Service MT - Google Chrome,Tâches diverses,2021-09-07,08:35:11,00:02:32
stefano.crapanzano@chu.ulg.ac.be,Service MT - Google Chrome,Tâches diverses,2021-09-07,08:37:51,00:00:07
stefano.crapanzano@chu.ulg.ac.be,Service MT - Google Chrome,Tâches diverses,2021-09-07,08:38:20,00:01:02
stefano.crapanzano@chu.ulg.ac.be,Service MT - Google Chrome,Tâches diverses,2021-09-07,08:41:57,00:00:13
stefano.crapanzano@chu.ulg.ac.be,Service MT - Google Chrome,Tâches diverses,2021-09-07,09:24:24,00:00:06
stefano.crapanzano@chu.ulg.ac.be,Service MT - Google Chrome,Tâches diverses,2021-09-07,12:53:33,00:00:13
stefano.crapanzano@chu.ulg.ac.be,Identification - Google Chrome,Tâches diverses,2021-09-07,08:34:13,00:00:07
stefano.crapanzano@chu.ulg.ac.be,Iepacs - sftp://kofaxchu@iepacs.chu.ulg.ac.be - FileZilla,Helpdesk général,2021-09-07,08:34:55,00:00:13
stefano.crapanzano@chu.ulg.ac.be,Iepacs - sftp://kofaxchu@iepacs.chu.ulg.ac.be - FileZilla,Helpdesk général,2021-09-07,08:42:17,00:00:10
stefano.crapanzano@chu.ulg.ac.be,\\oazisusers.st.chulg\oazis_users\Informatique\ERP\Exploitation\SURVEILLANCE\IDOC\idocs_25_08_2021.csv - Notepad++ [Administrator],IT,2021-09-07,08:38:07,00:00:08
stefano.crapanzano@chu.ulg.ac.be,Rédaction : Fwd: TEST ERP 2.0 Configuration GERA - Connexion de GERA (Environnement de Test) avec SAP X01 - Thunderbird,Helpdesk général,2021-09-07,08:40:04,00:01:44
stefano.crapanzano@chu.ulg.ac.be,Iepacs_CHR_2 - kofaxchr2@iepacs.chu.ulg.ac.be - FileZilla,Helpdesk général,2021-09-07,08:42:33,00:00:06
stefano.crapanzano@chu.ulg.ac.be,si-s-serv503 - ErpManager@si-s-serv503 - FileZilla,Helpdesk général,2021-09-07,08:42:29,00:00:03
stefano.crapanzano@chu.ulg.ac.be,Intrastat - Google Chrome,Tâches diverses,2021-09-07,09:24:30,00:04:13
stefano.crapanzano@chu.ulg.ac.be,Intrastat - Google Chrome,Tâches diverses,2021-09-07,09:29:05,00:02:19
stefano.crapanzano@chu.ulg.ac.be,Intrastat - Google Chrome,Tâches diverses,2021-09-07,09:41:32,00:11:56
stefano.crapanzano@chu.ulg.ac.be,Intrastat - Google Chrome,Tâches diverses,2021-09-07,10:19:30,00:00:36
stefano.crapanzano@chu.ulg.ac.be,Intrastat - Google Chrome,Tâches diverses,2021-09-07,10:40:20,00:00:02
stefano.crapanzano@chu.ulg.ac.be,Intrastat - Google Chrome,Tâches diverses,2021-09-07,12:26:37,00:01:43
stefano.crapanzano@chu.ulg.ac.be,Intrastat - Google Chrome,Tâches diverses,2021-09-07,12:32:31,00:00:02
stefano.crapanzano@chu.ulg.ac.be,Intrastat - Google Chrome,Tâches diverses,2021-09-07,12:32:51,00:00:02
stefano.crapanzano@chu.ulg.ac.be,Intrastat - Google Chrome,Tâches diverses,2021-09-07,12:32:58,00:00:02
stefano.crapanzano@chu.ulg.ac.be,Intrastat - Google Chrome,Tâches diverses,2021-09-07,12:33:57,00:06:18
stefano.crapanzano@chu.ulg.ac.be,Intrastat - Google Chrome,Helpdesk général,2021-09-07,12:40:19,00:01:30
stefano.crapanzano@chu.ulg.ac.be,Intrastat - Google Chrome,Tâches diverses,2021-09-07,12:53:47,00:01:59
stefano.crapanzano@chu.ulg.ac.be,P203 CHU Commande 4000205977 ne contient rien dans le champs  notre référence  dans l'onglet communication - Xperthis ERP4HC 1.0 - Service d'assistance - Google Chrome,Tâches diverses,2021-09-07,09:31:40,00:01:51
stefano.crapanzano@chu.ulg.ac.be,P203 CHU Commande 4000205977 ne contient rien dans le champs  notre référence  dans l'onglet communication - Xperthis ERP4HC 1.0 - Service d'assistance - Google Chrome,Tâches diverses,2021-09-07,09:34:01,00:00:02
stefano.crapanzano@chu.ulg.ac.be,P203 CHU Commande 4000205977 ne contient rien dans le champs  notre référence  dans l'onglet communication - Xperthis ERP4HC 1.0 - Service d'assistance - Google Chrome,Tâches diverses,2021-09-07,09:35:15,00:00:04
stefano.crapanzano@chu.ulg.ac.be,Compta Seny - Procédure de traitement des exports de Seny (MUT / PAT) [DokuWiki ERP] - Google Chrome,Tâches diverses,2021-09-07,09:34:04,00:00:02
stefano.crapanzano@chu.ulg.ac.be,Compta Seny - Procédure de traitement des exports de Seny (MUT / PAT) [DokuWiki ERP] - Google Chrome,Tâches diverses,2021-09-07,09:34:32,00:00:04
stefano.crapanzano@chu.ulg.ac.be,Compta Seny - Procédure de traitement des exports de Seny (MUT / PAT) [DokuWiki ERP] - Google Chrome,Tâches diverses,2021-09-07,09:35:09,00:00:02
stefano.crapanzano@chu.ulg.ac.be,Compta Seny - Procédure de traitement des exports de Seny (MUT / PAT) [DokuWiki ERP] - Google Chrome,Tâches diverses,2021-09-07,12:55:47,00:00:04
stefano.crapanzano@chu.ulg.ac.be,Compta Seny - Procédure de traitement des exports de Seny (MUT / PAT) [DokuWiki ERP] - Google Chrome,Tâches diverses,2021-09-07,15:01:56,00:00:03
stefano.crapanzano@chu.ulg.ac.be,Compta Seny - Procédure de traitement des exports de Seny (MUT / PAT) [DokuWiki ERP] - Google Chrome,Tâches diverses,2021-09-07,15:02:02,00:00:07
stefano.crapanzano@chu.ulg.ac.be,Rédaction : (pas de sujet) - Thunderbird,Helpdesk général,2021-09-07,09:35:03,00:00:06
stefano.crapanzano@chu.ulg.ac.be,Rédaction : (pas de sujet) - Thunderbird,Helpdesk général,2021-09-07,09:35:45,00:00:03
stefano.crapanzano@chu.ulg.ac.be,Rédaction : (pas de sujet) - Thunderbird,Helpdesk général,2021-09-07,09:35:49,00:00:02
stefano.crapanzano@chu.ulg.ac.be,P203 CHU Deux commandes SAP générées à partir d'une commande Gera - Xperthis ERP4HC 1.0 - Service d'assistance - Google Chrome,Tâches diverses,2021-09-07,09:35:11,00:00:03
stefano.crapanzano@chu.ulg.ac.be,P203 CHU Deux commandes SAP générées à partir d'une commande Gera - Xperthis ERP4HC 1.0 - Service d'assistance - Google Chrome,Tâches diverses,2021-09-07,10:48:08,00:00:32
stefano.crapanzano@chu.ulg.ac.be,Impression via ZWM_REPRINT_HU ne fonctionne pas - Xperthis ERP4HC 2.0 Rollout - Service d'assistance - Google Chrome,Tâches diverses,2021-09-07,09:35:34,00:00:09
stefano.crapanzano@chu.ulg.ac.be,Impression via ZWM_REPRINT_HU ne fonctionne pas - Xperthis ERP4HC 2.0 Rollout - Service d'assistance - Google Chrome,Tâches diverses,2021-09-07,09:36:10,00:00:20
stefano.crapanzano@chu.ulg.ac.be,Impression via ZWM_REPRINT_HU ne fonctionne pas - Xperthis ERP4HC 2.0 Rollout - Service d'assistance - Google Chrome,Tâches diverses,2021-09-07,09:36:41,00:00:20
stefano.crapanzano@chu.ulg.ac.be,Impression via ZWM_REPRINT_HU ne fonctionne pas - Xperthis ERP4HC 2.0 Rollout - Service d'assistance - Google Chrome,Tâches diverses,2021-09-07,09:37:11,00:00:21
stefano.crapanzano@chu.ulg.ac.be,Impression via ZWM_REPRINT_HU ne fonctionne pas - Xperthis ERP4HC 2.0 Rollout - Service d'assistance - Google Chrome,Tâches diverses,2021-09-07,09:41:11,00:00:09
stefano.crapanzano@chu.ulg.ac.be,Impression via ZWM_REPRINT_HU ne fonctionne pas - Xperthis ERP4HC 2.0 Rollout - Service d'assistance - Google Chrome,Tâches diverses,2021-09-07,09:41:25,00:00:04
stefano.crapanzano@chu.ulg.ac.be,Rédaction : Ticket sans réponse - Thunderbird,Helpdesk général,2021-09-07,09:35:55,00:00:14
stefano.crapanzano@chu.ulg.ac.be,Rédaction : Ticket sans réponse - Thunderbird,Helpdesk général,2021-09-07,09:36:30,00:00:10
stefano.crapanzano@chu.ulg.ac.be,Rédaction : Ticket sans réponse - Thunderbird,Helpdesk général,2021-09-07,09:37:03,00:00:08
stefano.crapanzano@chu.ulg.ac.be,Rédaction : Ticket sans réponse - Thunderbird,Helpdesk général,2021-09-07,09:37:34,00:02:53
stefano.crapanzano@chu.ulg.ac.be,Rédaction : Information concernant uin ticket - Thunderbird,Helpdesk général,2021-09-07,09:40:30,00:00:02
stefano.crapanzano@chu.ulg.ac.be,Rédaction : Information concernant un ticket - Thunderbird,Helpdesk général,2021-09-07,09:40:33,00:00:03
stefano.crapanzano@chu.ulg.ac.be,SAP Logon 750,Exploration SAP,2021-09-07,09:53:59,00:00:08
stefano.crapanzano@chu.ulg.ac.be,SAP Logon 750,Exploration SAP,2021-09-07,10:38:59,00:00:02
stefano.crapanzano@chu.ulg.ac.be,SAP Logon 750,Exploration SAP,2021-09-07,11:10:09,00:00:43
stefano.crapanzano@chu.ulg.ac.be,SAP Easy Access Menu de base Applications financières-économiques,Exploration SAP,2021-09-07,09:54:07,00:00:04
stefano.crapanzano@chu.ulg.ac.be,SAP Easy Access Menu de base Applications financières-économiques,Exploration SAP,2021-09-07,09:54:25,00:00:07
stefano.crapanzano@chu.ulg.ac.be,SAP Easy Access Menu de base Applications financières-économiques,Exploration SAP,2021-09-07,09:54:38,00:00:06
stefano.crapanzano@chu.ulg.ac.be,SAP Easy Access Menu de base Applications financières-économiques,Exploration SAP,2021-09-07,09:56:32,00:00:41
stefano.crapanzano@chu.ulg.ac.be,SAP Easy Access Menu de base Applications financières-économiques,Exploration SAP,2021-09-07,10:39:17,00:00:08
stefano.crapanzano@chu.ulg.ac.be,Data Browser - table ZFPFAK_KOPP1 : écran de sélection,Exploration SAP,2021-09-07,09:54:44,00:00:09
stefano.crapanzano@chu.ulg.ac.be,Data Browser - table ZFPFAK_KOPP1 : écran de sélection,Exploration SAP,2021-09-07,09:57:13,00:00:18
stefano.crapanzano@chu.ulg.ac.be,Data Browser : table ZFPFAK_KOPP1          2 occurrences,Exploration SAP,2021-09-07,09:54:54,00:00:10
stefano.crapanzano@chu.ulg.ac.be,Data Browser : table ZFPFAK_KOPP1          2 occurrences,Exploration SAP,2021-09-07,09:55:16,00:00:08
stefano.crapanzano@chu.ulg.ac.be,Data Browser : table ZFPFAK_KOPP1          2 occurrences,Exploration SAP,2021-09-07,09:56:24,00:00:07
stefano.crapanzano@chu.ulg.ac.be,Data Browser : table ZFPFAK_KOPP1          2 occurrences,Exploration SAP,2021-09-07,09:57:31,00:01:41
stefano.crapanzano@chu.ulg.ac.be,Data Browser : table ZFPFAK_KOPP1          2 occurrences,Exploration SAP,2021-09-07,10:00:32,00:00:11
stefano.crapanzano@chu.ulg.ac.be,Data Browser : table ZFPFAK_KOPP1          2 occurrences,Exploration SAP,2021-09-07,10:00:49,00:00:04
stefano.crapanzano@chu.ulg.ac.be,Data Browser : table ZFPFAK_KOPP1          2 occurrences,Exploration SAP,2021-09-07,10:01:35,00:11:03
stefano.crapanzano@chu.ulg.ac.be,Greenshot capture form,Helpdesk général,2021-09-07,09:55:25,00:00:10
stefano.crapanzano@chu.ulg.ac.be,Greenshot capture form,Helpdesk général,2021-09-07,10:39:52,00:00:24
stefano.crapanzano@chu.ulg.ac.be,Greenshot capture form,Helpdesk général,2021-09-07,10:44:15,00:00:07
stefano.crapanzano@chu.ulg.ac.be,Greenshot capture form,Helpdesk général,2021-09-07,11:08:45,00:00:05
stefano.crapanzano@chu.ulg.ac.be,Ouverture -Excel,Tâches diverses,2021-09-07,09:59:45,00:00:06
stefano.crapanzano@chu.ulg.ac.be,TABLE ZFPFAK_MESSAGE.xlsx - Excel,Tâches diverses,2021-09-07,09:59:51,00:00:22
stefano.crapanzano@chu.ulg.ac.be,TABLE ZFPFAK_MESSAGE.xlsx - Excel,Tâches diverses,2021-09-07,10:00:18,00:00:14
stefano.crapanzano@chu.ulg.ac.be,TABLE ZFPFAK_MESSAGE.xlsx - Excel,Tâches diverses,2021-09-07,10:00:45,00:00:02
stefano.crapanzano@chu.ulg.ac.be,TABLE ZFPFAK_MESSAGE.xlsx - Excel,Tâches diverses,2021-09-07,10:00:58,00:00:34
stefano.crapanzano@chu.ulg.ac.be,Re : Accès à X01  Jira et Sharepoint Zorgi - Mozilla Thunderbird,Helpdesk général,2021-09-07,10:18:28,00:00:03
stefano.crapanzano@chu.ulg.ac.be,Intégration système,Helpdesk général,2021-09-07,10:19:02,00:00:18
stefano.crapanzano@chu.ulg.ac.be,Lecture documentation,Tâches diverses,2021-09-07,10:20:16,00:18:41
stefano.crapanzano@chu.ulg.ac.be,Lecture documentation,Tâches diverses,2021-09-07,13:30:33,00:42:11
stefano.crapanzano@chu.ulg.ac.be,Lecture documentation,Tâches diverses,2021-09-07,15:02:10,00:10:28
stefano.crapanzano@chu.ulg.ac.be,SAP,Exploration SAP,2021-09-07,10:39:01,00:00:09
stefano.crapanzano@chu.ulg.ac.be,Info licence en cas de connexion multiple,Exploration SAP,2021-09-07,10:39:11,00:00:06
stefano.crapanzano@chu.ulg.ac.be,Performance Assistant,Exploration SAP,2021-09-07,10:39:25,00:00:26
stefano.crapanzano@chu.ulg.ac.be,Performance Assistant,Helpdesk général,2021-09-07,10:40:16,00:00:03
stefano.crapanzano@chu.ulg.ac.be,Performance Assistant,Exploration SAP,2021-09-07,10:42:02,00:00:04
stefano.crapanzano@chu.ulg.ac.be,Demandes - Service d'assistance - Google Chrome,Tâches diverses,2021-09-07,10:40:23,00:00:11
stefano.crapanzano@chu.ulg.ac.be,Demandes - Service d'assistance - Google Chrome,Tâches diverses,2021-09-07,10:48:40,00:00:04
stefano.crapanzano@chu.ulg.ac.be,Demandes - Service d'assistance - Google Chrome,Tâches diverses,2021-09-07,10:49:06,00:00:07
stefano.crapanzano@chu.ulg.ac.be,Demandes - Service d'assistance - Google Chrome,Tâches diverses,2021-09-07,10:49:21,00:00:08
stefano.crapanzano@chu.ulg.ac.be,Demandes - Service d'assistance - Google Chrome,Tâches diverses,2021-09-07,10:49:40,00:00:04
stefano.crapanzano@chu.ulg.ac.be,Demandes - Service d'assistance - Google Chrome,Tâches diverses,2021-09-07,10:49:55,00:00:14
stefano.crapanzano@chu.ulg.ac.be,Demandes - Service d'assistance - Google Chrome,Tâches diverses,2021-09-07,10:50:19,00:00:07
stefano.crapanzano@chu.ulg.ac.be,Demandes - Service d'assistance - Google Chrome,Tâches diverses,2021-09-07,10:50:34,00:00:13
stefano.crapanzano@chu.ulg.ac.be,Demandes - Service d'assistance - Google Chrome,Tâches diverses,2021-09-07,10:50:58,00:00:11
stefano.crapanzano@chu.ulg.ac.be,Demandes - Service d'assistance - Google Chrome,Tâches diverses,2021-09-07,10:51:18,00:00:11
stefano.crapanzano@chu.ulg.ac.be,Demandes - Service d'assistance - Google Chrome,Tâches diverses,2021-09-07,10:52:00,00:00:14
stefano.crapanzano@chu.ulg.ac.be,Demandes - Service d'assistance - Google Chrome,Tâches diverses,2021-09-07,10:53:10,00:00:06
stefano.crapanzano@chu.ulg.ac.be,Demandes - Service d'assistance - Google Chrome,Tâches diverses,2021-09-07,10:53:38,00:00:07
stefano.crapanzano@chu.ulg.ac.be,Demandes - Service d'assistance - Google Chrome,Tâches diverses,2021-09-07,10:53:59,00:00:06
stefano.crapanzano@chu.ulg.ac.be,Demandes - Service d'assistance - Google Chrome,Tâches diverses,2021-09-07,10:54:21,00:00:05
stefano.crapanzano@chu.ulg.ac.be,Demandes - Service d'assistance - Google Chrome,Tâches diverses,2021-09-07,10:54:31,00:00:15
stefano.crapanzano@chu.ulg.ac.be,Demandes - Service d'assistance - Google Chrome,Tâches diverses,2021-09-07,10:54:58,00:00:06
stefano.crapanzano@chu.ulg.ac.be,Demandes - Service d'assistance - Google Chrome,Tâches diverses,2021-09-07,10:55:33,00:00:02
stefano.crapanzano@chu.ulg.ac.be,Demandes - Service d'assistance - Google Chrome,Tâches diverses,2021-09-07,14:44:14,00:00:06
stefano.crapanzano@chu.ulg.ac.be,ZORGI Help Center - Service d'assistance - Google Chrome,Tâches diverses,2021-09-07,10:40:34,00:00:07
stefano.crapanzano@chu.ulg.ac.be,Xperthis ERP4HC 2.0 Rollout - Service d'assistance - Google Chrome,Tâches diverses,2021-09-07,10:40:41,00:00:02
stefano.crapanzano@chu.ulg.ac.be,Incident ERP for HealthCare - Xperthis ERP4HC 2.0 Rollout - Service d'assistance - Google Chrome,Tâches diverses,2021-09-07,10:40:43,00:00:58
stefano.crapanzano@chu.ulg.ac.be,Incident ERP for HealthCare - Xperthis ERP4HC 2.0 Rollout - Service d'assistance - Google Chrome,Tâches diverses,2021-09-07,10:41:48,00:00:08
stefano.crapanzano@chu.ulg.ac.be,Ouvrir,Tâches diverses,2021-09-07,10:41:42,00:00:06
stefano.crapanzano@chu.ulg.ac.be,Ouvrir,Tâches diverses,2021-09-07,11:09:15,00:00:02
stefano.crapanzano@chu.ulg.ac.be,Transaction ENGR non accessible sur X01 - Xperthis ERP4HC 2.0 Rollout - Service d'assistance - Google Chrome,Tâches diverses,2021-09-07,10:41:57,00:00:02
stefano.crapanzano@chu.ulg.ac.be,Transaction ENGR non accessible sur X01 - Xperthis ERP4HC 2.0 Rollout - Service d'assistance - Google Chrome,Tâches diverses,2021-09-07,10:42:37,00:00:26
stefano.crapanzano@chu.ulg.ac.be,Transaction ENGR non accessible sur X01 - Xperthis ERP4HC 2.0 Rollout - Service d'assistance - Google Chrome,Tâches diverses,2021-09-07,10:43:06,00:00:02
stefano.crapanzano@chu.ulg.ac.be,Transaction ENGR non accessible sur X01 - Xperthis ERP4HC 2.0 Rollout - Service d'assistance - Google Chrome,Tâches diverses,2021-09-07,10:44:13,00:00:02
stefano.crapanzano@chu.ulg.ac.be,Transaction ENGR non accessible sur X01 - Xperthis ERP4HC 2.0 Rollout - Service d'assistance - Google Chrome,Tâches diverses,2021-09-07,10:48:03,00:00:04
stefano.crapanzano@chu.ulg.ac.be,Transaction ENGR non accessible sur X01 - Xperthis ERP4HC 2.0 Rollout - Service d'assistance - Google Chrome,Tâches diverses,2021-09-07,12:32:27,00:00:02
stefano.crapanzano@chu.ulg.ac.be,Transaction ENGR non accessible sur X01 - Xperthis ERP4HC 2.0 Rollout - Service d'assistance - Google Chrome,Tâches diverses,2021-09-07,14:44:20,00:02:15
stefano.crapanzano@chu.ulg.ac.be,Transaction ENGR non accessible sur X01 - Xperthis ERP4HC 2.0 Rollout - Service d'assistance - Google Chrome,Tâches diverses,2021-09-07,14:54:59,00:00:02
stefano.crapanzano@chu.ulg.ac.be,Rédaction : Fwd: STERPBE-2261 Transaction ENGR non accessible sur X01 - Thunderbird,Helpdesk général,2021-09-07,10:43:41,00:00:31
stefano.crapanzano@chu.ulg.ac.be,Rédaction : Fwd: STERPBE-2261 Transaction ENGR non accessible sur X01 - Thunderbird,Helpdesk général,2021-09-07,10:44:24,00:02:15
stefano.crapanzano@chu.ulg.ac.be,Création d'un Idoc en erreur suite à l'exécution du job C203_ZMMOPLBARCODE1_ZHUL dans X01: aucune réservation créée - Xperthis ERP4HC 2.0 Rollout - Service d'assistance - Google Chrome,Tâches diverses,2021-09-07,10:48:44,00:00:21
stefano.crapanzano@chu.ulg.ac.be,Champs articles de PE2 non repris dans X01 - Xperthis ERP4HC 2.0 Rollout - Service d'assistance - Google Chrome,Tâches diverses,2021-09-07,10:49:13,00:00:07
stefano.crapanzano@chu.ulg.ac.be,P203 CHR Test X01 : blocage sur transaction MB22 - Xperthis ERP4HC 2.0 Rollout - Service d'assistance - Google Chrome,Tâches diverses,2021-09-07,10:49:30,00:00:10
stefano.crapanzano@chu.ulg.ac.be,Demande accès sharepoint X01 - Xperthis ERP4HC 2.0 Rollout - Service d'assistance - Google Chrome,Tâches diverses,2021-09-07,10:49:45,00:00:09
stefano.crapanzano@chu.ulg.ac.be,P203 CHU IDoc 332504 en statut 51 pour article 601839 - Xperthis ERP4HC 1.0 - Service d'assistance - Google Chrome,Tâches diverses,2021-09-07,10:50:09,00:00:09
stefano.crapanzano@chu.ulg.ac.be,P203 CHU IDoc 332504 en statut 51 pour article 601839 - Xperthis ERP4HC 1.0 - Service d'assistance - Google Chrome,Tâches diverses,2021-09-07,14:35:03,00:00:30
stefano.crapanzano@chu.ulg.ac.be,P203 CHU IDoc 332504 en statut 51 pour article 601839 - Xperthis ERP4HC 1.0 - Service d'assistance - Google Chrome,Tâches diverses,2021-09-07,14:44:01,00:00:02
stefano.crapanzano@chu.ulg.ac.be,Accès à X01 pour un utilisateur - Xperthis ERP4HC 2.0 Rollout - Service d'assistance - Google Chrome,Tâches diverses,2021-09-07,10:50:26,00:00:07
stefano.crapanzano@chu.ulg.ac.be,P203 CHU IDoc 338410 en statut 51 - Xperthis ERP4HC 1.0 - Service d'assistance - Google Chrome,Tâches diverses,2021-09-07,10:50:47,00:00:10
stefano.crapanzano@chu.ulg.ac.be,P203 CHU Demande de configuration de 3 terminaux bancontact - Xperthis ERP4HC 1.0 - Service d'assistance - Google Chrome,Tâches diverses,2021-09-07,10:51:09,00:00:08
stefano.crapanzano@chu.ulg.ac.be,P203 CHU Caractères manquants concernant l'emplacement affiché sur les PDAs - suite du ticket SDERP-18663 - Xperthis ERP4HC 1.0 - Service d'assistance - Google Chrome,Tâches diverses,2021-09-07,10:51:29,00:00:31
stefano.crapanzano@chu.ulg.ac.be,P203 CHU Caractères manquants concernant l'emplacement affiché sur les PDAs - suite du ticket SDERP-18663 - Xperthis ERP4HC 1.0 - Service d'assistance - Google Chrome,Tâches diverses,2021-09-07,10:56:32,00:00:07
stefano.crapanzano@chu.ulg.ac.be,P203 CHU Articles bloqués - Xperthis ERP4HC 1.0 - Service d'assistance - Google Chrome,Tâches diverses,2021-09-07,10:52:15,00:00:55
stefano.crapanzano@chu.ulg.ac.be,P203 CHU Articles bloqués - Xperthis ERP4HC 1.0 - Service d'assistance - Google Chrome,Tâches diverses,2021-09-07,10:55:35,00:00:38
stefano.crapanzano@chu.ulg.ac.be,P203 CHU Articles bloqués - Xperthis ERP4HC 1.0 - Service d'assistance - Google Chrome,Tâches diverses,2021-09-07,14:44:06,00:00:08
stefano.crapanzano@chu.ulg.ac.be,P203 CHU Panier non visible dans l'historique des paniers - Xperthis ERP4HC 1.0 - Service d'assistance - Google Chrome,Tâches diverses,2021-09-07,10:53:16,00:00:21
stefano.crapanzano@chu.ulg.ac.be,CLONE - P203 CHU IDoc 329798 statut 51 car un article est en statut bloqué : toute la demande de réapprovisionnement est bloquée - Xperthis ERP4HC 1.0 - Service d'assistance - Google Chrome,Tâches diverses,2021-09-07,10:53:45,00:00:13
stefano.crapanzano@chu.ulg.ac.be,P203 CHU Paniers toujours visible dans SSP - Xperthis ERP4HC 1.0 - Service d'assistance - Google Chrome,Tâches diverses,2021-09-07,10:54:05,00:00:15
stefano.crapanzano@chu.ulg.ac.be,P203 CHU Rapprochement F-03 pour mut V0300000 - Xperthis ERP4HC 1.0 - Service d'assistance - Google Chrome,Tâches diverses,2021-09-07,10:54:26,00:00:04
stefano.crapanzano@chu.ulg.ac.be,X01-203 CHU Tests de la transaction ZAPO sur X01: les factures - Xperthis ERP4HC 2.0 Rollout - Service d'assistance - Google Chrome,Tâches diverses,2021-09-07,10:54:47,00:00:10
stefano.crapanzano@chu.ulg.ac.be,L'adresse IP 153.89.126.135 n'est (toujours) pas accessible  malgré la demande faite dans le ticket SDERP-18907 - Xperthis ERP4HC 2.0 Rollout - Service d'assistance - Google Chrome,Tâches diverses,2021-09-07,11:00:43,00:02:24
stefano.crapanzano@chu.ulg.ac.be,L'adresse IP 153.89.126.135 n'est (toujours) pas accessible  malgré la demande faite dans le ticket SDERP-18907 - Xperthis ERP4HC 2.0 Rollout - Service d'assistance - Google Chrome,Tâches diverses,2021-09-07,11:03:27,00:00:07
stefano.crapanzano@chu.ulg.ac.be,L'adresse IP 153.89.126.135 n'est (toujours) pas accessible  malgré la demande faite dans le ticket SDERP-18907 - Xperthis ERP4HC 2.0 Rollout - Service d'assistance - Google Chrome,Tâches diverses,2021-09-07,11:03:35,00:00:14
stefano.crapanzano@chu.ulg.ac.be,L'adresse IP 153.89.126.135 n'est (toujours) pas accessible  malgré la demande faite dans le ticket SDERP-18907 - Xperthis ERP4HC 2.0 Rollout - Service d'assistance - Google Chrome,Tâches diverses,2021-09-07,11:03:57,00:00:02
stefano.crapanzano@chu.ulg.ac.be,L'adresse IP 153.89.126.135 n'est (toujours) pas accessible  malgré la demande faite dans le ticket SDERP-18907 - Xperthis ERP4HC 2.0 Rollout - Service d'assistance - Google Chrome,Tâches diverses,2021-09-07,11:04:22,00:04:00
stefano.crapanzano@chu.ulg.ac.be,L'adresse IP 153.89.126.135 n'est (toujours) pas accessible  malgré la demande faite dans le ticket SDERP-18907 - Xperthis ERP4HC 2.0 Rollout - Service d'assistance - Google Chrome,Tâches diverses,2021-09-07,11:08:54,00:00:21
stefano.crapanzano@chu.ulg.ac.be,L'adresse IP 153.89.126.135 n'est (toujours) pas accessible  malgré la demande faite dans le ticket SDERP-18907 - Xperthis ERP4HC 2.0 Rollout - Service d'assistance - Google Chrome,Tâches diverses,2021-09-07,11:09:18,00:00:50
stefano.crapanzano@chu.ulg.ac.be,L'adresse IP 153.89.126.135 n'est (toujours) pas accessible  malgré la demande faite dans le ticket SDERP-18907 - Xperthis ERP4HC 2.0 Rollout - Service d'assistance - Google Chrome,Tâches diverses,2021-09-07,11:10:53,00:00:02
stefano.crapanzano@chu.ulg.ac.be,L'adresse IP 153.89.126.135 n'est (toujours) pas accessible  malgré la demande faite dans le ticket SDERP-18907 - Xperthis ERP4HC 2.0 Rollout - Service d'assistance - Google Chrome,Tâches diverses,2021-09-07,11:11:14,00:00:26
stefano.crapanzano@chu.ulg.ac.be,L'adresse IP 153.89.126.135 n'est (toujours) pas accessible  malgré la demande faite dans le ticket SDERP-18907 - Xperthis ERP4HC 2.0 Rollout - Service d'assistance - Google Chrome,Tâches diverses,2021-09-07,11:11:48,00:00:21
stefano.crapanzano@chu.ulg.ac.be,L'adresse IP 153.89.126.135 n'est (toujours) pas accessible  malgré la demande faite dans le ticket SDERP-18907 - Xperthis ERP4HC 2.0 Rollout - Service d'assistance - Google Chrome,Tâches diverses,2021-09-07,11:12:13,00:00:04
stefano.crapanzano@chu.ulg.ac.be,L'adresse IP 153.89.126.135 n'est (toujours) pas accessible  malgré la demande faite dans le ticket SDERP-18907 - Xperthis ERP4HC 2.0 Rollout - Service d'assistance - Google Chrome,Tâches diverses,2021-09-07,12:26:31,00:00:06
stefano.crapanzano@chu.ulg.ac.be,L'adresse IP 153.89.126.135 n'est (toujours) pas accessible  malgré la demande faite dans le ticket SDERP-18907 - Xperthis ERP4HC 2.0 Rollout - Service d'assistance - Google Chrome,Tâches diverses,2021-09-07,14:44:03,00:00:02
stefano.crapanzano@chu.ulg.ac.be,Didier BARE - erp.sai@chuliege.be - Mozilla Thunderbird,Helpdesk général,2021-09-07,11:04:03,00:00:19
stefano.crapanzano@chu.ulg.ac.be,Didier BARE - erp.sai@chuliege.be - Mozilla Thunderbird,Helpdesk général,2021-09-07,11:10:56,00:00:03
stefano.crapanzano@chu.ulg.ac.be,\\appsaiadm.st.chulg\ERP\Config\saplogon.ini - Notepad++ [Administrator],IT,2021-09-07,11:08:41,00:00:04
stefano.crapanzano@chu.ulg.ac.be,1076637_2021-09-07+11_08_44-__appsaiadm.st.chulg_ERP_Config_saplogon.ini+-+Notepad+++[Administrator].png (528×341) - Google Chrome,Tâches diverses,2021-09-07,11:11:07,00:00:04
stefano.crapanzano@chu.ulg.ac.be,Programmation,IT,2021-09-07,12:29:28,00:00:58
stefano.crapanzano@chu.ulg.ac.be,Programmation,IT,2021-09-07,12:30:51,00:00:02
stefano.crapanzano@chu.ulg.ac.be,Programmation,IT,2021-09-07,12:31:35,00:00:47
stefano.crapanzano@chu.ulg.ac.be,Programmation,IT,2021-09-07,12:32:33,00:00:02
stefano.crapanzano@chu.ulg.ac.be,Programmation,IT,2021-09-07,12:32:39,00:00:11
stefano.crapanzano@chu.ulg.ac.be,Programmation,IT,2021-09-07,12:32:55,00:00:02
stefano.crapanzano@chu.ulg.ac.be,Programmation,IT,2021-09-07,12:33:03,00:00:23
stefano.crapanzano@chu.ulg.ac.be,Nouvel onglet - Google Chrome,Tâches diverses,2021-09-07,12:30:30,00:00:02
stefano.crapanzano@chu.ulg.ac.be,Nouvel onglet - Google Chrome,Tâches diverses,2021-09-07,12:41:52,00:00:10
stefano.crapanzano@chu.ulg.ac.be,Nouvel onglet - Google Chrome,Tâches diverses,2021-09-07,12:42:03,00:00:02
stefano.crapanzano@chu.ulg.ac.be,Nouvel onglet - Google Chrome,Tâches diverses,2021-09-07,12:52:08,00:00:04
stefano.crapanzano@chu.ulg.ac.be,Friconix | Free and beautiful vector icons - Google Chrome,Tâches diverses,2021-09-07,12:30:32,00:00:09
stefano.crapanzano@chu.ulg.ac.be,Results for spreadsheet | Friconix - Google Chrome,Tâches diverses,2021-09-07,12:30:42,00:00:09
stefano.crapanzano@chu.ulg.ac.be,Results for spreadsheet | Friconix - Google Chrome,Tâches diverses,2021-09-07,12:30:53,00:00:09
stefano.crapanzano@chu.ulg.ac.be,Spreadsheet icon by Friconix (fi-snslxl-spreadsheet) left normal solid square cell table data grid row columns spreadsheet - Google Chrome,Tâches diverses,2021-09-07,12:31:03,00:00:10
stefano.crapanzano@chu.ulg.ac.be,Spreadsheet icon by Friconix (fi-snslxl-spreadsheet) left normal solid square cell table data grid row columns spreadsheet - Google Chrome,Tâches diverses,2021-09-07,12:31:16,00:00:03
stefano.crapanzano@chu.ulg.ac.be,Spreadsheet icon by Friconix (fi-xnluxl-spreadsheet) line up normal cell table data grid row columns spreadsheet - Google Chrome,Tâches diverses,2021-09-07,12:31:19,00:00:14
stefano.crapanzano@chu.ulg.ac.be,Netop Invité,Helpdesk général,2021-09-07,12:33:26,00:00:02
stefano.crapanzano@chu.ulg.ac.be,Netop Invité,Helpdesk général,2021-09-07,14:35:39,00:00:02
stefano.crapanzano@chu.ulg.ac.be,Netop Invité,Helpdesk général,2021-09-07,14:47:39,00:00:17
stefano.crapanzano@chu.ulg.ac.be,Connexion à l'aide de l'authentification Windows,Helpdesk général,2021-09-07,12:33:32,00:00:03
stefano.crapanzano@chu.ulg.ac.be,Connexion à l'aide de l'authentification Windows,Helpdesk général,2021-09-07,14:35:41,00:00:03
stefano.crapanzano@chu.ulg.ac.be,erpftp - Netop Remote Control,Helpdesk général,2021-09-07,12:33:37,00:00:20
stefano.crapanzano@chu.ulg.ac.be,erpftp - Netop Remote Control,Helpdesk général,2021-09-07,14:35:46,00:00:20
stefano.crapanzano@chu.ulg.ac.be,CHU de Liège - Intranet - Google Chrome,Tâches diverses,2021-09-07,12:55:51,00:00:10
stefano.crapanzano@chu.ulg.ac.be,Mon Drive - Google Drive - Google Chrome,Tâches diverses,2021-09-07,12:42:07,00:00:03
stefano.crapanzano@chu.ulg.ac.be,Document important - Google Drive - Google Chrome,Tâches diverses,2021-09-07,12:42:10,00:00:02
stefano.crapanzano@chu.ulg.ac.be,Document important - Google Drive - Google Chrome,Tâches diverses,2021-09-07,13:06:50,00:00:07
stefano.crapanzano@chu.ulg.ac.be,Travail - Google Drive - Google Chrome,Tâches diverses,2021-09-07,12:42:13,00:00:02
stefano.crapanzano@chu.ulg.ac.be,Chu travail - Google Drive - Google Chrome,Tâches diverses,2021-09-07,12:42:15,00:09:52
stefano.crapanzano@chu.ulg.ac.be,Chu travail - Google Drive - Google Chrome,Tâches diverses,2021-09-07,13:06:45,00:00:03
stefano.crapanzano@chu.ulg.ac.be,notaire burette - Recherche Google - Google Chrome,Tâches diverses,2021-09-07,12:52:12,00:01:20
stefano.crapanzano@chu.ulg.ac.be,Projet Fédéral IFIC - Google Chrome,Tâches diverses,2021-09-07,12:56:01,00:10:43
stefano.crapanzano@chu.ulg.ac.be,maison rue des liserons - Google Drive - Google Chrome,Tâches diverses,2021-09-07,13:06:57,00:23:36
stefano.crapanzano@chu.ulg.ac.be,erpftp,Helpdesk général,2021-09-07,14:35:37,00:00:02
stefano.crapanzano@chu.ulg.ac.be,P203 CHU ERREUR transaction MMAM - Xperthis ERP4HC 1.0 - Service d'assistance - Google Chrome,Tâches diverses,2021-09-07,14:40:56,00:02:44
stefano.crapanzano@chu.ulg.ac.be,P203 CHU ERREUR transaction MMAM - Xperthis ERP4HC 1.0 - Service d'assistance - Google Chrome,Tâches diverses,2021-09-07,14:43:56,00:00:04
stefano.crapanzano@chu.ulg.ac.be,P203 CHU ERREUR transaction MMAM - Xperthis ERP4HC 1.0 - Service d'assistance - Google Chrome,Tâches diverses,2021-09-07,14:55:01,00:01:09
stefano.crapanzano@chu.ulg.ac.be,P203 CHU ERREUR transaction MMAM - Xperthis ERP4HC 1.0 - Service d'assistance - Google Chrome,Tâches diverses,2021-09-07,15:01:50,00:00:06
stefano.crapanzano@chu.ulg.ac.be,Notification par courrier électronique,Helpdesk général,2021-09-07,14:56:39,00:00:03
stefano.crapanzano@chu.ulg.ac.be,Stefano CRAPANZANO - erp.sai@chuliege.be - Mozilla Thunderbird,Helpdesk général,2021-09-07,15:47:59,00:02:24
