Email,Description,Project,Start date,Start time,Duration
stefano.crapanzano@chu.ulg.ac.be,Administrateur : Perl (command line) - python  main.py,IT,2021-09-09,08:35:25,00:00:07
stefano.crapanzano@chu.ulg.ac.be,Courrier entrant - stefano.crapanzano@chuliege.be - Mozilla Thunderbird,Helpdesk général,2021-09-09,08:35:32,00:00:03
stefano.crapanzano@chu.ulg.ac.be,Courrier entrant - stefano.crapanzano@chuliege.be - Mozilla Thunderbird,Helpdesk général,2021-09-09,08:36:43,00:00:02
stefano.crapanzano@chu.ulg.ac.be,Courrier entrant - stefano.crapanzano@chuliege.be - Mozilla Thunderbird,Helpdesk général,2021-09-09,08:37:41,00:01:45
stefano.crapanzano@chu.ulg.ac.be,Courrier entrant - stefano.crapanzano@chuliege.be - Mozilla Thunderbird,Helpdesk général,2021-09-09,08:39:36,00:07:07
stefano.crapanzano@chu.ulg.ac.be,Courrier entrant - stefano.crapanzano@chuliege.be - Mozilla Thunderbird,Helpdesk général,2021-09-09,08:59:02,00:00:02
stefano.crapanzano@chu.ulg.ac.be,Courrier entrant - stefano.crapanzano@chuliege.be - Mozilla Thunderbird,Helpdesk général,2021-09-09,09:17:53,00:00:08
stefano.crapanzano@chu.ulg.ac.be,Courrier entrant - stefano.crapanzano@chuliege.be - Mozilla Thunderbird,Helpdesk général,2021-09-09,09:19:02,00:00:02
stefano.crapanzano@chu.ulg.ac.be,Courrier entrant - stefano.crapanzano@chuliege.be - Mozilla Thunderbird,Helpdesk général,2021-09-09,09:19:06,00:00:03
stefano.crapanzano@chu.ulg.ac.be,Courrier entrant - stefano.crapanzano@chuliege.be - Mozilla Thunderbird,Helpdesk général,2021-09-09,09:20:43,00:00:06
stefano.crapanzano@chu.ulg.ac.be,Courrier entrant - stefano.crapanzano@chuliege.be - Mozilla Thunderbird,Helpdesk général,2021-09-09,09:23:10,00:00:05
stefano.crapanzano@chu.ulg.ac.be,Courrier entrant - stefano.crapanzano@chuliege.be - Mozilla Thunderbird,Helpdesk général,2021-09-09,09:23:34,00:00:08
stefano.crapanzano@chu.ulg.ac.be,Courrier entrant - stefano.crapanzano@chuliege.be - Mozilla Thunderbird,Helpdesk général,2021-09-09,09:38:29,00:00:11
stefano.crapanzano@chu.ulg.ac.be,Courrier entrant - stefano.crapanzano@chuliege.be - Mozilla Thunderbird,Tâches diverses,2021-09-09,09:44:29,00:00:02
stefano.crapanzano@chu.ulg.ac.be,Courrier entrant - stefano.crapanzano@chuliege.be - Mozilla Thunderbird,Helpdesk général,2021-09-09,09:54:38,00:00:02
stefano.crapanzano@chu.ulg.ac.be,Courrier entrant - stefano.crapanzano@chuliege.be - Mozilla Thunderbird,Helpdesk général,2021-09-09,09:57:15,00:00:26
stefano.crapanzano@chu.ulg.ac.be,Courrier entrant - stefano.crapanzano@chuliege.be - Mozilla Thunderbird,Helpdesk général,2021-09-09,09:58:19,00:00:09
stefano.crapanzano@chu.ulg.ac.be,Courrier entrant - stefano.crapanzano@chuliege.be - Mozilla Thunderbird,Helpdesk général,2021-09-09,10:01:09,00:00:02
stefano.crapanzano@chu.ulg.ac.be,Courrier entrant - stefano.crapanzano@chuliege.be - Mozilla Thunderbird,Helpdesk général,2021-09-09,10:01:13,00:05:00
stefano.crapanzano@chu.ulg.ac.be,Courrier entrant - stefano.crapanzano@chuliege.be - Mozilla Thunderbird,Helpdesk général,2021-09-09,10:06:14,00:00:43
stefano.crapanzano@chu.ulg.ac.be,Courrier entrant - stefano.crapanzano@chuliege.be - Mozilla Thunderbird,Helpdesk général,2021-09-09,10:09:10,00:00:02
stefano.crapanzano@chu.ulg.ac.be,Courrier entrant - stefano.crapanzano@chuliege.be - Mozilla Thunderbird,Helpdesk général,2021-09-09,10:09:36,00:00:02
stefano.crapanzano@chu.ulg.ac.be,Courrier entrant - stefano.crapanzano@chuliege.be - Mozilla Thunderbird,Helpdesk général,2021-09-09,11:00:13,00:00:02
stefano.crapanzano@chu.ulg.ac.be,Courrier entrant - stefano.crapanzano@chuliege.be - Mozilla Thunderbird,Helpdesk général,2021-09-09,11:00:17,00:00:03
stefano.crapanzano@chu.ulg.ac.be,Courrier entrant - stefano.crapanzano@chuliege.be - Mozilla Thunderbird,Helpdesk général,2021-09-09,11:01:00,00:00:04
stefano.crapanzano@chu.ulg.ac.be,Courrier entrant - stefano.crapanzano@chuliege.be - Mozilla Thunderbird,Helpdesk général,2021-09-09,11:04:54,00:00:03
stefano.crapanzano@chu.ulg.ac.be,Courrier entrant - stefano.crapanzano@chuliege.be - Mozilla Thunderbird,Helpdesk général,2021-09-09,11:05:47,00:00:06
stefano.crapanzano@chu.ulg.ac.be,Courrier entrant - stefano.crapanzano@chuliege.be - Mozilla Thunderbird,Helpdesk général,2021-09-09,11:35:37,00:00:03
stefano.crapanzano@chu.ulg.ac.be,Courrier entrant - stefano.crapanzano@chuliege.be - Mozilla Thunderbird,Helpdesk général,2021-09-09,11:36:04,00:00:12
stefano.crapanzano@chu.ulg.ac.be,Courrier entrant - stefano.crapanzano@chuliege.be - Mozilla Thunderbird,Helpdesk général,2021-09-09,11:39:09,00:00:02
stefano.crapanzano@chu.ulg.ac.be,Courrier entrant - stefano.crapanzano@chuliege.be - Mozilla Thunderbird,Helpdesk général,2021-09-09,11:58:22,00:00:02
stefano.crapanzano@chu.ulg.ac.be,Courrier entrant - stefano.crapanzano@chuliege.be - Mozilla Thunderbird,Helpdesk général,2021-09-09,12:05:39,00:00:08
stefano.crapanzano@chu.ulg.ac.be,Courrier entrant - stefano.crapanzano@chuliege.be - Mozilla Thunderbird,Helpdesk général,2021-09-09,12:25:59,00:00:06
stefano.crapanzano@chu.ulg.ac.be,Courrier entrant - stefano.crapanzano@chuliege.be - Mozilla Thunderbird,Helpdesk général,2021-09-09,12:36:45,00:00:02
stefano.crapanzano@chu.ulg.ac.be,Courrier entrant - stefano.crapanzano@chuliege.be - Mozilla Thunderbird,Helpdesk général,2021-09-09,13:12:54,00:00:02
stefano.crapanzano@chu.ulg.ac.be,Courrier entrant - stefano.crapanzano@chuliege.be - Mozilla Thunderbird,Helpdesk général,2021-09-09,13:19:49,00:00:03
stefano.crapanzano@chu.ulg.ac.be,Courrier entrant - stefano.crapanzano@chuliege.be - Mozilla Thunderbird,Helpdesk général,2021-09-09,13:25:45,00:00:03
stefano.crapanzano@chu.ulg.ac.be,Courrier entrant - stefano.crapanzano@chuliege.be - Mozilla Thunderbird,Helpdesk général,2021-09-09,14:28:53,00:01:13
stefano.crapanzano@chu.ulg.ac.be,Courrier entrant - stefano.crapanzano@chuliege.be - Mozilla Thunderbird,Helpdesk général,2021-09-09,14:38:18,00:00:03
stefano.crapanzano@chu.ulg.ac.be,Courrier entrant - stefano.crapanzano@chuliege.be - Mozilla Thunderbird,Helpdesk général,2021-09-09,14:41:51,00:00:02
stefano.crapanzano@chu.ulg.ac.be,Courrier entrant - stefano.crapanzano@chuliege.be - Mozilla Thunderbird,Helpdesk général,2021-09-09,15:17:39,00:00:58
stefano.crapanzano@chu.ulg.ac.be,Courrier entrant - stefano.crapanzano@chuliege.be - Mozilla Thunderbird,Helpdesk général,2021-09-09,16:24:35,00:00:02
stefano.crapanzano@chu.ulg.ac.be,Courrier entrant - erp.sai@chuliege.be - Mozilla Thunderbird,Helpdesk général,2021-09-09,08:35:36,00:01:07
stefano.crapanzano@chu.ulg.ac.be,Courrier entrant - erp.sai@chuliege.be - Mozilla Thunderbird,Helpdesk général,2021-09-09,08:36:46,00:00:02
stefano.crapanzano@chu.ulg.ac.be,Courrier entrant - erp.sai@chuliege.be - Mozilla Thunderbird,Helpdesk général,2021-09-09,08:37:37,00:00:03
stefano.crapanzano@chu.ulg.ac.be,Courrier entrant - erp.sai@chuliege.be - Mozilla Thunderbird,Helpdesk général,2021-09-09,08:46:50,00:01:40
stefano.crapanzano@chu.ulg.ac.be,Courrier entrant - erp.sai@chuliege.be - Mozilla Thunderbird,Helpdesk général,2021-09-09,08:48:32,00:00:13
stefano.crapanzano@chu.ulg.ac.be,Courrier entrant - erp.sai@chuliege.be - Mozilla Thunderbird,Helpdesk général,2021-09-09,08:48:56,00:00:13
stefano.crapanzano@chu.ulg.ac.be,Courrier entrant - erp.sai@chuliege.be - Mozilla Thunderbird,Helpdesk général,2021-09-09,08:57:16,00:00:02
stefano.crapanzano@chu.ulg.ac.be,Courrier entrant - erp.sai@chuliege.be - Mozilla Thunderbird,Helpdesk général,2021-09-09,08:57:20,00:00:44
stefano.crapanzano@chu.ulg.ac.be,Courrier entrant - erp.sai@chuliege.be - Mozilla Thunderbird,Helpdesk général,2021-09-09,08:58:16,00:00:08
stefano.crapanzano@chu.ulg.ac.be,Courrier entrant - erp.sai@chuliege.be - Mozilla Thunderbird,Helpdesk général,2021-09-09,08:59:26,00:00:13
stefano.crapanzano@chu.ulg.ac.be,Courrier entrant - erp.sai@chuliege.be - Mozilla Thunderbird,Helpdesk général,2021-09-09,09:08:39,00:00:26
stefano.crapanzano@chu.ulg.ac.be,Courrier entrant - erp.sai@chuliege.be - Mozilla Thunderbird,Helpdesk général,2021-09-09,09:16:52,00:00:03
stefano.crapanzano@chu.ulg.ac.be,Courrier entrant - erp.sai@chuliege.be - Mozilla Thunderbird,Helpdesk général,2021-09-09,09:17:47,00:00:06
stefano.crapanzano@chu.ulg.ac.be,Courrier entrant - erp.sai@chuliege.be - Mozilla Thunderbird,Helpdesk général,2021-09-09,09:19:51,00:00:27
stefano.crapanzano@chu.ulg.ac.be,Courrier entrant - erp.sai@chuliege.be - Mozilla Thunderbird,Helpdesk général,2021-09-09,09:20:20,00:00:22
stefano.crapanzano@chu.ulg.ac.be,Courrier entrant - erp.sai@chuliege.be - Mozilla Thunderbird,Helpdesk général,2021-09-09,09:23:43,00:00:04
stefano.crapanzano@chu.ulg.ac.be,Courrier entrant - erp.sai@chuliege.be - Mozilla Thunderbird,Helpdesk général,2021-09-09,09:38:24,00:00:03
stefano.crapanzano@chu.ulg.ac.be,Courrier entrant - erp.sai@chuliege.be - Mozilla Thunderbird,Helpdesk général,2021-09-09,09:44:31,00:01:02
stefano.crapanzano@chu.ulg.ac.be,Courrier entrant - erp.sai@chuliege.be - Mozilla Thunderbird,Helpdesk général,2021-09-09,09:47:22,00:00:04
stefano.crapanzano@chu.ulg.ac.be,Courrier entrant - erp.sai@chuliege.be - Mozilla Thunderbird,Helpdesk général,2021-09-09,09:47:33,00:00:02
stefano.crapanzano@chu.ulg.ac.be,Courrier entrant - erp.sai@chuliege.be - Mozilla Thunderbird,Helpdesk général,2021-09-09,09:48:29,00:00:05
stefano.crapanzano@chu.ulg.ac.be,Courrier entrant - erp.sai@chuliege.be - Mozilla Thunderbird,Helpdesk général,2021-09-09,09:53:16,00:00:02
stefano.crapanzano@chu.ulg.ac.be,Courrier entrant - erp.sai@chuliege.be - Mozilla Thunderbird,Helpdesk général,2021-09-09,09:53:55,00:00:03
stefano.crapanzano@chu.ulg.ac.be,Courrier entrant - erp.sai@chuliege.be - Mozilla Thunderbird,Helpdesk général,2021-09-09,09:54:40,00:00:02
stefano.crapanzano@chu.ulg.ac.be,Courrier entrant - erp.sai@chuliege.be - Mozilla Thunderbird,Helpdesk général,2021-09-09,09:54:44,00:00:02
stefano.crapanzano@chu.ulg.ac.be,Courrier entrant - erp.sai@chuliege.be - Mozilla Thunderbird,Helpdesk général,2021-09-09,09:57:10,00:00:04
stefano.crapanzano@chu.ulg.ac.be,Courrier entrant - erp.sai@chuliege.be - Mozilla Thunderbird,Helpdesk général,2021-09-09,11:00:20,00:00:39
stefano.crapanzano@chu.ulg.ac.be,Courrier entrant - erp.sai@chuliege.be - Mozilla Thunderbird,Helpdesk général,2021-09-09,11:04:57,00:00:49
stefano.crapanzano@chu.ulg.ac.be,Courrier entrant - erp.sai@chuliege.be - Mozilla Thunderbird,Helpdesk général,2021-09-09,11:06:14,00:00:04
stefano.crapanzano@chu.ulg.ac.be,Courrier entrant - erp.sai@chuliege.be - Mozilla Thunderbird,Helpdesk général,2021-09-09,11:06:24,00:00:14
stefano.crapanzano@chu.ulg.ac.be,Courrier entrant - erp.sai@chuliege.be - Mozilla Thunderbird,Helpdesk général,2021-09-09,11:19:36,00:00:46
stefano.crapanzano@chu.ulg.ac.be,Courrier entrant - erp.sai@chuliege.be - Mozilla Thunderbird,Helpdesk général,2021-09-09,11:21:00,00:00:26
stefano.crapanzano@chu.ulg.ac.be,Courrier entrant - erp.sai@chuliege.be - Mozilla Thunderbird,Helpdesk général,2021-09-09,11:30:57,00:00:10
stefano.crapanzano@chu.ulg.ac.be,Courrier entrant - erp.sai@chuliege.be - Mozilla Thunderbird,Helpdesk général,2021-09-09,11:35:41,00:00:02
stefano.crapanzano@chu.ulg.ac.be,Courrier entrant - erp.sai@chuliege.be - Mozilla Thunderbird,Helpdesk général,2021-09-09,11:35:47,00:00:02
stefano.crapanzano@chu.ulg.ac.be,Courrier entrant - erp.sai@chuliege.be - Mozilla Thunderbird,Helpdesk général,2021-09-09,11:39:11,00:02:11
stefano.crapanzano@chu.ulg.ac.be,Courrier entrant - erp.sai@chuliege.be - Mozilla Thunderbird,Helpdesk général,2021-09-09,11:41:34,00:00:34
stefano.crapanzano@chu.ulg.ac.be,Courrier entrant - erp.sai@chuliege.be - Mozilla Thunderbird,Helpdesk général,2021-09-09,11:42:27,00:00:03
stefano.crapanzano@chu.ulg.ac.be,Courrier entrant - erp.sai@chuliege.be - Mozilla Thunderbird,Helpdesk général,2021-09-09,11:48:45,00:00:02
stefano.crapanzano@chu.ulg.ac.be,Courrier entrant - erp.sai@chuliege.be - Mozilla Thunderbird,Helpdesk général,2021-09-09,12:04:06,00:00:02
stefano.crapanzano@chu.ulg.ac.be,Courrier entrant - erp.sai@chuliege.be - Mozilla Thunderbird,Helpdesk général,2021-09-09,12:04:10,00:00:02
stefano.crapanzano@chu.ulg.ac.be,Courrier entrant - erp.sai@chuliege.be - Mozilla Thunderbird,Helpdesk général,2021-09-09,12:26:05,00:00:04
stefano.crapanzano@chu.ulg.ac.be,Courrier entrant - erp.sai@chuliege.be - Mozilla Thunderbird,Helpdesk général,2021-09-09,12:34:51,00:00:05
stefano.crapanzano@chu.ulg.ac.be,Courrier entrant - erp.sai@chuliege.be - Mozilla Thunderbird,Helpdesk général,2021-09-09,12:35:33,00:00:03
stefano.crapanzano@chu.ulg.ac.be,Courrier entrant - erp.sai@chuliege.be - Mozilla Thunderbird,Helpdesk général,2021-09-09,13:06:42,00:00:34
stefano.crapanzano@chu.ulg.ac.be,Courrier entrant - erp.sai@chuliege.be - Mozilla Thunderbird,Helpdesk général,2021-09-09,13:08:15,00:00:04
stefano.crapanzano@chu.ulg.ac.be,Courrier entrant - erp.sai@chuliege.be - Mozilla Thunderbird,Helpdesk général,2021-09-09,13:12:57,00:02:46
stefano.crapanzano@chu.ulg.ac.be,Courrier entrant - erp.sai@chuliege.be - Mozilla Thunderbird,Helpdesk général,2021-09-09,13:19:22,00:00:26
stefano.crapanzano@chu.ulg.ac.be,Courrier entrant - erp.sai@chuliege.be - Mozilla Thunderbird,Helpdesk général,2021-09-09,13:25:50,00:01:09
stefano.crapanzano@chu.ulg.ac.be,Courrier entrant - erp.sai@chuliege.be - Mozilla Thunderbird,Helpdesk général,2021-09-09,13:38:30,00:14:27
stefano.crapanzano@chu.ulg.ac.be,Courrier entrant - erp.sai@chuliege.be - Mozilla Thunderbird,Helpdesk général,2021-09-09,13:57:02,00:06:10
stefano.crapanzano@chu.ulg.ac.be,Courrier entrant - erp.sai@chuliege.be - Mozilla Thunderbird,Helpdesk général,2021-09-09,14:09:40,00:03:11
stefano.crapanzano@chu.ulg.ac.be,Courrier entrant - erp.sai@chuliege.be - Mozilla Thunderbird,Helpdesk général,2021-09-09,14:13:50,00:00:02
stefano.crapanzano@chu.ulg.ac.be,Courrier entrant - erp.sai@chuliege.be - Mozilla Thunderbird,Helpdesk général,2021-09-09,14:14:39,00:00:41
stefano.crapanzano@chu.ulg.ac.be,Courrier entrant - erp.sai@chuliege.be - Mozilla Thunderbird,Helpdesk général,2021-09-09,14:25:08,00:00:02
stefano.crapanzano@chu.ulg.ac.be,Courrier entrant - erp.sai@chuliege.be - Mozilla Thunderbird,Helpdesk général,2021-09-09,14:25:22,00:00:21
stefano.crapanzano@chu.ulg.ac.be,Courrier entrant - erp.sai@chuliege.be - Mozilla Thunderbird,Helpdesk général,2021-09-09,14:30:06,00:01:02
stefano.crapanzano@chu.ulg.ac.be,Courrier entrant - erp.sai@chuliege.be - Mozilla Thunderbird,Helpdesk général,2021-09-09,14:35:06,00:00:26
stefano.crapanzano@chu.ulg.ac.be,Courrier entrant - erp.sai@chuliege.be - Mozilla Thunderbird,Helpdesk général,2021-09-09,14:36:52,00:00:04
stefano.crapanzano@chu.ulg.ac.be,Courrier entrant - erp.sai@chuliege.be - Mozilla Thunderbird,Helpdesk général,2021-09-09,14:38:48,00:00:20
stefano.crapanzano@chu.ulg.ac.be,Courrier entrant - erp.sai@chuliege.be - Mozilla Thunderbird,Helpdesk général,2021-09-09,14:42:47,00:00:05
stefano.crapanzano@chu.ulg.ac.be,Courrier entrant - erp.sai@chuliege.be - Mozilla Thunderbird,Helpdesk général,2021-09-09,14:53:14,00:00:06
stefano.crapanzano@chu.ulg.ac.be,Courrier entrant - erp.sai@chuliege.be - Mozilla Thunderbird,Helpdesk général,2021-09-09,14:58:10,00:01:04
stefano.crapanzano@chu.ulg.ac.be,Courrier entrant - erp.sai@chuliege.be - Mozilla Thunderbird,Helpdesk général,2021-09-09,15:18:38,00:00:07
stefano.crapanzano@chu.ulg.ac.be,Courrier entrant - erp.sai@chuliege.be - Mozilla Thunderbird,Helpdesk général,2021-09-09,15:18:46,00:00:03
stefano.crapanzano@chu.ulg.ac.be,Courrier entrant - erp.sai@chuliege.be - Mozilla Thunderbird,Helpdesk général,2021-09-09,15:29:14,00:00:02
stefano.crapanzano@chu.ulg.ac.be,Courrier entrant - erp.sai@chuliege.be - Mozilla Thunderbird,Helpdesk général,2021-09-09,15:29:18,00:00:10
stefano.crapanzano@chu.ulg.ac.be,Courrier entrant - erp.sai@chuliege.be - Mozilla Thunderbird,Helpdesk général,2021-09-09,16:24:37,00:00:02
stefano.crapanzano@chu.ulg.ac.be,Envoyés - erp.sai@chuliege.be - Mozilla Thunderbird,Helpdesk général,2021-09-09,08:36:48,00:00:14
stefano.crapanzano@chu.ulg.ac.be,Envoyés - erp.sai@chuliege.be - Mozilla Thunderbird,Helpdesk général,2021-09-09,08:37:35,00:00:02
stefano.crapanzano@chu.ulg.ac.be,Envoyés - erp.sai@chuliege.be - Mozilla Thunderbird,Helpdesk général,2021-09-09,09:47:27,00:00:06
stefano.crapanzano@chu.ulg.ac.be,Envoyés - erp.sai@chuliege.be - Mozilla Thunderbird,Helpdesk général,2021-09-09,11:06:19,00:00:04
stefano.crapanzano@chu.ulg.ac.be,Envoyés - erp.sai@chuliege.be - Mozilla Thunderbird,Helpdesk général,2021-09-09,11:35:43,00:00:03
stefano.crapanzano@chu.ulg.ac.be,Envoyés - erp.sai@chuliege.be - Mozilla Thunderbird,Helpdesk général,2021-09-09,14:38:30,00:00:18
stefano.crapanzano@chu.ulg.ac.be,Envoyés - erp.sai@chuliege.be - Mozilla Thunderbird,Helpdesk général,2021-09-09,14:53:20,00:00:14
stefano.crapanzano@chu.ulg.ac.be,Impression via ZWM_REPRINT_HU ne fonctionne pas - Xperthis ERP4HC 2.0 Rollout - Service d'assistance - Google Chrome,Tâches diverses,2021-09-09,09:24:48,00:00:02
stefano.crapanzano@chu.ulg.ac.be,Impression via ZWM_REPRINT_HU ne fonctionne pas - Xperthis ERP4HC 2.0 Rollout - Service d'assistance - Google Chrome,Tâches diverses,2021-09-09,09:47:37,00:00:03
stefano.crapanzano@chu.ulg.ac.be,Impression via ZWM_REPRINT_HU ne fonctionne pas - Xperthis ERP4HC 2.0 Rollout - Service d'assistance - Google Chrome,Tâches diverses,2021-09-09,09:48:19,00:00:03
stefano.crapanzano@chu.ulg.ac.be,Impression via ZWM_REPRINT_HU ne fonctionne pas - Xperthis ERP4HC 2.0 Rollout - Service d'assistance - Google Chrome,Tâches diverses,2021-09-09,09:54:46,00:00:02
stefano.crapanzano@chu.ulg.ac.be,Impression via ZWM_REPRINT_HU ne fonctionne pas - Xperthis ERP4HC 2.0 Rollout - Service d'assistance - Google Chrome,Tâches diverses,2021-09-09,11:35:21,00:00:02
stefano.crapanzano@chu.ulg.ac.be,Impression via ZWM_REPRINT_HU ne fonctionne pas - Xperthis ERP4HC 2.0 Rollout - Service d'assistance - Google Chrome,Tâches diverses,2021-09-09,12:06:13,00:00:02
stefano.crapanzano@chu.ulg.ac.be,Service MT - Google Chrome,Tâches diverses,2021-09-09,08:37:12,00:00:22
stefano.crapanzano@chu.ulg.ac.be,Service MT - Google Chrome,Tâches diverses,2021-09-09,08:57:13,00:00:02
stefano.crapanzano@chu.ulg.ac.be,Service MT - Google Chrome,Tâches diverses,2021-09-09,08:58:08,00:00:08
stefano.crapanzano@chu.ulg.ac.be,Service MT - Google Chrome,Tâches diverses,2021-09-09,09:24:53,00:00:03
stefano.crapanzano@chu.ulg.ac.be,Service MT - Google Chrome,Tâches diverses,2021-09-09,09:54:51,00:02:19
stefano.crapanzano@chu.ulg.ac.be,Service MT - Google Chrome,Tâches diverses,2021-09-09,09:58:28,00:00:04
stefano.crapanzano@chu.ulg.ac.be,Service MT - Google Chrome,Tâches diverses,2021-09-09,11:36:41,00:00:26
stefano.crapanzano@chu.ulg.ac.be,Service MT - Google Chrome,Tâches diverses,2021-09-09,11:39:04,00:00:04
stefano.crapanzano@chu.ulg.ac.be,Service MT - Google Chrome,Tâches diverses,2021-09-09,11:42:09,00:00:04
stefano.crapanzano@chu.ulg.ac.be,Service MT - Google Chrome,Tâches diverses,2021-09-09,12:39:49,00:00:22
stefano.crapanzano@chu.ulg.ac.be,Service MT - Google Chrome,Tâches diverses,2021-09-09,12:40:14,00:00:16
stefano.crapanzano@chu.ulg.ac.be,Identification - Google Chrome,Tâches diverses,2021-09-09,08:37:05,00:00:07
stefano.crapanzano@chu.ulg.ac.be,Navigation système de fichier,IT,2021-09-09,08:39:26,00:00:03
stefano.crapanzano@chu.ulg.ac.be,Navigation système de fichier,IT,2021-09-09,09:09:05,00:00:03
stefano.crapanzano@chu.ulg.ac.be,Navigation système de fichier,IT,2021-09-09,09:14:19,00:00:04
stefano.crapanzano@chu.ulg.ac.be,Navigation système de fichier,IT,2021-09-09,09:14:47,00:00:05
stefano.crapanzano@chu.ulg.ac.be,Navigation système de fichier,IT,2021-09-09,09:15:27,00:00:02
stefano.crapanzano@chu.ulg.ac.be,Navigation système de fichier,IT,2021-09-09,09:18:30,00:00:05
stefano.crapanzano@chu.ulg.ac.be,Navigation système de fichier,IT,2021-09-09,09:19:11,00:00:16
stefano.crapanzano@chu.ulg.ac.be,Navigation système de fichier,IT,2021-09-09,09:23:19,00:00:03
stefano.crapanzano@chu.ulg.ac.be,Navigation système de fichier,IT,2021-09-09,09:23:24,00:00:05
stefano.crapanzano@chu.ulg.ac.be,Navigation système de fichier,IT,2021-09-09,09:25:03,00:00:02
stefano.crapanzano@chu.ulg.ac.be,Navigation système de fichier,IT,2021-09-09,09:26:42,00:00:03
stefano.crapanzano@chu.ulg.ac.be,Navigation système de fichier,IT,2021-09-09,09:26:49,00:00:05
stefano.crapanzano@chu.ulg.ac.be,Navigation système de fichier,IT,2021-09-09,09:28:15,00:00:14
stefano.crapanzano@chu.ulg.ac.be,Navigation système de fichier,IT,2021-09-09,09:32:24,00:00:02
stefano.crapanzano@chu.ulg.ac.be,Navigation système de fichier,IT,2021-09-09,09:32:37,00:00:16
stefano.crapanzano@chu.ulg.ac.be,Navigation système de fichier,IT,2021-09-09,09:33:41,00:00:08
stefano.crapanzano@chu.ulg.ac.be,Navigation système de fichier,IT,2021-09-09,09:34:08,00:00:21
stefano.crapanzano@chu.ulg.ac.be,Navigation système de fichier,IT,2021-09-09,09:35:20,00:00:05
stefano.crapanzano@chu.ulg.ac.be,Navigation système de fichier,IT,2021-09-09,09:36:29,00:00:03
stefano.crapanzano@chu.ulg.ac.be,Navigation système de fichier,IT,2021-09-09,09:38:13,00:00:02
stefano.crapanzano@chu.ulg.ac.be,Navigation système de fichier,IT,2021-09-09,09:38:41,00:00:21
stefano.crapanzano@chu.ulg.ac.be,Navigation système de fichier,IT,2021-09-09,09:40:17,00:00:02
stefano.crapanzano@chu.ulg.ac.be,Navigation système de fichier,IT,2021-09-09,09:41:14,00:00:02
stefano.crapanzano@chu.ulg.ac.be,Navigation système de fichier,IT,2021-09-09,09:45:44,00:00:02
stefano.crapanzano@chu.ulg.ac.be,Navigation système de fichier,IT,2021-09-09,09:47:47,00:00:03
stefano.crapanzano@chu.ulg.ac.be,Navigation système de fichier,IT,2021-09-09,09:47:54,00:00:03
stefano.crapanzano@chu.ulg.ac.be,Navigation système de fichier,IT,2021-09-09,09:48:34,00:00:05
stefano.crapanzano@chu.ulg.ac.be,Navigation système de fichier,IT,2021-09-09,09:53:18,00:00:26
stefano.crapanzano@chu.ulg.ac.be,Navigation système de fichier,IT,2021-09-09,09:53:53,00:00:02
stefano.crapanzano@chu.ulg.ac.be,Navigation système de fichier,IT,2021-09-09,09:54:01,00:00:35
stefano.crapanzano@chu.ulg.ac.be,Navigation système de fichier,IT,2021-09-09,10:09:15,00:00:02
stefano.crapanzano@chu.ulg.ac.be,Navigation système de fichier,IT,2021-09-09,10:09:38,00:00:04
stefano.crapanzano@chu.ulg.ac.be,Navigation système de fichier,IT,2021-09-09,10:09:47,00:00:03
stefano.crapanzano@chu.ulg.ac.be,Navigation système de fichier,IT,2021-09-09,10:10:00,00:50:12
stefano.crapanzano@chu.ulg.ac.be,Navigation système de fichier,IT,2021-09-09,11:17:16,00:00:14
stefano.crapanzano@chu.ulg.ac.be,Navigation système de fichier,IT,2021-09-09,11:17:36,00:00:09
stefano.crapanzano@chu.ulg.ac.be,Navigation système de fichier,IT,2021-09-09,11:18:53,00:00:05
stefano.crapanzano@chu.ulg.ac.be,Navigation système de fichier,IT,2021-09-09,11:19:31,00:00:02
stefano.crapanzano@chu.ulg.ac.be,Navigation système de fichier,IT,2021-09-09,11:21:43,00:00:05
stefano.crapanzano@chu.ulg.ac.be,Navigation système de fichier,IT,2021-09-09,11:27:10,00:01:02
stefano.crapanzano@chu.ulg.ac.be,Navigation système de fichier,IT,2021-09-09,11:28:54,00:02:03
stefano.crapanzano@chu.ulg.ac.be,Navigation système de fichier,IT,2021-09-09,11:31:15,00:00:02
stefano.crapanzano@chu.ulg.ac.be,Navigation système de fichier,IT,2021-09-09,11:35:28,00:00:02
stefano.crapanzano@chu.ulg.ac.be,Navigation système de fichier,IT,2021-09-09,11:35:59,00:00:05
stefano.crapanzano@chu.ulg.ac.be,Navigation système de fichier,IT,2021-09-09,11:44:55,00:00:05
stefano.crapanzano@chu.ulg.ac.be,Navigation système de fichier,IT,2021-09-09,11:46:00,00:00:04
stefano.crapanzano@chu.ulg.ac.be,Navigation système de fichier,IT,2021-09-09,11:48:50,00:00:02
stefano.crapanzano@chu.ulg.ac.be,Navigation système de fichier,IT,2021-09-09,11:55:27,00:00:02
stefano.crapanzano@chu.ulg.ac.be,Navigation système de fichier,IT,2021-09-09,12:05:20,00:00:03
stefano.crapanzano@chu.ulg.ac.be,Navigation système de fichier,IT,2021-09-09,12:05:24,00:00:06
stefano.crapanzano@chu.ulg.ac.be,Navigation système de fichier,IT,2021-09-09,12:06:41,00:00:03
stefano.crapanzano@chu.ulg.ac.be,Navigation système de fichier,IT,2021-09-09,12:07:12,00:00:03
stefano.crapanzano@chu.ulg.ac.be,Navigation système de fichier,IT,2021-09-09,12:07:31,00:00:03
stefano.crapanzano@chu.ulg.ac.be,Navigation système de fichier,IT,2021-09-09,12:07:59,00:00:02
stefano.crapanzano@chu.ulg.ac.be,Navigation système de fichier,IT,2021-09-09,12:14:04,00:00:12
stefano.crapanzano@chu.ulg.ac.be,Navigation système de fichier,IT,2021-09-09,12:26:11,00:00:02
stefano.crapanzano@chu.ulg.ac.be,Navigation système de fichier,IT,2021-09-09,13:15:43,00:03:39
stefano.crapanzano@chu.ulg.ac.be,Navigation système de fichier,IT,2021-09-09,14:04:26,00:00:04
stefano.crapanzano@chu.ulg.ac.be,Navigation système de fichier,IT,2021-09-09,14:13:23,00:00:26
stefano.crapanzano@chu.ulg.ac.be,Navigation système de fichier,IT,2021-09-09,14:13:52,00:00:33
stefano.crapanzano@chu.ulg.ac.be,Navigation système de fichier,IT,2021-09-09,14:14:31,00:00:07
stefano.crapanzano@chu.ulg.ac.be,Navigation système de fichier,IT,2021-09-09,14:31:37,00:00:25
stefano.crapanzano@chu.ulg.ac.be,Navigation système de fichier,IT,2021-09-09,15:29:51,00:00:02
stefano.crapanzano@chu.ulg.ac.be,Navigation système de fichier,IT,2021-09-09,15:36:26,00:00:03
stefano.crapanzano@chu.ulg.ac.be,taskeng.exe,IT,2021-09-09,08:39:30,00:00:06
stefano.crapanzano@chu.ulg.ac.be,SVN_LOCAL – test_file_exist.pl [PERL] (Administrator),IT,2021-09-09,12:05:31,00:00:02
stefano.crapanzano@chu.ulg.ac.be,Lecture documentation,Tâches diverses,2021-09-09,08:46:44,00:00:04
stefano.crapanzano@chu.ulg.ac.be,Lecture documentation,Tâches diverses,2021-09-09,09:22:01,00:00:28
stefano.crapanzano@chu.ulg.ac.be,Lecture documentation,Tâches diverses,2021-09-09,09:23:47,00:00:59
stefano.crapanzano@chu.ulg.ac.be,Lecture documentation,Tâches diverses,2021-09-09,09:48:40,00:03:55
stefano.crapanzano@chu.ulg.ac.be,Lecture documentation,Tâches diverses,2021-09-09,10:09:17,00:00:18
stefano.crapanzano@chu.ulg.ac.be,Lecture documentation,Tâches diverses,2021-09-09,10:09:43,00:00:04
stefano.crapanzano@chu.ulg.ac.be,Lecture documentation,Tâches diverses,2021-09-09,11:01:09,00:03:44
stefano.crapanzano@chu.ulg.ac.be,Lecture documentation,Tâches diverses,2021-09-09,11:05:55,00:00:16
stefano.crapanzano@chu.ulg.ac.be,Lecture documentation,Tâches diverses,2021-09-09,11:06:38,00:10:38
stefano.crapanzano@chu.ulg.ac.be,Lecture documentation,Tâches diverses,2021-09-09,11:17:30,00:00:05
stefano.crapanzano@chu.ulg.ac.be,Lecture documentation,Tâches diverses,2021-09-09,11:19:01,00:00:29
stefano.crapanzano@chu.ulg.ac.be,Lecture documentation,Tâches diverses,2021-09-09,11:20:37,00:00:16
stefano.crapanzano@chu.ulg.ac.be,Lecture documentation,Tâches diverses,2021-09-09,11:20:54,00:00:05
stefano.crapanzano@chu.ulg.ac.be,Lecture documentation,Tâches diverses,2021-09-09,11:26:16,00:00:53
stefano.crapanzano@chu.ulg.ac.be,Lecture documentation,Tâches diverses,2021-09-09,11:28:13,00:00:40
stefano.crapanzano@chu.ulg.ac.be,Lecture documentation,Tâches diverses,2021-09-09,11:31:22,00:03:56
stefano.crapanzano@chu.ulg.ac.be,Lecture documentation,Tâches diverses,2021-09-09,11:37:24,00:01:40
stefano.crapanzano@chu.ulg.ac.be,Lecture documentation,Tâches diverses,2021-09-09,11:41:23,00:00:11
stefano.crapanzano@chu.ulg.ac.be,Lecture documentation,Tâches diverses,2021-09-09,11:42:14,00:00:13
stefano.crapanzano@chu.ulg.ac.be,Lecture documentation,Tâches diverses,2021-09-09,11:44:50,00:00:04
stefano.crapanzano@chu.ulg.ac.be,Lecture documentation,Tâches diverses,2021-09-09,11:48:54,00:00:27
stefano.crapanzano@chu.ulg.ac.be,Lecture documentation,Tâches diverses,2021-09-09,11:50:04,00:00:06
stefano.crapanzano@chu.ulg.ac.be,Lecture documentation,Tâches diverses,2021-09-09,11:50:15,00:00:42
stefano.crapanzano@chu.ulg.ac.be,Lecture documentation,Tâches diverses,2021-09-09,11:51:06,00:00:11
stefano.crapanzano@chu.ulg.ac.be,Lecture documentation,Tâches diverses,2021-09-09,11:51:24,00:00:06
stefano.crapanzano@chu.ulg.ac.be,Lecture documentation,Tâches diverses,2021-09-09,11:51:49,00:00:22
stefano.crapanzano@chu.ulg.ac.be,Lecture documentation,Tâches diverses,2021-09-09,12:07:06,00:00:04
stefano.crapanzano@chu.ulg.ac.be,Lecture documentation,Tâches diverses,2021-09-09,12:07:15,00:00:10
stefano.crapanzano@chu.ulg.ac.be,Lecture documentation,Tâches diverses,2021-09-09,12:08:14,00:00:05
stefano.crapanzano@chu.ulg.ac.be,Lecture documentation,Tâches diverses,2021-09-09,12:26:17,00:08:31
stefano.crapanzano@chu.ulg.ac.be,Lecture documentation,Tâches diverses,2021-09-09,12:35:37,00:01:08
stefano.crapanzano@chu.ulg.ac.be,Lecture documentation,Tâches diverses,2021-09-09,12:40:39,00:26:02
stefano.crapanzano@chu.ulg.ac.be,Lecture documentation,Tâches diverses,2021-09-09,13:19:55,00:05:48
stefano.crapanzano@chu.ulg.ac.be,Lecture documentation,Tâches diverses,2021-09-09,13:26:59,00:11:30
stefano.crapanzano@chu.ulg.ac.be,Lecture documentation,Tâches diverses,2021-09-09,13:52:58,00:04:04
stefano.crapanzano@chu.ulg.ac.be,Lecture documentation,Tâches diverses,2021-09-09,14:03:13,00:01:13
stefano.crapanzano@chu.ulg.ac.be,Lecture documentation,Tâches diverses,2021-09-09,14:04:31,00:00:33
stefano.crapanzano@chu.ulg.ac.be,Lecture documentation,Tâches diverses,2021-09-09,14:06:51,00:00:03
stefano.crapanzano@chu.ulg.ac.be,Lecture documentation,Tâches diverses,2021-09-09,14:12:51,00:00:31
stefano.crapanzano@chu.ulg.ac.be,Lecture documentation,Tâches diverses,2021-09-09,14:15:21,00:09:47
stefano.crapanzano@chu.ulg.ac.be,Lecture documentation,Tâches diverses,2021-09-09,14:25:11,00:00:05
stefano.crapanzano@chu.ulg.ac.be,Lecture documentation,Tâches diverses,2021-09-09,14:25:44,00:03:09
stefano.crapanzano@chu.ulg.ac.be,Lecture documentation,Tâches diverses,2021-09-09,14:53:39,00:04:28
stefano.crapanzano@chu.ulg.ac.be,Lecture documentation,Tâches diverses,2021-09-09,14:59:20,00:18:19
stefano.crapanzano@chu.ulg.ac.be,Lecture documentation,Tâches diverses,2021-09-09,15:18:51,00:10:22
stefano.crapanzano@chu.ulg.ac.be,Lecture documentation,Tâches diverses,2021-09-09,15:29:30,00:00:20
stefano.crapanzano@chu.ulg.ac.be,Lecture documentation,Tâches diverses,2021-09-09,15:36:29,00:22:50
stefano.crapanzano@chu.ulg.ac.be,Lecture documentation,Tâches diverses,2021-09-09,15:59:22,00:07:34
stefano.crapanzano@chu.ulg.ac.be,Lecture documentation,Tâches diverses,2021-09-09,16:07:02,00:17:32
stefano.crapanzano@chu.ulg.ac.be,Lecture documentation,Tâches diverses,2021-09-09,16:24:40,00:39:49
stefano.crapanzano@chu.ulg.ac.be,PE2_203_IDMGMT - sftp://PE2U2FTPID@153.89.110.38 - FileZilla,Helpdesk général,2021-09-09,08:48:46,00:00:09
stefano.crapanzano@chu.ulg.ac.be,PE2_203_IDMGMT - sftp://PE2U2FTPID@153.89.110.38 - FileZilla,Helpdesk général,2021-09-09,09:21:57,00:00:02
stefano.crapanzano@chu.ulg.ac.be,SAP Logon 750,Exploration SAP,2021-09-09,08:49:10,00:00:04
stefano.crapanzano@chu.ulg.ac.be,SAP Logon 750,Exploration SAP,2021-09-09,09:26:45,00:00:03
stefano.crapanzano@chu.ulg.ac.be,SAP Logon 750,Exploration SAP,2021-09-09,09:27:44,00:00:02
stefano.crapanzano@chu.ulg.ac.be,SAP Logon 750,Exploration SAP,2021-09-09,09:28:54,00:00:02
stefano.crapanzano@chu.ulg.ac.be,SAP Logon 750,Exploration SAP,2021-09-09,09:35:05,00:00:04
stefano.crapanzano@chu.ulg.ac.be,SAP Logon 750,Exploration SAP,2021-09-09,09:36:33,00:00:02
stefano.crapanzano@chu.ulg.ac.be,SAP Logon 750,Exploration SAP,2021-09-09,09:40:19,00:00:03
stefano.crapanzano@chu.ulg.ac.be,SAP Logon 750,Exploration SAP,2021-09-09,09:40:49,00:00:02
stefano.crapanzano@chu.ulg.ac.be,SAP Logon 750,Exploration SAP,2021-09-09,14:46:30,00:00:06
stefano.crapanzano@chu.ulg.ac.be,SAP Easy Access Menu de base Applications financières-économiques,Exploration SAP,2021-09-09,08:49:15,00:00:14
stefano.crapanzano@chu.ulg.ac.be,SAP Easy Access Menu de base Applications financières-économiques,Exploration SAP,2021-09-09,09:13:52,00:00:06
stefano.crapanzano@chu.ulg.ac.be,SAP Easy Access Menu de base Applications financières-économiques,Exploration SAP,2021-09-09,09:27:57,00:00:02
stefano.crapanzano@chu.ulg.ac.be,SAP Easy Access Menu de base Applications financières-économiques,Exploration SAP,2021-09-09,09:30:16,00:00:03
stefano.crapanzano@chu.ulg.ac.be,SAP Easy Access Menu de base Applications financières-économiques,Exploration SAP,2021-09-09,09:39:22,00:00:03
stefano.crapanzano@chu.ulg.ac.be,SAP Easy Access Menu de base Applications financières-économiques,Exploration SAP,2021-09-09,11:46:07,00:00:06
stefano.crapanzano@chu.ulg.ac.be,SAP Easy Access Menu de base Applications financières-économiques,Exploration SAP,2021-09-09,14:46:50,00:00:03
stefano.crapanzano@chu.ulg.ac.be,Gestion des utilisateurs : écran initial,Exploration SAP,2021-09-09,08:49:29,00:00:03
stefano.crapanzano@chu.ulg.ac.be,Gestion des utilisateurs : écran initial,Exploration SAP,2021-09-09,09:13:58,00:00:03
stefano.crapanzano@chu.ulg.ac.be,Gestion des utilisateurs : écran initial,Exploration SAP,2021-09-09,09:14:29,00:00:17
stefano.crapanzano@chu.ulg.ac.be,Gestion des utilisateurs : écran initial,Exploration SAP,2021-09-09,09:16:50,00:00:02
stefano.crapanzano@chu.ulg.ac.be,Gestion des utilisateurs : écran initial,Exploration SAP,2021-09-09,09:16:56,00:00:04
stefano.crapanzano@chu.ulg.ac.be,Gestion des utilisateurs : écran initial,Exploration SAP,2021-09-09,09:26:56,00:00:28
stefano.crapanzano@chu.ulg.ac.be,Gestion des utilisateurs : écran initial,Exploration SAP,2021-09-09,09:27:59,00:00:15
stefano.crapanzano@chu.ulg.ac.be,Gestion des utilisateurs : écran initial,Exploration SAP,2021-09-09,09:30:26,00:00:06
stefano.crapanzano@chu.ulg.ac.be,Gestion des utilisateurs : écran initial,Exploration SAP,2021-09-09,09:30:38,00:00:04
stefano.crapanzano@chu.ulg.ac.be,Gestion des utilisateurs : écran initial,Exploration SAP,2021-09-09,09:30:44,00:00:10
stefano.crapanzano@chu.ulg.ac.be,Gestion des utilisateurs : écran initial,Exploration SAP,2021-09-09,09:35:01,00:00:02
stefano.crapanzano@chu.ulg.ac.be,Gestion des utilisateurs : écran initial,Exploration SAP,2021-09-09,09:39:15,00:00:05
stefano.crapanzano@chu.ulg.ac.be,Gestion des utilisateurs : écran initial,Exploration SAP,2021-09-09,09:39:25,00:00:02
stefano.crapanzano@chu.ulg.ac.be,Gestion des utilisateurs : écran initial,Exploration SAP,2021-09-09,09:39:40,00:00:05
stefano.crapanzano@chu.ulg.ac.be,Gestion des utilisateurs : écran initial,Exploration SAP,2021-09-09,09:41:19,00:00:02
stefano.crapanzano@chu.ulg.ac.be,Gestion des utilisateurs : écran initial,Exploration SAP,2021-09-09,09:41:40,00:00:03
stefano.crapanzano@chu.ulg.ac.be,Gestion des utilisateurs : écran initial,Exploration SAP,2021-09-09,09:42:03,00:00:25
stefano.crapanzano@chu.ulg.ac.be,Gestion des utilisateurs : écran initial,Exploration SAP,2021-09-09,09:42:32,00:00:02
stefano.crapanzano@chu.ulg.ac.be,Gestion des utilisateurs : écran initial,Exploration SAP,2021-09-09,09:45:38,00:00:02
stefano.crapanzano@chu.ulg.ac.be,Gestion des utilisateurs : écran initial,Exploration SAP,2021-09-09,09:45:49,00:00:02
stefano.crapanzano@chu.ulg.ac.be,Gestion des utilisateurs : écran initial,Exploration SAP,2021-09-09,09:46:14,00:00:04
stefano.crapanzano@chu.ulg.ac.be,Gestion des utilisateurs : écran initial,Exploration SAP,2021-09-09,09:46:47,00:00:02
stefano.crapanzano@chu.ulg.ac.be,Gestion des utilisateurs : écran initial,Exploration SAP,2021-09-09,09:47:02,00:00:06
stefano.crapanzano@chu.ulg.ac.be,Gestion des utilisateurs : écran initial,Exploration SAP,2021-09-09,09:47:14,00:00:08
stefano.crapanzano@chu.ulg.ac.be,Gestion des utilisateurs : écran initial,Exploration SAP,2021-09-09,11:46:04,00:00:02
stefano.crapanzano@chu.ulg.ac.be,Nom de l'utilisateur ds fiche utilisateur (1),Exploration SAP,2021-09-09,08:49:33,00:00:03
stefano.crapanzano@chu.ulg.ac.be,Nom de l'utilisateur ds fiche utilisateur (1),Exploration SAP,2021-09-09,09:27:25,00:00:02
stefano.crapanzano@chu.ulg.ac.be,Nom de l'utilisateur ds fiche utilisateur (1),Exploration SAP,2021-09-09,09:30:55,00:00:03
stefano.crapanzano@chu.ulg.ac.be,Nom de l'utilisateur ds fiche utilisateur (1),Exploration SAP,2021-09-09,09:39:58,00:00:08
stefano.crapanzano@chu.ulg.ac.be,Nom de l'utilisateur ds fiche utilisateur (1),Exploration SAP,2021-09-09,09:45:51,00:00:03
stefano.crapanzano@chu.ulg.ac.be,Nom de l'utilisateur ds fiche utilisateur (1),Exploration SAP,2021-09-09,09:46:19,00:00:26
stefano.crapanzano@chu.ulg.ac.be,Nom de l'utilisateur ds fiche utilisateur (1)    1 Entrée trouvée,Exploration SAP,2021-09-09,09:40:06,00:00:10
stefano.crapanzano@chu.ulg.ac.be,Nom de l'utilisateur ds fiche utilisateur (1)    1 Entrée trouvée,Exploration SAP,2021-09-09,09:41:17,00:00:02
stefano.crapanzano@chu.ulg.ac.be,Nom de l'utilisateur ds fiche utilisateur (1)    1 Entrée trouvée,Exploration SAP,2021-09-09,09:46:45,00:00:02
stefano.crapanzano@chu.ulg.ac.be,Afficher utilisateur,Exploration SAP,2021-09-09,08:49:39,00:07:33
stefano.crapanzano@chu.ulg.ac.be,Afficher utilisateur,Exploration SAP,2021-09-09,08:59:05,00:00:20
stefano.crapanzano@chu.ulg.ac.be,Afficher utilisateur,Helpdesk général,2021-09-09,09:07:20,00:01:08
stefano.crapanzano@chu.ulg.ac.be,Afficher utilisateur,Exploration SAP,2021-09-09,09:09:09,00:01:27
stefano.crapanzano@chu.ulg.ac.be,Afficher utilisateur,Exploration SAP,2021-09-09,09:13:15,00:00:07
stefano.crapanzano@chu.ulg.ac.be,Afficher utilisateur,Exploration SAP,2021-09-09,09:13:29,00:00:06
stefano.crapanzano@chu.ulg.ac.be,Afficher utilisateur,Exploration SAP,2021-09-09,09:13:44,00:00:08
stefano.crapanzano@chu.ulg.ac.be,Afficher utilisateur,Exploration SAP,2021-09-09,09:14:08,00:00:03
stefano.crapanzano@chu.ulg.ac.be,Afficher utilisateur,Exploration SAP,2021-09-09,09:14:52,00:00:27
stefano.crapanzano@chu.ulg.ac.be,Afficher utilisateur,Exploration SAP,2021-09-09,09:15:21,00:00:05
stefano.crapanzano@chu.ulg.ac.be,Afficher utilisateur,Exploration SAP,2021-09-09,09:15:30,00:00:21
stefano.crapanzano@chu.ulg.ac.be,Afficher utilisateur,Exploration SAP,2021-09-09,09:16:46,00:00:03
stefano.crapanzano@chu.ulg.ac.be,Afficher utilisateur,Exploration SAP,2021-09-09,09:17:00,00:00:03
stefano.crapanzano@chu.ulg.ac.be,Afficher utilisateur,Exploration SAP,2021-09-09,09:41:22,00:00:08
stefano.crapanzano@chu.ulg.ac.be,Afficher utilisateur,Exploration SAP,2021-09-09,09:42:35,00:01:49
stefano.crapanzano@chu.ulg.ac.be,Afficher utilisateur,Exploration SAP,2021-09-09,09:45:46,00:00:02
stefano.crapanzano@chu.ulg.ac.be,Afficher utilisateur,Exploration SAP,2021-09-09,09:46:07,00:00:07
stefano.crapanzano@chu.ulg.ac.be,Afficher utilisateur,Exploration SAP,2021-09-09,09:47:08,00:00:06
stefano.crapanzano@chu.ulg.ac.be,Projet Fédéral IFIC - Google Chrome,Tâches diverses,2021-09-09,12:06:18,00:00:02
stefano.crapanzano@chu.ulg.ac.be,fournisseur HR - Mozilla Thunderbird,Helpdesk général,2021-09-09,08:58:25,00:00:25
stefano.crapanzano@chu.ulg.ac.be,HR - Mozilla Thunderbird,Helpdesk général,2021-09-09,08:58:50,00:00:08
stefano.crapanzano@chu.ulg.ac.be,NF - Mozilla Thunderbird,Helpdesk général,2021-09-09,08:58:58,00:00:02
stefano.crapanzano@chu.ulg.ac.be,biscop - Mozilla Thunderbird,Helpdesk général,2021-09-09,08:59:39,00:00:07
stefano.crapanzano@chu.ulg.ac.be,kunnr probleme - Mozilla Thunderbird,Helpdesk général,2021-09-09,08:59:46,00:00:13
stefano.crapanzano@chu.ulg.ac.be,kunnr probleme - Mozilla Thunderbird,Helpdesk général,2021-09-09,09:01:48,00:00:02
stefano.crapanzano@chu.ulg.ac.be,kunnr probleme - Mozilla Thunderbird,Helpdesk général,2021-09-09,09:01:51,00:00:03
stefano.crapanzano@chu.ulg.ac.be,kunnr probleme - Mozilla Thunderbird,Helpdesk général,2021-09-09,09:01:56,00:05:23
stefano.crapanzano@chu.ulg.ac.be,kunnr probleme - Mozilla Thunderbird,Helpdesk général,2021-09-09,09:08:29,00:00:09
stefano.crapanzano@chu.ulg.ac.be,Intrastat - Google Chrome,Tâches diverses,2021-09-09,09:00:02,00:00:10
stefano.crapanzano@chu.ulg.ac.be,Intrastat - Google Chrome,Tâches diverses,2021-09-09,09:00:20,00:00:08
stefano.crapanzano@chu.ulg.ac.be,Intrastat - Google Chrome,Tâches diverses,2021-09-09,09:21:54,00:00:02
stefano.crapanzano@chu.ulg.ac.be,Compta Seny - Procédure de traitement des exports de Seny (MUT / PAT) [DokuWiki ERP] - Google Chrome,Tâches diverses,2021-09-09,09:00:13,00:00:04
stefano.crapanzano@chu.ulg.ac.be,POST data - Google Chrome,Tâches diverses,2021-09-09,09:00:18,00:00:02
stefano.crapanzano@chu.ulg.ac.be,POST data - Google Chrome,Tâches diverses,2021-09-09,10:07:13,00:00:50
stefano.crapanzano@chu.ulg.ac.be,Achat [DokuWiki ERP] - Google Chrome,Tâches diverses,2021-09-09,09:00:30,00:00:02
stefano.crapanzano@chu.ulg.ac.be,Achat [DokuWiki ERP] - Google Chrome,Tâches diverses,2021-09-09,09:01:13,00:00:34
stefano.crapanzano@chu.ulg.ac.be,Achat [DokuWiki ERP] - Google Chrome,Tâches diverses,2021-09-09,09:21:51,00:00:02
stefano.crapanzano@chu.ulg.ac.be,Achat [DokuWiki ERP] - Google Chrome,Tâches diverses,2021-09-09,09:47:43,00:00:02
stefano.crapanzano@chu.ulg.ac.be,Achat [DokuWiki ERP] - Google Chrome,Tâches diverses,2021-09-09,11:36:25,00:00:02
stefano.crapanzano@chu.ulg.ac.be,Achat [DokuWiki ERP] - Google Chrome,Tâches diverses,2021-09-09,12:38:16,00:00:03
stefano.crapanzano@chu.ulg.ac.be,Achat [DokuWiki ERP] - Google Chrome,Tâches diverses,2021-09-09,12:38:58,00:00:02
stefano.crapanzano@chu.ulg.ac.be,Site web intrastat.chuliege.be [DokuWiki ERP] - Google Chrome,Tâches diverses,2021-09-09,09:00:32,00:00:40
stefano.crapanzano@chu.ulg.ac.be,Netop Invité,Helpdesk général,2021-09-09,09:10:36,00:00:19
stefano.crapanzano@chu.ulg.ac.be,Netop Invité,Helpdesk général,2021-09-09,09:13:10,00:00:04
stefano.crapanzano@chu.ulg.ac.be,Netop Invité,Helpdesk général,2021-09-09,09:15:52,00:00:02
stefano.crapanzano@chu.ulg.ac.be,Netop Invité,Helpdesk général,2021-09-09,09:16:44,00:00:02
stefano.crapanzano@chu.ulg.ac.be,Netop Invité,Helpdesk général,2021-09-09,11:21:27,00:00:16
stefano.crapanzano@chu.ulg.ac.be,Netop Invité,Helpdesk général,2021-09-09,15:29:53,00:00:08
stefano.crapanzano@chu.ulg.ac.be,Netop Invité,Helpdesk général,2021-09-09,15:30:16,00:00:02
stefano.crapanzano@chu.ulg.ac.be,Netop,Helpdesk général,2021-09-09,09:11:00,00:00:02
stefano.crapanzano@chu.ulg.ac.be,Netop,Helpdesk général,2021-09-09,09:16:41,00:00:02
stefano.crapanzano@chu.ulg.ac.be,Netop,Helpdesk général,2021-09-09,15:30:19,00:00:02
stefano.crapanzano@chu.ulg.ac.be,Netop,Helpdesk général,2021-09-09,15:36:22,00:00:02
stefano.crapanzano@chu.ulg.ac.be,Connexion à l'aide de l'authentification Windows,Helpdesk général,2021-09-09,09:10:57,00:00:03
stefano.crapanzano@chu.ulg.ac.be,Connexion à l'aide de l'authentification Windows,Helpdesk général,2021-09-09,09:15:54,00:00:03
stefano.crapanzano@chu.ulg.ac.be,Connexion à l'aide de l'authentification Windows,Helpdesk général,2021-09-09,15:30:21,00:00:02
stefano.crapanzano@chu.ulg.ac.be,192.168.79.168 - Netop Remote Control,Helpdesk général,2021-09-09,09:11:03,00:02:06
stefano.crapanzano@chu.ulg.ac.be,192.168.79.168 - Netop Remote Control,Helpdesk général,2021-09-09,09:15:59,00:00:42
stefano.crapanzano@chu.ulg.ac.be,Rechercher,Exploration SAP,2021-09-09,09:13:22,00:00:07
stefano.crapanzano@chu.ulg.ac.be,Rechercher,Exploration SAP,2021-09-09,09:13:35,00:00:08
stefano.crapanzano@chu.ulg.ac.be,Rechercher,IT,2021-09-09,09:37:51,00:00:19
stefano.crapanzano@chu.ulg.ac.be,Nom de l'utilisateur ds fiche utilisateur (2),Exploration SAP,2021-09-09,09:14:02,00:00:02
stefano.crapanzano@chu.ulg.ac.be,Nom de l'utilisateur ds fiche utilisateur (2)    1 Entrée trouvée,Exploration SAP,2021-09-09,09:14:04,00:00:02
stefano.crapanzano@chu.ulg.ac.be,Gérer utilisateur,Exploration SAP,2021-09-09,09:14:11,00:00:08
stefano.crapanzano@chu.ulg.ac.be,Gérer utilisateur,Exploration SAP,2021-09-09,09:14:24,00:00:04
stefano.crapanzano@chu.ulg.ac.be,Gérer utilisateur,Exploration SAP,2021-09-09,09:17:04,00:00:08
stefano.crapanzano@chu.ulg.ac.be,Accès de 2 agents - SAP - fournisseurs NF et HR - Mozilla Thunderbird,Helpdesk général,2021-09-09,09:17:15,00:00:02
stefano.crapanzano@chu.ulg.ac.be,Accès de 2 agents - SAP - fournisseurs NF et HR - Mozilla Thunderbird,Helpdesk général,2021-09-09,09:17:45,00:00:02
stefano.crapanzano@chu.ulg.ac.be,Rédaction : Re: Accès de 2 agents - SAP - fournisseurs NF et HR - Thunderbird,Helpdesk général,2021-09-09,09:17:17,00:00:25
stefano.crapanzano@chu.ulg.ac.be,Rédaction : (pas de sujet) - Thunderbird,Helpdesk général,2021-09-09,09:18:02,00:00:04
stefano.crapanzano@chu.ulg.ac.be,Rédaction : (pas de sujet) - Thunderbird,Helpdesk général,2021-09-09,12:36:48,00:00:25
stefano.crapanzano@chu.ulg.ac.be,Rédaction : Changement de mercredi - Thunderbird,Helpdesk général,2021-09-09,09:18:11,00:00:19
stefano.crapanzano@chu.ulg.ac.be,Rédaction : Changement de mercredi - Thunderbird,Helpdesk général,2021-09-09,09:18:36,00:00:22
stefano.crapanzano@chu.ulg.ac.be,Rédaction : Inversion de mercredi - Thunderbird,Helpdesk général,2021-09-09,09:19:00,00:00:02
stefano.crapanzano@chu.ulg.ac.be,Ouverture -Excel,Tâches diverses,2021-09-09,09:19:27,00:00:09
stefano.crapanzano@chu.ulg.ac.be,Ouverture -Excel,Tâches diverses,2021-09-09,09:28:29,00:00:06
stefano.crapanzano@chu.ulg.ac.be,Ouverture -Excel,Tâches diverses,2021-09-09,09:39:02,00:00:04
stefano.crapanzano@chu.ulg.ac.be,Télétravail (à partir du 11-01-21).xlsx - Excel,Tâches diverses,2021-09-09,09:19:37,00:00:11
stefano.crapanzano@chu.ulg.ac.be,SDERP-18743 à relancer - Mozilla Thunderbird,Helpdesk général,2021-09-09,09:20:49,00:00:02
stefano.crapanzano@chu.ulg.ac.be,SDERP-18743 à relancer - Mozilla Thunderbird,Tâches diverses,2021-09-09,09:23:07,00:00:03
stefano.crapanzano@chu.ulg.ac.be,Rédaction : Re: SDERP-18743 à relancer - Thunderbird,Helpdesk général,2021-09-09,09:20:51,00:00:55
stefano.crapanzano@chu.ulg.ac.be,SAM-DB - Google Chrome,Tâches diverses,2021-09-09,09:22:32,00:00:34
stefano.crapanzano@chu.ulg.ac.be,SAM-DB - Google Chrome,Tâches diverses,2021-09-09,11:35:26,00:00:02
stefano.crapanzano@chu.ulg.ac.be,SAM-DB - Google Chrome,Tâches diverses,2021-09-09,11:42:36,00:00:06
stefano.crapanzano@chu.ulg.ac.be,SAM-DB - Google Chrome,Tâches diverses,2021-09-09,11:44:22,00:00:03
stefano.crapanzano@chu.ulg.ac.be,SAM-DB - Google Chrome,Tâches diverses,2021-09-09,11:47:02,00:00:07
stefano.crapanzano@chu.ulg.ac.be,SAM-DB - Google Chrome,Tâches diverses,2021-09-09,11:47:51,00:00:27
stefano.crapanzano@chu.ulg.ac.be,Programmation,IT,2021-09-09,09:23:17,00:00:02
stefano.crapanzano@chu.ulg.ac.be,Programmation,IT,2021-09-09,09:24:56,00:00:06
stefano.crapanzano@chu.ulg.ac.be,Programmation,IT,2021-09-09,09:25:05,00:01:36
stefano.crapanzano@chu.ulg.ac.be,Programmation,IT,2021-09-09,09:45:42,00:00:02
stefano.crapanzano@chu.ulg.ac.be,Programmation,IT,2021-09-09,11:17:46,00:00:58
stefano.crapanzano@chu.ulg.ac.be,Programmation,IT,2021-09-09,11:18:45,00:00:02
stefano.crapanzano@chu.ulg.ac.be,Programmation,IT,2021-09-09,11:18:49,00:00:04
stefano.crapanzano@chu.ulg.ac.be,Programmation,IT,2021-09-09,11:20:24,00:00:13
stefano.crapanzano@chu.ulg.ac.be,Programmation,IT,2021-09-09,11:31:17,00:00:04
stefano.crapanzano@chu.ulg.ac.be,Programmation,IT,2021-09-09,11:48:52,00:00:02
stefano.crapanzano@chu.ulg.ac.be,Programmation,IT,2021-09-09,11:49:21,00:00:42
stefano.crapanzano@chu.ulg.ac.be,Programmation,IT,2021-09-09,11:50:11,00:00:04
stefano.crapanzano@chu.ulg.ac.be,Programmation,IT,2021-09-09,11:50:58,00:00:07
stefano.crapanzano@chu.ulg.ac.be,Programmation,IT,2021-09-09,11:51:17,00:00:06
stefano.crapanzano@chu.ulg.ac.be,Programmation,IT,2021-09-09,11:51:30,00:00:18
stefano.crapanzano@chu.ulg.ac.be,Programmation,IT,2021-09-09,11:52:11,00:03:15
stefano.crapanzano@chu.ulg.ac.be,Programmation,IT,2021-09-09,11:55:29,00:00:34
stefano.crapanzano@chu.ulg.ac.be,Programmation,IT,2021-09-09,11:56:04,00:00:26
stefano.crapanzano@chu.ulg.ac.be,Programmation,IT,2021-09-09,11:56:53,00:00:16
stefano.crapanzano@chu.ulg.ac.be,Programmation,IT,2021-09-09,11:57:18,00:00:22
stefano.crapanzano@chu.ulg.ac.be,Programmation,IT,2021-09-09,11:57:48,00:00:08
stefano.crapanzano@chu.ulg.ac.be,Programmation,IT,2021-09-09,11:58:04,00:00:07
stefano.crapanzano@chu.ulg.ac.be,Programmation,IT,2021-09-09,12:14:16,00:00:40
stefano.crapanzano@chu.ulg.ac.be,Programmation,IT,2021-09-09,12:15:02,00:00:04
stefano.crapanzano@chu.ulg.ac.be,Programmation,IT,2021-09-09,12:15:15,00:00:08
stefano.crapanzano@chu.ulg.ac.be,Programmation,IT,2021-09-09,12:15:33,00:01:08
stefano.crapanzano@chu.ulg.ac.be,Programmation,IT,2021-09-09,12:16:53,00:00:04
stefano.crapanzano@chu.ulg.ac.be,Programmation,IT,2021-09-09,12:17:02,00:00:05
stefano.crapanzano@chu.ulg.ac.be,Programmation,IT,2021-09-09,12:18:21,00:00:13
stefano.crapanzano@chu.ulg.ac.be,Programmation,IT,2021-09-09,12:18:44,00:00:03
stefano.crapanzano@chu.ulg.ac.be,Programmation,IT,2021-09-09,12:19:34,00:00:04
stefano.crapanzano@chu.ulg.ac.be,Programmation,IT,2021-09-09,12:20:29,00:00:08
stefano.crapanzano@chu.ulg.ac.be,Programmation,IT,2021-09-09,12:20:56,00:00:05
stefano.crapanzano@chu.ulg.ac.be,Programmation,IT,2021-09-09,12:21:06,00:00:14
stefano.crapanzano@chu.ulg.ac.be,Programmation,IT,2021-09-09,12:21:24,00:00:06
stefano.crapanzano@chu.ulg.ac.be,Programmation,IT,2021-09-09,12:21:35,00:00:02
stefano.crapanzano@chu.ulg.ac.be,Programmation,IT,2021-09-09,12:21:42,00:00:11
stefano.crapanzano@chu.ulg.ac.be,Programmation,IT,2021-09-09,12:22:27,00:00:02
stefano.crapanzano@chu.ulg.ac.be,Programmation,IT,2021-09-09,12:23:40,00:00:49
stefano.crapanzano@chu.ulg.ac.be,Programmation,IT,2021-09-09,12:24:38,00:00:16
stefano.crapanzano@chu.ulg.ac.be,Programmation,IT,2021-09-09,12:34:57,00:00:36
stefano.crapanzano@chu.ulg.ac.be,Programmation,IT,2021-09-09,12:40:31,00:00:08
stefano.crapanzano@chu.ulg.ac.be,Transaction ENGR non accessible sur X01 - Xperthis ERP4HC 2.0 Rollout - Service d'assistance - Google Chrome,Tâches diverses,2021-09-09,13:07:18,00:00:06
stefano.crapanzano@chu.ulg.ac.be,Nom de l'utilisateur ds fiche utilisateur (1)  130 Entrées trouvées,Exploration SAP,2021-09-09,09:27:27,00:00:14
stefano.crapanzano@chu.ulg.ac.be,SAP,Exploration SAP,2021-09-09,09:27:46,00:00:10
stefano.crapanzano@chu.ulg.ac.be,SAP,Exploration SAP,2021-09-09,09:28:57,00:00:04
stefano.crapanzano@chu.ulg.ac.be,SAP,Exploration SAP,2021-09-09,09:29:05,00:00:03
stefano.crapanzano@chu.ulg.ac.be,SAP,Exploration SAP,2021-09-09,09:29:31,00:00:06
stefano.crapanzano@chu.ulg.ac.be,SAP,Exploration SAP,2021-09-09,09:29:41,00:00:31
stefano.crapanzano@chu.ulg.ac.be,SAP,Exploration SAP,2021-09-09,09:35:10,00:00:10
stefano.crapanzano@chu.ulg.ac.be,SAP,Exploration SAP,2021-09-09,09:36:07,00:00:04
stefano.crapanzano@chu.ulg.ac.be,SAP,Exploration SAP,2021-09-09,09:36:14,00:00:15
stefano.crapanzano@chu.ulg.ac.be,SAP,Exploration SAP,2021-09-09,09:36:35,00:00:06
stefano.crapanzano@chu.ulg.ac.be,SAP,Exploration SAP,2021-09-09,09:36:48,00:00:03
stefano.crapanzano@chu.ulg.ac.be,SAP,Exploration SAP,2021-09-09,09:36:59,00:00:14
stefano.crapanzano@chu.ulg.ac.be,SAP,Exploration SAP,2021-09-09,09:40:23,00:00:13
stefano.crapanzano@chu.ulg.ac.be,SAP,Exploration SAP,2021-09-09,09:40:52,00:00:18
stefano.crapanzano@chu.ulg.ac.be,SAP,Exploration SAP,2021-09-09,09:41:44,00:00:03
stefano.crapanzano@chu.ulg.ac.be,SAP,Exploration SAP,2021-09-09,09:48:24,00:00:04
stefano.crapanzano@chu.ulg.ac.be,SAP,Exploration SAP,2021-09-09,09:52:37,00:00:17
stefano.crapanzano@chu.ulg.ac.be,SAP,Exploration SAP,2021-09-09,09:52:56,00:00:18
stefano.crapanzano@chu.ulg.ac.be,SAP,Exploration SAP,2021-09-09,14:46:36,00:00:10
stefano.crapanzano@chu.ulg.ac.be,chargement_manuel_AD_v2H.xlsm - Excel,Tâches diverses,2021-09-09,09:28:35,00:00:14
stefano.crapanzano@chu.ulg.ac.be,chargement_manuel_AD_v2H.xlsm - Excel,Tâches diverses,2021-09-09,09:28:51,00:00:03
stefano.crapanzano@chu.ulg.ac.be,chargement_manuel_AD_v2H.xlsm - Excel,Tâches diverses,2021-09-09,09:29:17,00:00:08
stefano.crapanzano@chu.ulg.ac.be,chargement_manuel_AD_v2H.xlsm - Excel,Tâches diverses,2021-09-09,09:32:28,00:00:08
stefano.crapanzano@chu.ulg.ac.be,chargement_manuel_AD_v2H.xlsm - Excel,Tâches diverses,2021-09-09,09:33:38,00:00:03
stefano.crapanzano@chu.ulg.ac.be,chargement_manuel_AD_v2H.xlsm - Excel,Tâches diverses,2021-09-09,09:33:53,00:00:12
stefano.crapanzano@chu.ulg.ac.be,chargement_manuel_AD_v2H.xlsm - Excel,Tâches diverses,2021-09-09,09:39:06,00:00:07
stefano.crapanzano@chu.ulg.ac.be,chargement_manuel_AD_v2H.xlsm - Excel,Tâches diverses,2021-09-09,09:39:47,00:00:10
stefano.crapanzano@chu.ulg.ac.be,chargement_manuel_AD_v2H.xlsm - Excel,Tâches diverses,2021-09-09,09:40:43,00:00:06
stefano.crapanzano@chu.ulg.ac.be,chargement_manuel_AD_v2H.xlsm - Excel,Tâches diverses,2021-09-09,09:44:24,00:00:04
stefano.crapanzano@chu.ulg.ac.be,chargement_manuel_AD_v2H.xlsm - Excel,Tâches diverses,2021-09-09,09:47:51,00:00:03
stefano.crapanzano@chu.ulg.ac.be,Copyright,Exploration SAP,2021-09-09,09:41:48,00:00:02
stefano.crapanzano@chu.ulg.ac.be,SAP Easy Access -  Menu pour Gilbert DOHET,Exploration SAP,2021-09-09,09:29:10,00:00:05
stefano.crapanzano@chu.ulg.ac.be,SAP Easy Access -  Menu pour Gilbert DOHET,Exploration SAP,2021-09-09,09:29:25,00:00:02
stefano.crapanzano@chu.ulg.ac.be,Fin de session,Exploration SAP,2021-09-09,09:40:38,00:00:04
stefano.crapanzano@chu.ulg.ac.be,Fin de session,Exploration SAP,2021-09-09,09:41:59,00:00:04
stefano.crapanzano@chu.ulg.ac.be,Info licence en cas de connexion multiple,Exploration SAP,2021-09-09,09:30:12,00:00:03
stefano.crapanzano@chu.ulg.ac.be,Info licence en cas de connexion multiple,Exploration SAP,2021-09-09,14:46:47,00:00:03
stefano.crapanzano@chu.ulg.ac.be,TypeAheadPopup,Exploration SAP,2021-09-09,09:30:24,00:00:02
stefano.crapanzano@chu.ulg.ac.be,TypeAheadPopup,Exploration SAP,2021-09-09,09:30:32,00:00:06
stefano.crapanzano@chu.ulg.ac.be,TypeAheadPopup,Exploration SAP,2021-09-09,09:39:28,00:00:12
stefano.crapanzano@chu.ulg.ac.be,TypeAheadPopup,Exploration SAP,2021-09-09,09:42:29,00:00:03
stefano.crapanzano@chu.ulg.ac.be,Nom de l'utilisateur ds fiche utilisateur (1)  500 Entrées trouvées,Exploration SAP,2021-09-09,09:30:59,00:00:13
stefano.crapanzano@chu.ulg.ac.be,Nom de l'utilisateur ds fiche utilisateur (1) 1572 Entrées trouvées,Exploration SAP,2021-09-09,09:31:12,00:00:51
stefano.crapanzano@chu.ulg.ac.be,Nom de l'utilisateur ds fiche utilisateur (1) 1572 Entrées trouvées,Exploration SAP,2021-09-09,09:32:05,00:00:07
stefano.crapanzano@chu.ulg.ac.be,Nom de l'utilisateur ds fiche utilisateur (1) 1572 Entrées trouvées,Exploration SAP,2021-09-09,09:32:53,00:00:44
stefano.crapanzano@chu.ulg.ac.be,Quels sont les matricules des Utilisateurs Active  - OneNote,Helpdesk général,2021-09-09,11:36:17,00:00:02
stefano.crapanzano@chu.ulg.ac.be,Quels sont les matricules des Utilisateurs Active  - OneNote,Tâches diverses,2021-09-09,12:05:34,00:00:03
stefano.crapanzano@chu.ulg.ac.be,Active Directory Users and Computers,IT,2021-09-09,09:48:11,00:00:02
stefano.crapanzano@chu.ulg.ac.be,Active Directory Users and Computers,IT,2021-09-09,11:35:49,00:00:02
stefano.crapanzano@chu.ulg.ac.be,Rechercher Utilisateurs  contacts et groupes,IT,2021-09-09,09:32:18,00:00:05
stefano.crapanzano@chu.ulg.ac.be,Microsoft Excel,Tâches diverses,2021-09-09,09:33:50,00:00:02
stefano.crapanzano@chu.ulg.ac.be,I:\Informatique\ERP\Securite\Utilisateurs\PDA\ADCHU20210629H.csv - Notepad++ [Administrator],IT,2021-09-09,09:34:29,00:00:03
stefano.crapanzano@chu.ulg.ac.be,I:\Informatique\ERP\Securite\Utilisateurs\PDA\ADCHU20190903_AE2H.csv.bak - Notepad++ [Administrator],IT,2021-09-09,09:37:35,00:00:07
stefano.crapanzano@chu.ulg.ac.be,I:\Informatique\ERP\Securite\Utilisateurs\PDA\USERPDA_20170926.csv - Notepad++ [Administrator],IT,2021-09-09,09:38:10,00:00:03
stefano.crapanzano@chu.ulg.ac.be,I:\Informatique\ERP\Securite\Utilisateurs\PDA\USERPDA_20170926.csv - Notepad++ [Administrator],IT,2021-09-09,09:47:58,00:00:07
stefano.crapanzano@chu.ulg.ac.be,I:\Informatique\ERP\Securite\Utilisateurs\PDA\USERPDA_20170926.csv - Notepad++ [Administrator],IT,2021-09-09,09:53:45,00:00:08
stefano.crapanzano@chu.ulg.ac.be,I:\Informatique\ERP\Securite\Utilisateurs\PDA\USERPDA_20170926.csv - Notepad++ [Administrator],IT,2021-09-09,09:53:59,00:00:02
stefano.crapanzano@chu.ulg.ac.be,SAP Easy Access -  Menu pour Fabian YANS,Exploration SAP,2021-09-09,09:41:50,00:00:08
stefano.crapanzano@chu.ulg.ac.be,Mot de passe utilisateur,Exploration SAP,2021-09-09,09:41:10,00:00:03
stefano.crapanzano@chu.ulg.ac.be,Débloquer utilisateur CHUH172469,Exploration SAP,2021-09-09,09:41:31,00:00:08
stefano.crapanzano@chu.ulg.ac.be,Nom de l'utilisateur ds fiche utilisateur (1)  108 Entrées trouvées,Exploration SAP,2021-09-09,09:45:55,00:00:10
stefano.crapanzano@chu.ulg.ac.be,Modification du mot de passe,Exploration SAP,2021-09-09,09:46:50,00:00:12
stefano.crapanzano@chu.ulg.ac.be,ASP - Application EDI SaaS - Google Chrome,Tâches diverses,2021-09-09,11:36:28,00:00:02
stefano.crapanzano@chu.ulg.ac.be,ASP - Application EDI SaaS - Google Chrome,Tâches diverses,2021-09-09,11:36:31,00:00:09
stefano.crapanzano@chu.ulg.ac.be,Rédaction : Re: Inversion de mercredi - Thunderbird,Helpdesk général,2021-09-09,09:57:41,00:00:36
stefano.crapanzano@chu.ulg.ac.be,Nouvel onglet - Google Chrome,Tâches diverses,2021-09-09,09:58:33,00:00:06
stefano.crapanzano@chu.ulg.ac.be,Nouvel onglet - Google Chrome,Tâches diverses,2021-09-09,11:45:03,00:00:03
stefano.crapanzano@chu.ulg.ac.be,Nouvel onglet - Google Chrome,Tâches diverses,2021-09-09,11:45:20,00:00:08
stefano.crapanzano@chu.ulg.ac.be,Nouvel onglet - Google Chrome,Tâches diverses,2021-09-09,11:58:11,00:00:02
stefano.crapanzano@chu.ulg.ac.be,Nouvel onglet - Google Chrome,Tâches diverses,2021-09-09,11:58:15,00:00:02
stefano.crapanzano@chu.ulg.ac.be,Nouvel onglet - Google Chrome,Tâches diverses,2021-09-09,11:58:18,00:00:02
stefano.crapanzano@chu.ulg.ac.be,Nouvel onglet - Google Chrome,Tâches diverses,2021-09-09,11:58:24,00:00:02
stefano.crapanzano@chu.ulg.ac.be,Nouvel onglet - Google Chrome,Tâches diverses,2021-09-09,11:58:28,00:00:03
stefano.crapanzano@chu.ulg.ac.be,Nouvel onglet - Google Chrome,Tâches diverses,2021-09-09,11:58:33,00:00:16
stefano.crapanzano@chu.ulg.ac.be,Nouvel onglet - Google Chrome,Tâches diverses,2021-09-09,11:59:16,00:00:07
stefano.crapanzano@chu.ulg.ac.be,Nouvel onglet - Google Chrome,Tâches diverses,2021-09-09,12:00:52,00:00:02
stefano.crapanzano@chu.ulg.ac.be,Nouvel onglet - Google Chrome,Tâches diverses,2021-09-09,15:30:04,00:00:03
stefano.crapanzano@chu.ulg.ac.be,https://decis.chu.ulg.ac.be/STPNET/stpnetdll.dll/dQFN8gs2UKoOQNdnjARUha/$/ - Google Chrome,Tâches diverses,2021-09-09,09:58:39,00:00:02
stefano.crapanzano@chu.ulg.ac.be,STP : planning - Google Chrome,Tâches diverses,2021-09-09,09:58:44,00:00:07
stefano.crapanzano@chu.ulg.ac.be,STP : planning - Google Chrome,Tâches diverses,2021-09-09,09:59:13,00:00:12
stefano.crapanzano@chu.ulg.ac.be,STP : planning - Google Chrome,Tâches diverses,2021-09-09,09:59:45,00:00:06
stefano.crapanzano@chu.ulg.ac.be,STP : planning - Google Chrome,Tâches diverses,2021-09-09,10:00:44,00:00:09
stefano.crapanzano@chu.ulg.ac.be,STP : desiderata - Google Chrome,Tâches diverses,2021-09-09,09:58:51,00:00:15
stefano.crapanzano@chu.ulg.ac.be,STP : desiderata - Google Chrome,Tâches diverses,2021-09-09,09:59:10,00:00:02
stefano.crapanzano@chu.ulg.ac.be,STP : desiderata - Google Chrome,Tâches diverses,2021-09-09,09:59:25,00:00:20
stefano.crapanzano@chu.ulg.ac.be,STP : desiderata - Google Chrome,Tâches diverses,2021-09-09,09:59:51,00:00:52
stefano.crapanzano@chu.ulg.ac.be,STP : congés - Google Chrome,Tâches diverses,2021-09-09,10:00:54,00:00:15
stefano.crapanzano@chu.ulg.ac.be,CHU de Liège - Intranet - Google Chrome,Tâches diverses,2021-09-09,10:06:57,00:00:03
stefano.crapanzano@chu.ulg.ac.be,CHU de Liège - Intranet - Google Chrome,Tâches diverses,2021-09-09,10:07:02,00:00:03
stefano.crapanzano@chu.ulg.ac.be,CHU de Liège - Intranet - Google Chrome,Tâches diverses,2021-09-09,11:36:22,00:00:03
stefano.crapanzano@chu.ulg.ac.be,Sans titre - Google Chrome,Tâches diverses,2021-09-09,10:07:06,00:00:07
stefano.crapanzano@chu.ulg.ac.be,Sans titre - Google Chrome,Tâches diverses,2021-09-09,12:06:27,00:00:04
stefano.crapanzano@chu.ulg.ac.be,Sans titre - Google Chrome,Tâches diverses,2021-09-09,12:08:27,00:00:03
stefano.crapanzano@chu.ulg.ac.be,myCHU - Google Chrome,Tâches diverses,2021-09-09,10:08:03,00:01:04
stefano.crapanzano@chu.ulg.ac.be,myCHU - Google Chrome,Tâches diverses,2021-09-09,10:09:13,00:00:02
stefano.crapanzano@chu.ulg.ac.be,myCHU - Google Chrome,Tâches diverses,2021-09-09,10:09:51,00:00:09
stefano.crapanzano@chu.ulg.ac.be,myCHU - Google Chrome,Tâches diverses,2021-09-09,11:01:05,00:00:04
stefano.crapanzano@chu.ulg.ac.be,myCHU - Google Chrome,Tâches diverses,2021-09-09,11:05:53,00:00:02
stefano.crapanzano@chu.ulg.ac.be,myCHU - Google Chrome,Tâches diverses,2021-09-09,11:18:59,00:00:02
stefano.crapanzano@chu.ulg.ac.be,myCHU - Google Chrome,Tâches diverses,2021-09-09,14:45:47,00:00:10
stefano.crapanzano@chu.ulg.ac.be,myCHU - Google Chrome,Helpdesk général,2021-09-09,14:48:29,00:00:24
stefano.crapanzano@chu.ulg.ac.be,myCHU - Google Chrome,Tâches diverses,2021-09-09,14:49:09,00:00:13
stefano.crapanzano@chu.ulg.ac.be,myCHU - Google Chrome,Tâches diverses,2021-09-09,14:53:08,00:00:06
stefano.crapanzano@chu.ulg.ac.be,myCHU - Google Chrome,Tâches diverses,2021-09-09,14:53:35,00:00:04
stefano.crapanzano@chu.ulg.ac.be,myCHU - Google Chrome,Helpdesk général,2021-09-09,15:30:02,00:00:02
stefano.crapanzano@chu.ulg.ac.be,TeamViewer,IT,2021-09-09,11:23:38,00:00:06
stefano.crapanzano@chu.ulg.ac.be,new 1 - Notepad++ [Administrator],IT,2021-09-09,11:21:54,00:00:12
stefano.crapanzano@chu.ulg.ac.be,*new 1 - Notepad++ [Administrator],IT,2021-09-09,11:22:06,00:00:16
stefano.crapanzano@chu.ulg.ac.be,*new 1 - Notepad++ [Administrator],IT,2021-09-09,11:35:53,00:00:03
stefano.crapanzano@chu.ulg.ac.be,Stefano CRAPANZANO - erp.sai@chuliege.be - Mozilla Thunderbird,Helpdesk général,2021-09-09,11:31:08,00:00:06
stefano.crapanzano@chu.ulg.ac.be,Stefano CRAPANZANO - erp.sai@chuliege.be - Mozilla Thunderbird,Helpdesk général,2021-09-09,11:35:34,00:00:03
stefano.crapanzano@chu.ulg.ac.be,Stefano CRAPANZANO - erp.sai@chuliege.be - Mozilla Thunderbird,Helpdesk général,2021-09-09,11:42:31,00:00:03
stefano.crapanzano@chu.ulg.ac.be,Iepacs - sftp://kofaxchu@iepacs.chu.ulg.ac.be - FileZilla,Helpdesk général,2021-09-09,11:37:08,00:00:14
stefano.crapanzano@chu.ulg.ac.be,Iepacs - sftp://kofaxchu@iepacs.chu.ulg.ac.be - FileZilla,Helpdesk général,2021-09-09,14:32:03,00:00:02
stefano.crapanzano@chu.ulg.ac.be,SAM-DB : souci message erreur SAP lors de la commande - Google Chrome,Tâches diverses,2021-09-09,11:42:42,00:01:40
stefano.crapanzano@chu.ulg.ac.be,SAM-DB : souci message erreur SAP lors de la commande - Google Chrome,Tâches diverses,2021-09-09,11:44:27,00:00:22
stefano.crapanzano@chu.ulg.ac.be,SAM-DB : souci message erreur SAP lors de la commande - Google Chrome,Tâches diverses,2021-09-09,11:45:01,00:00:02
stefano.crapanzano@chu.ulg.ac.be,Administration du site | Site d’administration de Django - Google Chrome,Tâches diverses,2021-09-09,11:45:08,00:00:02
stefano.crapanzano@chu.ulg.ac.be,Sélectionnez l’objet task retrieve stock from sap à changer | Site d’administration de Django - Google Chrome,Tâches diverses,2021-09-09,11:45:11,00:00:09
stefano.crapanzano@chu.ulg.ac.be,GOAL - LABO - Google Chrome,Tâches diverses,2021-09-09,11:45:30,00:00:29
stefano.crapanzano@chu.ulg.ac.be,GOAL - LABO - Google Chrome,Tâches diverses,2021-09-09,11:46:50,00:00:12
stefano.crapanzano@chu.ulg.ac.be,Valeur par Type de Magasin,Exploration SAP,2021-09-09,11:46:15,00:00:03
stefano.crapanzano@chu.ulg.ac.be,Valeur par Type de Magasin,Exploration SAP,2021-09-09,11:46:27,00:00:09
stefano.crapanzano@chu.ulg.ac.be,Type de magasin (1)   83 Entrées trouvées,Exploration SAP,2021-09-09,11:46:19,00:00:08
stefano.crapanzano@chu.ulg.ac.be,Gewaardeerde voorraad,Exploration SAP,2021-09-09,11:46:37,00:00:03
stefano.crapanzano@chu.ulg.ac.be,Gewaardeerde voorraad,Exploration SAP,2021-09-09,11:46:45,00:00:03
stefano.crapanzano@chu.ulg.ac.be,Définir valeurs pour critères de filtre,Exploration SAP,2021-09-09,11:46:43,00:00:02
stefano.crapanzano@chu.ulg.ac.be,SAM-DB : Test ERP 2.0 Vérification des robots SAPScript sur X01 - Google Chrome,Tâches diverses,2021-09-09,11:47:09,00:00:42
stefano.crapanzano@chu.ulg.ac.be,SAM-DB : Installation SAP GUI 760 - Google Chrome,Tâches diverses,2021-09-09,11:48:19,00:00:21
stefano.crapanzano@chu.ulg.ac.be,SAM-DB : Installation SAP GUI 760 - Google Chrome,Exploration SAP,2021-09-09,11:48:41,00:00:02
stefano.crapanzano@chu.ulg.ac.be,Page not found at / - Google Chrome,Tâches diverses,2021-09-09,11:56:32,00:00:07
stefano.crapanzano@chu.ulg.ac.be,Page not found at / - Google Chrome,Tâches diverses,2021-09-09,12:16:41,00:00:04
stefano.crapanzano@chu.ulg.ac.be,127.0.0.1:8000/test_form/ - Google Chrome,Tâches diverses,2021-09-09,11:56:39,00:00:08
stefano.crapanzano@chu.ulg.ac.be,127.0.0.1:8000/test_form/ - Google Chrome,Tâches diverses,2021-09-09,11:57:10,00:00:03
stefano.crapanzano@chu.ulg.ac.be,127.0.0.1:8000/test_form/ - Google Chrome,Tâches diverses,2021-09-09,11:57:42,00:00:02
stefano.crapanzano@chu.ulg.ac.be,127.0.0.1:8000/test_form/ - Google Chrome,Tâches diverses,2021-09-09,11:57:56,00:00:07
stefano.crapanzano@chu.ulg.ac.be,127.0.0.1:8000/test_form/ - Google Chrome,Tâches diverses,2021-09-09,12:05:12,00:00:07
stefano.crapanzano@chu.ulg.ac.be,127.0.0.1:8000/test_form/ - Google Chrome,Tâches diverses,2021-09-09,12:06:09,00:00:02
stefano.crapanzano@chu.ulg.ac.be,127.0.0.1:8000/test_form/ - Google Chrome,Tâches diverses,2021-09-09,12:18:36,00:00:08
stefano.crapanzano@chu.ulg.ac.be,127.0.0.1:8000/test_form/ - Google Chrome,Tâches diverses,2021-09-09,12:18:47,00:00:06
stefano.crapanzano@chu.ulg.ac.be,127.0.0.1:8000/test_form/ - Google Chrome,Tâches diverses,2021-09-09,12:20:38,00:00:04
stefano.crapanzano@chu.ulg.ac.be,127.0.0.1:8000/test_form/ - Google Chrome,Tâches diverses,2021-09-09,12:21:31,00:00:04
stefano.crapanzano@chu.ulg.ac.be,127.0.0.1:8000/test_form/ - Google Chrome,Tâches diverses,2021-09-09,12:21:38,00:00:04
stefano.crapanzano@chu.ulg.ac.be,127.0.0.1:8000/test_form/ - Google Chrome,Tâches diverses,2021-09-09,12:22:44,00:00:28
stefano.crapanzano@chu.ulg.ac.be,127.0.0.1:8000/test_form/ - Google Chrome,Tâches diverses,2021-09-09,12:23:16,00:00:02
stefano.crapanzano@chu.ulg.ac.be,127.0.0.1:8000/test_form/ - Google Chrome,Tâches diverses,2021-09-09,12:23:20,00:00:14
stefano.crapanzano@chu.ulg.ac.be,127.0.0.1:8000/test_form/ - Google Chrome,Tâches diverses,2021-09-09,12:24:31,00:00:06
stefano.crapanzano@chu.ulg.ac.be,127.0.0.1:8000/test_form/ - Google Chrome,Tâches diverses,2021-09-09,12:24:58,00:00:34
stefano.crapanzano@chu.ulg.ac.be,127.0.0.1:8000/test_form/ - Google Chrome,Tâches diverses,2021-09-09,12:38:25,00:00:32
stefano.crapanzano@chu.ulg.ac.be,127.0.0.1:8000/test_form/ - Google Chrome,Tâches diverses,2021-09-09,12:39:02,00:00:44
stefano.crapanzano@chu.ulg.ac.be,127.0.0.1:8000/test_form/ - Google Chrome,Tâches diverses,2021-09-09,14:39:40,00:00:04
stefano.crapanzano@chu.ulg.ac.be,Page not found at /your-name/ - Google Chrome,Tâches diverses,2021-09-09,11:56:48,00:00:05
stefano.crapanzano@chu.ulg.ac.be,Page not found at /thanks/ - Google Chrome,Tâches diverses,2021-09-09,11:57:14,00:00:04
stefano.crapanzano@chu.ulg.ac.be,Page not found at /thanks/ - Google Chrome,Tâches diverses,2021-09-09,11:57:44,00:00:03
stefano.crapanzano@chu.ulg.ac.be,Page not found at /thanks/ - Google Chrome,Tâches diverses,2021-09-09,12:23:34,00:00:05
stefano.crapanzano@chu.ulg.ac.be,django form customization - Recherche Google - Google Chrome,Tâches diverses,2021-09-09,11:58:50,00:00:02
stefano.crapanzano@chu.ulg.ac.be,Création de formulaires à partir de modèles | Documentation de Django | Django - Google Chrome,Tâches diverses,2021-09-09,11:58:52,00:00:24
stefano.crapanzano@chu.ulg.ac.be,Création de formulaires à partir de modèles | Documentation de Django | Django - Google Chrome,Tâches diverses,2021-09-09,12:39:46,00:00:02
stefano.crapanzano@chu.ulg.ac.be,django form library - Recherche Google - Google Chrome,Tâches diverses,2021-09-09,11:59:23,00:00:08
stefano.crapanzano@chu.ulg.ac.be,django form library - Recherche Google - Google Chrome,Tâches diverses,2021-09-09,12:00:54,00:00:03
stefano.crapanzano@chu.ulg.ac.be,django form library - Recherche Google - Google Chrome,Tâches diverses,2021-09-09,12:02:24,00:00:03
stefano.crapanzano@chu.ulg.ac.be,Django Packages : Forms - Google Chrome,Tâches diverses,2021-09-09,11:59:32,00:01:04
stefano.crapanzano@chu.ulg.ac.be,Django Packages : Forms - Google Chrome,Tâches diverses,2021-09-09,12:02:28,00:00:06
stefano.crapanzano@chu.ulg.ac.be,Django Packages : Forms - Google Chrome,Tâches diverses,2021-09-09,12:03:52,00:00:02
stefano.crapanzano@chu.ulg.ac.be,Django Packages : Forms - Google Chrome,Tâches diverses,2021-09-09,12:05:05,00:00:03
stefano.crapanzano@chu.ulg.ac.be,Django Packages : django-material - Google Chrome,Tâches diverses,2021-09-09,12:00:36,00:00:15
stefano.crapanzano@chu.ulg.ac.be,Viewflow Demo - Google Chrome,Tâches diverses,2021-09-09,12:00:58,00:00:10
stefano.crapanzano@chu.ulg.ac.be,Échantillon CRUD - Viewflow Demo - Google Chrome,Tâches diverses,2021-09-09,12:01:09,00:00:44
stefano.crapanzano@chu.ulg.ac.be,Forms sample - Viewflow Demo - Google Chrome,Tâches diverses,2021-09-09,12:01:53,00:00:13
stefano.crapanzano@chu.ulg.ac.be,Forms sample - Viewflow Demo - Google Chrome,Tâches diverses,2021-09-09,12:02:10,00:00:14
stefano.crapanzano@chu.ulg.ac.be,Forms sample - Viewflow Demo - Google Chrome,Tâches diverses,2021-09-09,12:04:12,00:00:07
stefano.crapanzano@chu.ulg.ac.be,Forms sample - Viewflow Demo - Google Chrome,Tâches diverses,2021-09-09,12:04:42,00:00:19
stefano.crapanzano@chu.ulg.ac.be,Forms sample - Viewflow Demo - Google Chrome,Tâches diverses,2021-09-09,12:05:10,00:00:02
stefano.crapanzano@chu.ulg.ac.be,Forms sample - Viewflow Demo - Google Chrome,Tâches diverses,2021-09-09,12:06:02,00:00:04
stefano.crapanzano@chu.ulg.ac.be,Forms sample - Viewflow Demo - Google Chrome,Tâches diverses,2021-09-09,12:06:32,00:00:03
stefano.crapanzano@chu.ulg.ac.be,Forms sample - Viewflow Demo - Google Chrome,Tâches diverses,2021-09-09,12:08:20,00:00:07
stefano.crapanzano@chu.ulg.ac.be,Forms sample - Viewflow Demo - Google Chrome,Tâches diverses,2021-09-09,12:09:04,00:00:02
stefano.crapanzano@chu.ulg.ac.be,Forms sample - Viewflow Demo - Google Chrome,Tâches diverses,2021-09-09,12:11:10,00:00:04
stefano.crapanzano@chu.ulg.ac.be,Forms sample - Viewflow Demo - Google Chrome,Tâches diverses,2021-09-09,12:25:33,00:00:04
stefano.crapanzano@chu.ulg.ac.be,Workflow API - Viewflow Demo - Google Chrome,Tâches diverses,2021-09-09,12:02:08,00:00:02
stefano.crapanzano@chu.ulg.ac.be,Django Packages : django-crispy-forms - Google Chrome,Tâches diverses,2021-09-09,12:02:34,00:00:02
stefano.crapanzano@chu.ulg.ac.be,Django Packages : django-crispy-forms - Google Chrome,Tâches diverses,2021-09-09,12:08:30,00:00:03
stefano.crapanzano@chu.ulg.ac.be,django-crispy-forms | Read the Docs - Google Chrome,Tâches diverses,2021-09-09,12:02:36,00:00:14
stefano.crapanzano@chu.ulg.ac.be,django-crispy-forms | Read the Docs - Google Chrome,Tâches diverses,2021-09-09,12:08:34,00:00:06
stefano.crapanzano@chu.ulg.ac.be,Forms have never been this crispy — django-crispy-forms 1.11.1 documentation - Google Chrome,Tâches diverses,2021-09-09,12:02:51,00:00:34
stefano.crapanzano@chu.ulg.ac.be,Forms have never been this crispy — django-crispy-forms 1.11.1 documentation - Google Chrome,Tâches diverses,2021-09-09,12:08:40,00:00:03
stefano.crapanzano@chu.ulg.ac.be,Frequently Asked Questions — django-crispy-forms 1.11.1 documentation - Google Chrome,Tâches diverses,2021-09-09,12:03:26,00:00:06
stefano.crapanzano@chu.ulg.ac.be,Frequently Asked Questions — django-crispy-forms 1.11.1 documentation - Google Chrome,Tâches diverses,2021-09-09,12:08:54,00:00:07
stefano.crapanzano@chu.ulg.ac.be,Frequently Asked Questions — django-crispy-forms 1.11.1 documentation - Google Chrome,Tâches diverses,2021-09-09,12:09:11,00:00:50
stefano.crapanzano@chu.ulg.ac.be,Frequently Asked Questions — django-crispy-forms 1.11.1 documentation - Google Chrome,Tâches diverses,2021-09-09,12:10:26,00:00:04
stefano.crapanzano@chu.ulg.ac.be,twitter bootstrap - Displaying multiple Rows and Columns in django-crispy-forms - Stack Overflow - Google Chrome,Tâches diverses,2021-09-09,12:03:32,00:00:19
stefano.crapanzano@chu.ulg.ac.be,twitter bootstrap - Displaying multiple Rows and Columns in django-crispy-forms - Stack Overflow - Google Chrome,Tâches diverses,2021-09-09,12:03:56,00:00:09
stefano.crapanzano@chu.ulg.ac.be,twitter bootstrap - Displaying multiple Rows and Columns in django-crispy-forms - Stack Overflow - Google Chrome,Tâches diverses,2021-09-09,12:04:20,00:00:22
stefano.crapanzano@chu.ulg.ac.be,twitter bootstrap - Displaying multiple Rows and Columns in django-crispy-forms - Stack Overflow - Google Chrome,Tâches diverses,2021-09-09,12:05:02,00:00:02
stefano.crapanzano@chu.ulg.ac.be,twitter bootstrap - Displaying multiple Rows and Columns in django-crispy-forms - Stack Overflow - Google Chrome,Tâches diverses,2021-09-09,12:09:02,00:00:02
stefano.crapanzano@chu.ulg.ac.be,twitter bootstrap - Displaying multiple Rows and Columns in django-crispy-forms - Stack Overflow - Google Chrome,Tâches diverses,2021-09-09,12:09:06,00:00:04
stefano.crapanzano@chu.ulg.ac.be,SAM-DB : Recherche de l'administrateur de console SAP profile.exe - Google Chrome,Tâches diverses,2021-09-09,12:05:48,00:00:14
stefano.crapanzano@chu.ulg.ac.be,Installation — django-crispy-forms 1.11.1 documentation - Google Chrome,Tâches diverses,2021-09-09,12:08:44,00:00:10
stefano.crapanzano@chu.ulg.ac.be,Installation — django-crispy-forms 1.11.1 documentation - Google Chrome,Tâches diverses,2021-09-09,12:10:30,00:00:04
stefano.crapanzano@chu.ulg.ac.be,Installation — django-crispy-forms 1.11.1 documentation - Google Chrome,Tâches diverses,2021-09-09,12:11:36,00:00:13
stefano.crapanzano@chu.ulg.ac.be,Installation — django-crispy-forms 1.11.1 documentation - Google Chrome,Tâches diverses,2021-09-09,12:12:41,00:00:16
stefano.crapanzano@chu.ulg.ac.be,Installation — django-crispy-forms 1.11.1 documentation - Google Chrome,Tâches diverses,2021-09-09,12:14:57,00:00:04
stefano.crapanzano@chu.ulg.ac.be,Installation — django-crispy-forms 1.11.1 documentation - Google Chrome,Tâches diverses,2021-09-09,12:16:58,00:00:03
stefano.crapanzano@chu.ulg.ac.be,Installation — django-crispy-forms 1.11.1 documentation - Google Chrome,Tâches diverses,2021-09-09,12:25:41,00:00:06
stefano.crapanzano@chu.ulg.ac.be,How to render Django forms.ChoiceField as Twitter Bootstrap dropdown - Stack Overflow - Google Chrome,Tâches diverses,2021-09-09,12:10:02,00:00:24
stefano.crapanzano@chu.ulg.ac.be,Layouts — django-crispy-forms 1.11.1 documentation - Google Chrome,Tâches diverses,2021-09-09,12:10:35,00:00:34
stefano.crapanzano@chu.ulg.ac.be,Layouts — django-crispy-forms 1.11.1 documentation - Google Chrome,Tâches diverses,2021-09-09,12:11:16,00:00:06
stefano.crapanzano@chu.ulg.ac.be,crispy filter — django-crispy-forms 1.11.1 documentation - Google Chrome,Tâches diverses,2021-09-09,12:11:22,00:00:14
stefano.crapanzano@chu.ulg.ac.be,Page Not Found - Superawesome - Google Chrome,Tâches diverses,2021-09-09,12:11:50,00:00:07
stefano.crapanzano@chu.ulg.ac.be,Digital Product Design  Serbia — Superawesome - Google Chrome,Tâches diverses,2021-09-09,12:11:57,00:00:26
stefano.crapanzano@chu.ulg.ac.be,uniform django - Recherche Google - Google Chrome,Tâches diverses,2021-09-09,12:12:59,00:00:08
stefano.crapanzano@chu.ulg.ac.be,django-uni-form — django-uni-form 0.9.0 documentation - Google Chrome,Tâches diverses,2021-09-09,12:12:24,00:00:15
stefano.crapanzano@chu.ulg.ac.be,sprawsm uni-form django - Recherche Google - Google Chrome,Tâches diverses,2021-09-09,12:13:08,00:00:10
stefano.crapanzano@chu.ulg.ac.be,AlamoudiAM/django-crispy-forms - githubmemory - Google Chrome,Tâches diverses,2021-09-09,12:13:18,00:00:08
stefano.crapanzano@chu.ulg.ac.be,AlamoudiAM/django-crispy-forms - githubmemory - Google Chrome,Tâches diverses,2021-09-09,12:13:34,00:00:10
stefano.crapanzano@chu.ulg.ac.be,AlamoudiAM/django-crispy-forms - githubmemory - Google Chrome,Tâches diverses,2021-09-09,12:19:40,00:00:02
stefano.crapanzano@chu.ulg.ac.be,AlamoudiAM/django-crispy-forms - githubmemory - Google Chrome,Tâches diverses,2021-09-09,12:21:58,00:00:02
stefano.crapanzano@chu.ulg.ac.be,AlamoudiAM/django-crispy-forms - githubmemory - Google Chrome,Tâches diverses,2021-09-09,12:22:07,00:00:03
stefano.crapanzano@chu.ulg.ac.be,LSREg.png (840×718) - Google Chrome,Tâches diverses,2021-09-09,12:13:27,00:00:07
stefano.crapanzano@chu.ulg.ac.be,LSREg.png (840×718) - Google Chrome,Tâches diverses,2021-09-09,12:22:01,00:00:06
stefano.crapanzano@chu.ulg.ac.be,django-crispy-forms bootstrap form example · GitHub - Google Chrome,Tâches diverses,2021-09-09,12:13:46,00:00:17
stefano.crapanzano@chu.ulg.ac.be,django-crispy-forms bootstrap form example · GitHub - Google Chrome,Tâches diverses,2021-09-09,12:15:06,00:00:07
stefano.crapanzano@chu.ulg.ac.be,django-crispy-forms bootstrap form example · GitHub - Google Chrome,Tâches diverses,2021-09-09,12:15:24,00:00:09
stefano.crapanzano@chu.ulg.ac.be,django-crispy-forms bootstrap form example · GitHub - Google Chrome,Tâches diverses,2021-09-09,12:17:16,00:00:33
stefano.crapanzano@chu.ulg.ac.be,django-crispy-forms bootstrap form example · GitHub - Google Chrome,Tâches diverses,2021-09-09,12:22:10,00:00:15
stefano.crapanzano@chu.ulg.ac.be,django-crispy-forms bootstrap form example · GitHub - Google Chrome,Tâches diverses,2021-09-09,14:39:45,00:02:06
stefano.crapanzano@chu.ulg.ac.be,TemplateSyntaxError at /test_form/ - Google Chrome,Tâches diverses,2021-09-09,12:16:46,00:00:07
stefano.crapanzano@chu.ulg.ac.be,Test - Google Chrome,Tâches diverses,2021-09-09,12:17:09,00:00:07
stefano.crapanzano@chu.ulg.ac.be,GitHub - arindam31/Django_TravelBlog: This is my personal Tourism Blog Site - Google Chrome,Tâches diverses,2021-09-09,12:17:50,00:00:08
stefano.crapanzano@chu.ulg.ac.be,GitHub - arindam31/Django_TravelBlog: This is my personal Tourism Blog Site - Google Chrome,Tâches diverses,2021-09-09,12:18:00,00:00:02
stefano.crapanzano@chu.ulg.ac.be,GitHub - arindam31/Django_TravelBlog: This is my personal Tourism Blog Site - Google Chrome,Tâches diverses,2021-09-09,12:19:14,00:00:02
stefano.crapanzano@chu.ulg.ac.be,GitHub - arindam31/Django_TravelBlog: This is my personal Tourism Blog Site - Google Chrome,Tâches diverses,2021-09-09,12:20:06,00:00:03
stefano.crapanzano@chu.ulg.ac.be,Django_TravelBlog/Django_TravelBlog at master · arindam31/Django_TravelBlog · GitHub - Google Chrome,Tâches diverses,2021-09-09,12:20:10,00:00:02
stefano.crapanzano@chu.ulg.ac.be,Django_TravelBlog/blog at master · arindam31/Django_TravelBlog · GitHub - Google Chrome,Tâches diverses,2021-09-09,12:18:02,00:00:02
stefano.crapanzano@chu.ulg.ac.be,Django_TravelBlog/blog at master · arindam31/Django_TravelBlog · GitHub - Google Chrome,Tâches diverses,2021-09-09,12:19:03,00:00:03
stefano.crapanzano@chu.ulg.ac.be,Django_TravelBlog/blog/templates/blog at master · arindam31/Django_TravelBlog · GitHub - Google Chrome,Tâches diverses,2021-09-09,12:18:58,00:00:03
stefano.crapanzano@chu.ulg.ac.be,Django_TravelBlog/base.html at master · arindam31/Django_TravelBlog · GitHub - Google Chrome,Tâches diverses,2021-09-09,12:18:06,00:00:15
stefano.crapanzano@chu.ulg.ac.be,Django_TravelBlog/base.html at master · arindam31/Django_TravelBlog · GitHub - Google Chrome,Tâches diverses,2021-09-09,12:18:53,00:00:04
stefano.crapanzano@chu.ulg.ac.be,Django_TravelBlog/base.html at master · arindam31/Django_TravelBlog · GitHub - Google Chrome,Tâches diverses,2021-09-09,12:20:16,00:00:13
stefano.crapanzano@chu.ulg.ac.be,Django_TravelBlog/base.html at master · arindam31/Django_TravelBlog · GitHub - Google Chrome,Tâches diverses,2021-09-09,12:20:44,00:00:10
stefano.crapanzano@chu.ulg.ac.be,Django_TravelBlog/base.html at master · arindam31/Django_TravelBlog · GitHub - Google Chrome,Tâches diverses,2021-09-09,12:21:55,00:00:02
stefano.crapanzano@chu.ulg.ac.be,Django_TravelBlog/base.html at master · arindam31/Django_TravelBlog · GitHub - Google Chrome,Tâches diverses,2021-09-09,12:22:29,00:00:14
stefano.crapanzano@chu.ulg.ac.be,Django_TravelBlog/base.html at master · arindam31/Django_TravelBlog · GitHub - Google Chrome,Tâches diverses,2021-09-09,12:23:13,00:00:03
stefano.crapanzano@chu.ulg.ac.be,Django_TravelBlog/base.html at master · arindam31/Django_TravelBlog · GitHub - Google Chrome,Tâches diverses,2021-09-09,12:25:38,00:00:02
stefano.crapanzano@chu.ulg.ac.be,Django_TravelBlog/media at master · arindam31/Django_TravelBlog · GitHub - Google Chrome,Tâches diverses,2021-09-09,12:19:08,00:00:06
stefano.crapanzano@chu.ulg.ac.be,Django_TravelBlog/static/css at master · arindam31/Django_TravelBlog · GitHub - Google Chrome,Tâches diverses,2021-09-09,12:19:17,00:00:03
stefano.crapanzano@chu.ulg.ac.be,Django_TravelBlog/style.css at master · arindam31/Django_TravelBlog · GitHub - Google Chrome,Tâches diverses,2021-09-09,12:19:21,00:00:13
stefano.crapanzano@chu.ulg.ac.be,Django_TravelBlog/style.css at master · arindam31/Django_TravelBlog · GitHub - Google Chrome,Tâches diverses,2021-09-09,12:19:42,00:00:22
stefano.crapanzano@chu.ulg.ac.be,NoReverseMatch at /test_form/ - Google Chrome,Tâches diverses,2021-09-09,12:21:03,00:00:03
stefano.crapanzano@chu.ulg.ac.be,NoReverseMatch at /test_form/ - Google Chrome,Tâches diverses,2021-09-09,12:21:20,00:00:03
stefano.crapanzano@chu.ulg.ac.be,{% crispy %} tag with forms — django-crispy-forms 1.11.1 documentation - Google Chrome,Tâches diverses,2021-09-09,12:25:47,00:00:10
stefano.crapanzano@chu.ulg.ac.be,Rédaction : Changement de compte en banque - Thunderbird,Helpdesk général,2021-09-09,12:37:20,00:00:53
stefano.crapanzano@chu.ulg.ac.be,Rédaction : Changement de compte en banque - Thunderbird,Helpdesk général,2021-09-09,14:05:04,00:01:46
stefano.crapanzano@chu.ulg.ac.be,Demandes - Service d'assistance - Google Chrome,Tâches diverses,2021-09-09,13:07:24,00:00:20
stefano.crapanzano@chu.ulg.ac.be,Demandes - Service d'assistance - Google Chrome,Tâches diverses,2021-09-09,13:07:54,00:00:10
stefano.crapanzano@chu.ulg.ac.be,Demandes - Service d'assistance - Google Chrome,Tâches diverses,2021-09-09,13:08:13,00:00:02
stefano.crapanzano@chu.ulg.ac.be,Demandes - Service d'assistance - Google Chrome,Tâches diverses,2021-09-09,13:08:26,00:00:14
stefano.crapanzano@chu.ulg.ac.be,Demandes - Service d'assistance - Google Chrome,Tâches diverses,2021-09-09,13:08:43,00:00:07
stefano.crapanzano@chu.ulg.ac.be,Demandes - Service d'assistance - Google Chrome,Tâches diverses,2021-09-09,13:09:22,00:00:16
stefano.crapanzano@chu.ulg.ac.be,Demandes - Service d'assistance - Google Chrome,Tâches diverses,2021-09-09,13:10:37,00:00:27
stefano.crapanzano@chu.ulg.ac.be,Demandes - Service d'assistance - Google Chrome,Helpdesk général,2021-09-09,13:11:09,00:00:04
stefano.crapanzano@chu.ulg.ac.be,Demandes - Service d'assistance - Google Chrome,Tâches diverses,2021-09-09,13:12:45,00:00:09
stefano.crapanzano@chu.ulg.ac.be,Demandes - Service d'assistance - Google Chrome,Tâches diverses,2021-09-09,13:19:52,00:00:02
stefano.crapanzano@chu.ulg.ac.be,Demandes - Service d'assistance - Google Chrome,Tâches diverses,2021-09-09,14:39:38,00:00:02
stefano.crapanzano@chu.ulg.ac.be,Création d'un Idoc en erreur suite à l'exécution du job C203_ZMMOPLBARCODE1_ZHUL dans X01: aucune réservation créée - Xperthis ERP4HC 2.0 Rollout - Service d'assistance - Google Chrome,Tâches diverses,2021-09-09,13:07:44,00:00:09
stefano.crapanzano@chu.ulg.ac.be,P203 - Test X01 pour ERP4HC2.0 : pas d'aperçu avant impression sur ME23N - Xperthis ERP4HC 2.0 Rollout - Service d'assistance - Google Chrome,Tâches diverses,2021-09-09,13:08:04,00:00:08
stefano.crapanzano@chu.ulg.ac.be,L'adresse IP 153.89.126.135 n'est (toujours) pas accessible  malgré la demande faite dans le ticket SDERP-18907 - Xperthis ERP4HC 2.0 Rollout - Service d'assistance - Google Chrome,Tâches diverses,2021-09-09,13:08:21,00:00:04
stefano.crapanzano@chu.ulg.ac.be,ME23N: L'APERCU AVANT DU BON DE COMMANDE DE FONCTIONNE PAS DANS LES 2 ENVIRRONENEMNTS - Xperthis ERP4HC 2.0 Rollout - Service d'assistance - Google Chrome,Tâches diverses,2021-09-09,13:08:40,00:00:02
stefano.crapanzano@chu.ulg.ac.be,P203 CHR Modification données email fournisseur PART (PE2) - Xperthis ERP4HC 1.0 - Service d'assistance - Google Chrome,Tâches diverses,2021-09-09,13:08:50,00:00:32
stefano.crapanzano@chu.ulg.ac.be,Accès à LIEGE_CHU pour tous les utilisateurs de JIRA - Xperthis ERP4HC 2.0 Rollout - Service d'assistance - Google Chrome,Tâches diverses,2021-09-09,13:09:39,00:00:57
stefano.crapanzano@chu.ulg.ac.be,Accès à LIEGE_CHU pour tous les utilisateurs de JIRA - Xperthis ERP4HC 2.0 Rollout - Service d'assistance - Google Chrome,Tâches diverses,2021-09-09,13:11:13,00:01:20
stefano.crapanzano@chu.ulg.ac.be,Accès à LIEGE_CHU pour tous les utilisateurs de JIRA - Xperthis ERP4HC 2.0 Rollout - Service d'assistance - Google Chrome,Tâches diverses,2021-09-09,13:12:40,00:00:04
stefano.crapanzano@chu.ulg.ac.be,Greenshot capture form,Helpdesk général,2021-09-09,13:11:04,00:00:04
stefano.crapanzano@chu.ulg.ac.be,Greenshot capture form,Helpdesk général,2021-09-09,16:06:57,00:00:04
stefano.crapanzano@chu.ulg.ac.be,Ouvrir,Tâches diverses,2021-09-09,13:12:34,00:00:06
stefano.crapanzano@chu.ulg.ac.be,Envoyés - stefano.crapanzano@chuliege.be - Mozilla Thunderbird,Helpdesk général,2021-09-09,14:06:54,00:02:44
stefano.crapanzano@chu.ulg.ac.be,Envoyés - stefano.crapanzano@chuliege.be - Mozilla Thunderbird,Helpdesk général,2021-09-09,14:38:22,00:00:08
stefano.crapanzano@chu.ulg.ac.be,Envoyés - stefano.crapanzano@chuliege.be - Mozilla Thunderbird,Helpdesk général,2021-09-09,14:41:53,00:00:54
stefano.crapanzano@chu.ulg.ac.be,\\appsaiadm.st.chulg\ERP\Config\sapgui_launcher.bat - Notepad++ [Administrator],IT,2021-09-09,14:14:25,00:00:04
stefano.crapanzano@chu.ulg.ac.be,Rédaction : Re: Scanning feuilles de route FRCHR : fichiers bizarres dans le 0000/000/000 - Thunderbird,Helpdesk général,2021-09-09,14:31:10,00:00:27
stefano.crapanzano@chu.ulg.ac.be,Rédaction : Re: Scanning feuilles de route FRCHR : fichiers bizarres dans le 0000/000/000 - Thunderbird,Helpdesk général,2021-09-09,14:32:26,00:01:34
stefano.crapanzano@chu.ulg.ac.be,Rédaction : Re: Scanning feuilles de route FRCHR : fichiers bizarres dans le 0000/000/000 - Thunderbird,Helpdesk général,2021-09-09,14:34:04,00:00:57
stefano.crapanzano@chu.ulg.ac.be,Gestionnaire de Sites,Helpdesk général,2021-09-09,14:32:05,00:00:06
stefano.crapanzano@chu.ulg.ac.be,CHR_FRCHR - sftp://kofax@secure.chrcitadelle.be - FileZilla,Helpdesk général,2021-09-09,14:32:12,00:00:11
stefano.crapanzano@chu.ulg.ac.be,CHR_FRCHR - sftp://kofax@secure.chrcitadelle.be - FileZilla,Helpdesk général,2021-09-09,14:35:04,00:00:02
stefano.crapanzano@chu.ulg.ac.be,Rédaction : Fwd: X01 - Application GERA - Thunderbird,Helpdesk général,2021-09-09,14:35:33,00:01:19
stefano.crapanzano@chu.ulg.ac.be,Rédaction : Fwd: X01 - Application GERA - Thunderbird,Helpdesk général,2021-09-09,14:37:47,00:00:28
stefano.crapanzano@chu.ulg.ac.be,Rédaction : Fwd: X01 - Application GERA - Thunderbird,Helpdesk général,2021-09-09,14:39:09,00:00:28
stefano.crapanzano@chu.ulg.ac.be,Rédaction : Fwd: X01 - Application GERA - Thunderbird,Helpdesk général,2021-09-09,14:42:54,00:02:49
stefano.crapanzano@chu.ulg.ac.be,Rédaction : Fwd: X01 - Application GERA - Thunderbird,Helpdesk général,2021-09-09,14:45:59,00:00:30
stefano.crapanzano@chu.ulg.ac.be,Rédaction : Fwd: X01 - Application GERA - Thunderbird,Helpdesk général,2021-09-09,14:48:53,00:00:16
stefano.crapanzano@chu.ulg.ac.be,Rédaction : Fwd: X01 - Application GERA - Thunderbird,Helpdesk général,2021-09-09,14:49:23,00:03:43
stefano.crapanzano@chu.ulg.ac.be,gera - Mozilla Thunderbird,Helpdesk général,2021-09-09,14:36:57,00:00:08
stefano.crapanzano@chu.ulg.ac.be,gera webservice nefnifi - Mozilla Thunderbird,Helpdesk général,2021-09-09,14:37:05,00:00:03
stefano.crapanzano@chu.ulg.ac.be,ERP4HC2.0 - Tests Cycle 2: WSDL for Webservices - Mozilla Thunderbird,Helpdesk général,2021-09-09,14:37:09,00:00:38
stefano.crapanzano@chu.ulg.ac.be,SAPconnect : ordres d'envoi de 08.09.2021 à 09.09.2021,Exploration SAP,2021-09-09,14:46:54,00:00:12
stefano.crapanzano@chu.ulg.ac.be,SAPconnect : ordres d'envoi de 01.09.2021 à 09.09.2021,Exploration SAP,2021-09-09,14:47:06,00:00:09
stefano.crapanzano@chu.ulg.ac.be,SAPconnect : ordres d'envoi de 01.05.2021 à 09.09.2021,Exploration SAP,2021-09-09,14:47:15,00:01:12
stefano.crapanzano@chu.ulg.ac.be,Helpdesk ATI - Db Hardware Prod - Google Chrome,Tâches diverses,2021-09-09,15:30:08,00:00:08
stefano.crapanzano@chu.ulg.ac.be,dsl-w-logpat02 - Netop Remote Control,Helpdesk général,2021-09-09,15:30:25,00:05:57
