Email,Description,Project,Start date,Start time,Duration
stefano.crapanzano@chu.ulg.ac.be,Administrateur : Perl (command line) - python  main.py,IT,2021-06-01,08:34:53,00:00:04
stefano.crapanzano@chu.ulg.ac.be,Envoyés - stefano.crapanzano@chuliege.be - Mozilla Thunderbird,IT,2021-06-01,08:34:57,00:00:02
stefano.crapanzano@chu.ulg.ac.be,Envoyés - stefano.crapanzano@chuliege.be - Mozilla Thunderbird,Helpdesk général,2021-06-01,08:36:54,00:02:26
stefano.crapanzano@chu.ulg.ac.be,Envoyés - stefano.crapanzano@chuliege.be - Mozilla Thunderbird,Helpdesk général,2021-06-01,11:33:20,00:19:10
stefano.crapanzano@chu.ulg.ac.be,Envoyés - stefano.crapanzano@chuliege.be - Mozilla Thunderbird,Helpdesk général,2021-06-01,11:53:25,00:00:02
stefano.crapanzano@chu.ulg.ac.be,Envoyés - stefano.crapanzano@chuliege.be - Mozilla Thunderbird,Helpdesk général,2021-06-01,11:53:38,00:07:17
stefano.crapanzano@chu.ulg.ac.be,Envoyés - stefano.crapanzano@chuliege.be - Mozilla Thunderbird,Helpdesk général,2021-06-01,12:01:30,00:59:51
stefano.crapanzano@chu.ulg.ac.be,Envoyés - stefano.crapanzano@chuliege.be - Mozilla Thunderbird,Helpdesk général,2021-06-01,13:04:49,00:00:29
stefano.crapanzano@chu.ulg.ac.be,Envoyés - stefano.crapanzano@chuliege.be - Mozilla Thunderbird,Helpdesk général,2021-06-01,13:05:35,00:00:04
stefano.crapanzano@chu.ulg.ac.be,Envoyés - stefano.crapanzano@chuliege.be - Mozilla Thunderbird,Helpdesk général,2021-06-01,13:15:36,00:00:03
stefano.crapanzano@chu.ulg.ac.be,Courrier entrant - erp.sai@chuliege.be - Mozilla Thunderbird,Helpdesk général,2021-06-01,08:35:00,00:01:54
stefano.crapanzano@chu.ulg.ac.be,Courrier entrant - erp.sai@chuliege.be - Mozilla Thunderbird,Helpdesk général,2021-06-01,08:50:48,00:00:13
stefano.crapanzano@chu.ulg.ac.be,Courrier entrant - erp.sai@chuliege.be - Mozilla Thunderbird,Helpdesk général,2021-06-01,08:51:35,00:00:02
stefano.crapanzano@chu.ulg.ac.be,Courrier entrant - erp.sai@chuliege.be - Mozilla Thunderbird,Helpdesk général,2021-06-01,09:01:07,00:00:05
stefano.crapanzano@chu.ulg.ac.be,Courrier entrant - erp.sai@chuliege.be - Mozilla Thunderbird,Helpdesk général,2021-06-01,09:06:05,00:00:11
stefano.crapanzano@chu.ulg.ac.be,Courrier entrant - erp.sai@chuliege.be - Mozilla Thunderbird,Helpdesk général,2021-06-01,09:18:03,00:00:04
stefano.crapanzano@chu.ulg.ac.be,Courrier entrant - erp.sai@chuliege.be - Mozilla Thunderbird,Helpdesk général,2021-06-01,09:25:10,00:00:03
stefano.crapanzano@chu.ulg.ac.be,Courrier entrant - erp.sai@chuliege.be - Mozilla Thunderbird,Helpdesk général,2021-06-01,09:28:31,00:00:13
stefano.crapanzano@chu.ulg.ac.be,Courrier entrant - erp.sai@chuliege.be - Mozilla Thunderbird,Helpdesk général,2021-06-01,09:30:50,00:00:03
stefano.crapanzano@chu.ulg.ac.be,Courrier entrant - erp.sai@chuliege.be - Mozilla Thunderbird,Helpdesk général,2021-06-01,09:31:45,00:00:02
stefano.crapanzano@chu.ulg.ac.be,Courrier entrant - erp.sai@chuliege.be - Mozilla Thunderbird,Helpdesk général,2021-06-01,10:44:08,00:00:08
stefano.crapanzano@chu.ulg.ac.be,Courrier entrant - erp.sai@chuliege.be - Mozilla Thunderbird,Helpdesk général,2021-06-01,10:44:19,00:00:02
stefano.crapanzano@chu.ulg.ac.be,Courrier entrant - erp.sai@chuliege.be - Mozilla Thunderbird,Helpdesk général,2021-06-01,10:45:47,00:00:02
stefano.crapanzano@chu.ulg.ac.be,Courrier entrant - erp.sai@chuliege.be - Mozilla Thunderbird,Helpdesk général,2021-06-01,10:47:05,00:00:07
stefano.crapanzano@chu.ulg.ac.be,Courrier entrant - erp.sai@chuliege.be - Mozilla Thunderbird,Helpdesk général,2021-06-01,10:58:26,00:00:12
stefano.crapanzano@chu.ulg.ac.be,Courrier entrant - erp.sai@chuliege.be - Mozilla Thunderbird,Helpdesk général,2021-06-01,10:59:36,00:00:18
stefano.crapanzano@chu.ulg.ac.be,Courrier entrant - erp.sai@chuliege.be - Mozilla Thunderbird,Helpdesk général,2021-06-01,11:22:38,00:00:13
stefano.crapanzano@chu.ulg.ac.be,Courrier entrant - erp.sai@chuliege.be - Mozilla Thunderbird,Helpdesk général,2021-06-01,11:28:25,00:00:03
stefano.crapanzano@chu.ulg.ac.be,Courrier entrant - erp.sai@chuliege.be - Mozilla Thunderbird,Helpdesk général,2021-06-01,13:15:39,00:00:06
stefano.crapanzano@chu.ulg.ac.be,Courrier entrant - erp.sai@chuliege.be - Mozilla Thunderbird,Helpdesk général,2021-06-01,13:15:53,00:00:04
stefano.crapanzano@chu.ulg.ac.be,Courrier entrant - erp.sai@chuliege.be - Mozilla Thunderbird,Helpdesk général,2021-06-01,13:17:26,00:00:02
stefano.crapanzano@chu.ulg.ac.be,Courrier entrant - erp.sai@chuliege.be - Mozilla Thunderbird,Helpdesk général,2021-06-01,13:19:51,00:00:02
stefano.crapanzano@chu.ulg.ac.be,Courrier entrant - erp.sai@chuliege.be - Mozilla Thunderbird,Helpdesk général,2021-06-01,13:21:37,00:00:04
stefano.crapanzano@chu.ulg.ac.be,Courrier entrant - erp.sai@chuliege.be - Mozilla Thunderbird,Helpdesk général,2021-06-01,13:23:00,00:00:04
stefano.crapanzano@chu.ulg.ac.be,Courrier entrant - erp.sai@chuliege.be - Mozilla Thunderbird,Helpdesk général,2021-06-01,13:29:55,00:00:07
stefano.crapanzano@chu.ulg.ac.be,Courrier entrant - erp.sai@chuliege.be - Mozilla Thunderbird,Helpdesk général,2021-06-01,13:55:01,00:00:09
stefano.crapanzano@chu.ulg.ac.be,Courrier entrant - erp.sai@chuliege.be - Mozilla Thunderbird,Helpdesk général,2021-06-01,13:56:29,00:00:13
stefano.crapanzano@chu.ulg.ac.be,Courrier entrant - erp.sai@chuliege.be - Mozilla Thunderbird,Helpdesk général,2021-06-01,14:00:48,00:00:24
stefano.crapanzano@chu.ulg.ac.be,Courrier entrant - erp.sai@chuliege.be - Mozilla Thunderbird,Helpdesk général,2021-06-01,15:29:14,00:00:03
stefano.crapanzano@chu.ulg.ac.be,Courrier entrant - erp.sai@chuliege.be - Mozilla Thunderbird,Helpdesk général,2021-06-01,15:48:11,00:00:24
stefano.crapanzano@chu.ulg.ac.be,Courrier entrant - erp.sai@chuliege.be - Mozilla Thunderbird,Helpdesk général,2021-06-01,15:48:54,00:00:06
stefano.crapanzano@chu.ulg.ac.be,Courrier entrant - erp.sai@chuliege.be - Mozilla Thunderbird,Helpdesk général,2021-06-01,15:58:27,00:00:04
stefano.crapanzano@chu.ulg.ac.be,Navigation système de fichier,IT,2021-06-01,08:39:20,00:00:02
stefano.crapanzano@chu.ulg.ac.be,Navigation système de fichier,IT,2021-06-01,08:51:02,00:00:33
stefano.crapanzano@chu.ulg.ac.be,Navigation système de fichier,IT,2021-06-01,08:51:37,00:00:02
stefano.crapanzano@chu.ulg.ac.be,Navigation système de fichier,IT,2021-06-01,08:52:07,00:00:13
stefano.crapanzano@chu.ulg.ac.be,Navigation système de fichier,IT,2021-06-01,08:52:27,00:00:39
stefano.crapanzano@chu.ulg.ac.be,Navigation système de fichier,IT,2021-06-01,08:54:03,00:00:13
stefano.crapanzano@chu.ulg.ac.be,Navigation système de fichier,IT,2021-06-01,08:57:54,00:00:34
stefano.crapanzano@chu.ulg.ac.be,Navigation système de fichier,IT,2021-06-01,08:58:33,00:00:02
stefano.crapanzano@chu.ulg.ac.be,Navigation système de fichier,IT,2021-06-01,09:09:47,00:00:06
stefano.crapanzano@chu.ulg.ac.be,Navigation système de fichier,IT,2021-06-01,09:10:21,00:00:22
stefano.crapanzano@chu.ulg.ac.be,Navigation système de fichier,IT,2021-06-01,09:11:09,00:00:33
stefano.crapanzano@chu.ulg.ac.be,Navigation système de fichier,IT,2021-06-01,09:11:44,00:00:17
stefano.crapanzano@chu.ulg.ac.be,Navigation système de fichier,IT,2021-06-01,09:12:14,00:00:07
stefano.crapanzano@chu.ulg.ac.be,Navigation système de fichier,IT,2021-06-01,09:14:24,00:00:10
stefano.crapanzano@chu.ulg.ac.be,Navigation système de fichier,IT,2021-06-01,09:15:01,00:00:04
stefano.crapanzano@chu.ulg.ac.be,Navigation système de fichier,IT,2021-06-01,09:15:08,00:00:04
stefano.crapanzano@chu.ulg.ac.be,Navigation système de fichier,IT,2021-06-01,09:15:15,00:00:03
stefano.crapanzano@chu.ulg.ac.be,Navigation système de fichier,IT,2021-06-01,09:15:29,00:00:14
stefano.crapanzano@chu.ulg.ac.be,Navigation système de fichier,IT,2021-06-01,09:16:13,00:00:03
stefano.crapanzano@chu.ulg.ac.be,Navigation système de fichier,IT,2021-06-01,09:16:32,00:00:02
stefano.crapanzano@chu.ulg.ac.be,Navigation système de fichier,IT,2021-06-01,09:16:50,00:00:03
stefano.crapanzano@chu.ulg.ac.be,Navigation système de fichier,IT,2021-06-01,09:17:15,00:00:02
stefano.crapanzano@chu.ulg.ac.be,Navigation système de fichier,IT,2021-06-01,09:17:31,00:00:03
stefano.crapanzano@chu.ulg.ac.be,Navigation système de fichier,IT,2021-06-01,09:17:58,00:00:04
stefano.crapanzano@chu.ulg.ac.be,Navigation système de fichier,IT,2021-06-01,09:21:13,00:00:16
stefano.crapanzano@chu.ulg.ac.be,Navigation système de fichier,IT,2021-06-01,09:21:37,00:00:04
stefano.crapanzano@chu.ulg.ac.be,Navigation système de fichier,IT,2021-06-01,09:21:51,00:00:46
stefano.crapanzano@chu.ulg.ac.be,Navigation système de fichier,IT,2021-06-01,09:23:28,00:00:22
stefano.crapanzano@chu.ulg.ac.be,Navigation système de fichier,IT,2021-06-01,09:24:04,00:00:04
stefano.crapanzano@chu.ulg.ac.be,Navigation système de fichier,IT,2021-06-01,09:24:21,00:00:06
stefano.crapanzano@chu.ulg.ac.be,Navigation système de fichier,IT,2021-06-01,09:24:36,00:00:11
stefano.crapanzano@chu.ulg.ac.be,Navigation système de fichier,IT,2021-06-01,09:25:08,00:00:02
stefano.crapanzano@chu.ulg.ac.be,Navigation système de fichier,IT,2021-06-01,09:25:32,00:00:11
stefano.crapanzano@chu.ulg.ac.be,Navigation système de fichier,IT,2021-06-01,09:25:49,00:00:02
stefano.crapanzano@chu.ulg.ac.be,Navigation système de fichier,IT,2021-06-01,09:28:20,00:00:04
stefano.crapanzano@chu.ulg.ac.be,Navigation système de fichier,IT,2021-06-01,09:28:55,00:00:03
stefano.crapanzano@chu.ulg.ac.be,Navigation système de fichier,IT,2021-06-01,09:32:54,00:00:12
stefano.crapanzano@chu.ulg.ac.be,Navigation système de fichier,IT,2021-06-01,09:40:15,00:00:04
stefano.crapanzano@chu.ulg.ac.be,Navigation système de fichier,IT,2021-06-01,09:47:36,00:00:02
stefano.crapanzano@chu.ulg.ac.be,Navigation système de fichier,IT,2021-06-01,10:09:15,00:00:04
stefano.crapanzano@chu.ulg.ac.be,Navigation système de fichier,IT,2021-06-01,10:10:36,00:00:02
stefano.crapanzano@chu.ulg.ac.be,Navigation système de fichier,IT,2021-06-01,10:23:49,00:00:04
stefano.crapanzano@chu.ulg.ac.be,Navigation système de fichier,IT,2021-06-01,10:25:07,00:00:04
stefano.crapanzano@chu.ulg.ac.be,Navigation système de fichier,IT,2021-06-01,10:25:53,00:00:57
stefano.crapanzano@chu.ulg.ac.be,Navigation système de fichier,IT,2021-06-01,10:27:29,00:00:36
stefano.crapanzano@chu.ulg.ac.be,Navigation système de fichier,IT,2021-06-01,10:29:00,00:00:05
stefano.crapanzano@chu.ulg.ac.be,Navigation système de fichier,IT,2021-06-01,10:29:15,00:00:02
stefano.crapanzano@chu.ulg.ac.be,Navigation système de fichier,IT,2021-06-01,10:29:27,00:00:02
stefano.crapanzano@chu.ulg.ac.be,Navigation système de fichier,IT,2021-06-01,10:31:43,00:00:02
stefano.crapanzano@chu.ulg.ac.be,Navigation système de fichier,IT,2021-06-01,10:34:15,00:00:03
stefano.crapanzano@chu.ulg.ac.be,Navigation système de fichier,IT,2021-06-01,10:40:41,00:00:14
stefano.crapanzano@chu.ulg.ac.be,Navigation système de fichier,IT,2021-06-01,10:41:07,00:00:04
stefano.crapanzano@chu.ulg.ac.be,Navigation système de fichier,IT,2021-06-01,10:41:32,00:01:09
stefano.crapanzano@chu.ulg.ac.be,Navigation système de fichier,IT,2021-06-01,10:42:43,00:00:04
stefano.crapanzano@chu.ulg.ac.be,Navigation système de fichier,IT,2021-06-01,10:49:07,00:00:06
stefano.crapanzano@chu.ulg.ac.be,Navigation système de fichier,IT,2021-06-01,10:50:10,00:00:03
stefano.crapanzano@chu.ulg.ac.be,Navigation système de fichier,IT,2021-06-01,10:51:09,00:00:02
stefano.crapanzano@chu.ulg.ac.be,Navigation système de fichier,IT,2021-06-01,10:52:06,00:00:03
stefano.crapanzano@chu.ulg.ac.be,Navigation système de fichier,IT,2021-06-01,10:52:13,00:00:03
stefano.crapanzano@chu.ulg.ac.be,Navigation système de fichier,IT,2021-06-01,10:52:22,00:00:06
stefano.crapanzano@chu.ulg.ac.be,Navigation système de fichier,IT,2021-06-01,10:53:15,00:00:05
stefano.crapanzano@chu.ulg.ac.be,Navigation système de fichier,IT,2021-06-01,10:53:24,00:00:02
stefano.crapanzano@chu.ulg.ac.be,Navigation système de fichier,IT,2021-06-01,10:53:30,00:00:05
stefano.crapanzano@chu.ulg.ac.be,Navigation système de fichier,IT,2021-06-01,10:54:58,00:00:02
stefano.crapanzano@chu.ulg.ac.be,Navigation système de fichier,IT,2021-06-01,10:56:49,00:00:04
stefano.crapanzano@chu.ulg.ac.be,Navigation système de fichier,IT,2021-06-01,11:24:11,00:00:05
stefano.crapanzano@chu.ulg.ac.be,Navigation système de fichier,IT,2021-06-01,11:27:15,00:00:02
stefano.crapanzano@chu.ulg.ac.be,Navigation système de fichier,IT,2021-06-01,11:53:18,00:00:03
stefano.crapanzano@chu.ulg.ac.be,Navigation système de fichier,IT,2021-06-01,13:01:22,00:00:04
stefano.crapanzano@chu.ulg.ac.be,Navigation système de fichier,IT,2021-06-01,13:01:28,00:00:04
stefano.crapanzano@chu.ulg.ac.be,Navigation système de fichier,IT,2021-06-01,13:03:00,00:00:02
stefano.crapanzano@chu.ulg.ac.be,Navigation système de fichier,IT,2021-06-01,13:03:26,00:00:05
stefano.crapanzano@chu.ulg.ac.be,Navigation système de fichier,IT,2021-06-01,13:04:38,00:00:03
stefano.crapanzano@chu.ulg.ac.be,Navigation système de fichier,IT,2021-06-01,13:04:46,00:00:02
stefano.crapanzano@chu.ulg.ac.be,Navigation système de fichier,IT,2021-06-01,13:13:05,00:00:02
stefano.crapanzano@chu.ulg.ac.be,Navigation système de fichier,IT,2021-06-01,13:13:12,00:00:02
stefano.crapanzano@chu.ulg.ac.be,Navigation système de fichier,IT,2021-06-01,13:13:18,00:00:02
stefano.crapanzano@chu.ulg.ac.be,Navigation système de fichier,IT,2021-06-01,13:25:11,00:00:02
stefano.crapanzano@chu.ulg.ac.be,Navigation système de fichier,IT,2021-06-01,13:25:17,00:00:02
stefano.crapanzano@chu.ulg.ac.be,Navigation système de fichier,IT,2021-06-01,13:28:19,00:00:07
stefano.crapanzano@chu.ulg.ac.be,Navigation système de fichier,IT,2021-06-01,13:59:53,00:00:02
stefano.crapanzano@chu.ulg.ac.be,Navigation système de fichier,IT,2021-06-01,14:00:46,00:00:02
stefano.crapanzano@chu.ulg.ac.be,Navigation système de fichier,IT,2021-06-01,14:05:42,00:00:02
stefano.crapanzano@chu.ulg.ac.be,Navigation système de fichier,IT,2021-06-01,14:08:10,00:00:02
stefano.crapanzano@chu.ulg.ac.be,Navigation système de fichier,IT,2021-06-01,15:05:59,00:00:03
stefano.crapanzano@chu.ulg.ac.be,Navigation système de fichier,IT,2021-06-01,15:06:03,00:00:02
stefano.crapanzano@chu.ulg.ac.be,Navigation système de fichier,IT,2021-06-01,15:09:38,00:00:55
stefano.crapanzano@chu.ulg.ac.be,Navigation système de fichier,IT,2021-06-01,15:13:06,00:01:40
stefano.crapanzano@chu.ulg.ac.be,Navigation système de fichier,IT,2021-06-01,15:15:19,00:00:05
stefano.crapanzano@chu.ulg.ac.be,Navigation système de fichier,IT,2021-06-01,15:15:31,00:00:02
stefano.crapanzano@chu.ulg.ac.be,Navigation système de fichier,IT,2021-06-01,15:16:21,00:00:02
stefano.crapanzano@chu.ulg.ac.be,Navigation système de fichier,IT,2021-06-01,15:16:33,00:01:14
stefano.crapanzano@chu.ulg.ac.be,Navigation système de fichier,IT,2021-06-01,15:18:29,00:00:02
stefano.crapanzano@chu.ulg.ac.be,Navigation système de fichier,IT,2021-06-01,15:21:04,00:00:02
stefano.crapanzano@chu.ulg.ac.be,Navigation système de fichier,IT,2021-06-01,15:38:23,00:00:06
stefano.crapanzano@chu.ulg.ac.be,Navigation système de fichier,IT,2021-06-01,15:42:10,00:00:03
stefano.crapanzano@chu.ulg.ac.be,Navigation système de fichier,IT,2021-06-01,15:43:31,00:00:02
stefano.crapanzano@chu.ulg.ac.be,Navigation système de fichier,IT,2021-06-01,15:43:45,00:00:05
stefano.crapanzano@chu.ulg.ac.be,Navigation système de fichier,IT,2021-06-01,15:43:59,00:00:15
stefano.crapanzano@chu.ulg.ac.be,Navigation système de fichier,IT,2021-06-01,15:44:40,00:00:13
stefano.crapanzano@chu.ulg.ac.be,Navigation système de fichier,IT,2021-06-01,15:44:55,00:00:04
stefano.crapanzano@chu.ulg.ac.be,Navigation système de fichier,IT,2021-06-01,15:45:50,00:00:05
stefano.crapanzano@chu.ulg.ac.be,Navigation système de fichier,IT,2021-06-01,15:46:11,00:00:02
stefano.crapanzano@chu.ulg.ac.be,Navigation système de fichier,IT,2021-06-01,15:48:50,00:00:02
stefano.crapanzano@chu.ulg.ac.be,Navigation système de fichier,IT,2021-06-01,15:52:41,00:00:06
stefano.crapanzano@chu.ulg.ac.be,Navigation système de fichier,IT,2021-06-01,15:53:04,00:00:02
stefano.crapanzano@chu.ulg.ac.be,Navigation système de fichier,IT,2021-06-01,15:58:32,00:00:02
stefano.crapanzano@chu.ulg.ac.be,Navigation système de fichier,IT,2021-06-01,15:58:37,01:06:25
stefano.crapanzano@chu.ulg.ac.be,Programmation,IT,2021-06-01,08:39:23,00:04:47
stefano.crapanzano@chu.ulg.ac.be,Programmation,IT,2021-06-01,09:10:43,00:00:25
stefano.crapanzano@chu.ulg.ac.be,Programmation,IT,2021-06-01,09:12:02,00:00:12
stefano.crapanzano@chu.ulg.ac.be,Programmation,IT,2021-06-01,09:14:47,00:00:03
stefano.crapanzano@chu.ulg.ac.be,Programmation,IT,2021-06-01,09:40:19,00:00:14
stefano.crapanzano@chu.ulg.ac.be,Programmation,IT,2021-06-01,10:23:54,00:01:12
stefano.crapanzano@chu.ulg.ac.be,Programmation,IT,2021-06-01,10:25:12,00:00:41
stefano.crapanzano@chu.ulg.ac.be,Programmation,IT,2021-06-01,10:26:51,00:00:38
stefano.crapanzano@chu.ulg.ac.be,Programmation,IT,2021-06-01,11:27:18,00:01:05
stefano.crapanzano@chu.ulg.ac.be,Programmation,IT,2021-06-01,15:10:33,00:02:32
stefano.crapanzano@chu.ulg.ac.be,Programmation,IT,2021-06-01,15:21:06,00:01:14
stefano.crapanzano@chu.ulg.ac.be,I:\Informatique\ERP\Exploitation\COMPTA\SENY\Import SAP\PE2\envoi PAT 889 seny 042021.txt - Notepad++ [Administrator],IT,2021-06-01,08:51:39,00:00:27
stefano.crapanzano@chu.ulg.ac.be,I:\Informatique\ERP\Exploitation\COMPTA\SENY\Export Seny\2021\04\ExportHP 2021 04.txt - Notepad++ [Administrator],IT,2021-06-01,08:52:20,00:00:07
stefano.crapanzano@chu.ulg.ac.be,I:\Informatique\ERP\Exploitation\COMPTA\SENY\Export Seny\2021\04\ExportHP 2021 04.txt - Notepad++ [Administrator],IT,2021-06-01,09:15:24,00:00:02
stefano.crapanzano@chu.ulg.ac.be,\\filesrv01.st.chulg\oazis_prod\APPL_PROD\SOURCES\PERL\ERP\CHL_ERP_PSRL_COMPTA_HOME_SENY_PAT_VERS_SAP.pl - Notepad++ [Administrator],IT,2021-06-01,08:53:07,00:00:03
stefano.crapanzano@chu.ulg.ac.be,\\filesrv01.st.chulg\oazis_prod\APPL_PROD\SOURCES\PERL\ERP\CHL_ERP_PSRL_COMPTA_HOME_SENY_PAT_VERS_SAP.pl - Notepad++ [Administrator],IT,2021-06-01,08:53:45,00:00:13
stefano.crapanzano@chu.ulg.ac.be,\\filesrv01.st.chulg\oazis_prod\APPL_PROD\SOURCES\PERL\ERP\CHL_ERP_PSRL_COMPTA_HOME_SENY_PAT_VERS_SAP.pl - Notepad++ [Administrator],IT,2021-06-01,09:15:18,00:00:06
stefano.crapanzano@chu.ulg.ac.be,Rechercher,IT,2021-06-01,08:53:10,00:00:34
stefano.crapanzano@chu.ulg.ac.be,SVN_LOCAL – CHL_ERP_PSRL_COMPTA_HOME_SENY_PAT_VERS_SAP.bat [SVN_LOCAL] (Administrator),IT,2021-06-01,08:53:59,00:00:03
stefano.crapanzano@chu.ulg.ac.be,SVN_LOCAL – CHL_ERP_PSRL_COMPTA_HOME_SENY_PAT_VERS_SAP.bat [SVN_LOCAL] (Administrator),IT,2021-06-01,08:54:25,00:00:46
stefano.crapanzano@chu.ulg.ac.be,SVN_LOCAL – CHL_ERP_PSRL_COMPTA_HOME_SENY_PAT_VERS_SAP.bat [SVN_LOCAL] (Administrator),IT,2021-06-01,08:57:38,00:00:15
stefano.crapanzano@chu.ulg.ac.be,SVN_LOCAL – CHL_ERP_PSRL_COMPTA_HOME_SENY_PAT_VERS_SAP.bat [SVN_LOCAL] (Administrator),IT,2021-06-01,08:58:28,00:00:04
stefano.crapanzano@chu.ulg.ac.be,SVN_LOCAL – CHL_ERP_PSRL_COMPTA_HOME_SENY_PAT_VERS_SAP.bat [SVN_LOCAL] (Administrator),IT,2021-06-01,08:58:35,00:00:50
stefano.crapanzano@chu.ulg.ac.be,SVN_LOCAL – CHL_ERP_PSRL_COMPTA_HOME_SENY_PAT_VERS_SAP.bat [SVN_LOCAL] (Administrator),IT,2021-06-01,08:59:57,00:00:07
stefano.crapanzano@chu.ulg.ac.be,SVN_LOCAL – CHL_ERP_PSRL_COMPTA_HOME_SENY_PAT_VERS_SAP.bat [SVN_LOCAL] (Administrator),IT,2021-06-01,09:01:39,00:00:05
stefano.crapanzano@chu.ulg.ac.be,SVN_LOCAL – CHL_ERP_PSRL_COMPTA_HOME_SENY_PAT_VERS_SAP.bat [SVN_LOCAL] (Administrator),IT,2021-06-01,09:03:56,00:00:12
stefano.crapanzano@chu.ulg.ac.be,SVN_LOCAL – CHL_ERP_PSRL_COMPTA_HOME_SENY_PAT_VERS_SAP.bat [SVN_LOCAL] (Administrator),IT,2021-06-01,09:04:57,00:00:02
stefano.crapanzano@chu.ulg.ac.be,SVN_LOCAL – CHL_ERP_PSRL_COMPTA_HOME_SENY_PAT_VERS_SAP.bat [SVN_LOCAL] (Administrator),IT,2021-06-01,09:05:45,00:00:19
stefano.crapanzano@chu.ulg.ac.be,SVN_LOCAL – CHL_ERP_PSRL_COMPTA_HOME_SENY_PAT_VERS_SAP.bat [SVN_LOCAL] (Administrator),IT,2021-06-01,09:06:18,00:00:42
stefano.crapanzano@chu.ulg.ac.be,SVN_LOCAL – CHL_ERP_PSRL_COMPTA_HOME_SENY_PAT_VERS_SAP.bat [SVN_LOCAL] (Administrator),IT,2021-06-01,09:17:41,00:00:16
stefano.crapanzano@chu.ulg.ac.be,SVN_LOCAL – CHL_ERP_PSRL_COMPTA_HOME_SENY_PAT_VERS_SAP.bat [SVN_LOCAL] (Administrator),IT,2021-06-01,09:18:09,00:00:21
stefano.crapanzano@chu.ulg.ac.be,SVN_LOCAL – CHL_ERP_PSRL_COMPTA_HOME_SENY_PAT_VERS_SAP.bat [SVN_LOCAL] (Administrator),IT,2021-06-01,09:19:14,00:00:06
stefano.crapanzano@chu.ulg.ac.be,\\filesrv01.st.chulg\oazis_prod\APPL_PROD\SOURCES\BAT\ERP\CHL_ERP_PSRL_COMPTA_HOME_SENY_PAT_VERS_SAP.bat - Notepad++ [Administrator],IT,2021-06-01,08:54:16,00:00:07
stefano.crapanzano@chu.ulg.ac.be,\\filesrv01.st.chulg\oazis_prod\APPL_PROD\SOURCES\BAT\ERP\CHL_ERP_PSRL_COMPTA_HOME_SENY_PAT_VERS_SAP.bat - Notepad++ [Administrator],IT,2021-06-01,09:15:44,00:00:02
stefano.crapanzano@chu.ulg.ac.be,\\filesrv01.st.chulg\oazis_prod\APPL_PROD\SOURCES\BAT\ERP\CHL_ERP_PSRL_COMPTA_HOME_SENY_PAT_VERS_SAP.bat - Notepad++ [Administrator],IT,2021-06-01,09:16:06,00:00:07
stefano.crapanzano@chu.ulg.ac.be,\\filesrv01.st.chulg\oazis_prod\APPL_PROD\SOURCES\BAT\ERP\CHL_ERP_PSRL_COMPTA_HOME_SENY_PAT_VERS_SAP.bat - Notepad++ [Administrator],IT,2021-06-01,09:16:35,00:00:03
stefano.crapanzano@chu.ulg.ac.be,\\filesrv01.st.chulg\oazis_prod\APPL_PROD\SOURCES\BAT\ERP\CHL_ERP_PSRL_COMPTA_HOME_SENY_PAT_VERS_SAP.bat - Notepad++ [Administrator],IT,2021-06-01,09:16:54,00:00:03
stefano.crapanzano@chu.ulg.ac.be,\\filesrv01.st.chulg\oazis_prod\APPL_PROD\SOURCES\BAT\ERP\CHL_ERP_PSRL_COMPTA_HOME_SENY_PAT_VERS_SAP.bat - Notepad++ [Administrator],IT,2021-06-01,10:43:56,00:00:02
stefano.crapanzano@chu.ulg.ac.be,SVN_LOCAL – CHL_ERP_ENCOURS.pl [SVN_LOCAL] (Administrator),IT,2021-06-01,08:55:12,00:00:09
stefano.crapanzano@chu.ulg.ac.be,SVN_LOCAL – CHL_ERP_ENCOURS.pl [SVN_LOCAL] (Administrator),IT,2021-06-01,09:19:29,00:00:21
stefano.crapanzano@chu.ulg.ac.be,SVN_LOCAL – CHL_ERP_PSRL_COMPTA_HOME_SENY_PAT_VERS_SAP.pl [SVN_LOCAL] (Administrator),IT,2021-06-01,08:55:22,00:00:12
stefano.crapanzano@chu.ulg.ac.be,SVN_LOCAL – CHL_ERP_PSRL_COMPTA_HOME_SENY_PAT_VERS_SAP.pl [SVN_LOCAL] (Administrator),IT,2021-06-01,08:55:39,00:01:58
stefano.crapanzano@chu.ulg.ac.be,SVN_LOCAL – CHL_ERP_PSRL_COMPTA_HOME_SENY_PAT_VERS_SAP.pl [SVN_LOCAL] (Administrator),IT,2021-06-01,08:59:26,00:00:30
stefano.crapanzano@chu.ulg.ac.be,SVN_LOCAL – CHL_ERP_PSRL_COMPTA_HOME_SENY_PAT_VERS_SAP.pl [SVN_LOCAL] (Administrator),IT,2021-06-01,09:00:04,00:00:02
stefano.crapanzano@chu.ulg.ac.be,SVN_LOCAL – CHL_ERP_PSRL_COMPTA_HOME_SENY_PAT_VERS_SAP.pl [SVN_LOCAL] (Administrator),IT,2021-06-01,09:00:08,00:00:57
stefano.crapanzano@chu.ulg.ac.be,SVN_LOCAL – CHL_ERP_PSRL_COMPTA_HOME_SENY_PAT_VERS_SAP.pl [SVN_LOCAL] (Administrator),IT,2021-06-01,09:01:12,00:00:10
stefano.crapanzano@chu.ulg.ac.be,SVN_LOCAL – CHL_ERP_PSRL_COMPTA_HOME_SENY_PAT_VERS_SAP.pl [SVN_LOCAL] (Administrator),IT,2021-06-01,09:01:25,00:00:14
stefano.crapanzano@chu.ulg.ac.be,SVN_LOCAL – CHL_ERP_PSRL_COMPTA_HOME_SENY_PAT_VERS_SAP.pl [SVN_LOCAL] (Administrator),IT,2021-06-01,09:05:00,00:00:45
stefano.crapanzano@chu.ulg.ac.be,SVN_LOCAL – CHL_ERP_PSRL_COMPTA_HOME_SENY_PAT_VERS_SAP.pl [SVN_LOCAL] (Administrator),IT,2021-06-01,09:07:35,00:00:13
stefano.crapanzano@chu.ulg.ac.be,SVN_LOCAL – CHL_ERP_PSRL_COMPTA_HOME_SENY_PAT_VERS_SAP.pl [SVN_LOCAL] (Administrator),IT,2021-06-01,09:07:55,00:00:07
stefano.crapanzano@chu.ulg.ac.be,SVN_LOCAL – CHL_ERP_PSRL_COMPTA_HOME_SENY_PAT_VERS_SAP.pl [SVN_LOCAL] (Administrator),IT,2021-06-01,09:08:25,00:00:27
stefano.crapanzano@chu.ulg.ac.be,SVN_LOCAL – CHL_ERP_PSRL_COMPTA_HOME_SENY_PAT_VERS_SAP.pl [SVN_LOCAL] (Administrator),IT,2021-06-01,09:08:55,00:00:16
stefano.crapanzano@chu.ulg.ac.be,SVN_LOCAL – CHL_ERP_PSRL_COMPTA_HOME_SENY_PAT_VERS_SAP.pl [SVN_LOCAL] (Administrator),IT,2021-06-01,09:19:50,00:00:15
stefano.crapanzano@chu.ulg.ac.be,SVN_LOCAL – CHL_ERP_PSRL_COMPTA_HOME_SENY_PAT_VERS_SAP.pl [SVN_LOCAL] (Administrator),IT,2021-06-01,09:20:07,00:00:02
stefano.crapanzano@chu.ulg.ac.be,SVN_LOCAL – CHL_ERP_PSRL_COMPTA_HOME_SENY_PAT_VERS_SAP.pl [SVN_LOCAL] (Administrator),IT,2021-06-01,09:20:25,00:00:08
stefano.crapanzano@chu.ulg.ac.be,SVN_LOCAL – CHL_ERP_COPIE_FACTURES_PAR_UB.pl [SVN_LOCAL] (Administrator),IT,2021-06-01,08:55:34,00:00:02
stefano.crapanzano@chu.ulg.ac.be,SVN_LOCAL – CHL_ERP_COPIE_FACTURES_PAR_UB.pl [SVN_LOCAL] (Administrator),IT,2021-06-01,09:19:22,00:00:06
stefano.crapanzano@chu.ulg.ac.be,SVN_LOCAL – CHL_ERP_TRANSFER_FILE_SC.pl [SVN_LOCAL] (Administrator),IT,2021-06-01,08:55:37,00:00:02
stefano.crapanzano@chu.ulg.ac.be,SVN_LOCAL – CHL_ERP_TRANSFER_FILE_SC.pl [SVN_LOCAL] (Administrator),IT,2021-06-01,09:19:20,00:00:02
stefano.crapanzano@chu.ulg.ac.be,Go to Line/Column,IT,2021-06-01,09:01:23,00:00:02
stefano.crapanzano@chu.ulg.ac.be,SVN_LOCAL – CHL_ERP_PSRL_COMPTA_HOME_SENY_MUT_VERS_SAP.pl [SVN_LOCAL] (Administrator),IT,2021-06-01,09:07:00,00:00:32
stefano.crapanzano@chu.ulg.ac.be,SVN_LOCAL – CHL_ERP_PSRL_COMPTA_HOME_SENY_MUT_VERS_SAP.pl [SVN_LOCAL] (Administrator),IT,2021-06-01,09:07:49,00:00:06
stefano.crapanzano@chu.ulg.ac.be,SVN_LOCAL – CHL_ERP_PSRL_COMPTA_HOME_SENY_MUT_VERS_SAP.pl [SVN_LOCAL] (Administrator),IT,2021-06-01,09:08:03,00:00:22
stefano.crapanzano@chu.ulg.ac.be,SVN_LOCAL – CHL_ERP_PSRL_COMPTA_HOME_SENY_MUT_VERS_SAP.pl [SVN_LOCAL] (Administrator),IT,2021-06-01,09:09:12,00:00:17
stefano.crapanzano@chu.ulg.ac.be,SVN_LOCAL – CHL_ERP_PSRL_COMPTA_HOME_SENY_MUT_VERS_SAP.pl [SVN_LOCAL] (Administrator),IT,2021-06-01,09:09:40,00:00:05
stefano.crapanzano@chu.ulg.ac.be,SVN_LOCAL – CHL_ERP_PSRL_COMPTA_HOME_SENY_MUT_VERS_SAP.pl [SVN_LOCAL] (Administrator),IT,2021-06-01,09:12:22,00:00:31
stefano.crapanzano@chu.ulg.ac.be,SVN_LOCAL – CHL_ERP_PSRL_COMPTA_HOME_SENY_MUT_VERS_SAP.pl [SVN_LOCAL] (Administrator),IT,2021-06-01,09:13:09,00:00:08
stefano.crapanzano@chu.ulg.ac.be,SVN_LOCAL – CHL_ERP_PSRL_COMPTA_HOME_SENY_MUT_VERS_SAP.pl [SVN_LOCAL] (Administrator),IT,2021-06-01,09:14:16,00:00:08
stefano.crapanzano@chu.ulg.ac.be,SVN_LOCAL – CHL_ERP_PSRL_COMPTA_HOME_SENY_MUT_VERS_SAP.pl [SVN_LOCAL] (Administrator),IT,2021-06-01,09:15:13,00:00:02
stefano.crapanzano@chu.ulg.ac.be,SVN_LOCAL – CHL_ERP_PSRL_COMPTA_HOME_SENY_MUT_VERS_SAP.pl [SVN_LOCAL] (Administrator),IT,2021-06-01,09:17:17,00:00:13
stefano.crapanzano@chu.ulg.ac.be,SVN_LOCAL – CHL_ERP_PSRL_COMPTA_HOME_SENY_MUT_VERS_SAP.pl [SVN_LOCAL] (Administrator),IT,2021-06-01,09:17:34,00:00:07
stefano.crapanzano@chu.ulg.ac.be,SVN_LOCAL – CHL_ERP_PSRL_COMPTA_HOME_SENY_MUT_VERS_SAP.pl [SVN_LOCAL] (Administrator),IT,2021-06-01,09:20:34,00:00:24
stefano.crapanzano@chu.ulg.ac.be,SVN_LOCAL – CHL_ERP_PSRL_COMPTA_HOME_SENY_MUT_VERS_SAP.pl [SVN_LOCAL] (Administrator),IT,2021-06-01,09:28:59,00:00:14
stefano.crapanzano@chu.ulg.ac.be,SVN_LOCAL – CHL_ERP_PSRL_COMPTA_HOME_SENY_MUT_VERS_SAP.pl [SVN_LOCAL] (Administrator),IT,2021-06-01,15:42:52,00:00:09
stefano.crapanzano@chu.ulg.ac.be,SVN_LOCAL – CHL_ERP_PSRL_COMPTA_HOME_SENY_MUT_VERS_SAP.pl [SVN_LOCAL] (Administrator),IT,2021-06-01,15:45:00,00:00:49
stefano.crapanzano@chu.ulg.ac.be,SVN_LOCAL – CHL_ERP_PSRL_COMPTA_HOME_SENY_MUT_VERS_SAP.pl [SVN_LOCAL] (Administrator),IT,2021-06-01,15:46:13,00:00:07
stefano.crapanzano@chu.ulg.ac.be,SVN_LOCAL – CHL_ERP_PSRL_COMPTA_HOME_SENY_MUT_VERS_SAP.pl [SVN_LOCAL] (Administrator),IT,2021-06-01,15:46:21,00:00:15
stefano.crapanzano@chu.ulg.ac.be,SVN_LOCAL – CHL_ERP_PSRL_COMPTA_HOME_SENY_MUT_VERS_SAP.pl [SVN_LOCAL] (Administrator),IT,2021-06-01,15:48:44,00:00:05
stefano.crapanzano@chu.ulg.ac.be,SVN_LOCAL – CHL_ERP_PSRL_COMPTA_HOME_SENY_MUT_VERS_SAP.pl [SVN_LOCAL] (Administrator),IT,2021-06-01,15:58:35,00:00:02
stefano.crapanzano@chu.ulg.ac.be,Commit Changes,IT,2021-06-01,09:08:53,00:00:02
stefano.crapanzano@chu.ulg.ac.be,Commit Changes,IT,2021-06-01,09:09:29,00:00:11
stefano.crapanzano@chu.ulg.ac.be,Commit Changes,IT,2021-06-01,09:20:58,00:00:13
stefano.crapanzano@chu.ulg.ac.be,Update Finished!,IT,2021-06-01,09:09:55,00:00:26
stefano.crapanzano@chu.ulg.ac.be,Update Finished!,IT,2021-06-01,09:21:30,00:00:07
stefano.crapanzano@chu.ulg.ac.be,Lecture documentation,Tâches diverses,2021-06-01,09:11:42,00:00:02
stefano.crapanzano@chu.ulg.ac.be,Lecture documentation,Tâches diverses,2021-06-01,10:44:21,00:01:24
stefano.crapanzano@chu.ulg.ac.be,Lecture documentation,Tâches diverses,2021-06-01,10:47:18,00:01:49
stefano.crapanzano@chu.ulg.ac.be,Lecture documentation,Tâches diverses,2021-06-01,10:50:41,00:00:05
stefano.crapanzano@chu.ulg.ac.be,Lecture documentation,Tâches diverses,2021-06-01,10:55:01,00:00:07
stefano.crapanzano@chu.ulg.ac.be,Lecture documentation,Tâches diverses,2021-06-01,10:55:12,00:00:05
stefano.crapanzano@chu.ulg.ac.be,Lecture documentation,Tâches diverses,2021-06-01,10:55:51,00:00:12
stefano.crapanzano@chu.ulg.ac.be,Lecture documentation,Tâches diverses,2021-06-01,10:56:05,00:00:07
stefano.crapanzano@chu.ulg.ac.be,Lecture documentation,Tâches diverses,2021-06-01,10:56:18,00:00:30
stefano.crapanzano@chu.ulg.ac.be,Lecture documentation,Tâches diverses,2021-06-01,10:57:24,00:00:44
stefano.crapanzano@chu.ulg.ac.be,Lecture documentation,Tâches diverses,2021-06-01,10:58:48,00:00:46
stefano.crapanzano@chu.ulg.ac.be,Lecture documentation,Tâches diverses,2021-06-01,13:03:32,00:00:14
stefano.crapanzano@chu.ulg.ac.be,Lecture documentation,Tâches diverses,2021-06-01,13:03:53,00:00:18
stefano.crapanzano@chu.ulg.ac.be,Lecture documentation,Tâches diverses,2021-06-01,13:04:13,00:00:25
stefano.crapanzano@chu.ulg.ac.be,Lecture documentation,Tâches diverses,2021-06-01,13:05:19,00:00:15
stefano.crapanzano@chu.ulg.ac.be,Lecture documentation,Tâches diverses,2021-06-01,13:05:39,00:00:33
stefano.crapanzano@chu.ulg.ac.be,Lecture documentation,Tâches diverses,2021-06-01,13:06:31,00:01:00
stefano.crapanzano@chu.ulg.ac.be,Lecture documentation,Tâches diverses,2021-06-01,13:07:34,00:03:50
stefano.crapanzano@chu.ulg.ac.be,Lecture documentation,Tâches diverses,2021-06-01,13:11:28,00:01:37
stefano.crapanzano@chu.ulg.ac.be,Lecture documentation,Tâches diverses,2021-06-01,13:13:08,00:00:04
stefano.crapanzano@chu.ulg.ac.be,Lecture documentation,Tâches diverses,2021-06-01,13:18:54,00:00:33
stefano.crapanzano@chu.ulg.ac.be,Lecture documentation,Tâches diverses,2021-06-01,13:19:40,00:00:05
stefano.crapanzano@chu.ulg.ac.be,Lecture documentation,Tâches diverses,2021-06-01,13:20:04,00:01:32
stefano.crapanzano@chu.ulg.ac.be,Lecture documentation,Tâches diverses,2021-06-01,13:26:04,00:01:01
stefano.crapanzano@chu.ulg.ac.be,Lecture documentation,Tâches diverses,2021-06-01,13:28:10,00:00:09
stefano.crapanzano@chu.ulg.ac.be,Lecture documentation,Tâches diverses,2021-06-01,13:28:33,00:00:46
stefano.crapanzano@chu.ulg.ac.be,Lecture documentation,Tâches diverses,2021-06-01,13:29:49,00:00:02
stefano.crapanzano@chu.ulg.ac.be,Lecture documentation,Tâches diverses,2021-06-01,14:04:30,00:00:47
stefano.crapanzano@chu.ulg.ac.be,Lecture documentation,Tâches diverses,2021-06-01,14:05:44,00:02:21
stefano.crapanzano@chu.ulg.ac.be,Lecture documentation,Tâches diverses,2021-06-01,14:08:52,00:00:05
stefano.crapanzano@chu.ulg.ac.be,Lecture documentation,Tâches diverses,2021-06-01,14:09:58,00:54:13
stefano.crapanzano@chu.ulg.ac.be,Lecture documentation,Tâches diverses,2021-06-01,15:05:46,00:00:03
stefano.crapanzano@chu.ulg.ac.be,Lecture documentation,Tâches diverses,2021-06-01,15:17:47,00:00:41
stefano.crapanzano@chu.ulg.ac.be,Lecture documentation,Tâches diverses,2021-06-01,15:19:05,00:01:58
stefano.crapanzano@chu.ulg.ac.be,Lecture documentation,Tâches diverses,2021-06-01,15:22:22,00:03:19
stefano.crapanzano@chu.ulg.ac.be,Lecture documentation,Tâches diverses,2021-06-01,15:26:15,00:00:02
stefano.crapanzano@chu.ulg.ac.be,Lecture documentation,Tâches diverses,2021-06-01,15:26:36,00:00:08
stefano.crapanzano@chu.ulg.ac.be,Difference between 1430 and 1438 in ERP,IT,2021-06-01,09:12:53,00:00:03
stefano.crapanzano@chu.ulg.ac.be,Difference between 1430 and 1438 in ERP,IT,2021-06-01,09:13:06,00:00:02
stefano.crapanzano@chu.ulg.ac.be,Difference between 1430 and 1438 in ERP,IT,2021-06-01,09:13:17,00:00:12
stefano.crapanzano@chu.ulg.ac.be,Difference between 1430 and 1438 in ERP,IT,2021-06-01,09:13:50,00:00:04
stefano.crapanzano@chu.ulg.ac.be,Difference between 1430 and 1438 in ERP,IT,2021-06-01,09:14:03,00:00:13
stefano.crapanzano@chu.ulg.ac.be,CHL_ERP_ENCOURS.pl_20210505 (https://saisources.st.chulg:8443/svn/Admin/APPL_PROD/SOURCES/PERL/ERP),IT,2021-06-01,09:12:57,00:00:09
stefano.crapanzano@chu.ulg.ac.be,CHL_ERP_ENCOURS.pl_20210505 (https://saisources.st.chulg:8443/svn/Admin/APPL_PROD/SOURCES/PERL/ERP),IT,2021-06-01,09:13:55,00:00:07
stefano.crapanzano@chu.ulg.ac.be,CHL_ERP_ENCOURS_EW.bak (https://saisources.st.chulg:8443/svn/Admin/APPL_PROD/SOURCES/PERL/ERP),IT,2021-06-01,09:13:29,00:00:10
stefano.crapanzano@chu.ulg.ac.be,CHL_ERP_ENCOURS_EW.pl (https://saisources.st.chulg:8443/svn/Admin/APPL_PROD/SOURCES/PERL/ERP),IT,2021-06-01,09:13:42,00:00:08
stefano.crapanzano@chu.ulg.ac.be,\\filesrv01.st.chulg\oazis_prod\APPL_PROD\SOURCES\PERL\ERP - Log Messages - TortoiseSVN,IT,2021-06-01,09:14:34,00:00:10
stefano.crapanzano@chu.ulg.ac.be,\\filesrv01.st.chulg\oazis_prod\APPL_PROD\SOURCES\PERL\ERP - Log Messages - TortoiseSVN,IT,2021-06-01,09:14:51,00:00:10
stefano.crapanzano@chu.ulg.ac.be,Ouvrir,IT,2021-06-01,09:15:27,00:00:02
stefano.crapanzano@chu.ulg.ac.be,*\\filesrv01.st.chulg\oazis_prod\APPL_PROD\SOURCES\BAT\ERP\CHL_ERP_PSRL_COMPTA_HOME_SENY_PAT_VERS_SAP.bat - Notepad++ [Administrator],IT,2021-06-01,09:15:46,00:00:20
stefano.crapanzano@chu.ulg.ac.be,*\\filesrv01.st.chulg\oazis_prod\APPL_PROD\SOURCES\BAT\ERP\CHL_ERP_PSRL_COMPTA_HOME_SENY_PAT_VERS_SAP.bat - Notepad++ [Administrator],IT,2021-06-01,09:16:57,00:00:02
stefano.crapanzano@chu.ulg.ac.be,Administrateur : C:\Windows\System32\cmd.exe,IT,2021-06-01,09:16:17,00:00:15
stefano.crapanzano@chu.ulg.ac.be,Administrateur : C:\Windows\System32\cmd.exe,IT,2021-06-01,09:16:39,00:00:07
stefano.crapanzano@chu.ulg.ac.be,Administrateur : C:\Windows\System32\cmd.exe,IT,2021-06-01,09:21:41,00:00:02
stefano.crapanzano@chu.ulg.ac.be,Administrateur : C:\Windows\System32\cmd.exe,IT,2021-06-01,10:41:11,00:00:05
stefano.crapanzano@chu.ulg.ac.be,Administrateur : C:\Windows\System32\cmd.exe,IT,2021-06-01,15:43:27,00:00:02
stefano.crapanzano@chu.ulg.ac.be,Administrateur : C:\Windows\System32\cmd.exe,IT,2021-06-01,15:43:33,00:00:11
stefano.crapanzano@chu.ulg.ac.be,Administrateur : C:\Windows\System32\cmd.exe,IT,2021-06-01,15:44:25,00:00:04
stefano.crapanzano@chu.ulg.ac.be,Administrateur : C:\Windows\System32\cmd.exe - \\filesrv01.st.chulg\oazis_prod\APPL_PROD\SOURCES\BAT\ERP\CHL_ERP_PSRL_COMPTA_HOME_SENY_PAT_VERS_SAP.bat,IT,2021-06-01,09:16:47,00:00:03
stefano.crapanzano@chu.ulg.ac.be,Administrateur : C:\Windows\System32\cmd.exe - \\filesrv01.st.chulg\oazis_prod\APPL_PROD\SOURCES\BAT\ERP\CHL_ERP_PSRL_COMPTA_HOME_SENY_PAT_VERS_SAP.bat,IT,2021-06-01,09:17:02,00:00:13
stefano.crapanzano@chu.ulg.ac.be,Administrateur : C:\Windows\System32\cmd.exe - \\filesrv01.st.chulg\oazis_prod\APPL_PROD\SOURCES\BAT\ERP\CHL_ERP_PSRL_COMPTA_HOME_SENY_PAT_VERS_SAP.bat,IT,2021-06-01,09:21:44,00:00:07
stefano.crapanzano@chu.ulg.ac.be,Total Commander,Tâches diverses,2021-06-01,09:23:07,00:00:02
stefano.crapanzano@chu.ulg.ac.be,Total Commander,Tâches diverses,2021-06-01,09:24:15,00:00:02
stefano.crapanzano@chu.ulg.ac.be,erpmanager - Total Commander (x64) 9.0a - NOT REGISTERED,Tâches diverses,2021-06-01,09:22:39,00:00:27
stefano.crapanzano@chu.ulg.ac.be,erpmanager - Total Commander (x64) 9.0a - NOT REGISTERED,Tâches diverses,2021-06-01,09:23:09,00:00:19
stefano.crapanzano@chu.ulg.ac.be,erpmanager - Total Commander (x64) 9.0a - NOT REGISTERED,Tâches diverses,2021-06-01,09:23:51,00:00:13
stefano.crapanzano@chu.ulg.ac.be,erpmanager - Total Commander (x64) 9.0a - NOT REGISTERED,Tâches diverses,2021-06-01,09:24:08,00:00:07
stefano.crapanzano@chu.ulg.ac.be,erpmanager - Total Commander (x64) 9.0a - NOT REGISTERED,Tâches diverses,2021-06-01,09:24:18,00:00:03
stefano.crapanzano@chu.ulg.ac.be,erpmanager - Total Commander (x64) 9.0a - NOT REGISTERED,Tâches diverses,2021-06-01,09:24:28,00:00:06
stefano.crapanzano@chu.ulg.ac.be,erpmanager - Total Commander (x64) 9.0a - NOT REGISTERED,Tâches diverses,2021-06-01,09:25:51,00:00:04
stefano.crapanzano@chu.ulg.ac.be,erpmanager - Total Commander (x64) 9.0a - NOT REGISTERED,Tâches diverses,2021-06-01,09:28:12,00:00:06
stefano.crapanzano@chu.ulg.ac.be,I:\Informatique\ERP\Exploitation\COMPTA\SENY\Import SAP\PE2\envoi PAT 898 seny 042021.txt - Notepad++ [Administrator],IT,2021-06-01,09:24:47,00:00:20
stefano.crapanzano@chu.ulg.ac.be,TR: Intégrations SENY avril 2021 - Mozilla Thunderbird,Helpdesk général,2021-06-01,09:25:14,00:00:02
stefano.crapanzano@chu.ulg.ac.be,TR: Intégrations SENY avril 2021 - Mozilla Thunderbird,Helpdesk général,2021-06-01,09:28:24,00:00:07
stefano.crapanzano@chu.ulg.ac.be,Rédaction : Re: TR: Intégrations SENY avril 2021 - Thunderbird,Helpdesk général,2021-06-01,09:25:16,00:00:15
stefano.crapanzano@chu.ulg.ac.be,Rédaction : Re: TR: Intégrations SENY avril 2021 - Thunderbird,Helpdesk général,2021-06-01,09:26:05,00:02:00
stefano.crapanzano@chu.ulg.ac.be,Propriétés des liens,Helpdesk général,2021-06-01,09:25:44,00:00:04
stefano.crapanzano@chu.ulg.ac.be,Propriétés des liens,Helpdesk général,2021-06-01,09:25:56,00:00:09
stefano.crapanzano@chu.ulg.ac.be,Vérification de l’orthographe,Helpdesk général,2021-06-01,09:28:05,00:00:06
stefano.crapanzano@chu.ulg.ac.be,Vérification de l’orthographe,Helpdesk général,2021-06-01,10:43:47,00:00:02
stefano.crapanzano@chu.ulg.ac.be,Vérification de l’orthographe,Helpdesk général,2021-06-01,11:31:33,00:00:06
stefano.crapanzano@chu.ulg.ac.be,Vérification de l’orthographe,Helpdesk général,2021-06-01,13:30:38,00:00:02
stefano.crapanzano@chu.ulg.ac.be,Envoyés - erp.sai@chuliege.be - Mozilla Thunderbird,Helpdesk général,2021-06-01,09:28:45,00:00:10
stefano.crapanzano@chu.ulg.ac.be,Envoyés - erp.sai@chuliege.be - Mozilla Thunderbird,Helpdesk général,2021-06-01,09:29:14,00:00:03
stefano.crapanzano@chu.ulg.ac.be,Envoyés - erp.sai@chuliege.be - Mozilla Thunderbird,Helpdesk général,2021-06-01,09:30:54,00:00:51
stefano.crapanzano@chu.ulg.ac.be,Envoyés - erp.sai@chuliege.be - Mozilla Thunderbird,Helpdesk général,2021-06-01,15:29:18,00:00:03
stefano.crapanzano@chu.ulg.ac.be,Envoyés - erp.sai@chuliege.be - Mozilla Thunderbird,Helpdesk général,2021-06-01,15:29:26,00:00:03
stefano.crapanzano@chu.ulg.ac.be,Envoyés - erp.sai@chuliege.be - Mozilla Thunderbird,Helpdesk général,2021-06-01,15:42:20,00:00:19
stefano.crapanzano@chu.ulg.ac.be,Envoyés - erp.sai@chuliege.be - Mozilla Thunderbird,Helpdesk général,2021-06-01,15:49:28,00:00:07
stefano.crapanzano@chu.ulg.ac.be,Envoyés - erp.sai@chuliege.be - Mozilla Thunderbird,Helpdesk général,2021-06-01,15:50:44,00:00:04
stefano.crapanzano@chu.ulg.ac.be,Envoyés - erp.sai@chuliege.be - Mozilla Thunderbird,Helpdesk général,2021-06-01,15:58:18,00:00:03
stefano.crapanzano@chu.ulg.ac.be,Courrier entrant - stefano.crapanzano@chuliege.be - Mozilla Thunderbird,Helpdesk général,2021-06-01,09:29:18,00:01:32
stefano.crapanzano@chu.ulg.ac.be,Courrier entrant - stefano.crapanzano@chuliege.be - Mozilla Thunderbird,Helpdesk général,2021-06-01,09:31:48,00:00:24
stefano.crapanzano@chu.ulg.ac.be,Courrier entrant - stefano.crapanzano@chuliege.be - Mozilla Thunderbird,Helpdesk général,2021-06-01,10:28:27,00:00:08
stefano.crapanzano@chu.ulg.ac.be,Courrier entrant - stefano.crapanzano@chuliege.be - Mozilla Thunderbird,Helpdesk général,2021-06-01,10:29:17,00:00:09
stefano.crapanzano@chu.ulg.ac.be,Courrier entrant - stefano.crapanzano@chuliege.be - Mozilla Thunderbird,Helpdesk général,2021-06-01,10:42:48,00:00:03
stefano.crapanzano@chu.ulg.ac.be,Courrier entrant - stefano.crapanzano@chuliege.be - Mozilla Thunderbird,Helpdesk général,2021-06-01,10:44:04,00:00:03
stefano.crapanzano@chu.ulg.ac.be,Courrier entrant - stefano.crapanzano@chuliege.be - Mozilla Thunderbird,Helpdesk général,2021-06-01,10:45:49,00:01:15
stefano.crapanzano@chu.ulg.ac.be,Courrier entrant - stefano.crapanzano@chuliege.be - Mozilla Thunderbird,Helpdesk général,2021-06-01,10:58:23,00:00:02
stefano.crapanzano@chu.ulg.ac.be,Courrier entrant - stefano.crapanzano@chuliege.be - Mozilla Thunderbird,Helpdesk général,2021-06-01,10:59:54,00:00:02
stefano.crapanzano@chu.ulg.ac.be,Courrier entrant - stefano.crapanzano@chuliege.be - Mozilla Thunderbird,Helpdesk général,2021-06-01,11:01:12,00:00:04
stefano.crapanzano@chu.ulg.ac.be,Courrier entrant - stefano.crapanzano@chuliege.be - Mozilla Thunderbird,Helpdesk général,2021-06-01,11:04:04,00:08:25
stefano.crapanzano@chu.ulg.ac.be,Courrier entrant - stefano.crapanzano@chuliege.be - Mozilla Thunderbird,Helpdesk général,2021-06-01,11:22:36,00:00:02
stefano.crapanzano@chu.ulg.ac.be,Courrier entrant - stefano.crapanzano@chuliege.be - Mozilla Thunderbird,Helpdesk général,2021-06-01,11:28:28,00:00:31
stefano.crapanzano@chu.ulg.ac.be,Courrier entrant - stefano.crapanzano@chuliege.be - Mozilla Thunderbird,Helpdesk général,2021-06-01,11:29:04,00:00:10
stefano.crapanzano@chu.ulg.ac.be,Courrier entrant - stefano.crapanzano@chuliege.be - Mozilla Thunderbird,Helpdesk général,2021-06-01,11:30:46,00:00:18
stefano.crapanzano@chu.ulg.ac.be,Courrier entrant - stefano.crapanzano@chuliege.be - Mozilla Thunderbird,Helpdesk général,2021-06-01,11:31:39,00:00:03
stefano.crapanzano@chu.ulg.ac.be,Courrier entrant - stefano.crapanzano@chuliege.be - Mozilla Thunderbird,Helpdesk général,2021-06-01,11:33:15,00:00:04
stefano.crapanzano@chu.ulg.ac.be,Courrier entrant - stefano.crapanzano@chuliege.be - Mozilla Thunderbird,Helpdesk général,2021-06-01,12:00:55,00:00:34
stefano.crapanzano@chu.ulg.ac.be,Courrier entrant - stefano.crapanzano@chuliege.be - Mozilla Thunderbird,Helpdesk général,2021-06-01,13:30:02,00:00:20
stefano.crapanzano@chu.ulg.ac.be,Courrier entrant - stefano.crapanzano@chuliege.be - Mozilla Thunderbird,Helpdesk général,2021-06-01,13:30:28,00:00:04
stefano.crapanzano@chu.ulg.ac.be,Courrier entrant - stefano.crapanzano@chuliege.be - Mozilla Thunderbird,Helpdesk général,2021-06-01,13:30:41,00:24:19
stefano.crapanzano@chu.ulg.ac.be,Courrier entrant - stefano.crapanzano@chuliege.be - Mozilla Thunderbird,Helpdesk général,2021-06-01,14:01:13,00:00:06
stefano.crapanzano@chu.ulg.ac.be,Courrier entrant - stefano.crapanzano@chuliege.be - Mozilla Thunderbird,Helpdesk général,2021-06-01,14:01:23,00:03:05
stefano.crapanzano@chu.ulg.ac.be,Courrier entrant - stefano.crapanzano@chuliege.be - Mozilla Thunderbird,Helpdesk général,2021-06-01,15:25:43,00:00:03
stefano.crapanzano@chu.ulg.ac.be,Courrier entrant - stefano.crapanzano@chuliege.be - Mozilla Thunderbird,Helpdesk général,2021-06-01,15:26:46,00:00:02
stefano.crapanzano@chu.ulg.ac.be,Courrier entrant - stefano.crapanzano@chuliege.be - Mozilla Thunderbird,Helpdesk général,2021-06-01,15:29:12,00:00:02
stefano.crapanzano@chu.ulg.ac.be,Courrier entrant - stefano.crapanzano@chuliege.be - Mozilla Thunderbird,Helpdesk général,2021-06-01,15:29:29,00:06:33
stefano.crapanzano@chu.ulg.ac.be,Courrier entrant - stefano.crapanzano@chuliege.be - Mozilla Thunderbird,Helpdesk général,2021-06-01,15:38:32,00:00:05
stefano.crapanzano@chu.ulg.ac.be,Courrier entrant - stefano.crapanzano@chuliege.be - Mozilla Thunderbird,Helpdesk général,2021-06-01,15:42:16,00:00:03
stefano.crapanzano@chu.ulg.ac.be,Courrier entrant - stefano.crapanzano@chuliege.be - Mozilla Thunderbird,Helpdesk général,2021-06-01,15:42:39,00:00:13
stefano.crapanzano@chu.ulg.ac.be,Courrier entrant - stefano.crapanzano@chuliege.be - Mozilla Thunderbird,Helpdesk général,2021-06-01,15:43:03,00:00:24
stefano.crapanzano@chu.ulg.ac.be,Courrier entrant - stefano.crapanzano@chuliege.be - Mozilla Thunderbird,Helpdesk général,2021-06-01,15:46:38,00:00:08
stefano.crapanzano@chu.ulg.ac.be,Courrier entrant - stefano.crapanzano@chuliege.be - Mozilla Thunderbird,Helpdesk général,2021-06-01,15:48:09,00:00:02
stefano.crapanzano@chu.ulg.ac.be,Courrier entrant - stefano.crapanzano@chuliege.be - Mozilla Thunderbird,Helpdesk général,2021-06-01,15:48:35,00:00:07
stefano.crapanzano@chu.ulg.ac.be,Courrier entrant - stefano.crapanzano@chuliege.be - Mozilla Thunderbird,Helpdesk général,2021-06-01,15:48:52,00:00:02
stefano.crapanzano@chu.ulg.ac.be,Courrier entrant - stefano.crapanzano@chuliege.be - Mozilla Thunderbird,Helpdesk général,2021-06-01,15:58:22,00:00:04
stefano.crapanzano@chu.ulg.ac.be,TR: Article SAP sans fabricant - Mozilla Thunderbird,Helpdesk général,2021-06-01,09:32:12,00:00:08
stefano.crapanzano@chu.ulg.ac.be,TR: Article SAP sans fabricant - Mozilla Thunderbird,Helpdesk général,2021-06-01,09:47:25,00:00:10
stefano.crapanzano@chu.ulg.ac.be,TR: Article SAP sans fabricant - Mozilla Thunderbird,Helpdesk général,2021-06-01,09:47:38,00:00:08
stefano.crapanzano@chu.ulg.ac.be,TR: Article SAP sans fabricant - Mozilla Thunderbird,Helpdesk général,2021-06-01,09:58:30,00:05:23
stefano.crapanzano@chu.ulg.ac.be,TR: Article SAP sans fabricant - Mozilla Thunderbird,Tâches diverses,2021-06-01,10:28:25,00:00:02
stefano.crapanzano@chu.ulg.ac.be,Rédaction : Re: TR: Article SAP sans fabricant - Thunderbird,Helpdesk général,2021-06-01,09:32:20,00:00:33
stefano.crapanzano@chu.ulg.ac.be,Rédaction : Re: TR: Article SAP sans fabricant - Thunderbird,Helpdesk général,2021-06-01,09:33:33,00:00:04
stefano.crapanzano@chu.ulg.ac.be,Rédaction : Re: TR: Article SAP sans fabricant - Thunderbird,Helpdesk général,2021-06-01,09:33:40,00:01:25
stefano.crapanzano@chu.ulg.ac.be,Rédaction : Re: TR: Article SAP sans fabricant - Thunderbird,Helpdesk général,2021-06-01,09:35:10,00:00:18
stefano.crapanzano@chu.ulg.ac.be,Rédaction : Re: TR: Article SAP sans fabricant - Thunderbird,Helpdesk général,2021-06-01,09:35:30,00:00:42
stefano.crapanzano@chu.ulg.ac.be,Rédaction : Re: TR: Article SAP sans fabricant - Thunderbird,Helpdesk général,2021-06-01,09:36:14,00:00:07
stefano.crapanzano@chu.ulg.ac.be,Rédaction : Re: TR: Article SAP sans fabricant - Thunderbird,Helpdesk général,2021-06-01,09:36:41,00:00:18
stefano.crapanzano@chu.ulg.ac.be,Rédaction : Re: TR: Article SAP sans fabricant - Thunderbird,Helpdesk général,2021-06-01,09:37:05,00:00:55
stefano.crapanzano@chu.ulg.ac.be,Rédaction : Re: TR: Article SAP sans fabricant - Thunderbird,Helpdesk général,2021-06-01,09:38:05,00:00:02
stefano.crapanzano@chu.ulg.ac.be,Rédaction : Re: TR: Article SAP sans fabricant - Thunderbird,Helpdesk général,2021-06-01,09:38:10,00:00:16
stefano.crapanzano@chu.ulg.ac.be,Rédaction : Re: TR: Article SAP sans fabricant - Thunderbird,Helpdesk général,2021-06-01,09:38:41,00:00:13
stefano.crapanzano@chu.ulg.ac.be,Rédaction : Re: TR: Article SAP sans fabricant - Thunderbird,Helpdesk général,2021-06-01,09:38:55,00:00:09
stefano.crapanzano@chu.ulg.ac.be,Rédaction : Re: TR: Article SAP sans fabricant - Thunderbird,Helpdesk général,2021-06-01,09:39:47,00:00:27
stefano.crapanzano@chu.ulg.ac.be,Rédaction : Re: TR: Article SAP sans fabricant - Thunderbird,Helpdesk général,2021-06-01,09:40:33,00:03:07
stefano.crapanzano@chu.ulg.ac.be,Rédaction : Re: TR: Article SAP sans fabricant - Thunderbird,Helpdesk général,2021-06-01,09:44:24,00:01:17
stefano.crapanzano@chu.ulg.ac.be,Rédaction : Re: TR: Article SAP sans fabricant - Thunderbird,Helpdesk général,2021-06-01,09:46:10,00:01:07
stefano.crapanzano@chu.ulg.ac.be,discordances_glims_sap_2021_05_31_09_47_06.xlsx - Excel,Tâches diverses,2021-06-01,09:33:06,00:00:08
stefano.crapanzano@chu.ulg.ac.be,discordances_glims_sap_2021_05_31_09_47_06.xlsx - Excel,Tâches diverses,2021-06-01,09:33:18,00:00:03
stefano.crapanzano@chu.ulg.ac.be,discordances_glims_sap_2021_05_31_09_47_06.xlsx - Excel,Tâches diverses,2021-06-01,09:35:05,00:00:04
stefano.crapanzano@chu.ulg.ac.be,discordances_glims_sap_2021_05_31_09_47_06.xlsx - Excel,Tâches diverses,2021-06-01,09:36:12,00:00:02
stefano.crapanzano@chu.ulg.ac.be,discordances_glims_sap_2021_05_31_09_47_06.xlsx - Excel,Tâches diverses,2021-06-01,09:36:21,00:00:07
stefano.crapanzano@chu.ulg.ac.be,discordances_glims_sap_2021_05_31_09_47_06.xlsx - Excel,Tâches diverses,2021-06-01,09:36:59,00:00:06
stefano.crapanzano@chu.ulg.ac.be,discordances_glims_sap_2021_05_31_09_47_06.xlsx - Excel,Tâches diverses,2021-06-01,09:38:00,00:00:04
stefano.crapanzano@chu.ulg.ac.be,discordances_glims_sap_2021_05_31_09_47_06.xlsx - Excel,Tâches diverses,2021-06-01,09:38:08,00:00:02
stefano.crapanzano@chu.ulg.ac.be,discordances_glims_sap_2021_05_31_09_47_06.xlsx - Excel,Tâches diverses,2021-06-01,09:38:28,00:00:13
stefano.crapanzano@chu.ulg.ac.be,discordances_glims_sap_2021_05_31_09_47_06.xlsx - Excel,Tâches diverses,2021-06-01,09:39:05,00:00:42
stefano.crapanzano@chu.ulg.ac.be,discordances_glims_sap_2021_05_31_09_47_06.xlsx - Excel,Tâches diverses,2021-06-01,09:43:44,00:00:39
stefano.crapanzano@chu.ulg.ac.be,discordances_glims_sap_2021_05_31_09_47_06.xlsx - Excel,Tâches diverses,2021-06-01,09:45:43,00:00:26
stefano.crapanzano@chu.ulg.ac.be,discordances_glims_sap_2021_05_31_09_47_06.xlsx - Excel,Tâches diverses,2021-06-01,11:24:16,00:00:14
stefano.crapanzano@chu.ulg.ac.be,discordances_glims_sap_2021_05_31_09_47_06.xlsx - Excel,Tâches diverses,2021-06-01,11:24:34,00:00:06
stefano.crapanzano@chu.ulg.ac.be,discordances_glims_sap_2021_05_31_09_47_06.xlsx - Excel,Tâches diverses,2021-06-01,11:24:45,00:00:45
stefano.crapanzano@chu.ulg.ac.be,discordances_glims_sap_2021_05_31_09_47_06.xlsx - Excel,Tâches diverses,2021-06-01,11:25:35,00:00:02
stefano.crapanzano@chu.ulg.ac.be,discordances_glims_sap_2021_05_31_09_47_06.xlsx - Excel,Tâches diverses,2021-06-01,11:25:39,00:00:14
stefano.crapanzano@chu.ulg.ac.be,Greenshot capture form,Helpdesk général,2021-06-01,09:33:14,00:00:03
stefano.crapanzano@chu.ulg.ac.be,Greenshot capture form,Helpdesk général,2021-06-01,09:33:22,00:00:09
stefano.crapanzano@chu.ulg.ac.be,Greenshot capture form,Helpdesk général,2021-06-01,09:36:28,00:00:10
stefano.crapanzano@chu.ulg.ac.be,Greenshot capture form,Helpdesk général,2021-06-01,10:54:22,00:00:09
stefano.crapanzano@chu.ulg.ac.be,Greenshot capture form,Helpdesk général,2021-06-01,10:55:21,00:00:10
stefano.crapanzano@chu.ulg.ac.be,Greenshot capture form,Helpdesk général,2021-06-01,10:57:04,00:00:07
stefano.crapanzano@chu.ulg.ac.be,Greenshot capture form,Helpdesk général,2021-06-01,11:53:09,00:00:07
stefano.crapanzano@chu.ulg.ac.be,Greenshot capture form,Helpdesk général,2021-06-01,13:02:47,00:00:09
stefano.crapanzano@chu.ulg.ac.be,Nouvel onglet - Google Chrome,Tâches diverses,2021-06-01,09:47:48,00:00:04
stefano.crapanzano@chu.ulg.ac.be,Identification - Google Chrome,Tâches diverses,2021-06-01,09:47:53,00:00:07
stefano.crapanzano@chu.ulg.ac.be,myCHU - Google Chrome,Tâches diverses,2021-06-01,09:48:01,00:10:27
stefano.crapanzano@chu.ulg.ac.be,Ecran initial du Quickviewer,Exploration SAP,2021-06-01,10:09:21,00:00:02
stefano.crapanzano@chu.ulg.ac.be,SAP Easy Access Menu de base Applications financières-économiques,Exploration SAP,2021-06-01,10:09:23,00:00:19
stefano.crapanzano@chu.ulg.ac.be,SAP Easy Access Menu de base Applications financières-économiques,Exploration SAP,2021-06-01,10:17:43,00:00:09
stefano.crapanzano@chu.ulg.ac.be,SAP Easy Access Menu de base Applications financières-économiques,Exploration SAP,2021-06-01,10:49:16,00:00:04
stefano.crapanzano@chu.ulg.ac.be,SAP Easy Access Menu de base Applications financières-économiques,Exploration SAP,2021-06-01,10:50:16,00:00:08
stefano.crapanzano@chu.ulg.ac.be,SAP Easy Access Menu de base Applications financières-économiques,Exploration SAP,2021-06-01,10:51:12,00:00:07
stefano.crapanzano@chu.ulg.ac.be,SAP Easy Access Menu de base Applications financières-économiques,Exploration SAP,2021-06-01,10:51:21,00:00:07
stefano.crapanzano@chu.ulg.ac.be,SAP Easy Access Menu de base Applications financières-économiques,Exploration SAP,2021-06-01,11:00:00,00:00:03
stefano.crapanzano@chu.ulg.ac.be,SAP Easy Access Menu de base Applications financières-économiques,Exploration SAP,2021-06-01,13:01:43,00:00:09
stefano.crapanzano@chu.ulg.ac.be,SAP Easy Access Menu de base Applications financières-économiques,Exploration SAP,2021-06-01,15:04:17,00:00:03
stefano.crapanzano@chu.ulg.ac.be,SAP Easy Access Menu de base Applications financières-économiques,Exploration SAP,2021-06-01,15:05:04,00:00:03
stefano.crapanzano@chu.ulg.ac.be,SAP Easy Access Menu de base Applications financières-économiques,Exploration SAP,2021-06-01,15:06:11,00:00:03
stefano.crapanzano@chu.ulg.ac.be,SAP Easy Access Menu de base Applications financières-économiques,Exploration SAP,2021-06-01,15:06:34,00:02:35
stefano.crapanzano@chu.ulg.ac.be,SAP Easy Access Menu de base Applications financières-économiques,Exploration SAP,2021-06-01,15:18:34,00:00:10
stefano.crapanzano@chu.ulg.ac.be,SAP Easy Access Menu de base Applications financières-économiques,Helpdesk général,2021-06-01,15:36:03,00:00:12
stefano.crapanzano@chu.ulg.ac.be,Afficher article (Initial Screen),Exploration SAP,2021-06-01,10:09:43,00:00:52
stefano.crapanzano@chu.ulg.ac.be,Afficher article (Initial Screen),Exploration SAP,2021-06-01,10:10:40,00:00:33
stefano.crapanzano@chu.ulg.ac.be,Afficher article (Initial Screen),Exploration SAP,2021-06-01,10:11:16,00:00:22
stefano.crapanzano@chu.ulg.ac.be,Afficher article (Initial Screen),Exploration SAP,2021-06-01,10:17:52,00:00:02
stefano.crapanzano@chu.ulg.ac.be,Afficher article (Initial Screen),Exploration SAP,2021-06-01,15:06:08,00:00:03
stefano.crapanzano@chu.ulg.ac.be,Select View(s),Exploration SAP,2021-06-01,10:11:39,00:00:02
stefano.crapanzano@chu.ulg.ac.be,Select View(s),Exploration SAP,2021-06-01,10:12:10,00:00:03
stefano.crapanzano@chu.ulg.ac.be,Select View(s),Exploration SAP,2021-06-01,10:17:55,00:00:09
stefano.crapanzano@chu.ulg.ac.be,Organizational Levels,Exploration SAP,2021-06-01,10:18:04,00:00:02
stefano.crapanzano@chu.ulg.ac.be,TypeAheadPopup,Exploration SAP,2021-06-01,10:18:07,00:00:02
stefano.crapanzano@chu.ulg.ac.be,TypeAheadPopup,Exploration SAP,2021-06-01,13:01:55,00:00:03
stefano.crapanzano@chu.ulg.ac.be,Afficher article 600815 (ARTICLE WM Stock),Exploration SAP,2021-06-01,10:12:17,00:00:29
stefano.crapanzano@chu.ulg.ac.be,Afficher article 600815 (ARTICLE WM Stock),Exploration SAP,2021-06-01,10:15:20,00:00:02
stefano.crapanzano@chu.ulg.ac.be,Afficher article 600815 (ARTICLE WM Stock),Exploration SAP,2021-06-01,10:15:29,00:02:09
stefano.crapanzano@chu.ulg.ac.be,Afficher article 600815 (ARTICLE WM Stock),Exploration SAP,2021-06-01,10:18:09,00:02:10
stefano.crapanzano@chu.ulg.ac.be,Afficher article 600815 (ARTICLE WM Stock),Exploration SAP,2021-06-01,10:49:14,00:00:02
stefano.crapanzano@chu.ulg.ac.be,Afficher article 600815 (ARTICLE WM Stock),Exploration SAP,2021-06-01,13:01:34,00:00:02
stefano.crapanzano@chu.ulg.ac.be,Afficher article 600815 (ARTICLE WM Stock),Exploration SAP,2021-06-01,15:06:05,00:00:02
stefano.crapanzano@chu.ulg.ac.be,Catégorie de classe 4 Entrées,Exploration SAP,2021-06-01,10:15:23,00:00:06
stefano.crapanzano@chu.ulg.ac.be,SAP Logon 750,Exploration SAP,2021-06-01,10:17:39,00:00:03
stefano.crapanzano@chu.ulg.ac.be,SAP Logon 750,Exploration SAP,2021-06-01,13:01:37,00:00:03
stefano.crapanzano@chu.ulg.ac.be,discordances_glims_sap_2021_06_01_10_27_28.xlsx - Excel,Tâches diverses,2021-06-01,10:28:07,00:00:18
stefano.crapanzano@chu.ulg.ac.be,discordances_glims_sap_2021_06_01_10_27_28.xlsx - Excel,Tâches diverses,2021-06-01,10:29:29,00:02:14
stefano.crapanzano@chu.ulg.ac.be,discordances_glims_sap_2021_06_01_10_27_28.xlsx - Excel,Tâches diverses,2021-06-01,10:31:45,00:00:16
stefano.crapanzano@chu.ulg.ac.be,discordances_glims_sap_2021_06_01_10_27_28.xlsx - Excel,Tâches diverses,2021-06-01,10:32:03,00:00:05
stefano.crapanzano@chu.ulg.ac.be,discordances_glims_sap_2021_06_01_10_27_28.xlsx - Excel,Tâches diverses,2021-06-01,10:32:12,00:02:03
stefano.crapanzano@chu.ulg.ac.be,discordances_glims_sap_2021_06_01_10_27_28.xlsx - Excel,Tâches diverses,2021-06-01,10:34:41,00:00:34
stefano.crapanzano@chu.ulg.ac.be,discordances_glims_sap_2021_06_01_10_27_28.xlsx - Excel,Tâches diverses,2021-06-01,10:35:34,00:05:06
stefano.crapanzano@chu.ulg.ac.be,Rédaction : Re: [ GOAL ] Discordances entre GLIMS et SAP - Thunderbird,Helpdesk général,2021-06-01,10:28:36,00:00:19
stefano.crapanzano@chu.ulg.ac.be,Rédaction : Re: [ GOAL ] Discordances entre GLIMS et SAP - Thunderbird,Helpdesk général,2021-06-01,10:28:56,00:00:02
stefano.crapanzano@chu.ulg.ac.be,Rédaction : Re: [ GOAL ] Discordances entre GLIMS et SAP - Thunderbird,Helpdesk général,2021-06-01,10:29:09,00:00:03
stefano.crapanzano@chu.ulg.ac.be,Joindre les fichiers,Helpdesk général,2021-06-01,10:29:05,00:00:03
stefano.crapanzano@chu.ulg.ac.be,Joindre les fichiers,Helpdesk général,2021-06-01,10:42:55,00:00:10
stefano.crapanzano@chu.ulg.ac.be,\\filesrv01.st.chulg\oazis_prod\APPL_PROD\SOURCES\BAT\ERP\CHL_ERP_GOAL_EXTRACT_ARTICLES_PE2_LABO.bat - Notepad++ [Administrator],IT,2021-06-01,10:40:55,00:00:10
stefano.crapanzano@chu.ulg.ac.be,\\filesrv01.st.chulg\oazis_prod\APPL_PROD\SOURCES\BAT\ERP\CHL_ERP_GOAL_EXTRACT_ARTICLES_PE2_LABO.bat - Notepad++ [Administrator],IT,2021-06-01,10:41:19,00:00:08
stefano.crapanzano@chu.ulg.ac.be,\\filesrv01.st.chulg\oazis_prod\APPL_PROD\SOURCES\BAT\ERP\CHL_ERP_GOAL_EXTRACT_ARTICLES_PE2_LABO.bat - Notepad++ [Administrator],IT,2021-06-01,10:43:54,00:00:02
stefano.crapanzano@chu.ulg.ac.be,\\filesrv01.st.chulg\oazis_prod\APPL_PROD\SOURCES\BAT\ERP\CHL_ERP_GOAL_EXTRACT_ARTICLES_PE2_LABO.bat - Notepad++ [Administrator],IT,2021-06-01,15:43:50,00:00:08
stefano.crapanzano@chu.ulg.ac.be,Administrateur : C:\Windows\System32\cmd.exe - \\filesrv01.st.chulg\oazis_prod\APPL_PROD\SOURCES\BAT\ERP\CHL_ERP_GOAL_EXTRACT_ARTICLES_PE2_LABO.bat,IT,2021-06-01,10:41:28,00:00:02
stefano.crapanzano@chu.ulg.ac.be,Administrateur : C:\Windows\System32\cmd.exe - \\filesrv01.st.chulg\oazis_prod\APPL_PROD\SOURCES\BAT\ERP\CHL_ERP_GOAL_EXTRACT_ARTICLES_PE2_LABO.bat,IT,2021-06-01,15:44:30,00:00:10
stefano.crapanzano@chu.ulg.ac.be,C:\temp\pe2_goal_extract_articles_2021_05_01_10_41_28.csv - Notepad++ [Administrator],IT,2021-06-01,10:42:41,00:00:02
stefano.crapanzano@chu.ulg.ac.be,Rédaction : (pas de sujet) - Thunderbird,Helpdesk général,2021-06-01,10:42:53,00:00:02
stefano.crapanzano@chu.ulg.ac.be,Rédaction : (pas de sujet) - Thunderbird,Helpdesk général,2021-06-01,10:43:06,00:00:22
stefano.crapanzano@chu.ulg.ac.be,Rédaction : (pas de sujet) - Thunderbird,Helpdesk général,2021-06-01,11:53:27,00:00:07
stefano.crapanzano@chu.ulg.ac.be,Rédaction : (pas de sujet) - Thunderbird,Helpdesk général,2021-06-01,15:26:49,00:00:03
stefano.crapanzano@chu.ulg.ac.be,Rédaction : Extract articles - Thunderbird,Helpdesk général,2021-06-01,10:43:30,00:00:02
stefano.crapanzano@chu.ulg.ac.be,Rédaction : Extract articles SAP Prod - Thunderbird,Helpdesk général,2021-06-01,10:43:33,00:00:13
stefano.crapanzano@chu.ulg.ac.be,Envoi du message - Extract articles SAP Prod,Helpdesk général,2021-06-01,10:43:49,00:00:02
stefano.crapanzano@chu.ulg.ac.be,Stefano CRAPANZANO - erp.sai@chuliege.be - Mozilla Thunderbird,Helpdesk général,2021-06-01,10:47:12,00:00:04
stefano.crapanzano@chu.ulg.ac.be,Stefano CRAPANZANO - erp.sai@chuliege.be - Mozilla Thunderbird,Helpdesk général,2021-06-01,10:58:20,00:00:03
stefano.crapanzano@chu.ulg.ac.be,Stefano CRAPANZANO - erp.sai@chuliege.be - Mozilla Thunderbird,Helpdesk général,2021-06-01,15:49:00,00:00:27
stefano.crapanzano@chu.ulg.ac.be,Commande interv. 40 4000205997 créée par WEBUSERCHU,Exploration SAP,2021-06-01,10:49:21,00:00:02
stefano.crapanzano@chu.ulg.ac.be,Commande interv. 40 4000205997 créée par WEBUSERCHU,Exploration SAP,2021-06-01,13:02:00,00:00:13
stefano.crapanzano@chu.ulg.ac.be,Commande interv. 40 4000205997 créée par WEBUSERCHU,Exploration SAP,2021-06-01,13:03:09,00:00:02
stefano.crapanzano@chu.ulg.ac.be,Commande interv. 40 4000205997 créée par WEBUSERCHU,Exploration SAP,2021-06-01,13:03:46,00:00:05
stefano.crapanzano@chu.ulg.ac.be,Commande interv. 40 4000205997 créée par WEBUSERCHU,Exploration SAP,2021-06-01,13:13:14,00:00:03
stefano.crapanzano@chu.ulg.ac.be,Commande interv. 40 4000205997 créée par WEBUSERCHU,Exploration SAP,2021-06-01,13:13:20,00:00:02
stefano.crapanzano@chu.ulg.ac.be,Sélectionner document,Exploration SAP,2021-06-01,10:49:24,00:00:02
stefano.crapanzano@chu.ulg.ac.be,Sélectionner document,Exploration SAP,2021-06-01,13:02:13,00:00:02
stefano.crapanzano@chu.ulg.ac.be,Sélectionner document,Exploration SAP,2021-06-01,13:03:05,00:00:04
stefano.crapanzano@chu.ulg.ac.be,Sélectionner document,Exploration SAP,2021-06-01,13:13:23,00:00:02
stefano.crapanzano@chu.ulg.ac.be,Commande interv. 40 4000132225 créée par Isabelle DEPIERREUX,Exploration SAP,2021-06-01,10:49:26,00:00:44
stefano.crapanzano@chu.ulg.ac.be,Commande interv. 40 4000132225 créée par Isabelle DEPIERREUX,Exploration SAP,2021-06-01,10:50:14,00:00:02
stefano.crapanzano@chu.ulg.ac.be,Commande interv. 40 4000132225 créée par Isabelle DEPIERREUX,Exploration SAP,2021-06-01,10:53:27,00:00:03
stefano.crapanzano@chu.ulg.ac.be,Commande interv. 40 4000132225 créée par Isabelle DEPIERREUX,Exploration SAP,2021-06-01,10:54:16,00:00:06
stefano.crapanzano@chu.ulg.ac.be,Commande interv. 40 4000132225 créée par Isabelle DEPIERREUX,Exploration SAP,2021-06-01,10:56:54,00:00:10
stefano.crapanzano@chu.ulg.ac.be,Commande interv. 40 4000132225 créée par Isabelle DEPIERREUX,Exploration SAP,2021-06-01,10:59:57,00:00:02
stefano.crapanzano@chu.ulg.ac.be,CCMS : ensembles de moniteurs - Fonctions de gestion désactivées,Exploration SAP,2021-06-01,10:51:19,00:00:02
stefano.crapanzano@chu.ulg.ac.be,Rapport historique de paniers,Exploration SAP,2021-06-01,10:51:28,00:00:36
stefano.crapanzano@chu.ulg.ac.be,Rapport historique de paniers,Exploration SAP,2021-06-01,10:52:31,00:00:02
stefano.crapanzano@chu.ulg.ac.be,Rapport historique de paniers,Exploration SAP,2021-06-01,10:52:38,00:00:02
stefano.crapanzano@chu.ulg.ac.be,Rapport historique de paniers,Exploration SAP,2021-06-01,10:53:21,00:00:02
stefano.crapanzano@chu.ulg.ac.be,Serveur occupé,Exploration SAP,2021-06-01,10:52:19,00:00:02
stefano.crapanzano@chu.ulg.ac.be,Greenshot Éditeur d'Image,Helpdesk général,2021-06-01,10:54:32,00:00:24
stefano.crapanzano@chu.ulg.ac.be,Greenshot Éditeur d'Image,Helpdesk général,2021-06-01,10:57:12,00:00:08
stefano.crapanzano@chu.ulg.ac.be,Greenshot Éditeur d'Image,Helpdesk général,2021-06-01,13:02:56,00:00:02
stefano.crapanzano@chu.ulg.ac.be,Greenshot Éditeur d'Image,Helpdesk général,2021-06-01,13:03:13,00:00:10
stefano.crapanzano@chu.ulg.ac.be,Greenshot Éditeur d'Image,Helpdesk général,2021-06-01,13:06:22,00:00:02
stefano.crapanzano@chu.ulg.ac.be,Greenshot Éditeur d'Image,Helpdesk général,2021-06-01,13:28:27,00:00:02
stefano.crapanzano@chu.ulg.ac.be,Enregistrer sous,Helpdesk général,2021-06-01,10:55:47,00:00:02
stefano.crapanzano@chu.ulg.ac.be,Enregistrer sous,Helpdesk général,2021-06-01,10:57:21,00:00:02
stefano.crapanzano@chu.ulg.ac.be,Enregistrer sous,Helpdesk général,2021-06-01,13:03:24,00:00:02
stefano.crapanzano@chu.ulg.ac.be,Enregistrer sous,Helpdesk général,2021-06-01,13:06:24,00:00:03
stefano.crapanzano@chu.ulg.ac.be,Enregistrer sous,Helpdesk général,2021-06-01,13:28:29,00:00:02
stefano.crapanzano@chu.ulg.ac.be,C:\temp\screenshots\2021-06-01 10_54_21-Commande interv. 40 4000132225 créée par Isabelle DEPIERREUX.png - Greenshot Éditeur d'Image,Helpdesk général,2021-06-01,10:55:10,00:00:02
stefano.crapanzano@chu.ulg.ac.be,Enregistrer la pièce jointe,Helpdesk général,2021-06-01,10:58:38,00:00:09
stefano.crapanzano@chu.ulg.ac.be,Sélection de jobs simple,Exploration SAP,2021-06-01,11:00:03,00:00:12
stefano.crapanzano@chu.ulg.ac.be,Synthèse des jobs,Exploration SAP,2021-06-01,11:00:15,00:00:02
stefano.crapanzano@chu.ulg.ac.be,Synthèse des jobs,Exploration SAP,2021-06-01,11:01:07,00:00:03
stefano.crapanzano@chu.ulg.ac.be,Afficher job C203_ZHUL_EDICOM,Exploration SAP,2021-06-01,11:00:18,00:00:03
stefano.crapanzano@chu.ulg.ac.be,Afficher job C203_ZHUL_EDICOM,Exploration SAP,2021-06-01,11:00:49,00:00:02
stefano.crapanzano@chu.ulg.ac.be,Afficher job C203_ZHUL_EDICOM,Exploration SAP,2021-06-01,11:00:54,00:00:02
stefano.crapanzano@chu.ulg.ac.be,Afficher job C203_ZHUL_EDICOM,Exploration SAP,2021-06-01,11:01:05,00:00:02
stefano.crapanzano@chu.ulg.ac.be,Aperçu de liste d'étapes,Exploration SAP,2021-06-01,11:00:21,00:00:12
stefano.crapanzano@chu.ulg.ac.be,Aperçu de liste d'étapes,Exploration SAP,2021-06-01,11:00:39,00:00:02
stefano.crapanzano@chu.ulg.ac.be,Aperçu de liste d'étapes,Exploration SAP,2021-06-01,11:00:45,00:00:03
stefano.crapanzano@chu.ulg.ac.be,Afficher étape  1,Exploration SAP,2021-06-01,11:00:33,00:00:06
stefano.crapanzano@chu.ulg.ac.be,Afficher étape  2,Exploration SAP,2021-06-01,11:00:42,00:00:03
stefano.crapanzano@chu.ulg.ac.be,Informations détaillées du job C203_ZHUL_EDICOM,Exploration SAP,2021-06-01,11:00:51,00:00:02
stefano.crapanzano@chu.ulg.ac.be,Protocole du job C203_ZHUL_EDICOM / 15234100,Exploration SAP,2021-06-01,11:00:56,00:00:08
stefano.crapanzano@chu.ulg.ac.be,erp.sai - erp.sai@chuliege.be - Mozilla Thunderbird,Helpdesk général,2021-06-01,11:01:16,00:02:48
stefano.crapanzano@chu.ulg.ac.be,erp.sai - erp.sai@chuliege.be - Mozilla Thunderbird,Helpdesk général,2021-06-01,13:15:57,00:00:31
stefano.crapanzano@chu.ulg.ac.be,erp.sai - erp.sai@chuliege.be - Mozilla Thunderbird,Helpdesk général,2021-06-01,13:16:38,00:00:10
stefano.crapanzano@chu.ulg.ac.be,erp.sai - erp.sai@chuliege.be - Mozilla Thunderbird,Helpdesk général,2021-06-01,13:17:24,00:00:02
stefano.crapanzano@chu.ulg.ac.be,Rédaction : Fwd: Comparaison GLIMS / SAP - Thunderbird,Helpdesk général,2021-06-01,11:12:30,00:10:04
stefano.crapanzano@chu.ulg.ac.be,Rédaction : Fwd: Comparaison GLIMS / SAP - Thunderbird,Helpdesk général,2021-06-01,11:22:52,00:01:19
stefano.crapanzano@chu.ulg.ac.be,Rédaction : Fwd: Comparaison GLIMS / SAP - Thunderbird,Helpdesk général,2021-06-01,11:25:55,00:01:19
stefano.crapanzano@chu.ulg.ac.be,Rédaction : Fwd: Comparaison GLIMS / SAP - Thunderbird,Helpdesk général,2021-06-01,11:29:15,00:01:29
stefano.crapanzano@chu.ulg.ac.be,Rédaction : Fwd: Comparaison GLIMS / SAP - Thunderbird,Helpdesk général,2021-06-01,11:31:44,00:01:28
stefano.crapanzano@chu.ulg.ac.be,Rédaction : Fwd: Comparaison GLIMS / SAP - Thunderbird,Helpdesk général,2021-06-01,13:25:13,00:00:03
stefano.crapanzano@chu.ulg.ac.be,Microsoft Excel,Tâches diverses,2021-06-01,11:24:31,00:00:03
stefano.crapanzano@chu.ulg.ac.be,Rechercher et remplacer,Tâches diverses,2021-06-01,11:24:41,00:00:04
stefano.crapanzano@chu.ulg.ac.be,Notification par courrier électronique,Helpdesk général,2021-06-01,11:28:59,00:00:04
stefano.crapanzano@chu.ulg.ac.be,Rédaction : Fwd: GOAL : MEP GLIMS - Thunderbird,Helpdesk général,2021-06-01,11:31:04,00:00:28
stefano.crapanzano@chu.ulg.ac.be,Rédaction : Fwd: GOAL : MEP GLIMS - Thunderbird,Helpdesk général,2021-06-01,13:30:23,00:00:04
stefano.crapanzano@chu.ulg.ac.be,Rédaction : Fwd: GOAL : MEP GLIMS - Thunderbird,Helpdesk général,2021-06-01,13:30:34,00:00:04
stefano.crapanzano@chu.ulg.ac.be,Fwd: Comparaison GLIMS / SAP - Mozilla Thunderbird,Helpdesk général,2021-06-01,11:52:31,00:00:37
stefano.crapanzano@chu.ulg.ac.be,Fwd: Comparaison GLIMS / SAP - Mozilla Thunderbird,Helpdesk général,2021-06-01,11:53:21,00:00:03
stefano.crapanzano@chu.ulg.ac.be,Fwd: Comparaison GLIMS / SAP - Mozilla Thunderbird,Helpdesk général,2021-06-01,13:17:22,00:00:02
stefano.crapanzano@chu.ulg.ac.be,Rappel de sujet,Helpdesk général,2021-06-01,11:53:34,00:00:02
stefano.crapanzano@chu.ulg.ac.be,Commande interv. 40 4000205977 créée par WEBUSERCHU,Exploration SAP,2021-06-01,13:02:17,00:00:30
stefano.crapanzano@chu.ulg.ac.be,Commande interv. 40 4000205977 créée par WEBUSERCHU,Exploration SAP,2021-06-01,13:03:02,00:00:02
stefano.crapanzano@chu.ulg.ac.be,Commande interv. 40 4000205977 créée par WEBUSERCHU,Exploration SAP,2021-06-01,13:13:26,00:00:09
stefano.crapanzano@chu.ulg.ac.be,Commande interv. 40 4000205977 créée par WEBUSERCHU,Exploration SAP,2021-06-01,13:13:38,00:01:56
stefano.crapanzano@chu.ulg.ac.be,Commande interv. 40 4000205977 créée par WEBUSERCHU,Exploration SAP,2021-06-01,13:18:28,00:00:03
stefano.crapanzano@chu.ulg.ac.be,Commande interv. 40 4000205977 créée par WEBUSERCHU,Exploration SAP,2021-06-01,13:55:11,00:00:02
stefano.crapanzano@chu.ulg.ac.be,C:\temp\screenshots\2021-06-01 13_02_45-Commande interv. 40 4000205977 créée par WEBUSERCHU.png - Greenshot Éditeur d'Image,Helpdesk général,2021-06-01,13:04:44,00:00:02
stefano.crapanzano@chu.ulg.ac.be,C:\temp\screenshots\2021-06-01 13_06_18-Clipboard.png - Greenshot Éditeur d'Image,Helpdesk général,2021-06-01,13:06:28,00:00:02
stefano.crapanzano@chu.ulg.ac.be,Pas de modifications Commande achat 4000205977,Exploration SAP,2021-06-01,13:13:36,00:00:02
stefano.crapanzano@chu.ulg.ac.be,mednuc - Mozilla Thunderbird,Helpdesk général,2021-06-01,13:15:45,00:00:07
stefano.crapanzano@chu.ulg.ac.be,CHL_ERMAIL_MEDNUC - Mozilla Thunderbird,Helpdesk général,2021-06-01,13:16:29,00:00:04
stefano.crapanzano@chu.ulg.ac.be,CHL_ERP_MAIL_MEDNUC - Mozilla Thunderbird,Helpdesk général,2021-06-01,13:16:33,00:00:04
stefano.crapanzano@chu.ulg.ac.be,CHL_ERP_MAIL_MEDNUC_MONITORING - Mozilla Thunderbird,Helpdesk général,2021-06-01,13:16:49,00:00:20
stefano.crapanzano@chu.ulg.ac.be,CHL_ERP_MAIL_MEDNUC_MONITORING - Mozilla Thunderbird,Helpdesk général,2021-06-01,13:17:18,00:00:03
stefano.crapanzano@chu.ulg.ac.be,CHL_ERP_MAIL_MEDNUC_MONITORING - Mozilla Thunderbird,Helpdesk général,2021-06-01,13:17:29,00:00:20
stefano.crapanzano@chu.ulg.ac.be,CHL_ERP_MAIL_MEDNUC_MONITORING - Mozilla Thunderbird,Helpdesk général,2021-06-01,13:17:59,00:00:12
stefano.crapanzano@chu.ulg.ac.be,CHL_ERP_MAIL_MEDNUC_MONITORING - Mozilla Thunderbird,Helpdesk général,2021-06-01,13:18:14,00:00:13
stefano.crapanzano@chu.ulg.ac.be,CHL_ERP_MAIL_MEDNUC_MONITORING - Mozilla Thunderbird,Helpdesk général,2021-06-01,13:18:31,00:00:21
stefano.crapanzano@chu.ulg.ac.be,CHL_ERP_MAIL_MEDNUC_MONITORING - Mozilla Thunderbird,Helpdesk général,2021-06-01,13:19:28,00:00:11
stefano.crapanzano@chu.ulg.ac.be,CHL_ERP_MAIL_MEDNUC_MONITORING - Mozilla Thunderbird,Helpdesk général,2021-06-01,13:19:47,00:00:03
stefano.crapanzano@chu.ulg.ac.be,[ CHL_ERP_MAIL_MEDNUC_MONITORING ] ATTENTION Mail non envoye au fournisseur - Mozilla Thunderbird,Helpdesk général,2021-06-01,13:17:10,00:00:08
stefano.crapanzano@chu.ulg.ac.be,Erreur dans le test ERP_Tasks_Verif_CHL_ERP_MAIL_MEDNUC_MONITORING - Mozilla Thunderbird,Helpdesk général,2021-06-01,13:17:49,00:00:09
stefano.crapanzano@chu.ulg.ac.be,Erreur dans le test ERP_Tasks_Verif_CHL_ERP_MAIL_MEDNUC_MONITORING - Mozilla Thunderbird,Helpdesk général,2021-06-01,13:18:11,00:00:02
stefano.crapanzano@chu.ulg.ac.be,4000205977 - Mozilla Thunderbird,Helpdesk général,2021-06-01,13:19:53,00:00:09
stefano.crapanzano@chu.ulg.ac.be,Réponse au suivi et infos complémentaires ----- Fwd: ERREURS FLUX GERA-SAP A ANALYSER - Mozilla Thunderbird,Helpdesk général,2021-06-01,13:21:43,00:00:07
stefano.crapanzano@chu.ulg.ac.be,Réponse au suivi et infos complémentaires ----- Fwd: ERREURS FLUX GERA-SAP A ANALYSER - Mozilla Thunderbird,Helpdesk général,2021-06-01,13:22:58,00:00:02
stefano.crapanzano@chu.ulg.ac.be,Réponse au suivi et infos complémentaires ----- Fwd: ERREURS FLUX GERA-SAP A ANALYSER - Mozilla Thunderbird,Helpdesk général,2021-06-01,15:49:37,00:00:40
stefano.crapanzano@chu.ulg.ac.be,Réponse au suivi et infos complémentaires ----- Fwd: ERREURS FLUX GERA-SAP A ANALYSER - Mozilla Thunderbird,Helpdesk général,2021-06-01,15:50:38,00:00:06
stefano.crapanzano@chu.ulg.ac.be,Rédaction : Re: Réponse au suivi et infos complémentaires ----- Fwd: ERREURS FLUX GERA-SAP A ANALYSER - Thunderbird,Helpdesk général,2021-06-01,13:21:51,00:01:05
stefano.crapanzano@chu.ulg.ac.be,Rédaction : Re: Réponse au suivi et infos complémentaires ----- Fwd: ERREURS FLUX GERA-SAP A ANALYSER - Thunderbird,Helpdesk général,2021-06-01,13:24:21,00:00:47
stefano.crapanzano@chu.ulg.ac.be,Rédaction : Re: Réponse au suivi et infos complémentaires ----- Fwd: ERREURS FLUX GERA-SAP A ANALYSER - Thunderbird,Helpdesk général,2021-06-01,13:25:19,00:00:44
stefano.crapanzano@chu.ulg.ac.be,Rédaction : Re: Réponse au suivi et infos complémentaires ----- Fwd: ERREURS FLUX GERA-SAP A ANALYSER - Thunderbird,Helpdesk général,2021-06-01,13:29:19,00:00:27
stefano.crapanzano@chu.ulg.ac.be,Rédaction : Re: Réponse au suivi et infos complémentaires ----- Fwd: ERREURS FLUX GERA-SAP A ANALYSER - Thunderbird,Helpdesk général,2021-06-01,15:50:18,00:00:19
stefano.crapanzano@chu.ulg.ac.be,Rédaction : Re: Réponse au suivi et infos complémentaires ----- Fwd: ERREURS FLUX GERA-SAP A ANALYSER - Thunderbird,Helpdesk général,2021-06-01,15:51:05,00:01:35
stefano.crapanzano@chu.ulg.ac.be,Rédaction : Re: Réponse au suivi et infos complémentaires ----- Fwd: ERREURS FLUX GERA-SAP A ANALYSER - Thunderbird,Helpdesk général,2021-06-01,15:53:07,00:03:32
stefano.crapanzano@chu.ulg.ac.be,Rédaction : Re: Réponse au suivi et infos complémentaires ----- Fwd: ERREURS FLUX GERA-SAP A ANALYSER - Thunderbird,Helpdesk général,2021-06-01,15:56:54,00:01:18
stefano.crapanzano@chu.ulg.ac.be,régularisation - Mozilla Thunderbird,Helpdesk général,2021-06-01,13:23:05,00:00:15
stefano.crapanzano@chu.ulg.ac.be,Référence à ajouter sur le bon de commande dans le cadre d'une régularisation - Mozilla Thunderbird,Helpdesk général,2021-06-01,13:23:21,00:00:58
stefano.crapanzano@chu.ulg.ac.be,Référence à ajouter sur le bon de commande dans le cadre d'une régularisation - Mozilla Thunderbird,Helpdesk général,2021-06-01,13:27:07,00:01:02
stefano.crapanzano@chu.ulg.ac.be,Référence à ajouter sur le bon de commande dans le cadre d'une régularisation - Mozilla Thunderbird,Helpdesk général,2021-06-01,13:29:53,00:00:02
stefano.crapanzano@chu.ulg.ac.be,Commande interv. 40 4000189893 créée par WEBUSERCHU,Exploration SAP,2021-06-01,13:55:15,00:01:13
stefano.crapanzano@chu.ulg.ac.be,Commande interv. 40 4000189893 créée par WEBUSERCHU,Exploration SAP,2021-06-01,13:56:44,00:00:46
stefano.crapanzano@chu.ulg.ac.be,Commande interv. 40 4000189893 créée par WEBUSERCHU,Exploration SAP,2021-06-01,14:00:03,00:00:06
stefano.crapanzano@chu.ulg.ac.be,Commande interv. 40 4000189893 créée par WEBUSERCHU,Exploration SAP,2021-06-01,14:00:32,00:00:14
stefano.crapanzano@chu.ulg.ac.be,Commande interv. 40 4000189893 créée par WEBUSERCHU,Exploration SAP,2021-06-01,14:01:19,00:00:03
stefano.crapanzano@chu.ulg.ac.be,Commande interv. 40 4000189893 créée par WEBUSERCHU,Exploration SAP,2021-06-01,14:08:06,00:00:03
stefano.crapanzano@chu.ulg.ac.be,Commande interv. 40 4000189893 créée par WEBUSERCHU,Exploration SAP,2021-06-01,14:08:16,00:00:35
stefano.crapanzano@chu.ulg.ac.be,Commande interv. 40 4000189893 créée par WEBUSERCHU,Exploration SAP,2021-06-01,14:08:57,00:01:01
stefano.crapanzano@chu.ulg.ac.be,Commande interv. 40 4000189893 créée par WEBUSERCHU,Exploration SAP,2021-06-01,15:04:13,00:00:03
stefano.crapanzano@chu.ulg.ac.be,Commande interv. 40 4000189893 créée par WEBUSERCHU,Exploration SAP,2021-06-01,15:36:15,00:00:16
stefano.crapanzano@chu.ulg.ac.be,Commande interv. 40 4000189893 créée par WEBUSERCHU,Exploration SAP,2021-06-01,15:36:36,00:00:04
stefano.crapanzano@chu.ulg.ac.be,Commande interv. 40 4000189893 créée par WEBUSERCHU,Exploration SAP,2021-06-01,15:37:41,00:00:25
stefano.crapanzano@chu.ulg.ac.be,Commande interv. 40 4000189893 créée par WEBUSERCHU,Exploration SAP,2021-06-01,15:39:06,00:00:08
stefano.crapanzano@chu.ulg.ac.be,Commande interv. 40 4000189893 créée par WEBUSERCHU,Exploration SAP,2021-06-01,15:52:55,00:00:08
stefano.crapanzano@chu.ulg.ac.be,Commande interv. 40 4000189893 créée par WEBUSERCHU,Exploration SAP,2021-06-01,15:56:41,00:00:13
stefano.crapanzano@chu.ulg.ac.be,Afficher document de facturation préenregistré 100037179 2021,Exploration SAP,2021-06-01,13:57:31,00:00:06
stefano.crapanzano@chu.ulg.ac.be,Afficher document de facturation préenregistré 100037179 2021,Exploration SAP,2021-06-01,13:59:58,00:00:04
stefano.crapanzano@chu.ulg.ac.be,Afficher document de facturation préenregistré 100037179 2021,Exploration SAP,2021-06-01,15:39:15,00:00:04
stefano.crapanzano@chu.ulg.ac.be,Afficher document de facturation préenregistré 100037179 2021,Exploration SAP,2021-06-01,15:39:40,00:02:27
stefano.crapanzano@chu.ulg.ac.be,Afficher document de facturation préenregistré 100037179 2021,Exploration SAP,2021-06-01,15:52:48,00:00:07
stefano.crapanzano@chu.ulg.ac.be,Service : Liste des pièces jointes,Exploration SAP,2021-06-01,13:57:37,00:00:02
stefano.crapanzano@chu.ulg.ac.be,Service : Liste des pièces jointes,Exploration SAP,2021-06-01,13:59:56,00:00:02
stefano.crapanzano@chu.ulg.ac.be,Service : Liste des pièces jointes,Exploration SAP,2021-06-01,15:36:47,00:00:02
stefano.crapanzano@chu.ulg.ac.be,Service : Liste des pièces jointes,Exploration SAP,2021-06-01,15:37:37,00:00:02
stefano.crapanzano@chu.ulg.ac.be,Service : Liste des pièces jointes,Exploration SAP,2021-06-01,15:39:20,00:00:20
stefano.crapanzano@chu.ulg.ac.be,Visualiseur de documents,Exploration SAP,2021-06-01,13:57:41,00:02:11
stefano.crapanzano@chu.ulg.ac.be,Visualiseur de documents,Exploration SAP,2021-06-01,14:08:12,00:00:03
stefano.crapanzano@chu.ulg.ac.be,Visualiseur de documents,Exploration SAP,2021-06-01,15:36:49,00:00:21
stefano.crapanzano@chu.ulg.ac.be,Visualiseur de documents,Exploration SAP,2021-06-01,15:37:12,00:00:23
stefano.crapanzano@chu.ulg.ac.be,Visualiseur de documents,Exploration SAP,2021-06-01,15:38:10,00:00:13
stefano.crapanzano@chu.ulg.ac.be,Afficher le document de facturation 100000235 2021,Exploration SAP,2021-06-01,14:00:09,00:00:22
stefano.crapanzano@chu.ulg.ac.be,Afficher le document de facturation 100000235 2021,Exploration SAP,2021-06-01,15:36:41,00:00:06
stefano.crapanzano@chu.ulg.ac.be,Afficher le document de facturation 100000235 2021,Exploration SAP,2021-06-01,15:38:06,00:00:03
stefano.crapanzano@chu.ulg.ac.be,Afficher le document de facturation 100000235 2021,Exploration SAP,2021-06-01,15:38:39,00:00:27
stefano.crapanzano@chu.ulg.ac.be,Gestion des utilisateurs : écran initial,Exploration SAP,2021-06-01,15:04:21,00:00:10
stefano.crapanzano@chu.ulg.ac.be,Gestion des utilisateurs : écran initial,Exploration SAP,2021-06-01,15:05:13,00:00:02
stefano.crapanzano@chu.ulg.ac.be,Gestion des utilisateurs : écran initial,Exploration SAP,2021-06-01,15:05:25,00:00:03
stefano.crapanzano@chu.ulg.ac.be,Gestion des utilisateurs : écran initial,Exploration SAP,2021-06-01,15:05:34,00:00:10
stefano.crapanzano@chu.ulg.ac.be,Gestion des utilisateurs : écran initial,Exploration SAP,2021-06-01,15:05:50,00:00:07
stefano.crapanzano@chu.ulg.ac.be,Gestion des utilisateurs : écran initial,Exploration SAP,2021-06-01,15:09:33,00:00:04
stefano.crapanzano@chu.ulg.ac.be,Gestion des utilisateurs : écran initial,Exploration SAP,2021-06-01,15:18:31,00:00:02
stefano.crapanzano@chu.ulg.ac.be,Afficher utilisateur,Exploration SAP,2021-06-01,15:04:31,00:00:12
stefano.crapanzano@chu.ulg.ac.be,Afficher utilisateur,Exploration SAP,2021-06-01,15:05:16,00:00:09
stefano.crapanzano@chu.ulg.ac.be,Afficher utilisateur,Exploration SAP,2021-06-01,15:06:22,00:00:03
stefano.crapanzano@chu.ulg.ac.be,Gérer utilisateur,Exploration SAP,2021-06-01,15:04:43,00:00:20
stefano.crapanzano@chu.ulg.ac.be,Gérer utilisateur,Exploration SAP,2021-06-01,15:05:07,00:00:06
stefano.crapanzano@chu.ulg.ac.be,Nom de l'utilisateur ds fiche utilisateur (1),Exploration SAP,2021-06-01,15:05:29,00:00:04
stefano.crapanzano@chu.ulg.ac.be,Délimiter plage de valeurs,Exploration SAP,2021-06-01,15:06:16,00:00:02
stefano.crapanzano@chu.ulg.ac.be,Nom de l'utilisateur ds fiche utilisateur 1 Entrée,Exploration SAP,2021-06-01,15:06:19,00:00:02
stefano.crapanzano@chu.ulg.ac.be,Display Table,Exploration SAP,2021-06-01,15:09:09,00:00:14
stefano.crapanzano@chu.ulg.ac.be,Display Table,Exploration SAP,2021-06-01,15:18:45,00:00:07
stefano.crapanzano@chu.ulg.ac.be,SAP,Exploration SAP,2021-06-01,15:09:24,00:00:08
stefano.crapanzano@chu.ulg.ac.be,I:\Informatique\ERP\demandes ponctuelles\ZMMARTIKEL_20210601.csv - Notepad++ [Administrator],IT,2021-06-01,15:14:48,00:00:27
stefano.crapanzano@chu.ulg.ac.be,I:\Informatique\ERP\demandes ponctuelles\ZMMARTIKEL_20210601.csv - Notepad++ [Administrator],IT,2021-06-01,15:15:25,00:00:05
stefano.crapanzano@chu.ulg.ac.be,Délimiter plage valeurs (1)    1 Entrée trouvée,Exploration SAP,2021-06-01,15:18:52,00:00:10
stefano.crapanzano@chu.ulg.ac.be,Carnet d’adresses,Helpdesk général,2021-06-01,15:25:47,00:00:27
stefano.crapanzano@chu.ulg.ac.be,Carnet d’adresses,Helpdesk général,2021-06-01,15:26:17,00:00:19
stefano.crapanzano@chu.ulg.ac.be,Rédaction : SDERP-18612 - Thunderbird,Helpdesk général,2021-06-01,15:26:52,00:02:16
stefano.crapanzano@chu.ulg.ac.be,Afficher Document article 50002747 - Stefano CRAPANZANO,Exploration SAP,2021-06-01,15:36:32,00:00:03
stefano.crapanzano@chu.ulg.ac.be,\\filesrv01.st.chulg\oazis_prod\APPL_PROD\SOURCES\PERL\UTIL\DATE_TIME.pl - Notepad++ [Administrator],IT,2021-06-01,15:44:14,00:00:08
stefano.crapanzano@chu.ulg.ac.be,\\filesrv01.st.chulg\oazis_prod\APPL_PROD\SOURCES\PERL\UTIL - Commit - TortoiseSVN,IT,2021-06-01,15:45:56,00:00:12
stefano.crapanzano@chu.ulg.ac.be,Petite remarque ... - Mozilla Thunderbird,Helpdesk général,2021-06-01,15:46:47,00:00:02
stefano.crapanzano@chu.ulg.ac.be,Petite remarque ... - Mozilla Thunderbird,Helpdesk général,2021-06-01,15:48:04,00:00:04
stefano.crapanzano@chu.ulg.ac.be,Rédaction : Re: Petite remarque ... - Thunderbird,Helpdesk général,2021-06-01,15:46:49,00:01:13
stefano.crapanzano@chu.ulg.ac.be,Rechercher - Mozilla Thunderbird,Helpdesk général,2021-06-01,15:50:49,00:00:03
stefano.crapanzano@chu.ulg.ac.be,Envoi du message - Re: Réponse au suivi et infos complémentaires ----- Fwd: ERREURS FLUX GERA-SAP A ANALYSER,Helpdesk général,2021-06-01,15:58:13,00:00:02
