Email,Description,Project,Start date,Start time,Duration
stefano.crapanzano@chu.ulg.ac.be,Administrateur : Perl (command line) - python  main.py,IT,2021-05-31,08:27:52,00:00:02
stefano.crapanzano@chu.ulg.ac.be,Administrateur : Perl (command line) - python  main.py,IT,2021-05-31,11:29:35,00:00:03
stefano.crapanzano@chu.ulg.ac.be,Courrier entrant - erp.sai@chuliege.be - Mozilla Thunderbird,Helpdesk général,2021-05-31,08:27:55,00:00:34
stefano.crapanzano@chu.ulg.ac.be,Courrier entrant - erp.sai@chuliege.be - Mozilla Thunderbird,Helpdesk général,2021-05-31,08:28:30,00:00:54
stefano.crapanzano@chu.ulg.ac.be,Courrier entrant - erp.sai@chuliege.be - Mozilla Thunderbird,Helpdesk général,2021-05-31,08:29:28,00:00:31
stefano.crapanzano@chu.ulg.ac.be,Courrier entrant - erp.sai@chuliege.be - Mozilla Thunderbird,Helpdesk général,2021-05-31,08:30:23,00:00:08
stefano.crapanzano@chu.ulg.ac.be,Courrier entrant - erp.sai@chuliege.be - Mozilla Thunderbird,Helpdesk général,2021-05-31,08:40:16,00:00:03
stefano.crapanzano@chu.ulg.ac.be,Courrier entrant - erp.sai@chuliege.be - Mozilla Thunderbird,Helpdesk général,2021-05-31,08:41:27,00:00:20
stefano.crapanzano@chu.ulg.ac.be,Courrier entrant - erp.sai@chuliege.be - Mozilla Thunderbird,Helpdesk général,2021-05-31,08:45:28,00:00:12
stefano.crapanzano@chu.ulg.ac.be,Courrier entrant - erp.sai@chuliege.be - Mozilla Thunderbird,Helpdesk général,2021-05-31,08:48:42,00:04:55
stefano.crapanzano@chu.ulg.ac.be,Courrier entrant - erp.sai@chuliege.be - Mozilla Thunderbird,Helpdesk général,2021-05-31,09:53:42,00:00:02
stefano.crapanzano@chu.ulg.ac.be,Courrier entrant - erp.sai@chuliege.be - Mozilla Thunderbird,Helpdesk général,2021-05-31,09:53:58,00:00:03
stefano.crapanzano@chu.ulg.ac.be,Courrier entrant - erp.sai@chuliege.be - Mozilla Thunderbird,Helpdesk général,2021-05-31,11:29:39,00:19:52
stefano.crapanzano@chu.ulg.ac.be,Courrier entrant - erp.sai@chuliege.be - Mozilla Thunderbird,Helpdesk général,2021-05-31,14:10:31,00:00:02
stefano.crapanzano@chu.ulg.ac.be,Courrier entrant - erp.sai@chuliege.be - Mozilla Thunderbird,Helpdesk général,2021-05-31,14:12:58,00:08:49
stefano.crapanzano@chu.ulg.ac.be,Courrier entrant - erp.sai@chuliege.be - Mozilla Thunderbird,Helpdesk général,2021-05-31,14:22:48,00:00:16
stefano.crapanzano@chu.ulg.ac.be,Courrier entrant - erp.sai@chuliege.be - Mozilla Thunderbird,Helpdesk général,2021-05-31,14:23:08,00:00:14
stefano.crapanzano@chu.ulg.ac.be,Courrier entrant - erp.sai@chuliege.be - Mozilla Thunderbird,Helpdesk général,2021-05-31,14:33:34,00:00:03
stefano.crapanzano@chu.ulg.ac.be,Rédaction : Re: ERREURS FLUX GERA-SAP A ANALYSER - Thunderbird,Helpdesk général,2021-05-31,08:29:24,00:00:03
stefano.crapanzano@chu.ulg.ac.be,Rédaction : Re: ERREURS FLUX GERA-SAP A ANALYSER - Thunderbird,Helpdesk général,2021-05-31,08:40:22,00:00:44
stefano.crapanzano@chu.ulg.ac.be,Courrier entrant - stefano.crapanzano@chuliege.be - Mozilla Thunderbird,Helpdesk général,2021-05-31,08:29:59,00:00:24
stefano.crapanzano@chu.ulg.ac.be,Courrier entrant - stefano.crapanzano@chuliege.be - Mozilla Thunderbird,Helpdesk général,2021-05-31,08:42:42,00:00:07
stefano.crapanzano@chu.ulg.ac.be,Courrier entrant - stefano.crapanzano@chuliege.be - Mozilla Thunderbird,Helpdesk général,2021-05-31,08:43:31,00:01:56
stefano.crapanzano@chu.ulg.ac.be,Courrier entrant - stefano.crapanzano@chuliege.be - Mozilla Thunderbird,Helpdesk général,2021-05-31,08:48:27,00:00:15
stefano.crapanzano@chu.ulg.ac.be,Courrier entrant - stefano.crapanzano@chuliege.be - Mozilla Thunderbird,Helpdesk général,2021-05-31,08:54:40,00:00:34
stefano.crapanzano@chu.ulg.ac.be,Courrier entrant - stefano.crapanzano@chuliege.be - Mozilla Thunderbird,Helpdesk général,2021-05-31,08:55:29,00:01:46
stefano.crapanzano@chu.ulg.ac.be,Courrier entrant - stefano.crapanzano@chuliege.be - Mozilla Thunderbird,Helpdesk général,2021-05-31,08:58:40,00:00:04
stefano.crapanzano@chu.ulg.ac.be,Courrier entrant - stefano.crapanzano@chuliege.be - Mozilla Thunderbird,Helpdesk général,2021-05-31,08:59:07,00:00:08
stefano.crapanzano@chu.ulg.ac.be,Courrier entrant - stefano.crapanzano@chuliege.be - Mozilla Thunderbird,Helpdesk général,2021-05-31,09:49:42,00:00:08
stefano.crapanzano@chu.ulg.ac.be,Courrier entrant - stefano.crapanzano@chuliege.be - Mozilla Thunderbird,Helpdesk général,2021-05-31,09:53:39,00:00:03
stefano.crapanzano@chu.ulg.ac.be,Courrier entrant - stefano.crapanzano@chuliege.be - Mozilla Thunderbird,Helpdesk général,2021-05-31,09:54:02,01:35:33
stefano.crapanzano@chu.ulg.ac.be,Courrier entrant - stefano.crapanzano@chuliege.be - Mozilla Thunderbird,Helpdesk général,2021-05-31,14:23:04,00:00:02
stefano.crapanzano@chu.ulg.ac.be,Courrier entrant - stefano.crapanzano@chuliege.be - Mozilla Thunderbird,Helpdesk général,2021-05-31,14:33:37,00:00:17
stefano.crapanzano@chu.ulg.ac.be,Modifier l’évènement : #T-146282# . Centre Hospitalier Universitaire de Liège (CHU de Liège) -- MERCK // E-Invoicing Belgium,Helpdesk général,2021-05-31,08:30:31,00:00:03
stefano.crapanzano@chu.ulg.ac.be,Modifier l’évènement : #T-146282# . Centre Hospitalier Universitaire de Liège (CHU de Liège) -- MERCK // E-Invoicing Belgium,Helpdesk général,2021-05-31,08:57:18,00:00:16
stefano.crapanzano@chu.ulg.ac.be,Modifier l’évènement : #T-146282# . Centre Hospitalier Universitaire de Liège (CHU de Liège) -- MERCK // E-Invoicing Belgium,Helpdesk général,2021-05-31,08:57:36,00:00:03
stefano.crapanzano@chu.ulg.ac.be,Modifier l’évènement : #T-146282# . Centre Hospitalier Universitaire de Liège (CHU de Liège) -- MERCK // E-Invoicing Belgium,Helpdesk général,2021-05-31,08:58:13,00:00:09
stefano.crapanzano@chu.ulg.ac.be,CHU - Formation Ediwin,Helpdesk général,2021-05-31,08:30:35,00:09:29
stefano.crapanzano@chu.ulg.ac.be,CHU - Formation Ediwin,Helpdesk général,2021-05-31,11:49:49,00:00:02
stefano.crapanzano@chu.ulg.ac.be,Envoyés - erp.sai@chuliege.be - Mozilla Thunderbird,Helpdesk général,2021-05-31,08:40:06,00:00:09
stefano.crapanzano@chu.ulg.ac.be,Envoyés - erp.sai@chuliege.be - Mozilla Thunderbird,Helpdesk général,2021-05-31,08:41:47,00:00:54
stefano.crapanzano@chu.ulg.ac.be,Envoyés - erp.sai@chuliege.be - Mozilla Thunderbird,Helpdesk général,2021-05-31,08:45:40,00:02:46
stefano.crapanzano@chu.ulg.ac.be,ERREURS FLUX GERA-SAP A ANALYSER - Mozilla Thunderbird,Helpdesk général,2021-05-31,08:40:19,00:00:02
stefano.crapanzano@chu.ulg.ac.be,ERREURS FLUX GERA-SAP A ANALYSER - Mozilla Thunderbird,Helpdesk général,2021-05-31,08:41:08,00:00:18
stefano.crapanzano@chu.ulg.ac.be,TR: Evaluation - Mozilla Thunderbird,Helpdesk général,2021-05-31,08:42:49,00:00:03
stefano.crapanzano@chu.ulg.ac.be,TR: Evaluation - Mozilla Thunderbird,Helpdesk général,2021-05-31,08:43:27,00:00:04
stefano.crapanzano@chu.ulg.ac.be,Rédaction : Re: TR: Evaluation - Thunderbird,Helpdesk général,2021-05-31,08:42:53,00:00:31
stefano.crapanzano@chu.ulg.ac.be,1 rappel,Helpdesk général,2021-05-31,08:53:38,00:00:58
stefano.crapanzano@chu.ulg.ac.be,Navigation système de fichier,IT,2021-05-31,08:54:36,00:00:02
stefano.crapanzano@chu.ulg.ac.be,Navigation système de fichier,IT,2021-05-31,08:55:16,00:00:02
stefano.crapanzano@chu.ulg.ac.be,Navigation système de fichier,IT,2021-05-31,08:55:21,00:00:02
stefano.crapanzano@chu.ulg.ac.be,Navigation système de fichier,IT,2021-05-31,08:55:26,00:00:02
stefano.crapanzano@chu.ulg.ac.be,Navigation système de fichier,IT,2021-05-31,08:57:16,00:00:02
stefano.crapanzano@chu.ulg.ac.be,Navigation système de fichier,IT,2021-05-31,08:57:39,00:00:02
stefano.crapanzano@chu.ulg.ac.be,Navigation système de fichier,IT,2021-05-31,08:58:38,00:00:02
stefano.crapanzano@chu.ulg.ac.be,Navigation système de fichier,IT,2021-05-31,09:39:34,00:00:04
stefano.crapanzano@chu.ulg.ac.be,Navigation système de fichier,IT,2021-05-31,09:43:28,00:00:34
stefano.crapanzano@chu.ulg.ac.be,Navigation système de fichier,IT,2021-05-31,09:44:13,00:00:04
stefano.crapanzano@chu.ulg.ac.be,Navigation système de fichier,IT,2021-05-31,09:47:08,00:00:07
stefano.crapanzano@chu.ulg.ac.be,Navigation système de fichier,IT,2021-05-31,09:47:42,00:00:03
stefano.crapanzano@chu.ulg.ac.be,Navigation système de fichier,IT,2021-05-31,09:47:52,00:00:03
stefano.crapanzano@chu.ulg.ac.be,Navigation système de fichier,IT,2021-05-31,09:48:05,00:00:02
stefano.crapanzano@chu.ulg.ac.be,Navigation système de fichier,IT,2021-05-31,09:48:10,00:00:23
stefano.crapanzano@chu.ulg.ac.be,Navigation système de fichier,IT,2021-05-31,09:49:33,00:00:06
stefano.crapanzano@chu.ulg.ac.be,Navigation système de fichier,IT,2021-05-31,09:49:56,00:00:04
stefano.crapanzano@chu.ulg.ac.be,Navigation système de fichier,IT,2021-05-31,09:51:54,00:00:02
stefano.crapanzano@chu.ulg.ac.be,Navigation système de fichier,IT,2021-05-31,09:52:02,00:00:02
stefano.crapanzano@chu.ulg.ac.be,Navigation système de fichier,IT,2021-05-31,09:52:30,00:00:02
stefano.crapanzano@chu.ulg.ac.be,Navigation système de fichier,IT,2021-05-31,09:53:33,00:00:02
stefano.crapanzano@chu.ulg.ac.be,Navigation système de fichier,IT,2021-05-31,09:53:45,00:00:07
stefano.crapanzano@chu.ulg.ac.be,Navigation système de fichier,IT,2021-05-31,09:53:55,00:00:03
stefano.crapanzano@chu.ulg.ac.be,Navigation système de fichier,IT,2021-05-31,11:49:32,00:00:12
stefano.crapanzano@chu.ulg.ac.be,Navigation système de fichier,IT,2021-05-31,11:49:52,00:00:05
stefano.crapanzano@chu.ulg.ac.be,Navigation système de fichier,IT,2021-05-31,11:50:57,00:00:03
stefano.crapanzano@chu.ulg.ac.be,Navigation système de fichier,IT,2021-05-31,11:51:36,00:00:02
stefano.crapanzano@chu.ulg.ac.be,Navigation système de fichier,IT,2021-05-31,14:10:42,00:00:09
stefano.crapanzano@chu.ulg.ac.be,Navigation système de fichier,IT,2021-05-31,14:11:19,00:00:08
stefano.crapanzano@chu.ulg.ac.be,Navigation système de fichier,IT,2021-05-31,14:21:51,00:00:02
stefano.crapanzano@chu.ulg.ac.be,Navigation système de fichier,IT,2021-05-31,14:22:45,00:00:02
stefano.crapanzano@chu.ulg.ac.be,Navigation système de fichier,IT,2021-05-31,14:23:27,00:00:33
stefano.crapanzano@chu.ulg.ac.be,Navigation système de fichier,IT,2021-05-31,14:24:55,00:00:12
stefano.crapanzano@chu.ulg.ac.be,Navigation système de fichier,IT,2021-05-31,14:25:20,00:00:14
stefano.crapanzano@chu.ulg.ac.be,Navigation système de fichier,IT,2021-05-31,14:26:34,00:00:05
stefano.crapanzano@chu.ulg.ac.be,Navigation système de fichier,IT,2021-05-31,14:32:51,00:00:07
stefano.crapanzano@chu.ulg.ac.be,Navigation système de fichier,IT,2021-05-31,14:33:31,00:00:02
stefano.crapanzano@chu.ulg.ac.be,Navigation système de fichier,IT,2021-05-31,14:33:55,00:00:04
stefano.crapanzano@chu.ulg.ac.be,Navigation système de fichier,IT,2021-05-31,16:01:44,00:00:02
stefano.crapanzano@chu.ulg.ac.be,Navigation système de fichier,IT,2021-05-31,16:01:49,00:00:03
stefano.crapanzano@chu.ulg.ac.be,Navigation système de fichier,IT,2021-05-31,16:02:49,00:00:04
stefano.crapanzano@chu.ulg.ac.be,Navigation système de fichier,IT,2021-05-31,16:03:21,00:00:03
stefano.crapanzano@chu.ulg.ac.be,Navigation système de fichier,IT,2021-05-31,16:03:25,00:00:03
stefano.crapanzano@chu.ulg.ac.be,Navigation système de fichier,IT,2021-05-31,16:03:58,00:00:02
stefano.crapanzano@chu.ulg.ac.be,Navigation système de fichier,IT,2021-05-31,16:04:11,00:00:03
stefano.crapanzano@chu.ulg.ac.be,Navigation système de fichier,IT,2021-05-31,16:20:40,00:00:02
stefano.crapanzano@chu.ulg.ac.be,Navigation système de fichier,IT,2021-05-31,16:32:11,00:00:04
stefano.crapanzano@chu.ulg.ac.be,Nouvel onglet - Google Chrome,Tâches diverses,2021-05-31,08:57:44,00:00:02
stefano.crapanzano@chu.ulg.ac.be,Launch Meeting - Zoom - Google Chrome,Tâches diverses,2021-05-31,08:57:46,00:00:06
stefano.crapanzano@chu.ulg.ac.be,Launch Meeting - Zoom - Google Chrome,Tâches diverses,2021-05-31,08:57:54,00:00:03
stefano.crapanzano@chu.ulg.ac.be,Launch Meeting - Zoom - Google Chrome,Tâches diverses,2021-05-31,08:58:03,00:00:03
stefano.crapanzano@chu.ulg.ac.be,Formation Edicom,Helpdesk général,2021-05-31,08:58:45,00:00:08
stefano.crapanzano@chu.ulg.ac.be,Formation Edicom,Helpdesk général,2021-05-31,09:53:52,00:00:02
stefano.crapanzano@chu.ulg.ac.be,zoom - Mozilla Thunderbird,Helpdesk général,2021-05-31,08:59:15,00:00:08
stefano.crapanzano@chu.ulg.ac.be,Formation Edicom - Mozilla Thunderbird,Helpdesk général,2021-05-31,08:59:24,00:00:07
stefano.crapanzano@chu.ulg.ac.be,Formation Edicom - Mozilla Thunderbird,Helpdesk général,2021-05-31,08:59:45,00:01:13
stefano.crapanzano@chu.ulg.ac.be,Formation Edicom - Mozilla Thunderbird,Helpdesk général,2021-05-31,09:49:39,00:00:02
stefano.crapanzano@chu.ulg.ac.be,Programmation,IT,2021-05-31,09:39:39,00:03:48
stefano.crapanzano@chu.ulg.ac.be,Programmation,IT,2021-05-31,09:44:02,00:00:11
stefano.crapanzano@chu.ulg.ac.be,Programmation,IT,2021-05-31,09:44:17,00:02:50
stefano.crapanzano@chu.ulg.ac.be,Programmation,IT,2021-05-31,09:47:15,00:00:26
stefano.crapanzano@chu.ulg.ac.be,Programmation,IT,2021-05-31,09:47:45,00:00:06
stefano.crapanzano@chu.ulg.ac.be,Programmation,IT,2021-05-31,09:47:55,00:00:09
stefano.crapanzano@chu.ulg.ac.be,Programmation,IT,2021-05-31,09:48:07,00:00:02
stefano.crapanzano@chu.ulg.ac.be,Programmation,IT,2021-05-31,09:49:26,00:00:06
stefano.crapanzano@chu.ulg.ac.be,Programmation,IT,2021-05-31,09:52:10,00:00:04
stefano.crapanzano@chu.ulg.ac.be,Programmation,IT,2021-05-31,11:51:00,00:00:06
stefano.crapanzano@chu.ulg.ac.be,Programmation,IT,2021-05-31,11:51:14,00:00:05
stefano.crapanzano@chu.ulg.ac.be,Programmation,IT,2021-05-31,11:51:38,02:18:51
stefano.crapanzano@chu.ulg.ac.be,Programmation,IT,2021-05-31,14:11:51,00:00:02
stefano.crapanzano@chu.ulg.ac.be,Programmation,IT,2021-05-31,14:25:07,00:00:13
stefano.crapanzano@chu.ulg.ac.be,Programmation,IT,2021-05-31,14:25:34,00:00:59
stefano.crapanzano@chu.ulg.ac.be,Programmation,IT,2021-05-31,14:33:59,01:27:44
stefano.crapanzano@chu.ulg.ac.be,discordances_glims_sap_2021_05_31_09_47_06.xlsx - Excel,Tâches diverses,2021-05-31,09:48:34,00:00:50
stefano.crapanzano@chu.ulg.ac.be,discordances_glims_sap_2021_05_31_09_47_06.xlsx - Excel,Tâches diverses,2021-05-31,09:52:46,00:00:25
stefano.crapanzano@chu.ulg.ac.be,discordances_glims_sap_2021_05_31_09_47_06.xlsx - Excel,Tâches diverses,2021-05-31,09:53:14,00:00:19
stefano.crapanzano@chu.ulg.ac.be,GOAL : programme de vérification pour SAP Prod vs GLIMS Test2 - Mozilla Thunderbird,Helpdesk général,2021-05-31,09:49:50,00:00:02
stefano.crapanzano@chu.ulg.ac.be,GOAL : programme de vérification pour SAP Prod vs GLIMS Test2 - Mozilla Thunderbird,Helpdesk général,2021-05-31,09:51:56,00:00:05
stefano.crapanzano@chu.ulg.ac.be,GOAL : programme de vérification pour SAP Prod vs GLIMS Test2 - Mozilla Thunderbird,Helpdesk général,2021-05-31,09:52:15,00:00:14
stefano.crapanzano@chu.ulg.ac.be,GOAL : programme de vérification pour SAP Prod vs GLIMS Test2 - Mozilla Thunderbird,Helpdesk général,2021-05-31,09:52:34,00:00:10
stefano.crapanzano@chu.ulg.ac.be,GOAL : programme de vérification pour SAP Prod vs GLIMS Test2 - Mozilla Thunderbird,Helpdesk général,2021-05-31,09:53:35,00:00:03
stefano.crapanzano@chu.ulg.ac.be,Rédaction : Re: GOAL : programme de vérification pour SAP Prod vs GLIMS Test2 - Thunderbird,Helpdesk général,2021-05-31,09:49:53,00:00:03
stefano.crapanzano@chu.ulg.ac.be,Rédaction : Re: GOAL : programme de vérification pour SAP Prod vs GLIMS Test2 - Thunderbird,Helpdesk général,2021-05-31,09:50:04,00:01:44
stefano.crapanzano@chu.ulg.ac.be,Joindre les fichiers,Helpdesk général,2021-05-31,09:50:01,00:00:03
stefano.crapanzano@chu.ulg.ac.be,SVN_LOCAL – CHL_ERP_PSRL_COMPTA_HOME_SENY_PAT_VERS_SAP.bat [SVN_LOCAL] (Administrator),IT,2021-05-31,11:49:44,00:00:04
stefano.crapanzano@chu.ulg.ac.be,Stefano CRAPANZANO - erp.sai@chuliege.be - Mozilla Thunderbird,Helpdesk général,2021-05-31,14:10:33,00:00:08
stefano.crapanzano@chu.ulg.ac.be,Stefano CRAPANZANO - erp.sai@chuliege.be - Mozilla Thunderbird,Helpdesk général,2021-05-31,14:11:57,00:00:06
stefano.crapanzano@chu.ulg.ac.be,Stefano CRAPANZANO - erp.sai@chuliege.be - Mozilla Thunderbird,Helpdesk général,2021-05-31,14:12:49,00:00:09
stefano.crapanzano@chu.ulg.ac.be,PE2_203 - sftp://PE2U2FTP@153.89.110.38 - FileZilla,Helpdesk général,2021-05-31,14:11:28,00:00:20
stefano.crapanzano@chu.ulg.ac.be,Rédaction : Re: erreur chargement - Thunderbird,Helpdesk général,2021-05-31,14:12:04,00:00:34
stefano.crapanzano@chu.ulg.ac.be,chl_backup_source_visualstudio_carbonero.bat - Bloc-notes,IT,2021-05-31,14:32:59,00:00:24
stefano.crapanzano@chu.ulg.ac.be,Installation de Notepad++ v7.9.5,IT,2021-05-31,16:03:32,00:00:07
stefano.crapanzano@chu.ulg.ac.be,*new 1 - Notepad++ [Administrator],IT,2021-05-31,16:03:42,00:00:15
stefano.crapanzano@chu.ulg.ac.be,*new 1 - Notepad++ [Administrator],IT,2021-05-31,16:21:44,00:00:03
stefano.crapanzano@chu.ulg.ac.be,*new 1 - Notepad++ [Administrator],IT,2021-05-31,16:22:03,00:00:02
stefano.crapanzano@chu.ulg.ac.be,*new 1 - Notepad++ [Administrator],IT,2021-05-31,16:22:32,00:03:34
stefano.crapanzano@chu.ulg.ac.be,*new 1 - Notepad++ [Administrator],IT,2021-05-31,16:26:36,00:00:02
stefano.crapanzano@chu.ulg.ac.be,*new 1 - Notepad++ [Administrator],IT,2021-05-31,16:32:29,00:00:58
