Email,Description,Project,Start date,Start time,Duration
stefano.crapanzano@chu.ulg.ac.be,Lecture documentation,Tâches diverses,2021-06-02,12:08:19,00:01:50
stefano.crapanzano@chu.ulg.ac.be,Lecture documentation,Tâches diverses,2021-06-02,12:10:37,00:08:04
stefano.crapanzano@chu.ulg.ac.be,Lecture documentation,Tâches diverses,2021-06-02,12:23:02,00:02:46
stefano.crapanzano@chu.ulg.ac.be,Courrier entrant - erp.sai@chuliege.be - Mozilla Thunderbird,Helpdesk général,2021-06-02,12:10:12,00:00:18
stefano.crapanzano@chu.ulg.ac.be,Courrier entrant - erp.sai@chuliege.be - Mozilla Thunderbird,Helpdesk général,2021-06-02,12:10:35,00:00:02
stefano.crapanzano@chu.ulg.ac.be,Courrier entrant - stefano.crapanzano@chuliege.be - Mozilla Thunderbird,Helpdesk général,2021-06-02,12:22:56,00:00:05
stefano.crapanzano@chu.ulg.ac.be,Service MT - Google Chrome,Tâches diverses,2021-06-02,12:10:30,00:00:04
stefano.crapanzano@chu.ulg.ac.be,Rédaction : (pas de sujet) - Thunderbird,Helpdesk général,2021-06-02,12:18:44,00:02:03
stefano.crapanzano@chu.ulg.ac.be,Rédaction : (pas de sujet) - Thunderbird,Helpdesk général,2021-06-02,12:22:28,00:00:15
stefano.crapanzano@chu.ulg.ac.be,Nouvel onglet - Google Chrome,Tâches diverses,2021-06-02,12:20:49,00:00:09
stefano.crapanzano@chu.ulg.ac.be,CHU de Liège - Intranet - Google Chrome,Tâches diverses,2021-06-02,12:20:58,00:00:02
stefano.crapanzano@chu.ulg.ac.be,Sans titre - Google Chrome,Tâches diverses,2021-06-02,12:21:01,00:00:02
stefano.crapanzano@chu.ulg.ac.be,POST data - Google Chrome,Tâches diverses,2021-06-02,12:21:03,00:00:02
stefano.crapanzano@chu.ulg.ac.be,myCHU - Google Chrome,Tâches diverses,2021-06-02,12:21:06,00:00:03
stefano.crapanzano@chu.ulg.ac.be,myCHU - Google Chrome,Tâches diverses,2021-06-02,12:25:50,00:00:02
stefano.crapanzano@chu.ulg.ac.be,uwMenu.jsp (CHUL) - Google Chrome,Tâches diverses,2021-06-02,12:21:09,00:00:02
stefano.crapanzano@chu.ulg.ac.be,jsp/fichepaie/FichePaieFirmes2.jsp (CHUL) - Google Chrome,Tâches diverses,2021-06-02,12:21:13,00:00:03
stefano.crapanzano@chu.ulg.ac.be,HYPICUGC7478472.pdf - Google Chrome,Tâches diverses,2021-06-02,12:21:16,00:00:02
stefano.crapanzano@chu.ulg.ac.be,DataWindow - Google Chrome,Tâches diverses,2021-06-02,12:21:19,00:01:09
stefano.crapanzano@chu.ulg.ac.be,DataWindow - Google Chrome,Tâches diverses,2021-06-02,12:22:52,00:00:03
stefano.crapanzano@chu.ulg.ac.be,Rédaction : pour groupe penoit - Thunderbird,Helpdesk général,2021-06-02,12:22:46,00:00:04
stefano.crapanzano@chu.ulg.ac.be,https://decis.chu.ulg.ac.be/STPNET/stpnetdll.dll - Google Chrome,Tâches diverses,2021-06-02,12:25:53,00:00:04
stefano.crapanzano@chu.ulg.ac.be,STPNet : login - Google Chrome,Tâches diverses,2021-06-02,12:25:58,00:00:02
stefano.crapanzano@chu.ulg.ac.be,STP : planning - Google Chrome,Tâches diverses,2021-06-02,12:26:00,00:00:21
stefano.crapanzano@chu.ulg.ac.be,STP : planning - Google Chrome,Tâches diverses,2021-06-02,12:26:43,00:00:06
stefano.crapanzano@chu.ulg.ac.be,STP : planning - Google Chrome,Tâches diverses,2021-06-02,12:27:18,00:00:10
stefano.crapanzano@chu.ulg.ac.be,STP : planning - Google Chrome,Tâches diverses,2021-06-02,12:27:34,00:00:04
stefano.crapanzano@chu.ulg.ac.be,STP : planning - Google Chrome,Tâches diverses,2021-06-02,12:27:49,00:00:03
stefano.crapanzano@chu.ulg.ac.be,STP : congés - Google Chrome,Tâches diverses,2021-06-02,12:26:22,00:00:21
stefano.crapanzano@chu.ulg.ac.be,STP : desiderata - Google Chrome,Tâches diverses,2021-06-02,12:26:49,00:00:28
stefano.crapanzano@chu.ulg.ac.be,STP : desiderata - Google Chrome,Tâches diverses,2021-06-02,12:27:29,00:00:04
stefano.crapanzano@chu.ulg.ac.be,STP : desiderata - Google Chrome,Tâches diverses,2021-06-02,12:27:39,00:00:10
