Email,Description,Project,Start date,Start time,Duration
stefano.crapanzano@chu.ulg.ac.be,Administrateur : Perl (command line) - python  main.py,IT,2021-06-04,10:02:50,00:00:03
stefano.crapanzano@chu.ulg.ac.be,Administrateur : Perl (command line) - python  main.py,IT,2021-06-04,10:02:59,00:00:02
stefano.crapanzano@chu.ulg.ac.be,Courrier entrant - stefano.crapanzano@chuliege.be - Mozilla Thunderbird,Helpdesk général,2021-06-04,10:02:54,00:00:02
stefano.crapanzano@chu.ulg.ac.be,Courrier entrant - stefano.crapanzano@chuliege.be - Mozilla Thunderbird,Helpdesk général,2021-06-04,10:03:12,00:00:05
stefano.crapanzano@chu.ulg.ac.be,Courrier entrant - stefano.crapanzano@chuliege.be - Mozilla Thunderbird,Helpdesk général,2021-06-04,10:03:53,00:00:07
stefano.crapanzano@chu.ulg.ac.be,Courrier entrant - stefano.crapanzano@chuliege.be - Mozilla Thunderbird,Helpdesk général,2021-06-04,10:04:02,00:00:03
stefano.crapanzano@chu.ulg.ac.be,Courrier entrant - stefano.crapanzano@chuliege.be - Mozilla Thunderbird,Helpdesk général,2021-06-04,10:04:23,00:00:02
stefano.crapanzano@chu.ulg.ac.be,Courrier entrant - stefano.crapanzano@chuliege.be - Mozilla Thunderbird,Helpdesk général,2021-06-04,10:04:27,00:00:03
stefano.crapanzano@chu.ulg.ac.be,Courrier entrant - stefano.crapanzano@chuliege.be - Mozilla Thunderbird,Helpdesk général,2021-06-04,11:36:03,00:54:53
stefano.crapanzano@chu.ulg.ac.be,Courrier entrant - stefano.crapanzano@chuliege.be - Mozilla Thunderbird,Helpdesk général,2021-06-04,12:31:00,00:00:07
stefano.crapanzano@chu.ulg.ac.be,Courrier entrant - stefano.crapanzano@chuliege.be - Mozilla Thunderbird,Helpdesk général,2021-06-04,12:42:42,00:00:02
stefano.crapanzano@chu.ulg.ac.be,Courrier entrant - stefano.crapanzano@chuliege.be - Mozilla Thunderbird,Helpdesk général,2021-06-04,12:48:03,00:00:43
stefano.crapanzano@chu.ulg.ac.be,Courrier entrant - stefano.crapanzano@chuliege.be - Mozilla Thunderbird,Helpdesk général,2021-06-04,12:50:26,00:02:33
stefano.crapanzano@chu.ulg.ac.be,Courrier entrant - stefano.crapanzano@chuliege.be - Mozilla Thunderbird,Helpdesk général,2021-06-04,13:10:12,00:00:03
stefano.crapanzano@chu.ulg.ac.be,Courrier entrant - stefano.crapanzano@chuliege.be - Mozilla Thunderbird,Helpdesk général,2021-06-04,13:11:37,00:00:07
stefano.crapanzano@chu.ulg.ac.be,Courrier entrant - stefano.crapanzano@chuliege.be - Mozilla Thunderbird,Helpdesk général,2021-06-04,13:31:27,00:00:08
stefano.crapanzano@chu.ulg.ac.be,Courrier entrant - stefano.crapanzano@chuliege.be - Mozilla Thunderbird,Helpdesk général,2021-06-04,13:43:26,00:00:03
stefano.crapanzano@chu.ulg.ac.be,Courrier entrant - stefano.crapanzano@chuliege.be - Mozilla Thunderbird,Helpdesk général,2021-06-04,13:43:34,00:00:13
stefano.crapanzano@chu.ulg.ac.be,Courrier entrant - stefano.crapanzano@chuliege.be - Mozilla Thunderbird,Helpdesk général,2021-06-04,14:01:54,00:00:07
stefano.crapanzano@chu.ulg.ac.be,Courrier entrant - stefano.crapanzano@chuliege.be - Mozilla Thunderbird,Helpdesk général,2021-06-04,14:03:48,00:00:12
stefano.crapanzano@chu.ulg.ac.be,Courrier entrant - stefano.crapanzano@chuliege.be - Mozilla Thunderbird,Helpdesk général,2021-06-04,15:05:03,00:00:07
stefano.crapanzano@chu.ulg.ac.be,Courrier entrant - stefano.crapanzano@chuliege.be - Mozilla Thunderbird,Helpdesk général,2021-06-04,15:07:14,00:00:03
stefano.crapanzano@chu.ulg.ac.be,Courrier entrant - stefano.crapanzano@chuliege.be - Mozilla Thunderbird,Helpdesk général,2021-06-04,15:50:11,00:00:08
stefano.crapanzano@chu.ulg.ac.be,Courrier entrant - stefano.crapanzano@chuliege.be - Mozilla Thunderbird,Helpdesk général,2021-06-04,15:56:41,00:00:04
stefano.crapanzano@chu.ulg.ac.be,Courrier entrant - stefano.crapanzano@chuliege.be - Mozilla Thunderbird,Helpdesk général,2021-06-04,15:58:49,00:00:06
stefano.crapanzano@chu.ulg.ac.be,Courrier entrant - stefano.crapanzano@chuliege.be - Mozilla Thunderbird,Helpdesk général,2021-06-04,16:02:43,00:00:02
stefano.crapanzano@chu.ulg.ac.be,Courrier entrant - stefano.crapanzano@chuliege.be - Mozilla Thunderbird,Helpdesk général,2021-06-04,16:07:22,00:04:39
stefano.crapanzano@chu.ulg.ac.be,Courrier entrant - stefano.crapanzano@chuliege.be - Mozilla Thunderbird,Helpdesk général,2021-06-04,16:13:49,00:00:26
stefano.crapanzano@chu.ulg.ac.be,Courrier entrant - stefano.crapanzano@chuliege.be - Mozilla Thunderbird,Helpdesk général,2021-06-04,16:15:21,00:00:07
stefano.crapanzano@chu.ulg.ac.be,Courrier entrant - stefano.crapanzano@chuliege.be - Mozilla Thunderbird,Helpdesk général,2021-06-04,16:23:29,00:00:15
stefano.crapanzano@chu.ulg.ac.be,Courrier entrant - stefano.crapanzano@chuliege.be - Mozilla Thunderbird,Helpdesk général,2021-06-04,16:25:12,00:01:47
stefano.crapanzano@chu.ulg.ac.be,Courrier entrant - stefano.crapanzano@chuliege.be - Mozilla Thunderbird,Helpdesk général,2021-06-04,16:28:54,00:00:38
stefano.crapanzano@chu.ulg.ac.be,Courrier entrant - stefano.crapanzano@chuliege.be - Mozilla Thunderbird,Helpdesk général,2021-06-04,16:29:50,00:00:45
stefano.crapanzano@chu.ulg.ac.be,Courrier entrant - stefano.crapanzano@chuliege.be - Mozilla Thunderbird,Helpdesk général,2021-06-04,16:30:42,00:01:10
stefano.crapanzano@chu.ulg.ac.be,Courrier entrant - stefano.crapanzano@chuliege.be - Mozilla Thunderbird,Helpdesk général,2021-06-04,16:32:40,00:00:25
stefano.crapanzano@chu.ulg.ac.be,Courrier entrant - stefano.crapanzano@chuliege.be - Mozilla Thunderbird,Helpdesk général,2021-06-04,16:46:54,00:00:03
stefano.crapanzano@chu.ulg.ac.be,Courrier entrant - stefano.crapanzano@chuliege.be - Mozilla Thunderbird,Helpdesk général,2021-06-04,16:47:00,00:13:22
stefano.crapanzano@chu.ulg.ac.be,Courrier entrant - erp.sai@chuliege.be - Mozilla Thunderbird,Helpdesk général,2021-06-04,10:03:02,00:00:03
stefano.crapanzano@chu.ulg.ac.be,Courrier entrant - erp.sai@chuliege.be - Mozilla Thunderbird,Helpdesk général,2021-06-04,10:03:09,00:00:02
stefano.crapanzano@chu.ulg.ac.be,Courrier entrant - erp.sai@chuliege.be - Mozilla Thunderbird,Helpdesk général,2021-06-04,12:31:07,00:00:03
stefano.crapanzano@chu.ulg.ac.be,Courrier entrant - erp.sai@chuliege.be - Mozilla Thunderbird,Helpdesk général,2021-06-04,12:42:00,00:00:03
stefano.crapanzano@chu.ulg.ac.be,Courrier entrant - erp.sai@chuliege.be - Mozilla Thunderbird,Helpdesk général,2021-06-04,12:42:06,00:00:18
stefano.crapanzano@chu.ulg.ac.be,Courrier entrant - erp.sai@chuliege.be - Mozilla Thunderbird,Helpdesk général,2021-06-04,12:42:39,00:00:02
stefano.crapanzano@chu.ulg.ac.be,Courrier entrant - erp.sai@chuliege.be - Mozilla Thunderbird,Helpdesk général,2021-06-04,13:43:29,00:00:04
stefano.crapanzano@chu.ulg.ac.be,Courrier entrant - erp.sai@chuliege.be - Mozilla Thunderbird,Helpdesk général,2021-06-04,14:02:01,00:00:03
stefano.crapanzano@chu.ulg.ac.be,Courrier entrant - erp.sai@chuliege.be - Mozilla Thunderbird,Helpdesk général,2021-06-04,14:03:45,00:00:02
stefano.crapanzano@chu.ulg.ac.be,Courrier entrant - erp.sai@chuliege.be - Mozilla Thunderbird,Helpdesk général,2021-06-04,15:07:17,00:00:07
stefano.crapanzano@chu.ulg.ac.be,Courrier entrant - erp.sai@chuliege.be - Mozilla Thunderbird,Helpdesk général,2021-06-04,16:46:58,00:00:02
stefano.crapanzano@chu.ulg.ac.be,Navigation système de fichier,IT,2021-06-04,10:06:08,00:00:02
stefano.crapanzano@chu.ulg.ac.be,Navigation système de fichier,IT,2021-06-04,10:10:37,00:00:06
stefano.crapanzano@chu.ulg.ac.be,Navigation système de fichier,IT,2021-06-04,11:35:11,00:00:02
stefano.crapanzano@chu.ulg.ac.be,Navigation système de fichier,IT,2021-06-04,12:31:17,00:00:04
stefano.crapanzano@chu.ulg.ac.be,Navigation système de fichier,IT,2021-06-04,12:47:46,00:00:02
stefano.crapanzano@chu.ulg.ac.be,Navigation système de fichier,IT,2021-06-04,12:53:59,00:00:03
stefano.crapanzano@chu.ulg.ac.be,Navigation système de fichier,IT,2021-06-04,12:55:08,00:00:06
stefano.crapanzano@chu.ulg.ac.be,Navigation système de fichier,IT,2021-06-04,13:10:09,00:00:02
stefano.crapanzano@chu.ulg.ac.be,Navigation système de fichier,IT,2021-06-04,13:33:51,00:00:03
stefano.crapanzano@chu.ulg.ac.be,Navigation système de fichier,IT,2021-06-04,13:33:58,00:00:59
stefano.crapanzano@chu.ulg.ac.be,Navigation système de fichier,IT,2021-06-04,13:35:49,00:00:03
stefano.crapanzano@chu.ulg.ac.be,Navigation système de fichier,IT,2021-06-04,13:36:32,00:00:02
stefano.crapanzano@chu.ulg.ac.be,Navigation système de fichier,IT,2021-06-04,13:36:51,00:00:02
stefano.crapanzano@chu.ulg.ac.be,Navigation système de fichier,IT,2021-06-04,13:48:12,00:00:03
stefano.crapanzano@chu.ulg.ac.be,Navigation système de fichier,IT,2021-06-04,13:48:34,00:00:02
stefano.crapanzano@chu.ulg.ac.be,Navigation système de fichier,IT,2021-06-04,14:02:05,00:00:02
stefano.crapanzano@chu.ulg.ac.be,Navigation système de fichier,IT,2021-06-04,14:02:29,00:00:02
stefano.crapanzano@chu.ulg.ac.be,Navigation système de fichier,IT,2021-06-04,14:07:22,00:00:03
stefano.crapanzano@chu.ulg.ac.be,Navigation système de fichier,IT,2021-06-04,14:19:56,00:00:42
stefano.crapanzano@chu.ulg.ac.be,Navigation système de fichier,IT,2021-06-04,14:21:05,00:00:06
stefano.crapanzano@chu.ulg.ac.be,Navigation système de fichier,IT,2021-06-04,14:28:53,00:00:14
stefano.crapanzano@chu.ulg.ac.be,Navigation système de fichier,IT,2021-06-04,14:29:27,00:00:06
stefano.crapanzano@chu.ulg.ac.be,Navigation système de fichier,IT,2021-06-04,14:32:04,00:00:10
stefano.crapanzano@chu.ulg.ac.be,Navigation système de fichier,IT,2021-06-04,14:34:56,00:00:16
stefano.crapanzano@chu.ulg.ac.be,Navigation système de fichier,IT,2021-06-04,14:36:34,00:00:03
stefano.crapanzano@chu.ulg.ac.be,Navigation système de fichier,IT,2021-06-04,14:36:54,00:00:02
stefano.crapanzano@chu.ulg.ac.be,Navigation système de fichier,IT,2021-06-04,14:39:55,00:00:04
stefano.crapanzano@chu.ulg.ac.be,Navigation système de fichier,IT,2021-06-04,14:40:21,00:00:02
stefano.crapanzano@chu.ulg.ac.be,Navigation système de fichier,IT,2021-06-04,14:40:58,00:00:03
stefano.crapanzano@chu.ulg.ac.be,Navigation système de fichier,IT,2021-06-04,14:42:04,00:00:02
stefano.crapanzano@chu.ulg.ac.be,Navigation système de fichier,IT,2021-06-04,14:42:18,00:00:33
stefano.crapanzano@chu.ulg.ac.be,Navigation système de fichier,IT,2021-06-04,14:43:37,00:00:46
stefano.crapanzano@chu.ulg.ac.be,Navigation système de fichier,IT,2021-06-04,14:44:46,00:00:02
stefano.crapanzano@chu.ulg.ac.be,Navigation système de fichier,IT,2021-06-04,14:48:17,00:00:05
stefano.crapanzano@chu.ulg.ac.be,Navigation système de fichier,IT,2021-06-04,14:48:28,00:00:02
stefano.crapanzano@chu.ulg.ac.be,Navigation système de fichier,IT,2021-06-04,14:51:43,00:00:15
stefano.crapanzano@chu.ulg.ac.be,Navigation système de fichier,IT,2021-06-04,14:54:43,00:00:02
stefano.crapanzano@chu.ulg.ac.be,Navigation système de fichier,IT,2021-06-04,14:58:25,00:00:05
stefano.crapanzano@chu.ulg.ac.be,Navigation système de fichier,IT,2021-06-04,15:00:02,00:00:03
stefano.crapanzano@chu.ulg.ac.be,Navigation système de fichier,IT,2021-06-04,15:00:39,00:00:03
stefano.crapanzano@chu.ulg.ac.be,Navigation système de fichier,IT,2021-06-04,15:11:42,00:00:02
stefano.crapanzano@chu.ulg.ac.be,Navigation système de fichier,IT,2021-06-04,15:17:05,00:00:06
stefano.crapanzano@chu.ulg.ac.be,Navigation système de fichier,IT,2021-06-04,15:27:01,00:00:02
stefano.crapanzano@chu.ulg.ac.be,Navigation système de fichier,IT,2021-06-04,15:27:05,00:00:02
stefano.crapanzano@chu.ulg.ac.be,Navigation système de fichier,IT,2021-06-04,15:27:15,00:00:02
stefano.crapanzano@chu.ulg.ac.be,Navigation système de fichier,IT,2021-06-04,15:27:35,00:00:02
stefano.crapanzano@chu.ulg.ac.be,Navigation système de fichier,IT,2021-06-04,15:31:53,00:00:12
stefano.crapanzano@chu.ulg.ac.be,Navigation système de fichier,IT,2021-06-04,15:33:06,00:00:04
stefano.crapanzano@chu.ulg.ac.be,Navigation système de fichier,IT,2021-06-04,15:33:21,00:00:02
stefano.crapanzano@chu.ulg.ac.be,Navigation système de fichier,IT,2021-06-04,15:38:43,00:00:02
stefano.crapanzano@chu.ulg.ac.be,Navigation système de fichier,IT,2021-06-04,15:40:35,00:00:02
stefano.crapanzano@chu.ulg.ac.be,Navigation système de fichier,IT,2021-06-04,15:40:53,00:00:03
stefano.crapanzano@chu.ulg.ac.be,Navigation système de fichier,IT,2021-06-04,15:43:43,00:00:02
stefano.crapanzano@chu.ulg.ac.be,Navigation système de fichier,IT,2021-06-04,15:45:04,00:02:29
stefano.crapanzano@chu.ulg.ac.be,Navigation système de fichier,IT,2021-06-04,15:47:41,00:00:02
stefano.crapanzano@chu.ulg.ac.be,Navigation système de fichier,IT,2021-06-04,15:48:10,00:00:04
stefano.crapanzano@chu.ulg.ac.be,Navigation système de fichier,IT,2021-06-04,15:54:09,00:00:21
stefano.crapanzano@chu.ulg.ac.be,Navigation système de fichier,IT,2021-06-04,15:56:38,00:00:02
stefano.crapanzano@chu.ulg.ac.be,Navigation système de fichier,IT,2021-06-04,15:59:27,00:00:02
stefano.crapanzano@chu.ulg.ac.be,Navigation système de fichier,IT,2021-06-04,16:02:50,00:00:17
stefano.crapanzano@chu.ulg.ac.be,Navigation système de fichier,IT,2021-06-04,16:03:28,00:00:10
stefano.crapanzano@chu.ulg.ac.be,Navigation système de fichier,IT,2021-06-04,16:30:40,00:00:02
stefano.crapanzano@chu.ulg.ac.be,Navigation système de fichier,IT,2021-06-04,17:00:22,00:00:02
stefano.crapanzano@chu.ulg.ac.be,Envoyés - erp.sai@chuliege.be - Mozilla Thunderbird,Helpdesk général,2021-06-04,10:03:06,00:00:03
stefano.crapanzano@chu.ulg.ac.be,Envoyés - erp.sai@chuliege.be - Mozilla Thunderbird,Helpdesk général,2021-06-04,13:11:44,00:00:04
stefano.crapanzano@chu.ulg.ac.be,Lecture documentation,Tâches diverses,2021-06-04,10:03:18,00:00:34
stefano.crapanzano@chu.ulg.ac.be,Lecture documentation,Tâches diverses,2021-06-04,10:04:30,00:00:09
stefano.crapanzano@chu.ulg.ac.be,Lecture documentation,Tâches diverses,2021-06-04,10:04:45,00:00:36
stefano.crapanzano@chu.ulg.ac.be,Lecture documentation,Tâches diverses,2021-06-04,10:05:24,00:00:02
stefano.crapanzano@chu.ulg.ac.be,Lecture documentation,Tâches diverses,2021-06-04,10:07:50,00:02:46
stefano.crapanzano@chu.ulg.ac.be,Lecture documentation,Tâches diverses,2021-06-04,12:45:00,00:02:45
stefano.crapanzano@chu.ulg.ac.be,Lecture documentation,Tâches diverses,2021-06-04,13:12:43,00:00:16
stefano.crapanzano@chu.ulg.ac.be,Lecture documentation,Tâches diverses,2021-06-04,13:20:44,00:00:03
stefano.crapanzano@chu.ulg.ac.be,Rédaction : Fwd: Comparaison GLIMS / SAP - Thunderbird,Helpdesk général,2021-06-04,10:04:09,00:00:12
stefano.crapanzano@chu.ulg.ac.be,Enregistrer le message,Helpdesk général,2021-06-04,10:04:07,00:00:02
stefano.crapanzano@chu.ulg.ac.be,Enregistrer le message,Helpdesk général,2021-06-04,10:04:21,00:00:02
stefano.crapanzano@chu.ulg.ac.be,Intégration système,Helpdesk général,2021-06-04,10:04:40,00:00:02
stefano.crapanzano@chu.ulg.ac.be,SAP GUI for Windows 750,Exploration SAP,2021-06-04,14:48:14,00:00:02
stefano.crapanzano@chu.ulg.ac.be,SAP Logon 750,Exploration SAP,2021-06-04,10:05:27,00:00:07
stefano.crapanzano@chu.ulg.ac.be,SAP Logon 750,Exploration SAP,2021-06-04,10:06:10,00:00:02
stefano.crapanzano@chu.ulg.ac.be,SAP Easy Access Menu de base Applications financières-économiques,Exploration SAP,2021-06-04,10:05:34,00:00:04
stefano.crapanzano@chu.ulg.ac.be,SAP Easy Access Menu de base Applications financières-économiques,Exploration SAP,2021-06-04,10:06:31,00:00:06
stefano.crapanzano@chu.ulg.ac.be,SAP Easy Access Menu de base Applications financières-économiques,Exploration SAP,2021-06-04,11:34:24,00:00:28
stefano.crapanzano@chu.ulg.ac.be,Display Table,Exploration SAP,2021-06-04,10:05:39,00:00:22
stefano.crapanzano@chu.ulg.ac.be,Display Table,Exploration SAP,2021-06-04,10:06:37,00:00:25
stefano.crapanzano@chu.ulg.ac.be,Display Table,Exploration SAP,2021-06-04,11:34:19,00:00:02
stefano.crapanzano@chu.ulg.ac.be,SAP,Exploration SAP,2021-06-04,10:06:02,00:00:05
stefano.crapanzano@chu.ulg.ac.be,SAP,Exploration SAP,2021-06-04,10:06:12,00:00:10
stefano.crapanzano@chu.ulg.ac.be,Info licence en cas de connexion multiple,Exploration SAP,2021-06-04,10:06:23,00:00:04
stefano.crapanzano@chu.ulg.ac.be,CHR_FRCHR - sftp://kofax@secure.chrcitadelle.be - FileZilla,Helpdesk général,2021-06-04,10:07:02,00:00:02
stefano.crapanzano@chu.ulg.ac.be,Gestionnaire de Sites,Helpdesk général,2021-06-04,10:07:04,00:00:03
stefano.crapanzano@chu.ulg.ac.be,AE2_203 - sftp://AE2U2FTP@153.89.110.38 - FileZilla,Helpdesk général,2021-06-04,10:07:09,00:00:30
stefano.crapanzano@chu.ulg.ac.be,C:\Users\c158492\AppData\Local\Temp\fz3temp-2\ZMMARTIKEL20210604.csv - Notepad++ [Administrator],IT,2021-06-04,10:07:39,00:00:02
stefano.crapanzano@chu.ulg.ac.be,*new 1 - Notepad++ [Administrator],IT,2021-06-04,10:07:41,00:00:02
stefano.crapanzano@chu.ulg.ac.be,SAM-DB - Google Chrome,Tâches diverses,2021-06-04,10:07:48,00:00:02
stefano.crapanzano@chu.ulg.ac.be,SAM-DB - Google Chrome,Tâches diverses,2021-06-04,10:11:57,00:00:02
stefano.crapanzano@chu.ulg.ac.be,Nouvel onglet - Google Chrome,Tâches diverses,2021-06-04,10:11:59,00:00:03
stefano.crapanzano@chu.ulg.ac.be,Nouvel onglet - Google Chrome,Tâches diverses,2021-06-04,14:06:33,00:00:06
stefano.crapanzano@chu.ulg.ac.be,Identification - Google Chrome,Tâches diverses,2021-06-04,10:12:03,00:00:12
stefano.crapanzano@chu.ulg.ac.be,Finance [DokuWiki ERP] - Google Chrome,Tâches diverses,2021-06-04,10:12:16,00:00:04
stefano.crapanzano@chu.ulg.ac.be,start [DokuWiki ERP] - Google Chrome,Tâches diverses,2021-06-04,10:12:21,00:00:02
stefano.crapanzano@chu.ulg.ac.be,start [DokuWiki ERP] - Google Chrome,Tâches diverses,2021-06-04,10:13:03,01:21:16
stefano.crapanzano@chu.ulg.ac.be,start [DokuWiki ERP] - Google Chrome,Tâches diverses,2021-06-04,11:35:14,00:00:49
stefano.crapanzano@chu.ulg.ac.be,start [DokuWiki ERP] - Google Chrome,Tâches diverses,2021-06-04,12:44:55,00:00:02
stefano.crapanzano@chu.ulg.ac.be,Fournisseurs [DokuWiki ERP] - Google Chrome,Tâches diverses,2021-06-04,10:12:23,00:00:02
stefano.crapanzano@chu.ulg.ac.be,Logistique [DokuWiki ERP] - Google Chrome,Tâches diverses,2021-06-04,10:12:29,00:00:03
stefano.crapanzano@chu.ulg.ac.be,Logistique [DokuWiki ERP] - Google Chrome,Tâches diverses,2021-06-04,10:12:36,00:00:03
stefano.crapanzano@chu.ulg.ac.be,Logistique [DokuWiki ERP] - Google Chrome,Tâches diverses,2021-06-04,10:12:51,00:00:02
stefano.crapanzano@chu.ulg.ac.be,Logistique [DokuWiki ERP] - Google Chrome,Tâches diverses,2021-06-04,10:12:54,00:00:04
stefano.crapanzano@chu.ulg.ac.be,Procédure de chargement des données articles et fiche info-achats pour SAP/GERA (Méd. Nucl.) [DokuWiki ERP] - Google Chrome,Tâches diverses,2021-06-04,10:12:33,00:00:02
stefano.crapanzano@chu.ulg.ac.be,L'utilisateur est-il défini comme approbateur ou délégué DA sur un centre de coûts [DokuWiki ERP] - Google Chrome,Tâches diverses,2021-06-04,10:12:39,00:00:11
stefano.crapanzano@chu.ulg.ac.be,Tâches planifiées [DokuWiki ERP] - Google Chrome,Tâches diverses,2021-06-04,10:13:00,00:00:02
stefano.crapanzano@chu.ulg.ac.be,Commande interv. 40 4000189893 créée par WEBUSERCHU,Exploration SAP,2021-06-04,11:34:52,00:00:02
stefano.crapanzano@chu.ulg.ac.be,TypeAheadPopup,Exploration SAP,2021-06-04,11:34:56,00:00:03
stefano.crapanzano@chu.ulg.ac.be,TypeAheadPopup,Exploration SAP,2021-06-04,12:47:51,00:00:03
stefano.crapanzano@chu.ulg.ac.be,Commande interv. 40 4000210432 créée par WEBUSERCHU,Exploration SAP,2021-06-04,11:35:01,00:00:09
stefano.crapanzano@chu.ulg.ac.be,Commande interv. 40 4000210432 créée par WEBUSERCHU,Exploration SAP,2021-06-04,12:47:48,00:00:02
stefano.crapanzano@chu.ulg.ac.be,DBeaver 21.0.0 - <MS SQL Server - si-s-serv24> Script-1,Tâches diverses,2021-06-04,12:32:54,00:02:20
stefano.crapanzano@chu.ulg.ac.be,Microsoft Excel,Tâches diverses,2021-06-04,12:31:21,00:00:07
stefano.crapanzano@chu.ulg.ac.be,Microsoft Excel,Tâches diverses,2021-06-04,16:03:07,00:00:04
stefano.crapanzano@chu.ulg.ac.be,Microsoft Excel,Tâches diverses,2021-06-04,16:03:15,00:00:02
stefano.crapanzano@chu.ulg.ac.be,Microsoft Excel,Tâches diverses,2021-06-04,16:03:18,00:00:02
stefano.crapanzano@chu.ulg.ac.be,Microsoft Excel,Tâches diverses,2021-06-04,16:03:22,00:00:02
stefano.crapanzano@chu.ulg.ac.be,chargement_manuel_AD_v2.xlsm - Excel,Tâches diverses,2021-06-04,12:31:29,00:00:03
stefano.crapanzano@chu.ulg.ac.be,Ouverture -Excel,Tâches diverses,2021-06-04,12:31:33,00:01:20
stefano.crapanzano@chu.ulg.ac.be,Ouverture -Excel,Tâches diverses,2021-06-04,14:32:14,00:00:04
stefano.crapanzano@chu.ulg.ac.be,Ouverture -Excel,Tâches diverses,2021-06-04,16:12:04,00:00:04
stefano.crapanzano@chu.ulg.ac.be,*new 2 - Notepad++ [Administrator],IT,2021-06-04,12:35:17,00:00:37
stefano.crapanzano@chu.ulg.ac.be,*new 2 - Notepad++ [Administrator],IT,2021-06-04,12:40:41,00:00:27
stefano.crapanzano@chu.ulg.ac.be,*new 2 - Notepad++ [Administrator],IT,2021-06-04,13:34:58,00:00:51
stefano.crapanzano@chu.ulg.ac.be,Envoyés - stefano.crapanzano@chuliege.be - Mozilla Thunderbird,Helpdesk général,2021-06-04,12:42:44,00:00:12
stefano.crapanzano@chu.ulg.ac.be,Envoyés - stefano.crapanzano@chuliege.be - Mozilla Thunderbird,Helpdesk général,2021-06-04,12:44:31,00:00:09
stefano.crapanzano@chu.ulg.ac.be,Envoyés - stefano.crapanzano@chuliege.be - Mozilla Thunderbird,Helpdesk général,2021-06-04,12:44:43,00:00:12
stefano.crapanzano@chu.ulg.ac.be,Envoyés - stefano.crapanzano@chuliege.be - Mozilla Thunderbird,Helpdesk général,2021-06-04,12:44:57,00:00:02
stefano.crapanzano@chu.ulg.ac.be,Envoyés - stefano.crapanzano@chuliege.be - Mozilla Thunderbird,Helpdesk général,2021-06-04,13:11:49,00:00:02
stefano.crapanzano@chu.ulg.ac.be,Envoyés - stefano.crapanzano@chuliege.be - Mozilla Thunderbird,Helpdesk général,2021-06-04,13:11:53,00:00:49
stefano.crapanzano@chu.ulg.ac.be,Envoyés - stefano.crapanzano@chuliege.be - Mozilla Thunderbird,Helpdesk général,2021-06-04,13:12:59,00:01:18
stefano.crapanzano@chu.ulg.ac.be,Envoyés - stefano.crapanzano@chuliege.be - Mozilla Thunderbird,Helpdesk général,2021-06-04,13:31:24,00:00:02
stefano.crapanzano@chu.ulg.ac.be,Envoyés - stefano.crapanzano@chuliege.be - Mozilla Thunderbird,Helpdesk général,2021-06-04,13:31:35,00:02:15
stefano.crapanzano@chu.ulg.ac.be,Envoyés - stefano.crapanzano@chuliege.be - Mozilla Thunderbird,Helpdesk général,2021-06-04,13:37:04,00:06:21
stefano.crapanzano@chu.ulg.ac.be,Envoyés - stefano.crapanzano@chuliege.be - Mozilla Thunderbird,Helpdesk général,2021-06-04,15:56:45,00:02:03
stefano.crapanzano@chu.ulg.ac.be,Envoyés - stefano.crapanzano@chuliege.be - Mozilla Thunderbird,Helpdesk général,2021-06-04,15:58:56,00:00:31
stefano.crapanzano@chu.ulg.ac.be,Envoyés - stefano.crapanzano@chuliege.be - Mozilla Thunderbird,Helpdesk général,2021-06-04,16:02:14,00:00:28
stefano.crapanzano@chu.ulg.ac.be,Envoyés - stefano.crapanzano@chuliege.be - Mozilla Thunderbird,Helpdesk général,2021-06-04,16:02:45,00:00:04
stefano.crapanzano@chu.ulg.ac.be,Envoyés - stefano.crapanzano@chuliege.be - Mozilla Thunderbird,Helpdesk général,2021-06-04,16:03:38,00:03:40
stefano.crapanzano@chu.ulg.ac.be,Commande interv. 40 4000210173 créée par WEBUSERCHU,Exploration SAP,2021-06-04,12:47:55,00:00:08
stefano.crapanzano@chu.ulg.ac.be,GOAL: fichier de comparaison - Mozilla Thunderbird,Helpdesk général,2021-06-04,12:48:47,00:01:39
stefano.crapanzano@chu.ulg.ac.be,GOAL: fichier de comparaison - Mozilla Thunderbird,Helpdesk général,2021-06-04,13:10:15,00:00:03
stefano.crapanzano@chu.ulg.ac.be,GOAL: fichier de comparaison - Mozilla Thunderbird,Helpdesk général,2021-06-04,13:43:49,00:03:48
stefano.crapanzano@chu.ulg.ac.be,GOAL: fichier de comparaison - Mozilla Thunderbird,Helpdesk général,2021-06-04,13:47:38,00:00:34
stefano.crapanzano@chu.ulg.ac.be,GOAL: fichier de comparaison - Mozilla Thunderbird,Helpdesk général,2021-06-04,13:49:12,00:09:06
stefano.crapanzano@chu.ulg.ac.be,GOAL: fichier de comparaison - Mozilla Thunderbird,Helpdesk général,2021-06-04,13:59:45,00:02:08
stefano.crapanzano@chu.ulg.ac.be,GOAL: fichier de comparaison - Mozilla Thunderbird,Helpdesk général,2021-06-04,14:04:25,00:00:02
stefano.crapanzano@chu.ulg.ac.be,GOAL: fichier de comparaison - Mozilla Thunderbird,Helpdesk général,2021-06-04,14:26:35,00:00:09
stefano.crapanzano@chu.ulg.ac.be,GOAL: fichier de comparaison - Mozilla Thunderbird,Helpdesk général,2021-06-04,15:05:01,00:00:02
stefano.crapanzano@chu.ulg.ac.be,GOAL: fichier de comparaison - Mozilla Thunderbird,Helpdesk général,2021-06-04,16:15:29,00:00:07
stefano.crapanzano@chu.ulg.ac.be,GOAL: fichier de comparaison - Mozilla Thunderbird,Helpdesk général,2021-06-04,16:23:27,00:00:02
stefano.crapanzano@chu.ulg.ac.be,Rédaction : Re: GOAL: fichier de comparaison - Thunderbird,Helpdesk général,2021-06-04,12:53:00,00:00:58
stefano.crapanzano@chu.ulg.ac.be,Rédaction : Re: GOAL: fichier de comparaison - Thunderbird,Helpdesk général,2021-06-04,12:54:25,00:00:04
stefano.crapanzano@chu.ulg.ac.be,Rédaction : Re: GOAL: fichier de comparaison - Thunderbird,Helpdesk général,2021-06-04,12:54:31,00:00:11
stefano.crapanzano@chu.ulg.ac.be,Rédaction : Re: GOAL: fichier de comparaison - Thunderbird,Helpdesk général,2021-06-04,12:54:50,00:00:17
stefano.crapanzano@chu.ulg.ac.be,Rédaction : Re: GOAL: fichier de comparaison - Thunderbird,Helpdesk général,2021-06-04,12:55:55,00:01:56
stefano.crapanzano@chu.ulg.ac.be,Rédaction : Re: GOAL: fichier de comparaison - Thunderbird,Helpdesk général,2021-06-04,12:58:15,00:00:22
stefano.crapanzano@chu.ulg.ac.be,Rédaction : Re: GOAL: fichier de comparaison - Thunderbird,Helpdesk général,2021-06-04,12:59:16,00:04:19
stefano.crapanzano@chu.ulg.ac.be,Rédaction : Re: GOAL: fichier de comparaison - Thunderbird,Helpdesk général,2021-06-04,13:03:40,00:00:21
stefano.crapanzano@chu.ulg.ac.be,Rédaction : Re: GOAL: fichier de comparaison - Thunderbird,Helpdesk général,2021-06-04,13:04:20,00:01:28
stefano.crapanzano@chu.ulg.ac.be,Rédaction : Re: GOAL: fichier de comparaison - Thunderbird,Helpdesk général,2021-06-04,13:05:51,00:00:04
stefano.crapanzano@chu.ulg.ac.be,Rédaction : Re: GOAL: fichier de comparaison - Thunderbird,Helpdesk général,2021-06-04,13:06:00,00:00:38
stefano.crapanzano@chu.ulg.ac.be,Rédaction : Re: GOAL: fichier de comparaison - Thunderbird,Helpdesk général,2021-06-04,13:08:04,00:02:01
stefano.crapanzano@chu.ulg.ac.be,Rédaction : Re: GOAL: fichier de comparaison - Thunderbird,Helpdesk général,2021-06-04,13:10:19,00:01:12
stefano.crapanzano@chu.ulg.ac.be,Rédaction : Re: GOAL: fichier de comparaison - Thunderbird,Helpdesk général,2021-06-04,13:14:18,00:06:24
stefano.crapanzano@chu.ulg.ac.be,Rédaction : Re: GOAL: fichier de comparaison - Thunderbird,Helpdesk général,2021-06-04,13:20:58,00:10:20
stefano.crapanzano@chu.ulg.ac.be,Rédaction : Re: GOAL: fichier de comparaison - Thunderbird,Helpdesk général,2021-06-04,15:50:21,00:03:47
stefano.crapanzano@chu.ulg.ac.be,Rédaction : Re: GOAL: fichier de comparaison - Thunderbird,Helpdesk général,2021-06-04,15:54:33,00:02:01
stefano.crapanzano@chu.ulg.ac.be,Programmation,IT,2021-06-04,12:55:15,00:00:12
stefano.crapanzano@chu.ulg.ac.be,Programmation,IT,2021-06-04,12:57:52,00:00:11
stefano.crapanzano@chu.ulg.ac.be,Programmation,IT,2021-06-04,12:58:39,00:00:36
stefano.crapanzano@chu.ulg.ac.be,Programmation,IT,2021-06-04,13:06:39,00:01:23
stefano.crapanzano@chu.ulg.ac.be,Programmation,IT,2021-06-04,13:48:16,00:00:18
stefano.crapanzano@chu.ulg.ac.be,Programmation,IT,2021-06-04,13:48:37,00:00:14
stefano.crapanzano@chu.ulg.ac.be,Programmation,IT,2021-06-04,13:48:52,00:00:18
stefano.crapanzano@chu.ulg.ac.be,Programmation,IT,2021-06-04,14:02:07,00:00:21
stefano.crapanzano@chu.ulg.ac.be,Programmation,IT,2021-06-04,14:04:34,00:00:03
stefano.crapanzano@chu.ulg.ac.be,Programmation,IT,2021-06-04,14:08:36,00:00:41
stefano.crapanzano@chu.ulg.ac.be,Programmation,IT,2021-06-04,14:09:36,00:04:03
stefano.crapanzano@chu.ulg.ac.be,Programmation,IT,2021-06-04,14:13:50,00:06:06
stefano.crapanzano@chu.ulg.ac.be,Programmation,IT,2021-06-04,14:20:39,00:00:25
stefano.crapanzano@chu.ulg.ac.be,Programmation,IT,2021-06-04,14:21:11,00:01:07
stefano.crapanzano@chu.ulg.ac.be,Programmation,IT,2021-06-04,14:23:29,00:03:04
stefano.crapanzano@chu.ulg.ac.be,Programmation,IT,2021-06-04,14:26:45,00:02:07
stefano.crapanzano@chu.ulg.ac.be,Programmation,IT,2021-06-04,14:29:54,00:02:01
stefano.crapanzano@chu.ulg.ac.be,Programmation,IT,2021-06-04,14:32:01,00:00:03
stefano.crapanzano@chu.ulg.ac.be,Programmation,IT,2021-06-04,14:34:12,00:00:30
stefano.crapanzano@chu.ulg.ac.be,Programmation,IT,2021-06-04,14:36:37,00:00:13
stefano.crapanzano@chu.ulg.ac.be,Programmation,IT,2021-06-04,14:37:44,00:01:11
stefano.crapanzano@chu.ulg.ac.be,Programmation,IT,2021-06-04,14:38:59,00:00:55
stefano.crapanzano@chu.ulg.ac.be,Programmation,IT,2021-06-04,14:40:30,00:00:20
stefano.crapanzano@chu.ulg.ac.be,Programmation,IT,2021-06-04,14:41:01,00:00:07
stefano.crapanzano@chu.ulg.ac.be,Programmation,IT,2021-06-04,14:41:13,00:00:08
stefano.crapanzano@chu.ulg.ac.be,Programmation,IT,2021-06-04,14:41:24,00:00:06
stefano.crapanzano@chu.ulg.ac.be,Programmation,IT,2021-06-04,14:41:45,00:00:18
stefano.crapanzano@chu.ulg.ac.be,Programmation,IT,2021-06-04,14:42:52,00:00:45
stefano.crapanzano@chu.ulg.ac.be,Programmation,IT,2021-06-04,14:44:48,00:00:03
stefano.crapanzano@chu.ulg.ac.be,Programmation,IT,2021-06-04,14:44:53,00:00:31
stefano.crapanzano@chu.ulg.ac.be,Programmation,IT,2021-06-04,14:45:39,00:01:54
stefano.crapanzano@chu.ulg.ac.be,Programmation,IT,2021-06-04,14:47:54,00:00:20
stefano.crapanzano@chu.ulg.ac.be,Programmation,IT,2021-06-04,14:49:25,00:00:04
stefano.crapanzano@chu.ulg.ac.be,Programmation,IT,2021-06-04,14:49:32,00:00:31
stefano.crapanzano@chu.ulg.ac.be,Programmation,IT,2021-06-04,14:50:59,00:00:43
stefano.crapanzano@chu.ulg.ac.be,Programmation,IT,2021-06-04,14:53:03,00:00:47
stefano.crapanzano@chu.ulg.ac.be,Programmation,IT,2021-06-04,14:54:46,00:02:00
stefano.crapanzano@chu.ulg.ac.be,Programmation,IT,2021-06-04,14:57:00,00:00:03
stefano.crapanzano@chu.ulg.ac.be,Programmation,IT,2021-06-04,14:58:21,00:00:03
stefano.crapanzano@chu.ulg.ac.be,Programmation,IT,2021-06-04,14:59:13,00:00:47
stefano.crapanzano@chu.ulg.ac.be,Programmation,IT,2021-06-04,15:00:42,00:00:11
stefano.crapanzano@chu.ulg.ac.be,Programmation,IT,2021-06-04,15:01:03,00:00:06
stefano.crapanzano@chu.ulg.ac.be,Programmation,IT,2021-06-04,15:08:34,00:00:06
stefano.crapanzano@chu.ulg.ac.be,Programmation,IT,2021-06-04,15:09:53,00:00:09
stefano.crapanzano@chu.ulg.ac.be,Programmation,IT,2021-06-04,15:10:19,00:01:13
stefano.crapanzano@chu.ulg.ac.be,Programmation,IT,2021-06-04,15:11:44,00:00:07
stefano.crapanzano@chu.ulg.ac.be,Programmation,IT,2021-06-04,15:12:10,00:01:48
stefano.crapanzano@chu.ulg.ac.be,Programmation,IT,2021-06-04,15:14:07,00:00:27
stefano.crapanzano@chu.ulg.ac.be,Programmation,IT,2021-06-04,15:14:41,00:02:14
stefano.crapanzano@chu.ulg.ac.be,Programmation,IT,2021-06-04,15:17:11,00:01:30
stefano.crapanzano@chu.ulg.ac.be,Programmation,IT,2021-06-04,15:18:46,00:01:38
stefano.crapanzano@chu.ulg.ac.be,Programmation,IT,2021-06-04,15:21:06,00:00:30
stefano.crapanzano@chu.ulg.ac.be,Programmation,IT,2021-06-04,15:21:50,00:00:38
stefano.crapanzano@chu.ulg.ac.be,Programmation,IT,2021-06-04,15:22:33,00:01:26
stefano.crapanzano@chu.ulg.ac.be,Programmation,IT,2021-06-04,15:24:14,00:00:54
stefano.crapanzano@chu.ulg.ac.be,Programmation,IT,2021-06-04,15:25:16,00:00:07
stefano.crapanzano@chu.ulg.ac.be,Programmation,IT,2021-06-04,15:25:29,00:00:04
stefano.crapanzano@chu.ulg.ac.be,Programmation,IT,2021-06-04,15:25:37,00:00:23
stefano.crapanzano@chu.ulg.ac.be,Programmation,IT,2021-06-04,15:26:03,00:00:02
stefano.crapanzano@chu.ulg.ac.be,Programmation,IT,2021-06-04,15:26:17,00:00:21
stefano.crapanzano@chu.ulg.ac.be,Programmation,IT,2021-06-04,15:26:44,00:00:17
stefano.crapanzano@chu.ulg.ac.be,Programmation,IT,2021-06-04,15:27:08,00:00:06
stefano.crapanzano@chu.ulg.ac.be,Programmation,IT,2021-06-04,15:27:37,00:00:05
stefano.crapanzano@chu.ulg.ac.be,Programmation,IT,2021-06-04,15:27:48,00:00:04
stefano.crapanzano@chu.ulg.ac.be,Programmation,IT,2021-06-04,15:27:53,00:00:13
stefano.crapanzano@chu.ulg.ac.be,Programmation,IT,2021-06-04,15:28:10,00:00:52
stefano.crapanzano@chu.ulg.ac.be,Programmation,IT,2021-06-04,15:29:15,00:00:48
stefano.crapanzano@chu.ulg.ac.be,Programmation,IT,2021-06-04,15:30:13,00:01:40
stefano.crapanzano@chu.ulg.ac.be,Programmation,IT,2021-06-04,15:34:03,00:00:14
stefano.crapanzano@chu.ulg.ac.be,Programmation,IT,2021-06-04,15:34:36,00:00:13
stefano.crapanzano@chu.ulg.ac.be,Programmation,IT,2021-06-04,15:35:04,00:02:04
stefano.crapanzano@chu.ulg.ac.be,Programmation,IT,2021-06-04,15:37:18,00:00:12
stefano.crapanzano@chu.ulg.ac.be,Programmation,IT,2021-06-04,15:37:35,00:01:08
stefano.crapanzano@chu.ulg.ac.be,Programmation,IT,2021-06-04,15:39:18,00:00:18
stefano.crapanzano@chu.ulg.ac.be,Programmation,IT,2021-06-04,15:39:45,00:00:23
stefano.crapanzano@chu.ulg.ac.be,Programmation,IT,2021-06-04,15:40:18,00:00:17
stefano.crapanzano@chu.ulg.ac.be,Programmation,IT,2021-06-04,15:41:06,00:01:13
stefano.crapanzano@chu.ulg.ac.be,Programmation,IT,2021-06-04,15:42:24,00:01:10
stefano.crapanzano@chu.ulg.ac.be,Programmation,IT,2021-06-04,15:43:41,00:00:02
stefano.crapanzano@chu.ulg.ac.be,Programmation,IT,2021-06-04,15:44:44,00:00:19
stefano.crapanzano@chu.ulg.ac.be,Programmation,IT,2021-06-04,15:59:29,00:01:40
stefano.crapanzano@chu.ulg.ac.be,Greenshot capture form,Helpdesk général,2021-06-04,12:55:28,00:00:25
stefano.crapanzano@chu.ulg.ac.be,Greenshot capture form,Helpdesk général,2021-06-04,12:58:04,00:00:10
stefano.crapanzano@chu.ulg.ac.be,Greenshot capture form,Helpdesk général,2021-06-04,16:23:07,00:00:12
stefano.crapanzano@chu.ulg.ac.be,Couleur du texte,Helpdesk général,2021-06-04,13:03:35,00:00:04
stefano.crapanzano@chu.ulg.ac.be,Couleur du texte,Helpdesk général,2021-06-04,13:04:02,00:00:06
stefano.crapanzano@chu.ulg.ac.be,Couleur du texte,Helpdesk général,2021-06-04,13:04:16,00:00:03
stefano.crapanzano@chu.ulg.ac.be,Couleur du texte,Helpdesk général,2021-06-04,13:05:48,00:00:03
stefano.crapanzano@chu.ulg.ac.be,Couleur du texte,Helpdesk général,2021-06-04,13:05:56,00:00:03
stefano.crapanzano@chu.ulg.ac.be,Couleurs,Helpdesk général,2021-06-04,13:04:08,00:00:08
stefano.crapanzano@chu.ulg.ac.be,Vérification de l’orthographe,Helpdesk général,2021-06-04,13:31:18,00:00:02
stefano.crapanzano@chu.ulg.ac.be,GOAL - LABO - Google Chrome,Tâches diverses,2021-06-04,13:20:51,00:00:05
stefano.crapanzano@chu.ulg.ac.be,GOAL - LABO - Google Chrome,Tâches diverses,2021-06-04,13:58:18,00:00:04
stefano.crapanzano@chu.ulg.ac.be,GOAL - LABO - Google Chrome,Tâches diverses,2021-06-04,13:58:24,00:00:26
stefano.crapanzano@chu.ulg.ac.be,GOAL - LABO - Google Chrome,Tâches diverses,2021-06-04,13:59:17,00:00:28
stefano.crapanzano@chu.ulg.ac.be,GOAL - LABO - Google Chrome,Tâches diverses,2021-06-04,16:17:33,00:00:04
stefano.crapanzano@chu.ulg.ac.be,GOAL - LABO - Google Chrome,Tâches diverses,2021-06-04,16:17:42,00:00:04
stefano.crapanzano@chu.ulg.ac.be,GOAL - LABO - Google Chrome,Tâches diverses,2021-06-04,16:17:52,00:00:22
stefano.crapanzano@chu.ulg.ac.be,GOAL - LABO - Google Chrome,Tâches diverses,2021-06-04,16:18:25,00:00:31
stefano.crapanzano@chu.ulg.ac.be,GOAL - LABO - Google Chrome,Tâches diverses,2021-06-04,16:19:25,00:01:19
stefano.crapanzano@chu.ulg.ac.be,GOAL - LABO - Google Chrome,Tâches diverses,2021-06-04,16:20:52,00:00:11
stefano.crapanzano@chu.ulg.ac.be,GOAL - LABO - Google Chrome,Tâches diverses,2021-06-04,16:23:46,00:00:26
stefano.crapanzano@chu.ulg.ac.be,400 Bad Request - Google Chrome,Tâches diverses,2021-06-04,16:17:31,00:00:02
stefano.crapanzano@chu.ulg.ac.be,Envoi du message - Re: GOAL: fichier de comparaison,Helpdesk général,2021-06-04,15:56:36,00:00:02
stefano.crapanzano@chu.ulg.ac.be,Excel,Tâches diverses,2021-06-04,13:33:56,00:00:02
stefano.crapanzano@chu.ulg.ac.be,Excel,Tâches diverses,2021-06-04,16:03:24,00:00:02
stefano.crapanzano@chu.ulg.ac.be,sql multiple case when - Recherche Google - Google Chrome,Tâches diverses,2021-06-04,14:06:39,00:00:02
stefano.crapanzano@chu.ulg.ac.be,How do I do multiple CASE WHEN conditions using SQL Server 2008? - Stack Overflow - Google Chrome,Tâches diverses,2021-06-04,14:06:41,00:00:11
stefano.crapanzano@chu.ulg.ac.be,How do I do multiple CASE WHEN conditions using SQL Server 2008? - Stack Overflow - Google Chrome,Tâches diverses,2021-06-04,14:06:57,00:00:25
stefano.crapanzano@chu.ulg.ac.be,How do I do multiple CASE WHEN conditions using SQL Server 2008? - Stack Overflow - Google Chrome,Tâches diverses,2021-06-04,14:07:27,00:00:10
stefano.crapanzano@chu.ulg.ac.be,discordances_glims_sap_2021_06_04_14_27_55.xlsx - Excel,Tâches diverses,2021-06-04,14:29:09,00:00:17
stefano.crapanzano@chu.ulg.ac.be,discordances_glims_sap_2021_06_04_14_27_55.xlsx - Excel,Tâches diverses,2021-06-04,14:29:34,00:00:19
stefano.crapanzano@chu.ulg.ac.be,discordances_glims_sap_2021_06_04_14_31_56.xlsx - Excel,Tâches diverses,2021-06-04,14:32:19,00:00:35
stefano.crapanzano@chu.ulg.ac.be,discordances_glims_sap_2021_06_04_14_31_56.xlsx - Excel,Tâches diverses,2021-06-04,14:33:23,00:00:06
stefano.crapanzano@chu.ulg.ac.be,discordances_glims_sap_2021_06_04_14_31_56.xlsx - Excel,Tâches diverses,2021-06-04,14:34:51,00:00:04
stefano.crapanzano@chu.ulg.ac.be,discordances_glims_sap_2021_06_04_14_31_56.xlsx - Excel,Tâches diverses,2021-06-04,14:35:35,00:00:58
stefano.crapanzano@chu.ulg.ac.be,discordances_glims_sap_2021_06_04_14_31_56.xlsx - Excel,Tâches diverses,2021-06-04,14:36:57,00:00:05
stefano.crapanzano@chu.ulg.ac.be,discordances_glims_sap_2021_06_04_14_31_56.xlsx - Excel,Tâches diverses,2021-06-04,14:38:56,00:00:03
stefano.crapanzano@chu.ulg.ac.be,discordances_glims_sap_2021_06_04_14_31_56.xlsx - Excel,Tâches diverses,2021-06-04,14:42:06,00:00:07
stefano.crapanzano@chu.ulg.ac.be,discordances_glims_sap_2021_06_04_14_31_56.xlsx - Excel,Tâches diverses,2021-06-04,14:42:14,00:00:03
stefano.crapanzano@chu.ulg.ac.be,Rechercher et remplacer,Tâches diverses,2021-06-04,14:35:15,00:00:07
stefano.crapanzano@chu.ulg.ac.be,Rechercher et remplacer,Tâches diverses,2021-06-04,14:35:23,00:00:10
stefano.crapanzano@chu.ulg.ac.be,Rechercher et remplacer,Tâches diverses,2021-06-04,14:58:32,00:00:07
stefano.crapanzano@chu.ulg.ac.be,discordances_glims_sap_2021_06_04_14_39_42.xlsx - Excel,Tâches diverses,2021-06-04,14:40:01,00:00:20
stefano.crapanzano@chu.ulg.ac.be,discordances_glims_sap_2021_06_04_14_39_42.xlsx - Excel,Tâches diverses,2021-06-04,14:40:24,00:00:04
stefano.crapanzano@chu.ulg.ac.be,discordances_glims_sap_2021_06_04_14_39_42.xlsx - Excel,Tâches diverses,2021-06-04,14:40:50,00:00:07
stefano.crapanzano@chu.ulg.ac.be,discordances_glims_sap_2021_06_04_14_39_42.xlsx - Excel,Tâches diverses,2021-06-04,14:41:09,00:00:04
stefano.crapanzano@chu.ulg.ac.be,discordances_glims_sap_2021_06_04_14_39_42.xlsx - Excel,Tâches diverses,2021-06-04,14:41:30,00:00:14
stefano.crapanzano@chu.ulg.ac.be,discordances_glims_sap_2021_06_04_14_39_42.xlsx - Excel,Tâches diverses,2021-06-04,15:33:10,00:00:10
stefano.crapanzano@chu.ulg.ac.be,discordances_glims_sap_2021_06_04_14_43_30.xlsx - Excel,Tâches diverses,2021-06-04,14:44:23,00:00:22
stefano.crapanzano@chu.ulg.ac.be,discordances_glims_sap_2021_06_04_14_43_30.xlsx - Excel,Tâches diverses,2021-06-04,14:45:26,00:00:11
stefano.crapanzano@chu.ulg.ac.be,discordances_glims_sap_2021_06_04_14_43_30.xlsx - Excel,Tâches diverses,2021-06-04,14:47:33,00:00:19
stefano.crapanzano@chu.ulg.ac.be,discordances_glims_sap_2021_06_04_14_43_30.xlsx - Excel,Tâches diverses,2021-06-04,14:48:23,00:00:02
stefano.crapanzano@chu.ulg.ac.be,discordances_glims_sap_2021_06_04_14_48_13.xlsx - Excel,Tâches diverses,2021-06-04,14:48:31,00:00:52
stefano.crapanzano@chu.ulg.ac.be,discordances_glims_sap_2021_06_04_14_48_13.xlsx - Excel,Tâches diverses,2021-06-04,14:50:05,00:00:54
stefano.crapanzano@chu.ulg.ac.be,discordances_glims_sap_2021_06_04_14_51_42.xlsx - Excel,Tâches diverses,2021-06-04,14:52:00,00:01:02
stefano.crapanzano@chu.ulg.ac.be,discordances_glims_sap_2021_06_04_14_51_42.xlsx - Excel,Tâches diverses,2021-06-04,14:53:51,00:00:52
stefano.crapanzano@chu.ulg.ac.be,discordances_glims_sap_2021_06_04_14_51_42.xlsx - Excel,Tâches diverses,2021-06-04,14:56:48,00:00:06
stefano.crapanzano@chu.ulg.ac.be,discordances_glims_sap_2021_06_04_14_51_42.xlsx - Excel,Tâches diverses,2021-06-04,14:56:55,00:00:04
stefano.crapanzano@chu.ulg.ac.be,discordances_glims_sap_2021_06_04_14_51_42.xlsx - Excel,Tâches diverses,2021-06-04,14:57:03,00:01:16
stefano.crapanzano@chu.ulg.ac.be,discordances_glims_sap_2021_06_04_14_51_42.xlsx - Excel,Tâches diverses,2021-06-04,14:58:43,00:00:28
stefano.crapanzano@chu.ulg.ac.be,discordances_glims_sap_2021_06_04_14_51_42.xlsx - Excel,Tâches diverses,2021-06-04,15:00:06,00:00:10
stefano.crapanzano@chu.ulg.ac.be,discordances_glims_sap_2021_06_04_14_51_42.xlsx - Excel,Tâches diverses,2021-06-04,15:00:19,00:00:20
stefano.crapanzano@chu.ulg.ac.be,discordances_glims_sap_2021_06_04_14_51_42.xlsx - Excel,Tâches diverses,2021-06-04,15:00:54,00:00:04
stefano.crapanzano@chu.ulg.ac.be,discordances_glims_sap_2021_06_04_14_51_42.xlsx - Excel,Tâches diverses,2021-06-04,15:01:00,00:00:02
stefano.crapanzano@chu.ulg.ac.be,discordances_glims_sap_2021_06_04_14_51_42.xlsx - Excel,Tâches diverses,2021-06-04,15:01:41,00:00:06
stefano.crapanzano@chu.ulg.ac.be,discordances_glims_sap_2021_06_04_14_51_42.xlsx - Excel,Tâches diverses,2021-06-04,15:02:33,00:00:17
stefano.crapanzano@chu.ulg.ac.be,discordances_glims_sap_2021_06_04_14_51_42.xlsx - Excel,Tâches diverses,2021-06-04,15:03:24,00:00:02
stefano.crapanzano@chu.ulg.ac.be,discordances_glims_sap_2021_06_04_14_51_42.xlsx - Excel,Tâches diverses,2021-06-04,15:03:37,00:00:03
stefano.crapanzano@chu.ulg.ac.be,discordances_glims_sap_2021_06_04_14_51_42.xlsx - Excel,Tâches diverses,2021-06-04,15:04:19,00:00:42
stefano.crapanzano@chu.ulg.ac.be,discordances_glims_sap_2021_06_04_14_51_42.xlsx - Excel,Tâches diverses,2021-06-04,15:08:43,00:01:08
stefano.crapanzano@chu.ulg.ac.be,discordances_glims_sap_2021_06_04_14_51_42.xlsx - Excel,Tâches diverses,2021-06-04,15:11:33,00:00:07
stefano.crapanzano@chu.ulg.ac.be,discordances_glims_sap_2021_06_04_14_51_42.xlsx - Excel,Tâches diverses,2021-06-04,15:11:52,00:00:16
stefano.crapanzano@chu.ulg.ac.be,discordances_glims_sap_2021_06_04_14_51_42.xlsx - Excel,Tâches diverses,2021-06-04,15:13:59,00:00:07
stefano.crapanzano@chu.ulg.ac.be,discordances_glims_sap_2021_06_04_14_51_42.xlsx - Excel,Tâches diverses,2021-06-04,15:14:36,00:00:04
stefano.crapanzano@chu.ulg.ac.be,discordances_glims_sap_2021_06_04_14_51_42.xlsx - Excel,Tâches diverses,2021-06-04,15:16:56,00:00:07
stefano.crapanzano@chu.ulg.ac.be,discordances_glims_sap_2021_06_04_14_51_42.xlsx - Excel,Tâches diverses,2021-06-04,15:18:43,00:00:02
stefano.crapanzano@chu.ulg.ac.be,discordances_glims_sap_2021_06_04_14_51_42.xlsx - Excel,Tâches diverses,2021-06-04,15:20:25,00:00:40
stefano.crapanzano@chu.ulg.ac.be,discordances_glims_sap_2021_06_04_14_51_42.xlsx - Excel,Tâches diverses,2021-06-04,15:21:38,00:00:12
stefano.crapanzano@chu.ulg.ac.be,discordances_glims_sap_2021_06_04_14_51_42.xlsx - Excel,Tâches diverses,2021-06-04,15:22:30,00:00:03
stefano.crapanzano@chu.ulg.ac.be,discordances_glims_sap_2021_06_04_14_51_42.xlsx - Excel,Tâches diverses,2021-06-04,15:24:01,00:00:13
stefano.crapanzano@chu.ulg.ac.be,discordances_glims_sap_2021_06_04_14_51_42.xlsx - Excel,Tâches diverses,2021-06-04,15:25:10,00:00:05
stefano.crapanzano@chu.ulg.ac.be,discordances_glims_sap_2021_06_04_14_51_42.xlsx - Excel,Tâches diverses,2021-06-04,15:25:24,00:00:04
stefano.crapanzano@chu.ulg.ac.be,discordances_glims_sap_2021_06_04_14_51_42.xlsx - Excel,Tâches diverses,2021-06-04,15:25:33,00:00:03
stefano.crapanzano@chu.ulg.ac.be,discordances_glims_sap_2021_06_04_14_51_42.xlsx - Excel,Tâches diverses,2021-06-04,15:26:05,00:00:08
stefano.crapanzano@chu.ulg.ac.be,Règles cohérence.xlsx - Excel,Tâches diverses,2021-06-04,15:01:10,00:00:31
stefano.crapanzano@chu.ulg.ac.be,Règles cohérence.xlsx - Excel,Tâches diverses,2021-06-04,15:01:47,00:00:14
stefano.crapanzano@chu.ulg.ac.be,Règles cohérence.xlsx - Excel,Tâches diverses,2021-06-04,15:02:04,00:00:03
stefano.crapanzano@chu.ulg.ac.be,Règles cohérence.xlsx - Excel,Tâches diverses,2021-06-04,15:02:09,00:00:24
stefano.crapanzano@chu.ulg.ac.be,Règles cohérence.xlsx - Excel,Tâches diverses,2021-06-04,15:02:52,00:00:32
stefano.crapanzano@chu.ulg.ac.be,Règles cohérence.xlsx - Excel,Tâches diverses,2021-06-04,15:03:27,00:00:10
stefano.crapanzano@chu.ulg.ac.be,Règles cohérence.xlsx - Excel,Tâches diverses,2021-06-04,15:03:41,00:00:37
stefano.crapanzano@chu.ulg.ac.be,Règles cohérence.xlsx - Excel,Tâches diverses,2021-06-04,15:10:04,00:00:14
stefano.crapanzano@chu.ulg.ac.be,tomsin cohérence - Mozilla Thunderbird,Helpdesk général,2021-06-04,15:05:10,00:00:22
stefano.crapanzano@chu.ulg.ac.be,tomsin cohérence - Mozilla Thunderbird,Helpdesk général,2021-06-04,15:06:28,00:00:34
stefano.crapanzano@chu.ulg.ac.be,tomsin cohérence - Mozilla Thunderbird,Helpdesk général,2021-06-04,15:07:24,00:00:19
stefano.crapanzano@chu.ulg.ac.be,Comparaison des catalogues - Mozilla Thunderbird,Helpdesk général,2021-06-04,15:05:33,00:00:55
stefano.crapanzano@chu.ulg.ac.be,Comparaison des catalogues - Mozilla Thunderbird,Helpdesk général,2021-06-04,15:07:44,00:00:49
stefano.crapanzano@chu.ulg.ac.be,Comparaison des catalogues - Mozilla Thunderbird,Helpdesk général,2021-06-04,15:50:07,00:00:02
stefano.crapanzano@chu.ulg.ac.be,Comparaison GLIMS / SAP - Mozilla Thunderbird,Helpdesk général,2021-06-04,15:07:03,00:00:11
stefano.crapanzano@chu.ulg.ac.be,discordances_glims_sap_2021_06_04_15_26_52.xlsx - Excel,Tâches diverses,2021-06-04,15:27:18,00:00:16
stefano.crapanzano@chu.ulg.ac.be,discordances_glims_sap_2021_06_04_15_26_52.xlsx - Excel,Tâches diverses,2021-06-04,15:27:43,00:00:03
stefano.crapanzano@chu.ulg.ac.be,discordances_glims_sap_2021_06_04_15_26_52.xlsx - Excel,Tâches diverses,2021-06-04,15:28:07,00:00:02
stefano.crapanzano@chu.ulg.ac.be,discordances_glims_sap_2021_06_04_15_26_52.xlsx - Excel,Tâches diverses,2021-06-04,15:29:03,00:00:10
stefano.crapanzano@chu.ulg.ac.be,discordances_glims_sap_2021_06_04_15_26_52.xlsx - Excel,Tâches diverses,2021-06-04,15:30:05,00:00:07
stefano.crapanzano@chu.ulg.ac.be,discordances_glims_sap_2021_06_04_15_26_52.xlsx - Excel,Tâches diverses,2021-06-04,15:32:05,00:00:02
stefano.crapanzano@chu.ulg.ac.be,discordances_glims_sap_2021_06_04_15_26_52.xlsx - Excel,Tâches diverses,2021-06-04,15:32:52,00:00:13
stefano.crapanzano@chu.ulg.ac.be,discordances_glims_sap_2021_06_04_15_31_53.xlsx - Excel,Tâches diverses,2021-06-04,15:32:08,00:00:43
stefano.crapanzano@chu.ulg.ac.be,discordances_glims_sap_2021_06_04_15_31_53.xlsx - Excel,Tâches diverses,2021-06-04,15:33:24,00:00:37
stefano.crapanzano@chu.ulg.ac.be,discordances_glims_sap_2021_06_04_15_31_53.xlsx - Excel,Tâches diverses,2021-06-04,15:34:18,00:00:16
stefano.crapanzano@chu.ulg.ac.be,discordances_glims_sap_2021_06_04_15_31_53.xlsx - Excel,Tâches diverses,2021-06-04,15:34:51,00:00:02
stefano.crapanzano@chu.ulg.ac.be,discordances_glims_sap_2021_06_04_15_31_53.xlsx - Excel,Tâches diverses,2021-06-04,15:34:55,00:00:09
stefano.crapanzano@chu.ulg.ac.be,discordances_glims_sap_2021_06_04_15_31_53.xlsx - Excel,Tâches diverses,2021-06-04,15:37:09,00:00:08
stefano.crapanzano@chu.ulg.ac.be,discordances_glims_sap_2021_06_04_15_31_53.xlsx - Excel,Tâches diverses,2021-06-04,15:37:30,00:00:03
stefano.crapanzano@chu.ulg.ac.be,discordances_glims_sap_2021_06_04_15_31_53.xlsx - Excel,Tâches diverses,2021-06-04,15:38:46,00:00:03
stefano.crapanzano@chu.ulg.ac.be,discordances_glims_sap_2021_06_04_15_38_31.xlsx - Excel,Tâches diverses,2021-06-04,15:38:49,00:00:26
stefano.crapanzano@chu.ulg.ac.be,discordances_glims_sap_2021_06_04_15_38_31.xlsx - Excel,Tâches diverses,2021-06-04,15:39:36,00:00:07
stefano.crapanzano@chu.ulg.ac.be,discordances_glims_sap_2021_06_04_15_38_31.xlsx - Excel,Tâches diverses,2021-06-04,15:40:08,00:00:02
stefano.crapanzano@chu.ulg.ac.be,discordances_glims_sap_2021_06_04_15_40_06.xlsx - Excel,Tâches diverses,2021-06-04,15:40:58,00:00:06
stefano.crapanzano@chu.ulg.ac.be,discordances_glims_sap_2021_06_04_15_40_06.xlsx - Excel,Tâches diverses,2021-06-04,15:42:21,00:00:02
stefano.crapanzano@chu.ulg.ac.be,discordances_glims_sap_2021_06_04_15_40_06.xlsx - Excel,Tâches diverses,2021-06-04,15:43:34,00:00:06
stefano.crapanzano@chu.ulg.ac.be,discordances_glims_sap_2021_06_04_15_43_33.xlsx - Excel,Tâches diverses,2021-06-04,15:43:46,00:00:56
stefano.crapanzano@chu.ulg.ac.be,discordances_glims_sap_2021_06_04_15_43_33.xlsx - Excel,Tâches diverses,2021-06-04,15:47:43,00:00:02
stefano.crapanzano@chu.ulg.ac.be,discordances_glims_sap_2021_06_04_15_45_03.xlsx - Excel,Tâches diverses,2021-06-04,15:47:46,00:00:23
stefano.crapanzano@chu.ulg.ac.be,discordances_glims_sap_2021_06_04_15_45_03.xlsx - Excel,Tâches diverses,2021-06-04,15:48:22,00:00:07
stefano.crapanzano@chu.ulg.ac.be,discordances_glims_sap_2021_06_04_15_45_03.xlsx - Excel,Tâches diverses,2021-06-04,15:48:30,00:00:07
stefano.crapanzano@chu.ulg.ac.be,discordances_glims_sap_2021_06_04_15_45_03.xlsx - Excel,Tâches diverses,2021-06-04,15:49:00,00:00:37
stefano.crapanzano@chu.ulg.ac.be,discordances_glims_sap_2021_06_04_15_45_03.xlsx - Excel,Tâches diverses,2021-06-04,15:49:41,00:00:26
stefano.crapanzano@chu.ulg.ac.be,discordances_glims_sap_2021_06_04_15_45_03.xlsx - Excel,Tâches diverses,2021-06-04,16:03:12,00:00:02
stefano.crapanzano@chu.ulg.ac.be,discordances_glims_sap_2021_06_04_06_00_11.xlsx - Excel,Tâches diverses,2021-06-04,15:48:14,00:00:07
stefano.crapanzano@chu.ulg.ac.be,discordances_glims_sap_2021_06_04_06_00_11.xlsx - Excel,Tâches diverses,2021-06-04,15:48:37,00:00:22
stefano.crapanzano@chu.ulg.ac.be,discordances_glims_sap_2021_06_04_06_00_11.xlsx - Excel,Tâches diverses,2021-06-04,15:49:37,00:00:03
stefano.crapanzano@chu.ulg.ac.be,Joindre les fichiers,Helpdesk général,2021-06-04,15:54:30,00:00:03
stefano.crapanzano@chu.ulg.ac.be,Netop Invité,Helpdesk général,2021-06-04,16:01:11,00:00:04
stefano.crapanzano@chu.ulg.ac.be,Netop Invité,Helpdesk général,2021-06-04,16:02:09,00:00:03
stefano.crapanzano@chu.ulg.ac.be,Connexion à l'aide de l'authentification Windows,Helpdesk général,2021-06-04,16:01:16,00:00:02
stefano.crapanzano@chu.ulg.ac.be,erpftp - Netop Remote Control,Helpdesk général,2021-06-04,16:01:20,00:00:48
stefano.crapanzano@chu.ulg.ac.be,discordances_glims_sap_2021_06_04_15_45_03.xlsx  [Mode protégé] - Excel,Tâches diverses,2021-06-04,16:12:10,00:01:39
stefano.crapanzano@chu.ulg.ac.be,discordances_glims_sap_2021_06_04_15_45_03.xlsx  [Mode protégé] - Excel,Tâches diverses,2021-06-04,16:14:17,00:01:02
stefano.crapanzano@chu.ulg.ac.be,discordances_glims_sap_2021_06_04_15_45_03.xlsx  [Mode protégé] - Excel,Tâches diverses,2021-06-04,16:15:37,00:00:49
stefano.crapanzano@chu.ulg.ac.be,discordances_glims_sap_2021_06_04_15_45_03.xlsx  [Lecture seule] - Excel,Tâches diverses,2021-06-04,16:16:27,00:01:03
stefano.crapanzano@chu.ulg.ac.be,discordances_glims_sap_2021_06_04_15_45_03.xlsx  [Lecture seule] - Excel,Tâches diverses,2021-06-04,16:17:39,00:00:02
stefano.crapanzano@chu.ulg.ac.be,discordances_glims_sap_2021_06_04_15_45_03.xlsx  [Lecture seule] - Excel,Tâches diverses,2021-06-04,16:17:46,00:00:06
stefano.crapanzano@chu.ulg.ac.be,discordances_glims_sap_2021_06_04_15_45_03.xlsx  [Lecture seule] - Excel,Tâches diverses,2021-06-04,16:18:15,00:00:09
stefano.crapanzano@chu.ulg.ac.be,discordances_glims_sap_2021_06_04_15_45_03.xlsx  [Lecture seule] - Excel,Tâches diverses,2021-06-04,16:27:02,00:01:51
stefano.crapanzano@chu.ulg.ac.be,discordances_glims_sap_2021_06_04_15_45_03.xlsx  [Lecture seule] - Excel,Tâches diverses,2021-06-04,16:29:34,00:00:14
stefano.crapanzano@chu.ulg.ac.be,discordances_glims_sap_2021_06_04_15_45_03.xlsx  [Lecture seule] - Excel,Tâches diverses,2021-06-04,16:30:36,00:00:03
stefano.crapanzano@chu.ulg.ac.be,discordances_glims_sap_2021_06_04_15_45_03.xlsx  [Lecture seule] - Excel,Tâches diverses,2021-06-04,16:31:54,00:00:45
stefano.crapanzano@chu.ulg.ac.be,discordances_glims_sap_2021_06_04_15_45_03.xlsx  [Lecture seule] - Excel,Tâches diverses,2021-06-04,16:33:06,00:13:48
stefano.crapanzano@chu.ulg.ac.be,DBeaver 21.0.0 - <none> Script-7,Helpdesk général,2021-06-04,16:23:20,00:00:05
stefano.crapanzano@chu.ulg.ac.be,view-source:https://goal.chuliege.be/validation/article/task_id/16566996-754d-45b1-a4aa-80373f595d5c - Google Chrome,Tâches diverses,2021-06-04,16:24:12,00:00:58
