Email,Description,Project,Start date,Start time,Duration
stefano.crapanzano@chu.ulg.ac.be,Administrateur : C:\Windows\system32\cmd.exe - python  main.py,IT,2021-01-19,08:28:41,00:00:02
stefano.crapanzano@chu.ulg.ac.be,Administrateur : C:\Windows\system32\cmd.exe - python  main.py,IT,2021-01-19,08:31:12,00:00:02
stefano.crapanzano@chu.ulg.ac.be,Sent - erp.sai@chuliege.be - Outlook,Helpdesk général,2021-01-19,08:28:43,00:00:03
stefano.crapanzano@chu.ulg.ac.be,Sent - erp.sai@chuliege.be - Outlook,Helpdesk général,2021-01-19,08:29:05,00:02:07
stefano.crapanzano@chu.ulg.ac.be,Sent - erp.sai@chuliege.be - Outlook,Helpdesk général,2021-01-19,11:01:35,00:00:02
stefano.crapanzano@chu.ulg.ac.be,Sent - erp.sai@chuliege.be - Outlook,Helpdesk général,2021-01-19,15:27:11,00:00:06
stefano.crapanzano@chu.ulg.ac.be,Boîte de Réception - Zimbra - Stefano Crapanzano - Outlook,Helpdesk général,2021-01-19,08:28:47,00:00:07
stefano.crapanzano@chu.ulg.ac.be,Boîte de Réception - Zimbra - Stefano Crapanzano - Outlook,Helpdesk général,2021-01-19,13:46:53,00:00:08
stefano.crapanzano@chu.ulg.ac.be,Boîte de Réception - Zimbra - Stefano Crapanzano - Outlook,Helpdesk général,2021-01-19,16:59:30,00:00:08
stefano.crapanzano@chu.ulg.ac.be,Boîte de réception - erp.sai@chuliege.be - Outlook,Helpdesk général,2021-01-19,08:28:54,00:00:10
stefano.crapanzano@chu.ulg.ac.be,Boîte de réception - erp.sai@chuliege.be - Outlook,Helpdesk général,2021-01-19,11:01:38,00:00:07
stefano.crapanzano@chu.ulg.ac.be,Boîte de réception - erp.sai@chuliege.be - Outlook,Helpdesk général,2021-01-19,11:04:57,00:00:37
stefano.crapanzano@chu.ulg.ac.be,Boîte de réception - erp.sai@chuliege.be - Outlook,Helpdesk général,2021-01-19,11:10:41,00:00:35
stefano.crapanzano@chu.ulg.ac.be,Boîte de réception - erp.sai@chuliege.be - Outlook,Helpdesk général,2021-01-19,11:12:50,00:00:06
stefano.crapanzano@chu.ulg.ac.be,Boîte de réception - erp.sai@chuliege.be - Outlook,Helpdesk général,2021-01-19,11:14:34,00:00:14
stefano.crapanzano@chu.ulg.ac.be,Boîte de réception - erp.sai@chuliege.be - Outlook,Helpdesk général,2021-01-19,11:16:27,00:00:17
stefano.crapanzano@chu.ulg.ac.be,Boîte de réception - erp.sai@chuliege.be - Outlook,Helpdesk général,2021-01-19,13:31:22,00:15:31
stefano.crapanzano@chu.ulg.ac.be,Boîte de réception - erp.sai@chuliege.be - Outlook,Helpdesk général,2021-01-19,13:47:02,00:21:46
stefano.crapanzano@chu.ulg.ac.be,Boîte de réception - erp.sai@chuliege.be - Outlook,Helpdesk général,2021-01-19,14:09:19,00:00:09
stefano.crapanzano@chu.ulg.ac.be,Boîte de réception - erp.sai@chuliege.be - Outlook,Helpdesk général,2021-01-19,14:09:50,00:00:09
stefano.crapanzano@chu.ulg.ac.be,Boîte de réception - erp.sai@chuliege.be - Outlook,Helpdesk général,2021-01-19,14:11:13,00:00:10
stefano.crapanzano@chu.ulg.ac.be,Boîte de réception - erp.sai@chuliege.be - Outlook,Helpdesk général,2021-01-19,14:12:38,00:00:05
stefano.crapanzano@chu.ulg.ac.be,Boîte de réception - erp.sai@chuliege.be - Outlook,Helpdesk général,2021-01-19,14:15:21,00:00:12
stefano.crapanzano@chu.ulg.ac.be,Boîte de réception - erp.sai@chuliege.be - Outlook,Helpdesk général,2021-01-19,14:25:23,00:01:40
stefano.crapanzano@chu.ulg.ac.be,Boîte de réception - erp.sai@chuliege.be - Outlook,Helpdesk général,2021-01-19,14:27:21,00:02:14
stefano.crapanzano@chu.ulg.ac.be,Boîte de réception - erp.sai@chuliege.be - Outlook,Helpdesk général,2021-01-19,14:36:34,00:00:37
stefano.crapanzano@chu.ulg.ac.be,Boîte de réception - erp.sai@chuliege.be - Outlook,Helpdesk général,2021-01-19,14:37:28,00:00:04
stefano.crapanzano@chu.ulg.ac.be,Boîte de réception - erp.sai@chuliege.be - Outlook,Helpdesk général,2021-01-19,14:53:53,00:00:06
stefano.crapanzano@chu.ulg.ac.be,Boîte de réception - erp.sai@chuliege.be - Outlook,Helpdesk général,2021-01-19,15:09:01,00:00:02
stefano.crapanzano@chu.ulg.ac.be,Boîte de réception - erp.sai@chuliege.be - Outlook,Helpdesk général,2021-01-19,15:25:33,00:01:37
stefano.crapanzano@chu.ulg.ac.be,Boîte de réception - erp.sai@chuliege.be - Outlook,Helpdesk général,2021-01-19,15:27:17,00:00:08
stefano.crapanzano@chu.ulg.ac.be,Boîte de réception - erp.sai@chuliege.be - Outlook,Helpdesk général,2021-01-19,15:28:11,00:00:35
stefano.crapanzano@chu.ulg.ac.be,Boîte de réception - erp.sai@chuliege.be - Outlook,Helpdesk général,2021-01-19,15:29:24,00:00:25
stefano.crapanzano@chu.ulg.ac.be,Boîte de réception - erp.sai@chuliege.be - Outlook,Helpdesk général,2021-01-19,15:29:51,00:01:29
stefano.crapanzano@chu.ulg.ac.be,Boîte de réception - erp.sai@chuliege.be - Outlook,Helpdesk général,2021-01-19,15:32:25,00:01:14
stefano.crapanzano@chu.ulg.ac.be,Boîte de réception - erp.sai@chuliege.be - Outlook,Helpdesk général,2021-01-19,15:33:42,00:00:07
stefano.crapanzano@chu.ulg.ac.be,Boîte de réception - erp.sai@chuliege.be - Outlook,Helpdesk général,2021-01-19,16:59:28,00:00:02
stefano.crapanzano@chu.ulg.ac.be,Boîte de réception - erp.sai@chuliege.be - Outlook,Helpdesk général,2021-01-19,16:59:39,00:00:05
stefano.crapanzano@chu.ulg.ac.be,Incident ERP for HealthCare - Bienvenue! Vous pouvez poser une demande de Service Desk ERP for HealthCare parmi les options fournies. - Service d'assistance - Google Chrome,Tâches diverses,2021-01-19,08:31:14,00:00:04
stefano.crapanzano@chu.ulg.ac.be,Lecture documentation,Tâches diverses,2021-01-19,08:31:20,00:14:24
stefano.crapanzano@chu.ulg.ac.be,Lecture documentation,Tâches diverses,2021-01-19,15:10:46,00:00:19
stefano.crapanzano@chu.ulg.ac.be,SQLQuery1.sql - si-s-serv24.ERP (CHULG\c158492 (61))* - Microsoft SQL Server Management Studio (Administrateur),IT,2021-01-19,08:45:45,00:00:16
stefano.crapanzano@chu.ulg.ac.be,SQLQuery1.sql - si-s-serv24.ERP (CHULG\c158492 (61))* - Microsoft SQL Server Management Studio (Administrateur),IT,2021-01-19,08:46:09,00:00:21
stefano.crapanzano@chu.ulg.ac.be,SQLQuery1.sql - si-s-serv24.ERP (CHULG\c158492 (61))* - Microsoft SQL Server Management Studio (Administrateur),IT,2021-01-19,08:46:33,00:00:36
stefano.crapanzano@chu.ulg.ac.be,SQLQuery1.sql - si-s-serv24.ERP (CHULG\c158492 (61))* - Microsoft SQL Server Management Studio (Administrateur),IT,2021-01-19,08:47:13,00:00:16
stefano.crapanzano@chu.ulg.ac.be,SQLQuery1.sql - si-s-serv24.ERP (CHULG\c158492 (61))* - Microsoft SQL Server Management Studio (Administrateur),IT,2021-01-19,08:47:33,02:13:41
stefano.crapanzano@chu.ulg.ac.be,SQLQuery1.sql - si-s-serv24.ERP (CHULG\c158492 (61))* - Microsoft SQL Server Management Studio (Administrateur),Helpdesk général,2021-01-19,14:08:48,00:00:13
stefano.crapanzano@chu.ulg.ac.be,SQLQuery1.sql - si-s-serv24.ERP (CHULG\c158492 (61))* - Microsoft SQL Server Management Studio (Administrateur),IT,2021-01-19,14:09:10,00:00:07
stefano.crapanzano@chu.ulg.ac.be,SQLQuery1.sql - si-s-serv24.ERP (CHULG\c158492 (61))* - Microsoft SQL Server Management Studio (Administrateur),IT,2021-01-19,14:13:57,00:00:02
stefano.crapanzano@chu.ulg.ac.be,SQLQuery1.sql - si-s-serv24.ERP (CHULG\c158492 (61))* - Microsoft SQL Server Management Studio (Administrateur),IT,2021-01-19,14:44:59,00:00:10
stefano.crapanzano@chu.ulg.ac.be,SQLQuery1.sql - si-s-serv24.ERP (CHULG\c158492 (61))* - Microsoft SQL Server Management Studio (Administrateur),IT,2021-01-19,14:45:21,00:00:06
stefano.crapanzano@chu.ulg.ac.be,SQLQuery1.sql - si-s-serv24.ERP (CHULG\c158492 (61))* - Microsoft SQL Server Management Studio (Administrateur),IT,2021-01-19,14:56:44,00:00:07
stefano.crapanzano@chu.ulg.ac.be,SQLQuery1.sql - si-s-serv24.ERP (CHULG\c158492 (61))* - Microsoft SQL Server Management Studio (Administrateur),IT,2021-01-19,15:20:58,00:00:02
stefano.crapanzano@chu.ulg.ac.be,SQLQuery1.sql - si-s-serv24.ERP (CHULG\c158492 (61))* - Microsoft SQL Server Management Studio (Administrateur),IT,2021-01-19,15:21:02,00:00:02
stefano.crapanzano@chu.ulg.ac.be,SQLQuery1.sql - si-s-serv24.ERP (CHULG\c158492 (61)) Exécution...* - Microsoft SQL Server Management Studio (Administrateur),IT,2021-01-19,08:46:02,00:00:07
stefano.crapanzano@chu.ulg.ac.be,SQLQuery1.sql - si-s-serv24.ERP (CHULG\c158492 (61)) Exécution...* - Microsoft SQL Server Management Studio (Administrateur),IT,2021-01-19,08:46:31,00:00:02
stefano.crapanzano@chu.ulg.ac.be,SQLQuery1.sql - si-s-serv24.ERP (CHULG\c158492 (61)) Exécution...* - Microsoft SQL Server Management Studio (Administrateur),IT,2021-01-19,08:47:09,00:00:03
stefano.crapanzano@chu.ulg.ac.be,SQLQuery1.sql - si-s-serv24.ERP (CHULG\c158492 (61)) Exécution...* - Microsoft SQL Server Management Studio (Administrateur),IT,2021-01-19,08:47:30,00:00:03
stefano.crapanzano@chu.ulg.ac.be,Navigation système de fichier,IT,2021-01-19,11:01:15,00:00:04
stefano.crapanzano@chu.ulg.ac.be,Navigation système de fichier,IT,2021-01-19,11:02:18,00:00:02
stefano.crapanzano@chu.ulg.ac.be,Navigation système de fichier,IT,2021-01-19,11:05:34,00:00:02
stefano.crapanzano@chu.ulg.ac.be,Navigation système de fichier,IT,2021-01-19,11:09:47,00:00:02
stefano.crapanzano@chu.ulg.ac.be,Navigation système de fichier,IT,2021-01-19,11:18:12,00:00:15
stefano.crapanzano@chu.ulg.ac.be,Navigation système de fichier,IT,2021-01-19,11:18:31,02:12:50
stefano.crapanzano@chu.ulg.ac.be,Navigation système de fichier,IT,2021-01-19,14:09:28,00:00:02
stefano.crapanzano@chu.ulg.ac.be,Navigation système de fichier,IT,2021-01-19,14:13:55,00:00:02
stefano.crapanzano@chu.ulg.ac.be,Navigation système de fichier,IT,2021-01-19,14:16:11,00:00:02
stefano.crapanzano@chu.ulg.ac.be,Navigation système de fichier,IT,2021-01-19,14:17:48,00:00:02
stefano.crapanzano@chu.ulg.ac.be,Navigation système de fichier,IT,2021-01-19,14:17:55,00:00:02
stefano.crapanzano@chu.ulg.ac.be,Navigation système de fichier,IT,2021-01-19,14:18:18,00:00:03
stefano.crapanzano@chu.ulg.ac.be,Navigation système de fichier,IT,2021-01-19,14:18:29,00:00:13
stefano.crapanzano@chu.ulg.ac.be,Navigation système de fichier,IT,2021-01-19,14:19:24,00:00:05
stefano.crapanzano@chu.ulg.ac.be,Navigation système de fichier,IT,2021-01-19,14:19:33,00:00:02
stefano.crapanzano@chu.ulg.ac.be,Navigation système de fichier,IT,2021-01-19,14:24:52,00:00:02
stefano.crapanzano@chu.ulg.ac.be,Navigation système de fichier,IT,2021-01-19,14:29:55,00:00:02
stefano.crapanzano@chu.ulg.ac.be,Navigation système de fichier,IT,2021-01-19,14:36:29,00:00:02
stefano.crapanzano@chu.ulg.ac.be,Navigation système de fichier,IT,2021-01-19,14:41:06,00:00:02
stefano.crapanzano@chu.ulg.ac.be,Navigation système de fichier,IT,2021-01-19,14:51:29,00:00:02
stefano.crapanzano@chu.ulg.ac.be,Navigation système de fichier,IT,2021-01-19,14:51:38,00:00:02
stefano.crapanzano@chu.ulg.ac.be,Navigation système de fichier,IT,2021-01-19,14:52:29,00:00:02
stefano.crapanzano@chu.ulg.ac.be,Navigation système de fichier,IT,2021-01-19,14:56:39,00:00:02
stefano.crapanzano@chu.ulg.ac.be,Navigation système de fichier,IT,2021-01-19,15:02:59,00:00:02
stefano.crapanzano@chu.ulg.ac.be,Navigation système de fichier,IT,2021-01-19,15:05:12,00:00:02
stefano.crapanzano@chu.ulg.ac.be,Navigation système de fichier,IT,2021-01-19,15:09:52,00:00:02
stefano.crapanzano@chu.ulg.ac.be,Navigation système de fichier,IT,2021-01-19,15:27:25,00:00:02
stefano.crapanzano@chu.ulg.ac.be,Navigation système de fichier,IT,2021-01-19,15:28:54,00:00:02
stefano.crapanzano@chu.ulg.ac.be,SAP Easy Access Menu de base Applications financières-économiques,Exploration SAP,2021-01-19,11:01:20,00:00:08
stefano.crapanzano@chu.ulg.ac.be,SAP Easy Access Menu de base Applications financières-économiques,Exploration SAP,2021-01-19,11:02:22,00:00:08
stefano.crapanzano@chu.ulg.ac.be,SAP Easy Access Menu de base Applications financières-économiques,Exploration SAP,2021-01-19,11:10:38,00:00:03
stefano.crapanzano@chu.ulg.ac.be,SAP Easy Access Menu de base Applications financières-économiques,Exploration SAP,2021-01-19,14:09:31,00:00:04
stefano.crapanzano@chu.ulg.ac.be,SAP Easy Access Menu de base Applications financières-économiques,Exploration SAP,2021-01-19,14:19:30,00:00:02
stefano.crapanzano@chu.ulg.ac.be,SAP Easy Access Menu de base Applications financières-économiques,Exploration SAP,2021-01-19,14:21:24,00:00:04
stefano.crapanzano@chu.ulg.ac.be,SAP Easy Access Menu de base Applications financières-économiques,Exploration SAP,2021-01-19,14:53:16,00:00:07
stefano.crapanzano@chu.ulg.ac.be,SAP Easy Access Menu de base Applications financières-économiques,Exploration SAP,2021-01-19,15:01:40,00:00:02
stefano.crapanzano@chu.ulg.ac.be,SAP Easy Access Menu de base Applications financières-économiques,Exploration SAP,2021-01-19,15:02:39,00:00:02
stefano.crapanzano@chu.ulg.ac.be,SAP Easy Access Menu de base Applications financières-économiques,Exploration SAP,2021-01-19,15:05:18,00:00:06
stefano.crapanzano@chu.ulg.ac.be,SAP Easy Access Menu de base Applications financières-économiques,Exploration SAP,2021-01-19,15:05:40,00:00:08
stefano.crapanzano@chu.ulg.ac.be,SAP Easy Access Menu de base Applications financières-économiques,Exploration SAP,2021-01-19,15:06:08,00:00:04
stefano.crapanzano@chu.ulg.ac.be,SAP Easy Access Menu de base Applications financières-économiques,Exploration SAP,2021-01-19,15:16:06,00:02:42
stefano.crapanzano@chu.ulg.ac.be,SAPconnect : ordres d'envoi de 18.01.2021 à 19.01.2021,Exploration SAP,2021-01-19,11:01:28,00:00:07
stefano.crapanzano@chu.ulg.ac.be,SAPconnect : ordres d'envoi de 18.01.2021 à 19.01.2021,Exploration SAP,2021-01-19,11:01:46,00:00:04
stefano.crapanzano@chu.ulg.ac.be,SAPconnect : ordres d'envoi de 18.01.2021 à 19.01.2021,Exploration SAP,2021-01-19,11:01:53,00:00:04
stefano.crapanzano@chu.ulg.ac.be,SAPconnect : ordres d'envoi de 18.01.2021 à 19.01.2021,Exploration SAP,2021-01-19,11:02:02,00:00:15
stefano.crapanzano@chu.ulg.ac.be,SAPconnect : ordres d'envoi de 18.01.2021 à 19.01.2021,Exploration SAP,2021-01-19,11:05:37,00:00:52
stefano.crapanzano@chu.ulg.ac.be,SAPconnect : ordres d'envoi de 18.01.2021 à 19.01.2021,Exploration SAP,2021-01-19,11:06:32,00:00:10
stefano.crapanzano@chu.ulg.ac.be,SAPconnect : ordres d'envoi de 18.01.2021 à 19.01.2021,Exploration SAP,2021-01-19,11:09:41,00:00:05
stefano.crapanzano@chu.ulg.ac.be,Définir valeurs pour critères de filtre,Exploration SAP,2021-01-19,11:01:51,00:00:02
stefano.crapanzano@chu.ulg.ac.be,Définir valeurs pour critères de filtre,Exploration SAP,2021-01-19,11:01:58,00:00:03
stefano.crapanzano@chu.ulg.ac.be,Définir valeurs pour critères de filtre,Exploration SAP,2021-01-19,14:55:26,00:00:06
stefano.crapanzano@chu.ulg.ac.be,Définir valeurs pour critères de filtre,Exploration SAP,2021-01-19,14:59:09,00:00:03
stefano.crapanzano@chu.ulg.ac.be,Définir valeurs pour critères de filtre,Exploration SAP,2021-01-19,14:59:39,00:00:07
stefano.crapanzano@chu.ulg.ac.be,Définir valeurs pour critères de filtre,Exploration SAP,2021-01-19,15:00:28,00:00:03
stefano.crapanzano@chu.ulg.ac.be,Définir valeurs pour critères de filtre,Exploration SAP,2021-01-19,15:01:18,00:00:02
stefano.crapanzano@chu.ulg.ac.be,Définir valeurs pour critères de filtre,Exploration SAP,2021-01-19,15:01:24,00:00:02
stefano.crapanzano@chu.ulg.ac.be,Définir valeurs pour critères de filtre,Exploration SAP,2021-01-19,15:02:57,00:00:02
stefano.crapanzano@chu.ulg.ac.be,Liste des documents article,Exploration SAP,2021-01-19,11:02:20,00:00:02
stefano.crapanzano@chu.ulg.ac.be,Sélectionner document,Exploration SAP,2021-01-19,11:02:32,00:00:02
stefano.crapanzano@chu.ulg.ac.be,Sélectionner document,Exploration SAP,2021-01-19,14:18:05,00:00:02
stefano.crapanzano@chu.ulg.ac.be,Sélectionner document,Exploration SAP,2021-01-19,14:21:31,00:00:02
stefano.crapanzano@chu.ulg.ac.be,Sélectionner document,Exploration SAP,2021-01-19,15:03:11,00:00:02
stefano.crapanzano@chu.ulg.ac.be,Commande interv. 40 4000188397 créée par WEBUSERCHU,Exploration SAP,2021-01-19,11:02:34,00:00:03
stefano.crapanzano@chu.ulg.ac.be,Commande interv. 40 4000188397 créée par WEBUSERCHU,Exploration SAP,2021-01-19,11:02:49,00:00:40
stefano.crapanzano@chu.ulg.ac.be,Commande interv. 40 4000188397 créée par WEBUSERCHU,Exploration SAP,2021-01-19,11:03:50,00:00:03
stefano.crapanzano@chu.ulg.ac.be,Commande interv. 40 4000188397 créée par WEBUSERCHU,Exploration SAP,2021-01-19,11:03:55,00:00:13
stefano.crapanzano@chu.ulg.ac.be,Commande interv. 40 4000188397 créée par WEBUSERCHU,Exploration SAP,2021-01-19,11:04:49,00:00:08
stefano.crapanzano@chu.ulg.ac.be,Commande interv. 40 4000188397 créée par WEBUSERCHU,Exploration SAP,2021-01-19,11:09:50,00:00:48
stefano.crapanzano@chu.ulg.ac.be,Afficher Cde achat : : messages,Exploration SAP,2021-01-19,11:02:38,00:00:10
stefano.crapanzano@chu.ulg.ac.be,Afficher Cde achat : : messages,Exploration SAP,2021-01-19,11:03:29,00:00:20
stefano.crapanzano@chu.ulg.ac.be,Modifications Commande achat 4000188397 Poste 1,Exploration SAP,2021-01-19,11:04:08,00:00:40
stefano.crapanzano@chu.ulg.ac.be,Détails,Exploration SAP,2021-01-19,11:06:29,00:00:02
stefano.crapanzano@chu.ulg.ac.be,Aperçu avant impression pour page C203LOCL1 de 00001 00002,Exploration SAP,2021-01-19,11:06:43,00:02:58
stefano.crapanzano@chu.ulg.ac.be,SVN_LOCAL – CHL_ERP_ZI54_MONITORING.bat [SVN_LOCAL] (Administrator),IT,2021-01-19,11:11:16,00:00:13
stefano.crapanzano@chu.ulg.ac.be,SVN_LOCAL – CHL_ERP_MAIL_MEDNUC_MONITORING.pl [SVN_LOCAL] (Administrator),IT,2021-01-19,11:11:30,00:00:03
stefano.crapanzano@chu.ulg.ac.be,SVN_LOCAL – CHL_ERP_MAIL_MEDNUC_MONITORING.pl [SVN_LOCAL] (Administrator),IT,2021-01-19,11:11:36,00:01:13
stefano.crapanzano@chu.ulg.ac.be,SVN_LOCAL – CHL_ERP_MAIL_MEDNUC_MONITORING.pl [SVN_LOCAL] (Administrator),IT,2021-01-19,11:12:56,00:01:36
stefano.crapanzano@chu.ulg.ac.be,SVN_LOCAL – CHL_ERP_MAIL_MEDNUC_MONITORING.pl [SVN_LOCAL] (Administrator),IT,2021-01-19,11:14:50,00:01:37
stefano.crapanzano@chu.ulg.ac.be,SVN_LOCAL – CHL_ERP_MAIL_MEDNUC_MONITORING.pl [SVN_LOCAL] (Administrator),IT,2021-01-19,11:16:44,00:00:36
stefano.crapanzano@chu.ulg.ac.be,SVN_LOCAL – CHL_ERP_MAIL_MEDNUC_MONITORING.pl [SVN_LOCAL] (Administrator),IT,2021-01-19,11:17:22,00:00:08
stefano.crapanzano@chu.ulg.ac.be,SVN_LOCAL – CHL_ERP_MAIL_MEDNUC_MONITORING.pl [SVN_LOCAL] (Administrator),IT,2021-01-19,11:18:10,00:00:02
stefano.crapanzano@chu.ulg.ac.be,Changement de tâche,Exploration SAP,2021-01-19,15:02:36,00:00:02
stefano.crapanzano@chu.ulg.ac.be,Commit Changes,IT,2021-01-19,11:17:31,00:00:39
stefano.crapanzano@chu.ulg.ac.be,Update Finished!,IT,2021-01-19,11:18:29,00:00:02
stefano.crapanzano@chu.ulg.ac.be,Paramètres de filtres,IT,2021-01-19,14:09:01,00:00:09
stefano.crapanzano@chu.ulg.ac.be,Paramètres de filtres,IT,2021-01-19,14:52:48,00:00:06
stefano.crapanzano@chu.ulg.ac.be,Documents achat par imputation,Exploration SAP,2021-01-19,14:09:36,00:00:13
stefano.crapanzano@chu.ulg.ac.be,Documents achat par imputation,Exploration SAP,2021-01-19,14:09:59,00:00:13
stefano.crapanzano@chu.ulg.ac.be,Documents achat par imputation,Exploration SAP,2021-01-19,14:10:19,00:00:25
stefano.crapanzano@chu.ulg.ac.be,Documents achat par imputation,Exploration SAP,2021-01-19,14:10:47,00:00:07
stefano.crapanzano@chu.ulg.ac.be,TypeAheadPopup,Exploration SAP,2021-01-19,14:10:13,00:00:02
stefano.crapanzano@chu.ulg.ac.be,TypeAheadPopup,Exploration SAP,2021-01-19,14:10:16,00:00:02
stefano.crapanzano@chu.ulg.ac.be,TypeAheadPopup,Exploration SAP,2021-01-19,14:10:44,00:00:03
stefano.crapanzano@chu.ulg.ac.be,TypeAheadPopup,Exploration SAP,2021-01-19,15:19:45,00:00:02
stefano.crapanzano@chu.ulg.ac.be,Documents d'achat Pour centre,Exploration SAP,2021-01-19,14:10:55,00:00:16
stefano.crapanzano@chu.ulg.ac.be,Documents d'achat Pour centre,Exploration SAP,2021-01-19,14:11:46,00:00:10
stefano.crapanzano@chu.ulg.ac.be,Documents d'achat Pour centre,Exploration SAP,2021-01-19,14:12:21,00:00:16
stefano.crapanzano@chu.ulg.ac.be,Documents d'achat Pour centre,Exploration SAP,2021-01-19,14:12:45,00:00:02
stefano.crapanzano@chu.ulg.ac.be,Documents d'achat Pour centre,Exploration SAP,2021-01-19,14:53:11,00:00:04
stefano.crapanzano@chu.ulg.ac.be,Documents d'achat Pour centre,Exploration SAP,2021-01-19,15:01:35,00:00:03
stefano.crapanzano@chu.ulg.ac.be,Modifier mise en forme,Exploration SAP,2021-01-19,14:11:25,00:00:03
stefano.crapanzano@chu.ulg.ac.be,Modifier mise en forme,Exploration SAP,2021-01-19,14:11:33,00:00:04
stefano.crapanzano@chu.ulg.ac.be,Modifier mise en forme,Exploration SAP,2021-01-19,14:11:44,00:00:02
stefano.crapanzano@chu.ulg.ac.be,Modifier mise en forme,Exploration SAP,2021-01-19,14:11:57,00:00:24
stefano.crapanzano@chu.ulg.ac.be,Rechercher,Exploration SAP,2021-01-19,14:11:28,00:00:04
stefano.crapanzano@chu.ulg.ac.be,Rechercher,Exploration SAP,2021-01-19,14:11:38,00:00:06
stefano.crapanzano@chu.ulg.ac.be,Rechercher,Exploration SAP,2021-01-19,14:55:35,00:00:02
stefano.crapanzano@chu.ulg.ac.be,Commande interv. 40 4000022585 créée par Gaëlle VAN RYSSELBERGHE,Exploration SAP,2021-01-19,14:12:47,00:00:14
stefano.crapanzano@chu.ulg.ac.be,Commande interv. 40 4000022585 créée par Gaëlle VAN RYSSELBERGHE,Exploration SAP,2021-01-19,14:13:06,00:00:06
stefano.crapanzano@chu.ulg.ac.be,Commande interv. 40 4000022585 créée par Gaëlle VAN RYSSELBERGHE,Exploration SAP,2021-01-19,14:18:02,00:00:02
stefano.crapanzano@chu.ulg.ac.be,Numéro de l'adresse de livraison (6),Exploration SAP,2021-01-19,14:13:02,00:00:03
stefano.crapanzano@chu.ulg.ac.be,Numéro de l'adresse de livraison (6),Exploration SAP,2021-01-19,14:19:42,00:00:02
stefano.crapanzano@chu.ulg.ac.be,Numéro de l'adresse de livraison (6),Exploration SAP,2021-01-19,14:22:35,00:00:02
stefano.crapanzano@chu.ulg.ac.be,Numéro de l'adresse de livraison (6),Exploration SAP,2021-01-19,15:03:32,00:00:09
stefano.crapanzano@chu.ulg.ac.be,Performance Assistant,Exploration SAP,2021-01-19,14:13:12,00:00:02
stefano.crapanzano@chu.ulg.ac.be,Performance Assistant,Exploration SAP,2021-01-19,14:17:51,00:00:02
stefano.crapanzano@chu.ulg.ac.be,Performance Assistant,Exploration SAP,2021-01-19,14:23:17,00:00:02
stefano.crapanzano@chu.ulg.ac.be,Performance Assistant,Exploration SAP,2021-01-19,14:23:21,00:00:02
stefano.crapanzano@chu.ulg.ac.be,Performance Assistant,Exploration SAP,2021-01-19,14:35:19,00:00:03
stefano.crapanzano@chu.ulg.ac.be,Performance Assistant,Exploration SAP,2021-01-19,14:35:41,00:00:04
stefano.crapanzano@chu.ulg.ac.be,Information technique,Exploration SAP,2021-01-19,14:13:14,00:00:12
stefano.crapanzano@chu.ulg.ac.be,Information technique,Exploration SAP,2021-01-19,14:35:23,00:00:03
stefano.crapanzano@chu.ulg.ac.be,Information technique,Exploration SAP,2021-01-19,14:35:46,00:00:07
stefano.crapanzano@chu.ulg.ac.be,Harpège Download_tables_SaaS_SAP_V13.xlsx - Excel,Tâches diverses,2021-01-19,14:13:27,00:00:04
stefano.crapanzano@chu.ulg.ac.be,Harpège Download_tables_SaaS_SAP_V13.xlsx - Excel,Tâches diverses,2021-01-19,14:16:14,00:00:19
stefano.crapanzano@chu.ulg.ac.be,Harpège Download_tables_SaaS_SAP_V13.xlsx - Excel,Tâches diverses,2021-01-19,14:41:34,00:00:20
stefano.crapanzano@chu.ulg.ac.be,Harpège Download_tables_SaaS_SAP_V13.xlsx - Excel,Tâches diverses,2021-01-19,14:42:03,00:00:14
stefano.crapanzano@chu.ulg.ac.be,Rechercher et remplacer,Tâches diverses,2021-01-19,14:13:32,00:00:22
stefano.crapanzano@chu.ulg.ac.be,Rechercher et remplacer,Tâches diverses,2021-01-19,14:16:33,00:00:07
stefano.crapanzano@chu.ulg.ac.be,Rechercher et remplacer,Tâches diverses,2021-01-19,14:31:12,00:00:18
stefano.crapanzano@chu.ulg.ac.be,Rechercher et remplacer,Tâches diverses,2021-01-19,14:41:13,00:00:20
stefano.crapanzano@chu.ulg.ac.be,Rechercher et remplacer,Tâches diverses,2021-01-19,14:41:54,00:00:08
stefano.crapanzano@chu.ulg.ac.be,Rechercher et remplacer,Tâches diverses,2021-01-19,14:42:17,00:00:44
stefano.crapanzano@chu.ulg.ac.be,SQLQuery3.sql - si-s-serv24.ERP (CHULG\c158492 (54))* - Microsoft SQL Server Management Studio (Administrateur),IT,2021-01-19,14:14:01,00:00:19
stefano.crapanzano@chu.ulg.ac.be,SQLQuery3.sql - si-s-serv24.ERP (CHULG\c158492 (54))* - Microsoft SQL Server Management Studio (Administrateur),IT,2021-01-19,14:14:33,00:00:07
stefano.crapanzano@chu.ulg.ac.be,SQLQuery3.sql - si-s-serv24.ERP (CHULG\c158492 (54))* - Microsoft SQL Server Management Studio (Administrateur),IT,2021-01-19,14:14:46,00:00:33
stefano.crapanzano@chu.ulg.ac.be,SQLQuery3.sql - si-s-serv24.ERP (CHULG\c158492 (54))* - Microsoft SQL Server Management Studio (Administrateur),IT,2021-01-19,14:15:33,00:00:19
stefano.crapanzano@chu.ulg.ac.be,SQLQuery3.sql - si-s-serv24.ERP (CHULG\c158492 (54))* - Microsoft SQL Server Management Studio (Administrateur),IT,2021-01-19,14:15:57,00:00:14
stefano.crapanzano@chu.ulg.ac.be,SQLQuery3.sql - si-s-serv24.ERP (CHULG\c158492 (54))* - Microsoft SQL Server Management Studio (Administrateur),IT,2021-01-19,14:16:41,00:00:38
stefano.crapanzano@chu.ulg.ac.be,SQLQuery3.sql - si-s-serv24.ERP (CHULG\c158492 (54))* - Microsoft SQL Server Management Studio (Administrateur),IT,2021-01-19,14:17:22,00:00:19
stefano.crapanzano@chu.ulg.ac.be,SQLQuery3.sql - si-s-serv24.ERP (CHULG\c158492 (54))* - Microsoft SQL Server Management Studio (Administrateur),IT,2021-01-19,14:18:13,00:00:04
stefano.crapanzano@chu.ulg.ac.be,SQLQuery3.sql - si-s-serv24.ERP (CHULG\c158492 (54))* - Microsoft SQL Server Management Studio (Administrateur),IT,2021-01-19,14:18:22,00:00:07
stefano.crapanzano@chu.ulg.ac.be,SQLQuery3.sql - si-s-serv24.ERP (CHULG\c158492 (54))* - Microsoft SQL Server Management Studio (Administrateur),IT,2021-01-19,14:18:46,00:00:33
stefano.crapanzano@chu.ulg.ac.be,SQLQuery3.sql - si-s-serv24.ERP (CHULG\c158492 (54))* - Microsoft SQL Server Management Studio (Administrateur),IT,2021-01-19,14:20:13,00:00:31
stefano.crapanzano@chu.ulg.ac.be,SQLQuery3.sql - si-s-serv24.ERP (CHULG\c158492 (54))* - Microsoft SQL Server Management Studio (Administrateur),IT,2021-01-19,14:20:45,00:00:29
stefano.crapanzano@chu.ulg.ac.be,SQLQuery3.sql - si-s-serv24.ERP (CHULG\c158492 (54))* - Microsoft SQL Server Management Studio (Administrateur),IT,2021-01-19,14:29:57,00:01:05
stefano.crapanzano@chu.ulg.ac.be,SQLQuery3.sql - si-s-serv24.ERP (CHULG\c158492 (54))* - Microsoft SQL Server Management Studio (Administrateur),IT,2021-01-19,14:31:35,00:00:19
stefano.crapanzano@chu.ulg.ac.be,SQLQuery3.sql - si-s-serv24.ERP (CHULG\c158492 (54))* - Microsoft SQL Server Management Studio (Administrateur),IT,2021-01-19,14:31:56,00:00:48
stefano.crapanzano@chu.ulg.ac.be,SQLQuery3.sql - si-s-serv24.ERP (CHULG\c158492 (54))* - Microsoft SQL Server Management Studio (Administrateur),IT,2021-01-19,14:32:48,00:00:02
stefano.crapanzano@chu.ulg.ac.be,SQLQuery3.sql - si-s-serv24.ERP (CHULG\c158492 (54))* - Microsoft SQL Server Management Studio (Administrateur),IT,2021-01-19,14:32:53,00:00:12
stefano.crapanzano@chu.ulg.ac.be,SQLQuery3.sql - si-s-serv24.ERP (CHULG\c158492 (54))* - Microsoft SQL Server Management Studio (Administrateur),IT,2021-01-19,14:33:06,00:01:21
stefano.crapanzano@chu.ulg.ac.be,SQLQuery3.sql - si-s-serv24.ERP (CHULG\c158492 (54))* - Microsoft SQL Server Management Studio (Administrateur),IT,2021-01-19,14:34:29,00:00:41
stefano.crapanzano@chu.ulg.ac.be,SQLQuery3.sql - si-s-serv24.ERP (CHULG\c158492 (54))* - Microsoft SQL Server Management Studio (Administrateur),IT,2021-01-19,14:36:22,00:00:07
stefano.crapanzano@chu.ulg.ac.be,SQLQuery3.sql - si-s-serv24.ERP (CHULG\c158492 (54))* - Microsoft SQL Server Management Studio (Administrateur),IT,2021-01-19,14:37:11,00:00:15
stefano.crapanzano@chu.ulg.ac.be,SQLQuery3.sql - si-s-serv24.ERP (CHULG\c158492 (54))* - Microsoft SQL Server Management Studio (Administrateur),IT,2021-01-19,14:37:34,00:01:00
stefano.crapanzano@chu.ulg.ac.be,SQLQuery3.sql - si-s-serv24.ERP (CHULG\c158492 (54))* - Microsoft SQL Server Management Studio (Administrateur),IT,2021-01-19,14:38:37,00:00:08
stefano.crapanzano@chu.ulg.ac.be,SQLQuery3.sql - si-s-serv24.ERP (CHULG\c158492 (54))* - Microsoft SQL Server Management Studio (Administrateur),IT,2021-01-19,14:44:48,00:00:03
stefano.crapanzano@chu.ulg.ac.be,SQLQuery3.sql - si-s-serv24.ERP (CHULG\c158492 (54))* - Microsoft SQL Server Management Studio (Administrateur),IT,2021-01-19,14:45:27,00:00:06
stefano.crapanzano@chu.ulg.ac.be,SQLQuery3.sql - si-s-serv24.ERP (CHULG\c158492 (54))* - Microsoft SQL Server Management Studio (Administrateur),IT,2021-01-19,14:45:39,00:02:42
stefano.crapanzano@chu.ulg.ac.be,SQLQuery3.sql - si-s-serv24.ERP (CHULG\c158492 (54))* - Microsoft SQL Server Management Studio (Administrateur),IT,2021-01-19,14:48:22,00:00:22
stefano.crapanzano@chu.ulg.ac.be,SQLQuery3.sql - si-s-serv24.ERP (CHULG\c158492 (54))* - Microsoft SQL Server Management Studio (Administrateur),IT,2021-01-19,14:49:12,00:00:02
stefano.crapanzano@chu.ulg.ac.be,SQLQuery3.sql - si-s-serv24.ERP (CHULG\c158492 (54))* - Microsoft SQL Server Management Studio (Administrateur),IT,2021-01-19,14:49:29,00:00:21
stefano.crapanzano@chu.ulg.ac.be,SQLQuery3.sql - si-s-serv24.ERP (CHULG\c158492 (54))* - Microsoft SQL Server Management Studio (Administrateur),IT,2021-01-19,14:49:54,00:00:36
stefano.crapanzano@chu.ulg.ac.be,SQLQuery3.sql - si-s-serv24.ERP (CHULG\c158492 (54))* - Microsoft SQL Server Management Studio (Administrateur),IT,2021-01-19,14:50:35,00:00:04
stefano.crapanzano@chu.ulg.ac.be,SQLQuery3.sql - si-s-serv24.ERP (CHULG\c158492 (54))* - Microsoft SQL Server Management Studio (Administrateur),IT,2021-01-19,14:50:47,00:00:02
stefano.crapanzano@chu.ulg.ac.be,SQLQuery3.sql - si-s-serv24.ERP (CHULG\c158492 (54))* - Microsoft SQL Server Management Studio (Administrateur),IT,2021-01-19,14:50:51,00:00:24
stefano.crapanzano@chu.ulg.ac.be,SQLQuery3.sql - si-s-serv24.ERP (CHULG\c158492 (54))* - Microsoft SQL Server Management Studio (Administrateur),IT,2021-01-19,14:52:32,00:00:16
stefano.crapanzano@chu.ulg.ac.be,SQLQuery3.sql - si-s-serv24.ERP (CHULG\c158492 (54))* - Microsoft SQL Server Management Studio (Administrateur),IT,2021-01-19,14:52:54,00:00:07
stefano.crapanzano@chu.ulg.ac.be,SQLQuery3.sql - si-s-serv24.ERP (CHULG\c158492 (54))* - Microsoft SQL Server Management Studio (Administrateur),IT,2021-01-19,14:54:57,00:00:02
stefano.crapanzano@chu.ulg.ac.be,SQLQuery3.sql - si-s-serv24.ERP (CHULG\c158492 (54))* - Microsoft SQL Server Management Studio (Administrateur),IT,2021-01-19,14:56:41,00:00:02
stefano.crapanzano@chu.ulg.ac.be,SQLQuery3.sql - si-s-serv24.ERP (CHULG\c158492 (54))* - Microsoft SQL Server Management Studio (Administrateur),IT,2021-01-19,14:56:51,00:00:02
stefano.crapanzano@chu.ulg.ac.be,SQLQuery3.sql - si-s-serv24.ERP (CHULG\c158492 (54))* - Microsoft SQL Server Management Studio (Administrateur),IT,2021-01-19,14:56:59,00:00:28
stefano.crapanzano@chu.ulg.ac.be,SQLQuery3.sql - si-s-serv24.ERP (CHULG\c158492 (54))* - Microsoft SQL Server Management Studio (Administrateur),IT,2021-01-19,14:57:45,00:00:22
stefano.crapanzano@chu.ulg.ac.be,SQLQuery3.sql - si-s-serv24.ERP (CHULG\c158492 (54))* - Microsoft SQL Server Management Studio (Administrateur),IT,2021-01-19,14:58:24,00:00:02
stefano.crapanzano@chu.ulg.ac.be,SQLQuery3.sql - si-s-serv24.ERP (CHULG\c158492 (54))* - Microsoft SQL Server Management Studio (Administrateur),IT,2021-01-19,14:58:37,00:00:14
stefano.crapanzano@chu.ulg.ac.be,SQLQuery3.sql - si-s-serv24.ERP (CHULG\c158492 (54))* - Microsoft SQL Server Management Studio (Administrateur),IT,2021-01-19,14:58:53,00:00:07
stefano.crapanzano@chu.ulg.ac.be,SQLQuery3.sql - si-s-serv24.ERP (CHULG\c158492 (54))* - Microsoft SQL Server Management Studio (Administrateur),IT,2021-01-19,15:01:11,00:00:03
stefano.crapanzano@chu.ulg.ac.be,SQLQuery3.sql - si-s-serv24.ERP (CHULG\c158492 (54))* - Microsoft SQL Server Management Studio (Administrateur),IT,2021-01-19,15:01:28,00:00:05
stefano.crapanzano@chu.ulg.ac.be,SQLQuery3.sql - si-s-serv24.ERP (CHULG\c158492 (54))* - Microsoft SQL Server Management Studio (Administrateur),IT,2021-01-19,15:01:52,00:00:32
stefano.crapanzano@chu.ulg.ac.be,SQLQuery3.sql - si-s-serv24.ERP (CHULG\c158492 (54))* - Microsoft SQL Server Management Studio (Administrateur),IT,2021-01-19,15:02:26,00:00:09
stefano.crapanzano@chu.ulg.ac.be,SQLQuery3.sql - si-s-serv24.ERP (CHULG\c158492 (54))* - Microsoft SQL Server Management Studio (Administrateur),IT,2021-01-19,15:03:01,00:00:05
stefano.crapanzano@chu.ulg.ac.be,SQLQuery3.sql - si-s-serv24.ERP (CHULG\c158492 (54))* - Microsoft SQL Server Management Studio (Administrateur),IT,2021-01-19,15:03:18,00:00:06
stefano.crapanzano@chu.ulg.ac.be,SQLQuery3.sql - si-s-serv24.ERP (CHULG\c158492 (54))* - Microsoft SQL Server Management Studio (Administrateur),IT,2021-01-19,15:07:53,00:01:08
stefano.crapanzano@chu.ulg.ac.be,SQLQuery3.sql - si-s-serv24.ERP (CHULG\c158492 (54))* - Microsoft SQL Server Management Studio (Administrateur),IT,2021-01-19,15:09:04,00:00:03
stefano.crapanzano@chu.ulg.ac.be,SQLQuery3.sql - si-s-serv24.ERP (CHULG\c158492 (54))* - Microsoft SQL Server Management Studio (Administrateur),IT,2021-01-19,15:20:13,00:00:06
stefano.crapanzano@chu.ulg.ac.be,SQLQuery3.sql - si-s-serv24.ERP (CHULG\c158492 (54))* - Microsoft SQL Server Management Studio (Administrateur),IT,2021-01-19,15:20:35,00:00:06
stefano.crapanzano@chu.ulg.ac.be,SQLQuery3.sql - si-s-serv24.ERP (CHULG\c158492 (54))* - Microsoft SQL Server Management Studio (Administrateur),IT,2021-01-19,15:20:46,00:00:12
stefano.crapanzano@chu.ulg.ac.be,SQLQuery3.sql - si-s-serv24.ERP (CHULG\c158492 (54))* - Microsoft SQL Server Management Studio (Administrateur),IT,2021-01-19,15:21:05,00:00:16
stefano.crapanzano@chu.ulg.ac.be,SQLQuery3.sql - si-s-serv24.ERP (CHULG\c158492 (54))* - Microsoft SQL Server Management Studio (Administrateur),IT,2021-01-19,15:25:17,00:00:14
stefano.crapanzano@chu.ulg.ac.be,SQLQuery3.sql - si-s-serv24.ERP (CHULG\c158492 (54))* - Microsoft SQL Server Management Studio (Administrateur),IT,2021-01-19,15:27:36,00:00:33
stefano.crapanzano@chu.ulg.ac.be,SQLQuery3.sql - si-s-serv24.ERP (CHULG\c158492 (54))* - Microsoft SQL Server Management Studio (Administrateur),IT,2021-01-19,15:28:48,00:00:05
stefano.crapanzano@chu.ulg.ac.be,SQLQuery3.sql - si-s-serv24.ERP (CHULG\c158492 (54))* - Microsoft SQL Server Management Studio (Administrateur),IT,2021-01-19,15:31:23,00:01:01
stefano.crapanzano@chu.ulg.ac.be,SQLQuery3.sql - si-s-serv24.ERP (CHULG\c158492 (54)) Exécution...* - Microsoft SQL Server Management Studio (Administrateur),IT,2021-01-19,14:14:20,00:00:06
stefano.crapanzano@chu.ulg.ac.be,SQLQuery3.sql - si-s-serv24.ERP (CHULG\c158492 (54)) Exécution...* - Microsoft SQL Server Management Studio (Administrateur),IT,2021-01-19,14:14:27,00:00:06
stefano.crapanzano@chu.ulg.ac.be,SQLQuery3.sql - si-s-serv24.ERP (CHULG\c158492 (54)) Exécution...* - Microsoft SQL Server Management Studio (Administrateur),IT,2021-01-19,14:14:40,00:00:06
stefano.crapanzano@chu.ulg.ac.be,SQLQuery3.sql - si-s-serv24.ERP (CHULG\c158492 (54)) Exécution...* - Microsoft SQL Server Management Studio (Administrateur),IT,2021-01-19,14:15:52,00:00:04
stefano.crapanzano@chu.ulg.ac.be,SQLQuery3.sql - si-s-serv24.ERP (CHULG\c158492 (54)) Exécution...* - Microsoft SQL Server Management Studio (Administrateur),IT,2021-01-19,14:17:20,00:00:02
stefano.crapanzano@chu.ulg.ac.be,SQLQuery3.sql - si-s-serv24.ERP (CHULG\c158492 (54)) Exécution...* - Microsoft SQL Server Management Studio (Administrateur),IT,2021-01-19,14:17:41,00:00:07
stefano.crapanzano@chu.ulg.ac.be,SQLQuery3.sql - si-s-serv24.ERP (CHULG\c158492 (54)) Exécution...* - Microsoft SQL Server Management Studio (Administrateur),IT,2021-01-19,14:32:44,00:00:04
stefano.crapanzano@chu.ulg.ac.be,SQLQuery3.sql - si-s-serv24.ERP (CHULG\c158492 (54)) Exécution...* - Microsoft SQL Server Management Studio (Administrateur),IT,2021-01-19,14:48:45,00:00:27
stefano.crapanzano@chu.ulg.ac.be,SQLQuery3.sql - si-s-serv24.ERP (CHULG\c158492 (54)) Exécution...* - Microsoft SQL Server Management Studio (Administrateur),IT,2021-01-19,14:49:15,00:00:14
stefano.crapanzano@chu.ulg.ac.be,SQLQuery3.sql - si-s-serv24.ERP (CHULG\c158492 (54)) Exécution...* - Microsoft SQL Server Management Studio (Administrateur),IT,2021-01-19,14:49:51,00:00:03
stefano.crapanzano@chu.ulg.ac.be,SQLQuery3.sql - si-s-serv24.ERP (CHULG\c158492 (54)) Exécution...* - Microsoft SQL Server Management Studio (Administrateur),IT,2021-01-19,14:50:30,00:00:04
stefano.crapanzano@chu.ulg.ac.be,SQLQuery3.sql - si-s-serv24.ERP (CHULG\c158492 (54)) Exécution...* - Microsoft SQL Server Management Studio (Administrateur),IT,2021-01-19,14:50:40,00:00:07
stefano.crapanzano@chu.ulg.ac.be,SQLQuery3.sql - si-s-serv24.ERP (CHULG\c158492 (54)) Exécution...* - Microsoft SQL Server Management Studio (Administrateur),IT,2021-01-19,14:57:28,00:00:15
stefano.crapanzano@chu.ulg.ac.be,SQLQuery3.sql - si-s-serv24.ERP (CHULG\c158492 (54)) Exécution...* - Microsoft SQL Server Management Studio (Administrateur),IT,2021-01-19,14:58:07,00:00:16
stefano.crapanzano@chu.ulg.ac.be,SQLQuery3.sql - si-s-serv24.ERP (CHULG\c158492 (54)) Exécution...* - Microsoft SQL Server Management Studio (Administrateur),IT,2021-01-19,14:58:27,00:00:10
stefano.crapanzano@chu.ulg.ac.be,Afficher demande de transfert : liste des postes,Exploration SAP,2021-01-19,14:17:58,00:00:02
stefano.crapanzano@chu.ulg.ac.be,Commande interv. 40 4000000011 créée par Elise LAMBERT,Exploration SAP,2021-01-19,14:18:07,00:00:02
stefano.crapanzano@chu.ulg.ac.be,Commande interv. 40 4000000011 créée par Elise LAMBERT,Exploration SAP,2021-01-19,14:19:36,00:00:06
stefano.crapanzano@chu.ulg.ac.be,Commande interv. 40 4000000011 créée par Elise LAMBERT,Exploration SAP,2021-01-19,14:19:47,00:00:02
stefano.crapanzano@chu.ulg.ac.be,Commande interv. 40 4000000011 créée par Elise LAMBERT,Exploration SAP,2021-01-19,14:19:56,00:00:13
stefano.crapanzano@chu.ulg.ac.be,Commande interv. 40 4000000011 créée par Elise LAMBERT,Exploration SAP,2021-01-19,14:21:16,00:00:07
stefano.crapanzano@chu.ulg.ac.be,Commande interv. 40 4000000011 créée par Elise LAMBERT,Exploration SAP,2021-01-19,14:21:29,00:00:02
stefano.crapanzano@chu.ulg.ac.be,Commande interv. 40 4000000011 créée par Elise LAMBERT,Exploration SAP,2021-01-19,14:22:31,00:00:03
stefano.crapanzano@chu.ulg.ac.be,Commande interv. 40 4000000011 créée par Elise LAMBERT,Exploration SAP,2021-01-19,14:53:05,00:00:06
stefano.crapanzano@chu.ulg.ac.be,C:\Users\c158492\ProjetBoulot\SQL\UTIL\requête recherche colonne dans table.sql - Notepad++ [Administrator],IT,2021-01-19,14:18:43,00:00:02
stefano.crapanzano@chu.ulg.ac.be,C:\Users\c158492\ProjetBoulot\SQL\UTIL\requête recherche colonne dans table.sql - Notepad++ [Administrator],IT,2021-01-19,14:45:33,00:00:04
stefano.crapanzano@chu.ulg.ac.be,Numéro de l'adresse de livraison (6)   51 Entrées trouvées,Exploration SAP,2021-01-19,14:19:44,00:00:02
stefano.crapanzano@chu.ulg.ac.be,Numéro de l'adresse de livraison (6)   51 Entrées trouvées,Exploration SAP,2021-01-19,14:22:37,00:00:16
stefano.crapanzano@chu.ulg.ac.be,Adresse de livraison,Exploration SAP,2021-01-19,14:19:49,00:00:07
stefano.crapanzano@chu.ulg.ac.be,Adresse de livraison,Exploration SAP,2021-01-19,14:21:47,00:00:06
stefano.crapanzano@chu.ulg.ac.be,Commande interv. 40 4000010991 créée par Karin DERWA,Exploration SAP,2021-01-19,14:21:33,00:00:05
stefano.crapanzano@chu.ulg.ac.be,Commande interv. 40 4000010991 créée par Karin DERWA,Exploration SAP,2021-01-19,14:21:42,00:00:04
stefano.crapanzano@chu.ulg.ac.be,Commande interv. 40 4000010991 créée par Karin DERWA,Exploration SAP,2021-01-19,14:21:53,00:00:06
stefano.crapanzano@chu.ulg.ac.be,Commande interv. 40 4000010991 créée par Karin DERWA,Exploration SAP,2021-01-19,14:36:09,00:00:07
stefano.crapanzano@chu.ulg.ac.be,Commande interv. 40 4000010991 créée par Karin DERWA,Exploration SAP,2021-01-19,14:51:35,00:00:03
stefano.crapanzano@chu.ulg.ac.be,Commande interv. 40 4000010991 créée par Karin DERWA,Exploration SAP,2021-01-19,15:01:42,00:00:02
stefano.crapanzano@chu.ulg.ac.be,Numéro de l'adresse de livraison (8),Exploration SAP,2021-01-19,14:21:59,00:00:02
stefano.crapanzano@chu.ulg.ac.be,Numéro de l'adresse de livraison (8)   51 Entrées trouvées,Exploration SAP,2021-01-19,14:22:01,00:00:28
stefano.crapanzano@chu.ulg.ac.be,Numéro de l'adresse de livraison (8)   51 Entrées trouvées,Exploration SAP,2021-01-19,14:24:55,00:00:04
stefano.crapanzano@chu.ulg.ac.be,Numéro de l'adresse de livraison (8)   51 Entrées trouvées,Exploration SAP,2021-01-19,14:25:04,00:00:08
stefano.crapanzano@chu.ulg.ac.be,Numéro de l'adresse de livraison (8)   51 Entrées trouvées,Exploration SAP,2021-01-19,14:25:16,00:00:07
stefano.crapanzano@chu.ulg.ac.be,Numéro de l'adresse de livraison (8)   51 Entrées trouvées,Exploration SAP,2021-01-19,14:35:12,00:00:07
stefano.crapanzano@chu.ulg.ac.be,Numéro de l'adresse de livraison (8)   51 Entrées trouvées,Exploration SAP,2021-01-19,14:35:29,00:00:12
stefano.crapanzano@chu.ulg.ac.be,Numéro de l'adresse de livraison (8)   51 Entrées trouvées,Exploration SAP,2021-01-19,14:35:54,00:00:14
stefano.crapanzano@chu.ulg.ac.be,Numéro de l'adresse de livraison (8)   51 Entrées trouvées,Exploration SAP,2021-01-19,14:36:17,00:00:03
stefano.crapanzano@chu.ulg.ac.be,Numéro de l'adresse de livraison (8)   51 Entrées trouvées,Exploration SAP,2021-01-19,14:51:31,00:00:03
stefano.crapanzano@chu.ulg.ac.be,Numéro de l'adresse de livraison (6)  500 Entrées trouvées,Exploration SAP,2021-01-19,14:22:54,00:00:22
stefano.crapanzano@chu.ulg.ac.be,Numéro de l'adresse de livraison (6)  500 Entrées trouvées,Exploration SAP,2021-01-19,14:23:24,00:00:08
stefano.crapanzano@chu.ulg.ac.be,Numéro de l'adresse de livraison (6) 5000 Entrées trouvées,Exploration SAP,2021-01-19,14:23:32,00:01:08
stefano.crapanzano@chu.ulg.ac.be,Numéro de l'adresse de livraison (6)    1 Entrée trouvée,Exploration SAP,2021-01-19,14:24:41,00:00:07
stefano.crapanzano@chu.ulg.ac.be,Numéro de l'adresse de livraison (6)    1 Entrée trouvée,Exploration SAP,2021-01-19,14:25:01,00:00:03
stefano.crapanzano@chu.ulg.ac.be,Numéro de l'adresse de livraison (6)    1 Entrée trouvée,Exploration SAP,2021-01-19,14:53:03,00:00:02
stefano.crapanzano@chu.ulg.ac.be,Numéro de l'adresse de livraison (6)    1 Entrée trouvée,Exploration SAP,2021-01-19,15:03:42,00:00:10
stefano.crapanzano@chu.ulg.ac.be,Liste_fourn_avec_adr_mails.xlsx  [Mode protégé] - Excel,Tâches diverses,2021-01-19,14:27:07,00:00:07
stefano.crapanzano@chu.ulg.ac.be,Liste_fourn_avec_adr_mails.xlsx  [Lecture seule] - Excel,Tâches diverses,2021-01-19,14:27:14,00:00:02
stefano.crapanzano@chu.ulg.ac.be,Connexions du classeur,Tâches diverses,2021-01-19,14:27:16,00:00:02
stefano.crapanzano@chu.ulg.ac.be,Connexions du classeur,Tâches diverses,2021-01-19,14:29:45,00:00:03
stefano.crapanzano@chu.ulg.ac.be,Connexions du classeur,Tâches diverses,2021-01-19,14:31:08,00:00:02
stefano.crapanzano@chu.ulg.ac.be,Connexions du classeur,Tâches diverses,2021-01-19,14:31:33,00:00:02
stefano.crapanzano@chu.ulg.ac.be,Connexions du classeur,Tâches diverses,2021-01-19,14:32:51,00:00:02
stefano.crapanzano@chu.ulg.ac.be,fournisseurs_labo (002).xlsx  [Mode protégé] - Excel,Tâches diverses,2021-01-19,14:29:38,00:00:03
stefano.crapanzano@chu.ulg.ac.be,fournisseurs_labo (002).xlsx  [Lecture seule] - Excel,Tâches diverses,2021-01-19,14:29:42,00:00:03
stefano.crapanzano@chu.ulg.ac.be,fournisseurs_labo (002).xlsx  [Lecture seule] - Excel,Tâches diverses,2021-01-19,14:31:30,00:00:02
stefano.crapanzano@chu.ulg.ac.be,fournisseurs_labo (002).xlsx  [Lecture seule] - Excel,Tâches diverses,2021-01-19,14:41:10,00:00:02
stefano.crapanzano@chu.ulg.ac.be,Propriétés de connexion,Tâches diverses,2021-01-19,14:29:49,00:00:05
stefano.crapanzano@chu.ulg.ac.be,Propriétés de connexion,Tâches diverses,2021-01-19,14:31:05,00:00:03
stefano.crapanzano@chu.ulg.ac.be,Microsoft SQL Server Management Studio,IT,2021-01-19,14:44:54,00:00:03
stefano.crapanzano@chu.ulg.ac.be,Microsoft SQL Server Management Studio,IT,2021-01-19,14:56:57,00:00:02
stefano.crapanzano@chu.ulg.ac.be,SQLQuery4.sql - si-s-serv24.ERP (CHULG\c158492 (63)) - Microsoft SQL Server Management Studio (Administrateur),IT,2021-01-19,14:38:35,00:00:02
stefano.crapanzano@chu.ulg.ac.be,SQLQuery5.sql - si-s-serv24.ERP (CHULG\c158492 (63)) - Microsoft SQL Server Management Studio (Administrateur),IT,2021-01-19,14:38:46,00:00:16
stefano.crapanzano@chu.ulg.ac.be,SQLQuery5.sql - si-s-serv24.ERP (CHULG\c158492 (63))* - Microsoft SQL Server Management Studio (Administrateur),IT,2021-01-19,14:39:03,00:00:12
stefano.crapanzano@chu.ulg.ac.be,SQLQuery5.sql - si-s-serv24.ERP (CHULG\c158492 (63))* - Microsoft SQL Server Management Studio (Administrateur),IT,2021-01-19,14:39:16,00:00:07
stefano.crapanzano@chu.ulg.ac.be,SQLQuery5.sql - si-s-serv24.ERP (CHULG\c158492 (63))* - Microsoft SQL Server Management Studio (Administrateur),IT,2021-01-19,14:39:24,00:00:56
stefano.crapanzano@chu.ulg.ac.be,SQLQuery5.sql - si-s-serv24.ERP (CHULG\c158492 (63))* - Microsoft SQL Server Management Studio (Administrateur),IT,2021-01-19,14:40:31,00:00:04
stefano.crapanzano@chu.ulg.ac.be,SQLQuery5.sql - si-s-serv24.ERP (CHULG\c158492 (63))* - Microsoft SQL Server Management Studio (Administrateur),IT,2021-01-19,14:40:49,00:00:07
stefano.crapanzano@chu.ulg.ac.be,SQLQuery5.sql - si-s-serv24.ERP (CHULG\c158492 (63))* - Microsoft SQL Server Management Studio (Administrateur),IT,2021-01-19,14:41:04,00:00:02
stefano.crapanzano@chu.ulg.ac.be,SQLQuery5.sql - si-s-serv24.ERP (CHULG\c158492 (63))* - Microsoft SQL Server Management Studio (Administrateur),IT,2021-01-19,14:43:01,00:00:08
stefano.crapanzano@chu.ulg.ac.be,SQLQuery5.sql - si-s-serv24.ERP (CHULG\c158492 (63))* - Microsoft SQL Server Management Studio (Administrateur),IT,2021-01-19,14:43:36,00:00:24
stefano.crapanzano@chu.ulg.ac.be,SQLQuery5.sql - si-s-serv24.ERP (CHULG\c158492 (63))* - Microsoft SQL Server Management Studio (Administrateur),IT,2021-01-19,14:44:01,00:00:40
stefano.crapanzano@chu.ulg.ac.be,SQLQuery5.sql - si-s-serv24.ERP (CHULG\c158492 (63))* - Microsoft SQL Server Management Studio (Administrateur),IT,2021-01-19,14:45:17,00:00:03
stefano.crapanzano@chu.ulg.ac.be,SQLQuery5.sql - si-s-serv24.ERP (CHULG\c158492 (63))* - Microsoft SQL Server Management Studio (Administrateur),IT,2021-01-19,14:56:53,00:00:03
stefano.crapanzano@chu.ulg.ac.be,SQLQuery5.sql - si-s-serv24.ERP (CHULG\c158492 (63)) Exécution...* - Microsoft SQL Server Management Studio (Administrateur),IT,2021-01-19,14:43:10,00:00:21
stefano.crapanzano@chu.ulg.ac.be,SQLQuery5.sql - si-s-serv24.ERP (CHULG\c158492 (63)) Exécution...* - Microsoft SQL Server Management Studio (Administrateur),IT,2021-01-19,14:43:33,00:00:03
stefano.crapanzano@chu.ulg.ac.be,SQLQuery5.sql - si-s-serv24.ERP (CHULG\c158492 (63)) Exécution...* - Microsoft SQL Server Management Studio (Administrateur),IT,2021-01-19,14:44:42,00:00:06
stefano.crapanzano@chu.ulg.ac.be,SQLQuery5.sql - si-s-serv24.ERP (CHULG\c158492 (63)) Exécution...* - Microsoft SQL Server Management Studio (Administrateur),IT,2021-01-19,14:45:10,00:00:07
stefano.crapanzano@chu.ulg.ac.be,SQLQuery6.sql - si-s-serv24.ERP (CHULG\c158492 (71)) - Microsoft SQL Server Management Studio (Administrateur),IT,2021-01-19,14:40:22,00:00:09
stefano.crapanzano@chu.ulg.ac.be,SQLQuery7.sql - si-s-serv24.ERP (CHULG\c158492 (71)) - Microsoft SQL Server Management Studio (Administrateur),IT,2021-01-19,14:40:37,00:00:12
stefano.crapanzano@chu.ulg.ac.be,SQLQuery8.sql - si-s-serv24.ERP (CHULG\c158492 (71)) - Microsoft SQL Server Management Studio (Administrateur),IT,2021-01-19,14:40:58,00:00:06
stefano.crapanzano@chu.ulg.ac.be,SQLQuery2.sql - si-s-serv24.ERP (CHULG\c158492 (102))* - Microsoft SQL Server Management Studio (Administrateur),IT,2021-01-19,14:44:52,00:00:02
stefano.crapanzano@chu.ulg.ac.be,Nouvel onglet - Google Chrome,Tâches diverses,2021-01-19,14:51:16,00:00:04
stefano.crapanzano@chu.ulg.ac.be,adrnr field in sap - Recherche Google - Google Chrome,Tâches diverses,2021-01-19,14:51:21,00:00:08
stefano.crapanzano@chu.ulg.ac.be,adrnr field in sap - Recherche Google - Google Chrome,Tâches diverses,2021-01-19,14:51:41,00:00:06
stefano.crapanzano@chu.ulg.ac.be,adrnr field in sap delivery address - Recherche Google - Google Chrome,Tâches diverses,2021-01-19,14:51:47,00:00:03
stefano.crapanzano@chu.ulg.ac.be,adrnr field in sap delivery address - Recherche Google - Google Chrome,Tâches diverses,2021-01-19,15:04:00,00:00:07
stefano.crapanzano@chu.ulg.ac.be,Fields and Table for Delivery address in a PO - SAP Q&A - Google Chrome,Tâches diverses,2021-01-19,14:51:51,00:00:38
stefano.crapanzano@chu.ulg.ac.be,Fields and Table for Delivery address in a PO - SAP Q&A - Google Chrome,Exploration SAP,2021-01-19,14:55:45,00:00:43
stefano.crapanzano@chu.ulg.ac.be,Fields and Table for Delivery address in a PO - SAP Q&A - Google Chrome,Tâches diverses,2021-01-19,15:03:53,00:00:07
stefano.crapanzano@chu.ulg.ac.be,Ecran initial du Quickviewer,Exploration SAP,2021-01-19,14:53:23,00:00:06
stefano.crapanzano@chu.ulg.ac.be,Ecran initial du Quickviewer,Exploration SAP,2021-01-19,15:00:12,00:00:03
stefano.crapanzano@chu.ulg.ac.be,Ecran initial du Quickviewer,Exploration SAP,2021-01-19,15:09:57,00:00:06
stefano.crapanzano@chu.ulg.ac.be,Ecran initial du Quickviewer,Exploration SAP,2021-01-19,15:18:48,00:00:04
stefano.crapanzano@chu.ulg.ac.be,Ecran initial du Quickviewer,Exploration SAP,2021-01-19,15:19:26,00:00:03
stefano.crapanzano@chu.ulg.ac.be,ADRC,Exploration SAP,2021-01-19,14:54:23,00:00:32
stefano.crapanzano@chu.ulg.ac.be,ADRC,Exploration SAP,2021-01-19,14:55:00,00:00:25
stefano.crapanzano@chu.ulg.ac.be,ADRC,Exploration SAP,2021-01-19,14:55:32,00:00:03
stefano.crapanzano@chu.ulg.ac.be,ADRC,Exploration SAP,2021-01-19,14:55:38,00:00:07
stefano.crapanzano@chu.ulg.ac.be,ADRC,Exploration SAP,2021-01-19,14:56:28,00:00:10
stefano.crapanzano@chu.ulg.ac.be,ADRC,Exploration SAP,2021-01-19,14:59:01,00:00:07
stefano.crapanzano@chu.ulg.ac.be,ADRC,Exploration SAP,2021-01-19,14:59:12,00:00:12
stefano.crapanzano@chu.ulg.ac.be,ADRC,Exploration SAP,2021-01-19,14:59:33,00:00:06
stefano.crapanzano@chu.ulg.ac.be,ADRC,Exploration SAP,2021-01-19,14:59:46,00:00:10
stefano.crapanzano@chu.ulg.ac.be,ADRC,Exploration SAP,2021-01-19,15:00:06,00:00:06
stefano.crapanzano@chu.ulg.ac.be,ADRC,Exploration SAP,2021-01-19,15:10:34,00:00:02
stefano.crapanzano@chu.ulg.ac.be,ADRC,Exploration SAP,2021-01-19,15:18:53,00:00:02
stefano.crapanzano@chu.ulg.ac.be,ADRC,Exploration SAP,2021-01-19,15:19:02,00:00:24
stefano.crapanzano@chu.ulg.ac.be,ADRC,Exploration SAP,2021-01-19,15:19:43,00:00:02
stefano.crapanzano@chu.ulg.ac.be,ADRC,Exploration SAP,2021-01-19,15:19:48,00:00:24
stefano.crapanzano@chu.ulg.ac.be,ADRC,Exploration SAP,2021-01-19,15:20:19,00:00:15
stefano.crapanzano@chu.ulg.ac.be,ADRC,Exploration SAP,2021-01-19,15:20:41,00:00:04
stefano.crapanzano@chu.ulg.ac.be,ADRC,Exploration SAP,2021-01-19,15:21:21,00:00:04
stefano.crapanzano@chu.ulg.ac.be,ADRC,Exploration SAP,2021-01-19,15:21:31,00:00:31
stefano.crapanzano@chu.ulg.ac.be,ADRC,Exploration SAP,2021-01-19,15:22:11,00:00:08
stefano.crapanzano@chu.ulg.ac.be,ADRC,Exploration SAP,2021-01-19,15:28:56,00:00:04
stefano.crapanzano@chu.ulg.ac.be,ADRC,Exploration SAP,2021-01-19,15:29:08,00:00:14
stefano.crapanzano@chu.ulg.ac.be,Limitation des accès à la base de données,Exploration SAP,2021-01-19,14:53:30,00:00:22
stefano.crapanzano@chu.ulg.ac.be,Limitation des accès à la base de données,Helpdesk général,2021-01-19,14:53:59,00:00:24
stefano.crapanzano@chu.ulg.ac.be,Limitation des accès à la base de données,Exploration SAP,2021-01-19,15:00:17,00:00:06
stefano.crapanzano@chu.ulg.ac.be,Limitation des accès à la base de données,Exploration SAP,2021-01-19,15:10:36,00:00:09
stefano.crapanzano@chu.ulg.ac.be,Limitation des accès à la base de données,Exploration SAP,2021-01-19,15:11:06,00:04:55
stefano.crapanzano@chu.ulg.ac.be,Limitation des accès à la base de données,Exploration SAP,2021-01-19,15:18:55,00:00:07
stefano.crapanzano@chu.ulg.ac.be,ADRC (Ne répond pas),Exploration SAP,2021-01-19,14:59:57,00:00:09
stefano.crapanzano@chu.ulg.ac.be,adr6,Exploration SAP,2021-01-19,15:00:23,00:00:04
stefano.crapanzano@chu.ulg.ac.be,adr6,Exploration SAP,2021-01-19,15:00:32,00:00:39
stefano.crapanzano@chu.ulg.ac.be,adr6,Exploration SAP,2021-01-19,15:01:15,00:00:03
stefano.crapanzano@chu.ulg.ac.be,adr6,Exploration SAP,2021-01-19,15:01:21,00:00:03
stefano.crapanzano@chu.ulg.ac.be,adr6,Exploration SAP,2021-01-19,15:02:46,00:00:04
stefano.crapanzano@chu.ulg.ac.be,adr6,Exploration SAP,2021-01-19,15:02:52,00:00:04
stefano.crapanzano@chu.ulg.ac.be,adr6,Exploration SAP,2021-01-19,15:05:15,00:00:03
stefano.crapanzano@chu.ulg.ac.be,adr6,Exploration SAP,2021-01-19,15:09:54,00:00:02
stefano.crapanzano@chu.ulg.ac.be,Commande-cadre 4500003482 créée par Clara ELKHARRAT,Exploration SAP,2021-01-19,15:01:47,00:00:03
stefano.crapanzano@chu.ulg.ac.be,Commande interv. 40 4000073149 créée par Fanny GAVAGE,Exploration SAP,2021-01-19,15:03:24,00:00:08
stefano.crapanzano@chu.ulg.ac.be,adrn2 field in sap delivery address - Recherche Google - Google Chrome,Tâches diverses,2021-01-19,15:04:07,00:00:03
stefano.crapanzano@chu.ulg.ac.be,adrn2 field in sap delivery address - Recherche Google - Google Chrome,Tâches diverses,2021-01-19,15:07:20,00:00:04
stefano.crapanzano@chu.ulg.ac.be,adrn2 field in sap delivery address - Recherche Google - Google Chrome,Tâches diverses,2021-01-19,15:07:46,00:00:05
stefano.crapanzano@chu.ulg.ac.be,adrn2 field in sap delivery address - Recherche Google - Google Chrome,Tâches diverses,2021-01-19,15:09:07,00:00:03
stefano.crapanzano@chu.ulg.ac.be,adrn2 field in sap delivery address - Recherche Google - Google Chrome,Tâches diverses,2021-01-19,15:09:12,00:00:10
stefano.crapanzano@chu.ulg.ac.be,ADRN2 feild in EKPO - SAP Q&A - Google Chrome,Tâches diverses,2021-01-19,15:04:11,00:00:49
stefano.crapanzano@chu.ulg.ac.be,ADRN2 feild in EKPO - SAP Q&A - Google Chrome,Tâches diverses,2021-01-19,15:05:03,00:00:09
stefano.crapanzano@chu.ulg.ac.be,ADRN2 feild in EKPO - SAP Q&A - Google Chrome,Tâches diverses,2021-01-19,15:06:01,00:00:05
stefano.crapanzano@chu.ulg.ac.be,ADRN2 feild in EKPO - SAP Q&A - Google Chrome,Tâches diverses,2021-01-19,15:06:44,00:00:36
stefano.crapanzano@chu.ulg.ac.be,Autorisation,Exploration SAP,2021-01-19,15:05:24,00:00:04
stefano.crapanzano@chu.ulg.ac.be,Afficher vue  Magasins  : synthèse,Exploration SAP,2021-01-19,15:05:30,00:00:09
stefano.crapanzano@chu.ulg.ac.be,Information,Exploration SAP,2021-01-19,15:05:48,00:00:04
stefano.crapanzano@chu.ulg.ac.be,Information,Exploration SAP,2021-01-19,15:06:34,00:00:02
stefano.crapanzano@chu.ulg.ac.be,Afficher vue  Divisions  : synthèse,Exploration SAP,2021-01-19,15:05:53,00:00:04
stefano.crapanzano@chu.ulg.ac.be,Gestion d'adresses : Ecran initial  Adresses de livraison (données fic,Exploration SAP,2021-01-19,15:06:13,00:00:08
stefano.crapanzano@chu.ulg.ac.be,Gestion d'adresses : Ecran initial  Adresses de livraison (données fic,Exploration SAP,2021-01-19,15:06:23,00:00:10
stefano.crapanzano@chu.ulg.ac.be,Gestion d'adresses : Ecran initial  Adresses de livraison (données fic,Exploration SAP,2021-01-19,15:06:36,00:00:06
stefano.crapanzano@chu.ulg.ac.be,SAP ABAP Table Field EKPO-ADRN2 (Number of delivery address) - SAP Datasheet - The Best Online SAP Object Repository - Google Chrome,Tâches diverses,2021-01-19,15:07:25,00:00:20
stefano.crapanzano@chu.ulg.ac.be,diff between ADRNR and ADRN2 in EKPO table. - SAP Q&A - Google Chrome,Tâches diverses,2021-01-19,15:09:23,00:00:28
stefano.crapanzano@chu.ulg.ac.be,QuickViewer ADRC : conception de listes,Exploration SAP,2021-01-19,15:10:03,00:00:31
stefano.crapanzano@chu.ulg.ac.be,QuickViewer ADRC : conception de listes,Exploration SAP,2021-01-19,15:19:30,00:00:13
stefano.crapanzano@chu.ulg.ac.be,Interruption d'une application SAP,Exploration SAP,2021-01-19,15:16:01,00:00:04
stefano.crapanzano@chu.ulg.ac.be,Sélection multiple pour Numéro d'adresse,Exploration SAP,2021-01-19,15:21:26,00:00:04
stefano.crapanzano@chu.ulg.ac.be,Sélection multiple pour Numéro d'adresse,Exploration SAP,2021-01-19,15:29:01,00:00:07
stefano.crapanzano@chu.ulg.ac.be,Sauveg. liste ds fichier.,Exploration SAP,2021-01-19,15:22:02,00:00:08
stefano.crapanzano@chu.ulg.ac.be,Sélection du calcul avec tableur,Exploration SAP,2021-01-19,15:22:19,00:00:03
stefano.crapanzano@chu.ulg.ac.be,Enregistrer sous,Exploration SAP,2021-01-19,15:22:23,00:00:24
stefano.crapanzano@chu.ulg.ac.be,Sécurité SAP GUI,Exploration SAP,2021-01-19,15:22:48,00:00:02
stefano.crapanzano@chu.ulg.ac.be,adresse_adrc.XLSX - Excel,Tâches diverses,2021-01-19,15:22:52,00:02:23
stefano.crapanzano@chu.ulg.ac.be,adresse_adrc.XLSX - Excel,Tâches diverses,2021-01-19,15:27:27,00:00:08
stefano.crapanzano@chu.ulg.ac.be,Stefano CRAPANZANO - erp.sai@chuliege.be - Outlook,Helpdesk général,2021-01-19,15:33:49,01:25:37
