Email,Description,Project,Start date,Start time,Duration
stefano.crapanzano@chu.ulg.ac.be,Programmation,IT,2021-01-21,08:31:17,00:00:08
stefano.crapanzano@chu.ulg.ac.be,Programmation,IT,2021-01-21,08:33:16,00:00:19
stefano.crapanzano@chu.ulg.ac.be,Programmation,IT,2021-01-21,08:33:44,00:00:11
stefano.crapanzano@chu.ulg.ac.be,Programmation,IT,2021-01-21,08:34:06,00:00:03
stefano.crapanzano@chu.ulg.ac.be,Programmation,IT,2021-01-21,08:34:24,00:00:14
stefano.crapanzano@chu.ulg.ac.be,Programmation,IT,2021-01-21,08:35:18,00:00:03
stefano.crapanzano@chu.ulg.ac.be,Programmation,IT,2021-01-21,08:35:32,00:00:02
stefano.crapanzano@chu.ulg.ac.be,Programmation,IT,2021-01-21,08:35:54,00:00:02
stefano.crapanzano@chu.ulg.ac.be,Programmation,IT,2021-01-21,08:36:04,00:00:03
stefano.crapanzano@chu.ulg.ac.be,Programmation,IT,2021-01-21,08:36:13,00:00:12
stefano.crapanzano@chu.ulg.ac.be,Programmation,IT,2021-01-21,08:36:32,00:00:02
stefano.crapanzano@chu.ulg.ac.be,Programmation,IT,2021-01-21,08:37:03,00:00:02
stefano.crapanzano@chu.ulg.ac.be,Programmation,IT,2021-01-21,08:37:11,00:00:02
stefano.crapanzano@chu.ulg.ac.be,Programmation,IT,2021-01-21,08:37:42,00:00:04
stefano.crapanzano@chu.ulg.ac.be,Programmation,IT,2021-01-21,08:37:55,00:00:44
stefano.crapanzano@chu.ulg.ac.be,Programmation,IT,2021-01-21,08:38:41,00:00:08
stefano.crapanzano@chu.ulg.ac.be,Programmation,IT,2021-01-21,09:10:37,00:00:05
stefano.crapanzano@chu.ulg.ac.be,Programmation,IT,2021-01-21,09:53:31,00:00:05
stefano.crapanzano@chu.ulg.ac.be,Programmation,IT,2021-01-21,09:53:40,00:00:12
stefano.crapanzano@chu.ulg.ac.be,Programmation,IT,2021-01-21,09:54:07,00:00:04
stefano.crapanzano@chu.ulg.ac.be,Programmation,IT,2021-01-21,09:54:28,00:00:02
stefano.crapanzano@chu.ulg.ac.be,Lecture documentation,Tâches diverses,2021-01-21,08:31:26,00:01:50
stefano.crapanzano@chu.ulg.ac.be,Lecture documentation,Tâches diverses,2021-01-21,08:33:36,00:00:08
stefano.crapanzano@chu.ulg.ac.be,Lecture documentation,Tâches diverses,2021-01-21,08:33:55,00:00:11
stefano.crapanzano@chu.ulg.ac.be,Lecture documentation,Tâches diverses,2021-01-21,08:34:11,00:00:13
stefano.crapanzano@chu.ulg.ac.be,Lecture documentation,Tâches diverses,2021-01-21,08:34:38,00:00:31
stefano.crapanzano@chu.ulg.ac.be,Lecture documentation,Tâches diverses,2021-01-21,08:35:34,00:00:20
stefano.crapanzano@chu.ulg.ac.be,Lecture documentation,Tâches diverses,2021-01-21,08:35:57,00:00:07
stefano.crapanzano@chu.ulg.ac.be,Lecture documentation,Tâches diverses,2021-01-21,08:36:08,00:00:05
stefano.crapanzano@chu.ulg.ac.be,Lecture documentation,Tâches diverses,2021-01-21,08:36:25,00:00:06
stefano.crapanzano@chu.ulg.ac.be,Lecture documentation,Tâches diverses,2021-01-21,08:36:34,00:00:11
stefano.crapanzano@chu.ulg.ac.be,Lecture documentation,Tâches diverses,2021-01-21,08:36:46,00:00:16
stefano.crapanzano@chu.ulg.ac.be,Lecture documentation,Tâches diverses,2021-01-21,08:37:05,00:00:05
stefano.crapanzano@chu.ulg.ac.be,Lecture documentation,Tâches diverses,2021-01-21,08:37:15,00:00:27
stefano.crapanzano@chu.ulg.ac.be,Lecture documentation,Tâches diverses,2021-01-21,08:37:47,00:00:08
stefano.crapanzano@chu.ulg.ac.be,Lecture documentation,Tâches diverses,2021-01-21,08:38:51,00:00:02
stefano.crapanzano@chu.ulg.ac.be,Lecture documentation,Tâches diverses,2021-01-21,08:38:54,00:15:19
stefano.crapanzano@chu.ulg.ac.be,Lecture documentation,Tâches diverses,2021-01-21,08:54:58,00:01:44
stefano.crapanzano@chu.ulg.ac.be,Lecture documentation,Tâches diverses,2021-01-21,08:57:09,00:05:23
stefano.crapanzano@chu.ulg.ac.be,Lecture documentation,Tâches diverses,2021-01-21,09:04:14,00:00:08
stefano.crapanzano@chu.ulg.ac.be,Lecture documentation,Tâches diverses,2021-01-21,09:05:24,00:00:17
stefano.crapanzano@chu.ulg.ac.be,Lecture documentation,Tâches diverses,2021-01-21,09:05:46,00:00:11
stefano.crapanzano@chu.ulg.ac.be,Lecture documentation,Tâches diverses,2021-01-21,09:06:11,00:00:17
stefano.crapanzano@chu.ulg.ac.be,Lecture documentation,Tâches diverses,2021-01-21,09:06:42,00:01:05
stefano.crapanzano@chu.ulg.ac.be,Lecture documentation,Tâches diverses,2021-01-21,09:08:09,00:00:05
stefano.crapanzano@chu.ulg.ac.be,Lecture documentation,Tâches diverses,2021-01-21,09:08:47,00:01:29
stefano.crapanzano@chu.ulg.ac.be,Lecture documentation,Tâches diverses,2021-01-21,09:10:22,00:00:14
stefano.crapanzano@chu.ulg.ac.be,Lecture documentation,Tâches diverses,2021-01-21,09:10:42,00:09:11
stefano.crapanzano@chu.ulg.ac.be,Lecture documentation,Tâches diverses,2021-01-21,09:28:58,00:24:32
stefano.crapanzano@chu.ulg.ac.be,Lecture documentation,Tâches diverses,2021-01-21,09:53:52,00:00:14
stefano.crapanzano@chu.ulg.ac.be,Lecture documentation,Tâches diverses,2021-01-21,09:54:11,00:00:16
stefano.crapanzano@chu.ulg.ac.be,Lecture documentation,Tâches diverses,2021-01-21,09:54:30,00:21:34
stefano.crapanzano@chu.ulg.ac.be,Lecture documentation,Tâches diverses,2021-01-21,10:34:56,00:18:37
stefano.crapanzano@chu.ulg.ac.be,Lecture documentation,Tâches diverses,2021-01-21,11:32:27,00:05:23
stefano.crapanzano@chu.ulg.ac.be,Lecture documentation,Tâches diverses,2021-01-21,12:23:11,00:01:07
stefano.crapanzano@chu.ulg.ac.be,Lecture documentation,Tâches diverses,2021-01-21,12:24:36,00:00:46
stefano.crapanzano@chu.ulg.ac.be,Lecture documentation,Tâches diverses,2021-01-21,12:25:26,00:02:32
stefano.crapanzano@chu.ulg.ac.be,Lecture documentation,Tâches diverses,2021-01-21,14:12:29,00:30:59
stefano.crapanzano@chu.ulg.ac.be,Navigation système de fichier,IT,2021-01-21,11:37:51,00:00:02
stefano.crapanzano@chu.ulg.ac.be,Navigation système de fichier,IT,2021-01-21,11:38:43,00:00:02
stefano.crapanzano@chu.ulg.ac.be,Navigation système de fichier,IT,2021-01-21,11:40:50,00:00:06
stefano.crapanzano@chu.ulg.ac.be,Navigation système de fichier,IT,2021-01-21,11:41:00,00:00:11
stefano.crapanzano@chu.ulg.ac.be,Navigation système de fichier,IT,2021-01-21,11:41:57,00:00:06
stefano.crapanzano@chu.ulg.ac.be,Navigation système de fichier,IT,2021-01-21,12:23:07,00:00:02
stefano.crapanzano@chu.ulg.ac.be,Navigation système de fichier,IT,2021-01-21,14:43:28,00:00:21
stefano.crapanzano@chu.ulg.ac.be,Navigation système de fichier,IT,2021-01-21,15:11:48,00:16:13
stefano.crapanzano@chu.ulg.ac.be,Navigation système de fichier,IT,2021-01-21,15:28:04,00:00:11
stefano.crapanzano@chu.ulg.ac.be,Navigation système de fichier,IT,2021-01-21,15:28:57,00:00:04
stefano.crapanzano@chu.ulg.ac.be,Navigation système de fichier,IT,2021-01-21,16:34:30,00:00:02
stefano.crapanzano@chu.ulg.ac.be,Navigation système de fichier,IT,2021-01-21,17:05:45,00:00:02
stefano.crapanzano@chu.ulg.ac.be,taskeng.exe,IT,2021-01-21,08:35:13,00:00:04
stefano.crapanzano@chu.ulg.ac.be,taskeng.exe,IT,2021-01-21,08:35:21,00:00:10
stefano.crapanzano@chu.ulg.ac.be,Boîte de réception - erp.sai@chuliege.be - Outlook,Helpdesk général,2021-01-21,08:54:14,00:00:42
stefano.crapanzano@chu.ulg.ac.be,Boîte de réception - erp.sai@chuliege.be - Outlook,Helpdesk général,2021-01-21,08:56:42,00:00:21
stefano.crapanzano@chu.ulg.ac.be,Boîte de réception - erp.sai@chuliege.be - Outlook,Helpdesk général,2021-01-21,08:57:07,00:00:02
stefano.crapanzano@chu.ulg.ac.be,Boîte de réception - erp.sai@chuliege.be - Outlook,Helpdesk général,2021-01-21,09:02:32,00:00:31
stefano.crapanzano@chu.ulg.ac.be,Boîte de réception - erp.sai@chuliege.be - Outlook,Helpdesk général,2021-01-21,09:03:07,00:01:03
stefano.crapanzano@chu.ulg.ac.be,Boîte de réception - erp.sai@chuliege.be - Outlook,Helpdesk général,2021-01-21,09:04:23,00:01:01
stefano.crapanzano@chu.ulg.ac.be,Boîte de réception - erp.sai@chuliege.be - Outlook,Helpdesk général,2021-01-21,09:05:42,00:00:03
stefano.crapanzano@chu.ulg.ac.be,Boîte de réception - erp.sai@chuliege.be - Outlook,Helpdesk général,2021-01-21,09:05:57,00:00:14
stefano.crapanzano@chu.ulg.ac.be,Boîte de réception - erp.sai@chuliege.be - Outlook,Helpdesk général,2021-01-21,09:06:29,00:00:13
stefano.crapanzano@chu.ulg.ac.be,Boîte de réception - erp.sai@chuliege.be - Outlook,Helpdesk général,2021-01-21,09:07:47,00:00:21
stefano.crapanzano@chu.ulg.ac.be,Boîte de réception - erp.sai@chuliege.be - Outlook,Helpdesk général,2021-01-21,09:10:17,00:00:02
stefano.crapanzano@chu.ulg.ac.be,Boîte de réception - erp.sai@chuliege.be - Outlook,Helpdesk général,2021-01-21,09:26:54,00:00:02
stefano.crapanzano@chu.ulg.ac.be,Boîte de réception - erp.sai@chuliege.be - Outlook,Helpdesk général,2021-01-21,09:27:00,00:01:57
stefano.crapanzano@chu.ulg.ac.be,Boîte de réception - erp.sai@chuliege.be - Outlook,Helpdesk général,2021-01-21,10:33:25,00:00:03
stefano.crapanzano@chu.ulg.ac.be,Boîte de réception - erp.sai@chuliege.be - Outlook,Helpdesk général,2021-01-21,10:33:36,00:00:03
stefano.crapanzano@chu.ulg.ac.be,Boîte de réception - erp.sai@chuliege.be - Outlook,Helpdesk général,2021-01-21,10:33:45,00:00:12
stefano.crapanzano@chu.ulg.ac.be,Boîte de réception - erp.sai@chuliege.be - Outlook,Helpdesk général,2021-01-21,10:34:53,00:00:03
stefano.crapanzano@chu.ulg.ac.be,Boîte de réception - erp.sai@chuliege.be - Outlook,Helpdesk général,2021-01-21,10:53:34,00:00:02
stefano.crapanzano@chu.ulg.ac.be,Boîte de réception - erp.sai@chuliege.be - Outlook,Helpdesk général,2021-01-21,10:53:40,00:29:28
stefano.crapanzano@chu.ulg.ac.be,Boîte de réception - erp.sai@chuliege.be - Outlook,Helpdesk général,2021-01-21,12:24:24,00:00:02
stefano.crapanzano@chu.ulg.ac.be,Boîte de réception - erp.sai@chuliege.be - Outlook,Helpdesk général,2021-01-21,12:24:30,00:00:05
stefano.crapanzano@chu.ulg.ac.be,Boîte de réception - erp.sai@chuliege.be - Outlook,Helpdesk général,2021-01-21,12:27:58,00:00:02
stefano.crapanzano@chu.ulg.ac.be,Boîte de réception - erp.sai@chuliege.be - Outlook,Helpdesk général,2021-01-21,12:28:04,00:00:02
stefano.crapanzano@chu.ulg.ac.be,Boîte de réception - erp.sai@chuliege.be - Outlook,Helpdesk général,2021-01-21,12:28:10,00:42:47
stefano.crapanzano@chu.ulg.ac.be,Boîte de réception - erp.sai@chuliege.be - Outlook,Helpdesk général,2021-01-21,13:13:25,00:00:06
stefano.crapanzano@chu.ulg.ac.be,Boîte de réception - erp.sai@chuliege.be - Outlook,Helpdesk général,2021-01-21,14:43:53,00:17:05
stefano.crapanzano@chu.ulg.ac.be,Boîte de réception - erp.sai@chuliege.be - Outlook,Helpdesk général,2021-01-21,15:01:53,00:00:15
stefano.crapanzano@chu.ulg.ac.be,Service MT - Google Chrome,Helpdesk général,2021-01-21,08:57:03,00:00:03
stefano.crapanzano@chu.ulg.ac.be,Service MT - Google Chrome,Tâches diverses,2021-01-21,09:08:16,00:00:02
stefano.crapanzano@chu.ulg.ac.be,Service MT - Google Chrome,Tâches diverses,2021-01-21,09:08:27,00:00:06
stefano.crapanzano@chu.ulg.ac.be,Boîte de Réception - Zimbra - Stefano Crapanzano - Outlook,Helpdesk général,2021-01-21,09:03:04,00:00:03
stefano.crapanzano@chu.ulg.ac.be,Boîte de Réception - Zimbra - Stefano Crapanzano - Outlook,Helpdesk général,2021-01-21,09:26:56,00:00:03
stefano.crapanzano@chu.ulg.ac.be,Boîte de Réception - Zimbra - Stefano Crapanzano - Outlook,Helpdesk général,2021-01-21,10:33:28,00:00:07
stefano.crapanzano@chu.ulg.ac.be,Boîte de Réception - Zimbra - Stefano Crapanzano - Outlook,Helpdesk général,2021-01-21,10:33:39,00:00:06
stefano.crapanzano@chu.ulg.ac.be,Boîte de Réception - Zimbra - Stefano Crapanzano - Outlook,Helpdesk général,2021-01-21,10:53:36,00:00:03
stefano.crapanzano@chu.ulg.ac.be,Boîte de Réception - Zimbra - Stefano Crapanzano - Outlook,Helpdesk général,2021-01-21,11:23:08,00:00:04
stefano.crapanzano@chu.ulg.ac.be,Boîte de Réception - Zimbra - Stefano Crapanzano - Outlook,Helpdesk général,2021-01-21,12:24:19,00:00:04
stefano.crapanzano@chu.ulg.ac.be,Boîte de Réception - Zimbra - Stefano Crapanzano - Outlook,Helpdesk général,2021-01-21,12:28:01,00:00:03
stefano.crapanzano@chu.ulg.ac.be,Boîte de Réception - Zimbra - Stefano Crapanzano - Outlook,Helpdesk général,2021-01-21,13:10:58,00:02:27
stefano.crapanzano@chu.ulg.ac.be,Identification - Google Chrome,Tâches diverses,2021-01-21,09:08:18,00:00:07
stefano.crapanzano@chu.ulg.ac.be,SAM - DB - Google Chrome,Tâches diverses,2021-01-21,09:08:33,00:00:14
stefano.crapanzano@chu.ulg.ac.be,SAM - DB - Google Chrome,Tâches diverses,2021-01-21,09:10:19,00:00:02
stefano.crapanzano@chu.ulg.ac.be,SAP Logon 750,Exploration SAP,2021-01-21,09:19:54,00:00:03
stefano.crapanzano@chu.ulg.ac.be,SAP Logon 750,Exploration SAP,2021-01-21,15:00:59,00:00:06
stefano.crapanzano@chu.ulg.ac.be,SAP Easy Access Menu de base Applications financières-économiques,Exploration SAP,2021-01-21,09:19:57,00:00:04
stefano.crapanzano@chu.ulg.ac.be,SAP Easy Access Menu de base Applications financières-économiques,Exploration SAP,2021-01-21,11:37:57,00:00:06
stefano.crapanzano@chu.ulg.ac.be,SAP Easy Access Menu de base Applications financières-économiques,Exploration SAP,2021-01-21,11:38:34,00:00:03
stefano.crapanzano@chu.ulg.ac.be,SAP Easy Access Menu de base Applications financières-économiques,Exploration SAP,2021-01-21,11:40:28,00:00:12
stefano.crapanzano@chu.ulg.ac.be,SAP Easy Access Menu de base Applications financières-économiques,Exploration SAP,2021-01-21,11:41:11,00:00:04
stefano.crapanzano@chu.ulg.ac.be,SAP Easy Access Menu de base Applications financières-économiques,Exploration SAP,2021-01-21,11:42:04,00:00:04
stefano.crapanzano@chu.ulg.ac.be,SAP Easy Access Menu de base Applications financières-économiques,Exploration SAP,2021-01-21,15:01:05,00:00:06
stefano.crapanzano@chu.ulg.ac.be,SAP Easy Access Menu de base Applications financières-économiques,Exploration SAP,2021-01-21,15:01:26,00:00:07
stefano.crapanzano@chu.ulg.ac.be,SAP Easy Access Menu de base Applications financières-économiques,Exploration SAP,2021-01-21,15:06:36,00:02:04
stefano.crapanzano@chu.ulg.ac.be,SAP Easy Access Menu de base Applications financières-économiques,Exploration SAP,2021-01-21,15:11:17,00:00:02
stefano.crapanzano@chu.ulg.ac.be,SAP Easy Access Menu de base Applications financières-économiques,Exploration SAP,2021-01-21,16:34:35,00:00:12
stefano.crapanzano@chu.ulg.ac.be,Affichage des listes de demandes d'achat,Exploration SAP,2021-01-21,09:20:02,00:00:19
stefano.crapanzano@chu.ulg.ac.be,Affichage des listes de demandes d'achat,Exploration SAP,2021-01-21,09:22:14,00:00:10
stefano.crapanzano@chu.ulg.ac.be,Affichage des listes de demandes d'achat,Exploration SAP,2021-01-21,09:23:16,00:00:13
stefano.crapanzano@chu.ulg.ac.be,Affichage des listes de demandes d'achat,Exploration SAP,2021-01-21,09:23:48,00:00:07
stefano.crapanzano@chu.ulg.ac.be,Affichage des listes de demandes d'achat,Exploration SAP,2021-01-21,09:24:07,00:00:07
stefano.crapanzano@chu.ulg.ac.be,Affichage des listes de demandes d'achat,Exploration SAP,2021-01-21,09:24:25,00:00:04
stefano.crapanzano@chu.ulg.ac.be,Affichage des listes de demandes d'achat,Exploration SAP,2021-01-21,09:24:34,00:00:04
stefano.crapanzano@chu.ulg.ac.be,Affichage des listes de demandes d'achat,Exploration SAP,2021-01-21,09:24:44,00:00:09
stefano.crapanzano@chu.ulg.ac.be,Affichage des listes de demandes d'achat,Exploration SAP,2021-01-21,09:25:01,00:00:02
stefano.crapanzano@chu.ulg.ac.be,Affichage des listes de demandes d'achat,Exploration SAP,2021-01-21,09:25:07,00:00:08
stefano.crapanzano@chu.ulg.ac.be,Affichage des listes de demandes d'achat,Exploration SAP,2021-01-21,09:25:19,00:00:03
stefano.crapanzano@chu.ulg.ac.be,Affichage des listes de demandes d'achat,Exploration SAP,2021-01-21,09:25:35,00:00:03
stefano.crapanzano@chu.ulg.ac.be,Affichage des listes de demandes d'achat,Exploration SAP,2021-01-21,09:25:47,00:00:09
stefano.crapanzano@chu.ulg.ac.be,Affichage des listes de demandes d'achat,Exploration SAP,2021-01-21,09:26:19,00:00:02
stefano.crapanzano@chu.ulg.ac.be,Affichage des listes de demandes d'achat,Exploration SAP,2021-01-21,09:26:33,00:00:02
stefano.crapanzano@chu.ulg.ac.be,Affichage des listes de demandes d'achat,Exploration SAP,2021-01-21,09:26:49,00:00:04
stefano.crapanzano@chu.ulg.ac.be,Affichage des listes de demandes d'achat,Exploration SAP,2021-01-21,10:16:06,00:00:15
stefano.crapanzano@chu.ulg.ac.be,Affichage des listes de demandes d'achat,Exploration SAP,2021-01-21,11:37:53,00:00:03
stefano.crapanzano@chu.ulg.ac.be,Afficher Demande d'achat 10013017,Exploration SAP,2021-01-21,09:20:21,00:00:32
stefano.crapanzano@chu.ulg.ac.be,Afficher Demande d'achat 10013017,Exploration SAP,2021-01-21,09:21:00,00:00:10
stefano.crapanzano@chu.ulg.ac.be,Afficher Demande d'achat 10013017,Exploration SAP,2021-01-21,09:21:24,00:00:50
stefano.crapanzano@chu.ulg.ac.be,Modifications Demande d'achat 10013017 Poste 10,Exploration SAP,2021-01-21,09:20:54,00:00:06
stefano.crapanzano@chu.ulg.ac.be,Modifications Demande d'achat 10013017 Poste 10,Exploration SAP,2021-01-21,09:21:10,00:00:13
stefano.crapanzano@chu.ulg.ac.be,Afficher Demande d'achat 109069,Exploration SAP,2021-01-21,09:22:25,00:00:51
stefano.crapanzano@chu.ulg.ac.be,Afficher Demande d'achat 20929,Exploration SAP,2021-01-21,09:23:30,00:00:07
stefano.crapanzano@chu.ulg.ac.be,Afficher Demande d'achat 20929,Exploration SAP,2021-01-21,09:23:44,00:00:03
stefano.crapanzano@chu.ulg.ac.be,Avertissement,Exploration SAP,2021-01-21,09:23:37,00:00:02
stefano.crapanzano@chu.ulg.ac.be,Afficher article 505456 (ARTICLE WM Stock),Exploration SAP,2021-01-21,09:23:39,00:00:04
stefano.crapanzano@chu.ulg.ac.be,Numéro d'article (1),Exploration SAP,2021-01-21,09:23:55,00:00:04
stefano.crapanzano@chu.ulg.ac.be,Numéro d'article (1)   26 Entrées trouvées,Exploration SAP,2021-01-21,09:24:00,00:00:07
stefano.crapanzano@chu.ulg.ac.be,Numéro de la demande d'achat (1),Exploration SAP,2021-01-21,09:24:14,00:00:02
stefano.crapanzano@chu.ulg.ac.be,Numéro de la demande d'achat (1),Exploration SAP,2021-01-21,09:24:30,00:00:02
stefano.crapanzano@chu.ulg.ac.be,Numéro de la demande d'achat (1)  500 Entrées trouvées,Exploration SAP,2021-01-21,09:24:16,00:00:08
stefano.crapanzano@chu.ulg.ac.be,Numéro de la demande d'achat (1)  500 Entrées trouvées,Exploration SAP,2021-01-21,09:24:32,00:00:02
stefano.crapanzano@chu.ulg.ac.be,Groupe d'acheteurs (1)   54 Entrées trouvées,Exploration SAP,2021-01-21,09:24:39,00:00:04
stefano.crapanzano@chu.ulg.ac.be,Afficher Demande d'achat 5200100816,Exploration SAP,2021-01-21,09:24:54,00:00:07
stefano.crapanzano@chu.ulg.ac.be,Afficher Demande d'achat 5200101319,Exploration SAP,2021-01-21,09:25:03,00:00:03
stefano.crapanzano@chu.ulg.ac.be,Définir valeurs pour critères de filtre,Exploration SAP,2021-01-21,09:25:15,00:00:03
stefano.crapanzano@chu.ulg.ac.be,Définir valeurs pour critères de filtre,Exploration SAP,2021-01-21,15:01:19,00:00:02
stefano.crapanzano@chu.ulg.ac.be,Afficher Demande d'achat 110188,Exploration SAP,2021-01-21,09:25:23,00:00:04
stefano.crapanzano@chu.ulg.ac.be,Afficher Demande d'achat 110188,Exploration SAP,2021-01-21,09:25:31,00:00:03
stefano.crapanzano@chu.ulg.ac.be,Afficher article 501811 (ARTICLE WM Stock),Exploration SAP,2021-01-21,09:25:27,00:00:03
stefano.crapanzano@chu.ulg.ac.be,Afficher Demande d'achat 110927,Exploration SAP,2021-01-21,09:25:38,00:00:08
stefano.crapanzano@chu.ulg.ac.be,Afficher Demande d'achat 93390,Exploration SAP,2021-01-21,09:25:56,00:00:04
stefano.crapanzano@chu.ulg.ac.be,Afficher Demande d'achat 93390,Exploration SAP,2021-01-21,09:26:06,00:00:13
stefano.crapanzano@chu.ulg.ac.be,Modifications Demande d'achat 93390 Poste 10,Exploration SAP,2021-01-21,09:26:01,00:00:04
stefano.crapanzano@chu.ulg.ac.be,Afficher Demande d'achat 103301,Exploration SAP,2021-01-21,09:26:21,00:00:07
stefano.crapanzano@chu.ulg.ac.be,Afficher Demande d'achat 103301,Exploration SAP,2021-01-21,09:26:31,00:00:02
stefano.crapanzano@chu.ulg.ac.be,Modifications Demande d'achat 103301 Poste 10,Exploration SAP,2021-01-21,09:26:29,00:00:02
stefano.crapanzano@chu.ulg.ac.be,Afficher Demande d'achat 103555,Exploration SAP,2021-01-21,09:26:36,00:00:13
stefano.crapanzano@chu.ulg.ac.be,Netop Invité,Helpdesk général,2021-01-21,10:16:22,00:00:03
stefano.crapanzano@chu.ulg.ac.be,Netop Invité,Helpdesk général,2021-01-21,10:16:43,00:00:02
stefano.crapanzano@chu.ulg.ac.be,Netop Invité,Helpdesk général,2021-01-21,10:29:37,00:03:47
stefano.crapanzano@chu.ulg.ac.be,Netop Invité,Helpdesk général,2021-01-21,11:23:13,00:00:20
stefano.crapanzano@chu.ulg.ac.be,Netop Invité,Helpdesk général,2021-01-21,11:54:58,00:27:51
stefano.crapanzano@chu.ulg.ac.be,Netop Invité,Helpdesk général,2021-01-21,12:22:53,00:00:02
stefano.crapanzano@chu.ulg.ac.be,Netop Invité,Helpdesk général,2021-01-21,12:23:01,00:00:02
stefano.crapanzano@chu.ulg.ac.be,Nouvel onglet - Google Chrome,Tâches diverses,2021-01-21,10:16:27,00:00:06
stefano.crapanzano@chu.ulg.ac.be,Nouvel onglet - Google Chrome,Tâches diverses,2021-01-21,16:36:36,00:00:03
stefano.crapanzano@chu.ulg.ac.be,Helpdesk ATI - Db Hardware Prod - Google Chrome,Tâches diverses,2021-01-21,10:16:33,00:00:09
stefano.crapanzano@chu.ulg.ac.be,Helpdesk ATI - Db Hardware Prod - Google Chrome,Tâches diverses,2021-01-21,11:32:24,00:00:03
stefano.crapanzano@chu.ulg.ac.be,Netop,Helpdesk général,2021-01-21,11:23:34,00:00:02
stefano.crapanzano@chu.ulg.ac.be,Netop,Helpdesk général,2021-01-21,11:23:38,00:00:06
stefano.crapanzano@chu.ulg.ac.be,Netop,Helpdesk général,2021-01-21,11:54:56,00:00:02
stefano.crapanzano@chu.ulg.ac.be,Connexion à l'aide de l'authentification Windows,Helpdesk général,2021-01-21,10:16:47,00:00:02
stefano.crapanzano@chu.ulg.ac.be,Connexion à l'aide de l'authentification Windows,Helpdesk général,2021-01-21,11:23:36,00:00:02
stefano.crapanzano@chu.ulg.ac.be,dmi-w-0260 - Netop Remote Control,Helpdesk général,2021-01-21,10:16:51,00:12:45
stefano.crapanzano@chu.ulg.ac.be,Sent - erp.sai@chuliege.be - Outlook,Helpdesk général,2021-01-21,10:33:57,00:00:55
stefano.crapanzano@chu.ulg.ac.be,Sent - erp.sai@chuliege.be - Outlook,Helpdesk général,2021-01-21,12:24:26,00:00:03
stefano.crapanzano@chu.ulg.ac.be,Sent - erp.sai@chuliege.be - Outlook,Helpdesk général,2021-01-21,12:28:07,00:00:03
stefano.crapanzano@chu.ulg.ac.be,192.168.197.62 - Netop Remote Control,Helpdesk général,2021-01-21,11:23:44,00:08:39
stefano.crapanzano@chu.ulg.ac.be,192.168.197.62 - Netop Remote Control,Helpdesk général,2021-01-21,11:38:45,00:00:39
stefano.crapanzano@chu.ulg.ac.be,192.168.197.62 - Netop Remote Control,Helpdesk général,2021-01-21,11:45:08,00:09:48
stefano.crapanzano@chu.ulg.ac.be,Attributs généraux (BBP) Modifier,Exploration SAP,2021-01-21,11:38:03,00:00:30
stefano.crapanzano@chu.ulg.ac.be,Attributs généraux (BBP) Modifier,Helpdesk général,2021-01-21,11:39:25,00:00:20
stefano.crapanzano@chu.ulg.ac.be,Attributs généraux (BBP) Modifier,Exploration SAP,2021-01-21,11:39:59,00:00:28
stefano.crapanzano@chu.ulg.ac.be,Exporter/importer lien entre Réceptionnaire et Centre de coûts,Exploration SAP,2021-01-21,11:38:37,00:00:05
stefano.crapanzano@chu.ulg.ac.be,Exporter/importer lien entre Réceptionnaire et Centre de coûts,Exploration SAP,2021-01-21,12:22:56,00:00:02
stefano.crapanzano@chu.ulg.ac.be,Type d'objet (1)    6 Entrées trouvées,Exploration SAP,2021-01-21,11:39:45,00:00:02
stefano.crapanzano@chu.ulg.ac.be,Poste (1),Exploration SAP,2021-01-21,11:39:49,00:00:03
stefano.crapanzano@chu.ulg.ac.be,Poste (1)    3 Entrées trouvées,Exploration SAP,2021-01-21,11:39:52,00:00:07
stefano.crapanzano@chu.ulg.ac.be,Serveur occupé,Exploration SAP,2021-01-21,11:40:40,00:00:02
stefano.crapanzano@chu.ulg.ac.be,Serveur occupé,Exploration SAP,2021-01-21,11:40:46,00:00:03
stefano.crapanzano@chu.ulg.ac.be,Exporter/importer Lien entre article-centre de coûts et quantité,Exploration SAP,2021-01-21,11:42:09,00:00:46
stefano.crapanzano@chu.ulg.ac.be,Exporter/importer Lien entre article-centre de coûts et quantité,Exploration SAP,2021-01-21,11:43:03,00:00:31
stefano.crapanzano@chu.ulg.ac.be,Exporter/importer Lien entre article-centre de coûts et quantité,Exploration SAP,2021-01-21,11:43:36,00:01:29
stefano.crapanzano@chu.ulg.ac.be,Modifier mise en forme,Exploration SAP,2021-01-21,11:42:56,00:00:07
stefano.crapanzano@chu.ulg.ac.be,Fin de session,Exploration SAP,2021-01-21,12:22:58,00:00:02
stefano.crapanzano@chu.ulg.ac.be,SDERP-17100 P203 CHU ZMMARTIKEL non sélectionnable dans Y_DVX_30000225 - Message (HTML),Helpdesk général,2021-01-21,12:25:22,00:00:03
stefano.crapanzano@chu.ulg.ac.be,Stefano CRAPANZANO - erp.sai@chuliege.be - Outlook,Helpdesk général,2021-01-21,13:13:32,00:58:57
stefano.crapanzano@chu.ulg.ac.be,Stefano CRAPANZANO - erp.sai@chuliege.be - Outlook,Helpdesk général,2021-01-21,14:43:49,00:00:03
stefano.crapanzano@chu.ulg.ac.be,SAPconnect : ordres d'envoi de 20.01.2021 à 21.01.2021,Exploration SAP,2021-01-21,15:01:11,00:00:08
stefano.crapanzano@chu.ulg.ac.be,SAPconnect : ordres d'envoi de 20.01.2021 à 21.01.2021,Exploration SAP,2021-01-21,15:01:22,00:00:04
stefano.crapanzano@chu.ulg.ac.be,Sélectionner document,Exploration SAP,2021-01-21,15:01:35,00:00:02
stefano.crapanzano@chu.ulg.ac.be,Commande interv. 40 4000191568 créée par WEBUSERCHU,Exploration SAP,2021-01-21,15:01:37,00:00:15
stefano.crapanzano@chu.ulg.ac.be,Commande interv. 40 4000191568 créée par WEBUSERCHU,Exploration SAP,2021-01-21,15:02:08,00:01:00
stefano.crapanzano@chu.ulg.ac.be,Commande interv. 40 4000191568 créée par WEBUSERCHU,Exploration SAP,2021-01-21,15:03:11,00:00:04
stefano.crapanzano@chu.ulg.ac.be,Commande interv. 40 4000191568 créée par WEBUSERCHU,Exploration SAP,2021-01-21,15:04:01,00:01:36
stefano.crapanzano@chu.ulg.ac.be,Commande interv. 40 4000191568 créée par WEBUSERCHU,Exploration SAP,2021-01-21,15:06:31,00:00:04
stefano.crapanzano@chu.ulg.ac.be,Pas de modifications Commande achat 4000191568,Exploration SAP,2021-01-21,15:03:08,00:00:02
stefano.crapanzano@chu.ulg.ac.be,Modifications Commande achat 4000191568 Poste 1,Exploration SAP,2021-01-21,15:03:16,00:00:45
stefano.crapanzano@chu.ulg.ac.be,Afficher Cde achat : : messages,Exploration SAP,2021-01-21,15:05:37,00:00:54
stefano.crapanzano@chu.ulg.ac.be,Gestion des utilisateurs : écran initial,Exploration SAP,2021-01-21,15:08:41,00:00:08
stefano.crapanzano@chu.ulg.ac.be,Gestion des utilisateurs : écran initial,Exploration SAP,2021-01-21,15:09:25,00:01:52
stefano.crapanzano@chu.ulg.ac.be,Afficher utilisateur,Exploration SAP,2021-01-21,15:08:49,00:00:03
stefano.crapanzano@chu.ulg.ac.be,Afficher utilisateur,Exploration SAP,2021-01-21,15:09:22,00:00:03
stefano.crapanzano@chu.ulg.ac.be,Documents de modification pour utilisateurs,Exploration SAP,2021-01-21,15:08:53,00:00:28
stefano.crapanzano@chu.ulg.ac.be,Analyse de work load,Exploration SAP,2021-01-21,15:11:20,00:00:02
stefano.crapanzano@chu.ulg.ac.be,Analyse de work load,Exploration SAP,2021-01-21,15:11:25,00:00:04
stefano.crapanzano@chu.ulg.ac.be,Work load pour UTILISATEUR STÉPHANIE THIRY,Exploration SAP,2021-01-21,15:11:29,00:00:16
stefano.crapanzano@chu.ulg.ac.be,Work load pour UTILISATEUR STÉPHANIE THIRY,Exploration SAP,2021-01-21,16:34:32,00:00:02
stefano.crapanzano@chu.ulg.ac.be,Planificateur de tâches,IT,2021-01-21,15:28:02,00:00:02
stefano.crapanzano@chu.ulg.ac.be,\\ERPFTP.st.chulg\ERP\Log\Iepacs_file_Pdf-Kofaxchu_FRCHR_Pdf.log - Notepad++ [Administrator],IT,2021-01-21,15:28:16,00:00:40
stefano.crapanzano@chu.ulg.ac.be,\\ERPFTP.st.chulg\ERP\Log\Iepacs_file_Pdf-Kofaxchu_FRCHR_Pdf.log - Notepad++ [Administrator],IT,2021-01-21,15:29:14,00:00:13
stefano.crapanzano@chu.ulg.ac.be,\\ERPFTP.st.chulg\ERP\Log\KOFAX-KofaxCaptureSVReleaseProdFRCHR.log - Notepad++ [Administrator],IT,2021-01-21,15:29:01,00:00:09
stefano.crapanzano@chu.ulg.ac.be,\\ERPFTP.st.chulg\ERP\Log\KOFAX-KofaxCaptureSVReleaseProdFRCHR.log - Notepad++ [Administrator],IT,2021-01-21,15:29:27,01:05:02
stefano.crapanzano@chu.ulg.ac.be,Data Browser - table ZFPFAK_KOPP1 : écran de sélection,Exploration SAP,2021-01-21,16:34:47,00:00:02
stefano.crapanzano@chu.ulg.ac.be,Data Browser - table ZFPFAK_KOPP1 : écran de sélection,Exploration SAP,2021-01-21,16:36:05,00:00:04
stefano.crapanzano@chu.ulg.ac.be,Data Browser - table ZFPFAK_KOPP1 : écran de sélection,Exploration SAP,2021-01-21,16:36:11,00:00:04
stefano.crapanzano@chu.ulg.ac.be,Data Browser - table ZFPFAK_KOPP1 : écran de sélection,Exploration SAP,2021-01-21,16:36:18,00:00:02
stefano.crapanzano@chu.ulg.ac.be,Data Browser - table ZFPFAK_KOPP1 : écran de sélection,Exploration SAP,2021-01-21,16:36:21,00:00:11
stefano.crapanzano@chu.ulg.ac.be,Data Browser - table ZFPFAK_KOPP1 : écran de sélection,Exploration SAP,2021-01-21,16:36:51,00:00:02
stefano.crapanzano@chu.ulg.ac.be,Data Browser - table ZFPFAK_KOPP1 : écran de sélection,Exploration SAP,2021-01-21,16:37:59,00:00:12
stefano.crapanzano@chu.ulg.ac.be,Data Browser - table ZFPFAK_KOPP1 : écran de sélection,Exploration SAP,2021-01-21,16:38:12,00:00:02
stefano.crapanzano@chu.ulg.ac.be,Data Browser - table ZFPFAK_KOPP1 : écran de sélection,Exploration SAP,2021-01-21,16:38:17,00:00:03
stefano.crapanzano@chu.ulg.ac.be,Data Browser - table ZFPFAK_KOPP1 : écran de sélection,Exploration SAP,2021-01-21,16:38:25,00:00:02
stefano.crapanzano@chu.ulg.ac.be,Data Browser - table ZFPFAK_KOPP1 : écran de sélection,Exploration SAP,2021-01-21,16:38:32,00:00:02
stefano.crapanzano@chu.ulg.ac.be,Data Browser - table ZFPFAK_KOPP1 : écran de sélection,Exploration SAP,2021-01-21,16:38:37,00:00:04
stefano.crapanzano@chu.ulg.ac.be,Data Browser - table ZFPFAK_KOPP1 : écran de sélection,Exploration SAP,2021-01-21,16:38:46,00:00:06
stefano.crapanzano@chu.ulg.ac.be,Data Browser - table ZFPFAK_KOPP1 : écran de sélection,Exploration SAP,2021-01-21,16:38:53,00:00:07
stefano.crapanzano@chu.ulg.ac.be,Data Browser - table ZFPFAK_KOPP1 : écran de sélection,Exploration SAP,2021-01-21,16:39:02,00:00:07
stefano.crapanzano@chu.ulg.ac.be,Data Browser - table ZFPFAK_KOPP1 : écran de sélection,Exploration SAP,2021-01-21,16:39:18,00:00:03
stefano.crapanzano@chu.ulg.ac.be,Data Browser - table ZFPFAK_KOPP1 : écran de sélection,Exploration SAP,2021-01-21,16:39:30,00:00:04
stefano.crapanzano@chu.ulg.ac.be,Data Browser - table ZFPFAK_KOPP1 : écran de sélection,Exploration SAP,2021-01-21,16:39:37,00:00:02
stefano.crapanzano@chu.ulg.ac.be,Data Browser - table ZFPFAK_KOPP1 : écran de sélection,Exploration SAP,2021-01-21,16:39:41,00:00:02
stefano.crapanzano@chu.ulg.ac.be,Data Browser - table ZFPFAK_KOPP1 : écran de sélection,Exploration SAP,2021-01-21,16:39:47,00:00:02
stefano.crapanzano@chu.ulg.ac.be,Data Browser - table ZFPFAK_KOPP1 : écran de sélection,Exploration SAP,2021-01-21,16:39:58,00:00:02
stefano.crapanzano@chu.ulg.ac.be,Data Browser - table ZFPFAK_KOPP1 : écran de sélection,Exploration SAP,2021-01-21,16:40:23,00:00:04
stefano.crapanzano@chu.ulg.ac.be,Data Browser - table ZFPFAK_KOPP1 : écran de sélection,Exploration SAP,2021-01-21,16:40:30,00:00:02
stefano.crapanzano@chu.ulg.ac.be,Data Browser - table ZFPFAK_KOPP1 : écran de sélection,Exploration SAP,2021-01-21,16:40:39,00:00:14
stefano.crapanzano@chu.ulg.ac.be,Data Browser - table ZFPFAK_KOPP1 : écran de sélection,Exploration SAP,2021-01-21,16:41:10,00:00:03
stefano.crapanzano@chu.ulg.ac.be,Data Browser - table ZFPFAK_KOPP1 : écran de sélection,Exploration SAP,2021-01-21,16:41:15,00:00:03
stefano.crapanzano@chu.ulg.ac.be,Data Browser - table ZFPFAK_KOPP1 : écran de sélection,Exploration SAP,2021-01-21,16:41:24,00:00:02
stefano.crapanzano@chu.ulg.ac.be,Data Browser - table ZFPFAK_KOPP1 : écran de sélection,Exploration SAP,2021-01-21,16:41:30,00:00:02
stefano.crapanzano@chu.ulg.ac.be,Data Browser - table ZFPFAK_KOPP1 : écran de sélection,Exploration SAP,2021-01-21,16:41:44,00:00:03
stefano.crapanzano@chu.ulg.ac.be,Data Browser - table ZFPFAK_KOPP1 : écran de sélection,Exploration SAP,2021-01-21,16:41:58,00:00:03
stefano.crapanzano@chu.ulg.ac.be,Data Browser - table ZFPFAK_KOPP1 : écran de sélection,Exploration SAP,2021-01-21,16:42:03,00:00:03
stefano.crapanzano@chu.ulg.ac.be,Data Browser - table ZFPFAK_KOPP1 : écran de sélection,Exploration SAP,2021-01-21,16:42:08,00:00:02
stefano.crapanzano@chu.ulg.ac.be,Data Browser - table ZFPFAK_KOPP1 : écran de sélection,Exploration SAP,2021-01-21,16:42:16,00:00:03
stefano.crapanzano@chu.ulg.ac.be,ABAP : catalogue des variantes du programme /1BCDWB/DBZFPFAK_KOPP1,Exploration SAP,2021-01-21,16:34:50,00:00:10
stefano.crapanzano@chu.ulg.ac.be,ABAP : catalogue des variantes du programme /1BCDWB/DBZFPFAK_KOPP1,Exploration SAP,2021-01-21,16:36:15,00:00:02
stefano.crapanzano@chu.ulg.ac.be,ABAP : catalogue des variantes du programme /1BCDWB/DBZFPFAK_KOPP1,Exploration SAP,2021-01-21,16:39:13,00:00:02
stefano.crapanzano@chu.ulg.ac.be,ABAP : catalogue des variantes du programme /1BCDWB/DBZFPFAK_KOPP1,Exploration SAP,2021-01-21,16:40:55,00:00:02
stefano.crapanzano@chu.ulg.ac.be,ABAP : catalogue des variantes du programme /1BCDWB/DBZFPFAK_KOPP1,Exploration SAP,2021-01-21,16:42:23,00:00:02
stefano.crapanzano@chu.ulg.ac.be,Sans titre - Message (HTML),Helpdesk général,2021-01-21,16:35:02,00:01:02
stefano.crapanzano@chu.ulg.ac.be,start [DokuWiki ERP] - Google Chrome,Tâches diverses,2021-01-21,16:36:41,00:00:02
stefano.crapanzano@chu.ulg.ac.be,Configuration SAP [DokuWiki ERP] - Google Chrome,Tâches diverses,2021-01-21,16:36:43,00:00:07
stefano.crapanzano@chu.ulg.ac.be,Configuration SAP [DokuWiki ERP] - Google Chrome,Tâches diverses,2021-01-21,16:36:53,00:01:04
stefano.crapanzano@chu.ulg.ac.be,Configuration SAP [DokuWiki ERP] - Google Chrome,Tâches diverses,2021-01-21,16:38:35,00:00:02
stefano.crapanzano@chu.ulg.ac.be,Configuration SAP [DokuWiki ERP] - Google Chrome,Tâches diverses,2021-01-21,16:39:00,00:00:02
stefano.crapanzano@chu.ulg.ac.be,Configuration SAP [DokuWiki ERP] - Google Chrome,Tâches diverses,2021-01-21,16:39:22,00:00:08
stefano.crapanzano@chu.ulg.ac.be,Configuration SAP [DokuWiki ERP] - Google Chrome,Tâches diverses,2021-01-21,16:39:35,00:00:02
stefano.crapanzano@chu.ulg.ac.be,Configuration SAP [DokuWiki ERP] - Google Chrome,Tâches diverses,2021-01-21,16:40:07,00:00:02
stefano.crapanzano@chu.ulg.ac.be,Configuration SAP [DokuWiki ERP] - Google Chrome,Tâches diverses,2021-01-21,16:40:18,00:00:04
stefano.crapanzano@chu.ulg.ac.be,Configuration SAP [DokuWiki ERP] - Google Chrome,Tâches diverses,2021-01-21,16:40:33,00:00:06
stefano.crapanzano@chu.ulg.ac.be,Configuration SAP [DokuWiki ERP] - Google Chrome,Tâches diverses,2021-01-21,16:41:03,00:00:06
stefano.crapanzano@chu.ulg.ac.be,Configuration SAP [DokuWiki ERP] - Google Chrome,Tâches diverses,2021-01-21,16:41:33,00:00:04
stefano.crapanzano@chu.ulg.ac.be,Configuration SAP [DokuWiki ERP] - Google Chrome,Tâches diverses,2021-01-21,16:41:41,00:00:02
stefano.crapanzano@chu.ulg.ac.be,Configuration SAP [DokuWiki ERP] - Google Chrome,Tâches diverses,2021-01-21,16:41:53,00:00:05
stefano.crapanzano@chu.ulg.ac.be,Configuration SAP [DokuWiki ERP] - Google Chrome,Tâches diverses,2021-01-21,16:42:13,00:00:03
stefano.crapanzano@chu.ulg.ac.be,Configuration SAP [DokuWiki ERP] - Google Chrome,Tâches diverses,2021-01-21,16:42:20,00:00:02
stefano.crapanzano@chu.ulg.ac.be,Configuration SAP [DokuWiki ERP] - Google Chrome,Tâches diverses,2021-01-21,16:42:29,00:00:12
stefano.crapanzano@chu.ulg.ac.be,Configuration SAP [DokuWiki ERP] - Google Chrome,Tâches diverses,2021-01-21,16:42:44,00:23:01
stefano.crapanzano@chu.ulg.ac.be,Gestion des options de sélection,Exploration SAP,2021-01-21,16:38:28,00:00:04
stefano.crapanzano@chu.ulg.ac.be,Gestion des options de sélection,Exploration SAP,2021-01-21,16:39:43,00:00:03
stefano.crapanzano@chu.ulg.ac.be,Gestion des options de sélection,Exploration SAP,2021-01-21,16:39:52,00:00:03
stefano.crapanzano@chu.ulg.ac.be,Gestion des options de sélection,Exploration SAP,2021-01-21,16:40:00,00:00:02
stefano.crapanzano@chu.ulg.ac.be,Gestion des options de sélection,Exploration SAP,2021-01-21,16:41:18,00:00:03
stefano.crapanzano@chu.ulg.ac.be,TypeAheadPopup,Exploration SAP,2021-01-21,16:38:42,00:00:02
stefano.crapanzano@chu.ulg.ac.be,TypeAheadPopup,Exploration SAP,2021-01-21,16:40:28,00:00:02
stefano.crapanzano@chu.ulg.ac.be,Attributs de variante,Exploration SAP,2021-01-21,16:39:10,00:00:03
stefano.crapanzano@chu.ulg.ac.be,Attributs de variante,Exploration SAP,2021-01-21,16:39:16,00:00:02
stefano.crapanzano@chu.ulg.ac.be,Attributs de variante,Exploration SAP,2021-01-21,16:40:53,00:00:02
stefano.crapanzano@chu.ulg.ac.be,Attributs de variante,Exploration SAP,2021-01-21,16:40:58,00:00:03
stefano.crapanzano@chu.ulg.ac.be,Attributs de variante,Exploration SAP,2021-01-21,16:41:47,00:00:02
stefano.crapanzano@chu.ulg.ac.be,Attributs de variante,Exploration SAP,2021-01-21,16:41:51,00:00:02
stefano.crapanzano@chu.ulg.ac.be,Attributs de variante,Exploration SAP,2021-01-21,16:42:26,00:00:02
stefano.crapanzano@chu.ulg.ac.be,Sélection multiple pour ZOKCODE,Exploration SAP,2021-01-21,16:40:04,00:00:03
stefano.crapanzano@chu.ulg.ac.be,Sélection multiple pour ZOKCODE,Exploration SAP,2021-01-21,16:40:10,00:00:06
