Email,Description,Project,Start date,Start time,Duration
stefano.crapanzano@chu.ulg.ac.be,Administrateur : C:\Windows\system32\cmd.exe - python  main.py,IT,2021-01-22,08:31:26,00:00:05
stefano.crapanzano@chu.ulg.ac.be,Boîte de réception - erp.sai@chuliege.be - Outlook,IT,2021-01-22,08:31:31,00:06:42
stefano.crapanzano@chu.ulg.ac.be,Boîte de réception - erp.sai@chuliege.be - Outlook,IT,2021-01-22,08:38:24,00:00:04
stefano.crapanzano@chu.ulg.ac.be,Boîte de réception - erp.sai@chuliege.be - Outlook,Helpdesk général,2021-01-22,08:38:35,00:00:09
stefano.crapanzano@chu.ulg.ac.be,Boîte de réception - erp.sai@chuliege.be - Outlook,Helpdesk général,2021-01-22,08:42:59,00:00:56
stefano.crapanzano@chu.ulg.ac.be,Boîte de réception - erp.sai@chuliege.be - Outlook,Helpdesk général,2021-01-22,08:44:34,00:00:05
stefano.crapanzano@chu.ulg.ac.be,Boîte de réception - erp.sai@chuliege.be - Outlook,Helpdesk général,2021-01-22,08:45:39,00:00:31
stefano.crapanzano@chu.ulg.ac.be,Boîte de réception - erp.sai@chuliege.be - Outlook,Helpdesk général,2021-01-22,08:46:17,00:00:27
stefano.crapanzano@chu.ulg.ac.be,Boîte de réception - erp.sai@chuliege.be - Outlook,Helpdesk général,2021-01-22,08:46:50,00:00:13
stefano.crapanzano@chu.ulg.ac.be,Boîte de réception - erp.sai@chuliege.be - Outlook,Helpdesk général,2021-01-22,08:53:54,00:00:23
stefano.crapanzano@chu.ulg.ac.be,Boîte de réception - erp.sai@chuliege.be - Outlook,Helpdesk général,2021-01-22,08:54:57,00:00:33
stefano.crapanzano@chu.ulg.ac.be,Boîte de réception - erp.sai@chuliege.be - Outlook,Helpdesk général,2021-01-22,08:57:55,00:00:02
stefano.crapanzano@chu.ulg.ac.be,Boîte de réception - erp.sai@chuliege.be - Outlook,Helpdesk général,2021-01-22,09:24:04,00:01:14
stefano.crapanzano@chu.ulg.ac.be,Boîte de réception - erp.sai@chuliege.be - Outlook,Helpdesk général,2021-01-22,09:25:51,00:01:57
stefano.crapanzano@chu.ulg.ac.be,Boîte de réception - erp.sai@chuliege.be - Outlook,Helpdesk général,2021-01-22,09:27:50,00:00:06
stefano.crapanzano@chu.ulg.ac.be,Boîte de réception - erp.sai@chuliege.be - Outlook,Helpdesk général,2021-01-22,09:28:20,00:00:02
stefano.crapanzano@chu.ulg.ac.be,Boîte de réception - erp.sai@chuliege.be - Outlook,Helpdesk général,2021-01-22,09:33:07,00:04:30
stefano.crapanzano@chu.ulg.ac.be,Boîte de réception - erp.sai@chuliege.be - Outlook,Helpdesk général,2021-01-22,09:38:31,00:00:24
stefano.crapanzano@chu.ulg.ac.be,Boîte de réception - erp.sai@chuliege.be - Outlook,Helpdesk général,2021-01-22,09:45:06,00:00:15
stefano.crapanzano@chu.ulg.ac.be,Boîte de réception - erp.sai@chuliege.be - Outlook,Helpdesk général,2021-01-22,09:59:18,00:00:39
stefano.crapanzano@chu.ulg.ac.be,Boîte de réception - erp.sai@chuliege.be - Outlook,Helpdesk général,2021-01-22,09:59:58,00:00:49
stefano.crapanzano@chu.ulg.ac.be,Boîte de réception - erp.sai@chuliege.be - Outlook,Helpdesk général,2021-01-22,10:00:50,00:00:15
stefano.crapanzano@chu.ulg.ac.be,Boîte de réception - erp.sai@chuliege.be - Outlook,Helpdesk général,2021-01-22,10:01:18,00:00:04
stefano.crapanzano@chu.ulg.ac.be,Boîte de réception - erp.sai@chuliege.be - Outlook,Helpdesk général,2021-01-22,10:01:32,00:00:05
stefano.crapanzano@chu.ulg.ac.be,Boîte de réception - erp.sai@chuliege.be - Outlook,Helpdesk général,2021-01-22,10:03:48,00:00:03
stefano.crapanzano@chu.ulg.ac.be,Boîte de réception - erp.sai@chuliege.be - Outlook,Helpdesk général,2021-01-22,10:04:21,00:00:02
stefano.crapanzano@chu.ulg.ac.be,Boîte de réception - erp.sai@chuliege.be - Outlook,Helpdesk général,2021-01-22,10:07:47,00:00:03
stefano.crapanzano@chu.ulg.ac.be,Boîte de réception - erp.sai@chuliege.be - Outlook,Helpdesk général,2021-01-22,10:33:30,00:00:15
stefano.crapanzano@chu.ulg.ac.be,Boîte de réception - erp.sai@chuliege.be - Outlook,Helpdesk général,2021-01-22,10:43:15,00:00:26
stefano.crapanzano@chu.ulg.ac.be,Boîte de réception - erp.sai@chuliege.be - Outlook,Helpdesk général,2021-01-22,10:44:17,00:00:02
stefano.crapanzano@chu.ulg.ac.be,Boîte de réception - erp.sai@chuliege.be - Outlook,Helpdesk général,2021-01-22,10:46:45,00:00:13
stefano.crapanzano@chu.ulg.ac.be,Boîte de réception - erp.sai@chuliege.be - Outlook,Helpdesk général,2021-01-22,10:47:00,00:00:02
stefano.crapanzano@chu.ulg.ac.be,Boîte de réception - erp.sai@chuliege.be - Outlook,Helpdesk général,2021-01-22,10:50:19,00:00:03
stefano.crapanzano@chu.ulg.ac.be,Boîte de réception - erp.sai@chuliege.be - Outlook,Helpdesk général,2021-01-22,10:52:50,00:00:02
stefano.crapanzano@chu.ulg.ac.be,Boîte de réception - erp.sai@chuliege.be - Outlook,Helpdesk général,2021-01-22,10:53:21,00:00:03
stefano.crapanzano@chu.ulg.ac.be,Boîte de réception - erp.sai@chuliege.be - Outlook,Helpdesk général,2021-01-22,10:53:27,00:00:04
stefano.crapanzano@chu.ulg.ac.be,Boîte de réception - erp.sai@chuliege.be - Outlook,Helpdesk général,2021-01-22,10:53:37,00:00:14
stefano.crapanzano@chu.ulg.ac.be,Boîte de réception - erp.sai@chuliege.be - Outlook,Helpdesk général,2021-01-22,10:53:53,00:00:02
stefano.crapanzano@chu.ulg.ac.be,Boîte de réception - erp.sai@chuliege.be - Outlook,Helpdesk général,2021-01-22,10:53:57,00:00:02
stefano.crapanzano@chu.ulg.ac.be,Boîte de réception - erp.sai@chuliege.be - Outlook,Helpdesk général,2021-01-22,10:55:56,00:00:22
stefano.crapanzano@chu.ulg.ac.be,Boîte de réception - erp.sai@chuliege.be - Outlook,Helpdesk général,2021-01-22,11:13:54,00:00:06
stefano.crapanzano@chu.ulg.ac.be,Boîte de réception - erp.sai@chuliege.be - Outlook,Helpdesk général,2021-01-22,11:14:07,00:00:02
stefano.crapanzano@chu.ulg.ac.be,Boîte de réception - erp.sai@chuliege.be - Outlook,Helpdesk général,2021-01-22,11:14:27,00:00:06
stefano.crapanzano@chu.ulg.ac.be,Boîte de réception - erp.sai@chuliege.be - Outlook,Helpdesk général,2021-01-22,11:14:57,00:00:02
stefano.crapanzano@chu.ulg.ac.be,Boîte de réception - erp.sai@chuliege.be - Outlook,Helpdesk général,2021-01-22,11:18:45,00:01:34
stefano.crapanzano@chu.ulg.ac.be,Boîte de réception - erp.sai@chuliege.be - Outlook,Helpdesk général,2021-01-22,12:10:12,00:00:03
stefano.crapanzano@chu.ulg.ac.be,Boîte de réception - erp.sai@chuliege.be - Outlook,Helpdesk général,2021-01-22,12:40:11,00:03:58
stefano.crapanzano@chu.ulg.ac.be,Boîte de réception - erp.sai@chuliege.be - Outlook,Helpdesk général,2021-01-22,12:44:13,00:00:02
stefano.crapanzano@chu.ulg.ac.be,Boîte de réception - erp.sai@chuliege.be - Outlook,Helpdesk général,2021-01-22,13:03:14,00:02:27
stefano.crapanzano@chu.ulg.ac.be,Boîte de réception - erp.sai@chuliege.be - Outlook,Helpdesk général,2021-01-22,13:05:42,00:00:06
stefano.crapanzano@chu.ulg.ac.be,Boîte de réception - erp.sai@chuliege.be - Outlook,Helpdesk général,2021-01-22,13:05:51,00:00:44
stefano.crapanzano@chu.ulg.ac.be,Boîte de réception - erp.sai@chuliege.be - Outlook,Helpdesk général,2021-01-22,13:10:24,00:00:06
stefano.crapanzano@chu.ulg.ac.be,Boîte de réception - erp.sai@chuliege.be - Outlook,Helpdesk général,2021-01-22,13:10:48,00:00:38
stefano.crapanzano@chu.ulg.ac.be,Boîte de réception - erp.sai@chuliege.be - Outlook,Helpdesk général,2021-01-22,13:11:29,00:00:03
stefano.crapanzano@chu.ulg.ac.be,Boîte de réception - erp.sai@chuliege.be - Outlook,Helpdesk général,2021-01-22,13:11:35,00:00:03
stefano.crapanzano@chu.ulg.ac.be,Boîte de réception - erp.sai@chuliege.be - Outlook,Helpdesk général,2021-01-22,13:11:49,00:01:42
stefano.crapanzano@chu.ulg.ac.be,Boîte de réception - erp.sai@chuliege.be - Outlook,Helpdesk général,2021-01-22,13:17:45,00:00:07
stefano.crapanzano@chu.ulg.ac.be,Boîte de réception - erp.sai@chuliege.be - Outlook,Helpdesk général,2021-01-22,13:18:53,00:00:04
stefano.crapanzano@chu.ulg.ac.be,Boîte de réception - erp.sai@chuliege.be - Outlook,Helpdesk général,2021-01-22,13:19:57,00:00:03
stefano.crapanzano@chu.ulg.ac.be,Boîte de réception - erp.sai@chuliege.be - Outlook,Helpdesk général,2021-01-22,13:54:16,00:00:17
stefano.crapanzano@chu.ulg.ac.be,Boîte de réception - erp.sai@chuliege.be - Outlook,Helpdesk général,2021-01-22,13:54:37,00:00:05
stefano.crapanzano@chu.ulg.ac.be,Boîte de réception - erp.sai@chuliege.be - Outlook,Helpdesk général,2021-01-22,16:23:08,00:00:13
stefano.crapanzano@chu.ulg.ac.be,taskeng.exe,IT,2021-01-22,08:38:14,00:00:10
stefano.crapanzano@chu.ulg.ac.be,Boîte de Réception - Zimbra - Stefano Crapanzano - Outlook,Helpdesk général,2021-01-22,08:38:29,00:00:06
stefano.crapanzano@chu.ulg.ac.be,Boîte de Réception - Zimbra - Stefano Crapanzano - Outlook,Helpdesk général,2021-01-22,08:46:45,00:00:05
stefano.crapanzano@chu.ulg.ac.be,Boîte de Réception - Zimbra - Stefano Crapanzano - Outlook,Helpdesk général,2021-01-22,09:10:59,00:00:08
stefano.crapanzano@chu.ulg.ac.be,Boîte de Réception - Zimbra - Stefano Crapanzano - Outlook,Helpdesk général,2021-01-22,09:12:27,00:00:08
stefano.crapanzano@chu.ulg.ac.be,Boîte de Réception - Zimbra - Stefano Crapanzano - Outlook,Helpdesk général,2021-01-22,09:24:02,00:00:02
stefano.crapanzano@chu.ulg.ac.be,Boîte de Réception - Zimbra - Stefano Crapanzano - Outlook,Helpdesk général,2021-01-22,09:25:40,00:00:10
stefano.crapanzano@chu.ulg.ac.be,Boîte de Réception - Zimbra - Stefano Crapanzano - Outlook,Helpdesk général,2021-01-22,09:38:55,00:01:33
stefano.crapanzano@chu.ulg.ac.be,Boîte de Réception - Zimbra - Stefano Crapanzano - Outlook,Helpdesk général,2021-01-22,09:45:02,00:00:04
stefano.crapanzano@chu.ulg.ac.be,Boîte de Réception - Zimbra - Stefano Crapanzano - Outlook,Helpdesk général,2021-01-22,10:53:25,00:00:02
stefano.crapanzano@chu.ulg.ac.be,Boîte de Réception - Zimbra - Stefano Crapanzano - Outlook,Helpdesk général,2021-01-22,12:10:16,00:00:05
stefano.crapanzano@chu.ulg.ac.be,Boîte de Réception - Zimbra - Stefano Crapanzano - Outlook,Helpdesk général,2021-01-22,12:40:09,00:00:02
stefano.crapanzano@chu.ulg.ac.be,Boîte de Réception - Zimbra - Stefano Crapanzano - Outlook,Helpdesk général,2021-01-22,12:44:10,00:00:02
stefano.crapanzano@chu.ulg.ac.be,Boîte de Réception - Zimbra - Stefano Crapanzano - Outlook,Helpdesk général,2021-01-22,13:01:15,00:00:04
stefano.crapanzano@chu.ulg.ac.be,Boîte de Réception - Zimbra - Stefano Crapanzano - Outlook,Helpdesk général,2021-01-22,13:05:48,00:00:02
stefano.crapanzano@chu.ulg.ac.be,Boîte de Réception - Zimbra - Stefano Crapanzano - Outlook,Helpdesk général,2021-01-22,13:11:26,00:00:02
stefano.crapanzano@chu.ulg.ac.be,Boîte de Réception - Zimbra - Stefano Crapanzano - Outlook,Helpdesk général,2021-01-22,13:11:32,00:00:02
stefano.crapanzano@chu.ulg.ac.be,Boîte de Réception - Zimbra - Stefano Crapanzano - Outlook,Helpdesk général,2021-01-22,13:17:42,00:00:02
stefano.crapanzano@chu.ulg.ac.be,Boîte de Réception - Zimbra - Stefano Crapanzano - Outlook,Helpdesk général,2021-01-22,13:19:52,00:00:04
stefano.crapanzano@chu.ulg.ac.be,Boîte de Réception - Zimbra - Stefano Crapanzano - Outlook,Helpdesk général,2021-01-22,16:23:04,00:00:03
stefano.crapanzano@chu.ulg.ac.be,Boîte de Réception - Zimbra - Stefano Crapanzano - Outlook,Helpdesk général,2021-01-22,16:23:21,00:00:28
stefano.crapanzano@chu.ulg.ac.be,Boîte de Réception - Zimbra - Stefano Crapanzano - Outlook,Helpdesk général,2021-01-22,16:24:00,00:00:03
stefano.crapanzano@chu.ulg.ac.be,Boîte de Réception - Zimbra - Stefano Crapanzano - Outlook,Helpdesk général,2021-01-22,17:03:13,00:00:03
stefano.crapanzano@chu.ulg.ac.be,Navigation système de fichier,IT,2021-01-22,08:38:45,00:00:02
stefano.crapanzano@chu.ulg.ac.be,Navigation système de fichier,IT,2021-01-22,08:44:30,00:00:03
stefano.crapanzano@chu.ulg.ac.be,Navigation système de fichier,IT,2021-01-22,08:44:40,00:00:10
stefano.crapanzano@chu.ulg.ac.be,Navigation système de fichier,IT,2021-01-22,08:51:28,00:00:02
stefano.crapanzano@chu.ulg.ac.be,Navigation système de fichier,IT,2021-01-22,08:52:46,00:00:08
stefano.crapanzano@chu.ulg.ac.be,Navigation système de fichier,IT,2021-01-22,08:54:18,00:00:03
stefano.crapanzano@chu.ulg.ac.be,Navigation système de fichier,IT,2021-01-22,08:55:30,00:00:03
stefano.crapanzano@chu.ulg.ac.be,Navigation système de fichier,IT,2021-01-22,08:58:03,00:00:03
stefano.crapanzano@chu.ulg.ac.be,Navigation système de fichier,IT,2021-01-22,09:03:29,00:00:04
stefano.crapanzano@chu.ulg.ac.be,Navigation système de fichier,IT,2021-01-22,09:05:22,00:00:04
stefano.crapanzano@chu.ulg.ac.be,Navigation système de fichier,IT,2021-01-22,09:10:55,00:00:03
stefano.crapanzano@chu.ulg.ac.be,Navigation système de fichier,IT,2021-01-22,09:11:08,00:00:02
stefano.crapanzano@chu.ulg.ac.be,Navigation système de fichier,IT,2021-01-22,09:12:35,00:00:02
stefano.crapanzano@chu.ulg.ac.be,Navigation système de fichier,IT,2021-01-22,09:12:47,00:00:03
stefano.crapanzano@chu.ulg.ac.be,Navigation système de fichier,IT,2021-01-22,09:45:22,00:00:03
stefano.crapanzano@chu.ulg.ac.be,Navigation système de fichier,IT,2021-01-22,09:58:25,00:00:02
stefano.crapanzano@chu.ulg.ac.be,Navigation système de fichier,IT,2021-01-22,10:01:22,00:00:10
stefano.crapanzano@chu.ulg.ac.be,Navigation système de fichier,IT,2021-01-22,10:01:38,00:00:02
stefano.crapanzano@chu.ulg.ac.be,Navigation système de fichier,IT,2021-01-22,10:01:50,00:00:03
stefano.crapanzano@chu.ulg.ac.be,Navigation système de fichier,IT,2021-01-22,10:02:09,00:00:42
stefano.crapanzano@chu.ulg.ac.be,Navigation système de fichier,IT,2021-01-22,10:03:36,00:00:02
stefano.crapanzano@chu.ulg.ac.be,Navigation système de fichier,IT,2021-01-22,10:03:40,00:00:02
stefano.crapanzano@chu.ulg.ac.be,Navigation système de fichier,IT,2021-01-22,10:06:31,00:01:13
stefano.crapanzano@chu.ulg.ac.be,Navigation système de fichier,IT,2021-01-22,10:07:53,00:00:06
stefano.crapanzano@chu.ulg.ac.be,Navigation système de fichier,IT,2021-01-22,10:43:42,00:00:34
stefano.crapanzano@chu.ulg.ac.be,Navigation système de fichier,IT,2021-01-22,10:47:02,00:00:03
stefano.crapanzano@chu.ulg.ac.be,Navigation système de fichier,IT,2021-01-22,10:51:49,00:00:08
stefano.crapanzano@chu.ulg.ac.be,Navigation système de fichier,IT,2021-01-22,10:52:18,00:00:03
stefano.crapanzano@chu.ulg.ac.be,Navigation système de fichier,IT,2021-01-22,10:52:41,00:00:02
stefano.crapanzano@chu.ulg.ac.be,Navigation système de fichier,IT,2021-01-22,10:53:51,00:00:02
stefano.crapanzano@chu.ulg.ac.be,Navigation système de fichier,IT,2021-01-22,10:55:52,00:00:03
stefano.crapanzano@chu.ulg.ac.be,Navigation système de fichier,IT,2021-01-22,10:57:27,00:00:02
stefano.crapanzano@chu.ulg.ac.be,Navigation système de fichier,IT,2021-01-22,11:14:59,00:00:06
stefano.crapanzano@chu.ulg.ac.be,Navigation système de fichier,IT,2021-01-22,11:37:41,00:00:04
stefano.crapanzano@chu.ulg.ac.be,Navigation système de fichier,IT,2021-01-22,11:38:34,00:00:05
stefano.crapanzano@chu.ulg.ac.be,Navigation système de fichier,IT,2021-01-22,12:01:47,00:00:02
stefano.crapanzano@chu.ulg.ac.be,Navigation système de fichier,IT,2021-01-22,12:46:42,00:00:02
stefano.crapanzano@chu.ulg.ac.be,Navigation système de fichier,IT,2021-01-22,12:46:53,00:00:23
stefano.crapanzano@chu.ulg.ac.be,Navigation système de fichier,IT,2021-01-22,13:25:16,00:00:02
stefano.crapanzano@chu.ulg.ac.be,Configuration SAP [DokuWiki ERP] - Google Chrome,Tâches diverses,2021-01-22,08:38:53,00:00:02
stefano.crapanzano@chu.ulg.ac.be,Helpdesk ATI - Db Hardware Prod - Google Chrome,Tâches diverses,2021-01-22,08:54:23,00:00:33
stefano.crapanzano@chu.ulg.ac.be,Helpdesk ATI - Db Hardware Prod - Google Chrome,Tâches diverses,2021-01-22,08:55:33,00:00:11
stefano.crapanzano@chu.ulg.ac.be,Service MT - Google Chrome,Tâches diverses,2021-01-22,08:39:05,00:00:11
stefano.crapanzano@chu.ulg.ac.be,Service MT - Google Chrome,Tâches diverses,2021-01-22,08:43:58,00:00:32
stefano.crapanzano@chu.ulg.ac.be,Service MT - Google Chrome,Tâches diverses,2021-01-22,08:47:14,00:00:58
stefano.crapanzano@chu.ulg.ac.be,Service MT - Google Chrome,Tâches diverses,2021-01-22,08:51:31,00:00:47
stefano.crapanzano@chu.ulg.ac.be,Service MT - Google Chrome,Tâches diverses,2021-01-22,09:11:22,00:00:25
stefano.crapanzano@chu.ulg.ac.be,Service MT - Google Chrome,Tâches diverses,2021-01-22,09:12:25,00:00:02
stefano.crapanzano@chu.ulg.ac.be,Service MT - Google Chrome,Tâches diverses,2021-01-22,11:18:05,00:00:40
stefano.crapanzano@chu.ulg.ac.be,Service MT - Google Chrome,Tâches diverses,2021-01-22,13:01:21,00:01:52
stefano.crapanzano@chu.ulg.ac.be,Service MT - Google Chrome,Tâches diverses,2021-01-22,13:06:35,00:00:02
stefano.crapanzano@chu.ulg.ac.be,Service MT - Google Chrome,Tâches diverses,2021-01-22,13:09:18,00:00:02
stefano.crapanzano@chu.ulg.ac.be,Service MT - Google Chrome,Tâches diverses,2021-01-22,13:09:56,00:00:27
stefano.crapanzano@chu.ulg.ac.be,Service MT - Google Chrome,Tâches diverses,2021-01-22,13:20:28,00:00:03
stefano.crapanzano@chu.ulg.ac.be,Service MT - Google Chrome,Tâches diverses,2021-01-22,16:23:52,00:00:07
stefano.crapanzano@chu.ulg.ac.be,Identification - Google Chrome,Tâches diverses,2021-01-22,08:38:58,00:00:06
stefano.crapanzano@chu.ulg.ac.be,SAM - DB - Google Chrome,Tâches diverses,2021-01-22,08:39:21,00:03:38
stefano.crapanzano@chu.ulg.ac.be,SAM - DB - Google Chrome,Tâches diverses,2021-01-22,08:43:56,00:00:02
stefano.crapanzano@chu.ulg.ac.be,SAM - DB - Google Chrome,Tâches diverses,2021-01-22,08:44:52,00:00:46
stefano.crapanzano@chu.ulg.ac.be,SAM - DB - Google Chrome,Tâches diverses,2021-01-22,09:11:11,00:00:10
stefano.crapanzano@chu.ulg.ac.be,SAM - DB - Google Chrome,Tâches diverses,2021-01-22,09:11:47,00:00:04
stefano.crapanzano@chu.ulg.ac.be,SAM - DB - Google Chrome,Tâches diverses,2021-01-22,09:12:10,00:00:14
stefano.crapanzano@chu.ulg.ac.be,SAM - DB - Google Chrome,Tâches diverses,2021-01-22,13:06:38,00:00:03
stefano.crapanzano@chu.ulg.ac.be,SAM - DB - Google Chrome,Tâches diverses,2021-01-22,13:42:18,00:00:02
stefano.crapanzano@chu.ulg.ac.be,SURVEILLANCE_ZMMARTIKEL - erp.sai@chuliege.be - Outlook,Helpdesk général,2021-01-22,08:46:10,00:00:07
stefano.crapanzano@chu.ulg.ac.be,TR: Pop Up SAP - Message (Texte brut),Helpdesk général,2021-01-22,08:47:04,00:00:08
stefano.crapanzano@chu.ulg.ac.be,TR: Pop Up SAP - Message (Texte brut),Helpdesk général,2021-01-22,09:23:57,00:00:02
stefano.crapanzano@chu.ulg.ac.be,Greenshot capture form,Helpdesk général,2021-01-22,08:48:13,00:00:05
stefano.crapanzano@chu.ulg.ac.be,Greenshot capture form,Helpdesk général,2021-01-22,09:19:41,00:00:04
stefano.crapanzano@chu.ulg.ac.be,Greenshot capture form,Helpdesk général,2021-01-22,10:02:52,00:00:04
stefano.crapanzano@chu.ulg.ac.be,Sans titre - Message (HTML),Helpdesk général,2021-01-22,08:48:22,00:03:05
stefano.crapanzano@chu.ulg.ac.be,Sans titre - Message (HTML),Helpdesk général,2021-01-22,09:37:37,00:00:54
stefano.crapanzano@chu.ulg.ac.be,Espace disque sur - Message (HTML),Helpdesk général,2021-01-22,08:52:20,00:00:25
stefano.crapanzano@chu.ulg.ac.be,Espace disque sur - Message (HTML),Helpdesk général,2021-01-22,08:53:14,00:00:30
stefano.crapanzano@chu.ulg.ac.be,Netop Invité,Helpdesk général,2021-01-22,08:52:54,00:00:02
stefano.crapanzano@chu.ulg.ac.be,Netop Invité,Helpdesk général,2021-01-22,08:53:50,00:00:03
stefano.crapanzano@chu.ulg.ac.be,Netop Invité,Helpdesk général,2021-01-22,08:55:45,00:00:02
stefano.crapanzano@chu.ulg.ac.be,Netop Invité,Helpdesk général,2021-01-22,09:03:26,00:00:03
stefano.crapanzano@chu.ulg.ac.be,Netop,Helpdesk général,2021-01-22,08:52:57,00:00:02
stefano.crapanzano@chu.ulg.ac.be,Connexion à l'aide de l'authentification Windows,Helpdesk général,2021-01-22,08:52:59,00:00:02
stefano.crapanzano@chu.ulg.ac.be,Connexion à l'aide de l'authentification Windows,Helpdesk général,2021-01-22,08:55:49,00:00:03
stefano.crapanzano@chu.ulg.ac.be,Connexion à l'aide de l'authentification Windows,Helpdesk général,2021-01-22,09:11:59,00:00:02
stefano.crapanzano@chu.ulg.ac.be,192.168.96.224 - Netop Remote Control,Helpdesk général,2021-01-22,08:53:04,00:00:08
stefano.crapanzano@chu.ulg.ac.be,Espace disque sur disque D de 192.168.96.224 - Message (HTML),Helpdesk général,2021-01-22,08:53:44,00:00:06
stefano.crapanzano@chu.ulg.ac.be,dmi-w-0541 - Netop Remote Control,Helpdesk général,2021-01-22,08:55:54,00:02:00
stefano.crapanzano@chu.ulg.ac.be,dmi-w-0541 - Netop Remote Control,Helpdesk général,2021-01-22,08:58:06,00:05:18
stefano.crapanzano@chu.ulg.ac.be,Nouvel onglet - Google Chrome,Tâches diverses,2021-01-22,09:03:35,00:00:07
stefano.crapanzano@chu.ulg.ac.be,Nouvel onglet - Google Chrome,Tâches diverses,2021-01-22,09:04:32,00:00:08
stefano.crapanzano@chu.ulg.ac.be,Bienvenue! Vous pouvez poser une demande de Service Desk ERP for HealthCare parmi les options fournies. - Service d'assistance - Google Chrome,Tâches diverses,2021-01-22,09:03:43,00:00:14
stefano.crapanzano@chu.ulg.ac.be,Incident ERP for HealthCare - Bienvenue! Vous pouvez poser une demande de Service Desk ERP for HealthCare parmi les options fournies. - Service d'assistance - Google Chrome,Tâches diverses,2021-01-22,09:03:58,00:00:34
stefano.crapanzano@chu.ulg.ac.be,Incident ERP for HealthCare - Bienvenue! Vous pouvez poser une demande de Service Desk ERP for HealthCare parmi les options fournies. - Service d'assistance - Google Chrome,Tâches diverses,2021-01-22,09:04:43,00:00:38
stefano.crapanzano@chu.ulg.ac.be,Incident ERP for HealthCare - Bienvenue! Vous pouvez poser une demande de Service Desk ERP for HealthCare parmi les options fournies. - Service d'assistance - Google Chrome,Tâches diverses,2021-01-22,09:12:51,00:02:19
stefano.crapanzano@chu.ulg.ac.be,Incident ERP for HealthCare - Bienvenue! Vous pouvez poser une demande de Service Desk ERP for HealthCare parmi les options fournies. - Service d'assistance - Google Chrome,Tâches diverses,2021-01-22,09:15:24,00:00:12
stefano.crapanzano@chu.ulg.ac.be,Incident ERP for HealthCare - Bienvenue! Vous pouvez poser une demande de Service Desk ERP for HealthCare parmi les options fournies. - Service d'assistance - Google Chrome,Tâches diverses,2021-01-22,09:15:39,00:00:06
stefano.crapanzano@chu.ulg.ac.be,Incident ERP for HealthCare - Bienvenue! Vous pouvez poser une demande de Service Desk ERP for HealthCare parmi les options fournies. - Service d'assistance - Google Chrome,Tâches diverses,2021-01-22,09:15:47,00:00:20
stefano.crapanzano@chu.ulg.ac.be,Incident ERP for HealthCare - Bienvenue! Vous pouvez poser une demande de Service Desk ERP for HealthCare parmi les options fournies. - Service d'assistance - Google Chrome,Tâches diverses,2021-01-22,09:16:11,00:00:15
stefano.crapanzano@chu.ulg.ac.be,Incident ERP for HealthCare - Bienvenue! Vous pouvez poser une demande de Service Desk ERP for HealthCare parmi les options fournies. - Service d'assistance - Google Chrome,Tâches diverses,2021-01-22,09:16:31,00:00:04
stefano.crapanzano@chu.ulg.ac.be,Incident ERP for HealthCare - Bienvenue! Vous pouvez poser une demande de Service Desk ERP for HealthCare parmi les options fournies. - Service d'assistance - Google Chrome,Tâches diverses,2021-01-22,09:16:39,00:02:49
stefano.crapanzano@chu.ulg.ac.be,Incident ERP for HealthCare - Bienvenue! Vous pouvez poser une demande de Service Desk ERP for HealthCare parmi les options fournies. - Service d'assistance - Google Chrome,Tâches diverses,2021-01-22,09:19:58,00:00:52
stefano.crapanzano@chu.ulg.ac.be,Lecture documentation,Tâches diverses,2021-01-22,09:05:26,00:05:28
stefano.crapanzano@chu.ulg.ac.be,Lecture documentation,Tâches diverses,2021-01-22,09:12:37,00:00:10
stefano.crapanzano@chu.ulg.ac.be,Lecture documentation,Tâches diverses,2021-01-22,09:28:24,00:04:41
stefano.crapanzano@chu.ulg.ac.be,Lecture documentation,Tâches diverses,2021-01-22,09:40:28,00:04:33
stefano.crapanzano@chu.ulg.ac.be,Lecture documentation,Tâches diverses,2021-01-22,09:45:30,00:04:39
stefano.crapanzano@chu.ulg.ac.be,Lecture documentation,Tâches diverses,2021-01-22,09:52:32,00:05:22
stefano.crapanzano@chu.ulg.ac.be,Lecture documentation,Tâches diverses,2021-01-22,09:58:13,00:00:03
stefano.crapanzano@chu.ulg.ac.be,Lecture documentation,Tâches diverses,2021-01-22,09:58:19,00:00:02
stefano.crapanzano@chu.ulg.ac.be,Lecture documentation,Tâches diverses,2021-01-22,09:58:27,00:00:41
stefano.crapanzano@chu.ulg.ac.be,Lecture documentation,Tâches diverses,2021-01-22,10:01:42,00:00:07
stefano.crapanzano@chu.ulg.ac.be,Lecture documentation,Tâches diverses,2021-01-22,10:01:53,00:00:16
stefano.crapanzano@chu.ulg.ac.be,Lecture documentation,Tâches diverses,2021-01-22,10:04:00,00:00:19
stefano.crapanzano@chu.ulg.ac.be,Lecture documentation,Tâches diverses,2021-01-22,10:04:43,00:01:47
stefano.crapanzano@chu.ulg.ac.be,Lecture documentation,Tâches diverses,2021-01-22,10:08:03,00:00:04
stefano.crapanzano@chu.ulg.ac.be,Lecture documentation,Tâches diverses,2021-01-22,10:08:12,00:00:15
stefano.crapanzano@chu.ulg.ac.be,Lecture documentation,Tâches diverses,2021-01-22,10:08:37,00:00:09
stefano.crapanzano@chu.ulg.ac.be,Lecture documentation,Tâches diverses,2021-01-22,10:09:20,00:00:13
stefano.crapanzano@chu.ulg.ac.be,Lecture documentation,Tâches diverses,2021-01-22,10:09:36,00:00:08
stefano.crapanzano@chu.ulg.ac.be,Lecture documentation,Tâches diverses,2021-01-22,10:10:22,00:00:14
stefano.crapanzano@chu.ulg.ac.be,Lecture documentation,Tâches diverses,2021-01-22,10:11:01,00:00:08
stefano.crapanzano@chu.ulg.ac.be,Lecture documentation,Tâches diverses,2021-01-22,10:11:16,00:00:02
stefano.crapanzano@chu.ulg.ac.be,Lecture documentation,Tâches diverses,2021-01-22,10:11:42,00:00:46
stefano.crapanzano@chu.ulg.ac.be,Lecture documentation,Tâches diverses,2021-01-22,10:12:39,00:00:30
stefano.crapanzano@chu.ulg.ac.be,Lecture documentation,Tâches diverses,2021-01-22,10:13:26,00:00:18
stefano.crapanzano@chu.ulg.ac.be,Lecture documentation,Tâches diverses,2021-01-22,10:14:02,00:00:05
stefano.crapanzano@chu.ulg.ac.be,Lecture documentation,Tâches diverses,2021-01-22,10:14:14,00:00:02
stefano.crapanzano@chu.ulg.ac.be,Lecture documentation,Tâches diverses,2021-01-22,10:14:26,00:00:05
stefano.crapanzano@chu.ulg.ac.be,Lecture documentation,Tâches diverses,2021-01-22,10:14:38,00:00:02
stefano.crapanzano@chu.ulg.ac.be,Lecture documentation,Tâches diverses,2021-01-22,10:14:48,00:00:05
stefano.crapanzano@chu.ulg.ac.be,Lecture documentation,Tâches diverses,2021-01-22,10:15:01,00:00:03
stefano.crapanzano@chu.ulg.ac.be,Lecture documentation,Tâches diverses,2021-01-22,10:15:15,00:00:06
stefano.crapanzano@chu.ulg.ac.be,Lecture documentation,Tâches diverses,2021-01-22,10:15:27,00:00:02
stefano.crapanzano@chu.ulg.ac.be,Lecture documentation,Tâches diverses,2021-01-22,10:15:35,00:00:04
stefano.crapanzano@chu.ulg.ac.be,Lecture documentation,Tâches diverses,2021-01-22,10:15:45,00:00:26
stefano.crapanzano@chu.ulg.ac.be,Lecture documentation,Tâches diverses,2021-01-22,10:16:26,00:00:38
stefano.crapanzano@chu.ulg.ac.be,Lecture documentation,Tâches diverses,2021-01-22,10:17:08,00:00:14
stefano.crapanzano@chu.ulg.ac.be,Lecture documentation,Tâches diverses,2021-01-22,10:17:26,00:01:50
stefano.crapanzano@chu.ulg.ac.be,Lecture documentation,Tâches diverses,2021-01-22,10:19:41,00:00:23
stefano.crapanzano@chu.ulg.ac.be,Lecture documentation,Tâches diverses,2021-01-22,10:20:35,00:00:06
stefano.crapanzano@chu.ulg.ac.be,Lecture documentation,Tâches diverses,2021-01-22,10:20:49,00:00:07
stefano.crapanzano@chu.ulg.ac.be,Lecture documentation,Tâches diverses,2021-01-22,10:20:59,00:01:07
stefano.crapanzano@chu.ulg.ac.be,Lecture documentation,Tâches diverses,2021-01-22,10:22:46,00:00:10
stefano.crapanzano@chu.ulg.ac.be,Lecture documentation,Tâches diverses,2021-01-22,10:22:59,00:00:48
stefano.crapanzano@chu.ulg.ac.be,Lecture documentation,Tâches diverses,2021-01-22,10:23:49,00:00:03
stefano.crapanzano@chu.ulg.ac.be,Lecture documentation,Tâches diverses,2021-01-22,10:24:49,00:00:04
stefano.crapanzano@chu.ulg.ac.be,Lecture documentation,Tâches diverses,2021-01-22,10:25:20,00:00:03
stefano.crapanzano@chu.ulg.ac.be,Lecture documentation,Tâches diverses,2021-01-22,10:25:27,00:00:04
stefano.crapanzano@chu.ulg.ac.be,Lecture documentation,Tâches diverses,2021-01-22,10:25:43,00:00:03
stefano.crapanzano@chu.ulg.ac.be,Lecture documentation,Tâches diverses,2021-01-22,10:25:51,00:00:03
stefano.crapanzano@chu.ulg.ac.be,Lecture documentation,Tâches diverses,2021-01-22,10:25:58,00:00:19
stefano.crapanzano@chu.ulg.ac.be,Lecture documentation,Tâches diverses,2021-01-22,10:26:30,00:00:41
stefano.crapanzano@chu.ulg.ac.be,Lecture documentation,Tâches diverses,2021-01-22,10:27:17,00:00:15
stefano.crapanzano@chu.ulg.ac.be,Lecture documentation,Tâches diverses,2021-01-22,10:27:33,00:00:17
stefano.crapanzano@chu.ulg.ac.be,Lecture documentation,Tâches diverses,2021-01-22,10:28:03,00:00:39
stefano.crapanzano@chu.ulg.ac.be,Lecture documentation,Tâches diverses,2021-01-22,10:28:52,00:02:47
stefano.crapanzano@chu.ulg.ac.be,Lecture documentation,Tâches diverses,2021-01-22,10:32:06,00:00:26
stefano.crapanzano@chu.ulg.ac.be,Lecture documentation,Tâches diverses,2021-01-22,10:33:16,00:00:13
stefano.crapanzano@chu.ulg.ac.be,Lecture documentation,Tâches diverses,2021-01-22,10:33:46,00:00:36
stefano.crapanzano@chu.ulg.ac.be,Lecture documentation,Tâches diverses,2021-01-22,10:34:36,00:00:07
stefano.crapanzano@chu.ulg.ac.be,Lecture documentation,Tâches diverses,2021-01-22,10:34:55,00:00:45
stefano.crapanzano@chu.ulg.ac.be,Lecture documentation,Tâches diverses,2021-01-22,10:35:54,00:00:17
stefano.crapanzano@chu.ulg.ac.be,Lecture documentation,Tâches diverses,2021-01-22,10:36:16,00:00:08
stefano.crapanzano@chu.ulg.ac.be,Lecture documentation,Tâches diverses,2021-01-22,10:36:54,00:00:02
stefano.crapanzano@chu.ulg.ac.be,Lecture documentation,Tâches diverses,2021-01-22,10:37:24,00:00:48
stefano.crapanzano@chu.ulg.ac.be,Lecture documentation,Tâches diverses,2021-01-22,10:38:21,00:00:38
stefano.crapanzano@chu.ulg.ac.be,Lecture documentation,Tâches diverses,2021-01-22,10:39:00,00:00:07
stefano.crapanzano@chu.ulg.ac.be,Lecture documentation,Tâches diverses,2021-01-22,10:39:43,00:01:01
stefano.crapanzano@chu.ulg.ac.be,Lecture documentation,Tâches diverses,2021-01-22,10:41:09,00:00:22
stefano.crapanzano@chu.ulg.ac.be,Lecture documentation,Tâches diverses,2021-01-22,10:41:54,00:00:20
stefano.crapanzano@chu.ulg.ac.be,Lecture documentation,Tâches diverses,2021-01-22,10:42:23,00:00:07
stefano.crapanzano@chu.ulg.ac.be,Lecture documentation,Tâches diverses,2021-01-22,10:42:42,00:00:31
stefano.crapanzano@chu.ulg.ac.be,Lecture documentation,Tâches diverses,2021-01-22,10:47:35,00:02:42
stefano.crapanzano@chu.ulg.ac.be,Lecture documentation,Tâches diverses,2021-01-22,10:50:34,00:00:17
stefano.crapanzano@chu.ulg.ac.be,Lecture documentation,Tâches diverses,2021-01-22,10:54:12,00:01:00
stefano.crapanzano@chu.ulg.ac.be,Lecture documentation,Tâches diverses,2021-01-22,10:58:48,00:00:08
stefano.crapanzano@chu.ulg.ac.be,Lecture documentation,Tâches diverses,2021-01-22,10:59:32,00:00:28
stefano.crapanzano@chu.ulg.ac.be,Lecture documentation,Tâches diverses,2021-01-22,11:00:10,00:00:48
stefano.crapanzano@chu.ulg.ac.be,Lecture documentation,Tâches diverses,2021-01-22,11:01:16,00:00:06
stefano.crapanzano@chu.ulg.ac.be,Lecture documentation,Tâches diverses,2021-01-22,11:01:26,00:00:04
stefano.crapanzano@chu.ulg.ac.be,Lecture documentation,Tâches diverses,2021-01-22,11:01:37,00:00:12
stefano.crapanzano@chu.ulg.ac.be,Lecture documentation,Tâches diverses,2021-01-22,11:02:14,00:00:06
stefano.crapanzano@chu.ulg.ac.be,Lecture documentation,Tâches diverses,2021-01-22,11:02:53,00:00:03
stefano.crapanzano@chu.ulg.ac.be,Lecture documentation,Tâches diverses,2021-01-22,11:03:15,00:00:06
stefano.crapanzano@chu.ulg.ac.be,Lecture documentation,Tâches diverses,2021-01-22,11:04:12,00:00:52
stefano.crapanzano@chu.ulg.ac.be,Lecture documentation,Tâches diverses,2021-01-22,11:05:15,00:00:12
stefano.crapanzano@chu.ulg.ac.be,Lecture documentation,Tâches diverses,2021-01-22,11:06:22,00:02:15
stefano.crapanzano@chu.ulg.ac.be,Lecture documentation,Tâches diverses,2021-01-22,11:08:52,00:00:07
stefano.crapanzano@chu.ulg.ac.be,Lecture documentation,Tâches diverses,2021-01-22,11:09:17,00:00:42
stefano.crapanzano@chu.ulg.ac.be,Lecture documentation,Tâches diverses,2021-01-22,11:12:07,00:01:43
stefano.crapanzano@chu.ulg.ac.be,Lecture documentation,Tâches diverses,2021-01-22,11:20:20,00:01:01
stefano.crapanzano@chu.ulg.ac.be,Lecture documentation,Tâches diverses,2021-01-22,11:27:23,00:00:14
stefano.crapanzano@chu.ulg.ac.be,Lecture documentation,Tâches diverses,2021-01-22,11:28:11,00:01:09
stefano.crapanzano@chu.ulg.ac.be,Lecture documentation,Tâches diverses,2021-01-22,11:29:22,00:02:52
stefano.crapanzano@chu.ulg.ac.be,Lecture documentation,Tâches diverses,2021-01-22,11:32:18,00:01:17
stefano.crapanzano@chu.ulg.ac.be,Lecture documentation,Tâches diverses,2021-01-22,11:35:01,00:00:12
stefano.crapanzano@chu.ulg.ac.be,Lecture documentation,Tâches diverses,2021-01-22,11:36:07,00:00:04
stefano.crapanzano@chu.ulg.ac.be,Lecture documentation,Tâches diverses,2021-01-22,11:36:13,00:00:02
stefano.crapanzano@chu.ulg.ac.be,Lecture documentation,Tâches diverses,2021-01-22,11:36:21,00:00:02
stefano.crapanzano@chu.ulg.ac.be,Lecture documentation,Tâches diverses,2021-01-22,11:36:43,00:00:16
stefano.crapanzano@chu.ulg.ac.be,Lecture documentation,Tâches diverses,2021-01-22,11:37:15,00:00:12
stefano.crapanzano@chu.ulg.ac.be,Lecture documentation,Tâches diverses,2021-01-22,11:38:16,00:00:11
stefano.crapanzano@chu.ulg.ac.be,Lecture documentation,Tâches diverses,2021-01-22,11:45:38,00:00:25
stefano.crapanzano@chu.ulg.ac.be,Lecture documentation,Tâches diverses,2021-01-22,11:46:41,00:00:25
stefano.crapanzano@chu.ulg.ac.be,Lecture documentation,Tâches diverses,2021-01-22,11:47:16,00:00:22
stefano.crapanzano@chu.ulg.ac.be,Lecture documentation,Tâches diverses,2021-01-22,11:48:40,00:00:48
stefano.crapanzano@chu.ulg.ac.be,Lecture documentation,Tâches diverses,2021-01-22,11:50:23,00:00:23
stefano.crapanzano@chu.ulg.ac.be,Lecture documentation,Tâches diverses,2021-01-22,11:51:41,00:00:17
stefano.crapanzano@chu.ulg.ac.be,Lecture documentation,Tâches diverses,2021-01-22,11:52:53,00:00:30
stefano.crapanzano@chu.ulg.ac.be,Lecture documentation,Tâches diverses,2021-01-22,11:53:57,00:00:22
stefano.crapanzano@chu.ulg.ac.be,Lecture documentation,Tâches diverses,2021-01-22,11:54:26,00:00:59
stefano.crapanzano@chu.ulg.ac.be,Lecture documentation,Tâches diverses,2021-01-22,11:56:01,00:00:15
stefano.crapanzano@chu.ulg.ac.be,Lecture documentation,Tâches diverses,2021-01-22,11:57:12,00:00:02
stefano.crapanzano@chu.ulg.ac.be,Lecture documentation,Tâches diverses,2021-01-22,11:58:48,00:01:13
stefano.crapanzano@chu.ulg.ac.be,Lecture documentation,Tâches diverses,2021-01-22,12:00:27,00:00:03
stefano.crapanzano@chu.ulg.ac.be,Lecture documentation,Tâches diverses,2021-01-22,12:00:50,00:00:57
stefano.crapanzano@chu.ulg.ac.be,Lecture documentation,Tâches diverses,2021-01-22,12:01:57,00:00:13
stefano.crapanzano@chu.ulg.ac.be,Lecture documentation,Tâches diverses,2021-01-22,12:02:40,00:00:33
stefano.crapanzano@chu.ulg.ac.be,Lecture documentation,Tâches diverses,2021-01-22,12:05:13,00:00:15
stefano.crapanzano@chu.ulg.ac.be,Lecture documentation,Tâches diverses,2021-01-22,12:05:39,00:00:08
stefano.crapanzano@chu.ulg.ac.be,Lecture documentation,Tâches diverses,2021-01-22,12:06:47,00:00:04
stefano.crapanzano@chu.ulg.ac.be,Lecture documentation,Tâches diverses,2021-01-22,12:06:58,00:00:04
stefano.crapanzano@chu.ulg.ac.be,Lecture documentation,Tâches diverses,2021-01-22,12:07:13,00:00:22
stefano.crapanzano@chu.ulg.ac.be,Lecture documentation,Tâches diverses,2021-01-22,12:07:56,00:00:20
stefano.crapanzano@chu.ulg.ac.be,Lecture documentation,Tâches diverses,2021-01-22,12:10:23,00:00:25
stefano.crapanzano@chu.ulg.ac.be,Lecture documentation,Tâches diverses,2021-01-22,12:12:28,00:00:23
stefano.crapanzano@chu.ulg.ac.be,Lecture documentation,Tâches diverses,2021-01-22,12:12:58,00:00:03
stefano.crapanzano@chu.ulg.ac.be,Lecture documentation,Tâches diverses,2021-01-22,12:13:17,00:00:04
stefano.crapanzano@chu.ulg.ac.be,Lecture documentation,Tâches diverses,2021-01-22,12:13:30,00:01:24
stefano.crapanzano@chu.ulg.ac.be,Lecture documentation,Tâches diverses,2021-01-22,12:16:09,00:00:02
stefano.crapanzano@chu.ulg.ac.be,Lecture documentation,Tâches diverses,2021-01-22,12:16:28,00:00:19
stefano.crapanzano@chu.ulg.ac.be,Lecture documentation,Tâches diverses,2021-01-22,12:18:23,00:00:09
stefano.crapanzano@chu.ulg.ac.be,Lecture documentation,Tâches diverses,2021-01-22,12:19:21,00:00:02
stefano.crapanzano@chu.ulg.ac.be,Lecture documentation,Tâches diverses,2021-01-22,12:19:50,00:00:09
stefano.crapanzano@chu.ulg.ac.be,Lecture documentation,Tâches diverses,2021-01-22,12:20:28,00:00:03
stefano.crapanzano@chu.ulg.ac.be,Lecture documentation,Tâches diverses,2021-01-22,12:20:37,00:00:15
stefano.crapanzano@chu.ulg.ac.be,Lecture documentation,Tâches diverses,2021-01-22,12:20:57,00:00:39
stefano.crapanzano@chu.ulg.ac.be,Lecture documentation,Tâches diverses,2021-01-22,12:23:35,00:00:06
stefano.crapanzano@chu.ulg.ac.be,Lecture documentation,Tâches diverses,2021-01-22,12:24:17,00:00:16
stefano.crapanzano@chu.ulg.ac.be,Lecture documentation,Tâches diverses,2021-01-22,12:24:41,00:00:14
stefano.crapanzano@chu.ulg.ac.be,Lecture documentation,Tâches diverses,2021-01-22,12:25:13,00:00:08
stefano.crapanzano@chu.ulg.ac.be,Lecture documentation,Tâches diverses,2021-01-22,12:25:30,00:01:13
stefano.crapanzano@chu.ulg.ac.be,Lecture documentation,Tâches diverses,2021-01-22,12:27:07,00:00:06
stefano.crapanzano@chu.ulg.ac.be,Lecture documentation,Tâches diverses,2021-01-22,12:27:33,00:00:06
stefano.crapanzano@chu.ulg.ac.be,Lecture documentation,Tâches diverses,2021-01-22,12:27:50,00:12:19
stefano.crapanzano@chu.ulg.ac.be,Lecture documentation,Tâches diverses,2021-01-22,12:44:15,00:02:27
stefano.crapanzano@chu.ulg.ac.be,Lecture documentation,Tâches diverses,2021-01-22,12:47:16,00:13:57
stefano.crapanzano@chu.ulg.ac.be,Lecture documentation,Tâches diverses,2021-01-22,13:06:41,00:00:45
stefano.crapanzano@chu.ulg.ac.be,Lecture documentation,Tâches diverses,2021-01-22,13:09:20,00:00:22
stefano.crapanzano@chu.ulg.ac.be,Lecture documentation,Tâches diverses,2021-01-22,13:15:37,00:01:25
stefano.crapanzano@chu.ulg.ac.be,Lecture documentation,Tâches diverses,2021-01-22,13:17:06,00:00:36
stefano.crapanzano@chu.ulg.ac.be,Lecture documentation,Tâches diverses,2021-01-22,13:20:42,00:00:28
stefano.crapanzano@chu.ulg.ac.be,Lecture documentation,Tâches diverses,2021-01-22,13:21:43,00:01:55
stefano.crapanzano@chu.ulg.ac.be,Lecture documentation,Tâches diverses,2021-01-22,13:24:05,00:00:55
stefano.crapanzano@chu.ulg.ac.be,Lecture documentation,Tâches diverses,2021-01-22,13:25:07,00:00:08
stefano.crapanzano@chu.ulg.ac.be,Lecture documentation,Tâches diverses,2021-01-22,13:25:47,00:00:04
stefano.crapanzano@chu.ulg.ac.be,Lecture documentation,Tâches diverses,2021-01-22,13:26:02,00:00:08
stefano.crapanzano@chu.ulg.ac.be,Lecture documentation,Tâches diverses,2021-01-22,13:26:43,00:00:47
stefano.crapanzano@chu.ulg.ac.be,Lecture documentation,Tâches diverses,2021-01-22,13:27:46,00:00:02
stefano.crapanzano@chu.ulg.ac.be,Lecture documentation,Tâches diverses,2021-01-22,13:28:48,00:03:42
stefano.crapanzano@chu.ulg.ac.be,Lecture documentation,Tâches diverses,2021-01-22,13:33:07,00:09:11
stefano.crapanzano@chu.ulg.ac.be,Lecture documentation,Tâches diverses,2021-01-22,13:42:43,00:02:53
stefano.crapanzano@chu.ulg.ac.be,Lecture documentation,Tâches diverses,2021-01-22,14:00:24,00:00:33
stefano.crapanzano@chu.ulg.ac.be,Lecture documentation,Tâches diverses,2021-01-22,14:01:12,00:00:31
stefano.crapanzano@chu.ulg.ac.be,Lecture documentation,Tâches diverses,2021-01-22,14:02:42,00:00:36
stefano.crapanzano@chu.ulg.ac.be,Lecture documentation,Tâches diverses,2021-01-22,14:04:00,00:00:34
stefano.crapanzano@chu.ulg.ac.be,Lecture documentation,Tâches diverses,2021-01-22,14:15:49,00:00:29
stefano.crapanzano@chu.ulg.ac.be,Lecture documentation,Tâches diverses,2021-01-22,14:17:20,00:00:30
stefano.crapanzano@chu.ulg.ac.be,Lecture documentation,Tâches diverses,2021-01-22,14:23:23,00:01:22
stefano.crapanzano@chu.ulg.ac.be,Lecture documentation,Tâches diverses,2021-01-22,14:25:38,00:00:33
stefano.crapanzano@chu.ulg.ac.be,Lecture documentation,Tâches diverses,2021-01-22,14:26:49,00:02:06
stefano.crapanzano@chu.ulg.ac.be,Lecture documentation,Tâches diverses,2021-01-22,14:31:54,00:00:34
stefano.crapanzano@chu.ulg.ac.be,Lecture documentation,Tâches diverses,2021-01-22,14:33:37,00:00:17
stefano.crapanzano@chu.ulg.ac.be,Lecture documentation,Tâches diverses,2021-01-22,14:34:47,00:02:01
stefano.crapanzano@chu.ulg.ac.be,Lecture documentation,Tâches diverses,2021-01-22,14:39:56,00:00:20
stefano.crapanzano@chu.ulg.ac.be,Lecture documentation,Tâches diverses,2021-01-22,14:42:35,00:00:31
stefano.crapanzano@chu.ulg.ac.be,Lecture documentation,Tâches diverses,2021-01-22,14:44:16,00:00:20
stefano.crapanzano@chu.ulg.ac.be,Lecture documentation,Tâches diverses,2021-01-22,14:44:40,00:00:06
stefano.crapanzano@chu.ulg.ac.be,Lecture documentation,Tâches diverses,2021-01-22,14:50:38,00:00:20
stefano.crapanzano@chu.ulg.ac.be,Lecture documentation,Tâches diverses,2021-01-22,14:51:11,00:00:03
stefano.crapanzano@chu.ulg.ac.be,Lecture documentation,Tâches diverses,2021-01-22,14:51:37,00:00:14
stefano.crapanzano@chu.ulg.ac.be,Lecture documentation,Tâches diverses,2021-01-22,14:53:03,00:00:42
stefano.crapanzano@chu.ulg.ac.be,Lecture documentation,Tâches diverses,2021-01-22,14:54:30,00:02:06
stefano.crapanzano@chu.ulg.ac.be,Lecture documentation,Tâches diverses,2021-01-22,14:56:49,00:00:37
stefano.crapanzano@chu.ulg.ac.be,Lecture documentation,Tâches diverses,2021-01-22,14:58:16,00:00:36
stefano.crapanzano@chu.ulg.ac.be,Lecture documentation,Tâches diverses,2021-01-22,14:59:42,00:00:20
stefano.crapanzano@chu.ulg.ac.be,Lecture documentation,Tâches diverses,2021-01-22,15:01:47,00:01:22
stefano.crapanzano@chu.ulg.ac.be,Lecture documentation,Tâches diverses,2021-01-22,15:04:38,00:02:06
stefano.crapanzano@chu.ulg.ac.be,Lecture documentation,Tâches diverses,2021-01-22,15:10:35,00:01:51
stefano.crapanzano@chu.ulg.ac.be,Lecture documentation,Tâches diverses,2021-01-22,15:13:27,00:00:46
stefano.crapanzano@chu.ulg.ac.be,Lecture documentation,Tâches diverses,2021-01-22,15:19:28,00:00:15
stefano.crapanzano@chu.ulg.ac.be,Lecture documentation,Tâches diverses,2021-01-22,15:19:45,00:00:11
stefano.crapanzano@chu.ulg.ac.be,Lecture documentation,Tâches diverses,2021-01-22,15:20:31,00:00:06
stefano.crapanzano@chu.ulg.ac.be,Lecture documentation,Tâches diverses,2021-01-22,15:21:04,00:00:13
stefano.crapanzano@chu.ulg.ac.be,Lecture documentation,Tâches diverses,2021-01-22,15:21:39,00:00:39
stefano.crapanzano@chu.ulg.ac.be,Lecture documentation,Tâches diverses,2021-01-22,15:22:47,00:00:26
stefano.crapanzano@chu.ulg.ac.be,Lecture documentation,Tâches diverses,2021-01-22,15:24:12,00:00:48
stefano.crapanzano@chu.ulg.ac.be,Lecture documentation,Tâches diverses,2021-01-22,15:26:05,00:00:08
stefano.crapanzano@chu.ulg.ac.be,Lecture documentation,Tâches diverses,2021-01-22,15:27:23,00:00:40
stefano.crapanzano@chu.ulg.ac.be,Lecture documentation,Tâches diverses,2021-01-22,15:28:25,00:00:15
stefano.crapanzano@chu.ulg.ac.be,Lecture documentation,Tâches diverses,2021-01-22,15:29:31,00:00:16
stefano.crapanzano@chu.ulg.ac.be,Lecture documentation,Tâches diverses,2021-01-22,15:29:53,00:00:27
stefano.crapanzano@chu.ulg.ac.be,Lecture documentation,Tâches diverses,2021-01-22,15:31:21,00:00:16
stefano.crapanzano@chu.ulg.ac.be,Lecture documentation,Tâches diverses,2021-01-22,15:31:49,00:00:18
stefano.crapanzano@chu.ulg.ac.be,Lecture documentation,Tâches diverses,2021-01-22,15:32:19,00:00:17
stefano.crapanzano@chu.ulg.ac.be,Lecture documentation,Tâches diverses,2021-01-22,15:32:58,00:00:26
stefano.crapanzano@chu.ulg.ac.be,Lecture documentation,Tâches diverses,2021-01-22,15:33:48,00:00:11
stefano.crapanzano@chu.ulg.ac.be,Lecture documentation,Tâches diverses,2021-01-22,15:34:16,00:00:17
stefano.crapanzano@chu.ulg.ac.be,Lecture documentation,Tâches diverses,2021-01-22,15:36:38,00:00:18
stefano.crapanzano@chu.ulg.ac.be,Lecture documentation,Tâches diverses,2021-01-22,15:37:15,00:00:02
stefano.crapanzano@chu.ulg.ac.be,Lecture documentation,Tâches diverses,2021-01-22,15:37:47,00:00:05
stefano.crapanzano@chu.ulg.ac.be,Lecture documentation,Tâches diverses,2021-01-22,15:38:21,00:00:29
stefano.crapanzano@chu.ulg.ac.be,Lecture documentation,Tâches diverses,2021-01-22,15:39:09,00:00:04
stefano.crapanzano@chu.ulg.ac.be,Lecture documentation,Tâches diverses,2021-01-22,15:40:35,00:00:05
stefano.crapanzano@chu.ulg.ac.be,Lecture documentation,Tâches diverses,2021-01-22,15:45:51,00:00:38
stefano.crapanzano@chu.ulg.ac.be,Lecture documentation,Tâches diverses,2021-01-22,15:46:52,00:00:19
stefano.crapanzano@chu.ulg.ac.be,Lecture documentation,Tâches diverses,2021-01-22,15:49:01,00:00:14
stefano.crapanzano@chu.ulg.ac.be,Lecture documentation,Tâches diverses,2021-01-22,15:50:37,00:01:09
stefano.crapanzano@chu.ulg.ac.be,Lecture documentation,Tâches diverses,2021-01-22,15:54:04,00:00:16
stefano.crapanzano@chu.ulg.ac.be,Lecture documentation,Tâches diverses,2021-01-22,15:56:06,00:00:20
stefano.crapanzano@chu.ulg.ac.be,Lecture documentation,Tâches diverses,2021-01-22,15:56:32,00:00:48
stefano.crapanzano@chu.ulg.ac.be,Lecture documentation,Tâches diverses,2021-01-22,15:58:26,00:01:45
stefano.crapanzano@chu.ulg.ac.be,Lecture documentation,Tâches diverses,2021-01-22,16:14:45,00:00:31
stefano.crapanzano@chu.ulg.ac.be,Lecture documentation,Tâches diverses,2021-01-22,16:15:31,00:00:09
stefano.crapanzano@chu.ulg.ac.be,Lecture documentation,Tâches diverses,2021-01-22,16:16:12,00:00:14
stefano.crapanzano@chu.ulg.ac.be,Lecture documentation,Tâches diverses,2021-01-22,16:16:40,00:00:19
stefano.crapanzano@chu.ulg.ac.be,Lecture documentation,Tâches diverses,2021-01-22,16:17:18,00:01:21
stefano.crapanzano@chu.ulg.ac.be,Lecture documentation,Tâches diverses,2021-01-22,16:19:46,00:00:33
stefano.crapanzano@chu.ulg.ac.be,Lecture documentation,Tâches diverses,2021-01-22,16:21:18,00:01:34
stefano.crapanzano@chu.ulg.ac.be,Lecture documentation,Tâches diverses,2021-01-22,16:24:03,00:00:23
stefano.crapanzano@chu.ulg.ac.be,Lecture documentation,Tâches diverses,2021-01-22,16:29:21,00:00:08
stefano.crapanzano@chu.ulg.ac.be,Lecture documentation,Tâches diverses,2021-01-22,16:34:55,00:01:15
stefano.crapanzano@chu.ulg.ac.be,Lecture documentation,Tâches diverses,2021-01-22,16:37:21,00:02:27
stefano.crapanzano@chu.ulg.ac.be,Lecture documentation,Tâches diverses,2021-01-22,16:40:58,00:03:23
stefano.crapanzano@chu.ulg.ac.be,Lecture documentation,Tâches diverses,2021-01-22,16:44:47,00:00:29
stefano.crapanzano@chu.ulg.ac.be,Lecture documentation,Tâches diverses,2021-01-22,16:47:01,00:00:47
stefano.crapanzano@chu.ulg.ac.be,Lecture documentation,Tâches diverses,2021-01-22,16:47:50,00:00:25
stefano.crapanzano@chu.ulg.ac.be,Lecture documentation,Tâches diverses,2021-01-22,16:48:22,00:01:31
stefano.crapanzano@chu.ulg.ac.be,Lecture documentation,Tâches diverses,2021-01-22,16:50:58,00:02:01
stefano.crapanzano@chu.ulg.ac.be,Lecture documentation,Tâches diverses,2021-01-22,16:53:09,00:00:03
stefano.crapanzano@chu.ulg.ac.be,Lecture documentation,Tâches diverses,2021-01-22,16:53:53,00:00:46
stefano.crapanzano@chu.ulg.ac.be,Lecture documentation,Tâches diverses,2021-01-22,16:55:25,00:07:44
stefano.crapanzano@chu.ulg.ac.be,si-s-serv616 - Netop Remote Control,Helpdesk général,2021-01-22,09:12:03,00:00:04
stefano.crapanzano@chu.ulg.ac.be,SAP Logon 750,Tâches diverses,2021-01-22,09:15:10,00:00:03
stefano.crapanzano@chu.ulg.ac.be,SAP Easy Access Menu de base Applications financières-économiques,Exploration SAP,2021-01-22,09:15:14,00:00:04
stefano.crapanzano@chu.ulg.ac.be,un panier - Internet Explorer,Tâches diverses,2021-01-22,09:16:35,00:00:03
stefano.crapanzano@chu.ulg.ac.be,Pop Up SAP.docx [Lecture seule] - Word,Helpdesk général,2021-01-22,09:19:46,00:00:02
stefano.crapanzano@chu.ulg.ac.be,Ouvrir,Tâches diverses,2021-01-22,09:19:48,00:00:09
stefano.crapanzano@chu.ulg.ac.be,Popup vide apparait constamment dans SSP - Bienvenue! Vous pouvez poser une demande de Service Desk ERP for HealthCare parmi les options fournies. - Service d'assistance - Google Chrome,Tâches diverses,2021-01-22,09:20:51,00:00:05
stefano.crapanzano@chu.ulg.ac.be,Popup vide apparait constamment dans SSP - Bienvenue! Vous pouvez poser une demande de Service Desk ERP for HealthCare parmi les options fournies. - Service d'assistance - Google Chrome,Tâches diverses,2021-01-22,09:21:05,00:00:03
stefano.crapanzano@chu.ulg.ac.be,Popup vide apparait constamment dans SSP - Bienvenue! Vous pouvez poser une demande de Service Desk ERP for HealthCare parmi les options fournies. - Service d'assistance - Google Chrome,Tâches diverses,2021-01-22,11:15:07,00:00:13
stefano.crapanzano@chu.ulg.ac.be,Popup vide apparait constamment dans SSP - Bienvenue! Vous pouvez poser une demande de Service Desk ERP for HealthCare parmi les options fournies. - Service d'assistance - Google Chrome,Tâches diverses,2021-01-22,11:15:31,00:00:55
stefano.crapanzano@chu.ulg.ac.be,RE: Pop Up SAP - Message (Texte brut),Helpdesk général,2021-01-22,09:20:59,00:00:03
stefano.crapanzano@chu.ulg.ac.be,RE: Pop Up SAP - Message (Texte brut),Helpdesk général,2021-01-22,09:21:10,00:00:04
stefano.crapanzano@chu.ulg.ac.be,SDERP-17682 Pop Up SAP - Message (Texte brut),Helpdesk général,2021-01-22,09:21:15,00:02:39
stefano.crapanzano@chu.ulg.ac.be,Stefano CRAPANZANO - erp.sai@chuliege.be - Outlook,Helpdesk général,2021-01-22,09:25:18,00:00:03
stefano.crapanzano@chu.ulg.ac.be,Sent - erp.sai@chuliege.be - Outlook,Helpdesk général,2021-01-22,09:25:22,00:00:18
stefano.crapanzano@chu.ulg.ac.be,Sent - erp.sai@chuliege.be - Outlook,Helpdesk général,2021-01-22,10:53:32,00:00:04
stefano.crapanzano@chu.ulg.ac.be,Sent - erp.sai@chuliege.be - Outlook,Helpdesk général,2021-01-22,11:14:00,00:00:07
stefano.crapanzano@chu.ulg.ac.be,Sent - erp.sai@chuliege.be - Outlook,Helpdesk général,2021-01-22,11:14:10,00:00:16
stefano.crapanzano@chu.ulg.ac.be,Sent - erp.sai@chuliege.be - Outlook,Helpdesk général,2021-01-22,11:14:33,00:00:24
stefano.crapanzano@chu.ulg.ac.be,Sent - erp.sai@chuliege.be - Outlook,Helpdesk général,2021-01-22,13:11:38,00:00:10
stefano.crapanzano@chu.ulg.ac.be,Sent - erp.sai@chuliege.be - Outlook,Helpdesk général,2021-01-22,13:18:58,00:00:52
stefano.crapanzano@chu.ulg.ac.be,Paramètres du compte,Helpdesk général,2021-01-22,09:27:56,00:00:02
stefano.crapanzano@chu.ulg.ac.be,Zimbra Paramètres de configuration du serveur,Helpdesk général,2021-01-22,09:27:59,00:00:20
stefano.crapanzano@chu.ulg.ac.be,Programmation,IT,2021-01-22,09:45:25,00:00:04
stefano.crapanzano@chu.ulg.ac.be,Programmation,IT,2021-01-22,09:50:09,00:02:23
stefano.crapanzano@chu.ulg.ac.be,Programmation,IT,2021-01-22,09:57:54,00:00:18
stefano.crapanzano@chu.ulg.ac.be,Programmation,IT,2021-01-22,09:59:09,00:00:07
stefano.crapanzano@chu.ulg.ac.be,Programmation,IT,2021-01-22,10:08:00,00:00:03
stefano.crapanzano@chu.ulg.ac.be,Programmation,IT,2021-01-22,10:08:07,00:00:04
stefano.crapanzano@chu.ulg.ac.be,Programmation,IT,2021-01-22,10:08:27,00:00:09
stefano.crapanzano@chu.ulg.ac.be,Programmation,IT,2021-01-22,10:08:47,00:00:33
stefano.crapanzano@chu.ulg.ac.be,Programmation,IT,2021-01-22,10:09:44,00:00:37
stefano.crapanzano@chu.ulg.ac.be,Programmation,IT,2021-01-22,10:10:36,00:00:25
stefano.crapanzano@chu.ulg.ac.be,Programmation,IT,2021-01-22,10:11:10,00:00:05
stefano.crapanzano@chu.ulg.ac.be,Programmation,IT,2021-01-22,10:11:18,00:00:24
stefano.crapanzano@chu.ulg.ac.be,Programmation,IT,2021-01-22,10:12:28,00:00:11
stefano.crapanzano@chu.ulg.ac.be,Programmation,IT,2021-01-22,10:13:10,00:00:15
stefano.crapanzano@chu.ulg.ac.be,Programmation,IT,2021-01-22,10:13:44,00:00:17
stefano.crapanzano@chu.ulg.ac.be,Programmation,IT,2021-01-22,10:14:07,00:00:06
stefano.crapanzano@chu.ulg.ac.be,Programmation,IT,2021-01-22,10:14:16,00:00:02
stefano.crapanzano@chu.ulg.ac.be,Programmation,IT,2021-01-22,10:14:20,00:00:06
stefano.crapanzano@chu.ulg.ac.be,Programmation,IT,2021-01-22,10:14:32,00:00:06
stefano.crapanzano@chu.ulg.ac.be,Programmation,IT,2021-01-22,10:14:40,00:00:07
stefano.crapanzano@chu.ulg.ac.be,Programmation,IT,2021-01-22,10:14:54,00:00:07
stefano.crapanzano@chu.ulg.ac.be,Programmation,IT,2021-01-22,10:15:05,00:00:09
stefano.crapanzano@chu.ulg.ac.be,Programmation,IT,2021-01-22,10:15:21,00:00:05
stefano.crapanzano@chu.ulg.ac.be,Programmation,IT,2021-01-22,10:15:29,00:00:06
stefano.crapanzano@chu.ulg.ac.be,Programmation,IT,2021-01-22,10:16:11,00:00:15
stefano.crapanzano@chu.ulg.ac.be,Programmation,IT,2021-01-22,10:17:05,00:00:03
stefano.crapanzano@chu.ulg.ac.be,Programmation,IT,2021-01-22,10:17:23,00:00:03
stefano.crapanzano@chu.ulg.ac.be,Programmation,IT,2021-01-22,10:19:16,00:00:24
stefano.crapanzano@chu.ulg.ac.be,Programmation,IT,2021-01-22,10:20:04,00:00:30
stefano.crapanzano@chu.ulg.ac.be,Programmation,IT,2021-01-22,10:20:42,00:00:07
stefano.crapanzano@chu.ulg.ac.be,Programmation,IT,2021-01-22,10:20:57,00:00:02
stefano.crapanzano@chu.ulg.ac.be,Programmation,IT,2021-01-22,10:22:06,00:00:16
stefano.crapanzano@chu.ulg.ac.be,Programmation,IT,2021-01-22,10:23:52,00:00:57
stefano.crapanzano@chu.ulg.ac.be,Programmation,IT,2021-01-22,10:24:54,00:00:26
stefano.crapanzano@chu.ulg.ac.be,Programmation,IT,2021-01-22,10:25:24,00:00:03
stefano.crapanzano@chu.ulg.ac.be,Programmation,IT,2021-01-22,10:25:31,00:00:12
stefano.crapanzano@chu.ulg.ac.be,Programmation,IT,2021-01-22,10:25:47,00:00:04
stefano.crapanzano@chu.ulg.ac.be,Programmation,IT,2021-01-22,10:25:54,00:00:02
stefano.crapanzano@chu.ulg.ac.be,Programmation,IT,2021-01-22,10:26:18,00:00:09
stefano.crapanzano@chu.ulg.ac.be,Programmation,IT,2021-01-22,10:27:11,00:00:05
stefano.crapanzano@chu.ulg.ac.be,Programmation,IT,2021-01-22,10:27:51,00:00:12
stefano.crapanzano@chu.ulg.ac.be,Programmation,IT,2021-01-22,10:28:43,00:00:08
stefano.crapanzano@chu.ulg.ac.be,Programmation,IT,2021-01-22,10:31:39,00:00:27
stefano.crapanzano@chu.ulg.ac.be,Programmation,IT,2021-01-22,10:32:33,00:00:42
stefano.crapanzano@chu.ulg.ac.be,Programmation,IT,2021-01-22,10:34:22,00:00:14
stefano.crapanzano@chu.ulg.ac.be,Programmation,IT,2021-01-22,10:34:44,00:00:11
stefano.crapanzano@chu.ulg.ac.be,Programmation,IT,2021-01-22,10:35:40,00:00:14
stefano.crapanzano@chu.ulg.ac.be,Programmation,IT,2021-01-22,10:36:12,00:00:04
stefano.crapanzano@chu.ulg.ac.be,Programmation,IT,2021-01-22,10:36:25,00:00:28
stefano.crapanzano@chu.ulg.ac.be,Programmation,IT,2021-01-22,10:36:56,00:00:27
stefano.crapanzano@chu.ulg.ac.be,Programmation,IT,2021-01-22,10:38:12,00:00:08
stefano.crapanzano@chu.ulg.ac.be,Programmation,IT,2021-01-22,10:39:08,00:00:35
stefano.crapanzano@chu.ulg.ac.be,Programmation,IT,2021-01-22,10:40:45,00:00:24
stefano.crapanzano@chu.ulg.ac.be,Programmation,IT,2021-01-22,10:41:31,00:00:23
stefano.crapanzano@chu.ulg.ac.be,Programmation,IT,2021-01-22,10:42:15,00:00:07
stefano.crapanzano@chu.ulg.ac.be,Programmation,IT,2021-01-22,10:42:31,00:00:11
stefano.crapanzano@chu.ulg.ac.be,Programmation,IT,2021-01-22,10:47:05,00:00:28
stefano.crapanzano@chu.ulg.ac.be,Programmation,IT,2021-01-22,10:53:59,00:00:13
stefano.crapanzano@chu.ulg.ac.be,Programmation,IT,2021-01-22,10:55:13,00:00:39
stefano.crapanzano@chu.ulg.ac.be,Programmation,IT,2021-01-22,10:56:19,00:01:08
stefano.crapanzano@chu.ulg.ac.be,Programmation,IT,2021-01-22,10:57:29,00:01:18
stefano.crapanzano@chu.ulg.ac.be,Programmation,IT,2021-01-22,10:58:57,00:00:35
stefano.crapanzano@chu.ulg.ac.be,Programmation,IT,2021-01-22,11:00:01,00:00:08
stefano.crapanzano@chu.ulg.ac.be,Programmation,IT,2021-01-22,11:00:58,00:00:17
stefano.crapanzano@chu.ulg.ac.be,Programmation,IT,2021-01-22,11:01:22,00:00:03
stefano.crapanzano@chu.ulg.ac.be,Programmation,IT,2021-01-22,11:01:30,00:00:06
stefano.crapanzano@chu.ulg.ac.be,Programmation,IT,2021-01-22,11:01:49,00:00:25
stefano.crapanzano@chu.ulg.ac.be,Programmation,IT,2021-01-22,11:02:21,00:00:31
stefano.crapanzano@chu.ulg.ac.be,Programmation,IT,2021-01-22,11:02:56,00:00:18
stefano.crapanzano@chu.ulg.ac.be,Programmation,IT,2021-01-22,11:03:21,00:00:50
stefano.crapanzano@chu.ulg.ac.be,Programmation,IT,2021-01-22,11:05:05,00:00:09
stefano.crapanzano@chu.ulg.ac.be,Programmation,IT,2021-01-22,11:05:27,00:00:55
stefano.crapanzano@chu.ulg.ac.be,Programmation,IT,2021-01-22,11:08:37,00:00:15
stefano.crapanzano@chu.ulg.ac.be,Programmation,IT,2021-01-22,11:09:00,00:00:16
stefano.crapanzano@chu.ulg.ac.be,Programmation,IT,2021-01-22,11:10:00,00:02:07
stefano.crapanzano@chu.ulg.ac.be,Programmation,IT,2021-01-22,11:21:22,00:06:00
stefano.crapanzano@chu.ulg.ac.be,Programmation,IT,2021-01-22,11:27:37,00:00:34
stefano.crapanzano@chu.ulg.ac.be,Programmation,IT,2021-01-22,11:33:35,00:01:25
stefano.crapanzano@chu.ulg.ac.be,Programmation,IT,2021-01-22,11:35:13,00:00:53
stefano.crapanzano@chu.ulg.ac.be,Programmation,IT,2021-01-22,11:36:11,00:00:02
stefano.crapanzano@chu.ulg.ac.be,Programmation,IT,2021-01-22,11:36:16,00:00:05
stefano.crapanzano@chu.ulg.ac.be,Programmation,IT,2021-01-22,11:36:23,00:00:06
stefano.crapanzano@chu.ulg.ac.be,Programmation,IT,2021-01-22,11:37:27,00:00:13
stefano.crapanzano@chu.ulg.ac.be,Programmation,IT,2021-01-22,11:37:45,00:00:30
stefano.crapanzano@chu.ulg.ac.be,Programmation,IT,2021-01-22,11:38:27,00:00:07
stefano.crapanzano@chu.ulg.ac.be,Programmation,IT,2021-01-22,11:39:28,00:00:14
stefano.crapanzano@chu.ulg.ac.be,Programmation,IT,2021-01-22,11:40:10,00:02:25
stefano.crapanzano@chu.ulg.ac.be,Programmation,IT,2021-01-22,11:43:28,00:00:17
stefano.crapanzano@chu.ulg.ac.be,Programmation,IT,2021-01-22,11:44:06,00:00:26
stefano.crapanzano@chu.ulg.ac.be,Programmation,IT,2021-01-22,11:44:45,00:00:40
stefano.crapanzano@chu.ulg.ac.be,Programmation,IT,2021-01-22,11:45:30,00:00:06
stefano.crapanzano@chu.ulg.ac.be,Programmation,IT,2021-01-22,11:46:03,00:00:02
stefano.crapanzano@chu.ulg.ac.be,Programmation,IT,2021-01-22,11:47:07,00:00:09
stefano.crapanzano@chu.ulg.ac.be,Programmation,IT,2021-01-22,11:47:38,00:00:44
stefano.crapanzano@chu.ulg.ac.be,Programmation,IT,2021-01-22,11:48:24,00:00:16
stefano.crapanzano@chu.ulg.ac.be,Programmation,IT,2021-01-22,11:49:28,00:00:55
stefano.crapanzano@chu.ulg.ac.be,Programmation,IT,2021-01-22,11:50:47,00:00:53
stefano.crapanzano@chu.ulg.ac.be,Programmation,IT,2021-01-22,11:51:58,00:00:55
stefano.crapanzano@chu.ulg.ac.be,Programmation,IT,2021-01-22,11:53:24,00:00:33
stefano.crapanzano@chu.ulg.ac.be,Programmation,IT,2021-01-22,11:54:19,00:00:06
stefano.crapanzano@chu.ulg.ac.be,Programmation,IT,2021-01-22,11:55:25,00:00:36
stefano.crapanzano@chu.ulg.ac.be,Programmation,IT,2021-01-22,11:56:17,00:00:09
stefano.crapanzano@chu.ulg.ac.be,Programmation,IT,2021-01-22,11:56:28,00:00:44
stefano.crapanzano@chu.ulg.ac.be,Programmation,IT,2021-01-22,11:57:14,00:00:13
stefano.crapanzano@chu.ulg.ac.be,Programmation,IT,2021-01-22,11:57:29,00:00:34
stefano.crapanzano@chu.ulg.ac.be,Programmation,IT,2021-01-22,11:58:17,00:00:29
stefano.crapanzano@chu.ulg.ac.be,Programmation,IT,2021-01-22,12:00:02,00:00:25
stefano.crapanzano@chu.ulg.ac.be,Programmation,IT,2021-01-22,12:00:30,00:00:19
stefano.crapanzano@chu.ulg.ac.be,Programmation,IT,2021-01-22,12:02:10,00:00:29
stefano.crapanzano@chu.ulg.ac.be,Programmation,IT,2021-01-22,12:03:13,00:01:59
stefano.crapanzano@chu.ulg.ac.be,Programmation,IT,2021-01-22,12:05:28,00:00:11
stefano.crapanzano@chu.ulg.ac.be,Programmation,IT,2021-01-22,12:05:48,00:00:59
stefano.crapanzano@chu.ulg.ac.be,Programmation,IT,2021-01-22,12:06:52,00:00:06
stefano.crapanzano@chu.ulg.ac.be,Programmation,IT,2021-01-22,12:07:03,00:00:09
stefano.crapanzano@chu.ulg.ac.be,Programmation,IT,2021-01-22,12:07:35,00:00:20
stefano.crapanzano@chu.ulg.ac.be,Programmation,IT,2021-01-22,12:08:17,00:01:55
stefano.crapanzano@chu.ulg.ac.be,Programmation,IT,2021-01-22,12:10:48,00:01:40
stefano.crapanzano@chu.ulg.ac.be,Programmation,IT,2021-01-22,12:12:51,00:00:06
stefano.crapanzano@chu.ulg.ac.be,Programmation,IT,2021-01-22,12:13:01,00:00:15
stefano.crapanzano@chu.ulg.ac.be,Programmation,IT,2021-01-22,12:13:21,00:00:08
stefano.crapanzano@chu.ulg.ac.be,Programmation,IT,2021-01-22,12:14:55,00:01:14
stefano.crapanzano@chu.ulg.ac.be,Programmation,IT,2021-01-22,12:16:12,00:00:15
stefano.crapanzano@chu.ulg.ac.be,Programmation,IT,2021-01-22,12:16:48,00:01:34
stefano.crapanzano@chu.ulg.ac.be,Programmation,IT,2021-01-22,12:18:33,00:00:48
stefano.crapanzano@chu.ulg.ac.be,Programmation,IT,2021-01-22,12:19:23,00:00:26
stefano.crapanzano@chu.ulg.ac.be,Programmation,IT,2021-01-22,12:20:00,00:00:28
stefano.crapanzano@chu.ulg.ac.be,Programmation,IT,2021-01-22,12:20:32,00:00:05
stefano.crapanzano@chu.ulg.ac.be,Programmation,IT,2021-01-22,12:20:52,00:00:04
stefano.crapanzano@chu.ulg.ac.be,Programmation,IT,2021-01-22,12:21:36,00:01:58
stefano.crapanzano@chu.ulg.ac.be,Programmation,IT,2021-01-22,12:23:42,00:00:31
stefano.crapanzano@chu.ulg.ac.be,Programmation,IT,2021-01-22,12:24:15,00:00:02
stefano.crapanzano@chu.ulg.ac.be,Programmation,IT,2021-01-22,12:24:34,00:00:07
stefano.crapanzano@chu.ulg.ac.be,Programmation,IT,2021-01-22,12:24:56,00:00:17
stefano.crapanzano@chu.ulg.ac.be,Programmation,IT,2021-01-22,12:25:22,00:00:07
stefano.crapanzano@chu.ulg.ac.be,Programmation,IT,2021-01-22,12:26:43,00:00:23
stefano.crapanzano@chu.ulg.ac.be,Programmation,IT,2021-01-22,12:27:13,00:00:19
stefano.crapanzano@chu.ulg.ac.be,Programmation,IT,2021-01-22,12:27:40,00:00:09
stefano.crapanzano@chu.ulg.ac.be,Programmation,IT,2021-01-22,13:07:26,00:01:51
stefano.crapanzano@chu.ulg.ac.be,Programmation,IT,2021-01-22,13:09:42,00:00:14
stefano.crapanzano@chu.ulg.ac.be,Programmation,IT,2021-01-22,13:13:32,00:02:04
stefano.crapanzano@chu.ulg.ac.be,Programmation,IT,2021-01-22,13:17:03,00:00:03
stefano.crapanzano@chu.ulg.ac.be,Programmation,IT,2021-01-22,13:20:36,00:00:05
stefano.crapanzano@chu.ulg.ac.be,Programmation,IT,2021-01-22,13:21:10,00:00:32
stefano.crapanzano@chu.ulg.ac.be,Programmation,IT,2021-01-22,13:23:39,00:00:26
stefano.crapanzano@chu.ulg.ac.be,Programmation,IT,2021-01-22,13:25:00,00:00:06
stefano.crapanzano@chu.ulg.ac.be,Programmation,IT,2021-01-22,13:25:18,00:00:28
stefano.crapanzano@chu.ulg.ac.be,Programmation,IT,2021-01-22,13:25:51,00:00:11
stefano.crapanzano@chu.ulg.ac.be,Programmation,IT,2021-01-22,13:26:11,00:00:31
stefano.crapanzano@chu.ulg.ac.be,Programmation,IT,2021-01-22,13:27:31,00:00:14
stefano.crapanzano@chu.ulg.ac.be,Programmation,IT,2021-01-22,13:27:48,00:01:00
stefano.crapanzano@chu.ulg.ac.be,Programmation,IT,2021-01-22,13:32:30,00:00:36
stefano.crapanzano@chu.ulg.ac.be,Programmation,IT,2021-01-22,13:45:37,00:05:10
stefano.crapanzano@chu.ulg.ac.be,Programmation,IT,2021-01-22,13:50:49,00:03:27
stefano.crapanzano@chu.ulg.ac.be,Programmation,IT,2021-01-22,13:54:34,00:00:03
stefano.crapanzano@chu.ulg.ac.be,Programmation,IT,2021-01-22,13:54:43,00:05:41
stefano.crapanzano@chu.ulg.ac.be,Programmation,IT,2021-01-22,14:00:57,00:00:14
stefano.crapanzano@chu.ulg.ac.be,Programmation,IT,2021-01-22,14:01:44,00:00:58
stefano.crapanzano@chu.ulg.ac.be,Programmation,IT,2021-01-22,14:03:18,00:00:41
stefano.crapanzano@chu.ulg.ac.be,Programmation,IT,2021-01-22,14:04:34,00:09:50
stefano.crapanzano@chu.ulg.ac.be,Programmation,IT,2021-01-22,14:14:56,00:00:53
stefano.crapanzano@chu.ulg.ac.be,Programmation,IT,2021-01-22,14:16:19,00:01:00
stefano.crapanzano@chu.ulg.ac.be,Programmation,IT,2021-01-22,14:17:51,00:05:32
stefano.crapanzano@chu.ulg.ac.be,Programmation,IT,2021-01-22,14:24:46,00:00:52
stefano.crapanzano@chu.ulg.ac.be,Programmation,IT,2021-01-22,14:26:11,00:00:37
stefano.crapanzano@chu.ulg.ac.be,Programmation,IT,2021-01-22,14:28:55,00:02:58
stefano.crapanzano@chu.ulg.ac.be,Programmation,IT,2021-01-22,14:32:28,00:01:09
stefano.crapanzano@chu.ulg.ac.be,Programmation,IT,2021-01-22,14:33:55,00:00:51
stefano.crapanzano@chu.ulg.ac.be,Programmation,IT,2021-01-22,14:36:48,00:03:08
stefano.crapanzano@chu.ulg.ac.be,Programmation,IT,2021-01-22,14:40:17,00:02:17
stefano.crapanzano@chu.ulg.ac.be,Programmation,IT,2021-01-22,14:43:07,00:01:09
stefano.crapanzano@chu.ulg.ac.be,Programmation,IT,2021-01-22,14:44:37,00:00:03
stefano.crapanzano@chu.ulg.ac.be,Programmation,IT,2021-01-22,14:44:47,00:05:51
stefano.crapanzano@chu.ulg.ac.be,Programmation,IT,2021-01-22,14:50:59,00:00:12
stefano.crapanzano@chu.ulg.ac.be,Programmation,IT,2021-01-22,14:51:14,00:00:23
stefano.crapanzano@chu.ulg.ac.be,Programmation,IT,2021-01-22,14:51:52,00:01:11
stefano.crapanzano@chu.ulg.ac.be,Programmation,IT,2021-01-22,14:53:46,00:00:44
stefano.crapanzano@chu.ulg.ac.be,Programmation,IT,2021-01-22,14:56:37,00:00:12
stefano.crapanzano@chu.ulg.ac.be,Programmation,IT,2021-01-22,14:57:26,00:00:49
stefano.crapanzano@chu.ulg.ac.be,Programmation,IT,2021-01-22,14:58:52,00:00:49
stefano.crapanzano@chu.ulg.ac.be,Programmation,IT,2021-01-22,15:00:03,00:01:44
stefano.crapanzano@chu.ulg.ac.be,Programmation,IT,2021-01-22,15:03:10,00:01:28
stefano.crapanzano@chu.ulg.ac.be,Programmation,IT,2021-01-22,15:06:44,00:03:51
stefano.crapanzano@chu.ulg.ac.be,Programmation,IT,2021-01-22,15:12:26,00:01:00
stefano.crapanzano@chu.ulg.ac.be,Programmation,IT,2021-01-22,15:14:13,00:05:15
stefano.crapanzano@chu.ulg.ac.be,Programmation,IT,2021-01-22,15:19:56,00:00:35
stefano.crapanzano@chu.ulg.ac.be,Programmation,IT,2021-01-22,15:20:38,00:00:26
stefano.crapanzano@chu.ulg.ac.be,Programmation,IT,2021-01-22,15:21:17,00:00:22
stefano.crapanzano@chu.ulg.ac.be,Programmation,IT,2021-01-22,15:22:19,00:00:27
stefano.crapanzano@chu.ulg.ac.be,Programmation,IT,2021-01-22,15:23:13,00:00:59
stefano.crapanzano@chu.ulg.ac.be,Programmation,IT,2021-01-22,15:25:01,00:01:04
stefano.crapanzano@chu.ulg.ac.be,Programmation,IT,2021-01-22,15:26:14,00:01:09
stefano.crapanzano@chu.ulg.ac.be,Programmation,IT,2021-01-22,15:28:04,00:00:20
stefano.crapanzano@chu.ulg.ac.be,Programmation,IT,2021-01-22,15:28:40,00:00:50
stefano.crapanzano@chu.ulg.ac.be,Programmation,IT,2021-01-22,15:29:47,00:00:05
stefano.crapanzano@chu.ulg.ac.be,Programmation,IT,2021-01-22,15:30:20,00:01:00
stefano.crapanzano@chu.ulg.ac.be,Programmation,IT,2021-01-22,15:31:37,00:00:12
stefano.crapanzano@chu.ulg.ac.be,Programmation,IT,2021-01-22,15:32:08,00:00:11
stefano.crapanzano@chu.ulg.ac.be,Programmation,IT,2021-01-22,15:32:37,00:00:20
stefano.crapanzano@chu.ulg.ac.be,Programmation,IT,2021-01-22,15:33:24,00:00:24
stefano.crapanzano@chu.ulg.ac.be,Programmation,IT,2021-01-22,15:33:59,00:00:16
stefano.crapanzano@chu.ulg.ac.be,Programmation,IT,2021-01-22,15:34:33,00:02:04
stefano.crapanzano@chu.ulg.ac.be,Programmation,IT,2021-01-22,15:36:57,00:00:18
stefano.crapanzano@chu.ulg.ac.be,Programmation,IT,2021-01-22,15:37:18,00:00:03
stefano.crapanzano@chu.ulg.ac.be,Programmation,IT,2021-01-22,15:37:22,00:00:25
stefano.crapanzano@chu.ulg.ac.be,Programmation,IT,2021-01-22,15:37:53,00:00:28
stefano.crapanzano@chu.ulg.ac.be,Programmation,IT,2021-01-22,15:38:51,00:00:17
stefano.crapanzano@chu.ulg.ac.be,Programmation,IT,2021-01-22,15:39:13,00:01:21
stefano.crapanzano@chu.ulg.ac.be,Programmation,IT,2021-01-22,15:40:40,00:05:10
stefano.crapanzano@chu.ulg.ac.be,Programmation,IT,2021-01-22,15:46:30,00:00:22
stefano.crapanzano@chu.ulg.ac.be,Programmation,IT,2021-01-22,15:47:11,00:01:50
stefano.crapanzano@chu.ulg.ac.be,Programmation,IT,2021-01-22,15:49:16,00:01:21
stefano.crapanzano@chu.ulg.ac.be,Programmation,IT,2021-01-22,15:51:46,00:02:17
stefano.crapanzano@chu.ulg.ac.be,Programmation,IT,2021-01-22,15:54:21,00:01:45
stefano.crapanzano@chu.ulg.ac.be,Programmation,IT,2021-01-22,15:56:27,00:00:04
stefano.crapanzano@chu.ulg.ac.be,Programmation,IT,2021-01-22,15:57:20,00:01:06
stefano.crapanzano@chu.ulg.ac.be,Programmation,IT,2021-01-22,16:00:12,00:10:36
stefano.crapanzano@chu.ulg.ac.be,Programmation,IT,2021-01-22,16:10:52,00:03:53
stefano.crapanzano@chu.ulg.ac.be,Programmation,IT,2021-01-22,16:15:17,00:00:14
stefano.crapanzano@chu.ulg.ac.be,Programmation,IT,2021-01-22,16:15:41,00:00:30
stefano.crapanzano@chu.ulg.ac.be,Programmation,IT,2021-01-22,16:16:26,00:00:13
stefano.crapanzano@chu.ulg.ac.be,Programmation,IT,2021-01-22,16:16:59,00:00:18
stefano.crapanzano@chu.ulg.ac.be,Programmation,IT,2021-01-22,16:18:40,00:01:06
stefano.crapanzano@chu.ulg.ac.be,Programmation,IT,2021-01-22,16:20:19,00:00:59
stefano.crapanzano@chu.ulg.ac.be,Programmation,IT,2021-01-22,16:22:53,00:00:10
stefano.crapanzano@chu.ulg.ac.be,Programmation,IT,2021-01-22,16:24:26,00:04:55
stefano.crapanzano@chu.ulg.ac.be,Programmation,IT,2021-01-22,16:29:30,00:05:24
stefano.crapanzano@chu.ulg.ac.be,Programmation,IT,2021-01-22,16:36:11,00:01:10
stefano.crapanzano@chu.ulg.ac.be,Programmation,IT,2021-01-22,16:39:49,00:01:09
stefano.crapanzano@chu.ulg.ac.be,Programmation,IT,2021-01-22,16:44:21,00:00:25
stefano.crapanzano@chu.ulg.ac.be,Programmation,IT,2021-01-22,16:45:17,00:01:44
stefano.crapanzano@chu.ulg.ac.be,Programmation,IT,2021-01-22,16:48:15,00:00:06
stefano.crapanzano@chu.ulg.ac.be,Programmation,IT,2021-01-22,16:49:53,00:01:04
stefano.crapanzano@chu.ulg.ac.be,Programmation,IT,2021-01-22,16:52:59,00:00:09
stefano.crapanzano@chu.ulg.ac.be,Programmation,IT,2021-01-22,16:53:12,00:00:40
stefano.crapanzano@chu.ulg.ac.be,Programmation,IT,2021-01-22,16:54:39,00:00:46
stefano.crapanzano@chu.ulg.ac.be,Programmation,IT,2021-01-22,17:03:10,00:00:03
stefano.crapanzano@chu.ulg.ac.be,Fwd: Nouvelle imprimante SAP - Message (HTML),Helpdesk général,2021-01-22,10:00:48,00:00:02
stefano.crapanzano@chu.ulg.ac.be,Fwd: Nouvelle imprimante SAP - Message (HTML),Helpdesk général,2021-01-22,10:01:06,00:00:07
stefano.crapanzano@chu.ulg.ac.be,Fwd: Nouvelle imprimante SAP - Message (HTML),Helpdesk général,2021-01-22,10:03:42,00:00:06
stefano.crapanzano@chu.ulg.ac.be,Ouverture d'une pièce jointe,Helpdesk général,2021-01-22,10:01:14,00:00:03
stefano.crapanzano@chu.ulg.ac.be,Greenshot Éditeur d'Image,Helpdesk général,2021-01-22,10:02:58,00:00:38
stefano.crapanzano@chu.ulg.ac.be,Enregistrer sous,Helpdesk général,2021-01-22,10:03:53,00:00:04
stefano.crapanzano@chu.ulg.ac.be,SDERP-17606 P203 CHU Demande de configuration de quatre imprimantes dans ERP4HC - Message (HTML),Helpdesk général,2021-01-22,10:04:23,00:00:18
stefano.crapanzano@chu.ulg.ac.be,SDERP-17606 P203 CHU Demande de configuration de quatre imprimantes dans ERP4HC - Message (HTML),Helpdesk général,2021-01-22,10:22:23,00:00:22
stefano.crapanzano@chu.ulg.ac.be,SDERP-17606 P203 CHU Demande de configuration de quatre imprimantes dans ERP4HC - Message (HTML),Helpdesk général,2021-01-22,10:22:56,00:00:03
stefano.crapanzano@chu.ulg.ac.be,SDERP-17606 P203 CHU Demande de configuration de quatre imprimantes dans ERP4HC - Message (HTML),Helpdesk général,2021-01-22,10:44:19,00:00:02
stefano.crapanzano@chu.ulg.ac.be,TR: SDERP-17606 P203 CHU Demande de configuration de quatre imprimantes dans ERP4HC - Message (HTML),Helpdesk général,2021-01-22,10:44:21,00:01:36
stefano.crapanzano@chu.ulg.ac.be,TR: SDERP-17606 P203 CHU Demande de configuration de quatre imprimantes dans ERP4HC - Message (HTML),Helpdesk général,2021-01-22,10:46:04,00:00:40
stefano.crapanzano@chu.ulg.ac.be,TR: SDERP-17606 P203 CHU Demande de configuration de quatre imprimantes dans ERP4HC - Message (HTML),Helpdesk général,2021-01-22,14:14:42,00:00:10
stefano.crapanzano@chu.ulg.ac.be,Vérification des noms,Helpdesk général,2021-01-22,10:45:58,00:00:02
stefano.crapanzano@chu.ulg.ac.be,Van de Voorde Rudy,Helpdesk général,2021-01-22,10:46:01,00:00:02
stefano.crapanzano@chu.ulg.ac.be,Van de Voorde Rudy,Helpdesk général,2021-01-22,13:10:30,00:00:18
stefano.crapanzano@chu.ulg.ac.be,erreur chargement - Message (HTML),Helpdesk général,2021-01-22,10:50:23,00:00:05
stefano.crapanzano@chu.ulg.ac.be,erreur chargement - Message (HTML),Helpdesk général,2021-01-22,10:52:53,00:00:02
stefano.crapanzano@chu.ulg.ac.be,erreur chargement - Message (HTML),Helpdesk général,2021-01-22,10:53:18,00:00:02
stefano.crapanzano@chu.ulg.ac.be,Enregistrer,Helpdesk général,2021-01-22,10:50:28,00:00:03
stefano.crapanzano@chu.ulg.ac.be,*new 5 - Notepad++ [Administrator],IT,2021-01-22,10:50:53,00:00:56
stefano.crapanzano@chu.ulg.ac.be,*new 5 - Notepad++ [Administrator],IT,2021-01-22,10:52:43,00:00:03
stefano.crapanzano@chu.ulg.ac.be,*new 5 - Notepad++ [Administrator],IT,2021-01-22,11:36:30,00:00:13
stefano.crapanzano@chu.ulg.ac.be,*new 5 - Notepad++ [Administrator],IT,2021-01-22,11:37:00,00:00:15
stefano.crapanzano@chu.ulg.ac.be,PE2_203 - sftp://PE2U2FTP@153.89.110.38 - FileZilla,Helpdesk général,2021-01-22,10:52:22,00:00:19
stefano.crapanzano@chu.ulg.ac.be,PE2_203 - sftp://PE2U2FTP@153.89.110.38 - FileZilla,Helpdesk général,2021-01-22,10:52:48,00:00:02
stefano.crapanzano@chu.ulg.ac.be,PE2_203 - sftp://PE2U2FTP@153.89.110.38 - FileZilla,Helpdesk général,2021-01-22,13:20:02,00:00:26
stefano.crapanzano@chu.ulg.ac.be,RE: erreur chargement - Message (HTML),Helpdesk général,2021-01-22,10:52:55,00:00:23
stefano.crapanzano@chu.ulg.ac.be,SAP GUI for Windows 750,Exploration SAP,2021-01-22,11:15:20,00:00:10
stefano.crapanzano@chu.ulg.ac.be,P203 CHU Popup vide apparait constamment dans SSP - Bienvenue! Vous pouvez poser une demande de Service Desk ERP for HealthCare parmi les options fournies. - Service d'assistance - Google Chrome,Tâches diverses,2021-01-22,11:16:27,00:00:27
stefano.crapanzano@chu.ulg.ac.be,P203 CHU Popup vide apparait constamment dans SSP - Bienvenue! Vous pouvez poser une demande de Service Desk ERP for HealthCare parmi les options fournies. - Service d'assistance - Google Chrome,Tâches diverses,2021-01-22,11:17:26,00:00:34
stefano.crapanzano@chu.ulg.ac.be,Demandes - Service d'assistance - Google Chrome,Tâches diverses,2021-01-22,11:16:55,00:00:10
stefano.crapanzano@chu.ulg.ac.be,Demandes - Service d'assistance - Google Chrome,Tâches diverses,2021-01-22,11:17:21,00:00:04
stefano.crapanzano@chu.ulg.ac.be,Demandes - Service d'assistance - Google Chrome,Tâches diverses,2021-01-22,13:42:22,00:00:06
stefano.crapanzano@chu.ulg.ac.be,Demandes - Service d'assistance - Google Chrome,Tâches diverses,2021-01-22,13:42:31,00:00:10
stefano.crapanzano@chu.ulg.ac.be,Demandes - Service d'assistance - Google Chrome,Tâches diverses,2021-01-22,16:23:50,00:00:02
stefano.crapanzano@chu.ulg.ac.be,P203 GERA CHR Message erreur Y_DVX_30000205 - Bienvenue! Vous pouvez poser une demande de Service Desk ERP for HealthCare parmi les options fournies. - Service d'assistance - Google Chrome,Tâches diverses,2021-01-22,11:17:06,00:00:15
stefano.crapanzano@chu.ulg.ac.be,P203 GERA CHR Message erreur Y_DVX_30000205 - Bienvenue! Vous pouvez poser une demande de Service Desk ERP for HealthCare parmi les options fournies. - Service d'assistance - Google Chrome,Tâches diverses,2021-01-22,13:42:28,00:00:03
stefano.crapanzano@chu.ulg.ac.be,RE: TR: SDERP-17606 P203 CHU Demande de configuration de quatre imprimantes dans ERP4HC - Message (HTML),Helpdesk général,2021-01-22,13:17:52,00:01:01
stefano.crapanzano@chu.ulg.ac.be,Re: SDERP-17606 P203 CHU Demande de configuration de quatre imprimantes dans ERP4HC - Message (HTML),Helpdesk général,2021-01-22,14:14:24,00:00:18
stefano.crapanzano@chu.ulg.ac.be,Re: SDERP-17606 P203 CHU Demande de configuration de quatre imprimantes dans ERP4HC - Message (HTML),Helpdesk général,2021-01-22,14:14:53,00:00:02
