Email,Description,Project,Start date,Start time,Duration
stefano.crapanzano@chu.ulg.ac.be,Administrateur : C:\Windows\System32\cmd.exe - python  main.py,IT,2021-03-12,08:26:56,00:00:03
stefano.crapanzano@chu.ulg.ac.be,Boîte de Réception - Zimbra - Stefano Crapanzano - Outlook,Helpdesk général,2021-03-12,08:27:00,00:00:27
stefano.crapanzano@chu.ulg.ac.be,Boîte de Réception - Zimbra - Stefano Crapanzano - Outlook,Helpdesk général,2021-03-12,08:33:34,00:00:03
stefano.crapanzano@chu.ulg.ac.be,Boîte de Réception - Zimbra - Stefano Crapanzano - Outlook,Helpdesk général,2021-03-12,09:31:11,00:01:41
stefano.crapanzano@chu.ulg.ac.be,Boîte de Réception - Zimbra - Stefano Crapanzano - Outlook,Helpdesk général,2021-03-12,09:33:01,00:00:11
stefano.crapanzano@chu.ulg.ac.be,Boîte de Réception - Zimbra - Stefano Crapanzano - Outlook,Helpdesk général,2021-03-12,09:40:43,00:00:02
stefano.crapanzano@chu.ulg.ac.be,Boîte de Réception - Zimbra - Stefano Crapanzano - Outlook,Helpdesk général,2021-03-12,09:58:57,00:00:15
stefano.crapanzano@chu.ulg.ac.be,Boîte de Réception - Zimbra - Stefano Crapanzano - Outlook,Helpdesk général,2021-03-12,09:59:22,00:00:09
stefano.crapanzano@chu.ulg.ac.be,Boîte de Réception - Zimbra - Stefano Crapanzano - Outlook,Helpdesk général,2021-03-12,09:59:50,00:00:02
stefano.crapanzano@chu.ulg.ac.be,Boîte de Réception - Zimbra - Stefano Crapanzano - Outlook,Helpdesk général,2021-03-12,10:03:01,00:00:03
stefano.crapanzano@chu.ulg.ac.be,Boîte de Réception - Zimbra - Stefano Crapanzano - Outlook,Helpdesk général,2021-03-12,10:08:09,00:00:03
stefano.crapanzano@chu.ulg.ac.be,Boîte de Réception - Zimbra - Stefano Crapanzano - Outlook,Helpdesk général,2021-03-12,10:14:11,00:00:02
stefano.crapanzano@chu.ulg.ac.be,Boîte de Réception - Zimbra - Stefano Crapanzano - Outlook,Helpdesk général,2021-03-12,10:44:30,00:00:08
stefano.crapanzano@chu.ulg.ac.be,Boîte de Réception - Zimbra - Stefano Crapanzano - Outlook,Helpdesk général,2021-03-12,11:52:31,00:00:08
stefano.crapanzano@chu.ulg.ac.be,Boîte de Réception - Zimbra - Stefano Crapanzano - Outlook,Tâches diverses,2021-03-12,11:53:13,00:00:13
stefano.crapanzano@chu.ulg.ac.be,Boîte de Réception - Zimbra - Stefano Crapanzano - Outlook,Helpdesk général,2021-03-12,11:57:09,00:00:09
stefano.crapanzano@chu.ulg.ac.be,Boîte de Réception - Zimbra - Stefano Crapanzano - Outlook,Helpdesk général,2021-03-12,12:18:08,00:00:36
stefano.crapanzano@chu.ulg.ac.be,Boîte de Réception - Zimbra - Stefano Crapanzano - Outlook,Helpdesk général,2021-03-12,12:27:54,00:00:24
stefano.crapanzano@chu.ulg.ac.be,Boîte de Réception - Zimbra - Stefano Crapanzano - Outlook,Helpdesk général,2021-03-12,12:32:23,00:00:02
stefano.crapanzano@chu.ulg.ac.be,Boîte de Réception - Zimbra - Stefano Crapanzano - Outlook,Helpdesk général,2021-03-12,12:38:53,00:00:03
stefano.crapanzano@chu.ulg.ac.be,Boîte de Réception - Zimbra - Stefano Crapanzano - Outlook,Helpdesk général,2021-03-12,12:41:45,00:00:03
stefano.crapanzano@chu.ulg.ac.be,Boîte de Réception - Zimbra - Stefano Crapanzano - Outlook,Helpdesk général,2021-03-12,12:55:10,00:00:09
stefano.crapanzano@chu.ulg.ac.be,Boîte de Réception - Zimbra - Stefano Crapanzano - Outlook,Helpdesk général,2021-03-12,14:16:59,00:00:02
stefano.crapanzano@chu.ulg.ac.be,Boîte de Réception - Zimbra - Stefano Crapanzano - Outlook,Helpdesk général,2021-03-12,15:02:33,00:01:46
stefano.crapanzano@chu.ulg.ac.be,Boîte de Réception - Zimbra - Stefano Crapanzano - Outlook,Helpdesk général,2021-03-12,15:40:00,00:00:02
stefano.crapanzano@chu.ulg.ac.be,Boîte de Réception - Zimbra - Stefano Crapanzano - Outlook,Helpdesk général,2021-03-12,16:02:32,00:01:49
stefano.crapanzano@chu.ulg.ac.be,Boîte de Réception - Zimbra - Stefano Crapanzano - Outlook,Helpdesk général,2021-03-12,16:16:31,00:00:02
stefano.crapanzano@chu.ulg.ac.be,Boîte de Réception - Zimbra - Stefano Crapanzano - Outlook,Helpdesk général,2021-03-12,16:17:39,00:00:03
stefano.crapanzano@chu.ulg.ac.be,Boîte de réception - erp.sai@chuliege.be - Outlook,Helpdesk général,2021-03-12,08:27:27,00:05:57
stefano.crapanzano@chu.ulg.ac.be,Boîte de réception - erp.sai@chuliege.be - Outlook,Helpdesk général,2021-03-12,08:33:28,00:00:06
stefano.crapanzano@chu.ulg.ac.be,Boîte de réception - erp.sai@chuliege.be - Outlook,Helpdesk général,2021-03-12,08:33:38,00:00:16
stefano.crapanzano@chu.ulg.ac.be,Boîte de réception - erp.sai@chuliege.be - Outlook,Helpdesk général,2021-03-12,08:35:30,00:00:09
stefano.crapanzano@chu.ulg.ac.be,Boîte de réception - erp.sai@chuliege.be - Outlook,Helpdesk général,2021-03-12,08:35:41,00:00:13
stefano.crapanzano@chu.ulg.ac.be,Boîte de réception - erp.sai@chuliege.be - Outlook,IT,2021-03-12,08:36:05,00:00:06
stefano.crapanzano@chu.ulg.ac.be,Boîte de réception - erp.sai@chuliege.be - Outlook,Helpdesk général,2021-03-12,08:36:42,00:00:03
stefano.crapanzano@chu.ulg.ac.be,Boîte de réception - erp.sai@chuliege.be - Outlook,Helpdesk général,2021-03-12,08:37:01,00:00:12
stefano.crapanzano@chu.ulg.ac.be,Boîte de réception - erp.sai@chuliege.be - Outlook,Helpdesk général,2021-03-12,08:37:52,00:00:07
stefano.crapanzano@chu.ulg.ac.be,Boîte de réception - erp.sai@chuliege.be - Outlook,Helpdesk général,2021-03-12,08:38:06,00:00:04
stefano.crapanzano@chu.ulg.ac.be,Boîte de réception - erp.sai@chuliege.be - Outlook,Helpdesk général,2021-03-12,08:38:29,00:00:03
stefano.crapanzano@chu.ulg.ac.be,Boîte de réception - erp.sai@chuliege.be - Outlook,Helpdesk général,2021-03-12,08:42:50,00:00:19
stefano.crapanzano@chu.ulg.ac.be,Boîte de réception - erp.sai@chuliege.be - Outlook,Helpdesk général,2021-03-12,08:49:41,00:00:36
stefano.crapanzano@chu.ulg.ac.be,Boîte de réception - erp.sai@chuliege.be - Outlook,Helpdesk général,2021-03-12,09:00:05,00:00:21
stefano.crapanzano@chu.ulg.ac.be,Boîte de réception - erp.sai@chuliege.be - Outlook,Helpdesk général,2021-03-12,09:02:14,00:00:02
stefano.crapanzano@chu.ulg.ac.be,Boîte de réception - erp.sai@chuliege.be - Outlook,Helpdesk général,2021-03-12,09:05:32,00:00:07
stefano.crapanzano@chu.ulg.ac.be,Boîte de réception - erp.sai@chuliege.be - Outlook,Helpdesk général,2021-03-12,09:13:07,00:01:52
stefano.crapanzano@chu.ulg.ac.be,Boîte de réception - erp.sai@chuliege.be - Outlook,Helpdesk général,2021-03-12,09:16:34,00:00:11
stefano.crapanzano@chu.ulg.ac.be,Boîte de réception - erp.sai@chuliege.be - Outlook,Helpdesk général,2021-03-12,09:43:41,00:00:14
stefano.crapanzano@chu.ulg.ac.be,Boîte de réception - erp.sai@chuliege.be - Outlook,Helpdesk général,2021-03-12,09:44:23,00:00:13
stefano.crapanzano@chu.ulg.ac.be,Boîte de réception - erp.sai@chuliege.be - Outlook,Helpdesk général,2021-03-12,09:44:54,00:00:06
stefano.crapanzano@chu.ulg.ac.be,Boîte de réception - erp.sai@chuliege.be - Outlook,Helpdesk général,2021-03-12,09:58:55,00:00:02
stefano.crapanzano@chu.ulg.ac.be,Boîte de réception - erp.sai@chuliege.be - Outlook,Helpdesk général,2021-03-12,09:59:31,00:00:02
stefano.crapanzano@chu.ulg.ac.be,Boîte de réception - erp.sai@chuliege.be - Outlook,Helpdesk général,2021-03-12,09:59:37,00:00:02
stefano.crapanzano@chu.ulg.ac.be,Boîte de réception - erp.sai@chuliege.be - Outlook,Helpdesk général,2021-03-12,10:00:47,00:00:51
stefano.crapanzano@chu.ulg.ac.be,Boîte de réception - erp.sai@chuliege.be - Outlook,Helpdesk général,2021-03-12,10:01:48,00:01:13
stefano.crapanzano@chu.ulg.ac.be,Boîte de réception - erp.sai@chuliege.be - Outlook,Helpdesk général,2021-03-12,10:03:08,00:00:09
stefano.crapanzano@chu.ulg.ac.be,Boîte de réception - erp.sai@chuliege.be - Outlook,Helpdesk général,2021-03-12,10:03:26,00:02:02
stefano.crapanzano@chu.ulg.ac.be,Boîte de réception - erp.sai@chuliege.be - Outlook,Helpdesk général,2021-03-12,10:06:13,00:01:14
stefano.crapanzano@chu.ulg.ac.be,Boîte de réception - erp.sai@chuliege.be - Outlook,Helpdesk général,2021-03-12,10:08:13,00:00:56
stefano.crapanzano@chu.ulg.ac.be,Boîte de réception - erp.sai@chuliege.be - Outlook,Helpdesk général,2021-03-12,10:14:14,00:00:02
stefano.crapanzano@chu.ulg.ac.be,Boîte de réception - erp.sai@chuliege.be - Outlook,Helpdesk général,2021-03-12,10:44:39,00:00:07
stefano.crapanzano@chu.ulg.ac.be,Boîte de réception - erp.sai@chuliege.be - Outlook,Helpdesk général,2021-03-12,10:46:52,00:00:04
stefano.crapanzano@chu.ulg.ac.be,Boîte de réception - erp.sai@chuliege.be - Outlook,Helpdesk général,2021-03-12,10:47:48,00:00:09
stefano.crapanzano@chu.ulg.ac.be,Boîte de réception - erp.sai@chuliege.be - Outlook,Helpdesk général,2021-03-12,12:14:22,00:00:13
stefano.crapanzano@chu.ulg.ac.be,Boîte de réception - erp.sai@chuliege.be - Outlook,Helpdesk général,2021-03-12,12:15:12,00:00:14
stefano.crapanzano@chu.ulg.ac.be,Boîte de réception - erp.sai@chuliege.be - Outlook,Helpdesk général,2021-03-12,12:35:13,00:00:15
stefano.crapanzano@chu.ulg.ac.be,Boîte de réception - erp.sai@chuliege.be - Outlook,Helpdesk général,2021-03-12,12:35:36,00:00:02
stefano.crapanzano@chu.ulg.ac.be,Boîte de réception - erp.sai@chuliege.be - Outlook,Helpdesk général,2021-03-12,12:36:41,00:00:14
stefano.crapanzano@chu.ulg.ac.be,Boîte de réception - erp.sai@chuliege.be - Outlook,Helpdesk général,2021-03-12,12:38:57,00:00:06
stefano.crapanzano@chu.ulg.ac.be,Boîte de réception - erp.sai@chuliege.be - Outlook,Helpdesk général,2021-03-12,12:42:30,00:00:03
stefano.crapanzano@chu.ulg.ac.be,Boîte de réception - erp.sai@chuliege.be - Outlook,Helpdesk général,2021-03-12,12:44:10,00:00:06
stefano.crapanzano@chu.ulg.ac.be,Boîte de réception - erp.sai@chuliege.be - Outlook,Helpdesk général,2021-03-12,12:50:10,00:00:13
stefano.crapanzano@chu.ulg.ac.be,Boîte de réception - erp.sai@chuliege.be - Outlook,Helpdesk général,2021-03-12,12:55:20,00:00:02
stefano.crapanzano@chu.ulg.ac.be,Boîte de réception - erp.sai@chuliege.be - Outlook,Helpdesk général,2021-03-12,12:55:34,00:00:07
stefano.crapanzano@chu.ulg.ac.be,Boîte de réception - erp.sai@chuliege.be - Outlook,Helpdesk général,2021-03-12,13:30:14,00:00:03
stefano.crapanzano@chu.ulg.ac.be,Boîte de réception - erp.sai@chuliege.be - Outlook,Helpdesk général,2021-03-12,14:17:02,00:01:18
stefano.crapanzano@chu.ulg.ac.be,Boîte de réception - erp.sai@chuliege.be - Outlook,Helpdesk général,2021-03-12,14:19:25,00:00:03
stefano.crapanzano@chu.ulg.ac.be,Boîte de réception - erp.sai@chuliege.be - Outlook,Helpdesk général,2021-03-12,14:25:49,00:00:09
stefano.crapanzano@chu.ulg.ac.be,Boîte de réception - erp.sai@chuliege.be - Outlook,Helpdesk général,2021-03-12,14:33:32,00:00:10
stefano.crapanzano@chu.ulg.ac.be,Boîte de réception - erp.sai@chuliege.be - Outlook,Helpdesk général,2021-03-12,14:39:24,00:04:33
stefano.crapanzano@chu.ulg.ac.be,Boîte de réception - erp.sai@chuliege.be - Outlook,Helpdesk général,2021-03-12,14:50:07,00:00:03
stefano.crapanzano@chu.ulg.ac.be,Boîte de réception - erp.sai@chuliege.be - Outlook,Helpdesk général,2021-03-12,14:52:42,00:00:09
stefano.crapanzano@chu.ulg.ac.be,Boîte de réception - erp.sai@chuliege.be - Outlook,Helpdesk général,2021-03-12,15:02:30,00:00:02
stefano.crapanzano@chu.ulg.ac.be,Boîte de réception - erp.sai@chuliege.be - Outlook,Helpdesk général,2021-03-12,15:04:19,00:00:23
stefano.crapanzano@chu.ulg.ac.be,Boîte de réception - erp.sai@chuliege.be - Outlook,Helpdesk général,2021-03-12,15:40:02,00:00:27
stefano.crapanzano@chu.ulg.ac.be,Boîte de réception - erp.sai@chuliege.be - Outlook,Helpdesk général,2021-03-12,16:16:33,00:00:08
stefano.crapanzano@chu.ulg.ac.be,Boîte de réception - erp.sai@chuliege.be - Outlook,Helpdesk général,2021-03-12,16:17:42,00:00:16
stefano.crapanzano@chu.ulg.ac.be,Boîte de réception - erp.sai@chuliege.be - Outlook,Helpdesk général,2021-03-12,16:22:37,00:00:55
stefano.crapanzano@chu.ulg.ac.be,Boîte de réception - erp.sai@chuliege.be - Outlook,Helpdesk général,2021-03-12,16:29:45,00:00:26
stefano.crapanzano@chu.ulg.ac.be,Boîte de réception - erp.sai@chuliege.be - Outlook,Helpdesk général,2021-03-12,16:30:16,00:00:03
stefano.crapanzano@chu.ulg.ac.be,Boîte de réception - erp.sai@chuliege.be - Outlook,Helpdesk général,2021-03-12,16:42:29,00:00:05
stefano.crapanzano@chu.ulg.ac.be,Boîte de réception - erp.sai@chuliege.be - Outlook,Helpdesk général,2021-03-12,16:42:40,00:00:03
stefano.crapanzano@chu.ulg.ac.be,Boîte de réception - erp.sai@chuliege.be - Outlook,Helpdesk général,2021-03-12,16:59:32,00:00:04
stefano.crapanzano@chu.ulg.ac.be,Boîte de réception - erp.sai@chuliege.be - Outlook,Helpdesk général,2021-03-12,16:59:54,00:00:10
stefano.crapanzano@chu.ulg.ac.be,Programmation,IT,2021-03-12,08:33:57,00:00:07
stefano.crapanzano@chu.ulg.ac.be,Programmation,IT,2021-03-12,08:34:17,00:00:21
stefano.crapanzano@chu.ulg.ac.be,Programmation,IT,2021-03-12,08:38:51,00:01:44
stefano.crapanzano@chu.ulg.ac.be,Programmation,IT,2021-03-12,08:40:52,00:01:20
stefano.crapanzano@chu.ulg.ac.be,Programmation,IT,2021-03-12,08:46:36,00:00:09
stefano.crapanzano@chu.ulg.ac.be,Programmation,IT,2021-03-12,08:47:00,00:00:05
stefano.crapanzano@chu.ulg.ac.be,Programmation,IT,2021-03-12,08:47:17,00:00:06
stefano.crapanzano@chu.ulg.ac.be,Programmation,IT,2021-03-12,08:47:34,00:00:04
stefano.crapanzano@chu.ulg.ac.be,Programmation,IT,2021-03-12,08:47:54,00:01:46
stefano.crapanzano@chu.ulg.ac.be,Programmation,IT,2021-03-12,08:50:30,00:02:05
stefano.crapanzano@chu.ulg.ac.be,Programmation,IT,2021-03-12,08:52:38,00:00:16
stefano.crapanzano@chu.ulg.ac.be,Programmation,IT,2021-03-12,08:53:05,00:00:04
stefano.crapanzano@chu.ulg.ac.be,Programmation,IT,2021-03-12,08:53:14,00:00:39
stefano.crapanzano@chu.ulg.ac.be,Programmation,IT,2021-03-12,08:55:34,00:00:37
stefano.crapanzano@chu.ulg.ac.be,Programmation,IT,2021-03-12,08:56:16,00:00:38
stefano.crapanzano@chu.ulg.ac.be,Programmation,IT,2021-03-12,08:57:46,00:00:04
stefano.crapanzano@chu.ulg.ac.be,Programmation,IT,2021-03-12,08:58:00,00:00:03
stefano.crapanzano@chu.ulg.ac.be,Programmation,IT,2021-03-12,09:00:28,00:00:14
stefano.crapanzano@chu.ulg.ac.be,Programmation,IT,2021-03-12,09:00:46,00:00:02
stefano.crapanzano@chu.ulg.ac.be,Programmation,IT,2021-03-12,09:00:57,00:00:18
stefano.crapanzano@chu.ulg.ac.be,Programmation,IT,2021-03-12,09:01:20,00:00:03
stefano.crapanzano@chu.ulg.ac.be,Programmation,IT,2021-03-12,09:01:32,00:00:41
stefano.crapanzano@chu.ulg.ac.be,Programmation,IT,2021-03-12,09:16:11,00:00:23
stefano.crapanzano@chu.ulg.ac.be,Programmation,IT,2021-03-12,09:18:00,00:00:50
stefano.crapanzano@chu.ulg.ac.be,Programmation,IT,2021-03-12,09:21:24,00:00:48
stefano.crapanzano@chu.ulg.ac.be,Programmation,IT,2021-03-12,10:12:40,00:00:19
stefano.crapanzano@chu.ulg.ac.be,Programmation,IT,2021-03-12,10:13:14,00:00:03
stefano.crapanzano@chu.ulg.ac.be,Programmation,IT,2021-03-12,10:16:07,00:00:03
stefano.crapanzano@chu.ulg.ac.be,Programmation,IT,2021-03-12,10:16:11,00:00:06
stefano.crapanzano@chu.ulg.ac.be,Programmation,IT,2021-03-12,10:16:20,00:00:08
stefano.crapanzano@chu.ulg.ac.be,Programmation,IT,2021-03-12,10:19:31,00:00:12
stefano.crapanzano@chu.ulg.ac.be,Programmation,IT,2021-03-12,10:19:44,00:00:04
stefano.crapanzano@chu.ulg.ac.be,Programmation,IT,2021-03-12,10:19:52,00:00:12
stefano.crapanzano@chu.ulg.ac.be,Programmation,IT,2021-03-12,10:20:07,00:00:14
stefano.crapanzano@chu.ulg.ac.be,Programmation,IT,2021-03-12,10:20:23,00:00:09
stefano.crapanzano@chu.ulg.ac.be,Programmation,IT,2021-03-12,10:20:37,00:00:09
stefano.crapanzano@chu.ulg.ac.be,Programmation,IT,2021-03-12,10:20:50,00:00:12
stefano.crapanzano@chu.ulg.ac.be,Programmation,IT,2021-03-12,10:21:14,00:00:15
stefano.crapanzano@chu.ulg.ac.be,Programmation,IT,2021-03-12,10:21:31,00:00:02
stefano.crapanzano@chu.ulg.ac.be,Programmation,IT,2021-03-12,10:21:58,00:00:03
stefano.crapanzano@chu.ulg.ac.be,Programmation,IT,2021-03-12,10:22:15,00:00:06
stefano.crapanzano@chu.ulg.ac.be,Programmation,IT,2021-03-12,10:22:27,00:00:36
stefano.crapanzano@chu.ulg.ac.be,Programmation,IT,2021-03-12,10:23:34,00:00:25
stefano.crapanzano@chu.ulg.ac.be,Programmation,IT,2021-03-12,10:24:01,00:00:16
stefano.crapanzano@chu.ulg.ac.be,Programmation,IT,2021-03-12,10:24:28,00:01:57
stefano.crapanzano@chu.ulg.ac.be,Programmation,IT,2021-03-12,10:26:28,00:00:25
stefano.crapanzano@chu.ulg.ac.be,Programmation,IT,2021-03-12,10:27:03,00:00:15
stefano.crapanzano@chu.ulg.ac.be,Programmation,IT,2021-03-12,10:27:21,00:00:12
stefano.crapanzano@chu.ulg.ac.be,Programmation,IT,2021-03-12,10:27:35,00:00:19
stefano.crapanzano@chu.ulg.ac.be,Programmation,IT,2021-03-12,10:27:59,00:00:12
stefano.crapanzano@chu.ulg.ac.be,Programmation,IT,2021-03-12,10:28:26,00:00:09
stefano.crapanzano@chu.ulg.ac.be,Programmation,IT,2021-03-12,10:28:39,00:00:04
stefano.crapanzano@chu.ulg.ac.be,Programmation,IT,2021-03-12,10:28:46,00:00:09
stefano.crapanzano@chu.ulg.ac.be,Programmation,IT,2021-03-12,10:29:58,00:00:18
stefano.crapanzano@chu.ulg.ac.be,Programmation,IT,2021-03-12,10:30:25,00:00:04
stefano.crapanzano@chu.ulg.ac.be,Programmation,IT,2021-03-12,10:30:34,00:00:05
stefano.crapanzano@chu.ulg.ac.be,Programmation,IT,2021-03-12,10:30:53,00:00:05
stefano.crapanzano@chu.ulg.ac.be,Programmation,IT,2021-03-12,10:31:01,00:00:04
stefano.crapanzano@chu.ulg.ac.be,Programmation,IT,2021-03-12,10:31:08,00:00:12
stefano.crapanzano@chu.ulg.ac.be,Programmation,IT,2021-03-12,10:31:24,00:00:18
stefano.crapanzano@chu.ulg.ac.be,Programmation,IT,2021-03-12,10:31:55,00:00:26
stefano.crapanzano@chu.ulg.ac.be,Programmation,IT,2021-03-12,10:33:00,00:00:16
stefano.crapanzano@chu.ulg.ac.be,Programmation,IT,2021-03-12,10:33:22,00:00:18
stefano.crapanzano@chu.ulg.ac.be,Programmation,IT,2021-03-12,10:33:55,00:00:03
stefano.crapanzano@chu.ulg.ac.be,Programmation,IT,2021-03-12,10:34:23,00:00:29
stefano.crapanzano@chu.ulg.ac.be,Programmation,IT,2021-03-12,10:35:13,00:01:07
stefano.crapanzano@chu.ulg.ac.be,Programmation,IT,2021-03-12,10:37:02,00:00:16
stefano.crapanzano@chu.ulg.ac.be,Programmation,IT,2021-03-12,10:37:43,00:00:09
stefano.crapanzano@chu.ulg.ac.be,Programmation,IT,2021-03-12,10:37:55,00:00:05
stefano.crapanzano@chu.ulg.ac.be,Programmation,IT,2021-03-12,10:38:11,00:02:40
stefano.crapanzano@chu.ulg.ac.be,Programmation,IT,2021-03-12,10:41:05,00:00:47
stefano.crapanzano@chu.ulg.ac.be,Programmation,IT,2021-03-12,10:42:20,00:00:06
stefano.crapanzano@chu.ulg.ac.be,Programmation,IT,2021-03-12,10:42:45,00:00:04
stefano.crapanzano@chu.ulg.ac.be,Programmation,IT,2021-03-12,10:43:18,00:00:03
stefano.crapanzano@chu.ulg.ac.be,Programmation,IT,2021-03-12,10:43:25,00:00:02
stefano.crapanzano@chu.ulg.ac.be,Programmation,IT,2021-03-12,10:43:43,00:00:04
stefano.crapanzano@chu.ulg.ac.be,Programmation,IT,2021-03-12,10:48:01,00:37:05
stefano.crapanzano@chu.ulg.ac.be,Programmation,IT,2021-03-12,12:54:59,00:00:03
stefano.crapanzano@chu.ulg.ac.be,Programmation,IT,2021-03-12,12:58:45,00:07:05
stefano.crapanzano@chu.ulg.ac.be,Programmation,IT,2021-03-12,13:06:15,00:00:05
stefano.crapanzano@chu.ulg.ac.be,Programmation,IT,2021-03-12,13:06:22,00:02:40
stefano.crapanzano@chu.ulg.ac.be,Programmation,IT,2021-03-12,13:09:07,00:00:16
stefano.crapanzano@chu.ulg.ac.be,Programmation,IT,2021-03-12,13:09:44,00:00:40
stefano.crapanzano@chu.ulg.ac.be,Programmation,IT,2021-03-12,13:10:57,00:06:36
stefano.crapanzano@chu.ulg.ac.be,Programmation,IT,2021-03-12,13:17:35,00:00:06
stefano.crapanzano@chu.ulg.ac.be,Programmation,IT,2021-03-12,13:17:52,00:09:32
stefano.crapanzano@chu.ulg.ac.be,Programmation,IT,2021-03-12,13:27:27,00:02:47
stefano.crapanzano@chu.ulg.ac.be,Programmation,IT,2021-03-12,13:30:18,00:20:20
stefano.crapanzano@chu.ulg.ac.be,Programmation,IT,2021-03-12,13:51:38,00:00:37
stefano.crapanzano@chu.ulg.ac.be,Programmation,IT,2021-03-12,13:52:19,00:00:14
stefano.crapanzano@chu.ulg.ac.be,Programmation,IT,2021-03-12,13:52:36,00:00:16
stefano.crapanzano@chu.ulg.ac.be,Programmation,IT,2021-03-12,13:52:57,00:00:38
stefano.crapanzano@chu.ulg.ac.be,Programmation,IT,2021-03-12,13:55:02,00:00:28
stefano.crapanzano@chu.ulg.ac.be,Programmation,IT,2021-03-12,13:55:32,00:00:40
stefano.crapanzano@chu.ulg.ac.be,Programmation,IT,2021-03-12,13:56:20,00:00:24
stefano.crapanzano@chu.ulg.ac.be,Programmation,IT,2021-03-12,13:56:47,00:01:55
stefano.crapanzano@chu.ulg.ac.be,Programmation,IT,2021-03-12,14:00:07,00:00:37
stefano.crapanzano@chu.ulg.ac.be,Programmation,IT,2021-03-12,14:05:04,00:01:10
stefano.crapanzano@chu.ulg.ac.be,Programmation,IT,2021-03-12,14:06:15,00:00:19
stefano.crapanzano@chu.ulg.ac.be,Programmation,IT,2021-03-12,14:06:36,00:01:42
stefano.crapanzano@chu.ulg.ac.be,Programmation,IT,2021-03-12,14:08:32,00:00:07
stefano.crapanzano@chu.ulg.ac.be,Programmation,IT,2021-03-12,14:09:06,00:00:18
stefano.crapanzano@chu.ulg.ac.be,Programmation,IT,2021-03-12,14:09:48,00:00:24
stefano.crapanzano@chu.ulg.ac.be,Programmation,IT,2021-03-12,14:10:20,00:00:07
stefano.crapanzano@chu.ulg.ac.be,Programmation,IT,2021-03-12,14:10:56,00:01:35
stefano.crapanzano@chu.ulg.ac.be,Programmation,IT,2021-03-12,14:12:38,00:01:42
stefano.crapanzano@chu.ulg.ac.be,Programmation,IT,2021-03-12,14:14:26,00:00:14
stefano.crapanzano@chu.ulg.ac.be,Programmation,IT,2021-03-12,14:14:53,00:02:04
stefano.crapanzano@chu.ulg.ac.be,Programmation,IT,2021-03-12,14:18:21,00:01:03
stefano.crapanzano@chu.ulg.ac.be,Programmation,IT,2021-03-12,14:19:28,00:06:20
stefano.crapanzano@chu.ulg.ac.be,Programmation,IT,2021-03-12,14:25:59,00:00:12
stefano.crapanzano@chu.ulg.ac.be,Programmation,IT,2021-03-12,14:28:19,00:00:05
stefano.crapanzano@chu.ulg.ac.be,Programmation,IT,2021-03-12,14:28:38,00:00:13
stefano.crapanzano@chu.ulg.ac.be,Programmation,IT,2021-03-12,14:32:19,00:00:04
stefano.crapanzano@chu.ulg.ac.be,Programmation,IT,2021-03-12,14:32:29,00:00:07
stefano.crapanzano@chu.ulg.ac.be,Programmation,IT,2021-03-12,14:33:14,00:00:02
stefano.crapanzano@chu.ulg.ac.be,Programmation,IT,2021-03-12,14:33:21,00:00:02
stefano.crapanzano@chu.ulg.ac.be,Programmation,IT,2021-03-12,14:43:58,00:01:43
stefano.crapanzano@chu.ulg.ac.be,Programmation,IT,2021-03-12,14:45:52,00:00:10
stefano.crapanzano@chu.ulg.ac.be,Programmation,IT,2021-03-12,14:46:07,00:00:03
stefano.crapanzano@chu.ulg.ac.be,Programmation,IT,2021-03-12,14:56:54,00:00:36
stefano.crapanzano@chu.ulg.ac.be,Programmation,IT,2021-03-12,15:00:21,00:00:10
stefano.crapanzano@chu.ulg.ac.be,Programmation,IT,2021-03-12,15:01:41,00:00:49
stefano.crapanzano@chu.ulg.ac.be,Programmation,IT,2021-03-12,15:04:43,00:01:01
stefano.crapanzano@chu.ulg.ac.be,Programmation,IT,2021-03-12,15:06:12,00:00:02
stefano.crapanzano@chu.ulg.ac.be,Programmation,IT,2021-03-12,15:06:28,00:00:05
stefano.crapanzano@chu.ulg.ac.be,Programmation,IT,2021-03-12,15:06:57,00:00:57
stefano.crapanzano@chu.ulg.ac.be,Programmation,IT,2021-03-12,15:08:04,00:01:54
stefano.crapanzano@chu.ulg.ac.be,Programmation,IT,2021-03-12,15:10:33,00:00:07
stefano.crapanzano@chu.ulg.ac.be,Programmation,IT,2021-03-12,15:11:05,00:00:08
stefano.crapanzano@chu.ulg.ac.be,Programmation,IT,2021-03-12,15:11:14,00:01:41
stefano.crapanzano@chu.ulg.ac.be,Programmation,IT,2021-03-12,15:15:25,00:05:54
stefano.crapanzano@chu.ulg.ac.be,Programmation,IT,2021-03-12,15:21:32,00:00:03
stefano.crapanzano@chu.ulg.ac.be,Programmation,IT,2021-03-12,15:22:00,00:01:59
stefano.crapanzano@chu.ulg.ac.be,Programmation,IT,2021-03-12,15:24:31,00:00:04
stefano.crapanzano@chu.ulg.ac.be,Programmation,IT,2021-03-12,15:24:54,00:00:03
stefano.crapanzano@chu.ulg.ac.be,Programmation,IT,2021-03-12,15:25:14,00:00:14
stefano.crapanzano@chu.ulg.ac.be,Programmation,IT,2021-03-12,15:28:39,00:02:06
stefano.crapanzano@chu.ulg.ac.be,Programmation,IT,2021-03-12,15:30:50,00:00:25
stefano.crapanzano@chu.ulg.ac.be,Programmation,IT,2021-03-12,15:31:17,00:00:03
stefano.crapanzano@chu.ulg.ac.be,Programmation,IT,2021-03-12,15:31:23,00:00:15
stefano.crapanzano@chu.ulg.ac.be,Programmation,IT,2021-03-12,15:31:39,00:01:25
stefano.crapanzano@chu.ulg.ac.be,Programmation,IT,2021-03-12,15:33:23,00:00:29
stefano.crapanzano@chu.ulg.ac.be,Programmation,IT,2021-03-12,15:34:05,00:00:12
stefano.crapanzano@chu.ulg.ac.be,Programmation,IT,2021-03-12,15:34:20,00:00:25
stefano.crapanzano@chu.ulg.ac.be,Programmation,IT,2021-03-12,15:35:11,00:00:07
stefano.crapanzano@chu.ulg.ac.be,Programmation,IT,2021-03-12,15:37:51,00:01:28
stefano.crapanzano@chu.ulg.ac.be,Programmation,IT,2021-03-12,15:39:29,00:00:28
stefano.crapanzano@chu.ulg.ac.be,Programmation,IT,2021-03-12,15:40:30,00:03:44
stefano.crapanzano@chu.ulg.ac.be,Programmation,IT,2021-03-12,15:44:36,00:06:02
stefano.crapanzano@chu.ulg.ac.be,Programmation,IT,2021-03-12,15:50:40,00:11:40
stefano.crapanzano@chu.ulg.ac.be,Programmation,IT,2021-03-12,16:02:25,00:00:05
stefano.crapanzano@chu.ulg.ac.be,Programmation,IT,2021-03-12,16:04:21,00:00:14
stefano.crapanzano@chu.ulg.ac.be,Programmation,IT,2021-03-12,16:05:15,00:00:11
stefano.crapanzano@chu.ulg.ac.be,Programmation,IT,2021-03-12,16:05:27,00:00:55
stefano.crapanzano@chu.ulg.ac.be,Programmation,IT,2021-03-12,16:06:43,00:03:22
stefano.crapanzano@chu.ulg.ac.be,Programmation,IT,2021-03-12,16:12:19,00:00:07
stefano.crapanzano@chu.ulg.ac.be,Programmation,IT,2021-03-12,16:12:28,00:01:31
stefano.crapanzano@chu.ulg.ac.be,Programmation,IT,2021-03-12,16:14:01,00:00:11
stefano.crapanzano@chu.ulg.ac.be,Programmation,IT,2021-03-12,16:14:20,00:02:09
stefano.crapanzano@chu.ulg.ac.be,Programmation,IT,2021-03-12,16:17:04,00:00:07
stefano.crapanzano@chu.ulg.ac.be,Programmation,IT,2021-03-12,16:17:17,00:00:04
stefano.crapanzano@chu.ulg.ac.be,Programmation,IT,2021-03-12,16:17:25,00:00:05
stefano.crapanzano@chu.ulg.ac.be,Programmation,IT,2021-03-12,16:17:59,00:01:55
stefano.crapanzano@chu.ulg.ac.be,Programmation,IT,2021-03-12,16:20:17,00:00:02
stefano.crapanzano@chu.ulg.ac.be,Programmation,IT,2021-03-12,16:20:42,00:00:03
stefano.crapanzano@chu.ulg.ac.be,Programmation,IT,2021-03-12,16:40:22,00:00:11
stefano.crapanzano@chu.ulg.ac.be,Programmation,IT,2021-03-12,16:47:14,00:00:04
stefano.crapanzano@chu.ulg.ac.be,Programmation,IT,2021-03-12,16:48:53,00:00:05
stefano.crapanzano@chu.ulg.ac.be,Programmation,IT,2021-03-12,16:49:17,00:00:02
stefano.crapanzano@chu.ulg.ac.be,Programmation,IT,2021-03-12,16:50:45,00:00:15
stefano.crapanzano@chu.ulg.ac.be,Programmation,IT,2021-03-12,16:52:09,00:00:23
stefano.crapanzano@chu.ulg.ac.be,Programmation,IT,2021-03-12,16:52:33,00:00:39
stefano.crapanzano@chu.ulg.ac.be,Programmation,IT,2021-03-12,16:53:52,00:00:10
stefano.crapanzano@chu.ulg.ac.be,Programmation,IT,2021-03-12,16:54:57,00:00:57
stefano.crapanzano@chu.ulg.ac.be,Programmation,IT,2021-03-12,16:59:21,00:00:05
stefano.crapanzano@chu.ulg.ac.be,Navigation système de fichier,IT,2021-03-12,08:33:26,00:00:02
stefano.crapanzano@chu.ulg.ac.be,Navigation système de fichier,IT,2021-03-12,08:34:04,00:00:12
stefano.crapanzano@chu.ulg.ac.be,Navigation système de fichier,IT,2021-03-12,08:37:59,00:00:06
stefano.crapanzano@chu.ulg.ac.be,Navigation système de fichier,IT,2021-03-12,08:38:10,00:00:03
stefano.crapanzano@chu.ulg.ac.be,Navigation système de fichier,IT,2021-03-12,08:38:25,00:00:03
stefano.crapanzano@chu.ulg.ac.be,Navigation système de fichier,IT,2021-03-12,08:38:40,00:00:02
stefano.crapanzano@chu.ulg.ac.be,Navigation système de fichier,IT,2021-03-12,08:38:45,00:00:05
stefano.crapanzano@chu.ulg.ac.be,Navigation système de fichier,IT,2021-03-12,08:46:02,00:00:07
stefano.crapanzano@chu.ulg.ac.be,Navigation système de fichier,IT,2021-03-12,08:46:14,00:00:13
stefano.crapanzano@chu.ulg.ac.be,Navigation système de fichier,IT,2021-03-12,08:46:28,00:00:05
stefano.crapanzano@chu.ulg.ac.be,Navigation système de fichier,IT,2021-03-12,08:46:46,00:00:14
stefano.crapanzano@chu.ulg.ac.be,Navigation système de fichier,IT,2021-03-12,08:47:05,00:00:02
stefano.crapanzano@chu.ulg.ac.be,Navigation système de fichier,IT,2021-03-12,08:47:11,00:00:06
stefano.crapanzano@chu.ulg.ac.be,Navigation système de fichier,IT,2021-03-12,08:47:43,00:00:06
stefano.crapanzano@chu.ulg.ac.be,Navigation système de fichier,IT,2021-03-12,08:50:28,00:00:02
stefano.crapanzano@chu.ulg.ac.be,Navigation système de fichier,IT,2021-03-12,08:52:36,00:00:02
stefano.crapanzano@chu.ulg.ac.be,Navigation système de fichier,IT,2021-03-12,08:52:56,00:00:04
stefano.crapanzano@chu.ulg.ac.be,Navigation système de fichier,IT,2021-03-12,08:53:53,00:00:02
stefano.crapanzano@chu.ulg.ac.be,Navigation système de fichier,IT,2021-03-12,08:55:15,00:00:02
stefano.crapanzano@chu.ulg.ac.be,Navigation système de fichier,IT,2021-03-12,08:57:38,00:00:02
stefano.crapanzano@chu.ulg.ac.be,Navigation système de fichier,IT,2021-03-12,09:00:01,00:00:03
stefano.crapanzano@chu.ulg.ac.be,Navigation système de fichier,IT,2021-03-12,09:00:26,00:00:02
stefano.crapanzano@chu.ulg.ac.be,Navigation système de fichier,IT,2021-03-12,09:08:47,00:00:02
stefano.crapanzano@chu.ulg.ac.be,Navigation système de fichier,IT,2021-03-12,09:09:07,00:00:04
stefano.crapanzano@chu.ulg.ac.be,Navigation système de fichier,IT,2021-03-12,09:09:14,00:00:03
stefano.crapanzano@chu.ulg.ac.be,Navigation système de fichier,IT,2021-03-12,09:09:20,00:00:02
stefano.crapanzano@chu.ulg.ac.be,Navigation système de fichier,IT,2021-03-12,09:09:24,00:00:12
stefano.crapanzano@chu.ulg.ac.be,Navigation système de fichier,IT,2021-03-12,09:09:40,00:00:02
stefano.crapanzano@chu.ulg.ac.be,Navigation système de fichier,IT,2021-03-12,09:15:24,00:00:03
stefano.crapanzano@chu.ulg.ac.be,Navigation système de fichier,IT,2021-03-12,09:15:29,00:00:06
stefano.crapanzano@chu.ulg.ac.be,Navigation système de fichier,IT,2021-03-12,09:15:56,00:00:07
stefano.crapanzano@chu.ulg.ac.be,Navigation système de fichier,IT,2021-03-12,09:32:53,00:00:07
stefano.crapanzano@chu.ulg.ac.be,Navigation système de fichier,IT,2021-03-12,09:40:46,00:00:04
stefano.crapanzano@chu.ulg.ac.be,Navigation système de fichier,IT,2021-03-12,09:41:59,00:00:02
stefano.crapanzano@chu.ulg.ac.be,Navigation système de fichier,IT,2021-03-12,09:43:55,00:00:27
stefano.crapanzano@chu.ulg.ac.be,Navigation système de fichier,IT,2021-03-12,09:49:03,00:00:02
stefano.crapanzano@chu.ulg.ac.be,Navigation système de fichier,IT,2021-03-12,09:54:23,00:04:24
stefano.crapanzano@chu.ulg.ac.be,Navigation système de fichier,IT,2021-03-12,09:58:49,00:00:05
stefano.crapanzano@chu.ulg.ac.be,Navigation système de fichier,IT,2021-03-12,09:59:14,00:00:07
stefano.crapanzano@chu.ulg.ac.be,Navigation système de fichier,IT,2021-03-12,10:03:24,00:00:02
stefano.crapanzano@chu.ulg.ac.be,Navigation système de fichier,IT,2021-03-12,10:05:29,00:00:02
stefano.crapanzano@chu.ulg.ac.be,Navigation système de fichier,IT,2021-03-12,10:09:14,00:00:06
stefano.crapanzano@chu.ulg.ac.be,Navigation système de fichier,IT,2021-03-12,10:19:28,00:00:02
stefano.crapanzano@chu.ulg.ac.be,Navigation système de fichier,IT,2021-03-12,10:22:24,00:00:02
stefano.crapanzano@chu.ulg.ac.be,Navigation système de fichier,IT,2021-03-12,10:28:56,00:00:07
stefano.crapanzano@chu.ulg.ac.be,Navigation système de fichier,IT,2021-03-12,10:29:17,00:00:03
stefano.crapanzano@chu.ulg.ac.be,Navigation système de fichier,IT,2021-03-12,10:41:58,00:00:02
stefano.crapanzano@chu.ulg.ac.be,Navigation système de fichier,IT,2021-03-12,10:42:43,00:00:02
stefano.crapanzano@chu.ulg.ac.be,Navigation système de fichier,IT,2021-03-12,10:47:58,00:00:02
stefano.crapanzano@chu.ulg.ac.be,Navigation système de fichier,IT,2021-03-12,11:26:53,00:00:03
stefano.crapanzano@chu.ulg.ac.be,Navigation système de fichier,IT,2021-03-12,11:27:22,00:00:02
stefano.crapanzano@chu.ulg.ac.be,Navigation système de fichier,IT,2021-03-12,11:59:11,00:00:02
stefano.crapanzano@chu.ulg.ac.be,Navigation système de fichier,IT,2021-03-12,12:02:09,00:00:02
stefano.crapanzano@chu.ulg.ac.be,Navigation système de fichier,IT,2021-03-12,12:12:36,00:00:02
stefano.crapanzano@chu.ulg.ac.be,Navigation système de fichier,IT,2021-03-12,12:15:30,00:00:02
stefano.crapanzano@chu.ulg.ac.be,Navigation système de fichier,IT,2021-03-12,12:16:07,00:00:11
stefano.crapanzano@chu.ulg.ac.be,Navigation système de fichier,IT,2021-03-12,12:23:39,00:00:03
stefano.crapanzano@chu.ulg.ac.be,Navigation système de fichier,IT,2021-03-12,12:31:23,00:00:05
stefano.crapanzano@chu.ulg.ac.be,Navigation système de fichier,IT,2021-03-12,12:32:54,00:00:16
stefano.crapanzano@chu.ulg.ac.be,Navigation système de fichier,IT,2021-03-12,12:33:36,00:00:03
stefano.crapanzano@chu.ulg.ac.be,Navigation système de fichier,IT,2021-03-12,12:34:17,00:00:05
stefano.crapanzano@chu.ulg.ac.be,Navigation système de fichier,IT,2021-03-12,12:44:07,00:00:02
stefano.crapanzano@chu.ulg.ac.be,Navigation système de fichier,IT,2021-03-12,12:46:43,00:00:03
stefano.crapanzano@chu.ulg.ac.be,Navigation système de fichier,IT,2021-03-12,12:50:08,00:00:02
stefano.crapanzano@chu.ulg.ac.be,Navigation système de fichier,IT,2021-03-12,12:55:28,00:00:03
stefano.crapanzano@chu.ulg.ac.be,Navigation système de fichier,IT,2021-03-12,12:55:41,00:00:02
stefano.crapanzano@chu.ulg.ac.be,Navigation système de fichier,IT,2021-03-12,12:58:42,00:00:03
stefano.crapanzano@chu.ulg.ac.be,Navigation système de fichier,IT,2021-03-12,13:09:24,00:00:05
stefano.crapanzano@chu.ulg.ac.be,Navigation système de fichier,IT,2021-03-12,13:09:30,00:00:03
stefano.crapanzano@chu.ulg.ac.be,Navigation système de fichier,IT,2021-03-12,13:09:42,00:00:02
stefano.crapanzano@chu.ulg.ac.be,Navigation système de fichier,IT,2021-03-12,13:50:39,00:00:04
stefano.crapanzano@chu.ulg.ac.be,Navigation système de fichier,IT,2021-03-12,13:52:53,00:00:02
stefano.crapanzano@chu.ulg.ac.be,Navigation système de fichier,IT,2021-03-12,13:53:36,00:00:02
stefano.crapanzano@chu.ulg.ac.be,Navigation système de fichier,IT,2021-03-12,14:09:41,00:00:02
stefano.crapanzano@chu.ulg.ac.be,Navigation système de fichier,IT,2021-03-12,14:26:11,00:00:02
stefano.crapanzano@chu.ulg.ac.be,Navigation système de fichier,IT,2021-03-12,14:26:54,00:00:06
stefano.crapanzano@chu.ulg.ac.be,Navigation système de fichier,IT,2021-03-12,14:28:16,00:00:03
stefano.crapanzano@chu.ulg.ac.be,Navigation système de fichier,IT,2021-03-12,14:32:17,00:00:02
stefano.crapanzano@chu.ulg.ac.be,Navigation système de fichier,IT,2021-03-12,14:45:41,00:00:02
stefano.crapanzano@chu.ulg.ac.be,Navigation système de fichier,IT,2021-03-12,14:57:30,00:00:02
stefano.crapanzano@chu.ulg.ac.be,Navigation système de fichier,IT,2021-03-12,15:01:38,00:00:02
stefano.crapanzano@chu.ulg.ac.be,Navigation système de fichier,IT,2021-03-12,15:05:45,00:00:18
stefano.crapanzano@chu.ulg.ac.be,Navigation système de fichier,IT,2021-03-12,15:06:05,00:00:02
stefano.crapanzano@chu.ulg.ac.be,Navigation système de fichier,IT,2021-03-12,15:06:15,00:00:13
stefano.crapanzano@chu.ulg.ac.be,Navigation système de fichier,IT,2021-03-12,15:06:40,00:00:06
stefano.crapanzano@chu.ulg.ac.be,Navigation système de fichier,IT,2021-03-12,15:06:51,00:00:05
stefano.crapanzano@chu.ulg.ac.be,Navigation système de fichier,IT,2021-03-12,15:09:59,00:00:06
stefano.crapanzano@chu.ulg.ac.be,Navigation système de fichier,IT,2021-03-12,15:15:23,00:00:02
stefano.crapanzano@chu.ulg.ac.be,Navigation système de fichier,IT,2021-03-12,15:25:09,00:00:04
stefano.crapanzano@chu.ulg.ac.be,Navigation système de fichier,IT,2021-03-12,15:25:28,00:00:16
stefano.crapanzano@chu.ulg.ac.be,Navigation système de fichier,IT,2021-03-12,15:27:08,00:00:17
stefano.crapanzano@chu.ulg.ac.be,Navigation système de fichier,IT,2021-03-12,15:27:29,00:00:05
stefano.crapanzano@chu.ulg.ac.be,Navigation système de fichier,IT,2021-03-12,15:27:49,00:00:06
stefano.crapanzano@chu.ulg.ac.be,Navigation système de fichier,IT,2021-03-12,15:28:05,00:00:12
stefano.crapanzano@chu.ulg.ac.be,Navigation système de fichier,IT,2021-03-12,15:28:33,00:00:05
stefano.crapanzano@chu.ulg.ac.be,Navigation système de fichier,IT,2021-03-12,15:30:45,00:00:02
stefano.crapanzano@chu.ulg.ac.be,Navigation système de fichier,IT,2021-03-12,15:31:15,00:00:02
stefano.crapanzano@chu.ulg.ac.be,Navigation système de fichier,IT,2021-03-12,15:31:20,00:00:02
stefano.crapanzano@chu.ulg.ac.be,Navigation système de fichier,IT,2021-03-12,15:33:05,00:00:02
stefano.crapanzano@chu.ulg.ac.be,Navigation système de fichier,IT,2021-03-12,15:34:18,00:00:02
stefano.crapanzano@chu.ulg.ac.be,Navigation système de fichier,IT,2021-03-12,15:35:25,00:00:02
stefano.crapanzano@chu.ulg.ac.be,Navigation système de fichier,IT,2021-03-12,15:37:35,00:00:02
stefano.crapanzano@chu.ulg.ac.be,Navigation système de fichier,IT,2021-03-12,15:37:49,00:00:02
stefano.crapanzano@chu.ulg.ac.be,Navigation système de fichier,IT,2021-03-12,15:44:14,00:00:02
stefano.crapanzano@chu.ulg.ac.be,Navigation système de fichier,IT,2021-03-12,16:02:21,00:00:02
stefano.crapanzano@chu.ulg.ac.be,Navigation système de fichier,IT,2021-03-12,16:10:11,00:00:06
stefano.crapanzano@chu.ulg.ac.be,Navigation système de fichier,IT,2021-03-12,16:12:10,00:00:02
stefano.crapanzano@chu.ulg.ac.be,Navigation système de fichier,IT,2021-03-12,16:14:12,00:00:03
stefano.crapanzano@chu.ulg.ac.be,Navigation système de fichier,IT,2021-03-12,16:20:19,00:00:02
stefano.crapanzano@chu.ulg.ac.be,Navigation système de fichier,IT,2021-03-12,16:30:13,00:00:02
stefano.crapanzano@chu.ulg.ac.be,Navigation système de fichier,IT,2021-03-12,16:40:12,00:00:10
stefano.crapanzano@chu.ulg.ac.be,Navigation système de fichier,IT,2021-03-12,16:42:27,00:00:02
stefano.crapanzano@chu.ulg.ac.be,Navigation système de fichier,IT,2021-03-12,16:42:37,00:00:02
stefano.crapanzano@chu.ulg.ac.be,Navigation système de fichier,IT,2021-03-12,16:47:12,00:00:02
stefano.crapanzano@chu.ulg.ac.be,Navigation système de fichier,IT,2021-03-12,16:51:01,00:00:03
stefano.crapanzano@chu.ulg.ac.be,Navigation système de fichier,IT,2021-03-12,16:53:13,00:00:04
stefano.crapanzano@chu.ulg.ac.be,Navigation système de fichier,IT,2021-03-12,16:55:55,00:00:02
stefano.crapanzano@chu.ulg.ac.be,Navigation système de fichier,IT,2021-03-12,17:00:36,00:00:02
stefano.crapanzano@chu.ulg.ac.be,SVN_LOCAL – test_levenshtein.pl [PERL] (Administrator),IT,2021-03-12,08:34:39,00:00:15
stefano.crapanzano@chu.ulg.ac.be,SVN_LOCAL – test_levenshtein.pl [PERL] (Administrator),IT,2021-03-12,08:35:54,00:00:07
stefano.crapanzano@chu.ulg.ac.be,Settings,IT,2021-03-12,08:34:55,00:00:25
stefano.crapanzano@chu.ulg.ac.be,taskeng.exe,IT,2021-03-12,08:35:23,00:00:07
stefano.crapanzano@chu.ulg.ac.be,DB Navigator - Settings,IT,2021-03-12,08:36:01,00:00:03
stefano.crapanzano@chu.ulg.ac.be,DB Navigator - Settings,IT,2021-03-12,08:36:11,00:00:31
stefano.crapanzano@chu.ulg.ac.be,DB Navigator - Settings,IT,2021-03-12,08:36:46,00:00:09
stefano.crapanzano@chu.ulg.ac.be,DB Navigator - Settings,IT,2021-03-12,08:36:59,00:00:02
stefano.crapanzano@chu.ulg.ac.be,DB Navigator - Settings,IT,2021-03-12,08:37:13,00:00:26
stefano.crapanzano@chu.ulg.ac.be,DB Navigator - Invalid configuration,IT,2021-03-12,08:36:55,00:00:03
stefano.crapanzano@chu.ulg.ac.be,TR: CHU. Accès aux données - POC - Message (HTML),Helpdesk général,2021-03-12,08:37:41,00:00:02
stefano.crapanzano@chu.ulg.ac.be,TR: CHU. Accès aux données - POC - Message (HTML),Helpdesk général,2021-03-12,08:37:48,00:00:03
stefano.crapanzano@chu.ulg.ac.be,TR: CHU. Accès aux données - POC - Message (HTML),Helpdesk général,2021-03-12,09:09:17,00:00:02
stefano.crapanzano@chu.ulg.ac.be,RE: CHU. Accès aux données - POC - Message (HTML),Helpdesk général,2021-03-12,08:37:43,00:00:04
stefano.crapanzano@chu.ulg.ac.be,RE: CHU. Accès aux données - POC - Message (HTML),Helpdesk général,2021-03-12,08:38:17,00:00:08
stefano.crapanzano@chu.ulg.ac.be,RE: CHU. Accès aux données - POC - Message (HTML),Helpdesk général,2021-03-12,08:38:32,00:00:07
stefano.crapanzano@chu.ulg.ac.be,RE: CHU. Accès aux données - POC - Message (HTML),Helpdesk général,2021-03-12,08:53:00,00:00:03
stefano.crapanzano@chu.ulg.ac.be,RE: CHU. Accès aux données - POC - Message (HTML),Helpdesk général,2021-03-12,08:53:10,00:00:03
stefano.crapanzano@chu.ulg.ac.be,RE: CHU. Accès aux données - POC - Message (HTML),Helpdesk général,2021-03-12,08:55:17,00:00:15
stefano.crapanzano@chu.ulg.ac.be,RE: CHU. Accès aux données - POC - Message (HTML),Helpdesk général,2021-03-12,08:56:12,00:00:02
stefano.crapanzano@chu.ulg.ac.be,RE: CHU. Accès aux données - POC - Message (HTML),Helpdesk général,2021-03-12,08:57:40,00:00:05
stefano.crapanzano@chu.ulg.ac.be,RE: CHU. Accès aux données - POC - Message (HTML),Helpdesk général,2021-03-12,08:57:57,00:00:03
stefano.crapanzano@chu.ulg.ac.be,RE: CHU. Accès aux données - POC - Message (HTML),Helpdesk général,2021-03-12,08:58:08,00:01:52
stefano.crapanzano@chu.ulg.ac.be,RE: CHU. Accès aux données - POC - Message (HTML),Helpdesk général,2021-03-12,09:00:50,00:00:05
stefano.crapanzano@chu.ulg.ac.be,RE: CHU. Accès aux données - POC - Message (HTML),Helpdesk général,2021-03-12,09:01:17,00:00:03
stefano.crapanzano@chu.ulg.ac.be,RE: CHU. Accès aux données - POC - Message (HTML),Helpdesk général,2021-03-12,09:01:30,00:00:02
stefano.crapanzano@chu.ulg.ac.be,RE: CHU. Accès aux données - POC - Message (HTML),Helpdesk général,2021-03-12,09:02:18,00:02:54
stefano.crapanzano@chu.ulg.ac.be,RE: CHU. Accès aux données - POC - Message (HTML),Helpdesk général,2021-03-12,09:05:15,00:00:13
stefano.crapanzano@chu.ulg.ac.be,Présence au CHU - Message (HTML),Helpdesk général,2021-03-12,08:40:36,00:00:15
stefano.crapanzano@chu.ulg.ac.be,Présence au CHU - Message (HTML),Helpdesk général,2021-03-12,08:42:13,00:00:05
stefano.crapanzano@chu.ulg.ac.be,Présence au CHU - Message (HTML),Helpdesk général,2021-03-12,09:09:22,00:00:02
stefano.crapanzano@chu.ulg.ac.be,Présence au CHU - Message (HTML),Helpdesk général,2021-03-12,09:09:37,00:00:03
stefano.crapanzano@chu.ulg.ac.be,Lecture documentation,Tâches diverses,2021-03-12,08:42:20,00:00:29
stefano.crapanzano@chu.ulg.ac.be,Lecture documentation,Tâches diverses,2021-03-12,08:43:09,00:02:52
stefano.crapanzano@chu.ulg.ac.be,Lecture documentation,Tâches diverses,2021-03-12,08:46:09,00:00:04
stefano.crapanzano@chu.ulg.ac.be,Lecture documentation,Tâches diverses,2021-03-12,08:47:08,00:00:03
stefano.crapanzano@chu.ulg.ac.be,Lecture documentation,Tâches diverses,2021-03-12,08:47:25,00:00:02
stefano.crapanzano@chu.ulg.ac.be,Lecture documentation,Tâches diverses,2021-03-12,08:47:31,00:00:03
stefano.crapanzano@chu.ulg.ac.be,Lecture documentation,Tâches diverses,2021-03-12,08:47:38,00:00:04
stefano.crapanzano@chu.ulg.ac.be,Lecture documentation,Tâches diverses,2021-03-12,08:47:49,00:00:03
stefano.crapanzano@chu.ulg.ac.be,Lecture documentation,Tâches diverses,2021-03-12,08:50:20,00:00:07
stefano.crapanzano@chu.ulg.ac.be,Lecture documentation,Tâches diverses,2021-03-12,09:09:42,00:01:16
stefano.crapanzano@chu.ulg.ac.be,Lecture documentation,Tâches diverses,2021-03-12,09:14:59,00:00:24
stefano.crapanzano@chu.ulg.ac.be,Lecture documentation,Tâches diverses,2021-03-12,09:16:47,00:01:12
stefano.crapanzano@chu.ulg.ac.be,Lecture documentation,Tâches diverses,2021-03-12,09:18:51,00:01:27
stefano.crapanzano@chu.ulg.ac.be,Lecture documentation,Tâches diverses,2021-03-12,09:42:01,00:00:05
stefano.crapanzano@chu.ulg.ac.be,Lecture documentation,Tâches diverses,2021-03-12,09:43:38,00:00:02
stefano.crapanzano@chu.ulg.ac.be,Lecture documentation,Tâches diverses,2021-03-12,09:49:06,00:01:11
stefano.crapanzano@chu.ulg.ac.be,Lecture documentation,Tâches diverses,2021-03-12,09:50:23,00:03:59
stefano.crapanzano@chu.ulg.ac.be,Lecture documentation,Tâches diverses,2021-03-12,09:58:47,00:00:02
stefano.crapanzano@chu.ulg.ac.be,Lecture documentation,Tâches diverses,2021-03-12,10:09:21,00:03:18
stefano.crapanzano@chu.ulg.ac.be,Lecture documentation,Tâches diverses,2021-03-12,10:13:01,00:00:12
stefano.crapanzano@chu.ulg.ac.be,Lecture documentation,Tâches diverses,2021-03-12,10:13:18,00:00:52
stefano.crapanzano@chu.ulg.ac.be,Lecture documentation,Tâches diverses,2021-03-12,10:14:57,00:01:09
stefano.crapanzano@chu.ulg.ac.be,Lecture documentation,Tâches diverses,2021-03-12,10:16:29,00:02:59
stefano.crapanzano@chu.ulg.ac.be,Lecture documentation,Tâches diverses,2021-03-12,10:19:48,00:00:03
stefano.crapanzano@chu.ulg.ac.be,Lecture documentation,Tâches diverses,2021-03-12,10:20:04,00:00:03
stefano.crapanzano@chu.ulg.ac.be,Lecture documentation,Tâches diverses,2021-03-12,10:20:21,00:00:02
stefano.crapanzano@chu.ulg.ac.be,Lecture documentation,Tâches diverses,2021-03-12,10:20:35,00:00:02
stefano.crapanzano@chu.ulg.ac.be,Lecture documentation,Tâches diverses,2021-03-12,10:20:47,00:00:03
stefano.crapanzano@chu.ulg.ac.be,Lecture documentation,Tâches diverses,2021-03-12,10:21:03,00:00:11
stefano.crapanzano@chu.ulg.ac.be,Lecture documentation,Tâches diverses,2021-03-12,10:21:33,00:00:11
stefano.crapanzano@chu.ulg.ac.be,Lecture documentation,Tâches diverses,2021-03-12,10:21:46,00:00:12
stefano.crapanzano@chu.ulg.ac.be,Lecture documentation,Tâches diverses,2021-03-12,10:22:02,00:00:04
stefano.crapanzano@chu.ulg.ac.be,Lecture documentation,Tâches diverses,2021-03-12,10:22:07,00:00:04
stefano.crapanzano@chu.ulg.ac.be,Lecture documentation,Tâches diverses,2021-03-12,10:22:21,00:00:02
stefano.crapanzano@chu.ulg.ac.be,Lecture documentation,Tâches diverses,2021-03-12,10:23:03,00:00:28
stefano.crapanzano@chu.ulg.ac.be,Lecture documentation,Tâches diverses,2021-03-12,10:24:17,00:00:09
stefano.crapanzano@chu.ulg.ac.be,Lecture documentation,Tâches diverses,2021-03-12,10:26:55,00:00:07
stefano.crapanzano@chu.ulg.ac.be,Lecture documentation,Tâches diverses,2021-03-12,10:27:33,00:00:02
stefano.crapanzano@chu.ulg.ac.be,Lecture documentation,Tâches diverses,2021-03-12,10:27:55,00:00:04
stefano.crapanzano@chu.ulg.ac.be,Lecture documentation,Tâches diverses,2021-03-12,10:28:13,00:00:13
stefano.crapanzano@chu.ulg.ac.be,Lecture documentation,Tâches diverses,2021-03-12,10:28:36,00:00:03
stefano.crapanzano@chu.ulg.ac.be,Lecture documentation,Tâches diverses,2021-03-12,10:28:44,00:00:02
stefano.crapanzano@chu.ulg.ac.be,Lecture documentation,Tâches diverses,2021-03-12,10:30:43,00:00:04
stefano.crapanzano@chu.ulg.ac.be,Lecture documentation,Tâches diverses,2021-03-12,10:30:59,00:00:02
stefano.crapanzano@chu.ulg.ac.be,Lecture documentation,Tâches diverses,2021-03-12,10:31:20,00:00:02
stefano.crapanzano@chu.ulg.ac.be,Lecture documentation,Tâches diverses,2021-03-12,10:31:44,00:00:09
stefano.crapanzano@chu.ulg.ac.be,Lecture documentation,Tâches diverses,2021-03-12,10:32:23,00:00:36
stefano.crapanzano@chu.ulg.ac.be,Lecture documentation,Tâches diverses,2021-03-12,10:33:42,00:00:12
stefano.crapanzano@chu.ulg.ac.be,Lecture documentation,Tâches diverses,2021-03-12,10:33:59,00:00:23
stefano.crapanzano@chu.ulg.ac.be,Lecture documentation,Tâches diverses,2021-03-12,10:34:54,00:00:19
stefano.crapanzano@chu.ulg.ac.be,Lecture documentation,Tâches diverses,2021-03-12,10:36:21,00:00:11
stefano.crapanzano@chu.ulg.ac.be,Lecture documentation,Tâches diverses,2021-03-12,10:36:33,00:00:28
stefano.crapanzano@chu.ulg.ac.be,Lecture documentation,Tâches diverses,2021-03-12,10:37:19,00:00:09
stefano.crapanzano@chu.ulg.ac.be,Lecture documentation,Tâches diverses,2021-03-12,10:37:30,00:00:12
stefano.crapanzano@chu.ulg.ac.be,Lecture documentation,Tâches diverses,2021-03-12,10:37:53,00:00:02
stefano.crapanzano@chu.ulg.ac.be,Lecture documentation,Tâches diverses,2021-03-12,10:38:01,00:00:09
stefano.crapanzano@chu.ulg.ac.be,Lecture documentation,Tâches diverses,2021-03-12,10:40:51,00:00:12
stefano.crapanzano@chu.ulg.ac.be,Lecture documentation,Tâches diverses,2021-03-12,10:41:52,00:00:06
stefano.crapanzano@chu.ulg.ac.be,Lecture documentation,Tâches diverses,2021-03-12,10:42:01,00:00:18
stefano.crapanzano@chu.ulg.ac.be,Lecture documentation,Tâches diverses,2021-03-12,10:43:48,00:00:40
stefano.crapanzano@chu.ulg.ac.be,Lecture documentation,Tâches diverses,2021-03-12,11:25:08,00:01:45
stefano.crapanzano@chu.ulg.ac.be,Lecture documentation,Tâches diverses,2021-03-12,11:27:57,00:00:25
stefano.crapanzano@chu.ulg.ac.be,Lecture documentation,Tâches diverses,2021-03-12,11:28:38,00:06:06
stefano.crapanzano@chu.ulg.ac.be,Lecture documentation,Tâches diverses,2021-03-12,11:42:38,00:09:53
stefano.crapanzano@chu.ulg.ac.be,Lecture documentation,Tâches diverses,2021-03-12,11:54:11,00:02:57
stefano.crapanzano@chu.ulg.ac.be,Lecture documentation,Tâches diverses,2021-03-12,11:57:19,00:01:52
stefano.crapanzano@chu.ulg.ac.be,Lecture documentation,Tâches diverses,2021-03-12,11:59:14,00:01:02
stefano.crapanzano@chu.ulg.ac.be,Lecture documentation,Tâches diverses,2021-03-12,12:00:18,00:01:51
stefano.crapanzano@chu.ulg.ac.be,Lecture documentation,Tâches diverses,2021-03-12,12:02:12,00:10:24
stefano.crapanzano@chu.ulg.ac.be,Lecture documentation,Tâches diverses,2021-03-12,12:13:16,00:01:06
stefano.crapanzano@chu.ulg.ac.be,Lecture documentation,Tâches diverses,2021-03-12,12:14:35,00:00:37
stefano.crapanzano@chu.ulg.ac.be,Lecture documentation,Tâches diverses,2021-03-12,12:15:33,00:00:34
stefano.crapanzano@chu.ulg.ac.be,Lecture documentation,Tâches diverses,2021-03-12,12:16:18,00:01:50
stefano.crapanzano@chu.ulg.ac.be,Lecture documentation,Tâches diverses,2021-03-12,12:19:48,00:03:51
stefano.crapanzano@chu.ulg.ac.be,Lecture documentation,Tâches diverses,2021-03-12,12:23:45,00:00:02
stefano.crapanzano@chu.ulg.ac.be,Lecture documentation,Tâches diverses,2021-03-12,12:23:48,00:04:04
stefano.crapanzano@chu.ulg.ac.be,Lecture documentation,Tâches diverses,2021-03-12,12:29:00,00:00:02
stefano.crapanzano@chu.ulg.ac.be,Lecture documentation,Tâches diverses,2021-03-12,12:30:16,00:00:13
stefano.crapanzano@chu.ulg.ac.be,Lecture documentation,Tâches diverses,2021-03-12,12:31:21,00:00:02
stefano.crapanzano@chu.ulg.ac.be,Lecture documentation,Tâches diverses,2021-03-12,12:32:25,00:00:28
stefano.crapanzano@chu.ulg.ac.be,Lecture documentation,Tâches diverses,2021-03-12,12:39:07,00:02:37
stefano.crapanzano@chu.ulg.ac.be,Lecture documentation,Tâches diverses,2021-03-12,12:42:34,00:01:33
stefano.crapanzano@chu.ulg.ac.be,Lecture documentation,Tâches diverses,2021-03-12,12:44:18,00:02:25
stefano.crapanzano@chu.ulg.ac.be,Lecture documentation,Tâches diverses,2021-03-12,12:46:49,00:03:19
stefano.crapanzano@chu.ulg.ac.be,Lecture documentation,Tâches diverses,2021-03-12,12:50:48,00:00:05
stefano.crapanzano@chu.ulg.ac.be,Lecture documentation,Tâches diverses,2021-03-12,13:09:33,00:00:08
stefano.crapanzano@chu.ulg.ac.be,Lecture documentation,Tâches diverses,2021-03-12,13:10:26,00:00:30
stefano.crapanzano@chu.ulg.ac.be,Lecture documentation,Tâches diverses,2021-03-12,13:17:42,00:00:08
stefano.crapanzano@chu.ulg.ac.be,Lecture documentation,Tâches diverses,2021-03-12,13:50:43,00:00:53
stefano.crapanzano@chu.ulg.ac.be,Lecture documentation,Tâches diverses,2021-03-12,13:52:15,00:00:03
stefano.crapanzano@chu.ulg.ac.be,Lecture documentation,Tâches diverses,2021-03-12,13:52:33,00:00:03
stefano.crapanzano@chu.ulg.ac.be,Lecture documentation,Tâches diverses,2021-03-12,13:52:55,00:00:02
stefano.crapanzano@chu.ulg.ac.be,Lecture documentation,Tâches diverses,2021-03-12,13:53:38,00:01:22
stefano.crapanzano@chu.ulg.ac.be,Lecture documentation,Tâches diverses,2021-03-12,13:55:30,00:00:02
stefano.crapanzano@chu.ulg.ac.be,Lecture documentation,Tâches diverses,2021-03-12,13:56:13,00:00:06
stefano.crapanzano@chu.ulg.ac.be,Lecture documentation,Tâches diverses,2021-03-12,13:56:44,00:00:03
stefano.crapanzano@chu.ulg.ac.be,Lecture documentation,Tâches diverses,2021-03-12,13:58:44,00:01:22
stefano.crapanzano@chu.ulg.ac.be,Lecture documentation,Tâches diverses,2021-03-12,14:00:45,00:04:17
stefano.crapanzano@chu.ulg.ac.be,Lecture documentation,Tâches diverses,2021-03-12,14:08:20,00:00:12
stefano.crapanzano@chu.ulg.ac.be,Lecture documentation,Tâches diverses,2021-03-12,14:08:39,00:00:26
stefano.crapanzano@chu.ulg.ac.be,Lecture documentation,Tâches diverses,2021-03-12,14:09:28,00:00:13
stefano.crapanzano@chu.ulg.ac.be,Lecture documentation,Tâches diverses,2021-03-12,14:09:43,00:00:04
stefano.crapanzano@chu.ulg.ac.be,Lecture documentation,Tâches diverses,2021-03-12,14:10:13,00:00:06
stefano.crapanzano@chu.ulg.ac.be,Lecture documentation,Tâches diverses,2021-03-12,14:10:28,00:00:27
stefano.crapanzano@chu.ulg.ac.be,Lecture documentation,Tâches diverses,2021-03-12,14:12:33,00:00:04
stefano.crapanzano@chu.ulg.ac.be,Lecture documentation,Tâches diverses,2021-03-12,14:14:22,00:00:03
stefano.crapanzano@chu.ulg.ac.be,Lecture documentation,Tâches diverses,2021-03-12,14:14:42,00:00:11
stefano.crapanzano@chu.ulg.ac.be,Lecture documentation,Tâches diverses,2021-03-12,15:06:07,00:00:05
stefano.crapanzano@chu.ulg.ac.be,Lecture documentation,Tâches diverses,2021-03-12,15:06:35,00:00:02
stefano.crapanzano@chu.ulg.ac.be,Lecture documentation,Tâches diverses,2021-03-12,15:07:55,00:00:08
stefano.crapanzano@chu.ulg.ac.be,Lecture documentation,Tâches diverses,2021-03-12,15:24:01,00:00:28
stefano.crapanzano@chu.ulg.ac.be,Lecture documentation,Tâches diverses,2021-03-12,15:24:35,00:00:18
stefano.crapanzano@chu.ulg.ac.be,Lecture documentation,Tâches diverses,2021-03-12,15:24:57,00:00:12
stefano.crapanzano@chu.ulg.ac.be,Lecture documentation,Tâches diverses,2021-03-12,15:25:57,00:01:11
stefano.crapanzano@chu.ulg.ac.be,Lecture documentation,Tâches diverses,2021-03-12,15:30:47,00:00:02
stefano.crapanzano@chu.ulg.ac.be,Lecture documentation,Tâches diverses,2021-03-12,15:33:07,00:00:14
stefano.crapanzano@chu.ulg.ac.be,Lecture documentation,Tâches diverses,2021-03-12,15:33:52,00:00:12
stefano.crapanzano@chu.ulg.ac.be,Lecture documentation,Tâches diverses,2021-03-12,15:34:45,00:00:26
stefano.crapanzano@chu.ulg.ac.be,Lecture documentation,Tâches diverses,2021-03-12,15:35:19,00:00:05
stefano.crapanzano@chu.ulg.ac.be,Lecture documentation,Tâches diverses,2021-03-12,15:35:27,00:02:06
stefano.crapanzano@chu.ulg.ac.be,Lecture documentation,Tâches diverses,2021-03-12,15:37:37,00:00:12
stefano.crapanzano@chu.ulg.ac.be,Lecture documentation,Tâches diverses,2021-03-12,15:39:20,00:00:08
stefano.crapanzano@chu.ulg.ac.be,Lecture documentation,Tâches diverses,2021-03-12,16:02:23,00:00:02
stefano.crapanzano@chu.ulg.ac.be,Lecture documentation,Tâches diverses,2021-03-12,16:04:37,00:00:38
stefano.crapanzano@chu.ulg.ac.be,Lecture documentation,Tâches diverses,2021-03-12,16:06:22,00:00:20
stefano.crapanzano@chu.ulg.ac.be,Lecture documentation,Tâches diverses,2021-03-12,16:10:17,00:00:12
stefano.crapanzano@chu.ulg.ac.be,Lecture documentation,Tâches diverses,2021-03-12,16:10:33,00:00:02
stefano.crapanzano@chu.ulg.ac.be,Lecture documentation,Tâches diverses,2021-03-12,16:10:37,00:00:25
stefano.crapanzano@chu.ulg.ac.be,Lecture documentation,Tâches diverses,2021-03-12,16:11:19,00:00:05
stefano.crapanzano@chu.ulg.ac.be,Lecture documentation,Tâches diverses,2021-03-12,16:11:27,00:00:19
stefano.crapanzano@chu.ulg.ac.be,Lecture documentation,Tâches diverses,2021-03-12,16:12:12,00:00:05
stefano.crapanzano@chu.ulg.ac.be,Lecture documentation,Tâches diverses,2021-03-12,16:53:17,00:00:35
stefano.crapanzano@chu.ulg.ac.be,Lecture documentation,Tâches diverses,2021-03-12,16:55:57,00:00:28
stefano.crapanzano@chu.ulg.ac.be,Lecture documentation,Tâches diverses,2021-03-12,16:57:23,00:00:07
stefano.crapanzano@chu.ulg.ac.be,LABO - Stock article - Google Chrome,Tâches diverses,2021-03-12,12:18:50,00:00:46
stefano.crapanzano@chu.ulg.ac.be,LABO - Stock article - Google Chrome,Tâches diverses,2021-03-12,12:19:39,00:00:08
stefano.crapanzano@chu.ulg.ac.be,LABO - Stock article - Google Chrome,Tâches diverses,2021-03-12,12:23:43,00:00:02
stefano.crapanzano@chu.ulg.ac.be,LABO - Stock article - Google Chrome,Tâches diverses,2021-03-12,12:39:03,00:00:02
stefano.crapanzano@chu.ulg.ac.be,LABO - Stock article - Google Chrome,Tâches diverses,2021-03-12,12:46:46,00:00:02
stefano.crapanzano@chu.ulg.ac.be,LABO - Stock article - Google Chrome,Tâches diverses,2021-03-12,12:56:18,00:02:23
stefano.crapanzano@chu.ulg.ac.be,LABO - Stock article - Google Chrome,Tâches diverses,2021-03-12,16:10:06,00:00:02
stefano.crapanzano@chu.ulg.ac.be,Nouvel onglet - Google Chrome,Tâches diverses,2021-03-12,08:53:57,00:00:09
stefano.crapanzano@chu.ulg.ac.be,Nouvel onglet - Google Chrome,Tâches diverses,2021-03-12,09:28:32,00:00:03
stefano.crapanzano@chu.ulg.ac.be,download generic jdbc driver eclipse - Recherche Google - Google Chrome,Tâches diverses,2021-03-12,08:54:06,00:00:10
stefano.crapanzano@chu.ulg.ac.be,download generic jdbc driver eclipse - Recherche Google - Google Chrome,Tâches diverses,2021-03-12,08:54:40,00:00:03
stefano.crapanzano@chu.ulg.ac.be,Eclipse Community Forums: DTP » How to add a jdbc driver that uses native code? - Google Chrome,Tâches diverses,2021-03-12,08:54:17,00:00:22
stefano.crapanzano@chu.ulg.ac.be,JDBC Driver Download for Oracle  MySQL  SQL Server  PostgreSQL  Derby  SQLite and Microsoft Access - Google Chrome,Tâches diverses,2021-03-12,08:54:44,00:00:31
stefano.crapanzano@chu.ulg.ac.be,JDBC Driver Download for Oracle  MySQL  SQL Server  PostgreSQL  Derby  SQLite and Microsoft Access - Google Chrome,Tâches diverses,2021-03-12,09:22:14,00:06:13
stefano.crapanzano@chu.ulg.ac.be,Greenshot capture form,Helpdesk général,2021-03-12,08:56:54,00:00:08
stefano.crapanzano@chu.ulg.ac.be,Greenshot capture form,Helpdesk général,2021-03-12,08:57:51,00:00:04
stefano.crapanzano@chu.ulg.ac.be,Greenshot capture form,Helpdesk général,2021-03-12,08:58:03,00:00:03
stefano.crapanzano@chu.ulg.ac.be,Greenshot capture form,Helpdesk général,2021-03-12,09:00:43,00:00:03
stefano.crapanzano@chu.ulg.ac.be,Greenshot capture form,Helpdesk général,2021-03-12,09:01:23,00:00:05
stefano.crapanzano@chu.ulg.ac.be,Greenshot capture form,Helpdesk général,2021-03-12,16:35:03,00:00:04
stefano.crapanzano@chu.ulg.ac.be,Greenshot Éditeur d'Image,Helpdesk général,2021-03-12,08:57:04,00:00:33
stefano.crapanzano@chu.ulg.ac.be,Orthographe : Français (Belgique),Helpdesk général,2021-03-12,09:05:28,00:00:02
stefano.crapanzano@chu.ulg.ac.be,Orthographe : Français (Belgique),Helpdesk général,2021-03-12,16:46:53,00:00:04
stefano.crapanzano@chu.ulg.ac.be,Microsoft Outlook,Helpdesk général,2021-03-12,09:08:57,00:00:05
stefano.crapanzano@chu.ulg.ac.be,Sent - erp.sai@chuliege.be - Outlook,Helpdesk général,2021-03-12,09:05:39,00:02:50
stefano.crapanzano@chu.ulg.ac.be,Sent - erp.sai@chuliege.be - Outlook,Helpdesk général,2021-03-12,09:10:58,00:02:08
stefano.crapanzano@chu.ulg.ac.be,Sent - erp.sai@chuliege.be - Outlook,Helpdesk général,2021-03-12,09:20:33,00:00:50
stefano.crapanzano@chu.ulg.ac.be,Sent - erp.sai@chuliege.be - Outlook,Helpdesk général,2021-03-12,09:40:50,00:01:08
stefano.crapanzano@chu.ulg.ac.be,Sent - erp.sai@chuliege.be - Outlook,Helpdesk général,2021-03-12,09:42:06,00:01:31
stefano.crapanzano@chu.ulg.ac.be,Sent - erp.sai@chuliege.be - Outlook,Helpdesk général,2021-03-12,09:59:34,00:00:02
stefano.crapanzano@chu.ulg.ac.be,Sent - erp.sai@chuliege.be - Outlook,Helpdesk général,2021-03-12,09:59:53,00:00:54
stefano.crapanzano@chu.ulg.ac.be,Sent - erp.sai@chuliege.be - Outlook,Helpdesk général,2021-03-12,10:03:05,00:00:03
stefano.crapanzano@chu.ulg.ac.be,Sent - erp.sai@chuliege.be - Outlook,Helpdesk général,2021-03-12,10:07:27,00:00:42
stefano.crapanzano@chu.ulg.ac.be,Sent - erp.sai@chuliege.be - Outlook,Helpdesk général,2021-03-12,10:14:16,00:00:40
stefano.crapanzano@chu.ulg.ac.be,Sent - erp.sai@chuliege.be - Outlook,Helpdesk général,2021-03-12,10:44:46,00:02:06
stefano.crapanzano@chu.ulg.ac.be,Sent - erp.sai@chuliege.be - Outlook,Helpdesk général,2021-03-12,10:46:57,00:00:51
stefano.crapanzano@chu.ulg.ac.be,Sent - erp.sai@chuliege.be - Outlook,Helpdesk général,2021-03-12,12:28:18,00:00:41
stefano.crapanzano@chu.ulg.ac.be,Sent - erp.sai@chuliege.be - Outlook,Helpdesk général,2021-03-12,12:29:02,00:00:19
stefano.crapanzano@chu.ulg.ac.be,Sent - erp.sai@chuliege.be - Outlook,Helpdesk général,2021-03-12,12:41:48,00:00:40
stefano.crapanzano@chu.ulg.ac.be,Sent - erp.sai@chuliege.be - Outlook,Helpdesk général,2021-03-12,12:50:23,00:00:25
stefano.crapanzano@chu.ulg.ac.be,Sent - erp.sai@chuliege.be - Outlook,Helpdesk général,2021-03-12,12:55:08,00:00:02
stefano.crapanzano@chu.ulg.ac.be,Sent - erp.sai@chuliege.be - Outlook,Helpdesk général,2021-03-12,16:16:41,00:00:22
stefano.crapanzano@chu.ulg.ac.be,Sent - erp.sai@chuliege.be - Outlook,Helpdesk général,2021-03-12,16:17:36,00:00:02
stefano.crapanzano@chu.ulg.ac.be,Sent - erp.sai@chuliege.be - Outlook,Helpdesk général,2021-03-12,16:42:43,00:00:20
stefano.crapanzano@chu.ulg.ac.be,Sent - erp.sai@chuliege.be - Outlook,Helpdesk général,2021-03-12,16:47:02,00:00:10
stefano.crapanzano@chu.ulg.ac.be,Sent - erp.sai@chuliege.be - Outlook,Helpdesk général,2021-03-12,16:48:34,00:00:17
stefano.crapanzano@chu.ulg.ac.be,Sent - erp.sai@chuliege.be - Outlook,Helpdesk général,2021-03-12,16:54:02,00:00:54
stefano.crapanzano@chu.ulg.ac.be,*new 5 - Notepad++ [Administrator],IT,2021-03-12,15:28:03,00:00:02
stefano.crapanzano@chu.ulg.ac.be,\\SI-S-SERV533\FTP_ERP_Pharma_Prod\Factures_Out\Copies\Transmises\20210308-1101.csv - Notepad++ [Administrator],IT,2021-03-12,09:08:30,00:00:16
stefano.crapanzano@chu.ulg.ac.be,\\SI-S-SERV533\FTP_ERP_Pharma_Prod\Factures_Out\Copies\Transmises\20210308-1101.csv - Notepad++ [Administrator],IT,2021-03-12,09:16:04,00:00:03
stefano.crapanzano@chu.ulg.ac.be,\\SI-S-SERV533\FTP_ERP_Pharma_Prod\Factures_Out\Copies\Transmises\20210308-1101.csv - Notepad++ [Administrator],Helpdesk général,2021-03-12,09:33:12,00:00:14
stefano.crapanzano@chu.ulg.ac.be,\\SI-S-SERV533\FTP_ERP_Pharma_Prod\Factures_Out\Copies\Transmises\20210308-1101.csv - Notepad++ [Administrator],IT,2021-03-12,09:34:39,00:01:15
stefano.crapanzano@chu.ulg.ac.be,\\SI-S-SERV533\FTP_ERP_Pharma_Prod\Factures_Out\Copies\Transmises\20210308-1101.csv - Notepad++ [Administrator],IT,2021-03-12,09:44:36,00:00:02
stefano.crapanzano@chu.ulg.ac.be,SAM 406421 - Message (HTML),Helpdesk général,2021-03-12,09:08:49,00:00:07
stefano.crapanzano@chu.ulg.ac.be,Sans titre - Message (HTML),IT,2021-03-12,09:09:02,00:00:02
stefano.crapanzano@chu.ulg.ac.be,Sans titre - Message (HTML),Helpdesk général,2021-03-12,14:50:17,00:00:37
stefano.crapanzano@chu.ulg.ac.be,Sans titre - Message (HTML),Helpdesk général,2021-03-12,14:51:44,00:00:21
stefano.crapanzano@chu.ulg.ac.be,Sans titre - Message (HTML),Helpdesk général,2021-03-12,14:52:38,00:00:03
stefano.crapanzano@chu.ulg.ac.be,Sans titre - Message (HTML),Helpdesk général,2021-03-12,14:52:52,00:00:08
stefano.crapanzano@chu.ulg.ac.be,Sans titre - Message (HTML),Helpdesk général,2021-03-12,14:53:19,00:01:08
stefano.crapanzano@chu.ulg.ac.be,Sans titre - Message (HTML),Helpdesk général,2021-03-12,14:54:44,00:00:49
stefano.crapanzano@chu.ulg.ac.be,Sans titre - Message (HTML),Helpdesk général,2021-03-12,16:30:19,00:00:14
stefano.crapanzano@chu.ulg.ac.be,TR: SDERP-18040 P203 CHU Plusieurfs factures ignorées lors du retour APO (ZAPO) - Message (HTML),Helpdesk général,2021-03-12,09:09:12,00:00:02
stefano.crapanzano@chu.ulg.ac.be,GOAL - Stock - Message (HTML),Helpdesk général,2021-03-12,09:15:36,00:00:16
stefano.crapanzano@chu.ulg.ac.be,SAP Logon 750,Exploration SAP,2021-03-12,09:20:23,00:00:04
stefano.crapanzano@chu.ulg.ac.be,SAP Logon 750,Exploration SAP,2021-03-12,17:00:38,00:00:04
stefano.crapanzano@chu.ulg.ac.be,SAP Easy Access Menu de base Applications financières-économiques,Exploration SAP,2021-03-12,09:20:28,00:00:03
stefano.crapanzano@chu.ulg.ac.be,SAP Easy Access Menu de base Applications financières-économiques,Exploration SAP,2021-03-12,09:33:28,00:00:04
stefano.crapanzano@chu.ulg.ac.be,SAP Easy Access Menu de base Applications financières-économiques,Exploration SAP,2021-03-12,09:38:19,00:00:03
stefano.crapanzano@chu.ulg.ac.be,SAP Easy Access Menu de base Applications financières-économiques,Exploration SAP,2021-03-12,11:26:58,00:00:04
stefano.crapanzano@chu.ulg.ac.be,SAP Easy Access Menu de base Applications financières-économiques,Exploration SAP,2021-03-12,17:00:43,00:00:02
stefano.crapanzano@chu.ulg.ac.be,Identification - Google Chrome,Tâches diverses,2021-03-12,09:28:35,00:00:07
stefano.crapanzano@chu.ulg.ac.be,CHU de Liège - Intranet - Google Chrome,Tâches diverses,2021-03-12,09:28:44,00:00:03
stefano.crapanzano@chu.ulg.ac.be,CHU de Liège - Intranet - Google Chrome,Tâches diverses,2021-03-12,09:59:43,00:00:02
stefano.crapanzano@chu.ulg.ac.be,myCHU - Google Chrome,Tâches diverses,2021-03-12,09:28:47,00:00:02
stefano.crapanzano@chu.ulg.ac.be,myCHU - Google Chrome,Tâches diverses,2021-03-12,09:50:18,00:00:04
stefano.crapanzano@chu.ulg.ac.be,myCHU - Google Chrome,Tâches diverses,2021-03-12,09:59:41,00:00:02
stefano.crapanzano@chu.ulg.ac.be,STPNet : login - Google Chrome,Tâches diverses,2021-03-12,09:28:51,00:00:02
stefano.crapanzano@chu.ulg.ac.be,STP : planning - Google Chrome,Tâches diverses,2021-03-12,09:28:53,00:00:15
stefano.crapanzano@chu.ulg.ac.be,STP : planning - Google Chrome,Tâches diverses,2021-03-12,09:29:21,00:01:47
stefano.crapanzano@chu.ulg.ac.be,STP : desiderata - Google Chrome,Tâches diverses,2021-03-12,09:29:09,00:00:08
stefano.crapanzano@chu.ulg.ac.be,STP : desiderata - Google Chrome,Tâches diverses,2021-03-12,09:29:19,00:00:02
stefano.crapanzano@chu.ulg.ac.be,Data Browser - table BDS_BAR_IN : écran de sélection,Exploration SAP,2021-03-12,09:33:37,00:00:02
stefano.crapanzano@chu.ulg.ac.be,Sélection multiple pour BARCODE,Exploration SAP,2021-03-12,09:33:34,00:00:03
stefano.crapanzano@chu.ulg.ac.be,Data Browser : table BDS_BAR_IN         19 occurrences,Exploration SAP,2021-03-12,09:33:40,00:00:58
stefano.crapanzano@chu.ulg.ac.be,Data Browser : table BDS_BAR_IN         19 occurrences,Exploration SAP,2021-03-12,09:35:55,00:02:22
stefano.crapanzano@chu.ulg.ac.be,Chargement du fichier de comptabilisation Facture Pharmacie,Exploration SAP,2021-03-12,09:38:23,00:00:02
stefano.crapanzano@chu.ulg.ac.be,Chargement du fichier de comptabilisation Facture Pharmacie,Exploration SAP,2021-03-12,09:38:27,00:02:16
stefano.crapanzano@chu.ulg.ac.be,C:\temp\rapport_stock_article_2021_03_09_16_46_32_600029.txt - Notepad++ [Administrator],IT,2021-03-12,09:44:40,00:00:14
stefano.crapanzano@chu.ulg.ac.be,C:\temp\rapport_stock_article_2021_03_09_16_46_32_600029.txt - Notepad++ [Administrator],IT,2021-03-12,09:45:00,00:00:08
stefano.crapanzano@chu.ulg.ac.be,C:\temp\rapport_stock_article_2021_03_09_16_46_32_600029.txt - Notepad++ [Administrator],IT,2021-03-12,09:45:37,00:00:14
stefano.crapanzano@chu.ulg.ac.be,C:\temp\rapport_stock_article_2021_03_09_16_46_32_600029.txt - Notepad++ [Administrator],IT,2021-03-12,09:45:53,00:00:02
stefano.crapanzano@chu.ulg.ac.be,Valeur par Type de Magasin,IT,2021-03-12,09:45:08,00:00:13
stefano.crapanzano@chu.ulg.ac.be,Gewaardeerde voorraad,Exploration SAP,2021-03-12,09:45:21,00:00:04
stefano.crapanzano@chu.ulg.ac.be,Gewaardeerde voorraad,Exploration SAP,2021-03-12,09:45:29,00:00:08
stefano.crapanzano@chu.ulg.ac.be,Définir valeurs pour critères de filtre,Exploration SAP,2021-03-12,09:45:26,00:00:02
stefano.crapanzano@chu.ulg.ac.be,C:\temp\rapport_stock_article_2020_09_15_15_46_00_500029.txt - Notepad++ [Administrator],IT,2021-03-12,09:46:00,00:00:04
stefano.crapanzano@chu.ulg.ac.be,C:\temp\rapport_stock_article_2021_03_09_15_55_58_600154.txt - Notepad++ [Administrator],IT,2021-03-12,09:45:56,00:00:02
stefano.crapanzano@chu.ulg.ac.be,C:\temp\rapport_stock_article_2021_03_09_15_55_58_600154.txt - Notepad++ [Administrator],IT,2021-03-12,09:46:47,00:00:08
stefano.crapanzano@chu.ulg.ac.be,C:\temp\rapport_stock_article_2021_03_09_15_55_58_600154.txt - Notepad++ [Administrator],IT,2021-03-12,09:47:10,00:00:09
stefano.crapanzano@chu.ulg.ac.be,C:\temp\rapport_stock_article_2021_03_09_15_55_58_600154.txt - Notepad++ [Administrator],IT,2021-03-12,09:48:37,00:00:26
stefano.crapanzano@chu.ulg.ac.be,C:\temp\rapport_stock_article_2021_03_09_08_47_57_600154.txt - Notepad++ [Administrator],IT,2021-03-12,09:46:05,00:00:42
stefano.crapanzano@chu.ulg.ac.be,C:\temp\rapport_stock_article_2021_03_09_08_47_57_600154.txt - Notepad++ [Administrator],IT,2021-03-12,09:46:55,00:00:14
stefano.crapanzano@chu.ulg.ac.be,C:\temp\rapport_stock_article_2021_03_09_08_47_57_600154.txt - Notepad++ [Administrator],IT,2021-03-12,09:47:19,00:01:18
stefano.crapanzano@chu.ulg.ac.be,RE: Présence au CHU - Message (HTML),Helpdesk général,2021-03-12,10:01:38,00:00:09
stefano.crapanzano@chu.ulg.ac.be,Re: GOAL - Stock - Message (HTML),Helpdesk général,2021-03-12,10:03:18,00:00:04
stefano.crapanzano@chu.ulg.ac.be,Re: GOAL - Stock - Message (HTML),Helpdesk général,2021-03-12,14:33:43,00:00:24
stefano.crapanzano@chu.ulg.ac.be,Re: GOAL - Stock - Message (HTML),Helpdesk général,2021-03-12,14:39:22,00:00:02
stefano.crapanzano@chu.ulg.ac.be,sam.uliege.be - Google Chrome,Tâches diverses,2021-03-12,10:05:35,00:00:02
stefano.crapanzano@chu.ulg.ac.be,mseg sap - Recherche Google - Google Chrome,Tâches diverses,2021-03-12,10:05:37,00:00:02
stefano.crapanzano@chu.ulg.ac.be,P203 CHU Plusieurfs factures ignorées lors du retour APO (ZAPO) - Bienvenue! Vous pouvez poser une demande de Service Desk ERP for HealthCare parmi les options fournies. - Service d'assistance - Google Chrome,Tâches diverses,2021-03-12,10:05:39,00:00:02
stefano.crapanzano@chu.ulg.ac.be,Demandes - Service d'assistance - Google Chrome,Tâches diverses,2021-03-12,10:05:42,00:00:03
stefano.crapanzano@chu.ulg.ac.be,Demandes - Service d'assistance - Google Chrome,Tâches diverses,2021-03-12,10:05:51,00:00:21
stefano.crapanzano@chu.ulg.ac.be,Demandes - Service d'assistance - Google Chrome,Tâches diverses,2021-03-12,12:18:44,00:00:02
stefano.crapanzano@chu.ulg.ac.be,P203 CHU Tous les utilisateurs sont bloqués par eux-mêmes dans Y_DVX_30000226 - Bienvenue! Vous pouvez poser une demande de Service Desk ERP for HealthCare parmi les options fournies. - Service d'assistance - Google Chrome,Tâches diverses,2021-03-12,10:05:45,00:00:04
stefano.crapanzano@chu.ulg.ac.be,C:\temp\ZMMARTIKEL20210303095233.csv - Notepad++ [Administrator],IT,2021-03-12,10:29:03,00:00:13
stefano.crapanzano@chu.ulg.ac.be,C:\temp\ZMMARTIKEL20210303095233.csv - Notepad++ [Administrator],IT,2021-03-12,10:29:33,00:00:23
stefano.crapanzano@chu.ulg.ac.be,C:\temp\ZMMARTIKEL20210303095233.csv - Notepad++ [Administrator],IT,2021-03-12,10:30:17,00:00:08
stefano.crapanzano@chu.ulg.ac.be,C:\temp\ZMMARTIKEL20210303095233.csv - Notepad++ [Administrator],IT,2021-03-12,10:30:31,00:00:03
stefano.crapanzano@chu.ulg.ac.be,C:\temp\ZMMARTIKEL20210303095233.csv - Notepad++ [Administrator],IT,2021-03-12,10:30:49,00:00:02
stefano.crapanzano@chu.ulg.ac.be,C:\temp\ZMMARTIKEL20210303095233.csv - Notepad++ [Administrator],IT,2021-03-12,10:33:18,00:00:03
stefano.crapanzano@chu.ulg.ac.be,C:\temp\ZMMARTIKEL20210303095233.csv - Notepad++ [Administrator],IT,2021-03-12,10:42:28,00:00:13
stefano.crapanzano@chu.ulg.ac.be,C:\temp\ZMMARTIKEL20210303095233.csv - Notepad++ [Administrator],IT,2021-03-12,10:42:50,00:00:27
stefano.crapanzano@chu.ulg.ac.be,C:\temp\ZMMARTIKEL20210303095233.csv - Notepad++ [Administrator],IT,2021-03-12,10:43:21,00:00:03
stefano.crapanzano@chu.ulg.ac.be,C:\temp\ZMMARTIKEL20210303095233.csv - Notepad++ [Administrator],IT,2021-03-12,10:43:27,00:00:15
stefano.crapanzano@chu.ulg.ac.be,C:\temp\ZMMARTIKEL20210303095233.csv - Notepad++ [Administrator],IT,2021-03-12,11:34:45,00:07:51
stefano.crapanzano@chu.ulg.ac.be,C:\temp\ZMMARTIKEL20210303095233.csv - Notepad++ [Administrator],IT,2021-03-12,12:55:22,00:00:06
stefano.crapanzano@chu.ulg.ac.be,C:\temp\ZMMARTIKEL20210303095233.csv - Notepad++ [Administrator],IT,2021-03-12,13:09:04,00:00:03
stefano.crapanzano@chu.ulg.ac.be,ZMMARTIKEL20210303095233.csv - Excel,Tâches diverses,2021-03-12,10:29:21,00:00:06
stefano.crapanzano@chu.ulg.ac.be,ZMMARTIKEL20210303095233.csv - Excel,Tâches diverses,2021-03-12,10:29:28,00:00:03
stefano.crapanzano@chu.ulg.ac.be,Exporter/importer Lien entre article-centre de coûts et quantité,Exploration SAP,2021-03-12,11:27:05,00:00:16
stefano.crapanzano@chu.ulg.ac.be,Exporter/importer Lien entre article-centre de coûts et quantité,Exploration SAP,2021-03-12,17:00:45,00:00:04
stefano.crapanzano@chu.ulg.ac.be,Exporter/importer Lien entre article-centre de coûts et quantité,Exploration SAP,2021-03-12,17:01:12,00:00:24
stefano.crapanzano@chu.ulg.ac.be,Exporter/importer Lien entre article-centre de coûts et quantité,Exploration SAP,2021-03-12,17:01:41,00:00:08
stefano.crapanzano@chu.ulg.ac.be,Exporter/importer Lien entre article-centre de coûts et quantité,Exploration SAP,2021-03-12,17:02:06,00:00:03
stefano.crapanzano@chu.ulg.ac.be,Exporter/importer Lien entre article-centre de coûts et quantité,Exploration SAP,2021-03-12,17:02:12,00:00:04
stefano.crapanzano@chu.ulg.ac.be,Exporter/importer Lien entre article-centre de coûts et quantité,Exploration SAP,2021-03-12,17:02:18,00:00:04
stefano.crapanzano@chu.ulg.ac.be,Excel,Tâches diverses,2021-03-12,11:52:40,00:00:02
stefano.crapanzano@chu.ulg.ac.be,sai-erp_2021-03-10_Scan_Trimestriel_-_DMZ-SAI-Priv_uan6v4.xlsx  [Mode protégé] - Excel,Tâches diverses,2021-03-12,11:52:43,00:00:30
stefano.crapanzano@chu.ulg.ac.be,sai-erp_2021-03-10_Scan_Trimestriel_-_DMZ-SAI-Priv_uan6v4.xlsx  [Mode protégé] - Excel,Tâches diverses,2021-03-12,11:53:26,00:00:44
stefano.crapanzano@chu.ulg.ac.be,sai-erp_2021-03-10_Scan_Trimestriel_-_DMZ-SAI-Priv_uan6v4.xlsx  [Mode protégé] - Excel,Tâches diverses,2021-03-12,12:12:39,00:00:35
stefano.crapanzano@chu.ulg.ac.be,DBeaver 21.0.0 - <MS SQL Server - si-s-serv24> Script-4,Helpdesk général,2021-03-12,14:50:11,00:00:04
stefano.crapanzano@chu.ulg.ac.be,TR: GOAL : outils SAI - Réunion,Helpdesk général,2021-03-12,12:55:43,00:00:34
stefano.crapanzano@chu.ulg.ac.be,SAP GUI for Windows 750,Exploration SAP,2021-03-12,13:27:24,00:00:02
stefano.crapanzano@chu.ulg.ac.be,RE: GOAL - Stock - Message (HTML),Helpdesk général,2021-03-12,14:34:07,00:05:15
stefano.crapanzano@chu.ulg.ac.be,liste des réceptionnaires - Message (HTML),Helpdesk général,2021-03-12,14:56:49,00:00:03
stefano.crapanzano@chu.ulg.ac.be,C:\Users\c158492\ProjetBoulot\PYTHON\service_achat\project\project\settings\environment.py - Notepad++ [Administrator],IT,2021-03-12,15:27:26,00:00:02
stefano.crapanzano@chu.ulg.ac.be,C:\Users\c158492\ProjetBoulot\PYTHON\service_achat\project\project\settings\base.py - Notepad++ [Administrator],IT,2021-03-12,15:27:35,00:00:13
stefano.crapanzano@chu.ulg.ac.be,C:\Users\c158492\ProjetBoulot\PYTHON\service_achat\project\project\settings\dev.py - Notepad++ [Administrator],IT,2021-03-12,15:27:56,00:00:07
stefano.crapanzano@chu.ulg.ac.be,C:\Users\c158492\ProjetBoulot\PYTHON\ACHAT\catalogue_project\project\import_data_from_erp_bi.log - Notepad++ [Administrator],IT,2021-03-12,16:14:15,00:00:03
stefano.crapanzano@chu.ulg.ac.be,C:\Users\c158492\ProjetBoulot\PYTHON\ACHAT\catalogue_project\project\import_data_from_erp_bi.log - Notepad++ [Administrator],IT,2021-03-12,16:17:12,00:00:03
stefano.crapanzano@chu.ulg.ac.be,C:\Users\c158492\ProjetBoulot\PYTHON\ACHAT\catalogue_project\project\import_data_from_erp_bi.log - Notepad++ [Administrator],IT,2021-03-12,16:17:21,00:00:03
stefano.crapanzano@chu.ulg.ac.be,C:\Users\c158492\ProjetBoulot\PYTHON\ACHAT\catalogue_project\project\import_data_from_erp_bi.log - Notepad++ [Administrator],IT,2021-03-12,16:17:30,00:00:03
stefano.crapanzano@chu.ulg.ac.be,C:\Users\c158492\ProjetBoulot\PYTHON\ACHAT\catalogue_project\project\import_data_from_erp_bi.log - Notepad++ [Administrator],IT,2021-03-12,16:19:55,00:00:21
stefano.crapanzano@chu.ulg.ac.be,C:\Users\c158492\ProjetBoulot\PYTHON\ACHAT\catalogue_project\project\import_data_from_erp_bi.log - Notepad++ [Administrator],IT,2021-03-12,16:20:53,00:00:02
stefano.crapanzano@chu.ulg.ac.be,C:\Users\c158492\ProjetBoulot\PYTHON\ACHAT\catalogue_project\project\import_data_from_erp_bi.log - Notepad++ [Administrator],IT,2021-03-12,16:21:02,00:00:10
stefano.crapanzano@chu.ulg.ac.be,C:\Users\c158492\ProjetBoulot\PYTHON\ACHAT\catalogue_project\project\import_data_from_erp_bi.log - Notepad++ [Administrator],IT,2021-03-12,16:24:18,00:00:02
stefano.crapanzano@chu.ulg.ac.be,C:\Users\c158492\ProjetBoulot\PYTHON\ACHAT\catalogue_project\project\import_data_from_erp_bi.log - Notepad++ [Administrator],IT,2021-03-12,16:24:23,00:00:09
stefano.crapanzano@chu.ulg.ac.be,C:\Users\c158492\ProjetBoulot\PYTHON\ACHAT\catalogue_project\project\import_data_from_erp_bi.log - Notepad++ [Administrator],IT,2021-03-12,16:33:55,00:00:08
stefano.crapanzano@chu.ulg.ac.be,C:\Users\c158492\ProjetBoulot\PYTHON\ACHAT\catalogue_project\project\import_data_from_erp_bi.log - Notepad++ [Administrator],IT,2021-03-12,16:34:50,00:00:02
stefano.crapanzano@chu.ulg.ac.be,C:\Users\c158492\ProjetBoulot\PYTHON\ACHAT\catalogue_project\project\import_data_from_erp_bi.log - Notepad++ [Administrator],IT,2021-03-12,16:34:57,00:00:06
stefano.crapanzano@chu.ulg.ac.be,C:\Users\c158492\ProjetBoulot\PYTHON\ACHAT\catalogue_project\project\import_data_from_erp_bi.log - Notepad++ [Administrator],IT,2021-03-12,16:40:04,00:00:08
stefano.crapanzano@chu.ulg.ac.be,C:\Users\c158492\ProjetBoulot\PYTHON\ACHAT\catalogue_project\project\import_data_from_erp_bi.log - Notepad++ [Administrator],IT,2021-03-12,16:57:33,00:00:09
stefano.crapanzano@chu.ulg.ac.be,C:\Users\c158492\ProjetBoulot\PYTHON\ACHAT\catalogue_project\project\import_data_from_erp_bi.log - Notepad++ [Administrator],IT,2021-03-12,16:57:46,00:00:16
stefano.crapanzano@chu.ulg.ac.be,C:\Users\c158492\ProjetBoulot\PYTHON\ACHAT\catalogue_project\project\import_data_from_erp_bi.log - Notepad++ [Administrator],IT,2021-03-12,16:58:04,00:00:08
stefano.crapanzano@chu.ulg.ac.be,C:\Users\c158492\ProjetBoulot\PYTHON\ACHAT\catalogue_project\project\import_data_from_erp_bi.log - Notepad++ [Administrator],IT,2021-03-12,16:58:16,00:00:07
stefano.crapanzano@chu.ulg.ac.be,C:\Users\c158492\ProjetBoulot\PYTHON\ACHAT\catalogue_project\project\import_data_from_erp_bi.log - Notepad++ [Administrator],IT,2021-03-12,16:58:24,00:00:28
stefano.crapanzano@chu.ulg.ac.be,C:\Users\c158492\ProjetBoulot\PYTHON\ACHAT\catalogue_project\project\import_data_from_erp_bi.log - Notepad++ [Administrator],IT,2021-03-12,16:58:54,00:00:02
stefano.crapanzano@chu.ulg.ac.be,C:\Users\c158492\ProjetBoulot\PYTHON\ACHAT\catalogue_project\project\import_data_from_erp_bi.log - Notepad++ [Administrator],IT,2021-03-12,16:58:58,00:00:22
stefano.crapanzano@chu.ulg.ac.be,C:\Users\c158492\ProjetBoulot\PYTHON\ACHAT\catalogue_project\project\import_data_from_erp_bi.log - Notepad++ [Administrator],IT,2021-03-12,16:59:26,00:00:06
stefano.crapanzano@chu.ulg.ac.be,C:\Users\c158492\ProjetBoulot\PYTHON\ACHAT\catalogue_project\project\import_data_from_erp_bi.log - Notepad++ [Administrator],IT,2021-03-12,16:59:39,00:00:14
stefano.crapanzano@chu.ulg.ac.be,C:\Users\c158492\ProjetBoulot\PYTHON\ACHAT\catalogue_project\project\import_data_from_erp_bi.log - Notepad++ [Administrator],IT,2021-03-12,17:00:05,00:00:31
stefano.crapanzano@chu.ulg.ac.be,C:\Users\c158492\ProjetBoulot\PYTHON\ACHAT\catalogue_project\project\import_data_from_erp_bi.log - Notepad++ [Administrator],IT,2021-03-12,17:00:50,00:00:06
stefano.crapanzano@chu.ulg.ac.be,C:\Users\c158492\ProjetBoulot\PYTHON\ACHAT\catalogue_project\project\import_data_from_erp_bi.log - Notepad++ [Administrator],IT,2021-03-12,17:00:57,00:00:09
stefano.crapanzano@chu.ulg.ac.be,C:\Users\c158492\ProjetBoulot\PYTHON\ACHAT\catalogue_project\project\import_data_from_erp_bi.log - Notepad++ [Administrator],IT,2021-03-12,17:01:09,00:00:02
stefano.crapanzano@chu.ulg.ac.be,C:\Users\c158492\ProjetBoulot\PYTHON\ACHAT\catalogue_project\project\import_data_from_erp_bi.log - Notepad++ [Administrator],IT,2021-03-12,17:01:50,00:00:15
stefano.crapanzano@chu.ulg.ac.be,C:\Users\c158492\ProjetBoulot\PYTHON\ACHAT\catalogue_project\project\import_data_from_erp_bi.log - Notepad++ [Administrator],IT,2021-03-12,17:02:09,00:00:02
stefano.crapanzano@chu.ulg.ac.be,C:\Users\c158492\ProjetBoulot\PYTHON\ACHAT\catalogue_project\project\import_data_from_erp_bi.log - Notepad++ [Administrator],IT,2021-03-12,17:02:27,00:00:55
stefano.crapanzano@chu.ulg.ac.be,Liste des réceptionnaires / centre de coûts - Message (HTML),Helpdesk général,2021-03-12,16:30:34,00:00:46
stefano.crapanzano@chu.ulg.ac.be,Liste des réceptionnaires / centre de coûts - Message (HTML),Helpdesk général,2021-03-12,16:31:38,00:01:59
stefano.crapanzano@chu.ulg.ac.be,Liste des réceptionnaires / centre de coûts - Message (HTML),Helpdesk général,2021-03-12,16:33:52,00:00:02
stefano.crapanzano@chu.ulg.ac.be,Liste des réceptionnaires / centre de coûts - Message (HTML),Helpdesk général,2021-03-12,16:34:04,00:00:44
stefano.crapanzano@chu.ulg.ac.be,Liste des réceptionnaires / centre de coûts - Message (HTML),Helpdesk général,2021-03-12,16:34:53,00:00:03
stefano.crapanzano@chu.ulg.ac.be,Liste des réceptionnaires / centre de coûts - Message (HTML),Helpdesk général,2021-03-12,16:35:08,00:04:51
stefano.crapanzano@chu.ulg.ac.be,Liste des réceptionnaires / centre de coûts - Message (HTML),Helpdesk général,2021-03-12,16:44:59,00:00:03
stefano.crapanzano@chu.ulg.ac.be,RE: Liste des réceptionnaires / centre de coûts - Message (HTML),Helpdesk général,2021-03-12,16:45:03,00:00:18
stefano.crapanzano@chu.ulg.ac.be,RE: Liste des réceptionnaires / centre de coûts - Message (HTML),Helpdesk général,2021-03-12,16:45:23,00:00:07
stefano.crapanzano@chu.ulg.ac.be,RE: Liste des réceptionnaires / centre de coûts - Message (HTML),Helpdesk général,2021-03-12,16:45:42,00:01:11
stefano.crapanzano@chu.ulg.ac.be,Stefano CRAPANZANO - erp.sai@chuliege.be - Outlook,Helpdesk général,2021-03-12,16:56:27,00:00:56
stefano.crapanzano@chu.ulg.ac.be,Rechercher,IT,2021-03-12,17:01:07,00:00:02
stefano.crapanzano@chu.ulg.ac.be,Modifier mise en forme,Exploration SAP,2021-03-12,17:01:36,00:00:02
stefano.crapanzano@chu.ulg.ac.be,Mise en forme : sélectionner,Exploration SAP,2021-03-12,17:01:38,00:00:02
