Email,Description,Project,Start date,Start time,Duration
stefano.crapanzano@chu.ulg.ac.be,Administrateur : C:\Windows\System32\cmd.exe - python  main.py,IT,2021-03-11,08:33:58,00:00:02
stefano.crapanzano@chu.ulg.ac.be,Administrateur : C:\Windows\System32\cmd.exe - python  main.py,IT,2021-03-11,08:34:09,00:00:02
stefano.crapanzano@chu.ulg.ac.be,Navigation système de fichier,IT,2021-03-11,08:34:01,00:00:05
stefano.crapanzano@chu.ulg.ac.be,Navigation système de fichier,IT,2021-03-11,08:34:11,00:00:04
stefano.crapanzano@chu.ulg.ac.be,Navigation système de fichier,IT,2021-03-11,08:35:35,00:00:03
stefano.crapanzano@chu.ulg.ac.be,Navigation système de fichier,IT,2021-03-11,08:36:27,00:01:06
stefano.crapanzano@chu.ulg.ac.be,Navigation système de fichier,IT,2021-03-11,08:54:44,00:00:32
stefano.crapanzano@chu.ulg.ac.be,Navigation système de fichier,IT,2021-03-11,08:57:13,00:00:21
stefano.crapanzano@chu.ulg.ac.be,Navigation système de fichier,IT,2021-03-11,08:59:53,00:00:03
stefano.crapanzano@chu.ulg.ac.be,Navigation système de fichier,IT,2021-03-11,09:01:00,00:00:02
stefano.crapanzano@chu.ulg.ac.be,Navigation système de fichier,IT,2021-03-11,09:07:09,00:00:02
stefano.crapanzano@chu.ulg.ac.be,Navigation système de fichier,IT,2021-03-11,09:09:45,00:00:02
stefano.crapanzano@chu.ulg.ac.be,Navigation système de fichier,IT,2021-03-11,09:12:55,00:00:02
stefano.crapanzano@chu.ulg.ac.be,Navigation système de fichier,IT,2021-03-11,09:14:08,00:00:06
stefano.crapanzano@chu.ulg.ac.be,Navigation système de fichier,IT,2021-03-11,09:23:19,00:00:05
stefano.crapanzano@chu.ulg.ac.be,Navigation système de fichier,IT,2021-03-11,09:24:33,00:00:11
stefano.crapanzano@chu.ulg.ac.be,Navigation système de fichier,IT,2021-03-11,09:24:49,00:00:02
stefano.crapanzano@chu.ulg.ac.be,Navigation système de fichier,IT,2021-03-11,09:25:27,00:00:02
stefano.crapanzano@chu.ulg.ac.be,Navigation système de fichier,IT,2021-03-11,09:27:40,00:00:02
stefano.crapanzano@chu.ulg.ac.be,Navigation système de fichier,IT,2021-03-11,09:27:52,00:00:03
stefano.crapanzano@chu.ulg.ac.be,Navigation système de fichier,IT,2021-03-11,09:33:20,00:00:04
stefano.crapanzano@chu.ulg.ac.be,Navigation système de fichier,IT,2021-03-11,09:40:52,00:00:02
stefano.crapanzano@chu.ulg.ac.be,Navigation système de fichier,IT,2021-03-11,09:49:53,00:03:17
stefano.crapanzano@chu.ulg.ac.be,Navigation système de fichier,IT,2021-03-11,10:05:23,00:00:02
stefano.crapanzano@chu.ulg.ac.be,Navigation système de fichier,IT,2021-03-11,10:05:48,00:00:06
stefano.crapanzano@chu.ulg.ac.be,Navigation système de fichier,IT,2021-03-11,10:09:08,00:00:02
stefano.crapanzano@chu.ulg.ac.be,Navigation système de fichier,IT,2021-03-11,10:09:51,00:00:02
stefano.crapanzano@chu.ulg.ac.be,Navigation système de fichier,IT,2021-03-11,10:10:12,00:00:05
stefano.crapanzano@chu.ulg.ac.be,Navigation système de fichier,IT,2021-03-11,10:38:14,00:00:02
stefano.crapanzano@chu.ulg.ac.be,Navigation système de fichier,IT,2021-03-11,10:41:25,00:00:03
stefano.crapanzano@chu.ulg.ac.be,Navigation système de fichier,IT,2021-03-11,10:41:40,00:00:03
stefano.crapanzano@chu.ulg.ac.be,Navigation système de fichier,IT,2021-03-11,10:41:45,00:00:03
stefano.crapanzano@chu.ulg.ac.be,Navigation système de fichier,IT,2021-03-11,10:42:42,00:00:04
stefano.crapanzano@chu.ulg.ac.be,Navigation système de fichier,IT,2021-03-11,10:42:48,00:01:00
stefano.crapanzano@chu.ulg.ac.be,Navigation système de fichier,IT,2021-03-11,10:49:57,00:00:03
stefano.crapanzano@chu.ulg.ac.be,Navigation système de fichier,IT,2021-03-11,10:54:47,00:00:12
stefano.crapanzano@chu.ulg.ac.be,Navigation système de fichier,IT,2021-03-11,10:55:06,00:00:02
stefano.crapanzano@chu.ulg.ac.be,Navigation système de fichier,IT,2021-03-11,10:55:29,00:00:03
stefano.crapanzano@chu.ulg.ac.be,Navigation système de fichier,IT,2021-03-11,10:56:56,00:00:06
stefano.crapanzano@chu.ulg.ac.be,Navigation système de fichier,IT,2021-03-11,10:57:09,00:00:02
stefano.crapanzano@chu.ulg.ac.be,Navigation système de fichier,IT,2021-03-11,10:57:25,00:00:03
stefano.crapanzano@chu.ulg.ac.be,Navigation système de fichier,IT,2021-03-11,11:00:24,00:00:04
stefano.crapanzano@chu.ulg.ac.be,Navigation système de fichier,IT,2021-03-11,11:01:38,00:00:07
stefano.crapanzano@chu.ulg.ac.be,Navigation système de fichier,IT,2021-03-11,11:02:23,00:00:03
stefano.crapanzano@chu.ulg.ac.be,Navigation système de fichier,IT,2021-03-11,11:02:27,00:00:03
stefano.crapanzano@chu.ulg.ac.be,Navigation système de fichier,IT,2021-03-11,11:02:43,00:00:02
stefano.crapanzano@chu.ulg.ac.be,Navigation système de fichier,IT,2021-03-11,11:03:21,00:00:02
stefano.crapanzano@chu.ulg.ac.be,Navigation système de fichier,IT,2021-03-11,11:04:16,00:00:03
stefano.crapanzano@chu.ulg.ac.be,Navigation système de fichier,IT,2021-03-11,11:04:30,00:00:02
stefano.crapanzano@chu.ulg.ac.be,Navigation système de fichier,IT,2021-03-11,11:14:37,00:00:03
stefano.crapanzano@chu.ulg.ac.be,Navigation système de fichier,IT,2021-03-11,11:14:49,00:00:10
stefano.crapanzano@chu.ulg.ac.be,Navigation système de fichier,IT,2021-03-11,11:16:14,00:00:04
stefano.crapanzano@chu.ulg.ac.be,Navigation système de fichier,IT,2021-03-11,11:16:22,00:00:04
stefano.crapanzano@chu.ulg.ac.be,Navigation système de fichier,IT,2021-03-11,11:16:27,00:00:02
stefano.crapanzano@chu.ulg.ac.be,Navigation système de fichier,IT,2021-03-11,11:16:33,00:00:02
stefano.crapanzano@chu.ulg.ac.be,Navigation système de fichier,IT,2021-03-11,11:16:40,00:00:03
stefano.crapanzano@chu.ulg.ac.be,Navigation système de fichier,IT,2021-03-11,11:16:48,00:00:02
stefano.crapanzano@chu.ulg.ac.be,Navigation système de fichier,IT,2021-03-11,11:16:54,00:00:02
stefano.crapanzano@chu.ulg.ac.be,Navigation système de fichier,IT,2021-03-11,11:16:59,00:00:02
stefano.crapanzano@chu.ulg.ac.be,Navigation système de fichier,IT,2021-03-11,11:20:26,00:00:02
stefano.crapanzano@chu.ulg.ac.be,Navigation système de fichier,IT,2021-03-11,11:21:22,00:00:12
stefano.crapanzano@chu.ulg.ac.be,Navigation système de fichier,IT,2021-03-11,11:21:35,00:00:39
stefano.crapanzano@chu.ulg.ac.be,Navigation système de fichier,IT,2021-03-11,11:22:21,00:00:06
stefano.crapanzano@chu.ulg.ac.be,Navigation système de fichier,IT,2021-03-11,11:22:34,00:00:02
stefano.crapanzano@chu.ulg.ac.be,Navigation système de fichier,IT,2021-03-11,11:22:42,00:00:03
stefano.crapanzano@chu.ulg.ac.be,Navigation système de fichier,IT,2021-03-11,11:28:25,00:00:19
stefano.crapanzano@chu.ulg.ac.be,Navigation système de fichier,IT,2021-03-11,11:31:46,00:00:04
stefano.crapanzano@chu.ulg.ac.be,Navigation système de fichier,IT,2021-03-11,11:41:16,00:00:02
stefano.crapanzano@chu.ulg.ac.be,Navigation système de fichier,IT,2021-03-11,11:41:40,00:00:02
stefano.crapanzano@chu.ulg.ac.be,Navigation système de fichier,IT,2021-03-11,11:42:13,00:00:02
stefano.crapanzano@chu.ulg.ac.be,Navigation système de fichier,IT,2021-03-11,12:03:26,00:00:02
stefano.crapanzano@chu.ulg.ac.be,Navigation système de fichier,IT,2021-03-11,12:07:47,00:00:02
stefano.crapanzano@chu.ulg.ac.be,Navigation système de fichier,IT,2021-03-11,12:09:43,00:00:02
stefano.crapanzano@chu.ulg.ac.be,Navigation système de fichier,IT,2021-03-11,12:20:41,00:00:03
stefano.crapanzano@chu.ulg.ac.be,Navigation système de fichier,IT,2021-03-11,12:21:13,00:00:02
stefano.crapanzano@chu.ulg.ac.be,Navigation système de fichier,IT,2021-03-11,12:21:20,00:00:14
stefano.crapanzano@chu.ulg.ac.be,Navigation système de fichier,IT,2021-03-11,12:27:48,00:00:02
stefano.crapanzano@chu.ulg.ac.be,Navigation système de fichier,IT,2021-03-11,12:28:41,00:00:02
stefano.crapanzano@chu.ulg.ac.be,Navigation système de fichier,IT,2021-03-11,12:30:22,00:00:02
stefano.crapanzano@chu.ulg.ac.be,Navigation système de fichier,IT,2021-03-11,12:33:43,00:00:02
stefano.crapanzano@chu.ulg.ac.be,Navigation système de fichier,IT,2021-03-11,12:48:18,00:00:02
stefano.crapanzano@chu.ulg.ac.be,Navigation système de fichier,IT,2021-03-11,12:53:16,00:00:07
stefano.crapanzano@chu.ulg.ac.be,Navigation système de fichier,IT,2021-03-11,12:56:33,00:00:02
stefano.crapanzano@chu.ulg.ac.be,Navigation système de fichier,IT,2021-03-11,13:02:45,00:00:02
stefano.crapanzano@chu.ulg.ac.be,Navigation système de fichier,IT,2021-03-11,13:02:59,00:00:02
stefano.crapanzano@chu.ulg.ac.be,Navigation système de fichier,IT,2021-03-11,13:03:03,00:00:06
stefano.crapanzano@chu.ulg.ac.be,Navigation système de fichier,IT,2021-03-11,13:11:10,00:00:02
stefano.crapanzano@chu.ulg.ac.be,Navigation système de fichier,IT,2021-03-11,13:14:28,00:00:04
stefano.crapanzano@chu.ulg.ac.be,Navigation système de fichier,IT,2021-03-11,13:14:59,00:00:02
stefano.crapanzano@chu.ulg.ac.be,Navigation système de fichier,IT,2021-03-11,13:17:09,00:00:02
stefano.crapanzano@chu.ulg.ac.be,Navigation système de fichier,IT,2021-03-11,13:17:29,00:00:04
stefano.crapanzano@chu.ulg.ac.be,Navigation système de fichier,IT,2021-03-11,13:17:50,00:00:03
stefano.crapanzano@chu.ulg.ac.be,Navigation système de fichier,IT,2021-03-11,13:29:31,00:00:02
stefano.crapanzano@chu.ulg.ac.be,Navigation système de fichier,IT,2021-03-11,13:35:33,00:00:03
stefano.crapanzano@chu.ulg.ac.be,Navigation système de fichier,IT,2021-03-11,13:39:46,00:00:02
stefano.crapanzano@chu.ulg.ac.be,Navigation système de fichier,IT,2021-03-11,13:39:53,00:00:02
stefano.crapanzano@chu.ulg.ac.be,Navigation système de fichier,IT,2021-03-11,14:05:37,00:00:02
stefano.crapanzano@chu.ulg.ac.be,Navigation système de fichier,IT,2021-03-11,14:06:34,00:00:02
stefano.crapanzano@chu.ulg.ac.be,Navigation système de fichier,IT,2021-03-11,14:17:02,00:00:02
stefano.crapanzano@chu.ulg.ac.be,Navigation système de fichier,IT,2021-03-11,14:17:32,00:00:02
stefano.crapanzano@chu.ulg.ac.be,Navigation système de fichier,IT,2021-03-11,14:19:11,00:00:02
stefano.crapanzano@chu.ulg.ac.be,Navigation système de fichier,IT,2021-03-11,14:25:09,00:00:02
stefano.crapanzano@chu.ulg.ac.be,Navigation système de fichier,IT,2021-03-11,14:31:17,00:00:02
stefano.crapanzano@chu.ulg.ac.be,Navigation système de fichier,IT,2021-03-11,14:33:58,00:00:02
stefano.crapanzano@chu.ulg.ac.be,Navigation système de fichier,IT,2021-03-11,14:45:11,00:00:03
stefano.crapanzano@chu.ulg.ac.be,Navigation système de fichier,IT,2021-03-11,14:53:42,00:00:02
stefano.crapanzano@chu.ulg.ac.be,Navigation système de fichier,IT,2021-03-11,15:30:19,00:00:02
stefano.crapanzano@chu.ulg.ac.be,Navigation système de fichier,IT,2021-03-11,15:34:15,00:01:47
stefano.crapanzano@chu.ulg.ac.be,Navigation système de fichier,IT,2021-03-11,15:44:34,00:00:03
stefano.crapanzano@chu.ulg.ac.be,Navigation système de fichier,IT,2021-03-11,15:44:41,00:00:02
stefano.crapanzano@chu.ulg.ac.be,Navigation système de fichier,IT,2021-03-11,15:50:12,00:00:03
stefano.crapanzano@chu.ulg.ac.be,Navigation système de fichier,IT,2021-03-11,15:50:19,00:00:02
stefano.crapanzano@chu.ulg.ac.be,Navigation système de fichier,IT,2021-03-11,15:50:59,00:00:02
stefano.crapanzano@chu.ulg.ac.be,Navigation système de fichier,IT,2021-03-11,15:54:35,00:00:02
stefano.crapanzano@chu.ulg.ac.be,Navigation système de fichier,IT,2021-03-11,15:56:33,00:00:02
stefano.crapanzano@chu.ulg.ac.be,Navigation système de fichier,IT,2021-03-11,16:00:41,00:00:21
stefano.crapanzano@chu.ulg.ac.be,Navigation système de fichier,IT,2021-03-11,16:01:19,00:00:02
stefano.crapanzano@chu.ulg.ac.be,Navigation système de fichier,IT,2021-03-11,16:04:26,00:00:04
stefano.crapanzano@chu.ulg.ac.be,Navigation système de fichier,IT,2021-03-11,16:05:29,00:00:02
stefano.crapanzano@chu.ulg.ac.be,Navigation système de fichier,IT,2021-03-11,16:08:57,00:00:02
stefano.crapanzano@chu.ulg.ac.be,Navigation système de fichier,IT,2021-03-11,16:09:08,00:00:06
stefano.crapanzano@chu.ulg.ac.be,Navigation système de fichier,IT,2021-03-11,16:13:33,00:00:02
stefano.crapanzano@chu.ulg.ac.be,Navigation système de fichier,IT,2021-03-11,16:13:40,00:00:02
stefano.crapanzano@chu.ulg.ac.be,Navigation système de fichier,IT,2021-03-11,16:14:38,00:00:03
stefano.crapanzano@chu.ulg.ac.be,Navigation système de fichier,IT,2021-03-11,16:14:54,00:00:05
stefano.crapanzano@chu.ulg.ac.be,Navigation système de fichier,IT,2021-03-11,16:18:46,00:00:02
stefano.crapanzano@chu.ulg.ac.be,Navigation système de fichier,IT,2021-03-11,16:20:14,00:00:02
stefano.crapanzano@chu.ulg.ac.be,Navigation système de fichier,IT,2021-03-11,16:22:20,00:00:02
stefano.crapanzano@chu.ulg.ac.be,Navigation système de fichier,IT,2021-03-11,16:22:28,00:00:02
stefano.crapanzano@chu.ulg.ac.be,Navigation système de fichier,IT,2021-03-11,16:25:10,00:00:06
stefano.crapanzano@chu.ulg.ac.be,Navigation système de fichier,IT,2021-03-11,16:25:52,00:00:04
stefano.crapanzano@chu.ulg.ac.be,Navigation système de fichier,IT,2021-03-11,16:30:01,00:00:02
stefano.crapanzano@chu.ulg.ac.be,Navigation système de fichier,IT,2021-03-11,16:45:00,00:00:02
stefano.crapanzano@chu.ulg.ac.be,Navigation système de fichier,IT,2021-03-11,16:45:06,00:00:04
stefano.crapanzano@chu.ulg.ac.be,Navigation système de fichier,IT,2021-03-11,16:45:35,00:00:02
stefano.crapanzano@chu.ulg.ac.be,Navigation système de fichier,IT,2021-03-11,16:47:10,00:00:06
stefano.crapanzano@chu.ulg.ac.be,Navigation système de fichier,IT,2021-03-11,16:47:36,00:00:02
stefano.crapanzano@chu.ulg.ac.be,Navigation système de fichier,IT,2021-03-11,16:57:03,00:00:02
stefano.crapanzano@chu.ulg.ac.be,SAP GUI for Windows 750,Exploration SAP,2021-03-11,08:34:06,00:00:02
stefano.crapanzano@chu.ulg.ac.be,Sent - erp.sai@chuliege.be - Outlook,Helpdesk général,2021-03-11,08:34:16,00:00:03
stefano.crapanzano@chu.ulg.ac.be,Sent - erp.sai@chuliege.be - Outlook,Helpdesk général,2021-03-11,08:46:54,00:02:35
stefano.crapanzano@chu.ulg.ac.be,Sent - erp.sai@chuliege.be - Outlook,Helpdesk général,2021-03-11,08:49:55,00:00:02
stefano.crapanzano@chu.ulg.ac.be,Sent - erp.sai@chuliege.be - Outlook,Helpdesk général,2021-03-11,09:23:32,00:01:01
stefano.crapanzano@chu.ulg.ac.be,Sent - erp.sai@chuliege.be - Outlook,Helpdesk général,2021-03-11,09:25:29,00:02:06
stefano.crapanzano@chu.ulg.ac.be,Sent - erp.sai@chuliege.be - Outlook,Helpdesk général,2021-03-11,09:29:23,00:00:53
stefano.crapanzano@chu.ulg.ac.be,Sent - erp.sai@chuliege.be - Outlook,Helpdesk général,2021-03-11,09:40:54,00:00:03
stefano.crapanzano@chu.ulg.ac.be,Sent - erp.sai@chuliege.be - Outlook,Helpdesk général,2021-03-11,10:31:53,00:01:06
stefano.crapanzano@chu.ulg.ac.be,Sent - erp.sai@chuliege.be - Outlook,Helpdesk général,2021-03-11,10:33:59,00:03:40
stefano.crapanzano@chu.ulg.ac.be,Sent - erp.sai@chuliege.be - Outlook,Helpdesk général,2021-03-11,10:50:00,00:00:12
stefano.crapanzano@chu.ulg.ac.be,Sent - erp.sai@chuliege.be - Outlook,Helpdesk général,2021-03-11,10:57:41,00:01:12
stefano.crapanzano@chu.ulg.ac.be,Sent - erp.sai@chuliege.be - Outlook,Helpdesk général,2021-03-11,10:59:36,00:00:10
stefano.crapanzano@chu.ulg.ac.be,Sent - erp.sai@chuliege.be - Outlook,Helpdesk général,2021-03-11,12:33:47,00:13:00
stefano.crapanzano@chu.ulg.ac.be,Sent - erp.sai@chuliege.be - Outlook,Helpdesk général,2021-03-11,16:30:12,00:00:08
stefano.crapanzano@chu.ulg.ac.be,Sent - erp.sai@chuliege.be - Outlook,Helpdesk général,2021-03-11,16:43:17,00:00:05
stefano.crapanzano@chu.ulg.ac.be,Sent - erp.sai@chuliege.be - Outlook,Helpdesk général,2021-03-11,16:45:54,00:00:08
stefano.crapanzano@chu.ulg.ac.be,Sent - erp.sai@chuliege.be - Outlook,Helpdesk général,2021-03-11,16:47:46,00:09:16
stefano.crapanzano@chu.ulg.ac.be,Sent - erp.sai@chuliege.be - Outlook,Helpdesk général,2021-03-11,16:57:05,00:05:28
stefano.crapanzano@chu.ulg.ac.be,Boîte de réception - erp.sai@chuliege.be - Outlook,Helpdesk général,2021-03-11,08:34:20,00:01:13
stefano.crapanzano@chu.ulg.ac.be,Boîte de réception - erp.sai@chuliege.be - Outlook,Helpdesk général,2021-03-11,08:41:35,00:00:15
stefano.crapanzano@chu.ulg.ac.be,Boîte de réception - erp.sai@chuliege.be - Outlook,Helpdesk général,2021-03-11,08:46:38,00:00:03
stefano.crapanzano@chu.ulg.ac.be,Boîte de réception - erp.sai@chuliege.be - Outlook,Helpdesk général,2021-03-11,08:46:50,00:00:03
stefano.crapanzano@chu.ulg.ac.be,Boîte de réception - erp.sai@chuliege.be - Outlook,Helpdesk général,2021-03-11,09:23:25,00:00:07
stefano.crapanzano@chu.ulg.ac.be,Boîte de réception - erp.sai@chuliege.be - Outlook,Helpdesk général,2021-03-11,09:27:35,00:00:03
stefano.crapanzano@chu.ulg.ac.be,Boîte de réception - erp.sai@chuliege.be - Outlook,Helpdesk général,2021-03-11,09:40:58,00:00:44
stefano.crapanzano@chu.ulg.ac.be,Boîte de réception - erp.sai@chuliege.be - Outlook,Helpdesk général,2021-03-11,09:41:43,00:00:02
stefano.crapanzano@chu.ulg.ac.be,Boîte de réception - erp.sai@chuliege.be - Outlook,Helpdesk général,2021-03-11,09:43:00,00:00:20
stefano.crapanzano@chu.ulg.ac.be,Boîte de réception - erp.sai@chuliege.be - Outlook,Helpdesk général,2021-03-11,09:45:40,00:00:45
stefano.crapanzano@chu.ulg.ac.be,Boîte de réception - erp.sai@chuliege.be - Outlook,Helpdesk général,2021-03-11,09:55:38,00:00:13
stefano.crapanzano@chu.ulg.ac.be,Boîte de réception - erp.sai@chuliege.be - Outlook,Helpdesk général,2021-03-11,10:06:13,00:00:31
stefano.crapanzano@chu.ulg.ac.be,Boîte de réception - erp.sai@chuliege.be - Outlook,Helpdesk général,2021-03-11,10:08:46,00:00:21
stefano.crapanzano@chu.ulg.ac.be,Boîte de réception - erp.sai@chuliege.be - Outlook,Helpdesk général,2021-03-11,10:09:10,00:00:40
stefano.crapanzano@chu.ulg.ac.be,Boîte de réception - erp.sai@chuliege.be - Outlook,Helpdesk général,2021-03-11,10:10:41,00:02:06
stefano.crapanzano@chu.ulg.ac.be,Boîte de réception - erp.sai@chuliege.be - Outlook,Helpdesk général,2021-03-11,10:13:18,00:18:34
stefano.crapanzano@chu.ulg.ac.be,Boîte de réception - erp.sai@chuliege.be - Outlook,Helpdesk général,2021-03-11,10:32:59,00:00:07
stefano.crapanzano@chu.ulg.ac.be,Boîte de réception - erp.sai@chuliege.be - Outlook,Helpdesk général,2021-03-11,10:33:53,00:00:06
stefano.crapanzano@chu.ulg.ac.be,Boîte de réception - erp.sai@chuliege.be - Outlook,Helpdesk général,2021-03-11,10:52:55,00:00:14
stefano.crapanzano@chu.ulg.ac.be,Boîte de réception - erp.sai@chuliege.be - Outlook,Helpdesk général,2021-03-11,10:57:35,00:00:06
stefano.crapanzano@chu.ulg.ac.be,Boîte de réception - erp.sai@chuliege.be - Outlook,Helpdesk général,2021-03-11,10:59:47,00:00:02
stefano.crapanzano@chu.ulg.ac.be,Boîte de réception - erp.sai@chuliege.be - Outlook,Helpdesk général,2021-03-11,11:02:45,00:00:06
stefano.crapanzano@chu.ulg.ac.be,Boîte de réception - erp.sai@chuliege.be - Outlook,Helpdesk général,2021-03-11,11:03:23,00:00:03
stefano.crapanzano@chu.ulg.ac.be,Boîte de réception - erp.sai@chuliege.be - Outlook,Helpdesk général,2021-03-11,11:17:03,00:00:07
stefano.crapanzano@chu.ulg.ac.be,Boîte de réception - erp.sai@chuliege.be - Outlook,Helpdesk général,2021-03-11,11:18:21,00:02:03
stefano.crapanzano@chu.ulg.ac.be,Boîte de réception - erp.sai@chuliege.be - Outlook,Helpdesk général,2021-03-11,11:20:59,00:00:18
stefano.crapanzano@chu.ulg.ac.be,Boîte de réception - erp.sai@chuliege.be - Outlook,Helpdesk général,2021-03-11,11:41:19,00:00:20
stefano.crapanzano@chu.ulg.ac.be,Boîte de réception - erp.sai@chuliege.be - Outlook,Helpdesk général,2021-03-11,11:42:18,00:00:22
stefano.crapanzano@chu.ulg.ac.be,Boîte de réception - erp.sai@chuliege.be - Outlook,Helpdesk général,2021-03-11,12:03:29,00:00:06
stefano.crapanzano@chu.ulg.ac.be,Boîte de réception - erp.sai@chuliege.be - Outlook,Helpdesk général,2021-03-11,15:30:23,00:00:02
stefano.crapanzano@chu.ulg.ac.be,Boîte de réception - erp.sai@chuliege.be - Outlook,Helpdesk général,2021-03-11,15:30:29,00:00:09
stefano.crapanzano@chu.ulg.ac.be,Boîte de réception - erp.sai@chuliege.be - Outlook,Helpdesk général,2021-03-11,15:54:37,00:00:48
stefano.crapanzano@chu.ulg.ac.be,Boîte de réception - erp.sai@chuliege.be - Outlook,Helpdesk général,2021-03-11,15:56:09,00:00:23
stefano.crapanzano@chu.ulg.ac.be,Boîte de réception - erp.sai@chuliege.be - Outlook,Helpdesk général,2021-03-11,15:57:58,00:00:05
stefano.crapanzano@chu.ulg.ac.be,Boîte de réception - erp.sai@chuliege.be - Outlook,Helpdesk général,2021-03-11,15:59:13,00:00:02
stefano.crapanzano@chu.ulg.ac.be,Boîte de réception - erp.sai@chuliege.be - Outlook,Helpdesk général,2021-03-11,15:59:21,00:00:02
stefano.crapanzano@chu.ulg.ac.be,Boîte de réception - erp.sai@chuliege.be - Outlook,Helpdesk général,2021-03-11,15:59:29,00:00:02
stefano.crapanzano@chu.ulg.ac.be,Boîte de réception - erp.sai@chuliege.be - Outlook,Helpdesk général,2021-03-11,15:59:57,00:00:04
stefano.crapanzano@chu.ulg.ac.be,Boîte de réception - erp.sai@chuliege.be - Outlook,Helpdesk général,2021-03-11,16:01:30,00:00:03
stefano.crapanzano@chu.ulg.ac.be,Boîte de réception - erp.sai@chuliege.be - Outlook,Helpdesk général,2021-03-11,16:01:36,00:00:02
stefano.crapanzano@chu.ulg.ac.be,Boîte de réception - erp.sai@chuliege.be - Outlook,Helpdesk général,2021-03-11,16:01:45,00:00:02
stefano.crapanzano@chu.ulg.ac.be,Boîte de réception - erp.sai@chuliege.be - Outlook,Helpdesk général,2021-03-11,16:02:03,00:00:03
stefano.crapanzano@chu.ulg.ac.be,Boîte de réception - erp.sai@chuliege.be - Outlook,Helpdesk général,2021-03-11,16:02:11,00:00:02
stefano.crapanzano@chu.ulg.ac.be,Boîte de réception - erp.sai@chuliege.be - Outlook,Helpdesk général,2021-03-11,16:02:17,00:00:09
stefano.crapanzano@chu.ulg.ac.be,Boîte de réception - erp.sai@chuliege.be - Outlook,Helpdesk général,2021-03-11,16:02:45,00:00:02
stefano.crapanzano@chu.ulg.ac.be,Boîte de réception - erp.sai@chuliege.be - Outlook,Helpdesk général,2021-03-11,16:02:58,00:00:12
stefano.crapanzano@chu.ulg.ac.be,Boîte de réception - erp.sai@chuliege.be - Outlook,Helpdesk général,2021-03-11,16:03:13,00:00:07
stefano.crapanzano@chu.ulg.ac.be,Boîte de réception - erp.sai@chuliege.be - Outlook,Helpdesk général,2021-03-11,16:03:24,00:00:08
stefano.crapanzano@chu.ulg.ac.be,Boîte de réception - erp.sai@chuliege.be - Outlook,Helpdesk général,2021-03-11,16:13:29,00:00:03
stefano.crapanzano@chu.ulg.ac.be,Boîte de réception - erp.sai@chuliege.be - Outlook,Helpdesk général,2021-03-11,16:22:31,00:00:02
stefano.crapanzano@chu.ulg.ac.be,Boîte de réception - erp.sai@chuliege.be - Outlook,Helpdesk général,2021-03-11,16:30:03,00:00:08
stefano.crapanzano@chu.ulg.ac.be,Boîte de réception - erp.sai@chuliege.be - Outlook,Helpdesk général,2021-03-11,16:43:22,00:00:19
stefano.crapanzano@chu.ulg.ac.be,Boîte de réception - erp.sai@chuliege.be - Outlook,Helpdesk général,2021-03-11,16:44:29,00:00:08
stefano.crapanzano@chu.ulg.ac.be,Boîte de réception - erp.sai@chuliege.be - Outlook,Helpdesk général,2021-03-11,16:45:46,00:00:08
stefano.crapanzano@chu.ulg.ac.be,Boîte de réception - erp.sai@chuliege.be - Outlook,Helpdesk général,2021-03-11,16:46:03,00:01:02
stefano.crapanzano@chu.ulg.ac.be,Boîte de réception - erp.sai@chuliege.be - Outlook,Helpdesk général,2021-03-11,16:47:38,00:00:07
stefano.crapanzano@chu.ulg.ac.be,\\SI-S-SERV533\FTP_ERP_Pharma_Prod\Factures_Out\Copies\Transmises\20210308-1100.csv - Notepad++ [Administrator],IT,2021-03-11,08:35:38,00:00:08
stefano.crapanzano@chu.ulg.ac.be,\\SI-S-SERV533\FTP_ERP_Pharma_Prod\Factures_Out\Copies\Transmises\20210308-1100.csv - Notepad++ [Administrator],IT,2021-03-11,08:35:50,00:00:09
stefano.crapanzano@chu.ulg.ac.be,\\SI-S-SERV533\FTP_ERP_Pharma_Prod\Factures_Out\Copies\Transmises\20210308-1100.csv - Notepad++ [Administrator],IT,2021-03-11,09:24:44,00:00:03
stefano.crapanzano@chu.ulg.ac.be,C:\Users\c158492\AppData\Local\Temp\20210308-1100-1.csv - Notepad++ [Administrator],IT,2021-03-11,08:35:46,00:00:03
stefano.crapanzano@chu.ulg.ac.be,C:\Users\c158492\AppData\Local\Temp\20210308-1100-1.csv - Notepad++ [Administrator],IT,2021-03-11,08:36:00,00:00:02
stefano.crapanzano@chu.ulg.ac.be,*new 3 - Notepad++ [Administrator],IT,2021-03-11,08:36:02,00:00:03
stefano.crapanzano@chu.ulg.ac.be,\\SI-S-SERV533\FTP_ERP_Pharma_Prod\Factures_Out\Copies\Transmises\20200203-1430.csv - Notepad++ [Administrator],IT,2021-03-11,08:36:06,00:00:06
stefano.crapanzano@chu.ulg.ac.be,C:\Users\c158492\AppData\Local\Temp\20210308-1100.csv - Notepad++ [Administrator],IT,2021-03-11,08:36:12,00:00:15
stefano.crapanzano@chu.ulg.ac.be,SAM - DB - Google Chrome,Tâches diverses,2021-03-11,08:37:34,00:00:03
stefano.crapanzano@chu.ulg.ac.be,P203 CHR 20210219011356 KOFAX - Bienvenue! Vous pouvez poser une demande de Service Desk ERP for HealthCare parmi les options fournies. - Service d'assistance - Google Chrome,Tâches diverses,2021-03-11,08:37:37,00:00:07
stefano.crapanzano@chu.ulg.ac.be,Demandes - Service d'assistance - Google Chrome,Tâches diverses,2021-03-11,08:37:44,00:00:02
stefano.crapanzano@chu.ulg.ac.be,Demandes - Service d'assistance - Google Chrome,Tâches diverses,2021-03-11,10:53:49,00:00:40
stefano.crapanzano@chu.ulg.ac.be,P203 CHU Plusieurfs factures ignorées lors du retour APO (ZAPO) - Bienvenue! Vous pouvez poser une demande de Service Desk ERP for HealthCare parmi les options fournies. - Service d'assistance - Google Chrome,Tâches diverses,2021-03-11,08:37:47,00:03:46
stefano.crapanzano@chu.ulg.ac.be,P203 CHU Plusieurfs factures ignorées lors du retour APO (ZAPO) - Bienvenue! Vous pouvez poser une demande de Service Desk ERP for HealthCare parmi les options fournies. - Service d'assistance - Google Chrome,Tâches diverses,2021-03-11,10:42:31,00:00:07
stefano.crapanzano@chu.ulg.ac.be,P203 CHU Plusieurfs factures ignorées lors du retour APO (ZAPO) - Bienvenue! Vous pouvez poser une demande de Service Desk ERP for HealthCare parmi les options fournies. - Service d'assistance - Google Chrome,Tâches diverses,2021-03-11,10:53:10,00:00:02
stefano.crapanzano@chu.ulg.ac.be,RE: ENVOI 2020 - Message (HTML),Helpdesk général,2021-03-11,08:41:51,00:04:39
stefano.crapanzano@chu.ulg.ac.be,RE: ENVOI 2020 - Message (HTML),Helpdesk général,2021-03-11,08:46:32,00:00:06
stefano.crapanzano@chu.ulg.ac.be,RE: ENVOI 2020 - Message (HTML),Helpdesk général,2021-03-11,09:16:43,00:06:16
stefano.crapanzano@chu.ulg.ac.be,RE: ENVOI 2020 - Message (HTML),Helpdesk général,2021-03-11,09:23:01,00:00:02
stefano.crapanzano@chu.ulg.ac.be,RE: ENVOI 2020 - Message (HTML),Helpdesk général,2021-03-11,10:06:44,00:02:01
stefano.crapanzano@chu.ulg.ac.be,RE: ENVOI 2020 - Message (HTML),Helpdesk général,2021-03-11,10:12:48,00:00:30
stefano.crapanzano@chu.ulg.ac.be,RE: ENVOI 2020 - Message (HTML),Helpdesk général,2021-03-11,11:16:35,00:00:03
stefano.crapanzano@chu.ulg.ac.be,Microsoft Outlook,Helpdesk général,2021-03-11,10:59:34,00:00:02
stefano.crapanzano@chu.ulg.ac.be,Microsoft Outlook,Helpdesk général,2021-03-11,16:29:57,00:00:02
stefano.crapanzano@chu.ulg.ac.be,Boîte de Réception - Zimbra - Stefano Crapanzano - Outlook,Helpdesk général,2021-03-11,08:46:42,00:00:08
stefano.crapanzano@chu.ulg.ac.be,Boîte de Réception - Zimbra - Stefano Crapanzano - Outlook,Helpdesk général,2021-03-11,08:49:58,00:01:59
stefano.crapanzano@chu.ulg.ac.be,Boîte de Réception - Zimbra - Stefano Crapanzano - Outlook,Helpdesk général,2021-03-11,09:09:47,00:00:06
stefano.crapanzano@chu.ulg.ac.be,Boîte de Réception - Zimbra - Stefano Crapanzano - Outlook,Helpdesk général,2021-03-11,09:27:42,00:00:02
stefano.crapanzano@chu.ulg.ac.be,Boîte de Réception - Zimbra - Stefano Crapanzano - Outlook,Helpdesk général,2021-03-11,09:29:18,00:00:04
stefano.crapanzano@chu.ulg.ac.be,Boîte de Réception - Zimbra - Stefano Crapanzano - Outlook,Helpdesk général,2021-03-11,10:50:12,00:02:43
stefano.crapanzano@chu.ulg.ac.be,Boîte de Réception - Zimbra - Stefano Crapanzano - Outlook,Helpdesk général,2021-03-11,11:03:27,00:00:40
stefano.crapanzano@chu.ulg.ac.be,Boîte de Réception - Zimbra - Stefano Crapanzano - Outlook,Helpdesk général,2021-03-11,11:04:10,00:00:05
stefano.crapanzano@chu.ulg.ac.be,Boîte de Réception - Zimbra - Stefano Crapanzano - Outlook,Helpdesk général,2021-03-11,11:17:01,00:00:02
stefano.crapanzano@chu.ulg.ac.be,Boîte de Réception - Zimbra - Stefano Crapanzano - Outlook,Helpdesk général,2021-03-11,11:41:45,00:00:02
stefano.crapanzano@chu.ulg.ac.be,Boîte de Réception - Zimbra - Stefano Crapanzano - Outlook,Helpdesk général,2021-03-11,11:42:15,00:00:02
stefano.crapanzano@chu.ulg.ac.be,Boîte de Réception - Zimbra - Stefano Crapanzano - Outlook,Helpdesk général,2021-03-11,12:03:35,00:03:55
stefano.crapanzano@chu.ulg.ac.be,Boîte de Réception - Zimbra - Stefano Crapanzano - Outlook,Helpdesk général,2021-03-11,12:33:45,00:00:02
stefano.crapanzano@chu.ulg.ac.be,Boîte de Réception - Zimbra - Stefano Crapanzano - Outlook,Helpdesk général,2021-03-11,15:30:25,00:00:03
stefano.crapanzano@chu.ulg.ac.be,Boîte de Réception - Zimbra - Stefano Crapanzano - Outlook,Helpdesk général,2021-03-11,16:44:37,00:00:02
stefano.crapanzano@chu.ulg.ac.be,Boîte de Réception - Zimbra - Stefano Crapanzano - Outlook,Helpdesk général,2021-03-11,16:45:38,00:00:08
stefano.crapanzano@chu.ulg.ac.be,Programmation,IT,2021-03-11,08:49:30,00:00:12
stefano.crapanzano@chu.ulg.ac.be,Programmation,IT,2021-03-11,08:55:16,00:01:56
stefano.crapanzano@chu.ulg.ac.be,Programmation,IT,2021-03-11,08:57:34,00:02:19
stefano.crapanzano@chu.ulg.ac.be,Programmation,IT,2021-03-11,09:01:02,00:00:06
stefano.crapanzano@chu.ulg.ac.be,Programmation,IT,2021-03-11,09:01:33,00:01:00
stefano.crapanzano@chu.ulg.ac.be,Programmation,IT,2021-03-11,09:02:39,00:00:06
stefano.crapanzano@chu.ulg.ac.be,Programmation,IT,2021-03-11,09:02:50,00:00:05
stefano.crapanzano@chu.ulg.ac.be,Programmation,IT,2021-03-11,09:02:58,00:00:06
stefano.crapanzano@chu.ulg.ac.be,Programmation,IT,2021-03-11,09:03:07,00:00:05
stefano.crapanzano@chu.ulg.ac.be,Programmation,IT,2021-03-11,09:03:20,00:00:04
stefano.crapanzano@chu.ulg.ac.be,Programmation,IT,2021-03-11,09:03:28,00:00:07
stefano.crapanzano@chu.ulg.ac.be,Programmation,IT,2021-03-11,09:03:38,00:00:06
stefano.crapanzano@chu.ulg.ac.be,Programmation,IT,2021-03-11,09:03:47,00:00:05
stefano.crapanzano@chu.ulg.ac.be,Programmation,IT,2021-03-11,09:04:05,00:00:07
stefano.crapanzano@chu.ulg.ac.be,Programmation,IT,2021-03-11,09:04:15,00:00:04
stefano.crapanzano@chu.ulg.ac.be,Programmation,IT,2021-03-11,09:04:23,00:00:03
stefano.crapanzano@chu.ulg.ac.be,Programmation,IT,2021-03-11,09:04:35,00:00:04
stefano.crapanzano@chu.ulg.ac.be,Programmation,IT,2021-03-11,09:04:42,00:00:07
stefano.crapanzano@chu.ulg.ac.be,Programmation,IT,2021-03-11,09:04:52,00:00:09
stefano.crapanzano@chu.ulg.ac.be,Programmation,IT,2021-03-11,09:05:12,00:00:16
stefano.crapanzano@chu.ulg.ac.be,Programmation,IT,2021-03-11,09:05:30,00:00:07
stefano.crapanzano@chu.ulg.ac.be,Programmation,IT,2021-03-11,09:05:58,00:00:14
stefano.crapanzano@chu.ulg.ac.be,Programmation,IT,2021-03-11,09:06:16,00:00:53
stefano.crapanzano@chu.ulg.ac.be,Programmation,IT,2021-03-11,09:07:11,00:00:26
stefano.crapanzano@chu.ulg.ac.be,Programmation,IT,2021-03-11,09:07:39,00:00:31
stefano.crapanzano@chu.ulg.ac.be,Programmation,IT,2021-03-11,09:08:12,00:00:24
stefano.crapanzano@chu.ulg.ac.be,Programmation,IT,2021-03-11,09:08:38,00:01:06
stefano.crapanzano@chu.ulg.ac.be,Programmation,IT,2021-03-11,09:09:55,00:01:16
stefano.crapanzano@chu.ulg.ac.be,Programmation,IT,2021-03-11,09:11:13,00:00:55
stefano.crapanzano@chu.ulg.ac.be,Programmation,IT,2021-03-11,09:12:57,00:00:18
stefano.crapanzano@chu.ulg.ac.be,Programmation,IT,2021-03-11,09:13:17,00:00:50
stefano.crapanzano@chu.ulg.ac.be,Programmation,IT,2021-03-11,09:15:19,00:01:23
stefano.crapanzano@chu.ulg.ac.be,Programmation,IT,2021-03-11,09:27:55,00:01:21
stefano.crapanzano@chu.ulg.ac.be,Programmation,IT,2021-03-11,09:30:18,00:03:01
stefano.crapanzano@chu.ulg.ac.be,Programmation,IT,2021-03-11,09:39:52,00:00:07
stefano.crapanzano@chu.ulg.ac.be,Programmation,IT,2021-03-11,09:40:16,00:00:22
stefano.crapanzano@chu.ulg.ac.be,Programmation,IT,2021-03-11,09:40:40,00:00:12
stefano.crapanzano@chu.ulg.ac.be,Programmation,IT,2021-03-11,10:05:26,00:00:22
stefano.crapanzano@chu.ulg.ac.be,Programmation,IT,2021-03-11,10:05:54,00:00:17
stefano.crapanzano@chu.ulg.ac.be,Programmation,IT,2021-03-11,10:09:53,00:00:19
stefano.crapanzano@chu.ulg.ac.be,Programmation,IT,2021-03-11,10:10:18,00:00:22
stefano.crapanzano@chu.ulg.ac.be,Programmation,IT,2021-03-11,10:37:40,00:00:34
stefano.crapanzano@chu.ulg.ac.be,Programmation,IT,2021-03-11,10:38:53,00:02:27
stefano.crapanzano@chu.ulg.ac.be,Programmation,IT,2021-03-11,10:41:28,00:00:12
stefano.crapanzano@chu.ulg.ac.be,Programmation,IT,2021-03-11,10:48:08,00:01:49
stefano.crapanzano@chu.ulg.ac.be,Programmation,IT,2021-03-11,10:54:32,00:00:15
stefano.crapanzano@chu.ulg.ac.be,Programmation,IT,2021-03-11,10:54:59,00:00:06
stefano.crapanzano@chu.ulg.ac.be,Programmation,IT,2021-03-11,10:55:08,00:00:20
stefano.crapanzano@chu.ulg.ac.be,Programmation,IT,2021-03-11,10:55:33,00:00:19
stefano.crapanzano@chu.ulg.ac.be,Programmation,IT,2021-03-11,10:56:07,00:00:10
stefano.crapanzano@chu.ulg.ac.be,Programmation,IT,2021-03-11,10:56:20,00:00:36
stefano.crapanzano@chu.ulg.ac.be,Programmation,IT,2021-03-11,10:57:03,00:00:03
stefano.crapanzano@chu.ulg.ac.be,Programmation,IT,2021-03-11,10:57:11,00:00:13
stefano.crapanzano@chu.ulg.ac.be,Programmation,IT,2021-03-11,10:57:28,00:00:05
stefano.crapanzano@chu.ulg.ac.be,Programmation,IT,2021-03-11,11:04:20,00:00:10
stefano.crapanzano@chu.ulg.ac.be,Programmation,IT,2021-03-11,11:04:35,00:10:01
stefano.crapanzano@chu.ulg.ac.be,Programmation,IT,2021-03-11,11:17:45,00:00:36
stefano.crapanzano@chu.ulg.ac.be,Programmation,IT,2021-03-11,11:20:29,00:00:29
stefano.crapanzano@chu.ulg.ac.be,Programmation,IT,2021-03-11,11:21:19,00:00:03
stefano.crapanzano@chu.ulg.ac.be,Programmation,IT,2021-03-11,11:22:45,00:00:19
stefano.crapanzano@chu.ulg.ac.be,Programmation,IT,2021-03-11,11:24:29,00:00:17
stefano.crapanzano@chu.ulg.ac.be,Programmation,IT,2021-03-11,11:24:48,00:00:46
stefano.crapanzano@chu.ulg.ac.be,Programmation,IT,2021-03-11,11:25:48,00:00:02
stefano.crapanzano@chu.ulg.ac.be,Programmation,IT,2021-03-11,11:26:23,00:01:53
stefano.crapanzano@chu.ulg.ac.be,Programmation,IT,2021-03-11,11:28:22,00:00:02
stefano.crapanzano@chu.ulg.ac.be,Programmation,IT,2021-03-11,11:28:45,00:03:01
stefano.crapanzano@chu.ulg.ac.be,Programmation,IT,2021-03-11,11:31:51,00:09:25
stefano.crapanzano@chu.ulg.ac.be,Programmation,IT,2021-03-11,11:41:43,00:00:02
stefano.crapanzano@chu.ulg.ac.be,Programmation,IT,2021-03-11,11:41:47,00:00:25
stefano.crapanzano@chu.ulg.ac.be,Programmation,IT,2021-03-11,11:42:41,00:20:44
stefano.crapanzano@chu.ulg.ac.be,Programmation,IT,2021-03-11,12:07:34,00:00:13
stefano.crapanzano@chu.ulg.ac.be,Programmation,IT,2021-03-11,12:08:04,00:00:19
stefano.crapanzano@chu.ulg.ac.be,Programmation,IT,2021-03-11,12:09:37,00:00:06
stefano.crapanzano@chu.ulg.ac.be,Programmation,IT,2021-03-11,12:09:46,00:00:03
stefano.crapanzano@chu.ulg.ac.be,Programmation,IT,2021-03-11,12:09:50,00:05:17
stefano.crapanzano@chu.ulg.ac.be,Programmation,IT,2021-03-11,12:15:15,00:00:20
stefano.crapanzano@chu.ulg.ac.be,Programmation,IT,2021-03-11,12:15:37,00:00:11
stefano.crapanzano@chu.ulg.ac.be,Programmation,IT,2021-03-11,12:15:50,00:00:26
stefano.crapanzano@chu.ulg.ac.be,Programmation,IT,2021-03-11,12:16:17,00:01:22
stefano.crapanzano@chu.ulg.ac.be,Programmation,IT,2021-03-11,12:17:46,00:00:07
stefano.crapanzano@chu.ulg.ac.be,Programmation,IT,2021-03-11,12:17:56,00:00:19
stefano.crapanzano@chu.ulg.ac.be,Programmation,IT,2021-03-11,12:18:23,00:00:12
stefano.crapanzano@chu.ulg.ac.be,Programmation,IT,2021-03-11,12:18:36,00:00:04
stefano.crapanzano@chu.ulg.ac.be,Programmation,IT,2021-03-11,12:18:50,00:00:07
stefano.crapanzano@chu.ulg.ac.be,Programmation,IT,2021-03-11,12:19:06,00:00:14
stefano.crapanzano@chu.ulg.ac.be,Programmation,IT,2021-03-11,12:19:21,00:00:23
stefano.crapanzano@chu.ulg.ac.be,Programmation,IT,2021-03-11,12:20:08,00:00:19
stefano.crapanzano@chu.ulg.ac.be,Programmation,IT,2021-03-11,12:20:44,00:00:07
stefano.crapanzano@chu.ulg.ac.be,Programmation,IT,2021-03-11,12:20:54,00:00:09
stefano.crapanzano@chu.ulg.ac.be,Programmation,IT,2021-03-11,12:21:16,00:00:04
stefano.crapanzano@chu.ulg.ac.be,Programmation,IT,2021-03-11,12:21:36,00:00:05
stefano.crapanzano@chu.ulg.ac.be,Programmation,IT,2021-03-11,12:21:52,00:00:04
stefano.crapanzano@chu.ulg.ac.be,Programmation,IT,2021-03-11,12:21:57,00:00:09
stefano.crapanzano@chu.ulg.ac.be,Programmation,IT,2021-03-11,12:22:08,00:00:08
stefano.crapanzano@chu.ulg.ac.be,Programmation,IT,2021-03-11,12:22:18,00:00:58
stefano.crapanzano@chu.ulg.ac.be,Programmation,IT,2021-03-11,12:23:31,00:00:40
stefano.crapanzano@chu.ulg.ac.be,Programmation,IT,2021-03-11,12:24:12,00:00:10
stefano.crapanzano@chu.ulg.ac.be,Programmation,IT,2021-03-11,12:24:24,00:03:16
stefano.crapanzano@chu.ulg.ac.be,Programmation,IT,2021-03-11,12:27:51,00:00:10
stefano.crapanzano@chu.ulg.ac.be,Programmation,IT,2021-03-11,12:28:03,00:00:27
stefano.crapanzano@chu.ulg.ac.be,Programmation,IT,2021-03-11,12:28:32,00:00:09
stefano.crapanzano@chu.ulg.ac.be,Programmation,IT,2021-03-11,12:28:43,00:00:11
stefano.crapanzano@chu.ulg.ac.be,Programmation,IT,2021-03-11,12:28:56,00:00:52
stefano.crapanzano@chu.ulg.ac.be,Programmation,IT,2021-03-11,12:29:50,00:00:24
stefano.crapanzano@chu.ulg.ac.be,Programmation,IT,2021-03-11,12:47:52,00:00:07
stefano.crapanzano@chu.ulg.ac.be,Programmation,IT,2021-03-11,12:48:20,00:00:14
stefano.crapanzano@chu.ulg.ac.be,Programmation,IT,2021-03-11,12:48:52,00:00:31
stefano.crapanzano@chu.ulg.ac.be,Programmation,IT,2021-03-11,12:49:42,00:00:07
stefano.crapanzano@chu.ulg.ac.be,Programmation,IT,2021-03-11,12:50:35,00:02:05
stefano.crapanzano@chu.ulg.ac.be,Programmation,IT,2021-03-11,12:53:12,00:00:04
stefano.crapanzano@chu.ulg.ac.be,Programmation,IT,2021-03-11,12:53:24,00:00:49
stefano.crapanzano@chu.ulg.ac.be,Programmation,IT,2021-03-11,12:54:19,00:01:41
stefano.crapanzano@chu.ulg.ac.be,Programmation,IT,2021-03-11,12:56:02,00:00:30
stefano.crapanzano@chu.ulg.ac.be,Programmation,IT,2021-03-11,12:57:29,00:00:14
stefano.crapanzano@chu.ulg.ac.be,Programmation,IT,2021-03-11,12:57:57,00:04:29
stefano.crapanzano@chu.ulg.ac.be,Programmation,IT,2021-03-11,13:02:47,00:00:12
stefano.crapanzano@chu.ulg.ac.be,Programmation,IT,2021-03-11,13:03:10,00:01:04
stefano.crapanzano@chu.ulg.ac.be,Programmation,IT,2021-03-11,13:04:27,00:00:19
stefano.crapanzano@chu.ulg.ac.be,Programmation,IT,2021-03-11,13:05:00,00:03:09
stefano.crapanzano@chu.ulg.ac.be,Programmation,IT,2021-03-11,13:08:11,00:00:11
stefano.crapanzano@chu.ulg.ac.be,Programmation,IT,2021-03-11,13:08:38,00:02:15
stefano.crapanzano@chu.ulg.ac.be,Programmation,IT,2021-03-11,13:11:13,00:00:17
stefano.crapanzano@chu.ulg.ac.be,Programmation,IT,2021-03-11,13:11:46,00:02:42
stefano.crapanzano@chu.ulg.ac.be,Programmation,IT,2021-03-11,13:14:49,00:00:10
stefano.crapanzano@chu.ulg.ac.be,Programmation,IT,2021-03-11,13:15:39,00:00:05
stefano.crapanzano@chu.ulg.ac.be,Programmation,IT,2021-03-11,13:15:53,00:00:07
stefano.crapanzano@chu.ulg.ac.be,Programmation,IT,2021-03-11,13:16:27,00:00:38
stefano.crapanzano@chu.ulg.ac.be,Programmation,IT,2021-03-11,13:17:11,00:00:10
stefano.crapanzano@chu.ulg.ac.be,Programmation,IT,2021-03-11,13:17:34,00:00:03
stefano.crapanzano@chu.ulg.ac.be,Programmation,IT,2021-03-11,13:18:53,00:00:15
stefano.crapanzano@chu.ulg.ac.be,Programmation,IT,2021-03-11,13:21:32,00:00:38
stefano.crapanzano@chu.ulg.ac.be,Programmation,IT,2021-03-11,13:22:35,00:00:04
stefano.crapanzano@chu.ulg.ac.be,Programmation,IT,2021-03-11,13:22:41,00:00:10
stefano.crapanzano@chu.ulg.ac.be,Programmation,IT,2021-03-11,13:22:52,00:00:05
stefano.crapanzano@chu.ulg.ac.be,Programmation,IT,2021-03-11,13:24:13,00:00:13
stefano.crapanzano@chu.ulg.ac.be,Programmation,IT,2021-03-11,13:28:57,00:00:25
stefano.crapanzano@chu.ulg.ac.be,Programmation,IT,2021-03-11,13:29:25,00:00:06
stefano.crapanzano@chu.ulg.ac.be,Programmation,IT,2021-03-11,13:31:08,00:00:04
stefano.crapanzano@chu.ulg.ac.be,Programmation,IT,2021-03-11,13:31:34,00:00:42
stefano.crapanzano@chu.ulg.ac.be,Programmation,IT,2021-03-11,13:32:22,00:01:22
stefano.crapanzano@chu.ulg.ac.be,Programmation,IT,2021-03-11,13:33:51,00:00:07
stefano.crapanzano@chu.ulg.ac.be,Programmation,IT,2021-03-11,13:34:11,00:00:14
stefano.crapanzano@chu.ulg.ac.be,Programmation,IT,2021-03-11,13:34:30,00:00:04
stefano.crapanzano@chu.ulg.ac.be,Programmation,IT,2021-03-11,13:34:40,00:00:07
stefano.crapanzano@chu.ulg.ac.be,Programmation,IT,2021-03-11,13:36:12,00:00:16
stefano.crapanzano@chu.ulg.ac.be,Programmation,IT,2021-03-11,13:36:36,00:01:18
stefano.crapanzano@chu.ulg.ac.be,Programmation,IT,2021-03-11,13:38:11,00:00:58
stefano.crapanzano@chu.ulg.ac.be,Programmation,IT,2021-03-11,13:40:18,00:00:13
stefano.crapanzano@chu.ulg.ac.be,Programmation,IT,2021-03-11,13:40:39,00:00:17
stefano.crapanzano@chu.ulg.ac.be,Programmation,IT,2021-03-11,13:41:34,00:00:13
stefano.crapanzano@chu.ulg.ac.be,Programmation,IT,2021-03-11,13:41:56,00:00:13
stefano.crapanzano@chu.ulg.ac.be,Programmation,IT,2021-03-11,13:42:20,00:00:19
stefano.crapanzano@chu.ulg.ac.be,Programmation,IT,2021-03-11,13:42:55,00:00:19
stefano.crapanzano@chu.ulg.ac.be,Programmation,IT,2021-03-11,13:43:22,00:00:19
stefano.crapanzano@chu.ulg.ac.be,Programmation,IT,2021-03-11,13:43:53,00:01:09
stefano.crapanzano@chu.ulg.ac.be,Programmation,IT,2021-03-11,13:45:51,00:00:33
stefano.crapanzano@chu.ulg.ac.be,Programmation,IT,2021-03-11,13:46:33,00:00:35
stefano.crapanzano@chu.ulg.ac.be,Programmation,IT,2021-03-11,13:47:13,00:00:17
stefano.crapanzano@chu.ulg.ac.be,Programmation,IT,2021-03-11,13:47:36,00:00:24
stefano.crapanzano@chu.ulg.ac.be,Programmation,IT,2021-03-11,13:48:19,00:00:14
stefano.crapanzano@chu.ulg.ac.be,Programmation,IT,2021-03-11,13:48:38,00:00:30
stefano.crapanzano@chu.ulg.ac.be,Programmation,IT,2021-03-11,13:52:56,00:02:33
stefano.crapanzano@chu.ulg.ac.be,Programmation,IT,2021-03-11,13:55:45,00:00:11
stefano.crapanzano@chu.ulg.ac.be,Programmation,IT,2021-03-11,13:56:31,00:00:14
stefano.crapanzano@chu.ulg.ac.be,Programmation,IT,2021-03-11,13:57:14,00:00:05
stefano.crapanzano@chu.ulg.ac.be,Programmation,IT,2021-03-11,13:58:00,00:00:05
stefano.crapanzano@chu.ulg.ac.be,Programmation,IT,2021-03-11,14:05:40,00:00:54
stefano.crapanzano@chu.ulg.ac.be,Programmation,IT,2021-03-11,14:08:54,00:00:03
stefano.crapanzano@chu.ulg.ac.be,Programmation,IT,2021-03-11,14:12:42,00:00:03
stefano.crapanzano@chu.ulg.ac.be,Programmation,IT,2021-03-11,14:14:38,00:01:10
stefano.crapanzano@chu.ulg.ac.be,Programmation,IT,2021-03-11,14:16:19,00:00:38
stefano.crapanzano@chu.ulg.ac.be,Programmation,IT,2021-03-11,14:24:52,00:00:16
stefano.crapanzano@chu.ulg.ac.be,Programmation,IT,2021-03-11,14:26:14,00:01:06
stefano.crapanzano@chu.ulg.ac.be,Programmation,IT,2021-03-11,14:29:12,00:00:17
stefano.crapanzano@chu.ulg.ac.be,Programmation,IT,2021-03-11,14:29:55,00:00:05
stefano.crapanzano@chu.ulg.ac.be,Programmation,IT,2021-03-11,14:30:19,00:00:05
stefano.crapanzano@chu.ulg.ac.be,Programmation,IT,2021-03-11,14:30:50,00:00:04
stefano.crapanzano@chu.ulg.ac.be,Programmation,IT,2021-03-11,14:31:01,00:00:07
stefano.crapanzano@chu.ulg.ac.be,Programmation,IT,2021-03-11,14:31:19,00:00:07
stefano.crapanzano@chu.ulg.ac.be,Programmation,IT,2021-03-11,14:31:34,00:00:25
stefano.crapanzano@chu.ulg.ac.be,Programmation,IT,2021-03-11,14:32:02,00:00:09
stefano.crapanzano@chu.ulg.ac.be,Programmation,IT,2021-03-11,14:32:16,00:00:06
stefano.crapanzano@chu.ulg.ac.be,Programmation,IT,2021-03-11,14:33:46,00:00:03
stefano.crapanzano@chu.ulg.ac.be,Programmation,IT,2021-03-11,14:34:20,00:00:16
stefano.crapanzano@chu.ulg.ac.be,Programmation,IT,2021-03-11,14:34:38,00:00:17
stefano.crapanzano@chu.ulg.ac.be,Programmation,IT,2021-03-11,14:35:42,00:00:03
stefano.crapanzano@chu.ulg.ac.be,Programmation,IT,2021-03-11,14:35:51,00:00:32
stefano.crapanzano@chu.ulg.ac.be,Programmation,IT,2021-03-11,14:36:35,00:00:04
stefano.crapanzano@chu.ulg.ac.be,Programmation,IT,2021-03-11,14:36:43,00:00:10
stefano.crapanzano@chu.ulg.ac.be,Programmation,IT,2021-03-11,14:38:38,00:00:15
stefano.crapanzano@chu.ulg.ac.be,Programmation,IT,2021-03-11,14:40:13,00:00:05
stefano.crapanzano@chu.ulg.ac.be,Programmation,IT,2021-03-11,14:41:52,00:00:35
stefano.crapanzano@chu.ulg.ac.be,Programmation,IT,2021-03-11,14:42:32,00:00:07
stefano.crapanzano@chu.ulg.ac.be,Programmation,IT,2021-03-11,14:42:52,00:00:10
stefano.crapanzano@chu.ulg.ac.be,Programmation,IT,2021-03-11,14:53:44,00:24:10
stefano.crapanzano@chu.ulg.ac.be,Programmation,IT,2021-03-11,15:18:00,00:00:04
stefano.crapanzano@chu.ulg.ac.be,Programmation,IT,2021-03-11,15:18:19,00:00:09
stefano.crapanzano@chu.ulg.ac.be,Programmation,IT,2021-03-11,15:19:22,00:00:54
stefano.crapanzano@chu.ulg.ac.be,Programmation,IT,2021-03-11,15:21:11,00:00:14
stefano.crapanzano@chu.ulg.ac.be,Programmation,IT,2021-03-11,15:21:28,00:00:02
stefano.crapanzano@chu.ulg.ac.be,Programmation,IT,2021-03-11,15:21:55,00:00:39
stefano.crapanzano@chu.ulg.ac.be,Programmation,IT,2021-03-11,15:22:39,00:00:50
stefano.crapanzano@chu.ulg.ac.be,Programmation,IT,2021-03-11,15:23:36,00:00:04
stefano.crapanzano@chu.ulg.ac.be,Programmation,IT,2021-03-11,15:24:55,00:00:16
stefano.crapanzano@chu.ulg.ac.be,Programmation,IT,2021-03-11,15:25:20,00:00:06
stefano.crapanzano@chu.ulg.ac.be,Programmation,IT,2021-03-11,15:26:28,00:00:22
stefano.crapanzano@chu.ulg.ac.be,Programmation,IT,2021-03-11,15:26:59,00:00:23
stefano.crapanzano@chu.ulg.ac.be,Programmation,IT,2021-03-11,15:27:23,00:00:04
stefano.crapanzano@chu.ulg.ac.be,Programmation,IT,2021-03-11,15:36:09,00:00:13
stefano.crapanzano@chu.ulg.ac.be,Programmation,IT,2021-03-11,15:36:35,00:01:06
stefano.crapanzano@chu.ulg.ac.be,Programmation,IT,2021-03-11,15:37:52,00:00:02
stefano.crapanzano@chu.ulg.ac.be,Programmation,IT,2021-03-11,15:39:53,00:00:14
stefano.crapanzano@chu.ulg.ac.be,Programmation,IT,2021-03-11,15:40:08,00:00:11
stefano.crapanzano@chu.ulg.ac.be,Programmation,IT,2021-03-11,15:40:38,00:00:46
stefano.crapanzano@chu.ulg.ac.be,Programmation,IT,2021-03-11,15:43:54,00:00:35
stefano.crapanzano@chu.ulg.ac.be,Programmation,IT,2021-03-11,15:46:46,00:01:28
stefano.crapanzano@chu.ulg.ac.be,Programmation,IT,2021-03-11,15:48:16,00:00:56
stefano.crapanzano@chu.ulg.ac.be,Programmation,IT,2021-03-11,15:49:17,00:00:02
stefano.crapanzano@chu.ulg.ac.be,Programmation,IT,2021-03-11,15:49:29,00:00:09
stefano.crapanzano@chu.ulg.ac.be,Programmation,IT,2021-03-11,15:49:45,00:00:07
stefano.crapanzano@chu.ulg.ac.be,Programmation,IT,2021-03-11,15:50:02,00:00:09
stefano.crapanzano@chu.ulg.ac.be,Programmation,IT,2021-03-11,15:50:16,00:00:03
stefano.crapanzano@chu.ulg.ac.be,Programmation,IT,2021-03-11,15:50:46,00:00:03
stefano.crapanzano@chu.ulg.ac.be,Programmation,IT,2021-03-11,15:51:09,00:01:01
stefano.crapanzano@chu.ulg.ac.be,Programmation,IT,2021-03-11,15:52:24,00:00:11
stefano.crapanzano@chu.ulg.ac.be,Programmation,IT,2021-03-11,15:53:02,00:00:05
stefano.crapanzano@chu.ulg.ac.be,Programmation,IT,2021-03-11,15:53:15,00:00:15
stefano.crapanzano@chu.ulg.ac.be,Programmation,IT,2021-03-11,15:54:12,00:00:23
stefano.crapanzano@chu.ulg.ac.be,Programmation,IT,2021-03-11,16:08:59,00:00:08
stefano.crapanzano@chu.ulg.ac.be,Programmation,IT,2021-03-11,16:09:15,00:02:28
stefano.crapanzano@chu.ulg.ac.be,Programmation,IT,2021-03-11,16:11:45,00:01:43
stefano.crapanzano@chu.ulg.ac.be,Programmation,IT,2021-03-11,16:13:42,00:00:04
stefano.crapanzano@chu.ulg.ac.be,Programmation,IT,2021-03-11,16:13:53,00:00:04
stefano.crapanzano@chu.ulg.ac.be,Programmation,IT,2021-03-11,16:14:23,00:00:14
stefano.crapanzano@chu.ulg.ac.be,Programmation,IT,2021-03-11,16:17:24,00:00:05
stefano.crapanzano@chu.ulg.ac.be,Programmation,IT,2021-03-11,16:20:38,00:00:04
stefano.crapanzano@chu.ulg.ac.be,Programmation,IT,2021-03-11,16:20:53,00:00:08
stefano.crapanzano@chu.ulg.ac.be,Programmation,IT,2021-03-11,16:21:07,00:00:29
stefano.crapanzano@chu.ulg.ac.be,Programmation,IT,2021-03-11,16:21:40,00:00:03
stefano.crapanzano@chu.ulg.ac.be,Programmation,IT,2021-03-11,16:45:10,00:00:23
stefano.crapanzano@chu.ulg.ac.be,Programmation,IT,2021-03-11,16:47:06,00:00:03
stefano.crapanzano@chu.ulg.ac.be,DBeaver 7.2.1 - <GLIMS9.ST.CHULG> Script-1,Helpdesk général,2021-03-11,15:55:25,00:00:03
stefano.crapanzano@chu.ulg.ac.be,Lecture documentation,Tâches diverses,2021-03-11,08:51:59,00:02:44
stefano.crapanzano@chu.ulg.ac.be,Lecture documentation,Tâches diverses,2021-03-11,09:41:46,00:01:12
stefano.crapanzano@chu.ulg.ac.be,Lecture documentation,Tâches diverses,2021-03-11,09:43:20,00:02:18
stefano.crapanzano@chu.ulg.ac.be,Lecture documentation,Tâches diverses,2021-03-11,09:55:53,00:09:30
stefano.crapanzano@chu.ulg.ac.be,Lecture documentation,Tâches diverses,2021-03-11,10:38:16,00:00:35
stefano.crapanzano@chu.ulg.ac.be,Lecture documentation,Tâches diverses,2021-03-11,10:41:20,00:00:04
stefano.crapanzano@chu.ulg.ac.be,Lecture documentation,Tâches diverses,2021-03-11,10:41:50,00:00:36
stefano.crapanzano@chu.ulg.ac.be,Lecture documentation,Tâches diverses,2021-03-11,10:42:39,00:00:03
stefano.crapanzano@chu.ulg.ac.be,Lecture documentation,Tâches diverses,2021-03-11,11:00:05,00:00:18
stefano.crapanzano@chu.ulg.ac.be,Lecture documentation,Tâches diverses,2021-03-11,11:01:36,00:00:02
stefano.crapanzano@chu.ulg.ac.be,Lecture documentation,Tâches diverses,2021-03-11,11:17:10,00:00:30
stefano.crapanzano@chu.ulg.ac.be,Lecture documentation,Tâches diverses,2021-03-11,12:07:49,00:00:14
stefano.crapanzano@chu.ulg.ac.be,Lecture documentation,Tâches diverses,2021-03-11,12:08:24,00:01:11
stefano.crapanzano@chu.ulg.ac.be,Lecture documentation,Tâches diverses,2021-03-11,12:15:08,00:00:06
stefano.crapanzano@chu.ulg.ac.be,Lecture documentation,Tâches diverses,2021-03-11,12:17:41,00:00:02
stefano.crapanzano@chu.ulg.ac.be,Lecture documentation,Tâches diverses,2021-03-11,12:18:16,00:00:05
stefano.crapanzano@chu.ulg.ac.be,Lecture documentation,Tâches diverses,2021-03-11,12:18:40,00:00:07
stefano.crapanzano@chu.ulg.ac.be,Lecture documentation,Tâches diverses,2021-03-11,12:18:57,00:00:06
stefano.crapanzano@chu.ulg.ac.be,Lecture documentation,Tâches diverses,2021-03-11,12:19:46,00:00:20
stefano.crapanzano@chu.ulg.ac.be,Lecture documentation,Tâches diverses,2021-03-11,12:20:29,00:00:12
stefano.crapanzano@chu.ulg.ac.be,Lecture documentation,Tâches diverses,2021-03-11,12:21:04,00:00:09
stefano.crapanzano@chu.ulg.ac.be,Lecture documentation,Tâches diverses,2021-03-11,12:21:43,00:00:05
stefano.crapanzano@chu.ulg.ac.be,Lecture documentation,Tâches diverses,2021-03-11,12:23:18,00:00:11
stefano.crapanzano@chu.ulg.ac.be,Lecture documentation,Tâches diverses,2021-03-11,12:27:42,00:00:06
stefano.crapanzano@chu.ulg.ac.be,Lecture documentation,Tâches diverses,2021-03-11,12:30:16,00:00:05
stefano.crapanzano@chu.ulg.ac.be,Lecture documentation,Tâches diverses,2021-03-11,12:30:25,00:03:18
stefano.crapanzano@chu.ulg.ac.be,Lecture documentation,Tâches diverses,2021-03-11,12:46:49,00:01:01
stefano.crapanzano@chu.ulg.ac.be,Lecture documentation,Tâches diverses,2021-03-11,12:48:01,00:00:17
stefano.crapanzano@chu.ulg.ac.be,Lecture documentation,Tâches diverses,2021-03-11,12:48:36,00:00:14
stefano.crapanzano@chu.ulg.ac.be,Lecture documentation,Tâches diverses,2021-03-11,12:49:23,00:00:18
stefano.crapanzano@chu.ulg.ac.be,Lecture documentation,Tâches diverses,2021-03-11,12:49:51,00:00:44
stefano.crapanzano@chu.ulg.ac.be,Lecture documentation,Tâches diverses,2021-03-11,12:52:42,00:00:28
stefano.crapanzano@chu.ulg.ac.be,Lecture documentation,Tâches diverses,2021-03-11,12:54:14,00:00:04
stefano.crapanzano@chu.ulg.ac.be,Lecture documentation,Tâches diverses,2021-03-11,12:56:36,00:00:53
stefano.crapanzano@chu.ulg.ac.be,Lecture documentation,Tâches diverses,2021-03-11,12:57:44,00:00:13
stefano.crapanzano@chu.ulg.ac.be,Lecture documentation,Tâches diverses,2021-03-11,13:02:27,00:00:17
stefano.crapanzano@chu.ulg.ac.be,Lecture documentation,Tâches diverses,2021-03-11,13:04:15,00:00:12
stefano.crapanzano@chu.ulg.ac.be,Lecture documentation,Tâches diverses,2021-03-11,13:04:47,00:00:12
stefano.crapanzano@chu.ulg.ac.be,Lecture documentation,Tâches diverses,2021-03-11,13:08:24,00:00:14
stefano.crapanzano@chu.ulg.ac.be,Lecture documentation,Tâches diverses,2021-03-11,13:10:55,00:00:15
stefano.crapanzano@chu.ulg.ac.be,Lecture documentation,Tâches diverses,2021-03-11,13:11:31,00:00:13
stefano.crapanzano@chu.ulg.ac.be,Lecture documentation,Tâches diverses,2021-03-11,13:15:01,00:00:07
stefano.crapanzano@chu.ulg.ac.be,Lecture documentation,Tâches diverses,2021-03-11,13:15:45,00:00:07
stefano.crapanzano@chu.ulg.ac.be,Lecture documentation,Tâches diverses,2021-03-11,13:17:07,00:00:02
stefano.crapanzano@chu.ulg.ac.be,Lecture documentation,Tâches diverses,2021-03-11,13:17:23,00:00:06
stefano.crapanzano@chu.ulg.ac.be,Lecture documentation,Tâches diverses,2021-03-11,13:17:39,00:00:08
stefano.crapanzano@chu.ulg.ac.be,Lecture documentation,Tâches diverses,2021-03-11,13:19:09,00:02:22
stefano.crapanzano@chu.ulg.ac.be,Lecture documentation,Tâches diverses,2021-03-11,13:22:10,00:00:24
stefano.crapanzano@chu.ulg.ac.be,Lecture documentation,Tâches diverses,2021-03-11,13:22:59,00:01:12
stefano.crapanzano@chu.ulg.ac.be,Lecture documentation,Tâches diverses,2021-03-11,13:24:26,00:04:31
stefano.crapanzano@chu.ulg.ac.be,Lecture documentation,Tâches diverses,2021-03-11,13:29:23,00:00:02
stefano.crapanzano@chu.ulg.ac.be,Lecture documentation,Tâches diverses,2021-03-11,13:29:34,00:01:34
stefano.crapanzano@chu.ulg.ac.be,Lecture documentation,Tâches diverses,2021-03-11,13:31:14,00:00:09
stefano.crapanzano@chu.ulg.ac.be,Lecture documentation,Tâches diverses,2021-03-11,13:31:26,00:00:07
stefano.crapanzano@chu.ulg.ac.be,Lecture documentation,Tâches diverses,2021-03-11,13:32:16,00:00:06
stefano.crapanzano@chu.ulg.ac.be,Lecture documentation,Tâches diverses,2021-03-11,13:33:44,00:00:06
stefano.crapanzano@chu.ulg.ac.be,Lecture documentation,Tâches diverses,2021-03-11,13:33:59,00:00:12
stefano.crapanzano@chu.ulg.ac.be,Lecture documentation,Tâches diverses,2021-03-11,13:34:26,00:00:03
stefano.crapanzano@chu.ulg.ac.be,Lecture documentation,Tâches diverses,2021-03-11,13:34:34,00:00:04
stefano.crapanzano@chu.ulg.ac.be,Lecture documentation,Tâches diverses,2021-03-11,13:34:48,00:00:33
stefano.crapanzano@chu.ulg.ac.be,Lecture documentation,Tâches diverses,2021-03-11,13:35:22,00:00:11
stefano.crapanzano@chu.ulg.ac.be,Lecture documentation,Tâches diverses,2021-03-11,13:35:37,00:00:33
stefano.crapanzano@chu.ulg.ac.be,Lecture documentation,Tâches diverses,2021-03-11,13:36:28,00:00:06
stefano.crapanzano@chu.ulg.ac.be,Lecture documentation,Tâches diverses,2021-03-11,13:37:55,00:00:16
stefano.crapanzano@chu.ulg.ac.be,Lecture documentation,Tâches diverses,2021-03-11,13:39:10,00:00:36
stefano.crapanzano@chu.ulg.ac.be,Lecture documentation,Tâches diverses,2021-03-11,13:39:49,00:00:04
stefano.crapanzano@chu.ulg.ac.be,Lecture documentation,Tâches diverses,2021-03-11,13:39:55,00:00:22
stefano.crapanzano@chu.ulg.ac.be,Lecture documentation,Tâches diverses,2021-03-11,13:40:32,00:00:07
stefano.crapanzano@chu.ulg.ac.be,Lecture documentation,Tâches diverses,2021-03-11,13:40:57,00:00:35
stefano.crapanzano@chu.ulg.ac.be,Lecture documentation,Tâches diverses,2021-03-11,13:41:47,00:00:08
stefano.crapanzano@chu.ulg.ac.be,Lecture documentation,Tâches diverses,2021-03-11,13:42:11,00:00:06
stefano.crapanzano@chu.ulg.ac.be,Lecture documentation,Tâches diverses,2021-03-11,13:42:18,00:00:02
stefano.crapanzano@chu.ulg.ac.be,Lecture documentation,Tâches diverses,2021-03-11,13:42:40,00:00:14
stefano.crapanzano@chu.ulg.ac.be,Lecture documentation,Tâches diverses,2021-03-11,13:43:15,00:00:07
stefano.crapanzano@chu.ulg.ac.be,Lecture documentation,Tâches diverses,2021-03-11,13:43:42,00:00:10
stefano.crapanzano@chu.ulg.ac.be,Lecture documentation,Tâches diverses,2021-03-11,13:45:03,00:00:46
stefano.crapanzano@chu.ulg.ac.be,Lecture documentation,Tâches diverses,2021-03-11,13:46:25,00:00:07
stefano.crapanzano@chu.ulg.ac.be,Lecture documentation,Tâches diverses,2021-03-11,13:47:09,00:00:03
stefano.crapanzano@chu.ulg.ac.be,Lecture documentation,Tâches diverses,2021-03-11,13:47:30,00:00:05
stefano.crapanzano@chu.ulg.ac.be,Lecture documentation,Tâches diverses,2021-03-11,13:48:01,00:00:18
stefano.crapanzano@chu.ulg.ac.be,Lecture documentation,Tâches diverses,2021-03-11,13:48:34,00:00:04
stefano.crapanzano@chu.ulg.ac.be,Lecture documentation,Tâches diverses,2021-03-11,13:49:09,00:03:44
stefano.crapanzano@chu.ulg.ac.be,Lecture documentation,Tâches diverses,2021-03-11,13:55:30,00:00:13
stefano.crapanzano@chu.ulg.ac.be,Lecture documentation,Tâches diverses,2021-03-11,13:55:56,00:00:34
stefano.crapanzano@chu.ulg.ac.be,Lecture documentation,Tâches diverses,2021-03-11,13:56:45,00:00:27
stefano.crapanzano@chu.ulg.ac.be,Lecture documentation,Tâches diverses,2021-03-11,13:57:20,00:00:39
stefano.crapanzano@chu.ulg.ac.be,Lecture documentation,Tâches diverses,2021-03-11,13:58:06,00:07:31
stefano.crapanzano@chu.ulg.ac.be,Lecture documentation,Tâches diverses,2021-03-11,14:06:36,00:02:18
stefano.crapanzano@chu.ulg.ac.be,Lecture documentation,Tâches diverses,2021-03-11,14:08:58,00:03:42
stefano.crapanzano@chu.ulg.ac.be,Lecture documentation,Tâches diverses,2021-03-11,14:14:22,00:00:14
stefano.crapanzano@chu.ulg.ac.be,Lecture documentation,Tâches diverses,2021-03-11,14:17:04,00:00:27
stefano.crapanzano@chu.ulg.ac.be,Lecture documentation,Tâches diverses,2021-03-11,14:18:18,00:00:52
stefano.crapanzano@chu.ulg.ac.be,Lecture documentation,Tâches diverses,2021-03-11,14:20:24,00:00:03
stefano.crapanzano@chu.ulg.ac.be,Lecture documentation,Tâches diverses,2021-03-11,14:20:44,00:00:07
stefano.crapanzano@chu.ulg.ac.be,Lecture documentation,Tâches diverses,2021-03-11,14:22:16,00:00:11
stefano.crapanzano@chu.ulg.ac.be,Lecture documentation,Tâches diverses,2021-03-11,14:25:11,00:00:06
stefano.crapanzano@chu.ulg.ac.be,Lecture documentation,Tâches diverses,2021-03-11,14:25:33,00:00:38
stefano.crapanzano@chu.ulg.ac.be,Lecture documentation,Tâches diverses,2021-03-11,14:27:21,00:00:03
stefano.crapanzano@chu.ulg.ac.be,Lecture documentation,Tâches diverses,2021-03-11,14:27:25,00:01:46
stefano.crapanzano@chu.ulg.ac.be,Lecture documentation,Tâches diverses,2021-03-11,14:29:31,00:00:22
stefano.crapanzano@chu.ulg.ac.be,Lecture documentation,Tâches diverses,2021-03-11,14:30:01,00:00:02
stefano.crapanzano@chu.ulg.ac.be,Lecture documentation,Tâches diverses,2021-03-11,14:30:06,00:00:12
stefano.crapanzano@chu.ulg.ac.be,Lecture documentation,Tâches diverses,2021-03-11,14:30:26,00:00:22
stefano.crapanzano@chu.ulg.ac.be,Lecture documentation,Tâches diverses,2021-03-11,14:30:54,00:00:05
stefano.crapanzano@chu.ulg.ac.be,Lecture documentation,Tâches diverses,2021-03-11,14:31:09,00:00:07
stefano.crapanzano@chu.ulg.ac.be,Lecture documentation,Tâches diverses,2021-03-11,14:31:27,00:00:06
stefano.crapanzano@chu.ulg.ac.be,Lecture documentation,Tâches diverses,2021-03-11,14:31:59,00:00:02
stefano.crapanzano@chu.ulg.ac.be,Lecture documentation,Tâches diverses,2021-03-11,14:32:13,00:00:03
stefano.crapanzano@chu.ulg.ac.be,Lecture documentation,Tâches diverses,2021-03-11,14:32:24,00:01:21
stefano.crapanzano@chu.ulg.ac.be,Lecture documentation,Tâches diverses,2021-03-11,14:33:50,00:00:08
stefano.crapanzano@chu.ulg.ac.be,Lecture documentation,Tâches diverses,2021-03-11,14:34:57,00:00:44
stefano.crapanzano@chu.ulg.ac.be,Lecture documentation,Tâches diverses,2021-03-11,14:35:45,00:00:05
stefano.crapanzano@chu.ulg.ac.be,Lecture documentation,Tâches diverses,2021-03-11,14:36:23,00:00:11
stefano.crapanzano@chu.ulg.ac.be,Lecture documentation,Tâches diverses,2021-03-11,14:36:39,00:00:03
stefano.crapanzano@chu.ulg.ac.be,Lecture documentation,Tâches diverses,2021-03-11,14:36:53,00:00:15
stefano.crapanzano@chu.ulg.ac.be,Lecture documentation,Tâches diverses,2021-03-11,14:37:10,00:01:27
stefano.crapanzano@chu.ulg.ac.be,Lecture documentation,Tâches diverses,2021-03-11,14:38:55,00:01:17
stefano.crapanzano@chu.ulg.ac.be,Lecture documentation,Tâches diverses,2021-03-11,14:40:18,00:01:32
stefano.crapanzano@chu.ulg.ac.be,Lecture documentation,Tâches diverses,2021-03-11,14:42:28,00:00:04
stefano.crapanzano@chu.ulg.ac.be,Lecture documentation,Tâches diverses,2021-03-11,14:42:41,00:00:11
stefano.crapanzano@chu.ulg.ac.be,Lecture documentation,Tâches diverses,2021-03-11,14:43:02,00:02:08
stefano.crapanzano@chu.ulg.ac.be,Lecture documentation,Tâches diverses,2021-03-11,14:45:16,00:08:25
stefano.crapanzano@chu.ulg.ac.be,Lecture documentation,Tâches diverses,2021-03-11,15:17:54,00:00:05
stefano.crapanzano@chu.ulg.ac.be,Lecture documentation,Tâches diverses,2021-03-11,15:18:04,00:00:13
stefano.crapanzano@chu.ulg.ac.be,Lecture documentation,Tâches diverses,2021-03-11,15:18:29,00:00:51
stefano.crapanzano@chu.ulg.ac.be,Lecture documentation,Tâches diverses,2021-03-11,15:20:16,00:00:53
stefano.crapanzano@chu.ulg.ac.be,Lecture documentation,Tâches diverses,2021-03-11,15:21:31,00:00:24
stefano.crapanzano@chu.ulg.ac.be,Lecture documentation,Tâches diverses,2021-03-11,15:22:35,00:00:03
stefano.crapanzano@chu.ulg.ac.be,Lecture documentation,Tâches diverses,2021-03-11,15:23:30,00:00:05
stefano.crapanzano@chu.ulg.ac.be,Lecture documentation,Tâches diverses,2021-03-11,15:23:40,00:01:08
stefano.crapanzano@chu.ulg.ac.be,Lecture documentation,Tâches diverses,2021-03-11,15:24:50,00:00:04
stefano.crapanzano@chu.ulg.ac.be,Lecture documentation,Tâches diverses,2021-03-11,15:25:12,00:00:02
stefano.crapanzano@chu.ulg.ac.be,Lecture documentation,Tâches diverses,2021-03-11,15:25:16,00:00:03
stefano.crapanzano@chu.ulg.ac.be,Lecture documentation,Tâches diverses,2021-03-11,15:25:27,00:01:00
stefano.crapanzano@chu.ulg.ac.be,Lecture documentation,Tâches diverses,2021-03-11,15:26:51,00:00:07
stefano.crapanzano@chu.ulg.ac.be,Lecture documentation,Tâches diverses,2021-03-11,15:27:28,00:02:51
stefano.crapanzano@chu.ulg.ac.be,Lecture documentation,Tâches diverses,2021-03-11,15:30:40,00:03:35
stefano.crapanzano@chu.ulg.ac.be,Lecture documentation,Tâches diverses,2021-03-11,15:36:03,00:00:04
stefano.crapanzano@chu.ulg.ac.be,Lecture documentation,Tâches diverses,2021-03-11,15:36:24,00:00:09
stefano.crapanzano@chu.ulg.ac.be,Lecture documentation,Tâches diverses,2021-03-11,15:37:41,00:00:09
stefano.crapanzano@chu.ulg.ac.be,Lecture documentation,Tâches diverses,2021-03-11,15:37:56,00:00:33
stefano.crapanzano@chu.ulg.ac.be,Lecture documentation,Tâches diverses,2021-03-11,15:38:31,00:01:21
stefano.crapanzano@chu.ulg.ac.be,Lecture documentation,Tâches diverses,2021-03-11,15:40:21,00:00:15
stefano.crapanzano@chu.ulg.ac.be,Lecture documentation,Tâches diverses,2021-03-11,15:41:24,00:00:25
stefano.crapanzano@chu.ulg.ac.be,Lecture documentation,Tâches diverses,2021-03-11,15:43:33,00:00:19
stefano.crapanzano@chu.ulg.ac.be,Lecture documentation,Tâches diverses,2021-03-11,15:50:22,00:00:23
stefano.crapanzano@chu.ulg.ac.be,Lecture documentation,Tâches diverses,2021-03-11,15:50:50,00:00:09
stefano.crapanzano@chu.ulg.ac.be,Lecture documentation,Tâches diverses,2021-03-11,15:51:01,00:00:06
stefano.crapanzano@chu.ulg.ac.be,Lecture documentation,Tâches diverses,2021-03-11,15:53:08,00:00:05
stefano.crapanzano@chu.ulg.ac.be,Lecture documentation,Tâches diverses,2021-03-11,15:53:32,00:00:38
stefano.crapanzano@chu.ulg.ac.be,Lecture documentation,Tâches diverses,2021-03-11,15:56:46,00:00:34
stefano.crapanzano@chu.ulg.ac.be,Lecture documentation,Tâches diverses,2021-03-11,15:57:53,00:00:04
stefano.crapanzano@chu.ulg.ac.be,Lecture documentation,Tâches diverses,2021-03-11,15:58:15,00:00:38
stefano.crapanzano@chu.ulg.ac.be,Lecture documentation,Tâches diverses,2021-03-11,16:05:31,00:01:10
stefano.crapanzano@chu.ulg.ac.be,Lecture documentation,Tâches diverses,2021-03-11,16:06:42,00:02:14
stefano.crapanzano@chu.ulg.ac.be,Lecture documentation,Tâches diverses,2021-03-11,16:14:07,00:00:15
stefano.crapanzano@chu.ulg.ac.be,Lecture documentation,Tâches diverses,2021-03-11,16:14:41,00:00:13
stefano.crapanzano@chu.ulg.ac.be,Lecture documentation,Tâches diverses,2021-03-11,16:16:01,00:00:07
stefano.crapanzano@chu.ulg.ac.be,Lecture documentation,Tâches diverses,2021-03-11,16:16:16,00:00:22
stefano.crapanzano@chu.ulg.ac.be,Lecture documentation,Tâches diverses,2021-03-11,16:17:31,00:00:55
stefano.crapanzano@chu.ulg.ac.be,Lecture documentation,Tâches diverses,2021-03-11,16:18:40,00:00:03
stefano.crapanzano@chu.ulg.ac.be,Lecture documentation,Tâches diverses,2021-03-11,16:18:48,00:00:40
stefano.crapanzano@chu.ulg.ac.be,Lecture documentation,Tâches diverses,2021-03-11,16:20:26,00:00:03
stefano.crapanzano@chu.ulg.ac.be,Lecture documentation,Tâches diverses,2021-03-11,16:20:43,00:00:08
stefano.crapanzano@chu.ulg.ac.be,Lecture documentation,Tâches diverses,2021-03-11,16:21:03,00:00:03
stefano.crapanzano@chu.ulg.ac.be,Lecture documentation,Tâches diverses,2021-03-11,16:21:38,00:00:02
stefano.crapanzano@chu.ulg.ac.be,Lecture documentation,Tâches diverses,2021-03-11,16:21:44,00:00:11
stefano.crapanzano@chu.ulg.ac.be,Lecture documentation,Tâches diverses,2021-03-11,16:22:09,00:00:11
stefano.crapanzano@chu.ulg.ac.be,Lecture documentation,Tâches diverses,2021-03-11,16:47:16,00:00:16
stefano.crapanzano@chu.ulg.ac.be,SAP Logon 750,Exploration SAP,2021-03-11,08:59:57,00:00:03
stefano.crapanzano@chu.ulg.ac.be,*new 4 - Notepad++ [Administrator],IT,2021-03-11,09:14:16,00:01:02
stefano.crapanzano@chu.ulg.ac.be,PE2_203 - sftp://PE2U2FTP@153.89.110.38 - FileZilla,Helpdesk général,2021-03-11,09:23:04,00:00:12
stefano.crapanzano@chu.ulg.ac.be,PE2_203 - sftp://PE2U2FTP@153.89.110.38 - FileZilla,Helpdesk général,2021-03-11,09:27:45,00:00:07
stefano.crapanzano@chu.ulg.ac.be,PE2_203 - sftp://PE2U2FTP@153.89.110.38 - FileZilla,Helpdesk général,2021-03-11,09:33:24,00:04:50
stefano.crapanzano@chu.ulg.ac.be,PE2_203 - sftp://PE2U2FTP@153.89.110.38 - FileZilla,Helpdesk général,2021-03-11,09:38:46,00:01:06
stefano.crapanzano@chu.ulg.ac.be,PE2_203 - sftp://PE2U2FTP@153.89.110.38 - FileZilla,Helpdesk général,2021-03-11,11:02:31,00:00:11
stefano.crapanzano@chu.ulg.ac.be,\\SI-S-SERV533\FTP_ERP_Pharma_Prod\Factures_Out\Copies\Transmises\20210308-1101.csv - Notepad++ [Administrator],IT,2021-03-11,09:24:51,00:00:15
stefano.crapanzano@chu.ulg.ac.be,\\SI-S-SERV533\FTP_ERP_Pharma_Prod\Factures_Out\Copies\Transmises\20210308-1101.csv - Notepad++ [Administrator],IT,2021-03-11,09:25:13,00:00:14
stefano.crapanzano@chu.ulg.ac.be,\\SI-S-SERV533\FTP_ERP_Pharma_Prod\Factures_Out\Copies\Transmises\20210308-1101.csv - Notepad++ [Administrator],IT,2021-03-11,11:00:29,00:00:03
stefano.crapanzano@chu.ulg.ac.be,Rechercher,IT,2021-03-11,09:25:07,00:00:06
stefano.crapanzano@chu.ulg.ac.be,Rechercher,IT,2021-03-11,13:16:04,00:00:02
stefano.crapanzano@chu.ulg.ac.be,Rechercher,IT,2021-03-11,13:18:09,00:00:02
stefano.crapanzano@chu.ulg.ac.be,Rechercher,IT,2021-03-11,13:18:44,00:00:02
stefano.crapanzano@chu.ulg.ac.be,Netop Invité,Helpdesk général,2021-03-11,09:46:25,00:00:28
stefano.crapanzano@chu.ulg.ac.be,Netop Invité,Helpdesk général,2021-03-11,09:55:36,00:00:02
stefano.crapanzano@chu.ulg.ac.be,Connexion à l'aide de l'authentification Windows,Helpdesk général,2021-03-11,09:46:55,00:00:02
stefano.crapanzano@chu.ulg.ac.be,192.168.79.249 - Netop Remote Control,Helpdesk général,2021-03-11,09:46:59,00:02:54
stefano.crapanzano@chu.ulg.ac.be,192.168.79.249 - Netop Remote Control,Helpdesk général,2021-03-11,09:53:10,00:02:24
stefano.crapanzano@chu.ulg.ac.be,erreur chargement - Message (HTML),Helpdesk général,2021-03-11,10:33:06,00:00:46
stefano.crapanzano@chu.ulg.ac.be,erreur chargement - Message (HTML),Helpdesk général,2021-03-11,10:59:50,00:00:08
stefano.crapanzano@chu.ulg.ac.be,erreur chargement - Message (HTML),Helpdesk général,2021-03-11,11:02:51,00:00:03
stefano.crapanzano@chu.ulg.ac.be,erreur chargement - Message (HTML),Helpdesk général,2021-03-11,11:03:17,00:00:03
stefano.crapanzano@chu.ulg.ac.be,Nouvel onglet - Google Chrome,Tâches diverses,2021-03-11,10:53:12,00:00:07
stefano.crapanzano@chu.ulg.ac.be,Bienvenue! Vous pouvez poser une demande de Service Desk ERP for HealthCare parmi les options fournies. - Service d'assistance - Google Chrome,Tâches diverses,2021-03-11,10:53:21,00:00:03
stefano.crapanzano@chu.ulg.ac.be,Extended My Requests - All requests - Service Desk - Google Chrome,Tâches diverses,2021-03-11,10:53:25,00:00:14
stefano.crapanzano@chu.ulg.ac.be,Extended My Requests - All requests - Service Desk - Google Chrome,Tâches diverses,2021-03-11,10:53:43,00:00:04
stefano.crapanzano@chu.ulg.ac.be,P203 CHU Problèmes d'affichage dans le Workflow Approval - Bienvenue! Vous pouvez poser une demande de Service Desk ERP for HealthCare parmi les options fournies. - Service d'assistance - Google Chrome,Tâches diverses,2021-03-11,10:53:40,00:00:02
stefano.crapanzano@chu.ulg.ac.be,RE: SDERP-18040 P203 CHU Plusieurfs factures ignorées lors du retour APO (ZAPO) - Message (HTML),Helpdesk général,2021-03-11,10:58:53,00:00:39
stefano.crapanzano@chu.ulg.ac.be,RE: SDERP-18040 P203 CHU Plusieurfs factures ignorées lors du retour APO (ZAPO) - Message (HTML),Helpdesk général,2021-03-11,11:16:43,00:00:03
stefano.crapanzano@chu.ulg.ac.be,RE: SDERP-18040 P203 CHU Plusieurfs factures ignorées lors du retour APO (ZAPO) - Message (HTML),Helpdesk général,2021-03-11,11:16:50,00:00:02
stefano.crapanzano@chu.ulg.ac.be,RE: SDERP-18040 P203 CHU Plusieurfs factures ignorées lors du retour APO (ZAPO) - Message (HTML),Helpdesk général,2021-03-11,11:16:56,00:00:02
stefano.crapanzano@chu.ulg.ac.be,Enregistrer,Helpdesk général,2021-03-11,10:59:58,00:00:02
stefano.crapanzano@chu.ulg.ac.be,Confirmer l’enregistrement,Helpdesk général,2021-03-11,11:00:01,00:00:02
stefano.crapanzano@chu.ulg.ac.be,*new 5 - Notepad++ [Administrator],IT,2021-03-11,11:00:32,00:01:03
stefano.crapanzano@chu.ulg.ac.be,*new 5 - Notepad++ [Administrator],IT,2021-03-11,13:14:32,00:00:16
stefano.crapanzano@chu.ulg.ac.be,*new 5 - Notepad++ [Administrator],IT,2021-03-11,13:15:10,00:00:20
stefano.crapanzano@chu.ulg.ac.be,*new 5 - Notepad++ [Administrator],IT,2021-03-11,13:15:36,00:00:02
stefano.crapanzano@chu.ulg.ac.be,*new 5 - Notepad++ [Administrator],IT,2021-03-11,13:16:02,00:00:02
stefano.crapanzano@chu.ulg.ac.be,*new 5 - Notepad++ [Administrator],IT,2021-03-11,13:16:25,00:00:02
stefano.crapanzano@chu.ulg.ac.be,*new 5 - Notepad++ [Administrator],IT,2021-03-11,13:17:53,00:00:04
stefano.crapanzano@chu.ulg.ac.be,*new 5 - Notepad++ [Administrator],IT,2021-03-11,13:17:59,00:00:09
stefano.crapanzano@chu.ulg.ac.be,*new 5 - Notepad++ [Administrator],IT,2021-03-11,13:18:18,00:00:04
stefano.crapanzano@chu.ulg.ac.be,*new 5 - Notepad++ [Administrator],IT,2021-03-11,13:18:25,00:00:19
stefano.crapanzano@chu.ulg.ac.be,*new 5 - Notepad++ [Administrator],IT,2021-03-11,14:21:36,00:00:03
stefano.crapanzano@chu.ulg.ac.be,RE: erreur chargement - Message (HTML),Helpdesk général,2021-03-11,11:02:55,00:00:22
stefano.crapanzano@chu.ulg.ac.be,[MON SUIVI] : Demande de création d'alias pour le projet goal - Message (HTML),Helpdesk général,2021-03-11,11:14:41,00:00:07
stefano.crapanzano@chu.ulg.ac.be,[MON SUIVI] : Demande de création d'alias pour le projet goal - Message (HTML),Helpdesk général,2021-03-11,11:26:08,00:00:12
stefano.crapanzano@chu.ulg.ac.be,RE: Template Usage Glims - Message (HTML),Helpdesk général,2021-03-11,11:14:59,00:01:14
stefano.crapanzano@chu.ulg.ac.be,RE: Template Usage Glims - Message (HTML),Helpdesk général,2021-03-11,11:22:28,00:00:05
stefano.crapanzano@chu.ulg.ac.be,erreur chargement - Message (HTML) (Lecture seule),Helpdesk général,2021-03-11,11:16:18,00:00:02
stefano.crapanzano@chu.ulg.ac.be,GOAL - Stock - Message (HTML),Helpdesk général,2021-03-11,15:44:38,00:00:03
stefano.crapanzano@chu.ulg.ac.be,GOAL - Stock - Message (HTML),Helpdesk général,2021-03-11,15:44:57,00:00:07
stefano.crapanzano@chu.ulg.ac.be,GOAL - Stock - Message (HTML),Helpdesk général,2021-03-11,15:45:20,00:00:05
stefano.crapanzano@chu.ulg.ac.be,GOAL - Stock - Message (HTML),Helpdesk général,2021-03-11,15:45:30,00:00:04
stefano.crapanzano@chu.ulg.ac.be,GOAL - Stock - Message (HTML),Helpdesk général,2021-03-11,15:45:37,00:00:04
stefano.crapanzano@chu.ulg.ac.be,GOAL - Stock - Message (HTML),Helpdesk général,2021-03-11,15:45:46,00:00:04
stefano.crapanzano@chu.ulg.ac.be,GOAL - Stock - Message (HTML),Helpdesk général,2021-03-11,15:46:06,00:00:21
stefano.crapanzano@chu.ulg.ac.be,GOAL - Stock - Message (HTML),Helpdesk général,2021-03-11,15:46:37,00:00:07
stefano.crapanzano@chu.ulg.ac.be,GOAL - Stock - Message (HTML),Helpdesk général,2021-03-11,15:49:12,00:00:04
stefano.crapanzano@chu.ulg.ac.be,GOAL - Stock - Message (HTML),Helpdesk général,2021-03-11,15:49:19,00:00:09
stefano.crapanzano@chu.ulg.ac.be,GOAL - Stock - Message (HTML),Helpdesk général,2021-03-11,15:49:39,00:00:05
stefano.crapanzano@chu.ulg.ac.be,GOAL - Stock - Message (HTML),Helpdesk général,2021-03-11,15:49:54,00:00:08
stefano.crapanzano@chu.ulg.ac.be,GOAL - Stock - Message (HTML),Helpdesk général,2021-03-11,16:13:35,00:00:04
stefano.crapanzano@chu.ulg.ac.be,GOAL - Stock - Message (HTML),Helpdesk général,2021-03-11,16:13:46,00:00:06
stefano.crapanzano@chu.ulg.ac.be,GOAL - Stock - Message (HTML),Helpdesk général,2021-03-11,16:13:57,00:00:05
stefano.crapanzano@chu.ulg.ac.be,GOAL - Stock - Message (HTML),Helpdesk général,2021-03-11,16:22:22,00:00:05
stefano.crapanzano@chu.ulg.ac.be,GOAL - Stock - Message (HTML),Helpdesk général,2021-03-11,16:23:08,00:02:02
stefano.crapanzano@chu.ulg.ac.be,GOAL - Stock - Message (HTML),Helpdesk général,2021-03-11,16:25:30,00:00:13
stefano.crapanzano@chu.ulg.ac.be,GOAL - Stock - Message (HTML),Helpdesk général,2021-03-11,16:25:48,00:00:03
stefano.crapanzano@chu.ulg.ac.be,GOAL - Stock - Message (HTML),Helpdesk général,2021-03-11,16:26:04,00:03:52
stefano.crapanzano@chu.ulg.ac.be,GOAL - Stock - Message (HTML),Helpdesk général,2021-03-11,16:30:20,00:12:56
stefano.crapanzano@chu.ulg.ac.be,GOAL - Stock - Message (HTML),Helpdesk général,2021-03-11,16:43:43,00:00:45
stefano.crapanzano@chu.ulg.ac.be,RE: Absence lundi 15/03 - Message (HTML),Helpdesk général,2021-03-11,11:16:29,00:00:02
stefano.crapanzano@chu.ulg.ac.be,retour APO - Message (HTML),Helpdesk général,2021-03-11,11:22:15,00:00:04
stefano.crapanzano@chu.ulg.ac.be,Remplacer,IT,2021-03-11,13:15:31,00:00:04
stefano.crapanzano@chu.ulg.ac.be,Remplacer,IT,2021-03-11,13:16:07,00:00:18
stefano.crapanzano@chu.ulg.ac.be,Remplacer,IT,2021-03-11,13:18:11,00:00:07
stefano.crapanzano@chu.ulg.ac.be,Remplacer,IT,2021-03-11,13:18:47,00:00:03
stefano.crapanzano@chu.ulg.ac.be,Gewaardeerde voorraad,Exploration SAP,2021-03-11,14:34:01,00:00:02
stefano.crapanzano@chu.ulg.ac.be,SAP Easy Access Menu de base Applications financières-économiques,Exploration SAP,2021-03-11,14:34:04,00:00:06
stefano.crapanzano@chu.ulg.ac.be,SAP Easy Access Menu de base Applications financières-économiques,Exploration SAP,2021-03-11,16:25:22,00:00:02
stefano.crapanzano@chu.ulg.ac.be,Exporter/importer Lien entre article-centre de coûts et quantité,Exploration SAP,2021-03-11,14:34:10,00:00:09
stefano.crapanzano@chu.ulg.ac.be,Exporter/importer Lien entre article-centre de coûts et quantité,Exploration SAP,2021-03-11,16:25:17,00:00:05
stefano.crapanzano@chu.ulg.ac.be,Exporter/importer Lien entre article-centre de coûts et quantité,Exploration SAP,2021-03-11,16:25:44,00:00:03
stefano.crapanzano@chu.ulg.ac.be,Exporter/importer Lien entre article-centre de coûts et quantité,Exploration SAP,2021-03-11,16:45:02,00:00:03
stefano.crapanzano@chu.ulg.ac.be,Greenshot capture form,Helpdesk général,2021-03-11,16:21:55,00:00:13
stefano.crapanzano@chu.ulg.ac.be,Sans titre - Message (HTML),Helpdesk général,2021-03-11,16:22:33,00:00:24
stefano.crapanzano@chu.ulg.ac.be,Sans titre - Message (HTML),Helpdesk général,2021-03-11,16:23:03,00:00:04
stefano.crapanzano@chu.ulg.ac.be,Valeur par Type de Magasin,Exploration SAP,2021-03-11,16:25:24,00:00:04
stefano.crapanzano@chu.ulg.ac.be,Service MT - Google Chrome,Tâches diverses,2021-03-11,16:25:59,00:00:02
stefano.crapanzano@chu.ulg.ac.be,LABO - Stock article - Google Chrome,Tâches diverses,2021-03-11,16:44:41,00:00:19
