Email,Description,Project,Start date,Start time,Duration
stefano.crapanzano@chu.ulg.ac.be,Administrateur : C:\Windows\System32\cmd.exe - python  main.py,IT,2021-03-10,08:29:52,00:00:03
stefano.crapanzano@chu.ulg.ac.be,Lecture documentation,Tâches diverses,2021-03-10,08:29:56,00:02:08
stefano.crapanzano@chu.ulg.ac.be,Lecture documentation,Tâches diverses,2021-03-10,08:33:36,00:00:08
stefano.crapanzano@chu.ulg.ac.be,Lecture documentation,Tâches diverses,2021-03-10,08:35:31,00:00:05
stefano.crapanzano@chu.ulg.ac.be,Lecture documentation,Tâches diverses,2021-03-10,08:47:40,00:03:29
stefano.crapanzano@chu.ulg.ac.be,Lecture documentation,Tâches diverses,2021-03-10,08:51:12,00:00:24
stefano.crapanzano@chu.ulg.ac.be,Lecture documentation,Tâches diverses,2021-03-10,08:51:39,00:04:15
stefano.crapanzano@chu.ulg.ac.be,Lecture documentation,Tâches diverses,2021-03-10,08:58:40,00:01:30
stefano.crapanzano@chu.ulg.ac.be,Lecture documentation,Tâches diverses,2021-03-10,09:01:15,00:00:40
stefano.crapanzano@chu.ulg.ac.be,Lecture documentation,Tâches diverses,2021-03-10,09:02:05,00:00:20
stefano.crapanzano@chu.ulg.ac.be,Lecture documentation,Tâches diverses,2021-03-10,09:09:36,00:00:03
stefano.crapanzano@chu.ulg.ac.be,Lecture documentation,Tâches diverses,2021-03-10,09:27:02,00:00:37
stefano.crapanzano@chu.ulg.ac.be,Lecture documentation,Tâches diverses,2021-03-10,09:35:07,00:00:05
stefano.crapanzano@chu.ulg.ac.be,Lecture documentation,Tâches diverses,2021-03-10,09:37:36,00:00:19
stefano.crapanzano@chu.ulg.ac.be,Lecture documentation,Tâches diverses,2021-03-10,09:37:57,00:00:11
stefano.crapanzano@chu.ulg.ac.be,Lecture documentation,Tâches diverses,2021-03-10,09:38:11,00:00:46
stefano.crapanzano@chu.ulg.ac.be,Lecture documentation,Tâches diverses,2021-03-10,09:40:49,00:00:19
stefano.crapanzano@chu.ulg.ac.be,Lecture documentation,Tâches diverses,2021-03-10,09:46:09,00:02:26
stefano.crapanzano@chu.ulg.ac.be,Lecture documentation,Tâches diverses,2021-03-10,09:52:55,00:01:18
stefano.crapanzano@chu.ulg.ac.be,Lecture documentation,Tâches diverses,2021-03-10,09:55:35,00:00:09
stefano.crapanzano@chu.ulg.ac.be,Lecture documentation,Tâches diverses,2021-03-10,09:56:18,00:00:56
stefano.crapanzano@chu.ulg.ac.be,Lecture documentation,Tâches diverses,2021-03-10,09:58:54,00:01:42
stefano.crapanzano@chu.ulg.ac.be,Lecture documentation,Tâches diverses,2021-03-10,10:06:24,00:00:48
stefano.crapanzano@chu.ulg.ac.be,Lecture documentation,Tâches diverses,2021-03-10,10:08:05,00:00:03
stefano.crapanzano@chu.ulg.ac.be,Lecture documentation,Tâches diverses,2021-03-10,10:08:09,00:00:10
stefano.crapanzano@chu.ulg.ac.be,Lecture documentation,Tâches diverses,2021-03-10,10:13:34,00:00:17
stefano.crapanzano@chu.ulg.ac.be,Lecture documentation,Tâches diverses,2021-03-10,10:15:03,00:00:09
stefano.crapanzano@chu.ulg.ac.be,Lecture documentation,Tâches diverses,2021-03-10,10:15:20,00:00:10
stefano.crapanzano@chu.ulg.ac.be,Lecture documentation,Tâches diverses,2021-03-10,10:15:54,00:00:03
stefano.crapanzano@chu.ulg.ac.be,Lecture documentation,Tâches diverses,2021-03-10,10:15:58,00:00:05
stefano.crapanzano@chu.ulg.ac.be,Lecture documentation,Tâches diverses,2021-03-10,10:17:09,00:00:40
stefano.crapanzano@chu.ulg.ac.be,Lecture documentation,Tâches diverses,2021-03-10,10:19:59,00:01:47
stefano.crapanzano@chu.ulg.ac.be,Lecture documentation,Tâches diverses,2021-03-10,10:22:00,00:03:33
stefano.crapanzano@chu.ulg.ac.be,Lecture documentation,Tâches diverses,2021-03-10,10:29:48,00:00:05
stefano.crapanzano@chu.ulg.ac.be,Lecture documentation,Tâches diverses,2021-03-10,10:38:05,00:00:21
stefano.crapanzano@chu.ulg.ac.be,Lecture documentation,Tâches diverses,2021-03-10,10:39:13,00:00:02
stefano.crapanzano@chu.ulg.ac.be,Lecture documentation,Tâches diverses,2021-03-10,10:42:16,00:00:51
stefano.crapanzano@chu.ulg.ac.be,Lecture documentation,Tâches diverses,2021-03-10,10:58:23,00:00:07
stefano.crapanzano@chu.ulg.ac.be,Lecture documentation,Tâches diverses,2021-03-10,11:01:34,00:00:19
stefano.crapanzano@chu.ulg.ac.be,Lecture documentation,Tâches diverses,2021-03-10,11:02:02,00:00:02
stefano.crapanzano@chu.ulg.ac.be,Lecture documentation,Tâches diverses,2021-03-10,11:02:16,00:01:11
stefano.crapanzano@chu.ulg.ac.be,Lecture documentation,Tâches diverses,2021-03-10,11:03:51,00:00:59
stefano.crapanzano@chu.ulg.ac.be,Lecture documentation,Tâches diverses,2021-03-10,11:07:25,00:02:06
stefano.crapanzano@chu.ulg.ac.be,Lecture documentation,Tâches diverses,2021-03-10,11:37:48,00:01:40
stefano.crapanzano@chu.ulg.ac.be,Lecture documentation,Tâches diverses,2021-03-10,11:41:17,00:00:02
stefano.crapanzano@chu.ulg.ac.be,Lecture documentation,Tâches diverses,2021-03-10,11:41:57,00:06:30
stefano.crapanzano@chu.ulg.ac.be,Lecture documentation,Tâches diverses,2021-03-10,11:49:25,00:08:35
stefano.crapanzano@chu.ulg.ac.be,Lecture documentation,Tâches diverses,2021-03-10,11:58:30,00:01:17
stefano.crapanzano@chu.ulg.ac.be,Lecture documentation,Tâches diverses,2021-03-10,12:00:40,00:00:06
stefano.crapanzano@chu.ulg.ac.be,Lecture documentation,Tâches diverses,2021-03-10,12:00:58,00:00:05
stefano.crapanzano@chu.ulg.ac.be,Lecture documentation,Tâches diverses,2021-03-10,12:02:24,00:00:16
stefano.crapanzano@chu.ulg.ac.be,Lecture documentation,Tâches diverses,2021-03-10,12:08:36,00:00:25
stefano.crapanzano@chu.ulg.ac.be,Lecture documentation,Tâches diverses,2021-03-10,12:09:39,00:00:19
stefano.crapanzano@chu.ulg.ac.be,Lecture documentation,Tâches diverses,2021-03-10,12:20:15,00:00:02
stefano.crapanzano@chu.ulg.ac.be,Lecture documentation,Tâches diverses,2021-03-10,12:28:04,00:00:42
stefano.crapanzano@chu.ulg.ac.be,Lecture documentation,Tâches diverses,2021-03-10,12:32:19,00:01:33
stefano.crapanzano@chu.ulg.ac.be,Navigation système de fichier,IT,2021-03-10,08:32:04,00:00:02
stefano.crapanzano@chu.ulg.ac.be,Navigation système de fichier,IT,2021-03-10,08:32:13,00:00:03
stefano.crapanzano@chu.ulg.ac.be,Navigation système de fichier,IT,2021-03-10,08:33:16,00:00:05
stefano.crapanzano@chu.ulg.ac.be,Navigation système de fichier,IT,2021-03-10,08:33:22,00:00:02
stefano.crapanzano@chu.ulg.ac.be,Navigation système de fichier,IT,2021-03-10,08:35:29,00:00:02
stefano.crapanzano@chu.ulg.ac.be,Navigation système de fichier,IT,2021-03-10,08:35:37,00:00:02
stefano.crapanzano@chu.ulg.ac.be,Navigation système de fichier,IT,2021-03-10,08:37:30,00:00:03
stefano.crapanzano@chu.ulg.ac.be,Navigation système de fichier,IT,2021-03-10,08:39:05,00:00:02
stefano.crapanzano@chu.ulg.ac.be,Navigation système de fichier,IT,2021-03-10,08:47:12,00:00:10
stefano.crapanzano@chu.ulg.ac.be,Navigation système de fichier,IT,2021-03-10,08:51:10,00:00:02
stefano.crapanzano@chu.ulg.ac.be,Navigation système de fichier,IT,2021-03-10,08:58:38,00:00:02
stefano.crapanzano@chu.ulg.ac.be,Navigation système de fichier,IT,2021-03-10,09:00:11,00:00:02
stefano.crapanzano@chu.ulg.ac.be,Navigation système de fichier,IT,2021-03-10,09:01:56,00:00:02
stefano.crapanzano@chu.ulg.ac.be,Navigation système de fichier,IT,2021-03-10,09:02:26,00:00:02
stefano.crapanzano@chu.ulg.ac.be,Navigation système de fichier,IT,2021-03-10,09:15:04,00:00:02
stefano.crapanzano@chu.ulg.ac.be,Navigation système de fichier,IT,2021-03-10,09:24:21,00:00:04
stefano.crapanzano@chu.ulg.ac.be,Navigation système de fichier,IT,2021-03-10,09:24:27,00:00:02
stefano.crapanzano@chu.ulg.ac.be,Navigation système de fichier,IT,2021-03-10,09:25:10,00:00:02
stefano.crapanzano@chu.ulg.ac.be,Navigation système de fichier,IT,2021-03-10,09:27:00,00:00:02
stefano.crapanzano@chu.ulg.ac.be,Navigation système de fichier,IT,2021-03-10,09:30:30,00:00:02
stefano.crapanzano@chu.ulg.ac.be,Navigation système de fichier,IT,2021-03-10,09:33:26,00:00:02
stefano.crapanzano@chu.ulg.ac.be,Navigation système de fichier,IT,2021-03-10,09:35:04,00:00:03
stefano.crapanzano@chu.ulg.ac.be,Navigation système de fichier,IT,2021-03-10,09:40:12,00:00:02
stefano.crapanzano@chu.ulg.ac.be,Navigation système de fichier,IT,2021-03-10,09:40:28,00:00:08
stefano.crapanzano@chu.ulg.ac.be,Navigation système de fichier,IT,2021-03-10,09:40:47,00:00:02
stefano.crapanzano@chu.ulg.ac.be,Navigation système de fichier,IT,2021-03-10,09:43:23,00:00:02
stefano.crapanzano@chu.ulg.ac.be,Navigation système de fichier,IT,2021-03-10,09:44:52,00:00:02
stefano.crapanzano@chu.ulg.ac.be,Navigation système de fichier,IT,2021-03-10,09:46:07,00:00:02
stefano.crapanzano@chu.ulg.ac.be,Navigation système de fichier,IT,2021-03-10,09:48:36,00:00:02
stefano.crapanzano@chu.ulg.ac.be,Navigation système de fichier,IT,2021-03-10,09:50:19,00:00:03
stefano.crapanzano@chu.ulg.ac.be,Navigation système de fichier,IT,2021-03-10,09:50:33,00:00:07
stefano.crapanzano@chu.ulg.ac.be,Navigation système de fichier,IT,2021-03-10,09:52:48,00:00:03
stefano.crapanzano@chu.ulg.ac.be,Navigation système de fichier,IT,2021-03-10,09:54:13,00:00:03
stefano.crapanzano@chu.ulg.ac.be,Navigation système de fichier,IT,2021-03-10,09:56:13,00:00:04
stefano.crapanzano@chu.ulg.ac.be,Navigation système de fichier,IT,2021-03-10,09:57:15,00:00:04
stefano.crapanzano@chu.ulg.ac.be,Navigation système de fichier,IT,2021-03-10,09:58:52,00:00:02
stefano.crapanzano@chu.ulg.ac.be,Navigation système de fichier,IT,2021-03-10,10:00:37,00:00:04
stefano.crapanzano@chu.ulg.ac.be,Navigation système de fichier,IT,2021-03-10,10:06:22,00:00:02
stefano.crapanzano@chu.ulg.ac.be,Navigation système de fichier,IT,2021-03-10,10:07:13,00:00:03
stefano.crapanzano@chu.ulg.ac.be,Navigation système de fichier,IT,2021-03-10,10:08:01,00:00:03
stefano.crapanzano@chu.ulg.ac.be,Navigation système de fichier,IT,2021-03-10,10:08:19,00:00:02
stefano.crapanzano@chu.ulg.ac.be,Navigation système de fichier,IT,2021-03-10,10:09:43,00:03:09
stefano.crapanzano@chu.ulg.ac.be,Navigation système de fichier,IT,2021-03-10,10:16:38,00:00:03
stefano.crapanzano@chu.ulg.ac.be,Navigation système de fichier,IT,2021-03-10,10:17:49,00:00:02
stefano.crapanzano@chu.ulg.ac.be,Navigation système de fichier,IT,2021-03-10,10:17:56,00:00:02
stefano.crapanzano@chu.ulg.ac.be,Navigation système de fichier,IT,2021-03-10,10:37:55,00:00:03
stefano.crapanzano@chu.ulg.ac.be,Navigation système de fichier,IT,2021-03-10,10:38:02,00:00:02
stefano.crapanzano@chu.ulg.ac.be,Navigation système de fichier,IT,2021-03-10,10:46:39,00:00:23
stefano.crapanzano@chu.ulg.ac.be,Navigation système de fichier,IT,2021-03-10,10:47:19,00:00:03
stefano.crapanzano@chu.ulg.ac.be,Navigation système de fichier,IT,2021-03-10,10:47:45,00:00:02
stefano.crapanzano@chu.ulg.ac.be,Navigation système de fichier,IT,2021-03-10,10:48:13,00:00:14
stefano.crapanzano@chu.ulg.ac.be,Navigation système de fichier,IT,2021-03-10,10:49:21,00:00:02
stefano.crapanzano@chu.ulg.ac.be,Navigation système de fichier,IT,2021-03-10,10:49:51,00:00:08
stefano.crapanzano@chu.ulg.ac.be,Navigation système de fichier,IT,2021-03-10,10:52:20,00:00:03
stefano.crapanzano@chu.ulg.ac.be,Navigation système de fichier,IT,2021-03-10,10:52:33,00:00:02
stefano.crapanzano@chu.ulg.ac.be,Navigation système de fichier,IT,2021-03-10,10:53:44,00:00:04
stefano.crapanzano@chu.ulg.ac.be,Navigation système de fichier,IT,2021-03-10,10:55:59,00:00:02
stefano.crapanzano@chu.ulg.ac.be,Navigation système de fichier,IT,2021-03-10,10:58:14,00:00:05
stefano.crapanzano@chu.ulg.ac.be,Navigation système de fichier,IT,2021-03-10,10:58:20,00:00:03
stefano.crapanzano@chu.ulg.ac.be,Navigation système de fichier,IT,2021-03-10,10:58:31,00:00:02
stefano.crapanzano@chu.ulg.ac.be,Navigation système de fichier,IT,2021-03-10,10:59:09,00:00:03
stefano.crapanzano@chu.ulg.ac.be,Navigation système de fichier,IT,2021-03-10,10:59:31,00:00:03
stefano.crapanzano@chu.ulg.ac.be,Navigation système de fichier,IT,2021-03-10,10:59:37,00:00:14
stefano.crapanzano@chu.ulg.ac.be,Navigation système de fichier,IT,2021-03-10,11:00:25,00:00:04
stefano.crapanzano@chu.ulg.ac.be,Navigation système de fichier,IT,2021-03-10,11:00:43,00:00:06
stefano.crapanzano@chu.ulg.ac.be,Navigation système de fichier,IT,2021-03-10,11:01:14,00:00:04
stefano.crapanzano@chu.ulg.ac.be,Navigation système de fichier,IT,2021-03-10,11:01:25,00:00:09
stefano.crapanzano@chu.ulg.ac.be,Navigation système de fichier,IT,2021-03-10,11:02:13,00:00:02
stefano.crapanzano@chu.ulg.ac.be,Navigation système de fichier,IT,2021-03-10,11:03:49,00:00:02
stefano.crapanzano@chu.ulg.ac.be,Navigation système de fichier,IT,2021-03-10,11:04:50,00:00:04
stefano.crapanzano@chu.ulg.ac.be,Navigation système de fichier,IT,2021-03-10,11:05:28,00:00:03
stefano.crapanzano@chu.ulg.ac.be,Navigation système de fichier,IT,2021-03-10,11:07:23,00:00:02
stefano.crapanzano@chu.ulg.ac.be,Navigation système de fichier,IT,2021-03-10,11:09:32,00:00:02
stefano.crapanzano@chu.ulg.ac.be,Navigation système de fichier,IT,2021-03-10,11:35:54,00:00:11
stefano.crapanzano@chu.ulg.ac.be,Navigation système de fichier,IT,2021-03-10,11:41:19,00:00:03
stefano.crapanzano@chu.ulg.ac.be,Navigation système de fichier,IT,2021-03-10,11:41:31,00:00:02
stefano.crapanzano@chu.ulg.ac.be,Navigation système de fichier,IT,2021-03-10,11:48:27,00:00:02
stefano.crapanzano@chu.ulg.ac.be,Navigation système de fichier,IT,2021-03-10,11:59:58,00:00:05
stefano.crapanzano@chu.ulg.ac.be,Navigation système de fichier,IT,2021-03-10,12:01:14,00:00:02
stefano.crapanzano@chu.ulg.ac.be,Navigation système de fichier,IT,2021-03-10,12:08:34,00:00:02
stefano.crapanzano@chu.ulg.ac.be,Navigation système de fichier,IT,2021-03-10,12:10:12,00:00:03
stefano.crapanzano@chu.ulg.ac.be,Navigation système de fichier,IT,2021-03-10,12:13:35,00:00:02
stefano.crapanzano@chu.ulg.ac.be,Navigation système de fichier,IT,2021-03-10,12:20:12,00:00:02
stefano.crapanzano@chu.ulg.ac.be,Navigation système de fichier,IT,2021-03-10,12:25:33,00:00:02
stefano.crapanzano@chu.ulg.ac.be,Navigation système de fichier,IT,2021-03-10,12:28:46,00:00:02
stefano.crapanzano@chu.ulg.ac.be,Boîte de réception - erp.sai@chuliege.be - Outlook,Helpdesk général,2021-03-10,08:32:06,00:00:07
stefano.crapanzano@chu.ulg.ac.be,Boîte de réception - erp.sai@chuliege.be - Outlook,Helpdesk général,2021-03-10,08:33:25,00:00:09
stefano.crapanzano@chu.ulg.ac.be,Boîte de réception - erp.sai@chuliege.be - Outlook,Helpdesk général,2021-03-10,08:33:46,00:00:26
stefano.crapanzano@chu.ulg.ac.be,Boîte de réception - erp.sai@chuliege.be - Outlook,Helpdesk général,2021-03-10,08:34:18,00:00:55
stefano.crapanzano@chu.ulg.ac.be,Boîte de réception - erp.sai@chuliege.be - Outlook,Helpdesk général,2021-03-10,08:35:39,00:00:08
stefano.crapanzano@chu.ulg.ac.be,Boîte de réception - erp.sai@chuliege.be - Outlook,Helpdesk général,2021-03-10,08:55:59,00:00:32
stefano.crapanzano@chu.ulg.ac.be,Boîte de réception - erp.sai@chuliege.be - Outlook,Helpdesk général,2021-03-10,08:56:41,00:01:56
stefano.crapanzano@chu.ulg.ac.be,Boîte de réception - erp.sai@chuliege.be - Outlook,Helpdesk général,2021-03-10,09:09:40,00:00:03
stefano.crapanzano@chu.ulg.ac.be,Boîte de réception - erp.sai@chuliege.be - Outlook,Helpdesk général,2021-03-10,09:15:07,00:00:03
stefano.crapanzano@chu.ulg.ac.be,Boîte de réception - erp.sai@chuliege.be - Outlook,Helpdesk général,2021-03-10,09:18:31,00:05:41
stefano.crapanzano@chu.ulg.ac.be,Boîte de réception - erp.sai@chuliege.be - Outlook,Helpdesk général,2021-03-10,09:30:33,00:00:41
stefano.crapanzano@chu.ulg.ac.be,Boîte de réception - erp.sai@chuliege.be - Outlook,Helpdesk général,2021-03-10,09:32:05,00:00:24
stefano.crapanzano@chu.ulg.ac.be,Boîte de réception - erp.sai@chuliege.be - Outlook,Helpdesk général,2021-03-10,09:33:22,00:00:03
stefano.crapanzano@chu.ulg.ac.be,Boîte de réception - erp.sai@chuliege.be - Outlook,Helpdesk général,2021-03-10,09:48:38,00:00:02
stefano.crapanzano@chu.ulg.ac.be,Boîte de réception - erp.sai@chuliege.be - Outlook,Helpdesk général,2021-03-10,09:49:25,00:00:53
stefano.crapanzano@chu.ulg.ac.be,Boîte de réception - erp.sai@chuliege.be - Outlook,Helpdesk général,2021-03-10,09:57:19,00:00:02
stefano.crapanzano@chu.ulg.ac.be,Boîte de réception - erp.sai@chuliege.be - Outlook,Helpdesk général,2021-03-10,10:01:12,00:00:10
stefano.crapanzano@chu.ulg.ac.be,Boîte de réception - erp.sai@chuliege.be - Outlook,Helpdesk général,2021-03-10,10:01:26,00:00:15
stefano.crapanzano@chu.ulg.ac.be,Boîte de réception - erp.sai@chuliege.be - Outlook,Helpdesk général,2021-03-10,10:07:20,00:00:18
stefano.crapanzano@chu.ulg.ac.be,Boîte de réception - erp.sai@chuliege.be - Outlook,Helpdesk général,2021-03-10,10:07:46,00:00:13
stefano.crapanzano@chu.ulg.ac.be,Boîte de réception - erp.sai@chuliege.be - Outlook,Helpdesk général,2021-03-10,10:08:22,00:00:03
stefano.crapanzano@chu.ulg.ac.be,Boîte de réception - erp.sai@chuliege.be - Outlook,Helpdesk général,2021-03-10,10:12:53,00:00:39
stefano.crapanzano@chu.ulg.ac.be,Boîte de réception - erp.sai@chuliege.be - Outlook,Helpdesk général,2021-03-10,10:25:35,00:04:11
stefano.crapanzano@chu.ulg.ac.be,Boîte de réception - erp.sai@chuliege.be - Outlook,Helpdesk général,2021-03-10,10:29:55,00:00:02
stefano.crapanzano@chu.ulg.ac.be,Boîte de réception - erp.sai@chuliege.be - Outlook,Helpdesk général,2021-03-10,10:29:59,00:01:06
stefano.crapanzano@chu.ulg.ac.be,Boîte de réception - erp.sai@chuliege.be - Outlook,Helpdesk général,2021-03-10,10:40:18,00:00:04
stefano.crapanzano@chu.ulg.ac.be,Boîte de réception - erp.sai@chuliege.be - Outlook,Helpdesk général,2021-03-10,10:43:15,00:00:04
stefano.crapanzano@chu.ulg.ac.be,Boîte de réception - erp.sai@chuliege.be - Outlook,Helpdesk général,2021-03-10,10:46:09,00:00:29
stefano.crapanzano@chu.ulg.ac.be,Boîte de réception - erp.sai@chuliege.be - Outlook,Helpdesk général,2021-03-10,10:56:02,00:02:11
stefano.crapanzano@chu.ulg.ac.be,Boîte de réception - erp.sai@chuliege.be - Outlook,Helpdesk général,2021-03-10,10:59:12,00:00:19
stefano.crapanzano@chu.ulg.ac.be,Boîte de réception - erp.sai@chuliege.be - Outlook,Helpdesk général,2021-03-10,10:59:35,00:00:02
stefano.crapanzano@chu.ulg.ac.be,Boîte de réception - erp.sai@chuliege.be - Outlook,Helpdesk général,2021-03-10,11:05:31,00:00:09
stefano.crapanzano@chu.ulg.ac.be,Boîte de réception - erp.sai@chuliege.be - Outlook,Helpdesk général,2021-03-10,11:05:43,00:00:04
stefano.crapanzano@chu.ulg.ac.be,Boîte de réception - erp.sai@chuliege.be - Outlook,Helpdesk général,2021-03-10,11:05:50,00:00:30
stefano.crapanzano@chu.ulg.ac.be,Boîte de réception - erp.sai@chuliege.be - Outlook,Helpdesk général,2021-03-10,11:07:17,00:00:05
stefano.crapanzano@chu.ulg.ac.be,Boîte de réception - erp.sai@chuliege.be - Outlook,Helpdesk général,2021-03-10,11:09:34,00:00:03
stefano.crapanzano@chu.ulg.ac.be,Boîte de réception - erp.sai@chuliege.be - Outlook,Helpdesk général,2021-03-10,11:12:43,00:00:06
stefano.crapanzano@chu.ulg.ac.be,Boîte de réception - erp.sai@chuliege.be - Outlook,Helpdesk général,2021-03-10,11:37:34,00:00:14
stefano.crapanzano@chu.ulg.ac.be,Boîte de réception - erp.sai@chuliege.be - Outlook,Helpdesk général,2021-03-10,11:39:29,00:01:38
stefano.crapanzano@chu.ulg.ac.be,SAP Logon 750,Exploration SAP,2021-03-10,08:32:17,00:00:02
stefano.crapanzano@chu.ulg.ac.be,SAP Easy Access Menu de base Applications financières-économiques,Exploration SAP,2021-03-10,08:32:19,00:00:13
stefano.crapanzano@chu.ulg.ac.be,SAP Easy Access Menu de base Applications financières-économiques,Exploration SAP,2021-03-10,09:39:00,00:00:13
stefano.crapanzano@chu.ulg.ac.be,SAP Easy Access Menu de base Applications financières-économiques,Exploration SAP,2021-03-10,09:39:20,00:00:03
stefano.crapanzano@chu.ulg.ac.be,SAP Easy Access Menu de base Applications financières-économiques,Exploration SAP,2021-03-10,09:44:58,00:00:06
stefano.crapanzano@chu.ulg.ac.be,SAP Easy Access Menu de base Applications financières-économiques,Exploration SAP,2021-03-10,10:00:43,00:00:06
stefano.crapanzano@chu.ulg.ac.be,SAP Easy Access Menu de base Applications financières-économiques,Exploration SAP,2021-03-10,10:00:57,00:00:07
stefano.crapanzano@chu.ulg.ac.be,SAP Easy Access Menu de base Applications financières-économiques,Exploration SAP,2021-03-10,10:02:18,00:00:04
stefano.crapanzano@chu.ulg.ac.be,SAP Easy Access Menu de base Applications financières-économiques,Exploration SAP,2021-03-10,10:16:42,00:00:10
stefano.crapanzano@chu.ulg.ac.be,SAP Easy Access Menu de base Applications financières-économiques,Exploration SAP,2021-03-10,10:18:02,00:00:03
stefano.crapanzano@chu.ulg.ac.be,Batch input : synthèse des dossiers,Exploration SAP,2021-03-10,08:32:32,00:00:13
stefano.crapanzano@chu.ulg.ac.be,Batch input : synthèse des dossiers,Exploration SAP,2021-03-10,09:24:31,00:00:37
stefano.crapanzano@chu.ulg.ac.be,Batch input : synthèse des dossiers,Exploration SAP,2021-03-10,09:25:28,00:00:23
stefano.crapanzano@chu.ulg.ac.be,Batch input : synthèse des dossiers,Exploration SAP,2021-03-10,09:25:56,00:00:28
stefano.crapanzano@chu.ulg.ac.be,Batch input : synthèse des dossiers,Exploration SAP,2021-03-10,09:27:51,00:00:03
stefano.crapanzano@chu.ulg.ac.be,Batch input : synthèse des dossiers,Exploration SAP,2021-03-10,09:28:06,00:00:04
stefano.crapanzano@chu.ulg.ac.be,Batch input : synthèse des dossiers,Exploration SAP,2021-03-10,09:28:25,00:00:14
stefano.crapanzano@chu.ulg.ac.be,Batch input : synthèse des dossiers,Exploration SAP,2021-03-10,09:28:52,00:00:04
stefano.crapanzano@chu.ulg.ac.be,Batch input : synthèse des dossiers,Exploration SAP,2021-03-10,09:29:13,00:00:32
stefano.crapanzano@chu.ulg.ac.be,Batch input : synthèse des dossiers,Exploration SAP,2021-03-10,09:34:56,00:00:04
stefano.crapanzano@chu.ulg.ac.be,Batch input : synthèse des dossiers,Exploration SAP,2021-03-10,09:36:21,00:00:08
stefano.crapanzano@chu.ulg.ac.be,Batch input : synthèse des dossiers,Exploration SAP,2021-03-10,10:58:37,00:00:31
stefano.crapanzano@chu.ulg.ac.be,Analyse du dossier UPDINV210308,Exploration SAP,2021-03-10,08:32:46,00:00:03
stefano.crapanzano@chu.ulg.ac.be,Analyse du dossier UPDINV210308,Exploration SAP,2021-03-10,08:32:58,00:00:17
stefano.crapanzano@chu.ulg.ac.be,Analyse du dossier UPDINV210308,Exploration SAP,2021-03-10,08:34:13,00:00:03
stefano.crapanzano@chu.ulg.ac.be,Analyse du dossier UPDINV210308,Exploration SAP,2021-03-10,09:24:29,00:00:02
stefano.crapanzano@chu.ulg.ac.be,Analyse du dossier UPDINV210308,Exploration SAP,2021-03-10,09:29:46,00:00:31
stefano.crapanzano@chu.ulg.ac.be,Analyse du dossier UPDINV210308,Exploration SAP,2021-03-10,09:30:21,00:00:09
stefano.crapanzano@chu.ulg.ac.be,Analyse du dossier UPDINV210308,Exploration SAP,2021-03-10,09:33:28,00:01:27
stefano.crapanzano@chu.ulg.ac.be,Analyse du dossier UPDINV210308,Exploration SAP,2021-03-10,09:35:00,00:00:03
stefano.crapanzano@chu.ulg.ac.be,Analyse du dossier UPDINV210308,Exploration SAP,2021-03-10,09:35:14,00:01:07
stefano.crapanzano@chu.ulg.ac.be,Analyse du dossier UPDINV210308,Exploration SAP,2021-03-10,09:36:30,00:01:04
stefano.crapanzano@chu.ulg.ac.be,Analyse du dossier UPDINV210308,Exploration SAP,2021-03-10,09:38:57,00:00:02
stefano.crapanzano@chu.ulg.ac.be,Analyse du dossier UPDINV210308,Exploration SAP,2021-03-10,09:40:14,00:00:09
stefano.crapanzano@chu.ulg.ac.be,Analyse du dossier UPDINV210308,Exploration SAP,2021-03-10,09:44:54,00:00:03
stefano.crapanzano@chu.ulg.ac.be,Analyse du dossier UPDINV210308,Exploration SAP,2021-03-10,10:58:34,00:00:03
stefano.crapanzano@chu.ulg.ac.be,Protocoles relatifs au dossier,Exploration SAP,2021-03-10,08:32:49,00:00:08
stefano.crapanzano@chu.ulg.ac.be,TR: SDERP-18040 P203 CHU Plusieurfs factures ignorées lors du retour APO (ZAPO) - Message (HTML),Helpdesk général,2021-03-10,08:35:13,00:00:10
stefano.crapanzano@chu.ulg.ac.be,TR: SDERP-18040 P203 CHU Plusieurfs factures ignorées lors du retour APO (ZAPO) - Message (HTML),Helpdesk général,2021-03-10,10:31:05,00:06:50
stefano.crapanzano@chu.ulg.ac.be,TR: SDERP-18040 P203 CHU Plusieurfs factures ignorées lors du retour APO (ZAPO) - Message (HTML),Helpdesk général,2021-03-10,10:37:59,00:00:03
stefano.crapanzano@chu.ulg.ac.be,TR: SDERP-18040 P203 CHU Plusieurfs factures ignorées lors du retour APO (ZAPO) - Message (HTML),Helpdesk général,2021-03-10,10:38:26,00:00:47
stefano.crapanzano@chu.ulg.ac.be,TR: SDERP-18040 P203 CHU Plusieurfs factures ignorées lors du retour APO (ZAPO) - Message (HTML),Helpdesk général,2021-03-10,10:39:15,00:00:56
stefano.crapanzano@chu.ulg.ac.be,TR: SDERP-18040 P203 CHU Plusieurfs factures ignorées lors du retour APO (ZAPO) - Message (HTML),Helpdesk général,2021-03-10,12:13:41,00:00:09
stefano.crapanzano@chu.ulg.ac.be,Orthographe : Français (Belgique),Helpdesk général,2021-03-10,12:22:32,00:00:02
stefano.crapanzano@chu.ulg.ac.be,Orthographe : Français (Belgique),Helpdesk général,2021-03-10,12:25:24,00:00:02
stefano.crapanzano@chu.ulg.ac.be,Microsoft Outlook,Helpdesk général,2021-03-10,08:35:25,00:00:02
stefano.crapanzano@chu.ulg.ac.be,Microsoft Outlook,Helpdesk général,2021-03-10,08:40:25,00:00:02
stefano.crapanzano@chu.ulg.ac.be,Microsoft Outlook,Helpdesk général,2021-03-10,10:40:13,00:00:02
stefano.crapanzano@chu.ulg.ac.be,Microsoft Outlook,Helpdesk général,2021-03-10,12:25:27,00:00:02
stefano.crapanzano@chu.ulg.ac.be,Boîte de Réception - Zimbra - Stefano Crapanzano - Outlook,Helpdesk général,2021-03-10,08:35:48,00:00:06
stefano.crapanzano@chu.ulg.ac.be,Boîte de Réception - Zimbra - Stefano Crapanzano - Outlook,Helpdesk général,2021-03-10,08:37:58,00:00:03
stefano.crapanzano@chu.ulg.ac.be,Boîte de Réception - Zimbra - Stefano Crapanzano - Outlook,Helpdesk général,2021-03-10,08:38:15,00:00:02
stefano.crapanzano@chu.ulg.ac.be,Boîte de Réception - Zimbra - Stefano Crapanzano - Outlook,Helpdesk général,2021-03-10,08:40:40,00:00:09
stefano.crapanzano@chu.ulg.ac.be,Boîte de Réception - Zimbra - Stefano Crapanzano - Outlook,Helpdesk général,2021-03-10,08:40:52,00:00:03
stefano.crapanzano@chu.ulg.ac.be,Boîte de Réception - Zimbra - Stefano Crapanzano - Outlook,Helpdesk général,2021-03-10,08:44:23,00:00:28
stefano.crapanzano@chu.ulg.ac.be,Boîte de Réception - Zimbra - Stefano Crapanzano - Outlook,Helpdesk général,2021-03-10,08:45:30,00:00:02
stefano.crapanzano@chu.ulg.ac.be,Boîte de Réception - Zimbra - Stefano Crapanzano - Outlook,Helpdesk général,2021-03-10,08:45:55,00:00:04
stefano.crapanzano@chu.ulg.ac.be,Boîte de Réception - Zimbra - Stefano Crapanzano - Outlook,Helpdesk général,2021-03-10,08:47:28,00:00:11
stefano.crapanzano@chu.ulg.ac.be,Boîte de Réception - Zimbra - Stefano Crapanzano - Outlook,Helpdesk général,2021-03-10,08:55:56,00:00:02
stefano.crapanzano@chu.ulg.ac.be,Boîte de Réception - Zimbra - Stefano Crapanzano - Outlook,Helpdesk général,2021-03-10,09:15:10,00:00:12
stefano.crapanzano@chu.ulg.ac.be,Boîte de Réception - Zimbra - Stefano Crapanzano - Outlook,Helpdesk général,2021-03-10,09:16:51,00:00:28
stefano.crapanzano@chu.ulg.ac.be,Boîte de Réception - Zimbra - Stefano Crapanzano - Outlook,Helpdesk général,2021-03-10,09:17:23,00:00:02
stefano.crapanzano@chu.ulg.ac.be,Boîte de Réception - Zimbra - Stefano Crapanzano - Outlook,Helpdesk général,2021-03-10,09:17:27,00:01:03
stefano.crapanzano@chu.ulg.ac.be,Boîte de Réception - Zimbra - Stefano Crapanzano - Outlook,Helpdesk général,2021-03-10,09:57:22,00:01:26
stefano.crapanzano@chu.ulg.ac.be,Boîte de Réception - Zimbra - Stefano Crapanzano - Outlook,Helpdesk général,2021-03-10,10:01:09,00:00:02
stefano.crapanzano@chu.ulg.ac.be,Boîte de Réception - Zimbra - Stefano Crapanzano - Outlook,Helpdesk général,2021-03-10,10:01:23,00:00:03
stefano.crapanzano@chu.ulg.ac.be,Boîte de Réception - Zimbra - Stefano Crapanzano - Outlook,Helpdesk général,2021-03-10,10:01:42,00:00:25
stefano.crapanzano@chu.ulg.ac.be,Boîte de Réception - Zimbra - Stefano Crapanzano - Outlook,Helpdesk général,2021-03-10,10:07:16,00:00:03
stefano.crapanzano@chu.ulg.ac.be,Boîte de Réception - Zimbra - Stefano Crapanzano - Outlook,Helpdesk général,2021-03-10,10:08:25,00:00:12
stefano.crapanzano@chu.ulg.ac.be,Boîte de Réception - Zimbra - Stefano Crapanzano - Outlook,Helpdesk général,2021-03-10,10:45:43,00:00:25
stefano.crapanzano@chu.ulg.ac.be,Boîte de Réception - Zimbra - Stefano Crapanzano - Outlook,Helpdesk général,2021-03-10,11:05:41,00:00:02
stefano.crapanzano@chu.ulg.ac.be,Boîte de Réception - Zimbra - Stefano Crapanzano - Outlook,Helpdesk général,2021-03-10,11:05:48,00:00:02
stefano.crapanzano@chu.ulg.ac.be,Boîte de Réception - Zimbra - Stefano Crapanzano - Outlook,Helpdesk général,2021-03-10,11:37:29,00:00:04
stefano.crapanzano@chu.ulg.ac.be,GOAL - Stock - Message (HTML),Helpdesk général,2021-03-10,08:35:54,00:01:35
stefano.crapanzano@chu.ulg.ac.be,GOAL - Stock - Message (HTML),Helpdesk général,2021-03-10,08:38:46,00:00:02
stefano.crapanzano@chu.ulg.ac.be,Programmation,IT,2021-03-10,08:37:33,00:00:15
stefano.crapanzano@chu.ulg.ac.be,Greenshot capture form,Helpdesk général,2021-03-10,08:38:38,00:00:04
stefano.crapanzano@chu.ulg.ac.be,Greenshot capture form,Helpdesk général,2021-03-10,09:45:18,00:00:03
stefano.crapanzano@chu.ulg.ac.be,Greenshot capture form,Helpdesk général,2021-03-10,09:45:38,00:00:04
stefano.crapanzano@chu.ulg.ac.be,Greenshot capture form,Helpdesk général,2021-03-10,10:51:00,00:00:13
stefano.crapanzano@chu.ulg.ac.be,Greenshot capture form,Helpdesk général,2021-03-10,11:03:38,00:00:02
stefano.crapanzano@chu.ulg.ac.be,Greenshot capture form,Helpdesk général,2021-03-10,12:05:33,00:00:10
stefano.crapanzano@chu.ulg.ac.be,Greenshot capture form,Helpdesk général,2021-03-10,12:20:50,00:00:07
stefano.crapanzano@chu.ulg.ac.be,RE: GOAL - Stock - Message (HTML),Helpdesk général,2021-03-10,08:38:48,00:00:15
stefano.crapanzano@chu.ulg.ac.be,RE: GOAL - Stock - Message (HTML),Helpdesk général,2021-03-10,08:39:25,00:00:10
stefano.crapanzano@chu.ulg.ac.be,RE: GOAL - Stock - Message (HTML),Helpdesk général,2021-03-10,08:39:41,00:00:42
stefano.crapanzano@chu.ulg.ac.be,Envoyé - Zimbra - Stefano Crapanzano - Outlook,Helpdesk général,2021-03-10,08:40:56,00:00:50
stefano.crapanzano@chu.ulg.ac.be,Envoyé - Zimbra - Stefano Crapanzano - Outlook,Helpdesk général,2021-03-10,08:43:47,00:00:03
stefano.crapanzano@chu.ulg.ac.be,Envoyé - Zimbra - Stefano Crapanzano - Outlook,Helpdesk général,2021-03-10,08:44:21,00:00:02
stefano.crapanzano@chu.ulg.ac.be,Envoyé - Zimbra - Stefano Crapanzano - Outlook,Helpdesk général,2021-03-10,08:46:05,00:01:07
stefano.crapanzano@chu.ulg.ac.be,Envoyé - Zimbra - Stefano Crapanzano - Outlook,Helpdesk général,2021-03-10,08:47:22,00:00:06
stefano.crapanzano@chu.ulg.ac.be,Envoyé - Zimbra - Stefano Crapanzano - Outlook,Helpdesk général,2021-03-10,09:15:22,00:00:44
stefano.crapanzano@chu.ulg.ac.be,Envoyé - Zimbra - Stefano Crapanzano - Outlook,Helpdesk général,2021-03-10,09:16:22,00:00:02
stefano.crapanzano@chu.ulg.ac.be,Envoyé - Zimbra - Stefano Crapanzano - Outlook,Helpdesk général,2021-03-10,09:16:40,00:00:10
stefano.crapanzano@chu.ulg.ac.be,Envoyé - Zimbra - Stefano Crapanzano - Outlook,Helpdesk général,2021-03-10,10:08:38,00:01:05
stefano.crapanzano@chu.ulg.ac.be,Envoyé - Zimbra - Stefano Crapanzano - Outlook,Helpdesk général,2021-03-10,11:06:20,00:00:56
stefano.crapanzano@chu.ulg.ac.be,Envoyé - Zimbra - Stefano Crapanzano - Outlook,Helpdesk général,2021-03-10,11:09:38,00:00:06
stefano.crapanzano@chu.ulg.ac.be,Envoyé - Zimbra - Stefano Crapanzano - Outlook,Helpdesk général,2021-03-10,11:12:57,00:22:56
stefano.crapanzano@chu.ulg.ac.be,Envoyé - Zimbra - Stefano Crapanzano - Outlook,Helpdesk général,2021-03-10,11:36:05,00:01:23
stefano.crapanzano@chu.ulg.ac.be,Sans titre - Message (HTML),Helpdesk général,2021-03-10,08:43:51,00:00:19
stefano.crapanzano@chu.ulg.ac.be,Sans titre - Message (HTML),Helpdesk général,2021-03-10,09:00:14,00:00:59
stefano.crapanzano@chu.ulg.ac.be,Sans titre - Message (HTML),Helpdesk général,2021-03-10,09:01:58,00:00:07
stefano.crapanzano@chu.ulg.ac.be,Sans titre - Message (HTML),Helpdesk général,2021-03-10,09:02:31,00:00:24
stefano.crapanzano@chu.ulg.ac.be,Sans titre - Message (HTML),Helpdesk général,2021-03-10,09:03:01,00:00:16
stefano.crapanzano@chu.ulg.ac.be,Sans titre - Message (HTML),Helpdesk général,2021-03-10,09:48:41,00:00:09
stefano.crapanzano@chu.ulg.ac.be,Sans titre - Message (HTML),Helpdesk général,2021-03-10,09:49:00,00:00:23
stefano.crapanzano@chu.ulg.ac.be,Sans titre - Message (HTML),Helpdesk général,2021-03-10,09:54:17,00:00:14
stefano.crapanzano@chu.ulg.ac.be,Sans titre - Message (HTML),Helpdesk général,2021-03-10,09:54:36,00:00:16
stefano.crapanzano@chu.ulg.ac.be,Sans titre - Message (HTML),Helpdesk général,2021-03-10,11:41:22,00:00:08
stefano.crapanzano@chu.ulg.ac.be,Absence lundi 15/03 - Message (HTML),Helpdesk général,2021-03-10,08:44:10,00:00:09
stefano.crapanzano@chu.ulg.ac.be,Absence lundi 15/03 - Message (HTML),Helpdesk général,2021-03-10,08:44:53,00:00:36
stefano.crapanzano@chu.ulg.ac.be,Absence lundi 15/03 - Message (HTML),Helpdesk général,2021-03-10,08:45:32,00:00:22
stefano.crapanzano@chu.ulg.ac.be,Sent - erp.sai@chuliege.be - Outlook,Helpdesk général,2021-03-10,08:46:00,00:00:04
stefano.crapanzano@chu.ulg.ac.be,Sent - erp.sai@chuliege.be - Outlook,Helpdesk général,2021-03-10,10:07:38,00:00:07
stefano.crapanzano@chu.ulg.ac.be,Sent - erp.sai@chuliege.be - Outlook,Helpdesk général,2021-03-10,10:40:23,00:01:52
stefano.crapanzano@chu.ulg.ac.be,Sent - erp.sai@chuliege.be - Outlook,Helpdesk général,2021-03-10,10:43:09,00:00:06
stefano.crapanzano@chu.ulg.ac.be,Sent - erp.sai@chuliege.be - Outlook,Helpdesk général,2021-03-10,10:43:19,00:02:20
stefano.crapanzano@chu.ulg.ac.be,Sent - erp.sai@chuliege.be - Outlook,Helpdesk général,2021-03-10,10:45:41,00:00:02
stefano.crapanzano@chu.ulg.ac.be,Sent - erp.sai@chuliege.be - Outlook,Helpdesk général,2021-03-10,11:09:44,00:02:08
stefano.crapanzano@chu.ulg.ac.be,Sent - erp.sai@chuliege.be - Outlook,Helpdesk général,2021-03-10,11:12:39,00:00:03
stefano.crapanzano@chu.ulg.ac.be,Sent - erp.sai@chuliege.be - Outlook,Helpdesk général,2021-03-10,11:12:49,00:00:08
stefano.crapanzano@chu.ulg.ac.be,Sent - erp.sai@chuliege.be - Outlook,Helpdesk général,2021-03-10,11:41:07,00:00:08
stefano.crapanzano@chu.ulg.ac.be,Sent - erp.sai@chuliege.be - Outlook,Helpdesk général,2021-03-10,11:48:30,00:00:09
stefano.crapanzano@chu.ulg.ac.be,Sent - erp.sai@chuliege.be - Outlook,Helpdesk général,2021-03-10,11:49:19,00:00:04
stefano.crapanzano@chu.ulg.ac.be,Sent - erp.sai@chuliege.be - Outlook,Helpdesk général,2021-03-10,12:13:38,00:00:03
stefano.crapanzano@chu.ulg.ac.be,Sent - erp.sai@chuliege.be - Outlook,Helpdesk général,2021-03-10,12:22:43,00:01:38
stefano.crapanzano@chu.ulg.ac.be,Sent - erp.sai@chuliege.be - Outlook,Helpdesk général,2021-03-10,12:25:35,00:02:27
stefano.crapanzano@chu.ulg.ac.be,Sent - erp.sai@chuliege.be - Outlook,Helpdesk général,2021-03-10,12:28:48,00:03:30
stefano.crapanzano@chu.ulg.ac.be,Sent - erp.sai@chuliege.be - Outlook,Helpdesk général,2021-03-10,12:33:54,00:00:05
stefano.crapanzano@chu.ulg.ac.be,erreur chargement - Message (HTML) (Lecture seule),Helpdesk général,2021-03-10,08:56:32,00:00:09
stefano.crapanzano@chu.ulg.ac.be,erreur chargement - Message (HTML) (Lecture seule),Helpdesk général,2021-03-10,09:14:57,00:00:07
stefano.crapanzano@chu.ulg.ac.be,erreur chargement - Message (HTML) (Lecture seule),Helpdesk général,2021-03-10,09:31:14,00:00:51
stefano.crapanzano@chu.ulg.ac.be,erreur chargement - Message (HTML) (Lecture seule),Helpdesk général,2021-03-10,09:32:29,00:00:52
stefano.crapanzano@chu.ulg.ac.be,direction.medicale@chuliege.be,Helpdesk général,2021-03-10,09:02:55,00:00:06
stefano.crapanzano@chu.ulg.ac.be,Déplacement de rendez-vous pour 2ème injection Vaccin - Message (HTML),Helpdesk général,2021-03-10,09:03:18,00:06:18
stefano.crapanzano@chu.ulg.ac.be,RE: SDERP-18040 P203 CHU Plusieurfs factures ignorées lors du retour APO (ZAPO) - Message (HTML),Helpdesk général,2021-03-10,09:09:44,00:05:13
stefano.crapanzano@chu.ulg.ac.be,RE: SDERP-18040 P203 CHU Plusieurfs factures ignorées lors du retour APO (ZAPO) - Message (HTML),Helpdesk général,2021-03-10,09:24:12,00:00:08
stefano.crapanzano@chu.ulg.ac.be,RE: SDERP-18040 P203 CHU Plusieurfs factures ignorées lors du retour APO (ZAPO) - Message (HTML),Helpdesk général,2021-03-10,09:25:12,00:00:13
stefano.crapanzano@chu.ulg.ac.be,RE: SDERP-18040 P203 CHU Plusieurfs factures ignorées lors du retour APO (ZAPO) - Message (HTML),Helpdesk général,2021-03-10,09:25:53,00:00:03
stefano.crapanzano@chu.ulg.ac.be,RE: SDERP-18040 P203 CHU Plusieurfs factures ignorées lors du retour APO (ZAPO) - Message (HTML),Helpdesk général,2021-03-10,12:13:51,00:06:21
stefano.crapanzano@chu.ulg.ac.be,RE: SDERP-18040 P203 CHU Plusieurfs factures ignorées lors du retour APO (ZAPO) - Message (HTML),Helpdesk général,2021-03-10,12:21:22,00:01:09
stefano.crapanzano@chu.ulg.ac.be,RE: SDERP-18040 P203 CHU Plusieurfs factures ignorées lors du retour APO (ZAPO) - Message (HTML),Helpdesk général,2021-03-10,12:24:22,00:01:02
stefano.crapanzano@chu.ulg.ac.be,RE: SDERP-18040 P203 CHU Plusieurfs factures ignorées lors du retour APO (ZAPO) - Message (HTML),Helpdesk général,2021-03-10,12:25:29,00:00:03
stefano.crapanzano@chu.ulg.ac.be,RE: Absence lundi 15/03 - Message (HTML),Helpdesk général,2021-03-10,09:16:08,00:00:14
stefano.crapanzano@chu.ulg.ac.be,RE: Absence lundi 15/03 - Message (HTML),Helpdesk général,2021-03-10,09:16:25,00:00:15
stefano.crapanzano@chu.ulg.ac.be,Analyse du dossier UPDINV210302,Exploration SAP,2021-03-10,09:26:25,00:00:34
stefano.crapanzano@chu.ulg.ac.be,Analyse du dossier UPDINV210302,Exploration SAP,2021-03-10,09:27:40,00:00:10
stefano.crapanzano@chu.ulg.ac.be,Analyse du dossier UPDINV210302,Exploration SAP,2021-03-10,09:28:11,00:00:14
stefano.crapanzano@chu.ulg.ac.be,Analyse du dossier UPDINV210302,Exploration SAP,2021-03-10,09:28:57,00:00:16
stefano.crapanzano@chu.ulg.ac.be,Analyse du dossier UPDINV210301,Exploration SAP,2021-03-10,09:27:54,00:00:12
stefano.crapanzano@chu.ulg.ac.be,Analyse du dossier UPDINV210301,Exploration SAP,2021-03-10,09:28:40,00:00:12
stefano.crapanzano@chu.ulg.ac.be,Liste des utilisateurs,Exploration SAP,2021-03-10,09:39:24,00:00:04
stefano.crapanzano@chu.ulg.ac.be,Liste des utilisateurs,Exploration SAP,2021-03-10,09:39:31,00:00:03
stefano.crapanzano@chu.ulg.ac.be,Liste des utilisateurs,Exploration SAP,2021-03-10,09:39:41,00:00:07
stefano.crapanzano@chu.ulg.ac.be,Liste des utilisateurs,Exploration SAP,2021-03-10,09:39:49,00:00:22
stefano.crapanzano@chu.ulg.ac.be,Liste des utilisateurs,Exploration SAP,2021-03-10,09:40:24,00:00:04
stefano.crapanzano@chu.ulg.ac.be,Liste des utilisateurs,Exploration SAP,2021-03-10,09:43:26,00:00:16
stefano.crapanzano@chu.ulg.ac.be,Liste des utilisateurs,Exploration SAP,2021-03-10,09:43:45,00:00:03
stefano.crapanzano@chu.ulg.ac.be,Définir valeurs pour critères de filtre,Exploration SAP,2021-03-10,09:39:29,00:00:02
stefano.crapanzano@chu.ulg.ac.be,Définir valeurs pour critères de filtre,Exploration SAP,2021-03-10,09:39:37,00:00:03
stefano.crapanzano@chu.ulg.ac.be,Définir critères de filtrage,Exploration SAP,2021-03-10,09:39:35,00:00:02
stefano.crapanzano@chu.ulg.ac.be,Déconnecter utilisateur,Exploration SAP,2021-03-10,09:43:42,00:00:02
stefano.crapanzano@chu.ulg.ac.be,Netop Invité,Helpdesk général,2021-03-10,09:40:37,00:00:09
stefano.crapanzano@chu.ulg.ac.be,Netop Invité,Helpdesk général,2021-03-10,09:46:03,00:00:04
stefano.crapanzano@chu.ulg.ac.be,Netop Invité,Helpdesk général,2021-03-10,09:50:22,00:00:10
stefano.crapanzano@chu.ulg.ac.be,Netop Invité,Helpdesk général,2021-03-10,09:50:41,00:00:12
stefano.crapanzano@chu.ulg.ac.be,Netop Invité,Helpdesk général,2021-03-10,09:52:36,00:00:11
stefano.crapanzano@chu.ulg.ac.be,Netop,Helpdesk général,2021-03-10,09:41:11,00:00:02
stefano.crapanzano@chu.ulg.ac.be,Netop,Helpdesk général,2021-03-10,09:50:56,00:00:02
stefano.crapanzano@chu.ulg.ac.be,Connexion à l'aide de l'authentification Windows,Helpdesk général,2021-03-10,09:41:14,00:00:02
stefano.crapanzano@chu.ulg.ac.be,Connexion à l'aide de l'authentification Windows,Helpdesk général,2021-03-10,09:50:54,00:00:02
stefano.crapanzano@chu.ulg.ac.be,sla-wx-0039 - Netop Remote Control,Helpdesk général,2021-03-10,09:41:17,00:02:05
stefano.crapanzano@chu.ulg.ac.be,sla-wx-0039 - Netop Remote Control,Helpdesk général,2021-03-10,09:43:50,00:01:02
stefano.crapanzano@chu.ulg.ac.be,sla-wx-0039 - Netop Remote Control,Helpdesk général,2021-03-10,09:45:26,00:00:10
stefano.crapanzano@chu.ulg.ac.be,sla-wx-0039 - Netop Remote Control,Helpdesk général,2021-03-10,09:45:42,00:00:19
stefano.crapanzano@chu.ulg.ac.be,Articles par réceptionnaire-centre de frais,Exploration SAP,2021-03-10,09:45:04,00:00:09
stefano.crapanzano@chu.ulg.ac.be,Articles par réceptionnaire-centre de frais,Exploration SAP,2021-03-10,10:00:49,00:00:06
stefano.crapanzano@chu.ulg.ac.be,Articles par réceptionnaire-centre de frais,Exploration SAP,2021-03-10,10:01:04,00:00:04
stefano.crapanzano@chu.ulg.ac.be,Articles par réceptionnaire-centre de frais,Exploration SAP,2021-03-10,10:02:09,00:00:07
stefano.crapanzano@chu.ulg.ac.be,Articles par réceptionnaire-centre de frais,Exploration SAP,2021-03-10,10:02:23,00:00:20
stefano.crapanzano@chu.ulg.ac.be,Articles par réceptionnaire-centre de frais,Exploration SAP,2021-03-10,10:02:46,00:03:32
stefano.crapanzano@chu.ulg.ac.be,Interruption,Exploration SAP,2021-03-10,09:45:14,00:00:04
stefano.crapanzano@chu.ulg.ac.be,Interruption,Exploration SAP,2021-03-10,10:00:55,00:00:02
stefano.crapanzano@chu.ulg.ac.be,Interruption,Exploration SAP,2021-03-10,10:02:16,00:00:02
stefano.crapanzano@chu.ulg.ac.be,Vérification des noms,Helpdesk général,2021-03-10,09:48:50,00:00:09
stefano.crapanzano@chu.ulg.ac.be,Vérification des noms,Helpdesk général,2021-03-10,09:54:31,00:00:04
stefano.crapanzano@chu.ulg.ac.be,192.168.79.249 - Netop Remote Control,Helpdesk général,2021-03-10,09:50:59,00:01:36
stefano.crapanzano@chu.ulg.ac.be,Y_DVX_30000226 - Message (HTML),Helpdesk général,2021-03-10,09:54:53,00:00:40
stefano.crapanzano@chu.ulg.ac.be,Y_DVX_30000226 - Message (HTML),Helpdesk général,2021-03-10,09:55:44,00:00:28
stefano.crapanzano@chu.ulg.ac.be,SAM - DB - Google Chrome,Tâches diverses,2021-03-10,10:06:20,00:00:02
stefano.crapanzano@chu.ulg.ac.be,C:\Users\c158492\AppData\Local\Temp\20210308-1100.csv - Notepad++ [Administrator],IT,2021-03-10,10:13:51,00:01:12
stefano.crapanzano@chu.ulg.ac.be,C:\Users\c158492\AppData\Local\Temp\20210308-1100.csv - Notepad++ [Administrator],IT,2021-03-10,10:15:12,00:00:08
stefano.crapanzano@chu.ulg.ac.be,C:\Users\c158492\AppData\Local\Temp\20210308-1100.csv - Notepad++ [Administrator],IT,2021-03-10,10:15:31,00:00:21
stefano.crapanzano@chu.ulg.ac.be,C:\Users\c158492\AppData\Local\Temp\20210308-1100.csv - Notepad++ [Administrator],IT,2021-03-10,10:16:17,00:00:21
stefano.crapanzano@chu.ulg.ac.be,C:\Users\c158492\AppData\Local\Temp\20210308-1100.csv - Notepad++ [Administrator],IT,2021-03-10,10:47:17,00:00:02
stefano.crapanzano@chu.ulg.ac.be,Rechercher,IT,2021-03-10,10:16:06,00:00:10
stefano.crapanzano@chu.ulg.ac.be,Rechercher,IT,2021-03-10,10:48:04,00:00:06
stefano.crapanzano@chu.ulg.ac.be,Rechercher,IT,2021-03-10,10:53:34,00:00:03
stefano.crapanzano@chu.ulg.ac.be,Rechercher,IT,2021-03-10,10:59:56,00:00:04
stefano.crapanzano@chu.ulg.ac.be,Rechercher,IT,2021-03-10,11:01:56,00:00:04
stefano.crapanzano@chu.ulg.ac.be,Rechercher,IT,2021-03-10,12:00:32,00:00:07
stefano.crapanzano@chu.ulg.ac.be,Rechercher,IT,2021-03-10,12:00:49,00:00:07
stefano.crapanzano@chu.ulg.ac.be,Rechercher,IT,2021-03-10,12:01:06,00:00:04
stefano.crapanzano@chu.ulg.ac.be,Rechercher,IT,2021-03-10,12:02:43,00:00:07
stefano.crapanzano@chu.ulg.ac.be,Data Browser - table BDS_BAR_IN : écran de sélection,Exploration SAP,2021-03-10,10:16:53,00:00:03
stefano.crapanzano@chu.ulg.ac.be,Data Browser - table BDS_BAR_IN : écran de sélection,Exploration SAP,2021-03-10,10:49:26,00:00:04
stefano.crapanzano@chu.ulg.ac.be,Data Browser - table BDS_BAR_IN : écran de sélection,Exploration SAP,2021-03-10,10:52:37,00:00:02
stefano.crapanzano@chu.ulg.ac.be,Data Browser - table BDS_BAR_IN : écran de sélection,Exploration SAP,2021-03-10,10:53:51,00:00:03
stefano.crapanzano@chu.ulg.ac.be,Data Browser - table BDS_BAR_IN : écran de sélection,Exploration SAP,2021-03-10,12:00:07,00:00:04
stefano.crapanzano@chu.ulg.ac.be,Data Browser - table BDS_BAR_IN : écran de sélection,Exploration SAP,2021-03-10,12:01:19,00:00:03
stefano.crapanzano@chu.ulg.ac.be,Data Browser - table BDS_BAR_IN : écran de sélection,Exploration SAP,2021-03-10,12:02:57,00:00:03
stefano.crapanzano@chu.ulg.ac.be,Data Browser - table BDS_BAR_IN : écran de sélection,Exploration SAP,2021-03-10,12:03:36,00:00:02
stefano.crapanzano@chu.ulg.ac.be,Data Browser - table BDS_BAR_IN : écran de sélection,Exploration SAP,2021-03-10,12:05:07,00:00:02
stefano.crapanzano@chu.ulg.ac.be,Data Browser - table BDS_BAR_IN : écran de sélection,Exploration SAP,2021-03-10,12:07:14,00:00:02
stefano.crapanzano@chu.ulg.ac.be,Data Browser - table BDS_BAR_IN : écran de sélection,Exploration SAP,2021-03-10,12:07:33,00:00:02
stefano.crapanzano@chu.ulg.ac.be,Data Browser - table BDS_BAR_IN : écran de sélection,Exploration SAP,2021-03-10,12:07:41,00:00:02
stefano.crapanzano@chu.ulg.ac.be,Data Browser - table BDS_BAR_IN : écran de sélection,Exploration SAP,2021-03-10,12:11:11,00:00:02
stefano.crapanzano@chu.ulg.ac.be,Data Browser - table BDS_BAR_IN : écran de sélection,Exploration SAP,2021-03-10,12:11:19,00:00:02
stefano.crapanzano@chu.ulg.ac.be,Data Browser : table BDS_BAR_IN          1 occurrences,Exploration SAP,2021-03-10,10:16:56,00:00:10
stefano.crapanzano@chu.ulg.ac.be,Data Browser : table BDS_BAR_IN          1 occurrences,Exploration SAP,2021-03-10,10:17:52,00:00:04
stefano.crapanzano@chu.ulg.ac.be,Data Browser : table BDS_BAR_IN          1 occurrences,Exploration SAP,2021-03-10,10:17:59,00:00:03
stefano.crapanzano@chu.ulg.ac.be,Data Browser : table BDS_BAR_IN          1 occurrences,Exploration SAP,2021-03-10,10:18:07,00:00:02
stefano.crapanzano@chu.ulg.ac.be,Data Browser : table BDS_BAR_IN          1 occurrences,Exploration SAP,2021-03-10,10:18:56,00:00:04
stefano.crapanzano@chu.ulg.ac.be,Data Browser : table BDS_BAR_IN          1 occurrences,Exploration SAP,2021-03-10,10:49:24,00:00:02
stefano.crapanzano@chu.ulg.ac.be,Data Browser : table BDS_BAR_IN          1 occurrences,Exploration SAP,2021-03-10,10:49:31,00:00:08
stefano.crapanzano@chu.ulg.ac.be,Data Browser : table BDS_BAR_IN          1 occurrences,Exploration SAP,2021-03-10,10:52:35,00:00:02
stefano.crapanzano@chu.ulg.ac.be,Data Browser : table BDS_BAR_IN          1 occurrences,Exploration SAP,2021-03-10,10:52:40,00:00:05
stefano.crapanzano@chu.ulg.ac.be,Data Browser : table BDS_BAR_IN          1 occurrences,Exploration SAP,2021-03-10,10:53:01,00:00:05
stefano.crapanzano@chu.ulg.ac.be,Data Browser : table BDS_BAR_IN          1 occurrences,Exploration SAP,2021-03-10,10:53:49,00:00:02
stefano.crapanzano@chu.ulg.ac.be,Data Browser : table BDS_BAR_IN          1 occurrences,Exploration SAP,2021-03-10,10:53:55,00:00:05
stefano.crapanzano@chu.ulg.ac.be,Data Browser : table BDS_BAR_IN          1 occurrences,Exploration SAP,2021-03-10,10:54:21,00:00:10
stefano.crapanzano@chu.ulg.ac.be,Data Browser : table BDS_BAR_IN          1 occurrences,Exploration SAP,2021-03-10,12:00:03,00:00:03
stefano.crapanzano@chu.ulg.ac.be,Data Browser : table BDS_BAR_IN          1 occurrences,Exploration SAP,2021-03-10,12:00:12,00:00:10
stefano.crapanzano@chu.ulg.ac.be,Data Browser : table BDS_BAR_IN          1 occurrences,Exploration SAP,2021-03-10,12:01:17,00:00:02
stefano.crapanzano@chu.ulg.ac.be,Data Browser : table BDS_BAR_IN          1 occurrences,Exploration SAP,2021-03-10,12:01:23,00:00:56
stefano.crapanzano@chu.ulg.ac.be,Data Browser : table BDS_BAR_IN          1 occurrences,Exploration SAP,2021-03-10,12:02:55,00:00:02
stefano.crapanzano@chu.ulg.ac.be,Data Browser : table BDS_BAR_IN          1 occurrences,Exploration SAP,2021-03-10,12:03:01,00:00:15
stefano.crapanzano@chu.ulg.ac.be,Data Browser : table BDS_BAR_IN          1 occurrences,Exploration SAP,2021-03-10,12:03:33,00:00:02
stefano.crapanzano@chu.ulg.ac.be,Data Browser : table BDS_BAR_IN          1 occurrences,Exploration SAP,2021-03-10,12:03:38,00:00:50
stefano.crapanzano@chu.ulg.ac.be,Data Browser : table BDS_BAR_IN          1 occurrences,Exploration SAP,2021-03-10,12:05:04,00:00:02
stefano.crapanzano@chu.ulg.ac.be,Liste des postes individuels fournisseurs,Exploration SAP,2021-03-10,10:18:09,00:00:45
stefano.crapanzano@chu.ulg.ac.be,Liste des postes individuels fournisseurs,Exploration SAP,2021-03-10,10:19:01,00:00:57
stefano.crapanzano@chu.ulg.ac.be,Liste des postes individuels fournisseurs,Exploration SAP,2021-03-10,10:50:00,00:00:37
stefano.crapanzano@chu.ulg.ac.be,Liste des postes individuels fournisseurs,Exploration SAP,2021-03-10,10:50:43,00:00:16
stefano.crapanzano@chu.ulg.ac.be,Liste des postes individuels fournisseurs,Helpdesk général,2021-03-10,10:51:14,00:00:10
stefano.crapanzano@chu.ulg.ac.be,Liste des postes individuels fournisseurs,Exploration SAP,2021-03-10,10:52:10,00:00:09
stefano.crapanzano@chu.ulg.ac.be,Liste des postes individuels fournisseurs,Exploration SAP,2021-03-10,10:52:47,00:00:13
stefano.crapanzano@chu.ulg.ac.be,Liste des postes individuels fournisseurs,Exploration SAP,2021-03-10,10:54:02,00:00:19
stefano.crapanzano@chu.ulg.ac.be,Liste des postes individuels fournisseurs,Exploration SAP,2021-03-10,10:54:32,00:00:33
stefano.crapanzano@chu.ulg.ac.be,Liste des postes individuels fournisseurs,Exploration SAP,2021-03-10,10:55:20,00:00:08
stefano.crapanzano@chu.ulg.ac.be,retour APO - Message (HTML),Helpdesk général,2021-03-10,10:21:46,00:00:13
stefano.crapanzano@chu.ulg.ac.be,\\SI-S-SERV533\FTP_ERP_Pharma_Prod\Factures_Out\Copies\Transmises\20200109-1430.csv - Notepad++ [Administrator],IT,2021-03-10,10:47:02,00:00:14
stefano.crapanzano@chu.ulg.ac.be,\\SI-S-SERV533\FTP_ERP_Pharma_Prod\Factures_Out\Copies\Transmises\20200124-1445.csv - Notepad++ [Administrator],IT,2021-03-10,10:47:23,00:00:19
stefano.crapanzano@chu.ulg.ac.be,\\SI-S-SERV533\FTP_ERP_Pharma_Prod\Factures_Out\Copies\Transmises\20200211-0805.csv - Notepad++ [Administrator],IT,2021-03-10,10:47:47,00:00:17
stefano.crapanzano@chu.ulg.ac.be,\\SI-S-SERV533\FTP_ERP_Pharma_Prod\Factures_Out\Copies\Transmises\20200525-1110.csv - Notepad++ [Administrator],IT,2021-03-10,10:49:07,00:00:14
stefano.crapanzano@chu.ulg.ac.be,\\SI-S-SERV533\FTP_ERP_Pharma_Prod\Factures_Out\Copies\Transmises\20200525-1110.csv - Notepad++ [Administrator],IT,2021-03-10,10:49:39,00:00:11
stefano.crapanzano@chu.ulg.ac.be,\\SI-S-SERV533\FTP_ERP_Pharma_Prod\Factures_Out\Copies\Transmises\20200525-1110.csv - Notepad++ [Administrator],IT,2021-03-10,10:50:37,00:00:06
stefano.crapanzano@chu.ulg.ac.be,\\SI-S-SERV533\FTP_ERP_Pharma_Prod\Factures_Out\Copies\Transmises\20200525-1110.csv - Notepad++ [Administrator],IT,2021-03-10,10:52:23,00:00:09
stefano.crapanzano@chu.ulg.ac.be,Afficher pièce : Poste 001,Exploration SAP,2021-03-10,10:51:25,00:00:03
stefano.crapanzano@chu.ulg.ac.be,Afficher pièce : Poste 001,Exploration SAP,2021-03-10,10:52:04,00:00:06
stefano.crapanzano@chu.ulg.ac.be,Afficher pièce : Poste 001,Exploration SAP,2021-03-10,10:55:05,00:00:06
stefano.crapanzano@chu.ulg.ac.be,Afficher pièce : Poste 001,Exploration SAP,2021-03-10,10:55:18,00:00:02
stefano.crapanzano@chu.ulg.ac.be,Modifications pièce : Zones modifiées,Exploration SAP,2021-03-10,10:51:28,00:00:02
stefano.crapanzano@chu.ulg.ac.be,Modifications pièce : Zones modifiées,Exploration SAP,2021-03-10,10:52:01,00:00:03
stefano.crapanzano@chu.ulg.ac.be,Modifications pièce : Zones modifiées,Exploration SAP,2021-03-10,10:55:11,00:00:02
stefano.crapanzano@chu.ulg.ac.be,Modifications pièce : Aperçu,Exploration SAP,2021-03-10,10:51:31,00:00:30
stefano.crapanzano@chu.ulg.ac.be,Modifications pièce : Aperçu,Exploration SAP,2021-03-10,10:55:14,00:00:03
stefano.crapanzano@chu.ulg.ac.be,\\SI-S-SERV533\FTP_ERP_Pharma_Prod\Factures_Out\Copies\Transmises\20200203-1430.csv - Notepad++ [Administrator],IT,2021-03-10,10:53:30,00:00:03
stefano.crapanzano@chu.ulg.ac.be,\\SI-S-SERV533\FTP_ERP_Pharma_Prod\Factures_Out\Copies\Transmises\20200203-1430.csv - Notepad++ [Administrator],IT,2021-03-10,10:53:37,00:00:07
stefano.crapanzano@chu.ulg.ac.be,\\SI-S-SERV533\FTP_ERP_Pharma_Prod\Factures_Out\Copies\Transmises\20200203-1430.csv - Notepad++ [Administrator],IT,2021-03-10,10:55:29,00:00:29
stefano.crapanzano@chu.ulg.ac.be,\\SI-S-SERV533\FTP_ERP_Pharma_Prod\Factures_Out\Copies\Transmises\20210308-1100.csv - Notepad++ [Administrator],IT,2021-03-10,10:59:51,00:00:04
stefano.crapanzano@chu.ulg.ac.be,\\SI-S-SERV533\FTP_ERP_Pharma_Prod\Factures_Out\Copies\Transmises\20210308-1100.csv - Notepad++ [Administrator],IT,2021-03-10,11:00:01,00:00:23
stefano.crapanzano@chu.ulg.ac.be,\\SI-S-SERV533\FTP_ERP_Pharma_Prod\Factures_Out\Copies\Transmises\20210308-1100.csv - Notepad++ [Administrator],IT,2021-03-10,11:01:22,00:00:02
stefano.crapanzano@chu.ulg.ac.be,\\SI-S-SERV533\FTP_ERP_Pharma_Prod\Factures_Out\Copies\Transmises\20210308-1100.csv - Notepad++ [Administrator],IT,2021-03-10,11:02:04,00:00:09
stefano.crapanzano@chu.ulg.ac.be,\\SI-S-SERV533\FTP_ERP_Pharma_Prod\Factures_Out\Copies\Transmises\20210308-1100.csv - Notepad++ [Administrator],IT,2021-03-10,11:03:29,00:00:08
stefano.crapanzano@chu.ulg.ac.be,\\SI-S-SERV533\FTP_ERP_Pharma_Prod\Factures_Out\Copies\Transmises\20210308-1100.csv - Notepad++ [Administrator],IT,2021-03-10,11:03:40,00:00:08
stefano.crapanzano@chu.ulg.ac.be,FileZilla,Helpdesk général,2021-03-10,11:00:32,00:00:02
stefano.crapanzano@chu.ulg.ac.be,Gestionnaire de Sites,Helpdesk général,2021-03-10,11:00:34,00:00:04
stefano.crapanzano@chu.ulg.ac.be,PE2_203 - sftp://PE2U2FTP@153.89.110.38 - FileZilla,Helpdesk général,2021-03-10,11:00:39,00:00:03
stefano.crapanzano@chu.ulg.ac.be,PE2_203 - sftp://PE2U2FTP@153.89.110.38 - FileZilla,Helpdesk général,2021-03-10,11:00:49,00:00:24
stefano.crapanzano@chu.ulg.ac.be,PE2_203 - sftp://PE2U2FTP@153.89.110.38 - FileZilla,Helpdesk général,2021-03-10,11:01:19,00:00:02
stefano.crapanzano@chu.ulg.ac.be,TR: Déplacement de rendez-vous pour 2ème injection Vaccin - Message (HTML),Helpdesk général,2021-03-10,11:11:52,00:00:47
stefano.crapanzano@chu.ulg.ac.be,rdv vaccination - Message (Texte brut),Helpdesk général,2021-03-10,11:48:39,00:00:09
stefano.crapanzano@chu.ulg.ac.be,rdv vaccination - Message (Texte brut),Helpdesk général,2021-03-10,11:49:15,00:00:03
stefano.crapanzano@chu.ulg.ac.be,RE: rdv vaccination - Message (Texte brut),Helpdesk général,2021-03-10,11:48:49,00:00:26
stefano.crapanzano@chu.ulg.ac.be,C:\Users\c158492\AppData\Local\Temp\20210308-1100-1.csv - Notepad++ [Administrator],IT,2021-03-10,11:58:01,00:00:28
stefano.crapanzano@chu.ulg.ac.be,C:\Users\c158492\AppData\Local\Temp\20210308-1100-1.csv - Notepad++ [Administrator],IT,2021-03-10,11:59:47,00:00:08
stefano.crapanzano@chu.ulg.ac.be,C:\Users\c158492\AppData\Local\Temp\20210308-1100-1.csv - Notepad++ [Administrator],IT,2021-03-10,12:00:26,00:00:06
stefano.crapanzano@chu.ulg.ac.be,C:\Users\c158492\AppData\Local\Temp\20210308-1100-1.csv - Notepad++ [Administrator],IT,2021-03-10,12:01:11,00:00:03
stefano.crapanzano@chu.ulg.ac.be,C:\Users\c158492\AppData\Local\Temp\20210308-1100-1.csv - Notepad++ [Administrator],IT,2021-03-10,12:02:20,00:00:02
stefano.crapanzano@chu.ulg.ac.be,C:\Users\c158492\AppData\Local\Temp\20210308-1100-1.csv - Notepad++ [Administrator],IT,2021-03-10,12:02:50,00:00:03
stefano.crapanzano@chu.ulg.ac.be,C:\Users\c158492\AppData\Local\Temp\20210308-1100-1.csv - Notepad++ [Administrator],IT,2021-03-10,12:03:18,00:00:14
stefano.crapanzano@chu.ulg.ac.be,C:\Users\c158492\AppData\Local\Temp\20210308-1100-1.csv - Notepad++ [Administrator],IT,2021-03-10,12:04:29,00:00:09
stefano.crapanzano@chu.ulg.ac.be,C:\Users\c158492\AppData\Local\Temp\20210308-1100-1.csv - Notepad++ [Administrator],IT,2021-03-10,12:10:38,00:00:19
stefano.crapanzano@chu.ulg.ac.be,*new 3 - Notepad++ [Administrator],IT,2021-03-10,12:04:39,00:00:23
stefano.crapanzano@chu.ulg.ac.be,*new 3 - Notepad++ [Administrator],IT,2021-03-10,12:07:02,00:00:07
stefano.crapanzano@chu.ulg.ac.be,*new 3 - Notepad++ [Administrator],IT,2021-03-10,12:10:33,00:00:04
stefano.crapanzano@chu.ulg.ac.be,*new 3 - Notepad++ [Administrator],IT,2021-03-10,12:10:57,00:00:11
stefano.crapanzano@chu.ulg.ac.be,Sélection multiple pour BARCODE,Exploration SAP,2021-03-10,12:05:09,00:00:04
stefano.crapanzano@chu.ulg.ac.be,Sélection multiple pour BARCODE,Exploration SAP,2021-03-10,12:07:16,00:00:07
stefano.crapanzano@chu.ulg.ac.be,Sélection multiple pour BARCODE,Exploration SAP,2021-03-10,12:07:35,00:00:06
stefano.crapanzano@chu.ulg.ac.be,Sélection multiple pour BARCODE,Exploration SAP,2021-03-10,12:11:14,00:00:04
stefano.crapanzano@chu.ulg.ac.be,Data Browser : table BDS_BAR_IN         18 occurrences,Exploration SAP,2021-03-10,12:05:15,00:00:18
stefano.crapanzano@chu.ulg.ac.be,Data Browser : table BDS_BAR_IN         18 occurrences,Exploration SAP,2021-03-10,12:07:10,00:00:03
stefano.crapanzano@chu.ulg.ac.be,Data Browser : table BDS_BAR_IN         18 occurrences,Exploration SAP,2021-03-10,12:07:44,00:00:50
stefano.crapanzano@chu.ulg.ac.be,Data Browser : table BDS_BAR_IN         18 occurrences,Exploration SAP,2021-03-10,12:09:02,00:00:35
stefano.crapanzano@chu.ulg.ac.be,Data Browser : table BDS_BAR_IN         18 occurrences,Exploration SAP,2021-03-10,12:10:00,00:00:11
stefano.crapanzano@chu.ulg.ac.be,Data Browser : table BDS_BAR_IN         18 occurrences,Exploration SAP,2021-03-10,12:10:25,00:00:07
stefano.crapanzano@chu.ulg.ac.be,Greenshot Éditeur d'Image,Helpdesk général,2021-03-10,12:05:45,00:01:14
stefano.crapanzano@chu.ulg.ac.be,Greenshot Éditeur d'Image,Helpdesk général,2021-03-10,12:10:15,00:00:02
stefano.crapanzano@chu.ulg.ac.be,Greenshot Éditeur d'Image,Helpdesk général,2021-03-10,12:20:59,00:00:20
stefano.crapanzano@chu.ulg.ac.be,Data Browser : table BDS_BAR_IN          4 occurrences,Exploration SAP,2021-03-10,12:07:25,00:00:03
stefano.crapanzano@chu.ulg.ac.be,Enregistrer l'image ?,Helpdesk général,2021-03-10,12:10:18,00:00:03
stefano.crapanzano@chu.ulg.ac.be,Enregistrer sous,Helpdesk général,2021-03-10,12:10:21,00:00:03
stefano.crapanzano@chu.ulg.ac.be,Data Browser : table BDS_BAR_IN         19 occurrences,Exploration SAP,2021-03-10,12:11:21,00:02:14
stefano.crapanzano@chu.ulg.ac.be,Data Browser : table BDS_BAR_IN         19 occurrences,Exploration SAP,2021-03-10,12:20:18,00:00:32
stefano.crapanzano@chu.ulg.ac.be,Data Browser : table BDS_BAR_IN         19 occurrences,Exploration SAP,2021-03-10,12:22:37,00:00:02
