Email,Description,Project,Start date,Start time,Duration
stefano.crapanzano@chu.ulg.ac.be,Administrateur : Perl (command line) - python  main.py,IT,2021-05-14,08:41:23,00:00:02
stefano.crapanzano@chu.ulg.ac.be,Envoyés - erp.sai@chuliege.be - Mozilla Thunderbird,Helpdesk général,2021-05-14,08:42:31,00:00:03
stefano.crapanzano@chu.ulg.ac.be,Envoyés - erp.sai@chuliege.be - Mozilla Thunderbird,Helpdesk général,2021-05-14,10:04:06,00:00:03
stefano.crapanzano@chu.ulg.ac.be,Envoyés - erp.sai@chuliege.be - Mozilla Thunderbird,Helpdesk général,2021-05-14,10:10:07,00:02:12
stefano.crapanzano@chu.ulg.ac.be,Envoyés - erp.sai@chuliege.be - Mozilla Thunderbird,Helpdesk général,2021-05-14,10:14:06,00:00:51
stefano.crapanzano@chu.ulg.ac.be,Envoyés - erp.sai@chuliege.be - Mozilla Thunderbird,Helpdesk général,2021-05-14,10:42:37,00:00:45
stefano.crapanzano@chu.ulg.ac.be,Envoyés - erp.sai@chuliege.be - Mozilla Thunderbird,Helpdesk général,2021-05-14,10:44:09,00:00:02
stefano.crapanzano@chu.ulg.ac.be,Envoyés - erp.sai@chuliege.be - Mozilla Thunderbird,Helpdesk général,2021-05-14,10:44:15,00:00:54
stefano.crapanzano@chu.ulg.ac.be,Envoyés - erp.sai@chuliege.be - Mozilla Thunderbird,Helpdesk général,2021-05-14,10:46:34,00:00:02
stefano.crapanzano@chu.ulg.ac.be,Envoyés - erp.sai@chuliege.be - Mozilla Thunderbird,Helpdesk général,2021-05-14,10:46:40,00:00:02
stefano.crapanzano@chu.ulg.ac.be,Envoyés - erp.sai@chuliege.be - Mozilla Thunderbird,Helpdesk général,2021-05-14,10:56:49,00:00:02
stefano.crapanzano@chu.ulg.ac.be,Envoyés - erp.sai@chuliege.be - Mozilla Thunderbird,Helpdesk général,2021-05-14,13:59:03,00:00:02
stefano.crapanzano@chu.ulg.ac.be,Envoyés - erp.sai@chuliege.be - Mozilla Thunderbird,Helpdesk général,2021-05-14,16:20:03,00:00:14
stefano.crapanzano@chu.ulg.ac.be,Courrier entrant - erp.sai@chuliege.be - Mozilla Thunderbird,Helpdesk général,2021-05-14,08:41:26,00:00:02
stefano.crapanzano@chu.ulg.ac.be,Courrier entrant - erp.sai@chuliege.be - Mozilla Thunderbird,Helpdesk général,2021-05-14,08:41:39,00:00:51
stefano.crapanzano@chu.ulg.ac.be,Courrier entrant - erp.sai@chuliege.be - Mozilla Thunderbird,Helpdesk général,2021-05-14,08:42:35,00:01:04
stefano.crapanzano@chu.ulg.ac.be,Courrier entrant - erp.sai@chuliege.be - Mozilla Thunderbird,Helpdesk général,2021-05-14,08:43:41,00:00:02
stefano.crapanzano@chu.ulg.ac.be,Courrier entrant - erp.sai@chuliege.be - Mozilla Thunderbird,Helpdesk général,2021-05-14,08:58:32,00:00:02
stefano.crapanzano@chu.ulg.ac.be,Courrier entrant - erp.sai@chuliege.be - Mozilla Thunderbird,Helpdesk général,2021-05-14,10:00:53,00:00:15
stefano.crapanzano@chu.ulg.ac.be,Courrier entrant - erp.sai@chuliege.be - Mozilla Thunderbird,Helpdesk général,2021-05-14,10:04:01,00:00:02
stefano.crapanzano@chu.ulg.ac.be,Courrier entrant - erp.sai@chuliege.be - Mozilla Thunderbird,Helpdesk général,2021-05-14,10:10:05,00:00:02
stefano.crapanzano@chu.ulg.ac.be,Courrier entrant - erp.sai@chuliege.be - Mozilla Thunderbird,Helpdesk général,2021-05-14,10:25:08,00:00:33
stefano.crapanzano@chu.ulg.ac.be,Courrier entrant - erp.sai@chuliege.be - Mozilla Thunderbird,Helpdesk général,2021-05-14,10:26:58,00:00:05
stefano.crapanzano@chu.ulg.ac.be,Courrier entrant - erp.sai@chuliege.be - Mozilla Thunderbird,Helpdesk général,2021-05-14,10:27:13,00:00:32
stefano.crapanzano@chu.ulg.ac.be,Courrier entrant - erp.sai@chuliege.be - Mozilla Thunderbird,Helpdesk général,2021-05-14,10:30:58,00:00:02
stefano.crapanzano@chu.ulg.ac.be,Courrier entrant - erp.sai@chuliege.be - Mozilla Thunderbird,Helpdesk général,2021-05-14,10:34:03,00:00:03
stefano.crapanzano@chu.ulg.ac.be,Courrier entrant - erp.sai@chuliege.be - Mozilla Thunderbird,Helpdesk général,2021-05-14,10:42:21,00:00:10
stefano.crapanzano@chu.ulg.ac.be,Courrier entrant - erp.sai@chuliege.be - Mozilla Thunderbird,Helpdesk général,2021-05-14,10:42:33,00:00:03
stefano.crapanzano@chu.ulg.ac.be,Courrier entrant - erp.sai@chuliege.be - Mozilla Thunderbird,Helpdesk général,2021-05-14,10:44:12,00:00:03
stefano.crapanzano@chu.ulg.ac.be,Courrier entrant - erp.sai@chuliege.be - Mozilla Thunderbird,Helpdesk général,2021-05-14,10:56:52,00:01:01
stefano.crapanzano@chu.ulg.ac.be,Courrier entrant - erp.sai@chuliege.be - Mozilla Thunderbird,Helpdesk général,2021-05-14,11:08:49,00:01:35
stefano.crapanzano@chu.ulg.ac.be,Courrier entrant - erp.sai@chuliege.be - Mozilla Thunderbird,Helpdesk général,2021-05-14,11:39:26,00:00:05
stefano.crapanzano@chu.ulg.ac.be,Courrier entrant - erp.sai@chuliege.be - Mozilla Thunderbird,Helpdesk général,2021-05-14,12:58:48,00:00:04
stefano.crapanzano@chu.ulg.ac.be,Courrier entrant - erp.sai@chuliege.be - Mozilla Thunderbird,Helpdesk général,2021-05-14,13:38:16,00:00:14
stefano.crapanzano@chu.ulg.ac.be,Courrier entrant - erp.sai@chuliege.be - Mozilla Thunderbird,Helpdesk général,2021-05-14,13:58:45,00:00:13
stefano.crapanzano@chu.ulg.ac.be,Courrier entrant - erp.sai@chuliege.be - Mozilla Thunderbird,Helpdesk général,2021-05-14,13:59:00,00:00:02
stefano.crapanzano@chu.ulg.ac.be,Courrier entrant - erp.sai@chuliege.be - Mozilla Thunderbird,Helpdesk général,2021-05-14,13:59:05,00:00:07
stefano.crapanzano@chu.ulg.ac.be,Courrier entrant - erp.sai@chuliege.be - Mozilla Thunderbird,Helpdesk général,2021-05-14,14:09:36,00:00:02
stefano.crapanzano@chu.ulg.ac.be,Courrier entrant - erp.sai@chuliege.be - Mozilla Thunderbird,Helpdesk général,2021-05-14,15:19:48,00:02:54
stefano.crapanzano@chu.ulg.ac.be,Courrier entrant - erp.sai@chuliege.be - Mozilla Thunderbird,Helpdesk général,2021-05-14,16:19:59,00:00:03
stefano.crapanzano@chu.ulg.ac.be,Courrier entrant - erp.sai@chuliege.be - Mozilla Thunderbird,Helpdesk général,2021-05-14,16:26:56,00:00:02
stefano.crapanzano@chu.ulg.ac.be,Courrier entrant - erp.sai@chuliege.be - Mozilla Thunderbird,Helpdesk général,2021-05-14,16:30:16,00:00:02
stefano.crapanzano@chu.ulg.ac.be,Courrier entrant - erp.sai@chuliege.be - Mozilla Thunderbird,Helpdesk général,2021-05-14,16:47:50,00:00:52
stefano.crapanzano@chu.ulg.ac.be,Courrier entrant - stefano.crapanzano@chuliege.be - Mozilla Thunderbird,Helpdesk général,2021-05-14,08:41:29,00:00:10
stefano.crapanzano@chu.ulg.ac.be,Courrier entrant - stefano.crapanzano@chuliege.be - Mozilla Thunderbird,Helpdesk général,2021-05-14,08:58:35,00:00:07
stefano.crapanzano@chu.ulg.ac.be,Courrier entrant - stefano.crapanzano@chuliege.be - Mozilla Thunderbird,Helpdesk général,2021-05-14,10:00:49,00:00:03
stefano.crapanzano@chu.ulg.ac.be,Courrier entrant - stefano.crapanzano@chuliege.be - Mozilla Thunderbird,Helpdesk général,2021-05-14,10:46:38,00:00:02
stefano.crapanzano@chu.ulg.ac.be,Courrier entrant - stefano.crapanzano@chuliege.be - Mozilla Thunderbird,Helpdesk général,2021-05-14,13:58:58,00:00:02
stefano.crapanzano@chu.ulg.ac.be,Courrier entrant - stefano.crapanzano@chuliege.be - Mozilla Thunderbird,Helpdesk général,2021-05-14,15:55:05,00:00:02
stefano.crapanzano@chu.ulg.ac.be,Courrier entrant - stefano.crapanzano@chuliege.be - Mozilla Thunderbird,Helpdesk général,2021-05-14,16:19:57,00:00:02
stefano.crapanzano@chu.ulg.ac.be,Courrier entrant - stefano.crapanzano@chuliege.be - Mozilla Thunderbird,Helpdesk général,2021-05-14,16:30:18,00:00:02
stefano.crapanzano@chu.ulg.ac.be,GOAL - LABO - Google Chrome,Tâches diverses,2021-05-14,08:43:47,00:14:45
stefano.crapanzano@chu.ulg.ac.be,GOAL - LABO - Google Chrome,Tâches diverses,2021-05-14,08:58:52,00:00:15
stefano.crapanzano@chu.ulg.ac.be,GOAL - LABO - Google Chrome,Tâches diverses,2021-05-14,08:59:21,00:00:28
stefano.crapanzano@chu.ulg.ac.be,GOAL - LABO - Google Chrome,Tâches diverses,2021-05-14,09:00:15,00:00:12
stefano.crapanzano@chu.ulg.ac.be,GOAL - LABO - Google Chrome,Tâches diverses,2021-05-14,10:06:31,00:00:15
stefano.crapanzano@chu.ulg.ac.be,GOAL - LABO - Google Chrome,Tâches diverses,2021-05-14,10:06:54,00:00:49
stefano.crapanzano@chu.ulg.ac.be,GOAL - LABO - Google Chrome,Tâches diverses,2021-05-14,10:08:59,00:00:04
stefano.crapanzano@chu.ulg.ac.be,GOAL - LABO - Google Chrome,Tâches diverses,2021-05-14,10:09:42,00:00:21
stefano.crapanzano@chu.ulg.ac.be,GOAL - LABO - Google Chrome,Helpdesk général,2021-05-14,10:12:19,00:00:12
stefano.crapanzano@chu.ulg.ac.be,GOAL - LABO - Google Chrome,Tâches diverses,2021-05-14,10:14:58,00:00:04
stefano.crapanzano@chu.ulg.ac.be,GOAL - LABO - Google Chrome,Tâches diverses,2021-05-14,10:15:53,00:00:20
stefano.crapanzano@chu.ulg.ac.be,GOAL - LABO - Google Chrome,Tâches diverses,2021-05-14,10:16:34,00:00:38
stefano.crapanzano@chu.ulg.ac.be,GOAL - LABO - Google Chrome,Tâches diverses,2021-05-14,10:19:06,00:00:21
stefano.crapanzano@chu.ulg.ac.be,GOAL - LABO - Google Chrome,Tâches diverses,2021-05-14,11:11:13,00:00:59
stefano.crapanzano@chu.ulg.ac.be,GOAL - LABO - Google Chrome,Tâches diverses,2021-05-14,11:16:08,00:00:10
stefano.crapanzano@chu.ulg.ac.be,GOAL - LABO - Google Chrome,Tâches diverses,2021-05-14,14:15:14,00:00:10
stefano.crapanzano@chu.ulg.ac.be,GOAL - LABO - Google Chrome,Tâches diverses,2021-05-14,14:19:39,00:00:09
stefano.crapanzano@chu.ulg.ac.be,GOAL - LABO - Google Chrome,Tâches diverses,2021-05-14,14:20:33,00:00:03
stefano.crapanzano@chu.ulg.ac.be,GOAL - LABO - Google Chrome,Tâches diverses,2021-05-14,14:21:01,00:00:05
stefano.crapanzano@chu.ulg.ac.be,GOAL - LABO - Google Chrome,Tâches diverses,2021-05-14,14:21:23,00:00:05
stefano.crapanzano@chu.ulg.ac.be,GOAL - LABO - Google Chrome,Tâches diverses,2021-05-14,14:22:01,00:00:02
stefano.crapanzano@chu.ulg.ac.be,GOAL - LABO - Google Chrome,Tâches diverses,2021-05-14,14:22:13,00:00:04
stefano.crapanzano@chu.ulg.ac.be,GOAL - LABO - Google Chrome,Tâches diverses,2021-05-14,14:22:40,00:00:03
stefano.crapanzano@chu.ulg.ac.be,GOAL - LABO - Google Chrome,Tâches diverses,2021-05-14,14:22:53,00:00:04
stefano.crapanzano@chu.ulg.ac.be,GOAL - LABO - Google Chrome,Tâches diverses,2021-05-14,14:23:17,00:00:03
stefano.crapanzano@chu.ulg.ac.be,GOAL - LABO - Google Chrome,Tâches diverses,2021-05-14,14:23:38,00:00:09
stefano.crapanzano@chu.ulg.ac.be,GOAL - LABO - Google Chrome,Tâches diverses,2021-05-14,14:23:54,00:00:07
stefano.crapanzano@chu.ulg.ac.be,GOAL - LABO - Google Chrome,Tâches diverses,2021-05-14,14:25:30,00:00:02
stefano.crapanzano@chu.ulg.ac.be,GOAL - LABO - Google Chrome,Tâches diverses,2021-05-14,14:25:50,00:00:03
stefano.crapanzano@chu.ulg.ac.be,GOAL - LABO - Google Chrome,Tâches diverses,2021-05-14,14:25:58,00:00:05
stefano.crapanzano@chu.ulg.ac.be,GOAL - LABO - Google Chrome,Tâches diverses,2021-05-14,14:27:29,00:00:04
stefano.crapanzano@chu.ulg.ac.be,GOAL - LABO - Google Chrome,Tâches diverses,2021-05-14,14:27:53,00:00:13
stefano.crapanzano@chu.ulg.ac.be,GOAL - LABO - Google Chrome,Tâches diverses,2021-05-14,14:28:08,00:00:02
stefano.crapanzano@chu.ulg.ac.be,GOAL - LABO - Google Chrome,Tâches diverses,2021-05-14,14:28:21,00:00:04
stefano.crapanzano@chu.ulg.ac.be,GOAL - LABO - Google Chrome,Tâches diverses,2021-05-14,14:28:53,00:00:02
stefano.crapanzano@chu.ulg.ac.be,GOAL - LABO - Google Chrome,Tâches diverses,2021-05-14,14:29:42,00:00:05
stefano.crapanzano@chu.ulg.ac.be,GOAL - LABO - Google Chrome,Tâches diverses,2021-05-14,14:30:08,00:00:02
stefano.crapanzano@chu.ulg.ac.be,GOAL - LABO - Google Chrome,Tâches diverses,2021-05-14,14:30:19,00:00:03
stefano.crapanzano@chu.ulg.ac.be,GOAL - LABO - Google Chrome,Tâches diverses,2021-05-14,14:30:38,00:00:05
stefano.crapanzano@chu.ulg.ac.be,GOAL - LABO - Google Chrome,Tâches diverses,2021-05-14,14:30:46,00:00:08
stefano.crapanzano@chu.ulg.ac.be,GOAL - LABO - Google Chrome,Tâches diverses,2021-05-14,14:30:59,00:00:13
stefano.crapanzano@chu.ulg.ac.be,GOAL - LABO - Google Chrome,Tâches diverses,2021-05-14,14:31:20,00:01:10
stefano.crapanzano@chu.ulg.ac.be,GOAL - LABO - Google Chrome,Tâches diverses,2021-05-14,14:33:03,00:00:05
stefano.crapanzano@chu.ulg.ac.be,GOAL - LABO - Google Chrome,Tâches diverses,2021-05-14,14:33:37,00:00:03
stefano.crapanzano@chu.ulg.ac.be,GOAL - LABO - Google Chrome,Tâches diverses,2021-05-14,14:33:44,00:00:15
stefano.crapanzano@chu.ulg.ac.be,GOAL - LABO - Google Chrome,Tâches diverses,2021-05-14,14:34:36,00:00:08
stefano.crapanzano@chu.ulg.ac.be,GOAL - LABO - Google Chrome,Tâches diverses,2021-05-14,14:34:56,00:00:08
stefano.crapanzano@chu.ulg.ac.be,GOAL - LABO - Google Chrome,Tâches diverses,2021-05-14,14:38:51,00:00:02
stefano.crapanzano@chu.ulg.ac.be,GOAL - LABO - Google Chrome,Tâches diverses,2021-05-14,14:39:24,00:00:04
stefano.crapanzano@chu.ulg.ac.be,GOAL - LABO - Google Chrome,Tâches diverses,2021-05-14,14:39:35,00:00:39
stefano.crapanzano@chu.ulg.ac.be,GOAL - LABO - Google Chrome,Tâches diverses,2021-05-14,14:42:13,00:00:02
stefano.crapanzano@chu.ulg.ac.be,GOAL - LABO - Google Chrome,Tâches diverses,2021-05-14,14:42:33,00:00:14
stefano.crapanzano@chu.ulg.ac.be,GOAL - LABO - Google Chrome,Tâches diverses,2021-05-14,14:42:54,00:00:07
stefano.crapanzano@chu.ulg.ac.be,GOAL - LABO - Google Chrome,Tâches diverses,2021-05-14,14:43:10,00:00:05
stefano.crapanzano@chu.ulg.ac.be,GOAL - LABO - Google Chrome,Tâches diverses,2021-05-14,14:43:25,00:00:02
stefano.crapanzano@chu.ulg.ac.be,GOAL - LABO - Google Chrome,Tâches diverses,2021-05-14,14:43:50,00:00:04
stefano.crapanzano@chu.ulg.ac.be,GOAL - LABO - Google Chrome,Tâches diverses,2021-05-14,14:44:02,00:00:04
stefano.crapanzano@chu.ulg.ac.be,GOAL - LABO - Google Chrome,Tâches diverses,2021-05-14,14:44:11,00:00:10
stefano.crapanzano@chu.ulg.ac.be,GOAL - LABO - Google Chrome,Tâches diverses,2021-05-14,14:44:24,00:00:19
stefano.crapanzano@chu.ulg.ac.be,GOAL - LABO - Google Chrome,Tâches diverses,2021-05-14,14:44:49,00:00:10
stefano.crapanzano@chu.ulg.ac.be,GOAL - LABO - Google Chrome,Tâches diverses,2021-05-14,14:45:21,00:00:02
stefano.crapanzano@chu.ulg.ac.be,GOAL - LABO - Google Chrome,Tâches diverses,2021-05-14,14:45:27,00:00:02
stefano.crapanzano@chu.ulg.ac.be,GOAL - LABO - Google Chrome,Tâches diverses,2021-05-14,14:45:47,00:00:03
stefano.crapanzano@chu.ulg.ac.be,GOAL - LABO - Google Chrome,Tâches diverses,2021-05-14,14:46:11,00:00:07
stefano.crapanzano@chu.ulg.ac.be,GOAL - LABO - Google Chrome,Tâches diverses,2021-05-14,14:46:33,00:00:02
stefano.crapanzano@chu.ulg.ac.be,GOAL - LABO - Google Chrome,Tâches diverses,2021-05-14,14:47:17,00:00:02
stefano.crapanzano@chu.ulg.ac.be,GOAL - LABO - Google Chrome,Tâches diverses,2021-05-14,14:48:19,00:00:03
stefano.crapanzano@chu.ulg.ac.be,GOAL - LABO - Google Chrome,Tâches diverses,2021-05-14,14:48:27,00:00:31
stefano.crapanzano@chu.ulg.ac.be,GOAL - LABO - Google Chrome,Tâches diverses,2021-05-14,14:49:05,00:00:04
stefano.crapanzano@chu.ulg.ac.be,GOAL - LABO - Google Chrome,Tâches diverses,2021-05-14,14:49:15,00:00:09
stefano.crapanzano@chu.ulg.ac.be,GOAL - LABO - Google Chrome,Tâches diverses,2021-05-14,14:49:29,00:00:10
stefano.crapanzano@chu.ulg.ac.be,GOAL - LABO - Google Chrome,Tâches diverses,2021-05-14,14:52:26,00:00:02
stefano.crapanzano@chu.ulg.ac.be,GOAL - LABO - Google Chrome,Tâches diverses,2021-05-14,14:52:35,00:00:07
stefano.crapanzano@chu.ulg.ac.be,GOAL - LABO - Google Chrome,Tâches diverses,2021-05-14,14:53:36,00:00:02
stefano.crapanzano@chu.ulg.ac.be,GOAL - LABO - Google Chrome,Tâches diverses,2021-05-14,14:53:43,00:00:47
stefano.crapanzano@chu.ulg.ac.be,GOAL - LABO - Google Chrome,Tâches diverses,2021-05-14,14:55:35,00:00:03
stefano.crapanzano@chu.ulg.ac.be,GOAL - LABO - Google Chrome,Tâches diverses,2021-05-14,14:55:56,00:00:02
stefano.crapanzano@chu.ulg.ac.be,GOAL - LABO - Google Chrome,Tâches diverses,2021-05-14,14:56:59,00:00:03
stefano.crapanzano@chu.ulg.ac.be,GOAL - LABO - Google Chrome,Tâches diverses,2021-05-14,14:57:10,00:00:06
stefano.crapanzano@chu.ulg.ac.be,GOAL - LABO - Google Chrome,Tâches diverses,2021-05-14,14:57:55,00:00:08
stefano.crapanzano@chu.ulg.ac.be,GOAL - LABO - Google Chrome,Tâches diverses,2021-05-14,14:58:13,00:00:08
stefano.crapanzano@chu.ulg.ac.be,GOAL - LABO - Google Chrome,Tâches diverses,2021-05-14,14:58:27,00:00:07
stefano.crapanzano@chu.ulg.ac.be,GOAL - LABO - Google Chrome,Tâches diverses,2021-05-14,14:59:03,00:00:02
stefano.crapanzano@chu.ulg.ac.be,GOAL - LABO - Google Chrome,Tâches diverses,2021-05-14,14:59:17,00:00:27
stefano.crapanzano@chu.ulg.ac.be,GOAL - LABO - Google Chrome,Tâches diverses,2021-05-14,15:00:22,00:00:02
stefano.crapanzano@chu.ulg.ac.be,GOAL - LABO - Google Chrome,Tâches diverses,2021-05-14,15:00:51,00:00:02
stefano.crapanzano@chu.ulg.ac.be,GOAL - LABO - Google Chrome,Tâches diverses,2021-05-14,15:01:12,00:00:04
stefano.crapanzano@chu.ulg.ac.be,GOAL - LABO - Google Chrome,Tâches diverses,2021-05-14,15:01:43,00:00:21
stefano.crapanzano@chu.ulg.ac.be,GOAL - LABO - Google Chrome,Tâches diverses,2021-05-14,15:02:19,00:00:03
stefano.crapanzano@chu.ulg.ac.be,GOAL - LABO - Google Chrome,Tâches diverses,2021-05-14,15:02:26,00:00:19
stefano.crapanzano@chu.ulg.ac.be,GOAL - LABO - Google Chrome,Tâches diverses,2021-05-14,15:02:54,00:00:03
stefano.crapanzano@chu.ulg.ac.be,GOAL - LABO - Google Chrome,Tâches diverses,2021-05-14,15:03:07,00:00:53
stefano.crapanzano@chu.ulg.ac.be,GOAL - LABO - Google Chrome,Tâches diverses,2021-05-14,15:04:49,00:00:04
stefano.crapanzano@chu.ulg.ac.be,GOAL - LABO - Google Chrome,Tâches diverses,2021-05-14,15:05:04,00:00:11
stefano.crapanzano@chu.ulg.ac.be,GOAL - LABO - Google Chrome,Tâches diverses,2021-05-14,15:05:53,00:00:25
stefano.crapanzano@chu.ulg.ac.be,GOAL - LABO - Google Chrome,Tâches diverses,2021-05-14,15:06:22,00:01:07
stefano.crapanzano@chu.ulg.ac.be,GOAL - LABO - Google Chrome,Tâches diverses,2021-05-14,15:07:40,00:00:17
stefano.crapanzano@chu.ulg.ac.be,GOAL - LABO - Google Chrome,Tâches diverses,2021-05-14,15:08:22,00:00:37
stefano.crapanzano@chu.ulg.ac.be,GOAL - LABO - Google Chrome,Tâches diverses,2021-05-14,15:09:16,00:00:35
stefano.crapanzano@chu.ulg.ac.be,GOAL - LABO - Google Chrome,Tâches diverses,2021-05-14,15:10:04,00:00:08
stefano.crapanzano@chu.ulg.ac.be,GOAL - LABO - Google Chrome,Tâches diverses,2021-05-14,15:10:15,00:00:31
stefano.crapanzano@chu.ulg.ac.be,GOAL - LABO - Google Chrome,Tâches diverses,2021-05-14,15:11:09,00:00:45
stefano.crapanzano@chu.ulg.ac.be,GOAL - LABO - Google Chrome,Tâches diverses,2021-05-14,15:12:27,00:01:22
stefano.crapanzano@chu.ulg.ac.be,GOAL - LABO - Google Chrome,Tâches diverses,2021-05-14,15:14:09,00:01:32
stefano.crapanzano@chu.ulg.ac.be,GOAL - LABO - Google Chrome,Tâches diverses,2021-05-14,15:15:46,00:00:43
stefano.crapanzano@chu.ulg.ac.be,GOAL - LABO - Google Chrome,Tâches diverses,2021-05-14,15:17:30,00:01:22
stefano.crapanzano@chu.ulg.ac.be,GOAL - LABO - Google Chrome,Tâches diverses,2021-05-14,15:23:30,00:00:44
stefano.crapanzano@chu.ulg.ac.be,GOAL - LABO - Google Chrome,Tâches diverses,2021-05-14,15:25:53,00:00:03
stefano.crapanzano@chu.ulg.ac.be,GOAL - LABO - Google Chrome,Tâches diverses,2021-05-14,15:26:06,00:00:03
stefano.crapanzano@chu.ulg.ac.be,GOAL - LABO - Google Chrome,Tâches diverses,2021-05-14,15:26:14,00:00:02
stefano.crapanzano@chu.ulg.ac.be,GOAL - LABO - Google Chrome,Tâches diverses,2021-05-14,15:26:23,00:00:25
stefano.crapanzano@chu.ulg.ac.be,GOAL - LABO - Google Chrome,Tâches diverses,2021-05-14,15:27:04,00:00:14
stefano.crapanzano@chu.ulg.ac.be,GOAL - LABO - Google Chrome,Tâches diverses,2021-05-14,15:27:22,00:00:26
stefano.crapanzano@chu.ulg.ac.be,GOAL - LABO - Google Chrome,Tâches diverses,2021-05-14,15:27:51,00:01:01
stefano.crapanzano@chu.ulg.ac.be,GOAL - LABO - Google Chrome,Tâches diverses,2021-05-14,15:29:31,00:00:33
stefano.crapanzano@chu.ulg.ac.be,GOAL - LABO - Google Chrome,Tâches diverses,2021-05-14,15:30:21,00:00:23
stefano.crapanzano@chu.ulg.ac.be,GOAL - LABO - Google Chrome,Tâches diverses,2021-05-14,15:30:51,00:00:03
stefano.crapanzano@chu.ulg.ac.be,GOAL - LABO - Google Chrome,Tâches diverses,2021-05-14,15:31:22,00:00:55
stefano.crapanzano@chu.ulg.ac.be,GOAL - LABO - Google Chrome,Tâches diverses,2021-05-14,15:33:38,00:00:38
stefano.crapanzano@chu.ulg.ac.be,GOAL - LABO - Google Chrome,Tâches diverses,2021-05-14,15:35:19,00:00:14
stefano.crapanzano@chu.ulg.ac.be,GOAL - LABO - Google Chrome,Tâches diverses,2021-05-14,15:36:19,00:00:03
stefano.crapanzano@chu.ulg.ac.be,GOAL - LABO - Google Chrome,Tâches diverses,2021-05-14,15:36:29,00:00:02
stefano.crapanzano@chu.ulg.ac.be,GOAL - LABO - Google Chrome,Tâches diverses,2021-05-14,15:37:09,00:00:02
stefano.crapanzano@chu.ulg.ac.be,GOAL - LABO - Google Chrome,Tâches diverses,2021-05-14,15:37:45,00:00:09
stefano.crapanzano@chu.ulg.ac.be,GOAL - LABO - Google Chrome,Tâches diverses,2021-05-14,15:37:57,00:00:10
stefano.crapanzano@chu.ulg.ac.be,GOAL - LABO - Google Chrome,Tâches diverses,2021-05-14,15:38:16,00:00:20
stefano.crapanzano@chu.ulg.ac.be,GOAL - LABO - Google Chrome,Tâches diverses,2021-05-14,15:38:45,00:00:26
stefano.crapanzano@chu.ulg.ac.be,GOAL - LABO - Google Chrome,Tâches diverses,2021-05-14,15:39:28,00:00:04
stefano.crapanzano@chu.ulg.ac.be,GOAL - LABO - Google Chrome,Tâches diverses,2021-05-14,15:39:58,00:01:22
stefano.crapanzano@chu.ulg.ac.be,GOAL - LABO - Google Chrome,Tâches diverses,2021-05-14,15:41:44,00:00:34
stefano.crapanzano@chu.ulg.ac.be,GOAL - LABO - Google Chrome,Tâches diverses,2021-05-14,15:42:33,00:00:04
stefano.crapanzano@chu.ulg.ac.be,GOAL - LABO - Google Chrome,Tâches diverses,2021-05-14,15:42:52,00:00:03
stefano.crapanzano@chu.ulg.ac.be,GOAL - LABO - Google Chrome,Tâches diverses,2021-05-14,15:43:26,00:00:11
stefano.crapanzano@chu.ulg.ac.be,GOAL - LABO - Google Chrome,Tâches diverses,2021-05-14,15:43:51,00:00:08
stefano.crapanzano@chu.ulg.ac.be,GOAL - LABO - Google Chrome,Tâches diverses,2021-05-14,15:45:03,00:00:39
stefano.crapanzano@chu.ulg.ac.be,GOAL - LABO - Google Chrome,Tâches diverses,2021-05-14,15:45:56,00:00:15
stefano.crapanzano@chu.ulg.ac.be,GOAL - LABO - Google Chrome,Tâches diverses,2021-05-14,15:46:21,00:00:23
stefano.crapanzano@chu.ulg.ac.be,GOAL - LABO - Google Chrome,Tâches diverses,2021-05-14,15:46:49,00:00:31
stefano.crapanzano@chu.ulg.ac.be,GOAL - LABO - Google Chrome,Tâches diverses,2021-05-14,15:48:09,00:00:58
stefano.crapanzano@chu.ulg.ac.be,GOAL - LABO - Google Chrome,Tâches diverses,2021-05-14,15:49:28,00:00:19
stefano.crapanzano@chu.ulg.ac.be,GOAL - LABO - Google Chrome,Tâches diverses,2021-05-14,15:49:52,00:03:54
stefano.crapanzano@chu.ulg.ac.be,GOAL - LABO - Google Chrome,Tâches diverses,2021-05-14,15:53:48,00:01:16
stefano.crapanzano@chu.ulg.ac.be,GOAL - LABO - Google Chrome,Tâches diverses,2021-05-14,15:55:08,00:00:04
stefano.crapanzano@chu.ulg.ac.be,GOAL - LABO - Google Chrome,Tâches diverses,2021-05-14,15:55:18,00:00:03
stefano.crapanzano@chu.ulg.ac.be,GOAL - LABO - Google Chrome,Tâches diverses,2021-05-14,15:57:29,00:01:07
stefano.crapanzano@chu.ulg.ac.be,GOAL - LABO - Google Chrome,Tâches diverses,2021-05-14,16:10:05,00:00:26
stefano.crapanzano@chu.ulg.ac.be,GOAL - LABO - Google Chrome,Tâches diverses,2021-05-14,16:10:32,00:00:30
stefano.crapanzano@chu.ulg.ac.be,GOAL - LABO - Google Chrome,Tâches diverses,2021-05-14,16:11:23,00:00:02
stefano.crapanzano@chu.ulg.ac.be,GOAL - LABO - Google Chrome,Tâches diverses,2021-05-14,16:12:28,00:03:03
stefano.crapanzano@chu.ulg.ac.be,GOAL - LABO - Google Chrome,Tâches diverses,2021-05-14,16:20:48,00:02:36
stefano.crapanzano@chu.ulg.ac.be,GOAL - LABO - Google Chrome,Tâches diverses,2021-05-14,16:25:32,00:00:21
stefano.crapanzano@chu.ulg.ac.be,GOAL - LABO - Google Chrome,Tâches diverses,2021-05-14,16:25:55,00:00:33
stefano.crapanzano@chu.ulg.ac.be,GOAL - LABO - Google Chrome,Tâches diverses,2021-05-14,16:30:25,00:00:20
stefano.crapanzano@chu.ulg.ac.be,GOAL - LABO - Google Chrome,Tâches diverses,2021-05-14,16:31:01,00:00:16
stefano.crapanzano@chu.ulg.ac.be,GOAL - LABO - Google Chrome,Tâches diverses,2021-05-14,16:54:43,00:00:58
stefano.crapanzano@chu.ulg.ac.be,Navigation système de fichier,IT,2021-05-14,08:58:47,00:00:05
stefano.crapanzano@chu.ulg.ac.be,Navigation système de fichier,IT,2021-05-14,08:59:53,00:00:02
stefano.crapanzano@chu.ulg.ac.be,Navigation système de fichier,IT,2021-05-14,10:04:17,00:00:03
stefano.crapanzano@chu.ulg.ac.be,Navigation système de fichier,IT,2021-05-14,10:08:51,00:00:07
stefano.crapanzano@chu.ulg.ac.be,Navigation système de fichier,IT,2021-05-14,10:27:46,00:00:02
stefano.crapanzano@chu.ulg.ac.be,Navigation système de fichier,IT,2021-05-14,10:46:46,00:00:06
stefano.crapanzano@chu.ulg.ac.be,Navigation système de fichier,IT,2021-05-14,11:01:43,00:00:06
stefano.crapanzano@chu.ulg.ac.be,Navigation système de fichier,IT,2021-05-14,11:05:14,00:00:02
stefano.crapanzano@chu.ulg.ac.be,Navigation système de fichier,IT,2021-05-14,11:05:19,00:00:02
stefano.crapanzano@chu.ulg.ac.be,Navigation système de fichier,IT,2021-05-14,11:05:24,00:00:21
stefano.crapanzano@chu.ulg.ac.be,Navigation système de fichier,IT,2021-05-14,11:07:23,00:00:04
stefano.crapanzano@chu.ulg.ac.be,Navigation système de fichier,IT,2021-05-14,11:07:34,00:00:04
stefano.crapanzano@chu.ulg.ac.be,Navigation système de fichier,IT,2021-05-14,11:07:41,00:00:03
stefano.crapanzano@chu.ulg.ac.be,Navigation système de fichier,IT,2021-05-14,11:37:35,00:00:03
stefano.crapanzano@chu.ulg.ac.be,Navigation système de fichier,IT,2021-05-14,11:53:24,00:00:03
stefano.crapanzano@chu.ulg.ac.be,Navigation système de fichier,IT,2021-05-14,11:53:29,00:00:02
stefano.crapanzano@chu.ulg.ac.be,Navigation système de fichier,IT,2021-05-14,11:53:36,00:00:05
stefano.crapanzano@chu.ulg.ac.be,Navigation système de fichier,IT,2021-05-14,11:54:15,00:00:04
stefano.crapanzano@chu.ulg.ac.be,Navigation système de fichier,IT,2021-05-14,11:54:26,00:00:03
stefano.crapanzano@chu.ulg.ac.be,Navigation système de fichier,IT,2021-05-14,11:54:58,00:00:02
stefano.crapanzano@chu.ulg.ac.be,Navigation système de fichier,IT,2021-05-14,11:55:04,00:00:02
stefano.crapanzano@chu.ulg.ac.be,Navigation système de fichier,IT,2021-05-14,11:55:09,00:00:04
stefano.crapanzano@chu.ulg.ac.be,Navigation système de fichier,IT,2021-05-14,11:55:36,00:00:03
stefano.crapanzano@chu.ulg.ac.be,Navigation système de fichier,IT,2021-05-14,11:55:45,00:00:04
stefano.crapanzano@chu.ulg.ac.be,Navigation système de fichier,IT,2021-05-14,11:55:51,00:00:03
stefano.crapanzano@chu.ulg.ac.be,Navigation système de fichier,IT,2021-05-14,11:55:57,00:00:03
stefano.crapanzano@chu.ulg.ac.be,Navigation système de fichier,IT,2021-05-14,11:56:02,00:00:02
stefano.crapanzano@chu.ulg.ac.be,Navigation système de fichier,IT,2021-05-14,11:56:18,00:00:02
stefano.crapanzano@chu.ulg.ac.be,Navigation système de fichier,IT,2021-05-14,11:56:49,00:00:03
stefano.crapanzano@chu.ulg.ac.be,Navigation système de fichier,IT,2021-05-14,12:01:10,00:00:05
stefano.crapanzano@chu.ulg.ac.be,Navigation système de fichier,IT,2021-05-14,12:05:33,00:00:03
stefano.crapanzano@chu.ulg.ac.be,Navigation système de fichier,IT,2021-05-14,12:06:03,00:00:03
stefano.crapanzano@chu.ulg.ac.be,Navigation système de fichier,IT,2021-05-14,12:06:20,00:00:16
stefano.crapanzano@chu.ulg.ac.be,Navigation système de fichier,IT,2021-05-14,12:06:42,00:00:11
stefano.crapanzano@chu.ulg.ac.be,Navigation système de fichier,IT,2021-05-14,12:07:41,00:00:03
stefano.crapanzano@chu.ulg.ac.be,Navigation système de fichier,IT,2021-05-14,12:07:58,00:00:08
stefano.crapanzano@chu.ulg.ac.be,Navigation système de fichier,IT,2021-05-14,12:08:11,00:00:04
stefano.crapanzano@chu.ulg.ac.be,Navigation système de fichier,IT,2021-05-14,12:08:20,00:00:06
stefano.crapanzano@chu.ulg.ac.be,Navigation système de fichier,IT,2021-05-14,12:08:37,00:00:02
stefano.crapanzano@chu.ulg.ac.be,Navigation système de fichier,IT,2021-05-14,14:07:02,00:00:05
stefano.crapanzano@chu.ulg.ac.be,Navigation système de fichier,IT,2021-05-14,14:09:46,00:00:28
stefano.crapanzano@chu.ulg.ac.be,Navigation système de fichier,IT,2021-05-14,14:21:59,00:00:02
stefano.crapanzano@chu.ulg.ac.be,Navigation système de fichier,IT,2021-05-14,14:30:10,00:00:02
stefano.crapanzano@chu.ulg.ac.be,Navigation système de fichier,IT,2021-05-14,14:56:57,00:00:02
stefano.crapanzano@chu.ulg.ac.be,Navigation système de fichier,IT,2021-05-14,14:57:45,00:00:02
stefano.crapanzano@chu.ulg.ac.be,Navigation système de fichier,IT,2021-05-14,14:58:03,00:00:02
stefano.crapanzano@chu.ulg.ac.be,Navigation système de fichier,IT,2021-05-14,15:02:23,00:00:02
stefano.crapanzano@chu.ulg.ac.be,Navigation système de fichier,IT,2021-05-14,15:04:47,00:00:02
stefano.crapanzano@chu.ulg.ac.be,Navigation système de fichier,IT,2021-05-14,15:04:54,00:00:02
stefano.crapanzano@chu.ulg.ac.be,Navigation système de fichier,IT,2021-05-14,15:07:29,00:00:09
stefano.crapanzano@chu.ulg.ac.be,Navigation système de fichier,IT,2021-05-14,15:08:16,00:00:05
stefano.crapanzano@chu.ulg.ac.be,Navigation système de fichier,IT,2021-05-14,16:11:07,00:00:15
stefano.crapanzano@chu.ulg.ac.be,Navigation système de fichier,IT,2021-05-14,16:11:38,00:00:07
stefano.crapanzano@chu.ulg.ac.be,Navigation système de fichier,IT,2021-05-14,16:30:13,00:00:03
stefano.crapanzano@chu.ulg.ac.be,Navigation système de fichier,IT,2021-05-14,16:31:19,00:00:03
stefano.crapanzano@chu.ulg.ac.be,Programmation,IT,2021-05-14,08:59:08,00:00:13
stefano.crapanzano@chu.ulg.ac.be,Programmation,IT,2021-05-14,14:17:46,00:00:20
stefano.crapanzano@chu.ulg.ac.be,Programmation,IT,2021-05-14,14:19:00,00:00:27
stefano.crapanzano@chu.ulg.ac.be,Programmation,IT,2021-05-14,14:19:33,00:00:04
stefano.crapanzano@chu.ulg.ac.be,Programmation,IT,2021-05-14,14:19:49,00:00:18
stefano.crapanzano@chu.ulg.ac.be,Programmation,IT,2021-05-14,14:20:10,00:00:05
stefano.crapanzano@chu.ulg.ac.be,Programmation,IT,2021-05-14,14:20:17,00:00:15
stefano.crapanzano@chu.ulg.ac.be,Programmation,IT,2021-05-14,14:20:36,00:00:24
stefano.crapanzano@chu.ulg.ac.be,Programmation,IT,2021-05-14,14:21:06,00:00:16
stefano.crapanzano@chu.ulg.ac.be,Programmation,IT,2021-05-14,14:21:29,00:00:14
stefano.crapanzano@chu.ulg.ac.be,Programmation,IT,2021-05-14,14:21:52,00:00:06
stefano.crapanzano@chu.ulg.ac.be,Programmation,IT,2021-05-14,14:22:04,00:00:08
stefano.crapanzano@chu.ulg.ac.be,Programmation,IT,2021-05-14,14:22:19,00:00:18
stefano.crapanzano@chu.ulg.ac.be,Programmation,IT,2021-05-14,14:22:45,00:00:06
stefano.crapanzano@chu.ulg.ac.be,Programmation,IT,2021-05-14,14:22:57,00:00:19
stefano.crapanzano@chu.ulg.ac.be,Programmation,IT,2021-05-14,14:23:21,00:00:16
stefano.crapanzano@chu.ulg.ac.be,Programmation,IT,2021-05-14,14:23:47,00:00:06
stefano.crapanzano@chu.ulg.ac.be,Programmation,IT,2021-05-14,14:24:02,00:00:09
stefano.crapanzano@chu.ulg.ac.be,Programmation,IT,2021-05-14,14:25:14,00:00:15
stefano.crapanzano@chu.ulg.ac.be,Programmation,IT,2021-05-14,14:25:33,00:00:17
stefano.crapanzano@chu.ulg.ac.be,Programmation,IT,2021-05-14,14:25:54,00:00:04
stefano.crapanzano@chu.ulg.ac.be,Programmation,IT,2021-05-14,14:26:05,00:00:06
stefano.crapanzano@chu.ulg.ac.be,Programmation,IT,2021-05-14,14:26:14,00:00:15
stefano.crapanzano@chu.ulg.ac.be,Programmation,IT,2021-05-14,14:27:08,00:00:19
stefano.crapanzano@chu.ulg.ac.be,Programmation,IT,2021-05-14,14:27:35,00:00:16
stefano.crapanzano@chu.ulg.ac.be,Programmation,IT,2021-05-14,14:28:11,00:00:10
stefano.crapanzano@chu.ulg.ac.be,Programmation,IT,2021-05-14,14:28:27,00:00:08
stefano.crapanzano@chu.ulg.ac.be,Programmation,IT,2021-05-14,14:28:39,00:00:14
stefano.crapanzano@chu.ulg.ac.be,Programmation,IT,2021-05-14,14:28:56,00:00:07
stefano.crapanzano@chu.ulg.ac.be,Programmation,IT,2021-05-14,14:29:31,00:00:09
stefano.crapanzano@chu.ulg.ac.be,Programmation,IT,2021-05-14,14:29:49,00:00:17
stefano.crapanzano@chu.ulg.ac.be,Programmation,IT,2021-05-14,14:30:12,00:00:06
stefano.crapanzano@chu.ulg.ac.be,Programmation,IT,2021-05-14,14:30:24,00:00:13
stefano.crapanzano@chu.ulg.ac.be,Programmation,IT,2021-05-14,14:30:56,00:00:03
stefano.crapanzano@chu.ulg.ac.be,Programmation,IT,2021-05-14,14:31:12,00:00:07
stefano.crapanzano@chu.ulg.ac.be,Programmation,IT,2021-05-14,14:32:31,00:00:32
stefano.crapanzano@chu.ulg.ac.be,Programmation,IT,2021-05-14,14:33:09,00:00:28
stefano.crapanzano@chu.ulg.ac.be,Programmation,IT,2021-05-14,14:33:41,00:00:03
stefano.crapanzano@chu.ulg.ac.be,Programmation,IT,2021-05-14,14:34:24,00:00:03
stefano.crapanzano@chu.ulg.ac.be,Programmation,IT,2021-05-14,14:34:32,00:00:03
stefano.crapanzano@chu.ulg.ac.be,Programmation,IT,2021-05-14,14:34:46,00:00:08
stefano.crapanzano@chu.ulg.ac.be,Programmation,IT,2021-05-14,14:38:45,00:00:04
stefano.crapanzano@chu.ulg.ac.be,Programmation,IT,2021-05-14,14:38:54,00:00:18
stefano.crapanzano@chu.ulg.ac.be,Programmation,IT,2021-05-14,14:39:15,00:00:04
stefano.crapanzano@chu.ulg.ac.be,Programmation,IT,2021-05-14,14:39:21,00:00:02
stefano.crapanzano@chu.ulg.ac.be,Programmation,IT,2021-05-14,14:39:29,00:00:05
stefano.crapanzano@chu.ulg.ac.be,Programmation,IT,2021-05-14,14:41:55,00:00:16
stefano.crapanzano@chu.ulg.ac.be,Programmation,IT,2021-05-14,14:42:17,00:00:15
stefano.crapanzano@chu.ulg.ac.be,Programmation,IT,2021-05-14,14:42:48,00:00:06
stefano.crapanzano@chu.ulg.ac.be,Programmation,IT,2021-05-14,14:43:05,00:00:05
stefano.crapanzano@chu.ulg.ac.be,Programmation,IT,2021-05-14,14:43:16,00:00:07
stefano.crapanzano@chu.ulg.ac.be,Programmation,IT,2021-05-14,14:43:27,00:00:22
stefano.crapanzano@chu.ulg.ac.be,Programmation,IT,2021-05-14,14:43:54,00:00:06
stefano.crapanzano@chu.ulg.ac.be,Programmation,IT,2021-05-14,14:44:07,00:00:04
stefano.crapanzano@chu.ulg.ac.be,Programmation,IT,2021-05-14,14:44:22,00:00:02
stefano.crapanzano@chu.ulg.ac.be,Programmation,IT,2021-05-14,14:44:44,00:00:05
stefano.crapanzano@chu.ulg.ac.be,Programmation,IT,2021-05-14,14:45:00,00:00:21
stefano.crapanzano@chu.ulg.ac.be,Programmation,IT,2021-05-14,14:45:24,00:00:02
stefano.crapanzano@chu.ulg.ac.be,Programmation,IT,2021-05-14,14:45:30,00:00:16
stefano.crapanzano@chu.ulg.ac.be,Programmation,IT,2021-05-14,14:45:50,00:00:21
stefano.crapanzano@chu.ulg.ac.be,Programmation,IT,2021-05-14,14:46:20,00:00:13
stefano.crapanzano@chu.ulg.ac.be,Programmation,IT,2021-05-14,14:46:36,00:00:39
stefano.crapanzano@chu.ulg.ac.be,Programmation,IT,2021-05-14,14:47:21,00:00:58
stefano.crapanzano@chu.ulg.ac.be,Programmation,IT,2021-05-14,14:48:23,00:00:04
stefano.crapanzano@chu.ulg.ac.be,Programmation,IT,2021-05-14,14:48:58,00:00:05
stefano.crapanzano@chu.ulg.ac.be,Programmation,IT,2021-05-14,14:49:10,00:00:05
stefano.crapanzano@chu.ulg.ac.be,Programmation,IT,2021-05-14,14:49:25,00:00:04
stefano.crapanzano@chu.ulg.ac.be,Programmation,IT,2021-05-14,14:52:05,00:00:04
stefano.crapanzano@chu.ulg.ac.be,Programmation,IT,2021-05-14,14:52:11,00:00:05
stefano.crapanzano@chu.ulg.ac.be,Programmation,IT,2021-05-14,14:52:21,00:00:04
stefano.crapanzano@chu.ulg.ac.be,Programmation,IT,2021-05-14,14:52:29,00:00:06
stefano.crapanzano@chu.ulg.ac.be,Programmation,IT,2021-05-14,14:53:28,00:00:06
stefano.crapanzano@chu.ulg.ac.be,Programmation,IT,2021-05-14,14:53:39,00:00:03
stefano.crapanzano@chu.ulg.ac.be,Programmation,IT,2021-05-14,14:55:30,00:00:04
stefano.crapanzano@chu.ulg.ac.be,Programmation,IT,2021-05-14,14:55:39,00:00:04
stefano.crapanzano@chu.ulg.ac.be,Programmation,IT,2021-05-14,14:55:45,00:00:09
stefano.crapanzano@chu.ulg.ac.be,Programmation,IT,2021-05-14,14:56:24,00:00:08
stefano.crapanzano@chu.ulg.ac.be,Programmation,IT,2021-05-14,14:56:36,00:00:21
stefano.crapanzano@chu.ulg.ac.be,Programmation,IT,2021-05-14,14:57:04,00:00:05
stefano.crapanzano@chu.ulg.ac.be,Programmation,IT,2021-05-14,14:57:47,00:00:06
stefano.crapanzano@chu.ulg.ac.be,Programmation,IT,2021-05-14,14:58:05,00:00:06
stefano.crapanzano@chu.ulg.ac.be,Programmation,IT,2021-05-14,14:58:23,00:00:04
stefano.crapanzano@chu.ulg.ac.be,Programmation,IT,2021-05-14,14:58:34,00:00:27
stefano.crapanzano@chu.ulg.ac.be,Programmation,IT,2021-05-14,14:59:07,00:00:08
stefano.crapanzano@chu.ulg.ac.be,Programmation,IT,2021-05-14,14:59:45,00:00:35
stefano.crapanzano@chu.ulg.ac.be,Programmation,IT,2021-05-14,15:00:25,00:00:13
stefano.crapanzano@chu.ulg.ac.be,Programmation,IT,2021-05-14,15:00:41,00:00:08
stefano.crapanzano@chu.ulg.ac.be,Programmation,IT,2021-05-14,15:00:54,00:00:17
stefano.crapanzano@chu.ulg.ac.be,Programmation,IT,2021-05-14,15:01:18,00:00:24
stefano.crapanzano@chu.ulg.ac.be,Programmation,IT,2021-05-14,15:02:05,00:00:13
stefano.crapanzano@chu.ulg.ac.be,Programmation,IT,2021-05-14,15:02:46,00:00:06
stefano.crapanzano@chu.ulg.ac.be,Programmation,IT,2021-05-14,15:02:58,00:00:08
stefano.crapanzano@chu.ulg.ac.be,Programmation,IT,2021-05-14,15:04:02,00:00:45
stefano.crapanzano@chu.ulg.ac.be,Programmation,IT,2021-05-14,15:04:56,00:00:07
stefano.crapanzano@chu.ulg.ac.be,Programmation,IT,2021-05-14,15:05:42,00:00:09
stefano.crapanzano@chu.ulg.ac.be,Programmation,IT,2021-05-14,15:06:18,00:00:03
stefano.crapanzano@chu.ulg.ac.be,Programmation,IT,2021-05-14,15:07:59,00:00:17
stefano.crapanzano@chu.ulg.ac.be,Programmation,IT,2021-05-14,15:09:00,00:00:15
stefano.crapanzano@chu.ulg.ac.be,Programmation,IT,2021-05-14,15:09:52,00:00:12
stefano.crapanzano@chu.ulg.ac.be,Programmation,IT,2021-05-14,15:10:46,00:00:23
stefano.crapanzano@chu.ulg.ac.be,Programmation,IT,2021-05-14,15:11:54,00:00:32
stefano.crapanzano@chu.ulg.ac.be,Programmation,IT,2021-05-14,15:13:49,00:00:19
stefano.crapanzano@chu.ulg.ac.be,Programmation,IT,2021-05-14,15:15:42,00:00:04
stefano.crapanzano@chu.ulg.ac.be,Programmation,IT,2021-05-14,15:16:29,00:00:34
stefano.crapanzano@chu.ulg.ac.be,Programmation,IT,2021-05-14,15:23:13,00:00:14
stefano.crapanzano@chu.ulg.ac.be,Programmation,IT,2021-05-14,15:25:12,00:00:38
stefano.crapanzano@chu.ulg.ac.be,Programmation,IT,2021-05-14,15:25:56,00:00:05
stefano.crapanzano@chu.ulg.ac.be,Programmation,IT,2021-05-14,15:26:03,00:00:03
stefano.crapanzano@chu.ulg.ac.be,Programmation,IT,2021-05-14,15:26:11,00:00:03
stefano.crapanzano@chu.ulg.ac.be,Programmation,IT,2021-05-14,15:26:18,00:00:04
stefano.crapanzano@chu.ulg.ac.be,Programmation,IT,2021-05-14,15:26:48,00:00:15
stefano.crapanzano@chu.ulg.ac.be,Programmation,IT,2021-05-14,15:27:18,00:00:03
stefano.crapanzano@chu.ulg.ac.be,Programmation,IT,2021-05-14,15:27:48,00:00:03
stefano.crapanzano@chu.ulg.ac.be,Programmation,IT,2021-05-14,15:28:53,00:00:25
stefano.crapanzano@chu.ulg.ac.be,Programmation,IT,2021-05-14,15:30:05,00:00:16
stefano.crapanzano@chu.ulg.ac.be,Programmation,IT,2021-05-14,15:30:46,00:00:04
stefano.crapanzano@chu.ulg.ac.be,Programmation,IT,2021-05-14,15:30:55,00:00:19
stefano.crapanzano@chu.ulg.ac.be,Programmation,IT,2021-05-14,15:32:17,00:01:20
stefano.crapanzano@chu.ulg.ac.be,Programmation,IT,2021-05-14,15:34:17,00:01:01
stefano.crapanzano@chu.ulg.ac.be,Programmation,IT,2021-05-14,15:35:33,00:00:45
stefano.crapanzano@chu.ulg.ac.be,Programmation,IT,2021-05-14,15:36:22,00:00:06
stefano.crapanzano@chu.ulg.ac.be,Programmation,IT,2021-05-14,15:36:31,00:00:37
stefano.crapanzano@chu.ulg.ac.be,Programmation,IT,2021-05-14,15:37:11,00:00:04
stefano.crapanzano@chu.ulg.ac.be,Programmation,IT,2021-05-14,15:37:17,00:00:28
stefano.crapanzano@chu.ulg.ac.be,Programmation,IT,2021-05-14,15:37:55,00:00:02
stefano.crapanzano@chu.ulg.ac.be,Programmation,IT,2021-05-14,15:38:08,00:00:07
stefano.crapanzano@chu.ulg.ac.be,Programmation,IT,2021-05-14,15:38:36,00:00:04
stefano.crapanzano@chu.ulg.ac.be,Programmation,IT,2021-05-14,15:38:42,00:00:03
stefano.crapanzano@chu.ulg.ac.be,Programmation,IT,2021-05-14,15:39:11,00:00:16
stefano.crapanzano@chu.ulg.ac.be,Programmation,IT,2021-05-14,15:39:33,00:00:25
stefano.crapanzano@chu.ulg.ac.be,Programmation,IT,2021-05-14,15:41:21,00:00:23
stefano.crapanzano@chu.ulg.ac.be,Programmation,IT,2021-05-14,15:42:19,00:00:13
stefano.crapanzano@chu.ulg.ac.be,Programmation,IT,2021-05-14,15:42:38,00:00:14
stefano.crapanzano@chu.ulg.ac.be,Programmation,IT,2021-05-14,15:42:57,00:00:28
stefano.crapanzano@chu.ulg.ac.be,Programmation,IT,2021-05-14,15:43:38,00:00:13
stefano.crapanzano@chu.ulg.ac.be,Programmation,IT,2021-05-14,15:43:59,00:01:03
stefano.crapanzano@chu.ulg.ac.be,Programmation,IT,2021-05-14,15:45:43,00:00:13
stefano.crapanzano@chu.ulg.ac.be,Programmation,IT,2021-05-14,15:46:12,00:00:08
stefano.crapanzano@chu.ulg.ac.be,Programmation,IT,2021-05-14,15:46:44,00:00:04
stefano.crapanzano@chu.ulg.ac.be,Programmation,IT,2021-05-14,15:47:20,00:00:33
stefano.crapanzano@chu.ulg.ac.be,Programmation,IT,2021-05-14,15:48:03,00:00:02
stefano.crapanzano@chu.ulg.ac.be,PE2_203 - sftp://PE2U2FTP@153.89.110.38 - FileZilla,Helpdesk général,2021-05-14,08:59:50,00:00:02
stefano.crapanzano@chu.ulg.ac.be,Bureau - Google Sheets - Google Chrome,Tâches diverses,2021-05-14,09:00:31,00:02:25
stefano.crapanzano@chu.ulg.ac.be,Bureau - Google Sheets - Google Chrome,Tâches diverses,2021-05-14,10:46:19,00:00:15
stefano.crapanzano@chu.ulg.ac.be,Bureau - Google Sheets - Google Chrome,Tâches diverses,2021-05-14,10:46:43,00:00:02
stefano.crapanzano@chu.ulg.ac.be,Bureau - Google Sheets - Google Chrome,Tâches diverses,2021-05-14,13:59:54,00:00:02
stefano.crapanzano@chu.ulg.ac.be,Intrastat - Google Chrome,Tâches diverses,2021-05-14,10:16:14,00:00:02
stefano.crapanzano@chu.ulg.ac.be,Intrastat - Google Chrome,Tâches diverses,2021-05-14,10:16:20,00:00:14
stefano.crapanzano@chu.ulg.ac.be,Intrastat - Google Chrome,Tâches diverses,2021-05-14,15:55:12,00:00:03
stefano.crapanzano@chu.ulg.ac.be,P203 CHU Factures apo non comptabilisée lors du retour apo via la transaction zapo - Bienvenue! Vous pouvez poser une demande de Service Desk ERP for HealthCare parmi les options fournies. - Service d'assistance - Google Chrome,Tâches diverses,2021-05-14,09:02:56,00:00:12
stefano.crapanzano@chu.ulg.ac.be,Sélectionnez l’objet utilisateur à changer | Site d’administration de Django - Google Chrome,Tâches diverses,2021-05-14,09:04:28,00:00:03
stefano.crapanzano@chu.ulg.ac.be,Sélectionnez l’objet utilisateur à changer | Site d’administration de Django - Google Chrome,Tâches diverses,2021-05-14,10:09:04,00:00:03
stefano.crapanzano@chu.ulg.ac.be,Sélectionnez l’objet utilisateur à changer | Site d’administration de Django - Google Chrome,Tâches diverses,2021-05-14,10:09:14,00:00:02
stefano.crapanzano@chu.ulg.ac.be,Sélectionnez l’objet utilisateur à changer | Site d’administration de Django - Google Chrome,Tâches diverses,2021-05-14,10:09:17,00:00:02
stefano.crapanzano@chu.ulg.ac.be,Sélectionnez l’objet utilisateur à changer | Site d’administration de Django - Google Chrome,Tâches diverses,2021-05-14,10:09:33,00:00:03
stefano.crapanzano@chu.ulg.ac.be,Sélectionnez l’objet utilisateur à changer | Site d’administration de Django - Google Chrome,Tâches diverses,2021-05-14,10:09:40,00:00:02
stefano.crapanzano@chu.ulg.ac.be,Sélectionnez l’objet utilisateur à changer | Site d’administration de Django - Google Chrome,Tâches diverses,2021-05-14,10:18:13,00:00:02
stefano.crapanzano@chu.ulg.ac.be,Sélectionnez l’objet utilisateur à changer | Site d’administration de Django - Google Chrome,Tâches diverses,2021-05-14,10:18:23,00:00:04
stefano.crapanzano@chu.ulg.ac.be,Sélectionnez l’objet utilisateur à changer | Site d’administration de Django - Google Chrome,Tâches diverses,2021-05-14,10:18:30,00:00:06
stefano.crapanzano@chu.ulg.ac.be,Sélectionnez l’objet utilisateur à changer | Site d’administration de Django - Google Chrome,Tâches diverses,2021-05-14,10:18:37,00:00:03
stefano.crapanzano@chu.ulg.ac.be,Sélectionnez l’objet utilisateur à changer | Site d’administration de Django - Google Chrome,Tâches diverses,2021-05-14,10:18:49,00:00:04
stefano.crapanzano@chu.ulg.ac.be,Sélectionnez l’objet utilisateur à changer | Site d’administration de Django - Google Chrome,Tâches diverses,2021-05-14,10:45:09,00:00:03
stefano.crapanzano@chu.ulg.ac.be,Sélectionnez l’objet utilisateur à changer | Site d’administration de Django - Google Chrome,Tâches diverses,2021-05-14,10:45:16,00:00:03
stefano.crapanzano@chu.ulg.ac.be,Sélectionnez l’objet utilisateur à changer | Site d’administration de Django - Google Chrome,Tâches diverses,2021-05-14,10:45:22,00:00:04
stefano.crapanzano@chu.ulg.ac.be,Sélectionnez l’objet utilisateur à changer | Site d’administration de Django - Google Chrome,Tâches diverses,2021-05-14,10:45:30,00:00:06
stefano.crapanzano@chu.ulg.ac.be,Sélectionnez l’objet utilisateur à changer | Site d’administration de Django - Google Chrome,Tâches diverses,2021-05-14,10:45:39,00:00:30
stefano.crapanzano@chu.ulg.ac.be,Sélectionnez l’objet utilisateur à changer | Site d’administration de Django - Google Chrome,Tâches diverses,2021-05-14,10:46:12,00:00:07
stefano.crapanzano@chu.ulg.ac.be,Sélectionnez l’objet utilisateur à changer | Site d’administration de Django - Google Chrome,Tâches diverses,2021-05-14,13:59:24,00:00:03
stefano.crapanzano@chu.ulg.ac.be,Sélectionnez l’objet utilisateur à changer | Site d’administration de Django - Google Chrome,Tâches diverses,2021-05-14,13:59:39,00:00:02
stefano.crapanzano@chu.ulg.ac.be,Sélectionnez l’objet utilisateur à changer | Site d’administration de Django - Google Chrome,Tâches diverses,2021-05-14,13:59:45,00:00:02
stefano.crapanzano@chu.ulg.ac.be,Sélectionnez l’objet utilisateur à changer | Site d’administration de Django - Google Chrome,Tâches diverses,2021-05-14,13:59:50,00:00:03
stefano.crapanzano@chu.ulg.ac.be,Sélectionnez l’objet utilisateur à changer | Site d’administration de Django - Google Chrome,Tâches diverses,2021-05-14,13:59:57,00:00:09
stefano.crapanzano@chu.ulg.ac.be,Sélectionnez l’objet utilisateur à changer | Site d’administration de Django - Google Chrome,Tâches diverses,2021-05-14,15:49:07,00:00:02
stefano.crapanzano@chu.ulg.ac.be,Sélectionnez l’objet utilisateur à changer | Site d’administration de Django - Google Chrome,Tâches diverses,2021-05-14,15:49:17,00:00:02
stefano.crapanzano@chu.ulg.ac.be,Sélectionnez l’objet utilisateur à changer | Site d’administration de Django - Google Chrome,Tâches diverses,2021-05-14,15:49:25,00:00:02
stefano.crapanzano@chu.ulg.ac.be,Sélectionnez l’objet utilisateur à changer | Site d’administration de Django - Google Chrome,Tâches diverses,2021-05-14,15:53:46,00:00:02
stefano.crapanzano@chu.ulg.ac.be,Sélectionnez l’objet utilisateur à changer | Site d’administration de Django - Google Chrome,Tâches diverses,2021-05-14,15:55:23,00:00:02
stefano.crapanzano@chu.ulg.ac.be,Sélectionnez l’objet utilisateur à changer | Site d’administration de Django - Google Chrome,Tâches diverses,2021-05-14,16:30:46,00:00:03
stefano.crapanzano@chu.ulg.ac.be,Sélectionnez l’objet utilisateur à changer | Site d’administration de Django - Google Chrome,Tâches diverses,2021-05-14,16:30:51,00:00:02
stefano.crapanzano@chu.ulg.ac.be,Log in - Service Desk - Google Chrome,Tâches diverses,2021-05-14,09:03:08,00:00:09
stefano.crapanzano@chu.ulg.ac.be,Demandes - Service d'assistance - Google Chrome,Tâches diverses,2021-05-14,09:03:17,00:00:04
stefano.crapanzano@chu.ulg.ac.be,Demandes - Service d'assistance - Google Chrome,Tâches diverses,2021-05-14,09:03:26,00:00:04
stefano.crapanzano@chu.ulg.ac.be,Demandes - Service d'assistance - Google Chrome,Tâches diverses,2021-05-14,09:03:58,00:00:15
stefano.crapanzano@chu.ulg.ac.be,Demandes - Service d'assistance - Google Chrome,Tâches diverses,2021-05-14,09:04:16,00:00:09
stefano.crapanzano@chu.ulg.ac.be,Demandes - Service d'assistance - Google Chrome,Tâches diverses,2021-05-14,13:59:12,00:00:12
stefano.crapanzano@chu.ulg.ac.be,P203 CHU Nouveau prorata de tva à configurer sur deux centres de coûts - Bienvenue! Vous pouvez poser une demande de Service Desk ERP for HealthCare parmi les options fournies. - Service d'assistance - Google Chrome,Tâches diverses,2021-05-14,09:03:22,00:00:03
stefano.crapanzano@chu.ulg.ac.be,P203 CHU Demande de configuration de 3 terminaux bancontact - Bienvenue! Vous pouvez poser une demande de Service Desk ERP for HealthCare parmi les options fournies. - Service d'assistance - Google Chrome,Tâches diverses,2021-05-14,09:03:31,00:00:27
stefano.crapanzano@chu.ulg.ac.be,P203 CHU Rapprochement F-03 pour mut V0300000 - Bienvenue! Vous pouvez poser une demande de Service Desk ERP for HealthCare parmi les options fournies. - Service d'assistance - Google Chrome,Tâches diverses,2021-05-14,09:04:14,00:00:02
stefano.crapanzano@chu.ulg.ac.be,Lecture documentation,Tâches diverses,2021-05-14,09:04:32,00:56:17
stefano.crapanzano@chu.ulg.ac.be,Lecture documentation,Tâches diverses,2021-05-14,10:01:08,00:00:03
stefano.crapanzano@chu.ulg.ac.be,Lecture documentation,Tâches diverses,2021-05-14,10:01:25,00:00:02
stefano.crapanzano@chu.ulg.ac.be,Lecture documentation,Tâches diverses,2021-05-14,10:04:10,00:00:05
stefano.crapanzano@chu.ulg.ac.be,Lecture documentation,Tâches diverses,2021-05-14,10:05:12,00:00:21
stefano.crapanzano@chu.ulg.ac.be,Lecture documentation,Tâches diverses,2021-05-14,10:05:37,00:00:02
stefano.crapanzano@chu.ulg.ac.be,Lecture documentation,Tâches diverses,2021-05-14,10:05:40,00:00:03
stefano.crapanzano@chu.ulg.ac.be,Lecture documentation,Tâches diverses,2021-05-14,10:05:45,00:00:45
stefano.crapanzano@chu.ulg.ac.be,Lecture documentation,Tâches diverses,2021-05-14,10:07:43,00:01:08
stefano.crapanzano@chu.ulg.ac.be,Lecture documentation,Tâches diverses,2021-05-14,10:15:03,00:00:50
stefano.crapanzano@chu.ulg.ac.be,Lecture documentation,Tâches diverses,2021-05-14,10:17:12,00:01:00
stefano.crapanzano@chu.ulg.ac.be,Lecture documentation,Tâches diverses,2021-05-14,10:19:27,00:05:40
stefano.crapanzano@chu.ulg.ac.be,Lecture documentation,Tâches diverses,2021-05-14,10:46:53,00:09:56
stefano.crapanzano@chu.ulg.ac.be,Lecture documentation,Tâches diverses,2021-05-14,10:57:53,00:03:50
stefano.crapanzano@chu.ulg.ac.be,Lecture documentation,Tâches diverses,2021-05-14,11:02:04,00:03:00
stefano.crapanzano@chu.ulg.ac.be,Lecture documentation,Tâches diverses,2021-05-14,11:06:27,00:00:02
stefano.crapanzano@chu.ulg.ac.be,Lecture documentation,Tâches diverses,2021-05-14,11:07:18,00:00:05
stefano.crapanzano@chu.ulg.ac.be,Lecture documentation,Tâches diverses,2021-05-14,11:07:30,00:00:04
stefano.crapanzano@chu.ulg.ac.be,Lecture documentation,Tâches diverses,2021-05-14,11:07:39,00:00:02
stefano.crapanzano@chu.ulg.ac.be,Lecture documentation,Tâches diverses,2021-05-14,11:10:25,00:00:48
stefano.crapanzano@chu.ulg.ac.be,Lecture documentation,Tâches diverses,2021-05-14,11:12:13,00:03:54
stefano.crapanzano@chu.ulg.ac.be,Lecture documentation,Tâches diverses,2021-05-14,11:16:19,00:21:16
stefano.crapanzano@chu.ulg.ac.be,Lecture documentation,Tâches diverses,2021-05-14,11:38:13,00:01:13
stefano.crapanzano@chu.ulg.ac.be,Lecture documentation,Tâches diverses,2021-05-14,11:39:41,00:13:42
stefano.crapanzano@chu.ulg.ac.be,Lecture documentation,Tâches diverses,2021-05-14,11:53:27,00:00:02
stefano.crapanzano@chu.ulg.ac.be,Lecture documentation,Tâches diverses,2021-05-14,11:53:31,00:00:04
stefano.crapanzano@chu.ulg.ac.be,Lecture documentation,Tâches diverses,2021-05-14,11:53:41,00:00:34
stefano.crapanzano@chu.ulg.ac.be,Lecture documentation,Tâches diverses,2021-05-14,11:54:20,00:00:06
stefano.crapanzano@chu.ulg.ac.be,Lecture documentation,Tâches diverses,2021-05-14,11:54:30,00:00:12
stefano.crapanzano@chu.ulg.ac.be,Lecture documentation,Tâches diverses,2021-05-14,11:54:43,00:00:15
stefano.crapanzano@chu.ulg.ac.be,Lecture documentation,Tâches diverses,2021-05-14,11:55:00,00:00:03
stefano.crapanzano@chu.ulg.ac.be,Lecture documentation,Tâches diverses,2021-05-14,11:55:06,00:00:03
stefano.crapanzano@chu.ulg.ac.be,Lecture documentation,Tâches diverses,2021-05-14,11:55:14,00:00:22
stefano.crapanzano@chu.ulg.ac.be,Lecture documentation,Tâches diverses,2021-05-14,11:55:39,00:00:05
stefano.crapanzano@chu.ulg.ac.be,Lecture documentation,Tâches diverses,2021-05-14,11:55:49,00:00:02
stefano.crapanzano@chu.ulg.ac.be,Lecture documentation,Tâches diverses,2021-05-14,11:55:54,00:00:02
stefano.crapanzano@chu.ulg.ac.be,Lecture documentation,Tâches diverses,2021-05-14,11:56:00,00:00:02
stefano.crapanzano@chu.ulg.ac.be,Lecture documentation,Tâches diverses,2021-05-14,11:56:04,00:00:13
stefano.crapanzano@chu.ulg.ac.be,Lecture documentation,Tâches diverses,2021-05-14,11:56:20,00:00:05
stefano.crapanzano@chu.ulg.ac.be,Lecture documentation,Tâches diverses,2021-05-14,11:56:26,00:00:23
stefano.crapanzano@chu.ulg.ac.be,Lecture documentation,Tâches diverses,2021-05-14,11:56:53,00:04:17
stefano.crapanzano@chu.ulg.ac.be,Lecture documentation,Tâches diverses,2021-05-14,12:01:16,00:04:17
stefano.crapanzano@chu.ulg.ac.be,Lecture documentation,Tâches diverses,2021-05-14,12:05:36,00:00:26
stefano.crapanzano@chu.ulg.ac.be,Lecture documentation,Tâches diverses,2021-05-14,12:06:06,00:00:14
stefano.crapanzano@chu.ulg.ac.be,Lecture documentation,Tâches diverses,2021-05-14,12:06:37,00:00:05
stefano.crapanzano@chu.ulg.ac.be,Lecture documentation,Tâches diverses,2021-05-14,12:06:53,00:00:47
stefano.crapanzano@chu.ulg.ac.be,Lecture documentation,Tâches diverses,2021-05-14,12:07:44,00:00:14
stefano.crapanzano@chu.ulg.ac.be,Lecture documentation,Tâches diverses,2021-05-14,12:08:07,00:00:03
stefano.crapanzano@chu.ulg.ac.be,Lecture documentation,Tâches diverses,2021-05-14,12:08:15,00:00:05
stefano.crapanzano@chu.ulg.ac.be,Lecture documentation,Tâches diverses,2021-05-14,12:08:27,00:00:07
stefano.crapanzano@chu.ulg.ac.be,Lecture documentation,Tâches diverses,2021-05-14,12:08:39,00:50:06
stefano.crapanzano@chu.ulg.ac.be,Lecture documentation,Tâches diverses,2021-05-14,12:58:53,00:02:56
stefano.crapanzano@chu.ulg.ac.be,Lecture documentation,Tâches diverses,2021-05-14,13:01:50,00:36:26
stefano.crapanzano@chu.ulg.ac.be,Lecture documentation,Tâches diverses,2021-05-14,13:38:31,00:08:50
stefano.crapanzano@chu.ulg.ac.be,Lecture documentation,Tâches diverses,2021-05-14,13:47:27,00:11:17
stefano.crapanzano@chu.ulg.ac.be,Lecture documentation,Tâches diverses,2021-05-14,14:00:06,00:06:55
stefano.crapanzano@chu.ulg.ac.be,Lecture documentation,Tâches diverses,2021-05-14,14:07:20,00:02:14
stefano.crapanzano@chu.ulg.ac.be,Lecture documentation,Tâches diverses,2021-05-14,14:10:14,00:04:59
stefano.crapanzano@chu.ulg.ac.be,Lecture documentation,Tâches diverses,2021-05-14,14:15:24,00:02:21
stefano.crapanzano@chu.ulg.ac.be,Lecture documentation,Tâches diverses,2021-05-14,14:18:07,00:00:52
stefano.crapanzano@chu.ulg.ac.be,Lecture documentation,Tâches diverses,2021-05-14,14:19:28,00:00:05
stefano.crapanzano@chu.ulg.ac.be,Lecture documentation,Tâches diverses,2021-05-14,14:21:43,00:00:08
stefano.crapanzano@chu.ulg.ac.be,Lecture documentation,Tâches diverses,2021-05-14,14:24:12,00:01:01
stefano.crapanzano@chu.ulg.ac.be,Lecture documentation,Tâches diverses,2021-05-14,14:26:30,00:00:38
stefano.crapanzano@chu.ulg.ac.be,Lecture documentation,Tâches diverses,2021-05-14,14:29:03,00:00:27
stefano.crapanzano@chu.ulg.ac.be,Lecture documentation,Tâches diverses,2021-05-14,14:34:00,00:00:23
stefano.crapanzano@chu.ulg.ac.be,Lecture documentation,Tâches diverses,2021-05-14,14:34:28,00:00:04
stefano.crapanzano@chu.ulg.ac.be,Lecture documentation,Tâches diverses,2021-05-14,14:35:04,00:03:40
stefano.crapanzano@chu.ulg.ac.be,Lecture documentation,Tâches diverses,2021-05-14,14:39:13,00:00:02
stefano.crapanzano@chu.ulg.ac.be,Lecture documentation,Tâches diverses,2021-05-14,14:40:14,00:01:41
stefano.crapanzano@chu.ulg.ac.be,Lecture documentation,Tâches diverses,2021-05-14,14:49:40,00:02:24
stefano.crapanzano@chu.ulg.ac.be,Lecture documentation,Tâches diverses,2021-05-14,14:52:16,00:00:04
stefano.crapanzano@chu.ulg.ac.be,Lecture documentation,Tâches diverses,2021-05-14,14:52:45,00:00:42
stefano.crapanzano@chu.ulg.ac.be,Lecture documentation,Tâches diverses,2021-05-14,14:54:31,00:00:06
stefano.crapanzano@chu.ulg.ac.be,Lecture documentation,Tâches diverses,2021-05-14,14:54:39,00:00:50
stefano.crapanzano@chu.ulg.ac.be,Lecture documentation,Tâches diverses,2021-05-14,14:55:59,00:00:25
stefano.crapanzano@chu.ulg.ac.be,Lecture documentation,Tâches diverses,2021-05-14,14:57:17,00:00:27
stefano.crapanzano@chu.ulg.ac.be,Lecture documentation,Tâches diverses,2021-05-14,15:05:16,00:00:25
stefano.crapanzano@chu.ulg.ac.be,Lecture documentation,Tâches diverses,2021-05-14,15:55:25,00:02:03
stefano.crapanzano@chu.ulg.ac.be,Lecture documentation,Tâches diverses,2021-05-14,15:58:36,00:11:28
stefano.crapanzano@chu.ulg.ac.be,Lecture documentation,Tâches diverses,2021-05-14,16:11:25,00:00:13
stefano.crapanzano@chu.ulg.ac.be,Lecture documentation,Tâches diverses,2021-05-14,16:11:47,00:00:38
stefano.crapanzano@chu.ulg.ac.be,Lecture documentation,Tâches diverses,2021-05-14,16:15:31,00:04:25
stefano.crapanzano@chu.ulg.ac.be,Lecture documentation,Tâches diverses,2021-05-14,16:20:18,00:00:29
stefano.crapanzano@chu.ulg.ac.be,Lecture documentation,Tâches diverses,2021-05-14,16:23:25,00:02:06
stefano.crapanzano@chu.ulg.ac.be,Lecture documentation,Tâches diverses,2021-05-14,16:26:28,00:00:27
stefano.crapanzano@chu.ulg.ac.be,Lecture documentation,Tâches diverses,2021-05-14,16:27:50,00:02:23
stefano.crapanzano@chu.ulg.ac.be,Lecture documentation,Tâches diverses,2021-05-14,16:30:23,00:00:02
stefano.crapanzano@chu.ulg.ac.be,Lecture documentation,Tâches diverses,2021-05-14,16:31:23,00:16:27
stefano.crapanzano@chu.ulg.ac.be,Lecture documentation,Tâches diverses,2021-05-14,16:48:42,00:06:01
stefano.crapanzano@chu.ulg.ac.be,Lecture documentation,Tâches diverses,2021-05-14,16:55:43,00:01:56
stefano.crapanzano@chu.ulg.ac.be,C:\Users\c158492\ProjetBoulot\PYTHON\LABOS\goal_project\goal\debug.log - Notepad++ [Administrator],IT,2021-05-14,10:05:33,00:00:03
stefano.crapanzano@chu.ulg.ac.be,C:\Users\c158492\ProjetBoulot\PYTHON\LABOS\goal_project\goal\debug.log - Notepad++ [Administrator],IT,2021-05-14,11:01:53,00:00:02
stefano.crapanzano@chu.ulg.ac.be,Identification - Google Chrome,Tâches diverses,2021-05-14,10:06:47,00:00:06
stefano.crapanzano@chu.ulg.ac.be,POST data - Google Chrome,Tâches diverses,2021-05-14,10:16:16,00:00:03
stefano.crapanzano@chu.ulg.ac.be,Modification de utilisateur | Site d’administration de Django - Google Chrome,Tâches diverses,2021-05-14,10:09:07,00:00:02
stefano.crapanzano@chu.ulg.ac.be,Modification de utilisateur | Site d’administration de Django - Google Chrome,Tâches diverses,2021-05-14,10:09:11,00:00:02
stefano.crapanzano@chu.ulg.ac.be,Modification de utilisateur | Site d’administration de Django - Google Chrome,Tâches diverses,2021-05-14,10:09:20,00:00:13
stefano.crapanzano@chu.ulg.ac.be,Modification de utilisateur | Site d’administration de Django - Google Chrome,Tâches diverses,2021-05-14,10:09:36,00:00:03
stefano.crapanzano@chu.ulg.ac.be,Modification de utilisateur | Site d’administration de Django - Google Chrome,Tâches diverses,2021-05-14,10:18:16,00:00:07
stefano.crapanzano@chu.ulg.ac.be,Modification de utilisateur | Site d’administration de Django - Google Chrome,Tâches diverses,2021-05-14,10:18:28,00:00:02
stefano.crapanzano@chu.ulg.ac.be,Modification de utilisateur | Site d’administration de Django - Google Chrome,Tâches diverses,2021-05-14,10:18:41,00:00:08
stefano.crapanzano@chu.ulg.ac.be,Modification de utilisateur | Site d’administration de Django - Google Chrome,Tâches diverses,2021-05-14,10:18:54,00:00:10
stefano.crapanzano@chu.ulg.ac.be,Modification de utilisateur | Site d’administration de Django - Google Chrome,Tâches diverses,2021-05-14,10:45:13,00:00:03
stefano.crapanzano@chu.ulg.ac.be,Modification de utilisateur | Site d’administration de Django - Google Chrome,Tâches diverses,2021-05-14,10:45:20,00:00:02
stefano.crapanzano@chu.ulg.ac.be,Modification de utilisateur | Site d’administration de Django - Google Chrome,Tâches diverses,2021-05-14,10:45:27,00:00:02
stefano.crapanzano@chu.ulg.ac.be,Modification de utilisateur | Site d’administration de Django - Google Chrome,Tâches diverses,2021-05-14,10:45:36,00:00:03
stefano.crapanzano@chu.ulg.ac.be,Modification de utilisateur | Site d’administration de Django - Google Chrome,Tâches diverses,2021-05-14,10:46:09,00:00:02
stefano.crapanzano@chu.ulg.ac.be,Modification de utilisateur | Site d’administration de Django - Google Chrome,Tâches diverses,2021-05-14,13:59:28,00:00:02
stefano.crapanzano@chu.ulg.ac.be,Modification de utilisateur | Site d’administration de Django - Google Chrome,Tâches diverses,2021-05-14,13:59:32,00:00:02
stefano.crapanzano@chu.ulg.ac.be,Modification de utilisateur | Site d’administration de Django - Google Chrome,Tâches diverses,2021-05-14,13:59:35,00:00:03
stefano.crapanzano@chu.ulg.ac.be,Modification de utilisateur | Site d’administration de Django - Google Chrome,Tâches diverses,2021-05-14,13:59:41,00:00:03
stefano.crapanzano@chu.ulg.ac.be,Modification de utilisateur | Site d’administration de Django - Google Chrome,Tâches diverses,2021-05-14,13:59:47,00:00:02
stefano.crapanzano@chu.ulg.ac.be,Modification de utilisateur | Site d’administration de Django - Google Chrome,Tâches diverses,2021-05-14,15:49:10,00:00:03
stefano.crapanzano@chu.ulg.ac.be,Modification de utilisateur | Site d’administration de Django - Google Chrome,Tâches diverses,2021-05-14,15:49:15,00:00:02
stefano.crapanzano@chu.ulg.ac.be,Modification de utilisateur | Site d’administration de Django - Google Chrome,Tâches diverses,2021-05-14,15:49:19,00:00:02
stefano.crapanzano@chu.ulg.ac.be,Modification de utilisateur | Site d’administration de Django - Google Chrome,Tâches diverses,2021-05-14,15:49:23,00:00:02
stefano.crapanzano@chu.ulg.ac.be,Modification de utilisateur | Site d’administration de Django - Google Chrome,Tâches diverses,2021-05-14,16:30:53,00:00:02
stefano.crapanzano@chu.ulg.ac.be,Modification de utilisateur | Site d’administration de Django - Google Chrome,Tâches diverses,2021-05-14,16:30:57,00:00:02
stefano.crapanzano@chu.ulg.ac.be,Netop Invité,Helpdesk général,2021-05-14,10:12:31,00:00:02
stefano.crapanzano@chu.ulg.ac.be,Netop Invité,Helpdesk général,2021-05-14,15:17:03,00:00:03
stefano.crapanzano@chu.ulg.ac.be,Netop Invité,Helpdesk général,2021-05-14,15:49:48,00:00:03
stefano.crapanzano@chu.ulg.ac.be,Connexion à l'aide de l'authentification Windows,Helpdesk général,2021-05-14,10:12:35,00:00:02
stefano.crapanzano@chu.ulg.ac.be,Connexion à l'aide de l'authentification Windows,Helpdesk général,2021-05-14,15:17:07,00:00:02
stefano.crapanzano@chu.ulg.ac.be,erpftp - Netop Remote Control,Helpdesk général,2021-05-14,10:12:39,00:01:27
stefano.crapanzano@chu.ulg.ac.be,erpftp - Netop Remote Control,Helpdesk général,2021-05-14,15:17:11,00:00:19
stefano.crapanzano@chu.ulg.ac.be,erpftp - Netop Remote Control,Helpdesk général,2021-05-14,15:29:19,00:00:12
stefano.crapanzano@chu.ulg.ac.be,erpftp - Netop Remote Control,Helpdesk général,2021-05-14,15:31:15,00:00:05
stefano.crapanzano@chu.ulg.ac.be,erpftp - Netop Remote Control,Helpdesk général,2021-05-14,15:47:53,00:00:08
stefano.crapanzano@chu.ulg.ac.be,erpftp - Netop Remote Control,Helpdesk général,2021-05-14,15:48:05,00:00:03
stefano.crapanzano@chu.ulg.ac.be,SAP Logon 750,Exploration SAP,2021-05-14,10:25:42,00:00:02
stefano.crapanzano@chu.ulg.ac.be,SAP Easy Access Menu de base Applications financières-économiques,Exploration SAP,2021-05-14,10:25:45,00:00:04
stefano.crapanzano@chu.ulg.ac.be,SAP Easy Access Menu de base Applications financières-économiques,Exploration SAP,2021-05-14,10:25:55,00:00:16
stefano.crapanzano@chu.ulg.ac.be,SAP Easy Access Menu de base Applications financières-économiques,Exploration SAP,2021-05-14,10:26:16,00:00:04
stefano.crapanzano@chu.ulg.ac.be,SAP Easy Access Menu de base Applications financières-économiques,Exploration SAP,2021-05-14,10:29:42,00:00:06
stefano.crapanzano@chu.ulg.ac.be,SAP Easy Access Menu de base Applications financières-économiques,Exploration SAP,2021-05-14,10:31:06,00:00:02
stefano.crapanzano@chu.ulg.ac.be,SAP Easy Access Menu de base Applications financières-économiques,Exploration SAP,2021-05-14,10:41:55,00:00:25
stefano.crapanzano@chu.ulg.ac.be,Recherche dans arborescence des menus,Exploration SAP,2021-05-14,10:25:49,00:00:06
stefano.crapanzano@chu.ulg.ac.be,Entrée de marchandises Commande d'achat - Stefano CRAPANZANO,Exploration SAP,2021-05-14,10:26:12,00:00:03
stefano.crapanzano@chu.ulg.ac.be,Entrée de marchandises Commande d'achat - Stefano CRAPANZANO,Exploration SAP,2021-05-14,10:28:05,00:00:13
stefano.crapanzano@chu.ulg.ac.be,Entrée de marchandises Commande d'achat - Stefano CRAPANZANO,Exploration SAP,2021-05-14,10:28:20,00:00:06
stefano.crapanzano@chu.ulg.ac.be,Entrée de marchandises Commande d'achat - Stefano CRAPANZANO,Exploration SAP,2021-05-14,10:29:31,00:00:07
stefano.crapanzano@chu.ulg.ac.be,Entrée de marchandises Commande d'achat - Stefano CRAPANZANO,Exploration SAP,2021-05-14,10:30:01,00:00:06
stefano.crapanzano@chu.ulg.ac.be,Entrée de marchandises Commande d'achat - Stefano CRAPANZANO,Exploration SAP,2021-05-14,10:31:08,00:00:12
stefano.crapanzano@chu.ulg.ac.be,Entrée de marchandises Commande d'achat - Stefano CRAPANZANO,Exploration SAP,2021-05-14,10:34:38,00:00:02
stefano.crapanzano@chu.ulg.ac.be,Entrée de marchandises Commande d'achat - Stefano CRAPANZANO,Exploration SAP,2021-05-14,10:34:59,00:00:02
stefano.crapanzano@chu.ulg.ac.be,Entrée de marchandises Commande d'achat - Stefano CRAPANZANO,Exploration SAP,2021-05-14,10:40:14,00:00:03
stefano.crapanzano@chu.ulg.ac.be,Commande interv. 40 4000208652 créée par WEBUSERCHU,Exploration SAP,2021-05-14,10:26:23,00:00:02
stefano.crapanzano@chu.ulg.ac.be,Sélectionner document,Exploration SAP,2021-05-14,10:26:25,00:00:02
stefano.crapanzano@chu.ulg.ac.be,Sélectionner document,Exploration SAP,2021-05-14,10:26:31,00:00:02
stefano.crapanzano@chu.ulg.ac.be,Sélectionner document,Exploration SAP,2021-05-14,10:31:57,00:00:02
stefano.crapanzano@chu.ulg.ac.be,Sélectionner document,Exploration SAP,2021-05-14,10:34:09,00:00:02
stefano.crapanzano@chu.ulg.ac.be,Sélectionner document,Exploration SAP,2021-05-14,10:34:49,00:00:02
stefano.crapanzano@chu.ulg.ac.be,Sélectionner document,Exploration SAP,2021-05-14,10:35:39,00:00:02
stefano.crapanzano@chu.ulg.ac.be,Commande interv. 40 4000202656 créée par Fanny GAVAGE,Exploration SAP,2021-05-14,10:26:34,00:00:22
stefano.crapanzano@chu.ulg.ac.be,Commande interv. 40 4000202656 créée par Fanny GAVAGE,Exploration SAP,2021-05-14,10:27:05,00:00:07
stefano.crapanzano@chu.ulg.ac.be,Commande interv. 40 4000202656 créée par Fanny GAVAGE,Exploration SAP,2021-05-14,10:27:48,00:00:13
stefano.crapanzano@chu.ulg.ac.be,Commande interv. 40 4000202656 créée par Fanny GAVAGE,Exploration SAP,2021-05-14,10:28:02,00:00:02
stefano.crapanzano@chu.ulg.ac.be,Commande interv. 40 4000202656 créée par Fanny GAVAGE,Exploration SAP,2021-05-14,10:29:39,00:00:02
stefano.crapanzano@chu.ulg.ac.be,Commande interv. 40 4000202656 créée par Fanny GAVAGE,Exploration SAP,2021-05-14,10:29:48,00:00:13
stefano.crapanzano@chu.ulg.ac.be,Commande interv. 40 4000202656 créée par Fanny GAVAGE,Exploration SAP,2021-05-14,10:31:02,00:00:02
stefano.crapanzano@chu.ulg.ac.be,Commande interv. 40 4000202656 créée par Fanny GAVAGE,Exploration SAP,2021-05-14,10:34:11,00:00:07
stefano.crapanzano@chu.ulg.ac.be,Commande interv. 40 4000202656 créée par Fanny GAVAGE,Exploration SAP,2021-05-14,10:34:41,00:00:07
stefano.crapanzano@chu.ulg.ac.be,Commande interv. 40 4000202656 créée par Fanny GAVAGE,Exploration SAP,2021-05-14,10:34:51,00:00:02
stefano.crapanzano@chu.ulg.ac.be,Astuce,Exploration SAP,2021-05-14,10:28:18,00:00:02
stefano.crapanzano@chu.ulg.ac.be,Entrée de marchandises Commande d'achat 4000202656 - Stefano CRAPANZAN,Exploration SAP,2021-05-14,10:28:26,00:00:46
stefano.crapanzano@chu.ulg.ac.be,Entrée de marchandises Commande d'achat 4000202656 - Stefano CRAPANZAN,Exploration SAP,2021-05-14,10:29:20,00:00:10
stefano.crapanzano@chu.ulg.ac.be,Entrée de marchandises Commande d'achat 4000202656 - Stefano CRAPANZAN,Exploration SAP,2021-05-14,10:30:07,00:00:40
stefano.crapanzano@chu.ulg.ac.be,Entrée de marchandises Commande d'achat 4000202656 - Stefano CRAPANZAN,Exploration SAP,2021-05-14,10:30:51,00:00:02
stefano.crapanzano@chu.ulg.ac.be,Entrée de marchandises Commande d'achat 4000202656 - Stefano CRAPANZAN,Exploration SAP,2021-05-14,10:34:23,00:00:06
stefano.crapanzano@chu.ulg.ac.be,Entrée de marchandises Commande d'achat 4000202656 - Stefano CRAPANZAN,Exploration SAP,2021-05-14,10:34:32,00:00:06
stefano.crapanzano@chu.ulg.ac.be,Afficher protocoles,Exploration SAP,2021-05-14,10:29:13,00:00:07
stefano.crapanzano@chu.ulg.ac.be,Afficher protocoles,Exploration SAP,2021-05-14,10:31:33,00:00:10
stefano.crapanzano@chu.ulg.ac.be,Afficher protocoles,Exploration SAP,2021-05-14,10:31:51,00:00:02
stefano.crapanzano@chu.ulg.ac.be,Afficher protocoles,Exploration SAP,2021-05-14,10:32:09,00:00:06
stefano.crapanzano@chu.ulg.ac.be,Afficher protocoles,Exploration SAP,2021-05-14,10:34:29,00:00:02
stefano.crapanzano@chu.ulg.ac.be,Afficher protocoles,Exploration SAP,2021-05-14,10:35:27,00:00:04
stefano.crapanzano@chu.ulg.ac.be,Afficher protocoles,Exploration SAP,2021-05-14,10:35:56,00:00:03
stefano.crapanzano@chu.ulg.ac.be,Afficher protocoles,Exploration SAP,2021-05-14,10:36:06,00:00:02
stefano.crapanzano@chu.ulg.ac.be,Afficher protocoles,Exploration SAP,2021-05-14,10:36:23,00:00:02
stefano.crapanzano@chu.ulg.ac.be,Afficher protocoles,Exploration SAP,2021-05-14,10:36:44,00:00:09
stefano.crapanzano@chu.ulg.ac.be,Afficher protocoles,Exploration SAP,2021-05-14,10:40:33,00:00:04
stefano.crapanzano@chu.ulg.ac.be,Terminer programme,Exploration SAP,2021-05-14,10:30:48,00:00:03
stefano.crapanzano@chu.ulg.ac.be,Terminer programme,Exploration SAP,2021-05-14,10:30:54,00:00:02
stefano.crapanzano@chu.ulg.ac.be,Entrée de marchandises Commande d'achat 4000202643 - Stefano CRAPANZAN,Exploration SAP,2021-05-14,10:31:20,00:00:13
stefano.crapanzano@chu.ulg.ac.be,Entrée de marchandises Commande d'achat 4000202643 - Stefano CRAPANZAN,Exploration SAP,2021-05-14,10:31:44,00:00:07
stefano.crapanzano@chu.ulg.ac.be,Entrée de marchandises Commande d'achat 4000202643 - Stefano CRAPANZAN,Exploration SAP,2021-05-14,10:32:04,00:00:04
stefano.crapanzano@chu.ulg.ac.be,Entrée de marchandises Commande d'achat 4000202643 - Stefano CRAPANZAN,Exploration SAP,2021-05-14,10:34:19,00:00:04
stefano.crapanzano@chu.ulg.ac.be,Entrée de marchandises Commande d'achat 4000202643 - Stefano CRAPANZAN,Exploration SAP,2021-05-14,10:35:01,00:00:06
stefano.crapanzano@chu.ulg.ac.be,Entrée de marchandises Commande d'achat 4000202643 - Stefano CRAPANZAN,Exploration SAP,2021-05-14,10:35:09,00:00:18
stefano.crapanzano@chu.ulg.ac.be,Entrée de marchandises Commande d'achat 4000202643 - Stefano CRAPANZAN,Exploration SAP,2021-05-14,10:35:31,00:00:06
stefano.crapanzano@chu.ulg.ac.be,Entrée de marchandises Commande d'achat 4000202643 - Stefano CRAPANZAN,Exploration SAP,2021-05-14,10:35:51,00:00:04
stefano.crapanzano@chu.ulg.ac.be,Entrée de marchandises Commande d'achat 4000202643 - Stefano CRAPANZAN,Exploration SAP,2021-05-14,10:35:59,00:00:07
stefano.crapanzano@chu.ulg.ac.be,Entrée de marchandises Commande d'achat 4000202643 - Stefano CRAPANZAN,Exploration SAP,2021-05-14,10:36:09,00:00:14
stefano.crapanzano@chu.ulg.ac.be,Entrée de marchandises Commande d'achat 4000202643 - Stefano CRAPANZAN,Exploration SAP,2021-05-14,10:36:26,00:00:18
stefano.crapanzano@chu.ulg.ac.be,Entrée de marchandises Commande d'achat 4000202643 - Stefano CRAPANZAN,Exploration SAP,2021-05-14,10:36:53,00:00:02
stefano.crapanzano@chu.ulg.ac.be,Entrée de marchandises Commande d'achat 4000202643 - Stefano CRAPANZAN,Exploration SAP,2021-05-14,10:37:18,00:00:02
stefano.crapanzano@chu.ulg.ac.be,Entrée de marchandises Commande d'achat 4000202643 - Stefano CRAPANZAN,Exploration SAP,2021-05-14,10:40:27,00:00:06
stefano.crapanzano@chu.ulg.ac.be,Entrée de marchandises Commande d'achat 4000202643 - Stefano CRAPANZAN,Exploration SAP,2021-05-14,10:40:38,00:00:14
stefano.crapanzano@chu.ulg.ac.be,Entrée de marchandises Commande d'achat 4000202643 - Stefano CRAPANZAN,Exploration SAP,2021-05-14,10:41:51,00:00:02
stefano.crapanzano@chu.ulg.ac.be,Commande interv. 40 4000202643 créée par Fanny GAVAGE,Exploration SAP,2021-05-14,10:31:59,00:00:04
stefano.crapanzano@chu.ulg.ac.be,Commande interv. 40 4000202643 créée par Fanny GAVAGE,Exploration SAP,2021-05-14,10:32:17,00:00:42
stefano.crapanzano@chu.ulg.ac.be,Commande interv. 40 4000202643 créée par Fanny GAVAGE,Exploration SAP,2021-05-14,10:33:10,00:00:51
stefano.crapanzano@chu.ulg.ac.be,Commande interv. 40 4000202643 créée par Fanny GAVAGE,Exploration SAP,2021-05-14,10:34:07,00:00:02
stefano.crapanzano@chu.ulg.ac.be,Commande interv. 40 4000202643 créée par Fanny GAVAGE,Exploration SAP,2021-05-14,10:35:41,00:00:09
stefano.crapanzano@chu.ulg.ac.be,Commande interv. 40 4000202643 créée par Fanny GAVAGE,Exploration SAP,2021-05-14,10:36:56,00:00:09
stefano.crapanzano@chu.ulg.ac.be,Commande interv. 40 4000202643 créée par Fanny GAVAGE,Exploration SAP,2021-05-14,10:39:55,00:00:16
stefano.crapanzano@chu.ulg.ac.be,Commande interv. 40 4000202643 créée par Fanny GAVAGE,Exploration SAP,2021-05-14,10:43:25,00:00:12
stefano.crapanzano@chu.ulg.ac.be,Commande interv. 40 4000202643 créée par Fanny GAVAGE,Exploration SAP,2021-05-14,10:43:43,00:00:26
stefano.crapanzano@chu.ulg.ac.be,Afficher le document de facturation 100030828 2021,Exploration SAP,2021-05-14,10:32:59,00:00:10
stefano.crapanzano@chu.ulg.ac.be,Afficher le document de facturation 100030828 2021,Exploration SAP,2021-05-14,10:37:05,00:00:13
stefano.crapanzano@chu.ulg.ac.be,Afficher le document de facturation 100030828 2021,Exploration SAP,2021-05-14,10:37:23,00:00:05
stefano.crapanzano@chu.ulg.ac.be,Afficher le document de facturation 100030828 2021,Exploration SAP,2021-05-14,10:39:12,00:00:43
stefano.crapanzano@chu.ulg.ac.be,TR: aide pour annulation réception commande en 106 - Mozilla Thunderbird,Helpdesk général,2021-05-14,10:37:31,00:00:02
stefano.crapanzano@chu.ulg.ac.be,Rédaction : Re: TR: aide pour annulation réception commande en 106 - Thunderbird,Helpdesk général,2021-05-14,10:37:35,00:01:33
stefano.crapanzano@chu.ulg.ac.be,Rédaction : Re: TR: aide pour annulation réception commande en 106 - Thunderbird,Helpdesk général,2021-05-14,10:40:54,00:00:56
stefano.crapanzano@chu.ulg.ac.be,TypeAheadPopup,Exploration SAP,2021-05-14,10:40:25,00:00:02
stefano.crapanzano@chu.ulg.ac.be,Afficher Document article 50028711 - Stefano CRAPANZANO,Exploration SAP,2021-05-14,10:43:37,00:00:06
stefano.crapanzano@chu.ulg.ac.be,C:\temp\zmmartikel_2021_05_10_15_32_48_UNNLARE+1_600060.txt - Notepad++ [Administrator],IT,2021-05-14,11:01:55,00:00:04
stefano.crapanzano@chu.ulg.ac.be,\\filesrv01.st.chulg\oazis_prod\APPL_PROD\SOURCES\PERL\CHL_COVID_REMARK.pl - Notepad++ [Administrator],IT,2021-05-14,11:07:44,00:01:04
stefano.crapanzano@chu.ulg.ac.be,\\filesrv01.st.chulg\oazis_prod\APPL_PROD\SOURCES\PERL\CHL_COVID_REMARK.pl - Notepad++ [Administrator],IT,2021-05-14,16:11:02,00:00:03
stefano.crapanzano@chu.ulg.ac.be,goal logo - Mozilla Thunderbird,Helpdesk général,2021-05-14,11:39:32,00:00:07
stefano.crapanzano@chu.ulg.ac.be,Nouvel onglet - Google Chrome,Tâches diverses,2021-05-14,15:18:53,00:00:04
stefano.crapanzano@chu.ulg.ac.be,bootstrap add vertical space - Recherche Google - Google Chrome,Tâches diverses,2021-05-14,15:18:58,00:00:03
stefano.crapanzano@chu.ulg.ac.be,bootstrap add vertical space - Recherche Google - Google Chrome,Tâches diverses,2021-05-14,15:24:32,00:00:03
stefano.crapanzano@chu.ulg.ac.be,bootstrap add vertical space - Recherche Google - Google Chrome,Tâches diverses,2021-05-14,15:24:53,00:00:02
stefano.crapanzano@chu.ulg.ac.be,Spacing · Bootstrap - Google Chrome,Tâches diverses,2021-05-14,15:19:01,00:00:46
stefano.crapanzano@chu.ulg.ac.be,Spacing · Bootstrap - Google Chrome,Tâches diverses,2021-05-14,15:22:42,00:00:28
stefano.crapanzano@chu.ulg.ac.be,Spacing · Bootstrap - Google Chrome,Tâches diverses,2021-05-14,15:24:14,00:00:18
stefano.crapanzano@chu.ulg.ac.be,Add vertical whitespace using Twitter Bootstrap? - Stack Overflow - Google Chrome,Tâches diverses,2021-05-14,15:24:36,00:00:16
stefano.crapanzano@chu.ulg.ac.be,html - Bootstrap way to add vertical space between the fields - Stack Overflow - Google Chrome,Tâches diverses,2021-05-14,15:24:55,00:00:16
stefano.crapanzano@chu.ulg.ac.be,Demande SAP - Comptes non assignés - Mozilla Thunderbird,Helpdesk général,2021-05-14,16:26:58,00:00:50
