Email,Description,Project,Start date,Start time,Duration
stefano.crapanzano@chu.ulg.ac.be,Administrateur : C:\Windows\system32\cmd.exe - python  main.py,Helpdesk général,2021-12-08,17:03:17,00:00:02
stefano.crapanzano@chu.ulg.ac.be,GOAL - LABO - Google Chrome,IT,2021-12-08,08:36:17,00:00:02
stefano.crapanzano@chu.ulg.ac.be,GOAL - LABO - Google Chrome,Helpdesk général,2021-12-08,08:37:03,00:28:14
stefano.crapanzano@chu.ulg.ac.be,GOAL - LABO - Google Chrome,Tâches diverses,2021-12-08,11:27:50,00:00:11
stefano.crapanzano@chu.ulg.ac.be,GOAL - LABO - Google Chrome,Tâches diverses,2021-12-08,11:28:33,00:00:33
stefano.crapanzano@chu.ulg.ac.be,GOAL - LABO - Google Chrome,Tâches diverses,2021-12-08,11:32:22,00:00:05
stefano.crapanzano@chu.ulg.ac.be,GOAL - LABO - Google Chrome,Tâches diverses,2021-12-08,11:32:29,00:00:10
stefano.crapanzano@chu.ulg.ac.be,GOAL - LABO - Google Chrome,Tâches diverses,2021-12-08,11:32:44,00:00:17
stefano.crapanzano@chu.ulg.ac.be,GOAL - LABO - Google Chrome,Tâches diverses,2021-12-08,11:33:04,00:00:09
stefano.crapanzano@chu.ulg.ac.be,GOAL - LABO - Google Chrome,Tâches diverses,2021-12-08,11:33:36,00:00:21
stefano.crapanzano@chu.ulg.ac.be,GOAL - LABO - Google Chrome,Tâches diverses,2021-12-08,11:35:21,00:00:27
stefano.crapanzano@chu.ulg.ac.be,GOAL - LABO - Google Chrome,Tâches diverses,2021-12-08,11:36:19,00:00:15
stefano.crapanzano@chu.ulg.ac.be,GOAL - LABO - Google Chrome,Tâches diverses,2021-12-08,11:36:38,00:00:04
stefano.crapanzano@chu.ulg.ac.be,GOAL - LABO - Google Chrome,Tâches diverses,2021-12-08,11:36:52,00:00:02
stefano.crapanzano@chu.ulg.ac.be,GOAL - LABO - Google Chrome,Tâches diverses,2021-12-08,11:37:36,00:00:29
stefano.crapanzano@chu.ulg.ac.be,GOAL - LABO - Google Chrome,Tâches diverses,2021-12-08,11:38:08,00:00:25
stefano.crapanzano@chu.ulg.ac.be,GOAL - LABO - Google Chrome,Tâches diverses,2021-12-08,11:39:00,00:00:04
stefano.crapanzano@chu.ulg.ac.be,GOAL - LABO - Google Chrome,Tâches diverses,2021-12-08,11:43:02,00:00:02
stefano.crapanzano@chu.ulg.ac.be,GOAL - LABO - Google Chrome,Tâches diverses,2021-12-08,11:43:29,00:00:05
stefano.crapanzano@chu.ulg.ac.be,GOAL - LABO - Google Chrome,Tâches diverses,2021-12-08,11:44:00,00:00:05
stefano.crapanzano@chu.ulg.ac.be,GOAL - LABO - Google Chrome,Tâches diverses,2021-12-08,11:45:52,00:00:06
stefano.crapanzano@chu.ulg.ac.be,GOAL - LABO - Google Chrome,Tâches diverses,2021-12-08,11:47:29,00:00:02
stefano.crapanzano@chu.ulg.ac.be,GOAL - LABO - Google Chrome,Tâches diverses,2021-12-08,11:47:54,00:00:03
stefano.crapanzano@chu.ulg.ac.be,GOAL - LABO - Google Chrome,Tâches diverses,2021-12-08,11:48:18,00:00:09
stefano.crapanzano@chu.ulg.ac.be,GOAL - LABO - Google Chrome,Tâches diverses,2021-12-08,11:48:29,00:00:10
stefano.crapanzano@chu.ulg.ac.be,GOAL - LABO - Google Chrome,Tâches diverses,2021-12-08,11:48:52,00:00:19
stefano.crapanzano@chu.ulg.ac.be,GOAL - LABO - Google Chrome,Tâches diverses,2021-12-08,11:49:15,00:00:09
stefano.crapanzano@chu.ulg.ac.be,GOAL - LABO - Google Chrome,Tâches diverses,2021-12-08,11:49:36,00:00:09
stefano.crapanzano@chu.ulg.ac.be,GOAL - LABO - Google Chrome,Tâches diverses,2021-12-08,11:50:14,00:00:14
stefano.crapanzano@chu.ulg.ac.be,GOAL - LABO - Google Chrome,Tâches diverses,2021-12-08,11:55:15,00:00:32
stefano.crapanzano@chu.ulg.ac.be,GOAL - LABO - Google Chrome,Tâches diverses,2021-12-08,11:56:08,00:00:57
stefano.crapanzano@chu.ulg.ac.be,GOAL - LABO - Google Chrome,Tâches diverses,2021-12-08,11:58:32,00:00:08
stefano.crapanzano@chu.ulg.ac.be,GOAL - LABO - Google Chrome,Tâches diverses,2021-12-08,11:58:55,00:00:33
stefano.crapanzano@chu.ulg.ac.be,GOAL - LABO - Google Chrome,Tâches diverses,2021-12-08,11:59:49,00:00:41
stefano.crapanzano@chu.ulg.ac.be,GOAL - LABO - Google Chrome,Tâches diverses,2021-12-08,12:00:47,00:00:21
stefano.crapanzano@chu.ulg.ac.be,GOAL - LABO - Google Chrome,Tâches diverses,2021-12-08,12:01:40,00:00:07
stefano.crapanzano@chu.ulg.ac.be,GOAL - LABO - Google Chrome,Tâches diverses,2021-12-08,12:02:09,00:00:24
stefano.crapanzano@chu.ulg.ac.be,GOAL - LABO - Google Chrome,Tâches diverses,2021-12-08,12:02:55,00:00:08
stefano.crapanzano@chu.ulg.ac.be,GOAL - LABO - Google Chrome,Tâches diverses,2021-12-08,12:03:05,00:00:02
stefano.crapanzano@chu.ulg.ac.be,GOAL - LABO - Google Chrome,Tâches diverses,2021-12-08,12:04:07,00:00:10
stefano.crapanzano@chu.ulg.ac.be,GOAL - LABO - Google Chrome,Tâches diverses,2021-12-08,12:04:23,00:00:03
stefano.crapanzano@chu.ulg.ac.be,GOAL - LABO - Google Chrome,Tâches diverses,2021-12-08,12:04:59,00:06:41
stefano.crapanzano@chu.ulg.ac.be,GOAL - LABO - Google Chrome,Tâches diverses,2021-12-08,12:12:28,00:00:04
stefano.crapanzano@chu.ulg.ac.be,GOAL - LABO - Google Chrome,Tâches diverses,2021-12-08,12:12:42,00:00:07
stefano.crapanzano@chu.ulg.ac.be,GOAL - LABO - Google Chrome,Tâches diverses,2021-12-08,12:12:53,00:00:04
stefano.crapanzano@chu.ulg.ac.be,GOAL - LABO - Google Chrome,Tâches diverses,2021-12-08,12:13:05,00:00:07
stefano.crapanzano@chu.ulg.ac.be,GOAL - LABO - Google Chrome,Tâches diverses,2021-12-08,12:13:44,00:00:03
stefano.crapanzano@chu.ulg.ac.be,GOAL - LABO - Google Chrome,Tâches diverses,2021-12-08,12:13:56,00:00:03
stefano.crapanzano@chu.ulg.ac.be,GOAL - LABO - Google Chrome,Tâches diverses,2021-12-08,12:14:05,00:00:09
stefano.crapanzano@chu.ulg.ac.be,GOAL - LABO - Google Chrome,Tâches diverses,2021-12-08,12:14:37,00:00:19
stefano.crapanzano@chu.ulg.ac.be,GOAL - LABO - Google Chrome,Tâches diverses,2021-12-08,12:15:04,00:00:06
stefano.crapanzano@chu.ulg.ac.be,GOAL - LABO - Google Chrome,Tâches diverses,2021-12-08,12:15:13,00:00:49
stefano.crapanzano@chu.ulg.ac.be,GOAL - LABO - Google Chrome,Tâches diverses,2021-12-08,12:16:13,00:00:03
stefano.crapanzano@chu.ulg.ac.be,GOAL - LABO - Google Chrome,Tâches diverses,2021-12-08,12:19:19,00:00:06
stefano.crapanzano@chu.ulg.ac.be,GOAL - LABO - Google Chrome,Tâches diverses,2021-12-08,12:19:49,00:00:09
stefano.crapanzano@chu.ulg.ac.be,GOAL - LABO - Google Chrome,Tâches diverses,2021-12-08,12:20:11,00:00:22
stefano.crapanzano@chu.ulg.ac.be,GOAL - LABO - Google Chrome,Tâches diverses,2021-12-08,12:21:42,00:00:55
stefano.crapanzano@chu.ulg.ac.be,GOAL - LABO - Google Chrome,Tâches diverses,2021-12-08,12:23:59,00:00:05
stefano.crapanzano@chu.ulg.ac.be,GOAL - LABO - Google Chrome,Tâches diverses,2021-12-08,12:24:08,00:00:04
stefano.crapanzano@chu.ulg.ac.be,GOAL - LABO - Google Chrome,Tâches diverses,2021-12-08,12:24:21,00:00:20
stefano.crapanzano@chu.ulg.ac.be,GOAL - LABO - Google Chrome,Tâches diverses,2021-12-08,12:24:56,00:00:05
stefano.crapanzano@chu.ulg.ac.be,GOAL - LABO - Google Chrome,Tâches diverses,2021-12-08,12:25:12,00:00:30
stefano.crapanzano@chu.ulg.ac.be,GOAL - LABO - Google Chrome,Tâches diverses,2021-12-08,12:25:45,00:00:02
stefano.crapanzano@chu.ulg.ac.be,GOAL - LABO - Google Chrome,Tâches diverses,2021-12-08,12:25:58,00:00:25
stefano.crapanzano@chu.ulg.ac.be,GOAL - LABO - Google Chrome,Tâches diverses,2021-12-08,12:26:36,00:00:05
stefano.crapanzano@chu.ulg.ac.be,GOAL - LABO - Google Chrome,Tâches diverses,2021-12-08,12:26:45,00:00:02
stefano.crapanzano@chu.ulg.ac.be,GOAL - LABO - Google Chrome,Tâches diverses,2021-12-08,12:26:54,00:00:03
stefano.crapanzano@chu.ulg.ac.be,GOAL - LABO - Google Chrome,Tâches diverses,2021-12-08,12:27:10,00:00:05
stefano.crapanzano@chu.ulg.ac.be,GOAL - LABO - Google Chrome,Tâches diverses,2021-12-08,12:27:22,00:00:05
stefano.crapanzano@chu.ulg.ac.be,GOAL - LABO - Google Chrome,Tâches diverses,2021-12-08,12:27:33,00:00:07
stefano.crapanzano@chu.ulg.ac.be,GOAL - LABO - Google Chrome,Tâches diverses,2021-12-08,12:27:49,00:00:07
stefano.crapanzano@chu.ulg.ac.be,GOAL - LABO - Google Chrome,Tâches diverses,2021-12-08,12:28:02,00:02:16
stefano.crapanzano@chu.ulg.ac.be,GOAL - LABO - Google Chrome,Tâches diverses,2021-12-08,12:30:39,00:01:51
stefano.crapanzano@chu.ulg.ac.be,GOAL - LABO - Google Chrome,Tâches diverses,2021-12-08,12:32:47,00:00:02
stefano.crapanzano@chu.ulg.ac.be,GOAL - LABO - Google Chrome,Tâches diverses,2021-12-08,12:33:03,00:00:34
stefano.crapanzano@chu.ulg.ac.be,GOAL - LABO - Google Chrome,Tâches diverses,2021-12-08,12:36:21,00:01:10
stefano.crapanzano@chu.ulg.ac.be,GOAL - LABO - Google Chrome,Tâches diverses,2021-12-08,12:45:59,00:00:02
stefano.crapanzano@chu.ulg.ac.be,GOAL - LABO - Google Chrome,Tâches diverses,2021-12-08,12:46:07,00:00:20
stefano.crapanzano@chu.ulg.ac.be,GOAL - LABO - Google Chrome,Tâches diverses,2021-12-08,12:52:33,00:00:10
stefano.crapanzano@chu.ulg.ac.be,GOAL - LABO - Google Chrome,Tâches diverses,2021-12-08,12:53:11,00:00:13
stefano.crapanzano@chu.ulg.ac.be,GOAL - LABO - Google Chrome,Tâches diverses,2021-12-08,12:53:26,00:00:13
stefano.crapanzano@chu.ulg.ac.be,GOAL - LABO - Google Chrome,Tâches diverses,2021-12-08,12:54:05,00:00:04
stefano.crapanzano@chu.ulg.ac.be,GOAL - LABO - Google Chrome,Tâches diverses,2021-12-08,12:54:52,00:00:03
stefano.crapanzano@chu.ulg.ac.be,GOAL - LABO - Google Chrome,Tâches diverses,2021-12-08,12:55:01,00:00:02
stefano.crapanzano@chu.ulg.ac.be,GOAL - LABO - Google Chrome,Tâches diverses,2021-12-08,12:55:53,00:00:09
stefano.crapanzano@chu.ulg.ac.be,GOAL - LABO - Google Chrome,Tâches diverses,2021-12-08,12:56:32,00:00:07
stefano.crapanzano@chu.ulg.ac.be,GOAL - LABO - Google Chrome,Tâches diverses,2021-12-08,12:56:45,00:00:28
stefano.crapanzano@chu.ulg.ac.be,GOAL - LABO - Google Chrome,Tâches diverses,2021-12-08,13:06:54,00:00:25
stefano.crapanzano@chu.ulg.ac.be,GOAL - LABO - Google Chrome,Tâches diverses,2021-12-08,13:07:58,00:00:22
stefano.crapanzano@chu.ulg.ac.be,GOAL - LABO - Google Chrome,Tâches diverses,2021-12-08,13:11:09,00:00:03
stefano.crapanzano@chu.ulg.ac.be,GOAL - LABO - Google Chrome,Tâches diverses,2021-12-08,13:11:19,00:00:06
stefano.crapanzano@chu.ulg.ac.be,GOAL - LABO - Google Chrome,Tâches diverses,2021-12-08,13:11:58,00:00:10
stefano.crapanzano@chu.ulg.ac.be,GOAL - LABO - Google Chrome,Tâches diverses,2021-12-08,13:13:03,00:00:11
stefano.crapanzano@chu.ulg.ac.be,GOAL - LABO - Google Chrome,Tâches diverses,2021-12-08,13:13:21,00:00:21
stefano.crapanzano@chu.ulg.ac.be,GOAL - LABO - Google Chrome,Tâches diverses,2021-12-08,13:14:34,00:00:44
stefano.crapanzano@chu.ulg.ac.be,GOAL - LABO - Google Chrome,Tâches diverses,2021-12-08,13:17:03,00:00:12
stefano.crapanzano@chu.ulg.ac.be,GOAL - LABO - Google Chrome,Tâches diverses,2021-12-08,13:17:24,00:00:12
stefano.crapanzano@chu.ulg.ac.be,GOAL - LABO - Google Chrome,Tâches diverses,2021-12-08,13:17:37,00:02:48
stefano.crapanzano@chu.ulg.ac.be,GOAL - LABO - Google Chrome,Tâches diverses,2021-12-08,13:20:32,00:01:27
stefano.crapanzano@chu.ulg.ac.be,GOAL - LABO - Google Chrome,Helpdesk général,2021-12-08,13:23:33,00:00:06
stefano.crapanzano@chu.ulg.ac.be,GOAL - LABO - Google Chrome,Tâches diverses,2021-12-08,13:28:32,00:00:04
stefano.crapanzano@chu.ulg.ac.be,GOAL - LABO - Google Chrome,Tâches diverses,2021-12-08,13:32:24,00:00:33
stefano.crapanzano@chu.ulg.ac.be,GOAL - LABO - Google Chrome,Tâches diverses,2021-12-08,13:33:34,00:00:08
stefano.crapanzano@chu.ulg.ac.be,GOAL - LABO - Google Chrome,Tâches diverses,2021-12-08,13:37:58,00:00:04
stefano.crapanzano@chu.ulg.ac.be,GOAL - LABO - Google Chrome,Tâches diverses,2021-12-08,13:38:20,00:00:05
stefano.crapanzano@chu.ulg.ac.be,GOAL - LABO - Google Chrome,Tâches diverses,2021-12-08,13:38:32,00:00:03
stefano.crapanzano@chu.ulg.ac.be,GOAL - LABO - Google Chrome,Tâches diverses,2021-12-08,13:39:04,00:00:21
stefano.crapanzano@chu.ulg.ac.be,GOAL - LABO - Google Chrome,Tâches diverses,2021-12-08,13:40:19,00:00:30
stefano.crapanzano@chu.ulg.ac.be,GOAL - LABO - Google Chrome,Tâches diverses,2021-12-08,13:40:58,00:00:05
stefano.crapanzano@chu.ulg.ac.be,GOAL - LABO - Google Chrome,Tâches diverses,2021-12-08,13:42:20,00:00:05
stefano.crapanzano@chu.ulg.ac.be,GOAL - LABO - Google Chrome,Tâches diverses,2021-12-08,13:42:39,00:00:06
stefano.crapanzano@chu.ulg.ac.be,GOAL - LABO - Google Chrome,Tâches diverses,2021-12-08,13:43:00,00:00:47
stefano.crapanzano@chu.ulg.ac.be,GOAL - LABO - Google Chrome,Tâches diverses,2021-12-08,13:43:59,00:07:43
stefano.crapanzano@chu.ulg.ac.be,GOAL - LABO - Google Chrome,Tâches diverses,2021-12-08,13:53:18,00:00:05
stefano.crapanzano@chu.ulg.ac.be,GOAL - LABO - Google Chrome,Tâches diverses,2021-12-08,13:53:48,00:00:02
stefano.crapanzano@chu.ulg.ac.be,GOAL - LABO - Google Chrome,Tâches diverses,2021-12-08,13:55:00,00:00:11
stefano.crapanzano@chu.ulg.ac.be,GOAL - LABO - Google Chrome,Tâches diverses,2021-12-08,14:06:30,00:00:17
stefano.crapanzano@chu.ulg.ac.be,GOAL - LABO - Google Chrome,Tâches diverses,2021-12-08,14:07:05,00:00:11
stefano.crapanzano@chu.ulg.ac.be,GOAL - LABO - Google Chrome,Tâches diverses,2021-12-08,14:42:22,00:01:29
stefano.crapanzano@chu.ulg.ac.be,GOAL - LABO - Google Chrome,Tâches diverses,2021-12-08,14:44:07,00:00:29
stefano.crapanzano@chu.ulg.ac.be,GOAL - LABO - Google Chrome,Tâches diverses,2021-12-08,14:44:41,00:00:07
stefano.crapanzano@chu.ulg.ac.be,GOAL - LABO - Google Chrome,Tâches diverses,2021-12-08,14:44:51,00:01:04
stefano.crapanzano@chu.ulg.ac.be,GOAL - LABO - Google Chrome,Tâches diverses,2021-12-08,14:46:51,00:02:08
stefano.crapanzano@chu.ulg.ac.be,GOAL - LABO - Google Chrome,Tâches diverses,2021-12-08,14:49:21,00:00:16
stefano.crapanzano@chu.ulg.ac.be,GOAL - LABO - Google Chrome,Tâches diverses,2021-12-08,14:50:08,00:08:42
stefano.crapanzano@chu.ulg.ac.be,GOAL - LABO - Google Chrome,Tâches diverses,2021-12-08,14:59:37,00:03:26
stefano.crapanzano@chu.ulg.ac.be,GOAL - LABO - Google Chrome,Tâches diverses,2021-12-08,15:03:24,00:00:11
stefano.crapanzano@chu.ulg.ac.be,GOAL - LABO - Google Chrome,Tâches diverses,2021-12-08,15:03:48,00:00:53
stefano.crapanzano@chu.ulg.ac.be,GOAL - LABO - Google Chrome,Tâches diverses,2021-12-08,15:04:45,00:00:26
stefano.crapanzano@chu.ulg.ac.be,GOAL - LABO - Google Chrome,Tâches diverses,2021-12-08,15:06:47,01:38:52
stefano.crapanzano@chu.ulg.ac.be,Navigation système de fichier,IT,2021-12-08,09:14:46,00:00:03
stefano.crapanzano@chu.ulg.ac.be,Navigation système de fichier,IT,2021-12-08,09:43:38,00:00:02
stefano.crapanzano@chu.ulg.ac.be,Navigation système de fichier,IT,2021-12-08,10:25:26,00:00:02
stefano.crapanzano@chu.ulg.ac.be,Navigation système de fichier,IT,2021-12-08,10:34:03,00:00:02
stefano.crapanzano@chu.ulg.ac.be,Navigation système de fichier,IT,2021-12-08,10:43:25,00:00:03
stefano.crapanzano@chu.ulg.ac.be,Navigation système de fichier,IT,2021-12-08,11:26:55,00:00:02
stefano.crapanzano@chu.ulg.ac.be,Navigation système de fichier,IT,2021-12-08,11:45:31,00:00:04
stefano.crapanzano@chu.ulg.ac.be,Navigation système de fichier,IT,2021-12-08,11:50:51,00:00:38
stefano.crapanzano@chu.ulg.ac.be,Navigation système de fichier,IT,2021-12-08,11:51:37,00:00:17
stefano.crapanzano@chu.ulg.ac.be,Navigation système de fichier,IT,2021-12-08,11:53:17,00:00:04
stefano.crapanzano@chu.ulg.ac.be,Navigation système de fichier,IT,2021-12-08,11:55:47,00:00:02
stefano.crapanzano@chu.ulg.ac.be,Navigation système de fichier,IT,2021-12-08,12:01:48,00:00:02
stefano.crapanzano@chu.ulg.ac.be,Navigation système de fichier,IT,2021-12-08,12:14:57,00:00:02
stefano.crapanzano@chu.ulg.ac.be,Navigation système de fichier,IT,2021-12-08,12:19:46,00:00:02
stefano.crapanzano@chu.ulg.ac.be,Navigation système de fichier,IT,2021-12-08,12:19:58,00:00:02
stefano.crapanzano@chu.ulg.ac.be,Navigation système de fichier,IT,2021-12-08,12:20:34,00:00:02
stefano.crapanzano@chu.ulg.ac.be,Navigation système de fichier,IT,2021-12-08,12:27:20,00:00:02
stefano.crapanzano@chu.ulg.ac.be,Navigation système de fichier,IT,2021-12-08,12:50:26,00:00:03
stefano.crapanzano@chu.ulg.ac.be,Navigation système de fichier,IT,2021-12-08,13:21:59,00:00:02
stefano.crapanzano@chu.ulg.ac.be,Navigation système de fichier,IT,2021-12-08,13:27:37,00:00:03
stefano.crapanzano@chu.ulg.ac.be,Navigation système de fichier,IT,2021-12-08,13:28:37,00:00:02
stefano.crapanzano@chu.ulg.ac.be,Navigation système de fichier,IT,2021-12-08,13:34:44,00:00:16
stefano.crapanzano@chu.ulg.ac.be,Navigation système de fichier,IT,2021-12-08,13:35:41,00:00:02
stefano.crapanzano@chu.ulg.ac.be,Navigation système de fichier,IT,2021-12-08,13:36:18,00:00:02
stefano.crapanzano@chu.ulg.ac.be,Navigation système de fichier,IT,2021-12-08,13:36:26,00:00:07
stefano.crapanzano@chu.ulg.ac.be,Navigation système de fichier,IT,2021-12-08,13:36:35,00:00:15
stefano.crapanzano@chu.ulg.ac.be,Navigation système de fichier,IT,2021-12-08,13:37:12,00:00:10
stefano.crapanzano@chu.ulg.ac.be,Navigation système de fichier,IT,2021-12-08,13:37:45,00:00:02
stefano.crapanzano@chu.ulg.ac.be,Navigation système de fichier,IT,2021-12-08,13:39:25,00:00:02
stefano.crapanzano@chu.ulg.ac.be,Navigation système de fichier,IT,2021-12-08,13:42:26,00:00:10
stefano.crapanzano@chu.ulg.ac.be,Navigation système de fichier,IT,2021-12-08,13:52:17,00:00:02
stefano.crapanzano@chu.ulg.ac.be,Navigation système de fichier,IT,2021-12-08,13:53:59,00:00:02
stefano.crapanzano@chu.ulg.ac.be,Navigation système de fichier,IT,2021-12-08,13:54:26,00:00:02
stefano.crapanzano@chu.ulg.ac.be,Navigation système de fichier,IT,2021-12-08,13:54:58,00:00:02
stefano.crapanzano@chu.ulg.ac.be,Navigation système de fichier,IT,2021-12-08,14:06:50,00:00:02
stefano.crapanzano@chu.ulg.ac.be,Navigation système de fichier,IT,2021-12-08,14:07:21,00:00:07
stefano.crapanzano@chu.ulg.ac.be,Navigation système de fichier,IT,2021-12-08,14:58:52,00:00:03
stefano.crapanzano@chu.ulg.ac.be,Navigation système de fichier,IT,2021-12-08,15:03:20,00:00:03
stefano.crapanzano@chu.ulg.ac.be,Courrier entrant - erp.sai@chuliege.be - Mozilla Thunderbird,Helpdesk général,2021-12-08,08:36:21,00:00:21
stefano.crapanzano@chu.ulg.ac.be,Courrier entrant - erp.sai@chuliege.be - Mozilla Thunderbird,Helpdesk général,2021-12-08,08:36:45,00:00:09
stefano.crapanzano@chu.ulg.ac.be,Courrier entrant - erp.sai@chuliege.be - Mozilla Thunderbird,Helpdesk général,2021-12-08,10:24:32,00:00:02
stefano.crapanzano@chu.ulg.ac.be,Courrier entrant - erp.sai@chuliege.be - Mozilla Thunderbird,Helpdesk général,2021-12-08,10:38:00,00:00:05
stefano.crapanzano@chu.ulg.ac.be,Courrier entrant - erp.sai@chuliege.be - Mozilla Thunderbird,Helpdesk général,2021-12-08,14:45:55,00:00:02
stefano.crapanzano@chu.ulg.ac.be,Courrier entrant - erp.sai@chuliege.be - Mozilla Thunderbird,Helpdesk général,2021-12-08,14:45:59,00:00:07
stefano.crapanzano@chu.ulg.ac.be,Courrier entrant - erp.sai@chuliege.be - Mozilla Thunderbird,Helpdesk général,2021-12-08,15:03:06,00:00:03
stefano.crapanzano@chu.ulg.ac.be,Courrier entrant - erp.sai@chuliege.be - Mozilla Thunderbird,Helpdesk général,2021-12-08,15:03:13,00:00:04
stefano.crapanzano@chu.ulg.ac.be,Courrier entrant - erp.sai@chuliege.be - Mozilla Thunderbird,Helpdesk général,2021-12-08,16:45:39,00:00:10
stefano.crapanzano@chu.ulg.ac.be,Courrier entrant - erp.sai@chuliege.be - Mozilla Thunderbird,Helpdesk général,2021-12-08,16:45:52,00:00:02
stefano.crapanzano@chu.ulg.ac.be,Courrier entrant - stefano.crapanzano@chuliege.be - Mozilla Thunderbird,Helpdesk général,2021-12-08,08:36:42,00:00:02
stefano.crapanzano@chu.ulg.ac.be,Courrier entrant - stefano.crapanzano@chuliege.be - Mozilla Thunderbird,Helpdesk général,2021-12-08,10:24:35,00:00:02
stefano.crapanzano@chu.ulg.ac.be,Courrier entrant - stefano.crapanzano@chuliege.be - Mozilla Thunderbird,Helpdesk général,2021-12-08,10:37:57,00:00:02
stefano.crapanzano@chu.ulg.ac.be,Courrier entrant - stefano.crapanzano@chuliege.be - Mozilla Thunderbird,Helpdesk général,2021-12-08,15:03:10,00:00:02
stefano.crapanzano@chu.ulg.ac.be,Courrier entrant - stefano.crapanzano@chuliege.be - Mozilla Thunderbird,Helpdesk général,2021-12-08,16:45:49,00:00:02
stefano.crapanzano@chu.ulg.ac.be,Rédaction : (pas de sujet) - Thunderbird,Helpdesk général,2021-12-08,13:22:02,00:01:31
stefano.crapanzano@chu.ulg.ac.be,Rédaction : (pas de sujet) - Thunderbird,Helpdesk général,2021-12-08,13:23:41,00:01:15
stefano.crapanzano@chu.ulg.ac.be,Rédaction : (pas de sujet) - Thunderbird,Helpdesk général,2021-12-08,13:24:57,00:02:39
stefano.crapanzano@chu.ulg.ac.be,Rédaction : (pas de sujet) - Thunderbird,Helpdesk général,2021-12-08,13:27:41,00:00:48
stefano.crapanzano@chu.ulg.ac.be,Rédaction : (pas de sujet) - Thunderbird,Helpdesk général,2021-12-08,13:28:40,00:01:10
stefano.crapanzano@chu.ulg.ac.be,Rédaction : (pas de sujet) - Thunderbird,Helpdesk général,2021-12-08,13:29:53,00:01:00
stefano.crapanzano@chu.ulg.ac.be,Rédaction : (pas de sujet) - Thunderbird,Helpdesk général,2021-12-08,13:31:22,00:01:00
stefano.crapanzano@chu.ulg.ac.be,Rédaction : (pas de sujet) - Thunderbird,Helpdesk général,2021-12-08,13:32:58,00:00:36
stefano.crapanzano@chu.ulg.ac.be,Rédaction : (pas de sujet) - Thunderbird,Helpdesk général,2021-12-08,13:33:42,00:00:41
stefano.crapanzano@chu.ulg.ac.be,Rédaction : (pas de sujet) - Thunderbird,Helpdesk général,2021-12-08,13:41:06,00:00:37
stefano.crapanzano@chu.ulg.ac.be,Rédaction : (pas de sujet) - Thunderbird,Helpdesk général,2021-12-08,13:41:50,00:00:03
stefano.crapanzano@chu.ulg.ac.be,Programmation,IT,2021-12-08,09:05:18,00:09:28
stefano.crapanzano@chu.ulg.ac.be,Programmation,IT,2021-12-08,09:15:17,00:02:24
stefano.crapanzano@chu.ulg.ac.be,Programmation,IT,2021-12-08,09:17:47,00:00:09
stefano.crapanzano@chu.ulg.ac.be,Programmation,IT,2021-12-08,09:18:17,00:02:21
stefano.crapanzano@chu.ulg.ac.be,Programmation,IT,2021-12-08,09:20:40,00:12:53
stefano.crapanzano@chu.ulg.ac.be,Programmation,IT,2021-12-08,09:33:41,00:09:56
stefano.crapanzano@chu.ulg.ac.be,Programmation,IT,2021-12-08,09:43:42,00:06:49
stefano.crapanzano@chu.ulg.ac.be,Programmation,IT,2021-12-08,09:51:43,00:06:15
stefano.crapanzano@chu.ulg.ac.be,Programmation,IT,2021-12-08,09:58:12,00:22:41
stefano.crapanzano@chu.ulg.ac.be,Programmation,IT,2021-12-08,10:21:02,00:01:27
stefano.crapanzano@chu.ulg.ac.be,Programmation,IT,2021-12-08,10:23:01,00:00:55
stefano.crapanzano@chu.ulg.ac.be,Programmation,IT,2021-12-08,10:24:09,00:00:19
stefano.crapanzano@chu.ulg.ac.be,Programmation,IT,2021-12-08,10:24:39,00:00:31
stefano.crapanzano@chu.ulg.ac.be,Programmation,IT,2021-12-08,10:25:29,00:08:34
stefano.crapanzano@chu.ulg.ac.be,Programmation,IT,2021-12-08,10:34:15,00:01:06
stefano.crapanzano@chu.ulg.ac.be,Programmation,IT,2021-12-08,10:35:38,00:02:18
stefano.crapanzano@chu.ulg.ac.be,Programmation,IT,2021-12-08,10:38:05,00:02:03
stefano.crapanzano@chu.ulg.ac.be,Programmation,IT,2021-12-08,10:40:11,00:03:04
stefano.crapanzano@chu.ulg.ac.be,Programmation,IT,2021-12-08,10:43:28,00:00:29
stefano.crapanzano@chu.ulg.ac.be,Programmation,IT,2021-12-08,10:44:07,00:03:19
stefano.crapanzano@chu.ulg.ac.be,Programmation,IT,2021-12-08,10:47:42,00:00:56
stefano.crapanzano@chu.ulg.ac.be,Programmation,IT,2021-12-08,10:48:40,00:02:17
stefano.crapanzano@chu.ulg.ac.be,Programmation,IT,2021-12-08,10:52:18,00:00:49
stefano.crapanzano@chu.ulg.ac.be,Programmation,IT,2021-12-08,10:53:08,00:04:40
stefano.crapanzano@chu.ulg.ac.be,Programmation,IT,2021-12-08,10:58:13,00:01:59
stefano.crapanzano@chu.ulg.ac.be,Programmation,IT,2021-12-08,11:00:31,00:09:30
stefano.crapanzano@chu.ulg.ac.be,Programmation,IT,2021-12-08,11:10:14,00:00:27
stefano.crapanzano@chu.ulg.ac.be,Programmation,IT,2021-12-08,11:10:42,00:03:05
stefano.crapanzano@chu.ulg.ac.be,Programmation,IT,2021-12-08,11:14:06,00:01:26
stefano.crapanzano@chu.ulg.ac.be,Programmation,IT,2021-12-08,11:15:54,00:06:39
stefano.crapanzano@chu.ulg.ac.be,Programmation,IT,2021-12-08,11:26:59,00:00:49
stefano.crapanzano@chu.ulg.ac.be,Programmation,IT,2021-12-08,11:28:03,00:00:29
stefano.crapanzano@chu.ulg.ac.be,Programmation,IT,2021-12-08,11:29:06,00:01:49
stefano.crapanzano@chu.ulg.ac.be,Programmation,IT,2021-12-08,11:32:19,00:00:02
stefano.crapanzano@chu.ulg.ac.be,Programmation,IT,2021-12-08,11:33:15,00:00:19
stefano.crapanzano@chu.ulg.ac.be,Programmation,IT,2021-12-08,11:33:59,00:01:20
stefano.crapanzano@chu.ulg.ac.be,Programmation,IT,2021-12-08,11:35:51,00:00:28
stefano.crapanzano@chu.ulg.ac.be,Programmation,IT,2021-12-08,11:36:44,00:00:08
stefano.crapanzano@chu.ulg.ac.be,Programmation,IT,2021-12-08,11:36:55,00:00:40
stefano.crapanzano@chu.ulg.ac.be,Programmation,IT,2021-12-08,11:38:33,00:00:24
stefano.crapanzano@chu.ulg.ac.be,Programmation,IT,2021-12-08,11:39:08,00:00:03
stefano.crapanzano@chu.ulg.ac.be,Programmation,IT,2021-12-08,11:39:15,00:01:14
stefano.crapanzano@chu.ulg.ac.be,Programmation,IT,2021-12-08,11:42:18,00:00:38
stefano.crapanzano@chu.ulg.ac.be,Programmation,IT,2021-12-08,11:43:09,00:00:17
stefano.crapanzano@chu.ulg.ac.be,Programmation,IT,2021-12-08,11:43:36,00:00:20
stefano.crapanzano@chu.ulg.ac.be,Programmation,IT,2021-12-08,11:44:05,00:00:47
stefano.crapanzano@chu.ulg.ac.be,Programmation,IT,2021-12-08,11:45:36,00:00:12
stefano.crapanzano@chu.ulg.ac.be,Programmation,IT,2021-12-08,11:45:59,00:01:30
stefano.crapanzano@chu.ulg.ac.be,Programmation,IT,2021-12-08,11:47:35,00:00:02
stefano.crapanzano@chu.ulg.ac.be,Programmation,IT,2021-12-08,11:47:40,00:00:14
stefano.crapanzano@chu.ulg.ac.be,Programmation,IT,2021-12-08,11:48:00,00:00:18
stefano.crapanzano@chu.ulg.ac.be,Programmation,IT,2021-12-08,11:48:41,00:00:11
stefano.crapanzano@chu.ulg.ac.be,Programmation,IT,2021-12-08,11:49:24,00:00:11
stefano.crapanzano@chu.ulg.ac.be,Programmation,IT,2021-12-08,11:49:46,00:00:28
stefano.crapanzano@chu.ulg.ac.be,Programmation,IT,2021-12-08,11:50:30,00:00:20
stefano.crapanzano@chu.ulg.ac.be,Programmation,IT,2021-12-08,11:53:21,00:00:07
stefano.crapanzano@chu.ulg.ac.be,Programmation,IT,2021-12-08,11:54:06,00:00:14
stefano.crapanzano@chu.ulg.ac.be,Programmation,IT,2021-12-08,11:54:46,00:00:26
stefano.crapanzano@chu.ulg.ac.be,Programmation,IT,2021-12-08,11:55:50,00:00:17
stefano.crapanzano@chu.ulg.ac.be,Programmation,IT,2021-12-08,11:57:07,00:01:24
stefano.crapanzano@chu.ulg.ac.be,Programmation,IT,2021-12-08,11:58:42,00:00:12
stefano.crapanzano@chu.ulg.ac.be,Programmation,IT,2021-12-08,11:59:28,00:00:19
stefano.crapanzano@chu.ulg.ac.be,Programmation,IT,2021-12-08,12:00:32,00:00:15
stefano.crapanzano@chu.ulg.ac.be,Programmation,IT,2021-12-08,12:01:51,00:00:17
stefano.crapanzano@chu.ulg.ac.be,Programmation,IT,2021-12-08,12:02:33,00:00:20
stefano.crapanzano@chu.ulg.ac.be,Programmation,IT,2021-12-08,12:03:09,00:00:57
stefano.crapanzano@chu.ulg.ac.be,Programmation,IT,2021-12-08,12:04:18,00:00:05
stefano.crapanzano@chu.ulg.ac.be,Programmation,IT,2021-12-08,12:04:28,00:00:08
stefano.crapanzano@chu.ulg.ac.be,Programmation,IT,2021-12-08,12:04:39,00:00:14
stefano.crapanzano@chu.ulg.ac.be,Programmation,IT,2021-12-08,12:04:55,00:00:03
stefano.crapanzano@chu.ulg.ac.be,Programmation,IT,2021-12-08,12:11:42,00:00:46
stefano.crapanzano@chu.ulg.ac.be,Programmation,IT,2021-12-08,12:12:33,00:00:08
stefano.crapanzano@chu.ulg.ac.be,Programmation,IT,2021-12-08,12:12:49,00:00:03
stefano.crapanzano@chu.ulg.ac.be,Programmation,IT,2021-12-08,12:12:58,00:00:07
stefano.crapanzano@chu.ulg.ac.be,Programmation,IT,2021-12-08,12:13:13,00:00:05
stefano.crapanzano@chu.ulg.ac.be,Programmation,IT,2021-12-08,12:13:22,00:00:03
stefano.crapanzano@chu.ulg.ac.be,Programmation,IT,2021-12-08,12:13:27,00:00:16
stefano.crapanzano@chu.ulg.ac.be,Programmation,IT,2021-12-08,12:13:48,00:00:06
stefano.crapanzano@chu.ulg.ac.be,Programmation,IT,2021-12-08,12:14:00,00:00:05
stefano.crapanzano@chu.ulg.ac.be,Programmation,IT,2021-12-08,12:14:15,00:00:22
stefano.crapanzano@chu.ulg.ac.be,Programmation,IT,2021-12-08,12:15:00,00:00:03
stefano.crapanzano@chu.ulg.ac.be,Programmation,IT,2021-12-08,12:16:02,00:00:09
stefano.crapanzano@chu.ulg.ac.be,Programmation,IT,2021-12-08,12:16:17,00:01:56
stefano.crapanzano@chu.ulg.ac.be,Programmation,IT,2021-12-08,12:19:06,00:00:11
stefano.crapanzano@chu.ulg.ac.be,Programmation,IT,2021-12-08,12:19:29,00:00:16
stefano.crapanzano@chu.ulg.ac.be,Programmation,IT,2021-12-08,12:20:01,00:00:10
stefano.crapanzano@chu.ulg.ac.be,Programmation,IT,2021-12-08,12:20:36,00:00:14
stefano.crapanzano@chu.ulg.ac.be,Programmation,IT,2021-12-08,12:20:53,00:00:03
stefano.crapanzano@chu.ulg.ac.be,Programmation,IT,2021-12-08,12:21:00,00:00:42
stefano.crapanzano@chu.ulg.ac.be,Programmation,IT,2021-12-08,12:23:43,00:00:11
stefano.crapanzano@chu.ulg.ac.be,Programmation,IT,2021-12-08,12:24:04,00:00:03
stefano.crapanzano@chu.ulg.ac.be,Programmation,IT,2021-12-08,12:24:14,00:00:07
stefano.crapanzano@chu.ulg.ac.be,Programmation,IT,2021-12-08,12:24:43,00:00:12
stefano.crapanzano@chu.ulg.ac.be,Programmation,IT,2021-12-08,12:25:01,00:00:11
stefano.crapanzano@chu.ulg.ac.be,Programmation,IT,2021-12-08,12:25:47,00:00:09
stefano.crapanzano@chu.ulg.ac.be,Programmation,IT,2021-12-08,12:26:24,00:00:12
stefano.crapanzano@chu.ulg.ac.be,Programmation,IT,2021-12-08,12:26:42,00:00:02
stefano.crapanzano@chu.ulg.ac.be,Programmation,IT,2021-12-08,12:26:48,00:00:06
stefano.crapanzano@chu.ulg.ac.be,Programmation,IT,2021-12-08,12:26:58,00:00:11
stefano.crapanzano@chu.ulg.ac.be,Programmation,IT,2021-12-08,12:27:15,00:00:04
stefano.crapanzano@chu.ulg.ac.be,Programmation,IT,2021-12-08,12:27:28,00:00:04
stefano.crapanzano@chu.ulg.ac.be,Programmation,IT,2021-12-08,12:27:41,00:00:08
stefano.crapanzano@chu.ulg.ac.be,Programmation,IT,2021-12-08,12:27:57,00:00:04
stefano.crapanzano@chu.ulg.ac.be,Programmation,IT,2021-12-08,12:30:19,00:00:13
stefano.crapanzano@chu.ulg.ac.be,Programmation,IT,2021-12-08,12:30:34,00:00:05
stefano.crapanzano@chu.ulg.ac.be,Programmation,IT,2021-12-08,12:32:31,00:00:14
stefano.crapanzano@chu.ulg.ac.be,Programmation,IT,2021-12-08,12:32:50,00:00:12
stefano.crapanzano@chu.ulg.ac.be,Programmation,IT,2021-12-08,12:33:40,00:02:39
stefano.crapanzano@chu.ulg.ac.be,Programmation,IT,2021-12-08,12:37:32,00:08:24
stefano.crapanzano@chu.ulg.ac.be,Programmation,IT,2021-12-08,12:46:01,00:00:06
stefano.crapanzano@chu.ulg.ac.be,Programmation,IT,2021-12-08,12:46:28,00:01:07
stefano.crapanzano@chu.ulg.ac.be,Programmation,IT,2021-12-08,12:48:07,00:00:15
stefano.crapanzano@chu.ulg.ac.be,Programmation,IT,2021-12-08,12:49:08,00:01:17
stefano.crapanzano@chu.ulg.ac.be,Programmation,IT,2021-12-08,12:50:29,00:00:20
stefano.crapanzano@chu.ulg.ac.be,Programmation,IT,2021-12-08,12:51:19,00:01:10
stefano.crapanzano@chu.ulg.ac.be,Programmation,IT,2021-12-08,12:52:45,00:00:24
stefano.crapanzano@chu.ulg.ac.be,Programmation,IT,2021-12-08,12:53:39,00:00:25
stefano.crapanzano@chu.ulg.ac.be,Programmation,IT,2021-12-08,12:54:29,00:00:18
stefano.crapanzano@chu.ulg.ac.be,Programmation,IT,2021-12-08,12:54:56,00:00:03
stefano.crapanzano@chu.ulg.ac.be,Programmation,IT,2021-12-08,12:55:15,00:00:32
stefano.crapanzano@chu.ulg.ac.be,Programmation,IT,2021-12-08,12:55:48,00:00:02
stefano.crapanzano@chu.ulg.ac.be,Programmation,IT,2021-12-08,12:56:04,00:00:26
stefano.crapanzano@chu.ulg.ac.be,Programmation,IT,2021-12-08,12:56:40,00:00:05
stefano.crapanzano@chu.ulg.ac.be,Programmation,IT,2021-12-08,12:57:14,00:09:38
stefano.crapanzano@chu.ulg.ac.be,Programmation,IT,2021-12-08,13:07:19,00:00:38
stefano.crapanzano@chu.ulg.ac.be,Programmation,IT,2021-12-08,13:08:21,00:02:46
stefano.crapanzano@chu.ulg.ac.be,Programmation,IT,2021-12-08,13:11:14,00:00:03
stefano.crapanzano@chu.ulg.ac.be,Programmation,IT,2021-12-08,13:11:25,00:00:29
stefano.crapanzano@chu.ulg.ac.be,Programmation,IT,2021-12-08,13:12:09,00:00:54
stefano.crapanzano@chu.ulg.ac.be,Programmation,IT,2021-12-08,13:13:16,00:00:05
stefano.crapanzano@chu.ulg.ac.be,Programmation,IT,2021-12-08,13:15:58,00:00:14
stefano.crapanzano@chu.ulg.ac.be,Programmation,IT,2021-12-08,13:16:13,00:00:49
stefano.crapanzano@chu.ulg.ac.be,Programmation,IT,2021-12-08,13:17:17,00:00:06
stefano.crapanzano@chu.ulg.ac.be,Programmation,IT,2021-12-08,13:34:25,00:00:18
stefano.crapanzano@chu.ulg.ac.be,Programmation,IT,2021-12-08,13:35:17,00:00:24
stefano.crapanzano@chu.ulg.ac.be,Programmation,IT,2021-12-08,13:36:50,00:00:22
stefano.crapanzano@chu.ulg.ac.be,Programmation,IT,2021-12-08,13:37:29,00:00:05
stefano.crapanzano@chu.ulg.ac.be,Programmation,IT,2021-12-08,13:37:47,00:00:09
stefano.crapanzano@chu.ulg.ac.be,Programmation,IT,2021-12-08,13:38:03,00:00:03
stefano.crapanzano@chu.ulg.ac.be,Programmation,IT,2021-12-08,13:38:26,00:00:06
stefano.crapanzano@chu.ulg.ac.be,Programmation,IT,2021-12-08,13:38:36,00:00:09
stefano.crapanzano@chu.ulg.ac.be,Programmation,IT,2021-12-08,13:39:27,00:00:51
stefano.crapanzano@chu.ulg.ac.be,Programmation,IT,2021-12-08,13:42:36,00:00:02
stefano.crapanzano@chu.ulg.ac.be,Programmation,IT,2021-12-08,13:42:47,00:00:11
stefano.crapanzano@chu.ulg.ac.be,Programmation,IT,2021-12-08,13:43:49,00:00:08
stefano.crapanzano@chu.ulg.ac.be,Programmation,IT,2021-12-08,13:52:20,00:00:28
stefano.crapanzano@chu.ulg.ac.be,Programmation,IT,2021-12-08,13:52:51,00:00:25
stefano.crapanzano@chu.ulg.ac.be,Programmation,IT,2021-12-08,13:53:26,00:00:02
stefano.crapanzano@chu.ulg.ac.be,Programmation,IT,2021-12-08,13:53:31,00:00:17
stefano.crapanzano@chu.ulg.ac.be,Programmation,IT,2021-12-08,13:53:54,00:00:04
stefano.crapanzano@chu.ulg.ac.be,Programmation,IT,2021-12-08,13:54:24,00:00:02
stefano.crapanzano@chu.ulg.ac.be,Programmation,IT,2021-12-08,13:55:13,00:00:45
stefano.crapanzano@chu.ulg.ac.be,Programmation,IT,2021-12-08,13:56:01,00:04:52
stefano.crapanzano@chu.ulg.ac.be,Programmation,IT,2021-12-08,14:01:04,00:00:28
stefano.crapanzano@chu.ulg.ac.be,Programmation,IT,2021-12-08,14:01:36,00:04:34
stefano.crapanzano@chu.ulg.ac.be,Programmation,IT,2021-12-08,14:06:18,00:00:04
stefano.crapanzano@chu.ulg.ac.be,Programmation,IT,2021-12-08,14:06:54,00:00:07
stefano.crapanzano@chu.ulg.ac.be,Programmation,IT,2021-12-08,14:07:38,00:00:48
stefano.crapanzano@chu.ulg.ac.be,Programmation,IT,2021-12-08,14:08:35,00:04:35
stefano.crapanzano@chu.ulg.ac.be,Programmation,IT,2021-12-08,14:13:19,00:01:04
stefano.crapanzano@chu.ulg.ac.be,Programmation,IT,2021-12-08,14:14:40,00:00:56
stefano.crapanzano@chu.ulg.ac.be,Programmation,IT,2021-12-08,14:17:13,00:01:07
stefano.crapanzano@chu.ulg.ac.be,Programmation,IT,2021-12-08,14:18:25,00:00:02
stefano.crapanzano@chu.ulg.ac.be,Programmation,IT,2021-12-08,14:18:36,00:00:59
stefano.crapanzano@chu.ulg.ac.be,Programmation,IT,2021-12-08,14:19:41,00:00:35
stefano.crapanzano@chu.ulg.ac.be,Programmation,IT,2021-12-08,14:20:29,00:01:57
stefano.crapanzano@chu.ulg.ac.be,Programmation,IT,2021-12-08,14:22:32,00:00:09
stefano.crapanzano@chu.ulg.ac.be,Programmation,IT,2021-12-08,14:23:01,00:02:09
stefano.crapanzano@chu.ulg.ac.be,Programmation,IT,2021-12-08,14:25:16,00:00:33
stefano.crapanzano@chu.ulg.ac.be,Programmation,IT,2021-12-08,14:26:02,00:00:08
stefano.crapanzano@chu.ulg.ac.be,Programmation,IT,2021-12-08,14:26:22,00:01:15
stefano.crapanzano@chu.ulg.ac.be,Programmation,IT,2021-12-08,14:27:50,00:00:10
stefano.crapanzano@chu.ulg.ac.be,Programmation,IT,2021-12-08,14:28:04,00:00:07
stefano.crapanzano@chu.ulg.ac.be,Programmation,IT,2021-12-08,14:28:19,00:04:02
stefano.crapanzano@chu.ulg.ac.be,Programmation,IT,2021-12-08,14:33:10,00:01:30
stefano.crapanzano@chu.ulg.ac.be,Programmation,IT,2021-12-08,14:34:58,00:00:46
stefano.crapanzano@chu.ulg.ac.be,Programmation,IT,2021-12-08,14:36:09,00:00:52
stefano.crapanzano@chu.ulg.ac.be,Programmation,IT,2021-12-08,14:37:12,00:02:16
stefano.crapanzano@chu.ulg.ac.be,Programmation,IT,2021-12-08,14:39:49,00:00:05
stefano.crapanzano@chu.ulg.ac.be,Programmation,IT,2021-12-08,14:40:16,00:00:59
stefano.crapanzano@chu.ulg.ac.be,Programmation,IT,2021-12-08,14:41:31,00:00:03
stefano.crapanzano@chu.ulg.ac.be,Programmation,IT,2021-12-08,14:41:44,00:00:24
stefano.crapanzano@chu.ulg.ac.be,Programmation,IT,2021-12-08,14:43:52,00:00:15
stefano.crapanzano@chu.ulg.ac.be,Programmation,IT,2021-12-08,14:44:38,00:00:02
stefano.crapanzano@chu.ulg.ac.be,Programmation,IT,2021-12-08,14:49:01,00:00:18
stefano.crapanzano@chu.ulg.ac.be,Programmation,IT,2021-12-08,14:49:39,00:00:29
stefano.crapanzano@chu.ulg.ac.be,Programmation,IT,2021-12-08,14:58:55,00:00:40
stefano.crapanzano@chu.ulg.ac.be,Programmation,IT,2021-12-08,15:04:42,00:00:03
stefano.crapanzano@chu.ulg.ac.be,Programmation,IT,2021-12-08,15:05:13,00:01:32
stefano.crapanzano@chu.ulg.ac.be,DBeaver 21.0.0 - <MS SQL Server - si-s-serv24> Script-1,Tâches diverses,2021-12-08,13:51:42,00:00:34
stefano.crapanzano@chu.ulg.ac.be,Changement de tâche,Tâches diverses,2021-12-08,11:33:13,00:00:02
stefano.crapanzano@chu.ulg.ac.be,Nouvel onglet - Google Chrome,Tâches diverses,2021-12-08,09:50:39,00:00:03
stefano.crapanzano@chu.ulg.ac.be,Nouvel onglet - Google Chrome,Tâches diverses,2021-12-08,11:40:31,00:00:11
stefano.crapanzano@chu.ulg.ac.be,Nouvel onglet - Google Chrome,Tâches diverses,2021-12-08,12:22:37,00:00:04
stefano.crapanzano@chu.ulg.ac.be,Nouvel onglet - Google Chrome,Tâches diverses,2021-12-08,12:47:36,00:00:04
stefano.crapanzano@chu.ulg.ac.be,Nouvel onglet - Google Chrome,Tâches diverses,2021-12-08,12:48:24,00:00:03
stefano.crapanzano@chu.ulg.ac.be,Nouvel onglet - Google Chrome,Tâches diverses,2021-12-08,12:51:06,00:00:04
stefano.crapanzano@chu.ulg.ac.be,Nouvel onglet - Google Chrome,Tâches diverses,2021-12-08,12:54:11,00:00:07
stefano.crapanzano@chu.ulg.ac.be,Nouvel onglet - Google Chrome,Tâches diverses,2021-12-08,14:32:23,00:00:06
stefano.crapanzano@chu.ulg.ac.be,str object does not support item assignment - Recherche Google - Google Chrome,Tâches diverses,2021-12-08,09:50:42,00:00:02
stefano.crapanzano@chu.ulg.ac.be,str object does not support item assignment - Recherche Google - Google Chrome,Tâches diverses,2021-12-08,09:51:13,00:00:02
stefano.crapanzano@chu.ulg.ac.be,Python ‘str’ object does not support item assignment | Career Karma - Google Chrome,Tâches diverses,2021-12-08,09:50:45,00:00:28
stefano.crapanzano@chu.ulg.ac.be,python - 'str' object does not support item assignment - Stack Overflow - Google Chrome,Tâches diverses,2021-12-08,09:51:16,00:00:25
stefano.crapanzano@chu.ulg.ac.be,FieldError at /stocks/receptionnaire - Google Chrome,Tâches diverses,2021-12-08,11:32:39,00:00:02
stefano.crapanzano@chu.ulg.ac.be,FieldError at /stocks/receptionnaire - Google Chrome,Tâches diverses,2021-12-08,11:33:01,00:00:02
stefano.crapanzano@chu.ulg.ac.be,FieldError at /stocks/receptionnaire - Google Chrome,Tâches diverses,2021-12-08,11:36:35,00:00:02
stefano.crapanzano@chu.ulg.ac.be,FieldError at /stocks/receptionnaire - Google Chrome,Tâches diverses,2021-12-08,11:38:05,00:00:02
stefano.crapanzano@chu.ulg.ac.be,FieldError at /stocks/receptionnaire - Google Chrome,Tâches diverses,2021-12-08,12:15:10,00:00:02
stefano.crapanzano@chu.ulg.ac.be,127.0.0.1 - Google Chrome,Tâches diverses,2021-12-08,11:43:05,00:00:03
stefano.crapanzano@chu.ulg.ac.be,127.0.0.1 - Google Chrome,Tâches diverses,2021-12-08,11:47:31,00:00:02
stefano.crapanzano@chu.ulg.ac.be,django clauses autocomplete multiple column - Recherche Google - Google Chrome,Tâches diverses,2021-12-08,11:40:43,00:00:02
stefano.crapanzano@chu.ulg.ac.be,django clauses autocomplete multiple column - Recherche Google - Google Chrome,Tâches diverses,2021-12-08,11:40:55,00:00:05
stefano.crapanzano@chu.ulg.ac.be,django clauses autocomplete multiple column - Recherche Google - Google Chrome,Tâches diverses,2021-12-08,11:41:03,00:00:05
stefano.crapanzano@chu.ulg.ac.be,python - Django: jQuery autocomplete with multiple queryset - Stack Overflow - Google Chrome,Tâches diverses,2021-12-08,11:40:46,00:00:09
stefano.crapanzano@chu.ulg.ac.be,Created multiple objects if more than one autocomplete urls are used together. · Issue #814 · yourlabs/django-autocomplete-light · GitHub - Google Chrome,Tâches diverses,2021-12-08,11:41:01,00:00:02
stefano.crapanzano@chu.ulg.ac.be,django clauses autocomplete - Recherche Google - Google Chrome,Tâches diverses,2021-12-08,11:41:09,00:00:03
stefano.crapanzano@chu.ulg.ac.be,django clauses autocomplete - Recherche Google - Google Chrome,Tâches diverses,2021-12-08,11:41:20,00:00:04
stefano.crapanzano@chu.ulg.ac.be,Django. autocomplete... It doesn't look up the search - Stack Overflow - Google Chrome,Tâches diverses,2021-12-08,11:41:12,00:00:08
stefano.crapanzano@chu.ulg.ac.be,django clauses autocomplete Q - Recherche Google - Google Chrome,Tâches diverses,2021-12-08,11:41:25,00:00:02
stefano.crapanzano@chu.ulg.ac.be,django clauses autocomplete Q and - Recherche Google - Google Chrome,Tâches diverses,2021-12-08,11:41:27,00:00:14
stefano.crapanzano@chu.ulg.ac.be,django clauses autocomplete Q and - Recherche Google - Google Chrome,Tâches diverses,2021-12-08,11:41:54,00:00:05
stefano.crapanzano@chu.ulg.ac.be,python - Django - get autocomplete search result from 2 models - Stack Overflow - Google Chrome,Tâches diverses,2021-12-08,11:41:42,00:00:11
stefano.crapanzano@chu.ulg.ac.be,python - How to make endpoint view in django to get queryset for autocomplete? - Stack Overflow - Google Chrome,Tâches diverses,2021-12-08,11:41:59,00:00:17
stefano.crapanzano@chu.ulg.ac.be,python - How to make endpoint view in django to get queryset for autocomplete? - Stack Overflow - Google Chrome,Tâches diverses,2021-12-08,11:42:58,00:00:02
stefano.crapanzano@chu.ulg.ac.be,clauses = (Q(wempf__icontains=p) for p in words) - Recherche Google - Google Chrome,Tâches diverses,2021-12-08,11:44:56,00:00:06
stefano.crapanzano@chu.ulg.ac.be,clauses = (Q(word=p) for p in words) - Recherche Google - Google Chrome,Tâches diverses,2021-12-08,11:45:03,00:00:05
stefano.crapanzano@chu.ulg.ac.be,clauses = (Q(word=p) for p in words) django - Recherche Google - Google Chrome,Tâches diverses,2021-12-08,11:45:09,00:00:02
stefano.crapanzano@chu.ulg.ac.be,python - Django Query using contains with a list as a source? - Stack Overflow - Google Chrome,Tâches diverses,2021-12-08,11:45:11,00:00:18
stefano.crapanzano@chu.ulg.ac.be,python - Django Query using contains with a list as a source? - Stack Overflow - Google Chrome,Tâches diverses,2021-12-08,11:45:49,00:00:02
stefano.crapanzano@chu.ulg.ac.be,Rechercher,IT,2021-12-08,11:51:31,00:00:02
stefano.crapanzano@chu.ulg.ac.be,clauses = (Q(wempf__icontains=p omschrijving__icontains=p) for p in words) query = reduce(operator.or_  clauses) search_qs = Receptionnaire.objects.filter(query).order_by('wempf').distinct()[:50] - Recherche Google - Google Chrome,Tâches diverses,2021-12-08,11:53:33,00:00:06
stefano.crapanzano@chu.ulg.ac.be,clauses = (Q(=p =p) for p in words) query = reduce(operator.or_  clauses) search_qs = Receptionnaire.objects.filter(query).order_by('wempf').distinct()[:50] - Recherche Google - Google Chrome,Tâches diverses,2021-12-08,11:53:40,00:00:05
stefano.crapanzano@chu.ulg.ac.be,clauses = (Q() for p in words) query = reduce(operator.or_  clauses) search_qs = Receptionnaire.objects.filter(query).order_by('wempf').distinct()[:50] - Recherche Google - Google Chrome,Tâches diverses,2021-12-08,11:53:45,00:00:08
stefano.crapanzano@chu.ulg.ac.be,clauses = (Q() for p in words) query = reduce(operator.or_  clauses) search_qs = Receptionnaire.objects.filter(query) - Recherche Google - Google Chrome,Tâches diverses,2021-12-08,11:53:53,00:00:04
stefano.crapanzano@chu.ulg.ac.be,clauses = (Q() for p in words) query = reduce(operator.or _  clauses) search qs = Receptionnaire.objects.filter(query) - Recherche Google - Google Chrome,Tâches diverses,2021-12-08,11:53:57,00:00:02
stefano.crapanzano@chu.ulg.ac.be,django Q object nested with reduce - Stack Overflow - Google Chrome,Tâches diverses,2021-12-08,11:54:00,00:00:05
stefano.crapanzano@chu.ulg.ac.be,django Q object nested with reduce - Stack Overflow - Google Chrome,Tâches diverses,2021-12-08,11:54:21,00:00:24
stefano.crapanzano@chu.ulg.ac.be,NameError at /stocks/receptionnaire - Google Chrome,Tâches diverses,2021-12-08,12:19:26,00:00:03
stefano.crapanzano@chu.ulg.ac.be,form border - Recherche Google - Google Chrome,Tâches diverses,2021-12-08,12:23:21,00:00:03
stefano.crapanzano@chu.ulg.ac.be,CSS Forms - Google Chrome,Tâches diverses,2021-12-08,12:22:43,00:00:38
stefano.crapanzano@chu.ulg.ac.be,css - Add border to the form - Stack Overflow - Google Chrome,Tâches diverses,2021-12-08,12:23:25,00:00:16
stefano.crapanzano@chu.ulg.ac.be,css - Add border to the form - Stack Overflow - Google Chrome,Tâches diverses,2021-12-08,12:23:56,00:00:02
stefano.crapanzano@chu.ulg.ac.be,onclick event - Recherche Google - Google Chrome,Tâches diverses,2021-12-08,12:47:40,00:00:02
stefano.crapanzano@chu.ulg.ac.be,onclick event - Recherche Google - Google Chrome,Tâches diverses,2021-12-08,12:47:54,00:00:02
stefano.crapanzano@chu.ulg.ac.be,onclick Event - Google Chrome,Tâches diverses,2021-12-08,12:47:43,00:00:11
stefano.crapanzano@chu.ulg.ac.be,element.onclick - Référence Web API | MDN - Google Chrome,Tâches diverses,2021-12-08,12:47:57,00:00:08
stefano.crapanzano@chu.ulg.ac.be,onclick preventdefault - Recherche Google - Google Chrome,Tâches diverses,2021-12-08,12:48:27,00:00:02
stefano.crapanzano@chu.ulg.ac.be,javascript - How to prevent default event handling in an onclick method? - Stack Overflow - Google Chrome,Tâches diverses,2021-12-08,12:48:30,00:00:38
stefano.crapanzano@chu.ulg.ac.be,javascript - How to prevent default event handling in an onclick method? - Stack Overflow - Google Chrome,Tâches diverses,2021-12-08,12:50:52,00:00:02
stefano.crapanzano@chu.ulg.ac.be,Sélectionnez l’objet utilisateur à changer | Site d’administration de Django - Google Chrome,Tâches diverses,2021-12-08,12:50:59,00:00:02
stefano.crapanzano@chu.ulg.ac.be,Sélectionnez l’objet utilisateur à changer | Site d’administration de Django - Google Chrome,Tâches diverses,2021-12-08,13:36:02,00:00:02
stefano.crapanzano@chu.ulg.ac.be,Sélectionnez l’objet utilisateur à changer | Site d’administration de Django - Google Chrome,Tâches diverses,2021-12-08,13:39:00,00:00:02
stefano.crapanzano@chu.ulg.ac.be,P203 CHU Job interrompu - Xperthis ERP4HC 1.0 - Service d'assistance - Google Chrome,Tâches diverses,2021-12-08,12:51:03,00:00:02
stefano.crapanzano@chu.ulg.ac.be,P203 CHU Job interrompu - Xperthis ERP4HC 1.0 - Service d'assistance - Google Chrome,Tâches diverses,2021-12-08,13:20:26,00:00:03
stefano.crapanzano@chu.ulg.ac.be,windo href - Recherche Google - Google Chrome,Tâches diverses,2021-12-08,12:51:11,00:00:03
stefano.crapanzano@chu.ulg.ac.be,JavaScript Window Location - Google Chrome,Tâches diverses,2021-12-08,12:51:15,00:00:03
stefano.crapanzano@chu.ulg.ac.be,JavaScript Window Location - Google Chrome,Tâches diverses,2021-12-08,12:52:31,00:00:02
stefano.crapanzano@chu.ulg.ac.be,addEventListener button - Recherche Google - Google Chrome,Tâches diverses,2021-12-08,12:54:19,00:00:02
stefano.crapanzano@chu.ulg.ac.be,HTML DOM addEventListener() Method - Google Chrome,Tâches diverses,2021-12-08,12:54:21,00:00:06
stefano.crapanzano@chu.ulg.ac.be,HTML DOM addEventListener() Method - Google Chrome,Tâches diverses,2021-12-08,12:54:48,00:00:02
stefano.crapanzano@chu.ulg.ac.be,HTML DOM addEventListener() Method - Google Chrome,Tâches diverses,2021-12-08,12:55:04,00:00:08
stefano.crapanzano@chu.ulg.ac.be,HTML DOM addEventListener() Method - Google Chrome,Tâches diverses,2021-12-08,12:55:50,00:00:03
stefano.crapanzano@chu.ulg.ac.be,C:\Users\c158492\ProjetBoulot\PYTHON\ACHAT\intrastat_project\project\templates\base.html - Notepad++ [Administrator],IT,2021-12-08,13:35:00,00:00:14
stefano.crapanzano@chu.ulg.ac.be,TemplateSyntaxError at / - Google Chrome,Tâches diverses,2021-12-08,13:35:45,00:00:05
stefano.crapanzano@chu.ulg.ac.be,TemplateSyntaxError at / - Google Chrome,Tâches diverses,2021-12-08,13:36:22,00:00:02
stefano.crapanzano@chu.ulg.ac.be,Site d’administration | Site d’administration de Django - Google Chrome,Tâches diverses,2021-12-08,13:35:58,00:00:03
stefano.crapanzano@chu.ulg.ac.be,c158492 | Modification de utilisateur | Site d’administration de Django - Google Chrome,Tâches diverses,2021-12-08,13:36:04,00:00:03
stefano.crapanzano@chu.ulg.ac.be,c158492 | Modification de utilisateur | Site d’administration de Django - Google Chrome,Tâches diverses,2021-12-08,13:38:10,00:00:09
stefano.crapanzano@chu.ulg.ac.be,c158492 | Modification de utilisateur | Site d’administration de Django - Google Chrome,Tâches diverses,2021-12-08,13:38:47,00:00:06
stefano.crapanzano@chu.ulg.ac.be,c158492 | Modification de utilisateur | Site d’administration de Django - Google Chrome,Tâches diverses,2021-12-08,13:40:50,00:00:05
stefano.crapanzano@chu.ulg.ac.be,Ajout de role | Site d’administration de Django - Google Chrome,Tâches diverses,2021-12-08,13:36:08,00:00:02
stefano.crapanzano@chu.ulg.ac.be,Ajout de role | Site d’administration de Django - Google Chrome,Tâches diverses,2021-12-08,13:38:53,00:00:05
stefano.crapanzano@chu.ulg.ac.be,C:\Users\c158492\ProjetBoulot\PYTHON\ACHAT\intrastat_project\project\gestion_utilisateur\models.py - Notepad++ [Administrator],IT,2021-12-08,13:37:22,00:00:06
stefano.crapanzano@chu.ulg.ac.be,C:\Users\c158492\ProjetBoulot\PYTHON\ACHAT\intrastat_project\project\gestion_utilisateur\models.py - Notepad++ [Administrator],IT,2021-12-08,13:37:34,00:00:02
stefano.crapanzano@chu.ulg.ac.be,C:\Users\c158492\ProjetBoulot\PYTHON\ACHAT\intrastat_project\project\gestion_utilisateur\models.py - Notepad++ [Administrator],IT,2021-12-08,13:37:38,00:00:06
stefano.crapanzano@chu.ulg.ac.be,Vérification de l’orthographe,Helpdesk général,2021-12-08,13:41:43,00:00:02
stefano.crapanzano@chu.ulg.ac.be,Rappel de sujet,Helpdesk général,2021-12-08,13:41:46,00:00:03
stefano.crapanzano@chu.ulg.ac.be,Rédaction : Adaptation goal.chuliege.be - Thunderbird,Helpdesk général,2021-12-08,13:42:00,00:00:08
stefano.crapanzano@chu.ulg.ac.be,Rédaction : Modification goal.chuliege.be - Thunderbird,Helpdesk général,2021-12-08,13:42:11,00:00:06
stefano.crapanzano@chu.ulg.ac.be,python remove a key from a dict - Recherche Google - Google Chrome,Tâches diverses,2021-12-08,14:34:43,00:00:04
stefano.crapanzano@chu.ulg.ac.be,Python Remove Key from a Dictionary: A Complete Guide: A Complete Guide | Career Karma - Google Chrome,Tâches diverses,2021-12-08,14:32:31,00:00:34
stefano.crapanzano@chu.ulg.ac.be,Python Remove Key from a Dictionary: A Complete Guide: A Complete Guide | Career Karma - Google Chrome,Tâches diverses,2021-12-08,14:34:40,00:00:02
stefano.crapanzano@chu.ulg.ac.be,python remove a key from a dict in loop - Recherche Google - Google Chrome,Tâches diverses,2021-12-08,14:34:47,00:00:02
stefano.crapanzano@chu.ulg.ac.be,scripting - How to delete items from a dictionary while iterating over it? - Stack Overflow - Google Chrome,Tâches diverses,2021-12-08,14:34:50,00:00:08
stefano.crapanzano@chu.ulg.ac.be,scripting - How to delete items from a dictionary while iterating over it? - Stack Overflow - Google Chrome,Tâches diverses,2021-12-08,14:35:46,00:00:22
stefano.crapanzano@chu.ulg.ac.be,scripting - How to delete items from a dictionary while iterating over it? - Stack Overflow - Google Chrome,Tâches diverses,2021-12-08,14:42:19,00:00:02
stefano.crapanzano@chu.ulg.ac.be,Envoyés - erp.sai@chuliege.be - Mozilla Thunderbird,Helpdesk général,2021-12-08,14:46:07,00:00:42
stefano.crapanzano@chu.ulg.ac.be,Envoyés - erp.sai@chuliege.be - Mozilla Thunderbird,Tâches diverses,2021-12-08,15:03:03,00:00:02
stefano.crapanzano@chu.ulg.ac.be,Envoyés - erp.sai@chuliege.be - Mozilla Thunderbird,Helpdesk général,2021-12-08,16:45:55,00:17:21
stefano.crapanzano@chu.ulg.ac.be,Yet Another DataTables Column Filter (yadcf) Showcase - Google Chrome,Tâches diverses,2021-12-08,15:03:36,00:00:08
stefano.crapanzano@chu.ulg.ac.be,Yet Another DataTables Column Filter (yadcf) Showcase - Google Chrome,Tâches diverses,2021-12-08,15:03:46,00:00:02
