Email,Description,Project,Start date,Start time,Duration
stefano.crapanzano@chu.ulg.ac.be,Administrateur : C:\Windows\system32\cmd.exe - python  main.py,IT,2021-12-09,08:37:03,00:00:02
stefano.crapanzano@chu.ulg.ac.be,Lecture documentation,Tâches diverses,2021-12-09,08:37:05,00:00:25
stefano.crapanzano@chu.ulg.ac.be,Lecture documentation,Tâches diverses,2021-12-09,08:38:14,00:00:13
stefano.crapanzano@chu.ulg.ac.be,Lecture documentation,Tâches diverses,2021-12-09,08:38:49,00:00:07
stefano.crapanzano@chu.ulg.ac.be,Lecture documentation,Tâches diverses,2021-12-09,08:41:46,00:00:58
stefano.crapanzano@chu.ulg.ac.be,Lecture documentation,Tâches diverses,2021-12-09,08:42:48,00:04:15
stefano.crapanzano@chu.ulg.ac.be,Lecture documentation,Tâches diverses,2021-12-09,10:32:51,00:00:58
stefano.crapanzano@chu.ulg.ac.be,Navigation système de fichier,IT,2021-12-09,08:37:31,00:00:02
stefano.crapanzano@chu.ulg.ac.be,Navigation système de fichier,IT,2021-12-09,09:49:15,00:00:02
stefano.crapanzano@chu.ulg.ac.be,Navigation système de fichier,IT,2021-12-09,10:12:54,00:00:02
stefano.crapanzano@chu.ulg.ac.be,Navigation système de fichier,IT,2021-12-09,10:13:21,00:00:30
stefano.crapanzano@chu.ulg.ac.be,Navigation système de fichier,IT,2021-12-09,10:23:35,00:00:02
stefano.crapanzano@chu.ulg.ac.be,Navigation système de fichier,IT,2021-12-09,10:24:42,00:00:02
stefano.crapanzano@chu.ulg.ac.be,Navigation système de fichier,IT,2021-12-09,10:37:41,00:00:05
stefano.crapanzano@chu.ulg.ac.be,Navigation système de fichier,IT,2021-12-09,10:43:07,00:00:02
stefano.crapanzano@chu.ulg.ac.be,Navigation système de fichier,IT,2021-12-09,10:45:25,00:00:06
stefano.crapanzano@chu.ulg.ac.be,Navigation système de fichier,IT,2021-12-09,10:46:15,00:00:05
stefano.crapanzano@chu.ulg.ac.be,Navigation système de fichier,IT,2021-12-09,10:47:35,00:00:03
stefano.crapanzano@chu.ulg.ac.be,Navigation système de fichier,IT,2021-12-09,11:00:41,00:00:02
stefano.crapanzano@chu.ulg.ac.be,Navigation système de fichier,IT,2021-12-09,11:05:30,00:00:04
stefano.crapanzano@chu.ulg.ac.be,Navigation système de fichier,IT,2021-12-09,11:05:41,00:00:02
stefano.crapanzano@chu.ulg.ac.be,Navigation système de fichier,IT,2021-12-09,11:05:50,00:00:02
stefano.crapanzano@chu.ulg.ac.be,Navigation système de fichier,IT,2021-12-09,11:09:33,00:00:06
stefano.crapanzano@chu.ulg.ac.be,Navigation système de fichier,IT,2021-12-09,11:36:28,00:00:02
stefano.crapanzano@chu.ulg.ac.be,Navigation système de fichier,IT,2021-12-09,11:39:14,00:00:02
stefano.crapanzano@chu.ulg.ac.be,Navigation système de fichier,IT,2021-12-09,11:42:17,00:00:02
stefano.crapanzano@chu.ulg.ac.be,Navigation système de fichier,IT,2021-12-09,11:58:46,00:00:02
stefano.crapanzano@chu.ulg.ac.be,Navigation système de fichier,IT,2021-12-09,11:59:01,00:00:06
stefano.crapanzano@chu.ulg.ac.be,Navigation système de fichier,IT,2021-12-09,12:00:28,00:00:02
stefano.crapanzano@chu.ulg.ac.be,Navigation système de fichier,IT,2021-12-09,12:02:19,00:00:03
stefano.crapanzano@chu.ulg.ac.be,Navigation système de fichier,IT,2021-12-09,12:02:26,00:00:02
stefano.crapanzano@chu.ulg.ac.be,Navigation système de fichier,IT,2021-12-09,12:04:13,00:00:02
stefano.crapanzano@chu.ulg.ac.be,Navigation système de fichier,IT,2021-12-09,12:13:44,00:00:03
stefano.crapanzano@chu.ulg.ac.be,Navigation système de fichier,IT,2021-12-09,12:14:52,00:00:03
stefano.crapanzano@chu.ulg.ac.be,Navigation système de fichier,IT,2021-12-09,12:33:01,00:00:02
stefano.crapanzano@chu.ulg.ac.be,Navigation système de fichier,IT,2021-12-09,12:33:58,00:00:02
stefano.crapanzano@chu.ulg.ac.be,Navigation système de fichier,IT,2021-12-09,12:51:27,00:00:30
stefano.crapanzano@chu.ulg.ac.be,Navigation système de fichier,IT,2021-12-09,12:52:00,00:00:32
stefano.crapanzano@chu.ulg.ac.be,Navigation système de fichier,IT,2021-12-09,12:52:53,00:00:07
stefano.crapanzano@chu.ulg.ac.be,Navigation système de fichier,IT,2021-12-09,12:53:53,00:00:43
stefano.crapanzano@chu.ulg.ac.be,Navigation système de fichier,IT,2021-12-09,12:56:30,00:00:13
stefano.crapanzano@chu.ulg.ac.be,Navigation système de fichier,IT,2021-12-09,12:56:53,00:00:10
stefano.crapanzano@chu.ulg.ac.be,Navigation système de fichier,IT,2021-12-09,12:57:08,00:00:39
stefano.crapanzano@chu.ulg.ac.be,Navigation système de fichier,IT,2021-12-09,12:57:52,00:00:02
stefano.crapanzano@chu.ulg.ac.be,Navigation système de fichier,IT,2021-12-09,12:58:57,00:00:03
stefano.crapanzano@chu.ulg.ac.be,Navigation système de fichier,IT,2021-12-09,12:59:03,00:00:02
stefano.crapanzano@chu.ulg.ac.be,Navigation système de fichier,IT,2021-12-09,12:59:13,00:00:05
stefano.crapanzano@chu.ulg.ac.be,Navigation système de fichier,IT,2021-12-09,12:59:26,00:00:03
stefano.crapanzano@chu.ulg.ac.be,Navigation système de fichier,IT,2021-12-09,12:59:55,00:00:07
stefano.crapanzano@chu.ulg.ac.be,Navigation système de fichier,IT,2021-12-09,13:00:14,00:00:02
stefano.crapanzano@chu.ulg.ac.be,Navigation système de fichier,IT,2021-12-09,13:02:17,00:00:36
stefano.crapanzano@chu.ulg.ac.be,Navigation système de fichier,IT,2021-12-09,13:07:00,00:00:06
stefano.crapanzano@chu.ulg.ac.be,Navigation système de fichier,IT,2021-12-09,13:07:08,00:00:04
stefano.crapanzano@chu.ulg.ac.be,Navigation système de fichier,IT,2021-12-09,13:07:29,00:00:09
stefano.crapanzano@chu.ulg.ac.be,Navigation système de fichier,IT,2021-12-09,13:08:01,00:00:06
stefano.crapanzano@chu.ulg.ac.be,Navigation système de fichier,IT,2021-12-09,13:12:53,00:00:02
stefano.crapanzano@chu.ulg.ac.be,Navigation système de fichier,IT,2021-12-09,13:14:10,00:00:11
stefano.crapanzano@chu.ulg.ac.be,Navigation système de fichier,IT,2021-12-09,13:15:05,00:00:07
stefano.crapanzano@chu.ulg.ac.be,Navigation système de fichier,IT,2021-12-09,13:15:16,00:00:02
stefano.crapanzano@chu.ulg.ac.be,Navigation système de fichier,IT,2021-12-09,13:15:25,00:00:02
stefano.crapanzano@chu.ulg.ac.be,Navigation système de fichier,IT,2021-12-09,13:18:59,00:00:02
stefano.crapanzano@chu.ulg.ac.be,Navigation système de fichier,IT,2021-12-09,13:19:13,00:00:02
stefano.crapanzano@chu.ulg.ac.be,Navigation système de fichier,IT,2021-12-09,13:19:37,00:00:05
stefano.crapanzano@chu.ulg.ac.be,Navigation système de fichier,IT,2021-12-09,13:28:09,00:00:03
stefano.crapanzano@chu.ulg.ac.be,Navigation système de fichier,IT,2021-12-09,13:28:38,00:00:02
stefano.crapanzano@chu.ulg.ac.be,Navigation système de fichier,IT,2021-12-09,13:32:43,00:00:02
stefano.crapanzano@chu.ulg.ac.be,Navigation système de fichier,IT,2021-12-09,13:39:38,00:00:02
stefano.crapanzano@chu.ulg.ac.be,Navigation système de fichier,IT,2021-12-09,13:45:35,00:00:04
stefano.crapanzano@chu.ulg.ac.be,Navigation système de fichier,IT,2021-12-09,13:47:20,00:00:03
stefano.crapanzano@chu.ulg.ac.be,Navigation système de fichier,IT,2021-12-09,13:50:29,00:00:06
stefano.crapanzano@chu.ulg.ac.be,Navigation système de fichier,IT,2021-12-09,13:51:39,00:00:02
stefano.crapanzano@chu.ulg.ac.be,Navigation système de fichier,IT,2021-12-09,13:51:58,00:00:02
stefano.crapanzano@chu.ulg.ac.be,Navigation système de fichier,IT,2021-12-09,13:52:07,00:00:04
stefano.crapanzano@chu.ulg.ac.be,Navigation système de fichier,IT,2021-12-09,13:52:54,00:00:02
stefano.crapanzano@chu.ulg.ac.be,Navigation système de fichier,IT,2021-12-09,14:00:38,00:00:02
stefano.crapanzano@chu.ulg.ac.be,Navigation système de fichier,IT,2021-12-09,14:02:03,00:00:02
stefano.crapanzano@chu.ulg.ac.be,Navigation système de fichier,IT,2021-12-09,14:09:29,00:00:02
stefano.crapanzano@chu.ulg.ac.be,Navigation système de fichier,IT,2021-12-09,14:10:37,00:00:03
stefano.crapanzano@chu.ulg.ac.be,Navigation système de fichier,IT,2021-12-09,15:07:23,00:00:03
stefano.crapanzano@chu.ulg.ac.be,Navigation système de fichier,IT,2021-12-09,15:08:14,00:00:05
stefano.crapanzano@chu.ulg.ac.be,Navigation système de fichier,IT,2021-12-09,15:08:32,00:00:03
stefano.crapanzano@chu.ulg.ac.be,Navigation système de fichier,IT,2021-12-09,15:08:51,00:00:05
stefano.crapanzano@chu.ulg.ac.be,Navigation système de fichier,IT,2021-12-09,15:20:04,00:00:02
stefano.crapanzano@chu.ulg.ac.be,Navigation système de fichier,IT,2021-12-09,15:46:08,00:00:03
stefano.crapanzano@chu.ulg.ac.be,Navigation système de fichier,IT,2021-12-09,16:45:36,00:00:04
stefano.crapanzano@chu.ulg.ac.be,Navigation système de fichier,IT,2021-12-09,16:57:55,00:01:09
stefano.crapanzano@chu.ulg.ac.be,Navigation système de fichier,IT,2021-12-09,17:00:13,00:00:03
stefano.crapanzano@chu.ulg.ac.be,Navigation système de fichier,IT,2021-12-09,17:00:28,00:00:22
stefano.crapanzano@chu.ulg.ac.be,Navigation système de fichier,IT,2021-12-09,17:02:19,00:00:03
stefano.crapanzano@chu.ulg.ac.be,Rédaction : Re: Petit changement de jour de congé - Thunderbird,Helpdesk général,2021-12-09,08:37:34,00:00:38
stefano.crapanzano@chu.ulg.ac.be,Rédaction : Re: Petit changement de jour de congé - Thunderbird,Helpdesk général,2021-12-09,08:38:28,00:00:18
stefano.crapanzano@chu.ulg.ac.be,Rédaction : Re: Petit changement de jour de congé - Thunderbird,Helpdesk général,2021-12-09,08:48:40,00:00:42
stefano.crapanzano@chu.ulg.ac.be,Rédaction : Re: Petit changement de jour de congé - Thunderbird,Helpdesk général,2021-12-09,08:51:20,00:00:34
stefano.crapanzano@chu.ulg.ac.be,Vérification de l’orthographe,Helpdesk général,2021-12-09,12:10:50,00:00:02
stefano.crapanzano@chu.ulg.ac.be,Vérification de l’orthographe,Helpdesk général,2021-12-09,15:33:26,00:00:02
stefano.crapanzano@chu.ulg.ac.be,GOAL - LABO - Google Chrome,Tâches diverses,2021-12-09,08:38:56,00:00:02
stefano.crapanzano@chu.ulg.ac.be,GOAL - LABO - Google Chrome,Tâches diverses,2021-12-09,08:52:06,00:01:08
stefano.crapanzano@chu.ulg.ac.be,GOAL - LABO - Google Chrome,Tâches diverses,2021-12-09,08:54:00,00:00:03
stefano.crapanzano@chu.ulg.ac.be,GOAL - LABO - Google Chrome,Tâches diverses,2021-12-09,08:56:15,00:12:03
stefano.crapanzano@chu.ulg.ac.be,GOAL - LABO - Google Chrome,Tâches diverses,2021-12-09,09:28:23,00:12:01
stefano.crapanzano@chu.ulg.ac.be,GOAL - LABO - Google Chrome,Tâches diverses,2021-12-09,09:40:25,00:08:50
stefano.crapanzano@chu.ulg.ac.be,GOAL - LABO - Google Chrome,Tâches diverses,2021-12-09,09:49:19,00:05:52
stefano.crapanzano@chu.ulg.ac.be,GOAL - LABO - Google Chrome,Tâches diverses,2021-12-09,09:55:13,00:00:51
stefano.crapanzano@chu.ulg.ac.be,GOAL - LABO - Google Chrome,Tâches diverses,2021-12-09,10:00:37,00:00:04
stefano.crapanzano@chu.ulg.ac.be,GOAL - LABO - Google Chrome,Tâches diverses,2021-12-09,10:06:51,00:00:02
stefano.crapanzano@chu.ulg.ac.be,GOAL - LABO - Google Chrome,Tâches diverses,2021-12-09,10:06:55,00:00:26
stefano.crapanzano@chu.ulg.ac.be,GOAL - LABO - Google Chrome,Helpdesk général,2021-12-09,10:17:31,00:00:15
stefano.crapanzano@chu.ulg.ac.be,GOAL - LABO - Google Chrome,Tâches diverses,2021-12-09,10:46:21,00:01:13
stefano.crapanzano@chu.ulg.ac.be,GOAL - LABO - Google Chrome,Tâches diverses,2021-12-09,10:49:28,00:00:02
stefano.crapanzano@chu.ulg.ac.be,GOAL - LABO - Google Chrome,Tâches diverses,2021-12-09,10:50:06,00:00:31
stefano.crapanzano@chu.ulg.ac.be,GOAL - LABO - Google Chrome,Tâches diverses,2021-12-09,10:51:41,00:00:26
stefano.crapanzano@chu.ulg.ac.be,GOAL - LABO - Google Chrome,Tâches diverses,2021-12-09,10:53:01,00:00:29
stefano.crapanzano@chu.ulg.ac.be,GOAL - LABO - Google Chrome,Tâches diverses,2021-12-09,10:58:41,00:00:10
stefano.crapanzano@chu.ulg.ac.be,GOAL - LABO - Google Chrome,Helpdesk général,2021-12-09,11:00:01,00:00:31
stefano.crapanzano@chu.ulg.ac.be,GOAL - LABO - Google Chrome,Tâches diverses,2021-12-09,11:03:37,00:00:26
stefano.crapanzano@chu.ulg.ac.be,GOAL - LABO - Google Chrome,Tâches diverses,2021-12-09,11:04:48,00:00:26
stefano.crapanzano@chu.ulg.ac.be,GOAL - LABO - Google Chrome,Tâches diverses,2021-12-09,11:05:35,00:00:03
stefano.crapanzano@chu.ulg.ac.be,GOAL - LABO - Google Chrome,Helpdesk général,2021-12-09,11:06:57,00:01:38
stefano.crapanzano@chu.ulg.ac.be,GOAL - LABO - Google Chrome,Tâches diverses,2021-12-09,11:09:54,00:00:04
stefano.crapanzano@chu.ulg.ac.be,GOAL - LABO - Google Chrome,Tâches diverses,2021-12-09,11:10:01,00:00:03
stefano.crapanzano@chu.ulg.ac.be,GOAL - LABO - Google Chrome,Tâches diverses,2021-12-09,11:10:17,00:00:20
stefano.crapanzano@chu.ulg.ac.be,GOAL - LABO - Google Chrome,Tâches diverses,2021-12-09,11:11:04,00:00:13
stefano.crapanzano@chu.ulg.ac.be,GOAL - LABO - Google Chrome,Tâches diverses,2021-12-09,11:11:23,00:00:08
stefano.crapanzano@chu.ulg.ac.be,GOAL - LABO - Google Chrome,Tâches diverses,2021-12-09,11:12:19,00:01:52
stefano.crapanzano@chu.ulg.ac.be,GOAL - LABO - Google Chrome,Tâches diverses,2021-12-09,11:14:17,00:03:52
stefano.crapanzano@chu.ulg.ac.be,GOAL - LABO - Google Chrome,Tâches diverses,2021-12-09,11:19:22,00:00:38
stefano.crapanzano@chu.ulg.ac.be,GOAL - LABO - Google Chrome,Tâches diverses,2021-12-09,11:34:16,00:00:29
stefano.crapanzano@chu.ulg.ac.be,GOAL - LABO - Google Chrome,Tâches diverses,2021-12-09,11:34:51,00:00:04
stefano.crapanzano@chu.ulg.ac.be,GOAL - LABO - Google Chrome,Tâches diverses,2021-12-09,11:34:59,00:00:03
stefano.crapanzano@chu.ulg.ac.be,GOAL - LABO - Google Chrome,Tâches diverses,2021-12-09,11:35:07,00:00:05
stefano.crapanzano@chu.ulg.ac.be,GOAL - LABO - Google Chrome,Tâches diverses,2021-12-09,11:35:43,00:00:06
stefano.crapanzano@chu.ulg.ac.be,GOAL - LABO - Google Chrome,Tâches diverses,2021-12-09,11:35:58,00:00:02
stefano.crapanzano@chu.ulg.ac.be,GOAL - LABO - Google Chrome,Tâches diverses,2021-12-09,11:36:13,00:00:06
stefano.crapanzano@chu.ulg.ac.be,GOAL - LABO - Google Chrome,Tâches diverses,2021-12-09,11:36:23,00:00:05
stefano.crapanzano@chu.ulg.ac.be,GOAL - LABO - Google Chrome,Tâches diverses,2021-12-09,11:36:36,00:00:03
stefano.crapanzano@chu.ulg.ac.be,GOAL - LABO - Google Chrome,Tâches diverses,2021-12-09,11:36:43,00:00:02
stefano.crapanzano@chu.ulg.ac.be,GOAL - LABO - Google Chrome,Tâches diverses,2021-12-09,11:37:33,00:00:02
stefano.crapanzano@chu.ulg.ac.be,GOAL - LABO - Google Chrome,Tâches diverses,2021-12-09,11:37:37,00:01:37
stefano.crapanzano@chu.ulg.ac.be,GOAL - LABO - Google Chrome,Tâches diverses,2021-12-09,11:41:44,00:00:33
stefano.crapanzano@chu.ulg.ac.be,GOAL - LABO - Google Chrome,Tâches diverses,2021-12-09,11:42:37,00:00:35
stefano.crapanzano@chu.ulg.ac.be,GOAL - LABO - Google Chrome,Tâches diverses,2021-12-09,11:43:45,00:00:16
stefano.crapanzano@chu.ulg.ac.be,GOAL - LABO - Google Chrome,Tâches diverses,2021-12-09,11:44:36,00:00:20
stefano.crapanzano@chu.ulg.ac.be,GOAL - LABO - Google Chrome,Tâches diverses,2021-12-09,11:57:16,00:00:54
stefano.crapanzano@chu.ulg.ac.be,GOAL - LABO - Google Chrome,Tâches diverses,2021-12-09,11:59:34,00:00:52
stefano.crapanzano@chu.ulg.ac.be,GOAL - LABO - Google Chrome,Tâches diverses,2021-12-09,12:05:03,00:01:33
stefano.crapanzano@chu.ulg.ac.be,GOAL - LABO - Google Chrome,Tâches diverses,2021-12-09,12:06:40,00:00:21
stefano.crapanzano@chu.ulg.ac.be,GOAL - LABO - Google Chrome,Helpdesk général,2021-12-09,12:11:42,00:00:52
stefano.crapanzano@chu.ulg.ac.be,GOAL - LABO - Google Chrome,Tâches diverses,2021-12-09,12:12:44,00:00:52
stefano.crapanzano@chu.ulg.ac.be,GOAL - LABO - Google Chrome,Tâches diverses,2021-12-09,12:14:02,00:00:02
stefano.crapanzano@chu.ulg.ac.be,GOAL - LABO - Google Chrome,Tâches diverses,2021-12-09,12:16:18,00:00:21
stefano.crapanzano@chu.ulg.ac.be,GOAL - LABO - Google Chrome,Tâches diverses,2021-12-09,12:18:02,00:00:03
stefano.crapanzano@chu.ulg.ac.be,GOAL - LABO - Google Chrome,Tâches diverses,2021-12-09,12:18:20,00:00:02
stefano.crapanzano@chu.ulg.ac.be,GOAL - LABO - Google Chrome,Tâches diverses,2021-12-09,12:18:33,00:00:02
stefano.crapanzano@chu.ulg.ac.be,GOAL - LABO - Google Chrome,Tâches diverses,2021-12-09,12:18:46,00:00:05
stefano.crapanzano@chu.ulg.ac.be,GOAL - LABO - Google Chrome,Tâches diverses,2021-12-09,12:18:53,00:00:05
stefano.crapanzano@chu.ulg.ac.be,GOAL - LABO - Google Chrome,Tâches diverses,2021-12-09,12:32:18,00:00:42
stefano.crapanzano@chu.ulg.ac.be,GOAL - LABO - Google Chrome,Tâches diverses,2021-12-09,12:33:50,00:00:04
stefano.crapanzano@chu.ulg.ac.be,GOAL - LABO - Google Chrome,Tâches diverses,2021-12-09,12:35:08,00:01:35
stefano.crapanzano@chu.ulg.ac.be,GOAL - LABO - Google Chrome,Tâches diverses,2021-12-09,12:37:34,00:02:53
stefano.crapanzano@chu.ulg.ac.be,GOAL - LABO - Google Chrome,Tâches diverses,2021-12-09,12:40:29,00:01:14
stefano.crapanzano@chu.ulg.ac.be,GOAL - LABO - Google Chrome,Tâches diverses,2021-12-09,12:44:33,00:03:22
stefano.crapanzano@chu.ulg.ac.be,GOAL - LABO - Google Chrome,Tâches diverses,2021-12-09,12:48:39,00:00:05
stefano.crapanzano@chu.ulg.ac.be,GOAL - LABO - Google Chrome,Tâches diverses,2021-12-09,12:49:11,00:00:12
stefano.crapanzano@chu.ulg.ac.be,GOAL - LABO - Google Chrome,Tâches diverses,2021-12-09,12:49:30,00:00:09
stefano.crapanzano@chu.ulg.ac.be,GOAL - LABO - Google Chrome,Tâches diverses,2021-12-09,12:49:44,00:00:28
stefano.crapanzano@chu.ulg.ac.be,GOAL - LABO - Google Chrome,Tâches diverses,2021-12-09,12:53:01,00:00:14
stefano.crapanzano@chu.ulg.ac.be,GOAL - LABO - Google Chrome,Tâches diverses,2021-12-09,12:54:36,00:00:17
stefano.crapanzano@chu.ulg.ac.be,GOAL - LABO - Google Chrome,Tâches diverses,2021-12-09,13:00:03,00:00:09
stefano.crapanzano@chu.ulg.ac.be,GOAL - LABO - Google Chrome,Tâches diverses,2021-12-09,13:01:36,00:00:10
stefano.crapanzano@chu.ulg.ac.be,GOAL - LABO - Google Chrome,Tâches diverses,2021-12-09,13:08:17,00:00:08
stefano.crapanzano@chu.ulg.ac.be,GOAL - LABO - Google Chrome,Tâches diverses,2021-12-09,13:10:41,00:00:03
stefano.crapanzano@chu.ulg.ac.be,GOAL - LABO - Google Chrome,Tâches diverses,2021-12-09,13:12:59,00:00:09
stefano.crapanzano@chu.ulg.ac.be,GOAL - LABO - Google Chrome,Tâches diverses,2021-12-09,13:13:31,00:00:38
stefano.crapanzano@chu.ulg.ac.be,GOAL - LABO - Google Chrome,Tâches diverses,2021-12-09,13:14:27,00:00:37
stefano.crapanzano@chu.ulg.ac.be,GOAL - LABO - Google Chrome,Tâches diverses,2021-12-09,13:15:19,00:00:06
stefano.crapanzano@chu.ulg.ac.be,GOAL - LABO - Google Chrome,Tâches diverses,2021-12-09,13:16:08,00:00:09
stefano.crapanzano@chu.ulg.ac.be,GOAL - LABO - Google Chrome,Tâches diverses,2021-12-09,13:19:01,00:00:10
stefano.crapanzano@chu.ulg.ac.be,GOAL - LABO - Google Chrome,Tâches diverses,2021-12-09,13:19:30,00:00:06
stefano.crapanzano@chu.ulg.ac.be,GOAL - LABO - Google Chrome,Tâches diverses,2021-12-09,13:21:47,00:00:09
stefano.crapanzano@chu.ulg.ac.be,GOAL - LABO - Google Chrome,Tâches diverses,2021-12-09,13:24:40,00:00:05
stefano.crapanzano@chu.ulg.ac.be,GOAL - LABO - Google Chrome,Tâches diverses,2021-12-09,13:27:47,00:00:11
stefano.crapanzano@chu.ulg.ac.be,GOAL - LABO - Google Chrome,Tâches diverses,2021-12-09,13:28:02,00:00:07
stefano.crapanzano@chu.ulg.ac.be,GOAL - LABO - Google Chrome,Tâches diverses,2021-12-09,13:28:13,00:00:03
stefano.crapanzano@chu.ulg.ac.be,GOAL - LABO - Google Chrome,Tâches diverses,2021-12-09,13:28:32,00:00:06
stefano.crapanzano@chu.ulg.ac.be,GOAL - LABO - Google Chrome,Tâches diverses,2021-12-09,13:32:45,00:00:03
stefano.crapanzano@chu.ulg.ac.be,GOAL - LABO - Google Chrome,Tâches diverses,2021-12-09,13:33:49,00:00:04
stefano.crapanzano@chu.ulg.ac.be,GOAL - LABO - Google Chrome,Tâches diverses,2021-12-09,13:37:02,00:00:05
stefano.crapanzano@chu.ulg.ac.be,GOAL - LABO - Google Chrome,Tâches diverses,2021-12-09,13:38:34,00:00:03
stefano.crapanzano@chu.ulg.ac.be,GOAL - LABO - Google Chrome,Tâches diverses,2021-12-09,13:38:44,00:00:09
stefano.crapanzano@chu.ulg.ac.be,GOAL - LABO - Google Chrome,Tâches diverses,2021-12-09,13:38:58,00:00:03
stefano.crapanzano@chu.ulg.ac.be,GOAL - LABO - Google Chrome,Tâches diverses,2021-12-09,13:39:34,00:00:03
stefano.crapanzano@chu.ulg.ac.be,GOAL - LABO - Google Chrome,Tâches diverses,2021-12-09,13:41:25,00:00:14
stefano.crapanzano@chu.ulg.ac.be,GOAL - LABO - Google Chrome,Tâches diverses,2021-12-09,13:42:53,00:00:26
stefano.crapanzano@chu.ulg.ac.be,GOAL - LABO - Google Chrome,Tâches diverses,2021-12-09,13:43:42,00:00:27
stefano.crapanzano@chu.ulg.ac.be,GOAL - LABO - Google Chrome,Tâches diverses,2021-12-09,13:45:27,00:00:07
stefano.crapanzano@chu.ulg.ac.be,GOAL - LABO - Google Chrome,Tâches diverses,2021-12-09,13:46:41,00:00:02
stefano.crapanzano@chu.ulg.ac.be,GOAL - LABO - Google Chrome,Tâches diverses,2021-12-09,13:46:45,00:00:25
stefano.crapanzano@chu.ulg.ac.be,GOAL - LABO - Google Chrome,Tâches diverses,2021-12-09,13:47:12,00:00:06
stefano.crapanzano@chu.ulg.ac.be,GOAL - LABO - Google Chrome,Tâches diverses,2021-12-09,13:52:00,00:00:02
stefano.crapanzano@chu.ulg.ac.be,GOAL - LABO - Google Chrome,Tâches diverses,2021-12-09,14:00:33,00:00:04
stefano.crapanzano@chu.ulg.ac.be,GOAL - LABO - Google Chrome,Tâches diverses,2021-12-09,14:00:40,00:00:03
stefano.crapanzano@chu.ulg.ac.be,GOAL - LABO - Google Chrome,Tâches diverses,2021-12-09,14:00:46,00:00:21
stefano.crapanzano@chu.ulg.ac.be,GOAL - LABO - Google Chrome,Tâches diverses,2021-12-09,14:01:10,00:00:02
stefano.crapanzano@chu.ulg.ac.be,GOAL - LABO - Google Chrome,Tâches diverses,2021-12-09,14:01:39,00:00:05
stefano.crapanzano@chu.ulg.ac.be,GOAL - LABO - Google Chrome,Tâches diverses,2021-12-09,14:03:38,00:00:02
stefano.crapanzano@chu.ulg.ac.be,GOAL - LABO - Google Chrome,Tâches diverses,2021-12-09,14:03:44,00:00:02
stefano.crapanzano@chu.ulg.ac.be,GOAL - LABO - Google Chrome,Tâches diverses,2021-12-09,14:04:33,00:00:05
stefano.crapanzano@chu.ulg.ac.be,GOAL - LABO - Google Chrome,Tâches diverses,2021-12-09,14:05:13,00:00:02
stefano.crapanzano@chu.ulg.ac.be,GOAL - LABO - Google Chrome,Tâches diverses,2021-12-09,14:05:38,00:00:05
stefano.crapanzano@chu.ulg.ac.be,GOAL - LABO - Google Chrome,Tâches diverses,2021-12-09,14:06:21,00:00:38
stefano.crapanzano@chu.ulg.ac.be,GOAL - LABO - Google Chrome,Tâches diverses,2021-12-09,14:07:25,00:00:05
stefano.crapanzano@chu.ulg.ac.be,GOAL - LABO - Google Chrome,Tâches diverses,2021-12-09,14:07:31,00:00:40
stefano.crapanzano@chu.ulg.ac.be,GOAL - LABO - Google Chrome,Tâches diverses,2021-12-09,14:09:56,00:00:40
stefano.crapanzano@chu.ulg.ac.be,GOAL - LABO - Google Chrome,Tâches diverses,2021-12-09,14:11:16,00:53:33
stefano.crapanzano@chu.ulg.ac.be,GOAL - LABO - Google Chrome,Tâches diverses,2021-12-09,15:13:25,00:00:12
stefano.crapanzano@chu.ulg.ac.be,GOAL - LABO - Google Chrome,Tâches diverses,2021-12-09,15:21:33,00:00:06
stefano.crapanzano@chu.ulg.ac.be,GOAL - LABO - Google Chrome,Tâches diverses,2021-12-09,15:22:38,00:00:08
stefano.crapanzano@chu.ulg.ac.be,GOAL - LABO - Google Chrome,Helpdesk général,2021-12-09,15:22:54,00:00:04
stefano.crapanzano@chu.ulg.ac.be,GOAL - LABO - Google Chrome,Tâches diverses,2021-12-09,15:23:10,00:00:06
stefano.crapanzano@chu.ulg.ac.be,GOAL - LABO - Google Chrome,Tâches diverses,2021-12-09,15:24:35,00:00:20
stefano.crapanzano@chu.ulg.ac.be,GOAL - LABO - Google Chrome,Tâches diverses,2021-12-09,15:25:10,00:00:47
stefano.crapanzano@chu.ulg.ac.be,GOAL - LABO - Google Chrome,Tâches diverses,2021-12-09,15:26:55,00:00:06
stefano.crapanzano@chu.ulg.ac.be,GOAL - LABO - Google Chrome,Tâches diverses,2021-12-09,15:28:45,00:00:40
stefano.crapanzano@chu.ulg.ac.be,GOAL - LABO - Google Chrome,Tâches diverses,2021-12-09,15:30:11,00:00:07
stefano.crapanzano@chu.ulg.ac.be,GOAL - LABO - Google Chrome,Tâches diverses,2021-12-09,15:30:39,00:00:29
stefano.crapanzano@chu.ulg.ac.be,GOAL - LABO - Google Chrome,Tâches diverses,2021-12-09,15:31:15,00:00:05
stefano.crapanzano@chu.ulg.ac.be,GOAL - LABO - Google Chrome,Tâches diverses,2021-12-09,15:32:46,00:00:03
stefano.crapanzano@chu.ulg.ac.be,GOAL - LABO - Google Chrome,Tâches diverses,2021-12-09,15:33:30,00:00:10
stefano.crapanzano@chu.ulg.ac.be,GOAL - LABO - Google Chrome,Tâches diverses,2021-12-09,15:33:45,00:00:29
stefano.crapanzano@chu.ulg.ac.be,GOAL - LABO - Google Chrome,Tâches diverses,2021-12-09,15:34:56,00:00:12
stefano.crapanzano@chu.ulg.ac.be,GOAL - LABO - Google Chrome,Helpdesk général,2021-12-09,15:35:53,00:00:52
stefano.crapanzano@chu.ulg.ac.be,GOAL - LABO - Google Chrome,Tâches diverses,2021-12-09,15:37:36,00:01:43
stefano.crapanzano@chu.ulg.ac.be,GOAL - LABO - Google Chrome,Tâches diverses,2021-12-09,15:41:49,00:00:06
stefano.crapanzano@chu.ulg.ac.be,GOAL - LABO - Google Chrome,Tâches diverses,2021-12-09,15:42:16,00:00:06
stefano.crapanzano@chu.ulg.ac.be,GOAL - LABO - Google Chrome,Tâches diverses,2021-12-09,15:43:30,00:00:11
stefano.crapanzano@chu.ulg.ac.be,GOAL - LABO - Google Chrome,Tâches diverses,2021-12-09,15:44:20,00:01:14
stefano.crapanzano@chu.ulg.ac.be,GOAL - LABO - Google Chrome,Tâches diverses,2021-12-09,15:49:02,00:00:06
stefano.crapanzano@chu.ulg.ac.be,GOAL - LABO - Google Chrome,Helpdesk général,2021-12-09,15:49:22,00:02:59
stefano.crapanzano@chu.ulg.ac.be,GOAL - LABO - Google Chrome,Tâches diverses,2021-12-09,15:52:56,00:00:38
stefano.crapanzano@chu.ulg.ac.be,GOAL - LABO - Google Chrome,Tâches diverses,2021-12-09,15:53:36,00:02:13
stefano.crapanzano@chu.ulg.ac.be,GOAL - LABO - Google Chrome,Tâches diverses,2021-12-09,15:56:25,00:06:37
stefano.crapanzano@chu.ulg.ac.be,GOAL - LABO - Google Chrome,Tâches diverses,2021-12-09,16:12:59,00:00:32
stefano.crapanzano@chu.ulg.ac.be,GOAL - LABO - Google Chrome,Tâches diverses,2021-12-09,16:13:32,00:00:07
stefano.crapanzano@chu.ulg.ac.be,GOAL - LABO - Google Chrome,Helpdesk général,2021-12-09,16:14:03,00:00:03
stefano.crapanzano@chu.ulg.ac.be,GOAL - LABO - Google Chrome,Tâches diverses,2021-12-09,16:16:24,00:02:58
stefano.crapanzano@chu.ulg.ac.be,GOAL - LABO - Google Chrome,Tâches diverses,2021-12-09,16:23:39,00:05:18
stefano.crapanzano@chu.ulg.ac.be,GOAL - LABO - Google Chrome,Tâches diverses,2021-12-09,16:30:29,00:15:06
stefano.crapanzano@chu.ulg.ac.be,GOAL - LABO - Google Chrome,Tâches diverses,2021-12-09,16:47:40,00:00:05
stefano.crapanzano@chu.ulg.ac.be,GOAL - LABO - Google Chrome,Tâches diverses,2021-12-09,16:48:11,00:00:03
stefano.crapanzano@chu.ulg.ac.be,GOAL - LABO - Google Chrome,Tâches diverses,2021-12-09,16:48:35,00:00:02
stefano.crapanzano@chu.ulg.ac.be,GOAL - LABO - Google Chrome,Tâches diverses,2021-12-09,16:48:39,00:04:05
stefano.crapanzano@chu.ulg.ac.be,GOAL - LABO - Google Chrome,Tâches diverses,2021-12-09,16:53:00,00:04:51
stefano.crapanzano@chu.ulg.ac.be,GOAL - LABO - Google Chrome,Tâches diverses,2021-12-09,17:01:16,00:00:09
stefano.crapanzano@chu.ulg.ac.be,GOAL - LABO - Google Chrome,Helpdesk général,2021-12-09,17:02:07,00:00:12
stefano.crapanzano@chu.ulg.ac.be,GOAL - LABO - Google Chrome,Tâches diverses,2021-12-09,17:02:23,00:00:08
stefano.crapanzano@chu.ulg.ac.be,GOAL - LABO - Google Chrome,Tâches diverses,2021-12-09,17:04:35,00:00:47
stefano.crapanzano@chu.ulg.ac.be,GOAL - LABO - Google Chrome,Tâches diverses,2021-12-09,17:05:24,00:02:02
stefano.crapanzano@chu.ulg.ac.be,Petit changement de jour de congé - Mozilla Thunderbird,Tâches diverses,2021-12-09,08:38:59,00:00:02
stefano.crapanzano@chu.ulg.ac.be,Courrier entrant - stefano.crapanzano@chuliege.be - Mozilla Thunderbird,Helpdesk général,2021-12-09,08:39:02,00:00:05
stefano.crapanzano@chu.ulg.ac.be,Courrier entrant - stefano.crapanzano@chuliege.be - Mozilla Thunderbird,Helpdesk général,2021-12-09,08:41:15,00:00:22
stefano.crapanzano@chu.ulg.ac.be,Courrier entrant - stefano.crapanzano@chuliege.be - Mozilla Thunderbird,Helpdesk général,2021-12-09,08:47:04,00:01:36
stefano.crapanzano@chu.ulg.ac.be,Courrier entrant - stefano.crapanzano@chuliege.be - Mozilla Thunderbird,Helpdesk général,2021-12-09,08:49:24,00:01:08
stefano.crapanzano@chu.ulg.ac.be,Courrier entrant - stefano.crapanzano@chuliege.be - Mozilla Thunderbird,Helpdesk général,2021-12-09,08:51:15,00:00:04
stefano.crapanzano@chu.ulg.ac.be,Courrier entrant - stefano.crapanzano@chuliege.be - Mozilla Thunderbird,Helpdesk général,2021-12-09,08:51:57,00:00:04
stefano.crapanzano@chu.ulg.ac.be,Courrier entrant - stefano.crapanzano@chuliege.be - Mozilla Thunderbird,Helpdesk général,2021-12-09,08:53:14,00:00:36
stefano.crapanzano@chu.ulg.ac.be,Courrier entrant - stefano.crapanzano@chuliege.be - Mozilla Thunderbird,Helpdesk général,2021-12-09,08:53:54,00:00:02
stefano.crapanzano@chu.ulg.ac.be,Courrier entrant - stefano.crapanzano@chuliege.be - Mozilla Thunderbird,Helpdesk général,2021-12-09,12:31:31,00:00:02
stefano.crapanzano@chu.ulg.ac.be,Courrier entrant - stefano.crapanzano@chuliege.be - Mozilla Thunderbird,Helpdesk général,2021-12-09,15:56:08,00:00:05
stefano.crapanzano@chu.ulg.ac.be,Courrier entrant - erp.sai@chuliege.be - Mozilla Thunderbird,Helpdesk général,2021-12-09,08:39:07,00:00:07
stefano.crapanzano@chu.ulg.ac.be,Courrier entrant - erp.sai@chuliege.be - Mozilla Thunderbird,Helpdesk général,2021-12-09,08:41:38,00:00:07
stefano.crapanzano@chu.ulg.ac.be,Courrier entrant - erp.sai@chuliege.be - Mozilla Thunderbird,Helpdesk général,2021-12-09,08:42:44,00:00:03
stefano.crapanzano@chu.ulg.ac.be,Courrier entrant - erp.sai@chuliege.be - Mozilla Thunderbird,Helpdesk général,2021-12-09,08:53:50,00:00:03
stefano.crapanzano@chu.ulg.ac.be,Courrier entrant - erp.sai@chuliege.be - Mozilla Thunderbird,Helpdesk général,2021-12-09,09:08:22,00:06:11
stefano.crapanzano@chu.ulg.ac.be,Courrier entrant - erp.sai@chuliege.be - Mozilla Thunderbird,Helpdesk général,2021-12-09,09:16:32,00:00:04
stefano.crapanzano@chu.ulg.ac.be,Courrier entrant - erp.sai@chuliege.be - Mozilla Thunderbird,Helpdesk général,2021-12-09,10:20:59,00:00:41
stefano.crapanzano@chu.ulg.ac.be,Courrier entrant - erp.sai@chuliege.be - Mozilla Thunderbird,Tâches diverses,2021-12-09,12:07:02,00:00:05
stefano.crapanzano@chu.ulg.ac.be,Courrier entrant - erp.sai@chuliege.be - Mozilla Thunderbird,Helpdesk général,2021-12-09,12:11:00,00:00:02
stefano.crapanzano@chu.ulg.ac.be,Courrier entrant - erp.sai@chuliege.be - Mozilla Thunderbird,Helpdesk général,2021-12-09,12:31:33,00:00:44
stefano.crapanzano@chu.ulg.ac.be,Courrier entrant - erp.sai@chuliege.be - Mozilla Thunderbird,Helpdesk général,2021-12-09,12:50:52,00:00:25
stefano.crapanzano@chu.ulg.ac.be,Courrier entrant - erp.sai@chuliege.be - Mozilla Thunderbird,Helpdesk général,2021-12-09,14:09:38,00:00:15
stefano.crapanzano@chu.ulg.ac.be,Courrier entrant - erp.sai@chuliege.be - Mozilla Thunderbird,Helpdesk général,2021-12-09,15:29:25,00:00:10
stefano.crapanzano@chu.ulg.ac.be,Courrier entrant - erp.sai@chuliege.be - Mozilla Thunderbird,Helpdesk général,2021-12-09,15:56:04,00:00:03
stefano.crapanzano@chu.ulg.ac.be,Courrier entrant - erp.sai@chuliege.be - Mozilla Thunderbird,Helpdesk général,2021-12-09,16:21:54,00:01:43
stefano.crapanzano@chu.ulg.ac.be,Envoyés - erp.sai@chuliege.be - Mozilla Thunderbird,Helpdesk général,2021-12-09,08:39:15,00:00:03
stefano.crapanzano@chu.ulg.ac.be,Envoyés - erp.sai@chuliege.be - Mozilla Thunderbird,Helpdesk général,2021-12-09,08:53:57,00:00:02
stefano.crapanzano@chu.ulg.ac.be,Envoyés - erp.sai@chuliege.be - Mozilla Thunderbird,Tâches diverses,2021-12-09,09:08:18,00:00:03
stefano.crapanzano@chu.ulg.ac.be,Envoyés - erp.sai@chuliege.be - Mozilla Thunderbird,Helpdesk général,2021-12-09,09:16:36,00:01:17
stefano.crapanzano@chu.ulg.ac.be,Envoyés - erp.sai@chuliege.be - Mozilla Thunderbird,Helpdesk général,2021-12-09,09:17:56,00:10:26
stefano.crapanzano@chu.ulg.ac.be,Envoyés - erp.sai@chuliege.be - Mozilla Thunderbird,Helpdesk général,2021-12-09,12:11:03,00:00:38
stefano.crapanzano@chu.ulg.ac.be,Envoyés - erp.sai@chuliege.be - Mozilla Thunderbird,Helpdesk général,2021-12-09,12:31:28,00:00:02
stefano.crapanzano@chu.ulg.ac.be,Envoyés - erp.sai@chuliege.be - Mozilla Thunderbird,Helpdesk général,2021-12-09,12:41:52,00:02:41
stefano.crapanzano@chu.ulg.ac.be,Envoyés - erp.sai@chuliege.be - Mozilla Thunderbird,Helpdesk général,2021-12-09,12:50:50,00:00:02
stefano.crapanzano@chu.ulg.ac.be,Envoyés - erp.sai@chuliege.be - Mozilla Thunderbird,Helpdesk général,2021-12-09,15:29:36,00:00:14
stefano.crapanzano@chu.ulg.ac.be,Envoyés - erp.sai@chuliege.be - Mozilla Thunderbird,Helpdesk général,2021-12-09,15:34:17,00:00:37
stefano.crapanzano@chu.ulg.ac.be,Envoyés - erp.sai@chuliege.be - Mozilla Thunderbird,Helpdesk général,2021-12-09,15:55:49,00:00:14
stefano.crapanzano@chu.ulg.ac.be,Envoyés - erp.sai@chuliege.be - Mozilla Thunderbird,Helpdesk général,2021-12-09,15:56:13,00:00:12
stefano.crapanzano@chu.ulg.ac.be,Envoyés - erp.sai@chuliege.be - Mozilla Thunderbird,Helpdesk général,2021-12-09,16:21:52,00:00:02
stefano.crapanzano@chu.ulg.ac.be,Envoyés - erp.sai@chuliege.be - Mozilla Thunderbird,Helpdesk général,2021-12-09,17:03:07,00:00:56
stefano.crapanzano@chu.ulg.ac.be,Envoyés - stefano.crapanzano@chuliege.be - Mozilla Thunderbird,Helpdesk général,2021-12-09,08:39:19,00:00:59
stefano.crapanzano@chu.ulg.ac.be,Envoyés - stefano.crapanzano@chuliege.be - Mozilla Thunderbird,Helpdesk général,2021-12-09,08:41:12,00:00:02
stefano.crapanzano@chu.ulg.ac.be,scripting - How to delete items from a dictionary while iterating over it? - Stack Overflow - Google Chrome,Tâches diverses,2021-12-09,08:54:12,00:01:47
stefano.crapanzano@chu.ulg.ac.be,Sélectionnez l’objet utilisateur à changer | Site d’administration de Django - Google Chrome,Tâches diverses,2021-12-09,08:56:00,00:00:04
stefano.crapanzano@chu.ulg.ac.be,Service MT - Google Chrome,Tâches diverses,2021-12-09,08:40:37,00:00:35
stefano.crapanzano@chu.ulg.ac.be,Service MT - Google Chrome,Tâches diverses,2021-12-09,08:54:03,00:00:03
stefano.crapanzano@chu.ulg.ac.be,Identification - Google Chrome,Tâches diverses,2021-12-09,08:40:28,00:00:09
stefano.crapanzano@chu.ulg.ac.be,Les degrés de parenté - Famidac - Google Chrome,Tâches diverses,2021-12-09,08:50:32,00:00:42
stefano.crapanzano@chu.ulg.ac.be,Les degrés de parenté - Famidac - Google Chrome,Helpdesk général,2021-12-09,08:52:02,00:00:04
stefano.crapanzano@chu.ulg.ac.be,Quantité à commander ne vient pas de ZMMARTIKEL sur A03 - Xperthis ERP4HC 2.0 Rollout - Service d'assistance - Google Chrome,Tâches diverses,2021-12-09,08:54:07,00:00:02
stefano.crapanzano@chu.ulg.ac.be,Quantité à commander ne vient pas de ZMMARTIKEL sur A03 - Xperthis ERP4HC 2.0 Rollout - Service d'assistance - Google Chrome,Tâches diverses,2021-12-09,08:56:07,00:00:02
stefano.crapanzano@chu.ulg.ac.be,POST data - Google Chrome,Tâches diverses,2021-12-09,10:00:47,00:00:02
stefano.crapanzano@chu.ulg.ac.be,Rechercher [DokuWiki ERP] - Google Chrome,Tâches diverses,2021-12-09,08:56:11,00:00:02
stefano.crapanzano@chu.ulg.ac.be,Rédaction : Re: Modification goal.chuliege.be - Thunderbird,Helpdesk général,2021-12-09,09:14:33,00:01:32
stefano.crapanzano@chu.ulg.ac.be,Rédaction : Re: Modification goal.chuliege.be - Thunderbird,Helpdesk général,2021-12-09,09:16:08,00:00:21
stefano.crapanzano@chu.ulg.ac.be,Rédaction : Re: Modification goal.chuliege.be - Thunderbird,Helpdesk général,2021-12-09,12:07:11,00:03:38
stefano.crapanzano@chu.ulg.ac.be,Rédaction : Re: Modification goal.chuliege.be - Thunderbird,Helpdesk général,2021-12-09,15:29:51,00:00:18
stefano.crapanzano@chu.ulg.ac.be,Rédaction : Re: Modification goal.chuliege.be - Thunderbird,Helpdesk général,2021-12-09,15:31:10,00:00:03
stefano.crapanzano@chu.ulg.ac.be,Rédaction : Re: Modification goal.chuliege.be - Thunderbird,Helpdesk général,2021-12-09,15:31:22,00:01:23
stefano.crapanzano@chu.ulg.ac.be,Rédaction : Re: Modification goal.chuliege.be - Thunderbird,Helpdesk général,2021-12-09,15:32:52,00:00:34
stefano.crapanzano@chu.ulg.ac.be,Propriétés des liens,Helpdesk général,2021-12-09,09:16:05,00:00:02
stefano.crapanzano@chu.ulg.ac.be,Explication mise à jour goal.chuliege.be - OneNote,Helpdesk général,2021-12-09,09:17:54,00:00:02
stefano.crapanzano@chu.ulg.ac.be,Programmation,IT,2021-12-09,09:56:05,00:02:39
stefano.crapanzano@chu.ulg.ac.be,Programmation,IT,2021-12-09,10:01:34,00:00:48
stefano.crapanzano@chu.ulg.ac.be,Programmation,IT,2021-12-09,10:09:54,00:00:58
stefano.crapanzano@chu.ulg.ac.be,Programmation,IT,2021-12-09,10:34:34,00:00:40
stefano.crapanzano@chu.ulg.ac.be,Programmation,IT,2021-12-09,10:48:50,00:00:34
stefano.crapanzano@chu.ulg.ac.be,Programmation,IT,2021-12-09,10:49:35,00:00:29
stefano.crapanzano@chu.ulg.ac.be,Programmation,IT,2021-12-09,10:50:40,00:00:37
stefano.crapanzano@chu.ulg.ac.be,Programmation,IT,2021-12-09,10:52:08,00:00:47
stefano.crapanzano@chu.ulg.ac.be,Programmation,IT,2021-12-09,10:53:30,00:00:28
stefano.crapanzano@chu.ulg.ac.be,Programmation,IT,2021-12-09,10:56:55,00:00:41
stefano.crapanzano@chu.ulg.ac.be,Programmation,IT,2021-12-09,11:04:11,00:00:35
stefano.crapanzano@chu.ulg.ac.be,Programmation,IT,2021-12-09,11:18:27,00:00:35
stefano.crapanzano@chu.ulg.ac.be,Programmation,IT,2021-12-09,11:19:05,00:00:02
stefano.crapanzano@chu.ulg.ac.be,Programmation,IT,2021-12-09,11:24:07,00:00:08
stefano.crapanzano@chu.ulg.ac.be,Programmation,IT,2021-12-09,11:33:44,00:00:03
stefano.crapanzano@chu.ulg.ac.be,Programmation,IT,2021-12-09,11:33:51,00:00:25
stefano.crapanzano@chu.ulg.ac.be,Programmation,IT,2021-12-09,11:34:46,00:00:03
stefano.crapanzano@chu.ulg.ac.be,Programmation,IT,2021-12-09,11:34:55,00:00:03
stefano.crapanzano@chu.ulg.ac.be,Programmation,IT,2021-12-09,11:35:26,00:00:14
stefano.crapanzano@chu.ulg.ac.be,Programmation,IT,2021-12-09,11:35:51,00:00:06
stefano.crapanzano@chu.ulg.ac.be,Programmation,IT,2021-12-09,11:36:04,00:00:05
stefano.crapanzano@chu.ulg.ac.be,Programmation,IT,2021-12-09,11:36:51,00:00:26
stefano.crapanzano@chu.ulg.ac.be,Programmation,IT,2021-12-09,11:40:16,00:00:25
stefano.crapanzano@chu.ulg.ac.be,Programmation,IT,2021-12-09,11:41:28,00:00:16
stefano.crapanzano@chu.ulg.ac.be,Programmation,IT,2021-12-09,11:42:20,00:00:16
stefano.crapanzano@chu.ulg.ac.be,Programmation,IT,2021-12-09,11:43:13,00:00:16
stefano.crapanzano@chu.ulg.ac.be,Programmation,IT,2021-12-09,11:44:02,00:00:28
stefano.crapanzano@chu.ulg.ac.be,Programmation,IT,2021-12-09,11:45:24,00:00:17
stefano.crapanzano@chu.ulg.ac.be,Programmation,IT,2021-12-09,11:50:53,00:00:45
stefano.crapanzano@chu.ulg.ac.be,Programmation,IT,2021-12-09,11:52:04,00:00:07
stefano.crapanzano@chu.ulg.ac.be,Programmation,IT,2021-12-09,11:52:45,00:00:11
stefano.crapanzano@chu.ulg.ac.be,Programmation,IT,2021-12-09,11:53:14,00:00:09
stefano.crapanzano@chu.ulg.ac.be,Programmation,IT,2021-12-09,11:54:22,00:00:27
stefano.crapanzano@chu.ulg.ac.be,Programmation,IT,2021-12-09,11:55:12,00:00:12
stefano.crapanzano@chu.ulg.ac.be,Programmation,IT,2021-12-09,11:56:25,00:00:32
stefano.crapanzano@chu.ulg.ac.be,Programmation,IT,2021-12-09,11:58:13,00:00:11
stefano.crapanzano@chu.ulg.ac.be,Programmation,IT,2021-12-09,12:02:28,00:00:21
stefano.crapanzano@chu.ulg.ac.be,Programmation,IT,2021-12-09,12:02:59,00:00:24
stefano.crapanzano@chu.ulg.ac.be,Programmation,IT,2021-12-09,12:03:47,00:00:25
stefano.crapanzano@chu.ulg.ac.be,Programmation,IT,2021-12-09,12:04:26,00:00:23
stefano.crapanzano@chu.ulg.ac.be,Programmation,IT,2021-12-09,12:12:38,00:00:06
stefano.crapanzano@chu.ulg.ac.be,Programmation,IT,2021-12-09,12:13:38,00:00:06
stefano.crapanzano@chu.ulg.ac.be,Programmation,IT,2021-12-09,12:14:15,00:00:37
stefano.crapanzano@chu.ulg.ac.be,Programmation,IT,2021-12-09,12:15:42,00:00:20
stefano.crapanzano@chu.ulg.ac.be,Programmation,IT,2021-12-09,12:34:06,00:00:20
stefano.crapanzano@chu.ulg.ac.be,Programmation,IT,2021-12-09,12:34:33,00:00:18
stefano.crapanzano@chu.ulg.ac.be,Programmation,IT,2021-12-09,12:36:44,00:00:39
stefano.crapanzano@chu.ulg.ac.be,Programmation,IT,2021-12-09,12:54:54,00:01:30
stefano.crapanzano@chu.ulg.ac.be,Programmation,IT,2021-12-09,12:57:54,00:00:55
stefano.crapanzano@chu.ulg.ac.be,Programmation,IT,2021-12-09,12:59:01,00:00:02
stefano.crapanzano@chu.ulg.ac.be,Programmation,IT,2021-12-09,12:59:29,00:00:26
stefano.crapanzano@chu.ulg.ac.be,Programmation,IT,2021-12-09,13:03:30,00:03:30
stefano.crapanzano@chu.ulg.ac.be,Programmation,IT,2021-12-09,13:07:13,00:00:16
stefano.crapanzano@chu.ulg.ac.be,Programmation,IT,2021-12-09,13:07:39,00:00:22
stefano.crapanzano@chu.ulg.ac.be,Programmation,IT,2021-12-09,13:08:08,00:00:07
stefano.crapanzano@chu.ulg.ac.be,Programmation,IT,2021-12-09,13:08:30,00:00:10
stefano.crapanzano@chu.ulg.ac.be,Programmation,IT,2021-12-09,13:08:44,00:01:52
stefano.crapanzano@chu.ulg.ac.be,Programmation,IT,2021-12-09,13:10:52,00:02:01
stefano.crapanzano@chu.ulg.ac.be,Programmation,IT,2021-12-09,13:15:32,00:00:36
stefano.crapanzano@chu.ulg.ac.be,Programmation,IT,2021-12-09,13:16:19,00:02:39
stefano.crapanzano@chu.ulg.ac.be,Programmation,IT,2021-12-09,13:19:16,00:00:13
stefano.crapanzano@chu.ulg.ac.be,Programmation,IT,2021-12-09,13:19:42,00:01:17
stefano.crapanzano@chu.ulg.ac.be,Programmation,IT,2021-12-09,13:21:03,00:00:44
stefano.crapanzano@chu.ulg.ac.be,Programmation,IT,2021-12-09,13:21:58,00:02:42
stefano.crapanzano@chu.ulg.ac.be,Programmation,IT,2021-12-09,13:24:46,00:02:59
stefano.crapanzano@chu.ulg.ac.be,Programmation,IT,2021-12-09,13:27:59,00:00:02
stefano.crapanzano@chu.ulg.ac.be,Programmation,IT,2021-12-09,13:28:41,00:04:02
stefano.crapanzano@chu.ulg.ac.be,Programmation,IT,2021-12-09,13:32:51,00:00:57
stefano.crapanzano@chu.ulg.ac.be,Programmation,IT,2021-12-09,13:33:55,00:03:07
stefano.crapanzano@chu.ulg.ac.be,Programmation,IT,2021-12-09,13:37:09,00:01:25
stefano.crapanzano@chu.ulg.ac.be,Programmation,IT,2021-12-09,13:38:39,00:00:03
stefano.crapanzano@chu.ulg.ac.be,Programmation,IT,2021-12-09,13:38:53,00:00:04
stefano.crapanzano@chu.ulg.ac.be,Programmation,IT,2021-12-09,13:39:02,00:00:31
stefano.crapanzano@chu.ulg.ac.be,Programmation,IT,2021-12-09,13:39:40,00:00:33
stefano.crapanzano@chu.ulg.ac.be,Programmation,IT,2021-12-09,13:44:12,00:01:05
stefano.crapanzano@chu.ulg.ac.be,Programmation,IT,2021-12-09,13:45:39,00:01:01
stefano.crapanzano@chu.ulg.ac.be,Programmation,IT,2021-12-09,13:50:35,00:00:34
stefano.crapanzano@chu.ulg.ac.be,Programmation,IT,2021-12-09,13:52:11,00:00:16
stefano.crapanzano@chu.ulg.ac.be,Programmation,IT,2021-12-09,13:52:57,00:06:04
stefano.crapanzano@chu.ulg.ac.be,Programmation,IT,2021-12-09,13:59:03,00:01:27
stefano.crapanzano@chu.ulg.ac.be,Programmation,IT,2021-12-09,14:01:13,00:00:22
stefano.crapanzano@chu.ulg.ac.be,Programmation,IT,2021-12-09,14:01:37,00:00:02
stefano.crapanzano@chu.ulg.ac.be,Programmation,IT,2021-12-09,14:02:06,00:01:14
stefano.crapanzano@chu.ulg.ac.be,Programmation,IT,2021-12-09,14:03:27,00:00:09
stefano.crapanzano@chu.ulg.ac.be,Programmation,IT,2021-12-09,14:03:42,00:00:02
stefano.crapanzano@chu.ulg.ac.be,Programmation,IT,2021-12-09,14:03:47,00:00:46
stefano.crapanzano@chu.ulg.ac.be,Programmation,IT,2021-12-09,14:04:39,00:00:32
stefano.crapanzano@chu.ulg.ac.be,Programmation,IT,2021-12-09,14:05:17,00:00:21
stefano.crapanzano@chu.ulg.ac.be,Programmation,IT,2021-12-09,14:05:45,00:00:21
stefano.crapanzano@chu.ulg.ac.be,Programmation,IT,2021-12-09,15:10:53,00:01:17
stefano.crapanzano@chu.ulg.ac.be,Programmation,IT,2021-12-09,15:12:21,00:00:57
stefano.crapanzano@chu.ulg.ac.be,Programmation,IT,2021-12-09,15:13:39,00:00:30
stefano.crapanzano@chu.ulg.ac.be,Programmation,IT,2021-12-09,15:25:59,00:00:44
stefano.crapanzano@chu.ulg.ac.be,Programmation,IT,2021-12-09,15:35:10,00:00:32
stefano.crapanzano@chu.ulg.ac.be,Programmation,IT,2021-12-09,15:39:41,00:00:37
stefano.crapanzano@chu.ulg.ac.be,Programmation,IT,2021-12-09,15:43:42,00:00:37
stefano.crapanzano@chu.ulg.ac.be,Programmation,IT,2021-12-09,15:45:34,00:00:10
stefano.crapanzano@chu.ulg.ac.be,Programmation,IT,2021-12-09,15:46:12,00:02:15
stefano.crapanzano@chu.ulg.ac.be,Programmation,IT,2021-12-09,16:19:23,00:00:10
stefano.crapanzano@chu.ulg.ac.be,Programmation,IT,2021-12-09,16:45:40,00:00:50
stefano.crapanzano@chu.ulg.ac.be,Netop Invité,Helpdesk général,2021-12-09,09:58:44,00:00:05
stefano.crapanzano@chu.ulg.ac.be,Netop Invité,Helpdesk général,2021-12-09,15:09:09,00:00:03
stefano.crapanzano@chu.ulg.ac.be,Netop Invité,Helpdesk général,2021-12-09,16:46:31,00:00:02
stefano.crapanzano@chu.ulg.ac.be,Netop Invité,Tâches diverses,2021-12-09,16:57:51,00:00:03
stefano.crapanzano@chu.ulg.ac.be,Connexion à l'aide de l'authentification Windows,Helpdesk général,2021-12-09,09:58:50,00:00:02
stefano.crapanzano@chu.ulg.ac.be,Connexion à l'aide de l'authentification Windows,Helpdesk général,2021-12-09,13:40:18,00:00:02
stefano.crapanzano@chu.ulg.ac.be,Connexion à l'aide de l'authentification Windows,Helpdesk général,2021-12-09,15:09:13,00:00:04
stefano.crapanzano@chu.ulg.ac.be,Connexion à l'aide de l'authentification Windows,Helpdesk général,2021-12-09,16:04:23,00:00:02
stefano.crapanzano@chu.ulg.ac.be,Connexion à l'aide de l'authentification Windows,Helpdesk général,2021-12-09,16:46:33,00:00:04
stefano.crapanzano@chu.ulg.ac.be,Connexion à l'aide de l'authentification Windows,Helpdesk général,2021-12-09,16:59:07,00:00:03
stefano.crapanzano@chu.ulg.ac.be,erpftp - Netop Remote Control,Helpdesk général,2021-12-09,09:58:54,00:01:43
stefano.crapanzano@chu.ulg.ac.be,erpftp - Netop Remote Control,Helpdesk général,2021-12-09,10:00:52,00:00:40
stefano.crapanzano@chu.ulg.ac.be,erpftp - Netop Remote Control,Helpdesk général,2021-12-09,10:02:24,00:02:58
stefano.crapanzano@chu.ulg.ac.be,erpftp - Netop Remote Control,Helpdesk général,2021-12-09,10:05:38,00:00:06
stefano.crapanzano@chu.ulg.ac.be,erpftp - Netop Remote Control,Helpdesk général,2021-12-09,10:06:01,00:00:46
stefano.crapanzano@chu.ulg.ac.be,erpftp - Netop Remote Control,Helpdesk général,2021-12-09,10:07:22,00:00:21
stefano.crapanzano@chu.ulg.ac.be,erpftp - Netop Remote Control,Helpdesk général,2021-12-09,10:07:55,00:00:40
stefano.crapanzano@chu.ulg.ac.be,erpftp - Netop Remote Control,Helpdesk général,2021-12-09,10:08:58,00:00:15
stefano.crapanzano@chu.ulg.ac.be,erpftp - Netop Remote Control,Helpdesk général,2021-12-09,10:09:27,00:00:17
stefano.crapanzano@chu.ulg.ac.be,erpftp - Netop Remote Control,Helpdesk général,2021-12-09,10:10:54,00:00:17
stefano.crapanzano@chu.ulg.ac.be,erpftp - Netop Remote Control,Helpdesk général,2021-12-09,10:14:23,00:02:43
stefano.crapanzano@chu.ulg.ac.be,erpftp - Netop Remote Control,Helpdesk général,2021-12-09,10:17:22,00:00:09
stefano.crapanzano@chu.ulg.ac.be,erpftp - Netop Remote Control,Helpdesk général,2021-12-09,10:17:48,00:00:05
stefano.crapanzano@chu.ulg.ac.be,erpftp - Netop Remote Control,Helpdesk général,2021-12-09,10:19:54,00:01:04
stefano.crapanzano@chu.ulg.ac.be,erpftp - Netop Remote Control,Helpdesk général,2021-12-09,10:21:42,00:00:52
stefano.crapanzano@chu.ulg.ac.be,erpftp - Netop Remote Control,Helpdesk général,2021-12-09,10:24:45,00:01:53
stefano.crapanzano@chu.ulg.ac.be,erpftp - Netop Remote Control,Helpdesk général,2021-12-09,10:26:51,00:00:25
stefano.crapanzano@chu.ulg.ac.be,erpftp - Netop Remote Control,Helpdesk général,2021-12-09,10:27:27,00:00:52
stefano.crapanzano@chu.ulg.ac.be,erpftp - Netop Remote Control,Helpdesk général,2021-12-09,10:28:42,00:00:26
stefano.crapanzano@chu.ulg.ac.be,erpftp - Netop Remote Control,Helpdesk général,2021-12-09,10:29:22,00:00:54
stefano.crapanzano@chu.ulg.ac.be,erpftp - Netop Remote Control,Helpdesk général,2021-12-09,10:30:20,00:00:02
stefano.crapanzano@chu.ulg.ac.be,erpftp - Netop Remote Control,Helpdesk général,2021-12-09,10:30:26,00:00:02
stefano.crapanzano@chu.ulg.ac.be,erpftp - Netop Remote Control,Tâches diverses,2021-12-09,10:30:37,00:00:04
stefano.crapanzano@chu.ulg.ac.be,erpftp - Netop Remote Control,Helpdesk général,2021-12-09,10:30:49,00:00:33
stefano.crapanzano@chu.ulg.ac.be,erpftp - Netop Remote Control,Helpdesk général,2021-12-09,10:31:29,00:00:19
stefano.crapanzano@chu.ulg.ac.be,erpftp - Netop Remote Control,Helpdesk général,2021-12-09,10:32:03,00:00:32
stefano.crapanzano@chu.ulg.ac.be,erpftp - Netop Remote Control,Helpdesk général,2021-12-09,10:33:51,00:00:43
stefano.crapanzano@chu.ulg.ac.be,erpftp - Netop Remote Control,Helpdesk général,2021-12-09,10:35:14,00:01:39
stefano.crapanzano@chu.ulg.ac.be,erpftp - Netop Remote Control,Helpdesk général,2021-12-09,10:47:39,00:01:10
stefano.crapanzano@chu.ulg.ac.be,erpftp - Netop Remote Control,Helpdesk général,2021-12-09,10:51:19,00:00:21
stefano.crapanzano@chu.ulg.ac.be,erpftp - Netop Remote Control,Helpdesk général,2021-12-09,10:56:37,00:00:17
stefano.crapanzano@chu.ulg.ac.be,erpftp - Netop Remote Control,Helpdesk général,2021-12-09,10:57:37,00:01:03
stefano.crapanzano@chu.ulg.ac.be,erpftp - Netop Remote Control,Helpdesk général,2021-12-09,10:59:38,00:00:22
stefano.crapanzano@chu.ulg.ac.be,erpftp - Netop Remote Control,Helpdesk général,2021-12-09,11:00:44,00:01:10
stefano.crapanzano@chu.ulg.ac.be,erpftp - Netop Remote Control,Helpdesk général,2021-12-09,11:03:26,00:00:09
stefano.crapanzano@chu.ulg.ac.be,erpftp - Netop Remote Control,Helpdesk général,2021-12-09,11:04:04,00:00:06
stefano.crapanzano@chu.ulg.ac.be,erpftp - Netop Remote Control,Helpdesk général,2021-12-09,11:05:52,00:01:05
stefano.crapanzano@chu.ulg.ac.be,erpftp - Netop Remote Control,Helpdesk général,2021-12-09,11:09:39,00:00:13
stefano.crapanzano@chu.ulg.ac.be,erpftp - Netop Remote Control,Helpdesk général,2021-12-09,11:10:06,00:00:10
stefano.crapanzano@chu.ulg.ac.be,erpftp - Netop Remote Control,Tâches diverses,2021-12-09,11:10:38,00:00:26
stefano.crapanzano@chu.ulg.ac.be,erpftp - Netop Remote Control,Helpdesk général,2021-12-09,11:11:18,00:00:05
stefano.crapanzano@chu.ulg.ac.be,erpftp - Netop Remote Control,Helpdesk général,2021-12-09,11:11:36,00:00:43
stefano.crapanzano@chu.ulg.ac.be,erpftp - Netop Remote Control,Helpdesk général,2021-12-09,11:18:11,00:00:14
stefano.crapanzano@chu.ulg.ac.be,erpftp - Netop Remote Control,Helpdesk général,2021-12-09,11:19:10,00:00:12
stefano.crapanzano@chu.ulg.ac.be,erpftp - Netop Remote Control,Helpdesk général,2021-12-09,11:37:19,00:00:13
stefano.crapanzano@chu.ulg.ac.be,erpftp - Netop Remote Control,Helpdesk général,2021-12-09,11:44:32,00:00:03
stefano.crapanzano@chu.ulg.ac.be,erpftp - Netop Remote Control,Helpdesk général,2021-12-09,11:44:58,00:00:26
stefano.crapanzano@chu.ulg.ac.be,erpftp - Netop Remote Control,Helpdesk général,2021-12-09,11:51:40,00:00:22
stefano.crapanzano@chu.ulg.ac.be,erpftp - Netop Remote Control,Helpdesk général,2021-12-09,11:52:12,00:00:15
stefano.crapanzano@chu.ulg.ac.be,erpftp - Netop Remote Control,Helpdesk général,2021-12-09,11:52:34,00:00:09
stefano.crapanzano@chu.ulg.ac.be,erpftp - Netop Remote Control,Helpdesk général,2021-12-09,11:52:57,00:00:17
stefano.crapanzano@chu.ulg.ac.be,erpftp - Netop Remote Control,Helpdesk général,2021-12-09,11:54:50,00:00:21
stefano.crapanzano@chu.ulg.ac.be,erpftp - Netop Remote Control,Helpdesk général,2021-12-09,12:03:26,00:00:20
stefano.crapanzano@chu.ulg.ac.be,erpftp - Netop Remote Control,Helpdesk général,2021-12-09,12:04:15,00:00:10
stefano.crapanzano@chu.ulg.ac.be,erpftp - Netop Remote Control,Helpdesk général,2021-12-09,12:04:51,00:00:11
stefano.crapanzano@chu.ulg.ac.be,erpftp - Netop Remote Control,Helpdesk général,2021-12-09,12:16:04,00:00:13
stefano.crapanzano@chu.ulg.ac.be,erpftp - Netop Remote Control,Helpdesk général,2021-12-09,12:37:26,00:00:08
stefano.crapanzano@chu.ulg.ac.be,erpftp - Netop Remote Control,Helpdesk général,2021-12-09,12:50:14,00:00:36
stefano.crapanzano@chu.ulg.ac.be,erpftp - Netop Remote Control,Helpdesk général,2021-12-09,12:53:18,00:00:34
stefano.crapanzano@chu.ulg.ac.be,erpftp - Netop Remote Control,Helpdesk général,2021-12-09,13:00:16,00:01:20
stefano.crapanzano@chu.ulg.ac.be,erpftp - Netop Remote Control,Helpdesk général,2021-12-09,13:01:48,00:00:28
stefano.crapanzano@chu.ulg.ac.be,erpftp - Netop Remote Control,Helpdesk général,2021-12-09,13:02:54,00:00:36
stefano.crapanzano@chu.ulg.ac.be,erpftp - Netop Remote Control,Helpdesk général,2021-12-09,13:40:22,00:01:02
stefano.crapanzano@chu.ulg.ac.be,erpftp - Netop Remote Control,Helpdesk général,2021-12-09,13:41:41,00:01:12
stefano.crapanzano@chu.ulg.ac.be,erpftp - Netop Remote Control,Helpdesk général,2021-12-09,13:43:20,00:00:21
stefano.crapanzano@chu.ulg.ac.be,erpftp - Netop Remote Control,Helpdesk général,2021-12-09,13:45:18,00:00:09
stefano.crapanzano@chu.ulg.ac.be,erpftp - Netop Remote Control,Helpdesk général,2021-12-09,14:06:07,00:00:13
stefano.crapanzano@chu.ulg.ac.be,erpftp - Netop Remote Control,Helpdesk général,2021-12-09,14:07:01,00:00:21
stefano.crapanzano@chu.ulg.ac.be,erpftp - Netop Remote Control,Helpdesk général,2021-12-09,14:09:34,00:00:03
stefano.crapanzano@chu.ulg.ac.be,erpftp - Netop Remote Control,Helpdesk général,2021-12-09,15:09:18,00:00:41
stefano.crapanzano@chu.ulg.ac.be,erpftp - Netop Remote Control,Helpdesk général,2021-12-09,15:10:07,00:00:10
stefano.crapanzano@chu.ulg.ac.be,erpftp - Netop Remote Control,Helpdesk général,2021-12-09,15:10:21,00:00:32
stefano.crapanzano@chu.ulg.ac.be,erpftp - Netop Remote Control,Helpdesk général,2021-12-09,15:14:10,00:00:31
stefano.crapanzano@chu.ulg.ac.be,erpftp - Netop Remote Control,Helpdesk général,2021-12-09,15:14:48,00:00:51
stefano.crapanzano@chu.ulg.ac.be,erpftp - Netop Remote Control,Helpdesk général,2021-12-09,15:16:17,00:01:10
stefano.crapanzano@chu.ulg.ac.be,erpftp - Netop Remote Control,Helpdesk général,2021-12-09,15:17:56,00:00:41
stefano.crapanzano@chu.ulg.ac.be,erpftp - Netop Remote Control,Helpdesk général,2021-12-09,15:19:32,00:00:22
stefano.crapanzano@chu.ulg.ac.be,erpftp - Netop Remote Control,Helpdesk général,2021-12-09,15:20:06,00:00:04
stefano.crapanzano@chu.ulg.ac.be,erpftp - Netop Remote Control,Helpdesk général,2021-12-09,15:21:41,00:00:56
stefano.crapanzano@chu.ulg.ac.be,erpftp - Netop Remote Control,Helpdesk général,2021-12-09,15:22:46,00:00:08
stefano.crapanzano@chu.ulg.ac.be,erpftp - Netop Remote Control,Helpdesk général,2021-12-09,15:22:58,00:00:12
stefano.crapanzano@chu.ulg.ac.be,erpftp - Netop Remote Control,Helpdesk général,2021-12-09,15:23:17,00:01:17
stefano.crapanzano@chu.ulg.ac.be,erpftp - Netop Remote Control,Helpdesk général,2021-12-09,15:24:56,00:00:06
stefano.crapanzano@chu.ulg.ac.be,erpftp - Netop Remote Control,Helpdesk général,2021-12-09,15:25:04,00:00:05
stefano.crapanzano@chu.ulg.ac.be,erpftp - Netop Remote Control,Helpdesk général,2021-12-09,15:26:45,00:00:09
stefano.crapanzano@chu.ulg.ac.be,erpftp - Netop Remote Control,Helpdesk général,2021-12-09,15:27:03,00:01:41
stefano.crapanzano@chu.ulg.ac.be,erpftp - Netop Remote Control,Helpdesk général,2021-12-09,15:30:18,00:00:20
stefano.crapanzano@chu.ulg.ac.be,erpftp - Netop Remote Control,Helpdesk général,2021-12-09,15:33:42,00:00:02
stefano.crapanzano@chu.ulg.ac.be,erpftp - Netop Remote Control,Helpdesk général,2021-12-09,15:35:44,00:00:09
stefano.crapanzano@chu.ulg.ac.be,erpftp - Netop Remote Control,Helpdesk général,2021-12-09,15:36:47,00:00:48
stefano.crapanzano@chu.ulg.ac.be,erpftp - Netop Remote Control,Helpdesk général,2021-12-09,15:39:21,00:00:20
stefano.crapanzano@chu.ulg.ac.be,erpftp - Netop Remote Control,Helpdesk général,2021-12-09,15:40:20,00:01:28
stefano.crapanzano@chu.ulg.ac.be,erpftp - Netop Remote Control,Helpdesk général,2021-12-09,15:41:57,00:00:19
stefano.crapanzano@chu.ulg.ac.be,erpftp - Netop Remote Control,Helpdesk général,2021-12-09,15:42:22,00:01:07
stefano.crapanzano@chu.ulg.ac.be,erpftp - Netop Remote Control,Helpdesk général,2021-12-09,15:48:28,00:00:30
stefano.crapanzano@chu.ulg.ac.be,erpftp - Netop Remote Control,Helpdesk général,2021-12-09,15:49:10,00:00:11
stefano.crapanzano@chu.ulg.ac.be,erpftp - Netop Remote Control,Helpdesk général,2021-12-09,16:03:02,00:01:16
stefano.crapanzano@chu.ulg.ac.be,erpftp - Netop Remote Control,Helpdesk général,2021-12-09,16:04:27,00:05:24
stefano.crapanzano@chu.ulg.ac.be,erpftp - Netop Remote Control,Helpdesk général,2021-12-09,16:12:36,00:00:23
stefano.crapanzano@chu.ulg.ac.be,erpftp - Netop Remote Control,Helpdesk général,2021-12-09,16:13:40,00:00:23
stefano.crapanzano@chu.ulg.ac.be,erpftp - Netop Remote Control,Helpdesk général,2021-12-09,16:14:08,00:00:05
stefano.crapanzano@chu.ulg.ac.be,erpftp - Netop Remote Control,Helpdesk général,2021-12-09,16:14:15,00:02:05
stefano.crapanzano@chu.ulg.ac.be,erpftp - Netop Remote Control,Helpdesk général,2021-12-09,16:21:21,00:00:27
stefano.crapanzano@chu.ulg.ac.be,erpftp - Netop Remote Control,Helpdesk général,2021-12-09,16:46:39,00:01:01
stefano.crapanzano@chu.ulg.ac.be,erpftp - Netop Remote Control,Helpdesk général,2021-12-09,16:47:47,00:00:24
stefano.crapanzano@chu.ulg.ac.be,erpftp - Netop Remote Control,Helpdesk général,2021-12-09,16:48:16,00:00:18
stefano.crapanzano@chu.ulg.ac.be,erpftp - Netop Remote Control,Helpdesk général,2021-12-09,16:52:46,00:00:10
stefano.crapanzano@chu.ulg.ac.be,erpftp - Netop Remote Control,Helpdesk général,2021-12-09,16:59:11,00:00:05
stefano.crapanzano@chu.ulg.ac.be,erpftp - Netop Remote Control,Helpdesk général,2021-12-09,17:00:16,00:00:02
stefano.crapanzano@chu.ulg.ac.be,erpftp - Netop Remote Control,Helpdesk général,2021-12-09,17:00:20,00:00:07
stefano.crapanzano@chu.ulg.ac.be,erpftp - Netop Remote Control,Helpdesk général,2021-12-09,17:00:50,00:00:25
stefano.crapanzano@chu.ulg.ac.be,Nouvel onglet - Google Chrome,Tâches diverses,2021-12-09,10:00:41,00:00:05
stefano.crapanzano@chu.ulg.ac.be,Nouvel onglet - Google Chrome,Tâches diverses,2021-12-09,10:28:20,00:00:05
stefano.crapanzano@chu.ulg.ac.be,Nouvel onglet - Google Chrome,Tâches diverses,2021-12-09,14:08:11,00:00:07
stefano.crapanzano@chu.ulg.ac.be,Nouvel onglet - Google Chrome,Tâches diverses,2021-12-09,15:10:01,00:00:04
stefano.crapanzano@chu.ulg.ac.be,Nouvel onglet - Google Chrome,Tâches diverses,2021-12-09,15:52:22,00:00:02
stefano.crapanzano@chu.ulg.ac.be,500 - Erreur interne au serveur. - Google Chrome,Tâches diverses,2021-12-09,15:14:43,00:00:03
stefano.crapanzano@chu.ulg.ac.be,DBeaver 21.0.0 - stock_catalogue,Helpdesk général,2021-12-09,10:09:44,00:00:02
stefano.crapanzano@chu.ulg.ac.be,DBeaver 21.0.0 - stock_catalogue,Helpdesk général,2021-12-09,10:31:49,00:00:08
stefano.crapanzano@chu.ulg.ac.be,DBeaver 21.0.0 - stock_catalogue,Helpdesk général,2021-12-09,10:36:54,00:00:04
stefano.crapanzano@chu.ulg.ac.be,DBeaver 21.0.0 - stock_receptionnaire,Helpdesk général,2021-12-09,10:11:11,00:00:05
stefano.crapanzano@chu.ulg.ac.be,C:\temp\gestion_utilisateur_employe\gestion_utilisateur_employe_202112091012.csv - Notepad++ [Administrator],IT,2021-12-09,10:12:56,00:00:02
stefano.crapanzano@chu.ulg.ac.be,C:\temp\gestion_utilisateur_employe\gestion_utilisateur_employe_202112091012.csv - Notepad++ [Administrator],IT,2021-12-09,10:43:10,00:00:05
stefano.crapanzano@chu.ulg.ac.be,DBeaver 21.0.0 - auth_user,Helpdesk général,2021-12-09,15:17:28,00:00:28
stefano.crapanzano@chu.ulg.ac.be,DBeaver 21.0.0 - auth_user,Tâches diverses,2021-12-09,17:00:03,00:00:06
stefano.crapanzano@chu.ulg.ac.be,github mssql django - Recherche Google - Google Chrome,Tâches diverses,2021-12-09,10:28:27,00:00:04
stefano.crapanzano@chu.ulg.ac.be,GitHub - microsoft/mssql-django: The Microsoft SQL Server 3rd Party Backend for Django provides a connectivity layer for Django on SQL Server or Azure SQL DB. - Google Chrome,Tâches diverses,2021-12-09,10:28:32,00:00:09
stefano.crapanzano@chu.ulg.ac.be,GitHub - microsoft/mssql-django: The Microsoft SQL Server 3rd Party Backend for Django provides a connectivity layer for Django on SQL Server or Azure SQL DB. - Google Chrome,Tâches diverses,2021-12-09,10:29:09,00:00:11
stefano.crapanzano@chu.ulg.ac.be,GitHub - microsoft/mssql-django: The Microsoft SQL Server 3rd Party Backend for Django provides a connectivity layer for Django on SQL Server or Azure SQL DB. - Google Chrome,Tâches diverses,2021-12-09,10:30:16,00:00:04
stefano.crapanzano@chu.ulg.ac.be,GitHub - microsoft/mssql-django: The Microsoft SQL Server 3rd Party Backend for Django provides a connectivity layer for Django on SQL Server or Azure SQL DB. - Google Chrome,Tâches diverses,2021-12-09,10:30:28,00:00:08
stefano.crapanzano@chu.ulg.ac.be,GitHub - microsoft/mssql-django: The Microsoft SQL Server 3rd Party Backend for Django provides a connectivity layer for Django on SQL Server or Azure SQL DB. - Google Chrome,Tâches diverses,2021-12-09,15:12:13,00:00:08
stefano.crapanzano@chu.ulg.ac.be,Nouvel onglet – Brave,Helpdesk général,2021-12-09,10:32:35,00:00:15
stefano.crapanzano@chu.ulg.ac.be,DBeaver 21.0.0 - <ErpToolsDb.st.chulg> Script-8,Helpdesk général,2021-12-09,10:55:36,00:00:03
stefano.crapanzano@chu.ulg.ac.be,DBeaver 21.0.0 - <ErpToolsDb.st.chulg> Script-8,Tâches diverses,2021-12-09,11:20:01,00:03:44
stefano.crapanzano@chu.ulg.ac.be,DBeaver 21.0.0 - <ErpToolsDb.st.chulg> Script-8,Tâches diverses,2021-12-09,11:36:46,00:00:03
stefano.crapanzano@chu.ulg.ac.be,127.0.0.1 - Google Chrome,Tâches diverses,2021-12-09,10:49:31,00:00:04
stefano.crapanzano@chu.ulg.ac.be,ProgrammingError at / - Google Chrome,Tâches diverses,2021-12-09,11:00:33,00:00:07
stefano.crapanzano@chu.ulg.ac.be,ProgrammingError at / - Google Chrome,Tâches diverses,2021-12-09,15:21:31,00:00:02
stefano.crapanzano@chu.ulg.ac.be,ProgrammingError at /api/all-stocks-list/ ('42000'   [42000] [Microsoft][ODBC Driver 11 for SQL Server][SQL Server]Incorrect syntax near '0'. (102) (SQLExecDirectW) ) - Recherche Google - Google Chrome,Tâches diverses,2021-12-09,11:08:38,00:00:07
stefano.crapanzano@chu.ulg.ac.be,ProgrammingError at ('42000'   [42000] [Microsoft][ODBC Driver 11 for SQL Server][SQL Server]Incorrect syntax near '0'. (102) (SQLExecDirectW) ) - Recherche Google - Google Chrome,Tâches diverses,2021-12-09,11:08:45,00:00:04
stefano.crapanzano@chu.ulg.ac.be,python - pyodbc Incorrect syntax near '-'. (102) - Stack Overflow - Google Chrome,Tâches diverses,2021-12-09,11:08:49,00:00:43
stefano.crapanzano@chu.ulg.ac.be,MultiValueDictKeyError at /gestion-utilisateur/ - Google Chrome,Tâches diverses,2021-12-09,11:14:12,00:00:05
stefano.crapanzano@chu.ulg.ac.be,FieldDoesNotExist at / - Google Chrome,Tâches diverses,2021-12-09,11:35:03,00:00:04
stefano.crapanzano@chu.ulg.ac.be,FieldDoesNotExist at / - Google Chrome,Tâches diverses,2021-12-09,11:35:13,00:00:11
stefano.crapanzano@chu.ulg.ac.be,OperationalError at / - Google Chrome,Tâches diverses,2021-12-09,11:36:00,00:00:04
stefano.crapanzano@chu.ulg.ac.be,Rédaction : goal.chuliege.be - Thunderbird,Helpdesk général,2021-12-09,12:06:36,00:00:03
stefano.crapanzano@chu.ulg.ac.be,Modification goal.chuliege.be - Mozilla Thunderbird,Helpdesk général,2021-12-09,12:07:07,00:00:04
stefano.crapanzano@chu.ulg.ac.be,Modification goal.chuliege.be - Mozilla Thunderbird,Helpdesk général,2021-12-09,12:10:52,00:00:08
stefano.crapanzano@chu.ulg.ac.be,SAP Logon 760,Exploration SAP,2021-12-09,12:51:18,00:00:09
stefano.crapanzano@chu.ulg.ac.be,SAP Logon 760,Exploration SAP,2021-12-09,12:58:50,00:00:02
stefano.crapanzano@chu.ulg.ac.be,SAP Logon 760,Exploration SAP,2021-12-09,13:13:27,00:00:04
stefano.crapanzano@chu.ulg.ac.be,SAP Logon 760,Exploration SAP,2021-12-09,14:01:58,00:00:02
stefano.crapanzano@chu.ulg.ac.be,I:\Informatique\ERP\Securite\security\CHL_ERP_CONNEXION_SAP.info - Notepad++ [Administrator],IT,2021-12-09,12:51:58,00:00:02
stefano.crapanzano@chu.ulg.ac.be,I:\Informatique\ERP\Securite\security\CHL_ERP_CONNEXION_SAP.info - Notepad++ [Administrator],IT,2021-12-09,12:56:25,00:00:04
stefano.crapanzano@chu.ulg.ac.be,\\filesrv01.st.chulg\oazis_prod\APPL_PROD\SOURCES\BAT\ERP\CHL_ERP_RAPPORT_STOCK_ARTICLE.bat - Notepad++ [Administrator],IT,2021-12-09,12:52:33,00:00:20
stefano.crapanzano@chu.ulg.ac.be,\\filesrv01.st.chulg\oazis_prod\APPL_PROD\SOURCES\BAT\ERP\CHL_ERP_RAPPORT_STOCK_ARTICLE.bat - Notepad++ [Administrator],IT,2021-12-09,12:56:44,00:00:09
stefano.crapanzano@chu.ulg.ac.be,\\filesrv01.st.chulg\oazis_prod\APPL_PROD\SOURCES\BAT\ERP\CHL_ERP_RAPPORT_STOCK_ARTICLE.bat - Notepad++ [Administrator],IT,2021-12-09,12:57:03,00:00:05
stefano.crapanzano@chu.ulg.ac.be,I:\Informatique\ERP\Securite\security\CHL_ERP_CONNEXION_SAP_AE2.info - Notepad++ [Administrator],IT,2021-12-09,12:57:48,00:00:03
stefano.crapanzano@chu.ulg.ac.be,I:\Informatique\ERP\Securite\security\CHL_ERP_CONNEXION_SAP_AE2.info - Notepad++ [Administrator],IT,2021-12-09,12:59:18,00:00:05
stefano.crapanzano@chu.ulg.ac.be,SAP,Exploration SAP,2021-12-09,12:58:52,00:00:05
stefano.crapanzano@chu.ulg.ac.be,SAP,Exploration SAP,2021-12-09,12:59:06,00:00:02
stefano.crapanzano@chu.ulg.ac.be,SAP,Exploration SAP,2021-12-09,13:13:10,00:00:07
stefano.crapanzano@chu.ulg.ac.be,Information,Exploration SAP,2021-12-09,12:59:08,00:00:03
stefano.crapanzano@chu.ulg.ac.be,KeyError at /stock/article/602311/from/sap - Google Chrome,Tâches diverses,2021-12-09,13:08:25,00:00:03
stefano.crapanzano@chu.ulg.ac.be,KeyError at /stock/article/602311/from/sap - Google Chrome,Tâches diverses,2021-12-09,13:08:40,00:00:02
stefano.crapanzano@chu.ulg.ac.be,KeyError at /stock/article/602311/from/sap - Google Chrome,Tâches diverses,2021-12-09,13:10:37,00:00:03
stefano.crapanzano@chu.ulg.ac.be,KeyError at /stock/article/602311/from/sap - Google Chrome,Tâches diverses,2021-12-09,13:10:44,00:00:07
stefano.crapanzano@chu.ulg.ac.be,KeyError at /stock/article/602311/from/sap - Google Chrome,Tâches diverses,2021-12-09,13:12:56,00:00:02
stefano.crapanzano@chu.ulg.ac.be,Valeur par Type de Magasin,Exploration SAP,2021-12-09,13:13:18,00:00:02
stefano.crapanzano@chu.ulg.ac.be,Gewaardeerde voorraad,Exploration SAP,2021-12-09,13:13:23,00:00:04
stefano.crapanzano@chu.ulg.ac.be,Gewaardeerde voorraad,Exploration SAP,2021-12-09,13:28:22,00:00:02
stefano.crapanzano@chu.ulg.ac.be,Gewaardeerde voorraad,Exploration SAP,2021-12-09,13:28:26,00:00:02
stefano.crapanzano@chu.ulg.ac.be,Gewaardeerde voorraad,Exploration SAP,2021-12-09,14:01:51,00:00:02
stefano.crapanzano@chu.ulg.ac.be,Gewaardeerde voorraad,Exploration SAP,2021-12-09,14:01:55,00:00:02
stefano.crapanzano@chu.ulg.ac.be,C:\temp\rapport_stock_article_2021_12_09_13_12_57_602311.txt - Notepad++ [Administrator],IT,2021-12-09,13:14:21,00:00:05
stefano.crapanzano@chu.ulg.ac.be,C:\temp\rapport_stock_article_2021_12_09_13_12_57_602311.txt - Notepad++ [Administrator],IT,2021-12-09,13:15:12,00:00:03
stefano.crapanzano@chu.ulg.ac.be,Datatables: Change cell color based on values - Stack Overflow - Google Chrome,Tâches diverses,2021-12-09,14:08:20,00:01:08
stefano.crapanzano@chu.ulg.ac.be,C:\Users\c158492\Desktop\auth_user_202112091507.csv - Notepad++ [Administrator],IT,2021-12-09,15:07:27,00:00:02
stefano.crapanzano@chu.ulg.ac.be,ERRORS: ?: (staticfiles.E002) The STATICFILES_DIRS setting should not contain the STATIC_ROOT setting. - Recherche Google - Google Chrome,Tâches diverses,2021-12-09,15:45:45,00:00:03
stefano.crapanzano@chu.ulg.ac.be,django - Collecting staticfiles throws ImproperlyConfigured - Stack Overflow - Google Chrome,Tâches diverses,2021-12-09,15:45:49,00:00:18
stefano.crapanzano@chu.ulg.ac.be,myCHU - Google Chrome,Tâches diverses,2021-12-09,15:52:24,00:00:31
