Email,Description,Project,Start date,Start time,Duration
stefano.crapanzano@chu.ulg.ac.be,Administrateur : C:\Windows\system32\cmd.exe - python  main.py,IT,2021-12-07,08:27:26,00:00:02
stefano.crapanzano@chu.ulg.ac.be,Courrier entrant - erp.sai@chuliege.be - Mozilla Thunderbird,Helpdesk général,2021-12-07,08:27:33,00:00:10
stefano.crapanzano@chu.ulg.ac.be,Courrier entrant - erp.sai@chuliege.be - Mozilla Thunderbird,Tâches diverses,2021-12-07,08:28:57,00:01:53
stefano.crapanzano@chu.ulg.ac.be,Courrier entrant - erp.sai@chuliege.be - Mozilla Thunderbird,Helpdesk général,2021-12-07,08:30:52,00:05:46
stefano.crapanzano@chu.ulg.ac.be,Courrier entrant - erp.sai@chuliege.be - Mozilla Thunderbird,Helpdesk général,2021-12-07,08:36:41,00:00:02
stefano.crapanzano@chu.ulg.ac.be,Courrier entrant - erp.sai@chuliege.be - Mozilla Thunderbird,Helpdesk général,2021-12-07,09:47:08,00:00:09
stefano.crapanzano@chu.ulg.ac.be,Courrier entrant - erp.sai@chuliege.be - Mozilla Thunderbird,Helpdesk général,2021-12-07,09:47:22,00:00:14
stefano.crapanzano@chu.ulg.ac.be,Courrier entrant - erp.sai@chuliege.be - Mozilla Thunderbird,Helpdesk général,2021-12-07,09:52:04,00:00:02
stefano.crapanzano@chu.ulg.ac.be,Courrier entrant - erp.sai@chuliege.be - Mozilla Thunderbird,Helpdesk général,2021-12-07,09:52:23,00:00:07
stefano.crapanzano@chu.ulg.ac.be,Courrier entrant - erp.sai@chuliege.be - Mozilla Thunderbird,Helpdesk général,2021-12-07,09:52:33,00:00:02
stefano.crapanzano@chu.ulg.ac.be,Courrier entrant - erp.sai@chuliege.be - Mozilla Thunderbird,Helpdesk général,2021-12-07,10:24:40,00:00:10
stefano.crapanzano@chu.ulg.ac.be,Courrier entrant - erp.sai@chuliege.be - Mozilla Thunderbird,Helpdesk général,2021-12-07,10:46:34,00:00:03
stefano.crapanzano@chu.ulg.ac.be,Courrier entrant - erp.sai@chuliege.be - Mozilla Thunderbird,Helpdesk général,2021-12-07,11:33:14,00:00:02
stefano.crapanzano@chu.ulg.ac.be,Courrier entrant - erp.sai@chuliege.be - Mozilla Thunderbird,Helpdesk général,2021-12-07,11:33:39,00:00:06
stefano.crapanzano@chu.ulg.ac.be,Courrier entrant - erp.sai@chuliege.be - Mozilla Thunderbird,Tâches diverses,2021-12-07,11:36:10,00:00:04
stefano.crapanzano@chu.ulg.ac.be,Courrier entrant - erp.sai@chuliege.be - Mozilla Thunderbird,Helpdesk général,2021-12-07,11:36:15,00:00:34
stefano.crapanzano@chu.ulg.ac.be,Courrier entrant - erp.sai@chuliege.be - Mozilla Thunderbird,Tâches diverses,2021-12-07,11:37:05,00:00:06
stefano.crapanzano@chu.ulg.ac.be,Courrier entrant - erp.sai@chuliege.be - Mozilla Thunderbird,Helpdesk général,2021-12-07,11:37:26,00:00:06
stefano.crapanzano@chu.ulg.ac.be,Courrier entrant - erp.sai@chuliege.be - Mozilla Thunderbird,Helpdesk général,2021-12-07,11:37:43,00:00:06
stefano.crapanzano@chu.ulg.ac.be,Courrier entrant - erp.sai@chuliege.be - Mozilla Thunderbird,Helpdesk général,2021-12-07,11:40:37,00:00:05
stefano.crapanzano@chu.ulg.ac.be,Courrier entrant - erp.sai@chuliege.be - Mozilla Thunderbird,Helpdesk général,2021-12-07,12:12:59,00:00:41
stefano.crapanzano@chu.ulg.ac.be,Courrier entrant - erp.sai@chuliege.be - Mozilla Thunderbird,Helpdesk général,2021-12-07,12:29:41,00:00:05
stefano.crapanzano@chu.ulg.ac.be,Courrier entrant - erp.sai@chuliege.be - Mozilla Thunderbird,Helpdesk général,2021-12-07,13:50:52,00:00:02
stefano.crapanzano@chu.ulg.ac.be,Courrier entrant - erp.sai@chuliege.be - Mozilla Thunderbird,Helpdesk général,2021-12-07,13:55:17,00:00:07
stefano.crapanzano@chu.ulg.ac.be,Courrier entrant - erp.sai@chuliege.be - Mozilla Thunderbird,Helpdesk général,2021-12-07,13:55:37,00:00:02
stefano.crapanzano@chu.ulg.ac.be,Courrier entrant - erp.sai@chuliege.be - Mozilla Thunderbird,Helpdesk général,2021-12-07,14:52:35,00:00:03
stefano.crapanzano@chu.ulg.ac.be,Courrier entrant - erp.sai@chuliege.be - Mozilla Thunderbird,Helpdesk général,2021-12-07,14:52:49,00:00:02
stefano.crapanzano@chu.ulg.ac.be,Courrier entrant - erp.sai@chuliege.be - Mozilla Thunderbird,Tâches diverses,2021-12-07,15:10:55,00:00:02
stefano.crapanzano@chu.ulg.ac.be,Courrier entrant - erp.sai@chuliege.be - Mozilla Thunderbird,Helpdesk général,2021-12-07,15:27:41,00:00:15
stefano.crapanzano@chu.ulg.ac.be,Courrier entrant - erp.sai@chuliege.be - Mozilla Thunderbird,Helpdesk général,2021-12-07,15:43:23,00:00:06
stefano.crapanzano@chu.ulg.ac.be,Courrier entrant - erp.sai@chuliege.be - Mozilla Thunderbird,Helpdesk général,2021-12-07,16:23:00,00:00:02
stefano.crapanzano@chu.ulg.ac.be,Courrier entrant - stefano.crapanzano@chuliege.be - Mozilla Thunderbird,Helpdesk général,2021-12-07,08:27:30,00:00:02
stefano.crapanzano@chu.ulg.ac.be,Courrier entrant - stefano.crapanzano@chuliege.be - Mozilla Thunderbird,Helpdesk général,2021-12-07,08:36:39,00:00:02
stefano.crapanzano@chu.ulg.ac.be,Courrier entrant - stefano.crapanzano@chuliege.be - Mozilla Thunderbird,Helpdesk général,2021-12-07,09:52:31,00:00:02
stefano.crapanzano@chu.ulg.ac.be,Courrier entrant - stefano.crapanzano@chuliege.be - Mozilla Thunderbird,Helpdesk général,2021-12-07,10:24:51,00:00:02
stefano.crapanzano@chu.ulg.ac.be,Courrier entrant - stefano.crapanzano@chuliege.be - Mozilla Thunderbird,Helpdesk général,2021-12-07,12:13:41,00:00:58
stefano.crapanzano@chu.ulg.ac.be,Courrier entrant - stefano.crapanzano@chuliege.be - Mozilla Thunderbird,Helpdesk général,2021-12-07,12:29:47,00:00:03
stefano.crapanzano@chu.ulg.ac.be,Courrier entrant - stefano.crapanzano@chuliege.be - Mozilla Thunderbird,Helpdesk général,2021-12-07,13:50:49,00:00:02
stefano.crapanzano@chu.ulg.ac.be,Courrier entrant - stefano.crapanzano@chuliege.be - Mozilla Thunderbird,Helpdesk général,2021-12-07,13:50:55,00:00:13
stefano.crapanzano@chu.ulg.ac.be,Courrier entrant - stefano.crapanzano@chuliege.be - Mozilla Thunderbird,Helpdesk général,2021-12-07,13:53:48,00:00:05
stefano.crapanzano@chu.ulg.ac.be,Courrier entrant - stefano.crapanzano@chuliege.be - Mozilla Thunderbird,Helpdesk général,2021-12-07,13:53:59,00:00:10
stefano.crapanzano@chu.ulg.ac.be,Courrier entrant - stefano.crapanzano@chuliege.be - Mozilla Thunderbird,Helpdesk général,2021-12-07,13:55:25,00:00:12
stefano.crapanzano@chu.ulg.ac.be,Courrier entrant - stefano.crapanzano@chuliege.be - Mozilla Thunderbird,Helpdesk général,2021-12-07,14:26:54,00:00:02
stefano.crapanzano@chu.ulg.ac.be,Courrier entrant - stefano.crapanzano@chuliege.be - Mozilla Thunderbird,Helpdesk général,2021-12-07,15:43:52,00:00:02
stefano.crapanzano@chu.ulg.ac.be,GOAL - LABO - Google Chrome,Tâches diverses,2021-12-07,08:36:48,00:09:25
stefano.crapanzano@chu.ulg.ac.be,GOAL - LABO - Google Chrome,Tâches diverses,2021-12-07,08:46:15,00:00:24
stefano.crapanzano@chu.ulg.ac.be,GOAL - LABO - Google Chrome,Tâches diverses,2021-12-07,08:53:30,00:00:11
stefano.crapanzano@chu.ulg.ac.be,GOAL - LABO - Google Chrome,Tâches diverses,2021-12-07,08:54:28,00:00:15
stefano.crapanzano@chu.ulg.ac.be,GOAL - LABO - Google Chrome,Tâches diverses,2021-12-07,08:55:01,00:00:07
stefano.crapanzano@chu.ulg.ac.be,GOAL - LABO - Google Chrome,Tâches diverses,2021-12-07,08:55:58,00:00:03
stefano.crapanzano@chu.ulg.ac.be,GOAL - LABO - Google Chrome,Tâches diverses,2021-12-07,08:56:25,00:00:03
stefano.crapanzano@chu.ulg.ac.be,GOAL - LABO - Google Chrome,Tâches diverses,2021-12-07,08:57:00,00:00:34
stefano.crapanzano@chu.ulg.ac.be,GOAL - LABO - Google Chrome,Tâches diverses,2021-12-07,08:57:46,00:00:50
stefano.crapanzano@chu.ulg.ac.be,GOAL - LABO - Google Chrome,Tâches diverses,2021-12-07,09:00:27,00:00:29
stefano.crapanzano@chu.ulg.ac.be,GOAL - LABO - Google Chrome,Tâches diverses,2021-12-07,09:01:23,00:00:16
stefano.crapanzano@chu.ulg.ac.be,GOAL - LABO - Google Chrome,Tâches diverses,2021-12-07,09:01:53,00:00:11
stefano.crapanzano@chu.ulg.ac.be,GOAL - LABO - Google Chrome,Tâches diverses,2021-12-07,09:02:15,00:00:07
stefano.crapanzano@chu.ulg.ac.be,GOAL - LABO - Google Chrome,Tâches diverses,2021-12-07,09:02:33,00:00:15
stefano.crapanzano@chu.ulg.ac.be,GOAL - LABO - Google Chrome,Tâches diverses,2021-12-07,09:03:38,00:00:19
stefano.crapanzano@chu.ulg.ac.be,GOAL - LABO - Google Chrome,Tâches diverses,2021-12-07,09:04:14,00:00:06
stefano.crapanzano@chu.ulg.ac.be,GOAL - LABO - Google Chrome,Tâches diverses,2021-12-07,09:04:25,00:00:14
stefano.crapanzano@chu.ulg.ac.be,GOAL - LABO - Google Chrome,Tâches diverses,2021-12-07,09:04:57,00:00:17
stefano.crapanzano@chu.ulg.ac.be,GOAL - LABO - Google Chrome,Tâches diverses,2021-12-07,09:05:17,00:00:32
stefano.crapanzano@chu.ulg.ac.be,GOAL - LABO - Google Chrome,Tâches diverses,2021-12-07,09:07:06,00:01:05
stefano.crapanzano@chu.ulg.ac.be,GOAL - LABO - Google Chrome,Tâches diverses,2021-12-07,09:09:09,00:00:46
stefano.crapanzano@chu.ulg.ac.be,GOAL - LABO - Google Chrome,Tâches diverses,2021-12-07,09:10:14,00:00:05
stefano.crapanzano@chu.ulg.ac.be,GOAL - LABO - Google Chrome,Tâches diverses,2021-12-07,09:10:45,00:00:32
stefano.crapanzano@chu.ulg.ac.be,GOAL - LABO - Google Chrome,Tâches diverses,2021-12-07,09:11:22,00:00:07
stefano.crapanzano@chu.ulg.ac.be,GOAL - LABO - Google Chrome,Tâches diverses,2021-12-07,09:11:42,00:00:09
stefano.crapanzano@chu.ulg.ac.be,GOAL - LABO - Google Chrome,Tâches diverses,2021-12-07,09:12:23,00:00:09
stefano.crapanzano@chu.ulg.ac.be,GOAL - LABO - Google Chrome,Tâches diverses,2021-12-07,09:12:38,00:00:36
stefano.crapanzano@chu.ulg.ac.be,GOAL - LABO - Google Chrome,Tâches diverses,2021-12-07,09:13:20,00:00:02
stefano.crapanzano@chu.ulg.ac.be,GOAL - LABO - Google Chrome,Tâches diverses,2021-12-07,09:13:53,00:00:09
stefano.crapanzano@chu.ulg.ac.be,GOAL - LABO - Google Chrome,Tâches diverses,2021-12-07,09:14:14,00:02:10
stefano.crapanzano@chu.ulg.ac.be,GOAL - LABO - Google Chrome,Tâches diverses,2021-12-07,09:20:25,00:00:05
stefano.crapanzano@chu.ulg.ac.be,GOAL - LABO - Google Chrome,Tâches diverses,2021-12-07,09:21:30,00:00:02
stefano.crapanzano@chu.ulg.ac.be,GOAL - LABO - Google Chrome,Tâches diverses,2021-12-07,09:21:34,00:01:24
stefano.crapanzano@chu.ulg.ac.be,GOAL - LABO - Google Chrome,Tâches diverses,2021-12-07,09:23:10,00:00:03
stefano.crapanzano@chu.ulg.ac.be,GOAL - LABO - Google Chrome,Tâches diverses,2021-12-07,09:23:21,00:00:07
stefano.crapanzano@chu.ulg.ac.be,GOAL - LABO - Google Chrome,Tâches diverses,2021-12-07,09:24:26,00:00:03
stefano.crapanzano@chu.ulg.ac.be,GOAL - LABO - Google Chrome,Tâches diverses,2021-12-07,09:29:37,00:00:10
stefano.crapanzano@chu.ulg.ac.be,GOAL - LABO - Google Chrome,Tâches diverses,2021-12-07,09:30:00,00:00:10
stefano.crapanzano@chu.ulg.ac.be,GOAL - LABO - Google Chrome,Tâches diverses,2021-12-07,09:30:38,00:00:48
stefano.crapanzano@chu.ulg.ac.be,GOAL - LABO - Google Chrome,Tâches diverses,2021-12-07,09:31:41,00:01:33
stefano.crapanzano@chu.ulg.ac.be,GOAL - LABO - Google Chrome,Tâches diverses,2021-12-07,09:34:44,00:00:30
stefano.crapanzano@chu.ulg.ac.be,GOAL - LABO - Google Chrome,Tâches diverses,2021-12-07,09:53:08,00:00:35
stefano.crapanzano@chu.ulg.ac.be,GOAL - LABO - Google Chrome,Tâches diverses,2021-12-07,09:54:47,00:00:17
stefano.crapanzano@chu.ulg.ac.be,GOAL - LABO - Google Chrome,Tâches diverses,2021-12-07,09:55:50,00:00:07
stefano.crapanzano@chu.ulg.ac.be,GOAL - LABO - Google Chrome,Tâches diverses,2021-12-07,09:56:06,00:00:10
stefano.crapanzano@chu.ulg.ac.be,GOAL - LABO - Google Chrome,Tâches diverses,2021-12-07,09:56:18,00:01:02
stefano.crapanzano@chu.ulg.ac.be,GOAL - LABO - Google Chrome,Tâches diverses,2021-12-07,10:03:20,00:00:03
stefano.crapanzano@chu.ulg.ac.be,GOAL - LABO - Google Chrome,Tâches diverses,2021-12-07,10:04:18,00:00:09
stefano.crapanzano@chu.ulg.ac.be,GOAL - LABO - Google Chrome,Tâches diverses,2021-12-07,10:05:03,00:00:05
stefano.crapanzano@chu.ulg.ac.be,GOAL - LABO - Google Chrome,Tâches diverses,2021-12-07,10:05:20,00:00:02
stefano.crapanzano@chu.ulg.ac.be,GOAL - LABO - Google Chrome,Tâches diverses,2021-12-07,10:05:41,00:00:02
stefano.crapanzano@chu.ulg.ac.be,GOAL - LABO - Google Chrome,Tâches diverses,2021-12-07,10:06:42,00:00:09
stefano.crapanzano@chu.ulg.ac.be,GOAL - LABO - Google Chrome,Tâches diverses,2021-12-07,10:06:53,00:00:06
stefano.crapanzano@chu.ulg.ac.be,GOAL - LABO - Google Chrome,Tâches diverses,2021-12-07,10:07:11,00:00:13
stefano.crapanzano@chu.ulg.ac.be,GOAL - LABO - Google Chrome,Tâches diverses,2021-12-07,10:07:46,00:00:05
stefano.crapanzano@chu.ulg.ac.be,GOAL - LABO - Google Chrome,Tâches diverses,2021-12-07,10:09:13,00:00:03
stefano.crapanzano@chu.ulg.ac.be,GOAL - LABO - Google Chrome,Tâches diverses,2021-12-07,10:10:08,00:00:02
stefano.crapanzano@chu.ulg.ac.be,GOAL - LABO - Google Chrome,Tâches diverses,2021-12-07,10:11:58,00:00:15
stefano.crapanzano@chu.ulg.ac.be,GOAL - LABO - Google Chrome,Tâches diverses,2021-12-07,10:12:59,00:00:15
stefano.crapanzano@chu.ulg.ac.be,GOAL - LABO - Google Chrome,Tâches diverses,2021-12-07,10:15:16,00:00:05
stefano.crapanzano@chu.ulg.ac.be,GOAL - LABO - Google Chrome,Tâches diverses,2021-12-07,10:15:49,00:00:07
stefano.crapanzano@chu.ulg.ac.be,GOAL - LABO - Google Chrome,Tâches diverses,2021-12-07,10:16:34,00:00:06
stefano.crapanzano@chu.ulg.ac.be,GOAL - LABO - Google Chrome,Tâches diverses,2021-12-07,10:16:50,00:00:10
stefano.crapanzano@chu.ulg.ac.be,GOAL - LABO - Google Chrome,Tâches diverses,2021-12-07,10:17:33,00:00:05
stefano.crapanzano@chu.ulg.ac.be,GOAL - LABO - Google Chrome,Tâches diverses,2021-12-07,10:19:50,00:00:05
stefano.crapanzano@chu.ulg.ac.be,GOAL - LABO - Google Chrome,Tâches diverses,2021-12-07,10:20:17,00:00:05
stefano.crapanzano@chu.ulg.ac.be,GOAL - LABO - Google Chrome,Tâches diverses,2021-12-07,10:20:30,00:00:11
stefano.crapanzano@chu.ulg.ac.be,GOAL - LABO - Google Chrome,Tâches diverses,2021-12-07,10:20:56,00:00:03
stefano.crapanzano@chu.ulg.ac.be,GOAL - LABO - Google Chrome,Tâches diverses,2021-12-07,10:21:12,00:00:35
stefano.crapanzano@chu.ulg.ac.be,GOAL - LABO - Google Chrome,Tâches diverses,2021-12-07,10:22:18,00:00:05
stefano.crapanzano@chu.ulg.ac.be,GOAL - LABO - Google Chrome,Tâches diverses,2021-12-07,10:23:07,00:00:47
stefano.crapanzano@chu.ulg.ac.be,GOAL - LABO - Google Chrome,Tâches diverses,2021-12-07,10:23:56,00:00:44
stefano.crapanzano@chu.ulg.ac.be,GOAL - LABO - Google Chrome,Tâches diverses,2021-12-07,10:24:54,00:02:48
stefano.crapanzano@chu.ulg.ac.be,GOAL - LABO - Google Chrome,Tâches diverses,2021-12-07,10:28:34,00:00:07
stefano.crapanzano@chu.ulg.ac.be,GOAL - LABO - Google Chrome,Tâches diverses,2021-12-07,10:29:41,00:00:04
stefano.crapanzano@chu.ulg.ac.be,GOAL - LABO - Google Chrome,Tâches diverses,2021-12-07,10:30:43,00:00:05
stefano.crapanzano@chu.ulg.ac.be,GOAL - LABO - Google Chrome,Tâches diverses,2021-12-07,10:34:14,00:12:16
stefano.crapanzano@chu.ulg.ac.be,GOAL - LABO - Google Chrome,Tâches diverses,2021-12-07,11:00:34,00:00:46
stefano.crapanzano@chu.ulg.ac.be,GOAL - LABO - Google Chrome,Tâches diverses,2021-12-07,11:08:28,00:00:10
stefano.crapanzano@chu.ulg.ac.be,GOAL - LABO - Google Chrome,Tâches diverses,2021-12-07,11:13:23,00:00:03
stefano.crapanzano@chu.ulg.ac.be,GOAL - LABO - Google Chrome,Tâches diverses,2021-12-07,11:16:16,00:00:07
stefano.crapanzano@chu.ulg.ac.be,GOAL - LABO - Google Chrome,Tâches diverses,2021-12-07,11:16:44,00:00:03
stefano.crapanzano@chu.ulg.ac.be,GOAL - LABO - Google Chrome,Tâches diverses,2021-12-07,11:17:02,00:00:10
stefano.crapanzano@chu.ulg.ac.be,GOAL - LABO - Google Chrome,Tâches diverses,2021-12-07,11:17:20,00:00:06
stefano.crapanzano@chu.ulg.ac.be,GOAL - LABO - Google Chrome,Tâches diverses,2021-12-07,11:17:57,00:00:07
stefano.crapanzano@chu.ulg.ac.be,GOAL - LABO - Google Chrome,Tâches diverses,2021-12-07,11:18:14,00:00:02
stefano.crapanzano@chu.ulg.ac.be,GOAL - LABO - Google Chrome,Tâches diverses,2021-12-07,11:29:07,00:00:09
stefano.crapanzano@chu.ulg.ac.be,GOAL - LABO - Google Chrome,Tâches diverses,2021-12-07,11:31:18,00:00:16
stefano.crapanzano@chu.ulg.ac.be,GOAL - LABO - Google Chrome,Exploration SAP,2021-12-07,11:31:49,00:01:25
stefano.crapanzano@chu.ulg.ac.be,GOAL - LABO - Google Chrome,Tâches diverses,2021-12-07,11:39:04,00:01:31
stefano.crapanzano@chu.ulg.ac.be,GOAL - LABO - Google Chrome,Tâches diverses,2021-12-07,11:40:45,00:00:26
stefano.crapanzano@chu.ulg.ac.be,GOAL - LABO - Google Chrome,Tâches diverses,2021-12-07,11:42:23,00:02:22
stefano.crapanzano@chu.ulg.ac.be,GOAL - LABO - Google Chrome,Tâches diverses,2021-12-07,12:03:59,00:00:21
stefano.crapanzano@chu.ulg.ac.be,GOAL - LABO - Google Chrome,Tâches diverses,2021-12-07,12:04:53,00:00:18
stefano.crapanzano@chu.ulg.ac.be,GOAL - LABO - Google Chrome,Tâches diverses,2021-12-07,12:05:33,00:00:19
stefano.crapanzano@chu.ulg.ac.be,GOAL - LABO - Google Chrome,Tâches diverses,2021-12-07,12:06:21,00:00:09
stefano.crapanzano@chu.ulg.ac.be,GOAL - LABO - Google Chrome,Tâches diverses,2021-12-07,12:06:33,00:00:13
stefano.crapanzano@chu.ulg.ac.be,GOAL - LABO - Google Chrome,Tâches diverses,2021-12-07,12:07:33,00:00:29
stefano.crapanzano@chu.ulg.ac.be,GOAL - LABO - Google Chrome,Tâches diverses,2021-12-07,12:08:09,00:00:05
stefano.crapanzano@chu.ulg.ac.be,GOAL - LABO - Google Chrome,Tâches diverses,2021-12-07,12:08:15,00:00:02
stefano.crapanzano@chu.ulg.ac.be,GOAL - LABO - Google Chrome,Tâches diverses,2021-12-07,12:08:22,00:00:02
stefano.crapanzano@chu.ulg.ac.be,GOAL - LABO - Google Chrome,Tâches diverses,2021-12-07,12:08:27,00:00:04
stefano.crapanzano@chu.ulg.ac.be,GOAL - LABO - Google Chrome,Tâches diverses,2021-12-07,12:08:38,00:00:02
stefano.crapanzano@chu.ulg.ac.be,GOAL - LABO - Google Chrome,Tâches diverses,2021-12-07,12:08:42,00:00:04
stefano.crapanzano@chu.ulg.ac.be,GOAL - LABO - Google Chrome,Tâches diverses,2021-12-07,12:08:49,00:00:02
stefano.crapanzano@chu.ulg.ac.be,GOAL - LABO - Google Chrome,Tâches diverses,2021-12-07,12:08:53,00:00:02
stefano.crapanzano@chu.ulg.ac.be,GOAL - LABO - Google Chrome,Tâches diverses,2021-12-07,12:09:03,00:00:02
stefano.crapanzano@chu.ulg.ac.be,GOAL - LABO - Google Chrome,Tâches diverses,2021-12-07,12:09:08,00:00:02
stefano.crapanzano@chu.ulg.ac.be,GOAL - LABO - Google Chrome,Tâches diverses,2021-12-07,12:09:12,00:00:02
stefano.crapanzano@chu.ulg.ac.be,GOAL - LABO - Google Chrome,Tâches diverses,2021-12-07,12:09:16,00:00:22
stefano.crapanzano@chu.ulg.ac.be,GOAL - LABO - Google Chrome,Tâches diverses,2021-12-07,12:14:40,00:00:32
stefano.crapanzano@chu.ulg.ac.be,GOAL - LABO - Google Chrome,Tâches diverses,2021-12-07,12:15:47,00:00:16
stefano.crapanzano@chu.ulg.ac.be,GOAL - LABO - Google Chrome,Tâches diverses,2021-12-07,12:20:26,00:00:03
stefano.crapanzano@chu.ulg.ac.be,GOAL - LABO - Google Chrome,Tâches diverses,2021-12-07,12:22:15,00:00:07
stefano.crapanzano@chu.ulg.ac.be,GOAL - LABO - Google Chrome,Tâches diverses,2021-12-07,12:22:39,00:00:09
stefano.crapanzano@chu.ulg.ac.be,GOAL - LABO - Google Chrome,Tâches diverses,2021-12-07,12:24:28,00:00:13
stefano.crapanzano@chu.ulg.ac.be,GOAL - LABO - Google Chrome,Tâches diverses,2021-12-07,12:25:20,00:00:27
stefano.crapanzano@chu.ulg.ac.be,GOAL - LABO - Google Chrome,Tâches diverses,2021-12-07,12:29:51,00:00:09
stefano.crapanzano@chu.ulg.ac.be,GOAL - LABO - Google Chrome,Tâches diverses,2021-12-07,12:34:58,00:00:03
stefano.crapanzano@chu.ulg.ac.be,GOAL - LABO - Google Chrome,Tâches diverses,2021-12-07,12:35:27,00:00:05
stefano.crapanzano@chu.ulg.ac.be,GOAL - LABO - Google Chrome,Tâches diverses,2021-12-07,12:36:42,00:00:22
stefano.crapanzano@chu.ulg.ac.be,GOAL - LABO - Google Chrome,Tâches diverses,2021-12-07,12:37:30,00:00:29
stefano.crapanzano@chu.ulg.ac.be,GOAL - LABO - Google Chrome,Tâches diverses,2021-12-07,12:38:17,00:00:09
stefano.crapanzano@chu.ulg.ac.be,GOAL - LABO - Google Chrome,Tâches diverses,2021-12-07,12:38:31,00:03:36
stefano.crapanzano@chu.ulg.ac.be,GOAL - LABO - Google Chrome,Tâches diverses,2021-12-07,12:42:54,00:00:05
stefano.crapanzano@chu.ulg.ac.be,GOAL - LABO - Google Chrome,Tâches diverses,2021-12-07,12:43:22,00:00:05
stefano.crapanzano@chu.ulg.ac.be,GOAL - LABO - Google Chrome,Tâches diverses,2021-12-07,12:44:10,00:00:23
stefano.crapanzano@chu.ulg.ac.be,GOAL - LABO - Google Chrome,Tâches diverses,2021-12-07,12:44:51,00:03:41
stefano.crapanzano@chu.ulg.ac.be,GOAL - LABO - Google Chrome,Tâches diverses,2021-12-07,12:49:32,00:00:32
stefano.crapanzano@chu.ulg.ac.be,GOAL - LABO - Google Chrome,Tâches diverses,2021-12-07,12:50:23,00:01:45
stefano.crapanzano@chu.ulg.ac.be,GOAL - LABO - Google Chrome,Tâches diverses,2021-12-07,12:52:29,00:02:22
stefano.crapanzano@chu.ulg.ac.be,GOAL - LABO - Google Chrome,Tâches diverses,2021-12-07,12:55:31,00:00:17
stefano.crapanzano@chu.ulg.ac.be,GOAL - LABO - Google Chrome,Tâches diverses,2021-12-07,13:10:33,00:01:20
stefano.crapanzano@chu.ulg.ac.be,GOAL - LABO - Google Chrome,Tâches diverses,2021-12-07,13:12:33,00:00:16
stefano.crapanzano@chu.ulg.ac.be,GOAL - LABO - Google Chrome,Tâches diverses,2021-12-07,13:14:53,00:00:03
stefano.crapanzano@chu.ulg.ac.be,GOAL - LABO - Google Chrome,Tâches diverses,2021-12-07,13:16:51,00:00:21
stefano.crapanzano@chu.ulg.ac.be,GOAL - LABO - Google Chrome,Tâches diverses,2021-12-07,13:17:16,00:00:21
stefano.crapanzano@chu.ulg.ac.be,GOAL - LABO - Google Chrome,Tâches diverses,2021-12-07,13:17:53,00:00:54
stefano.crapanzano@chu.ulg.ac.be,GOAL - LABO - Google Chrome,Tâches diverses,2021-12-07,13:20:01,00:00:02
stefano.crapanzano@chu.ulg.ac.be,GOAL - LABO - Google Chrome,Tâches diverses,2021-12-07,13:20:05,00:00:40
stefano.crapanzano@chu.ulg.ac.be,GOAL - LABO - Google Chrome,Tâches diverses,2021-12-07,13:21:03,00:00:08
stefano.crapanzano@chu.ulg.ac.be,GOAL - LABO - Google Chrome,Tâches diverses,2021-12-07,13:21:30,00:00:02
stefano.crapanzano@chu.ulg.ac.be,GOAL - LABO - Google Chrome,Tâches diverses,2021-12-07,13:21:34,00:00:20
stefano.crapanzano@chu.ulg.ac.be,GOAL - LABO - Google Chrome,Tâches diverses,2021-12-07,13:21:57,00:01:33
stefano.crapanzano@chu.ulg.ac.be,GOAL - LABO - Google Chrome,Tâches diverses,2021-12-07,13:23:45,00:00:04
stefano.crapanzano@chu.ulg.ac.be,GOAL - LABO - Google Chrome,Tâches diverses,2021-12-07,13:23:50,00:00:05
stefano.crapanzano@chu.ulg.ac.be,GOAL - LABO - Google Chrome,Tâches diverses,2021-12-07,13:23:59,00:00:38
stefano.crapanzano@chu.ulg.ac.be,GOAL - LABO - Google Chrome,Tâches diverses,2021-12-07,13:24:39,00:00:08
stefano.crapanzano@chu.ulg.ac.be,GOAL - LABO - Google Chrome,Tâches diverses,2021-12-07,13:24:49,00:00:33
stefano.crapanzano@chu.ulg.ac.be,GOAL - LABO - Google Chrome,Tâches diverses,2021-12-07,13:25:24,00:00:55
stefano.crapanzano@chu.ulg.ac.be,GOAL - LABO - Google Chrome,Tâches diverses,2021-12-07,13:26:21,00:00:12
stefano.crapanzano@chu.ulg.ac.be,GOAL - LABO - Google Chrome,Tâches diverses,2021-12-07,13:26:35,00:00:18
stefano.crapanzano@chu.ulg.ac.be,GOAL - LABO - Google Chrome,Tâches diverses,2021-12-07,13:27:00,00:00:36
stefano.crapanzano@chu.ulg.ac.be,GOAL - LABO - Google Chrome,Tâches diverses,2021-12-07,13:27:41,00:03:33
stefano.crapanzano@chu.ulg.ac.be,GOAL - LABO - Google Chrome,Tâches diverses,2021-12-07,14:14:46,00:00:56
stefano.crapanzano@chu.ulg.ac.be,GOAL - LABO - Google Chrome,Tâches diverses,2021-12-07,14:33:08,00:00:21
stefano.crapanzano@chu.ulg.ac.be,GOAL - LABO - Google Chrome,Tâches diverses,2021-12-07,14:33:54,00:00:52
stefano.crapanzano@chu.ulg.ac.be,GOAL - LABO - Google Chrome,Tâches diverses,2021-12-07,14:52:39,00:00:09
stefano.crapanzano@chu.ulg.ac.be,GOAL - LABO - Google Chrome,Tâches diverses,2021-12-07,15:01:43,00:01:50
stefano.crapanzano@chu.ulg.ac.be,GOAL - LABO - Google Chrome,Tâches diverses,2021-12-07,15:28:01,00:01:58
stefano.crapanzano@chu.ulg.ac.be,GOAL - LABO - Google Chrome,Tâches diverses,2021-12-07,15:36:46,00:00:53
stefano.crapanzano@chu.ulg.ac.be,GOAL - LABO - Google Chrome,Tâches diverses,2021-12-07,15:39:12,00:00:10
stefano.crapanzano@chu.ulg.ac.be,GOAL - LABO - Google Chrome,Tâches diverses,2021-12-07,15:40:07,00:00:05
stefano.crapanzano@chu.ulg.ac.be,GOAL - LABO - Google Chrome,Tâches diverses,2021-12-07,15:40:19,00:00:09
stefano.crapanzano@chu.ulg.ac.be,GOAL - LABO - Google Chrome,Tâches diverses,2021-12-07,15:40:32,00:00:26
stefano.crapanzano@chu.ulg.ac.be,GOAL - LABO - Google Chrome,Tâches diverses,2021-12-07,15:43:57,00:00:59
stefano.crapanzano@chu.ulg.ac.be,GOAL - LABO - Google Chrome,Tâches diverses,2021-12-07,15:45:01,00:04:31
stefano.crapanzano@chu.ulg.ac.be,GOAL - LABO - Google Chrome,Tâches diverses,2021-12-07,15:50:23,00:00:09
stefano.crapanzano@chu.ulg.ac.be,GOAL - LABO - Google Chrome,Tâches diverses,2021-12-07,15:50:59,00:00:28
stefano.crapanzano@chu.ulg.ac.be,GOAL - LABO - Google Chrome,Tâches diverses,2021-12-07,15:53:51,00:00:43
stefano.crapanzano@chu.ulg.ac.be,GOAL - LABO - Google Chrome,Tâches diverses,2021-12-07,15:54:36,00:03:19
stefano.crapanzano@chu.ulg.ac.be,GOAL - LABO - Google Chrome,Tâches diverses,2021-12-07,16:07:59,00:00:02
stefano.crapanzano@chu.ulg.ac.be,GOAL - LABO - Google Chrome,Tâches diverses,2021-12-07,16:08:43,00:02:35
stefano.crapanzano@chu.ulg.ac.be,GOAL - LABO - Google Chrome,Tâches diverses,2021-12-07,16:11:35,00:00:09
stefano.crapanzano@chu.ulg.ac.be,GOAL - LABO - Google Chrome,Tâches diverses,2021-12-07,16:11:56,00:00:26
stefano.crapanzano@chu.ulg.ac.be,GOAL - LABO - Google Chrome,Tâches diverses,2021-12-07,16:12:32,00:03:45
stefano.crapanzano@chu.ulg.ac.be,GOAL - LABO - Google Chrome,Tâches diverses,2021-12-07,16:18:36,00:04:23
stefano.crapanzano@chu.ulg.ac.be,GOAL - LABO - Google Chrome,Tâches diverses,2021-12-07,16:23:44,00:00:24
stefano.crapanzano@chu.ulg.ac.be,GOAL - LABO - Google Chrome,Tâches diverses,2021-12-07,16:25:01,00:03:51
stefano.crapanzano@chu.ulg.ac.be,GOAL - LABO - Google Chrome,Tâches diverses,2021-12-07,16:28:56,00:01:29
stefano.crapanzano@chu.ulg.ac.be,GOAL - LABO - Google Chrome,Tâches diverses,2021-12-07,16:30:27,00:06:15
stefano.crapanzano@chu.ulg.ac.be,GOAL - LABO - Google Chrome,Tâches diverses,2021-12-07,16:36:54,00:00:56
stefano.crapanzano@chu.ulg.ac.be,GOAL - LABO - Google Chrome,Tâches diverses,2021-12-07,16:38:09,00:00:51
stefano.crapanzano@chu.ulg.ac.be,GOAL - LABO - Google Chrome,Tâches diverses,2021-12-07,16:42:58,00:00:45
stefano.crapanzano@chu.ulg.ac.be,GOAL - LABO - Google Chrome,Tâches diverses,2021-12-07,16:44:07,00:00:11
stefano.crapanzano@chu.ulg.ac.be,GOAL - LABO - Google Chrome,Tâches diverses,2021-12-07,16:44:23,00:00:34
stefano.crapanzano@chu.ulg.ac.be,GOAL - LABO - Google Chrome,Tâches diverses,2021-12-07,16:49:31,00:00:06
stefano.crapanzano@chu.ulg.ac.be,GOAL - LABO - Google Chrome,Exploration SAP,2021-12-07,16:50:06,00:00:44
stefano.crapanzano@chu.ulg.ac.be,GOAL - LABO - Google Chrome,Tâches diverses,2021-12-07,16:55:12,00:00:09
stefano.crapanzano@chu.ulg.ac.be,GOAL - LABO - Google Chrome,Tâches diverses,2021-12-07,16:55:23,00:00:15
stefano.crapanzano@chu.ulg.ac.be,GOAL - LABO - Google Chrome,Tâches diverses,2021-12-07,16:56:37,00:00:07
stefano.crapanzano@chu.ulg.ac.be,GOAL - LABO - Google Chrome,Tâches diverses,2021-12-07,16:56:54,00:00:27
stefano.crapanzano@chu.ulg.ac.be,GOAL - LABO - Google Chrome,Tâches diverses,2021-12-07,16:57:45,00:00:18
stefano.crapanzano@chu.ulg.ac.be,GOAL - LABO - Google Chrome,Tâches diverses,2021-12-07,16:58:05,00:00:15
stefano.crapanzano@chu.ulg.ac.be,GOAL - LABO - Google Chrome,Tâches diverses,2021-12-07,16:58:38,00:00:23
stefano.crapanzano@chu.ulg.ac.be,GOAL - LABO - Google Chrome,Tâches diverses,2021-12-07,16:59:03,00:00:25
stefano.crapanzano@chu.ulg.ac.be,GOAL - LABO - Google Chrome,Tâches diverses,2021-12-07,16:59:30,00:00:13
stefano.crapanzano@chu.ulg.ac.be,GOAL - LABO - Google Chrome,Tâches diverses,2021-12-07,17:01:17,00:00:14
stefano.crapanzano@chu.ulg.ac.be,GOAL - LABO - Google Chrome,Tâches diverses,2021-12-07,17:01:52,00:00:34
stefano.crapanzano@chu.ulg.ac.be,GOAL - LABO - Google Chrome,Tâches diverses,2021-12-07,17:03:52,00:00:13
stefano.crapanzano@chu.ulg.ac.be,GOAL - LABO - Google Chrome,Tâches diverses,2021-12-07,17:04:09,00:00:51
stefano.crapanzano@chu.ulg.ac.be,GOAL - LABO - Google Chrome,Tâches diverses,2021-12-07,17:05:04,00:00:41
stefano.crapanzano@chu.ulg.ac.be,GOAL - LABO - Google Chrome,Tâches diverses,2021-12-07,17:05:55,00:01:54
stefano.crapanzano@chu.ulg.ac.be,GOAL - LABO - Google Chrome,Tâches diverses,2021-12-07,17:07:51,00:00:08
stefano.crapanzano@chu.ulg.ac.be,Nouvel onglet - Google Chrome,Tâches diverses,2021-12-07,08:27:45,00:00:06
stefano.crapanzano@chu.ulg.ac.be,Nouvel onglet - Google Chrome,Tâches diverses,2021-12-07,08:53:58,00:00:03
stefano.crapanzano@chu.ulg.ac.be,Nouvel onglet - Google Chrome,Tâches diverses,2021-12-07,08:56:44,00:00:05
stefano.crapanzano@chu.ulg.ac.be,Nouvel onglet - Google Chrome,Tâches diverses,2021-12-07,09:23:36,00:00:06
stefano.crapanzano@chu.ulg.ac.be,Nouvel onglet - Google Chrome,Tâches diverses,2021-12-07,09:26:11,00:00:09
stefano.crapanzano@chu.ulg.ac.be,Nouvel onglet - Google Chrome,Tâches diverses,2021-12-07,10:16:05,00:00:05
stefano.crapanzano@chu.ulg.ac.be,Nouvel onglet - Google Chrome,Tâches diverses,2021-12-07,10:50:15,00:00:02
stefano.crapanzano@chu.ulg.ac.be,Nouvel onglet - Google Chrome,Tâches diverses,2021-12-07,10:51:16,00:00:05
stefano.crapanzano@chu.ulg.ac.be,Nouvel onglet - Google Chrome,Tâches diverses,2021-12-07,10:55:16,00:00:04
stefano.crapanzano@chu.ulg.ac.be,Nouvel onglet - Google Chrome,Tâches diverses,2021-12-07,11:47:10,00:00:02
stefano.crapanzano@chu.ulg.ac.be,Nouvel onglet - Google Chrome,Tâches diverses,2021-12-07,12:15:12,00:00:04
stefano.crapanzano@chu.ulg.ac.be,Nouvel onglet - Google Chrome,Tâches diverses,2021-12-07,12:59:11,00:00:05
stefano.crapanzano@chu.ulg.ac.be,Nouvel onglet - Google Chrome,Tâches diverses,2021-12-07,13:11:54,00:00:04
stefano.crapanzano@chu.ulg.ac.be,Nouvel onglet - Google Chrome,Tâches diverses,2021-12-07,15:49:32,00:00:05
stefano.crapanzano@chu.ulg.ac.be,Nouvel onglet - Google Chrome,Tâches diverses,2021-12-07,16:24:08,00:00:17
stefano.crapanzano@chu.ulg.ac.be,Nouvel onglet - Google Chrome,Tâches diverses,2021-12-07,16:37:51,00:00:04
stefano.crapanzano@chu.ulg.ac.be,Nouvel onglet - Google Chrome,Tâches diverses,2021-12-07,16:59:43,00:00:09
stefano.crapanzano@chu.ulg.ac.be,Identification - Google Chrome,Tâches diverses,2021-12-07,08:27:52,00:00:05
stefano.crapanzano@chu.ulg.ac.be,Identification - Google Chrome,Tâches diverses,2021-12-07,10:50:27,00:00:48
stefano.crapanzano@chu.ulg.ac.be,Identification - Google Chrome,Tâches diverses,2021-12-07,10:51:42,00:00:02
stefano.crapanzano@chu.ulg.ac.be,Identification - Google Chrome,Tâches diverses,2021-12-07,10:51:47,00:00:05
stefano.crapanzano@chu.ulg.ac.be,Service MT - Google Chrome,Tâches diverses,2021-12-07,08:27:58,00:00:03
stefano.crapanzano@chu.ulg.ac.be,Service MT - Google Chrome,Tâches diverses,2021-12-07,08:28:33,00:00:24
stefano.crapanzano@chu.ulg.ac.be,Service MT - Google Chrome,Tâches diverses,2021-12-07,09:06:44,00:00:02
stefano.crapanzano@chu.ulg.ac.be,Service MT - Google Chrome,Tâches diverses,2021-12-07,13:31:17,00:00:20
stefano.crapanzano@chu.ulg.ac.be,Service MT - Google Chrome,Tâches diverses,2021-12-07,15:23:31,00:00:14
stefano.crapanzano@chu.ulg.ac.be,Service MT - Google Chrome,Tâches diverses,2021-12-07,15:24:06,00:00:10
stefano.crapanzano@chu.ulg.ac.be,Service MT - Google Chrome,Tâches diverses,2021-12-07,15:24:23,00:00:17
stefano.crapanzano@chu.ulg.ac.be,Navigation système de fichier,IT,2021-12-07,08:28:02,00:00:31
stefano.crapanzano@chu.ulg.ac.be,Navigation système de fichier,IT,2021-12-07,08:57:43,00:00:02
stefano.crapanzano@chu.ulg.ac.be,Navigation système de fichier,IT,2021-12-07,09:33:15,00:00:07
stefano.crapanzano@chu.ulg.ac.be,Navigation système de fichier,IT,2021-12-07,09:47:19,00:00:02
stefano.crapanzano@chu.ulg.ac.be,Navigation système de fichier,IT,2021-12-07,10:55:36,00:00:05
stefano.crapanzano@chu.ulg.ac.be,Navigation système de fichier,IT,2021-12-07,11:08:54,00:00:03
stefano.crapanzano@chu.ulg.ac.be,Navigation système de fichier,IT,2021-12-07,11:18:17,00:00:02
stefano.crapanzano@chu.ulg.ac.be,Navigation système de fichier,IT,2021-12-07,11:44:48,00:00:02
stefano.crapanzano@chu.ulg.ac.be,Navigation système de fichier,IT,2021-12-07,12:20:39,00:00:02
stefano.crapanzano@chu.ulg.ac.be,Navigation système de fichier,IT,2021-12-07,12:25:48,00:00:02
stefano.crapanzano@chu.ulg.ac.be,Navigation système de fichier,IT,2021-12-07,12:37:59,00:00:02
stefano.crapanzano@chu.ulg.ac.be,Navigation système de fichier,IT,2021-12-07,13:17:38,00:00:03
stefano.crapanzano@chu.ulg.ac.be,Navigation système de fichier,IT,2021-12-07,13:18:47,00:00:03
stefano.crapanzano@chu.ulg.ac.be,Navigation système de fichier,IT,2021-12-07,15:03:37,00:00:02
stefano.crapanzano@chu.ulg.ac.be,Navigation système de fichier,IT,2021-12-07,15:23:45,00:00:21
stefano.crapanzano@chu.ulg.ac.be,Navigation système de fichier,IT,2021-12-07,15:24:18,00:00:05
stefano.crapanzano@chu.ulg.ac.be,Navigation système de fichier,IT,2021-12-07,16:12:23,00:00:02
stefano.crapanzano@chu.ulg.ac.be,Navigation système de fichier,IT,2021-12-07,16:16:30,00:00:20
stefano.crapanzano@chu.ulg.ac.be,Navigation système de fichier,IT,2021-12-07,16:18:04,00:00:32
stefano.crapanzano@chu.ulg.ac.be,Navigation système de fichier,IT,2021-12-07,16:24:36,00:00:03
stefano.crapanzano@chu.ulg.ac.be,Navigation système de fichier,IT,2021-12-07,17:03:48,00:00:02
stefano.crapanzano@chu.ulg.ac.be,Programmation,IT,2021-12-07,08:46:39,00:06:49
stefano.crapanzano@chu.ulg.ac.be,Programmation,IT,2021-12-07,08:53:43,00:00:13
stefano.crapanzano@chu.ulg.ac.be,Programmation,IT,2021-12-07,08:54:22,00:00:05
stefano.crapanzano@chu.ulg.ac.be,Programmation,IT,2021-12-07,08:54:45,00:00:14
stefano.crapanzano@chu.ulg.ac.be,Programmation,IT,2021-12-07,08:55:09,00:00:06
stefano.crapanzano@chu.ulg.ac.be,Programmation,IT,2021-12-07,08:55:17,00:00:38
stefano.crapanzano@chu.ulg.ac.be,Programmation,IT,2021-12-07,08:56:01,00:00:23
stefano.crapanzano@chu.ulg.ac.be,Programmation,IT,2021-12-07,08:56:29,00:00:13
stefano.crapanzano@chu.ulg.ac.be,Programmation,IT,2021-12-07,08:56:53,00:00:06
stefano.crapanzano@chu.ulg.ac.be,Programmation,IT,2021-12-07,09:00:57,00:00:26
stefano.crapanzano@chu.ulg.ac.be,Programmation,IT,2021-12-07,09:01:39,00:00:13
stefano.crapanzano@chu.ulg.ac.be,Programmation,IT,2021-12-07,09:02:05,00:00:10
stefano.crapanzano@chu.ulg.ac.be,Programmation,IT,2021-12-07,09:02:23,00:00:10
stefano.crapanzano@chu.ulg.ac.be,Programmation,IT,2021-12-07,09:03:22,00:00:16
stefano.crapanzano@chu.ulg.ac.be,Programmation,IT,2021-12-07,09:03:58,00:00:16
stefano.crapanzano@chu.ulg.ac.be,Programmation,IT,2021-12-07,09:04:20,00:00:04
stefano.crapanzano@chu.ulg.ac.be,Programmation,IT,2021-12-07,09:04:41,00:00:06
stefano.crapanzano@chu.ulg.ac.be,Programmation,IT,2021-12-07,09:04:50,00:00:07
stefano.crapanzano@chu.ulg.ac.be,Programmation,IT,2021-12-07,09:05:14,00:00:02
stefano.crapanzano@chu.ulg.ac.be,Programmation,IT,2021-12-07,09:05:50,00:00:09
stefano.crapanzano@chu.ulg.ac.be,Programmation,IT,2021-12-07,09:08:11,00:00:57
stefano.crapanzano@chu.ulg.ac.be,Programmation,IT,2021-12-07,09:09:55,00:00:18
stefano.crapanzano@chu.ulg.ac.be,Programmation,IT,2021-12-07,09:10:21,00:00:24
stefano.crapanzano@chu.ulg.ac.be,Programmation,IT,2021-12-07,09:11:18,00:00:03
stefano.crapanzano@chu.ulg.ac.be,Programmation,IT,2021-12-07,09:11:30,00:00:12
stefano.crapanzano@chu.ulg.ac.be,Programmation,IT,2021-12-07,09:11:51,00:00:31
stefano.crapanzano@chu.ulg.ac.be,Programmation,IT,2021-12-07,09:12:32,00:00:06
stefano.crapanzano@chu.ulg.ac.be,Programmation,IT,2021-12-07,09:13:15,00:00:04
stefano.crapanzano@chu.ulg.ac.be,Programmation,IT,2021-12-07,09:13:22,00:00:30
stefano.crapanzano@chu.ulg.ac.be,Programmation,IT,2021-12-07,09:14:02,00:00:12
stefano.crapanzano@chu.ulg.ac.be,Programmation,IT,2021-12-07,09:16:25,00:00:42
stefano.crapanzano@chu.ulg.ac.be,Programmation,IT,2021-12-07,09:17:28,00:02:56
stefano.crapanzano@chu.ulg.ac.be,Programmation,IT,2021-12-07,09:20:35,00:00:06
stefano.crapanzano@chu.ulg.ac.be,Programmation,IT,2021-12-07,09:20:51,00:00:12
stefano.crapanzano@chu.ulg.ac.be,Programmation,IT,2021-12-07,09:21:22,00:00:06
stefano.crapanzano@chu.ulg.ac.be,Programmation,IT,2021-12-07,09:22:59,00:00:10
stefano.crapanzano@chu.ulg.ac.be,Programmation,IT,2021-12-07,09:23:14,00:00:07
stefano.crapanzano@chu.ulg.ac.be,Programmation,IT,2021-12-07,09:27:57,00:00:08
stefano.crapanzano@chu.ulg.ac.be,Programmation,IT,2021-12-07,09:28:34,00:00:03
stefano.crapanzano@chu.ulg.ac.be,Programmation,IT,2021-12-07,09:28:45,00:00:34
stefano.crapanzano@chu.ulg.ac.be,Programmation,IT,2021-12-07,09:29:26,00:00:10
stefano.crapanzano@chu.ulg.ac.be,Programmation,IT,2021-12-07,09:29:48,00:00:12
stefano.crapanzano@chu.ulg.ac.be,Programmation,IT,2021-12-07,09:30:10,00:00:27
stefano.crapanzano@chu.ulg.ac.be,Programmation,IT,2021-12-07,09:31:26,00:00:14
stefano.crapanzano@chu.ulg.ac.be,Programmation,IT,2021-12-07,09:35:15,00:11:53
stefano.crapanzano@chu.ulg.ac.be,Programmation,IT,2021-12-07,09:53:45,00:01:02
stefano.crapanzano@chu.ulg.ac.be,Programmation,IT,2021-12-07,09:55:04,00:00:45
stefano.crapanzano@chu.ulg.ac.be,Programmation,IT,2021-12-07,09:55:58,00:00:08
stefano.crapanzano@chu.ulg.ac.be,Programmation,IT,2021-12-07,09:57:22,00:05:58
stefano.crapanzano@chu.ulg.ac.be,Programmation,IT,2021-12-07,10:03:29,00:00:47
stefano.crapanzano@chu.ulg.ac.be,Programmation,IT,2021-12-07,10:04:27,00:00:35
stefano.crapanzano@chu.ulg.ac.be,Programmation,IT,2021-12-07,10:05:08,00:00:12
stefano.crapanzano@chu.ulg.ac.be,Programmation,IT,2021-12-07,10:05:23,00:00:18
stefano.crapanzano@chu.ulg.ac.be,Programmation,IT,2021-12-07,10:05:45,00:00:57
stefano.crapanzano@chu.ulg.ac.be,Programmation,IT,2021-12-07,10:07:24,00:00:21
stefano.crapanzano@chu.ulg.ac.be,Programmation,IT,2021-12-07,10:07:51,00:00:07
stefano.crapanzano@chu.ulg.ac.be,Programmation,IT,2021-12-07,10:08:47,00:00:25
stefano.crapanzano@chu.ulg.ac.be,Programmation,IT,2021-12-07,10:09:18,00:00:50
stefano.crapanzano@chu.ulg.ac.be,Programmation,IT,2021-12-07,10:10:16,00:01:22
stefano.crapanzano@chu.ulg.ac.be,Programmation,IT,2021-12-07,10:11:47,00:00:08
stefano.crapanzano@chu.ulg.ac.be,Programmation,IT,2021-12-07,10:12:14,00:00:45
stefano.crapanzano@chu.ulg.ac.be,Programmation,IT,2021-12-07,10:13:15,00:00:14
stefano.crapanzano@chu.ulg.ac.be,Programmation,IT,2021-12-07,10:13:47,00:01:29
stefano.crapanzano@chu.ulg.ac.be,Programmation,IT,2021-12-07,10:15:21,00:00:27
stefano.crapanzano@chu.ulg.ac.be,Programmation,IT,2021-12-07,10:15:56,00:00:08
stefano.crapanzano@chu.ulg.ac.be,Programmation,IT,2021-12-07,10:16:29,00:00:04
stefano.crapanzano@chu.ulg.ac.be,Programmation,IT,2021-12-07,10:16:40,00:00:09
stefano.crapanzano@chu.ulg.ac.be,Programmation,IT,2021-12-07,10:17:02,00:00:30
stefano.crapanzano@chu.ulg.ac.be,Programmation,IT,2021-12-07,10:17:38,00:02:11
stefano.crapanzano@chu.ulg.ac.be,Programmation,IT,2021-12-07,10:19:55,00:00:22
stefano.crapanzano@chu.ulg.ac.be,Programmation,IT,2021-12-07,10:20:22,00:00:07
stefano.crapanzano@chu.ulg.ac.be,Programmation,IT,2021-12-07,10:20:41,00:00:14
stefano.crapanzano@chu.ulg.ac.be,Programmation,IT,2021-12-07,10:21:00,00:00:12
stefano.crapanzano@chu.ulg.ac.be,Programmation,IT,2021-12-07,10:21:49,00:00:28
stefano.crapanzano@chu.ulg.ac.be,Programmation,IT,2021-12-07,10:22:25,00:00:42
stefano.crapanzano@chu.ulg.ac.be,Programmation,IT,2021-12-07,10:27:42,00:00:51
stefano.crapanzano@chu.ulg.ac.be,Programmation,IT,2021-12-07,10:28:41,00:01:00
stefano.crapanzano@chu.ulg.ac.be,Programmation,IT,2021-12-07,10:29:46,00:00:13
stefano.crapanzano@chu.ulg.ac.be,Programmation,IT,2021-12-07,10:30:02,00:00:40
stefano.crapanzano@chu.ulg.ac.be,Programmation,IT,2021-12-07,10:30:48,00:03:26
stefano.crapanzano@chu.ulg.ac.be,Programmation,IT,2021-12-07,11:08:58,00:04:25
stefano.crapanzano@chu.ulg.ac.be,Programmation,IT,2021-12-07,11:13:27,00:02:48
stefano.crapanzano@chu.ulg.ac.be,Programmation,IT,2021-12-07,11:16:24,00:00:02
stefano.crapanzano@chu.ulg.ac.be,Programmation,IT,2021-12-07,11:16:27,00:00:16
stefano.crapanzano@chu.ulg.ac.be,Programmation,IT,2021-12-07,11:16:48,00:00:14
stefano.crapanzano@chu.ulg.ac.be,Programmation,IT,2021-12-07,11:17:13,00:00:07
stefano.crapanzano@chu.ulg.ac.be,Programmation,IT,2021-12-07,11:17:28,00:00:28
stefano.crapanzano@chu.ulg.ac.be,Programmation,IT,2021-12-07,11:18:05,00:00:08
stefano.crapanzano@chu.ulg.ac.be,Programmation,IT,2021-12-07,11:21:00,00:08:06
stefano.crapanzano@chu.ulg.ac.be,Programmation,IT,2021-12-07,11:29:16,00:01:56
stefano.crapanzano@chu.ulg.ac.be,Programmation,IT,2021-12-07,11:41:12,00:01:11
stefano.crapanzano@chu.ulg.ac.be,Programmation,IT,2021-12-07,12:04:20,00:00:12
stefano.crapanzano@chu.ulg.ac.be,Programmation,IT,2021-12-07,12:10:42,00:00:08
stefano.crapanzano@chu.ulg.ac.be,Programmation,IT,2021-12-07,12:11:01,00:01:56
stefano.crapanzano@chu.ulg.ac.be,Programmation,IT,2021-12-07,12:16:03,00:04:13
stefano.crapanzano@chu.ulg.ac.be,Programmation,IT,2021-12-07,12:20:43,00:01:32
stefano.crapanzano@chu.ulg.ac.be,Programmation,IT,2021-12-07,12:22:27,00:00:08
stefano.crapanzano@chu.ulg.ac.be,Programmation,IT,2021-12-07,12:22:48,00:01:32
stefano.crapanzano@chu.ulg.ac.be,Programmation,IT,2021-12-07,12:24:24,00:00:02
stefano.crapanzano@chu.ulg.ac.be,Programmation,IT,2021-12-07,12:24:42,00:00:35
stefano.crapanzano@chu.ulg.ac.be,Programmation,IT,2021-12-07,12:25:50,00:02:27
stefano.crapanzano@chu.ulg.ac.be,Programmation,IT,2021-12-07,12:30:20,00:00:17
stefano.crapanzano@chu.ulg.ac.be,Programmation,IT,2021-12-07,12:31:20,00:00:54
stefano.crapanzano@chu.ulg.ac.be,Programmation,IT,2021-12-07,12:32:38,00:00:32
stefano.crapanzano@chu.ulg.ac.be,Programmation,IT,2021-12-07,12:33:32,00:00:07
stefano.crapanzano@chu.ulg.ac.be,Programmation,IT,2021-12-07,12:34:08,00:00:09
stefano.crapanzano@chu.ulg.ac.be,Programmation,IT,2021-12-07,12:34:30,00:00:05
stefano.crapanzano@chu.ulg.ac.be,Programmation,IT,2021-12-07,12:35:03,00:00:24
stefano.crapanzano@chu.ulg.ac.be,Programmation,IT,2021-12-07,12:35:32,00:01:07
stefano.crapanzano@chu.ulg.ac.be,Programmation,IT,2021-12-07,12:38:01,00:00:13
stefano.crapanzano@chu.ulg.ac.be,Programmation,IT,2021-12-07,12:38:26,00:00:05
stefano.crapanzano@chu.ulg.ac.be,Programmation,IT,2021-12-07,12:42:07,00:00:46
stefano.crapanzano@chu.ulg.ac.be,Programmation,IT,2021-12-07,12:42:59,00:00:23
stefano.crapanzano@chu.ulg.ac.be,Programmation,IT,2021-12-07,12:43:29,00:00:37
stefano.crapanzano@chu.ulg.ac.be,Programmation,IT,2021-12-07,12:44:35,00:00:12
stefano.crapanzano@chu.ulg.ac.be,Programmation,IT,2021-12-07,12:48:35,00:00:55
stefano.crapanzano@chu.ulg.ac.be,Programmation,IT,2021-12-07,12:50:04,00:00:17
stefano.crapanzano@chu.ulg.ac.be,Programmation,IT,2021-12-07,13:12:49,00:02:03
stefano.crapanzano@chu.ulg.ac.be,Programmation,IT,2021-12-07,13:14:57,00:01:53
stefano.crapanzano@chu.ulg.ac.be,Programmation,IT,2021-12-07,13:17:43,00:00:10
stefano.crapanzano@chu.ulg.ac.be,Programmation,IT,2021-12-07,13:18:51,00:01:09
stefano.crapanzano@chu.ulg.ac.be,Programmation,IT,2021-12-07,13:20:47,00:00:15
stefano.crapanzano@chu.ulg.ac.be,Programmation,IT,2021-12-07,13:21:12,00:00:17
stefano.crapanzano@chu.ulg.ac.be,Programmation,IT,2021-12-07,13:23:32,00:00:12
stefano.crapanzano@chu.ulg.ac.be,Programmation,IT,2021-12-07,13:26:54,00:00:06
stefano.crapanzano@chu.ulg.ac.be,Programmation,IT,2021-12-07,13:35:42,00:00:16
stefano.crapanzano@chu.ulg.ac.be,Programmation,IT,2021-12-07,15:37:40,00:01:32
stefano.crapanzano@chu.ulg.ac.be,Programmation,IT,2021-12-07,15:39:22,00:00:44
stefano.crapanzano@chu.ulg.ac.be,Programmation,IT,2021-12-07,15:40:29,00:00:02
stefano.crapanzano@chu.ulg.ac.be,Programmation,IT,2021-12-07,15:52:48,00:00:09
stefano.crapanzano@chu.ulg.ac.be,Programmation,IT,2021-12-07,15:53:18,00:00:10
stefano.crapanzano@chu.ulg.ac.be,Programmation,IT,2021-12-07,15:53:29,00:00:22
stefano.crapanzano@chu.ulg.ac.be,Programmation,IT,2021-12-07,15:57:55,00:01:18
stefano.crapanzano@chu.ulg.ac.be,Programmation,IT,2021-12-07,16:00:00,00:07:23
stefano.crapanzano@chu.ulg.ac.be,Programmation,IT,2021-12-07,16:23:27,00:00:06
stefano.crapanzano@chu.ulg.ac.be,Programmation,IT,2021-12-07,16:24:40,00:00:03
stefano.crapanzano@chu.ulg.ac.be,Programmation,IT,2021-12-07,16:24:49,00:00:12
stefano.crapanzano@chu.ulg.ac.be,Programmation,IT,2021-12-07,16:39:13,00:03:16
stefano.crapanzano@chu.ulg.ac.be,Programmation,IT,2021-12-07,16:42:45,00:00:11
stefano.crapanzano@chu.ulg.ac.be,Programmation,IT,2021-12-07,16:43:43,00:00:18
stefano.crapanzano@chu.ulg.ac.be,Programmation,IT,2021-12-07,16:44:59,00:01:57
stefano.crapanzano@chu.ulg.ac.be,Programmation,IT,2021-12-07,16:49:22,00:00:08
stefano.crapanzano@chu.ulg.ac.be,Programmation,IT,2021-12-07,16:49:53,00:00:03
stefano.crapanzano@chu.ulg.ac.be,Programmation,IT,2021-12-07,16:50:51,00:03:59
stefano.crapanzano@chu.ulg.ac.be,Programmation,IT,2021-12-07,16:54:52,00:00:17
stefano.crapanzano@chu.ulg.ac.be,Programmation,IT,2021-12-07,16:55:38,00:00:18
stefano.crapanzano@chu.ulg.ac.be,Programmation,IT,2021-12-07,16:57:21,00:00:03
stefano.crapanzano@chu.ulg.ac.be,Programmation,IT,2021-12-07,16:58:20,00:00:07
stefano.crapanzano@chu.ulg.ac.be,Programmation,IT,2021-12-07,17:00:37,00:00:40
stefano.crapanzano@chu.ulg.ac.be,Programmation,IT,2021-12-07,17:01:38,00:00:13
stefano.crapanzano@chu.ulg.ac.be,Programmation,IT,2021-12-07,17:03:02,00:00:46
stefano.crapanzano@chu.ulg.ac.be,Programmation,IT,2021-12-07,17:04:05,00:00:03
stefano.crapanzano@chu.ulg.ac.be,Programmation,IT,2021-12-07,17:05:01,00:00:02
stefano.crapanzano@chu.ulg.ac.be,Programmation,IT,2021-12-07,17:05:45,00:00:03
stefano.crapanzano@chu.ulg.ac.be,django - Select distinct values from a table field - Stack Overflow - Google Chrome,Tâches diverses,2021-12-07,08:54:03,00:00:17
stefano.crapanzano@chu.ulg.ac.be,Python | Convert set into a list - GeeksforGeeks - Google Chrome,Tâches diverses,2021-12-07,08:56:51,00:00:02
stefano.crapanzano@chu.ulg.ac.be,Python | Convert set into a list - GeeksforGeeks - Google Chrome,Tâches diverses,2021-12-07,09:02:49,00:00:14
stefano.crapanzano@chu.ulg.ac.be,Forms · Bootstrap - Google Chrome,Tâches diverses,2021-12-07,09:03:05,00:00:16
stefano.crapanzano@chu.ulg.ac.be,Forms · Bootstrap - Google Chrome,Tâches diverses,2021-12-07,09:06:00,00:00:40
stefano.crapanzano@chu.ulg.ac.be,Forms · Bootstrap - Google Chrome,Tâches diverses,2021-12-07,09:23:29,00:00:06
stefano.crapanzano@chu.ulg.ac.be,Forms · Bootstrap - Google Chrome,Tâches diverses,2021-12-07,09:24:30,00:00:08
stefano.crapanzano@chu.ulg.ac.be,Balises et filtres de gabarit intégrés | Documentation de Django | Django - Google Chrome,Tâches diverses,2021-12-07,09:06:50,00:00:02
stefano.crapanzano@chu.ulg.ac.be,Créer une demande d'achat - Google Chrome,Tâches diverses,2021-12-07,09:06:54,00:00:02
stefano.crapanzano@chu.ulg.ac.be,Créer une demande d'achat - Google Chrome,Tâches diverses,2021-12-07,11:34:52,00:00:02
stefano.crapanzano@chu.ulg.ac.be,Créer une demande d'achat - Google Chrome,Tâches diverses,2021-12-07,11:35:04,00:00:20
stefano.crapanzano@chu.ulg.ac.be,Créer une demande d'achat - Google Chrome,IT,2021-12-07,11:35:30,00:00:16
stefano.crapanzano@chu.ulg.ac.be,Créer une demande d'achat - Google Chrome,Tâches diverses,2021-12-07,11:38:55,00:00:02
stefano.crapanzano@chu.ulg.ac.be,Quantité à commander ne vient pas de ZMMARTIKEL sur A03 - Xperthis ERP4HC 2.0 Rollout - Service d'assistance - Google Chrome,Tâches diverses,2021-12-07,09:06:58,00:00:02
stefano.crapanzano@chu.ulg.ac.be,Quantité à commander ne vient pas de ZMMARTIKEL sur A03 - Xperthis ERP4HC 2.0 Rollout - Service d'assistance - Google Chrome,Tâches diverses,2021-12-07,11:34:32,00:00:05
stefano.crapanzano@chu.ulg.ac.be,Quantité à commander ne vient pas de ZMMARTIKEL sur A03 - Xperthis ERP4HC 2.0 Rollout - Service d'assistance - Google Chrome,Tâches diverses,2021-12-07,11:34:55,00:00:09
stefano.crapanzano@chu.ulg.ac.be,Quantité à commander ne vient pas de ZMMARTIKEL sur A03 - Xperthis ERP4HC 2.0 Rollout - Service d'assistance - Google Chrome,Tâches diverses,2021-12-07,11:35:46,00:00:02
stefano.crapanzano@chu.ulg.ac.be,Yet Another DataTables Column Filter (yadcf) Showcase - Google Chrome,Tâches diverses,2021-12-07,09:07:04,00:00:02
stefano.crapanzano@chu.ulg.ac.be,DBeaver 21.0.0 - <db_integration.sqlite3> Script-4,Tâches diverses,2021-12-07,12:05:53,00:00:28
stefano.crapanzano@chu.ulg.ac.be,DBeaver 21.0.0 - <db_integration.sqlite3> Script-4,Tâches diverses,2021-12-07,12:08:18,00:00:02
stefano.crapanzano@chu.ulg.ac.be,DBeaver 21.0.0 - <db_integration.sqlite3> Script-4,Tâches diverses,2021-12-07,12:09:06,00:00:02
stefano.crapanzano@chu.ulg.ac.be,TypeError at /stock/cached - Google Chrome,Tâches diverses,2021-12-07,09:20:30,00:00:05
stefano.crapanzano@chu.ulg.ac.be,TypeError at /stock/cached - Google Chrome,Tâches diverses,2021-12-07,09:20:42,00:00:02
stefano.crapanzano@chu.ulg.ac.be,AttributeError at /stock/cached - Google Chrome,Tâches diverses,2021-12-07,09:20:44,00:00:06
stefano.crapanzano@chu.ulg.ac.be,AttributeError at /stock/cached - Google Chrome,Tâches diverses,2021-12-07,09:21:03,00:00:14
stefano.crapanzano@chu.ulg.ac.be,AttributeError at /stock/cached - Google Chrome,Tâches diverses,2021-12-07,10:10:11,00:00:05
stefano.crapanzano@chu.ulg.ac.be,AttributeError at /stock/cached - Google Chrome,Tâches diverses,2021-12-07,10:11:39,00:00:07
stefano.crapanzano@chu.ulg.ac.be,AttributeError at /stock/cached - Google Chrome,Tâches diverses,2021-12-07,10:11:56,00:00:02
stefano.crapanzano@chu.ulg.ac.be,bootstrap cshow form on same line - Recherche Google - Google Chrome,Tâches diverses,2021-12-07,09:23:42,00:00:02
stefano.crapanzano@chu.ulg.ac.be,html - Bootstrap form  fields on the same line - Stack Overflow - Google Chrome,Tâches diverses,2021-12-07,09:23:45,00:00:38
stefano.crapanzano@chu.ulg.ac.be,html - Bootstrap form  fields on the same line - Stack Overflow - Google Chrome,Tâches diverses,2021-12-07,09:52:39,00:00:02
stefano.crapanzano@chu.ulg.ac.be,html - Bootstrap form  fields on the same line - Stack Overflow - Google Chrome,Tâches diverses,2021-12-07,11:39:00,00:00:04
stefano.crapanzano@chu.ulg.ac.be,html - Bootstrap form  fields on the same line - Stack Overflow - Google Chrome,Tâches diverses,2021-12-07,12:56:20,00:00:05
stefano.crapanzano@chu.ulg.ac.be,Overview · Bootstrap - Google Chrome,Tâches diverses,2021-12-07,09:24:38,00:00:05
stefano.crapanzano@chu.ulg.ac.be,Overview · Bootstrap - Google Chrome,Tâches diverses,2021-12-07,09:25:42,00:00:24
stefano.crapanzano@chu.ulg.ac.be,Alerts · Bootstrap - Google Chrome,Tâches diverses,2021-12-07,09:24:43,00:00:02
stefano.crapanzano@chu.ulg.ac.be,Reboot · Bootstrap - Google Chrome,Tâches diverses,2021-12-07,09:24:46,00:00:05
stefano.crapanzano@chu.ulg.ac.be,Migrating to v4 · Bootstrap - Google Chrome,Tâches diverses,2021-12-07,09:24:51,00:00:32
stefano.crapanzano@chu.ulg.ac.be,Introduction · Bootstrap - Google Chrome,Tâches diverses,2021-12-07,09:25:24,00:00:02
stefano.crapanzano@chu.ulg.ac.be,Introduction · Bootstrap - Google Chrome,Tâches diverses,2021-12-07,09:25:38,00:00:03
stefano.crapanzano@chu.ulg.ac.be,Examples · Bootstrap - Google Chrome,Tâches diverses,2021-12-07,09:25:26,00:00:11
stefano.crapanzano@chu.ulg.ac.be,Tables · Bootstrap - Google Chrome,Tâches diverses,2021-12-07,09:26:07,00:00:04
stefano.crapanzano@chu.ulg.ac.be,tab bootstrap - Recherche Google - Google Chrome,Tâches diverses,2021-12-07,09:26:20,00:00:02
stefano.crapanzano@chu.ulg.ac.be,tab bootstrap - Recherche Google - Google Chrome,Tâches diverses,2021-12-07,09:26:48,00:00:06
stefano.crapanzano@chu.ulg.ac.be,Navs and tabs · Bootstrap v5.0 - Google Chrome,Tâches diverses,2021-12-07,09:26:23,00:00:19
stefano.crapanzano@chu.ulg.ac.be,Collapse · Bootstrap v5.0 - Google Chrome,Tâches diverses,2021-12-07,09:26:45,00:00:02
stefano.crapanzano@chu.ulg.ac.be,collapse bootstrap - Recherche Google - Google Chrome,Tâches diverses,2021-12-07,09:26:54,00:00:02
stefano.crapanzano@chu.ulg.ac.be,Collapse · Bootstrap - Google Chrome,Tâches diverses,2021-12-07,09:26:57,00:00:58
stefano.crapanzano@chu.ulg.ac.be,Collapse · Bootstrap - Google Chrome,Tâches diverses,2021-12-07,09:28:06,00:00:27
stefano.crapanzano@chu.ulg.ac.be,Collapse · Bootstrap - Google Chrome,Tâches diverses,2021-12-07,09:28:37,00:00:06
stefano.crapanzano@chu.ulg.ac.be,Collapse · Bootstrap - Google Chrome,Tâches diverses,2021-12-07,09:29:20,00:00:06
stefano.crapanzano@chu.ulg.ac.be,Collapse · Bootstrap - Google Chrome,Tâches diverses,2021-12-07,09:52:41,00:00:26
stefano.crapanzano@chu.ulg.ac.be,Ouverture -Excel,Tâches diverses,2021-12-07,09:33:22,00:00:07
stefano.crapanzano@chu.ulg.ac.be,Télétravail (à partir du 11-01-21).xlsx - Excel,Tâches diverses,2021-12-07,09:33:30,00:01:12
stefano.crapanzano@chu.ulg.ac.be,Sans titre - Google Chrome,Helpdesk général,2021-12-07,15:43:29,00:00:02
stefano.crapanzano@chu.ulg.ac.be,SSP2.0_A03_tuiles Ma boite de réception-DA&Suivi des factures - Xperthis ERP4HC 2.0 Rollout - Service d'assistance - Google Chrome,Tâches diverses,2021-12-07,09:47:38,00:00:14
stefano.crapanzano@chu.ulg.ac.be,SSP2.0_A03_tuiles Ma boite de réception-DA&Suivi des factures - Xperthis ERP4HC 2.0 Rollout - Service d'assistance - Google Chrome,Tâches diverses,2021-12-07,09:48:25,00:00:20
stefano.crapanzano@chu.ulg.ac.be,SSP2.0_A03_tuiles Ma boite de réception-DA&Suivi des factures - Xperthis ERP4HC 2.0 Rollout - Service d'assistance - Google Chrome,Tâches diverses,2021-12-07,09:48:49,00:00:26
stefano.crapanzano@chu.ulg.ac.be,SSP2.0_A03_tuiles Ma boite de réception-DA&Suivi des factures - Xperthis ERP4HC 2.0 Rollout - Service d'assistance - Google Chrome,Tâches diverses,2021-12-07,09:50:32,00:00:13
stefano.crapanzano@chu.ulg.ac.be,Demandes - Service d'assistance - Google Chrome,Tâches diverses,2021-12-07,09:50:45,00:00:04
stefano.crapanzano@chu.ulg.ac.be,Demandes - Service d'assistance - Google Chrome,Tâches diverses,2021-12-07,09:51:12,00:00:05
stefano.crapanzano@chu.ulg.ac.be,Demandes - Service d'assistance - Google Chrome,Tâches diverses,2021-12-07,09:51:23,00:00:06
stefano.crapanzano@chu.ulg.ac.be,Demandes - Service d'assistance - Google Chrome,Tâches diverses,2021-12-07,11:33:57,00:00:14
stefano.crapanzano@chu.ulg.ac.be,Demandes - Service d'assistance - Google Chrome,Tâches diverses,2021-12-07,11:34:17,00:00:14
stefano.crapanzano@chu.ulg.ac.be,Demandes - Service d'assistance - Google Chrome,Tâches diverses,2021-12-07,11:35:48,00:00:21
stefano.crapanzano@chu.ulg.ac.be,Demandes - Service d'assistance - Google Chrome,Tâches diverses,2021-12-07,11:36:58,00:00:06
stefano.crapanzano@chu.ulg.ac.be,Demandes - Service d'assistance - Google Chrome,Helpdesk général,2021-12-07,11:37:33,00:00:09
stefano.crapanzano@chu.ulg.ac.be,Demandes - Service d'assistance - Google Chrome,Tâches diverses,2021-12-07,13:51:08,00:00:16
stefano.crapanzano@chu.ulg.ac.be,Demandes - Service d'assistance - Google Chrome,Tâches diverses,2021-12-07,13:54:26,00:00:05
stefano.crapanzano@chu.ulg.ac.be,Demandes - Service d'assistance - Google Chrome,Tâches diverses,2021-12-07,13:54:34,00:00:13
stefano.crapanzano@chu.ulg.ac.be,Demandes - Service d'assistance - Google Chrome,Tâches diverses,2021-12-07,14:29:47,00:00:02
stefano.crapanzano@chu.ulg.ac.be,Demandes - Service d'assistance - Google Chrome,Tâches diverses,2021-12-07,15:24:41,00:00:08
stefano.crapanzano@chu.ulg.ac.be,Demandes - Service d'assistance - Google Chrome,Tâches diverses,2021-12-07,15:26:26,00:00:02
stefano.crapanzano@chu.ulg.ac.be,Demandes - Service d'assistance - Google Chrome,Tâches diverses,2021-12-07,16:07:23,00:00:17
stefano.crapanzano@chu.ulg.ac.be,Accès A03 - Xperthis ERP4HC 2.0 Rollout - Service d'assistance - Google Chrome,Tâches diverses,2021-12-07,09:50:49,00:00:22
stefano.crapanzano@chu.ulg.ac.be,P203 CHR envoi rappels verz - Xperthis ERP4HC 1.0 - Service d'assistance - Google Chrome,Tâches diverses,2021-12-07,09:51:17,00:00:05
stefano.crapanzano@chu.ulg.ac.be,P203 CHU Impossible d’ouvrir la période 2022 dans la comptabilité budgétaire en PE2 - Xperthis ERP4HC 1.0 - Service d'assistance - Google Chrome,Tâches diverses,2021-12-07,09:51:29,00:00:33
stefano.crapanzano@chu.ulg.ac.be,Envoyés - erp.sai@chuliege.be - Mozilla Thunderbird,Helpdesk général,2021-12-07,09:52:07,00:00:15
stefano.crapanzano@chu.ulg.ac.be,Envoyés - erp.sai@chuliege.be - Mozilla Thunderbird,Helpdesk général,2021-12-07,10:48:09,00:02:04
stefano.crapanzano@chu.ulg.ac.be,Envoyés - erp.sai@chuliege.be - Mozilla Thunderbird,Helpdesk général,2021-12-07,14:52:52,00:00:02
stefano.crapanzano@chu.ulg.ac.be,FieldError at /stock/cached - Google Chrome,Tâches diverses,2021-12-07,10:03:24,00:00:05
stefano.crapanzano@chu.ulg.ac.be,DBeaver 21.0.0 - <GLIMS1.ST.CHULG> Script-7,Tâches diverses,2021-12-07,16:11:19,00:00:04
stefano.crapanzano@chu.ulg.ac.be,django template check if none - Recherche Google - Google Chrome,Tâches diverses,2021-12-07,10:16:10,00:00:02
stefano.crapanzano@chu.ulg.ac.be,python - What is the equivalent of  none  in django templates? - Stack Overflow - Google Chrome,Tâches diverses,2021-12-07,10:16:13,00:00:15
stefano.crapanzano@chu.ulg.ac.be,SAP,Exploration SAP,2021-12-07,10:30:00,00:00:02
stefano.crapanzano@chu.ulg.ac.be,SAP,Exploration SAP,2021-12-07,12:52:10,00:00:03
stefano.crapanzano@chu.ulg.ac.be,SAP,Exploration SAP,2021-12-07,16:57:32,00:00:02
stefano.crapanzano@chu.ulg.ac.be,SAP,Exploration SAP,2021-12-07,17:05:50,00:00:03
stefano.crapanzano@chu.ulg.ac.be,Tax-on-web | SPF Finances - Google Chrome,Tâches diverses,2021-12-07,10:50:19,00:00:02
stefano.crapanzano@chu.ulg.ac.be,MyMinfin - Google Chrome,Tâches diverses,2021-12-07,10:50:23,00:00:04
stefano.crapanzano@chu.ulg.ac.be,MyMinfin - Google Chrome,Tâches diverses,2021-12-07,10:51:54,00:03:17
stefano.crapanzano@chu.ulg.ac.be,Mon Drive - Google Drive - Google Chrome,Tâches diverses,2021-12-07,10:51:21,00:00:02
stefano.crapanzano@chu.ulg.ac.be,Document important - Google Drive - Google Chrome,Tâches diverses,2021-12-07,10:51:24,00:00:06
stefano.crapanzano@chu.ulg.ac.be,Fisc - Google Drive - Google Chrome,Tâches diverses,2021-12-07,10:51:31,00:00:10
stefano.crapanzano@chu.ulg.ac.be,Fisc - Google Drive - Google Chrome,Tâches diverses,2021-12-07,10:51:44,00:00:02
stefano.crapanzano@chu.ulg.ac.be,ING Belgique | Banque & Assurances pour particuliers et sociétés - ING Belgique - Google Chrome,Tâches diverses,2021-12-07,10:55:20,00:00:10
stefano.crapanzano@chu.ulg.ac.be,ING Belgique | Banque & Assurances pour particuliers et sociétés - ING Belgique - Google Chrome,Tâches diverses,2021-12-07,15:06:46,00:00:02
stefano.crapanzano@chu.ulg.ac.be,Page pour se connecter à Home'Bank | ING Belgique - Google Chrome,Tâches diverses,2021-12-07,10:55:30,00:00:05
stefano.crapanzano@chu.ulg.ac.be,Page pour se connecter à Home'Bank | ING Belgique - Google Chrome,Tâches diverses,2021-12-07,10:56:24,00:00:04
stefano.crapanzano@chu.ulg.ac.be,Page pour se connecter à Home'Bank | ING Belgique - Google Chrome,Tâches diverses,2021-12-07,10:56:47,00:03:47
stefano.crapanzano@chu.ulg.ac.be,Page pour se connecter à Home'Bank | ING Belgique - Google Chrome,Tâches diverses,2021-12-07,11:01:24,00:07:04
stefano.crapanzano@chu.ulg.ac.be,Page pour se connecter à Home'Bank | ING Belgique - Google Chrome,Tâches diverses,2021-12-07,11:33:46,00:00:06
stefano.crapanzano@chu.ulg.ac.be,Page pour se connecter à Home'Bank | ING Belgique - Google Chrome,Tâches diverses,2021-12-07,11:44:45,00:00:02
stefano.crapanzano@chu.ulg.ac.be,Page pour se connecter à Home'Bank | ING Belgique - Google Chrome,Tâches diverses,2021-12-07,11:45:05,00:02:05
stefano.crapanzano@chu.ulg.ac.be,Page pour se connecter à Home'Bank | ING Belgique - Google Chrome,Tâches diverses,2021-12-07,12:55:55,00:00:25
stefano.crapanzano@chu.ulg.ac.be,Page pour se connecter à Home'Bank | ING Belgique - Google Chrome,Tâches diverses,2021-12-07,13:55:55,00:01:31
stefano.crapanzano@chu.ulg.ac.be,Page pour se connecter à Home'Bank | ING Belgique - Google Chrome,Tâches diverses,2021-12-07,14:15:48,00:00:39
stefano.crapanzano@chu.ulg.ac.be,Page pour se connecter à Home'Bank | ING Belgique - Google Chrome,Tâches diverses,2021-12-07,15:03:33,00:00:02
stefano.crapanzano@chu.ulg.ac.be,Page pour se connecter à Home'Bank | ING Belgique - Google Chrome,Tâches diverses,2021-12-07,15:03:50,00:00:02
stefano.crapanzano@chu.ulg.ac.be,Page pour se connecter à Home'Bank | ING Belgique - Google Chrome,Tâches diverses,2021-12-07,15:06:48,00:00:03
stefano.crapanzano@chu.ulg.ac.be,Page pour se connecter à Home'Bank | ING Belgique - Google Chrome,Tâches diverses,2021-12-07,15:06:55,00:00:02
stefano.crapanzano@chu.ulg.ac.be,Mots_de_passe.kdbx - KeePass,Tâches diverses,2021-12-07,15:03:53,00:00:02
stefano.crapanzano@chu.ulg.ac.be,SAP Logon 760,Exploration SAP,2021-12-07,11:08:47,00:00:06
stefano.crapanzano@chu.ulg.ac.be,SAP Logon 760,Exploration SAP,2021-12-07,11:31:43,00:00:05
stefano.crapanzano@chu.ulg.ac.be,SAP Logon 760,Exploration SAP,2021-12-07,12:52:22,00:00:06
stefano.crapanzano@chu.ulg.ac.be,SAP Logon 760,Exploration SAP,2021-12-07,15:22:16,00:00:08
stefano.crapanzano@chu.ulg.ac.be,Valeur par Type de Magasin,Exploration SAP,2021-12-07,11:08:40,00:00:02
stefano.crapanzano@chu.ulg.ac.be,Valeur par Type de Magasin,Exploration SAP,2021-12-07,12:52:14,00:00:02
stefano.crapanzano@chu.ulg.ac.be,Valeur par Type de Magasin,Exploration SAP,2021-12-07,15:52:59,00:00:02
stefano.crapanzano@chu.ulg.ac.be,Valeur par Type de Magasin,Exploration SAP,2021-12-07,16:12:27,00:00:02
stefano.crapanzano@chu.ulg.ac.be,Valeur par Type de Magasin,Exploration SAP,2021-12-07,16:42:36,00:00:02
stefano.crapanzano@chu.ulg.ac.be,Valeur par Type de Magasin,Exploration SAP,2021-12-07,16:49:58,00:00:02
stefano.crapanzano@chu.ulg.ac.be,Valeur par Type de Magasin,Exploration SAP,2021-12-07,16:57:34,00:00:02
stefano.crapanzano@chu.ulg.ac.be,Valeur par Type de Magasin,Exploration SAP,2021-12-07,16:58:30,00:00:02
stefano.crapanzano@chu.ulg.ac.be,Gewaardeerde voorraad,Exploration SAP,2021-12-07,11:31:38,00:00:05
stefano.crapanzano@chu.ulg.ac.be,Gewaardeerde voorraad,Exploration SAP,2021-12-07,12:52:16,00:00:03
stefano.crapanzano@chu.ulg.ac.be,Gewaardeerde voorraad,Exploration SAP,2021-12-07,16:42:41,00:00:02
stefano.crapanzano@chu.ulg.ac.be,Gewaardeerde voorraad,Exploration SAP,2021-12-07,16:50:04,00:00:02
stefano.crapanzano@chu.ulg.ac.be,Gewaardeerde voorraad,Exploration SAP,2021-12-07,16:57:39,00:00:02
stefano.crapanzano@chu.ulg.ac.be,Définir valeurs pour critères de filtre,Exploration SAP,2021-12-07,15:22:35,00:00:03
stefano.crapanzano@chu.ulg.ac.be,SAP Easy Access Menu de base Applications financières-économiques,Exploration SAP,2021-12-07,15:22:24,00:00:06
stefano.crapanzano@chu.ulg.ac.be,SAP Easy Access Menu de base Applications financières-économiques,Exploration SAP,2021-12-07,16:42:30,00:00:06
stefano.crapanzano@chu.ulg.ac.be,127.0.0.1 - Google Chrome,Tâches diverses,2021-12-07,11:31:14,00:00:03
stefano.crapanzano@chu.ulg.ac.be,127.0.0.1 - Google Chrome,Tâches diverses,2021-12-07,12:22:23,00:00:03
stefano.crapanzano@chu.ulg.ac.be,127.0.0.1 - Google Chrome,Tâches diverses,2021-12-07,12:22:36,00:00:02
stefano.crapanzano@chu.ulg.ac.be,Impossible de créer une déclaration intrastat sur A03 - Xperthis ERP4HC 2.0 Rollout - Service d'assistance - Google Chrome,Tâches diverses,2021-12-07,11:33:17,00:00:18
stefano.crapanzano@chu.ulg.ac.be,Impossible de créer une déclaration intrastat sur A03 - Xperthis ERP4HC 2.0 Rollout - Service d'assistance - Google Chrome,Tâches diverses,2021-12-07,13:54:31,00:00:02
stefano.crapanzano@chu.ulg.ac.be,C3_VALIDATION DONNEES_MM03_AFFICHAGE MODIF. - Xperthis ERP4HC 2.0 Rollout - Service d'assistance - Google Chrome,Tâches diverses,2021-12-07,11:34:12,00:00:05
stefano.crapanzano@chu.ulg.ac.be,Page d'accueil - Google Chrome,Tâches diverses,2021-12-07,11:34:44,00:00:08
stefano.crapanzano@chu.ulg.ac.be,C:\temp\ZMMARTIKEL20211206111737.csv - Notepad++ [Administrator],Tâches diverses,2021-12-07,11:35:24,00:00:05
stefano.crapanzano@chu.ulg.ac.be,URGENT !!! --> TR: BUG SAP - pas d'accompagnateur DMI référent SAP ce jour - Mozilla Thunderbird,Helpdesk général,2021-12-07,11:37:20,00:00:02
stefano.crapanzano@chu.ulg.ac.be,lamarche - Mozilla Thunderbird,Helpdesk général,2021-12-07,11:37:49,00:00:17
stefano.crapanzano@chu.ulg.ac.be,SDERP-19440 Panier de l'équipe ne peut être traité - Mozilla Thunderbird,Helpdesk général,2021-12-07,11:38:07,00:00:45
stefano.crapanzano@chu.ulg.ac.be,itsme - Recherche Google - Google Chrome,Tâches diverses,2021-12-07,11:47:13,00:00:05
stefano.crapanzano@chu.ulg.ac.be,itsme - Recherche Google - Google Chrome,Tâches diverses,2021-12-07,11:48:21,00:00:04
stefano.crapanzano@chu.ulg.ac.be,itsme - Recherche Google - Google Chrome,Tâches diverses,2021-12-07,11:48:45,00:00:29
stefano.crapanzano@chu.ulg.ac.be,itsme - Recherche Google - Google Chrome,Tâches diverses,2021-12-07,12:56:25,00:00:06
stefano.crapanzano@chu.ulg.ac.be,Itsme rencontre un problème technique - Le Soir - Google Chrome,Tâches diverses,2021-12-07,11:47:19,00:00:29
stefano.crapanzano@chu.ulg.ac.be,L'application Itsme brièvement indisponible lundi matin - Google Chrome,Tâches diverses,2021-12-07,11:47:49,00:00:31
stefano.crapanzano@chu.ulg.ac.be,L'application Itsme rencontre un problème technique - DH Les Sports+ - Google Chrome,Tâches diverses,2021-12-07,11:48:25,00:00:20
stefano.crapanzano@chu.ulg.ac.be,Problème technique chez Itsme: certains utilisateurs n'arrivent plus à se connecter - Google Chrome,Tâches diverses,2021-12-07,11:49:14,00:00:10
stefano.crapanzano@chu.ulg.ac.be,RTBF le site de la Radio Télévision Belge Francophone - Google Chrome,Tâches diverses,2021-12-07,11:49:25,00:00:08
stefano.crapanzano@chu.ulg.ac.be,RTBF le site de la Radio Télévision Belge Francophone - Google Chrome,Tâches diverses,2021-12-07,14:53:01,00:00:42
stefano.crapanzano@chu.ulg.ac.be,RTBF le site de la Radio Télévision Belge Francophone - Google Chrome,Tâches diverses,2021-12-07,15:01:16,00:00:26
stefano.crapanzano@chu.ulg.ac.be,RTBF le site de la Radio Télévision Belge Francophone - Google Chrome,Tâches diverses,2021-12-07,15:10:51,00:00:04
stefano.crapanzano@chu.ulg.ac.be,RTBF le site de la Radio Télévision Belge Francophone - Google Chrome,Tâches diverses,2021-12-07,15:10:58,00:10:57
stefano.crapanzano@chu.ulg.ac.be,RTBF le site de la Radio Télévision Belge Francophone - Google Chrome,Tâches diverses,2021-12-07,15:23:28,00:00:02
stefano.crapanzano@chu.ulg.ac.be,RTBF le site de la Radio Télévision Belge Francophone - Google Chrome,Tâches diverses,2021-12-07,16:36:45,00:00:09
stefano.crapanzano@chu.ulg.ac.be,Coronavirus: des directrices et directeurs d’école en  grande souffrance    avec le sentiment de ne jamais y arriver  - Google Chrome,Tâches diverses,2021-12-07,11:49:33,00:14:25
stefano.crapanzano@chu.ulg.ac.be,Coronavirus: des directrices et directeurs d’école en  grande souffrance    avec le sentiment de ne jamais y arriver  - Google Chrome,Tâches diverses,2021-12-07,12:55:52,00:00:02
stefano.crapanzano@chu.ulg.ac.be,Coronavirus: des directrices et directeurs d’école en  grande souffrance    avec le sentiment de ne jamais y arriver  - Google Chrome,Tâches diverses,2021-12-07,13:57:30,00:00:02
stefano.crapanzano@chu.ulg.ac.be,Coronavirus: des directrices et directeurs d’école en  grande souffrance    avec le sentiment de ne jamais y arriver  - Google Chrome,Tâches diverses,2021-12-07,14:15:45,00:00:02
stefano.crapanzano@chu.ulg.ac.be,Coronavirus: des directrices et directeurs d’école en  grande souffrance    avec le sentiment de ne jamais y arriver  - Google Chrome,Tâches diverses,2021-12-07,14:26:58,00:00:02
stefano.crapanzano@chu.ulg.ac.be,Coronavirus: des directrices et directeurs d’école en  grande souffrance    avec le sentiment de ne jamais y arriver  - Google Chrome,Tâches diverses,2021-12-07,14:52:56,00:00:05
stefano.crapanzano@chu.ulg.ac.be,ctrl f5 chrome - Recherche Google - Google Chrome,Tâches diverses,2021-12-07,12:15:16,00:00:04
stefano.crapanzano@chu.ulg.ac.be,Comment rafraîchir votre navigateur web et vider le cache ? NAVIO - Google Chrome,Tâches diverses,2021-12-07,12:15:20,00:00:26
stefano.crapanzano@chu.ulg.ac.be,L'application Itsme est en panne ce matin - RTL Info - Google Chrome,Tâches diverses,2021-12-07,12:56:32,00:00:35
stefano.crapanzano@chu.ulg.ac.be,RTL info - La Une de l'actualité - Google Chrome,Tâches diverses,2021-12-07,12:57:07,00:00:13
stefano.crapanzano@chu.ulg.ac.be,RTL info - La Une de l'actualité - Google Chrome,Tâches diverses,2021-12-07,13:57:35,00:00:47
stefano.crapanzano@chu.ulg.ac.be,RTL info - La Une de l'actualité - Google Chrome,Tâches diverses,2021-12-07,13:58:40,00:00:40
stefano.crapanzano@chu.ulg.ac.be,RTL info - La Une de l'actualité - Google Chrome,Tâches diverses,2021-12-07,14:27:02,00:00:05
stefano.crapanzano@chu.ulg.ac.be,RTL info - La Une de l'actualité - Google Chrome,Tâches diverses,2021-12-07,14:29:20,00:00:26
stefano.crapanzano@chu.ulg.ac.be,Une infirmière veut faire grève ce mardi  mais elle a été  réquisitionnée :  Des policiers m'attendaient devant mon domicile  - RTL Info - Google Chrome,Tâches diverses,2021-12-07,12:57:21,00:01:49
stefano.crapanzano@chu.ulg.ac.be,Une infirmière veut faire grève ce mardi  mais elle a été  réquisitionnée :  Des policiers m'attendaient devant mon domicile  - RTL Info - Google Chrome,Tâches diverses,2021-12-07,12:59:37,00:01:46
stefano.crapanzano@chu.ulg.ac.be,Une infirmière veut faire grève ce mardi  mais elle a été  réquisitionnée :  Des policiers m'attendaient devant mon domicile  - RTL Info - Google Chrome,Tâches diverses,2021-12-07,13:04:29,00:06:04
stefano.crapanzano@chu.ulg.ac.be,Une infirmière veut faire grève ce mardi  mais elle a été  réquisitionnée :  Des policiers m'attendaient devant mon domicile  - RTL Info - Google Chrome,Tâches diverses,2021-12-07,13:57:32,00:00:02
stefano.crapanzano@chu.ulg.ac.be,RTBF Auvio direct : toutes les chaînes TV et radio de la RTBF en direct - Google Chrome,Tâches diverses,2021-12-07,12:59:18,00:00:02
stefano.crapanzano@chu.ulg.ac.be,JT 13h - Google Chrome,Tâches diverses,2021-12-07,12:59:21,00:00:04
stefano.crapanzano@chu.ulg.ac.be,JT 13h - Google Chrome,Tâches diverses,2021-12-07,12:59:27,00:00:09
stefano.crapanzano@chu.ulg.ac.be,JT 13h - Google Chrome,Tâches diverses,2021-12-07,13:01:24,00:03:05
stefano.crapanzano@chu.ulg.ac.be,JT 13h - Google Chrome,Tâches diverses,2021-12-07,13:17:14,00:00:02
stefano.crapanzano@chu.ulg.ac.be,JT 13h - Google Chrome,Tâches diverses,2021-12-07,13:27:37,00:00:04
stefano.crapanzano@chu.ulg.ac.be,Connexion : comptes Google - Google Chrome,Tâches diverses,2021-12-07,12:59:25,00:00:02
stefano.crapanzano@chu.ulg.ac.be,CHU de Liège - Intranet - Google Chrome,Tâches diverses,2021-12-07,13:11:58,00:00:04
stefano.crapanzano@chu.ulg.ac.be,CHU de Liège - Intranet - Google Chrome,Tâches diverses,2021-12-07,15:59:13,00:00:05
stefano.crapanzano@chu.ulg.ac.be,myCHU - Google Chrome,Tâches diverses,2021-12-07,13:12:02,00:00:02
stefano.crapanzano@chu.ulg.ac.be,myCHU - Google Chrome,Tâches diverses,2021-12-07,13:12:14,00:00:02
stefano.crapanzano@chu.ulg.ac.be,myCHU - Google Chrome,Tâches diverses,2021-12-07,13:12:26,00:00:06
stefano.crapanzano@chu.ulg.ac.be,STPNET 2 - Google Chrome,Tâches diverses,2021-12-07,13:12:04,00:00:09
stefano.crapanzano@chu.ulg.ac.be,STPNET 2 - Google Chrome,Tâches diverses,2021-12-07,15:49:38,00:00:44
stefano.crapanzano@chu.ulg.ac.be,uwMenu.jsp (CHUL) - Google Chrome,Tâches diverses,2021-12-07,13:12:22,00:00:04
stefano.crapanzano@chu.ulg.ac.be,jsp/fichepaie/FichePaieFirmes2.jsp (CHUL) - Google Chrome,Tâches diverses,2021-12-07,13:12:19,00:00:02
stefano.crapanzano@chu.ulg.ac.be,Lecture documentation,Tâches diverses,2021-12-07,13:31:41,00:01:54
stefano.crapanzano@chu.ulg.ac.be,Lecture documentation,Tâches diverses,2021-12-07,13:44:39,00:01:06
stefano.crapanzano@chu.ulg.ac.be,Lecture documentation,Tâches diverses,2021-12-07,13:49:59,00:00:50
stefano.crapanzano@chu.ulg.ac.be,Lecture documentation,Tâches diverses,2021-12-07,13:54:50,00:00:27
stefano.crapanzano@chu.ulg.ac.be,Lecture documentation,Tâches diverses,2021-12-07,13:55:40,00:00:10
stefano.crapanzano@chu.ulg.ac.be,Lecture documentation,Tâches diverses,2021-12-07,13:55:51,00:00:02
stefano.crapanzano@chu.ulg.ac.be,Lecture documentation,Tâches diverses,2021-12-07,14:29:49,00:02:51
stefano.crapanzano@chu.ulg.ac.be,Lecture documentation,Tâches diverses,2021-12-07,14:32:42,00:00:14
stefano.crapanzano@chu.ulg.ac.be,Lecture documentation,Tâches diverses,2021-12-07,14:33:04,00:00:04
stefano.crapanzano@chu.ulg.ac.be,Lecture documentation,Tâches diverses,2021-12-07,14:34:46,00:17:48
stefano.crapanzano@chu.ulg.ac.be,Explication mise à jour goal.chuliege.be - OneNote,Tâches diverses,2021-12-07,15:50:32,00:00:26
stefano.crapanzano@chu.ulg.ac.be,P203 CHU Panier de l'équipe ne peut être traité - Xperthis ERP4HC 1.0 - Service d'assistance - Google Chrome,Tâches diverses,2021-12-07,13:51:25,00:00:12
stefano.crapanzano@chu.ulg.ac.be,P203 CHU Panier de l'équipe ne peut être traité - Xperthis ERP4HC 1.0 - Service d'assistance - Google Chrome,Helpdesk général,2021-12-07,13:51:38,00:02:09
stefano.crapanzano@chu.ulg.ac.be,P203 CHU Panier de l'équipe ne peut être traité - Xperthis ERP4HC 1.0 - Service d'assistance - Google Chrome,Helpdesk général,2021-12-07,13:53:53,00:00:05
stefano.crapanzano@chu.ulg.ac.be,P203 CHU Panier de l'équipe ne peut être traité - Xperthis ERP4HC 1.0 - Service d'assistance - Google Chrome,Tâches diverses,2021-12-07,13:54:09,00:00:16
stefano.crapanzano@chu.ulg.ac.be,L'essence coûtera moins cher à partir de demain - RTL Info - Google Chrome,Tâches diverses,2021-12-07,13:58:22,00:00:17
stefano.crapanzano@chu.ulg.ac.be,L'application Itsme est en panne - RTL Info - Google Chrome,Tâches diverses,2021-12-07,13:59:20,00:00:06
stefano.crapanzano@chu.ulg.ac.be,Les applications de Telenet indisponibles en raison d'un problème technique - RTL Info - Google Chrome,Tâches diverses,2021-12-07,13:59:27,00:15:13
stefano.crapanzano@chu.ulg.ac.be,substr sql server - Recherche Google - Google Chrome,Tâches diverses,2021-12-07,14:16:27,00:10:26
stefano.crapanzano@chu.ulg.ac.be,La police à la porte des soignants pour faire face à la grève:  Une décision très difficile  - RTL Info - Google Chrome,Tâches diverses,2021-12-07,14:27:07,00:02:12
stefano.crapanzano@chu.ulg.ac.be,Experiments - Google Chrome,Tâches diverses,2021-12-07,14:33:00,00:00:03
stefano.crapanzano@chu.ulg.ac.be,Experiments - Google Chrome,Tâches diverses,2021-12-07,15:10:48,00:00:02
stefano.crapanzano@chu.ulg.ac.be,OVNIS : existent-ils depuis le début de l’humanité ? - Google Chrome,Tâches diverses,2021-12-07,14:53:44,00:07:32
stefano.crapanzano@chu.ulg.ac.be,Aperçu - La banque au quotidien d’ING - Google Chrome,Tâches diverses,2021-12-07,15:04:17,00:00:05
stefano.crapanzano@chu.ulg.ac.be,Aperçu - La banque au quotidien d’ING - Google Chrome,Tâches diverses,2021-12-07,15:06:12,00:00:08
stefano.crapanzano@chu.ulg.ac.be,Aperçu - La banque au quotidien d’ING - Google Chrome,Tâches diverses,2021-12-07,15:06:22,00:00:02
stefano.crapanzano@chu.ulg.ac.be,Aperçu - La banque au quotidien d’ING - Google Chrome,Tâches diverses,2021-12-07,15:07:22,00:00:02
stefano.crapanzano@chu.ulg.ac.be,Détails - La banque au quotidien d’ING - Google Chrome,Tâches diverses,2021-12-07,15:04:22,00:00:07
stefano.crapanzano@chu.ulg.ac.be,Détails - La banque au quotidien d’ING - Google Chrome,Tâches diverses,2021-12-07,15:04:45,00:01:07
stefano.crapanzano@chu.ulg.ac.be,Détails - La banque au quotidien d’ING - Google Chrome,Tâches diverses,2021-12-07,15:07:25,00:00:04
stefano.crapanzano@chu.ulg.ac.be,Tout l'Espace self-service - La banque au quotidien d’ING - Google Chrome,Tâches diverses,2021-12-07,15:04:30,00:00:06
stefano.crapanzano@chu.ulg.ac.be,Paiements - La banque au quotidien d’ING - Google Chrome,Tâches diverses,2021-12-07,15:04:37,00:00:06
stefano.crapanzano@chu.ulg.ac.be,Domiciliations - La banque au quotidien d’ING - Google Chrome,Tâches diverses,2021-12-07,15:05:52,00:00:02
stefano.crapanzano@chu.ulg.ac.be,Home'Bank - Gérer les domiciliations (2/2) - ING Belgique - Google Chrome,Tâches diverses,2021-12-07,15:05:58,00:00:13
stefano.crapanzano@chu.ulg.ac.be,ING - Google Chrome,Tâches diverses,2021-12-07,15:06:24,00:00:05
stefano.crapanzano@chu.ulg.ac.be,ING - Google Chrome,Tâches diverses,2021-12-07,15:06:38,00:00:08
stefano.crapanzano@chu.ulg.ac.be,ebanking.ing.be - Google Chrome,Tâches diverses,2021-12-07,15:06:31,00:00:02
stefano.crapanzano@chu.ulg.ac.be,Veuillez patienter ... - Google Chrome,Tâches diverses,2021-12-07,15:07:30,00:00:02
stefano.crapanzano@chu.ulg.ac.be,Close my current account - Google Chrome,Tâches diverses,2021-12-07,15:07:33,00:03:15
stefano.crapanzano@chu.ulg.ac.be,Close my current account - Google Chrome,Tâches diverses,2021-12-07,16:36:42,00:00:02
stefano.crapanzano@chu.ulg.ac.be,Netop Invité,Helpdesk général,2021-12-07,15:21:57,00:00:18
stefano.crapanzano@chu.ulg.ac.be,Liste des utilisateurs,Exploration SAP,2021-12-07,15:22:31,00:00:03
stefano.crapanzano@chu.ulg.ac.be,Liste des utilisateurs,Exploration SAP,2021-12-07,15:22:38,00:00:12
stefano.crapanzano@chu.ulg.ac.be,Liste des utilisateurs,Exploration SAP,2021-12-07,15:22:53,00:00:33
stefano.crapanzano@chu.ulg.ac.be,Déconnecter utilisateur,Exploration SAP,2021-12-07,15:22:51,00:00:02
stefano.crapanzano@chu.ulg.ac.be,P203 CHU Job interrompu - Xperthis ERP4HC 1.0 - Service d'assistance - Google Chrome,Tâches diverses,2021-12-07,15:24:49,00:01:37
stefano.crapanzano@chu.ulg.ac.be,P203 CHU Job interrompu - Xperthis ERP4HC 1.0 - Service d'assistance - Google Chrome,Tâches diverses,2021-12-07,15:26:29,00:01:12
stefano.crapanzano@chu.ulg.ac.be,Page not found at /stock/receptionnaire - Google Chrome,Tâches diverses,2021-12-07,15:40:12,00:00:06
stefano.crapanzano@chu.ulg.ac.be,P203 CHU Modifications effectuées dans SAP  mais non transmises à Gera - Xperthis ERP4HC 1.0 - Service d'assistance - Google Chrome,Tâches diverses,2021-12-07,15:43:32,00:00:17
stefano.crapanzano@chu.ulg.ac.be,django bulk create - Recherche Google - Google Chrome,Tâches diverses,2021-12-07,15:59:19,00:00:02
stefano.crapanzano@chu.ulg.ac.be,Bulk create model objects in django - Stack Overflow - Google Chrome,Tâches diverses,2021-12-07,15:59:21,00:00:37
stefano.crapanzano@chu.ulg.ac.be,Bulk create model objects in django - Stack Overflow - Google Chrome,Tâches diverses,2021-12-07,16:39:08,00:00:03
stefano.crapanzano@chu.ulg.ac.be,Extended My Requests - All requests - Service Desk - Google Chrome,Tâches diverses,2021-12-07,16:07:42,00:00:17
stefano.crapanzano@chu.ulg.ac.be,Microsoft SQL Server Management Studio (Administrateur),IT,2021-12-07,16:17:02,00:01:01
stefano.crapanzano@chu.ulg.ac.be,Se connecter au serveur,IT,2021-12-07,16:16:53,00:00:05
stefano.crapanzano@chu.ulg.ac.be,Rédaction : (pas de sujet) - Thunderbird,Helpdesk général,2021-12-07,16:23:03,00:00:24
stefano.crapanzano@chu.ulg.ac.be,how to disable browser preencoded input - Recherche Google - Google Chrome,Tâches diverses,2021-12-07,16:24:25,00:00:05
stefano.crapanzano@chu.ulg.ac.be,How to turn off form autocompletion - Web security | MDN - Google Chrome,Tâches diverses,2021-12-07,16:24:31,00:00:05
stefano.crapanzano@chu.ulg.ac.be,How to turn off form autocompletion - Web security | MDN - Google Chrome,Tâches diverses,2021-12-07,16:39:05,00:00:02
stefano.crapanzano@chu.ulg.ac.be,Site d’administration | Site d’administration de Django - Google Chrome,Tâches diverses,2021-12-07,16:37:55,00:00:02
stefano.crapanzano@chu.ulg.ac.be,Sélectionnez l’objet utilisateur à changer | Site d’administration de Django - Google Chrome,Tâches diverses,2021-12-07,16:39:01,00:00:02
stefano.crapanzano@chu.ulg.ac.be,c158492 | Modification de utilisateur | Site d’administration de Django - Google Chrome,Tâches diverses,2021-12-07,16:37:59,00:00:04
stefano.crapanzano@chu.ulg.ac.be,c158492 | Modification de utilisateur | Site d’administration de Django - Google Chrome,Tâches diverses,2021-12-07,16:38:05,00:00:02
stefano.crapanzano@chu.ulg.ac.be,Ajout de role | Site d’administration de Django - Google Chrome,Tâches diverses,2021-12-07,16:38:03,00:00:02
stefano.crapanzano@chu.ulg.ac.be,127.0.0.1:8000/stock/cached?article=24789&from=sap - Google Chrome,Tâches diverses,2021-12-07,16:44:04,00:00:02
stefano.crapanzano@chu.ulg.ac.be,127.0.0.1:8000/stock/cached?article=24789&from=sap - Google Chrome,Tâches diverses,2021-12-07,16:55:10,00:00:02
stefano.crapanzano@chu.ulg.ac.be,datatable do not show while building - Recherche Google - Google Chrome,Tâches diverses,2021-12-07,16:59:52,00:00:02
stefano.crapanzano@chu.ulg.ac.be,c# - What's the best way to Hide the Table data while jQuery DataTable is being initialized in MVC 4 Scripts Section - Stack Overflow - Google Chrome,Tâches diverses,2021-12-07,16:59:55,00:00:12
stefano.crapanzano@chu.ulg.ac.be,performance - jQuery DataTables - Slow initiation   Normal  html table shown in the beginning - Stack Overflow - Google Chrome,Tâches diverses,2021-12-07,17:00:07,00:00:29
stefano.crapanzano@chu.ulg.ac.be,performance - jQuery DataTables - Slow initiation   Normal  html table shown in the beginning - Stack Overflow - Google Chrome,Tâches diverses,2021-12-07,17:01:32,00:00:06
stefano.crapanzano@chu.ulg.ac.be,performance - jQuery DataTables - Slow initiation   Normal  html table shown in the beginning - Stack Overflow - Google Chrome,Tâches diverses,2021-12-07,17:02:26,00:00:07
stefano.crapanzano@chu.ulg.ac.be,settimeout - Recherche Google - Google Chrome,Tâches diverses,2021-12-07,17:02:34,00:00:06
stefano.crapanzano@chu.ulg.ac.be,setTimeout() - Lance une fonction après un délai - Référence du JS - Google Chrome,Tâches diverses,2021-12-07,17:02:41,00:00:21
