Email,Description,Project,Start date,Start time,Duration
stefano.crapanzano@chu.ulg.ac.be,DBeaver 21.0.0 - <ErpToolsDb.st.chulg> Script-2,Tâches diverses,2021-12-10,11:41:07,00:00:10
stefano.crapanzano@chu.ulg.ac.be,Envoyés - erp.sai@chuliege.be - Mozilla Thunderbird,Helpdesk général,2021-12-10,11:00:47,00:00:02
stefano.crapanzano@chu.ulg.ac.be,Envoyés - erp.sai@chuliege.be - Mozilla Thunderbird,Helpdesk général,2021-12-10,11:04:15,00:00:45
stefano.crapanzano@chu.ulg.ac.be,Envoyés - erp.sai@chuliege.be - Mozilla Thunderbird,Helpdesk général,2021-12-10,11:07:30,00:00:52
stefano.crapanzano@chu.ulg.ac.be,Envoyés - erp.sai@chuliege.be - Mozilla Thunderbird,Helpdesk général,2021-12-10,11:19:33,00:00:03
stefano.crapanzano@chu.ulg.ac.be,Envoyés - erp.sai@chuliege.be - Mozilla Thunderbird,Helpdesk général,2021-12-10,11:38:28,00:02:34
stefano.crapanzano@chu.ulg.ac.be,Envoyés - erp.sai@chuliege.be - Mozilla Thunderbird,Helpdesk général,2021-12-10,11:53:10,00:00:04
stefano.crapanzano@chu.ulg.ac.be,Envoyés - erp.sai@chuliege.be - Mozilla Thunderbird,Helpdesk général,2021-12-10,11:55:17,00:00:10
stefano.crapanzano@chu.ulg.ac.be,Envoyés - erp.sai@chuliege.be - Mozilla Thunderbird,Helpdesk général,2021-12-10,11:55:47,00:00:07
stefano.crapanzano@chu.ulg.ac.be,Envoyés - erp.sai@chuliege.be - Mozilla Thunderbird,Helpdesk général,2021-12-10,12:42:40,00:00:03
stefano.crapanzano@chu.ulg.ac.be,Envoyés - erp.sai@chuliege.be - Mozilla Thunderbird,Helpdesk général,2021-12-10,12:42:52,00:00:22
stefano.crapanzano@chu.ulg.ac.be,Envoyés - erp.sai@chuliege.be - Mozilla Thunderbird,Helpdesk général,2021-12-10,13:02:26,00:00:02
stefano.crapanzano@chu.ulg.ac.be,Envoyés - erp.sai@chuliege.be - Mozilla Thunderbird,Helpdesk général,2021-12-10,16:06:52,00:00:15
stefano.crapanzano@chu.ulg.ac.be,Envoyés - erp.sai@chuliege.be - Mozilla Thunderbird,Helpdesk général,2021-12-10,16:07:36,00:00:02
stefano.crapanzano@chu.ulg.ac.be,GOAL - LABO - Google Chrome,Tâches diverses,2021-12-10,11:01:40,00:00:42
stefano.crapanzano@chu.ulg.ac.be,GOAL - LABO - Google Chrome,Tâches diverses,2021-12-10,11:05:00,00:02:24
stefano.crapanzano@chu.ulg.ac.be,GOAL - LABO - Google Chrome,Tâches diverses,2021-12-10,11:19:45,00:00:02
stefano.crapanzano@chu.ulg.ac.be,GOAL - LABO - Google Chrome,Tâches diverses,2021-12-10,11:36:14,00:00:55
stefano.crapanzano@chu.ulg.ac.be,GOAL - LABO - Google Chrome,Tâches diverses,2021-12-10,11:41:19,00:04:15
stefano.crapanzano@chu.ulg.ac.be,GOAL - LABO - Google Chrome,Tâches diverses,2021-12-10,12:18:29,00:13:42
stefano.crapanzano@chu.ulg.ac.be,GOAL - LABO - Google Chrome,Tâches diverses,2021-12-10,12:43:20,00:01:37
stefano.crapanzano@chu.ulg.ac.be,GOAL - LABO - Google Chrome,Tâches diverses,2021-12-10,12:49:26,00:00:10
stefano.crapanzano@chu.ulg.ac.be,GOAL - LABO - Google Chrome,Tâches diverses,2021-12-10,13:00:12,00:00:38
stefano.crapanzano@chu.ulg.ac.be,GOAL - LABO - Google Chrome,Tâches diverses,2021-12-10,13:01:04,00:01:07
stefano.crapanzano@chu.ulg.ac.be,GOAL - LABO - Google Chrome,Tâches diverses,2021-12-10,13:31:54,00:00:06
stefano.crapanzano@chu.ulg.ac.be,GOAL - LABO - Google Chrome,Tâches diverses,2021-12-10,14:13:47,00:00:13
stefano.crapanzano@chu.ulg.ac.be,GOAL - LABO - Google Chrome,Helpdesk général,2021-12-10,14:15:00,00:01:10
stefano.crapanzano@chu.ulg.ac.be,GOAL - LABO - Google Chrome,Tâches diverses,2021-12-10,14:23:49,00:01:10
stefano.crapanzano@chu.ulg.ac.be,GOAL - LABO - Google Chrome,Tâches diverses,2021-12-10,14:31:44,00:00:21
stefano.crapanzano@chu.ulg.ac.be,GOAL - LABO - Google Chrome,Tâches diverses,2021-12-10,14:32:10,00:04:49
stefano.crapanzano@chu.ulg.ac.be,GOAL - LABO - Google Chrome,Tâches diverses,2021-12-10,14:42:48,00:00:02
stefano.crapanzano@chu.ulg.ac.be,GOAL - LABO - Google Chrome,Tâches diverses,2021-12-10,16:06:31,00:00:14
stefano.crapanzano@chu.ulg.ac.be,GOAL - LABO - Google Chrome,Tâches diverses,2021-12-10,16:07:31,00:00:04
stefano.crapanzano@chu.ulg.ac.be,GOAL - LABO - Google Chrome,Tâches diverses,2021-12-10,16:07:38,00:00:02
stefano.crapanzano@chu.ulg.ac.be,GOAL - LABO - Google Chrome,Tâches diverses,2021-12-10,16:56:38,00:00:14
stefano.crapanzano@chu.ulg.ac.be,erpftp,Helpdesk général,2021-12-10,10:58:34,00:00:02
stefano.crapanzano@chu.ulg.ac.be,Netop Invité,Helpdesk général,2021-12-10,10:58:37,00:00:02
stefano.crapanzano@chu.ulg.ac.be,Netop Invité,Helpdesk général,2021-12-10,11:49:34,00:00:04
stefano.crapanzano@chu.ulg.ac.be,Netop Invité,Tâches diverses,2021-12-10,12:45:07,00:00:05
stefano.crapanzano@chu.ulg.ac.be,DBeaver 21.0.0 - stock_taskretrievestockfromsap,Helpdesk général,2021-12-10,11:37:16,00:00:14
stefano.crapanzano@chu.ulg.ac.be,Courrier entrant - erp.sai@chuliege.be - Mozilla Thunderbird,Helpdesk général,2021-12-10,11:00:49,00:00:50
stefano.crapanzano@chu.ulg.ac.be,Courrier entrant - erp.sai@chuliege.be - Mozilla Thunderbird,Helpdesk général,2021-12-10,11:03:58,00:00:02
stefano.crapanzano@chu.ulg.ac.be,Courrier entrant - erp.sai@chuliege.be - Mozilla Thunderbird,Helpdesk général,2021-12-10,11:04:07,00:00:08
stefano.crapanzano@chu.ulg.ac.be,Courrier entrant - erp.sai@chuliege.be - Mozilla Thunderbird,Helpdesk général,2021-12-10,11:07:28,00:00:02
stefano.crapanzano@chu.ulg.ac.be,Courrier entrant - erp.sai@chuliege.be - Mozilla Thunderbird,Tâches diverses,2021-12-10,11:37:09,00:00:02
stefano.crapanzano@chu.ulg.ac.be,Courrier entrant - erp.sai@chuliege.be - Mozilla Thunderbird,Helpdesk général,2021-12-10,11:38:17,00:00:02
stefano.crapanzano@chu.ulg.ac.be,Courrier entrant - erp.sai@chuliege.be - Mozilla Thunderbird,Helpdesk général,2021-12-10,11:38:22,00:00:05
stefano.crapanzano@chu.ulg.ac.be,Courrier entrant - erp.sai@chuliege.be - Mozilla Thunderbird,Helpdesk général,2021-12-10,11:55:27,00:00:14
stefano.crapanzano@chu.ulg.ac.be,Courrier entrant - erp.sai@chuliege.be - Mozilla Thunderbird,Helpdesk général,2021-12-10,11:55:43,00:00:03
stefano.crapanzano@chu.ulg.ac.be,Courrier entrant - erp.sai@chuliege.be - Mozilla Thunderbird,Helpdesk général,2021-12-10,12:42:44,00:00:02
stefano.crapanzano@chu.ulg.ac.be,Courrier entrant - erp.sai@chuliege.be - Mozilla Thunderbird,Helpdesk général,2021-12-10,12:42:49,00:00:02
stefano.crapanzano@chu.ulg.ac.be,Courrier entrant - erp.sai@chuliege.be - Mozilla Thunderbird,Helpdesk général,2021-12-10,12:43:15,00:00:05
stefano.crapanzano@chu.ulg.ac.be,Courrier entrant - erp.sai@chuliege.be - Mozilla Thunderbird,Helpdesk général,2021-12-10,12:45:54,00:00:17
stefano.crapanzano@chu.ulg.ac.be,Courrier entrant - erp.sai@chuliege.be - Mozilla Thunderbird,Helpdesk général,2021-12-10,12:46:14,00:00:02
stefano.crapanzano@chu.ulg.ac.be,Courrier entrant - erp.sai@chuliege.be - Mozilla Thunderbird,Helpdesk général,2021-12-10,12:46:22,00:03:01
stefano.crapanzano@chu.ulg.ac.be,Courrier entrant - erp.sai@chuliege.be - Mozilla Thunderbird,Helpdesk général,2021-12-10,13:02:20,00:00:05
stefano.crapanzano@chu.ulg.ac.be,Courrier entrant - erp.sai@chuliege.be - Mozilla Thunderbird,Helpdesk général,2021-12-10,13:02:28,00:00:02
stefano.crapanzano@chu.ulg.ac.be,Courrier entrant - erp.sai@chuliege.be - Mozilla Thunderbird,Helpdesk général,2021-12-10,13:21:44,00:00:02
stefano.crapanzano@chu.ulg.ac.be,Courrier entrant - erp.sai@chuliege.be - Mozilla Thunderbird,Helpdesk général,2021-12-10,13:45:18,00:16:08
stefano.crapanzano@chu.ulg.ac.be,Courrier entrant - erp.sai@chuliege.be - Mozilla Thunderbird,Helpdesk général,2021-12-10,14:09:12,00:00:06
stefano.crapanzano@chu.ulg.ac.be,Courrier entrant - erp.sai@chuliege.be - Mozilla Thunderbird,Helpdesk général,2021-12-10,14:09:27,00:04:10
stefano.crapanzano@chu.ulg.ac.be,Courrier entrant - erp.sai@chuliege.be - Mozilla Thunderbird,Helpdesk général,2021-12-10,14:14:09,00:00:51
stefano.crapanzano@chu.ulg.ac.be,Courrier entrant - erp.sai@chuliege.be - Mozilla Thunderbird,Helpdesk général,2021-12-10,14:25:00,00:03:35
stefano.crapanzano@chu.ulg.ac.be,Courrier entrant - erp.sai@chuliege.be - Mozilla Thunderbird,Helpdesk général,2021-12-10,15:35:32,00:00:03
stefano.crapanzano@chu.ulg.ac.be,Courrier entrant - erp.sai@chuliege.be - Mozilla Thunderbird,Helpdesk général,2021-12-10,16:06:49,00:00:02
stefano.crapanzano@chu.ulg.ac.be,Courrier entrant - erp.sai@chuliege.be - Mozilla Thunderbird,Helpdesk général,2021-12-10,16:59:04,00:03:00
stefano.crapanzano@chu.ulg.ac.be,Courrier entrant - erp.sai@chuliege.be - Mozilla Thunderbird,Helpdesk général,2021-12-10,17:02:09,00:00:02
stefano.crapanzano@chu.ulg.ac.be,Courrier entrant - stefano.crapanzano@chuliege.be - Mozilla Thunderbird,Helpdesk général,2021-12-10,11:04:00,00:00:06
stefano.crapanzano@chu.ulg.ac.be,Courrier entrant - stefano.crapanzano@chuliege.be - Mozilla Thunderbird,Helpdesk général,2021-12-10,11:37:12,00:00:02
stefano.crapanzano@chu.ulg.ac.be,Courrier entrant - stefano.crapanzano@chuliege.be - Mozilla Thunderbird,Helpdesk général,2021-12-10,11:38:19,00:00:02
stefano.crapanzano@chu.ulg.ac.be,Courrier entrant - stefano.crapanzano@chuliege.be - Mozilla Thunderbird,Helpdesk général,2021-12-10,12:42:47,00:00:02
stefano.crapanzano@chu.ulg.ac.be,Courrier entrant - stefano.crapanzano@chuliege.be - Mozilla Thunderbird,Helpdesk général,2021-12-10,12:46:11,00:00:02
stefano.crapanzano@chu.ulg.ac.be,Courrier entrant - stefano.crapanzano@chuliege.be - Mozilla Thunderbird,Helpdesk général,2021-12-10,13:21:46,00:10:07
stefano.crapanzano@chu.ulg.ac.be,Courrier entrant - stefano.crapanzano@chuliege.be - Mozilla Thunderbird,Helpdesk général,2021-12-10,13:45:16,00:00:02
stefano.crapanzano@chu.ulg.ac.be,Courrier entrant - stefano.crapanzano@chuliege.be - Mozilla Thunderbird,Helpdesk général,2021-12-10,15:35:36,00:06:41
stefano.crapanzano@chu.ulg.ac.be,Courrier entrant - stefano.crapanzano@chuliege.be - Mozilla Thunderbird,Helpdesk général,2021-12-10,16:06:45,00:00:04
stefano.crapanzano@chu.ulg.ac.be,Courrier entrant - stefano.crapanzano@chuliege.be - Mozilla Thunderbird,Helpdesk général,2021-12-10,16:49:42,00:02:57
stefano.crapanzano@chu.ulg.ac.be,Courrier entrant - stefano.crapanzano@chuliege.be - Mozilla Thunderbird,Helpdesk général,2021-12-10,16:57:00,00:01:48
stefano.crapanzano@chu.ulg.ac.be,Courrier entrant - stefano.crapanzano@chuliege.be - Mozilla Thunderbird,Helpdesk général,2021-12-10,16:59:01,00:00:02
stefano.crapanzano@chu.ulg.ac.be,Courrier entrant - stefano.crapanzano@chuliege.be - Mozilla Thunderbird,Helpdesk général,2021-12-10,17:02:05,00:00:03
stefano.crapanzano@chu.ulg.ac.be,Navigation système de fichier,IT,2021-12-10,13:00:51,00:00:13
stefano.crapanzano@chu.ulg.ac.be,Lecture documentation,Tâches diverses,2021-12-10,11:19:47,00:07:41
stefano.crapanzano@chu.ulg.ac.be,Lecture documentation,Tâches diverses,2021-12-10,14:42:51,00:03:27
stefano.crapanzano@chu.ulg.ac.be,Lecture documentation,Tâches diverses,2021-12-10,14:46:23,00:03:32
stefano.crapanzano@chu.ulg.ac.be,Lecture documentation,Tâches diverses,2021-12-10,14:50:05,00:09:48
stefano.crapanzano@chu.ulg.ac.be,Lecture documentation,Tâches diverses,2021-12-10,14:59:55,00:00:07
stefano.crapanzano@chu.ulg.ac.be,Intrastat - Google Chrome,Tâches diverses,2021-12-10,11:38:14,00:00:02
stefano.crapanzano@chu.ulg.ac.be,Intrastat - Google Chrome,Tâches diverses,2021-12-10,11:45:35,00:01:01
stefano.crapanzano@chu.ulg.ac.be,Intrastat - Google Chrome,Tâches diverses,2021-12-10,11:46:41,00:02:53
stefano.crapanzano@chu.ulg.ac.be,Intrastat - Google Chrome,Tâches diverses,2021-12-10,11:52:10,00:00:59
stefano.crapanzano@chu.ulg.ac.be,Intrastat - Google Chrome,Tâches diverses,2021-12-10,12:18:26,00:00:02
stefano.crapanzano@chu.ulg.ac.be,Intrastat - Google Chrome,Tâches diverses,2021-12-10,14:13:39,00:00:08
stefano.crapanzano@chu.ulg.ac.be,Intrastat - Google Chrome,Tâches diverses,2021-12-10,14:14:01,00:00:02
stefano.crapanzano@chu.ulg.ac.be,Intrastat - Google Chrome,Tâches diverses,2021-12-10,14:32:06,00:00:04
stefano.crapanzano@chu.ulg.ac.be,Intrastat - Google Chrome,Tâches diverses,2021-12-10,16:07:09,00:00:20
stefano.crapanzano@chu.ulg.ac.be,Nouvel onglet - Google Chrome,Tâches diverses,2021-12-10,11:46:38,00:00:02
stefano.crapanzano@chu.ulg.ac.be,Connexion à l'aide de l'authentification Windows,Helpdesk général,2021-12-10,11:49:40,00:00:02
stefano.crapanzano@chu.ulg.ac.be,Connexion à l'aide de l'authentification Windows,Helpdesk général,2021-12-10,12:45:13,00:00:04
stefano.crapanzano@chu.ulg.ac.be,erpftp - Netop Remote Control,Helpdesk général,2021-12-10,11:49:44,00:02:26
stefano.crapanzano@chu.ulg.ac.be,erpftp - Netop Remote Control,Helpdesk général,2021-12-10,11:55:07,00:00:04
stefano.crapanzano@chu.ulg.ac.be,erpftp - Netop Remote Control,Helpdesk général,2021-12-10,12:45:18,00:00:13
stefano.crapanzano@chu.ulg.ac.be,intrastat - Mozilla Thunderbird,Helpdesk général,2021-12-10,11:53:14,00:00:26
stefano.crapanzano@chu.ulg.ac.be,intrastat - Mozilla Thunderbird,Helpdesk général,2021-12-10,11:53:51,00:00:18
stefano.crapanzano@chu.ulg.ac.be,Intrastat 10/2021 - Mozilla Thunderbird,Helpdesk général,2021-12-10,11:53:41,00:00:10
stefano.crapanzano@chu.ulg.ac.be,Déclaration Intrastat du mois d'octobre 2021 - Mozilla Thunderbird,Helpdesk général,2021-12-10,11:54:09,00:00:05
stefano.crapanzano@chu.ulg.ac.be,Déclaration Intrastat du mois d'octobre 2021 - Mozilla Thunderbird,Helpdesk général,2021-12-10,11:55:03,00:00:02
stefano.crapanzano@chu.ulg.ac.be,Déclaration Intrastat du mois d'octobre 2021 - Mozilla Thunderbird,Helpdesk général,2021-12-10,11:55:14,00:00:02
stefano.crapanzano@chu.ulg.ac.be,Rédaction : Re: Déclaration Intrastat du mois d'octobre 2021 - Thunderbird,Helpdesk général,2021-12-10,11:54:15,00:00:21
stefano.crapanzano@chu.ulg.ac.be,Rédaction : Re: Déclaration Intrastat du mois de novembre 2021 - Thunderbird,Helpdesk général,2021-12-10,11:54:39,00:00:18
stefano.crapanzano@chu.ulg.ac.be,Vérification de l’orthographe,Helpdesk général,2021-12-10,11:54:58,00:00:03
stefano.crapanzano@chu.ulg.ac.be,Service MT - Google Chrome,Tâches diverses,2021-12-10,12:44:58,00:00:09
stefano.crapanzano@chu.ulg.ac.be,Service MT - Google Chrome,Helpdesk général,2021-12-10,12:45:31,00:00:22
stefano.crapanzano@chu.ulg.ac.be,Service MT - Google Chrome,Tâches diverses,2021-12-10,12:49:24,00:00:02
stefano.crapanzano@chu.ulg.ac.be,Service MT - Google Chrome,Tâches diverses,2021-12-10,14:16:10,00:00:04
stefano.crapanzano@chu.ulg.ac.be,Service MT - Google Chrome,Tâches diverses,2021-12-10,14:23:46,00:00:02
stefano.crapanzano@chu.ulg.ac.be,Service MT - Google Chrome,Tâches diverses,2021-12-10,16:56:57,00:00:02
stefano.crapanzano@chu.ulg.ac.be,Service MT - Google Chrome,Tâches diverses,2021-12-10,16:58:49,00:00:03
stefano.crapanzano@chu.ulg.ac.be,P203 CHU Articles hors catalogues ne s'affichent pas - Xperthis ERP4HC 1.0 - Service d'assistance - Google Chrome,Tâches diverses,2021-12-10,14:01:27,00:07:44
stefano.crapanzano@chu.ulg.ac.be,my.chuliege.be - Google Chrome,Tâches diverses,2021-12-10,16:56:53,00:00:02
