Email,Description,Project,Start date,Start time,Duration
stefano.crapanzano@chu.ulg.ac.be,Réunion SSP Catalogue 09/11/2021 - OneNote,Tâches diverses,2021-12-06,11:10:47,00:00:07
stefano.crapanzano@chu.ulg.ac.be,Courrier entrant - stefano.crapanzano@chuliege.be - Mozilla Thunderbird,Helpdesk général,2021-12-06,08:41:45,00:00:03
stefano.crapanzano@chu.ulg.ac.be,Courrier entrant - stefano.crapanzano@chuliege.be - Mozilla Thunderbird,Helpdesk général,2021-12-06,08:41:54,00:00:02
stefano.crapanzano@chu.ulg.ac.be,Courrier entrant - stefano.crapanzano@chuliege.be - Mozilla Thunderbird,Helpdesk général,2021-12-06,08:42:06,00:00:04
stefano.crapanzano@chu.ulg.ac.be,Courrier entrant - stefano.crapanzano@chuliege.be - Mozilla Thunderbird,Helpdesk général,2021-12-06,10:59:29,00:00:02
stefano.crapanzano@chu.ulg.ac.be,Courrier entrant - stefano.crapanzano@chuliege.be - Mozilla Thunderbird,Helpdesk général,2021-12-06,11:20:26,00:00:02
stefano.crapanzano@chu.ulg.ac.be,Courrier entrant - stefano.crapanzano@chuliege.be - Mozilla Thunderbird,Helpdesk général,2021-12-06,15:35:02,00:02:11
stefano.crapanzano@chu.ulg.ac.be,CALA : Aide au branchement des PC équipe SIME - Mozilla Thunderbird,Helpdesk général,2021-12-06,08:41:35,00:00:10
stefano.crapanzano@chu.ulg.ac.be,CALA : Aide au branchement des PC équipe SIME - Mozilla Thunderbird,Helpdesk général,2021-12-06,08:41:49,00:00:05
stefano.crapanzano@chu.ulg.ac.be,CALA : Aide au branchement des PC équipe SIME - Mozilla Thunderbird,Helpdesk général,2021-12-06,08:41:58,00:00:07
stefano.crapanzano@chu.ulg.ac.be,Courrier entrant - erp.sai@chuliege.be - Mozilla Thunderbird,Helpdesk général,2021-12-06,08:42:10,00:01:39
stefano.crapanzano@chu.ulg.ac.be,Courrier entrant - erp.sai@chuliege.be - Mozilla Thunderbird,Helpdesk général,2021-12-06,08:43:52,00:00:02
stefano.crapanzano@chu.ulg.ac.be,Courrier entrant - erp.sai@chuliege.be - Mozilla Thunderbird,Helpdesk général,2021-12-06,08:46:32,00:00:13
stefano.crapanzano@chu.ulg.ac.be,Courrier entrant - erp.sai@chuliege.be - Mozilla Thunderbird,Tâches diverses,2021-12-06,10:34:48,00:24:41
stefano.crapanzano@chu.ulg.ac.be,Courrier entrant - erp.sai@chuliege.be - Mozilla Thunderbird,Helpdesk général,2021-12-06,10:59:32,00:11:11
stefano.crapanzano@chu.ulg.ac.be,Courrier entrant - erp.sai@chuliege.be - Mozilla Thunderbird,Helpdesk général,2021-12-06,11:14:44,00:00:10
stefano.crapanzano@chu.ulg.ac.be,Courrier entrant - erp.sai@chuliege.be - Mozilla Thunderbird,Helpdesk général,2021-12-06,11:19:58,00:00:27
stefano.crapanzano@chu.ulg.ac.be,Courrier entrant - erp.sai@chuliege.be - Mozilla Thunderbird,Helpdesk général,2021-12-06,11:20:28,00:00:06
stefano.crapanzano@chu.ulg.ac.be,Courrier entrant - erp.sai@chuliege.be - Mozilla Thunderbird,Helpdesk général,2021-12-06,11:33:01,00:40:39
stefano.crapanzano@chu.ulg.ac.be,Courrier entrant - erp.sai@chuliege.be - Mozilla Thunderbird,Helpdesk général,2021-12-06,12:13:53,00:44:45
stefano.crapanzano@chu.ulg.ac.be,Courrier entrant - erp.sai@chuliege.be - Mozilla Thunderbird,Helpdesk général,2021-12-06,15:34:59,00:00:02
stefano.crapanzano@chu.ulg.ac.be,Courrier entrant - erp.sai@chuliege.be - Mozilla Thunderbird,Helpdesk général,2021-12-06,15:37:13,00:00:12
stefano.crapanzano@chu.ulg.ac.be,Courrier entrant - erp.sai@chuliege.be - Mozilla Thunderbird,Helpdesk général,2021-12-06,15:37:26,00:01:09
stefano.crapanzano@chu.ulg.ac.be,Courrier entrant - erp.sai@chuliege.be - Mozilla Thunderbird,Helpdesk général,2021-12-06,16:25:58,00:00:05
stefano.crapanzano@chu.ulg.ac.be,Courrier entrant - erp.sai@chuliege.be - Mozilla Thunderbird,Helpdesk général,2021-12-06,16:26:21,00:00:06
stefano.crapanzano@chu.ulg.ac.be,GOAL - LABO - Google Chrome,Tâches diverses,2021-12-06,08:43:54,00:02:37
stefano.crapanzano@chu.ulg.ac.be,GOAL - LABO - Google Chrome,Tâches diverses,2021-12-06,12:58:44,01:31:42
stefano.crapanzano@chu.ulg.ac.be,GOAL - LABO - Google Chrome,Tâches diverses,2021-12-06,14:32:02,00:00:10
stefano.crapanzano@chu.ulg.ac.be,GOAL - LABO - Google Chrome,Tâches diverses,2021-12-06,14:33:30,00:00:13
stefano.crapanzano@chu.ulg.ac.be,GOAL - LABO - Google Chrome,Tâches diverses,2021-12-06,14:34:00,00:00:06
stefano.crapanzano@chu.ulg.ac.be,GOAL - LABO - Google Chrome,Tâches diverses,2021-12-06,14:34:11,00:00:02
stefano.crapanzano@chu.ulg.ac.be,GOAL - LABO - Google Chrome,Tâches diverses,2021-12-06,15:38:54,00:09:18
stefano.crapanzano@chu.ulg.ac.be,GOAL - LABO - Google Chrome,Tâches diverses,2021-12-06,15:50:10,00:00:30
stefano.crapanzano@chu.ulg.ac.be,GOAL - LABO - Google Chrome,Tâches diverses,2021-12-06,15:51:05,00:00:09
stefano.crapanzano@chu.ulg.ac.be,GOAL - LABO - Google Chrome,Tâches diverses,2021-12-06,15:51:33,00:00:06
stefano.crapanzano@chu.ulg.ac.be,GOAL - LABO - Google Chrome,Tâches diverses,2021-12-06,15:52:03,00:00:07
stefano.crapanzano@chu.ulg.ac.be,GOAL - LABO - Google Chrome,Tâches diverses,2021-12-06,15:53:36,00:00:02
stefano.crapanzano@chu.ulg.ac.be,GOAL - LABO - Google Chrome,Tâches diverses,2021-12-06,15:53:47,00:00:03
stefano.crapanzano@chu.ulg.ac.be,GOAL - LABO - Google Chrome,Tâches diverses,2021-12-06,15:53:54,00:00:13
stefano.crapanzano@chu.ulg.ac.be,GOAL - LABO - Google Chrome,Tâches diverses,2021-12-06,15:55:26,00:00:04
stefano.crapanzano@chu.ulg.ac.be,GOAL - LABO - Google Chrome,Tâches diverses,2021-12-06,15:55:32,00:00:02
stefano.crapanzano@chu.ulg.ac.be,GOAL - LABO - Google Chrome,Tâches diverses,2021-12-06,15:55:51,00:00:17
stefano.crapanzano@chu.ulg.ac.be,GOAL - LABO - Google Chrome,Tâches diverses,2021-12-06,15:56:46,00:00:02
stefano.crapanzano@chu.ulg.ac.be,GOAL - LABO - Google Chrome,Tâches diverses,2021-12-06,15:57:10,00:00:06
stefano.crapanzano@chu.ulg.ac.be,GOAL - LABO - Google Chrome,Tâches diverses,2021-12-06,15:57:59,00:00:19
stefano.crapanzano@chu.ulg.ac.be,GOAL - LABO - Google Chrome,Tâches diverses,2021-12-06,15:58:34,00:00:14
stefano.crapanzano@chu.ulg.ac.be,GOAL - LABO - Google Chrome,Tâches diverses,2021-12-06,15:59:38,00:00:02
stefano.crapanzano@chu.ulg.ac.be,GOAL - LABO - Google Chrome,Tâches diverses,2021-12-06,15:59:51,00:02:28
stefano.crapanzano@chu.ulg.ac.be,GOAL - LABO - Google Chrome,Tâches diverses,2021-12-06,16:03:14,00:00:08
stefano.crapanzano@chu.ulg.ac.be,GOAL - LABO - Google Chrome,Tâches diverses,2021-12-06,16:04:28,00:00:07
stefano.crapanzano@chu.ulg.ac.be,GOAL - LABO - Google Chrome,Tâches diverses,2021-12-06,16:05:58,00:00:03
stefano.crapanzano@chu.ulg.ac.be,GOAL - LABO - Google Chrome,Tâches diverses,2021-12-06,16:06:17,00:00:04
stefano.crapanzano@chu.ulg.ac.be,GOAL - LABO - Google Chrome,Tâches diverses,2021-12-06,16:06:40,00:01:07
stefano.crapanzano@chu.ulg.ac.be,GOAL - LABO - Google Chrome,Tâches diverses,2021-12-06,16:09:53,00:00:04
stefano.crapanzano@chu.ulg.ac.be,GOAL - LABO - Google Chrome,Tâches diverses,2021-12-06,16:10:13,00:00:05
stefano.crapanzano@chu.ulg.ac.be,GOAL - LABO - Google Chrome,Tâches diverses,2021-12-06,16:11:04,00:00:03
stefano.crapanzano@chu.ulg.ac.be,GOAL - LABO - Google Chrome,Tâches diverses,2021-12-06,16:12:17,00:00:05
stefano.crapanzano@chu.ulg.ac.be,GOAL - LABO - Google Chrome,Tâches diverses,2021-12-06,16:12:55,00:00:02
stefano.crapanzano@chu.ulg.ac.be,GOAL - LABO - Google Chrome,Tâches diverses,2021-12-06,16:13:17,00:00:04
stefano.crapanzano@chu.ulg.ac.be,GOAL - LABO - Google Chrome,Tâches diverses,2021-12-06,16:14:27,00:00:02
stefano.crapanzano@chu.ulg.ac.be,GOAL - LABO - Google Chrome,Tâches diverses,2021-12-06,16:15:11,00:00:03
stefano.crapanzano@chu.ulg.ac.be,GOAL - LABO - Google Chrome,Tâches diverses,2021-12-06,16:15:39,00:00:02
stefano.crapanzano@chu.ulg.ac.be,GOAL - LABO - Google Chrome,Tâches diverses,2021-12-06,16:17:01,00:02:15
stefano.crapanzano@chu.ulg.ac.be,GOAL - LABO - Google Chrome,Tâches diverses,2021-12-06,16:22:23,00:00:08
stefano.crapanzano@chu.ulg.ac.be,GOAL - LABO - Google Chrome,Tâches diverses,2021-12-06,16:22:58,00:00:21
stefano.crapanzano@chu.ulg.ac.be,GOAL - LABO - Google Chrome,Tâches diverses,2021-12-06,16:23:25,00:00:03
stefano.crapanzano@chu.ulg.ac.be,GOAL - LABO - Google Chrome,Tâches diverses,2021-12-06,16:23:51,00:00:02
stefano.crapanzano@chu.ulg.ac.be,GOAL - LABO - Google Chrome,Tâches diverses,2021-12-06,16:24:02,00:00:05
stefano.crapanzano@chu.ulg.ac.be,GOAL - LABO - Google Chrome,Tâches diverses,2021-12-06,16:24:31,00:00:59
stefano.crapanzano@chu.ulg.ac.be,GOAL - LABO - Google Chrome,Tâches diverses,2021-12-06,16:26:30,00:00:17
stefano.crapanzano@chu.ulg.ac.be,GOAL - LABO - Google Chrome,Tâches diverses,2021-12-06,16:27:20,00:00:42
stefano.crapanzano@chu.ulg.ac.be,GOAL - LABO - Google Chrome,Tâches diverses,2021-12-06,16:28:38,00:01:24
stefano.crapanzano@chu.ulg.ac.be,GOAL - LABO - Google Chrome,Tâches diverses,2021-12-06,16:30:03,00:09:56
stefano.crapanzano@chu.ulg.ac.be,GOAL - LABO - Google Chrome,Tâches diverses,2021-12-06,16:40:02,00:12:06
stefano.crapanzano@chu.ulg.ac.be,GOAL - LABO - Google Chrome,IT,2021-12-06,16:52:09,00:08:35
stefano.crapanzano@chu.ulg.ac.be,Sans titre - Google Chrome,Tâches diverses,2021-12-06,08:46:45,00:00:06
stefano.crapanzano@chu.ulg.ac.be,Sans titre - Google Chrome,Tâches diverses,2021-12-06,11:11:00,00:00:06
stefano.crapanzano@chu.ulg.ac.be,Réceptionnaire  centre de coût et compte général pas remplis - Xperthis ERP4HC 2.0 Rollout - Service d'assistance - Google Chrome,Tâches diverses,2021-12-06,08:46:52,01:47:56
stefano.crapanzano@chu.ulg.ac.be,Réceptionnaire  centre de coût et compte général pas remplis - Xperthis ERP4HC 2.0 Rollout - Service d'assistance - Google Chrome,Tâches diverses,2021-12-06,11:10:44,00:00:02
stefano.crapanzano@chu.ulg.ac.be,Réceptionnaire  centre de coût et compte général pas remplis - Xperthis ERP4HC 2.0 Rollout - Service d'assistance - Google Chrome,Tâches diverses,2021-12-06,11:11:23,00:00:14
stefano.crapanzano@chu.ulg.ac.be,Réceptionnaire  centre de coût et compte général pas remplis - Xperthis ERP4HC 2.0 Rollout - Service d'assistance - Google Chrome,Tâches diverses,2021-12-06,11:11:56,00:00:07
stefano.crapanzano@chu.ulg.ac.be,Réceptionnaire  centre de coût et compte général pas remplis - Xperthis ERP4HC 2.0 Rollout - Service d'assistance - Google Chrome,Tâches diverses,2021-12-06,11:12:08,00:00:06
stefano.crapanzano@chu.ulg.ac.be,Réceptionnaire  centre de coût et compte général pas remplis - Xperthis ERP4HC 2.0 Rollout - Service d'assistance - Google Chrome,Tâches diverses,2021-12-06,11:12:30,00:00:05
stefano.crapanzano@chu.ulg.ac.be,Réceptionnaire  centre de coût et compte général pas remplis - Xperthis ERP4HC 2.0 Rollout - Service d'assistance - Google Chrome,Tâches diverses,2021-12-06,11:13:13,00:00:09
stefano.crapanzano@chu.ulg.ac.be,Réceptionnaire  centre de coût et compte général pas remplis - Xperthis ERP4HC 2.0 Rollout - Service d'assistance - Google Chrome,Tâches diverses,2021-12-06,11:13:28,00:00:33
stefano.crapanzano@chu.ulg.ac.be,Réceptionnaire  centre de coût et compte général pas remplis - Xperthis ERP4HC 2.0 Rollout - Service d'assistance - Google Chrome,Tâches diverses,2021-12-06,11:32:24,00:00:12
stefano.crapanzano@chu.ulg.ac.be,Identification - Google Chrome,Tâches diverses,2021-12-06,11:11:07,00:00:07
stefano.crapanzano@chu.ulg.ac.be,https://par0105wi.xperthis.be:8443/sap/saml2/sp/acs/203 - Google Chrome,Tâches diverses,2021-12-06,11:11:15,00:00:02
stefano.crapanzano@chu.ulg.ac.be,Navigation système de fichier,IT,2021-12-06,11:15:52,00:00:02
stefano.crapanzano@chu.ulg.ac.be,Navigation système de fichier,IT,2021-12-06,11:17:11,00:00:09
stefano.crapanzano@chu.ulg.ac.be,Navigation système de fichier,IT,2021-12-06,14:35:32,00:00:05
stefano.crapanzano@chu.ulg.ac.be,Navigation système de fichier,IT,2021-12-06,14:40:10,00:00:02
stefano.crapanzano@chu.ulg.ac.be,Navigation système de fichier,IT,2021-12-06,15:03:22,00:00:10
stefano.crapanzano@chu.ulg.ac.be,Navigation système de fichier,IT,2021-12-06,15:49:17,00:00:02
stefano.crapanzano@chu.ulg.ac.be,Navigation système de fichier,IT,2021-12-06,16:03:22,00:00:02
stefano.crapanzano@chu.ulg.ac.be,Navigation système de fichier,IT,2021-12-06,16:06:34,00:00:03
stefano.crapanzano@chu.ulg.ac.be,Page d'accueil - Google Chrome,Tâches diverses,2021-12-06,11:11:39,00:00:03
stefano.crapanzano@chu.ulg.ac.be,Page d'accueil - Google Chrome,Tâches diverses,2021-12-06,11:12:06,00:00:02
stefano.crapanzano@chu.ulg.ac.be,Page d'accueil - Google Chrome,Tâches diverses,2021-12-06,11:12:15,00:00:02
stefano.crapanzano@chu.ulg.ac.be,Options par défaut pour utilisateurs - Google Chrome,Tâches diverses,2021-12-06,11:11:43,00:00:10
stefano.crapanzano@chu.ulg.ac.be,Créer une demande d'achat - Google Chrome,Tâches diverses,2021-12-06,11:12:18,00:00:12
stefano.crapanzano@chu.ulg.ac.be,Créer une demande d'achat - Google Chrome,Tâches diverses,2021-12-06,11:12:35,00:00:13
stefano.crapanzano@chu.ulg.ac.be,Créer une demande d'achat - Google Chrome,Tâches diverses,2021-12-06,11:15:44,00:00:07
stefano.crapanzano@chu.ulg.ac.be,Créer une demande d'achat - Google Chrome,Exploration SAP,2021-12-06,11:15:56,00:00:06
stefano.crapanzano@chu.ulg.ac.be,Créer une demande d'achat - Google Chrome,Tâches diverses,2021-12-06,11:16:31,00:00:02
stefano.crapanzano@chu.ulg.ac.be,Créer une demande d'achat - Google Chrome,Tâches diverses,2021-12-06,11:18:48,00:00:03
stefano.crapanzano@chu.ulg.ac.be,Créer une demande d'achat - Google Chrome,Tâches diverses,2021-12-06,11:18:53,00:00:26
stefano.crapanzano@chu.ulg.ac.be,Créer une demande d'achat - Google Chrome,Tâches diverses,2021-12-06,11:32:08,00:00:13
stefano.crapanzano@chu.ulg.ac.be,Créer une demande d'achat - Google Chrome,Tâches diverses,2021-12-06,12:13:43,00:00:10
stefano.crapanzano@chu.ulg.ac.be,Créer une demande d'achat - Google Chrome,Tâches diverses,2021-12-06,12:58:39,00:00:05
stefano.crapanzano@chu.ulg.ac.be,Ma demande d'achat - Google Chrome,Tâches diverses,2021-12-06,11:12:48,00:00:13
stefano.crapanzano@chu.ulg.ac.be,Ma demande d'achat - Google Chrome,Helpdesk général,2021-12-06,11:13:11,00:00:02
stefano.crapanzano@chu.ulg.ac.be,Ma demande d'achat - Google Chrome,Tâches diverses,2021-12-06,11:15:35,00:00:09
stefano.crapanzano@chu.ulg.ac.be,Greenshot capture form,Helpdesk général,2021-12-06,11:13:02,00:00:08
stefano.crapanzano@chu.ulg.ac.be,Ouvrir,Tâches diverses,2021-12-06,11:13:23,00:00:05
stefano.crapanzano@chu.ulg.ac.be,Demandes - Service d'assistance - Google Chrome,Tâches diverses,2021-12-06,11:14:01,00:00:26
stefano.crapanzano@chu.ulg.ac.be,Demandes - Service d'assistance - Google Chrome,Tâches diverses,2021-12-06,11:14:29,00:00:02
stefano.crapanzano@chu.ulg.ac.be,Demandes - Service d'assistance - Google Chrome,Tâches diverses,2021-12-06,11:14:39,00:00:03
stefano.crapanzano@chu.ulg.ac.be,Demandes - Service d'assistance - Google Chrome,Tâches diverses,2021-12-06,11:32:22,00:00:02
stefano.crapanzano@chu.ulg.ac.be,Demandes - Service d'assistance - Google Chrome,Tâches diverses,2021-12-06,11:32:37,00:00:24
stefano.crapanzano@chu.ulg.ac.be,user CHUC054864 bloqué sur A03 - Xperthis ERP4HC 2.0 Rollout - Service d'assistance - Google Chrome,Tâches diverses,2021-12-06,11:14:32,00:00:06
stefano.crapanzano@chu.ulg.ac.be,Quantité à commander ne vient pas de ZMMARTIKEL sur A03 - Xperthis ERP4HC 2.0 Rollout - Service d'assistance - Google Chrome,Tâches diverses,2021-12-06,11:14:56,00:00:34
stefano.crapanzano@chu.ulg.ac.be,Quantité à commander ne vient pas de ZMMARTIKEL sur A03 - Xperthis ERP4HC 2.0 Rollout - Service d'assistance - Google Chrome,Tâches diverses,2021-12-06,11:19:20,00:00:37
stefano.crapanzano@chu.ulg.ac.be,SAP GUI for Windows 760,Exploration SAP,2021-12-06,14:33:27,00:00:02
stefano.crapanzano@chu.ulg.ac.be,SAP,Exploration SAP,2021-12-06,11:16:05,00:00:15
stefano.crapanzano@chu.ulg.ac.be,SAP Easy Access Menu de base Applications financières-économiques,Exploration SAP,2021-12-06,11:16:20,00:00:02
stefano.crapanzano@chu.ulg.ac.be,Exporter/importer Lien entre article-centre de coûts et quantité,Exploration SAP,2021-12-06,11:16:23,00:00:06
stefano.crapanzano@chu.ulg.ac.be,Exporter/importer Lien entre article-centre de coûts et quantité,Exploration SAP,2021-12-06,11:16:34,00:00:15
stefano.crapanzano@chu.ulg.ac.be,Exporter/importer Lien entre article-centre de coûts et quantité,Exploration SAP,2021-12-06,11:16:51,00:00:02
stefano.crapanzano@chu.ulg.ac.be,Exporter/importer Lien entre article-centre de coûts et quantité,Exploration SAP,2021-12-06,11:16:55,00:00:04
stefano.crapanzano@chu.ulg.ac.be,Exporter/importer Lien entre article-centre de coûts et quantité,Exploration SAP,2021-12-06,11:17:04,00:00:06
stefano.crapanzano@chu.ulg.ac.be,Exporter/importer Lien entre article-centre de coûts et quantité,Exploration SAP,2021-12-06,11:17:30,00:00:07
stefano.crapanzano@chu.ulg.ac.be,Exporter/importer Lien entre article-centre de coûts et quantité,Exploration SAP,2021-12-06,11:17:52,00:00:09
stefano.crapanzano@chu.ulg.ac.be,Exporter/importer Lien entre article-centre de coûts et quantité,Exploration SAP,2021-12-06,11:18:12,00:00:05
stefano.crapanzano@chu.ulg.ac.be,Exporter/importer Lien entre article-centre de coûts et quantité,Exploration SAP,2021-12-06,11:18:20,00:00:22
stefano.crapanzano@chu.ulg.ac.be,Exporter/importer Lien entre article-centre de coûts et quantité,Exploration SAP,2021-12-06,11:18:44,00:00:02
stefano.crapanzano@chu.ulg.ac.be,Sécurité SAP GUI,Exploration SAP,2021-12-06,11:16:59,00:00:03
stefano.crapanzano@chu.ulg.ac.be,Sécurité SAP GUI,Exploration SAP,2021-12-06,11:18:18,00:00:02
stefano.crapanzano@chu.ulg.ac.be,C:\temp\ZMMARTIKEL20211206111659.csv - Notepad++ [Administrator],IT,2021-12-06,11:17:23,00:00:05
stefano.crapanzano@chu.ulg.ac.be,C:\temp\ZMMARTIKEL20211206111737.csv - Notepad++ [Administrator],IT,2021-12-06,11:17:42,00:00:06
stefano.crapanzano@chu.ulg.ac.be,*C:\temp\ZMMARTIKEL20211206111737.csv - Notepad++ [Administrator],IT,2021-12-06,11:17:48,00:00:02
stefano.crapanzano@chu.ulg.ac.be,ouvert,Exploration SAP,2021-12-06,11:18:02,00:00:10
stefano.crapanzano@chu.ulg.ac.be,Programmation,IT,2021-12-06,14:30:27,00:01:34
stefano.crapanzano@chu.ulg.ac.be,Programmation,IT,2021-12-06,14:32:14,00:01:12
stefano.crapanzano@chu.ulg.ac.be,Programmation,IT,2021-12-06,14:33:43,00:00:17
stefano.crapanzano@chu.ulg.ac.be,Programmation,IT,2021-12-06,15:49:22,00:00:46
stefano.crapanzano@chu.ulg.ac.be,Programmation,IT,2021-12-06,15:50:42,00:00:23
stefano.crapanzano@chu.ulg.ac.be,Programmation,IT,2021-12-06,15:51:15,00:00:16
stefano.crapanzano@chu.ulg.ac.be,Programmation,IT,2021-12-06,15:51:41,00:00:22
stefano.crapanzano@chu.ulg.ac.be,Programmation,IT,2021-12-06,15:52:11,00:00:19
stefano.crapanzano@chu.ulg.ac.be,Programmation,IT,2021-12-06,15:52:33,00:00:37
stefano.crapanzano@chu.ulg.ac.be,Programmation,IT,2021-12-06,15:53:15,00:00:21
stefano.crapanzano@chu.ulg.ac.be,Programmation,IT,2021-12-06,15:53:42,00:00:03
stefano.crapanzano@chu.ulg.ac.be,Programmation,IT,2021-12-06,15:53:51,00:00:02
stefano.crapanzano@chu.ulg.ac.be,Programmation,IT,2021-12-06,15:55:21,00:00:02
stefano.crapanzano@chu.ulg.ac.be,Programmation,IT,2021-12-06,15:55:45,00:00:02
stefano.crapanzano@chu.ulg.ac.be,Programmation,IT,2021-12-06,15:56:08,00:00:37
stefano.crapanzano@chu.ulg.ac.be,Programmation,IT,2021-12-06,15:56:49,00:00:19
stefano.crapanzano@chu.ulg.ac.be,Programmation,IT,2021-12-06,15:57:16,00:00:17
stefano.crapanzano@chu.ulg.ac.be,Programmation,IT,2021-12-06,15:57:36,00:00:21
stefano.crapanzano@chu.ulg.ac.be,Programmation,IT,2021-12-06,15:58:19,00:00:14
stefano.crapanzano@chu.ulg.ac.be,Programmation,IT,2021-12-06,15:58:50,00:00:47
stefano.crapanzano@chu.ulg.ac.be,Programmation,IT,2021-12-06,15:59:42,00:00:08
stefano.crapanzano@chu.ulg.ac.be,Programmation,IT,2021-12-06,16:02:21,00:00:21
stefano.crapanzano@chu.ulg.ac.be,Programmation,IT,2021-12-06,16:03:05,00:00:05
stefano.crapanzano@chu.ulg.ac.be,Programmation,IT,2021-12-06,16:03:25,00:00:19
stefano.crapanzano@chu.ulg.ac.be,Programmation,IT,2021-12-06,16:03:46,00:00:02
stefano.crapanzano@chu.ulg.ac.be,Programmation,IT,2021-12-06,16:04:04,00:00:08
stefano.crapanzano@chu.ulg.ac.be,Programmation,IT,2021-12-06,16:04:17,00:00:10
stefano.crapanzano@chu.ulg.ac.be,Programmation,IT,2021-12-06,16:04:35,00:00:02
stefano.crapanzano@chu.ulg.ac.be,Programmation,IT,2021-12-06,16:04:53,00:00:02
stefano.crapanzano@chu.ulg.ac.be,Programmation,IT,2021-12-06,16:05:42,00:00:02
stefano.crapanzano@chu.ulg.ac.be,Programmation,IT,2021-12-06,16:06:02,00:00:14
stefano.crapanzano@chu.ulg.ac.be,Programmation,IT,2021-12-06,16:06:29,00:00:03
stefano.crapanzano@chu.ulg.ac.be,Programmation,IT,2021-12-06,16:09:27,00:00:02
stefano.crapanzano@chu.ulg.ac.be,Programmation,IT,2021-12-06,16:09:36,00:00:10
stefano.crapanzano@chu.ulg.ac.be,Programmation,IT,2021-12-06,16:09:47,00:00:05
stefano.crapanzano@chu.ulg.ac.be,Programmation,IT,2021-12-06,16:10:04,00:00:07
stefano.crapanzano@chu.ulg.ac.be,Programmation,IT,2021-12-06,16:10:30,00:00:08
stefano.crapanzano@chu.ulg.ac.be,Programmation,IT,2021-12-06,16:10:40,00:00:05
stefano.crapanzano@chu.ulg.ac.be,Programmation,IT,2021-12-06,16:10:48,00:00:14
stefano.crapanzano@chu.ulg.ac.be,Programmation,IT,2021-12-06,16:11:08,00:00:03
stefano.crapanzano@chu.ulg.ac.be,Programmation,IT,2021-12-06,16:11:27,00:00:02
stefano.crapanzano@chu.ulg.ac.be,Programmation,IT,2021-12-06,16:11:54,00:00:07
stefano.crapanzano@chu.ulg.ac.be,Programmation,IT,2021-12-06,16:12:03,00:00:12
stefano.crapanzano@chu.ulg.ac.be,Programmation,IT,2021-12-06,16:12:26,00:00:11
stefano.crapanzano@chu.ulg.ac.be,Programmation,IT,2021-12-06,16:12:48,00:00:05
stefano.crapanzano@chu.ulg.ac.be,Programmation,IT,2021-12-06,16:13:10,00:00:07
stefano.crapanzano@chu.ulg.ac.be,Programmation,IT,2021-12-06,16:13:23,00:00:03
stefano.crapanzano@chu.ulg.ac.be,Programmation,IT,2021-12-06,16:14:00,00:00:02
stefano.crapanzano@chu.ulg.ac.be,Programmation,IT,2021-12-06,16:14:06,00:00:02
stefano.crapanzano@chu.ulg.ac.be,Programmation,IT,2021-12-06,16:14:46,00:00:06
stefano.crapanzano@chu.ulg.ac.be,Programmation,IT,2021-12-06,16:14:58,00:00:05
stefano.crapanzano@chu.ulg.ac.be,Programmation,IT,2021-12-06,16:15:15,00:00:02
stefano.crapanzano@chu.ulg.ac.be,Programmation,IT,2021-12-06,16:15:28,00:00:10
stefano.crapanzano@chu.ulg.ac.be,Programmation,IT,2021-12-06,16:15:43,00:01:16
stefano.crapanzano@chu.ulg.ac.be,Programmation,IT,2021-12-06,16:20:22,00:00:04
stefano.crapanzano@chu.ulg.ac.be,Programmation,IT,2021-12-06,16:20:31,00:01:11
stefano.crapanzano@chu.ulg.ac.be,Programmation,IT,2021-12-06,16:21:49,00:00:13
stefano.crapanzano@chu.ulg.ac.be,Programmation,IT,2021-12-06,16:22:09,00:00:11
stefano.crapanzano@chu.ulg.ac.be,Programmation,IT,2021-12-06,16:22:31,00:00:27
stefano.crapanzano@chu.ulg.ac.be,Programmation,IT,2021-12-06,16:23:20,00:00:05
stefano.crapanzano@chu.ulg.ac.be,Programmation,IT,2021-12-06,16:23:29,00:00:22
stefano.crapanzano@chu.ulg.ac.be,Programmation,IT,2021-12-06,16:23:54,00:00:08
stefano.crapanzano@chu.ulg.ac.be,Programmation,IT,2021-12-06,16:24:08,00:00:22
stefano.crapanzano@chu.ulg.ac.be,Programmation,IT,2021-12-06,16:26:49,00:00:29
stefano.crapanzano@chu.ulg.ac.be,Programmation,IT,2021-12-06,16:28:04,00:00:14
stefano.crapanzano@chu.ulg.ac.be,Programmation,IT,2021-12-06,16:28:23,00:00:12
stefano.crapanzano@chu.ulg.ac.be,Nouvel onglet - Google Chrome,Tâches diverses,2021-12-06,14:34:13,00:00:04
stefano.crapanzano@chu.ulg.ac.be,Nouvel onglet - Google Chrome,Tâches diverses,2021-12-06,15:00:01,00:00:06
stefano.crapanzano@chu.ulg.ac.be,Nouvel onglet - Google Chrome,Tâches diverses,2021-12-06,15:54:07,00:00:07
stefano.crapanzano@chu.ulg.ac.be,Nouvel onglet - Google Chrome,Tâches diverses,2021-12-06,16:02:45,00:00:06
stefano.crapanzano@chu.ulg.ac.be,ERP-WIKI [DokuWiki ERP] - Google Chrome,Tâches diverses,2021-12-06,14:34:18,00:00:05
stefano.crapanzano@chu.ulg.ac.be,Finance [DokuWiki ERP] - Google Chrome,Tâches diverses,2021-12-06,14:34:23,00:00:05
stefano.crapanzano@chu.ulg.ac.be,Finance [DokuWiki ERP] - Google Chrome,Tâches diverses,2021-12-06,14:35:06,00:00:04
stefano.crapanzano@chu.ulg.ac.be,Compta Seny - Procédure de traitement des exports de Seny (MUT / PAT) [DokuWiki ERP] - Google Chrome,Tâches diverses,2021-12-06,14:34:29,00:00:37
stefano.crapanzano@chu.ulg.ac.be,Rechercher [DokuWiki ERP] - Google Chrome,Tâches diverses,2021-12-06,14:35:10,00:00:14
stefano.crapanzano@chu.ulg.ac.be,Rechercher [DokuWiki ERP] - Google Chrome,Tâches diverses,2021-12-06,14:59:58,00:00:02
stefano.crapanzano@chu.ulg.ac.be,Netop Invité,Tâches diverses,2021-12-06,14:35:25,00:00:06
stefano.crapanzano@chu.ulg.ac.be,Service MT - Google Chrome,Tâches diverses,2021-12-06,15:00:08,00:00:18
stefano.crapanzano@chu.ulg.ac.be,Service MT - Google Chrome,Tâches diverses,2021-12-06,15:38:47,00:00:06
stefano.crapanzano@chu.ulg.ac.be,date filter tag django template - Recherche Google - Google Chrome,Tâches diverses,2021-12-06,15:54:15,00:00:02
stefano.crapanzano@chu.ulg.ac.be,Balises et filtres de gabarit intégrés | Documentation de Django | Django - Google Chrome,Tâches diverses,2021-12-06,15:54:18,00:00:21
stefano.crapanzano@chu.ulg.ac.be,Balises et filtres de gabarit intégrés | Documentation de Django | Django - Google Chrome,Tâches diverses,2021-12-06,15:54:59,00:00:20
stefano.crapanzano@chu.ulg.ac.be,Balises et filtres de gabarit intégrés | Documentation de Django | Django - Google Chrome,Tâches diverses,2021-12-06,15:55:35,00:00:10
stefano.crapanzano@chu.ulg.ac.be,Balises et filtres de gabarit intégrés | Documentation de Django | Django - Google Chrome,Tâches diverses,2021-12-06,15:55:48,00:00:02
stefano.crapanzano@chu.ulg.ac.be,Réglages | Documentation de Django | Django - Google Chrome,Tâches diverses,2021-12-06,15:54:39,00:00:20
stefano.crapanzano@chu.ulg.ac.be,Input group · Bootstrap - Google Chrome,Tâches diverses,2021-12-06,16:02:55,00:00:09
stefano.crapanzano@chu.ulg.ac.be,Input group · Bootstrap - Google Chrome,Tâches diverses,2021-12-06,16:03:11,00:00:02
stefano.crapanzano@chu.ulg.ac.be,Input group · Bootstrap - Google Chrome,Tâches diverses,2021-12-06,16:03:50,00:00:14
stefano.crapanzano@chu.ulg.ac.be,Input group · Bootstrap - Google Chrome,Tâches diverses,2021-12-06,16:04:13,00:00:04
stefano.crapanzano@chu.ulg.ac.be,Input group · Bootstrap - Google Chrome,Tâches diverses,2021-12-06,16:04:41,00:00:10
stefano.crapanzano@chu.ulg.ac.be,Input group · Bootstrap - Google Chrome,Tâches diverses,2021-12-06,16:04:55,00:00:46
stefano.crapanzano@chu.ulg.ac.be,Input group · Bootstrap - Google Chrome,Tâches diverses,2021-12-06,16:05:45,00:00:10
stefano.crapanzano@chu.ulg.ac.be,Input group · Bootstrap - Google Chrome,Tâches diverses,2021-12-06,16:06:22,00:00:02
stefano.crapanzano@chu.ulg.ac.be,Input group · Bootstrap - Google Chrome,Tâches diverses,2021-12-06,16:07:52,00:00:16
stefano.crapanzano@chu.ulg.ac.be,Buttons · Bootstrap - Google Chrome,Tâches diverses,2021-12-06,16:06:25,00:00:03
stefano.crapanzano@chu.ulg.ac.be,Buttons · Bootstrap - Google Chrome,Tâches diverses,2021-12-06,16:07:48,00:00:03
stefano.crapanzano@chu.ulg.ac.be,Overview · Bootstrap - Google Chrome,Tâches diverses,2021-12-06,16:08:08,00:00:24
stefano.crapanzano@chu.ulg.ac.be,Dropdowns · Bootstrap - Google Chrome,Tâches diverses,2021-12-06,16:08:32,00:00:32
stefano.crapanzano@chu.ulg.ac.be,Forms · Bootstrap - Google Chrome,Tâches diverses,2021-12-06,16:09:04,00:00:21
stefano.crapanzano@chu.ulg.ac.be,Forms · Bootstrap - Google Chrome,Tâches diverses,2021-12-06,16:09:30,00:00:04
stefano.crapanzano@chu.ulg.ac.be,Forms · Bootstrap - Google Chrome,Tâches diverses,2021-12-06,16:09:59,00:00:03
stefano.crapanzano@chu.ulg.ac.be,Forms · Bootstrap - Google Chrome,Tâches diverses,2021-12-06,16:10:18,00:00:10
stefano.crapanzano@chu.ulg.ac.be,Forms · Bootstrap - Google Chrome,Tâches diverses,2021-12-06,16:10:45,00:00:02
stefano.crapanzano@chu.ulg.ac.be,Forms · Bootstrap - Google Chrome,Tâches diverses,2021-12-06,16:11:14,00:00:12
stefano.crapanzano@chu.ulg.ac.be,Forms · Bootstrap - Google Chrome,Tâches diverses,2021-12-06,16:11:30,00:00:23
stefano.crapanzano@chu.ulg.ac.be,Forms · Bootstrap - Google Chrome,Tâches diverses,2021-12-06,16:12:43,00:00:05
stefano.crapanzano@chu.ulg.ac.be,Forms · Bootstrap - Google Chrome,Tâches diverses,2021-12-06,16:13:00,00:00:07
stefano.crapanzano@chu.ulg.ac.be,Forms · Bootstrap - Google Chrome,Tâches diverses,2021-12-06,16:13:26,00:00:32
stefano.crapanzano@chu.ulg.ac.be,Forms · Bootstrap - Google Chrome,Tâches diverses,2021-12-06,16:14:02,00:00:03
stefano.crapanzano@chu.ulg.ac.be,Forms · Bootstrap - Google Chrome,Tâches diverses,2021-12-06,16:14:09,00:00:18
stefano.crapanzano@chu.ulg.ac.be,Forms · Bootstrap - Google Chrome,Tâches diverses,2021-12-06,16:14:33,00:00:12
stefano.crapanzano@chu.ulg.ac.be,Forms · Bootstrap - Google Chrome,Tâches diverses,2021-12-06,16:14:52,00:00:05
stefano.crapanzano@chu.ulg.ac.be,Forms · Bootstrap - Google Chrome,Tâches diverses,2021-12-06,16:15:03,00:00:04
stefano.crapanzano@chu.ulg.ac.be,Forms · Bootstrap - Google Chrome,Tâches diverses,2021-12-06,16:15:18,00:00:08
stefano.crapanzano@chu.ulg.ac.be,Forms · Bootstrap - Google Chrome,Tâches diverses,2021-12-06,16:19:17,00:01:04
stefano.crapanzano@chu.ulg.ac.be,Forms · Bootstrap - Google Chrome,Tâches diverses,2021-12-06,16:20:28,00:00:02
stefano.crapanzano@chu.ulg.ac.be,Forms · Bootstrap - Google Chrome,Tâches diverses,2021-12-06,16:21:44,00:00:05
stefano.crapanzano@chu.ulg.ac.be,Forms · Bootstrap - Google Chrome,Tâches diverses,2021-12-06,16:22:03,00:00:06
stefano.crapanzano@chu.ulg.ac.be,A03-203 CHU Tests création demandes d'achat /réservations à partir d'un fichier Glims - Xperthis ERP4HC 2.0 Rollout - Service d'assistance - Google Chrome,Tâches diverses,2021-12-06,16:25:39,00:00:18
stefano.crapanzano@chu.ulg.ac.be,A03-203 CHU Tests création demandes d'achat /réservations à partir d'un fichier Glims - Xperthis ERP4HC 2.0 Rollout - Service d'assistance - Google Chrome,Tâches diverses,2021-12-06,16:26:27,00:00:02
stefano.crapanzano@chu.ulg.ac.be,Envoyés - erp.sai@chuliege.be - Mozilla Thunderbird,Helpdesk général,2021-12-06,16:26:03,00:00:17
