Email,Description,Project,Start date,Start time,Duration
stefano.crapanzano@chu.ulg.ac.be,Administrateur : Perl (command line) - python  main.py,IT,2021-05-05,08:35:50,00:00:02
stefano.crapanzano@chu.ulg.ac.be,Lecture documentation,Tâches diverses,2021-05-05,08:35:52,00:01:08
stefano.crapanzano@chu.ulg.ac.be,Lecture documentation,Tâches diverses,2021-05-05,08:52:16,00:00:02
stefano.crapanzano@chu.ulg.ac.be,Lecture documentation,Tâches diverses,2021-05-05,08:52:25,00:00:02
stefano.crapanzano@chu.ulg.ac.be,Lecture documentation,Tâches diverses,2021-05-05,09:26:30,00:01:08
stefano.crapanzano@chu.ulg.ac.be,Lecture documentation,Tâches diverses,2021-05-05,11:16:20,00:01:50
stefano.crapanzano@chu.ulg.ac.be,Lecture documentation,Tâches diverses,2021-05-05,11:18:30,00:04:35
stefano.crapanzano@chu.ulg.ac.be,Lecture documentation,Tâches diverses,2021-05-05,11:34:28,00:01:01
stefano.crapanzano@chu.ulg.ac.be,Lecture documentation,Tâches diverses,2021-05-05,11:35:48,00:00:05
stefano.crapanzano@chu.ulg.ac.be,Lecture documentation,Tâches diverses,2021-05-05,11:35:55,00:00:03
stefano.crapanzano@chu.ulg.ac.be,Lecture documentation,Tâches diverses,2021-05-05,11:37:08,00:00:04
stefano.crapanzano@chu.ulg.ac.be,Lecture documentation,Tâches diverses,2021-05-05,11:37:18,00:00:03
stefano.crapanzano@chu.ulg.ac.be,Lecture documentation,Tâches diverses,2021-05-05,11:37:33,00:00:02
stefano.crapanzano@chu.ulg.ac.be,Lecture documentation,Tâches diverses,2021-05-05,11:37:38,00:00:19
stefano.crapanzano@chu.ulg.ac.be,Lecture documentation,Tâches diverses,2021-05-05,11:42:34,00:00:19
stefano.crapanzano@chu.ulg.ac.be,Lecture documentation,Tâches diverses,2021-05-05,11:47:58,00:00:29
stefano.crapanzano@chu.ulg.ac.be,Lecture documentation,Tâches diverses,2021-05-05,11:50:08,00:00:06
stefano.crapanzano@chu.ulg.ac.be,Lecture documentation,Tâches diverses,2021-05-05,11:50:34,00:01:19
stefano.crapanzano@chu.ulg.ac.be,Lecture documentation,Tâches diverses,2021-05-05,11:52:05,00:01:12
stefano.crapanzano@chu.ulg.ac.be,Lecture documentation,Tâches diverses,2021-05-05,11:53:54,00:00:19
stefano.crapanzano@chu.ulg.ac.be,Lecture documentation,Tâches diverses,2021-05-05,12:06:44,00:02:41
stefano.crapanzano@chu.ulg.ac.be,Lecture documentation,Tâches diverses,2021-05-05,12:13:51,00:00:08
stefano.crapanzano@chu.ulg.ac.be,Lecture documentation,Tâches diverses,2021-05-05,12:14:34,00:00:05
stefano.crapanzano@chu.ulg.ac.be,Lecture documentation,Tâches diverses,2021-05-05,12:18:02,00:00:17
stefano.crapanzano@chu.ulg.ac.be,Lecture documentation,Tâches diverses,2021-05-05,12:18:31,00:00:06
stefano.crapanzano@chu.ulg.ac.be,Courrier entrant - erp.sai@chuliege.be - Mozilla Thunderbird,Helpdesk général,2021-05-05,08:37:01,00:10:15
stefano.crapanzano@chu.ulg.ac.be,Courrier entrant - erp.sai@chuliege.be - Mozilla Thunderbird,Helpdesk général,2021-05-05,08:51:39,00:00:08
stefano.crapanzano@chu.ulg.ac.be,Courrier entrant - erp.sai@chuliege.be - Mozilla Thunderbird,Helpdesk général,2021-05-05,08:52:44,00:00:03
stefano.crapanzano@chu.ulg.ac.be,Courrier entrant - erp.sai@chuliege.be - Mozilla Thunderbird,Helpdesk général,2021-05-05,08:53:08,00:00:04
stefano.crapanzano@chu.ulg.ac.be,Courrier entrant - erp.sai@chuliege.be - Mozilla Thunderbird,Helpdesk général,2021-05-05,08:53:15,00:00:17
stefano.crapanzano@chu.ulg.ac.be,Courrier entrant - erp.sai@chuliege.be - Mozilla Thunderbird,Helpdesk général,2021-05-05,08:57:47,00:00:03
stefano.crapanzano@chu.ulg.ac.be,Courrier entrant - erp.sai@chuliege.be - Mozilla Thunderbird,Helpdesk général,2021-05-05,08:59:45,00:00:07
stefano.crapanzano@chu.ulg.ac.be,Courrier entrant - erp.sai@chuliege.be - Mozilla Thunderbird,Helpdesk général,2021-05-05,09:04:21,00:00:10
stefano.crapanzano@chu.ulg.ac.be,Courrier entrant - erp.sai@chuliege.be - Mozilla Thunderbird,Helpdesk général,2021-05-05,09:18:36,00:04:00
stefano.crapanzano@chu.ulg.ac.be,Courrier entrant - erp.sai@chuliege.be - Mozilla Thunderbird,Helpdesk général,2021-05-05,09:26:04,00:00:24
stefano.crapanzano@chu.ulg.ac.be,Courrier entrant - erp.sai@chuliege.be - Mozilla Thunderbird,Helpdesk général,2021-05-05,09:28:48,00:00:07
stefano.crapanzano@chu.ulg.ac.be,Courrier entrant - erp.sai@chuliege.be - Mozilla Thunderbird,Helpdesk général,2021-05-05,09:29:00,00:00:25
stefano.crapanzano@chu.ulg.ac.be,Courrier entrant - erp.sai@chuliege.be - Mozilla Thunderbird,Helpdesk général,2021-05-05,09:29:29,00:01:24
stefano.crapanzano@chu.ulg.ac.be,Courrier entrant - erp.sai@chuliege.be - Mozilla Thunderbird,Helpdesk général,2021-05-05,09:39:04,00:00:08
stefano.crapanzano@chu.ulg.ac.be,Courrier entrant - erp.sai@chuliege.be - Mozilla Thunderbird,Helpdesk général,2021-05-05,09:39:16,00:00:08
stefano.crapanzano@chu.ulg.ac.be,Courrier entrant - erp.sai@chuliege.be - Mozilla Thunderbird,Helpdesk général,2021-05-05,10:01:17,00:00:02
stefano.crapanzano@chu.ulg.ac.be,Courrier entrant - erp.sai@chuliege.be - Mozilla Thunderbird,Helpdesk général,2021-05-05,10:03:50,00:00:19
stefano.crapanzano@chu.ulg.ac.be,Courrier entrant - erp.sai@chuliege.be - Mozilla Thunderbird,Helpdesk général,2021-05-05,10:04:10,00:04:03
stefano.crapanzano@chu.ulg.ac.be,Courrier entrant - erp.sai@chuliege.be - Mozilla Thunderbird,Helpdesk général,2021-05-05,10:16:28,00:00:37
stefano.crapanzano@chu.ulg.ac.be,Courrier entrant - erp.sai@chuliege.be - Mozilla Thunderbird,Helpdesk général,2021-05-05,10:17:06,00:00:04
stefano.crapanzano@chu.ulg.ac.be,Courrier entrant - erp.sai@chuliege.be - Mozilla Thunderbird,Helpdesk général,2021-05-05,10:17:13,00:00:15
stefano.crapanzano@chu.ulg.ac.be,Courrier entrant - erp.sai@chuliege.be - Mozilla Thunderbird,Helpdesk général,2021-05-05,10:17:31,00:00:02
stefano.crapanzano@chu.ulg.ac.be,Courrier entrant - erp.sai@chuliege.be - Mozilla Thunderbird,Helpdesk général,2021-05-05,10:21:07,00:00:10
stefano.crapanzano@chu.ulg.ac.be,Courrier entrant - erp.sai@chuliege.be - Mozilla Thunderbird,Helpdesk général,2021-05-05,10:21:22,00:00:04
stefano.crapanzano@chu.ulg.ac.be,Courrier entrant - erp.sai@chuliege.be - Mozilla Thunderbird,Helpdesk général,2021-05-05,10:21:46,00:00:02
stefano.crapanzano@chu.ulg.ac.be,Courrier entrant - erp.sai@chuliege.be - Mozilla Thunderbird,Helpdesk général,2021-05-05,10:22:04,00:00:02
stefano.crapanzano@chu.ulg.ac.be,Courrier entrant - erp.sai@chuliege.be - Mozilla Thunderbird,Helpdesk général,2021-05-05,10:22:20,00:00:04
stefano.crapanzano@chu.ulg.ac.be,Courrier entrant - erp.sai@chuliege.be - Mozilla Thunderbird,Helpdesk général,2021-05-05,10:22:36,00:00:04
stefano.crapanzano@chu.ulg.ac.be,Courrier entrant - erp.sai@chuliege.be - Mozilla Thunderbird,Helpdesk général,2021-05-05,10:22:56,00:00:13
stefano.crapanzano@chu.ulg.ac.be,Courrier entrant - erp.sai@chuliege.be - Mozilla Thunderbird,Helpdesk général,2021-05-05,11:09:24,00:01:26
stefano.crapanzano@chu.ulg.ac.be,Courrier entrant - erp.sai@chuliege.be - Mozilla Thunderbird,Helpdesk général,2021-05-05,11:12:26,00:00:06
stefano.crapanzano@chu.ulg.ac.be,Courrier entrant - erp.sai@chuliege.be - Mozilla Thunderbird,Helpdesk général,2021-05-05,11:13:24,00:00:03
stefano.crapanzano@chu.ulg.ac.be,Courrier entrant - erp.sai@chuliege.be - Mozilla Thunderbird,Helpdesk général,2021-05-05,11:14:40,00:01:19
stefano.crapanzano@chu.ulg.ac.be,Courrier entrant - erp.sai@chuliege.be - Mozilla Thunderbird,Helpdesk général,2021-05-05,11:16:03,00:00:16
stefano.crapanzano@chu.ulg.ac.be,Courrier entrant - erp.sai@chuliege.be - Mozilla Thunderbird,Helpdesk général,2021-05-05,11:34:22,00:00:05
stefano.crapanzano@chu.ulg.ac.be,Courrier entrant - erp.sai@chuliege.be - Mozilla Thunderbird,Helpdesk général,2021-05-05,11:35:29,00:00:02
stefano.crapanzano@chu.ulg.ac.be,Courrier entrant - erp.sai@chuliege.be - Mozilla Thunderbird,Helpdesk général,2021-05-05,11:42:00,00:00:06
stefano.crapanzano@chu.ulg.ac.be,Courrier entrant - erp.sai@chuliege.be - Mozilla Thunderbird,Helpdesk général,2021-05-05,11:42:09,00:00:02
stefano.crapanzano@chu.ulg.ac.be,Courrier entrant - erp.sai@chuliege.be - Mozilla Thunderbird,Helpdesk général,2021-05-05,11:42:19,00:00:15
stefano.crapanzano@chu.ulg.ac.be,Courrier entrant - erp.sai@chuliege.be - Mozilla Thunderbird,Helpdesk général,2021-05-05,11:53:18,00:00:19
stefano.crapanzano@chu.ulg.ac.be,Courrier entrant - erp.sai@chuliege.be - Mozilla Thunderbird,Helpdesk général,2021-05-05,11:54:55,00:00:03
stefano.crapanzano@chu.ulg.ac.be,Courrier entrant - erp.sai@chuliege.be - Mozilla Thunderbird,Helpdesk général,2021-05-05,11:56:07,00:00:03
stefano.crapanzano@chu.ulg.ac.be,Courrier entrant - erp.sai@chuliege.be - Mozilla Thunderbird,Helpdesk général,2021-05-05,11:56:12,00:00:06
stefano.crapanzano@chu.ulg.ac.be,Courrier entrant - erp.sai@chuliege.be - Mozilla Thunderbird,Helpdesk général,2021-05-05,11:56:19,00:00:21
stefano.crapanzano@chu.ulg.ac.be,Courrier entrant - erp.sai@chuliege.be - Mozilla Thunderbird,Helpdesk général,2021-05-05,11:58:41,00:01:08
stefano.crapanzano@chu.ulg.ac.be,Courrier entrant - erp.sai@chuliege.be - Mozilla Thunderbird,Helpdesk général,2021-05-05,11:59:50,00:00:02
stefano.crapanzano@chu.ulg.ac.be,Courrier entrant - erp.sai@chuliege.be - Mozilla Thunderbird,Helpdesk général,2021-05-05,11:59:55,00:00:02
stefano.crapanzano@chu.ulg.ac.be,Courrier entrant - erp.sai@chuliege.be - Mozilla Thunderbird,Helpdesk général,2021-05-05,12:00:07,00:00:02
stefano.crapanzano@chu.ulg.ac.be,Courrier entrant - erp.sai@chuliege.be - Mozilla Thunderbird,Helpdesk général,2021-05-05,12:00:11,00:00:02
stefano.crapanzano@chu.ulg.ac.be,Courrier entrant - erp.sai@chuliege.be - Mozilla Thunderbird,Helpdesk général,2021-05-05,12:01:57,00:00:26
stefano.crapanzano@chu.ulg.ac.be,Courrier entrant - erp.sai@chuliege.be - Mozilla Thunderbird,Helpdesk général,2021-05-05,12:03:25,00:00:07
stefano.crapanzano@chu.ulg.ac.be,Courrier entrant - erp.sai@chuliege.be - Mozilla Thunderbird,Helpdesk général,2021-05-05,12:06:08,00:00:02
stefano.crapanzano@chu.ulg.ac.be,Courrier entrant - erp.sai@chuliege.be - Mozilla Thunderbird,Helpdesk général,2021-05-05,12:06:12,00:00:02
stefano.crapanzano@chu.ulg.ac.be,Courrier entrant - erp.sai@chuliege.be - Mozilla Thunderbird,Helpdesk général,2021-05-05,12:06:17,00:00:24
stefano.crapanzano@chu.ulg.ac.be,Courrier entrant - erp.sai@chuliege.be - Mozilla Thunderbird,Helpdesk général,2021-05-05,12:09:26,00:00:02
stefano.crapanzano@chu.ulg.ac.be,Courrier entrant - erp.sai@chuliege.be - Mozilla Thunderbird,Helpdesk général,2021-05-05,12:10:01,00:00:06
stefano.crapanzano@chu.ulg.ac.be,Courrier entrant - erp.sai@chuliege.be - Mozilla Thunderbird,Helpdesk général,2021-05-05,12:13:02,00:00:49
stefano.crapanzano@chu.ulg.ac.be,Courrier entrant - erp.sai@chuliege.be - Mozilla Thunderbird,Helpdesk général,2021-05-05,12:14:00,00:00:33
stefano.crapanzano@chu.ulg.ac.be,Courrier entrant - erp.sai@chuliege.be - Mozilla Thunderbird,Helpdesk général,2021-05-05,12:14:39,00:00:27
stefano.crapanzano@chu.ulg.ac.be,Courrier entrant - erp.sai@chuliege.be - Mozilla Thunderbird,Helpdesk général,2021-05-05,12:15:20,00:02:22
stefano.crapanzano@chu.ulg.ac.be,Courrier entrant - erp.sai@chuliege.be - Mozilla Thunderbird,Helpdesk général,2021-05-05,12:18:25,00:00:05
stefano.crapanzano@chu.ulg.ac.be,Courrier entrant - erp.sai@chuliege.be - Mozilla Thunderbird,Helpdesk général,2021-05-05,12:18:38,00:00:04
stefano.crapanzano@chu.ulg.ac.be,Courrier entrant - erp.sai@chuliege.be - Mozilla Thunderbird,Helpdesk général,2021-05-05,12:28:54,00:00:12
stefano.crapanzano@chu.ulg.ac.be,Demandes - Service d'assistance - Google Chrome,Tâches diverses,2021-05-05,08:47:25,00:00:13
stefano.crapanzano@chu.ulg.ac.be,Demandes - Service d'assistance - Google Chrome,Tâches diverses,2021-05-05,08:48:26,00:00:09
stefano.crapanzano@chu.ulg.ac.be,Demandes - Service d'assistance - Google Chrome,Tâches diverses,2021-05-05,08:48:40,00:00:03
stefano.crapanzano@chu.ulg.ac.be,Demandes - Service d'assistance - Google Chrome,Tâches diverses,2021-05-05,08:49:20,00:01:34
stefano.crapanzano@chu.ulg.ac.be,Demandes - Service d'assistance - Google Chrome,Tâches diverses,2021-05-05,08:54:11,00:00:04
stefano.crapanzano@chu.ulg.ac.be,Demandes - Service d'assistance - Google Chrome,Tâches diverses,2021-05-05,09:01:11,00:00:14
stefano.crapanzano@chu.ulg.ac.be,Demandes - Service d'assistance - Google Chrome,Tâches diverses,2021-05-05,09:01:45,00:00:25
stefano.crapanzano@chu.ulg.ac.be,Demandes - Service d'assistance - Google Chrome,Tâches diverses,2021-05-05,09:02:16,00:00:12
stefano.crapanzano@chu.ulg.ac.be,Demandes - Service d'assistance - Google Chrome,Tâches diverses,2021-05-05,09:02:41,00:00:38
stefano.crapanzano@chu.ulg.ac.be,Demandes - Service d'assistance - Google Chrome,Tâches diverses,2021-05-05,09:03:23,00:00:22
stefano.crapanzano@chu.ulg.ac.be,Demandes - Service d'assistance - Google Chrome,Tâches diverses,2021-05-05,09:06:37,00:02:44
stefano.crapanzano@chu.ulg.ac.be,Demandes - Service d'assistance - Google Chrome,Tâches diverses,2021-05-05,09:09:30,00:00:02
stefano.crapanzano@chu.ulg.ac.be,Demandes - Service d'assistance - Google Chrome,Tâches diverses,2021-05-05,09:09:36,00:01:13
stefano.crapanzano@chu.ulg.ac.be,Demandes - Service d'assistance - Google Chrome,Tâches diverses,2021-05-05,09:22:43,00:00:04
stefano.crapanzano@chu.ulg.ac.be,Demandes - Service d'assistance - Google Chrome,Tâches diverses,2021-05-05,09:22:51,00:00:09
stefano.crapanzano@chu.ulg.ac.be,Demandes - Service d'assistance - Google Chrome,Tâches diverses,2021-05-05,09:23:06,00:00:12
stefano.crapanzano@chu.ulg.ac.be,Demandes - Service d'assistance - Google Chrome,Tâches diverses,2021-05-05,09:23:34,00:01:10
stefano.crapanzano@chu.ulg.ac.be,Demandes - Service d'assistance - Google Chrome,Tâches diverses,2021-05-05,09:31:19,00:03:26
stefano.crapanzano@chu.ulg.ac.be,Demandes - Service d'assistance - Google Chrome,Tâches diverses,2021-05-05,09:36:04,00:00:20
stefano.crapanzano@chu.ulg.ac.be,Demandes - Service d'assistance - Google Chrome,Tâches diverses,2021-05-05,09:37:58,00:00:06
stefano.crapanzano@chu.ulg.ac.be,Demandes - Service d'assistance - Google Chrome,Tâches diverses,2021-05-05,09:38:06,00:00:02
stefano.crapanzano@chu.ulg.ac.be,Demandes - Service d'assistance - Google Chrome,Tâches diverses,2021-05-05,09:38:10,00:00:44
stefano.crapanzano@chu.ulg.ac.be,Demandes - Service d'assistance - Google Chrome,Tâches diverses,2021-05-05,09:38:55,00:00:08
stefano.crapanzano@chu.ulg.ac.be,Demandes - Service d'assistance - Google Chrome,Helpdesk général,2021-05-05,09:39:12,00:00:03
stefano.crapanzano@chu.ulg.ac.be,Demandes - Service d'assistance - Google Chrome,Tâches diverses,2021-05-05,09:39:24,00:02:43
stefano.crapanzano@chu.ulg.ac.be,Demandes - Service d'assistance - Google Chrome,Tâches diverses,2021-05-05,09:42:09,00:00:09
stefano.crapanzano@chu.ulg.ac.be,Demandes - Service d'assistance - Google Chrome,Tâches diverses,2021-05-05,09:44:42,00:00:16
stefano.crapanzano@chu.ulg.ac.be,Demandes - Service d'assistance - Google Chrome,Tâches diverses,2021-05-05,09:45:28,00:00:03
stefano.crapanzano@chu.ulg.ac.be,Demandes - Service d'assistance - Google Chrome,Tâches diverses,2021-05-05,09:45:39,00:00:04
stefano.crapanzano@chu.ulg.ac.be,Demandes - Service d'assistance - Google Chrome,Tâches diverses,2021-05-05,09:45:57,00:01:19
stefano.crapanzano@chu.ulg.ac.be,Demandes - Service d'assistance - Google Chrome,Tâches diverses,2021-05-05,09:48:49,00:00:08
stefano.crapanzano@chu.ulg.ac.be,Demandes - Service d'assistance - Google Chrome,Tâches diverses,2021-05-05,10:10:37,00:00:30
stefano.crapanzano@chu.ulg.ac.be,Demandes - Service d'assistance - Google Chrome,Tâches diverses,2021-05-05,11:56:51,00:00:08
stefano.crapanzano@chu.ulg.ac.be,Demandes - Service d'assistance - Google Chrome,Tâches diverses,2021-05-05,11:57:11,00:00:27
stefano.crapanzano@chu.ulg.ac.be,Demandes - Service d'assistance - Google Chrome,Tâches diverses,2021-05-05,11:58:01,00:00:03
stefano.crapanzano@chu.ulg.ac.be,Demandes - Service d'assistance - Google Chrome,Tâches diverses,2021-05-05,11:59:59,00:00:06
stefano.crapanzano@chu.ulg.ac.be,Demandes - Service d'assistance - Google Chrome,Tâches diverses,2021-05-05,12:03:32,00:00:02
stefano.crapanzano@chu.ulg.ac.be,Demandes - Service d'assistance - Google Chrome,Tâches diverses,2021-05-05,12:06:41,00:00:03
stefano.crapanzano@chu.ulg.ac.be,Demandes - Service d'assistance - Google Chrome,Tâches diverses,2021-05-05,12:17:44,00:00:02
stefano.crapanzano@chu.ulg.ac.be,P203 CHU Configuration bancontact selfs - Bienvenue! Vous pouvez poser une demande de Service Desk ERP for HealthCare parmi les options fournies. - Service d'assistance - Google Chrome,Tâches diverses,2021-05-05,08:47:18,00:00:07
stefano.crapanzano@chu.ulg.ac.be,P203 CHU Rapprochement F-03 pour mut V0300000 - Bienvenue! Vous pouvez poser une demande de Service Desk ERP for HealthCare parmi les options fournies. - Service d'assistance - Google Chrome,Tâches diverses,2021-05-05,08:47:38,00:00:48
stefano.crapanzano@chu.ulg.ac.be,P203 CHU Rapprochement F-03 pour mut V0300000 - Bienvenue! Vous pouvez poser une demande de Service Desk ERP for HealthCare parmi les options fournies. - Service d'assistance - Google Chrome,Tâches diverses,2021-05-05,09:01:25,00:00:19
stefano.crapanzano@chu.ulg.ac.be,P203 CHU Rapprochement F-03 pour mut V0300000 - Bienvenue! Vous pouvez poser une demande de Service Desk ERP for HealthCare parmi les options fournies. - Service d'assistance - Google Chrome,Tâches diverses,2021-05-05,09:02:28,00:00:04
stefano.crapanzano@chu.ulg.ac.be,P203 CHU Rapprochement F-03 pour mut V0300000 - Bienvenue! Vous pouvez poser une demande de Service Desk ERP for HealthCare parmi les options fournies. - Service d'assistance - Google Chrome,Tâches diverses,2021-05-05,09:03:19,00:00:03
stefano.crapanzano@chu.ulg.ac.be,P203 CHU Rapprochement F-03 pour mut V0300000 - Bienvenue! Vous pouvez poser une demande de Service Desk ERP for HealthCare parmi les options fournies. - Service d'assistance - Google Chrome,Tâches diverses,2021-05-05,09:09:22,00:00:08
stefano.crapanzano@chu.ulg.ac.be,P203 CHU Rapprochement F-03 pour mut V0300000 - Bienvenue! Vous pouvez poser une demande de Service Desk ERP for HealthCare parmi les options fournies. - Service d'assistance - Google Chrome,Tâches diverses,2021-05-05,09:09:33,00:00:03
stefano.crapanzano@chu.ulg.ac.be,P203 CHU Rapprochement F-03 pour mut V0300000 - Bienvenue! Vous pouvez poser une demande de Service Desk ERP for HealthCare parmi les options fournies. - Service d'assistance - Google Chrome,Tâches diverses,2021-05-05,09:22:41,00:00:02
stefano.crapanzano@chu.ulg.ac.be,P203 CHU Rapprochement F-03 pour mut V0300000 - Bienvenue! Vous pouvez poser une demande de Service Desk ERP for HealthCare parmi les options fournies. - Service d'assistance - Google Chrome,Tâches diverses,2021-05-05,09:27:50,00:00:47
stefano.crapanzano@chu.ulg.ac.be,P203 CHU Rapprochement F-03 pour mut V0300000 - Bienvenue! Vous pouvez poser une demande de Service Desk ERP for HealthCare parmi les options fournies. - Service d'assistance - Google Chrome,Tâches diverses,2021-05-05,09:30:53,00:00:09
stefano.crapanzano@chu.ulg.ac.be,P203 CHU Rapprochement F-03 pour mut V0300000 - Bienvenue! Vous pouvez poser une demande de Service Desk ERP for HealthCare parmi les options fournies. - Service d'assistance - Google Chrome,Helpdesk général,2021-05-05,09:31:05,00:00:13
stefano.crapanzano@chu.ulg.ac.be,P203 CHU Rapprochement F-03 pour mut V0300000 - Bienvenue! Vous pouvez poser une demande de Service Desk ERP for HealthCare parmi les options fournies. - Service d'assistance - Google Chrome,Tâches diverses,2021-05-05,09:34:53,00:00:07
stefano.crapanzano@chu.ulg.ac.be,P203 CHU Rapprochement F-03 pour mut V0300000 - Bienvenue! Vous pouvez poser une demande de Service Desk ERP for HealthCare parmi les options fournies. - Service d'assistance - Google Chrome,Tâches diverses,2021-05-05,09:35:24,00:00:39
stefano.crapanzano@chu.ulg.ac.be,P203 CHU Rapprochement F-03 pour mut V0300000 - Bienvenue! Vous pouvez poser une demande de Service Desk ERP for HealthCare parmi les options fournies. - Service d'assistance - Google Chrome,Tâches diverses,2021-05-05,09:36:32,00:01:25
stefano.crapanzano@chu.ulg.ac.be,P203 CHU Rapprochement F-03 pour mut V0300000 - Bienvenue! Vous pouvez poser une demande de Service Desk ERP for HealthCare parmi les options fournies. - Service d'assistance - Google Chrome,Tâches diverses,2021-05-05,11:57:00,00:00:10
stefano.crapanzano@chu.ulg.ac.be,P203 CHU FIA non reprise dans demande d'achat - Bienvenue! Vous pouvez poser une demande de Service Desk ERP for HealthCare parmi les options fournies. - Service d'assistance - Google Chrome,Tâches diverses,2021-05-05,08:48:36,00:00:04
stefano.crapanzano@chu.ulg.ac.be,P203 CHU FIA non reprise dans demande d'achat - Bienvenue! Vous pouvez poser une demande de Service Desk ERP for HealthCare parmi les options fournies. - Service d'assistance - Google Chrome,Tâches diverses,2021-05-05,08:54:16,00:02:38
stefano.crapanzano@chu.ulg.ac.be,P203 CHU FIA non reprise dans demande d'achat - Bienvenue! Vous pouvez poser une demande de Service Desk ERP for HealthCare parmi les options fournies. - Service d'assistance - Google Chrome,Tâches diverses,2021-05-05,09:01:09,00:00:02
stefano.crapanzano@chu.ulg.ac.be,P203 CHU FIA non reprise dans demande d'achat - Bienvenue! Vous pouvez poser une demande de Service Desk ERP for HealthCare parmi les options fournies. - Service d'assistance - Google Chrome,Tâches diverses,2021-05-05,09:02:33,00:00:08
stefano.crapanzano@chu.ulg.ac.be,P203 CHU FIA non reprise dans demande d'achat - Bienvenue! Vous pouvez poser une demande de Service Desk ERP for HealthCare parmi les options fournies. - Service d'assistance - Google Chrome,Tâches diverses,2021-05-05,09:10:51,00:00:04
stefano.crapanzano@chu.ulg.ac.be,P203 CHU FIA non reprise dans demande d'achat - Bienvenue! Vous pouvez poser une demande de Service Desk ERP for HealthCare parmi les options fournies. - Service d'assistance - Google Chrome,Tâches diverses,2021-05-05,09:11:00,00:02:14
stefano.crapanzano@chu.ulg.ac.be,P203 CHU FIA non reprise dans demande d'achat - Bienvenue! Vous pouvez poser une demande de Service Desk ERP for HealthCare parmi les options fournies. - Service d'assistance - Google Chrome,Tâches diverses,2021-05-05,09:22:36,00:00:04
stefano.crapanzano@chu.ulg.ac.be,P203 CHU FIA non reprise dans demande d'achat - Bienvenue! Vous pouvez poser une demande de Service Desk ERP for HealthCare parmi les options fournies. - Service d'assistance - Google Chrome,Tâches diverses,2021-05-05,09:23:00,00:00:03
stefano.crapanzano@chu.ulg.ac.be,P203 CHU FIA non reprise dans demande d'achat - Bienvenue! Vous pouvez poser une demande de Service Desk ERP for HealthCare parmi les options fournies. - Service d'assistance - Google Chrome,Tâches diverses,2021-05-05,09:24:45,00:01:08
stefano.crapanzano@chu.ulg.ac.be,P203 CHU FIA non reprise dans demande d'achat - Bienvenue! Vous pouvez poser une demande de Service Desk ERP for HealthCare parmi les options fournies. - Service d'assistance - Google Chrome,Tâches diverses,2021-05-05,09:26:28,00:00:02
stefano.crapanzano@chu.ulg.ac.be,P203 CHU FIA non reprise dans demande d'achat - Bienvenue! Vous pouvez poser une demande de Service Desk ERP for HealthCare parmi les options fournies. - Service d'assistance - Google Chrome,Tâches diverses,2021-05-05,09:27:38,00:00:12
stefano.crapanzano@chu.ulg.ac.be,P203 CHU FIA non reprise dans demande d'achat - Bienvenue! Vous pouvez poser une demande de Service Desk ERP for HealthCare parmi les options fournies. - Service d'assistance - Google Chrome,Tâches diverses,2021-05-05,09:34:45,00:00:07
stefano.crapanzano@chu.ulg.ac.be,P203 CHU FIA non reprise dans demande d'achat - Bienvenue! Vous pouvez poser une demande de Service Desk ERP for HealthCare parmi les options fournies. - Service d'assistance - Google Chrome,Tâches diverses,2021-05-05,09:38:04,00:00:02
stefano.crapanzano@chu.ulg.ac.be,P203 CHU FIA non reprise dans demande d'achat - Bienvenue! Vous pouvez poser une demande de Service Desk ERP for HealthCare parmi les options fournies. - Service d'assistance - Google Chrome,Tâches diverses,2021-05-05,09:42:18,00:02:24
stefano.crapanzano@chu.ulg.ac.be,P203 CHU FIA non reprise dans demande d'achat - Bienvenue! Vous pouvez poser une demande de Service Desk ERP for HealthCare parmi les options fournies. - Service d'assistance - Google Chrome,Tâches diverses,2021-05-05,09:44:59,00:00:28
stefano.crapanzano@chu.ulg.ac.be,P203 CHU FIA non reprise dans demande d'achat - Bienvenue! Vous pouvez poser une demande de Service Desk ERP for HealthCare parmi les options fournies. - Service d'assistance - Google Chrome,Tâches diverses,2021-05-05,09:45:31,00:00:07
stefano.crapanzano@chu.ulg.ac.be,P203 CHU FIA non reprise dans demande d'achat - Bienvenue! Vous pouvez poser une demande de Service Desk ERP for HealthCare parmi les options fournies. - Service d'assistance - Google Chrome,Tâches diverses,2021-05-05,09:45:45,00:00:12
stefano.crapanzano@chu.ulg.ac.be,P203 CHU FIA non reprise dans demande d'achat - Bienvenue! Vous pouvez poser une demande de Service Desk ERP for HealthCare parmi les options fournies. - Service d'assistance - Google Chrome,Tâches diverses,2021-05-05,09:48:17,00:00:13
stefano.crapanzano@chu.ulg.ac.be,P203 CHU FIA non reprise dans demande d'achat - Bienvenue! Vous pouvez poser une demande de Service Desk ERP for HealthCare parmi les options fournies. - Service d'assistance - Google Chrome,Tâches diverses,2021-05-05,09:48:36,00:00:09
stefano.crapanzano@chu.ulg.ac.be,P203 CHU FIA non reprise dans demande d'achat - Bienvenue! Vous pouvez poser une demande de Service Desk ERP for HealthCare parmi les options fournies. - Service d'assistance - Google Chrome,Tâches diverses,2021-05-05,09:49:10,00:01:54
stefano.crapanzano@chu.ulg.ac.be,P203 CHU FIA non reprise dans demande d'achat - Bienvenue! Vous pouvez poser une demande de Service Desk ERP for HealthCare parmi les options fournies. - Service d'assistance - Google Chrome,Tâches diverses,2021-05-05,09:52:06,00:04:42
stefano.crapanzano@chu.ulg.ac.be,P203 CHU FIA non reprise dans demande d'achat - Bienvenue! Vous pouvez poser une demande de Service Desk ERP for HealthCare parmi les options fournies. - Service d'assistance - Google Chrome,Tâches diverses,2021-05-05,09:56:52,00:04:25
stefano.crapanzano@chu.ulg.ac.be,P203 CHU FIA non reprise dans demande d'achat - Bienvenue! Vous pouvez poser une demande de Service Desk ERP for HealthCare parmi les options fournies. - Service d'assistance - Google Chrome,Tâches diverses,2021-05-05,10:09:43,00:00:54
stefano.crapanzano@chu.ulg.ac.be,P203 CHU FIA non reprise dans demande d'achat - Bienvenue! Vous pouvez poser une demande de Service Desk ERP for HealthCare parmi les options fournies. - Service d'assistance - Google Chrome,Tâches diverses,2021-05-05,11:56:49,00:00:02
stefano.crapanzano@chu.ulg.ac.be,CLONE - P203 CHU IDoc 329798 statut 51 car un article est en statut bloqué : toute la demande de réapprovisionnement est bloquée - Bienvenue! Vous pouvez poser une demande de Service Desk ERP for HealthCare parmi les options fournies. - Service d'assistance - Google Chrome,Tâches diverses,2021-05-05,08:48:44,00:00:36
stefano.crapanzano@chu.ulg.ac.be,P203 CHU Historique des paniers dans SSP - Bienvenue! Vous pouvez poser une demande de Service Desk ERP for HealthCare parmi les options fournies. - Service d'assistance - Google Chrome,Tâches diverses,2021-05-05,08:50:55,00:00:43
stefano.crapanzano@chu.ulg.ac.be,P203 CHU Historique des paniers dans SSP - Bienvenue! Vous pouvez poser une demande de Service Desk ERP for HealthCare parmi les options fournies. - Service d'assistance - Google Chrome,Tâches diverses,2021-05-05,08:52:18,00:00:07
stefano.crapanzano@chu.ulg.ac.be,P203 CHU Historique des paniers dans SSP - Bienvenue! Vous pouvez poser une demande de Service Desk ERP for HealthCare parmi les options fournies. - Service d'assistance - Google Chrome,Tâches diverses,2021-05-05,08:54:07,00:00:03
stefano.crapanzano@chu.ulg.ac.be,Navigation système de fichier,IT,2021-05-05,08:51:47,00:00:02
stefano.crapanzano@chu.ulg.ac.be,Navigation système de fichier,IT,2021-05-05,08:53:06,00:00:02
stefano.crapanzano@chu.ulg.ac.be,Navigation système de fichier,IT,2021-05-05,08:53:58,00:00:03
stefano.crapanzano@chu.ulg.ac.be,Navigation système de fichier,IT,2021-05-05,08:54:05,00:00:02
stefano.crapanzano@chu.ulg.ac.be,Navigation système de fichier,IT,2021-05-05,08:59:41,00:00:02
stefano.crapanzano@chu.ulg.ac.be,Navigation système de fichier,IT,2021-05-05,09:00:02,00:00:08
stefano.crapanzano@chu.ulg.ac.be,Navigation système de fichier,IT,2021-05-05,09:28:38,00:00:02
stefano.crapanzano@chu.ulg.ac.be,Navigation système de fichier,IT,2021-05-05,10:09:41,00:00:02
stefano.crapanzano@chu.ulg.ac.be,Navigation système de fichier,IT,2021-05-05,10:17:34,00:00:02
stefano.crapanzano@chu.ulg.ac.be,Navigation système de fichier,IT,2021-05-05,10:17:38,00:00:02
stefano.crapanzano@chu.ulg.ac.be,Navigation système de fichier,IT,2021-05-05,10:21:27,00:00:02
stefano.crapanzano@chu.ulg.ac.be,Navigation système de fichier,IT,2021-05-05,10:22:02,00:00:02
stefano.crapanzano@chu.ulg.ac.be,Navigation système de fichier,IT,2021-05-05,10:22:06,00:00:03
stefano.crapanzano@chu.ulg.ac.be,Navigation système de fichier,IT,2021-05-05,10:22:11,00:00:02
stefano.crapanzano@chu.ulg.ac.be,Navigation système de fichier,IT,2021-05-05,10:22:47,00:00:03
stefano.crapanzano@chu.ulg.ac.be,Navigation système de fichier,IT,2021-05-05,10:22:53,00:00:02
stefano.crapanzano@chu.ulg.ac.be,Navigation système de fichier,IT,2021-05-05,10:23:16,00:00:26
stefano.crapanzano@chu.ulg.ac.be,Navigation système de fichier,IT,2021-05-05,10:45:49,00:00:20
stefano.crapanzano@chu.ulg.ac.be,Navigation système de fichier,IT,2021-05-05,10:47:22,00:00:02
stefano.crapanzano@chu.ulg.ac.be,Navigation système de fichier,IT,2021-05-05,10:50:15,00:00:11
stefano.crapanzano@chu.ulg.ac.be,Navigation système de fichier,IT,2021-05-05,10:50:41,00:00:04
stefano.crapanzano@chu.ulg.ac.be,Navigation système de fichier,IT,2021-05-05,11:02:11,00:00:03
stefano.crapanzano@chu.ulg.ac.be,Navigation système de fichier,IT,2021-05-05,11:24:05,00:00:41
stefano.crapanzano@chu.ulg.ac.be,Navigation système de fichier,IT,2021-05-05,11:25:44,00:00:02
stefano.crapanzano@chu.ulg.ac.be,Navigation système de fichier,IT,2021-05-05,11:26:05,00:00:05
stefano.crapanzano@chu.ulg.ac.be,Navigation système de fichier,IT,2021-05-05,11:26:20,00:00:04
stefano.crapanzano@chu.ulg.ac.be,Navigation système de fichier,IT,2021-05-05,11:26:41,00:00:34
stefano.crapanzano@chu.ulg.ac.be,Navigation système de fichier,IT,2021-05-05,11:27:37,00:00:05
stefano.crapanzano@chu.ulg.ac.be,Navigation système de fichier,IT,2021-05-05,11:28:41,00:00:26
stefano.crapanzano@chu.ulg.ac.be,Navigation système de fichier,IT,2021-05-05,11:32:24,00:00:06
stefano.crapanzano@chu.ulg.ac.be,Navigation système de fichier,IT,2021-05-05,11:33:11,00:00:16
stefano.crapanzano@chu.ulg.ac.be,Navigation système de fichier,IT,2021-05-05,11:33:48,00:00:12
stefano.crapanzano@chu.ulg.ac.be,Navigation système de fichier,IT,2021-05-05,11:34:16,00:00:02
stefano.crapanzano@chu.ulg.ac.be,Navigation système de fichier,IT,2021-05-05,11:47:53,00:00:05
stefano.crapanzano@chu.ulg.ac.be,Navigation système de fichier,IT,2021-05-05,12:00:40,00:00:21
stefano.crapanzano@chu.ulg.ac.be,Navigation système de fichier,IT,2021-05-05,12:03:04,00:00:03
stefano.crapanzano@chu.ulg.ac.be,Navigation système de fichier,IT,2021-05-05,12:03:12,00:00:03
stefano.crapanzano@chu.ulg.ac.be,Navigation système de fichier,IT,2021-05-05,12:03:20,00:00:04
stefano.crapanzano@chu.ulg.ac.be,Navigation système de fichier,IT,2021-05-05,12:03:36,00:00:08
stefano.crapanzano@chu.ulg.ac.be,Navigation système de fichier,IT,2021-05-05,12:03:58,00:00:02
stefano.crapanzano@chu.ulg.ac.be,Navigation système de fichier,IT,2021-05-05,12:24:17,00:00:04
stefano.crapanzano@chu.ulg.ac.be,Navigation système de fichier,IT,2021-05-05,12:25:49,00:00:02
stefano.crapanzano@chu.ulg.ac.be,Navigation système de fichier,IT,2021-05-05,12:27:29,00:00:08
stefano.crapanzano@chu.ulg.ac.be,SVN_LOCAL – CHL_ERP_GOAL_VALIDATION_ARTICLE.pl [SVN_LOCAL] (Administrator),IT,2021-05-05,08:51:50,00:00:18
stefano.crapanzano@chu.ulg.ac.be,SVN_LOCAL – CHL_ERP_ENCOURS.pl [SVN_LOCAL] (Administrator),IT,2021-05-05,08:52:08,00:00:07
stefano.crapanzano@chu.ulg.ac.be,SVN_LOCAL – CHL_ERP_ENCOURS.pl [SVN_LOCAL] (Administrator),IT,2021-05-05,08:52:29,00:00:14
stefano.crapanzano@chu.ulg.ac.be,SVN_LOCAL – CHL_ERP_ENCOURS.pl [SVN_LOCAL] (Administrator),IT,2021-05-05,08:52:49,00:00:16
stefano.crapanzano@chu.ulg.ac.be,SVN_LOCAL – CHL_ERP_ENCOURS.pl [SVN_LOCAL] (Administrator),IT,2021-05-05,08:53:34,00:00:23
stefano.crapanzano@chu.ulg.ac.be,SVN_LOCAL – CHL_ERP_ENCOURS.pl [SVN_LOCAL] (Administrator),IT,2021-05-05,10:08:15,00:01:22
stefano.crapanzano@chu.ulg.ac.be,SVN_LOCAL – CHL_ERP_ENCOURS.pl [SVN_LOCAL] (Administrator),IT,2021-05-05,10:47:25,00:00:05
stefano.crapanzano@chu.ulg.ac.be,SVN_LOCAL – CHL_ERP_ENCOURS.pl [SVN_LOCAL] (Administrator),IT,2021-05-05,10:47:33,00:00:25
stefano.crapanzano@chu.ulg.ac.be,SVN_LOCAL – CHL_ERP_ENCOURS.pl [SVN_LOCAL] (Administrator),IT,2021-05-05,10:48:04,00:00:04
stefano.crapanzano@chu.ulg.ac.be,SVN_LOCAL – CHL_ERP_ENCOURS.pl [SVN_LOCAL] (Administrator),IT,2021-05-05,10:48:16,00:00:36
stefano.crapanzano@chu.ulg.ac.be,SVN_LOCAL – CHL_ERP_ENCOURS.pl [SVN_LOCAL] (Administrator),IT,2021-05-05,10:49:21,00:00:53
stefano.crapanzano@chu.ulg.ac.be,SVN_LOCAL – CHL_ERP_ENCOURS.pl [SVN_LOCAL] (Administrator),IT,2021-05-05,11:02:18,00:00:10
stefano.crapanzano@chu.ulg.ac.be,Courrier entrant - stefano.crapanzano@chuliege.be - Mozilla Thunderbird,Helpdesk général,2021-05-05,08:53:13,00:00:02
stefano.crapanzano@chu.ulg.ac.be,Courrier entrant - stefano.crapanzano@chuliege.be - Mozilla Thunderbird,Helpdesk général,2021-05-05,08:54:03,00:00:02
stefano.crapanzano@chu.ulg.ac.be,Courrier entrant - stefano.crapanzano@chuliege.be - Mozilla Thunderbird,Helpdesk général,2021-05-05,08:59:53,00:00:02
stefano.crapanzano@chu.ulg.ac.be,Courrier entrant - stefano.crapanzano@chuliege.be - Mozilla Thunderbird,Helpdesk général,2021-05-05,09:28:45,00:00:02
stefano.crapanzano@chu.ulg.ac.be,Courrier entrant - stefano.crapanzano@chuliege.be - Mozilla Thunderbird,Helpdesk général,2021-05-05,09:29:25,00:00:03
stefano.crapanzano@chu.ulg.ac.be,Courrier entrant - stefano.crapanzano@chuliege.be - Mozilla Thunderbird,Helpdesk général,2021-05-05,10:17:29,00:00:02
stefano.crapanzano@chu.ulg.ac.be,Courrier entrant - stefano.crapanzano@chuliege.be - Mozilla Thunderbird,Helpdesk général,2021-05-05,10:20:27,00:00:03
stefano.crapanzano@chu.ulg.ac.be,Courrier entrant - stefano.crapanzano@chuliege.be - Mozilla Thunderbird,Helpdesk général,2021-05-05,10:21:03,00:00:03
stefano.crapanzano@chu.ulg.ac.be,Courrier entrant - stefano.crapanzano@chuliege.be - Mozilla Thunderbird,Helpdesk général,2021-05-05,11:09:22,00:00:02
stefano.crapanzano@chu.ulg.ac.be,Courrier entrant - stefano.crapanzano@chuliege.be - Mozilla Thunderbird,Helpdesk général,2021-05-05,11:15:59,00:00:03
stefano.crapanzano@chu.ulg.ac.be,Courrier entrant - stefano.crapanzano@chuliege.be - Mozilla Thunderbird,Helpdesk général,2021-05-05,11:18:10,00:00:20
stefano.crapanzano@chu.ulg.ac.be,Courrier entrant - stefano.crapanzano@chuliege.be - Mozilla Thunderbird,Helpdesk général,2021-05-05,11:29:35,00:00:02
stefano.crapanzano@chu.ulg.ac.be,Courrier entrant - stefano.crapanzano@chuliege.be - Mozilla Thunderbird,Helpdesk général,2021-05-05,11:42:07,00:00:02
stefano.crapanzano@chu.ulg.ac.be,Courrier entrant - stefano.crapanzano@chuliege.be - Mozilla Thunderbird,Helpdesk général,2021-05-05,11:42:12,00:00:07
stefano.crapanzano@chu.ulg.ac.be,Courrier entrant - stefano.crapanzano@chuliege.be - Mozilla Thunderbird,Helpdesk général,2021-05-05,11:53:37,00:00:14
stefano.crapanzano@chu.ulg.ac.be,Courrier entrant - stefano.crapanzano@chuliege.be - Mozilla Thunderbird,Helpdesk général,2021-05-05,11:54:14,00:00:40
stefano.crapanzano@chu.ulg.ac.be,Courrier entrant - stefano.crapanzano@chuliege.be - Mozilla Thunderbird,Helpdesk général,2021-05-05,11:56:41,00:00:02
stefano.crapanzano@chu.ulg.ac.be,Courrier entrant - stefano.crapanzano@chuliege.be - Mozilla Thunderbird,Helpdesk général,2021-05-05,11:58:36,00:00:02
stefano.crapanzano@chu.ulg.ac.be,Courrier entrant - stefano.crapanzano@chuliege.be - Mozilla Thunderbird,Helpdesk général,2021-05-05,12:01:52,00:00:02
stefano.crapanzano@chu.ulg.ac.be,Courrier entrant - stefano.crapanzano@chuliege.be - Mozilla Thunderbird,Helpdesk général,2021-05-05,12:15:07,00:00:13
stefano.crapanzano@chu.ulg.ac.be,Courrier entrant - stefano.crapanzano@chuliege.be - Mozilla Thunderbird,Helpdesk général,2021-05-05,12:17:50,00:00:02
stefano.crapanzano@chu.ulg.ac.be,Courrier entrant - stefano.crapanzano@chuliege.be - Mozilla Thunderbird,Helpdesk général,2021-05-05,12:28:52,00:00:02
stefano.crapanzano@chu.ulg.ac.be,1 rappel,Helpdesk général,2021-05-05,08:56:55,00:00:14
stefano.crapanzano@chu.ulg.ac.be,1 rappel,Helpdesk général,2021-05-05,09:31:02,00:00:02
stefano.crapanzano@chu.ulg.ac.be,SAP HARPEGE - SDM Meeting Q1/2021,Helpdesk général,2021-05-05,08:57:10,00:00:27
stefano.crapanzano@chu.ulg.ac.be,SAP HARPEGE - SDM Meeting Q1/2021,Helpdesk général,2021-05-05,09:25:54,00:00:07
stefano.crapanzano@chu.ulg.ac.be,Rejoindre la conversation - Google Chrome,Tâches diverses,2021-05-05,08:57:39,00:00:05
stefano.crapanzano@chu.ulg.ac.be,Rejoindre la conversation - Google Chrome,Tâches diverses,2021-05-05,08:59:16,00:00:02
stefano.crapanzano@chu.ulg.ac.be,Rejoindre la conversation - Google Chrome,Tâches diverses,2021-05-05,08:59:20,00:00:20
stefano.crapanzano@chu.ulg.ac.be,Rejoindre la conversation - Google Chrome,Tâches diverses,2021-05-05,09:00:00,00:00:02
stefano.crapanzano@chu.ulg.ac.be,Rejoindre la conversation - Google Chrome,Tâches diverses,2021-05-05,09:00:11,00:00:04
stefano.crapanzano@chu.ulg.ac.be,encours - Mozilla Thunderbird,Helpdesk général,2021-05-05,08:57:51,00:01:20
stefano.crapanzano@chu.ulg.ac.be,encours - Mozilla Thunderbird,Helpdesk général,2021-05-05,08:59:43,00:00:02
stefano.crapanzano@chu.ulg.ac.be,encours - Mozilla Thunderbird,Helpdesk général,2021-05-05,10:01:20,00:02:03
stefano.crapanzano@chu.ulg.ac.be,encours - Mozilla Thunderbird,Helpdesk général,2021-05-05,10:03:24,00:00:25
stefano.crapanzano@chu.ulg.ac.be,encours - Mozilla Thunderbird,Helpdesk général,2021-05-05,12:01:45,00:00:02
stefano.crapanzano@chu.ulg.ac.be,Envoyés - erp.sai@chuliege.be - Mozilla Thunderbird,Helpdesk général,2021-05-05,08:59:55,00:00:04
stefano.crapanzano@chu.ulg.ac.be,Envoyés - erp.sai@chuliege.be - Mozilla Thunderbird,Helpdesk général,2021-05-05,09:04:18,00:00:02
stefano.crapanzano@chu.ulg.ac.be,Envoyés - erp.sai@chuliege.be - Mozilla Thunderbird,Helpdesk général,2021-05-05,09:28:55,00:00:04
stefano.crapanzano@chu.ulg.ac.be,Envoyés - erp.sai@chuliege.be - Mozilla Thunderbird,Helpdesk général,2021-05-05,10:17:11,00:00:02
stefano.crapanzano@chu.ulg.ac.be,Envoyés - erp.sai@chuliege.be - Mozilla Thunderbird,Helpdesk général,2021-05-05,11:38:06,00:03:54
stefano.crapanzano@chu.ulg.ac.be,Envoyés - erp.sai@chuliege.be - Mozilla Thunderbird,Helpdesk général,2021-05-05,11:54:58,00:01:07
stefano.crapanzano@chu.ulg.ac.be,Envoyés - erp.sai@chuliege.be - Mozilla Thunderbird,Helpdesk général,2021-05-05,11:56:43,00:00:03
stefano.crapanzano@chu.ulg.ac.be,Envoyés - erp.sai@chuliege.be - Mozilla Thunderbird,Helpdesk général,2021-05-05,11:58:12,00:00:22
stefano.crapanzano@chu.ulg.ac.be,Envoyés - erp.sai@chuliege.be - Mozilla Thunderbird,Helpdesk général,2021-05-05,11:58:38,00:00:02
stefano.crapanzano@chu.ulg.ac.be,Envoyés - erp.sai@chuliege.be - Mozilla Thunderbird,Helpdesk général,2021-05-05,11:59:53,00:00:02
stefano.crapanzano@chu.ulg.ac.be,Envoyés - erp.sai@chuliege.be - Mozilla Thunderbird,Helpdesk général,2021-05-05,12:00:13,00:00:12
stefano.crapanzano@chu.ulg.ac.be,Envoyés - erp.sai@chuliege.be - Mozilla Thunderbird,Helpdesk général,2021-05-05,12:00:26,00:00:03
stefano.crapanzano@chu.ulg.ac.be,Envoyés - erp.sai@chuliege.be - Mozilla Thunderbird,Helpdesk général,2021-05-05,12:01:49,00:00:02
stefano.crapanzano@chu.ulg.ac.be,Envoyés - erp.sai@chuliege.be - Mozilla Thunderbird,Helpdesk général,2021-05-05,12:01:55,00:00:02
stefano.crapanzano@chu.ulg.ac.be,Envoyés - erp.sai@chuliege.be - Mozilla Thunderbird,Helpdesk général,2021-05-05,12:06:14,00:00:02
stefano.crapanzano@chu.ulg.ac.be,Envoyés - erp.sai@chuliege.be - Mozilla Thunderbird,Helpdesk général,2021-05-05,12:26:40,00:00:09
stefano.crapanzano@chu.ulg.ac.be,Envoyés - erp.sai@chuliege.be - Mozilla Thunderbird,Helpdesk général,2021-05-05,12:27:38,00:00:02
stefano.crapanzano@chu.ulg.ac.be,Réunion | Microsoft Teams,Tâches diverses,2021-05-05,09:51:04,00:01:02
stefano.crapanzano@chu.ulg.ac.be,P203 CHU GOAL - Ajout de la table AUSP dans extract BI - Bienvenue! Vous pouvez poser une demande de Service Desk ERP for HealthCare parmi les options fournies. - Service d'assistance - Google Chrome,Tâches diverses,2021-05-05,09:02:10,00:00:06
stefano.crapanzano@chu.ulg.ac.be,P203 CHU Panier 1000283739 en statut approuvé - Bienvenue! Vous pouvez poser une demande de Service Desk ERP for HealthCare parmi les options fournies. - Service d'assistance - Google Chrome,Tâches diverses,2021-05-05,09:22:48,00:00:02
stefano.crapanzano@chu.ulg.ac.be,P203 CHU Carenet Compte C - Bienvenue! Vous pouvez poser une demande de Service Desk ERP for HealthCare parmi les options fournies. - Service d'assistance - Google Chrome,Tâches diverses,2021-05-05,09:23:18,00:00:15
stefano.crapanzano@chu.ulg.ac.be,Rédaction : Re: TR: rapports d'activité - Thunderbird,Helpdesk général,2021-05-05,09:28:41,00:00:02
stefano.crapanzano@chu.ulg.ac.be,Identification - Google Chrome,Tâches diverses,2021-05-05,09:35:01,00:00:08
stefano.crapanzano@chu.ulg.ac.be,myCHU - Google Chrome,Tâches diverses,2021-05-05,09:35:09,00:00:14
stefano.crapanzano@chu.ulg.ac.be,myCHU - Google Chrome,Tâches diverses,2021-05-05,10:17:42,00:02:40
stefano.crapanzano@chu.ulg.ac.be,myCHU - Google Chrome,Tâches diverses,2021-05-05,11:37:06,00:00:02
stefano.crapanzano@chu.ulg.ac.be,myCHU - Google Chrome,Tâches diverses,2021-05-05,11:56:47,00:00:02
stefano.crapanzano@chu.ulg.ac.be,P203 CHU Factures apo non comptabilisée lors du retour apo via la transaction zapo - Bienvenue! Vous pouvez poser une demande de Service Desk ERP for HealthCare parmi les options fournies. - Service d'assistance - Google Chrome,Tâches diverses,2021-05-05,09:47:16,00:01:01
stefano.crapanzano@chu.ulg.ac.be,P203 CHU Factures apo non comptabilisée lors du retour apo via la transaction zapo - Bienvenue! Vous pouvez poser une demande de Service Desk ERP for HealthCare parmi les options fournies. - Service d'assistance - Google Chrome,Tâches diverses,2021-05-05,09:48:30,00:00:06
stefano.crapanzano@chu.ulg.ac.be,P203 CHU Factures apo non comptabilisée lors du retour apo via la transaction zapo - Bienvenue! Vous pouvez poser une demande de Service Desk ERP for HealthCare parmi les options fournies. - Service d'assistance - Google Chrome,Tâches diverses,2021-05-05,09:48:46,00:00:03
stefano.crapanzano@chu.ulg.ac.be,P203 CHU Factures apo non comptabilisée lors du retour apo via la transaction zapo - Bienvenue! Vous pouvez poser une demande de Service Desk ERP for HealthCare parmi les options fournies. - Service d'assistance - Google Chrome,Tâches diverses,2021-05-05,10:11:07,00:05:19
stefano.crapanzano@chu.ulg.ac.be,P203 CHU L’entièreté d'un paiement a été repris à la place d’un paiement partiel - Bienvenue! Vous pouvez poser une demande de Service Desk ERP for HealthCare parmi les options fournies. - Service d'assistance - Google Chrome,Tâches diverses,2021-05-05,09:48:58,00:00:10
stefano.crapanzano@chu.ulg.ac.be,TR: MUT 300 1T2021 - Mozilla Thunderbird,Helpdesk général,2021-05-05,10:20:31,00:00:02
stefano.crapanzano@chu.ulg.ac.be,TR: MUT 300 1T2021 - Mozilla Thunderbird,Helpdesk général,2021-05-05,10:20:55,00:00:08
stefano.crapanzano@chu.ulg.ac.be,TR: MUT 300 1T2021 - Mozilla Thunderbird,Helpdesk général,2021-05-05,11:23:06,00:00:24
stefano.crapanzano@chu.ulg.ac.be,TR: MUT 300 1T2021 - Mozilla Thunderbird,Helpdesk général,2021-05-05,11:24:00,00:00:03
stefano.crapanzano@chu.ulg.ac.be,TR: MUT 300 1T2021 - Mozilla Thunderbird,Helpdesk général,2021-05-05,11:25:09,00:00:05
stefano.crapanzano@chu.ulg.ac.be,TR: MUT 300 1T2021 - Mozilla Thunderbird,Helpdesk général,2021-05-05,11:25:18,00:00:04
stefano.crapanzano@chu.ulg.ac.be,TR: MUT 300 1T2021 - Mozilla Thunderbird,Helpdesk général,2021-05-05,11:29:19,00:00:10
stefano.crapanzano@chu.ulg.ac.be,Rédaction : Re: TR: MUT 300 1T2021 - Thunderbird,Helpdesk général,2021-05-05,10:20:33,00:00:18
stefano.crapanzano@chu.ulg.ac.be,Rédaction : Re: TR: MUT 300 1T2021 - Thunderbird,Helpdesk général,2021-05-05,11:29:31,00:00:03
stefano.crapanzano@chu.ulg.ac.be,Rédaction : Re: TR: MUT 300 1T2021 - Thunderbird,Helpdesk général,2021-05-05,11:29:53,00:00:43
stefano.crapanzano@chu.ulg.ac.be,Rédaction : Re: TR: MUT 300 1T2021 - Thunderbird,Helpdesk général,2021-05-05,11:30:42,00:00:28
stefano.crapanzano@chu.ulg.ac.be,Rédaction : Re: TR: MUT 300 1T2021 - Thunderbird,Helpdesk général,2021-05-05,11:31:17,00:00:52
stefano.crapanzano@chu.ulg.ac.be,Rédaction : Re: TR: MUT 300 1T2021 - Thunderbird,Helpdesk général,2021-05-05,11:34:00,00:00:12
stefano.crapanzano@chu.ulg.ac.be,Vérification de l’orthographe,Helpdesk général,2021-05-05,11:34:12,00:00:02
stefano.crapanzano@chu.ulg.ac.be,\\oazisusers.st.chulg\oazis_users\Informatique\ERP\Exploitation\SURVEILLANCE\IDOC\idocs_03_05_2021.csv - Notepad++ [Administrator],IT,2021-05-05,10:21:19,00:00:02
stefano.crapanzano@chu.ulg.ac.be,\\oazisusers.st.chulg\oazis_users\Informatique\ERP\Exploitation\SURVEILLANCE\IDOC\idocs_03_05_2021.csv - Notepad++ [Administrator],IT,2021-05-05,10:22:42,00:00:04
stefano.crapanzano@chu.ulg.ac.be,C:\Users\c158492\AppData\Local\Temp\fz3temp-2\20210326-1115-002_b.csv - Notepad++ [Administrator],IT,2021-05-05,10:22:13,00:00:04
stefano.crapanzano@chu.ulg.ac.be,idocs_03_05_2021_14_00_00_14_59_59.csv.done - Excel,Tâches diverses,2021-05-05,10:21:29,00:00:06
stefano.crapanzano@chu.ulg.ac.be,SAP Logon 750,Exploration SAP,2021-05-05,10:21:35,00:00:03
stefano.crapanzano@chu.ulg.ac.be,SAP Easy Access Menu de base Applications financières-économiques,Exploration SAP,2021-05-05,10:21:39,00:00:03
stefano.crapanzano@chu.ulg.ac.be,SAP Easy Access Menu de base Applications financières-économiques,Exploration SAP,2021-05-05,11:10:54,00:00:06
stefano.crapanzano@chu.ulg.ac.be,SAP Easy Access Menu de base Applications financières-économiques,Exploration SAP,2021-05-05,11:42:58,00:00:03
stefano.crapanzano@chu.ulg.ac.be,SAP Easy Access Menu de base Applications financières-économiques,Exploration SAP,2021-05-05,11:51:55,00:00:02
stefano.crapanzano@chu.ulg.ac.be,Synthèse IDocs,Exploration SAP,2021-05-05,10:21:50,00:00:04
stefano.crapanzano@chu.ulg.ac.be,Synthèse IDocs,Exploration SAP,2021-05-05,10:21:56,00:00:03
stefano.crapanzano@chu.ulg.ac.be,Synthèse IDocs,Exploration SAP,2021-05-05,11:10:52,00:00:02
stefano.crapanzano@chu.ulg.ac.be,Information,Exploration SAP,2021-05-05,11:13:45,00:00:02
stefano.crapanzano@chu.ulg.ac.be,Information,Exploration SAP,2021-05-05,11:14:05,00:00:02
stefano.crapanzano@chu.ulg.ac.be,C:\temp\extract_zmmartikel\zmmartikel_2021_05_04_11_57_55_NDNBOMAGA_600814.txt - Notepad++ [Administrator],IT,2021-05-05,10:22:51,00:00:02
stefano.crapanzano@chu.ulg.ac.be,Microsoft Excel,Tâches diverses,2021-05-05,10:22:27,00:00:03
stefano.crapanzano@chu.ulg.ac.be,Correspondance Ancien libellé article - nouveau libellé article.xlsx - Excel,Tâches diverses,2021-05-05,11:13:19,00:00:04
stefano.crapanzano@chu.ulg.ac.be,2 Traité - erp.sai@chuliege.be - Mozilla Thunderbird,Helpdesk général,2021-05-05,10:23:09,00:00:07
stefano.crapanzano@chu.ulg.ac.be,2 Traité - erp.sai@chuliege.be - Mozilla Thunderbird,Helpdesk général,2021-05-05,11:09:20,00:00:02
stefano.crapanzano@chu.ulg.ac.be,2 Traité - erp.sai@chuliege.be - Mozilla Thunderbird,Helpdesk général,2021-05-05,12:17:53,00:00:09
stefano.crapanzano@chu.ulg.ac.be,2 Traité - erp.sai@chuliege.be - Mozilla Thunderbird,Helpdesk général,2021-05-05,12:18:20,00:00:04
stefano.crapanzano@chu.ulg.ac.be,Programmation,IT,2021-05-05,10:23:42,00:22:06
stefano.crapanzano@chu.ulg.ac.be,Programmation,IT,2021-05-05,10:46:10,00:01:12
stefano.crapanzano@chu.ulg.ac.be,Programmation,IT,2021-05-05,10:50:30,00:00:06
stefano.crapanzano@chu.ulg.ac.be,Programmation,IT,2021-05-05,10:50:50,00:03:22
stefano.crapanzano@chu.ulg.ac.be,Programmation,IT,2021-05-05,10:54:17,00:07:54
stefano.crapanzano@chu.ulg.ac.be,Programmation,IT,2021-05-05,11:02:35,00:06:43
stefano.crapanzano@chu.ulg.ac.be,Update File,IT,2021-05-05,10:47:31,00:00:02
stefano.crapanzano@chu.ulg.ac.be,Update Project,IT,2021-05-05,10:47:58,00:00:05
stefano.crapanzano@chu.ulg.ac.be,Log In to github.com,IT,2021-05-05,10:48:09,00:00:07
stefano.crapanzano@chu.ulg.ac.be,SVN_LOCAL – ALERT_EMAIL_ERP.pm [SVN_LOCAL] (Administrator),IT,2021-05-05,10:48:53,00:00:20
stefano.crapanzano@chu.ulg.ac.be,SVN_LOCAL – ALERT_EMAIL_ERP.pm [SVN_LOCAL] (Administrator),IT,2021-05-05,10:49:17,00:00:04
stefano.crapanzano@chu.ulg.ac.be,ALERT_EMAIL_ERP.pm (C:\Users\c158492\ProjetBoulot\SVN_LOCAL\PERL\COMMON),IT,2021-05-05,10:49:13,00:00:03
stefano.crapanzano@chu.ulg.ac.be,\\filesrv01.st.chulg\oazis_prod\APPL_PROD\SOURCES\PERL\ERP - Commit - TortoiseSVN,IT,2021-05-05,10:50:26,00:00:03
stefano.crapanzano@chu.ulg.ac.be,\\filesrv01.st.chulg\oazis_prod\APPL_PROD\SOURCES\PERL\ERP - Commit - TortoiseSVN,IT,2021-05-05,10:50:37,00:00:04
stefano.crapanzano@chu.ulg.ac.be,\\filesrv01.st.chulg\oazis_prod\APPL_PROD\SOURCES\PERL\ERP - Commit - TortoiseSVN,IT,2021-05-05,10:50:46,00:00:04
stefano.crapanzano@chu.ulg.ac.be,\\filesrv01.st.chulg\oazis_prod\APPL_PROD\SOURCES\PERL\ERP - Commit - TortoiseSVN,IT,2021-05-05,10:54:13,00:00:03
stefano.crapanzano@chu.ulg.ac.be,\\filesrv01.st.chulg\oazis_prod\APPL_PROD\SOURCES\PERL\ERP - Commit - TortoiseSVN,IT,2021-05-05,11:02:29,00:00:05
stefano.crapanzano@chu.ulg.ac.be,\\filesrv01.st.chulg\oazis_prod\APPL_PROD\SOURCES\PERL\ERP - Commit - TortoiseSVN,IT,2021-05-05,12:03:18,00:00:02
stefano.crapanzano@chu.ulg.ac.be,Go to Line/Column,IT,2021-05-05,11:02:15,00:00:02
stefano.crapanzano@chu.ulg.ac.be,TypeAheadPopup,Exploration SAP,2021-05-05,11:11:03,00:00:04
stefano.crapanzano@chu.ulg.ac.be,Commande interv. 40 4000197955 créée par Christine PAK,Exploration SAP,2021-05-05,11:11:08,00:00:03
stefano.crapanzano@chu.ulg.ac.be,Commande interv. 40 4000197955 créée par Christine PAK,Exploration SAP,2021-05-05,11:11:35,00:00:10
stefano.crapanzano@chu.ulg.ac.be,Commande interv. 40 4000197955 créée par Christine PAK,Exploration SAP,2021-05-05,11:11:52,00:00:06
stefano.crapanzano@chu.ulg.ac.be,Commande interv. 40 4000197955 créée par Christine PAK,Exploration SAP,2021-05-05,11:12:04,00:00:03
stefano.crapanzano@chu.ulg.ac.be,Commande interv. 40 4000197955 créée par Christine PAK,Exploration SAP,2021-05-05,11:12:15,00:00:10
stefano.crapanzano@chu.ulg.ac.be,Commande interv. 40 4000197955 créée par Christine PAK,Exploration SAP,2021-05-05,11:13:28,00:00:08
stefano.crapanzano@chu.ulg.ac.be,Commande interv. 40 4000197955 créée par Christine PAK,Exploration SAP,2021-05-05,11:13:57,00:00:02
stefano.crapanzano@chu.ulg.ac.be,Commande interv. 40 4000197955 créée par Christine PAK,Exploration SAP,2021-05-05,11:14:35,00:00:04
stefano.crapanzano@chu.ulg.ac.be,Modifications Commande achat 4000197955,Exploration SAP,2021-05-05,11:11:11,00:00:24
stefano.crapanzano@chu.ulg.ac.be,Modifications Commande achat 4000197955 Poste 10,Exploration SAP,2021-05-05,11:11:46,00:00:06
stefano.crapanzano@chu.ulg.ac.be,Modifications Commande achat 4000197955 Poste 20,Exploration SAP,2021-05-05,11:11:58,00:00:06
stefano.crapanzano@chu.ulg.ac.be,Modifications Commande achat 4000197955 Poste 30,Exploration SAP,2021-05-05,11:12:08,00:00:07
stefano.crapanzano@chu.ulg.ac.be,Correspondance Ancien libellé article - nouveau libellé article-2.xlsx  [Mode protégé] - Excel,Tâches diverses,2021-05-05,11:12:35,00:00:03
stefano.crapanzano@chu.ulg.ac.be,Correspondance Ancien libellé article - nouveau libellé article-2.xlsx  [Lecture seule] - Excel,Tâches diverses,2021-05-05,11:12:39,00:00:40
stefano.crapanzano@chu.ulg.ac.be,Afficher article 500482 (ARTICLE WM Stock),Exploration SAP,2021-05-05,11:13:36,00:00:03
stefano.crapanzano@chu.ulg.ac.be,Afficher article 500482 (ARTICLE WM Stock),Exploration SAP,2021-05-05,11:13:59,00:00:06
stefano.crapanzano@chu.ulg.ac.be,Catégorie de classe (1)    4 Entrées trouvées,Exploration SAP,2021-05-05,11:13:40,00:00:04
stefano.crapanzano@chu.ulg.ac.be,Catégorie de classe (1)    4 Entrées trouvées,Exploration SAP,2021-05-05,11:13:47,00:00:02
stefano.crapanzano@chu.ulg.ac.be,classification,Exploration SAP,2021-05-05,11:13:51,00:00:06
stefano.crapanzano@chu.ulg.ac.be,classification,Exploration SAP,2021-05-05,11:14:09,00:00:26
stefano.crapanzano@chu.ulg.ac.be,Enregistrer toutes les pièces jointes,Helpdesk général,2021-05-05,11:23:30,00:00:30
stefano.crapanzano@chu.ulg.ac.be,\\filesrv01.st.chulg\oazis_prod\APPL_PROD\SOURCES\BAT\ERP\CHL_ERP_PSRL_COMPTA_HOME_SENY_MUT_VERS_SAP.bat - Notepad++ [Administrator],IT,2021-05-05,11:24:46,00:00:06
stefano.crapanzano@chu.ulg.ac.be,\\filesrv01.st.chulg\oazis_prod\APPL_PROD\SOURCES\BAT\ERP\CHL_ERP_PSRL_COMPTA_HOME_SENY_MUT_VERS_SAP.bat - Notepad++ [Administrator],IT,2021-05-05,11:25:37,00:00:07
stefano.crapanzano@chu.ulg.ac.be,\\filesrv01.st.chulg\oazis_prod\APPL_PROD\SOURCES\BAT\ERP\CHL_ERP_PSRL_COMPTA_HOME_SENY_MUT_VERS_SAP.bat - Notepad++ [Administrator],IT,2021-05-05,11:26:24,00:00:02
stefano.crapanzano@chu.ulg.ac.be,\\filesrv01.st.chulg\oazis_prod\APPL_PROD\SOURCES\BAT\ERP\CHL_ERP_PSRL_COMPTA_HOME_SENY_MUT_VERS_SAP.bat - Notepad++ [Administrator],IT,2021-05-05,11:28:31,00:00:05
stefano.crapanzano@chu.ulg.ac.be,*\\filesrv01.st.chulg\oazis_prod\APPL_PROD\SOURCES\BAT\ERP\CHL_ERP_PSRL_COMPTA_HOME_SENY_MUT_VERS_SAP.bat - Notepad++ [Administrator],IT,2021-05-05,11:24:52,00:00:15
stefano.crapanzano@chu.ulg.ac.be,*\\filesrv01.st.chulg\oazis_prod\APPL_PROD\SOURCES\BAT\ERP\CHL_ERP_PSRL_COMPTA_HOME_SENY_MUT_VERS_SAP.bat - Notepad++ [Administrator],IT,2021-05-05,11:25:16,00:00:02
stefano.crapanzano@chu.ulg.ac.be,*\\filesrv01.st.chulg\oazis_prod\APPL_PROD\SOURCES\BAT\ERP\CHL_ERP_PSRL_COMPTA_HOME_SENY_MUT_VERS_SAP.bat - Notepad++ [Administrator],IT,2021-05-05,11:25:24,00:00:13
stefano.crapanzano@chu.ulg.ac.be,*\\filesrv01.st.chulg\oazis_prod\APPL_PROD\SOURCES\BAT\ERP\CHL_ERP_PSRL_COMPTA_HOME_SENY_MUT_VERS_SAP.bat - Notepad++ [Administrator],IT,2021-05-05,11:25:53,00:00:03
stefano.crapanzano@chu.ulg.ac.be,Administrateur : C:\Windows\system32\cmd.exe,IT,2021-05-05,11:25:47,00:00:04
stefano.crapanzano@chu.ulg.ac.be,Administrateur : C:\Windows\system32\cmd.exe,IT,2021-05-05,11:26:00,00:00:04
stefano.crapanzano@chu.ulg.ac.be,Administrateur : C:\Windows\system32\cmd.exe,IT,2021-05-05,11:26:33,00:00:07
stefano.crapanzano@chu.ulg.ac.be,Administrateur : C:\Windows\system32\cmd.exe,IT,2021-05-05,12:25:52,00:00:04
stefano.crapanzano@chu.ulg.ac.be,Administrateur : C:\Windows\system32\cmd.exe,IT,2021-05-05,12:26:07,00:00:31
stefano.crapanzano@chu.ulg.ac.be,Administrateur : C:\Windows\system32\cmd.exe,IT,2021-05-05,12:26:49,00:00:39
stefano.crapanzano@chu.ulg.ac.be,Administrateur : C:\Windows\system32\cmd.exe - \\filesrv01.st.chulg\oazis_prod\APPL_PROD\SOURCES\BAT\ERP\CHL_ERP_PSRL_COMPTA_HOME_SENY_MUT_VERS_SAP.bat,IT,2021-05-05,11:26:30,00:00:02
stefano.crapanzano@chu.ulg.ac.be,I:\Informatique\ERP\Exploitation\COMPTA\SENY\envoi MUT 1 seny NC MUT 300 032020.txt - Notepad++ [Administrator],IT,2021-05-05,11:26:10,00:00:08
stefano.crapanzano@chu.ulg.ac.be,erpmanager - Total Commander (x64) 9.0a - NOT REGISTERED,Tâches diverses,2021-05-05,11:27:15,00:00:12
stefano.crapanzano@chu.ulg.ac.be,erpmanager - Total Commander (x64) 9.0a - NOT REGISTERED,Tâches diverses,2021-05-05,11:27:30,00:00:07
stefano.crapanzano@chu.ulg.ac.be,erpmanager - Total Commander (x64) 9.0a - NOT REGISTERED,Tâches diverses,2021-05-05,11:27:45,00:00:22
stefano.crapanzano@chu.ulg.ac.be,erpmanager - Total Commander (x64) 9.0a - NOT REGISTERED,Tâches diverses,2021-05-05,11:28:13,00:00:16
stefano.crapanzano@chu.ulg.ac.be,erpmanager - Total Commander (x64) 9.0a - NOT REGISTERED,Tâches diverses,2021-05-05,11:28:39,00:00:02
stefano.crapanzano@chu.ulg.ac.be,erpmanager - Total Commander (x64) 9.0a - NOT REGISTERED,Tâches diverses,2021-05-05,11:29:07,00:00:10
stefano.crapanzano@chu.ulg.ac.be,erpmanager - Total Commander (x64) 9.0a - NOT REGISTERED,Tâches diverses,2021-05-05,11:30:36,00:00:06
stefano.crapanzano@chu.ulg.ac.be,erpmanager - Total Commander (x64) 9.0a - NOT REGISTERED,Tâches diverses,2021-05-05,11:32:10,00:00:11
stefano.crapanzano@chu.ulg.ac.be,erpmanager - Total Commander (x64) 9.0a - NOT REGISTERED,Tâches diverses,2021-05-05,11:33:02,00:00:09
stefano.crapanzano@chu.ulg.ac.be,erpmanager - Total Commander (x64) 9.0a - NOT REGISTERED,Tâches diverses,2021-05-05,11:33:30,00:00:17
stefano.crapanzano@chu.ulg.ac.be,PathSelForm,Tâches diverses,2021-05-05,11:27:27,00:00:02
stefano.crapanzano@chu.ulg.ac.be,Total Commander,Tâches diverses,2021-05-05,11:27:42,00:00:02
stefano.crapanzano@chu.ulg.ac.be,Total Commander,Tâches diverses,2021-05-05,11:28:07,00:00:06
stefano.crapanzano@chu.ulg.ac.be,Envoyés - stefano.crapanzano@chuliege.be - Mozilla Thunderbird,Helpdesk général,2021-05-05,11:29:37,00:00:03
stefano.crapanzano@chu.ulg.ac.be,Envoyés - stefano.crapanzano@chuliege.be - Mozilla Thunderbird,Helpdesk général,2021-05-05,11:32:34,00:00:25
stefano.crapanzano@chu.ulg.ac.be,Envoyés - stefano.crapanzano@chuliege.be - Mozilla Thunderbird,Helpdesk général,2021-05-05,11:34:18,00:00:02
stefano.crapanzano@chu.ulg.ac.be,Envoyés - stefano.crapanzano@chuliege.be - Mozilla Thunderbird,Tâches diverses,2021-05-05,12:17:48,00:00:02
stefano.crapanzano@chu.ulg.ac.be,seny - Mozilla Thunderbird,Helpdesk général,2021-05-05,11:29:41,00:00:06
stefano.crapanzano@chu.ulg.ac.be,TR: Solidaris 2020 12 - Mozilla Thunderbird,Helpdesk général,2021-05-05,11:29:47,00:00:06
stefano.crapanzano@chu.ulg.ac.be,TR: Solidaris 2020 12 - Mozilla Thunderbird,Helpdesk général,2021-05-05,11:32:32,00:00:02
stefano.crapanzano@chu.ulg.ac.be,Propriétés des liens,Helpdesk général,2021-05-05,11:31:11,00:00:06
stefano.crapanzano@chu.ulg.ac.be,Propriétés des liens,Helpdesk général,2021-05-05,12:19:52,00:00:02
stefano.crapanzano@chu.ulg.ac.be,Rédaction : (pas de sujet) - Thunderbird,Helpdesk général,2021-05-05,11:35:33,00:00:13
stefano.crapanzano@chu.ulg.ac.be,Rédaction : (pas de sujet) - Thunderbird,Helpdesk général,2021-05-05,12:25:41,00:00:08
stefano.crapanzano@chu.ulg.ac.be,Rédaction : (pas de sujet) - Thunderbird,Helpdesk général,2021-05-05,12:25:58,00:00:04
stefano.crapanzano@chu.ulg.ac.be,Rédaction : (pas de sujet) - Thunderbird,Helpdesk général,2021-05-05,12:27:40,00:00:25
stefano.crapanzano@chu.ulg.ac.be,Rédaction : SDERP-18428 - - Thunderbird,Helpdesk général,2021-05-05,11:35:46,00:00:02
stefano.crapanzano@chu.ulg.ac.be,Rédaction : SDERP-18428 - P203 CHU Demande de configuration de 3 terminaux bancontact - Thunderbird,Helpdesk général,2021-05-05,11:35:59,00:00:02
stefano.crapanzano@chu.ulg.ac.be,Rédaction : SDERP-18428 - P203 CHU Demande de configuration de 3 terminaux bancontact - Thunderbird,Helpdesk général,2021-05-05,11:36:17,00:00:03
stefano.crapanzano@chu.ulg.ac.be,Stefano CRAPANZANO - erp.sai@chuliege.be - Mozilla Thunderbird,Helpdesk général,2021-05-05,11:36:02,00:00:04
stefano.crapanzano@chu.ulg.ac.be,Stefano CRAPANZANO - erp.sai@chuliege.be - Mozilla Thunderbird,Helpdesk général,2021-05-05,11:38:02,00:00:03
stefano.crapanzano@chu.ulg.ac.be,ticket jira - Mozilla Thunderbird,Helpdesk général,2021-05-05,11:36:07,00:00:03
stefano.crapanzano@chu.ulg.ac.be,ticket jira - Mozilla Thunderbird,Helpdesk général,2021-05-05,11:37:58,00:00:03
stefano.crapanzano@chu.ulg.ac.be,Rédaction : Re: ticket jira - Thunderbird,Helpdesk général,2021-05-05,11:36:11,00:00:04
stefano.crapanzano@chu.ulg.ac.be,Rédaction : Re: ticket jira - Thunderbird,Helpdesk général,2021-05-05,11:36:20,00:00:45
stefano.crapanzano@chu.ulg.ac.be,Rédaction : SDERP-18428 - ticket jira - Thunderbird,Helpdesk général,2021-05-05,11:37:16,00:00:02
stefano.crapanzano@chu.ulg.ac.be,Rédaction : SDERP-18428 - ticket jira - Demande de configuration de 3 terminaux bancontact - Thunderbird,Helpdesk général,2021-05-05,11:37:23,00:00:08
stefano.crapanzano@chu.ulg.ac.be,Enregistrer le message,Helpdesk général,2021-05-05,11:37:36,00:00:02
stefano.crapanzano@chu.ulg.ac.be,Greenshot capture form,Helpdesk général,2021-05-05,11:50:28,00:00:05
stefano.crapanzano@chu.ulg.ac.be,Gestion des utilisateurs : écran initial,Exploration SAP,2021-05-05,11:51:57,00:00:02
stefano.crapanzano@chu.ulg.ac.be,Afficher utilisateur,Exploration SAP,2021-05-05,11:52:00,00:00:05
stefano.crapanzano@chu.ulg.ac.be,P203 CHU Paniers toujours visible dans SSP - Bienvenue! Vous pouvez poser une demande de Service Desk ERP for HealthCare parmi les options fournies. - Service d'assistance - Google Chrome,Tâches diverses,2021-05-05,11:57:38,00:00:22
stefano.crapanzano@chu.ulg.ac.be,Mon Drive - Google Drive - Google Chrome,Tâches diverses,2021-05-05,11:58:09,00:00:02
stefano.crapanzano@chu.ulg.ac.be,PE2_203 - sftp://PE2U2FTP@153.89.110.38 - FileZilla,Helpdesk général,2021-05-05,12:00:05,00:00:02
stefano.crapanzano@chu.ulg.ac.be,Tâches - Mozilla Thunderbird,Helpdesk général,2021-05-05,12:00:30,00:00:09
stefano.crapanzano@chu.ulg.ac.be,Tâches - Mozilla Thunderbird,Helpdesk général,2021-05-05,12:01:35,00:00:02
stefano.crapanzano@chu.ulg.ac.be,Ouverture -Outlook,Helpdesk général,2021-05-05,12:01:01,00:00:02
stefano.crapanzano@chu.ulg.ac.be,Boîte de Réception - Zimbra - Stefano Crapanzano - Outlook,Helpdesk général,2021-05-05,12:01:03,00:00:03
stefano.crapanzano@chu.ulg.ac.be,Boîte de Réception - Zimbra - Stefano Crapanzano - Outlook,Helpdesk général,2021-05-05,12:01:09,00:00:10
stefano.crapanzano@chu.ulg.ac.be,Zimbra État de l’opération Envoyer/Recevoir,Helpdesk général,2021-05-05,12:01:07,00:00:02
stefano.crapanzano@chu.ulg.ac.be,Calendrier - Zimbra - Stefano Crapanzano - Outlook,Helpdesk général,2021-05-05,12:01:20,00:00:15
stefano.crapanzano@chu.ulg.ac.be,Planificateur de tâches,IT,2021-05-05,12:03:45,00:00:13
stefano.crapanzano@chu.ulg.ac.be,TR: Fichier de correspondance - Mozilla Thunderbird,Helpdesk général,2021-05-05,12:09:30,00:00:31
stefano.crapanzano@chu.ulg.ac.be,TR: Fichier de correspondance - Mozilla Thunderbird,Helpdesk général,2021-05-05,12:10:07,00:02:55
stefano.crapanzano@chu.ulg.ac.be,TR: [MON SUIVI] : souci connexion SAP et SSP - Mozilla Thunderbird,Helpdesk général,2021-05-05,12:18:44,00:00:04
stefano.crapanzano@chu.ulg.ac.be,TR: [MON SUIVI] : souci connexion SAP et SSP - Mozilla Thunderbird,Helpdesk général,2021-05-05,12:25:34,00:00:02
stefano.crapanzano@chu.ulg.ac.be,Rédaction : Re: TR: [MON SUIVI] : souci connexion SAP et SSP - Thunderbird,Helpdesk général,2021-05-05,12:18:50,00:00:46
stefano.crapanzano@chu.ulg.ac.be,Rédaction : Re: TR: [MON SUIVI] : souci connexion SAP et SSP - Thunderbird,Helpdesk général,2021-05-05,12:19:54,00:04:22
stefano.crapanzano@chu.ulg.ac.be,Rédaction : Re: TR: [MON SUIVI] : souci connexion SAP et SSP - Thunderbird,Helpdesk général,2021-05-05,12:24:21,00:01:12
stefano.crapanzano@chu.ulg.ac.be,Rédaction : Re: TR: [MON SUIVI] : souci connexion SAP et SSP - Thunderbird,Helpdesk général,2021-05-05,12:25:36,00:00:03
stefano.crapanzano@chu.ulg.ac.be,Rédaction : Re: TR: [MON SUIVI] : souci connexion SAP et SSP - Thunderbird,Helpdesk général,2021-05-05,12:28:06,00:00:44
stefano.crapanzano@chu.ulg.ac.be,Rappel de sujet,Helpdesk général,2021-05-05,12:26:04,00:00:02
stefano.crapanzano@chu.ulg.ac.be,Agenda - Mozilla Thunderbird,Helpdesk général,2021-05-05,12:29:08,00:00:06
stefano.crapanzano@chu.ulg.ac.be,Agenda - Mozilla Thunderbird,Helpdesk général,2021-05-05,12:29:50,00:00:04
stefano.crapanzano@chu.ulg.ac.be,Nouvel évènement :,Helpdesk général,2021-05-05,12:29:15,00:00:02
stefano.crapanzano@chu.ulg.ac.be,Nouvel évènement : recontacter Anne Loneux pour,Helpdesk général,2021-05-05,12:29:21,00:00:02
stefano.crapanzano@chu.ulg.ac.be,Nouvel évènement : recontacter Anne Loneux pour problème SSP et SAP,Helpdesk général,2021-05-05,12:29:27,00:00:22
