Email,Description,Project,Start date,Start time,Duration
stefano.crapanzano@chu.ulg.ac.be,Administrateur : Perl (command line) - python  main.py,IT,2021-05-06,08:29:11,00:00:02
stefano.crapanzano@chu.ulg.ac.be,Navigation système de fichier,IT,2021-05-06,08:29:13,00:00:21
stefano.crapanzano@chu.ulg.ac.be,Navigation système de fichier,IT,2021-05-06,08:30:20,00:00:02
stefano.crapanzano@chu.ulg.ac.be,Navigation système de fichier,IT,2021-05-06,08:30:23,00:00:05
stefano.crapanzano@chu.ulg.ac.be,Navigation système de fichier,IT,2021-05-06,08:32:38,00:00:02
stefano.crapanzano@chu.ulg.ac.be,Navigation système de fichier,IT,2021-05-06,08:35:58,00:00:08
stefano.crapanzano@chu.ulg.ac.be,Navigation système de fichier,IT,2021-05-06,08:38:41,00:00:04
stefano.crapanzano@chu.ulg.ac.be,Navigation système de fichier,IT,2021-05-06,08:48:32,00:00:02
stefano.crapanzano@chu.ulg.ac.be,Navigation système de fichier,IT,2021-05-06,08:50:21,00:00:02
stefano.crapanzano@chu.ulg.ac.be,Navigation système de fichier,IT,2021-05-06,08:53:55,00:00:02
stefano.crapanzano@chu.ulg.ac.be,Navigation système de fichier,IT,2021-05-06,08:55:14,00:00:35
stefano.crapanzano@chu.ulg.ac.be,Navigation système de fichier,IT,2021-05-06,08:55:55,00:00:03
stefano.crapanzano@chu.ulg.ac.be,Navigation système de fichier,IT,2021-05-06,08:56:03,00:00:08
stefano.crapanzano@chu.ulg.ac.be,Navigation système de fichier,IT,2021-05-06,10:11:28,00:00:04
stefano.crapanzano@chu.ulg.ac.be,Navigation système de fichier,IT,2021-05-06,10:11:35,00:00:20
stefano.crapanzano@chu.ulg.ac.be,Navigation système de fichier,IT,2021-05-06,10:12:58,00:00:17
stefano.crapanzano@chu.ulg.ac.be,Navigation système de fichier,IT,2021-05-06,10:19:44,00:00:02
stefano.crapanzano@chu.ulg.ac.be,Navigation système de fichier,IT,2021-05-06,10:24:25,00:00:03
stefano.crapanzano@chu.ulg.ac.be,Navigation système de fichier,IT,2021-05-06,10:27:08,00:00:04
stefano.crapanzano@chu.ulg.ac.be,Navigation système de fichier,IT,2021-05-06,10:27:39,00:00:04
stefano.crapanzano@chu.ulg.ac.be,Navigation système de fichier,IT,2021-05-06,10:30:41,00:00:03
stefano.crapanzano@chu.ulg.ac.be,Navigation système de fichier,IT,2021-05-06,10:30:45,00:00:02
stefano.crapanzano@chu.ulg.ac.be,Navigation système de fichier,IT,2021-05-06,10:34:20,00:00:02
stefano.crapanzano@chu.ulg.ac.be,Navigation système de fichier,IT,2021-05-06,10:43:51,00:00:03
stefano.crapanzano@chu.ulg.ac.be,Navigation système de fichier,IT,2021-05-06,10:49:58,00:00:03
stefano.crapanzano@chu.ulg.ac.be,Navigation système de fichier,IT,2021-05-06,10:56:50,00:00:02
stefano.crapanzano@chu.ulg.ac.be,Navigation système de fichier,IT,2021-05-06,10:56:58,00:00:05
stefano.crapanzano@chu.ulg.ac.be,Navigation système de fichier,IT,2021-05-06,11:01:21,00:00:03
stefano.crapanzano@chu.ulg.ac.be,Navigation système de fichier,IT,2021-05-06,11:02:18,00:00:02
stefano.crapanzano@chu.ulg.ac.be,Navigation système de fichier,IT,2021-05-06,11:05:09,00:00:04
stefano.crapanzano@chu.ulg.ac.be,Navigation système de fichier,IT,2021-05-06,11:05:35,00:00:04
stefano.crapanzano@chu.ulg.ac.be,Navigation système de fichier,IT,2021-05-06,11:06:44,00:00:02
stefano.crapanzano@chu.ulg.ac.be,Navigation système de fichier,IT,2021-05-06,11:08:39,00:00:02
stefano.crapanzano@chu.ulg.ac.be,Navigation système de fichier,IT,2021-05-06,11:08:43,00:00:03
stefano.crapanzano@chu.ulg.ac.be,Navigation système de fichier,IT,2021-05-06,11:10:33,00:00:02
stefano.crapanzano@chu.ulg.ac.be,Navigation système de fichier,IT,2021-05-06,11:10:36,00:00:02
stefano.crapanzano@chu.ulg.ac.be,Navigation système de fichier,IT,2021-05-06,11:16:30,00:00:03
stefano.crapanzano@chu.ulg.ac.be,Navigation système de fichier,IT,2021-05-06,11:16:51,00:00:02
stefano.crapanzano@chu.ulg.ac.be,Navigation système de fichier,IT,2021-05-06,11:17:30,00:00:26
stefano.crapanzano@chu.ulg.ac.be,Navigation système de fichier,IT,2021-05-06,11:17:59,00:00:03
stefano.crapanzano@chu.ulg.ac.be,Navigation système de fichier,IT,2021-05-06,11:18:12,00:00:02
stefano.crapanzano@chu.ulg.ac.be,Navigation système de fichier,IT,2021-05-06,11:18:18,00:00:03
stefano.crapanzano@chu.ulg.ac.be,Navigation système de fichier,IT,2021-05-06,11:18:24,00:00:11
stefano.crapanzano@chu.ulg.ac.be,Navigation système de fichier,IT,2021-05-06,11:18:38,00:00:04
stefano.crapanzano@chu.ulg.ac.be,Navigation système de fichier,IT,2021-05-06,11:18:50,00:00:05
stefano.crapanzano@chu.ulg.ac.be,Navigation système de fichier,IT,2021-05-06,11:19:01,00:00:02
stefano.crapanzano@chu.ulg.ac.be,Navigation système de fichier,IT,2021-05-06,11:19:18,00:00:08
stefano.crapanzano@chu.ulg.ac.be,Navigation système de fichier,IT,2021-05-06,11:20:09,00:00:06
stefano.crapanzano@chu.ulg.ac.be,Navigation système de fichier,IT,2021-05-06,11:20:17,00:00:05
stefano.crapanzano@chu.ulg.ac.be,Navigation système de fichier,IT,2021-05-06,11:20:30,00:00:04
stefano.crapanzano@chu.ulg.ac.be,Navigation système de fichier,IT,2021-05-06,11:21:09,00:00:07
stefano.crapanzano@chu.ulg.ac.be,Navigation système de fichier,IT,2021-05-06,11:21:54,00:00:08
stefano.crapanzano@chu.ulg.ac.be,Navigation système de fichier,IT,2021-05-06,11:24:17,00:00:02
stefano.crapanzano@chu.ulg.ac.be,Navigation système de fichier,IT,2021-05-06,11:24:48,00:00:02
stefano.crapanzano@chu.ulg.ac.be,Navigation système de fichier,IT,2021-05-06,11:26:17,00:00:02
stefano.crapanzano@chu.ulg.ac.be,Navigation système de fichier,IT,2021-05-06,11:26:23,00:00:03
stefano.crapanzano@chu.ulg.ac.be,Navigation système de fichier,IT,2021-05-06,11:26:45,00:00:02
stefano.crapanzano@chu.ulg.ac.be,Navigation système de fichier,IT,2021-05-06,11:28:35,00:00:02
stefano.crapanzano@chu.ulg.ac.be,Navigation système de fichier,IT,2021-05-06,11:31:40,00:00:02
stefano.crapanzano@chu.ulg.ac.be,Navigation système de fichier,IT,2021-05-06,11:47:49,00:00:04
stefano.crapanzano@chu.ulg.ac.be,Navigation système de fichier,IT,2021-05-06,12:03:41,00:00:17
stefano.crapanzano@chu.ulg.ac.be,Navigation système de fichier,IT,2021-05-06,12:18:25,00:00:03
stefano.crapanzano@chu.ulg.ac.be,Navigation système de fichier,IT,2021-05-06,12:24:59,00:00:05
stefano.crapanzano@chu.ulg.ac.be,Navigation système de fichier,IT,2021-05-06,12:25:10,00:00:02
stefano.crapanzano@chu.ulg.ac.be,Navigation système de fichier,IT,2021-05-06,12:25:20,00:00:02
stefano.crapanzano@chu.ulg.ac.be,Navigation système de fichier,IT,2021-05-06,12:25:28,00:00:03
stefano.crapanzano@chu.ulg.ac.be,Navigation système de fichier,IT,2021-05-06,12:25:34,00:00:02
stefano.crapanzano@chu.ulg.ac.be,Navigation système de fichier,IT,2021-05-06,12:25:46,00:00:02
stefano.crapanzano@chu.ulg.ac.be,Navigation système de fichier,IT,2021-05-06,12:26:29,00:00:02
stefano.crapanzano@chu.ulg.ac.be,Navigation système de fichier,IT,2021-05-06,12:26:36,00:00:03
stefano.crapanzano@chu.ulg.ac.be,Navigation système de fichier,IT,2021-05-06,12:26:46,00:00:02
stefano.crapanzano@chu.ulg.ac.be,Navigation système de fichier,IT,2021-05-06,12:27:28,00:00:06
stefano.crapanzano@chu.ulg.ac.be,Navigation système de fichier,IT,2021-05-06,12:28:11,00:00:02
stefano.crapanzano@chu.ulg.ac.be,Navigation système de fichier,IT,2021-05-06,12:39:14,00:00:03
stefano.crapanzano@chu.ulg.ac.be,Navigation système de fichier,IT,2021-05-06,12:39:26,00:00:03
stefano.crapanzano@chu.ulg.ac.be,Navigation système de fichier,IT,2021-05-06,12:49:33,00:00:03
stefano.crapanzano@chu.ulg.ac.be,Navigation système de fichier,IT,2021-05-06,13:00:02,00:00:02
stefano.crapanzano@chu.ulg.ac.be,Navigation système de fichier,IT,2021-05-06,13:09:44,00:00:05
stefano.crapanzano@chu.ulg.ac.be,Navigation système de fichier,IT,2021-05-06,13:16:07,00:00:02
stefano.crapanzano@chu.ulg.ac.be,Navigation système de fichier,IT,2021-05-06,13:16:47,00:00:03
stefano.crapanzano@chu.ulg.ac.be,Navigation système de fichier,IT,2021-05-06,13:18:33,00:00:04
stefano.crapanzano@chu.ulg.ac.be,Navigation système de fichier,IT,2021-05-06,13:19:17,00:00:04
stefano.crapanzano@chu.ulg.ac.be,Navigation système de fichier,IT,2021-05-06,13:19:44,00:00:02
stefano.crapanzano@chu.ulg.ac.be,Navigation système de fichier,IT,2021-05-06,13:27:48,00:00:02
stefano.crapanzano@chu.ulg.ac.be,Navigation système de fichier,IT,2021-05-06,13:28:20,00:00:24
stefano.crapanzano@chu.ulg.ac.be,Navigation système de fichier,IT,2021-05-06,13:29:23,00:00:02
stefano.crapanzano@chu.ulg.ac.be,Navigation système de fichier,IT,2021-05-06,13:29:43,00:00:02
stefano.crapanzano@chu.ulg.ac.be,Navigation système de fichier,IT,2021-05-06,13:30:31,00:00:02
stefano.crapanzano@chu.ulg.ac.be,Navigation système de fichier,IT,2021-05-06,13:30:34,00:00:03
stefano.crapanzano@chu.ulg.ac.be,Navigation système de fichier,IT,2021-05-06,13:30:41,00:00:03
stefano.crapanzano@chu.ulg.ac.be,Navigation système de fichier,IT,2021-05-06,13:31:29,00:00:02
stefano.crapanzano@chu.ulg.ac.be,Navigation système de fichier,IT,2021-05-06,13:31:59,00:00:05
stefano.crapanzano@chu.ulg.ac.be,Navigation système de fichier,IT,2021-05-06,13:32:12,00:00:03
stefano.crapanzano@chu.ulg.ac.be,Navigation système de fichier,IT,2021-05-06,13:34:20,00:00:04
stefano.crapanzano@chu.ulg.ac.be,Navigation système de fichier,IT,2021-05-06,13:34:48,00:00:03
stefano.crapanzano@chu.ulg.ac.be,Navigation système de fichier,IT,2021-05-06,13:34:59,00:00:03
stefano.crapanzano@chu.ulg.ac.be,Navigation système de fichier,IT,2021-05-06,13:36:27,00:00:03
stefano.crapanzano@chu.ulg.ac.be,Navigation système de fichier,IT,2021-05-06,13:36:34,00:00:19
stefano.crapanzano@chu.ulg.ac.be,Navigation système de fichier,IT,2021-05-06,13:37:31,00:00:02
stefano.crapanzano@chu.ulg.ac.be,Navigation système de fichier,IT,2021-05-06,13:39:57,00:00:02
stefano.crapanzano@chu.ulg.ac.be,Navigation système de fichier,IT,2021-05-06,13:45:26,00:00:03
stefano.crapanzano@chu.ulg.ac.be,Navigation système de fichier,IT,2021-05-06,13:46:35,00:00:03
stefano.crapanzano@chu.ulg.ac.be,Navigation système de fichier,IT,2021-05-06,13:46:50,00:00:02
stefano.crapanzano@chu.ulg.ac.be,Navigation système de fichier,IT,2021-05-06,13:52:10,00:00:02
stefano.crapanzano@chu.ulg.ac.be,Navigation système de fichier,IT,2021-05-06,13:55:57,00:00:04
stefano.crapanzano@chu.ulg.ac.be,Navigation système de fichier,IT,2021-05-06,13:57:22,00:00:03
stefano.crapanzano@chu.ulg.ac.be,Navigation système de fichier,IT,2021-05-06,13:57:28,00:00:07
stefano.crapanzano@chu.ulg.ac.be,Navigation système de fichier,IT,2021-05-06,13:59:17,00:00:02
stefano.crapanzano@chu.ulg.ac.be,Navigation système de fichier,IT,2021-05-06,14:00:01,00:00:02
stefano.crapanzano@chu.ulg.ac.be,Navigation système de fichier,IT,2021-05-06,14:00:18,00:00:06
stefano.crapanzano@chu.ulg.ac.be,Navigation système de fichier,IT,2021-05-06,14:00:28,00:00:03
stefano.crapanzano@chu.ulg.ac.be,Navigation système de fichier,IT,2021-05-06,14:00:47,00:00:04
stefano.crapanzano@chu.ulg.ac.be,Navigation système de fichier,IT,2021-05-06,14:09:56,00:00:02
stefano.crapanzano@chu.ulg.ac.be,Navigation système de fichier,IT,2021-05-06,14:18:04,00:00:05
stefano.crapanzano@chu.ulg.ac.be,Navigation système de fichier,IT,2021-05-06,14:19:24,00:00:02
stefano.crapanzano@chu.ulg.ac.be,Navigation système de fichier,IT,2021-05-06,14:19:49,00:00:03
stefano.crapanzano@chu.ulg.ac.be,Navigation système de fichier,IT,2021-05-06,14:21:42,00:00:02
stefano.crapanzano@chu.ulg.ac.be,Navigation système de fichier,IT,2021-05-06,14:25:17,00:00:03
stefano.crapanzano@chu.ulg.ac.be,Navigation système de fichier,IT,2021-05-06,14:26:41,00:00:02
stefano.crapanzano@chu.ulg.ac.be,Navigation système de fichier,IT,2021-05-06,14:27:07,00:00:03
stefano.crapanzano@chu.ulg.ac.be,Navigation système de fichier,IT,2021-05-06,14:29:38,00:00:32
stefano.crapanzano@chu.ulg.ac.be,Navigation système de fichier,IT,2021-05-06,14:30:26,00:00:03
stefano.crapanzano@chu.ulg.ac.be,Navigation système de fichier,IT,2021-05-06,14:30:35,00:00:03
stefano.crapanzano@chu.ulg.ac.be,Navigation système de fichier,IT,2021-05-06,14:30:44,00:00:03
stefano.crapanzano@chu.ulg.ac.be,Navigation système de fichier,IT,2021-05-06,14:30:52,00:00:02
stefano.crapanzano@chu.ulg.ac.be,Navigation système de fichier,IT,2021-05-06,14:30:59,00:00:02
stefano.crapanzano@chu.ulg.ac.be,Navigation système de fichier,IT,2021-05-06,14:31:12,00:00:04
stefano.crapanzano@chu.ulg.ac.be,Navigation système de fichier,IT,2021-05-06,14:31:33,00:00:03
stefano.crapanzano@chu.ulg.ac.be,Navigation système de fichier,IT,2021-05-06,14:32:17,00:00:04
stefano.crapanzano@chu.ulg.ac.be,Navigation système de fichier,IT,2021-05-06,14:32:41,00:00:03
stefano.crapanzano@chu.ulg.ac.be,Navigation système de fichier,IT,2021-05-06,14:45:50,00:00:03
stefano.crapanzano@chu.ulg.ac.be,Navigation système de fichier,IT,2021-05-06,14:47:19,00:00:02
stefano.crapanzano@chu.ulg.ac.be,Navigation système de fichier,IT,2021-05-06,14:51:10,00:00:02
stefano.crapanzano@chu.ulg.ac.be,Navigation système de fichier,IT,2021-05-06,14:54:23,00:00:30
stefano.crapanzano@chu.ulg.ac.be,Navigation système de fichier,IT,2021-05-06,15:07:41,00:00:03
stefano.crapanzano@chu.ulg.ac.be,Navigation système de fichier,IT,2021-05-06,15:07:58,00:00:02
stefano.crapanzano@chu.ulg.ac.be,Navigation système de fichier,IT,2021-05-06,15:13:09,00:00:02
stefano.crapanzano@chu.ulg.ac.be,Navigation système de fichier,IT,2021-05-06,15:28:21,00:00:10
stefano.crapanzano@chu.ulg.ac.be,Navigation système de fichier,IT,2021-05-06,15:28:33,00:00:03
stefano.crapanzano@chu.ulg.ac.be,Navigation système de fichier,IT,2021-05-06,15:42:38,00:00:03
stefano.crapanzano@chu.ulg.ac.be,Navigation système de fichier,IT,2021-05-06,16:16:07,00:00:03
stefano.crapanzano@chu.ulg.ac.be,Navigation système de fichier,IT,2021-05-06,16:31:05,00:00:02
stefano.crapanzano@chu.ulg.ac.be,Navigation système de fichier,IT,2021-05-06,16:32:55,00:00:02
stefano.crapanzano@chu.ulg.ac.be,Navigation système de fichier,IT,2021-05-06,16:33:35,00:00:02
stefano.crapanzano@chu.ulg.ac.be,Navigation système de fichier,IT,2021-05-06,16:34:15,00:00:03
stefano.crapanzano@chu.ulg.ac.be,Navigation système de fichier,IT,2021-05-06,16:35:10,00:00:02
stefano.crapanzano@chu.ulg.ac.be,Navigation système de fichier,IT,2021-05-06,16:37:11,00:00:02
stefano.crapanzano@chu.ulg.ac.be,Navigation système de fichier,IT,2021-05-06,16:38:50,00:00:02
stefano.crapanzano@chu.ulg.ac.be,Navigation système de fichier,IT,2021-05-06,16:57:34,00:00:02
stefano.crapanzano@chu.ulg.ac.be,Navigation système de fichier,IT,2021-05-06,17:36:57,00:00:02
stefano.crapanzano@chu.ulg.ac.be,SAP Secure Login Client,IT,2021-05-06,08:29:42,00:00:06
stefano.crapanzano@chu.ulg.ac.be,Programmation,IT,2021-05-06,10:34:22,00:01:33
stefano.crapanzano@chu.ulg.ac.be,Programmation,IT,2021-05-06,10:35:58,00:03:27
stefano.crapanzano@chu.ulg.ac.be,Programmation,IT,2021-05-06,10:41:33,00:00:47
stefano.crapanzano@chu.ulg.ac.be,Programmation,IT,2021-05-06,10:43:54,00:00:07
stefano.crapanzano@chu.ulg.ac.be,Programmation,IT,2021-05-06,10:44:06,00:00:07
stefano.crapanzano@chu.ulg.ac.be,Programmation,IT,2021-05-06,10:44:23,00:00:24
stefano.crapanzano@chu.ulg.ac.be,Programmation,IT,2021-05-06,10:48:16,00:00:35
stefano.crapanzano@chu.ulg.ac.be,Programmation,IT,2021-05-06,10:49:36,00:00:05
stefano.crapanzano@chu.ulg.ac.be,Programmation,IT,2021-05-06,10:50:01,00:00:22
stefano.crapanzano@chu.ulg.ac.be,Programmation,IT,2021-05-06,10:50:56,00:03:38
stefano.crapanzano@chu.ulg.ac.be,Programmation,IT,2021-05-06,10:54:36,00:01:08
stefano.crapanzano@chu.ulg.ac.be,Programmation,IT,2021-05-06,10:57:04,00:04:16
stefano.crapanzano@chu.ulg.ac.be,Programmation,IT,2021-05-06,11:08:41,00:00:02
stefano.crapanzano@chu.ulg.ac.be,Programmation,IT,2021-05-06,11:09:09,00:00:09
stefano.crapanzano@chu.ulg.ac.be,Programmation,IT,2021-05-06,11:09:28,00:00:05
stefano.crapanzano@chu.ulg.ac.be,Programmation,IT,2021-05-06,11:09:43,00:00:49
stefano.crapanzano@chu.ulg.ac.be,Programmation,IT,2021-05-06,11:12:48,00:00:12
stefano.crapanzano@chu.ulg.ac.be,Programmation,IT,2021-05-06,11:13:06,00:00:20
stefano.crapanzano@chu.ulg.ac.be,Programmation,IT,2021-05-06,11:13:29,00:00:04
stefano.crapanzano@chu.ulg.ac.be,Programmation,IT,2021-05-06,11:13:51,00:00:20
stefano.crapanzano@chu.ulg.ac.be,Programmation,IT,2021-05-06,11:14:14,00:00:09
stefano.crapanzano@chu.ulg.ac.be,Programmation,IT,2021-05-06,11:14:25,00:00:05
stefano.crapanzano@chu.ulg.ac.be,Programmation,IT,2021-05-06,11:14:42,00:01:39
stefano.crapanzano@chu.ulg.ac.be,Programmation,IT,2021-05-06,11:26:20,00:00:03
stefano.crapanzano@chu.ulg.ac.be,Programmation,IT,2021-05-06,11:26:36,00:00:04
stefano.crapanzano@chu.ulg.ac.be,Programmation,IT,2021-05-06,11:26:47,00:00:53
stefano.crapanzano@chu.ulg.ac.be,Programmation,IT,2021-05-06,11:27:43,00:00:03
stefano.crapanzano@chu.ulg.ac.be,Programmation,IT,2021-05-06,11:27:48,00:00:46
stefano.crapanzano@chu.ulg.ac.be,Programmation,IT,2021-05-06,11:28:37,00:00:48
stefano.crapanzano@chu.ulg.ac.be,Programmation,IT,2021-05-06,11:29:27,00:02:04
stefano.crapanzano@chu.ulg.ac.be,Programmation,IT,2021-05-06,11:31:43,00:00:10
stefano.crapanzano@chu.ulg.ac.be,Programmation,IT,2021-05-06,11:31:54,00:00:06
stefano.crapanzano@chu.ulg.ac.be,Programmation,IT,2021-05-06,11:32:02,00:00:11
stefano.crapanzano@chu.ulg.ac.be,Programmation,IT,2021-05-06,11:32:15,00:00:08
stefano.crapanzano@chu.ulg.ac.be,Programmation,IT,2021-05-06,11:32:25,00:00:08
stefano.crapanzano@chu.ulg.ac.be,Programmation,IT,2021-05-06,11:32:36,00:05:42
stefano.crapanzano@chu.ulg.ac.be,Programmation,IT,2021-05-06,11:38:22,00:00:04
stefano.crapanzano@chu.ulg.ac.be,Programmation,IT,2021-05-06,11:38:28,00:01:21
stefano.crapanzano@chu.ulg.ac.be,Programmation,IT,2021-05-06,11:39:50,00:00:09
stefano.crapanzano@chu.ulg.ac.be,Programmation,IT,2021-05-06,11:40:02,00:00:11
stefano.crapanzano@chu.ulg.ac.be,Programmation,IT,2021-05-06,11:40:37,00:00:07
stefano.crapanzano@chu.ulg.ac.be,Programmation,IT,2021-05-06,11:40:56,00:00:40
stefano.crapanzano@chu.ulg.ac.be,Programmation,IT,2021-05-06,11:41:42,00:00:10
stefano.crapanzano@chu.ulg.ac.be,Programmation,IT,2021-05-06,11:41:58,00:00:41
stefano.crapanzano@chu.ulg.ac.be,Programmation,IT,2021-05-06,11:42:51,00:00:03
stefano.crapanzano@chu.ulg.ac.be,Programmation,IT,2021-05-06,11:42:55,00:00:07
stefano.crapanzano@chu.ulg.ac.be,Programmation,IT,2021-05-06,11:43:29,00:00:16
stefano.crapanzano@chu.ulg.ac.be,Programmation,IT,2021-05-06,11:43:49,00:02:51
stefano.crapanzano@chu.ulg.ac.be,Programmation,IT,2021-05-06,11:46:44,00:00:08
stefano.crapanzano@chu.ulg.ac.be,Programmation,IT,2021-05-06,11:46:54,00:00:28
stefano.crapanzano@chu.ulg.ac.be,Programmation,IT,2021-05-06,11:47:24,00:00:05
stefano.crapanzano@chu.ulg.ac.be,Programmation,IT,2021-05-06,11:47:31,00:00:05
stefano.crapanzano@chu.ulg.ac.be,Programmation,IT,2021-05-06,11:47:38,00:00:11
stefano.crapanzano@chu.ulg.ac.be,Programmation,IT,2021-05-06,11:48:04,00:01:15
stefano.crapanzano@chu.ulg.ac.be,Programmation,IT,2021-05-06,11:49:21,00:00:09
stefano.crapanzano@chu.ulg.ac.be,Programmation,IT,2021-05-06,11:49:32,00:00:03
stefano.crapanzano@chu.ulg.ac.be,Programmation,IT,2021-05-06,11:49:37,00:00:04
stefano.crapanzano@chu.ulg.ac.be,Programmation,IT,2021-05-06,11:49:43,00:00:27
stefano.crapanzano@chu.ulg.ac.be,Programmation,IT,2021-05-06,11:50:16,00:04:43
stefano.crapanzano@chu.ulg.ac.be,Programmation,IT,2021-05-06,11:55:40,00:00:30
stefano.crapanzano@chu.ulg.ac.be,Programmation,IT,2021-05-06,11:56:26,00:04:34
stefano.crapanzano@chu.ulg.ac.be,Programmation,IT,2021-05-06,12:01:09,00:00:13
stefano.crapanzano@chu.ulg.ac.be,Programmation,IT,2021-05-06,12:01:30,00:00:16
stefano.crapanzano@chu.ulg.ac.be,Programmation,IT,2021-05-06,12:01:48,00:00:10
stefano.crapanzano@chu.ulg.ac.be,Programmation,IT,2021-05-06,12:02:03,00:00:22
stefano.crapanzano@chu.ulg.ac.be,Programmation,IT,2021-05-06,12:02:28,00:00:09
stefano.crapanzano@chu.ulg.ac.be,Programmation,IT,2021-05-06,12:02:39,00:00:02
stefano.crapanzano@chu.ulg.ac.be,Programmation,IT,2021-05-06,12:02:42,00:00:03
stefano.crapanzano@chu.ulg.ac.be,Programmation,IT,2021-05-06,12:02:51,00:00:08
stefano.crapanzano@chu.ulg.ac.be,Programmation,IT,2021-05-06,12:03:02,00:00:06
stefano.crapanzano@chu.ulg.ac.be,Programmation,IT,2021-05-06,12:03:10,00:00:02
stefano.crapanzano@chu.ulg.ac.be,Programmation,IT,2021-05-06,12:03:15,00:00:04
stefano.crapanzano@chu.ulg.ac.be,Programmation,IT,2021-05-06,12:03:21,00:00:04
stefano.crapanzano@chu.ulg.ac.be,Programmation,IT,2021-05-06,12:03:28,00:00:04
stefano.crapanzano@chu.ulg.ac.be,Programmation,IT,2021-05-06,12:05:57,00:01:47
stefano.crapanzano@chu.ulg.ac.be,Programmation,IT,2021-05-06,12:07:47,00:07:23
stefano.crapanzano@chu.ulg.ac.be,Programmation,IT,2021-05-06,12:15:18,00:03:07
stefano.crapanzano@chu.ulg.ac.be,Programmation,IT,2021-05-06,12:18:30,00:00:06
stefano.crapanzano@chu.ulg.ac.be,Programmation,IT,2021-05-06,12:18:51,00:05:56
stefano.crapanzano@chu.ulg.ac.be,Programmation,IT,2021-05-06,12:24:53,00:00:06
stefano.crapanzano@chu.ulg.ac.be,Programmation,IT,2021-05-06,12:26:50,00:00:37
stefano.crapanzano@chu.ulg.ac.be,Programmation,IT,2021-05-06,12:27:34,00:00:36
stefano.crapanzano@chu.ulg.ac.be,Programmation,IT,2021-05-06,12:28:13,00:00:06
stefano.crapanzano@chu.ulg.ac.be,Programmation,IT,2021-05-06,12:28:26,00:06:37
stefano.crapanzano@chu.ulg.ac.be,Programmation,IT,2021-05-06,12:35:10,00:00:17
stefano.crapanzano@chu.ulg.ac.be,Programmation,IT,2021-05-06,12:35:38,00:00:04
stefano.crapanzano@chu.ulg.ac.be,Programmation,IT,2021-05-06,12:35:57,00:00:03
stefano.crapanzano@chu.ulg.ac.be,Programmation,IT,2021-05-06,12:36:13,00:00:30
stefano.crapanzano@chu.ulg.ac.be,Programmation,IT,2021-05-06,12:37:05,00:00:19
stefano.crapanzano@chu.ulg.ac.be,Programmation,IT,2021-05-06,12:37:27,00:01:09
stefano.crapanzano@chu.ulg.ac.be,Programmation,IT,2021-05-06,12:38:37,00:00:07
stefano.crapanzano@chu.ulg.ac.be,Programmation,IT,2021-05-06,12:38:58,00:00:08
stefano.crapanzano@chu.ulg.ac.be,Programmation,IT,2021-05-06,12:39:30,00:10:02
stefano.crapanzano@chu.ulg.ac.be,Programmation,IT,2021-05-06,12:50:10,00:09:52
stefano.crapanzano@chu.ulg.ac.be,Programmation,IT,2021-05-06,13:00:05,00:08:55
stefano.crapanzano@chu.ulg.ac.be,Programmation,IT,2021-05-06,13:09:06,00:00:38
stefano.crapanzano@chu.ulg.ac.be,Programmation,IT,2021-05-06,13:10:16,00:01:08
stefano.crapanzano@chu.ulg.ac.be,Programmation,IT,2021-05-06,13:11:29,00:00:02
stefano.crapanzano@chu.ulg.ac.be,Programmation,IT,2021-05-06,13:11:32,00:04:34
stefano.crapanzano@chu.ulg.ac.be,Programmation,IT,2021-05-06,13:16:13,00:00:34
stefano.crapanzano@chu.ulg.ac.be,Programmation,IT,2021-05-06,13:17:08,00:01:15
stefano.crapanzano@chu.ulg.ac.be,Programmation,IT,2021-05-06,13:19:47,00:00:03
stefano.crapanzano@chu.ulg.ac.be,Programmation,IT,2021-05-06,13:19:57,00:04:45
stefano.crapanzano@chu.ulg.ac.be,Programmation,IT,2021-05-06,13:24:44,00:00:38
stefano.crapanzano@chu.ulg.ac.be,Programmation,IT,2021-05-06,13:25:27,00:00:43
stefano.crapanzano@chu.ulg.ac.be,Programmation,IT,2021-05-06,13:26:15,00:00:10
stefano.crapanzano@chu.ulg.ac.be,Programmation,IT,2021-05-06,13:26:27,00:00:14
stefano.crapanzano@chu.ulg.ac.be,Programmation,IT,2021-05-06,13:26:45,00:01:02
stefano.crapanzano@chu.ulg.ac.be,Programmation,IT,2021-05-06,13:29:45,00:00:06
stefano.crapanzano@chu.ulg.ac.be,Programmation,IT,2021-05-06,13:29:58,00:00:11
stefano.crapanzano@chu.ulg.ac.be,Programmation,IT,2021-05-06,13:30:11,00:00:09
stefano.crapanzano@chu.ulg.ac.be,Programmation,IT,2021-05-06,13:30:24,00:00:02
stefano.crapanzano@chu.ulg.ac.be,Programmation,IT,2021-05-06,13:30:29,00:00:02
stefano.crapanzano@chu.ulg.ac.be,Programmation,IT,2021-05-06,13:30:38,00:00:03
stefano.crapanzano@chu.ulg.ac.be,Programmation,IT,2021-05-06,13:32:15,00:00:58
stefano.crapanzano@chu.ulg.ac.be,Programmation,IT,2021-05-06,13:37:09,00:00:22
stefano.crapanzano@chu.ulg.ac.be,Programmation,IT,2021-05-06,13:37:58,00:01:58
stefano.crapanzano@chu.ulg.ac.be,Programmation,IT,2021-05-06,13:40:08,00:00:55
stefano.crapanzano@chu.ulg.ac.be,Programmation,IT,2021-05-06,13:41:05,00:00:18
stefano.crapanzano@chu.ulg.ac.be,Programmation,IT,2021-05-06,13:41:40,00:03:02
stefano.crapanzano@chu.ulg.ac.be,Programmation,IT,2021-05-06,13:44:52,00:00:15
stefano.crapanzano@chu.ulg.ac.be,Programmation,IT,2021-05-06,13:45:30,00:00:30
stefano.crapanzano@chu.ulg.ac.be,Programmation,IT,2021-05-06,13:46:03,00:00:18
stefano.crapanzano@chu.ulg.ac.be,Programmation,IT,2021-05-06,13:46:52,00:00:36
stefano.crapanzano@chu.ulg.ac.be,Programmation,IT,2021-05-06,13:47:48,00:04:20
stefano.crapanzano@chu.ulg.ac.be,Programmation,IT,2021-05-06,13:52:13,00:00:38
stefano.crapanzano@chu.ulg.ac.be,Programmation,IT,2021-05-06,13:52:54,00:00:18
stefano.crapanzano@chu.ulg.ac.be,Programmation,IT,2021-05-06,13:53:17,00:00:38
stefano.crapanzano@chu.ulg.ac.be,Programmation,IT,2021-05-06,13:53:56,00:01:01
stefano.crapanzano@chu.ulg.ac.be,Programmation,IT,2021-05-06,13:54:59,00:00:57
stefano.crapanzano@chu.ulg.ac.be,Programmation,IT,2021-05-06,14:00:51,00:00:40
stefano.crapanzano@chu.ulg.ac.be,Programmation,IT,2021-05-06,14:01:42,00:06:27
stefano.crapanzano@chu.ulg.ac.be,Programmation,IT,2021-05-06,14:08:19,00:00:40
stefano.crapanzano@chu.ulg.ac.be,Programmation,IT,2021-05-06,14:09:05,00:00:30
stefano.crapanzano@chu.ulg.ac.be,Programmation,IT,2021-05-06,14:09:37,00:00:17
stefano.crapanzano@chu.ulg.ac.be,Programmation,IT,2021-05-06,14:09:59,00:03:31
stefano.crapanzano@chu.ulg.ac.be,Programmation,IT,2021-05-06,14:13:35,00:02:18
stefano.crapanzano@chu.ulg.ac.be,Programmation,IT,2021-05-06,14:15:56,00:01:07
stefano.crapanzano@chu.ulg.ac.be,Programmation,IT,2021-05-06,14:17:07,00:00:33
stefano.crapanzano@chu.ulg.ac.be,Programmation,IT,2021-05-06,14:20:13,00:00:47
stefano.crapanzano@chu.ulg.ac.be,Programmation,IT,2021-05-06,14:21:03,00:00:37
stefano.crapanzano@chu.ulg.ac.be,Programmation,IT,2021-05-06,14:21:44,00:02:59
stefano.crapanzano@chu.ulg.ac.be,Programmation,IT,2021-05-06,14:24:45,00:00:31
stefano.crapanzano@chu.ulg.ac.be,Programmation,IT,2021-05-06,14:26:44,00:00:23
stefano.crapanzano@chu.ulg.ac.be,Programmation,IT,2021-05-06,14:32:47,00:02:49
stefano.crapanzano@chu.ulg.ac.be,Programmation,IT,2021-05-06,14:35:44,00:02:19
stefano.crapanzano@chu.ulg.ac.be,Programmation,IT,2021-05-06,14:38:12,00:02:24
stefano.crapanzano@chu.ulg.ac.be,Programmation,IT,2021-05-06,14:43:24,00:02:25
stefano.crapanzano@chu.ulg.ac.be,Programmation,IT,2021-05-06,14:51:36,00:00:03
stefano.crapanzano@chu.ulg.ac.be,Programmation,IT,2021-05-06,14:51:42,00:01:26
stefano.crapanzano@chu.ulg.ac.be,Programmation,IT,2021-05-06,14:53:20,00:01:02
stefano.crapanzano@chu.ulg.ac.be,Programmation,IT,2021-05-06,14:54:53,00:12:48
stefano.crapanzano@chu.ulg.ac.be,Programmation,IT,2021-05-06,15:08:00,00:00:06
stefano.crapanzano@chu.ulg.ac.be,Programmation,IT,2021-05-06,15:08:11,00:00:03
stefano.crapanzano@chu.ulg.ac.be,Programmation,IT,2021-05-06,15:08:19,00:01:03
stefano.crapanzano@chu.ulg.ac.be,Programmation,IT,2021-05-06,15:09:28,00:01:07
stefano.crapanzano@chu.ulg.ac.be,Programmation,IT,2021-05-06,15:10:41,00:00:05
stefano.crapanzano@chu.ulg.ac.be,Programmation,IT,2021-05-06,15:10:49,00:01:28
stefano.crapanzano@chu.ulg.ac.be,Programmation,IT,2021-05-06,15:12:27,00:00:42
stefano.crapanzano@chu.ulg.ac.be,Programmation,IT,2021-05-06,15:13:16,00:00:19
stefano.crapanzano@chu.ulg.ac.be,Programmation,IT,2021-05-06,15:14:03,00:01:06
stefano.crapanzano@chu.ulg.ac.be,Programmation,IT,2021-05-06,15:15:18,00:07:08
stefano.crapanzano@chu.ulg.ac.be,Programmation,IT,2021-05-06,15:22:28,00:00:25
stefano.crapanzano@chu.ulg.ac.be,Programmation,IT,2021-05-06,15:23:01,00:00:26
stefano.crapanzano@chu.ulg.ac.be,Programmation,IT,2021-05-06,15:23:36,00:03:38
stefano.crapanzano@chu.ulg.ac.be,Programmation,IT,2021-05-06,15:27:16,00:00:18
stefano.crapanzano@chu.ulg.ac.be,Programmation,IT,2021-05-06,15:27:36,00:00:45
stefano.crapanzano@chu.ulg.ac.be,Programmation,IT,2021-05-06,15:28:44,00:10:50
stefano.crapanzano@chu.ulg.ac.be,Programmation,IT,2021-05-06,15:42:18,00:00:19
stefano.crapanzano@chu.ulg.ac.be,Programmation,IT,2021-05-06,15:43:33,00:03:05
stefano.crapanzano@chu.ulg.ac.be,Programmation,IT,2021-05-06,16:16:10,00:09:05
stefano.crapanzano@chu.ulg.ac.be,Programmation,IT,2021-05-06,16:25:38,00:02:56
stefano.crapanzano@chu.ulg.ac.be,Programmation,IT,2021-05-06,16:29:08,00:00:41
stefano.crapanzano@chu.ulg.ac.be,Programmation,IT,2021-05-06,16:30:04,00:00:02
stefano.crapanzano@chu.ulg.ac.be,Programmation,IT,2021-05-06,16:30:36,00:00:29
stefano.crapanzano@chu.ulg.ac.be,Programmation,IT,2021-05-06,16:31:08,00:00:02
stefano.crapanzano@chu.ulg.ac.be,Programmation,IT,2021-05-06,16:31:38,00:00:57
stefano.crapanzano@chu.ulg.ac.be,Programmation,IT,2021-05-06,16:32:57,00:00:21
stefano.crapanzano@chu.ulg.ac.be,Programmation,IT,2021-05-06,16:33:30,00:00:05
stefano.crapanzano@chu.ulg.ac.be,Programmation,IT,2021-05-06,16:33:42,00:00:16
stefano.crapanzano@chu.ulg.ac.be,Programmation,IT,2021-05-06,16:34:06,00:00:08
stefano.crapanzano@chu.ulg.ac.be,Programmation,IT,2021-05-06,16:34:25,00:00:39
stefano.crapanzano@chu.ulg.ac.be,Programmation,IT,2021-05-06,16:35:13,00:00:02
stefano.crapanzano@chu.ulg.ac.be,Programmation,IT,2021-05-06,16:36:31,00:00:34
stefano.crapanzano@chu.ulg.ac.be,Programmation,IT,2021-05-06,16:37:13,00:00:31
stefano.crapanzano@chu.ulg.ac.be,Programmation,IT,2021-05-06,16:39:53,00:14:24
stefano.crapanzano@chu.ulg.ac.be,Programmation,IT,2021-05-06,16:55:58,00:00:59
stefano.crapanzano@chu.ulg.ac.be,Programmation,IT,2021-05-06,16:57:05,00:00:21
stefano.crapanzano@chu.ulg.ac.be,Programmation,IT,2021-05-06,16:57:37,00:00:15
stefano.crapanzano@chu.ulg.ac.be,Programmation,IT,2021-05-06,16:58:01,00:03:12
stefano.crapanzano@chu.ulg.ac.be,Programmation,IT,2021-05-06,17:01:22,00:00:13
stefano.crapanzano@chu.ulg.ac.be,Programmation,IT,2021-05-06,17:01:49,00:00:16
stefano.crapanzano@chu.ulg.ac.be,Agenda - Mozilla Thunderbird,Helpdesk général,2021-05-06,08:30:29,00:00:03
stefano.crapanzano@chu.ulg.ac.be,Courrier entrant - erp.sai@chuliege.be - Mozilla Thunderbird,Helpdesk général,2021-05-06,08:31:04,00:00:03
stefano.crapanzano@chu.ulg.ac.be,Courrier entrant - erp.sai@chuliege.be - Mozilla Thunderbird,Helpdesk général,2021-05-06,08:32:21,00:00:15
stefano.crapanzano@chu.ulg.ac.be,Courrier entrant - erp.sai@chuliege.be - Mozilla Thunderbird,Helpdesk général,2021-05-06,08:33:04,00:00:14
stefano.crapanzano@chu.ulg.ac.be,Courrier entrant - erp.sai@chuliege.be - Mozilla Thunderbird,Helpdesk général,2021-05-06,08:33:31,00:01:10
stefano.crapanzano@chu.ulg.ac.be,Courrier entrant - erp.sai@chuliege.be - Mozilla Thunderbird,Helpdesk général,2021-05-06,08:34:52,00:00:03
stefano.crapanzano@chu.ulg.ac.be,Courrier entrant - erp.sai@chuliege.be - Mozilla Thunderbird,Helpdesk général,2021-05-06,10:11:58,00:00:57
stefano.crapanzano@chu.ulg.ac.be,Courrier entrant - erp.sai@chuliege.be - Mozilla Thunderbird,Helpdesk général,2021-05-06,10:30:50,00:00:03
stefano.crapanzano@chu.ulg.ac.be,Courrier entrant - erp.sai@chuliege.be - Mozilla Thunderbird,Helpdesk général,2021-05-06,10:46:31,00:00:04
stefano.crapanzano@chu.ulg.ac.be,Courrier entrant - erp.sai@chuliege.be - Mozilla Thunderbird,Helpdesk général,2021-05-06,11:01:48,00:00:29
stefano.crapanzano@chu.ulg.ac.be,Courrier entrant - erp.sai@chuliege.be - Mozilla Thunderbird,Helpdesk général,2021-05-06,11:02:35,00:00:08
stefano.crapanzano@chu.ulg.ac.be,Courrier entrant - erp.sai@chuliege.be - Mozilla Thunderbird,Helpdesk général,2021-05-06,11:06:46,00:00:06
stefano.crapanzano@chu.ulg.ac.be,Courrier entrant - erp.sai@chuliege.be - Mozilla Thunderbird,Helpdesk général,2021-05-06,11:08:10,00:00:02
stefano.crapanzano@chu.ulg.ac.be,Courrier entrant - erp.sai@chuliege.be - Mozilla Thunderbird,Helpdesk général,2021-05-06,11:08:36,00:00:02
stefano.crapanzano@chu.ulg.ac.be,Courrier entrant - erp.sai@chuliege.be - Mozilla Thunderbird,Helpdesk général,2021-05-06,11:16:54,00:00:08
stefano.crapanzano@chu.ulg.ac.be,Courrier entrant - erp.sai@chuliege.be - Mozilla Thunderbird,Helpdesk général,2021-05-06,11:19:34,00:00:02
stefano.crapanzano@chu.ulg.ac.be,Courrier entrant - erp.sai@chuliege.be - Mozilla Thunderbird,Helpdesk général,2021-05-06,11:20:00,00:00:06
stefano.crapanzano@chu.ulg.ac.be,Courrier entrant - erp.sai@chuliege.be - Mozilla Thunderbird,Helpdesk général,2021-05-06,13:35:02,00:01:25
stefano.crapanzano@chu.ulg.ac.be,Courrier entrant - erp.sai@chuliege.be - Mozilla Thunderbird,Helpdesk général,2021-05-06,13:37:34,00:00:24
stefano.crapanzano@chu.ulg.ac.be,Courrier entrant - erp.sai@chuliege.be - Mozilla Thunderbird,Helpdesk général,2021-05-06,14:18:09,00:00:03
stefano.crapanzano@chu.ulg.ac.be,Courrier entrant - erp.sai@chuliege.be - Mozilla Thunderbird,Helpdesk général,2021-05-06,14:18:56,00:00:27
stefano.crapanzano@chu.ulg.ac.be,Courrier entrant - erp.sai@chuliege.be - Mozilla Thunderbird,Helpdesk général,2021-05-06,14:19:28,00:00:02
stefano.crapanzano@chu.ulg.ac.be,Courrier entrant - erp.sai@chuliege.be - Mozilla Thunderbird,Helpdesk général,2021-05-06,14:45:53,00:00:40
stefano.crapanzano@chu.ulg.ac.be,Courrier entrant - erp.sai@chuliege.be - Mozilla Thunderbird,Helpdesk général,2021-05-06,14:51:17,00:00:17
stefano.crapanzano@chu.ulg.ac.be,Courrier entrant - erp.sai@chuliege.be - Mozilla Thunderbird,Helpdesk général,2021-05-06,15:39:34,00:00:02
stefano.crapanzano@chu.ulg.ac.be,Courrier entrant - erp.sai@chuliege.be - Mozilla Thunderbird,Helpdesk général,2021-05-06,15:39:40,00:00:06
stefano.crapanzano@chu.ulg.ac.be,Courrier entrant - erp.sai@chuliege.be - Mozilla Thunderbird,Helpdesk général,2021-05-06,15:41:14,00:00:03
stefano.crapanzano@chu.ulg.ac.be,Courrier entrant - erp.sai@chuliege.be - Mozilla Thunderbird,Helpdesk général,2021-05-06,15:42:47,00:00:13
stefano.crapanzano@chu.ulg.ac.be,Courrier entrant - erp.sai@chuliege.be - Mozilla Thunderbird,Helpdesk général,2021-05-06,15:43:12,00:00:15
stefano.crapanzano@chu.ulg.ac.be,Courrier entrant - erp.sai@chuliege.be - Mozilla Thunderbird,Helpdesk général,2021-05-06,15:43:29,00:00:04
stefano.crapanzano@chu.ulg.ac.be,Courrier entrant - erp.sai@chuliege.be - Mozilla Thunderbird,Helpdesk général,2021-05-06,15:46:40,00:00:54
stefano.crapanzano@chu.ulg.ac.be,Courrier entrant - erp.sai@chuliege.be - Mozilla Thunderbird,Helpdesk général,2021-05-06,15:47:50,00:28:14
stefano.crapanzano@chu.ulg.ac.be,Courrier entrant - erp.sai@chuliege.be - Mozilla Thunderbird,Helpdesk général,2021-05-06,16:28:37,00:00:06
stefano.crapanzano@chu.ulg.ac.be,Courrier entrant - erp.sai@chuliege.be - Mozilla Thunderbird,Helpdesk général,2021-05-06,16:54:22,00:00:03
stefano.crapanzano@chu.ulg.ac.be,Courrier entrant - stefano.crapanzano@chuliege.be - Mozilla Thunderbird,Helpdesk général,2021-05-06,08:30:34,00:00:30
stefano.crapanzano@chu.ulg.ac.be,Courrier entrant - stefano.crapanzano@chuliege.be - Mozilla Thunderbird,Helpdesk général,2021-05-06,08:34:42,00:00:09
stefano.crapanzano@chu.ulg.ac.be,Courrier entrant - stefano.crapanzano@chuliege.be - Mozilla Thunderbird,Helpdesk général,2021-05-06,10:30:47,00:00:02
stefano.crapanzano@chu.ulg.ac.be,Courrier entrant - stefano.crapanzano@chuliege.be - Mozilla Thunderbird,Helpdesk général,2021-05-06,14:18:13,00:00:14
stefano.crapanzano@chu.ulg.ac.be,Courrier entrant - stefano.crapanzano@chuliege.be - Mozilla Thunderbird,Helpdesk général,2021-05-06,14:51:15,00:00:02
stefano.crapanzano@chu.ulg.ac.be,Courrier entrant - stefano.crapanzano@chuliege.be - Mozilla Thunderbird,Helpdesk général,2021-05-06,15:39:37,00:00:03
stefano.crapanzano@chu.ulg.ac.be,Courrier entrant - stefano.crapanzano@chuliege.be - Mozilla Thunderbird,Helpdesk général,2021-05-06,15:47:47,00:00:02
stefano.crapanzano@chu.ulg.ac.be,Courrier entrant - stefano.crapanzano@chuliege.be - Mozilla Thunderbird,Helpdesk général,2021-05-06,16:38:59,00:00:04
stefano.crapanzano@chu.ulg.ac.be,Nouvel onglet - Google Chrome,Tâches diverses,2021-05-06,08:31:07,00:00:03
stefano.crapanzano@chu.ulg.ac.be,Nouvel onglet - Google Chrome,Tâches diverses,2021-05-06,11:23:44,00:00:04
stefano.crapanzano@chu.ulg.ac.be,Nouvel onglet - Google Chrome,Tâches diverses,2021-05-06,14:27:13,00:00:06
stefano.crapanzano@chu.ulg.ac.be,Nouvel onglet - Google Chrome,Tâches diverses,2021-05-06,15:13:39,00:00:04
stefano.crapanzano@chu.ulg.ac.be,Demandes - Service d'assistance - Google Chrome,Tâches diverses,2021-05-06,08:31:11,00:00:15
stefano.crapanzano@chu.ulg.ac.be,Demandes - Service d'assistance - Google Chrome,Tâches diverses,2021-05-06,08:31:52,00:00:06
stefano.crapanzano@chu.ulg.ac.be,P203 CHU Impossible de traiter les factures préenregistrées avec un bon de commande contenant un article supprimé - Bienvenue! Vous pouvez poser une demande de Service Desk ERP for HealthCare parmi les options fournies. - Service d'assistance - Google Chrome,Tâches diverses,2021-05-06,08:31:26,00:00:25
stefano.crapanzano@chu.ulg.ac.be,P203 CHU Demande de configuration de 3 terminaux bancontact - Bienvenue! Vous pouvez poser une demande de Service Desk ERP for HealthCare parmi les options fournies. - Service d'assistance - Google Chrome,Tâches diverses,2021-05-06,08:31:58,00:00:21
stefano.crapanzano@chu.ulg.ac.be,P203 CHU Demande de configuration de 3 terminaux bancontact - Bienvenue! Vous pouvez poser une demande de Service Desk ERP for HealthCare parmi les options fournies. - Service d'assistance - Google Chrome,Tâches diverses,2021-05-06,08:32:40,00:00:24
stefano.crapanzano@chu.ulg.ac.be,P203 CHU Demande de configuration de 3 terminaux bancontact - Bienvenue! Vous pouvez poser une demande de Service Desk ERP for HealthCare parmi les options fournies. - Service d'assistance - Google Chrome,Tâches diverses,2021-05-06,10:11:33,00:00:02
stefano.crapanzano@chu.ulg.ac.be,Enregistrer la pièce jointe,Helpdesk général,2021-05-06,08:33:18,00:00:13
stefano.crapanzano@chu.ulg.ac.be,Envoyés - erp.sai@chuliege.be - Mozilla Thunderbird,Helpdesk général,2021-05-06,08:34:56,00:00:07
stefano.crapanzano@chu.ulg.ac.be,Envoyés - erp.sai@chuliege.be - Mozilla Thunderbird,Helpdesk général,2021-05-06,15:39:46,00:01:28
stefano.crapanzano@chu.ulg.ac.be,Envoyés - erp.sai@chuliege.be - Mozilla Thunderbird,Helpdesk général,2021-05-06,15:41:18,00:00:58
stefano.crapanzano@chu.ulg.ac.be,Envoyés - erp.sai@chuliege.be - Mozilla Thunderbird,Helpdesk général,2021-05-06,15:42:42,00:00:04
stefano.crapanzano@chu.ulg.ac.be,Envoyés - erp.sai@chuliege.be - Mozilla Thunderbird,Helpdesk général,2021-05-06,16:28:43,00:00:23
stefano.crapanzano@chu.ulg.ac.be,Envoyés - erp.sai@chuliege.be - Mozilla Thunderbird,Helpdesk général,2021-05-06,16:38:53,00:00:04
stefano.crapanzano@chu.ulg.ac.be,Envoyés - erp.sai@chuliege.be - Mozilla Thunderbird,Helpdesk général,2021-05-06,16:39:03,00:00:40
stefano.crapanzano@chu.ulg.ac.be,Envoyés - erp.sai@chuliege.be - Mozilla Thunderbird,Helpdesk général,2021-05-06,16:54:19,00:00:03
stefano.crapanzano@chu.ulg.ac.be,1 Pris en Charge - erp.sai@chuliege.be - Mozilla Thunderbird,Helpdesk général,2021-05-06,08:35:03,00:00:55
stefano.crapanzano@chu.ulg.ac.be,1 Pris en Charge - erp.sai@chuliege.be - Mozilla Thunderbird,Helpdesk général,2021-05-06,08:36:18,00:00:03
stefano.crapanzano@chu.ulg.ac.be,1 Pris en Charge - erp.sai@chuliege.be - Mozilla Thunderbird,Helpdesk général,2021-05-06,10:11:55,00:00:02
stefano.crapanzano@chu.ulg.ac.be,Ouverture -Excel,Tâches diverses,2021-05-06,08:36:07,00:00:04
stefano.crapanzano@chu.ulg.ac.be,Ouverture -Excel,Tâches diverses,2021-05-06,10:13:16,00:00:04
stefano.crapanzano@chu.ulg.ac.be,GOAL_VALIDATION_ARTICLE1 - Excel,Tâches diverses,2021-05-06,08:36:12,00:00:06
stefano.crapanzano@chu.ulg.ac.be,SVN_LOCAL – CHL_ERP_ENCOURS.pl [SVN_LOCAL] (Administrator),IT,2021-05-06,08:36:21,00:00:04
stefano.crapanzano@chu.ulg.ac.be,SVN_LOCAL – CHL_ERP_GOAL_VALIDATION_ARTICLE.pl [SVN_LOCAL] (Administrator),IT,2021-05-06,08:36:26,00:02:14
stefano.crapanzano@chu.ulg.ac.be,SVN_LOCAL – CHL_ERP_GOAL_VALIDATION_ARTICLE.pl [SVN_LOCAL] (Administrator),IT,2021-05-06,08:47:40,00:00:19
stefano.crapanzano@chu.ulg.ac.be,SVN_LOCAL – CHL_ERP_GOAL_VALIDATION_ARTICLE.pl [SVN_LOCAL] (Administrator),IT,2021-05-06,08:54:25,00:00:20
stefano.crapanzano@chu.ulg.ac.be,SVN_LOCAL – CHL_ERP_GOAL_VALIDATION_ARTICLE.pl [SVN_LOCAL] (Administrator),IT,2021-05-06,08:56:57,01:14:31
stefano.crapanzano@chu.ulg.ac.be,SVN_LOCAL – CHL_ERP_GOAL_VALIDATION_ARTICLE.pl [SVN_LOCAL] (Administrator),IT,2021-05-06,10:27:12,00:00:26
stefano.crapanzano@chu.ulg.ac.be,SVN_LOCAL – CHL_ERP_GOAL_VALIDATION_ARTICLE.pl [SVN_LOCAL] (Administrator),IT,2021-05-06,10:27:57,00:02:43
stefano.crapanzano@chu.ulg.ac.be,SVN_LOCAL – CHL_ERP_GOAL_VALIDATION_ARTICLE.pl [SVN_LOCAL] (Administrator),IT,2021-05-06,10:31:01,00:02:54
stefano.crapanzano@chu.ulg.ac.be,SVN_LOCAL – CHL_ERP_GOAL_VALIDATION_ARTICLE.pl [SVN_LOCAL] (Administrator),IT,2021-05-06,10:34:18,00:00:02
stefano.crapanzano@chu.ulg.ac.be,Lecture documentation,Tâches diverses,2021-05-06,08:38:46,00:08:52
stefano.crapanzano@chu.ulg.ac.be,Lecture documentation,Tâches diverses,2021-05-06,10:24:28,00:02:40
stefano.crapanzano@chu.ulg.ac.be,Lecture documentation,Tâches diverses,2021-05-06,10:33:57,00:00:19
stefano.crapanzano@chu.ulg.ac.be,Lecture documentation,Tâches diverses,2021-05-06,10:39:26,00:02:05
stefano.crapanzano@chu.ulg.ac.be,Lecture documentation,Tâches diverses,2021-05-06,10:42:21,00:01:29
stefano.crapanzano@chu.ulg.ac.be,Lecture documentation,Tâches diverses,2021-05-06,10:44:02,00:00:03
stefano.crapanzano@chu.ulg.ac.be,Lecture documentation,Tâches diverses,2021-05-06,10:44:15,00:00:07
stefano.crapanzano@chu.ulg.ac.be,Lecture documentation,Tâches diverses,2021-05-06,10:44:47,00:01:41
stefano.crapanzano@chu.ulg.ac.be,Lecture documentation,Tâches diverses,2021-05-06,10:46:35,00:00:03
stefano.crapanzano@chu.ulg.ac.be,Lecture documentation,Tâches diverses,2021-05-06,10:46:40,00:00:35
stefano.crapanzano@chu.ulg.ac.be,Lecture documentation,Tâches diverses,2021-05-06,10:47:19,00:00:55
stefano.crapanzano@chu.ulg.ac.be,Lecture documentation,Tâches diverses,2021-05-06,10:48:51,00:00:44
stefano.crapanzano@chu.ulg.ac.be,Lecture documentation,Tâches diverses,2021-05-06,10:49:43,00:00:15
stefano.crapanzano@chu.ulg.ac.be,Lecture documentation,Tâches diverses,2021-05-06,10:50:25,00:00:30
stefano.crapanzano@chu.ulg.ac.be,Lecture documentation,Tâches diverses,2021-05-06,10:55:45,00:01:04
stefano.crapanzano@chu.ulg.ac.be,Lecture documentation,Tâches diverses,2021-05-06,11:10:38,00:01:51
stefano.crapanzano@chu.ulg.ac.be,Lecture documentation,Tâches diverses,2021-05-06,11:12:39,00:00:07
stefano.crapanzano@chu.ulg.ac.be,Lecture documentation,Tâches diverses,2021-05-06,11:54:59,00:00:40
stefano.crapanzano@chu.ulg.ac.be,Lecture documentation,Tâches diverses,2021-05-06,12:18:36,00:00:13
stefano.crapanzano@chu.ulg.ac.be,Lecture documentation,Tâches diverses,2021-05-06,12:49:36,00:00:33
stefano.crapanzano@chu.ulg.ac.be,Lecture documentation,Tâches diverses,2021-05-06,13:56:01,00:01:20
stefano.crapanzano@chu.ulg.ac.be,Lecture documentation,Tâches diverses,2021-05-06,16:29:49,00:00:15
stefano.crapanzano@chu.ulg.ac.be,Lecture documentation,Tâches diverses,2021-05-06,16:30:07,00:00:28
stefano.crapanzano@chu.ulg.ac.be,Lecture documentation,Tâches diverses,2021-05-06,16:31:11,00:00:25
stefano.crapanzano@chu.ulg.ac.be,Lecture documentation,Tâches diverses,2021-05-06,16:32:36,00:00:18
stefano.crapanzano@chu.ulg.ac.be,Lecture documentation,Tâches diverses,2021-05-06,16:33:20,00:00:09
stefano.crapanzano@chu.ulg.ac.be,Lecture documentation,Tâches diverses,2021-05-06,16:33:37,00:00:04
stefano.crapanzano@chu.ulg.ac.be,Lecture documentation,Tâches diverses,2021-05-06,16:33:59,00:00:06
stefano.crapanzano@chu.ulg.ac.be,Lecture documentation,Tâches diverses,2021-05-06,16:34:18,00:00:07
stefano.crapanzano@chu.ulg.ac.be,Lecture documentation,Tâches diverses,2021-05-06,16:35:06,00:00:04
stefano.crapanzano@chu.ulg.ac.be,Lecture documentation,Tâches diverses,2021-05-06,16:35:16,00:01:14
stefano.crapanzano@chu.ulg.ac.be,Lecture documentation,Tâches diverses,2021-05-06,16:37:06,00:00:04
stefano.crapanzano@chu.ulg.ac.be,Lecture documentation,Tâches diverses,2021-05-06,16:37:46,00:01:03
stefano.crapanzano@chu.ulg.ac.be,Lecture documentation,Tâches diverses,2021-05-06,16:39:45,00:00:06
stefano.crapanzano@chu.ulg.ac.be,Lecture documentation,Tâches diverses,2021-05-06,16:54:27,00:00:29
stefano.crapanzano@chu.ulg.ac.be,Lecture documentation,Tâches diverses,2021-05-06,16:55:29,00:00:26
stefano.crapanzano@chu.ulg.ac.be,Lecture documentation,Tâches diverses,2021-05-06,16:56:59,00:00:05
stefano.crapanzano@chu.ulg.ac.be,Lecture documentation,Tâches diverses,2021-05-06,16:57:28,00:00:06
stefano.crapanzano@chu.ulg.ac.be,Lecture documentation,Tâches diverses,2021-05-06,16:57:53,00:00:07
stefano.crapanzano@chu.ulg.ac.be,Lecture documentation,Tâches diverses,2021-05-06,17:01:15,00:00:06
stefano.crapanzano@chu.ulg.ac.be,Lecture documentation,Tâches diverses,2021-05-06,17:01:37,00:00:12
stefano.crapanzano@chu.ulg.ac.be,Lecture documentation,Tâches diverses,2021-05-06,17:02:07,00:34:50
stefano.crapanzano@chu.ulg.ac.be,Rename,IT,2021-05-06,08:47:59,00:00:30
stefano.crapanzano@chu.ulg.ac.be,Rename,IT,2021-05-06,08:54:10,00:00:13
stefano.crapanzano@chu.ulg.ac.be,SVN_LOCAL – CHL_ERP_GOAL_EXTRACT_ZMMARTIKEL.pl [SVN_LOCAL] (Administrator),IT,2021-05-06,08:48:34,00:00:46
stefano.crapanzano@chu.ulg.ac.be,SVN_LOCAL – CHL_ERP_GOAL_EXTRACT_ZMMARTIKEL.pl [SVN_LOCAL] (Administrator),IT,2021-05-06,08:50:54,00:03:00
stefano.crapanzano@chu.ulg.ac.be,SVN_LOCAL – CHL_ERP_GOAL_EXTRACT_ZMMARTIKEL.pl [SVN_LOCAL] (Administrator),IT,2021-05-06,08:53:58,00:00:12
stefano.crapanzano@chu.ulg.ac.be,SVN_LOCAL – CHL_ERP_EXTRACT_ZMMARTIKEL.bat [SVN_LOCAL] (Administrator),IT,2021-05-06,08:49:21,00:00:25
stefano.crapanzano@chu.ulg.ac.be,SVN_LOCAL – CHL_ERP_EXTRACT_ZMMARTIKEL.bat [SVN_LOCAL] (Administrator),IT,2021-05-06,08:50:41,00:00:13
stefano.crapanzano@chu.ulg.ac.be,SVN_LOCAL – CHL_ERP_EXTRACT_ZMMARTIKEL.pl [SVN_LOCAL] (Administrator),IT,2021-05-06,08:49:47,00:00:34
stefano.crapanzano@chu.ulg.ac.be,SVN_LOCAL – CHL_ERP_EXTRACT_ZMMARTIKEL.pl [SVN_LOCAL] (Administrator),IT,2021-05-06,08:50:24,00:00:16
stefano.crapanzano@chu.ulg.ac.be,C:\temp\extract_zmmartikel\zmmartikel_2021_05_06_08_54_58_NDNBOMAGA_600814.csv - Notepad++ [Administrator],IT,2021-05-06,08:55:49,00:00:05
stefano.crapanzano@chu.ulg.ac.be,C:\temp\extract_zmmartikel\zmmartikel_2021_05_06_08_54_58_NDNBOMAGA_600814.txt - Notepad++ [Administrator],IT,2021-05-06,08:55:59,00:00:04
stefano.crapanzano@chu.ulg.ac.be,GOAL_VALIDATION_ARTICLE.xltm - Excel,Tâches diverses,2021-05-06,10:13:20,00:00:04
stefano.crapanzano@chu.ulg.ac.be,Microsoft Visual Basic pour Applications - GOAL_VALIDATION_ARTICLE.xltm - [Module1 (Code)],Tâches diverses,2021-05-06,10:13:25,00:00:08
stefano.crapanzano@chu.ulg.ac.be,Microsoft Visual Basic pour Applications - GOAL_VALIDATION_ARTICLE.xltm - [Module1 (Code)],Tâches diverses,2021-05-06,10:13:58,00:00:02
stefano.crapanzano@chu.ulg.ac.be,Microsoft Visual Basic pour Applications - GOAL_VALIDATION_ARTICLE.xltm - [Module1 (Code)],Tâches diverses,2021-05-06,10:16:58,00:02:33
stefano.crapanzano@chu.ulg.ac.be,Microsoft Visual Basic pour Applications - GOAL_VALIDATION_ARTICLE.xltm - [Module1 (Code)],Tâches diverses,2021-05-06,10:19:35,00:00:09
stefano.crapanzano@chu.ulg.ac.be,Microsoft Visual Basic pour Applications - GOAL_VALIDATION_ARTICLE.xltm - [Module1 (Code)],Tâches diverses,2021-05-06,10:27:44,00:00:11
stefano.crapanzano@chu.ulg.ac.be,Microsoft Visual Basic pour Applications - GOAL_VALIDATION_ARTICLE.xltm - [Module1 (Code)],Tâches diverses,2021-05-06,11:01:24,00:00:22
stefano.crapanzano@chu.ulg.ac.be,Microsoft Visual Basic pour Applications - GOAL_VALIDATION_ARTICLE.xltm - [Module1 (Code)],Tâches diverses,2021-05-06,11:08:47,00:00:16
stefano.crapanzano@chu.ulg.ac.be,Microsoft Visual Basic pour Applications - GOAL_VALIDATION_ARTICLE.xltm - [Module1 (Code)],Tâches diverses,2021-05-06,11:09:04,00:00:04
stefano.crapanzano@chu.ulg.ac.be,Microsoft Visual Basic pour Applications - GOAL_VALIDATION_ARTICLE.xltm - [Module1 (Code)],Tâches diverses,2021-05-06,11:09:21,00:00:05
stefano.crapanzano@chu.ulg.ac.be,Microsoft Visual Basic pour Applications - GOAL_VALIDATION_ARTICLE.xltm - [Module1 (Code)],Tâches diverses,2021-05-06,11:09:33,00:00:09
stefano.crapanzano@chu.ulg.ac.be,Microsoft Visual Basic pour Applications - GOAL_VALIDATION_ARTICLE.xltm - [Module1 (Code)],Tâches diverses,2021-05-06,11:12:31,00:00:08
stefano.crapanzano@chu.ulg.ac.be,Microsoft Visual Basic pour Applications - GOAL_VALIDATION_ARTICLE.xltm - [Module1 (Code)],Tâches diverses,2021-05-06,11:13:00,00:00:05
stefano.crapanzano@chu.ulg.ac.be,Microsoft Visual Basic pour Applications - GOAL_VALIDATION_ARTICLE.xltm - [Module1 (Code)],Tâches diverses,2021-05-06,11:13:35,00:00:15
stefano.crapanzano@chu.ulg.ac.be,Microsoft Visual Basic pour Applications - GOAL_VALIDATION_ARTICLE.xltm - [Module1 (Code)],Tâches diverses,2021-05-06,11:14:31,00:00:10
stefano.crapanzano@chu.ulg.ac.be,Microsoft Visual Basic pour Applications - GOAL_VALIDATION_ARTICLE.xltm - [Module1 (Code)],Tâches diverses,2021-05-06,11:26:26,00:00:07
stefano.crapanzano@chu.ulg.ac.be,Microsoft Visual Basic pour Applications - GOAL_VALIDATION_ARTICLE.xltm - [Module1 (Code)],Tâches diverses,2021-05-06,11:26:43,00:00:02
stefano.crapanzano@chu.ulg.ac.be,Microsoft Visual Basic pour Applications - GOAL_VALIDATION_ARTICLE.xltm - [Module1 (Code)],Tâches diverses,2021-05-06,11:31:33,00:00:07
stefano.crapanzano@chu.ulg.ac.be,Microsoft Visual Basic pour Applications - GOAL_VALIDATION_ARTICLE.xltm - [Module1 (Code)],Tâches diverses,2021-05-06,11:40:46,00:00:09
stefano.crapanzano@chu.ulg.ac.be,Microsoft Visual Basic pour Applications - GOAL_VALIDATION_ARTICLE.xltm - [Module1 (Code)],Tâches diverses,2021-05-06,11:41:36,00:00:05
stefano.crapanzano@chu.ulg.ac.be,Microsoft Visual Basic pour Applications - GOAL_VALIDATION_ARTICLE.xltm - [Module1 (Code)],Tâches diverses,2021-05-06,11:41:52,00:00:05
stefano.crapanzano@chu.ulg.ac.be,Microsoft Visual Basic pour Applications - GOAL_VALIDATION_ARTICLE.xltm - [Module1 (Code)],Tâches diverses,2021-05-06,11:42:40,00:00:10
stefano.crapanzano@chu.ulg.ac.be,Microsoft Visual Basic pour Applications - GOAL_VALIDATION_ARTICLE.xltm - [Module1 (Code)],Tâches diverses,2021-05-06,11:43:04,00:00:25
stefano.crapanzano@chu.ulg.ac.be,Microsoft Visual Basic pour Applications - GOAL_VALIDATION_ARTICLE.xltm - [Module1 (Code)],Tâches diverses,2021-05-06,11:43:46,00:00:02
stefano.crapanzano@chu.ulg.ac.be,Microsoft Visual Basic pour Applications - GOAL_VALIDATION_ARTICLE.xltm - [Module1 (Code)],Tâches diverses,2021-05-06,11:47:54,00:00:10
stefano.crapanzano@chu.ulg.ac.be,Microsoft Visual Basic pour Applications - GOAL_VALIDATION_ARTICLE.xltm - [Module1 (Code)],Tâches diverses,2021-05-06,11:56:11,00:00:15
stefano.crapanzano@chu.ulg.ac.be,Microsoft Visual Basic pour Applications - GOAL_VALIDATION_ARTICLE.xltm - [Module1 (Code)],Tâches diverses,2021-05-06,12:01:01,00:00:08
stefano.crapanzano@chu.ulg.ac.be,Microsoft Visual Basic pour Applications - GOAL_VALIDATION_ARTICLE.xltm - [Module1 (Code)],Tâches diverses,2021-05-06,12:01:23,00:00:02
stefano.crapanzano@chu.ulg.ac.be,Microsoft Visual Basic pour Applications - GOAL_VALIDATION_ARTICLE.xltm - [Module1 (Code)],Tâches diverses,2021-05-06,13:10:00,00:00:03
stefano.crapanzano@chu.ulg.ac.be,Microsoft Visual Basic pour Applications - GOAL_VALIDATION_ARTICLE.xltm - [Module1 (Code)],Tâches diverses,2021-05-06,13:10:05,00:00:09
stefano.crapanzano@chu.ulg.ac.be,Microsoft Visual Basic pour Applications - GOAL_VALIDATION_ARTICLE.xltm - [Module1 (Code)],Tâches diverses,2021-05-06,13:16:54,00:00:11
stefano.crapanzano@chu.ulg.ac.be,Microsoft Visual Basic pour Applications - GOAL_VALIDATION_ARTICLE.xltm - [Module1 (Code)],Tâches diverses,2021-05-06,13:46:39,00:00:10
stefano.crapanzano@chu.ulg.ac.be,Microsoft Visual Basic pour Applications - GOAL_VALIDATION_ARTICLE.xltm - [Module1 (Code)],Tâches diverses,2021-05-06,13:47:28,00:00:19
stefano.crapanzano@chu.ulg.ac.be,Microsoft Visual Basic pour Applications - GOAL_VALIDATION_ARTICLE.xltm - [Module1 (Code)],Tâches diverses,2021-05-06,13:57:25,00:00:02
stefano.crapanzano@chu.ulg.ac.be,Microsoft Visual Basic pour Applications - GOAL_VALIDATION_ARTICLE.xltm - [Module1 (Code)],Tâches diverses,2021-05-06,13:57:45,00:01:32
stefano.crapanzano@chu.ulg.ac.be,Microsoft Visual Basic pour Applications - GOAL_VALIDATION_ARTICLE.xltm - [Module1 (Code)],Tâches diverses,2021-05-06,13:59:22,00:00:21
stefano.crapanzano@chu.ulg.ac.be,Microsoft Visual Basic pour Applications - GOAL_VALIDATION_ARTICLE.xltm - [Module1 (Code)],Tâches diverses,2021-05-06,13:59:47,00:00:06
stefano.crapanzano@chu.ulg.ac.be,Microsoft Visual Basic pour Applications - GOAL_VALIDATION_ARTICLE.xltm - [Module1 (Code)],Tâches diverses,2021-05-06,14:00:14,00:00:03
stefano.crapanzano@chu.ulg.ac.be,Microsoft Visual Basic pour Applications - GOAL_VALIDATION_ARTICLE.xltm - [Module1 (Code)],Tâches diverses,2021-05-06,14:08:11,00:00:08
stefano.crapanzano@chu.ulg.ac.be,Microsoft Visual Basic pour Applications - GOAL_VALIDATION_ARTICLE.xltm - [Module1 (Code)],Tâches diverses,2021-05-06,14:08:59,00:00:05
stefano.crapanzano@chu.ulg.ac.be,Microsoft Visual Basic pour Applications - GOAL_VALIDATION_ARTICLE.xltm - [Module1 (Code)],Tâches diverses,2021-05-06,14:09:35,00:00:02
stefano.crapanzano@chu.ulg.ac.be,Microsoft Visual Basic pour Applications - GOAL_VALIDATION_ARTICLE.xltm - [Module1 (Code)],Tâches diverses,2021-05-06,14:25:20,00:01:21
stefano.crapanzano@chu.ulg.ac.be,SAP Logon 750,Exploration SAP,2021-05-06,10:13:34,00:00:03
stefano.crapanzano@chu.ulg.ac.be,SAP Logon 750,Exploration SAP,2021-05-06,13:18:37,00:00:03
stefano.crapanzano@chu.ulg.ac.be,SAP Logon 750,Exploration SAP,2021-05-06,14:31:16,00:00:03
stefano.crapanzano@chu.ulg.ac.be,SAP Easy Access Menu de base Applications financières-économiques,Exploration SAP,2021-05-06,10:13:37,00:00:16
stefano.crapanzano@chu.ulg.ac.be,SAP Easy Access Menu de base Applications financières-économiques,Exploration SAP,2021-05-06,10:15:12,00:00:03
stefano.crapanzano@chu.ulg.ac.be,SAP Easy Access Menu de base Applications financières-économiques,Exploration SAP,2021-05-06,10:15:20,00:00:03
stefano.crapanzano@chu.ulg.ac.be,SAP Easy Access Menu de base Applications financières-économiques,Exploration SAP,2021-05-06,10:15:42,00:00:02
stefano.crapanzano@chu.ulg.ac.be,SAP Easy Access Menu de base Applications financières-économiques,Exploration SAP,2021-05-06,10:15:46,00:00:03
stefano.crapanzano@chu.ulg.ac.be,SAP Easy Access Menu de base Applications financières-économiques,Exploration SAP,2021-05-06,11:02:23,00:00:06
stefano.crapanzano@chu.ulg.ac.be,SAP Easy Access Menu de base Applications financières-économiques,Exploration SAP,2021-05-06,11:03:05,00:00:04
stefano.crapanzano@chu.ulg.ac.be,SAP Easy Access Menu de base Applications financières-économiques,Exploration SAP,2021-05-06,11:03:14,00:00:07
stefano.crapanzano@chu.ulg.ac.be,SAP Easy Access Menu de base Applications financières-économiques,Exploration SAP,2021-05-06,11:05:14,00:00:03
stefano.crapanzano@chu.ulg.ac.be,SAP Easy Access Menu de base Applications financières-économiques,Exploration SAP,2021-05-06,11:38:20,00:00:02
stefano.crapanzano@chu.ulg.ac.be,SAP Easy Access Menu de base Applications financières-économiques,Exploration SAP,2021-05-06,11:40:18,00:00:02
stefano.crapanzano@chu.ulg.ac.be,SAP Easy Access Menu de base Applications financières-économiques,Exploration SAP,2021-05-06,11:40:33,00:00:02
stefano.crapanzano@chu.ulg.ac.be,SAP Easy Access Menu de base Applications financières-économiques,Exploration SAP,2021-05-06,11:50:10,00:00:03
stefano.crapanzano@chu.ulg.ac.be,SAP Easy Access Menu de base Applications financières-économiques,Exploration SAP,2021-05-06,12:25:53,00:00:02
stefano.crapanzano@chu.ulg.ac.be,SAP Easy Access Menu de base Applications financières-économiques,Exploration SAP,2021-05-06,12:26:00,00:00:08
stefano.crapanzano@chu.ulg.ac.be,SAP Easy Access Menu de base Applications financières-économiques,Exploration SAP,2021-05-06,12:26:32,00:00:02
stefano.crapanzano@chu.ulg.ac.be,SAP Easy Access Menu de base Applications financières-économiques,Exploration SAP,2021-05-06,13:09:00,00:00:02
stefano.crapanzano@chu.ulg.ac.be,SAP Easy Access Menu de base Applications financières-économiques,Exploration SAP,2021-05-06,13:18:28,00:00:03
stefano.crapanzano@chu.ulg.ac.be,SAP Easy Access Menu de base Applications financières-économiques,Exploration SAP,2021-05-06,13:18:41,00:00:06
stefano.crapanzano@chu.ulg.ac.be,SAP Easy Access Menu de base Applications financières-économiques,Exploration SAP,2021-05-06,13:18:51,00:00:10
stefano.crapanzano@chu.ulg.ac.be,SAP Easy Access Menu de base Applications financières-économiques,Exploration SAP,2021-05-06,13:26:10,00:00:02
stefano.crapanzano@chu.ulg.ac.be,SAP Easy Access Menu de base Applications financières-économiques,Exploration SAP,2021-05-06,13:33:18,00:00:02
stefano.crapanzano@chu.ulg.ac.be,SAP Easy Access Menu de base Applications financières-économiques,Exploration SAP,2021-05-06,13:33:21,00:00:03
stefano.crapanzano@chu.ulg.ac.be,SAP Easy Access Menu de base Applications financières-économiques,Exploration SAP,2021-05-06,13:36:31,00:00:03
stefano.crapanzano@chu.ulg.ac.be,SAP Easy Access Menu de base Applications financières-économiques,Exploration SAP,2021-05-06,14:30:54,00:00:02
stefano.crapanzano@chu.ulg.ac.be,SAP Easy Access Menu de base Applications financières-économiques,Exploration SAP,2021-05-06,14:40:44,00:00:16
stefano.crapanzano@chu.ulg.ac.be,SAP Easy Access Menu de base Applications financières-économiques,Exploration SAP,2021-05-06,14:41:13,00:00:50
stefano.crapanzano@chu.ulg.ac.be,SAP Easy Access Menu de base Applications financières-économiques,Exploration SAP,2021-05-06,14:42:13,00:00:06
stefano.crapanzano@chu.ulg.ac.be,SAP Easy Access Menu de base Applications financières-économiques,Exploration SAP,2021-05-06,14:42:23,00:00:03
stefano.crapanzano@chu.ulg.ac.be,Afficher article (Initial Screen),Exploration SAP,2021-05-06,10:13:54,00:00:02
stefano.crapanzano@chu.ulg.ac.be,Afficher article (Initial Screen),Exploration SAP,2021-05-06,10:14:06,00:00:03
stefano.crapanzano@chu.ulg.ac.be,Afficher article (Initial Screen),Exploration SAP,2021-05-06,10:14:53,00:00:09
stefano.crapanzano@chu.ulg.ac.be,Afficher article (Initial Screen),Exploration SAP,2021-05-06,10:15:05,00:00:07
stefano.crapanzano@chu.ulg.ac.be,Afficher article (Initial Screen),Exploration SAP,2021-05-06,10:15:24,00:00:15
stefano.crapanzano@chu.ulg.ac.be,Afficher article (Initial Screen),Exploration SAP,2021-05-06,10:15:49,00:00:04
stefano.crapanzano@chu.ulg.ac.be,Afficher article (Initial Screen),Exploration SAP,2021-05-06,10:19:50,00:00:02
stefano.crapanzano@chu.ulg.ac.be,Afficher article (Initial Screen),Exploration SAP,2021-05-06,10:19:55,00:00:04
stefano.crapanzano@chu.ulg.ac.be,Afficher article (Initial Screen),Exploration SAP,2021-05-06,10:20:24,00:04:01
stefano.crapanzano@chu.ulg.ac.be,Afficher article (Initial Screen),Exploration SAP,2021-05-06,11:02:20,00:00:02
stefano.crapanzano@chu.ulg.ac.be,Afficher article (Initial Screen),Exploration SAP,2021-05-06,13:19:02,00:00:04
stefano.crapanzano@chu.ulg.ac.be,Afficher article (Initial Screen),Exploration SAP,2021-05-06,13:31:10,00:00:04
stefano.crapanzano@chu.ulg.ac.be,Afficher article (Initial Screen),Exploration SAP,2021-05-06,13:31:37,00:00:04
stefano.crapanzano@chu.ulg.ac.be,Afficher article (Initial Screen),Exploration SAP,2021-05-06,13:31:45,00:00:03
stefano.crapanzano@chu.ulg.ac.be,Afficher article (Initial Screen),Exploration SAP,2021-05-06,13:33:25,00:00:02
stefano.crapanzano@chu.ulg.ac.be,Afficher article (Initial Screen),Exploration SAP,2021-05-06,13:34:44,00:00:03
stefano.crapanzano@chu.ulg.ac.be,Rechercher,Tâches diverses,2021-05-06,10:14:00,00:00:04
stefano.crapanzano@chu.ulg.ac.be,Rechercher,Tâches diverses,2021-05-06,13:09:51,00:00:06
stefano.crapanzano@chu.ulg.ac.be,Rechercher,Tâches diverses,2021-05-06,13:09:58,00:00:02
stefano.crapanzano@chu.ulg.ac.be,Rechercher,Tâches diverses,2021-05-06,13:16:52,00:00:02
stefano.crapanzano@chu.ulg.ac.be,Rechercher,IT,2021-05-06,14:00:31,00:00:02
stefano.crapanzano@chu.ulg.ac.be,Select View(s),Exploration SAP,2021-05-06,10:14:10,00:00:04
stefano.crapanzano@chu.ulg.ac.be,Select View(s),Exploration SAP,2021-05-06,10:15:02,00:00:02
stefano.crapanzano@chu.ulg.ac.be,Select View(s),Exploration SAP,2021-05-06,10:15:54,00:00:08
stefano.crapanzano@chu.ulg.ac.be,Select View(s),Exploration SAP,2021-05-06,13:19:06,00:00:03
stefano.crapanzano@chu.ulg.ac.be,Select View(s),Exploration SAP,2021-05-06,13:30:26,00:00:02
stefano.crapanzano@chu.ulg.ac.be,Select View(s),Exploration SAP,2021-05-06,13:31:48,00:00:02
stefano.crapanzano@chu.ulg.ac.be,Select View(s),Exploration SAP,2021-05-06,13:33:27,00:00:03
stefano.crapanzano@chu.ulg.ac.be,Organizational Levels,Exploration SAP,2021-05-06,10:16:02,00:00:03
stefano.crapanzano@chu.ulg.ac.be,Organizational Levels,Exploration SAP,2021-05-06,13:19:10,00:00:03
stefano.crapanzano@chu.ulg.ac.be,Organizational Levels,Exploration SAP,2021-05-06,13:31:51,00:00:03
stefano.crapanzano@chu.ulg.ac.be,Organizational Levels,Exploration SAP,2021-05-06,13:33:31,00:00:02
stefano.crapanzano@chu.ulg.ac.be,Afficher article 600814 (ARTICLE WM Stock),Exploration SAP,2021-05-06,10:14:18,00:00:34
stefano.crapanzano@chu.ulg.ac.be,Afficher article 600814 (ARTICLE WM Stock),Exploration SAP,2021-05-06,10:16:06,00:00:15
stefano.crapanzano@chu.ulg.ac.be,Afficher article 600814 (ARTICLE WM Stock),Exploration SAP,2021-05-06,13:19:14,00:00:02
stefano.crapanzano@chu.ulg.ac.be,Afficher article 600814 (ARTICLE WM Stock),Exploration SAP,2021-05-06,14:17:42,00:00:03
stefano.crapanzano@chu.ulg.ac.be,Afficher article 600814 (ARTICLE WM Stock),Exploration SAP,2021-05-06,14:17:49,00:00:02
stefano.crapanzano@chu.ulg.ac.be,Afficher article 600814 (ARTICLE WM Stock),Exploration SAP,2021-05-06,14:17:55,00:00:02
stefano.crapanzano@chu.ulg.ac.be,Afficher article 600814 (ARTICLE WM Stock),Exploration SAP,2021-05-06,14:18:00,00:00:02
stefano.crapanzano@chu.ulg.ac.be,Afficher article 600814 (ARTICLE WM Stock),Exploration SAP,2021-05-06,14:30:30,00:00:02
stefano.crapanzano@chu.ulg.ac.be,Afficher article 600814 (ARTICLE WM Stock),Exploration SAP,2021-05-06,14:30:47,00:00:02
stefano.crapanzano@chu.ulg.ac.be,Enregistrement et Playback,Exploration SAP,2021-05-06,10:15:40,00:00:02
stefano.crapanzano@chu.ulg.ac.be,Enregistrement et Playback,Exploration SAP,2021-05-06,10:16:22,00:00:07
stefano.crapanzano@chu.ulg.ac.be,Enregistrement et Playback,Exploration SAP,2021-05-06,10:16:39,00:00:08
stefano.crapanzano@chu.ulg.ac.be,Enregistrement et Playback,Exploration SAP,2021-05-06,10:19:47,00:00:03
stefano.crapanzano@chu.ulg.ac.be,Enregistrement et Playback,Exploration SAP,2021-05-06,13:19:36,00:00:08
stefano.crapanzano@chu.ulg.ac.be,Enregistrement et Playback,Exploration SAP,2021-05-06,13:31:27,00:00:02
stefano.crapanzano@chu.ulg.ac.be,Enregistrement et Playback,Exploration SAP,2021-05-06,13:31:35,00:00:02
stefano.crapanzano@chu.ulg.ac.be,Enregistrement et Playback,Exploration SAP,2021-05-06,13:33:14,00:00:03
stefano.crapanzano@chu.ulg.ac.be,Enregistrement et Playback,Exploration SAP,2021-05-06,13:34:24,00:00:15
stefano.crapanzano@chu.ulg.ac.be,Enregistrement et Playback,Exploration SAP,2021-05-06,13:34:41,00:00:02
stefano.crapanzano@chu.ulg.ac.be,Enregistrement et Playback,Exploration SAP,2021-05-06,14:18:27,00:00:28
stefano.crapanzano@chu.ulg.ac.be,Enregistrement et Playback,Exploration SAP,2021-05-06,14:31:01,00:00:02
stefano.crapanzano@chu.ulg.ac.be,SAP Frontend Server,Exploration SAP,2021-05-06,13:31:31,00:00:03
stefano.crapanzano@chu.ulg.ac.be,Ouvrir,IT,2021-05-06,10:16:30,00:00:02
stefano.crapanzano@chu.ulg.ac.be,C:\Users\c158492\AppData\Roaming\SAP\SAP GUI\Scripts\Script3.vbs - Notepad++ [Administrator],IT,2021-05-06,10:16:33,00:00:06
stefano.crapanzano@chu.ulg.ac.be,C:\Users\c158492\AppData\Roaming\SAP\SAP GUI\Scripts\Script3.vbs - Notepad++ [Administrator],Exploration SAP,2021-05-06,10:16:47,00:00:09
stefano.crapanzano@chu.ulg.ac.be,C:\Users\c158492\AppData\Roaming\SAP\SAP GUI\Scripts\Script3.vbs - Notepad++ [Administrator],IT,2021-05-06,10:20:05,00:00:07
stefano.crapanzano@chu.ulg.ac.be,C:\Users\c158492\AppData\Roaming\SAP\SAP GUI\Scripts\Script3.vbs - Notepad++ [Administrator],IT,2021-05-06,10:20:15,00:00:04
stefano.crapanzano@chu.ulg.ac.be,C:\Users\c158492\AppData\Roaming\SAP\SAP GUI\Scripts\Script3.vbs - Notepad++ [Administrator],IT,2021-05-06,11:18:43,00:00:06
stefano.crapanzano@chu.ulg.ac.be,C:\Users\c158492\AppData\Roaming\SAP\SAP GUI\Scripts\Script3.vbs - Notepad++ [Administrator],IT,2021-05-06,13:19:26,00:00:09
stefano.crapanzano@chu.ulg.ac.be,C:\Users\c158492\AppData\Roaming\SAP\SAP GUI\Scripts\Script3.vbs - Notepad++ [Administrator],IT,2021-05-06,13:19:50,00:00:07
stefano.crapanzano@chu.ulg.ac.be,C:\Users\c158492\AppData\Roaming\SAP\SAP GUI\Scripts\Script3.vbs - Notepad++ [Administrator],IT,2021-05-06,13:32:04,00:00:07
stefano.crapanzano@chu.ulg.ac.be,C:\Users\c158492\AppData\Roaming\SAP\SAP GUI\Scripts\Script3.vbs - Notepad++ [Administrator],IT,2021-05-06,13:34:04,00:00:15
stefano.crapanzano@chu.ulg.ac.be,C:\Users\c158492\AppData\Roaming\SAP\SAP GUI\Scripts\Script3.vbs - Notepad++ [Administrator],IT,2021-05-06,13:34:52,00:00:07
stefano.crapanzano@chu.ulg.ac.be,Performance Assistant,Exploration SAP,2021-05-06,10:20:00,00:00:02
stefano.crapanzano@chu.ulg.ac.be,Performance Assistant,Exploration SAP,2021-05-06,10:56:52,00:00:06
stefano.crapanzano@chu.ulg.ac.be,Performance Assistant,Exploration SAP,2021-05-06,13:33:57,00:00:04
stefano.crapanzano@chu.ulg.ac.be,Sélectionner document,Exploration SAP,2021-05-06,11:02:30,00:00:03
stefano.crapanzano@chu.ulg.ac.be,Sélectionner document,Exploration SAP,2021-05-06,11:02:43,00:00:02
stefano.crapanzano@chu.ulg.ac.be,Commande interv. 40 4000208652 créée par WEBUSERCHU,Exploration SAP,2021-05-06,11:02:46,00:00:04
stefano.crapanzano@chu.ulg.ac.be,Commande interv. 40 4000208652 créée par WEBUSERCHU,Exploration SAP,2021-05-06,11:03:02,00:00:02
stefano.crapanzano@chu.ulg.ac.be,Commande interv. 40 4000208652 créée par WEBUSERCHU,Exploration SAP,2021-05-06,11:03:21,00:00:04
stefano.crapanzano@chu.ulg.ac.be,Commande interv. 40 4000208652 créée par WEBUSERCHU,Exploration SAP,2021-05-06,12:25:05,00:00:02
stefano.crapanzano@chu.ulg.ac.be,Afficher Cde achat : : messages,Exploration SAP,2021-05-06,11:02:50,00:00:12
stefano.crapanzano@chu.ulg.ac.be,SAPconnect : ordres d'envoi de 05.05.2021 à 06.05.2021,Exploration SAP,2021-05-06,11:03:09,00:00:04
stefano.crapanzano@chu.ulg.ac.be,SAPconnect : ordres d'envoi de 05.05.2021 à 06.05.2021,Exploration SAP,2021-05-06,11:03:27,00:00:07
stefano.crapanzano@chu.ulg.ac.be,SAPconnect : ordres d'envoi de 04.05.2021 à 06.05.2021,Exploration SAP,2021-05-06,11:03:34,00:00:08
stefano.crapanzano@chu.ulg.ac.be,SAPconnect : ordres d'envoi de 04.05.2021 à 06.05.2021,Exploration SAP,2021-05-06,11:03:47,00:00:45
stefano.crapanzano@chu.ulg.ac.be,SAPconnect : ordres d'envoi de 04.05.2021 à 06.05.2021,Exploration SAP,2021-05-06,11:04:35,00:00:33
stefano.crapanzano@chu.ulg.ac.be,SAPconnect : ordres d'envoi de 04.05.2021 à 06.05.2021,Exploration SAP,2021-05-06,11:05:49,00:00:13
stefano.crapanzano@chu.ulg.ac.be,Définir valeurs pour critères de filtre,Exploration SAP,2021-05-06,11:03:42,00:00:04
stefano.crapanzano@chu.ulg.ac.be,Définir valeurs pour critères de filtre,Exploration SAP,2021-05-06,11:04:33,00:00:02
stefano.crapanzano@chu.ulg.ac.be,Sélection de jobs simple,Exploration SAP,2021-05-06,11:05:18,00:00:14
stefano.crapanzano@chu.ulg.ac.be,Synthèse des jobs,Exploration SAP,2021-05-06,11:05:33,00:00:02
stefano.crapanzano@chu.ulg.ac.be,Synthèse des jobs,Exploration SAP,2021-05-06,11:05:39,00:00:08
stefano.crapanzano@chu.ulg.ac.be,Synthèse des jobs,Exploration SAP,2021-05-06,12:26:40,00:00:02
stefano.crapanzano@chu.ulg.ac.be,SAPconnect : ordres d'envoi de 02.05.2021 à 06.05.2021,Exploration SAP,2021-05-06,11:06:02,00:00:41
stefano.crapanzano@chu.ulg.ac.be,SAPconnect : ordres d'envoi de 02.05.2021 à 06.05.2021,Exploration SAP,2021-05-06,11:06:52,00:00:03
stefano.crapanzano@chu.ulg.ac.be,SAPconnect : ordres d'envoi de 02.05.2021 à 06.05.2021,Exploration SAP,2021-05-06,11:07:04,00:00:44
stefano.crapanzano@chu.ulg.ac.be,SAPconnect : ordres d'envoi de 02.05.2021 à 06.05.2021,Exploration SAP,2021-05-06,11:07:51,00:00:17
stefano.crapanzano@chu.ulg.ac.be,SAPconnect : ordres d'envoi de 02.05.2021 à 06.05.2021,Exploration SAP,2021-05-06,11:08:12,00:00:21
stefano.crapanzano@chu.ulg.ac.be,SAPconnect : ordres d'envoi de 02.05.2021 à 06.05.2021,Exploration SAP,2021-05-06,11:16:33,00:00:17
stefano.crapanzano@chu.ulg.ac.be,SAPconnect : ordres d'envoi de 02.05.2021 à 06.05.2021,Exploration SAP,2021-05-06,11:17:04,00:00:26
stefano.crapanzano@chu.ulg.ac.be,SAPconnect : ordres d'envoi de 02.05.2021 à 06.05.2021,Exploration SAP,2021-05-06,11:17:57,00:00:02
stefano.crapanzano@chu.ulg.ac.be,SAPconnect : ordres d'envoi de 02.05.2021 à 06.05.2021,Exploration SAP,2021-05-06,11:18:03,00:00:08
stefano.crapanzano@chu.ulg.ac.be,SAPconnect : ordres d'envoi de 02.05.2021 à 06.05.2021,Exploration SAP,2021-05-06,11:22:05,00:01:37
stefano.crapanzano@chu.ulg.ac.be,SAPconnect : ordres d'envoi de 02.05.2021 à 06.05.2021,Exploration SAP,2021-05-06,11:24:21,00:00:27
stefano.crapanzano@chu.ulg.ac.be,SAPconnect : ordres d'envoi de 02.05.2021 à 06.05.2021,Exploration SAP,2021-05-06,11:24:50,00:00:04
stefano.crapanzano@chu.ulg.ac.be,SAPconnect : ordres d'envoi de 02.05.2021 à 06.05.2021,Exploration SAP,2021-05-06,11:25:00,00:01:17
stefano.crapanzano@chu.ulg.ac.be,Texte de statut (Message XS816),Exploration SAP,2021-05-06,11:06:56,00:00:08
stefano.crapanzano@chu.ulg.ac.be,SAP,Exploration SAP,2021-05-06,11:13:26,00:00:02
stefano.crapanzano@chu.ulg.ac.be,SAP,Exploration SAP,2021-05-06,11:14:12,00:00:02
stefano.crapanzano@chu.ulg.ac.be,SAP,Exploration SAP,2021-05-06,11:16:23,00:00:06
stefano.crapanzano@chu.ulg.ac.be,SAP,Exploration SAP,2021-05-06,11:40:27,00:00:02
stefano.crapanzano@chu.ulg.ac.be,SAP,Exploration SAP,2021-05-06,12:25:48,00:00:02
stefano.crapanzano@chu.ulg.ac.be,SAP,Exploration SAP,2021-05-06,12:36:01,00:00:03
stefano.crapanzano@chu.ulg.ac.be,SAP,Exploration SAP,2021-05-06,12:36:43,00:00:06
stefano.crapanzano@chu.ulg.ac.be,SAP,Exploration SAP,2021-05-06,13:30:09,00:00:02
stefano.crapanzano@chu.ulg.ac.be,SAP,Exploration SAP,2021-05-06,13:52:51,00:00:02
stefano.crapanzano@chu.ulg.ac.be,SAP,Exploration SAP,2021-05-06,13:53:15,00:00:02
stefano.crapanzano@chu.ulg.ac.be,SAP,Exploration SAP,2021-05-06,14:53:09,00:00:03
stefano.crapanzano@chu.ulg.ac.be,I:\Informatique\ERP\Exploitation\SURVEILLANCE\SOST\sost_04_05_2021_15_00_00_15_59_59.csv - Notepad++ [Administrator],IT,2021-05-06,11:18:14,00:00:02
stefano.crapanzano@chu.ulg.ac.be,I:\Informatique\ERP\Exploitation\SURVEILLANCE\SOST\sost_04_05_2021_15_00_00_15_59_59.csv - Notepad++ [Administrator],IT,2021-05-06,11:20:40,00:00:02
stefano.crapanzano@chu.ulg.ac.be,I:\Informatique\ERP\Exploitation\SURVEILLANCE\SOST\sost_04_05_2021_15_00_00_15_59_59.csv - Notepad++ [Administrator],IT,2021-05-06,11:21:51,00:00:02
stefano.crapanzano@chu.ulg.ac.be,I:\Informatique\ERP\Exploitation\SURVEILLANCE\SOST\sost_04_05_2021_15_00_00_15_59_59.csv - Notepad++ [Administrator],IT,2021-05-06,13:19:22,00:00:04
stefano.crapanzano@chu.ulg.ac.be,I:\Informatique\ERP\Exploitation\SURVEILLANCE\SOST\sost_04_05_2021_14_00_00_14_59_59.csv - Notepad++ [Administrator],IT,2021-05-06,11:18:35,00:00:03
stefano.crapanzano@chu.ulg.ac.be,I:\Informatique\ERP\Exploitation\SURVEILLANCE\SOST\sost_04_05_2021_14_00_00_14_59_59.csv - Notepad++ [Administrator],IT,2021-05-06,11:19:31,00:00:02
stefano.crapanzano@chu.ulg.ac.be,I:\Informatique\ERP\Exploitation\SURVEILLANCE\SOST\sost_04_05_2021_14_00_00_14_59_59.csv - Notepad++ [Administrator],IT,2021-05-06,11:19:36,00:00:22
stefano.crapanzano@chu.ulg.ac.be,I:\Informatique\ERP\Exploitation\SURVEILLANCE\SOST\sost_04_05_2021_14_00_00_14_59_59.csv - Notepad++ [Administrator],IT,2021-05-06,11:20:22,00:00:08
stefano.crapanzano@chu.ulg.ac.be,I:\Informatique\ERP\Exploitation\SURVEILLANCE\SOST\sost_04_05_2021_14_00_00_14_59_59.csv - Notepad++ [Administrator],IT,2021-05-06,11:20:35,00:00:05
stefano.crapanzano@chu.ulg.ac.be,I:\Informatique\ERP\Exploitation\SURVEILLANCE\SOST\sost_04_05_2021_14_00_00_14_59_59.csv - Notepad++ [Administrator],IT,2021-05-06,11:20:44,00:00:25
stefano.crapanzano@chu.ulg.ac.be,I:\Informatique\ERP\Exploitation\SURVEILLANCE\SOST\sost_04_05_2021_14_00_00_14_59_59.csv - Notepad++ [Administrator],IT,2021-05-06,11:21:17,00:00:33
stefano.crapanzano@chu.ulg.ac.be,belnet attaque - Recherche Google - Google Chrome,Tâches diverses,2021-05-06,11:23:49,00:00:07
stefano.crapanzano@chu.ulg.ac.be,Parlement fédéral  universités… Le réseau Belnet victime d'une cyberattaque de grande ampleur - Google Chrome,Tâches diverses,2021-05-06,11:23:56,00:00:20
stefano.crapanzano@chu.ulg.ac.be,Parlement fédéral  universités… Le réseau Belnet victime d'une cyberattaque de grande ampleur - Google Chrome,Tâches diverses,2021-05-06,11:24:56,00:00:02
stefano.crapanzano@chu.ulg.ac.be,Parlement fédéral  universités… Le réseau Belnet victime d'une cyberattaque de grande ampleur - Google Chrome,Tâches diverses,2021-05-06,14:27:11,00:00:02
stefano.crapanzano@chu.ulg.ac.be,Info licence en cas de connexion multiple,Exploration SAP,2021-05-06,11:40:13,00:00:02
stefano.crapanzano@chu.ulg.ac.be,Info licence en cas de connexion multiple,Exploration SAP,2021-05-06,12:01:59,00:00:02
stefano.crapanzano@chu.ulg.ac.be,Info licence en cas de connexion multiple,Exploration SAP,2021-05-06,12:25:36,00:00:02
stefano.crapanzano@chu.ulg.ac.be,Info licence en cas de connexion multiple,Exploration SAP,2021-05-06,12:36:49,00:00:07
stefano.crapanzano@chu.ulg.ac.be,Info licence en cas de connexion multiple,Exploration SAP,2021-05-06,12:36:59,00:00:02
stefano.crapanzano@chu.ulg.ac.be,Fin de session,Exploration SAP,2021-05-06,11:40:24,00:00:02
stefano.crapanzano@chu.ulg.ac.be,Fin de session,Exploration SAP,2021-05-06,11:50:14,00:00:02
stefano.crapanzano@chu.ulg.ac.be,Fin de session,Exploration SAP,2021-05-06,12:25:17,00:00:03
stefano.crapanzano@chu.ulg.ac.be,Fin de session,Exploration SAP,2021-05-06,12:25:26,00:00:02
stefano.crapanzano@chu.ulg.ac.be,Fin de session,Exploration SAP,2021-05-06,12:25:55,00:00:04
stefano.crapanzano@chu.ulg.ac.be,Fin de session,Exploration SAP,2021-05-06,12:26:25,00:00:02
stefano.crapanzano@chu.ulg.ac.be,Fin de session,Exploration SAP,2021-05-06,12:26:34,00:00:02
stefano.crapanzano@chu.ulg.ac.be,Fin de session,Exploration SAP,2021-05-06,12:26:43,00:00:02
stefano.crapanzano@chu.ulg.ac.be,Fin de session,Exploration SAP,2021-05-06,12:35:53,00:00:02
stefano.crapanzano@chu.ulg.ac.be,Fin de session,Exploration SAP,2021-05-06,12:38:49,00:00:02
stefano.crapanzano@chu.ulg.ac.be,Fin de session,Exploration SAP,2021-05-06,13:09:02,00:00:02
stefano.crapanzano@chu.ulg.ac.be,Fin de session,Exploration SAP,2021-05-06,13:31:18,00:00:02
stefano.crapanzano@chu.ulg.ac.be,Fin de session,Exploration SAP,2021-05-06,14:17:45,00:00:02
stefano.crapanzano@chu.ulg.ac.be,Fin de session,Exploration SAP,2021-05-06,14:17:51,00:00:02
stefano.crapanzano@chu.ulg.ac.be,Fin de session,Exploration SAP,2021-05-06,14:17:57,00:00:02
stefano.crapanzano@chu.ulg.ac.be,Fin de session,Exploration SAP,2021-05-06,14:18:02,00:00:02
stefano.crapanzano@chu.ulg.ac.be,Fin de session,Exploration SAP,2021-05-06,14:30:41,00:00:02
stefano.crapanzano@chu.ulg.ac.be,Fin de session,Exploration SAP,2021-05-06,14:30:49,00:00:02
stefano.crapanzano@chu.ulg.ac.be,Fin de session,Exploration SAP,2021-05-06,14:35:41,00:00:02
stefano.crapanzano@chu.ulg.ac.be,Fin de session,Exploration SAP,2021-05-06,14:38:08,00:00:03
stefano.crapanzano@chu.ulg.ac.be,Fin de session,Exploration SAP,2021-05-06,14:53:17,00:00:02
stefano.crapanzano@chu.ulg.ac.be,Fin de session,Exploration SAP,2021-05-06,15:15:14,00:00:04
stefano.crapanzano@chu.ulg.ac.be,Exporter/importer Lien entre article-centre de coûts et quantité,Exploration SAP,2021-05-06,12:03:26,00:00:02
stefano.crapanzano@chu.ulg.ac.be,Exporter/importer Lien entre article-centre de coûts et quantité,Exploration SAP,2021-05-06,12:03:32,00:00:07
stefano.crapanzano@chu.ulg.ac.be,Exporter/importer Lien entre article-centre de coûts et quantité,Exploration SAP,2021-05-06,12:24:50,00:00:02
stefano.crapanzano@chu.ulg.ac.be,Exporter/importer Lien entre article-centre de coûts et quantité,Exploration SAP,2021-05-06,12:25:12,00:00:03
stefano.crapanzano@chu.ulg.ac.be,Exporter/importer Lien entre article-centre de coûts et quantité,Exploration SAP,2021-05-06,12:25:22,00:00:03
stefano.crapanzano@chu.ulg.ac.be,Exporter/importer Lien entre article-centre de coûts et quantité,Exploration SAP,2021-05-06,12:25:40,00:00:02
stefano.crapanzano@chu.ulg.ac.be,Exporter/importer Lien entre article-centre de coûts et quantité,Exploration SAP,2021-05-06,12:28:21,00:00:05
stefano.crapanzano@chu.ulg.ac.be,Exporter/importer Lien entre article-centre de coûts et quantité,Exploration SAP,2021-05-06,12:35:04,00:00:04
stefano.crapanzano@chu.ulg.ac.be,Exporter/importer Lien entre article-centre de coûts et quantité,Exploration SAP,2021-05-06,12:35:28,00:00:09
stefano.crapanzano@chu.ulg.ac.be,Exporter/importer Lien entre article-centre de coûts et quantité,Exploration SAP,2021-05-06,12:35:48,00:00:03
stefano.crapanzano@chu.ulg.ac.be,Exporter/importer Lien entre article-centre de coûts et quantité,Exploration SAP,2021-05-06,12:36:05,00:00:02
stefano.crapanzano@chu.ulg.ac.be,Exporter/importer Lien entre article-centre de coûts et quantité,Exploration SAP,2021-05-06,12:36:08,00:00:03
stefano.crapanzano@chu.ulg.ac.be,Exporter/importer Lien entre article-centre de coûts et quantité,Exploration SAP,2021-05-06,12:37:02,00:00:02
stefano.crapanzano@chu.ulg.ac.be,Exporter/importer Lien entre article-centre de coûts et quantité,Exploration SAP,2021-05-06,12:37:24,00:00:02
stefano.crapanzano@chu.ulg.ac.be,Exporter/importer Lien entre article-centre de coûts et quantité,Exploration SAP,2021-05-06,12:38:46,00:00:02
stefano.crapanzano@chu.ulg.ac.be,Exporter/importer Lien entre article-centre de coûts et quantité,Exploration SAP,2021-05-06,12:38:52,00:00:02
stefano.crapanzano@chu.ulg.ac.be,Exporter/importer Lien entre article-centre de coûts et quantité,Exploration SAP,2021-05-06,12:39:07,00:00:07
stefano.crapanzano@chu.ulg.ac.be,Exporter/importer Lien entre article-centre de coûts et quantité,Exploration SAP,2021-05-06,13:18:25,00:00:03
stefano.crapanzano@chu.ulg.ac.be,Exporter/importer Lien entre article-centre de coûts et quantité,Exploration SAP,2021-05-06,14:35:38,00:00:03
stefano.crapanzano@chu.ulg.ac.be,Exporter/importer Lien entre article-centre de coûts et quantité,Exploration SAP,2021-05-06,14:38:04,00:00:03
stefano.crapanzano@chu.ulg.ac.be,Exporter/importer Lien entre article-centre de coûts et quantité,Exploration SAP,2021-05-06,14:53:14,00:00:03
stefano.crapanzano@chu.ulg.ac.be,Exporter/importer Lien entre article-centre de coûts et quantité,Exploration SAP,2021-05-06,15:13:12,00:00:02
stefano.crapanzano@chu.ulg.ac.be,C:\temp\test.csv - Notepad++ [Administrator],IT,2021-05-06,12:03:58,00:01:57
stefano.crapanzano@chu.ulg.ac.be,C:\temp\test.csv - Notepad++ [Administrator],IT,2021-05-06,12:15:12,00:00:04
stefano.crapanzano@chu.ulg.ac.be,Texte standard : requête,Exploration SAP,2021-05-06,12:26:09,00:00:07
stefano.crapanzano@chu.ulg.ac.be,Texte standard : requête,Exploration SAP,2021-05-06,12:26:21,00:00:03
stefano.crapanzano@chu.ulg.ac.be,Recherche de textes standard,Exploration SAP,2021-05-06,12:26:16,00:00:04
stefano.crapanzano@chu.ulg.ac.be,C:\temp\zmmartikel_2021_05_06_12_39_08_NDNBOMAGA_600815.txt - Notepad++ [Administrator],IT,2021-05-06,12:39:23,00:00:03
stefano.crapanzano@chu.ulg.ac.be,C:\temp\zmmartikel_2021_05_06_12_39_08_NDNBOMAGA_600815.txt - Notepad++ [Administrator],IT,2021-05-06,15:28:37,00:00:05
stefano.crapanzano@chu.ulg.ac.be,C:\temp\zmmartikel_2021_05_06_12_39_08_NDNBOMAGA_600815.txt - Notepad++ [Administrator],IT,2021-05-06,16:25:16,00:00:21
stefano.crapanzano@chu.ulg.ac.be,Harpège Download_tables_SaaS_SAP_V13.xlsx - Excel,Tâches diverses,2021-05-06,13:28:44,00:00:02
stefano.crapanzano@chu.ulg.ac.be,Harpège Download_tables_SaaS_SAP_V13.xlsx - Excel,Tâches diverses,2021-05-06,13:29:20,00:00:02
stefano.crapanzano@chu.ulg.ac.be,Harpège Download_tables_SaaS_SAP_V13.xlsx - Excel,Tâches diverses,2021-05-06,13:31:23,00:00:02
stefano.crapanzano@chu.ulg.ac.be,Rechercher et remplacer,Tâches diverses,2021-05-06,13:28:47,00:00:33
stefano.crapanzano@chu.ulg.ac.be,Avertissement,Exploration SAP,2021-05-06,13:30:45,00:00:21
stefano.crapanzano@chu.ulg.ac.be,Avertissement,Exploration SAP,2021-05-06,13:31:54,00:00:02
stefano.crapanzano@chu.ulg.ac.be,Avertissement,Exploration SAP,2021-05-06,13:33:33,00:00:24
stefano.crapanzano@chu.ulg.ac.be,Avertissement,Exploration SAP,2021-05-06,14:30:10,00:00:03
stefano.crapanzano@chu.ulg.ac.be,Avertissement,Exploration SAP,2021-05-06,14:32:30,00:00:10
stefano.crapanzano@chu.ulg.ac.be,Avertissement,Exploration SAP,2021-05-06,14:40:38,00:00:02
stefano.crapanzano@chu.ulg.ac.be,Avertissement,Exploration SAP,2021-05-06,14:50:03,00:00:02
stefano.crapanzano@chu.ulg.ac.be,Afficher article 516064 (ARTICLE WM non valorisé),Exploration SAP,2021-05-06,13:31:07,00:00:02
stefano.crapanzano@chu.ulg.ac.be,Afficher article 516064 (ARTICLE WM non valorisé),Exploration SAP,2021-05-06,13:31:57,00:00:02
stefano.crapanzano@chu.ulg.ac.be,Afficher article 516064 (ARTICLE WM non valorisé),Exploration SAP,2021-05-06,14:40:41,00:00:02
stefano.crapanzano@chu.ulg.ac.be,C:\Users\c158492\ProjetBoulot\EXCEL\macro\recherche_hierarchie_sap_scanfields.vba - Notepad++ [Administrator],IT,2021-05-06,13:36:54,00:00:13
stefano.crapanzano@chu.ulg.ac.be,C:\Users\c158492\ProjetBoulot\EXCEL\macro\recherche_hierarchie_sap_scanfields.vba - Notepad++ [Administrator],IT,2021-05-06,13:39:59,00:00:08
stefano.crapanzano@chu.ulg.ac.be,C:\Users\c158492\ProjetBoulot\EXCEL\macro\recherche_hierarchie_sap_scanfields.vba - Notepad++ [Administrator],IT,2021-05-06,13:41:25,00:00:15
stefano.crapanzano@chu.ulg.ac.be,C:\Users\c158492\ProjetBoulot\EXCEL\macro\recherche_hierarchie_sap_scanfields.vba - Notepad++ [Administrator],IT,2021-05-06,13:44:44,00:00:07
stefano.crapanzano@chu.ulg.ac.be,C:\Users\c158492\ProjetBoulot\EXCEL\macro\recherche_hierarchie_sap_scanfields.vba - Notepad++ [Administrator],IT,2021-05-06,13:45:08,00:00:17
stefano.crapanzano@chu.ulg.ac.be,C:\Users\c158492\ProjetBoulot\EXCEL\macro\recherche_hierarchie_sap_scanfields.vba - Notepad++ [Administrator],IT,2021-05-06,13:46:22,00:00:12
stefano.crapanzano@chu.ulg.ac.be,C:\Users\c158492\ProjetBoulot\EXCEL\macro\recherche_hierarchie_sap_scanfields.vba - Notepad++ [Administrator],IT,2021-05-06,13:57:38,00:00:07
stefano.crapanzano@chu.ulg.ac.be,Microsoft Visual Basic pour Applications - GOAL_VALIDATION_ARTICLE.xltm [exécution en cours] - [Module1 (Code)],Tâches diverses,2021-05-06,14:00:07,00:00:03
stefano.crapanzano@chu.ulg.ac.be,Microsoft Visual Basic pour Applications - GOAL_VALIDATION_ARTICLE.xltm [arrêt] - [Module1 (Code)],Tâches diverses,2021-05-06,13:59:53,00:00:03
stefano.crapanzano@chu.ulg.ac.be,Microsoft Visual Basic pour Applications - GOAL_VALIDATION_ARTICLE.xltm [arrêt] - [Module1 (Code)],Tâches diverses,2021-05-06,14:00:04,00:00:03
stefano.crapanzano@chu.ulg.ac.be,Microsoft Visual Basic pour Applications - GOAL_VALIDATION_ARTICLE.xltm [arrêt] - [Module1 (Code)],Tâches diverses,2021-05-06,14:00:11,00:00:03
stefano.crapanzano@chu.ulg.ac.be,C:\temp\fields_mm03.txt - Notepad++ [Administrator],IT,2021-05-06,14:00:34,00:00:13
stefano.crapanzano@chu.ulg.ac.be,C:\temp\fields_mm03.txt - Notepad++ [Administrator],IT,2021-05-06,14:01:33,00:00:07
stefano.crapanzano@chu.ulg.ac.be,C:\temp\fields_mm03.txt - Notepad++ [Administrator],IT,2021-05-06,15:07:45,00:00:07
stefano.crapanzano@chu.ulg.ac.be,Enregistrer le message,Helpdesk général,2021-05-06,14:19:30,00:00:03
stefano.crapanzano@chu.ulg.ac.be,Enregistrer le message,Helpdesk général,2021-05-06,14:19:45,00:00:02
stefano.crapanzano@chu.ulg.ac.be,Enregistrer le message,Helpdesk général,2021-05-06,14:20:07,00:00:03
stefano.crapanzano@chu.ulg.ac.be,Rédaction : (pas de sujet) - Thunderbird,Helpdesk général,2021-05-06,14:19:34,00:00:02
stefano.crapanzano@chu.ulg.ac.be,Rédaction : (pas de sujet) - Thunderbird,Helpdesk général,2021-05-06,14:19:37,00:00:08
stefano.crapanzano@chu.ulg.ac.be,Rédaction : Re: TR: [MON SUIVI] : souci connexion SAP et SSP - Thunderbird,Helpdesk général,2021-05-06,14:19:52,00:00:14
stefano.crapanzano@chu.ulg.ac.be,sapscript python children - Recherche Google - Google Chrome,Tâches diverses,2021-05-06,14:27:20,00:00:02
stefano.crapanzano@chu.ulg.ac.be,sapscript python children - Recherche Google - Google Chrome,Tâches diverses,2021-05-06,14:28:08,00:00:02
stefano.crapanzano@chu.ulg.ac.be,How to use SAP GUI Scripting inside Python Programming Language | SAP Blogs - Google Chrome,Tâches diverses,2021-05-06,14:27:22,00:00:45
stefano.crapanzano@chu.ulg.ac.be,How to use python to operate SAP Gui and run SAP Scripts? - Stack Overflow - Google Chrome,Tâches diverses,2021-05-06,14:28:10,00:00:20
stefano.crapanzano@chu.ulg.ac.be,Scripting Tracker - Recherche Google - Google Chrome,Tâches diverses,2021-05-06,14:28:32,00:00:02
stefano.crapanzano@chu.ulg.ac.be,Scripting Tracker for SAP GUI Scripting - Google Chrome,Tâches diverses,2021-05-06,14:28:35,00:01:02
stefano.crapanzano@chu.ulg.ac.be,Recherche dans arborescence des menus,Exploration SAP,2021-05-06,14:41:01,00:00:12
stefano.crapanzano@chu.ulg.ac.be,Recherche dans arborescence des menus,Exploration SAP,2021-05-06,14:42:04,00:00:09
stefano.crapanzano@chu.ulg.ac.be,Données par inscription-centre de coûts-réceptionnaire,Exploration SAP,2021-05-06,14:42:19,00:00:03
stefano.crapanzano@chu.ulg.ac.be,Articles par réceptionnaire-centre de frais,Exploration SAP,2021-05-06,14:42:26,00:00:56
stefano.crapanzano@chu.ulg.ac.be,Articles par réceptionnaire-centre de frais,Exploration SAP,2021-05-06,14:50:14,00:00:07
stefano.crapanzano@chu.ulg.ac.be,Articles par réceptionnaire-centre de frais,Exploration SAP,2021-05-06,14:50:28,00:00:03
stefano.crapanzano@chu.ulg.ac.be,Articles par réceptionnaire-centre de frais,Exploration SAP,2021-05-06,15:12:19,00:00:02
stefano.crapanzano@chu.ulg.ac.be,Stefano CRAPANZANO - erp.sai@chuliege.be - Mozilla Thunderbird,Helpdesk général,2021-05-06,14:46:34,00:00:44
stefano.crapanzano@chu.ulg.ac.be,Stefano CRAPANZANO - erp.sai@chuliege.be - Mozilla Thunderbird,Helpdesk général,2021-05-06,14:51:13,00:00:02
stefano.crapanzano@chu.ulg.ac.be,C:\temp\extract_zmmartikel\zmmartikel_2021_05_04_11_57_55_NDNBOMAGA_600814.txt - Notepad++ [Administrator],IT,2021-05-06,15:07:52,00:00:05
stefano.crapanzano@chu.ulg.ac.be,C:\temp\extract_zmmartikel\zmmartikel_2021_05_04_11_57_55_NDNBOMAGA_600814.txt - Notepad++ [Administrator],IT,2021-05-06,15:08:07,00:00:03
stefano.crapanzano@chu.ulg.ac.be,C:\temp\extract_zmmartikel\zmmartikel_2021_05_04_11_57_55_NDNBOMAGA_600814.txt - Notepad++ [Administrator],IT,2021-05-06,15:08:14,00:00:04
stefano.crapanzano@chu.ulg.ac.be,C:\temp\extract_zmmartikel\zmmartikel_2021_05_04_11_57_55_NDNBOMAGA_600814.txt - Notepad++ [Administrator],IT,2021-05-06,15:09:23,00:00:03
stefano.crapanzano@chu.ulg.ac.be,C:\temp\extract_zmmartikel\zmmartikel_2021_05_04_11_57_55_NDNBOMAGA_600814.txt - Notepad++ [Administrator],IT,2021-05-06,15:10:35,00:00:05
stefano.crapanzano@chu.ulg.ac.be,C:\temp\extract_zmmartikel\zmmartikel_2021_05_04_11_57_55_NDNBOMAGA_600814.txt - Notepad++ [Administrator],IT,2021-05-06,15:22:55,00:00:06
stefano.crapanzano@chu.ulg.ac.be,C:\temp\extract_zmmartikel\zmmartikel_2021_05_04_11_57_55_NDNBOMAGA_600814.txt - Notepad++ [Administrator],IT,2021-05-06,15:23:28,00:00:08
stefano.crapanzano@chu.ulg.ac.be,trim python split - Recherche Google - Google Chrome,Tâches diverses,2021-05-06,15:13:43,00:00:02
stefano.crapanzano@chu.ulg.ac.be,Split by comma and strip whitespace in Python - Stack Overflow - Google Chrome,Tâches diverses,2021-05-06,15:13:46,00:00:15
stefano.crapanzano@chu.ulg.ac.be,accès JIRA - Mozilla Thunderbird,Helpdesk général,2021-05-06,15:43:00,00:00:12
stefano.crapanzano@chu.ulg.ac.be,Didier BARE - erp.sai@chuliege.be - Mozilla Thunderbird,Helpdesk général,2021-05-06,15:47:34,00:00:13
