Email,Description,Project,Start date,Start time,Duration
stefano.crapanzano@chu.ulg.ac.be,Courrier entrant - erp.sai@chuliege.be - Mozilla Thunderbird,Helpdesk général,2021-08-16,08:27:25,00:42:09
stefano.crapanzano@chu.ulg.ac.be,Courrier entrant - erp.sai@chuliege.be - Mozilla Thunderbird,Helpdesk général,2021-08-16,09:10:20,02:34:39
stefano.crapanzano@chu.ulg.ac.be,Courrier entrant - erp.sai@chuliege.be - Mozilla Thunderbird,Helpdesk général,2021-08-16,11:45:01,00:00:10
stefano.crapanzano@chu.ulg.ac.be,Courrier entrant - erp.sai@chuliege.be - Mozilla Thunderbird,Helpdesk général,2021-08-16,11:58:11,00:00:03
stefano.crapanzano@chu.ulg.ac.be,Courrier entrant - erp.sai@chuliege.be - Mozilla Thunderbird,Helpdesk général,2021-08-16,12:03:51,00:00:03
stefano.crapanzano@chu.ulg.ac.be,Courrier entrant - erp.sai@chuliege.be - Mozilla Thunderbird,Helpdesk général,2021-08-16,12:04:23,00:00:08
stefano.crapanzano@chu.ulg.ac.be,Courrier entrant - erp.sai@chuliege.be - Mozilla Thunderbird,Helpdesk général,2021-08-16,12:16:12,00:02:25
stefano.crapanzano@chu.ulg.ac.be,Courrier entrant - erp.sai@chuliege.be - Mozilla Thunderbird,Helpdesk général,2021-08-16,13:46:20,00:12:12
stefano.crapanzano@chu.ulg.ac.be,Courrier entrant - erp.sai@chuliege.be - Mozilla Thunderbird,Helpdesk général,2021-08-16,13:59:37,00:06:43
stefano.crapanzano@chu.ulg.ac.be,Courrier entrant - erp.sai@chuliege.be - Mozilla Thunderbird,Helpdesk général,2021-08-16,14:08:02,00:00:38
stefano.crapanzano@chu.ulg.ac.be,Courrier entrant - erp.sai@chuliege.be - Mozilla Thunderbird,Helpdesk général,2021-08-16,14:08:42,00:00:22
stefano.crapanzano@chu.ulg.ac.be,Courrier entrant - erp.sai@chuliege.be - Mozilla Thunderbird,Helpdesk général,2021-08-16,14:10:23,00:01:12
stefano.crapanzano@chu.ulg.ac.be,Courrier entrant - erp.sai@chuliege.be - Mozilla Thunderbird,Helpdesk général,2021-08-16,14:11:48,00:34:31
stefano.crapanzano@chu.ulg.ac.be,Courrier entrant - erp.sai@chuliege.be - Mozilla Thunderbird,Helpdesk général,2021-08-16,14:46:46,00:00:08
stefano.crapanzano@chu.ulg.ac.be,Courrier entrant - erp.sai@chuliege.be - Mozilla Thunderbird,Helpdesk général,2021-08-16,14:47:19,00:00:18
stefano.crapanzano@chu.ulg.ac.be,Courrier entrant - erp.sai@chuliege.be - Mozilla Thunderbird,Helpdesk général,2021-08-16,14:49:23,00:00:02
stefano.crapanzano@chu.ulg.ac.be,Courrier entrant - erp.sai@chuliege.be - Mozilla Thunderbird,Helpdesk général,2021-08-16,14:50:40,00:00:07
stefano.crapanzano@chu.ulg.ac.be,Courrier entrant - erp.sai@chuliege.be - Mozilla Thunderbird,Helpdesk général,2021-08-16,14:51:11,00:01:39
stefano.crapanzano@chu.ulg.ac.be,Courrier entrant - erp.sai@chuliege.be - Mozilla Thunderbird,Helpdesk général,2021-08-16,15:04:37,01:55:23
stefano.crapanzano@chu.ulg.ac.be,Courrier entrant - stefano.crapanzano@chuliege.be - Mozilla Thunderbird,Helpdesk général,2021-08-16,08:27:20,00:00:04
stefano.crapanzano@chu.ulg.ac.be,Courrier entrant - stefano.crapanzano@chuliege.be - Mozilla Thunderbird,Helpdesk général,2021-08-16,12:16:09,00:00:02
stefano.crapanzano@chu.ulg.ac.be,P203 CHU Commande 4000203526 ne peut être réceptionnée - Xperthis ERP4HC 1.0 - Service d'assistance - Google Chrome,Tâches diverses,2021-08-16,09:09:36,00:00:10
stefano.crapanzano@chu.ulg.ac.be,Demandes - Service d'assistance - Google Chrome,Tâches diverses,2021-08-16,09:09:46,00:00:06
stefano.crapanzano@chu.ulg.ac.be,Demandes - Service d'assistance - Google Chrome,Tâches diverses,2021-08-16,09:10:13,00:00:07
stefano.crapanzano@chu.ulg.ac.be,Demandes - Service d'assistance - Google Chrome,Tâches diverses,2021-08-16,11:51:13,00:00:04
stefano.crapanzano@chu.ulg.ac.be,Demandes - Service d'assistance - Google Chrome,Tâches diverses,2021-08-16,11:51:21,00:00:05
stefano.crapanzano@chu.ulg.ac.be,Demandes - Service d'assistance - Google Chrome,Tâches diverses,2021-08-16,14:46:23,00:00:03
stefano.crapanzano@chu.ulg.ac.be,Demandes - Service d'assistance - Google Chrome,Tâches diverses,2021-08-16,14:52:54,00:00:07
stefano.crapanzano@chu.ulg.ac.be,Demandes - Service d'assistance - Google Chrome,Tâches diverses,2021-08-16,14:53:07,00:11:30
stefano.crapanzano@chu.ulg.ac.be,P203 CHU Confirmation stock zéro - PDA - Xperthis ERP4HC 1.0 - Service d'assistance - Google Chrome,Tâches diverses,2021-08-16,09:09:52,00:00:20
stefano.crapanzano@chu.ulg.ac.be,P203 CHU Confirmation stock zéro - PDA - Xperthis ERP4HC 1.0 - Service d'assistance - Google Chrome,Tâches diverses,2021-08-16,12:05:02,00:06:55
stefano.crapanzano@chu.ulg.ac.be,P203 CHU Confirmation stock zéro - PDA - Xperthis ERP4HC 1.0 - Service d'assistance - Google Chrome,Tâches diverses,2021-08-16,14:46:27,00:00:19
stefano.crapanzano@chu.ulg.ac.be,P203 CHU Confirmation stock zéro - PDA - Xperthis ERP4HC 1.0 - Service d'assistance - Google Chrome,Tâches diverses,2021-08-16,14:46:55,00:00:22
stefano.crapanzano@chu.ulg.ac.be,P203 CHU Confirmation stock zéro - PDA - Xperthis ERP4HC 1.0 - Service d'assistance - Google Chrome,Tâches diverses,2021-08-16,14:52:51,00:00:03
stefano.crapanzano@chu.ulg.ac.be,Rédaction : Fwd: SDERP-18594 P203 CHU Commande 4000196944 pas réceptionnée dans SAP alors qu'elle est réceptionnée dans GERA - Thunderbird,Helpdesk général,2021-08-16,11:45:12,00:00:25
stefano.crapanzano@chu.ulg.ac.be,Rédaction : Fwd: SDERP-18594 P203 CHU Commande 4000196944 pas réceptionnée dans SAP alors qu'elle est réceptionnée dans GERA - Thunderbird,Helpdesk général,2021-08-16,11:45:44,00:05:09
stefano.crapanzano@chu.ulg.ac.be,Rédaction : Fwd: SDERP-18594 P203 CHU Commande 4000196944 pas réceptionnée dans SAP alors qu'elle est réceptionnée dans GERA - Thunderbird,Helpdesk général,2021-08-16,11:50:57,00:00:12
stefano.crapanzano@chu.ulg.ac.be,Rédaction : Fwd: SDERP-18594 P203 CHU Commande 4000196944 pas réceptionnée dans SAP alors qu'elle est réceptionnée dans GERA - Thunderbird,Helpdesk général,2021-08-16,11:51:18,00:00:03
stefano.crapanzano@chu.ulg.ac.be,Rédaction : Fwd: SDERP-18594 P203 CHU Commande 4000196944 pas réceptionnée dans SAP alors qu'elle est réceptionnée dans GERA - Thunderbird,Helpdesk général,2021-08-16,11:52:04,00:01:58
stefano.crapanzano@chu.ulg.ac.be,Rédaction : Fwd: SDERP-18594 P203 CHU Commande 4000196944 pas réceptionnée dans SAP alors qu'elle est réceptionnée dans GERA - Thunderbird,Helpdesk général,2021-08-16,11:54:14,00:02:31
stefano.crapanzano@chu.ulg.ac.be,Navigation système de fichier,IT,2021-08-16,11:45:39,00:00:02
stefano.crapanzano@chu.ulg.ac.be,Navigation système de fichier,IT,2021-08-16,11:45:42,00:00:02
stefano.crapanzano@chu.ulg.ac.be,Navigation système de fichier,IT,2021-08-16,11:50:54,00:00:02
stefano.crapanzano@chu.ulg.ac.be,Navigation système de fichier,IT,2021-08-16,12:01:50,00:00:04
stefano.crapanzano@chu.ulg.ac.be,Navigation système de fichier,IT,2021-08-16,12:03:41,00:00:02
stefano.crapanzano@chu.ulg.ac.be,Navigation système de fichier,IT,2021-08-16,12:03:46,00:00:03
stefano.crapanzano@chu.ulg.ac.be,Navigation système de fichier,IT,2021-08-16,14:47:37,00:00:11
stefano.crapanzano@chu.ulg.ac.be,Navigation système de fichier,IT,2021-08-16,14:49:25,00:00:02
stefano.crapanzano@chu.ulg.ac.be,Navigation système de fichier,IT,2021-08-16,14:49:55,00:00:04
stefano.crapanzano@chu.ulg.ac.be,Navigation système de fichier,IT,2021-08-16,14:50:01,00:00:05
stefano.crapanzano@chu.ulg.ac.be,Navigation système de fichier,IT,2021-08-16,14:53:02,00:00:04
stefano.crapanzano@chu.ulg.ac.be,Programmation,IT,2021-08-16,12:01:55,00:00:05
stefano.crapanzano@chu.ulg.ac.be,P203 CHU Commande 4000196944 pas réceptionnée dans SAP alors qu'elle est réceptionnée dans GERA - Xperthis ERP4HC 1.0 - Service d'assistance - Google Chrome,Tâches diverses,2021-08-16,11:51:27,00:00:21
stefano.crapanzano@chu.ulg.ac.be,P203 CHU Commande 4000196944 pas réceptionnée dans SAP alors qu'elle est réceptionnée dans GERA - Xperthis ERP4HC 1.0 - Service d'assistance - Google Chrome,Tâches diverses,2021-08-16,11:54:04,00:00:09
stefano.crapanzano@chu.ulg.ac.be,P203 CHU Commande 4000196944 pas réceptionnée dans SAP alors qu'elle est réceptionnée dans GERA - Xperthis ERP4HC 1.0 - Service d'assistance - Google Chrome,Tâches diverses,2021-08-16,11:57:05,00:01:04
stefano.crapanzano@chu.ulg.ac.be,P203 CHU Commande 4000196944 pas réceptionnée dans SAP alors qu'elle est réceptionnée dans GERA - Xperthis ERP4HC 1.0 - Service d'assistance - Google Chrome,Tâches diverses,2021-08-16,12:03:44,00:00:02
stefano.crapanzano@chu.ulg.ac.be,P203 CHU Commande 4000196944 pas réceptionnée dans SAP alors qu'elle est réceptionnée dans GERA - Xperthis ERP4HC 1.0 - Service d'assistance - Google Chrome,Tâches diverses,2021-08-16,12:04:38,00:00:20
stefano.crapanzano@chu.ulg.ac.be,P203 CHU Commande 4000196944 pas réceptionnée dans SAP alors qu'elle est réceptionnée dans GERA - Xperthis ERP4HC 1.0 - Service d'assistance - Google Chrome,Tâches diverses,2021-08-16,12:11:57,00:00:10
stefano.crapanzano@chu.ulg.ac.be,P203 CHU Commande 4000196944 pas réceptionnée dans SAP alors qu'elle est réceptionnée dans GERA - Xperthis ERP4HC 1.0 - Service d'assistance - Google Chrome,Tâches diverses,2021-08-16,12:12:56,00:00:05
stefano.crapanzano@chu.ulg.ac.be,P203 CHU Commande 4000196944 pas réceptionnée dans SAP alors qu'elle est réceptionnée dans GERA - Xperthis ERP4HC 1.0 - Service d'assistance - Google Chrome,Tâches diverses,2021-08-16,12:14:20,00:00:09
stefano.crapanzano@chu.ulg.ac.be,P203 CHU Commande 4000196944 pas réceptionnée dans SAP alors qu'elle est réceptionnée dans GERA - Xperthis ERP4HC 1.0 - Service d'assistance - Google Chrome,Tâches diverses,2021-08-16,12:14:39,00:00:06
stefano.crapanzano@chu.ulg.ac.be,P203 CHU Commande 4000196944 pas réceptionnée dans SAP alors qu'elle est réceptionnée dans GERA - Xperthis ERP4HC 1.0 - Service d'assistance - Google Chrome,Tâches diverses,2021-08-16,12:15:11,00:00:08
stefano.crapanzano@chu.ulg.ac.be,P203 CHU Commande 4000196944 pas réceptionnée dans SAP alors qu'elle est réceptionnée dans GERA - Xperthis ERP4HC 1.0 - Service d'assistance - Google Chrome,Tâches diverses,2021-08-16,12:15:58,00:00:06
stefano.crapanzano@chu.ulg.ac.be,P203 CHU Commande 4000196944 pas réceptionnée dans SAP alors qu'elle est réceptionnée dans GERA - Xperthis ERP4HC 1.0 - Service d'assistance - Google Chrome,Tâches diverses,2021-08-16,12:18:37,01:25:04
stefano.crapanzano@chu.ulg.ac.be,P203 CHU Commande 4000196944 pas réceptionnée dans SAP alors qu'elle est réceptionnée dans GERA - Xperthis ERP4HC 1.0 - Service d'assistance - Google Chrome,Tâches diverses,2021-08-16,14:46:19,00:00:03
stefano.crapanzano@chu.ulg.ac.be,PE2203 articles GERA avec fraction décimale complexe.xlsx  [Mode protégé] - Excel,Tâches diverses,2021-08-16,11:51:49,00:00:13
stefano.crapanzano@chu.ulg.ac.be,Vérification de l’orthographe,Helpdesk général,2021-08-16,11:56:45,00:00:02
stefano.crapanzano@chu.ulg.ac.be,Vérification de l’orthographe,Helpdesk général,2021-08-16,12:04:20,00:00:02
stefano.crapanzano@chu.ulg.ac.be,Vérification de l’orthographe,Helpdesk général,2021-08-16,12:15:52,00:00:02
stefano.crapanzano@chu.ulg.ac.be,Rappel pour les pièces jointes,Helpdesk général,2021-08-16,11:56:47,00:00:13
stefano.crapanzano@chu.ulg.ac.be,4000196944 - Mozilla Thunderbird,Helpdesk général,2021-08-16,11:58:15,00:00:26
stefano.crapanzano@chu.ulg.ac.be,4000196944 - Mozilla Thunderbird,Helpdesk général,2021-08-16,12:00:29,00:00:26
stefano.crapanzano@chu.ulg.ac.be,4000196944 - Mozilla Thunderbird,Helpdesk général,2021-08-16,12:01:06,00:00:20
stefano.crapanzano@chu.ulg.ac.be,4000196944 defgnee - Mozilla Thunderbird,Helpdesk général,2021-08-16,11:58:41,00:00:15
stefano.crapanzano@chu.ulg.ac.be,4000196944 defgnee - Mozilla Thunderbird,Helpdesk général,2021-08-16,12:00:20,00:00:08
stefano.crapanzano@chu.ulg.ac.be,Fwd: #305079 Livraisons non notifiées à l'ERP - Mozilla Thunderbird,Helpdesk général,2021-08-16,11:58:57,00:01:23
stefano.crapanzano@chu.ulg.ac.be,Fwd: #305079 Livraisons non notifiées à l'ERP - Mozilla Thunderbird,Helpdesk général,2021-08-16,12:01:26,00:00:24
stefano.crapanzano@chu.ulg.ac.be,Fwd: #305079 Livraisons non notifiées à l'ERP - Mozilla Thunderbird,Helpdesk général,2021-08-16,12:02:49,00:00:52
stefano.crapanzano@chu.ulg.ac.be,SDERP-18594 Commande 4000196944 pas réceptionnée dans SAP alors qu'elle est réceptionnée dans GERA - Mozilla Thunderbird,Helpdesk général,2021-08-16,12:00:55,00:00:10
stefano.crapanzano@chu.ulg.ac.be,SAP Logon 750,Exploration SAP,2021-08-16,12:02:00,00:00:20
stefano.crapanzano@chu.ulg.ac.be,SAP Logon 750,Exploration SAP,2021-08-16,14:49:35,00:00:03
stefano.crapanzano@chu.ulg.ac.be,SAP Logon 750,Exploration SAP,2021-08-16,14:50:06,00:00:02
stefano.crapanzano@chu.ulg.ac.be,SAP Easy Access Menu de base Applications financières-économiques,Exploration SAP,2021-08-16,12:02:21,00:00:04
stefano.crapanzano@chu.ulg.ac.be,SAP Easy Access Menu de base Applications financières-économiques,Exploration SAP,2021-08-16,12:12:15,00:00:12
stefano.crapanzano@chu.ulg.ac.be,Commande interv. 40 4000196944 créée par WEBUSERCHU,Exploration SAP,2021-08-16,12:02:26,00:00:02
stefano.crapanzano@chu.ulg.ac.be,Sélectionner document,Exploration SAP,2021-08-16,12:02:28,00:00:03
stefano.crapanzano@chu.ulg.ac.be,Commande interv. 40 4000180218 créée par WEBUSERCHU,Exploration SAP,2021-08-16,12:02:32,00:00:15
stefano.crapanzano@chu.ulg.ac.be,Commande interv. 40 4000180218 créée par WEBUSERCHU,Exploration SAP,2021-08-16,12:12:09,00:00:06
stefano.crapanzano@chu.ulg.ac.be,Rédaction : Re: SDERP-18594 P203 CHU Commande 4000196944 pas réceptionnée dans SAP alors qu'elle est réceptionnée dans GERA - Thunderbird,Helpdesk général,2021-08-16,12:03:56,00:00:24
stefano.crapanzano@chu.ulg.ac.be,Envoyés - erp.sai@chuliege.be - Mozilla Thunderbird,Helpdesk général,2021-08-16,12:04:32,00:00:06
stefano.crapanzano@chu.ulg.ac.be,Envoyés - erp.sai@chuliege.be - Mozilla Thunderbird,Tâches diverses,2021-08-16,12:15:01,00:00:08
stefano.crapanzano@chu.ulg.ac.be,Envoyés - erp.sai@chuliege.be - Mozilla Thunderbird,Helpdesk général,2021-08-16,12:16:06,00:00:03
stefano.crapanzano@chu.ulg.ac.be,Boîte de réception (63 059) - s.crapanzano@gmail.com - Gmail - Google Chrome,Tâches diverses,2021-08-16,12:04:58,00:00:03
stefano.crapanzano@chu.ulg.ac.be,Afficher fiche infos-achats : écran initial,Exploration SAP,2021-08-16,12:12:28,00:00:02
stefano.crapanzano@chu.ulg.ac.be,Afficher fiche infos-achats : écran initial,Exploration SAP,2021-08-16,12:12:39,00:00:03
stefano.crapanzano@chu.ulg.ac.be,Afficher fiche infos-achats : écran initial,Exploration SAP,2021-08-16,12:12:51,00:00:02
stefano.crapanzano@chu.ulg.ac.be,Afficher fiche infos-achats : écran initial,Exploration SAP,2021-08-16,12:13:28,00:00:02
stefano.crapanzano@chu.ulg.ac.be,Numéro d'article (1),Exploration SAP,2021-08-16,12:12:30,00:00:06
stefano.crapanzano@chu.ulg.ac.be,Numéro d'article (1)    1 Entrée trouvée,Exploration SAP,2021-08-16,12:12:36,00:00:02
stefano.crapanzano@chu.ulg.ac.be,Numéro de compte fournisseur (1),Exploration SAP,2021-08-16,12:12:42,00:00:02
stefano.crapanzano@chu.ulg.ac.be,Numéro de compte fournisseur (1)  500 Entrées trouvées,Exploration SAP,2021-08-16,12:12:45,00:00:06
stefano.crapanzano@chu.ulg.ac.be,Numéro de la fiche infos-achats (1),Exploration SAP,2021-08-16,12:13:01,00:00:14
stefano.crapanzano@chu.ulg.ac.be,Numéro de la fiche infos-achats (1)  108 Entrées trouvées,Exploration SAP,2021-08-16,12:13:15,00:00:13
stefano.crapanzano@chu.ulg.ac.be,Afficher fiche infos-achats : données générales,Exploration SAP,2021-08-16,12:13:31,00:00:09
stefano.crapanzano@chu.ulg.ac.be,Périodes de validité: conditions,Exploration SAP,2021-08-16,12:13:41,00:00:08
stefano.crapanzano@chu.ulg.ac.be,Afficher Prix brut automatiqu (PB00) : condit. supplémentaires,Exploration SAP,2021-08-16,12:13:49,00:00:14
stefano.crapanzano@chu.ulg.ac.be,Afficher Prix brut automatiqu (PB00) : condit. supplémentaires,Exploration SAP,2021-08-16,12:14:09,00:00:09
stefano.crapanzano@chu.ulg.ac.be,Afficher Prix brut automatiqu (PB00) : condit. supplémentaires,Exploration SAP,2021-08-16,12:14:30,00:00:03
stefano.crapanzano@chu.ulg.ac.be,Afficher (NR00): Sélection,Exploration SAP,2021-08-16,12:14:04,00:00:04
stefano.crapanzano@chu.ulg.ac.be,Afficher fiche infos-achats : données organisation achats 1,Exploration SAP,2021-08-16,12:14:35,00:00:03
stefano.crapanzano@chu.ulg.ac.be,Afficher fiche infos-achats : données organisation achats 1,Exploration SAP,2021-08-16,12:14:45,00:00:04
stefano.crapanzano@chu.ulg.ac.be,Greenshot capture form,Helpdesk général,2021-08-16,12:14:51,00:00:08
stefano.crapanzano@chu.ulg.ac.be,Rédaction : Re: Fwd: SDERP-18594 P203 CHU Commande 4000196944 pas réceptionnée dans SAP alors qu'elle est réceptionnée dans GERA - Thunderbird,Helpdesk général,2021-08-16,12:15:23,00:00:29
stefano.crapanzano@chu.ulg.ac.be,PE2_203 - sftp://PE2U2FTP@153.89.110.38 - FileZilla,Tâches diverses,2021-08-16,13:43:42,00:02:38
stefano.crapanzano@chu.ulg.ac.be,PE2_203 - sftp://PE2U2FTP@153.89.110.38 - FileZilla,Helpdesk général,2021-08-16,14:06:20,00:01:41
stefano.crapanzano@chu.ulg.ac.be,PE2_203 - sftp://PE2U2FTP@153.89.110.38 - FileZilla,Helpdesk général,2021-08-16,14:49:32,00:00:02
stefano.crapanzano@chu.ulg.ac.be,PE2_203 - sftp://PE2U2FTP@153.89.110.38 - FileZilla,Helpdesk général,2021-08-16,14:50:17,00:00:22
stefano.crapanzano@chu.ulg.ac.be,Nouvel onglet - Google Chrome,Tâches diverses,2021-08-16,14:09:07,00:00:03
stefano.crapanzano@chu.ulg.ac.be,Identification - Google Chrome,Tâches diverses,2021-08-16,14:09:10,00:00:09
stefano.crapanzano@chu.ulg.ac.be,Service MT - Google Chrome,Tâches diverses,2021-08-16,14:09:20,00:01:02
stefano.crapanzano@chu.ulg.ac.be,Service MT - Google Chrome,Tâches diverses,2021-08-16,14:11:35,00:00:06
stefano.crapanzano@chu.ulg.ac.be,Boîte de réception (63 060) - s.crapanzano@gmail.com - Gmail - Google Chrome,Tâches diverses,2021-08-16,14:11:41,00:00:06
stefano.crapanzano@chu.ulg.ac.be,SAP GUI for Windows 750,Exploration SAP,2021-08-16,14:49:27,00:00:02
stefano.crapanzano@chu.ulg.ac.be,Rédaction : Re: erreur chargement - Thunderbird,Helpdesk général,2021-08-16,14:50:47,00:00:16
