Email,Description,Project,Start date,Start time,Duration
stefano.crapanzano@chu.ulg.ac.be,Administrateur : Perl (command line) - python  main.py,IT,2021-08-20,08:35:17,00:00:06
stefano.crapanzano@chu.ulg.ac.be,Courrier entrant - erp.sai@chuliege.be - Mozilla Thunderbird,Helpdesk général,2021-08-20,08:35:23,00:01:03
stefano.crapanzano@chu.ulg.ac.be,Courrier entrant - erp.sai@chuliege.be - Mozilla Thunderbird,Helpdesk général,2021-08-20,08:36:29,00:00:06
stefano.crapanzano@chu.ulg.ac.be,Courrier entrant - erp.sai@chuliege.be - Mozilla Thunderbird,Helpdesk général,2021-08-20,08:36:47,00:00:03
stefano.crapanzano@chu.ulg.ac.be,Courrier entrant - erp.sai@chuliege.be - Mozilla Thunderbird,Helpdesk général,2021-08-20,08:37:00,00:01:03
stefano.crapanzano@chu.ulg.ac.be,Courrier entrant - erp.sai@chuliege.be - Mozilla Thunderbird,Helpdesk général,2021-08-20,08:41:12,00:00:12
stefano.crapanzano@chu.ulg.ac.be,Courrier entrant - erp.sai@chuliege.be - Mozilla Thunderbird,Helpdesk général,2021-08-20,08:52:04,00:00:07
stefano.crapanzano@chu.ulg.ac.be,Courrier entrant - erp.sai@chuliege.be - Mozilla Thunderbird,Helpdesk général,2021-08-20,08:52:15,00:00:25
stefano.crapanzano@chu.ulg.ac.be,Courrier entrant - erp.sai@chuliege.be - Mozilla Thunderbird,Helpdesk général,2021-08-20,09:03:08,00:00:02
stefano.crapanzano@chu.ulg.ac.be,Courrier entrant - erp.sai@chuliege.be - Mozilla Thunderbird,Helpdesk général,2021-08-20,09:09:38,00:00:08
stefano.crapanzano@chu.ulg.ac.be,Courrier entrant - erp.sai@chuliege.be - Mozilla Thunderbird,Helpdesk général,2021-08-20,09:10:40,00:00:03
stefano.crapanzano@chu.ulg.ac.be,Courrier entrant - erp.sai@chuliege.be - Mozilla Thunderbird,Helpdesk général,2021-08-20,09:13:49,00:05:58
stefano.crapanzano@chu.ulg.ac.be,Courrier entrant - erp.sai@chuliege.be - Mozilla Thunderbird,Helpdesk général,2021-08-20,09:19:54,00:01:30
stefano.crapanzano@chu.ulg.ac.be,Courrier entrant - erp.sai@chuliege.be - Mozilla Thunderbird,Helpdesk général,2021-08-20,09:27:45,00:00:31
stefano.crapanzano@chu.ulg.ac.be,Courrier entrant - erp.sai@chuliege.be - Mozilla Thunderbird,Helpdesk général,2021-08-20,09:28:45,00:00:03
stefano.crapanzano@chu.ulg.ac.be,Courrier entrant - erp.sai@chuliege.be - Mozilla Thunderbird,Helpdesk général,2021-08-20,09:30:31,00:03:15
stefano.crapanzano@chu.ulg.ac.be,Courrier entrant - erp.sai@chuliege.be - Mozilla Thunderbird,Helpdesk général,2021-08-20,09:34:04,00:06:53
stefano.crapanzano@chu.ulg.ac.be,Courrier entrant - erp.sai@chuliege.be - Mozilla Thunderbird,Helpdesk général,2021-08-20,09:41:10,00:00:03
stefano.crapanzano@chu.ulg.ac.be,Courrier entrant - erp.sai@chuliege.be - Mozilla Thunderbird,Helpdesk général,2021-08-20,09:41:19,00:28:53
stefano.crapanzano@chu.ulg.ac.be,Courrier entrant - erp.sai@chuliege.be - Mozilla Thunderbird,Helpdesk général,2021-08-20,10:10:56,00:12:27
stefano.crapanzano@chu.ulg.ac.be,Courrier entrant - erp.sai@chuliege.be - Mozilla Thunderbird,Helpdesk général,2021-08-20,10:32:51,00:00:02
stefano.crapanzano@chu.ulg.ac.be,Courrier entrant - erp.sai@chuliege.be - Mozilla Thunderbird,Helpdesk général,2021-08-20,10:35:33,00:00:08
stefano.crapanzano@chu.ulg.ac.be,Courrier entrant - erp.sai@chuliege.be - Mozilla Thunderbird,Helpdesk général,2021-08-20,10:38:11,00:00:03
stefano.crapanzano@chu.ulg.ac.be,Courrier entrant - erp.sai@chuliege.be - Mozilla Thunderbird,Helpdesk général,2021-08-20,10:39:11,00:00:24
stefano.crapanzano@chu.ulg.ac.be,Courrier entrant - erp.sai@chuliege.be - Mozilla Thunderbird,Helpdesk général,2021-08-20,10:41:22,00:05:27
stefano.crapanzano@chu.ulg.ac.be,Courrier entrant - erp.sai@chuliege.be - Mozilla Thunderbird,Helpdesk général,2021-08-20,10:53:56,00:00:07
stefano.crapanzano@chu.ulg.ac.be,Courrier entrant - erp.sai@chuliege.be - Mozilla Thunderbird,Helpdesk général,2021-08-20,10:54:15,00:00:02
stefano.crapanzano@chu.ulg.ac.be,Courrier entrant - erp.sai@chuliege.be - Mozilla Thunderbird,Helpdesk général,2021-08-20,10:54:18,00:04:55
stefano.crapanzano@chu.ulg.ac.be,Courrier entrant - erp.sai@chuliege.be - Mozilla Thunderbird,Helpdesk général,2021-08-20,11:09:01,00:00:04
stefano.crapanzano@chu.ulg.ac.be,Courrier entrant - erp.sai@chuliege.be - Mozilla Thunderbird,Helpdesk général,2021-08-20,11:16:38,00:00:03
stefano.crapanzano@chu.ulg.ac.be,Courrier entrant - erp.sai@chuliege.be - Mozilla Thunderbird,Helpdesk général,2021-08-20,11:16:51,00:00:02
stefano.crapanzano@chu.ulg.ac.be,Courrier entrant - erp.sai@chuliege.be - Mozilla Thunderbird,Helpdesk général,2021-08-20,11:17:27,00:00:04
stefano.crapanzano@chu.ulg.ac.be,Courrier entrant - erp.sai@chuliege.be - Mozilla Thunderbird,Helpdesk général,2021-08-20,11:18:58,00:00:10
stefano.crapanzano@chu.ulg.ac.be,Courrier entrant - erp.sai@chuliege.be - Mozilla Thunderbird,Helpdesk général,2021-08-20,11:20:02,00:00:03
stefano.crapanzano@chu.ulg.ac.be,Courrier entrant - erp.sai@chuliege.be - Mozilla Thunderbird,Helpdesk général,2021-08-20,11:22:22,00:00:03
stefano.crapanzano@chu.ulg.ac.be,Courrier entrant - erp.sai@chuliege.be - Mozilla Thunderbird,Helpdesk général,2021-08-20,11:33:07,00:00:04
stefano.crapanzano@chu.ulg.ac.be,Courrier entrant - erp.sai@chuliege.be - Mozilla Thunderbird,Helpdesk général,2021-08-20,11:35:16,00:00:33
stefano.crapanzano@chu.ulg.ac.be,Courrier entrant - erp.sai@chuliege.be - Mozilla Thunderbird,Helpdesk général,2021-08-20,11:40:10,00:00:02
stefano.crapanzano@chu.ulg.ac.be,Courrier entrant - erp.sai@chuliege.be - Mozilla Thunderbird,Helpdesk général,2021-08-20,11:40:16,00:00:02
stefano.crapanzano@chu.ulg.ac.be,Courrier entrant - erp.sai@chuliege.be - Mozilla Thunderbird,Helpdesk général,2021-08-20,11:40:22,00:00:03
stefano.crapanzano@chu.ulg.ac.be,Courrier entrant - erp.sai@chuliege.be - Mozilla Thunderbird,Helpdesk général,2021-08-20,11:40:27,00:00:02
stefano.crapanzano@chu.ulg.ac.be,Courrier entrant - erp.sai@chuliege.be - Mozilla Thunderbird,Helpdesk général,2021-08-20,11:40:32,00:00:15
stefano.crapanzano@chu.ulg.ac.be,Courrier entrant - erp.sai@chuliege.be - Mozilla Thunderbird,Helpdesk général,2021-08-20,11:43:24,00:00:08
stefano.crapanzano@chu.ulg.ac.be,Courrier entrant - erp.sai@chuliege.be - Mozilla Thunderbird,Helpdesk général,2021-08-20,11:44:37,00:00:14
stefano.crapanzano@chu.ulg.ac.be,Courrier entrant - erp.sai@chuliege.be - Mozilla Thunderbird,Helpdesk général,2021-08-20,11:45:01,00:00:37
stefano.crapanzano@chu.ulg.ac.be,Courrier entrant - erp.sai@chuliege.be - Mozilla Thunderbird,Helpdesk général,2021-08-20,11:46:20,00:00:15
stefano.crapanzano@chu.ulg.ac.be,Courrier entrant - erp.sai@chuliege.be - Mozilla Thunderbird,Helpdesk général,2021-08-20,11:47:12,00:00:02
stefano.crapanzano@chu.ulg.ac.be,Courrier entrant - erp.sai@chuliege.be - Mozilla Thunderbird,Helpdesk général,2021-08-20,11:48:58,00:00:09
stefano.crapanzano@chu.ulg.ac.be,Courrier entrant - erp.sai@chuliege.be - Mozilla Thunderbird,Helpdesk général,2021-08-20,11:52:42,00:00:40
stefano.crapanzano@chu.ulg.ac.be,Courrier entrant - erp.sai@chuliege.be - Mozilla Thunderbird,Helpdesk général,2021-08-20,11:59:34,00:00:14
stefano.crapanzano@chu.ulg.ac.be,Courrier entrant - erp.sai@chuliege.be - Mozilla Thunderbird,Helpdesk général,2021-08-20,12:27:52,00:08:37
stefano.crapanzano@chu.ulg.ac.be,Courrier entrant - erp.sai@chuliege.be - Mozilla Thunderbird,Helpdesk général,2021-08-20,12:46:37,00:16:38
stefano.crapanzano@chu.ulg.ac.be,Courrier entrant - erp.sai@chuliege.be - Mozilla Thunderbird,Helpdesk général,2021-08-20,13:03:17,00:00:13
stefano.crapanzano@chu.ulg.ac.be,Courrier entrant - erp.sai@chuliege.be - Mozilla Thunderbird,Helpdesk général,2021-08-20,13:13:36,00:00:19
stefano.crapanzano@chu.ulg.ac.be,Courrier entrant - erp.sai@chuliege.be - Mozilla Thunderbird,Helpdesk général,2021-08-20,13:16:15,00:00:07
stefano.crapanzano@chu.ulg.ac.be,Courrier entrant - erp.sai@chuliege.be - Mozilla Thunderbird,Helpdesk général,2021-08-20,13:19:22,00:00:08
stefano.crapanzano@chu.ulg.ac.be,Courrier entrant - erp.sai@chuliege.be - Mozilla Thunderbird,Helpdesk général,2021-08-20,13:20:17,00:00:04
stefano.crapanzano@chu.ulg.ac.be,Courrier entrant - erp.sai@chuliege.be - Mozilla Thunderbird,Helpdesk général,2021-08-20,13:39:30,00:00:19
stefano.crapanzano@chu.ulg.ac.be,Courrier entrant - erp.sai@chuliege.be - Mozilla Thunderbird,Helpdesk général,2021-08-20,13:40:10,00:00:06
stefano.crapanzano@chu.ulg.ac.be,Courrier entrant - erp.sai@chuliege.be - Mozilla Thunderbird,Helpdesk général,2021-08-20,13:42:55,00:00:12
stefano.crapanzano@chu.ulg.ac.be,Courrier entrant - erp.sai@chuliege.be - Mozilla Thunderbird,Helpdesk général,2021-08-20,13:43:09,00:00:08
stefano.crapanzano@chu.ulg.ac.be,Courrier entrant - erp.sai@chuliege.be - Mozilla Thunderbird,Helpdesk général,2021-08-20,13:44:51,00:00:16
stefano.crapanzano@chu.ulg.ac.be,Courrier entrant - erp.sai@chuliege.be - Mozilla Thunderbird,Helpdesk général,2021-08-20,13:48:40,00:00:02
stefano.crapanzano@chu.ulg.ac.be,Courrier entrant - erp.sai@chuliege.be - Mozilla Thunderbird,Helpdesk général,2021-08-20,13:51:32,00:00:12
stefano.crapanzano@chu.ulg.ac.be,Courrier entrant - erp.sai@chuliege.be - Mozilla Thunderbird,Helpdesk général,2021-08-20,13:51:49,00:00:02
stefano.crapanzano@chu.ulg.ac.be,Courrier entrant - erp.sai@chuliege.be - Mozilla Thunderbird,Helpdesk général,2021-08-20,13:52:17,00:00:02
stefano.crapanzano@chu.ulg.ac.be,Courrier entrant - erp.sai@chuliege.be - Mozilla Thunderbird,Helpdesk général,2021-08-20,13:52:57,00:00:07
stefano.crapanzano@chu.ulg.ac.be,Courrier entrant - erp.sai@chuliege.be - Mozilla Thunderbird,Helpdesk général,2021-08-20,13:56:21,00:00:02
stefano.crapanzano@chu.ulg.ac.be,Courrier entrant - erp.sai@chuliege.be - Mozilla Thunderbird,Helpdesk général,2021-08-20,13:57:35,00:00:08
stefano.crapanzano@chu.ulg.ac.be,Courrier entrant - erp.sai@chuliege.be - Mozilla Thunderbird,Helpdesk général,2021-08-20,13:59:40,00:00:14
stefano.crapanzano@chu.ulg.ac.be,Courrier entrant - erp.sai@chuliege.be - Mozilla Thunderbird,Helpdesk général,2021-08-20,14:05:12,00:00:13
stefano.crapanzano@chu.ulg.ac.be,Courrier entrant - erp.sai@chuliege.be - Mozilla Thunderbird,Helpdesk général,2021-08-20,14:06:32,00:00:16
stefano.crapanzano@chu.ulg.ac.be,Courrier entrant - erp.sai@chuliege.be - Mozilla Thunderbird,Helpdesk général,2021-08-20,14:16:23,00:00:39
stefano.crapanzano@chu.ulg.ac.be,Courrier entrant - erp.sai@chuliege.be - Mozilla Thunderbird,Helpdesk général,2021-08-20,14:17:25,00:00:02
stefano.crapanzano@chu.ulg.ac.be,Courrier entrant - erp.sai@chuliege.be - Mozilla Thunderbird,Helpdesk général,2021-08-20,14:17:45,00:01:35
stefano.crapanzano@chu.ulg.ac.be,Courrier entrant - erp.sai@chuliege.be - Mozilla Thunderbird,Helpdesk général,2021-08-20,14:19:28,00:00:03
stefano.crapanzano@chu.ulg.ac.be,Courrier entrant - erp.sai@chuliege.be - Mozilla Thunderbird,Helpdesk général,2021-08-20,14:20:08,00:00:07
stefano.crapanzano@chu.ulg.ac.be,Courrier entrant - erp.sai@chuliege.be - Mozilla Thunderbird,Helpdesk général,2021-08-20,14:27:05,00:00:10
stefano.crapanzano@chu.ulg.ac.be,Courrier entrant - erp.sai@chuliege.be - Mozilla Thunderbird,Helpdesk général,2021-08-20,14:27:54,00:00:04
stefano.crapanzano@chu.ulg.ac.be,Courrier entrant - erp.sai@chuliege.be - Mozilla Thunderbird,Helpdesk général,2021-08-20,14:31:30,00:00:04
stefano.crapanzano@chu.ulg.ac.be,Courrier entrant - erp.sai@chuliege.be - Mozilla Thunderbird,Helpdesk général,2021-08-20,14:37:51,00:02:38
stefano.crapanzano@chu.ulg.ac.be,Courrier entrant - erp.sai@chuliege.be - Mozilla Thunderbird,Helpdesk général,2021-08-20,14:49:58,00:00:02
stefano.crapanzano@chu.ulg.ac.be,Courrier entrant - erp.sai@chuliege.be - Mozilla Thunderbird,Helpdesk général,2021-08-20,14:56:58,00:00:02
stefano.crapanzano@chu.ulg.ac.be,Courrier entrant - erp.sai@chuliege.be - Mozilla Thunderbird,Helpdesk général,2021-08-20,14:57:01,00:00:02
stefano.crapanzano@chu.ulg.ac.be,Courrier entrant - erp.sai@chuliege.be - Mozilla Thunderbird,Helpdesk général,2021-08-20,14:57:40,00:00:39
stefano.crapanzano@chu.ulg.ac.be,Courrier entrant - erp.sai@chuliege.be - Mozilla Thunderbird,Helpdesk général,2021-08-20,14:59:21,00:00:02
stefano.crapanzano@chu.ulg.ac.be,Courrier entrant - erp.sai@chuliege.be - Mozilla Thunderbird,Helpdesk général,2021-08-20,14:59:58,00:00:02
stefano.crapanzano@chu.ulg.ac.be,Courrier entrant - erp.sai@chuliege.be - Mozilla Thunderbird,Helpdesk général,2021-08-20,15:00:38,00:04:40
stefano.crapanzano@chu.ulg.ac.be,Courrier entrant - erp.sai@chuliege.be - Mozilla Thunderbird,Helpdesk général,2021-08-20,15:20:56,00:00:04
stefano.crapanzano@chu.ulg.ac.be,Courrier entrant - erp.sai@chuliege.be - Mozilla Thunderbird,Helpdesk général,2021-08-20,15:23:58,00:00:02
stefano.crapanzano@chu.ulg.ac.be,Courrier entrant - erp.sai@chuliege.be - Mozilla Thunderbird,Helpdesk général,2021-08-20,15:25:59,00:00:13
stefano.crapanzano@chu.ulg.ac.be,Courrier entrant - erp.sai@chuliege.be - Mozilla Thunderbird,Helpdesk général,2021-08-20,15:26:17,00:00:03
stefano.crapanzano@chu.ulg.ac.be,Courrier entrant - erp.sai@chuliege.be - Mozilla Thunderbird,Helpdesk général,2021-08-20,15:26:48,00:00:03
stefano.crapanzano@chu.ulg.ac.be,Courrier entrant - erp.sai@chuliege.be - Mozilla Thunderbird,Helpdesk général,2021-08-20,15:28:52,00:00:02
stefano.crapanzano@chu.ulg.ac.be,Courrier entrant - erp.sai@chuliege.be - Mozilla Thunderbird,Helpdesk général,2021-08-20,15:35:38,00:00:02
stefano.crapanzano@chu.ulg.ac.be,Courrier entrant - erp.sai@chuliege.be - Mozilla Thunderbird,Helpdesk général,2021-08-20,15:43:41,00:00:02
stefano.crapanzano@chu.ulg.ac.be,Courrier entrant - erp.sai@chuliege.be - Mozilla Thunderbird,Helpdesk général,2021-08-20,15:50:16,00:00:33
stefano.crapanzano@chu.ulg.ac.be,Courrier entrant - erp.sai@chuliege.be - Mozilla Thunderbird,Helpdesk général,2021-08-20,16:49:13,00:00:03
stefano.crapanzano@chu.ulg.ac.be,Courrier entrant - erp.sai@chuliege.be - Mozilla Thunderbird,Helpdesk général,2021-08-20,17:01:07,00:00:02
stefano.crapanzano@chu.ulg.ac.be,Courrier entrant - stefano.crapanzano@chuliege.be - Mozilla Thunderbird,Helpdesk général,2021-08-20,08:36:27,00:00:02
stefano.crapanzano@chu.ulg.ac.be,Courrier entrant - stefano.crapanzano@chuliege.be - Mozilla Thunderbird,Helpdesk général,2021-08-20,08:52:11,00:00:03
stefano.crapanzano@chu.ulg.ac.be,Courrier entrant - stefano.crapanzano@chuliege.be - Mozilla Thunderbird,Helpdesk général,2021-08-20,09:28:49,00:00:02
stefano.crapanzano@chu.ulg.ac.be,Courrier entrant - stefano.crapanzano@chuliege.be - Mozilla Thunderbird,Helpdesk général,2021-08-20,10:41:19,00:00:02
stefano.crapanzano@chu.ulg.ac.be,Courrier entrant - stefano.crapanzano@chuliege.be - Mozilla Thunderbird,Helpdesk général,2021-08-20,13:59:36,00:00:03
stefano.crapanzano@chu.ulg.ac.be,Courrier entrant - stefano.crapanzano@chuliege.be - Mozilla Thunderbird,Helpdesk général,2021-08-20,14:27:59,00:00:02
stefano.crapanzano@chu.ulg.ac.be,Courrier entrant - stefano.crapanzano@chuliege.be - Mozilla Thunderbird,Helpdesk général,2021-08-20,15:05:18,00:00:22
stefano.crapanzano@chu.ulg.ac.be,Courrier entrant - stefano.crapanzano@chuliege.be - Mozilla Thunderbird,Helpdesk général,2021-08-20,15:20:42,00:00:14
stefano.crapanzano@chu.ulg.ac.be,Courrier entrant - stefano.crapanzano@chuliege.be - Mozilla Thunderbird,Helpdesk général,2021-08-20,15:25:54,00:00:04
stefano.crapanzano@chu.ulg.ac.be,Courrier entrant - stefano.crapanzano@chuliege.be - Mozilla Thunderbird,Helpdesk général,2021-08-20,15:43:39,00:00:02
stefano.crapanzano@chu.ulg.ac.be,Courrier entrant - stefano.crapanzano@chuliege.be - Mozilla Thunderbird,Helpdesk général,2021-08-20,15:48:37,00:00:48
stefano.crapanzano@chu.ulg.ac.be,Courrier entrant - stefano.crapanzano@chuliege.be - Mozilla Thunderbird,Helpdesk général,2021-08-20,15:50:14,00:00:02
stefano.crapanzano@chu.ulg.ac.be,SAM-DB - Google Chrome,Helpdesk général,2021-08-20,08:36:35,00:00:05
stefano.crapanzano@chu.ulg.ac.be,SAM-DB - Google Chrome,Tâches diverses,2021-08-20,08:36:44,00:00:02
stefano.crapanzano@chu.ulg.ac.be,SAM-DB - Google Chrome,Tâches diverses,2021-08-20,09:28:17,00:00:03
stefano.crapanzano@chu.ulg.ac.be,SAM-DB - Google Chrome,Tâches diverses,2021-08-20,10:32:58,00:00:03
stefano.crapanzano@chu.ulg.ac.be,SAM-DB - Google Chrome,Tâches diverses,2021-08-20,13:17:45,00:00:22
stefano.crapanzano@chu.ulg.ac.be,SAM-DB - Google Chrome,Tâches diverses,2021-08-20,13:21:38,00:00:06
stefano.crapanzano@chu.ulg.ac.be,SAM-DB - Google Chrome,Tâches diverses,2021-08-20,13:28:46,00:00:06
stefano.crapanzano@chu.ulg.ac.be,SAM-DB - Google Chrome,Tâches diverses,2021-08-20,13:29:19,00:00:03
stefano.crapanzano@chu.ulg.ac.be,SAM-DB - Google Chrome,Tâches diverses,2021-08-20,13:58:53,00:00:04
stefano.crapanzano@chu.ulg.ac.be,SAM-DB - Google Chrome,Tâches diverses,2021-08-20,14:05:27,00:01:04
stefano.crapanzano@chu.ulg.ac.be,SAM-DB - Google Chrome,Tâches diverses,2021-08-20,14:06:49,00:04:01
stefano.crapanzano@chu.ulg.ac.be,SAM-DB - Google Chrome,Tâches diverses,2021-08-20,14:12:02,00:00:14
stefano.crapanzano@chu.ulg.ac.be,SAM-DB - Google Chrome,Tâches diverses,2021-08-20,14:12:33,00:02:01
stefano.crapanzano@chu.ulg.ac.be,SAM-DB - Google Chrome,Tâches diverses,2021-08-20,14:19:34,00:00:30
stefano.crapanzano@chu.ulg.ac.be,SAM-DB - Google Chrome,Tâches diverses,2021-08-20,14:31:42,00:00:05
stefano.crapanzano@chu.ulg.ac.be,SAM-DB - Google Chrome,Tâches diverses,2021-08-20,14:35:24,00:00:02
stefano.crapanzano@chu.ulg.ac.be,SAM-DB - Google Chrome,Tâches diverses,2021-08-20,14:58:32,00:00:04
stefano.crapanzano@chu.ulg.ac.be,SAM-DB - Google Chrome,Tâches diverses,2021-08-20,15:27:21,00:00:03
stefano.crapanzano@chu.ulg.ac.be,SAM-DB - Google Chrome,Tâches diverses,2021-08-20,15:37:44,00:00:20
stefano.crapanzano@chu.ulg.ac.be,SAM-DB - Google Chrome,Tâches diverses,2021-08-20,15:43:34,00:00:02
stefano.crapanzano@chu.ulg.ac.be,SAM-DB - Google Chrome,Tâches diverses,2021-08-20,15:50:51,00:00:02
stefano.crapanzano@chu.ulg.ac.be,SAM-DB - Google Chrome,Tâches diverses,2021-08-20,15:51:29,00:00:02
stefano.crapanzano@chu.ulg.ac.be,Navigation système de fichier,IT,2021-08-20,08:36:41,00:00:03
stefano.crapanzano@chu.ulg.ac.be,Navigation système de fichier,IT,2021-08-20,10:34:28,00:00:26
stefano.crapanzano@chu.ulg.ac.be,Navigation système de fichier,IT,2021-08-20,10:35:28,00:00:04
stefano.crapanzano@chu.ulg.ac.be,Navigation système de fichier,IT,2021-08-20,10:47:48,00:06:08
stefano.crapanzano@chu.ulg.ac.be,Navigation système de fichier,IT,2021-08-20,11:18:51,00:00:03
stefano.crapanzano@chu.ulg.ac.be,Navigation système de fichier,IT,2021-08-20,11:20:27,00:00:43
stefano.crapanzano@chu.ulg.ac.be,Navigation système de fichier,IT,2021-08-20,11:41:19,00:00:06
stefano.crapanzano@chu.ulg.ac.be,Navigation système de fichier,IT,2021-08-20,11:41:47,00:00:02
stefano.crapanzano@chu.ulg.ac.be,Navigation système de fichier,IT,2021-08-20,11:44:51,00:00:02
stefano.crapanzano@chu.ulg.ac.be,Navigation système de fichier,IT,2021-08-20,11:46:36,00:00:02
stefano.crapanzano@chu.ulg.ac.be,Navigation système de fichier,IT,2021-08-20,13:21:28,00:00:02
stefano.crapanzano@chu.ulg.ac.be,Navigation système de fichier,IT,2021-08-20,13:22:51,00:00:03
stefano.crapanzano@chu.ulg.ac.be,Navigation système de fichier,IT,2021-08-20,13:23:26,00:00:02
stefano.crapanzano@chu.ulg.ac.be,Navigation système de fichier,IT,2021-08-20,13:35:33,00:01:39
stefano.crapanzano@chu.ulg.ac.be,Navigation système de fichier,IT,2021-08-20,13:37:36,00:00:48
stefano.crapanzano@chu.ulg.ac.be,Navigation système de fichier,IT,2021-08-20,13:38:43,00:00:26
stefano.crapanzano@chu.ulg.ac.be,Navigation système de fichier,IT,2021-08-20,13:41:49,00:00:02
stefano.crapanzano@chu.ulg.ac.be,Navigation système de fichier,IT,2021-08-20,13:41:56,00:00:34
stefano.crapanzano@chu.ulg.ac.be,Navigation système de fichier,IT,2021-08-20,13:42:43,00:00:08
stefano.crapanzano@chu.ulg.ac.be,Navigation système de fichier,IT,2021-08-20,13:43:17,00:01:20
stefano.crapanzano@chu.ulg.ac.be,Navigation système de fichier,IT,2021-08-20,13:45:44,00:00:02
stefano.crapanzano@chu.ulg.ac.be,Navigation système de fichier,IT,2021-08-20,13:46:04,00:00:15
stefano.crapanzano@chu.ulg.ac.be,Navigation système de fichier,IT,2021-08-20,13:46:24,00:00:06
stefano.crapanzano@chu.ulg.ac.be,Navigation système de fichier,IT,2021-08-20,13:47:00,00:00:14
stefano.crapanzano@chu.ulg.ac.be,Navigation système de fichier,IT,2021-08-20,13:47:21,00:00:27
stefano.crapanzano@chu.ulg.ac.be,Navigation système de fichier,IT,2021-08-20,13:47:58,00:00:27
stefano.crapanzano@chu.ulg.ac.be,Navigation système de fichier,IT,2021-08-20,13:48:28,00:00:02
stefano.crapanzano@chu.ulg.ac.be,Navigation système de fichier,IT,2021-08-20,13:48:32,00:00:05
stefano.crapanzano@chu.ulg.ac.be,Navigation système de fichier,IT,2021-08-20,13:48:42,00:00:04
stefano.crapanzano@chu.ulg.ac.be,Navigation système de fichier,IT,2021-08-20,13:49:36,00:00:06
stefano.crapanzano@chu.ulg.ac.be,Navigation système de fichier,IT,2021-08-20,13:49:55,00:00:05
stefano.crapanzano@chu.ulg.ac.be,Navigation système de fichier,IT,2021-08-20,13:51:29,00:00:03
stefano.crapanzano@chu.ulg.ac.be,Navigation système de fichier,IT,2021-08-20,13:51:47,00:00:02
stefano.crapanzano@chu.ulg.ac.be,Navigation système de fichier,IT,2021-08-20,13:51:53,00:00:17
stefano.crapanzano@chu.ulg.ac.be,Navigation système de fichier,IT,2021-08-20,13:52:50,00:00:06
stefano.crapanzano@chu.ulg.ac.be,Navigation système de fichier,IT,2021-08-20,13:53:44,00:00:02
stefano.crapanzano@chu.ulg.ac.be,Navigation système de fichier,IT,2021-08-20,13:54:17,00:02:04
stefano.crapanzano@chu.ulg.ac.be,Navigation système de fichier,IT,2021-08-20,13:56:36,00:00:59
stefano.crapanzano@chu.ulg.ac.be,Navigation système de fichier,IT,2021-08-20,13:59:04,00:00:06
stefano.crapanzano@chu.ulg.ac.be,Navigation système de fichier,IT,2021-08-20,13:59:12,00:00:23
stefano.crapanzano@chu.ulg.ac.be,Navigation système de fichier,IT,2021-08-20,14:16:21,00:00:02
stefano.crapanzano@chu.ulg.ac.be,Navigation système de fichier,IT,2021-08-20,14:19:20,00:00:06
stefano.crapanzano@chu.ulg.ac.be,Navigation système de fichier,IT,2021-08-20,14:41:54,00:00:02
stefano.crapanzano@chu.ulg.ac.be,Navigation système de fichier,IT,2021-08-20,14:42:38,00:00:02
stefano.crapanzano@chu.ulg.ac.be,Navigation système de fichier,IT,2021-08-20,14:43:05,00:00:02
stefano.crapanzano@chu.ulg.ac.be,Navigation système de fichier,IT,2021-08-20,14:43:17,00:00:02
stefano.crapanzano@chu.ulg.ac.be,Navigation système de fichier,IT,2021-08-20,14:46:57,00:00:02
stefano.crapanzano@chu.ulg.ac.be,Navigation système de fichier,IT,2021-08-20,14:55:42,00:00:03
stefano.crapanzano@chu.ulg.ac.be,Navigation système de fichier,IT,2021-08-20,14:58:25,00:00:02
stefano.crapanzano@chu.ulg.ac.be,Navigation système de fichier,IT,2021-08-20,15:09:05,00:00:06
stefano.crapanzano@chu.ulg.ac.be,Navigation système de fichier,IT,2021-08-20,15:21:34,00:00:10
stefano.crapanzano@chu.ulg.ac.be,Navigation système de fichier,IT,2021-08-20,15:29:42,00:00:03
stefano.crapanzano@chu.ulg.ac.be,Navigation système de fichier,IT,2021-08-20,15:31:40,00:00:05
stefano.crapanzano@chu.ulg.ac.be,Navigation système de fichier,IT,2021-08-20,15:31:49,00:00:02
stefano.crapanzano@chu.ulg.ac.be,Navigation système de fichier,IT,2021-08-20,15:36:36,00:00:02
stefano.crapanzano@chu.ulg.ac.be,Navigation système de fichier,IT,2021-08-20,15:38:09,00:00:46
stefano.crapanzano@chu.ulg.ac.be,Navigation système de fichier,IT,2021-08-20,15:39:12,00:00:02
stefano.crapanzano@chu.ulg.ac.be,Navigation système de fichier,IT,2021-08-20,15:40:36,00:00:02
stefano.crapanzano@chu.ulg.ac.be,Navigation système de fichier,IT,2021-08-20,15:44:56,00:00:02
stefano.crapanzano@chu.ulg.ac.be,Navigation système de fichier,IT,2021-08-20,15:49:26,00:00:03
stefano.crapanzano@chu.ulg.ac.be,Navigation système de fichier,IT,2021-08-20,15:51:32,00:05:47
stefano.crapanzano@chu.ulg.ac.be,Navigation système de fichier,IT,2021-08-20,15:58:50,00:00:19
stefano.crapanzano@chu.ulg.ac.be,Navigation système de fichier,IT,2021-08-20,16:00:29,00:00:02
stefano.crapanzano@chu.ulg.ac.be,Navigation système de fichier,IT,2021-08-20,16:00:58,00:00:03
stefano.crapanzano@chu.ulg.ac.be,Navigation système de fichier,IT,2021-08-20,16:08:04,00:00:04
stefano.crapanzano@chu.ulg.ac.be,Navigation système de fichier,IT,2021-08-20,16:09:47,00:00:10
stefano.crapanzano@chu.ulg.ac.be,Navigation système de fichier,IT,2021-08-20,16:10:04,00:00:02
stefano.crapanzano@chu.ulg.ac.be,Navigation système de fichier,IT,2021-08-20,16:10:11,00:00:11
stefano.crapanzano@chu.ulg.ac.be,Navigation système de fichier,IT,2021-08-20,16:48:11,00:00:04
stefano.crapanzano@chu.ulg.ac.be,Navigation système de fichier,IT,2021-08-20,16:49:10,00:00:03
stefano.crapanzano@chu.ulg.ac.be,Navigation système de fichier,IT,2021-08-20,16:49:20,00:00:05
stefano.crapanzano@chu.ulg.ac.be,Navigation système de fichier,IT,2021-08-20,16:50:01,00:00:04
stefano.crapanzano@chu.ulg.ac.be,Navigation système de fichier,IT,2021-08-20,17:00:46,00:00:02
stefano.crapanzano@chu.ulg.ac.be,Navigation système de fichier,IT,2021-08-20,17:00:59,00:00:04
stefano.crapanzano@chu.ulg.ac.be,Lecture documentation,Tâches diverses,2021-08-20,08:36:50,00:00:10
stefano.crapanzano@chu.ulg.ac.be,Lecture documentation,Tâches diverses,2021-08-20,08:38:04,00:03:08
stefano.crapanzano@chu.ulg.ac.be,Lecture documentation,Tâches diverses,2021-08-20,08:49:57,00:00:36
stefano.crapanzano@chu.ulg.ac.be,Lecture documentation,Tâches diverses,2021-08-20,08:51:59,00:00:04
stefano.crapanzano@chu.ulg.ac.be,Lecture documentation,Tâches diverses,2021-08-20,10:39:39,00:01:39
stefano.crapanzano@chu.ulg.ac.be,Lecture documentation,Tâches diverses,2021-08-20,11:05:28,00:03:32
stefano.crapanzano@chu.ulg.ac.be,Lecture documentation,Tâches diverses,2021-08-20,11:16:41,00:00:10
stefano.crapanzano@chu.ulg.ac.be,Lecture documentation,Tâches diverses,2021-08-20,11:21:20,00:01:01
stefano.crapanzano@chu.ulg.ac.be,Lecture documentation,Tâches diverses,2021-08-20,11:22:25,00:05:32
stefano.crapanzano@chu.ulg.ac.be,Lecture documentation,Tâches diverses,2021-08-20,11:28:01,00:05:04
stefano.crapanzano@chu.ulg.ac.be,Lecture documentation,Tâches diverses,2021-08-20,11:33:12,00:00:36
stefano.crapanzano@chu.ulg.ac.be,Lecture documentation,Tâches diverses,2021-08-20,11:36:12,00:03:57
stefano.crapanzano@chu.ulg.ac.be,Lecture documentation,Tâches diverses,2021-08-20,11:41:56,00:00:07
stefano.crapanzano@chu.ulg.ac.be,Lecture documentation,Tâches diverses,2021-08-20,11:43:33,00:01:03
stefano.crapanzano@chu.ulg.ac.be,Lecture documentation,Tâches diverses,2021-08-20,11:53:24,00:06:09
stefano.crapanzano@chu.ulg.ac.be,Lecture documentation,Tâches diverses,2021-08-20,11:59:48,00:28:03
stefano.crapanzano@chu.ulg.ac.be,Lecture documentation,Tâches diverses,2021-08-20,12:36:30,00:06:15
stefano.crapanzano@chu.ulg.ac.be,Lecture documentation,Tâches diverses,2021-08-20,12:42:46,00:00:40
stefano.crapanzano@chu.ulg.ac.be,Lecture documentation,Tâches diverses,2021-08-20,12:43:28,00:03:09
stefano.crapanzano@chu.ulg.ac.be,Lecture documentation,Tâches diverses,2021-08-20,13:03:38,00:09:56
stefano.crapanzano@chu.ulg.ac.be,Lecture documentation,Tâches diverses,2021-08-20,13:27:31,00:00:10
stefano.crapanzano@chu.ulg.ac.be,Lecture documentation,Tâches diverses,2021-08-20,13:29:22,00:00:42
stefano.crapanzano@chu.ulg.ac.be,Lecture documentation,Tâches diverses,2021-08-20,13:31:50,00:01:10
stefano.crapanzano@chu.ulg.ac.be,Lecture documentation,Tâches diverses,2021-08-20,13:33:07,00:01:55
stefano.crapanzano@chu.ulg.ac.be,Lecture documentation,Tâches diverses,2021-08-20,13:44:37,00:00:13
stefano.crapanzano@chu.ulg.ac.be,Lecture documentation,Tâches diverses,2021-08-20,13:48:49,00:00:44
stefano.crapanzano@chu.ulg.ac.be,Lecture documentation,Tâches diverses,2021-08-20,13:52:10,00:00:06
stefano.crapanzano@chu.ulg.ac.be,Lecture documentation,Tâches diverses,2021-08-20,13:53:46,00:00:30
stefano.crapanzano@chu.ulg.ac.be,Lecture documentation,Tâches diverses,2021-08-20,15:31:51,00:02:55
stefano.crapanzano@chu.ulg.ac.be,Rédaction : Fwd: Factures CHR non injectées dans KOFAX - Thunderbird,Helpdesk général,2021-08-20,08:41:24,00:01:18
stefano.crapanzano@chu.ulg.ac.be,Rédaction : Fwd: Factures CHR non injectées dans KOFAX - Thunderbird,Helpdesk général,2021-08-20,08:42:53,00:01:44
stefano.crapanzano@chu.ulg.ac.be,Rédaction : Fwd: Factures CHR non injectées dans KOFAX - Thunderbird,Helpdesk général,2021-08-20,08:44:50,00:05:07
stefano.crapanzano@chu.ulg.ac.be,Rédaction : Fwd: Factures CHR non injectées dans KOFAX - Thunderbird,Helpdesk général,2021-08-20,08:50:33,00:01:24
stefano.crapanzano@chu.ulg.ac.be,Iepacs_CHR - kofaxchr@iepacs.chu.ulg.ac.be - FileZilla,Helpdesk général,2021-08-20,08:42:42,00:00:03
stefano.crapanzano@chu.ulg.ac.be,Iepacs_CHR - kofaxchr@iepacs.chu.ulg.ac.be - FileZilla,Helpdesk général,2021-08-20,08:44:39,00:00:03
stefano.crapanzano@chu.ulg.ac.be,Iepacs_CHR - kofaxchr@iepacs.chu.ulg.ac.be - FileZilla,Helpdesk général,2021-08-20,13:48:47,00:00:02
stefano.crapanzano@chu.ulg.ac.be,Greenshot capture form,Helpdesk général,2021-08-20,08:42:46,00:00:06
stefano.crapanzano@chu.ulg.ac.be,Greenshot capture form,Helpdesk général,2021-08-20,09:26:39,00:00:03
stefano.crapanzano@chu.ulg.ac.be,Greenshot capture form,Helpdesk général,2021-08-20,11:40:56,00:00:09
stefano.crapanzano@chu.ulg.ac.be,Greenshot capture form,Exploration SAP,2021-08-20,11:42:31,00:00:05
stefano.crapanzano@chu.ulg.ac.be,Greenshot capture form,Helpdesk général,2021-08-20,11:47:24,00:00:05
stefano.crapanzano@chu.ulg.ac.be,Greenshot capture form,Helpdesk général,2021-08-20,14:46:18,00:00:06
stefano.crapanzano@chu.ulg.ac.be,Greenshot capture form,Helpdesk général,2021-08-20,14:46:38,00:00:07
stefano.crapanzano@chu.ulg.ac.be,Greenshot capture form,Helpdesk général,2021-08-20,14:47:02,00:00:08
stefano.crapanzano@chu.ulg.ac.be,Modification des attributs du fichier,Helpdesk général,2021-08-20,08:44:42,00:00:06
stefano.crapanzano@chu.ulg.ac.be,Vérification de l’orthographe,Helpdesk général,2021-08-20,09:09:34,00:00:02
stefano.crapanzano@chu.ulg.ac.be,Vérification de l’orthographe,Helpdesk général,2021-08-20,14:27:00,00:00:02
stefano.crapanzano@chu.ulg.ac.be,Vérification de l’orthographe,Helpdesk général,2021-08-20,14:49:50,00:00:02
stefano.crapanzano@chu.ulg.ac.be,Vérification de l’orthographe,Helpdesk général,2021-08-20,15:20:35,00:00:04
stefano.crapanzano@chu.ulg.ac.be,Rédaction : Re: Factures CHR non injectées dans KOFAX - Thunderbird,Helpdesk général,2021-08-20,08:52:41,00:10:26
stefano.crapanzano@chu.ulg.ac.be,Rédaction : Re: Factures CHR non injectées dans KOFAX - Thunderbird,Helpdesk général,2021-08-20,09:03:10,00:06:23
stefano.crapanzano@chu.ulg.ac.be,Envoyés - erp.sai@chuliege.be - Mozilla Thunderbird,Helpdesk général,2021-08-20,09:09:46,00:00:54
stefano.crapanzano@chu.ulg.ac.be,Envoyés - erp.sai@chuliege.be - Mozilla Thunderbird,Helpdesk général,2021-08-20,09:10:44,00:03:05
stefano.crapanzano@chu.ulg.ac.be,Envoyés - erp.sai@chuliege.be - Mozilla Thunderbird,Helpdesk général,2021-08-20,09:28:51,00:01:39
stefano.crapanzano@chu.ulg.ac.be,Envoyés - erp.sai@chuliege.be - Mozilla Thunderbird,Helpdesk général,2021-08-20,10:38:15,00:00:56
stefano.crapanzano@chu.ulg.ac.be,Envoyés - erp.sai@chuliege.be - Mozilla Thunderbird,Helpdesk général,2021-08-20,11:20:06,00:00:14
stefano.crapanzano@chu.ulg.ac.be,Envoyés - erp.sai@chuliege.be - Mozilla Thunderbird,Helpdesk général,2021-08-20,11:21:10,00:00:03
stefano.crapanzano@chu.ulg.ac.be,Envoyés - erp.sai@chuliege.be - Mozilla Thunderbird,Helpdesk général,2021-08-20,13:03:31,00:00:03
stefano.crapanzano@chu.ulg.ac.be,Envoyés - erp.sai@chuliege.be - Mozilla Thunderbird,Helpdesk général,2021-08-20,13:13:34,00:00:02
stefano.crapanzano@chu.ulg.ac.be,Envoyés - erp.sai@chuliege.be - Mozilla Thunderbird,Helpdesk général,2021-08-20,14:27:15,00:00:38
stefano.crapanzano@chu.ulg.ac.be,Envoyés - erp.sai@chuliege.be - Mozilla Thunderbird,Helpdesk général,2021-08-20,14:28:01,00:03:29
stefano.crapanzano@chu.ulg.ac.be,Envoyés - erp.sai@chuliege.be - Mozilla Thunderbird,Helpdesk général,2021-08-20,14:31:49,00:03:34
stefano.crapanzano@chu.ulg.ac.be,Envoyés - erp.sai@chuliege.be - Mozilla Thunderbird,Helpdesk général,2021-08-20,14:37:43,00:00:06
stefano.crapanzano@chu.ulg.ac.be,Envoyés - erp.sai@chuliege.be - Mozilla Thunderbird,Helpdesk général,2021-08-20,14:40:29,00:00:02
stefano.crapanzano@chu.ulg.ac.be,Envoyés - erp.sai@chuliege.be - Mozilla Thunderbird,Helpdesk général,2021-08-20,14:50:00,00:01:38
stefano.crapanzano@chu.ulg.ac.be,Envoyés - erp.sai@chuliege.be - Mozilla Thunderbird,Helpdesk général,2021-08-20,14:55:31,00:00:04
stefano.crapanzano@chu.ulg.ac.be,Envoyés - erp.sai@chuliege.be - Mozilla Thunderbird,Helpdesk général,2021-08-20,14:57:04,00:00:36
stefano.crapanzano@chu.ulg.ac.be,Envoyés - erp.sai@chuliege.be - Mozilla Thunderbird,Helpdesk général,2021-08-20,14:58:19,00:00:05
stefano.crapanzano@chu.ulg.ac.be,Envoyés - erp.sai@chuliege.be - Mozilla Thunderbird,Helpdesk général,2021-08-20,14:59:23,00:00:34
stefano.crapanzano@chu.ulg.ac.be,Envoyés - erp.sai@chuliege.be - Mozilla Thunderbird,Helpdesk général,2021-08-20,15:21:01,00:00:32
stefano.crapanzano@chu.ulg.ac.be,Envoyés - erp.sai@chuliege.be - Mozilla Thunderbird,Helpdesk général,2021-08-20,15:21:46,00:02:12
stefano.crapanzano@chu.ulg.ac.be,Envoyés - erp.sai@chuliege.be - Mozilla Thunderbird,Helpdesk général,2021-08-20,15:24:00,00:00:45
stefano.crapanzano@chu.ulg.ac.be,Envoyés - erp.sai@chuliege.be - Mozilla Thunderbird,Helpdesk général,2021-08-20,15:24:47,00:01:02
stefano.crapanzano@chu.ulg.ac.be,Envoyés - erp.sai@chuliege.be - Mozilla Thunderbird,Helpdesk général,2021-08-20,15:26:21,00:00:26
stefano.crapanzano@chu.ulg.ac.be,Envoyés - erp.sai@chuliege.be - Mozilla Thunderbird,Helpdesk général,2021-08-20,15:28:55,00:00:37
stefano.crapanzano@chu.ulg.ac.be,Envoyés - erp.sai@chuliege.be - Mozilla Thunderbird,Helpdesk général,2021-08-20,15:29:45,00:01:54
stefano.crapanzano@chu.ulg.ac.be,Envoyés - erp.sai@chuliege.be - Mozilla Thunderbird,Helpdesk général,2021-08-20,15:34:50,00:00:48
stefano.crapanzano@chu.ulg.ac.be,Envoyés - erp.sai@chuliege.be - Mozilla Thunderbird,Helpdesk général,2021-08-20,15:35:41,00:00:55
stefano.crapanzano@chu.ulg.ac.be,Envoyés - erp.sai@chuliege.be - Mozilla Thunderbird,Helpdesk général,2021-08-20,15:43:36,00:00:02
stefano.crapanzano@chu.ulg.ac.be,Stefano CRAPANZANO - erp.sai@chuliege.be - Mozilla Thunderbird,Helpdesk général,2021-08-20,09:19:48,00:00:06
stefano.crapanzano@chu.ulg.ac.be,Stefano CRAPANZANO - erp.sai@chuliege.be - Mozilla Thunderbird,Helpdesk général,2021-08-20,10:23:24,00:09:25
stefano.crapanzano@chu.ulg.ac.be,Stefano CRAPANZANO - erp.sai@chuliege.be - Mozilla Thunderbird,Helpdesk général,2021-08-20,10:59:13,00:06:10
stefano.crapanzano@chu.ulg.ac.be,Stefano CRAPANZANO - erp.sai@chuliege.be - Mozilla Thunderbird,Helpdesk général,2021-08-20,11:05:25,00:00:03
stefano.crapanzano@chu.ulg.ac.be,Stefano CRAPANZANO - erp.sai@chuliege.be - Mozilla Thunderbird,Helpdesk général,2021-08-20,11:09:06,00:07:31
stefano.crapanzano@chu.ulg.ac.be,SAP Logon 750,Exploration SAP,2021-08-20,09:21:24,00:00:08
stefano.crapanzano@chu.ulg.ac.be,SAP Logon 750,Exploration SAP,2021-08-20,11:41:25,00:00:02
stefano.crapanzano@chu.ulg.ac.be,SAP Logon 750,Exploration SAP,2021-08-20,14:00:31,00:00:08
stefano.crapanzano@chu.ulg.ac.be,SAP Easy Access Menu de base Applications financières-économiques,Exploration SAP,2021-08-20,09:21:33,00:00:03
stefano.crapanzano@chu.ulg.ac.be,SAP Easy Access Menu de base Applications financières-économiques,Exploration SAP,2021-08-20,09:21:40,00:04:19
stefano.crapanzano@chu.ulg.ac.be,SAP Easy Access Menu de base Applications financières-économiques,Exploration SAP,2021-08-20,11:41:37,00:00:03
stefano.crapanzano@chu.ulg.ac.be,SAP Easy Access Menu de base Applications financières-économiques,Exploration SAP,2021-08-20,14:00:40,00:00:06
stefano.crapanzano@chu.ulg.ac.be,SAP Easy Access Menu de base Applications financières-économiques,Exploration SAP,2021-08-20,14:03:52,00:00:03
stefano.crapanzano@chu.ulg.ac.be,SAP Easy Access Menu de base Applications financières-économiques,Exploration SAP,2021-08-20,14:41:31,00:00:04
stefano.crapanzano@chu.ulg.ac.be,SAP Easy Access Menu de base Applications financières-économiques,Exploration SAP,2021-08-20,14:41:58,00:00:03
stefano.crapanzano@chu.ulg.ac.be,SAP Easy Access Menu de base Applications financières-économiques,Exploration SAP,2021-08-20,14:53:46,00:00:04
stefano.crapanzano@chu.ulg.ac.be,SAP Easy Access Menu de base Applications financières-économiques,Exploration SAP,2021-08-20,15:40:39,00:00:10
stefano.crapanzano@chu.ulg.ac.be,SAP Easy Access Menu de base Applications financières-économiques,Exploration SAP,2021-08-20,15:41:00,00:00:08
stefano.crapanzano@chu.ulg.ac.be,SAP Easy Access Menu de base Applications financières-économiques,Exploration SAP,2021-08-20,15:41:31,00:00:02
stefano.crapanzano@chu.ulg.ac.be,Données bloquées,Exploration SAP,2021-08-20,09:21:36,00:00:03
stefano.crapanzano@chu.ulg.ac.be,Modifier vue  Groupes de marchandises  : synthèse,Exploration SAP,2021-08-20,09:26:34,00:00:04
stefano.crapanzano@chu.ulg.ac.be,Demandes - Service d'assistance - Google Chrome,Tâches diverses,2021-08-20,10:35:42,00:00:06
stefano.crapanzano@chu.ulg.ac.be,Demandes - Service d'assistance - Google Chrome,Tâches diverses,2021-08-20,10:36:04,00:00:07
stefano.crapanzano@chu.ulg.ac.be,Demandes - Service d'assistance - Google Chrome,Tâches diverses,2021-08-20,10:36:33,00:00:12
stefano.crapanzano@chu.ulg.ac.be,Demandes - Service d'assistance - Google Chrome,Tâches diverses,2021-08-20,10:37:07,00:00:24
stefano.crapanzano@chu.ulg.ac.be,Demandes - Service d'assistance - Google Chrome,Tâches diverses,2021-08-20,10:46:52,00:00:55
stefano.crapanzano@chu.ulg.ac.be,Demandes - Service d'assistance - Google Chrome,Tâches diverses,2021-08-20,10:54:04,00:00:03
stefano.crapanzano@chu.ulg.ac.be,Demandes - Service d'assistance - Google Chrome,Tâches diverses,2021-08-20,11:17:01,00:00:04
stefano.crapanzano@chu.ulg.ac.be,Demandes - Service d'assistance - Google Chrome,Tâches diverses,2021-08-20,11:19:10,00:00:12
stefano.crapanzano@chu.ulg.ac.be,Demandes - Service d'assistance - Google Chrome,Tâches diverses,2021-08-20,11:19:46,00:00:02
stefano.crapanzano@chu.ulg.ac.be,Demandes - Service d'assistance - Google Chrome,Tâches diverses,2021-08-20,11:20:21,00:00:02
stefano.crapanzano@chu.ulg.ac.be,Demandes - Service d'assistance - Google Chrome,Tâches diverses,2021-08-20,11:21:15,00:00:04
stefano.crapanzano@chu.ulg.ac.be,Demandes - Service d'assistance - Google Chrome,Tâches diverses,2021-08-20,11:35:55,00:00:16
stefano.crapanzano@chu.ulg.ac.be,Demandes - Service d'assistance - Google Chrome,Tâches diverses,2021-08-20,11:41:07,00:00:02
stefano.crapanzano@chu.ulg.ac.be,Demandes - Service d'assistance - Google Chrome,Tâches diverses,2021-08-20,11:49:07,00:03:34
stefano.crapanzano@chu.ulg.ac.be,Demandes - Service d'assistance - Google Chrome,Tâches diverses,2021-08-20,13:28:52,00:00:09
stefano.crapanzano@chu.ulg.ac.be,Demandes - Service d'assistance - Google Chrome,Tâches diverses,2021-08-20,13:29:04,00:00:02
stefano.crapanzano@chu.ulg.ac.be,Demandes - Service d'assistance - Google Chrome,Tâches diverses,2021-08-20,13:52:48,00:00:02
stefano.crapanzano@chu.ulg.ac.be,Demandes - Service d'assistance - Google Chrome,Tâches diverses,2021-08-20,13:53:04,00:00:04
stefano.crapanzano@chu.ulg.ac.be,Demandes - Service d'assistance - Google Chrome,Tâches diverses,2021-08-20,13:57:58,00:00:46
stefano.crapanzano@chu.ulg.ac.be,Demandes - Service d'assistance - Google Chrome,Tâches diverses,2021-08-20,13:58:58,00:00:05
stefano.crapanzano@chu.ulg.ac.be,Demandes - Service d'assistance - Google Chrome,Tâches diverses,2021-08-20,13:59:54,00:00:09
stefano.crapanzano@chu.ulg.ac.be,Demandes - Service d'assistance - Google Chrome,Tâches diverses,2021-08-20,14:02:20,00:00:02
stefano.crapanzano@chu.ulg.ac.be,Demandes - Service d'assistance - Google Chrome,Tâches diverses,2021-08-20,14:12:16,00:00:16
stefano.crapanzano@chu.ulg.ac.be,Demandes - Service d'assistance - Google Chrome,Tâches diverses,2021-08-20,14:16:12,00:00:09
stefano.crapanzano@chu.ulg.ac.be,Demandes - Service d'assistance - Google Chrome,Tâches diverses,2021-08-20,14:17:32,00:00:02
stefano.crapanzano@chu.ulg.ac.be,Demandes - Service d'assistance - Google Chrome,Tâches diverses,2021-08-20,14:31:39,00:00:03
stefano.crapanzano@chu.ulg.ac.be,Demandes - Service d'assistance - Google Chrome,Tâches diverses,2021-08-20,14:59:01,00:00:07
stefano.crapanzano@chu.ulg.ac.be,Demandes - Service d'assistance - Google Chrome,Tâches diverses,2021-08-20,15:27:25,00:00:06
stefano.crapanzano@chu.ulg.ac.be,Demandes - Service d'assistance - Google Chrome,Tâches diverses,2021-08-20,15:28:35,00:00:09
stefano.crapanzano@chu.ulg.ac.be,Service MT - Google Chrome,Tâches diverses,2021-08-20,09:28:30,00:00:15
stefano.crapanzano@chu.ulg.ac.be,Service MT - Google Chrome,Tâches diverses,2021-08-20,10:37:48,00:00:20
stefano.crapanzano@chu.ulg.ac.be,Service MT - Google Chrome,Tâches diverses,2021-08-20,10:39:35,00:00:02
stefano.crapanzano@chu.ulg.ac.be,Service MT - Google Chrome,Tâches diverses,2021-08-20,10:46:49,00:00:03
stefano.crapanzano@chu.ulg.ac.be,Service MT - Google Chrome,Tâches diverses,2021-08-20,11:19:49,00:00:13
stefano.crapanzano@chu.ulg.ac.be,Service MT - Google Chrome,Tâches diverses,2021-08-20,13:22:28,00:00:10
stefano.crapanzano@chu.ulg.ac.be,Service MT - Google Chrome,Tâches diverses,2021-08-20,13:27:23,00:00:04
stefano.crapanzano@chu.ulg.ac.be,Service MT - Google Chrome,Tâches diverses,2021-08-20,13:28:43,00:00:03
stefano.crapanzano@chu.ulg.ac.be,Service MT - Google Chrome,Tâches diverses,2021-08-20,13:29:12,00:00:03
stefano.crapanzano@chu.ulg.ac.be,Service MT - Google Chrome,Tâches diverses,2021-08-20,13:56:27,00:00:08
stefano.crapanzano@chu.ulg.ac.be,Service MT - Google Chrome,Tâches diverses,2021-08-20,13:57:44,00:00:02
stefano.crapanzano@chu.ulg.ac.be,Service MT - Google Chrome,Tâches diverses,2021-08-20,14:59:11,00:00:07
stefano.crapanzano@chu.ulg.ac.be,Service MT - Google Chrome,Tâches diverses,2021-08-20,15:13:47,00:00:10
stefano.crapanzano@chu.ulg.ac.be,Service MT - Google Chrome,Tâches diverses,2021-08-20,15:29:33,00:00:07
stefano.crapanzano@chu.ulg.ac.be,Identification - Google Chrome,Tâches diverses,2021-08-20,09:28:24,00:00:06
stefano.crapanzano@chu.ulg.ac.be,Jobs inexistants dans l'environnement X01 - Xperthis ERP4HC 2.0 Rollout - Service d'assistance - Google Chrome,Tâches diverses,2021-08-20,09:33:48,00:00:15
stefano.crapanzano@chu.ulg.ac.be,Jobs inexistants dans l'environnement X01 - Xperthis ERP4HC 2.0 Rollout - Service d'assistance - Google Chrome,Tâches diverses,2021-08-20,10:33:02,00:00:06
stefano.crapanzano@chu.ulg.ac.be,Jobs inexistants dans l'environnement X01 - Xperthis ERP4HC 2.0 Rollout - Service d'assistance - Google Chrome,Tâches diverses,2021-08-20,10:33:29,00:00:07
stefano.crapanzano@chu.ulg.ac.be,P203 CHU IDoc 332504 en statut 51 pour article 601839 - Xperthis ERP4HC 1.0 - Service d'assistance - Google Chrome,Tâches diverses,2021-08-20,10:10:14,00:00:42
stefano.crapanzano@chu.ulg.ac.be,P203 CHU IDoc 332504 en statut 51 pour article 601839 - Xperthis ERP4HC 1.0 - Service d'assistance - Google Chrome,Tâches diverses,2021-08-20,10:32:53,00:00:02
stefano.crapanzano@chu.ulg.ac.be,P203 CHU IDoc 332504 en statut 51 pour article 601839 - Xperthis ERP4HC 1.0 - Service d'assistance - Google Chrome,Tâches diverses,2021-08-20,11:16:57,00:00:03
stefano.crapanzano@chu.ulg.ac.be,Ouverture -Word,Helpdesk général,2021-08-20,13:20:56,00:00:02
stefano.crapanzano@chu.ulg.ac.be,impossibilité de me connecter dans X01 - Xperthis ERP4HC 1.0 - Service d'assistance - Google Chrome,Tâches diverses,2021-08-20,10:35:48,00:00:15
stefano.crapanzano@chu.ulg.ac.be,Problème à l'exécution de la transaction ZWF_IVREP sous X01 (203) - Xperthis ERP4HC 2.0 Rollout - Service d'assistance - Google Chrome,Tâches diverses,2021-08-20,10:36:11,00:00:21
stefano.crapanzano@chu.ulg.ac.be,ME21N - impossible de créer un bon de commande en X01 - Xperthis ERP4HC 2.0 Rollout - Service d'assistance - Google Chrome,Tâches diverses,2021-08-20,10:36:45,00:00:22
stefano.crapanzano@chu.ulg.ac.be,Sélectionnez l’objet task retrieve stock from sap à changer | Site d’administration de Django - Google Chrome,Tâches diverses,2021-08-20,10:37:36,00:00:02
stefano.crapanzano@chu.ulg.ac.be,Sélectionnez l’objet task retrieve stock from sap à changer | Site d’administration de Django - Google Chrome,Tâches diverses,2021-08-20,10:37:41,00:00:04
stefano.crapanzano@chu.ulg.ac.be,Sélectionnez l’objet task retrieve stock from sap à changer | Site d’administration de Django - Google Chrome,Tâches diverses,2021-08-20,10:54:07,00:00:07
stefano.crapanzano@chu.ulg.ac.be,Sélectionnez l’objet task retrieve stock from sap à changer | Site d’administration de Django - Google Chrome,Tâches diverses,2021-08-20,11:16:54,00:00:03
stefano.crapanzano@chu.ulg.ac.be,Sélectionnez l’objet task retrieve stock from sap à changer | Site d’administration de Django - Google Chrome,Tâches diverses,2021-08-20,13:29:07,00:00:04
stefano.crapanzano@chu.ulg.ac.be,Sélectionnez l’objet task retrieve stock from sap à changer | Site d’administration de Django - Google Chrome,Tâches diverses,2021-08-20,13:58:45,00:00:04
stefano.crapanzano@chu.ulg.ac.be,POST data - Google Chrome,Tâches diverses,2021-08-20,10:37:39,00:00:02
stefano.crapanzano@chu.ulg.ac.be,Impression via ZWM_REPRINT_HU ne fonctionne pas - Xperthis ERP4HC 2.0 Rollout - Service d'assistance - Google Chrome,Tâches diverses,2021-08-20,11:17:06,00:00:21
stefano.crapanzano@chu.ulg.ac.be,Impression via ZWM_REPRINT_HU ne fonctionne pas - Xperthis ERP4HC 2.0 Rollout - Service d'assistance - Google Chrome,Tâches diverses,2021-08-20,11:18:18,00:00:03
stefano.crapanzano@chu.ulg.ac.be,Impression via ZWM_REPRINT_HU ne fonctionne pas - Xperthis ERP4HC 2.0 Rollout - Service d'assistance - Google Chrome,Tâches diverses,2021-08-20,11:19:44,00:00:02
stefano.crapanzano@chu.ulg.ac.be,Impression via ZWM_REPRINT_HU ne fonctionne pas - Xperthis ERP4HC 2.0 Rollout - Service d'assistance - Google Chrome,Tâches diverses,2021-08-20,11:41:09,00:00:02
stefano.crapanzano@chu.ulg.ac.be,Impression via ZWM_REPRINT_HU ne fonctionne pas - Xperthis ERP4HC 2.0 Rollout - Service d'assistance - Google Chrome,Tâches diverses,2021-08-20,11:42:42,00:00:39
stefano.crapanzano@chu.ulg.ac.be,Impression via ZWM_REPRINT_HU ne fonctionne pas - Xperthis ERP4HC 2.0 Rollout - Service d'assistance - Google Chrome,Tâches diverses,2021-08-20,11:46:13,00:00:07
stefano.crapanzano@chu.ulg.ac.be,Impression via ZWM_REPRINT_HU ne fonctionne pas - Xperthis ERP4HC 2.0 Rollout - Service d'assistance - Google Chrome,Tâches diverses,2021-08-20,11:46:38,00:00:32
stefano.crapanzano@chu.ulg.ac.be,Impression via ZWM_REPRINT_HU ne fonctionne pas - Xperthis ERP4HC 2.0 Rollout - Service d'assistance - Google Chrome,Tâches diverses,2021-08-20,11:47:31,00:00:06
stefano.crapanzano@chu.ulg.ac.be,Impression via ZWM_REPRINT_HU ne fonctionne pas - Xperthis ERP4HC 2.0 Rollout - Service d'assistance - Google Chrome,Tâches diverses,2021-08-20,11:47:38,00:01:15
stefano.crapanzano@chu.ulg.ac.be,Impression via ZWM_REPRINT_HU ne fonctionne pas - Xperthis ERP4HC 2.0 Rollout - Service d'assistance - Google Chrome,Tâches diverses,2021-08-20,13:29:02,00:00:02
stefano.crapanzano@chu.ulg.ac.be,Impression via ZWM_REPRINT_HU ne fonctionne pas - Xperthis ERP4HC 2.0 Rollout - Service d'assistance - Google Chrome,Tâches diverses,2021-08-20,13:39:50,00:00:20
stefano.crapanzano@chu.ulg.ac.be,Impression via ZWM_REPRINT_HU ne fonctionne pas - Xperthis ERP4HC 2.0 Rollout - Service d'assistance - Google Chrome,Tâches diverses,2021-08-20,13:40:24,00:01:09
stefano.crapanzano@chu.ulg.ac.be,Impression via ZWM_REPRINT_HU ne fonctionne pas - Xperthis ERP4HC 2.0 Rollout - Service d'assistance - Google Chrome,Tâches diverses,2021-08-20,13:45:09,00:00:34
stefano.crapanzano@chu.ulg.ac.be,Impression via ZWM_REPRINT_HU ne fonctionne pas - Xperthis ERP4HC 2.0 Rollout - Service d'assistance - Google Chrome,Tâches diverses,2021-08-20,13:52:21,00:00:27
stefano.crapanzano@chu.ulg.ac.be,Impression via ZWM_REPRINT_HU ne fonctionne pas - Xperthis ERP4HC 2.0 Rollout - Service d'assistance - Google Chrome,Tâches diverses,2021-08-20,13:53:09,00:00:22
stefano.crapanzano@chu.ulg.ac.be,Impression via ZWM_REPRINT_HU ne fonctionne pas - Xperthis ERP4HC 2.0 Rollout - Service d'assistance - Google Chrome,Tâches diverses,2021-08-20,13:53:39,00:00:04
stefano.crapanzano@chu.ulg.ac.be,Impression via ZWM_REPRINT_HU ne fonctionne pas - Xperthis ERP4HC 2.0 Rollout - Service d'assistance - Google Chrome,Tâches diverses,2021-08-20,13:56:24,00:00:02
stefano.crapanzano@chu.ulg.ac.be,Impression via ZWM_REPRINT_HU ne fonctionne pas - Xperthis ERP4HC 2.0 Rollout - Service d'assistance - Google Chrome,Tâches diverses,2021-08-20,13:57:46,00:00:12
stefano.crapanzano@chu.ulg.ac.be,sterpbe-2012 - Mozilla Thunderbird,Helpdesk général,2021-08-20,11:17:32,00:00:08
stefano.crapanzano@chu.ulg.ac.be,Impressions à partir de X01 - Mozilla Thunderbird,Helpdesk général,2021-08-20,11:17:41,00:00:18
stefano.crapanzano@chu.ulg.ac.be,Impressions à partir de X01 - Mozilla Thunderbird,Helpdesk général,2021-08-20,11:18:56,00:00:02
stefano.crapanzano@chu.ulg.ac.be,Impressions à partir de X01 - Mozilla Thunderbird,Helpdesk général,2021-08-20,11:40:50,00:00:06
stefano.crapanzano@chu.ulg.ac.be,Impressions à partir de X01 - Mozilla Thunderbird,Helpdesk général,2021-08-20,11:43:22,00:00:02
stefano.crapanzano@chu.ulg.ac.be,Impressions à partir de X01 - Mozilla Thunderbird,Helpdesk général,2021-08-20,11:47:20,00:00:03
stefano.crapanzano@chu.ulg.ac.be,Impressions à partir de X01 - Mozilla Thunderbird,Helpdesk général,2021-08-20,11:48:55,00:00:02
stefano.crapanzano@chu.ulg.ac.be,Rédaction : Re: Impressions à partir de X01 - Thunderbird,Helpdesk général,2021-08-20,11:18:00,00:00:16
stefano.crapanzano@chu.ulg.ac.be,Rédaction : Re: Impressions à partir de X01 - Thunderbird,Helpdesk général,2021-08-20,11:18:23,00:00:23
stefano.crapanzano@chu.ulg.ac.be,P203 CHU Job C203_ZHUL_EDICOM interrompu - Xperthis ERP4HC 1.0 - Service d'assistance - Google Chrome,Tâches diverses,2021-08-20,11:19:22,00:00:21
stefano.crapanzano@chu.ulg.ac.be,P203 CHU Job C203_ZHUL_EDICOM interrompu - Xperthis ERP4HC 1.0 - Service d'assistance - Google Chrome,Tâches diverses,2021-08-20,11:35:52,00:00:03
stefano.crapanzano@chu.ulg.ac.be,SAP GUI for Windows 750,Exploration SAP,2021-08-20,11:27:58,00:00:03
stefano.crapanzano@chu.ulg.ac.be,Intrastat - Google Chrome,Tâches diverses,2021-08-20,11:33:49,00:01:26
stefano.crapanzano@chu.ulg.ac.be,Intrastat - Google Chrome,Tâches diverses,2021-08-20,11:35:49,00:00:02
stefano.crapanzano@chu.ulg.ac.be,Intrastat - Google Chrome,Tâches diverses,2021-08-20,13:22:25,00:00:02
stefano.crapanzano@chu.ulg.ac.be,Authentification requise - Mozilla Thunderbird,Helpdesk général,2021-08-20,11:40:12,00:00:03
stefano.crapanzano@chu.ulg.ac.be,Authentification requise - Mozilla Thunderbird,Helpdesk général,2021-08-20,11:40:18,00:00:03
stefano.crapanzano@chu.ulg.ac.be,Authentification requise - Mozilla Thunderbird,Helpdesk général,2021-08-20,11:40:29,00:00:02
stefano.crapanzano@chu.ulg.ac.be,Authentification requise - Mozilla Thunderbird,Helpdesk général,2021-08-20,11:47:15,00:00:04
stefano.crapanzano@chu.ulg.ac.be,Ouvrir,Tâches diverses,2021-08-20,11:41:11,00:00:06
stefano.crapanzano@chu.ulg.ac.be,Ouvrir,Tâches diverses,2021-08-20,11:42:40,00:00:02
stefano.crapanzano@chu.ulg.ac.be,Ouvrir,Tâches diverses,2021-08-20,15:39:14,00:00:10
stefano.crapanzano@chu.ulg.ac.be,SAP,Exploration SAP,2021-08-20,11:41:28,00:00:09
stefano.crapanzano@chu.ulg.ac.be,Pilotage des sorties : sélection d'ordres spool,Exploration SAP,2021-08-20,11:41:41,00:00:05
stefano.crapanzano@chu.ulg.ac.be,Pilotage des sorties : sélection d'ordres spool,Exploration SAP,2021-08-20,11:42:16,00:00:08
stefano.crapanzano@chu.ulg.ac.be,Pilotage des sorties : sélection d'ordres spool,Exploration SAP,2021-08-20,14:00:07,00:00:24
stefano.crapanzano@chu.ulg.ac.be,Active Directory Users and Computers,IT,2021-08-20,11:42:08,00:00:02
stefano.crapanzano@chu.ulg.ac.be,Rechercher Utilisateurs  contacts et groupes,IT,2021-08-20,11:42:10,00:00:06
stefano.crapanzano@chu.ulg.ac.be,Rechercher Utilisateurs  contacts et groupes,Tâches diverses,2021-08-20,13:41:33,00:00:02
stefano.crapanzano@chu.ulg.ac.be,Pilotage des sorties : synthèse des ordres spool,Exploration SAP,2021-08-20,11:42:25,00:00:06
stefano.crapanzano@chu.ulg.ac.be,Pilotage des sorties : synthèse des ordres spool,Exploration SAP,2021-08-20,11:44:54,00:00:07
stefano.crapanzano@chu.ulg.ac.be,Pilotage des sorties : synthèse des ordres spool,Exploration SAP,2021-08-20,11:45:39,00:00:33
stefano.crapanzano@chu.ulg.ac.be,Pilotage des sorties : synthèse des ordres spool,Exploration SAP,2021-08-20,14:00:05,00:00:02
stefano.crapanzano@chu.ulg.ac.be,Netop Invité,Helpdesk général,2021-08-20,13:03:35,00:00:02
stefano.crapanzano@chu.ulg.ac.be,Netop Invité,Helpdesk général,2021-08-20,13:22:41,00:00:05
stefano.crapanzano@chu.ulg.ac.be,Netop Invité,Helpdesk général,2021-08-20,13:23:36,00:00:09
stefano.crapanzano@chu.ulg.ac.be,Netop Invité,Helpdesk général,2021-08-20,13:23:47,00:00:09
stefano.crapanzano@chu.ulg.ac.be,Netop Invité,Helpdesk général,2021-08-20,13:27:29,00:00:02
stefano.crapanzano@chu.ulg.ac.be,Modifier l’évènement : Accepté: Migration Connection KARDEX - SAP S4H Acceptance with Lifesize,Helpdesk général,2021-08-20,13:13:56,00:00:08
stefano.crapanzano@chu.ulg.ac.be,Modifier l’évènement : Accepté: Migration Connection KARDEX - SAP S4H Acceptance with Lifesize,Helpdesk général,2021-08-20,13:16:08,00:00:07
stefano.crapanzano@chu.ulg.ac.be,Modifier l’évènement : Accepté: Migration Connection KARDEX - SAP S4H Acceptance with Lifesize,Helpdesk général,2021-08-20,15:00:12,00:00:07
stefano.crapanzano@chu.ulg.ac.be,kardex - Mozilla Thunderbird,Helpdesk général,2021-08-20,13:16:22,00:00:16
stefano.crapanzano@chu.ulg.ac.be,kardex - Mozilla Thunderbird,Helpdesk général,2021-08-20,13:18:26,00:00:03
stefano.crapanzano@chu.ulg.ac.be,kardex - Mozilla Thunderbird,Helpdesk général,2021-08-20,13:18:33,00:00:12
stefano.crapanzano@chu.ulg.ac.be,Migration Connection KARDEX - SAP S4H Acceptance with Lifesize - Mozilla Thunderbird,Helpdesk général,2021-08-20,13:16:39,00:01:00
stefano.crapanzano@chu.ulg.ac.be,Migration Connection KARDEX - SAP S4H Acceptance with Lifesize - Mozilla Thunderbird,Helpdesk général,2021-08-20,13:18:12,00:00:14
stefano.crapanzano@chu.ulg.ac.be,Migration Connection KARDEX - SAP S4H Acceptance with Lifesize - Mozilla Thunderbird,Helpdesk général,2021-08-20,13:18:30,00:00:03
stefano.crapanzano@chu.ulg.ac.be,Migration Connection KARDEX - SAP S4H Acceptance with Lifesize - Mozilla Thunderbird,Helpdesk général,2021-08-20,13:18:46,00:00:16
stefano.crapanzano@chu.ulg.ac.be,Migration Connection KARDEX - SAP S4H Acceptance with Lifesize - Mozilla Thunderbird,Helpdesk général,2021-08-20,13:19:04,00:00:07
stefano.crapanzano@chu.ulg.ac.be,Migration Connection KARDEX - SAP S4H Acceptance with Lifesize - Mozilla Thunderbird,Tâches diverses,2021-08-20,13:19:19,00:00:02
stefano.crapanzano@chu.ulg.ac.be,Migration Connection KARDEX - SAP S4H Acceptance with Lifesize - Mozilla Thunderbird,Helpdesk général,2021-08-20,13:20:22,00:00:32
stefano.crapanzano@chu.ulg.ac.be,Migration Connection KARDEX - SAP S4H Acceptance with Lifesize - Mozilla Thunderbird,Helpdesk général,2021-08-20,13:21:35,00:00:02
stefano.crapanzano@chu.ulg.ac.be,Migration Connection KARDEX - SAP S4H Acceptance with Lifesize - Mozilla Thunderbird,Helpdesk général,2021-08-20,13:22:39,00:00:02
stefano.crapanzano@chu.ulg.ac.be,Migration Connection KARDEX - SAP S4H Acceptance with Lifesize - Mozilla Thunderbird,Helpdesk général,2021-08-20,13:23:29,00:00:07
stefano.crapanzano@chu.ulg.ac.be,Migration Connection KARDEX - SAP S4H Acceptance with Lifesize - Mozilla Thunderbird,Helpdesk général,2021-08-20,13:27:41,00:01:01
stefano.crapanzano@chu.ulg.ac.be,SAM-DB : Test ERP 2.0 Vérification des robots SAPScript sur X01 - Google Chrome,Tâches diverses,2021-08-20,13:17:40,00:00:04
stefano.crapanzano@chu.ulg.ac.be,SAM-DB : clone d'un pc ATI - Google Chrome,Tâches diverses,2021-08-20,13:19:11,00:00:02
stefano.crapanzano@chu.ulg.ac.be,SAM-DB : clone d'un pc ATI - Google Chrome,Tâches diverses,2021-08-20,13:21:31,00:00:03
stefano.crapanzano@chu.ulg.ac.be,SAM-DB : clone d'un pc ATI - Google Chrome,Tâches diverses,2021-08-20,13:21:44,00:00:40
stefano.crapanzano@chu.ulg.ac.be,SAM-DB : clone d'un pc ATI - Google Chrome,Tâches diverses,2021-08-20,14:14:36,00:01:36
stefano.crapanzano@chu.ulg.ac.be,Nouvel onglet - Google Chrome,Tâches diverses,2021-08-20,14:02:22,00:00:27
stefano.crapanzano@chu.ulg.ac.be,Nouvel onglet - Google Chrome,Tâches diverses,2021-08-20,14:17:35,00:00:09
stefano.crapanzano@chu.ulg.ac.be,Nouvel onglet - Google Chrome,Tâches diverses,2021-08-20,14:19:31,00:00:02
stefano.crapanzano@chu.ulg.ac.be,Nouvel onglet - Google Chrome,Tâches diverses,2021-08-20,14:35:27,00:00:06
stefano.crapanzano@chu.ulg.ac.be,Nouvel onglet - Google Chrome,Tâches diverses,2021-08-20,14:51:42,00:00:04
stefano.crapanzano@chu.ulg.ac.be,Nouvel onglet - Google Chrome,Tâches diverses,2021-08-20,15:14:00,00:00:04
stefano.crapanzano@chu.ulg.ac.be,Nouvel onglet - Google Chrome,Tâches diverses,2021-08-20,15:57:20,00:00:07
stefano.crapanzano@chu.ulg.ac.be,myCHU - Google Chrome,Tâches diverses,2021-08-20,13:19:16,00:00:02
stefano.crapanzano@chu.ulg.ac.be,Corbeille - erp.sai@chuliege.be - Mozilla Thunderbird,Helpdesk général,2021-08-20,13:19:30,00:00:46
stefano.crapanzano@chu.ulg.ac.be,Connexion à l'aide de l'authentification Windows,Helpdesk général,2021-08-20,13:23:56,00:00:02
stefano.crapanzano@chu.ulg.ac.be,Netop,Helpdesk général,2021-08-20,13:23:59,00:00:25
stefano.crapanzano@chu.ulg.ac.be,dsl-wx-0064 - Netop Remote Control,Helpdesk général,2021-08-20,13:24:24,00:02:55
stefano.crapanzano@chu.ulg.ac.be,console_erpftp - [Racine de la console\Gestion de l’ordinateur (ERPFTP)\Outils système\Planificateur de tâches\Bibliothèque du Planificateur de tâches],IT,2021-08-20,13:35:25,00:00:08
stefano.crapanzano@chu.ulg.ac.be,console_erpftp - [Racine de la console\Gestion de l’ordinateur (ERPFTP)\Outils système\Planificateur de tâches\Bibliothèque du Planificateur de tâches],IT,2021-08-20,13:37:12,00:00:23
stefano.crapanzano@chu.ulg.ac.be,console_erpftp - [Racine de la console\Gestion de l’ordinateur (ERPFTP)\Outils système\Planificateur de tâches\Bibliothèque du Planificateur de tâches],IT,2021-08-20,13:38:24,00:00:19
stefano.crapanzano@chu.ulg.ac.be,console_erpftp - [Racine de la console\Gestion de l’ordinateur (ERPFTP)\Outils système\Planificateur de tâches\Bibliothèque du Planificateur de tâches],IT,2021-08-20,13:41:51,00:00:03
stefano.crapanzano@chu.ulg.ac.be,console_erpftp - [Racine de la console\Gestion de l’ordinateur (ERPFTP)\Outils système\Planificateur de tâches\Bibliothèque du Planificateur de tâches],IT,2021-08-20,13:49:42,00:00:09
stefano.crapanzano@chu.ulg.ac.be,console_erpftp - [Racine de la console\Gestion de l’ordinateur (ERPFTP)\Outils système\Planificateur de tâches\Bibliothèque du Planificateur de tâches],IT,2021-08-20,13:50:13,00:00:15
stefano.crapanzano@chu.ulg.ac.be,console_erpftp - [Racine de la console\Gestion de l’ordinateur (ERPFTP)\Outils système\Planificateur de tâches\Bibliothèque du Planificateur de tâches],IT,2021-08-20,13:50:31,00:00:57
stefano.crapanzano@chu.ulg.ac.be,console_erpftp - [Racine de la console\Gestion de l’ordinateur (ERPFTP)\Outils système\Planificateur de tâches\Bibliothèque du Planificateur de tâches],IT,2021-08-20,13:51:44,00:00:02
stefano.crapanzano@chu.ulg.ac.be,console_erpftp - [Racine de la console\Gestion de l’ordinateur (ERPFTP)\Outils système\Planificateur de tâches\Bibliothèque du Planificateur de tâches],IT,2021-08-20,15:26:52,00:00:02
stefano.crapanzano@chu.ulg.ac.be,\\ERPFTP.st.chulg\ERP\Log\KOFAX-KofaxCaptureSVReleaseProdFRCHR.log - Notepad++ [Administrator],IT,2021-08-20,13:39:10,00:00:05
stefano.crapanzano@chu.ulg.ac.be,\\ERPFTP.st.chulg\ERP\Log\KOFAX-KofaxCaptureSVReleaseProdFRCHR.log - Notepad++ [Administrator],IT,2021-08-20,13:39:24,00:00:06
stefano.crapanzano@chu.ulg.ac.be,\\ERPFTP.st.chulg\ERP\Log\KOFAX-KofaxCaptureSVReleaseProdFRCHR.log - Notepad++ [Administrator],IT,2021-08-20,13:41:37,00:00:11
stefano.crapanzano@chu.ulg.ac.be,\\ERPFTP.st.chulg\ERP\Log\KOFAX-KofaxCaptureSVReleaseProdFRCHR.log - Notepad++ [Administrator],IT,2021-08-20,13:42:30,00:00:12
stefano.crapanzano@chu.ulg.ac.be,\\ERPFTP.st.chulg\ERP\Log\KOFAX-KofaxCaptureSVReleaseProdFRCHR.log - Notepad++ [Administrator],IT,2021-08-20,13:46:31,00:00:28
stefano.crapanzano@chu.ulg.ac.be,\\ERPFTP.st.chulg\ERP\Log\KOFAX-KofaxCaptureSVReleaseProdFRCHR.log - Notepad++ [Administrator],IT,2021-08-20,13:47:14,00:00:07
stefano.crapanzano@chu.ulg.ac.be,\\ERPFTP.st.chulg\ERP\Log\KOFAX-KofaxCaptureSVReleaseProdFRCHR.log - Notepad++ [Administrator],IT,2021-08-20,13:47:49,00:00:09
stefano.crapanzano@chu.ulg.ac.be,\\ERPFTP.st.chulg\ERP\Log\KOFAX-KofaxCaptureSVReleaseProdFRCHR.log - Notepad++ [Administrator],IT,2021-08-20,13:48:26,00:00:02
stefano.crapanzano@chu.ulg.ac.be,\\ERPFTP.st.chulg\ERP\Log\KOFAX-KofaxCaptureSVReleaseProdFRCHR.log - Notepad++ [Administrator],IT,2021-08-20,15:26:55,00:00:11
stefano.crapanzano@chu.ulg.ac.be,\\ERPFTP.st.chulg\ERP\Log\KOFAX-KofaxCaptureSVReleaseProdFRCHR.log - Notepad++ [Administrator],IT,2021-08-20,15:27:09,00:00:10
stefano.crapanzano@chu.ulg.ac.be,Programmation,IT,2021-08-20,13:39:16,00:00:07
stefano.crapanzano@chu.ulg.ac.be,Programmation,IT,2021-08-20,13:49:53,00:00:02
stefano.crapanzano@chu.ulg.ac.be,Programmation,IT,2021-08-20,15:27:07,00:00:02
stefano.crapanzano@chu.ulg.ac.be,zwm_reprint_hu - Mozilla Thunderbird,Helpdesk général,2021-08-20,13:40:16,00:00:07
stefano.crapanzano@chu.ulg.ac.be,zwm_reprint_hu - Mozilla Thunderbird,Helpdesk général,2021-08-20,13:42:52,00:00:03
stefano.crapanzano@chu.ulg.ac.be,\\fileadm01.st.chulg\users\c158492\Mes documents\Raccourcis\Applications\Ouvrir Interserv DirFin.bat - Notepad++ [Administrator],IT,2021-08-20,13:46:21,00:00:03
stefano.crapanzano@chu.ulg.ac.be,console_erpftp - [Racine de la console\Gestion de l’ordinateur (ERPFTP)\Outils système\Planificateur de tâches],IT,2021-08-20,13:50:03,00:00:03
stefano.crapanzano@chu.ulg.ac.be,Planificateur de tâches,IT,2021-08-20,13:50:07,00:00:02
stefano.crapanzano@chu.ulg.ac.be,Planificateur de tâches,IT,2021-08-20,13:50:29,00:00:02
stefano.crapanzano@chu.ulg.ac.be,SVN_LOCAL – test_file_exist.pl [PERL] (Administrator),Tâches diverses,2021-08-20,13:53:32,00:00:02
stefano.crapanzano@chu.ulg.ac.be,Commande interv. 40 4000180218 créée par WEBUSERCHU,Exploration SAP,2021-08-20,14:00:46,00:00:26
stefano.crapanzano@chu.ulg.ac.be,Commande interv. 40 4000180218 créée par WEBUSERCHU,Exploration SAP,2021-08-20,14:01:22,00:00:09
stefano.crapanzano@chu.ulg.ac.be,Commande interv. 40 4000180218 créée par WEBUSERCHU,Exploration SAP,2021-08-20,14:01:48,00:00:18
stefano.crapanzano@chu.ulg.ac.be,Commande interv. 40 4000180218 créée par WEBUSERCHU,Exploration SAP,2021-08-20,14:42:01,00:00:02
stefano.crapanzano@chu.ulg.ac.be,Commande interv. 40 4000180218 créée par WEBUSERCHU,Exploration SAP,2021-08-20,14:43:07,00:00:02
stefano.crapanzano@chu.ulg.ac.be,Commande interv. 40 4000180218 créée par WEBUSERCHU,Exploration SAP,2021-08-20,14:53:43,00:00:02
stefano.crapanzano@chu.ulg.ac.be,Code TVA (1)  204 Entrées trouvées,Exploration SAP,2021-08-20,14:01:12,00:00:08
stefano.crapanzano@chu.ulg.ac.be,Code TVA (1)  204 Entrées trouvées,Exploration SAP,2021-08-20,14:01:32,00:00:15
stefano.crapanzano@chu.ulg.ac.be,Code TVA (1)  204 Entrées trouvées,Exploration SAP,2021-08-20,14:02:06,00:00:13
stefano.crapanzano@chu.ulg.ac.be,Code TVA (1)  204 Entrées trouvées,Helpdesk général,2021-08-20,14:03:49,00:00:02
stefano.crapanzano@chu.ulg.ac.be,vat sap numeric value - Recherche Google - Google Chrome,Tâches diverses,2021-08-20,14:02:50,00:00:12
stefano.crapanzano@chu.ulg.ac.be,vat sap numeric value table - Recherche Google - Google Chrome,Tâches diverses,2021-08-20,14:03:02,00:00:03
stefano.crapanzano@chu.ulg.ac.be,VAT/TAX AMOUNT table name | SAP Community - Google Chrome,Tâches diverses,2021-08-20,14:03:05,00:00:43
stefano.crapanzano@chu.ulg.ac.be,VAT/TAX AMOUNT table name | SAP Community - Google Chrome,Tâches diverses,2021-08-20,14:20:05,00:00:02
stefano.crapanzano@chu.ulg.ac.be,VAT/TAX AMOUNT table name | SAP Community - Google Chrome,Tâches diverses,2021-08-20,14:31:36,00:00:02
stefano.crapanzano@chu.ulg.ac.be,VAT/TAX AMOUNT table name | SAP Community - Google Chrome,Tâches diverses,2021-08-20,14:40:34,00:00:14
stefano.crapanzano@chu.ulg.ac.be,VAT/TAX AMOUNT table name | SAP Community - Google Chrome,Tâches diverses,2021-08-20,14:51:40,00:00:02
stefano.crapanzano@chu.ulg.ac.be,VAT/TAX AMOUNT table name | SAP Community - Google Chrome,Tâches diverses,2021-08-20,14:59:09,00:00:02
stefano.crapanzano@chu.ulg.ac.be,Ecran initial du Quickviewer,Exploration SAP,2021-08-20,14:03:56,00:00:07
stefano.crapanzano@chu.ulg.ac.be,Ecran initial du Quickviewer,Exploration SAP,2021-08-20,14:04:22,00:00:12
stefano.crapanzano@chu.ulg.ac.be,Ecran initial du Quickviewer,Exploration SAP,2021-08-20,14:40:54,00:00:10
stefano.crapanzano@chu.ulg.ac.be,Ecran initial du Quickviewer,Exploration SAP,2021-08-20,14:41:36,00:00:04
stefano.crapanzano@chu.ulg.ac.be,Créer Quickview A003 : sélectionner une source de données,Exploration SAP,2021-08-20,14:04:08,00:00:14
stefano.crapanzano@chu.ulg.ac.be,a003,Exploration SAP,2021-08-20,14:04:36,00:00:36
stefano.crapanzano@chu.ulg.ac.be,a003,Exploration SAP,2021-08-20,14:40:49,00:00:02
stefano.crapanzano@chu.ulg.ac.be,a003,Exploration SAP,2021-08-20,14:41:41,00:00:03
stefano.crapanzano@chu.ulg.ac.be,a003,Exploration SAP,2021-08-20,14:41:47,00:00:07
stefano.crapanzano@chu.ulg.ac.be,a003,Exploration SAP,2021-08-20,14:42:05,00:00:06
stefano.crapanzano@chu.ulg.ac.be,a003,Exploration SAP,2021-08-20,14:42:12,00:00:10
stefano.crapanzano@chu.ulg.ac.be,a003,Exploration SAP,2021-08-20,14:42:36,00:00:02
stefano.crapanzano@chu.ulg.ac.be,a003,Exploration SAP,2021-08-20,14:47:00,00:00:02
stefano.crapanzano@chu.ulg.ac.be,a003,Exploration SAP,2021-08-20,14:55:45,00:00:04
stefano.crapanzano@chu.ulg.ac.be,a003,Exploration SAP,2021-08-20,14:56:55,00:00:02
stefano.crapanzano@chu.ulg.ac.be,Limitation des accès à la base de données,Exploration SAP,2021-08-20,14:41:06,00:00:06
stefano.crapanzano@chu.ulg.ac.be,Limitation des accès à la base de données,Exploration SAP,2021-08-20,14:41:13,00:00:13
stefano.crapanzano@chu.ulg.ac.be,Limitation des accès à la base de données,Exploration SAP,2021-08-20,14:41:45,00:00:02
stefano.crapanzano@chu.ulg.ac.be,Rédaction : (pas de sujet) - Thunderbird,Helpdesk général,2021-08-20,14:10:51,00:01:10
stefano.crapanzano@chu.ulg.ac.be,Rédaction : (pas de sujet) - Thunderbird,Helpdesk général,2021-08-20,14:46:29,00:00:02
stefano.crapanzano@chu.ulg.ac.be,Rédaction : (pas de sujet) - Thunderbird,Helpdesk général,2021-08-20,14:46:48,00:00:07
stefano.crapanzano@chu.ulg.ac.be,Rédaction : (pas de sujet) - Thunderbird,Helpdesk général,2021-08-20,14:47:13,00:02:27
stefano.crapanzano@chu.ulg.ac.be,Rédaction : (pas de sujet) - Thunderbird,Helpdesk général,2021-08-20,15:05:42,00:00:48
stefano.crapanzano@chu.ulg.ac.be,Rédaction : (pas de sujet) - Thunderbird,Helpdesk général,2021-08-20,15:43:44,00:00:04
stefano.crapanzano@chu.ulg.ac.be,Rédaction : (pas de sujet) - Thunderbird,Helpdesk général,2021-08-20,16:49:17,00:00:03
stefano.crapanzano@chu.ulg.ac.be,Rédaction : (pas de sujet) - Thunderbird,Helpdesk général,2021-08-20,16:49:41,00:00:19
stefano.crapanzano@chu.ulg.ac.be,Rédaction : Re: TR: Factures CHR non injectées dans KOFAX - Thunderbird,Helpdesk général,2021-08-20,14:17:03,00:00:22
stefano.crapanzano@chu.ulg.ac.be,Rédaction : Re: TR: Factures CHR non injectées dans KOFAX - Thunderbird,Helpdesk général,2021-08-20,14:17:28,00:00:04
stefano.crapanzano@chu.ulg.ac.be,Rédaction : Re: TR: Factures CHR non injectées dans KOFAX - Thunderbird,Helpdesk général,2021-08-20,14:20:17,00:06:43
stefano.crapanzano@chu.ulg.ac.be,éternuement soleil dans les yeux - Recherche Google - Google Chrome,Tâches diverses,2021-08-20,14:35:33,00:00:08
stefano.crapanzano@chu.ulg.ac.be,Pourquoi le soleil fait-il éternuer? | Protégez-Vous.ca - Google Chrome,Tâches diverses,2021-08-20,14:35:41,00:02:02
stefano.crapanzano@chu.ulg.ac.be,Pourquoi le soleil fait-il éternuer? | Protégez-Vous.ca - Google Chrome,Tâches diverses,2021-08-20,14:40:32,00:00:02
stefano.crapanzano@chu.ulg.ac.be,Pourquoi le soleil fait-il éternuer? | Protégez-Vous.ca - Google Chrome,Tâches diverses,2021-08-20,14:58:37,00:00:24
stefano.crapanzano@chu.ulg.ac.be,Pourquoi le soleil fait-il éternuer? | Protégez-Vous.ca - Google Chrome,Tâches diverses,2021-08-20,15:28:50,00:00:02
stefano.crapanzano@chu.ulg.ac.be,konp,Exploration SAP,2021-08-20,14:41:27,00:00:04
stefano.crapanzano@chu.ulg.ac.be,konp,Exploration SAP,2021-08-20,14:42:26,00:00:07
stefano.crapanzano@chu.ulg.ac.be,konp,Exploration SAP,2021-08-20,14:42:41,00:00:23
stefano.crapanzano@chu.ulg.ac.be,konp,Exploration SAP,2021-08-20,14:43:19,00:02:58
stefano.crapanzano@chu.ulg.ac.be,Code TVA (3)  204 Entrées trouvées,Exploration SAP,2021-08-20,14:43:10,00:00:07
stefano.crapanzano@chu.ulg.ac.be,Code TVA (3)  204 Entrées trouvées,Exploration SAP,2021-08-20,14:46:33,00:00:04
stefano.crapanzano@chu.ulg.ac.be,Rédaction : valeur de - Thunderbird,Helpdesk général,2021-08-20,14:49:42,00:00:02
stefano.crapanzano@chu.ulg.ac.be,Rédaction : valeur du pourcentage TVA - Thunderbird,Helpdesk général,2021-08-20,14:49:48,00:00:02
stefano.crapanzano@chu.ulg.ac.be,a003 nlxa sap - Recherche Google - Google Chrome,Tâches diverses,2021-08-20,14:51:47,00:00:10
stefano.crapanzano@chu.ulg.ac.be,a003 nlxa sap - Recherche Google - Google Chrome,Tâches diverses,2021-08-20,14:52:42,00:00:09
stefano.crapanzano@chu.ulg.ac.be,SAP ABAP Table A003 (Tax Classification) - SAP Datasheet - The Best Online SAP Object Repository - Google Chrome,Tâches diverses,2021-08-20,14:51:58,00:00:10
stefano.crapanzano@chu.ulg.ac.be,SAP ABAP Table A003 (Tax Classification) - SAP Datasheet - The Best Online SAP Object Repository - Google Chrome,Tâches diverses,2021-08-20,14:52:38,00:00:03
stefano.crapanzano@chu.ulg.ac.be,SAP ABAP Table Field A003-KSCHL (Condition Type) - SAP Datasheet - The Best Online SAP Object Repository - Google Chrome,Tâches diverses,2021-08-20,14:52:10,00:00:28
stefano.crapanzano@chu.ulg.ac.be,a003 condition type sap - Recherche Google - Google Chrome,Tâches diverses,2021-08-20,14:52:52,00:00:03
stefano.crapanzano@chu.ulg.ac.be,a003 condition type sap - Recherche Google - Google Chrome,Tâches diverses,2021-08-20,14:54:17,00:00:03
stefano.crapanzano@chu.ulg.ac.be,a003 condition type sap - Recherche Google - Google Chrome,Tâches diverses,2021-08-20,14:54:32,00:00:06
stefano.crapanzano@chu.ulg.ac.be,a003 condition type sap - Recherche Google - Google Chrome,Tâches diverses,2021-08-20,14:55:01,00:00:08
stefano.crapanzano@chu.ulg.ac.be,a003 condition type sap - Recherche Google - Google Chrome,Tâches diverses,2021-08-20,14:55:13,00:00:18
stefano.crapanzano@chu.ulg.ac.be,a003 condition type sap - Recherche Google - Google Chrome,Tâches diverses,2021-08-20,14:55:37,00:00:04
stefano.crapanzano@chu.ulg.ac.be,a003 condition type sap - Recherche Google - Google Chrome,Tâches diverses,2021-08-20,14:58:28,00:00:04
stefano.crapanzano@chu.ulg.ac.be,a003 condition type sap - Recherche Google - Google Chrome,Tâches diverses,2021-08-20,15:28:48,00:00:02
stefano.crapanzano@chu.ulg.ac.be,Table: KONP and A003 | SAP Community - Google Chrome,Tâches diverses,2021-08-20,14:52:55,00:00:45
stefano.crapanzano@chu.ulg.ac.be,Table: KONP and A003 | SAP Community - Google Chrome,Tâches diverses,2021-08-20,14:53:52,00:00:25
stefano.crapanzano@chu.ulg.ac.be,Maintaining Tax Code Condition Records - SAP Help Portal - Google Chrome,Tâches diverses,2021-08-20,14:54:22,00:00:10
stefano.crapanzano@chu.ulg.ac.be,A003 SAP table for - Tax Classification - Google Chrome,Tâches diverses,2021-08-20,14:54:38,00:00:22
stefano.crapanzano@chu.ulg.ac.be,Tables for Condition Types for Taxes | Toolbox Tech - Google Chrome,Tâches diverses,2021-08-20,14:55:10,00:00:03
stefano.crapanzano@chu.ulg.ac.be,Type de condition (2)  131 Entrées trouvées,Exploration SAP,2021-08-20,14:55:50,00:01:04
stefano.crapanzano@chu.ulg.ac.be,erp.sai - erp.sai@chuliege.be - Mozilla Thunderbird,Helpdesk général,2021-08-20,15:00:22,00:00:15
stefano.crapanzano@chu.ulg.ac.be,1 rappel,Helpdesk général,2021-08-20,15:00:01,00:00:10
stefano.crapanzano@chu.ulg.ac.be,1 rappel,Helpdesk général,2021-08-20,15:00:19,00:00:02
stefano.crapanzano@chu.ulg.ac.be,Rédaction : Configuration - Thunderbird,Helpdesk général,2021-08-20,15:06:34,00:00:02
stefano.crapanzano@chu.ulg.ac.be,Rédaction : TEST ERP 2.0 Configuration - Thunderbird,Helpdesk général,2021-08-20,15:06:39,00:00:06
stefano.crapanzano@chu.ulg.ac.be,Rédaction : TEST ERP 2.0 Configuration d - Thunderbird,Helpdesk général,2021-08-20,15:06:45,00:00:07
stefano.crapanzano@chu.ulg.ac.be,Rédaction : TEST ERP 2.0 Configuration d'une - Thunderbird,Helpdesk général,2021-08-20,15:06:52,00:00:04
stefano.crapanzano@chu.ulg.ac.be,Rédaction : TEST ERP 2.0 Configuration d'une connex - Thunderbird,Helpdesk général,2021-08-20,15:06:59,00:00:02
stefano.crapanzano@chu.ulg.ac.be,Rédaction : TEST ERP 2.0 Configuration GERA - Connexion de GERA ( - Thunderbird,Helpdesk général,2021-08-20,15:07:10,00:00:02
stefano.crapanzano@chu.ulg.ac.be,Rédaction : TEST ERP 2.0 Configuration GERA - Connexion de GERA (Environnement - Thunderbird,Helpdesk général,2021-08-20,15:07:14,00:00:03
stefano.crapanzano@chu.ulg.ac.be,Rédaction : TEST ERP 2.0 Configuration GERA - Connexion de GERA (Environnement de Test) avec SAP X01 - Thunderbird,Helpdesk général,2021-08-20,15:07:23,00:01:41
stefano.crapanzano@chu.ulg.ac.be,Rédaction : TEST ERP 2.0 Configuration GERA - Connexion de GERA (Environnement de Test) avec SAP X01 - Thunderbird,Helpdesk général,2021-08-20,15:09:12,00:04:34
stefano.crapanzano@chu.ulg.ac.be,Rédaction : TEST ERP 2.0 Configuration GERA - Connexion de GERA (Environnement de Test) avec SAP X01 - Thunderbird,Helpdesk général,2021-08-20,15:13:58,00:00:02
stefano.crapanzano@chu.ulg.ac.be,Rédaction : TEST ERP 2.0 Configuration GERA - Connexion de GERA (Environnement de Test) avec SAP X01 - Thunderbird,Helpdesk général,2021-08-20,15:14:07,00:06:27
stefano.crapanzano@chu.ulg.ac.be,elle teste - Recherche Google - Google Chrome,Tâches diverses,2021-08-20,15:14:05,00:00:02
stefano.crapanzano@chu.ulg.ac.be,elle teste - Recherche Google - Google Chrome,Tâches diverses,2021-08-20,15:26:13,00:00:03
stefano.crapanzano@chu.ulg.ac.be,elle teste - Recherche Google - Google Chrome,Tâches diverses,2021-08-20,15:28:45,00:00:02
stefano.crapanzano@chu.ulg.ac.be,Format des comptes Cxxxxxx (CHUCxxxxxx) et Hxxxxxx (CHUHxxxxxx) - Xperthis ERP4HC 2.0 Rollout - Service d'assistance - Google Chrome,Tâches diverses,2021-08-20,15:27:31,00:01:04
stefano.crapanzano@chu.ulg.ac.be,Ouverture -Excel,Tâches diverses,2021-08-20,15:36:39,00:00:04
stefano.crapanzano@chu.ulg.ac.be,tests à réaliser.xlsx - Excel,Tâches diverses,2021-08-20,15:36:43,00:00:58
stefano.crapanzano@chu.ulg.ac.be,tests à réaliser.xlsx - Excel,Tâches diverses,2021-08-20,15:44:58,00:00:07
stefano.crapanzano@chu.ulg.ac.be,SAM-DB : Test ERP 2.0 Charg fichier (MUT  PAT  NC) du home de Seny sur X01 - Google Chrome,Tâches diverses,2021-08-20,15:38:05,00:00:03
stefano.crapanzano@chu.ulg.ac.be,SAM-DB : Test ERP 2.0 Charg fichier (MUT  PAT  NC) du home de Seny sur X01 - Google Chrome,Tâches diverses,2021-08-20,15:38:55,00:00:15
stefano.crapanzano@chu.ulg.ac.be,SAM-DB : Test ERP 2.0 Charg fichier (MUT  PAT  NC) du home de Seny sur X01 - Google Chrome,Tâches diverses,2021-08-20,15:39:25,00:01:10
stefano.crapanzano@chu.ulg.ac.be,SAM-DB : Test ERP 2.0 Charg fichier (MUT  PAT  NC) du home de Seny sur X01 - Google Chrome,Tâches diverses,2021-08-20,15:41:09,00:00:08
stefano.crapanzano@chu.ulg.ac.be,SAM-DB : Test ERP 2.0 Charg fichier (MUT  PAT  NC) du home de Seny sur X01 - Google Chrome,Tâches diverses,2021-08-20,15:41:19,00:00:06
stefano.crapanzano@chu.ulg.ac.be,SAM-DB : Test ERP 2.0 Charg fichier (MUT  PAT  NC) du home de Seny sur X01 - Google Chrome,Tâches diverses,2021-08-20,15:41:26,00:00:04
stefano.crapanzano@chu.ulg.ac.be,SAM-DB : Test ERP 2.0 Charg fichier (MUT  PAT  NC) du home de Seny sur X01 - Google Chrome,Tâches diverses,2021-08-20,15:41:35,00:01:59
stefano.crapanzano@chu.ulg.ac.be,SAM-DB : Test ERP 2.0 Charg fichier (MUT  PAT  NC) du home de Seny sur X01 - Google Chrome,Tâches diverses,2021-08-20,15:50:54,00:00:30
stefano.crapanzano@chu.ulg.ac.be,Options,Exploration SAP,2021-08-20,15:40:50,00:00:09
stefano.crapanzano@chu.ulg.ac.be,Rédaction : test ERP 2.0 - Chargement - Thunderbird,Helpdesk général,2021-08-20,15:43:55,00:00:02
stefano.crapanzano@chu.ulg.ac.be,Rédaction : test ERP 2.0 - Chargement de fichiers venant de Seny - Thunderbird,Helpdesk général,2021-08-20,15:44:02,00:00:54
stefano.crapanzano@chu.ulg.ac.be,Rédaction : test ERP 2.0 - Chargement de fichiers venant de Seny - Thunderbird,Helpdesk général,2021-08-20,15:45:05,00:03:30
stefano.crapanzano@chu.ulg.ac.be,Rédaction : test ERP 2.0 - Chargement de fichiers venant de Seny - Thunderbird,Helpdesk général,2021-08-20,15:49:29,00:00:43
stefano.crapanzano@chu.ulg.ac.be,start [DokuWiki ERP] - Google Chrome,Tâches diverses,2021-08-20,15:57:29,00:00:03
stefano.crapanzano@chu.ulg.ac.be,Finance [DokuWiki ERP] - Google Chrome,Tâches diverses,2021-08-20,15:57:32,00:00:03
stefano.crapanzano@chu.ulg.ac.be,Compta Seny - Procédure de traitement des exports de Seny (MUT / PAT) [DokuWiki ERP] - Google Chrome,Tâches diverses,2021-08-20,15:57:36,00:00:06
stefano.crapanzano@chu.ulg.ac.be,Compta Seny - Procédure de traitement des exports de Seny (MUT / PAT) [DokuWiki ERP] - Google Chrome,Tâches diverses,2021-08-20,16:02:07,00:00:13
stefano.crapanzano@chu.ulg.ac.be,Compta Seny - Procédure de traitement des exports de Seny (MUT / PAT) [DokuWiki ERP] - Google Chrome,Tâches diverses,2021-08-20,16:02:28,00:00:03
stefano.crapanzano@chu.ulg.ac.be,Compta Seny - Procédure de traitement des exports de Seny (MUT / PAT) [DokuWiki ERP] - Google Chrome,Tâches diverses,2021-08-20,16:02:34,00:00:02
stefano.crapanzano@chu.ulg.ac.be,Compta Seny - Procédure de traitement des exports de Seny (MUT / PAT) [DokuWiki ERP] - Google Chrome,Tâches diverses,2021-08-20,16:02:57,00:00:03
stefano.crapanzano@chu.ulg.ac.be,Compta Seny - Procédure de traitement des exports de Seny (MUT / PAT) [DokuWiki ERP] - Google Chrome,Tâches diverses,2021-08-20,16:03:03,00:00:10
stefano.crapanzano@chu.ulg.ac.be,Compta Seny - Procédure de traitement des exports de Seny (MUT / PAT) [DokuWiki ERP] - Google Chrome,Tâches diverses,2021-08-20,16:03:40,00:00:32
stefano.crapanzano@chu.ulg.ac.be,Compta Seny - Procédure de traitement des exports de Seny (MUT / PAT) [DokuWiki ERP] - Google Chrome,Tâches diverses,2021-08-20,16:10:45,00:00:08
stefano.crapanzano@chu.ulg.ac.be,Compta Seny - Procédure de traitement des exports de Seny (MUT / PAT) [DokuWiki ERP] - Google Chrome,Tâches diverses,2021-08-20,16:11:01,00:37:10
stefano.crapanzano@chu.ulg.ac.be,Compta Seny - Procédure de traitement des exports de Seny (MUT / PAT) [DokuWiki ERP] - Google Chrome,Tâches diverses,2021-08-20,17:01:03,00:00:03
stefano.crapanzano@chu.ulg.ac.be,✎ Compta Seny - Procédure de traitement des exports de Seny (MUT / PAT) [DokuWiki ERP] - Google Chrome,Tâches diverses,2021-08-20,15:57:42,00:01:08
stefano.crapanzano@chu.ulg.ac.be,✎ Compta Seny - Procédure de traitement des exports de Seny (MUT / PAT) [DokuWiki ERP] - Google Chrome,Tâches diverses,2021-08-20,15:59:10,00:01:18
stefano.crapanzano@chu.ulg.ac.be,✎ Compta Seny - Procédure de traitement des exports de Seny (MUT / PAT) [DokuWiki ERP] - Google Chrome,Tâches diverses,2021-08-20,16:00:32,00:00:26
stefano.crapanzano@chu.ulg.ac.be,✎ Compta Seny - Procédure de traitement des exports de Seny (MUT / PAT) [DokuWiki ERP] - Google Chrome,Tâches diverses,2021-08-20,16:01:01,00:00:59
stefano.crapanzano@chu.ulg.ac.be,✎ Compta Seny - Procédure de traitement des exports de Seny (MUT / PAT) [DokuWiki ERP] - Google Chrome,Tâches diverses,2021-08-20,16:02:03,00:00:04
stefano.crapanzano@chu.ulg.ac.be,✎ Compta Seny - Procédure de traitement des exports de Seny (MUT / PAT) [DokuWiki ERP] - Google Chrome,Tâches diverses,2021-08-20,16:02:22,00:00:06
stefano.crapanzano@chu.ulg.ac.be,✎ Compta Seny - Procédure de traitement des exports de Seny (MUT / PAT) [DokuWiki ERP] - Google Chrome,Tâches diverses,2021-08-20,16:02:36,00:00:20
stefano.crapanzano@chu.ulg.ac.be,✎ Compta Seny - Procédure de traitement des exports de Seny (MUT / PAT) [DokuWiki ERP] - Google Chrome,Tâches diverses,2021-08-20,16:03:13,00:00:26
stefano.crapanzano@chu.ulg.ac.be,✎ Compta Seny - Procédure de traitement des exports de Seny (MUT / PAT) [DokuWiki ERP] - Google Chrome,Tâches diverses,2021-08-20,16:04:12,00:00:20
stefano.crapanzano@chu.ulg.ac.be,✎ Compta Seny - Procédure de traitement des exports de Seny (MUT / PAT) [DokuWiki ERP] - Google Chrome,Tâches diverses,2021-08-20,16:05:03,00:02:25
stefano.crapanzano@chu.ulg.ac.be,✎ Compta Seny - Procédure de traitement des exports de Seny (MUT / PAT) [DokuWiki ERP] - Google Chrome,Tâches diverses,2021-08-20,16:07:29,00:00:33
stefano.crapanzano@chu.ulg.ac.be,✎ Compta Seny - Procédure de traitement des exports de Seny (MUT / PAT) [DokuWiki ERP] - Google Chrome,Tâches diverses,2021-08-20,16:08:08,00:00:32
stefano.crapanzano@chu.ulg.ac.be,✎ Compta Seny - Procédure de traitement des exports de Seny (MUT / PAT) [DokuWiki ERP] - Google Chrome,Tâches diverses,2021-08-20,16:09:04,00:00:09
stefano.crapanzano@chu.ulg.ac.be,✎ Compta Seny - Procédure de traitement des exports de Seny (MUT / PAT) [DokuWiki ERP] - Google Chrome,Tâches diverses,2021-08-20,16:10:38,00:00:07
stefano.crapanzano@chu.ulg.ac.be,✎ Compta Seny - Procédure de traitement des exports de Seny (MUT / PAT) [DokuWiki ERP] - Google Chrome,Tâches diverses,2021-08-20,16:10:53,00:00:07
stefano.crapanzano@chu.ulg.ac.be,i:informatique-erp-exploitation-compta-seny-export-seny [DokuWiki ERP] - Google Chrome,Tâches diverses,2021-08-20,16:03:00,00:00:02
stefano.crapanzano@chu.ulg.ac.be,Résidents présents 2021 06.xlsx - Excel,Tâches diverses,2021-08-20,16:04:34,00:00:28
stefano.crapanzano@chu.ulg.ac.be,Résidents présents 2021 06.xlsx - Excel,Tâches diverses,2021-08-20,16:08:47,00:00:08
stefano.crapanzano@chu.ulg.ac.be,Résidents présents 2021 06.xlsx - Excel,Tâches diverses,2021-08-20,16:09:13,00:00:07
stefano.crapanzano@chu.ulg.ac.be,Résidents présents 2021 06.xlsx - Excel,Tâches diverses,2021-08-20,16:09:29,00:00:09
stefano.crapanzano@chu.ulg.ac.be,Résidents présents 2021 06.xlsx - Excel,Tâches diverses,2021-08-20,16:09:42,00:00:02
stefano.crapanzano@chu.ulg.ac.be,Résidents présents 2021 06.xlsx - Excel,Tâches diverses,2021-08-20,16:10:06,00:00:04
stefano.crapanzano@chu.ulg.ac.be,Résidents présents 2021 06.xlsx - Excel,Tâches diverses,2021-08-20,16:10:34,00:00:03
stefano.crapanzano@chu.ulg.ac.be,Résidents sortis 2021 06.xlsx - Excel,Tâches diverses,2021-08-20,16:08:41,00:00:06
stefano.crapanzano@chu.ulg.ac.be,Résidents sortis 2021 06.xlsx - Excel,Tâches diverses,2021-08-20,16:08:55,00:00:03
stefano.crapanzano@chu.ulg.ac.be,Résidents sortis 2021 06.xlsx - Excel,Tâches diverses,2021-08-20,16:09:00,00:00:03
stefano.crapanzano@chu.ulg.ac.be,Résidents sortis 2021 06.xlsx - Excel,Tâches diverses,2021-08-20,16:09:22,00:00:07
stefano.crapanzano@chu.ulg.ac.be,Résidents sortis 2021 06.xlsx - Excel,Tâches diverses,2021-08-20,16:09:38,00:00:03
stefano.crapanzano@chu.ulg.ac.be,Résidents sortis 2021 06.xlsx - Excel,Tâches diverses,2021-08-20,17:00:52,00:00:04
stefano.crapanzano@chu.ulg.ac.be,Résidents présents.xlsx - Excel,Tâches diverses,2021-08-20,16:09:57,00:00:07
stefano.crapanzano@chu.ulg.ac.be,Résidents présents 2021 03.xlsx - Excel,Tâches diverses,2021-08-20,16:10:23,00:00:09
