Email,Description,Project,Start date,Start time,Duration
stefano.crapanzano@chu.ulg.ac.be,Administrateur : Perl (command line) - python  main.py,IT,2021-05-26,08:30:56,00:00:02
stefano.crapanzano@chu.ulg.ac.be,Administrateur : Perl (command line) - python  main.py,IT,2021-05-26,11:19:36,00:00:03
stefano.crapanzano@chu.ulg.ac.be,\\ERPFTP.st.chulg\ERP\Log\Serv940SapOk-SapPE2203-MmOplbarcodeInput.log - Notepad++ [Administrator],IT,2021-05-26,08:30:58,00:00:31
stefano.crapanzano@chu.ulg.ac.be,Navigation système de fichier,IT,2021-05-26,08:31:30,00:00:02
stefano.crapanzano@chu.ulg.ac.be,Navigation système de fichier,IT,2021-05-26,08:32:58,00:00:22
stefano.crapanzano@chu.ulg.ac.be,Navigation système de fichier,IT,2021-05-26,08:33:54,00:00:08
stefano.crapanzano@chu.ulg.ac.be,Navigation système de fichier,IT,2021-05-26,08:34:18,00:00:06
stefano.crapanzano@chu.ulg.ac.be,Navigation système de fichier,IT,2021-05-26,08:34:29,00:00:11
stefano.crapanzano@chu.ulg.ac.be,Navigation système de fichier,IT,2021-05-26,08:35:20,00:00:03
stefano.crapanzano@chu.ulg.ac.be,Navigation système de fichier,IT,2021-05-26,08:42:38,00:00:02
stefano.crapanzano@chu.ulg.ac.be,Navigation système de fichier,IT,2021-05-26,11:12:38,00:00:04
stefano.crapanzano@chu.ulg.ac.be,Navigation système de fichier,IT,2021-05-26,11:17:36,00:01:19
stefano.crapanzano@chu.ulg.ac.be,Navigation système de fichier,IT,2021-05-26,11:19:14,00:00:13
stefano.crapanzano@chu.ulg.ac.be,Navigation système de fichier,IT,2021-05-26,11:19:34,00:00:02
stefano.crapanzano@chu.ulg.ac.be,Navigation système de fichier,IT,2021-05-26,11:21:09,00:00:02
stefano.crapanzano@chu.ulg.ac.be,Lecture documentation,Tâches diverses,2021-05-26,08:31:32,00:00:11
stefano.crapanzano@chu.ulg.ac.be,Stefano CRAPANZANO - erp.sai@chuliege.be - Mozilla Thunderbird,Helpdesk général,2021-05-26,08:31:43,00:00:12
stefano.crapanzano@chu.ulg.ac.be,Courrier entrant - stefano.crapanzano@chuliege.be - Mozilla Thunderbird,Helpdesk général,2021-05-26,08:31:55,00:00:18
stefano.crapanzano@chu.ulg.ac.be,Courrier entrant - stefano.crapanzano@chuliege.be - Mozilla Thunderbird,Helpdesk général,2021-05-26,08:32:14,00:00:20
stefano.crapanzano@chu.ulg.ac.be,Courrier entrant - stefano.crapanzano@chuliege.be - Mozilla Thunderbird,Helpdesk général,2021-05-26,08:32:37,00:00:08
stefano.crapanzano@chu.ulg.ac.be,Courrier entrant - stefano.crapanzano@chuliege.be - Mozilla Thunderbird,Helpdesk général,2021-05-26,08:41:44,00:00:08
stefano.crapanzano@chu.ulg.ac.be,Courrier entrant - stefano.crapanzano@chuliege.be - Mozilla Thunderbird,Helpdesk général,2021-05-26,08:50:24,00:00:02
stefano.crapanzano@chu.ulg.ac.be,Courrier entrant - stefano.crapanzano@chuliege.be - Mozilla Thunderbird,Helpdesk général,2021-05-26,08:50:42,00:01:03
stefano.crapanzano@chu.ulg.ac.be,Courrier entrant - stefano.crapanzano@chuliege.be - Mozilla Thunderbird,Helpdesk général,2021-05-26,08:51:48,00:00:02
stefano.crapanzano@chu.ulg.ac.be,Courrier entrant - stefano.crapanzano@chuliege.be - Mozilla Thunderbird,Helpdesk général,2021-05-26,11:20:51,00:00:06
stefano.crapanzano@chu.ulg.ac.be,Notification par courrier électronique,Helpdesk général,2021-05-26,08:32:35,00:00:02
stefano.crapanzano@chu.ulg.ac.be,Courrier entrant - erp.sai@chuliege.be - Mozilla Thunderbird,Helpdesk général,2021-05-26,08:32:46,00:00:11
stefano.crapanzano@chu.ulg.ac.be,Courrier entrant - erp.sai@chuliege.be - Mozilla Thunderbird,Helpdesk général,2021-05-26,08:35:23,00:06:21
stefano.crapanzano@chu.ulg.ac.be,Courrier entrant - erp.sai@chuliege.be - Mozilla Thunderbird,Helpdesk général,2021-05-26,08:50:27,00:00:15
stefano.crapanzano@chu.ulg.ac.be,Courrier entrant - erp.sai@chuliege.be - Mozilla Thunderbird,Helpdesk général,2021-05-26,08:51:51,00:32:38
stefano.crapanzano@chu.ulg.ac.be,Programmation,IT,2021-05-26,08:33:20,00:00:34
stefano.crapanzano@chu.ulg.ac.be,Programmation,IT,2021-05-26,08:34:02,00:00:15
stefano.crapanzano@chu.ulg.ac.be,Programmation,IT,2021-05-26,08:34:41,00:00:38
stefano.crapanzano@chu.ulg.ac.be,Programmation,IT,2021-05-26,11:12:42,00:00:42
stefano.crapanzano@chu.ulg.ac.be,Programmation,IT,2021-05-26,11:14:03,00:00:33
stefano.crapanzano@chu.ulg.ac.be,Programmation,IT,2021-05-26,11:15:39,00:01:57
stefano.crapanzano@chu.ulg.ac.be,Programmation,IT,2021-05-26,11:19:29,00:00:03
stefano.crapanzano@chu.ulg.ac.be,Programmation,IT,2021-05-26,11:24:22,00:31:54
stefano.crapanzano@chu.ulg.ac.be,\\oazisusers.st.chulg\oazis_users\Informatique\ERP\Exploitation\SURVEILLANCE\ZI54\zi54_2021_05_26_05_00_00.csv.diff - Notepad++ [Administrator],IT,2021-05-26,08:34:25,00:00:03
stefano.crapanzano@chu.ulg.ac.be,Agenda - Mozilla Thunderbird,Helpdesk général,2021-05-26,08:41:53,00:00:19
stefano.crapanzano@chu.ulg.ac.be,Juin 2021 - Mozilla Thunderbird,Helpdesk général,2021-05-26,08:42:12,00:00:14
stefano.crapanzano@chu.ulg.ac.be,Juin 2021 - Mozilla Thunderbird,Helpdesk général,2021-05-26,08:42:29,00:00:09
stefano.crapanzano@chu.ulg.ac.be,Juin 2021 - Mozilla Thunderbird,Helpdesk général,2021-05-26,08:50:21,00:00:03
stefano.crapanzano@chu.ulg.ac.be,Mai 2021 - Mozilla Thunderbird,Helpdesk général,2021-05-26,08:42:26,00:00:02
stefano.crapanzano@chu.ulg.ac.be,GOAL - LABO - Google Chrome,Tâches diverses,2021-05-26,08:51:46,00:00:02
stefano.crapanzano@chu.ulg.ac.be,GOAL - LABO - Google Chrome,Tâches diverses,2021-05-26,09:24:30,00:00:02
stefano.crapanzano@chu.ulg.ac.be,Bureau - Google Sheets - Google Chrome,Tâches diverses,2021-05-26,09:24:33,01:48:04
stefano.crapanzano@chu.ulg.ac.be,Bureau - Google Sheets - Google Chrome,Tâches diverses,2021-05-26,11:13:25,00:00:37
stefano.crapanzano@chu.ulg.ac.be,Bureau - Google Sheets - Google Chrome,Tâches diverses,2021-05-26,11:14:38,00:00:59
stefano.crapanzano@chu.ulg.ac.be,discordances_glims_sap_2021_05_26_11_16_21.xlsx - Excel,Tâches diverses,2021-05-26,11:19:41,00:00:36
stefano.crapanzano@chu.ulg.ac.be,discordances_glims_sap_2021_05_26_11_16_21.xlsx - Excel,Helpdesk général,2021-05-26,11:20:48,00:00:02
stefano.crapanzano@chu.ulg.ac.be,discordances_glims_sap_2021_05_26_11_16_21.xlsx - Excel,Tâches diverses,2021-05-26,11:21:02,00:00:07
stefano.crapanzano@chu.ulg.ac.be,discordances_glims_sap_2021_05_26_11_16_21.xlsx - Excel,Tâches diverses,2021-05-26,11:21:25,00:02:55
stefano.crapanzano@chu.ulg.ac.be,Greenshot capture form,Helpdesk général,2021-05-26,11:20:17,00:00:30
stefano.crapanzano@chu.ulg.ac.be,Rédaction : (pas de sujet) - Thunderbird,Helpdesk général,2021-05-26,11:20:59,00:00:02
stefano.crapanzano@chu.ulg.ac.be,Rédaction : (pas de sujet) - Thunderbird,Helpdesk général,2021-05-26,11:21:12,00:00:09
stefano.crapanzano@chu.ulg.ac.be,Rappel de sujet,Helpdesk général,2021-05-26,11:21:21,00:00:02
