Email,Description,Project,Start date,Start time,Duration
stefano.crapanzano@chu.ulg.ac.be,Administrateur : Perl (command line) - python  main.py,IT,2021-04-22,08:56:48,00:00:03
stefano.crapanzano@chu.ulg.ac.be,Accueil - Mozilla Thunderbird,Helpdesk général,2021-04-22,09:32:45,00:00:02
stefano.crapanzano@chu.ulg.ac.be,Intégration système,Helpdesk général,2021-04-22,08:56:53,00:00:02
stefano.crapanzano@chu.ulg.ac.be,Courrier entrant - erp.sai@chuliege.be - Mozilla Thunderbird,Helpdesk général,2021-04-22,08:56:58,00:00:02
stefano.crapanzano@chu.ulg.ac.be,Courrier entrant - erp.sai@chuliege.be - Mozilla Thunderbird,Helpdesk général,2021-04-22,09:01:06,00:06:25
stefano.crapanzano@chu.ulg.ac.be,Courrier entrant - erp.sai@chuliege.be - Mozilla Thunderbird,Helpdesk général,2021-04-22,09:27:28,00:00:02
stefano.crapanzano@chu.ulg.ac.be,Courrier entrant - erp.sai@chuliege.be - Mozilla Thunderbird,Helpdesk général,2021-04-22,09:27:33,00:00:04
stefano.crapanzano@chu.ulg.ac.be,Courrier entrant - erp.sai@chuliege.be - Mozilla Thunderbird,Helpdesk général,2021-04-22,09:27:43,00:02:39
stefano.crapanzano@chu.ulg.ac.be,Courrier entrant - erp.sai@chuliege.be - Mozilla Thunderbird,Helpdesk général,2021-04-22,09:30:57,00:00:08
stefano.crapanzano@chu.ulg.ac.be,Courrier entrant - erp.sai@chuliege.be - Mozilla Thunderbird,Helpdesk général,2021-04-22,09:32:51,03:22:52
stefano.crapanzano@chu.ulg.ac.be,Courrier entrant - erp.sai@chuliege.be - Mozilla Thunderbird,Helpdesk général,2021-04-22,12:59:43,00:00:03
stefano.crapanzano@chu.ulg.ac.be,Courrier entrant - erp.sai@chuliege.be - Mozilla Thunderbird,Helpdesk général,2021-04-22,12:59:47,00:00:09
stefano.crapanzano@chu.ulg.ac.be,Courrier entrant - erp.sai@chuliege.be - Mozilla Thunderbird,Helpdesk général,2021-04-22,13:01:09,00:00:03
stefano.crapanzano@chu.ulg.ac.be,Courrier entrant - erp.sai@chuliege.be - Mozilla Thunderbird,Helpdesk général,2021-04-22,13:01:30,00:00:04
stefano.crapanzano@chu.ulg.ac.be,Courrier entrant - erp.sai@chuliege.be - Mozilla Thunderbird,Helpdesk général,2021-04-22,13:01:45,00:00:03
stefano.crapanzano@chu.ulg.ac.be,Courrier entrant - erp.sai@chuliege.be - Mozilla Thunderbird,Helpdesk général,2021-04-22,13:27:30,00:00:08
stefano.crapanzano@chu.ulg.ac.be,Courrier entrant - erp.sai@chuliege.be - Mozilla Thunderbird,Helpdesk général,2021-04-22,13:45:46,00:00:02
stefano.crapanzano@chu.ulg.ac.be,Courrier entrant - erp.sai@chuliege.be - Mozilla Thunderbird,Helpdesk général,2021-04-22,13:47:15,00:00:02
stefano.crapanzano@chu.ulg.ac.be,Courrier entrant - erp.sai@chuliege.be - Mozilla Thunderbird,Helpdesk général,2021-04-22,13:47:23,00:00:03
stefano.crapanzano@chu.ulg.ac.be,Courrier entrant - erp.sai@chuliege.be - Mozilla Thunderbird,Helpdesk général,2021-04-22,13:58:15,00:00:06
stefano.crapanzano@chu.ulg.ac.be,Courrier entrant - erp.sai@chuliege.be - Mozilla Thunderbird,Helpdesk général,2021-04-22,13:59:19,00:00:04
stefano.crapanzano@chu.ulg.ac.be,Courrier entrant - erp.sai@chuliege.be - Mozilla Thunderbird,Helpdesk général,2021-04-22,14:00:58,00:00:14
stefano.crapanzano@chu.ulg.ac.be,Courrier entrant - erp.sai@chuliege.be - Mozilla Thunderbird,Helpdesk général,2021-04-22,14:06:27,00:00:04
stefano.crapanzano@chu.ulg.ac.be,Courrier entrant - erp.sai@chuliege.be - Mozilla Thunderbird,Helpdesk général,2021-04-22,14:17:27,00:00:03
stefano.crapanzano@chu.ulg.ac.be,Courrier entrant - erp.sai@chuliege.be - Mozilla Thunderbird,Helpdesk général,2021-04-22,14:17:35,00:00:13
stefano.crapanzano@chu.ulg.ac.be,Courrier entrant - erp.sai@chuliege.be - Mozilla Thunderbird,Helpdesk général,2021-04-22,14:23:33,00:00:02
stefano.crapanzano@chu.ulg.ac.be,Courrier entrant - erp.sai@chuliege.be - Mozilla Thunderbird,Helpdesk général,2021-04-22,14:23:36,00:00:12
stefano.crapanzano@chu.ulg.ac.be,Courrier entrant - erp.sai@chuliege.be - Mozilla Thunderbird,Helpdesk général,2021-04-22,14:23:57,00:01:20
stefano.crapanzano@chu.ulg.ac.be,Courrier entrant - erp.sai@chuliege.be - Mozilla Thunderbird,Helpdesk général,2021-04-22,14:25:47,00:00:06
stefano.crapanzano@chu.ulg.ac.be,Courrier entrant - erp.sai@chuliege.be - Mozilla Thunderbird,Helpdesk général,2021-04-22,14:25:55,00:56:06
stefano.crapanzano@chu.ulg.ac.be,Courrier entrant - erp.sai@chuliege.be - Mozilla Thunderbird,Helpdesk général,2021-04-22,15:24:24,00:00:07
stefano.crapanzano@chu.ulg.ac.be,Courrier entrant - erp.sai@chuliege.be - Mozilla Thunderbird,Helpdesk général,2021-04-22,15:45:52,00:00:09
stefano.crapanzano@chu.ulg.ac.be,Courrier entrant - erp.sai@chuliege.be - Mozilla Thunderbird,Helpdesk général,2021-04-22,15:46:04,00:00:09
stefano.crapanzano@chu.ulg.ac.be,Courrier entrant - erp.sai@chuliege.be - Mozilla Thunderbird,Helpdesk général,2021-04-22,16:15:14,00:00:03
stefano.crapanzano@chu.ulg.ac.be,Courrier entrant - erp.sai@chuliege.be - Mozilla Thunderbird,Helpdesk général,2021-04-22,16:16:06,00:00:58
stefano.crapanzano@chu.ulg.ac.be,Courrier entrant - erp.sai@chuliege.be - Mozilla Thunderbird,Helpdesk général,2021-04-22,16:31:12,00:00:04
stefano.crapanzano@chu.ulg.ac.be,Courrier entrant - erp.sai@chuliege.be - Mozilla Thunderbird,Helpdesk général,2021-04-22,16:31:22,00:02:05
stefano.crapanzano@chu.ulg.ac.be,Courrier entrant - erp.sai@chuliege.be - Mozilla Thunderbird,Helpdesk général,2021-04-22,16:33:34,00:00:02
stefano.crapanzano@chu.ulg.ac.be,Courrier entrant - stefano.crapanzano@chuliege.be - Mozilla Thunderbird,Helpdesk général,2021-04-22,08:57:00,00:01:03
stefano.crapanzano@chu.ulg.ac.be,Courrier entrant - stefano.crapanzano@chuliege.be - Mozilla Thunderbird,Helpdesk général,2021-04-22,08:58:05,00:00:02
stefano.crapanzano@chu.ulg.ac.be,Courrier entrant - stefano.crapanzano@chuliege.be - Mozilla Thunderbird,Helpdesk général,2021-04-22,08:58:28,00:00:12
stefano.crapanzano@chu.ulg.ac.be,Courrier entrant - stefano.crapanzano@chuliege.be - Mozilla Thunderbird,Helpdesk général,2021-04-22,08:58:47,00:00:12
stefano.crapanzano@chu.ulg.ac.be,Courrier entrant - stefano.crapanzano@chuliege.be - Mozilla Thunderbird,Helpdesk général,2021-04-22,08:59:10,00:01:56
stefano.crapanzano@chu.ulg.ac.be,Courrier entrant - stefano.crapanzano@chuliege.be - Mozilla Thunderbird,Helpdesk général,2021-04-22,09:27:30,00:00:02
stefano.crapanzano@chu.ulg.ac.be,Courrier entrant - stefano.crapanzano@chuliege.be - Mozilla Thunderbird,Helpdesk général,2021-04-22,09:32:48,00:00:02
stefano.crapanzano@chu.ulg.ac.be,Courrier entrant - stefano.crapanzano@chuliege.be - Mozilla Thunderbird,Helpdesk général,2021-04-22,13:47:20,00:00:03
stefano.crapanzano@chu.ulg.ac.be,Courrier entrant - stefano.crapanzano@chuliege.be - Mozilla Thunderbird,Helpdesk général,2021-04-22,14:01:13,00:00:03
stefano.crapanzano@chu.ulg.ac.be,Courrier entrant - stefano.crapanzano@chuliege.be - Mozilla Thunderbird,Helpdesk général,2021-04-22,14:01:20,00:00:04
stefano.crapanzano@chu.ulg.ac.be,Courrier entrant - stefano.crapanzano@chuliege.be - Mozilla Thunderbird,Helpdesk général,2021-04-22,14:06:25,00:00:02
stefano.crapanzano@chu.ulg.ac.be,Courrier entrant - stefano.crapanzano@chuliege.be - Mozilla Thunderbird,Helpdesk général,2021-04-22,14:17:31,00:00:03
stefano.crapanzano@chu.ulg.ac.be,Courrier entrant - stefano.crapanzano@chuliege.be - Mozilla Thunderbird,Helpdesk général,2021-04-22,14:25:53,00:00:02
stefano.crapanzano@chu.ulg.ac.be,Courrier entrant - stefano.crapanzano@chuliege.be - Mozilla Thunderbird,Helpdesk général,2021-04-22,15:46:02,00:00:02
stefano.crapanzano@chu.ulg.ac.be,Courrier entrant - stefano.crapanzano@chuliege.be - Mozilla Thunderbird,Helpdesk général,2021-04-22,15:54:12,00:00:04
stefano.crapanzano@chu.ulg.ac.be,Courrier entrant - stefano.crapanzano@chuliege.be - Mozilla Thunderbird,Helpdesk général,2021-04-22,16:15:12,00:00:02
stefano.crapanzano@chu.ulg.ac.be,Courrier entrant - stefano.crapanzano@chuliege.be - Mozilla Thunderbird,Helpdesk général,2021-04-22,16:31:17,00:00:04
stefano.crapanzano@chu.ulg.ac.be,Courrier entrant - stefano.crapanzano@chuliege.be - Mozilla Thunderbird,Helpdesk général,2021-04-22,16:33:36,00:00:02
stefano.crapanzano@chu.ulg.ac.be,Navigation système de fichier,IT,2021-04-22,08:59:06,00:00:02
stefano.crapanzano@chu.ulg.ac.be,Navigation système de fichier,IT,2021-04-22,09:09:57,00:00:06
stefano.crapanzano@chu.ulg.ac.be,Navigation système de fichier,IT,2021-04-22,09:10:44,00:00:04
stefano.crapanzano@chu.ulg.ac.be,Navigation système de fichier,IT,2021-04-22,12:59:35,00:00:02
stefano.crapanzano@chu.ulg.ac.be,Navigation système de fichier,IT,2021-04-22,13:10:58,00:00:02
stefano.crapanzano@chu.ulg.ac.be,Navigation système de fichier,IT,2021-04-22,13:13:08,00:00:02
stefano.crapanzano@chu.ulg.ac.be,Navigation système de fichier,IT,2021-04-22,13:15:09,00:00:02
stefano.crapanzano@chu.ulg.ac.be,Navigation système de fichier,IT,2021-04-22,13:28:10,00:00:02
stefano.crapanzano@chu.ulg.ac.be,Navigation système de fichier,IT,2021-04-22,13:39:10,00:00:02
stefano.crapanzano@chu.ulg.ac.be,Navigation système de fichier,IT,2021-04-22,14:04:03,00:00:06
stefano.crapanzano@chu.ulg.ac.be,Navigation système de fichier,IT,2021-04-22,14:07:45,00:00:02
stefano.crapanzano@chu.ulg.ac.be,Navigation système de fichier,IT,2021-04-22,14:22:34,00:00:04
stefano.crapanzano@chu.ulg.ac.be,Navigation système de fichier,IT,2021-04-22,14:25:43,00:00:03
stefano.crapanzano@chu.ulg.ac.be,Navigation système de fichier,IT,2021-04-22,15:22:02,00:00:02
stefano.crapanzano@chu.ulg.ac.be,Navigation système de fichier,IT,2021-04-22,15:22:10,00:00:04
stefano.crapanzano@chu.ulg.ac.be,Navigation système de fichier,IT,2021-04-22,15:22:31,00:00:02
stefano.crapanzano@chu.ulg.ac.be,Navigation système de fichier,IT,2021-04-22,15:22:41,00:00:02
stefano.crapanzano@chu.ulg.ac.be,Navigation système de fichier,IT,2021-04-22,15:22:49,00:00:02
stefano.crapanzano@chu.ulg.ac.be,Navigation système de fichier,IT,2021-04-22,15:24:17,00:00:06
stefano.crapanzano@chu.ulg.ac.be,Navigation système de fichier,IT,2021-04-22,15:25:09,00:00:02
stefano.crapanzano@chu.ulg.ac.be,Navigation système de fichier,IT,2021-04-22,15:32:35,00:00:22
stefano.crapanzano@chu.ulg.ac.be,Navigation système de fichier,IT,2021-04-22,15:37:25,00:00:02
stefano.crapanzano@chu.ulg.ac.be,Navigation système de fichier,IT,2021-04-22,15:39:28,00:00:04
stefano.crapanzano@chu.ulg.ac.be,Navigation système de fichier,IT,2021-04-22,15:39:36,00:00:22
stefano.crapanzano@chu.ulg.ac.be,Navigation système de fichier,IT,2021-04-22,15:40:04,00:00:02
stefano.crapanzano@chu.ulg.ac.be,Navigation système de fichier,IT,2021-04-22,15:40:29,00:00:05
stefano.crapanzano@chu.ulg.ac.be,Navigation système de fichier,IT,2021-04-22,15:40:56,00:00:04
stefano.crapanzano@chu.ulg.ac.be,Navigation système de fichier,IT,2021-04-22,15:41:30,00:00:04
stefano.crapanzano@chu.ulg.ac.be,Navigation système de fichier,IT,2021-04-22,15:42:35,00:00:11
stefano.crapanzano@chu.ulg.ac.be,Navigation système de fichier,IT,2021-04-22,15:43:06,00:00:30
stefano.crapanzano@chu.ulg.ac.be,Navigation système de fichier,IT,2021-04-22,15:45:32,00:00:04
stefano.crapanzano@chu.ulg.ac.be,Navigation système de fichier,IT,2021-04-22,15:45:44,00:00:03
stefano.crapanzano@chu.ulg.ac.be,Navigation système de fichier,IT,2021-04-22,15:48:33,00:00:02
stefano.crapanzano@chu.ulg.ac.be,Navigation système de fichier,IT,2021-04-22,15:49:30,00:00:17
stefano.crapanzano@chu.ulg.ac.be,Navigation système de fichier,IT,2021-04-22,15:49:56,00:00:02
stefano.crapanzano@chu.ulg.ac.be,Navigation système de fichier,IT,2021-04-22,15:50:30,00:00:09
stefano.crapanzano@chu.ulg.ac.be,Navigation système de fichier,IT,2021-04-22,15:51:07,00:00:02
stefano.crapanzano@chu.ulg.ac.be,Navigation système de fichier,IT,2021-04-22,15:51:27,00:00:02
stefano.crapanzano@chu.ulg.ac.be,Navigation système de fichier,IT,2021-04-22,15:54:04,00:00:04
stefano.crapanzano@chu.ulg.ac.be,Navigation système de fichier,IT,2021-04-22,15:54:37,00:00:03
stefano.crapanzano@chu.ulg.ac.be,Navigation système de fichier,IT,2021-04-22,15:55:25,00:00:02
stefano.crapanzano@chu.ulg.ac.be,Navigation système de fichier,IT,2021-04-22,15:55:49,00:00:02
stefano.crapanzano@chu.ulg.ac.be,Navigation système de fichier,IT,2021-04-22,15:55:52,00:00:21
stefano.crapanzano@chu.ulg.ac.be,Navigation système de fichier,IT,2021-04-22,15:56:24,00:00:07
stefano.crapanzano@chu.ulg.ac.be,Navigation système de fichier,IT,2021-04-22,15:56:53,00:00:20
stefano.crapanzano@chu.ulg.ac.be,Navigation système de fichier,IT,2021-04-22,15:57:17,00:00:02
stefano.crapanzano@chu.ulg.ac.be,Navigation système de fichier,IT,2021-04-22,16:00:22,00:00:03
stefano.crapanzano@chu.ulg.ac.be,Navigation système de fichier,IT,2021-04-22,16:00:35,00:00:02
stefano.crapanzano@chu.ulg.ac.be,Navigation système de fichier,IT,2021-04-22,16:00:41,00:00:02
stefano.crapanzano@chu.ulg.ac.be,Navigation système de fichier,IT,2021-04-22,16:01:24,00:00:03
stefano.crapanzano@chu.ulg.ac.be,Navigation système de fichier,IT,2021-04-22,16:09:32,00:00:02
stefano.crapanzano@chu.ulg.ac.be,Navigation système de fichier,IT,2021-04-22,16:09:42,00:00:02
stefano.crapanzano@chu.ulg.ac.be,Navigation système de fichier,IT,2021-04-22,16:14:37,00:00:02
stefano.crapanzano@chu.ulg.ac.be,Navigation système de fichier,IT,2021-04-22,16:15:10,00:00:02
stefano.crapanzano@chu.ulg.ac.be,Navigation système de fichier,IT,2021-04-22,16:17:44,00:00:06
stefano.crapanzano@chu.ulg.ac.be,Navigation système de fichier,IT,2021-04-22,16:22:01,00:00:02
stefano.crapanzano@chu.ulg.ac.be,Navigation système de fichier,IT,2021-04-22,16:28:36,00:00:02
stefano.crapanzano@chu.ulg.ac.be,Navigation système de fichier,IT,2021-04-22,16:29:07,00:00:43
stefano.crapanzano@chu.ulg.ac.be,Navigation système de fichier,IT,2021-04-22,16:31:01,00:00:11
stefano.crapanzano@chu.ulg.ac.be,Navigation système de fichier,IT,2021-04-22,16:33:28,00:00:02
stefano.crapanzano@chu.ulg.ac.be,liste personne ayant accès à SSP.xlsx  [Mode protégé] - Excel,Tâches diverses,2021-04-22,08:58:11,00:00:13
stefano.crapanzano@chu.ulg.ac.be,liste personne ayant accès à SSP.xlsx  [Mode protégé] - Excel,Tâches diverses,2021-04-22,08:58:40,00:00:07
stefano.crapanzano@chu.ulg.ac.be,liste personne ayant accès à SSP.xlsx  [Mode protégé] - Excel,Tâches diverses,2021-04-22,08:58:59,00:00:07
stefano.crapanzano@chu.ulg.ac.be,liste personne ayant accès à SSP.xlsx  [Mode protégé] - Excel,Tâches diverses,2021-04-22,09:10:48,00:00:05
stefano.crapanzano@chu.ulg.ac.be,liste personne ayant accès à SSP.xlsx  [Mode protégé] - Excel,Tâches diverses,2021-04-22,16:33:30,00:00:03
stefano.crapanzano@chu.ulg.ac.be,thunderbird print empty - Recherche Google - Google Chrome,Tâches diverses,2021-04-22,09:07:32,00:00:07
stefano.crapanzano@chu.ulg.ac.be,thunderbird print empty - Recherche Google - Google Chrome,Tâches diverses,2021-04-22,12:58:06,00:00:02
stefano.crapanzano@chu.ulg.ac.be,SAP Logon 750,Exploration SAP,2021-04-22,09:07:41,00:00:08
stefano.crapanzano@chu.ulg.ac.be,SAP Logon 750,Exploration SAP,2021-04-22,12:58:50,00:00:02
stefano.crapanzano@chu.ulg.ac.be,SAP Logon 750,Exploration SAP,2021-04-22,12:58:55,00:00:02
stefano.crapanzano@chu.ulg.ac.be,SAP Logon 750,Exploration SAP,2021-04-22,12:59:04,00:00:02
stefano.crapanzano@chu.ulg.ac.be,SAP Logon 750,Exploration SAP,2021-04-22,12:59:11,00:00:02
stefano.crapanzano@chu.ulg.ac.be,SAP Logon 750,Exploration SAP,2021-04-22,15:22:44,00:00:02
stefano.crapanzano@chu.ulg.ac.be,SAP Logon 750,Exploration SAP,2021-04-22,16:09:34,00:00:04
stefano.crapanzano@chu.ulg.ac.be,SAP Easy Access Menu de base Applications financières-économiques,Exploration SAP,2021-04-22,09:07:49,00:00:06
stefano.crapanzano@chu.ulg.ac.be,SAP Easy Access Menu de base Applications financières-économiques,Exploration SAP,2021-04-22,09:30:27,00:00:03
stefano.crapanzano@chu.ulg.ac.be,SAP Easy Access Menu de base Applications financières-économiques,Exploration SAP,2021-04-22,12:58:01,00:00:04
stefano.crapanzano@chu.ulg.ac.be,SAP Easy Access Menu de base Applications financières-économiques,Exploration SAP,2021-04-22,12:58:46,00:00:03
stefano.crapanzano@chu.ulg.ac.be,SAP Easy Access Menu de base Applications financières-économiques,Exploration SAP,2021-04-22,12:59:23,00:00:04
stefano.crapanzano@chu.ulg.ac.be,SAP Easy Access Menu de base Applications financières-économiques,Exploration SAP,2021-04-22,13:04:16,00:00:03
stefano.crapanzano@chu.ulg.ac.be,SAP Easy Access Menu de base Applications financières-économiques,Exploration SAP,2021-04-22,15:22:25,00:00:02
stefano.crapanzano@chu.ulg.ac.be,SAP Easy Access Menu de base Applications financières-économiques,Exploration SAP,2021-04-22,15:22:54,00:00:07
stefano.crapanzano@chu.ulg.ac.be,SAP Easy Access Menu de base Applications financières-économiques,Exploration SAP,2021-04-22,15:23:38,00:00:03
stefano.crapanzano@chu.ulg.ac.be,SAP Easy Access Menu de base Applications financières-économiques,Exploration SAP,2021-04-22,15:26:16,00:00:03
stefano.crapanzano@chu.ulg.ac.be,SAP Easy Access Menu de base Applications financières-économiques,Exploration SAP,2021-04-22,15:45:40,00:00:03
stefano.crapanzano@chu.ulg.ac.be,SAP Easy Access Menu de base Applications financières-économiques,Exploration SAP,2021-04-22,15:46:39,00:00:19
stefano.crapanzano@chu.ulg.ac.be,SAP Easy Access Menu de base Applications financières-économiques,Exploration SAP,2021-04-22,15:57:58,00:00:02
stefano.crapanzano@chu.ulg.ac.be,SAP Easy Access Menu de base Applications financières-économiques,Exploration SAP,2021-04-22,15:58:06,00:00:13
stefano.crapanzano@chu.ulg.ac.be,SAP Easy Access Menu de base Applications financières-économiques,Exploration SAP,2021-04-22,16:00:43,00:00:14
stefano.crapanzano@chu.ulg.ac.be,SAP Easy Access Menu de base Applications financières-économiques,Exploration SAP,2021-04-22,16:09:21,00:00:02
stefano.crapanzano@chu.ulg.ac.be,SAP Easy Access Menu de base Applications financières-économiques,Exploration SAP,2021-04-22,16:09:46,00:00:06
stefano.crapanzano@chu.ulg.ac.be,SAP Easy Access Menu de base Applications financières-économiques,Exploration SAP,2021-04-22,16:13:16,00:00:03
stefano.crapanzano@chu.ulg.ac.be,SAP Easy Access Menu de base Applications financières-économiques,Exploration SAP,2021-04-22,16:15:33,00:00:24
stefano.crapanzano@chu.ulg.ac.be,SAP Easy Access Menu de base Applications financières-économiques,Exploration SAP,2021-04-22,16:22:38,00:00:04
stefano.crapanzano@chu.ulg.ac.be,SAP Easy Access Menu de base Applications financières-économiques,Exploration SAP,2021-04-22,16:22:45,00:00:10
stefano.crapanzano@chu.ulg.ac.be,SAP Easy Access Menu de base Applications financières-économiques,Exploration SAP,2021-04-22,16:26:44,00:00:23
stefano.crapanzano@chu.ulg.ac.be,SAP Easy Access Menu de base Applications financières-économiques,Exploration SAP,2021-04-22,16:27:10,00:01:26
stefano.crapanzano@chu.ulg.ac.be,Management d'utilisateurs,Exploration SAP,2021-04-22,09:07:55,00:00:22
stefano.crapanzano@chu.ulg.ac.be,Management d'utilisateurs,Exploration SAP,2021-04-22,09:08:19,00:00:02
stefano.crapanzano@chu.ulg.ac.be,Management d'utilisateurs,Exploration SAP,2021-04-22,09:08:27,00:00:28
stefano.crapanzano@chu.ulg.ac.be,Rapport utilisateurs,Exploration SAP,2021-04-22,09:08:56,00:00:12
stefano.crapanzano@chu.ulg.ac.be,Rapport utilisateurs,Exploration SAP,2021-04-22,09:09:11,00:00:09
stefano.crapanzano@chu.ulg.ac.be,Rapport utilisateurs,Exploration SAP,2021-04-22,09:09:23,00:00:33
stefano.crapanzano@chu.ulg.ac.be,Rapport utilisateurs,Exploration SAP,2021-04-22,09:14:34,00:00:10
stefano.crapanzano@chu.ulg.ac.be,Rapport utilisateurs,Exploration SAP,2021-04-22,09:14:50,00:00:07
stefano.crapanzano@chu.ulg.ac.be,Rapport utilisateurs,Exploration SAP,2021-04-22,09:14:59,00:00:13
stefano.crapanzano@chu.ulg.ac.be,Rapport utilisateurs,Exploration SAP,2021-04-22,09:15:23,00:00:02
stefano.crapanzano@chu.ulg.ac.be,Rapport utilisateurs,Helpdesk général,2021-04-22,09:30:23,00:00:03
stefano.crapanzano@chu.ulg.ac.be,Rapport utilisateurs,Exploration SAP,2021-04-22,15:22:51,00:00:02
stefano.crapanzano@chu.ulg.ac.be,Sélection multiple pour Rôle,Exploration SAP,2021-04-22,09:08:21,00:00:06
stefano.crapanzano@chu.ulg.ac.be,Définir valeurs pour critères de filtre,Exploration SAP,2021-04-22,09:09:08,00:00:02
stefano.crapanzano@chu.ulg.ac.be,Définir valeurs pour critères de filtre,Exploration SAP,2021-04-22,09:14:57,00:00:02
stefano.crapanzano@chu.ulg.ac.be,Information,Exploration SAP,2021-04-22,09:09:20,00:00:02
stefano.crapanzano@chu.ulg.ac.be,Information,Exploration SAP,2021-04-22,15:25:21,00:00:47
stefano.crapanzano@chu.ulg.ac.be,Ouverture -Excel,Tâches diverses,2021-04-22,09:10:04,00:00:04
stefano.crapanzano@chu.ulg.ac.be,Classeur1 - Excel,Tâches diverses,2021-04-22,09:10:10,00:00:06
stefano.crapanzano@chu.ulg.ac.be,Classeur1 - Excel,Tâches diverses,2021-04-22,09:10:22,00:00:21
stefano.crapanzano@chu.ulg.ac.be,Classeur1 - Excel,Tâches diverses,2021-04-22,09:10:55,00:01:56
stefano.crapanzano@chu.ulg.ac.be,Classeur1 - Excel,Tâches diverses,2021-04-22,09:12:52,00:01:40
stefano.crapanzano@chu.ulg.ac.be,Classeur1 - Excel,Tâches diverses,2021-04-22,09:14:45,00:00:05
stefano.crapanzano@chu.ulg.ac.be,Classeur1 - Excel,Tâches diverses,2021-04-22,09:15:14,00:00:02
stefano.crapanzano@chu.ulg.ac.be,Classeur1 - Excel,Tâches diverses,2021-04-22,09:15:27,00:12:00
stefano.crapanzano@chu.ulg.ac.be,Microsoft Excel,Tâches diverses,2021-04-22,09:10:17,00:00:04
stefano.crapanzano@chu.ulg.ac.be,Rechercher et remplacer,Tâches diverses,2021-04-22,09:15:19,00:00:02
stefano.crapanzano@chu.ulg.ac.be,Envoyés - erp.sai@chuliege.be - Mozilla Thunderbird,Helpdesk général,2021-04-22,09:27:37,00:00:06
stefano.crapanzano@chu.ulg.ac.be,Envoyés - erp.sai@chuliege.be - Mozilla Thunderbird,Helpdesk général,2021-04-22,13:27:39,00:00:19
stefano.crapanzano@chu.ulg.ac.be,Envoyés - erp.sai@chuliege.be - Mozilla Thunderbird,Helpdesk général,2021-04-22,13:29:02,00:00:17
stefano.crapanzano@chu.ulg.ac.be,Envoyés - erp.sai@chuliege.be - Mozilla Thunderbird,Helpdesk général,2021-04-22,13:39:12,00:00:06
stefano.crapanzano@chu.ulg.ac.be,Envoyés - erp.sai@chuliege.be - Mozilla Thunderbird,Helpdesk général,2021-04-22,13:45:43,00:00:03
stefano.crapanzano@chu.ulg.ac.be,Envoyés - erp.sai@chuliege.be - Mozilla Thunderbird,Helpdesk général,2021-04-22,13:47:27,00:10:48
stefano.crapanzano@chu.ulg.ac.be,Envoyés - erp.sai@chuliege.be - Mozilla Thunderbird,Helpdesk général,2021-04-22,13:58:21,00:00:57
stefano.crapanzano@chu.ulg.ac.be,Envoyés - erp.sai@chuliege.be - Mozilla Thunderbird,Helpdesk général,2021-04-22,15:46:14,00:00:16
stefano.crapanzano@chu.ulg.ac.be,Envoyés - erp.sai@chuliege.be - Mozilla Thunderbird,Helpdesk général,2021-04-22,15:54:08,00:00:03
stefano.crapanzano@chu.ulg.ac.be,Envoyés - erp.sai@chuliege.be - Mozilla Thunderbird,Helpdesk général,2021-04-22,16:33:38,00:45:51
stefano.crapanzano@chu.ulg.ac.be,Gestion des utilisateurs : écran initial,Exploration SAP,2021-04-22,09:30:30,00:00:04
stefano.crapanzano@chu.ulg.ac.be,Gestion des utilisateurs : écran initial,Exploration SAP,2021-04-22,12:57:58,00:00:02
stefano.crapanzano@chu.ulg.ac.be,Gestion des utilisateurs : écran initial,Exploration SAP,2021-04-22,15:23:48,00:00:03
stefano.crapanzano@chu.ulg.ac.be,Nom de l'utilisateur ds fiche utilisateur (2),Exploration SAP,2021-04-22,09:30:35,00:00:21
stefano.crapanzano@chu.ulg.ac.be,Nom de l'utilisateur ds fiche utilisateur (2),Exploration SAP,2021-04-22,09:31:14,00:00:10
stefano.crapanzano@chu.ulg.ac.be,Nom de l'utilisateur ds fiche utilisateur (2),Exploration SAP,2021-04-22,09:31:29,00:00:03
stefano.crapanzano@chu.ulg.ac.be,Nom de l'utilisateur ds fiche utilisateur (2),Exploration SAP,2021-04-22,09:31:34,00:00:03
stefano.crapanzano@chu.ulg.ac.be,Nom de l'utilisateur ds fiche utilisateur (2),Exploration SAP,2021-04-22,09:31:43,00:00:03
stefano.crapanzano@chu.ulg.ac.be,caenen - Mozilla Thunderbird,Helpdesk général,2021-04-22,09:31:05,00:00:07
stefano.crapanzano@chu.ulg.ac.be,caenen - Mozilla Thunderbird,Helpdesk général,2021-04-22,09:32:06,00:00:37
stefano.crapanzano@chu.ulg.ac.be,Nom de l'utilisateur ds fiche utilisateur (2)    1 Entrée trouvée,Exploration SAP,2021-04-22,09:31:37,00:00:04
stefano.crapanzano@chu.ulg.ac.be,Nom de l'utilisateur ds fiche utilisateur (2)    9 Entrées trouvées,Exploration SAP,2021-04-22,09:31:47,00:00:17
stefano.crapanzano@chu.ulg.ac.be,Nom de l'utilisateur ds fiche utilisateur (2)    9 Entrées trouvées,Exploration SAP,2021-04-22,12:57:56,00:00:02
stefano.crapanzano@chu.ulg.ac.be,Stefano CRAPANZANO - erp.sai@chuliege.be - Mozilla Thunderbird,Helpdesk général,2021-04-22,12:55:43,00:00:04
stefano.crapanzano@chu.ulg.ac.be,Stefano CRAPANZANO - erp.sai@chuliege.be - Mozilla Thunderbird,Helpdesk général,2021-04-22,12:59:40,00:00:02
stefano.crapanzano@chu.ulg.ac.be,ajout fichiers zip ERP - Mozilla Thunderbird,Helpdesk général,2021-04-22,12:55:48,00:00:26
stefano.crapanzano@chu.ulg.ac.be,ajout fichiers zip ERP - Mozilla Thunderbird,Helpdesk général,2021-04-22,12:57:51,00:00:03
stefano.crapanzano@chu.ulg.ac.be,ajout fichiers zip ERP - Mozilla Thunderbird,Helpdesk général,2021-04-22,12:59:38,00:00:02
stefano.crapanzano@chu.ulg.ac.be,ajout fichiers zip ERP - Mozilla Thunderbird,Helpdesk général,2021-04-22,14:18:05,00:00:02
stefano.crapanzano@chu.ulg.ac.be,Rédaction : Re: ajout fichiers zip ERP - Thunderbird,Helpdesk général,2021-04-22,12:56:16,00:01:26
stefano.crapanzano@chu.ulg.ac.be,Vérification de l’orthographe,Helpdesk général,2021-04-22,12:57:42,00:00:02
stefano.crapanzano@chu.ulg.ac.be,Vérification de l’orthographe,Helpdesk général,2021-04-22,13:19:24,00:00:04
stefano.crapanzano@chu.ulg.ac.be,Programmation,IT,2021-04-22,15:49:50,00:00:06
stefano.crapanzano@chu.ulg.ac.be,Programmation,IT,2021-04-22,15:50:40,00:00:27
stefano.crapanzano@chu.ulg.ac.be,Programmation,IT,2021-04-22,15:51:30,00:00:35
stefano.crapanzano@chu.ulg.ac.be,Programmation,IT,2021-04-22,15:52:20,00:01:43
stefano.crapanzano@chu.ulg.ac.be,Programmation,IT,2021-04-22,15:54:17,00:00:19
stefano.crapanzano@chu.ulg.ac.be,Programmation,IT,2021-04-22,15:54:42,00:00:20
stefano.crapanzano@chu.ulg.ac.be,Programmation,IT,2021-04-22,15:55:13,00:00:08
stefano.crapanzano@chu.ulg.ac.be,Programmation,IT,2021-04-22,15:56:13,00:00:11
stefano.crapanzano@chu.ulg.ac.be,Programmation,IT,2021-04-22,15:56:43,00:00:05
stefano.crapanzano@chu.ulg.ac.be,Nouvel onglet - Google Chrome,Tâches diverses,2021-04-22,12:58:08,00:00:11
stefano.crapanzano@chu.ulg.ac.be,Nouvel onglet - Google Chrome,Tâches diverses,2021-04-22,15:55:27,00:00:02
stefano.crapanzano@chu.ulg.ac.be,Identification - Google Chrome,Tâches diverses,2021-04-22,12:58:20,00:00:07
stefano.crapanzano@chu.ulg.ac.be,Teampass - Google Chrome,Tâches diverses,2021-04-22,12:58:29,00:00:15
stefano.crapanzano@chu.ulg.ac.be,Teampass - Google Chrome,Tâches diverses,2021-04-22,13:01:36,00:00:08
stefano.crapanzano@chu.ulg.ac.be,Teampass - Google Chrome,Tâches diverses,2021-04-22,13:07:59,00:00:33
stefano.crapanzano@chu.ulg.ac.be,Teampass - Google Chrome,Tâches diverses,2021-04-22,13:28:13,00:00:09
stefano.crapanzano@chu.ulg.ac.be,Info licence en cas de connexion multiple,Exploration SAP,2021-04-22,12:58:52,00:00:02
stefano.crapanzano@chu.ulg.ac.be,Info licence en cas de connexion multiple,Exploration SAP,2021-04-22,12:59:07,00:00:04
stefano.crapanzano@chu.ulg.ac.be,Info licence en cas de connexion multiple,Exploration SAP,2021-04-22,15:22:46,00:00:02
stefano.crapanzano@chu.ulg.ac.be,Info licence en cas de connexion multiple,Exploration SAP,2021-04-22,16:09:39,00:00:03
stefano.crapanzano@chu.ulg.ac.be,Info licence en cas de connexion multiple,Exploration SAP,2021-04-22,16:10:17,00:00:06
stefano.crapanzano@chu.ulg.ac.be,SAP,Exploration SAP,2021-04-22,12:58:57,00:00:04
stefano.crapanzano@chu.ulg.ac.be,SAP,Exploration SAP,2021-04-22,12:59:14,00:00:09
stefano.crapanzano@chu.ulg.ac.be,SAP,Exploration SAP,2021-04-22,15:22:15,00:00:04
stefano.crapanzano@chu.ulg.ac.be,SAP,Exploration SAP,2021-04-22,15:22:28,00:00:02
stefano.crapanzano@chu.ulg.ac.be,SAP,Exploration SAP,2021-04-22,15:22:39,00:00:02
stefano.crapanzano@chu.ulg.ac.be,SAP,Exploration SAP,2021-04-22,16:00:37,00:00:02
stefano.crapanzano@chu.ulg.ac.be,Sélection de jobs simple,Exploration SAP,2021-04-22,12:59:28,00:00:04
stefano.crapanzano@chu.ulg.ac.be,Sélection de jobs simple,Exploration SAP,2021-04-22,13:00:05,00:00:25
stefano.crapanzano@chu.ulg.ac.be,Sélection de jobs simple,Exploration SAP,2021-04-22,13:00:44,00:00:23
stefano.crapanzano@chu.ulg.ac.be,Sélection de jobs simple,Exploration SAP,2021-04-22,13:01:14,00:00:08
stefano.crapanzano@chu.ulg.ac.be,Sélection de jobs simple,Exploration SAP,2021-04-22,13:04:24,00:00:10
stefano.crapanzano@chu.ulg.ac.be,Sélection de jobs simple,Exploration SAP,2021-04-22,13:05:02,00:00:02
stefano.crapanzano@chu.ulg.ac.be,Sélection de jobs simple,Exploration SAP,2021-04-22,13:05:17,00:00:02
stefano.crapanzano@chu.ulg.ac.be,Sélection de jobs simple,Exploration SAP,2021-04-22,13:05:31,00:00:02
stefano.crapanzano@chu.ulg.ac.be,Sélection de jobs simple,Exploration SAP,2021-04-22,13:05:48,00:00:02
stefano.crapanzano@chu.ulg.ac.be,Sélection de jobs simple,Exploration SAP,2021-04-22,13:06:08,00:00:02
stefano.crapanzano@chu.ulg.ac.be,Sélection de jobs simple,Exploration SAP,2021-04-22,13:06:22,00:00:03
stefano.crapanzano@chu.ulg.ac.be,Sélection de jobs simple,Exploration SAP,2021-04-22,13:06:44,00:00:02
stefano.crapanzano@chu.ulg.ac.be,Sélection de jobs simple,Exploration SAP,2021-04-22,13:07:18,00:00:02
stefano.crapanzano@chu.ulg.ac.be,Sélection de jobs simple,Exploration SAP,2021-04-22,13:07:27,00:00:02
stefano.crapanzano@chu.ulg.ac.be,Sélection de jobs simple,Exploration SAP,2021-04-22,13:07:42,00:00:02
stefano.crapanzano@chu.ulg.ac.be,Sélection de jobs simple,Exploration SAP,2021-04-22,13:11:10,00:00:03
stefano.crapanzano@chu.ulg.ac.be,Sélection de jobs simple,Exploration SAP,2021-04-22,13:14:31,00:00:02
stefano.crapanzano@chu.ulg.ac.be,Sélection de jobs simple,Exploration SAP,2021-04-22,13:15:15,00:00:04
stefano.crapanzano@chu.ulg.ac.be,Sélection de jobs simple,Exploration SAP,2021-04-22,13:15:48,00:00:02
stefano.crapanzano@chu.ulg.ac.be,Sélection de jobs simple,Exploration SAP,2021-04-22,13:16:51,00:00:02
stefano.crapanzano@chu.ulg.ac.be,Sélection de jobs simple,Exploration SAP,2021-04-22,13:17:21,00:00:02
stefano.crapanzano@chu.ulg.ac.be,Sélection de jobs simple,Exploration SAP,2021-04-22,13:18:52,00:00:02
stefano.crapanzano@chu.ulg.ac.be,Sélection de jobs simple,Exploration SAP,2021-04-22,13:27:10,00:00:08
stefano.crapanzano@chu.ulg.ac.be,Sélection de jobs simple,Exploration SAP,2021-04-22,13:27:22,00:00:03
stefano.crapanzano@chu.ulg.ac.be,Sélection de jobs simple,Exploration SAP,2021-04-22,13:35:34,00:00:13
stefano.crapanzano@chu.ulg.ac.be,Synthèse des jobs,Exploration SAP,2021-04-22,12:59:33,00:00:02
stefano.crapanzano@chu.ulg.ac.be,Synthèse des jobs,Exploration SAP,2021-04-22,12:59:58,00:00:07
stefano.crapanzano@chu.ulg.ac.be,Synthèse des jobs,Exploration SAP,2021-04-22,13:01:22,00:00:07
stefano.crapanzano@chu.ulg.ac.be,Synthèse des jobs,Exploration SAP,2021-04-22,13:02:10,00:00:07
stefano.crapanzano@chu.ulg.ac.be,Synthèse des jobs,Exploration SAP,2021-04-22,13:03:18,00:00:13
stefano.crapanzano@chu.ulg.ac.be,Synthèse des jobs,Exploration SAP,2021-04-22,13:03:53,00:00:14
stefano.crapanzano@chu.ulg.ac.be,Synthèse des jobs,Exploration SAP,2021-04-22,13:04:11,00:00:03
stefano.crapanzano@chu.ulg.ac.be,Synthèse des jobs,Exploration SAP,2021-04-22,13:04:35,00:00:14
stefano.crapanzano@chu.ulg.ac.be,Synthèse des jobs,Exploration SAP,2021-04-22,13:05:00,00:00:02
stefano.crapanzano@chu.ulg.ac.be,Synthèse des jobs,Exploration SAP,2021-04-22,13:05:05,00:00:02
stefano.crapanzano@chu.ulg.ac.be,Synthèse des jobs,Exploration SAP,2021-04-22,13:05:14,00:00:02
stefano.crapanzano@chu.ulg.ac.be,Synthèse des jobs,Exploration SAP,2021-04-22,13:05:19,00:00:02
stefano.crapanzano@chu.ulg.ac.be,Synthèse des jobs,Exploration SAP,2021-04-22,13:05:29,00:00:02
stefano.crapanzano@chu.ulg.ac.be,Synthèse des jobs,Exploration SAP,2021-04-22,13:05:34,00:00:03
stefano.crapanzano@chu.ulg.ac.be,Synthèse des jobs,Exploration SAP,2021-04-22,13:05:46,00:00:02
stefano.crapanzano@chu.ulg.ac.be,Synthèse des jobs,Exploration SAP,2021-04-22,13:05:50,00:00:04
stefano.crapanzano@chu.ulg.ac.be,Synthèse des jobs,Exploration SAP,2021-04-22,13:06:19,00:00:02
stefano.crapanzano@chu.ulg.ac.be,Synthèse des jobs,Exploration SAP,2021-04-22,13:06:25,00:00:05
stefano.crapanzano@chu.ulg.ac.be,Synthèse des jobs,Exploration SAP,2021-04-22,13:06:42,00:00:02
stefano.crapanzano@chu.ulg.ac.be,Synthèse des jobs,Exploration SAP,2021-04-22,13:06:47,00:00:10
stefano.crapanzano@chu.ulg.ac.be,Synthèse des jobs,Exploration SAP,2021-04-22,13:07:15,00:00:02
stefano.crapanzano@chu.ulg.ac.be,Synthèse des jobs,Exploration SAP,2021-04-22,13:07:44,00:00:03
stefano.crapanzano@chu.ulg.ac.be,Synthèse des jobs,Exploration SAP,2021-04-22,13:11:00,00:00:02
stefano.crapanzano@chu.ulg.ac.be,Synthèse des jobs,Exploration SAP,2021-04-22,13:11:13,00:00:08
stefano.crapanzano@chu.ulg.ac.be,Synthèse des jobs,Exploration SAP,2021-04-22,13:11:38,00:00:15
stefano.crapanzano@chu.ulg.ac.be,Synthèse des jobs,Exploration SAP,2021-04-22,13:13:01,00:00:04
stefano.crapanzano@chu.ulg.ac.be,Synthèse des jobs,Exploration SAP,2021-04-22,13:14:28,00:00:02
stefano.crapanzano@chu.ulg.ac.be,Synthèse des jobs,Exploration SAP,2021-04-22,13:14:33,00:00:03
stefano.crapanzano@chu.ulg.ac.be,Synthèse des jobs,Exploration SAP,2021-04-22,13:15:12,00:00:02
stefano.crapanzano@chu.ulg.ac.be,Synthèse des jobs,Exploration SAP,2021-04-22,13:15:20,00:00:03
stefano.crapanzano@chu.ulg.ac.be,Synthèse des jobs,Exploration SAP,2021-04-22,13:16:05,00:00:03
stefano.crapanzano@chu.ulg.ac.be,Synthèse des jobs,Exploration SAP,2021-04-22,13:16:16,00:00:03
stefano.crapanzano@chu.ulg.ac.be,Synthèse des jobs,Exploration SAP,2021-04-22,13:16:53,00:00:02
stefano.crapanzano@chu.ulg.ac.be,Synthèse des jobs,Exploration SAP,2021-04-22,13:17:23,00:00:04
stefano.crapanzano@chu.ulg.ac.be,Synthèse des jobs,Exploration SAP,2021-04-22,13:17:52,00:00:02
stefano.crapanzano@chu.ulg.ac.be,Synthèse des jobs,Exploration SAP,2021-04-22,13:18:19,00:00:02
stefano.crapanzano@chu.ulg.ac.be,Synthèse des jobs,Exploration SAP,2021-04-22,13:25:53,00:01:11
stefano.crapanzano@chu.ulg.ac.be,Synthèse des jobs,Exploration SAP,2021-04-22,13:35:47,00:00:08
stefano.crapanzano@chu.ulg.ac.be,Synthèse des jobs,Exploration SAP,2021-04-22,15:22:20,00:00:02
stefano.crapanzano@chu.ulg.ac.be,Sélection de jobs étendue,Exploration SAP,2021-04-22,13:00:30,00:00:13
stefano.crapanzano@chu.ulg.ac.be,les jobs à arrêter le 29/04/2021 vers 18h - Mozilla Thunderbird,Helpdesk général,2021-04-22,13:01:48,00:00:08
stefano.crapanzano@chu.ulg.ac.be,les jobs à arrêter le 29/04/2021 vers 18h - Mozilla Thunderbird,Helpdesk général,2021-04-22,13:27:28,00:00:02
stefano.crapanzano@chu.ulg.ac.be,les jobs à arrêter le 29/04/2021 vers 18h - Mozilla Thunderbird,Helpdesk général,2021-04-22,13:42:57,00:00:08
stefano.crapanzano@chu.ulg.ac.be,les jobs à arrêter le 29/04/2021 vers 18h - Mozilla Thunderbird,Helpdesk général,2021-04-22,13:45:40,00:00:02
stefano.crapanzano@chu.ulg.ac.be,les jobs à arrêter le 29/04/2021 vers 18h - Mozilla Thunderbird,Helpdesk général,2021-04-22,14:01:28,00:00:08
stefano.crapanzano@chu.ulg.ac.be,les jobs à arrêter le 29/04/2021 vers 18h - Mozilla Thunderbird,Helpdesk général,2021-04-22,14:07:51,00:00:18
stefano.crapanzano@chu.ulg.ac.be,les jobs à arrêter le 29/04/2021 vers 18h - Mozilla Thunderbird,Helpdesk général,2021-04-22,14:20:54,00:00:54
stefano.crapanzano@chu.ulg.ac.be,les jobs à arrêter le 29/04/2021 vers 18h - Mozilla Thunderbird,Helpdesk général,2021-04-22,14:23:30,00:00:02
stefano.crapanzano@chu.ulg.ac.be,Rédaction : Re: les jobs à arrêter le 29/04/2021 vers 18h - Thunderbird,Helpdesk général,2021-04-22,13:01:57,00:00:11
stefano.crapanzano@chu.ulg.ac.be,Rédaction : Re: les jobs à arrêter le 29/04/2021 vers 18h - Thunderbird,Helpdesk général,2021-04-22,13:02:18,00:00:58
stefano.crapanzano@chu.ulg.ac.be,Rédaction : Re: les jobs à arrêter le 29/04/2021 vers 18h - Thunderbird,Helpdesk général,2021-04-22,13:04:51,00:00:08
stefano.crapanzano@chu.ulg.ac.be,Rédaction : Re: les jobs à arrêter le 29/04/2021 vers 18h - Thunderbird,Helpdesk général,2021-04-22,13:05:07,00:00:07
stefano.crapanzano@chu.ulg.ac.be,Rédaction : Re: les jobs à arrêter le 29/04/2021 vers 18h - Thunderbird,Helpdesk général,2021-04-22,13:05:22,00:00:07
stefano.crapanzano@chu.ulg.ac.be,Rédaction : Re: les jobs à arrêter le 29/04/2021 vers 18h - Thunderbird,Helpdesk général,2021-04-22,13:05:37,00:00:08
stefano.crapanzano@chu.ulg.ac.be,Rédaction : Re: les jobs à arrêter le 29/04/2021 vers 18h - Thunderbird,Helpdesk général,2021-04-22,13:05:55,00:00:10
stefano.crapanzano@chu.ulg.ac.be,Rédaction : Re: les jobs à arrêter le 29/04/2021 vers 18h - Thunderbird,Helpdesk général,2021-04-22,13:06:13,00:00:06
stefano.crapanzano@chu.ulg.ac.be,Rédaction : Re: les jobs à arrêter le 29/04/2021 vers 18h - Thunderbird,Helpdesk général,2021-04-22,13:06:32,00:00:08
stefano.crapanzano@chu.ulg.ac.be,Rédaction : Re: les jobs à arrêter le 29/04/2021 vers 18h - Thunderbird,Helpdesk général,2021-04-22,13:06:57,00:00:12
stefano.crapanzano@chu.ulg.ac.be,Rédaction : Re: les jobs à arrêter le 29/04/2021 vers 18h - Thunderbird,Helpdesk général,2021-04-22,13:07:11,00:00:04
stefano.crapanzano@chu.ulg.ac.be,Rédaction : Re: les jobs à arrêter le 29/04/2021 vers 18h - Thunderbird,Helpdesk général,2021-04-22,13:07:21,00:00:04
stefano.crapanzano@chu.ulg.ac.be,Rédaction : Re: les jobs à arrêter le 29/04/2021 vers 18h - Thunderbird,Helpdesk général,2021-04-22,13:07:31,00:00:08
stefano.crapanzano@chu.ulg.ac.be,Rédaction : Re: les jobs à arrêter le 29/04/2021 vers 18h - Thunderbird,Helpdesk général,2021-04-22,13:07:49,00:00:09
stefano.crapanzano@chu.ulg.ac.be,Rédaction : Re: les jobs à arrêter le 29/04/2021 vers 18h - Thunderbird,Helpdesk général,2021-04-22,13:08:35,00:00:57
stefano.crapanzano@chu.ulg.ac.be,Rédaction : Re: les jobs à arrêter le 29/04/2021 vers 18h - Thunderbird,Helpdesk général,2021-04-22,13:09:33,00:01:24
stefano.crapanzano@chu.ulg.ac.be,Rédaction : Re: les jobs à arrêter le 29/04/2021 vers 18h - Thunderbird,Helpdesk général,2021-04-22,13:11:04,00:00:06
stefano.crapanzano@chu.ulg.ac.be,Rédaction : Re: les jobs à arrêter le 29/04/2021 vers 18h - Thunderbird,Helpdesk général,2021-04-22,13:12:28,00:00:15
stefano.crapanzano@chu.ulg.ac.be,Rédaction : Re: les jobs à arrêter le 29/04/2021 vers 18h - Thunderbird,Helpdesk général,2021-04-22,13:12:48,00:00:08
stefano.crapanzano@chu.ulg.ac.be,Rédaction : Re: les jobs à arrêter le 29/04/2021 vers 18h - Thunderbird,Helpdesk général,2021-04-22,13:13:11,00:00:10
stefano.crapanzano@chu.ulg.ac.be,Rédaction : Re: les jobs à arrêter le 29/04/2021 vers 18h - Thunderbird,Helpdesk général,2021-04-22,13:13:25,00:01:02
stefano.crapanzano@chu.ulg.ac.be,Rédaction : Re: les jobs à arrêter le 29/04/2021 vers 18h - Thunderbird,Helpdesk général,2021-04-22,13:15:01,00:00:08
stefano.crapanzano@chu.ulg.ac.be,Rédaction : Re: les jobs à arrêter le 29/04/2021 vers 18h - Thunderbird,Helpdesk général,2021-04-22,13:15:34,00:00:10
stefano.crapanzano@chu.ulg.ac.be,Rédaction : Re: les jobs à arrêter le 29/04/2021 vers 18h - Thunderbird,Helpdesk général,2021-04-22,13:16:09,00:00:07
stefano.crapanzano@chu.ulg.ac.be,Rédaction : Re: les jobs à arrêter le 29/04/2021 vers 18h - Thunderbird,Helpdesk général,2021-04-22,13:16:31,00:00:14
stefano.crapanzano@chu.ulg.ac.be,Rédaction : Re: les jobs à arrêter le 29/04/2021 vers 18h - Thunderbird,Helpdesk général,2021-04-22,13:17:06,00:00:12
stefano.crapanzano@chu.ulg.ac.be,Rédaction : Re: les jobs à arrêter le 29/04/2021 vers 18h - Thunderbird,Helpdesk général,2021-04-22,13:17:37,00:00:10
stefano.crapanzano@chu.ulg.ac.be,Rédaction : Re: les jobs à arrêter le 29/04/2021 vers 18h - Thunderbird,Helpdesk général,2021-04-22,13:18:04,00:00:10
stefano.crapanzano@chu.ulg.ac.be,Rédaction : Re: les jobs à arrêter le 29/04/2021 vers 18h - Thunderbird,Helpdesk général,2021-04-22,13:18:30,00:00:20
stefano.crapanzano@chu.ulg.ac.be,Rédaction : Re: les jobs à arrêter le 29/04/2021 vers 18h - Thunderbird,Helpdesk général,2021-04-22,13:19:04,00:00:20
stefano.crapanzano@chu.ulg.ac.be,Rédaction : Re: les jobs à arrêter le 29/04/2021 vers 18h - Thunderbird,Helpdesk général,2021-04-22,13:19:29,00:01:26
stefano.crapanzano@chu.ulg.ac.be,Rédaction : Re: les jobs à arrêter le 29/04/2021 vers 18h - Thunderbird,Helpdesk général,2021-04-22,13:27:58,00:00:11
stefano.crapanzano@chu.ulg.ac.be,Rédaction : Re: les jobs à arrêter le 29/04/2021 vers 18h - Thunderbird,Helpdesk général,2021-04-22,13:28:23,00:00:15
stefano.crapanzano@chu.ulg.ac.be,Rédaction : Re: les jobs à arrêter le 29/04/2021 vers 18h - Thunderbird,Helpdesk général,2021-04-22,13:28:40,00:00:20
stefano.crapanzano@chu.ulg.ac.be,Rédaction : Re: les jobs à arrêter le 29/04/2021 vers 18h - Thunderbird,Helpdesk général,2021-04-22,13:29:21,00:04:49
stefano.crapanzano@chu.ulg.ac.be,Rédaction : Re: les jobs à arrêter le 29/04/2021 vers 18h - Thunderbird,Helpdesk général,2021-04-22,13:34:12,00:01:19
stefano.crapanzano@chu.ulg.ac.be,Rédaction : Re: les jobs à arrêter le 29/04/2021 vers 18h - Thunderbird,Helpdesk général,2021-04-22,13:35:58,00:02:43
stefano.crapanzano@chu.ulg.ac.be,Rédaction : Re: les jobs à arrêter le 29/04/2021 vers 18h - Thunderbird,Helpdesk général,2021-04-22,13:38:50,00:00:05
stefano.crapanzano@chu.ulg.ac.be,Rédaction : Re: les jobs à arrêter le 29/04/2021 vers 18h - Thunderbird,Helpdesk général,2021-04-22,13:38:58,00:00:11
stefano.crapanzano@chu.ulg.ac.be,Rédaction : Re: les jobs à arrêter le 29/04/2021 vers 18h - Thunderbird,Helpdesk général,2021-04-22,13:39:44,00:00:07
stefano.crapanzano@chu.ulg.ac.be,Rédaction : Re: les jobs à arrêter le 29/04/2021 vers 18h - Thunderbird,Helpdesk général,2021-04-22,13:40:04,00:02:42
stefano.crapanzano@chu.ulg.ac.be,Rédaction : Re: les jobs à arrêter le 29/04/2021 vers 18h - Thunderbird,Helpdesk général,2021-04-22,13:42:47,00:00:03
stefano.crapanzano@chu.ulg.ac.be,Rédaction : Re: les jobs à arrêter le 29/04/2021 vers 18h - Thunderbird,Helpdesk général,2021-04-22,13:43:06,00:02:32
stefano.crapanzano@chu.ulg.ac.be,Rédaction : Re: les jobs à arrêter le 29/04/2021 vers 18h - Thunderbird,Helpdesk général,2021-04-22,13:46:41,00:00:25
stefano.crapanzano@chu.ulg.ac.be,Aperçu de liste d'étapes,Exploration SAP,2021-04-22,13:03:31,00:00:02
stefano.crapanzano@chu.ulg.ac.be,Aperçu de liste d'étapes,Exploration SAP,2021-04-22,13:03:37,00:00:03
stefano.crapanzano@chu.ulg.ac.be,Aperçu de liste d'étapes,Exploration SAP,2021-04-22,13:03:46,00:00:03
stefano.crapanzano@chu.ulg.ac.be,Aperçu de liste d'étapes,Exploration SAP,2021-04-22,13:04:07,00:00:03
stefano.crapanzano@chu.ulg.ac.be,Afficher étape  1,Exploration SAP,2021-04-22,13:03:34,00:00:03
stefano.crapanzano@chu.ulg.ac.be,Afficher étape  1,Exploration SAP,2021-04-22,13:03:41,00:00:04
stefano.crapanzano@chu.ulg.ac.be,Afficher étape  1,Exploration SAP,2021-04-22,13:03:49,00:00:02
stefano.crapanzano@chu.ulg.ac.be,Définir job,Exploration SAP,2021-04-22,13:04:19,00:00:04
stefano.crapanzano@chu.ulg.ac.be,Définir job,Exploration SAP,2021-04-22,13:27:05,00:00:04
stefano.crapanzano@chu.ulg.ac.be,Définir job,Exploration SAP,2021-04-22,13:27:18,00:00:03
stefano.crapanzano@chu.ulg.ac.be,Propriétés du tableau,Helpdesk général,2021-04-22,13:38:41,00:00:08
stefano.crapanzano@chu.ulg.ac.be,Lecture documentation,Tâches diverses,2021-04-22,13:59:24,00:01:34
stefano.crapanzano@chu.ulg.ac.be,Lecture documentation,Tâches diverses,2021-04-22,14:01:17,00:00:02
stefano.crapanzano@chu.ulg.ac.be,Lecture documentation,Tâches diverses,2021-04-22,14:17:49,00:00:15
stefano.crapanzano@chu.ulg.ac.be,Lecture documentation,Tâches diverses,2021-04-22,14:20:22,00:00:15
stefano.crapanzano@chu.ulg.ac.be,Lecture documentation,Tâches diverses,2021-04-22,14:25:17,00:00:26
stefano.crapanzano@chu.ulg.ac.be,Modifier job P203_SAPCONNECT_INT_SEND,Exploration SAP,2021-04-22,13:11:22,00:00:03
stefano.crapanzano@chu.ulg.ac.be,Modifier job P203_SAPCONNECT_INT_SEND,Exploration SAP,2021-04-22,13:11:36,00:00:02
stefano.crapanzano@chu.ulg.ac.be,Valeurs date de lancement,Exploration SAP,2021-04-22,13:11:25,00:00:07
stefano.crapanzano@chu.ulg.ac.be,Périodicité,Exploration SAP,2021-04-22,13:11:32,00:00:02
stefano.crapanzano@chu.ulg.ac.be,Afficher job P203_SAPCONNECT_INT_SEND,Exploration SAP,2021-04-22,13:11:54,00:00:08
stefano.crapanzano@chu.ulg.ac.be,Afficher job P203_SAPCONNECT_INT_SEND,Exploration SAP,2021-04-22,13:12:04,00:00:02
stefano.crapanzano@chu.ulg.ac.be,Afficher job P203_SAPCONNECT_INT_SEND,Exploration SAP,2021-04-22,13:12:13,00:00:13
stefano.crapanzano@chu.ulg.ac.be,Afficher job P203_SAPCONNECT_INT_SEND,Exploration SAP,2021-04-22,13:12:44,00:00:03
stefano.crapanzano@chu.ulg.ac.be,Afficher job P203_SAPCONNECT_INT_SEND,Exploration SAP,2021-04-22,13:12:56,00:00:04
stefano.crapanzano@chu.ulg.ac.be,Afficher job P203_SAPCONNECT_INT_SEND,Exploration SAP,2021-04-22,13:13:06,00:00:02
stefano.crapanzano@chu.ulg.ac.be,Afficher job P203_SAPCONNECT_INT_SEND,Exploration SAP,2021-04-22,13:13:21,00:00:02
stefano.crapanzano@chu.ulg.ac.be,Afficher job P203_SAPCONNECT_INT_SEND,Exploration SAP,2021-04-22,13:17:28,00:00:02
stefano.crapanzano@chu.ulg.ac.be,Protocole du job P203_SAPCONNECT_INT_SEND / 23575708,Exploration SAP,2021-04-22,13:12:06,00:00:07
stefano.crapanzano@chu.ulg.ac.be,Afficher job C203_DOWNLOAD ZMMARTIKEL ZHUL,Exploration SAP,2021-04-22,13:14:37,00:00:15
stefano.crapanzano@chu.ulg.ac.be,Greenshot capture form,Helpdesk général,2021-04-22,13:14:52,00:00:05
stefano.crapanzano@chu.ulg.ac.be,Greenshot capture form,Helpdesk général,2021-04-22,13:15:26,00:00:06
stefano.crapanzano@chu.ulg.ac.be,Greenshot capture form,Helpdesk général,2021-04-22,13:15:56,00:00:04
stefano.crapanzano@chu.ulg.ac.be,Greenshot capture form,Helpdesk général,2021-04-22,13:16:24,00:00:04
stefano.crapanzano@chu.ulg.ac.be,Greenshot capture form,Helpdesk général,2021-04-22,13:17:01,00:00:03
stefano.crapanzano@chu.ulg.ac.be,Greenshot capture form,Helpdesk général,2021-04-22,13:17:30,00:00:04
stefano.crapanzano@chu.ulg.ac.be,Greenshot capture form,Helpdesk général,2021-04-22,13:17:58,00:00:03
stefano.crapanzano@chu.ulg.ac.be,Greenshot capture form,Helpdesk général,2021-04-22,13:18:24,00:00:04
stefano.crapanzano@chu.ulg.ac.be,Greenshot capture form,Helpdesk général,2021-04-22,13:18:58,00:00:04
stefano.crapanzano@chu.ulg.ac.be,Afficher job C203_TRACABILITE,Exploration SAP,2021-04-22,13:15:23,00:00:02
stefano.crapanzano@chu.ulg.ac.be,Afficher job C203_TRACABILITE,Exploration SAP,2021-04-22,13:15:45,00:00:02
stefano.crapanzano@chu.ulg.ac.be,Afficher job C203_ZMMOPLBARCODE1_ZHUL,Exploration SAP,2021-04-22,13:15:52,00:00:03
stefano.crapanzano@chu.ulg.ac.be,Afficher job C203_ZMMOPLBARCODE1_ZHUL,Helpdesk général,2021-04-22,13:16:00,00:00:04
stefano.crapanzano@chu.ulg.ac.be,Afficher job C203_ZMMOPLBARCODE1_ZHUL,Exploration SAP,2021-04-22,13:16:20,00:00:04
stefano.crapanzano@chu.ulg.ac.be,Afficher job C203_ZMMOPLBARCODE1_ZHUL,Exploration SAP,2021-04-22,13:16:46,00:00:03
stefano.crapanzano@chu.ulg.ac.be,Afficher job C203_ZWM_JOB_GI_UNP,Exploration SAP,2021-04-22,13:16:55,00:00:06
stefano.crapanzano@chu.ulg.ac.be,Afficher job C203_ZWM_JOB_GI_UNP,Exploration SAP,2021-04-22,13:17:18,00:00:02
stefano.crapanzano@chu.ulg.ac.be,Afficher job C203_CLASS_MATERIALS_LOADER_ZHUL,Exploration SAP,2021-04-22,13:17:55,00:00:03
stefano.crapanzano@chu.ulg.ac.be,Afficher job C203_CLASS_MATERIALS_LOADER_ZHUL,Exploration SAP,2021-04-22,13:18:15,00:00:02
stefano.crapanzano@chu.ulg.ac.be,Afficher job C203_ENVOI_CMD,Exploration SAP,2021-04-22,13:18:22,00:00:02
stefano.crapanzano@chu.ulg.ac.be,Afficher job C203_ENVOI_CMD,Exploration SAP,2021-04-22,13:18:50,00:00:02
stefano.crapanzano@chu.ulg.ac.be,Afficher job C203_ZMM_GEN_INT_DEL_JOB ZHUL,Exploration SAP,2021-04-22,13:18:56,00:00:02
stefano.crapanzano@chu.ulg.ac.be,Afficher job C203_ZMM_GEN_INT_DEL_JOB ZHUL,Exploration SAP,2021-04-22,13:20:58,00:04:54
stefano.crapanzano@chu.ulg.ac.be,Rechercher - Mozilla Thunderbird,Helpdesk général,2021-04-22,13:39:18,00:00:06
stefano.crapanzano@chu.ulg.ac.be,ESCALATION : Goal - Mozilla Thunderbird,Helpdesk général,2021-04-22,13:39:24,00:00:10
stefano.crapanzano@chu.ulg.ac.be,ESCALATION : Goal - Mozilla Thunderbird,Helpdesk général,2021-04-22,13:39:52,00:00:04
stefano.crapanzano@chu.ulg.ac.be,ESCALATION : Goal - Mozilla Thunderbird,Helpdesk général,2021-04-22,13:42:52,00:00:04
stefano.crapanzano@chu.ulg.ac.be,Nouvelle fiche pour Kris Saerens,Helpdesk général,2021-04-22,13:39:35,00:00:07
stefano.crapanzano@chu.ulg.ac.be,Nouvelle fiche pour Eric Commers,Helpdesk général,2021-04-22,13:39:56,00:00:06
stefano.crapanzano@chu.ulg.ac.be,adminchu - Mozilla Thunderbird,Helpdesk général,2021-04-22,13:45:49,00:00:52
stefano.crapanzano@chu.ulg.ac.be,adminchu - Mozilla Thunderbird,Helpdesk général,2021-04-22,13:47:10,00:00:02
stefano.crapanzano@chu.ulg.ac.be,adminchu - Mozilla Thunderbird,Helpdesk général,2021-04-22,14:01:24,00:00:02
stefano.crapanzano@chu.ulg.ac.be,Rédaction : Fwd: les jobs à arrêter le 29/04/2021 vers 18h - Thunderbird,Helpdesk général,2021-04-22,14:01:36,00:00:50
stefano.crapanzano@chu.ulg.ac.be,Rédaction : Fwd: les jobs à arrêter le 29/04/2021 vers 18h - Thunderbird,Helpdesk général,2021-04-22,14:02:28,00:01:34
stefano.crapanzano@chu.ulg.ac.be,Rédaction : Fwd: les jobs à arrêter le 29/04/2021 vers 18h - Thunderbird,Helpdesk général,2021-04-22,14:04:09,00:02:10
stefano.crapanzano@chu.ulg.ac.be,Rédaction : Fwd: les jobs à arrêter le 29/04/2021 vers 18h - Thunderbird,Helpdesk général,2021-04-22,14:07:40,00:00:04
stefano.crapanzano@chu.ulg.ac.be,Rédaction : Fwd: les jobs à arrêter le 29/04/2021 vers 18h - Thunderbird,Helpdesk général,2021-04-22,14:09:19,00:08:03
stefano.crapanzano@chu.ulg.ac.be,Rédaction : Fwd: les jobs à arrêter le 29/04/2021 vers 18h - Thunderbird,Helpdesk général,2021-04-22,14:18:14,00:02:07
stefano.crapanzano@chu.ulg.ac.be,Rédaction : Fwd: les jobs à arrêter le 29/04/2021 vers 18h - Thunderbird,Helpdesk général,2021-04-22,14:20:39,00:00:14
stefano.crapanzano@chu.ulg.ac.be,Rédaction : Fwd: les jobs à arrêter le 29/04/2021 vers 18h - Thunderbird,Helpdesk général,2021-04-22,14:21:50,00:00:44
stefano.crapanzano@chu.ulg.ac.be,Rédaction : Fwd: les jobs à arrêter le 29/04/2021 vers 18h - Thunderbird,Helpdesk général,2021-04-22,14:22:45,00:00:38
stefano.crapanzano@chu.ulg.ac.be,c203_envoi_cmd - Mozilla Thunderbird,Helpdesk général,2021-04-22,14:06:32,00:00:12
stefano.crapanzano@chu.ulg.ac.be,c203_envoi_cmd - Mozilla Thunderbird,Helpdesk général,2021-04-22,14:09:13,00:00:04
stefano.crapanzano@chu.ulg.ac.be,c203_envoi_cmd - Mozilla Thunderbird,Helpdesk général,2021-04-22,14:17:24,00:00:02
stefano.crapanzano@chu.ulg.ac.be,Informations concernant le job C203_ENVOI_CMD et l'utilisateur C203UADMLOG - Mozilla Thunderbird,Helpdesk général,2021-04-22,14:06:44,00:00:55
stefano.crapanzano@chu.ulg.ac.be,Informations concernant le job C203_ENVOI_CMD et l'utilisateur C203UADMLOG - Mozilla Thunderbird,Helpdesk général,2021-04-22,14:07:47,00:00:03
stefano.crapanzano@chu.ulg.ac.be,Informations concernant le job C203_ENVOI_CMD et l'utilisateur C203UADMLOG - Mozilla Thunderbird,Helpdesk général,2021-04-22,14:08:13,00:01:00
stefano.crapanzano@chu.ulg.ac.be,2 Traité - erp.sai@chuliege.be - Mozilla Thunderbird,Helpdesk général,2021-04-22,14:23:48,00:00:08
stefano.crapanzano@chu.ulg.ac.be,\\oazisusers.st.chulg\oazis_users\Informatique\ERP\Exploitation\SURVEILLANCE\IDOC\idocs_22_04_2021.csv - Notepad++ [Administrator],IT,2021-04-22,15:22:04,00:00:05
stefano.crapanzano@chu.ulg.ac.be,\\oazisusers.st.chulg\oazis_users\Informatique\ERP\Exploitation\SURVEILLANCE\IDOC\idocs_22_04_2021.csv - Notepad++ [Administrator],IT,2021-04-22,15:47:35,00:00:02
stefano.crapanzano@chu.ulg.ac.be,Fin de session,Exploration SAP,2021-04-22,15:22:37,00:00:02
stefano.crapanzano@chu.ulg.ac.be,Fin de session,Exploration SAP,2021-04-22,16:10:15,00:00:02
stefano.crapanzano@chu.ulg.ac.be,Fin de session,Exploration SAP,2021-04-22,16:14:35,00:00:02
stefano.crapanzano@chu.ulg.ac.be,Affichage de rôles,Exploration SAP,2021-04-22,15:22:33,00:00:02
stefano.crapanzano@chu.ulg.ac.be,Synthèse IDocs,Exploration SAP,2021-04-22,15:23:02,00:00:02
stefano.crapanzano@chu.ulg.ac.be,Synthèse IDocs,Exploration SAP,2021-04-22,15:26:19,00:00:02
stefano.crapanzano@chu.ulg.ac.be,Overzicht IDocs,Exploration SAP,2021-04-22,15:23:04,00:00:04
stefano.crapanzano@chu.ulg.ac.be,Overzicht IDocs,Exploration SAP,2021-04-22,15:23:58,00:00:07
stefano.crapanzano@chu.ulg.ac.be,Affichage de l'IDoc : 0000000000329901,Exploration SAP,2021-04-22,15:23:09,00:00:14
stefano.crapanzano@chu.ulg.ac.be,Affichage de l'IDoc : 0000000000329901,Exploration SAP,2021-04-22,15:23:35,00:00:02
stefano.crapanzano@chu.ulg.ac.be,Affichage de l'IDoc : 0000000000329901,Exploration SAP,2021-04-22,15:23:42,00:00:02
stefano.crapanzano@chu.ulg.ac.be,Affichage de l'IDoc : 0000000000329901,Exploration SAP,2021-04-22,15:23:56,00:00:02
stefano.crapanzano@chu.ulg.ac.be,Performance Assistant,Exploration SAP,2021-04-22,15:23:23,00:00:12
stefano.crapanzano@chu.ulg.ac.be,Afficher utilisateur,Exploration SAP,2021-04-22,15:23:52,00:00:02
stefano.crapanzano@chu.ulg.ac.be,Afficher utilisateur,Exploration SAP,2021-04-22,15:24:10,00:00:07
stefano.crapanzano@chu.ulg.ac.be,Afficher utilisateur,Exploration SAP,2021-04-22,15:45:37,00:00:02
stefano.crapanzano@chu.ulg.ac.be,Traitement IDocs,Exploration SAP,2021-04-22,15:24:05,00:00:03
stefano.crapanzano@chu.ulg.ac.be,Traitement IDocs,Exploration SAP,2021-04-22,15:25:14,00:00:07
stefano.crapanzano@chu.ulg.ac.be,Rédaction : Re: Erreur dans le test IDOC_MONITORING - Thunderbird,Helpdesk général,2021-04-22,15:24:32,00:00:37
stefano.crapanzano@chu.ulg.ac.be,Netop Invité,Helpdesk général,2021-04-22,15:26:09,00:00:06
stefano.crapanzano@chu.ulg.ac.be,Netop Invité,Helpdesk général,2021-04-22,15:26:28,00:00:06
stefano.crapanzano@chu.ulg.ac.be,Connexion à l'aide de l'authentification Windows,Helpdesk général,2021-04-22,15:26:35,00:00:02
stefano.crapanzano@chu.ulg.ac.be,192.168.196.120 - Netop Remote Control,Helpdesk général,2021-04-22,15:26:40,00:05:55
stefano.crapanzano@chu.ulg.ac.be,192.168.196.120 - Netop Remote Control,Helpdesk général,2021-04-22,15:33:04,00:00:51
stefano.crapanzano@chu.ulg.ac.be,192.168.196.120 - Netop Remote Control,Helpdesk général,2021-04-22,15:34:05,00:02:23
stefano.crapanzano@chu.ulg.ac.be,192.168.196.120 - Netop Remote Control,Helpdesk général,2021-04-22,15:37:46,00:01:41
stefano.crapanzano@chu.ulg.ac.be,192.168.196.120 - Netop Remote Control,Helpdesk général,2021-04-22,15:39:32,00:00:02
stefano.crapanzano@chu.ulg.ac.be,Liste des CC avec macro.xlsm - Excel,Tâches diverses,2021-04-22,15:32:58,00:00:03
stefano.crapanzano@chu.ulg.ac.be,Liste des CC avec macro.xlsm - Excel,Tâches diverses,2021-04-22,15:40:00,00:00:02
stefano.crapanzano@chu.ulg.ac.be,Liste des CC avec macro.xlsm - Excel,Tâches diverses,2021-04-22,15:40:06,00:00:03
stefano.crapanzano@chu.ulg.ac.be,Liste des CC avec macro.xlsm - Excel,Tâches diverses,2021-04-22,15:57:15,00:00:02
stefano.crapanzano@chu.ulg.ac.be,Liste des CC avec macro.xlsm - Excel,Tâches diverses,2021-04-22,15:57:19,00:00:07
stefano.crapanzano@chu.ulg.ac.be,Liste des CC avec macro.xlsm - Excel,Tâches diverses,2021-04-22,16:28:58,00:00:08
stefano.crapanzano@chu.ulg.ac.be,Microsoft Visual Basic pour Applications - Liste des CC avec macro.xlsm - [Module1 (Code)],Tâches diverses,2021-04-22,15:33:56,00:00:02
stefano.crapanzano@chu.ulg.ac.be,Microsoft Visual Basic pour Applications - Liste des CC avec macro.xlsm - [Module1 (Code)],Tâches diverses,2021-04-22,15:34:00,00:00:04
stefano.crapanzano@chu.ulg.ac.be,Microsoft Visual Basic pour Applications - Liste des CC avec macro.xlsm - [Module1 (Code)],Tâches diverses,2021-04-22,15:36:29,00:00:32
stefano.crapanzano@chu.ulg.ac.be,Microsoft Visual Basic pour Applications - Liste des CC avec macro.xlsm - [Module1 (Code)],Tâches diverses,2021-04-22,15:40:10,00:00:06
stefano.crapanzano@chu.ulg.ac.be,Microsoft Visual Basic pour Applications - Liste des CC avec macro.xlsm - [Module1 (Code)],Tâches diverses,2021-04-22,15:40:22,00:00:07
stefano.crapanzano@chu.ulg.ac.be,Microsoft Visual Basic pour Applications - Liste des CC avec macro.xlsm - [Module1 (Code)],Tâches diverses,2021-04-22,15:40:34,00:00:21
stefano.crapanzano@chu.ulg.ac.be,Microsoft Visual Basic pour Applications - Liste des CC avec macro.xlsm - [Module1 (Code)],Tâches diverses,2021-04-22,15:41:00,00:00:27
stefano.crapanzano@chu.ulg.ac.be,Microsoft Visual Basic pour Applications - Liste des CC avec macro.xlsm - [Module1 (Code)],Tâches diverses,2021-04-22,15:41:35,00:00:59
stefano.crapanzano@chu.ulg.ac.be,Microsoft Visual Basic pour Applications - Liste des CC avec macro.xlsm - [Module1 (Code)],Tâches diverses,2021-04-22,15:57:26,00:00:30
stefano.crapanzano@chu.ulg.ac.be,Microsoft Visual Basic pour Applications - Liste des CC avec macro.xlsm - [Module1 (Code)],Tâches diverses,2021-04-22,15:58:00,00:00:06
stefano.crapanzano@chu.ulg.ac.be,Microsoft Visual Basic pour Applications - Liste des CC avec macro.xlsm - [Module1 (Code)],Tâches diverses,2021-04-22,15:58:27,00:00:03
stefano.crapanzano@chu.ulg.ac.be,Microsoft Visual Basic pour Applications - Liste des CC avec macro.xlsm - [Module1 (Code)],Tâches diverses,2021-04-22,16:00:12,00:00:03
stefano.crapanzano@chu.ulg.ac.be,Microsoft Visual Basic pour Applications - Liste des CC avec macro.xlsm - [Module1 (Code)],Tâches diverses,2021-04-22,16:01:41,00:00:09
stefano.crapanzano@chu.ulg.ac.be,Microsoft Visual Basic pour Applications - Liste des CC avec macro.xlsm - [Module1 (Code)],Tâches diverses,2021-04-22,16:03:24,00:00:17
stefano.crapanzano@chu.ulg.ac.be,Microsoft Visual Basic pour Applications - Liste des CC avec macro.xlsm - [Module1 (Code)],Tâches diverses,2021-04-22,16:04:01,00:00:09
stefano.crapanzano@chu.ulg.ac.be,Microsoft Visual Basic pour Applications - Liste des CC avec macro.xlsm - [Module1 (Code)],Tâches diverses,2021-04-22,16:04:13,00:00:06
stefano.crapanzano@chu.ulg.ac.be,Microsoft Visual Basic pour Applications - Liste des CC avec macro.xlsm - [Module1 (Code)],Tâches diverses,2021-04-22,16:05:47,00:00:08
stefano.crapanzano@chu.ulg.ac.be,Microsoft Visual Basic pour Applications - Liste des CC avec macro.xlsm - [Module1 (Code)],Tâches diverses,2021-04-22,16:07:37,00:00:18
stefano.crapanzano@chu.ulg.ac.be,Microsoft Visual Basic pour Applications - Liste des CC avec macro.xlsm - [Module1 (Code)],Tâches diverses,2021-04-22,16:08:00,00:00:02
stefano.crapanzano@chu.ulg.ac.be,Microsoft Visual Basic pour Applications - Liste des CC avec macro.xlsm - [Module1 (Code)],Tâches diverses,2021-04-22,16:08:07,00:00:08
stefano.crapanzano@chu.ulg.ac.be,Microsoft Visual Basic pour Applications - Liste des CC avec macro.xlsm - [Module1 (Code)],Tâches diverses,2021-04-22,16:08:19,00:00:12
stefano.crapanzano@chu.ulg.ac.be,Microsoft Visual Basic pour Applications - Liste des CC avec macro.xlsm - [Module1 (Code)],Tâches diverses,2021-04-22,16:08:44,00:00:02
stefano.crapanzano@chu.ulg.ac.be,Microsoft Visual Basic pour Applications - Liste des CC avec macro.xlsm - [Module1 (Code)],Tâches diverses,2021-04-22,16:09:00,00:00:02
stefano.crapanzano@chu.ulg.ac.be,Microsoft Visual Basic pour Applications - Liste des CC avec macro.xlsm - [Module1 (Code)],Tâches diverses,2021-04-22,16:09:03,00:00:11
stefano.crapanzano@chu.ulg.ac.be,Microsoft Visual Basic pour Applications - Liste des CC avec macro.xlsm - [Module1 (Code)],Tâches diverses,2021-04-22,16:10:23,00:00:08
stefano.crapanzano@chu.ulg.ac.be,Microsoft Visual Basic pour Applications - Liste des CC avec macro.xlsm - [Module1 (Code)],Tâches diverses,2021-04-22,16:10:37,00:00:04
stefano.crapanzano@chu.ulg.ac.be,Microsoft Visual Basic pour Applications - Liste des CC avec macro.xlsm - [Module1 (Code)],Tâches diverses,2021-04-22,16:12:05,00:00:02
stefano.crapanzano@chu.ulg.ac.be,Microsoft Visual Basic pour Applications - Liste des CC avec macro.xlsm - [Module1 (Code)],Tâches diverses,2021-04-22,16:12:58,00:00:16
stefano.crapanzano@chu.ulg.ac.be,Microsoft Visual Basic pour Applications - Liste des CC avec macro.xlsm - [Module1 (Code)],Tâches diverses,2021-04-22,16:13:20,00:00:06
stefano.crapanzano@chu.ulg.ac.be,Microsoft Visual Basic pour Applications - Liste des CC avec macro.xlsm - [Module1 (Code)],Tâches diverses,2021-04-22,16:13:50,00:00:32
stefano.crapanzano@chu.ulg.ac.be,Microsoft Visual Basic pour Applications - Liste des CC avec macro.xlsm - [Module1 (Code)],Tâches diverses,2021-04-22,16:14:39,00:00:07
stefano.crapanzano@chu.ulg.ac.be,Microsoft Visual Basic pour Applications - Liste des CC avec macro.xlsm - [Module1 (Code)],Tâches diverses,2021-04-22,16:16:00,00:00:06
stefano.crapanzano@chu.ulg.ac.be,Microsoft Visual Basic pour Applications - Liste des CC avec macro.xlsm - [Module1 (Code)],Tâches diverses,2021-04-22,16:17:04,00:00:06
stefano.crapanzano@chu.ulg.ac.be,Microsoft Visual Basic pour Applications - Liste des CC avec macro.xlsm - [Module1 (Code)],Tâches diverses,2021-04-22,16:22:33,00:00:04
stefano.crapanzano@chu.ulg.ac.be,Microsoft Visual Basic pour Applications - Liste des CC avec macro.xlsm - [Module1 (Code)],Tâches diverses,2021-04-22,16:23:36,00:01:03
stefano.crapanzano@chu.ulg.ac.be,Microsoft Visual Basic pour Applications - Liste des CC avec macro.xlsm - [Module1 (Code)],Tâches diverses,2021-04-22,16:25:20,00:00:03
stefano.crapanzano@chu.ulg.ac.be,Microsoft Visual Basic pour Applications - Liste des CC avec macro.xlsm - [Module1 (Code)],Tâches diverses,2021-04-22,16:25:34,00:00:03
stefano.crapanzano@chu.ulg.ac.be,Microsoft Visual Basic pour Applications - Liste des CC avec macro.xlsm - [Module1 (Code)],Tâches diverses,2021-04-22,16:28:39,00:00:16
stefano.crapanzano@chu.ulg.ac.be,Rechercher,Tâches diverses,2021-04-22,15:33:58,00:00:02
stefano.crapanzano@chu.ulg.ac.be,Rechercher,Tâches diverses,2021-04-22,15:40:16,00:00:06
stefano.crapanzano@chu.ulg.ac.be,Rechercher,IT,2021-04-22,15:50:11,00:00:02
stefano.crapanzano@chu.ulg.ac.be,Rechercher,IT,2021-04-22,16:18:12,00:00:04
stefano.crapanzano@chu.ulg.ac.be,Liste des CC avec macro_.xlsm - Excel,Tâches diverses,2021-04-22,15:42:46,00:00:03
stefano.crapanzano@chu.ulg.ac.be,Liste des CC avec macro_.xlsm - Excel,Tâches diverses,2021-04-22,15:43:38,00:00:02
stefano.crapanzano@chu.ulg.ac.be,Liste des CC avec macro_.xlsm - Excel,Tâches diverses,2021-04-22,15:56:39,00:00:03
stefano.crapanzano@chu.ulg.ac.be,Microsoft Visual Basic pour Applications - Liste des CC avec macro_.xlsm - [Module1 (Code)],Tâches diverses,2021-04-22,15:42:49,00:00:14
stefano.crapanzano@chu.ulg.ac.be,Microsoft Visual Basic pour Applications - Liste des CC avec macro_.xlsm - [Module1 (Code)],Tâches diverses,2021-04-22,15:43:41,00:01:51
stefano.crapanzano@chu.ulg.ac.be,Microsoft Visual Basic pour Applications - Liste des CC avec macro_.xlsm - [Module1 (Code)],Tâches diverses,2021-04-22,15:48:35,00:00:02
stefano.crapanzano@chu.ulg.ac.be,Microsoft Visual Basic pour Applications - Liste des CC avec macro_.xlsm - [Module1 (Code)],Tâches diverses,2021-04-22,15:48:42,00:00:06
stefano.crapanzano@chu.ulg.ac.be,Microsoft Visual Basic pour Applications - Liste des CC avec macro_.xlsm - [Module1 (Code)],Tâches diverses,2021-04-22,15:48:55,00:00:13
stefano.crapanzano@chu.ulg.ac.be,Microsoft Visual Basic pour Applications - Liste des CC avec macro_.xlsm - [Module1 (Code)],Tâches diverses,2021-04-22,15:56:32,00:00:07
stefano.crapanzano@chu.ulg.ac.be,Attributs généraux (BBP) Modifier,Exploration SAP,2021-04-22,15:46:31,00:00:08
stefano.crapanzano@chu.ulg.ac.be,Attributs généraux (BBP) Modifier,Exploration SAP,2021-04-22,15:46:58,00:00:02
stefano.crapanzano@chu.ulg.ac.be,Attributs généraux (BBP) Modifier,Exploration SAP,2021-04-22,15:47:04,00:00:08
stefano.crapanzano@chu.ulg.ac.be,Attributs généraux (BBP) Modifier,Exploration SAP,2021-04-22,15:47:20,00:00:08
stefano.crapanzano@chu.ulg.ac.be,Attributs généraux (BBP) Modifier,Exploration SAP,2021-04-22,15:48:05,00:00:04
stefano.crapanzano@chu.ulg.ac.be,Attributs généraux (BBP) Modifier,Exploration SAP,2021-04-22,15:58:20,00:00:06
stefano.crapanzano@chu.ulg.ac.be,Attributs généraux (BBP) Modifier,Exploration SAP,2021-04-22,16:00:04,00:00:03
stefano.crapanzano@chu.ulg.ac.be,Attributs généraux (BBP) Modifier,Exploration SAP,2021-04-22,16:00:16,00:00:02
stefano.crapanzano@chu.ulg.ac.be,Attributs généraux (BBP) Modifier,Exploration SAP,2021-04-22,16:00:25,00:00:08
stefano.crapanzano@chu.ulg.ac.be,Attributs généraux (BBP) Modifier,Exploration SAP,2021-04-22,16:00:57,00:00:03
stefano.crapanzano@chu.ulg.ac.be,Attributs généraux (BBP) Modifier,Exploration SAP,2021-04-22,16:01:04,00:00:04
stefano.crapanzano@chu.ulg.ac.be,Attributs généraux (BBP) Modifier,Exploration SAP,2021-04-22,16:01:16,00:00:03
stefano.crapanzano@chu.ulg.ac.be,Attributs généraux (BBP) Modifier,Exploration SAP,2021-04-22,16:03:43,00:00:03
stefano.crapanzano@chu.ulg.ac.be,Attributs généraux (BBP) Modifier,Exploration SAP,2021-04-22,16:05:16,00:00:08
stefano.crapanzano@chu.ulg.ac.be,Attributs généraux (BBP) Modifier,Exploration SAP,2021-04-22,16:05:55,00:00:26
stefano.crapanzano@chu.ulg.ac.be,Attributs généraux (BBP) Modifier,Exploration SAP,2021-04-22,16:06:25,00:00:02
stefano.crapanzano@chu.ulg.ac.be,Attributs généraux (BBP) Modifier,Exploration SAP,2021-04-22,16:06:34,00:00:09
stefano.crapanzano@chu.ulg.ac.be,Attributs généraux (BBP) Modifier,Exploration SAP,2021-04-22,16:09:52,00:00:02
stefano.crapanzano@chu.ulg.ac.be,Attributs généraux (BBP) Modifier,Exploration SAP,2021-04-22,16:09:58,00:00:15
stefano.crapanzano@chu.ulg.ac.be,Attributs généraux (BBP) Modifier,Exploration SAP,2021-04-22,16:12:07,00:00:49
stefano.crapanzano@chu.ulg.ac.be,Attributs généraux (BBP) Modifier,Exploration SAP,2021-04-22,16:14:23,00:00:12
stefano.crapanzano@chu.ulg.ac.be,Attributs généraux (BBP) Modifier,Exploration SAP,2021-04-22,16:22:03,00:00:07
stefano.crapanzano@chu.ulg.ac.be,Attributs généraux (BBP) Modifier,Exploration SAP,2021-04-22,16:22:14,00:00:04
stefano.crapanzano@chu.ulg.ac.be,Attributs généraux (BBP) Modifier,Exploration SAP,2021-04-22,16:22:56,00:00:06
stefano.crapanzano@chu.ulg.ac.be,Attributs généraux (BBP) Modifier,Exploration SAP,2021-04-22,16:23:23,00:00:10
stefano.crapanzano@chu.ulg.ac.be,Attributs généraux (BBP) Modifier,Exploration SAP,2021-04-22,16:24:41,00:00:37
stefano.crapanzano@chu.ulg.ac.be,Attributs généraux (BBP) Modifier,Exploration SAP,2021-04-22,16:26:23,00:00:18
stefano.crapanzano@chu.ulg.ac.be,Enregistrement et Playback,Exploration SAP,2021-04-22,15:47:28,00:00:04
stefano.crapanzano@chu.ulg.ac.be,Enregistrement et Playback,Exploration SAP,2021-04-22,15:47:47,00:00:16
stefano.crapanzano@chu.ulg.ac.be,Enregistrement et Playback,Exploration SAP,2021-04-22,16:01:01,00:00:02
stefano.crapanzano@chu.ulg.ac.be,Enregistrement et Playback,Exploration SAP,2021-04-22,16:01:20,00:00:03
stefano.crapanzano@chu.ulg.ac.be,Enregistrement et Playback,Exploration SAP,2021-04-22,16:06:51,00:00:02
stefano.crapanzano@chu.ulg.ac.be,Enregistrement et Playback,Exploration SAP,2021-04-22,16:06:58,00:00:03
stefano.crapanzano@chu.ulg.ac.be,Enregistrement et Playback,Exploration SAP,2021-04-22,16:09:16,00:00:02
stefano.crapanzano@chu.ulg.ac.be,SAP Frontend Server,Exploration SAP,2021-04-22,15:47:02,00:00:02
stefano.crapanzano@chu.ulg.ac.be,SAP Frontend Server,Exploration SAP,2021-04-22,16:06:23,00:00:02
stefano.crapanzano@chu.ulg.ac.be,Rechercher Unité structurelle,Exploration SAP,2021-04-22,15:47:13,00:00:07
stefano.crapanzano@chu.ulg.ac.be,Rechercher Unité structurelle,Exploration SAP,2021-04-22,16:06:28,00:00:06
stefano.crapanzano@chu.ulg.ac.be,Rechercher Unité structurelle,Exploration SAP,2021-04-22,16:09:54,00:00:03
stefano.crapanzano@chu.ulg.ac.be,C:\Users\c158492\AppData\Roaming\SAP\SAP GUI\Scripts\Script3.vbs - Notepad++ [Administrator],IT,2021-04-22,15:47:40,00:00:07
stefano.crapanzano@chu.ulg.ac.be,C:\Users\c158492\AppData\Roaming\SAP\SAP GUI\Scripts\Script3.vbs - Notepad++ [Administrator],IT,2021-04-22,15:48:11,00:00:06
stefano.crapanzano@chu.ulg.ac.be,C:\Users\c158492\AppData\Roaming\SAP\SAP GUI\Scripts\Script3.vbs - Notepad++ [Administrator],IT,2021-04-22,16:01:28,00:00:11
stefano.crapanzano@chu.ulg.ac.be,C:\Users\c158492\AppData\Roaming\SAP\SAP GUI\Scripts\Script3.vbs - Notepad++ [Administrator],IT,2021-04-22,16:01:51,00:00:02
stefano.crapanzano@chu.ulg.ac.be,C:\Users\c158492\AppData\Roaming\SAP\SAP GUI\Scripts\Script3.vbs - Notepad++ [Administrator],IT,2021-04-22,16:06:55,00:00:02
stefano.crapanzano@chu.ulg.ac.be,C:\Users\c158492\AppData\Roaming\SAP\SAP GUI\Scripts\Script3.vbs - Notepad++ [Administrator],IT,2021-04-22,16:07:01,00:00:34
stefano.crapanzano@chu.ulg.ac.be,C:\Users\c158492\AppData\Roaming\SAP\SAP GUI\Scripts\Script3.vbs - Notepad++ [Administrator],IT,2021-04-22,16:07:55,00:00:04
stefano.crapanzano@chu.ulg.ac.be,C:\Users\c158492\AppData\Roaming\SAP\SAP GUI\Scripts\Script3.vbs - Notepad++ [Administrator],IT,2021-04-22,16:08:02,00:00:04
stefano.crapanzano@chu.ulg.ac.be,C:\Users\c158492\AppData\Roaming\SAP\SAP GUI\Scripts\Script3.vbs - Notepad++ [Administrator],IT,2021-04-22,16:08:16,00:00:03
stefano.crapanzano@chu.ulg.ac.be,C:\Users\c158492\AppData\Roaming\SAP\SAP GUI\Scripts\Script3.vbs - Notepad++ [Administrator],IT,2021-04-22,16:08:31,00:00:11
stefano.crapanzano@chu.ulg.ac.be,C:\Users\c158492\AppData\Roaming\SAP\SAP GUI\Scripts\Script3.vbs - Notepad++ [Administrator],IT,2021-04-22,16:08:47,00:00:07
stefano.crapanzano@chu.ulg.ac.be,C:\Users\c158492\AppData\Roaming\SAP\SAP GUI\Scripts\Script3.vbs - Notepad++ [Administrator],IT,2021-04-22,16:08:56,00:00:03
stefano.crapanzano@chu.ulg.ac.be,C:\Users\c158492\AppData\Roaming\SAP\SAP GUI\Scripts\Script3.vbs - Notepad++ [Administrator],IT,2021-04-22,16:22:23,00:00:03
stefano.crapanzano@chu.ulg.ac.be,C:\Users\c158492\AppData\Roaming\SAP\SAP GUI\Scripts\Script3.vbs - Notepad++ [Administrator],IT,2021-04-22,16:23:04,00:00:17
stefano.crapanzano@chu.ulg.ac.be,*C:\Users\c158492\AppData\Roaming\SAP\SAP GUI\Scripts\Script3.vbs - Notepad++ [Administrator],IT,2021-04-22,15:48:17,00:00:06
stefano.crapanzano@chu.ulg.ac.be,*C:\Users\c158492\AppData\Roaming\SAP\SAP GUI\Scripts\Script3.vbs - Notepad++ [Administrator],IT,2021-04-22,15:55:06,00:00:06
stefano.crapanzano@chu.ulg.ac.be,*C:\Users\c158492\AppData\Roaming\SAP\SAP GUI\Scripts\Script3.vbs - Notepad++ [Administrator],IT,2021-04-22,15:56:48,00:00:03
stefano.crapanzano@chu.ulg.ac.be,*C:\Users\c158492\AppData\Roaming\SAP\SAP GUI\Scripts\Script3.vbs - Notepad++ [Administrator],IT,2021-04-22,16:01:53,00:01:29
stefano.crapanzano@chu.ulg.ac.be,*new 6 - Notepad++ [Administrator],IT,2021-04-22,15:48:23,00:00:02
stefano.crapanzano@chu.ulg.ac.be,*new 6 - Notepad++ [Administrator],IT,2021-04-22,15:49:12,00:00:12
stefano.crapanzano@chu.ulg.ac.be,Enregistrer sous,IT,2021-04-22,15:48:26,00:00:04
stefano.crapanzano@chu.ulg.ac.be,Enregistrer sous,IT,2021-04-22,15:49:24,00:00:03
stefano.crapanzano@chu.ulg.ac.be,C:\Users\c158492\Desktop\enreg.txt - Notepad++ [Administrator],IT,2021-04-22,15:48:30,00:00:02
stefano.crapanzano@chu.ulg.ac.be,C:\Users\c158492\Desktop\enreg.txt - Notepad++ [Administrator],IT,2021-04-22,15:48:37,00:00:04
stefano.crapanzano@chu.ulg.ac.be,C:\Users\c158492\Desktop\enreg.txt - Notepad++ [Administrator],IT,2021-04-22,15:48:48,00:00:07
stefano.crapanzano@chu.ulg.ac.be,C:\Users\c158492\Desktop\enreg.txt - Notepad++ [Administrator],IT,2021-04-22,15:51:12,00:00:02
stefano.crapanzano@chu.ulg.ac.be,C:\Users\c158492\Desktop\enreg.txt - Notepad++ [Administrator],IT,2021-04-22,15:52:06,00:00:03
stefano.crapanzano@chu.ulg.ac.be,C:\Users\c158492\Desktop\enreg.txt - Notepad++ [Administrator],IT,2021-04-22,15:55:04,00:00:02
stefano.crapanzano@chu.ulg.ac.be,C:\Users\c158492\Desktop\enreg.txt - Notepad++ [Administrator],IT,2021-04-22,16:21:31,00:00:05
stefano.crapanzano@chu.ulg.ac.be,C:\Users\c158492\Desktop\enreg.txt - Notepad++ [Administrator],IT,2021-04-22,16:22:21,00:00:02
stefano.crapanzano@chu.ulg.ac.be,C:\Users\c158492\Desktop\macro.txt - Notepad++ [Administrator],IT,2021-04-22,15:49:28,00:00:02
stefano.crapanzano@chu.ulg.ac.be,C:\Users\c158492\Desktop\macro.txt - Notepad++ [Administrator],IT,2021-04-22,15:49:59,00:00:12
stefano.crapanzano@chu.ulg.ac.be,C:\Users\c158492\Desktop\macro.txt - Notepad++ [Administrator],IT,2021-04-22,15:51:10,00:00:02
stefano.crapanzano@chu.ulg.ac.be,Remplacer,IT,2021-04-22,15:50:13,00:00:13
stefano.crapanzano@chu.ulg.ac.be,Remplacer,IT,2021-04-22,15:51:16,00:00:10
stefano.crapanzano@chu.ulg.ac.be,*C:\Users\c158492\Desktop\macro.txt - Notepad++ [Administrator],IT,2021-04-22,15:50:26,00:00:03
stefano.crapanzano@chu.ulg.ac.be,*C:\Users\c158492\Desktop\enreg.txt - Notepad++ [Administrator],IT,2021-04-22,15:52:10,00:00:09
stefano.crapanzano@chu.ulg.ac.be,BBP_OM_STEXT - Recherche Google - Google Chrome,Tâches diverses,2021-04-22,15:55:29,00:00:04
stefano.crapanzano@chu.ulg.ac.be,BBP_OM_STEXT sap script - Recherche Google - Google Chrome,Tâches diverses,2021-04-22,15:55:34,00:00:13
stefano.crapanzano@chu.ulg.ac.be,Microsoft Visual Basic pour Applications - Liste des CC avec macro.xlsm [exécution en cours] - [Module1 (Code)],Tâches diverses,2021-04-22,15:58:33,00:00:02
stefano.crapanzano@chu.ulg.ac.be,Microsoft Visual Basic pour Applications - Liste des CC avec macro.xlsm [exécution en cours] - [Module1 (Code)],Tâches diverses,2021-04-22,15:58:48,00:00:03
stefano.crapanzano@chu.ulg.ac.be,Microsoft Visual Basic pour Applications - Liste des CC avec macro.xlsm [exécution en cours] - [Module1 (Code)],Tâches diverses,2021-04-22,15:58:56,00:00:04
stefano.crapanzano@chu.ulg.ac.be,Microsoft Visual Basic pour Applications - Liste des CC avec macro.xlsm [exécution en cours] - [Module1 (Code)],Tâches diverses,2021-04-22,16:04:39,00:00:04
stefano.crapanzano@chu.ulg.ac.be,Microsoft Visual Basic pour Applications - Liste des CC avec macro.xlsm [exécution en cours] - [Module1 (Code)],Tâches diverses,2021-04-22,16:10:31,00:00:03
stefano.crapanzano@chu.ulg.ac.be,Microsoft Visual Basic pour Applications - Liste des CC avec macro.xlsm [exécution en cours] - [Module1 (Code)],Tâches diverses,2021-04-22,16:10:43,00:00:06
stefano.crapanzano@chu.ulg.ac.be,Microsoft Visual Basic pour Applications - Liste des CC avec macro.xlsm [exécution en cours] - [Module1 (Code)],Tâches diverses,2021-04-22,16:10:59,00:00:04
stefano.crapanzano@chu.ulg.ac.be,Microsoft Visual Basic pour Applications - Liste des CC avec macro.xlsm [exécution en cours] - [Module1 (Code)],Tâches diverses,2021-04-22,16:13:28,00:00:06
stefano.crapanzano@chu.ulg.ac.be,Microsoft Visual Basic pour Applications - Liste des CC avec macro.xlsm [exécution en cours] - [Module1 (Code)],Tâches diverses,2021-04-22,16:13:40,00:00:04
stefano.crapanzano@chu.ulg.ac.be,Microsoft Visual Basic pour Applications - Liste des CC avec macro.xlsm [exécution en cours] - [Module1 (Code)],Tâches diverses,2021-04-22,16:14:47,00:00:22
stefano.crapanzano@chu.ulg.ac.be,Microsoft Visual Basic pour Applications - Liste des CC avec macro.xlsm [exécution en cours] - [Module1 (Code)],Tâches diverses,2021-04-22,16:15:20,00:00:13
stefano.crapanzano@chu.ulg.ac.be,Microsoft Visual Basic pour Applications - Liste des CC avec macro.xlsm [exécution en cours] - [Module1 (Code)],Tâches diverses,2021-04-22,16:17:15,00:00:02
stefano.crapanzano@chu.ulg.ac.be,Microsoft Visual Basic pour Applications - Liste des CC avec macro.xlsm [exécution en cours] - [Module1 (Code)],Tâches diverses,2021-04-22,16:17:26,00:00:04
stefano.crapanzano@chu.ulg.ac.be,Microsoft Visual Basic pour Applications - Liste des CC avec macro.xlsm [exécution en cours] - [Module1 (Code)],Tâches diverses,2021-04-22,16:17:33,00:00:03
stefano.crapanzano@chu.ulg.ac.be,Microsoft Visual Basic pour Applications - Liste des CC avec macro.xlsm [exécution en cours] - [Module1 (Code)],Tâches diverses,2021-04-22,16:25:24,00:00:07
stefano.crapanzano@chu.ulg.ac.be,Microsoft Visual Basic pour Applications - Liste des CC avec macro.xlsm [exécution en cours] - [Module1 (Code)],Tâches diverses,2021-04-22,16:25:38,00:00:03
stefano.crapanzano@chu.ulg.ac.be,Microsoft Visual Basic pour Applications - Liste des CC avec macro.xlsm [exécution en cours] - [Module1 (Code)],Tâches diverses,2021-04-22,16:25:56,00:00:04
stefano.crapanzano@chu.ulg.ac.be,Microsoft Visual Basic pour Applications - Liste des CC avec macro.xlsm [exécution en cours] - [Module1 (Code)],Tâches diverses,2021-04-22,16:26:04,00:00:03
stefano.crapanzano@chu.ulg.ac.be,Microsoft Visual Basic pour Applications - Liste des CC avec macro.xlsm [exécution en cours] - [Module1 (Code)],Tâches diverses,2021-04-22,16:26:14,00:00:04
stefano.crapanzano@chu.ulg.ac.be,Microsoft Visual Basic pour Applications - Liste des CC avec macro.xlsm [arrêt] - [Module1 (Code)],Tâches diverses,2021-04-22,15:58:30,00:00:02
stefano.crapanzano@chu.ulg.ac.be,Microsoft Visual Basic pour Applications - Liste des CC avec macro.xlsm [arrêt] - [Module1 (Code)],Tâches diverses,2021-04-22,15:58:35,00:00:13
stefano.crapanzano@chu.ulg.ac.be,Microsoft Visual Basic pour Applications - Liste des CC avec macro.xlsm [arrêt] - [Module1 (Code)],Tâches diverses,2021-04-22,15:58:52,00:00:03
stefano.crapanzano@chu.ulg.ac.be,Microsoft Visual Basic pour Applications - Liste des CC avec macro.xlsm [arrêt] - [Module1 (Code)],Tâches diverses,2021-04-22,15:59:00,00:00:03
stefano.crapanzano@chu.ulg.ac.be,Microsoft Visual Basic pour Applications - Liste des CC avec macro.xlsm [arrêt] - [Module1 (Code)],Tâches diverses,2021-04-22,15:59:14,00:00:50
stefano.crapanzano@chu.ulg.ac.be,Microsoft Visual Basic pour Applications - Liste des CC avec macro.xlsm [arrêt] - [Module1 (Code)],Tâches diverses,2021-04-22,16:00:09,00:00:03
stefano.crapanzano@chu.ulg.ac.be,Microsoft Visual Basic pour Applications - Liste des CC avec macro.xlsm [arrêt] - [Module1 (Code)],Tâches diverses,2021-04-22,16:04:22,00:00:08
stefano.crapanzano@chu.ulg.ac.be,Microsoft Visual Basic pour Applications - Liste des CC avec macro.xlsm [arrêt] - [Module1 (Code)],Tâches diverses,2021-04-22,16:04:31,00:00:02
stefano.crapanzano@chu.ulg.ac.be,Microsoft Visual Basic pour Applications - Liste des CC avec macro.xlsm [arrêt] - [Module1 (Code)],Tâches diverses,2021-04-22,16:04:35,00:00:03
stefano.crapanzano@chu.ulg.ac.be,Microsoft Visual Basic pour Applications - Liste des CC avec macro.xlsm [arrêt] - [Module1 (Code)],Tâches diverses,2021-04-22,16:04:43,00:00:32
stefano.crapanzano@chu.ulg.ac.be,Microsoft Visual Basic pour Applications - Liste des CC avec macro.xlsm [arrêt] - [Module1 (Code)],Tâches diverses,2021-04-22,16:05:45,00:00:02
stefano.crapanzano@chu.ulg.ac.be,Microsoft Visual Basic pour Applications - Liste des CC avec macro.xlsm [arrêt] - [Module1 (Code)],Tâches diverses,2021-04-22,16:10:49,00:00:03
stefano.crapanzano@chu.ulg.ac.be,Microsoft Visual Basic pour Applications - Liste des CC avec macro.xlsm [arrêt] - [Module1 (Code)],Tâches diverses,2021-04-22,16:10:54,00:00:04
stefano.crapanzano@chu.ulg.ac.be,Microsoft Visual Basic pour Applications - Liste des CC avec macro.xlsm [arrêt] - [Module1 (Code)],Tâches diverses,2021-04-22,16:11:07,00:00:08
stefano.crapanzano@chu.ulg.ac.be,Microsoft Visual Basic pour Applications - Liste des CC avec macro.xlsm [arrêt] - [Module1 (Code)],Tâches diverses,2021-04-22,16:11:17,00:00:38
stefano.crapanzano@chu.ulg.ac.be,Microsoft Visual Basic pour Applications - Liste des CC avec macro.xlsm [arrêt] - [Module1 (Code)],Tâches diverses,2021-04-22,16:12:01,00:00:03
stefano.crapanzano@chu.ulg.ac.be,Microsoft Visual Basic pour Applications - Liste des CC avec macro.xlsm [arrêt] - [Module1 (Code)],Tâches diverses,2021-04-22,16:13:34,00:00:03
stefano.crapanzano@chu.ulg.ac.be,Microsoft Visual Basic pour Applications - Liste des CC avec macro.xlsm [arrêt] - [Module1 (Code)],Tâches diverses,2021-04-22,16:17:12,00:00:02
stefano.crapanzano@chu.ulg.ac.be,Microsoft Visual Basic pour Applications - Liste des CC avec macro.xlsm [arrêt] - [Module1 (Code)],Tâches diverses,2021-04-22,16:17:20,00:00:06
stefano.crapanzano@chu.ulg.ac.be,Microsoft Visual Basic pour Applications - Liste des CC avec macro.xlsm [arrêt] - [Module1 (Code)],Tâches diverses,2021-04-22,16:17:30,00:00:02
stefano.crapanzano@chu.ulg.ac.be,Microsoft Visual Basic pour Applications - Liste des CC avec macro.xlsm [arrêt] - [Module1 (Code)],Tâches diverses,2021-04-22,16:17:40,00:00:03
stefano.crapanzano@chu.ulg.ac.be,Microsoft Visual Basic pour Applications - Liste des CC avec macro.xlsm [arrêt] - [Module1 (Code)],Tâches diverses,2021-04-22,16:17:59,00:00:10
stefano.crapanzano@chu.ulg.ac.be,Microsoft Visual Basic pour Applications - Liste des CC avec macro.xlsm [arrêt] - [Module1 (Code)],Tâches diverses,2021-04-22,16:18:30,00:00:03
stefano.crapanzano@chu.ulg.ac.be,Microsoft Visual Basic pour Applications - Liste des CC avec macro.xlsm [arrêt] - [Module1 (Code)],Tâches diverses,2021-04-22,16:18:36,00:00:10
stefano.crapanzano@chu.ulg.ac.be,Microsoft Visual Basic pour Applications - Liste des CC avec macro.xlsm [arrêt] - [Module1 (Code)],Tâches diverses,2021-04-22,16:18:49,00:00:07
stefano.crapanzano@chu.ulg.ac.be,Microsoft Visual Basic pour Applications - Liste des CC avec macro.xlsm [arrêt] - [Module1 (Code)],Tâches diverses,2021-04-22,16:19:19,00:02:01
stefano.crapanzano@chu.ulg.ac.be,Microsoft Visual Basic pour Applications - Liste des CC avec macro.xlsm [arrêt] - [Module1 (Code)],Tâches diverses,2021-04-22,16:21:23,00:00:03
stefano.crapanzano@chu.ulg.ac.be,Microsoft Visual Basic pour Applications - Liste des CC avec macro.xlsm [arrêt] - [Module1 (Code)],Tâches diverses,2021-04-22,16:21:38,00:00:22
stefano.crapanzano@chu.ulg.ac.be,Microsoft Visual Basic pour Applications - Liste des CC avec macro.xlsm [arrêt] - [Module1 (Code)],Tâches diverses,2021-04-22,16:22:30,00:00:02
stefano.crapanzano@chu.ulg.ac.be,Microsoft Visual Basic pour Applications - Liste des CC avec macro.xlsm [arrêt] - [Module1 (Code)],Tâches diverses,2021-04-22,16:25:42,00:00:03
stefano.crapanzano@chu.ulg.ac.be,Microsoft Visual Basic pour Applications - Liste des CC avec macro.xlsm [arrêt] - [Module1 (Code)],Tâches diverses,2021-04-22,16:25:49,00:00:07
stefano.crapanzano@chu.ulg.ac.be,Microsoft Visual Basic pour Applications - Liste des CC avec macro.xlsm [arrêt] - [Module1 (Code)],Tâches diverses,2021-04-22,16:26:01,00:00:02
stefano.crapanzano@chu.ulg.ac.be,Microsoft Visual Basic pour Applications - Liste des CC avec macro.xlsm [arrêt] - [Module1 (Code)],Tâches diverses,2021-04-22,16:26:07,00:00:07
stefano.crapanzano@chu.ulg.ac.be,Microsoft Visual Basic pour Applications - Liste des CC avec macro.xlsm [arrêt] - [Module1 (Code)],Tâches diverses,2021-04-22,16:26:18,00:00:03
stefano.crapanzano@chu.ulg.ac.be,Microsoft Visual Basic,Tâches diverses,2021-04-22,15:59:04,00:00:09
stefano.crapanzano@chu.ulg.ac.be,Microsoft Visual Basic,Tâches diverses,2021-04-22,16:11:04,00:00:03
stefano.crapanzano@chu.ulg.ac.be,Microsoft Visual Basic,Tâches diverses,2021-04-22,16:13:46,00:00:04
stefano.crapanzano@chu.ulg.ac.be,Microsoft Visual Basic,Tâches diverses,2021-04-22,16:17:36,00:00:03
stefano.crapanzano@chu.ulg.ac.be,Sélectionner relation,Exploration SAP,2021-04-22,16:01:09,00:00:07
stefano.crapanzano@chu.ulg.ac.be,Sélectionner relation,Exploration SAP,2021-04-22,16:06:43,00:00:06
stefano.crapanzano@chu.ulg.ac.be,Quitter traitement,Exploration SAP,2021-04-22,16:03:47,00:00:10
stefano.crapanzano@chu.ulg.ac.be,Quitter traitement,Exploration SAP,2021-04-22,16:26:41,00:00:02
stefano.crapanzano@chu.ulg.ac.be,Rechercher Poste,Exploration SAP,2021-04-22,16:05:24,00:00:19
stefano.crapanzano@chu.ulg.ac.be,Microsoft Visual Basic pour Applications,Tâches diverses,2021-04-22,16:11:55,00:00:06
stefano.crapanzano@chu.ulg.ac.be,C:\temp\fields_ppoma_bbp.txt - Notepad++ [Administrator],IT,2021-04-22,16:17:50,00:00:07
stefano.crapanzano@chu.ulg.ac.be,C:\temp\fields_ppoma_bbp.txt - Notepad++ [Administrator],IT,2021-04-22,16:18:17,00:00:13
stefano.crapanzano@chu.ulg.ac.be,C:\temp\fields_ppoma_bbp.txt - Notepad++ [Administrator],IT,2021-04-22,16:18:33,00:00:02
stefano.crapanzano@chu.ulg.ac.be,C:\temp\fields_ppoma_bbp.txt - Notepad++ [Administrator],IT,2021-04-22,16:18:57,00:00:21
stefano.crapanzano@chu.ulg.ac.be,C:\temp\fields_ppoma_bbp.txt - Notepad++ [Administrator],IT,2021-04-22,16:21:28,00:00:02
