Email,Description,Project,Start date,Start time,Duration
stefano.crapanzano@chu.ulg.ac.be,Administrateur : Perl (command line) - python  main.py,IT,2021-04-19,17:21:41,00:00:09
stefano.crapanzano@chu.ulg.ac.be,Programmation,IT,2021-04-19,08:47:26,00:00:07
stefano.crapanzano@chu.ulg.ac.be,Programmation,IT,2021-04-19,08:48:38,00:00:03
stefano.crapanzano@chu.ulg.ac.be,Programmation,IT,2021-04-19,08:48:46,00:00:07
stefano.crapanzano@chu.ulg.ac.be,Programmation,IT,2021-04-19,08:49:11,00:00:11
stefano.crapanzano@chu.ulg.ac.be,Programmation,IT,2021-04-19,08:49:25,00:00:37
stefano.crapanzano@chu.ulg.ac.be,Programmation,IT,2021-04-19,08:50:11,00:03:16
stefano.crapanzano@chu.ulg.ac.be,Programmation,IT,2021-04-19,08:54:48,00:00:18
stefano.crapanzano@chu.ulg.ac.be,Programmation,IT,2021-04-19,08:55:11,00:00:43
stefano.crapanzano@chu.ulg.ac.be,Programmation,IT,2021-04-19,10:03:00,00:00:16
stefano.crapanzano@chu.ulg.ac.be,Programmation,IT,2021-04-19,10:08:27,00:00:02
stefano.crapanzano@chu.ulg.ac.be,Programmation,IT,2021-04-19,10:37:43,00:00:12
stefano.crapanzano@chu.ulg.ac.be,Programmation,IT,2021-04-19,12:28:08,00:00:08
stefano.crapanzano@chu.ulg.ac.be,Programmation,IT,2021-04-19,12:28:41,00:00:07
stefano.crapanzano@chu.ulg.ac.be,Programmation,IT,2021-04-19,13:52:25,00:00:04
stefano.crapanzano@chu.ulg.ac.be,Navigation système de fichier,IT,2021-04-19,08:33:59,00:00:02
stefano.crapanzano@chu.ulg.ac.be,Navigation système de fichier,IT,2021-04-19,08:40:29,00:00:04
stefano.crapanzano@chu.ulg.ac.be,Navigation système de fichier,IT,2021-04-19,08:47:34,00:00:02
stefano.crapanzano@chu.ulg.ac.be,Navigation système de fichier,IT,2021-04-19,08:48:35,00:00:03
stefano.crapanzano@chu.ulg.ac.be,Navigation système de fichier,IT,2021-04-19,08:48:41,00:00:04
stefano.crapanzano@chu.ulg.ac.be,Navigation système de fichier,IT,2021-04-19,08:48:53,00:00:04
stefano.crapanzano@chu.ulg.ac.be,Navigation système de fichier,IT,2021-04-19,08:54:02,00:00:02
stefano.crapanzano@chu.ulg.ac.be,Navigation système de fichier,IT,2021-04-19,08:55:54,00:00:02
stefano.crapanzano@chu.ulg.ac.be,Navigation système de fichier,IT,2021-04-19,09:06:00,00:00:02
stefano.crapanzano@chu.ulg.ac.be,Navigation système de fichier,IT,2021-04-19,09:06:44,00:00:02
stefano.crapanzano@chu.ulg.ac.be,Navigation système de fichier,IT,2021-04-19,09:07:11,00:00:06
stefano.crapanzano@chu.ulg.ac.be,Navigation système de fichier,IT,2021-04-19,09:08:36,00:00:02
stefano.crapanzano@chu.ulg.ac.be,Navigation système de fichier,IT,2021-04-19,09:08:58,00:00:02
stefano.crapanzano@chu.ulg.ac.be,Navigation système de fichier,IT,2021-04-19,09:09:32,00:00:02
stefano.crapanzano@chu.ulg.ac.be,Navigation système de fichier,IT,2021-04-19,09:13:41,00:00:02
stefano.crapanzano@chu.ulg.ac.be,Navigation système de fichier,IT,2021-04-19,09:16:04,00:00:02
stefano.crapanzano@chu.ulg.ac.be,Navigation système de fichier,IT,2021-04-19,09:16:23,00:00:02
stefano.crapanzano@chu.ulg.ac.be,Navigation système de fichier,IT,2021-04-19,09:32:29,00:00:04
stefano.crapanzano@chu.ulg.ac.be,Navigation système de fichier,IT,2021-04-19,09:34:30,00:00:02
stefano.crapanzano@chu.ulg.ac.be,Navigation système de fichier,IT,2021-04-19,09:46:30,00:00:04
stefano.crapanzano@chu.ulg.ac.be,Navigation système de fichier,IT,2021-04-19,09:47:07,00:00:56
stefano.crapanzano@chu.ulg.ac.be,Navigation système de fichier,IT,2021-04-19,10:01:18,00:00:23
stefano.crapanzano@chu.ulg.ac.be,Navigation système de fichier,IT,2021-04-19,10:02:00,00:00:02
stefano.crapanzano@chu.ulg.ac.be,Navigation système de fichier,IT,2021-04-19,10:02:05,00:00:02
stefano.crapanzano@chu.ulg.ac.be,Navigation système de fichier,IT,2021-04-19,10:02:16,00:00:02
stefano.crapanzano@chu.ulg.ac.be,Navigation système de fichier,IT,2021-04-19,10:02:57,00:00:02
stefano.crapanzano@chu.ulg.ac.be,Navigation système de fichier,IT,2021-04-19,10:08:30,00:00:29
stefano.crapanzano@chu.ulg.ac.be,Navigation système de fichier,IT,2021-04-19,10:14:13,00:02:02
stefano.crapanzano@chu.ulg.ac.be,Navigation système de fichier,IT,2021-04-19,10:16:24,00:00:07
stefano.crapanzano@chu.ulg.ac.be,Navigation système de fichier,IT,2021-04-19,10:16:36,00:00:15
stefano.crapanzano@chu.ulg.ac.be,Navigation système de fichier,IT,2021-04-19,10:16:53,00:00:05
stefano.crapanzano@chu.ulg.ac.be,Navigation système de fichier,IT,2021-04-19,10:17:02,00:00:06
stefano.crapanzano@chu.ulg.ac.be,Navigation système de fichier,IT,2021-04-19,10:17:10,00:00:07
stefano.crapanzano@chu.ulg.ac.be,Navigation système de fichier,IT,2021-04-19,10:17:24,00:00:16
stefano.crapanzano@chu.ulg.ac.be,Navigation système de fichier,IT,2021-04-19,10:17:43,00:00:02
stefano.crapanzano@chu.ulg.ac.be,Navigation système de fichier,IT,2021-04-19,10:17:53,00:00:03
stefano.crapanzano@chu.ulg.ac.be,Navigation système de fichier,IT,2021-04-19,10:18:00,00:00:07
stefano.crapanzano@chu.ulg.ac.be,Navigation système de fichier,IT,2021-04-19,10:18:16,00:00:24
stefano.crapanzano@chu.ulg.ac.be,Navigation système de fichier,IT,2021-04-19,10:19:02,00:00:21
stefano.crapanzano@chu.ulg.ac.be,Navigation système de fichier,IT,2021-04-19,10:19:24,00:01:05
stefano.crapanzano@chu.ulg.ac.be,Navigation système de fichier,IT,2021-04-19,10:20:31,00:00:06
stefano.crapanzano@chu.ulg.ac.be,Navigation système de fichier,IT,2021-04-19,10:20:39,00:00:05
stefano.crapanzano@chu.ulg.ac.be,Navigation système de fichier,IT,2021-04-19,10:20:47,00:00:14
stefano.crapanzano@chu.ulg.ac.be,Navigation système de fichier,IT,2021-04-19,10:21:07,00:00:06
stefano.crapanzano@chu.ulg.ac.be,Navigation système de fichier,IT,2021-04-19,10:21:18,00:00:13
stefano.crapanzano@chu.ulg.ac.be,Navigation système de fichier,IT,2021-04-19,10:21:33,00:00:16
stefano.crapanzano@chu.ulg.ac.be,Navigation système de fichier,IT,2021-04-19,10:21:55,00:00:04
stefano.crapanzano@chu.ulg.ac.be,Navigation système de fichier,IT,2021-04-19,10:22:02,00:00:06
stefano.crapanzano@chu.ulg.ac.be,Navigation système de fichier,IT,2021-04-19,10:22:09,00:01:13
stefano.crapanzano@chu.ulg.ac.be,Navigation système de fichier,IT,2021-04-19,10:24:37,00:00:25
stefano.crapanzano@chu.ulg.ac.be,Navigation système de fichier,IT,2021-04-19,10:26:06,00:00:22
stefano.crapanzano@chu.ulg.ac.be,Navigation système de fichier,IT,2021-04-19,10:27:34,00:00:20
stefano.crapanzano@chu.ulg.ac.be,Navigation système de fichier,IT,2021-04-19,10:28:12,00:00:11
stefano.crapanzano@chu.ulg.ac.be,Navigation système de fichier,IT,2021-04-19,10:28:35,00:00:02
stefano.crapanzano@chu.ulg.ac.be,Navigation système de fichier,IT,2021-04-19,10:28:43,00:00:12
stefano.crapanzano@chu.ulg.ac.be,Navigation système de fichier,IT,2021-04-19,10:28:58,00:00:06
stefano.crapanzano@chu.ulg.ac.be,Navigation système de fichier,IT,2021-04-19,10:29:35,00:00:02
stefano.crapanzano@chu.ulg.ac.be,Navigation système de fichier,IT,2021-04-19,10:29:38,00:00:08
stefano.crapanzano@chu.ulg.ac.be,Navigation système de fichier,IT,2021-04-19,10:29:50,00:00:03
stefano.crapanzano@chu.ulg.ac.be,Navigation système de fichier,IT,2021-04-19,10:30:36,00:00:16
stefano.crapanzano@chu.ulg.ac.be,Navigation système de fichier,IT,2021-04-19,10:31:29,00:01:05
stefano.crapanzano@chu.ulg.ac.be,Navigation système de fichier,IT,2021-04-19,10:32:36,00:00:29
stefano.crapanzano@chu.ulg.ac.be,Navigation système de fichier,IT,2021-04-19,10:33:07,00:00:19
stefano.crapanzano@chu.ulg.ac.be,Navigation système de fichier,IT,2021-04-19,10:33:28,00:00:02
stefano.crapanzano@chu.ulg.ac.be,Navigation système de fichier,IT,2021-04-19,10:37:02,00:00:02
stefano.crapanzano@chu.ulg.ac.be,Navigation système de fichier,IT,2021-04-19,10:37:55,00:00:04
stefano.crapanzano@chu.ulg.ac.be,Navigation système de fichier,IT,2021-04-19,10:40:24,00:00:29
stefano.crapanzano@chu.ulg.ac.be,Navigation système de fichier,IT,2021-04-19,10:41:23,00:00:15
stefano.crapanzano@chu.ulg.ac.be,Navigation système de fichier,IT,2021-04-19,10:41:40,00:00:49
stefano.crapanzano@chu.ulg.ac.be,Navigation système de fichier,IT,2021-04-19,10:42:52,00:00:13
stefano.crapanzano@chu.ulg.ac.be,Navigation système de fichier,IT,2021-04-19,10:43:16,00:01:15
stefano.crapanzano@chu.ulg.ac.be,Navigation système de fichier,IT,2021-04-19,10:44:34,00:01:16
stefano.crapanzano@chu.ulg.ac.be,Navigation système de fichier,IT,2021-04-19,10:55:04,00:00:03
stefano.crapanzano@chu.ulg.ac.be,Navigation système de fichier,IT,2021-04-19,13:57:53,00:00:02
stefano.crapanzano@chu.ulg.ac.be,Navigation système de fichier,IT,2021-04-19,14:28:32,00:00:02
stefano.crapanzano@chu.ulg.ac.be,Navigation système de fichier,IT,2021-04-19,14:30:29,00:00:03
stefano.crapanzano@chu.ulg.ac.be,Navigation système de fichier,IT,2021-04-19,14:30:36,00:00:02
stefano.crapanzano@chu.ulg.ac.be,Navigation système de fichier,IT,2021-04-19,14:31:14,00:00:03
stefano.crapanzano@chu.ulg.ac.be,Navigation système de fichier,IT,2021-04-19,14:33:37,00:00:04
stefano.crapanzano@chu.ulg.ac.be,Navigation système de fichier,IT,2021-04-19,14:54:15,00:02:05
stefano.crapanzano@chu.ulg.ac.be,Navigation système de fichier,IT,2021-04-19,15:35:21,00:00:02
stefano.crapanzano@chu.ulg.ac.be,Navigation système de fichier,IT,2021-04-19,15:35:44,00:00:22
stefano.crapanzano@chu.ulg.ac.be,Navigation système de fichier,IT,2021-04-19,15:37:29,00:00:02
stefano.crapanzano@chu.ulg.ac.be,Navigation système de fichier,IT,2021-04-19,15:49:52,00:00:02
stefano.crapanzano@chu.ulg.ac.be,Navigation système de fichier,IT,2021-04-19,15:51:33,00:00:02
stefano.crapanzano@chu.ulg.ac.be,Navigation système de fichier,IT,2021-04-19,15:54:48,00:00:02
stefano.crapanzano@chu.ulg.ac.be,Navigation système de fichier,IT,2021-04-19,15:55:07,00:00:07
stefano.crapanzano@chu.ulg.ac.be,Navigation système de fichier,IT,2021-04-19,15:58:02,00:00:02
stefano.crapanzano@chu.ulg.ac.be,Navigation système de fichier,IT,2021-04-19,15:58:59,00:00:04
stefano.crapanzano@chu.ulg.ac.be,Navigation système de fichier,IT,2021-04-19,16:08:55,00:00:28
stefano.crapanzano@chu.ulg.ac.be,Navigation système de fichier,IT,2021-04-19,16:21:16,00:00:06
stefano.crapanzano@chu.ulg.ac.be,Navigation système de fichier,IT,2021-04-19,16:21:47,00:00:02
stefano.crapanzano@chu.ulg.ac.be,Navigation système de fichier,IT,2021-04-19,16:39:16,00:00:03
stefano.crapanzano@chu.ulg.ac.be,Navigation système de fichier,IT,2021-04-19,16:42:45,00:00:02
stefano.crapanzano@chu.ulg.ac.be,Navigation système de fichier,IT,2021-04-19,16:42:57,00:00:03
stefano.crapanzano@chu.ulg.ac.be,Navigation système de fichier,IT,2021-04-19,16:43:05,00:00:02
stefano.crapanzano@chu.ulg.ac.be,Navigation système de fichier,IT,2021-04-19,16:45:23,00:00:02
stefano.crapanzano@chu.ulg.ac.be,Navigation système de fichier,IT,2021-04-19,16:45:50,00:00:06
stefano.crapanzano@chu.ulg.ac.be,Navigation système de fichier,IT,2021-04-19,16:46:11,00:00:05
stefano.crapanzano@chu.ulg.ac.be,Navigation système de fichier,IT,2021-04-19,16:48:26,00:00:02
stefano.crapanzano@chu.ulg.ac.be,Navigation système de fichier,IT,2021-04-19,16:50:22,00:00:02
stefano.crapanzano@chu.ulg.ac.be,Navigation système de fichier,IT,2021-04-19,17:08:46,00:00:02
stefano.crapanzano@chu.ulg.ac.be,Stefano CRAPANZANO - erp.sai@chuliege.be - Mozilla Thunderbird,Helpdesk général,2021-04-19,09:25:31,00:00:04
stefano.crapanzano@chu.ulg.ac.be,Stefano CRAPANZANO - erp.sai@chuliege.be - Mozilla Thunderbird,Helpdesk général,2021-04-19,13:52:33,00:00:04
stefano.crapanzano@chu.ulg.ac.be,Stefano CRAPANZANO - erp.sai@chuliege.be - Mozilla Thunderbird,Helpdesk général,2021-04-19,13:57:34,00:00:02
stefano.crapanzano@chu.ulg.ac.be,Stefano CRAPANZANO - erp.sai@chuliege.be - Mozilla Thunderbird,Helpdesk général,2021-04-19,14:30:08,00:00:20
stefano.crapanzano@chu.ulg.ac.be,Stefano CRAPANZANO - erp.sai@chuliege.be - Mozilla Thunderbird,Helpdesk général,2021-04-19,14:30:32,00:00:03
stefano.crapanzano@chu.ulg.ac.be,Stefano CRAPANZANO - erp.sai@chuliege.be - Mozilla Thunderbird,Helpdesk général,2021-04-19,15:32:37,00:00:04
stefano.crapanzano@chu.ulg.ac.be,Stefano CRAPANZANO - erp.sai@chuliege.be - Mozilla Thunderbird,Helpdesk général,2021-04-19,15:53:29,00:00:03
stefano.crapanzano@chu.ulg.ac.be,Stefano CRAPANZANO - erp.sai@chuliege.be - Mozilla Thunderbird,Helpdesk général,2021-04-19,17:19:03,00:00:02
stefano.crapanzano@chu.ulg.ac.be,Courrier entrant - stefano.crapanzano@chuliege.be - Mozilla Thunderbird,Helpdesk général,2021-04-19,08:34:02,00:00:12
stefano.crapanzano@chu.ulg.ac.be,Courrier entrant - stefano.crapanzano@chuliege.be - Mozilla Thunderbird,Helpdesk général,2021-04-19,08:46:00,00:00:33
stefano.crapanzano@chu.ulg.ac.be,Courrier entrant - stefano.crapanzano@chuliege.be - Mozilla Thunderbird,Helpdesk général,2021-04-19,08:47:20,00:00:02
stefano.crapanzano@chu.ulg.ac.be,Courrier entrant - stefano.crapanzano@chuliege.be - Mozilla Thunderbird,Helpdesk général,2021-04-19,08:55:58,00:00:03
stefano.crapanzano@chu.ulg.ac.be,Courrier entrant - stefano.crapanzano@chuliege.be - Mozilla Thunderbird,Helpdesk général,2021-04-19,09:01:38,00:00:03
stefano.crapanzano@chu.ulg.ac.be,Courrier entrant - stefano.crapanzano@chuliege.be - Mozilla Thunderbird,Helpdesk général,2021-04-19,09:25:45,00:00:03
stefano.crapanzano@chu.ulg.ac.be,Courrier entrant - stefano.crapanzano@chuliege.be - Mozilla Thunderbird,Helpdesk général,2021-04-19,09:35:04,00:00:04
stefano.crapanzano@chu.ulg.ac.be,Courrier entrant - stefano.crapanzano@chuliege.be - Mozilla Thunderbird,Helpdesk général,2021-04-19,09:35:11,00:00:04
stefano.crapanzano@chu.ulg.ac.be,Courrier entrant - stefano.crapanzano@chuliege.be - Mozilla Thunderbird,Helpdesk général,2021-04-19,09:56:50,00:00:18
stefano.crapanzano@chu.ulg.ac.be,Courrier entrant - stefano.crapanzano@chuliege.be - Mozilla Thunderbird,Helpdesk général,2021-04-19,09:58:48,00:00:15
stefano.crapanzano@chu.ulg.ac.be,Courrier entrant - stefano.crapanzano@chuliege.be - Mozilla Thunderbird,Helpdesk général,2021-04-19,10:07:39,00:00:38
stefano.crapanzano@chu.ulg.ac.be,Courrier entrant - stefano.crapanzano@chuliege.be - Mozilla Thunderbird,Helpdesk général,2021-04-19,10:36:59,00:00:02
stefano.crapanzano@chu.ulg.ac.be,Courrier entrant - stefano.crapanzano@chuliege.be - Mozilla Thunderbird,Helpdesk général,2021-04-19,10:39:45,00:00:12
stefano.crapanzano@chu.ulg.ac.be,Courrier entrant - stefano.crapanzano@chuliege.be - Mozilla Thunderbird,Helpdesk général,2021-04-19,12:05:58,00:00:06
stefano.crapanzano@chu.ulg.ac.be,Courrier entrant - stefano.crapanzano@chuliege.be - Mozilla Thunderbird,Helpdesk général,2021-04-19,12:28:51,00:00:02
stefano.crapanzano@chu.ulg.ac.be,Courrier entrant - stefano.crapanzano@chuliege.be - Mozilla Thunderbird,Helpdesk général,2021-04-19,13:57:37,00:00:02
stefano.crapanzano@chu.ulg.ac.be,Courrier entrant - stefano.crapanzano@chuliege.be - Mozilla Thunderbird,Helpdesk général,2021-04-19,14:27:24,00:00:03
stefano.crapanzano@chu.ulg.ac.be,Courrier entrant - stefano.crapanzano@chuliege.be - Mozilla Thunderbird,Helpdesk général,2021-04-19,14:30:47,00:00:07
stefano.crapanzano@chu.ulg.ac.be,Courrier entrant - stefano.crapanzano@chuliege.be - Mozilla Thunderbird,Helpdesk général,2021-04-19,15:31:47,00:00:50
stefano.crapanzano@chu.ulg.ac.be,Courrier entrant - stefano.crapanzano@chuliege.be - Mozilla Thunderbird,Helpdesk général,2021-04-19,17:19:10,00:00:16
stefano.crapanzano@chu.ulg.ac.be,Courrier entrant - erp.sai@chuliege.be - Mozilla Thunderbird,Helpdesk général,2021-04-19,08:34:14,00:00:18
stefano.crapanzano@chu.ulg.ac.be,Courrier entrant - erp.sai@chuliege.be - Mozilla Thunderbird,Helpdesk général,2021-04-19,08:34:54,00:00:04
stefano.crapanzano@chu.ulg.ac.be,Courrier entrant - erp.sai@chuliege.be - Mozilla Thunderbird,Helpdesk général,2021-04-19,08:36:00,00:00:03
stefano.crapanzano@chu.ulg.ac.be,Courrier entrant - erp.sai@chuliege.be - Mozilla Thunderbird,Helpdesk général,2021-04-19,08:37:37,00:00:04
stefano.crapanzano@chu.ulg.ac.be,Courrier entrant - erp.sai@chuliege.be - Mozilla Thunderbird,Helpdesk général,2021-04-19,08:39:19,00:00:14
stefano.crapanzano@chu.ulg.ac.be,Courrier entrant - erp.sai@chuliege.be - Mozilla Thunderbird,Helpdesk général,2021-04-19,08:45:56,00:00:03
stefano.crapanzano@chu.ulg.ac.be,Courrier entrant - erp.sai@chuliege.be - Mozilla Thunderbird,Helpdesk général,2021-04-19,08:47:22,00:00:03
stefano.crapanzano@chu.ulg.ac.be,Courrier entrant - erp.sai@chuliege.be - Mozilla Thunderbird,Helpdesk général,2021-04-19,08:56:01,00:00:06
stefano.crapanzano@chu.ulg.ac.be,Courrier entrant - erp.sai@chuliege.be - Mozilla Thunderbird,Helpdesk général,2021-04-19,09:01:35,00:00:02
stefano.crapanzano@chu.ulg.ac.be,Courrier entrant - erp.sai@chuliege.be - Mozilla Thunderbird,Helpdesk général,2021-04-19,09:01:41,00:00:14
stefano.crapanzano@chu.ulg.ac.be,Courrier entrant - erp.sai@chuliege.be - Mozilla Thunderbird,Helpdesk général,2021-04-19,09:02:17,00:00:07
stefano.crapanzano@chu.ulg.ac.be,Courrier entrant - erp.sai@chuliege.be - Mozilla Thunderbird,Helpdesk général,2021-04-19,09:16:29,00:00:13
stefano.crapanzano@chu.ulg.ac.be,Courrier entrant - erp.sai@chuliege.be - Mozilla Thunderbird,Helpdesk général,2021-04-19,09:25:18,00:00:13
stefano.crapanzano@chu.ulg.ac.be,Courrier entrant - erp.sai@chuliege.be - Mozilla Thunderbird,Helpdesk général,2021-04-19,09:25:36,00:00:02
stefano.crapanzano@chu.ulg.ac.be,Courrier entrant - erp.sai@chuliege.be - Mozilla Thunderbird,Helpdesk général,2021-04-19,09:25:49,00:00:03
stefano.crapanzano@chu.ulg.ac.be,Courrier entrant - erp.sai@chuliege.be - Mozilla Thunderbird,Helpdesk général,2021-04-19,09:35:01,00:00:02
stefano.crapanzano@chu.ulg.ac.be,Courrier entrant - erp.sai@chuliege.be - Mozilla Thunderbird,Helpdesk général,2021-04-19,09:35:09,00:00:02
stefano.crapanzano@chu.ulg.ac.be,Courrier entrant - erp.sai@chuliege.be - Mozilla Thunderbird,Helpdesk général,2021-04-19,09:35:16,00:00:10
stefano.crapanzano@chu.ulg.ac.be,Courrier entrant - erp.sai@chuliege.be - Mozilla Thunderbird,Helpdesk général,2021-04-19,09:35:29,00:00:32
stefano.crapanzano@chu.ulg.ac.be,Courrier entrant - erp.sai@chuliege.be - Mozilla Thunderbird,Helpdesk général,2021-04-19,09:55:29,00:01:20
stefano.crapanzano@chu.ulg.ac.be,Courrier entrant - erp.sai@chuliege.be - Mozilla Thunderbird,Helpdesk général,2021-04-19,09:57:08,00:00:18
stefano.crapanzano@chu.ulg.ac.be,Courrier entrant - erp.sai@chuliege.be - Mozilla Thunderbird,Helpdesk général,2021-04-19,09:57:27,00:01:21
stefano.crapanzano@chu.ulg.ac.be,Courrier entrant - erp.sai@chuliege.be - Mozilla Thunderbird,Helpdesk général,2021-04-19,09:59:04,00:00:08
stefano.crapanzano@chu.ulg.ac.be,Courrier entrant - erp.sai@chuliege.be - Mozilla Thunderbird,Helpdesk général,2021-04-19,10:01:56,00:00:04
stefano.crapanzano@chu.ulg.ac.be,Courrier entrant - erp.sai@chuliege.be - Mozilla Thunderbird,Helpdesk général,2021-04-19,10:02:03,00:00:02
stefano.crapanzano@chu.ulg.ac.be,Courrier entrant - erp.sai@chuliege.be - Mozilla Thunderbird,Helpdesk général,2021-04-19,10:07:37,00:00:02
stefano.crapanzano@chu.ulg.ac.be,Courrier entrant - erp.sai@chuliege.be - Mozilla Thunderbird,Helpdesk général,2021-04-19,10:11:28,00:00:20
stefano.crapanzano@chu.ulg.ac.be,Courrier entrant - erp.sai@chuliege.be - Mozilla Thunderbird,Helpdesk général,2021-04-19,10:36:55,00:00:03
stefano.crapanzano@chu.ulg.ac.be,Courrier entrant - erp.sai@chuliege.be - Mozilla Thunderbird,Helpdesk général,2021-04-19,10:38:22,00:00:26
stefano.crapanzano@chu.ulg.ac.be,Courrier entrant - erp.sai@chuliege.be - Mozilla Thunderbird,Helpdesk général,2021-04-19,10:39:07,00:00:12
stefano.crapanzano@chu.ulg.ac.be,Courrier entrant - erp.sai@chuliege.be - Mozilla Thunderbird,Helpdesk général,2021-04-19,10:39:21,00:00:12
stefano.crapanzano@chu.ulg.ac.be,Courrier entrant - erp.sai@chuliege.be - Mozilla Thunderbird,Helpdesk général,2021-04-19,10:39:42,00:00:03
stefano.crapanzano@chu.ulg.ac.be,Courrier entrant - erp.sai@chuliege.be - Mozilla Thunderbird,Helpdesk général,2021-04-19,10:39:57,00:00:02
stefano.crapanzano@chu.ulg.ac.be,Courrier entrant - erp.sai@chuliege.be - Mozilla Thunderbird,Helpdesk général,2021-04-19,10:45:50,00:00:03
stefano.crapanzano@chu.ulg.ac.be,Courrier entrant - erp.sai@chuliege.be - Mozilla Thunderbird,Helpdesk général,2021-04-19,10:46:14,00:00:03
stefano.crapanzano@chu.ulg.ac.be,Courrier entrant - erp.sai@chuliege.be - Mozilla Thunderbird,Helpdesk général,2021-04-19,10:46:46,00:00:04
stefano.crapanzano@chu.ulg.ac.be,Courrier entrant - erp.sai@chuliege.be - Mozilla Thunderbird,Helpdesk général,2021-04-19,10:47:18,00:00:07
stefano.crapanzano@chu.ulg.ac.be,Courrier entrant - erp.sai@chuliege.be - Mozilla Thunderbird,Helpdesk général,2021-04-19,10:47:54,00:00:02
stefano.crapanzano@chu.ulg.ac.be,Courrier entrant - erp.sai@chuliege.be - Mozilla Thunderbird,Helpdesk général,2021-04-19,12:06:04,00:00:02
stefano.crapanzano@chu.ulg.ac.be,Courrier entrant - erp.sai@chuliege.be - Mozilla Thunderbird,Helpdesk général,2021-04-19,12:28:49,00:00:02
stefano.crapanzano@chu.ulg.ac.be,Courrier entrant - erp.sai@chuliege.be - Mozilla Thunderbird,Helpdesk général,2021-04-19,12:28:54,00:00:02
stefano.crapanzano@chu.ulg.ac.be,Courrier entrant - erp.sai@chuliege.be - Mozilla Thunderbird,Helpdesk général,2021-04-19,13:52:29,00:00:03
stefano.crapanzano@chu.ulg.ac.be,Courrier entrant - erp.sai@chuliege.be - Mozilla Thunderbird,Helpdesk général,2021-04-19,13:57:39,00:00:02
stefano.crapanzano@chu.ulg.ac.be,Courrier entrant - erp.sai@chuliege.be - Mozilla Thunderbird,Helpdesk général,2021-04-19,14:27:28,00:00:02
stefano.crapanzano@chu.ulg.ac.be,Courrier entrant - erp.sai@chuliege.be - Mozilla Thunderbird,Helpdesk général,2021-04-19,14:27:37,00:00:02
stefano.crapanzano@chu.ulg.ac.be,Courrier entrant - erp.sai@chuliege.be - Mozilla Thunderbird,Helpdesk général,2021-04-19,14:30:44,00:00:03
stefano.crapanzano@chu.ulg.ac.be,Courrier entrant - erp.sai@chuliege.be - Mozilla Thunderbird,Helpdesk général,2021-04-19,17:19:27,00:00:12
stefano.crapanzano@chu.ulg.ac.be,python - Setting pycharm run django unittest - Stack Overflow - Google Chrome,Helpdesk général,2021-04-19,08:34:32,00:00:02
stefano.crapanzano@chu.ulg.ac.be,python - Setting pycharm run django unittest - Stack Overflow - Google Chrome,Tâches diverses,2021-04-19,08:59:59,00:00:02
stefano.crapanzano@chu.ulg.ac.be,python - Setting pycharm run django unittest - Stack Overflow - Google Chrome,Tâches diverses,2021-04-19,09:02:26,00:00:02
stefano.crapanzano@chu.ulg.ac.be,(2) Tâches - To Do - Google Chrome,Tâches diverses,2021-04-19,08:39:54,00:00:04
stefano.crapanzano@chu.ulg.ac.be,Service MT - Google Chrome,Tâches diverses,2021-04-19,08:34:43,00:00:10
stefano.crapanzano@chu.ulg.ac.be,Service MT - Google Chrome,Tâches diverses,2021-04-19,08:36:03,00:00:10
stefano.crapanzano@chu.ulg.ac.be,Service MT - Google Chrome,Tâches diverses,2021-04-19,08:40:25,00:00:03
stefano.crapanzano@chu.ulg.ac.be,Service MT - Google Chrome,Tâches diverses,2021-04-19,08:40:50,00:04:44
stefano.crapanzano@chu.ulg.ac.be,Service MT - Google Chrome,Tâches diverses,2021-04-19,08:56:52,00:00:31
stefano.crapanzano@chu.ulg.ac.be,Service MT - Google Chrome,Tâches diverses,2021-04-19,09:02:33,00:00:19
stefano.crapanzano@chu.ulg.ac.be,Service MT - Google Chrome,Tâches diverses,2021-04-19,10:01:15,00:00:03
stefano.crapanzano@chu.ulg.ac.be,Service MT - Google Chrome,Tâches diverses,2021-04-19,10:01:41,00:00:09
stefano.crapanzano@chu.ulg.ac.be,Service MT - Google Chrome,Tâches diverses,2021-04-19,10:03:31,00:04:06
stefano.crapanzano@chu.ulg.ac.be,Service MT - Google Chrome,Helpdesk général,2021-04-19,10:09:03,00:00:02
stefano.crapanzano@chu.ulg.ac.be,Service MT - Google Chrome,Tâches diverses,2021-04-19,10:35:30,00:00:13
stefano.crapanzano@chu.ulg.ac.be,Service MT - Google Chrome,Tâches diverses,2021-04-19,10:40:03,00:00:19
stefano.crapanzano@chu.ulg.ac.be,Service MT - Google Chrome,Tâches diverses,2021-04-19,13:57:41,00:00:06
stefano.crapanzano@chu.ulg.ac.be,Service MT - Google Chrome,Tâches diverses,2021-04-19,14:27:17,00:00:02
stefano.crapanzano@chu.ulg.ac.be,Service MT - Google Chrome,Tâches diverses,2021-04-19,14:27:55,00:00:02
stefano.crapanzano@chu.ulg.ac.be,Identification - Google Chrome,Tâches diverses,2021-04-19,08:34:37,00:00:06
stefano.crapanzano@chu.ulg.ac.be,erp.sai - erp.sai@chuliege.be - Mozilla Thunderbird,Helpdesk général,2021-04-19,08:34:59,00:00:09
stefano.crapanzano@chu.ulg.ac.be,erp.sai - erp.sai@chuliege.be - Mozilla Thunderbird,Helpdesk général,2021-04-19,08:35:09,00:00:50
stefano.crapanzano@chu.ulg.ac.be,erp.sai - erp.sai@chuliege.be - Mozilla Thunderbird,Helpdesk général,2021-04-19,10:45:54,00:00:15
stefano.crapanzano@chu.ulg.ac.be,Bureau - Google Sheets - Google Chrome,Tâches diverses,2021-04-19,08:36:14,00:00:20
stefano.crapanzano@chu.ulg.ac.be,Bureau - Google Sheets - Google Chrome,Tâches diverses,2021-04-19,08:38:59,00:00:04
stefano.crapanzano@chu.ulg.ac.be,Bureau - Google Sheets - Google Chrome,Tâches diverses,2021-04-19,10:09:45,00:00:09
stefano.crapanzano@chu.ulg.ac.be,Demandes - Service d'assistance - Google Chrome,Tâches diverses,2021-04-19,08:36:37,00:00:06
stefano.crapanzano@chu.ulg.ac.be,Demandes - Service d'assistance - Google Chrome,Tâches diverses,2021-04-19,08:37:25,00:00:12
stefano.crapanzano@chu.ulg.ac.be,Demandes - Service d'assistance - Google Chrome,Tâches diverses,2021-04-19,08:38:55,00:00:03
stefano.crapanzano@chu.ulg.ac.be,Demandes - Service d'assistance - Google Chrome,Tâches diverses,2021-04-19,08:39:49,00:00:02
stefano.crapanzano@chu.ulg.ac.be,Demandes - Service d'assistance - Google Chrome,Tâches diverses,2021-04-19,09:41:27,00:01:14
stefano.crapanzano@chu.ulg.ac.be,Demandes - Service d'assistance - Google Chrome,Tâches diverses,2021-04-19,09:42:45,00:00:05
stefano.crapanzano@chu.ulg.ac.be,Demandes - Service d'assistance - Google Chrome,Tâches diverses,2021-04-19,09:42:56,00:00:14
stefano.crapanzano@chu.ulg.ac.be,Demandes - Service d'assistance - Google Chrome,Tâches diverses,2021-04-19,14:28:01,00:00:03
stefano.crapanzano@chu.ulg.ac.be,Demandes - Service d'assistance - Google Chrome,Tâches diverses,2021-04-19,14:28:14,00:00:09
stefano.crapanzano@chu.ulg.ac.be,Demandes - Service d'assistance - Google Chrome,Tâches diverses,2021-04-19,14:28:25,00:00:07
stefano.crapanzano@chu.ulg.ac.be,Demandes - Service d'assistance - Google Chrome,Tâches diverses,2021-04-19,15:48:53,00:00:02
stefano.crapanzano@chu.ulg.ac.be,P203 CHU GOAL - Blocage de SSP pendant plusieurs jours - Bienvenue! Vous pouvez poser une demande de Service Desk ERP for HealthCare parmi les options fournies. - Service d'assistance - Google Chrome,Tâches diverses,2021-04-19,08:36:43,00:00:33
stefano.crapanzano@chu.ulg.ac.be,P203 CHU GOAL - Blocage de SSP pendant plusieurs jours - Bienvenue! Vous pouvez poser une demande de Service Desk ERP for HealthCare parmi les options fournies. - Service d'assistance - Google Chrome,Tâches diverses,2021-04-19,08:37:21,00:00:03
stefano.crapanzano@chu.ulg.ac.be,Extended My Requests - All requests - Service Desk - Google Chrome,Tâches diverses,2021-04-19,09:43:12,00:00:16
stefano.crapanzano@chu.ulg.ac.be,Extended My Requests - All requests - Service Desk - Google Chrome,Tâches diverses,2021-04-19,09:43:33,00:00:08
stefano.crapanzano@chu.ulg.ac.be,Extended My Requests - All requests - Service Desk - Google Chrome,Tâches diverses,2021-04-19,09:43:53,00:00:08
stefano.crapanzano@chu.ulg.ac.be,Extended My Requests - All requests - Service Desk - Google Chrome,Tâches diverses,2021-04-19,09:44:13,00:00:05
stefano.crapanzano@chu.ulg.ac.be,Extended My Requests - All requests - Service Desk - Google Chrome,Tâches diverses,2021-04-19,09:44:27,00:00:07
stefano.crapanzano@chu.ulg.ac.be,Extended My Requests - All requests - Service Desk - Google Chrome,Tâches diverses,2021-04-19,09:44:39,00:00:31
stefano.crapanzano@chu.ulg.ac.be,Envoyés - erp.sai@chuliege.be - Mozilla Thunderbird,Helpdesk général,2021-04-19,08:37:42,00:00:02
stefano.crapanzano@chu.ulg.ac.be,Envoyés - erp.sai@chuliege.be - Mozilla Thunderbird,Helpdesk général,2021-04-19,08:37:54,00:00:30
stefano.crapanzano@chu.ulg.ac.be,Envoyés - erp.sai@chuliege.be - Mozilla Thunderbird,Helpdesk général,2021-04-19,09:02:11,00:00:06
stefano.crapanzano@chu.ulg.ac.be,Envoyés - erp.sai@chuliege.be - Mozilla Thunderbird,Helpdesk général,2021-04-19,09:36:01,00:02:25
stefano.crapanzano@chu.ulg.ac.be,Envoyés - erp.sai@chuliege.be - Mozilla Thunderbird,Helpdesk général,2021-04-19,09:44:19,00:00:07
stefano.crapanzano@chu.ulg.ac.be,Envoyés - erp.sai@chuliege.be - Mozilla Thunderbird,Helpdesk général,2021-04-19,09:55:26,00:00:02
stefano.crapanzano@chu.ulg.ac.be,Envoyés - erp.sai@chuliege.be - Mozilla Thunderbird,Helpdesk général,2021-04-19,17:19:39,00:01:14
stefano.crapanzano@chu.ulg.ac.be,Corbeille - erp.sai@chuliege.be - Mozilla Thunderbird,Helpdesk général,2021-04-19,08:37:44,00:00:09
stefano.crapanzano@chu.ulg.ac.be,Nouvel onglet - Google Chrome,Tâches diverses,2021-04-19,08:39:04,00:00:06
stefano.crapanzano@chu.ulg.ac.be,Nouvel onglet - Google Chrome,Tâches diverses,2021-04-19,08:45:36,00:00:02
stefano.crapanzano@chu.ulg.ac.be,Nouvel onglet - Google Chrome,Tâches diverses,2021-04-19,09:38:37,00:00:02
stefano.crapanzano@chu.ulg.ac.be,Nouvel onglet - Google Chrome,Tâches diverses,2021-04-19,09:39:26,00:00:07
stefano.crapanzano@chu.ulg.ac.be,Nouvel onglet - Google Chrome,Tâches diverses,2021-04-19,09:59:41,00:00:07
stefano.crapanzano@chu.ulg.ac.be,https://decis.chu.ulg.ac.be/STPNET/stpnetdll.dll/dQFN8gs2UKoOQNdnjARUha/$/ - Google Chrome,Tâches diverses,2021-04-19,08:39:10,00:00:02
stefano.crapanzano@chu.ulg.ac.be,https://decis.chu.ulg.ac.be/STPNET/stpnetdll.dll/dQFN8gs2UKoOQNdnjARUha/$/ - Google Chrome,Tâches diverses,2021-04-19,09:59:48,00:00:04
stefano.crapanzano@chu.ulg.ac.be,STP : planning - Google Chrome,Tâches diverses,2021-04-19,08:40:00,00:00:10
stefano.crapanzano@chu.ulg.ac.be,Planning équipes - Google Chrome,Tâches diverses,2021-04-19,08:39:16,00:00:02
stefano.crapanzano@chu.ulg.ac.be,Planning équipes - Google Chrome,Tâches diverses,2021-04-19,08:39:34,00:00:15
stefano.crapanzano@chu.ulg.ac.be,Planning équipes - Google Chrome,Tâches diverses,2021-04-19,09:59:57,00:01:18
stefano.crapanzano@chu.ulg.ac.be,Planning équipes - Google Chrome,Tâches diverses,2021-04-19,10:03:19,00:00:02
stefano.crapanzano@chu.ulg.ac.be,STP : congés - Google Chrome,Tâches diverses,2021-04-19,08:40:11,00:00:09
stefano.crapanzano@chu.ulg.ac.be,SAM-DB - Google Chrome,Tâches diverses,2021-04-19,09:00:02,00:00:31
stefano.crapanzano@chu.ulg.ac.be,SAM-DB - Google Chrome,Tâches diverses,2021-04-19,09:01:00,00:00:34
stefano.crapanzano@chu.ulg.ac.be,SAM-DB - Google Chrome,Tâches diverses,2021-04-19,09:02:29,00:00:03
stefano.crapanzano@chu.ulg.ac.be,SAM-DB - Google Chrome,Tâches diverses,2021-04-19,09:16:43,00:08:34
stefano.crapanzano@chu.ulg.ac.be,SAM-DB - Google Chrome,Tâches diverses,2021-04-19,09:25:38,00:00:03
stefano.crapanzano@chu.ulg.ac.be,SAM-DB - Google Chrome,Tâches diverses,2021-04-19,09:38:31,00:00:06
stefano.crapanzano@chu.ulg.ac.be,actions - Google Sheets - Google Chrome,Tâches diverses,2021-04-19,10:36:53,00:00:02
stefano.crapanzano@chu.ulg.ac.be,actions - Google Sheets - Google Chrome,Tâches diverses,2021-04-19,10:37:39,00:00:02
stefano.crapanzano@chu.ulg.ac.be,Mon Drive - Google Drive - Google Chrome,Tâches diverses,2021-04-19,10:09:05,00:00:09
stefano.crapanzano@chu.ulg.ac.be,Mon Drive - Google Drive - Google Chrome,Tâches diverses,2021-04-19,10:35:49,00:01:02
stefano.crapanzano@chu.ulg.ac.be,DBeaver 21.0.0 - <none> Script-6,Exploration SAP,2021-04-19,09:06:52,00:00:10
stefano.crapanzano@chu.ulg.ac.be,C:\Users\c158492\ProjetBoulot\PYTHON\automatic_toggl\app_logged.csv - Notepad++ [Administrator],IT,2021-04-19,08:40:37,00:00:08
stefano.crapanzano@chu.ulg.ac.be,C:\Users\c158492\ProjetBoulot\PYTHON\automatic_toggl\app_logged.csv - Notepad++ [Administrator],IT,2021-04-19,08:50:04,00:00:06
stefano.crapanzano@chu.ulg.ac.be,C:\Users\c158492\ProjetBoulot\PYTHON\automatic_toggl\app_logged.csv - Notepad++ [Administrator],IT,2021-04-19,10:17:19,00:00:02
stefano.crapanzano@chu.ulg.ac.be,C:\Users\c158492\ProjetBoulot\PYTHON\automatic_toggl\app_logged.csv - Notepad++ [Administrator],IT,2021-04-19,10:21:16,00:00:02
stefano.crapanzano@chu.ulg.ac.be,C:\Users\c158492\ProjetBoulot\PYTHON\automatic_toggl\app_logged.csv - Notepad++ [Administrator],IT,2021-04-19,10:21:59,00:00:02
stefano.crapanzano@chu.ulg.ac.be,Netop Invité,IT,2021-04-19,08:40:45,00:00:03
stefano.crapanzano@chu.ulg.ac.be,Netop Invité,Helpdesk général,2021-04-19,09:39:14,00:00:12
stefano.crapanzano@chu.ulg.ac.be,Netop Invité,Helpdesk général,2021-04-19,10:30:52,00:00:02
stefano.crapanzano@chu.ulg.ac.be,pycharm - Recherche Google - Google Chrome,Tâches diverses,2021-04-19,08:45:38,00:00:02
stefano.crapanzano@chu.ulg.ac.be,Télécharger PyCharm : IDE Python pour les développeurs professionnels par JetBrains - Google Chrome,Tâches diverses,2021-04-19,08:45:40,00:00:02
stefano.crapanzano@chu.ulg.ac.be,Merci d'avoir téléchargé PyCharm ! - Google Chrome,Tâches diverses,2021-04-19,08:45:43,00:00:13
stefano.crapanzano@chu.ulg.ac.be,Merci d'avoir téléchargé PyCharm ! - Google Chrome,Tâches diverses,2021-04-19,08:46:33,00:00:02
stefano.crapanzano@chu.ulg.ac.be,Merci d'avoir téléchargé PyCharm ! - Google Chrome,Tâches diverses,2021-04-19,08:46:37,00:00:02
stefano.crapanzano@chu.ulg.ac.be,Merci d'avoir téléchargé PyCharm ! - Google Chrome,Helpdesk général,2021-04-19,08:56:08,00:00:02
stefano.crapanzano@chu.ulg.ac.be,data:  - Google Chrome,Tâches diverses,2021-04-19,08:53:44,00:00:02
stefano.crapanzano@chu.ulg.ac.be,LABO - Stock article - Google Chrome,Tâches diverses,2021-04-19,08:53:30,00:00:14
stefano.crapanzano@chu.ulg.ac.be,LABO - Stock article - Google Chrome,Tâches diverses,2021-04-19,08:53:47,00:00:14
stefano.crapanzano@chu.ulg.ac.be,LABO - Stock article - Google Chrome,Tâches diverses,2021-04-19,08:54:12,00:00:09
stefano.crapanzano@chu.ulg.ac.be,LABO - Stock article - Google Chrome,Tâches diverses,2021-04-19,08:54:30,00:00:17
stefano.crapanzano@chu.ulg.ac.be,LABO - Stock article - Google Chrome,Tâches diverses,2021-04-19,08:55:07,00:00:02
stefano.crapanzano@chu.ulg.ac.be,Spotify Free,Tâches diverses,2021-04-19,08:54:06,00:00:04
stefano.crapanzano@chu.ulg.ac.be,CHU de Liège - Intranet - Google Chrome,Tâches diverses,2021-04-19,08:56:11,00:00:38
stefano.crapanzano@chu.ulg.ac.be,CHU de Liège - Intranet - Google Chrome,Tâches diverses,2021-04-19,10:09:54,00:00:03
stefano.crapanzano@chu.ulg.ac.be,SAM-DB : Blocage de SSP du 29/4 au 3/5 - Google Chrome,Tâches diverses,2021-04-19,08:57:28,00:02:31
stefano.crapanzano@chu.ulg.ac.be,SAM-DB : Impossible de se connecter à SAP via SAPGUI 750 sur portable Lenovo - Google Chrome,Tâches diverses,2021-04-19,09:00:34,00:00:26
stefano.crapanzano@chu.ulg.ac.be,2019 - erp.sai@chuliege.be - Mozilla Thunderbird,Helpdesk général,2021-04-19,09:01:56,00:00:15
stefano.crapanzano@chu.ulg.ac.be,SAP Logon 750,Exploration SAP,2021-04-19,09:02:53,00:00:02
stefano.crapanzano@chu.ulg.ac.be,SAP Logon 750,Exploration SAP,2021-04-19,16:21:34,00:00:07
stefano.crapanzano@chu.ulg.ac.be,SAP Easy Access Menu de base Applications financières-économiques,Exploration SAP,2021-04-19,09:02:56,00:00:08
stefano.crapanzano@chu.ulg.ac.be,SAP Easy Access Menu de base Applications financières-économiques,Exploration SAP,2021-04-19,09:04:16,00:00:02
stefano.crapanzano@chu.ulg.ac.be,SAP Easy Access Menu de base Applications financières-économiques,Exploration SAP,2021-04-19,09:13:16,00:00:06
stefano.crapanzano@chu.ulg.ac.be,SAP Easy Access Menu de base Applications financières-économiques,Exploration SAP,2021-04-19,09:32:39,00:00:08
stefano.crapanzano@chu.ulg.ac.be,SAP Easy Access Menu de base Applications financières-économiques,Exploration SAP,2021-04-19,09:33:28,00:00:03
stefano.crapanzano@chu.ulg.ac.be,SAP Easy Access Menu de base Applications financières-économiques,Exploration SAP,2021-04-19,10:02:34,00:00:23
stefano.crapanzano@chu.ulg.ac.be,SAP Easy Access Menu de base Applications financières-économiques,Exploration SAP,2021-04-19,16:02:12,00:00:07
stefano.crapanzano@chu.ulg.ac.be,SAP Easy Access Menu de base Applications financières-économiques,Exploration SAP,2021-04-19,16:21:41,00:00:02
stefano.crapanzano@chu.ulg.ac.be,SAP Easy Access Menu de base Applications financières-économiques,Exploration SAP,2021-04-19,16:22:09,00:00:03
stefano.crapanzano@chu.ulg.ac.be,SAP Easy Access Menu de base Applications financières-économiques,Exploration SAP,2021-04-19,16:23:02,00:00:04
stefano.crapanzano@chu.ulg.ac.be,SAP Easy Access Menu de base Applications financières-économiques,Exploration SAP,2021-04-19,16:23:31,00:00:09
stefano.crapanzano@chu.ulg.ac.be,SAP Easy Access Menu de base Applications financières-économiques,Exploration SAP,2021-04-19,16:43:43,00:00:08
stefano.crapanzano@chu.ulg.ac.be,SAP Easy Access Menu de base Applications financières-économiques,Exploration SAP,2021-04-19,16:43:52,00:00:07
stefano.crapanzano@chu.ulg.ac.be,SAP Easy Access Menu de base Applications financières-économiques,Exploration SAP,2021-04-19,16:45:26,00:00:07
stefano.crapanzano@chu.ulg.ac.be,SAP Easy Access Menu de base Applications financières-économiques,Exploration SAP,2021-04-19,16:46:02,00:00:04
stefano.crapanzano@chu.ulg.ac.be,SAP Easy Access Menu de base Applications financières-économiques,Exploration SAP,2021-04-19,16:46:17,00:00:02
stefano.crapanzano@chu.ulg.ac.be,SAP Easy Access Menu de base Applications financières-économiques,Exploration SAP,2021-04-19,16:46:34,00:00:03
stefano.crapanzano@chu.ulg.ac.be,SAP Easy Access Menu de base Applications financières-économiques,Exploration SAP,2021-04-19,16:47:22,00:00:19
stefano.crapanzano@chu.ulg.ac.be,Synthèse IDocs,Exploration SAP,2021-04-19,09:03:04,00:00:06
stefano.crapanzano@chu.ulg.ac.be,Synthèse IDocs,Exploration SAP,2021-04-19,09:16:21,00:00:02
stefano.crapanzano@chu.ulg.ac.be,Synthèse IDocs,Exploration SAP,2021-04-19,09:32:33,00:00:02
stefano.crapanzano@chu.ulg.ac.be,Synthèse IDocs,Exploration SAP,2021-04-19,09:33:32,00:00:15
stefano.crapanzano@chu.ulg.ac.be,Synthèse IDocs,Exploration SAP,2021-04-19,16:23:07,00:00:08
stefano.crapanzano@chu.ulg.ac.be,Synthèse IDocs,Exploration SAP,2021-04-19,16:46:19,00:00:04
stefano.crapanzano@chu.ulg.ac.be,Overzicht IDocs,Exploration SAP,2021-04-19,09:03:10,00:00:07
stefano.crapanzano@chu.ulg.ac.be,Overzicht IDocs,Exploration SAP,2021-04-19,09:13:57,00:00:02
stefano.crapanzano@chu.ulg.ac.be,Overzicht IDocs,Exploration SAP,2021-04-19,09:16:00,00:00:03
stefano.crapanzano@chu.ulg.ac.be,Overzicht IDocs,Exploration SAP,2021-04-19,09:32:35,00:00:03
stefano.crapanzano@chu.ulg.ac.be,Overzicht IDocs,Exploration SAP,2021-04-19,09:33:47,00:00:22
stefano.crapanzano@chu.ulg.ac.be,Overzicht IDocs,Exploration SAP,2021-04-19,16:23:16,00:00:04
stefano.crapanzano@chu.ulg.ac.be,Overzicht IDocs,Exploration SAP,2021-04-19,16:23:24,00:00:07
stefano.crapanzano@chu.ulg.ac.be,Overzicht IDocs,Exploration SAP,2021-04-19,16:24:14,00:00:15
stefano.crapanzano@chu.ulg.ac.be,Overzicht IDocs,Exploration SAP,2021-04-19,16:46:24,00:00:09
stefano.crapanzano@chu.ulg.ac.be,Overzicht IDocs,Exploration SAP,2021-04-19,16:47:46,00:00:02
stefano.crapanzano@chu.ulg.ac.be,Affichage de l'IDoc : 0000000000329798,Exploration SAP,2021-04-19,09:03:17,00:00:58
stefano.crapanzano@chu.ulg.ac.be,Affichage de l'IDoc : 0000000000329798,Exploration SAP,2021-04-19,09:04:30,00:00:06
stefano.crapanzano@chu.ulg.ac.be,Affichage de l'IDoc : 0000000000329798,Exploration SAP,2021-04-19,09:04:50,00:00:04
stefano.crapanzano@chu.ulg.ac.be,Affichage de l'IDoc : 0000000000329798,Exploration SAP,2021-04-19,09:05:14,00:00:15
stefano.crapanzano@chu.ulg.ac.be,Affichage de l'IDoc : 0000000000329798,Exploration SAP,2021-04-19,09:05:44,00:00:07
stefano.crapanzano@chu.ulg.ac.be,Affichage de l'IDoc : 0000000000329798,Exploration SAP,2021-04-19,09:05:54,00:00:05
stefano.crapanzano@chu.ulg.ac.be,Affichage de l'IDoc : 0000000000329798,Exploration SAP,2021-04-19,09:06:06,00:00:02
stefano.crapanzano@chu.ulg.ac.be,Affichage de l'IDoc : 0000000000329798,Exploration SAP,2021-04-19,09:06:11,00:00:02
stefano.crapanzano@chu.ulg.ac.be,Affichage de l'IDoc : 0000000000329798,Exploration SAP,2021-04-19,09:06:19,00:00:13
stefano.crapanzano@chu.ulg.ac.be,Affichage de l'IDoc : 0000000000329798,Exploration SAP,2021-04-19,09:06:47,00:00:04
stefano.crapanzano@chu.ulg.ac.be,Affichage de l'IDoc : 0000000000329798,Exploration SAP,2021-04-19,09:09:00,00:00:02
stefano.crapanzano@chu.ulg.ac.be,Affichage de l'IDoc : 0000000000329798,Exploration SAP,2021-04-19,09:09:35,00:00:03
stefano.crapanzano@chu.ulg.ac.be,Affichage de l'IDoc : 0000000000329798,Exploration SAP,2021-04-19,09:10:04,00:00:09
stefano.crapanzano@chu.ulg.ac.be,Affichage de l'IDoc : 0000000000329798,Exploration SAP,2021-04-19,09:10:20,00:00:09
stefano.crapanzano@chu.ulg.ac.be,Affichage de l'IDoc : 0000000000329798,Exploration SAP,2021-04-19,09:11:19,00:00:19
stefano.crapanzano@chu.ulg.ac.be,Affichage de l'IDoc : 0000000000329798,Helpdesk général,2021-04-19,09:11:44,00:00:02
stefano.crapanzano@chu.ulg.ac.be,Affichage de l'IDoc : 0000000000329798,Exploration SAP,2021-04-19,09:12:08,00:00:04
stefano.crapanzano@chu.ulg.ac.be,Affichage de l'IDoc : 0000000000329798,Tâches diverses,2021-04-19,09:12:14,00:00:02
stefano.crapanzano@chu.ulg.ac.be,Affichage de l'IDoc : 0000000000329798,Exploration SAP,2021-04-19,09:12:49,00:00:02
stefano.crapanzano@chu.ulg.ac.be,Affichage de l'IDoc : 0000000000329798,Exploration SAP,2021-04-19,09:13:09,00:00:07
stefano.crapanzano@chu.ulg.ac.be,Affichage de l'IDoc : 0000000000329798,Exploration SAP,2021-04-19,09:13:55,00:00:02
stefano.crapanzano@chu.ulg.ac.be,Affichage de l'IDoc : 0000000000329798,Exploration SAP,2021-04-19,09:32:50,00:00:11
stefano.crapanzano@chu.ulg.ac.be,Handling Unit Flow Monitor,Exploration SAP,2021-04-19,09:04:18,00:00:12
stefano.crapanzano@chu.ulg.ac.be,Handling Unit Flow Monitor,Exploration SAP,2021-04-19,09:04:36,00:00:13
stefano.crapanzano@chu.ulg.ac.be,Handling Unit Flow Monitor,Exploration SAP,2021-04-19,09:04:54,00:00:19
stefano.crapanzano@chu.ulg.ac.be,Handling Unit Flow Monitor,Exploration SAP,2021-04-19,09:06:03,00:00:03
stefano.crapanzano@chu.ulg.ac.be,Handling Unit Flow Monitor,Exploration SAP,2021-04-19,09:06:09,00:00:02
stefano.crapanzano@chu.ulg.ac.be,Handling Unit Flow Monitor,Exploration SAP,2021-04-19,09:06:13,00:00:06
stefano.crapanzano@chu.ulg.ac.be,Handling Unit Flow Monitor,Exploration SAP,2021-04-19,09:33:03,00:00:25
stefano.crapanzano@chu.ulg.ac.be,Handling Unit Flow Monitor,Exploration SAP,2021-04-19,10:02:18,00:00:15
stefano.crapanzano@chu.ulg.ac.be,Handling Unit Flow Monitor,Exploration SAP,2021-04-19,16:22:13,00:00:12
stefano.crapanzano@chu.ulg.ac.be,Handling Unit Flow Monitor,Exploration SAP,2021-04-19,16:22:26,00:00:36
stefano.crapanzano@chu.ulg.ac.be,Handling Unit Flow Monitor,Exploration SAP,2021-04-19,16:46:37,00:00:44
stefano.crapanzano@chu.ulg.ac.be,Handling Unit Flow Monitor,Exploration SAP,2021-04-19,16:47:41,00:00:03
stefano.crapanzano@chu.ulg.ac.be,Handling Unit Flow Monitor,Exploration SAP,2021-04-19,16:48:07,00:00:19
stefano.crapanzano@chu.ulg.ac.be,Iepacs - sftp://kofaxchu@iepacs.chu.ulg.ac.be - FileZilla,Helpdesk général,2021-04-19,09:10:42,00:00:10
stefano.crapanzano@chu.ulg.ac.be,Iepacs - sftp://kofaxchu@iepacs.chu.ulg.ac.be - FileZilla,Helpdesk général,2021-04-19,09:10:55,00:00:16
stefano.crapanzano@chu.ulg.ac.be,Iepacs - sftp://kofaxchu@iepacs.chu.ulg.ac.be - FileZilla,Helpdesk général,2021-04-19,09:32:19,00:00:02
stefano.crapanzano@chu.ulg.ac.be,Iepacs - sftp://kofaxchu@iepacs.chu.ulg.ac.be - FileZilla,Helpdesk général,2021-04-19,10:37:08,00:00:03
stefano.crapanzano@chu.ulg.ac.be,PE2_203 - sftp://PE2U2FTP@153.89.110.38 - FileZilla,Helpdesk général,2021-04-19,09:05:30,00:00:13
stefano.crapanzano@chu.ulg.ac.be,PE2_203 - sftp://PE2U2FTP@153.89.110.38 - FileZilla,Helpdesk général,2021-04-19,09:05:51,00:00:03
stefano.crapanzano@chu.ulg.ac.be,PE2_203 - sftp://PE2U2FTP@153.89.110.38 - FileZilla,Helpdesk général,2021-04-19,09:06:34,00:00:10
stefano.crapanzano@chu.ulg.ac.be,PE2_203 - sftp://PE2U2FTP@153.89.110.38 - FileZilla,Helpdesk général,2021-04-19,09:08:49,00:00:04
stefano.crapanzano@chu.ulg.ac.be,PE2_203 - sftp://PE2U2FTP@153.89.110.38 - FileZilla,Helpdesk général,2021-04-19,09:09:19,00:00:13
stefano.crapanzano@chu.ulg.ac.be,PE2_203 - sftp://PE2U2FTP@153.89.110.38 - FileZilla,Helpdesk général,2021-04-19,09:09:39,00:00:25
stefano.crapanzano@chu.ulg.ac.be,PE2_203 - sftp://PE2U2FTP@153.89.110.38 - FileZilla,Helpdesk général,2021-04-19,09:10:14,00:00:06
stefano.crapanzano@chu.ulg.ac.be,PE2_203 - sftp://PE2U2FTP@153.89.110.38 - FileZilla,Helpdesk général,2021-04-19,09:10:30,00:00:12
stefano.crapanzano@chu.ulg.ac.be,PE2_203 - sftp://PE2U2FTP@153.89.110.38 - FileZilla,Helpdesk général,2021-04-19,09:10:52,00:00:02
stefano.crapanzano@chu.ulg.ac.be,PE2_203 - sftp://PE2U2FTP@153.89.110.38 - FileZilla,Helpdesk général,2021-04-19,09:32:21,00:00:07
stefano.crapanzano@chu.ulg.ac.be,PE2_203 - sftp://PE2U2FTP@153.89.110.38 - FileZilla,Tâches diverses,2021-04-19,10:37:05,00:00:03
stefano.crapanzano@chu.ulg.ac.be,PE2_203 - sftp://PE2U2FTP@153.89.110.38 - FileZilla,Helpdesk général,2021-04-19,10:37:12,00:00:08
stefano.crapanzano@chu.ulg.ac.be,PE2_203 - sftp://PE2U2FTP@153.89.110.38 - FileZilla,Helpdesk général,2021-04-19,14:28:37,00:00:02
stefano.crapanzano@chu.ulg.ac.be,PE2_203 - sftp://PE2U2FTP@153.89.110.38 - FileZilla,Helpdesk général,2021-04-19,15:05:04,00:00:08
stefano.crapanzano@chu.ulg.ac.be,PE2_203 - sftp://PE2U2FTP@153.89.110.38 - FileZilla,Helpdesk général,2021-04-19,16:20:43,00:00:25
stefano.crapanzano@chu.ulg.ac.be,PE2_203 - sftp://PE2U2FTP@153.89.110.38 - FileZilla,Exploration SAP,2021-04-19,16:42:53,00:00:04
stefano.crapanzano@chu.ulg.ac.be,PE2_203 - sftp://PE2U2FTP@153.89.110.38 - FileZilla,IT,2021-04-19,16:45:02,00:00:02
stefano.crapanzano@chu.ulg.ac.be,Se connecter au serveur,IT,2021-04-19,09:07:47,00:00:02
stefano.crapanzano@chu.ulg.ac.be,Se connecter au serveur,IT,2021-04-19,09:07:54,00:00:02
stefano.crapanzano@chu.ulg.ac.be,Se connecter au serveur,IT,2021-04-19,09:07:59,00:00:06
stefano.crapanzano@chu.ulg.ac.be,C:\Users\c158492\AppData\Local\Temp\fz3temp-2\01114-20210416200011.txt - Notepad++ [Administrator],IT,2021-04-19,09:08:54,00:00:03
stefano.crapanzano@chu.ulg.ac.be,C:\Users\c158492\AppData\Local\Temp\fz3temp-2\01114-20210416200011.txt - Notepad++ [Administrator],IT,2021-04-19,09:09:02,00:00:09
stefano.crapanzano@chu.ulg.ac.be,*C:\Users\c158492\AppData\Local\Temp\fz3temp-2\01114-20210416200011.txt - Notepad++ [Administrator],IT,2021-04-19,09:09:12,00:00:03
stefano.crapanzano@chu.ulg.ac.be,Enregistrer sous,IT,2021-04-19,09:09:16,00:00:02
stefano.crapanzano@chu.ulg.ac.be,Enregistrer sous,Tâches diverses,2021-04-19,10:10:27,00:00:13
stefano.crapanzano@chu.ulg.ac.be,Enregistrer sous,Tâches diverses,2021-04-19,10:10:45,00:00:05
stefano.crapanzano@chu.ulg.ac.be,Enregistrer sous,Tâches diverses,2021-04-19,10:10:55,00:00:04
stefano.crapanzano@chu.ulg.ac.be,Enregistrer sous,Tâches diverses,2021-04-19,10:11:05,00:00:15
stefano.crapanzano@chu.ulg.ac.be,Enregistrer sous,Tâches diverses,2021-04-19,10:11:48,00:00:04
stefano.crapanzano@chu.ulg.ac.be,Enregistrer sous,Tâches diverses,2021-04-19,10:12:09,00:00:04
stefano.crapanzano@chu.ulg.ac.be,Enregistrer sous,Tâches diverses,2021-04-19,10:12:17,00:00:03
stefano.crapanzano@chu.ulg.ac.be,Enregistrer sous,Tâches diverses,2021-04-19,10:12:24,00:00:13
stefano.crapanzano@chu.ulg.ac.be,Enregistrer sous,Tâches diverses,2021-04-19,10:12:48,00:00:03
stefano.crapanzano@chu.ulg.ac.be,Enregistrer sous,Tâches diverses,2021-04-19,10:12:54,00:00:03
stefano.crapanzano@chu.ulg.ac.be,Enregistrer sous,Tâches diverses,2021-04-19,10:13:02,00:00:03
stefano.crapanzano@chu.ulg.ac.be,Enregistrer sous,Tâches diverses,2021-04-19,10:13:12,00:00:02
stefano.crapanzano@chu.ulg.ac.be,Enregistrer sous,Tâches diverses,2021-04-19,10:13:18,00:00:03
stefano.crapanzano@chu.ulg.ac.be,Enregistrer sous,Tâches diverses,2021-04-19,10:13:26,00:00:03
stefano.crapanzano@chu.ulg.ac.be,Enregistrer sous,Tâches diverses,2021-04-19,10:13:34,00:00:02
stefano.crapanzano@chu.ulg.ac.be,Enregistrer sous,Tâches diverses,2021-04-19,10:13:40,00:00:02
stefano.crapanzano@chu.ulg.ac.be,Enregistrer sous,Tâches diverses,2021-04-19,10:13:46,00:00:02
stefano.crapanzano@chu.ulg.ac.be,Enregistrer sous,Tâches diverses,2021-04-19,10:13:50,00:00:07
stefano.crapanzano@chu.ulg.ac.be,Enregistrer sous,Tâches diverses,2021-04-19,10:14:00,00:00:08
stefano.crapanzano@chu.ulg.ac.be,Enregistrer sous,Tâches diverses,2021-04-19,10:34:30,00:00:08
stefano.crapanzano@chu.ulg.ac.be,Enregistrer sous,IT,2021-04-19,16:44:58,00:00:02
stefano.crapanzano@chu.ulg.ac.be,C:\Users\c158492\Desktop\01114-20210416200011.txt - Notepad++ [Administrator],IT,2021-04-19,09:11:14,00:00:03
stefano.crapanzano@chu.ulg.ac.be,Greenshot capture form,Helpdesk général,2021-04-19,09:11:38,00:00:06
stefano.crapanzano@chu.ulg.ac.be,Greenshot capture form,Helpdesk général,2021-04-19,14:22:24,00:00:09
stefano.crapanzano@chu.ulg.ac.be,Lecture documentation,Tâches diverses,2021-04-19,09:11:46,00:00:02
stefano.crapanzano@chu.ulg.ac.be,Lecture documentation,Tâches diverses,2021-04-19,09:25:54,00:06:25
stefano.crapanzano@chu.ulg.ac.be,Lecture documentation,Tâches diverses,2021-04-19,09:34:33,00:00:28
stefano.crapanzano@chu.ulg.ac.be,Lecture documentation,Tâches diverses,2021-04-19,09:38:28,00:00:03
stefano.crapanzano@chu.ulg.ac.be,Lecture documentation,Tâches diverses,2021-04-19,09:59:12,00:00:02
stefano.crapanzano@chu.ulg.ac.be,Lecture documentation,Tâches diverses,2021-04-19,10:10:40,00:00:02
stefano.crapanzano@chu.ulg.ac.be,Lecture documentation,Tâches diverses,2021-04-19,10:10:51,00:00:04
stefano.crapanzano@chu.ulg.ac.be,Lecture documentation,Tâches diverses,2021-04-19,10:11:00,00:00:05
stefano.crapanzano@chu.ulg.ac.be,Lecture documentation,Tâches diverses,2021-04-19,10:11:21,00:00:03
stefano.crapanzano@chu.ulg.ac.be,Lecture documentation,Tâches diverses,2021-04-19,10:11:53,00:00:15
stefano.crapanzano@chu.ulg.ac.be,Lecture documentation,Tâches diverses,2021-04-19,10:12:13,00:00:03
stefano.crapanzano@chu.ulg.ac.be,Lecture documentation,Tâches diverses,2021-04-19,10:12:20,00:00:03
stefano.crapanzano@chu.ulg.ac.be,Lecture documentation,Tâches diverses,2021-04-19,10:12:37,00:00:11
stefano.crapanzano@chu.ulg.ac.be,Lecture documentation,Tâches diverses,2021-04-19,10:12:51,00:00:02
stefano.crapanzano@chu.ulg.ac.be,Lecture documentation,Tâches diverses,2021-04-19,10:12:57,00:00:04
stefano.crapanzano@chu.ulg.ac.be,Lecture documentation,Tâches diverses,2021-04-19,10:13:06,00:00:04
stefano.crapanzano@chu.ulg.ac.be,Lecture documentation,Tâches diverses,2021-04-19,10:13:15,00:00:02
stefano.crapanzano@chu.ulg.ac.be,Lecture documentation,Tâches diverses,2021-04-19,10:13:21,00:00:03
stefano.crapanzano@chu.ulg.ac.be,Lecture documentation,Tâches diverses,2021-04-19,10:13:29,00:00:03
stefano.crapanzano@chu.ulg.ac.be,Lecture documentation,Tâches diverses,2021-04-19,10:13:36,00:00:02
stefano.crapanzano@chu.ulg.ac.be,Lecture documentation,Tâches diverses,2021-04-19,10:13:42,00:00:02
stefano.crapanzano@chu.ulg.ac.be,Lecture documentation,Tâches diverses,2021-04-19,10:13:48,00:00:02
stefano.crapanzano@chu.ulg.ac.be,Lecture documentation,Tâches diverses,2021-04-19,10:17:46,00:00:04
stefano.crapanzano@chu.ulg.ac.be,Lecture documentation,Tâches diverses,2021-04-19,10:17:56,00:00:02
stefano.crapanzano@chu.ulg.ac.be,Lecture documentation,Tâches diverses,2021-04-19,10:44:32,00:00:02
stefano.crapanzano@chu.ulg.ac.be,Lecture documentation,Tâches diverses,2021-04-19,10:48:22,00:06:42
stefano.crapanzano@chu.ulg.ac.be,Lecture documentation,Tâches diverses,2021-04-19,10:55:11,00:05:00
stefano.crapanzano@chu.ulg.ac.be,Lecture documentation,Tâches diverses,2021-04-19,11:00:19,01:02:30
stefano.crapanzano@chu.ulg.ac.be,Lecture documentation,Tâches diverses,2021-04-19,12:02:50,00:03:04
stefano.crapanzano@chu.ulg.ac.be,Lecture documentation,Tâches diverses,2021-04-19,12:06:06,00:22:02
stefano.crapanzano@chu.ulg.ac.be,Lecture documentation,Tâches diverses,2021-04-19,12:28:56,01:23:28
stefano.crapanzano@chu.ulg.ac.be,Lecture documentation,Tâches diverses,2021-04-19,13:57:56,00:20:17
stefano.crapanzano@chu.ulg.ac.be,Lecture documentation,Tâches diverses,2021-04-19,14:28:39,00:01:29
stefano.crapanzano@chu.ulg.ac.be,Lecture documentation,Tâches diverses,2021-04-19,14:30:55,00:00:02
stefano.crapanzano@chu.ulg.ac.be,Lecture documentation,Tâches diverses,2021-04-19,14:31:45,00:00:03
stefano.crapanzano@chu.ulg.ac.be,Lecture documentation,Tâches diverses,2021-04-19,15:30:06,00:01:39
stefano.crapanzano@chu.ulg.ac.be,Lecture documentation,Tâches diverses,2021-04-19,15:36:06,00:00:18
stefano.crapanzano@chu.ulg.ac.be,Lecture documentation,Tâches diverses,2021-04-19,15:51:35,00:01:09
stefano.crapanzano@chu.ulg.ac.be,Lecture documentation,Tâches diverses,2021-04-19,15:52:46,00:00:03
stefano.crapanzano@chu.ulg.ac.be,Lecture documentation,Tâches diverses,2021-04-19,15:54:33,00:00:03
stefano.crapanzano@chu.ulg.ac.be,Lecture documentation,Tâches diverses,2021-04-19,15:57:33,00:00:12
stefano.crapanzano@chu.ulg.ac.be,Lecture documentation,Tâches diverses,2021-04-19,16:00:06,00:00:11
stefano.crapanzano@chu.ulg.ac.be,Lecture documentation,Tâches diverses,2021-04-19,16:50:18,00:00:02
stefano.crapanzano@chu.ulg.ac.be,ZORGI Help Center - Service d'assistance - Google Chrome,Tâches diverses,2021-04-19,09:11:51,00:00:02
stefano.crapanzano@chu.ulg.ac.be,Incident ERP for HealthCare - Bienvenue! Vous pouvez poser une demande de Service Desk ERP for HealthCare parmi les options fournies. - Service d'assistance - Google Chrome,Tâches diverses,2021-04-19,09:11:53,00:00:14
stefano.crapanzano@chu.ulg.ac.be,Incident ERP for HealthCare - Bienvenue! Vous pouvez poser une demande de Service Desk ERP for HealthCare parmi les options fournies. - Service d'assistance - Google Chrome,Tâches diverses,2021-04-19,09:12:16,00:00:32
stefano.crapanzano@chu.ulg.ac.be,Incident ERP for HealthCare - Bienvenue! Vous pouvez poser une demande de Service Desk ERP for HealthCare parmi les options fournies. - Service d'assistance - Google Chrome,Tâches diverses,2021-04-19,09:12:51,00:00:18
stefano.crapanzano@chu.ulg.ac.be,Incident ERP for HealthCare - Bienvenue! Vous pouvez poser une demande de Service Desk ERP for HealthCare parmi les options fournies. - Service d'assistance - Google Chrome,Tâches diverses,2021-04-19,09:13:44,00:00:09
stefano.crapanzano@chu.ulg.ac.be,Incident ERP for HealthCare - Bienvenue! Vous pouvez poser une demande de Service Desk ERP for HealthCare parmi les options fournies. - Service d'assistance - Google Chrome,Tâches diverses,2021-04-19,09:14:00,00:00:22
stefano.crapanzano@chu.ulg.ac.be,Incident ERP for HealthCare - Bienvenue! Vous pouvez poser une demande de Service Desk ERP for HealthCare parmi les options fournies. - Service d'assistance - Google Chrome,Tâches diverses,2021-04-19,09:14:26,00:00:43
stefano.crapanzano@chu.ulg.ac.be,Incident ERP for HealthCare - Bienvenue! Vous pouvez poser une demande de Service Desk ERP for HealthCare parmi les options fournies. - Service d'assistance - Google Chrome,Tâches diverses,2021-04-19,09:15:15,00:00:42
stefano.crapanzano@chu.ulg.ac.be,Afficher article (Initial Screen),Exploration SAP,2021-04-19,09:13:22,00:00:02
stefano.crapanzano@chu.ulg.ac.be,Afficher article 21604 (ARTICLE WM non valorisé),Exploration SAP,2021-04-19,09:13:28,00:00:02
stefano.crapanzano@chu.ulg.ac.be,Statut de l'article inter-divisions (3)    5 Entrées trouvées,Exploration SAP,2021-04-19,09:13:31,00:00:10
stefano.crapanzano@chu.ulg.ac.be,Ouvrir,Tâches diverses,2021-04-19,09:15:09,00:00:06
stefano.crapanzano@chu.ulg.ac.be,IDoc 329798 statut 51 car un article est en statut bloqué : toute la demande de réapprovisionnement est bloquée - Bienvenue! Vous pouvez poser une demande de Service Desk ERP for HealthCare parmi les options fournies. - Service d'assistance - Google Chrome,Tâches diverses,2021-04-19,09:16:06,00:00:10
stefano.crapanzano@chu.ulg.ac.be,IDoc 329798 statut 51 car un article est en statut bloqué : toute la demande de réapprovisionnement est bloquée - Bienvenue! Vous pouvez poser une demande de Service Desk ERP for HealthCare parmi les options fournies. - Service d'assistance - Google Chrome,Tâches diverses,2021-04-19,09:41:25,00:00:02
stefano.crapanzano@chu.ulg.ac.be,Affichage de l'IDoc : 0000000000321980,Exploration SAP,2021-04-19,09:34:13,00:00:17
stefano.crapanzano@chu.ulg.ac.be,Affichage de l'IDoc : 0000000000321980,Exploration SAP,2021-04-19,10:02:11,00:00:02
stefano.crapanzano@chu.ulg.ac.be,myCHU - Google Chrome,Tâches diverses,2021-04-19,09:38:40,00:00:33
stefano.crapanzano@chu.ulg.ac.be,myCHU - Google Chrome,Tâches diverses,2021-04-19,09:59:18,00:00:22
stefano.crapanzano@chu.ulg.ac.be,myCHU - Google Chrome,Tâches diverses,2021-04-19,10:03:21,00:00:03
stefano.crapanzano@chu.ulg.ac.be,myCHU - Google Chrome,Tâches diverses,2021-04-19,10:35:25,00:00:02
stefano.crapanzano@chu.ulg.ac.be,myCHU - Google Chrome,Tâches diverses,2021-04-19,15:48:58,00:00:13
stefano.crapanzano@chu.ulg.ac.be,myCHU - Google Chrome,Tâches diverses,2021-04-19,15:50:12,00:00:02
stefano.crapanzano@chu.ulg.ac.be,Helpdesk ATI - Db Hardware Prod - Google Chrome,Tâches diverses,2021-04-19,09:39:33,00:00:10
stefano.crapanzano@chu.ulg.ac.be,Helpdesk ATI - Db Hardware Prod - Google Chrome,Tâches diverses,2021-04-19,09:39:45,00:01:39
stefano.crapanzano@chu.ulg.ac.be,P203 CHU Problèmes d'affichage dans le Workflow Approval - Bienvenue! Vous pouvez poser une demande de Service Desk ERP for HealthCare parmi les options fournies. - Service d'assistance - Google Chrome,Tâches diverses,2021-04-19,09:42:42,00:00:03
stefano.crapanzano@chu.ulg.ac.be,P203 CHU Problèmes d'affichage dans le Workflow Approval - Bienvenue! Vous pouvez poser une demande de Service Desk ERP for HealthCare parmi les options fournies. - Service d'assistance - Google Chrome,Tâches diverses,2021-04-19,09:42:51,00:00:04
stefano.crapanzano@chu.ulg.ac.be,P203 CHU Problèmes d'affichage dans le Workflow Approval - Bienvenue! Vous pouvez poser une demande de Service Desk ERP for HealthCare parmi les options fournies. - Service d'assistance - Google Chrome,Tâches diverses,2021-04-19,09:44:01,00:00:11
stefano.crapanzano@chu.ulg.ac.be,P203 CHU Problèmes d'affichage dans le Workflow Approval - Bienvenue! Vous pouvez poser une demande de Service Desk ERP for HealthCare parmi les options fournies. - Service d'assistance - Google Chrome,Tâches diverses,2021-04-19,10:03:26,00:00:02
stefano.crapanzano@chu.ulg.ac.be,P203 Message d'erreur dans SSP pour réception marchandise ou reporting - Bienvenue! Vous pouvez poser une demande de Service Desk ERP for HealthCare parmi les options fournies. - Service d'assistance - Google Chrome,Tâches diverses,2021-04-19,09:43:29,00:00:03
stefano.crapanzano@chu.ulg.ac.be,P203 CHU Popup vide apparait constamment dans SSP - Bienvenue! Vous pouvez poser une demande de Service Desk ERP for HealthCare parmi les options fournies. - Service d'assistance - Google Chrome,Tâches diverses,2021-04-19,09:43:42,00:00:09
stefano.crapanzano@chu.ulg.ac.be,P203 CHU Problème d'affichage dans SSP - Bienvenue! Vous pouvez poser une demande de Service Desk ERP for HealthCare parmi les options fournies. - Service d'assistance - Google Chrome,Tâches diverses,2021-04-19,09:44:35,00:00:03
stefano.crapanzano@chu.ulg.ac.be,P203 CHU Popup vide dans SSP - Bienvenue! Vous pouvez poser une demande de Service Desk ERP for HealthCare parmi les options fournies. - Service d'assistance - Google Chrome,Tâches diverses,2021-04-19,09:45:11,00:01:19
stefano.crapanzano@chu.ulg.ac.be,P203 CHU Popup vide dans SSP - Bienvenue! Vous pouvez poser une demande de Service Desk ERP for HealthCare parmi les options fournies. - Service d'assistance - Google Chrome,Tâches diverses,2021-04-19,09:46:34,00:00:32
stefano.crapanzano@chu.ulg.ac.be,P203 CHU Popup vide dans SSP - Bienvenue! Vous pouvez poser une demande de Service Desk ERP for HealthCare parmi les options fournies. - Service d'assistance - Google Chrome,Tâches diverses,2021-04-19,09:48:03,00:07:22
stefano.crapanzano@chu.ulg.ac.be,P203 CHU Popup vide dans SSP - Bienvenue! Vous pouvez poser une demande de Service Desk ERP for HealthCare parmi les options fournies. - Service d'assistance - Google Chrome,Tâches diverses,2021-04-19,09:59:16,00:00:02
stefano.crapanzano@chu.ulg.ac.be,P203 CHU Popup vide dans SSP - Bienvenue! Vous pouvez poser une demande de Service Desk ERP for HealthCare parmi les options fournies. - Service d'assistance - Google Chrome,Tâches diverses,2021-04-19,14:27:58,00:00:03
stefano.crapanzano@chu.ulg.ac.be,Envoyés - stefano.crapanzano@chuliege.be - Mozilla Thunderbird,Helpdesk général,2021-04-19,10:08:18,00:00:04
stefano.crapanzano@chu.ulg.ac.be,Envoyés - stefano.crapanzano@chuliege.be - Mozilla Thunderbird,Helpdesk général,2021-04-19,10:09:00,00:00:02
stefano.crapanzano@chu.ulg.ac.be,Envoyés - stefano.crapanzano@chuliege.be - Mozilla Thunderbird,Helpdesk général,2021-04-19,10:11:25,00:00:02
stefano.crapanzano@chu.ulg.ac.be,Microsoft SQL Server Management Studio (Administrateur),IT,2021-04-19,10:08:25,00:00:02
stefano.crapanzano@chu.ulg.ac.be,Vannes chauffage - Google Sheets - Google Chrome,Tâches diverses,2021-04-19,10:09:16,00:00:27
stefano.crapanzano@chu.ulg.ac.be,uwMenu.jsp (CHUL) - Google Chrome,Tâches diverses,2021-04-19,10:10:03,00:00:02
stefano.crapanzano@chu.ulg.ac.be,jsp/fichepaie/MenuFichePaie.jsp (CHUL) - Google Chrome,Tâches diverses,2021-04-19,10:10:05,00:00:02
stefano.crapanzano@chu.ulg.ac.be,jsp/fichepaie/FichePaieFirmes2.jsp (CHUL) - Google Chrome,Tâches diverses,2021-04-19,10:10:08,00:00:03
stefano.crapanzano@chu.ulg.ac.be,jsp/fichepaie/FichePaieFirmes2.jsp (CHUL) - Google Chrome,Tâches diverses,2021-04-19,10:33:32,00:00:49
stefano.crapanzano@chu.ulg.ac.be,jsp/fichepaie/FichePaieFirmes2.jsp (CHUL) - Google Chrome,Tâches diverses,2021-04-19,10:34:40,00:00:45
stefano.crapanzano@chu.ulg.ac.be,DataWindow - Google Chrome,Tâches diverses,2021-04-19,10:10:12,00:00:14
stefano.crapanzano@chu.ulg.ac.be,DataWindow - Google Chrome,Tâches diverses,2021-04-19,10:34:22,00:00:08
stefano.crapanzano@chu.ulg.ac.be,C:\Users\c158492\Desktop\query acces par_ub.txt - Notepad++ [Administrator],IT,2021-04-19,10:16:15,00:00:09
stefano.crapanzano@chu.ulg.ac.be,C:\Users\c158492\Desktop\query_chl_erp_encours.sql - Notepad++ [Administrator],IT,2021-04-19,10:16:32,00:00:02
stefano.crapanzano@chu.ulg.ac.be,C:\Users\c158492\Desktop\test_zmmartikel\ZMMARTIKEL_test.txt - Notepad++ [Administrator],IT,2021-04-19,10:16:59,00:00:03
stefano.crapanzano@chu.ulg.ac.be,*new 1 - Notepad++ [Administrator],IT,2021-04-19,10:17:41,00:00:02
stefano.crapanzano@chu.ulg.ac.be,*new 1 - Notepad++ [Administrator],IT,2021-04-19,10:17:50,00:00:02
stefano.crapanzano@chu.ulg.ac.be,*new 1 - Notepad++ [Administrator],IT,2021-04-19,10:41:15,00:00:02
stefano.crapanzano@chu.ulg.ac.be,C:\Users\c158492\Desktop\v_goal_extract_articles.sql - Notepad++ [Administrator],IT,2021-04-19,10:18:08,00:00:06
stefano.crapanzano@chu.ulg.ac.be,idocs.xlsm - Excel,Tâches diverses,2021-04-19,10:18:40,00:00:04
stefano.crapanzano@chu.ulg.ac.be,Microsoft Visual Basic pour Applications - idocs.xlsm - [Module1 (Code)],Tâches diverses,2021-04-19,10:18:45,00:00:12
stefano.crapanzano@chu.ulg.ac.be,Règles cohérence.xlsx - Excel,Tâches diverses,2021-04-19,10:18:59,00:00:02
stefano.crapanzano@chu.ulg.ac.be,Règles cohérence.xlsx - Excel,Tâches diverses,2021-04-19,10:20:29,00:00:02
stefano.crapanzano@chu.ulg.ac.be,Règles cohérence.xlsx - Excel,Tâches diverses,2021-04-19,10:37:59,00:00:22
stefano.crapanzano@chu.ulg.ac.be,Règles cohérence.xlsx - Excel,Tâches diverses,2021-04-19,14:21:31,00:00:52
stefano.crapanzano@chu.ulg.ac.be,Règles cohérence.xlsx - Excel,Helpdesk général,2021-04-19,14:22:34,00:00:02
stefano.crapanzano@chu.ulg.ac.be,Règles cohérence.xlsx - Excel,Tâches diverses,2021-04-19,14:33:15,00:00:21
stefano.crapanzano@chu.ulg.ac.be,Règles cohérence.xlsx - Excel,Exploration SAP,2021-04-19,16:12:42,00:01:23
stefano.crapanzano@chu.ulg.ac.be,Règles cohérence.xlsx - Excel,Tâches diverses,2021-04-19,16:14:10,00:02:09
stefano.crapanzano@chu.ulg.ac.be,Règles cohérence.xlsx - Excel,Tâches diverses,2021-04-19,16:16:34,00:04:08
stefano.crapanzano@chu.ulg.ac.be,Règles cohérence.xlsx - Excel,Tâches diverses,2021-04-19,16:21:23,00:00:06
stefano.crapanzano@chu.ulg.ac.be,Règles cohérence.xlsx - Excel,Tâches diverses,2021-04-19,16:24:51,00:00:57
stefano.crapanzano@chu.ulg.ac.be,Règles cohérence.xlsx - Excel,Tâches diverses,2021-04-19,16:25:50,00:13:25
stefano.crapanzano@chu.ulg.ac.be,Règles cohérence.xlsx - Excel,Tâches diverses,2021-04-19,16:40:51,00:00:07
stefano.crapanzano@chu.ulg.ac.be,Règles cohérence.xlsx - Excel,Tâches diverses,2021-04-19,16:41:13,00:00:27
stefano.crapanzano@chu.ulg.ac.be,Règles cohérence.xlsx - Excel,Tâches diverses,2021-04-19,16:41:48,00:00:57
stefano.crapanzano@chu.ulg.ac.be,Règles cohérence.xlsx - Excel,Tâches diverses,2021-04-19,16:48:29,00:01:46
stefano.crapanzano@chu.ulg.ac.be,Règles cohérence.xlsx - Excel,Tâches diverses,2021-04-19,16:50:20,00:00:02
stefano.crapanzano@chu.ulg.ac.be,Règles cohérence.xlsx - Excel,Tâches diverses,2021-04-19,16:50:45,00:00:58
stefano.crapanzano@chu.ulg.ac.be,Règles cohérence.xlsx - Excel,Tâches diverses,2021-04-19,17:20:56,00:00:45
stefano.crapanzano@chu.ulg.ac.be,Règles cohérence.xlsx - Excel,Tâches diverses,2021-04-19,17:21:51,00:02:01
stefano.crapanzano@chu.ulg.ac.be,C:\Users\c158492\Desktop\code.txt - Notepad++ [Administrator],IT,2021-04-19,10:21:01,00:00:05
stefano.crapanzano@chu.ulg.ac.be,C:\Users\c158492\Desktop\dispatch.txt - Notepad++ [Administrator],IT,2021-04-19,10:21:13,00:00:02
stefano.crapanzano@chu.ulg.ac.be,C:\Users\c158492\Desktop\config.xml - Notepad++ [Administrator],IT,2021-04-19,10:21:49,00:00:03
stefano.crapanzano@chu.ulg.ac.be,Démarrer,IT,2021-04-19,10:21:53,00:00:02
stefano.crapanzano@chu.ulg.ac.be,Connexion à l'aide de l'authentification Windows,Helpdesk général,2021-04-19,10:30:56,00:00:03
stefano.crapanzano@chu.ulg.ac.be,erpftp - Netop Remote Control,Helpdesk général,2021-04-19,10:31:01,00:00:28
stefano.crapanzano@chu.ulg.ac.be,(3) Tâches - To Do - Google Chrome,Tâches diverses,2021-04-19,10:35:43,00:00:06
stefano.crapanzano@chu.ulg.ac.be,SVN_LOCAL – CHL_ERP_EXTRACT_ZMMARTIKEL.pl [SVN_LOCAL] (Administrator),IT,2021-04-19,10:37:21,00:00:18
stefano.crapanzano@chu.ulg.ac.be,Modifier la tâche : test,Helpdesk général,2021-04-19,10:38:49,00:00:07
stefano.crapanzano@chu.ulg.ac.be,Modifier la tâche : test,Helpdesk général,2021-04-19,10:39:01,00:00:02
stefano.crapanzano@chu.ulg.ac.be,Modifier la tâche : test,Helpdesk général,2021-04-19,10:39:19,00:00:02
stefano.crapanzano@chu.ulg.ac.be,Modifier la tâche : test,Helpdesk général,2021-04-19,10:39:33,00:00:08
stefano.crapanzano@chu.ulg.ac.be,Modifier la répétition,Helpdesk général,2021-04-19,10:38:56,00:00:04
stefano.crapanzano@chu.ulg.ac.be,Conflit de modification de l’élément,Helpdesk général,2021-04-19,10:39:03,00:00:03
stefano.crapanzano@chu.ulg.ac.be,I:\Informatique\ERP\Exploitation\SURVEILLANCE\ZI103\zi103_2021_04_19_05_00_00.csv - Notepad++ [Administrator],IT,2021-04-19,10:40:53,00:00:03
stefano.crapanzano@chu.ulg.ac.be,*new 2 - Notepad++ [Administrator],IT,2021-04-19,10:40:59,00:00:02
stefano.crapanzano@chu.ulg.ac.be,C:\Users\c158492\ProjetBoulot\SVN_LOCAL\PERL\ERP\CHL_ERP_ZI103_MONITORING.pl - Notepad++ [Administrator],IT,2021-04-19,10:41:04,00:00:02
stefano.crapanzano@chu.ulg.ac.be,C:\Users\c158492\ProjetBoulot\EXCEL\macro\recherche_hierarchie_sap_scanfields.vba - Notepad++ [Administrator],IT,2021-04-19,10:41:07,00:00:02
stefano.crapanzano@chu.ulg.ac.be,C:\gitea\custom\conf\app.ini - Notepad++ [Administrator],IT,2021-04-19,10:41:19,00:00:02
stefano.crapanzano@chu.ulg.ac.be,new 1 - Notepad++ [Administrator],IT,2021-04-19,10:41:21,00:00:02
stefano.crapanzano@chu.ulg.ac.be,Notepad++ update,IT,2021-04-19,10:42:30,00:00:02
stefano.crapanzano@chu.ulg.ac.be,C:\PGM\Notepad++\change.log - Notepad++ [Administrator],IT,2021-04-19,10:42:43,00:00:02
stefano.crapanzano@chu.ulg.ac.be,\\ERPFTP.st.chulg\ERP\Tasks\backup\RAPPORT_DEPASSEMENT_DOTATION - Notepad++ [Administrator],IT,2021-04-19,10:42:45,00:00:06
stefano.crapanzano@chu.ulg.ac.be,\\ERPFTP.st.chulg\ERP\Tasks\copy_tasks.bat - Notepad++ [Administrator],IT,2021-04-19,10:43:06,00:00:09
stefano.crapanzano@chu.ulg.ac.be,2 Traité - erp.sai@chuliege.be - Mozilla Thunderbird,Helpdesk général,2021-04-19,10:46:10,00:00:04
stefano.crapanzano@chu.ulg.ac.be,oops - Mozilla Thunderbird,Helpdesk général,2021-04-19,10:46:18,00:00:27
stefano.crapanzano@chu.ulg.ac.be,oops - Mozilla Thunderbird,Helpdesk général,2021-04-19,10:46:50,00:00:27
stefano.crapanzano@chu.ulg.ac.be,Options - Mozilla Thunderbird,Helpdesk général,2021-04-19,10:47:25,00:00:02
stefano.crapanzano@chu.ulg.ac.be,Options - Mozilla Thunderbird,Helpdesk général,2021-04-19,10:47:56,00:00:02
stefano.crapanzano@chu.ulg.ac.be,Gestionnaire de modules complémentaires - Mozilla Thunderbird,Helpdesk général,2021-04-19,10:47:28,00:00:26
stefano.crapanzano@chu.ulg.ac.be,Gestionnaire de modules complémentaires - Mozilla Thunderbird,Helpdesk général,2021-04-19,10:47:59,00:00:15
stefano.crapanzano@chu.ulg.ac.be,Modules pour Thunderbird - Mozilla Thunderbird,Helpdesk général,2021-04-19,10:48:16,00:00:05
stefano.crapanzano@chu.ulg.ac.be,Modules pour Thunderbird - Mozilla Thunderbird,Helpdesk général,2021-04-19,13:57:47,00:00:02
stefano.crapanzano@chu.ulg.ac.be,1 rappel,Helpdesk général,2021-04-19,10:55:08,00:00:03
stefano.crapanzano@chu.ulg.ac.be,1 rappel,Helpdesk général,2021-04-19,11:00:12,00:00:06
stefano.crapanzano@chu.ulg.ac.be,Comparaison des catalogues - Mozilla Thunderbird,Helpdesk général,2021-04-19,13:52:38,00:04:56
stefano.crapanzano@chu.ulg.ac.be,Comparaison des catalogues - Mozilla Thunderbird,Helpdesk général,2021-04-19,13:57:50,00:00:03
stefano.crapanzano@chu.ulg.ac.be,Comparaison des catalogues - Mozilla Thunderbird,Helpdesk général,2021-04-19,14:18:13,00:00:43
stefano.crapanzano@chu.ulg.ac.be,Comparaison des catalogues - Mozilla Thunderbird,Helpdesk général,2021-04-19,14:27:20,00:00:02
stefano.crapanzano@chu.ulg.ac.be,Comparaison des catalogues - Mozilla Thunderbird,Helpdesk général,2021-04-19,14:27:30,00:00:02
stefano.crapanzano@chu.ulg.ac.be,Comparaison des catalogues - Mozilla Thunderbird,Helpdesk général,2021-04-19,14:27:34,00:00:02
stefano.crapanzano@chu.ulg.ac.be,Rédaction : Fwd: Comparaison des catalogues - Thunderbird,Helpdesk général,2021-04-19,14:18:57,00:00:08
stefano.crapanzano@chu.ulg.ac.be,Rédaction : Fwd: Comparaison des catalogues - Thunderbird,Helpdesk général,2021-04-19,14:19:13,00:00:14
stefano.crapanzano@chu.ulg.ac.be,Rédaction : Fwd: Comparaison des catalogues - Thunderbird,Helpdesk général,2021-04-19,14:20:13,00:00:07
stefano.crapanzano@chu.ulg.ac.be,Rédaction : Fwd: Comparaison des catalogues - Thunderbird,Helpdesk général,2021-04-19,14:20:24,00:00:14
stefano.crapanzano@chu.ulg.ac.be,Rédaction : Fwd: Comparaison des catalogues - Thunderbird,Helpdesk général,2021-04-19,14:20:41,00:00:07
stefano.crapanzano@chu.ulg.ac.be,Rédaction : Fwd: Comparaison des catalogues - Thunderbird,Helpdesk général,2021-04-19,14:20:49,00:00:08
stefano.crapanzano@chu.ulg.ac.be,Rédaction : Fwd: Comparaison des catalogues - Thunderbird,Helpdesk général,2021-04-19,14:21:00,00:00:29
stefano.crapanzano@chu.ulg.ac.be,Rédaction : Fwd: Comparaison des catalogues - Thunderbird,Tâches diverses,2021-04-19,14:22:36,00:00:08
stefano.crapanzano@chu.ulg.ac.be,Rédaction : Fwd: Comparaison des catalogues - Thunderbird,Helpdesk général,2021-04-19,14:22:47,00:00:44
stefano.crapanzano@chu.ulg.ac.be,Rédaction : Fwd: Comparaison des catalogues - Thunderbird,Helpdesk général,2021-04-19,14:23:42,00:00:04
stefano.crapanzano@chu.ulg.ac.be,Rédaction : Fwd: Comparaison des catalogues - Thunderbird,Helpdesk général,2021-04-19,14:23:48,00:00:06
stefano.crapanzano@chu.ulg.ac.be,Rédaction : Fwd: Comparaison des catalogues - Thunderbird,Helpdesk général,2021-04-19,14:23:56,00:00:03
stefano.crapanzano@chu.ulg.ac.be,Rédaction : Fwd: Comparaison des catalogues - Thunderbird,Helpdesk général,2021-04-19,14:24:01,00:00:03
stefano.crapanzano@chu.ulg.ac.be,Rédaction : Fwd: Comparaison des catalogues - Thunderbird,Helpdesk général,2021-04-19,14:24:06,00:00:03
stefano.crapanzano@chu.ulg.ac.be,Rédaction : Fwd: Comparaison des catalogues - Thunderbird,Helpdesk général,2021-04-19,14:24:12,00:00:22
stefano.crapanzano@chu.ulg.ac.be,Rédaction : Fwd: Comparaison des catalogues - Thunderbird,Helpdesk général,2021-04-19,14:24:36,00:00:08
stefano.crapanzano@chu.ulg.ac.be,Rédaction : Fwd: Comparaison des catalogues - Thunderbird,Helpdesk général,2021-04-19,14:24:47,00:02:28
stefano.crapanzano@chu.ulg.ac.be,Rédaction : Fwd: Comparaison des catalogues - Thunderbird,Helpdesk général,2021-04-19,14:27:40,00:00:15
stefano.crapanzano@chu.ulg.ac.be,Rédaction : Fwd: Comparaison des catalogues - Thunderbird,Helpdesk général,2021-04-19,14:30:38,00:00:04
stefano.crapanzano@chu.ulg.ac.be,Rédaction : Fwd: Comparaison des catalogues - Thunderbird,Helpdesk général,2021-04-19,14:32:20,00:00:36
stefano.crapanzano@chu.ulg.ac.be,Rédaction : Fwd: Comparaison des catalogues - Thunderbird,Helpdesk général,2021-04-19,14:33:12,00:00:02
stefano.crapanzano@chu.ulg.ac.be,Rédaction : Fwd: Comparaison des catalogues - Thunderbird,Helpdesk général,2021-04-19,14:33:41,00:03:37
stefano.crapanzano@chu.ulg.ac.be,Rédaction : Fwd: Comparaison des catalogues - Thunderbird,Helpdesk général,2021-04-19,14:40:55,00:10:32
stefano.crapanzano@chu.ulg.ac.be,Rédaction : Fwd: Comparaison des catalogues - Thunderbird,Helpdesk général,2021-04-19,14:53:17,00:00:57
stefano.crapanzano@chu.ulg.ac.be,Rédaction : Fwd: Comparaison des catalogues - Thunderbird,Helpdesk général,2021-04-19,15:06:28,00:14:24
stefano.crapanzano@chu.ulg.ac.be,Rédaction : Fwd: Comparaison des catalogues - Thunderbird,Helpdesk général,2021-04-19,15:54:50,00:00:02
stefano.crapanzano@chu.ulg.ac.be,Couleur du texte,Helpdesk général,2021-04-19,14:19:05,00:00:03
stefano.crapanzano@chu.ulg.ac.be,Couleur du texte,Helpdesk général,2021-04-19,14:19:11,00:00:02
stefano.crapanzano@chu.ulg.ac.be,Couleur du texte,Helpdesk général,2021-04-19,14:20:39,00:00:02
stefano.crapanzano@chu.ulg.ac.be,Couleur du texte,Helpdesk général,2021-04-19,14:20:58,00:00:02
stefano.crapanzano@chu.ulg.ac.be,Couleur du texte,Helpdesk général,2021-04-19,14:22:44,00:00:02
stefano.crapanzano@chu.ulg.ac.be,Couleur du texte,Helpdesk général,2021-04-19,14:23:40,00:00:02
stefano.crapanzano@chu.ulg.ac.be,Couleur du texte,Helpdesk général,2021-04-19,14:23:54,00:00:02
stefano.crapanzano@chu.ulg.ac.be,Couleur du texte,Helpdesk général,2021-04-19,14:24:44,00:00:02
stefano.crapanzano@chu.ulg.ac.be,Couleurs,Helpdesk général,2021-04-19,14:19:09,00:00:02
stefano.crapanzano@chu.ulg.ac.be,Couleurs,Helpdesk général,2021-04-19,14:23:32,00:00:07
stefano.crapanzano@chu.ulg.ac.be,DBeaver 21.0.0 - <none> Script,Helpdesk général,2021-04-19,17:19:01,00:00:02
stefano.crapanzano@chu.ulg.ac.be,P203 CHU Statut eroné des chariots lors du zwm_pickup - Bienvenue! Vous pouvez poser une demande de Service Desk ERP for HealthCare parmi les options fournies. - Service d'assistance - Google Chrome,Tâches diverses,2021-04-19,14:28:05,00:00:09
stefano.crapanzano@chu.ulg.ac.be,Lifesize,Helpdesk général,2021-04-19,15:55:46,00:00:30
stefano.crapanzano@chu.ulg.ac.be,Lifesize,Tâches diverses,2021-04-19,16:16:32,00:00:02
stefano.crapanzano@chu.ulg.ac.be,Fwd: Comparaison des catalogues - Mozilla Thunderbird,Helpdesk général,2021-04-19,15:32:43,00:00:02
stefano.crapanzano@chu.ulg.ac.be,Fwd: Comparaison des catalogues - Mozilla Thunderbird,Helpdesk général,2021-04-19,15:35:01,00:00:03
stefano.crapanzano@chu.ulg.ac.be,Fwd: Comparaison des catalogues - Mozilla Thunderbird,Helpdesk général,2021-04-19,15:48:33,00:00:02
stefano.crapanzano@chu.ulg.ac.be,Fwd: Comparaison des catalogues - Mozilla Thunderbird,Helpdesk général,2021-04-19,15:53:05,00:00:24
stefano.crapanzano@chu.ulg.ac.be,Rédaction : Re: Comparaison des catalogues - Thunderbird,Helpdesk général,2021-04-19,15:32:45,00:02:14
stefano.crapanzano@chu.ulg.ac.be,Rédaction : Re: Comparaison des catalogues - Thunderbird,Helpdesk général,2021-04-19,15:35:05,00:00:16
stefano.crapanzano@chu.ulg.ac.be,Rédaction : Re: Comparaison des catalogues - Thunderbird,Helpdesk général,2021-04-19,15:35:24,00:00:20
stefano.crapanzano@chu.ulg.ac.be,Rédaction : Re: Comparaison des catalogues - Thunderbird,Helpdesk général,2021-04-19,15:36:25,00:01:04
stefano.crapanzano@chu.ulg.ac.be,Rédaction : Re: Comparaison des catalogues - Thunderbird,Helpdesk général,2021-04-19,15:37:32,00:10:59
stefano.crapanzano@chu.ulg.ac.be,Rédaction : Re: Comparaison des catalogues - Thunderbird,Helpdesk général,2021-04-19,15:48:35,00:00:18
stefano.crapanzano@chu.ulg.ac.be,Rédaction : Re: Comparaison des catalogues - Thunderbird,Helpdesk général,2021-04-19,15:49:11,00:00:40
stefano.crapanzano@chu.ulg.ac.be,Rédaction : Re: Comparaison des catalogues - Thunderbird,Helpdesk général,2021-04-19,15:49:54,00:00:18
stefano.crapanzano@chu.ulg.ac.be,Rédaction : Re: Comparaison des catalogues - Thunderbird,Helpdesk général,2021-04-19,15:50:16,00:01:16
stefano.crapanzano@chu.ulg.ac.be,Rédaction : Re: Comparaison des catalogues - Thunderbird,Helpdesk général,2021-04-19,15:52:44,00:00:02
stefano.crapanzano@chu.ulg.ac.be,Rédaction : Re: Comparaison des catalogues - Thunderbird,Helpdesk général,2021-04-19,15:52:50,00:00:14
stefano.crapanzano@chu.ulg.ac.be,Rédaction : Re: Comparaison des catalogues - Thunderbird,Helpdesk général,2021-04-19,15:54:54,00:00:04
stefano.crapanzano@chu.ulg.ac.be,Rédaction : Re: Comparaison des catalogues - Thunderbird,Helpdesk général,2021-04-19,15:55:00,00:00:07
stefano.crapanzano@chu.ulg.ac.be,Rédaction : Re: Comparaison des catalogues - Thunderbird,Helpdesk général,2021-04-19,15:55:37,00:00:09
stefano.crapanzano@chu.ulg.ac.be,Rédaction : Re: Comparaison des catalogues - Thunderbird,Helpdesk général,2021-04-19,15:56:16,00:01:16
stefano.crapanzano@chu.ulg.ac.be,Rédaction : Re: Comparaison des catalogues - Thunderbird,Helpdesk général,2021-04-19,15:58:04,00:00:03
stefano.crapanzano@chu.ulg.ac.be,Rédaction : Re: Comparaison des catalogues - Thunderbird,Helpdesk général,2021-04-19,15:58:28,00:00:20
stefano.crapanzano@chu.ulg.ac.be,Rédaction : Re: Comparaison des catalogues - Thunderbird,Helpdesk général,2021-04-19,15:59:04,00:00:36
stefano.crapanzano@chu.ulg.ac.be,Rédaction : Re: Comparaison des catalogues - Thunderbird,Helpdesk général,2021-04-19,15:59:46,00:00:06
stefano.crapanzano@chu.ulg.ac.be,Rédaction : Re: Comparaison des catalogues - Thunderbird,Helpdesk général,2021-04-19,16:00:30,00:00:21
stefano.crapanzano@chu.ulg.ac.be,Rédaction : Re: Comparaison des catalogues - Thunderbird,Helpdesk général,2021-04-19,16:01:21,00:00:23
stefano.crapanzano@chu.ulg.ac.be,Rédaction : Re: Comparaison des catalogues - Thunderbird,Helpdesk général,2021-04-19,16:04:18,00:00:31
stefano.crapanzano@chu.ulg.ac.be,Rédaction : Re: Comparaison des catalogues - Thunderbird,Helpdesk général,2021-04-19,16:04:54,00:02:16
stefano.crapanzano@chu.ulg.ac.be,Rédaction : Re: Comparaison des catalogues - Thunderbird,Helpdesk général,2021-04-19,16:07:47,00:01:08
stefano.crapanzano@chu.ulg.ac.be,Rédaction : Re: Comparaison des catalogues - Thunderbird,Tâches diverses,2021-04-19,16:40:59,00:00:14
stefano.crapanzano@chu.ulg.ac.be,Rédaction : Re: Comparaison des catalogues - Thunderbird,Helpdesk général,2021-04-19,16:50:27,00:00:16
stefano.crapanzano@chu.ulg.ac.be,Rédaction : Re: Comparaison des catalogues - Thunderbird,Helpdesk général,2021-04-19,16:51:44,00:00:06
stefano.crapanzano@chu.ulg.ac.be,Rédaction : Re: Comparaison des catalogues - Thunderbird,Helpdesk général,2021-04-19,16:51:53,00:16:52
stefano.crapanzano@chu.ulg.ac.be,Rédaction : Re: Comparaison des catalogues - Thunderbird,Helpdesk général,2021-04-19,17:08:58,00:09:58
stefano.crapanzano@chu.ulg.ac.be,tomsin - Mozilla Thunderbird,Helpdesk général,2021-04-19,15:53:33,00:00:13
stefano.crapanzano@chu.ulg.ac.be,tomsin - Mozilla Thunderbird,Helpdesk général,2021-04-19,15:53:49,00:00:06
stefano.crapanzano@chu.ulg.ac.be,tomsin - Mozilla Thunderbird,Helpdesk général,2021-04-19,15:53:58,00:00:15
stefano.crapanzano@chu.ulg.ac.be,GOAL : comparaison des articles - Mozilla Thunderbird,Helpdesk général,2021-04-19,15:53:46,00:00:02
stefano.crapanzano@chu.ulg.ac.be,GOAL : comparaison des articles - Mozilla Thunderbird,Helpdesk général,2021-04-19,15:53:55,00:00:03
stefano.crapanzano@chu.ulg.ac.be,Re : RE: comparaison articles GLIMS / SAP - Mozilla Thunderbird,Helpdesk général,2021-04-19,15:54:14,00:00:19
stefano.crapanzano@chu.ulg.ac.be,Afficher article 500620 (ARTICLE WM Stock),Exploration SAP,2021-04-19,16:01:46,00:00:26
stefano.crapanzano@chu.ulg.ac.be,Afficher article 500620 (ARTICLE WM Stock),Exploration SAP,2021-04-19,16:03:00,00:00:07
stefano.crapanzano@chu.ulg.ac.be,Afficher article 500620 (ARTICLE WM Stock),Exploration SAP,2021-04-19,16:03:46,00:00:16
stefano.crapanzano@chu.ulg.ac.be,Afficher article 500620 (ARTICLE WM Stock),Exploration SAP,2021-04-19,16:07:14,00:00:14
stefano.crapanzano@chu.ulg.ac.be,Afficher article 500620 (ARTICLE WM Stock),Exploration SAP,2021-04-19,16:09:27,00:00:02
stefano.crapanzano@chu.ulg.ac.be,Afficher article 500620 (ARTICLE WM Stock),Exploration SAP,2021-04-19,16:09:31,00:03:02
stefano.crapanzano@chu.ulg.ac.be,Afficher article 500620 (ARTICLE WM Stock),Exploration SAP,2021-04-19,16:12:35,00:00:07
stefano.crapanzano@chu.ulg.ac.be,Afficher article 500620 (ARTICLE WM Stock),Exploration SAP,2021-04-19,16:14:07,00:00:03
stefano.crapanzano@chu.ulg.ac.be,Afficher article 500620 (ARTICLE WM Stock),Exploration SAP,2021-04-19,16:43:01,00:00:04
stefano.crapanzano@chu.ulg.ac.be,Exporter/importer Lien entre article-centre de coûts et quantité,Exploration SAP,2021-04-19,16:02:19,00:00:10
stefano.crapanzano@chu.ulg.ac.be,Exporter/importer Lien entre article-centre de coûts et quantité,Exploration SAP,2021-04-19,16:02:32,00:00:28
stefano.crapanzano@chu.ulg.ac.be,Exporter/importer Lien entre article-centre de coûts et quantité,Exploration SAP,2021-04-19,16:03:08,00:00:38
stefano.crapanzano@chu.ulg.ac.be,Exporter/importer Lien entre article-centre de coûts et quantité,Exploration SAP,2021-04-19,16:04:03,00:00:15
stefano.crapanzano@chu.ulg.ac.be,Exporter/importer Lien entre article-centre de coûts et quantité,Exploration SAP,2021-04-19,16:04:50,00:00:04
stefano.crapanzano@chu.ulg.ac.be,Exporter/importer Lien entre article-centre de coûts et quantité,Exploration SAP,2021-04-19,16:07:28,00:00:18
stefano.crapanzano@chu.ulg.ac.be,Exporter/importer Lien entre article-centre de coûts et quantité,Exploration SAP,2021-04-19,16:09:29,00:00:02
stefano.crapanzano@chu.ulg.ac.be,Exporter/importer Lien entre article-centre de coûts et quantité,Exploration SAP,2021-04-19,16:21:43,00:00:03
stefano.crapanzano@chu.ulg.ac.be,Exporter/importer Lien entre article-centre de coûts et quantité,Exploration SAP,2021-04-19,16:21:54,00:00:15
stefano.crapanzano@chu.ulg.ac.be,Exporter/importer Lien entre article-centre de coûts et quantité,Exploration SAP,2021-04-19,16:39:23,00:00:09
stefano.crapanzano@chu.ulg.ac.be,Exporter/importer Lien entre article-centre de coûts et quantité,Exploration SAP,2021-04-19,16:39:35,00:00:02
stefano.crapanzano@chu.ulg.ac.be,Exporter/importer Lien entre article-centre de coûts et quantité,Exploration SAP,2021-04-19,16:39:41,00:01:10
stefano.crapanzano@chu.ulg.ac.be,Exporter/importer Lien entre article-centre de coûts et quantité,Exploration SAP,2021-04-19,16:41:41,00:00:07
stefano.crapanzano@chu.ulg.ac.be,Exporter/importer Lien entre article-centre de coûts et quantité,Exploration SAP,2021-04-19,16:42:48,00:00:03
stefano.crapanzano@chu.ulg.ac.be,Exporter/importer Lien entre article-centre de coûts et quantité,Exploration SAP,2021-04-19,16:43:09,00:00:13
stefano.crapanzano@chu.ulg.ac.be,Exporter/importer Lien entre article-centre de coûts et quantité,Exploration SAP,2021-04-19,16:43:25,00:00:03
stefano.crapanzano@chu.ulg.ac.be,Exporter/importer Lien entre article-centre de coûts et quantité,Exploration SAP,2021-04-19,16:43:32,00:00:02
stefano.crapanzano@chu.ulg.ac.be,Exporter/importer Lien entre article-centre de coûts et quantité,Exploration SAP,2021-04-19,16:43:35,00:00:07
stefano.crapanzano@chu.ulg.ac.be,Mise en forme : sélectionner,Exploration SAP,2021-04-19,16:39:37,00:00:03
stefano.crapanzano@chu.ulg.ac.be,C:\Users\c158492\AppData\Local\Temp\fz3temp-2\00815-20210419153010.txt - Notepad++ [Administrator],IT,2021-04-19,16:21:08,00:00:08
stefano.crapanzano@chu.ulg.ac.be,C:\Users\c158492\AppData\Local\Temp\fz3temp-2\00815-20210419153010.txt - Notepad++ [Administrator],IT,2021-04-19,16:21:49,00:00:04
stefano.crapanzano@chu.ulg.ac.be,C:\Users\c158492\AppData\Local\Temp\fz3temp-2\00815-20210419153010.txt - Notepad++ [Administrator],IT,2021-04-19,16:43:22,00:00:02
stefano.crapanzano@chu.ulg.ac.be,C:\Users\c158492\AppData\Local\Temp\fz3temp-2\00815-20210419153010.txt - Notepad++ [Administrator],IT,2021-04-19,16:43:28,00:00:02
stefano.crapanzano@chu.ulg.ac.be,Définir valeurs pour critères de filtre,Exploration SAP,2021-04-19,16:23:20,00:00:03
stefano.crapanzano@chu.ulg.ac.be,Sélectionner document,Exploration SAP,2021-04-19,16:23:42,00:00:04
stefano.crapanzano@chu.ulg.ac.be,Afficher Demande d'achat 118192,Exploration SAP,2021-04-19,16:23:49,00:00:09
stefano.crapanzano@chu.ulg.ac.be,Afficher Demande d'achat 118192,Exploration SAP,2021-04-19,16:24:01,00:00:11
stefano.crapanzano@chu.ulg.ac.be,Afficher article 510246 (ARTICLE WM non valorisé),Exploration SAP,2021-04-19,16:23:59,00:00:02
stefano.crapanzano@chu.ulg.ac.be,Afficher article 510246 (ARTICLE WM non valorisé),Exploration SAP,2021-04-19,16:24:32,00:00:17
stefano.crapanzano@chu.ulg.ac.be,Information,Exploration SAP,2021-04-19,16:39:32,00:00:02
stefano.crapanzano@chu.ulg.ac.be,*C:\Users\c158492\AppData\Local\Temp\fz3temp-2\00815-20210419153010.txt - Notepad++ [Administrator],IT,2021-04-19,16:44:34,00:00:24
stefano.crapanzano@chu.ulg.ac.be,Articles par réceptionnaire-centre de frais,Exploration SAP,2021-04-19,16:43:59,00:00:16
stefano.crapanzano@chu.ulg.ac.be,Articles par réceptionnaire-centre de frais,Exploration SAP,2021-04-19,16:44:20,00:00:04
stefano.crapanzano@chu.ulg.ac.be,Articles par réceptionnaire-centre de frais,Exploration SAP,2021-04-19,16:44:26,00:00:07
stefano.crapanzano@chu.ulg.ac.be,Articles par réceptionnaire-centre de frais,Exploration SAP,2021-04-19,16:45:57,00:00:04
stefano.crapanzano@chu.ulg.ac.be,Commercial 4 Entrées,Exploration SAP,2021-04-19,16:44:16,00:00:03
stefano.crapanzano@chu.ulg.ac.be,Gestionnaire de Sites,Helpdesk général,2021-04-19,16:45:05,00:00:02
stefano.crapanzano@chu.ulg.ac.be,AE2_203 - sftp://AE2U2FTP@153.89.110.38 - FileZilla,Helpdesk général,2021-04-19,16:45:08,00:00:14
stefano.crapanzano@chu.ulg.ac.be,AE2_203 - sftp://AE2U2FTP@153.89.110.38 - FileZilla,Helpdesk général,2021-04-19,16:45:48,00:00:02
stefano.crapanzano@chu.ulg.ac.be,Recherche dans arborescence des menus,Exploration SAP,2021-04-19,16:45:33,00:00:03
stefano.crapanzano@chu.ulg.ac.be,Recherche dans arborescence des menus,Exploration SAP,2021-04-19,16:46:07,00:00:04
stefano.crapanzano@chu.ulg.ac.be,Chargement code barre et création IDocs,Exploration SAP,2021-04-19,16:45:38,00:00:07
stefano.crapanzano@chu.ulg.ac.be,Affichage de l'IDoc : 0000000000122001,Exploration SAP,2021-04-19,16:47:48,00:00:19
stefano.crapanzano@chu.ulg.ac.be,Joindre les fichiers,Helpdesk général,2021-04-19,16:51:50,00:00:03
stefano.crapanzano@chu.ulg.ac.be,Vérification de l’orthographe,Helpdesk général,2021-04-19,17:18:57,00:00:02
stefano.crapanzano@chu.ulg.ac.be,Compacter les dossiers,Helpdesk général,2021-04-19,17:19:05,00:00:04
