Email,Description,Project,Start date,Start time,Duration
stefano.crapanzano@chu.ulg.ac.be,Courrier entrant - stefano.crapanzano@chuliege.be - Mozilla Thunderbird,Helpdesk général,2021-04-23,08:33:20,00:00:04
stefano.crapanzano@chu.ulg.ac.be,Courrier entrant - stefano.crapanzano@chuliege.be - Mozilla Thunderbird,Helpdesk général,2021-04-23,08:42:04,00:00:12
stefano.crapanzano@chu.ulg.ac.be,Courrier entrant - stefano.crapanzano@chuliege.be - Mozilla Thunderbird,Helpdesk général,2021-04-23,09:45:58,00:00:05
stefano.crapanzano@chu.ulg.ac.be,Courrier entrant - stefano.crapanzano@chuliege.be - Mozilla Thunderbird,Tâches diverses,2021-04-23,09:58:15,00:00:06
stefano.crapanzano@chu.ulg.ac.be,Courrier entrant - stefano.crapanzano@chuliege.be - Mozilla Thunderbird,Helpdesk général,2021-04-23,09:58:59,00:00:07
stefano.crapanzano@chu.ulg.ac.be,Courrier entrant - stefano.crapanzano@chuliege.be - Mozilla Thunderbird,Helpdesk général,2021-04-23,10:05:56,00:00:02
stefano.crapanzano@chu.ulg.ac.be,Courrier entrant - stefano.crapanzano@chuliege.be - Mozilla Thunderbird,Helpdesk général,2021-04-23,10:48:52,00:00:02
stefano.crapanzano@chu.ulg.ac.be,Courrier entrant - stefano.crapanzano@chuliege.be - Mozilla Thunderbird,Helpdesk général,2021-04-23,12:19:30,00:00:14
stefano.crapanzano@chu.ulg.ac.be,TR: Solidaris 2020 12 - Mozilla Thunderbird,Helpdesk général,2021-04-23,08:33:26,00:00:04
stefano.crapanzano@chu.ulg.ac.be,TR: Solidaris 2020 12 - Mozilla Thunderbird,Helpdesk général,2021-04-23,08:34:18,00:00:02
stefano.crapanzano@chu.ulg.ac.be,TR: Solidaris 2020 12 - Mozilla Thunderbird,Helpdesk général,2021-04-23,08:36:04,00:00:03
stefano.crapanzano@chu.ulg.ac.be,TR: Solidaris 2020 12 - Mozilla Thunderbird,Helpdesk général,2021-04-23,08:39:28,00:00:03
stefano.crapanzano@chu.ulg.ac.be,Ouverture de ExportHP 2020 12 N Credit MUT300.txt,Helpdesk général,2021-04-23,08:33:31,00:00:03
stefano.crapanzano@chu.ulg.ac.be,Saisissez le nom du fichier pour l’enregistrement…,Helpdesk général,2021-04-23,08:33:34,00:00:43
stefano.crapanzano@chu.ulg.ac.be,Navigation système de fichier,IT,2021-04-23,08:34:20,00:00:24
stefano.crapanzano@chu.ulg.ac.be,Navigation système de fichier,IT,2021-04-23,08:34:54,00:00:25
stefano.crapanzano@chu.ulg.ac.be,Navigation système de fichier,IT,2021-04-23,08:35:22,00:00:25
stefano.crapanzano@chu.ulg.ac.be,Navigation système de fichier,IT,2021-04-23,08:36:01,00:00:02
stefano.crapanzano@chu.ulg.ac.be,Navigation système de fichier,IT,2021-04-23,08:37:18,00:00:05
stefano.crapanzano@chu.ulg.ac.be,Navigation système de fichier,IT,2021-04-23,08:37:31,00:00:07
stefano.crapanzano@chu.ulg.ac.be,Navigation système de fichier,IT,2021-04-23,08:37:48,00:00:32
stefano.crapanzano@chu.ulg.ac.be,Navigation système de fichier,IT,2021-04-23,08:41:38,00:00:15
stefano.crapanzano@chu.ulg.ac.be,Navigation système de fichier,IT,2021-04-23,08:42:00,00:00:02
stefano.crapanzano@chu.ulg.ac.be,Navigation système de fichier,IT,2021-04-23,08:42:40,00:00:02
stefano.crapanzano@chu.ulg.ac.be,Navigation système de fichier,IT,2021-04-23,09:41:42,00:00:02
stefano.crapanzano@chu.ulg.ac.be,Navigation système de fichier,IT,2021-04-23,09:46:04,00:00:07
stefano.crapanzano@chu.ulg.ac.be,Navigation système de fichier,IT,2021-04-23,09:51:04,00:00:02
stefano.crapanzano@chu.ulg.ac.be,Navigation système de fichier,IT,2021-04-23,09:58:33,00:00:02
stefano.crapanzano@chu.ulg.ac.be,Navigation système de fichier,IT,2021-04-23,10:03:20,00:00:02
stefano.crapanzano@chu.ulg.ac.be,Navigation système de fichier,IT,2021-04-23,10:05:38,00:00:02
stefano.crapanzano@chu.ulg.ac.be,Navigation système de fichier,IT,2021-04-23,10:07:49,00:00:02
stefano.crapanzano@chu.ulg.ac.be,Navigation système de fichier,IT,2021-04-23,10:11:19,00:00:05
stefano.crapanzano@chu.ulg.ac.be,Navigation système de fichier,IT,2021-04-23,10:11:35,00:00:07
stefano.crapanzano@chu.ulg.ac.be,Navigation système de fichier,IT,2021-04-23,10:12:05,00:00:04
stefano.crapanzano@chu.ulg.ac.be,Navigation système de fichier,IT,2021-04-23,10:50:42,00:00:02
stefano.crapanzano@chu.ulg.ac.be,Navigation système de fichier,IT,2021-04-23,11:59:12,00:00:04
stefano.crapanzano@chu.ulg.ac.be,Navigation système de fichier,IT,2021-04-23,11:59:56,00:00:03
stefano.crapanzano@chu.ulg.ac.be,Navigation système de fichier,IT,2021-04-23,12:18:28,00:00:02
stefano.crapanzano@chu.ulg.ac.be,Navigation système de fichier,IT,2021-04-23,12:18:33,00:00:02
stefano.crapanzano@chu.ulg.ac.be,Navigation système de fichier,IT,2021-04-23,12:18:58,00:00:03
stefano.crapanzano@chu.ulg.ac.be,Navigation système de fichier,IT,2021-04-23,12:20:05,00:00:02
stefano.crapanzano@chu.ulg.ac.be,\\filesrv01.st.chulg\oazis_prod\APPL_PROD\SOURCES\BAT\ERP\CHL_ERP_PSRL_COMPTA_HOME_SENY_MUT_VERS_SAP.bat - Notepad++ [Administrator],IT,2021-04-23,08:34:44,00:00:04
stefano.crapanzano@chu.ulg.ac.be,*\\filesrv01.st.chulg\oazis_prod\APPL_PROD\SOURCES\BAT\ERP\CHL_ERP_PSRL_COMPTA_HOME_SENY_MUT_VERS_SAP.bat - Notepad++ [Administrator],IT,2021-04-23,08:34:49,00:00:04
stefano.crapanzano@chu.ulg.ac.be,*\\filesrv01.st.chulg\oazis_prod\APPL_PROD\SOURCES\BAT\ERP\CHL_ERP_PSRL_COMPTA_HOME_SENY_MUT_VERS_SAP.bat - Notepad++ [Administrator],IT,2021-04-23,08:35:47,00:00:14
stefano.crapanzano@chu.ulg.ac.be,*\\filesrv01.st.chulg\oazis_prod\APPL_PROD\SOURCES\BAT\ERP\CHL_ERP_PSRL_COMPTA_HOME_SENY_MUT_VERS_SAP.bat - Notepad++ [Administrator],IT,2021-04-23,08:36:08,00:00:13
stefano.crapanzano@chu.ulg.ac.be,*\\filesrv01.st.chulg\oazis_prod\APPL_PROD\SOURCES\BAT\ERP\CHL_ERP_PSRL_COMPTA_HOME_SENY_MUT_VERS_SAP.bat - Notepad++ [Administrator],IT,2021-04-23,08:36:23,00:00:11
stefano.crapanzano@chu.ulg.ac.be,Administrateur : C:\Windows\System32\cmd.exe,IT,2021-04-23,08:35:19,00:00:02
stefano.crapanzano@chu.ulg.ac.be,Administrateur : C:\Windows\System32\cmd.exe,IT,2021-04-23,08:36:37,00:00:33
stefano.crapanzano@chu.ulg.ac.be,Administrateur : C:\Windows\System32\cmd.exe,IT,2021-04-23,08:37:16,00:00:02
stefano.crapanzano@chu.ulg.ac.be,Administrateur : C:\Windows\System32\cmd.exe,IT,2021-04-23,08:42:42,00:00:02
stefano.crapanzano@chu.ulg.ac.be,Administrateur : C:\Windows\System32\cmd.exe - CHL_ERP_PSRL_COMPTA_HOME_SENY_MUT_VERS_SAP.bat,IT,2021-04-23,08:37:11,00:00:04
stefano.crapanzano@chu.ulg.ac.be,I:\Informatique\ERP\Exploitation\COMPTA\SENY\envoi MUT 869 seny NC MUT 300 122020.txt - Notepad++ [Administrator],IT,2021-04-23,08:37:23,00:00:07
stefano.crapanzano@chu.ulg.ac.be,I:\Informatique\ERP\Exploitation\COMPTA\SENY\Export Seny\2020\12\ExportHP 2020 12 NC MUT300.txt - Notepad++ [Administrator],IT,2021-04-23,08:37:38,00:00:08
stefano.crapanzano@chu.ulg.ac.be,Total Commander,Tâches diverses,2021-04-23,08:38:20,00:00:02
stefano.crapanzano@chu.ulg.ac.be,Total Commander,Tâches diverses,2021-04-23,08:39:15,00:00:02
stefano.crapanzano@chu.ulg.ac.be,erpmanager - Total Commander (x64) 9.0a - NOT REGISTERED,Tâches diverses,2021-04-23,08:38:22,00:00:52
stefano.crapanzano@chu.ulg.ac.be,erpmanager - Total Commander (x64) 9.0a - NOT REGISTERED,Tâches diverses,2021-04-23,08:39:18,00:00:09
stefano.crapanzano@chu.ulg.ac.be,erpmanager - Total Commander (x64) 9.0a - NOT REGISTERED,Tâches diverses,2021-04-23,08:39:56,00:00:04
stefano.crapanzano@chu.ulg.ac.be,Rédaction : Re: TR: Solidaris 2020 12 - Thunderbird,Helpdesk général,2021-04-23,08:39:33,00:00:21
stefano.crapanzano@chu.ulg.ac.be,Rédaction : Re: TR: Solidaris 2020 12 - Thunderbird,Helpdesk général,2021-04-23,08:40:01,00:00:31
stefano.crapanzano@chu.ulg.ac.be,Rédaction : Re: TR: Solidaris 2020 12 - Thunderbird,Helpdesk général,2021-04-23,08:40:35,00:01:02
stefano.crapanzano@chu.ulg.ac.be,Rédaction : Re: TR: Solidaris 2020 12 - Thunderbird,Helpdesk général,2021-04-23,08:41:53,00:00:04
stefano.crapanzano@chu.ulg.ac.be,Propriétés des liens,Helpdesk général,2021-04-23,08:40:32,00:00:03
stefano.crapanzano@chu.ulg.ac.be,Vérification de l’orthographe,Helpdesk général,2021-04-23,10:02:31,00:00:02
stefano.crapanzano@chu.ulg.ac.be,Vérification de l’orthographe,Helpdesk général,2021-04-23,10:08:44,00:00:09
stefano.crapanzano@chu.ulg.ac.be,Vérification de l’orthographe,Helpdesk général,2021-04-23,10:09:34,00:00:02
stefano.crapanzano@chu.ulg.ac.be,Courrier entrant - erp.sai@chuliege.be - Mozilla Thunderbird,Helpdesk général,2021-04-23,08:42:16,00:00:07
stefano.crapanzano@chu.ulg.ac.be,Courrier entrant - erp.sai@chuliege.be - Mozilla Thunderbird,Helpdesk général,2021-04-23,08:42:54,00:58:44
stefano.crapanzano@chu.ulg.ac.be,Courrier entrant - erp.sai@chuliege.be - Mozilla Thunderbird,Helpdesk général,2021-04-23,09:45:56,00:00:02
stefano.crapanzano@chu.ulg.ac.be,Courrier entrant - erp.sai@chuliege.be - Mozilla Thunderbird,Helpdesk général,2021-04-23,09:58:21,00:00:11
stefano.crapanzano@chu.ulg.ac.be,Courrier entrant - erp.sai@chuliege.be - Mozilla Thunderbird,Helpdesk général,2021-04-23,09:58:57,00:00:02
stefano.crapanzano@chu.ulg.ac.be,Courrier entrant - erp.sai@chuliege.be - Mozilla Thunderbird,Helpdesk général,2021-04-23,09:59:06,00:00:10
stefano.crapanzano@chu.ulg.ac.be,Courrier entrant - erp.sai@chuliege.be - Mozilla Thunderbird,Helpdesk général,2021-04-23,09:59:18,00:00:08
stefano.crapanzano@chu.ulg.ac.be,Courrier entrant - erp.sai@chuliege.be - Mozilla Thunderbird,Helpdesk général,2021-04-23,10:03:09,00:00:10
stefano.crapanzano@chu.ulg.ac.be,Courrier entrant - erp.sai@chuliege.be - Mozilla Thunderbird,Helpdesk général,2021-04-23,10:03:22,00:00:08
stefano.crapanzano@chu.ulg.ac.be,Courrier entrant - erp.sai@chuliege.be - Mozilla Thunderbird,Helpdesk général,2021-04-23,10:04:01,00:00:38
stefano.crapanzano@chu.ulg.ac.be,Courrier entrant - erp.sai@chuliege.be - Mozilla Thunderbird,Helpdesk général,2021-04-23,10:05:09,00:00:26
stefano.crapanzano@chu.ulg.ac.be,Courrier entrant - erp.sai@chuliege.be - Mozilla Thunderbird,Helpdesk général,2021-04-23,10:05:50,00:00:06
stefano.crapanzano@chu.ulg.ac.be,Courrier entrant - erp.sai@chuliege.be - Mozilla Thunderbird,Helpdesk général,2021-04-23,10:05:58,00:00:08
stefano.crapanzano@chu.ulg.ac.be,Courrier entrant - erp.sai@chuliege.be - Mozilla Thunderbird,Helpdesk général,2021-04-23,10:07:51,00:00:07
stefano.crapanzano@chu.ulg.ac.be,Courrier entrant - erp.sai@chuliege.be - Mozilla Thunderbird,Helpdesk général,2021-04-23,10:08:04,00:00:08
stefano.crapanzano@chu.ulg.ac.be,Courrier entrant - erp.sai@chuliege.be - Mozilla Thunderbird,Helpdesk général,2021-04-23,10:08:58,00:00:04
stefano.crapanzano@chu.ulg.ac.be,Courrier entrant - erp.sai@chuliege.be - Mozilla Thunderbird,Helpdesk général,2021-04-23,10:09:05,00:00:08
stefano.crapanzano@chu.ulg.ac.be,Courrier entrant - erp.sai@chuliege.be - Mozilla Thunderbird,Helpdesk général,2021-04-23,10:09:42,00:00:06
stefano.crapanzano@chu.ulg.ac.be,Courrier entrant - erp.sai@chuliege.be - Mozilla Thunderbird,Helpdesk général,2021-04-23,10:10:28,00:00:49
stefano.crapanzano@chu.ulg.ac.be,Courrier entrant - erp.sai@chuliege.be - Mozilla Thunderbird,Helpdesk général,2021-04-23,10:11:43,00:00:03
stefano.crapanzano@chu.ulg.ac.be,Courrier entrant - erp.sai@chuliege.be - Mozilla Thunderbird,Helpdesk général,2021-04-23,10:13:29,00:00:03
stefano.crapanzano@chu.ulg.ac.be,Courrier entrant - erp.sai@chuliege.be - Mozilla Thunderbird,Helpdesk général,2021-04-23,10:14:02,00:34:49
stefano.crapanzano@chu.ulg.ac.be,Courrier entrant - erp.sai@chuliege.be - Mozilla Thunderbird,Helpdesk général,2021-04-23,10:48:54,00:00:02
stefano.crapanzano@chu.ulg.ac.be,Courrier entrant - erp.sai@chuliege.be - Mozilla Thunderbird,Helpdesk général,2021-04-23,12:18:35,00:00:22
stefano.crapanzano@chu.ulg.ac.be,Courrier entrant - erp.sai@chuliege.be - Mozilla Thunderbird,Helpdesk général,2021-04-23,12:19:02,00:00:27
stefano.crapanzano@chu.ulg.ac.be,Courrier entrant - erp.sai@chuliege.be - Mozilla Thunderbird,Helpdesk général,2021-04-23,12:19:44,00:00:02
stefano.crapanzano@chu.ulg.ac.be,Courrier entrant - erp.sai@chuliege.be - Mozilla Thunderbird,Helpdesk général,2021-04-23,12:20:07,05:44:18
stefano.crapanzano@chu.ulg.ac.be,Conserver un fichier non existant,IT,2021-04-23,08:42:24,00:00:12
stefano.crapanzano@chu.ulg.ac.be,C:\Users\c158492\AppData\Roaming\SAP\SAP GUI\Scripts\Script3.vbs - Notepad++ [Administrator],IT,2021-04-23,08:42:49,00:00:03
stefano.crapanzano@chu.ulg.ac.be,SAP Logon 750,Exploration SAP,2021-04-23,09:41:47,00:00:03
stefano.crapanzano@chu.ulg.ac.be,SAP Logon 750,Exploration SAP,2021-04-23,12:19:47,00:00:03
stefano.crapanzano@chu.ulg.ac.be,SAP Easy Access Menu de base Applications financières-économiques,Exploration SAP,2021-04-23,09:41:51,00:00:06
stefano.crapanzano@chu.ulg.ac.be,SAP Easy Access Menu de base Applications financières-économiques,Exploration SAP,2021-04-23,09:57:22,00:00:02
stefano.crapanzano@chu.ulg.ac.be,SAP Easy Access Menu de base Applications financières-économiques,Exploration SAP,2021-04-23,10:04:50,00:00:06
stefano.crapanzano@chu.ulg.ac.be,SAP Easy Access Menu de base Applications financières-économiques,Exploration SAP,2021-04-23,12:19:51,00:00:06
stefano.crapanzano@chu.ulg.ac.be,SAP Easy Access Menu de base Applications financières-économiques,Exploration SAP,2021-04-23,12:19:59,00:00:02
stefano.crapanzano@chu.ulg.ac.be,Ecran initial du Quickviewer,Exploration SAP,2021-04-23,09:41:57,00:00:10
stefano.crapanzano@chu.ulg.ac.be,Ecran initial du Quickviewer,Exploration SAP,2021-04-23,09:43:52,00:00:06
stefano.crapanzano@chu.ulg.ac.be,Ecran initial du Quickviewer,Exploration SAP,2021-04-23,09:44:15,00:00:02
stefano.crapanzano@chu.ulg.ac.be,Ecran initial du Quickviewer,Exploration SAP,2021-04-23,09:44:19,00:00:07
stefano.crapanzano@chu.ulg.ac.be,Ecran initial du Quickviewer,Exploration SAP,2021-04-23,09:44:34,00:00:03
stefano.crapanzano@chu.ulg.ac.be,Créer Quickview D_SC : sélectionner une source de données,Exploration SAP,2021-04-23,09:42:07,00:00:06
stefano.crapanzano@chu.ulg.ac.be,Créer Quickview D_SC : sélectionner une source de données,Exploration SAP,2021-04-23,09:42:16,00:01:36
stefano.crapanzano@chu.ulg.ac.be,Erreur,Exploration SAP,2021-04-23,09:42:13,00:00:02
stefano.crapanzano@chu.ulg.ac.be,CRMD_ORDERADM_H,Exploration SAP,2021-04-23,09:43:58,00:00:02
stefano.crapanzano@chu.ulg.ac.be,CRMD_ORDERADM_H,Exploration SAP,2021-04-23,09:44:02,00:00:13
stefano.crapanzano@chu.ulg.ac.be,Créer Quickview CRMD_I : sélectionner une source de données,Exploration SAP,2021-04-23,09:44:26,00:00:08
stefano.crapanzano@chu.ulg.ac.be,CRMD_ORDERADM_I,Exploration SAP,2021-04-23,09:44:38,00:00:02
stefano.crapanzano@chu.ulg.ac.be,CRMD_ORDERADM_I,Exploration SAP,2021-04-23,09:44:41,00:01:13
stefano.crapanzano@chu.ulg.ac.be,CRMD_ORDERADM_I,Exploration SAP,2021-04-23,09:46:30,00:04:18
stefano.crapanzano@chu.ulg.ac.be,CRMD_ORDERADM_I,Exploration SAP,2021-04-23,09:50:56,00:00:03
stefano.crapanzano@chu.ulg.ac.be,CRMD_ORDERADM_I,Exploration SAP,2021-04-23,09:53:07,00:02:26
stefano.crapanzano@chu.ulg.ac.be,CRMD_ORDERADM_I,Exploration SAP,2021-04-23,09:55:36,00:00:29
stefano.crapanzano@chu.ulg.ac.be,CRMD_ORDERADM_I,Exploration SAP,2021-04-23,09:57:20,00:00:02
stefano.crapanzano@chu.ulg.ac.be,BBP_OM_STEXT - Recherche Google - Google Chrome,Tâches diverses,2021-04-23,09:46:12,00:00:17
stefano.crapanzano@chu.ulg.ac.be,BBP_OM_STEXT - Recherche Google - Google Chrome,Tâches diverses,2021-04-23,09:58:11,00:00:03
stefano.crapanzano@chu.ulg.ac.be,Lecture documentation,Tâches diverses,2021-04-23,09:50:52,00:00:03
stefano.crapanzano@chu.ulg.ac.be,Lecture documentation,Tâches diverses,2021-04-23,09:51:01,00:00:03
stefano.crapanzano@chu.ulg.ac.be,Lecture documentation,Tâches diverses,2021-04-23,09:51:06,00:01:46
stefano.crapanzano@chu.ulg.ac.be,Lecture documentation,Tâches diverses,2021-04-23,09:52:55,00:00:12
stefano.crapanzano@chu.ulg.ac.be,Lecture documentation,Tâches diverses,2021-04-23,09:56:07,00:01:11
stefano.crapanzano@chu.ulg.ac.be,Lecture documentation,Tâches diverses,2021-04-23,09:58:35,00:00:20
stefano.crapanzano@chu.ulg.ac.be,Lecture documentation,Tâches diverses,2021-04-23,10:03:40,00:00:07
stefano.crapanzano@chu.ulg.ac.be,Gestion des utilisateurs : écran initial,Exploration SAP,2021-04-23,09:57:24,00:00:02
stefano.crapanzano@chu.ulg.ac.be,Gestion des utilisateurs : écran initial,Exploration SAP,2021-04-23,10:04:40,00:00:09
stefano.crapanzano@chu.ulg.ac.be,Gestion des utilisateurs : écran initial,Exploration SAP,2021-04-23,10:04:56,00:00:06
stefano.crapanzano@chu.ulg.ac.be,Nom de l'utilisateur ds fiche utilisateur (2),Exploration SAP,2021-04-23,09:57:27,00:00:06
stefano.crapanzano@chu.ulg.ac.be,Nom de l'utilisateur ds fiche utilisateur (2)    5 Entrées trouvées,Exploration SAP,2021-04-23,09:57:33,00:00:33
stefano.crapanzano@chu.ulg.ac.be,Envoyés - erp.sai@chuliege.be - Mozilla Thunderbird,Helpdesk général,2021-04-23,09:59:27,00:00:44
stefano.crapanzano@chu.ulg.ac.be,Envoyés - erp.sai@chuliege.be - Mozilla Thunderbird,Helpdesk général,2021-04-23,10:02:41,00:00:02
stefano.crapanzano@chu.ulg.ac.be,Envoyés - erp.sai@chuliege.be - Mozilla Thunderbird,Helpdesk général,2021-04-23,10:03:04,00:00:04
stefano.crapanzano@chu.ulg.ac.be,Envoyés - erp.sai@chuliege.be - Mozilla Thunderbird,Helpdesk général,2021-04-23,10:03:30,00:00:09
stefano.crapanzano@chu.ulg.ac.be,Envoyés - erp.sai@chuliege.be - Mozilla Thunderbird,Helpdesk général,2021-04-23,10:03:48,00:00:13
stefano.crapanzano@chu.ulg.ac.be,Envoyés - erp.sai@chuliege.be - Mozilla Thunderbird,Helpdesk général,2021-04-23,10:09:48,00:00:33
stefano.crapanzano@chu.ulg.ac.be,Envoyés - erp.sai@chuliege.be - Mozilla Thunderbird,Helpdesk général,2021-04-23,10:10:23,00:00:04
stefano.crapanzano@chu.ulg.ac.be,Envoyés - erp.sai@chuliege.be - Mozilla Thunderbird,Helpdesk général,2021-04-23,10:13:33,00:00:28
stefano.crapanzano@chu.ulg.ac.be,Rédaction : Re: TR: les jobs à arrêter le 29/04/2021 vers 18h - Thunderbird,Helpdesk général,2021-04-23,10:00:13,00:02:18
stefano.crapanzano@chu.ulg.ac.be,Rédaction : Re: TR: les jobs à arrêter le 29/04/2021 vers 18h - Thunderbird,Helpdesk général,2021-04-23,10:02:44,00:00:10
stefano.crapanzano@chu.ulg.ac.be,Rédaction : Re: TR: les jobs à arrêter le 29/04/2021 vers 18h - Thunderbird,Helpdesk général,2021-04-23,10:02:56,00:00:03
stefano.crapanzano@chu.ulg.ac.be,Rédaction : Re: TR: les jobs à arrêter le 29/04/2021 vers 18h - Thunderbird,Helpdesk général,2021-04-23,10:05:35,00:00:02
stefano.crapanzano@chu.ulg.ac.be,Rédaction : Re: TR: les jobs à arrêter le 29/04/2021 vers 18h - Thunderbird,Helpdesk général,2021-04-23,10:05:42,00:00:04
stefano.crapanzano@chu.ulg.ac.be,Rédaction : Re: TR: les jobs à arrêter le 29/04/2021 vers 18h - Thunderbird,Helpdesk général,2021-04-23,10:06:08,00:01:40
stefano.crapanzano@chu.ulg.ac.be,Rédaction : Re: TR: les jobs à arrêter le 29/04/2021 vers 18h - Thunderbird,Helpdesk général,2021-04-23,10:07:59,00:00:04
stefano.crapanzano@chu.ulg.ac.be,Rédaction : Re: TR: les jobs à arrêter le 29/04/2021 vers 18h - Thunderbird,Helpdesk général,2021-04-23,10:08:14,00:00:30
stefano.crapanzano@chu.ulg.ac.be,Envoi du message - Re: TR: les jobs à arrêter le 29/04/2021 vers 18h,Helpdesk général,2021-04-23,10:02:33,00:00:07
stefano.crapanzano@chu.ulg.ac.be,Envoi du message - Re: TR: les jobs à arrêter le 29/04/2021 vers 18h,Helpdesk général,2021-04-23,10:02:59,00:00:04
stefano.crapanzano@chu.ulg.ac.be,Envoi du message - Re: TR: les jobs à arrêter le 29/04/2021 vers 18h,Helpdesk général,2021-04-23,10:08:53,00:00:03
stefano.crapanzano@chu.ulg.ac.be,Greenshot capture form,Helpdesk général,2021-04-23,10:05:02,00:00:05
stefano.crapanzano@chu.ulg.ac.be,Rédaction : Fwd: les jobs à arrêter le 29/04/2021 vers 18h - Thunderbird,Helpdesk général,2021-04-23,10:09:14,00:00:20
stefano.crapanzano@chu.ulg.ac.be,C:\Users\c158492\AppData\Local\Temp\Temp1_TEST.zip\ANEP - Notepad++ [Administrator],IT,2021-04-23,10:11:31,00:00:03
stefano.crapanzano@chu.ulg.ac.be,Stefano CRAPANZANO - erp.sai@chuliege.be - Mozilla Thunderbird,Helpdesk général,2021-04-23,10:11:47,00:00:09
stefano.crapanzano@chu.ulg.ac.be,Stefano CRAPANZANO - erp.sai@chuliege.be - Mozilla Thunderbird,Helpdesk général,2021-04-23,10:13:27,00:00:02
stefano.crapanzano@chu.ulg.ac.be,Rédaction : Re: ajout fichiers zip ERP - Thunderbird,Helpdesk général,2021-04-23,10:11:58,00:00:04
stefano.crapanzano@chu.ulg.ac.be,Rédaction : Re: ajout fichiers zip ERP - Thunderbird,Helpdesk général,2021-04-23,10:12:21,00:01:02
stefano.crapanzano@chu.ulg.ac.be,Joindre les fichiers,Helpdesk général,2021-04-23,10:12:02,00:00:02
stefano.crapanzano@chu.ulg.ac.be,Joindre les fichiers,Helpdesk général,2021-04-23,10:12:09,00:00:12
stefano.crapanzano@chu.ulg.ac.be,Rédaction : (pas de sujet) - Thunderbird,Helpdesk général,2021-04-23,10:48:56,00:00:04
stefano.crapanzano@chu.ulg.ac.be,Rédaction : Ajout de quelques erreurs de catalogue dans GLIMS - Thunderbird,Helpdesk général,2021-04-23,10:49:11,00:00:03
stefano.crapanzano@chu.ulg.ac.be,Rédaction : Ajout de quelques erreurs de catalogue dans GLIMS test - Thunderbird,Helpdesk général,2021-04-23,10:49:14,00:01:27
stefano.crapanzano@chu.ulg.ac.be,Rédaction : Ajout de quelques erreurs de catalogue dans GLIMS test - Thunderbird,Helpdesk général,2021-04-23,10:50:44,01:08:28
stefano.crapanzano@chu.ulg.ac.be,Netop Invité,Helpdesk général,2021-04-23,11:59:17,00:00:39
stefano.crapanzano@chu.ulg.ac.be,Netop Invité,Helpdesk général,2021-04-23,12:09:14,00:09:14
stefano.crapanzano@chu.ulg.ac.be,Nouvel onglet - Google Chrome,Tâches diverses,2021-04-23,12:00:01,00:00:07
stefano.crapanzano@chu.ulg.ac.be,Nouvel onglet - Google Chrome,Tâches diverses,2021-04-23,12:02:46,00:00:02
stefano.crapanzano@chu.ulg.ac.be,Identification - Google Chrome,Tâches diverses,2021-04-23,12:00:08,00:00:07
stefano.crapanzano@chu.ulg.ac.be,Helpdesk ATI - Db Hardware Prod - Google Chrome,Tâches diverses,2021-04-23,12:00:15,00:00:08
stefano.crapanzano@chu.ulg.ac.be,Helpdesk ATI - Db Hardware Prod - Google Chrome,Tâches diverses,2021-04-23,12:02:43,00:00:02
stefano.crapanzano@chu.ulg.ac.be,Connexion à l'aide de l'authentification Windows,Helpdesk général,2021-04-23,12:00:33,00:00:02
stefano.crapanzano@chu.ulg.ac.be,dsl-wx-0044 - Netop Remote Control,Helpdesk général,2021-04-23,12:00:37,00:02:05
stefano.crapanzano@chu.ulg.ac.be,dsl-wx-0044 - Netop Remote Control,Helpdesk général,2021-04-23,12:03:10,00:02:01
stefano.crapanzano@chu.ulg.ac.be,dsl-wx-0044 - Netop Remote Control,Helpdesk général,2021-04-23,12:05:13,00:03:59
stefano.crapanzano@chu.ulg.ac.be,spacesniffer - Recherche Google - Google Chrome,Tâches diverses,2021-04-23,12:02:49,00:00:03
stefano.crapanzano@chu.ulg.ac.be,SpaceSniffer download - Google Chrome,Tâches diverses,2021-04-23,12:02:52,00:00:02
stefano.crapanzano@chu.ulg.ac.be,Download SpaceSniffer latest release - Google Chrome,Tâches diverses,2021-04-23,12:02:55,00:00:14
stefano.crapanzano@chu.ulg.ac.be,Download SpaceSniffer latest release - Google Chrome,Tâches diverses,2021-04-23,12:18:30,00:00:02
stefano.crapanzano@chu.ulg.ac.be,MessageBox 478AC96E,Exploration SAP,2021-04-23,12:05:11,00:00:02
stefano.crapanzano@chu.ulg.ac.be,Affichage des listes de demandes d'achat,Exploration SAP,2021-04-23,12:19:57,00:00:02
