Email,Description,Project,Start date,Start time,Duration
stefano.crapanzano@chu.ulg.ac.be,Navigation système de fichier,IT,2021-11-09,08:36:30,00:00:02
stefano.crapanzano@chu.ulg.ac.be,Navigation système de fichier,IT,2021-11-09,08:39:23,00:00:04
stefano.crapanzano@chu.ulg.ac.be,Navigation système de fichier,IT,2021-11-09,08:44:05,00:00:10
stefano.crapanzano@chu.ulg.ac.be,Navigation système de fichier,IT,2021-11-09,09:12:12,00:00:43
stefano.crapanzano@chu.ulg.ac.be,Navigation système de fichier,IT,2021-11-09,09:13:04,00:00:14
stefano.crapanzano@chu.ulg.ac.be,Navigation système de fichier,IT,2021-11-09,09:13:41,00:00:04
stefano.crapanzano@chu.ulg.ac.be,Navigation système de fichier,IT,2021-11-09,09:42:54,00:00:02
stefano.crapanzano@chu.ulg.ac.be,Navigation système de fichier,IT,2021-11-09,10:26:52,00:00:06
stefano.crapanzano@chu.ulg.ac.be,Navigation système de fichier,IT,2021-11-09,10:35:29,00:00:03
stefano.crapanzano@chu.ulg.ac.be,Navigation système de fichier,IT,2021-11-09,11:56:02,00:00:02
stefano.crapanzano@chu.ulg.ac.be,Navigation système de fichier,IT,2021-11-09,11:56:52,00:00:06
stefano.crapanzano@chu.ulg.ac.be,Navigation système de fichier,IT,2021-11-09,14:20:15,00:00:29
stefano.crapanzano@chu.ulg.ac.be,Navigation système de fichier,IT,2021-11-09,15:05:31,00:00:02
stefano.crapanzano@chu.ulg.ac.be,Navigation système de fichier,IT,2021-11-09,15:08:57,00:00:03
stefano.crapanzano@chu.ulg.ac.be,Navigation système de fichier,IT,2021-11-09,15:16:36,00:00:04
stefano.crapanzano@chu.ulg.ac.be,Navigation système de fichier,IT,2021-11-09,16:15:00,00:00:02
stefano.crapanzano@chu.ulg.ac.be,Navigation système de fichier,IT,2021-11-09,17:01:11,00:00:03
stefano.crapanzano@chu.ulg.ac.be,Courrier entrant - erp.sai@chuliege.be - Mozilla Thunderbird,Helpdesk général,2021-11-09,08:28:11,00:00:02
stefano.crapanzano@chu.ulg.ac.be,Courrier entrant - erp.sai@chuliege.be - Mozilla Thunderbird,Helpdesk général,2021-11-09,08:28:16,00:01:15
stefano.crapanzano@chu.ulg.ac.be,Courrier entrant - erp.sai@chuliege.be - Mozilla Thunderbird,Helpdesk général,2021-11-09,08:29:39,00:05:00
stefano.crapanzano@chu.ulg.ac.be,Courrier entrant - erp.sai@chuliege.be - Mozilla Thunderbird,Helpdesk général,2021-11-09,08:35:57,00:00:08
stefano.crapanzano@chu.ulg.ac.be,Courrier entrant - erp.sai@chuliege.be - Mozilla Thunderbird,Helpdesk général,2021-11-09,08:36:59,00:00:08
stefano.crapanzano@chu.ulg.ac.be,Courrier entrant - erp.sai@chuliege.be - Mozilla Thunderbird,Helpdesk général,2021-11-09,08:40:47,00:00:32
stefano.crapanzano@chu.ulg.ac.be,Courrier entrant - erp.sai@chuliege.be - Mozilla Thunderbird,Helpdesk général,2021-11-09,08:45:11,00:27:01
stefano.crapanzano@chu.ulg.ac.be,Courrier entrant - erp.sai@chuliege.be - Mozilla Thunderbird,Helpdesk général,2021-11-09,09:13:45,00:00:04
stefano.crapanzano@chu.ulg.ac.be,Courrier entrant - erp.sai@chuliege.be - Mozilla Thunderbird,Helpdesk général,2021-11-09,09:13:54,00:00:21
stefano.crapanzano@chu.ulg.ac.be,Courrier entrant - erp.sai@chuliege.be - Mozilla Thunderbird,Helpdesk général,2021-11-09,09:16:14,00:00:04
stefano.crapanzano@chu.ulg.ac.be,Courrier entrant - erp.sai@chuliege.be - Mozilla Thunderbird,Helpdesk général,2021-11-09,09:19:33,00:00:09
stefano.crapanzano@chu.ulg.ac.be,Courrier entrant - erp.sai@chuliege.be - Mozilla Thunderbird,Helpdesk général,2021-11-09,09:21:27,00:04:03
stefano.crapanzano@chu.ulg.ac.be,Courrier entrant - erp.sai@chuliege.be - Mozilla Thunderbird,Helpdesk général,2021-11-09,09:28:07,00:00:02
stefano.crapanzano@chu.ulg.ac.be,Courrier entrant - erp.sai@chuliege.be - Mozilla Thunderbird,Helpdesk général,2021-11-09,09:30:15,00:00:02
stefano.crapanzano@chu.ulg.ac.be,Courrier entrant - erp.sai@chuliege.be - Mozilla Thunderbird,Tâches diverses,2021-11-09,09:33:09,00:00:02
stefano.crapanzano@chu.ulg.ac.be,Courrier entrant - erp.sai@chuliege.be - Mozilla Thunderbird,Helpdesk général,2021-11-09,09:42:57,00:00:02
stefano.crapanzano@chu.ulg.ac.be,Courrier entrant - erp.sai@chuliege.be - Mozilla Thunderbird,Helpdesk général,2021-11-09,09:46:03,00:00:04
stefano.crapanzano@chu.ulg.ac.be,Courrier entrant - erp.sai@chuliege.be - Mozilla Thunderbird,Helpdesk général,2021-11-09,09:46:10,00:03:25
stefano.crapanzano@chu.ulg.ac.be,Courrier entrant - erp.sai@chuliege.be - Mozilla Thunderbird,Tâches diverses,2021-11-09,09:54:58,00:01:50
stefano.crapanzano@chu.ulg.ac.be,Courrier entrant - erp.sai@chuliege.be - Mozilla Thunderbird,Helpdesk général,2021-11-09,09:59:00,00:00:11
stefano.crapanzano@chu.ulg.ac.be,Courrier entrant - erp.sai@chuliege.be - Mozilla Thunderbird,Helpdesk général,2021-11-09,10:00:02,00:00:16
stefano.crapanzano@chu.ulg.ac.be,Courrier entrant - erp.sai@chuliege.be - Mozilla Thunderbird,Helpdesk général,2021-11-09,10:01:14,00:00:06
stefano.crapanzano@chu.ulg.ac.be,Courrier entrant - erp.sai@chuliege.be - Mozilla Thunderbird,Helpdesk général,2021-11-09,10:01:28,00:00:06
stefano.crapanzano@chu.ulg.ac.be,Courrier entrant - erp.sai@chuliege.be - Mozilla Thunderbird,Helpdesk général,2021-11-09,10:01:54,00:00:05
stefano.crapanzano@chu.ulg.ac.be,Courrier entrant - erp.sai@chuliege.be - Mozilla Thunderbird,Helpdesk général,2021-11-09,10:05:59,00:00:06
stefano.crapanzano@chu.ulg.ac.be,Courrier entrant - erp.sai@chuliege.be - Mozilla Thunderbird,Helpdesk général,2021-11-09,10:13:10,00:00:12
stefano.crapanzano@chu.ulg.ac.be,Courrier entrant - erp.sai@chuliege.be - Mozilla Thunderbird,Helpdesk général,2021-11-09,10:13:34,00:00:11
stefano.crapanzano@chu.ulg.ac.be,Courrier entrant - erp.sai@chuliege.be - Mozilla Thunderbird,Helpdesk général,2021-11-09,10:13:59,00:00:02
stefano.crapanzano@chu.ulg.ac.be,Courrier entrant - erp.sai@chuliege.be - Mozilla Thunderbird,Tâches diverses,2021-11-09,10:14:09,00:00:02
stefano.crapanzano@chu.ulg.ac.be,Courrier entrant - erp.sai@chuliege.be - Mozilla Thunderbird,Helpdesk général,2021-11-09,10:15:15,00:00:15
stefano.crapanzano@chu.ulg.ac.be,Courrier entrant - erp.sai@chuliege.be - Mozilla Thunderbird,Helpdesk général,2021-11-09,10:20:57,00:00:02
stefano.crapanzano@chu.ulg.ac.be,Courrier entrant - erp.sai@chuliege.be - Mozilla Thunderbird,Helpdesk général,2021-11-09,10:21:11,00:05:03
stefano.crapanzano@chu.ulg.ac.be,Courrier entrant - erp.sai@chuliege.be - Mozilla Thunderbird,Helpdesk général,2021-11-09,10:26:28,00:00:08
stefano.crapanzano@chu.ulg.ac.be,Courrier entrant - erp.sai@chuliege.be - Mozilla Thunderbird,Helpdesk général,2021-11-09,10:26:58,00:00:57
stefano.crapanzano@chu.ulg.ac.be,Courrier entrant - erp.sai@chuliege.be - Mozilla Thunderbird,Helpdesk général,2021-11-09,10:27:58,00:00:04
stefano.crapanzano@chu.ulg.ac.be,Courrier entrant - erp.sai@chuliege.be - Mozilla Thunderbird,Helpdesk général,2021-11-09,10:28:07,00:03:15
stefano.crapanzano@chu.ulg.ac.be,Courrier entrant - erp.sai@chuliege.be - Mozilla Thunderbird,Helpdesk général,2021-11-09,10:32:09,00:00:09
stefano.crapanzano@chu.ulg.ac.be,Courrier entrant - erp.sai@chuliege.be - Mozilla Thunderbird,Helpdesk général,2021-11-09,10:33:20,00:00:02
stefano.crapanzano@chu.ulg.ac.be,Courrier entrant - erp.sai@chuliege.be - Mozilla Thunderbird,Helpdesk général,2021-11-09,12:01:44,00:00:14
stefano.crapanzano@chu.ulg.ac.be,Courrier entrant - erp.sai@chuliege.be - Mozilla Thunderbird,Helpdesk général,2021-11-09,12:02:02,00:00:05
stefano.crapanzano@chu.ulg.ac.be,Courrier entrant - erp.sai@chuliege.be - Mozilla Thunderbird,Helpdesk général,2021-11-09,12:05:29,00:00:22
stefano.crapanzano@chu.ulg.ac.be,Courrier entrant - erp.sai@chuliege.be - Mozilla Thunderbird,Helpdesk général,2021-11-09,12:27:28,00:26:01
stefano.crapanzano@chu.ulg.ac.be,Courrier entrant - erp.sai@chuliege.be - Mozilla Thunderbird,Helpdesk général,2021-11-09,12:55:20,00:00:04
stefano.crapanzano@chu.ulg.ac.be,Courrier entrant - erp.sai@chuliege.be - Mozilla Thunderbird,Helpdesk général,2021-11-09,13:17:22,00:00:02
stefano.crapanzano@chu.ulg.ac.be,Courrier entrant - erp.sai@chuliege.be - Mozilla Thunderbird,Helpdesk général,2021-11-09,13:18:07,00:00:34
stefano.crapanzano@chu.ulg.ac.be,Courrier entrant - erp.sai@chuliege.be - Mozilla Thunderbird,Helpdesk général,2021-11-09,13:19:00,00:00:04
stefano.crapanzano@chu.ulg.ac.be,Courrier entrant - erp.sai@chuliege.be - Mozilla Thunderbird,Helpdesk général,2021-11-09,13:19:12,00:00:02
stefano.crapanzano@chu.ulg.ac.be,Courrier entrant - erp.sai@chuliege.be - Mozilla Thunderbird,Helpdesk général,2021-11-09,13:20:03,00:53:35
stefano.crapanzano@chu.ulg.ac.be,Courrier entrant - erp.sai@chuliege.be - Mozilla Thunderbird,Helpdesk général,2021-11-09,14:35:52,00:00:23
stefano.crapanzano@chu.ulg.ac.be,Courrier entrant - erp.sai@chuliege.be - Mozilla Thunderbird,Helpdesk général,2021-11-09,14:45:03,00:02:02
stefano.crapanzano@chu.ulg.ac.be,Courrier entrant - erp.sai@chuliege.be - Mozilla Thunderbird,Helpdesk général,2021-11-09,14:55:16,00:00:02
stefano.crapanzano@chu.ulg.ac.be,Courrier entrant - erp.sai@chuliege.be - Mozilla Thunderbird,Helpdesk général,2021-11-09,15:02:19,00:00:14
stefano.crapanzano@chu.ulg.ac.be,Courrier entrant - erp.sai@chuliege.be - Mozilla Thunderbird,Helpdesk général,2021-11-09,15:05:34,00:00:32
stefano.crapanzano@chu.ulg.ac.be,Courrier entrant - erp.sai@chuliege.be - Mozilla Thunderbird,Helpdesk général,2021-11-09,15:08:23,00:00:02
stefano.crapanzano@chu.ulg.ac.be,Courrier entrant - erp.sai@chuliege.be - Mozilla Thunderbird,Helpdesk général,2021-11-09,15:14:10,00:00:09
stefano.crapanzano@chu.ulg.ac.be,Courrier entrant - erp.sai@chuliege.be - Mozilla Thunderbird,Helpdesk général,2021-11-09,16:24:09,00:00:02
stefano.crapanzano@chu.ulg.ac.be,Courrier entrant - erp.sai@chuliege.be - Mozilla Thunderbird,Helpdesk général,2021-11-09,16:42:34,00:18:36
stefano.crapanzano@chu.ulg.ac.be,Courrier entrant - stefano.crapanzano@chuliege.be - Mozilla Thunderbird,Helpdesk général,2021-11-09,08:28:13,00:00:02
stefano.crapanzano@chu.ulg.ac.be,Courrier entrant - stefano.crapanzano@chuliege.be - Mozilla Thunderbird,Helpdesk général,2021-11-09,08:29:32,00:00:07
stefano.crapanzano@chu.ulg.ac.be,Courrier entrant - stefano.crapanzano@chuliege.be - Mozilla Thunderbird,Helpdesk général,2021-11-09,09:13:50,00:00:04
stefano.crapanzano@chu.ulg.ac.be,Courrier entrant - stefano.crapanzano@chuliege.be - Mozilla Thunderbird,Helpdesk général,2021-11-09,09:19:42,00:01:44
stefano.crapanzano@chu.ulg.ac.be,Courrier entrant - stefano.crapanzano@chuliege.be - Mozilla Thunderbird,Helpdesk général,2021-11-09,09:25:31,00:00:45
stefano.crapanzano@chu.ulg.ac.be,Courrier entrant - stefano.crapanzano@chuliege.be - Mozilla Thunderbird,Tâches diverses,2021-11-09,09:28:04,00:00:03
stefano.crapanzano@chu.ulg.ac.be,Courrier entrant - stefano.crapanzano@chuliege.be - Mozilla Thunderbird,Helpdesk général,2021-11-09,09:30:18,00:00:02
stefano.crapanzano@chu.ulg.ac.be,Courrier entrant - stefano.crapanzano@chuliege.be - Mozilla Thunderbird,Helpdesk général,2021-11-09,09:46:07,00:00:02
stefano.crapanzano@chu.ulg.ac.be,Courrier entrant - stefano.crapanzano@chuliege.be - Mozilla Thunderbird,Helpdesk général,2021-11-09,10:01:59,00:00:20
stefano.crapanzano@chu.ulg.ac.be,Courrier entrant - stefano.crapanzano@chuliege.be - Mozilla Thunderbird,Helpdesk général,2021-11-09,10:02:22,00:00:13
stefano.crapanzano@chu.ulg.ac.be,Courrier entrant - stefano.crapanzano@chuliege.be - Mozilla Thunderbird,Tâches diverses,2021-11-09,10:03:27,00:00:06
stefano.crapanzano@chu.ulg.ac.be,Courrier entrant - stefano.crapanzano@chuliege.be - Mozilla Thunderbird,Helpdesk général,2021-11-09,10:05:57,00:00:02
stefano.crapanzano@chu.ulg.ac.be,Courrier entrant - stefano.crapanzano@chuliege.be - Mozilla Thunderbird,Helpdesk général,2021-11-09,10:13:45,00:00:13
stefano.crapanzano@chu.ulg.ac.be,Courrier entrant - stefano.crapanzano@chuliege.be - Mozilla Thunderbird,Helpdesk général,2021-11-09,10:14:11,00:00:04
stefano.crapanzano@chu.ulg.ac.be,Courrier entrant - stefano.crapanzano@chuliege.be - Mozilla Thunderbird,Helpdesk général,2021-11-09,10:15:10,00:00:04
stefano.crapanzano@chu.ulg.ac.be,Courrier entrant - stefano.crapanzano@chuliege.be - Mozilla Thunderbird,Helpdesk général,2021-11-09,10:21:00,00:00:10
stefano.crapanzano@chu.ulg.ac.be,Courrier entrant - stefano.crapanzano@chuliege.be - Mozilla Thunderbird,Helpdesk général,2021-11-09,10:27:56,00:00:02
stefano.crapanzano@chu.ulg.ac.be,Courrier entrant - stefano.crapanzano@chuliege.be - Mozilla Thunderbird,Helpdesk général,2021-11-09,11:56:43,00:00:02
stefano.crapanzano@chu.ulg.ac.be,Courrier entrant - stefano.crapanzano@chuliege.be - Mozilla Thunderbird,Helpdesk général,2021-11-09,11:56:59,00:00:05
stefano.crapanzano@chu.ulg.ac.be,Courrier entrant - stefano.crapanzano@chuliege.be - Mozilla Thunderbird,Helpdesk général,2021-11-09,12:05:51,00:21:37
stefano.crapanzano@chu.ulg.ac.be,Courrier entrant - stefano.crapanzano@chuliege.be - Mozilla Thunderbird,Helpdesk général,2021-11-09,13:17:25,00:00:06
stefano.crapanzano@chu.ulg.ac.be,Courrier entrant - stefano.crapanzano@chuliege.be - Mozilla Thunderbird,Helpdesk général,2021-11-09,13:19:15,00:00:04
stefano.crapanzano@chu.ulg.ac.be,Courrier entrant - stefano.crapanzano@chuliege.be - Mozilla Thunderbird,Helpdesk général,2021-11-09,13:19:59,00:00:04
stefano.crapanzano@chu.ulg.ac.be,Courrier entrant - stefano.crapanzano@chuliege.be - Mozilla Thunderbird,Helpdesk général,2021-11-09,14:13:39,00:00:05
stefano.crapanzano@chu.ulg.ac.be,Courrier entrant - stefano.crapanzano@chuliege.be - Mozilla Thunderbird,Helpdesk général,2021-11-09,14:13:45,00:00:02
stefano.crapanzano@chu.ulg.ac.be,Courrier entrant - stefano.crapanzano@chuliege.be - Mozilla Thunderbird,Tâches diverses,2021-11-09,14:18:08,00:00:04
stefano.crapanzano@chu.ulg.ac.be,Courrier entrant - stefano.crapanzano@chuliege.be - Mozilla Thunderbird,Helpdesk général,2021-11-09,14:35:49,00:00:02
stefano.crapanzano@chu.ulg.ac.be,Courrier entrant - stefano.crapanzano@chuliege.be - Mozilla Thunderbird,Helpdesk général,2021-11-09,14:36:15,00:00:04
stefano.crapanzano@chu.ulg.ac.be,Courrier entrant - stefano.crapanzano@chuliege.be - Mozilla Thunderbird,Tâches diverses,2021-11-09,14:36:31,00:00:02
stefano.crapanzano@chu.ulg.ac.be,Courrier entrant - stefano.crapanzano@chuliege.be - Mozilla Thunderbird,Helpdesk général,2021-11-09,14:45:00,00:00:02
stefano.crapanzano@chu.ulg.ac.be,Courrier entrant - stefano.crapanzano@chuliege.be - Mozilla Thunderbird,Helpdesk général,2021-11-09,14:55:19,00:00:02
stefano.crapanzano@chu.ulg.ac.be,Courrier entrant - stefano.crapanzano@chuliege.be - Mozilla Thunderbird,Helpdesk général,2021-11-09,15:02:16,00:00:02
stefano.crapanzano@chu.ulg.ac.be,Courrier entrant - stefano.crapanzano@chuliege.be - Mozilla Thunderbird,Helpdesk général,2021-11-09,15:08:26,00:00:04
stefano.crapanzano@chu.ulg.ac.be,Courrier entrant - stefano.crapanzano@chuliege.be - Mozilla Thunderbird,Helpdesk général,2021-11-09,15:09:07,00:05:03
stefano.crapanzano@chu.ulg.ac.be,Courrier entrant - stefano.crapanzano@chuliege.be - Mozilla Thunderbird,Helpdesk général,2021-11-09,16:24:12,00:18:22
stefano.crapanzano@chu.ulg.ac.be,P203 CHU UNILAB : Distribution articles périmés - Xperthis ERP4HC 1.0 - Service d'assistance - Google Chrome,Tâches diverses,2021-11-09,08:34:40,00:00:04
stefano.crapanzano@chu.ulg.ac.be,P203 CHU UNILAB : Distribution articles périmés - Xperthis ERP4HC 1.0 - Service d'assistance - Google Chrome,Tâches diverses,2021-11-09,08:35:05,00:00:41
stefano.crapanzano@chu.ulg.ac.be,P203 CHU UNILAB : Distribution articles périmés - Xperthis ERP4HC 1.0 - Service d'assistance - Google Chrome,Tâches diverses,2021-11-09,08:35:47,00:00:09
stefano.crapanzano@chu.ulg.ac.be,P203 CHU UNILAB : Distribution articles périmés - Xperthis ERP4HC 1.0 - Service d'assistance - Google Chrome,Tâches diverses,2021-11-09,08:36:33,00:00:13
stefano.crapanzano@chu.ulg.ac.be,P203 CHU UNILAB : Distribution articles périmés - Xperthis ERP4HC 1.0 - Service d'assistance - Google Chrome,Helpdesk général,2021-11-09,08:36:48,00:00:05
stefano.crapanzano@chu.ulg.ac.be,P203 CHU UNILAB : Distribution articles périmés - Xperthis ERP4HC 1.0 - Service d'assistance - Google Chrome,Tâches diverses,2021-11-09,08:38:33,00:00:06
stefano.crapanzano@chu.ulg.ac.be,P203 CHU UNILAB : Distribution articles périmés - Xperthis ERP4HC 1.0 - Service d'assistance - Google Chrome,Tâches diverses,2021-11-09,08:39:19,00:00:04
stefano.crapanzano@chu.ulg.ac.be,P203 CHU UNILAB : Distribution articles périmés - Xperthis ERP4HC 1.0 - Service d'assistance - Google Chrome,Tâches diverses,2021-11-09,08:40:24,00:00:04
stefano.crapanzano@chu.ulg.ac.be,P203 CHU UNILAB : Distribution articles périmés - Xperthis ERP4HC 1.0 - Service d'assistance - Google Chrome,Tâches diverses,2021-11-09,14:14:28,00:00:04
stefano.crapanzano@chu.ulg.ac.be,1 rappel,Helpdesk général,2021-11-09,08:34:45,00:00:19
stefano.crapanzano@chu.ulg.ac.be,1 rappel,Helpdesk général,2021-11-09,12:01:59,00:00:02
stefano.crapanzano@chu.ulg.ac.be,sderp-19042 - Mozilla Thunderbird,Helpdesk général,2021-11-09,08:36:05,00:00:23
stefano.crapanzano@chu.ulg.ac.be,SDERP-19042 UNILAB : Distribution articles périmés - Mozilla Thunderbird,Helpdesk général,2021-11-09,08:36:55,00:00:04
stefano.crapanzano@chu.ulg.ac.be,distribution périmé - Mozilla Thunderbird,Helpdesk général,2021-11-09,08:37:07,00:00:26
stefano.crapanzano@chu.ulg.ac.be,UNILAB : Distribution articles périmés - Mozilla Thunderbird,Helpdesk général,2021-11-09,08:37:33,00:00:24
stefano.crapanzano@chu.ulg.ac.be,UNILAB : Distribution articles périmés - Mozilla Thunderbird,Helpdesk général,2021-11-09,08:40:39,00:00:02
stefano.crapanzano@chu.ulg.ac.be,Rédaction : Re: UNILAB : Distribution articles périmés - Thunderbird,Helpdesk général,2021-11-09,08:37:58,00:00:33
stefano.crapanzano@chu.ulg.ac.be,Rédaction : Re: UNILAB : Distribution articles périmés - Thunderbird,Helpdesk général,2021-11-09,08:39:27,00:00:02
stefano.crapanzano@chu.ulg.ac.be,Rédaction : Re: UNILAB : Distribution articles périmés - Thunderbird,Helpdesk général,2021-11-09,08:39:35,00:00:47
stefano.crapanzano@chu.ulg.ac.be,Rédaction : Re: UNILAB : Distribution articles périmés - Thunderbird,Helpdesk général,2021-11-09,08:40:28,00:00:02
stefano.crapanzano@chu.ulg.ac.be,Joindre les fichiers,Helpdesk général,2021-11-09,08:39:30,00:00:05
stefano.crapanzano@chu.ulg.ac.be,Joindre les fichiers,Helpdesk général,2021-11-09,15:08:34,00:00:09
stefano.crapanzano@chu.ulg.ac.be,Vérification de l’orthographe,Helpdesk général,2021-11-09,15:08:53,00:00:02
stefano.crapanzano@chu.ulg.ac.be,Envoi du message - SDERP-19042 : UNILAB : Distribution articles périmés,Helpdesk général,2021-11-09,08:40:35,00:00:02
stefano.crapanzano@chu.ulg.ac.be,Sans titre - Google Chrome,Tâches diverses,2021-11-09,09:28:27,00:00:09
stefano.crapanzano@chu.ulg.ac.be,Sans titre - Google Chrome,Tâches diverses,2021-11-09,09:28:38,00:00:41
stefano.crapanzano@chu.ulg.ac.be,Sans titre - Google Chrome,Tâches diverses,2021-11-09,09:29:21,00:00:06
stefano.crapanzano@chu.ulg.ac.be,Sans titre - Google Chrome,Tâches diverses,2021-11-09,09:30:09,00:00:05
stefano.crapanzano@chu.ulg.ac.be,Sans titre - Google Chrome,Tâches diverses,2021-11-09,09:30:39,00:00:15
stefano.crapanzano@chu.ulg.ac.be,Sans titre - Google Chrome,Tâches diverses,2021-11-09,09:32:00,00:00:16
stefano.crapanzano@chu.ulg.ac.be,Sans titre - Google Chrome,Tâches diverses,2021-11-09,09:32:19,00:00:36
stefano.crapanzano@chu.ulg.ac.be,Sans titre - Google Chrome,Tâches diverses,2021-11-09,09:33:00,00:00:08
stefano.crapanzano@chu.ulg.ac.be,Sans titre - Google Chrome,Tâches diverses,2021-11-09,09:33:43,00:00:05
stefano.crapanzano@chu.ulg.ac.be,Sans titre - Google Chrome,Tâches diverses,2021-11-09,09:34:12,00:00:20
stefano.crapanzano@chu.ulg.ac.be,Sans titre - Google Chrome,Tâches diverses,2021-11-09,09:34:34,00:00:08
stefano.crapanzano@chu.ulg.ac.be,Sans titre - Google Chrome,Tâches diverses,2021-11-09,09:45:56,00:00:05
stefano.crapanzano@chu.ulg.ac.be,Sans titre - Google Chrome,Tâches diverses,2021-11-09,10:06:17,00:01:00
stefano.crapanzano@chu.ulg.ac.be,Sans titre - Google Chrome,Helpdesk général,2021-11-09,12:02:08,00:00:02
stefano.crapanzano@chu.ulg.ac.be,Sans titre - Google Chrome,Tâches diverses,2021-11-09,12:02:34,00:00:06
stefano.crapanzano@chu.ulg.ac.be,Sans titre - Google Chrome,Helpdesk général,2021-11-09,13:18:42,00:00:02
stefano.crapanzano@chu.ulg.ac.be,Comment accéder à SAP Libération des factures (Workflow approval) sur X01 ? - Xperthis ERP4HC 2.0 Rollout - Service d'assistance - Google Chrome,Tâches diverses,2021-11-09,08:41:22,00:00:18
stefano.crapanzano@chu.ulg.ac.be,Comment accéder à SAP Libération des factures (Workflow approval) sur X01 ? - Xperthis ERP4HC 2.0 Rollout - Service d'assistance - Google Chrome,Tâches diverses,2021-11-09,08:42:01,00:02:04
stefano.crapanzano@chu.ulg.ac.be,Comment accéder à SAP Libération des factures (Workflow approval) sur X01 ? - Xperthis ERP4HC 2.0 Rollout - Service d'assistance - Google Chrome,Tâches diverses,2021-11-09,08:44:21,00:00:50
stefano.crapanzano@chu.ulg.ac.be,Comment accéder à SAP Libération des factures (Workflow approval) sur X01 ? - Xperthis ERP4HC 2.0 Rollout - Service d'assistance - Google Chrome,Tâches diverses,2021-11-09,09:14:16,00:00:05
stefano.crapanzano@chu.ulg.ac.be,Identification - Google Chrome,Tâches diverses,2021-11-09,08:41:41,00:00:08
stefano.crapanzano@chu.ulg.ac.be,Identification - Google Chrome,Tâches diverses,2021-11-09,09:26:22,00:00:05
stefano.crapanzano@chu.ulg.ac.be,POST data - Google Chrome,Tâches diverses,2021-11-09,09:26:54,00:00:20
stefano.crapanzano@chu.ulg.ac.be,POST data - Google Chrome,Tâches diverses,2021-11-09,09:27:16,00:00:15
stefano.crapanzano@chu.ulg.ac.be,POST data - Google Chrome,Tâches diverses,2021-11-09,09:27:33,00:00:27
stefano.crapanzano@chu.ulg.ac.be,POST data - Google Chrome,Helpdesk général,2021-11-09,09:28:10,00:00:08
stefano.crapanzano@chu.ulg.ac.be,POST data - Google Chrome,Tâches diverses,2021-11-09,09:28:19,00:00:06
stefano.crapanzano@chu.ulg.ac.be,POST data - Google Chrome,Tâches diverses,2021-11-09,09:33:49,00:00:04
stefano.crapanzano@chu.ulg.ac.be,https://par0105wi.xperthis.be:8443/sap(bD1mciZjPTIwMyZkPW1pbg==)/bc/bsp/sap/zmwi/main.do - Google Chrome,Tâches diverses,2021-11-09,08:41:52,00:00:08
stefano.crapanzano@chu.ulg.ac.be,Ouvrir,Tâches diverses,2021-11-09,08:44:17,00:00:04
stefano.crapanzano@chu.ulg.ac.be,Ouvrir,Tâches diverses,2021-11-09,10:20:34,00:00:09
stefano.crapanzano@chu.ulg.ac.be,Programmation,IT,2021-11-09,09:12:59,00:00:05
stefano.crapanzano@chu.ulg.ac.be,Programmation,IT,2021-11-09,09:13:18,00:00:23
stefano.crapanzano@chu.ulg.ac.be,Programmation,IT,2021-11-09,13:19:29,00:00:30
stefano.crapanzano@chu.ulg.ac.be,Demandes - Service d'assistance - Google Chrome,Tâches diverses,2021-11-09,09:14:21,00:01:52
stefano.crapanzano@chu.ulg.ac.be,Demandes - Service d'assistance - Google Chrome,Tâches diverses,2021-11-09,09:30:54,00:00:40
stefano.crapanzano@chu.ulg.ac.be,Demandes - Service d'assistance - Google Chrome,Tâches diverses,2021-11-09,09:31:37,00:00:13
stefano.crapanzano@chu.ulg.ac.be,Demandes - Service d'assistance - Google Chrome,Tâches diverses,2021-11-09,09:56:53,00:00:16
stefano.crapanzano@chu.ulg.ac.be,Demandes - Service d'assistance - Google Chrome,Tâches diverses,2021-11-09,09:57:14,00:00:20
stefano.crapanzano@chu.ulg.ac.be,Demandes - Service d'assistance - Google Chrome,Tâches diverses,2021-11-09,09:57:48,00:00:12
stefano.crapanzano@chu.ulg.ac.be,Demandes - Service d'assistance - Google Chrome,Tâches diverses,2021-11-09,09:58:42,00:00:18
stefano.crapanzano@chu.ulg.ac.be,Demandes - Service d'assistance - Google Chrome,Tâches diverses,2021-11-09,09:59:12,00:00:04
stefano.crapanzano@chu.ulg.ac.be,Demandes - Service d'assistance - Google Chrome,Tâches diverses,2021-11-09,10:00:25,00:00:23
stefano.crapanzano@chu.ulg.ac.be,Demandes - Service d'assistance - Google Chrome,Tâches diverses,2021-11-09,10:01:10,00:00:02
stefano.crapanzano@chu.ulg.ac.be,Demandes - Service d'assistance - Google Chrome,Tâches diverses,2021-11-09,10:01:22,00:00:05
stefano.crapanzano@chu.ulg.ac.be,Demandes - Service d'assistance - Google Chrome,Tâches diverses,2021-11-09,10:02:38,00:00:49
stefano.crapanzano@chu.ulg.ac.be,Demandes - Service d'assistance - Google Chrome,Tâches diverses,2021-11-09,10:06:08,00:00:02
stefano.crapanzano@chu.ulg.ac.be,Demandes - Service d'assistance - Google Chrome,Helpdesk général,2021-11-09,10:14:16,00:00:54
stefano.crapanzano@chu.ulg.ac.be,Demandes - Service d'assistance - Google Chrome,Tâches diverses,2021-11-09,10:15:30,00:00:02
stefano.crapanzano@chu.ulg.ac.be,Demandes - Service d'assistance - Google Chrome,Tâches diverses,2021-11-09,10:19:25,00:00:04
stefano.crapanzano@chu.ulg.ac.be,Demandes - Service d'assistance - Google Chrome,Tâches diverses,2021-11-09,10:26:48,00:00:03
stefano.crapanzano@chu.ulg.ac.be,Demandes - Service d'assistance - Google Chrome,Helpdesk général,2021-11-09,11:56:09,00:00:34
stefano.crapanzano@chu.ulg.ac.be,Demandes - Service d'assistance - Google Chrome,Tâches diverses,2021-11-09,11:58:25,00:00:23
stefano.crapanzano@chu.ulg.ac.be,Demandes - Service d'assistance - Google Chrome,Tâches diverses,2021-11-09,12:02:25,00:00:02
stefano.crapanzano@chu.ulg.ac.be,Demandes - Service d'assistance - Google Chrome,Tâches diverses,2021-11-09,14:14:33,00:00:05
stefano.crapanzano@chu.ulg.ac.be,Demandes - Service d'assistance - Google Chrome,Tâches diverses,2021-11-09,14:20:48,00:00:18
stefano.crapanzano@chu.ulg.ac.be,Demandes - Service d'assistance - Google Chrome,Tâches diverses,2021-11-09,14:26:34,00:08:55
stefano.crapanzano@chu.ulg.ac.be,Demandes - Service d'assistance - Google Chrome,Tâches diverses,2021-11-09,14:35:34,00:00:12
stefano.crapanzano@chu.ulg.ac.be,Demandes - Service d'assistance - Google Chrome,Tâches diverses,2021-11-09,14:36:20,00:00:02
stefano.crapanzano@chu.ulg.ac.be,Demandes - Service d'assistance - Google Chrome,Tâches diverses,2021-11-09,14:36:28,00:00:02
stefano.crapanzano@chu.ulg.ac.be,Demandes - Service d'assistance - Google Chrome,Helpdesk général,2021-11-09,14:36:33,00:00:16
stefano.crapanzano@chu.ulg.ac.be,Demandes - Service d'assistance - Google Chrome,Tâches diverses,2021-11-09,14:41:24,00:00:05
stefano.crapanzano@chu.ulg.ac.be,Demandes - Service d'assistance - Google Chrome,Tâches diverses,2021-11-09,14:41:46,00:00:13
stefano.crapanzano@chu.ulg.ac.be,Demandes - Service d'assistance - Google Chrome,Tâches diverses,2021-11-09,14:42:03,00:00:14
stefano.crapanzano@chu.ulg.ac.be,Demandes - Service d'assistance - Google Chrome,Tâches diverses,2021-11-09,14:42:23,00:01:00
stefano.crapanzano@chu.ulg.ac.be,Demandes - Service d'assistance - Google Chrome,Tâches diverses,2021-11-09,14:43:56,00:00:12
stefano.crapanzano@chu.ulg.ac.be,Demandes - Service d'assistance - Google Chrome,Tâches diverses,2021-11-09,14:44:55,00:00:05
stefano.crapanzano@chu.ulg.ac.be,Demandes - Service d'assistance - Google Chrome,Tâches diverses,2021-11-09,14:47:06,00:00:11
stefano.crapanzano@chu.ulg.ac.be,Demandes - Service d'assistance - Google Chrome,Tâches diverses,2021-11-09,14:55:02,00:00:13
stefano.crapanzano@chu.ulg.ac.be,Demandes - Service d'assistance - Google Chrome,Tâches diverses,2021-11-09,14:57:58,00:00:10
stefano.crapanzano@chu.ulg.ac.be,Demandes - Service d'assistance - Google Chrome,Tâches diverses,2021-11-09,14:59:59,00:00:05
stefano.crapanzano@chu.ulg.ac.be,Demandes - Service d'assistance - Google Chrome,Tâches diverses,2021-11-09,15:00:59,00:00:06
stefano.crapanzano@chu.ulg.ac.be,Demandes - Service d'assistance - Google Chrome,Tâches diverses,2021-11-09,15:14:54,00:00:14
stefano.crapanzano@chu.ulg.ac.be,Demandes - Service d'assistance - Google Chrome,Tâches diverses,2021-11-09,15:15:32,00:00:18
stefano.crapanzano@chu.ulg.ac.be,Demandes - Service d'assistance - Google Chrome,Tâches diverses,2021-11-09,15:16:11,00:00:14
stefano.crapanzano@chu.ulg.ac.be,Envoyés - erp.sai@chuliege.be - Mozilla Thunderbird,Helpdesk général,2021-11-09,09:16:18,00:03:15
stefano.crapanzano@chu.ulg.ac.be,Envoyés - erp.sai@chuliege.be - Mozilla Thunderbird,Helpdesk général,2021-11-09,10:26:15,00:00:13
stefano.crapanzano@chu.ulg.ac.be,Envoyés - erp.sai@chuliege.be - Mozilla Thunderbird,Helpdesk général,2021-11-09,10:28:03,00:00:04
stefano.crapanzano@chu.ulg.ac.be,Envoyés - erp.sai@chuliege.be - Mozilla Thunderbird,Helpdesk général,2021-11-09,11:57:04,00:01:17
stefano.crapanzano@chu.ulg.ac.be,Envoyés - erp.sai@chuliege.be - Mozilla Thunderbird,Helpdesk général,2021-11-09,12:01:16,00:00:27
stefano.crapanzano@chu.ulg.ac.be,Envoyés - erp.sai@chuliege.be - Mozilla Thunderbird,Helpdesk général,2021-11-09,12:53:30,00:00:11
stefano.crapanzano@chu.ulg.ac.be,Envoyés - erp.sai@chuliege.be - Mozilla Thunderbird,Helpdesk général,2021-11-09,12:54:50,00:00:20
stefano.crapanzano@chu.ulg.ac.be,Envoyés - erp.sai@chuliege.be - Mozilla Thunderbird,Helpdesk général,2021-11-09,12:55:14,00:00:06
stefano.crapanzano@chu.ulg.ac.be,Envoyés - erp.sai@chuliege.be - Mozilla Thunderbird,Helpdesk général,2021-11-09,13:17:08,00:00:13
stefano.crapanzano@chu.ulg.ac.be,Envoyés - erp.sai@chuliege.be - Mozilla Thunderbird,Helpdesk général,2021-11-09,13:19:04,00:00:07
stefano.crapanzano@chu.ulg.ac.be,Mes rendez-vous - Google Chrome,Tâches diverses,2021-11-09,09:26:17,00:00:05
stefano.crapanzano@chu.ulg.ac.be,Mes rendez-vous - Google Chrome,Tâches diverses,2021-11-09,09:30:25,00:00:06
stefano.crapanzano@chu.ulg.ac.be,Mes rendez-vous - Google Chrome,Tâches diverses,2021-11-09,09:30:34,00:00:04
stefano.crapanzano@chu.ulg.ac.be,Mes rendez-vous - Google Chrome,Tâches diverses,2021-11-09,09:31:56,00:00:04
stefano.crapanzano@chu.ulg.ac.be,Mes rendez-vous - Google Chrome,Tâches diverses,2021-11-09,09:32:17,00:00:02
stefano.crapanzano@chu.ulg.ac.be,Mes rendez-vous - Google Chrome,Tâches diverses,2021-11-09,09:32:56,00:00:04
stefano.crapanzano@chu.ulg.ac.be,Mes rendez-vous - Google Chrome,Tâches diverses,2021-11-09,09:33:40,00:00:02
stefano.crapanzano@chu.ulg.ac.be,Mes rendez-vous - Google Chrome,Tâches diverses,2021-11-09,09:34:09,00:00:02
stefano.crapanzano@chu.ulg.ac.be,Mes rendez-vous - Google Chrome,Tâches diverses,2021-11-09,09:36:35,00:00:11
stefano.crapanzano@chu.ulg.ac.be,Mes rendez-vous - Google Chrome,Tâches diverses,2021-11-09,09:36:47,00:00:14
stefano.crapanzano@chu.ulg.ac.be,Mes rendez-vous - Google Chrome,Tâches diverses,2021-11-09,09:45:50,00:00:05
stefano.crapanzano@chu.ulg.ac.be,Mes rendez-vous - Google Chrome,Tâches diverses,2021-11-09,10:06:14,00:00:02
stefano.crapanzano@chu.ulg.ac.be,Mes rendez-vous - Google Chrome,Tâches diverses,2021-11-09,10:15:34,00:00:03
stefano.crapanzano@chu.ulg.ac.be,Mes rendez-vous - Google Chrome,Tâches diverses,2021-11-09,12:02:31,00:00:02
stefano.crapanzano@chu.ulg.ac.be,Mes rendez-vous - Google Chrome,Tâches diverses,2021-11-09,12:05:26,00:00:02
stefano.crapanzano@chu.ulg.ac.be,Identifiez-vous - Google Chrome,Tâches diverses,2021-11-09,09:26:28,00:00:09
stefano.crapanzano@chu.ulg.ac.be,itsme® - to prove it's you - Google Chrome,Tâches diverses,2021-11-09,09:26:37,00:00:15
stefano.crapanzano@chu.ulg.ac.be,502 Proxy Error - Google Chrome,Tâches diverses,2021-11-09,09:29:28,00:00:40
stefano.crapanzano@chu.ulg.ac.be,502 Proxy Error - Google Chrome,Tâches diverses,2021-11-09,09:31:50,00:00:05
stefano.crapanzano@chu.ulg.ac.be,502 Proxy Error - Google Chrome,Tâches diverses,2021-11-09,09:34:42,00:01:52
stefano.crapanzano@chu.ulg.ac.be,502 Proxy Error - Google Chrome,Tâches diverses,2021-11-09,09:37:01,00:05:53
stefano.crapanzano@chu.ulg.ac.be,502 Proxy Error - Google Chrome,Tâches diverses,2021-11-09,09:49:37,00:05:21
stefano.crapanzano@chu.ulg.ac.be,502 Proxy Error - Google Chrome,Tâches diverses,2021-11-09,09:56:49,00:00:02
stefano.crapanzano@chu.ulg.ac.be,502 Proxy Error - Google Chrome,Tâches diverses,2021-11-09,10:06:10,00:00:04
stefano.crapanzano@chu.ulg.ac.be,502 Proxy Error - Google Chrome,Tâches diverses,2021-11-09,10:07:17,00:05:51
stefano.crapanzano@chu.ulg.ac.be,CHU de Liège - prise de rendez-vous en ligne - Google Chrome,Tâches diverses,2021-11-09,09:30:22,00:00:02
stefano.crapanzano@chu.ulg.ac.be,c158492/intrastat_project - requirements.txt at master - intrastat_project - Gitea: Git with a cup of tea - Google Chrome,Tâches diverses,2021-11-09,09:33:12,00:00:02
stefano.crapanzano@chu.ulg.ac.be,Page Not Found - Gitea: Git with a cup of tea - Google Chrome,Tâches diverses,2021-11-09,09:33:16,00:00:02
stefano.crapanzano@chu.ulg.ac.be,Page Not Found - Gitea: Git with a cup of tea - Google Chrome,Tâches diverses,2021-11-09,09:33:20,00:00:09
stefano.crapanzano@chu.ulg.ac.be,Connexion - Gitea: Git with a cup of tea - Google Chrome,Tâches diverses,2021-11-09,09:33:29,00:00:06
stefano.crapanzano@chu.ulg.ac.be,c158492/intrastat_project - intrastat_project - Gitea: Git with a cup of tea - Google Chrome,Tâches diverses,2021-11-09,09:33:36,00:00:04
stefano.crapanzano@chu.ulg.ac.be,Service MT - Google Chrome,Tâches diverses,2021-11-09,09:33:53,00:00:15
stefano.crapanzano@chu.ulg.ac.be,Service MT - Google Chrome,Tâches diverses,2021-11-09,11:58:48,00:02:27
stefano.crapanzano@chu.ulg.ac.be,Service MT - Google Chrome,Tâches diverses,2021-11-09,15:15:51,00:00:19
stefano.crapanzano@chu.ulg.ac.be,Service MT - Google Chrome,Tâches diverses,2021-11-09,15:16:44,00:00:53
stefano.crapanzano@chu.ulg.ac.be,Service MT - Google Chrome,Tâches diverses,2021-11-09,15:18:05,00:00:02
stefano.crapanzano@chu.ulg.ac.be,Service MT - Google Chrome,Tâches diverses,2021-11-09,16:23:59,00:00:02
stefano.crapanzano@chu.ulg.ac.be,P203 CHU Localisation PDA non visible - Xperthis ERP4HC 1.0 - Service d'assistance - Google Chrome,Tâches diverses,2021-11-09,09:57:10,00:00:04
stefano.crapanzano@chu.ulg.ac.be,Quantité à commander ne vient pas de ZMMARTIKEL sur A03 - Xperthis ERP4HC 2.0 Rollout - Service d'assistance - Google Chrome,Tâches diverses,2021-11-09,09:57:35,00:00:13
stefano.crapanzano@chu.ulg.ac.be,Quantité à commander ne vient pas de ZMMARTIKEL sur A03 - Xperthis ERP4HC 2.0 Rollout - Service d'assistance - Google Chrome,Tâches diverses,2021-11-09,09:58:01,00:00:04
stefano.crapanzano@chu.ulg.ac.be,Quantité à commander ne vient pas de ZMMARTIKEL sur A03 - Xperthis ERP4HC 2.0 Rollout - Service d'assistance - Google Chrome,Tâches diverses,2021-11-09,09:58:24,00:00:18
stefano.crapanzano@chu.ulg.ac.be,SSP + Approbation + Workflow Approval inaccessible sur A03 - Xperthis ERP4HC 2.0 Rollout - Service d'assistance - Google Chrome,Tâches diverses,2021-11-09,09:58:06,00:00:17
stefano.crapanzano@chu.ulg.ac.be,P203 CHU - PE2 - Panier pour une immo - Erreur : Budget annuel dépassé - Xperthis ERP4HC 1.0 - Service d'assistance - Google Chrome,Tâches diverses,2021-11-09,09:59:16,00:00:45
stefano.crapanzano@chu.ulg.ac.be,P203 CHU - PE2 - Panier pour une immo - Erreur : Budget annuel dépassé - Xperthis ERP4HC 1.0 - Service d'assistance - Google Chrome,Tâches diverses,2021-11-09,10:00:20,00:00:05
stefano.crapanzano@chu.ulg.ac.be,P203 CHU - PE2 - Panier pour une immo - Erreur : Budget annuel dépassé - Xperthis ERP4HC 1.0 - Service d'assistance - Google Chrome,Tâches diverses,2021-11-09,10:13:23,00:00:08
stefano.crapanzano@chu.ulg.ac.be,SSP - Catalogue - Procédure pour le changement en masse de date de début/fin de validité - Xperthis ERP4HC 2.0 Rollout - Service d'assistance - Google Chrome,Tâches diverses,2021-11-09,10:00:49,00:00:21
stefano.crapanzano@chu.ulg.ac.be,Session SSP,Helpdesk général,2021-11-09,10:01:35,00:00:09
stefano.crapanzano@chu.ulg.ac.be,Modifier l’évènement : Session SSP,Helpdesk général,2021-11-09,10:01:46,00:00:08
stefano.crapanzano@chu.ulg.ac.be,auguste - Mozilla Thunderbird,Helpdesk général,2021-11-09,10:03:34,00:00:04
stefano.crapanzano@chu.ulg.ac.be,auguste - Mozilla Thunderbird,Helpdesk général,2021-11-09,10:04:48,00:00:06
stefano.crapanzano@chu.ulg.ac.be,Test GERA - ERP4HC 2.0 - Mozilla Thunderbird,Helpdesk général,2021-11-09,10:03:38,00:01:10
stefano.crapanzano@chu.ulg.ac.be,Test GERA - ERP4HC 2.0 - Mozilla Thunderbird,Helpdesk général,2021-11-09,10:05:01,00:00:02
stefano.crapanzano@chu.ulg.ac.be,Test GERA - ERP4HC 2.0 - Mozilla Thunderbird,Helpdesk général,2021-11-09,10:05:22,00:00:06
stefano.crapanzano@chu.ulg.ac.be,defgnee - Mozilla Thunderbird,Helpdesk général,2021-11-09,10:04:55,00:00:05
stefano.crapanzano@chu.ulg.ac.be,defgnee - Mozilla Thunderbird,Helpdesk général,2021-11-09,10:05:03,00:00:18
stefano.crapanzano@chu.ulg.ac.be,defgnee - Mozilla Thunderbird,Helpdesk général,2021-11-09,10:05:29,00:00:08
stefano.crapanzano@chu.ulg.ac.be,defgnee disponible - Mozilla Thunderbird,Helpdesk général,2021-11-09,10:05:37,00:00:19
stefano.crapanzano@chu.ulg.ac.be,Lecture documentation,Tâches diverses,2021-11-09,10:15:38,00:01:22
stefano.crapanzano@chu.ulg.ac.be,Lecture documentation,Tâches diverses,2021-11-09,10:17:04,00:01:18
stefano.crapanzano@chu.ulg.ac.be,Lecture documentation,Tâches diverses,2021-11-09,10:26:38,00:00:02
stefano.crapanzano@chu.ulg.ac.be,Lecture documentation,Tâches diverses,2021-11-09,11:56:46,00:00:03
stefano.crapanzano@chu.ulg.ac.be,Lecture documentation,Tâches diverses,2021-11-09,12:55:27,00:21:23
stefano.crapanzano@chu.ulg.ac.be,Lecture documentation,Tâches diverses,2021-11-09,13:17:31,00:00:34
stefano.crapanzano@chu.ulg.ac.be,Lecture documentation,Tâches diverses,2021-11-09,15:18:19,00:53:03
stefano.crapanzano@chu.ulg.ac.be,CHR/U - CHU - URL's PE2 + AE2 + X01 - OneNote,Tâches diverses,2021-11-09,14:55:59,00:00:04
stefano.crapanzano@chu.ulg.ac.be,Page d'accueil - Google Chrome,Tâches diverses,2021-11-09,10:18:31,00:00:41
stefano.crapanzano@chu.ulg.ac.be,Page d'accueil - Google Chrome,Helpdesk général,2021-11-09,10:19:22,00:00:02
stefano.crapanzano@chu.ulg.ac.be,Greenshot capture form,Helpdesk général,2021-11-09,10:19:12,00:00:09
stefano.crapanzano@chu.ulg.ac.be,Greenshot capture form,Helpdesk général,2021-11-09,10:35:33,00:00:07
stefano.crapanzano@chu.ulg.ac.be,ZORGI Help Center - Service d'assistance - Google Chrome,Tâches diverses,2021-11-09,10:19:29,00:00:04
stefano.crapanzano@chu.ulg.ac.be,Incident ERP for HealthCare - Xperthis ERP4HC 2.0 Rollout - Service d'assistance - Google Chrome,Tâches diverses,2021-11-09,10:19:33,00:01:00
stefano.crapanzano@chu.ulg.ac.be,Incident ERP for HealthCare - Xperthis ERP4HC 2.0 Rollout - Service d'assistance - Google Chrome,Tâches diverses,2021-11-09,10:20:43,00:00:11
stefano.crapanzano@chu.ulg.ac.be,SSP - Interface vide sur A03 - Xperthis ERP4HC 2.0 Rollout - Service d'assistance - Google Chrome,Tâches diverses,2021-11-09,10:26:41,00:00:06
stefano.crapanzano@chu.ulg.ac.be,SSP - Interface vide sur A03 - Xperthis ERP4HC 2.0 Rollout - Service d'assistance - Google Chrome,Tâches diverses,2021-11-09,12:02:10,00:00:13
stefano.crapanzano@chu.ulg.ac.be,Netop Invité,Helpdesk général,2021-11-09,10:31:22,00:00:04
stefano.crapanzano@chu.ulg.ac.be,Netop Invité,Helpdesk général,2021-11-09,11:56:05,00:00:02
stefano.crapanzano@chu.ulg.ac.be,Netop Invité,Helpdesk général,2021-11-09,12:53:41,00:00:04
stefano.crapanzano@chu.ulg.ac.be,Netop Invité,Helpdesk général,2021-11-09,16:11:24,00:00:19
stefano.crapanzano@chu.ulg.ac.be,Netop Invité,Helpdesk général,2021-11-09,16:23:23,00:00:02
stefano.crapanzano@chu.ulg.ac.be,Netop,Helpdesk général,2021-11-09,16:23:29,00:00:02
stefano.crapanzano@chu.ulg.ac.be,Connexion à l'aide de l'authentification Windows,Helpdesk général,2021-11-09,10:31:28,00:00:02
stefano.crapanzano@chu.ulg.ac.be,Connexion à l'aide de l'authentification Windows,Helpdesk général,2021-11-09,12:53:45,00:00:02
stefano.crapanzano@chu.ulg.ac.be,Connexion à l'aide de l'authentification Windows,Helpdesk général,2021-11-09,16:11:45,00:00:05
stefano.crapanzano@chu.ulg.ac.be,Connexion à l'aide de l'authentification Windows,Helpdesk général,2021-11-09,16:11:52,00:00:02
stefano.crapanzano@chu.ulg.ac.be,si-s-serv503 - Netop Remote Control,Helpdesk général,2021-11-09,10:31:32,00:00:37
stefano.crapanzano@chu.ulg.ac.be,si-s-serv503 - Netop Remote Control,Helpdesk général,2021-11-09,10:32:21,00:00:59
stefano.crapanzano@chu.ulg.ac.be,si-s-serv503 - Netop Remote Control,Helpdesk général,2021-11-09,10:35:05,00:00:05
stefano.crapanzano@chu.ulg.ac.be,si-s-serv503 - Netop Remote Control,Helpdesk général,2021-11-09,10:35:20,00:00:06
stefano.crapanzano@chu.ulg.ac.be,si-s-serv503 - Netop Remote Control,Helpdesk général,2021-11-09,10:35:54,01:20:06
stefano.crapanzano@chu.ulg.ac.be,si-s-serv503 - Netop Remote Control,Helpdesk général,2021-11-09,12:53:49,00:01:00
stefano.crapanzano@chu.ulg.ac.be,si-s-serv503 - Netop Remote Control,Helpdesk général,2021-11-09,12:55:11,00:00:02
stefano.crapanzano@chu.ulg.ac.be,Rédaction : Re: Scanning FRCHR : missing file from 08/11/2021 - Thunderbird,Helpdesk général,2021-11-09,10:33:24,00:01:39
stefano.crapanzano@chu.ulg.ac.be,Rédaction : Re: Scanning FRCHR : missing file from 08/11/2021 - Thunderbird,Helpdesk général,2021-11-09,10:35:10,00:00:08
stefano.crapanzano@chu.ulg.ac.be,Rédaction : Re: Scanning FRCHR : missing file from 08/11/2021 - Thunderbird,Helpdesk général,2021-11-09,10:35:42,00:00:07
stefano.crapanzano@chu.ulg.ac.be,Envoi du message - Re: Scanning FRCHR : missing file from 08/11/2021,Helpdesk général,2021-11-09,10:35:51,00:00:02
stefano.crapanzano@chu.ulg.ac.be,Sélection de jobs simple,Helpdesk général,2021-11-09,15:02:34,00:00:02
stefano.crapanzano@chu.ulg.ac.be,UltraGenda | Vos rendez-vous en ligne | v5.0.2.800 - Google Chrome,Tâches diverses,2021-11-09,12:02:43,00:02:42
stefano.crapanzano@chu.ulg.ac.be,UltraGenda | Vos rendez-vous en ligne | v5.0.2.800 - Google Chrome,Tâches diverses,2021-11-09,13:18:51,00:00:03
stefano.crapanzano@chu.ulg.ac.be,UltraGenda | Vos rendez-vous en ligne | v5.0.2.800 - Google Chrome,Helpdesk général,2021-11-09,13:19:19,00:00:09
stefano.crapanzano@chu.ulg.ac.be,UltraGenda | Vos rendez-vous en ligne | v5.0.2.800 - Google Chrome,Tâches diverses,2021-11-09,14:14:26,00:00:02
stefano.crapanzano@chu.ulg.ac.be,UltraGenda | Vos rendez-vous en ligne | v5.0.2.800 - Google Chrome,Tâches diverses,2021-11-09,14:36:22,00:00:04
stefano.crapanzano@chu.ulg.ac.be,Client Documents - Google Chrome,Tâches diverses,2021-11-09,13:18:45,00:00:04
stefano.crapanzano@chu.ulg.ac.be,Ouverture -Excel,Tâches diverses,2021-11-09,14:13:48,00:00:07
stefano.crapanzano@chu.ulg.ac.be,Ticket_ERP 2.0 en cours_Synthese.xlsx  [Mode protégé] - Excel,Tâches diverses,2021-11-09,14:13:55,00:00:04
stefano.crapanzano@chu.ulg.ac.be,Ticket_ERP 2.0 en cours_Synthese.xlsx  [Lecture seule] - Excel,Tâches diverses,2021-11-09,14:13:59,00:00:24
stefano.crapanzano@chu.ulg.ac.be,Ticket_ERP 2.0 en cours_Synthese.xlsx  [Lecture seule] - Excel,Tâches diverses,2021-11-09,14:15:04,00:00:04
stefano.crapanzano@chu.ulg.ac.be,Ticket_ERP 2.0 en cours_Synthese.xlsx  [Lecture seule] - Excel,Tâches diverses,2021-11-09,14:56:20,00:01:36
stefano.crapanzano@chu.ulg.ac.be,Ticket_ERP 2.0 en cours_Synthese.xlsx  [Lecture seule] - Excel,Tâches diverses,2021-11-09,14:59:35,00:00:18
stefano.crapanzano@chu.ulg.ac.be,Ticket_ERP 2.0 en cours_Synthese.xlsx  [Lecture seule] - Excel,Tâches diverses,2021-11-09,15:00:33,00:00:19
stefano.crapanzano@chu.ulg.ac.be,Ticket_ERP 2.0 en cours_Synthese.xlsx  [Lecture seule] - Excel,Tâches diverses,2021-11-09,15:01:41,00:00:33
stefano.crapanzano@chu.ulg.ac.be,Ticket_ERP 2.0 en cours_Synthese.xlsx  [Lecture seule] - Excel,Tâches diverses,2021-11-09,15:06:06,00:00:24
stefano.crapanzano@chu.ulg.ac.be,Ticket_ERP 2.0 en cours_Synthese.xlsx  [Lecture seule] - Excel,Tâches diverses,2021-11-09,15:06:34,00:01:25
stefano.crapanzano@chu.ulg.ac.be,Ticket_ERP 2.0 en cours_Synthese.xlsx  [Lecture seule] - Excel,Tâches diverses,2021-11-09,15:08:01,00:00:08
stefano.crapanzano@chu.ulg.ac.be,Flux des WOAR via les fichiers de commande PDA sur X01 - Xperthis ERP4HC 2.0 Rollout - Service d'assistance - Google Chrome,Tâches diverses,2021-11-09,14:14:39,00:00:25
stefano.crapanzano@chu.ulg.ac.be,Flux des WOAR via les fichiers de commande PDA sur X01 - Xperthis ERP4HC 2.0 Rollout - Service d'assistance - Google Chrome,Tâches diverses,2021-11-09,14:15:09,00:00:26
stefano.crapanzano@chu.ulg.ac.be,Flux des WOAR via les fichiers de commande PDA sur A03 - Xperthis ERP4HC 2.0 Rollout - Service d'assistance - Google Chrome,Tâches diverses,2021-11-09,14:15:36,00:02:32
stefano.crapanzano@chu.ulg.ac.be,Flux des WOAR via les fichiers de commande PDA sur A03 - Xperthis ERP4HC 2.0 Rollout - Service d'assistance - Google Chrome,Tâches diverses,2021-11-09,14:20:44,00:00:04
stefano.crapanzano@chu.ulg.ac.be,ledacte - Mozilla Thunderbird,Helpdesk général,2021-11-09,14:18:12,00:01:36
stefano.crapanzano@chu.ulg.ac.be,Blocage cmd pda - Mozilla Thunderbird,Helpdesk général,2021-11-09,14:19:49,00:00:26
stefano.crapanzano@chu.ulg.ac.be,Blocage cmd pda - Mozilla Thunderbird,Helpdesk général,2021-11-09,14:35:46,00:00:02
stefano.crapanzano@chu.ulg.ac.be,P203 CHU Plusieurs commandes GLIMS non traitées suite à un fichier mal formé - Xperthis ERP4HC 1.0 - Service d'assistance - Google Chrome,Tâches diverses,2021-11-09,14:21:07,00:05:27
stefano.crapanzano@chu.ulg.ac.be,P203 CHU Plusieurs commandes GLIMS non traitées suite à un fichier mal formé - Xperthis ERP4HC 1.0 - Service d'assistance - Google Chrome,Tâches diverses,2021-11-09,14:36:50,00:02:03
stefano.crapanzano@chu.ulg.ac.be,P203 CHU Plusieurs commandes GLIMS non traitées suite à un fichier mal formé - Xperthis ERP4HC 1.0 - Service d'assistance - Google Chrome,Tâches diverses,2021-11-09,14:39:01,00:02:23
stefano.crapanzano@chu.ulg.ac.be,P203 CHU Plusieurs commandes GLIMS non traitées suite à un fichier mal formé - Xperthis ERP4HC 1.0 - Service d'assistance - Google Chrome,Tâches diverses,2021-11-09,14:42:00,00:00:02
stefano.crapanzano@chu.ulg.ac.be,P203 CHU Plusieurs commandes GLIMS non traitées suite à un fichier mal formé - Xperthis ERP4HC 1.0 - Service d'assistance - Google Chrome,Tâches diverses,2021-11-09,14:44:09,00:00:45
stefano.crapanzano@chu.ulg.ac.be,P203 CHU Plusieurs commandes GLIMS non traitées suite à un fichier mal formé - Xperthis ERP4HC 1.0 - Service d'assistance - Google Chrome,Tâches diverses,2021-11-09,14:47:17,00:07:45
stefano.crapanzano@chu.ulg.ac.be,P203 CHU Plusieurs commandes GLIMS non traitées suite à un fichier mal formé - Xperthis ERP4HC 1.0 - Service d'assistance - Google Chrome,Tâches diverses,2021-11-09,15:16:25,00:00:10
stefano.crapanzano@chu.ulg.ac.be,P203 CHU Plusieurs commandes GLIMS non traitées suite à un fichier mal formé - Xperthis ERP4HC 1.0 - Service d'assistance - Google Chrome,Tâches diverses,2021-11-09,15:16:40,00:00:04
stefano.crapanzano@chu.ulg.ac.be,P203 CHU Plusieurs commandes GLIMS non traitées suite à un fichier mal formé - Xperthis ERP4HC 1.0 - Service d'assistance - Google Chrome,Tâches diverses,2021-11-09,16:24:02,00:00:06
stefano.crapanzano@chu.ulg.ac.be,https://jira.zorgi.be/servicedesk/customershim/secure/attachment/1105166/1105166_SAP202110280009.txt?fromIssue=682415 - Google Chrome,Tâches diverses,2021-11-09,14:38:54,00:00:06
stefano.crapanzano@chu.ulg.ac.be,P203 CHR FIA Fournisseur habituel - Xperthis ERP4HC 1.0 - Service d'assistance - Google Chrome,Tâches diverses,2021-11-09,14:41:30,00:00:16
stefano.crapanzano@chu.ulg.ac.be,A03-203 CHU Impossible de charger les fichiers HL7 dans SAP en A03 - Xperthis ERP4HC 2.0 Rollout - Service d'assistance - Google Chrome,Tâches diverses,2021-11-09,14:42:17,00:00:05
stefano.crapanzano@chu.ulg.ac.be,X01-203: Problème lors de la création d'une DA ou réservation à partir d'un fichier Glims - Xperthis ERP4HC 2.0 Rollout - Service d'assistance - Google Chrome,Tâches diverses,2021-11-09,14:43:23,00:00:33
stefano.crapanzano@chu.ulg.ac.be,Approbation de commandes d'achat - Xperthis ERP4HC 2.0 Rollout - Service d'assistance - Google Chrome,Tâches diverses,2021-11-09,14:58:09,00:01:16
stefano.crapanzano@chu.ulg.ac.be,Approbation de commandes d'achat - Xperthis ERP4HC 2.0 Rollout - Service d'assistance - Google Chrome,Tâches diverses,2021-11-09,14:59:27,00:00:08
stefano.crapanzano@chu.ulg.ac.be,Approbation de commandes d'achat - Xperthis ERP4HC 2.0 Rollout - Service d'assistance - Google Chrome,Tâches diverses,2021-11-09,14:59:55,00:00:04
stefano.crapanzano@chu.ulg.ac.be,Enregistrer sous,Tâches diverses,2021-11-09,15:08:09,00:00:12
stefano.crapanzano@chu.ulg.ac.be,Téléchargement données intrastat - Xperthis ERP4HC 2.0 Rollout - Service d'assistance - Google Chrome,Tâches diverses,2021-11-09,15:00:04,00:00:26
stefano.crapanzano@chu.ulg.ac.be,Téléchargement données intrastat - Xperthis ERP4HC 2.0 Rollout - Service d'assistance - Google Chrome,Tâches diverses,2021-11-09,15:00:53,00:00:05
stefano.crapanzano@chu.ulg.ac.be,Chargement photo d'un article sur SSP - Xperthis ERP4HC 2.0 Rollout - Service d'assistance - Google Chrome,Tâches diverses,2021-11-09,15:01:06,00:00:33
stefano.crapanzano@chu.ulg.ac.be,Chargement photo d'un article sur SSP - Xperthis ERP4HC 2.0 Rollout - Service d'assistance - Google Chrome,Tâches diverses,2021-11-09,15:14:52,00:00:02
stefano.crapanzano@chu.ulg.ac.be,Chargement photo d'un article sur SSP - Xperthis ERP4HC 2.0 Rollout - Service d'assistance - Google Chrome,Tâches diverses,2021-11-09,15:15:08,00:00:23
stefano.crapanzano@chu.ulg.ac.be,Chargement photo d'un article sur SSP - Xperthis ERP4HC 2.0 Rollout - Service d'assistance - Google Chrome,Tâches diverses,2021-11-09,15:18:14,00:00:05
stefano.crapanzano@chu.ulg.ac.be,SAP Logon 760,Exploration SAP,2021-11-09,15:02:40,00:00:05
stefano.crapanzano@chu.ulg.ac.be,SAP Easy Access Menu de base Applications financières-économiques,Exploration SAP,2021-11-09,15:02:45,00:00:02
stefano.crapanzano@chu.ulg.ac.be,SAP Easy Access Menu de base Applications financières-économiques,Exploration SAP,2021-11-09,15:03:38,00:00:02
stefano.crapanzano@chu.ulg.ac.be,SAP Easy Access Menu de base Applications financières-économiques,Exploration SAP,2021-11-09,15:04:30,00:00:08
stefano.crapanzano@chu.ulg.ac.be,SAP Easy Access Menu de base Applications financières-économiques,Exploration SAP,2021-11-09,15:14:49,00:00:02
stefano.crapanzano@chu.ulg.ac.be,Synthèse IDocs,Exploration SAP,2021-11-09,15:02:48,00:00:04
stefano.crapanzano@chu.ulg.ac.be,Overzicht IDocs,Exploration SAP,2021-11-09,15:02:52,00:00:16
stefano.crapanzano@chu.ulg.ac.be,Overzicht IDocs,Exploration SAP,2021-11-09,15:03:57,00:00:15
stefano.crapanzano@chu.ulg.ac.be,Overzicht IDocs,Exploration SAP,2021-11-09,15:04:21,00:00:09
stefano.crapanzano@chu.ulg.ac.be,Overzicht IDocs,Exploration SAP,2021-11-09,15:04:48,00:00:04
stefano.crapanzano@chu.ulg.ac.be,Overzicht IDocs,Exploration SAP,2021-11-09,15:05:05,00:00:02
stefano.crapanzano@chu.ulg.ac.be,Overzicht IDocs,Exploration SAP,2021-11-09,15:05:20,00:00:05
stefano.crapanzano@chu.ulg.ac.be,Overzicht IDocs,Helpdesk général,2021-11-09,15:14:20,00:00:15
stefano.crapanzano@chu.ulg.ac.be,Overzicht IDocs,Exploration SAP,2021-11-09,15:14:45,00:00:04
stefano.crapanzano@chu.ulg.ac.be,Affichage de l'IDoc : 0000000000350374,Exploration SAP,2021-11-09,15:03:08,00:00:10
stefano.crapanzano@chu.ulg.ac.be,Affichage de l'IDoc : 0000000000350374,Exploration SAP,2021-11-09,15:03:54,00:00:03
stefano.crapanzano@chu.ulg.ac.be,Performance Assistant,Exploration SAP,2021-11-09,15:03:19,00:00:17
stefano.crapanzano@chu.ulg.ac.be,Performance Assistant,Exploration SAP,2021-11-09,15:03:49,00:00:05
stefano.crapanzano@chu.ulg.ac.be,Gestion des utilisateurs : écran initial,Exploration SAP,2021-11-09,15:03:41,00:00:02
stefano.crapanzano@chu.ulg.ac.be,Afficher utilisateur,Exploration SAP,2021-11-09,15:03:43,00:00:02
stefano.crapanzano@chu.ulg.ac.be,Traitement IDocs,Exploration SAP,2021-11-09,15:04:12,00:00:08
stefano.crapanzano@chu.ulg.ac.be,Traitement IDocs,Exploration SAP,2021-11-09,15:14:35,00:00:09
stefano.crapanzano@chu.ulg.ac.be,Liste des utilisateurs,Exploration SAP,2021-11-09,15:04:39,00:00:08
stefano.crapanzano@chu.ulg.ac.be,Affichage de l'IDoc : 0000000000350367,Exploration SAP,2021-11-09,15:04:52,00:00:12
stefano.crapanzano@chu.ulg.ac.be,Affichage de l'IDoc : 0000000000350371,Exploration SAP,2021-11-09,15:05:08,00:00:12
stefano.crapanzano@chu.ulg.ac.be,Ticket_ERP 2.0 en cours_Synthese - Stefano.xlsx - Excel,Tâches diverses,2021-11-09,15:09:01,00:00:05
stefano.crapanzano@chu.ulg.ac.be,Rédaction : Re: Inventaire ticket erp2.0 - Thunderbird,Helpdesk général,2021-11-09,15:08:30,00:00:04
stefano.crapanzano@chu.ulg.ac.be,Rédaction : Re: Inventaire ticket erp2.0 - Thunderbird,Helpdesk général,2021-11-09,15:08:44,00:00:09
stefano.crapanzano@chu.ulg.ac.be,P203 CHU Serveur FTP Harpege 153.89.10.38 indisponible - Xperthis ERP4HC 1.0 - Service d'assistance - Google Chrome,Tâches diverses,2021-11-09,15:17:38,00:00:05
stefano.crapanzano@chu.ulg.ac.be,P203 CHU Serveur FTP Harpege 153.89.10.38 indisponible - Xperthis ERP4HC 1.0 - Service d'assistance - Google Chrome,Tâches diverses,2021-11-09,15:18:08,00:00:02
stefano.crapanzano@chu.ulg.ac.be,Intrastat - Google Chrome,Tâches diverses,2021-11-09,15:17:45,00:00:20
stefano.crapanzano@chu.ulg.ac.be,Intrastat - Google Chrome,Tâches diverses,2021-11-09,16:14:49,00:00:10
stefano.crapanzano@chu.ulg.ac.be,Intrastat - Google Chrome,Tâches diverses,2021-11-09,16:23:33,00:00:26
stefano.crapanzano@chu.ulg.ac.be,10.44.2.225 - Netop Remote Control,Helpdesk général,2021-11-09,16:11:56,00:02:49
stefano.crapanzano@chu.ulg.ac.be,10.44.2.225 - Netop Remote Control,Helpdesk général,2021-11-09,16:15:02,00:08:19
