Email,Description,Project,Start date,Start time,Duration
stefano.crapanzano@chu.ulg.ac.be,Administrateur : Perl (command line) - python  main.py,IT,2021-11-10,08:37:56,00:00:22
stefano.crapanzano@chu.ulg.ac.be,Administrateur : Perl (command line) - python  main.py,IT,2021-11-10,16:59:59,00:00:07
stefano.crapanzano@chu.ulg.ac.be,Courrier entrant - erp.sai@chuliege.be - Mozilla Thunderbird,Helpdesk général,2021-11-10,08:41:39,00:03:40
stefano.crapanzano@chu.ulg.ac.be,Courrier entrant - erp.sai@chuliege.be - Mozilla Thunderbird,Helpdesk général,2021-11-10,08:45:20,00:00:09
stefano.crapanzano@chu.ulg.ac.be,Courrier entrant - erp.sai@chuliege.be - Mozilla Thunderbird,Helpdesk général,2021-11-10,08:45:35,00:00:42
stefano.crapanzano@chu.ulg.ac.be,Courrier entrant - erp.sai@chuliege.be - Mozilla Thunderbird,Helpdesk général,2021-11-10,08:46:21,00:00:02
stefano.crapanzano@chu.ulg.ac.be,Courrier entrant - erp.sai@chuliege.be - Mozilla Thunderbird,Helpdesk général,2021-11-10,08:46:25,00:00:02
stefano.crapanzano@chu.ulg.ac.be,Courrier entrant - erp.sai@chuliege.be - Mozilla Thunderbird,Tâches diverses,2021-11-10,08:49:18,00:00:56
stefano.crapanzano@chu.ulg.ac.be,Courrier entrant - erp.sai@chuliege.be - Mozilla Thunderbird,Helpdesk général,2021-11-10,08:53:07,00:00:06
stefano.crapanzano@chu.ulg.ac.be,Courrier entrant - erp.sai@chuliege.be - Mozilla Thunderbird,Helpdesk général,2021-11-10,08:58:26,00:00:08
stefano.crapanzano@chu.ulg.ac.be,Courrier entrant - erp.sai@chuliege.be - Mozilla Thunderbird,Helpdesk général,2021-11-10,09:09:25,00:00:05
stefano.crapanzano@chu.ulg.ac.be,Courrier entrant - erp.sai@chuliege.be - Mozilla Thunderbird,Helpdesk général,2021-11-10,09:09:44,00:00:08
stefano.crapanzano@chu.ulg.ac.be,Courrier entrant - erp.sai@chuliege.be - Mozilla Thunderbird,Helpdesk général,2021-11-10,09:09:57,00:00:02
stefano.crapanzano@chu.ulg.ac.be,Courrier entrant - erp.sai@chuliege.be - Mozilla Thunderbird,Helpdesk général,2021-11-10,09:20:45,00:01:15
stefano.crapanzano@chu.ulg.ac.be,Courrier entrant - erp.sai@chuliege.be - Mozilla Thunderbird,Helpdesk général,2021-11-10,09:26:25,00:00:02
stefano.crapanzano@chu.ulg.ac.be,Courrier entrant - erp.sai@chuliege.be - Mozilla Thunderbird,Helpdesk général,2021-11-10,09:26:30,00:00:04
stefano.crapanzano@chu.ulg.ac.be,Courrier entrant - erp.sai@chuliege.be - Mozilla Thunderbird,Helpdesk général,2021-11-10,09:33:18,00:00:10
stefano.crapanzano@chu.ulg.ac.be,Courrier entrant - erp.sai@chuliege.be - Mozilla Thunderbird,Helpdesk général,2021-11-10,09:33:31,00:00:09
stefano.crapanzano@chu.ulg.ac.be,Courrier entrant - erp.sai@chuliege.be - Mozilla Thunderbird,Helpdesk général,2021-11-10,09:38:27,00:00:38
stefano.crapanzano@chu.ulg.ac.be,Courrier entrant - erp.sai@chuliege.be - Mozilla Thunderbird,Helpdesk général,2021-11-10,09:39:57,00:00:45
stefano.crapanzano@chu.ulg.ac.be,Courrier entrant - erp.sai@chuliege.be - Mozilla Thunderbird,Helpdesk général,2021-11-10,09:47:00,00:00:23
stefano.crapanzano@chu.ulg.ac.be,Courrier entrant - erp.sai@chuliege.be - Mozilla Thunderbird,Helpdesk général,2021-11-10,10:02:53,00:00:04
stefano.crapanzano@chu.ulg.ac.be,Courrier entrant - erp.sai@chuliege.be - Mozilla Thunderbird,Helpdesk général,2021-11-10,10:04:24,00:00:09
stefano.crapanzano@chu.ulg.ac.be,Courrier entrant - erp.sai@chuliege.be - Mozilla Thunderbird,Helpdesk général,2021-11-10,10:07:17,00:00:45
stefano.crapanzano@chu.ulg.ac.be,Courrier entrant - erp.sai@chuliege.be - Mozilla Thunderbird,Helpdesk général,2021-11-10,10:13:28,00:00:34
stefano.crapanzano@chu.ulg.ac.be,Courrier entrant - erp.sai@chuliege.be - Mozilla Thunderbird,Helpdesk général,2021-11-10,10:38:21,00:00:05
stefano.crapanzano@chu.ulg.ac.be,Courrier entrant - erp.sai@chuliege.be - Mozilla Thunderbird,Helpdesk général,2021-11-10,10:41:27,00:00:12
stefano.crapanzano@chu.ulg.ac.be,Courrier entrant - erp.sai@chuliege.be - Mozilla Thunderbird,Helpdesk général,2021-11-10,10:51:40,00:00:51
stefano.crapanzano@chu.ulg.ac.be,Courrier entrant - erp.sai@chuliege.be - Mozilla Thunderbird,Helpdesk général,2021-11-10,10:55:18,00:00:02
stefano.crapanzano@chu.ulg.ac.be,Courrier entrant - erp.sai@chuliege.be - Mozilla Thunderbird,Helpdesk général,2021-11-10,10:55:34,00:00:02
stefano.crapanzano@chu.ulg.ac.be,Courrier entrant - erp.sai@chuliege.be - Mozilla Thunderbird,Helpdesk général,2021-11-10,10:57:00,00:00:16
stefano.crapanzano@chu.ulg.ac.be,Courrier entrant - erp.sai@chuliege.be - Mozilla Thunderbird,Helpdesk général,2021-11-10,11:09:40,00:00:06
stefano.crapanzano@chu.ulg.ac.be,Courrier entrant - erp.sai@chuliege.be - Mozilla Thunderbird,Helpdesk général,2021-11-10,11:12:52,00:00:02
stefano.crapanzano@chu.ulg.ac.be,Courrier entrant - erp.sai@chuliege.be - Mozilla Thunderbird,Helpdesk général,2021-11-10,11:12:58,00:00:02
stefano.crapanzano@chu.ulg.ac.be,Courrier entrant - erp.sai@chuliege.be - Mozilla Thunderbird,Helpdesk général,2021-11-10,11:15:52,00:01:17
stefano.crapanzano@chu.ulg.ac.be,Courrier entrant - erp.sai@chuliege.be - Mozilla Thunderbird,Helpdesk général,2021-11-10,11:17:10,00:00:09
stefano.crapanzano@chu.ulg.ac.be,Courrier entrant - erp.sai@chuliege.be - Mozilla Thunderbird,Helpdesk général,2021-11-10,11:17:21,00:00:23
stefano.crapanzano@chu.ulg.ac.be,Courrier entrant - erp.sai@chuliege.be - Mozilla Thunderbird,Helpdesk général,2021-11-10,11:17:57,00:00:04
stefano.crapanzano@chu.ulg.ac.be,Courrier entrant - erp.sai@chuliege.be - Mozilla Thunderbird,Helpdesk général,2021-11-10,11:34:59,00:00:04
stefano.crapanzano@chu.ulg.ac.be,Courrier entrant - erp.sai@chuliege.be - Mozilla Thunderbird,Helpdesk général,2021-11-10,11:43:19,00:00:06
stefano.crapanzano@chu.ulg.ac.be,Courrier entrant - erp.sai@chuliege.be - Mozilla Thunderbird,Helpdesk général,2021-11-10,11:43:29,00:00:23
stefano.crapanzano@chu.ulg.ac.be,Courrier entrant - erp.sai@chuliege.be - Mozilla Thunderbird,Helpdesk général,2021-11-10,11:46:26,00:00:09
stefano.crapanzano@chu.ulg.ac.be,Courrier entrant - erp.sai@chuliege.be - Mozilla Thunderbird,Helpdesk général,2021-11-10,11:46:37,00:00:02
stefano.crapanzano@chu.ulg.ac.be,Courrier entrant - erp.sai@chuliege.be - Mozilla Thunderbird,Helpdesk général,2021-11-10,11:46:53,00:01:08
stefano.crapanzano@chu.ulg.ac.be,Courrier entrant - erp.sai@chuliege.be - Mozilla Thunderbird,Helpdesk général,2021-11-10,11:48:03,00:00:17
stefano.crapanzano@chu.ulg.ac.be,Courrier entrant - erp.sai@chuliege.be - Mozilla Thunderbird,Helpdesk général,2021-11-10,11:50:08,00:00:29
stefano.crapanzano@chu.ulg.ac.be,Courrier entrant - erp.sai@chuliege.be - Mozilla Thunderbird,Helpdesk général,2021-11-10,12:02:37,00:00:16
stefano.crapanzano@chu.ulg.ac.be,Courrier entrant - erp.sai@chuliege.be - Mozilla Thunderbird,Helpdesk général,2021-11-10,12:02:57,00:00:45
stefano.crapanzano@chu.ulg.ac.be,Courrier entrant - erp.sai@chuliege.be - Mozilla Thunderbird,Helpdesk général,2021-11-10,12:05:02,00:00:22
stefano.crapanzano@chu.ulg.ac.be,Courrier entrant - erp.sai@chuliege.be - Mozilla Thunderbird,Helpdesk général,2021-11-10,12:06:22,00:00:23
stefano.crapanzano@chu.ulg.ac.be,Courrier entrant - erp.sai@chuliege.be - Mozilla Thunderbird,Helpdesk général,2021-11-10,12:17:53,00:00:05
stefano.crapanzano@chu.ulg.ac.be,Courrier entrant - erp.sai@chuliege.be - Mozilla Thunderbird,Helpdesk général,2021-11-10,12:18:00,00:00:17
stefano.crapanzano@chu.ulg.ac.be,Courrier entrant - erp.sai@chuliege.be - Mozilla Thunderbird,Helpdesk général,2021-11-10,12:18:58,00:00:05
stefano.crapanzano@chu.ulg.ac.be,Courrier entrant - erp.sai@chuliege.be - Mozilla Thunderbird,Helpdesk général,2021-11-10,12:26:38,00:00:04
stefano.crapanzano@chu.ulg.ac.be,Courrier entrant - erp.sai@chuliege.be - Mozilla Thunderbird,Helpdesk général,2021-11-10,12:27:38,00:00:09
stefano.crapanzano@chu.ulg.ac.be,Courrier entrant - erp.sai@chuliege.be - Mozilla Thunderbird,Helpdesk général,2021-11-10,13:08:36,00:00:06
stefano.crapanzano@chu.ulg.ac.be,Courrier entrant - erp.sai@chuliege.be - Mozilla Thunderbird,Helpdesk général,2021-11-10,13:09:18,00:00:02
stefano.crapanzano@chu.ulg.ac.be,Courrier entrant - erp.sai@chuliege.be - Mozilla Thunderbird,Helpdesk général,2021-11-10,13:11:49,00:00:02
stefano.crapanzano@chu.ulg.ac.be,Courrier entrant - erp.sai@chuliege.be - Mozilla Thunderbird,Helpdesk général,2021-11-10,13:11:53,00:00:55
stefano.crapanzano@chu.ulg.ac.be,Courrier entrant - erp.sai@chuliege.be - Mozilla Thunderbird,Helpdesk général,2021-11-10,13:12:53,00:00:02
stefano.crapanzano@chu.ulg.ac.be,Courrier entrant - erp.sai@chuliege.be - Mozilla Thunderbird,Helpdesk général,2021-11-10,13:15:11,00:05:21
stefano.crapanzano@chu.ulg.ac.be,Courrier entrant - erp.sai@chuliege.be - Mozilla Thunderbird,Helpdesk général,2021-11-10,13:25:45,00:00:45
stefano.crapanzano@chu.ulg.ac.be,Courrier entrant - erp.sai@chuliege.be - Mozilla Thunderbird,Helpdesk général,2021-11-10,13:30:38,00:00:08
stefano.crapanzano@chu.ulg.ac.be,Courrier entrant - erp.sai@chuliege.be - Mozilla Thunderbird,Helpdesk général,2021-11-10,13:51:23,00:00:09
stefano.crapanzano@chu.ulg.ac.be,Courrier entrant - erp.sai@chuliege.be - Mozilla Thunderbird,Helpdesk général,2021-11-10,13:52:00,00:00:02
stefano.crapanzano@chu.ulg.ac.be,Courrier entrant - erp.sai@chuliege.be - Mozilla Thunderbird,Helpdesk général,2021-11-10,13:55:19,00:00:08
stefano.crapanzano@chu.ulg.ac.be,Courrier entrant - erp.sai@chuliege.be - Mozilla Thunderbird,Tâches diverses,2021-11-10,13:55:42,00:00:02
stefano.crapanzano@chu.ulg.ac.be,Courrier entrant - erp.sai@chuliege.be - Mozilla Thunderbird,Helpdesk général,2021-11-10,14:00:05,00:00:02
stefano.crapanzano@chu.ulg.ac.be,Courrier entrant - erp.sai@chuliege.be - Mozilla Thunderbird,Helpdesk général,2021-11-10,14:00:10,00:00:18
stefano.crapanzano@chu.ulg.ac.be,Courrier entrant - erp.sai@chuliege.be - Mozilla Thunderbird,Helpdesk général,2021-11-10,14:09:59,00:00:02
stefano.crapanzano@chu.ulg.ac.be,Courrier entrant - erp.sai@chuliege.be - Mozilla Thunderbird,Helpdesk général,2021-11-10,14:10:14,00:00:05
stefano.crapanzano@chu.ulg.ac.be,Courrier entrant - erp.sai@chuliege.be - Mozilla Thunderbird,Helpdesk général,2021-11-10,14:35:25,00:00:04
stefano.crapanzano@chu.ulg.ac.be,Courrier entrant - erp.sai@chuliege.be - Mozilla Thunderbird,Helpdesk général,2021-11-10,14:37:47,00:00:09
stefano.crapanzano@chu.ulg.ac.be,Courrier entrant - erp.sai@chuliege.be - Mozilla Thunderbird,Helpdesk général,2021-11-10,14:48:14,00:00:10
stefano.crapanzano@chu.ulg.ac.be,Courrier entrant - erp.sai@chuliege.be - Mozilla Thunderbird,Tâches diverses,2021-11-10,14:48:44,00:00:02
stefano.crapanzano@chu.ulg.ac.be,Courrier entrant - erp.sai@chuliege.be - Mozilla Thunderbird,Helpdesk général,2021-11-10,14:59:01,00:00:16
stefano.crapanzano@chu.ulg.ac.be,Courrier entrant - erp.sai@chuliege.be - Mozilla Thunderbird,Helpdesk général,2021-11-10,15:17:38,00:00:06
stefano.crapanzano@chu.ulg.ac.be,Courrier entrant - erp.sai@chuliege.be - Mozilla Thunderbird,Helpdesk général,2021-11-10,15:18:48,00:00:05
stefano.crapanzano@chu.ulg.ac.be,Courrier entrant - erp.sai@chuliege.be - Mozilla Thunderbird,Helpdesk général,2021-11-10,15:29:50,00:00:23
stefano.crapanzano@chu.ulg.ac.be,Courrier entrant - erp.sai@chuliege.be - Mozilla Thunderbird,Helpdesk général,2021-11-10,15:30:17,00:00:14
stefano.crapanzano@chu.ulg.ac.be,Courrier entrant - erp.sai@chuliege.be - Mozilla Thunderbird,Helpdesk général,2021-11-10,15:31:29,00:00:09
stefano.crapanzano@chu.ulg.ac.be,Courrier entrant - erp.sai@chuliege.be - Mozilla Thunderbird,Helpdesk général,2021-11-10,15:33:40,00:01:20
stefano.crapanzano@chu.ulg.ac.be,Courrier entrant - erp.sai@chuliege.be - Mozilla Thunderbird,Helpdesk général,2021-11-10,15:35:09,00:00:04
stefano.crapanzano@chu.ulg.ac.be,Courrier entrant - erp.sai@chuliege.be - Mozilla Thunderbird,Helpdesk général,2021-11-10,15:40:39,00:00:09
stefano.crapanzano@chu.ulg.ac.be,Courrier entrant - erp.sai@chuliege.be - Mozilla Thunderbird,Helpdesk général,2021-11-10,15:42:08,00:00:02
stefano.crapanzano@chu.ulg.ac.be,Courrier entrant - erp.sai@chuliege.be - Mozilla Thunderbird,Helpdesk général,2021-11-10,15:43:19,00:00:02
stefano.crapanzano@chu.ulg.ac.be,Courrier entrant - erp.sai@chuliege.be - Mozilla Thunderbird,Tâches diverses,2021-11-10,15:50:51,00:00:05
stefano.crapanzano@chu.ulg.ac.be,Courrier entrant - erp.sai@chuliege.be - Mozilla Thunderbird,Helpdesk général,2021-11-10,15:51:04,00:00:02
stefano.crapanzano@chu.ulg.ac.be,Courrier entrant - erp.sai@chuliege.be - Mozilla Thunderbird,Helpdesk général,2021-11-10,15:57:03,00:00:02
stefano.crapanzano@chu.ulg.ac.be,Courrier entrant - erp.sai@chuliege.be - Mozilla Thunderbird,Helpdesk général,2021-11-10,15:57:07,00:00:16
stefano.crapanzano@chu.ulg.ac.be,Courrier entrant - erp.sai@chuliege.be - Mozilla Thunderbird,Helpdesk général,2021-11-10,16:11:02,00:00:02
stefano.crapanzano@chu.ulg.ac.be,Courrier entrant - erp.sai@chuliege.be - Mozilla Thunderbird,Helpdesk général,2021-11-10,16:11:16,00:00:45
stefano.crapanzano@chu.ulg.ac.be,Courrier entrant - erp.sai@chuliege.be - Mozilla Thunderbird,Helpdesk général,2021-11-10,16:12:54,00:00:05
stefano.crapanzano@chu.ulg.ac.be,Courrier entrant - erp.sai@chuliege.be - Mozilla Thunderbird,Helpdesk général,2021-11-10,16:13:10,00:02:57
stefano.crapanzano@chu.ulg.ac.be,Courrier entrant - erp.sai@chuliege.be - Mozilla Thunderbird,Helpdesk général,2021-11-10,16:17:42,00:02:50
stefano.crapanzano@chu.ulg.ac.be,Lecture documentation,Tâches diverses,2021-11-10,08:38:19,00:03:17
stefano.crapanzano@chu.ulg.ac.be,Lecture documentation,Tâches diverses,2021-11-10,09:11:04,00:07:46
stefano.crapanzano@chu.ulg.ac.be,Lecture documentation,Tâches diverses,2021-11-10,10:52:33,00:00:15
stefano.crapanzano@chu.ulg.ac.be,Lecture documentation,Tâches diverses,2021-11-10,10:53:40,00:00:25
stefano.crapanzano@chu.ulg.ac.be,Lecture documentation,Tâches diverses,2021-11-10,10:54:07,00:01:07
stefano.crapanzano@chu.ulg.ac.be,Lecture documentation,Tâches diverses,2021-11-10,11:10:10,00:02:35
stefano.crapanzano@chu.ulg.ac.be,Lecture documentation,Tâches diverses,2021-11-10,11:43:55,00:01:31
stefano.crapanzano@chu.ulg.ac.be,Lecture documentation,Tâches diverses,2021-11-10,11:45:36,00:00:48
stefano.crapanzano@chu.ulg.ac.be,Lecture documentation,Tâches diverses,2021-11-10,11:46:41,00:00:11
stefano.crapanzano@chu.ulg.ac.be,Lecture documentation,Tâches diverses,2021-11-10,11:57:26,00:00:06
stefano.crapanzano@chu.ulg.ac.be,Lecture documentation,Tâches diverses,2021-11-10,12:19:19,00:03:30
stefano.crapanzano@chu.ulg.ac.be,Lecture documentation,Tâches diverses,2021-11-10,12:27:51,00:00:31
stefano.crapanzano@chu.ulg.ac.be,Lecture documentation,Tâches diverses,2021-11-10,12:28:37,00:01:27
stefano.crapanzano@chu.ulg.ac.be,Lecture documentation,Tâches diverses,2021-11-10,12:30:06,00:13:17
stefano.crapanzano@chu.ulg.ac.be,Lecture documentation,Tâches diverses,2021-11-10,12:47:44,00:07:23
stefano.crapanzano@chu.ulg.ac.be,Lecture documentation,Tâches diverses,2021-11-10,12:58:09,00:04:25
stefano.crapanzano@chu.ulg.ac.be,Lecture documentation,Tâches diverses,2021-11-10,13:03:30,00:05:04
stefano.crapanzano@chu.ulg.ac.be,Lecture documentation,Tâches diverses,2021-11-10,13:09:27,00:02:21
stefano.crapanzano@chu.ulg.ac.be,Lecture documentation,Tâches diverses,2021-11-10,13:26:30,00:03:49
stefano.crapanzano@chu.ulg.ac.be,Lecture documentation,Tâches diverses,2021-11-10,13:39:45,00:11:37
stefano.crapanzano@chu.ulg.ac.be,Lecture documentation,Tâches diverses,2021-11-10,13:55:45,00:01:16
stefano.crapanzano@chu.ulg.ac.be,Lecture documentation,Tâches diverses,2021-11-10,13:57:07,00:00:11
stefano.crapanzano@chu.ulg.ac.be,Lecture documentation,Tâches diverses,2021-11-10,13:57:22,00:00:06
stefano.crapanzano@chu.ulg.ac.be,Lecture documentation,Tâches diverses,2021-11-10,14:00:30,00:00:41
stefano.crapanzano@chu.ulg.ac.be,Lecture documentation,Tâches diverses,2021-11-10,14:01:55,00:05:31
stefano.crapanzano@chu.ulg.ac.be,Lecture documentation,Tâches diverses,2021-11-10,14:09:57,00:00:02
stefano.crapanzano@chu.ulg.ac.be,Lecture documentation,Tâches diverses,2021-11-10,14:10:21,00:19:24
stefano.crapanzano@chu.ulg.ac.be,Lecture documentation,Tâches diverses,2021-11-10,14:35:55,00:00:08
stefano.crapanzano@chu.ulg.ac.be,Lecture documentation,Tâches diverses,2021-11-10,14:50:25,00:01:59
stefano.crapanzano@chu.ulg.ac.be,Lecture documentation,Tâches diverses,2021-11-10,14:52:36,00:02:22
stefano.crapanzano@chu.ulg.ac.be,Lecture documentation,Tâches diverses,2021-11-10,14:55:13,00:00:58
stefano.crapanzano@chu.ulg.ac.be,Lecture documentation,Tâches diverses,2021-11-10,14:56:16,00:02:14
stefano.crapanzano@chu.ulg.ac.be,Lecture documentation,Tâches diverses,2021-11-10,14:58:56,00:00:02
stefano.crapanzano@chu.ulg.ac.be,Lecture documentation,Tâches diverses,2021-11-10,15:29:36,00:00:14
stefano.crapanzano@chu.ulg.ac.be,Lecture documentation,Tâches diverses,2021-11-10,15:32:12,00:00:12
stefano.crapanzano@chu.ulg.ac.be,Lecture documentation,Tâches diverses,2021-11-10,15:32:30,00:00:21
stefano.crapanzano@chu.ulg.ac.be,Lecture documentation,Tâches diverses,2021-11-10,15:51:15,00:04:29
stefano.crapanzano@chu.ulg.ac.be,Lecture documentation,Tâches diverses,2021-11-10,15:55:47,00:00:47
stefano.crapanzano@chu.ulg.ac.be,Lecture documentation,Tâches diverses,2021-11-10,15:56:36,00:00:24
stefano.crapanzano@chu.ulg.ac.be,Lecture documentation,Tâches diverses,2021-11-10,15:57:24,00:03:38
stefano.crapanzano@chu.ulg.ac.be,Lecture documentation,Tâches diverses,2021-11-10,16:02:41,00:01:55
stefano.crapanzano@chu.ulg.ac.be,Lecture documentation,Tâches diverses,2021-11-10,16:05:56,00:02:03
stefano.crapanzano@chu.ulg.ac.be,Lecture documentation,Tâches diverses,2021-11-10,16:08:20,00:00:03
stefano.crapanzano@chu.ulg.ac.be,Lecture documentation,Tâches diverses,2021-11-10,16:08:38,00:00:02
stefano.crapanzano@chu.ulg.ac.be,Lecture documentation,Tâches diverses,2021-11-10,16:09:18,00:00:19
stefano.crapanzano@chu.ulg.ac.be,Lecture documentation,Tâches diverses,2021-11-10,16:11:04,00:00:11
stefano.crapanzano@chu.ulg.ac.be,Lecture documentation,Tâches diverses,2021-11-10,16:12:02,00:00:50
stefano.crapanzano@chu.ulg.ac.be,Lecture documentation,Tâches diverses,2021-11-10,16:17:35,00:00:02
stefano.crapanzano@chu.ulg.ac.be,Lecture documentation,Tâches diverses,2021-11-10,16:20:32,00:34:04
stefano.crapanzano@chu.ulg.ac.be,Lecture documentation,Tâches diverses,2021-11-10,16:54:38,00:00:54
stefano.crapanzano@chu.ulg.ac.be,Courrier entrant - stefano.crapanzano@chuliege.be - Mozilla Thunderbird,Helpdesk général,2021-11-10,08:54:47,00:00:02
stefano.crapanzano@chu.ulg.ac.be,Courrier entrant - stefano.crapanzano@chuliege.be - Mozilla Thunderbird,Helpdesk général,2021-11-10,08:55:20,00:00:08
stefano.crapanzano@chu.ulg.ac.be,Courrier entrant - stefano.crapanzano@chuliege.be - Mozilla Thunderbird,Helpdesk général,2021-11-10,08:58:14,00:00:04
stefano.crapanzano@chu.ulg.ac.be,Courrier entrant - stefano.crapanzano@chuliege.be - Mozilla Thunderbird,Helpdesk général,2021-11-10,08:58:34,00:00:10
stefano.crapanzano@chu.ulg.ac.be,Courrier entrant - stefano.crapanzano@chuliege.be - Mozilla Thunderbird,Tâches diverses,2021-11-10,09:07:08,00:00:02
stefano.crapanzano@chu.ulg.ac.be,Courrier entrant - stefano.crapanzano@chuliege.be - Mozilla Thunderbird,Helpdesk général,2021-11-10,09:09:30,00:00:02
stefano.crapanzano@chu.ulg.ac.be,Courrier entrant - stefano.crapanzano@chuliege.be - Mozilla Thunderbird,Helpdesk général,2021-11-10,09:09:52,00:00:05
stefano.crapanzano@chu.ulg.ac.be,Courrier entrant - stefano.crapanzano@chuliege.be - Mozilla Thunderbird,Helpdesk général,2021-11-10,10:17:23,00:00:33
stefano.crapanzano@chu.ulg.ac.be,Courrier entrant - stefano.crapanzano@chuliege.be - Mozilla Thunderbird,Helpdesk général,2021-11-10,10:18:39,00:01:29
stefano.crapanzano@chu.ulg.ac.be,Courrier entrant - stefano.crapanzano@chuliege.be - Mozilla Thunderbird,Helpdesk général,2021-11-10,11:04:29,00:00:28
stefano.crapanzano@chu.ulg.ac.be,Courrier entrant - stefano.crapanzano@chuliege.be - Mozilla Thunderbird,Helpdesk général,2021-11-10,11:12:54,00:00:02
stefano.crapanzano@chu.ulg.ac.be,Courrier entrant - stefano.crapanzano@chuliege.be - Mozilla Thunderbird,Helpdesk général,2021-11-10,11:17:44,00:00:12
stefano.crapanzano@chu.ulg.ac.be,Courrier entrant - stefano.crapanzano@chuliege.be - Mozilla Thunderbird,Helpdesk général,2021-11-10,11:43:26,00:00:02
stefano.crapanzano@chu.ulg.ac.be,Courrier entrant - stefano.crapanzano@chuliege.be - Mozilla Thunderbird,Helpdesk général,2021-11-10,12:27:48,00:00:02
stefano.crapanzano@chu.ulg.ac.be,Courrier entrant - stefano.crapanzano@chuliege.be - Mozilla Thunderbird,Helpdesk général,2021-11-10,12:28:22,00:00:13
stefano.crapanzano@chu.ulg.ac.be,Courrier entrant - stefano.crapanzano@chuliege.be - Mozilla Thunderbird,Helpdesk général,2021-11-10,12:43:23,00:00:04
stefano.crapanzano@chu.ulg.ac.be,Courrier entrant - stefano.crapanzano@chuliege.be - Mozilla Thunderbird,Helpdesk général,2021-11-10,12:43:29,00:04:14
stefano.crapanzano@chu.ulg.ac.be,Courrier entrant - stefano.crapanzano@chuliege.be - Mozilla Thunderbird,Helpdesk général,2021-11-10,12:55:07,00:01:06
stefano.crapanzano@chu.ulg.ac.be,Courrier entrant - stefano.crapanzano@chuliege.be - Mozilla Thunderbird,Helpdesk général,2021-11-10,12:56:15,00:00:04
stefano.crapanzano@chu.ulg.ac.be,Courrier entrant - stefano.crapanzano@chuliege.be - Mozilla Thunderbird,Helpdesk général,2021-11-10,13:09:21,00:00:02
stefano.crapanzano@chu.ulg.ac.be,Courrier entrant - stefano.crapanzano@chuliege.be - Mozilla Thunderbird,Helpdesk général,2021-11-10,13:30:46,00:08:05
stefano.crapanzano@chu.ulg.ac.be,Courrier entrant - stefano.crapanzano@chuliege.be - Mozilla Thunderbird,Tâches diverses,2021-11-10,13:51:57,00:00:02
stefano.crapanzano@chu.ulg.ac.be,Courrier entrant - stefano.crapanzano@chuliege.be - Mozilla Thunderbird,Helpdesk général,2021-11-10,14:10:02,00:00:02
stefano.crapanzano@chu.ulg.ac.be,Courrier entrant - stefano.crapanzano@chuliege.be - Mozilla Thunderbird,Helpdesk général,2021-11-10,15:17:45,00:00:47
stefano.crapanzano@chu.ulg.ac.be,Courrier entrant - stefano.crapanzano@chuliege.be - Mozilla Thunderbird,Helpdesk général,2021-11-10,15:28:09,00:00:13
stefano.crapanzano@chu.ulg.ac.be,Courrier entrant - stefano.crapanzano@chuliege.be - Mozilla Thunderbird,Helpdesk général,2021-11-10,15:35:00,00:00:05
stefano.crapanzano@chu.ulg.ac.be,Courrier entrant - stefano.crapanzano@chuliege.be - Mozilla Thunderbird,Helpdesk général,2021-11-10,15:50:56,00:00:08
stefano.crapanzano@chu.ulg.ac.be,Courrier entrant - stefano.crapanzano@chuliege.be - Mozilla Thunderbird,Helpdesk général,2021-11-10,15:57:01,00:00:02
stefano.crapanzano@chu.ulg.ac.be,Courrier entrant - stefano.crapanzano@chuliege.be - Mozilla Thunderbird,Helpdesk général,2021-11-10,16:12:52,00:00:02
stefano.crapanzano@chu.ulg.ac.be,Courrier entrant - stefano.crapanzano@chuliege.be - Mozilla Thunderbird,Helpdesk général,2021-11-10,16:16:07,00:01:27
stefano.crapanzano@chu.ulg.ac.be,Courrier entrant - stefano.crapanzano@chuliege.be - Mozilla Thunderbird,Helpdesk général,2021-11-10,16:17:39,00:00:02
stefano.crapanzano@chu.ulg.ac.be,Courrier entrant - stefano.crapanzano@chuliege.be - Mozilla Thunderbird,Helpdesk général,2021-11-10,16:59:56,00:00:02
stefano.crapanzano@chu.ulg.ac.be,Envoyés - erp.sai@chuliege.be - Mozilla Thunderbird,Helpdesk général,2021-11-10,08:46:18,00:00:02
stefano.crapanzano@chu.ulg.ac.be,Envoyés - erp.sai@chuliege.be - Mozilla Thunderbird,Helpdesk général,2021-11-10,08:58:18,00:00:08
stefano.crapanzano@chu.ulg.ac.be,Envoyés - erp.sai@chuliege.be - Mozilla Thunderbird,Helpdesk général,2021-11-10,09:09:33,00:00:10
stefano.crapanzano@chu.ulg.ac.be,Envoyés - erp.sai@chuliege.be - Mozilla Thunderbird,Helpdesk général,2021-11-10,10:38:30,00:00:02
stefano.crapanzano@chu.ulg.ac.be,Envoyés - erp.sai@chuliege.be - Mozilla Thunderbird,Helpdesk général,2021-11-10,10:41:23,00:00:04
stefano.crapanzano@chu.ulg.ac.be,Envoyés - erp.sai@chuliege.be - Mozilla Thunderbird,Helpdesk général,2021-11-10,10:41:39,00:00:08
stefano.crapanzano@chu.ulg.ac.be,Envoyés - erp.sai@chuliege.be - Mozilla Thunderbird,Tâches diverses,2021-11-10,10:41:54,00:00:10
stefano.crapanzano@chu.ulg.ac.be,Envoyés - erp.sai@chuliege.be - Mozilla Thunderbird,Helpdesk général,2021-11-10,10:51:36,00:00:02
stefano.crapanzano@chu.ulg.ac.be,Envoyés - erp.sai@chuliege.be - Mozilla Thunderbird,Helpdesk général,2021-11-10,10:55:37,00:00:17
stefano.crapanzano@chu.ulg.ac.be,Envoyés - erp.sai@chuliege.be - Mozilla Thunderbird,Helpdesk général,2021-11-10,11:09:47,00:00:23
stefano.crapanzano@chu.ulg.ac.be,Envoyés - erp.sai@chuliege.be - Mozilla Thunderbird,Helpdesk général,2021-11-10,11:12:46,00:00:05
stefano.crapanzano@chu.ulg.ac.be,Envoyés - erp.sai@chuliege.be - Mozilla Thunderbird,Helpdesk général,2021-11-10,12:18:17,00:00:02
stefano.crapanzano@chu.ulg.ac.be,Envoyés - erp.sai@chuliege.be - Mozilla Thunderbird,Helpdesk général,2021-11-10,12:18:25,00:00:08
stefano.crapanzano@chu.ulg.ac.be,Envoyés - erp.sai@chuliege.be - Mozilla Thunderbird,Helpdesk général,2021-11-10,12:18:55,00:00:02
stefano.crapanzano@chu.ulg.ac.be,Envoyés - erp.sai@chuliege.be - Mozilla Thunderbird,Helpdesk général,2021-11-10,12:26:42,00:00:56
stefano.crapanzano@chu.ulg.ac.be,Envoyés - erp.sai@chuliege.be - Mozilla Thunderbird,Helpdesk général,2021-11-10,13:08:42,00:00:35
stefano.crapanzano@chu.ulg.ac.be,Envoyés - erp.sai@chuliege.be - Mozilla Thunderbird,Helpdesk général,2021-11-10,13:12:55,00:02:15
stefano.crapanzano@chu.ulg.ac.be,Envoyés - erp.sai@chuliege.be - Mozilla Thunderbird,Helpdesk général,2021-11-10,14:00:08,00:00:02
stefano.crapanzano@chu.ulg.ac.be,Envoyés - erp.sai@chuliege.be - Mozilla Thunderbird,Helpdesk général,2021-11-10,15:28:23,00:01:08
stefano.crapanzano@chu.ulg.ac.be,Envoyés - erp.sai@chuliege.be - Mozilla Thunderbird,Helpdesk général,2021-11-10,15:31:38,00:00:33
stefano.crapanzano@chu.ulg.ac.be,Envoyés - erp.sai@chuliege.be - Mozilla Thunderbird,Helpdesk général,2021-11-10,15:32:25,00:00:05
stefano.crapanzano@chu.ulg.ac.be,Envoyés - erp.sai@chuliege.be - Mozilla Thunderbird,Helpdesk général,2021-11-10,15:32:51,00:00:14
stefano.crapanzano@chu.ulg.ac.be,Envoyés - erp.sai@chuliege.be - Mozilla Thunderbird,Helpdesk général,2021-11-10,15:33:18,00:00:21
stefano.crapanzano@chu.ulg.ac.be,Envoyés - erp.sai@chuliege.be - Mozilla Thunderbird,Helpdesk général,2021-11-10,15:35:06,00:00:02
stefano.crapanzano@chu.ulg.ac.be,Envoyés - erp.sai@chuliege.be - Mozilla Thunderbird,Helpdesk général,2021-11-10,15:35:13,00:01:22
stefano.crapanzano@chu.ulg.ac.be,Envoyés - erp.sai@chuliege.be - Mozilla Thunderbird,Helpdesk général,2021-11-10,15:40:35,00:00:04
stefano.crapanzano@chu.ulg.ac.be,Envoyés - erp.sai@chuliege.be - Mozilla Thunderbird,Helpdesk général,2021-11-10,15:41:35,00:00:08
stefano.crapanzano@chu.ulg.ac.be,Envoyés - erp.sai@chuliege.be - Mozilla Thunderbird,Helpdesk général,2021-11-10,15:41:53,00:00:15
stefano.crapanzano@chu.ulg.ac.be,Envoyés - erp.sai@chuliege.be - Mozilla Thunderbird,Helpdesk général,2021-11-10,15:43:22,00:01:06
stefano.crapanzano@chu.ulg.ac.be,Envoyés - erp.sai@chuliege.be - Mozilla Thunderbird,Helpdesk général,2021-11-10,15:51:07,00:00:05
stefano.crapanzano@chu.ulg.ac.be,Envoyés - erp.sai@chuliege.be - Mozilla Thunderbird,Helpdesk général,2021-11-10,16:04:40,00:01:12
stefano.crapanzano@chu.ulg.ac.be,Service MT - Google Chrome,Tâches diverses,2021-11-10,08:46:37,00:02:35
stefano.crapanzano@chu.ulg.ac.be,Service MT - Google Chrome,Tâches diverses,2021-11-10,09:47:26,00:01:02
stefano.crapanzano@chu.ulg.ac.be,Service MT - Google Chrome,Tâches diverses,2021-11-10,09:55:32,00:00:02
stefano.crapanzano@chu.ulg.ac.be,Service MT - Google Chrome,Tâches diverses,2021-11-10,09:59:05,00:00:15
stefano.crapanzano@chu.ulg.ac.be,Service MT - Google Chrome,Tâches diverses,2021-11-10,11:13:09,00:00:04
stefano.crapanzano@chu.ulg.ac.be,Service MT - Google Chrome,Tâches diverses,2021-11-10,12:00:40,00:01:08
stefano.crapanzano@chu.ulg.ac.be,Service MT - Google Chrome,Tâches diverses,2021-11-10,12:01:59,00:00:35
stefano.crapanzano@chu.ulg.ac.be,Service MT - Google Chrome,Tâches diverses,2021-11-10,12:19:06,00:00:09
stefano.crapanzano@chu.ulg.ac.be,Service MT - Google Chrome,Tâches diverses,2021-11-10,12:26:29,00:00:08
stefano.crapanzano@chu.ulg.ac.be,Service MT - Google Chrome,Tâches diverses,2021-11-10,13:09:23,00:00:03
stefano.crapanzano@chu.ulg.ac.be,Service MT - Google Chrome,Helpdesk général,2021-11-10,13:20:32,00:05:11
stefano.crapanzano@chu.ulg.ac.be,Service MT - Google Chrome,Tâches diverses,2021-11-10,13:59:05,00:00:09
stefano.crapanzano@chu.ulg.ac.be,Service MT - Google Chrome,Tâches diverses,2021-11-10,14:00:01,00:00:02
stefano.crapanzano@chu.ulg.ac.be,Service MT - Google Chrome,Tâches diverses,2021-11-10,14:01:38,00:00:02
stefano.crapanzano@chu.ulg.ac.be,Service MT - Google Chrome,Tâches diverses,2021-11-10,14:10:07,00:00:06
stefano.crapanzano@chu.ulg.ac.be,Service MT - Google Chrome,Tâches diverses,2021-11-10,14:44:31,00:00:02
stefano.crapanzano@chu.ulg.ac.be,Service MT - Google Chrome,Tâches diverses,2021-11-10,15:07:00,00:00:05
stefano.crapanzano@chu.ulg.ac.be,Service MT - Google Chrome,Tâches diverses,2021-11-10,15:15:07,00:00:02
stefano.crapanzano@chu.ulg.ac.be,Service MT - Google Chrome,Tâches diverses,2021-11-10,15:42:38,00:00:09
stefano.crapanzano@chu.ulg.ac.be,Service MT - Google Chrome,Tâches diverses,2021-11-10,15:44:29,00:00:28
stefano.crapanzano@chu.ulg.ac.be,Identification - Google Chrome,Tâches diverses,2021-11-10,08:46:29,00:00:06
stefano.crapanzano@chu.ulg.ac.be,Nouvel onglet - Google Chrome,Tâches diverses,2021-11-10,08:51:19,00:00:05
stefano.crapanzano@chu.ulg.ac.be,Nouvel onglet - Google Chrome,Tâches diverses,2021-11-10,11:18:48,00:00:09
stefano.crapanzano@chu.ulg.ac.be,Nouvel onglet - Google Chrome,Tâches diverses,2021-11-10,11:34:49,00:00:05
stefano.crapanzano@chu.ulg.ac.be,Nouvel onglet - Google Chrome,Tâches diverses,2021-11-10,11:59:04,00:00:02
stefano.crapanzano@chu.ulg.ac.be,SAM-DB - Google Chrome,Tâches diverses,2021-11-10,08:49:15,00:00:02
stefano.crapanzano@chu.ulg.ac.be,SAM-DB - Google Chrome,Tâches diverses,2021-11-10,08:50:14,00:00:04
stefano.crapanzano@chu.ulg.ac.be,SAM-DB - Google Chrome,Tâches diverses,2021-11-10,08:50:38,00:00:41
stefano.crapanzano@chu.ulg.ac.be,SAM-DB - Google Chrome,Tâches diverses,2021-11-10,08:52:06,00:00:13
stefano.crapanzano@chu.ulg.ac.be,SAM-DB - Google Chrome,Tâches diverses,2021-11-10,08:52:23,00:00:05
stefano.crapanzano@chu.ulg.ac.be,Sans titre - Google Chrome,Tâches diverses,2021-11-10,15:20:47,00:00:09
stefano.crapanzano@chu.ulg.ac.be,SAM-DB : Monitoring des processus sur si-s-serv503 - Google Chrome,Tâches diverses,2021-11-10,08:50:20,00:00:17
stefano.crapanzano@chu.ulg.ac.be,SAM-DB : Monitoring des processus sur si-s-serv503 - Google Chrome,Tâches diverses,2021-11-10,08:52:20,00:00:02
stefano.crapanzano@chu.ulg.ac.be,SAM-DB : Monitoring des processus sur si-s-serv503 - Google Chrome,Tâches diverses,2021-11-10,09:20:33,00:00:12
stefano.crapanzano@chu.ulg.ac.be,SAM-DB : Monitoring des processus sur si-s-serv503 - Google Chrome,Tâches diverses,2021-11-10,09:47:23,00:00:02
stefano.crapanzano@chu.ulg.ac.be,SAM-DB : Monitoring des processus sur si-s-serv503 - Google Chrome,Tâches diverses,2021-11-10,11:58:04,00:00:04
stefano.crapanzano@chu.ulg.ac.be,16 gb ram prix - Recherche Google - Google Chrome,Tâches diverses,2021-11-10,08:51:24,00:00:30
stefano.crapanzano@chu.ulg.ac.be,16 gb ram prix - Recherche Google - Google Chrome,Tâches diverses,2021-11-10,08:56:43,00:00:05
stefano.crapanzano@chu.ulg.ac.be,16 gb ram prix - Recherche Google - Google Chrome,Tâches diverses,2021-11-10,08:57:06,00:00:06
stefano.crapanzano@chu.ulg.ac.be,16 gb ram prix - Recherche Google - Google Chrome,Tâches diverses,2021-11-10,08:57:29,00:00:08
stefano.crapanzano@chu.ulg.ac.be,16gb ram - Cdiscount - Google Chrome,Tâches diverses,2021-11-10,08:51:55,00:00:11
stefano.crapanzano@chu.ulg.ac.be,16gb ram - Cdiscount - Google Chrome,Tâches diverses,2021-11-10,08:56:40,00:00:02
stefano.crapanzano@chu.ulg.ac.be,Intrastat - Google Chrome,Tâches diverses,2021-11-10,08:52:28,00:00:34
stefano.crapanzano@chu.ulg.ac.be,Intrastat - Google Chrome,Tâches diverses,2021-11-10,08:58:06,00:00:02
stefano.crapanzano@chu.ulg.ac.be,Intrastat - Google Chrome,Tâches diverses,2021-11-10,10:56:02,00:00:31
stefano.crapanzano@chu.ulg.ac.be,Intrastat - Google Chrome,Tâches diverses,2021-11-10,11:13:06,00:00:02
stefano.crapanzano@chu.ulg.ac.be,Intrastat - Google Chrome,Tâches diverses,2021-11-10,11:13:16,00:00:08
stefano.crapanzano@chu.ulg.ac.be,Rédaction : Re: Scanning FRCHR : missing file from 08/11/2021 - Thunderbird,Helpdesk général,2021-11-10,08:53:14,00:00:23
stefano.crapanzano@chu.ulg.ac.be,Rédaction : Re: Scanning FRCHR : missing file from 08/11/2021 - Thunderbird,Helpdesk général,2021-11-10,08:54:05,00:00:02
stefano.crapanzano@chu.ulg.ac.be,Rédaction : Re: Scanning FRCHR : missing file from 08/11/2021 - Thunderbird,Helpdesk général,2021-11-10,08:54:14,00:00:13
stefano.crapanzano@chu.ulg.ac.be,Rédaction : Re: Scanning FRCHR : missing file from 08/11/2021 - Thunderbird,Helpdesk général,2021-11-10,09:33:40,00:00:04
stefano.crapanzano@chu.ulg.ac.be,Rédaction : Re: Scanning FRCHR : missing file from 08/11/2021 - Thunderbird,Helpdesk général,2021-11-10,10:38:26,00:00:04
stefano.crapanzano@chu.ulg.ac.be,Rédaction : Re: Scanning FRCHR : missing file from 08/11/2021 - Thunderbird,Helpdesk général,2021-11-10,12:18:22,00:00:02
stefano.crapanzano@chu.ulg.ac.be,Netop Invité,Helpdesk général,2021-11-10,08:53:37,00:00:04
stefano.crapanzano@chu.ulg.ac.be,Netop Invité,Helpdesk général,2021-11-10,09:49:19,00:00:37
stefano.crapanzano@chu.ulg.ac.be,Netop Invité,Helpdesk général,2021-11-10,09:50:46,00:00:02
stefano.crapanzano@chu.ulg.ac.be,Netop Invité,Helpdesk général,2021-11-10,09:51:19,00:00:08
stefano.crapanzano@chu.ulg.ac.be,Netop Invité,Helpdesk général,2021-11-10,09:51:51,00:00:04
stefano.crapanzano@chu.ulg.ac.be,Netop Invité,Helpdesk général,2021-11-10,09:52:07,00:00:02
stefano.crapanzano@chu.ulg.ac.be,Netop Invité,Helpdesk général,2021-11-10,09:52:20,00:00:02
stefano.crapanzano@chu.ulg.ac.be,Netop Invité,Helpdesk général,2021-11-10,09:53:33,00:00:05
stefano.crapanzano@chu.ulg.ac.be,Netop Invité,Helpdesk général,2021-11-10,09:54:26,00:00:06
stefano.crapanzano@chu.ulg.ac.be,Netop Invité,Helpdesk général,2021-11-10,09:54:54,00:00:04
stefano.crapanzano@chu.ulg.ac.be,Netop Invité,Helpdesk général,2021-11-10,09:55:40,00:00:04
stefano.crapanzano@chu.ulg.ac.be,Netop Invité,Helpdesk général,2021-11-10,09:56:47,00:00:13
stefano.crapanzano@chu.ulg.ac.be,Netop Invité,Helpdesk général,2021-11-10,09:57:20,00:00:05
stefano.crapanzano@chu.ulg.ac.be,Netop Invité,Helpdesk général,2021-11-10,09:57:35,00:00:06
stefano.crapanzano@chu.ulg.ac.be,Netop Invité,Helpdesk général,2021-11-10,09:58:41,00:00:23
stefano.crapanzano@chu.ulg.ac.be,Netop Invité,Helpdesk général,2021-11-10,12:01:50,00:00:08
stefano.crapanzano@chu.ulg.ac.be,Netop Invité,Helpdesk général,2021-11-10,12:18:33,00:00:05
stefano.crapanzano@chu.ulg.ac.be,Netop Invité,Helpdesk général,2021-11-10,14:30:41,00:00:02
stefano.crapanzano@chu.ulg.ac.be,Connexion à l'aide de l'authentification Windows,Helpdesk général,2021-11-10,08:53:42,00:00:02
stefano.crapanzano@chu.ulg.ac.be,Connexion à l'aide de l'authentification Windows,Helpdesk général,2021-11-10,12:18:39,00:00:02
stefano.crapanzano@chu.ulg.ac.be,Connexion à l'aide de l'authentification Windows,Helpdesk général,2021-11-10,14:30:45,00:00:04
stefano.crapanzano@chu.ulg.ac.be,Netop,Helpdesk général,2021-11-10,12:18:41,00:00:04
stefano.crapanzano@chu.ulg.ac.be,si-s-serv503 - Netop Remote Control,Helpdesk général,2021-11-10,08:53:46,00:00:19
stefano.crapanzano@chu.ulg.ac.be,si-s-serv503 - Netop Remote Control,Helpdesk général,2021-11-10,08:54:10,00:00:04
stefano.crapanzano@chu.ulg.ac.be,si-s-serv503 - Netop Remote Control,Helpdesk général,2021-11-10,08:54:30,00:00:15
stefano.crapanzano@chu.ulg.ac.be,si-s-serv503 - Netop Remote Control,Helpdesk général,2021-11-10,09:08:49,00:00:35
stefano.crapanzano@chu.ulg.ac.be,si-s-serv503 - Netop Remote Control,Helpdesk général,2021-11-10,09:33:44,00:04:42
stefano.crapanzano@chu.ulg.ac.be,si-s-serv503 - Netop Remote Control,Helpdesk général,2021-11-10,09:39:06,00:00:51
stefano.crapanzano@chu.ulg.ac.be,si-s-serv503 - Netop Remote Control,Helpdesk général,2021-11-10,09:40:43,00:00:37
stefano.crapanzano@chu.ulg.ac.be,si-s-serv503 - Netop Remote Control,Helpdesk général,2021-11-10,09:42:24,00:04:34
stefano.crapanzano@chu.ulg.ac.be,si-s-serv503 - Netop Remote Control,Tâches diverses,2021-11-10,09:48:28,00:00:49
stefano.crapanzano@chu.ulg.ac.be,si-s-serv503 - Netop Remote Control,Helpdesk général,2021-11-10,09:50:14,00:00:26
stefano.crapanzano@chu.ulg.ac.be,si-s-serv503 - Netop Remote Control,Helpdesk général,2021-11-10,09:50:42,00:00:04
stefano.crapanzano@chu.ulg.ac.be,si-s-serv503 - Netop Remote Control,Helpdesk général,2021-11-10,09:52:10,00:00:09
stefano.crapanzano@chu.ulg.ac.be,si-s-serv503 - Netop Remote Control,Helpdesk général,2021-11-10,09:57:01,00:00:19
stefano.crapanzano@chu.ulg.ac.be,si-s-serv503 - Netop Remote Control,Helpdesk général,2021-11-10,09:58:00,00:00:41
stefano.crapanzano@chu.ulg.ac.be,si-s-serv503 - Netop Remote Control,Helpdesk général,2021-11-10,09:59:20,00:03:31
stefano.crapanzano@chu.ulg.ac.be,si-s-serv503 - Netop Remote Control,Helpdesk général,2021-11-10,10:04:06,00:00:15
stefano.crapanzano@chu.ulg.ac.be,si-s-serv503 - Netop Remote Control,Helpdesk général,2021-11-10,10:14:21,00:00:19
stefano.crapanzano@chu.ulg.ac.be,si-s-serv503 - Netop Remote Control,Helpdesk général,2021-11-10,10:16:05,00:00:46
stefano.crapanzano@chu.ulg.ac.be,si-s-serv503 - Netop Remote Control,Helpdesk général,2021-11-10,10:17:56,00:00:42
stefano.crapanzano@chu.ulg.ac.be,si-s-serv503 - Netop Remote Control,Helpdesk général,2021-11-10,10:20:09,00:16:08
stefano.crapanzano@chu.ulg.ac.be,si-s-serv503 - Netop Remote Control,Helpdesk général,2021-11-10,10:38:18,00:00:02
stefano.crapanzano@chu.ulg.ac.be,si-s-serv503 - Netop Remote Control,Helpdesk général,2021-11-10,10:42:05,00:01:04
stefano.crapanzano@chu.ulg.ac.be,si-s-serv503 - Netop Remote Control,Helpdesk général,2021-11-10,10:45:03,00:06:32
stefano.crapanzano@chu.ulg.ac.be,si-s-serv503 - Netop Remote Control,Helpdesk général,2021-11-10,10:52:49,00:00:51
stefano.crapanzano@chu.ulg.ac.be,si-s-serv503 - Netop Remote Control,Helpdesk général,2021-11-10,10:55:57,00:00:04
stefano.crapanzano@chu.ulg.ac.be,si-s-serv503 - Netop Remote Control,Helpdesk général,2021-11-10,10:56:50,00:00:10
stefano.crapanzano@chu.ulg.ac.be,si-s-serv503 - Netop Remote Control,Helpdesk général,2021-11-10,10:57:17,00:07:04
stefano.crapanzano@chu.ulg.ac.be,si-s-serv503 - Netop Remote Control,Helpdesk général,2021-11-10,11:13:24,00:02:27
stefano.crapanzano@chu.ulg.ac.be,si-s-serv503 - Netop Remote Control,Helpdesk général,2021-11-10,11:18:01,00:00:16
stefano.crapanzano@chu.ulg.ac.be,si-s-serv503 - Netop Remote Control,Helpdesk général,2021-11-10,11:18:24,00:00:22
stefano.crapanzano@chu.ulg.ac.be,si-s-serv503 - Netop Remote Control,Helpdesk général,2021-11-10,11:19:36,00:01:32
stefano.crapanzano@chu.ulg.ac.be,si-s-serv503 - Netop Remote Control,Helpdesk général,2021-11-10,11:21:31,00:00:13
stefano.crapanzano@chu.ulg.ac.be,si-s-serv503 - Netop Remote Control,Helpdesk général,2021-11-10,11:22:09,00:01:25
stefano.crapanzano@chu.ulg.ac.be,si-s-serv503 - Netop Remote Control,Helpdesk général,2021-11-10,11:24:55,00:00:41
stefano.crapanzano@chu.ulg.ac.be,si-s-serv503 - Netop Remote Control,Helpdesk général,2021-11-10,11:25:44,00:01:44
stefano.crapanzano@chu.ulg.ac.be,si-s-serv503 - Netop Remote Control,Helpdesk général,2021-11-10,11:28:34,00:00:15
stefano.crapanzano@chu.ulg.ac.be,si-s-serv503 - Netop Remote Control,Tâches diverses,2021-11-10,11:32:05,00:00:08
stefano.crapanzano@chu.ulg.ac.be,si-s-serv503 - Netop Remote Control,Helpdesk général,2021-11-10,11:32:44,00:00:38
stefano.crapanzano@chu.ulg.ac.be,si-s-serv503 - Netop Remote Control,Helpdesk général,2021-11-10,11:34:13,00:00:06
stefano.crapanzano@chu.ulg.ac.be,si-s-serv503 - Netop Remote Control,Helpdesk général,2021-11-10,11:36:41,00:00:02
stefano.crapanzano@chu.ulg.ac.be,si-s-serv503 - Netop Remote Control,Helpdesk général,2021-11-10,11:37:24,00:00:15
stefano.crapanzano@chu.ulg.ac.be,si-s-serv503 - Netop Remote Control,Tâches diverses,2021-11-10,11:37:48,00:05:31
stefano.crapanzano@chu.ulg.ac.be,si-s-serv503 - Netop Remote Control,Helpdesk général,2021-11-10,11:56:34,00:00:04
stefano.crapanzano@chu.ulg.ac.be,si-s-serv503 - Netop Remote Control,Helpdesk général,2021-11-10,12:18:46,00:00:08
stefano.crapanzano@chu.ulg.ac.be,si-s-serv503 - Netop Remote Control,Helpdesk général,2021-11-10,14:30:51,00:00:56
stefano.crapanzano@chu.ulg.ac.be,si-s-serv503 - Netop Remote Control,Helpdesk général,2021-11-10,14:34:02,00:01:22
stefano.crapanzano@chu.ulg.ac.be,si-s-serv503 - Netop Remote Control,Helpdesk général,2021-11-10,14:35:29,00:00:26
stefano.crapanzano@chu.ulg.ac.be,si-s-serv503 - Netop Remote Control,Helpdesk général,2021-11-10,14:36:04,00:00:06
stefano.crapanzano@chu.ulg.ac.be,si-s-serv503 - Netop Remote Control,Helpdesk général,2021-11-10,14:36:44,00:00:43
stefano.crapanzano@chu.ulg.ac.be,si-s-serv503 - Netop Remote Control,Helpdesk général,2021-11-10,14:37:31,00:00:16
stefano.crapanzano@chu.ulg.ac.be,si-s-serv503 - Netop Remote Control,Helpdesk général,2021-11-10,14:37:56,00:00:33
stefano.crapanzano@chu.ulg.ac.be,si-s-serv503 - Netop Remote Control,Helpdesk général,2021-11-10,14:38:38,00:05:53
stefano.crapanzano@chu.ulg.ac.be,si-s-serv503 - Netop Remote Control,Helpdesk général,2021-11-10,14:44:34,00:03:39
stefano.crapanzano@chu.ulg.ac.be,si-s-serv503 - Netop Remote Control,Helpdesk général,2021-11-10,14:48:46,00:00:49
stefano.crapanzano@chu.ulg.ac.be,si-s-serv503 - Netop Remote Control,Helpdesk général,2021-11-10,14:49:45,00:00:40
stefano.crapanzano@chu.ulg.ac.be,si-s-serv503 - Netop Remote Control,Helpdesk général,2021-11-10,14:52:26,00:00:09
stefano.crapanzano@chu.ulg.ac.be,si-s-serv503 - Netop Remote Control,Helpdesk général,2021-11-10,14:56:12,00:00:03
stefano.crapanzano@chu.ulg.ac.be,si-s-serv503 - Netop Remote Control,Helpdesk général,2021-11-10,14:58:30,00:00:02
stefano.crapanzano@chu.ulg.ac.be,si-s-serv503 - Netop Remote Control,Helpdesk général,2021-11-10,14:58:39,00:00:16
stefano.crapanzano@chu.ulg.ac.be,si-s-serv503 - Netop Remote Control,Helpdesk général,2021-11-10,14:58:58,00:00:02
stefano.crapanzano@chu.ulg.ac.be,si-s-serv503 - Netop Remote Control,Helpdesk général,2021-11-10,14:59:18,00:05:43
stefano.crapanzano@chu.ulg.ac.be,si-s-serv503 - Netop Remote Control,Helpdesk général,2021-11-10,15:05:12,00:00:30
stefano.crapanzano@chu.ulg.ac.be,si-s-serv503 - Netop Remote Control,Helpdesk général,2021-11-10,15:06:21,00:00:13
stefano.crapanzano@chu.ulg.ac.be,si-s-serv503 - Netop Remote Control,Helpdesk général,2021-11-10,15:06:39,00:00:05
stefano.crapanzano@chu.ulg.ac.be,si-s-serv503 - Netop Remote Control,Helpdesk général,2021-11-10,15:11:51,00:01:02
stefano.crapanzano@chu.ulg.ac.be,si-s-serv503 - Netop Remote Control,Helpdesk général,2021-11-10,15:13:17,00:00:28
stefano.crapanzano@chu.ulg.ac.be,si-s-serv503 - Netop Remote Control,Tâches diverses,2021-11-10,15:14:59,00:00:05
stefano.crapanzano@chu.ulg.ac.be,si-s-serv503 - Netop Remote Control,Helpdesk général,2021-11-10,15:17:12,00:00:26
stefano.crapanzano@chu.ulg.ac.be,Navigation système de fichier,IT,2021-11-10,08:54:57,00:00:14
stefano.crapanzano@chu.ulg.ac.be,Navigation système de fichier,IT,2021-11-10,09:18:51,00:00:20
stefano.crapanzano@chu.ulg.ac.be,Navigation système de fichier,IT,2021-11-10,09:20:25,00:00:02
stefano.crapanzano@chu.ulg.ac.be,Navigation système de fichier,IT,2021-11-10,09:41:20,00:01:03
stefano.crapanzano@chu.ulg.ac.be,Navigation système de fichier,IT,2021-11-10,10:38:33,00:00:02
stefano.crapanzano@chu.ulg.ac.be,Navigation système de fichier,IT,2021-11-10,10:41:47,00:00:02
stefano.crapanzano@chu.ulg.ac.be,Navigation système de fichier,IT,2021-11-10,10:52:31,00:00:02
stefano.crapanzano@chu.ulg.ac.be,Navigation système de fichier,IT,2021-11-10,11:04:24,00:00:03
stefano.crapanzano@chu.ulg.ac.be,Navigation système de fichier,IT,2021-11-10,11:35:57,00:00:02
stefano.crapanzano@chu.ulg.ac.be,Navigation système de fichier,IT,2021-11-10,11:48:21,00:00:02
stefano.crapanzano@chu.ulg.ac.be,Navigation système de fichier,IT,2021-11-10,11:48:25,00:00:03
stefano.crapanzano@chu.ulg.ac.be,Navigation système de fichier,IT,2021-11-10,11:48:49,00:00:03
stefano.crapanzano@chu.ulg.ac.be,Navigation système de fichier,IT,2021-11-10,11:57:13,00:00:11
stefano.crapanzano@chu.ulg.ac.be,Navigation système de fichier,IT,2021-11-10,12:10:39,00:00:03
stefano.crapanzano@chu.ulg.ac.be,Navigation système de fichier,IT,2021-11-10,12:18:20,00:00:02
stefano.crapanzano@chu.ulg.ac.be,Navigation système de fichier,IT,2021-11-10,12:22:50,00:00:02
stefano.crapanzano@chu.ulg.ac.be,Navigation système de fichier,IT,2021-11-10,12:56:19,00:00:34
stefano.crapanzano@chu.ulg.ac.be,Navigation système de fichier,IT,2021-11-10,12:57:03,00:00:02
stefano.crapanzano@chu.ulg.ac.be,Navigation système de fichier,IT,2021-11-10,12:57:35,00:00:33
stefano.crapanzano@chu.ulg.ac.be,Navigation système de fichier,IT,2021-11-10,13:30:20,00:00:17
stefano.crapanzano@chu.ulg.ac.be,Navigation système de fichier,IT,2021-11-10,14:01:49,00:00:06
stefano.crapanzano@chu.ulg.ac.be,Navigation système de fichier,IT,2021-11-10,14:29:45,00:00:06
stefano.crapanzano@chu.ulg.ac.be,Navigation système de fichier,IT,2021-11-10,14:30:09,00:00:31
stefano.crapanzano@chu.ulg.ac.be,Navigation système de fichier,IT,2021-11-10,14:31:47,00:02:15
stefano.crapanzano@chu.ulg.ac.be,Navigation système de fichier,IT,2021-11-10,14:36:12,00:00:32
stefano.crapanzano@chu.ulg.ac.be,Navigation système de fichier,IT,2021-11-10,14:37:28,00:00:02
stefano.crapanzano@chu.ulg.ac.be,Navigation système de fichier,IT,2021-11-10,14:38:30,00:00:07
stefano.crapanzano@chu.ulg.ac.be,Navigation système de fichier,IT,2021-11-10,14:49:36,00:00:08
stefano.crapanzano@chu.ulg.ac.be,Navigation système de fichier,IT,2021-11-10,14:58:33,00:00:06
stefano.crapanzano@chu.ulg.ac.be,Navigation système de fichier,IT,2021-11-10,15:05:01,00:00:11
stefano.crapanzano@chu.ulg.ac.be,Navigation système de fichier,IT,2021-11-10,15:06:44,00:00:08
stefano.crapanzano@chu.ulg.ac.be,Navigation système de fichier,IT,2021-11-10,15:12:54,00:00:21
stefano.crapanzano@chu.ulg.ac.be,Navigation système de fichier,IT,2021-11-10,16:56:07,00:00:58
stefano.crapanzano@chu.ulg.ac.be,Navigation système de fichier,IT,2021-11-10,16:57:09,00:00:14
stefano.crapanzano@chu.ulg.ac.be,Navigation système de fichier,IT,2021-11-10,16:57:28,00:02:26
stefano.crapanzano@chu.ulg.ac.be,SAM-DB : Manque de mémoire sur PC fixe - Google Chrome,Tâches diverses,2021-11-10,08:55:29,00:01:10
stefano.crapanzano@chu.ulg.ac.be,SAM-DB : Manque de mémoire sur PC fixe - Google Chrome,Tâches diverses,2021-11-10,09:20:30,00:00:02
stefano.crapanzano@chu.ulg.ac.be,32 gb ram prix - Recherche Google - Google Chrome,Tâches diverses,2021-11-10,08:56:48,00:00:05
stefano.crapanzano@chu.ulg.ac.be,32 gb ram prix - Recherche Google - Google Chrome,Tâches diverses,2021-11-10,08:57:37,00:00:28
stefano.crapanzano@chu.ulg.ac.be,Acheter Mémoire RAM 32 Go ? - Coolblue - avant 23:59  demain chez vous - Google Chrome,Tâches diverses,2021-11-10,08:56:54,00:00:12
stefano.crapanzano@chu.ulg.ac.be,Amazon.fr : Mémoire RAM - Google Chrome,Tâches diverses,2021-11-10,08:57:13,00:00:16
stefano.crapanzano@chu.ulg.ac.be,Chargement photo d'un article sur SSP - Xperthis ERP4HC 2.0 Rollout - Service d'assistance - Google Chrome,Tâches diverses,2021-11-10,08:58:10,00:00:04
stefano.crapanzano@chu.ulg.ac.be,Chargement photo d'un article sur SSP - Xperthis ERP4HC 2.0 Rollout - Service d'assistance - Google Chrome,Tâches diverses,2021-11-10,15:05:52,00:00:29
stefano.crapanzano@chu.ulg.ac.be,Chargement photo d'un article sur SSP - Xperthis ERP4HC 2.0 Rollout - Service d'assistance - Google Chrome,Tâches diverses,2021-11-10,15:06:35,00:00:04
stefano.crapanzano@chu.ulg.ac.be,Chargement photo d'un article sur SSP - Xperthis ERP4HC 2.0 Rollout - Service d'assistance - Google Chrome,Tâches diverses,2021-11-10,15:06:53,00:00:06
stefano.crapanzano@chu.ulg.ac.be,Chargement photo d'un article sur SSP - Xperthis ERP4HC 2.0 Rollout - Service d'assistance - Google Chrome,Tâches diverses,2021-11-10,15:07:05,00:04:45
stefano.crapanzano@chu.ulg.ac.be,Chargement photo d'un article sur SSP - Xperthis ERP4HC 2.0 Rollout - Service d'assistance - Google Chrome,Tâches diverses,2021-11-10,16:08:24,00:00:12
stefano.crapanzano@chu.ulg.ac.be,Demandes - Service d'assistance - Google Chrome,Helpdesk général,2021-11-10,08:58:45,00:00:23
stefano.crapanzano@chu.ulg.ac.be,Demandes - Service d'assistance - Google Chrome,Tâches diverses,2021-11-10,09:07:18,00:01:30
stefano.crapanzano@chu.ulg.ac.be,Demandes - Service d'assistance - Google Chrome,Helpdesk général,2021-11-10,09:11:00,00:00:02
stefano.crapanzano@chu.ulg.ac.be,Demandes - Service d'assistance - Google Chrome,Tâches diverses,2021-11-10,10:05:15,00:00:06
stefano.crapanzano@chu.ulg.ac.be,Demandes - Service d'assistance - Google Chrome,Tâches diverses,2021-11-10,11:58:15,00:00:04
stefano.crapanzano@chu.ulg.ac.be,Demandes - Service d'assistance - Google Chrome,Tâches diverses,2021-11-10,11:58:38,00:00:02
stefano.crapanzano@chu.ulg.ac.be,Demandes - Service d'assistance - Google Chrome,Tâches diverses,2021-11-10,11:58:51,00:00:02
stefano.crapanzano@chu.ulg.ac.be,Demandes - Service d'assistance - Google Chrome,Tâches diverses,2021-11-10,12:06:45,00:00:02
stefano.crapanzano@chu.ulg.ac.be,Demandes - Service d'assistance - Google Chrome,Tâches diverses,2021-11-10,12:23:50,00:00:05
stefano.crapanzano@chu.ulg.ac.be,Demandes - Service d'assistance - Google Chrome,Tâches diverses,2021-11-10,12:26:19,00:00:08
stefano.crapanzano@chu.ulg.ac.be,Demandes - Service d'assistance - Google Chrome,Tâches diverses,2021-11-10,13:39:21,00:00:15
stefano.crapanzano@chu.ulg.ac.be,Demandes - Service d'assistance - Google Chrome,Tâches diverses,2021-11-10,13:59:17,00:00:43
stefano.crapanzano@chu.ulg.ac.be,Demandes - Service d'assistance - Google Chrome,Tâches diverses,2021-11-10,14:01:46,00:00:02
stefano.crapanzano@chu.ulg.ac.be,Demandes - Service d'assistance - Google Chrome,Tâches diverses,2021-11-10,15:05:44,00:00:08
stefano.crapanzano@chu.ulg.ac.be,Demandes - Service d'assistance - Google Chrome,Tâches diverses,2021-11-10,15:13:54,00:00:11
stefano.crapanzano@chu.ulg.ac.be,Demandes - Service d'assistance - Google Chrome,Tâches diverses,2021-11-10,15:14:24,00:00:34
stefano.crapanzano@chu.ulg.ac.be,Demandes - Service d'assistance - Google Chrome,Tâches diverses,2021-11-10,15:15:04,00:00:02
stefano.crapanzano@chu.ulg.ac.be,Demandes - Service d'assistance - Google Chrome,Tâches diverses,2021-11-10,15:15:10,00:02:02
stefano.crapanzano@chu.ulg.ac.be,Demandes - Service d'assistance - Google Chrome,Tâches diverses,2021-11-10,15:36:36,00:00:05
stefano.crapanzano@chu.ulg.ac.be,Demandes - Service d'assistance - Google Chrome,Tâches diverses,2021-11-10,15:39:50,00:00:17
stefano.crapanzano@chu.ulg.ac.be,Demandes - Service d'assistance - Google Chrome,Tâches diverses,2021-11-10,15:41:26,00:00:08
stefano.crapanzano@chu.ulg.ac.be,Demandes - Service d'assistance - Google Chrome,Helpdesk général,2021-11-10,15:41:44,00:00:09
stefano.crapanzano@chu.ulg.ac.be,Demandes - Service d'assistance - Google Chrome,Helpdesk général,2021-11-10,15:42:11,00:00:09
stefano.crapanzano@chu.ulg.ac.be,Demandes - Service d'assistance - Google Chrome,Tâches diverses,2021-11-10,15:42:52,00:00:27
stefano.crapanzano@chu.ulg.ac.be,Demandes - Service d'assistance - Google Chrome,Tâches diverses,2021-11-10,15:44:58,00:00:02
stefano.crapanzano@chu.ulg.ac.be,Demandes - Service d'assistance - Google Chrome,Tâches diverses,2021-11-10,15:45:52,00:00:21
stefano.crapanzano@chu.ulg.ac.be,Demandes - Service d'assistance - Google Chrome,Tâches diverses,2021-11-10,15:46:22,00:00:02
stefano.crapanzano@chu.ulg.ac.be,Demandes - Service d'assistance - Google Chrome,Tâches diverses,2021-11-10,15:49:00,00:00:06
stefano.crapanzano@chu.ulg.ac.be,Demandes - Service d'assistance - Google Chrome,Tâches diverses,2021-11-10,15:49:31,00:00:05
stefano.crapanzano@chu.ulg.ac.be,Demandes - Service d'assistance - Google Chrome,Tâches diverses,2021-11-10,15:50:48,00:00:02
stefano.crapanzano@chu.ulg.ac.be,Demandes - Service d'assistance - Google Chrome,Tâches diverses,2021-11-10,16:01:05,00:00:08
stefano.crapanzano@chu.ulg.ac.be,Demandes - Service d'assistance - Google Chrome,Tâches diverses,2021-11-10,16:01:23,00:00:09
stefano.crapanzano@chu.ulg.ac.be,Demandes - Service d'assistance - Google Chrome,Tâches diverses,2021-11-10,16:08:11,00:00:09
stefano.crapanzano@chu.ulg.ac.be,Demandes - Service d'assistance - Google Chrome,Tâches diverses,2021-11-10,16:08:41,00:00:23
stefano.crapanzano@chu.ulg.ac.be,Demandes - Service d'assistance - Google Chrome,Tâches diverses,2021-11-10,16:10:45,00:00:13
stefano.crapanzano@chu.ulg.ac.be,Demandes - Service d'assistance - Google Chrome,Tâches diverses,2021-11-10,16:55:36,00:00:05
stefano.crapanzano@chu.ulg.ac.be,Demandes - Service d'assistance - Google Chrome,Tâches diverses,2021-11-10,16:55:44,00:00:22
stefano.crapanzano@chu.ulg.ac.be,Approbation de commandes d'achat - Xperthis ERP4HC 2.0 Rollout - Service d'assistance - Google Chrome,Tâches diverses,2021-11-10,08:59:09,00:07:59
stefano.crapanzano@chu.ulg.ac.be,Approbation de commandes d'achat - Xperthis ERP4HC 2.0 Rollout - Service d'assistance - Google Chrome,Tâches diverses,2021-11-10,10:05:13,00:00:02
stefano.crapanzano@chu.ulg.ac.be,P203 CHU Plusieurs commandes GLIMS non traitées suite à un fichier mal formé - Xperthis ERP4HC 1.0 - Service d'assistance - Google Chrome,Tâches diverses,2021-11-10,09:07:14,00:00:04
stefano.crapanzano@chu.ulg.ac.be,P203 CHU Plusieurs commandes GLIMS non traitées suite à un fichier mal formé - Xperthis ERP4HC 1.0 - Service d'assistance - Google Chrome,Tâches diverses,2021-11-10,11:58:08,00:00:07
stefano.crapanzano@chu.ulg.ac.be,PE2_203 - sftp://PE2U2FTP@153.89.110.38 - FileZilla,Helpdesk général,2021-11-10,09:10:26,00:00:16
stefano.crapanzano@chu.ulg.ac.be,AE2_203 - sftp://AE2U2FTP@153.89.110.38 - FileZilla,Helpdesk général,2021-11-10,09:10:04,00:00:21
stefano.crapanzano@chu.ulg.ac.be,C:\Users\c158492\AppData\Local\Temp\fz3temp-2\SAP202111080020.txt - Notepad++ [Administrator],IT,2021-11-10,09:10:43,00:00:05
stefano.crapanzano@chu.ulg.ac.be,C:\Users\c158492\ProjetBoulot\PYTHON\UTIL\xml_search\main.py - Notepad++ [Administrator],IT,2021-11-10,09:10:48,00:00:08
stefano.crapanzano@chu.ulg.ac.be,C:\Users\c158492\ProjetBoulot\PYTHON\UTIL\xml_search\main.py - Notepad++ [Administrator],IT,2021-11-10,09:10:58,00:00:02
stefano.crapanzano@chu.ulg.ac.be,C:\Users\c158492\ProjetBoulot\PYTHON\UTIL\xml_search\main.py - Notepad++ [Administrator],IT,2021-11-10,13:57:29,00:00:16
stefano.crapanzano@chu.ulg.ac.be,C:\Users\c158492\ProjetBoulot\PYTHON\UTIL\xml_search\main.py - Notepad++ [Administrator],IT,2021-11-10,14:01:12,00:00:02
stefano.crapanzano@chu.ulg.ac.be,C:\Users\c158492\ProjetBoulot\PYTHON\UTIL\xml_search\main.py - Notepad++ [Administrator],IT,2021-11-10,14:01:26,00:00:12
stefano.crapanzano@chu.ulg.ac.be,Programmation,IT,2021-11-10,09:19:11,00:01:09
stefano.crapanzano@chu.ulg.ac.be,Programmation,IT,2021-11-10,11:35:54,00:00:02
stefano.crapanzano@chu.ulg.ac.be,Programmation,IT,2021-11-10,11:36:02,00:00:03
stefano.crapanzano@chu.ulg.ac.be,Programmation,IT,2021-11-10,11:36:07,00:00:33
stefano.crapanzano@chu.ulg.ac.be,Rédaction : Re: Re : Erreur dans le test FtpIepacsZHCIAnc - Thunderbird,Helpdesk général,2021-11-10,09:22:01,00:01:33
stefano.crapanzano@chu.ulg.ac.be,Rédaction : Re: Re : Erreur dans le test FtpIepacsZHCIAnc - Thunderbird,Helpdesk général,2021-11-10,09:23:48,00:02:37
stefano.crapanzano@chu.ulg.ac.be,Rédaction : Re: Re : Erreur dans le test FtpIepacsZHCIAnc - Thunderbird,Helpdesk général,2021-11-10,09:26:34,00:02:07
stefano.crapanzano@chu.ulg.ac.be,Rédaction : Re: Re : Erreur dans le test FtpIepacsZHCIAnc - Thunderbird,Tâches diverses,2021-11-10,09:28:42,00:04:35
stefano.crapanzano@chu.ulg.ac.be,Rédaction : Re: Re : Erreur dans le test FtpIepacsZHCIAnc - Thunderbird,Helpdesk général,2021-11-10,10:38:36,00:02:45
stefano.crapanzano@chu.ulg.ac.be,Iepacs_CHR_2 - kofaxchr2@iepacs.chu.ulg.ac.be - FileZilla,Helpdesk général,2021-11-10,09:23:35,00:00:04
stefano.crapanzano@chu.ulg.ac.be,Iepacs_CHR - kofaxchr@iepacs.chu.ulg.ac.be - FileZilla,Helpdesk général,2021-11-10,09:23:40,00:00:08
stefano.crapanzano@chu.ulg.ac.be,Iepacs_CHR - kofaxchr@iepacs.chu.ulg.ac.be - FileZilla,Helpdesk général,2021-11-10,12:56:53,00:00:09
stefano.crapanzano@chu.ulg.ac.be,Iepacs_CHR - kofaxchr@iepacs.chu.ulg.ac.be - FileZilla,Helpdesk général,2021-11-10,12:57:21,00:00:09
stefano.crapanzano@chu.ulg.ac.be,Iepacs_CHR - kofaxchr@iepacs.chu.ulg.ac.be - FileZilla,Helpdesk général,2021-11-10,12:57:31,00:00:04
stefano.crapanzano@chu.ulg.ac.be,Iepacs_CHR - kofaxchr@iepacs.chu.ulg.ac.be - FileZilla,Helpdesk général,2021-11-10,14:29:51,00:00:17
stefano.crapanzano@chu.ulg.ac.be,Iepacs_CHR - kofaxchr@iepacs.chu.ulg.ac.be - FileZilla,Helpdesk général,2021-11-10,16:57:23,00:00:05
stefano.crapanzano@chu.ulg.ac.be,si-s-serv503 - Lecture des enregistrements,Helpdesk général,2021-11-10,09:49:56,00:00:18
stefano.crapanzano@chu.ulg.ac.be,si-s-serv503 - Lecture des enregistrements,Helpdesk général,2021-11-10,09:50:49,00:00:30
stefano.crapanzano@chu.ulg.ac.be,si-s-serv503 - Lecture des enregistrements,Helpdesk général,2021-11-10,09:51:28,00:00:23
stefano.crapanzano@chu.ulg.ac.be,si-s-serv503 - Lecture des enregistrements,Helpdesk général,2021-11-10,09:51:55,00:00:12
stefano.crapanzano@chu.ulg.ac.be,si-s-serv503 - Lecture des enregistrements,Helpdesk général,2021-11-10,09:52:23,00:01:10
stefano.crapanzano@chu.ulg.ac.be,si-s-serv503 - Lecture des enregistrements,Helpdesk général,2021-11-10,09:53:39,00:00:31
stefano.crapanzano@chu.ulg.ac.be,si-s-serv503 - Lecture des enregistrements,Helpdesk général,2021-11-10,09:54:12,00:00:13
stefano.crapanzano@chu.ulg.ac.be,si-s-serv503 - Lecture des enregistrements,Helpdesk général,2021-11-10,09:54:33,00:00:20
stefano.crapanzano@chu.ulg.ac.be,si-s-serv503 - Lecture des enregistrements,Helpdesk général,2021-11-10,09:54:58,00:00:34
stefano.crapanzano@chu.ulg.ac.be,si-s-serv503 - Lecture des enregistrements,Helpdesk général,2021-11-10,09:55:45,00:01:02
stefano.crapanzano@chu.ulg.ac.be,si-s-serv503 - Lecture des enregistrements,Helpdesk général,2021-11-10,09:57:25,00:00:09
stefano.crapanzano@chu.ulg.ac.be,si-s-serv503 - Lecture des enregistrements,Helpdesk général,2021-11-10,09:57:42,00:00:16
stefano.crapanzano@chu.ulg.ac.be,kofax - Mozilla Thunderbird,Helpdesk général,2021-11-10,10:02:57,00:00:41
stefano.crapanzano@chu.ulg.ac.be,kofax - Mozilla Thunderbird,Helpdesk général,2021-11-10,10:03:44,00:00:04
stefano.crapanzano@chu.ulg.ac.be,TR: Licence Kofax - Mozilla Thunderbird,Helpdesk général,2021-11-10,10:03:39,00:00:05
stefano.crapanzano@chu.ulg.ac.be,kofax statist - Mozilla Thunderbird,Helpdesk général,2021-11-10,10:03:49,00:00:17
stefano.crapanzano@chu.ulg.ac.be,kofax statist - Mozilla Thunderbird,Helpdesk général,2021-11-10,10:04:21,00:00:02
stefano.crapanzano@chu.ulg.ac.be,kofax reporting - Mozilla Thunderbird,Helpdesk général,2021-11-10,10:04:34,00:00:09
stefano.crapanzano@chu.ulg.ac.be,kofax reporting - Mozilla Thunderbird,Helpdesk général,2021-11-10,10:06:38,00:00:38
stefano.crapanzano@chu.ulg.ac.be,kofax reporting - Mozilla Thunderbird,Helpdesk général,2021-11-10,10:08:19,00:00:09
stefano.crapanzano@chu.ulg.ac.be,CHR Citadelle : Kofax et stockage ? - Mozilla Thunderbird,Helpdesk général,2021-11-10,10:04:44,00:00:27
stefano.crapanzano@chu.ulg.ac.be,CHR Citadelle : Kofax et stockage ? - Mozilla Thunderbird,Tâches diverses,2021-11-10,10:05:29,00:01:08
stefano.crapanzano@chu.ulg.ac.be,CHR Citadelle : Kofax et stockage ? - Mozilla Thunderbird,Helpdesk général,2021-11-10,10:08:02,00:00:16
stefano.crapanzano@chu.ulg.ac.be,CHR Citadelle : Kofax et stockage ? - Mozilla Thunderbird,Helpdesk général,2021-11-10,10:14:06,00:00:15
stefano.crapanzano@chu.ulg.ac.be,CHR Citadelle : Kofax et stockage ? - Mozilla Thunderbird,Helpdesk général,2021-11-10,10:14:41,00:01:24
stefano.crapanzano@chu.ulg.ac.be,CHR Citadelle : Kofax et stockage ? - Mozilla Thunderbird,Helpdesk général,2021-11-10,10:16:52,00:00:29
stefano.crapanzano@chu.ulg.ac.be,P203 CHU ARCO 20200418191452 Obtenir un moyen de détection des factures ayant nécessité une intervention manuelle d'un opérateur dans KOFAX - Xperthis ERP4HC 1.0 - Service d'assistance - Google Chrome,Tâches diverses,2021-11-10,10:05:22,00:00:06
stefano.crapanzano@chu.ulg.ac.be,P203 CHU ARCO 20200418191452 Obtenir un moyen de détection des factures ayant nécessité une intervention manuelle d'un opérateur dans KOFAX - Xperthis ERP4HC 1.0 - Service d'assistance - Google Chrome,Tâches diverses,2021-11-10,10:43:10,00:01:53
stefano.crapanzano@chu.ulg.ac.be,P203 CHU ARCO 20200418191452 Obtenir un moyen de détection des factures ayant nécessité une intervention manuelle d'un opérateur dans KOFAX - Xperthis ERP4HC 1.0 - Service d'assistance - Google Chrome,Tâches diverses,2021-11-10,10:55:27,00:00:02
stefano.crapanzano@chu.ulg.ac.be,P203 CHU ARCO 20200418191452 Obtenir un moyen de détection des factures ayant nécessité une intervention manuelle d'un opérateur dans KOFAX - Xperthis ERP4HC 1.0 - Service d'assistance - Google Chrome,Tâches diverses,2021-11-10,10:56:35,00:00:14
stefano.crapanzano@chu.ulg.ac.be,kofax express - Mozilla Thunderbird,Helpdesk général,2021-11-10,10:08:28,00:00:40
stefano.crapanzano@chu.ulg.ac.be,kofax place - Mozilla Thunderbird,Helpdesk général,2021-11-10,10:09:09,00:00:28
stefano.crapanzano@chu.ulg.ac.be,Ticket 20211019904948 ((JIARCO-1388) P203 CHU KOFAX - Problème avec les factures mails ZHUL (code barre généré)) - Mozilla Thunderbird,Helpdesk général,2021-11-10,10:09:38,00:03:49
stefano.crapanzano@chu.ulg.ac.be,Ticket 20211019904948 ((JIARCO-1388) P203 CHU KOFAX - Problème avec les factures mails ZHUL (code barre généré)) - Mozilla Thunderbird,Helpdesk général,2021-11-10,10:14:02,00:00:02
stefano.crapanzano@chu.ulg.ac.be,Ticket 20211019904948 ((JIARCO-1388) P203 CHU KOFAX - Problème avec les factures mails ZHUL (code barre généré)) - Mozilla Thunderbird,Helpdesk général,2021-11-10,11:45:26,00:00:08
stefano.crapanzano@chu.ulg.ac.be,si-s-serv503 - Netop File Manager,Helpdesk général,2021-11-10,10:36:18,00:00:15
stefano.crapanzano@chu.ulg.ac.be,si-s-serv503 - Netop File Manager,Helpdesk général,2021-11-10,10:36:50,00:00:06
stefano.crapanzano@chu.ulg.ac.be,si-s-serv503 - Netop File Manager,Helpdesk général,2021-11-10,10:36:59,00:00:37
stefano.crapanzano@chu.ulg.ac.be,si-s-serv503 - Netop File Manager,Helpdesk général,2021-11-10,10:37:38,00:00:40
stefano.crapanzano@chu.ulg.ac.be,si-s-serv503 - Netop File Manager,Helpdesk général,2021-11-10,11:18:19,00:00:05
stefano.crapanzano@chu.ulg.ac.be,SumatraPDF,Helpdesk général,2021-11-10,10:36:57,00:00:02
stefano.crapanzano@chu.ulg.ac.be,Lifesize,Tâches diverses,2021-11-10,10:41:50,00:00:04
stefano.crapanzano@chu.ulg.ac.be,Lifesize,Tâches diverses,2021-11-10,10:55:23,00:00:04
stefano.crapanzano@chu.ulg.ac.be,SAP Logon 760,Exploration SAP,2021-11-10,11:04:59,00:00:04
stefano.crapanzano@chu.ulg.ac.be,SAP Easy Access Menu de base Applications financières-économiques,Exploration SAP,2021-11-10,11:05:03,00:00:09
stefano.crapanzano@chu.ulg.ac.be,SAP Easy Access Menu de base Applications financières-économiques,Exploration SAP,2021-11-10,11:07:34,00:00:09
stefano.crapanzano@chu.ulg.ac.be,SAP Easy Access Menu de base Applications financières-économiques,Exploration SAP,2021-11-10,12:07:09,00:00:05
stefano.crapanzano@chu.ulg.ac.be,Gérer objet,Exploration SAP,2021-11-10,11:05:13,00:00:12
stefano.crapanzano@chu.ulg.ac.be,Gérer objet,Exploration SAP,2021-11-10,11:05:33,00:00:06
stefano.crapanzano@chu.ulg.ac.be,Gérer objet,Exploration SAP,2021-11-10,11:06:23,00:00:02
stefano.crapanzano@chu.ulg.ac.be,Gérer objet,Exploration SAP,2021-11-10,11:06:35,00:00:04
stefano.crapanzano@chu.ulg.ac.be,Gérer objet,Exploration SAP,2021-11-10,11:06:43,00:00:04
stefano.crapanzano@chu.ulg.ac.be,Gérer objet,Exploration SAP,2021-11-10,11:07:29,00:00:05
stefano.crapanzano@chu.ulg.ac.be,Afficher Objet,Exploration SAP,2021-11-10,11:05:25,00:00:08
stefano.crapanzano@chu.ulg.ac.be,Afficher Relations,Exploration SAP,2021-11-10,11:05:40,00:00:43
stefano.crapanzano@chu.ulg.ac.be,Rédaction : (pas de sujet) - Thunderbird,Helpdesk général,2021-11-10,11:06:28,00:00:04
stefano.crapanzano@chu.ulg.ac.be,Créer Relations,Exploration SAP,2021-11-10,11:06:39,00:00:04
stefano.crapanzano@chu.ulg.ac.be,Modifier Relations,Exploration SAP,2021-11-10,11:06:47,00:00:23
stefano.crapanzano@chu.ulg.ac.be,Modifier Relations,Exploration SAP,2021-11-10,11:07:14,00:00:08
stefano.crapanzano@chu.ulg.ac.be,Créer poste vacant,Exploration SAP,2021-11-10,11:07:22,00:00:06
stefano.crapanzano@chu.ulg.ac.be,Analyse de work load,Exploration SAP,2021-11-10,11:07:44,00:00:09
stefano.crapanzano@chu.ulg.ac.be,Analyse de work load,Exploration SAP,2021-11-10,11:09:01,00:00:02
stefano.crapanzano@chu.ulg.ac.be,Analyse de work load,Exploration SAP,2021-11-10,11:09:25,00:00:04
stefano.crapanzano@chu.ulg.ac.be,Analyse de work load,Exploration SAP,2021-11-10,11:09:34,00:00:05
stefano.crapanzano@chu.ulg.ac.be,Work load pour UTILISATEUR FLORIAN GERDAY,Exploration SAP,2021-11-10,11:07:53,00:00:30
stefano.crapanzano@chu.ulg.ac.be,Work load pour UTILISATEUR FLORIAN GERDAY,Exploration SAP,2021-11-10,11:08:25,00:00:35
stefano.crapanzano@chu.ulg.ac.be,Work load pour UTILISATEUR FLORIAN GERDAY,Exploration SAP,2021-11-10,11:09:29,00:00:04
stefano.crapanzano@chu.ulg.ac.be,Utilisateur (1),Exploration SAP,2021-11-10,11:09:03,00:00:02
stefano.crapanzano@chu.ulg.ac.be,Work load pour UTILISATEUR FRÉDÉRIC WOJEIECHOWSKI,Exploration SAP,2021-11-10,11:09:09,00:00:16
stefano.crapanzano@chu.ulg.ac.be,how to search in event viewer from query - Recherche Google - Google Chrome,Tâches diverses,2021-11-10,11:18:57,00:00:02
stefano.crapanzano@chu.ulg.ac.be,how to search in event viewer from query - Recherche Google - Google Chrome,Tâches diverses,2021-11-10,11:23:41,00:00:02
stefano.crapanzano@chu.ulg.ac.be,how to search in event viewer from query - Recherche Google - Google Chrome,Tâches diverses,2021-11-10,11:28:03,00:00:04
stefano.crapanzano@chu.ulg.ac.be,Advanced XML filtering in the Windows Event Viewer - Microsoft Tech Community - Google Chrome,Tâches diverses,2021-11-10,11:19:00,00:00:35
stefano.crapanzano@chu.ulg.ac.be,Advanced XML filtering in the Windows Event Viewer - Microsoft Tech Community - Google Chrome,Helpdesk général,2021-11-10,11:21:08,00:00:23
stefano.crapanzano@chu.ulg.ac.be,Advanced XML filtering in the Windows Event Viewer - Microsoft Tech Community - Google Chrome,Tâches diverses,2021-11-10,11:21:45,00:00:23
stefano.crapanzano@chu.ulg.ac.be,Advanced XML filtering in the Windows Event Viewer - Microsoft Tech Community - Google Chrome,Tâches diverses,2021-11-10,11:23:34,00:00:06
stefano.crapanzano@chu.ulg.ac.be,windows - How to search string in Event Viewer XML Query? - Super User - Google Chrome,Tâches diverses,2021-11-10,11:23:43,00:00:19
stefano.crapanzano@chu.ulg.ac.be,xml - Using XPath starts-with or contains functions to search Windows event logs - Stack Overflow - Google Chrome,Tâches diverses,2021-11-10,11:24:03,00:00:52
stefano.crapanzano@chu.ulg.ac.be,xml - Using XPath starts-with or contains functions to search Windows event logs - Stack Overflow - Google Chrome,Tâches diverses,2021-11-10,11:25:37,00:00:06
stefano.crapanzano@chu.ulg.ac.be,xml - Using XPath starts-with or contains functions to search Windows event logs - Stack Overflow - Google Chrome,Helpdesk général,2021-11-10,11:27:29,00:00:06
stefano.crapanzano@chu.ulg.ac.be,xml - Using XPath starts-with or contains functions to search Windows event logs - Stack Overflow - Google Chrome,Tâches diverses,2021-11-10,11:27:56,00:00:05
stefano.crapanzano@chu.ulg.ac.be,Consuming Events (Windows Event Log) - Win32 apps | Microsoft Docs - Google Chrome,Tâches diverses,2021-11-10,11:27:35,00:00:20
stefano.crapanzano@chu.ulg.ac.be,How to query logs in Event Viewer using the command line - Google Chrome,Tâches diverses,2021-11-10,11:28:07,00:00:27
stefano.crapanzano@chu.ulg.ac.be,How to query logs in Event Viewer using the command line - Google Chrome,Helpdesk général,2021-11-10,11:28:49,00:03:15
stefano.crapanzano@chu.ulg.ac.be,How to query logs in Event Viewer using the command line - Google Chrome,Helpdesk général,2021-11-10,11:32:14,00:00:30
stefano.crapanzano@chu.ulg.ac.be,How to query logs in Event Viewer using the command line - Google Chrome,Tâches diverses,2021-11-10,11:33:22,00:00:08
stefano.crapanzano@chu.ulg.ac.be,wevtutil - Recherche Google - Google Chrome,Tâches diverses,2021-11-10,11:33:32,00:00:06
stefano.crapanzano@chu.ulg.ac.be,wevtutil | Microsoft Docs - Google Chrome,Tâches diverses,2021-11-10,11:33:39,00:00:33
stefano.crapanzano@chu.ulg.ac.be,wevtutil | Microsoft Docs - Google Chrome,Tâches diverses,2021-11-10,11:34:19,00:00:29
stefano.crapanzano@chu.ulg.ac.be,wevtutil search application - Recherche Google - Google Chrome,Tâches diverses,2021-11-10,11:34:54,00:00:04
stefano.crapanzano@chu.ulg.ac.be,wevtutil search application - Recherche Google - Google Chrome,Tâches diverses,2021-11-10,11:35:03,00:00:08
stefano.crapanzano@chu.ulg.ac.be,wevtutil search application name - Recherche Google - Google Chrome,Tâches diverses,2021-11-10,11:35:11,00:00:33
stefano.crapanzano@chu.ulg.ac.be,Managing event logs from the command line - Google Chrome,Tâches diverses,2021-11-10,11:35:45,00:00:09
stefano.crapanzano@chu.ulg.ac.be,Managing event logs from the command line - Google Chrome,Tâches diverses,2021-11-10,11:36:48,00:00:35
stefano.crapanzano@chu.ulg.ac.be,Managing event logs from the command line - Google Chrome,Tâches diverses,2021-11-10,11:37:39,00:00:08
stefano.crapanzano@chu.ulg.ac.be,https://techgenix.com/managingeventlogsfromthecommandline/ - Google Chrome,Tâches diverses,2021-11-10,11:36:45,00:00:02
stefano.crapanzano@chu.ulg.ac.be,Ouverture -Excel,Tâches diverses,2021-11-10,11:48:29,00:00:06
stefano.crapanzano@chu.ulg.ac.be,Excel,Tâches diverses,2021-11-10,11:48:44,00:00:04
stefano.crapanzano@chu.ulg.ac.be,Ticket_ERP 2.0 en cours_ISI (1).xlsx  [Mode protégé] - Excel,Tâches diverses,2021-11-10,11:48:54,00:01:14
stefano.crapanzano@chu.ulg.ac.be,Ticket_ERP 2.0 en cours_ISI (1).xlsx  [Mode protégé] - Excel,Tâches diverses,2021-11-10,11:50:38,00:05:55
stefano.crapanzano@chu.ulg.ac.be,Ticket_ERP 2.0 en cours_ISI (1).xlsx  [Mode protégé] - Excel,Tâches diverses,2021-11-10,11:56:38,00:00:32
stefano.crapanzano@chu.ulg.ac.be,Ticket_ERP 2.0 en cours_ISI (1).xlsx  [Mode protégé] - Excel,Tâches diverses,2021-11-10,12:57:05,00:00:12
stefano.crapanzano@chu.ulg.ac.be,Extended My Requests - ZORGI Jira - Google Chrome,Tâches diverses,2021-11-10,11:58:20,00:00:18
stefano.crapanzano@chu.ulg.ac.be,Extended My Requests - ZORGI Jira - Google Chrome,Tâches diverses,2021-11-10,11:58:40,00:00:11
stefano.crapanzano@chu.ulg.ac.be,Extended My Requests - ZORGI Jira - Google Chrome,Tâches diverses,2021-11-10,12:00:36,00:00:04
stefano.crapanzano@chu.ulg.ac.be,Extended My Requests - ZORGI Jira - Google Chrome,Tâches diverses,2021-11-10,12:03:44,00:00:05
stefano.crapanzano@chu.ulg.ac.be,Error — VisualSVN Server - Google Chrome,Tâches diverses,2021-11-10,11:59:00,00:00:04
stefano.crapanzano@chu.ulg.ac.be,Error — VisualSVN Server - Google Chrome,Tâches diverses,2021-11-10,14:01:42,00:00:04
stefano.crapanzano@chu.ulg.ac.be,ZORGI Help Center - Service d'assistance - Google Chrome,Tâches diverses,2021-11-10,12:06:48,00:00:09
stefano.crapanzano@chu.ulg.ac.be,Extended My Requests - All requests - Service Desk - Google Chrome,Tâches diverses,2021-11-10,11:59:09,00:00:24
stefano.crapanzano@chu.ulg.ac.be,Extended My Requests - All requests - Service Desk - Google Chrome,Tâches diverses,2021-11-10,12:00:03,00:00:08
stefano.crapanzano@chu.ulg.ac.be,Extended My Requests - All requests - Service Desk - Google Chrome,Tâches diverses,2021-11-10,12:03:50,00:00:24
stefano.crapanzano@chu.ulg.ac.be,Extended My Requests - All requests - Service Desk - Google Chrome,Tâches diverses,2021-11-10,12:04:46,00:00:16
stefano.crapanzano@chu.ulg.ac.be,Extended My Requests - All requests - Service Desk - Google Chrome,Tâches diverses,2021-11-10,12:05:24,00:00:02
stefano.crapanzano@chu.ulg.ac.be,SSP - Option service WEB - Xperthis ERP4HC 2.0 Rollout - Service d'assistance - Google Chrome,Tâches diverses,2021-11-10,11:59:35,00:00:26
stefano.crapanzano@chu.ulg.ac.be,SSP - Options par défaut pour utilisateurs - Xperthis ERP4HC 2.0 Rollout - Service d'assistance - Google Chrome,Tâches diverses,2021-11-10,12:00:11,00:00:24
stefano.crapanzano@chu.ulg.ac.be,Planifié - To Do - Google Chrome,Helpdesk général,2021-11-10,12:02:53,00:00:04
stefano.crapanzano@chu.ulg.ac.be,Planifié - To Do - Google Chrome,Tâches diverses,2021-11-10,12:19:16,00:00:02
stefano.crapanzano@chu.ulg.ac.be,Paramétrage accès utilisateur (RA) à un ou plusieurs CC-réceptionnaires(inscription) - Xperthis ERP4HC 2.0 Rollout - Service d'assistance - Google Chrome,Tâches diverses,2021-11-10,12:04:14,00:00:05
stefano.crapanzano@chu.ulg.ac.be,Paramétrage accès utilisateur (RA) à un ou plusieurs CC-réceptionnaires(inscription) - Xperthis ERP4HC 2.0 Rollout - Service d'assistance - Google Chrome,Tâches diverses,2021-11-10,12:04:39,00:00:05
stefano.crapanzano@chu.ulg.ac.be,Paramétrage accès utilisateur (RA) à un ou plusieurs CC-réceptionnaires(inscription) - Xperthis ERP4HC 2.0 Rollout - Service d'assistance - Google Chrome,Tâches diverses,2021-11-10,12:05:27,00:00:02
stefano.crapanzano@chu.ulg.ac.be,Incident ERP for HealthCare - Xperthis ERP4HC 2.0 Rollout - Service d'assistance - Google Chrome,Tâches diverses,2021-11-10,12:06:58,00:00:08
stefano.crapanzano@chu.ulg.ac.be,Incident ERP for HealthCare - Xperthis ERP4HC 2.0 Rollout - Service d'assistance - Google Chrome,Tâches diverses,2021-11-10,12:10:43,00:04:12
stefano.crapanzano@chu.ulg.ac.be,Incident ERP for HealthCare - Xperthis ERP4HC 2.0 Rollout - Service d'assistance - Google Chrome,Tâches diverses,2021-11-10,12:15:12,00:00:10
stefano.crapanzano@chu.ulg.ac.be,un panier - Internet Explorer,Helpdesk général,2021-11-10,12:07:42,00:00:49
stefano.crapanzano@chu.ulg.ac.be,Greenshot capture form,Helpdesk général,2021-11-10,12:08:32,00:00:07
stefano.crapanzano@chu.ulg.ac.be,Greenshot capture form,Helpdesk général,2021-11-10,12:09:35,00:00:06
stefano.crapanzano@chu.ulg.ac.be,Greenshot Éditeur d'Image,Helpdesk général,2021-11-10,12:08:41,00:00:15
stefano.crapanzano@chu.ulg.ac.be,Greenshot Éditeur d'Image,Helpdesk général,2021-11-10,12:09:42,00:00:54
stefano.crapanzano@chu.ulg.ac.be,C:\temp\screenshots\2021-11-10 12_08_31-un panier - Internet Explorer.png - Greenshot Éditeur d'Image,Helpdesk général,2021-11-10,12:08:58,00:00:34
stefano.crapanzano@chu.ulg.ac.be,Ouvrir,Tâches diverses,2021-11-10,12:14:56,00:00:08
stefano.crapanzano@chu.ulg.ac.be,Ouvrir,Tâches diverses,2021-11-10,12:15:08,00:00:04
stefano.crapanzano@chu.ulg.ac.be,Ouvrir,Tâches diverses,2021-11-10,12:15:54,00:00:02
stefano.crapanzano@chu.ulg.ac.be,Ouvrir,Tâches diverses,2021-11-10,12:16:28,00:00:04
stefano.crapanzano@chu.ulg.ac.be,SSP - Empêcher l'ajout d'articles venant de différent catalogue dans la même demande d'achat - Xperthis ERP4HC 2.0 Rollout - Service d'assistance - Google Chrome,Tâches diverses,2021-11-10,12:15:23,00:00:27
stefano.crapanzano@chu.ulg.ac.be,SSP - Empêcher l'ajout d'articles venant de différent catalogue dans la même demande d'achat - Xperthis ERP4HC 2.0 Rollout - Service d'assistance - Google Chrome,Tâches diverses,2021-11-10,12:15:56,00:00:31
stefano.crapanzano@chu.ulg.ac.be,SSP - Empêcher l'ajout d'articles venant de différent catalogue dans la même demande d'achat - Xperthis ERP4HC 2.0 Rollout - Service d'assistance - Google Chrome,Tâches diverses,2021-11-10,12:16:32,00:01:20
stefano.crapanzano@chu.ulg.ac.be,SSP - Empêcher l'ajout d'articles venant de différent catalogue dans la même demande d'achat - Xperthis ERP4HC 2.0 Rollout - Service d'assistance - Google Chrome,Tâches diverses,2021-11-10,12:19:04,00:00:02
stefano.crapanzano@chu.ulg.ac.be,SSP - Empêcher l'ajout d'articles venant de différent catalogue dans la même demande d'achat - Xperthis ERP4HC 2.0 Rollout - Service d'assistance - Google Chrome,Tâches diverses,2021-11-10,12:23:07,00:00:43
stefano.crapanzano@chu.ulg.ac.be,SSP - Empêcher l'ajout d'articles venant de différent catalogue dans la même demande d'achat - Xperthis ERP4HC 2.0 Rollout - Service d'assistance - Google Chrome,Tâches diverses,2021-11-10,13:39:36,00:00:02
stefano.crapanzano@chu.ulg.ac.be,SSP - Empêcher l'ajout d'articles venant de différent catalogue dans la même demande d'achat - Xperthis ERP4HC 2.0 Rollout - Service d'assistance - Google Chrome,Tâches diverses,2021-11-10,13:59:02,00:00:02
stefano.crapanzano@chu.ulg.ac.be,SSP - Empêcher l'ajout d'articles venant de différent catalogue dans la même demande d'achat - Xperthis ERP4HC 2.0 Rollout - Service d'assistance - Google Chrome,Tâches diverses,2021-11-10,15:13:45,00:00:08
stefano.crapanzano@chu.ulg.ac.be,SSP - Empêcher l'ajout d'articles venant de différent catalogue dans la même demande d'achat - Xperthis ERP4HC 2.0 Rollout - Service d'assistance - Google Chrome,Tâches diverses,2021-11-10,15:36:42,00:03:07
stefano.crapanzano@chu.ulg.ac.be,SSP - Empêcher l'ajout d'articles venant de différent catalogue dans la même demande d'achat - Xperthis ERP4HC 2.0 Rollout - Service d'assistance - Google Chrome,Tâches diverses,2021-11-10,15:42:20,00:00:17
stefano.crapanzano@chu.ulg.ac.be,SSP - Empêcher l'ajout d'articles venant de différent catalogue dans la même demande d'achat - Xperthis ERP4HC 2.0 Rollout - Service d'assistance - Google Chrome,Tâches diverses,2021-11-10,15:45:01,00:00:50
stefano.crapanzano@chu.ulg.ac.be,SSP - Empêcher l'ajout d'articles venant de différent catalogue dans la même demande d'achat - Xperthis ERP4HC 2.0 Rollout - Service d'assistance - Google Chrome,Tâches diverses,2021-11-10,16:01:33,00:01:02
stefano.crapanzano@chu.ulg.ac.be,SSP - Recherche d'un article par le numéro d'article - Xperthis ERP4HC 2.0 Rollout - Service d'assistance - Google Chrome,Tâches diverses,2021-11-10,12:23:56,00:02:23
stefano.crapanzano@chu.ulg.ac.be,SSP - Recherche d'un article par le numéro d'article - Xperthis ERP4HC 2.0 Rollout - Service d'assistance - Google Chrome,Tâches diverses,2021-11-10,15:46:14,00:00:08
stefano.crapanzano@chu.ulg.ac.be,SSP - Recherche d'un article par le numéro d'article - Xperthis ERP4HC 2.0 Rollout - Service d'assistance - Google Chrome,Tâches diverses,2021-11-10,15:46:25,00:02:35
stefano.crapanzano@chu.ulg.ac.be,400 Bad Request - Google Chrome,Tâches diverses,2021-11-10,13:38:57,00:00:09
stefano.crapanzano@chu.ulg.ac.be,ERP-WIKI [DokuWiki ERP] - Google Chrome,Tâches diverses,2021-11-10,13:39:07,00:00:10
stefano.crapanzano@chu.ulg.ac.be,CLONE - P203 CHU IDoc 329798 statut 51 car un article est en statut bloqué : toute la demande de réapprovisionnement est bloquée - Xperthis ERP4HC 1.0 - Service d'assistance - Google Chrome,Tâches diverses,2021-11-10,13:51:34,00:00:23
stefano.crapanzano@chu.ulg.ac.be,CLONE - P203 CHU IDoc 329798 statut 51 car un article est en statut bloqué : toute la demande de réapprovisionnement est bloquée - Xperthis ERP4HC 1.0 - Service d'assistance - Google Chrome,Tâches diverses,2021-11-10,13:52:03,00:03:16
stefano.crapanzano@chu.ulg.ac.be,CLONE - P203 CHU IDoc 329798 statut 51 car un article est en statut bloqué : toute la demande de réapprovisionnement est bloquée - Xperthis ERP4HC 1.0 - Service d'assistance - Google Chrome,Tâches diverses,2021-11-10,13:57:55,00:01:07
stefano.crapanzano@chu.ulg.ac.be,CLONE - P203 CHU IDoc 329798 statut 51 car un article est en statut bloqué : toute la demande de réapprovisionnement est bloquée - Xperthis ERP4HC 1.0 - Service d'assistance - Google Chrome,Tâches diverses,2021-11-10,13:59:14,00:00:02
stefano.crapanzano@chu.ulg.ac.be,CLONE - P203 CHU IDoc 329798 statut 51 car un article est en statut bloqué : toute la demande de réapprovisionnement est bloquée - Xperthis ERP4HC 1.0 - Service d'assistance - Google Chrome,Tâches diverses,2021-11-10,14:48:26,00:00:17
stefano.crapanzano@chu.ulg.ac.be,CLONE - P203 CHU IDoc 329798 statut 51 car un article est en statut bloqué : toute la demande de réapprovisionnement est bloquée - Xperthis ERP4HC 1.0 - Service d'assistance - Google Chrome,Tâches diverses,2021-11-10,15:20:43,00:00:04
stefano.crapanzano@chu.ulg.ac.be,CLONE - P203 CHU IDoc 329798 statut 51 car un article est en statut bloqué : toute la demande de réapprovisionnement est bloquée - Xperthis ERP4HC 1.0 - Service d'assistance - Google Chrome,Tâches diverses,2021-11-10,15:24:33,00:00:02
stefano.crapanzano@chu.ulg.ac.be,CLONE - P203 CHU IDoc 329798 statut 51 car un article est en statut bloqué : toute la demande de réapprovisionnement est bloquée - Xperthis ERP4HC 1.0 - Service d'assistance - Google Chrome,Tâches diverses,2021-11-10,15:42:48,00:00:04
stefano.crapanzano@chu.ulg.ac.be,P203 CHU Factures apo non comptabilisée lors du retour apo via la transaction zapo - Xperthis ERP4HC 1.0 - Service d'assistance - Google Chrome,Tâches diverses,2021-11-10,13:55:28,00:00:13
stefano.crapanzano@chu.ulg.ac.be,P203 CHU Factures apo non comptabilisée lors du retour apo via la transaction zapo - Xperthis ERP4HC 1.0 - Service d'assistance - Google Chrome,Tâches diverses,2021-11-10,13:57:52,00:00:02
stefano.crapanzano@chu.ulg.ac.be,\\si-s-serv993\wiki-erp\data\pages\logistique\creer_une_nouvelle_connexion_kardex.txt - Notepad++ [Administrator],IT,2021-11-10,14:01:18,00:00:04
stefano.crapanzano@chu.ulg.ac.be,SAP GUI for Windows 760,Exploration SAP,2021-11-10,14:07:27,00:02:30
stefano.crapanzano@chu.ulg.ac.be,Code ATC manquant - Xperthis Oazis - Service d'assistance - Google Chrome,Tâches diverses,2021-11-10,15:14:05,00:00:19
stefano.crapanzano@chu.ulg.ac.be,Rédaction : Re: TR: STERPBE-3174 SSP - Empêcher l'ajout d'articles venant de différent catalogue dans la même demande d'achat - Thunderbird,Helpdesk général,2021-11-10,15:18:33,00:00:15
stefano.crapanzano@chu.ulg.ac.be,Rédaction : Re: TR: STERPBE-3174 SSP - Empêcher l'ajout d'articles venant de différent catalogue dans la même demande d'achat - Thunderbird,Helpdesk général,2021-11-10,15:19:12,00:01:04
stefano.crapanzano@chu.ulg.ac.be,Rédaction : Re: TR: STERPBE-3174 SSP - Empêcher l'ajout d'articles venant de différent catalogue dans la même demande d'achat - Thunderbird,Helpdesk général,2021-11-10,15:21:08,00:00:20
stefano.crapanzano@chu.ulg.ac.be,Rédaction : Re: TR: STERPBE-3174 SSP - Empêcher l'ajout d'articles venant de différent catalogue dans la même demande d'achat - Thunderbird,Helpdesk général,2021-11-10,15:23:15,00:00:35
stefano.crapanzano@chu.ulg.ac.be,Rédaction : Re: TR: STERPBE-3174 SSP - Empêcher l'ajout d'articles venant de différent catalogue dans la même demande d'achat - Thunderbird,Helpdesk général,2021-11-10,15:24:35,00:00:04
stefano.crapanzano@chu.ulg.ac.be,Rédaction : Re: TR: STERPBE-3174 SSP - Empêcher l'ajout d'articles venant de différent catalogue dans la même demande d'achat - Thunderbird,Helpdesk général,2021-11-10,15:24:44,00:00:20
stefano.crapanzano@chu.ulg.ac.be,Rédaction : Re: TR: STERPBE-3174 SSP - Empêcher l'ajout d'articles venant de différent catalogue dans la même demande d'achat - Thunderbird,Helpdesk général,2021-11-10,15:25:10,00:01:27
stefano.crapanzano@chu.ulg.ac.be,Rédaction : Re: TR: STERPBE-3174 SSP - Empêcher l'ajout d'articles venant de différent catalogue dans la même demande d'achat - Thunderbird,Helpdesk général,2021-11-10,15:26:39,00:00:04
stefano.crapanzano@chu.ulg.ac.be,Rédaction : Re: TR: STERPBE-3174 SSP - Empêcher l'ajout d'articles venant de différent catalogue dans la même demande d'achat - Thunderbird,Helpdesk général,2021-11-10,15:26:47,00:01:14
stefano.crapanzano@chu.ulg.ac.be,Rédaction : Re: TR: STERPBE-3174 SSP - Empêcher l'ajout d'articles venant de différent catalogue dans la même demande d'achat - Thunderbird,Helpdesk général,2021-11-10,15:30:13,00:00:04
stefano.crapanzano@chu.ulg.ac.be,Rédaction : Re: TR: STERPBE-3174 SSP - Empêcher l'ajout d'articles venant de différent catalogue dans la même demande d'achat - Thunderbird,Helpdesk général,2021-11-10,15:30:32,00:00:54
stefano.crapanzano@chu.ulg.ac.be,2 Traité - erp.sai@chuliege.be - Mozilla Thunderbird,Helpdesk général,2021-11-10,15:18:55,00:00:17
stefano.crapanzano@chu.ulg.ac.be,2 Traité - erp.sai@chuliege.be - Mozilla Thunderbird,Helpdesk général,2021-11-10,15:28:06,00:00:02
stefano.crapanzano@chu.ulg.ac.be,Connexion - Google Chrome,Tâches diverses,2021-11-10,15:20:21,00:00:22
stefano.crapanzano@chu.ulg.ac.be,Connexion - Google Chrome,Tâches diverses,2021-11-10,15:21:29,00:00:26
stefano.crapanzano@chu.ulg.ac.be,Connexion - Google Chrome,Tâches diverses,2021-11-10,15:22:12,00:00:04
stefano.crapanzano@chu.ulg.ac.be,Page d'accueil - Google Chrome,Tâches diverses,2021-11-10,15:20:58,00:00:05
stefano.crapanzano@chu.ulg.ac.be,Page d'accueil - Google Chrome,Tâches diverses,2021-11-10,15:22:06,00:00:05
stefano.crapanzano@chu.ulg.ac.be,Page d'accueil - Google Chrome,Tâches diverses,2021-11-10,15:22:16,00:00:41
stefano.crapanzano@chu.ulg.ac.be,Page d'accueil - Google Chrome,Tâches diverses,2021-11-10,15:22:59,00:00:15
stefano.crapanzano@chu.ulg.ac.be,Page d'accueil - Google Chrome,Tâches diverses,2021-11-10,15:23:51,00:00:06
stefano.crapanzano@chu.ulg.ac.be,Page d'accueil - Google Chrome,Tâches diverses,2021-11-10,15:24:13,00:00:19
stefano.crapanzano@chu.ulg.ac.be,Service cannot be reached - Google Chrome,Tâches diverses,2021-11-10,15:21:55,00:00:10
stefano.crapanzano@chu.ulg.ac.be,1108401_2021-11-10+12_09_34-un+panier+-+Internet+Explorer-1.png (1683×456) - Google Chrome,Tâches diverses,2021-11-10,15:33:06,00:00:10
stefano.crapanzano@chu.ulg.ac.be,SSP - Interface vide sur A03 - Xperthis ERP4HC 2.0 Rollout - Service d'assistance - Google Chrome,Tâches diverses,2021-11-10,15:40:07,00:00:27
stefano.crapanzano@chu.ulg.ac.be,SSP - Interface vide sur A03 - Xperthis ERP4HC 2.0 Rollout - Service d'assistance - Google Chrome,Tâches diverses,2021-11-10,15:40:48,00:00:37
stefano.crapanzano@chu.ulg.ac.be,SSP - Interface vide sur A03 - Xperthis ERP4HC 2.0 Rollout - Service d'assistance - Google Chrome,Tâches diverses,2021-11-10,15:49:07,00:00:24
stefano.crapanzano@chu.ulg.ac.be,SSP - Interface vide sur A03 - Xperthis ERP4HC 2.0 Rollout - Service d'assistance - Google Chrome,Tâches diverses,2021-11-10,15:49:37,00:00:50
stefano.crapanzano@chu.ulg.ac.be,SSP - Interface vide sur A03 - Xperthis ERP4HC 2.0 Rollout - Service d'assistance - Google Chrome,Tâches diverses,2021-11-10,15:50:29,00:00:19
stefano.crapanzano@chu.ulg.ac.be,SSP - Interface vide sur A03 - Xperthis ERP4HC 2.0 Rollout - Service d'assistance - Google Chrome,Tâches diverses,2021-11-10,16:01:14,00:00:09
stefano.crapanzano@chu.ulg.ac.be,SSP - Interface vide sur A03 - Xperthis ERP4HC 2.0 Rollout - Service d'assistance - Google Chrome,Tâches diverses,2021-11-10,16:08:01,00:00:09
stefano.crapanzano@chu.ulg.ac.be,Flux des WOAR via les fichiers de commande PDA sur X01 - Xperthis ERP4HC 2.0 Rollout - Service d'assistance - Google Chrome,Tâches diverses,2021-11-10,16:09:04,00:00:13
stefano.crapanzano@chu.ulg.ac.be,Flux des WOAR via les fichiers de commande PDA sur X01 - Xperthis ERP4HC 2.0 Rollout - Service d'assistance - Google Chrome,Tâches diverses,2021-11-10,16:09:37,00:00:28
stefano.crapanzano@chu.ulg.ac.be,Flux des WOAR via les fichiers de commande PDA sur X01 - Xperthis ERP4HC 2.0 Rollout - Service d'assistance - Google Chrome,Tâches diverses,2021-11-10,16:10:15,00:00:06
stefano.crapanzano@chu.ulg.ac.be,Flux des WOAR via les fichiers de commande PDA sur A03 - Xperthis ERP4HC 2.0 Rollout - Service d'assistance - Google Chrome,Tâches diverses,2021-11-10,16:10:06,00:00:08
stefano.crapanzano@chu.ulg.ac.be,Flux des WOAR via les fichiers de commande PDA sur A03 - Xperthis ERP4HC 2.0 Rollout - Service d'assistance - Google Chrome,Tâches diverses,2021-11-10,16:10:21,00:00:23
stefano.crapanzano@chu.ulg.ac.be,Flux des WOAR via les fichiers de commande PDA sur A03 - Xperthis ERP4HC 2.0 Rollout - Service d'assistance - Google Chrome,Tâches diverses,2021-11-10,16:55:41,00:00:02
stefano.crapanzano@chu.ulg.ac.be,Activités,Helpdesk général,2021-11-10,16:13:00,00:00:09
