Email,Description,Project,Start date,Start time,Duration
stefano.crapanzano@chu.ulg.ac.be,Iepacs - sftp://kofaxchu@iepacs.chu.ulg.ac.be - FileZilla,Helpdesk général,2021-07-30,08:23:53,00:00:09
stefano.crapanzano@chu.ulg.ac.be,Courrier entrant - stefano.crapanzano@chuliege.be - Mozilla Thunderbird,Helpdesk général,2021-07-30,08:24:03,00:00:02
stefano.crapanzano@chu.ulg.ac.be,Courrier entrant - stefano.crapanzano@chuliege.be - Mozilla Thunderbird,Helpdesk général,2021-07-30,08:25:03,00:00:02
stefano.crapanzano@chu.ulg.ac.be,Courrier entrant - stefano.crapanzano@chuliege.be - Mozilla Thunderbird,Helpdesk général,2021-07-30,08:25:34,00:00:04
stefano.crapanzano@chu.ulg.ac.be,Courrier entrant - stefano.crapanzano@chuliege.be - Mozilla Thunderbird,Helpdesk général,2021-07-30,08:29:32,00:00:11
stefano.crapanzano@chu.ulg.ac.be,Courrier entrant - stefano.crapanzano@chuliege.be - Mozilla Thunderbird,Helpdesk général,2021-07-30,08:39:49,00:00:02
stefano.crapanzano@chu.ulg.ac.be,Courrier entrant - stefano.crapanzano@chuliege.be - Mozilla Thunderbird,Helpdesk général,2021-07-30,08:51:12,00:00:03
stefano.crapanzano@chu.ulg.ac.be,Courrier entrant - stefano.crapanzano@chuliege.be - Mozilla Thunderbird,Helpdesk général,2021-07-30,09:28:51,00:00:03
stefano.crapanzano@chu.ulg.ac.be,Courrier entrant - stefano.crapanzano@chuliege.be - Mozilla Thunderbird,Helpdesk général,2021-07-30,09:34:27,00:00:03
stefano.crapanzano@chu.ulg.ac.be,Courrier entrant - stefano.crapanzano@chuliege.be - Mozilla Thunderbird,Helpdesk général,2021-07-30,09:52:46,00:00:04
stefano.crapanzano@chu.ulg.ac.be,Courrier entrant - stefano.crapanzano@chuliege.be - Mozilla Thunderbird,Helpdesk général,2021-07-30,09:56:30,00:00:02
stefano.crapanzano@chu.ulg.ac.be,Courrier entrant - stefano.crapanzano@chuliege.be - Mozilla Thunderbird,Helpdesk général,2021-07-30,10:30:56,00:00:11
stefano.crapanzano@chu.ulg.ac.be,Courrier entrant - stefano.crapanzano@chuliege.be - Mozilla Thunderbird,Helpdesk général,2021-07-30,12:09:41,00:00:02
stefano.crapanzano@chu.ulg.ac.be,Courrier entrant - stefano.crapanzano@chuliege.be - Mozilla Thunderbird,Helpdesk général,2021-07-30,12:59:01,00:00:02
stefano.crapanzano@chu.ulg.ac.be,Courrier entrant - stefano.crapanzano@chuliege.be - Mozilla Thunderbird,Helpdesk général,2021-07-30,14:16:32,00:00:02
stefano.crapanzano@chu.ulg.ac.be,Courrier entrant - stefano.crapanzano@chuliege.be - Mozilla Thunderbird,Helpdesk général,2021-07-30,14:22:26,00:00:26
stefano.crapanzano@chu.ulg.ac.be,Courrier entrant - stefano.crapanzano@chuliege.be - Mozilla Thunderbird,Helpdesk général,2021-07-30,15:43:15,00:00:02
stefano.crapanzano@chu.ulg.ac.be,Courrier entrant - stefano.crapanzano@chuliege.be - Mozilla Thunderbird,Helpdesk général,2021-07-30,16:12:55,00:00:03
stefano.crapanzano@chu.ulg.ac.be,Courrier entrant - stefano.crapanzano@chuliege.be - Mozilla Thunderbird,Helpdesk général,2021-07-30,16:22:38,00:00:02
stefano.crapanzano@chu.ulg.ac.be,Courrier entrant - stefano.crapanzano@chuliege.be - Mozilla Thunderbird,Helpdesk général,2021-07-30,16:38:45,00:00:03
stefano.crapanzano@chu.ulg.ac.be,Courrier entrant - stefano.crapanzano@chuliege.be - Mozilla Thunderbird,Helpdesk général,2021-07-30,16:42:56,00:00:02
stefano.crapanzano@chu.ulg.ac.be,Courrier entrant - stefano.crapanzano@chuliege.be - Mozilla Thunderbird,Helpdesk général,2021-07-30,16:43:04,00:00:02
stefano.crapanzano@chu.ulg.ac.be,Courrier entrant - stefano.crapanzano@chuliege.be - Mozilla Thunderbird,Helpdesk général,2021-07-30,16:43:08,00:00:33
stefano.crapanzano@chu.ulg.ac.be,Courrier entrant - stefano.crapanzano@chuliege.be - Mozilla Thunderbird,Helpdesk général,2021-07-30,16:43:45,00:00:02
stefano.crapanzano@chu.ulg.ac.be,Rédaction : Re: URGENT : scanner NOK  fichiers bloqués dans le IN - Thunderbird,Helpdesk général,2021-07-30,08:24:05,00:00:54
stefano.crapanzano@chu.ulg.ac.be,Rédaction : Re: URGENT : scanner NOK  fichiers bloqués dans le IN - Thunderbird,Helpdesk général,2021-07-30,14:16:50,00:00:02
stefano.crapanzano@chu.ulg.ac.be,Vérification de l’orthographe,Helpdesk général,2021-07-30,08:24:59,00:00:02
stefano.crapanzano@chu.ulg.ac.be,Courrier entrant - erp.sai@chuliege.be - Mozilla Thunderbird,Helpdesk général,2021-07-30,08:25:05,00:00:06
stefano.crapanzano@chu.ulg.ac.be,Courrier entrant - erp.sai@chuliege.be - Mozilla Thunderbird,Helpdesk général,2021-07-30,08:26:02,00:00:03
stefano.crapanzano@chu.ulg.ac.be,Courrier entrant - erp.sai@chuliege.be - Mozilla Thunderbird,Helpdesk général,2021-07-30,08:29:27,00:00:04
stefano.crapanzano@chu.ulg.ac.be,Courrier entrant - erp.sai@chuliege.be - Mozilla Thunderbird,Helpdesk général,2021-07-30,08:39:51,00:00:04
stefano.crapanzano@chu.ulg.ac.be,Courrier entrant - erp.sai@chuliege.be - Mozilla Thunderbird,Tâches diverses,2021-07-30,08:51:10,00:00:02
stefano.crapanzano@chu.ulg.ac.be,Courrier entrant - erp.sai@chuliege.be - Mozilla Thunderbird,Helpdesk général,2021-07-30,08:51:16,00:00:03
stefano.crapanzano@chu.ulg.ac.be,Courrier entrant - erp.sai@chuliege.be - Mozilla Thunderbird,Helpdesk général,2021-07-30,09:34:30,00:00:02
stefano.crapanzano@chu.ulg.ac.be,Courrier entrant - erp.sai@chuliege.be - Mozilla Thunderbird,Helpdesk général,2021-07-30,09:34:47,00:00:16
stefano.crapanzano@chu.ulg.ac.be,Courrier entrant - erp.sai@chuliege.be - Mozilla Thunderbird,Helpdesk général,2021-07-30,09:49:48,00:00:20
stefano.crapanzano@chu.ulg.ac.be,Courrier entrant - erp.sai@chuliege.be - Mozilla Thunderbird,Helpdesk général,2021-07-30,09:50:22,00:00:08
stefano.crapanzano@chu.ulg.ac.be,Courrier entrant - erp.sai@chuliege.be - Mozilla Thunderbird,Helpdesk général,2021-07-30,09:51:17,00:00:02
stefano.crapanzano@chu.ulg.ac.be,Courrier entrant - erp.sai@chuliege.be - Mozilla Thunderbird,Helpdesk général,2021-07-30,09:52:38,00:00:08
stefano.crapanzano@chu.ulg.ac.be,Courrier entrant - erp.sai@chuliege.be - Mozilla Thunderbird,Helpdesk général,2021-07-30,09:55:58,00:00:32
stefano.crapanzano@chu.ulg.ac.be,Courrier entrant - erp.sai@chuliege.be - Mozilla Thunderbird,Helpdesk général,2021-07-30,10:09:34,00:00:10
stefano.crapanzano@chu.ulg.ac.be,Courrier entrant - erp.sai@chuliege.be - Mozilla Thunderbird,Helpdesk général,2021-07-30,10:31:53,00:00:02
stefano.crapanzano@chu.ulg.ac.be,Courrier entrant - erp.sai@chuliege.be - Mozilla Thunderbird,Helpdesk général,2021-07-30,10:31:58,00:00:02
stefano.crapanzano@chu.ulg.ac.be,Courrier entrant - erp.sai@chuliege.be - Mozilla Thunderbird,Helpdesk général,2021-07-30,10:42:28,00:00:03
stefano.crapanzano@chu.ulg.ac.be,Courrier entrant - erp.sai@chuliege.be - Mozilla Thunderbird,Helpdesk général,2021-07-30,10:42:33,00:00:02
stefano.crapanzano@chu.ulg.ac.be,Courrier entrant - erp.sai@chuliege.be - Mozilla Thunderbird,Helpdesk général,2021-07-30,11:56:18,00:00:24
stefano.crapanzano@chu.ulg.ac.be,Courrier entrant - erp.sai@chuliege.be - Mozilla Thunderbird,Helpdesk général,2021-07-30,11:56:43,00:00:03
stefano.crapanzano@chu.ulg.ac.be,Courrier entrant - erp.sai@chuliege.be - Mozilla Thunderbird,Helpdesk général,2021-07-30,12:07:55,00:00:03
stefano.crapanzano@chu.ulg.ac.be,Courrier entrant - erp.sai@chuliege.be - Mozilla Thunderbird,Helpdesk général,2021-07-30,12:09:37,00:00:03
stefano.crapanzano@chu.ulg.ac.be,Courrier entrant - erp.sai@chuliege.be - Mozilla Thunderbird,Helpdesk général,2021-07-30,12:09:43,00:00:04
stefano.crapanzano@chu.ulg.ac.be,Courrier entrant - erp.sai@chuliege.be - Mozilla Thunderbird,Helpdesk général,2021-07-30,12:11:15,00:00:02
stefano.crapanzano@chu.ulg.ac.be,Courrier entrant - erp.sai@chuliege.be - Mozilla Thunderbird,Helpdesk général,2021-07-30,12:11:22,00:00:02
stefano.crapanzano@chu.ulg.ac.be,Courrier entrant - erp.sai@chuliege.be - Mozilla Thunderbird,Helpdesk général,2021-07-30,12:19:01,00:01:38
stefano.crapanzano@chu.ulg.ac.be,Courrier entrant - erp.sai@chuliege.be - Mozilla Thunderbird,Helpdesk général,2021-07-30,12:21:20,00:01:49
stefano.crapanzano@chu.ulg.ac.be,Courrier entrant - erp.sai@chuliege.be - Mozilla Thunderbird,Helpdesk général,2021-07-30,12:31:54,00:00:18
stefano.crapanzano@chu.ulg.ac.be,Courrier entrant - erp.sai@chuliege.be - Mozilla Thunderbird,Helpdesk général,2021-07-30,12:35:34,00:00:04
stefano.crapanzano@chu.ulg.ac.be,Courrier entrant - erp.sai@chuliege.be - Mozilla Thunderbird,Helpdesk général,2021-07-30,12:36:02,00:00:02
stefano.crapanzano@chu.ulg.ac.be,Courrier entrant - erp.sai@chuliege.be - Mozilla Thunderbird,Helpdesk général,2021-07-30,12:36:31,00:00:08
stefano.crapanzano@chu.ulg.ac.be,Courrier entrant - erp.sai@chuliege.be - Mozilla Thunderbird,Helpdesk général,2021-07-30,12:42:20,00:00:02
stefano.crapanzano@chu.ulg.ac.be,Courrier entrant - erp.sai@chuliege.be - Mozilla Thunderbird,Helpdesk général,2021-07-30,12:45:36,00:00:09
stefano.crapanzano@chu.ulg.ac.be,Courrier entrant - erp.sai@chuliege.be - Mozilla Thunderbird,Helpdesk général,2021-07-30,12:58:54,00:00:07
stefano.crapanzano@chu.ulg.ac.be,Courrier entrant - erp.sai@chuliege.be - Mozilla Thunderbird,Helpdesk général,2021-07-30,13:00:00,00:00:02
stefano.crapanzano@chu.ulg.ac.be,Courrier entrant - erp.sai@chuliege.be - Mozilla Thunderbird,Helpdesk général,2021-07-30,13:00:06,00:00:03
stefano.crapanzano@chu.ulg.ac.be,Courrier entrant - erp.sai@chuliege.be - Mozilla Thunderbird,Helpdesk général,2021-07-30,13:18:45,00:02:30
stefano.crapanzano@chu.ulg.ac.be,Courrier entrant - erp.sai@chuliege.be - Mozilla Thunderbird,Helpdesk général,2021-07-30,13:59:43,00:00:17
stefano.crapanzano@chu.ulg.ac.be,Courrier entrant - erp.sai@chuliege.be - Mozilla Thunderbird,Helpdesk général,2021-07-30,14:02:49,00:13:24
stefano.crapanzano@chu.ulg.ac.be,Courrier entrant - erp.sai@chuliege.be - Mozilla Thunderbird,Helpdesk général,2021-07-30,14:16:35,00:00:12
stefano.crapanzano@chu.ulg.ac.be,Courrier entrant - erp.sai@chuliege.be - Mozilla Thunderbird,Helpdesk général,2021-07-30,14:17:03,00:01:28
stefano.crapanzano@chu.ulg.ac.be,Courrier entrant - erp.sai@chuliege.be - Mozilla Thunderbird,Helpdesk général,2021-07-30,14:18:51,00:00:03
stefano.crapanzano@chu.ulg.ac.be,Courrier entrant - erp.sai@chuliege.be - Mozilla Thunderbird,Helpdesk général,2021-07-30,14:18:57,00:00:02
stefano.crapanzano@chu.ulg.ac.be,Courrier entrant - erp.sai@chuliege.be - Mozilla Thunderbird,Helpdesk général,2021-07-30,14:19:03,00:03:22
stefano.crapanzano@chu.ulg.ac.be,Courrier entrant - erp.sai@chuliege.be - Mozilla Thunderbird,Helpdesk général,2021-07-30,14:22:53,00:00:04
stefano.crapanzano@chu.ulg.ac.be,Courrier entrant - erp.sai@chuliege.be - Mozilla Thunderbird,Helpdesk général,2021-07-30,14:23:08,00:00:11
stefano.crapanzano@chu.ulg.ac.be,Courrier entrant - erp.sai@chuliege.be - Mozilla Thunderbird,Helpdesk général,2021-07-30,14:39:56,00:00:30
stefano.crapanzano@chu.ulg.ac.be,Courrier entrant - erp.sai@chuliege.be - Mozilla Thunderbird,Helpdesk général,2021-07-30,14:56:15,00:00:02
stefano.crapanzano@chu.ulg.ac.be,Courrier entrant - erp.sai@chuliege.be - Mozilla Thunderbird,Helpdesk général,2021-07-30,14:58:58,00:21:31
stefano.crapanzano@chu.ulg.ac.be,Courrier entrant - erp.sai@chuliege.be - Mozilla Thunderbird,Helpdesk général,2021-07-30,15:22:36,00:00:04
stefano.crapanzano@chu.ulg.ac.be,Courrier entrant - erp.sai@chuliege.be - Mozilla Thunderbird,Tâches diverses,2021-07-30,15:22:43,00:00:04
stefano.crapanzano@chu.ulg.ac.be,Courrier entrant - erp.sai@chuliege.be - Mozilla Thunderbird,Helpdesk général,2021-07-30,15:23:28,00:00:07
stefano.crapanzano@chu.ulg.ac.be,Courrier entrant - erp.sai@chuliege.be - Mozilla Thunderbird,Helpdesk général,2021-07-30,15:36:20,00:01:30
stefano.crapanzano@chu.ulg.ac.be,Courrier entrant - erp.sai@chuliege.be - Mozilla Thunderbird,Helpdesk général,2021-07-30,15:37:59,00:05:13
stefano.crapanzano@chu.ulg.ac.be,Courrier entrant - erp.sai@chuliege.be - Mozilla Thunderbird,Helpdesk général,2021-07-30,15:43:17,00:01:06
stefano.crapanzano@chu.ulg.ac.be,Courrier entrant - erp.sai@chuliege.be - Mozilla Thunderbird,Helpdesk général,2021-07-30,16:03:34,00:00:15
stefano.crapanzano@chu.ulg.ac.be,Courrier entrant - erp.sai@chuliege.be - Mozilla Thunderbird,Helpdesk général,2021-07-30,16:12:51,00:00:03
stefano.crapanzano@chu.ulg.ac.be,Courrier entrant - erp.sai@chuliege.be - Mozilla Thunderbird,Helpdesk général,2021-07-30,16:12:58,00:00:06
stefano.crapanzano@chu.ulg.ac.be,Courrier entrant - erp.sai@chuliege.be - Mozilla Thunderbird,Tâches diverses,2021-07-30,16:13:49,00:07:37
stefano.crapanzano@chu.ulg.ac.be,Courrier entrant - erp.sai@chuliege.be - Mozilla Thunderbird,Helpdesk général,2021-07-30,16:22:40,00:16:04
stefano.crapanzano@chu.ulg.ac.be,Courrier entrant - erp.sai@chuliege.be - Mozilla Thunderbird,Helpdesk général,2021-07-30,16:38:52,00:00:14
stefano.crapanzano@chu.ulg.ac.be,Courrier entrant - erp.sai@chuliege.be - Mozilla Thunderbird,Helpdesk général,2021-07-30,16:41:22,00:00:02
stefano.crapanzano@chu.ulg.ac.be,Courrier entrant - erp.sai@chuliege.be - Mozilla Thunderbird,Helpdesk général,2021-07-30,16:41:26,00:00:02
stefano.crapanzano@chu.ulg.ac.be,Courrier entrant - erp.sai@chuliege.be - Mozilla Thunderbird,Helpdesk général,2021-07-30,16:41:32,00:00:02
stefano.crapanzano@chu.ulg.ac.be,Courrier entrant - erp.sai@chuliege.be - Mozilla Thunderbird,Helpdesk général,2021-07-30,16:42:58,00:00:02
stefano.crapanzano@chu.ulg.ac.be,Courrier entrant - erp.sai@chuliege.be - Mozilla Thunderbird,Helpdesk général,2021-07-30,16:43:02,00:00:02
stefano.crapanzano@chu.ulg.ac.be,Courrier entrant - erp.sai@chuliege.be - Mozilla Thunderbird,Helpdesk général,2021-07-30,16:43:47,00:00:03
stefano.crapanzano@chu.ulg.ac.be,Courrier entrant - erp.sai@chuliege.be - Mozilla Thunderbird,Helpdesk général,2021-07-30,16:43:52,00:00:03
stefano.crapanzano@chu.ulg.ac.be,Courrier entrant - erp.sai@chuliege.be - Mozilla Thunderbird,Helpdesk général,2021-07-30,16:45:28,00:00:06
stefano.crapanzano@chu.ulg.ac.be,Courrier entrant - erp.sai@chuliege.be - Mozilla Thunderbird,Helpdesk général,2021-07-30,16:46:19,00:00:02
stefano.crapanzano@chu.ulg.ac.be,Courrier entrant - erp.sai@chuliege.be - Mozilla Thunderbird,Helpdesk général,2021-07-30,16:46:27,00:00:02
stefano.crapanzano@chu.ulg.ac.be,Envoyés - erp.sai@chuliege.be - Mozilla Thunderbird,Helpdesk général,2021-07-30,08:25:11,00:00:22
stefano.crapanzano@chu.ulg.ac.be,Envoyés - erp.sai@chuliege.be - Mozilla Thunderbird,Helpdesk général,2021-07-30,08:25:39,00:00:08
stefano.crapanzano@chu.ulg.ac.be,Envoyés - erp.sai@chuliege.be - Mozilla Thunderbird,Helpdesk général,2021-07-30,08:25:59,00:00:02
stefano.crapanzano@chu.ulg.ac.be,Envoyés - erp.sai@chuliege.be - Mozilla Thunderbird,Helpdesk général,2021-07-30,08:51:19,00:00:02
stefano.crapanzano@chu.ulg.ac.be,Envoyés - erp.sai@chuliege.be - Mozilla Thunderbird,Helpdesk général,2021-07-30,09:34:33,00:00:06
stefano.crapanzano@chu.ulg.ac.be,Envoyés - erp.sai@chuliege.be - Mozilla Thunderbird,Helpdesk général,2021-07-30,09:34:41,00:00:06
stefano.crapanzano@chu.ulg.ac.be,Envoyés - erp.sai@chuliege.be - Mozilla Thunderbird,Helpdesk général,2021-07-30,10:42:35,00:00:11
stefano.crapanzano@chu.ulg.ac.be,Envoyés - erp.sai@chuliege.be - Mozilla Thunderbird,Helpdesk général,2021-07-30,11:13:54,00:00:02
stefano.crapanzano@chu.ulg.ac.be,Envoyés - erp.sai@chuliege.be - Mozilla Thunderbird,Helpdesk général,2021-07-30,12:11:18,00:00:03
stefano.crapanzano@chu.ulg.ac.be,Envoyés - erp.sai@chuliege.be - Mozilla Thunderbird,Helpdesk général,2021-07-30,12:45:46,00:00:56
stefano.crapanzano@chu.ulg.ac.be,Envoyés - erp.sai@chuliege.be - Mozilla Thunderbird,Helpdesk général,2021-07-30,12:58:51,00:00:03
stefano.crapanzano@chu.ulg.ac.be,Envoyés - erp.sai@chuliege.be - Mozilla Thunderbird,Helpdesk général,2021-07-30,13:00:10,00:00:14
stefano.crapanzano@chu.ulg.ac.be,Envoyés - erp.sai@chuliege.be - Mozilla Thunderbird,Helpdesk général,2021-07-30,14:18:55,00:00:02
stefano.crapanzano@chu.ulg.ac.be,Envoyés - erp.sai@chuliege.be - Mozilla Thunderbird,Helpdesk général,2021-07-30,14:22:57,00:00:10
stefano.crapanzano@chu.ulg.ac.be,Envoyés - erp.sai@chuliege.be - Mozilla Thunderbird,Helpdesk général,2021-07-30,14:56:18,00:02:40
stefano.crapanzano@chu.ulg.ac.be,Envoyés - erp.sai@chuliege.be - Mozilla Thunderbird,Helpdesk général,2021-07-30,16:38:49,00:00:03
stefano.crapanzano@chu.ulg.ac.be,Envoyés - erp.sai@chuliege.be - Mozilla Thunderbird,Helpdesk général,2021-07-30,16:41:28,00:00:02
stefano.crapanzano@chu.ulg.ac.be,Envoyés - erp.sai@chuliege.be - Mozilla Thunderbird,Helpdesk général,2021-07-30,16:46:22,00:00:04
stefano.crapanzano@chu.ulg.ac.be,UnicodeDecodeError: 'charmap' codec can't decode byte 0x81 in position 92: character maps to <undefined> Code Example - Google Chrome,Tâches diverses,2021-07-30,08:25:47,00:00:03
stefano.crapanzano@chu.ulg.ac.be,Boîte de réception (62 454) - s.crapanzano@gmail.com - Gmail - Google Chrome,Tâches diverses,2021-07-30,08:25:51,00:00:07
stefano.crapanzano@chu.ulg.ac.be,Boîte de réception (62 454) - s.crapanzano@gmail.com - Gmail - Google Chrome,Tâches diverses,2021-07-30,08:26:08,00:03:19
stefano.crapanzano@chu.ulg.ac.be,Boîte de réception (62 454) - s.crapanzano@gmail.com - Gmail - Google Chrome,Tâches diverses,2021-07-30,08:29:49,00:00:02
stefano.crapanzano@chu.ulg.ac.be,Boîte de réception (62 454) - s.crapanzano@gmail.com - Gmail - Google Chrome,Tâches diverses,2021-07-30,08:39:56,00:11:13
stefano.crapanzano@chu.ulg.ac.be,Navigation système de fichier,IT,2021-07-30,08:29:44,00:00:05
stefano.crapanzano@chu.ulg.ac.be,Navigation système de fichier,IT,2021-07-30,08:32:12,00:00:03
stefano.crapanzano@chu.ulg.ac.be,Navigation système de fichier,IT,2021-07-30,08:33:13,00:00:03
stefano.crapanzano@chu.ulg.ac.be,Navigation système de fichier,IT,2021-07-30,08:37:46,00:00:02
stefano.crapanzano@chu.ulg.ac.be,Navigation système de fichier,IT,2021-07-30,08:51:21,00:00:03
stefano.crapanzano@chu.ulg.ac.be,Navigation système de fichier,IT,2021-07-30,08:51:26,00:00:04
stefano.crapanzano@chu.ulg.ac.be,Navigation système de fichier,IT,2021-07-30,09:51:10,00:00:02
stefano.crapanzano@chu.ulg.ac.be,Navigation système de fichier,IT,2021-07-30,10:16:39,00:00:03
stefano.crapanzano@chu.ulg.ac.be,Navigation système de fichier,IT,2021-07-30,10:20:26,00:00:03
stefano.crapanzano@chu.ulg.ac.be,Navigation système de fichier,IT,2021-07-30,10:23:29,00:00:51
stefano.crapanzano@chu.ulg.ac.be,Navigation système de fichier,IT,2021-07-30,10:31:08,00:00:02
stefano.crapanzano@chu.ulg.ac.be,Navigation système de fichier,IT,2021-07-30,10:32:04,00:00:02
stefano.crapanzano@chu.ulg.ac.be,Navigation système de fichier,IT,2021-07-30,10:42:26,00:00:02
stefano.crapanzano@chu.ulg.ac.be,Navigation système de fichier,IT,2021-07-30,10:48:53,00:01:29
stefano.crapanzano@chu.ulg.ac.be,Navigation système de fichier,IT,2021-07-30,10:56:54,00:00:02
stefano.crapanzano@chu.ulg.ac.be,Navigation système de fichier,IT,2021-07-30,10:57:00,00:00:02
stefano.crapanzano@chu.ulg.ac.be,Navigation système de fichier,IT,2021-07-30,11:03:05,00:00:02
stefano.crapanzano@chu.ulg.ac.be,Navigation système de fichier,IT,2021-07-30,11:03:19,00:00:11
stefano.crapanzano@chu.ulg.ac.be,Navigation système de fichier,IT,2021-07-30,11:07:55,00:00:02
stefano.crapanzano@chu.ulg.ac.be,Navigation système de fichier,IT,2021-07-30,11:09:42,00:00:02
stefano.crapanzano@chu.ulg.ac.be,Navigation système de fichier,IT,2021-07-30,11:13:40,00:00:14
stefano.crapanzano@chu.ulg.ac.be,Navigation système de fichier,IT,2021-07-30,11:14:57,00:00:04
stefano.crapanzano@chu.ulg.ac.be,Navigation système de fichier,IT,2021-07-30,11:18:08,00:00:04
stefano.crapanzano@chu.ulg.ac.be,Navigation système de fichier,IT,2021-07-30,11:18:29,00:00:02
stefano.crapanzano@chu.ulg.ac.be,Navigation système de fichier,IT,2021-07-30,11:19:15,00:00:02
stefano.crapanzano@chu.ulg.ac.be,Navigation système de fichier,IT,2021-07-30,11:20:32,00:00:02
stefano.crapanzano@chu.ulg.ac.be,Navigation système de fichier,IT,2021-07-30,11:21:27,00:00:02
stefano.crapanzano@chu.ulg.ac.be,Navigation système de fichier,IT,2021-07-30,11:21:34,00:00:05
stefano.crapanzano@chu.ulg.ac.be,Navigation système de fichier,IT,2021-07-30,11:21:48,00:00:02
stefano.crapanzano@chu.ulg.ac.be,Navigation système de fichier,IT,2021-07-30,11:23:13,00:00:03
stefano.crapanzano@chu.ulg.ac.be,Navigation système de fichier,IT,2021-07-30,11:32:42,00:00:02
stefano.crapanzano@chu.ulg.ac.be,Navigation système de fichier,IT,2021-07-30,11:32:59,00:00:02
stefano.crapanzano@chu.ulg.ac.be,Navigation système de fichier,IT,2021-07-30,11:33:04,00:00:02
stefano.crapanzano@chu.ulg.ac.be,Navigation système de fichier,IT,2021-07-30,11:34:05,00:00:10
stefano.crapanzano@chu.ulg.ac.be,Navigation système de fichier,IT,2021-07-30,11:35:56,00:00:03
stefano.crapanzano@chu.ulg.ac.be,Navigation système de fichier,IT,2021-07-30,11:36:49,00:00:04
stefano.crapanzano@chu.ulg.ac.be,Navigation système de fichier,IT,2021-07-30,11:38:39,00:00:02
stefano.crapanzano@chu.ulg.ac.be,Navigation système de fichier,IT,2021-07-30,11:41:57,00:00:02
stefano.crapanzano@chu.ulg.ac.be,Navigation système de fichier,IT,2021-07-30,11:46:21,00:00:02
stefano.crapanzano@chu.ulg.ac.be,Navigation système de fichier,IT,2021-07-30,11:46:37,00:00:02
stefano.crapanzano@chu.ulg.ac.be,Navigation système de fichier,IT,2021-07-30,11:47:53,00:00:02
stefano.crapanzano@chu.ulg.ac.be,Navigation système de fichier,IT,2021-07-30,11:53:36,00:00:04
stefano.crapanzano@chu.ulg.ac.be,Navigation système de fichier,IT,2021-07-30,11:54:50,00:00:02
stefano.crapanzano@chu.ulg.ac.be,Navigation système de fichier,IT,2021-07-30,11:57:44,00:00:04
stefano.crapanzano@chu.ulg.ac.be,Navigation système de fichier,IT,2021-07-30,11:59:14,00:01:54
stefano.crapanzano@chu.ulg.ac.be,Navigation système de fichier,IT,2021-07-30,12:01:39,00:00:02
stefano.crapanzano@chu.ulg.ac.be,Navigation système de fichier,IT,2021-07-30,12:07:59,00:00:25
stefano.crapanzano@chu.ulg.ac.be,Navigation système de fichier,IT,2021-07-30,12:09:51,00:00:04
stefano.crapanzano@chu.ulg.ac.be,Navigation système de fichier,IT,2021-07-30,12:11:25,00:00:03
stefano.crapanzano@chu.ulg.ac.be,Navigation système de fichier,IT,2021-07-30,12:32:46,00:00:12
stefano.crapanzano@chu.ulg.ac.be,Navigation système de fichier,IT,2021-07-30,12:36:09,00:00:02
stefano.crapanzano@chu.ulg.ac.be,Navigation système de fichier,IT,2021-07-30,12:37:30,00:00:02
stefano.crapanzano@chu.ulg.ac.be,Navigation système de fichier,IT,2021-07-30,12:45:32,00:00:02
stefano.crapanzano@chu.ulg.ac.be,Navigation système de fichier,IT,2021-07-30,12:46:42,00:00:02
stefano.crapanzano@chu.ulg.ac.be,Navigation système de fichier,IT,2021-07-30,13:18:22,00:00:02
stefano.crapanzano@chu.ulg.ac.be,Navigation système de fichier,IT,2021-07-30,13:32:09,00:00:03
stefano.crapanzano@chu.ulg.ac.be,Navigation système de fichier,IT,2021-07-30,13:32:17,00:00:02
stefano.crapanzano@chu.ulg.ac.be,Navigation système de fichier,IT,2021-07-30,14:00:31,00:02:01
stefano.crapanzano@chu.ulg.ac.be,Navigation système de fichier,IT,2021-07-30,14:16:48,00:00:02
stefano.crapanzano@chu.ulg.ac.be,Navigation système de fichier,IT,2021-07-30,14:28:42,00:00:02
stefano.crapanzano@chu.ulg.ac.be,Navigation système de fichier,IT,2021-07-30,14:30:16,00:00:26
stefano.crapanzano@chu.ulg.ac.be,Navigation système de fichier,IT,2021-07-30,14:39:07,00:00:26
stefano.crapanzano@chu.ulg.ac.be,Navigation système de fichier,IT,2021-07-30,14:39:37,00:00:02
stefano.crapanzano@chu.ulg.ac.be,Navigation système de fichier,IT,2021-07-30,15:22:48,00:00:03
stefano.crapanzano@chu.ulg.ac.be,Navigation système de fichier,IT,2021-07-30,15:23:00,00:00:28
stefano.crapanzano@chu.ulg.ac.be,Navigation système de fichier,IT,2021-07-30,15:24:01,00:00:12
stefano.crapanzano@chu.ulg.ac.be,Navigation système de fichier,IT,2021-07-30,15:26:16,00:00:04
stefano.crapanzano@chu.ulg.ac.be,Navigation système de fichier,IT,2021-07-30,15:37:50,00:00:02
stefano.crapanzano@chu.ulg.ac.be,Navigation système de fichier,IT,2021-07-30,15:50:58,00:00:05
stefano.crapanzano@chu.ulg.ac.be,Navigation système de fichier,IT,2021-07-30,15:51:24,00:00:02
stefano.crapanzano@chu.ulg.ac.be,Navigation système de fichier,IT,2021-07-30,15:51:27,00:00:02
stefano.crapanzano@chu.ulg.ac.be,Navigation système de fichier,IT,2021-07-30,16:04:31,00:00:06
stefano.crapanzano@chu.ulg.ac.be,Navigation système de fichier,IT,2021-07-30,16:13:26,00:00:02
stefano.crapanzano@chu.ulg.ac.be,Navigation système de fichier,IT,2021-07-30,16:13:33,00:00:02
stefano.crapanzano@chu.ulg.ac.be,Navigation système de fichier,IT,2021-07-30,16:41:34,00:00:02
stefano.crapanzano@chu.ulg.ac.be,Navigation système de fichier,IT,2021-07-30,16:50:32,00:00:02
stefano.crapanzano@chu.ulg.ac.be,Navigation système de fichier,IT,2021-07-30,17:05:35,00:00:02
stefano.crapanzano@chu.ulg.ac.be,Navigation système de fichier,IT,2021-07-30,17:07:57,00:00:02
stefano.crapanzano@chu.ulg.ac.be,Lecture documentation,Tâches diverses,2021-07-30,08:29:52,00:02:19
stefano.crapanzano@chu.ulg.ac.be,Lecture documentation,Tâches diverses,2021-07-30,08:51:30,00:37:16
stefano.crapanzano@chu.ulg.ac.be,Lecture documentation,Tâches diverses,2021-07-30,09:29:37,00:04:48
stefano.crapanzano@chu.ulg.ac.be,Lecture documentation,Tâches diverses,2021-07-30,09:35:04,00:02:05
stefano.crapanzano@chu.ulg.ac.be,Lecture documentation,Tâches diverses,2021-07-30,09:38:37,00:05:51
stefano.crapanzano@chu.ulg.ac.be,Lecture documentation,Tâches diverses,2021-07-30,09:44:51,00:04:56
stefano.crapanzano@chu.ulg.ac.be,Lecture documentation,Tâches diverses,2021-07-30,09:52:51,00:00:59
stefano.crapanzano@chu.ulg.ac.be,Lecture documentation,Tâches diverses,2021-07-30,09:56:32,00:13:01
stefano.crapanzano@chu.ulg.ac.be,Lecture documentation,Tâches diverses,2021-07-30,10:09:44,00:04:26
stefano.crapanzano@chu.ulg.ac.be,Lecture documentation,Tâches diverses,2021-07-30,10:28:41,00:01:22
stefano.crapanzano@chu.ulg.ac.be,Lecture documentation,Tâches diverses,2021-07-30,10:30:43,00:00:06
stefano.crapanzano@chu.ulg.ac.be,Lecture documentation,Tâches diverses,2021-07-30,10:32:07,00:04:48
stefano.crapanzano@chu.ulg.ac.be,Lecture documentation,Tâches diverses,2021-07-30,10:37:20,00:04:58
stefano.crapanzano@chu.ulg.ac.be,Lecture documentation,Tâches diverses,2021-07-30,10:42:51,00:05:41
stefano.crapanzano@chu.ulg.ac.be,Lecture documentation,Tâches diverses,2021-07-30,10:48:40,00:00:04
stefano.crapanzano@chu.ulg.ac.be,Lecture documentation,Tâches diverses,2021-07-30,10:50:22,00:02:17
stefano.crapanzano@chu.ulg.ac.be,Lecture documentation,Tâches diverses,2021-07-30,10:53:09,00:00:13
stefano.crapanzano@chu.ulg.ac.be,Lecture documentation,Tâches diverses,2021-07-30,10:57:05,00:00:54
stefano.crapanzano@chu.ulg.ac.be,Lecture documentation,Tâches diverses,2021-07-30,11:03:07,00:00:12
stefano.crapanzano@chu.ulg.ac.be,Lecture documentation,Tâches diverses,2021-07-30,12:11:31,00:07:28
stefano.crapanzano@chu.ulg.ac.be,Lecture documentation,Tâches diverses,2021-07-30,12:50:18,00:08:32
stefano.crapanzano@chu.ulg.ac.be,Lecture documentation,Tâches diverses,2021-07-30,13:04:34,00:00:47
stefano.crapanzano@chu.ulg.ac.be,Lecture documentation,Tâches diverses,2021-07-30,13:27:23,00:03:24
stefano.crapanzano@chu.ulg.ac.be,Lecture documentation,Tâches diverses,2021-07-30,14:00:01,00:00:30
stefano.crapanzano@chu.ulg.ac.be,Lecture documentation,Tâches diverses,2021-07-30,14:16:14,00:00:17
stefano.crapanzano@chu.ulg.ac.be,Lecture documentation,Tâches diverses,2021-07-30,14:23:20,00:05:22
stefano.crapanzano@chu.ulg.ac.be,Lecture documentation,Tâches diverses,2021-07-30,14:34:33,00:00:10
stefano.crapanzano@chu.ulg.ac.be,Lecture documentation,Tâches diverses,2021-07-30,14:34:45,00:00:02
stefano.crapanzano@chu.ulg.ac.be,Lecture documentation,Tâches diverses,2021-07-30,14:35:57,00:00:05
stefano.crapanzano@chu.ulg.ac.be,Lecture documentation,Tâches diverses,2021-07-30,14:36:55,00:02:12
stefano.crapanzano@chu.ulg.ac.be,Lecture documentation,Tâches diverses,2021-07-30,15:26:23,00:09:51
stefano.crapanzano@chu.ulg.ac.be,Lecture documentation,Tâches diverses,2021-07-30,16:46:34,00:03:47
stefano.crapanzano@chu.ulg.ac.be,Greenshot capture form,Helpdesk général,2021-07-30,08:37:06,00:00:04
stefano.crapanzano@chu.ulg.ac.be,Greenshot capture form,Helpdesk général,2021-07-30,12:43:33,00:00:04
stefano.crapanzano@chu.ulg.ac.be,Greenshot capture form,Helpdesk général,2021-07-30,14:45:46,00:00:10
stefano.crapanzano@chu.ulg.ac.be,Greenshot capture form,Helpdesk général,2021-07-30,15:47:58,00:00:16
stefano.crapanzano@chu.ulg.ac.be,Greenshot capture form,Helpdesk général,2021-07-30,15:48:52,00:00:11
stefano.crapanzano@chu.ulg.ac.be,Greenshot capture form,Helpdesk général,2021-07-30,15:49:11,00:00:08
stefano.crapanzano@chu.ulg.ac.be,Greenshot Éditeur d'Image,Helpdesk général,2021-07-30,12:43:40,00:00:30
stefano.crapanzano@chu.ulg.ac.be,Greenshot Éditeur d'Image,Helpdesk général,2021-07-30,14:45:56,00:00:13
stefano.crapanzano@chu.ulg.ac.be,Greenshot Éditeur d'Image,Helpdesk général,2021-07-30,14:56:09,00:00:03
stefano.crapanzano@chu.ulg.ac.be,Greenshot Éditeur d'Image,Helpdesk général,2021-07-30,16:13:41,00:00:02
stefano.crapanzano@chu.ulg.ac.be,Boîte de réception (62 455) - s.crapanzano@gmail.com - Gmail - Google Chrome,Tâches diverses,2021-07-30,09:28:55,00:00:02
stefano.crapanzano@chu.ulg.ac.be,Boîte de réception (62 456) - s.crapanzano@gmail.com - Gmail - Google Chrome,Tâches diverses,2021-07-30,09:28:58,00:00:08
stefano.crapanzano@chu.ulg.ac.be,Boîte de réception (62 456) - s.crapanzano@gmail.com - Gmail - Google Chrome,Tâches diverses,2021-07-30,09:29:13,00:00:02
stefano.crapanzano@chu.ulg.ac.be,Splitting large text file into smaller text files by line numbers using Python - Stack Overflow - Google Chrome,Tâches diverses,2021-07-30,09:29:06,00:00:02
stefano.crapanzano@chu.ulg.ac.be,(Tutorial) Python String Replace - DataCamp - Google Chrome,Tâches diverses,2021-07-30,09:29:11,00:00:02
stefano.crapanzano@chu.ulg.ac.be,Problème dans proposition de paiement pour un fournisseur - Xperthis ERP4HC 1.0 - Service d'assistance - Google Chrome,Tâches diverses,2021-07-30,09:29:16,00:00:03
stefano.crapanzano@chu.ulg.ac.be,Demandes - Service d'assistance - Google Chrome,Tâches diverses,2021-07-30,09:29:19,00:00:17
stefano.crapanzano@chu.ulg.ac.be,Demandes - Service d'assistance - Google Chrome,Tâches diverses,2021-07-30,09:34:39,00:00:02
stefano.crapanzano@chu.ulg.ac.be,Demandes - Service d'assistance - Google Chrome,Tâches diverses,2021-07-30,14:02:43,00:00:06
stefano.crapanzano@chu.ulg.ac.be,Demandes - Service d'assistance - Google Chrome,Tâches diverses,2021-07-30,14:18:32,00:00:02
stefano.crapanzano@chu.ulg.ac.be,Demandes - Service d'assistance - Google Chrome,Tâches diverses,2021-07-30,16:00:34,00:00:08
stefano.crapanzano@chu.ulg.ac.be,Demandes - Service d'assistance - Google Chrome,Tâches diverses,2021-07-30,16:05:20,00:00:03
stefano.crapanzano@chu.ulg.ac.be,Demandes - Service d'assistance - Google Chrome,Tâches diverses,2021-07-30,16:10:51,00:01:58
stefano.crapanzano@chu.ulg.ac.be,Demandes - Service d'assistance - Google Chrome,Tâches diverses,2021-07-30,16:13:13,00:00:13
stefano.crapanzano@chu.ulg.ac.be,Demandes - Service d'assistance - Google Chrome,Tâches diverses,2021-07-30,16:41:18,00:00:04
stefano.crapanzano@chu.ulg.ac.be,Demandes - Service d'assistance - Google Chrome,Tâches diverses,2021-07-30,16:44:10,00:01:18
stefano.crapanzano@chu.ulg.ac.be,Demandes - Service d'assistance - Google Chrome,Tâches diverses,2021-07-30,16:46:32,00:00:02
stefano.crapanzano@chu.ulg.ac.be,Boîte de réception (62 457) - s.crapanzano@gmail.com - Gmail - Google Chrome,Tâches diverses,2021-07-30,09:37:11,00:00:03
stefano.crapanzano@chu.ulg.ac.be,Boîte de réception (62 457) - s.crapanzano@gmail.com - Gmail - Google Chrome,Tâches diverses,2021-07-30,09:38:34,00:00:03
stefano.crapanzano@chu.ulg.ac.be,Boîte de réception (62 457) - s.crapanzano@gmail.com - Gmail - Google Chrome,Tâches diverses,2021-07-30,09:44:28,00:00:02
stefano.crapanzano@chu.ulg.ac.be,Boîte de réception (62 457) - s.crapanzano@gmail.com - Gmail - Google Chrome,Tâches diverses,2021-07-30,09:44:32,00:00:19
stefano.crapanzano@chu.ulg.ac.be,Still looking for a Support Engineer - Liege Area - s.crapanzano@gmail.com - Gmail - Google Chrome,Tâches diverses,2021-07-30,09:37:14,00:01:19
stefano.crapanzano@chu.ulg.ac.be,Confirmation stock zéro - PDA - Mozilla Thunderbird,Helpdesk général,2021-07-30,09:50:09,00:00:13
stefano.crapanzano@chu.ulg.ac.be,Confirmation stock zéro - PDA - Mozilla Thunderbird,Helpdesk général,2021-07-30,09:50:31,00:00:02
stefano.crapanzano@chu.ulg.ac.be,Confirmation stock zéro - PDA - Mozilla Thunderbird,Helpdesk général,2021-07-30,09:51:14,00:00:03
stefano.crapanzano@chu.ulg.ac.be,Rédaction : Re: Confirmation stock zéro - PDA - Thunderbird,Helpdesk général,2021-07-30,09:50:33,00:00:37
stefano.crapanzano@chu.ulg.ac.be,Rédaction : Re: Confirmation stock zéro - PDA - Thunderbird,Helpdesk général,2021-07-30,09:51:57,00:00:31
stefano.crapanzano@chu.ulg.ac.be,P203 CHU Confirmation stock zéro - PDA - Xperthis ERP4HC 1.0 - Service d'assistance - Google Chrome,Tâches diverses,2021-07-30,09:51:20,00:00:37
stefano.crapanzano@chu.ulg.ac.be,P203 CHU Confirmation stock zéro - PDA - Xperthis ERP4HC 1.0 - Service d'assistance - Google Chrome,Tâches diverses,2021-07-30,09:52:31,00:00:05
stefano.crapanzano@chu.ulg.ac.be,P203 CHU Confirmation stock zéro - PDA - Xperthis ERP4HC 1.0 - Service d'assistance - Google Chrome,Tâches diverses,2021-07-30,10:24:20,00:00:02
stefano.crapanzano@chu.ulg.ac.be,P203 CHU Confirmation stock zéro - PDA - Xperthis ERP4HC 1.0 - Service d'assistance - Google Chrome,Tâches diverses,2021-07-30,10:27:51,00:00:05
stefano.crapanzano@chu.ulg.ac.be,P203 CHU Confirmation stock zéro - PDA - Xperthis ERP4HC 1.0 - Service d'assistance - Google Chrome,Tâches diverses,2021-07-30,10:31:55,00:00:02
stefano.crapanzano@chu.ulg.ac.be,P203 CHU Confirmation stock zéro - PDA - Xperthis ERP4HC 1.0 - Service d'assistance - Google Chrome,Tâches diverses,2021-07-30,10:48:32,00:00:02
stefano.crapanzano@chu.ulg.ac.be,P203 CHU Confirmation stock zéro - PDA - Xperthis ERP4HC 1.0 - Service d'assistance - Google Chrome,Tâches diverses,2021-07-30,10:57:03,00:00:02
stefano.crapanzano@chu.ulg.ac.be,P203 CHU Confirmation stock zéro - PDA - Xperthis ERP4HC 1.0 - Service d'assistance - Google Chrome,Tâches diverses,2021-07-30,12:59:54,00:00:04
stefano.crapanzano@chu.ulg.ac.be,P203 CHU Confirmation stock zéro - PDA - Xperthis ERP4HC 1.0 - Service d'assistance - Google Chrome,Tâches diverses,2021-07-30,16:44:05,00:00:04
stefano.crapanzano@chu.ulg.ac.be,Programmation,IT,2021-07-30,10:20:30,00:02:49
stefano.crapanzano@chu.ulg.ac.be,Programmation,IT,2021-07-30,10:24:29,00:00:33
stefano.crapanzano@chu.ulg.ac.be,Programmation,IT,2021-07-30,10:26:02,00:01:16
stefano.crapanzano@chu.ulg.ac.be,Programmation,IT,2021-07-30,10:27:47,00:00:02
stefano.crapanzano@chu.ulg.ac.be,Programmation,IT,2021-07-30,10:27:58,00:00:43
stefano.crapanzano@chu.ulg.ac.be,Programmation,IT,2021-07-30,10:30:04,00:00:38
stefano.crapanzano@chu.ulg.ac.be,Programmation,IT,2021-07-30,10:31:10,00:00:02
stefano.crapanzano@chu.ulg.ac.be,Programmation,IT,2021-07-30,10:32:01,00:00:03
stefano.crapanzano@chu.ulg.ac.be,Programmation,IT,2021-07-30,10:36:55,00:00:25
stefano.crapanzano@chu.ulg.ac.be,Programmation,IT,2021-07-30,10:42:19,00:00:06
stefano.crapanzano@chu.ulg.ac.be,Programmation,IT,2021-07-30,10:42:48,00:00:03
stefano.crapanzano@chu.ulg.ac.be,Programmation,IT,2021-07-30,10:48:44,00:00:08
stefano.crapanzano@chu.ulg.ac.be,Programmation,IT,2021-07-30,10:53:22,00:03:26
stefano.crapanzano@chu.ulg.ac.be,Programmation,IT,2021-07-30,10:57:59,00:01:24
stefano.crapanzano@chu.ulg.ac.be,Programmation,IT,2021-07-30,11:00:43,00:00:25
stefano.crapanzano@chu.ulg.ac.be,Programmation,IT,2021-07-30,11:01:17,00:00:15
stefano.crapanzano@chu.ulg.ac.be,Programmation,IT,2021-07-30,11:07:57,00:01:21
stefano.crapanzano@chu.ulg.ac.be,Programmation,IT,2021-07-30,11:54:52,00:00:24
stefano.crapanzano@chu.ulg.ac.be,Programmation,IT,2021-07-30,11:55:28,00:00:22
stefano.crapanzano@chu.ulg.ac.be,Programmation,IT,2021-07-30,13:21:29,00:00:41
stefano.crapanzano@chu.ulg.ac.be,Programmation,IT,2021-07-30,16:50:34,00:00:36
stefano.crapanzano@chu.ulg.ac.be,Programmation,IT,2021-07-30,16:53:35,00:00:21
stefano.crapanzano@chu.ulg.ac.be,Programmation,IT,2021-07-30,16:55:38,00:00:19
stefano.crapanzano@chu.ulg.ac.be,Programmation,IT,2021-07-30,16:57:54,00:00:15
stefano.crapanzano@chu.ulg.ac.be,Programmation,IT,2021-07-30,16:59:02,00:00:08
stefano.crapanzano@chu.ulg.ac.be,Programmation,IT,2021-07-30,16:59:23,00:00:14
stefano.crapanzano@chu.ulg.ac.be,Programmation,IT,2021-07-30,16:59:44,00:00:04
stefano.crapanzano@chu.ulg.ac.be,Programmation,IT,2021-07-30,17:02:31,00:00:07
stefano.crapanzano@chu.ulg.ac.be,Programmation,IT,2021-07-30,17:02:43,00:00:11
stefano.crapanzano@chu.ulg.ac.be,Programmation,IT,2021-07-30,17:03:04,00:00:19
stefano.crapanzano@chu.ulg.ac.be,Programmation,IT,2021-07-30,17:03:31,00:00:07
stefano.crapanzano@chu.ulg.ac.be,Programmation,IT,2021-07-30,17:04:10,00:01:02
stefano.crapanzano@chu.ulg.ac.be,Rédaction : (pas de sujet) - Thunderbird,Helpdesk général,2021-07-30,10:31:12,00:00:36
stefano.crapanzano@chu.ulg.ac.be,Rédaction : (pas de sujet) - Thunderbird,Helpdesk général,2021-07-30,11:13:58,00:00:06
stefano.crapanzano@chu.ulg.ac.be,Rédaction : (pas de sujet) - Thunderbird,Helpdesk général,2021-07-30,11:14:14,00:00:03
stefano.crapanzano@chu.ulg.ac.be,Rédaction : (pas de sujet) - Thunderbird,Helpdesk général,2021-07-30,12:08:25,00:00:06
stefano.crapanzano@chu.ulg.ac.be,Rédaction : (pas de sujet) - Thunderbird,Helpdesk général,2021-07-30,14:16:54,00:00:06
stefano.crapanzano@chu.ulg.ac.be,Rédaction : (pas de sujet) - Thunderbird,Helpdesk général,2021-07-30,14:17:01,00:00:02
stefano.crapanzano@chu.ulg.ac.be,Boîte de réception (62 458) - s.crapanzano@gmail.com - Gmail - Google Chrome,Tâches diverses,2021-07-30,10:48:35,00:00:03
stefano.crapanzano@chu.ulg.ac.be,Lifesize,Tâches diverses,2021-07-30,11:03:30,00:04:24
stefano.crapanzano@chu.ulg.ac.be,Lifesize,Tâches diverses,2021-07-30,11:09:20,00:00:22
stefano.crapanzano@chu.ulg.ac.be,Lifesize,Tâches diverses,2021-07-30,11:10:02,00:00:04
stefano.crapanzano@chu.ulg.ac.be,Lifesize,Tâches diverses,2021-07-30,12:07:30,00:00:03
stefano.crapanzano@chu.ulg.ac.be,Lifesize,Tâches diverses,2021-07-30,16:13:30,00:00:02
stefano.crapanzano@chu.ulg.ac.be,Lifesize,Tâches diverses,2021-07-30,16:13:43,00:00:03
stefano.crapanzano@chu.ulg.ac.be,Intrastat - Google Chrome,Tâches diverses,2021-07-30,11:09:46,00:00:03
stefano.crapanzano@chu.ulg.ac.be,Intrastat - Google Chrome,Tâches diverses,2021-07-30,11:09:58,00:00:03
stefano.crapanzano@chu.ulg.ac.be,Intrastat - Google Chrome,Tâches diverses,2021-07-30,11:10:06,00:00:34
stefano.crapanzano@chu.ulg.ac.be,Intrastat - Google Chrome,Tâches diverses,2021-07-30,11:10:45,00:01:50
stefano.crapanzano@chu.ulg.ac.be,Intrastat - Google Chrome,Tâches diverses,2021-07-30,11:14:29,00:00:27
stefano.crapanzano@chu.ulg.ac.be,Intrastat - Google Chrome,Tâches diverses,2021-07-30,11:34:35,00:00:06
stefano.crapanzano@chu.ulg.ac.be,Intrastat - Google Chrome,Tâches diverses,2021-07-30,11:34:44,00:00:08
stefano.crapanzano@chu.ulg.ac.be,Intrastat - Google Chrome,Tâches diverses,2021-07-30,11:34:55,00:01:01
stefano.crapanzano@chu.ulg.ac.be,Intrastat - Google Chrome,Tâches diverses,2021-07-30,11:36:03,00:00:45
stefano.crapanzano@chu.ulg.ac.be,Intrastat - Google Chrome,Tâches diverses,2021-07-30,11:37:39,00:00:08
stefano.crapanzano@chu.ulg.ac.be,Intrastat - Google Chrome,Tâches diverses,2021-07-30,11:39:36,00:01:13
stefano.crapanzano@chu.ulg.ac.be,Intrastat - Google Chrome,Tâches diverses,2021-07-30,11:41:15,00:00:41
stefano.crapanzano@chu.ulg.ac.be,Intrastat - Google Chrome,Tâches diverses,2021-07-30,11:43:08,00:00:10
stefano.crapanzano@chu.ulg.ac.be,Intrastat - Google Chrome,Tâches diverses,2021-07-30,11:43:22,00:00:09
stefano.crapanzano@chu.ulg.ac.be,Intrastat - Google Chrome,Tâches diverses,2021-07-30,11:44:11,00:02:09
stefano.crapanzano@chu.ulg.ac.be,Intrastat - Google Chrome,Tâches diverses,2021-07-30,11:46:24,00:00:13
stefano.crapanzano@chu.ulg.ac.be,Intrastat - Google Chrome,Tâches diverses,2021-07-30,11:47:10,00:00:15
stefano.crapanzano@chu.ulg.ac.be,Intrastat - Google Chrome,Tâches diverses,2021-07-30,11:47:26,00:00:26
stefano.crapanzano@chu.ulg.ac.be,Intrastat - Google Chrome,Tâches diverses,2021-07-30,11:52:35,00:00:40
stefano.crapanzano@chu.ulg.ac.be,Intrastat - Google Chrome,Tâches diverses,2021-07-30,11:55:50,00:00:26
stefano.crapanzano@chu.ulg.ac.be,Intrastat - Google Chrome,Tâches diverses,2021-07-30,11:56:46,00:00:57
stefano.crapanzano@chu.ulg.ac.be,Intrastat - Google Chrome,Tâches diverses,2021-07-30,12:01:08,00:00:31
stefano.crapanzano@chu.ulg.ac.be,Intrastat - Google Chrome,Tâches diverses,2021-07-30,12:11:28,00:00:02
stefano.crapanzano@chu.ulg.ac.be,Intrastat - Google Chrome,Tâches diverses,2021-07-30,12:20:39,00:00:39
stefano.crapanzano@chu.ulg.ac.be,Intrastat - Google Chrome,Tâches diverses,2021-07-30,12:30:46,00:01:07
stefano.crapanzano@chu.ulg.ac.be,Intrastat - Google Chrome,Tâches diverses,2021-07-30,12:32:58,00:00:26
stefano.crapanzano@chu.ulg.ac.be,Intrastat - Google Chrome,Tâches diverses,2021-07-30,12:33:53,00:00:43
stefano.crapanzano@chu.ulg.ac.be,Intrastat - Google Chrome,Tâches diverses,2021-07-30,12:34:42,00:00:04
stefano.crapanzano@chu.ulg.ac.be,Intrastat - Google Chrome,Tâches diverses,2021-07-30,12:34:51,00:00:02
stefano.crapanzano@chu.ulg.ac.be,Intrastat - Google Chrome,Tâches diverses,2021-07-30,12:35:05,00:00:10
stefano.crapanzano@chu.ulg.ac.be,Intrastat - Google Chrome,Tâches diverses,2021-07-30,12:35:57,00:00:03
stefano.crapanzano@chu.ulg.ac.be,Intrastat - Google Chrome,Tâches diverses,2021-07-30,12:36:11,00:00:19
stefano.crapanzano@chu.ulg.ac.be,Intrastat - Google Chrome,Tâches diverses,2021-07-30,12:36:40,00:00:02
stefano.crapanzano@chu.ulg.ac.be,Intrastat - Google Chrome,Tâches diverses,2021-07-30,12:37:37,00:00:44
stefano.crapanzano@chu.ulg.ac.be,Intrastat - Google Chrome,Tâches diverses,2021-07-30,12:38:44,00:00:55
stefano.crapanzano@chu.ulg.ac.be,Intrastat - Google Chrome,Tâches diverses,2021-07-30,12:46:45,00:02:24
stefano.crapanzano@chu.ulg.ac.be,Intrastat - Google Chrome,Tâches diverses,2021-07-30,12:59:12,00:00:06
stefano.crapanzano@chu.ulg.ac.be,Intrastat - Google Chrome,Tâches diverses,2021-07-30,12:59:25,00:00:27
stefano.crapanzano@chu.ulg.ac.be,Intrastat - Google Chrome,Tâches diverses,2021-07-30,13:21:17,00:00:10
stefano.crapanzano@chu.ulg.ac.be,Intrastat - Google Chrome,Tâches diverses,2021-07-30,13:32:13,00:00:03
stefano.crapanzano@chu.ulg.ac.be,Intrastat - Google Chrome,Tâches diverses,2021-07-30,14:18:44,00:00:03
stefano.crapanzano@chu.ulg.ac.be,Intrastat - Google Chrome,Tâches diverses,2021-07-30,14:45:42,00:00:03
stefano.crapanzano@chu.ulg.ac.be,Intrastat - Google Chrome,Tâches diverses,2021-07-30,15:22:41,00:00:02
stefano.crapanzano@chu.ulg.ac.be,Intrastat - Google Chrome,Tâches diverses,2021-07-30,15:26:08,00:00:03
stefano.crapanzano@chu.ulg.ac.be,Intrastat - Google Chrome,Tâches diverses,2021-07-30,15:26:14,00:00:02
stefano.crapanzano@chu.ulg.ac.be,Intrastat - Google Chrome,Tâches diverses,2021-07-30,15:26:21,00:00:02
stefano.crapanzano@chu.ulg.ac.be,Intrastat - Google Chrome,Helpdesk général,2021-07-30,15:37:52,00:00:05
stefano.crapanzano@chu.ulg.ac.be,Intrastat - Google Chrome,Tâches diverses,2021-07-30,16:51:10,00:01:38
stefano.crapanzano@chu.ulg.ac.be,Intrastat - Google Chrome,Tâches diverses,2021-07-30,16:53:56,00:00:39
stefano.crapanzano@chu.ulg.ac.be,Intrastat - Google Chrome,Tâches diverses,2021-07-30,16:56:00,00:00:10
stefano.crapanzano@chu.ulg.ac.be,Intrastat - Google Chrome,Tâches diverses,2021-07-30,16:58:10,00:00:22
stefano.crapanzano@chu.ulg.ac.be,Intrastat - Google Chrome,Tâches diverses,2021-07-30,16:59:11,00:00:11
stefano.crapanzano@chu.ulg.ac.be,Intrastat - Google Chrome,Tâches diverses,2021-07-30,16:59:38,00:00:05
stefano.crapanzano@chu.ulg.ac.be,Intrastat - Google Chrome,Tâches diverses,2021-07-30,16:59:48,00:00:12
stefano.crapanzano@chu.ulg.ac.be,Intrastat - Google Chrome,Tâches diverses,2021-07-30,17:02:55,00:00:09
stefano.crapanzano@chu.ulg.ac.be,Intrastat - Google Chrome,Tâches diverses,2021-07-30,17:03:39,00:00:31
stefano.crapanzano@chu.ulg.ac.be,Intrastat - Google Chrome,Tâches diverses,2021-07-30,17:05:13,00:00:21
stefano.crapanzano@chu.ulg.ac.be,Intrastat - Google Chrome,Tâches diverses,2021-07-30,17:06:06,00:00:26
stefano.crapanzano@chu.ulg.ac.be,Intrastat - Google Chrome,Tâches diverses,2021-07-30,17:06:46,00:00:03
stefano.crapanzano@chu.ulg.ac.be,Intrastat - Google Chrome,Tâches diverses,2021-07-30,17:07:44,00:00:09
stefano.crapanzano@chu.ulg.ac.be,Identification - Google Chrome,Tâches diverses,2021-07-30,11:09:50,00:00:07
stefano.crapanzano@chu.ulg.ac.be,Nouvel onglet - Google Chrome,Tâches diverses,2021-07-30,11:10:41,00:00:02
stefano.crapanzano@chu.ulg.ac.be,Nouvel onglet - Google Chrome,Tâches diverses,2021-07-30,11:34:41,00:00:03
stefano.crapanzano@chu.ulg.ac.be,Nouvel onglet - Google Chrome,Tâches diverses,2021-07-30,11:40:49,00:00:08
stefano.crapanzano@chu.ulg.ac.be,Nouvel onglet - Google Chrome,Tâches diverses,2021-07-30,12:36:42,00:00:03
stefano.crapanzano@chu.ulg.ac.be,Nouvel onglet - Google Chrome,Tâches diverses,2021-07-30,16:21:26,00:00:06
stefano.crapanzano@chu.ulg.ac.be,Nouvel onglet - Google Chrome,Tâches diverses,2021-07-30,16:54:38,00:00:04
stefano.crapanzano@chu.ulg.ac.be,Nouvel onglet - Google Chrome,Tâches diverses,2021-07-30,17:00:01,00:00:10
stefano.crapanzano@chu.ulg.ac.be,Joindre les fichiers,Helpdesk général,2021-07-30,11:14:04,00:00:09
stefano.crapanzano@chu.ulg.ac.be,Joindre les fichiers,Helpdesk général,2021-07-30,12:09:24,00:00:03
stefano.crapanzano@chu.ulg.ac.be,Joindre les fichiers,Helpdesk général,2021-07-30,12:42:26,00:00:03
stefano.crapanzano@chu.ulg.ac.be,Envoi du message,Helpdesk général,2021-07-30,11:14:18,00:00:04
stefano.crapanzano@chu.ulg.ac.be,Envoi du message,Helpdesk général,2021-07-30,11:14:25,00:00:02
stefano.crapanzano@chu.ulg.ac.be,INTRASTAT_202105_v02.xlsx  [Lecture seule] - Excel,Tâches diverses,2021-07-30,11:15:01,00:01:53
stefano.crapanzano@chu.ulg.ac.be,INTRASTAT_202105_v02.xlsx  [Lecture seule] - Excel,Tâches diverses,2021-07-30,11:18:31,00:00:21
stefano.crapanzano@chu.ulg.ac.be,INTRASTAT_202105_v02.xlsx  [Lecture seule] - Excel,Tâches diverses,2021-07-30,11:20:35,00:00:40
stefano.crapanzano@chu.ulg.ac.be,INTRASTAT_202105_v02.xlsx  [Lecture seule] - Excel,Tâches diverses,2021-07-30,11:21:40,00:00:08
stefano.crapanzano@chu.ulg.ac.be,INTRASTAT_202105_v02.xlsx  [Lecture seule] - Excel,Tâches diverses,2021-07-30,11:23:17,00:01:19
stefano.crapanzano@chu.ulg.ac.be,INTRASTAT_202105_v02.xlsx  [Lecture seule] - Excel,Tâches diverses,2021-07-30,11:24:42,00:01:30
stefano.crapanzano@chu.ulg.ac.be,INTRASTAT_202105_v02.xlsx  [Lecture seule] - Excel,Tâches diverses,2021-07-30,11:26:17,00:01:35
stefano.crapanzano@chu.ulg.ac.be,INTRASTAT_202105_v02.xlsx  [Lecture seule] - Excel,Tâches diverses,2021-07-30,11:27:55,00:02:52
stefano.crapanzano@chu.ulg.ac.be,INTRASTAT_202105_v02.xlsx  [Lecture seule] - Excel,Tâches diverses,2021-07-30,11:32:45,00:00:14
stefano.crapanzano@chu.ulg.ac.be,INTRASTAT_202105_v02.xlsx  [Lecture seule] - Excel,Tâches diverses,2021-07-30,11:33:06,00:00:41
stefano.crapanzano@chu.ulg.ac.be,INTRASTAT_202105_v02.xlsx  [Lecture seule] - Excel,Tâches diverses,2021-07-30,11:33:49,00:00:16
stefano.crapanzano@chu.ulg.ac.be,INTRASTAT_202105_v02.xlsx  [Lecture seule] - Excel,Tâches diverses,2021-07-30,11:34:15,00:00:19
stefano.crapanzano@chu.ulg.ac.be,INTRASTAT_202105_v02.xlsx  [Lecture seule] - Excel,Tâches diverses,2021-07-30,11:36:53,00:00:02
stefano.crapanzano@chu.ulg.ac.be,INTRASTAT_202105_v02.xlsx  [Lecture seule] - Excel,Tâches diverses,2021-07-30,11:38:16,00:00:22
stefano.crapanzano@chu.ulg.ac.be,INTRASTAT_202105_v02.xlsx  [Lecture seule] - Excel,Tâches diverses,2021-07-30,11:41:59,00:00:44
stefano.crapanzano@chu.ulg.ac.be,INTRASTAT_202105_v02.xlsx  [Lecture seule] - Excel,Tâches diverses,2021-07-30,11:42:45,00:00:22
stefano.crapanzano@chu.ulg.ac.be,INTRASTAT_202105_v02.xlsx  [Lecture seule] - Excel,Tâches diverses,2021-07-30,11:43:18,00:00:03
stefano.crapanzano@chu.ulg.ac.be,INTRASTAT_202105_v02.xlsx  [Lecture seule] - Excel,Tâches diverses,2021-07-30,11:43:32,00:00:39
stefano.crapanzano@chu.ulg.ac.be,INTRASTAT_202105_v02.xlsx  [Lecture seule] - Excel,Tâches diverses,2021-07-30,11:46:40,00:00:08
stefano.crapanzano@chu.ulg.ac.be,INTRASTAT_202105_v02.xlsx  [Lecture seule] - Excel,Tâches diverses,2021-07-30,11:46:49,00:00:19
stefano.crapanzano@chu.ulg.ac.be,INTRASTAT_202105_v02.xlsx  [Lecture seule] - Excel,Tâches diverses,2021-07-30,11:47:55,00:04:39
stefano.crapanzano@chu.ulg.ac.be,INTRASTAT_202105_v02.xlsx  [Lecture seule] - Excel,Tâches diverses,2021-07-30,11:57:48,00:00:09
stefano.crapanzano@chu.ulg.ac.be,INTRASTAT_202105_v02.xlsx  [Lecture seule] - Excel,Tâches diverses,2021-07-30,11:58:02,00:01:11
stefano.crapanzano@chu.ulg.ac.be,INTRASTAT_202105_v02.xlsx  [Lecture seule] - Excel,Tâches diverses,2021-07-30,12:01:42,00:00:28
stefano.crapanzano@chu.ulg.ac.be,INTRASTAT_202105_v02.xlsx  [Lecture seule] - Excel,Tâches diverses,2021-07-30,12:02:13,00:00:12
stefano.crapanzano@chu.ulg.ac.be,INTRASTAT_202105_v02.xlsx  [Lecture seule] - Excel,Tâches diverses,2021-07-30,12:02:33,00:00:05
stefano.crapanzano@chu.ulg.ac.be,INTRASTAT_202105_v02.xlsx  [Lecture seule] - Excel,Tâches diverses,2021-07-30,12:02:42,00:01:02
stefano.crapanzano@chu.ulg.ac.be,INTRASTAT_202105_v02.xlsx  [Lecture seule] - Excel,Tâches diverses,2021-07-30,12:04:12,00:00:30
stefano.crapanzano@chu.ulg.ac.be,INTRASTAT_202105_v02.xlsx  [Lecture seule] - Excel,Tâches diverses,2021-07-30,12:04:48,00:00:29
stefano.crapanzano@chu.ulg.ac.be,INTRASTAT_202105_v02.xlsx  [Lecture seule] - Excel,IT,2021-07-30,12:05:23,00:00:03
stefano.crapanzano@chu.ulg.ac.be,INTRASTAT_202105_v02.xlsx  [Lecture seule] - Excel,Tâches diverses,2021-07-30,12:05:29,00:01:12
stefano.crapanzano@chu.ulg.ac.be,INTRASTAT_202105_v02.xlsx  [Lecture seule] - Excel,Tâches diverses,2021-07-30,12:06:43,00:00:45
stefano.crapanzano@chu.ulg.ac.be,INTRASTAT_202105_v02.xlsx  [Lecture seule] - Excel,Tâches diverses,2021-07-30,12:07:34,00:00:20
stefano.crapanzano@chu.ulg.ac.be,INTRASTAT_202105_v02.xlsx  [Lecture seule] - Excel,Tâches diverses,2021-07-30,14:39:42,00:00:02
stefano.crapanzano@chu.ulg.ac.be,SAP Logon 750,Exploration SAP,2021-07-30,11:16:55,00:00:04
stefano.crapanzano@chu.ulg.ac.be,SAP Logon 750,Exploration SAP,2021-07-30,15:20:30,00:00:19
stefano.crapanzano@chu.ulg.ac.be,SAP Easy Access Menu de base Applications financières-économiques,Exploration SAP,2021-07-30,11:16:59,00:00:07
stefano.crapanzano@chu.ulg.ac.be,SAP Easy Access Menu de base Applications financières-économiques,Exploration SAP,2021-07-30,11:21:31,00:00:03
stefano.crapanzano@chu.ulg.ac.be,SAP Easy Access Menu de base Applications financières-économiques,Exploration SAP,2021-07-30,11:21:50,00:00:09
stefano.crapanzano@chu.ulg.ac.be,SAP Easy Access Menu de base Applications financières-économiques,Exploration SAP,2021-07-30,15:20:49,00:00:07
stefano.crapanzano@chu.ulg.ac.be,SAP Easy Access Menu de base Applications financières-économiques,Exploration SAP,2021-07-30,15:21:54,00:00:06
stefano.crapanzano@chu.ulg.ac.be,SAP Easy Access Menu de base Applications financières-économiques,Exploration SAP,2021-07-30,15:45:18,00:00:02
stefano.crapanzano@chu.ulg.ac.be,SAP Easy Access Menu de base Applications financières-économiques,Exploration SAP,2021-07-30,15:45:22,00:00:03
stefano.crapanzano@chu.ulg.ac.be,SAP Easy Access Menu de base Applications financières-économiques,Exploration SAP,2021-07-30,15:46:54,00:00:06
stefano.crapanzano@chu.ulg.ac.be,SAP Easy Access Menu de base Applications financières-économiques,Exploration SAP,2021-07-30,15:47:21,00:00:03
stefano.crapanzano@chu.ulg.ac.be,Afficher article (Initial Screen),Exploration SAP,2021-07-30,11:17:07,00:00:03
stefano.crapanzano@chu.ulg.ac.be,Select View(s),Exploration SAP,2021-07-30,11:17:10,00:00:02
stefano.crapanzano@chu.ulg.ac.be,TypeAheadPopup,Exploration SAP,2021-07-30,11:17:13,00:00:02
stefano.crapanzano@chu.ulg.ac.be,Afficher article 500007 (ARTICLE WM Stock),Exploration SAP,2021-07-30,11:17:15,00:00:46
stefano.crapanzano@chu.ulg.ac.be,Afficher article 500007 (ARTICLE WM Stock),Exploration SAP,2021-07-30,11:18:54,00:00:08
stefano.crapanzano@chu.ulg.ac.be,Afficher article 500007 (ARTICLE WM Stock),Exploration SAP,2021-07-30,11:19:05,00:00:02
stefano.crapanzano@chu.ulg.ac.be,Afficher article 500007 (ARTICLE WM Stock),Exploration SAP,2021-07-30,11:19:52,00:00:02
stefano.crapanzano@chu.ulg.ac.be,Information technique,Exploration SAP,2021-07-30,11:18:03,00:00:03
stefano.crapanzano@chu.ulg.ac.be,INTRASTAT_202105_v03_stefano.xlsx - Excel,Tâches diverses,2021-07-30,11:18:12,00:00:16
stefano.crapanzano@chu.ulg.ac.be,INTRASTAT_202105_v03_stefano.xlsx - Excel,Tâches diverses,2021-07-30,11:30:47,00:01:55
stefano.crapanzano@chu.ulg.ac.be,INTRASTAT_202105_v03_stefano.xlsx - Excel,Tâches diverses,2021-07-30,11:33:02,00:00:02
stefano.crapanzano@chu.ulg.ac.be,INTRASTAT_202105_v03_stefano.xlsx - Excel,Tâches diverses,2021-07-30,11:36:00,00:00:03
stefano.crapanzano@chu.ulg.ac.be,INTRASTAT_202105_v03_stefano.xlsx - Excel,Tâches diverses,2021-07-30,11:36:57,00:00:13
stefano.crapanzano@chu.ulg.ac.be,INTRASTAT_202105_v03_stefano.xlsx - Excel,Tâches diverses,2021-07-30,11:37:11,00:00:25
stefano.crapanzano@chu.ulg.ac.be,INTRASTAT_202105_v03_stefano.xlsx - Excel,Tâches diverses,2021-07-30,11:37:48,00:00:15
stefano.crapanzano@chu.ulg.ac.be,INTRASTAT_202105_v03_stefano.xlsx - Excel,Tâches diverses,2021-07-30,11:38:05,00:00:10
stefano.crapanzano@chu.ulg.ac.be,INTRASTAT_202105_v03_stefano.xlsx - Excel,Tâches diverses,2021-07-30,11:38:41,00:00:55
stefano.crapanzano@chu.ulg.ac.be,INTRASTAT_202105_v03_stefano.xlsx - Excel,Tâches diverses,2021-07-30,14:39:35,00:00:02
stefano.crapanzano@chu.ulg.ac.be,Organizational Levels,Exploration SAP,2021-07-30,11:19:02,00:00:02
stefano.crapanzano@chu.ulg.ac.be,Afficher article 500007 (Données d'emballage  ARTICLE WM Stock),Exploration SAP,2021-07-30,11:19:07,00:00:08
stefano.crapanzano@chu.ulg.ac.be,Afficher article 500007 (Données d'emballage  ARTICLE WM Stock),Exploration SAP,2021-07-30,11:19:18,00:00:02
stefano.crapanzano@chu.ulg.ac.be,Afficher article 500007 (Données d'emballage  ARTICLE WM Stock),Exploration SAP,2021-07-30,11:19:45,00:00:07
stefano.crapanzano@chu.ulg.ac.be,Afficher article 500007 (Données d'emballage  ARTICLE WM Stock),Exploration SAP,2021-07-30,11:19:55,00:00:37
stefano.crapanzano@chu.ulg.ac.be,Afficher article 500007 (Données d'emballage  ARTICLE WM Stock),Exploration SAP,2021-07-30,11:21:17,00:00:10
stefano.crapanzano@chu.ulg.ac.be,Afficher les modifications : synthèse par article,Exploration SAP,2021-07-30,11:19:20,00:00:02
stefano.crapanzano@chu.ulg.ac.be,Afficher les modifications: document de modification,Exploration SAP,2021-07-30,11:19:22,00:00:22
stefano.crapanzano@chu.ulg.ac.be,Commande interv. 40 4000196944 créée par WEBUSERCHU,Exploration SAP,2021-07-30,11:22:00,00:00:02
stefano.crapanzano@chu.ulg.ac.be,Sélectionner document,Exploration SAP,2021-07-30,11:22:02,00:00:02
stefano.crapanzano@chu.ulg.ac.be,Sélectionner document,Exploration SAP,2021-07-30,12:33:26,00:00:02
stefano.crapanzano@chu.ulg.ac.be,Commande interv. 40 4000212006 créée par Melinda COTTINI,Exploration SAP,2021-07-30,11:22:05,00:01:08
stefano.crapanzano@chu.ulg.ac.be,Rechercher et remplacer,Tâches diverses,2021-07-30,11:24:36,00:00:06
stefano.crapanzano@chu.ulg.ac.be,Rechercher et remplacer,Tâches diverses,2021-07-30,11:26:12,00:00:04
stefano.crapanzano@chu.ulg.ac.be,Microsoft Excel,Tâches diverses,2021-07-30,11:27:52,00:00:02
stefano.crapanzano@chu.ulg.ac.be,Microsoft Excel,Tâches diverses,2021-07-30,14:39:44,00:00:02
stefano.crapanzano@chu.ulg.ac.be,Microsoft Excel,Tâches diverses,2021-07-30,16:01:14,00:00:02
stefano.crapanzano@chu.ulg.ac.be,Microsoft Excel,Tâches diverses,2021-07-30,16:01:26,00:00:08
stefano.crapanzano@chu.ulg.ac.be,Microsoft Excel,Tâches diverses,2021-07-30,16:45:34,00:00:04
stefano.crapanzano@chu.ulg.ac.be,Microsoft Excel,Tâches diverses,2021-07-30,16:45:43,00:00:03
stefano.crapanzano@chu.ulg.ac.be,Microsoft Excel,Tâches diverses,2021-07-30,16:46:14,00:00:02
stefano.crapanzano@chu.ulg.ac.be,datatable fixe header - Recherche Google - Google Chrome,Tâches diverses,2021-07-30,11:40:58,00:00:02
stefano.crapanzano@chu.ulg.ac.be,FixedHeader - Google Chrome,Tâches diverses,2021-07-30,11:41:00,00:00:14
stefano.crapanzano@chu.ulg.ac.be,FixedHeader - Google Chrome,Tâches diverses,2021-07-30,16:50:22,00:00:09
stefano.crapanzano@chu.ulg.ac.be,FixedHeader - Google Chrome,Tâches diverses,2021-07-30,16:52:49,00:00:45
stefano.crapanzano@chu.ulg.ac.be,FixedHeader - Google Chrome,Tâches diverses,2021-07-30,16:54:36,00:00:02
stefano.crapanzano@chu.ulg.ac.be,FixedHeader - Google Chrome,Tâches diverses,2021-07-30,16:56:44,00:00:39
stefano.crapanzano@chu.ulg.ac.be,Format de cellule,Tâches diverses,2021-07-30,12:02:11,00:00:02
stefano.crapanzano@chu.ulg.ac.be,Format de cellule,Tâches diverses,2021-07-30,12:02:26,00:00:07
stefano.crapanzano@chu.ulg.ac.be,Format de cellule,Tâches diverses,2021-07-30,12:02:38,00:00:03
stefano.crapanzano@chu.ulg.ac.be,Format de cellule,Tâches diverses,2021-07-30,12:03:55,00:00:06
stefano.crapanzano@chu.ulg.ac.be,Paramètres des champs de valeurs,Tâches diverses,2021-07-30,12:03:45,00:00:10
stefano.crapanzano@chu.ulg.ac.be,Paramètres des champs de valeurs,Tâches diverses,2021-07-30,12:04:01,00:00:10
stefano.crapanzano@chu.ulg.ac.be,Modifier la source de données du tableau croisé dynamique,Tâches diverses,2021-07-30,12:04:43,00:00:04
stefano.crapanzano@chu.ulg.ac.be,\\ERPFTP.st.chulg\ERP\Log\KOFAX-KofaxCaptureSVReleaseProdFRCHR.log - Notepad++ [Administrator],IT,2021-07-30,12:05:17,00:00:05
stefano.crapanzano@chu.ulg.ac.be,\\ERPFTP.st.chulg\ERP\Log\KOFAX-KofaxCaptureSVReleaseProdFRCHR.log - Notepad++ [Administrator],IT,2021-07-30,12:05:27,00:00:02
stefano.crapanzano@chu.ulg.ac.be,\\ERPFTP.st.chulg\ERP\Log\KOFAX-KofaxCaptureSVReleaseProdFRCHR.log - Notepad++ [Administrator],IT,2021-07-30,12:06:41,00:00:02
stefano.crapanzano@chu.ulg.ac.be,\\ERPFTP.st.chulg\ERP\Log\KOFAX-KofaxCaptureSVReleaseProdFRCHR.log - Notepad++ [Administrator],IT,2021-07-30,12:09:48,00:00:02
stefano.crapanzano@chu.ulg.ac.be,Rédaction : intrastat mai - Thunderbird,Helpdesk général,2021-07-30,12:08:35,00:00:02
stefano.crapanzano@chu.ulg.ac.be,Rédaction : intrastat 05/21 - Thunderbird,Helpdesk général,2021-07-30,12:08:40,00:00:44
stefano.crapanzano@chu.ulg.ac.be,Rédaction : intrastat 05/21 - Thunderbird,Helpdesk général,2021-07-30,12:09:28,00:00:07
stefano.crapanzano@chu.ulg.ac.be,C:\Users\c158492\Downloads\202105.sdf - Notepad++ [Administrator],IT,2021-07-30,12:09:55,00:01:18
stefano.crapanzano@chu.ulg.ac.be,C:\Users\c158492\Downloads\202105.sdf - Notepad++ [Administrator],IT,2021-07-30,12:32:12,00:00:33
stefano.crapanzano@chu.ulg.ac.be,C:\Users\c158492\Downloads\202105.sdf - Notepad++ [Administrator],IT,2021-07-30,12:33:42,00:00:02
stefano.crapanzano@chu.ulg.ac.be,C:\Users\c158492\Downloads\202105.sdf - Notepad++ [Administrator],IT,2021-07-30,12:35:30,00:00:02
stefano.crapanzano@chu.ulg.ac.be,C:\Users\c158492\Downloads\202105.sdf - Notepad++ [Administrator],IT,2021-07-30,12:35:39,00:00:18
stefano.crapanzano@chu.ulg.ac.be,C:\Users\c158492\Downloads\202105.sdf - Notepad++ [Administrator],IT,2021-07-30,12:36:04,00:00:04
stefano.crapanzano@chu.ulg.ac.be,C:\Users\c158492\Downloads\202105.sdf - Notepad++ [Administrator],IT,2021-07-30,12:39:50,00:02:28
stefano.crapanzano@chu.ulg.ac.be,Commande interv. 40 4000207736 créée par Gaëlle VAN RYSSELBERGHE,Exploration SAP,2021-07-30,12:33:30,00:00:10
stefano.crapanzano@chu.ulg.ac.be,*C:\Users\c158492\Downloads\202105.sdf - Notepad++ [Administrator],IT,2021-07-30,12:33:45,00:00:08
stefano.crapanzano@chu.ulg.ac.be,*C:\Users\c158492\Downloads\202105.sdf - Notepad++ [Administrator],IT,2021-07-30,12:34:58,00:00:07
stefano.crapanzano@chu.ulg.ac.be,*C:\Users\c158492\Downloads\202105.sdf - Notepad++ [Administrator],IT,2021-07-30,12:35:26,00:00:04
stefano.crapanzano@chu.ulg.ac.be,Commande interv. 40 4000208723 créée par Kevin LODEWYK,Exploration SAP,2021-07-30,12:34:40,00:00:02
stefano.crapanzano@chu.ulg.ac.be,Commande interv. 40 4000205657 créée par Melinda COTTINI,Exploration SAP,2021-07-30,12:35:21,00:00:04
stefano.crapanzano@chu.ulg.ac.be,bnb intrastat - Recherche Google - Google Chrome,Tâches diverses,2021-07-30,12:36:46,00:00:02
stefano.crapanzano@chu.ulg.ac.be,Intrastat - Info | nbb.be - Google Chrome,Tâches diverses,2021-07-30,12:36:48,00:00:06
stefano.crapanzano@chu.ulg.ac.be,Nomenclature et codes | nbb.be - Google Chrome,Tâches diverses,2021-07-30,12:36:54,00:00:06
stefano.crapanzano@chu.ulg.ac.be,Nomenclature et codes | nbb.be - Google Chrome,Tâches diverses,2021-07-30,12:37:02,00:00:07
stefano.crapanzano@chu.ulg.ac.be,conv2021fr.pdf - Google Chrome,Tâches diverses,2021-07-30,12:37:10,00:00:20
stefano.crapanzano@chu.ulg.ac.be,conv2021fr.pdf - Google Chrome,Tâches diverses,2021-07-30,12:38:21,00:00:20
stefano.crapanzano@chu.ulg.ac.be,conv2021fr.pdf - Google Chrome,Tâches diverses,2021-07-30,12:39:42,00:00:08
stefano.crapanzano@chu.ulg.ac.be,conv2021fr.pdf - Google Chrome,Tâches diverses,2021-07-30,12:43:28,00:00:04
stefano.crapanzano@chu.ulg.ac.be,conv2021fr.pdf - Google Chrome,Tâches diverses,2021-07-30,14:19:00,00:00:02
stefano.crapanzano@chu.ulg.ac.be,Rédaction : Re: intrastat 05/21 - Thunderbird,Helpdesk général,2021-07-30,12:42:30,00:00:56
stefano.crapanzano@chu.ulg.ac.be,Rédaction : Re: intrastat 05/21 - Thunderbird,Helpdesk général,2021-07-30,12:44:10,00:01:18
stefano.crapanzano@chu.ulg.ac.be,Boîte de réception (62 464) - s.crapanzano@gmail.com - Gmail - Google Chrome,Tâches diverses,2021-07-30,12:49:09,00:00:10
stefano.crapanzano@chu.ulg.ac.be,70% de adultes vaccinés - un acteur belge arrêté pour abus présumés - Zverev fait tomber Djokovic - s.crapanzano@gmail.com - Gmail - Google Chrome,Tâches diverses,2021-07-30,12:49:20,00:00:45
stefano.crapanzano@chu.ulg.ac.be,70% de adultes vaccinés - un acteur belge arrêté pour abus présumés - Zverev fait tomber Djokovic - s.crapanzano@gmail.com - Gmail - Google Chrome,Tâches diverses,2021-07-30,12:59:05,00:00:02
stefano.crapanzano@chu.ulg.ac.be,L’effondrement de notre civilisation est en marche | Economie | 7sur7.be - Google Chrome,Tâches diverses,2021-07-30,12:50:07,00:00:09
stefano.crapanzano@chu.ulg.ac.be,Boîte de réception (62 463) - s.crapanzano@gmail.com - Gmail - Google Chrome,Tâches diverses,2021-07-30,12:59:07,00:00:03
stefano.crapanzano@chu.ulg.ac.be,taskeng.exe,IT,2021-07-30,13:00:03,00:00:03
stefano.crapanzano@chu.ulg.ac.be,comparaison fichier sdf intrastat - Mozilla Thunderbird,Helpdesk général,2021-07-30,13:00:24,00:04:09
stefano.crapanzano@chu.ulg.ac.be,comparaison fichier sdf intrastat - Mozilla Thunderbird,Helpdesk général,2021-07-30,13:05:21,00:12:02
stefano.crapanzano@chu.ulg.ac.be,comparaison fichier sdf intrastat - Mozilla Thunderbird,Helpdesk général,2021-07-30,13:18:25,00:00:20
stefano.crapanzano@chu.ulg.ac.be,Gitea: Git with a cup of tea - Google Chrome,Tâches diverses,2021-07-30,13:32:20,00:00:02
stefano.crapanzano@chu.ulg.ac.be,Connexion - Gitea: Git with a cup of tea - Google Chrome,Tâches diverses,2021-07-30,13:32:22,00:00:06
stefano.crapanzano@chu.ulg.ac.be,c158492 - Tableau de bord - Gitea: Git with a cup of tea - Google Chrome,Tâches diverses,2021-07-30,13:32:28,00:00:02
stefano.crapanzano@chu.ulg.ac.be,c158492/intrastat_project - intrastat_project - Gitea: Git with a cup of tea - Google Chrome,Tâches diverses,2021-07-30,13:32:30,00:00:08
stefano.crapanzano@chu.ulg.ac.be,c158492/intrastat_project - project/intrastat/views.py at master - intrastat_project - Gitea: Git with a cup of tea - Google Chrome,Tâches diverses,2021-07-30,13:32:39,00:27:02
stefano.crapanzano@chu.ulg.ac.be,c158492/intrastat_project - project/intrastat/views.py at master - intrastat_project - Gitea: Git with a cup of tea - Google Chrome,Tâches diverses,2021-07-30,14:02:34,00:00:02
stefano.crapanzano@chu.ulg.ac.be,Boîte de réception (62 465) - s.crapanzano@gmail.com - Gmail - Google Chrome,Tâches diverses,2021-07-30,14:02:37,00:00:06
stefano.crapanzano@chu.ulg.ac.be,Boîte de réception (62 465) - s.crapanzano@gmail.com - Gmail - Google Chrome,Tâches diverses,2021-07-30,14:18:35,00:00:03
stefano.crapanzano@chu.ulg.ac.be,Boîte de réception (62 466) - s.crapanzano@gmail.com - Gmail - Google Chrome,Tâches diverses,2021-07-30,14:18:38,00:00:02
stefano.crapanzano@chu.ulg.ac.be,20210727_INTRASTAT_EXTRACTION OUTILS SAI_05_2021.xlsx - Excel,Tâches diverses,2021-07-30,14:39:48,00:00:03
stefano.crapanzano@chu.ulg.ac.be,Classeur1 - Excel,Tâches diverses,2021-07-30,14:39:53,00:00:02
stefano.crapanzano@chu.ulg.ac.be,Classeur1 - Excel,Tâches diverses,2021-07-30,16:01:16,00:00:04
stefano.crapanzano@chu.ulg.ac.be,INTRASTAT 05 - Incohérance tableau excel et outil web - Mozilla Thunderbird,Helpdesk général,2021-07-30,14:40:28,00:00:17
stefano.crapanzano@chu.ulg.ac.be,INTRASTAT 05 - Incohérance tableau excel et outil web - Mozilla Thunderbird,Helpdesk général,2021-07-30,14:56:13,00:00:02
stefano.crapanzano@chu.ulg.ac.be,Rédaction : Re: INTRASTAT 05 - Incohérance tableau excel et outil web - Thunderbird,Helpdesk général,2021-07-30,14:40:48,00:04:51
stefano.crapanzano@chu.ulg.ac.be,Rédaction : Re: INTRASTAT 05 - Incohérance tableau excel et outil web - Thunderbird,Helpdesk général,2021-07-30,14:46:09,00:09:57
stefano.crapanzano@chu.ulg.ac.be,Commerce extérieur : clôtures périodiques,Exploration SAP,2021-07-30,15:20:56,00:00:06
stefano.crapanzano@chu.ulg.ac.be,Commerce extérieur : clôtures périodiques,Exploration SAP,2021-07-30,15:21:51,00:00:02
stefano.crapanzano@chu.ulg.ac.be,INTRASTAT : sélection de données entrée - pays de l'UE,Exploration SAP,2021-07-30,15:21:02,00:00:07
stefano.crapanzano@chu.ulg.ac.be,INTRASTAT : sélection de données entrée - pays de l'UE,Exploration SAP,2021-07-30,15:21:11,00:00:07
stefano.crapanzano@chu.ulg.ac.be,INTRASTAT : sélection de données entrée - pays de l'UE,Exploration SAP,2021-07-30,15:21:21,00:00:03
stefano.crapanzano@chu.ulg.ac.be,INTRASTAT : sélection de données entrée - pays de l'UE,Exploration SAP,2021-07-30,15:21:26,00:00:18
stefano.crapanzano@chu.ulg.ac.be,INTRASTAT : sélection de données entrée - pays de l'UE,Exploration SAP,2021-07-30,15:21:49,00:00:02
stefano.crapanzano@chu.ulg.ac.be,Attributs de variante,Exploration SAP,2021-07-30,15:21:18,00:00:02
stefano.crapanzano@chu.ulg.ac.be,Clôtures périodiques - INTRASTAT Entrée - Journal des sélections,Exploration SAP,2021-07-30,15:21:44,00:00:02
stefano.crapanzano@chu.ulg.ac.be,Avertissement...,Exploration SAP,2021-07-30,15:21:47,00:00:02
stefano.crapanzano@chu.ulg.ac.be,Display Table,Exploration SAP,2021-07-30,15:22:00,00:00:09
stefano.crapanzano@chu.ulg.ac.be,Display Table,Exploration SAP,2021-07-30,15:22:19,00:00:03
stefano.crapanzano@chu.ulg.ac.be,Display Table,Exploration SAP,2021-07-30,15:22:26,00:00:06
stefano.crapanzano@chu.ulg.ac.be,Display Table,Exploration SAP,2021-07-30,15:22:51,00:00:08
stefano.crapanzano@chu.ulg.ac.be,File dialog,Exploration SAP,2021-07-30,15:22:09,00:00:09
stefano.crapanzano@chu.ulg.ac.be,Sécurité SAP GUI,Exploration SAP,2021-07-30,15:22:23,00:00:03
stefano.crapanzano@chu.ulg.ac.be,veiav - Mozilla Thunderbird,Helpdesk général,2021-07-30,15:23:35,00:00:04
stefano.crapanzano@chu.ulg.ac.be,veiav - Mozilla Thunderbird,Helpdesk général,2021-07-30,16:43:41,00:00:02
stefano.crapanzano@chu.ulg.ac.be,Table VEIAV à charger pour intrastat - Mozilla Thunderbird,Helpdesk général,2021-07-30,15:23:40,00:00:10
stefano.crapanzano@chu.ulg.ac.be,Table VEIAV à charger pour intrastat - Mozilla Thunderbird,Helpdesk général,2021-07-30,15:23:55,00:00:05
stefano.crapanzano@chu.ulg.ac.be,Table VEIAV à charger pour intrastat - Mozilla Thunderbird,Helpdesk général,2021-07-30,15:24:13,00:00:07
stefano.crapanzano@chu.ulg.ac.be,Table VEIAV à charger pour intrastat - Mozilla Thunderbird,Helpdesk général,2021-07-30,15:25:15,00:00:08
stefano.crapanzano@chu.ulg.ac.be,Table VEIAV à charger pour intrastat - Mozilla Thunderbird,Helpdesk général,2021-07-30,15:26:11,00:00:02
stefano.crapanzano@chu.ulg.ac.be,Table VEIAV à charger pour intrastat - Mozilla Thunderbird,Helpdesk général,2021-07-30,15:36:16,00:00:02
stefano.crapanzano@chu.ulg.ac.be,Lancement de l’application,Helpdesk général,2021-07-30,15:23:51,00:00:03
stefano.crapanzano@chu.ulg.ac.be,Rédaction : Re: Table VEIAV à charger pour intrastat - Thunderbird,Helpdesk général,2021-07-30,15:24:20,00:00:37
stefano.crapanzano@chu.ulg.ac.be,Rédaction : Re: Table VEIAV à charger pour intrastat - Thunderbird,Helpdesk général,2021-07-30,15:25:23,00:00:02
stefano.crapanzano@chu.ulg.ac.be,Rédaction : Re: Table VEIAV à charger pour intrastat - Thunderbird,Helpdesk général,2021-07-30,15:25:28,00:00:14
stefano.crapanzano@chu.ulg.ac.be,Rédaction : Re: Table VEIAV à charger pour intrastat - Thunderbird,Helpdesk général,2021-07-30,15:26:04,00:00:02
stefano.crapanzano@chu.ulg.ac.be,Rédaction : Table VEIAV à charger pour intrastat - Thunderbird,Helpdesk général,2021-07-30,15:24:57,00:00:16
stefano.crapanzano@chu.ulg.ac.be,Rédaction : Table VEIAV à charger pour intrastat - Thunderbird,Helpdesk général,2021-07-30,15:25:44,00:00:18
stefano.crapanzano@chu.ulg.ac.be,Éditeur des propriétés avancées,Helpdesk général,2021-07-30,15:25:26,00:00:02
stefano.crapanzano@chu.ulg.ac.be,P203 CHU Problème dans proposition de paiement pour un fournisseur (PE2) - Xperthis ERP4HC 1.0 - Service d'assistance - Google Chrome,Tâches diverses,2021-07-30,15:44:24,00:00:51
stefano.crapanzano@chu.ulg.ac.be,P203 CHU Problème dans proposition de paiement pour un fournisseur (PE2) - Xperthis ERP4HC 1.0 - Service d'assistance - Google Chrome,Tâches diverses,2021-07-30,15:46:46,00:00:08
stefano.crapanzano@chu.ulg.ac.be,P203 CHU Problème dans proposition de paiement pour un fournisseur (PE2) - Xperthis ERP4HC 1.0 - Service d'assistance - Google Chrome,Tâches diverses,2021-07-30,15:48:28,00:00:09
stefano.crapanzano@chu.ulg.ac.be,P203 CHU Problème dans proposition de paiement pour un fournisseur (PE2) - Xperthis ERP4HC 1.0 - Service d'assistance - Google Chrome,Tâches diverses,2021-07-30,15:49:30,00:00:36
stefano.crapanzano@chu.ulg.ac.be,P203 CHU Problème dans proposition de paiement pour un fournisseur (PE2) - Xperthis ERP4HC 1.0 - Service d'assistance - Google Chrome,Tâches diverses,2021-07-30,15:50:46,00:00:11
stefano.crapanzano@chu.ulg.ac.be,P203 CHU Problème dans proposition de paiement pour un fournisseur (PE2) - Xperthis ERP4HC 1.0 - Service d'assistance - Google Chrome,Tâches diverses,2021-07-30,15:51:09,00:00:10
stefano.crapanzano@chu.ulg.ac.be,P203 CHU Problème dans proposition de paiement pour un fournisseur (PE2) - Xperthis ERP4HC 1.0 - Service d'assistance - Google Chrome,Tâches diverses,2021-07-30,15:51:30,00:00:45
stefano.crapanzano@chu.ulg.ac.be,P203 CHU Problème dans proposition de paiement pour un fournisseur (PE2) - Xperthis ERP4HC 1.0 - Service d'assistance - Google Chrome,Tâches diverses,2021-07-30,15:52:18,00:00:05
stefano.crapanzano@chu.ulg.ac.be,P203 CHU Problème dans proposition de paiement pour un fournisseur (PE2) - Xperthis ERP4HC 1.0 - Service d'assistance - Google Chrome,Tâches diverses,2021-07-30,15:52:28,00:00:07
stefano.crapanzano@chu.ulg.ac.be,P203 CHU Problème dans proposition de paiement pour un fournisseur (PE2) - Xperthis ERP4HC 1.0 - Service d'assistance - Google Chrome,Tâches diverses,2021-07-30,15:52:37,00:00:22
stefano.crapanzano@chu.ulg.ac.be,P203 CHU Problème dans proposition de paiement pour un fournisseur (PE2) - Xperthis ERP4HC 1.0 - Service d'assistance - Google Chrome,Tâches diverses,2021-07-30,15:53:02,00:07:32
stefano.crapanzano@chu.ulg.ac.be,Opérations de paiement automatiques : statut,Exploration SAP,2021-07-30,15:45:25,00:00:10
stefano.crapanzano@chu.ulg.ac.be,Variante pour liste,Exploration SAP,2021-07-30,15:45:36,00:00:07
stefano.crapanzano@chu.ulg.ac.be,Liste des paiements effectués,Exploration SAP,2021-07-30,15:45:43,00:01:01
stefano.crapanzano@chu.ulg.ac.be,Liste des paiements effectués,Exploration SAP,2021-07-30,15:48:47,00:00:04
stefano.crapanzano@chu.ulg.ac.be,Liste des paiements effectués,Helpdesk général,2021-07-30,15:49:04,00:00:07
stefano.crapanzano@chu.ulg.ac.be,Liste des paiements effectués,Helpdesk général,2021-07-30,15:49:19,00:00:04
stefano.crapanzano@chu.ulg.ac.be,Liste des paiements effectués,Exploration SAP,2021-07-30,15:50:06,00:00:11
stefano.crapanzano@chu.ulg.ac.be,Liste des paiements effectués,Exploration SAP,2021-07-30,15:50:19,00:00:27
stefano.crapanzano@chu.ulg.ac.be,Liste des paiements effectués,Exploration SAP,2021-07-30,15:51:22,00:00:02
stefano.crapanzano@chu.ulg.ac.be,Liste des postes individuels fournisseurs,Exploration SAP,2021-07-30,15:47:00,00:00:20
stefano.crapanzano@chu.ulg.ac.be,Liste des postes individuels fournisseurs,Exploration SAP,2021-07-30,15:47:24,00:00:19
stefano.crapanzano@chu.ulg.ac.be,Liste des postes individuels fournisseurs,Exploration SAP,2021-07-30,15:47:45,00:00:13
stefano.crapanzano@chu.ulg.ac.be,Liste des postes individuels fournisseurs,Helpdesk général,2021-07-30,15:48:14,00:00:14
stefano.crapanzano@chu.ulg.ac.be,Ouvrir,Tâches diverses,2021-07-30,15:48:38,00:00:07
stefano.crapanzano@chu.ulg.ac.be,Ouvrir,Tâches diverses,2021-07-30,15:49:24,00:00:06
stefano.crapanzano@chu.ulg.ac.be,Y_DVX_30000052 Testé sur 2021 Manque de notes de frais - Xperthis ERP4HC 2.0 Rollout - Service d'assistance - Google Chrome,Tâches diverses,2021-07-30,16:00:43,00:00:29
stefano.crapanzano@chu.ulg.ac.be,Y_DVX_30000052 Testé sur 2021 Manque de notes de frais - Xperthis ERP4HC 2.0 Rollout - Service d'assistance - Google Chrome,Tâches diverses,2021-07-30,16:01:21,00:00:03
stefano.crapanzano@chu.ulg.ac.be,Y_DVX_30000052 Testé sur 2021 Manque de notes de frais - Xperthis ERP4HC 2.0 Rollout - Service d'assistance - Google Chrome,Tâches diverses,2021-07-30,16:01:47,00:00:03
stefano.crapanzano@chu.ulg.ac.be,Y_DVX_30000052 Testé sur 2021 Manque de notes de frais - Xperthis ERP4HC 2.0 Rollout - Service d'assistance - Google Chrome,Tâches diverses,2021-07-30,16:03:56,00:00:35
stefano.crapanzano@chu.ulg.ac.be,Y_DVX_30000052 Testé sur 2021 Manque de notes de frais - Xperthis ERP4HC 2.0 Rollout - Service d'assistance - Google Chrome,Tâches diverses,2021-07-30,16:05:17,00:00:02
stefano.crapanzano@chu.ulg.ac.be,CA NF 0 a 160190 2020  - X01.xls - Excel,Tâches diverses,2021-07-30,16:01:35,00:00:12
stefano.crapanzano@chu.ulg.ac.be,CA NF 0 a 160190 2020  - X01.xls - Excel,Tâches diverses,2021-07-30,16:02:26,00:00:57
stefano.crapanzano@chu.ulg.ac.be,CA NF 0 a 160190 2020  - X01.xls - Excel,Tâches diverses,2021-07-30,16:03:50,00:00:04
stefano.crapanzano@chu.ulg.ac.be,CA NF 0 a 160190 2020  - X01.xls - Excel,Tâches diverses,2021-07-30,16:04:38,00:00:06
stefano.crapanzano@chu.ulg.ac.be,CA NF 0 a 160190 2020  - TE5.xls - Excel,Tâches diverses,2021-07-30,16:01:53,00:00:32
stefano.crapanzano@chu.ulg.ac.be,CA NF 0 a 160190 2020  - TE5.xls - Excel,Tâches diverses,2021-07-30,16:03:23,00:00:09
stefano.crapanzano@chu.ulg.ac.be,CA NF 0 a 160190 2020  - TE5.xls - Excel,Tâches diverses,2021-07-30,16:04:45,00:00:32
stefano.crapanzano@chu.ulg.ac.be,CA NF 0 a 160190 2020  - TE5.xls - Excel,Tâches diverses,2021-07-30,16:45:39,00:00:03
stefano.crapanzano@chu.ulg.ac.be,CA NF 0 a 160190 2020  - TE5.xls - Excel,Tâches diverses,2021-07-30,16:45:46,00:00:27
stefano.crapanzano@chu.ulg.ac.be,Validation données - Chart of accounts Y_DVX_30000111 - Xperthis ERP4HC 2.0 Rollout - Service d'assistance - Google Chrome,Tâches diverses,2021-07-30,16:05:23,00:00:08
stefano.crapanzano@chu.ulg.ac.be,Validation données - Chart of accounts Y_DVX_30000111 - Xperthis ERP4HC 2.0 Rollout - Service d'assistance - Google Chrome,Tâches diverses,2021-07-30,16:09:31,00:01:20
stefano.crapanzano@chu.ulg.ac.be,Validation données NP.xlsx - Google Chrome,Tâches diverses,2021-07-30,16:05:33,00:03:57
stefano.crapanzano@chu.ulg.ac.be,Validation données NP.xlsx - Google Chrome,Tâches diverses,2021-07-30,16:13:07,00:00:03
stefano.crapanzano@chu.ulg.ac.be,Boîte de réception (62 469) - s.crapanzano@gmail.com - Gmail - Google Chrome,Tâches diverses,2021-07-30,16:13:04,00:00:02
stefano.crapanzano@chu.ulg.ac.be,Boîte de réception (62 469) - s.crapanzano@gmail.com - Gmail - Google Chrome,Tâches diverses,2021-07-30,16:43:58,00:00:07
stefano.crapanzano@chu.ulg.ac.be,Service MT - Google Chrome,Tâches diverses,2021-07-30,16:21:32,00:01:06
stefano.crapanzano@chu.ulg.ac.be,Service MT - Google Chrome,Tâches diverses,2021-07-30,16:39:07,00:02:10
stefano.crapanzano@chu.ulg.ac.be,Service MT - Google Chrome,Tâches diverses,2021-07-30,16:41:38,00:01:15
stefano.crapanzano@chu.ulg.ac.be,Service MT - Google Chrome,Tâches diverses,2021-07-30,16:43:56,00:00:02
stefano.crapanzano@chu.ulg.ac.be,fixedheader datatable not working - Recherche Google - Google Chrome,Tâches diverses,2021-07-30,16:54:43,00:00:02
stefano.crapanzano@chu.ulg.ac.be,Fixed Header not working — DataTables forums - Google Chrome,Tâches diverses,2021-07-30,16:54:46,00:00:22
stefano.crapanzano@chu.ulg.ac.be,Fixed Header not working — DataTables forums - Google Chrome,Tâches diverses,2021-07-30,16:56:16,00:00:27
stefano.crapanzano@chu.ulg.ac.be,Fixed Header not working — DataTables forums - Google Chrome,Tâches diverses,2021-07-30,16:57:23,00:00:03
stefano.crapanzano@chu.ulg.ac.be,DataTables examples - Examples index - Google Chrome,Tâches diverses,2021-07-30,16:55:08,00:00:06
stefano.crapanzano@chu.ulg.ac.be,DataTables examples - Examples index - Google Chrome,Tâches diverses,2021-07-30,16:57:27,00:00:03
stefano.crapanzano@chu.ulg.ac.be,DataTables example - Show / hide FixedHeader - Google Chrome,Tâches diverses,2021-07-30,16:55:14,00:00:22
stefano.crapanzano@chu.ulg.ac.be,DataTables example - Show / hide FixedHeader - Google Chrome,Tâches diverses,2021-07-30,16:56:12,00:00:02
stefano.crapanzano@chu.ulg.ac.be,DataTables example - Show / hide FixedHeader - Google Chrome,Tâches diverses,2021-07-30,16:57:30,00:00:23
stefano.crapanzano@chu.ulg.ac.be,DataTables example - Show / hide FixedHeader - Google Chrome,Tâches diverses,2021-07-30,16:58:33,00:00:29
stefano.crapanzano@chu.ulg.ac.be,datatable fixedheader shown at bottom - Recherche Google - Google Chrome,Tâches diverses,2021-07-30,17:00:12,00:00:02
stefano.crapanzano@chu.ulg.ac.be,datatable fixedheader shown at bottom - Recherche Google - Google Chrome,Tâches diverses,2021-07-30,17:01:11,00:00:09
stefano.crapanzano@chu.ulg.ac.be,FixedHeader snaps to bottom in datatables 1.10.11 — DataTables forums - Google Chrome,Tâches diverses,2021-07-30,17:00:15,00:00:56
stefano.crapanzano@chu.ulg.ac.be,FixedHeader Floating to Bottom After Upgrade to 1.10.13 — DataTables forums - Google Chrome,Tâches diverses,2021-07-30,17:01:21,00:00:30
stefano.crapanzano@chu.ulg.ac.be,Download - Google Chrome,Tâches diverses,2021-07-30,17:01:51,00:00:40
stefano.crapanzano@chu.ulg.ac.be,Download - Google Chrome,Tâches diverses,2021-07-30,17:02:39,00:00:03
stefano.crapanzano@chu.ulg.ac.be,Download - Google Chrome,Tâches diverses,2021-07-30,17:03:24,00:00:07
stefano.crapanzano@chu.ulg.ac.be,Download - Google Chrome,Tâches diverses,2021-07-30,17:07:53,00:00:02
